# BEAST v10.5.0-beta5 Prerelease #fb0d1ded5
# Generated Tue Jul 08 11:47:57 CEST 2025 [seed=1751968056805]
# A1_RRW_pols.xml
state	joint	prior	likelihood	Current Tree	location.precision.col11	location.precision.col12	location.precision.col21	location.precision.col22	correlation	location.varCovar.location.precision.col11	location.varCovar.location.precision.col12	location.varCovar.location.precision.col21	location.varCovar.location.precision.col22	location.diffusionRate	location.traitLikelihood
0	-920371.2654056544	-1648.3910669039694	-918722.8743387505	217.0	0.05	0.002	0.002	0.05	-0.04	20.03205128205128	-0.8012820512820512	-0.8012820512820512	20.03205128205128	4949.30042312638	-918722.8743387505
10000	-3707.2030327904395	-1129.7863388208846	-2577.4166939695547	799.0	2.2597347140378824E-4	3.193962822560665E-5	3.193962822560665E-5	9.83026501893833E-5	-0.2142981958881373	4638.306490092006	-1507.0375478641665	-1507.0375478641665	10662.319042076142	5033.190791048051	-2577.4166939695547
20000	-4081.036994694825	-1030.7414528588085	-3050.2955418360166	757.0	2.887920619756401E-4	3.139902033433524E-5	3.139902033433524E-5	9.465346142472638E-5	-0.1899132307861037	3592.261268386289	-1191.6466964285878	-1191.6466964285878	10960.1542641683	5035.079911374112	-3050.2955418360166
30000	-3647.013105537893	-1025.5761526575388	-2621.436952880354	25.0	1.8033011205957858E-4	9.628586860145261E-6	9.628586860145261E-6	7.638881349420908E-5	-0.08203771285097018	5582.959923616856	-703.715794267835	-703.715794267835	13179.623332234192	4923.099627304202	-2621.436952880354
40000	-3578.3188342334197	-979.5722224428374	-2598.7466117905824	296.0	1.864970371878382E-4	1.3964339869615358E-5	1.3964339869615358E-5	8.156371969636574E-5	-0.11322333168974046	5431.646595572416	-929.9399217516567	-929.9399217516567	12419.565965072085	4994.547386490868	-2598.7466117905824
50000	-3476.29492789471	-970.0857219300584	-2506.2092059646516	827.0	2.4123475081597884E-4	3.534470951591175E-5	3.534470951591175E-5	9.092644152932236E-5	-0.23864887109350694	4395.688645581831	-1708.6816077628948	-1708.6816077628948	11662.095615383787	4782.972868003942	-2506.2092059646516
60000	-3638.584098705663	-1036.6626452995392	-2601.921453406124	528.0	2.3020095526262043E-4	2.315687045753873E-5	2.315687045753873E-5	7.717767231422192E-5	-0.17373225926432648	4479.226668124991	-1343.9751238080466	-1343.9751238080464	13360.369999785124	4757.6081723945335	-2601.921453406124
70000	-3749.459335571986	-1029.4694407040624	-2719.9898948679233	688.0	1.5575316267015004E-4	5.966315107741088E-6	5.966315107741088E-6	7.242521529369098E-5	-0.05617497039303626	6440.739947797688	-530.58156471817	-530.58156471817	13851.054673949357	5233.8247469848175	-2719.9898948679233
80000	-3514.0297400571453	-1044.001418279073	-2470.028321778072	469.0	2.4925084721096313E-4	3.5859454668713944E-5	3.5859454668713944E-5	1.2410822183286037E-4	-0.2038849093992074	4186.031865506334	-1209.4994006526958	-1209.4994006526956	8406.95300859823	4784.146830295507	-2470.028321778072
90000	-3654.166658938521	-1074.0153449452691	-2580.1513139932517	726.0	2.537905994365384E-4	3.7968973284023864E-5	3.7968973284023864E-5	8.842022640059061E-5	-0.25346341182132537	4210.771834526962	-1808.1686713392812	-1808.1686713392812	12086.084275938383	4757.475211453426	-2580.1513139932517
100000	-3595.9562844560874	-945.6509964752872	-2650.3052879808	301.0	1.6751345598813722E-4	7.788700744308243E-6	7.788700744308243E-6	6.98709891329115E-5	-0.07199324060510348	6000.771845401751	-668.9216328367298	-668.9216328367299	14386.658080758052	5033.53991002507	-2650.3052879808
110000	-3748.5503729361008	-969.7914546966886	-2778.758918239412	481.0	1.694577968691291E-4	9.361125203284944E-6	9.361125203284944E-6	4.961070736781162E-5	-0.10209619723503564	5963.333931958789	-1125.2311956003896	-1125.2311956003894	20369.260664086214	5232.116183898611	-2778.758918239412
120000	-3687.853135032862	-1104.1868233809057	-2583.6663116519567	347.0	2.4309660369703368E-4	8.9355042354647E-6	8.9355042354647E-6	8.441755290915885E-5	-0.062375385107067735	4129.658209877268	-437.1197358100199	-437.11973581001996	11892.14624985673	5148.972380633724	-2583.6663116519567
130000	-3866.9567787705423	-1090.3405425826586	-2776.6162361878837	379.0	3.059696869010617E-4	2.296329379884244E-5	2.296329379884244E-5	1.1020920763078777E-4	-0.12505067528680558	3320.218101273745	-691.8037555555813	-691.8037555555812	9217.796903987266	4582.684002488472	-2776.6162361878837
140000	-3620.312968005085	-969.1414458512144	-2651.1715221538707	142.0	2.011114033894365E-4	1.2680513674836908E-5	1.2680513674836908E-5	6.326232303175559E-5	-0.11242060825279339	5036.0156094081685	-1009.4359761296964	-1009.4359761296965	16009.531711170213	4773.005295431111	-2651.1715221538707
150000	-3451.3811947962936	-937.3068877215045	-2514.074307074789	621.0	2.414702881157293E-4	1.3913345232010321E-5	1.3913345232010321E-5	7.132900699787179E-5	-0.10601483023601568	4188.369949499873	-816.9781063755461	-816.9781063755462	14178.900576467759	4737.275387590832	-2514.074307074789
160000	-3479.16478352017	-971.0956348723284	-2508.0691486478418	895.0	2.7495730359752276E-4	3.871588902241706E-5	3.871588902241706E-5	1.0740382535765302E-4	-0.22529249847807836	3831.397432439328	-1381.1049774171292	-1381.1049774171295	9808.502662972653	4586.176689688298	-2508.0691486478418
170000	-3720.993055723023	-946.9921190503509	-2774.000936672672	175.0	1.5049232589112738E-4	3.4147642247217577E-7	3.4147642247217577E-7	3.975181278521193E-5	-0.004414942751367839	6644.986620931684	-57.08183098345024	-57.08183098345024	25156.575814611646	5526.5183558938	-2774.000936672672
180000	-3774.9730440038225	-995.5785187745382	-2779.394525229284	241.0	2.0033484424962538E-4	2.014923128551792E-5	2.014923128551792E-5	8.889437222876825E-5	-0.15098823277238121	5108.094393748284	-1157.8255494399339	-1157.8255494399339	11511.74443473683	5189.120464324396	-2779.394525229284
190000	-3518.7966233081715	-974.1963357207273	-2544.600287587444	637.0	2.0755201642385276E-4	1.7893074588722985E-5	1.7893074588722985E-5	9.765127574574897E-5	-0.12568473480301004	4895.400244110654	-897.0058101195657	-897.0058101195656	10404.883951669406	4469.371170659147	-2544.600287587444
200000	-3532.3286794793767	-946.9745245770811	-2585.3541549022957	971.0	2.0217623146459257E-4	1.3622621448373726E-5	1.3622621448373726E-5	7.030163681009576E-5	-0.11426492042666475	5011.61383493559	-971.1198944511041	-971.1198944511041	14412.597553597583	5148.707920834218	-2585.3541549022957
210000	-3606.108187749861	-962.5696785387739	-2643.538509211087	71.0	2.2234045102138817E-4	9.091510749190391E-6	9.091510749190391E-6	7.750567754559264E-5	-0.0692564229582579	4519.283667622133	-530.1175003425748	-530.1175003425748	12964.464033768549	5115.310121458369	-2643.538509211087
220000	-3482.0810738172595	-919.1635057233381	-2562.9175680939215	616.0	2.1261065511711164E-4	1.564209225042398E-5	1.564209225042398E-5	8.015522698491778E-5	-0.1198219562836113	4771.945391714931	-931.2332188297042	-931.2332188297042	12657.520589474432	4726.1350332233915	-2562.9175680939215
230000	-3546.008816815113	-958.6115857284491	-2587.397231086664	838.0	1.7571503450766678E-4	-4.505121360742697E-6	-4.505121360742697E-6	9.285465923180475E-5	0.03526957150095961	5698.120794272826	276.4613635841966	276.4613635841966	10782.93216816367	4639.228173259859	-2587.397231086664
240000	-3576.266716296424	-1023.4184320832951	-2552.848284213129	124.0	2.0609151640901542E-4	2.8654353638852523E-5	2.8654353638852523E-5	9.075155796955129E-5	-0.2095238734826909	5075.007427755611	-1602.4083862395385	-1602.4083862395382	11525.047062267446	4758.635702624843	-2552.848284213129
250000	-3698.6937798256595	-942.172127066465	-2756.5216527591942	950.0	1.2130292995434979E-4	-2.3483600497344153E-6	-2.3483600497344153E-6	5.7366061151661296E-5	0.028151498829458624	8250.362425938787	337.7401398656682	337.74013986566825	17445.735603248224	5162.418388474355	-2756.5216527591942
260000	-3862.604144695412	-920.559767951405	-2942.044376744007	766.0	1.290065110981592E-4	1.5352260975280362E-5	1.5352260975280362E-5	7.88731890590217E-5	-0.15219550601221288	7935.357159576006	-1544.5764967701105	-1544.5764967701102	12979.223405162978	4967.637564330523	-2942.044376744007
270000	-3484.4337070098354	-917.5410877686347	-2566.8926192412005	898.0	2.0389468583619581E-4	8.73805162735913E-6	8.73805162735913E-6	8.391988934628997E-5	-0.06680042132495924	4926.476104611415	-512.9630517672834	-512.9630517672836	11969.537918291806	5016.3707280813105	-2566.8926192412005
280000	-3674.333255434295	-1006.269299000393	-2668.063956433902	717.0	1.7056172082316327E-4	1.925350849314208E-5	1.925350849314208E-5	7.510288984611503E-5	-0.17011428032400724	6037.704584764198	-1547.8365311911318	-1547.8365311911318	13711.872950685854	4887.332865551712	-2668.063956433902
290000	-3499.4586057256547	-979.2457734267299	-2520.2128322989247	676.0	2.387378967171636E-4	8.856650448631542E-7	8.856650448631542E-7	1.005629511311658E-4	-0.005715968382586393	4188.830877348384	-36.89133070559994	-36.89133070559993	9944.34493134262	4846.063439744332	-2520.2128322989247
300000	-3686.940151680373	-967.5399134588225	-2719.400238221551	907.0	1.475084512919405E-4	1.8932363787951238E-5	1.8932363787951238E-5	6.86169187302563E-5	-0.18818317137336313	7028.160160724236	-1939.1672984602424	-1939.1672984602424	15108.70846322358	5417.438043241689	-2719.400238221551
310000	-3592.974800463069	-1040.2272736686646	-2552.7475267944046	56.0	2.1927118552698827E-4	9.505417484028096E-6	9.505417484028096E-6	8.522696229454589E-5	-0.06953315076632131	4582.71954917662	-511.11363533753996	-511.11363533753996	11790.380900974205	4690.430004025826	-2552.7475267944046
320000	-4282.1383141426395	-1069.5536819521903	-3212.5846321904487	784.0	2.3699250412188418E-4	2.5458412150540963E-5	2.5458412150540963E-5	1.0260525229750935E-4	-0.16325978184785547	4335.08914916786	-1075.622190848922	-1075.6221908489217	10012.9731183151	4656.808817331213	-3212.5846321904487
330000	-3313.55153100715	-928.8969525484167	-2384.6545784587333	4.0	2.6640839484235465E-4	1.2148615323830472E-5	1.2148615323830472E-5	1.3152177455223583E-4	-0.06490138993584679	3769.513376667687	-348.18848914619156	-348.1884891461916	7635.4657731292855	4418.821415185392	-2384.6545784587333
340000	-3413.7176686738926	-935.4541977732306	-2478.263470900662	583.0	2.4308946145041053E-4	2.5606746481787352E-5	2.5606746481787352E-5	1.0863515741403891E-4	-0.15757457231675245	4218.455023568502	-994.3457615810607	-994.3457615810605	9439.503603089783	4531.852003069834	-2478.263470900662
350000	-3565.452831244841	-984.4033742391833	-2581.0494570056576	931.0	1.9283663253335517E-4	8.864230894106984E-6	8.864230894106984E-6	8.703861380517998E-5	-0.06842114027391206	5210.127652176145	-530.6124773544165	-530.6124773544163	11543.19247045235	5177.550939317516	-2581.0494570056576
360000	-3644.4783062720303	-951.7274272015065	-2692.7508790705238	951.0	1.7693580032089322E-4	9.98516655181883E-6	9.98516655181883E-6	5.516994504108872E-5	-0.10106392950451583	5710.089855677304	-1033.464836557754	-1033.464836557754	18312.85707763576	5449.963775544005	-2692.7508790705238
370000	-3626.9624038614193	-980.3128659632869	-2646.6495378981326	65.0	2.4083846979400093E-4	1.0860091306404518E-5	1.0860091306404518E-5	5.256224490759366E-5	-0.09652361845861422	4191.209274183207	-865.9621650844523	-865.9621650844523	19203.98243939692	4855.467625737088	-2646.6495378981326
380000	-3558.791548432551	-919.0963541569653	-2639.6951942755854	660.0	1.7827252931290047E-4	1.5052422046480271E-5	1.5052422046480271E-5	7.376186930478972E-5	-0.13126478044805207	5707.736014414336	-1164.7651046349079	-1164.7651046349079	13794.831198426584	4885.156067352281	-2639.6951942755854
390000	-3587.726245638692	-936.1465764475596	-2651.5796691911323	223.0	1.7828581028699476E-4	7.650123231681977E-6	7.650123231681977E-6	6.407898864802817E-5	-0.07157349373838984	5637.852733409977	-673.0797267972895	-673.0797267972894	15686.09561514477	4947.223726171117	-2651.5796691911323
400000	-3594.7646964937762	-1007.8579781873568	-2586.9067183064194	137.0	2.0389411317776605E-4	2.600625450579272E-5	2.600625450579272E-5	9.685740620279743E-5	-0.18505850421308317	5078.425545476959	-1363.5594055437193	-1363.5594055437193	10690.571981313611	4608.6495908812	-2586.9067183064194
410000	-3648.9083444347702	-1007.4377872152073	-2641.470557219563	935.0	1.9186532937204406E-4	2.1052616740174987E-5	2.1052616740174987E-5	8.117145936029665E-5	-0.1686965323214224	5364.659337224019	-1391.377189202302	-1391.377189202302	12680.468465357604	4951.424502477295	-2641.470557219563
420000	-3633.946028227353	-1082.2780610177765	-2551.6679672095765	65.0	2.2051657995116183E-4	2.7654690313966878E-5	2.7654690313966878E-5	9.540217580140283E-5	-0.190664147309622	4705.878343323589	-1364.1157253135075	-1364.1157253135077	10877.364056100472	4606.672413194646	-2551.6679672095765
430000	-3722.212508574006	-981.5010183838067	-2740.711490190199	873.0	1.4617807526032974E-4	1.787237612338942E-5	1.787237612338942E-5	5.979723804428609E-5	-0.1911615809155406	7100.440813645668	-2122.2008409377804	-2122.2008409377804	17357.47010371815	4981.24961174947	-2740.711490190199
440000	-3579.6829783361322	-993.7975017494238	-2585.8854765867086	423.0	2.3162098991373866E-4	3.554527898697862E-5	3.554527898697862E-5	8.755636084000237E-5	-0.24960260831432038	4604.249480391382	-1869.1883803305705	-1869.1883803305702	12180.049652895554	5122.4973244458415	-2585.8854765867086
450000	-3604.57231149875	-1016.1785793149706	-2588.3937321837793	302.0	2.3011016126863072E-4	2.8011440472175115E-5	2.8011440472175115E-5	9.100127326120622E-5	-0.1935725672478027	4514.920230915376	-1389.754393017037	-1389.754393017037	11416.642704205276	4860.606376779653	-2588.3937321837793
460000	-3689.3277252271323	-910.669991725294	-2778.6577335018383	193.0	1.5512065879319992E-4	2.9868754610601913E-5	2.9868754610601913E-5	5.443742591163817E-5	-0.3250375262064313	7208.12905385454	-3954.9599251918876	-3954.959925191886	20539.724440961785	5353.711453357272	-2778.6577335018383
470000	-3728.3787595306144	-1020.3670460540892	-2708.011713476525	931.0	1.6197688934623626E-4	8.107368722578094E-6	8.107368722578094E-6	7.893249661909992E-5	-0.07170104381536627	6205.623596129017	-637.3962664595961	-637.3962664595961	12734.521896667768	5141.121518080863	-2708.011713476525
480000	-3674.9076526532162	-1023.3397392153191	-2651.567913437897	33.0	2.0218001516520277E-4	8.450845619612723E-6	8.450845619612723E-6	7.173281748261109E-5	-0.07017333405636235	4970.563805177452	-585.5822876352521	-585.5822876352522	14009.608165105143	5251.044041792005	-2651.567913437897
490000	-3707.220051420819	-1031.124576757395	-2676.095474663424	74.0	1.9104798916569745E-4	2.166188882249784E-6	2.166188882249784E-6	7.229288620717479E-5	-0.018432205561451264	5236.065901750831	-156.89382922955096	-156.89382922955096	13837.320850655025	5248.3276755739325	-2676.095474663424
500000	-3555.9925797667547	-958.237456408336	-2597.7551233584186	715.0	2.0909764729102224E-4	2.3241807674151525E-5	2.3241807674151525E-5	8.194274878925068E-5	-0.1775579269117009	4938.1383619140415	-1400.6274352735848	-1400.6274352735848	12600.90891177451	4940.94044422716	-2597.7551233584186
510000	-3522.352990119522	-966.0355351671122	-2556.3174549524097	709.0	2.0325461794193928E-4	8.662900243357365E-6	8.662900243357365E-6	8.140703632318846E-5	-0.06734605031333263	4942.35341396745	-525.9387459167459	-525.9387459167459	12339.918025044839	4604.934751713679	-2556.3174549524097
520000	-3606.6265607327014	-1013.5247338656	-2593.1018268671014	387.0	1.7221827219401608E-4	1.4437909759108456E-5	1.4437909759108456E-5	9.61234349155982E-5	-0.11221478153483454	5880.634666816421	-883.2817170997984	-883.2817170997984	10535.960794707464	4825.757760432882	-2593.1018268671014
530000	-3410.174735179449	-981.2879306446216	-2428.886804534827	617.0	2.8782012944226896E-4	4.749024233345998E-5	4.749024233345998E-5	1.2108763131145328E-4	-0.2543864131296874	3714.7849827454397	-1456.92864858768	-1456.92864858768	8829.885290545428	4671.949368493435	-2428.886804534827
540000	-3478.0847616793953	-885.1432515270698	-2592.9415101523255	115.0	1.4263321906500878E-4	2.7699162019527796E-5	2.7699162019527796E-5	1.0053604657515435E-4	-0.2313105211225759	7407.314577871577	-2040.8242974692475	-2040.8242974692478	10508.958317544302	4637.7269717265945	-2592.9415101523255
550000	-3505.6157573004284	-958.6477544155424	-2546.968002884886	279.0	1.799774334186488E-4	-1.7500790959141847E-6	-1.7500790959141847E-6	9.507816257094058E-5	0.013378525788311283	5557.246805865278	102.2908016183435	102.29080161834348	10519.545076897693	4981.608009109168	-2546.968002884886
560000	-3484.5075174303815	-901.0377820278651	-2583.4697354025166	180.0	1.9115096063324744E-4	6.286681039259325E-6	6.286681039259325E-6	8.640695004627875E-5	-0.048916890919679906	5244.015507010627	-381.53705043226887	-381.5370504322688	11600.902487633834	4719.125661770662	-2583.4697354025166
570000	-3340.8899374556368	-950.0380466121821	-2390.851890843455	280.0	2.8016426973387517E-4	4.29609423771127E-5	4.29609423771127E-5	1.1490720673620078E-4	-0.23943839451690194	3786.412363546299	-1415.6452670522724	-1415.6452670522726	9231.948847034859	4402.022699683299	-2390.851890843455
580000	-3449.442481624947	-937.4135154658543	-2512.0289661590928	743.0	2.4311654990878318E-4	2.6637072996403077E-5	2.6637072996403077E-5	9.33515607958812E-5	-0.17681473199012301	4245.99804601034	-1211.559388294153	-1211.559388294153	11057.901839719578	4855.478434483574	-2512.0289661590928
590000	-3511.8019277387734	-1020.3522731084599	-2491.4496546303135	842.0	2.5331889149815746E-4	2.4394107716324064E-5	2.4394107716324064E-5	9.238227076468488E-5	-0.1594618620952394	4050.5922688647947	-1069.5838422643512	-1069.583842264351	11107.017991292783	5059.340028663998	-2491.4496546303135
600000	-3650.8537793592805	-943.3202854147924	-2707.533493944488	557.0	1.5786816359261767E-4	1.2886681619408743E-5	1.2886681619408743E-5	6.747152278365859E-5	-0.12486294225605997	6434.721558432109	-1228.9956504901027	-1228.9956504901024	15055.798857789188	5101.555677728462	-2707.533493944488
610000	-3653.248874946385	-1010.2594474960912	-2642.989427450294	748.0	2.104466637611573E-4	1.8201179296638657E-5	1.8201179296638657E-5	7.561053595050254E-5	-0.14429036997739952	4852.8323964789715	-1168.1873621775771	-1168.1873621775771	13506.879362680587	5190.609476661711	-2642.989427450294
620000	-3531.5521140876062	-941.1396083079229	-2590.412505779683	276.0	2.048479053836117E-4	3.062593886645558E-5	3.062593886645558E-5	8.796819490211662E-5	-0.2281449222741775	5149.713758483046	-1792.861828329413	-1792.8618283294131	11991.925921911079	4807.953075054172	-2590.412505779683
630000	-3443.977454652767	-940.8987619769321	-2503.078692675835	954.0	2.1605013822144145E-4	3.138020567115946E-5	3.138020567115946E-5	1.0463130071207561E-4	-0.20871213435733618	4839.361482979173	-1451.3836454242548	-1451.3836454242548	9992.657170327071	4769.855871394498	-2503.078692675835
640000	-3422.4874035233156	-929.7277280765752	-2492.7596754467404	953.0	2.359970908508086E-4	7.089809497356541E-6	7.089809497356541E-6	9.168745563260737E-5	-0.048197696282106704	4247.206706196176	-328.4188249642862	-328.4188249642862	10932.012672711557	5014.1664868721855	-2492.7596754467404
650000	-3629.115708248568	-941.3313654498189	-2687.784342798749	255.0	1.621514601871014E-4	9.256387990706363E-6	9.256387990706363E-6	7.599795242143619E-5	-0.08338350998048506	6210.252368994477	-756.3954503516595	-756.3954503516595	13250.376591446462	4845.820091016552	-2687.784342798749
660000	-3539.7245285717395	-1018.0110946031483	-2521.7134339685913	846.0	2.0204317511695818E-4	2.172914890045597E-5	2.172914890045597E-5	1.0239155133440263E-4	-0.15107359432515757	5065.037690438302	-1074.883198150907	-1074.883198150907	9994.538452894609	4789.440372919352	-2521.7134339685913
670000	-3665.7368053818977	-941.2563503435041	-2724.4804550383938	862.0	1.374572335234887E-4	4.609636248632793E-5	4.609636248632793E-5	8.914985639022853E-5	-0.41641132525981617	8801.083778308752	-4550.741465489654	-4550.741465489655	13570.101816870387	5320.045996350752	-2724.4804550383938
680000	-3598.707242608887	-1002.3684884272174	-2596.3387541816696	401.0	2.0992444998457147E-4	2.6245688470728117E-5	2.6245688470728117E-5	7.194378653057812E-5	-0.21356486803505498	4991.270125877895	-1820.8566314669133	-1820.8566314669133	14564.00457118003	4959.840645147843	-2596.3387541816696
690000	-3589.1424993162113	-936.8191041095157	-2652.3233952066957	508.0	1.6778682109967323E-4	1.7881022296701815E-5	1.7881022296701815E-5	7.936585175829966E-5	-0.15495178409170413	6106.562561522723	-1375.8005351133106	-1375.8005351133106	12909.843431964782	5156.038016291266	-2652.3233952066957
700000	-3425.6291966124763	-924.6478307143019	-2500.9813658981743	469.0	2.1095535334538545E-4	2.2449603861596595E-5	2.2449603861596595E-5	9.959603913519733E-5	-0.15487894190980783	4856.842983714853	-1094.7644298822372	-1094.764429882237	10287.327053054827	4890.0064511853325	-2500.9813658981743
710000	-3702.293441425807	-976.5741741206481	-2725.719267305159	459.0	1.666488972886456E-4	8.258836877657452E-6	8.258836877657452E-6	5.2124848075856995E-5	-0.08861255626216008	6048.130808601557	-958.2862609073123	-958.2862609073122	19336.54230404896	5320.871102258391	-2725.719267305159
720000	-3659.1572328481707	-1036.2844989638972	-2622.872733884273	222.0	2.1133258127757339E-4	8.19273986524863E-6	8.19273986524863E-6	7.968495475247531E-5	-0.06313319544326927	4750.813833229869	-488.45082493653456	-488.4508249365346	12599.640090960622	4742.939545959503	-2622.872733884273
730000	-3682.166264754809	-1095.9682518282448	-2586.1980129265644	584.0	2.19012340496729E-4	2.9544003322900034E-5	2.9544003322900034E-5	1.0365795275733665E-4	-0.19608019794941806	4748.521262889956	-1353.3966689280664	-1353.3966689280667	10032.850620912974	5097.905073244562	-2586.1980129265644
740000	-3646.0652917572475	-945.8031151842257	-2700.262176573022	507.0	1.4087698427768096E-4	2.3170417043380326E-5	2.3170417043380326E-5	6.184936462025774E-5	-0.2482253926605239	7564.483642903181	-2833.856771205827	-2833.8567712058275	17229.952963510415	5329.615088175476	-2700.262176573022
750000	-3499.2162066684514	-964.3393751385822	-2534.8768315298694	327.0	2.459853245553989E-4	2.6105552668292056E-6	2.6105552668292056E-6	7.725245438779369E-5	-0.018937478368706424	4066.7416178395565	-137.42545571422045	-137.42545571422045	12949.216496418181	4822.339077607545	-2534.8768315298694
760000	-3626.5989680802095	-935.2880130711567	-2691.3109550090526	339.0	1.6169751013597104E-4	6.980913432201041E-6	6.980913432201041E-6	7.559314340998303E-5	-0.06314215262760191	6209.142551699882	-573.4050032358945	-573.4050032358944	13281.666106195942	5386.892016782802	-2691.3109550090526
770000	-3692.483690136828	-1017.9167842208573	-2674.566905915971	517.0	2.1258174793244215E-4	1.7396882971047685E-5	1.7396882971047685E-5	6.993506816194236E-5	-0.1426792947145785	4801.825302110072	-1194.4907615559332	-1194.490761555933	14596.116695347413	5036.838991655455	-2674.566905915971
780000	-3505.2677991040673	-828.1920766088895	-2677.075722495178	42.0	1.4817768776967976E-4	7.630976708310909E-6	7.630976708310909E-6	6.109160967157863E-5	-0.08020435249866599	6792.347763957932	-848.4347991508946	-848.4347991508945	16474.838224128154	4968.464009566886	-2677.075722495178
790000	-3728.622172569603	-1000.8950598401524	-2727.7271127294507	738.0	1.3760961889121865E-4	1.70675034406026E-5	1.70675034406026E-5	7.843650227618803E-5	-0.16428068065739337	7468.494662141993	-1625.1178296221383	-1625.1178296221383	13102.786002996765	5067.48879662475	-2727.7271127294507
800000	-3505.32501677112	-973.3122227797785	-2532.0127939913414	766.0	2.1306178618523308E-4	2.8386722021560526E-5	2.8386722021560526E-5	1.0373552989103637E-4	-0.19094078261801908	4871.065381276574	-1332.9432940901459	-1332.9432940901459	10004.652136543606	4697.150356724894	-2532.0127939913414
810000	-3518.094276903894	-967.2971676140994	-2550.797109289794	770.0	1.959216174790151E-4	1.8020589736112544E-5	1.8020589736112544E-5	7.394644497437347E-5	-0.14971632933235016	5221.113136667183	-1272.3740517115266	-1272.3740517115266	13833.375372288283	4858.985664548366	-2550.797109289794
820000	-3708.6006559678285	-1105.8833499284192	-2602.7173060394093	139.0	2.2401568650217937E-4	1.622207091401878E-5	1.622207091401878E-5	7.501562411834271E-5	-0.12513857836737138	4534.989517755446	-980.6879888822011	-980.6879888822011	13542.629312761592	4936.95559578097	-2602.7173060394093
830000	-3377.2511357211774	-941.9315869862135	-2435.319548734964	564.0	2.6224407811366703E-4	2.6319215869514043E-5	2.6319215869514043E-5	9.674031532353082E-5	-0.16524044348139902	3920.2824701597856	-1066.5539000626995	-1066.5539000626995	10627.11919941569	4615.333251022252	-2435.319548734964
840000	-3533.2341881695156	-1039.0449621210676	-2494.1892260484483	378.0	2.565210614391812E-4	1.5468146624936247E-5	1.5468146624936247E-5	1.163351675186987E-4	-0.08954085896426259	3929.822996478812	-522.5167902028439	-522.5167902028439	8665.327843902562	4589.291150696417	-2494.1892260484483
850000	-3582.7660329034948	-975.94170323032	-2606.824329673175	576.0	2.0477002489509828E-4	1.2031521471647475E-5	1.2031521471647475E-5	8.337230755973018E-5	-0.092082361382484	4925.289591594062	-710.7723080939222	-710.7723080939222	12096.962430405692	4534.762207590748	-2606.824329673175
860000	-3707.606430231939	-1036.4446064765395	-2671.1618237554	994.0	2.6044426587363775E-4	2.8203746614746337E-5	2.8203746614746337E-5	6.657068278362798E-5	-0.2141942946046139	4024.2211044175906	-1704.9263670557013	-1704.9263670557013	15743.94714652077	5295.86622320731	-2671.1618237554
870000	-3539.545688415801	-1023.7784438906025	-2515.7672445251987	54.0	2.763115168572301E-4	3.150300147718209E-5	3.150300147718209E-5	1.0078880076753819E-4	-0.18877579207175293	3752.84094507231	-1173.0048669685164	-1173.0048669685161	10288.376944264925	4838.658776247459	-2515.7672445251987
880000	-3599.113125390317	-1030.271839022572	-2568.841286367745	913.0	2.45607969952216E-4	3.786837049873412E-5	3.786837049873412E-5	8.327260810404821E-5	-0.2647916624637528	4378.527956385558	-1991.1435785018111	-1991.143578501811	12914.226985699543	4648.9068661444135	-2568.841286367745
890000	-3647.1801994393236	-1048.1715586208272	-2599.008640818496	340.0	2.1397370886182694E-4	5.379008801772675E-6	5.379008801772675E-6	7.642105652146767E-5	-0.042064480424181344	4681.755353218698	-329.53225719452627	-329.53225719452627	13108.593397037195	4876.673521843148	-2599.008640818496
900000	-3704.8419587604626	-1034.1334885553078	-2670.7084702051548	477.0	1.8999763248274084E-4	2.103785675950639E-5	2.103785675950639E-5	7.05801298986127E-5	-0.18167123664858134	5442.862083142164	-1622.3567883961077	-1622.3567883961075	14651.870309853546	4939.877638646869	-2670.7084702051548
910000	-3831.8417803629227	-982.9042101144298	-2848.9375702484926	662.0	2.1474595010328215E-4	3.86614618037633E-6	3.86614618037633E-6	1.0481405317002158E-4	-0.02576950177145812	4659.759627683747	-171.87878286529235	-171.87878286529235	9547.04525047475	5087.970159644072	-2848.9375702484926
920000	-3462.9768984408365	-894.7279066714682	-2568.2489917693683	72.0	2.0063042194224268E-4	-6.9760984880844556E-6	-6.9760984880844556E-6	7.844705092363913E-5	0.055606543372839747	4999.748635408575	444.6150427022078	444.61504270220786	12786.990288565472	4753.088692908352	-2568.2489917693683
930000	-3602.528334328542	-958.1783679873281	-2644.3499663412135	943.0	1.5845846445447723E-4	1.7067087413746148E-5	1.7067087413746148E-5	8.396473380617469E-5	-0.14796303590209137	6452.057313202765	-1311.477106771149	-1311.4771067711492	12176.339375796424	4948.747912049625	-2644.3499663412135
940000	-3585.9532808748945	-916.9459382848773	-2669.0073425900173	50.0	2.146745035036211E-4	2.6242638230979138E-5	2.6242638230979138E-5	6.466947389362858E-5	-0.22272429658202866	4901.352056150927	-1988.9509084889428	-1988.9509084889428	16270.355328409714	5251.63137275955	-2669.0073425900173
950000	-3535.683949124983	-979.3544184248748	-2556.329530700108	529.0	2.1941713878441215E-4	2.0803105192680098E-5	2.0803105192680098E-5	7.657713237292376E-5	-0.16048828710419027	4678.018459633422	-1270.840355252882	-1270.8403552528823	13403.967918186994	4854.36564180335	-2556.329530700108
960000	-3503.0402280253797	-893.0128694080554	-2610.0273586173244	926.0	1.7375627749388847E-4	1.086979324101809E-5	1.086979324101809E-5	7.563403327430974E-5	-0.09481835166644986	5807.399289997734	-834.6140859812123	-834.6140859812122	13341.50829813546	4953.723789039814	-2610.0273586173244
970000	-3697.6346089493177	-1008.4355309691229	-2689.199077980195	538.0	1.958103408619011E-4	2.5788379058076717E-6	2.5788379058076717E-6	7.10007357376416E-5	-0.021871310639675963	5109.426697065926	-185.58093949938802	-185.580939499388	14091.101631091477	4984.59953674823	-2689.199077980195
980000	-3592.393453288846	-968.7339032901061	-2623.6595499987397	894.0	2.0501016297112226E-4	1.704743407045278E-5	1.704743407045278E-5	8.064598828298999E-5	-0.13258058772424566	4965.081233591221	-1049.5487349857615	-1049.5487349857617	12621.73276730856	5047.606477169228	-2623.6595499987397
990000	-3396.8006497109973	-964.4549336931539	-2432.3457160178436	146.0	2.840902984859984E-4	2.8131997295918874E-5	2.8131997295918874E-5	9.921506099667556E-5	-0.16756509751122572	3621.6978212785957	-1026.9166020898645	-1026.9166020898645	10370.292622282434	4802.347370627595	-2432.3457160178436
1000000	-3575.650142218132	-907.5851321391821	-2668.06501007895	380.0	2.0421135073479297E-4	-1.6539612218385313E-6	-1.6539612218385313E-6	6.673058822931699E-5	0.01416846845147855	4897.870672742656	121.39692421799394	121.39692421799394	14988.640327400639	4994.117595275405	-2668.06501007895
1010000	-3497.094548015947	-1042.1761373233946	-2454.9184106925527	269.0	2.502860368304975E-4	3.7695901726443566E-5	3.7695901726443566E-5	1.2334197116339085E-4	-0.21454598098105632	4188.211944496747	-1280.0056978181844	-1280.0056978181842	8498.736959583906	4486.836389978935	-2454.9184106925527
1020000	-3520.0029604324063	-1016.0776775613955	-2503.925282871011	880.0	2.527235116785793E-4	2.710408817297351E-5	2.710408817297351E-5	9.970093974845353E-5	-0.17075064455240965	4075.7243514476518	-1108.0015140186872	-1108.0015140186874	10331.210250680988	4713.941431851527	-2503.925282871011
1030000	-3490.7306024240333	-958.2476077249604	-2532.482994699073	340.0	2.484209332434907E-4	2.163009844248822E-5	2.163009844248822E-5	8.013665422473547E-5	-0.15330234508550974	4122.306498935466	-1112.6730488650796	-1112.6730488650796	12779.011520862327	4841.915921230979	-2532.482994699073
1040000	-3606.897585358389	-1037.9733235797628	-2568.9242617786263	65.0	2.61056898534516E-4	2.76280381964871E-5	2.76280381964871E-5	8.279003122286492E-5	-0.18792884192623757	3970.821027122331	-1325.1111684380103	-1325.1111684380105	12520.954596402016	4603.981757550809	-2568.9242617786263
1050000	-3840.9810307741136	-1034.049850345637	-2806.9311804284766	9.0	1.7478656724778525E-4	2.4171249430446454E-5	2.4171249430446454E-5	5.858996762173081E-5	-0.23885450918889284	6067.418650069396	-2503.1092445146783	-2503.109244514678	18100.424372098198	5210.0123158626775	-2806.9311804284766
1060000	-3705.6178209318423	-1016.200761251266	-2689.417059680576	714.0	1.9401521348017548E-4	1.3342895932526795E-5	1.3342895932526795E-5	6.83090860688303E-5	-0.11590254394297655	5224.416657262851	-1020.491588714523	-1020.491588714523	14838.674785472702	5033.220332800409	-2689.417059680576
1070000	-3426.4227505340646	-928.5419431561587	-2497.880807377906	891.0	2.021351452599449E-4	-1.1166696032409584E-6	-1.1166696032409584E-6	1.0350367273719606E-4	0.0077201528446269665	4947.480078371995	53.37685581637136	53.37685581637136	9662.068773652472	4922.359128551508	-2497.880807377906
1080000	-3481.0322932688423	-943.7069378035787	-2537.325355465264	528.0	2.091440225854684E-4	9.023231660411951E-6	9.023231660411951E-6	8.611473666347203E-5	-0.06723580983039562	4803.107307701253	-503.2768095961633	-503.2768095961633	11665.14840738523	4456.049455307627	-2537.325355465264
1090000	-3371.572326692163	-941.2864425862265	-2430.2858841059365	216.0	2.6344341316171294E-4	2.7610851098134858E-5	2.7610851098134858E-5	1.1307369807463993E-4	-0.1599761805160047	3895.5787063822972	-951.2401684429382	-951.240168442938	9076.067804663164	4598.689517265629	-2430.2858841059365
1100000	-3545.2230883698126	-961.9653549499013	-2583.2577334199113	352.0	2.1336693939361042E-4	2.021788347271568E-5	2.021788347271568E-5	8.615077155966412E-5	-0.14912228153952886	4793.353688119633	-1124.9053787382297	-1124.9053787382297	11871.550159673905	4878.310175551272	-2583.2577334199113
1110000	-3482.48669951977	-931.8233584557995	-2550.66334106397	734.0	2.266917918933185E-4	2.5865519537711165E-5	2.5865519537711165E-5	8.848559761294838E-5	-0.18262785330773135	4563.481213275842	-1333.9663817187288	-1333.9663817187286	11691.210337235869	4603.322642506192	-2550.66334106397
1120000	-3543.5190755153017	-935.2576021474326	-2608.261473367869	930.0	1.7745605845012385E-4	1.1560903805765292E-6	1.1560903805765292E-6	7.11777569575643E-5	-0.010286656153846172	5635.7942085926625	-91.53825225691476	-91.53825225691476	14050.819655487956	4660.360265895977	-2608.261473367869
1130000	-3550.70920303153	-915.058733331214	-2635.650469700316	709.0	2.046474449156662E-4	1.7217933409606783E-5	1.7217933409606783E-5	6.273494058029155E-5	-0.15195784116765096	5001.9534427750195	-1372.812351442789	-1372.812351442789	16316.856000539636	4790.825176588784	-2635.650469700316
1140000	-3555.770433059593	-941.9026569277707	-2613.867776131822	911.0	1.566961276128021E-4	1.214276990198171E-6	1.214276990198171E-6	7.165815916233687E-5	-0.011459239855542352	6382.616766989166	-108.15606719466889	-108.15606719466889	13956.977727518966	4912.731760957409	-2613.867776131822
1150000	-3463.957366032201	-927.2549701773258	-2536.7023958548752	439.0	1.982128427062728E-4	4.88947401203111E-6	4.88947401203111E-6	9.153939497682741E-5	-0.03629879668411977	5051.737956716275	-269.83291140615574	-269.83291140615574	10938.671172792745	4740.454783203184	-2536.7023958548752
1160000	-3421.762649918058	-976.3089827892734	-2445.4536671287847	593.0	2.551801225684085E-4	1.9355960850983115E-5	1.9355960850983115E-5	1.1840785869252258E-4	-0.11135277655274148	3968.001531971159	-648.6434528718064	-648.6434528718065	8551.418195217948	4505.225050560707	-2445.4536671287847
1170000	-3406.303424209819	-904.3816807181498	-2501.921743491669	62.0	2.0699375528136776E-4	1.633902242543604E-5	1.633902242543604E-5	8.705873393670765E-5	-0.12171420689504159	4903.7088670161365	-920.319025133485	-920.3190251334851	11659.22208250985	4582.110903828168	-2501.921743491669
1180000	-3385.897365113784	-961.4330823818901	-2424.464282731894	253.0	3.0879202610867236E-4	5.298548902074943E-6	5.298548902074943E-6	1.2236743928914257E-4	-0.027257810782867126	3240.8334933444207	-140.32911735116608	-140.3291173511661	8178.184870944375	4292.227645107256	-2424.464282731894
1190000	-3655.425995123692	-1043.9779760870667	-2611.4480190366253	815.0	2.234302817171858E-4	1.0118522611209454E-5	1.0118522611209454E-5	7.281026021272955E-5	-0.07933225485427615	4504.015567076189	-625.9280384872461	-625.9280384872461	13821.31397512138	4703.312855733871	-2611.4480190366253
1200000	-3644.7057796057265	-944.1061769293124	-2700.599602676414	538.0	1.6275717270956722E-4	1.8865582535095936E-5	1.8865582535095936E-5	7.292638117567621E-5	-0.1731640839986213	6334.054138216745	-1638.5787858914134	-1638.5787858914132	14136.34855734952	4973.660167406391	-2700.599602676414
1210000	-4017.88958447808	-1056.2570252049495	-2961.6325592731305	315.0	2.4661248435873856E-4	4.2136452353332775E-5	4.2136452353332775E-5	8.388722535671258E-5	-0.29295608528081224	4435.624549126916	-2228.008873541837	-2228.008873541837	13039.892368490011	4907.549479680965	-2961.6325592731305
1220000	-3455.1050593497366	-883.6015446434168	-2571.50351470632	236.0	1.8916072772435374E-4	1.5869696785188375E-5	1.5869696785188375E-5	6.589659489790278E-5	-0.14214174870363216	5395.522207590492	-1299.388861668426	-1299.388861668426	15488.219214088878	4744.8947913090005	-2571.50351470632
1230000	-3384.2279865144365	-948.3003509246009	-2435.9276355898355	731.0	2.690516242498791E-4	2.9795368575487153E-5	2.9795368575487153E-5	9.054223119176997E-5	-0.19089974875124735	3857.3304189624805	-1269.3588399318378	-1269.3588399318378	11462.286723332449	4880.485765490564	-2435.9276355898355
1240000	-3586.277229702465	-1013.3680113107087	-2572.909218391756	122.0	2.3753622355099949E-4	3.533648460121764E-5	3.533648460121764E-5	7.284582574234661E-5	-0.26863097172342354	4537.308173464529	-2200.984322282231	-2200.984322282231	14795.28905916866	4859.194597307836	-2572.909218391756
1250000	-3453.3619625683345	-853.6534301370458	-2599.708532431289	605.0	1.9436027977866378E-4	2.0812117665378455E-5	2.0812117665378455E-5	7.370436733610073E-5	-0.1738865149924738	5305.50415948815	-1498.1307191458463	-1498.1307191458461	13990.748582138702	4999.818157377716	-2599.708532431289
1260000	-3449.504860272602	-989.4447052379408	-2460.0601550346614	416.0	2.2839105266407695E-4	1.3258371716877487E-5	1.3258371716877487E-5	9.089035081923089E-5	-0.09202201906650935	4415.848872123824	-644.1494093098416	-644.1494093098416	11096.231483534406	4888.422615184568	-2460.0601550346614
1270000	-3658.176559025236	-1028.4920615969381	-2629.684497428298	520.0	1.6843826916940001E-4	2.264763707730184E-5	2.264763707730184E-5	8.250685280658731E-5	-0.19211333056868432	6164.406126873687	-1692.0925718231347	-1692.0925718231344	12584.674643958173	5082.397908627904	-2629.684497428298
1280000	-3415.220193686653	-935.9269242840633	-2479.29326940259	339.0	2.3994822665579206E-4	1.2834497676407896E-5	1.2834497676407896E-5	9.638616619491198E-5	-0.08439422904872108	4197.4616450127905	-558.921615585243	-558.9216155852429	10449.357184098577	5068.906895893768	-2479.29326940259
1290000	-3612.203168752122	-1031.0235651829732	-2581.1796035691486	316.0	2.525005115228138E-4	3.0272839127253767E-5	3.0272839127253767E-5	9.671002025363155E-5	-0.19372527442150722	4114.814887568839	-1288.0478031450177	-1288.047803145018	10743.383790097041	5102.799020558784	-2581.1796035691486
1300000	-3737.6693703377427	-1020.081008051408	-2717.588362286335	154.0	1.8884959916806558E-4	9.726127148473197E-6	9.726127148473197E-6	6.942171015213115E-5	-0.08494430259278989	5333.704605773652	-747.2631984212092	-747.263198421209	14509.408867541384	4994.885942008691	-2717.588362286335
1310000	-3548.7378096888197	-1105.4135624237726	-2443.3242472650472	191.0	3.28021629707587E-4	5.023396478464593E-5	5.023396478464593E-5	1.2640240531267225E-4	-0.2466996575866752	3246.141993973901	-1290.0591741737792	-1290.0591741737792	8423.928203673233	4811.5669611918765	-2443.3242472650472
1320000	-3376.1258767687436	-868.2805503386903	-2507.8453264300533	809.0	2.213437326820766E-4	2.256199081941348E-5	2.256199081941348E-5	8.843252223709894E-5	-0.1612641372345713	4638.489131516442	-1183.4282971216583	-1183.4282971216583	11609.98773304664	5312.565551415404	-2507.8453264300533
1330000	-3425.4702985859926	-944.669060014062	-2480.8012385719308	359.0	2.7842981603306237E-4	2.407651479394696E-5	2.407651479394696E-5	9.41596096726117E-5	-0.14869741739309308	3672.777878715474	-939.1255044411606	-939.1255044411606	10860.398345496735	5040.144957662855	-2480.8012385719308
1340000	-3645.1301937028684	-1015.6844315270544	-2629.4457621758143	612.0	2.2541742033320002E-4	3.017640671383265E-5	3.017640671383265E-5	7.945678307304635E-5	-0.22548014100838942	4673.838363254205	-1775.0485472664052	-1775.048547266405	13259.592776749392	4911.202663372449	-2629.4457621758143
1350000	-3657.671595096763	-967.3477643629077	-2690.3238307338556	500.0	1.7613739661093147E-4	1.488739360337728E-5	1.488739360337728E-5	6.692034572137825E-5	-0.13712410192552188	5786.183784613767	-1287.2198213331378	-1287.2198213331378	15229.49914780066	5052.6868991891515	-2690.3238307338556
1360000	-3674.887523297467	-1033.7607306815205	-2641.126792615946	459.0	1.6560699630965161E-4	1.5985073004009607E-5	1.5985073004009607E-5	6.676701863313714E-5	-0.1520177470704713	6181.236878753456	-1479.8852005788274	-1479.8852005788272	15331.762506776888	5184.321526719746	-2641.126792615946
1370000	-3493.6297507676727	-1006.6931234446122	-2486.9366273230607	807.0	2.279042541825756E-4	4.303311589048772E-5	4.303311589048772E-5	1.2270961344458615E-4	-0.2573281413020395	4698.962336575733	-1647.8822246980344	-1647.8822246980346	8727.217670137263	4803.438892724387	-2486.9366273230607
1380000	-3379.0871299532655	-891.7607451039123	-2487.3263848493534	13.0	2.275512232775492E-4	1.1718939841803324E-5	1.1718939841803324E-5	1.0215725927296253E-4	-0.076862431871671	4420.731863637083	-507.1229507859104	-507.12295078591035	9847.004026065291	4757.0944908730025	-2487.3263848493534
1390000	-3536.164074601618	-929.4268771235002	-2606.7371974781177	833.0	1.909320436771869E-4	1.2117298990606571E-5	1.2117298990606571E-5	8.419792125179335E-5	-0.09556871108971247	5285.742228610341	-760.6947774851676	-760.6947774851676	11986.25276081724	4760.0056336063935	-2606.7371974781177
1400000	-3483.955835133511	-971.1768993991443	-2512.7789357343663	630.0	2.2961097690844416E-4	1.5303382593055546E-5	1.5303382593055546E-5	9.627370390167869E-5	-0.10292888602304806	4401.827000624008	-699.7013719113467	-699.7013719113468	10498.274781527563	4687.363193487612	-2512.7789357343663
1410000	-3499.108045436018	-902.2028247654663	-2596.905220670552	47.0	1.8614484552034207E-4	1.790587838809272E-5	1.790587838809272E-5	7.789886263013919E-5	-0.1486978074081842	5493.630444268441	-1262.7691255422214	-1262.7691255422212	13127.418756413876	4902.6735452742505	-2596.905220670552
1420000	-3532.2312922432016	-848.7511574002941	-2683.4801348429073	310.0	1.5688087934668087E-4	1.2465112553655588E-5	1.2465112553655588E-5	5.7042655724375745E-5	-0.1317684169757325	6486.894500437081	-1417.5334062695858	-1417.5334062695858	17840.503751701057	5264.213296192484	-2683.4801348429073
1430000	-3432.246427098492	-857.8566165046791	-2574.389810593813	770.0	2.1011030194978297E-4	8.316705699862074E-6	8.316705699862074E-6	6.737531674416972E-5	-0.0699000119748632	4782.773584521145	-590.378231282732	-590.3782312827321	14915.106162942719	4907.541813010767	-2574.389810593813
1440000	-3594.851680570503	-899.2438266973631	-2695.60785387314	594.0	1.6574212232025676E-4	1.5613100344570206E-5	1.5613100344570206E-5	6.116638236114472E-5	-0.15506590047174143	6182.121039638123	-1578.0249282073496	-1578.0249282073498	16751.650530851482	4917.12263094615	-2695.60785387314
1450000	-3404.9144932566933	-885.2701556285197	-2519.6443376281736	937.0	2.320975588675355E-4	8.077975869655835E-6	8.077975869655835E-6	8.445938742035643E-5	-0.05769568070086167	4322.923146324614	-413.4587039873602	-413.4587039873601	11879.554660280235	4911.081472315798	-2519.6443376281736
1460000	-3629.984815494555	-1012.0447253572764	-2617.9400901372783	896.0	2.0628321204185966E-4	1.1614972331176176E-5	1.1614972331176176E-5	7.65098612636218E-5	-0.0924543883426129	4889.498757531576	-742.2754641570916	-742.2754641570915	13182.89554209224	4865.012770922193	-2617.9400901372783
1470000	-3663.5556040701777	-1009.8139248651295	-2653.741679205048	672.0	1.736757115078765E-4	-3.3162038452977554E-6	-3.3162038452977554E-6	8.823871021796985E-5	0.02678811159501957	5761.992333632648	216.54828233739798	216.54828233739795	11341.032929590388	4805.465173423126	-2653.741679205048
1480000	-3651.6298310810316	-892.2436885856513	-2759.38614249538	986.0	1.3887676104933167E-4	1.900363208806464E-5	1.900363208806464E-5	6.710366245591965E-5	-0.19685602535500998	7490.9190654434715	-2121.414311993319	-2121.414311993319	15503.096835807697	5085.40898117771	-2759.38614249538
1490000	-3574.506655494947	-1069.1879256266616	-2505.3187298682856	374.0	2.480136120881261E-4	3.162561885540681E-5	3.162561885540681E-5	1.0712540455519886E-4	-0.1940238135211125	4189.761327917461	-1236.9035655175994	-1236.9035655175992	9700.013223180162	4686.181576924532	-2505.3187298682856
1500000	-3537.4738050177184	-961.5279095714989	-2575.9458954462193	818.0	2.0937835934566732E-4	1.621499654519959E-5	1.621499654519959E-5	8.222408730102966E-5	-0.12358092271418458	4850.114913733391	-956.4666407555623	-956.4666407555623	12350.506239827038	4621.075888695579	-2575.9458954462193
1510000	-3581.604443079029	-1041.7934014549521	-2539.811041624077	39.0	2.714940786304533E-4	3.856717873056319E-5	3.856717873056319E-5	9.402592362211943E-5	-0.2413870045201496	3911.2192817228984	-1604.2883417860523	-1604.2883417860526	11293.40541743126	4822.81028585316	-2539.811041624077
1520000	-3554.1951529630537	-1014.4896034473883	-2539.7055495156656	149.0	1.905136565189362E-4	4.873358365830778E-6	4.873358365830778E-6	9.793991494895305E-5	-0.0356767619985631	5255.657110394911	-261.5144250455043	-261.51442504550437	10223.354329365631	5249.429795233295	-2539.7055495156656
1530000	-3687.38862202831	-1047.3077678212444	-2640.0808542070654	292.0	1.7079613458456715E-4	1.4785225931875229E-5	1.4785225931875229E-5	8.051415043502743E-5	-0.1260819273865504	5949.510745511554	-1092.539138539291	-1092.539138539291	12620.805566628016	4913.943015581288	-2640.0808542070654
1540000	-3614.1141452672164	-1030.0272272015611	-2584.086918065655	451.0	2.263723601912322E-4	1.450015104165361E-5	1.450015104165361E-5	7.828213208329534E-5	-0.10892548538898952	4470.542354916191	-828.0758029868136	-828.0758029868135	12927.691125484815	4788.877638353875	-2584.086918065655
1550000	-3404.9208864119373	-909.1272255810961	-2495.7936608308414	914.0	2.0967902440807162E-4	6.79229900737049E-6	6.79229900737049E-6	1.0206947687834468E-4	-0.04642921681132501	4779.497290986715	-318.05565873519834	-318.05565873519834	9818.413494267026	4698.945860512422	-2495.7936608308414
1560000	-3584.9237816147993	-966.2645982556392	-2618.65918335916	221.0	2.1525969993418736E-4	1.5470229630507313E-5	1.5470229630507313E-5	6.934678384029166E-5	-0.12661997772142444	4721.245324526975	-1053.2391737243706	-1053.2391737243709	14655.241318961902	4770.603652322148	-2618.65918335916
1570000	-3705.8121822180933	-925.0772133749332	-2780.73496884316	869.0	1.551363055160288E-4	9.270692198062013E-6	9.270692198062013E-6	5.5834507157524304E-5	-0.09961026515094312	6510.5433466814275	-1081.0025283995055	-1081.0025283995055	18089.559541675066	5274.079808926053	-2780.73496884316
1580000	-3693.3293078666243	-964.2590669479476	-2729.0702409186765	731.0	1.6372864508912426E-4	2.159114267184849E-5	2.159114267184849E-5	6.360487954678196E-5	-0.21157681541443293	6393.887508323021	-2170.451990533434	-2170.4519905334337	16458.840045755107	5207.480184306842	-2729.0702409186765
1590000	-3585.540755304239	-979.6966106108108	-2605.8441446934285	941.0	2.2716184359953647E-4	1.9872016917511224E-5	1.9872016917511224E-5	8.692311218375558E-5	-0.1414186288706807	4491.983970024194	-1026.9395469504607	-1026.9395469504605	11739.194955343042	5152.114272533566	-2605.8441446934285
1600000	-3537.5160382735726	-1017.6003488910943	-2519.9156893824784	965.0	2.591322536622487E-4	3.823249622960026E-5	3.823249622960026E-5	1.149819453752402E-4	-0.22149151423904984	4058.118484130914	-1349.3596680546004	-1349.3596680546004	9145.69139519636	4830.976327194452	-2519.9156893824784
1610000	-3684.00545274694	-937.8911052778369	-2746.1143474691034	972.0	2.1785361961200618E-4	1.6908031732208385E-5	1.6908031732208385E-5	5.402490053586939E-5	-0.1558524652204587	4704.5106909541055	-1472.358398778597	-1472.358398778597	18970.783330684	5100.792325735727	-2746.1143474691034
1620000	-3809.2610624479075	-1065.5387893130562	-2743.7222731348515	934.0	1.7933121244266464E-4	1.7906426773974366E-5	1.7906426773974366E-5	7.06289243331321E-5	-0.15910714858721936	5721.104368240227	-1450.461512806895	-1450.4615128068951	14526.238259390566	5264.810729027006	-2743.7222731348515
1630000	-3373.77588274537	-921.4372458285131	-2452.3386369168566	330.0	2.628968283764214E-4	1.979693419483552E-5	1.979693419483552E-5	1.0195497373582292E-4	-0.12092081275103765	3860.217028969908	-749.5510979024425	-749.5510979024424	9953.794077672028	4509.642932990953	-2452.3386369168566
1640000	-3580.520758896715	-1045.128007682966	-2535.3927512137493	31.0	2.064876938509792E-4	3.313580653095362E-5	3.313580653095362E-5	1.0744247858835641E-4	-0.2224653871001442	5095.062590365784	-1571.3432012704525	-1571.3432012704525	9791.915992014727	4512.965587972329	-2535.3927512137493
1650000	-3504.962556992774	-996.7731467391062	-2508.1894102536676	634.0	2.1632514522027568E-4	8.393871967905418E-6	8.393871967905418E-6	1.0178037017172005E-4	-0.056568781701541185	4637.511275394731	-382.45759796025004	-382.45759796025004	9856.61870179733	4963.392835659812	-2508.1894102536676
1660000	-3404.3022982536736	-893.707605128721	-2510.5946931249528	186.0	2.558340932731192E-4	1.9992878614886884E-5	1.9992878614886884E-5	9.049248068989726E-5	-0.13139833815873522	3977.4560372030282	-878.7558385138514	-878.7558385138514	11244.78908141076	4798.80400008983	-2510.5946931249528
1670000	-3606.0065763103767	-1019.3532701857828	-2586.6533061245937	979.0	2.3431974062346054E-4	8.521838421097308E-6	8.521838421097308E-6	7.900694258006728E-5	-0.06263199258370371	4284.479884291492	-462.1321126984774	-462.1321126984774	12706.961975856802	4898.275853465167	-2586.6533061245937
1680000	-3698.747510628132	-1067.8757104875258	-2630.8718001406064	886.0	2.1478061513403252E-4	4.9236375590765906E-6	4.9236375590765906E-6	6.446007407806094E-5	-0.041844957865385696	4664.080467663962	-356.25528045990404	-356.2552804599041	15540.690671040355	5117.888556870688	-2630.8718001406064
1690000	-3562.655777072093	-904.5591325197702	-2658.0966445523227	967.0	1.7409690001571424E-4	1.9880896841053617E-5	1.9880896841053617E-5	5.577996149166971E-5	-0.20174433462266128	5987.628804817352	-2134.0895082703223	-2134.0895082703223	18688.209627379812	5082.714208684379	-2658.0966445523227
1700000	-3496.420511724124	-887.1789854271924	-2609.2415262969316	596.0	1.993436394974789E-4	1.6993830272484602E-5	1.6993830272484602E-5	6.83640466402634E-5	-0.14557144866527671	5125.068609076376	-1273.9817251570921	-1273.9817251570921	14944.256219699262	5005.220393802267	-2609.2415262969316
1710000	-3648.895353288585	-956.8188222847789	-2692.076531003806	680.0	1.5814307797441503E-4	1.5330511070749357E-5	1.5330511070749357E-5	6.986342648637122E-5	-0.14585005540513432	6460.823925785911	-1417.7336798638871	-1417.7336798638871	14624.741918059872	4930.064733218966	-2692.076531003806
1720000	-3710.645062286262	-1018.0442253360274	-2692.6008369502347	795.0	1.8031756117942304E-4	1.5050541888944402E-5	1.5050541888944402E-5	7.554570554482026E-5	-0.1289520449333905	5639.549527673341	-1123.5354251959045	-1123.5354251959045	13460.855380817178	4631.168990350778	-2692.6008369502347
1730000	-3633.990325563867	-947.9698929143228	-2686.020432649544	23.0	1.963577559640062E-4	2.1063425347695336E-5	2.1063425347695336E-5	7.610519457479327E-5	-0.17230497512167972	5248.569918041604	-1452.6322581329407	-1452.632258132941	13541.748587397748	4801.3115490205155	-2686.020432649544
1740000	-3504.1576927856513	-980.4445065312391	-2523.7131862544124	178.0	2.2426811890953157E-4	3.548126971291333E-5	3.548126971291333E-5	1.0393135639739871E-4	-0.23240319005884408	4713.532269459242	-1609.1593100519733	-1609.159310051973	10171.088419639422	4692.874184026104	-2523.7131862544124
1750000	-3508.158234761028	-957.6789429381306	-2550.4792918228973	237.0	2.1294336955247507E-4	1.5484428960980546E-5	1.5484428960980546E-5	9.413370266265198E-5	-0.10936807350840144	4752.9358825302525	-781.829418660856	-781.829418660856	10751.794027692242	4763.486299630209	-2550.4792918228973
1760000	-3534.2767356856384	-896.4245625034565	-2637.852173182182	538.0	1.8502551002909568E-4	2.4270017039831978E-5	2.4270017039831978E-5	7.03430996057983E-5	-0.21273724250737966	5660.854184085777	-1953.1272900638735	-1953.1272900638733	14889.910147270151	4946.2420200028655	-2637.852173182182
1770000	-3540.7793329989427	-980.1914826106979	-2560.587850388245	400.0	2.1744359886185602E-4	1.3019483888631594E-5	1.3019483888631594E-5	8.855312310909103E-5	-0.09382498713469889	4639.737921997422	-682.1554226664759	-682.155422666476	11392.950085928424	4679.095043942335	-2560.587850388245
1780000	-3382.3562914191625	-934.3429749452553	-2448.0133164739073	80.0	2.62420676851948E-4	1.3066367752453725E-5	1.3066367752453725E-5	1.1183071756539062E-4	-0.0762737845591663	3832.9743900204094	-447.8470142736826	-447.84701427368265	8994.413660962053	4496.322760433972	-2448.0133164739073
1790000	-3541.5454969099424	-892.2499907664584	-2649.295506143484	916.0	1.9575242127297914E-4	3.5865301318729806E-6	3.5865301318729806E-6	6.640808237396711E-5	-0.03145650315051356	5113.553565182092	-276.1699071386162	-276.1699071386163	15073.32324485056	4772.638696241042	-2649.295506143484
1800000	-3456.010912449064	-958.1290252127383	-2497.881887236326	476.0	2.1094518397792833E-4	2.1064614156406294E-5	2.1064614156406294E-5	1.1124271372958642E-4	-0.13750956676960419	4831.934527275806	-914.9618256661771	-914.9618256661772	9162.607452234513	4412.860791590051	-2497.881887236326
1810000	-3505.13967214852	-880.7347422232993	-2624.4049299252206	960.0	1.5867040275987203E-4	3.6432196492522536E-5	3.6432196492522536E-5	7.55840634358387E-5	-0.3326766162364348	7086.682162979721	-3415.844363288259	-3415.8443632882586	14876.769809891292	4829.063516388236	-2624.4049299252206
1820000	-3537.51173299178	-1005.7134571575231	-2531.798275834257	20.0	2.352013486558848E-4	2.949767124713092E-5	2.949767124713092E-5	1.1428420839223476E-4	-0.17991804153866073	4393.909350797904	-1134.103261884584	-1134.1032618845843	9042.836448868382	4625.162694385381	-2531.798275834257
1830000	-3602.1521818197443	-967.8941820975106	-2634.2579997222338	695.0	1.8264330181914866E-4	8.533977054644757E-6	8.533977054644757E-6	6.722206884312392E-5	-0.07701825220299043	5507.824253619439	-699.229384193702	-699.2293841937019	14964.83557904573	4907.884841933976	-2634.2579997222338
1840000	-3304.257266833192	-911.2575764418567	-2392.999690391335	436.0	2.699751700112694E-4	2.217130703093846E-5	2.217130703093846E-5	1.1830106010113467E-4	-0.12406093967183665	3761.944871169139	-705.0421585474465	-705.0421585474465	8585.14459040904	4443.038260768346	-2392.999690391335
1850000	-3595.8724916799215	-999.3989906037963	-2596.473501076125	26.0	2.165343353119772E-4	2.8134661707285027E-5	2.8134661707285027E-5	8.93268688322994E-5	-0.20229598180379935	4815.263455827275	-1516.6299919847447	-1516.6299919847445	11672.522337227583	4808.0281555025595	-2596.473501076125
1860000	-3359.0426140565087	-864.6480772824599	-2494.394536774049	455.0	2.1824028236392526E-4	1.7858144364660065E-5	1.7858144364660065E-5	9.267774360126892E-5	-0.1255686271840713	4655.511188692956	-897.0739647769186	-897.0739647769185	10962.93497109756	4611.956719684139	-2494.394536774049
1870000	-3384.8208232883703	-975.5770701957782	-2409.243753092592	675.0	2.6633230857361564E-4	9.664249901340392E-6	9.664249901340392E-6	1.1343242958039611E-4	-0.05560164078525545	3766.351649578351	-320.8867489878876	-320.88674898788764	8843.160050815028	4786.3797374205005	-2409.243753092592
1880000	-3606.6013143527052	-935.7038656290731	-2670.8974487236324	25.0	1.6945379570461666E-4	2.6072995750579373E-5	2.6072995750579373E-5	6.99718725571172E-5	-0.23944376624438307	6260.233624021036	-2332.6951060727656	-2332.695106072766	15160.66829170675	4901.840364716684	-2670.8974487236324
1890000	-3459.7370610732237	-932.8380029931267	-2526.899058080097	886.0	2.3665483722340049E-4	1.2611419874490142E-5	1.2611419874490142E-5	8.780886906480527E-5	-0.08748570586339774	4258.154163409062	-611.5711387357347	-611.5711387357346	11476.207257264614	4807.729662863256	-2526.899058080097
1900000	-3508.700094237177	-990.8244302047237	-2517.875664032453	457.0	2.238461894325724E-4	3.306826812952011E-5	3.306826812952011E-5	1.0162677366103192E-4	-0.2192464289548386	4692.938065649089	-1527.0319885164377	-1527.0319885164379	10336.806585462049	4921.100863085659	-2517.875664032453
1910000	-3489.2508371142203	-1028.3211062631833	-2460.929730851037	898.0	2.496567931152895E-4	3.6513238080706965E-5	3.6513238080706965E-5	1.2784793829971345E-4	-0.20437689209256296	4180.101332395596	-1193.832588785539	-1193.832588785539	8162.749493044989	4714.189142899246	-2460.929730851037
1920000	-3482.0967442670853	-864.9897193699045	-2617.107024897181	685.0	1.8372123675494141E-4	1.6655656077722087E-5	1.6655656077722087E-5	6.416571889853096E-5	-0.15340182705105776	5574.201679309827	-1446.909466178691	-1446.909466178691	15960.223683673541	4745.994882314822	-2617.107024897181
1930000	-3398.233290456404	-832.1797329423913	-2566.053557514013	229.0	1.7198593539019086E-4	1.611709800280849E-5	1.611709800280849E-5	7.408908131237615E-5	-0.1427786513823809	5935.427031756181	-1291.1735098455504	-1291.1735098455504	13778.1431746042	5098.944334083191	-2566.053557514013
1940000	-3569.4317707397863	-853.1361389779603	-2716.295631761826	520.0	1.3597075093806617E-4	2.5172054463942923E-5	2.5172054463942923E-5	6.622475624827115E-5	-0.26526852984231386	7911.214422733348	-3007.05554246828	-3007.05554246828	16243.076257743036	4951.26961836588	-2716.295631761826
1950000	-3625.1135677441903	-976.8289825040764	-2648.2845852401138	564.0	2.1714867607988572E-4	3.337964350491769E-5	3.337964350491769E-5	7.006779102158739E-5	-0.2706100292042326	4969.020033745427	-2367.194896212938	-2367.194896212938	15399.602385207365	4864.406089697344	-2648.2845852401138
1960000	-3632.1257727366587	-949.9650053489827	-2682.160767387676	358.0	1.7519571729340578E-4	1.1740837436739682E-5	1.1740837436739682E-5	6.818222128564744E-5	-0.10742410873922326	5774.539924150905	-994.3638274467677	-994.3638274467676	14837.807348819642	5221.8432576615405	-2682.160767387676
1970000	-3698.40343384946	-977.6933714685337	-2720.710062380926	678.0	1.6635086917988448E-4	1.586362545627678E-5	1.586362545627678E-5	6.414520979743851E-5	-0.15357049898110475	6156.586603121724	-1522.573303126907	-1522.573303126907	15966.173247303474	5306.510404752499	-2720.710062380926
1980000	-3463.687094522754	-1003.986174394625	-2459.700920128129	762.0	2.3502462744251517E-4	3.159596076642996E-5	3.159596076642996E-5	1.2471266584576323E-4	-0.18455235780915216	4404.902340124546	-1115.9822506773783	-1115.9822506773785	8301.165919176	4498.321945337604	-2459.700920128129
1990000	-3556.486799669	-1058.0853125802225	-2498.4014870887777	198.0	2.738101642395276E-4	2.9281619754006317E-5	2.9281619754006317E-5	1.0744575772089024E-4	-0.17071657035562268	3761.7998191647694	-1025.1832574126486	-1025.1832574126486	9586.409442031125	4464.23365870589	-2498.4014870887777
2000000	-3479.5914767318027	-1003.8785947775636	-2475.712881954239	718.0	2.731772725678273E-4	2.9188391349328363E-5	2.9188391349328363E-5	9.629307427098308E-5	-0.1799659536205412	3783.154475266562	-1146.7511469027695	-1146.7511469027693	10732.566480822341	4637.259873654285	-2475.712881954239
2010000	-3532.0436407942825	-992.1438648065022	-2539.8997759877802	836.0	2.124050112254234E-4	1.7690467460673497E-5	1.7690467460673497E-5	9.326042154836529E-5	-0.12569217534000718	4783.560034246303	-907.3882760451211	-907.388276045121	10894.783723925626	5142.68530099069	-2539.8997759877802
2020000	-3613.908362086001	-975.8974547217852	-2638.0109073642157	453.0	1.6716476372665112E-4	2.1628860089514817E-5	2.1628860089514817E-5	7.054667469718564E-5	-0.1991695710939795	6229.2261040521635	-1909.8144660796129	-1909.8144660796127	14760.54136291287	5168.643547312896	-2638.0109073642157
2030000	-3722.2447133810156	-1001.8385987471445	-2720.406114633871	941.0	1.6898244207842877E-4	3.206154673068842E-5	3.206154673068842E-5	6.925659495606398E-5	-0.29636922962364337	6487.612179850571	-3003.365689676462	-3003.365689676462	15829.431841175421	5355.134516929854	-2720.406114633871
2040000	-3447.388776087913	-1026.02064493338	-2421.368131154533	812.0	3.239115646573146E-4	4.234814419381521E-5	4.234814419381521E-5	1.2247981412720127E-4	-0.2126125502895932	3233.4265425940853	-1117.9769861805605	-1117.9769861805605	8551.158066980925	4763.588137065343	-2421.368131154533
2050000	-3442.9819826496273	-966.7287713716273	-2476.253211278	214.0	2.461889780930891E-4	2.9621838148438206E-5	2.9621838148438206E-5	8.936507369988861E-5	-0.19970723229763918	4230.651241576845	-1402.3338330289396	-1402.3338330289396	11654.885546559568	4670.529406738353	-2476.253211278
2060000	-3636.9517115243925	-943.357881633241	-2693.5938298911515	263.0	1.6845564586229756E-4	9.417115488625033E-6	9.417115488625033E-6	6.365505873135265E-5	-0.09094077466493236	5985.784485410449	-885.5356496806792	-885.5356496806792	15840.676476914323	4719.031055325885	-2693.5938298911515
2070000	-3652.7521919432784	-950.8752683708313	-2701.876923572447	975.0	1.7068946126207E-4	1.4072124037447358E-5	1.4072124037447358E-5	6.760685053421275E-5	-0.1309968788713777	5960.8823416809955	-1240.7363310366848	-1240.7363310366845	15049.655286533804	5024.633100930581	-2701.876923572447
2080000	-3700.553203981121	-1031.1599078504955	-2669.3932961306255	87.0	1.9960478863300824E-4	1.2772442025089295E-5	1.2772442025089295E-5	7.95365631988234E-5	-0.1013689741609439	5061.914403357439	-812.871535462621	-812.871535462621	12703.36954382621	4930.918192370995	-2669.3932961306255
2090000	-3545.6585777462637	-877.7923358910126	-2667.8662418552512	429.0	2.3135390306837315E-4	3.084090359988678E-5	3.084090359988678E-5	6.6663018973024E-5	-0.248339721450351	4606.4756414223875	-2131.134673781036	-2131.1346737810354	15986.766507885222	4816.884144162751	-2667.8662418552512
2100000	-3652.928664067423	-972.4006935582253	-2680.527970509198	772.0	1.713727723162647E-4	6.143776696982406E-6	6.143776696982406E-6	6.203818045067256E-5	-0.059584731311579334	5856.0235471956	-579.9348198944565	-579.9348198944565	16176.538105113892	5244.768690456624	-2680.527970509198
2110000	-3465.0249431001175	-948.2160018372548	-2516.808941262863	379.0	2.335583815553867E-4	1.2833581158377526E-5	1.2833581158377526E-5	9.577620893286954E-5	-0.08580672204405516	4313.342983757915	-577.9685567297279	-577.9685567297279	10518.451477713947	4856.296490583344	-2516.808941262863
2120000	-3475.711864701066	-948.3160556145205	-2527.395809086546	700.0	1.884298302183577E-4	8.665268310644426E-6	8.665268310644426E-6	8.746076160772103E-5	-0.06749950047543135	5331.305745027962	-528.2048072477463	-528.2048072477463	11486.031197435741	5279.546169585867	-2527.395809086546
2130000	-3497.236180372051	-1001.4588602068217	-2495.7773201652294	821.0	2.213702254364985E-4	-4.649429051847774E-6	-4.649429051847774E-6	1.0792472187477101E-4	0.03008011915165713	4521.410370448929	194.7837007732447	194.7837007732447	9274.108986433977	4711.978815025146	-2495.7773201652294
2140000	-3646.912267629129	-1053.3934225710889	-2593.5188450580404	187.0	2.110474665039774E-4	2.6561629948238157E-5	2.6561629948238157E-5	1.030848356081577E-4	-0.18008073684142292	4897.078275723316	-1261.818774991822	-1261.818774991822	10025.877785668057	4908.6336426413745	-2593.5188450580404
2150000	-3923.966094359801	-918.1999571719756	-3005.7661371878253	590.0	2.0363811452569545E-4	2.7774987913258983E-5	2.7774987913258983E-5	8.31665526027327E-5	-0.21342731223198164	5145.034656407437	-1718.2782130892315	-1718.2782130892315	12597.914952720348	4977.565251892968	-3005.7661371878253
2160000	-3438.378997044849	-1013.7124894406835	-2424.6665076041654	851.0	2.7994030499040555E-4	2.1635065889822263E-5	2.1635065889822263E-5	1.0937104836567395E-4	-0.12364436228450666	3627.6493936505008	-717.5978911201025	-717.5978911201025	9285.13800344537	4624.043852657668	-2424.6665076041654
2170000	-3539.1949236163623	-971.2105078801051	-2567.9844157362572	796.0	1.9331540029680604E-4	3.3294056755591156E-5	3.3294056755591156E-5	8.936926083831013E-5	-0.25330245909998284	5527.5532369957755	-2059.26142239277	-2059.26142239277	11956.696929663782	4950.572596374342	-2567.9844157362572
2180000	-3613.3469948909515	-957.8333289057161	-2655.5136659852355	581.0	1.9605968804226598E-4	7.486847113273131E-6	7.486847113273131E-6	7.385903032856765E-5	-0.06221613240027125	5120.307488176732	-519.0287384818173	-519.0287384818173	13591.918068062143	4799.628534890104	-2655.5136659852355
2190000	-3548.9790056485303	-1001.5990412082066	-2547.379964440324	251.0	2.2975166646611606E-4	9.299588298295231E-6	9.299588298295231E-6	9.41637680892611E-5	-0.06322552914866819	4369.994467769399	-431.57947308947894	-431.57947308947894	10662.418590407173	5108.019991016749	-2547.379964440324
2200000	-3615.471865432304	-930.7625980448714	-2684.7092673874326	80.0	1.319002466038621E-4	1.3843585429200102E-5	1.3843585429200102E-5	7.810866278393618E-5	-0.13638800597904893	7725.188510432657	-1369.1734474661075	-1369.1734474661075	13045.34264536081	4954.471437922571	-2684.7092673874326
2210000	-3582.9320808427465	-925.0524051159172	-2657.879675726829	264.0	1.618444099441243E-4	1.961739912250947E-5	1.961739912250947E-5	6.845720481689753E-5	-0.1863729995785631	6401.115889104534	-1834.3320555063767	-1834.3320555063767	15133.320544229495	5299.803080762442	-2657.879675726829
2220000	-3567.1521644688087	-1019.6228150819275	-2547.529349386881	877.0	2.335251493842006E-4	2.112042691044503E-5	2.112042691044503E-5	1.097771924542056E-4	-0.1319106326868479	4358.025479649387	-838.4561178788447	-838.4561178788447	9270.673884102298	4571.203199248735	-2547.529349386881
2230000	-3559.0418817769323	-1011.5453226361253	-2547.4965591408068	439.0	2.0339082272749585E-4	2.0554518864978574E-5	2.0554518864978574E-5	8.596094362879112E-5	-0.1554501164471455	5038.394159619006	-1204.7537338619968	-1204.753733861997	11921.26435670133	4920.082091042002	-2547.4965591408068
2240000	-3568.7984325567118	-959.1011216078427	-2609.697310948869	561.0	2.1494938219988256E-4	2.5867116121773243E-5	2.5867116121773243E-5	7.254878492968257E-5	-0.20714041429449465	4860.8221087348065	-1733.115862047782	-1733.115862047782	14401.767173203141	4717.762412884093	-2609.697310948869
2250000	-3579.102929320339	-908.1888808378342	-2670.9140484825048	323.0	1.665706879396926E-4	1.5664455148582738E-5	1.5664455148582738E-5	7.142980651078544E-5	-0.14360721734157988	6129.873814267933	-1344.2726240000839	-1344.2726240000839	14294.555005856608	5073.602875588644	-2670.9140484825048
2260000	-3767.628198706293	-1023.5826109983107	-2744.045587707982	964.0	1.708527060841023E-4	1.507641051267916E-5	1.507641051267916E-5	5.3940034132742756E-5	-0.15704764012756836	6001.003311640804	-1677.2994468560128	-1677.2994468560125	19007.91631852378	5098.212297708175	-2744.045587707982
2270000	-3704.7621124581256	-948.4780880125925	-2756.2840244455333	607.0	1.8736022885881425E-4	1.2338398718992746E-5	1.2338398718992746E-5	5.5602022171656594E-5	-0.12088566476983871	5416.464672925331	-1201.9437094494479	-1201.9437094494476	18251.675408350293	5324.5309260994345	-2756.2840244455333
2280000	-3516.4697132370948	-884.5021955760869	-2631.967517661008	531.0	1.8128888060950864E-4	2.292277749963974E-5	2.292277749963974E-5	7.706482728245243E-5	-0.19393381933690726	5731.626450154085	-1704.8607316848968	-1704.860731684897	13483.195640106018	5095.763697244013	-2631.967517661008
2290000	-3612.9658577225196	-985.4180481043282	-2627.5478096181914	343.0	1.9914385308837727E-4	3.053954554999485E-7	3.053954554999485E-7	7.408118564079352E-5	-0.0025143466611925835	5021.527435924979	-20.700959971614335	-20.70095997161434	13498.789379910204	4872.544707188367	-2627.5478096181914
2300000	-3516.5678640523256	-911.314091082521	-2605.2537729698047	392.0	2.1479868207203228E-4	1.8099752684584E-5	1.8099752684584E-5	7.72653172306647E-5	-0.14049618720956497	4749.268710139611	-1112.537839319769	-1112.537839319769	13203.034638406458	4620.774389252682	-2605.2537729698047
2310000	-3486.6120415590876	-1018.9229121122564	-2467.6891294468314	372.0	2.927708731669311E-4	2.4322453387813236E-5	2.4322453387813236E-5	8.601731755346566E-5	-0.15326764990581282	3497.8072168901085	-989.0479662945351	-989.047966294535	11905.231436936978	4542.994940414552	-2467.6891294468314
2320000	-3760.117088669724	-948.8100392660753	-2811.3070494036488	363.0	1.550654012396691E-4	1.2987087366138905E-5	1.2987087366138905E-5	7.808589519722586E-5	-0.1180233701469549	6539.990740360693	-1087.717966276466	-1087.717966276466	12987.3171806037	5057.071455068701	-2811.3070494036488
2330000	-3598.3344104335697	-930.6846506187004	-2667.6497598148694	295.0	1.569192855468719E-4	1.4440305280780322E-5	1.4440305280780322E-5	6.452088465193981E-5	-0.14351194715244253	6506.7131642859	-1456.2559855405773	-1456.2559855405773	15824.77962765305	5167.778860496918	-2667.6497598148694
2340000	-3506.0211313171785	-964.427789122296	-2541.5933421948826	214.0	2.2446254395719524E-4	1.4143300084640596E-5	1.4143300084640596E-5	9.290211756260059E-5	-0.09794133268180395	4498.235626340069	-684.8056641107197	-684.8056641107197	10868.271235333461	4598.678713178729	-2541.5933421948826
2350000	-3353.3368739496973	-936.4506349920107	-2416.8862389576866	453.0	2.4105889010160524E-4	1.9479762627188394E-5	1.9479762627188394E-5	1.080733626993139E-4	-0.1206876280051845	4209.680019776083	-758.7768666901717	-758.7768666901716	9389.740153394605	4772.634794953254	-2416.8862389576866
2360000	-3489.1916336180766	-968.2330146530728	-2520.958618965004	710.0	2.837563643994005E-4	4.204675197038346E-5	4.204675197038346E-5	7.820392507188007E-5	-0.28225742291084177	3829.2212232246848	-2058.8009471988767	-2058.8009471988767	13894.007133076242	4630.311602546896	-2520.958618965004
2370000	-3676.0821899728235	-949.8458861982459	-2726.2363037745777	329.0	1.564986116217089E-4	8.76649007758039E-6	8.76649007758039E-6	5.963729798591346E-5	-0.09074266333298021	6442.885249887419	-947.0833106400668	-947.0833106400669	16907.24815674132	5055.464723510014	-2726.2363037745777
2380000	-3519.347580184364	-988.5967940979103	-2530.7507860864534	977.0	2.1494137599723664E-4	2.1498040842744744E-5	2.1498040842744744E-5	1.1040775285403346E-4	-0.13955297070961628	4744.837223155215	-923.8907755909453	-923.8907755909453	9237.230314579592	4426.386306094847	-2530.7507860864534
2390000	-3450.896806661046	-962.4729455329442	-2488.4238611281016	724.0	2.4428220990576027E-4	2.5552675429637034E-5	2.5552675429637034E-5	9.048765896246404E-5	-0.1718683003709064	4218.226970699946	-1191.178840371468	-1191.1788403714677	11387.60597966302	5031.093319086946	-2488.4238611281016
2400000	-3617.860166737048	-1012.6543989596502	-2605.205767777398	383.0	2.4723808731637754E-4	1.7744949134836093E-5	1.7744949134836093E-5	7.381417434502824E-5	-0.13135517522030032	4115.697248645258	-989.4148241802299	-989.4148241802299	13785.389117434037	4918.918538779884	-2605.205767777398
2410000	-3760.032612742116	-966.9479119094666	-2793.084700832649	121.0	1.177601235923476E-4	1.2478942310576136E-5	1.2478942310576136E-5	6.523081794518131E-5	-0.1423810654451597	8667.550689141273	-1658.1405604124948	-1658.140560412495	15647.386811153941	5475.247377920552	-2793.084700832649
2420000	-3481.5832460280003	-924.8854901129039	-2556.6977559150964	801.0	2.0045405549012807E-4	1.8398677143040782E-5	1.8398677143040782E-5	1.1031953006853171E-4	-0.1237237211214784	5066.2258775507735	-844.9261358969795	-844.9261358969795	9205.491743422197	4775.158307785831	-2556.6977559150964
2430000	-3500.1534885209985	-924.7833338452485	-2575.37015467575	120.0	2.4328544393550057E-4	3.204875848974544E-5	3.204875848974544E-5	7.947330337148173E-5	-0.23048491957067366	4341.0065777305	-1750.5736581978351	-1750.5736581978354	13288.785888936205	4944.924788447815	-2575.37015467575
2440000	-3746.8021420045534	-1007.3480561461331	-2739.4540858584205	150.0	1.8923730304184005E-4	9.559649941689948E-6	9.559649941689948E-6	6.045867132809212E-5	-0.0893736130254252	5326.919918389012	-842.2859544971997	-842.2859544971997	16673.405761853126	5203.590810783449	-2739.4540858584205
2450000	-3466.6026236477196	-904.081841462118	-2562.5207821856015	16.0	2.1360126489391198E-4	2.1009017674681107E-5	2.1009017674681107E-5	8.947927059331833E-5	-0.15196466560538444	4792.289809117301	-1125.1913502908872	-1125.1913502908872	11439.958754448067	4909.229873205535	-2562.5207821856015
2460000	-3382.4327271140064	-957.1484226681634	-2425.284304445843	49.0	2.536069759905945E-4	3.711430140437231E-5	3.711430140437231E-5	1.1166810735202789E-4	-0.22054444066158646	4144.707133710242	-1377.5455986590644	-1377.5455986590646	9412.95296814942	4490.299213278543	-2425.284304445843
2470000	-3573.063379366205	-939.7578419697296	-2633.3055373964753	207.0	1.8928842805517878E-4	1.0043615528654785E-5	1.0043615528654785E-5	8.360405368876658E-5	-0.07983886961308781	5316.833929550905	-638.7278303144194	-638.7278303144194	12037.874867906752	5114.1372036116245	-2633.3055373964753
2480000	-3805.220812023368	-1031.282393056911	-2773.9384189664574	980.0	1.734648765930949E-4	2.051069284722144E-5	2.051069284722144E-5	5.329853837244406E-5	-0.2133127946812148	6039.675205718923	-2324.2273958027727	-2324.2273958027727	19656.665008361015	5212.256468759845	-2773.9384189664574
2490000	-3742.224567079915	-1052.0178056620691	-2690.2067614178454	483.0	2.1758177395789439E-4	8.045826863778776E-6	8.045826863778776E-6	7.562580267287846E-5	-0.06272265416702054	4614.125767997739	-490.8967011906369	-490.8967011906369	13275.226634068169	4615.417426355495	-2690.2067614178454
2500000	-3548.612406670831	-884.8889359953137	-2663.7234706755175	945.0	1.7743365626286497E-4	1.497281669248515E-5	1.497281669248515E-5	6.439978200426141E-5	-0.14006941283879512	5748.695526159312	-1336.5598710939303	-1336.5598710939305	15838.750290815045	4651.570243517981	-2663.7234706755175
2510000	-3506.714402627784	-946.9095447222846	-2559.804857905499	678.0	2.1544989077978066E-4	1.2340197090357862E-5	1.2340197090357862E-5	8.887727961019808E-5	-0.08917714829474209	4678.657809378394	-649.6098861181454	-649.6098861181454	11341.664803958283	4805.237531613269	-2559.804857905499
2520000	-3711.7607958596477	-1012.6913531779473	-2699.0694426817004	866.0	2.3439205812418403E-4	1.9971836334457996E-5	1.9971836334457996E-5	9.955021264949279E-5	-0.13074511041817516	4340.554832169108	-870.805279081078	-870.8052790810777	10219.88354856792	4755.987320513363	-2699.0694426817004
2530000	-3550.1024760780565	-987.7188519896952	-2562.383624088361	189.0	2.0657369383855924E-4	9.114338170566361E-6	9.114338170566361E-6	7.96418985003218E-5	-0.07105862972957974	4865.45472123895	-556.809926910159	-556.809926910159	12619.927109931043	4868.357918424789	-2562.383624088361
2540000	-3520.375311059136	-994.7837739153966	-2525.5915371437395	556.0	2.4147605218932279E-4	1.4591497615984749E-5	1.4591497615984749E-5	8.868181517878103E-5	-0.09971156852556622	4182.784303803871	-688.2255068199827	-688.2255068199827	11389.507970780658	4633.593796938321	-2525.5915371437395
2550000	-3554.076871079642	-980.2225186794142	-2573.854352400228	185.0	1.9324788652408975E-4	-1.0878904578470963E-6	-1.0878904578470963E-6	7.760295557310844E-5	0.008883593138597571	5175.1092466978325	72.54816425767395	72.54816425767396	12887.124170334886	4643.938813333596	-2573.854352400228
2560000	-3433.091486168084	-961.8552653399795	-2471.2362208281043	419.0	2.741540511397194E-4	2.377069774583393E-5	2.377069774583393E-5	9.205802966333966E-5	-0.14962830569773938	3731.1188935002247	-963.428174549382	-963.428174549382	11111.484393896219	4725.807434880184	-2471.2362208281043
2570000	-3457.062548207396	-927.2589232933805	-2529.8036249140155	955.0	2.3340802210998908E-4	1.658194848540688E-5	1.658194848540688E-5	7.65663384467751E-5	-0.12403913614832192	4351.290573137564	-942.3576677753836	-942.3576677753836	13264.655812265199	4992.1028795923285	-2529.8036249140155
2580000	-3581.699792876495	-986.1289146478753	-2595.5708782286197	782.0	1.8142102485977445E-4	2.0067767266709602E-5	2.0067767266709602E-5	9.197401805253001E-5	-0.15535408156153158	5648.362919843521	-1232.4136197745909	-1232.4136197745909	11141.535527051723	4960.972439692719	-2595.5708782286197
2590000	-3655.846796812215	-934.6118171464484	-2721.234979665767	383.0	1.5742405207231256E-4	1.0589942306831009E-5	1.0589942306831009E-5	5.637866503708645E-5	-0.11240888928656961	6433.562411347522	-1208.4545584530877	-1208.4545584530879	17964.197332239364	4754.147917509709	-2721.234979665767
2600000	-3420.26018385104	-851.413658126864	-2568.846525724176	151.0	1.987163960624635E-4	3.795358812569937E-5	3.795358812569937E-5	9.333129124209772E-5	-0.2786906201929429	5456.061269913617	-2218.7317829958206	-2218.7317829958206	11616.777372562292	4905.169644215167	-2568.846525724176
2610000	-3573.879634752861	-949.4078988709035	-2624.4717358819576	655.0	1.9888587966004727E-4	1.61634258090028E-5	1.61634258090028E-5	8.315313309653303E-5	-0.12568751220712254	5108.713169369606	-993.0390259224521	-993.039025922452	12219.033424049116	4854.453054379893	-2624.4717358819576
2620000	-3657.99398089421	-955.7369664693865	-2702.2570144248234	325.0	1.613322233596298E-4	1.79888700764939E-5	1.79888700764939E-5	6.504577983472301E-5	-0.1756037408060274	6395.609062696963	-1768.7508825512803	-1768.7508825512803	15862.948102792821	5104.908264726018	-2702.2570144248234
2630000	-3547.1912907137057	-957.088422865944	-2590.102867847762	290.0	1.7736477209137725E-4	1.7714433040466784E-5	1.7714433040466784E-5	9.172803641749552E-5	-0.13888090122300095	5748.984043688759	-1110.238449116221	-1110.238449116221	11116.200504116941	5013.272485490026	-2590.102867847762
2640000	-3435.8318849306647	-1001.1734957991174	-2434.658389131547	558.0	2.2791928538392015E-4	2.2186296724246784E-5	2.2186296724246784E-5	1.2341912908593247E-4	-0.13228269707178827	4465.661467711756	-802.7644590143306	-802.7644590143306	8246.779717418887	4630.061013592733	-2434.658389131547
2650000	-3592.342647417529	-1003.6485471280149	-2588.694100289514	268.0	2.3627743373634782E-4	4.214541873164628E-6	4.214541873164628E-6	6.673015813691171E-5	-0.033564344767453	4237.086123668571	-267.60579304738985	-267.60579304738985	15002.62945228249	5005.139737291714	-2588.694100289514
2660000	-3795.866473802421	-1036.7336932272826	-2759.132780575138	515.0	1.59531987842911E-4	-1.518370866263898E-6	-1.518370866263898E-6	6.59122654576403E-5	0.014807128806028715	6269.709997783966	144.4305537741939	144.4305537741939	15175.010177549699	4868.828331928464	-2759.132780575138
2670000	-3691.724928618754	-1010.1926860564803	-2681.5322425622735	682.0	1.8775373054988193E-4	1.1449419115995673E-5	1.1449419115995673E-5	7.212733234262645E-5	-0.09838734267691603	5378.187085317856	-853.7279284298155	-853.7279284298155	13999.889585086707	4804.401362028131	-2681.5322425622735
2680000	-3699.97518479435	-892.304786216928	-2807.6703985774216	409.0	2.0823304413482828E-4	1.1140325522048327E-5	1.1140325522048327E-5	7.766080861948483E-5	-0.0876036301613867	4839.45164442174	-694.212017946252	-694.2120179462521	12976.091361588042	5036.203945049718	-2807.6703985774216
2690000	-3434.9508919229124	-948.870354190664	-2486.0805377322486	221.0	2.051808527857966E-4	7.987308085688798E-6	7.987308085688798E-6	1.0941689860169579E-4	-0.05330768475105583	4887.63836372701	-356.79199393716374	-356.7919939371638	9165.401509219351	4443.280629044089	-2486.0805377322486
2700000	-3571.4430046042007	-923.9966669222381	-2647.4463376819626	197.0	1.8387574363450433E-4	2.0517567607014447E-5	2.0517567607014447E-5	7.570708026209929E-5	-0.17389832680238118	5608.046067251417	-1519.8507712849396	-1519.8507712849398	13620.702811182722	4927.4795990470975	-2647.4463376819626
2710000	-3511.6800230062518	-1018.0682891894078	-2493.611733816844	201.0	2.918080412107592E-4	1.8592924671163393E-5	1.8592924671163393E-5	8.980057505584298E-5	-0.11485754338581032	3472.7234153059117	-719.0163851892494	-719.0163851892493	11284.656215809166	4531.313880704779	-2493.611733816844
2720000	-3507.040642258027	-997.8426454210316	-2509.1979968369956	758.0	2.639212041781966E-4	1.5601107346190173E-5	1.5601107346190173E-5	9.034511565298157E-5	-0.10103362699943133	3828.086002397633	-661.047143746531	-661.047143746531	11182.818906681423	4860.851852929116	-2509.1979968369956
2730000	-3419.2196073820205	-913.2501401432711	-2505.9694672387495	473.0	2.4009741678060503E-4	6.877492631875828E-6	6.877492631875828E-6	8.675763734851562E-5	-0.047652153469647324	4174.455140371451	-330.91939047014677	-330.9193904701467	11552.595555863782	4716.9276602345335	-2505.9694672387495
2740000	-3446.7677330437477	-872.5430623069532	-2574.2246707367945	43.0	2.0813970219130907E-4	9.423713982656168E-6	9.423713982656168E-6	8.049951542482716E-5	-0.07280278597980472	4830.065947809416	-565.4339627923387	-565.4339627923387	12488.627821371678	4582.9024236547075	-2574.2246707367945
2750000	-3252.5545383155213	-863.2257780113456	-2389.328760304176	861.0	2.6792531604390813E-4	3.090662696132877E-5	3.090662696132877E-5	1.1082902049296618E-4	-0.17935685787790398	3856.4407826598876	-1075.4365250001315	-1075.4365250001313	9322.811939534751	4221.84791289524	-2389.328760304176
2760000	-3396.6491931429655	-922.8928073531381	-2473.756385789827	980.0	2.456340712246954E-4	2.2242124461424E-5	2.2242124461424E-5	8.748495358334516E-5	-0.15172784184985166	4167.027006011029	-1059.422557886078	-1059.422557886078	11699.88399679053	4917.040479361483	-2473.756385789827
2770000	-3547.7938212835347	-954.9651721829752	-2592.8286491005597	153.0	1.9946304884304035E-4	9.236661378206316E-6	9.236661378206316E-6	8.343901134241178E-5	-0.07159772469921438	5039.292509023398	-557.8474354228299	-557.8474354228299	12046.555102826173	4860.933334812662	-2592.8286491005597
2780000	-3605.105554452102	-1060.6009386738215	-2544.5046157782804	749.0	2.1980803565585462E-4	6.632908606060704E-6	6.632908606060704E-6	9.924804315911369E-5	-0.044907745663919814	4558.617604452477	-304.6598499865344	-304.6598499865345	10096.126321951406	4622.662984682775	-2544.5046157782804
2790000	-3530.079513211549	-1053.8587294572628	-2476.2207837542865	599.0	2.957736874253318E-4	2.509019775768206E-5	2.509019775768206E-5	1.0431835074175205E-4	-0.14283806569112387	3451.3808937389026	-830.1111793395683	-830.1111793395683	9785.695866469634	4911.298038678555	-2476.2207837542865
2800000	-3468.4293271073457	-1033.7526741488098	-2434.6766529585357	319.0	2.71113306198053E-4	2.926590149947628E-5	2.926590149947628E-5	1.0516952101216274E-4	-0.17331715120561805	3802.7241280390404	-1058.197742937346	-1058.197742937346	9802.926750921895	4766.984697669513	-2434.6766529585357
2810000	-3444.807284517393	-1001.4496784490065	-2443.3576060683863	492.0	2.9584314430343547E-4	2.893548045564133E-5	2.893548045564133E-5	1.0493356923208584E-4	-0.16422630457250623	3473.8605801774975	-957.9186685342751	-957.9186685342748	9793.985322641814	4540.327596016488	-2443.3576060683863
2820000	-3738.2737882151037	-997.0996819506005	-2741.1741062645033	294.0	1.5372219911619496E-4	2.1226231482341822E-5	2.1226231482341822E-5	6.984896196346517E-5	-0.2048446489281273	6790.165695102037	-2063.4469689482285	-2063.446968948229	14943.660917400546	4989.610898826733	-2741.1741062645033
2830000	-3471.8393911972285	-1002.5731786492928	-2469.2662125479355	286.0	2.597099998499061E-4	1.848101540447908E-5	1.848101540447908E-5	1.0743882878147957E-4	-0.11063711955751078	3898.1643416494508	-670.5400278863914	-670.5400278863915	9422.964416745444	4895.893147179815	-2469.2662125479355
2840000	-3878.3089832757223	-1086.293827614631	-2792.0151556610913	15.0	1.7507325828470348E-4	2.5635714283135736E-5	2.5635714283135736E-5	5.943915812904329E-5	-0.2513038780549162	6096.93845921537	-2629.5690797467014	-2629.5690797467014	17958.041722239566	5330.336460738223	-2792.0151556610913
2850000	-3472.134345870164	-936.7442094080563	-2535.390136462108	5.0	2.6299348718746387E-4	1.4703840864071717E-5	1.4703840864071717E-5	8.157899761788035E-5	-0.10038506732687329	3841.0827411697437	-692.31874650435	-692.3187465043501	12382.840855774428	4571.2678238701865	-2535.390136462108
2860000	-3574.3685066962726	-966.0818433768314	-2608.2866633194412	528.0	2.2067348312095514E-4	1.6937912565298827E-5	1.6937912565298827E-5	6.879059878233365E-5	-0.13747390425959338	4618.874525643099	-1137.2788469682648	-1137.2788469682646	14816.895734509477	4598.849111714596	-2608.2866633194412
2870000	-3427.730371763677	-1006.3055960522249	-2421.424775711452	210.0	3.085905145504196E-4	2.093345280731057E-6	2.093345280731057E-6	1.1788125111817305E-4	-0.010975573264582934	3240.9307174547407	-57.55272325502399	-57.55272325502399	8484.135248267963	4643.3509782270485	-2421.424775711452
2880000	-3514.4924284522976	-1030.2475495223398	-2484.244878929958	459.0	2.541565379809301E-4	2.005925603099359E-5	2.005925603099359E-5	9.927670376150539E-5	-0.1262817245253493	3998.344927098419	-807.8816233218923	-807.8816233218922	10236.09231392494	4609.974508582614	-2484.244878929958
2890000	-3488.4285342351113	-955.3627149920896	-2533.065819243022	787.0	2.3541739180606155E-4	2.973824901896983E-5	2.973824901896983E-5	8.486671312492909E-5	-0.21039113217783165	4444.508139203689	-1557.4055474012794	-1557.4055474012794	12328.915253874675	5056.209221168202	-2533.065819243022
2900000	-3509.9925665268324	-1029.6406128763965	-2480.351953650436	705.0	2.45464469668774E-4	1.1897573759891982E-5	1.1897573759891982E-5	1.062599641452014E-4	-0.0736680636032325	4096.13903719443	-458.63102550269815	-458.6310255026982	9462.233537746764	4771.556087218481	-2480.351953650436
2910000	-3489.253019811636	-912.4932807965571	-2576.759739015079	107.0	1.9961103093549606E-4	6.4830884863060954E-6	6.4830884863060954E-6	6.382795081039207E-5	-0.057436005651774175	5026.32449103335	-510.53035578499544	-510.5303557849955	15718.972655912788	4704.302063484363	-2576.759739015079
2920000	-3515.6185469325474	-925.4063084509103	-2590.212238481637	579.0	2.0999968203886524E-4	3.4790216163447976E-6	3.4790216163447976E-6	7.159349561357748E-5	-0.028373376746019554	4765.748630743282	-231.5872742673725	-231.58727426737246	13979.003100156584	4707.679007116489	-2590.212238481637
2930000	-3629.798047512289	-1056.0669453725745	-2573.7311021397145	391.0	2.244319968255956E-4	2.924268507371182E-5	2.924268507371182E-5	8.861303427487086E-5	-0.20736051199365885	4655.888320110122	-1536.4633092353486	-1536.4633092353486	11792.061080291962	4868.5396185611735	-2573.7311021397145
2940000	-3508.4132847326728	-922.4316431000517	-2585.981641632621	938.0	2.0617302781238372E-4	9.485912292229658E-6	9.485912292229658E-6	7.303370085461107E-5	-0.07730392161826706	4879.454082809502	-633.7632205662835	-633.7632205662835	13774.624735599948	4775.861636742591	-2585.981641632621
2950000	-3701.331886283572	-1037.1626893313637	-2664.1691969522085	61.0	2.1030105866188858E-4	2.4311700836204417E-5	2.4311700836204417E-5	6.248429164436027E-5	-0.21208462620291263	4979.044683295389	-1937.2716182707559	-1937.2716182707559	16757.785684466147	5269.693936457607	-2664.1691969522085
2960000	-3535.8308223934096	-908.0767998135084	-2627.754022579901	302.0	1.93091973288289E-4	1.4537868305279334E-5	1.4537868305279334E-5	6.82695384253083E-5	-0.1266208243715755	5263.264215578583	-1120.802099836743	-1120.802099836743	14886.49398788018	5306.697392176944	-2627.754022579901
2970000	-3500.9122981970395	-831.6507209471836	-2669.2615772498557	798.0	1.9363409568749553E-4	1.2107565598857957E-5	1.2107565598857957E-5	6.01203020106552E-5	-0.11221614318770043	5230.241355835593	-1053.3129108768608	-1053.312910876861	16845.441910539208	4710.76922831587	-2669.2615772498557
2980000	-3492.751142912584	-894.9726296526746	-2597.7785132599092	379.0	1.834351629732251E-4	6.382365380949629E-6	6.382365380949629E-6	6.985130167885661E-5	-0.05638364091185077	5468.903767997376	-499.69780435998297	-499.6978043599829	14361.783243205336	4861.119707855383	-2597.7785132599092
2990000	-3536.848827019563	-913.3233630723546	-2623.525463947208	399.0	2.116478619740143E-4	1.4783691484269452E-5	1.4783691484269452E-5	7.270425239667402E-5	-0.11917798586466649	4792.904713665616	-974.5898247290796	-974.5898247290795	13952.52687226461	4653.069147271253	-2623.525463947208
3000000	-3647.597679602034	-962.3788995681132	-2685.2187800339207	355.0	1.550175658444122E-4	1.162710486255862E-5	1.162710486255862E-5	6.391843926666846E-5	-0.11680677994198835	6540.114000828843	-1189.6816031986357	-1189.6816031986357	15861.347122756339	5301.9622016835465	-2685.2187800339207
3010000	-3398.5285992971317	-947.2014385287594	-2451.3271607683723	963.0	2.688600371953933E-4	1.5527297696230615E-5	1.5527297696230615E-5	1.2233747743410582E-4	-0.08561561718651946	3746.8720549110417	-475.55989420844253	-475.5598942084426	8234.468955699745	4870.4502920604955	-2451.3271607683723
3020000	-3698.1337365858353	-859.3269214470631	-2838.8068151387724	502.0	1.1128698830123698E-4	1.1682189063401136E-5	1.1682189063401136E-5	5.4724445159288114E-5	-0.1496963986254088	9191.754598877238	-1962.1910233336682	-1962.1910233336685	18692.244088279745	5392.838316339227	-2838.8068151387724
3030000	-3495.1353706743866	-973.1163474847365	-2522.0190231896504	816.0	2.2083801891481525E-4	3.4204419110810076E-5	3.4204419110810076E-5	1.0524145072704274E-4	-0.22436333400851588	4768.233462952102	-1549.7188100153614	-1549.7188100153617	10005.632043336054	4895.185438358978	-2522.0190231896504
3040000	-3656.644051765858	-957.6128317916459	-2699.031219974212	924.0	1.7793773853647953E-4	2.333008370739304E-5	2.333008370739304E-5	5.941164170071606E-5	-0.22690626495402708	5925.000554564884	-2326.661155075991	-2326.6611550759912	17745.363860126356	5088.649722758306	-2699.031219974212
3050000	-3625.0134862006375	-1022.8997345576803	-2602.113751642957	255.0	2.2035072404119236E-4	2.6956768902118795E-5	2.6956768902118795E-5	8.545544523695917E-5	-0.19644488441628022	4720.382055623402	-1489.0361620644273	-1489.0361620644273	12171.718265857353	4898.847623110641	-2602.113751642957
3060000	-3705.4218999388713	-932.4260716738447	-2772.995828265027	966.0	1.6616258225791357E-4	1.0538497826815303E-5	1.0538497826815303E-5	4.568526815734168E-5	-0.12095504983082851	6107.556398997315	-1408.8670688396003	-1408.8670688396	22213.88608354158	5090.9877692104355	-2772.995828265027
3070000	-3485.0573749202126	-925.9405732742604	-2559.1168016459524	834.0	1.888051648616801E-4	1.6475707318242135E-5	1.6475707318242135E-5	8.59585997449189E-5	-0.12932797186688624	5386.559385258334	-1032.4432476471623	-1032.4432476471623	11831.395995152267	4855.906238070523	-2559.1168016459524
3080000	-3733.52112438847	-995.2789899039254	-2738.2421344845447	342.0	1.7377021139700037E-4	5.9115973083218855E-6	5.9115973083218855E-6	6.373932327413577E-5	-0.05617116791907553	5772.941051510748	-535.4199107893585	-535.4199107893585	15738.560363889368	4924.41988307592	-2738.2421344845447
3090000	-3532.0297241438852	-956.3323885698259	-2575.6973355740593	419.0	2.0296788659880755E-4	2.6078240646298363E-5	2.6078240646298363E-5	8.885374590175612E-5	-0.19418995138762749	5119.960130014715	-1502.6890652151774	-1502.6890652151772	11695.48313931809	5096.155548123815	-2575.6973355740593
3100000	-3570.5597194565707	-1076.6074978432223	-2493.9522216133482	691.0	3.1893525607626296E-4	4.656471479554802E-6	4.656471479554802E-6	8.898121698605542E-5	-0.02764117570368592	3137.8300132180702	-164.2056206820681	-164.20562068206806	11246.919885871219	4714.785463873225	-2493.9522216133482
3110000	-3662.9986177658875	-1036.6015177988	-2626.397099967088	597.0	2.2331601138503E-4	2.1234412985819256E-5	2.1234412985819256E-5	8.206956824898491E-5	-0.1568517086883905	4590.9068504796805	-1187.8362969664834	-1187.8362969664834	12492.121359515171	4778.893844125544	-2626.397099967088
3120000	-3648.3377316449396	-1005.905853045634	-2642.4318785993055	424.0	1.9190270798236688E-4	1.3860948524726927E-5	1.3860948524726927E-5	9.135440128304292E-5	-0.10468577228213495	5268.714310795695	-799.4073282486376	-799.4073282486377	11067.671941656294	4736.090816480214	-2642.4318785993055
3130000	-3782.084064759074	-1003.7481116791354	-2778.3359530799385	666.0	1.5441645646883871E-4	1.9244161950938985E-5	1.9244161950938985E-5	5.362561678895825E-5	-0.21147842234590025	6779.179797457167	-2432.7857044557422	-2432.785704455742	19520.83695760903	5152.801280539474	-2778.3359530799385
3140000	-3682.942727959615	-1029.0517928002907	-2653.890935159324	522.0	1.709687343727125E-4	1.5539447937458103E-5	1.5539447937458103E-5	7.824651281336519E-5	-0.13435218739275873	5956.541260358644	-1182.945532965067	-1182.945532965067	13015.050561440621	4943.1436764461605	-2653.890935159324
3150000	-3801.249544327741	-932.6699216408718	-2868.5796226868692	191.0	1.7677019562966509E-4	2.370187785719709E-5	2.370187785719709E-5	6.861456858658507E-5	-0.21521377527087754	5931.805498253204	-2049.053608998942	-2049.053608998942	15281.979322512982	5307.051826868079	-2868.5796226868692
3160000	-3527.5685027559457	-996.014872785299	-2531.553629970647	161.0	2.4163873221072328E-4	1.700994500015296E-5	1.700994500015296E-5	9.094960500273052E-5	-0.11474115744921998	4193.620648683669	-784.3162879429046	-784.3162879429045	11141.78755246062	4781.526558724937	-2531.553629970647
3170000	-3706.726849297268	-921.4333171521364	-2785.293532145132	443.0	2.630038523788165E-4	1.9516466249043576E-5	1.9516466249043576E-5	1.0026553879155255E-4	-0.12018334406765763	3857.9500445403473	-750.9414774232619	-750.9414774232617	10119.685549274916	4862.549973025829	-2785.293532145132
3180000	-3551.9637371246354	-931.2630099804949	-2620.7007271441403	200.0	1.776627582853332E-4	8.444760430320975E-6	8.444760430320975E-6	6.852384715990293E-5	-0.07653644120093242	5661.8075327979095	-697.7513697602607	-697.7513697602607	14679.44934279984	4944.583216849373	-2620.7007271441403
3190000	-3531.0216836541804	-959.1640975097719	-2571.8575861444083	728.0	1.8919735922497683E-4	2.440672229025154E-5	2.440672229025154E-5	8.229293929511114E-5	-0.19560080472109295	5495.75170794433	-1629.9488979359062	-1629.9488979359062	12635.12664641199	4909.848816321551	-2571.8575861444083
3200000	-3638.0935901463045	-1032.0262691785163	-2606.0673209677884	505.0	2.1514948156564636E-4	1.3273660889364271E-5	1.3273660889364271E-5	8.419900519524477E-5	-0.09862047412508261	4693.581014794303	-739.9256392955143	-739.9256392955143	11993.271413097236	5033.099918298675	-2606.0673209677884
3210000	-3452.7106598300943	-978.5181150121331	-2474.1925448179613	406.0	2.3603617900956147E-4	3.6621821696475375E-5	3.6621821696475375E-5	1.0179766522183187E-4	-0.2362554019248558	4487.092997140805	-1614.236626338185	-1614.2366263381853	10404.131407117335	4712.656312876375	-2474.1925448179613
3220000	-3513.7531119623495	-1061.050934657922	-2452.7021773044276	114.0	2.9617231939310125E-4	4.8272204882526636E-5	4.8272204882526636E-5	1.3827620037407687E-4	-0.23853449064776644	3580.1167669941037	-1249.8183318038832	-1249.818331803883	7668.213934937995	4881.78485880878	-2452.7021773044276
3230000	-3589.2271055428737	-1029.6950828343847	-2559.532022708489	927.0	2.0911038384567406E-4	1.6162268129247496E-5	1.6162268129247496E-5	8.487473423201087E-5	-0.12131801451600578	4853.598846509892	-924.246380962608	-924.246380962608	11958.068876565814	4874.140612982691	-2559.532022708489
3240000	-3563.7044763852946	-999.7796618032578	-2563.9248145820366	216.0	1.9723641718541037E-4	9.147378176558678E-6	9.147378176558678E-6	7.524574880930753E-5	-0.07508654090055884	5098.804623008212	-619.8449064975293	-619.8449064975293	13365.139847557077	4626.142644403884	-2563.9248145820366
3250000	-3341.6836798842346	-931.437309776668	-2410.2463701075667	790.0	2.476992028676688E-4	1.3516943735852989E-5	1.3516943735852989E-5	1.022388759873368E-4	-0.08493920042852617	4066.4930924360187	-537.6287425098509	-537.6287425098509	9852.094790127016	4764.0946625171255	-2410.2463701075667
3260000	-3657.1737242362265	-975.8808761214132	-2681.2928481148133	56.0	1.4735732395282196E-4	2.7565952590818757E-5	2.7565952590818757E-5	6.99433581913239E-5	-0.271527550483677	7326.378771492799	-2887.459440035914	-2887.459440035914	15435.283605897268	4949.183134013101	-2681.2928481148133
3270000	-3479.36962988757	-959.1557157593016	-2520.2139141282687	445.0	2.4304994724088692E-4	3.5568841287569064E-5	3.5568841287569064E-5	9.913409541794952E-5	-0.22914502252504088	4342.388352071042	-1558.028259123426	-1558.028259123426	10646.359917046379	4669.443216246636	-2520.2139141282687
3280000	-3589.1414424344052	-1027.7136562742626	-2561.4277861601427	425.0	1.9887038410826603E-4	2.213692014190484E-5	2.213692014190484E-5	7.920930002328995E-5	-0.1763778540668618	5189.852699964354	-1450.4275979408947	-1450.4275979408947	13030.136607743803	4887.370829889902	-2561.4277861601427
3290000	-3479.763515271156	-986.9838287199168	-2492.779686551239	877.0	2.828507532156329E-4	2.7943058714148493E-5	2.7943058714148493E-5	1.1474854554482703E-4	-0.15510352883074982	3622.5822395891537	-882.1552180644143	-882.1552180644144	8929.525949007191	4757.775739507374	-2492.779686551239
3300000	-3568.1213482739067	-1079.8540051619877	-2488.267343111919	106.0	2.4832935764327284E-4	2.3075703978871953E-5	2.3075703978871953E-5	1.0619044095767543E-4	-0.14210135344905825	4109.900482852297	-893.1015453897838	-893.1015453897838	9611.118832167524	4824.552790745396	-2488.267343111919
3310000	-3503.4005700413954	-920.8021783037442	-2582.598391737651	691.0	2.041519092120271E-4	2.6475706889654108E-5	2.6475706889654108E-5	7.248751126595916E-5	-0.2176402654318999	5141.869646340341	-1878.0425930452163	-1878.0425930452163	14481.425653700308	4827.93231625768	-2582.598391737651
3320000	-3543.5638425447896	-940.9942720782046	-2602.569570466585	447.0	1.684661685176202E-4	1.910149677351513E-5	1.910149677351513E-5	8.677160528170506E-5	-0.15798732074854413	6087.862934097423	-1340.153772835436	-1340.1537728354358	11819.522522813895	5051.479625276714	-2602.569570466585
3330000	-3648.779509698331	-1042.1727970698932	-2606.606712628438	526.0	2.0730385499259632E-4	1.7217817614979963E-5	1.7217817614979963E-5	8.715311739829063E-5	-0.12809522796938852	4904.308769630848	-968.886672603485	-968.8866726034851	11665.470431450249	4742.397411184822	-2606.606712628438
3340000	-3642.3346951607687	-1068.5193201116854	-2573.8153750490833	690.0	1.8299531237743144E-4	9.713932752489636E-6	9.713932752489636E-6	8.662625218733195E-5	-0.07715256114871104	5497.343889657512	-616.4508738755306	-616.4508738755305	11612.971090548392	4744.783414533891	-2573.8153750490833
3350000	-3451.7561236691863	-1031.8683155021577	-2419.8878081670287	729.0	2.3365075449804514E-4	2.3847808571145223E-5	2.3847808571145223E-5	1.1695576214890382E-4	-0.1442627050511193	4370.8571111515075	-891.2375223194331	-891.237522319433	8731.968763740533	4573.643585700163	-2419.8878081670287
3360000	-3693.127353551951	-1009.9579018679268	-2683.169451684024	856.0	1.9339227251871438E-4	-3.948780235576558E-6	-3.948780235576558E-6	6.981838958497465E-5	0.033982747789041416	5176.81575006075	292.7897340310553	292.7897340310553	14339.433611490467	4892.463802078088	-2683.169451684024
3370000	-3409.5972247288864	-981.4683363212421	-2428.1288884076444	492.0	2.75267210387386E-4	3.359481528797295E-5	3.359481528797295E-5	1.04832694247677E-4	-0.1977637292409389	3780.6986941232453	-1211.5673950768985	-1211.5673950768983	9927.269258078808	4528.563833921481	-2428.1288884076444
3380000	-3379.6252833828535	-1019.3208388482805	-2360.304444534573	868.0	3.280456858981646E-4	3.3336407421700876E-5	3.3336407421700876E-5	1.4038836156778545E-4	-0.15534099302342785	3123.734173588102	-741.7571793338632	-741.7571793338632	7299.2341252124625	4415.224403646153	-2360.304444534573
3390000	-3643.4065079941765	-979.8843218042992	-2663.522186189877	447.0	1.9804518254499276E-4	1.2786620849594377E-5	1.2786620849594377E-5	6.44452921442108E-5	-0.11318217825047593	5114.875420201461	-1014.8448476992578	-1014.8448476992579	15718.393114301238	5173.368532407281	-2663.522186189877
3400000	-3568.7342229143005	-1055.497801436247	-2513.236421478053	203.0	2.8424629670472523E-4	1.0528961043050092E-5	1.0528961043050092E-5	9.843718587885431E-5	-0.06294460556094808	3532.069881223825	-377.7944874054445	-377.79448740544456	10199.171933620257	4655.389236320235	-2513.236421478053
3410000	-3779.2890442826197	-1007.1149531514297	-2772.17409113119	400.0	2.3563213204347156E-4	8.468326428418923E-6	8.468326428418923E-6	7.623972884618597E-5	-0.06318146074128139	4260.912496876596	-473.2807743752313	-473.28077437523115	13169.090594685813	4846.89998630495	-2772.17409113119
3420000	-3591.5931717447747	-1101.0542731880018	-2490.538898556773	456.0	3.0166945776017277E-4	3.6198662751810864E-5	3.6198662751810864E-5	1.080097332137715E-4	-0.20053741348286844	3453.7811435976428	-1157.5091902894737	-1157.5091902894737	9646.355507140217	4566.825674747204	-2490.538898556773
3430000	-3601.940267936416	-947.3049919912661	-2654.63527594515	644.0	1.9107886731458803E-4	1.8089536894365455E-5	1.8089536894365455E-5	8.591256664009045E-5	-0.14118637012810262	5339.884180677001	-1124.352765558272	-1124.352765558272	11876.481645686448	5033.104041424731	-2654.63527594515
3440000	-3504.6116223398903	-956.8061392382996	-2547.8054831015907	216.0	2.1307976255328093E-4	2.033193980859668E-5	2.033193980859668E-5	8.286585360638084E-5	-0.15301003308216166	4805.586994143998	-1179.09731521051	-1179.09731521051	12356.999790351403	4748.197682145792	-2547.8054831015907
3450000	-3588.8560957523678	-1017.3426086230198	-2571.513487129348	232.0	1.948878708676446E-4	2.792926481433928E-5	2.792926481433928E-5	1.0579004925200256E-4	-0.19451123383220884	5332.924836586319	-1407.9270314090236	-1407.9270314090234	9824.386832675715	4348.161849820478	-2571.513487129348
3460000	-3430.238555595217	-954.2848192455224	-2475.9537363496947	15.0	2.2903114990792972E-4	3.222727350645458E-5	3.222727350645458E-5	1.1494158015510164E-4	-0.19862673620999086	4545.552066835793	-1274.4800401914874	-1274.4800401914877	9057.40999409395	4594.223643495063	-2475.9537363496947
3470000	-3514.0386585293086	-962.5348770774422	-2551.5037814518664	726.0	1.8860293004782712E-4	2.420465346910773E-5	2.420465346910773E-5	9.684683103738803E-5	-0.17909437442747683	5477.845328042658	-1369.062327619752	-1369.0623276197518	10667.748940786714	4618.487748181428	-2551.5037814518664
3480000	-3556.995348568364	-929.3969584712094	-2627.5983900971546	284.0	1.690204862820984E-4	2.0336972501067092E-5	2.0336972501067092E-5	7.154078112354116E-5	-0.18494380526505957	6125.976771286168	-1741.4378090823936	-1741.4378090823936	14473.081738478728	5035.275020170598	-2627.5983900971546
3490000	-3432.7310932917308	-853.2853781733209	-2579.44571511841	131.0	2.313766094062624E-4	1.9150942341402804E-5	1.9150942341402804E-5	7.227411007106517E-5	-0.148094539629188	4418.872736156869	-1170.8975302625936	-1170.8975302625936	14146.473613918295	4590.373267416618	-2579.44571511841
3500000	-3432.6438345474153	-870.234757474884	-2562.4090770725315	317.0	1.860051814063196E-4	4.7279702540991635E-5	4.7279702540991635E-5	8.026394359616506E-5	-0.3869474307720694	6322.913500375641	-3724.530045449497	-3724.530045449497	14652.839369208754	4918.25119028601	-2562.4090770725315
3510000	-3585.485197471088	-1029.4862999502657	-2555.9988975208225	727.0	2.3294989663180313E-4	4.250493046299076E-6	4.250493046299076E-6	8.8630406213139E-5	-0.02958126071298354	4296.528274284623	-206.05077121227114	-206.05077121227112	11292.691302387911	4824.670858712987	-2555.9988975208225
3520000	-3581.519279067237	-977.1850132653374	-2604.3342658019	601.0	2.0319153420651315E-4	1.3575247921416183E-5	1.3575247921416183E-5	8.820058706514873E-5	-0.10140496677511844	4972.5979444002	-765.3492131395413	-765.3492131395413	11455.590477742659	4700.5283763270345	-2604.3342658019
3530000	-3574.4270187964967	-1020.7123031979369	-2553.71471559856	180.0	2.3380112250503905E-4	2.5782064546828167E-5	2.5782064546828167E-5	8.112496183792192E-5	-0.18720487009595568	4432.478583059676	-1408.6718359164572	-1408.6718359164572	12774.347681905094	4721.794693328163	-2553.71471559856
3540000	-3849.9878357769326	-1134.5008091692298	-2715.487026607703	700.0	2.1975703271643723E-4	6.295898482603653E-7	6.295898482603653E-7	6.674646580950756E-5	-0.005198429852789364	4550.603054845642	-42.92382303761351	-42.923823037613516	14982.471540250246	5472.355571178578	-2715.487026607703
3550000	-3616.985166798626	-1051.3737694929662	-2565.61139730566	230.0	2.6073964542590094E-4	2.04172671949656E-5	2.04172671949656E-5	7.537502953511558E-5	-0.1456398856735815	3918.355530024597	-1061.387468964268	-1061.3874689642678	13554.497263251587	4793.942579250113	-2565.61139730566
3560000	-3829.77891308338	-1070.875830467838	-2758.903082615542	992.0	1.863771000069016E-4	9.01273326894177E-6	9.01273326894177E-6	5.9812220601807976E-5	-0.08536213725093876	5404.8495232983205	-814.4233172105698	-814.4233172105701	16841.711777134326	5473.353027958159	-2758.903082615542
3570000	-3868.6484744069994	-1119.8935326145854	-2748.7549417924142	480.0	1.9321486189250006E-4	2.460627928508407E-5	2.460627928508407E-5	5.4329573844664564E-5	-0.24016379377477634	5492.378256695827	-2487.5400957493944	-2487.5400957493944	19532.80747909033	5477.256832101984	-2748.7549417924142
3580000	-3611.693663289586	-1055.7786195102692	-2555.915043779317	682.0	2.2768649709913882E-4	2.5759864028625718E-5	2.5759864028625718E-5	9.083978938358977E-5	-0.17911702576557534	4537.582830281038	-1286.7435902243726	-1286.7435902243726	11373.279781189403	4752.042506223512	-2555.915043779317
3590000	-3605.1162526453713	-1003.5848632854577	-2601.5313893599136	256.0	2.11648910134215E-4	2.394825871334252E-5	2.394825871334252E-5	6.993124426671514E-5	-0.19684767750729826	4915.267551010628	-1683.2547481630745	-1683.2547481630743	14876.197772511588	4824.149022932277	-2601.5313893599136
3600000	-3651.0692423405644	-1050.450448645161	-2600.6187936954034	263.0	2.0527248816329562E-4	1.2835300351167341E-5	1.2835300351167341E-5	9.585302596929078E-5	-0.09150350897737987	4912.706999569061	-657.8412026027515	-657.8412026027514	10520.727741468098	4611.537649424008	-2600.6187936954034
3610000	-3449.4187259116293	-934.9510229557578	-2514.4677029558716	279.0	2.3920705671039922E-4	1.0316285391434888E-5	1.0316285391434888E-5	9.870322836063871E-5	-0.06713835181151934	4199.407752345006	-438.9146086479116	-438.9146086479116	10177.255445941135	4973.268549231604	-2514.4677029558716
3620000	-3685.852518638343	-983.9253457942206	-2701.9271728441227	621.0	1.4848934562457645E-4	1.648455649921546E-6	1.648455649921546E-6	6.940679251847675E-5	-0.016237854038662448	6736.266048150232	-159.99062085302137	-159.99062085302137	14411.611618223098	5008.17834185187	-2701.9271728441227
3630000	-3421.709792746105	-880.0971467147566	-2541.6126460313485	482.0	2.2584021730430974E-4	4.440101518261041E-5	4.440101518261041E-5	7.746141810465358E-5	-0.3356986051106779	4990.281907569294	-2860.437985322386	-2860.437985322386	14549.260496271609	5008.4369730558055	-2541.6126460313485
3640000	-3402.6852761522077	-1009.4968755396507	-2393.188400612557	898.0	2.728556182833904E-4	3.2659409074971204E-5	3.2659409074971204E-5	1.3498809248078668E-4	-0.1701743662997903	3774.241388678266	-913.1508653481828	-913.150865348183	7628.991185316206	4698.960376688385	-2393.188400612557
3650000	-3500.0542656880843	-865.5865870049232	-2634.467678683161	317.0	1.4855578739496412E-4	1.0894071399318677E-5	1.0894071399318677E-5	7.269351567493781E-5	-0.10483289832171219	6806.2784702424815	-1020.0095968673966	-1020.0095968673966	13909.246897586216	4746.575051172773	-2634.467678683161
3660000	-3586.167675443621	-922.312431157827	-2663.855244285794	502.0	1.9234534302608417E-4	6.972254792205298E-6	6.972254792205298E-6	6.236980682202343E-5	-0.0636568599575276	5220.135133624772	-583.5533899476936	-583.5533899476936	16098.633843531858	5145.302568871209	-2663.855244285794
3670000	-3602.129579580753	-995.8886104929699	-2606.2409690877835	616.0	2.3049238504508284E-4	2.247229698597552E-5	2.247229698597552E-5	8.309005168198316E-5	-0.16238453284283813	4456.038222579765	-1205.1673129526318	-1205.1673129526316	12361.081224326272	4909.747033590175	-2606.2409690877835
3680000	-3579.7781106730895	-1109.1336302337459	-2470.6444804393436	243.0	2.971376321167169E-4	2.2962747561277968E-5	2.2962747561277968E-5	1.0034549610656418E-4	-0.13298298593687233	3426.0313584590667	-784.0022350158221	-784.0022350158221	10144.977950271477	5163.880089628426	-2470.6444804393436
3690000	-3846.506271404891	-1110.7053052481851	-2735.8009661567057	958.0	2.4379488019670432E-4	2.711449447557756E-5	2.711449447557756E-5	9.337498883856183E-5	-0.17971070167417347	4238.70170172297	-1230.846239496684	-1230.8462394966841	11066.92259259856	4672.8291668157035	-2735.8009661567057
3700000	-3585.971837181749	-977.6760610189813	-2608.2957761627677	585.0	1.9637159556032527E-4	2.5019659542605943E-5	2.5019659542605943E-5	8.456895492491672E-5	-0.19414963543273447	5291.857903300834	-1565.5920450475612	-1565.5920450475612	12287.849375368469	4841.196809865453	-2608.2957761627677
3710000	-3700.1982529983525	-959.683701254588	-2740.5145517437645	537.0	1.9129345623846366E-4	1.9886459500836007E-5	1.9886459500836007E-5	5.843907130688196E-5	-0.18808569243682535	5419.284181262516	-1844.1493504963837	-1844.1493504963835	17739.392125659215	4923.445369024737	-2740.5145517437645
3720000	-3618.4670210503855	-988.3364713976362	-2630.1305496527493	224.0	2.0260342130534398E-4	-9.662149416069601E-7	-9.662149416069601E-7	7.745487955851748E-5	0.007713046866104441	4936.044456644036	61.57494445320861	61.57494445320861	12911.510550807974	4679.1888663906075	-2630.1305496527493
3730000	-3636.1567450524262	-992.2783453516012	-2643.878399700825	283.0	1.8787699056324267E-4	2.0650471017801128E-5	2.0650471017801128E-5	7.51351678331161E-5	-0.17380870910675444	5488.434238342823	-1508.464750138635	-1508.4647501386348	13723.939632295986	4859.421580535346	-2643.878399700825
3740000	-3740.2361407122958	-1040.8140359540735	-2699.4221047582223	480.0	1.8131687376931365E-4	3.979977049266668E-5	3.979977049266668E-5	6.701837278046649E-5	-0.3610476453964099	6341.908533654948	-3766.228478148292	-3766.228478148292	17157.907322220177	5394.2884859640535	-2699.4221047582223
3750000	-3750.074987422604	-984.4838526985262	-2765.5911347240776	246.0	1.417213104630641E-4	-1.0515712385737108E-5	-1.0515712385737108E-5	6.706871704574281E-5	0.10786017487752003	7139.157497524969	1119.349381161549	1119.349381161549	15085.583871559535	4894.4163298881995	-2765.5911347240776
3760000	-3637.72292579048	-966.0156172605547	-2671.7073085299253	528.0	1.924446102875839E-4	3.070028365627493E-5	3.070028365627493E-5	6.976365095309732E-5	-0.2649567034158492	5588.6339586397535	-2459.3415831502393	-2459.3415831502393	15416.373276299053	4869.246445721225	-2671.7073085299253
3770000	-3553.803862517427	-886.7165304114702	-2667.087332105957	219.0	1.3756043258538475E-4	1.1568820088109573E-5	1.1568820088109573E-5	8.027972615792925E-5	-0.11008784226505561	7358.714959863641	-1060.437716028936	-1060.437716028936	12609.260913023216	5342.356422389402	-2667.087332105957
3780000	-3416.8027251920676	-940.8967309049149	-2475.9059942871527	641.0	2.5706994767156304E-4	4.095821407165487E-5	4.095821407165487E-5	9.845172846668741E-5	-0.2574563953290546	4166.139375209769	-1733.2110978623389	-1733.2110978623389	10878.318216017899	4958.9205819586505	-2475.9059942871527
3790000	-3548.841258260045	-1022.4730570304503	-2526.368201229595	200.0	2.0591228296199313E-4	1.794195467742097E-5	1.794195467742097E-5	1.0572093452050587E-4	-0.12160407588911601	4929.329569360498	-836.5590800408854	-836.5590800408854	9600.837428297657	4777.608587642228	-2526.368201229595
3800000	-3646.138186053515	-952.293577127268	-2693.8446089262466	370.0	2.1116888263489393E-4	2.3826274961964386E-5	2.3826274961964386E-5	9.106189009001713E-5	-0.1718196611545464	4879.601785521315	-1276.744132279644	-1276.7441322796437	11315.601463281417	4807.510094885815	-2693.8446089262466
3810000	-3522.675447511421	-1065.4551423259593	-2457.2203051854617	508.0	3.283536267161006E-4	2.6717202475857964E-5	2.6717202475857964E-5	1.1111309643936915E-4	-0.13987414594426684	3106.270534762475	-746.9043837449539	-746.9043837449539	9179.432743170619	4702.374313188921	-2457.2203051854617
3820000	-3709.6761015854518	-1049.5626518279516	-2660.1134497575	244.0	1.970137016569007E-4	6.697461947438431E-6	6.697461947438431E-6	8.453742250181846E-5	-0.05189643654381707	5089.4963387004045	-403.2144232850244	-403.2144232850244	11861.025372935175	4988.567981828985	-2660.1134497575
3830000	-3634.8824258552677	-981.5483481506819	-2653.334077704586	174.0	1.657711769970026E-4	8.413749872302764E-6	8.413749872302764E-6	6.497354892568488E-5	-0.08107123556628587	6072.322388148857	-786.3354020619261	-786.3354020619262	15492.70504740364	4808.413767352146	-2653.334077704586
3840000	-3767.1643974044678	-1031.4361045388723	-2735.7282928655954	616.0	1.5524417599461197E-4	1.757544429140456E-5	1.757544429140456E-5	6.861819160256874E-5	-0.17028602977267787	6633.828811939996	-1699.1483745048336	-1699.1483745048338	15008.60432993963	5034.599010619376	-2735.7282928655954
3850000	-3716.8182336944383	-1032.2993153305558	-2684.5189183638827	591.0	1.719596509951233E-4	2.723844621273286E-5	2.723844621273286E-5	8.438496963328494E-5	-0.2261187121911005	6128.674821100198	-1978.2620079775627	-1978.2620079775627	12489.010636359744	4936.288422893273	-2684.5189183638827
3860000	-3516.15065981413	-997.3479225979694	-2518.8027372161605	619.0	2.4668002384831735E-4	6.291850722906613E-6	6.291850722906613E-6	8.956742555879734E-5	-0.04232884064527142	4061.1109533043123	-285.2812138781183	-285.2812138781183	11184.813458260374	4896.901962889075	-2518.8027372161605
3870000	-3724.123093941669	-1039.2389076350526	-2684.8841863066164	285.0	1.8093354441143432E-4	3.234373473899812E-5	3.234373473899812E-5	6.871212161069366E-5	-0.2900774319117468	6034.678651736941	-2840.605718052781	-2840.605718052781	15890.58483784107	5086.000472224267	-2684.8841863066164
3880000	-3583.692066579511	-1020.8748993057242	-2562.8171672737867	188.0	1.8818291317511095E-4	1.312345444758172E-5	1.312345444758172E-5	9.512299325553917E-5	-0.09808787376583622	5365.602441263743	-740.254662009993	-740.2546620099929	10614.833110055657	4703.898219422622	-2562.8171672737867
3890000	-3531.4589401103085	-1007.901295419433	-2523.5576446908753	833.0	2.5252033147343513E-4	2.173850677420736E-5	2.173850677420736E-5	1.039845334987045E-4	-0.13415200245368852	4032.6518378000724	-843.0468103713599	-843.0468103713599	9793.058107155126	4614.885629426182	-2523.5576446908753
3900000	-3610.11755963894	-996.1164667823879	-2614.001092856552	398.0	2.0103826082406393E-4	1.4395398696267716E-5	1.4395398696267716E-5	6.774333917678435E-5	-0.12335337555560792	5051.03434947114	-1073.3402600576053	-1073.3402600576053	14989.68272482618	5105.7720438161	-2614.001092856552
3910000	-3530.8151345236884	-943.883101236486	-2586.932033287202	476.0	1.8649033206022023E-4	1.7691504191092153E-5	1.7691504191092153E-5	8.61177907835157E-5	-0.13960152369187306	5468.7871917655475	-1123.4736823024837	-1123.4736823024834	11842.80193534942	4669.08550365752	-2586.932033287202
3920000	-3500.205169773886	-924.3497948611271	-2575.855374912759	540.0	2.252536830451487E-4	1.801574130712218E-5	1.801574130712218E-5	7.93229944266543E-5	-0.13477726420108735	4521.57303633559	-1026.934128151228	-1026.934128151228	12839.92097063331	5004.6148446519455	-2575.855374912759
3930000	-3492.474517645768	-933.414010363437	-2559.060507282331	744.0	2.487719009432696E-4	2.8597151198332206E-6	2.8597151198332206E-6	8.389037396713032E-5	-0.019795480320195572	4021.3223875493477	-137.0817161681092	-137.08171616810918	11924.991716550809	4581.18590804843	-2559.060507282331
3940000	-3554.531643141641	-985.4918254257141	-2569.039817715927	556.0	2.358426078267997E-4	2.2581563849971182E-5	2.2581563849971182E-5	7.960676281473949E-5	-0.1648040571184249	4358.494285713049	-1236.3474348480936	-1236.3474348480938	12912.45394481042	4748.553045431016	-2569.039817715927
3950000	-3676.8445131486906	-1031.5062584965624	-2645.3382546521284	485.0	1.7430868389016596E-4	1.2935670760856346E-6	1.2935670760856346E-6	7.176006903460399E-5	-0.011566128620767877	5737.716394323202	-103.42968059345364	-103.42968059345363	13937.191068576358	4775.101908746058	-2645.3382546521284
3960000	-3521.283261847916	-938.7103796856928	-2582.5728821622233	982.0	2.0952029528960645E-4	4.017861818390264E-5	4.017861818390264E-5	8.599895297219085E-5	-0.29931974450705984	5242.49451547952	-2449.2877900126055	-2449.287790012605	12772.35316216698	4622.716531282752	-2582.5728821622233
3970000	-3757.800925981849	-1044.7718563714675	-2713.0290696103816	838.0	1.572548258716206E-4	4.641478505715202E-6	4.641478505715202E-6	6.365813595421779E-5	-0.04639032273442565	6372.820025383992	-464.6587074099108	-464.65870740991085	15742.790585694755	4968.208751714273	-2713.0290696103816
3980000	-3373.2540398347564	-938.6601068296266	-2434.59393300513	51.0	2.644668203674463E-4	1.5258166316070715E-5	1.5258166316070715E-5	9.767887742609525E-5	-0.09493282781422185	3815.579585872266	-596.021877477985	-596.021877477985	10330.730937177957	4487.415098842466	-2434.59393300513
3990000	-3679.08619938198	-1046.7803559125282	-2632.3058434694517	623.0	1.9198403083935242E-4	1.1647114566784142E-5	1.1647114566784142E-5	9.635014168427226E-5	-0.08563663932180636	5247.247956563771	-634.3041851530396	-634.3041851530396	10455.488657357204	4989.051776599054	-2632.3058434694517
4000000	-3361.5212953459522	-936.974665043191	-2424.5466303027615	535.0	2.1509129797307676E-4	2.5601685053313946E-5	2.5601685053313946E-5	1.0683204947974772E-4	-0.16889093907620015	4785.696471882043	-1146.8645825905119	-1146.8645825905119	9635.326391799868	4517.686139131179	-2424.5466303027615
4010000	-3596.395213541514	-983.9957153461087	-2612.399498195405	14.0	2.0368174512648532E-4	1.4005593478839058E-5	1.4005593478839058E-5	7.613293251711453E-5	-0.11247064445443797	4972.520776579753	-914.756627116675	-914.756627116675	13303.201071675416	5027.233954095033	-2612.399498195405
4020000	-3744.434263212427	-1054.5304207942936	-2689.9038424181335	867.0	1.5591416082350005E-4	1.642352232276553E-5	1.642352232276553E-5	7.827285883266884E-5	-0.14866814624626656	6558.748490062458	-1376.1826748429326	-1376.1826748429326	13064.576688920955	5216.551239773989	-2689.9038424181335
4030000	-3480.546218554563	-1012.504767719987	-2468.041450834576	118.0	2.6204437337830176E-4	2.5375460317484427E-5	2.5375460317484427E-5	1.2804253450266178E-4	-0.13853176856967822	3890.8164311463606	-771.0817216689694	-771.0817216689694	7962.71768275997	4609.9362700255415	-2468.041450834576
4040000	-3491.2241426357295	-934.8103502444089	-2556.4137923913204	376.0	2.3639605947750207E-4	1.3877521202602671E-5	1.3877521202602671E-5	6.786633171171325E-5	-0.10956317153347502	4281.585487165405	-875.5120820629046	-875.5120820629046	14913.87425773114	4837.75149587346	-2556.4137923913204
4050000	-3693.2575320603332	-981.5611616935329	-2711.6963703668002	601.0	1.9063347749964616E-4	1.780728605376773E-5	1.780728605376773E-5	6.303566353352884E-5	-0.16244449027615968	5387.843923241155	-1522.0412156552795	-1522.0412156552795	16294.005103420204	4867.037857505679	-2711.6963703668002
4060000	-3342.129902126722	-881.333780768883	-2460.7961213578387	727.0	2.3571783611045106E-4	1.1923868334640666E-5	1.1923868334640666E-5	9.89337448565137E-5	-0.07808160373836026	4268.383554047472	-514.4416960464093	-514.4416960464093	10169.777122140988	4736.082385506195	-2460.7961213578387
4070000	-3460.8570405656096	-935.5112634418425	-2525.345777123767	821.0	1.9765467192474123E-4	1.301176657542465E-5	1.301176657542465E-5	7.80377753731987E-5	-0.10476839272755824	5115.4785521323665	-852.9383689325089	-852.938368932509	12956.523044441179	4902.323525642916	-2525.345777123767
4080000	-3557.1406094253084	-903.4288907733852	-2653.711718651923	789.0	2.1368957484315347E-4	1.830461854502114E-5	1.830461854502114E-5	9.628644952440143E-5	-0.12761050550270364	4757.1530559068015	-904.3626852871741	-904.3626852871741	10557.602019824317	4912.722352133056	-2653.711718651923
4090000	-3599.2013675280296	-1024.9776408262346	-2574.223726701795	825.0	2.1931890143008658E-4	1.2678480205282086E-5	1.2678480205282086E-5	9.339085407031474E-5	-0.0885884274391464	4595.636672264361	-623.8907349118302	-623.8907349118301	10792.384290371463	4758.165173863634	-2574.223726701795
4100000	-3638.0887813015916	-926.2654032485191	-2711.8233780530722	666.0	1.6159071967963577E-4	4.2147843246354985E-6	4.2147843246354985E-6	6.274473430143478E-5	-0.04185800314697425	6199.336011557065	-416.4311879803687	-416.43118798036863	15965.565537831626	5124.6307225478295	-2711.8233780530722
4110000	-3503.6603811433374	-955.7945285699933	-2547.865852573344	101.0	2.0991579383905577E-4	-9.151744797284214E-7	-9.151744797284214E-7	8.625870264175377E-5	0.006801111301528823	4764.035325618778	50.54473829311402	50.544738293114015	11593.56942113914	5256.543370005272	-2547.865852573344
4120000	-3454.401253699674	-866.7609071491383	-2587.6403465505355	141.0	1.6888749928001327E-4	1.8405333032974876E-5	1.8405333032974876E-5	7.102807842522524E-5	-0.16804666375283367	6093.170543731568	-1578.908448187214	-1578.908448187214	14488.07793527465	5089.374777948846	-2587.6403465505355
4130000	-3491.571773977279	-960.1770459768894	-2531.3947280003895	71.0	2.3538889409900897E-4	2.6700507525129906E-5	2.6700507525129906E-5	9.054039564984542E-5	-0.18289647625808916	4395.317072974934	-1296.186036519706	-1296.186036519706	11427.041130053081	4998.006833231007	-2531.3947280003895
4140000	-3753.0419430005395	-976.5874123178089	-2776.454530682731	556.0	1.4654444074888945E-4	3.7801946166249754E-6	3.7801946166249754E-6	4.215825081670555E-5	-0.04809370040995354	6839.688774871129	-613.2928711528211	-613.292871152821	23775.14121180686	5060.116934078649	-2776.454530682731
4150000	-3447.336839913374	-887.9358265023402	-2559.401013411034	329.0	2.0588503844542309E-4	2.1145158332472328E-5	2.1145158332472328E-5	7.940190538653669E-5	-0.16538003725652792	4993.658851669262	-1329.8384536601122	-1329.838453660112	12948.299409872601	4800.003372889098	-2559.401013411034
4160000	-3463.47896961424	-915.5937517910465	-2547.8852178231937	744.0	2.1750423139461187E-4	2.1091708014799182E-5	2.1091708014799182E-5	8.74698423056464E-5	-0.152914519217166	4707.690936214801	-1135.1711633776383	-1135.1711633776383	11706.236935317796	4778.322515444342	-2547.8852178231937
4170000	-3668.1017666241955	-916.3421905510214	-2751.7595760731742	19.0	1.6719931287769127E-4	1.9042931538976465E-5	1.9042931538976465E-5	5.4096791984782326E-5	-0.20023076476689272	6230.688837655032	-2193.301610371029	-2193.301610371029	19257.4615645171	5136.204541780297	-2751.7595760731742
4180000	-3620.503571762367	-987.0122777494096	-2633.491294012957	817.0	1.9501853034118257E-4	1.8287254923862455E-5	1.8287254923862455E-5	8.459393145671296E-5	-0.14237737277521836	5233.81415666934	-1131.429785316322	-1131.429785316322	12065.767926093162	5064.039019584189	-2633.491294012957
4190000	-3406.1386078080277	-988.2791141586576	-2417.85949364937	716.0	2.591533146120399E-4	1.7221660186125653E-5	1.7221660186125653E-5	1.0990952872517198E-4	-0.10204199922231721	3899.321656565749	-610.9824444220026	-610.9824444220026	9194.126694550094	4581.749905808437	-2417.85949364937
4200000	-3446.669317887717	-920.9523350493738	-2525.7169828383435	808.0	2.2827668799482557E-4	1.075497157546503E-5	1.075497157546503E-5	8.722897275520341E-5	-0.07621634295834355	4406.244372160008	-543.2717075566704	-543.2717075566704	11531.06404904356	4731.04368077984	-2525.7169828383435
4210000	-3536.1095332607774	-1004.6401597300371	-2531.46937353074	315.0	2.221953402488339E-4	2.921483445369317E-5	2.921483445369317E-5	9.226010580179086E-5	-0.20404642123506575	4696.064811983327	-1487.0431252339138	-1487.0431252339138	11309.804055188468	4698.876439306939	-2531.46937353074
4220000	-3526.6476163203215	-1006.8307206459707	-2519.8168956743507	989.0	2.643165750674125E-4	-9.009349470441683E-6	-9.009349470441683E-6	8.220032555065304E-5	0.06112156497769445	3797.528983293851	416.21812937398516	416.21812937398505	12211.02042917018	4850.8082021392775	-2519.8168956743507
4230000	-3520.3965467751013	-983.226033000809	-2537.1705137742924	288.0	2.024334990519299E-4	1.3331793081749444E-5	1.3331793081749444E-5	9.312589427414891E-5	-0.09709841605521684	4986.910972123691	-713.9202873235081	-713.9202873235081	10840.35590118027	4781.363007164821	-2537.1705137742924
4240000	-3642.0406228906318	-998.6489225797795	-2643.3917003108522	383.0	1.8990235900995657E-4	8.16608323173829E-6	8.16608323173829E-6	7.182946582288843E-5	-0.06991933738573117	5291.7337936898575	-601.6018371349754	-601.6018371349753	13990.257607542946	4808.794663654169	-2643.3917003108522
4250000	-3476.915691878172	-866.0113435346449	-2610.904348343527	786.0	1.5395184126081225E-4	1.2048912918435203E-5	1.2048912918435203E-5	6.792316559117945E-5	-0.11782744563768174	6586.986933584257	-1168.467801328944	-1168.467801328944	14929.792478899082	4870.084939516689	-2610.904348343527
4260000	-3724.911216405574	-1003.874249643554	-2721.0369667620203	687.0	1.7480754752212404E-4	4.8506801365042285E-6	4.8506801365042285E-6	4.8921199653266394E-5	-0.05245344276229252	5736.359606658137	-568.7768451525285	-568.7768451525285	20497.43182203285	5134.59245384106	-2721.0369667620203
4270000	-3629.602611785817	-1031.06464828147	-2598.537963504347	857.0	2.012759360469648E-4	2.1947681235573173E-5	2.1947681235573173E-5	7.667284102929337E-5	-0.17667371388241354	5128.378986757497	-1468.00386871751	-1468.00386871751	13462.645535318483	4906.356982655027	-2598.537963504347
4280000	-3549.2499821578863	-985.8984063369707	-2563.3515758209155	513.0	2.1404764184399685E-4	2.163890111837828E-5	2.163890111837828E-5	9.028348137174185E-5	-0.15565957125290383	4787.8666626295935	-1147.5429580969728	-1147.5429580969728	11351.263298981705	4514.675097805508	-2563.3515758209155
4290000	-3494.222477136729	-935.6688397357534	-2558.5536374009757	645.0	1.851115883134586E-4	1.270634420755108E-5	1.270634420755108E-5	8.789185984199283E-5	-0.09961608856036308	5456.291712780716	-788.8047963035145	-788.8047963035144	11491.653801275377	4566.622354341492	-2558.5536374009757
4300000	-3586.4162941370255	-935.7312171627008	-2650.6850769743246	754.0	1.8674426560140973E-4	2.6818798293962716E-5	2.6818798293962716E-5	6.821622405702682E-5	-0.23761389772454752	5675.349047578092	-2231.2293513576815	-2231.2293513576815	15536.46371625078	4774.741397337096	-2650.6850769743246
4310000	-3656.1090365923806	-999.4360500798102	-2656.6729865125703	657.0	1.965956776459749E-4	1.725451181210032E-5	1.725451181210032E-5	6.135316388464184E-5	-0.15710760632281554	5215.3102814230215	-1466.7154415015884	-1466.7154415015884	16711.56618488648	4824.258793441223	-2656.6729865125703
4320000	-3569.85840708251	-958.5904481319462	-2611.2679589505638	64.0	1.743428122273628E-4	1.691692222468172E-5	1.691692222468172E-5	8.690804781398465E-5	-0.1374324636379672	5846.247868596276	-1137.990358625224	-1137.9903586252237	11727.927620361179	4877.743119438815	-2611.2679589505638
4330000	-3417.277242011918	-974.9382256393637	-2442.3390163725544	502.0	2.948672254385011E-4	8.970979000490004E-6	8.970979000490004E-6	1.0109331045226351E-4	-0.0519595497659198	3400.5376553618275	-301.7623199809204	-301.7623199809204	9918.629620000114	4750.067711246397	-2442.3390163725544
4340000	-3768.4419413379596	-1033.6251750820888	-2734.816766255871	638.0	1.8688652765175978E-4	1.574618404516282E-5	1.574618404516282E-5	8.521078338758055E-5	-0.12477829493390924	5435.4686920572085	-1004.4255784805712	-1004.4255784805712	11921.212663871356	5062.096915053089	-2734.816766255871
4350000	-3573.379597674279	-1033.017764812017	-2540.361832862262	938.0	2.5971256970544216E-4	1.622824802667819E-5	1.622824802667819E-5	7.741902014000515E-5	-0.11444618409179497	3901.5122094199714	-817.8185115115342	-817.8185115115343	13088.150170503442	4761.967091852491	-2540.361832862262
4360000	-3400.399441934965	-956.661692949222	-2443.737748985743	219.0	2.8049813527956333E-4	2.4112365703974233E-5	2.4112365703974233E-5	1.0707473913508587E-4	-0.13913337500473755	3635.4617055775097	-818.6765884816883	-818.6765884816883	9523.63029349289	4721.271174319991	-2443.737748985743
4370000	-3625.1345855499394	-999.7321253994058	-2625.4024601505334	609.0	2.4337961993109767E-4	1.5645286922605277E-5	1.5645286922605277E-5	7.271171443313788E-5	-0.11760864205739492	4166.436757754857	-896.4868869912979	-896.486886991298	13945.838060272674	4907.105695038077	-2625.4024601505334
4380000	-3423.510025286572	-935.3562983484039	-2488.153726938168	631.0	2.3581058761069985E-4	1.2103834244370227E-5	1.2103834244370227E-5	8.909573867277304E-5	-0.08350507125809098	4270.470094881328	-580.1519011344069	-580.151901134407	11302.696149660243	4943.561134959204	-2488.153726938168
4390000	-3554.4744344725814	-961.675003093839	-2592.799431378742	330.0	1.8454493525156058E-4	8.015693762062203E-6	8.015693762062203E-6	7.963613170743192E-5	-0.06612032403848722	5442.5286356221395	-547.8121789575824	-547.8121789575823	12612.25367344053	4644.516479640401	-2592.799431378742
4400000	-3439.9081071160313	-946.4167883953697	-2493.4913187206616	47.0	2.34564278064011E-4	1.9007497083287465E-5	1.9007497083287465E-5	8.425069866052196E-5	-0.13520951036824908	4342.613722942428	-979.7214620767269	-979.7214620767269	12090.36920794298	4829.607487224037	-2493.4913187206616
4410000	-3276.43908874327	-875.1224543882633	-2401.3166343550065	593.0	2.7761090129599137E-4	2.442005958141835E-5	2.442005958141835E-5	1.1281403629104757E-4	-0.13798977047679026	3672.08483566995	-794.8703319482155	-794.8703319482154	9036.205195563713	4459.050843532158	-2401.3166343550065
4420000	-3457.2974550886565	-929.9779654490324	-2527.319489639624	181.0	2.1587881367966138E-4	1.530826141141779E-5	1.530826141141779E-5	8.803117195492052E-5	-0.11104592258060109	4690.062616864478	-815.5827416638923	-815.5827416638923	11501.438994024873	4659.387076379838	-2527.319489639624
4430000	-3449.743592873102	-890.9590467198266	-2558.7845461532756	849.0	1.8421230075966831E-4	2.1680635920592927E-5	2.1680635920592927E-5	8.405780557448151E-5	-0.17423029783849853	5598.467312162358	-1443.9864409829527	-1443.9864409829524	12269.01579517692	4787.6978327700745	-2558.7845461532756
4440000	-3661.497229823267	-969.0589386008271	-2692.4382912224396	838.0	1.5176390685538838E-4	3.210510495924043E-5	3.210510495924043E-5	7.555051166942275E-5	-0.29982727665179476	7240.035033392376	-3076.6447442832523	-3076.644744283252	14543.594453010333	5015.069791529706	-2692.4382912224396
4450000	-3453.7281426679424	-1007.6248204051325	-2446.10332226281	558.0	2.6544049140460557E-4	3.440900014192791E-5	3.440900014192791E-5	1.0837708182602917E-4	-0.20287089269239708	3929.0281799787012	-1247.4402237508489	-1247.4402237508489	9623.096998590789	4610.912369875599	-2446.10332226281
4460000	-3452.9485377997635	-960.8525931425106	-2492.095944657253	295.0	2.297208427197885E-4	4.788766080606843E-5	4.788766080606843E-5	1.0022926027051588E-4	-0.3155921269690294	4834.631046288966	-2309.896042755481	-2309.8960427554807	11080.751421244007	4788.525339134104	-2492.095944657253
4470000	-3562.459514828155	-1002.7788588124592	-2559.6806560156956	938.0	2.2708424776329505E-4	1.6266686424712186E-5	1.6266686424712186E-5	8.592144494802686E-5	-0.1164541055647931	4464.193412966488	-845.1630955684848	-845.1630955684847	11798.544631861801	4629.807559870419	-2559.6806560156956
4480000	-3763.0983302407644	-1094.7867610359704	-2668.311569204794	973.0	2.056749495113235E-4	1.595596573322941E-5	1.595596573322941E-5	8.040921524475019E-5	-0.12407362856163288	4938.058603376035	-979.8813932497727	-979.8813932497728	12630.82783287867	4986.088787239739	-2668.311569204794
4490000	-3448.5104777464385	-1026.840004881239	-2421.6704728651994	375.0	3.114170189216728E-4	1.2418570508467112E-5	1.2418570508467112E-5	1.0932563535362778E-4	-0.06730377606772021	3225.7402443642222	-366.41984779746116	-366.41984779746116	9188.608028357005	4517.828136533948	-2421.6704728651994
4500000	-3495.91594368686	-963.1050337185043	-2532.8109099683556	160.0	2.2527173000203192E-4	1.1255735161825015E-5	1.1255735161825015E-5	8.949748074772967E-5	-0.0792711417675002	4467.154627825735	-561.8159192598611	-561.815919259861	11244.1561794734	4690.20996466284	-2532.8109099683556
4510000	-3614.322193774219	-968.5466312031125	-2645.7755625711065	852.0	1.7102437713195938E-4	2.120515447942048E-5	2.120515447942048E-5	8.123490298664642E-5	-0.1799041156846352	6042.694444151524	-1577.3548616317332	-1577.3548616317332	12721.724474511238	4799.981126574394	-2645.7755625711065
4520000	-3539.1593747405877	-955.416892625904	-2583.7424821146838	718.0	2.2093786828244428E-4	1.2410737661629762E-5	1.2410737661629762E-5	7.272993001625022E-5	-0.0979052388023648	4569.964458571273	-779.8251697152414	-779.8251697152414	13882.568089611483	4737.744634103505	-2583.7424821146838
4530000	-3606.7419596201876	-887.9691805800785	-2718.772779040109	801.0	1.7051540326591831E-4	1.7053939220219916E-5	1.7053939220219916E-5	5.527796732217125E-5	-0.17565756985852338	6051.288862391867	-1866.8977435759143	-1866.8977435759143	18666.351362660418	5027.747838949835	-2718.772779040109
4540000	-3644.198484792753	-1000.3692033429924	-2643.8292814497604	364.0	1.9110155950995063E-4	9.165045559201908E-6	9.165045559201908E-6	7.65552881553555E-5	-0.0757730754886387	5263.037713631999	-630.0803195639297	-630.0803195639297	13137.886866727182	5205.609393392114	-2643.8292814497604
4550000	-3438.220251698859	-932.6973241925095	-2505.52292750635	133.0	2.176364927210435E-4	2.3760746068034632E-5	2.3760746068034632E-5	9.386030347228516E-5	-0.16624677787260447	4725.418740351771	-1196.240269857897	-1196.2402698578971	10956.959686286558	4454.529495745155	-2505.52292750635
4560000	-3454.0190292622306	-961.9257355570404	-2492.0932937051903	792.0	2.39756693044328E-4	1.6187466998130483E-5	1.6187466998130483E-5	8.199528418120514E-5	-0.11545136936425558	4227.2399932556	-834.539553918485	-834.539553918485	12360.577704052952	4625.129765844105	-2492.0932937051903
4570000	-3528.73046213074	-979.1331120271685	-2549.5973501035714	756.0	2.4026920068118582E-4	2.432622397751996E-5	2.432622397751996E-5	8.517462719091485E-5	-0.17004760853743925	4285.931073813217	-1224.0795491842657	-1224.0795491842657	12090.187738322138	4683.1098279102025	-2549.5973501035714
4580000	-3524.5580388406424	-885.9672707925415	-2638.590768048101	948.0	1.7194180065752796E-4	2.5995291290132183E-6	2.5995291290132183E-6	4.9807283965007615E-5	-0.028090374098880183	5820.514199639772	-303.7828004921676	-303.7828004921676	20093.239634224643	5410.929087701187	-2638.590768048101
4590000	-3464.167417488973	-954.5469521457592	-2509.6204653432137	365.0	2.3950314440918856E-4	4.422077192601896E-5	4.422077192601896E-5	8.592195055933133E-5	-0.3082610446482041	4613.729588545366	-2374.511781160124	-2374.5117811601235	12860.540720002555	4782.645319981013	-2509.6204653432137
4600000	-3768.616619265961	-991.3111511726153	-2777.305468093346	439.0	1.282771023710307E-4	4.738311307061916E-6	4.738311307061916E-6	5.015187524038737E-5	-0.05907523142729304	7822.924640142726	-739.1040135390807	-739.1040135390807	20009.26386290588	5636.028666133353	-2777.305468093346
4610000	-3543.939480871068	-962.0501449084055	-2581.8893359626627	992.0	2.1358973836345922E-4	1.6399428163094067E-5	1.6399428163094067E-5	7.629744892831667E-5	-0.1284646104479618	4760.435066850326	-1023.2113130968902	-1023.2113130968901	13326.527881424809	5201.385242713311	-2581.8893359626627
4620000	-3338.1941928974966	-886.0985171780042	-2452.095675719492	101.0	2.562369165417534E-4	3.167452810830292E-5	3.167452810830292E-5	1.0160942335527833E-4	-0.1963009088311015	4059.0499018604023	-1265.3205378396897	-1265.3205378396897	10236.043042043177	4938.341684520581	-2452.095675719492
4630000	-3647.3843897941697	-967.713672740972	-2679.6707170531977	415.0	1.7758455855683511E-4	2.7233861478137746E-5	2.7233861478137746E-5	6.524682097995483E-5	-0.2530037427902072	6016.224111828352	-2511.157043701826	-2511.1570437018263	16374.567941114808	4818.013459719765	-2679.6707170531977
4640000	-3808.0503078221936	-974.5351694246435	-2833.51513839755	71.0	1.1770175528647378E-4	3.219984411819611E-5	3.219984411819611E-5	6.146198919300904E-5	-0.37858115644545537	9917.456497621057	-5195.740610828007	-5195.740610828007	18992.259330910445	5530.267691675857	-2833.51513839755
4650000	-3639.042762677532	-936.9077039114094	-2702.1350587661227	614.0	1.6846844051747052E-4	1.925289991359087E-5	1.925289991359087E-5	6.921200974323793E-5	-0.178297865970346	6130.726446489103	-1705.4014629793548	-1705.4014629793548	14922.755855679248	5475.349341955547	-2702.1350587661227
4660000	-3641.7716647405164	-993.0115420812863	-2648.76012265923	862.0	1.8288483976901506E-4	1.780343004748541E-5	1.780343004748541E-5	6.978333556723038E-5	-0.15759374178841415	5607.180531508011	-1430.5284427132317	-1430.5284427132317	14695.031481732924	4863.153673169724	-2648.76012265923
4670000	-3488.638639079507	-949.2933684044185	-2539.3452706750886	485.0	2.2611601207675838E-4	4.0768870854292196E-5	4.0768870854292196E-5	9.249299783769933E-5	-0.28190877648306456	4804.320179982862	-2117.6382379138067	-2117.6382379138063	11745.037410765366	4385.437163327559	-2539.3452706750886
4680000	-3567.0235325948647	-909.2526678291547	-2657.77086476571	763.0	1.6928246247947972E-4	2.7686667998210913E-5	2.7686667998210913E-5	7.999393844246624E-5	-0.237922858639624	6261.746974752452	-2167.250581160756	-2167.250581160756	13251.053366648655	4904.029852380507	-2657.77086476571
4690000	-3539.72402977428	-1007.2427140133154	-2532.4813157609647	376.0	2.056088938050212E-4	6.155082694272373E-6	6.155082694272373E-6	9.531117375704334E-5	-0.043968437747157446	4873.023484384708	-314.6940839693801	-314.6940839693801	10512.271841959016	4705.670793927186	-2532.4813157609647
4700000	-3522.943780808194	-1060.4693368976293	-2462.4744439105643	210.0	3.0377615546040276E-4	2.8812128125056342E-5	2.8812128125056342E-5	9.959779160157841E-5	-0.1656432115739536	3384.7677624314188	-979.1618958265012	-979.1618958265013	10323.639926785598	5016.848982148125	-2462.4744439105643
4710000	-3545.4734156795084	-872.2936228510181	-2673.1797928284905	544.0	1.592870506730999E-4	2.272441785034663E-5	2.272441785034663E-5	5.7000662053774836E-5	-0.23848583054684397	6656.569919421072	-2653.770515090975	-2653.7705150909756	18601.632890922516	5326.303173409598	-2673.1797928284905
4720000	-3392.26244732789	-867.1012134659971	-2525.161233861893	113.0	2.0051475248263127E-4	1.8694942419643047E-5	1.8694942419643047E-5	7.77541813938463E-5	-0.14972319630617692	5101.525297941616	-1226.5928338217825	-1226.5928338217827	13155.962342645187	4812.072690116758	-2525.161233861893
4730000	-3579.006494458098	-970.9542060963897	-2608.052288361708	690.0	2.1888383835640278E-4	1.3583813386938873E-5	1.3583813386938873E-5	7.525672584240356E-5	-0.10583813996553537	4620.38960623939	-833.9787505177934	-833.9787505177934	13438.381757845103	4862.3777852066005	-2608.052288361708
4740000	-3305.2847652164332	-825.4100555244682	-2479.874709691965	342.0	2.1756353311433002E-4	2.5818126399777847E-5	2.5818126399777847E-5	8.188730529639791E-5	-0.1934297993529084	4775.016171061106	-1505.5077294241094	-1505.5077294241094	12686.574373083105	4562.672828529141	-2479.874709691965
4750000	-3716.8863778139175	-986.4250068517615	-2730.4613709621563	789.0	2.2920952889875156E-4	-7.867133075345206E-7	-7.867133075345206E-7	9.22628712687383E-5	0.005409868133491131	4362.948051655944	37.20228131988069	37.2022813198807	10838.913354614271	4876.880335020837	-2730.4613709621563
4760000	-3464.866715432618	-943.4034899011672	-2521.463225531451	990.0	2.122690931652666E-4	1.0879112673738121E-5	1.0879112673738121E-5	8.815568088041998E-5	-0.07952889355623163	4740.987433424116	-585.0755839882946	-585.0755839882946	11415.771430158426	4773.803111129287	-2521.463225531451
4770000	-3474.651301264841	-1044.803625272986	-2429.847675991855	936.0	2.871521802974515E-4	2.7285276773597104E-5	2.7285276773597104E-5	1.129293921893808E-4	-0.15151959787880281	3564.303955510971	-861.1843032702417	-861.1843032702417	9063.164444836615	4763.41710340848	-2429.847675991855
4780000	-3387.759008590055	-996.8410377573999	-2390.917970832655	812.0	3.1889176619792197E-4	-8.347547148330387E-8	-8.347547148330387E-8	1.2453048612764004E-4	4.188894148155364E-4	3135.860757369687	2.102035119007896	2.102035119007896	8030.163589367202	4782.530029150829	-2390.917970832655
4790000	-3629.8802042152697	-1000.5006990614588	-2629.379505153811	763.0	2.0703773677285556E-4	1.5046604699400366E-5	1.5046604699400366E-5	6.910809746968788E-5	-0.12579091816987986	4907.69352015041	-1068.5307089505875	-1068.5307089505875	14702.730886672442	4941.785084049779	-2629.379505153811
4800000	-3579.302512856996	-1003.1358215670142	-2576.166691289982	266.0	1.8856311152376263E-4	1.4037163850409047E-5	1.4037163850409047E-5	9.158125596372384E-5	-0.10681880218552293	5364.474233438759	-822.2425319860773	-822.2425319860773	11045.29461298221	4678.472654103206	-2576.166691289982
4810000	-3473.044208121368	-1021.1170390330334	-2451.9271690883343	219.0	2.670931097169809E-4	1.804197522471737E-5	1.804197522471737E-5	1.073460449252279E-4	-0.1065515362998762	3787.0074858069074	-636.4938296733654	-636.4938296733654	9422.644370458205	4863.089528316806	-2451.9271690883343
4820000	-3699.1528776958244	-969.6602366050414	-2729.492641090783	549.0	1.659806099744877E-4	1.612230470032085E-5	1.612230470032085E-5	6.541594094990943E-5	-0.15472363154654392	6172.5677073759025	-1521.2808363924175	-1521.2808363924178	15661.726152706146	4793.57749825783	-2729.492641090783
4830000	-3470.875350403794	-888.86296366229	-2582.012386741504	515.0	2.192118397415184E-4	3.0539880181705725E-5	3.0539880181705725E-5	8.097232830754021E-5	-0.22922765507176704	4814.79218297961	-1815.9682380569245	-1815.9682380569245	13034.816640016963	4642.80782679218	-2582.012386741504
4840000	-3481.850225887156	-847.516336200445	-2634.333889686711	333.0	1.6199474631804168E-4	2.0403560520410737E-5	2.0403560520410737E-5	6.378468650492867E-5	-0.20072306632651504	6432.191064481771	-2057.540874687187	-2057.5408746871876	16335.914101880624	4998.08496795699	-2634.333889686711
4850000	-3653.7862770986476	-992.7247460838852	-2661.0615310147623	253.0	2.2452246505706152E-4	2.9266000602300935E-5	2.9266000602300935E-5	7.55844634565693E-5	-0.22465557947173223	4690.6342115268635	-1816.1947228559372	-1816.1947228559368	13933.455470754745	4762.837107801518	-2661.0615310147623
4860000	-3554.0083260663796	-1035.230947493054	-2518.7773785733257	427.0	2.3229914959523786E-4	3.195131852324641E-5	3.195131852324641E-5	1.061257632782528E-4	-0.20349538355121444	4490.758019137012	-1352.0339967220073	-1352.0339967220073	9829.839962124393	4694.2199880618045	-2518.7773785733257
4870000	-3496.158205357785	-962.5431360578713	-2533.6150692999136	815.0	2.3518372965869325E-4	3.101509649327285E-5	3.101509649327285E-5	8.896844590623642E-5	-0.21441318978708732	4456.891565978007	-1553.7072786967974	-1553.7072786967976	11781.574585171064	4367.301404161898	-2533.6150692999136
4880000	-3469.8213474504737	-972.7844514040733	-2497.0368960464	714.0	2.216430310781163E-4	1.9412455022216395E-5	1.9412455022216395E-5	9.64539121976357E-5	-0.13276802606682184	4592.716688314729	-924.3368579908959	-924.3368579908959	10553.67920790337	4637.650371654318	-2497.0368960464
4890000	-3673.1256743940903	-985.1009837019545	-2688.0246906921357	5.0	1.6442091872618145E-4	-1.257138500835455E-6	-1.257138500835455E-6	7.414756670611471E-5	0.011385605719105704	6082.73969378432	103.13010391729719	103.13010391729718	13488.367767863003	4646.754428554685	-2688.0246906921357
4900000	-3518.1550782286067	-924.909169728735	-2593.245908499872	12.0	1.9573139895949629E-4	1.2079290540386032E-5	1.2079290540386032E-5	8.163625150246484E-5	-0.0955585717042011	5156.1251675748945	-762.9249606083796	-762.9249606083796	12362.346061776612	4494.923517945098	-2593.245908499872
4910000	-3765.1421876395466	-988.0815127996353	-2777.0606748399114	94.0	2.162249183165921E-4	3.537394204330276E-5	3.537394204330276E-5	8.27636158803083E-5	-0.2644300827281404	4972.50786762585	-2125.2962820479493	-2125.2962820479497	12990.975515870683	5017.700610155943	-2777.0606748399114
4920000	-3581.225920942893	-895.0449160833052	-2686.1810048595876	185.0	1.6536426205927905E-4	2.0692367651426628E-5	2.0692367651426628E-5	6.0433386110306504E-5	-0.2069907285887382	6317.949407340685	-2163.263393866172	-2163.2633938661716	17287.845489342428	5062.355484059677	-2686.1810048595876
4930000	-3480.5453274116594	-958.4244335620047	-2522.1208938496547	150.0	2.3076875126351725E-4	9.329693302981856E-6	9.329693302981856E-6	8.595648412099229E-5	-0.06624293185556518	4352.441398759771	-472.41280032430956	-472.41280032430956	11685.069216251624	4911.738239594437	-2522.1208938496547
4940000	-3658.2494068888877	-945.28683388039	-2712.9625730084977	554.0	1.8920235021941604E-4	1.7964668607239224E-5	1.7964668607239224E-5	8.82968045446101E-5	-0.13898996752190443	5389.461360345076	-1096.5276468323812	-1096.527646832381	11548.535205244469	4841.413992267267	-2712.9625730084977
4950000	-3646.785527891885	-1005.7212662230376	-2641.0642616688474	120.0	1.9834180722727826E-4	1.490088573300883E-5	1.490088573300883E-5	7.79379500385481E-5	-0.11984790921422539	5115.2747512227725	-977.9847240428604	-977.9847240428604	13017.699825563584	5071.947275246013	-2641.0642616688474
4960000	-3528.4767644525355	-936.6842996683121	-2591.7924647842233	815.0	2.0646381939146228E-4	2.0435396270368902E-5	2.0435396270368902E-5	7.972531705146197E-5	-0.15928062737415336	4969.542504277442	-1273.805788590322	-1273.805788590322	12869.572226336075	4582.740714623504	-2591.7924647842233
4970000	-3588.884216736346	-1039.2169571061831	-2549.667259630163	205.0	2.844607087344812E-4	2.1294421672105825E-5	2.1294421672105825E-5	9.415524356472523E-5	-0.1301165232399011	3575.966206123542	-808.7508395222687	-808.7508395222686	10803.666826109233	4559.9474854347745	-2549.667259630163
4980000	-3441.676038609276	-982.0565178198104	-2459.6195207894657	187.0	2.797985039792902E-4	5.459673138720725E-5	5.459673138720725E-5	1.1835703340717861E-4	-0.30001772491792017	3927.5190052635467	-1811.7191177885643	-1811.7191177885643	9284.73712451396	4816.371300722755	-2459.6195207894657
4990000	-3537.4040833799986	-1021.1906480527499	-2516.2134353272486	591.0	2.690967148134918E-4	2.2468646000244755E-5	2.2468646000244755E-5	9.478967181236162E-5	-0.14068318569863325	3791.1699605863614	-898.6470165209294	-898.6470165209294	10762.685028732642	4748.5568748532605	-2516.2134353272486
5000000	-3700.75436844387	-933.7168712263201	-2767.03749721755	6.0	1.3982694108168395E-4	-2.5747890838125598E-6	-2.5747890838125598E-6	5.559429628210191E-5	0.029203245009365685	7157.801992345638	331.5057778673	331.5057778673001	18002.81007928307	5303.257420641067	-2767.03749721755
5010000	-3559.710026370083	-929.6903058635683	-2630.019720506515	914.0	1.9937360465701513E-4	1.7257490499834415E-5	1.7257490499834415E-5	6.80212011039925E-5	-0.14819094392205406	5128.330062877052	-1301.0959216202568	-1301.0959216202568	15031.396592712063	4850.465448701606	-2630.019720506515
5020000	-3347.851380780764	-959.7550956885827	-2388.096285092181	269.0	2.3998199415333098E-4	1.555730400684345E-5	1.555730400684345E-5	1.1616842481366067E-4	-0.09317533420758728	4203.4723374190635	-562.9300486985271	-562.9300486985271	8683.578825487928	4423.989891637301	-2388.096285092181
5030000	-3491.733929945555	-938.7259406294538	-2553.007989316101	625.0	1.7477705224578776E-4	6.746645510428385E-6	6.746645510428385E-6	8.016883023554218E-5	-0.05699580776802922	5740.2221659005345	-483.07108873424653	-483.07108873424653	12514.328903694544	4753.884904917956	-2553.007989316101
5040000	-3509.276900952545	-1041.4224072871466	-2467.8544936653984	631.0	2.9524449689455985E-4	2.913734556583514E-5	2.913734556583514E-5	1.0626672425870474E-4	-0.16449792809995473	3481.223745135408	-954.519111806463	-954.5191118064629	9672.003728163349	4665.825842851659	-2467.8544936653984
5050000	-3330.943528302351	-937.0470532960371	-2393.8964750063137	519.0	2.9360765334185917E-4	2.1214018129879197E-5	2.1214018129879197E-5	1.0945354150822338E-4	-0.11833803145814559	3454.2791114768706	-669.4999420464416	-669.4999420464414	9266.057268985927	4541.46991676914	-2393.8964750063137
5060000	-3621.018685774351	-993.3157672362399	-2627.702918538111	774.0	2.3908559574400154E-4	3.647147500402409E-5	3.647147500402409E-5	7.32442284490503E-5	-0.2756067929377245	4526.425697954059	-2253.903484222507	-2253.903484222507	14775.269089483269	4798.154313077095	-2627.702918538111
5070000	-3789.798135729431	-1101.8623840328894	-2687.9357516965415	809.0	2.271111903004521E-4	2.97907474342695E-5	2.97907474342695E-5	8.106206618194143E-5	-0.21956003848371158	4626.140114799843	-1700.131494874807	-1700.131494874807	12961.033902228859	5440.757317722691	-2687.9357516965415
5080000	-3611.0214473890273	-978.3607413054747	-2632.6607060835527	142.0	1.7733787145227537E-4	8.882738644583671E-6	8.882738644583671E-6	7.020550838170011E-5	-0.07960870222222634	5674.918492470051	-718.0179869057949	-718.0179869057949	14334.743659261336	4899.992165656314	-2632.6607060835527
5090000	-3375.196916145113	-929.1922964190899	-2446.004619726023	268.0	2.4262167892688988E-4	7.225291074324122E-6	7.225291074324122E-6	1.0241782404531444E-4	-0.04583558444611026	4130.320622256133	-291.38256943322926	-291.3825694332292	9784.481687823803	4750.634358957488	-2446.004619726023
5100000	-3321.7767881954	-942.6426702962799	-2379.13411789912	568.0	2.774134033422257E-4	3.0726924986548264E-5	3.0726924986548264E-5	1.0928486996788872E-4	-0.17647181811524018	3720.596435277415	-1046.0962034870838	-1046.0962034870838	9444.521642168182	4627.486154956684	-2379.13411789912
5110000	-3497.3454963549984	-1015.7668505772023	-2481.5786457777963	330.0	2.747502399131389E-4	2.9361035966759026E-5	2.9361035966759026E-5	9.949085444603585E-5	-0.17758682982553167	3758.191650020613	-1109.0908890131184	-1109.0908890131184	10378.48215528981	4592.312366030791	-2481.5786457777963
5120000	-3563.056258008388	-920.1575032890914	-2642.8987547192964	789.0	1.7378979228342128E-4	2.404507570400316E-5	2.404507570400316E-5	6.806790071905217E-5	-0.2210766313004928	6049.759114648316	-2137.085386298476	-2137.0853862984764	15446.140821046112	5097.013509748509	-2642.8987547192964
5130000	-3627.9800289629043	-948.1987993193737	-2679.7812296435304	871.0	1.3047990673353127E-4	5.126813162676512E-7	5.126813162676512E-7	8.273576171543629E-5	-0.004934339612110925	7664.201893878596	-47.492076384202825	-47.49207638420282	12086.966114359893	4861.991876879324	-2679.7812296435304
5140000	-3689.88970254721	-988.7906118553818	-2701.099090691828	640.0	1.742868812228673E-4	1.6953533678371167E-5	1.6953533678371167E-5	6.427930158838465E-5	-0.16017410626253567	5888.746680432001	-1553.144833610648	-1553.144833610648	15966.746182405093	5013.013182880663	-2701.099090691828
5150000	-3414.8279249871043	-953.0165591115392	-2461.811365875565	94.0	2.740198799197146E-4	4.146736510511025E-5	4.146736510511025E-5	1.0548796175180964E-4	-0.2439012096564196	3880.194492658075	-1525.3061964023605	-1525.3061964023605	10079.353238854894	4844.98073089446	-2461.811365875565
5160000	-3585.953329258062	-1032.4637565880532	-2553.489572670009	263.0	2.073974412871885E-4	9.336561374022182E-6	9.336561374022182E-6	9.067281790278893E-5	-0.06808425708665293	4844.114987350024	-498.7975219949911	-498.79752199499103	11080.024608415913	4647.045824279308	-2553.489572670009
5170000	-3451.306601416159	-951.4832066540766	-2499.8233947620824	385.0	2.5785427185861896E-4	2.5857290257402772E-5	2.5857290257402772E-5	8.628870494181907E-5	-0.17334801371783304	3998.3067780859833	-1198.133393806509	-1198.1333938065088	11948.035187524134	4646.208319703375	-2499.8233947620824
5180000	-3620.9498715275645	-988.9347745741293	-2632.015096953435	218.0	2.0365021059033146E-4	1.1228420639567184E-5	1.1228420639567184E-5	7.371397001719003E-5	-0.09164343122173983	4951.969595726616	-754.3047485056005	-754.3047485056004	13680.848430378524	4965.316715980244	-2632.015096953435
5190000	-3584.2575130371197	-961.7207690037628	-2622.536744033357	711.0	1.8625905227878778E-4	1.5515439460440267E-5	1.5515439460440267E-5	6.819662902806425E-5	-0.1376651247620265	5472.581218635986	-1245.0689102997617	-1245.0689102997617	14946.747454076696	5253.9578778140885	-2622.536744033357
5200000	-3653.1864152689996	-983.2409714012463	-2669.945443867753	121.0	1.757412246230716E-4	2.726792636496902E-5	2.726792636496902E-5	7.959140053949597E-5	-0.23055907172155168	6009.642001331152	-2058.8967458966217	-2058.8967458966217	13269.547183506209	5302.638049351303	-2669.945443867753
5210000	-3301.156556300043	-889.0422330990029	-2412.1143232010404	763.0	2.502314989734865E-4	7.1013425600357595E-6	7.1013425600357595E-6	1.0444939007018175E-4	-0.04392548041600487	4004.025000472221	-272.22708651716596	-272.22708651716596	9592.523011596897	4352.011720365699	-2412.1143232010404
5220000	-3644.6577085022964	-1036.576847095868	-2608.0808614064285	298.0	2.1224989588162176E-4	1.650437311269009E-5	1.650437311269009E-5	8.745734921860472E-5	-0.12113708958794665	4781.593550958158	-902.3507428859757	-902.3507428859756	11604.430529929738	4629.223268241902	-2608.0808614064285
5230000	-3623.421363037294	-1001.1394445842529	-2622.2819184530413	414.0	2.2479076886336606E-4	1.9136554503694817E-5	1.9136554503694817E-5	7.547290779510867E-5	-0.14691934008324212	4546.723611070738	-1152.845792462368	-1152.845792462368	13542.097769923876	4900.9314617862365	-2622.2819184530413
5240000	-3486.4081282878656	-964.7425904008311	-2521.6655378870346	317.0	2.2510491255025268E-4	2.0392140335880036E-5	2.0392140335880036E-5	7.866569901180419E-5	-0.15324193306588452	4549.202393063025	-1179.2684077178567	-1179.2684077178567	13017.716993911015	4750.698538999681	-2521.6655378870346
5250000	-3325.278182701687	-866.3209261736043	-2458.957256528083	404.0	2.669656309031046E-4	1.7894818170904916E-5	1.7894818170904916E-5	8.983092215990261E-5	-0.11555445242222473	3796.494474436282	-756.2827662611645	-756.2827662611645	11282.679930457605	4685.197418967266	-2458.957256528083
5260000	-3385.246904237385	-979.2137966610123	-2406.0331075763725	794.0	2.669288478538659E-4	-7.528616206558642E-6	-7.528616206558642E-6	1.1652693982202813E-4	0.042687845063734346	3753.155894672899	242.4853028624201	242.4853028624201	8597.373107978918	4635.068992936391	-2406.0331075763725
5270000	-3583.5693338648143	-997.9185901968916	-2585.6507436679226	733.0	1.8673675978891232E-4	1.9740308364044525E-5	1.9740308364044525E-5	9.275454446131581E-5	-0.1499931496169187	5478.384401714526	-1165.9266729698536	-1165.9266729698536	11029.279028812956	4646.585764764235	-2585.6507436679226
5280000	-3567.143719340321	-1017.6878687628257	-2549.455850577495	696.0	2.2073397632870435E-4	2.941821605170278E-5	2.941821605170278E-5	8.714196872776775E-5	-0.21211337591388038	4743.772377112717	-1601.4478755462521	-1601.447875546252	12016.15885991222	5031.90779501419	-2549.455850577495
5290000	-3356.4821397043916	-909.8997153538209	-2446.582424350571	708.0	2.1982662705427467E-4	9.369763481670713E-6	9.369763481670713E-6	9.735878590080611E-5	-0.06404731167779791	4567.776741965477	-439.60067202253987	-439.6006720225399	10313.593632384447	4401.491636909566	-2446.582424350571
5300000	-3639.821009996223	-924.0275096368526	-2715.7935003593702	77.0	2.3461851950527446E-4	2.537437818632933E-6	2.537437818632933E-6	1.0994901728460746E-4	-0.015798599416499314	4263.302232774616	-98.38982270939317	-98.38982270939317	9097.395163323059	4686.715677363817	-2715.7935003593702
5310000	-3660.0541598650766	-994.861630248446	-2665.1925296166305	419.0	1.6525235018746302E-4	2.292319807113815E-6	2.292319807113815E-6	7.467432038050126E-5	-0.020635535587547948	6053.929070288891	-185.84088141643153	-185.84088141643153	13397.189310003694	5192.2255684459415	-2665.1925296166305
5320000	-3614.769677986304	-1052.4733514383188	-2562.2963265479852	219.0	2.6662860684386686E-4	2.3261040897358674E-5	2.3261040897358674E-5	9.471388848583773E-5	-0.14637568472447007	3832.6531090818376	-941.271677691409	-941.2716776914089	10789.283127607056	4928.550431023287	-2562.2963265479852
5330000	-3593.9462993599714	-981.6234624083921	-2612.322836951579	891.0	1.761417497725871E-4	-2.0595304257060723E-6	-2.0595304257060723E-6	9.826072092475965E-5	0.01565478422651031	5678.637424890543	119.02341488081099	119.02341488081098	10179.501258801343	4870.364133450571	-2612.322836951579
5340000	-3668.591525608592	-932.287186059578	-2736.304339549014	580.0	1.7192023223286032E-4	-9.085106252621436E-6	-9.085106252621436E-6	6.384290563238166E-5	0.08671818789056725	5860.723956552544	834.004958501721	834.004958501721	15782.129802565718	5044.967952618147	-2736.304339549014
5350000	-3705.5993971145385	-966.9283096651328	-2738.6710874494056	724.0	1.622839745077882E-4	1.7076150097070915E-5	1.7076150097070915E-5	5.965579478000851E-5	-0.17355048342976986	6353.400865569041	-1818.6267940507646	-1818.6267940507646	17283.403027450517	5638.300514491874	-2738.6710874494056
5360000	-3498.9009893793227	-996.6704330082875	-2502.230556371035	39.0	2.3787581152251598E-4	2.4019655660525403E-5	2.4019655660525403E-5	1.0671893088623722E-4	-0.15075471458692558	4301.637501772236	-968.1867191783945	-968.1867191783944	9588.322363354193	4598.440147691393	-2502.230556371035
5370000	-3352.8148990276654	-941.3847712968601	-2411.4301277308055	525.0	2.8260239555938415E-4	3.998752366573463E-5	3.998752366573463E-5	9.721164286155509E-5	-0.2412556257555539	3757.22710911065	-1545.5166019266928	-1545.5166019266926	10922.57419419919	4514.918917277582	-2411.4301277308055
5380000	-3492.6079328522906	-940.2436789797956	-2552.364253872495	652.0	2.083057158686334E-4	3.199205996017894E-5	3.199205996017894E-5	8.095677771622413E-5	-0.24635705547347242	5110.82133055141	-2019.666630333224	-2019.6666303332242	13150.391183662927	4773.14049925482	-2552.364253872495
5390000	-3693.8791614744	-923.5209146954782	-2770.358246778922	722.0	1.4614697111609741E-4	3.865750874345855E-6	3.865750874345855E-6	6.108118556406778E-5	-0.04091525142487935	6853.900955445179	-433.77471092798464	-433.77471092798464	16399.106463272306	4931.752118692238	-2770.358246778922
5400000	-3452.1650067577184	-954.4839366490598	-2497.6810701086583	937.0	2.5682862241236873E-4	2.3147405621658793E-5	2.3147405621658793E-5	8.994268104667943E-5	-0.15229922605395058	3986.1049391421434	-1025.8532078772978	-1025.8532078772978	11382.202847385668	4900.798634095858	-2497.6810701086583
5410000	-3748.457860740148	-946.6515160856346	-2801.8063446545134	60.0	2.335021391596148E-4	1.0633092444230554E-5	1.0633092444230554E-5	9.689690116189766E-5	-0.07069020054970197	4304.124170054483	-472.3179961675891	-472.3179961675891	10372.07783597856	4375.193620064478	-2801.8063446545134
5420000	-3678.700061837572	-997.6709048628982	-2681.0291569746737	704.0	1.761407063975366E-4	1.6397495217561876E-5	1.6397495217561876E-5	6.649261665601705E-5	-0.15151685043019683	5810.677161669907	-1432.9493372503066	-1432.9493372503064	15392.638030766266	4995.786336399198	-2681.0291569746737
5430000	-3525.5981475210674	-886.0935801652782	-2639.5045673557893	553.0	1.787631935268417E-4	2.3867841941283683E-5	2.3867841941283683E-5	6.123210852413691E-5	-0.2281310994992144	5901.108820885031	-2300.21039630995	-2300.21039630995	17227.906789376604	4634.123575034149	-2639.5045673557893
5440000	-3516.998025233505	-926.3305951187141	-2590.667430114791	666.0	2.0629280309899023E-4	2.1509139220651124E-5	2.1509139220651124E-5	6.617430195410708E-5	-0.18409258991589733	5017.523118570448	-1630.8838947030133	-1630.883894703013	15641.704984840315	4919.4058878229625	-2590.667430114791
5450000	-3409.960251769956	-884.1519199384322	-2525.8083318315234	971.0	1.8618973788078993E-4	2.3122619993324306E-5	2.3122619993324306E-5	7.569426620775193E-5	-0.19477251853022987	5582.6505841329745	-1705.3538461965688	-1705.3538461965693	13731.981311330925	4971.204726765498	-2525.8083318315234
5460000	-3610.2399898083077	-990.2455478472012	-2619.9944419611065	556.0	2.2020585088918017E-4	8.489966000038578E-6	8.489966000038578E-6	7.337758379957036E-5	-0.06678975040034965	4561.553906204988	-527.782949038045	-527.782949038045	13689.205984711294	4607.222492491596	-2619.9944419611065
5470000	-3407.1188791978047	-952.1038661803634	-2455.015013017441	664.0	2.6791376737292583E-4	2.8104075255648173E-5	2.8104075255648173E-5	9.762223888673848E-5	-0.17377904338404981	3848.7740065423754	-1108.008129657261	-1108.0081296572612	10562.547587707835	4373.288869846428	-2455.015013017441
5480000	-3490.6543907873584	-1060.9672386564532	-2429.687152130905	984.0	2.932953425192072E-4	3.061159641655446E-5	3.061159641655446E-5	1.3321126211368852E-4	-0.15486844016916798	3493.317023855646	-802.7550313132243	-802.7550313132244	7691.343785674078	4440.469666271986	-2429.687152130905
5490000	-3691.6792409919176	-1040.5616063720859	-2651.1176346198317	813.0	1.7151465058777864E-4	1.2243749470813104E-5	1.2243749470813104E-5	8.27856976931813E-5	-0.10275102584924685	5892.618652826908	-871.5001325427663	-871.5001325427662	12208.2733787225	5264.355302618049	-2651.1176346198317
5500000	-3483.3713277370907	-948.8967274755203	-2534.4746002615707	566.0	2.5835619393583E-4	3.337758388164933E-5	3.337758388164933E-5	7.744031795353524E-5	-0.23597277148028575	4098.862808011482	-1766.652575934193	-1766.6525759341932	13674.615788359277	4612.026879554822	-2534.4746002615707
5510000	-3522.1051770690515	-977.7391881181725	-2544.365988950879	660.0	1.9733274491929214E-4	6.419067279617173E-6	6.419067279617173E-6	9.16338441269443E-5	-0.04773582097910789	5079.156596066351	-355.8013769311511	-355.80137693115114	10937.922800534207	4755.853424614035	-2544.365988950879
5520000	-3574.9000552788125	-936.6269940820563	-2638.2730611967563	521.0	1.8128167547036938E-4	3.2687279665588885E-5	3.2687279665588885E-5	7.45093385856752E-5	-0.28125255178057995	5990.113264885876	-2627.8653284881257	-2627.8653284881257	14573.982127987449	5138.66255824532	-2638.2730611967563
5530000	-3745.7232189382457	-1067.3296014427303	-2678.393617495515	743.0	1.71976899775789E-4	2.056777307230321E-5	2.056777307230321E-5	8.660450813631384E-5	-0.16853184080608222	5984.71826980317	-1421.3154710287565	-1421.3154710287565	11884.292356378026	5301.895488373098	-2678.393617495515
5540000	-3684.9543308960265	-944.5575269338443	-2740.3968039621823	934.0	1.55678680971886E-4	2.1228304828103495E-5	2.1228304828103495E-5	7.198722222074948E-5	-0.20052708274332803	6692.60415459023	-1973.581376036517	-1973.581376036517	14473.34339222853	4923.621150179017	-2740.3968039621823
5550000	-3588.961384754461	-974.7190339239492	-2614.242350830512	679.0	2.0623447838430932E-4	-8.177929728224017E-7	-8.177929728224017E-7	7.7089503375842E-5	0.006485823323998646	4849.053734896201	51.440493135658635	51.440493135658635	12972.480349214364	4992.746372832088	-2614.242350830512
5560000	-3449.426633242871	-896.661292262741	-2552.76534098013	753.0	2.0312593731375986E-4	2.1043551876530533E-5	2.1043551876530533E-5	9.324681531997625E-5	-0.15290417703808298	5040.9090841786765	-1137.6113109469677	-1137.611310946968	10980.95821421455	4881.5140727369935	-2552.76534098013
5570000	-3260.891687413286	-859.6154347324117	-2401.276252680874	681.0	2.51590717720503E-4	2.965851289691017E-5	2.965851289691017E-5	1.0694082645985734E-4	-0.18081326825867075	4109.048354589425	-1139.5859528387316	-1139.5859528387318	9667.01360838524	4727.032085850724	-2401.276252680874
5580000	-3585.1987149131687	-981.8658199994783	-2603.3328949136903	603.0	2.3256935816408665E-4	2.003528129844558E-5	2.003528129844558E-5	8.313549597382548E-5	-0.14408738222353737	4390.953934975232	-1058.2001854351504	-1058.2001854351504	12283.577867951582	5200.469439852597	-2603.3328949136903
5590000	-3654.561032911687	-923.2627616734235	-2731.2982712382636	451.0	1.7576579414870896E-4	1.0552479280371384E-5	1.0552479280371384E-5	6.212510299132404E-5	-0.10098427848584486	5748.006297099712	-976.3479565105866	-976.3479565105865	16262.393830117317	5146.886023616473	-2731.2982712382636
5600000	-3544.718716854915	-1040.3265015897127	-2504.392215265202	369.0	2.316736344793714E-4	1.662798988965471E-5	1.662798988965471E-5	1.0040268610996022E-4	-0.10902567393508118	4368.341657557415	-723.4541597509754	-723.4541597509754	10079.706307315335	4513.845851182448	-2504.392215265202
5610000	-3464.2826676445784	-877.5845316844818	-2586.698135960097	827.0	2.491033282258785E-4	5.770170842343211E-6	5.770170842343211E-6	7.439389601627596E-5	-0.04238676335002752	4021.623791857818	-311.9268862807618	-311.9268862807617	13466.156836375198	4603.342325815058	-2586.698135960097
5620000	-3639.2687846352337	-957.953890465229	-2681.3148941700047	933.0	1.8008529876872305E-4	1.5146391093112777E-5	1.5146391093112777E-5	5.850651191022891E-5	-0.1475597574759859	5676.5240903598415	-1469.5604149840694	-1469.5604149840697	17472.55994937515	4975.359754532143	-2681.3148941700047
5630000	-3626.5993316916	-979.6094649467465	-2646.9898667448538	764.0	2.2115621181882352E-4	1.2875381979767364E-5	1.2875381979767364E-5	7.298608111101258E-5	-0.10134224677638301	4568.611549522318	-805.9429677804853	-805.9429677804852	13843.417925498528	4987.098235874536	-2646.9898667448538
5640000	-3476.31639800391	-921.1900995869693	-2555.1262984169407	275.0	2.2111886601071954E-4	3.036562437604547E-5	3.036562437604547E-5	9.240766510034982E-5	-0.21242974012177565	4736.181234713914	-1556.3330184137887	-1556.3330184137885	11333.03198066873	5012.740354289416	-2555.1262984169407
5650000	-3593.3758740561643	-1003.4746389379927	-2589.901235118172	571.0	2.036284503290273E-4	2.0999983169654908E-5	2.0999983169654908E-5	7.601661098917208E-5	-0.1687895155534099	5054.91927081318	-1396.4476741295618	-1396.4476741295616	13540.795416420802	4720.596884423104	-2589.901235118172
5660000	-3510.6010319544243	-939.338517768802	-2571.2625141856224	801.0	2.1064938516332407E-4	2.4453134272651392E-5	2.4453134272651392E-5	7.980783410155988E-5	-0.18859565038716372	4922.302911402321	-1508.1944696057255	-1508.1944696057255	12992.209268015617	4984.4945167579535	-2571.2625141856224
5670000	-3757.503647696739	-1030.7540707361877	-2726.749576960551	122.0	1.5265731381803362E-4	2.1255511397807343E-5	2.1255511397807343E-5	7.018303394961587E-5	-0.20535093330516888	6839.014076875191	-2071.2518892406915	-2071.251889240692	14875.753574417822	5191.182567550646	-2726.749576960551
5680000	-3403.354695386602	-939.0247996062357	-2464.3298957803663	546.0	2.2995719778158466E-4	3.692850352862443E-5	3.692850352862443E-5	8.909526419644096E-5	-0.2579947657523328	4658.726223033634	-1930.9644493210349	-1930.9644493210346	12024.293739320829	4716.575244046363	-2464.3298957803663
5690000	-3630.401258760512	-998.751499323678	-2631.649759436834	785.0	1.918362372629876E-4	7.466174491914503E-6	7.466174491914503E-6	5.9458089906435736E-5	-0.06990807366473126	5238.380164897969	-657.7853480940493	-657.7853480940493	16901.16755799657	5267.115928420542	-2631.649759436834
5700000	-3293.761524721388	-923.588499508104	-2370.1730252132843	945.0	3.210862785418536E-4	1.0559256031473976E-5	1.0559256031473976E-5	1.1024469358626939E-4	-0.05612335175505304	3124.2686169908193	-299.24299451283485	-299.2429945128348	9099.392911910874	4250.473170901943	-2370.1730252132843
5710000	-3591.2487056304935	-1087.6573067889594	-2503.591398841534	393.0	2.7637717062685456E-4	4.23984506023797E-6	4.23984506023797E-6	1.1166784062339546E-4	-0.024134307611603126	3620.3525855533944	-137.4588596008223	-137.4588596008223	8960.348822731985	4807.855338882697	-2503.591398841534
5720000	-3473.817186530959	-1019.4331954402464	-2454.3839910907127	654.0	2.1776016777752487E-4	1.8594432035894055E-5	1.8594432035894055E-5	1.1738735013487672E-4	-0.11630089226126653	4655.173470347279	-737.3904139603862	-737.3904139603862	8635.609840170711	4655.3915091040135	-2454.3839910907127
5730000	-3520.6974696482434	-961.5680672197901	-2559.1294024284534	544.0	2.1030410880822312E-4	2.853209725925411E-6	2.853209725925411E-6	9.344167336450901E-5	-0.020353519296042424	4756.989500130256	-145.2530570054183	-145.25305700541833	10706.29839357035	4783.505567866969	-2559.1294024284534
5740000	-3757.339023334064	-983.2850985475568	-2774.0539247865077	303.0	3.120241044055744E-4	2.0778912698877962E-5	2.0778912698877962E-5	1.094110180956237E-4	-0.11246003546571405	3245.9327575454054	-616.454855913291	-616.4548559132911	9256.922010803706	4912.900491233098	-2774.0539247865077
5750000	-3581.0313641618923	-1103.8626352950757	-2477.1687288668168	692.0	2.8209907747950335E-4	3.3816928692337505E-5	3.3816928692337505E-5	1.0547505462864022E-4	-0.19604620928424243	3686.542863565348	-1181.9624799187677	-1181.9624799187677	9859.870132914277	4716.438758785444	-2477.1687288668168
5760000	-3503.160856048748	-997.4888443953167	-2505.672011653431	360.0	2.858174833917326E-4	4.149273878894685E-5	4.149273878894685E-5	8.991553086002809E-5	-0.2588274598675601	3749.9517553356372	-1730.4659958857496	-1730.4659958857494	11920.096153565737	4836.085668297299	-2505.672011653431
5770000	-3824.809943118292	-1068.6369257177257	-2756.173017400566	784.0	1.6800383773018363E-4	1.8888394528626283E-5	1.8888394528626283E-5	5.639008459208758E-5	-0.19405912603017078	6185.172031082467	-2071.782129706243	-2071.782129706243	18427.577219649284	4946.87494627763	-2756.173017400566
5780000	-3520.531222579831	-994.4126756485871	-2526.118546931244	165.0	2.23654763939064E-4	3.6588835539673476E-5	3.6588835539673476E-5	1.0109141311009246E-4	-0.24333376605849702	4752.583593011515	-1720.141148723228	-1720.1411487232278	10514.621656718546	5108.391008542501	-2526.118546931244
5790000	-3462.345791339143	-1008.9895576270047	-2453.3562337121384	58.0	2.8305614655439477E-4	1.848570355543337E-5	1.848570355543337E-5	1.1046343507697522E-4	-0.104541906769004	3571.9053822529177	-597.7469737236819	-597.746973723682	9152.80040542714	4669.0701265457965	-2453.3562337121384
5800000	-3619.5627102253684	-832.5254205793168	-2787.0372896460517	672.0	1.5784712338397686E-4	1.2167266507647735E-5	1.2167266507647735E-5	5.156987321231452E-5	-0.13485798090111933	6452.594986130409	-1522.4090728113808	-1522.4090728113808	19750.35991904166	5085.409250146504	-2787.0372896460517
5810000	-3512.542005044158	-950.6806422846801	-2561.8613627594777	209.0	2.050524393435057E-4	1.257751344593084E-5	1.257751344593084E-5	8.644588920588837E-5	-0.0944691803476819	4920.715851203037	-715.9434688063279	-715.943468806328	11672.096821195151	4819.501487612952	-2561.8613627594777
5820000	-3491.232211850568	-935.4150345469004	-2555.8171773036674	425.0	2.0807961966696638E-4	1.0993060102683138E-5	1.0993060102683138E-5	7.195924071417936E-5	-0.08983809694575334	4844.955764758263	-740.1535840043103	-740.1535840043102	14009.827547214867	4783.385650341239	-2555.8171773036674
5830000	-3335.1686773561755	-960.2633746159692	-2374.9053027402065	177.0	2.579315660470683E-4	4.314617458654162E-5	4.314617458654162E-5	1.372175483661076E-4	-0.22934285848144106	4092.241686271791	-1286.7492266741092	-1286.7492266741092	7692.298247210842	4549.5447616958645	-2374.9053027402065
5840000	-3601.0083237937297	-970.5500293988702	-2630.4582943948594	762.0	1.9301787193336129E-4	1.2002214534865673E-5	1.2002214534865673E-5	7.270201774283141E-5	-0.10131864933894505	5234.603052167241	-864.1689844044081	-864.1689844044081	13897.4401662301	5063.540045700135	-2630.4582943948594
5850000	-3441.49338197561	-922.1957473860251	-2519.297634589585	160.0	2.0773161083192078E-4	2.124158046148855E-5	2.124158046148855E-5	8.166782413760805E-5	-0.16308350623860662	4945.433737632511	-1286.2939568204565	-1286.2939568204565	12579.285997015388	4896.1926072586275	-2519.297634589585
5860000	-3577.5266782868794	-934.1520746725907	-2643.374603614289	518.0	1.5782468627355452E-4	1.1380211051511047E-5	1.1380211051511047E-5	6.4931577451391E-5	-0.11241774567623176	6417.243907869294	-1124.7160920316066	-1124.7160920316066	15597.950123089971	5023.05048200918	-2643.374603614289
5870000	-3268.5519684636306	-910.3035210161443	-2358.2484474474863	857.0	2.9225017597691325E-4	3.4194050701931496E-5	3.4194050701931496E-5	1.0837291227161415E-4	-0.1921377888870931	3552.8876153546685	-1121.0146217462402	-1121.0146217462402	9581.102962438015	4481.254881898211	-2358.2484474474863
5880000	-3417.640453328465	-897.1776402973062	-2520.4628130311585	49.0	2.1302383011175262E-4	3.299044577076241E-5	3.299044577076241E-5	8.780327449088172E-5	-0.2412230104215623	4984.34208084527	-1872.7737441971076	-1872.7737441971078	12092.756754295166	4803.532732834132	-2520.4628130311585
5890000	-3518.7286269107963	-1009.7974191580413	-2508.9312077527547	988.0	2.3605694423456264E-4	1.586573788411568E-5	1.586573788411568E-5	8.629649399874178E-5	-0.11116173299356284	4289.268160863538	-788.5882867493555	-788.5882867493555	11732.939406215179	4800.863478382015	-2508.9312077527547
5900000	-3562.9015901150224	-974.7242555758975	-2588.177334539125	372.0	1.8951098882544063E-4	6.31641226339349E-6	6.31641226339349E-6	8.707588227205622E-5	-0.04917046636678003	5289.527539188902	-383.6979395936863	-383.6979395936863	11512.069337858195	4750.128216704418	-2588.177334539125
5910000	-3548.151196790784	-893.0623919778337	-2655.0888048129505	143.0	1.3778407976961868E-4	-2.249973396244186E-6	-2.249973396244186E-6	5.837939171958523E-5	0.025086962477298188	7262.303117293767	279.8930980277828	279.8930980277828	17140.11952763567	4844.531830006839	-2655.0888048129505
5920000	-3647.9270193190287	-928.9858328724805	-2718.9411864465483	507.0	1.3791479231390648E-4	2.2445207403704077E-5	2.2445207403704077E-5	6.926342139009047E-5	-0.2296498825834723	7654.547536972961	-2480.499859821405	-2480.499859821405	15241.455195708626	5057.568052213589	-2718.9411864465483
5930000	-3552.8672122405255	-941.4515833039542	-2611.4156289365715	596.0	1.9906757615126167E-4	2.1081565992235105E-5	2.1081565992235105E-5	8.485426611861488E-5	-0.16220556988459878	5159.160635832936	-1281.764493217316	-1281.764493217316	12103.358496019824	4917.1967920952975	-2611.4156289365715
5940000	-3370.7676086765277	-956.8428648616114	-2413.9247438149164	374.0	2.82813094122621E-4	2.149021867597251E-5	2.149021867597251E-5	1.2192168268646598E-4	-0.11573123940572301	3583.906006859581	-631.7081761380035	-631.7081761380035	8313.33298976129	4563.24480186862	-2413.9247438149164
5950000	-3454.161990957469	-1000.8111265320769	-2453.350864425392	167.0	2.4093901331357165E-4	3.902164853555086E-5	3.902164853555086E-5	1.225522472469956E-4	-0.22708654851916166	4376.0957057722535	-1393.3850453547234	-1393.3850453547234	8603.450407478127	4714.986386770654	-2453.350864425392
5960000	-3558.875906076085	-911.3678836075358	-2647.508022468549	56.0	1.480715766514462E-4	1.3720860627784457E-5	1.3720860627784457E-5	7.50805299844507E-5	-0.13013132079313708	6869.825318549125	-1255.4508572669756	-1255.4508572669756	13548.464115107628	4877.041864067207	-2647.508022468549
5970000	-3650.6009821073862	-959.261171051904	-2691.339811055482	801.0	1.7997667011991652E-4	2.9654118547119327E-5	2.9654118547119327E-5	5.818444852207001E-5	-0.2897833655472857	6065.633646636492	-3091.3933841364355	-3091.3933841364355	18762.273659341787	5130.110982725021	-2691.339811055482
5980000	-3444.244541485921	-933.7730442719867	-2510.4714972139345	584.0	2.168013962088513E-4	1.971676917191465E-5	1.971676917191465E-5	9.380739170574457E-5	-0.13825669928099138	4702.402443002065	-988.3675671630631	-988.367567163063	10867.879349813857	4873.507712334565	-2510.4714972139345
5990000	-3548.637137939432	-989.9496682078229	-2558.687469731609	343.0	1.927994969006359E-4	-4.360878149816885E-6	-4.360878149816885E-6	1.0438427889977689E-4	0.030739971186284368	5191.641345991566	216.8920027618156	216.8920027618156	9589.047796716191	4614.176124717945	-2558.687469731609
6000000	-3665.50777513339	-1013.6689061077112	-2651.838869025679	835.0	1.5421805085668512E-4	3.25247771477938E-5	3.25247771477938E-5	9.079043334604259E-5	-0.27486958082227153	7014.276915491613	-2512.79551293411	-2512.79551293411	11914.560534734015	4835.226924715784	-2651.838869025679
6010000	-3594.07361903852	-956.8287901758096	-2637.2448288627106	123.0	1.9833438621360717E-4	2.942164092460745E-5	2.942164092460745E-5	7.614363607306883E-5	-0.23941484567544602	5348.567060867703	-2066.6680453114113	-2066.668045311411	13931.627380146976	4810.672937151088	-2637.2448288627106
6020000	-3734.956808511257	-1106.8429083149767	-2628.11390019628	536.0	1.772082877141416E-4	9.085594822322572E-6	9.085594822322572E-6	7.562318056642424E-5	-0.07848449734586524	5678.052690495497	-682.1782122788059	-682.178212278806	13305.417562404418	5046.538264306329	-2628.11390019628
6030000	-3440.455061908871	-1023.5285722983613	-2416.9264896105096	864.0	2.4702073874128465E-4	4.12176498915834E-6	4.12176498915834E-6	1.1806500757231759E-4	-0.024135478768662358	4050.6026577478365	-141.4105039502944	-141.4105039502944	8474.846878330152	4531.565371044425	-2416.9264896105096
6040000	-3522.138635153657	-954.3577192885997	-2567.7809158650575	256.0	2.1038525178543012E-4	1.1143371839959294E-5	1.1143371839959294E-5	7.864926179270343E-5	-0.08662867089010902	4789.125006740493	-678.544203997957	-678.544203997957	12810.816623182514	4882.87527577624	-2567.7809158650575
6050000	-3468.299630479153	-817.4374975577779	-2650.862132921375	331.0	1.6130656315391126E-4	2.801266703008734E-5	2.801266703008734E-5	6.667252382812428E-5	-0.2701189124055235	6687.310193090158	-2809.6940540133414	-2809.694054013342	16179.183898487192	4978.107121182952	-2650.862132921375
6060000	-3604.6001705921753	-983.9965367884184	-2620.603633803757	682.0	2.2999125278247675E-4	2.3119833414545858E-5	2.3119833414545858E-5	7.432139104713591E-5	-0.1768365878124943	4488.347359830967	-1396.231176567942	-1396.2311765679417	13889.414846336176	4877.341424315612	-2620.603633803757
6070000	-3695.314982396994	-1050.9744275190792	-2644.3405548779147	701.0	2.0335012653200765E-4	2.8604619800656256E-5	2.8604619800656256E-5	8.212537336386114E-5	-0.22134783459670873	5170.978006089609	-1801.0738192496012	-1801.0738192496015	12803.82650041341	4862.309329661774	-2644.3405548779147
6080000	-3574.463449715203	-1015.3632220619677	-2559.1002276532354	552.0	2.474413561194596E-4	3.390904838758773E-5	3.390904838758773E-5	9.565467043818837E-5	-0.22040750001475265	4247.713263025053	-1505.7907147941098	-1505.7907147941098	10988.067026886305	4524.562641071647	-2559.1002276532354
6090000	-3439.8873176608563	-909.5626737438209	-2530.3246439170352	208.0	2.1433152110647894E-4	2.5790051557162736E-5	2.5790051557162736E-5	9.12079970543155E-5	-0.18445597510563777	4830.005447047003	-1365.7364871913414	-1365.7364871913414	11350.127706473755	4753.993263387522	-2530.3246439170352
6100000	-3645.7569928647827	-977.4159030075565	-2668.341089857226	127.0	1.8744834737548458E-4	1.956191168556342E-5	1.956191168556342E-5	7.487841273260207E-5	-0.1651171451538189	5484.325826817812	-1432.7747285747848	-1432.7747285747846	13729.294935469214	5131.483400576661	-2668.341089857226
6110000	-3409.640436245616	-925.6339587055903	-2484.0064775400256	867.0	2.5810153811042634E-4	3.021143798914333E-5	3.021143798914333E-5	9.853136437266817E-5	-0.18944748862264843	4018.675858445405	-1232.1962379074582	-1232.1962379074582	10526.865499486734	4809.625975798052	-2484.0064775400256
6120000	-3600.2283528843354	-1047.2015966446259	-2553.0267562397094	993.0	2.130734283104935E-4	2.7265677626276794E-5	2.7265677626276794E-5	9.807715263332472E-5	-0.18861130686397043	4866.333824482398	-1352.8521752282224	-1352.8521752282222	10572.15063290353	5020.624685309825	-2553.0267562397094
6130000	-3579.7915698693405	-966.5406344063666	-2613.2509354629738	908.0	1.8081938168304615E-4	2.694700957310681E-5	2.694700957310681E-5	8.21225917628817E-5	-0.2211346321062496	5814.723638540749	-1907.9940146695362	-1907.994014669536	12802.990144472715	4898.20648861308	-2613.2509354629738
6140000	-3514.3984697228025	-939.3537865041275	-2575.044683218675	786.0	1.8853467859680401E-4	3.625948165278992E-6	3.625948165278992E-6	8.434676014542659E-5	-0.02875356949753309	5308.452849725986	-228.20289525936985	-228.20289525936982	11865.630050802176	4648.089899401427	-2575.044683218675
6150000	-3752.272354501333	-1056.1082908841552	-2696.164063617178	664.0	1.46072385246679E-4	2.8483985211309753E-5	2.8483985211309753E-5	8.042705564273061E-5	-0.2627940972950504	7353.778286117713	-2604.4085572335653	-2604.4085572335657	13356.002233876872	4901.889126390317	-2696.164063617178
6160000	-3595.341129172415	-1018.0011453105171	-2577.339983861898	174.0	2.250246220320676E-4	2.066998349970691E-6	2.066998349970691E-6	8.409814489032881E-5	-0.015025602711023347	4444.96166991594	-109.25007263098135	-109.25007263098134	11893.553906857785	4705.032472453573	-2577.339983861898
6170000	-3612.6000686501648	-1021.3340881234278	-2591.2659805267367	131.0	2.161925113555527E-4	2.6397777327089152E-5	2.6397777327089152E-5	8.029708355058837E-5	-0.20035360080311904	4818.947201409528	-1584.2355606061867	-1584.2355606061867	12974.572070306587	4641.576956911577	-2591.2659805267367
6180000	-3633.9637964979256	-1043.0330396056274	-2590.930756892298	46.0	2.2648628104421852E-4	3.0070362035327066E-5	3.0070362035327066E-5	9.234636201109005E-5	-0.2079255270581101	4614.789789461217	-1502.6948183336622	-1502.6948183336624	11318.113182307981	4719.406846222875	-2590.930756892298
6190000	-3437.6275425610074	-935.851121841797	-2501.7764207192104	514.0	2.1677691768551266E-4	2.5221545420008296E-5	2.5221545420008296E-5	8.841572442625298E-5	-0.18217988378359562	4771.397616595685	-1361.0929784810385	-1361.0929784810385	11698.471907452858	4416.1732599431625	-2501.7764207192104
6200000	-3366.40727344841	-959.87233678684	-2406.5349366615696	775.0	2.6577020873193427E-4	4.928180571053536E-5	4.928180571053536E-5	1.2941137295139905E-4	-0.2657340711255139	4048.5345993184774	-1541.7431326605547	-1541.7431326605547	8314.415193813129	4696.975119091265	-2406.5349366615696
6210000	-3560.572653771562	-1061.4711709353705	-2499.1014828361913	34.0	2.508232653644053E-4	3.302993793593131E-5	3.302993793593131E-5	1.1961560147622097E-4	-0.19069088516871735	4137.316277224023	-1142.4538118064331	-1142.4538118064331	8675.583834312212	4723.5803406894765	-2499.1014828361913
6220000	-3482.05725201994	-989.3230441611287	-2492.7342078588113	85.0	2.6723891803342065E-4	-3.284473557513891E-6	-3.284473557513891E-6	8.654072271165268E-5	0.021597608208006144	3743.716228631653	142.08498120296633	142.08498120296633	11560.646167667936	4811.909569038851	-2492.7342078588113
6230000	-3495.357773396986	-912.1331105954351	-2583.224662801551	988.0	1.8460763676348346E-4	2.613970940475644E-5	2.613970940475644E-5	7.98544031958953E-5	-0.21529130472384014	5680.171934197231	-1859.3595066352088	-1859.3595066352086	13131.437656731698	4852.129727987793	-2583.224662801551
6240000	-3597.254906435601	-940.7864957397443	-2656.4684106958566	660.0	1.997989510619282E-4	1.9260977361268515E-5	1.9260977361268515E-5	6.44423029331083E-5	-0.16974468818060495	5153.521017821941	-1540.321297302559	-1540.3212973025586	15978.139308665444	4851.648221995886	-2656.4684106958566
6250000	-3429.3009588158448	-947.8106801458669	-2481.490278669978	880.0	2.1415004930468745E-4	6.644926963350781E-6	6.644926963350781E-6	1.1230911368387381E-4	-0.04284731600511603	4678.211713899442	-276.7929880156956	-276.7929880156956	8920.373746420044	4660.949703080555	-2481.490278669978
6260000	-3562.856553701722	-1000.4285585027321	-2562.4279951989897	782.0	1.9676915903616833E-4	1.9193482677369184E-5	1.9193482677369184E-5	9.526626048805416E-5	-0.14018634451654657	5183.973787388887	-1044.4254931226262	-1044.4254931226262	10707.318177330575	5011.931675956639	-2562.4279951989897
6270000	-3471.7636575458746	-955.6172767279271	-2516.1463808179474	257.0	1.9279659396300385E-4	3.975009002918901E-5	3.975009002918901E-5	1.0634097627146925E-4	-0.2776119243027073	5619.932737499473	-2100.7220368497387	-2100.7220368497387	10188.95940286545	4863.59117667115	-2516.1463808179474
6280000	-3450.9434111599207	-923.245414879174	-2527.697996280747	417.0	1.95968963519831E-4	8.910517434462034E-6	8.910517434462034E-6	8.534084972949076E-5	-0.06890183608613214	5127.189994195682	-535.334672409437	-535.334672409437	11773.612661657897	5043.931546292274	-2527.697996280747
6290000	-3487.172749248655	-1006.2131694559174	-2480.9595797927373	869.0	2.541970996184705E-4	1.9333160844679423E-5	1.9333160844679423E-5	1.0110849169651381E-4	-0.12059345913553986	3992.010127211278	-763.3203956263337	-763.3203956263336	10036.322162045037	4684.2787192757	-2480.9595797927373
6300000	-3383.762350580763	-805.1541142887495	-2578.6082362920133	811.0	1.7716266512989368E-4	2.5006585573283836E-5	2.5006585573283836E-5	5.738313320957857E-5	-0.2480139820958144	6014.486833593133	-2621.010238920347	-2621.0102389203466	18568.91489240171	5182.707702517436	-2578.6082362920133
6310000	-3485.8842988984215	-908.5824406765361	-2577.3018582218856	472.0	2.00914261962909E-4	3.319866154396651E-7	3.319866154396651E-7	9.4393495543488E-5	-0.0024107054909912893	4977.276385283939	-17.505328431204386	-17.50532843120439	10594.011862544337	4772.755176030273	-2577.3018582218856
6320000	-3678.681583525328	-933.6370447676354	-2745.0445387576924	311.0	1.5373123846768562E-4	1.4360965985104816E-5	1.4360965985104816E-5	6.0501448242419164E-5	-0.1489085742036124	6652.36681224311	-1579.0434160893649	-1579.0434160893649	16903.3406388847	5467.993503650636	-2745.0445387576924
6330000	-3507.636328792106	-1034.126942176455	-2473.509386615651	201.0	3.0902953743221966E-4	1.5183218105474585E-5	1.5183218105474585E-5	1.0676647716196718E-4	-0.08358847042689252	3258.7053097734906	-463.41918151612634	-463.4191815161264	9432.138450906486	4451.371543888923	-2473.509386615651
6340000	-3718.651049055108	-953.797679198143	-2764.853369856965	526.0	1.3670961121117707E-4	4.2999995262624105E-7	4.2999995262624105E-7	5.2570841637107114E-5	-0.005072200571583142	7314.962854629091	-59.832286929433884	-59.832286929433884	19022.44089572797	5056.620882655429	-2764.853369856965
6350000	-3655.648223336557	-938.7662269616519	-2716.8819963749047	170.0	1.548132214962339E-4	1.626022107888025E-5	1.626022107888025E-5	5.419426875894559E-5	-0.1775193674666466	6669.575803675469	-2001.1115483906663	-2001.1115483906667	19052.54079122336	4989.86853566766	-2716.8819963749047
6360000	-3632.791281302325	-1041.9749553359784	-2590.8163259663465	242.0	2.2539547365357107E-4	3.147414186532115E-5	3.147414186532115E-5	8.07287149821943E-5	-0.23332822811415524	4692.093575126076	-1829.3319652301234	-1829.3319652301238	13100.37765404393	4997.327084800393	-2590.8163259663465
6370000	-3715.1837475712773	-1044.2110153479039	-2670.9727322233734	15.0	2.1161765449481142E-4	2.8599932902125408E-5	2.8599932902125408E-5	7.112032329559243E-5	-0.2331268013451498	4997.085802462051	-2009.5004076765101	-2009.5004076765101	14868.767854601092	5049.464203365025	-2670.9727322233734
6380000	-3502.8730207231692	-1060.1389905266976	-2442.7340301964714	596.0	2.607967580404547E-4	3.005220347519644E-5	3.005220347519644E-5	1.221050472084385E-4	-0.16840633269728045	3946.3239753445678	-971.2598602386443	-971.2598602386443	8428.713820406736	4734.672873058082	-2442.7340301964714
6390000	-3599.9474216279373	-1013.974565205178	-2585.9728564227594	884.0	2.377810005480349E-4	1.5103058309665267E-5	1.5103058309665267E-5	6.635581918521804E-5	-0.12023663586579447	4267.241337816829	-971.254601899612	-971.2546018996121	15291.332807659113	5005.867720141565	-2585.9728564227594
6400000	-3663.6500008951525	-1013.4485451869057	-2650.2014557082466	679.0	1.895518493084896E-4	1.5694081505333596E-5	1.5694081505333596E-5	8.226681619526039E-5	-0.1256780824566346	5360.266699146304	-1022.580748318472	-1022.5807483184719	12350.647716793887	4931.175460936171	-2650.2014557082466
6410000	-3535.574889936449	-906.266386297277	-2629.3085036391717	94.0	2.0324903142463564E-4	3.550560634032582E-5	3.550560634032582E-5	7.033862820583452E-5	-0.29695165100574056	5395.883150204356	-2723.7395422173063	-2723.7395422173063	15591.831287215466	5164.3442214561765	-2629.3085036391717
6420000	-3590.123311496832	-943.3167876040936	-2646.8065238927384	872.0	1.9969397735252218E-4	3.5804037754616235E-6	3.5804037754616235E-6	6.947241021719406E-5	-0.030397883050756486	5012.293806690794	-258.31888677956186	-258.31888677956186	14407.516347687832	4946.734699489312	-2646.8065238927384
6430000	-3588.708622457581	-911.3787417229609	-2677.32988073462	70.0	1.5241441460726808E-4	1.3073781202102806E-5	1.3073781202102806E-5	6.377391141052636E-5	-0.13260706540745906	6678.498163061651	-1369.105670506229	-1369.105670506229	15961.062532707456	4831.690260734809	-2677.32988073462
6440000	-3823.1834567007327	-927.6862561733161	-2895.4972005274167	998.0	1.4484897972128491E-4	9.206845220866409E-6	9.206845220866409E-6	3.819397730301807E-5	-0.12378148228415312	7011.166177897163	-1690.07593279823	-1690.07593279823	26589.539483350312	5455.72293423585	-2895.4972005274167
6450000	-3491.7423589064033	-882.3162999888418	-2609.4260589175615	781.0	1.770266946700719E-4	8.882038852517956E-6	8.882038852517956E-6	8.27164677845979E-5	-0.07340020924565709	5679.464195797516	-609.8570574836765	-609.8570574836764	12154.977128584116	4677.302282433349	-2609.4260589175615
6460000	-3557.960154645067	-937.0548759709236	-2620.9052786741436	181.0	1.6685381522725968E-4	-6.590990867885191E-6	-6.590990867885191E-6	7.494967076335666E-5	0.05893832298821067	6014.16175820974	528.8787105082871	528.8787105082871	13388.795768290276	4818.764199795647	-2620.9052786741436
6470000	-3600.9415321551032	-989.0280174699628	-2611.9135146851404	606.0	2.1002101151027186E-4	2.337457135798442E-5	2.337457135798442E-5	7.963645281075322E-5	-0.18074085357801936	4922.223907309285	-1444.7513657444326	-1444.7513657444326	12981.12117512032	4804.766599559348	-2611.9135146851404
6480000	-3616.7287515279722	-944.9540890068756	-2671.7746625210966	867.0	1.549487055933787E-4	1.7481082985938282E-5	1.7481082985938282E-5	6.418428071447969E-5	-0.17529116156489594	6658.3393896008165	-1813.449993089902	-1813.449993089902	16074.045830777794	5343.356187744794	-2671.7746625210966
6490000	-3357.9655745345344	-903.4366760481851	-2454.528898486349	155.0	2.295801524793349E-4	2.1644938539454705E-5	2.1644938539454705E-5	9.753097152003161E-5	-0.14464982475365362	4448.863338760979	-987.3312245037649	-987.331224503765	10472.270579840293	4578.9942253640875	-2454.528898486349
6500000	-3631.388412089299	-1001.8275358527632	-2629.560876236536	192.0	1.976501449578376E-4	2.1408436278637023E-5	2.1408436278637023E-5	7.886153872997429E-5	-0.17147616205194563	5212.72001534568	-1415.0901197732712	-1415.0901197732712	13064.605170658338	4962.458894241472	-2629.560876236536
6510000	-3639.1193040446956	-1018.50034445939	-2620.6189595853057	101.0	2.0796049612874736E-4	1.0543431684243446E-5	1.0543431684243446E-5	7.323220015654132E-5	-0.08543592482135465	4843.963096390402	-697.3980554812903	-697.3980554812903	13755.601587844845	5247.490792283914	-2620.6189595853057
6520000	-3572.4983958279804	-1059.6674661159964	-2512.830929711984	581.0	2.5308688267255725E-4	4.605185967097145E-6	4.605185967097145E-6	1.046380562646659E-4	-0.028298767594177574	3954.3790318411666	-174.034681798342	-174.03468179834204	9564.411819185865	4722.704883235095	-2512.830929711984
6530000	-3504.039866075287	-931.3686055430347	-2572.6712605322523	49.0	2.045029844562063E-4	8.42085438578565E-6	8.42085438578565E-6	7.875222540430784E-5	-0.06635519271800826	4911.52970955016	-525.1823206677229	-525.1823206677228	12754.210800922823	4854.131339288671	-2572.6712605322523
6540000	-3514.5842123111725	-1052.7561422464494	-2461.8280700647233	334.0	2.3264320508301696E-4	1.0869558377395953E-5	1.0869558377395953E-5	1.0836545703107674E-4	-0.06845753855338377	4318.666862875385	-433.1823337863794	-433.1823337863794	9271.483073956124	4659.915529398352	-2461.8280700647233
6550000	-3676.620708351943	-1099.0587512570662	-2577.5619570948766	584.0	2.758635024944151E-4	2.194719295379427E-5	2.194719295379427E-5	8.699560152133252E-5	-0.14167173456183724	3699.227923765382	-933.2387799288251	-933.2387799288252	11730.27088415298	4882.017996744313	-2577.5619570948766
6560000	-3628.579623017471	-1045.7274349036672	-2582.8521881138035	200.0	2.4819729155385877E-4	2.5280636315794217E-5	2.5280636315794217E-5	8.096086529611561E-5	-0.17834129315947725	4161.409010804584	-1299.4311187094875	-1299.4311187094872	12757.403737618832	4855.579214828666	-2582.8521881138035
6570000	-3763.0273067142844	-1006.6815680952079	-2756.345738619076	977.0	1.7802145448075953E-4	-1.2892658165533324E-5	-1.2892658165533324E-5	5.619235300299241E-5	0.1289043835745078	5712.216604270528	1310.5992561376029	1310.5992561376029	18096.71697049653	4798.458827644406	-2756.345738619076
6580000	-3660.435559595694	-1020.1587248079803	-2640.2768347877136	398.0	1.7943522766274088E-4	1.5331537503672436E-5	1.5331537503672436E-5	9.729429562522751E-5	-0.11603477528860795	5649.101558981225	-890.1797567576825	-890.1797567576825	10418.368495417844	5017.356401787687	-2640.2768347877136
6590000	-3458.3835349687392	-914.5903267710204	-2543.7932081977187	764.0	2.2094351020814936E-4	1.7668651245642924E-5	1.7668651245642924E-5	8.490688937238186E-5	-0.12900047471126241	4602.636822582747	-957.7831131218056	-957.7831131218056	11976.916635524462	4856.181287162679	-2543.7932081977187
6600000	-3660.354042566639	-1077.8024142442775	-2582.5516283223615	254.0	2.01286460611256E-4	2.6587836720205642E-5	2.6587836720205642E-5	9.050695888415656E-5	-0.19698571589682692	5168.603272036094	-1518.3581634237444	-1518.3581634237441	11494.915659065648	5157.974809685829	-2582.5516283223615
6610000	-3719.6269643270803	-1120.676548806442	-2598.950415520638	190.0	2.1641620332864088E-4	1.2922164941523038E-5	1.2922164941523038E-5	9.687573669801104E-5	-0.08924479251962204	4657.823962171995	-621.3028314343712	-621.3028314343713	10405.377156601548	5151.752542849086	-2598.950415520638
6620000	-3454.0441491075644	-989.3678271212124	-2464.676321986352	563.0	2.1884422625199364E-4	2.284867183618264E-5	2.284867183618264E-5	1.0300774166211516E-4	-0.15218031568715665	4677.792572313304	-1037.6049962643617	-1037.6049962643615	9938.164642160422	4550.764984185824	-2464.676321986352
6630000	-3430.3122740228728	-935.5982595808034	-2494.7140144420696	773.0	2.54807199986331E-4	4.726745681945703E-5	4.726745681945703E-5	9.266905783727225E-5	-0.3076019006229446	4334.6785253847465	-2210.9778043134806	-2210.977804313481	11918.835948820055	4734.7247713553625	-2494.7140144420696
6640000	-3597.742736194975	-983.7631051143065	-2613.9796310806682	694.0	1.765185994955912E-4	3.1630810513891795E-5	3.1630810513891795E-5	8.45564102786492E-5	-0.2589058212799941	6072.15547909247	-2271.4682273895137	-2271.4682273895137	12676.133927122602	4906.341829222605	-2613.9796310806682
6650000	-3462.144515949971	-930.8500349932726	-2531.294480956698	145.0	1.9678902383695314E-4	1.3941279284263011E-5	1.3941279284263011E-5	7.464479250246712E-5	-0.11502769949812987	5149.722116377047	-961.8047268117936	-961.8047268117934	13576.416442981106	4685.394880710276	-2531.294480956698
6660000	-3352.2756607361334	-974.9249841301536	-2377.35067660598	428.0	2.8911409399728336E-4	1.6444608211408675E-6	1.6444608211408675E-6	1.1568240978932504E-4	-0.008991978002027466	3459.121789531139	-49.172473747720616	-49.17247374772061	8645.055579563508	4432.8659338699745	-2377.35067660598
6670000	-3543.1913789367964	-936.6566396239089	-2606.5347393128877	520.0	2.2400608200625038E-4	1.850050246822464E-5	1.850050246822464E-5	7.420260600457731E-5	-0.14349740250653353	4558.021014472815	-1136.4247641554846	-1136.4247641554846	13759.953782367516	4629.475372607552	-2606.5347393128877
6680000	-3509.273239678851	-994.9149403167409	-2514.3582993621103	308.0	2.582722720542655E-4	2.4095418303832154E-5	2.4095418303832154E-5	9.054993191851846E-5	-0.15756201078479468	3970.452534221257	-1056.5409894914137	-1056.5409894914137	11324.77711876913	4819.487420340171	-2514.3582993621103
6690000	-3636.065898397018	-1034.4036024613622	-2601.662295935656	821.0	2.2576292926299987E-4	2.276153716786672E-5	2.276153716786672E-5	8.964561289791669E-5	-0.1599965993645708	4545.792505555024	-1154.2028854264795	-1154.2028854264795	11448.09432051687	4897.0675677899035	-2601.662295935656
6700000	-3741.016602223063	-1011.1915888992081	-2729.825013323855	367.0	1.9147579641877967E-4	2.943710497558955E-5	2.943710497558955E-5	8.634535202087156E-5	-0.22893841517592192	5511.463413756728	-1878.9839091820554	-1878.9839091820556	12221.987887975069	5171.5858906740095	-2729.825013323855
6710000	-3512.215636949696	-1003.277204871518	-2508.938432078178	23.0	2.3757886472248574E-4	2.3606669715765443E-5	2.3606669715765443E-5	1.0392212756785579E-4	-0.1502369671186491	4306.327369183034	-978.2136901102947	-978.2136901102946	9844.798133350832	4551.27053627759	-2508.938432078178
6720000	-3862.815652397198	-965.1982971472593	-2897.6173552499386	980.0	1.9064100454918348E-4	1.4556233671622891E-5	1.4556233671622891E-5	6.673219242991472E-5	-0.12905450313041233	5334.304425131559	-1163.5670710105308	-1163.5670710105308	15239.07902840552	5256.046519594201	-2897.6173552499386
6730000	-3348.5353234861723	-914.5002109629751	-2434.0351125231973	867.0	2.349544976349406E-4	4.0293944719970766E-5	4.0293944719970766E-5	1.1252902962043532E-4	-0.24780816848827836	4534.608522081159	-1623.7344775100153	-1623.734477510015	9468.016127664334	4820.829027299794	-2434.0351125231973
6740000	-3612.4881345772847	-951.5148762382062	-2660.9732583390783	132.0	1.8857072483458042E-4	2.272676691094464E-5	2.272676691094464E-5	6.927522809182597E-5	-0.19884356477848814	5521.357750625162	-1811.3633702377056	-1811.3633702377056	15029.419054764056	5032.6528569724605	-2660.9732583390783
6750000	-3712.960003677932	-1005.8338679898496	-2707.1261356880823	983.0	1.6826639506075508E-4	4.274078096051747E-6	4.274078096051747E-6	6.213769278832065E-5	-0.041799029303118004	5953.358758269495	-409.49573640172423	-409.49573640172423	16121.458197200222	4956.529400147959	-2707.1261356880823
6760000	-3382.142949861559	-986.8981167074141	-2395.2448331541445	57.0	2.826522111493613E-4	3.542809597698583E-5	3.542809597698583E-5	1.2088740446350511E-4	-0.19165982725681557	3672.8327398793203	-1076.385678006206	-1076.3856780062063	8587.613405349115	4526.899994923864	-2395.2448331541445
6770000	-3554.2122595930805	-1017.1003144913157	-2537.111945101765	823.0	2.482536810885236E-4	2.9447200853415857E-5	2.9447200853415857E-5	8.996518322954036E-5	-0.19704205840991543	4190.849795596859	-1371.7395024091477	-1371.7395024091477	11564.405821210958	4852.9909936394715	-2537.111945101765
6780000	-3468.5256642141135	-1003.2922622199147	-2465.2334019941986	529.0	3.1059704812447155E-4	3.2693305851265294E-5	3.2693305851265294E-5	1.1352115312807419E-4	-0.17410922342144627	3320.25592461993	-956.2107101361902	-956.2107101361902	9084.313018220244	4619.561270528741	-2465.2334019941986
6790000	-3513.2797697238184	-981.7917957240553	-2531.487973999763	934.0	2.1110058074186948E-4	9.413467984080444E-6	9.413467984080444E-6	9.812030601063025E-5	-0.06540718959679356	4757.431162433766	-456.4185310345957	-456.4185310345956	10235.358225650363	4745.580618647907	-2531.487973999763
6800000	-3431.213595326494	-970.0083422192797	-2461.2052531072145	32.0	2.750530329266332E-4	2.522383875486032E-5	2.522383875486032E-5	1.0132352165857862E-4	-0.15109421074478455	3720.6018426127907	-926.2198886585536	-926.2198886585536	10099.95314386533	5014.7056575821025	-2461.2052531072145
6810000	-3586.1147572973537	-1024.0597524909535	-2562.0550048064	33.0	1.7756379559195155E-4	1.5037116572833426E-5	1.5037116572833426E-5	1.1039422483715368E-4	-0.10740244779681758	5697.5009915078645	-776.0730845251952	-776.0730845251953	9164.156032015197	4981.423473625846	-2562.0550048064
6820000	-3373.5315569971135	-912.4120339152182	-2461.1195230818953	892.0	2.1374553059378377E-4	1.5641690970163154E-5	1.5641690970163154E-5	1.0861204484354883E-4	-0.10265880038551188	4728.29104961655	-680.9416719998649	-680.9416719998648	9305.147331107974	4572.110484844526	-2461.1195230818953
6830000	-3438.446710263513	-920.3158234014585	-2518.1308868620545	663.0	2.242086766040923E-4	1.2295307092143718E-5	1.2295307092143718E-5	8.08211881017107E-5	-0.09133780224189461	4497.652783953553	-684.2267909121907	-684.2267909121908	12477.084316626037	4711.80137433169	-2518.1308868620545
6840000	-3588.748235084305	-1047.7293273200057	-2541.0189077642995	497.0	2.436394545238716E-4	1.4241911094709676E-5	1.4241911094709676E-5	1.005691365536719E-4	-0.09098338705822943	4138.685483318341	-586.0922418373221	-586.0922418373221	10026.406789953993	4661.350347888831	-2541.0189077642995
6850000	-3782.3055996789553	-1008.3246307571058	-2773.9809689218496	121.0	2.348398876383039E-4	2.6043726524199733E-5	2.6043726524199733E-5	9.696187028255457E-5	-0.1725904266748404	4388.956236898959	-1178.8631513334478	-1178.8631513334478	10629.972240832787	4995.040418724816	-2773.9809689218496
6860000	-3852.6446235433787	-1113.4543943501417	-2739.190229193237	150.0	1.45787255346349E-4	-1.3633650950494636E-6	-1.3633650950494636E-6	5.625742694940285E-5	0.015054365592986185	6860.865052447362	166.26896112337627	166.26896112337624	17779.460233714133	5273.313723048347	-2739.190229193237
6870000	-3646.591208475006	-1102.0150468962904	-2544.5761615787155	174.0	2.5969897089085496E-4	3.55382847712745E-5	3.55382847712745E-5	9.306890577835047E-5	-0.22859095646473723	4062.9149495694764	-1551.4207164220895	-1551.4207164220893	11337.135882236906	4738.67656978503	-2544.5761615787155
6880000	-3655.165087343417	-1051.7512618673372	-2603.4138254760796	416.0	1.8234252916130396E-4	3.578344862797892E-5	3.578344862797892E-5	8.389497422336285E-5	-0.2893145222137734	5985.1592471328095	-2552.830374318281	-2552.830374318281	13008.515523823196	5170.873834431487	-2603.4138254760796
6890000	-3528.100486111419	-1046.4209075372628	-2481.679578574156	136.0	2.6738700054289023E-4	4.212307706434664E-5	4.212307706434664E-5	1.1216769873500292E-4	-0.2432293834483686	3975.064530218871	-1492.7822486377588	-1492.7822486377588	9475.816956989736	4461.285297366995	-2481.679578574156
6900000	-3542.2768592460307	-1023.725698922817	-2518.551160323214	23.0	2.456979208028635E-4	2.2149717621262074E-5	2.2149717621262074E-5	1.0385524733680491E-4	-0.13866064980174084	4149.826291792581	-885.0537926350926	-885.0537926350926	9817.546226430875	4529.3681276431735	-2518.551160323214
6910000	-3499.981295397299	-980.6506196332274	-2519.3306757640717	377.0	2.4144828981783735E-4	2.3399880965196406E-5	2.3399880965196406E-5	1.0383200576710761E-4	-0.14778690686462295	4234.151544272896	-954.2206316115962	-954.2206316115962	9845.9876763558	4871.580021347043	-2519.3306757640717
6920000	-3530.737501357241	-1024.2618683512962	-2506.475633005945	290.0	2.1942593307760328E-4	2.135924277120419E-5	2.135924277120419E-5	1.1080100403067918E-4	-0.13698405788804652	4644.498773844263	-895.3256130570078	-895.3256130570077	9197.781969975484	4951.800134623023	-2506.475633005945
6930000	-3470.2469044065174	-947.1872550289344	-2523.059649377583	912.0	2.0897716645546882E-4	2.32605817136352E-5	2.32605817136352E-5	1.0458282570093694E-4	-0.15734066001037203	4906.682014999621	-1091.3099468080295	-1091.3099468080293	9804.520936590498	4731.987483750835	-2523.059649377583
6940000	-3512.8056025356373	-917.8868289116235	-2594.9187736240137	670.0	1.5923436364960803E-4	7.4677349142448526E-6	7.4677349142448526E-6	7.794984980460064E-5	-0.06702901748196335	6308.394389990148	-604.3554561945464	-604.3554561945464	12886.659420882574	5145.5581105491	-2594.9187736240137
6950000	-3709.6782422810443	-947.0618914075941	-2762.6163508734503	983.0	1.6701035959237488E-4	1.6494669775021288E-5	1.6494669775021288E-5	5.3035036965251074E-5	-0.1752630970758607	6177.404806941971	-1921.2629647811646	-1921.2629647811646	19453.00045385119	5102.454381840775	-2762.6163508734503
6960000	-3641.920942389304	-1015.739973410445	-2626.180968978859	771.0	2.3037621382475496E-4	3.854456499452522E-5	3.854456499452522E-5	7.799929778120967E-5	-0.2875404738141243	4731.962299140933	-2338.3726979503595	-2338.3726979503595	13976.17144574073	5066.928185034442	-2626.180968978859
6970000	-3588.588645805541	-961.0704555299243	-2627.5181902756167	27.0	1.6984070529214393E-4	1.6984389022029653E-5	1.6984389022029653E-5	7.396842265361081E-5	-0.1515325241358496	6026.245321534469	-1383.7268825162819	-1383.7268825162816	13837.009347433126	4984.638083858637	-2627.5181902756167
6980000	-3676.1010521996977	-991.8493953565551	-2684.251656843143	897.0	1.5312553315591996E-4	2.5454416952265527E-5	2.5454416952265527E-5	7.45938926688996E-5	-0.2381703589207712	6923.315402563061	-2362.5118711944806	-2362.5118711944806	14212.106705969827	5035.884949847625	-2684.251656843143
6990000	-3591.4399753848843	-948.9610353875782	-2642.478939997306	16.0	2.1881313177632905E-4	2.8451070643689374E-5	2.8451070643689374E-5	7.474845102614278E-5	-0.22246455450304978	4808.062961039422	-1830.0651998259593	-1830.0651998259593	14074.770779060724	5161.42634177609	-2642.478939997306
7000000	-3629.96903618428	-974.8282677462054	-2655.1407684380747	625.0	2.0106888362442755E-4	1.727092593040943E-5	1.727092593040943E-5	6.935403445818883E-5	-0.14625385540376715	5082.127641183863	-1265.579583732627	-1265.579583732627	14733.933494030945	4979.109787599743	-2655.1407684380747
7010000	-3457.2075301224877	-991.2857393908224	-2465.921790731665	876.0	2.65816144937067E-4	2.8054168395848653E-5	2.8054168395848653E-5	1.0210377360225575E-4	-0.17028869812590838	3874.3480073632854	-1064.5210023881918	-1064.5210023881918	10086.446515422065	4616.295654936872	-2465.921790731665
7020000	-3562.741561620697	-970.1448816192961	-2592.596680001401	817.0	2.113987734580695E-4	2.363715979708201E-5	2.363715979708201E-5	7.941271109714654E-5	-0.1824311720126097	4893.2492926928835	-1456.4735778488764	-1456.4735778488766	13025.961264997168	4947.288617126704	-2592.596680001401
7030000	-3650.383009716242	-1059.1823363095132	-2591.200673406729	267.0	2.1949196476392225E-4	2.03642087257017E-5	2.03642087257017E-5	8.599413444680736E-5	-0.14822580305294691	4658.32293122779	-1103.1340811032164	-1103.1340811032164	11889.93248501708	5093.045948770076	-2591.200673406729
7040000	-3524.3572872526884	-918.1076341042732	-2606.2496531484153	183.0	2.2049332930678469E-4	1.113999985455124E-5	1.113999985455124E-5	7.162476147903009E-5	-0.08864533044271464	4571.205101381094	-710.9723385175712	-710.9723385175712	14072.231598883149	4791.27288131606	-2606.2496531484153
7050000	-3559.0987426314427	-944.2455464298101	-2614.8531962016327	300.0	2.0352871302137113E-4	1.1364540546488348E-5	1.1364540546488348E-5	7.604893756438756E-5	-0.09134661609030548	4954.65431341943	-740.4096841065706	-740.4096841065705	13260.072371454999	4848.068682976808	-2614.8531962016327
7060000	-3631.971830118663	-945.6320987064225	-2686.339731412241	309.0	1.5350749947190513E-4	1.040589565732318E-5	1.040589565732318E-5	6.67785309606367E-5	-0.10277707120917343	6583.886133867315	-1025.9469794132617	-1025.946979413262	15134.742898334704	5209.3173831408585	-2686.339731412241
7070000	-3630.9700624499405	-894.7067376559725	-2736.263324793968	691.0	1.621233987320169E-4	5.048082545017376E-6	5.048082545017376E-6	5.6653261819327965E-5	-0.05267337401987775	6185.302130065997	-551.1406530840299	-551.1406530840299	17700.343657327976	4990.476733725791	-2736.263324793968
7080000	-3601.7653815787226	-938.2167831327123	-2663.54859844601	155.0	1.6680703026622298E-4	1.7591588067002485E-5	1.7591588067002485E-5	7.740019512742313E-5	-0.1548199218142564	6142.1742149550655	-1395.999046867664	-1395.999046867664	13237.148026406203	4790.94906486427	-2663.54859844601
7090000	-3745.184812698856	-948.947927649401	-2796.236885049455	625.0	1.3998551043077506E-4	1.1123088793871292E-5	1.1123088793871292E-5	4.986395505327336E-5	-0.13313446589387173	7272.499989169925	-1622.2672879947343	-1622.2672879947343	20416.443541313674	5417.206037187604	-2796.236885049455
7100000	-3616.2357527958457	-986.5605196545492	-2629.6752331412963	216.0	2.0247588944104244E-4	1.1531447500408349E-5	1.1531447500408349E-5	7.495994611081885E-5	-0.09360144117055492	4982.512585425406	-766.4837727339889	-766.483772733989	13458.36969911579	4806.64183829057	-2629.6752331412963
7110000	-3435.2340116137752	-944.8158400054205	-2490.418171608355	787.0	2.579958809767057E-4	2.3539369735386055E-5	2.3539369735386055E-5	1.074438496587274E-4	-0.14138315345191885	3955.0899422513567	-866.5021290941714	-866.5021290941714	9497.024885410578	4857.742982620578	-2490.418171608355
7120000	-3756.65711431902	-1007.9044039620952	-2748.7527103569246	416.0	1.4946292960796675E-4	1.286265157017241E-5	1.286265157017241E-5	5.2271507852784885E-5	-0.14552286824208052	6835.374307633362	-1682.0069227467716	-1682.0069227467714	19544.77900012367	5241.659764184719	-2748.7527103569246
7130000	-3726.332932677912	-1005.4868935740632	-2720.846039103849	672.0	1.4048308648030925E-4	1.2776856634413567E-5	1.2776856634413567E-5	7.119955708157383E-5	-0.12775366133256943	7236.399897434615	-1298.5817304014524	-1298.5817304014522	14278.063435601036	5113.254427964326	-2720.846039103849
7140000	-3801.0173666178957	-905.0850576840035	-2895.9323089338923	637.0	1.663564782617138E-4	1.3286033833554916E-5	1.3286033833554916E-5	7.114737164269149E-5	-0.12212260642117746	6102.1953241766705	-1139.5216950969411	-1139.5216950969411	14268.12685215205	4764.773060905273	-2895.9323089338923
7150000	-3427.223437709898	-907.0008668850772	-2520.2225708248207	81.0	1.945549282378528E-4	1.0993134178718188E-5	1.0993134178718188E-5	9.149504373774379E-5	-0.08239514572199987	5175.069961876667	-621.7849202655302	-621.7849202655302	11004.261257524708	4956.374514007475	-2520.2225708248207
7160000	-3622.120661894584	-954.5523217079398	-2667.568340186644	198.0	1.8394461327058258E-4	1.9593919099302982E-5	1.9593919099302982E-5	6.905354429657838E-5	-0.17385403960487675	5605.85736329541	-1590.660070783432	-1590.6600707834318	14932.865144657271	4611.933292539744	-2667.568340186644
7170000	-3593.0589622702655	-1049.5320199922037	-2543.5269422780616	260.0	2.840880592582107E-4	4.605508632135728E-5	4.605508632135728E-5	1.0107956109113394E-4	-0.27178121570844027	3800.7800395725358	-1731.7571517072877	-1731.757151707288	10682.240934307109	4648.358599976252	-2543.5269422780616
7180000	-3637.368014636039	-1029.5536918197377	-2607.8143228163012	422.0	2.2455264635189409E-4	2.7252678123143602E-5	2.7252678123143602E-5	7.150877479768683E-5	-0.2150653422519018	4669.266731802129	-1779.5022173561615	-1779.5022173561615	14662.483088480278	4990.587229800849	-2607.8143228163012
7190000	-3515.0743856441677	-930.0910904013786	-2584.983295242789	564.0	1.8815450372354898E-4	3.4492620198651585E-5	3.4492620198651585E-5	7.925994873375082E-5	-0.28245026318433614	5775.543262029936	-2513.421007213569	-2513.4210072135693	13710.511974358482	4898.221888372147	-2584.983295242789
7200000	-3597.9146988065095	-1062.0741567930625	-2535.840542013447	239.0	2.6853818945364626E-4	2.0067533204104065E-5	2.0067533204104065E-5	1.052572370988272E-4	-0.11936169544147507	3777.686642114631	-720.2246060682551	-720.2246060682551	9637.846851748598	5016.450182851892	-2535.840542013447
7210000	-3388.2776330029387	-926.1141862182117	-2462.163446784727	903.0	2.6514973797474165E-4	9.860560848518862E-6	9.860560848518862E-6	9.335683529362084E-5	-0.06267335672561106	3786.3263488111843	-399.92038330538924	-399.9203833053892	10753.828962995558	4666.662116690848	-2462.163446784727
7220000	-3546.3882526951074	-904.4232480445196	-2641.965004650588	141.0	1.9561306944777335E-4	1.7342996732809076E-5	1.7342996732809076E-5	5.504675717635276E-5	-0.16713189544749213	5259.033821504971	-1656.9078918108264	-1656.9078918108266	18688.3987526911	5160.8307175320015	-2641.965004650588
7230000	-3587.0920102838445	-997.4480365978668	-2589.643973685978	914.0	2.409165240542542E-4	2.1775633180568294E-5	2.1775633180568294E-5	7.933588207896317E-5	-0.15750801938867154	4256.4116895261295	-1168.2741426427112	-1168.2741426427112	12925.2978893448	4689.846045670121	-2589.643973685978
7240000	-3506.872672654774	-1014.2006824199925	-2492.6719902347813	295.0	2.6274904877561734E-4	2.0596893507264122E-5	2.0596893507264122E-5	8.893629045053838E-5	-0.1347384794178684	3876.2847705083736	-897.7148048061791	-897.7148048061791	11451.90710198237	4816.111445987177	-2492.6719902347813
7250000	-3678.313619142089	-1059.3174894208844	-2618.996129721205	959.0	1.9925629881658083E-4	1.711371530606948E-5	1.711371530606948E-5	6.881942866916778E-5	-0.14614458962319793	5128.191065113692	-1275.2561830377983	-1275.2561830377986	14847.905468250532	5165.526492086559	-2618.996129721205
7260000	-3576.1669485715074	-1009.6732684065913	-2566.493680164916	271.0	2.1842556944627113E-4	4.081035918132034E-6	4.081035918132034E-6	8.703575457443909E-5	-0.029598508657872818	4582.23294290458	-214.85718503477412	-214.8571850347741	11499.60547574015	4650.413815120861	-2566.493680164916
7270000	-3536.4170350279146	-999.5013058898837	-2536.9157291380307	452.0	2.3657896482028233E-4	3.5887769613704136E-5	3.5887769613704136E-5	8.211919481089123E-5	-0.2574755908663144	4527.0321040200715	-1978.4057254463894	-1978.4057254463894	13042.02472203502	4583.170053051402	-2536.9157291380307
7280000	-3466.6678003555116	-977.9772512207467	-2488.6905491347648	485.0	2.4008314381486785E-4	1.324360993329385E-5	1.324360993329385E-5	8.57725336782407E-5	-0.09228931587477911	4201.004992251919	-648.6513696087628	-648.6513696087629	11758.898128220511	4597.4846422554165	-2488.6905491347648
7290000	-3644.3471626515698	-940.6284620233309	-2703.718700628239	303.0	1.7001390755397837E-4	2.6033841117744404E-5	2.6033841117744404E-5	7.232580608685422E-5	-0.2347736674087294	6224.984655857717	-2240.6976189989864	-2240.6976189989864	14632.867894137282	5554.4820473016725	-2703.718700628239
7300000	-3612.924194690858	-1030.162247293256	-2582.761947397602	944.0	2.5316560975443663E-4	4.275478435496746E-5	4.275478435496746E-5	8.660511931969373E-5	-0.2887424139222367	4309.255615609999	-2127.371869274039	-2127.371869274039	12596.891893728454	4864.3459648814605	-2582.761947397602
7310000	-3704.20100486507	-938.7300432760981	-2765.470961588972	14.0	1.5894896222828767E-4	1.463417982972734E-5	1.463417982972734E-5	5.170936648055416E-5	-0.16141910335972134	6459.6408659963445	-1828.131971100356	-1828.1319711003562	19856.23266925302	5347.74066341184	-2765.470961588972
7320000	-3641.749461053766	-1061.9395520785176	-2579.809908975248	610.0	2.3749146484328807E-4	1.9874606007910926E-5	1.9874606007910926E-5	9.102503419328512E-5	-0.135174290743886	4289.047494038767	-936.4800557199518	-936.4800557199518	11190.461845680285	4696.727269111451	-2579.809908975248
7330000	-3592.124151214756	-969.5898904315885	-2622.534260783167	360.0	1.6679187702928812E-4	1.8419082047482487E-5	1.8419082047482487E-5	8.15245745881685E-5	-0.15795604961413923	6148.9118602622275	-1389.2413745062947	-1389.2413745062947	12580.115333832488	4896.443337823084	-2622.534260783167
7340000	-3624.1713192584066	-998.3346763056331	-2625.836642952773	464.0	2.0535592521369288E-4	3.1989935155856836E-6	3.1989935155856836E-6	7.816681944204141E-5	-0.02524925218842953	4872.7005582716065	-199.41629454246245	-199.41629454246245	12801.313122060565	4931.135759396554	-2625.836642952773
7350000	-3502.3949061242324	-999.4880665062907	-2502.906839617942	549.0	2.478688004113679E-4	2.6851992825875526E-5	2.6851992825875526E-5	1.0842833438406703E-4	-0.16379256980718718	4145.610854087881	-1026.6496626106716	-1026.6496626106716	9476.92865718414	4612.447722231942	-2502.906839617942
7360000	-3840.095003594304	-942.7691085662682	-2897.325895028036	769.0	2.6790787415302704E-4	5.014367609945134E-5	5.014367609945134E-5	1.1244950966001509E-4	-0.28889807454217453	4072.528125036703	-1816.0286498817882	-1816.0286498817882	9702.686616471368	4513.182966638233	-2897.325895028036
7370000	-3502.008788779437	-882.6868352832646	-2619.3219534961727	2.0	1.659339757416035E-4	2.8354240966091424E-5	2.8354240966091424E-5	7.502476600647759E-5	-0.2541253803199066	6442.55143850794	-2434.844727248081	-2434.844727248081	14249.137065207364	4866.57736647589	-2619.3219534961727
7380000	-3600.592011800559	-965.6579828558185	-2634.9340289447405	65.0	2.051870515335187E-4	1.6380950394590266E-5	1.6380950394590266E-5	6.454808596421272E-5	-0.1423385165771357	4974.384162639707	-1262.3943683940392	-1262.3943683940392	15812.695361609423	4773.262528186316	-2634.9340289447405
7390000	-3493.631718863029	-1100.9815711449767	-2392.6501477180523	31.0	3.192172896246347E-4	2.1642313790897502E-5	2.1642313790897502E-5	1.2251443198889631E-4	-0.10943767583822724	3170.6358508492835	-560.0964301656202	-560.0964301656202	8261.24535913072	4345.8493059879365	-2392.6501477180523
7400000	-3449.9230036593135	-850.873708066986	-2599.0492955923273	302.0	1.7258242698427656E-4	1.415226433200786E-5	1.415226433200786E-5	7.644323465736663E-5	-0.12321344989684861	5883.655737991852	-1089.266455243744	-1089.266455243744	13283.262951311359	4803.988478262303	-2599.0492955923273
7410000	-3395.0765264725364	-997.0756269881648	-2398.0008994843715	741.0	2.937977535366142E-4	1.1678120215071671E-5	1.1678120215071671E-5	1.0305195920362666E-4	-0.0671151522573178	3419.1031530770733	-387.46180041533324	-387.46180041533324	9747.750874867856	4370.661960495791	-2398.0008994843715
7420000	-3519.464450511708	-938.5710938773864	-2580.8933566343217	684.0	2.0460635712105208E-4	1.5332755055850652E-5	1.5332755055850652E-5	7.161893180805837E-5	-0.12666210946124407	4967.122664669226	-1063.4014390754726	-1063.4014390754728	14190.4500407116	4646.993844478144	-2580.8933566343217
7430000	-3597.8213962704003	-1061.4908803148867	-2536.3305159555134	187.0	2.685037931280267E-4	2.0932474771187417E-5	2.0932474771187417E-5	8.713996688127602E-5	-0.13684743717308578	3795.4198379945774	-911.7232063345758	-911.7232063345759	11694.801587466267	5044.20643567386	-2536.3305159555134
7440000	-3625.176057440013	-986.0380005646607	-2639.1380568753525	313.0	1.9325349352811418E-4	1.0404336644902417E-5	1.0404336644902417E-5	8.314806498476125E-5	-0.08207759938806738	5209.646694163181	-651.8842984140475	-651.8842984140476	12108.308520213204	4928.623825878485	-2639.1380568753525
7450000	-3492.2544977946363	-947.6781681600078	-2544.5763296346286	341.0	1.983287309477841E-4	1.95971465086389E-5	1.95971465086389E-5	7.764363792762697E-5	-0.1579236180216198	5171.100377648769	-1305.1785621652682	-1305.1785621652684	13208.780563046865	4576.764524546705	-2544.5763296346286
7460000	-3431.2648314518715	-904.9336748811814	-2526.33115657069	55.0	2.141791919548673E-4	4.0302670233064606E-5	4.0302670233064606E-5	9.903000429562835E-5	-0.27673353081175517	5056.198649350538	-2057.743087532484	-2057.743087532484	10935.39830462267	4831.586466890189	-2526.33115657069
7470000	-3538.9464532222814	-917.7060147980173	-2621.240438424264	79.0	1.6145715886697046E-4	2.8709982840053964E-5	2.8709982840053964E-5	7.759662861861492E-5	-0.25649733288863497	6629.771984882049	-2452.9498678989344	-2452.949867898934	13794.724947084922	5035.647336036781	-2621.240438424264
7480000	-3448.2505889954773	-856.0370577409891	-2592.2135312544883	970.0	1.990170101756079E-4	2.2042024150034464E-5	2.2042024150034464E-5	7.242684718001566E-5	-0.1835931971955166	5199.968672568448	-1582.5324382172225	-1582.5324382172228	14288.654808474754	4719.512315311277	-2592.2135312544883
7490000	-3501.231210993193	-872.9009806232493	-2628.330230369944	457.0	1.8652912092655447E-4	9.584005533131582E-6	9.584005533131582E-6	6.780368264393986E-5	-0.08522109159850551	5400.313694639909	-763.3307559689168	-763.3307559689168	14856.357750928846	5141.246232411794	-2628.330230369944
7500000	-3549.9094427384016	-960.0472241555037	-2589.8622185828976	631.0	2.0092647631770816E-4	1.0509004875374412E-5	1.0509004875374412E-5	9.010741400730077E-5	-0.07810210632881993	5007.490277415	-584.0112083838125	-584.0112083838125	11165.97771360588	4965.828190952456	-2589.8622185828976
7510000	-3463.2705989212945	-958.8897811976606	-2504.380817723634	467.0	2.5550942580767683E-4	1.7395935396595296E-5	1.7395935396595296E-5	9.112057530089099E-5	-0.11400820201857811	3965.290268220755	-757.0181938265462	-757.018193826546	11118.993007322979	4682.040661576167	-2504.380817723634
7520000	-3578.8052362737153	-1048.461911417496	-2530.3433248562196	171.0	2.3609131957401733E-4	3.0033617804892448E-5	3.0033617804892448E-5	1.0158434740563339E-4	-0.19393412835177107	4401.179486408887	-1301.2176182785329	-1301.2176182785329	10228.743887867387	4782.217371596848	-2530.3433248562196
7530000	-3666.4102278647124	-1001.2087652891712	-2665.201462575541	518.0	1.9162250366931715E-4	2.8341762555037166E-5	2.8341762555037166E-5	7.523608009491633E-5	-0.23604267084245736	5526.509542950976	-2081.8604720881385	-2081.8604720881385	14075.7412379356	4936.984720183059	-2665.201462575541
7540000	-3573.8483314095147	-937.3354598536464	-2636.512871555868	830.0	2.096317368264136E-4	3.085044523447306E-5	3.085044523447306E-5	7.486273241349075E-5	-0.24626351993455006	5078.243830222443	-2092.711261275656	-2092.711261275656	14220.173908128803	5003.683252763371	-2636.512871555868
7550000	-3388.1239704347236	-871.2735274806654	-2516.850442954058	683.0	2.2299327444012023E-4	2.444815013551008E-5	2.444815013551008E-5	1.0092036511432658E-4	-0.16297114431235452	4606.794779459659	-1116.0047853981184	-1116.0047853981184	10179.157114439813	4575.178160149334	-2516.850442954058
7560000	-3797.6283817616477	-1022.043981029893	-2775.5844007317546	828.0	1.6596585334075446E-4	2.063926960874463E-5	2.063926960874463E-5	6.366328969221275E-5	-0.20078923008351107	6278.4601920898585	-2035.4404125013928	-2035.4404125013928	16367.517426194338	5015.990646092618	-2775.5844007317546
7570000	-3570.5357699225474	-984.3338537721778	-2586.2019161503695	804.0	1.7297616698594206E-4	2.4001551398688854E-5	2.4001551398688854E-5	8.566819414239352E-5	-0.19716797386239682	6014.976732054345	-1685.2085495855918	-1685.2085495855918	12145.086400339043	4818.6874147857725	-2586.2019161503695
7580000	-3553.37268143903	-996.2987379088232	-2557.073943530207	27.0	2.128148943402364E-4	2.5648025348155252E-5	2.5648025348155252E-5	8.684175568784657E-5	-0.18866382137971774	4872.345687714109	-1439.0087431288	-1439.0087431287998	11940.19771372608	4676.5248639547335	-2557.073943530207
7590000	-3539.5057215448537	-1044.6571106648785	-2494.8486108799752	261.0	2.4320821840587769E-4	3.4013037285390054E-5	3.4013037285390054E-5	1.143092088078538E-4	-0.20399319618215733	4290.2336120431955	-1276.571479509995	-1276.5714795099948	9128.049124055779	4647.315328108424	-2494.8486108799752
7600000	-3507.380400927495	-935.4345866665061	-2571.9458142609888	347.0	2.4678936080660933E-4	4.211319423797977E-5	4.211319423797977E-5	8.712339955352255E-5	-0.28720206634532003	4416.31870191771	-2134.734046924177	-2134.7340469241767	12509.847815281675	4898.549924260357	-2571.9458142609888
7610000	-3712.8538760883457	-939.8209331353478	-2773.032942952998	496.0	2.6918414856546137E-4	7.037666023348452E-6	7.037666023348452E-6	1.0405718222517491E-4	-0.04205018216732598	3721.509439881609	-251.69565406787373	-251.69565406787376	9627.12355390396	4637.757272782959	-2773.032942952998
7620000	-3556.551932826304	-979.6667265746236	-2576.8852062516803	989.0	2.1590236951385096E-4	3.772791676917146E-5	3.772791676917146E-5	9.219975763209849E-5	-0.26740482003926586	4988.421931206608	-2041.2501319260673	-2041.250131926067	11681.290089502527	4961.133075416971	-2576.8852062516803
7630000	-3513.299654217791	-974.3429973599553	-2538.9566568578357	768.0	2.237852508207506E-4	2.6146972674187234E-5	2.6146972674187234E-5	1.0214974275619136E-4	-0.17293665103238573	4606.331694429334	-1179.0693318724614	-1179.0693318724614	10091.352809980152	4823.976098288476	-2538.9566568578357
7640000	-3750.0237166427028	-1058.2320600802664	-2691.7916565624364	991.0	1.7560857268214853E-4	2.0318169307625842E-5	2.0318169307625842E-5	7.359764535355175E-5	-0.17872271712230908	5882.376571490378	-1623.9530835069747	-1623.9530835069747	14035.71743003439	5356.397689675899	-2691.7916565624364
7650000	-3576.7813043931874	-1056.290849438248	-2520.4904549549397	314.0	2.639821634148631E-4	2.2344817395835386E-5	2.2344817395835386E-5	1.085355046644582E-4	-0.13200901881196278	3855.3189826040502	-793.7162952833761	-793.7162952833761	9376.981742781547	4807.4066595222785	-2520.4904549549397
7660000	-3520.106553490846	-1047.4511941345772	-2472.655359356269	949.0	2.862114697398332E-4	4.948855499712817E-6	4.948855499712817E-6	1.2095430892474343E-4	-0.026598098132797742	3496.393630158316	-143.05523300154348	-143.05523300154348	8273.437867345701	4696.741283270306	-2472.655359356269
7670000	-3505.10706845257	-997.4029914973421	-2507.7040769552277	996.0	2.247140683358509E-4	2.9737027960470775E-5	2.9737027960470775E-5	9.457472779327929E-5	-0.20398342518790816	4643.304004277339	-1459.9889867615705	-1459.9889867615702	11032.711990480144	4354.887754118651	-2507.7040769552277
7680000	-3459.7387006606737	-960.0527104093549	-2499.685990251319	998.0	2.4210174211304294E-4	4.016226685067096E-5	4.016226685067096E-5	1.0771725180160445E-4	-0.2487004824715232	4402.817621483712	-1641.5860342830563	-1641.586034283056	9895.627659814967	4716.531511887411	-2499.685990251319
7690000	-3721.550652854485	-1023.8738428170099	-2697.676810037475	557.0	1.6675321525808995E-4	2.090529954340192E-5	2.090529954340192E-5	6.898672724318143E-5	-0.19491107434907626	6233.706412276665	-1889.0227877442821	-1889.022787744282	15067.979432592208	5049.051416158277	-2697.676810037475
7700000	-3656.933734235188	-889.6476330793333	-2767.2861011558543	476.0	1.365010674603126E-4	-1.0305918357626155E-5	-1.0305918357626155E-5	7.340628443687682E-5	0.10295609282842488	7404.436746951972	1039.5502399241273	1039.550239924127	13768.760095335387	4858.064590380682	-2767.2861011558543
7710000	-3305.957122112097	-928.2128741141433	-2377.7442479979536	204.0	2.4991361864767697E-4	1.2004183220899663E-5	1.2004183220899663E-5	1.062324092937976E-4	-0.07367313291591253	4023.2195307636866	-454.6208139892862	-454.6208139892862	9464.694985561868	4577.385185411913	-2377.7442479979536
7720000	-3628.8637574093214	-934.2458197593147	-2694.6179376500068	80.0	1.6391014539642807E-4	5.290354929862593E-6	5.290354929862593E-6	6.505851770244168E-5	-0.05123064338354903	6116.958062219451	-497.41187446407014	-497.41187446407014	15411.225474702353	4946.120100079088	-2694.6179376500068
7730000	-3584.5181816138156	-941.2108379572353	-2643.30734365658	873.0	1.9162344695321286E-4	2.105639545156745E-5	2.105639545156745E-5	6.404902112645911E-5	-0.19006557153935824	5414.153947202393	-1779.926758332036	-1779.9267583320357	16198.199807766867	5027.653866549058	-2643.30734365658
7740000	-3480.8691074737208	-916.8307984864257	-2564.0383089872953	232.0	2.2012448277882664E-4	1.1638860803251764E-5	1.1638860803251764E-5	7.845663870007351E-5	-0.08856486215931031	4578.798926206826	-679.2542254062939	-679.2542254062939	12846.659786593433	4539.246342190246	-2564.0383089872953
7750000	-3531.0261502687817	-982.2514458082112	-2548.7747044605703	135.0	2.0600716193657322E-4	-2.8050217459293415E-6	-2.8050217459293415E-6	8.691689852643435E-5	0.02096249453913291	4856.334167962464	156.7258286660038	156.72582866600376	11510.300486081996	4806.897913032642	-2548.7747044605703
7760000	-3481.301017900779	-985.5353754645943	-2495.7656424361844	136.0	2.459654556568459E-4	-3.2073836866836474E-6	-3.2073836866836474E-6	8.846829161970462E-5	0.021743028587441027	4067.5345252343322	147.4668905932997	147.4668905932997	11308.831272563863	4615.68829357871	-2495.7656424361844
7770000	-3572.0154287445534	-995.888493704058	-2576.1269350404955	500.0	2.0860407609980155E-4	2.3883964525822148E-5	2.3883964525822148E-5	8.855086609781132E-5	-0.17573109521117306	4946.525916314345	-1334.1783623077606	-1334.1783623077604	11652.799279644563	4643.009480413542	-2576.1269350404955
7780000	-3670.2379787384457	-1012.2204876568753	-2658.0174910815704	545.0	2.072259718001943E-4	2.507400613692148E-5	2.507400613692148E-5	7.441205688784707E-5	-0.201920298987313	5030.763257099185	-1695.1740626122291	-1695.1740626122291	14009.890983397212	5159.125309577376	-2658.0174910815704
7790000	-3729.8135813055687	-1037.5631846839713	-2692.2503966215977	514.0	1.5510901872046835E-4	1.021972570136428E-5	1.021972570136428E-5	6.221216138074222E-5	-0.10403586185725823	6517.6215928836855	-1070.6637323997363	-1070.663732399736	16249.90785123986	4948.425352554919	-2692.2503966215977
7800000	-3530.122207157992	-951.5765458475397	-2578.545661310452	933.0	1.8526408126080544E-4	2.8608470614299403E-5	2.8608470614299403E-5	8.058243594277543E-5	-0.234141734930738	5710.778689906348	-2027.4473267471435	-2027.4473267471435	13129.4388769857	4992.293249384259	-2578.545661310452
7810000	-3626.5041610292337	-930.8434017319839	-2695.6607592972496	492.0	1.605798853975377E-4	2.302839245838282E-6	2.302839245838282E-6	7.47469109193977E-5	-0.021019453768073102	6230.182629965796	-191.9425016037948	-191.9425016037948	13384.392751754658	4889.237678954765	-2695.6607592972496
7820000	-3514.7702068806116	-986.6328292775148	-2528.137377603097	323.0	2.4582221161799605E-4	3.897367386790913E-5	3.897367386790913E-5	1.0771862834878197E-4	-0.23950543797802865	4315.531877756764	-1561.4024663001514	-1561.4024663001514	9848.37633712894	4713.674135074484	-2528.137377603097
7830000	-3756.481864364284	-1060.084762820051	-2696.397101544233	547.0	1.685370786491164E-4	1.5516856278556377E-5	1.5516856278556377E-5	7.075590509685979E-5	-0.14209364708320846	6055.68029158633	-1328.018073188378	-1328.018073188378	14424.331992924856	5035.399666211988	-2696.397101544233
7840000	-3593.4951468324793	-886.1658148862151	-2707.329331946264	996.0	1.3884166011043727E-4	2.7606187380685668E-5	2.7606187380685668E-5	5.884125025338467E-5	-0.3054257060989021	7943.45309836486	-3726.7810207777593	-3726.7810207777593	18743.351142898835	4776.605428134164	-2707.329331946264
7850000	-3345.428687674143	-944.2428669899286	-2401.1858206842144	240.0	2.472942922327954E-4	9.196560973731744E-6	9.196560973731744E-6	1.3434142323929746E-4	-0.05045607177784575	4054.085938839186	-277.5290571611041	-277.52905716110416	7462.719157815937	4477.041617693244	-2401.1858206842144
7860000	-3628.4123557376533	-1014.273264579211	-2614.139091158442	285.0	1.911709925814819E-4	2.873762381074474E-5	2.873762381074474E-5	8.24422613321573E-5	-0.2289100762309851	5520.1753286667135	-1924.2160440679302	-1924.2160440679302	12800.442148878758	5017.4555451208225	-2614.139091158442
7870000	-3598.1829026421374	-987.475336544848	-2610.7075660972896	640.0	1.530718708244282E-4	5.606108408820509E-6	5.606108408820509E-6	8.076277958636169E-5	-0.05042061839988113	6549.529399558724	-454.63234461142457	-454.6323446114245	12413.499428136907	4835.284844095719	-2610.7075660972896
7880000	-3520.5340514480276	-891.8760978695311	-2628.6579535784963	25.0	1.863147424892094E-4	2.7669891039346083E-5	2.7669891039346083E-5	7.432114690765052E-5	-0.23514060819033414	5681.392258698043	-2115.1921262100013	-2115.1921262100013	14242.61034312093	4899.248375663133	-2628.6579535784963
7890000	-3612.137792502618	-959.9182990102696	-2652.2194934923486	710.0	2.085106763919783E-4	1.354514691898588E-5	1.354514691898588E-5	6.692340613878787E-5	-0.11466491490816616	4859.81454029375	-983.6155352103384	-983.6155352103384	15141.53680156027	4844.255442452684	-2652.2194934923486
7900000	-3572.2599686094345	-1015.8056518713255	-2556.454316738109	211.0	2.5320414166092787E-4	2.3026974355560928E-5	2.3026974355560928E-5	8.122841852386E-5	-0.16056374008285815	4053.8947807717827	-1149.2151743610996	-1149.2151743610996	12636.746683028452	4952.6361985886715	-2556.454316738109
7910000	-3597.178472032545	-935.8456333904157	-2661.3328386421294	557.0	1.892499743181922E-4	2.380970544601463E-5	2.380970544601463E-5	6.546319682434008E-5	-0.2139131599386729	5537.401644964574	-2014.0156377737746	-2014.0156377737742	16008.279001575098	5102.591069330087	-2661.3328386421294
7920000	-3544.933405320472	-913.5851704586819	-2631.3482348617904	151.0	2.0073796680896455E-4	2.6288197983263267E-5	2.6288197983263267E-5	6.966534177649775E-5	-0.2222990825456776	5240.592390175405	-1977.536129005118	-1977.536129005118	15100.5626966326	5144.050556520473	-2631.3482348617904
7930000	-3584.404837622611	-986.3239030121008	-2598.08093461051	32.0	2.2658641586609005E-4	2.63683051467137E-5	2.63683051467137E-5	8.287696448175253E-5	-0.19241918155352675	4583.0139746004925	-1458.1411340243567	-1458.141134024357	12530.004167775358	5189.25738805022	-2598.08093461051
7940000	-3639.7739199219195	-912.1716762469989	-2727.602243674921	443.0	1.6795944937318606E-4	2.557550684851195E-6	2.557550684851195E-6	6.280058369621846E-5	-0.02490234169512981	5957.512454058417	-242.6194019245096	-242.61940192450956	15933.299541574208	5045.557282055508	-2727.602243674921
7950000	-3641.821443936681	-945.1385693712144	-2696.6828745654666	309.0	1.710795566783338E-4	1.5197209208668415E-5	1.5197209208668415E-5	5.546081836828554E-5	-0.15601690101459179	5991.06388192061	-1641.65358310163	-1641.65358310163	18480.58833435205	5129.709558718652	-2696.6828745654666
7960000	-3528.922163490278	-922.3817572163746	-2606.5404062739035	664.0	2.016563853159637E-4	3.134574538891947E-5	3.134574538891947E-5	8.597323710902737E-5	-0.2380624906092105	5256.856255935775	-1916.643868320843	-1916.6438683208435	12330.332861065534	4684.683075006114	-2606.5404062739035
7970000	-3466.3727404906367	-897.5838050912929	-2568.7889353993437	424.0	1.9861936861643463E-4	2.468631541811716E-5	2.468631541811716E-5	8.478768343187534E-5	-0.19023003612262956	5223.791488957864	-1520.930389358999	-1520.930389358999	12236.991569115777	4852.594557267606	-2568.7889353993437
7980000	-3496.2812252251038	-899.2466879112793	-2597.0345373138243	451.0	2.161976317573457E-4	2.860012086287086E-5	2.860012086287086E-5	9.377202081901013E-5	-0.20086569169085422	4819.864777324367	-1470.0409991188476	-1470.0409991188476	11112.518863802965	4771.125189282978	-2597.0345373138243
7990000	-3874.1793278273944	-882.5706752345563	-2991.608652592838	269.0	2.7115574835991335E-4	3.592863352372609E-5	3.592863352372609E-5	9.177312617004543E-5	-0.22775794163609647	3889.6899210070055	-1522.7904891661665	-1522.7904891661665	11492.599472577656	4367.802323794867	-2991.608652592838
8000000	-3565.9978765716533	-957.6408915157157	-2608.3569850559375	186.0	1.9143190199814183E-4	5.624236092423102E-6	5.624236092423102E-6	7.814281295675542E-5	-0.04598454202061528	5234.859229630289	-376.77277159620866	-376.7727715962087	12824.199962896535	5015.647173724486	-2608.3569850559375
8010000	-3451.9490432700013	-941.2082451716038	-2510.7407980983976	455.0	2.1584143605762462E-4	-8.867395106106952E-6	-8.867395106106952E-6	9.449636936782219E-5	0.06208991817147918	4650.96089071283	436.4390729179214	436.4390729179214	10623.371928627164	4683.860769981287	-2510.7407980983976
8020000	-3587.4789115873446	-1006.8468604637246	-2580.63205112362	775.0	2.0788789695220264E-4	1.529396693400852E-5	1.529396693400852E-5	8.4051685780215E-5	-0.1156997258363709	4875.551050258426	-887.1507555803854	-887.1507555803855	12058.866457142632	4823.434556217777	-2580.63205112362
8030000	-3460.6693751560956	-906.891331578685	-2553.7780435774107	950.0	2.4464750605609055E-4	-1.0156587614685442E-5	-1.0156587614685442E-5	7.477571687918653E-5	0.07509259802528999	4110.693348082734	558.3445921937797	558.3445921937796	13449.163949770513	4536.7729694370855	-2553.7780435774107
8040000	-3654.0847720542006	-1052.0402076663388	-2602.0445643878616	459.0	2.1767004979278266E-4	1.9010512541235794E-5	1.9010512541235794E-5	8.075670299607998E-5	-0.14338548766191517	4690.544062160284	-1104.1764139782372	-1104.1764139782374	12642.801423124347	4875.264595742583	-2602.0445643878616
8050000	-3603.515193766185	-1004.8694291493807	-2598.645764616804	530.0	2.0575998873007556E-4	8.89407749350948E-7	8.89407749350948E-7	8.927668811695421E-5	-0.0065622294255120155	4860.240666232832	-48.41953485769126	-48.419534857691254	11201.61473059402	5094.004395229126	-2598.645764616804
8060000	-3609.63476975928	-997.3325410270429	-2612.302228732237	522.0	2.0495692258773863E-4	1.5840722363065656E-5	1.5840722363065656E-5	7.567323813282285E-5	-0.12719572859087164	4959.309483485152	-1038.1351000537177	-1038.1351000537175	13432.024781485161	4781.434105307173	-2612.302228732237
8070000	-3455.2005033597093	-976.9018197065376	-2478.298683653172	972.0	2.9561868268694066E-4	4.624073745094691E-5	4.624073745094691E-5	1.159350496525036E-4	-0.2497764200611131	3607.821863138807	-1438.981085040533	-1438.981085040533	9199.457366404864	4526.79095131493	-2478.298683653172
8080000	-3505.5112541240105	-1002.2268599596216	-2503.2843941643887	856.0	2.372662651525301E-4	-3.878015430828011E-6	-3.878015430828011E-6	1.0222679967032777E-4	0.024900562242609843	4217.289053049222	159.9845840496759	159.98458404967593	9788.239736669348	4603.865946592495	-2503.2843941643887
8090000	-3456.769795224911	-912.8963332289493	-2543.873461995962	358.0	1.850616988988462E-4	2.1796714141710996E-5	2.1796714141710996E-5	8.330997542339295E-5	-0.17554329786525436	5575.412092212191	-1458.7168340715207	-1458.7168340715207	12385.014262724613	4816.958672933723	-2543.873461995962
8100000	-3460.316943474215	-977.1049148964651	-2483.21202857775	367.0	2.399004855656114E-4	4.480091026187671E-7	4.480091026187671E-7	1.0569449485880898E-4	-0.002813488153258408	4168.428060579106	-17.668788873494382	-17.668788873494385	9461.305596985907	4793.448478669211	-2483.21202857775
8110000	-3602.2168899633143	-1064.4615576263905	-2537.755332336924	678.0	2.1766347929378204E-4	2.0323266860833543E-5	2.0323266860833543E-5	1.1679132319501474E-4	-0.12746631975946035	4670.126621689828	-812.6650765656943	-812.6650765656943	8703.694601714338	4742.784390750378	-2537.755332336924
8120000	-3607.9340687462877	-1037.155803262236	-2570.7782654840516	168.0	2.442541371869268E-4	2.3569481217295467E-5	2.3569481217295467E-5	8.424361866320083E-5	-0.16430869729399264	4207.693019307961	-1177.2184428972648	-1177.2184428972646	12199.694698388586	4720.0296314531615	-2570.7782654840516
8130000	-3547.4002807291586	-970.9214403344232	-2576.4788403947355	388.0	1.9439122468494275E-4	2.7911241108035488E-5	2.7911241108035488E-5	8.435945709014503E-5	-0.21795856121135637	5400.83694206378	-1786.9254648479396	-1786.9254648479398	12445.259176686983	4900.473028381601	-2576.4788403947355
8140000	-3448.71894956973	-894.0678285272152	-2554.6511210425147	21.0	2.3283146605884944E-4	9.764871461201497E-6	9.764871461201497E-6	7.415638923059411E-5	-0.07431413153935407	4318.803104830587	-568.6975542157306	-568.6975542157306	13559.900488013018	4645.543941086149	-2554.6511210425147
8150000	-3359.4715798153893	-855.2004434981448	-2504.271136317245	708.0	2.147048839345875E-4	1.1809642392442004E-5	1.1809642392442004E-5	8.84768457781295E-5	-0.08568424403083644	4692.0036086408745	-626.2755440112343	-626.2755440112344	11385.985580228742	4568.283325765319	-2504.271136317245
8160000	-3403.0400730083898	-809.2699847758146	-2593.7700882325753	261.0	2.0677414583375795E-4	8.587160268035715E-7	8.587160268035715E-7	5.732193818430686E-5	-0.007887529881344495	4836.495457233672	-72.45351944198993	-72.45351944198993	17446.413165284983	4740.024749116664	-2593.7700882325753
8170000	-3539.6912892570554	-994.8209389474329	-2544.8703503096226	143.0	2.459642399321887E-4	3.739843962077142E-5	3.739843962077142E-5	9.374419043791234E-5	-0.2462891702506928	4328.171415417446	-1726.6868121821808	-1726.6868121821808	11356.174580167246	4685.023078284666	-2544.8703503096226
8180000	-3434.1285249508624	-961.7158765340633	-2472.412648416799	251.0	2.282734950110172E-4	2.2492448628859286E-5	2.2492448628859286E-5	1.2298483595597114E-4	-0.13424039149999747	4461.101275817149	-815.881815790511	-815.8818157905108	8280.298720676918	4941.430335663789	-2472.412648416799
8190000	-3408.917597798364	-951.0321990173068	-2457.8853987810576	30.0	2.2905128330392107E-4	2.7238893351734235E-5	2.7238893351734235E-5	1.2193668038444512E-4	-0.16298810516319734	4484.978525799171	-1001.8794292570059	-1001.879429257006	8424.783122567887	4678.821881235252	-2457.8853987810576
8200000	-3624.0591736101483	-951.6695791081602	-2672.389594501988	559.0	1.73309863850613E-4	2.7620567936230935E-5	2.7620567936230935E-5	6.379341018529163E-5	-0.2626836573971866	6197.667874845718	-2683.397957346393	-2683.397957346393	16837.42838736783	5377.175084792489	-2672.389594501988
8210000	-3430.5067249891126	-959.0081325617869	-2471.4985924273255	761.0	2.6184940164441123E-4	1.9736881618150895E-5	1.9736881618150895E-5	1.0583264991955541E-4	-0.11856128784364474	3873.4371083609485	-722.3628031725837	-722.3628031725837	9583.594381341874	4950.546614837265	-2471.4985924273255
8220000	-3438.935318496023	-939.8490424055916	-2499.086276090431	298.0	2.5743769749058586E-4	2.441654572753832E-5	2.441654572753832E-5	8.127669179675116E-5	-0.16879716289920266	3998.3581385799616	-1201.1573326562857	-1201.1573326562855	12664.493229040543	4811.707404147467	-2499.086276090431
8230000	-3403.778102533025	-931.5305935890201	-2472.247508944005	470.0	2.222230788428644E-4	2.6644352319223642E-5	2.6644352319223642E-5	1.1290133625597984E-4	-0.1682135771818007	4631.021136324397	-1092.9060970034643	-1092.9060970034645	9115.213417554927	4876.619641878486	-2472.247508944005
8240000	-3469.028114019656	-852.3610766835837	-2616.6670373360726	511.0	1.7933932610783611E-4	2.4484320237437074E-5	2.4484320237437074E-5	8.13890762163081E-5	-0.202659620374175	5814.842798187595	-1749.282333943634	-1749.282333943634	12812.898700047086	4910.999768942034	-2616.6670373360726
8250000	-3636.8633967727437	-1020.4529813497322	-2616.4104154230113	387.0	1.9058858660761673E-4	2.1759403610920296E-5	2.1759403610920296E-5	8.620073632957378E-5	-0.16976300550049564	5402.604139918863	-1363.7638033747492	-1363.7638033747492	11945.079947934664	4823.583990300529	-2616.4104154230113
8260000	-3713.3331765805547	-975.9963880776128	-2737.336788502942	403.0	1.3730214466333037E-4	7.269111876520915E-6	7.269111876520915E-6	6.307553410595054E-5	-0.0781110047393092	7327.917464570423	-844.5025892669953	-844.5025892669953	15951.33197146363	5228.193843538604	-2737.336788502942
8270000	-3447.431758383726	-988.827077036854	-2458.604681346872	922.0	2.76105789873139E-4	3.33994782177701E-5	3.33994782177701E-5	1.2047158650616574E-4	-0.183130048485355	3747.47790436919	-1038.9487701496123	-1038.948770149612	8588.750068175079	4794.560168558555	-2458.604681346872
8280000	-3519.9715820634638	-977.6516273870436	-2542.3199546764204	55.0	2.359865571493428E-4	3.681682220134815E-5	3.681682220134815E-5	8.692504559382788E-5	-0.25705745557347287	4537.35102084527	-1921.7803644318976	-1921.7803644318976	12318.128091535453	4717.067928871988	-2542.3199546764204
8290000	-3562.0102850307712	-988.8929543881088	-2573.117330642662	358.0	2.2022775179123672E-4	2.6015967780399663E-5	2.6015967780399663E-5	8.898446209415366E-5	-0.18584328505797673	4703.191332717356	-1375.049882838688	-1375.049882838688	11639.933861177149	4929.935085625612	-2573.117330642662
8300000	-3363.5306210643944	-967.8973414964399	-2395.6332795679546	558.0	2.912036101831272E-4	2.420578517050402E-5	2.420578517050402E-5	1.3029532134038854E-4	-0.12426716383482429	3487.8844155922525	-647.9663275307845	-647.9663275307845	7795.2494630909805	4456.635438782691	-2395.6332795679546
8310000	-3541.7397470069	-1035.9454796760576	-2505.794267330842	713.0	2.8306294976228184E-4	2.0869515686061073E-5	2.0869515686061073E-5	9.917534270807856E-5	-0.12455724724732767	3588.4562138536785	-755.1205894412541	-755.1205894412542	10242.051837179795	4674.317767423502	-2505.794267330842
8320000	-3671.308910544906	-1017.581857838594	-2653.727052706312	351.0	1.986440315646182E-4	8.960712809624034E-6	8.960712809624034E-6	6.849934995342122E-5	-0.07681774831374179	5064.013182966195	-662.4466922323513	-662.4466922323513	14685.336360780133	5152.738483651064	-2653.727052706312
8330000	-3717.6833353920874	-1011.3821455042662	-2706.3011898878212	197.0	2.2956646800602923E-4	3.037644240558995E-5	3.037644240558995E-5	7.0807493178754E-5	-0.23825557603278916	4618.191859169608	-1981.206122830552	-1981.206122830552	14972.737292186404	4996.14334770709	-2706.3011898878212
8340000	-3577.556848672972	-844.9999797273455	-2732.556868945627	667.0	1.2771702779263065E-4	5.923814553172109E-6	5.923814553172109E-6	5.880908676663591E-5	-0.06835256791299867	7866.562678742799	-792.3955470469018	-792.3955470469018	17083.992619376248	5372.084008452685	-2732.556868945627
8350000	-3428.660377182316	-907.5442992022455	-2521.1160779800707	305.0	2.731932326158161E-4	2.618447643227783E-5	2.618447643227783E-5	9.658610720684766E-5	-0.16119501039402265	3758.0616191320537	-1018.809834487611	-1018.809834487611	10629.655048643739	4525.049473994981	-2521.1160779800707
8360000	-3469.483766296898	-874.5978627461782	-2594.88590355072	321.0	1.977531038315339E-4	2.231758441539469E-5	2.231758441539469E-5	7.359211022921715E-5	-0.18499922268819474	5236.01163457549	-1587.8758102011052	-1587.8758102011052	14069.953276380467	4665.2508788476	-2594.88590355072
8370000	-3314.7892106157788	-960.5351690433973	-2354.2540415723815	198.0	2.7519822265633455E-4	-2.1069786067695443E-6	-2.1069786067695443E-6	1.286144309068932E-4	0.01119934087398239	3634.2002187217026	59.535948334654826	59.535948334654826	7776.152597475532	4220.84178216255	-2354.2540415723815
8380000	-3496.260615068862	-990.2688634553054	-2505.9917516135565	707.0	2.3569933482284802E-4	8.6316098780148E-6	8.6316098780148E-6	8.706998686704292E-5	-0.060252959780766856	4258.15222551663	-422.1283376094337	-422.12833760943363	11526.861129096957	4599.360838863338	-2505.9917516135565
8390000	-3581.063327030578	-1013.0286777324503	-2568.0346492981275	736.0	2.5313853930116246E-4	5.033926833009172E-6	5.033926833009172E-6	8.585117816615795E-5	-0.03414716351976386	3955.017646663674	-231.90444070589558	-231.9044407058956	11661.661626228188	4724.901348171428	-2568.0346492981275
8400000	-3470.069530944154	-997.0715232669804	-2472.9980076771735	405.0	2.380794484363218E-4	2.175103771447525E-5	2.175103771447525E-5	9.257046708132468E-5	-0.14651523973444888	4292.422766275288	-1008.5792199115033	-1008.5792199115034	11039.564527124423	4524.811303493741	-2472.9980076771735
8410000	-3589.095586506055	-963.9176942870668	-2625.1778922189883	149.0	2.1822714826249038E-4	2.2044028891726743E-5	2.2044028891726743E-5	7.156150500829838E-5	-0.17639929700081203	4729.549308279561	-1456.9050998084922	-1456.9050998084922	14422.783003138304	5565.235512853462	-2625.1778922189883
8420000	-3683.9087403895055	-1063.6972294824357	-2620.21151090707	267.0	2.2836889933616674E-4	2.9501892224665817E-5	2.9501892224665817E-5	8.665446263190115E-5	-0.20971810559988116	4580.33062748719	-1559.3936702310887	-1559.3936702310884	12070.988985740998	5251.374596609935	-2620.21151090707
8430000	-3486.8696382635644	-975.038847548572	-2511.8307907149924	883.0	2.5189540940719464E-4	8.308690017527136E-6	8.308690017527136E-6	9.013489756106649E-5	-0.055141165997557216	3982.0091349691606	-367.0640389534455	-367.06403895344556	11128.31820368663	4893.820729807549	-2511.8307907149924
8440000	-3578.770244671124	-922.9438599443137	-2655.8263847268104	477.0	2.027382054757559E-4	1.9777033752415465E-5	1.9777033752415465E-5	7.532057384731624E-5	-0.16004294915265455	5062.129523723708	-1329.1707874229076	-1329.1707874229078	13625.58731437699	4770.412228460948	-2655.8263847268104
8450000	-3444.1726195885576	-902.0250204304547	-2542.147599158103	279.0	2.178645434283065E-4	2.0457421940859382E-5	2.0457421940859382E-5	9.158904412394653E-5	-0.14482244033771022	4688.339076127068	-1047.1921789286769	-1047.1921789286769	11152.238371166213	4905.367704973365	-2542.147599158103
8460000	-3469.828392021189	-926.7121883597463	-2543.116203661443	94.0	2.6572902646360434E-4	-1.8044727695605705E-6	-1.8044727695605705E-6	7.566888699145348E-5	0.012725421067919504	3763.8415941209537	89.75617239219883	89.75617239219883	13217.611654337486	5096.9563946452545	-2543.116203661443
8470000	-3585.0921533263027	-1001.6974361894141	-2583.3947171368886	428.0	2.4107295033610874E-4	1.950956862145924E-5	1.950956862145924E-5	7.635014398502135E-5	-0.14380318169659806	4235.713792581118	-1082.3417558116814	-1082.3417558116814	13374.120433318436	4771.532639153183	-2583.3947171368886
8480000	-3586.6890393545673	-967.3123367610117	-2619.3767025935554	840.0	2.3919619474195922E-4	2.6488250158060876E-5	2.6488250158060876E-5	7.366205651491295E-5	-0.19955114147476322	4354.04963562328	-1565.679284634883	-1565.6792846348833	14138.515184515052	4981.823491142123	-2619.3767025935554
8490000	-3627.2854829397415	-986.0861176002135	-2641.199365339528	632.0	1.9270130225522184E-4	1.3504837842036775E-5	1.3504837842036775E-5	7.773038407319832E-5	-0.11034474165582787	5253.3430319380595	-912.7131767174628	-912.7131767174628	13023.556431865267	5424.767279704778	-2641.199365339528
8500000	-3659.1514960352174	-972.1404135084259	-2687.0110825267916	581.0	1.8560535471540265E-4	1.1865964833403324E-5	1.1865964833403324E-5	6.272245194729566E-5	-0.1099755879429141	5453.736517635282	-1031.7492974172221	-1031.7492974172224	16138.442765767631	5079.52292473251	-2687.0110825267916
8510000	-3564.8602376187464	-934.9052393048162	-2629.95499831393	936.0	2.0767612555818224E-4	1.0848224537267807E-5	1.0848224537267807E-5	7.837938550255271E-5	-0.08502848715315142	4850.2565820686805	-671.3075399644271	-671.3075399644271	12851.37014622664	4986.171098429194	-2629.95499831393
8520000	-3481.8697120476836	-1037.9941148413623	-2443.8755972063213	446.0	2.5883874949597375E-4	2.7860503250066667E-5	2.7860503250066667E-5	1.3196469240929856E-4	-0.15074587449208396	3953.243951723316	-834.6123796787112	-834.6123796787112	7753.988602821794	4532.74494013175	-2443.8755972063213
8530000	-4559.672320773734	-1040.80639436508	-3518.865926408654	580.0	3.4103420029147014E-4	3.752611004699502E-5	3.752611004699502E-5	1.32972914425443E-4	-0.17621910334255017	3026.2313141890077	-854.0287306975803	-854.0287306975804	7761.342831288512	4401.9429779251595	-3518.865926408654
8540000	-3633.700353744308	-1090.148211268823	-2543.5521424754847	663.0	2.7281766502453757E-4	2.6326471977175165E-5	2.6326471977175165E-5	9.148193654783287E-5	-0.166643640433914	3770.1492270762055	-1084.9653136113197	-1084.9653136113195	11243.348662467304	4687.087550344916	-2543.5521424754847
8550000	-3546.378120954651	-921.0509924890007	-2625.3271284656503	772.0	1.9684098040429713E-4	2.0679548199150143E-5	2.0679548199150143E-5	8.594259873503094E-5	-0.1589933813108894	5211.996447413205	-1254.113016530741	-1254.113016530741	11937.438542387821	4929.507722836479	-2625.3271284656503
8560000	-3613.149416898531	-883.6029336124914	-2729.54648328604	363.0	1.6062725888884026E-4	1.738546178839623E-5	1.738546178839623E-5	5.161091862442627E-5	-0.19094391029442434	6461.164714200149	-2176.4838766907237	-2176.4838766907233	20108.907280330437	5179.122351188424	-2729.54648328604
8570000	-3728.505706796155	-1023.8333411370584	-2704.6723656590966	802.0	1.7483486301067035E-4	2.025128425086223E-5	2.025128425086223E-5	7.240913771716168E-5	-0.179987300313278	5911.178184528818	-1653.2298746600961	-1653.2298746600961	14272.784633351792	5242.247075705782	-2704.6723656590966
8580000	-3641.5437081256514	-1099.1253099515436	-2542.4183981741076	896.0	2.313691835564292E-4	9.605809684095724E-6	9.605809684095724E-6	8.988168746329849E-5	-0.06661094763662757	4341.359457549971	-463.96851123319664	-463.9685112331967	11175.32193227314	4649.784063924388	-2542.4183981741076
8590000	-3552.248619191034	-935.1329659670107	-2617.1156532240234	970.0	1.7129497360071286E-4	2.493421316333563E-5	2.493421316333563E-5	8.098147310256976E-5	-0.21170471080605596	6111.807302150001	-1881.8267962601872	-1881.8267962601872	12927.918329522296	4879.109977272297	-2617.1156532240234
8600000	-3655.826045342506	-994.3187476556687	-2661.5072976868373	449.0	1.719981534140014E-4	2.8245767932130044E-5	2.8245767932130044E-5	6.895341535262847E-5	-0.25936633387469465	6233.338144159286	-2553.3966919842474	-2553.3966919842474	15548.506842157265	5180.293183167558	-2661.5072976868373
8610000	-3514.3703013087375	-1002.6814267115166	-2511.688874597221	273.0	2.7374508391384277E-4	3.648620517666753E-5	3.648620517666753E-5	9.58191963643075E-5	-0.22528344032708253	3848.3473838818327	-1465.380608135713	-1465.380608135713	10994.312387311607	4935.952574845288	-2511.688874597221
8620000	-3515.4295308022197	-867.8678969833692	-2647.5616338188506	304.0	1.4823022327294168E-4	3.065274296179238E-7	3.065274296179238E-7	7.598818715724138E-5	-0.0028882043663295007	6746.318798648067	-27.213858338974802	-27.213858338974802	13160.049992043396	5193.517095446216	-2647.5616338188506
8630000	-3580.8948766976855	-959.7314896005591	-2621.1633870971264	796.0	1.9202184835585275E-4	2.1997249239651602E-5	2.1997249239651602E-5	9.024023001180336E-5	-0.16710635100772978	5357.341997149968	-1305.9229476470352	-1305.9229476470352	11399.868023747453	4936.4148112973	-2621.1633870971264
8640000	-3476.290935021636	-937.5286944514655	-2538.7622405701704	269.0	2.0382068416472965E-4	2.7900493502409077E-5	2.7900493502409077E-5	8.743047145117559E-5	-0.20900484198858252	5130.38408567986	-1637.1894772099986	-1637.1894772099988	11960.113871226871	4637.358160587841	-2538.7622405701704
8650000	-3572.2352311126488	-1113.4495984584992	-2458.7856326541496	504.0	3.215970833148263E-4	2.936214176007837E-5	2.936214176007837E-5	1.1189250220068844E-4	-0.15478582543557803	3185.808616316236	-836.0002893221642	-836.0002893221641	9156.527370966596	4564.729234977075	-2458.7856326541496
8660000	-3763.5532140409014	-1068.844524622533	-2694.708689418368	93.0	1.67783455125374E-4	1.9376086271877397E-5	1.9376086271877397E-5	7.561907370848469E-5	-0.1720187613617944	6141.8019301808645	-1573.731047311347	-1573.731047311347	13627.41829546918	5331.991044884613	-2694.708689418368
8670000	-3626.1091483725295	-885.2216232067207	-2740.8875251658087	738.0	1.587268665660745E-4	3.5020735869690215E-5	3.5020735869690215E-5	5.950851284333872E-5	-0.36033835982509543	7240.229038961354	-4260.871876886593	-4260.871876886594	19311.839830386187	5163.826121586876	-2740.8875251658087
8680000	-3551.603065550158	-1034.811520970515	-2516.791544579643	493.0	2.54658370878623E-4	3.949815508889758E-5	3.949815508889758E-5	9.810108413830857E-5	-0.2498969347381042	4188.387939543237	-1686.3584929939113	-1686.358492993911	10872.540896571412	5019.885273587087	-2516.791544579643
8690000	-3619.98413985678	-1063.0410538083343	-2556.943086048446	321.0	2.1685411858790143E-4	1.929002903595568E-5	1.929002903595568E-5	9.525892963481253E-5	-0.13421349792646334	4695.985021727582	-950.9416888139518	-950.9416888139516	10690.270158321897	4784.2580218848625	-2556.943086048446
8700000	-3669.598889917107	-1014.2203798846987	-2655.3785100324085	584.0	2.0373190067255983E-4	1.3777209149282104E-5	1.3777209149282104E-5	7.744979653151843E-5	-0.10967852276069283	4968.175542831022	-883.767248065993	-883.7672480659929	13068.79929379779	5142.276267168583	-2655.3785100324085
8710000	-3429.838554537781	-938.4192816291725	-2491.4192729086085	141.0	2.1003286461553647E-4	1.4886452674850755E-6	1.4886452674850755E-6	7.229405062754578E-5	-0.012080817225579984	4761.854623460875	-98.0538825551156	-98.05388255511562	13834.41595492983	4945.579163308076	-2491.4192729086085
8720000	-3502.4404628716243	-971.7629763451247	-2530.6774865264997	248.0	2.3869875281266303E-4	2.727626907701339E-5	2.727626907701339E-5	1.057302073636259E-4	-0.17169606784968464	4316.633279426244	-1113.6046525614527	-1113.604652561453	9745.322607805247	4841.574367402891	-2530.6774865264997
8730000	-3689.819256831414	-963.4820317661389	-2726.337225065275	727.0	1.433215580748195E-4	1.560346719215329E-5	1.560346719215329E-5	5.692575863019161E-5	-0.17274716875673074	7191.936162745354	-1971.3244524762556	-1971.3244524762556	18107.084055136696	5254.131260376272	-2726.337225065275
8740000	-3553.0105624570665	-969.1537094924715	-2583.856852964595	447.0	2.1397735262244496E-4	1.4913938404460027E-5	1.4913938404460027E-5	6.446313711262672E-5	-0.12698508725499036	4749.986314161199	-1098.9381914140856	-1098.9381914140856	15766.987801435636	4884.983328038357	-2583.856852964595
8750000	-3513.628830823045	-913.6018448372023	-2600.0269859858427	276.0	2.1203078113882516E-4	3.828583710693383E-5	3.828583710693383E-5	8.437609587429995E-5	-0.2862391129359532	5137.201837576535	-2331.0165124480895	-2331.0165124480895	12909.401735200843	4691.10577620208	-2600.0269859858427
8760000	-3442.6986158062964	-956.1661636464568	-2486.5324521598395	37.0	2.7650092905039635E-4	2.6645719239106803E-5	2.6645719239106803E-5	8.899450432318199E-5	-0.16986251727459176	3724.076169022359	-1115.0204024336572	-1115.0204024336572	11570.495598804026	4688.895339415261	-2486.5324521598395
8770000	-3549.4671593625308	-975.5180913393011	-2573.9490680232298	304.0	2.024674696460496E-4	8.344134021446996E-6	8.344134021446996E-6	7.914406903200152E-5	-0.06591654804973823	4960.618880647366	-522.9964705593455	-522.9964705593455	12690.324934354603	5096.775611883611	-2573.9490680232298
8780000	-3651.2086972813427	-944.8263651668823	-2706.3823321144605	35.0	1.8374833998459215E-4	1.0946862000339456E-5	1.0946862000339456E-5	5.138651133101574E-5	-0.11265575022289243	5512.182902763094	-1174.259625614195	-1174.259625614195	19710.512191607617	5215.376583574415	-2706.3823321144605
8790000	-3643.6499877744354	-950.5044138260463	-2693.145573948389	248.0	1.664327728228018E-4	2.2722807570753234E-5	2.2722807570753234E-5	6.503606047950918E-5	-0.21840644663480485	6309.399026414427	-2204.42718865918	-2204.42718865918	16146.285108128432	5133.119233819685	-2693.145573948389
8800000	-3761.5010972942982	-967.479611455215	-2794.021485839083	145.0	1.394844447402788E-4	6.430923974766298E-6	6.430923974766298E-6	4.403169664795394E-5	-0.08205929404086144	7217.861318517088	-1054.1841658047201	-1054.1841658047201	22864.878141652884	5187.984644434158	-2794.021485839083
8810000	-3682.4091419181404	-997.6771919347568	-2684.731949983384	9.0	1.916189653117269E-4	3.72375551792682E-5	3.72375551792682E-5	7.772228597056876E-5	-0.30513296672828993	5754.466175108768	-2757.0245656951965	-2757.0245656951965	14187.241672397811	4815.665908719232	-2684.731949983384
8820000	-3714.8543426227684	-940.3910943832944	-2774.463248239474	814.0	1.5472166335941094E-4	1.6227518956373695E-5	1.6227518956373695E-5	4.760110947163822E-5	-0.1890897661092655	6702.880110417486	-2285.054177548281	-2285.054177548281	21786.903109903793	5136.071480721021	-2774.463248239474
8830000	-3454.148210589417	-992.4268857676669	-2461.72132482175	565.0	2.4517637357405727E-4	1.6127370480269774E-5	1.6127370480269774E-5	9.403361904633042E-5	-0.10621422355996869	4125.235111773704	-707.5043547245868	-707.5043547245868	10755.835998896579	4710.867100067318	-2461.72132482175
8840000	-3573.8865959803834	-1031.9398920171343	-2541.946703963249	252.0	2.6809975608973227E-4	-6.601526296944954E-6	-6.601526296944954E-6	8.468816237567053E-5	0.043811164161291556	3737.1280152181225	291.312837301564	291.31283730156395	11830.73385051887	4404.751834620803	-2541.946703963249
8850000	-3471.5633935309406	-911.4725767875742	-2560.0908167433663	171.0	2.1880030598937975E-4	2.6204882920723754E-5	2.6204882920723754E-5	8.157632645546923E-5	-0.1961445245051299	4753.247671061203	-1526.892716618655	-1526.8927166186547	12748.944333001045	4548.955087899427	-2560.0908167433663
8860000	-3663.281074671447	-928.3819310572171	-2734.89914361423	760.0	1.631643228590881E-4	2.0807686372954687E-5	2.0807686372954687E-5	5.287922484579378E-5	-0.22401064250094002	6452.58654294397	-2539.0575877665483	-2539.0575877665483	19910.123815910356	5004.713471470505	-2734.89914361423
8870000	-3607.1249280859183	-985.1596123264933	-2621.9653157594253	842.0	1.9737183826397427E-4	9.50000773848699E-6	9.50000773848699E-6	7.764994033594434E-5	-0.07673805773335383	5096.591392680823	-623.5376030026563	-623.5376030026563	12954.59607182877	5038.748462336501	-2621.9653157594253
8880000	-3800.3016513750317	-985.3812394603808	-2814.9204119146507	894.0	2.301817584537878E-4	2.6298374319521252E-5	2.6298374319521252E-5	7.408520991894294E-5	-0.20138526600639506	4528.031888565461	-1607.3367095336466	-1607.3367095336466	14068.534645244003	4862.2203465040875	-2814.9204119146507
8890000	-3503.101200182083	-950.8549474624805	-2552.2462527196026	206.0	2.3486773208424727E-4	1.2507225500970399E-5	1.2507225500970399E-5	8.463906436998586E-5	-0.08870822228520509	4291.485911699898	-634.1584991681676	-634.1584991681675	11908.585838643547	4991.512458857571	-2552.2462527196026
8900000	-3707.7023935739344	-966.0977284457152	-2741.604665128219	771.0	2.2409701581006754E-4	1.7926317412984525E-5	1.7926317412984525E-5	7.928102029009411E-5	-0.13448951582157523	4544.552312314351	-1027.5736481741378	-1027.5736481741376	12845.705159392812	5216.067776209229	-2741.604665128219
8910000	-3479.9245100621833	-938.1147156714451	-2541.8097943907383	267.0	1.9246780586168065E-4	1.3676351673475477E-5	1.3676351673475477E-5	8.125444639433199E-5	-0.10936230223181552	5258.567189770967	-885.096353212298	-885.096353212298	12455.993904378416	5127.280144733424	-2541.8097943907383
8920000	-3432.1170514485602	-917.5957955585956	-2514.521255889965	687.0	2.4879722718336927E-4	1.970325618080055E-5	1.970325618080055E-5	8.535618174964405E-5	-0.13520655470602688	4094.1823792087534	-945.0835617867358	-945.0835617867358	11933.7721375335	4880.82300897663	-2514.521255889965
8930000	-3419.111271331396	-985.3227419544085	-2433.7885293769873	810.0	2.7147411631124835E-4	1.3399791948300604E-5	1.3399791948300604E-5	1.0558070099534032E-4	-0.07914829626262629	3706.8135895667447	-470.45085345208946	-470.4508534520894	9531.135274452956	4445.982364839496	-2433.7885293769873
8940000	-3494.9430850992303	-989.2081668894741	-2505.7349182097564	970.0	2.457291111788424E-4	1.3602727580933113E-5	1.3602727580933113E-5	8.997498136924732E-5	-0.09148224484337701	4103.867171361649	-620.4367737657255	-620.4367737657255	11208.000458218537	4690.674811615463	-2505.7349182097564
8950000	-3640.135897712938	-1007.8965727679865	-2632.2393249449515	482.0	1.76597364250932E-4	2.3981337594412887E-5	2.3981337594412887E-5	8.527707897289096E-5	-0.19541825739462057	5887.429569473646	-1655.6434363067162	-1655.6434363067162	12192.075018335941	4888.417912910908	-2632.2393249449515
8960000	-3547.3701207499153	-946.3402544423651	-2601.02986630755	584.0	2.047451109651039E-4	1.8032930377564594E-5	1.8032930377564594E-5	7.630090422597275E-5	-0.14427619943575107	4987.948762008433	-1178.8501547212281	-1178.850154721228	13384.613631066693	5015.2039654482505	-2601.02986630755
8970000	-3505.399246217705	-949.9929194815129	-2555.406326736192	571.0	2.0916454441372264E-4	1.7567945612158475E-5	1.7567945612158475E-5	8.255168410731309E-5	-0.13369463348503907	4867.935727003402	-1035.9525795295417	-1035.952579529542	12334.08584675682	4691.603585827772	-2555.406326736192
8980000	-3622.2194433425566	-1047.2041785479412	-2575.0152647946156	68.0	2.132704553929733E-4	2.1471086299907323E-5	2.1471086299907323E-5	1.0284238179495298E-4	-0.1449781675780487	4789.552011443824	-999.9465471408579	-999.9465471408578	9932.383136026168	4601.532451481191	-2575.0152647946156
8990000	-3565.276736856008	-967.6556150593876	-2597.6211217966206	106.0	2.1960570226128867E-4	2.10533410962031E-5	2.10533410962031E-5	7.486319841250326E-5	-0.16419692949831868	4679.785801316077	-1316.0688939496386	-1316.0688939496388	13727.80844424598	4998.030282243847	-2597.6211217966206
9000000	-3505.988694914782	-875.4076688550772	-2630.581026059705	782.0	1.567978160335126E-4	3.0470673389102113E-5	3.0470673389102113E-5	8.40317025312117E-5	-0.26545472868355285	6861.116765756906	-2487.9044664865573	-2487.9044664865573	12802.40780581609	5012.943493966614	-2630.581026059705
9010000	-3413.1909831574562	-959.8062569012181	-2453.384726256238	767.0	1.8131280665824602E-4	1.8300136923873313E-5	1.8300136923873313E-5	1.0618468401447964E-4	-0.13188917733820774	5612.966385533018	-967.352818890016	-967.3528188900159	9584.270071384355	4818.731794823	-2453.384726256238
9020000	-3405.8818581305086	-1048.2510245002134	-2357.630833630295	759.0	3.3009771245155116E-4	1.4324626591935381E-5	1.4324626591935381E-5	1.2972291845712608E-4	-0.06922352283481382	3043.992524159383	-336.1322484556751	-336.1322484556751	7745.855403929493	4426.440089081932	-2357.630833630295
9030000	-3419.334131101482	-953.9927778969388	-2465.3413532045433	962.0	2.791232519735357E-4	2.8258117654130466E-5	2.8258117654130466E-5	1.0441786852407907E-4	-0.16552279416920915	3683.568360939991	-996.8668160131151	-996.8668160131151	9846.682318891599	4528.283743102375	-2465.3413532045433
9040000	-3466.477941841772	-931.1783376046633	-2535.2996042371087	810.0	2.5098895150135254E-4	2.6188508704754296E-5	2.6188508704754296E-5	8.825182704883096E-5	-0.17596310370306817	4111.544946123068	-1220.090667946787	-1220.090667946787	11693.26901874927	4506.405110245119	-2535.2996042371087
9050000	-3522.205036768537	-937.5074217016038	-2584.6976150669334	134.0	1.9403380020438038E-4	7.230215210831918E-6	7.230215210831918E-6	8.263295102048608E-5	-0.05709997240185325	5170.5995080066505	-452.41694445405267	-452.4169444540527	12141.295445502148	4948.282807190673	-2584.6976150669334
9060000	-3509.6022271922807	-1005.6875752412594	-2503.9146519510214	119.0	2.3969456942502646E-4	3.568679292010117E-5	3.568679292010117E-5	1.0793383650556063E-4	-0.22187052769274251	4387.981126894363	-1450.8237535383432	-1450.823753538343	9744.629496255333	4416.955563537278	-2503.9146519510214
9070000	-3563.141886127578	-1015.9586603447989	-2547.183225782779	436.0	1.771628764645112E-4	1.0856021028210949E-5	1.0856021028210949E-5	1.0952483821115748E-4	-0.07793418609782246	5679.016242891823	-562.8998933878783	-562.8998933878781	9186.143248526636	4668.713335696962	-2547.183225782779
9080000	-3550.12045876303	-970.4178885120416	-2579.7025702509886	287.0	2.0926532197896938E-4	1.463021382630236E-5	1.463021382630236E-5	8.034857153569988E-5	-0.11282697917053872	4840.238498163482	-881.3314642061672	-881.3314642061672	12606.24860422245	4812.38181508908	-2579.7025702509886
9090000	-3592.3728842853607	-1028.3648775412246	-2564.008006744136	193.0	2.452592009083884E-4	9.066010104020837E-9	9.066010104020837E-9	7.997515732095782E-5	-6.473303848875487E-5	4077.319017947449	-0.46220622318602245	-0.4622062231860224	12503.882926758708	4891.495241434692	-2564.008006744136
9100000	-3611.42838539309	-1059.2871319271974	-2552.141253465893	169.0	2.350049296839197E-4	1.2838419091222295E-5	1.2838419091222295E-5	9.537342498649247E-5	-0.085754984487705	4286.754322417679	-577.0490945470535	-577.0490945470536	10562.778869005517	4603.493942871683	-2552.141253465893
9110000	-3733.9529814882735	-1119.1795445257674	-2614.773436962506	954.0	1.909838458406032E-4	6.081575200657898E-6	6.081575200657898E-6	7.545747824273343E-5	-0.05066016739461995	5249.517579742565	-423.09041690582177	-423.0904169058217	13286.596365730504	4930.311494953534	-2614.773436962506
9120000	-3498.162262206403	-987.2768334222941	-2510.8854287841086	552.0	2.1674370034373408E-4	2.9417151159658734E-5	2.9417151159658734E-5	9.834741107722911E-5	-0.2014864775108283	4808.973169481467	-1438.4343126052447	-1438.4343126052447	10598.292605675726	4578.443768876501	-2510.8854287841086
9130000	-3497.2623756889184	-1015.6465831239716	-2481.615792564947	103.0	2.441723397329195E-4	4.164321800488227E-5	4.164321800488227E-5	1.1360735296426898E-4	-0.25003040804555016	4368.5700352681315	-1601.316372589754	-1601.3163725897543	9389.215917512212	4766.927870083797	-2481.615792564947
9140000	-3428.78267810335	-983.6117659398511	-2445.170912163499	682.0	2.509148976912967E-4	2.1184484368409245E-5	2.1184484368409245E-5	1.2978736778445347E-4	-0.11739198914796155	4041.1049914086834	-659.607533329237	-659.607533329237	7812.57423421262	4453.924849772134	-2445.170912163499
9150000	-3590.592102033186	-934.1258574458618	-2656.466244587324	61.0	1.7654168906454796E-4	2.0014393313428164E-5	2.0014393313428164E-5	6.368622839729401E-5	-0.18875394027645714	5873.6511979361385	-1845.886751654104	-1845.886751654104	16282.080593482135	5051.621431255201	-2656.466244587324
9160000	-3775.163793131051	-1016.1591716449052	-2759.004621486146	236.0	2.683175117055574E-4	2.313354967746502E-5	2.313354967746502E-5	7.839089328892358E-5	-0.1595089152795662	3824.2280169621117	-1128.5490583999613	-1128.5490583999613	13089.624351186441	4721.042510517809	-2759.004621486146
9170000	-3465.364132664836	-975.7996049002992	-2489.5645277645367	721.0	2.2533896151288806E-4	2.6778918652833586E-5	2.6778918652833586E-5	9.716136286111442E-5	-0.1809789619010698	4588.032575754266	-1264.520664436312	-1264.520664436312	10640.675115741258	4623.770231215085	-2489.5645277645367
9180000	-3369.828664485785	-835.8603610646552	-2533.96830342113	353.0	1.881489887121619E-4	1.2015390016998728E-5	1.2015390016998728E-5	7.759046950873351E-5	-0.09944495106201284	5368.022864440426	-831.273334789635	-831.273334789635	13016.90890289748	4673.394780355361	-2533.96830342113
9190000	-3406.8445565813818	-953.2656748285951	-2453.578881752787	557.0	2.3609181345960018E-4	1.2401229610946315E-5	1.2401229610946315E-5	1.0102304041765892E-4	-0.08029972668215198	4263.129155082973	-523.3265925746393	-523.3265925746393	9962.97368476446	4755.325523019486	-2453.578881752787
9200000	-3591.8880452579506	-1029.1510888033026	-2562.736956454648	573.0	2.4365787263398334E-4	2.3666569254938387E-5	2.3666569254938387E-5	8.114334244755925E-5	-0.16831337784019987	4223.772190516205	-1231.921116985506	-1231.921116985506	12683.176652439157	5013.190760571438	-2562.736956454648
9210000	-3606.8818969847207	-1001.9371251247092	-2604.9447718600118	252.0	2.1312701547554955E-4	2.2741477206969593E-5	2.2741477206969593E-5	8.603717956970687E-5	-0.16794084626506764	4828.213284622116	-1276.2006252617996	-1276.2006252617998	11960.209441747249	4538.451118687581	-2604.9447718600118
9220000	-3574.309885248771	-904.9830576833119	-2669.326827565459	801.0	1.693945438465633E-4	2.234320708730167E-5	2.234320708730167E-5	7.515829137212567E-5	-0.19801922329892968	6144.30600963344	-1826.5915719301083	-1826.5915719301083	13848.264705782885	4933.451941323322	-2669.326827565459
9230000	-3848.030142316876	-1071.9955447684051	-2776.034597548471	903.0	1.6362014595222696E-4	1.4738754241461454E-5	1.4738754241461454E-5	6.587918105029215E-5	-0.14196075277124945	6237.418626770601	-1395.4602770624178	-1395.460277062418	15491.500194852817	5193.842110417118	-2776.034597548471
9240000	-3433.1711969794815	-1025.3009000717827	-2407.8702969076985	554.0	2.7934504031136635E-4	2.303207636834057E-5	2.303207636834057E-5	1.2070905522102122E-4	-0.12542747629898787	3637.020023728699	-693.9671823818169	-693.967182381817	8416.796099360148	4542.148359353963	-2407.8702969076985
9250000	-3751.813918545081	-1031.7847151422252	-2720.0292034028557	108.0	1.8522967612501166E-4	3.674213152812313E-6	3.674213152812313E-6	6.161284884060019E-5	-0.03439326601699756	5405.096627029962	-322.3268765032079	-322.326876503208	16249.602420419424	5173.086832086768	-2720.0292034028557
9260000	-3693.739239709198	-1037.9254048860748	-2655.813834823123	879.0	2.043473909316269E-4	2.399638227538765E-5	2.399638227538765E-5	7.463765526312774E-5	-0.19430421846728327	5085.631013087962	-1635.0559978257238	-1635.0559978257234	13923.741643568099	4991.178669049185	-2655.813834823123
9270000	-3628.6162969809557	-1012.3359307959131	-2616.2803661850426	50.0	2.1559999034367585E-4	2.4170480583109035E-5	2.4170480583109035E-5	8.025340296578775E-5	-0.1837507789002684	4800.298069785621	-1445.739457781636	-1445.7394577816358	12895.954305311454	5055.013323041684	-2616.2803661850426
9280000	-3398.833006786982	-932.3534404083114	-2466.479566378671	426.0	2.2508761734585676E-4	4.3759826247896164E-5	4.3759826247896164E-5	1.0212225065344365E-4	-0.2886287563961109	4846.455975925497	-2076.7273543968477	-2076.727354396848	10682.071940370754	4557.5725783034195	-2466.479566378671
9290000	-3577.2772324944517	-1016.9517081194797	-2560.325524374972	686.0	1.9141243599102685E-4	2.4692778225766036E-5	2.4692778225766036E-5	8.697036233158469E-5	-0.1913811857445611	5422.945880748631	-1539.6923316602847	-1539.6923316602845	11935.322027566472	4932.049895240249	-2560.325524374972
9300000	-3525.948532900416	-1008.2029822090673	-2517.745550691349	460.0	2.2658391529325016E-4	2.6449167744287834E-5	2.6449167744287834E-5	8.335525315659043E-5	-0.1924557916672639	4583.131613303458	-1454.2576771578972	-1454.2576771578974	12458.289860816794	5110.6582686679785	-2517.745550691349
9310000	-3499.799997804403	-1016.4453613260794	-2483.3546364783238	731.0	2.492703223904515E-4	6.448919679989793E-6	6.448919679989793E-6	1.1586348398114909E-4	-0.03794708223875022	4017.4941324037572	-223.61227268910199	-223.612272689102	8643.293151351862	4675.72347036629	-2483.3546364783238
9320000	-3488.757537760547	-944.6113182937991	-2544.1462194667483	779.0	2.4206182571487236E-4	4.367006722039373E-5	4.367006722039373E-5	9.237215875688831E-5	-0.2920452597411023	4516.379987799815	-2135.1738479896812	-2135.1738479896812	11835.202296681322	5111.493341226921	-2544.1462194667483
9330000	-3411.8639761003415	-882.4140982309834	-2529.449877869358	14.0	1.928349572473482E-4	2.728012433454938E-5	2.728012433454938E-5	8.07525336029488E-5	-0.2186126978680545	5446.057037815109	-1839.8074524217604	-1839.8074524217607	13005.04305186713	4776.916910866622	-2529.449877869358
9340000	-3607.1856474268916	-1036.6582646619834	-2570.5273827649085	278.0	2.1172788197338407E-4	1.4731638021411757E-5	1.4731638021411757E-5	7.70857922232565E-5	-0.11531208968023432	4786.691569425418	-914.7704847696207	-914.7704847696206	13147.3782447362	4986.953460513951	-2570.5273827649085
9350000	-3548.3022921795605	-961.7475243543091	-2586.5547678252515	504.0	2.099549540222767E-4	4.584848788904506E-5	4.584848788904506E-5	8.409061801004843E-5	-0.34505488608954743	5406.658765383395	-2947.8571425799073	-2947.8571425799078	13499.184800432366	4927.903290156521	-2586.5547678252515
9360000	-3541.1030144070915	-954.8076596008982	-2586.2953548061932	736.0	2.1423668619037687E-4	1.930440403679943E-6	1.930440403679943E-6	8.80479328996983E-5	-0.01405561637854294	4668.656975494764	-102.35974610198004	-102.35974610198005	11359.694276173212	4814.385078309179	-2586.2953548061932
9370000	-3660.205377458416	-999.2750015870865	-2660.9303758713295	325.0	1.6928350966824343E-4	2.9895273647398E-5	2.9895273647398E-5	7.527393819097122E-5	-0.2648334796877087	6352.815928322713	-2523.0401806124214	-2523.040180612421	14286.843527362855	5303.1787702405545	-2660.9303758713295
9380000	-3497.4281343875346	-896.0563901677522	-2601.371744219782	885.0	2.013609005440107E-4	1.9278490579409108E-5	1.9278490579409108E-5	7.931750997318136E-5	-0.15254603335944852	5084.525830293303	-1235.817707252972	-1235.817707252972	12907.927901081572	4835.17116883426	-2601.371744219782
9390000	-3564.4363942904524	-913.9911010367165	-2650.445293253736	119.0	1.7322880878663783E-4	1.188294638277643E-5	1.188294638277643E-5	6.755430554067704E-5	-0.10984683828659397	5843.218050793881	-1027.8345139473877	-1027.8345139473874	14983.703767187882	4816.545347161133	-2650.445293253736
9400000	-3444.877058566302	-956.6293560120986	-2488.2477025542034	715.0	2.475950755972197E-4	3.702204026171202E-5	3.702204026171202E-5	9.670195082617525E-5	-0.23926089869058637	4284.099126102077	-1640.153988380397	-1640.153988380397	10968.980852308832	4755.763164357657	-2488.2477025542034
9410000	-3538.816852420873	-957.3098369474044	-2581.5070154734685	577.0	2.0008733621678615E-4	8.970135360741845E-7	8.970135360741845E-7	8.976900742735802E-5	-0.006693079504074384	4998.041446444321	-49.94274705497097	-49.94274705497098	11140.201144915001	4833.804470845086	-2581.5070154734685
9420000	-3638.6151638399892	-996.2826158716499	-2642.3325479683394	145.0	1.9514111558705365E-4	1.1378113813454556E-5	1.1378113813454556E-5	7.659966023756398E-5	-0.0930641596820793	5169.267388758239	-767.8429969409581	-767.8429969409581	13168.943594287384	4821.680170229804	-2642.3325479683394
9430000	-3300.190374488413	-889.8220244588167	-2410.368350029596	444.0	2.975941138312107E-4	7.520020182502679E-7	7.520020182502679E-7	1.0282489469956818E-4	-0.004298903545577579	3360.343617147018	-24.575616532282968	-24.575616532282968	9725.451057694414	4750.842890133849	-2410.368350029596
9440000	-3665.8609957317926	-1036.6706022727294	-2629.190393459063	462.0	1.8641606959706218E-4	1.1629077913640175E-5	1.1629077913640175E-5	8.695475092893046E-5	-0.09133914647760764	5409.474786184676	-723.4475757607394	-723.4475757607394	11596.985989289398	5145.312129982925	-2629.190393459063
9450000	-3765.538527938354	-1046.7781829030787	-2718.7603450352753	356.0	1.6202836524128867E-4	1.1071418740676756E-5	1.1071418740676756E-5	6.110734968653645E-5	-0.11126562906395152	6249.123265023864	-1132.2150409744893	-1132.2150409744895	16569.77813662583	5344.406426530457	-2718.7603450352753
9460000	-3616.2387014604874	-984.4093808516039	-2631.8293206088833	767.0	2.254593849209143E-4	3.4632334390714035E-5	3.4632334390714035E-5	8.471376687981119E-5	-0.2505939665521247	4732.582219835642	-1934.7548339035804	-1934.7548339035802	12595.415310543649	4912.821158333084	-2631.8293206088833
9470000	-3544.7999561112583	-949.1693802656478	-2595.6305758456106	972.0	2.233338375437483E-4	1.5315201076999816E-5	1.5315201076999816E-5	7.538163054999388E-5	-0.11803550848615557	4540.8669206074455	-922.5628239346387	-922.5628239346387	13453.267430745515	4859.9121665160255	-2595.6305758456106
9480000	-3575.8007057790887	-955.3073283382215	-2620.4933774408673	342.0	2.2320909271861014E-4	1.7568002563933907E-5	1.7568002563933907E-5	7.135748905970646E-5	-0.13920238147704986	4568.631994417124	-1124.783672312708	-1124.7836723127082	14290.864433105316	4861.713825960046	-2620.4933774408673
9490000	-3422.9718169264424	-909.7329561892105	-2513.238860737232	999.0	2.432946806317141E-4	1.4899663659155552E-5	1.4899663659155552E-5	8.640110379570031E-5	-0.1027662508328795	4154.113122413738	-716.3668704094648	-716.3668704094649	11697.46196547964	4811.413955808371	-2513.238860737232
9500000	-3449.33629670388	-864.1118166107822	-2585.224480093098	668.0	2.0578352066074693E-4	9.767493523129364E-6	9.767493523129364E-6	5.9345490874717015E-5	-0.0883861001790273	4897.737238315471	-806.1036491252038	-806.1036491252037	16983.154024279647	4865.650108601491	-2585.224480093098
9510000	-3481.642212574933	-1005.2902789165404	-2476.3519336583927	939.0	2.692158422384457E-4	1.2504544633333393E-5	1.2504544633333393E-5	9.897864174137769E-5	-0.07660318547844205	3736.417132447697	-472.0432002241928	-472.04320022419284	10162.82571238347	4544.524342489851	-2476.3519336583927
9520000	-3573.9935035777744	-947.7224211782902	-2626.2710823994844	140.0	1.7439032105139664E-4	8.135967719169003E-6	8.135967719169003E-6	8.303171456063161E-5	-0.06761234910286952	5760.59736364288	-564.4594290474932	-564.4594290474931	12098.90014929097	5030.557910457888	-2626.2710823994844
9530000	-3492.699974808388	-1053.5137923930213	-2439.1861824153666	954.0	2.9204521384374377E-4	2.9040074774206852E-5	2.9040074774206852E-5	1.0936435846272991E-4	-0.16249304563375588	3516.989901524765	-933.8842302560164	-933.8842302560164	9391.725808249657	4627.941163543911	-2439.1861824153666
9540000	-3767.5220945664523	-1014.6097093372646	-2752.9123852291877	554.0	1.4494342070140497E-4	2.2771288127871733E-5	2.2771288127871733E-5	6.959768396417537E-5	-0.2267205839127605	7273.09718808226	-2379.6451579780264	-2379.6451579780264	15146.877388578674	5218.525599983149	-2752.9123852291877
9550000	-3742.034787216168	-1043.1545216800114	-2698.8802655361565	174.0	1.4865258907794155E-4	6.645821888201142E-6	6.645821888201142E-6	6.735905315298286E-5	-0.06641473926710549	6756.898525724071	-666.6534343442225	-666.6534343442225	14911.588167734364	5039.789341477718	-2698.8802655361565
9560000	-3469.5528153984606	-1017.0403496922742	-2452.5124657061865	744.0	2.576517409749429E-4	2.567048985351812E-5	2.567048985351812E-5	1.1130004456316102E-4	-0.15158978825299577	3972.493784169449	-916.224802783578	-916.224802783578	9196.042495046497	4580.054188156509	-2452.5124657061865
9570000	-3559.3554033450737	-1006.0738318844902	-2553.2815714605836	144.0	2.3532858398916118E-4	3.8878054445287095E-5	3.8878054445287095E-5	9.091703604798462E-5	-0.26579361767990006	4572.400477287476	-1955.2554991763807	-1955.2554991763805	11835.14747646988	4890.470198537333	-2553.2815714605836
9580000	-3482.591925095706	-929.9667746229876	-2552.6251504727184	353.0	2.3778735776897947E-4	4.39733326086134E-6	4.39733326086134E-6	7.521913937576862E-5	-0.03287992514392689	4209.989416129591	-246.11723347348783	-246.11723347348786	13308.876807214796	4579.121484981391	-2552.6251504727184
9590000	-3452.22051675036	-946.9975453579666	-2505.2229713923934	207.0	2.2807251900234323E-4	9.712602577161613E-6	9.712602577161613E-6	9.471755194489278E-5	-0.06608211075174511	4403.8010485936	-451.57807117694966	-451.57807117694966	10604.011376078011	4889.077221686377	-2505.2229713923934
9600000	-3536.0521443083167	-1008.3754845281991	-2527.6766597801175	995.0	2.930359016155216E-4	4.737468361379636E-5	4.737468361379636E-5	9.657558947592206E-5	-0.2816126912254413	3706.4975516023355	-1818.2042664751232	-1818.2042664751232	11246.494665614297	4855.966300536958	-2527.6766597801175
9610000	-3416.6460577533303	-933.1315601165288	-2483.5144976368015	62.0	1.9162399382152017E-4	1.802629830987073E-5	1.802629830987073E-5	1.0262371321436906E-4	-0.12854575746234567	5306.233431516643	-932.0628122130271	-932.0628122130273	9908.057411375363	4626.305192702966	-2483.5144976368015
9620000	-3319.097243521883	-958.1487503885754	-2360.9484931333072	627.0	2.6675165689231015E-4	2.1948643093486043E-5	2.1948643093486043E-5	1.2701884601611926E-4	-0.11923946870302263	3802.874671379751	-657.130351198276	-657.130351198276	7986.398486218442	4621.050202290726	-2360.9484931333072
9630000	-3424.5377764326045	-972.0715002091571	-2452.4662762234475	473.0	2.2946103995042256E-4	2.957711868625297E-5	2.957711868625297E-5	9.61259291388941E-5	-0.1991503664905049	4538.020116976174	-1396.3096201282872	-1396.3096201282874	10832.652799149537	4732.5664957252475	-2452.4662762234475
9640000	-3723.4875637561026	-1107.9581524830733	-2615.5294112730294	787.0	2.2574258854950839E-4	1.9355649980784046E-5	1.9355649980784046E-5	9.227395987701721E-5	-0.13411008269877647	4510.956147152762	-946.2310751519188	-946.231075151919	11035.777795260898	5066.2010524877805	-2615.5294112730294
9650000	-3503.1106835079504	-1102.5443826718083	-2400.566300836142	138.0	3.4178207796082963E-4	4.285684459380131E-5	4.285684459380131E-5	1.4476862920272118E-4	-0.19266743616015103	3038.637423617046	-899.548559367147	-899.548559367147	7173.87336284769	4329.163204719847	-2400.566300836142
9660000	-3525.4276010291296	-1030.1673870509087	-2495.2602139782207	516.0	2.410758070646332E-4	2.493574313031708E-5	2.493574313031708E-5	1.119993470871882E-4	-0.15175316422748486	4245.850598668746	-945.3040812433263	-945.3040812433262	9139.087739083901	4729.490067041907	-2495.2602139782207
9670000	-3462.340339638098	-968.6327010503537	-2493.7076385877444	810.0	2.4114290905001776E-4	1.4646983106842304E-5	1.4646983106842304E-5	1.0244120516448178E-4	-0.09319091872412222	4183.248155243866	-598.1183544571402	-598.1183544571402	9847.215559539138	4669.180772393378	-2493.7076385877444
9680000	-3625.385854662515	-1026.4397444723606	-2598.9461101901547	191.0	2.232925935426163E-4	1.8835275182788654E-5	1.8835275182788654E-5	8.712576658442612E-5	-0.13503971242517707	4561.613200753456	-986.1518960682627	-986.1518960682625	11690.851997812395	5120.3098369897825	-2598.9461101901547
9690000	-3536.6764068688476	-1017.0418756802234	-2519.6345311886244	571.0	2.2492568755579315E-4	1.0863899902934979E-5	1.0863899902934979E-5	1.0643932815543669E-4	-0.07021261768486245	4467.938927069378	-456.0273173203898	-456.02731732038984	9441.56875605985	4478.882861643077	-2519.6345311886244
9700000	-3452.4051003785958	-857.1053710529446	-2595.2997293256512	847.0	1.5971807287416736E-4	1.93464168859208E-5	1.93464168859208E-5	8.847921324281062E-5	-0.16274321268958888	6431.3693057255705	-1406.2506568003641	-1406.2506568003641	11609.573297556706	4713.473698514607	-2595.2997293256512
9710000	-3696.1560099056596	-1059.8795748894656	-2636.276435016194	546.0	1.9456522177735438E-4	2.3306357208128718E-5	2.3306357208128718E-5	7.364370553570375E-5	-0.1947035972127951	5342.184170081227	-1690.6652324706915	-1690.6652324706915	14113.945520074421	4888.781848999299	-2636.276435016194
9720000	-3677.242154625306	-1055.7107681597136	-2621.5313864655923	360.0	1.7108083363219552E-4	1.6506297665830323E-5	1.6506297665830323E-5	8.848067641036098E-5	-0.1341605335489904	5952.326341013363	-1110.4217821895422	-1110.4217821895422	11509.054787833846	4936.596791810637	-2621.5313864655923
9730000	-3627.1178189682805	-958.0596700273876	-2669.058148940893	555.0	1.6398999384001798E-4	2.1658223751224927E-5	2.1658223751224927E-5	8.366979538389333E-5	-0.18489697581184786	6313.7815972974295	-1634.3447945966639	-1634.3447945966639	12374.800254947691	5191.8971320217925	-2669.058148940893
9740000	-3634.6480757340605	-919.5762346410096	-2715.071841093051	534.0	1.4498029433893624E-4	2.999730353418836E-5	2.999730353418836E-5	7.06523077215333E-5	-0.29639068683830566	7561.771349800601	-3210.5497718507513	-3210.5497718507513	15516.943060639689	5200.319563459562	-2715.071841093051
9750000	-3531.367728880322	-984.7330413304628	-2546.634687549859	548.0	2.4543443648540977E-4	3.382557239269221E-5	3.382557239269221E-5	7.931526398381778E-5	-0.24243706545410607	4328.838518737246	-1846.1193134488658	-1846.119313448866	13395.22796897425	4757.6031120637135	-2546.634687549859
9760000	-3552.973963263841	-931.3134878132416	-2621.6604754505993	881.0	1.817171157785976E-4	3.1902067356023185E-5	3.1902067356023185E-5	8.736040901572052E-5	-0.2531999296971049	5880.028796037885	-2147.2549959421613	-2147.2549959421613	12230.962349533265	4941.876634629353	-2621.6604754505993
9770000	-3424.4243064470184	-970.1639108819345	-2454.260395565084	504.0	2.7396645569428726E-4	1.690482784595958E-5	1.690482784595958E-5	1.1106441068563087E-4	-0.09691133996297738	3684.6877752882965	-560.8368344353822	-560.8368344353821	9089.147854870906	4378.530004759286	-2454.260395565084
9780000	-3486.667172387037	-988.2418468749589	-2498.4253255120784	660.0	2.3749849672921104E-4	2.03758391046445E-5	2.03758391046445E-5	1.03246046138211E-4	-0.13012128861541383	4283.072013627812	-845.2738820279848	-845.2738820279849	9852.41762437903	4727.93125931105	-2498.4253255120784
9790000	-3483.9302979561057	-956.6096554150491	-2527.3206425410567	207.0	2.2242957045343265E-4	1.3026148710509509E-5	1.3026148710509509E-5	1.105525902476838E-4	-0.08306829739239575	4527.043259310736	-533.4107376640758	-533.4107376640757	9108.319265397688	4757.5059616277595	-2527.3206425410567
9800000	-3498.668889247626	-994.3610895440314	-2504.3077997035944	398.0	2.5144333295862894E-4	3.10568464826935E-5	3.10568464826935E-5	1.0555028918397983E-4	-0.19063716862124253	4127.025791682518	-1214.3254881944395	-1214.3254881944395	9831.456912998949	4627.028642840398	-2504.3077997035944
9810000	-3423.422019526437	-909.6149471879837	-2513.8070723384535	49.0	2.0544074317604334E-4	1.5012029054184478E-5	1.5012029054184478E-5	8.773441236309724E-5	-0.11181784594515462	4929.214746705874	-843.4263477552843	-843.4263477552844	11542.352807317733	4850.438210825462	-2513.8070723384535
9820000	-3434.1105958924004	-885.1310048574277	-2548.9795910349726	5.0	2.024167867639332E-4	1.5929923221208717E-6	1.5929923221208717E-6	9.527249820866293E-5	-0.011471141652607928	4940.9518864393885	-82.61459043330618	-82.61459043330618	10497.58978942483	4622.587705381887	-2548.9795910349726
9830000	-3696.859809398219	-1044.1209187962866	-2652.7388906019323	860.0	1.8970753139515266E-4	1.611530877066034E-5	1.611530877066034E-5	7.626046214055182E-5	-0.13398205303382868	5367.627308805396	-1134.2833365971733	-1134.2833365971733	13352.650870721696	5160.145145685148	-2652.7388906019323
9840000	-3456.27124124011	-895.7198772172563	-2560.5513640228537	127.0	2.0114690440531854E-4	1.6103327457456995E-5	1.6103327457456995E-5	7.393839522384429E-5	-0.13204560097266668	5059.7122245266555	-1101.9741846625188	-1101.974184662519	13764.776041786114	4785.662974068956	-2560.5513640228537
9850000	-3587.7578033538416	-963.2081732050109	-2624.5496301488306	351.0	1.618617668906567E-4	1.189550905792612E-5	1.189550905792612E-5	8.868683478860928E-5	-0.09928446865972927	6239.617674575922	-836.9159722841622	-836.9159722841622	11387.885743541561	5102.227346320081	-2624.5496301488306
9860000	-3555.3458789838887	-1040.0600330826558	-2515.2858459012327	92.0	2.0756346589020493E-4	3.3227518824454534E-5	3.3227518824454534E-5	1.1761468249260989E-4	-0.21266287728731614	5046.0119465741045	-1425.5571956651634	-1425.5571956651634	8905.07635915363	5033.653157776579	-2515.2858459012327
9870000	-3473.118655429708	-944.9916097229496	-2528.127045706758	394.0	2.2492676859998625E-4	3.4808750904004845E-5	3.4808750904004845E-5	8.559079304326372E-5	-0.25087324184805965	4744.49773492322	-1929.5304313406575	-1929.5304313406573	12468.21657099044	4715.059885789976	-2528.127045706758
9880000	-3533.2267507656284	-963.1064859348352	-2570.120264830793	431.0	2.1212997127188104E-4	9.535117906210875E-6	9.535117906210875E-6	9.122338496358873E-5	-0.06854439688348964	4736.343982266615	-495.06602208754356	-495.0660220875436	11013.848184793753	4484.525084765099	-2570.120264830793
9890000	-3610.314106790952	-959.7410607636665	-2650.5730460272853	620.0	2.0081917317468927E-4	3.0265343397127132E-5	3.0265343397127132E-5	8.191363541920251E-5	-0.2359744150136606	5273.238842870111	-1948.3494240950272	-1948.3494240950272	12927.853329405321	4991.901882766375	-2650.5730460272853
9900000	-3646.043787920429	-912.2508911950881	-2733.792896725341	274.0	1.4747176710596223E-4	1.045131808369186E-5	1.045131808369186E-5	6.588285138957964E-5	-0.10603040736153349	6858.060338414697	-1087.927564186453	-1087.927564186453	15351.0398486683	4929.807428005499	-2733.792896725341
9910000	-3568.989903678231	-935.7788221380822	-2633.211081540149	99.0	1.5634892611346543E-4	8.983731936190385E-6	8.983731936190385E-6	7.57731732447123E-5	-0.08253755425391962	6439.82149840887	-763.5107199718391	-763.5107199718391	13287.80533430935	5053.931689787911	-2633.211081540149
9920000	-3368.861279163639	-921.3503421826055	-2447.510936981034	598.0	2.944230936283596E-4	1.5856301019437035E-6	1.5856301019437035E-6	9.451116689336469E-5	-0.009505487246158231	3396.779614423869	-56.98835580324792	-56.98835580324791	10581.716376233153	4621.720258147475	-2447.510936981034
9930000	-3374.680165454478	-948.9240572321357	-2425.756108222342	465.0	2.732201342991753E-4	4.7306445979037775E-5	4.7306445979037775E-5	1.0333419988351012E-4	-0.2815411829063887	3975.143889981135	-1819.822768282772	-1819.8227682827717	10510.453932033668	4823.069499406032	-2425.756108222342
9940000	-3571.3101525468246	-943.86057551161	-2627.4495770352146	790.0	2.087895140283724E-4	4.0015865279694545E-6	4.0015865279694545E-6	5.781861456088921E-5	-0.0364203428718823	4795.874006500436	-331.9191398825501	-331.9191398825501	17318.439930863842	5112.892549268766	-2627.4495770352146
9950000	-3629.0698275531086	-971.5007859564647	-2657.5690415966437	62.0	1.761895088947252E-4	4.4268889110510975E-5	4.4268889110510975E-5	7.50367998835288E-5	-0.3850095030888306	6663.4446833699985	-3931.181690050746	-3931.181690050746	15646.043649681771	4741.46838219055	-2657.5690415966437
9960000	-3612.5469253636047	-985.4643473930909	-2627.0825779705137	92.0	2.061954636493485E-4	2.829708055276322E-5	2.829708055276322E-5	8.010223121987578E-5	-0.22018096519198088	5096.86130765966	-1800.5278104328331	-1800.5278104328333	13120.104951939664	5224.741826718614	-2627.0825779705137
9970000	-3426.6142318338543	-887.7089877420424	-2538.9052440918117	411.0	2.0334102418520124E-4	-6.057072277705019E-7	-6.057072277705019E-7	7.725893864611675E-5	0.004832544744601829	4917.961626490552	38.556637655972054	38.556637655972054	12943.788402461709	4751.3611708015205	-2538.9052440918117
9980000	-3592.3759531122937	-964.9377189101791	-2627.4382342021145	250.0	1.832001285926864E-4	4.8349922079057444E-5	4.8349922079057444E-5	9.865293297861216E-5	-0.35964819970122996	6269.444165701235	-3072.662187918666	-3072.662187918666	11642.461533405607	4950.811234467429	-2627.4382342021145
9990000	-3496.931539527658	-956.8762538331669	-2540.0552856944914	576.0	2.053765484018866E-4	2.3958483168965514E-5	2.3958483168965514E-5	9.582045356991615E-5	-0.170786989242773	5015.395130328143	-1254.0251620495806	-1254.0251620495806	10749.735597805786	4462.140167509007	-2540.0552856944914
10000000	-3643.658050474799	-978.9846727270073	-2664.6733777477916	96.0	1.6576852448292202E-4	1.1784526320971085E-5	1.1784526320971085E-5	8.3013909328761E-5	-0.10045826232201799	6094.008193647691	-865.0959885992701	-865.0959885992701	12168.981735905581	4968.06071685171	-2664.6733777477916
10010000	-3723.647351113807	-945.4107306801283	-2778.2366204336786	901.0	1.1710231142661027E-4	1.196880549693523E-5	1.196880549693523E-5	6.748147227504512E-5	-0.13464052643476793	8697.204634862137	-1542.5737929580305	-1542.5737929580305	15092.479926067283	5403.264479517241	-2778.2366204336786
10020000	-3479.484293657243	-1011.3629847289282	-2468.121308928315	80.0	2.821050786351743E-4	1.4671389776197206E-5	1.4671389776197206E-5	1.109949126989984E-4	-0.08291140332123689	3569.3149828578553	-471.794698280805	-471.794698280805	9071.784097379694	4451.990482605736	-2468.121308928315
10030000	-3750.240895111364	-1058.608272335384	-2691.63262277598	715.0	1.8127442201855732E-4	2.001205375168103E-5	2.001205375168103E-5	7.459146057196294E-5	-0.17209919567332815	5684.873412048492	-1525.1878890836276	-1525.1878890836276	13815.551191996661	5115.232224472177	-2691.63262277598
10040000	-3619.689763414044	-1020.1207863297313	-2599.568977084313	717.0	2.0372425982842523E-4	1.3960458498763413E-5	1.3960458498763413E-5	8.046772411621914E-5	-0.10903538175764763	4967.65460061623	-861.845375270352	-861.845375270352	12576.8656651969	4808.135528805863	-2599.568977084313
10050000	-3447.954280530807	-894.3449491159757	-2553.609331414831	314.0	1.9580220686246845E-4	5.288320340247944E-6	5.288320340247944E-6	8.932009067997018E-5	-0.03998843298003418	5115.374601529892	-302.86287605980385	-302.86287605980385	11213.62090301124	4860.873979254424	-2553.609331414831
10060000	-3637.7456679678116	-982.6949567030135	-2655.050711264798	286.0	2.276070535888363E-4	7.832363727381837E-6	7.832363727381837E-6	1.0674641243251121E-4	-0.050248528135514704	4404.658335949561	-323.1854391716703	-323.1854391716703	9391.709595344211	4891.939846732339	-2655.050711264798
10070000	-3613.8268377276527	-1020.184698379883	-2593.64213934777	817.0	1.9726202216557016E-4	1.841599364439993E-5	1.841599364439993E-5	8.1518560188319E-5	-0.14522626422578339	5178.620073301862	-1169.9106821363453	-1169.910682136345	12531.44149414354	4957.913276710728	-2593.64213934777
10080000	-3588.8458037578407	-931.7917464173839	-2657.054057340457	888.0	1.586690459575766E-4	1.2506944089803374E-5	1.2506944089803374E-5	7.929049514720448E-5	-0.1115050503755174	6381.773491188989	-1006.633696761623	-1006.6336967616229	12770.634229038615	4961.963555166257	-2657.054057340457
10090000	-3416.6536784549276	-916.0142797407487	-2500.6393987141787	97.0	2.171409428269684E-4	1.9598296601624023E-5	1.9598296601624023E-5	1.0369767568209622E-4	-0.13060594786201563	4685.223902528419	-885.4818305500731	-885.4818305500731	9810.768938248431	4615.964084563808	-2500.6393987141787
10100000	-3313.6192885584355	-888.391716859791	-2425.2275716986446	190.0	2.249089141335413E-4	1.2412991934920717E-5	1.2412991934920717E-5	1.1095021665565837E-4	-0.07857946389126329	4473.869344964044	-500.5317318963118	-500.53173189631184	9069.050306355439	4687.609299871407	-2425.2275716986446
10110000	-3466.415023459101	-902.3303450839975	-2564.0846783751035	914.0	2.1714065593429136E-4	3.9764196139520574E-5	3.9764196139520574E-5	8.11487687080403E-5	-0.29955782410301995	5059.306120710945	-2479.141016145744	-2479.141016145744	13537.864678835245	4870.727953196248	-2564.0846783751035
10120000	-3561.3085453565377	-934.3387816256705	-2626.9697637308673	954.0	1.7151182762179334E-4	1.9101526036416916E-5	1.9101526036416916E-5	8.051496688933399E-5	-0.16254840713069593	5988.735975392074	-1420.7792734537209	-1420.7792734537209	12757.119476875116	4900.696379796973	-2626.9697637308673
10130000	-3392.1349844931524	-948.8084937445728	-2443.3264907485795	399.0	2.244869412477321E-4	1.945738190445581E-5	1.945738190445581E-5	1.051686121062531E-4	-0.12663267779575238	4527.199525414119	-837.5830807261946	-837.5830807261945	9663.502764984889	4403.9423679430065	-2443.3264907485795
10140000	-3280.5990686416562	-909.0758070793047	-2371.5232615623518	924.0	3.0468005647689514E-4	4.391106806302153E-5	4.391106806302153E-5	1.101271134559972E-4	-0.2397203256354741	3482.2413709976586	-1388.476761581919	-1388.4767615819192	9634.044371876435	4316.731795319759	-2371.5232615623518
10150000	-3443.128938300121	-891.487440221904	-2551.641498078217	258.0	2.2878064018518458E-4	4.80014454560656E-6	4.80014454560656E-6	7.833346634582231E-5	-0.035856756950511534	4376.626279999599	-268.1923799127119	-268.19237991271194	12782.37015286905	4833.421119288925	-2551.641498078217
10160000	-3415.370627889704	-871.8966884516043	-2543.4739394380995	173.0	2.102436303005008E-4	-3.818378106343286E-6	-3.818378106343286E-6	7.025629582744686E-5	0.031417735817649256	4761.086212082598	258.7615407347862	258.7615407347862	14247.663324869623	4689.481345937772	-2543.4739394380995
10170000	-3576.767384886695	-1004.8556538742299	-2571.9117310124648	886.0	2.2838823025379153E-4	1.0105904040105176E-5	1.0105904040105176E-5	8.058312582246825E-5	-0.07449313567935938	4402.942270296371	-552.1715821221173	-552.1715821221175	12478.793578173938	5007.151083345429	-2571.9117310124648
10180000	-3672.925793473614	-967.1603336645348	-2705.765459809079	535.0	1.9269217771837407E-4	1.5017772483175334E-5	1.5017772483175334E-5	5.8326968501954196E-5	-0.1416572399073425	5295.895801110933	-1363.5640644176954	-1363.5640644176954	17495.812333388603	4998.352515663581	-2705.765459809079
10190000	-3455.3967378570533	-934.3175243687105	-2521.0792134883427	877.0	2.630349617618208E-4	2.0540584232659673E-5	2.0540584232659673E-5	8.029641547980238E-5	-0.14133768517295833	3879.269595032175	-992.3539351267449	-992.3539351267449	12707.709596946424	4850.122395097706	-2521.0792134883427
10200000	-3533.043656130755	-1023.165058302082	-2509.8785978286733	65.0	1.7649623070806585E-4	2.4854709017308084E-5	2.4854709017308084E-5	1.2042343234268185E-4	-0.17048472166345577	5835.450996506966	-1204.403774924915	-1204.403774924915	8552.613767346214	4561.48764987616	-2509.8785978286733
10210000	-3599.314273435728	-995.9445382771914	-2603.3697351585365	734.0	2.1025826553470068E-4	3.102692849320368E-5	3.102692849320368E-5	7.86388075841634E-5	-0.2412924795147337	5050.081760755129	-1992.5089213501262	-1992.5089213501262	13502.511856991008	4836.658350612416	-2603.3697351585365
10220000	-3553.735763805935	-930.4405851322125	-2623.2951786737226	149.0	1.837091745897562E-4	1.05180426298371E-6	1.05180426298371E-6	6.422644521735455E-5	-0.00968305861936528	5443.896706027979	-89.15196447920509	-89.1519644792051	15571.370438326214	5470.687832897969	-2623.2951786737226
10230000	-3789.719921559975	-1011.3213065244274	-2778.398615035547	278.0	1.3559319380750774E-4	8.285044812525648E-6	8.285044812525648E-6	5.297344106246215E-5	-0.0977567656435457	7446.159814730722	-1164.5792025012984	-1164.5792025012984	19059.524369767856	5257.846425047574	-2778.398615035547
10240000	-3662.937127059676	-1058.3558797884966	-2604.5812472711796	198.0	2.3720699362235118E-4	1.840282803748503E-5	1.840282803748503E-5	8.458955102674379E-5	-0.1299159469945029	4288.102557468029	-932.8955292271822	-932.8955292271824	12024.746598781676	4745.5722150522315	-2604.5812472711796
10250000	-3503.0598875774845	-908.486663680792	-2594.5732238966925	553.0	1.8242390187868612E-4	1.6709457982365406E-5	1.6709457982365406E-5	8.101798924215901E-5	-0.13744557486702202	5587.288880425224	-1152.3436912727166	-1152.3436912727166	12580.601518559777	4537.597140811199	-2594.5732238966925
10260000	-3495.7406594984573	-1032.6898628788886	-2463.0507966195687	728.0	2.8981813751907106E-4	2.1179998737764103E-5	2.1179998737764103E-5	1.0444903240968605E-4	-0.12173373264755817	3502.3412248795726	-710.1988502029388	-710.1988502029388	9718.060448559312	4774.120898247512	-2463.0507966195687
10270000	-3776.027716893562	-975.7416407652958	-2800.286076128266	658.0	1.465981260684431E-4	2.535831534781393E-5	2.535831534781393E-5	6.150829816149163E-5	-0.2670480022321285	7345.189077773829	-3028.2356444730863	-3028.235644473086	17506.433873245795	4919.448420323168	-2800.286076128266
10280000	-3568.1075715165634	-941.5707777077927	-2626.5367938087707	579.0	1.5516538727607655E-4	4.415958792081737E-6	4.415958792081737E-6	7.629524281348414E-5	-0.04058624357889192	6455.3698388464945	-373.63597184797584	-373.63597184797584	13128.603096573304	4752.0557312675	-2626.5367938087707
10290000	-3712.3892288979578	-947.472723784931	-2764.9165051130267	919.0	1.7315469361430368E-4	2.378444246631879E-5	2.378444246631879E-5	5.6138329195963434E-5	-0.24123821146494778	6132.042318294063	-2597.9969445008746	-2597.9969445008746	18913.849486822633	5022.740245458503	-2764.9165051130267
10300000	-3738.9203081234887	-980.6978331030386	-2758.22247502045	416.0	1.559684186702296E-4	1.527223165730663E-5	1.527223165730663E-5	5.846058892323601E-5	-0.15993833682268946	6579.869235724857	-1718.92362177067	-1718.9236217706703	17554.59222452341	5257.314874811721	-2758.22247502045
10310000	-3656.2940280724183	-997.5318626259426	-2658.7621654464756	280.0	1.6983209521854038E-4	6.729203815804416E-6	6.729203815804416E-6	7.554377338159578E-5	-0.05940930363359554	5909.024235468017	-526.3574567838486	-526.3574567838486	13284.244639693274	4873.082308045296	-2658.7621654464756
10320000	-3575.7198593370977	-965.4522835490044	-2610.2675757880934	313.0	1.9513881078524683E-4	3.7621669864722595E-5	3.7621669864722595E-5	9.067077031772777E-5	-0.2828346335406574	5570.143212265305	-2311.1978457527052	-2311.197845752705	11987.888914322455	4991.7337802407565	-2610.2675757880934
10330000	-3464.6539118606006	-928.0561363757852	-2536.5977754848154	435.0	2.2663562853642165E-4	2.050842555389987E-5	2.050842555389987E-5	7.959989053731007E-5	-0.15269049146069655	4517.696218773629	-1163.9568340163307	-1163.9568340163307	12862.717714397711	4896.070247517085	-2536.5977754848154
10340000	-3670.7692705540435	-873.1879824508138	-2797.58128810323	614.0	2.185849474214932E-4	2.849398290273378E-5	2.849398290273378E-5	9.584036109983653E-5	-0.19686513679684584	4759.3325698875105	-1414.9815309390572	-1414.981530939057	10854.700959093485	5043.214061683022	-2797.58128810323
10350000	-3661.5748171724335	-892.9177721719592	-2768.657045000474	327.0	1.847864960083763E-4	8.752356166463652E-6	8.752356166463652E-6	7.307438796076784E-5	-0.07531947323279417	5442.526437703705	-651.8690222044926	-651.8690222044926	13762.761727079547	4910.611313719473	-2768.657045000474
10360000	-3459.6329789430292	-1037.7556543436403	-2421.877324599389	239.0	2.928294765589856E-4	3.7303633788272364E-5	3.7303633788272364E-5	1.1119670489213626E-4	-0.2067272771205413	3567.414375156289	-1196.7757457465798	-1196.7757457465796	9394.559714331008	4675.385704829442	-2421.877324599389
10370000	-3558.4276495219683	-956.7204788309319	-2601.7071706910365	6.0	2.2275406877702688E-4	2.2623008637156715E-5	2.2623008637156715E-5	7.812559771470559E-5	-0.17149081410818612	4625.2811748809945	-1339.353285343443	-1339.353285343443	13187.741675973066	5036.820912309579	-2601.7071706910365
10380000	-3532.3093506118894	-917.1930160350619	-2615.1163345768277	82.0	1.9327166871610524E-4	2.6062692291904533E-5	2.6062692291904533E-5	8.885969019710991E-5	-0.19887618527471357	5387.134618262161	-1580.05538371098	-1580.05538371098	11717.129498879234	4683.188374352423	-2615.1163345768277
10390000	-3455.9012206432117	-956.5157528391271	-2499.3854678040843	865.0	2.2364265268013287E-4	2.8450232254345307E-5	2.8450232254345307E-5	1.0306069552150173E-4	-0.18739671093149068	4634.15918283051	-1279.2743575811446	-1279.2743575811446	10056.167846975059	4544.280267891337	-2499.3854678040843
10400000	-3551.3910163850906	-931.7028291628679	-2619.6881872222225	837.0	2.1112074896599125E-4	1.8343287190813943E-5	1.8343287190813943E-5	6.888981393757043E-5	-0.15210174647831545	4848.802628187673	-1291.090424790843	-1291.090424790843	14859.712691036355	4803.123316384717	-2619.6881872222225
10410000	-3367.939679387342	-890.8515173252167	-2477.0881620621253	639.0	2.1392687646179433E-4	1.0230241243387585E-5	1.0230241243387585E-5	8.334266623404192E-5	-0.07661600540984444	4702.095825563109	-577.1782547723204	-577.1782547723204	12069.504351612512	4738.877852374144	-2477.0881620621253
10420000	-3517.0706767998017	-882.1481404906982	-2634.9225363091036	519.0	1.7806491916591024E-4	1.7369517116912688E-5	1.7369517116912688E-5	7.839966087391406E-5	-0.1470081693478161	5739.978295291324	-1271.6974810785616	-1271.6974810785616	13036.902963252596	4817.349988845594	-2634.9225363091036
10430000	-3652.4874291915075	-898.4183445654986	-2754.069084626009	879.0	1.1020998171503343E-4	-1.238320871751329E-5	-1.238320871751329E-5	5.783782169027826E-5	0.15510177351147197	9297.248102430936	1990.5618916187227	1990.5618916187227	17715.908265979393	5218.239474156961	-2754.069084626009
10440000	-3543.0724720652206	-918.7897783096381	-2624.2826937555824	552.0	2.1067668779127887E-4	-7.261680390181904E-7	-7.261680390181904E-7	7.466648330621046E-5	0.0057898330474096486	4746.768775296302	46.164646044646226	46.16464604464623	13393.339005793398	4677.739404306395	-2624.2826937555824
10450000	-3654.5387438036914	-1045.9007791384827	-2608.637964665209	104.0	2.1541974417000544E-4	1.852943228687853E-5	1.852943228687853E-5	8.815884501966847E-5	-0.13445792804213183	4727.569443852111	-993.6516054836023	-993.6516054836025	11552.009329447841	4906.458147580229	-2608.637964665209
10460000	-3521.797359858472	-941.0873260603942	-2580.7100337980783	890.0	2.3766826598031044E-4	2.421320141748967E-5	2.421320141748967E-5	8.380567330520443E-5	-0.17156547860433433	4335.149193259845	-1252.514733805615	-1252.514733805615	12294.243944270349	5010.08221350934	-2580.7100337980783
10470000	-3729.7856530077934	-987.6744067581659	-2742.1112462496276	295.0	1.6351495016378497E-4	1.6132159499551164E-5	1.6132159499551164E-5	6.154897998840758E-5	-0.16080640542071994	6277.989390895784	-1645.4785474835803	-1645.4785474835805	16678.50746794568	5487.814387322459	-2742.1112462496276
10480000	-3422.4346904349136	-911.0601527305686	-2511.374537704345	866.0	2.0412030425657465E-4	1.6365840354825186E-5	1.6365840354825186E-5	8.46749570117719E-5	-0.12448519802355708	4976.185449627854	-961.7891702418149	-961.789170241815	11995.76030341491	4788.545187738668	-2511.374537704345
10490000	-3641.367283836551	-994.8654572176088	-2646.5018266189422	404.0	2.3050117134441842E-4	3.5095839474188245E-5	3.5095839474188245E-5	7.751417929849637E-5	-0.2625599554543678	4659.594624483092	-2109.7093000999016	-2109.709300099901	13856.071607202613	5081.263074963931	-2646.5018266189422
10500000	-3685.9885879893745	-963.6306382754287	-2722.357949713946	751.0	1.6751101082726982E-4	1.24139163609251E-5	1.24139163609251E-5	5.748881824031155E-5	-0.12650143285549864	6066.842148196228	-1310.050776967145	-1310.0507769671449	17677.574385434567	5161.8225231098195	-2722.357949713946
10510000	-3567.4188052004497	-992.1445380194708	-2575.2742671809788	607.0	2.183793745392106E-4	1.890971714403914E-5	1.890971714403914E-5	7.446282805218595E-5	-0.1482891789244254	4682.1459256077815	-1189.0235355862146	-1189.0235355862146	13731.470123844221	5358.415905500383	-2575.2742671809788
10520000	-3598.633840300642	-1077.4268155191653	-2521.207024781477	594.0	2.79276407196051E-4	3.725695632706108E-5	3.725695632706108E-5	9.232142780326268E-5	-0.23202724963421925	3784.4225990851623	-1527.2301442057637	-1527.2301442057637	11448.045940497186	4689.123882856119	-2521.207024781477
10530000	-3565.5458590273847	-1039.5980285601984	-2525.947830467186	826.0	2.914045273792387E-4	3.368886732213541E-5	3.368886732213541E-5	9.752836653214946E-5	-0.1998355668941462	3574.3965329658054	-1234.6907349882783	-1234.6907349882786	10679.92184624087	4567.333860561517	-2525.947830467186
10540000	-3599.097804464882	-1073.383370499786	-2525.714433965096	227.0	2.670380773946961E-4	2.9973178121962214E-5	2.9973178121962214E-5	9.738522130699937E-5	-0.18586587927511405	3878.781160122211	-1193.809461519377	-1193.8094615193768	10635.928632010608	4612.37786162601	-2525.714433965096
10550000	-3533.657323946361	-955.237505346684	-2578.419818599677	279.0	2.2257683443593077E-4	7.317096523773722E-6	7.317096523773722E-6	7.858852579833696E-5	-0.055324720976693186	4506.624531277865	-419.59568978789076	-419.59568978789076	12763.570915391363	5177.071290327966	-2578.419818599677
10560000	-3490.513454232759	-1023.8045700111898	-2466.7088842215694	490.0	2.616339983073221E-4	1.906945668649554E-5	1.906945668649554E-5	1.0206790841106898E-4	-0.11669348845267921	3874.899170388389	-723.951563665485	-723.951563665485	9932.655413133707	4344.463756619828	-2466.7088842215694
10570000	-3480.699758680974	-943.8478594215861	-2536.8518992593877	293.0	2.0710714312837983E-4	2.13030919564775E-5	2.13030919564775E-5	8.873644319910267E-5	-0.15714265791744242	4950.669605611542	-1188.5147302765379	-1188.514730276538	11554.655580347595	4809.05669283748	-2536.8518992593877
10580000	-3720.9287008648	-957.2064365920392	-2763.7222642727606	955.0	1.422841060668794E-4	3.130924174386477E-5	3.130924174386477E-5	6.495069379707165E-5	-0.32568852535032256	7862.154303271641	-3789.922406029736	-3789.922406029737	17223.21243089339	5521.292410694841	-2763.7222642727606
10590000	-3685.177637405077	-1004.8542396268709	-2680.323397778206	4.0	2.1035077846951126E-4	3.76603495269811E-5	3.76603495269811E-5	6.140625970067003E-5	-0.33136448680109326	5340.3468952210005	-3275.2252237756256	-3275.2252237756256	18293.674491539135	4933.5378763883755	-2680.323397778206
10600000	-3592.936186577241	-959.6648439659389	-2633.2713426113023	883.0	2.2010986556590345E-4	3.62766119201346E-5	3.62766119201346E-5	7.276293561437084E-5	-0.28664994224607176	4949.9109490950195	-2467.822346959851	-2467.822346959851	14973.615679042434	5358.310337995327	-2633.2713426113023
10610000	-3561.0735953172525	-976.419882295303	-2584.6537130219494	243.0	2.0518705849710095E-4	9.160957662688874E-6	9.160957662688874E-6	7.564060905997284E-5	-0.07353403283572874	4900.097787375385	-593.4588434843237	-593.4588434843236	13292.286561872234	5343.143307701246	-2584.6537130219494
10620000	-3465.4935028329114	-973.387471007815	-2492.1060318250966	505.0	2.80146982680594E-4	2.594892723697343E-5	2.594892723697343E-5	8.920400653691663E-5	-0.16414749261638684	3668.3975443093814	-1067.1155326883425	-1067.1155326883425	11520.67651676463	4782.130684841406	-2492.1060318250966
10630000	-3394.5652607388083	-877.5454080827244	-2517.019852656084	26.0	2.2767640561348885E-4	7.492133360240525E-6	7.492133360240525E-6	8.044952596397619E-5	-0.05535855447448573	4405.700218724238	-410.2956877421907	-410.2956877421907	12468.364207128505	4606.5652737383525	-2517.019852656084
10640000	-3689.406069295438	-1036.0337835113753	-2653.3722857840626	600.0	1.9631492759169676E-4	2.5048240797895205E-5	2.5048240797895205E-5	8.09617690482463E-5	-0.198682937802219	5303.199463986776	-1640.7227600727292	-1640.7227600727294	12859.12142256284	4907.929109740802	-2653.3722857840626
10650000	-3498.3835403196226	-965.2045850365503	-2533.1789552830724	976.0	2.323908184408974E-4	1.2116256291079283E-5	1.2116256291079283E-5	8.815258815131921E-5	-0.08465282088566492	4334.154982922897	-595.7140190621426	-595.7140190621426	11425.845172035062	4690.027790416767	-2533.1789552830724
10660000	-3734.3885754379726	-1016.1454895124699	-2718.243085925503	521.0	1.6632312144230924E-4	2.946299621341237E-5	2.946299621341237E-5	7.222592638651002E-5	-0.26881533246434464	6480.699420721376	-2643.6604145605056	-2643.6604145605056	14923.867518368961	5236.077493729995	-2718.243085925503
10670000	-3554.851265186299	-997.3753788301791	-2557.4758863561196	543.0	1.9670544731490697E-4	2.7183004291462775E-5	2.7183004291462775E-5	8.564528015345313E-5	-0.20942934916071246	5316.948113142224	-1687.5491926475142	-1687.5491926475142	12211.678858097861	5210.486291839713	-2557.4758863561196
10680000	-3625.0263904389367	-1071.7035318844237	-2553.322858554513	788.0	2.5133428620597025E-4	2.1032567671192142E-5	2.1032567671192142E-5	1.0712929647791402E-4	-0.12817764841477142	4045.2258327392037	-794.1943881791705	-794.1943881791705	9490.43800939237	4900.0858493587575	-2553.322858554513
10690000	-3489.3539801062852	-905.1161147100854	-2584.2378653961996	529.0	1.9286099127968165E-4	1.0796986307585809E-5	1.0796986307585809E-5	9.022162331005054E-5	-0.08185119698092827	5220.054088669784	-624.6933989043674	-624.6933989043674	11158.575617894696	4786.735884686841	-2584.2378653961996
10700000	-3538.6026703087264	-973.4402372845518	-2565.162433024175	394.0	1.759523814885639E-4	1.1206402211993653E-5	1.1206402211993653E-5	1.0388045664941787E-4	-0.08288991725287027	5722.674870898148	-617.349965529949	-617.3499655299491	9693.04818727837	4627.729863641735	-2565.162433024175
10710000	-3537.5925697234748	-854.4001187927778	-2683.192450930697	662.0	1.3335657106979077E-4	8.65560263319632E-6	8.65560263319632E-6	5.6938787543385367E-5	-0.09933127104773826	7573.417756737329	-1151.2801291661272	-1151.2801291661274	17737.733220047914	5596.658244690576	-2683.192450930697
10720000	-3547.222453068976	-896.3919375510419	-2650.830515517934	865.0	1.5053352103219333E-4	1.4533058227333538E-5	1.4533058227333538E-5	5.738644669415241E-5	-0.15636362719329022	6809.528806991986	-1724.506122153819	-1724.5061221538192	17862.446743737957	4830.756466425094	-2650.830515517934
10730000	-3666.882398726925	-945.986331248942	-2720.8960674779833	958.0	1.3775519075863248E-4	1.2826847400048854E-5	1.2826847400048854E-5	7.501428518325326E-5	-0.1261809968719439	7376.703836278406	-1261.3578092779283	-1261.3578092779283	13546.4764031815	4916.804727457577	-2720.8960674779833
10740000	-3483.7910520591536	-955.0703847258743	-2528.7206673332794	502.0	2.150608830027069E-4	1.8315369232565163E-5	1.8315369232565163E-5	9.778016423022312E-5	-0.12630181304997304	4725.223527315165	-885.0896732532899	-885.0896732532898	10392.810772713565	4845.280405447881	-2528.7206673332794
10750000	-3708.5462275286945	-956.5878591508615	-2751.958368377833	461.0	1.6234254398228177E-4	4.050625057059295E-6	4.050625057059295E-6	4.770931686287235E-5	-0.04602611012463077	6172.891439226473	-524.0919464452836	-524.0919464452837	21004.76313359942	5147.235255098289	-2751.958368377833
10760000	-3657.494473859404	-994.5988390878525	-2662.8956347715516	523.0	1.8342606917047142E-4	2.5441803514890565E-5	2.5441803514890565E-5	7.178382850471385E-5	-0.2217195845067375	5733.651639666403	-2032.1351128498748	-2032.1351128498748	14650.948607286584	5098.093322561129	-2662.8956347715516
10770000	-3388.8378855792344	-897.2375239133913	-2491.600361665843	997.0	2.2940377305943728E-4	2.404735491203013E-5	2.404735491203013E-5	9.674545470079889E-5	-0.161417921117514	4475.745084563523	-1112.5052941984318	-1112.5052941984318	10612.930734849539	4209.576615104473	-2491.600361665843
10780000	-3525.130394654395	-916.7691456433961	-2608.3612490109986	474.0	1.443468269997656E-4	-2.571492084043607E-6	-2.571492084043607E-6	7.347300295264273E-5	0.02496995016747704	6932.080934524432	242.61688692061296	242.61688692061298	13618.93276703454	4877.953757838167	-2608.3612490109986
10790000	-3568.7209007649235	-938.0493068997672	-2630.6715938651564	971.0	2.0624328186024884E-4	2.1673679308831768E-5	2.1673679308831768E-5	6.584717588911232E-5	-0.18598339065789005	5022.365509331427	-1653.1178133485523	-1653.1178133485525	15730.805936014422	5329.502603183366	-2630.6715938651564
10800000	-3432.0510855151706	-893.3246085477474	-2538.7264769674234	483.0	1.8647187257253016E-4	2.2336836591855467E-5	2.2336836591855467E-5	8.707357091233307E-5	-0.17529592618236386	5532.753190010814	-1419.3078636084076	-1419.3078636084076	11848.633712997596	4742.4946787096005	-2538.7264769674234
10810000	-3735.1520183460684	-1005.6487472201674	-2729.503271125901	391.0	1.7210531756431217E-4	6.983040277191435E-6	6.983040277191435E-6	5.693243469589984E-5	-0.07054520895224911	5839.456510770404	-716.2377690226233	-716.2377690226233	17652.53010093926	5421.9976105934975	-2729.503271125901
10820000	-3923.7947369653775	-1035.7853643967928	-2888.0093725685847	632.0	1.9678536875778876E-4	1.6423508292744383E-5	1.6423508292744383E-5	8.934868058280384E-5	-0.1238583983791082	5160.85072375156	-948.6348774965845	-948.6348774965845	11366.479125969448	5296.795141297802	-2888.0093725685847
10830000	-3586.7753903943553	-876.3442319819369	-2710.4311584124184	495.0	1.585591081836342E-4	-2.6809598594230523E-6	-2.6809598594230523E-6	5.6913491945318895E-5	0.02822195519179946	6311.823553395999	297.32397377187203	297.32397377187203	17584.531882184776	4864.507127328309	-2710.4311584124184
10840000	-3481.9147066440073	-890.4721410927073	-2591.4425655513	896.0	2.0215832942608973E-4	2.0884858059487292E-5	2.0884858059487292E-5	7.410006555227533E-5	-0.17063825918562492	5094.970210282019	-1436.0004794326221	-1436.000479432622	13899.996693790765	4801.041730782005	-2591.4425655513
10850000	-3612.279415535499	-1046.353905834942	-2565.925509700557	915.0	2.2153542665698833E-4	1.577545200788715E-5	1.577545200788715E-5	9.319761310987362E-5	-0.10978874581872901	4569.023767948965	-773.3933602913099	-773.3933602913099	10860.799928912114	4513.79407796813	-2565.925509700557
10860000	-3730.572917948305	-1069.1773179141799	-2661.3956000341254	590.0	2.0450796847703144E-4	2.716870565198059E-6	2.716870565198059E-6	7.567365516735214E-5	-0.021839438862540413	4892.118366539998	-175.639096091285	-175.63909609128498	13220.944415565958	5137.463326127274	-2661.3956000341254
10870000	-3654.9862320654083	-1102.4322275564925	-2552.554004508916	730.0	2.434752442525312E-4	1.3792524988906524E-5	1.3792524988906524E-5	1.0544591987940127E-4	-0.08607984661689755	4137.85416745941	-541.239121157155	-541.2391211571547	9554.329416024573	4581.582976488437	-2552.554004508916
10880000	-3459.136747108921	-912.2563407392664	-2546.880406369655	787.0	1.9783836676840106E-4	2.0716466879694115E-5	2.0716466879694115E-5	1.0082058341082585E-4	-0.14668504142861744	5165.780825150227	-1061.4571325768827	-1061.4571325768827	10136.716203742038	5035.663837370514	-2546.880406369655
10890000	-3623.1390220365797	-936.3235482561826	-2686.815473780397	918.0	1.5711928184102003E-4	1.8036007795003204E-5	1.8036007795003204E-5	6.539873089379205E-5	-0.17792665384585835	6572.668038221648	-1812.6451438920337	-1812.6451438920335	15790.717462421575	5097.840009842378	-2686.815473780397
10900000	-3315.014971534227	-925.445099118263	-2389.569872415964	552.0	2.6873185584550165E-4	3.7818768903292154E-5	3.7818768903292154E-5	1.0870533159487043E-4	-0.2212699252316332	3912.7512484091467	-1361.2527837285584	-1361.2527837285586	9672.762954861459	4458.584165813046	-2389.569872415964
10910000	-3651.290861140149	-962.9295672177561	-2688.3612939223926	96.0	1.9822561881021708E-4	2.8204511648163012E-5	2.8204511648163012E-5	7.386372414150623E-5	-0.2330897054276407	5334.58916038743	-2036.9874909646444	-2036.9874909646444	14316.25943189968	4919.029004177304	-2688.3612939223926
10920000	-3393.0467730915916	-904.9063280285002	-2488.1404450630916	361.0	2.5984857057033135E-4	2.7042376571612112E-5	2.7042376571612112E-5	9.4117726279443E-5	-0.17292149304656682	3967.0163304331195	-1139.8230037431172	-1139.8230037431172	10952.490711809276	4750.144270325797	-2488.1404450630916
10930000	-3630.9677886108516	-997.2255212060554	-2633.742267404796	225.0	1.780330845767544E-4	8.78685629343345E-6	8.78685629343345E-6	6.876078476111869E-5	-0.07941686755783119	5652.584588211025	-722.3368470217398	-722.3368470217398	14635.479707894177	5031.702520387936	-2633.742267404796
10940000	-3806.5171387959936	-1068.5584578691644	-2737.9586809268294	944.0	1.7656231288425958E-4	3.255257366860845E-5	3.255257366860845E-5	7.302677292492162E-5	-0.28667859745214647	6170.873717029643	-2750.742135077068	-2750.7421350770674	14919.784790649244	5195.241607266861	-2737.9586809268294
10950000	-3481.06626211529	-969.9394089492097	-2511.1268531660803	704.0	2.670644400202645E-4	1.8646758635128978E-5	1.8646758635128978E-5	9.676932365637485E-5	-0.11599157991891192	3795.479197652731	-731.3617769469772	-731.3617769469771	10474.781555042047	4722.5243198167755	-2511.1268531660803
10960000	-3532.3935906749966	-963.972809015495	-2568.4207816595017	496.0	2.156006506753891E-4	1.339184059949964E-5	1.339184059949964E-5	7.756324768791712E-5	-0.10355885621112773	4688.486300494479	-809.5001571077963	-809.5001571077963	13032.469980324551	4714.996850817826	-2568.4207816595017
10970000	-3451.2131902233873	-949.2756413016447	-2501.9375489217427	341.0	2.4117403100556737E-4	3.3682567057074006E-5	3.3682567057074006E-5	9.735832337364355E-5	-0.21981299761490994	4356.898978188413	-1507.334318304997	-1507.3343183049967	10792.820303828254	4488.019602488717	-2501.9375489217427
10980000	-3595.1204159299295	-1144.974282183765	-2450.1461337461647	333.0	2.916825096722337E-4	1.7264791344481852E-5	1.7264791344481852E-5	1.09990146670672E-4	-0.09638939389362429	3460.5367562799775	-543.1890659803485	-543.1890659803485	9176.98608864477	4680.05825819582	-2450.1461337461647
10990000	-3505.1802394301776	-962.7592364814138	-2542.4210029487635	616.0	2.51118371347662E-4	4.149211668456288E-5	4.149211668456288E-5	8.246865201258639E-5	-0.28832473370646644	4343.244684559413	-2185.198991901103	-2185.198991901103	13225.249897191135	4703.125999779564	-2542.4210029487635
11000000	-3447.83254426316	-988.1665237495303	-2459.6660205136295	370.0	2.612324860010425E-4	2.7108748889415005E-5	2.7108748889415005E-5	9.235954747175898E-5	-0.17452393030935787	3948.266501829583	-1158.8684448601787	-1158.8684448601784	11167.394188272307	4782.48346220054	-2459.6660205136295
