<?xml version="1.0" encoding="UTF-8"?>
<kml xmlns="http://earth.google.com/kml/2.2">
	<polygon id="Mexico_Durango" samplingProbability="1">
		<coordinates>
			23.0600224340001,-104.1727365,0
			23.0536093190001,-104.172814152,0
			23.031349239,-104.173083624,0
			23.001137855,-104.173395103,0
			22.9999465180001,-104.173433288,0
			22.982444949,-104.173614456,0
			22.9818317200002,-104.172818346,0
			22.9809490670001,-104.172541594,0
			22.9808652600001,-104.171634175,0
			22.9804489250001,-104.171020561,0
			22.9805016700001,-104.170553328,0
			22.9803371650001,-104.170320252,0
			22.9800407100001,-104.169769162,0
			22.979890734,-104.169368481,0
			22.9797877330001,-104.168980141,0
			22.9792354280002,-104.16890128,0
			22.9788994960001,-104.168542239,0
			22.978559049,-104.167172367,0
			22.9781543170001,-104.166813755,0
			22.9776596990001,-104.166827426,0
			22.9770699580002,-104.166788556,0
			22.9764665280002,-104.166344629,0
			22.9762754850001,-104.165828903,0
			22.9758713660001,-104.165275656,0
			22.97534862,-104.164536154,0
			22.975082516,-104.163729865,0
			22.9750909310001,-104.163127408,0
			22.9753024880001,-104.162847043,0
			22.9749463290001,-104.16279999,0
			22.9737996000001,-104.162648495,0
			22.9733101690001,-104.163531033,0
			22.9731274040001,-104.16373399,0
			22.97173265,-104.164337743,0
			22.9712988580002,-104.165057212,0
			22.9710739290001,-104.16515362,0
			22.9704910380001,-104.165130712,0
			22.9704840240001,-104.165632421,0
			22.9703669550001,-104.16570431,0
			22.9700436540001,-104.165699038,0
			22.9698082690001,-104.16593197,0
			22.9697427070001,-104.1660203,0
			22.969488143,-104.166365918,0
			22.9691930390001,-104.166170615,0
			22.9689227950001,-104.166271754,0
			22.96879205,-104.166555938,0
			22.9663403340001,-104.167101264,0
			22.9660613900001,-104.167376973,0
			22.9657554720002,-104.167283426,0
			22.9653789580001,-104.167584544,0
			22.9649295570001,-104.167986699,0
			22.9642160650001,-104.168233331,0
			22.9635676200002,-104.168222744,0
			22.96281241,-104.16772337,0
			22.9626295380002,-104.167618762,0
			22.9624635750002,-104.167769329,0
			22.9620495990001,-104.167545185,0
			22.961454551,-104.167383715,0
			22.9609130040001,-104.16713754,0
			22.9601069130001,-104.167583263,0
			22.9596675850001,-104.167671406,0
			22.959579154,-104.167669963,0
			22.958980486,-104.167859985,0
			22.9589295270002,-104.167867468,0
			22.9584212720001,-104.167859871,0
			22.9581071720001,-104.167683231,0
			22.9577795380002,-104.167677883,0
			22.957592031,-104.167416552,0
			22.9573127340001,-104.167189207,0
			22.9571110940001,-104.167097559,0
			22.956716521,-104.167349194,0
			22.956525401,-104.167346075,0
			22.9563018040001,-104.167224361,0
			22.9562663830001,-104.167174564,0
			22.9559826000001,-104.167138417,0
			22.955898157,-104.167284184,0
			22.9557997060001,-104.167489189,0
			22.955704146,-104.167487629,0
			22.9557854350001,-104.167113305,0
			22.9551991500002,-104.167038629,0
			22.9551796300001,-104.167117498,0
			22.954457997,-104.16698526,0
			22.9543637670001,-104.166932227,0
			22.9542857320001,-104.166922289,0
			22.954295476,-104.166893793,0
			22.9537770220001,-104.16660201,0
			22.9536469620002,-104.166508408,0
			22.9537696010001,-104.166362313,0
			22.9527012950002,-104.165480241,0
			22.9518096740001,-104.165408538,0
			22.9516269790001,-104.165666865,0
			22.9515308420001,-104.165663372,0
			22.9511185310001,-104.165351254,0
			22.9510414010002,-104.164772888,0
			22.950635823,-104.164766277,0
			22.949910931,-104.164553594,0
			22.949791518,-104.164577474,0
			22.949578848,-104.164441995,0
			22.9493114000001,-104.164271089,0
			22.949042622,-104.164266709,0
			22.948876269,-104.164445418,0
			22.948705626,-104.164442637,0
			22.948564451,-104.164285387,0
			22.9482900820001,-104.164376839,0
			22.9481581240001,-104.164537015,0
			22.948304681,-104.164797655,0
			22.9481378720002,-104.165008913,0
			22.947789761,-104.165003239,0
			22.947645707,-104.164927505,0
			22.9474715060001,-104.165152952,0
			22.947182866,-104.165288436,0
			22.9470881340002,-104.165214575,0
			22.9467670060001,-104.165533198,0
			22.9465170500002,-104.165831759,0
			22.9461783580001,-104.166128751,0
			22.945220726,-104.166592897,0
			22.944348301,-104.165659527,0
			22.943948999,-104.16585988,0
			22.9437747040001,-104.165857038,0
			22.943571047,-104.165983353,0
			22.9431922450001,-104.16600997,0
			22.9429061450001,-104.165594704,0
			22.9417520120001,-104.165296738,0
			22.9414804770001,-104.164540879,0
			22.941248704,-104.163694851,0
			22.9411367110001,-104.162973881,0
			22.941138847,-104.162518611,0
			22.941147197,-104.161920626,0
			22.9411475640002,-104.160818053,0
			22.9411638780001,-104.160273314,0
			22.9411901600001,-104.158388722,0
			22.9409518020001,-104.157329776,0
			22.9401693670001,-104.15664566,0
			22.9396699300001,-104.155988906,0
			22.9392333280001,-104.155819998,0
			22.9389647810002,-104.155622575,0
			22.9386536820001,-104.155518979,0
			22.938268868,-104.155512734,0
			22.9381085450001,-104.155337448,0
			22.9380985100001,-104.15532346,0
			22.93792598,-104.155131774,0
			22.9378307800002,-104.15461377,0
			22.9378379890002,-104.154095695,0
			22.937281566,-104.153903726,0
			22.9370024290001,-104.153941134,0
			22.9365179360001,-104.153759779,0
			22.93575289,-104.153965174,0
			22.9349484490002,-104.154358232,0
			22.9347650220002,-104.154772568,0
			22.934660783,-104.154671313,0
			22.9343416670001,-104.155035023,0
			22.9340324550001,-104.155177562,0
			22.9329161990001,-104.155438258,0
			22.932408933,-104.155430026,0
			22.9320268420001,-104.155278093,0
			22.9316092410001,-104.155359845,0
			22.931295257,-104.15535475,0
			22.9309428880001,-104.155445214,0
			22.9299340430001,-104.155313306,0
			22.9284344310001,-104.155288974,0
			22.9278099920001,-104.154966095,0
			22.927691156,-104.154880038,0
			22.9274112950001,-104.154814423,0
			22.9274202350001,-104.154714894,0
			22.9268783210002,-104.154720007,0
			22.9267404890002,-104.154631254,0
			22.92654723,-104.154256538,0
			22.926322875,-104.153795358,0
			22.925968529,-104.153532799,0
			22.9253407400001,-104.153435203,0
			22.924829796,-104.153321475,0
			22.9244048960001,-104.15298099,0
			22.9239355130001,-104.152353874,0
			22.923744363,-104.152064936,0
			22.9233846490001,-104.151911567,0
			22.9232094490002,-104.151863849,0
			22.9230275860002,-104.151738363,0
			22.922872557,-104.151423758,0
			22.922634784,-104.151338757,0
			22.9223617550001,-104.151334336,0
			22.9221371250001,-104.151122074,0
			22.9221396880001,-104.150937619,0
			22.9221070670001,-104.150586988,0
			22.921982884,-104.150430102,0
			22.9216188900001,-104.149964457,0
			22.921609775,-104.149396442,0
			22.9217428630002,-104.148945043,0
			22.9217470810001,-104.148641177,0
			22.921626148,-104.148211152,0
			22.9212618320001,-104.14794242,0
			22.9212147620001,-104.147831954,0
			22.921298086,-104.147470216,0
			22.921494619,-104.147292602,0
			22.9214920470002,-104.146813814,0
			22.9218301390001,-104.146242461,0
			22.921729941,-104.145144994,0
			22.921735482,-104.144745045,0
			22.921945027,-104.144570214,0
			22.9221506670002,-104.144356471,0
			22.9224443350001,-104.144139698,0
			22.9224155050001,-104.143897157,0
			22.9222245560002,-104.143894075,0
			22.9219443900001,-104.143755488,0
			22.921945329,-104.143687658,0
			22.9218132590001,-104.143293411,0
			22.921561734,-104.142937306,0
			22.9212377390001,-104.142536239,0
			22.9211821230002,-104.142198076,0
			22.9213483250001,-104.142099674,0
			22.9216728920002,-104.142203515,0
			22.9218643990001,-104.142149116,0
			22.9219602060001,-104.141951359,0
			22.9218121080002,-104.14159371,0
			22.92175078,-104.141420802,0
			22.9216587050001,-104.141187167,0
			22.9216719220001,-104.140940289,0
			22.9216083850001,-104.140717456,0
			22.921429727,-104.140526698,0
			22.921217435,-104.140620705,0
			22.920963779,-104.140646258,0
			22.9207287310001,-104.140563666,0
			22.9204912660001,-104.14045854,0
			22.9204668490001,-104.140025667,0
			22.9204507920001,-104.139599648,0
			22.9197975700001,-104.139202953,0
			22.9194970440001,-104.138717952,0
			22.9191947960001,-104.138754579,0
			22.918860115,-104.13870104,0
			22.919050543,-104.138352241,0
			22.9191248930001,-104.1380926,0
			22.9192110750001,-104.137907163,0
			22.919451398,-104.137790534,0
			22.919720399,-104.137790928,0
			22.9198896080001,-104.137655679,0
			22.9195418470001,-104.137424766,0
			22.919286142,-104.13728512,0
			22.9190239950001,-104.137166679,0
			22.9187680220002,-104.136977617,0
			22.9185579950001,-104.136830593,0
			22.918319824,-104.136676561,0
			22.9181230660001,-104.136557808,0
			22.9180364320002,-104.136430071,0
			22.9181359160001,-104.136221986,0
			22.9181625820001,-104.136083448,0
			22.9181161670001,-104.135955357,0
			22.9179147330001,-104.135907217,0
			22.9177136770001,-104.135928259,0
			22.9174759680002,-104.135939648,0
			22.9174455800002,-104.135761241,0
			22.917306442,-104.135396535,0
			22.9171040400001,-104.1351706,0
			22.916883824,-104.135033729,0
			22.916673434,-104.135015297,0
			22.9164454430001,-104.135125362,0
			22.916289995,-104.135126348,0
			22.916115925,-104.135068153,0
			22.9160317550001,-104.134763931,0
			22.9158065420001,-104.134784023,0
			22.9156727490001,-104.134795231,0
			22.9156199670002,-104.135023281,0
			22.9154937390001,-104.135263478,0
			22.9153805830001,-104.135438302,0
			22.9152496,-104.135579052,0
			22.9150649190001,-104.13571382,0
			22.914917444,-104.135717311,0
			22.914724424,-104.13565264,0
			22.9145693730001,-104.135588606,0
			22.9144749480002,-104.13564863,0
			22.9143179730001,-104.135745896,0
			22.9141067060001,-104.135912472,0
			22.9138097330002,-104.136093486,0
			22.9134656160002,-104.136408047,0
			22.9131623080002,-104.136514361,0
			22.912913179,-104.136696433,0
			22.9127305550001,-104.136958146,0
			22.9123042680002,-104.137101168,0
			22.9120350180001,-104.137114542,0
			22.911687397,-104.137062043,0
			22.9110980970001,-104.136790354,0
			22.9108471810002,-104.136387968,0
			22.9106289810001,-104.136438347,0
			22.9104423820002,-104.136103394,0
			22.9103793480001,-104.135773795,0
			22.9104246260001,-104.135466056,0
			22.9106112900001,-104.135075368,0
			22.9106494990002,-104.134579982,0
			22.9105551160001,-104.134341849,0
			22.9103908370001,-104.134202306,0
			22.9102414870001,-104.134071511,0
			22.9101429460001,-104.13391381,0
			22.9099437460001,-104.133819343,0
			22.9096600790002,-104.133699937,0
			22.9091843560001,-104.133856655,0
			22.908508484,-104.133725967,0
			22.9077980610001,-104.133717151,0
			22.9075936860002,-104.133599122,0
			22.9072699490001,-104.133510496,0
			22.9064294070002,-104.133418629,0
			22.9061120970001,-104.133384852,0
			22.9059002290001,-104.133456623,0
			22.9057149920002,-104.133446974,0
			22.9054863730001,-104.133371186,0
			22.9052520450001,-104.133245384,0
			22.9049585590002,-104.132994022,0
			22.9047597970001,-104.13265892,0
			22.9045772080001,-104.132340985,0
			22.904428995,-104.13206167,0
			22.9043516720001,-104.131660138,0
			22.9042580490001,-104.131175804,0
			22.9043358560001,-104.130222484,0
			22.9045444140001,-104.130221134,0
			22.9047763470001,-104.129519859,0
			22.904832603,-104.129220353,0
			22.9047247680001,-104.128827065,0
			22.9047604750002,-104.128504339,0
			22.9048459150001,-104.128181943,0
			22.9048521080002,-104.127876643,0
			22.9048073010001,-104.127564956,0
			22.9047512540002,-104.127217482,0
			22.9046991710001,-104.126897468,0
			22.9044061030002,-104.126409309,0
			22.9042214740001,-104.125902777,0
			22.9042119150001,-104.125167488,0
			22.9039840660001,-104.12450792,0
			22.9039303040001,-104.124309922,0
			22.9038151690001,-104.12415197,0
			22.9036808790001,-104.123836923,0
			22.9035152320001,-104.123540117,0
			22.9034351370001,-104.123252345,0
			22.9034333130001,-104.122921744,0
			22.9036694330001,-104.122685194,0
			22.9039291170001,-104.122440571,0
			22.9046221290001,-104.122193718,0
			22.9049519040001,-104.121906874,0
			22.9050546370001,-104.121701986,0
			22.9054619360002,-104.121464407,0
			22.9058194580001,-104.120882031,0
			22.9062337100001,-104.120526352,0
			22.906613296,-104.119828248,0
			22.907074476,-104.119145602,0
			22.9070481180001,-104.118301053,0
			22.9073922430001,-104.117546046,0
			22.9075431700001,-104.117079883,0
			22.9076698370002,-104.116755029,0
			22.9076675100001,-104.116336577,0
			22.9075156820001,-104.116000151,0
			22.9071511340002,-104.115597525,0
			22.906554708,-104.115104632,0
			22.9065461220002,-104.114700196,0
			22.906426144,-104.114358348,0
			22.906196622,-104.114084788,0
			22.9059842330001,-104.113904895,0
			22.9058344440001,-104.113715996,0
			22.905653092,-104.113417304,0
			22.9054682270001,-104.1130581,0
			22.905312022,-104.112818048,0
			22.9051180260001,-104.112644355,0
			22.9048365150001,-104.112584496,0
			22.9045966830001,-104.112793476,0
			22.9041511000001,-104.112871256,0
			22.9039080270001,-104.113208041,0
			22.9038048950001,-104.113563082,0
			22.9037744460002,-104.113960273,0
			22.9038474250001,-104.114340348,0
			22.9037296190001,-104.114631812,0
			22.9031625070001,-104.115439805,0
			22.903026511,-104.115644341,0
			22.9029118250001,-104.115884608,0
			22.902626006,-104.11613821,0
			22.9023256490001,-104.116319192,0
			22.9020247150001,-104.116453404,0
			22.901815533,-104.116557346,0
			22.9015733200001,-104.116547728,0
			22.9012378830002,-104.116598888,0
			22.9006069960001,-104.116789192,0
			22.899966777,-104.116955525,0
			22.899656185,-104.117086589,0
			22.8992603500001,-104.117177225,0
			22.8989395630001,-104.117473425,0
			22.898637114,-104.117591434,0
			22.8982295270001,-104.11773093,0
			22.8977068460001,-104.117739174,0
			22.8972085700001,-104.11765831,0
			22.8967799220002,-104.117578333,0
			22.896225874,-104.117213831,0
			22.8959129140001,-104.116934073,0
			22.8954803670001,-104.116654661,0
			22.8951159440002,-104.11634025,0
			22.89477959,-104.115890047,0
			22.8943922910001,-104.115450773,0
			22.89417146,-104.115047754,0
			22.893894452,-104.114676539,0
			22.893753701,-104.114333389,0
			22.8935407070001,-104.114171725,0
			22.8932161650001,-104.114033965,0
			22.8928133000001,-104.1138517,0
			22.8925249130001,-104.113689977,0
			22.8923257640001,-104.113470183,0
			22.8921471400002,-104.113257541,0
			22.8919538810001,-104.113150758,0
			22.891575964,-104.113134804,0
			22.8910994110001,-104.113057377,0
			22.8906806930001,-104.113020872,0
			22.8900680980001,-104.112842756,0
			22.8892393240001,-104.112454585,0
			22.8883616010001,-104.111924107,0
			22.888031986,-104.11141988,0
			22.887846213,-104.110974168,0
			22.8877490460001,-104.110630553,0
			22.88743709,-104.110119361,0
			22.8871456890002,-104.109553839,0
			22.8868470670002,-104.109015317,0
			22.8866457170002,-104.108704925,0
			22.8863559180001,-104.108436932,0
			22.8861750800001,-104.108265044,0
			22.8859586240001,-104.108100004,0
			22.8854821620001,-104.10779014,0
			22.885223464,-104.107668035,0
			22.88479621,-104.107504885,0
			22.8842588770001,-104.107596616,0
			22.8839149580001,-104.107549871,0
			22.8832356670001,-104.107211567,0
			22.8821520320001,-104.107196346,0
			22.8814521510002,-104.107552939,0
			22.880955124,-104.107819271,0
			22.8802427030001,-104.108200632,0
			22.8798702190001,-104.108716166,0
			22.8795450210001,-104.108982845,0
			22.8790394300001,-104.109272369,0
			22.8783530540002,-104.109520866,0
			22.877659742,-104.10942299,0
			22.8767184420001,-104.108939297,0
			22.8763473210001,-104.108614866,0
			22.875900227,-104.108107696,0
			22.8755556070001,-104.107709243,0
			22.8752516530002,-104.107705147,0
			22.8749499740002,-104.107647506,0
			22.8743787680002,-104.107607839,0
			22.8737514660001,-104.107537484,0
			22.873340416,-104.107476411,0
			22.8727668050001,-104.10734034,0
			22.8722378200001,-104.107143499,0
			22.8719239030002,-104.107130183,0
			22.871467197,-104.107425978,0
			22.8708698100001,-104.108017295,0
			22.8704584480001,-104.108435939,0
			22.869969956,-104.108532437,0
			22.8696156670001,-104.108514057,0
			22.8689340240002,-104.108496986,0
			22.868806989,-104.108190164,0
			22.868653292,-104.10793756,0
			22.8681946540001,-104.107942412,0
			22.8674870150001,-104.108214741,0
			22.8671283080001,-104.108364679,0
			22.866482924,-104.108388435,0
			22.8653729430001,-104.108189802,0
			22.8643269620002,-104.107839767,0
			22.862761231,-104.107335959,0
			22.8618957860001,-104.107110128,0
			22.8607397500002,-104.106996221,0
			22.8597890710001,-104.106895228,0
			22.859470802,-104.106823276,0
			22.85872241,-104.106619408,0
			22.8572707330001,-104.106343529,0
			22.8568877290001,-104.106304031,0
			22.8563488350001,-104.106400624,0
			22.8556755550001,-104.106748232,0
			22.8550231560001,-104.107147718,0
			22.8546884030002,-104.107684664,0
			22.854571225,-104.108469437,0
			22.8545971660001,-104.108741798,0
			22.8546486370001,-104.10900252,0
			22.8547305220002,-104.109342544,0
			22.8547016100001,-104.109559335,0
			22.8546879330001,-104.109769363,0
			22.8547985980001,-104.110066225,0
			22.8549979420001,-104.110419156,0
			22.855119422,-104.110759966,0
			22.855359143,-104.110997172,0
			22.8554707960001,-104.111369469,0
			22.8557165270001,-104.111844557,0
			22.8558178290002,-104.112280668,0
			22.8558927130002,-104.112784507,0
			22.8558872290001,-104.113257336,0
			22.855789104,-104.113581483,0
			22.8556472020002,-104.113951317,0
			22.8555527240002,-104.114459747,0
			22.8555392760001,-104.114950188,0
			22.8554516190001,-104.115279907,0
			22.8553838280001,-104.115459924,0
			22.8553724810001,-104.115652598,0
			22.855344738,-104.115929682,0
			22.8551103840002,-104.116028647,0
			22.854811259,-104.116222574,0
			22.8544252800002,-104.116336845,0
			22.8538575250001,-104.116323953,0
			22.8533694050001,-104.116319824,0
			22.85284805,-104.116359316,0
			22.8521119390002,-104.116594485,0
			22.851598402,-104.116749468,0
			22.8512335170001,-104.116825865,0
			22.8509519110001,-104.116827683,0
			22.850698864,-104.116674753,0
			22.8502858220001,-104.116593004,0
			22.849703268,-104.116357291,0
			22.8493497200001,-104.116164394,0
			22.8489756410002,-104.115959758,0
			22.8484156080001,-104.1157274,0
			22.848003089,-104.115432422,0
			22.8475717630002,-104.114982504,0
			22.8473917100001,-104.114770836,0
			22.8472487190001,-104.11448499,0
			22.847050761,-104.114254182,0
			22.8467109940001,-104.113939379,0
			22.8463618600002,-104.113557386,0
			22.845929879,-104.113069466,0
			22.8455714990001,-104.112620187,0
			22.8453031330001,-104.112352922,0
			22.8449812610001,-104.112066847,0
			22.8446309550001,-104.111789141,0
			22.844173015,-104.111272766,0
			22.8438604930001,-104.111073044,0
			22.8435945370001,-104.110902355,0
			22.8434133430002,-104.110710861,0
			22.8432475610002,-104.110449622,0
			22.8432598610001,-104.110102314,0
			22.8431659130002,-104.109910054,0
			22.842915369,-104.109550522,0
			22.842733938,-104.109201849,0
			22.842574063,-104.108914033,0
			22.842369837,-104.108815455,0
			22.8421424120001,-104.108665706,0
			22.8417021680001,-104.108443559,0
			22.8414331860001,-104.108361032,0
			22.841153938,-104.108217123,0
			22.8407959920001,-104.108048398,0
			22.840311738,-104.107783572,0
			22.8398305620001,-104.107602094,0
			22.8392269980001,-104.107470935,0
			22.8386936830001,-104.107414138,0
			22.8382000080001,-104.10737856,0
			22.8372760280002,-104.107170105,0
			22.8364833740001,-104.107063301,0
			22.8352911260001,-104.106659321,0
			22.834595635,-104.106352075,0
			22.8343647480002,-104.106018377,0
			22.8342291760001,-104.105739315,0
			22.8343944160001,-104.105477055,0
			22.834547936,-104.105256748,0
			22.8345305870001,-104.104876169,0
			22.8343460050001,-104.10452968,0
			22.834138829,-104.104383973,0
			22.833600964,-104.104307876,0
			22.833021644,-104.104345789,0
			22.8324604470001,-104.104430076,0
			22.8322401950002,-104.104613598,0
			22.8318666310001,-104.105020377,0
			22.8313600180001,-104.105506805,0
			22.8310633210001,-104.105635252,0
			22.8305892980001,-104.105672471,0
			22.8301890950001,-104.105709207,0
			22.8298224270001,-104.105900763,0
			22.8294938130001,-104.106284822,0
			22.8295084910001,-104.10654103,0
			22.829536494,-104.106919253,0
			22.8289703970001,-104.107271886,0
			22.8285066130001,-104.107505487,0
			22.8280456370002,-104.107793139,0
			22.8276256780002,-104.107923217,0
			22.8271391500001,-104.108181291,0
			22.8266437960001,-104.108212851,0
			22.8262367730001,-104.108325545,0
			22.8258619610002,-104.108546772,0
			22.8256059090001,-104.108863099,0
			22.8252508000001,-104.10914565,0
			22.8248441070002,-104.109317598,0
			22.8244187570001,-104.109447864,0
			22.8239807310001,-104.109679472,0
			22.8233864920001,-104.109954195,0
			22.8229551020001,-104.110143656,0
			22.8225164890001,-104.110214246,0
			22.8218784670001,-104.110186967,0
			22.8214775120001,-104.110201045,0
			22.8212298380001,-104.110127933,0
			22.8208129620001,-104.109971582,0
			22.8202718600001,-104.109934536,0
			22.8199980850001,-104.10975066,0
			22.8197526880002,-104.10950395,0
			22.819464431,-104.1092659,0
			22.8191153590001,-104.109075533,0
			22.8187669320001,-104.109000685,0
			22.8183535950001,-104.108944815,0
			22.8180823010001,-104.108791653,0
			22.8174014280001,-104.108472963,0
			22.816771494,-104.108004905,0
			22.816332387,-104.107697017,0
			22.815828648,-104.107257472,0
			22.8153202620001,-104.106835718,0
			22.814701908,-104.106584671,0
			22.8140361850001,-104.106350994,0
			22.8134999060001,-104.106201466,0
			22.813137861,-104.106237845,0
			22.8127146730002,-104.106597633,0
			22.8125438070001,-104.107023806,0
			22.812539808,-104.107770803,0
			22.8123795110002,-104.10816658,0
			22.8121506470001,-104.108542153,0
			22.811946499,-104.10903767,0
			22.8118278020001,-104.109378807,0
			22.8115950270001,-104.109982841,0
			22.8114270820001,-104.11040819,0
			22.8113182110001,-104.110854502,0
			22.8111625520001,-104.111131334,0
			22.8109716400001,-104.111325,0
			22.8106380830001,-104.111419038,0
			22.8103108650001,-104.111484803,0
			22.8099863380002,-104.111338088,0
			22.8097943650001,-104.111238738,0
			22.8096502770001,-104.111103217,0
			22.8095811870001,-104.11085535,0
			22.8094635650002,-104.110497251,0
			22.8095743860002,-104.110277473,0
			22.809612209,-104.110015573,0
			22.809526943,-104.109811931,0
			22.8093804280001,-104.109388532,0
			22.8092512540001,-104.109061981,0
			22.8088214860001,-104.108357527,0
			22.808435138,-104.107923822,0
			22.8080892720002,-104.10749205,0
			22.8080139800002,-104.107084952,0
			22.8083215930001,-104.106674859,0
			22.8085489800001,-104.106159151,0
			22.808630348,-104.105733574,0
			22.8084903590001,-104.105139561,0
			22.8081818950001,-104.104529594,0
			22.8080600330002,-104.104083201,0
			22.80770313,-104.103734207,0
			22.8071989780001,-104.103478449,0
			22.8067517010001,-104.102874388,0
			22.8062293040001,-104.101918503,0
			22.805810003,-104.101026786,0
			22.805553994,-104.100229862,0
			22.8054498770001,-104.099326778,0
			22.805570932,-104.099180082,0
			22.8054720510001,-104.098667648,0
			22.8055940420002,-104.098231397,0
			22.8058080270002,-104.097890637,0
			22.8057861510002,-104.09693906,0
			22.8059152490002,-104.096608334,0
			22.8061070950001,-104.096351208,0
			22.80621089,-104.095953315,0
			22.80607134,-104.095542066,0
			22.8058388400001,-104.095227191,0
			22.8054945800001,-104.09500732,0
			22.8049332710001,-104.094767086,0
			22.8043328440001,-104.094504863,0
			22.8032987260002,-104.094159194,0
			22.8027662580001,-104.094110745,0
			22.801933295,-104.094180288,0
			22.8013431500002,-104.094272135,0
			22.800730901,-104.094370871,0
			22.8002152320001,-104.094684889,0
			22.7996462460001,-104.095696382,0
			22.7991087590001,-104.096470264,0
			22.7986998300001,-104.097270923,0
			22.798653524,-104.098314964,0
			22.7985056430001,-104.098748733,0
			22.798131696,-104.099320336,0
			22.7977286830001,-104.099677677,0
			22.79716581,-104.099830192,0
			22.7969171510001,-104.100169958,0
			22.7963669970001,-104.100362883,0
			22.7956659040001,-104.100448574,0
			22.7948252200002,-104.100224184,0
			22.794158903,-104.09980934,0
			22.7937110410001,-104.099499348,0
			22.7931588840001,-104.099097068,0
			22.792912986,-104.098631596,0
			22.7928097310001,-104.098165286,0
			22.7925640650002,-104.097730335,0
			22.7922423590001,-104.097775839,0
			22.7920116400001,-104.097907719,0
			22.791760198,-104.097920244,0
			22.7912056850001,-104.09771753,0
			22.7899121050002,-104.097280108,0
			22.7895588190001,-104.097076073,0
			22.7890553810001,-104.097014259,0
			22.788521899,-104.096974286,0
			22.7881387560001,-104.096824808,0
			22.7879735130002,-104.0965963,0
			22.7880423620001,-104.096313489,0
			22.7882218190001,-104.096019077,0
			22.7887136670001,-104.095655781,0
			22.7891251940002,-104.095512435,0
			22.789587118,-104.095357387,0
			22.7898067930001,-104.095062705,0
			22.7899235720001,-104.09433364,0
			22.7896287190002,-104.093521021,0
			22.7893343160001,-104.093066775,0
			22.789019355,-104.09252587,0
			22.788524426,-104.092181558,0
			22.7879398020002,-104.092000813,0
			22.7871693070001,-104.091896703,0
			22.7862185330001,-104.091786971,0
			22.785755426,-104.091460244,0
			22.7851890950002,-104.091267416,0
			22.7844846130001,-104.091228698,0
			22.7839115280001,-104.091308493,0
			22.7833655990001,-104.091353199,0
			22.7831540180001,-104.09114875,0
			22.7829039310001,-104.091015467,0
			22.782276241,-104.091651337,0
			22.7822071100001,-104.091714851,0
			22.781567379,-104.092302599,0
			22.7809188490002,-104.092910171,0
			22.7802771360001,-104.093597079,0
			22.7799611300001,-104.093876321,0
			22.7796482640001,-104.094026689,0
			22.7792989940002,-104.094068688,0
			22.7788481480002,-104.09375472,0
			22.7782280070001,-104.093291578,0
			22.7774289230001,-104.092300655,0
			22.7767440280002,-104.091763655,0
			22.7762833520001,-104.091325602,0
			22.7757887820002,-104.090935248,0
			22.7754505420001,-104.090819111,0
			22.7753043310001,-104.090665601,0
			22.775381208,-104.090258898,0
			22.775215055,-104.089948946,0
			22.7752129040001,-104.089571888,0
			22.775322019,-104.089276866,0
			22.7752084960001,-104.088799423,0
			22.7751362290001,-104.088241026,0
			22.7752279280001,-104.08779503,0
			22.775190228,-104.087263929,0
			22.775270463,-104.086747003,0
			22.7753514670001,-104.086364704,0
			22.7755431090002,-104.08592193,0
			22.7755813710002,-104.085492444,0
			22.7752788040001,-104.084931994,0
			22.7745651970001,-104.083836556,0
			22.773956863,-104.083128366,0
			22.773647429,-104.082374502,0
			22.7730110460002,-104.081861974,0
			22.7720612110001,-104.081255014,0
			22.7712869070001,-104.0809195,0
			22.7707112120002,-104.080344288,0
			22.7699090720001,-104.080071631,0
			22.7683284820002,-104.080158412,0
			22.766616809,-104.080475228,0
			22.7653431380001,-104.081051568,0
			22.764502093,-104.082093291,0
			22.764116046,-104.083133584,0
			22.7634983080001,-104.084631384,0
			22.7630790100002,-104.085673254,0
			22.7629072990001,-104.08743873,0
			22.7627454060001,-104.088750116,0
			22.76260956,-104.089680299,0
			22.762430261,-104.090428084,0
			22.762101553,-104.090889067,0
			22.7615742730001,-104.091105057,0
			22.7609950300001,-104.091310222,0
			22.760611431,-104.091290323,0
			22.7604375930002,-104.091626923,0
			22.7605362300001,-104.092146298,0
			22.760424072,-104.09258819,0
			22.7603016890001,-104.092813862,0
			22.7602042640002,-104.093085593,0
			22.760085853,-104.093553295,0
			22.759984221,-104.094089946,0
			22.7594031030001,-104.094772167,0
			22.759243514,-104.09528525,0
			22.7594748380002,-104.095591254,0
			22.7598185680001,-104.096465079,0
			22.7605212490002,-104.096585528,0
			22.760837908,-104.097241278,0
			22.7604115720001,-104.097570715,0
			22.7605113030001,-104.097941634,0
			22.7612367520002,-104.097764869,0
			22.7615724270001,-104.097876456,0
			22.7614081680001,-104.098257528,0
			22.761326153,-104.098766756,0
			22.7618785350001,-104.099045536,0
			22.7623061670001,-104.099176452,0
			22.7627700960002,-104.099641493,0
			22.7630785980001,-104.100132674,0
			22.7634728980001,-104.100149561,0
			22.7636583240001,-104.100632669,0
			22.7638761700001,-104.101119971,0
			22.7640010710002,-104.101239816,0
			22.7643017700001,-104.101349022,0
			22.7645340670001,-104.101386726,0
			22.764653326,-104.101654089,0
			22.7645667260002,-104.101902547,0
			22.7646882410002,-104.102145113,0
			22.764895037,-104.102243684,0
			22.7652703100001,-104.10231468,0
			22.7655556230002,-104.102371949,0
			22.7658756840001,-104.102477357,0
			22.766168964,-104.102392937,0
			22.7663217040001,-104.102756133,0
			22.766423231,-104.103207343,0
			22.7664999620001,-104.103614225,0
			22.766774286,-104.103540398,0
			22.7671920450001,-104.103436659,0
			22.76749733,-104.103613768,0
			22.7677205340001,-104.103955657,0
			22.76794655,-104.104598395,0
			22.768115087,-104.105060012,0
			22.7680768800001,-104.105642446,0
			22.7682110990002,-104.106112851,0
			22.7683767200001,-104.106455841,0
			22.76851363,-104.106822822,0
			22.768600517,-104.107203032,0
			22.7685067360002,-104.107541475,0
			22.7682151570002,-104.107886858,0
			22.7680270360001,-104.108143427,0
			22.7678065510001,-104.108739992,0
			22.7676062000001,-104.10927234,0
			22.7676259310001,-104.109957842,0
			22.7675449760002,-104.110110695,0
			22.767155861,-104.110564064,0
			22.767103633,-104.110776326,0
			22.767088417,-104.110987503,0
			22.7667602660001,-104.111356531,0
			22.766617734,-104.111586778,0
			22.7662810070001,-104.111807964,0
			22.7658375800002,-104.111910256,0
			22.7655509710002,-104.112100253,0
			22.7654369390002,-104.112319505,0
			22.7652772460002,-104.112619819,0
			22.7650984200001,-104.112913463,0
			22.764263713,-104.113136151,0
			22.7641131070002,-104.113379656,0
			22.7639926270002,-104.113987292,0
			22.763834822,-104.114522152,0
			22.7635905430001,-104.115024276,0
			22.7633737910001,-104.115549524,0
			22.7633379140001,-104.116245432,0
			22.7633843570001,-104.116561369,0
			22.7631059400001,-104.117009745,0
			22.7628494040002,-104.117374146,0
			22.7626336480001,-104.117871904,0
			22.7625768840002,-104.118470017,0
			22.762431304,-104.118930104,0
			22.762255727,-104.119381499,0
			22.7623028220001,-104.119699451,0
			22.762485186,-104.120430166,0
			22.7624967560001,-104.120988821,0
			22.762482037,-104.121400956,0
			22.76253389,-104.121781357,0
			22.7631804970001,-104.122582458,0
			22.7635482160001,-104.122935303,0
			22.7635743740001,-104.123323374,0
			22.763408466,-104.123646667,0
			22.763342053,-104.123823082,0
			22.7633700590002,-104.124039158,0
			22.7633612180001,-104.124385941,0
			22.7634057730001,-104.124697682,0
			22.7633252150002,-104.12522651,0
			22.7633663760001,-104.12549789,0
			22.7637130650002,-104.125655634,0
			22.763838655,-104.126041451,0
			22.7638532830002,-104.126454501,0
			22.7637816170001,-104.126894825,0
			22.7639824320001,-104.127480105,0
			22.7640601440002,-104.128146046,0
			22.7640166340001,-104.129226,0
			22.7637546460001,-104.130329774,0
			22.763832928,-104.130613525,0
			22.7641323720001,-104.130977336,0
			22.7643693570001,-104.131594976,0
			22.7645147500001,-104.132140679,0
			22.764970079,-104.132467586,0
			22.765341087,-104.132642249,0
			22.7655548370001,-104.132818603,0
			22.7657505910001,-104.133235103,0
			22.7659156850002,-104.133629759,0
			22.766190722,-104.134171316,0
			22.7661433570001,-104.134842945,0
			22.7660253970001,-104.135576682,0
			22.7661251800001,-104.135797891,0
			22.7667976240002,-104.136323197,0
			22.7675670940001,-104.137119236,0
			22.7681268150001,-104.137716256,0
			22.768315888,-104.138378334,0
			22.768420822,-104.139257749,0
			22.7681026790001,-104.140087822,0
			22.768239743,-104.140884144,0
			22.7679533580001,-104.141402379,0
			22.767652114,-104.141721648,0
			22.767744964,-104.142333172,0
			22.7677265400001,-104.142612415,0
			22.7666730950001,-104.143254384,0
			22.7655835580001,-104.143520555,0
			22.7653406730001,-104.143726356,0
			22.7651643030001,-104.144081259,0
			22.7650667280001,-104.144523783,0
			22.7648424210001,-104.145038283,0
			22.7644915040001,-104.145415141,0
			22.7640434390001,-104.145580619,0
			22.763760076,-104.145661979,0
			22.7637425580002,-104.146103929,0
			22.763959538,-104.146641862,0
			22.7640656840001,-104.14733199,0
			22.7635797390001,-104.147948651,0
			22.763195464,-104.148535724,0
			22.762812307,-104.149053914,0
			22.762581042,-104.149484349,0
			22.762294433,-104.149844419,0
			22.762092324,-104.150492409,0
			22.7618231750001,-104.151089615,0
			22.761616609,-104.151804444,0
			22.7614326080002,-104.152552214,0
			22.7613263900001,-104.152908232,0
			22.761188835,-104.153436826,0
			22.760930482,-104.154027042,0
			22.7608634090001,-104.154673608,0
			22.760480637,-104.15558814,0
			22.7599223020001,-104.156617763,0
			22.7596796540001,-104.157379407,0
			22.7596572150001,-104.15776301,0
			22.7595913890001,-104.1583755,0
			22.7594799290002,-104.158974121,0
			22.7593288550001,-104.15994838,0
			22.7592214250001,-104.161077987,0
			22.7592109730001,-104.161825705,0
			22.7591007850001,-104.162332506,0
			22.7590502330002,-104.162670577,0
			22.7589348400001,-104.163199189,0
			22.7588665400002,-104.163617693,0
			22.7587636060002,-104.164150423,0
			22.758729754,-104.16441668,0
			22.75874099,-104.165203166,0
			22.7587344300001,-104.16567157,0
			22.758807851,-104.166154936,0
			22.7587884210002,-104.166724094,0
			22.759238328,-104.167378275,0
			22.7592056410001,-104.167872584,0
			22.7594162360002,-104.168466127,0
			22.7594183910001,-104.168884209,0
			22.7594967680001,-104.169383471,0
			22.7594839610002,-104.17029614,0
			22.7599852680002,-104.171346237,0
			22.7599019,-104.172341053,0
			22.7597981870001,-104.17322678,0
			22.7596628690001,-104.173932106,0
			22.7594815900001,-104.174784791,0
			22.7590507500001,-104.175254958,0
			22.7589383790001,-104.175888961,0
			22.7589227990001,-104.176423738,0
			22.7587333280001,-104.176722721,0
			22.7585760380001,-104.1770244,0
			22.7584832050001,-104.177324759,0
			22.7585066750001,-104.177676281,0
			22.7585667870001,-104.17824974,0
			22.758926623,-104.178711368,0
			22.7588420260001,-104.179160369,0
			22.7589561800001,-104.179436206,0
			22.7589369800001,-104.179759307,0
			22.758858037,-104.180246602,0
			22.758942382,-104.1808116,0
			22.758853119,-104.181309027,0
			22.7584750560001,-104.18153835,0
			22.758268102,-104.182180844,0
			22.7583525910002,-104.182703632,0
			22.7584953540002,-104.182864142,0
			22.758569937,-104.183003048,0
			22.7586833670002,-104.183101288,0
			22.7590312760001,-104.182976487,0
			22.759320256,-104.183291014,0
			22.7595678960001,-104.183869428,0
			22.7597015440001,-104.184007756,0
			22.7600749650001,-104.184188695,0
			22.7603821740001,-104.185146188,0
			22.7603612610001,-104.185516763,0
			22.7601396960001,-104.186065587,0
			22.7603284040001,-104.186509663,0
			22.7605941160001,-104.186770863,0
			22.7607605230001,-104.187069201,0
			22.7611597390001,-104.18715866,0
			22.761552978,-104.187261379,0
			22.7617457590001,-104.18708752,0
			22.7625485090001,-104.186895894,0
			22.7628486500001,-104.186668946,0
			22.7631877910002,-104.18650848,0
			22.7635768170001,-104.186614075,0
			22.7637295930001,-104.186847715,0
			22.7639481080001,-104.187394692,0
			22.764177885,-104.187884662,0
			22.7646031520002,-104.188337181,0
			22.7651118110001,-104.18849742,0
			22.7655058430001,-104.188468854,0
			22.7657340530002,-104.188715185,0
			22.7658995220001,-104.18911035,0
			22.7661036700001,-104.189240282,0
			22.766374317,-104.189280566,0
			22.76670146,-104.189352131,0
			22.7669708580001,-104.189638245,0
			22.7677906070002,-104.190399292,0
			22.7681139630001,-104.190734057,0
			22.7684458440002,-104.190816268,0
			22.7689448560002,-104.190749204,0
			22.7695587970001,-104.190819083,0
			22.7701462640001,-104.191051073,0
			22.7707241010001,-104.191391327,0
			22.7709712250001,-104.19184323,0
			22.7710716760001,-104.192291411,0
			22.771260591,-104.192793523,0
			22.7714762740001,-104.19369497,0
			22.7713201140001,-104.194776956,0
			22.7716813460002,-104.195138637,0
			22.7721159340001,-104.195536296,0
			22.7722657250001,-104.195973524,0
			22.7722677310001,-104.196371826,0
			22.7726133840002,-104.196622015,0
			22.772775677,-104.197098964,0
			22.773220427,-104.197481415,0
			22.773801032,-104.197691939,0
			22.774580404,-104.198193313,0
			22.774988498,-104.198589749,0
			22.7753968000001,-104.199065372,0
			22.775804278,-104.199302547,0
			22.7764778420002,-104.199614361,0
			22.7766835040001,-104.200004628,0
			22.776717289,-104.200778924,0
			22.7768041300002,-104.201422837,0
			22.7770539220001,-104.20176797,0
			22.7770309430002,-104.202294096,0
			22.777447863,-104.203058176,0
			22.7776922540001,-104.203996094,0
			22.7774149130001,-104.204591905,0
			22.7776104740001,-104.205671269,0
			22.7778352590001,-104.205701778,0
			22.7781584440002,-104.206377256,0
			22.7787851040001,-104.207851626,0
			22.7794005510002,-104.208959091,0
			22.7797432670001,-104.209704321,0
			22.7795297000001,-104.210116253,0
			22.77904626,-104.210453841,0
			22.778717478,-104.210769093,0
			22.778070647,-104.211157582,0
			22.7777999790001,-104.211465915,0
			22.7776317690002,-104.211855837,0
			22.7773269700001,-104.212737736,0
			22.7772606000001,-104.213413291,0
			22.7773301720002,-104.213646079,0
			22.777448055,-104.213899237,0
			22.7780593190002,-104.21465742,0
			22.7780501390001,-104.215298367,0
			22.778537284,-104.215658438,0
			22.778936222,-104.215905108,0
			22.778599446,-104.217442706,0
			22.7788333770001,-104.218048842,0
			22.779245832,-104.218647675,0
			22.7788148880001,-104.219648459,0
			22.778841201,-104.220306331,0
			22.7794201600001,-104.221038709,0
			22.7792889670001,-104.221651647,0
			22.779040619,-104.222467916,0
			22.7785477400002,-104.223739987,0
			22.7786026650001,-104.22502673,0
			22.7783149260001,-104.22574409,0
			22.778060274,-104.225863125,0
			22.7777701640002,-104.225937532,0
			22.777584104,-104.226261889,0
			22.777331969,-104.226398578,0
			22.7771081270002,-104.226588583,0
			22.7768798210001,-104.227051499,0
			22.7766297750001,-104.227417202,0
			22.7760806950001,-104.227584144,0
			22.7755889020002,-104.227673121,0
			22.7751896960002,-104.227772116,0
			22.7748671040001,-104.227793134,0
			22.7745104040001,-104.227320059,0
			22.7741384170001,-104.226678613,0
			22.7738685900001,-104.22671813,0
			22.7735405440001,-104.22609346,0
			22.7729376850001,-104.225556513,0
			22.7724711460001,-104.225090759,0
			22.771826,-104.224497603,0
			22.7710466210001,-104.224299759,0
			22.7703386750002,-104.224534826,0
			22.7694716000001,-104.224485555,0
			22.7690864310001,-104.224602401,0
			22.7682337810001,-104.224455946,0
			22.7674612700002,-104.224557347,0
			22.7666898020001,-104.224588503,0
			22.7660781930001,-104.22509286,0
			22.7657320930001,-104.22613718,0
			22.765357652,-104.226187562,0
			22.7650296520001,-104.226235019,0
			22.7646486170001,-104.226589693,0
			22.7641067460001,-104.226836015,0
			22.763573636,-104.226668556,0
			22.763006798,-104.22643886,0
			22.7624126310002,-104.226402335,0
			22.7613030050001,-104.227746426,0
			22.760210183,-104.228671593,0
			22.7589059990001,-104.229429173,0
			22.7583932110002,-104.231032235,0
			22.7577725030001,-104.231902659,0
			22.7571486120001,-104.232098802,0
			22.7564343890001,-104.232070686,0
			22.7558082740001,-104.231817316,0
			22.755412882,-104.231629168,0
			22.7551763400002,-104.232042319,0
			22.7549288780001,-104.232457923,0
			22.7540830310001,-104.232151936,0
			22.7535258810001,-104.232030805,0
			22.753103935,-104.232074644,0
			22.7529321440001,-104.232822168,0
			22.7526482570001,-104.233652081,0
			22.752212038,-104.234731427,0
			22.7519092630001,-104.235623558,0
			22.7515600950002,-104.236127559,0
			22.7510875500001,-104.236352946,0
			22.7507616340001,-104.236416879,0
			22.7505312570001,-104.236397518,0
			22.7502819030001,-104.236419545,0
			22.7497834310001,-104.237349839,0
			22.7499098990001,-104.237923382,0
			22.7500621790001,-104.238710566,0
			22.750078108,-104.239458423,0
			22.7502927840001,-104.240352157,0
			22.750220555,-104.240779926,0
			22.7501124930001,-104.241475022,0
			22.7500785010002,-104.242143085,0
			22.7499444540002,-104.242680578,0
			22.749994014,-104.243135193,0
			22.7500583770001,-104.243655739,0
			22.750072893,-104.24410985,0
			22.7497527560001,-104.24445881,0
			22.7493703460001,-104.244728042,0
			22.7490623230001,-104.245023586,0
			22.7487807990001,-104.245692902,0
			22.7485842610002,-104.246014555,0
			22.7484240240001,-104.246378783,0
			22.748352535,-104.246966874,0
			22.7483179520001,-104.247501319,0
			22.7484932200002,-104.247927723,0
			22.7486195880002,-104.248474648,0
			22.7484733260001,-104.248956257,0
			22.748401262,-104.249424099,0
			22.748353552,-104.24981174,0
			22.74826826,-104.250176451,0
			22.7479987670001,-104.250778982,0
			22.7477400820001,-104.251182627,0
			22.7473956980002,-104.251651948,0
			22.7468415820001,-104.25225602,0
			22.7461378150001,-104.252620401,0
			22.7451813340001,-104.253544822,0
			22.7446618900001,-104.254071913,0
			22.7439206880001,-104.254767114,0
			22.7432650040001,-104.255237701,0
			22.742678757,-104.255745199,0
			22.7420920740001,-104.256159368,0
			22.7416191710001,-104.256220654,0
			22.7412741010002,-104.256465406,0
			22.7409131450001,-104.257027808,0
			22.7404102630001,-104.257425461,0
			22.739961324,-104.257670768,0
			22.7396165360001,-104.257990192,0
			22.7392710290002,-104.258141515,0
			22.7389258060001,-104.258367515,0
			22.7385782850001,-104.258878979,0
			22.7384081840001,-104.259533758,0
			22.738342033,-104.260206622,0
			22.7383967640001,-104.260804056,0
			22.7384335250002,-104.261270874,0
			22.7384541920002,-104.261999305,0
			22.7383002340001,-104.262392369,0
			22.7381816530001,-104.262953443,0
			22.7378722060002,-104.263422116,0
			22.7376486590001,-104.263759516,0
			22.737304781,-104.264265758,0
			22.7373410160001,-104.264620511,0
			22.7372734690001,-104.264994462,0
			22.7370498950001,-104.265313213,0
			22.736791657,-104.265632148,0
			22.7366374330001,-104.265969171,0
			22.7366037750001,-104.26617484,0
			22.736539366,-104.266344395,0
			22.7315497470001,-104.267610366,0
			22.7280430360001,-104.268141332,0
			22.726677845,-104.268724093,0
			22.7261365640001,-104.268749184,0
			22.7254776380001,-104.268723481,0
			22.7250775800001,-104.26869791,0
			22.7243950650002,-104.26879903,0
			22.7239007970001,-104.26895098,0
			22.7234064840002,-104.269204395,0
			22.7230298820001,-104.269356402,0
			22.7225121570002,-104.269330769,0
			22.7216650070001,-104.2692035,0
			22.7208648910001,-104.269152356,0
			22.7203237090001,-104.268949148,0
			22.7199472060001,-104.268872856,0
			22.7197118930001,-104.268822004,0
			22.719100242,-104.268314371,0
			22.7187473050001,-104.268161996,0
			22.7183707910002,-104.268111072,0
			22.718135445,-104.268136319,0
			22.7177588550002,-104.268262956,0
			22.717547021,-104.268338946,0
			22.7177824970001,-104.268009311,0
			22.7179475340001,-104.267299152,0
			22.718065394,-104.266842627,0
			22.7182068290001,-104.266284648,0
			22.7182305310001,-104.265878806,0
			22.7181836840001,-104.265346102,0
			22.7179721120002,-104.264787951,0
			22.7178076150001,-104.26420446,0
			22.7176901720001,-104.263646357,0
			22.7176433380001,-104.263062924,0
			22.717643479,-104.262707804,0
			22.7173843080002,-104.263468652,0
			22.717031225,-104.26367141,0
			22.7167958800002,-104.263696664,0
			22.716584018,-104.263848756,0
			22.7164192320001,-104.263975505,0
			22.7157503580002,-104.264441735,0
			22.7152364610002,-104.264880018,0
			22.7149469600001,-104.265341423,0
			22.7145445040001,-104.265633959,0
			22.7138471970002,-104.265835059,0
			22.7133975770001,-104.266057566,0
			22.71297292,-104.266398663,0
			22.7125481030001,-104.266691312,0
			22.7122357790001,-104.267080155,0
			22.7120219370001,-104.267438765,0
			22.711980387,-104.267844806,0
			22.7120111530001,-104.268234812,0
			22.7120408350001,-104.268579266,0
			22.7119280480001,-104.269046892,0
			22.7116838000001,-104.269737015,0
			22.7114833860001,-104.2702063,0
			22.7109930600002,-104.270804017,0
			22.7105608900001,-104.271212121,0
			22.7101419400001,-104.271354794,0
			22.7096936350001,-104.271388368,0
			22.7093890680002,-104.271233975,0
			22.709171521,-104.271110223,0
			22.7089221290001,-104.270892738,0
			22.708667135,-104.270857504,0
			22.708090814,-104.271006093,0
			22.7077161300001,-104.271008077,0
			22.707631254,-104.271352331,0
			22.7075385400001,-104.271703305,0
			22.707299769,-104.272213445,0
			22.7070713850001,-104.272700801,0
			22.7067803630001,-104.273245106,0
			22.7066014400001,-104.273552671,0
			22.7061530030002,-104.274052546,0
			22.705715211,-104.274586254,0
			22.7053282830001,-104.274780477,0
			22.704959801,-104.275089832,0
			22.7044683740002,-104.275352384,0
			22.7040918740001,-104.275546649,0
			22.7036534380001,-104.275787388,0
			22.7033153580002,-104.276190276,0
			22.7030410450001,-104.276592726,0
			22.7027675080001,-104.277167019,0
			22.7024068340001,-104.277629825,0
			22.7018549440001,-104.277712862,0
			22.7013878820002,-104.277784088,0
			22.701058615,-104.277774352,0
			22.7005773420001,-104.277879942,0
			22.7001965260002,-104.278225724,0
			22.699758117,-104.278313899,0
			22.6994072100001,-104.278651094,0
			22.698931708,-104.278637636,0
			22.698337412,-104.2786247,0
			22.6977735670002,-104.278771883,0
			22.697145806,-104.27887295,0
			22.696500869,-104.279504592,0
			22.6958634590001,-104.279663236,0
			22.6952351690001,-104.279596112,0
			22.6948193630002,-104.279461819,0
			22.6940647330001,-104.279342779,0
			22.693752551,-104.279295517,0
			22.6931897710002,-104.279182205,0
			22.6925799590002,-104.279025123,0
			22.6917848780002,-104.278739939,0
			22.6909225580001,-104.278600228,0
			22.6902231120001,-104.278331393,0
			22.6896303100001,-104.278007856,0
			22.689000118,-104.277633372,0
			22.6882425450001,-104.277284181,0
			22.6871760800001,-104.276776996,0
			22.6867143770002,-104.276412997,0
			22.6862841200002,-104.276107116,0
			22.6859558910001,-104.275788411,0
			22.6857305750001,-104.275244717,0
			22.6854009030002,-104.274621543,0
			22.6850991100002,-104.274444928,0
			22.6849205640002,-104.274381782,0
			22.6845345420002,-104.274431853,0
			22.684364595,-104.274459147,0
			22.683725722,-104.274676183,0
			22.6827912390001,-104.274666768,0
			22.6820196300001,-104.27486308,0
			22.6810848580002,-104.275124429,0
			22.680194753,-104.275401487,0
			22.6794797490002,-104.27582891,0
			22.678938885,-104.276224786,0
			22.6784966720001,-104.276630042,0
			22.677768016,-104.277016191,0
			22.6771759270002,-104.277439418,0
			22.676671104,-104.278117997,0
			22.6762076870002,-104.278758236,0
			22.675482659,-104.278779495,0
			22.674625006,-104.279242068,0
			22.6743139380001,-104.279537414,0
			22.6738719460001,-104.279571752,0
			22.67319474,-104.279121645,0
			22.6728567300001,-104.278872587,0
			22.6722465440001,-104.278725646,0
			22.6716992400001,-104.278773852,0
			22.6710654150001,-104.279193329,0
			22.6705247940001,-104.279824683,0
			22.6699988010001,-104.28080704,0
			22.6696200090001,-104.281675815,0
			22.6693112830001,-104.282472768,0
			22.669016984,-104.283382152,0
			22.6688719200001,-104.283905295,0
			22.668811959,-104.284632287,0
			22.668440128,-104.285750344,0
			22.668107074,-104.286614972,0
			22.6678507540001,-104.286983023,0
			22.667219145,-104.287414499,0
			22.6666312560001,-104.28780359,0
			22.6657899140002,-104.28801232,0
			22.6649480060001,-104.288107546,0
			22.6643377540001,-104.288201478,0
			22.6638959530001,-104.288294638,0
			22.6635258970002,-104.288326741,0
			22.663116243,-104.288162338,0
			22.6627274490002,-104.288088097,0
			22.662327476,-104.28791034,0
			22.6619510520002,-104.287707245,0
			22.6614335380002,-104.287301215,0
			22.6609394720001,-104.287047335,0
			22.6605631300001,-104.286692112,0
			22.6603515520001,-104.286286289,0
			22.659975237,-104.28588036,0
			22.6597870240001,-104.285778817,0
			22.6593406150001,-104.284852282,0
			22.6586063230001,-104.284233292,0
			22.6578516470001,-104.283344571,0
			22.6572222530002,-104.282750033,0
			22.6567574340002,-104.282171058,0
			22.6562164840001,-104.281800094,0
			22.6555984060001,-104.281408777,0
			22.6549416180002,-104.280976126,0
			22.654323808,-104.280647102,0
			22.6537433720001,-104.280660852,0
			22.6533883750002,-104.280731975,0
			22.6529714860001,-104.28091687,0
			22.6524836140002,-104.281142732,0
			22.652073203,-104.281458821,0
			22.6513029320002,-104.281559304,0
			22.6510229860001,-104.281977462,0
			22.650886278,-104.282594754,0
			22.650749226,-104.283121773,0
			22.650711479,-104.284039268,0
			22.6508198670001,-104.284981315,0
			22.650594128,-104.285665625,0
			22.6505684970001,-104.28621427,0
			22.6503371060001,-104.287222952,0
			22.6499791110002,-104.2877592,0
			22.6495702270001,-104.28841809,0
			22.6492696940002,-104.289127709,0
			22.6487754330001,-104.289588996,0
			22.6483557160001,-104.289611192,0
			22.6479497510001,-104.289355418,0
			22.64696446,-104.289521219,0
			22.6466126230002,-104.289596943,0
			22.6456095750002,-104.289965871,0
			22.644906253,-104.289875827,0
			22.6444599860001,-104.289624047,0
			22.6445336870001,-104.28919214,0
			22.6445885900001,-104.288640594,0
			22.6446632690001,-104.28833134,0
			22.644562919,-104.288007495,0
			22.6446266090002,-104.287651232,0
			22.6446580770001,-104.287103958,0
			22.6446334600001,-104.286399162,0
			22.6449688390001,-104.286121269,0
			22.6456647060002,-104.28488844,0
			22.645956253,-104.284059237,0
			22.64611845,-104.283357941,0
			22.646031887,-104.282479681,0
			22.6458400430002,-104.281831238,0
			22.6450637030001,-104.280440321,0
			22.644400035,-104.280130706,0
			22.6437838580001,-104.280005332,0
			22.643120391,-104.279403203,0
			22.6426001340001,-104.278678747,0
			22.6422083320002,-104.278388272,0
			22.6419270540002,-104.27811388,0
			22.6417305520001,-104.277863794,0
			22.6414066470002,-104.277289328,0
			22.6413059740001,-104.276587124,0
			22.6410119900002,-104.275818278,0
			22.640617347,-104.275602033,0
			22.640694872,-104.275331715,0
			22.6405401440002,-104.275158299,0
			22.6405569260002,-104.274567252,0
			22.640200487,-104.273884961,0
			22.6399234220001,-104.273500779,0
			22.6395543160002,-104.272806129,0
			22.6387280740001,-104.272231806,0
			22.638122079,-104.271770245,0
			22.637197574,-104.270544058,0
			22.636720515,-104.269877511,0
			22.6362789530001,-104.26960306,0
			22.6358211160002,-104.269274946,0
			22.6352965440001,-104.269690533,0
			22.6346139060001,-104.27004507,0
			22.6336958470001,-104.270576929,0
			22.6328248430002,-104.271134156,0
			22.6324245220001,-104.271666287,0
			22.6319300400001,-104.272249062,0
			22.631411938,-104.273009268,0
			22.6309410820002,-104.273389249,0
			22.6302820170001,-104.273642372,0
			22.6297407420001,-104.273642064,0
			22.6291927880001,-104.273534345,0
			22.6285966500001,-104.273432872,0
			22.6280607270001,-104.27330518,0
			22.6273942680002,-104.27342644,0
			22.6270921610001,-104.27366334,0
			22.626826995,-104.274030852,0
			22.6266114830001,-104.274646464,0
			22.626354939,-104.275042519,0
			22.6260421860002,-104.275619485,0
			22.6257776100001,-104.276104642,0
			22.6254759130001,-104.276696787,0
			22.6252242160002,-104.277351831,0
			22.6250701610001,-104.278150216,0
			22.624961537,-104.27874696,0
			22.624813295,-104.279118285,0
			22.6245015730001,-104.279349313,0
			22.6240921950001,-104.27997791,0
			22.6234889700002,-104.281081075,0
			22.6229099790001,-104.281934851,0
			22.6225970830001,-104.282485688,0
			22.6220542470002,-104.283129166,0
			22.6217032430001,-104.283287888,0
			22.6211571340001,-104.283199167,0
			22.6203766970001,-104.283017622,0
			22.6198284070001,-104.282710912,0
			22.6191460790001,-104.282431652,0
			22.618463816,-104.282025657,0
			22.6175932030002,-104.281771633,0
			22.6170688610001,-104.281515775,0
			22.6170841900001,-104.281264493,0
			22.6171690090001,-104.280881471,0
			22.617220097,-104.280464052,0
			22.617139422,-104.28011923,0
			22.617010742,-104.279838421,0
			22.6168314990001,-104.279530625,0
			22.6166456570001,-104.279257567,0
			22.6162539580001,-104.278668815,0
			22.6159974990001,-104.278335542,0
			22.6158647470002,-104.277985729,0
			22.6157280500001,-104.277323969,0
			22.6157254720001,-104.27688532,0
			22.6157060160001,-104.276646636,0
			22.6157031650001,-104.276065363,0
			22.6156897200001,-104.276061422,0
			22.6152365260002,-104.275928598,0
			22.6148149970002,-104.275837204,0
			22.614393676,-104.275567214,0
			22.614181086,-104.275687522,0
			22.614480207,-104.275940066,0
			22.6137016470001,-104.276080309,0
			22.613307322,-104.276192401,0
			22.6129053050001,-104.276230104,0
			22.6124647180001,-104.276039327,0
			22.6122214480001,-104.275876654,0
			22.6117208540001,-104.275505987,0
			22.6112191610002,-104.275110401,0
			22.6108552320002,-104.274934049,0
			22.6100746220001,-104.274489889,0
			22.6094367350001,-104.274610876,0
			22.60848967,-104.274419399,0
			22.6077671500001,-104.273966841,0
			22.607118783,-104.273878557,0
			22.6063888880001,-104.273691408,0
			22.6049759120001,-104.272544679,0
			22.6049670350002,-104.271877861,0
			22.6049692500001,-104.271246461,0
			22.6046002600001,-104.270425046,0
			22.6043906190001,-104.269867075,0
			22.604006802,-104.269526627,0
			22.60378332,-104.269032559,0
			22.6036662330002,-104.26855475,0
			22.6033872540001,-104.267989174,0
			22.6031295600001,-104.267458537,0
			22.6026673310001,-104.266837346,0
			22.6022391580001,-104.266397562,0
			22.601982024,-104.265977093,0
			22.60174213,-104.265611517,0
			22.601279665,-104.264953685,0
			22.6006472270001,-104.264333417,0
			22.599976103,-104.263749316,0
			22.5992413510002,-104.263074622,0
			22.598690413,-104.262453339,0
			22.598041145,-104.261869836,0
			22.5970512870002,-104.261233177,0
			22.5961673240001,-104.260534705,0
			22.595214033,-104.260257626,0
			22.5935442740002,-104.260471025,0
			22.5921648870001,-104.260683665,0
			22.5901387740001,-104.261259896,0
			22.5888972650001,-104.26154728,0
			22.5880150110002,-104.261627379,0
			22.587395111,-104.261399821,0
			22.5866311860001,-104.261405189,0
			22.586202846,-104.261407473,0
			22.586063849,-104.262002486,0
			22.5862509300001,-104.262608133,0
			22.5866526520002,-104.263346112,0
			22.5864047240001,-104.264056034,0
			22.5871015820002,-104.26497603,0
			22.5876498090001,-104.265633571,0
			22.5880073840002,-104.266410814,0
			22.588054363,-104.267014715,0
			22.5880130430002,-104.267650854,0
			22.5880756160001,-104.268429663,0
			22.5883284970002,-104.268905294,0
			22.5887456560001,-104.269905134,0
			22.5889552500001,-104.270587661,0
			22.5888256290001,-104.271272075,0
			22.5885427550001,-104.272376096,0
			22.587949936,-104.27360235,0
			22.5873756740001,-104.274361491,0
			22.5866355260002,-104.274943618,0
			22.585626011,-104.275282443,0
			22.585024655,-104.275644825,0
			22.584284401,-104.276204627,0
			22.583996273,-104.276787358,0
			22.583706651,-104.277302173,0
			22.5833992670002,-104.277770768,0
			22.583070971,-104.278172742,0
			22.5827322340002,-104.27844739,0
			22.5823882710002,-104.278657662,0
			22.5819881030001,-104.2788348,0
			22.5814467980002,-104.278885147,0
			22.580811424,-104.278808732,0
			22.580411455,-104.27860576,0
			22.5800586710002,-104.278174754,0
			22.5796023870001,-104.277843939,0
			22.579353664,-104.277773033,0
			22.579020225,-104.2778647,0
			22.5785758180002,-104.278016998,0
			22.5779094800001,-104.278320232,0
			22.5772708010001,-104.278593443,0
			22.5766043270002,-104.278866795,0
			22.5758714430001,-104.279443337,0
			22.5751386270001,-104.280133101,0
			22.574277425,-104.280945627,0
			22.5742242600002,-104.280995787,0
			22.5735313510001,-104.28172815,0
			22.572698802,-104.282354075,0
			22.571886686,-104.283108551,0
			22.5709946120001,-104.283777688,0
			22.5698619080002,-104.284019354,0
			22.5686287800001,-104.284025721,0
			22.5678527200002,-104.283943989,0
			22.5669707050001,-104.283994452,0
			22.5659114950001,-104.284323146,0
			22.5655347260001,-104.284728301,0
			22.565040084,-104.285488105,0
			22.5643102010001,-104.286070381,0
			22.5639098920001,-104.286475511,0
			22.56341552,-104.286753888,0
			22.562991778,-104.286981636,0
			22.562473739,-104.287488029,0
			22.56200281,-104.287918438,0
			22.5614612930001,-104.288323459,0
			22.5609432340001,-104.288855178,0
			22.5605430070001,-104.289108269,0
			22.5601428260002,-104.289285348,0
			22.5596486140001,-104.289285001,0
			22.5587632130001,-104.289574263,0
			22.5576420270001,-104.289445807,0
			22.5570192700002,-104.289404243,0
			22.5564376330001,-104.289273067,0
			22.5557312870001,-104.289097814,0
			22.5550251350001,-104.288967269,0
			22.5542360790002,-104.288825165,0
			22.5536477440001,-104.288799419,0
			22.553247668,-104.28879914,0
			22.5529652300001,-104.288849614,0
			22.553171211,-104.289340572,0
			22.5534628410002,-104.289835841,0
			22.5536482590001,-104.290551111,0
			22.5538117900002,-104.291162542,0
			22.5540619300001,-104.291981439,0
			22.5539685930001,-104.292686585,0
			22.5541639170001,-104.293228557,0
			22.5542950550001,-104.293634143,0
			22.5545774500001,-104.294476084,0
			22.5546986150001,-104.295214793,0
			22.5548519430002,-104.295953341,0
			22.5550054010001,-104.296579771,0
			22.555116151,-104.297052678,0
			22.5552662400001,-104.297465466,0
			22.5554776690001,-104.298048356,0
			22.555830316,-104.29860602,0
			22.5560417580001,-104.299163579,0
			22.5565719260001,-104.299890643,0
			22.5569381410001,-104.300610933,0
			22.5574436160001,-104.301240276,0
			22.5577636080001,-104.301797842,0
			22.5580503300001,-104.302408587,0
			22.5580935200001,-104.303006019,0
			22.5581629330001,-104.303428466,0
			22.5581513980001,-104.303880396,0
			22.5581675380001,-104.304492502,0
			22.5581160960002,-104.305105048,0
			22.5578886390001,-104.305689298,0
			22.5574172940001,-104.306380017,0
			22.5571883920001,-104.306703829,0
			22.557013947,-104.306950603,0
			22.5564336,-104.307699112,0
			22.5559082630002,-104.308211948,0
			22.5554649370001,-104.308928399,0
			22.5550471500001,-104.309294917,0
			22.5546564070002,-104.309661198,0
			22.5545097560002,-104.3101576,0
			22.5543600550001,-104.310686179,0
			22.554010469,-104.311183486,0
			22.5532002430001,-104.311522767,0
			22.5521445550002,-104.312024566,0
			22.5512502590001,-104.312394024,0
			22.55034528,-104.312719222,0
			22.5494183520001,-104.312890315,0
			22.5490072690001,-104.312988213,0
			22.5480638840001,-104.313066862,0
			22.5472280200001,-104.313183667,0
			22.5461366930001,-104.310055415,0
			22.5445357390001,-104.310523924,0
			22.542768192,-104.312735523,0
			22.5426714950001,-104.313455799,0
			22.5407272390001,-104.314088657,0
			22.5411660860001,-104.31551155,0
			22.5355163210001,-104.321063293,0
			22.537112183,-104.323114936,0
			22.536431679,-104.323939068,0
			22.5373376440001,-104.325093175,0
			22.5373561330001,-104.325487236,0
			22.5374972450001,-104.325619853,0
			22.5373966570001,-104.325824177,0
			22.533026911,-104.32270477,0
			22.532981046,-104.322703783,0
			22.5326149640001,-104.32231113,0
			22.532469792,-104.322196964,0
			22.5323051440001,-104.321580225,0
			22.5324210800001,-104.320490209,0
			22.5325287600001,-104.319747512,0
			22.5320520180001,-104.318992295,0
			22.5313774720001,-104.318913561,0
			22.5294749940001,-104.319657501,0
			22.526546336,-104.320929726,0
			22.5264169390001,-104.320894764,0
			22.5263507400002,-104.320876876,0
			22.5255887090001,-104.320670994,0
			22.5199803850001,-104.319841749,0
			22.5176633280001,-104.319499166,0
			22.5070954270001,-104.314362848,0
			22.4920167040001,-104.302831329,0
			22.4729890840002,-104.296125812,0
			22.4656579590001,-104.298009184,0
			22.463548777,-104.298550997,0
			22.461701872,-104.299025423,0
			22.4594876070001,-104.301289484,0
			22.4592470670001,-104.301535429,0
			22.458724949,-104.302069268,0
			22.458445543,-104.30235494,0
			22.457288379,-104.303538052,0
			22.4568960200002,-104.303976951,0
			22.4565921110001,-104.304316902,0
			22.4505724520001,-104.311050063,0
			22.4504284040001,-104.310951504,0
			22.450145673,-104.310988334,0
			22.4498284520002,-104.310818382,0
			22.449332858,-104.311467759,0
			22.449299831,-104.311471221,0
			22.4492473010001,-104.311486583,0
			22.4487254790001,-104.312676229,0
			22.4493378420001,-104.313210758,0
			22.448760242,-104.314769709,0
			22.448554847,-104.315097923,0
			22.448151121,-104.315427105,0
			22.4471827350002,-104.315760815,0
			22.446570653,-104.315270481,0
			22.4446952650001,-104.315782231,0
			22.4443207400001,-104.315072524,0
			22.4426470570001,-104.315564374,0
			22.4425951000001,-104.315699384,0
			22.4420460150001,-104.315724432,0
			22.4413027300001,-104.316124361,0
			22.440745168,-104.318241839,0
			22.439200269,-104.317602697,0
			22.438279004,-104.317510926,0
			22.437973578,-104.318336871,0
			22.438102562,-104.319104664,0
			22.4373713410002,-104.319313472,0
			22.4358110280002,-104.319411851,0
			22.435252045,-104.322205079,0
			22.4338659040001,-104.321513952,0
			22.4300942470001,-104.32018806,0
			22.4280144230001,-104.323008849,0
			22.4286331250001,-104.323827257,0
			22.428099952,-104.325330763,0
			22.4284742970002,-104.326364721,0
			22.4289721330002,-104.326084225,0
			22.4293267880001,-104.327483689,0
			22.429130666,-104.327491525,0
			22.4283374740001,-104.328542492,0
			22.4282831390001,-104.329333582,0
			22.4322402980001,-104.32933183,0
			22.4322296720001,-104.330602609,0
			22.4309096720002,-104.330132862,0
			22.4301272730002,-104.331141683,0
			22.4288765260001,-104.330776061,0
			22.4267652670002,-104.329447821,0
			22.4241954930002,-104.330944479,0
			22.424533205,-104.331525178,0
			22.421663424,-104.334160366,0
			22.4240371540001,-104.336978217,0
			22.4221804970001,-104.338212936,0
			22.4202930080001,-104.33571783,0
			22.4202888410001,-104.335758231,0
			22.4196044120002,-104.340816872,0
			22.418618888,-104.340662616,0
			22.4184163520001,-104.342159372,0
			22.4188289380002,-104.342336025,0
			22.4188136430002,-104.342785035,0
			22.4166683510002,-104.343700888,0
			22.4158682040001,-104.344747361,0
			22.4175714720002,-104.344458652,0
			22.4149850510001,-104.345902365,0
			22.4097166420001,-104.348842923,0
			22.410948584,-104.35118102,0
			22.4216586440002,-104.371512211,0
			22.4119171080001,-104.397410314,0
			22.4017979030001,-104.422975391,0
			22.3980482740001,-104.431925817,0
			22.3930856100001,-104.445215359,0
			22.386843192,-104.459244993,0
			22.3865209680002,-104.460307222,0
			22.3855138220002,-104.463627234,0
			22.3820015110001,-104.475203181,0
			22.3762549940001,-104.494135202,0
			22.3763241460001,-104.495389848,0
			22.3759090850002,-104.495537282,0
			22.3754431850001,-104.495656007,0
			22.3749167010001,-104.49585854,0
			22.3745110490001,-104.495932666,0
			22.3735617790001,-104.495792872,0
			22.373509046,-104.495772016,0
			22.3730725630001,-104.495599391,0
			22.3726108870001,-104.495416802,0
			22.3720418990001,-104.494883971,0
			22.3719535060001,-104.494801195,0
			22.3717682400001,-104.493925835,0
			22.3716920260002,-104.49356574,0
			22.3712892840001,-104.493148721,0
			22.3721102280002,-104.491558777,0
			22.3722791070002,-104.491231698,0
			22.372335191,-104.491123075,0
			22.3721515930001,-104.490801637,0
			22.3717631230001,-104.490121523,0
			22.3713207070001,-104.489293239,0
			22.370644676,-104.48859406,0
			22.3704409290002,-104.488482646,0
			22.370039336,-104.488263045,0
			22.3697635700001,-104.488112251,0
			22.3689050840002,-104.487860369,0
			22.3670369840002,-104.488000805,0
			22.367008264,-104.488016713,0
			22.3653796900002,-104.488918795,0
			22.3646166030002,-104.48990025,0
			22.3645236870001,-104.490033056,0
			22.3638224420001,-104.491035348,0
			22.3638170740002,-104.491578554,0
			22.3638051720001,-104.492782319,0
			22.3634791060001,-104.493822714,0
			22.362710597,-104.494800579,0
			22.3617204820001,-104.495052944,0
			22.3605320990001,-104.49499027,0
			22.3600643200002,-104.494608111,0
			22.3598951390001,-104.494009503,0
			22.36009463,-104.493744795,0
			22.3603494840002,-104.49371945,0
			22.360482948,-104.493706176,0
			22.3608452730001,-104.493197546,0
			22.3608074930001,-104.492501826,0
			22.359562985,-104.491697663,0
			22.3589118290001,-104.491257955,0
			22.3584542740002,-104.491200071,0
			22.3579432140002,-104.49113542,0
			22.3575043720001,-104.490985687,0
			22.3567804690002,-104.490327933,0
			22.3561111000001,-104.489554072,0
			22.3552057740002,-104.488829501,0
			22.3540777910002,-104.488173995,0
			22.3531888710002,-104.48733262,0
			22.3527775380002,-104.486490399,0
			22.352435643,-104.485226833,0
			22.352735787,-104.484066428,0
			22.3528394120002,-104.483665789,0
			22.3527959750002,-104.48168353,0
			22.3527283020002,-104.481205943,0
			22.3523128020001,-104.481207338,0
			22.3518177900002,-104.481208999,0
			22.3516169190002,-104.481209672,0
			22.3514093470002,-104.481413715,0
			22.3513692710001,-104.481647227,0
			22.351308283,-104.481938914,0
			22.351246041,-104.482252052,0
			22.3511020920001,-104.482564644,0
			22.350625086,-104.482923744,0
			22.3503358260001,-104.48306965,0
			22.3502411920001,-104.48308253,0
			22.35016949,-104.483250054,0
			22.349972855,-104.483451367,0
			22.3496928320002,-104.483531071,0
			22.3495159580001,-104.483576581,0
			22.3494333200001,-104.483690217,0
			22.3494030250001,-104.483879985,0
			22.3492596670001,-104.484606431,0
			22.3497276810002,-104.48480548,0
			22.3501344950001,-104.485140039,0
			22.3505918230001,-104.485495063,0
			22.3509047580001,-104.485964527,0
			22.3513124620001,-104.486975528,0
			22.3514389310001,-104.487578172,0
			22.3514927520001,-104.488181413,0
			22.3514319440002,-104.488573637,0
			22.3512778640001,-104.489119316,0
			22.3512951990002,-104.489451504,0
			22.3513632740001,-104.489733884,0
			22.3513411930001,-104.490145375,0
			22.351299136,-104.490613105,0
			22.3512330830002,-104.491104789,0
			22.3511088170002,-104.491434333,0
			22.35098766,-104.491796144,0
			22.350971649,-104.492056456,0
			22.3509941770001,-104.492235498,0
			22.3511074090001,-104.492420139,0
			22.351184636,-104.492810059,0
			22.3511862170002,-104.493273724,0
			22.3511704410001,-104.493856144,0
			22.3510283710001,-104.494219515,0
			22.350875882,-104.49444116,0
			22.350759738,-104.494829416,0
			22.3502363960001,-104.496029951,0
			22.3490286560001,-104.497442157,0
			22.347927143,-104.498517639,0
			22.3472228210002,-104.499062745,0
			22.3471216750002,-104.499085251,0
			22.3470026850001,-104.499032268,0
			22.3469217850002,-104.49898195,0
			22.346783984,-104.499025243,0
			22.3466778620001,-104.499130619,0
			22.3464989580001,-104.499301003,0
			22.3463069680002,-104.499494565,0
			22.3461840640001,-104.499626956,0
			22.3461802300002,-104.499807451,0
			22.3461813760001,-104.49996071,0
			22.3461247700002,-104.500148024,0
			22.346063757,-104.500383082,0
			22.3461019860001,-104.500657088,0
			22.3461017330002,-104.500840579,0
			22.3460770630001,-104.501129999,0
			22.3460108610001,-104.501404976,0
			22.345941313,-104.501662321,0
			22.3458752060001,-104.501931443,0
			22.3458362740001,-104.502316247,0
			22.3458169140001,-104.502725818,0
			22.3458222200001,-104.502958214,0
			22.3459310460001,-104.503357503,0
			22.3459814970001,-104.503605387,0
			22.345961946,-104.503858789,0
			22.3459178210001,-104.50406,0
			22.3458730920001,-104.504298289,0
			22.345776377,-104.504606853,0
			22.3457519260001,-104.504938245,0
			22.3457452390002,-104.505182129,0
			22.3456679600001,-104.505411997,0
			22.3455455660001,-104.505624426,0
			22.3453774720002,-104.505855516,0
			22.3451756790001,-104.506037172,0
			22.3450963510001,-104.506113764,0
			22.3450837140001,-104.50622089,0
			22.3450993290002,-104.506377348,0
			22.3451633990002,-104.506513244,0
			22.3454153600001,-104.506708304,0
			22.3456696470001,-104.50692781,0
			22.3459031720001,-104.507195728,0
			22.3460315310001,-104.507398228,0
			22.3460871960001,-104.507604243,0
			22.3461286560002,-104.507790469,0
			22.346215989,-104.507891667,0
			22.3464098770001,-104.50786115,0
			22.3465528200001,-104.50772524,0
			22.346731371,-104.507632944,0
			22.346888067,-104.507712021,0
			22.3470177080002,-104.507779853,0
			22.3471382560001,-104.50784849,0
			22.3472152390001,-104.507971943,0
			22.3473328420001,-104.50805419,0
			22.3476857480001,-104.508685497,0
			22.347995559,-104.508896294,0
			22.348213023,-104.509035079,0
			22.3484276990001,-104.509122082,0
			22.3486101290001,-104.509237759,0
			22.3487537700001,-104.509393702,0
			22.3490453470002,-104.50960904,0
			22.3494718350001,-104.50990305,0
			22.349864902,-104.510297943,0
			22.350011933,-104.510412958,0
			22.3502364650001,-104.510507958,0
			22.3503707870001,-104.510622734,0
			22.3505723590001,-104.510789531,0
			22.3508242340002,-104.51093385,0
			22.3511442650001,-104.511130209,0
			22.3514853180002,-104.511429452,0
			22.3516838670002,-104.511726014,0
			22.35190208,-104.511985856,0
			22.3520951290001,-104.512062697,0
			22.3522320460002,-104.512185334,0
			22.352312226,-104.512279572,0
			22.3524497810001,-104.512418814,0
			22.3526199460001,-104.512451302,0
			22.352845797,-104.512520954,0
			22.3530314570001,-104.512605466,0
			22.35318398,-104.512717661,0
			22.3533613580001,-104.512753213,0
			22.353482112,-104.51286481,0
			22.353708795,-104.513106271,0
			22.3539027510001,-104.513183133,0
			22.354047853,-104.51330495,0
			22.3540383490001,-104.513498038,0
			22.3540786230001,-104.513645212,0
			22.3541430860002,-104.513868,0
			22.3542329960001,-104.514033679,0
			22.354354196,-104.514284869,0
			22.3546124700001,-104.514482029,0
			22.355080495,-104.514845177,0
			22.3554445520001,-104.515180988,0
			22.3562191300002,-104.515620203,0
			22.3564818130001,-104.515769621,0
			22.3566186480002,-104.515952784,0
			22.3567728240001,-104.516297332,0
			22.3568626500001,-104.516523534,0
			22.356951474,-104.516644296,0
			22.3570563170001,-104.516729244,0
			22.3571141840001,-104.516910918,0
			22.357169249,-104.517041781,0
			22.357330813,-104.517100468,0
			22.3577585800002,-104.517204201,0
			22.3581048,-104.517186331,0
			22.3584546830001,-104.517222218,0
			22.3586163420001,-104.51738633,0
			22.359376449,-104.518266508,0
			22.3595299390001,-104.518374828,0
			22.3598490210001,-104.518573152,0
			22.360018817,-104.518683734,0
			22.3601540920001,-104.518684336,0
			22.3602846060001,-104.518642874,0
			22.3604726530001,-104.518636663,0
			22.3606039460001,-104.518658665,0
			22.3606366520001,-104.518768611,0
			22.3606470000001,-104.518913276,0
			22.3606237940001,-104.519166635,0
			22.3606032030001,-104.519871023,0
			22.3605860410001,-104.520309964,0
			22.360563084,-104.52065899,0
			22.3604753610002,-104.521081955,0
			22.3604478000001,-104.521434798,0
			22.3603802450001,-104.521568229,0
			22.360413759,-104.521739688,0
			22.3604653460001,-104.521916369,0
			22.360475337,-104.522138143,0
			22.360446972,-104.522262553,0
			22.3603782750001,-104.522632189,0
			22.3604068980001,-104.52282503,0
			22.3605204160001,-104.522934553,0
			22.360618404,-104.52310528,0
			22.3606608920002,-104.523394047,0
			22.3606896260001,-104.523580058,0
			22.3607285290001,-104.523865829,0
			22.3608045290001,-104.524270416,0
			22.360931588,-104.524551022,0
			22.3610497990001,-104.524706515,0
			22.3610091290001,-104.524972234,0
			22.3610753410001,-104.525253642,0
			22.3611847800001,-104.525612009,0
			22.3612639500001,-104.525933685,0
			22.3613461580002,-104.526291537,0
			22.361387276,-104.526718894,0
			22.3613951570001,-104.526958201,0
			22.3614432160001,-104.527183626,0
			22.361546086,-104.527388615,0
			22.3617018360001,-104.527635605,0
			22.3619119660001,-104.527888506,0
			22.3622450640001,-104.528504918,0
			22.3625020390002,-104.528780185,0
			22.362733236,-104.529021776,0
			22.3628818280001,-104.529151495,0
			22.362983537,-104.529316442,0
			22.3631396570001,-104.529485351,0
			22.3633022700002,-104.529701239,0
			22.3634786470001,-104.529852961,0
			22.3636476350001,-104.530012353,0
			22.3637930020001,-104.530227916,0
			22.3639153510001,-104.530518207,0
			22.3639159910001,-104.53081107,0
			22.3638164140001,-104.531014177,0
			22.363708316,-104.531238597,0
			22.363627991,-104.531430354,0
			22.3635277670001,-104.531728135,0
			22.3634877260001,-104.531954822,0
			22.3635625750002,-104.532207118,0
			22.3636915180001,-104.532593201,0
			22.3638619690001,-104.532884407,0
			22.3639980570001,-104.533167153,0
			22.3640796670001,-104.53344984,0
			22.364087984,-104.533827777,0
			22.364067909,-104.534054844,0
			22.3640276150001,-104.534241503,0
			22.364022193,-104.534571346,0
			22.3641314760001,-104.534993177,0
			22.3642264550001,-104.535180455,0
			22.3645995400001,-104.535682468,0
			22.3648027970001,-104.535910853,0
			22.3650672930002,-104.536169688,0
			22.3652566770002,-104.536303121,0
			22.365623122,-104.536656635,0
			22.366154199,-104.537047448,0
			22.3670256380001,-104.537776645,0
			22.367291014,-104.537871505,0
			22.367719619,-104.537923589,0
			22.3682428870002,-104.538126834,0
			22.3691507250002,-104.538409639,0
			22.36998321,-104.538691989,0
			22.370223894,-104.538852765,0
			22.3704384410001,-104.539056974,0
			22.3705774570001,-104.539271461,0
			22.3708486890001,-104.5393967,0
			22.3713921810001,-104.539584721,0
			22.37173302,-104.539893842,0
			22.3719874010002,-104.540435613,0
			22.3725183100001,-104.541221832,0
			22.372619634,-104.541519562,0
			22.372759552,-104.541844386,0
			22.3731634410001,-104.542184005,0
			22.373662509,-104.542698235,0
			22.3742310150002,-104.543241129,0
			22.3746372400001,-104.543769216,0
			22.3748598540001,-104.544144438,0
			22.3750886230001,-104.54464181,0
			22.3752420750002,-104.545191441,0
			22.3753822550001,-104.545774989,0
			22.375471899,-104.546064696,0
			22.3755613490001,-104.546366114,0
			22.3757051830002,-104.546728124,0
			22.375932752,-104.547132736,0
			22.3761628080001,-104.547441723,0
			22.3762934350002,-104.547668759,0
			22.3764854720001,-104.547860846,0
			22.3766222760001,-104.547933751,0
			22.3767388540001,-104.54802189,0
			22.3769239870001,-104.548027379,0
			22.3770873400002,-104.548087123,0
			22.377210953,-104.548189065,0
			22.3773616580002,-104.548189992,0
			22.3778128210001,-104.548415345,0
			22.37828575,-104.548642091,0
			22.3788054310002,-104.548951741,0
			22.3790370890001,-104.549053797,0
			22.379175027,-104.549113057,0
			22.3793174990001,-104.549117733,0
			22.3794479940001,-104.549132919,0
			22.379694122,-104.549183509,0
			22.3800501710001,-104.54917567,0
			22.380874045,-104.549208991,0
			22.3813057130001,-104.549295346,0
			22.3814431830001,-104.549382912,0
			22.3816084600002,-104.54938119,0
			22.381732359,-104.549410895,0
			22.3818699620001,-104.549545326,0
			22.3823519430001,-104.549883556,0
			22.3831088180002,-104.550234856,0
			22.3836862300001,-104.55029276,0
			22.384030548,-104.550335469,0
			22.3841670000001,-104.550484526,0
			22.3844430110001,-104.550704596,0
			22.3847736370001,-104.550806599,0
			22.385241518,-104.550954187,0
			22.3856210380002,-104.550954612,0
			22.3860471900001,-104.550715751,0
			22.3864452490001,-104.550418747,0
			22.3868841180001,-104.550344151,0
			22.387448658,-104.5503569,0
			22.3880815590001,-104.550518385,0
			22.3882493530001,-104.550648055,0
			22.388576427,-104.550900817,0
			22.3888665960001,-104.551252973,0
			22.3889081130001,-104.551652121,0
			22.3887447010001,-104.551839572,0
			22.388539753,-104.552074668,0
			22.388467345,-104.552280269,0
			22.388344871,-104.55282273,0
			22.3881191410002,-104.553240192,0
			22.38803218,-104.553502142,0
			22.3875784240001,-104.554201305,0
			22.3872849300002,-104.554379236,0
			22.3870526760002,-104.554696981,0
			22.3868637880001,-104.555246948,0
			22.3868037030001,-104.555694914,0
			22.3866229380001,-104.555918937,0
			22.3863556330001,-104.556050501,0
			22.386139058,-104.55613422,0
			22.3858809770001,-104.556311848,0
			22.385751203,-104.556527083,0
			22.3856573990001,-104.556927534,0
			22.385753347,-104.557383369,0
			22.3860661930001,-104.557735967,0
			22.386395469,-104.557864325,0
			22.3869048670001,-104.557862379,0
			22.3871647350001,-104.55779609,0
			22.387669528,-104.55768861,0
			22.3885479160001,-104.557993481,0
			22.3891926060001,-104.557991202,0
			22.3900518620001,-104.557971558,0
			22.3908388140001,-104.557986653,0
			22.3913436770002,-104.558203329,0
			22.3914073830001,-104.558244945,0
			22.391451465,-104.558273743,0
			22.3916018000001,-104.558406485,0
			22.3919572830001,-104.558432832,0
			22.392296899,-104.558485238,0
			22.3929392880002,-104.558512208,0
			22.3933285840002,-104.558634891,0
			22.3934389320001,-104.55871512,0
			22.3935620380001,-104.558956697,0
			22.393885192,-104.55956338,0
			22.3943730860001,-104.560309925,0
			22.3945739090001,-104.560628181,0
			22.3947785730002,-104.56087914,0
			22.3948812530001,-104.561366383,0
			22.3949194690001,-104.561853365,0
			22.394956516,-104.562519983,0
			22.394976405,-104.563563162,0
			22.3951776390002,-104.56407476,0
			22.3951279660002,-104.564495611,0
			22.3950396350001,-104.56494794,0
			22.3951424850001,-104.565260414,0
			22.3952770040001,-104.565634036,0
			22.3950713700002,-104.566042122,0
			22.3949781080001,-104.566463109,0
			22.3949157120001,-104.566685982,0
			22.3948728850002,-104.566838951,0
			22.3947469980001,-104.567147024,0
			22.3947054190002,-104.567626612,0
			22.3945704410002,-104.5682079,0
			22.3944868350002,-104.568593921,0
			22.3944241230001,-104.568924688,0
			22.3942565,-104.569448714,0
			22.3940877000001,-104.570097694,0
			22.394009726,-104.570799196,0
			22.3940219520002,-104.571209518,0
			22.3939799850002,-104.571493816,0
			22.3939383190001,-104.571868925,0
			22.3940135790001,-104.572256053,0
			22.3941203950001,-104.572656483,0
			22.3943226130001,-104.573052896,0
			22.3945035660001,-104.573417656,0
			22.3947692470001,-104.573710821,0
			22.3948851590001,-104.573838038,0
			22.3949065270001,-104.573972218,0
			22.3948542540001,-104.574166489,0
			22.3947808930002,-104.574373047,0
			22.3947600290001,-104.574589405,0
			22.3948663050002,-104.574804313,0
			22.3951321800002,-104.575248828,0
			22.3954251900001,-104.575645049,0
			22.3958027060001,-104.576091725,0
			22.3963468130001,-104.576675391,0
			22.396785548,-104.577098846,0
			22.3970152130001,-104.577482135,0
			22.397205537,-104.577883216,0
			22.3974553420001,-104.578310836,0
			22.397728122,-104.578667623,0
			22.3978961400001,-104.57893646,0
			22.3980631710002,-104.579318543,0
			22.398335602,-104.579587449,0
			22.3986275030001,-104.579832321,0
			22.398899525,-104.580125631,0
			22.3990677130001,-104.580438415,0
			22.3993196720001,-104.580953967,0
			22.3995917410002,-104.581244352,0
			22.3999459680001,-104.581671079,0
			22.400447678,-104.582074299,0
			22.4008861830001,-104.582185317,0
			22.4014036870001,-104.582300128,0
			22.4014986000001,-104.582321186,0
			22.4018554640001,-104.582536081,0
			22.40273869,-104.583145899,0
			22.4033287180002,-104.583425857,0
			22.403551801,-104.583496579,0
			22.4037630510001,-104.583569025,0
			22.404053637,-104.583566843,0
			22.4045996460002,-104.583385057,0
			22.4050237660001,-104.58332492,0
			22.4054467980001,-104.583383893,0
			22.405838153,-104.583599466,0
			22.4060730680001,-104.583776856,0
			22.4062192690001,-104.583992563,0
			22.4063534880001,-104.58454395,0
			22.4063983720001,-104.584845578,0
			22.406400397,-104.585158094,0
			22.4063426390001,-104.585407931,0
			22.4063014400001,-104.585590712,0
			22.4062578990001,-104.586021475,0
			22.4062246130001,-104.58638213,0
			22.4062707200001,-104.586610546,0
			22.4064824820002,-104.586814834,0
			22.4067614460001,-104.586910083,0
			22.4071261030001,-104.586822438,0
			22.4072166990001,-104.586780253,0
			22.4073923640001,-104.586700659,0
			22.4077613160001,-104.586519352,0
			22.4080393910001,-104.586505216,0
			22.4083522430001,-104.586528862,0
			22.4086307980001,-104.586648516,0
			22.408965573,-104.586718484,0
			22.4093560760001,-104.586768049,0
			22.409611957,-104.586777896,0
			22.4098688210001,-104.586729171,0
			22.410169979,-104.58680044,0
			22.410482738,-104.586992046,0
			22.4107579880001,-104.587200502,0
			22.4110050730002,-104.587464075,0
			22.4114173480001,-104.587677146,0
			22.411774992,-104.587845214,0
			22.4120994610001,-104.587988226,0
			22.4123664250002,-104.588203362,0
			22.4126544020002,-104.588469686,0
			22.4126100070001,-104.58890803,0
			22.4123883070001,-104.589442098,0
			22.4121362190002,-104.589692985,0
			22.4120587370002,-104.58998151,0
			22.4119782540001,-104.590448681,0
			22.4119569240002,-104.590529318,0
			22.4119942930001,-104.590737068,0
			22.4120673780001,-104.590980668,0
			22.4121512290001,-104.591123894,0
			22.412192545,-104.591204773,0
			22.4122193000002,-104.591395717,0
			22.4122159700001,-104.591593888,0
			22.4121420380002,-104.591941072,0
			22.4120323340002,-104.59236373,0
			22.4119762380001,-104.592514002,0
			22.4119084190002,-104.592605454,0
			22.4118555660001,-104.59267083,0
			22.4118292490002,-104.592724027,0
			22.411825677,-104.592828446,0
			22.411871322,-104.592975813,0
			22.4119548380002,-104.593084856,0
			22.4120983420001,-104.593190182,0
			22.412257884,-104.593259689,0
			22.412397748,-104.593257527,0
			22.4125150360002,-104.593085985,0
			22.4126966530002,-104.593084635,0
			22.4129863740001,-104.593187923,0
			22.413350356,-104.593248711,0
			22.4138722770001,-104.593366282,0
			22.4141159040001,-104.593456957,0
			22.4144026700002,-104.593735968,0
			22.4147277230002,-104.59400596,0
			22.4149722740001,-104.594095678,0
			22.4151995530001,-104.594078616,0
			22.4155692900001,-104.593905146,0
			22.4167253840002,-104.593353074,0
			22.4173854770002,-104.59337921,0
			22.4175183080001,-104.593189028,0
			22.4179716030002,-104.593051623,0
			22.4185623430002,-104.592964336,0
			22.4193191840002,-104.593042533,0
			22.419983803,-104.593097452,0
			22.4205178530001,-104.593195732,0
			22.4207792400001,-104.593310195,0
			22.4209984970001,-104.5934463,0
			22.4212945,-104.593662026,0
			22.421555509,-104.593798945,0
			22.4217658520001,-104.593925112,0
			22.421934891,-104.594077821,0
			22.4220948590001,-104.594121951,0
			22.4222965650001,-104.59416787,0
			22.4225326230001,-104.594330673,0
			22.4227179990002,-104.594483702,0
			22.4228103070001,-104.594555814,0
			22.422979664,-104.594581572,0
			22.4231305520001,-104.594571812,0
			22.4232820420002,-104.594472216,0
			22.4235577640001,-104.594490131,0
			22.4237179480002,-104.594413485,0
			22.4239439460001,-104.594364705,0
			22.4242314010001,-104.59417089,0
			22.4244242520002,-104.593825458,0
			22.4247650990001,-104.593534219,0
			22.4250423450001,-104.593461482,0
			22.4253285090001,-104.593452399,0
			22.4256060440001,-104.593470494,0
			22.4258090070001,-104.593549643,0
			22.4259432210002,-104.593667496,0
			22.4261202410001,-104.593939514,0
			22.4262226760001,-104.594327278,0
			22.426282545,-104.594870475,0
			22.4263767720001,-104.595206319,0
			22.4265032840001,-104.595404109,0
			22.4266046560001,-104.595531092,0
			22.426714493,-104.59564066,0
			22.4269322530001,-104.595649783,0
			22.427218741,-104.595567463,0
			22.4276375040001,-104.595502367,0
			22.4281570880001,-104.595650951,0
			22.4285905300001,-104.595522874,0
			22.4290627090002,-104.595844597,0
			22.4296298130002,-104.596136917,0
			22.4301752340001,-104.596476674,0
			22.430629751,-104.596768759,0
			22.431083976,-104.597132138,0
			22.431152908,-104.597621816,0
			22.4312679720001,-104.598229595,0
			22.4314500690002,-104.598523216,0
			22.431722913,-104.598765866,0
			22.4320179900002,-104.598766735,0
			22.43226722,-104.598470776,0
			22.4326729490001,-104.597885838,0
			22.433057951,-104.597614985,0
			22.4333977080001,-104.597442871,0
			22.4338723980001,-104.597076094,0
			22.4342358230001,-104.59695425,0
			22.434643534,-104.596952426,0
			22.435210634,-104.596975193,0
			22.435732506,-104.597095727,0
			22.4361629940001,-104.597143182,0
			22.4367553450001,-104.597176209,0
			22.4370032630001,-104.597281641,0
			22.437186098,-104.597477616,0
			22.4374661240001,-104.597725298,0
			22.4377154160002,-104.597910849,0
			22.4381454330001,-104.598363638,0
			22.4385099300002,-104.598771199,0
			22.4386882980002,-104.599098874,0
			22.438589836,-104.599401452,0
			22.4384803350001,-104.599671874,0
			22.4383902490001,-104.599889169,0
			22.4384281810001,-104.600202461,0
			22.4384681260001,-104.600396245,0
			22.438616691,-104.600738183,0
			22.438925034,-104.601123115,0
			22.4391683700001,-104.601509112,0
			22.4394693130001,-104.601700564,0
			22.4398184120001,-104.601890027,0
			22.4399808070001,-104.602005521,0
			22.440131438,-104.602172553,0
			22.4402981240002,-104.602302783,0
			22.4405544710002,-104.602392763,0
			22.4408051880002,-104.602385937,0
			22.4410102060001,-104.602343055,0
			22.4414659400001,-104.602293347,0
			22.4417624540002,-104.602316717,0
			22.4419944920002,-104.602394503,0
			22.4422731500001,-104.602453664,0
			22.4425408010002,-104.602519448,0
			22.4428018040002,-104.602656406,0
			22.4430912260001,-104.602831036,0
			22.4433206760001,-104.603062125,0
			22.4435213130001,-104.603332699,0
			22.4436891250002,-104.603611423,0
			22.443789882,-104.603828279,0
			22.4438839870001,-104.604008865,0
			22.4440850500001,-104.604200332,0
			22.4443795030001,-104.604345762,0
			22.4446196750001,-104.604371944,0
			22.4448599630001,-104.604445012,0
			22.444967435,-104.604586791,0
			22.4450700900001,-104.604906248,0
			22.4451913120002,-104.605309094,0
			22.4454578900001,-104.605438355,0
			22.4457384780002,-104.605437002,0
			22.4459928410001,-104.605321829,0
			22.446339605,-104.605219207,0
			22.446686717,-104.605203525,0
			22.4471138520001,-104.605073168,0
			22.4476072110002,-104.604784888,0
			22.448140719,-104.604323521,0
			22.448460467,-104.604207668,0
			22.4487806610001,-104.604119174,0
			22.4494050170001,-104.60365469,0
			22.4496715440001,-104.603625708,0
			22.4499255290001,-104.603640437,0
			22.4501256650001,-104.603725421,0
			22.450301068,-104.603984772,0
			22.4504479830002,-104.604156631,0
			22.4506488810001,-104.604357872,0
			22.4508756360001,-104.604372071,0
			22.451356291,-104.604298432,0
			22.4518238580001,-104.604139554,0
			22.4524112510001,-104.603820861,0
			22.4532908530001,-104.603027272,0
			22.453490571,-104.60286804,0
			22.4536911320002,-104.602766458,0
			22.453890904,-104.602765475,0
			22.4540645190001,-104.602807939,0
			22.4543180430001,-104.602850009,0
			22.454531973,-104.60276334,0
			22.4547060760002,-104.602561602,0
			22.4551300650002,-104.602186957,0
			22.4554370730002,-104.602126524,0
			22.4557175810001,-104.602183773,0
			22.456038537,-104.60221153,0
			22.4564517820002,-104.602312399,0
			22.4568802120001,-104.602481945,0
			22.4574548590001,-104.602595736,0
			22.4578700000001,-104.602638032,0
			22.458109828,-104.602738448,0
			22.458404381,-104.602824303,0
			22.4587645190001,-104.602951492,0
			22.4591125390002,-104.60293582,0
			22.4595934730002,-104.602791841,0
			22.4598967380001,-104.602715165,0
			22.4605080770002,-104.602560595,0
			22.4605148120001,-104.602591987,0
			22.4634193960001,-104.638359659,0
			22.4624020240001,-104.651982036,0
			22.4621546590001,-104.655291729,0
			22.4625688140001,-104.655272586,0
			22.4981187400002,-104.65362898,0
			22.498745511,-104.653614101,0
			22.4989779290001,-104.653721333,0
			22.4991286050001,-104.653829869,0
			22.4993794970001,-104.653971671,0
			22.4995459400001,-104.654113745,0
			22.4996966320002,-104.654168537,0
			22.4998773950001,-104.65416432,0
			22.499999932,-104.654166761,0
			22.523406299,-104.654584201,0
			22.5236108140002,-104.654571661,0
			22.523824202,-104.654307139,0
			22.5239370370001,-104.653923331,0
			22.5242417640001,-104.653680174,0
			22.5248746070002,-104.653787584,0
			22.5253240820002,-104.654050653,0
			22.5256005620001,-104.654710999,0
			22.526040859,-104.65540198,0
			22.526500535,-104.655652554,0
			22.5269496380002,-104.655620457,0
			22.5271934020001,-104.655332101,0
			22.5274699770001,-104.655300473,0
			22.5279640780001,-104.65534453,0
			22.5281485400001,-104.65575871,0
			22.5285073950002,-104.655641735,0
			22.5287562690002,-104.655267467,0
			22.5292578830001,-104.655297013,0
			22.5296182020002,-104.655675607,0
			22.529748673,-104.656008569,0
			22.5299363110001,-104.65629087,0
			22.5302822730001,-104.656395509,0
			22.5307042460001,-104.656462567,0
			22.5309854280001,-104.656321563,0
			22.531157738,-104.656175454,0
			22.5314092850001,-104.656068067,0
			22.5316247600001,-104.655999057,0
			22.5319043100001,-104.656058389,0
			22.5322013250001,-104.656210923,0
			22.5324468880001,-104.656240255,0
			22.5327151430002,-104.656270039,0
			22.5328296280001,-104.656423823,0
			22.532906747,-104.656532877,0
			22.533080519,-104.656565665,0
			22.5331701270002,-104.656687676,0
			22.5332182840002,-104.656791266,0
			22.5333557320001,-104.656771526,0
			22.5334750600001,-104.656591127,0
			22.5334983250002,-104.656347234,0
			22.5335402820002,-104.655966873,0
			22.5336584490001,-104.655695549,0
			22.5338796230001,-104.655611989,0
			22.534189278,-104.655610342,0
			22.534465417,-104.655868025,0
			22.5346808910001,-104.655957358,0
			22.5352522790001,-104.656470178,0
			22.5354933320001,-104.657078067,0
			22.5357545610001,-104.657146812,0
			22.5360913150001,-104.656889618,0
			22.5362648370001,-104.656514806,0
			22.5364046730001,-104.656092404,0
			22.5367850450001,-104.655938708,0
			22.5370587960001,-104.656229583,0
			22.5372555110001,-104.65651208,0
			22.5376687780001,-104.656451899,0
			22.53809282,-104.656345992,0
			22.5386918590002,-104.656623809,0
			22.5390211980001,-104.656691957,0
			22.5393978890001,-104.656593903,0
			22.539613719,-104.656293235,0
			22.5398621410002,-104.655892537,0
			22.540069716,-104.655754941,0
			22.540334895,-104.655857976,0
			22.5405612280002,-104.65616062,0
			22.5409302860002,-104.656453404,0
			22.5413154650001,-104.656495297,0
			22.541670567,-104.657176846,0
			22.5417833310001,-104.657799801,0
			22.5419670950001,-104.658412444,0
			22.5422711080001,-104.659002075,0
			22.5427984210001,-104.659173888,0
			22.543426679,-104.659020254,0
			22.5440130700002,-104.65871427,0
			22.5444583400001,-104.658799403,0
			22.5451477920001,-104.658994005,0
			22.5456742340001,-104.659058277,0
			22.5460389860001,-104.659231737,0
			22.5462026780002,-104.659691508,0
			22.5465668560001,-104.659950981,0
			22.5467500730001,-104.660015246,0
			22.5467912870001,-104.660627023,0
			22.5468184280001,-104.660798576,0
			22.5468207640001,-104.660813342,0
			22.5469887480002,-104.660971147,0
			22.54703024,-104.661250572,0
			22.5469165480001,-104.661577727,0
			22.547147021,-104.661902962,0
			22.5471381520001,-104.66215401,0
			22.547269081,-104.662459661,0
			22.5473622240002,-104.662745007,0
			22.547708056,-104.663067663,0
			22.5482129640002,-104.663116859,0
			22.5485438800001,-104.663198746,0
			22.5487653230002,-104.663520874,0
			22.5492693830001,-104.663724507,0
			22.5495075740002,-104.66360219,0
			22.5497672370001,-104.663340511,0
			22.5501243280001,-104.663010396,0
			22.5504169600001,-104.662574392,0
			22.550675074,-104.662349826,0
			22.5510156520001,-104.662503267,0
			22.551212686,-104.662924624,0
			22.5514448340001,-104.663310514,0
			22.5517679320002,-104.663424506,0
			22.552160411,-104.66367479,0
			22.5525373010001,-104.66403914,0
			22.5530921530001,-104.664614298,0
			22.5537535700001,-104.664959906,0
			22.5539920130001,-104.665138686,0
			22.554180225,-104.665386847,0
			22.5544646590001,-104.665531356,0
			22.5547775730001,-104.665604094,0
			22.554995492,-104.665761936,0
			22.5550331320002,-104.665948431,0
			22.5553759880001,-104.666180139,0
			22.5557404500001,-104.666317455,0
			22.55619097,-104.66651906,0
			22.5566442670001,-104.666664999,0
			22.5566695130001,-104.66667528,0
			22.5572354180001,-104.666767751,0
			22.5575286430001,-104.666666086,0
			22.557742359,-104.666594111,0
			22.558205851,-104.666622943,0
			22.5587190470001,-104.666665478,0
			22.5587571360001,-104.666668196,0
			22.559322966,-104.666870161,0
			22.5596423060001,-104.667306708,0
			22.5599912100001,-104.667556147,0
			22.560223052,-104.667854078,0
			22.5605858530001,-104.667929779,0
			22.5610788550001,-104.667617036,0
			22.561475473,-104.667522328,0
			22.5620094150001,-104.667520312,0
			22.5625451970001,-104.667621964,0
			22.5631756620001,-104.668182074,0
			22.5636519530001,-104.668731279,0
			22.5640085660001,-104.669217476,0
			22.5644361080001,-104.669382469,0
			22.5648639450001,-104.669635459,0
			22.5652617320001,-104.669998324,0
			22.5650223900001,-104.67050191,0
			22.5644586410001,-104.671072313,0
			22.5640548740002,-104.671685026,0
			22.5640396350001,-104.671935978,0
			22.5641607530002,-104.672177933,0
			22.5641245400001,-104.672538939,0
			22.563889746,-104.672884228,0
			22.5636443520002,-104.673159889,0
			22.5632956150002,-104.673583056,0
			22.5632547680001,-104.674159049,0
			22.562720507,-104.674441615,0
			22.5623260670001,-104.67482964,0
			22.5619418650001,-104.675203204,0
			22.561724955,-104.675511691,0
			22.5614232760001,-104.675943612,0
			22.561242566,-104.676416089,0
			22.5612249810001,-104.676801902,0
			22.56113322,-104.677171558,0
			22.5608925830001,-104.677748413,0
			22.560565055,-104.678570858,0
			22.5601255200002,-104.679202364,0
			22.5598333920001,-104.67976351,0
			22.5596137330002,-104.680282119,0
			22.5593288200001,-104.680584337,0
			22.5590962390002,-104.680957994,0
			22.558939078,-104.681642097,0
			22.5587620270001,-104.682530119,0
			22.5585306020002,-104.683463969,0
			22.5582756010001,-104.684238967,0
			22.558087943,-104.684691731,0
			22.5580395890001,-104.685018256,0
			22.5578882980001,-104.685416027,0
			22.5577880920002,-104.685800163,0
			22.5581859360001,-104.686783844,0
			22.5586076150001,-104.687493301,0
			22.5585926140001,-104.688250651,0
			22.5584661350001,-104.688683138,0
			22.558370747,-104.689363588,0
			22.5583886720001,-104.6897941,0
			22.5581734000001,-104.690163202,0
			22.5577666370001,-104.690682896,0
			22.5576797190002,-104.691189497,0
			22.557719284,-104.691784684,0
			22.5576217550002,-104.692222638,0
			22.557451917,-104.692849763,0
			22.5572671620001,-104.693290839,0
			22.557057247,-104.693716741,0
			22.5569323120001,-104.694163913,0
			22.55679379,-104.694557041,0
			22.556626276,-104.694998461,0
			22.5565564110001,-104.696191678,0
			22.5565517670001,-104.696717535,0
			22.5563564560001,-104.697554317,0
			22.5562403310001,-104.698379993,0
			22.5558866140001,-104.69929177,0
			22.555709241,-104.699776974,0
			22.555823654,-104.700036401,0
			22.555564072,-104.700497453,0
			22.5552638620001,-104.700841344,0
			22.5550015890001,-104.701300383,0
			22.5549664060001,-104.701702437,0
			22.5551153930001,-104.701957678,0
			22.5551157600001,-104.702299843,0
			22.5549709500002,-104.702687942,0
			22.554916787,-104.703084723,0
			22.5548950630002,-104.703651285,0
			22.554995412,-104.704298533,0
			22.5554821900002,-104.704604628,0
			22.5559295440001,-104.705036034,0
			22.5560220780001,-104.705299911,0
			22.555985445,-104.705939494,0
			22.5557855130002,-104.706570872,0
			22.555423465,-104.706763922,0
			22.5549853410002,-104.707204711,0
			22.554901042,-104.707610654,0
			22.554870726,-104.707786004,0
			22.5547352870001,-104.708208503,0
			22.5546243170002,-104.708737078,0
			22.5547719010002,-104.709175107,0
			22.5551223970002,-104.709485291,0
			22.5555081410001,-104.709649553,0
			22.555828326,-104.709876027,0
			22.5561664360001,-104.710271013,0
			22.5563867730002,-104.710495458,0
			22.5565858460002,-104.711051856,0
			22.556527185,-104.711651889,0
			22.556419089,-104.712378003,0
			22.5563606670001,-104.712860727,0
			22.556183741,-104.713834726,0
			22.5561568890001,-104.714122571,0
			22.5559712030001,-104.714509828,0
			22.5559487970002,-104.715164364,0
			22.5564875640001,-104.715507732,0
			22.5579630040001,-104.71618304,0
			22.5588890400002,-104.716551913,0
			22.5595491080001,-104.716658251,0
			22.5602825300002,-104.716724047,0
			22.5609621720001,-104.716853271,0
			22.5614124030001,-104.71706776,0
			22.5617379500002,-104.717350097,0
			22.5620430120002,-104.71786763,0
			22.5627566850002,-104.71859099,0
			22.5634062430001,-104.718623802,0
			22.5638258380001,-104.718360578,0
			22.564356665,-104.717916799,0
			22.5648181380001,-104.717802052,0
			22.5656509770002,-104.718513195,0
			22.5664865850001,-104.718654416,0
			22.5671343830002,-104.718838734,0
			22.568686088,-104.719359259,0
			22.569045219,-104.719796779,0
			22.5688028110002,-104.720207349,0
			22.5684231900001,-104.720417621,0
			22.5679999380001,-104.720733569,0
			22.5674636770001,-104.721485209,0
			22.5672083740002,-104.721854445,0
			22.5671171250002,-104.722497852,0
			22.5669725510001,-104.723230114,0
			22.5668240290001,-104.72325934,0
			22.5662737660001,-104.723259821,0
			22.5654089200002,-104.723335016,0
			22.564684949,-104.723608624,0
			22.563741504,-104.724330397,0
			22.5629870820001,-104.725145971,0
			22.5626648200001,-104.725141332,0
			22.5619610620001,-104.725092715,0
			22.561520971,-104.725230357,0
			22.5612440240001,-104.725899263,0
			22.5608137580001,-104.726457487,0
			22.5603998660001,-104.727116739,0
			22.5600243160001,-104.727301643,0
			22.55934296,-104.727732512,0
			22.5589371930001,-104.728188573,0
			22.5587433930001,-104.728776065,0
			22.5586631280001,-104.729310158,0
			22.5585907870001,-104.729755449,0
			22.558493619,-104.730474942,0
			22.5584710590001,-104.730826424,0
			22.5585518090001,-104.731753887,0
			22.5584582720001,-104.732318989,0
			22.5582353100001,-104.733373178,0
			22.5584616570001,-104.734179473,0
			22.558527559,-104.73481628,0
			22.558379949,-104.735357784,0
			22.5579496880001,-104.736067497,0
			22.5580956630001,-104.737053004,0
			22.5588685700001,-104.738271366,0
			22.5593205920002,-104.739099912,0
			22.5599473110001,-104.740317245,0
			22.5610362850001,-104.740813806,0
			22.5613076970002,-104.741125394,0
			22.5615356920001,-104.741887761,0
			22.562198058,-104.742988544,0
			22.5627475690001,-104.744307963,0
			22.5634804630002,-104.745730895,0
			22.5635038850002,-104.747119655,0
			22.5638258880001,-104.747700185,0
			22.564294447,-104.748617126,0
			22.564887479,-104.749274628,0
			22.5651475250001,-104.7498666,0
			22.5652208510001,-104.750134041,0
			22.5651286250001,-104.750672789,0
			22.565107773,-104.751231588,0
			22.5650255800001,-104.751767609,0
			22.5651786550002,-104.752502072,0
			22.5655350650002,-104.753239762,0
			22.565880845,-104.754165928,0
			22.5661026530001,-104.755118865,0
			22.5665833720001,-104.756267811,0
			22.5670880650001,-104.757192395,0
			22.567603978,-104.757641081,0
			22.568058654,-104.758315329,0
			22.5685140590001,-104.759253574,0
			22.5687183680001,-104.759812163,0
			22.5691566330001,-104.76013411,0
			22.569279653,-104.760516009,0
			22.569559756,-104.760694869,0
			22.5698116840001,-104.760976783,0
			22.5698493290001,-104.761258166,0
			22.570083452,-104.761520158,0
			22.570809691,-104.76193608,0
			22.5720042230001,-104.76231479,0
			22.5733985370001,-104.76304768,0
			22.5745919530001,-104.763336431,0
			22.5751191880001,-104.763506744,0
			22.5757049910002,-104.763499345,0
			22.576238228,-104.763740183,0
			22.5766604620001,-104.764044228,0
			22.5769888900001,-104.764363929,0
			22.5772732560002,-104.764760937,0
			22.577493121,-104.765210385,0
			22.5778561900001,-104.765623698,0
			22.578011335,-104.765934917,0
			22.5784592810002,-104.766172042,0
			22.5788068680001,-104.766233039,0
			22.579353155,-104.766505454,0
			22.5797261590002,-104.766516136,0
			22.5799419890001,-104.766633065,0
			22.580235271,-104.766988227,0
			22.5804824030001,-104.767030518,0
			22.5808527690002,-104.767087103,0
			22.5811370320001,-104.767337458,0
			22.5813898380001,-104.767562715,0
			22.581361386,-104.767787017,0
			22.5816906300001,-104.768158452,0
			22.5815632530001,-104.768482514,0
			22.581549339,-104.769005345,0
			22.5818497980001,-104.769263865,0
			22.5822045390001,-104.769786543,0
			22.5825013670001,-104.770247395,0
			22.5824796550001,-104.770647842,0
			22.5824366040002,-104.77132652,0
			22.5822336190002,-104.771860086,0
			22.5822613000001,-104.77208849,0
			22.5824368310001,-104.772274993,0
			22.5829265590002,-104.773016587,0
			22.5836228800001,-104.773984454,0
			22.5840215850001,-104.774586292,0
			22.584187141,-104.774822462,0
			22.5841847350001,-104.774956373,0
			22.584123429,-104.774982474,0
			22.5839848700001,-104.774961986,0
			22.583975325,-104.775088903,0
			22.5840454860001,-104.775176413,0
			22.584201724,-104.775375232,0
			22.5844886100002,-104.775630555,0
			22.5847207360002,-104.775749798,0
			22.5851233070002,-104.775934198,0
			22.5854578370001,-104.775963661,0
			22.5857587480001,-104.775842816,0
			22.5862205230002,-104.77546131,0
			22.5865719650001,-104.775055011,0
			22.5868284860001,-104.774776785,0
			22.5869661310001,-104.774544972,0
			22.5873229710001,-104.774393997,0
			22.5878890940002,-104.774319742,0
			22.5887556640001,-104.774049331,0
			22.5892008110001,-104.773733957,0
			22.5896368310001,-104.772864925,0
			22.5898689890001,-104.772679077,0
			22.590142911,-104.772746386,0
			22.5904001620001,-104.772831927,0
			22.5907108290001,-104.772875555,0
			22.591190399,-104.772716371,0
			22.5918976030001,-104.772572681,0
			22.5920166000001,-104.77272184,0
			22.591912425,-104.772910356,0
			22.5919266540001,-104.773230417,0
			22.5920864380001,-104.773434209,0
			22.5924523270002,-104.773588352,0
			22.59271607,-104.773666272,0
			22.5927958110001,-104.773776573,0
			22.5927855060001,-104.773996381,0
			22.5928767780002,-104.774677909,0
			22.592967758,-104.774971213,0
			22.5930504160002,-104.775070724,0
			22.5934851960001,-104.775382929,0
			22.5942258350001,-104.77580419,0
			22.5944720510001,-104.775897333,0
			22.594719374,-104.775928892,0
			22.5952571030001,-104.775817865,0
			22.5957339870001,-104.775808249,0
			22.596365588,-104.77588009,0
			22.596767492,-104.775950077,0
			22.5972059020001,-104.775959217,0
			22.5973710650002,-104.775964616,0
			22.5974935730002,-104.775918274,0
			22.5976217970001,-104.775958108,0
			22.5977938980001,-104.776183683,0
			22.5980031680002,-104.776362115,0
			22.5982653120001,-104.776528938,0
			22.5984955630001,-104.776701942,0
			22.598771531,-104.777008897,0
			22.5990834770001,-104.777435911,0
			22.5992714440001,-104.777788952,0
			22.5993341290001,-104.778039631,0
			22.599349241,-104.778209128,0
			22.5993572840001,-104.77836772,0
			22.5994586840001,-104.778485232,0
			22.5995906430001,-104.778519279,0
			22.5997855910001,-104.77848423,0
			22.5999958000002,-104.778408426,0
			22.6001836050002,-104.778265655,0
			22.600361274,-104.77808062,0
			22.6005716550001,-104.777894312,0
			22.6008437330001,-104.777761121,0
			22.6012217930001,-104.777692729,0
			22.6015334200002,-104.777733458,0
			22.6017675190001,-104.77784396,0
			22.60195444,-104.778053228,0
			22.6021268590002,-104.778361946,0
			22.6023142160001,-104.778698358,0
			22.6026488240001,-104.779177692,0
			22.60280014,-104.779347102,0
			22.6030238900001,-104.779679388,0
			22.6033485090002,-104.779805476,0
			22.603741515,-104.779713929,0
			22.6039814150001,-104.7794011,0
			22.6041335370001,-104.778920183,0
			22.6042881630001,-104.778754223,0
			22.6044390170002,-104.778596007,0
			22.6046686640001,-104.778449214,0
			22.604862091,-104.778296776,0
			22.6050911230001,-104.778184199,0
			22.605267044,-104.778146795,0
			22.6054180120001,-104.778184174,0
			22.605679218,-104.778302091,0
			22.6058740390001,-104.778425469,0
			22.606087518,-104.778571731,0
			22.606275764,-104.778656832,0
			22.6064591090002,-104.778711513,0
			22.60663667,-104.778683923,0
			22.606880721,-104.778645007,0
			22.6071217810001,-104.778519966,0
			22.6073484440001,-104.77823619,0
			22.6075154070002,-104.77809102,0
			22.6076566850001,-104.778010839,0
			22.607733894,-104.777857927,0
			22.6077082520001,-104.777718518,0
			22.607649343,-104.777560811,0
			22.6076188880001,-104.777386094,0
			22.6077119410001,-104.777260896,0
			22.6078584010001,-104.777195492,0
			22.6081862240002,-104.776992062,0
			22.6087020530001,-104.776836561,0
			22.60908806,-104.776730186,0
			22.6093809800001,-104.776599375,0
			22.6097565220001,-104.776418452,0
			22.6100641460001,-104.776227309,0
			22.6102002340002,-104.776183203,0
			22.6103455520001,-104.776181343,0
			22.6106690090002,-104.776271218,0
			22.611180275,-104.776319044,0
			22.6116552280001,-104.77641697,0
			22.6119193000001,-104.776375532,0
			22.6123108940002,-104.776109851,0
			22.612539807,-104.77595325,0
			22.6127032780001,-104.775951769,0
			22.6129658330001,-104.775893671,0
			22.6134400310001,-104.775882042,0
			22.6139324650002,-104.776068355,0
			22.6142616260001,-104.776194539,0
			22.6151926460001,-104.77638022,0
			22.6154752000002,-104.776371442,0
			22.6157366150001,-104.776073699,0
			22.616158058,-104.77582207,0
			22.6164935670001,-104.775688481,0
			22.617222023,-104.77558116,0
			22.618230903,-104.776531607,0
			22.618559659,-104.776680283,0
			22.6191983170001,-104.776864766,0
			22.6198315350001,-104.776998278,0
			22.620128489,-104.776996647,0
			22.62049731,-104.77683611,0
			22.6207553810002,-104.77662338,0
			22.6208667110001,-104.776491705,0
			22.6211128410001,-104.776438152,0
			22.6213719420001,-104.776370199,0
			22.6218903130001,-104.776275376,0
			22.6222345900001,-104.776116279,0
			22.6225676880001,-104.776023459,0
			22.6228516710001,-104.776036228,0
			22.6231594340001,-104.776140456,0
			22.6238627130001,-104.776619722,0
			22.6247869690001,-104.777030245,0
			22.624996181,-104.777110903,0
			22.6251942030001,-104.777056346,0
			22.6255257740001,-104.776896983,0
			22.6259691020002,-104.776683218,0
			22.6265607400001,-104.77640212,0
			22.6270402690001,-104.776043366,0
			22.627337406,-104.775829482,0
			22.6276076270001,-104.775749041,0
			22.6280888770002,-104.775749294,0
			22.62889786,-104.775854195,0
			22.629340987,-104.775853654,0
			22.6297726060001,-104.776038721,0
			22.6302167870002,-104.776131127,0
			22.6304753370001,-104.776144344,0
			22.6307595030001,-104.775944857,0
			22.6309564950001,-104.775745508,0
			22.6312018050002,-104.775383812,0
			22.6317378410001,-104.774507792,0
			22.6320570230002,-104.774279685,0
			22.6323162040001,-104.774106081,0
			22.6325497790001,-104.77409432,0
			22.6328209730002,-104.774212461,0
			22.6330815120002,-104.774570034,0
			22.6334151040001,-104.775207911,0
			22.633785763,-104.775753638,0
			22.634254766,-104.776283811,0
			22.634723459,-104.776629105,0
			22.6351547210002,-104.776732985,0
			22.6359489480001,-104.776749552,0
			22.636220259,-104.776760103,0
			22.636479745,-104.776973872,0
			22.6366276880001,-104.777331067,0
			22.636652572,-104.777664175,0
			22.6366791280001,-104.778156765,0
			22.6368619310001,-104.778791997,0
			22.637180704,-104.778928267,0
			22.6375741040001,-104.778790095,0
			22.6382405620001,-104.778985385,0
			22.6386881500001,-104.778888337,0
			22.6390882950002,-104.778803779,0
			22.6392634540001,-104.778707895,0
			22.639405659,-104.778576189,0
			22.639427873,-104.778250328,0
			22.6396814440002,-104.777833027,0
			22.6400231130001,-104.777617122,0
			22.640285991,-104.777642172,0
			22.6407309950001,-104.777840257,0
			22.6409240670001,-104.778010585,0
			22.6410774890001,-104.778365952,0
			22.641192936,-104.778661832,0
			22.6412772840001,-104.778768264,0
			22.6414454460001,-104.778808947,0
			22.641721612,-104.778801996,0
			22.6420580760002,-104.77887554,0
			22.6425857320002,-104.779072422,0
			22.642931441,-104.779187248,0
			22.643177238,-104.77940466,0
			22.6433398250001,-104.779823811,0
			22.6433894410001,-104.780385386,0
			22.6435215110002,-104.781192268,0
			22.6439077260001,-104.781953595,0
			22.644348409,-104.783046716,0
			22.6446502850002,-104.783527982,0
			22.6448658100001,-104.783661315,0
			22.6452405580001,-104.783928199,0
			22.6454967820001,-104.784070516,0
			22.645803889,-104.784412486,0
			22.6463629250001,-104.785487564,0
			22.6464651580001,-104.785709815,0
			22.6465474560002,-104.785929693,0
			22.6466092980002,-104.786327189,0
			22.646722587,-104.786691523,0
			22.6470708800002,-104.787417851,0
			22.6477371890001,-104.788434546,0
			22.6478816650002,-104.788630295,0
			22.6479736160001,-104.788918859,0
			22.6479437240001,-104.78921661,0
			22.6477903610001,-104.789714278,0
			22.647637936,-104.790310772,0
			22.647586708,-104.790784165,0
			22.6475572150002,-104.791160186,0
			22.6474143800002,-104.7917784,0
			22.647446141,-104.792131248,0
			22.6475317650002,-104.792267069,0
			22.6478370800002,-104.792506306,0
			22.6481280770001,-104.792683612,0
			22.648456232,-104.793116053,0
			22.6486065310001,-104.793541829,0
			22.648710985,-104.79399208,0
			22.6486819260001,-104.794343655,0
			22.648532909,-104.794851194,0
			22.64829524,-104.795540789,0
			22.648169877,-104.796095781,0
			22.648170812,-104.796545813,0
			22.6484945,-104.797675693,0
			22.6485347580002,-104.798060029,0
			22.6485747400001,-104.798359249,0
			22.6484180240001,-104.798738061,0
			22.6484306290001,-104.79925429,0
			22.6484361660001,-104.799554742,0
			22.6484189870001,-104.799896782,0
			22.6484026090001,-104.800194817,0
			22.648408175,-104.800493313,0
			22.6485577930002,-104.800797775,0
			22.648557442,-104.801117669,0
			22.6486582330001,-104.801418169,0
			22.6487962750002,-104.801717498,0
			22.6488761880001,-104.80201756,0
			22.6489166800001,-104.802338315,0
			22.648917624,-104.802636714,0
			22.648837729,-104.802936347,0
			22.6487587600002,-104.80323502,0
			22.6487587400002,-104.803536334,0
			22.6486987170001,-104.803830515,0
			22.6487460990001,-104.804132827,0
			22.648743864,-104.804255948,0
			22.648466259,-104.804392074,0
			22.6481897690001,-104.804516817,0
			22.6479116180001,-104.804783059,0
			22.647672116,-104.805121106,0
			22.6473939150001,-104.805290021,0
			22.6471151130002,-104.805291971,0
			22.6468377650002,-104.805163841,0
			22.6464034010001,-104.805096599,0
			22.6458439820001,-104.805131471,0
			22.645453102,-104.804908996,0
			22.6451916890002,-104.804803387,0
			22.6449137150001,-104.804609702,0
			22.644675282,-104.804288699,0
			22.644400504,-104.803868823,0
			22.6441085710001,-104.803293432,0
			22.6438108010001,-104.803239841,0
			22.6435340350002,-104.803079553,0
			22.6432579010001,-104.802884449,0
			22.642818646,-104.802745066,0
			22.6424054710001,-104.80277266,0
			22.642126101,-104.802956064,0
			22.6418488780001,-104.803021205,0
			22.6418095630002,-104.803086069,0
			22.6414678970001,-104.803249787,0
			22.6411873870002,-104.803646099,0
			22.6406936390002,-104.803945319,0
			22.6403412530001,-104.804020698,0
			22.640215918,-104.80427832,0
			22.6398297800002,-104.804400316,0
			22.6400338390001,-104.805315881,0
			22.640067453,-104.80561495,0
			22.640069527,-104.806850499,0
			22.6400350620001,-104.807148132,0
			22.639966069,-104.807446994,0
			22.6398273620002,-104.807784492,0
			22.6395506480002,-104.807971366,0
			22.6392405980001,-104.808093909,0
			22.6390314030001,-104.808532673,0
			22.6388527880002,-104.808703677,0
			22.6387376310001,-104.809004264,0
			22.6387540330001,-104.80943461,0
			22.6385470140001,-104.809733489,0
			22.638263731,-104.810181502,0
			22.6380216630001,-104.810460308,0
			22.6381011480001,-104.81071042,0
			22.6378532500001,-104.811071903,0
			22.637290799,-104.811203277,0
			22.6366196870001,-104.811342891,0
			22.6358706570001,-104.811102311,0
			22.6355940290001,-104.811084644,0
			22.6353187390001,-104.811043339,0
			22.6350426020001,-104.811048555,0
			22.6347654570001,-104.811308771,0
			22.6346964380002,-104.811608597,0
			22.6346628360001,-104.811908192,0
			22.6346283080001,-104.812208745,0
			22.6345931200001,-104.812545478,0
			22.6345595170001,-104.812845073,0
			22.6344550950002,-104.813144149,0
			22.63442149,-104.813443743,0
			22.6343518080001,-104.813779745,0
			22.6343518220001,-104.814078094,0
			22.6342827970001,-104.814377917,0
			22.6342491900001,-104.81467751,0
			22.6342838890001,-104.815015719,0
			22.6344237190001,-104.815315068,0
			22.6345320510002,-104.815349736,0
			22.6347814480001,-104.815366845,0
			22.6352205310001,-104.815411613,0
			22.6355118450001,-104.815678028,0
			22.6356838350001,-104.815870944,0
			22.635818581,-104.816205023,0
			22.6360906580001,-104.816472321,0
			22.6366450720001,-104.815946038,0
			22.6369281550002,-104.815460087,0
			22.6372093090002,-104.815229406,0
			22.6376526250001,-104.815321592,0
			22.6380410540002,-104.815329807,0
			22.6383188510001,-104.815383001,0
			22.6385943230002,-104.815613592,0
			22.638870486,-104.815905851,0
			22.6391550610001,-104.816148472,0
			22.639414771,-104.816343239,0
			22.6396826450002,-104.81669198,0
			22.6398391060001,-104.817065205,0
			22.6399782730001,-104.817400749,0
			22.640082663,-104.817701319,0
			22.6402401050001,-104.818003013,0
			22.6403262170002,-104.818337436,0
			22.6404653810001,-104.818672982,0
			22.6404310870001,-104.819009747,0
			22.64045523,-104.819614808,0
			22.6404716800002,-104.819915474,0
			22.6404552690001,-104.820213488,0
			22.6404390160001,-104.82051444,0
			22.6403855470001,-104.821039814,0
			22.6401948220002,-104.821272375,0
			22.6400380640002,-104.821447004,0
			22.6398781550002,-104.821741975,0
			22.6396710590001,-104.822043771,0
			22.6398225520001,-104.822384472,0
			22.639784175,-104.822683975,0
			22.6398404220002,-104.823207612,0
			22.6399678950002,-104.823435084,0
			22.640015589,-104.823826478,0
			22.63981278,-104.824474745,0
			22.6398817570001,-104.824774569,0
			22.6399164690002,-104.825110839,0
			22.6399349330001,-104.82515024,0
			22.6400562980001,-104.825409233,0
			22.64012618,-104.825709078,0
			22.6403695190002,-104.826007714,0
			22.640438493,-104.82630754,0
			22.640473882,-104.826606654,0
			22.6408573000001,-104.827176995,0
			22.6407383130002,-104.8275204,0
			22.64040149,-104.827796608,0
			22.6402233130001,-104.827949957,0
			22.640198257,-104.82825414,0
			22.6401902390001,-104.828692096,0
			22.6402334390001,-104.828993332,0
			22.6402264600001,-104.829432565,0
			22.6404711900001,-104.829901297,0
			22.64075543,-104.830435294,0
			22.6410347080001,-104.831145232,0
			22.6413993800001,-104.832098662,0
			22.641764788,-104.832243031,0
			22.6420723570002,-104.832586482,0
			22.6424259620001,-104.832961771,0
			22.6431460980002,-104.833714515,0
			22.6435905390001,-104.834449009,0
			22.6439998770002,-104.834972594,0
			22.644318001,-104.835347959,0
			22.6448278120002,-104.835705582,0
			22.6452291420002,-104.836134446,0
			22.6460305200001,-104.837174568,0
			22.6459012760002,-104.837945681,0
			22.6456770450002,-104.838914285,0
			22.6458612390002,-104.840025623,0
			22.646194775,-104.840479663,0
			22.646588476,-104.840792795,0
			22.6470301200002,-104.840802354,0
			22.6474705310001,-104.840654136,0
			22.647936422,-104.840601031,0
			22.6485335610001,-104.840718861,0
			22.6488765670001,-104.840978374,0
			22.6493945970001,-104.841126728,0
			22.649870155,-104.841115972,0
			22.650129925,-104.840953381,0
			22.6507674700001,-104.84016819,0
			22.6511098010001,-104.840069362,0
			22.6511385740001,-104.840116429,0
			22.6483267040002,-104.858397057,0
			22.647367618,-104.858492306,0
			22.608027912,-104.862398095,0
			22.607070492,-104.862493123,0
			22.5053114430001,-104.960525175,0
			22.505267109,-104.960709646,0
			22.4987265870001,-104.987912532,0
			22.5856719630001,-105.007552743,0
			22.6008925140001,-105.021473709,0
			22.6386943860001,-105.056066512,0
			22.6564990950002,-105.072368945,0
			22.678414158,-105.068422505,0
			22.683904028,-105.062116279,0
			22.6880940020002,-105.0573027,0
			22.7108324730001,-104.981503781,0
			22.7337337170001,-104.905010667,0
			22.734095085,-104.903802457,0
			22.7374092490002,-104.892720443,0
			22.7455690140002,-104.91295887,0
			22.746095202,-104.913079105,0
			22.7469764570002,-104.913697048,0
			22.747086471,-104.913860191,0
			22.7472070040002,-104.914001497,0
			22.7473653420001,-104.914126301,0
			22.7474710120002,-104.914203726,0
			22.7475144040002,-104.914458901,0
			22.7475486270001,-104.914849641,0
			22.7476225610002,-104.91498078,0
			22.7480541050002,-104.915249266,0
			22.7482829680002,-104.915432489,0
			22.7485379750001,-104.915636643,0
			22.7492413300001,-104.915667041,0
			22.749546529,-104.915634301,0
			22.7500485640001,-104.915500738,0
			22.7505998030001,-104.915341977,0
			22.750995271,-104.915322668,0
			22.7512264050001,-104.915340878,0
			22.7514585370001,-104.915306535,0
			22.751668538,-104.915153436,0
			22.7522013670001,-104.914678839,0
			22.7526203830002,-104.914425178,0
			22.7542140790001,-104.914223465,0
			22.7549852670001,-104.91403008,0
			22.7556791790001,-104.914058429,0
			22.7561173490001,-104.914081174,0
			22.7566964540002,-104.914383002,0
			22.7570449180001,-104.914640357,0
			22.7573001660001,-104.91467224,0
			22.758045268,-104.914570281,0
			22.7602649,-104.914315301,0
			22.7605513420001,-104.914249025,0
			22.7608933950001,-104.914128702,0
			22.7612738510001,-104.913928055,0
			22.7614238950001,-104.913818135,0
			22.7617116640002,-104.913604787,0
			22.7626180450001,-104.912766155,0
			22.762730103,-104.912638483,0
			22.762967992,-104.9125254,0
			22.7632714240001,-104.912425576,0
			22.7635682590001,-104.912384748,0
			22.763854806,-104.912308223,0
			22.7643792360001,-104.912118593,0
			22.7645219530001,-104.912109893,0
			22.7647319910001,-104.912161833,0
			22.7648675530001,-104.912241701,0
			22.7649649810002,-104.912308899,0
			22.7651670880001,-104.912348819,0
			22.765484288,-104.912391249,0
			22.7657641260001,-104.91237963,0
			22.7659944220002,-104.912378762,0
			22.7662554760001,-104.912324754,0
			22.7672438310001,-104.911956005,0
			22.7679619710001,-104.911781939,0
			22.768986351,-104.911538179,0
			22.7691677660002,-104.91151258,0
			22.7693817260001,-104.91150544,0
			22.7695681740001,-104.911503598,0
			22.7697380700001,-104.911507318,0
			22.769970808,-104.911572319,0
			22.770689225,-104.911854242,0
			22.7710975880001,-104.912005143,0
			22.7714194870001,-104.912089096,0
			22.7716431850001,-104.912147226,0
			22.771903132,-104.912318551,0
			22.7725847180001,-104.912648216,0
			22.7727031720001,-104.9127632,0
			22.7727461220001,-104.912811461,0
			22.772777004,-104.912918614,0
			22.7728402080001,-104.913056059,0
			22.772963694,-104.913194813,0
			22.7731590990001,-104.913299647,0
			22.7735351380001,-104.913420287,0
			22.7739510950001,-104.913458973,0
			22.774712709,-104.913416178,0
			22.775134714,-104.913425424,0
			22.775293871,-104.913417075,0
			22.7754259600002,-104.913390396,0
			22.775690466,-104.913319296,0
			22.777553824,-104.912613748,0
			22.777846963,-104.912478202,0
			22.778118846,-104.912306682,0
			22.7783200420002,-104.91210405,0
			22.7785099410002,-104.911918907,0
			22.7789952860001,-104.911603371,0
			22.7794879490001,-104.911353871,0
			22.7795647880001,-104.911349642,0
			22.7796578450001,-104.911357591,0
			22.7797399400001,-104.911365302,0
			22.7798932850001,-104.911374572,0
			22.780019667,-104.911359601,0
			22.7802684060001,-104.91125264,0
			22.7811547430002,-104.910946202,0
			22.7813097580001,-104.910866774,0
			22.7815211280002,-104.910705757,0
			22.781739325,-104.910473904,0
			22.7820275340002,-104.910308666,0
			22.7823686630001,-104.910245135,0
			22.782544037,-104.910248973,0
			22.7827134890002,-104.910276345,0
			22.7829049760001,-104.910298284,0
			22.7830976790002,-104.910255179,0
			22.7834102690001,-104.9100841,0
			22.7839359210001,-104.909829396,0
			22.7844313960001,-104.909721916,0
			22.7848945420001,-104.909720316,0
			22.7851011340001,-104.909813573,0
			22.7853108670001,-104.910031136,0
			22.7855172360001,-104.910136215,0
			22.7858067020001,-104.9101958,0
			22.7861564550001,-104.910256693,0
			22.786406889,-104.910350912,0
			22.7868068830001,-104.910655468,0
			22.787328696,-104.911187496,0
			22.7877385080002,-104.911683859,0
			22.7877787880001,-104.911874045,0
			22.7877757810002,-104.912033717,0
			22.7877558890001,-104.912216672,0
			22.78778176,-104.912589944,0
			22.7878661020001,-104.912769279,0
			22.7880701310002,-104.912998553,0
			22.788259613,-104.913126944,0
			22.7889382740001,-104.913353873,0
			22.7894151890001,-104.913358399,0
			22.7898544140001,-104.913326609,0
			22.7900948860001,-104.91336738,0
			22.790485973,-104.913375355,0
			22.7909704890002,-104.913267654,0
			22.791428153,-104.913129776,0
			22.7917044070001,-104.913017499,0
			22.7920760580001,-104.912788993,0
			22.7925714490001,-104.912479596,0
			22.792728024,-104.91231738,0
			22.7927912010002,-104.912164943,0
			22.7929110810002,-104.911913168,0
			22.7930891170001,-104.911816353,0
			22.7936045020001,-104.91156391,0
			22.7940020100001,-104.911313587,0
			22.7941093800001,-104.911230443,0
			22.7942565350001,-104.91106413,0
			22.794449003,-104.910809316,0
			22.794640223,-104.910620415,0
			22.7947769750002,-104.910543356,0
			22.794916841,-104.910532284,0
			22.7950835030001,-104.91048884,0
			22.7951943440002,-104.91039708,0
			22.7953155870001,-104.910216052,0
			22.7953781470002,-104.909906595,0
			22.7953352070002,-104.909637218,0
			22.7952244150001,-104.909262739,0
			22.7951290800001,-104.908761622,0
			22.7951375590002,-104.908310743,0
			22.795326727,-104.907710272,0
			22.7957203660001,-104.907114259,0
			22.7962370170002,-104.906597715,0
			22.797064828,-104.906087968,0
			22.7975915910002,-104.905715271,0
			22.797806393,-104.905643181,0
			22.7979932690002,-104.905637667,0
			22.7981523880001,-104.905689135,0
			22.798426905,-104.905752722,0
			22.7988258790002,-104.90581902,0
			22.7990836930002,-104.905824655,0
			22.7992095980002,-104.905750633,0
			22.7993991720001,-104.905601217,0
			22.7995775160001,-104.90557632,0
			22.799817192,-104.905600755,0
			22.7999659770002,-104.905728771,0
			22.8001026380002,-104.906029279,0
			22.8003051810002,-104.906609554,0
			22.8004913870001,-104.907112688,0
			22.8005345820001,-104.907623828,0
			22.8004800950001,-104.908439404,0
			22.8005664490001,-104.909398887,0
			22.8006570350001,-104.910133147,0
			22.8007678090001,-104.910487626,0
			22.800958709,-104.91074528,0
			22.801331967,-104.911021016,0
			22.8022277890001,-104.911265952,0
			22.802944441,-104.911323891,0
			22.8031922830001,-104.911329318,0
			22.8034150960002,-104.911277872,0
			22.8035756020001,-104.911070143,0
			22.8036635620001,-104.910818197,0
			22.8037771900001,-104.910327803,0
			22.803916637,-104.909852041,0
			22.80430446,-104.909353556,0
			22.8047157190001,-104.908996412,0
			22.8050875830001,-104.908652471,0
			22.8053535020002,-104.908390715,0
			22.8056420630001,-104.908312534,0
			22.8060999440001,-104.908252135,0
			22.80663609,-104.908193458,0
			22.8069366390001,-104.908171863,0
			22.807275528,-104.908193355,0
			22.8076005860001,-104.908256804,0
			22.8079295690001,-104.908449602,0
			22.808196886,-104.908807526,0
			22.8083100470001,-104.909035332,0
			22.8083042220001,-104.909345031,0
			22.8083359430001,-104.90974005,0
			22.8084464530002,-104.910108634,0
			22.808621924,-104.910492719,0
			22.80905325,-104.91114999,0
			22.8093344010001,-104.911465976,0
			22.8096578610001,-104.911613884,0
			22.8100609110002,-104.91169313,0
			22.8104005960001,-104.9116724,0
			22.8109748140002,-104.911670897,0
			22.811431902,-104.911652739,0
			22.8116661690001,-104.911686039,0
			22.811899914,-104.911747487,0
			22.812209268,-104.911951442,0
			22.8124555760002,-104.912183776,0
			22.8129182810002,-104.912560091,0
			22.8137824510001,-104.913100113,0
			22.8139866570001,-104.913344019,0
			22.8141373550001,-104.913657162,0
			22.8143759170002,-104.914155312,0
			22.8149554560001,-104.91476232,0
			22.8158270930002,-104.915598295,0
			22.8167836640001,-104.916774161,0
			22.8171936520001,-104.917177506,0
			22.817362433,-104.917223461,0
			22.8177915710002,-104.9173033,0
			22.8184278240001,-104.917472189,0
			22.8193558700002,-104.918084092,0
			22.8197807580001,-104.918389192,0
			22.820224885,-104.919125806,0
			22.8206256370001,-104.919490759,0
			22.8209230530001,-104.92018866,0
			22.8213681750001,-104.92128787,0
			22.8218366530002,-104.922178086,0
			22.8224726320001,-104.923449118,0
			22.822751415,-104.924104722,0
			22.822802098,-104.924503901,0
			22.8228721890001,-104.924903507,0
			22.8230583060001,-104.925326625,0
			22.8237568300001,-104.926368596,0
			22.824247058,-104.927133618,0
			22.8244743510001,-104.927431943,0
			22.8247246120001,-104.927542215,0
			22.8250881330001,-104.927822583,0
			22.825432238,-104.928102527,0
			22.8262730610001,-104.929579577,0
			22.8264286580001,-104.929754439,0
			22.827308746,-104.932797841,0
			22.82731089,-104.934226282,0
			22.8265043660001,-104.936024041,0
			22.8251882160001,-104.936699956,0
			22.8223882520001,-104.938059326,0
			22.8213063790002,-104.938508718,0
			22.8204036230001,-104.938898225,0
			22.8185073560001,-104.939483222,0
			22.8169771970001,-104.940059922,0
			22.8161632820002,-104.940504863,0
			22.8161372970001,-104.941340926,0
			22.8166070080001,-104.942122224,0
			22.81924651,-104.945404993,0
			22.8211299760001,-104.948447572,0
			22.8217746390002,-104.950012557,0
			22.8218297400001,-104.951720761,0
			22.8214052440001,-104.952521515,0
			22.8204944630002,-104.953248342,0
			22.8197733760001,-104.953442759,0
			22.818511421,-104.953809417,0
			22.8174278130001,-104.954394623,0
			22.8162496080002,-104.95498801,0
			22.8156210560001,-104.955662158,0
			22.8142321130002,-104.957066293,0
			22.8136464080001,-104.958016141,0
			22.8136046060002,-104.958967312,0
			22.814171242,-104.960865525,0
			22.8151015110001,-104.962133717,0
			22.815261221,-104.962951735,0
			22.8151769900001,-104.96439468,0
			22.8155997290002,-104.965032687,0
			22.817089114,-104.965972375,0
			22.8177160210001,-104.966049502,0
			22.8185073960001,-104.966452568,0
			22.8193084230001,-104.967405934,0
			22.8196772720001,-104.968494285,0
			22.8195762880001,-104.969145759,0
			22.8196298960001,-104.969948248,0
			22.8202680850001,-104.970761903,0
			22.8205857640002,-104.971147796,0
			22.8210339580001,-104.971262873,0
			22.8217771320001,-104.971385449,0
			22.8227875830001,-104.971492205,0
			22.8232096530001,-104.971596348,0
			22.8237116970001,-104.971555347,0
			22.824267809,-104.971441514,0
			22.8246616470001,-104.971691724,0
			22.8253514140001,-104.97289248,0
			22.8257221070002,-104.973921535,0
			22.8258009250001,-104.975064556,0
			22.825748527,-104.976325134,0
			22.8257760070002,-104.977209367,0
			22.8259079250001,-104.97780989,0
			22.826201333,-104.978276385,0
			22.826888947,-104.978733737,0
			22.827897769,-104.979400306,0
			22.8290055980001,-104.980014396,0
			22.8295887190001,-104.980195836,0
			22.8299828680002,-104.980037342,0
			22.8305779610001,-104.980244855,0
			22.8317577620001,-104.980968109,0
			22.8324464880001,-104.981512577,0
			22.8330029470002,-104.982370518,0
			22.8336123020001,-104.983467292,0
			22.8339705190002,-104.984662151,0
			22.8338774560002,-104.985429112,0
			22.8340100230002,-104.986088476,0
			22.8344593870001,-104.986659932,0
			22.835360075,-104.987748035,0
			22.836049325,-104.988405231,0
			22.8366084360002,-104.988559962,0
			22.8375871820002,-104.988803324,0
			22.8382369030002,-104.989238187,0
			22.838516133,-104.989508921,0
			22.8388602260001,-104.989653459,0
			22.839645981,-104.989639564,0
			22.8402817130001,-104.989306593,0
			22.8409415790001,-104.989181449,0
			22.8416833270001,-104.989095258,0
			22.8425824870002,-104.988522734,0
			22.8441191410001,-104.987807772,0
			22.8449905250001,-104.987685914,0
			22.8461843870002,-104.987464251,0
			22.8470860570001,-104.987749059,0
			22.8486252,-104.988738956,0
			22.8492318380002,-104.989065833,0
			22.84953098,-104.989797911,0
			22.8498570420002,-104.990123681,0
			22.8502342740001,-104.990225742,0
			22.8504613860001,-104.990287188,0
			22.8515425330001,-104.990259584,0
			22.8517688250002,-104.990532165,0
			22.8519708460001,-104.990576176,0
			22.8521450020001,-104.990614116,0
			22.852735321,-104.99030706,0
			22.852773352,-104.990287278,0
			22.853906712,-104.989365284,0
			22.8543073390001,-104.988801406,0
			22.8546085990001,-104.988359104,0
			22.8550118580002,-104.988167305,0
			22.8555152270002,-104.987869973,0
			22.8562436440001,-104.987815801,0
			22.8571240780001,-104.987977674,0
			22.8576520290001,-104.988006202,0
			22.8593946480001,-104.988569614,0
			22.860001208,-104.988571497,0
			22.8621244370001,-104.988188095,0
			22.8636392500001,-104.988133966,0
			22.864903182,-104.988186885,0
			22.8664694680002,-104.988241704,0
			22.8702892540002,-104.988126714,0
			22.8722351610002,-104.988273369,0
			22.873912241,-104.988562938,0
			22.8750403610001,-104.988498842,0
			22.875696835,-104.989586006,0
			22.8761479330001,-104.989738308,0
			22.876551852,-104.989700443,0
			22.8774755740001,-104.989167116,0
			22.8774951410002,-104.98860406,0
			22.877890957,-104.988259162,0
			22.878567936,-104.987435779,0
			22.8801835600001,-104.987192797,0
			22.880807348,-104.987007876,0
			22.8815059260001,-104.987041221,0
			22.8822349310001,-104.987662293,0
			22.8827512900001,-104.98805612,0
			22.8833721490001,-104.98819768,0
			22.8834808990002,-104.988222476,0
			22.883528665,-104.988193215,0
			22.8840616750001,-104.987866708,0
			22.8850001030001,-104.987894021,0
			22.8861858250002,-104.987858941,0
			22.8871878740001,-104.987695261,0
			22.8882520230001,-104.987795637,0
			22.8892544100001,-104.988319985,0
			22.8899406190002,-104.988617686,0
			22.8908832490002,-104.988944682,0
			22.8914296500002,-104.989569541,0
			22.8916125910001,-104.990488098,0
			22.8916120090001,-104.99117612,0
			22.8914668520001,-104.99252834,0
			22.8914909220001,-104.993212017,0
			22.892310821,-104.994296852,0
			22.8929799970001,-104.995051923,0
			22.8942264620001,-104.996101316,0
			22.8952293450001,-104.997020756,0
			22.8965387270001,-104.997634149,0
			22.8976623930001,-104.998693353,0
			22.8986010940001,-104.99955016,0
			22.8992925270002,-104.999999005,0
			22.8993256750001,-105.000022297,0
			22.8998419280001,-105.000185881,0
			22.9002973280001,-105.000350053,0
			22.900662641,-105.000711166,0
			22.901877941,-105.002944033,0
			22.9029747130002,-105.004544996,0
			22.9035520690002,-105.005069133,0
			22.90421905,-105.005315181,0
			22.904920335,-105.005501214,0
			22.9056484630001,-105.005602772,0
			22.9061341110001,-105.005565133,0
			22.9067421880001,-105.005676144,0
			22.9070772820001,-105.005488471,0
			22.907255885,-105.005176026,0
			22.9072567590001,-105.004288942,0
			22.9068907330002,-105.003403365,0
			22.9067089580001,-105.002943453,0
			22.9063749680001,-105.002746721,0
			22.9059797900001,-105.002286889,0
			22.9059799830001,-105.001434106,0
			22.9064057380001,-105.000644847,0
			22.9070520660001,-105.000000736,0
			22.907195605,-104.999856944,0
			22.907955681,-104.999856464,0
			22.9086367000002,-104.999999273,0
			22.908897164,-105.000054167,0
			22.9094135760001,-105.000350099,0
			22.9102341870001,-105.000974426,0
			22.9107194930001,-105.001235353,0
			22.9119486830002,-105.001956167,0
			22.9126529320001,-105.002717885,0
			22.9133173490001,-105.00363199,0
			22.9137759550002,-105.004145525,0
			22.914562097,-105.004813923,0
			22.9155050610001,-105.005075424,0
			22.9169540490001,-105.005606194,0
			22.9176829240001,-105.006230474,0
			22.9187467740002,-105.007280935,0
			22.9198103190001,-105.008300037,0
			22.9207224530001,-105.009119659,0
			22.9214819340002,-105.009710358,0
			22.922362742,-105.010039122,0
			22.923213715,-105.009940765,0
			22.924216787,-105.009679193,0
			22.9252698940001,-105.009442718,0
			22.9257653980002,-105.009942707,0
			22.9263998210002,-105.009941436,0
			22.9265420890001,-105.009941151,0
			22.9268740800001,-105.009598628,0
			22.9268911930002,-105.009580972,0
			22.927981679,-105.00852638,0
			22.928364249,-105.008521472,0
			22.9284219470002,-105.008520731,0
			22.9285056430002,-105.008419265,0
			22.929095262,-105.007704453,0
			22.9298241430002,-105.006458213,0
			22.930493212,-105.005439039,0
			22.931222774,-105.004718284,0
			22.932013032,-105.004192036,0
			22.9327420340001,-105.004061463,0
			22.934079019,-105.004093663,0
			22.9366749620001,-105.004716134,0
			22.937555327,-105.004881157,0
			22.9386185110001,-105.004750299,0
			22.9395608460002,-105.004389238,0
			22.94065428,-105.003962956,0
			22.9415360560001,-105.00330637,0
			22.9422038860002,-105.002584149,0
			22.9431080420002,-105.001756467,0
			22.943473022,-105.001197992,0
			22.9438677660002,-105.000837266,0
			22.9443547020001,-105.000639422,0
			22.9452653340002,-105.000508018,0
			22.946480718,-105.000442329,0
			22.9472097170002,-105.000311721,0
			22.947633464,-105.000000663,0
			22.947969707,-104.999753322,0
			22.9488504810001,-104.998866226,0
			22.949883336,-104.997815859,0
			22.9504410460002,-104.99747969,0
			22.9504569040002,-104.997470131,0
			22.950813168,-104.997255385,0
			22.952001599,-104.996893137,0
			22.953062219,-104.997222798,0
			22.953791414,-104.997551076,0
			22.954125371,-104.998078316,0
			22.9545506560002,-104.998437982,0
			22.954891315,-104.998394182,0
			22.9550435420001,-104.998373752,0
			22.9553337800001,-104.998334799,0
			22.9558124740001,-104.998276278,0
			22.9562805060001,-104.998139443,0
			22.9567570720001,-104.997976785,0
			22.9571734600001,-104.998020867,0
			22.9574899130001,-104.998253456,0
			22.9577954930002,-104.998633195,0
			22.9582135540002,-104.999634522,0
			22.9582781790001,-105.000026169,0
			22.9585090540001,-105.000534286,0
			22.9586667750001,-105.000676588,0
			22.9589791920001,-105.001117186,0
			22.9593399010002,-105.001550211,0
			22.959515831,-105.001994979,0
			22.9598042800002,-105.002844007,0
			22.9601021660001,-105.003206254,0
			22.9608463340001,-105.003726004,0
			22.9615547120001,-105.004151609,0
			22.9625447400001,-105.004652305,0
			22.9628127210001,-105.00490116,0
			22.962923159,-105.004999039,0
			22.9632910910001,-105.005059395,0
			22.9638038900002,-105.005097016,0
			22.9641307610001,-105.005067205,0
			22.9647604180001,-105.005363157,0
			22.965579688,-105.005962718,0
			22.9665186440001,-105.007110812,0
			22.9668867070001,-105.007453678,0
			22.967501442,-105.00767889,0
			22.9684586950001,-105.008341047,0
			22.9693526470002,-105.00855738,0
			22.970186353,-105.008605689,0
			22.9707146020002,-105.008500004,0
			22.9714961850001,-105.008221757,0
			22.972068699,-105.007705271,0
			22.9728864350002,-105.007174732,0
			22.9734577980001,-105.006717038,0
			22.9742530810001,-105.00594086,0
			22.9752195370001,-105.00489135,0
			22.9761648460001,-105.003863605,0
			22.9769826800001,-105.003139416,0
			22.9769919980001,-105.003283615,0
			22.9776728310001,-105.013824616,0
			22.9608100020001,-105.071980046,0
			22.9596388250001,-105.076015786,0
			22.9576816990001,-105.105815866,0
			22.9576520220001,-105.106267074,0
			22.953871927,-105.16357409,0
			22.9560967360002,-105.247421369,0
			22.9562716180001,-105.254085701,0
			22.9541621080002,-105.297699065,0
			22.945628698,-105.314905029,0
			22.9413301690001,-105.323569887,0
			22.9429882760001,-105.328342044,0
			22.9434575440002,-105.328150754,0
			22.9436241130002,-105.32830201,0
			22.943929421,-105.3283783,0
			22.9443075920001,-105.328402486,0
			22.944655746,-105.328386698,0
			22.9449665810001,-105.328374877,0
			22.9458843950001,-105.328346891,0
			22.9461572150001,-105.328329214,0
			22.9466198600002,-105.328352576,0
			22.9470197740002,-105.328421433,0
			22.9472298450001,-105.328534561,0
			22.9474184090001,-105.328718731,0
			22.9474601930002,-105.32901395,0
			22.9474800690002,-105.329398832,0
			22.9475001810001,-105.329899428,0
			22.947688773,-105.330377773,0
			22.9479833170001,-105.330490081,0
			22.948467044,-105.330377679,0
			22.9488456290002,-105.330129281,0
			22.9499839810001,-105.329474356,0
			22.9506787990002,-105.329089732,0
			22.9511393230001,-105.328831613,0
			22.9514708780001,-105.328616347,0
			22.951751802,-105.328432884,0
			22.9520185100001,-105.328277056,0
			22.95228661,-105.328183225,0
			22.9526404600001,-105.328210963,0
			22.9528087790002,-105.328498104,0
			22.9528919540001,-105.329093242,0
			22.9528720590001,-105.329612467,0
			22.952714911,-105.330023325,0
			22.9524346710002,-105.330478622,0
			22.9522598610001,-105.33089863,0
			22.9520313310002,-105.331143685,0
			22.9519947740001,-105.331196701,0
			22.9517468680002,-105.331533694,0
			22.9517063290001,-105.332024939,0
			22.951926325,-105.332562927,0
			22.9522523230002,-105.333112403,0
			22.9524564390002,-105.33333326,0
			22.952888585,-105.333803034,0
			22.9534089190001,-105.334141662,0
			22.9540082590001,-105.334269481,0
			22.954450154,-105.334244293,0
			22.955229732,-105.333930453,0
			22.9561141770001,-105.333849692,0
			22.9569459760001,-105.333514602,0
			22.957326762,-105.333332935,0
			22.9587690820001,-105.33264836,0
			22.9611781730001,-105.33130646,0
			22.9619074870002,-105.330964848,0
			22.9626917680002,-105.330685414,0
			22.9631731810001,-105.330849496,0
			22.9634065370001,-105.331146614,0
			22.9635022710002,-105.331593268,0
			22.963391926,-105.331994544,0
			22.963059398,-105.332381416,0
			22.9625643580001,-105.332766169,0
			22.9620808440001,-105.333332634,0
			22.962038633,-105.334027857,0
			22.9622704000001,-105.334862352,0
			22.9625997030001,-105.335679686,0
			22.9630512580001,-105.336470676,0
			22.9634496650001,-105.336946515,0
			22.9641366820002,-105.337304081,0
			22.96474664,-105.337234091,0
			22.9661402770001,-105.336913119,0
			22.9669218400001,-105.33705535,0
			22.9674454290001,-105.337031969,0
			22.9676887540001,-105.337118757,0
			22.9677451260001,-105.337579152,0
			22.967505986,-105.337888036,0
			22.9669619250001,-105.338144953,0
			22.9664779540001,-105.338436807,0
			22.9664345200001,-105.339019239,0
			22.966545087,-105.340250853,0
			22.9667129170001,-105.341311305,0
			22.9669810570001,-105.342141855,0
			22.967478499,-105.342740847,0
			22.9681593000001,-105.343049262,0
			22.9689983200001,-105.343053714,0
			22.9697668940001,-105.342829842,0
			22.970415985,-105.342506142,0
			22.9705059680001,-105.342157025,0
			22.9701793860001,-105.341516226,0
			22.9698610030001,-105.340591224,0
			22.969634419,-105.339246818,0
			22.9696994540002,-105.33837854,0
			22.9699953360001,-105.337838727,0
			22.9704186250001,-105.33724425,0
			22.9711994150001,-105.336832346,0
			22.9716852360002,-105.336875939,0
			22.9721445820002,-105.337263112,0
			22.97284734,-105.337859424,0
			22.9734471340001,-105.338303096,0
			22.9739929200002,-105.338429607,0
			22.9748615480001,-105.33874568,0
			22.9757291550002,-105.339277504,0
			22.9760855160001,-105.339470854,0
			22.9763965630002,-105.339449254,0
			22.9766214160001,-105.339087114,0
			22.9768008480002,-105.338557096,0
			22.9771141480001,-105.337883324,0
			22.9773817650001,-105.33730648,0
			22.9777396970001,-105.337089894,0
			22.9792475950002,-105.336565792,0
			22.9797480020001,-105.336522461,0
			22.9800284030001,-105.336237226,0
			22.9804736340001,-105.33626803,0
			22.9809593860001,-105.336736318,0
			22.9812509840001,-105.337322331,0
			22.9813613060002,-105.337849844,0
			22.981415074,-105.338557388,0
			22.981519211,-105.3389082,0
			22.9817810960001,-105.339692581,0
			22.9820039840001,-105.340053247,0
			22.982503946,-105.340114866,0
			22.9829645060001,-105.339982271,0
			22.983503283,-105.339595642,0
			22.98383053,-105.33879468,0
			22.9839572690001,-105.337952382,0
			22.9842229670001,-105.337380364,0
			22.984740333,-105.336718546,0
			22.9851162050001,-105.336554383,0
			22.985694142,-105.336495343,0
			22.9863073120001,-105.336149797,0
			22.9870600260001,-105.335776366,0
			22.9873390110001,-105.33564115,0
			22.988426475,-105.335073082,0
			22.9887601080001,-105.335056942,0
			22.9889961580002,-105.335312995,0
			22.9894335680002,-105.335814909,0
			22.990253261,-105.336975085,0
			22.991149596,-105.338378444,0
			22.991510156,-105.338671971,0
			22.9920523070001,-105.338967125,0
			22.9928650700001,-105.338967949,0
			22.9934976390001,-105.338775905,0
			22.994040295,-105.338289286,0
			22.9942212630001,-105.337898527,0
			22.9942258460002,-105.336337021,0
			22.9940456510001,-105.335848901,0
			22.9936852990002,-105.335165958,0
			22.9934154760001,-105.334580442,0
			22.9935068090001,-105.33409228,0
			22.9937788900002,-105.333898026,0
			22.9941405960001,-105.333801171,0
			22.9946821000001,-105.333704906,0
			22.9952248510002,-105.333803876,0
			22.9955851660001,-105.334193525,0
			22.995855244,-105.334682925,0
			22.995944319,-105.334974537,0
			22.9958529840002,-105.335462707,0
			22.9958527490001,-105.335853111,0
			22.996032587,-105.336147005,0
			22.996483367,-105.336341768,0
			22.997114811,-105.336539111,0
			22.9975673430002,-105.336736864,0
			22.9980178040001,-105.337030699,0
			22.998288765,-105.337225852,0
			22.9987393040001,-105.337811035,0
			22.9992790890001,-105.33830037,0
			22.999640556,-105.338593938,0
			22.9999898920001,-105.33864981,0
			23.0015919470001,-105.339403269,0
			23.0026293440001,-105.340020897,0
			23.0035196650001,-105.340425884,0
			23.0042630680001,-105.340400446,0
			23.0049321160002,-105.34015928,0
			23.0056741520001,-105.340028839,0
			23.0070841040001,-105.340594064,0
			23.0079254010001,-105.340703528,0
			23.0083697970001,-105.341025696,0
			23.0081953080002,-105.34174726,0
			23.0077982150001,-105.342389641,0
			23.0072285980001,-105.342736311,0
			23.0073011610002,-105.343245324,0
			23.0077939620002,-105.344101412,0
			23.0088884920002,-105.344382091,0
			23.009402144,-105.344696209,0
			23.0099457640001,-105.344964976,0
			23.0103914910001,-105.344804527,0
			23.0106311960001,-105.344427961,0
			23.010930423,-105.343734055,0
			23.0112749050002,-105.343341564,0
			23.0118472840002,-105.34311947,0
			23.0123424760001,-105.343149601,0
			23.0128855890002,-105.343820588,0
			23.0135647290001,-105.345049381,0
			23.0145042240001,-105.347052676,0
			23.0147795800002,-105.348111433,0
			23.014950372,-105.348701441,0
			23.0148929900001,-105.349396555,0
			23.015124288,-105.349740862,0
			23.0156697210002,-105.349715384,0
			23.0159914410002,-105.349368352,0
			23.016437508,-105.349234408,0
			23.0171799350001,-105.349506263,0
			23.018109473,-105.3505324,0
			23.0189471470001,-105.3519006,0
			23.0196142320001,-105.352758255,0
			23.0195637150001,-105.353162177,0
			23.019365533,-105.353507425,0
			23.0194383890001,-105.353749636,0
			23.0197848010001,-105.3538565,0
			23.0202563390001,-105.353804643,0
			23.0207512730001,-105.353511041,0
			23.021048787,-105.353191846,0
			23.0214200320002,-105.353032472,0
			23.0223862520002,-105.353034316,0
			23.023074563,-105.352953045,0
			23.023604092,-105.352597883,0
			23.0247639650001,-105.352479206,0
			23.0255047650002,-105.352910002,0
			23.0262901150001,-105.353044637,0
			23.0271558220001,-105.353368707,0
			23.0281211330001,-105.35337053,0
			23.0285417800002,-105.353320325,0
			23.028889448,-105.353159366,0
			23.0292113680002,-105.352971264,0
			23.0297815940001,-105.352303748,0
			23.0301791060001,-105.352063586,0
			23.0305799860001,-105.351835651,0
			23.0310063920002,-105.351645135,0
			23.0312577710001,-105.351611229,0
			23.031802283,-105.351544463,0
			23.0321171970002,-105.351512153,0
			23.0324818290001,-105.351616427,0
			23.0333123570001,-105.351509845,0
			23.0339594990002,-105.35131664,0
			23.0343060690001,-105.351164355,0
			23.0347224900001,-105.350973579,0
			23.0350829610001,-105.350727702,0
			23.035634463,-105.350796262,0
			23.0359302740001,-105.350975446,0
			23.0362841140001,-105.351116846,0
			23.0365549970002,-105.351272834,0
			23.0370045290001,-105.351524588,0
			23.037421652,-105.351847157,0
			23.0376169130001,-105.352308365,0
			23.0377481530001,-105.352814076,0
			23.0377230510002,-105.353042071,0
			23.037616139,-105.35332393,0
			23.0375729160001,-105.353457268,0
			23.037558706,-105.35364825,0
			23.0375432640001,-105.353896114,0
			23.0375638940001,-105.354212595,0
			23.037816574,-105.354580079,0
			23.0380568490001,-105.354723526,0
			23.0382654790001,-105.354902481,0
			23.0384511940001,-105.355175056,0
			23.0387362190002,-105.355306881,0
			23.039169843,-105.355407274,0
			23.0394281800001,-105.355334452,0
			23.0395489930001,-105.355119295,0
			23.0398202870002,-105.354941002,0
			23.040095491,-105.354855372,0
			23.0403829870002,-105.354789198,0
			23.040733049,-105.355062988,0
			23.041051598,-105.355324209,0
			23.0414437250002,-105.355458744,0
			23.0415525940001,-105.355505654,0
			23.0417589300001,-105.355664701,0
			23.0421533710001,-105.355608532,0
			23.0424611550002,-105.355570042,0
			23.0426918400001,-105.355569258,0
			23.0429457290001,-105.355629195,0
			23.0432415860002,-105.355889847,0
			23.0434170890001,-105.355962975,0
			23.043667016,-105.35603813,0
			23.043830264,-105.356048124,0
			23.0441737110001,-105.356082201,0
			23.044403898,-105.356355915,0
			23.0445889460001,-105.356701104,0
			23.0447861080001,-105.357199682,0
			23.0449820460001,-105.357545149,0
			23.0453075590002,-105.358239105,0
			23.045623074,-105.358598182,0
			23.0459286420001,-105.35878766,0
			23.0462575720001,-105.358779185,0
			23.0465007190001,-105.358554034,0
			23.046794307,-105.358135542,0
			23.0470273850001,-105.357513488,0
			23.0469332760001,-105.357226527,0
			23.046953938,-105.356849245,0
			23.0470073310001,-105.35641195,0
			23.0470455290001,-105.356027261,0
			23.047046865,-105.35567206,0
			23.046970652,-105.355459151,0
			23.0471137060001,-105.355101646,0
			23.0473892540002,-105.35474847,0
			23.047783931,-105.354429707,0
			23.048301255,-105.354192548,0
			23.0487182450001,-105.353849811,0
			23.0490482440001,-105.353708009,0
			23.049399284,-105.353768891,0
			23.049789746,-105.353896519,0
			23.050020691,-105.354051519,0
			23.0501517200001,-105.354123524,0
			23.0502729990001,-105.35401668,0
			23.0504276630001,-105.353458284,0
			23.0505506370002,-105.352391735,0
			23.0505632850001,-105.351597172,0
			23.050706674,-105.351181763,0
			23.0509385570001,-105.35087359,0
			23.0513552,-105.350756537,0
			23.0518495980001,-105.350697383,0
			23.0523210550001,-105.350817236,0
			23.0529893610001,-105.351366987,0
			23.0534927630001,-105.351983237,0
			23.0539737940002,-105.352542006,0
			23.0542807020001,-105.352753884,0
			23.0548128090001,-105.352798733,0
			23.0552928030002,-105.352859701,0
			23.0557282830001,-105.352585629,0
			23.0559660340002,-105.35234218,0
			23.0564670930002,-105.351891181,0
			23.0576640440001,-105.351050301,0
			23.0583599320001,-105.350660597,0
			23.059262452,-105.350416446,0
			23.060175741,-105.350346273,0
			23.0605753450001,-105.350471188,0
			23.0610423610001,-105.350880453,0
			23.0615067780001,-105.35149379,0
			23.0617720980001,-105.351949001,0
			23.0620325680001,-105.352544433,0
			23.0621457140001,-105.353023282,0
			23.0621695060001,-105.353350697,0
			23.06212834,-105.353742225,0
			23.0620703530001,-105.3541137,0
			23.0619705960002,-105.354778544,0
			23.0620350320002,-105.355158021,0
			23.0621244550002,-105.355557758,0
			23.0622874360001,-105.355831771,0
			23.062567299,-105.356201977,0
			23.0627150180001,-105.356467755,0
			23.0628045110001,-105.356654527,0
			23.0628371070001,-105.356910523,0
			23.062868225,-105.357318603,0
			23.062974576,-105.357691292,0
			23.063195308,-105.357940273,0
			23.0634975270001,-105.358116728,0
			23.0637844420001,-105.358161284,0
			23.0640457860001,-105.358128641,0
			23.0642648870001,-105.357991878,0
			23.064633992,-105.357638086,0
			23.0647571920001,-105.35740075,0
			23.064930206,-105.357169582,0
			23.0650699080001,-105.356967013,0
			23.0650700010002,-105.35675306,0
			23.0649230930001,-105.356575628,0
			23.0647511050001,-105.356424061,0
			23.0647523760001,-105.356239582,0
			23.0649244850002,-105.356134014,0
			23.0651371920001,-105.356124673,0
			23.0653660010001,-105.356294362,0
			23.0656767710001,-105.356621194,0
			23.0659291750002,-105.35695931,0
			23.066043623,-105.357251733,0
			23.066067576,-105.357571311,0
			23.0660618210002,-105.358088391,0
			23.066118275,-105.358291017,0
			23.0662812360001,-105.358523821,0
			23.066715007,-105.358789979,0
			23.0669366920001,-105.358869201,0
			23.0670753150002,-105.358967912,0
			23.0671910530002,-105.358949249,0
			23.0673540440001,-105.358845415,0
			23.0677645590002,-105.358676199,0
			23.0679277130002,-105.358606719,0
			23.0680672200001,-105.358580807,0
			23.0681572180001,-105.35849279,0
			23.0682809100002,-105.358358515,0
			23.0683790480001,-105.358313889,0
			23.068518655,-105.358325274,0
			23.0687388590001,-105.358430958,0
			23.0688782190001,-105.35853754,0
			23.0690535250001,-105.358787346,0
			23.0692706740002,-105.358992083,0
			23.0694887780001,-105.359027049,0
			23.0697319520002,-105.358827095,0
			23.0699967550001,-105.358676762,0
			23.070123218,-105.358372759,0
			23.0703880540001,-105.358137036,0
			23.0707160630001,-105.357919596,0
			23.0712631730001,-105.357565384,0
			23.0715732110002,-105.357464816,0
			23.0719026730001,-105.357347972,0
			23.0723381800001,-105.357450272,0
			23.0727753050002,-105.357603651,0
			23.0730813600002,-105.357980361,0
			23.073471549,-105.358120428,0
			23.073579227,-105.358264196,0
			23.073923372,-105.358316311,0
			23.0738981550002,-105.358554687,0
			23.073837714,-105.359030208,0
			23.0737262320001,-105.359527224,0
			23.0733915430002,-105.361108501,0
			23.073397244,-105.361308267,0
			23.073544581,-105.361956475,0
			23.073830189,-105.362103087,0
			23.074235172,-105.362440193,0
			23.0744679720001,-105.362676749,0
			23.074669661,-105.363133359,0
			23.074980691,-105.363573111,0
			23.0751974880001,-105.36404483,0
			23.0752442430002,-105.364484755,0
			23.075008273,-105.364938122,0
			23.074446095,-105.365190836,0
			23.0740404490001,-105.365679155,0
			23.073944806,-105.366319619,0
			23.073896689,-105.367196851,0
			23.074050589,-105.367887815,0
			23.0743300030002,-105.368444556,0
			23.0745629150001,-105.368800871,0
			23.0748743560002,-105.369221017,0
			23.0749040500002,-105.369526042,0
			23.0749337460001,-105.369914496,0
			23.0748408460001,-105.370302781,0
			23.0749167320001,-105.370655111,0
			23.0753224000001,-105.370959874,0
			23.0758506400002,-105.371182361,0
			23.0763809180002,-105.37135288,0
			23.0766928940002,-105.371622877,0
			23.0768622040002,-105.372230823,0
			23.0768918940001,-105.372786145,0
			23.076829323,-105.373240968,0
			23.0768693990001,-105.373335827,0
			23.0770296890001,-105.373715236,0
			23.077599164,-105.374212635,0
			23.0785547870001,-105.375118369,0
			23.0788392090001,-105.375235538,0
			23.079035246,-105.375449596,0
			23.0791329580001,-105.375758326,0
			23.0791233990001,-105.375988747,0
			23.0789888520001,-105.376162002,0
			23.0787565350001,-105.376404422,0
			23.0784971180001,-105.376556831,0
			23.0780948110001,-105.377056995,0
			23.0778789860001,-105.377501047,0
			23.0777625420001,-105.377927017,0
			23.0778236030001,-105.378167086,0
			23.0780104730001,-105.37846827,0
			23.0781704660001,-105.37871086,0
			23.078384236,-105.378902798,0
			23.0785803360001,-105.379030486,0
			23.0788124780001,-105.379337734,0
			23.0788651650001,-105.379628633,0
			23.0788640340001,-105.379888715,0
			23.078913347,-105.380375839,0
			23.0790728580001,-105.38059879,0
			23.0792785200001,-105.380579491,0
			23.0794843590002,-105.380385481,0
			23.07978863,-105.380175328,0
			23.0800395330001,-105.379913755,0
			23.0802617920001,-105.379799667,0
			23.0805748330001,-105.379770342,0
			23.0809312110001,-105.379877578,0
			23.0816626930001,-105.380440985,0
			23.0820358770001,-105.380818585,0
			23.0821958720001,-105.381185845,0
			23.0822208810001,-105.38162132,0
			23.0819825180002,-105.382140386,0
			23.0816730330001,-105.382755794,0
			23.0816162590002,-105.383276542,0
			23.0817415920001,-105.383567339,0
			23.0819771010002,-105.384471932,0
			23.0822626880001,-105.384618601,0
			23.0826676210001,-105.384955798,0
			23.0829003870002,-105.385192409,0
			23.0831020100001,-105.385649081,0
			23.0832790110001,-105.385899433,0
			23.083412976,-105.386088914,0
			23.083629704,-105.3865607,0
			23.0836763950001,-105.387000661,0
			23.0834403590001,-105.387454017,0
			23.0828781450001,-105.387706651,0
			23.082486563,-105.388177922,0
			23.082472428,-105.388194933,0
			23.0823766920001,-105.388835421,0
			23.0823284470001,-105.3897127,0
			23.082482247,-105.390403735,0
			23.0840819880002,-105.39224539,0
			23.0844360350001,-105.392463867,0
			23.0851574740001,-105.392220003,0
			23.0853314420002,-105.392313632,0
			23.0854126380002,-105.392759619,0
			23.0854471710001,-105.393078114,0
			23.0855519730002,-105.393549653,0
			23.085704155,-105.393906686,0
			23.0858918640002,-105.394187419,0
			23.0860913440001,-105.394765177,0
			23.0863018610001,-105.395338913,0
			23.0864891200002,-105.395797951,0
			23.0866769740001,-105.396014998,0
			23.0869114870001,-105.396410504,0
			23.087099084,-105.396729453,0
			23.087251526,-105.396984611,0
			23.0875448730001,-105.397393024,0
			23.0877912180001,-105.397763091,0
			23.0882070250001,-105.398251271,0
			23.0888061040001,-105.39882615,0
			23.0892760170001,-105.399260574,0
			23.0897462400001,-105.39956762,0
			23.0903115380001,-105.399531079,0
			23.0906887270002,-105.399379365,0
			23.0910360340002,-105.399166585,0
			23.0918135700001,-105.399016051,0
			23.0923196120002,-105.399132164,0
			23.09258656,-105.399254691,0
			23.092626427,-105.399626781,0
			23.0926606570001,-105.399916883,0
			23.092863756,-105.400276841,0
			23.0933244330001,-105.400189942,0
			23.093716817,-105.399963188,0
			23.0940848870001,-105.399877786,0
			23.094457091,-105.399837138,0
			23.09473987,-105.40005016,0
			23.094957327,-105.400239414,0
			23.0949997180001,-105.400711062,0
			23.0951298210001,-105.400970787,0
			23.0956957940001,-105.401231805,0
			23.0961752520001,-105.401233228,0
			23.0963935460001,-105.401092419,0
			23.0966342320001,-105.40071591,0
			23.0970052610002,-105.400504822,0
			23.09741874,-105.400741814,0
			23.0979197510002,-105.400837605,0
			23.0980727250002,-105.400673022,0
			23.0982913780001,-105.40039075,0
			23.0985531990002,-105.400273642,0
			23.0991632980001,-105.400322603,0
			23.100013185,-105.400348699,0
			23.1004060060001,-105.400137669,0
			23.1005811310001,-105.399831685,0
			23.100603939,-105.39943094,0
			23.1006914720001,-105.399289735,0
			23.1011711080001,-105.399220422,0
			23.1015202800001,-105.399032836,0
			23.101978123,-105.398963455,0
			23.1022109470001,-105.398795531,0
			23.1023804230001,-105.398972107,0
			23.1032872080001,-105.400077512,0
			23.1034767200001,-105.401419155,0
			23.1034199760001,-105.402044811,0
			23.1032242680002,-105.403117083,0
			23.1028916650001,-105.403831307,0
			23.1027793280002,-105.404635612,0
			23.1028329220002,-105.405231804,0
			23.1031898580002,-105.405769332,0
			23.1034258750001,-105.406656202,0
			23.1032311440001,-105.407341045,0
			23.1029539550001,-105.407936219,0
			23.1032004680002,-105.408533008,0
			23.104053234,-105.409191291,0
			23.1051548310002,-105.409552334,0
			23.1056494220001,-105.410149907,0
			23.1063919220001,-105.41080785,0
			23.1071362060001,-105.410780364,0
			23.107713404,-105.411408005,0
			23.108647338,-105.412632835,0
			23.1095281110001,-105.413112425,0
			23.1104650420002,-105.413204769,0
			23.1114303920001,-105.412969352,0
			23.112505212,-105.413032328,0
			23.1130559340001,-105.413242667,0
			23.1134948210001,-105.41404875,0
			23.1142927420001,-105.414587727,0
			23.1168973430001,-105.415892358,0
			23.117788814,-105.418551835,0
			23.1175284500001,-105.419767327,0
			23.1185208390001,-105.421230092,0
			23.1197742680002,-105.422339343,0
			23.1202923270001,-105.424427381,0
			23.1200175250002,-105.426343546,0
			23.119913615,-105.429088707,0
			23.1199738710001,-105.430548512,0
			23.1205511340002,-105.43154769,0
			23.1204614380002,-105.434080859,0
			23.1191023690001,-105.437116511,0
			23.1173353140002,-105.438183652,0
			23.1166964550001,-105.440366195,0
			23.1174615850001,-105.442723302,0
			23.1179818270001,-105.443947047,0
			23.1191636720001,-105.445143207,0
			23.1192817310002,-105.44540811,0
			23.119629284,-105.446187966,0
			23.119680492,-105.447559166,0
			23.1191717170001,-105.44948371,0
			23.1188350440001,-105.451539121,0
			23.1176145770001,-105.454187585,0
			23.11733567,-105.455319186,0
			23.1213858510002,-105.472149049,0
			23.1218173000001,-105.473942369,0
			23.1219937360001,-105.474675754,0
			23.128011637,-105.501978156,0
			23.1277294210001,-105.504033748,0
			23.1255441460001,-105.506439755,0
			23.1250624680002,-105.507774514,0
			23.1250585050001,-105.508996542,0
			23.1249995110001,-105.510188574,0
			23.125271535,-105.511292437,0
			23.1251577920001,-105.512365031,0
			23.1246320490002,-105.512988921,0
			23.1240227210001,-105.513880738,0
			23.1240192990001,-105.514923945,0
			23.1247342780001,-105.515869582,0
			23.1250274560001,-105.516683014,0
			23.124914184,-105.517860426,0
			23.1243653730002,-105.519157418,0
			23.1234980300001,-105.519996291,0
			23.1222423770002,-105.521162064,0
			23.1213586030001,-105.522410447,0
			23.1205464290002,-105.523863232,0
			23.119888714,-105.525108612,0
			23.1195002440001,-105.526313433,0
			23.1196513860001,-105.527104378,0
			23.119943389,-105.527497402,0
			23.1194932920002,-105.528393288,0
			23.1189918340001,-105.528890493,0
			23.1190673280001,-105.529306765,0
			23.1185641910001,-105.530303127,0
			23.1180613270001,-105.53121629,0
			23.1171754110002,-105.531711966,0
			23.1165607110001,-105.531584754,0
			23.1158681400001,-105.531748413,0
			23.1151353000002,-105.532452662,0
			23.114597491,-105.532325754,0
			23.113996377,-105.531860142,0
			23.1136972570001,-105.531760707,0
			23.113363049,-105.531623636,0
			23.1128853540002,-105.531943883,0
			23.1125173200001,-105.532140172,0
			23.112434466,-105.532737484,0
			23.1121612860002,-105.533329725,0
			23.111696106,-105.533768015,0
			23.1099219210001,-105.534132895,0
			23.10948704,-105.534983084,0
			23.1090196820001,-105.535738758,0
			23.108657846,-105.536422281,0
			23.108139006,-105.537157821,0
			23.1076477160001,-105.537444445,0
			23.1067903110001,-105.537084375,0
			23.1061401360001,-105.537478268,0
			23.1056646160001,-105.53727533,0
			23.1051392750001,-105.537180832,0
			23.1045410700001,-105.537073984,0
			23.1044852970002,-105.537510162,0
			23.1045870060001,-105.538091004,0
			23.10405066,-105.538479187,0
			23.1037398760001,-105.538926027,0
			23.103564525,-105.539629741,0
			23.1037241370001,-105.540043807,0
			23.10394382,-105.540788774,0
			23.1042346190001,-105.541054729,0
			23.104317044,-105.541417059,0
			23.1044408360002,-105.5419153,0
			23.1043556150001,-105.542367465,0
			23.104269926,-105.542955344,0
			23.1041431810001,-105.543316834,0
			23.1039325930001,-105.543723224,0
			23.103806002,-105.544039473,0
			23.1036789420002,-105.544491438,0
			23.103510028,-105.54494326,0
			23.1034240170001,-105.545621639,0
			23.1032964820001,-105.546209371,0
			23.103377799,-105.546888455,0
			23.103292878,-105.547250079,0
			23.1032917790002,-105.547566832,0
			23.1034995330002,-105.54797491,0
			23.1037500790001,-105.548111673,0
			23.1041679600001,-105.548249114,0
			23.1044177010001,-105.548612127,0
			23.1041654430002,-105.548973101,0
			23.1037469350002,-105.549016639,0
			23.1032022960002,-105.549240677,0
			23.1029086570001,-105.549465733,0
			23.1021973150001,-105.549508078,0
			23.101653779,-105.54941539,0
			23.1011520570001,-105.549322845,0
			23.100473333,-105.549283769,0
			23.1003712650001,-105.549335938,0
			23.1003896460002,-105.549693101,0
			23.1002878490002,-105.549871843,0
			23.1000205530001,-105.550140675,0
			23.0996924110001,-105.550414477,0
			23.0991931310002,-105.550996345,0
			23.0993052860001,-105.551440555,0
			23.099404828,-105.551856781,0
			23.0992749460001,-105.552102379,0
			23.0990681920001,-105.552379401,0
			23.0989523230002,-105.552665456,0
			23.098898094,-105.553176565,0
			23.098886659,-105.554309073,0
			23.0989907310001,-105.555067576,0
			23.0992956370001,-105.555542306,0
			23.099809459,-105.555910923,0
			23.100169889,-105.556347739,0
			23.100579264,-105.557195576,0
			23.101271937,-105.557757765,0
			23.1018302990001,-105.558254271,0
			23.1025049350001,-105.558495801,0
			23.1032403840001,-105.558665634,0
			23.1036885130002,-105.558940824,0
			23.1037367470001,-105.559484696,0
			23.1036702100001,-105.560002066,0
			23.1037391570001,-105.560437634,0
			23.103763955,-105.560944328,0
			23.1040538610002,-105.56167716,0
			23.104562989,-105.562249422,0
			23.104981717,-105.563055825,0
			23.1054720120002,-105.563529906,0
			23.1063317910002,-105.564170739,0
			23.10694089,-105.564620859,0
			23.1074906460001,-105.564912936,0
			23.1079009710002,-105.565291983,0
			23.108304769,-105.565690562,0
			23.1088707450001,-105.566813516,0
			23.1087310230001,-105.56707921,0
			23.1086196900001,-105.567431085,0
			23.1087482270001,-105.567651411,0
			23.1090523120001,-105.567896185,0
			23.109434393,-105.568182492,0
			23.10972531,-105.56873578,0
			23.1099477810001,-105.569096638,0
			23.1100575040002,-105.569342765,0
			23.1098642260002,-105.569823887,0
			23.109725104,-105.570063293,0
			23.1094477780002,-105.570502718,0
			23.1090247290001,-105.570815551,0
			23.1086913960001,-105.571049726,0
			23.1084257070001,-105.570983435,0
			23.1082088810001,-105.570905309,0
			23.1078912930001,-105.570719325,0
			23.107607397,-105.570652522,0
			23.1072177240001,-105.570089726,0
			23.1070690170001,-105.569954275,0
			23.1068738890001,-105.569988456,0
			23.1067179200001,-105.570168266,0
			23.106656197,-105.570648247,0
			23.1065195250001,-105.571308311,0
			23.106431866,-105.571949966,0
			23.1064640690001,-105.572660584,0
			23.1061976710001,-105.5738853,0
			23.1060213710001,-105.574156549,0
			23.1057901450001,-105.574439469,0
			23.1053298090001,-105.574650502,0
			23.105086285,-105.574939664,0
			23.1050137710002,-105.575187449,0
			23.1049668910001,-105.575376745,0
			23.1050939020002,-105.575662765,0
			23.1052096880002,-105.575909028,0
			23.106084793,-105.57628832,0
			23.106515712,-105.576299939,0
			23.1075838950001,-105.576216833,0
			23.1079776290001,-105.575997431,0
			23.1083056510001,-105.575467395,0
			23.1086637260001,-105.575214171,0
			23.109085362,-105.574699504,0
			23.1094055050002,-105.574510992,0
			23.1098012200001,-105.574469071,0
			23.110056897,-105.574705983,0
			23.110179365,-105.575189033,0
			23.1100664870001,-105.575606601,0
			23.1096317500001,-105.576175663,0
			23.1092894570001,-105.576534458,0
			23.1090597530001,-105.577014586,0
			23.1088371800001,-105.577711771,0
			23.1090663330002,-105.578149889,0
			23.1093215850001,-105.5797663,0
			23.1093546390002,-105.58035762,0
			23.1095880030001,-105.580771378,0
			23.1102017590001,-105.58101797,0
			23.1111271360001,-105.581334162,0
			23.1117505980001,-105.581949053,0
			23.1119197720001,-105.582512245,0
			23.1123003540001,-105.583402039,0
			23.1128603090002,-105.584248085,0
			23.1127566650001,-105.584790783,0
			23.1125109960001,-105.585171882,0
			23.112181072,-105.585131896,0
			23.1117245030002,-105.585441599,0
			23.1114157180001,-105.585926136,0
			23.1112091580001,-105.586427264,0
			23.1108180130001,-105.587791574,0
			23.1105381930001,-105.588336047,0
			23.110219839,-105.5886241,0
			23.1097447310001,-105.589209294,0
			23.1097113420001,-105.589292076,0
			23.109293728,-105.590327444,0
			23.1092525710001,-105.591368524,0
			23.1097057090001,-105.592517729,0
			23.110066816,-105.593293401,0
			23.1103283670001,-105.593799966,0
			23.1108795790001,-105.594123769,0
			23.111166919,-105.594565324,0
			23.1110530560001,-105.595285145,0
			23.1106201380002,-105.595621734,0
			23.1100348360001,-105.595870722,0
			23.10961539,-105.596411389,0
			23.1092252290001,-105.596998857,0
			23.109149608,-105.597640861,0
			23.1097904140001,-105.598363553,0
			23.1101757670001,-105.598768316,0
			23.110684758,-105.599340746,0
			23.1110795370001,-105.59960119,0
			23.1117512820002,-105.599633689,0
			23.112196248,-105.60008609,0
			23.1129475550001,-105.600541419,0
			23.113340684,-105.600611231,0
			23.1140931700001,-105.601420324,0
			23.1141380800001,-105.601803966,0
			23.1138826000001,-105.602012162,0
			23.1133511450001,-105.602194157,0
			23.1130519800001,-105.602793995,0
			23.1129620780002,-105.603315326,0
			23.1129255180002,-105.603772646,0
			23.1130727030002,-105.604077479,0
			23.11374621,-105.604474693,0
			23.1148538250001,-105.60479736,0
			23.115423386,-105.605154322,0
			23.1159870400002,-105.605833949,0
			23.1160934110002,-105.606490993,0
			23.1162249640001,-105.607405852,0
			23.1164120770001,-105.608513569,0
			23.1166353790001,-105.609046244,0
			23.1170540380002,-105.609189305,0
			23.1173242570001,-105.609130104,0
			23.117704127,-105.608980004,0
			23.1181237330001,-105.608592324,0
			23.1183964590001,-105.608178594,0
			23.1185092820001,-105.607741433,0
			23.1183344970001,-105.607247067,0
			23.1181840250001,-105.606850756,0
			23.1181375320001,-105.606561475,0
			23.1181462650002,-105.606022743,0
			23.1181877940002,-105.605871661,0
			23.118246694,-105.605790975,0
			23.118449307,-105.605742988,0
			23.1186676520001,-105.605835325,0
			23.1190491530001,-105.606032884,0
			23.1198269010002,-105.606362362,0
			23.1207397380001,-105.606512186,0
			23.1217886830001,-105.606959921,0
			23.1217233250001,-105.607783154,0
			23.1218419300002,-105.608311374,0
			23.1221932780001,-105.609095959,0
			23.1222280160001,-105.609975322,0
			23.122361818,-105.610512304,0
			23.1225536200001,-105.611534218,0
			23.1225489730002,-105.612720639,0
			23.1224147790001,-105.614183681,0
			23.1220082410002,-105.615775406,0
			23.1219877660002,-105.616983214,0
			23.1222140850002,-105.617514382,0
			23.1231820310001,-105.617741039,0
			23.123824046,-105.617616885,0
			23.1240458120001,-105.617022913,0
			23.1240510590001,-105.616798051,0
			23.1243506640001,-105.616497879,0
			23.1249005680001,-105.616196745,0
			23.125649657,-105.616433836,0
			23.1261279710001,-105.617055253,0
			23.1262599990001,-105.617667205,0
			23.1263034770001,-105.618755043,0
			23.125840837,-105.619198152,0
			23.1252047770001,-105.619720955,0
			23.1244365340001,-105.620560828,0
			23.1234664700001,-105.621872238,0
			23.1229612160001,-105.622803677,0
			23.1223360010001,-105.623529277,0
			23.122388098,-105.623969575,0
			23.1227846690001,-105.624351752,0
			23.1235093490002,-105.624709132,0
			23.1243439170001,-105.625035777,0
			23.1247939410001,-105.625132485,0
			23.1253744000001,-105.625654723,0
			23.1255350010001,-105.625789639,0
			23.12548299,-105.626725766,0
			23.125889004,-105.626821207,0
			23.1262795130001,-105.626860588,0
			23.1265479620002,-105.627030882,0
			23.126790532,-105.627163491,0
			23.1270074820002,-105.627183283,0
			23.127224378,-105.627221857,0
			23.1275537170002,-105.627364247,0
			23.1278653540001,-105.627591095,0
			23.1280991460001,-105.627742478,0
			23.128657661,-105.628225188,0
			23.1289863430001,-105.628527252,0
			23.129375748,-105.628848385,0
			23.1297133920001,-105.629084767,0
			23.1299732690002,-105.62922684,0
			23.1301984510001,-105.629359376,0
			23.1303454740001,-105.629500952,0
			23.1305269630001,-105.629708419,0
			23.1307261550001,-105.629831457,0
			23.1308819720001,-105.629944886,0
			23.131206117,-105.630429195,0
			23.1315174870001,-105.630721784,0
			23.1318549410001,-105.631005118,0
			23.1319664040001,-105.631353153,0
			23.1321384560002,-105.631748419,0
			23.1323543890002,-105.63202181,0
			23.1327437860002,-105.632342961,0
			23.1330110980001,-105.632795028,0
			23.1333225010002,-105.633078277,0
			23.1336382400001,-105.633393795,0
			23.1339400910001,-105.633892975,0
			23.1341466780001,-105.634335386,0
			23.1343103040001,-105.634664892,0
			23.1343615480001,-105.634871758,0
			23.1349489310001,-105.635491496,0
			23.1356872290001,-105.636146241,0
			23.1362028130001,-105.637087171,0
			23.1368719720002,-105.637433458,0
			23.1373418040001,-105.637778806,0
			23.1379645060001,-105.638409179,0
			23.1385348290002,-105.639690648,0
			23.1391038810002,-105.640144325,0
			23.140137441,-105.640935579,0
			23.1406672040001,-105.64213418,0
			23.141052888,-105.643106595,0
			23.1417680700001,-105.643990749,0
			23.1428298580001,-105.644797431,0
			23.1436960820001,-105.645259443,0
			23.1447196130001,-105.645372194,0
			23.1454212220002,-105.645260767,0
			23.1464858750001,-105.645366065,0
			23.1475440280001,-105.645552978,0
			23.1481971880002,-105.645875296,0
			23.1488905780001,-105.646179255,0
			23.149353845,-105.64613136,0
			23.150124239,-105.646137067,0
			23.1508826040001,-105.64598837,0
			23.1510162290001,-105.645942485,0
			23.1515015200002,-105.645805398,0
			23.151802248,-105.645129559,0
			23.1518444940002,-105.644454723,0
			23.1519482750001,-105.643781579,0
			23.1521776310001,-105.643378476,0
			23.1525491890001,-105.642912636,0
			23.1527129170001,-105.642307776,0
			23.1530218840001,-105.641665459,0
			23.1535766110002,-105.640890442,0
			23.153976093,-105.640358714,0
			23.1543230630002,-105.63981601,0
			23.1546142430001,-105.639125234,0
			23.1548284740001,-105.638616984,0
			23.155134386,-105.637949367,0
			23.1553959840002,-105.637670909,0
			23.1556262270001,-105.637229733,0
			23.1559159770001,-105.63687587,0
			23.15647635,-105.636796075,0
			23.1569775950001,-105.636800318,0
			23.1575676280001,-105.636768895,0
			23.1585388890001,-105.637168187,0
			23.159549581,-105.637576773,0
			23.1604968350001,-105.637832501,0
			23.1611369230001,-105.637916734,0
			23.161244276,-105.638214836,0
			23.161573815,-105.638414312,0
			23.1622615290001,-105.638557692,0
			23.163421118,-105.638618085,0
			23.1650506630001,-105.638729805,0
			23.165962123,-105.63886908,0
			23.1669175340001,-105.639009563,0
			23.1676157270001,-105.638866857,0
			23.1681245730001,-105.638401323,0
			23.1689029060001,-105.637841846,0
			23.169303271,-105.63727197,0
			23.169345893,-105.636671446,0
			23.169806889,-105.636141306,0
			23.1702340600001,-105.63555314,0
			23.1705121130001,-105.635054499,0
			23.1708975570002,-105.634369935,0
			23.1710175320001,-105.633754274,0
			23.1714071800001,-105.63364116,0
			23.1718946410001,-105.633483113,0
			23.1727510300001,-105.633172184,0
			23.1734489940002,-105.633038943,0
			23.1739725940001,-105.633215193,0
			23.1748027160001,-105.633447436,0
			23.1755624270002,-105.633878829,0
			23.1764529700002,-105.634160371,0
			23.1767810760002,-105.634628413,0
			23.1782338980001,-105.635687184,0
			23.1795757120001,-105.636792314,0
			23.1802871790001,-105.637583203,0
			23.1815699740001,-105.638552715,0
			23.1825405040001,-105.638798391,0
			23.1835897440001,-105.639609278,0
			23.1846881700002,-105.640401301,0
			23.1854511910001,-105.640717906,0
			23.1859305260001,-105.640531071,0
			23.186483542,-105.640203429,0
			23.1866860740001,-105.639818521,0
			23.1871239230002,-105.639525797,0
			23.1871871530001,-105.639079911,0
			23.187521609,-105.638408707,0
			23.1874723600001,-105.637883563,0
			23.1876015880002,-105.637249016,0
			23.1878538670002,-105.636617868,0
			23.1884893120001,-105.63614959,0
			23.1885429080001,-105.635529936,0
			23.1889388040001,-105.635150317,0
			23.1891309690001,-105.634831794,0
			23.1897758820001,-105.634335187,0
			23.1908224480001,-105.63416513,0
			23.1919243860001,-105.634433436,0
			23.1930608150001,-105.63473127,0
			23.194156362,-105.635104927,0
			23.1953952760001,-105.635157948,0
			23.196922643,-105.635226484,0
			23.1975899100001,-105.634901903,0
			23.198016502,-105.634713607,0
			23.1984769160001,-105.634583368,0
			23.19864539,-105.634149861,0
			23.1989365280001,-105.633860047,0
			23.1993129250001,-105.633937031,0
			23.1998555720001,-105.633675711,0
			23.1999322610002,-105.633030152,0
			23.2002375800001,-105.632762298,0
			23.2006159130001,-105.632532697,0
			23.2015307530001,-105.631776743,0
			23.2021054540001,-105.630897193,0
			23.2022945280002,-105.629712525,0
			23.2033044750001,-105.629778296,0
			23.2047591580001,-105.630170428,0
			23.2063828010001,-105.630167601,0
			23.2074957660001,-105.630340959,0
			23.2085190890001,-105.631160916,0
			23.2095157550002,-105.632169309,0
			23.2105399430001,-105.632960506,0
			23.2112234150001,-105.633445966,0
			23.2122638570002,-105.634217884,0
			23.212844299,-105.634595767,0
			23.214054066,-105.635677413,0
			23.2147473470001,-105.635744059,0
			23.2154414280001,-105.635401126,0
			23.2159211190001,-105.634823684,0
			23.216504543,-105.634084639,0
			23.2167042000001,-105.633070857,0
			23.2169675730001,-105.632716101,0
			23.2172254950002,-105.632218308,0
			23.2173624330001,-105.631708384,0
			23.2177098030001,-105.630949037,0
			23.218516461,-105.630064985,0
			23.219235555,-105.629672791,0
			23.2201768930001,-105.629533825,0
			23.2208292550001,-105.629826281,0
			23.221484995,-105.630368819,0
			23.222136071,-105.63071618,0
			23.22303859,-105.631152807,0
			23.2236402670001,-105.631443892,0
			23.224955902,-105.631562322,0
			23.2275316000001,-105.631441613,0
			23.2296339870001,-105.631526695,0
			23.2313191150001,-105.631023629,0
			23.2329603940001,-105.630712396,0
			23.2344870790002,-105.630479609,0
			23.2355810910001,-105.630317346,0
			23.2365355740001,-105.630700504,0
			23.2373855390001,-105.631880331,0
			23.2375794810001,-105.632678996,0
			23.2381070010001,-105.63439671,0
			23.237939769,-105.63678088,0
			23.237490867,-105.638618735,0
			23.2374860780001,-105.639372324,0
			23.237477449,-105.64072898,0
			23.2380760120001,-105.642343949,0
			23.2389584220001,-105.642635705,0
			23.2400361940001,-105.642401803,0
			23.241757608,-105.641315604,0
			23.2429841610002,-105.639879762,0
			23.2435913830001,-105.638948203,0
			23.2450173860001,-105.639181825,0
			23.2459343420001,-105.640094418,0
			23.2467504100001,-105.640749239,0
			23.248084036,-105.64234942,0
			23.2492521080002,-105.643302387,0
			23.251774746,-105.646097763,0
			23.253365804,-105.646843116,0
			23.2544225820001,-105.646910751,0
			23.2561555290002,-105.647051201,0
			23.2570928790001,-105.647100127,0
			23.258478537,-105.647370346,0
			23.2593961060002,-105.647684678,0
			23.2603106680002,-105.647748407,0
			23.2615501350001,-105.647473405,0
			23.2625382260001,-105.647057384,0
			23.2636813250001,-105.646315507,0
			23.2643530040002,-105.645360781,0
			23.2647185640002,-105.644185664,0
			23.265238454,-105.643255664,0
			23.2659696950001,-105.642793989,0
			23.2664674380001,-105.643019825,0
			23.2671024790002,-105.643625095,0
			23.2676349960001,-105.644429883,0
			23.2687767010001,-105.645280988,0
			23.2693683530001,-105.645461078,0
			23.2702739620001,-105.645148746,0
			23.2716921850001,-105.645158735,0
			23.2724073030001,-105.645004967,0
			23.273422178,-105.644048794,0
			23.2739829570002,-105.643649854,0
			23.2747675210001,-105.643189617,0
			23.2754331570001,-105.642870658,0
			23.2764790860002,-105.643208398,0
			23.2776161960001,-105.644930592,0
			23.2787168390001,-105.646917124,0
			23.2784854220001,-105.647681696,0
			23.2786086760001,-105.648870414,0
			23.2792909640001,-105.65011307,0
			23.2799000380001,-105.651064627,0
			23.2810184550002,-105.652460215,0
			23.2817193960001,-105.653664895,0
			23.2819694910002,-105.654375283,0
			23.2817756270001,-105.655054157,0
			23.2816852390001,-105.655870813,0
			23.2818222740001,-105.657284922,0
			23.2821940140001,-105.65828454,0
			23.282634738,-105.658719017,0
			23.2831168390001,-105.659416586,0
			23.2839572130001,-105.660374887,0
			23.2842628500001,-105.661107287,0
			23.284797301,-105.661522173,0
			23.2857339320001,-105.662175464,0
			23.2864897790001,-105.662554367,0
			23.2867749690002,-105.662737229,0
			23.2870557600001,-105.663106956,0
			23.287288319,-105.663396935,0
			23.287420158,-105.663708259,0
			23.2874015020001,-105.664262786,0
			23.287284546,-105.664736157,0
			23.2871471790001,-105.665130523,0
			23.2866494270001,-105.665225344,0
			23.2863216760001,-105.665365097,0
			23.2849625710002,-105.664871091,0
			23.2843392970001,-105.663785105,0
			23.2839382560001,-105.663556831,0
			23.2836097110002,-105.663559798,0
			23.2833285310002,-105.663913995,0
			23.283058179,-105.664264365,0
			23.2828994640001,-105.664590173,0
			23.2826596480002,-105.664843436,0
			23.28247335,-105.66518769,0
			23.282192412,-105.665945462,0
			23.2825400130001,-105.666286667,0
			23.2827941380001,-105.666732853,0
			23.282944645,-105.667364383,0
			23.2829338580001,-105.668170679,0
			23.2827707010002,-105.66912511,0
			23.2825867780002,-105.669903248,0
			23.282601415,-105.670333847,0
			23.2825281500001,-105.670756828,0
			23.2824644380001,-105.670970667,0
			23.2822710090001,-105.671364283,0
			23.2818621860001,-105.671863788,0
			23.2816368990001,-105.672646214,0
			23.2816552940002,-105.673277736,0
			23.2816453020001,-105.674092283,0
			23.2821608900001,-105.675127003,0
			23.2830816430002,-105.675531788,0
			23.284005609,-105.67571837,0
			23.2844911390001,-105.675917614,0
			23.285269058,-105.676237546,0
			23.2857760370002,-105.67704471,0
			23.2860138010001,-105.678180585,0
			23.2858814330002,-105.679044579,0
			23.28574581,-105.679674567,0
			23.2856658480002,-105.680306122,0
			23.2857021230001,-105.681210166,0
			23.2857079130002,-105.68276536,0
			23.2857421140001,-105.684809743,0
			23.2861154930002,-105.685456447,0
			23.2865861510001,-105.686186555,0
			23.2875200140001,-105.687084111,0
			23.2884332,-105.687638311,0
			23.2895716680001,-105.68827153,0
			23.2902261070001,-105.688576566,0
			23.2908983410001,-105.688828304,0
			23.2914337360001,-105.689094871,0
			23.2921015100001,-105.689534714,0
			23.2927685340001,-105.68963874,0
			23.2936805310001,-105.690328143,0
			23.2946159690001,-105.690771154,0
			23.2953111120001,-105.690634896,0
			23.2961984630001,-105.690408119,0
			23.2970475170002,-105.69023056,0
			23.297802834,-105.690161316,0
			23.2984847170001,-105.690576726,0
			23.2987141940001,-105.691013368,0
			23.2989343460001,-105.69149457,0
			23.2991440950001,-105.692065099,0
			23.2993693070001,-105.692680881,0
			23.2997806540001,-105.693217685,0
			23.3003048850001,-105.69381584,0
			23.3007295080001,-105.69391823,0
			23.3013122220001,-105.693972297,0
			23.3018179050002,-105.693605199,0
			23.3021901770001,-105.69322593,0
			23.3027720820002,-105.692620026,0
			23.303267545,-105.691691773,0
			23.3036553930002,-105.691300106,0
			23.3039752710001,-105.69071744,0
			23.3041654580002,-105.690023573,0
			23.3044821390002,-105.689575253,0
			23.3049993930002,-105.68888109,0
			23.3051412280001,-105.688481674,0
			23.3056114920001,-105.688021496,0
			23.3060846990001,-105.687642266,0
			23.3064256120001,-105.687359977,0
			23.3066996850001,-105.687317479,0
			23.3069042710002,-105.687303069,0
			23.3071438200002,-105.687380159,0
			23.3073614630002,-105.687597506,0
			23.3074480320001,-105.687861516,0
			23.3075079620002,-105.688074472,0
			23.3074434580001,-105.688444957,0
			23.3074700490001,-105.6888884,0
			23.307226879,-105.689354513,0
			23.306964201,-105.689860341,0
			23.3062622370002,-105.69073975,0
			23.3060640640001,-105.69087509,0
			23.305821899,-105.69107767,0
			23.305547221,-105.691150698,0
			23.3052808690002,-105.691406616,0
			23.305136216,-105.691745793,0
			23.3052165410002,-105.692159428,0
			23.3052141790001,-105.692724909,0
			23.305442549,-105.693396962,0
			23.3060090540001,-105.694336742,0
			23.3064216160001,-105.695606838,0
			23.3068146740002,-105.696595436,0
			23.3069949050001,-105.697214217,0
			23.3071453150001,-105.698305054,0
			23.3072395450001,-105.698711129,0
			23.3074407250002,-105.699005694,0
			23.307511479,-105.699160054,0
			23.3075479010001,-105.699367239,0
			23.30771913,-105.699470625,0
			23.3080001610001,-105.699478476,0
			23.3083136150001,-105.699514112,0
			23.3089437780001,-105.699306929,0
			23.3094857360002,-105.699124857,0
			23.3099223730002,-105.698850196,0
			23.310232313,-105.698338945,0
			23.3103742220002,-105.697589925,0
			23.310391716,-105.696855351,0
			23.3105071090001,-105.696177314,0
			23.3104563870001,-105.695180881,0
			23.3104433120002,-105.694324715,0
			23.3101875620002,-105.693950062,0
			23.309996003,-105.693657863,0
			23.309813193,-105.69299839,0
			23.3100711680001,-105.692584259,0
			23.3104285840002,-105.69248759,0
			23.310974821,-105.692331185,0
			23.3117066160001,-105.692512938,0
			23.3125789260001,-105.692698634,0
			23.313161306,-105.692903106,0
			23.3144148030001,-105.692974972,0
			23.3154571180001,-105.692968175,0
			23.3161200690001,-105.692914957,0
			23.317162061,-105.69322302,0
			23.3180899400001,-105.693159247,0
			23.3190135460002,-105.693274657,0
			23.3196463800001,-105.693444706,0
			23.3203677830001,-105.69371584,0
			23.3215705760002,-105.694567442,0
			23.32213355,-105.695587215,0
			23.322785734,-105.696681219,0
			23.3231387680001,-105.697716236,0
			23.3235589210001,-105.698481026,0
			23.323558964,-105.699520972,0
			23.323835592,-105.700407258,0
			23.324240339,-105.700777167,0
			23.3249285100002,-105.700706767,0
			23.3254034930001,-105.700558651,0
			23.326290655,-105.700016806,0
			23.3270550480001,-105.699177508,0
			23.3274794220001,-105.698723178,0
			23.3282292450002,-105.698842741,0
			23.3289837240002,-105.699340366,0
			23.3296077880001,-105.699877785,0
			23.3304469710002,-105.70041226,0
			23.331123355,-105.701365423,0
			23.3318810910002,-105.702193501,0
			23.3326506460002,-105.702179149,0
			23.3331936740001,-105.701952256,0
			23.3341381490001,-105.701448372,0
			23.3350122830001,-105.70086314,0
			23.3359635850001,-105.700163486,0
			23.3369227640001,-105.698987068,0
			23.3379489780002,-105.697572238,0
			23.3389764440001,-105.695941777,0
			23.3394234780001,-105.695577693,0
			23.3397317450001,-105.694788315,0
			23.340154456,-105.694055921,0
			23.3405692230002,-105.694004736,0
			23.3409156840001,-105.694390992,0
			23.3415224090002,-105.695027536,0
			23.3418073440002,-105.695914188,0
			23.3417630860001,-105.697078553,0
			23.3413627540002,-105.698259883,0
			23.3409736720001,-105.699315981,0
			23.3404181770001,-105.700462606,0
			23.3401866810001,-105.700805815,0
			23.339893407,-105.701658359,0
			23.3398904990001,-105.702474209,0
			23.3399113820001,-105.702985856,0
			23.3400973660001,-105.703511083,0
			23.3404836390002,-105.703961234,0
			23.3411336210001,-105.704104932,0
			23.3421395580002,-105.704668938,0
			23.3432288030001,-105.70452278,0
			23.34451296,-105.704271756,0
			23.3455009800001,-105.704460791,0
			23.3468733350001,-105.70471587,0
			23.3477636670002,-105.704839418,0
			23.3487317350001,-105.705171374,0
			23.349270985,-105.705796223,0
			23.35015279,-105.707439208,0
			23.3503946110001,-105.708396463,0
			23.3502949650002,-105.709451753,0
			23.3502561710001,-105.710383223,0
			23.3499782350001,-105.711232447,0
			23.3496434100002,-105.711995336,0
			23.3496274860001,-105.712862259,0
			23.349604217,-105.713489292,0
			23.3496168040001,-105.714000747,0
			23.349820342,-105.714481685,0
			23.350217765,-105.715156398,0
			23.3507774280002,-105.715477625,0
			23.3512936540001,-105.715680423,0
			23.3519576730001,-105.715582474,0
			23.3526219780001,-105.715417835,0
			23.3531891380001,-105.714632472,0
			23.3534227190002,-105.713837723,0
			23.3539422230002,-105.71305099,0
			23.3548423180001,-105.712300764,0
			23.3559726500002,-105.711893039,0
			23.356841097,-105.712126077,0
			23.3575621080001,-105.712460657,0
			23.3594559120001,-105.712012754,0
			23.3601847060002,-105.711827918,0
			23.361347951,-105.711667972,0
			23.362751847,-105.711771034,0
			23.3634122020001,-105.711870384,0
			23.3638810800001,-105.712009278,0
			23.3642813750001,-105.712245059,0
			23.364487604,-105.712628081,0
			23.3647223050002,-105.713178442,0
			23.364967411,-105.713943944,0
			23.3650802340001,-105.714457851,0
			23.3652127430001,-105.715094265,0
			23.3655246530001,-105.715561098,0
			23.365881931,-105.715517227,0
			23.3661812450001,-105.715471753,0
			23.366416485,-105.715334633,0
			23.366820101,-105.715379395,0
			23.3672972100002,-105.715968565,0
			23.3683344500002,-105.717808479,0
			23.3685294730001,-105.718035235,0
			23.3694141590001,-105.719063886,0
			23.369963361,-105.719893526,0
			23.3703976420002,-105.720664389,0
			23.370973428,-105.721605874,0
			23.3715543910001,-105.72250267,0
			23.3721256510001,-105.723248812,0
			23.3723868270002,-105.72420296,0
			23.3724549290001,-105.725311404,0
			23.3725287680001,-105.726180447,0
			23.3729779640001,-105.726752039,0
			23.3735586530001,-105.727536846,0
			23.373643063,-105.728156056,0
			23.373896159,-105.72900734,0
			23.3740103870001,-105.729945987,0
			23.374275246,-105.730307087,0
			23.3744973200001,-105.730438449,0
			23.374897295,-105.730689663,0
			23.3754641940002,-105.730739846,0
			23.376404946,-105.730644095,0
			23.3769512920001,-105.730516691,0
			23.3774770390002,-105.7302191,0
			23.3777311020002,-105.72992277,0
			23.3778803630001,-105.729534236,0
			23.3781073920002,-105.729217257,0
			23.3782232370001,-105.728624528,0
			23.3782202740001,-105.728062099,0
			23.378024258,-105.727654919,0
			23.3777367000001,-105.727267307,0
			23.3774603210001,-105.726981359,0
			23.3770893650001,-105.726356863,0
			23.3769964100001,-105.725871868,0
			23.3768535180002,-105.725159699,0
			23.376680955,-105.724458968,0
			23.3765683330001,-105.723451921,0
			23.3765722370001,-105.723285793,0
			23.3776651000002,-105.718857535,0
			23.3781468100001,-105.718026598,0
			23.3785947850001,-105.717331888,0
			23.378999417,-105.717089937,0
			23.3793262920001,-105.716972611,0
			23.3796338220002,-105.716996033,0
			23.3800370230001,-105.717292549,0
			23.380468097,-105.718183079,0
			23.3804846270002,-105.71881098,0
			23.3807047300002,-105.71928489,0
			23.380913498,-105.719792735,0
			23.381133597,-105.720266647,0
			23.3814836780001,-105.720584503,0
			23.3824819100001,-105.721424685,0
			23.3829656680002,-105.721871814,0
			23.383761535,-105.722464596,0
			23.38479499,-105.722801709,0
			23.385421003,-105.722621875,0
			23.3860356790001,-105.722418716,0
			23.3867941460001,-105.721999195,0
			23.3874281160001,-105.72163194,0
			23.3880145430001,-105.721306168,0
			23.3883937630001,-105.720697856,0
			23.3888443340001,-105.720334027,0
			23.389461351,-105.719609788,0
			23.3900454500001,-105.71894167,0
			23.3905256460001,-105.718658537,0
			23.391087776,-105.718468964,0
			23.3919240610001,-105.718008232,0
			23.3921950800002,-105.717673573,0
			23.3926928810001,-105.717094271,0
			23.3930343430001,-105.716453544,0
			23.393166627,-105.715761298,0
			23.3932580970001,-105.715455824,0
			23.3932563090002,-105.715090677,0
			23.3931116960002,-105.714538973,0
			23.3929956220002,-105.71411359,0
			23.3925488440001,-105.713439327,0
			23.3923475710001,-105.713057176,0
			23.3922762930001,-105.712605434,0
			23.3925504700001,-105.71207955,0
			23.3929140290001,-105.711893133,0
			23.3934960760002,-105.71174973,0
			23.3941581450001,-105.711779709,0
			23.3948938170001,-105.711811753,0
			23.3957111880001,-105.711887889,0
			23.3963310290002,-105.711855159,0
			23.3968645120001,-105.711912412,0
			23.3977824530002,-105.711801248,0
			23.3983877050002,-105.711567224,0
			23.3990845270001,-105.711330597,0
			23.3994627210001,-105.71097043,0
			23.399854583,-105.710637566,0
			23.4000150040001,-105.710197326,0
			23.4002520160001,-105.709964357,0
			23.4004437180002,-105.709867052,0
			23.4007626580001,-105.709727669,0
			23.4012287840001,-105.709592411,0
			23.4018296400001,-105.709414909,0
			23.4023027510001,-105.70942817,0
			23.4027896320001,-105.709304879,0
			23.4035671780002,-105.708904514,0
			23.4038796860001,-105.708593793,0
			23.404121504,-105.70860057,0
			23.4047118340002,-105.708788103,0
			23.4054726700001,-105.708969889,0
			23.4061094710001,-105.709295086,0
			23.4066032220002,-105.709765331,0
			23.4075831710002,-105.71040921,0
			23.4081339490001,-105.710253497,0
			23.4086661610001,-105.709994575,0
			23.409083805,-105.709686793,0
			23.4094753530001,-105.709150059,0
			23.4096795640002,-105.708528209,0
			23.4099317240001,-105.708101661,0
			23.4100369580001,-105.707659605,0
			23.410262831,-105.706570505,0
			23.4103581210001,-105.706213505,0
			23.4106758840002,-105.705241095,0
			23.4109652740001,-105.704575969,0
			23.4112630000001,-105.70400235,0
			23.4117121820001,-105.703695425,0
			23.412403161,-105.703395265,0
			23.4134613900001,-105.703004881,0
			23.4143025170001,-105.702579394,0
			23.4152948580001,-105.702435995,0
			23.416489482,-105.702011586,0
			23.4174252510001,-105.701592737,0
			23.4180893130001,-105.701097806,0
			23.41908979,-105.700612278,0
			23.4196858710001,-105.700320845,0
			23.4201705820001,-105.700288748,0
			23.4205634020001,-105.700449127,0
			23.4209146100002,-105.700721403,0
			23.4215703500001,-105.701458677,0
			23.4218473460001,-105.702196775,0
			23.4220628790001,-105.702864675,0
			23.4221582280001,-105.703278173,0
			23.4223020560001,-105.703638546,0
			23.4229600570001,-105.703839552,0
			23.4235665690002,-105.703993466,0
			23.4243186460001,-105.704219936,0
			23.424846669,-105.704577075,0
			23.425066814,-105.705051119,0
			23.4252033940002,-105.705500021,0
			23.4252757280001,-105.706191677,0
			23.4258534960001,-105.707109411,0
			23.4259636020001,-105.707785801,0
			23.4258099530002,-105.708934097,0
			23.4256748710002,-105.710185632,0
			23.4254312160002,-105.711137393,0
			23.4255149310001,-105.712128149,0
			23.4257457580001,-105.713036153,0
			23.426361332,-105.714571222,0
			23.4265837790001,-105.715387716,0
			23.426875451,-105.716388775,0
			23.4270666760001,-105.717234864,0
			23.4269920190001,-105.719035889,0
			23.426634028,-105.719927362,0
			23.4263471660001,-105.720923575,0
			23.426448199,-105.721976303,0
			23.4266820940001,-105.722624981,0
			23.4270867670001,-105.722987138,0
			23.4276427450001,-105.723493501,0
			23.428071731,-105.724030535,0
			23.428557768,-105.725066401,0
			23.4285640310001,-105.725682829,0
			23.4287103770001,-105.726599936,0
			23.4287255050002,-105.727285098,0
			23.4288986020002,-105.727963295,0
			23.428984466,-105.728330911,0
			23.4299837290002,-105.729214995,0
			23.430322466,-105.729566915,0
			23.4307001230001,-105.729611802,0
			23.4315178450001,-105.730035392,0
			23.4320919680001,-105.730222766,0
			23.43281055,-105.730528333,0
			23.433451587,-105.730557822,0
			23.4340090750002,-105.730562127,0
			23.4346199390001,-105.730533694,0
			23.43509089,-105.730054268,0
			23.4357364790001,-105.729456185,0
			23.436443492,-105.728928289,0
			23.4371483140001,-105.728491643,0
			23.4376266230001,-105.728288269,0
			23.4382183750001,-105.728179406,0
			23.4388950550001,-105.728038693,0
			23.4395883980002,-105.728403235,0
			23.4402313020001,-105.729231711,0
			23.440581749,-105.729972022,0
			23.4409596230001,-105.730884332,0
			23.4411925090001,-105.73170124,0
			23.4419547950001,-105.733415929,0
			23.4424274440001,-105.733885797,0
			23.4427983460001,-105.734649563,0
			23.4429703150001,-105.735373449,0
			23.4436216710001,-105.736480097,0
			23.4439217100001,-105.737127724,0
			23.4443268790001,-105.737778349,0
			23.4446382490001,-105.738392058,0
			23.4452055130002,-105.738864629,0
			23.4456285120001,-105.738773868,0
			23.446158326,-105.738902436,0
			23.4464300240002,-105.738978607,0
			23.446968405,-105.738902523,0
			23.4473587680001,-105.738856478,0
			23.447951899,-105.738690617,0
			23.4483812100002,-105.7383375,0
			23.4487644570002,-105.737865312,0
			23.449093845,-105.737292494,0
			23.449302373,-105.736933132,0
			23.4494688490001,-105.736572582,0
			23.4496090850002,-105.736428163,0
			23.4498550030001,-105.736263898,0
			23.4498815140001,-105.73603638,0
			23.449932889,-105.735649745,0
			23.45061298,-105.735118713,0
			23.4511156110001,-105.734779063,0
			23.4519955130001,-105.734061969,0
			23.4521786220001,-105.733884507,0
			23.4523073000001,-105.732960054,0
			23.4525439670001,-105.732304705,0
			23.4525820800001,-105.732031847,0
			23.4529223390001,-105.731881647,0
			23.4527844660001,-105.731489664,0
			23.4526949420002,-105.730836526,0
			23.452697716,-105.73041684,0
			23.4528428190001,-105.730148886,0
			23.4531149790002,-105.729992295,0
			23.4535044430001,-105.729728059,0
			23.4538930470001,-105.729316695,0
			23.454282322,-105.729316253,0
			23.4547662050001,-105.729318478,0
			23.4555281980001,-105.729568259,0
			23.456126038,-105.729847826,0
			23.4565366130001,-105.72983657,0
			23.4569413180001,-105.729631119,0
			23.457322805,-105.729516295,0
			23.457852847,-105.729348602,0
			23.4581640380001,-105.729094846,0
			23.458583085,-105.728729964,0
			23.4587684330001,-105.728161178,0
			23.4589254680002,-105.727754682,0
			23.4590929850001,-105.726945204,0
			23.459891664,-105.725374855,0
			23.460092549,-105.725150708,0
			23.4604662540002,-105.724921508,0
			23.4608092390002,-105.724657216,0
			23.4614086640001,-105.724548791,0
			23.4621140070001,-105.724968188,0
			23.462655899,-105.725622692,0
			23.4628392430001,-105.726312766,0
			23.46334827,-105.726747127,0
			23.4640237440001,-105.727123086,0
			23.465353652,-105.727646106,0
			23.4668172680002,-105.728063488,0
			23.4674112300001,-105.727994879,0
			23.4685304930001,-105.72760916,0
			23.468981702,-105.727511407,0
			23.4695492330002,-105.727386804,0
			23.470410691,-105.726917966,0
			23.4708570400001,-105.726830116,0
			23.471410647,-105.726514304,0
			23.4721600340001,-105.725685253,0
			23.4726425440001,-105.725246917,0
			23.4730262520002,-105.724876096,0
			23.4735244130001,-105.72428147,0
			23.4739299210001,-105.723966482,0
			23.474354405,-105.723631964,0
			23.4744685060002,-105.723587995,0
			23.4748401470001,-105.723444779,0
			23.4752353280002,-105.723591473,0
			23.4757026420001,-105.723921276,0
			23.4760609860001,-105.72427516,0
			23.476451152,-105.724693253,0
			23.4770157980001,-105.725382022,0
			23.477560882,-105.72629306,0
			23.478102827,-105.726986864,0
			23.478514929,-105.727532237,0
			23.4788098750001,-105.72774864,0
			23.4793345420001,-105.727772492,0
			23.4800619770001,-105.727939288,0
			23.4804539860002,-105.727932255,0
			23.4809717050001,-105.728245401,0
			23.4813625100002,-105.728636415,0
			23.481602259,-105.72906838,0
			23.481999425,-105.729540999,0
			23.48232661,-105.729803551,0
			23.4824828210001,-105.730242253,0
			23.4825374110001,-105.73084727,0
			23.482454837,-105.731161581,0
			23.4825446060001,-105.731589347,0
			23.4826007030001,-105.732378057,0
			23.48276481,-105.732835069,0
			23.48276077,-105.733350675,0
			23.4825658890002,-105.733679338,0
			23.482382978,-105.734154262,0
			23.4826790720001,-105.734669299,0
			23.4829177180001,-105.735146503,0
			23.483424923,-105.735549873,0
			23.4838717720002,-105.735689147,0
			23.4843766100001,-105.736450255,0
			23.4845648350002,-105.73694415,0
			23.484840127,-105.737630501,0
			23.4851079600001,-105.738280452,0
			23.4852696570001,-105.738836942,0
			23.4853405670001,-105.739354653,0
			23.485735429,-105.73973758,0
			23.486157068,-105.739885199,0
			23.4868900100001,-105.739914991,0
			23.4873721410001,-105.739973857,0
			23.4879211430001,-105.740025574,0
			23.4886410850002,-105.740094219,0
			23.4892734640001,-105.740492124,0
			23.489650026,-105.741127073,0
			23.4898836470001,-105.74181228,0
			23.4899006500002,-105.742491359,0
			23.4899182970001,-105.743048085,0
			23.4901305620002,-105.743330296,0
			23.4908277390001,-105.743668882,0
			23.4915848620001,-105.744079386,0
			23.4921446970001,-105.744719545,0
			23.4924865080001,-105.745574744,0
			23.492864449,-105.746843141,0
			23.4931833660002,-105.747793206,0
			23.4936717460001,-105.748630435,0
			23.494073609,-105.748560375,0
			23.494500256,-105.748354821,0
			23.4950967950001,-105.748163614,0
			23.4958157290001,-105.748428301,0
			23.4962459560001,-105.748911009,0
			23.4968125800001,-105.749614773,0
			23.497501108,-105.750313702,0
			23.4980255790002,-105.750690515,0
			23.4986390490001,-105.750834605,0
			23.4992820900001,-105.750789499,0
			23.5002749920002,-105.751037559,0
			23.5004082470001,-105.751237562,0
			23.5005277810001,-105.75160577,0
			23.5006244800002,-105.751967412,0
			23.5008181170001,-105.752680228,0
			23.5008618020001,-105.753384225,0
			23.500860115,-105.753850696,0
			23.5008886380002,-105.754257176,0
			23.5009837850001,-105.755013241,0
			23.5011086780001,-105.755385531,0
			23.501343219,-105.756069613,0
			23.501668368,-105.756559893,0
			23.5019600230001,-105.756838437,0
			23.5022651460002,-105.757039439,0
			23.5024887480001,-105.757217823,0
			23.5024830580001,-105.757467429,0
			23.502465941,-105.757778995,0
			23.5025632060002,-105.758116144,0
			23.5025269510001,-105.758823183,0
			23.5023445870001,-105.75962709,0
			23.5025069280001,-105.760047775,0
			23.5029592890002,-105.760338592,0
			23.5032009530001,-105.760407297,0
			23.5033927600001,-105.760406972,0
			23.503936675,-105.760387735,0
			23.5057915690001,-105.760313343,0
			23.5074408540002,-105.760348404,0
			23.508621954,-105.760103558,0
			23.509139374,-105.760077786,0
			23.5095856250001,-105.759911192,0
			23.5101770990001,-105.759580349,0
			23.510718191,-105.759237186,0
			23.5114994830001,-105.758749741,0
			23.5121665350001,-105.758485345,0
			23.513080263,-105.757903386,0
			23.5137900500001,-105.757634392,0
			23.5146899980001,-105.757097993,0
			23.5151019090001,-105.756808967,0
			23.515388069,-105.756708792,0
			23.5155485640001,-105.756625023,0
			23.5158664960001,-105.756917447,0
			23.5159098120001,-105.757109532,0
			23.5160315860001,-105.757361675,0
			23.5162739830001,-105.757472661,0
			23.5165072560002,-105.757494626,0
			23.516769368,-105.757400215,0
			23.517135901,-105.757445315,0
			23.517868079,-105.757477613,0
			23.518398441,-105.757556297,0
			23.5189484800002,-105.757525683,0
			23.5194796740001,-105.757644739,0
			23.5200266130001,-105.757538839,0
			23.520686905,-105.757516906,0
			23.5215304930001,-105.757442558,0
			23.522725472,-105.75727414,0
			23.5231683440001,-105.757026466,0
			23.5236021700001,-105.757027232,0
			23.5239224530001,-105.757001647,0
			23.5241369610001,-105.756944105,0
			23.5244762660001,-105.756797543,0
			23.5248972570001,-105.756867339,0
			23.5253099440002,-105.756942704,0
			23.525528638,-105.757027379,0
			23.525896312,-105.757240556,0
			23.5261001710001,-105.757286007,0
			23.5262133510001,-105.757394404,0
			23.5262841800002,-105.757549916,0
			23.5263417160001,-105.757814648,0
			23.5263500760001,-105.758130177,0
			23.5264756400002,-105.758446064,0
			23.5264400780001,-105.758815229,0
			23.5265073880001,-105.759231584,0
			23.5266932600001,-105.759477205,0
			23.526876067,-105.759652263,0
			23.527398728,-105.75975779,0
			23.5278063980002,-105.759885076,0
			23.5283583230001,-105.759848299,0
			23.528746794,-105.759928767,0
			23.5290614720001,-105.759960841,0
			23.5294498580001,-105.759717396,0
			23.529936778,-105.759552118,0
			23.5302520160002,-105.759295004,0
			23.5306576320002,-105.759266046,0
			23.531236345,-105.758993297,0
			23.5316247200001,-105.758911792,0
			23.5320081050001,-105.758934279,0
			23.532409025,-105.759251652,0
			23.5327553890001,-105.759364342,0
			23.5332333430001,-105.759434886,0
			23.5336408010002,-105.759570115,0
			23.534129584,-105.7597722,0
			23.534597508,-105.760062769,0
			23.5351061570001,-105.760375703,0
			23.5354755310001,-105.76072353,0
			23.535680497,-105.761060092,0
			23.5362023530002,-105.761555676,0
			23.5366689710001,-105.762111976,0
			23.5369523760002,-105.762578648,0
			23.537305292,-105.762937116,0
			23.537722553,-105.763427745,0
			23.5380885370001,-105.763715821,0
			23.5384002920001,-105.763963898,0
			23.5387404050001,-105.764161277,0
			23.5388618710002,-105.764361263,0
			23.5390841550001,-105.764805465,0
			23.5392243930002,-105.765337742,0
			23.5394258310001,-105.765870403,0
			23.539684311,-105.766300853,0
			23.5399265600001,-105.766833725,0
			23.540168936,-105.76734447,0
			23.5404728410001,-105.767789155,0
			23.5413252940002,-105.768724212,0
			23.5419393460002,-105.769123513,0
			23.5425758570001,-105.769215705,0
			23.543148644,-105.769261343,0
			23.5435711240002,-105.769361259,0
			23.5438893230001,-105.769311744,0
			23.5443206430001,-105.7688759,0
			23.5446349400001,-105.768430842,0
			23.5452259100001,-105.76811038,0
			23.5456617060001,-105.768005625,0
			23.546206424,-105.76828479,0
			23.5468155150001,-105.768556805,0
			23.54714026,-105.768913023,0
			23.5475817470001,-105.769182508,0
			23.548027759,-105.769342318,0
			23.5485478640002,-105.769270184,0
			23.5489600380002,-105.769140067,0
			23.5497922590002,-105.76880612,0
			23.550137238,-105.768312491,0
			23.550694257,-105.767910587,0
			23.5511024800002,-105.767679652,0
			23.5515452720001,-105.767559539,0
			23.5520788270001,-105.767638724,0
			23.5523845870001,-105.767706925,0
			23.5525921890001,-105.768063579,0
			23.552849537,-105.768446598,0
			23.553105053,-105.768905393,0
			23.5535807710002,-105.768998399,0
			23.5538509750001,-105.768981981,0
			23.5541672530002,-105.769028912,0
			23.5544873490002,-105.769002797,0
			23.5548830160001,-105.768821366,0
			23.5552606480001,-105.76869427,0
			23.5556513580001,-105.768832393,0
			23.555962677,-105.769035464,0
			23.5564653080002,-105.769302235,0
			23.5573415090001,-105.769992333,0
			23.5576644310001,-105.770283734,0
			23.5577183840001,-105.770551112,0
			23.5577214680002,-105.770816602,0
			23.557552178,-105.771268721,0
			23.5574823060001,-105.771663099,0
			23.5574928140001,-105.772014974,0
			23.5575812900001,-105.77229323,0
			23.557856746,-105.77265471,0
			23.5581007320001,-105.772833317,0
			23.5583543680002,-105.772694788,0
			23.5585780790001,-105.77250127,0
			23.5589131530001,-105.772352318,0
			23.5593794330001,-105.772365626,0
			23.5598504300001,-105.772503255,0
			23.5602366520001,-105.77267627,0
			23.5606411770001,-105.772717742,0
			23.560997694,-105.772912026,0
			23.5610588740001,-105.773137818,0
			23.5609347450001,-105.773538971,0
			23.5606799780002,-105.773835021,0
			23.5607968320001,-105.774120993,0
			23.5610200780001,-105.774491859,0
			23.5611619150002,-105.774692008,0
			23.5613442560001,-105.774958883,0
			23.5618323320001,-105.775293954,0
			23.5626165100002,-105.77577491,0
			23.5639185090002,-105.77657993,0
			23.564166876,-105.776812407,0
			23.564272294,-105.777046352,0
			23.56425726,-105.777273421,0
			23.5641759790001,-105.77765513,0
			23.564104091,-105.778001206,0
			23.5641350410002,-105.778295078,0
			23.5644780990001,-105.778546176,0
			23.56465164,-105.778589054,0
			23.5650242620001,-105.778720618,0
			23.565424926,-105.778821685,0
			23.5658771540001,-105.778966149,0
			23.5662157940001,-105.779137844,0
			23.5664959830001,-105.77940807,0
			23.5668297440001,-105.779665898,0
			23.5669434990002,-105.779948352,0
			23.567224933,-105.780542016,0
			23.5676034270001,-105.781067832,0
			23.567644133,-105.781482627,0
			23.5676474450001,-105.781901622,0
			23.5678398220002,-105.782213916,0
			23.5680715240002,-105.782475625,0
			23.568158641,-105.782809032,0
			23.568076372,-105.78337362,0
			23.5683671730002,-105.783554291,0
			23.5686283420001,-105.783778929,0
			23.5687993140002,-105.783984564,0
			23.5690100310001,-105.784261679,0
			23.5691513160002,-105.784572609,0
			23.5691267850002,-105.784876704,0
			23.5691223290002,-105.785190265,0
			23.5691686960002,-105.785632815,0
			23.5694710970001,-105.785903531,0
			23.5696620080001,-105.78591607,0
			23.5699030860002,-105.785791993,0
			23.5701276520001,-105.78556402,0
			23.5705283170001,-105.785213053,0
			23.5709014620002,-105.785010022,0
			23.5714390080001,-105.78478692,0
			23.5718713300001,-105.784630383,0
			23.5727021590001,-105.784549405,0
			23.573242038,-105.784331839,0
			23.5737628260001,-105.784650717,0
			23.5742250650001,-105.784869806,0
			23.574597403,-105.785148088,0
			23.5749900080001,-105.785379772,0
			23.5751597450002,-105.78583967,0
			23.5754324760001,-105.786371463,0
			23.5756820640001,-105.786897482,0
			23.5758235680001,-105.78716416,0
			23.5761686730002,-105.787520626,0
			23.5785240440001,-105.789838458,0
			23.5785833510001,-105.790215393,0
			23.5785609160001,-105.790613975,0
			23.5783710440001,-105.790852053,0
			23.5781076620001,-105.791102099,0
			23.5779005200002,-105.791353758,0
			23.5778090080001,-105.791809572,0
			23.5779385870001,-105.792603879,0
			23.5779162600001,-105.792980323,0
			23.5780364410002,-105.79342406,0
			23.5782190660001,-105.793624531,0
			23.5786254900001,-105.793959252,0
			23.5789307840002,-105.794116159,0
			23.5793618650001,-105.794355156,0
			23.5797031320001,-105.794373687,0
			23.5798732160002,-105.79448773,0
			23.5800638940001,-105.794780641,0
			23.5800533280001,-105.794909604,0
			23.5800421270002,-105.795046324,0
			23.5799180040001,-105.795377858,0
			23.5805800930002,-105.79607749,0
			23.583391701,-105.796728025,0
			23.5836563020002,-105.797185066,0
			23.5836521520002,-105.797992397,0
			23.5834286100002,-105.79885398,0
			23.5847443000001,-105.800669541,0
			23.5855219990001,-105.801460961,0
			23.586499286,-105.802320805,0
			23.5877134890001,-105.802098498,0
			23.587864342,-105.803268298,0
			23.5878817880001,-105.805333813,0
			23.5888730200002,-105.806646783,0
			23.590633868,-105.807349908,0
			23.6110285560001,-105.811643897,0
			23.608927362,-105.820167009,0
			23.6077896740002,-105.824832439,0
			23.60493659,-105.837849107,0
			23.6032555370001,-105.845516012,0
			23.5965729780001,-105.845375223,0
			23.5964908240001,-105.845373499,0
			23.5898722100001,-105.845234078,0
			23.583694838,-105.84518581,0
			23.5972875930001,-105.853596014,0
			23.5903938670002,-105.884317915,0
			23.552645279,-105.892655389,0
			23.5845401580002,-105.907192724,0
			23.5882695530001,-105.908905362,0
			23.5901885260001,-105.909029553,0
			23.6558363780001,-105.9207343,0
			23.68413566,-105.926633761,0
			23.7153557680002,-105.916555702,0
			23.726424749,-105.915905838,0
			23.7370708960001,-105.906202917,0
			23.7371463010001,-105.906134185,0
			23.738412747,-105.906111227,0
			23.7390592560001,-105.906099507,0
			23.7393988510001,-105.906093351,0
			23.7413970480001,-105.910660077,0
			23.7477537640001,-105.923062906,0
			23.752240102,-105.922948476,0
			23.75298709,-105.922033065,0
			23.7537151,-105.921769239,0
			23.75456275,-105.921399263,0
			23.7549294310001,-105.921130302,0
			23.7561037180001,-105.920762632,0
			23.756970827,-105.920351008,0
			23.7578071090001,-105.919747108,0
			23.757970943,-105.919919579,0
			23.7585503620001,-105.920529556,0
			23.7596333060001,-105.921270134,0
			23.7600940200001,-105.922347965,0
			23.7604329230002,-105.922846449,0
			23.7612996750001,-105.923318155,0
			23.7614199930001,-105.925152802,0
			23.761487597,-105.926153379,0
			23.7615223500001,-105.926667688,0
			23.762020141,-105.927276886,0
			23.7629064680001,-105.928131121,0
			23.7644063750001,-105.928868567,0
			23.7655170130001,-105.929482142,0
			23.7665763080001,-105.929368539,0
			23.7671949930001,-105.928403825,0
			23.7680394250002,-105.92695613,0
			23.7683766090001,-105.926473975,0
			23.7692414800001,-105.925812715,0
			23.770359754,-105.925154338,0
			23.771476194,-105.92479881,0
			23.773815465,-105.924936512,0
			23.7748139600001,-105.925670441,0
			23.7758128140002,-105.926343802,0
			23.776923096,-105.927017992,0
			23.7779237620001,-105.927388528,0
			23.7786451200001,-105.927878255,0
			23.7792550630002,-105.928367168,0
			23.7798657330001,-105.928734951,0
			23.7805324830002,-105.929042581,0
			23.7809648140001,-105.929531384,0
			23.7820137230001,-105.928691907,0
			23.7828516280001,-105.928334404,0
			23.7840223330001,-105.928221545,0
			23.7856369430001,-105.928414741,0
			23.7865818890001,-105.928784919,0
			23.7877171500002,-105.929263191,0
			23.7887927160002,-105.930016352,0
			23.789747581,-105.930665284,0
			23.7905786760002,-105.931236542,0
			23.7915570430002,-105.93145985,0
			23.7926148970001,-105.931692612,0
			23.793528225,-105.93180279,0
			23.7940842670002,-105.931988498,0
			23.7946960040001,-105.932174605,0
			23.7914302250002,-105.939330226,0
			23.8196495820001,-105.951880702,0
			23.819793399,-105.951944678,0
			23.8407421470001,-105.961265567,0
			23.8718254350002,-105.957782764,0
			23.9085845930002,-105.953661987,0
			23.9076785350002,-105.951522196,0
			23.879575074,-105.885202175,0
			23.8785493320001,-105.883298169,0
			23.8785423570001,-105.882274045,0
			23.8752429830001,-105.867241329,0
			23.8751562250001,-105.864773263,0
			23.875612625,-105.864096903,0
			23.8759312830001,-105.863966822,0
			23.8762447260002,-105.863968902,0
			23.876724783,-105.863851725,0
			23.8772233890001,-105.863714596,0
			23.8775754110001,-105.863416008,0
			23.8779221870001,-105.862904592,0
			23.878273365,-105.862863577,0
			23.8785256180001,-105.863010245,0
			23.878756964,-105.863185625,0
			23.8790508760002,-105.863553419,0
			23.8791407440002,-105.864003211,0
			23.8790077940002,-105.864448659,0
			23.879460421,-105.865069047,0
			23.8798641740001,-105.865352108,0
			23.8801509820001,-105.865463139,0
			23.8807185910001,-105.86549369,0
			23.8808651670001,-105.86532367,0
			23.8809046320001,-105.864862511,0
			23.880962531,-105.864401474,0
			23.8810833460001,-105.863818363,0
			23.881093148,-105.863422791,0
			23.8810981300001,-105.863238739,0
			23.881357054,-105.863100042,0
			23.8818315310001,-105.863021034,0
			23.882544604,-105.862921591,0
			23.8828161050001,-105.863185754,0
			23.8828757110002,-105.863311832,0
			23.883055476,-105.863438011,0
			23.8833070530002,-105.863394068,0
			23.8834958930001,-105.863327001,0
			23.883643084,-105.8632254,0
			23.8837580110002,-105.863271774,0
			23.883892932,-105.863477729,0
			23.8840809540002,-105.863523457,0
			23.8842293980002,-105.863504434,0
			23.8844056040001,-105.863560904,0
			23.8844698070001,-105.863310657,0
			23.8845059630001,-105.86304985,0
			23.8847081860002,-105.862847595,0
			23.8849192820001,-105.862769203,0
			23.8852748310001,-105.862649506,0
			23.8849881290002,-105.86242476,0
			23.8848755810001,-105.862206369,0
			23.884713495,-105.862082841,0
			23.8846356700001,-105.861891142,0
			23.8844945880001,-105.861818782,0
			23.884301609,-105.861870917,0
			23.8843539160002,-105.861566732,0
			23.884581752,-105.86128904,0
			23.8848303830001,-105.861100031,0
			23.8851022260001,-105.86104449,0
			23.8854947580001,-105.861114065,0
			23.885771042,-105.86109329,0
			23.886050767,-105.86114766,0
			23.8864229600001,-105.860736983,0
			23.8867850470002,-105.86089193,0
			23.8870897040001,-105.861010547,0
			23.8874186950002,-105.861095254,0
			23.8877574390002,-105.861336106,0
			23.8879974980001,-105.861493254,0
			23.8883077400001,-105.861600482,0
			23.888547811,-105.861971253,0
			23.888792643,-105.862250965,0
			23.8889580800001,-105.862423241,0
			23.8891641980001,-105.862665999,0
			23.8894483090001,-105.863269237,0
			23.889658133,-105.863148363,0
			23.889879401,-105.862779575,0
			23.8902304670002,-105.862564055,0
			23.890466496,-105.862381933,0
			23.890803286,-105.862182537,0
			23.890918555,-105.861899236,0
			23.8913143650001,-105.86177579,0
			23.8915631190001,-105.861467391,0
			23.8918184580002,-105.861173316,0
			23.891926184,-105.860829895,0
			23.892328909,-105.860389873,0
			23.892349951,-105.860182632,0
			23.8922490980001,-105.860023758,0
			23.892132072,-105.859907803,0
			23.8921509260002,-105.859647307,0
			23.8924291630001,-105.859596937,0
			23.8925948670002,-105.859439038,0
			23.8926699740001,-105.859198749,0
			23.8927259520001,-105.85907874,0
			23.8928191570001,-105.858898774,0
			23.8929048220002,-105.858646468,0
			23.8930859160001,-105.858512239,0
			23.8933674420001,-105.858426307,0
			23.8935536530001,-105.858616518,0
			23.8937206640002,-105.858725336,0
			23.8939157480002,-105.858771456,0
			23.8941105400001,-105.858829122,0
			23.8942731970001,-105.858990112,0
			23.8944297530001,-105.859092854,0
			23.8946259740001,-105.859092827,0
			23.8947856710001,-105.859068634,0
			23.894924313,-105.85903804,0
			23.8950761190001,-105.858903914,0
			23.895229361,-105.858712093,0
			23.8954188430001,-105.858439426,0
			23.8956995510001,-105.858239779,0
			23.896149006,-105.858293357,0
			23.8966386950001,-105.85822107,0
			23.8973031280001,-105.858078498,0
			23.8976702200001,-105.858031503,0
			23.898075094,-105.857743108,0
			23.8988037550002,-105.857769854,0
			23.8992961550001,-105.857587951,0
			23.89982239,-105.857753467,0
			23.9004287320001,-105.85804291,0
			23.9006148,-105.858238899,0
			23.9007510180001,-105.858522571,0
			23.901328781,-105.858618272,0
			23.901744847,-105.858520743,0
			23.9021345970001,-105.858843946,0
			23.9023694780001,-105.8592917,0
			23.9025526890001,-105.859603089,0
			23.9025458520001,-105.860084101,0
			23.9026066730001,-105.860425654,0
			23.9025830460002,-105.860903107,0
			23.9027675620002,-105.861244976,0
			23.9029630860002,-105.861487447,0
			23.903211157,-105.86153514,0
			23.9036133290001,-105.861356373,0
			23.9039608050001,-105.861458932,0
			23.9043956890001,-105.86158697,0
			23.904555255,-105.861782193,0
			23.904708666,-105.862011878,0
			23.904705839,-105.862463572,0
			23.9045984680001,-105.862985897,0
			23.9042510870001,-105.863548412,0
			23.9044756780001,-105.863687802,0
			23.9053235990002,-105.864139952,0
			23.9065604150002,-105.864673937,0
			23.907605314,-105.864999413,0
			23.9082216100001,-105.865277377,0
			23.9088793000001,-105.865059908,0
			23.9095030350001,-105.864714413,0
			23.910021229,-105.86427179,0
			23.9113273640002,-105.864514009,0
			23.912824014,-105.863886442,0
			23.9135249230002,-105.864352756,0
			23.9141062420001,-105.864617426,0
			23.9160710630002,-105.865976407,0
			23.9186435580002,-105.868343109,0
			23.9201681280002,-105.872279801,0
			23.9225237270001,-105.875311769,0
			23.923381367,-105.876328643,0
			23.9260663150001,-105.878992312,0
			23.928777956,-105.880256556,0
			23.9328196200001,-105.881553502,0
			23.9439212860001,-105.899919397,0
			23.948025687,-105.945415063,0
			23.9571906540001,-105.935850938,0
			23.957276735,-105.935761099,0
			23.9834266350001,-105.90846158,0
			23.9848156060002,-105.908403849,0
			23.986630174,-105.908717901,0
			23.9868905370001,-105.908992623,0
			23.9876025940002,-105.909743954,0
			23.9883108770001,-105.91072092,0
			23.9902731760001,-105.912214658,0
			23.9920084070001,-105.912925498,0
			23.9943229150001,-105.913049201,0
			23.9959134210001,-105.912440085,0
			23.995998151,-105.912417986,0
			23.9972391940001,-105.912094299,0
			23.9975338560001,-105.912135849,0
			23.9986275730001,-105.913114327,0
			23.9995115970001,-105.914614701,0
			23.9999351350002,-105.916182998,0
			24.0001000210001,-105.917086199,0
			23.999842356,-105.91745644,0
			23.9998066860001,-105.917972759,0
			23.9994345610001,-105.918592737,0
			23.9995428440001,-105.919131626,0
			23.999510629,-105.919852838,0
			23.9996435810002,-105.920467641,0
			23.9995237780001,-105.921187893,0
			23.999018418,-105.922007425,0
			23.9987588410002,-105.922246526,0
			23.9982412750002,-105.922463723,0
			23.9981210950002,-105.922714999,0
			23.99804557,-105.923013671,0
			23.9980736430001,-105.923290736,0
			23.9980669150001,-105.923533703,0
			23.9980172960002,-105.924043321,0
			23.9981394010001,-105.924433213,0
			23.9983854120001,-105.924813337,0
			23.9984441490001,-105.925219716,0
			23.9986054900002,-105.925627381,0
			23.9986813810002,-105.926051836,0
			23.9987581030001,-105.926463732,0
			23.998927285,-105.926702332,0
			23.9990453400001,-105.927093058,0
			23.9991816010001,-105.92741152,0
			23.9991152390002,-105.927929291,0
			23.9991262920001,-105.928309141,0
			23.9991784440002,-105.928596763,0
			23.9992883100002,-105.928870371,0
			23.9994975890002,-105.929066324,0
			23.9998183520001,-105.929140887,0
			24.0000476300001,-105.929115919,0
			24.0002563900002,-105.929132749,0
			24.000502689,-105.929244488,0
			24.0006943850001,-105.929407414,0
			24.0007430210002,-105.929572729,0
			24.0007404200001,-105.929869491,0
			24.000715443,-105.930062492,0
			24.0006987860002,-105.930330599,0
			24.0007138280002,-105.93050596,0
			24.00063291,-105.930725749,0
			24.000610261,-105.930948143,0
			24.0006253080001,-105.931123518,0
			24.0006002550001,-105.931345393,0
			24.0006323330001,-105.931648729,0
			24.0007291100002,-105.931834269,0
			24.0009308150001,-105.932016451,0
			24.0012548950001,-105.932209195,0
			24.001666057,-105.932204952,0
			24.0020917380002,-105.932125226,0
			24.0023313090002,-105.932147018,0
			24.0024454260001,-105.932218173,0
			24.0025590220001,-105.932343493,0
			24.002739607,-105.932513211,0
			24.00272388,-105.932751272,0
			24.0026784470001,-105.933009651,0
			24.00254592,-105.93324954,0
			24.0023964860001,-105.933388198,0
			24.0022131530001,-105.933520543,0
			24.0021284320002,-105.933793651,0
			24.002044245,-105.934045584,0
			24.00212048,-105.934284426,0
			24.0023544520002,-105.934670942,0
			24.0027057000001,-105.935071806,0
			24.0031194110002,-105.935506623,0
			24.0033646540001,-105.935859726,0
			24.0037876110001,-105.93604352,0
			24.0041177600001,-105.936327028,0
			24.0043365450002,-105.936730241,0
			24.004584193,-105.937099031,0
			24.004990944,-105.937632037,0
			24.0053790310001,-105.937675433,0
			24.005734639,-105.937463432,0
			24.0059400130002,-105.937304125,0
			24.0061106880001,-105.937288021,0
			24.0063192570001,-105.937373152,0
			24.0064837160001,-105.937615337,0
			24.0065560010001,-105.937856825,0
			24.0066465780001,-105.938118542,0
			24.0067554850001,-105.938400485,0
			24.0068274840001,-105.938643394,0
			24.0068989800002,-105.938894687,0
			24.0070361280002,-105.939243357,0
			24.0073206470001,-105.939448827,0
			24.007640596,-105.939579497,0
			24.0079397490001,-105.939594025,0
			24.008262852,-105.939513577,0
			24.0085729780001,-105.939369122,0
			24.0088138490001,-105.939270309,0
			24.0090301420001,-105.93918135,0
			24.0093141800002,-105.939081728,0
			24.009508759,-105.939185186,0
			24.0095849810001,-105.939441928,0
			24.009684839,-105.939725871,0
			24.0097036610002,-105.939943771,0
			24.0096598270001,-105.940138604,0
			24.009755893,-105.940380035,0
			24.009832114,-105.940636764,0
			24.0099463720001,-105.940735597,0
			24.0101750200001,-105.94092798,0
			24.0104270170002,-105.941017694,0
			24.0108137140001,-105.941100831,0
			24.0111266500001,-105.941183432,0
			24.011347642,-105.941225203,0
			24.011623709,-105.941307537,0
			24.011899654,-105.941409965,0
			24.0121678170001,-105.941434037,0
			24.0124146650001,-105.941483837,0
			24.012737579,-105.94145892,0
			24.0129771470001,-105.94148076,0
			24.0131981370001,-105.941522532,0
			24.013483738,-105.941616744,0
			24.0136568660001,-105.941696135,0
			24.0138582230002,-105.941813484,0
			24.0141262380001,-105.942035027,0
			24.014317917,-105.942342938,0
			24.0143177370002,-105.942735235,0
			24.014361169,-105.943134127,0
			24.0142852660001,-105.943635481,0
			24.014084976,-105.944053583,0
			24.0135676570001,-105.944397024,0
			24.0132713,-105.944615769,0
			24.0130118130001,-105.944834782,0
			24.0127716460001,-105.944913353,0
			24.0124751650001,-105.945152162,0
			24.0122610200001,-105.94526893,0
			24.0121641060001,-105.94544627,0
			24.012132525,-105.945540741,0
			24.0121710560001,-105.945748647,0
			24.0121991900001,-105.945982737,0
			24.0123022480001,-105.946139573,0
			24.012466724,-105.946176297,0
			24.012615673,-105.946249683,0
			24.0130943420001,-105.946401817,0
			24.013426827,-105.946303828,0
			24.013740629,-105.946245865,0
			24.0140738580002,-105.946027393,0
			24.0143692250002,-105.945969324,0
			24.0146827790002,-105.945951522,0
			24.0148855810001,-105.945953005,0
			24.0150325830002,-105.946034407,0
			24.0150862760001,-105.946295876,0
			24.0151707220002,-105.946575561,0
			24.015157557,-105.946903851,0
			24.014971808,-105.947131551,0
			24.014764697,-105.947241969,0
			24.0145272190001,-105.947255757,0
			24.0142312300001,-105.947414269,0
			24.0139146040001,-105.947534919,0
			24.013277568,-105.947717278,0
			24.0127505030002,-105.947812952,0
			24.0123445270002,-105.947870206,0
			24.012010113,-105.948062253,0
			24.0118168220001,-105.948395739,0
			24.01177475,-105.94871255,0
			24.0118592040001,-105.949027853,0
			24.0120030720001,-105.949414053,0
			24.012414984,-105.94967595,0
			24.0130194040001,-105.949750454,0
			24.0134029200001,-105.94964524,0
			24.0138084180001,-105.949668284,0
			24.0141397860001,-105.949751044,0
			24.0144701560001,-105.949994477,0
			24.0146723360001,-105.950096385,0
			24.0148188370001,-105.950258114,0
			24.0148844410002,-105.950486787,0
			24.0148852360002,-105.950695549,0
			24.0148988560001,-105.950878199,0
			24.0149501090001,-105.951015575,0
			24.015020093,-105.951133645,0
			24.0151380380001,-105.951398939,0
			24.015329111,-105.951684441,0
			24.0154823620002,-105.952116463,0
			24.01561788,-105.952528074,0
			24.0156752280001,-105.952784911,0
			24.0158486600001,-105.953317748,0
			24.0159566480002,-105.953615883,0
			24.0159346780001,-105.954080809,0
			24.0159155620001,-105.954355248,0
			24.0158757690001,-105.954605863,0
			24.0158302510001,-105.954962343,0
			24.0157642370002,-105.955407669,0
			24.0156456090001,-105.955783342,0
			24.015603551,-105.956018164,0
			24.0156200690001,-105.956342825,0
			24.0157572230001,-105.956771079,0
			24.0158347310001,-105.957088068,0
			24.0160364030001,-105.95727031,0
			24.016119519,-105.957394064,0
			24.0163617760001,-105.957568617,0
			24.0165912860001,-105.957706204,0
			24.016883599,-105.957852391,0
			24.017304287,-105.957962512,0
			24.0173950990001,-105.958184101,0
			24.0175298660001,-105.958307909,0
			24.0176312360002,-105.958649302,0
			24.017677985,-105.95896733,0
			24.017571968,-105.959256864,0
			24.0174714310002,-105.959546564,0
			24.0174033540001,-105.959810872,0
			24.0176422280002,-105.960161029,0
			24.0178835730002,-105.960371406,0
			24.0182291390001,-105.960477679,0
			24.0184849220001,-105.960551087,0
			24.019230523,-105.960662707,0
			24.020264228,-105.960817929,0
			24.0209850640002,-105.960953939,0
			24.0219226620001,-105.960970849,0
			24.022248937,-105.960686576,0
			24.02244689,-105.96031167,0
			24.022542038,-105.959937411,0
			24.0226494780001,-105.95975395,0
			24.0228430740001,-105.959550672,0
			24.023002079,-105.959372162,0
			24.0234182230001,-105.959492938,0
			24.0238349840001,-105.95981164,0
			24.0243499690002,-105.960280337,0
			24.0249350650001,-105.960716123,0
			24.0254769010002,-105.961350102,0
			24.0258528730002,-105.96179081,0
			24.0262127670001,-105.962189972,0
			24.026465607,-105.962563994,0
			24.0266633510001,-105.962872398,0
			24.0267570550002,-105.963229941,0
			24.0267340680002,-105.963460751,0
			24.0267248640001,-105.963688249,0
			24.0266729040001,-105.963957702,0
			24.0266533340001,-105.964188614,0
			24.0266410830002,-105.96440109,0
			24.0266707750002,-105.964581216,0
			24.026740503,-105.964803611,0
			24.0267703780002,-105.964976276,0
			24.0269517550001,-105.965254318,0
			24.0270688500001,-105.965413451,0
			24.027418767,-105.965476329,0
			24.0276763850001,-105.965558588,0
			24.027952671,-105.965600819,0
			24.028173925,-105.965602473,0
			24.0284685390001,-105.96566491,0
			24.0288077340001,-105.965735907,0
			24.029230903,-105.96587967,0
			24.0295617520002,-105.966042813,0
			24.0298560910001,-105.966145448,0
			24.030150578,-105.966227985,0
			24.030500642,-105.966270771,0
			24.0309249290001,-105.966233775,0
			24.0312566650002,-105.966256355,0
			24.031532337,-105.96639899,0
			24.0317042620002,-105.96651312,0
			24.0318361160001,-105.96655339,0
			24.0319190430001,-105.966737165,0
			24.0320498900002,-105.966947621,0
			24.0321873720002,-105.967150395,0
			24.032202506,-105.967363691,0
			24.0321798920001,-105.967579589,0
			24.0320326660001,-105.967707332,0
			24.0319112790002,-105.967902738,0
			24.0318431780001,-105.968153377,0
			24.0317933670001,-105.968495422,0
			24.0317899670001,-105.968898603,0
			24.0318803660002,-105.969276968,0
			24.0319666410001,-105.969656717,0
			24.031967611,-105.970022703,0
			24.0319642130001,-105.970425885,0
			24.0320513480001,-105.970906478,0
			24.0322876860001,-105.971313164,0
			24.0324203580001,-105.971619618,0
			24.0325692650001,-105.972003743,0
			24.0326039890001,-105.972389405,0
			24.0326502220001,-105.97272687,0
			24.0327381030002,-105.973043194,0
			24.0330924950002,-105.973228411,0
			24.0334377950002,-105.973251192,0
			24.033913738,-105.973249979,0
			24.0344268150001,-105.973403676,0
			24.034672667,-105.973708767,0
			24.035083996,-105.974295888,0
			24.0356601700001,-105.975036225,0
			24.0367556960002,-105.976113078,0
			24.0374084420001,-105.976596915,0
			24.0379867830001,-105.976564855,0
			24.038337811,-105.976761513,0
			24.0386149100001,-105.977079564,0
			24.0389767680001,-105.977999518,0
			24.039557782,-105.978531008,0
			24.0401779460001,-105.978445604,0
			24.0409728630001,-105.978639731,0
			24.0412869710001,-105.978919577,0
			24.041579543,-105.97902646,0
			24.0418180660001,-105.979235681,0
			24.0419623750001,-105.979505844,0
			24.0420373690001,-105.979816448,0
			24.0419964210001,-105.9800719,0
			24.0419302230001,-105.980372919,0
			24.0418219220001,-105.980603546,0
			24.041716869,-105.980898074,0
			24.0416994010002,-105.981200551,0
			24.041675162,-105.98157726,0
			24.0415607670001,-105.981855553,0
			24.0413507990001,-105.982056534,0
			24.0407764490002,-105.98232633,0
			24.0398603150001,-105.982420799,0
			24.0393684000001,-105.982768873,0
			24.0388820100001,-105.983238922,0
			24.0386778790001,-105.984266876,0
			24.038896456,-105.985770849,0
			24.0396099050001,-105.987069589,0
			24.0403530250002,-105.987601262,0
			24.0408633050001,-105.988058026,0
			24.0413582560001,-105.98832972,0
			24.0418747740001,-105.988782395,0
			24.0420004330001,-105.989031365,0
			24.0420511990002,-105.989225595,0
			24.0420148750002,-105.989483696,0
			24.0418847590001,-105.989922562,0
			24.0413456650001,-105.990467834,0
			24.0411195450002,-105.991173776,0
			24.0414489700001,-105.991853365,0
			24.0422089420002,-105.992613249,0
			24.0426899650001,-105.992854116,0
			24.0442648900001,-105.993397358,0
			24.0445812790001,-105.994102224,0
			24.044700354,-105.994531098,0
			24.0447829940002,-105.994931878,0
			24.044618284,-105.995318386,0
			24.0438368610001,-105.995362178,0
			24.0433319470001,-105.995974635,0
			24.0428885700001,-105.996602436,0
			24.0425204050001,-105.997880883,0
			24.0433831440001,-105.998719737,0
			24.0442929200001,-105.998890588,0
			24.0449553030001,-105.99925299,0
			24.0458626130001,-105.999798321,0
			24.0465229160001,-106.000073992,0
			24.0468456020001,-106.00002011,0
			24.0472207430001,-105.999819248,0
			24.0476113150002,-105.999395966,0
			24.0480737390002,-105.999208363,0
			24.0485861090002,-105.999351296,0
			24.049123847,-105.999536725,0
			24.0494841000001,-105.999537057,0
			24.0497089490001,-105.999501441,0
			24.0499100410001,-105.999285566,0
			24.0500706030001,-105.99906666,0
			24.050319533,-105.998851346,0
			24.0505379160001,-105.99868816,0
			24.0509758760001,-105.998498826,0
			24.051328293,-105.998424619,0
			24.0518052910001,-105.998428492,0
			24.0520885180001,-105.998394629,0
			24.0525106670001,-105.998258868,0
			24.0527966110002,-105.998118954,0
			24.0531388930001,-105.997605649,0
			24.0533548000001,-105.997371345,0
			24.05351474,-105.997165446,0
			24.0537915170001,-105.996926961,0
			24.0542222260001,-105.99671725,0
			24.0546295750001,-105.996988535,0
			24.0545031360001,-105.997827707,0
			24.0544204160001,-105.998469494,0
			24.054391348,-105.999173132,0
			24.0550659840001,-105.999864407,0
			24.0557119530002,-105.999926202,0
			24.0566868230002,-106.000155562,0
			24.057394484,-106.000102322,0
			24.0580827760001,-106.000233335,0
			24.0580232720002,-106.000567937,0
			24.0581218520002,-106.000975278,0
			24.0581805870002,-106.001349502,0
			24.0585514450001,-106.001733213,0
			24.0589321560001,-106.002110479,0
			24.0594640210001,-106.002486585,0
			24.059663938,-106.00231179,0
			24.059764746,-106.002187158,0
			24.0598314450001,-106.001869942,0
			24.0600374220001,-106.001450557,0
			24.0603238320001,-106.001320917,0
			24.0617128210002,-106.000948215,0
			24.0630929520001,-106.001181688,0
			24.0633338060001,-106.001306079,0
			24.0635353620001,-106.001439887,0
			24.0638398850002,-106.001596998,0
			24.0644627230001,-106.002039527,0
			24.0649352060001,-106.002415165,0
			24.0657820110001,-106.002907551,0
			24.0660609020001,-106.002948482,0
			24.066164358,-106.003203456,0
			24.066251599,-106.003661788,0
			24.0662625200001,-106.004093803,0
			24.066308574,-106.004442967,0
			24.066369929,-106.004699827,0
			24.0664213360001,-106.004998813,0
			24.066757812,-106.005745403,0
			24.0670522600001,-106.006413783,0
			24.0671858580001,-106.006608224,0
			24.0676925360002,-106.00688767,0
			24.0686407940001,-106.007137653,0
			24.070216166,-106.007507979,0
			24.0717571280002,-106.007908195,0
			24.072506638,-106.00788344,0
			24.0731078370001,-106.00760194,0
			24.0732932180001,-106.007235838,0
			24.0735494710001,-106.006680011,0
			24.073716029,-106.005761686,0
			24.0737759740001,-106.005139904,0
			24.074650563,-106.004637475,0
			24.0752844190001,-106.004368948,0
			24.0759182750001,-106.004100402,0
			24.0761720480001,-106.003640424,0
			24.0761318410001,-106.003063565,0
			24.0757483510001,-106.002450479,0
			24.075590891,-106.001758404,0
			24.075560975,-106.00100071,0
			24.0760561550002,-106.00070931,0
			24.0765816950001,-106.000781896,0
			24.077243084,-106.000779636,0
			24.077742265,-106.000655456,0
			24.0783099770001,-106.000542115,0
			24.0787191280002,-106.000710607,0
			24.0793030100002,-106.001545346,0
			24.0797987260001,-106.001677544,0
			24.0801901470001,-106.001678776,0
			24.080691581,-106.00158732,0
			24.081134906,-106.001472745,0
			24.0813386690001,-106.001158837,0
			24.0818957250002,-106.001570573,0
			24.0821243990001,-106.001812259,0
			24.0824965720001,-106.002294064,0
			24.0827908340001,-106.002635923,0
			24.0831673080002,-106.002699844,0
			24.0834945770001,-106.002537391,0
			24.0838438050001,-106.002323131,0
			24.0840798920001,-106.001963024,0
			24.0846607600001,-106.001474221,0
			24.0852725120001,-106.001108143,0
			24.0860045930002,-106.000799616,0
			24.086391421,-106.000597963,0
			24.086807951,-106.00090076,0
			24.0870151990001,-106.000983233,0
			24.0871179220002,-106.001161975,0
			24.0873975910001,-106.001520012,0
			24.0877210250001,-106.001991614,0
			24.0880868250001,-106.002068898,0
			24.0883642740001,-106.001972399,0
			24.0885827890001,-106.001761665,0
			24.0887841530001,-106.001415473,0
			24.088848544,-106.000780278,0
			24.0889569940001,-106.000303833,0
			24.0895272830001,-105.999900319,0
			24.0897665900001,-105.999682719,0
			24.0901102860001,-105.999415796,0
			24.0901261600002,-105.999063978,0
			24.0901398760001,-105.998682083,0
			24.0900121990001,-105.998343704,0
			24.0897582640001,-105.997782427,0
			24.089569866,-105.997085396,0
			24.0893601980001,-105.996320493,0
			24.0902600960001,-105.995698343,0
			24.0909167810001,-105.995512516,0
			24.0912346900001,-105.995299165,0
			24.0914460340002,-105.994810028,0
			24.0918324320002,-105.994462827,0
			24.0919796700001,-105.994380217,0
			24.092281159,-105.994364586,0
			24.0927706140001,-105.99426777,0
			24.0930971820002,-105.994159978,0
			24.0935669250001,-105.994006984,0
			24.0940154140001,-105.994211354,0
			24.0943338000002,-105.994538506,0
			24.094788023,-105.99496862,0
			24.0950218520001,-105.995088387,0
			24.0952330210001,-105.995060732,0
			24.0956396230001,-105.994961945,0
			24.0960890800001,-105.995009094,0
			24.096539697,-105.995290673,0
			24.097205655,-105.99558701,0
			24.0978924680001,-105.995738206,0
			24.0982939340001,-105.995628076,0
			24.0985180280002,-105.995403316,0
			24.0986103390001,-105.994902561,0
			24.0987341220001,-105.994127023,0
			24.0989598950001,-105.993643441,0
			24.0991688460002,-105.993467117,0
			24.0994655640001,-105.993485575,0
			24.0997543780001,-105.993723733,0
			24.1000270070001,-105.993878169,0
			24.1004132100001,-105.993832616,0
			24.1008344720001,-105.993553765,0
			24.101224963,-105.993203116,0
			24.1014072780001,-105.992557442,0
			24.1015765160001,-105.991636634,0
			24.1016869090001,-105.990634474,0
			24.102018967,-105.989732059,0
			24.1023581180001,-105.98944091,0
			24.1027041460001,-105.989696846,0
			24.102701403,-105.990121702,0
			24.1030839920001,-105.990337848,0
			24.1033365930002,-105.990362267,0
			24.1038956260001,-105.990405768,0
			24.104260417,-105.990619893,0
			24.1053199410001,-105.991068635,0
			24.1056444170001,-105.991078474,0
			24.105848338,-105.991040405,0
			24.1060446300001,-105.990665685,0
			24.106446884,-105.990358133,0
			24.1069883670002,-105.99013551,0
			24.1074687890001,-105.989760571,0
			24.1079976750001,-105.989077228,0
			24.1084442000001,-105.989194106,0
			24.1087301840001,-105.989292744,0
			24.1091878520002,-105.989668357,0
			24.109379636,-105.989847807,0
			24.109680282,-105.989721005,0
			24.1099308870001,-105.98951646,0
			24.1102276630001,-105.989339539,0
			24.110933269,-105.98951946,0
			24.112536451,-105.989483246,0
			24.1139310330001,-105.989574848,0
			24.1143901670001,-105.989723993,0
			24.114772596,-105.990260857,0
			24.115014441,-105.990854599,0
			24.114840063,-105.991930663,0
			24.1145006400001,-105.993341015,0
			24.1145822240001,-105.994089032,0
			24.1147902890002,-105.994881072,0
			24.1145413610001,-105.995686918,0
			24.1144556720001,-105.996649616,0
			24.1146339180001,-105.997020226,0
			24.1148611690002,-105.997458732,0
			24.1152471180002,-105.997814023,0
			24.1154534150001,-105.99804212,0
			24.1156233770001,-105.998274523,0
			24.1156396940002,-105.998429964,0
			24.11570656,-105.998592467,0
			24.1157592220001,-105.998715784,0
			24.1157769530001,-105.998815935,0
			24.1158552390002,-105.99892898,0
			24.115937463,-105.999086424,0
			24.1160096750002,-105.999227513,0
			24.1161126110001,-105.999373929,0
			24.1162299640002,-105.999585167,0
			24.1163478460002,-105.999715529,0
			24.116495517,-105.999829925,0
			24.1167177270001,-105.999896363,0
			24.11698455,-105.999946975,0
			24.117281373,-105.999949282,0
			24.1176212580002,-105.99989792,0
			24.1179628330001,-105.99986823,0
			24.1183334630001,-105.999836186,0
			24.118416715,-106.000132205,0
			24.1185256830001,-106.000391338,0
			24.1185564440001,-106.000918283,0
			24.1185196700001,-106.001235238,0
			24.1186877490001,-106.001395107,0
			24.1187857150002,-106.001597104,0
			24.1188830640001,-106.001824316,0
			24.119003745,-106.00183404,0
			24.1192855140002,-106.001868578,0
			24.1195223360001,-106.001967502,0
			24.1196548610001,-106.002130326,0
			24.119805334,-106.002279686,0
			24.1200837400002,-106.002755416,0
			24.1202943530001,-106.003305493,0
			24.1203243090001,-106.003584742,0
			24.1204101710001,-106.00394943,0
			24.1205328080002,-106.004046368,0
			24.120814152,-106.004145645,0
			24.1211109740001,-106.004147961,0
			24.1214970720001,-106.004118629,0
			24.121824641,-106.003959391,0
			24.122048746,-106.003734607,0
			24.1222285410001,-106.003477131,0
			24.122466972,-106.003333367,0
			24.1227790610001,-106.003271087,0
			24.1230507810001,-106.003040101,0
			24.1234842430001,-106.002930531,0
			24.1238687420002,-106.002965247,0
			24.1241889410001,-106.003097743,0
			24.1245634160001,-106.003308607,0
			24.124818346,-106.003462139,0
			24.125082702,-106.003508447,0
			24.125271947,-106.003672577,0
			24.1255591970001,-106.003567656,0
			24.1257686910001,-106.003310405,0
			24.1260893,-106.002740022,0
			24.126138246,-106.002477129,0
			24.126209766,-106.002189002,0
			24.1263258860001,-106.002085035,0
			24.1266304900001,-106.002003801,0
			24.1268587610001,-106.001880303,0
			24.127086247,-106.001787483,0
			24.1271456670001,-106.001557473,0
			24.1273692390002,-106.001413585,0
			24.1275477560001,-106.001350258,0
			24.12794407,-106.001253683,0
			24.128315204,-106.001240399,0
			24.1286413900002,-106.001291482,0
			24.128955056,-106.001662066,0
			24.12924298,-106.002043782,0
			24.1293190860001,-106.002642871,0
			24.1294710350002,-106.003027429,0
			24.1294330140001,-106.003412769,0
			24.1294506400002,-106.003548554,0
			24.1295779130001,-106.003797971,0
			24.1297828990002,-106.004034391,0
			24.1299581050001,-106.004198106,0
			24.1303588160002,-106.004201235,0
			24.1307156410001,-106.004106933,0
			24.130969232,-106.003914735,0
			24.131208073,-106.003706248,0
			24.1315205870001,-106.003579227,0
			24.1317869990001,-106.003694593,0
			24.131993072,-106.003955098,0
			24.1322734580002,-106.004199988,0
			24.1324959680001,-106.004217924,0
			24.132874133,-106.004059966,0
			24.133068574,-106.003834956,0
			24.1335291800001,-106.003757634,0
			24.1341701650001,-106.003593155,0
			24.1345554260001,-106.003497451,0
			24.1348968280001,-106.003428513,0
			24.1351796590002,-106.003301257,0
			24.1354463740001,-106.003368058,0
			24.1357333220001,-106.003517996,0
			24.1358806910001,-106.003806376,0
			24.1359869920001,-106.004039151,0
			24.1362983360001,-106.004090129,0
			24.1367439050001,-106.004045062,0
			24.1372338740001,-106.00401654,0
			24.1376644940001,-106.003987531,0
			24.1379035480001,-106.003746661,0
			24.137979881,-106.003423627,0
			24.1381644940001,-106.003239002,0
			24.1382293670001,-106.00290335,0
			24.1382391890002,-106.002519978,0
			24.1383360700001,-106.002308068,0
			24.1384866290001,-106.00219756,0
			24.1385600640002,-106.002077025,0
			24.1386868880002,-106.001988947,0
			24.1389390800001,-106.002007087,0
			24.1390862170001,-106.002202424,0
			24.1391439880002,-106.002445612,0
			24.1392312280001,-106.002721378,0
			24.1393861990001,-106.002869734,0
			24.1395550510002,-106.003143434,0
			24.1396936270001,-106.00350062,0
			24.1397994180001,-106.003764744,0
			24.1400262780002,-106.003971167,0
			24.1401794470002,-106.003964679,0
			24.1403364730002,-106.003927477,0
			24.140506735,-106.003470603,0
			24.1405889770001,-106.003281267,0
			24.1406846700001,-106.003115362,0
			24.1408027160001,-106.002992553,0
			24.1414355410001,-106.003011988,0
			24.1422511630001,-106.00311545,0
			24.1429490290001,-106.003072348,0
			24.1435279550001,-106.003060691,0
			24.1438829710002,-106.003241484,0
			24.1442356630002,-106.003778257,0
			24.1444698340001,-106.00419757,0
			24.1448958660002,-106.00431797,0
			24.1451252760002,-106.003914655,0
			24.1454096140001,-106.003560851,0
			24.1456786690001,-106.003271676,0
			24.1459023490001,-106.003111597,0
			24.1462076130001,-106.003097756,0
			24.146563161,-106.003197632,0
			24.1468410350001,-106.003210766,0
			24.147028028,-106.003600128,0
			24.1472165920002,-106.003928173,0
			24.1473129880002,-106.004284099,0
			24.147353948,-106.004607654,0
			24.1473091070001,-106.004870303,0
			24.1474264500001,-106.005081598,0
			24.1474999090001,-106.00519545,0
			24.1476767390001,-106.005391036,0
			24.147779454,-106.005569868,0
			24.1479119580002,-106.005732732,0
			24.1479849900002,-106.005911307,0
			24.1482066460001,-106.006058695,0
			24.148413567,-106.006189793,0
			24.1487052700001,-106.006531384,0
			24.149108174,-106.006654394,0
			24.1496384430001,-106.006489324,0
			24.150002719,-106.006319222,0
			24.1501508580001,-106.006073918,0
			24.1505318270001,-106.006066092,0
			24.150931913,-106.006166329,0
			24.1512574550001,-106.006314535,0
			24.1515079390001,-106.006591609,0
			24.1516689650001,-106.006932737,0
			24.1518008260001,-106.007192708,0
			24.152081738,-106.007356743,0
			24.1524225480002,-106.007440345,0
			24.1528971570001,-106.007492618,0
			24.1534316490001,-106.007464433,0
			24.1537730090001,-106.007467111,0
			24.1539155530002,-106.00773278,0
			24.1541950750002,-106.008107223,0
			24.1544896660001,-106.008449383,0
			24.1548149920001,-106.008629974,0
			24.1551851790001,-106.008762341,0
			24.155272192,-106.009070522,0
			24.1553886720001,-106.009411312,0
			24.1555650520001,-106.009671643,0
			24.1557576640001,-106.009721711,0
			24.1562769020001,-106.009758146,0
			24.156454566,-106.009824297,0
			24.1566318020001,-106.009955152,0
			24.156688916,-106.01029548,0
			24.1566870940001,-106.010570589,0
			24.1567151670001,-106.010813581,0
			24.1568476650001,-106.010976462,0
			24.1570706180001,-106.010929663,0
			24.157279036,-106.010834195,0
			24.1576359710002,-106.010723717,0
			24.1578144920001,-106.010660391,0
			24.158052394,-106.010597508,0
			24.1582302710001,-106.010631285,0
			24.1583628760001,-106.010777992,0
			24.1586176610002,-106.010814902,0
			24.158817943,-106.010921684,0
			24.1589426620002,-106.011096645,0
			24.1590584040001,-106.011261261,0
			24.1592684260001,-106.01134822,0
			24.1595445630001,-106.01137676,0
			24.159953585,-106.011620803,0
			24.1602117800002,-106.011628677,0
			24.1604402500001,-106.011716177,0
			24.1606255410001,-106.011843469,0
			24.1608698750002,-106.012032154,0
			24.1612384710002,-106.012053467,0
			24.1615068470001,-106.012383831,0
			24.1615290940001,-106.01259594,0
			24.1615346900001,-106.012737078,0
			24.161491486,-106.012946776,0
			24.1615047150001,-106.013189635,0
			24.161458149,-106.01349678,0
			24.1614266390001,-106.013771689,0
			24.161395236,-106.014030397,0
			24.1614389000001,-106.014134786,0
			24.1619163130001,-106.014717358,0
			24.162852206,-106.015512359,0
			24.1630917560001,-106.015581376,0
			24.1632838260002,-106.015712362,0
			24.163475358,-106.015924281,0
			24.1636372080001,-106.016135966,0
			24.1637987500001,-106.016396206,0
			24.1639149970001,-106.016769379,0
			24.164152841,-106.017102434,0
			24.1642447090002,-106.017477789,0
			24.1642264330001,-106.017829613,0
			24.1642773860002,-106.018067082,0
			24.1644546130001,-106.018197956,0
			24.1647215510002,-106.018232453,0
			24.1650634340002,-106.018154227,0
			24.1654940380001,-106.018125262,0
			24.1657909820001,-106.01811144,0
			24.165982834,-106.018274811,0
			24.1662182370001,-106.018584201,0
			24.1666433350001,-106.018770267,0
			24.1672069680001,-106.018823298,0
			24.1676510230001,-106.019004852,0
			24.16815367,-106.019300191,0
			24.1687747350002,-106.019645033,0
			24.1695001190002,-106.019925944,0
			24.170846873,-106.020503155,0
			24.1713645900002,-106.020766247,0
			24.171734638,-106.020914869,0
			24.1720543320002,-106.021001559,0
			24.172425248,-106.021020688,0
			24.1728409190002,-106.021007816,0
			24.1731818280001,-106.021075267,0
			24.1733732420001,-106.021303412,0
			24.173415488,-106.021643646,0
			24.1734581670001,-106.021919169,0
			24.173500629,-106.022227048,0
			24.1735882640001,-106.022438166,0
			24.173690756,-106.022649404,0
			24.1738674360001,-106.022861232,0
			24.1741033710002,-106.023089712,0
			24.1744290030001,-106.023221811,0
			24.17484337,-106.023403154,0
			24.175287838,-106.02352,0
			24.175643928,-106.023539043,0
			24.1759852700002,-106.023541765,0
			24.17600666,-106.023742327,0
			24.1760045950001,-106.024049858,0
			24.1759430560001,-106.024373116,0
			24.1758962500001,-106.024712647,0
			24.1759692580001,-106.024891295,0
			24.176132291,-106.024924956,0
			24.176310599,-106.024894022,0
			24.1765630040001,-106.024879835,0
			24.1768448890002,-106.024898289,0
			24.177098653,-106.024986121,0
			24.1771643860001,-106.025300278,0
			24.1772534900002,-106.025423843,0
			24.1773810430001,-106.025488166,0
			24.1775157340002,-106.02563325,0
			24.1776552430001,-106.025949689,0
			24.1778652560001,-106.02603666,0
			24.1780834860001,-106.026106005,0
			24.1783948200001,-106.026157056,0
			24.1787349790001,-106.026337822,0
			24.179135138,-106.026421968,0
			24.1795358590001,-106.026425174,0
			24.179727484,-106.026620933,0
			24.1797848840002,-106.026912768,0
			24.179880999,-106.027156965,0
			24.1799262180002,-106.027551069,0
			24.1799855750002,-106.027754272,0
			24.1799501360002,-106.028055289,0
			24.1798800440001,-106.028208495,0
			24.1800718840001,-106.0283719,0
			24.1803322920002,-106.028557257,0
			24.1806879440001,-106.028641031,0
			24.1810445630001,-106.028579148,0
			24.1814171130001,-106.028355521,0
			24.1816711720001,-106.028098561,0
			24.1820132770001,-106.027987996,0
			24.1823551630001,-106.027909788,0
			24.1826387930001,-106.027669241,0
			24.1829069120002,-106.027525697,0
			24.183218024,-106.027609138,0
			24.1835283900001,-106.02780588,0
			24.183824116,-106.027970122,0
			24.184209107,-106.028102696,0
			24.1846697370001,-106.028025462,0
			24.184982706,-106.027833712,0
			24.1854855990001,-106.027398447,0
			24.1857400920001,-106.027076736,0
			24.1859345500001,-106.026851672,0
			24.186187282,-106.02678895,0
			24.1865285130001,-106.026807861,0
			24.1867794070001,-106.027020312,0
			24.1869855440002,-106.027264789,0
			24.1870870290001,-106.027621741,0
			24.1872758130001,-106.028238375,0
			24.1874050120001,-106.028886943,0
			24.1875950090001,-106.029325534,0
			24.1879913380001,-106.02997625,0
			24.188446701,-106.030675986,0
			24.1890206940001,-106.031392885,0
			24.1900835540002,-106.032243244,0
			24.190596251,-106.032515084,0
			24.19105403,-106.032858713,0
			24.1913180940002,-106.033314124,0
			24.1914788180001,-106.03368775,0
			24.1918924020001,-106.033982486,0
			24.1924860360002,-106.033987273,0
			24.1930501140001,-106.03397564,0
			24.1938516470001,-106.033965898,0
			24.1942527890001,-106.033904383,0
			24.1945932660001,-106.034036627,0
			24.1950362940001,-106.034363997,0
			24.195213396,-106.034511132,0
			24.1955030450001,-106.034695133,0
			24.1958287750001,-106.03481108,0
			24.1963039180001,-106.034782529,0
			24.1967050610001,-106.034721015,0
			24.1971199440001,-106.034821502,0
			24.197354885,-106.035195746,0
			24.1975445150001,-106.035682971,0
			24.1977650380002,-106.035992326,0
			24.1981791660002,-106.036206157,0
			24.1986099910002,-106.036144863,0
			24.1990272950001,-106.035889205,0
			24.1993708510001,-106.035568197,0
			24.1997435220001,-106.035328357,0
			24.2000980190002,-106.035249435,0
			24.200587765,-106.035253391,0
			24.20109116,-106.035435532,0
			24.2015643060001,-106.035698391,0
			24.202200277,-106.036027321,0
			24.2027176290001,-106.036339112,0
			24.2032666300001,-106.036359758,0
			24.2040234180002,-106.036382059,0
			24.2045252680001,-106.036790876,0
			24.2048642930002,-106.037133599,0
			24.205189137,-106.037379088,0
			24.2054696960001,-106.037591832,0
			24.205883584,-106.037838045,0
			24.206177973,-106.03819662,0
			24.2062863860002,-106.038461355,0
			24.2064915080001,-106.038851574,0
			24.207109426,-106.039649933,0
			24.2073136600001,-106.040169685,0
			24.2074000520001,-106.040558946,0
			24.207575929,-106.040884202,0
			24.2080920530001,-106.041374104,0
			24.2097850050002,-106.04259603,0
			24.2115865060001,-106.04400035,0
			24.2117047570001,-106.044160433,0
			24.2122228690001,-106.044358955,0
			24.2134919790001,-106.044629649,0
			24.2154075440001,-106.044207333,0
			24.21620966,-106.044316929,0
			24.2171321120001,-106.044092599,0
			24.218089892,-106.043775247,0
			24.2188035080001,-106.044193639,0
			24.2197978260001,-106.044310323,0
			24.2208503600001,-106.043883569,0
			24.2202497630001,-106.067981736,0
			24.220200586,-106.069948352,0
			24.2495725740002,-106.07129606,0
			24.2538923530001,-106.072014775,0
			24.2541269660001,-106.072022043,0
			24.2544347070001,-106.072167628,0
			24.2547148660001,-106.072176307,0
			24.25499827,-106.072060378,0
			24.2554898820001,-106.072167051,0
			24.2557368440001,-106.072254051,0
			24.2562713400001,-106.07206655,0
			24.256495187,-106.072243529,0
			24.2567643780002,-106.072274559,0
			24.2569986020002,-106.072451886,0
			24.2574593380001,-106.072704258,0
			24.2579446540001,-106.072809991,0
			24.2586380800001,-106.072775238,0
			24.258859219,-106.072657377,0
			24.2591705100001,-106.072667022,0
			24.2596682680001,-106.072693766,0
			24.2599359830002,-106.072781435,0
			24.2601378940001,-106.073003126,0
			24.260324372,-106.073020226,0
			24.2606466300001,-106.073007543,0
			24.2608787370002,-106.072867329,0
			24.2610097860001,-106.073018795,0
			24.2611829370001,-106.073148874,0
			24.2613240790001,-106.073312,0
			24.261467571,-106.073384454,0
			24.2616597050001,-106.073583176,0
			24.261957361,-106.073717115,0
			24.2624411770001,-106.073743901,0
			24.2626060240001,-106.073794371,0
			24.2628861720001,-106.073803053,0
			24.2632090210001,-106.073767698,0
			24.2634713750001,-106.073662458,0
			24.2635125790001,-106.073675058,0
			24.2637716870001,-106.073694435,0
			24.2638212030001,-106.07378667,0
			24.2641324930001,-106.073796317,0
			24.264372027,-106.073769725,0
			24.264446772,-106.074089531,0
			24.2647245700001,-106.074188842,0
			24.264720143,-106.074358785,0
			24.2650103830001,-106.074379127,0
			24.2652801520001,-106.074387489,0
			24.2656858130002,-106.074241563,0
			24.2660863470001,-106.074412714,0
			24.2664222650002,-106.074672588,0
			24.2668969160001,-106.074789351,0
			24.2671139240001,-106.074830095,0
			24.2674091820001,-106.074657817,0
			24.267744168,-106.074554828,0
			24.2683382610001,-106.074471194,0
			24.2686527870002,-106.074572375,0
			24.268983344,-106.074639332,0
			24.2694220930001,-106.074539535,0
			24.2696640350002,-106.074819173,0
			24.2698122950002,-106.075107231,0
			24.2698974150001,-106.075427372,0
			24.270131044,-106.075627373,0
			24.2704423340002,-106.075637025,0
			24.270841049,-106.075479301,0
			24.2713892010001,-106.075843226,0
			24.2718203650001,-106.076323116,0
			24.272153256,-106.076790982,0
			24.2725628260001,-106.077153572,0
			24.272593832,-106.077540312,0
			24.272713257,-106.078001561,0
			24.2729701550002,-106.078547843,0
			24.2728519950002,-106.079122695,0
			24.2730657300002,-106.07974836,0
			24.2731098600001,-106.080261104,0
			24.2731357140001,-106.080845069,0
			24.2733534190001,-106.081318354,0
			24.273568992,-106.081558299,0
			24.2736557840001,-106.081695566,0
			24.273848833,-106.081854093,0
			24.274082703,-106.082022844,0
			24.274367188,-106.082275998,0
			24.2746012910001,-106.082435778,0
			24.2748623520001,-106.082506696,0
			24.275110296,-106.082765611,0
			24.2753629210001,-106.082845223,0
			24.2756204810001,-106.083050608,0
			24.2757359010002,-106.083350258,0
			24.2757042510001,-106.083618425,0
			24.2756139610001,-106.083929643,0
			24.2756362690001,-106.084334062,0
			24.275890733,-106.084785176,0
			24.2762109190001,-106.085109128,0
			24.2765552650001,-106.085451793,0
			24.2769282190001,-106.085642813,0
			24.2773776340001,-106.085737529,0
			24.2775427830001,-106.086020795,0
			24.277647406,-106.086418823,0
			24.2776922290001,-106.086904694,0
			24.2779563470001,-106.087173081,0
			24.2782968490002,-106.086950247,0
			24.278644469,-106.087167401,0
			24.278946348,-106.087248555,0
			24.279239555,-106.087347401,0
			24.279615555,-106.087735915,0
			24.2798846040002,-106.088130085,0
			24.280137928,-106.08818284,0
			24.2805756050001,-106.088582939,0
			24.2811333940001,-106.088932263,0
			24.281553725,-106.089196567,0
			24.281797664,-106.089293862,0
			24.2822914110001,-106.089264371,0
			24.282841923,-106.089424195,0
			24.283301657,-106.0894385,0
			24.2836917250002,-106.089289137,0
			24.2839030460001,-106.089062443,0
			24.2844089680001,-106.088877304,0
			24.284468296,-106.088990351,0
			24.2848470680001,-106.089630409,0
			24.285362433,-106.089816766,0
			24.2855772700001,-106.090073335,0
			24.2858224410001,-106.090748655,0
			24.2861044690001,-106.090933018,0
			24.286502249,-106.091245738,0
			24.2869328390001,-106.091631528,0
			24.287113162,-106.092051571,0
			24.2873742900001,-106.092509827,0
			24.309597137,-106.118456556,0
			24.3387703750001,-106.152539617,0
			24.3336501840001,-106.169975201,0
			24.3363274750002,-106.173581156,0
			24.338857039,-106.176988382,0
			24.351785104,-106.194405659,0
			24.3747552880001,-106.268869407,0
			24.3610629950001,-106.327848253,0
			24.3572624900001,-106.333644632,0
			24.356404013,-106.335231836,0
			24.355695323,-106.336329816,0
			24.3488056520001,-106.344100765,0
			24.3449339810001,-106.346145279,0
			24.3382707700001,-106.347858573,0
			24.3369490740002,-106.348198392,0
			24.3369256270001,-106.348204421,0
			24.3259405930002,-106.351028553,0
			24.3237781530001,-106.351584433,0
			24.3164681590001,-106.352623693,0
			24.3114410260001,-106.356257919,0
			24.3074698900002,-106.359197656,0
			24.3041725040002,-106.363013263,0
			24.301940807,-106.367544662,0
			24.2998175860001,-106.374535591,0
			24.2985666530001,-106.380315056,0
			24.2979300680001,-106.383255739,0
			24.2930953220001,-106.40313005,0
			24.2911140660001,-106.409977737,0
			24.2850743030002,-106.429470095,0
			24.284626427,-106.43208377,0
			24.2844293970001,-106.433561989,0
			24.2838997310001,-106.437535263,0
			24.2820806560002,-106.447955272,0
			24.2816535470001,-106.450725847,0
			24.2805744780001,-106.457723108,0
			24.2798505030001,-106.46144011,0
			24.2788727140002,-106.465793179,0
			24.277856957,-106.469654665,0
			24.2908721470001,-106.508302897,0
			24.2909617480001,-106.508569091,0
			24.291113925,-106.509021199,0
			24.2911393040001,-106.509096602,0
			24.286984256,-106.517093555,0
			24.2951237370002,-106.527991208,0
			24.3026728640001,-106.533244378,0
			24.3095477920002,-106.534088917,0
			24.3790003040002,-106.58595861,0
			24.3902699250001,-106.583465654,0
			24.3905943690002,-106.58366749,0
			24.4094722040001,-106.59528837,0
			24.4145658460001,-106.601588304,0
			24.4370205920002,-106.569276021,0
			24.4379017320001,-106.568789638,0
			24.4385017450001,-106.568458431,0
			24.4420475500001,-106.568684668,0
			24.4421725480001,-106.567632168,0
			24.44619083,-106.569266505,0
			24.449357965,-106.56875412,0
			24.4510354530001,-106.568404979,0
			24.45309919,-106.568321537,0
			24.4538993440001,-106.566751084,0
			24.4558729310001,-106.566445744,0
			24.4587842770001,-106.562838415,0
			24.4611787630002,-106.56242849,0
			24.4674636780002,-106.559947354,0
			24.4696450470001,-106.559452581,0
			24.4727106100001,-106.560015801,0
			24.4731064960001,-106.563560823,0
			24.4731670430002,-106.564096953,0
			24.4733972360002,-106.564830949,0
			24.4742779900002,-106.565695178,0
			24.4742513600001,-106.565931758,0
			24.4742068500001,-106.56635056,0
			24.4742321260001,-106.566612334,0
			24.4742616230001,-106.566841873,0
			24.4743968440001,-106.566943757,0
			24.4744932520001,-106.56702268,0
			24.4746063600002,-106.567093191,0
			24.4746907010001,-106.567078123,0
			24.4747431120001,-106.567029581,0
			24.4747663170002,-106.566967404,0
			24.4747310880002,-106.566878011,0
			24.4747006780001,-106.566792392,0
			24.474681874,-106.566703571,0
			24.4747342200001,-106.566683359,0
			24.4751120260001,-106.566713614,0
			24.4754634270001,-106.566789339,0
			24.4756788780001,-106.566912283,0
			24.4758788680001,-106.567112633,0
			24.4757919070001,-106.567199077,0
			24.4755898140002,-106.567342122,0
			24.4755437630002,-106.567473299,0
			24.47562443,-106.567603097,0
			24.4756241800002,-106.567801071,0
			24.4756700310002,-106.568128818,0
			24.4756173660002,-106.568305926,0
			24.4754448110002,-106.568522168,0
			24.4753144050001,-106.568690356,0
			24.4754355130001,-106.568868991,0
			24.4756940940001,-106.568971672,0
			24.4758199250001,-106.56899029,0
			24.476005457,-106.568937795,0
			24.4761150200001,-106.56900463,0
			24.4763224610001,-106.569132175,0
			24.476512691,-106.56936443,0
			24.476645343,-106.569531678,0
			24.4768068670001,-106.56981075,0
			24.4768471180001,-106.570023564,0
			24.4768047090001,-106.570203001,0
			24.4767190090001,-106.570401256,0
			24.4767950130001,-106.570599054,0
			24.4769361610001,-106.570814027,0
			24.477033799,-106.570843844,0
			24.4770512560002,-106.570946102,0
			24.477073654,-106.571133885,0
			24.4771544380001,-106.571295263,0
			24.4772942210001,-106.571472916,0
			24.4775112050001,-106.571699035,0
			24.4774592520001,-106.572014335,0
			24.4773091970001,-106.572316046,0
			24.4774729770001,-106.572650039,0
			24.4775204170001,-106.572871236,0
			24.477626935,-106.573169691,0
			24.4777038440001,-106.57320896,0
			24.477918227,-106.573248637,0
			24.4780104800001,-106.573313642,0
			24.4781494030001,-106.573533717,0
			24.4784587210002,-106.573775184,0
			24.47852491,-106.573958742,0
			24.4787039400001,-106.574018518,0
			24.4789129580001,-106.574083477,0
			24.4789559780002,-106.574286835,0
			24.4793120820001,-106.574563481,0
			24.4794232640001,-106.574625029,0
			24.4795908940001,-106.574688545,0
			24.4797735620001,-106.574752585,0
			24.4799353440002,-106.574758226,0
			24.4802615390001,-106.574873522,0
			24.4804268330001,-106.574950297,0
			24.4805240930002,-106.574990347,0
			24.4805880290001,-106.575095655,0
			24.4807023670002,-106.575451026,0
			24.48083681,-106.575508406,0
			24.4810536110001,-106.575614451,0
			24.4811713460002,-106.575742262,0
			24.4812915960001,-106.575927411,0
			24.4813630330001,-106.576186974,0
			24.4815051210001,-106.576269806,0
			24.4816286260001,-106.576271826,0
			24.4817634960001,-106.576171163,0
			24.4818779630001,-106.576195764,0
			24.4819197840001,-106.576272882,0
			24.4819489970001,-106.576580269,0
			24.481942265,-106.576956027,0
			24.4819442080001,-106.577496358,0
			24.4821032200002,-106.577863977,0
			24.4820771890001,-106.578174084,0
			24.4820980530002,-106.578476535,0
			24.482224194,-106.578661964,0
			24.4823937750001,-106.578667882,0
			24.4825832000001,-106.578814917,0
			24.4828864150001,-106.578895123,0
			24.4830308730001,-106.579034781,0
			24.4831929600001,-106.579151843,0
			24.4834176570001,-106.579159685,0
			24.4836431690001,-106.579139713,0
			24.4840669800001,-106.579098767,0
			24.4843365780002,-106.579312436,0
			24.4845532790001,-106.579593869,0
			24.484901366,-106.579735992,0
			24.4851894220001,-106.579844306,0
			24.4854696320002,-106.579840166,0
			24.4857073600001,-106.579983085,0
			24.4859400240002,-106.58015367,0
			24.4862229940001,-106.580200684,0
			24.4864727560002,-106.580177178,0
			24.4867343510001,-106.580084178,0
			24.4869867850002,-106.580014072,0
			24.4872441760001,-106.580064839,0
			24.4874975000001,-106.580254733,0
			24.4879022240002,-106.580566638,0
			24.4881547720001,-106.580928251,0
			24.4883204560001,-106.581212576,0
			24.488415776,-106.58150659,0
			24.48820721,-106.581912665,0
			24.4885949600001,-106.582143128,0
			24.4895445050001,-106.582779649,0
			24.4898917100001,-106.583358034,0
			24.4903913860001,-106.583396224,0
			24.4907599160002,-106.583758662,0
			24.4909338210001,-106.584848949,0
			24.491520408,-106.585750588,0
			24.4918114540001,-106.586096793,0
			24.4923176400001,-106.586213794,0
			24.4925346120001,-106.586609398,0
			24.4926397720001,-106.587124495,0
			24.492310746,-106.587591476,0
			24.492201971,-106.588402587,0
			24.4917632810001,-106.588987259,0
			24.4913759850001,-106.589923311,0
			24.4915021560001,-106.590448264,0
			24.4913226550001,-106.590757599,0
			24.4913424100001,-106.591222489,0
			24.4914311000001,-106.591573927,0
			24.4917012250002,-106.591796207,0
			24.4919226820001,-106.592049101,0
			24.4928356910001,-106.592143841,0
			24.4930510390001,-106.592382916,0
			24.4934154220002,-106.59262135,0
			24.4935240380001,-106.592813342,0
			24.493728247,-106.593354627,0
			24.4946102620001,-106.593295232,0
			24.495058746,-106.593652736,0
			24.4942372720001,-106.594038788,0
			24.494223194,-106.594415785,0
			24.4941518660002,-106.594886825,0
			24.4938861300002,-106.595358641,0
			24.4938256330001,-106.59587311,0
			24.4935976360001,-106.595900991,0
			24.4932164690001,-106.596089321,0
			24.4930956320002,-106.59614274,0
			24.492949411,-106.596174051,0
			24.4925668760001,-106.596045242,0
			24.4923965730002,-106.596175048,0
			24.4924054910002,-106.596387274,0
			24.4925052130001,-106.59659939,0
			24.492549819,-106.596730108,0
			24.492539107,-106.596888668,0
			24.4925603860001,-106.596988752,0
			24.49259991,-106.597086167,0
			24.492488422,-106.597171673,0
			24.492400334,-106.59718184,0
			24.4923020930001,-106.597125401,0
			24.492125616,-106.597053004,0
			24.4920422970001,-106.597003724,0
			24.4919155830002,-106.59698934,0
			24.491726214,-106.597228393,0
			24.4915811450002,-106.597117353,0
			24.4913694700002,-106.597067272,0
			24.4911212220001,-106.597171147,0
			24.4909246890001,-106.597369572,0
			24.4909885370002,-106.597772487,0
			24.4909915920002,-106.597862958,0
			24.4910108680002,-106.598433909,0
			24.491038599,-106.59862363,0
			24.491080959,-106.598830425,0
			24.491098245,-106.598963494,0
			24.4910537690001,-106.599034784,0
			24.490994566,-106.599092304,0
			24.490933313,-106.599116646,0
			24.4908781030001,-106.5991412,0
			24.4907990890001,-106.599151683,0
			24.490735193,-106.599162679,0
			24.4906522620001,-106.599100176,0
			24.4905114890001,-106.599048882,0
			24.4904265440001,-106.598903164,0
			24.4903265450001,-106.59880363,0
			24.490121195,-106.598786488,0
			24.4900055940001,-106.59870297,0
			24.4898695030001,-106.5986982,0
			24.4896710340001,-106.598709917,0
			24.4894352190001,-106.598802309,0
			24.4892128360001,-106.5988549,0
			24.4890011300001,-106.598961548,0
			24.4887181760002,-106.599028981,0
			24.4885370680001,-106.598884055,0
			24.4882865470001,-106.598680539,0
			24.488026802,-106.598697553,0
			24.4878883310002,-106.598882993,0
			24.4877005760002,-106.598887605,0
			24.4873912310001,-106.598566701,0
			24.4871181760001,-106.598456388,0
			24.4869100430001,-106.598766405,0
			24.4865946810001,-106.598818782,0
			24.4865058700001,-106.599043976,0
			24.4866802440001,-106.599262767,0
			24.486807664,-106.599453795,0
			24.4868226340002,-106.59964088,0
			24.4868295790001,-106.599753059,0
			24.4867856290001,-106.599855993,0
			24.4867653060001,-106.599967216,0
			24.486711228,-106.600066064,0
			24.4866142890001,-106.600114901,0
			24.486509638,-106.600077651,0
			24.486409441,-106.599969629,0
			24.486299827,-106.599868775,0
			24.486140913,-106.599723776,0
			24.4860574210001,-106.599643868,0
			24.4859429830001,-106.599591351,0
			24.485741997,-106.599517091,0
			24.4855053300001,-106.59956103,0
			24.4853370630001,-106.599715572,0
			24.4851682100001,-106.599657417,0
			24.4850776170001,-106.599490069,0
			24.484979213,-106.599356029,0
			24.4848419690002,-106.599336381,0
			24.4846497190001,-106.599378147,0
			24.484597095,-106.599544204,0
			24.4844792640001,-106.599607234,0
			24.484293171,-106.599671602,0
			24.4840191190002,-106.599785615,0
			24.4838619240002,-106.599795029,0
			24.483812374,-106.599972385,0
			24.4837352280002,-106.600159968,0
			24.483579925,-106.600221684,0
			24.4833908560001,-106.600271021,0
			24.483210811,-106.600361717,0
			24.4978512750001,-106.609994944,0
			24.4998396840001,-106.622317804,0
			24.5002360520002,-106.624775001,0
			24.501016356,-106.62545757,0
			24.5032284930001,-106.627363189,0
			24.5065031460002,-106.630067073,0
			24.5248966760001,-106.622607001,0
			24.5250623260001,-106.622859906,0
			24.5271414430001,-106.626034307,0
			24.529989501,-106.632237823,0
			24.530002741,-106.632465507,0
			24.5303117760001,-106.637781615,0
			24.5297942610001,-106.641433085,0
			24.52897946,-106.645460668,0
			24.5547488470002,-106.659743751,0
			24.5603002330001,-106.662821542,0
			24.5671306250002,-106.666608854,0
			24.571672762,-106.668652108,0
			24.5985304710001,-106.683608604,0
			24.6009249340001,-106.684125105,0
			24.601149015,-106.684173441,0
			24.6237537270001,-106.689050402,0
			24.6485547080001,-106.699145518,0
			24.6652616560001,-106.705948366,0
			24.6665565270001,-106.707212421,0
			24.6703048540001,-106.711492703,0
			24.6720818700001,-106.715125303,0
			24.6762389620001,-106.719264451,0
			24.7330956640001,-106.77591665,0
			24.7414564390001,-106.784254294,0
			24.7439103340002,-106.793010715,0
			24.753361134,-106.796128711,0
			24.8183577360002,-106.861015178,0
			24.8229553430002,-106.865852878,0
			24.8241642730002,-106.867815752,0
			24.82635119,-106.885998398,0
			24.826683207,-106.888760463,0
			24.8283878520001,-106.90294888,0
			24.8139531210001,-106.919276781,0
			24.8209166760001,-106.930662568,0
			24.834697299,-106.938166755,0
			24.8352510140001,-106.938060944,0
			24.8355580080001,-106.938635511,0
			24.8397531700001,-106.946487816,0
			24.8430574600001,-106.943136695,0
			24.8515273670001,-106.943961122,0
			24.8585079250001,-106.94639325,0
			24.8579476990001,-106.950831822,0
			24.8590237200001,-106.951418105,0
			24.866164231,-106.928554119,0
			24.8666243810001,-106.927080259,0
			24.8714792970001,-106.932862894,0
			24.873473109,-106.930616118,0
			24.8750503230002,-106.931485106,0
			24.8752292510001,-106.931583691,0
			24.880535847,-106.934507642,0
			24.888951741,-106.946278076,0
			24.8883353580001,-106.949331676,0
			24.8883127040002,-106.949443898,0
			24.8879966650001,-106.951009439,0
			24.8942876150001,-106.957536925,0
			24.8947379280001,-106.958004214,0
			24.9092859040002,-106.973103215,0
			24.909524452,-106.973209296,0
			24.909614692,-106.97324942,0
			24.9282410110001,-107.000575428,0
			24.9280315910001,-107.000809382,0
			24.9258701960001,-107.003223928,0
			24.9099082720002,-107.021052882,0
			24.9271757270001,-107.024977869,0
			24.9283805070001,-107.025146678,0
			24.933617364,-107.018343907,0
			24.9675079390001,-107.038612591,0
			24.968112177,-107.038974076,0
			24.976278534,-107.043859984,0
			24.97634441,-107.0438994,0
			24.976443598,-107.043958749,0
			24.9921540240002,-107.0533609,0
			24.9986978900001,-107.057277971,0
			25.000611476,-107.058566975,0
			25.0018395510001,-107.059918447,0
			25.0024274350001,-107.0604198,0
			25.0041032080001,-107.060556369,0
			25.005656786,-107.060564375,0
			25.006469327,-107.06080532,0
			25.0084663360001,-107.061397512,0
			25.0103210100002,-107.061595823,0
			25.0124495700001,-107.062014161,0
			25.0189053560001,-107.066100928,0
			25.0203968710001,-107.066504297,0
			25.0221300730001,-107.066699786,0
			25.0229150000002,-107.066421909,0
			25.0241378170002,-107.065670783,0
			25.0248929510001,-107.06486641,0
			25.025255354,-107.063571284,0
			25.0301552080001,-107.067398994,0
			25.0303472040001,-107.067936052,0
			25.0480323770001,-107.116002877,0
			25.04805823,-107.116073181,0
			25.049192561,-107.119158027,0
			25.0531387950001,-107.129891634,0
			25.1131710750001,-107.12765623,0
			25.1729590730002,-107.125430044,0
			25.1852070650002,-107.124973724,0
			25.186639837,-107.124918548,0
			25.187556231,-107.125821011,0
			25.1881171150001,-107.127570015,0
			25.188401372,-107.129013689,0
			25.188701484,-107.129083338,0
			25.189445333,-107.129255969,0
			25.2017349020002,-107.136346671,0
			25.2245481390001,-107.148774795,0
			25.2253426390001,-107.135384973,0
			25.2257311440002,-107.134803178,0
			25.225812934,-107.134578586,0
			25.2263550370002,-107.132989941,0
			25.2267117980001,-107.132021372,0
			25.2271316190001,-107.131995089,0
			25.2277739500001,-107.131771974,0
			25.2286114220001,-107.130641823,0
			25.2294827550002,-107.130423212,0
			25.2296741140001,-107.130508815,0
			25.2299119800001,-107.130953103,0
			25.230773777,-107.13137733,0
			25.2312744990001,-107.131990037,0
			25.23153654,-107.131981709,0
			25.232202224,-107.131675064,0
			25.2329791210001,-107.131012236,0
			25.2414361770001,-107.123490003,0
			25.2413040280001,-107.123013654,0
			25.2413386300001,-107.122540206,0
			25.2418622110002,-107.121891765,0
			25.2426220140001,-107.121247425,0
			25.2431112210002,-107.121057129,0
			25.2434668090001,-107.121460908,0
			25.2437122810002,-107.122366358,0
			25.243824385,-107.123270546,0
			25.2441060920002,-107.123978886,0
			25.2454022240001,-107.125668299,0
			25.2464973800001,-107.126834305,0
			25.248157409,-107.129421474,0
			25.2488570200001,-107.130461548,0
			25.2493877520002,-107.131042134,0
			25.2499326780001,-107.131597551,0
			25.2503258100002,-107.132383104,0
			25.2503353230001,-107.133059511,0
			25.250450115,-107.133658771,0
			25.2507801900001,-107.134015458,0
			25.2512285850001,-107.13472678,0
			25.2538767380001,-107.13867879,0
			25.2546835720001,-107.139628822,0
			25.2554711220001,-107.140911995,0
			25.2557002610001,-107.141405409,0
			25.2555145220001,-107.141753898,0
			25.2556723970001,-107.142368414,0
			25.2558221460002,-107.142585153,0
			25.2562509080001,-107.142730328,0
			25.2568225610001,-107.14367855,0
			25.2578464680001,-107.145413019,0
			25.2588609080001,-107.147547104,0
			25.2589439610001,-107.147721826,0
			25.2591588550001,-107.148340252,0
			25.2594154510001,-107.149070941,0
			25.260107784,-107.150759772,0
			25.2617411440002,-107.154586161,0
			25.2616377680001,-107.155466482,0
			25.261504147,-107.156088064,0
			25.261764984,-107.157202751,0
			25.2623044300001,-107.157522251,0
			25.2626909870002,-107.157830314,0
			25.2629802930001,-107.158390863,0
			25.3207546220001,-107.20002205,0
			25.3207989210001,-107.200053989,0
			25.331564229,-107.20781657,0
			25.3263578740001,-107.171550806,0
			25.4020597220001,-107.203733123,0
			25.4027045390001,-107.204007426,0
			25.4171005090001,-107.210132226,0
			25.436815801,-107.184874407,0
			25.4396401770001,-107.164728748,0
			25.4398855040001,-107.164173547,0
			25.439923015,-107.164162834,0
			25.4400914970001,-107.164114713,0
			25.440314754,-107.16379329,0
			25.4404543640001,-107.163566317,0
			25.4405467440001,-107.163149869,0
			25.440621876,-107.162733112,0
			25.4408184580001,-107.161936944,0
			25.4408584980001,-107.161468367,0
			25.4409404060001,-107.16104234,0
			25.4410024740001,-107.160656413,0
			25.4410703850001,-107.160384543,0
			25.4411542850002,-107.16017184,0
			25.4412756790001,-107.159936961,0
			25.4414027460002,-107.159642196,0
			25.4416078380001,-107.159418646,0
			25.4417624290002,-107.159227174,0
			25.441794234,-107.159010392,0
			25.441922802,-107.158858758,0
			25.4419921440001,-107.15869055,0
			25.442166247,-107.158579628,0
			25.442447309,-107.158695582,0
			25.4425897240001,-107.158687591,0
			25.4428196190001,-107.158839796,0
			25.4430345000002,-107.159073166,0
			25.4431777510001,-107.159228765,0
			25.4432991490002,-107.159485686,0
			25.4434793970001,-107.159591321,0
			25.4435780970001,-107.159916153,0
			25.4437124100002,-107.160165619,0
			25.4437952600001,-107.160395153,0
			25.4438789640001,-107.160567714,0
			25.4440152160001,-107.160684175,0
			25.4442026570001,-107.160906279,0
			25.4444973840001,-107.160965664,0
			25.4448005190002,-107.160957256,0
			25.445219201,-107.160817125,0
			25.4454862380002,-107.160589218,0
			25.445716018,-107.16036666,0
			25.4458119920001,-107.160077443,0
			25.4458936300001,-107.15984901,0
			25.4458813420002,-107.159609257,0
			25.4462025820001,-107.157166077,0
			25.4464475220001,-107.156289959,0
			25.4468715840001,-107.155795683,0
			25.4474734740001,-107.155722493,0
			25.4478664240001,-107.155976571,0
			25.448103358,-107.156284886,0
			25.4483764460001,-107.156479815,0
			25.4485341480001,-107.156691138,0
			25.4487741340001,-107.156790434,0
			25.4490850660001,-107.156757973,0
			25.449243874,-107.156513724,0
			25.449266704,-107.156134003,0
			25.4494280220002,-107.155718746,0
			25.449568481,-107.155550198,0
			25.449810438,-107.155516505,0
			25.4502070160001,-107.15552357,0
			25.450396116,-107.155564943,0
			25.4506197260002,-107.155606929,0
			25.450826072,-107.155648633,0
			25.451083308,-107.155748238,0
			25.4513402810001,-107.155866852,0
			25.4515801860001,-107.155940814,0
			25.4517915660002,-107.156092291,0
			25.4520195010001,-107.156114939,0
			25.4522509510001,-107.156219511,0
			25.4525216570001,-107.156257491,0
			25.4528005460002,-107.156234474,0
			25.4532242030002,-107.156352351,0
			25.4534421540001,-107.156402129,0
			25.4536901720001,-107.156377872,0
			25.453900268,-107.156379386,0
			25.4541282130002,-107.156402053,0
			25.4544437870002,-107.156461744,0
			25.454865027,-107.15662154,0
			25.455104428,-107.156671918,0
			25.455452924,-107.156787939,0
			25.4559615800001,-107.156686245,0
			25.4561345640001,-107.156651324,0
			25.4564236570002,-107.156561797,0
			25.4569228370001,-107.155713972,0
			25.457079306,-107.154783992,0
			25.4570214910001,-107.154022658,0
			25.4569330960002,-107.152994692,0
			25.4570932780001,-107.151894476,0
			25.4573613850001,-107.151428635,0
			25.45757773,-107.151048762,0
			25.4579370880001,-107.150807051,0
			25.4580444390002,-107.150542846,0
			25.4582861170001,-107.150528152,0
			25.4585567050001,-107.150894106,0
			25.4591147190001,-107.151613239,0
			25.4594957460001,-107.152310712,0
			25.4599328050001,-107.152743733,0
			25.4604745120001,-107.15310631,0
			25.4610917750001,-107.15313075,0
			25.461504718,-107.15297673,0
			25.461977016,-107.152619661,0
			25.4623697110001,-107.15232853,0
			25.4626168840001,-107.152140686,0
			25.4629601550001,-107.152038417,0
			25.4632515060002,-107.151893108,0
			25.4634937930001,-107.151854994,0
			25.4639664210001,-107.151955495,0
			25.4642018690002,-107.151937558,0
			25.4644751940002,-107.152084667,0
			25.464690592,-107.152216308,0
			25.4648380190001,-107.152433416,0
			25.4650571270001,-107.152537503,0
			25.46526347,-107.152704941,0
			25.4655504040001,-107.153050902,0
			25.4657390290002,-107.153073203,0
			25.4660661610001,-107.1530222,0
			25.4664137830001,-107.152744341,0
			25.466697434,-107.152143429,0
			25.4668971610001,-107.151749896,0
			25.4670685250001,-107.15142275,0
			25.467217154,-107.151224168,0
			25.4674757360001,-107.151254852,0
			25.4681466370001,-107.15171473,0
			25.4686393800001,-107.152083304,0
			25.469074322,-107.152508759,0
			25.4696963320001,-107.152632372,0
			25.4700926970002,-107.152544735,0
			25.4704383750002,-107.152399389,0
			25.4707328200001,-107.152234211,0
			25.470938963,-107.152089512,0
			25.47141061,-107.151913286,0
			25.4720377200001,-107.15149875,0
			25.4725349100001,-107.151158152,0
			25.4728510130001,-107.150994922,0
			25.4735746430001,-107.150766627,0
			25.473949437,-107.150645163,0
			25.4742867820001,-107.150603977,0
			25.4745334380002,-107.150619525,0
			25.4748397770002,-107.150814372,0
			25.4752840540001,-107.150973762,0
			25.4758141910002,-107.151134706,0
			25.4762826840001,-107.151205088,0
			25.4766978870001,-107.151117436,0
			25.477028868,-107.150971513,0
			25.4775762090001,-107.150549293,0
			25.4779010030002,-107.150255434,0
			25.4787942080001,-107.149466787,0
			25.4788636820002,-107.147831222,0
			25.4792704380001,-107.147241842,0
			25.4802092730002,-107.147172134,0
			25.4818737470001,-107.146980843,0
			25.482452677,-107.146853794,0
			25.4830735180001,-107.146578453,0
			25.4834693010001,-107.146191956,0
			25.4839116000002,-107.145626801,0
			25.4843138100001,-107.145042888,0
			25.4845067900001,-107.144621102,0
			25.4847590380002,-107.144276632,0
			25.4851638680001,-107.143801882,0
			25.4853160450001,-107.143494356,0
			25.4854550530001,-107.143123787,0
			25.485756619,-107.142700536,0
			25.485953726,-107.142393842,0
			25.486087583,-107.142114145,0
			25.4862185660001,-107.141922773,0
			25.4863001100001,-107.141718291,0
			25.4863375050001,-107.141510618,0
			25.4863032320002,-107.14123819,0
			25.4861068460001,-107.140974923,0
			25.4861717470001,-107.140623698,0
			25.4864269980001,-107.14044706,0
			25.4867937880001,-107.140402573,0
			25.4872546460001,-107.140479757,0
			25.4879776080002,-107.140638566,0
			25.4884951600002,-107.140646598,0
			25.4888754510001,-107.14037608,0
			25.4892529680002,-107.139844722,0
			25.4895648670001,-107.13929497,0
			25.4916645090001,-107.139018468,0
			25.496620899,-107.139822306,0
			25.5050272140001,-107.147684235,0
			25.5031203200001,-107.162536993,0
			25.502742342,-107.164589042,0
			25.5029953220002,-107.166290299,0
			25.505705056,-107.169855099,0
			25.5073899670001,-107.17210582,0
			25.507650306,-107.172174546,0
			25.507995974,-107.172362184,0
			25.5084074920002,-107.172679065,0
			25.5089622730001,-107.173126607,0
			25.5095533700001,-107.173734896,0
			25.51055726,-107.174574713,0
			25.5118023050001,-107.175628938,0
			25.512699958,-107.17612071,0
			25.5136083130001,-107.176873495,0
			25.5144003140001,-107.177634785,0
			25.5148227440002,-107.177924569,0
			25.5151763680001,-107.178117319,0
			25.515734173,-107.178055587,0
			25.515980178,-107.177825548,0
			25.5163131610001,-107.177564754,0
			25.5167735210001,-107.177199527,0
			25.5172733820001,-107.176781643,0
			25.517750391,-107.176371101,0
			25.5182452310002,-107.176028976,0
			25.518658627,-107.176045425,0
			25.519215764,-107.175848852,0
			25.5196649860001,-107.175732703,0
			25.5198575700001,-107.175622584,0
			25.5199722450002,-107.175365247,0
			25.5202370020002,-107.175135194,0
			25.5206009440001,-107.17516336,0
			25.5209207710002,-107.17527336,0
			25.5210871910001,-107.175526582,0
			25.521216422,-107.175737402,0
			25.5213276830001,-107.175885374,0
			25.5215703420002,-107.176098241,0
			25.521946254,-107.176250988,0
			25.522344471,-107.176174758,0
			25.5227067510002,-107.175972804,0
			25.5229382540001,-107.175664231,0
			25.5231158190001,-107.175167009,0
			25.523216215,-107.174772652,0
			25.5233553490002,-107.174316443,0
			25.5234923170001,-107.174006161,0
			25.5238189490001,-107.173657588,0
			25.5239348530001,-107.173492868,0
			25.5239562250001,-107.173326443,0
			25.5238654200002,-107.173074605,0
			25.5236788610001,-107.172904434,0
			25.5236069530002,-107.172652937,0
			25.5236286320001,-107.172465676,0
			25.5236896820001,-107.172174865,0
			25.5238433780002,-107.172010824,0
			25.5241089730002,-107.171953056,0
			25.5246575000002,-107.17194207,0
			25.5251297880002,-107.171971442,0
			25.5257096610001,-107.171999318,0
			25.52614383,-107.172048847,0
			25.5263697610002,-107.172115469,0
			25.5264236860001,-107.172304096,0
			25.5265132540001,-107.172639336,0
			25.526565339,-107.172953035,0
			25.5266549070001,-107.173288275,0
			25.5267063540001,-107.173643672,0
			25.5267587460001,-107.173936534,0
			25.526925787,-107.174148045,0
			25.5271681370002,-107.174381781,0
			25.5277100370001,-107.174639374,0
			25.5280397070002,-107.174391245,0
			25.528408804,-107.174386073,0
			25.5287320300001,-107.174348913,0
			25.5291012880002,-107.174254391,0
			25.5293965470001,-107.173978232,0
			25.5296547940001,-107.173738538,0
			25.5299061020001,-107.173367722,0
			25.5301391470001,-107.17295489,0
			25.5302190970002,-107.172664405,0
			25.530225591,-107.172226645,0
			25.530192728,-107.171892415,0
			25.5301784520001,-107.171579364,0
			25.5301830880001,-107.171266679,0
			25.5303575670001,-107.170977894,0
			25.5305128070002,-107.170709606,0
			25.5307030910001,-107.170629635,0
			25.530988201,-107.170530503,0
			25.5313877550001,-107.170352536,0
			25.531707645,-107.170545192,0
			25.5319318680001,-107.170395884,0
			25.5319956810001,-107.170173314,0
			25.5320932860001,-107.169966538,0
			25.5322955000001,-107.169649277,0
			25.5324677970001,-107.169506399,0
			25.5326568470001,-107.169509801,0
			25.532825747,-107.169596265,0
			25.5328988960001,-107.169764379,0
			25.5329695560001,-107.170099296,0
			25.5330582190001,-107.170497092,0
			25.5331084360001,-107.170935885,0
			25.5332001710001,-107.171125228,0
			25.5332916120001,-107.171335384,0
			25.5333449180001,-107.171565723,0
			25.533342136,-107.171753339,0
			25.5333204560002,-107.17194064,0
			25.5333167460001,-107.172190795,0
			25.533387092,-107.172546553,0
			25.5334397930002,-107.172818568,0
			25.5334918600001,-107.173132309,0
			25.5337140770002,-107.173449093,0
			25.533937801,-107.173547847,0
			25.5341141180001,-107.173751837,0
			25.5342895280001,-107.173847464,0
			25.5343727870001,-107.173882529,0
			25.5344315290002,-107.173907269,0
			25.5346391130001,-107.173890045,0
			25.5348074360001,-107.173861235,0
			25.5351632340001,-107.173753752,0
			25.535689823,-107.173597131,0
			25.5362288140001,-107.173455199,0
			25.537209671,-107.173487223,0
			25.5380320190002,-107.173342345,0
			25.5385164,-107.173688363,0
			25.5388624290002,-107.173737653,0
			25.5392495000002,-107.174208808,0
			25.5395919150001,-107.174565052,0
			25.5398133570001,-107.174817628,0
			25.5398629390002,-107.175298148,0
			25.5399305050001,-107.175841552,0
			25.5399639760001,-107.176134106,0
			25.5400453250002,-107.176345315,0
			25.540125103,-107.176661031,0
			25.5404949970001,-107.1767681,0
			25.540819636,-107.176880464,0
			25.5411875180001,-107.176852484,0
			25.5415507480001,-107.176696465,0
			25.541819623,-107.176515378,0
			25.541996044,-107.17623545,0
			25.5422302640002,-107.175969252,0
			25.542724246,-107.176045732,0
			25.5430391130001,-107.176129298,0
			25.5432623140002,-107.176279166,0
			25.5435793300001,-107.176575108,0
			25.5439930610002,-107.176399783,0
			25.544403845,-107.176167519,0
			25.5445827070001,-107.175620721,0
			25.5446241030001,-107.175142956,0
			25.5445352950001,-107.17470942,0
			25.5441039900002,-107.174354929,0
			25.54390069,-107.174038455,0
			25.5436403730001,-107.173741799,0
			25.5433434840001,-107.173361079,0
			25.5431017530001,-107.173085607,0
			25.5428770620001,-107.172935564,0
			25.542783361,-107.17270812,0
			25.5427165880001,-107.172584825,0
			25.5426839060001,-107.172403315,0
			25.5426513590002,-107.172217346,0
			25.5427750580001,-107.171978497,0
			25.5427989420002,-107.171828888,0
			25.5430812520001,-107.171815333,0
			25.5433403830001,-107.17181854,0
			25.5436260060001,-107.17185121,0
			25.5438926510002,-107.171783663,0
			25.5442350670001,-107.171747557,0
			25.5446929690002,-107.1718642,0
			25.5451379570002,-107.171867486,0
			25.545469676,-107.171522506,0
			25.5457829580002,-107.171488234,0
			25.5461080740001,-107.171586395,0
			25.5463154200002,-107.171871432,0
			25.5466330820001,-107.172127408,0
			25.5468543540002,-107.172506798,0
			25.5470031170001,-107.172676322,0
			25.547076879,-107.172802778,0
			25.5471311090001,-107.172970597,0
			25.547278943,-107.173202669,0
			25.5473895700001,-107.173392353,0
			25.547640416,-107.173460857,0
			25.5480180480002,-107.1737245,0
			25.5481440760001,-107.174093792,0
			25.5483303370002,-107.174284843,0
			25.548426792,-107.174544711,0
			25.5485934220002,-107.174764453,0
			25.5488248040002,-107.174972558,0
			25.5491983280002,-107.175165025,0
			25.5498112090002,-107.175125475,0
			25.5501140810001,-107.174995451,0
			25.550482345,-107.174683324,0
			25.5506919430002,-107.174442825,0
			25.5509179780001,-107.174224487,0
			25.550982623,-107.173850552,0
			25.551141758,-107.173417944,0
			25.5512412430002,-107.173086044,0
			25.5513013550001,-107.172857716,0
			25.5514172590001,-107.172692984,0
			25.5517020450001,-107.172614684,0
			25.5519442670001,-107.172715624,0
			25.5522260090001,-107.172833381,0
			25.55265769,-107.172920147,0
			25.5530147060001,-107.173072591,0
			25.5533859090002,-107.173277347,0
			25.5537866670001,-107.173295066,0
			25.5542958490001,-107.173387692,0
			25.5548236190001,-107.173501478,0
			25.5553252010002,-107.173748496,0
			25.5556453260001,-107.17376755,0
			25.5561478870001,-107.173812834,0
			25.5565525650001,-107.173879496,0
			25.556847889,-107.173433752,0
			25.5570781530001,-107.173208485,0
			25.557214813,-107.17291896,0
			25.5574377100001,-107.172636591,0
			25.557444393,-107.172257616,0
			25.5575424260001,-107.171887178,0
			25.557451456,-107.171341532,0
			25.5573689080001,-107.170713576,0
			25.557254418,-107.170250026,0
			25.5573560460001,-107.169772162,0
			25.5575116120002,-107.169482972,0
			25.5577238850001,-107.169194804,0
			25.5579529060001,-107.169052921,0
			25.5582181750001,-107.169016003,0
			25.558425503,-107.169061434,0
			25.5589186640001,-107.169485978,0
			25.5590410520001,-107.16977161,0
			25.5592412020001,-107.169956544,0
			25.55954681,-107.170069909,0
			25.5600950910002,-107.138749349,0
			25.5596562440002,-107.139227175,0
			25.5590052400001,-107.13930163,0
			25.5587813340001,-107.139101741,0
			25.558625247,-107.138890285,0
			25.5583660160002,-107.13862732,0
			25.5579889860001,-107.138779976,0
			25.5575725800001,-107.138640713,0
			25.5573759380001,-107.138461399,0
			25.5571169650001,-107.1384568,0
			25.5569171280002,-107.138497207,0
			25.5566783850001,-107.138470989,0
			25.5564599070001,-107.138423154,0
			25.5562012550002,-107.138396583,0
			25.5559409980001,-107.138479871,0
			25.55579898,-107.138653169,0
			25.5555936840001,-107.139067092,0
			25.5553308570001,-107.139326152,0
			25.5551117190001,-107.139322259,0
			25.5549144350001,-107.13918689,0
			25.5546969210001,-107.139073141,0
			25.554294038,-107.13926839,0
			25.5539509810002,-107.138653897,0
			25.5535728280001,-107.138870423,0
			25.5533562540001,-107.139079987,0
			25.5531983650001,-107.139354202,0
			25.553192576,-107.139085427,0
			25.553125832,-107.138774852,0
			25.5529849870002,-107.138628969,0
			25.5523944320001,-107.138454749,0
			25.55219843,-107.13826404,0
			25.552110624,-107.137979414,0
			25.5521087870002,-107.137554709,0
			25.5521129590002,-107.137269085,0
			25.5522471290001,-107.137117665,0
			25.552332999,-107.136839901,0
			25.5524213320002,-107.136486386,0
			25.552469262,-107.136066635,0
			25.5524927150001,-107.135825305,0
			25.5524772770001,-107.135517356,0
			25.5524632500001,-107.1351969,0
			25.552404438,-107.134891115,0
			25.5522656760001,-107.134680962,0
			25.5521941710001,-107.134435451,0
			25.552180333,-107.134017647,0
			25.5522160870001,-107.133591244,0
			25.5523765230001,-107.13338336,0
			25.552605329,-107.133187119,0
			25.5527024330001,-107.132936575,0
			25.5526946900001,-107.132552484,0
			25.5524254120002,-107.132251774,0
			25.5523495620001,-107.131976752,0
			25.5520928280002,-107.131818371,0
			25.551696324,-107.131679467,0
			25.5513004750001,-107.131496648,0
			25.5509116920002,-107.131516313,0
			25.5506135220002,-107.131467083,0
			25.5503763780001,-107.131331028,0
			25.550219256,-107.131174413,0
			25.5504193560001,-107.131146969,0
			25.5506605930001,-107.13101569,0
			25.5507969830002,-107.130885295,0
			25.5508342430001,-107.130580023,0
			25.55066928,-107.13032711,0
			25.5504760200001,-107.130244064,0
			25.550302756,-107.130106476,0
			25.5502151580001,-107.129997431,0
			25.5501992490001,-107.129811494,0
			25.550022503,-107.129632558,0
			25.5500051500001,-107.12945644,0
			25.5499495440001,-107.129169739,0
			25.5499556160001,-107.128752295,0
			25.5499799980001,-107.128445056,0
			25.550047108,-107.127940759,0
			25.5501711200001,-107.127635279,0
			25.5502363110001,-107.127262831,0
			25.5503612630002,-107.126891412,0
			25.5504855770001,-107.126563959,0
			25.5506095690001,-107.126258477,0
			25.5507129980001,-107.125996559,0
			25.55071938,-107.12555714,0
			25.5505847310002,-107.125225115,0
			25.5505474300001,-107.125048645,0
			25.55039233,-107.124844656,0
			25.550414378,-107.124564867,0
			25.5505573180001,-107.124367521,0
			25.550641151,-107.124083304,0
			25.5507629080001,-107.123931615,0
			25.5510244340001,-107.123760389,0
			25.5514241360001,-107.123679529,0
			25.5517627840001,-107.1236855,0
			25.5520021520001,-107.123667744,0
			25.5520869410001,-107.123317609,0
			25.5520708560001,-107.123053604,0
			25.5520756360002,-107.122724011,0
			25.5523174860001,-107.122642314,0
			25.5524877010001,-107.122472851,0
			25.552668478,-107.122368116,0
			25.5527997940001,-107.122253279,0
			25.5530992440001,-107.122214602,0
			25.5535195080001,-107.122090145,0
			25.5536621830001,-107.121806068,0
			25.553722874,-107.121519606,0
			25.5537616970001,-107.121290607,0
			25.5538312790001,-107.120993999,0
			25.5538838670001,-107.120727086,0
			25.5539338920001,-107.120328889,0
			25.5540361560001,-107.120080825,0
			25.554108425,-107.119789343,0
			25.5542217060001,-107.119534295,0
			25.554569273,-107.119372587,0
			25.5549319490001,-107.119499649,0
			25.555108691,-107.119678604,0
			25.5552057590001,-107.119856132,0
			25.5553021760002,-107.120077604,0
			25.555401518,-107.120199925,0
			25.555530262,-107.120281395,0
			25.555675265,-107.12045779,0
			25.5558399610002,-107.120677568,0
			25.5559419290001,-107.120852884,0
			25.5560536880001,-107.121054976,0
			25.5562908270002,-107.121191018,0
			25.5564113070002,-107.121127207,0
			25.5564742540001,-107.12090854,0
			25.5564787110001,-107.120600906,0
			25.5564632420001,-107.120292946,0
			25.5565065960001,-107.120051955,0
			25.5565884960002,-107.119899553,0
			25.556769376,-107.119792824,0
			25.5569297080002,-107.119729713,0
			25.557190276,-107.119624411,0
			25.5574903610001,-107.119541781,0
			25.5576513290001,-107.119434726,0
			25.5578138720001,-107.119217807,0
			25.5578954700001,-107.119087375,0
			25.5581211710001,-107.118528947,0
			25.5583219490002,-107.117941677,0
			25.5585572360002,-107.117328213,0
			25.5587294030001,-107.116977591,0
			25.5588932140001,-107.116672776,0
			25.5589207680001,-107.11614576,0
			25.558964099,-107.115904762,0
			25.5589865730001,-107.115410584,0
			25.5591759600001,-107.115056967,0
			25.5594209400001,-107.11475938,0
			25.559684652,-107.114626656,0
			25.5600187460001,-107.114626547,0
			25.5602201830002,-107.114476236,0
			25.5602862950001,-107.114037804,0
			25.5601927110001,-107.113618571,0
			25.5600564320001,-107.113396394,0
			25.559904289,-107.1131845,0
			25.5610602930001,-107.113080942,0
			25.5605564640001,-107.109988416,0
			25.5658676010001,-107.098457643,0
			25.5954275830001,-107.036051413,0
			25.5963232060001,-107.034159322,0
			25.5978561500002,-107.031354477,0
			25.6276237160001,-106.976856587,0
			25.629570438,-106.973290455,0
			25.6617948120002,-106.994395858,0
			25.662232595,-106.994324524,0
			25.6536682120001,-106.956541527,0
			25.646815745,-106.926015807,0
			25.6460821750001,-106.922386984,0
			25.6466199550002,-106.906809587,0
			25.6442913480001,-106.893783696,0
			25.6437420420002,-106.899222079,0
			25.5718648280001,-106.873755984,0
			25.571721946,-106.86277493,0
			25.573389435,-106.81782572,0
			25.585163391,-106.744796365,0
			25.5819949900002,-106.710529332,0
			25.5812057590002,-106.702548697,0
			25.5973497390001,-106.705758132,0
			25.5874163330001,-106.70057008,0
			25.5871952170001,-106.700269048,0
			25.5862045170001,-106.698920348,0
			25.5808394110001,-106.6988459,0
			25.5791684480001,-106.681968523,0
			25.5960745840002,-106.700847177,0
			25.6024512610001,-106.70796984,0
			25.5984860170001,-106.701004197,0
			25.5897365400002,-106.685637692,0
			25.5899446620002,-106.684730193,0
			25.5903859820001,-106.684355442,0
			25.590759781,-106.683970384,0
			25.5908299070001,-106.683099163,0
			25.5904996180001,-106.681828669,0
			25.5893230870001,-106.680244938,0
			25.5879005200001,-106.679212055,0
			25.585501188,-106.67844625,0
			25.5836572390002,-106.67769596,0
			25.581618979,-106.677817232,0
			25.5810077260001,-106.677889151,0
			25.5808390660001,-106.677882157,0
			25.5803585580001,-106.677942422,0
			25.5793904290001,-106.677805023,0
			25.5786217280001,-106.677828653,0
			25.5774847650001,-106.677416259,0
			25.5768726000002,-106.677095296,0
			25.5764428660001,-106.67704982,0
			25.5758578740001,-106.676462169,0
			25.5750287340001,-106.675959552,0
			25.5742958400002,-106.675462905,0
			25.5736874510002,-106.674860671,0
			25.5727924900001,-106.674051772,0
			25.571862136,-106.673365437,0
			25.5712785640001,-106.673228144,0
			25.5709357660002,-106.673273359,0
			25.5698613930002,-106.672776979,0
			25.5688523790001,-106.672525596,0
			25.568244018,-106.672152284,0
			25.5674216530001,-106.671419838,0
			25.5668579540001,-106.670686686,0
			25.5662447560001,-106.669824192,0
			25.56548188,-106.668344744,0
			25.5652476980001,-106.668092453,0
			25.5646149300001,-106.667085451,0
			25.5643040750001,-106.666048737,0
			25.5638135040001,-106.664720428,0
			25.563547919,-106.663263875,0
			25.5638781780001,-106.661836192,0
			25.564561517,-106.660745081,0
			25.564694441,-106.659738044,0
			25.5645171240002,-106.65932647,0
			25.5640822170002,-106.65864803,0
			25.5637831510001,-106.658479731,0
			25.5635602040001,-106.657922701,0
			25.5632088800001,-106.657487392,0
			25.5626610150002,-106.656946244,0
			25.5622135250001,-106.656617555,0
			25.5613934590001,-106.656266774,0
			25.561162899,-106.656083429,0
			25.5607103220001,-106.655580725,0
			25.5604837950002,-106.655144897,0
			25.5598916660001,-106.654527149,0
			25.5595639690001,-106.654367846,0
			25.5593696620001,-106.654031977,0
			25.5592403110001,-106.653917292,0
			25.5589475900002,-106.653803015,0
			25.5588436170002,-106.65282631,0
			25.5652194590001,-106.656435035,0
			25.570193746,-106.657479915,0
			25.5751658270001,-106.655595468,0
			25.5779268770001,-106.653673022,0
			25.5814986010001,-106.647753043,0
			25.5851860010001,-106.642907625,0
			25.5863992080001,-106.638909339,0
			25.586310714,-106.635003428,0
			25.5844571060002,-106.632511314,0
			25.5845057180001,-106.632485715,0
			25.5850410910001,-106.63220379,0
			25.5854019990001,-106.63163419,0
			25.5858001230002,-106.630847643,0
			25.5874299110002,-106.629809288,0
			25.590911174,-106.629220153,0
			25.5920793070001,-106.62939887,0
			25.593445737,-106.630155699,0
			25.5950039300001,-106.630082853,0
			25.5964437410001,-106.629790304,0
			25.5995291850001,-106.628518901,0
			25.6012643980001,-106.628311261,0
			25.602022739,-106.628578208,0
			25.603791625,-106.629255532,0
			25.6055881130002,-106.625620514,0
			25.6070355400001,-106.623245642,0
			25.6079700170001,-106.62345967,0
			25.6095477740001,-106.623816626,0
			25.6103063460002,-106.623437544,0
			25.6108978770002,-106.622760808,0
			25.610818545,-106.621854578,0
			25.6123252680001,-106.621384843,0
			25.616030118,-106.62073235,0
			25.6168520350001,-106.620125816,0
			25.6173323200001,-106.618507686,0
			25.6183691720001,-106.616818091,0
			25.619058199,-106.615707189,0
			25.6197856040001,-106.615613682,0
			25.6211132450001,-106.615483853,0
			25.6219713310002,-106.614904594,0
			25.623071872,-106.614003718,0
			25.6241600460002,-106.613004588,0
			25.6252624120001,-106.611950303,0
			25.627684661,-106.609631224,0
			25.630131611,-106.607347886,0
			25.6310792820001,-106.606327213,0
			25.6332250560001,-106.605001836,0
			25.6345362980002,-106.604419388,0
			25.6352436820001,-106.603656923,0
			25.6357888540001,-106.602876771,0
			25.637782672,-106.600965451,0
			25.6401487320001,-106.597562449,0
			25.6421342810001,-106.595364337,0
			25.6426377040001,-106.593807163,0
			25.643535259,-106.592621814,0
			25.6448209460001,-106.591922643,0
			25.6457868470002,-106.591713859,0
			25.6473917210001,-106.591823804,0
			25.6477791350002,-106.591274973,0
			25.6478136850002,-106.589945842,0
			25.6478876550001,-106.588683687,0
			25.6487543550001,-106.587539233,0
			25.6496571510001,-106.586197342,0
			25.6504981660001,-106.584928859,0
			25.6509983100001,-106.583437254,0
			25.6516531670001,-106.581555095,0
			25.6527771780001,-106.58026088,0
			25.653349774,-106.579293347,0
			25.6531818080002,-106.578116636,0
			25.653043342,-106.577303722,0
			25.653193666,-106.576397122,0
			25.6535359660002,-106.576045535,0
			25.6548716310001,-106.574958204,0
			25.6560982250002,-106.574028538,0
			25.656559454,-106.573179192,0
			25.6572597520001,-106.571121187,0
			25.6576629010001,-106.569665152,0
			25.6596492750002,-106.567892517,0
			25.661941748,-106.567105416,0
			25.6637292160001,-106.5670713,0
			25.665397447,-106.566310112,0
			25.666160738,-106.565985952,0
			25.666568308,-106.565529785,0
			25.666896678,-106.564754421,0
			25.6672129700001,-106.563340069,0
			25.6672315760002,-106.561936047,0
			25.667312177,-106.560440018,0
			25.667724385,-106.558128486,0
			25.6684300850001,-106.556830009,0
			25.6684171700001,-106.555011943,0
			25.6693702000001,-106.55345591,0
			25.6701538040001,-106.552646235,0
			25.6703638330001,-106.55111619,0
			25.6703520040001,-106.549191178,0
			25.670951695,-106.547452299,0
			25.672910066,-106.545481389,0
			25.6738539440001,-106.544780602,0
			25.6741082250001,-106.542912497,0
			25.674502605,-106.539919821,0
			25.6759634830001,-106.536441246,0
			25.6763179950001,-106.535972239,0
			25.6768305390001,-106.535538126,0
			25.6785496060002,-106.535187195,0
			25.679266269,-106.535088629,0
			25.6802532410002,-106.534393522,0
			25.681067645,-106.533815786,0
			25.6823218890001,-106.531229444,0
			25.683484601,-106.531208655,0
			25.6843555990001,-106.531291078,0
			25.6857676080002,-106.530960013,0
			25.6861294230002,-106.530335146,0
			25.686000747,-106.528488838,0
			25.686531261,-106.527337337,0
			25.6874880050001,-106.527216002,0
			25.6895828080002,-106.528137515,0
			25.6906564310001,-106.528404971,0
			25.691464475,-106.528206033,0
			25.6917726400002,-106.527989731,0
			25.6924956610001,-106.526786795,0
			25.6935070040001,-106.525801414,0
			25.694509281,-106.524940995,0
			25.694846317,-106.523590475,0
			25.694502711,-106.522480873,0
			25.694905402,-106.5210242,0
			25.6966322380001,-106.519548695,0
			25.6982644640001,-106.517934399,0
			25.6994211820001,-106.516657926,0
			25.7007098140002,-106.514857795,0
			25.7015543000001,-106.513202374,0
			25.7028223930001,-106.511745817,0
			25.7035775500001,-106.511159918,0
			25.7048848280001,-106.510539104,0
			25.7059924940001,-106.509858506,0
			25.706986933,-106.50934879,0
			25.7075080090002,-106.508831782,0
			25.7080821750001,-106.507884654,0
			25.708290285,-106.506496621,0
			25.708705362,-106.503827546,0
			25.7092010640002,-106.5027284,0
			25.710566698,-106.501818433,0
			25.7121564990002,-106.501089532,0
			25.7124147180002,-106.500144146,0
			25.7120996520002,-106.499428084,0
			25.7120429730001,-106.498890193,0
			25.7125389180001,-106.497688499,0
			25.7134369150001,-106.495060645,0
			25.7139089240001,-106.493851012,0
			25.714381175,-106.492614626,0
			25.7146505810001,-106.49110856,0
			25.714662329,-106.48995995,0
			25.7151284290001,-106.48932457,0
			25.7158234600001,-106.488566243,0
			25.7160262950001,-106.487677264,0
			25.7156450250002,-106.487066335,0
			25.716142446,-106.485788762,0
			25.7174869530002,-106.484038625,0
			25.7178540920001,-106.482866375,0
			25.7181867640001,-106.481907664,0
			25.7187799200001,-106.480738198,0
			25.7290436750001,-106.463617504,0
			25.7417096660002,-106.464041585,0
			25.7135112480001,-106.526264641,0
			25.7133797700001,-106.526554574,0
			25.6917066290001,-106.555967748,0
			25.714309977,-106.556395139,0
			25.8105284850001,-106.558219023,0
			25.9022231910001,-106.559933545,0
			25.9124585460001,-106.560125423,0
			25.912706766,-106.560129786,0
			25.9524217490001,-106.547306102,0
			25.9457615200001,-106.533715458,0
			25.949665586,-106.52038517,0
			25.954955758,-106.501473161,0
			25.9680534740002,-106.491665313,0
			25.9725792020002,-106.455815466,0
			26.005088218,-106.444712618,0
			26.0054257570002,-106.470406685,0
			26.006061451,-106.469932849,0
			26.0066460840002,-106.469471226,0
			26.007340621,-106.469544528,0
			26.0081789760002,-106.469662216,0
			26.009211053,-106.469782288,0
			26.0102790450001,-106.469545326,0
			26.0109617750001,-106.469089098,0
			26.011759483,-106.468684387,0
			26.0125179630001,-106.468706648,0
			26.0130938890001,-106.46862251,0
			26.015839079,-106.468536709,0
			26.0166642510001,-106.468396664,0
			26.0173458880001,-106.468047634,0
			26.0182883680001,-106.467451579,0
			26.0182967180001,-106.466629426,0
			26.0176808980002,-106.465049808,0
			26.0178605340001,-106.464097575,0
			26.0184410460001,-106.463824865,0
			26.0191114170001,-106.463593257,0
			26.0201282250001,-106.463026057,0
			26.0206267700001,-106.461932577,0
			26.0201121410001,-106.461046469,0
			26.0278406900002,-106.453396636,0
			26.0449550770001,-106.454988116,0
			26.0456452210001,-106.454972355,0
			26.0463570270001,-106.454098291,0
			26.0519369380002,-106.465043266,0
			26.0554605130001,-106.467674711,0
			26.0605229210001,-106.471229308,0
			26.095260416,-106.454406868,0
			26.0960556400001,-106.455597239,0
			26.097247329,-106.455898179,0
			26.0973499840001,-106.45602061,0
			26.0978535390001,-106.456621175,0
			26.099686241,-106.457395167,0
			26.100845281,-106.457731505,0
			26.102021861,-106.458244712,0
			26.102480492,-106.458526513,0
			26.1031402280001,-106.459287909,0
			26.103360068,-106.459898845,0
			26.1046729070002,-106.460988441,0
			26.104820168,-106.461057778,0
			26.1052192250001,-106.461245673,0
			26.10626297,-106.461316493,0
			26.1084053790001,-106.460397853,0
			26.1092747540002,-106.460025065,0
			26.109286114,-106.460020194,0
			26.1121606950001,-106.458643591,0
			26.1394002870001,-106.415614948,0
			26.1783874700001,-106.425794388,0
			26.1943214560001,-106.430134836,0
			26.20401342,-106.432775516,0
			26.2147793560001,-106.423820073,0
			26.2970523180001,-106.355314805,0
			26.309877538,-106.34462521,0
			26.309081765,-106.342836457,0
			26.3198675440001,-106.332970351,0
			26.3230996190001,-106.330717611,0
			26.3487544010002,-106.312257565,0
			26.3477577110002,-106.311154072,0
			26.3472085360001,-106.310555454,0
			26.337082846,-106.299519565,0
			26.3347444680002,-106.29022242,0
			26.3346087780001,-106.289591428,0
			26.3345746100001,-106.289470462,0
			26.3351482030001,-106.288724122,0
			26.3350815760002,-106.287040952,0
			26.3674154650002,-106.275457923,0
			26.367201105,-106.277889959,0
			26.363876324,-106.302176552,0
			26.3644299630001,-106.302209509,0
			26.365481555,-106.302255488,0
			26.3655033590001,-106.30225221,0
			26.3964547940001,-106.297598011,0
			26.4036150360001,-106.272977206,0
			26.4061159160001,-106.26437405,0
			26.4241397050001,-106.265220609,0
			26.4668238530001,-106.242030462,0
			26.466838803,-106.242142365,0
			26.466966552,-106.243098634,0
			26.4679385720002,-106.244408087,0
			26.47016768,-106.244645877,0
			26.471999887,-106.244862921,0
			26.47414767,-106.247023205,0
			26.477223625,-106.249748356,0
			26.4785849640002,-106.250855402,0
			26.4797717860001,-106.250451629,0
			26.4806471290001,-106.249584018,0
			26.4813264180002,-106.248582705,0
			26.4821841340001,-106.247473667,0
			26.4860926980002,-106.250060561,0
			26.486909008,-106.251428948,0
			26.4881465300001,-106.251990558,0
			26.4895477700001,-106.251874167,0
			26.4910819160002,-106.251298475,0
			26.4933827520001,-106.252047063,0
			26.4954082840002,-106.252704983,0
			26.4976401220001,-106.25457132,0
			26.4989104330001,-106.255182164,0
			26.500512336,-106.254673226,0
			26.5029088760001,-106.254067195,0
			26.5045483920001,-106.254123787,0
			26.505459625,-106.253668104,0
			26.5060436180001,-106.253614793,0
			26.506515919,-106.25372957,0
			26.5067785480002,-106.253793763,0
			26.5070064850001,-106.253823237,0
			26.507355547,-106.253881017,0
			26.507204449,-106.25509222,0
			26.5070919990001,-106.25649442,0
			26.5068955790002,-106.257695735,0
			26.5070753040001,-106.262378352,0
			26.5071636490002,-106.266641779,0
			26.5073550110002,-106.269598517,0
			26.5073407260002,-106.271664356,0
			26.5076773200001,-106.274020862,0
			26.5080202380001,-106.27546213,0
			26.5088761810001,-106.277561601,0
			26.5094325170001,-106.278150373,0
			26.510048806,-106.278818316,0
			26.5117535540001,-106.280666001,0
			26.513464985,-106.279291334,0
			26.5271694280001,-106.269571427,0
			26.5275536260002,-106.270447705,0
			26.5280816500002,-106.271652047,0
			26.532067226,-106.280135449,0
			26.532761803,-106.278166622,0
			26.5364321220001,-106.266329034,0
			26.5449899170002,-106.241217116,0
			26.54875051,-106.24086749,0
			26.551471232,-106.240546815,0
			26.56243732,-106.239527144,0
			26.5631959760001,-106.238670005,0
			26.5613899810002,-106.236527833,0
			26.5588069040001,-106.23346412,0
			26.559560364,-106.23296108,0
			26.561608386,-106.232039507,0
			26.56408819,-106.233446559,0
			26.565590425,-106.234560601,0
			26.5679526230001,-106.233975216,0
			26.5691738900002,-106.23463489,0
			26.5708825940002,-106.233709329,0
			26.5718633180001,-106.232318799,0
			26.5730659920002,-106.231397639,0
			26.5747005550001,-106.230643108,0
			26.5763014610001,-106.230641876,0
			26.5773459440001,-106.232133842,0
			26.5776922140001,-106.232462554,0
			26.579116868,-106.233462761,0
			26.5792008560001,-106.233488517,0
			26.5796859110001,-106.233637266,0
			26.5806948540001,-106.233946677,0
			26.5818925570001,-106.233600243,0
			26.5830579810001,-106.233253456,0
			26.584158511,-106.232941891,0
			26.585711045,-106.232635159,0
			26.5867758700001,-106.232718401,0
			26.5877154180001,-106.232440351,0
			26.5880834710001,-106.233699538,0
			26.5876750280001,-106.234868648,0
			26.587594756,-106.235098412,0
			26.5874919690002,-106.23577997,0
			26.5877111480001,-106.236601325,0
			26.5886032450001,-106.236896571,0
			26.589858903,-106.236792868,0
			26.590217856,-106.236809875,0
			26.5915801280001,-106.236105923,0
			26.5923584250001,-106.235719056,0
			26.5934223560001,-106.235730473,0
			26.5938435940001,-106.235734992,0
			26.59526106,-106.236109505,0
			26.5961961160001,-106.236263281,0
			26.5977765620001,-106.236459889,0
			26.5990531580001,-106.236444159,0
			26.5995517860001,-106.236438016,0
			26.6013656360001,-106.236112769,0
			26.6023328670001,-106.235728169,0
			26.6033234490002,-106.235369929,0
			26.604776186,-106.236209113,0
			26.6067468810001,-106.236086556,0
			26.6089752520002,-106.236038626,0
			26.6121674990001,-106.236540066,0
			26.613187778,-106.236009454,0
			26.6134866520001,-106.23510712,0
			26.612791679,-106.233938005,0
			26.6111036770001,-106.23370448,0
			26.609634758,-106.233505781,0
			26.6094224620001,-106.231922364,0
			26.609560313,-106.230917661,0
			26.6098878390001,-106.230382128,0
			26.610569883,-106.229922244,0
			26.611214984,-106.230001034,0
			26.611791485,-106.230546212,0
			26.612332571,-106.231450402,0
			26.6136513150001,-106.232039502,0
			26.614464081,-106.231401348,0
			26.6155003350001,-106.231053073,0
			26.6162003640001,-106.230611394,0
			26.6163199650001,-106.229827752,0
			26.6156207090002,-106.229025335,0
			26.614718766,-106.227552959,0
			26.6149564600001,-106.226734857,0
			26.6156676730001,-106.226634609,0
			26.6164118070001,-106.226462874,0
			26.618685688,-106.226964508,0
			26.6210345910001,-106.226047644,0
			26.621918285,-106.225741353,0
			26.6266796970002,-106.223951771,0
			26.626928184,-106.22383502,0
			26.6278246310001,-106.22347584,0
			26.628623702,-106.22380851,0
			26.629349189,-106.224431897,0
			26.6326995080001,-106.225330203,0
			26.635377395,-106.225574386,0
			26.636205773,-106.225104954,0
			26.6372576370002,-106.224142694,0
			26.6376369670001,-106.222670814,0
			26.6376184800001,-106.221540119,0
			26.6379627560001,-106.220541451,0
			26.638171508,-106.219817187,0
			26.639142038,-106.21948224,0
			26.6403984620001,-106.220343249,0
			26.6411722110001,-106.222204288,0
			26.6427468210001,-106.222313613,0
			26.6439258950002,-106.222236706,0
			26.6454519920001,-106.221246445,0
			26.6464479090001,-106.221832183,0
			26.6476781920001,-106.221449857,0
			26.6483283590001,-106.220959622,0
			26.6489826740001,-106.220307066,0
			26.6496968980001,-106.219494202,0
			26.6502516200002,-106.218817086,0
			26.6506107690001,-106.218353557,0
			26.651613809,-106.218112551,0
			26.6531740820002,-106.218665693,0
			26.65383934,-106.219279713,0
			26.6563559900001,-106.21982609,0
			26.657434283,-106.219288372,0
			26.658470016,-106.218051012,0
			26.6610174800001,-106.217257302,0
			26.6624432450002,-106.216113878,0
			26.6629570040002,-106.215701847,0
			26.6663426280002,-106.212482039,0
			26.6668871720001,-106.211962684,0
			26.6677339770001,-106.211110063,0
			26.667833204,-106.210232396,0
			26.6681344600001,-106.209336458,0
			26.6684362080002,-106.208379183,0
			26.6685170860001,-106.207501317,0
			26.6683343200001,-106.206438187,0
			26.6689480910002,-106.206042231,0
			26.6704047150001,-106.206368206,0
			26.6716983530002,-106.206430987,0
			26.672763113,-106.206468115,0
			26.6736507430001,-106.206499068,0
			26.6743560370002,-106.206583311,0
			26.6749644990001,-106.207085814,0
			26.6760646340001,-106.207958945,0
			26.676910064,-106.20820147,0
			26.6780647570001,-106.20792268,0
			26.6793670880001,-106.20664982,0
			26.6793952130002,-106.205942891,0
			26.6797579840001,-106.204426729,0
			26.680419285,-106.204039171,0
			26.681058078,-106.203494279,0
			26.6812258210002,-106.20302418,0
			26.6803588900001,-106.202467216,0
			26.6777821170002,-106.200717995,0
			26.6764490340001,-106.199476394,0
			26.6760092870002,-106.198346705,0
			26.6765058840002,-106.19795781,0
			26.6772810920002,-106.198147322,0
			26.679449864,-106.199399193,0
			26.6809845920002,-106.199683753,0
			26.682356654,-106.199247605,0
			26.6831077390001,-106.198248629,0
			26.6837790230002,-106.197128469,0
			26.683312104,-106.195311088,0
			26.6824798420001,-106.19392626,0
			26.6818768020001,-106.193286144,0
			26.6812417440001,-106.193254916,0
			26.6801890720001,-106.192303683,0
			26.6793224320001,-106.191694425,0
			26.678460068,-106.191669234,0
			26.67777592,-106.190588098,0
			26.6771196540001,-106.189775771,0
			26.6760188560002,-106.189520672,0
			26.674632434,-106.189247825,0
			26.6741895980002,-106.188589582,0
			26.6744757630001,-106.187989471,0
			26.674851694,-106.188071005,0
			26.6750367380001,-106.188570075,0
			26.6756699620001,-106.188889352,0
			26.6763066950001,-106.188658664,0
			26.6769903140001,-106.188454533,0
			26.6774818750002,-106.188851269,0
			26.6779499080001,-106.189247824,0
			26.6789840930001,-106.189413135,0
			26.6794060730001,-106.189652186,0
			26.6798257110001,-106.190257897,0
			26.680230071,-106.190425568,0
			26.680584691,-106.190091832,0
			26.6810291940001,-106.189931908,0
			26.681504368,-106.189640696,0
			26.6819480440001,-106.18957952,0
			26.6826912860001,-106.189027871,0
			26.6833321130002,-106.188726785,0
			26.6834929050002,-106.188610463,0
			26.6837552100001,-106.1880625,0
			26.6837405260001,-106.186674206,0
			26.683992464,-106.185720887,0
			26.6845332900002,-106.185129581,0
			26.685818351,-106.185192025,0
			26.6866595990002,-106.184984952,0
			26.687530726,-106.185065866,0
			26.6893921750001,-106.185462011,0
			26.6917703100002,-106.18654776,0
			26.6932500670001,-106.187210382,0
			26.6935146930002,-106.187590344,0
			26.6938533050001,-106.189014336,0
			26.6943964630001,-106.189703242,0
			26.695139328,-106.189674992,0
			26.6963085660001,-106.188860005,0
			26.6975444870001,-106.187793916,0
			26.6984228320001,-106.18701184,0
			26.6991068500002,-106.186299663,0
			26.6994040450002,-106.185511525,0
			26.699414855,-106.184216951,0
			26.6992693070001,-106.18230938,0
			26.699219995,-106.180474753,0
			26.6992038880001,-106.179920705,0
			26.6991697850002,-106.178747969,0
			26.6997276070001,-106.177674806,0
			26.7004578660001,-106.176911741,0
			26.7019534750001,-106.175668343,0
			26.7026700170001,-106.174920446,0
			26.703678945,-106.173959737,0
			26.7043614140001,-106.173427241,0
			26.7048100020001,-106.173086145,0
			26.7051668020001,-106.17266207,0
			26.7051189300001,-106.172138302,0
			26.7050779640001,-106.171690096,0
			26.70509043,-106.170179666,0
			26.7057157340001,-106.168747441,0
			26.7061117460001,-106.16770845,0
			26.7059217140001,-106.166861829,0
			26.705368509,-106.165536482,0
			26.704965568,-106.164283135,0
			26.704206819,-106.16303819,0
			26.7039160530001,-106.162561112,0
			26.7027491500001,-106.160739195,0
			26.702338442,-106.160132669,0
			26.7025422790001,-106.15934921,0
			26.7032422470002,-106.1584891,0
			26.7037980670001,-106.157539495,0
			26.7040038390001,-106.157080287,0
			26.703985797,-106.156189457,0
			26.7042713480001,-106.155667693,0
			26.7049174200001,-106.155162763,0
			26.7055688940002,-106.154823699,0
			26.706048981,-106.154464489,0
			26.7066002620001,-106.154162015,0
			26.7071907890002,-106.15301706,0
			26.7074127700001,-106.151055539,0
			26.7075038330001,-106.150250792,0
			26.7080297480001,-106.14910516,0
			26.7092650940001,-106.148074489,0
			26.7092377400002,-106.147462803,0
			26.7074935250002,-106.145279686,0
			26.7069475270001,-106.144512707,0
			26.707044819,-106.143124876,0
			26.7065140020001,-106.142308828,0
			26.7054778300001,-106.141387258,0
			26.7030586010001,-106.139687896,0
			26.7011568080002,-106.13857916,0
			26.7002346840001,-106.137501701,0
			26.700014343,-106.136839679,0
			26.6995436730002,-106.135942456,0
			26.6992006460001,-106.135388211,0
			26.6987581200001,-106.134420798,0
			26.697332603,-106.133016731,0
			26.6972305240002,-106.132237766,0
			26.6977438110001,-106.131942577,0
			26.6987985130002,-106.131822592,0
			26.6993386040002,-106.132024176,0
			26.6997804500002,-106.132193069,0
			26.7006102770001,-106.131872178,0
			26.7011655190001,-106.131112144,0
			26.7022033840001,-106.130674481,0
			26.70356844,-106.130605985,0
			26.7052142590001,-106.130801537,0
			26.7069077570002,-106.130892659,0
			26.7099186290001,-106.131019733,0
			26.713796246,-106.131782015,0
			26.7141805630001,-106.132447852,0
			26.7147929560001,-106.133454615,0
			26.7167417710001,-106.135700563,0
			26.718505355,-106.137392053,0
			26.7187794650001,-106.138756516,0
			26.71954795,-106.140072284,0
			26.7207866490001,-106.141443996,0
			26.7209272140001,-106.141789246,0
			26.7213430440001,-106.142810615,0
			26.7249840970002,-106.151484523,0
			26.7252359880001,-106.152613109,0
			26.7253450960001,-106.15400263,0
			26.7257733850001,-106.158068254,0
			26.7263538910001,-106.163580645,0
			26.7264833340001,-106.164810158,0
			26.7277220520001,-106.176580832,0
			26.7315335630001,-106.177422977,0
			26.7330630350002,-106.177889993,0
			26.736117424,-106.179352939,0
			26.7362682920001,-106.179425203,0
			26.7375388580001,-106.179290637,0
			26.7379765390001,-106.178843847,0
			26.7385911000001,-106.177624553,0
			26.7392974410001,-106.176645026,0
			26.7404631260001,-106.176534497,0
			26.7413318010001,-106.176829541,0
			26.7417950580001,-106.177986198,0
			26.7419302560001,-106.178930649,0
			26.7425169350001,-106.179171095,0
			26.7444364890001,-106.178729457,0
			26.7451764860001,-106.178183413,0
			26.7454483470001,-106.17778141,0
			26.7446021970001,-106.176828895,0
			26.7434385720001,-106.176335153,0
			26.743025425,-106.174729356,0
			26.743467377,-106.173963596,0
			26.7448465890001,-106.173050111,0
			26.7460211010001,-106.172643064,0
			26.7469729620001,-106.172617477,0
			26.7486238200001,-106.172457646,0
			26.7490715160002,-106.171322754,0
			26.749570346,-106.170566621,0
			26.7501255390001,-106.170433935,0
			26.7513742090002,-106.171344615,0
			26.7523043000001,-106.171673811,0
			26.7529380510001,-106.171727789,0
			26.7538743120002,-106.17211532,0
			26.754236631,-106.172319856,0
			26.755412345,-106.173026979,0
			26.7620049130001,-106.179006967,0
			26.7630630570001,-106.179709052,0
			26.7639891090001,-106.179814957,0
			26.7642311280002,-106.179815001,0
			26.7651391840002,-106.179435204,0
			26.7653203940001,-106.178971061,0
			26.7657901590001,-106.178335982,0
			26.7666728530002,-106.178007511,0
			26.7676112550002,-106.178101124,0
			26.7682016910002,-106.178048337,0
			26.76879768,-106.177838424,0
			26.7692724350001,-106.177728105,0
			26.7699729960001,-106.177889972,0
			26.770742225,-106.178107311,0
			26.7709874710001,-106.177829554,0
			26.7714424210001,-106.177613449,0
			26.772336587,-106.177626438,0
			26.7729910800001,-106.176984017,0
			26.7729428300001,-106.175187877,0
			26.7731646170001,-106.173301656,0
			26.7736149170001,-106.171602683,0
			26.7741556190001,-106.17115924,0
			26.774453933,-106.170803105,0
			26.7747742560002,-106.170453934,0
			26.7752129890001,-106.170102889,0
			26.775249526,-106.169222057,0
			26.775273489,-106.168658968,0
			26.7748546450002,-106.167930713,0
			26.7745965600002,-106.1664691,0
			26.7750402250001,-106.1643787,0
			26.7747397100002,-106.163178145,0
			26.7726149890001,-106.160672155,0
			26.7718397510001,-106.159956319,0
			26.771379315,-106.158991962,0
			26.7709741840002,-106.157793972,0
			26.7711285920001,-106.15675157,0
			26.7716706090001,-106.154729398,0
			26.7719249920002,-106.152852029,0
			26.7726171350001,-106.149236405,0
			26.7733762140001,-106.148403946,0
			26.773943554,-106.147668035,0
			26.7739724480001,-106.147614899,0
			26.7751488510002,-106.14545143,0
			26.7765468200001,-106.144461962,0
			26.7761400260002,-106.143982559,0
			26.7751230810002,-106.142775277,0
			26.7754658050001,-106.141196299,0
			26.7760158670001,-106.140412112,0
			26.776534371,-106.139629516,0
			26.777624857,-106.138579342,0
			26.7773721710001,-106.137290999,0
			26.7773881440001,-106.136163801,0
			26.7778922450001,-106.135215211,0
			26.7787729790002,-106.133903261,0
			26.779058911,-106.133477325,0
			26.7791670080002,-106.132497462,0
			26.779212172,-106.132088045,0
			26.7789008110001,-106.12756041,0
			26.7793314480001,-106.127036517,0
			26.7794103720001,-106.125262406,0
			26.7779138800001,-106.124222281,0
			26.7774568310002,-106.123883864,0
			26.7760549490002,-106.122904992,0
			26.7748014260001,-106.121722744,0
			26.7711085650002,-106.118257779,0
			26.7676946960001,-106.115565733,0
			26.766127446,-106.114768882,0
			26.7651438940001,-106.114298907,0
			26.764846539,-106.111937201,0
			26.7647729290002,-106.111483115,0
			26.7644232760001,-106.110318887,0
			26.7633983430001,-106.109315738,0
			26.7593647340001,-106.104965547,0
			26.7593817060001,-106.102786265,0
			26.7593331860001,-106.100642657,0
			26.7750564450001,-106.091002604,0
			26.775271036,-106.090877814,0
			26.7807444740001,-106.087498596,0
			26.786437861,-106.084187175,0
			26.798310153,-106.078105102,0
			26.7983505890002,-106.078084384,0
			26.7993953670001,-106.07754909,0
			26.8045457100002,-106.075215368,0
			26.8087484760001,-106.073150927,0
			26.8276333550001,-106.06504842,0
			26.8448759120001,-106.047339093,0
			26.8350745210001,-106.034858943,0
			26.8337622350001,-106.033188511,0
			26.8222548500001,-106.018543382,0
			26.821476352,-106.017552802,0
			26.8197271230002,-106.015327013,0
			26.8075308280001,-105.995533903,0
			26.8049008980001,-105.99215896,0
			26.7876443070001,-105.970021593,0
			26.7855365500001,-105.967316028,0
			26.7632155250001,-105.939193501,0
			26.7658188900001,-105.93797076,0
			26.7666752620001,-105.937572539,0
			26.7666372180001,-105.936768441,0
			26.7665546140001,-105.935022785,0
			26.7663762620001,-105.934049283,0
			26.7659550310001,-105.93295795,0
			26.7656028610001,-105.931786297,0
			26.7659987810002,-105.929128155,0
			26.7659319670001,-105.92810701,0
			26.763334757,-105.924052207,0
			26.7611610930001,-105.918781117,0
			26.7581959010001,-105.913975099,0
			26.7557434520001,-105.911333373,0
			26.7540387200001,-105.909617673,0
			26.7528378120001,-105.908606096,0
			26.7530180410001,-105.907620929,0
			26.7530856680001,-105.906934366,0
			26.7544666920002,-105.905715351,0
			26.7595636790001,-105.901661246,0
			26.7638538850002,-105.898336969,0
			26.7410094910001,-105.894101736,0
			26.7385757320002,-105.874542243,0
			26.7473758590001,-105.865437466,0
			26.6909669130002,-105.81455289,0
			26.660933136,-105.775808672,0
			26.6987672590001,-105.794261298,0
			26.6979814630001,-105.792067825,0
			26.6980062820001,-105.791413432,0
			26.6987366820001,-105.790656066,0
			26.6994908500002,-105.789767855,0
			26.7006908170001,-105.78935194,0
			26.701867167,-105.788988318,0
			26.7023847520002,-105.78883251,0
			26.7030909550001,-105.78841537,0
			26.7037976210001,-105.78776261,0
			26.7044106450002,-105.786900178,0
			26.7049301270002,-105.785775713,0
			26.7056841630001,-105.784939781,0
			26.7059676900001,-105.784233607,0
			26.7065823170001,-105.782533379,0
			26.70670079,-105.782062421,0
			26.7068895460002,-105.781722529,0
			26.7074546530001,-105.781304993,0
			26.7073860280001,-105.780309977,0
			26.7074590210001,-105.779027315,0
			26.7075081420001,-105.777927856,0
			26.7072508470002,-105.777220382,0
			26.70720516,-105.776513408,0
			26.7072316850002,-105.774916471,0
			26.7072809700001,-105.773712291,0
			26.707470343,-105.773032041,0
			26.7073084850001,-105.771565569,0
			26.7072981450002,-105.771223375,0
			26.7072334840001,-105.770320599,0
			26.7072346910001,-105.769666094,0
			26.7076353220001,-105.769169579,0
			26.7082952600002,-105.768307124,0
			26.7087544540001,-105.767640071,0
			26.7100806080001,-105.767280189,0
			26.7101800570001,-105.7668007,0
			26.710432172,-105.766208549,0
			26.7109757060001,-105.765222219,0
			26.711207917,-105.764718542,0
			26.7112643250001,-105.764293734,0
			26.711388035,-105.763954739,0
			26.7120918930001,-105.762938887,0
			26.712409845,-105.762475407,0
			26.7128843590002,-105.761504717,0
			26.7128342070001,-105.761073613,0
			26.712346762,-105.76076854,0
			26.7115195300001,-105.755833922,0
			26.711164879,-105.754673922,0
			26.7114063880002,-105.75358399,0
			26.7116757880001,-105.752725291,0
			26.7122762330001,-105.751868761,0
			26.7127022560001,-105.751416245,0
			26.712871659,-105.75125957,0
			26.7131422440001,-105.750984747,0
			26.7137111050002,-105.75050044,0
			26.7140552240002,-105.750017919,0
			26.7141352680002,-105.749487103,0
			26.714108133,-105.749092369,0
			26.7139938670001,-105.748702107,0
			26.7139084360001,-105.748160682,0
			26.7139178000002,-105.74753104,0
			26.713933968,-105.747118475,0
			26.7139253700001,-105.746792134,0
			26.7138685830001,-105.746341842,0
			26.713633985,-105.746027172,0
			26.7125061680001,-105.74555356,0
			26.711918615,-105.745395253,0
			26.7112839490001,-105.745289214,0
			26.7106017310001,-105.745497251,0
			26.7101311280002,-105.745705725,0
			26.7093856020001,-105.745442371,0
			26.7086866970001,-105.745082533,0
			26.7080559220001,-105.745253798,0
			26.7080392900001,-105.745230139,0
			26.707341477,-105.744427519,0
			26.707076128,-105.744524141,0
			26.706934676,-105.74493987,0
			26.7066519550002,-105.74527963,0
			26.7063222530001,-105.745593111,0
			26.705946007,-105.745618512,0
			26.7055468600001,-105.745277345,0
			26.7052424620002,-105.744517495,0
			26.70492538,-105.743859258,0
			26.7045030640001,-105.743308613,0
			26.7043389950001,-105.742994119,0
			26.7034938360001,-105.742207001,0
			26.7030247460002,-105.741499197,0
			26.702108782,-105.740869032,0
			26.7018042320001,-105.740187754,0
			26.701476165,-105.739506433,0
			26.7010062520001,-105.739296053,0
			26.7007715080001,-105.739059969,0
			26.7001838180001,-105.738980249,0
			26.6993608730002,-105.738978594,0
			26.6985853790001,-105.738715249,0
			26.69823324,-105.738374222,0
			26.697880846,-105.738190267,0
			26.6970338360001,-105.738528886,0
			26.6962577890001,-105.738605862,0
			26.6954818680001,-105.738604304,0
			26.6949411600002,-105.738550864,0
			26.694353596,-105.73839262,0
			26.694118723,-105.738235084,0
			26.6936250400001,-105.738181739,0
			26.6933437770001,-105.737631453,0
			26.6932269310001,-105.737186206,0
			26.6928988900001,-105.736478767,0
			26.6924529890001,-105.735954339,0
			26.6923833310001,-105.735404481,0
			26.6920799010001,-105.735079028,0
			26.6915126980002,-105.735176988,0
			26.690912874,-105.735106285,0
			26.689902095,-105.735185551,0
			26.6892065590002,-105.734962367,0
			26.6860071650001,-105.73496577,0
			26.685326088,-105.734966495,0
			26.6848196170001,-105.734963576,0
			26.6978960570001,-105.728907976,0
			26.6529076950001,-105.704798763,0
			26.6571888450001,-105.689880045,0
			26.6568612460001,-105.689779772,0
			26.6563427070001,-105.689442473,0
			26.655784914,-105.688948987,0
			26.655179536,-105.688105551,0
			26.6545453740002,-105.687555021,0
			26.653864183,-105.687004424,0
			26.653112973,-105.686035033,0
			26.652667004,-105.685406308,0
			26.652033025,-105.684698798,0
			26.6515632470001,-105.684305561,0
			26.6509995440001,-105.683807511,0
			26.6507887610001,-105.683126828,0
			26.6505306280002,-105.682707753,0
			26.6501782510001,-105.682445544,0
			26.6496377040002,-105.682235389,0
			26.6490033900001,-105.681789588,0
			26.6486511370002,-105.681422716,0
			26.6481575830002,-105.681238806,0
			26.6475228540002,-105.681133188,0
			26.6470762620002,-105.681001686,0
			26.6469824,-105.680844543,0
			26.6464651100001,-105.680843771,0
			26.6458302860001,-105.680816657,0
			26.6455248670001,-105.680606868,0
			26.6449843790002,-105.680344398,0
			26.6447026930002,-105.679951481,0
			26.644465043,-105.679591557,0
			26.6442297470001,-105.679137339,0
			26.6440312830002,-105.678802019,0
			26.6438887110001,-105.678439083,0
			26.643630253,-105.678281705,0
			26.6429956450001,-105.678071444,0
			26.6424080950002,-105.677835088,0
			26.641561992,-105.677519859,0
			26.6410921930002,-105.677126688,0
			26.6407397410002,-105.676916849,0
			26.6405518510001,-105.676733416,0
			26.6404109570001,-105.676576218,0
			26.6401052240001,-105.676628105,0
			26.6397288270002,-105.676784549,0
			26.6393526780001,-105.676731671,0
			26.6388558840002,-105.67648758,0
			26.6385039250001,-105.676239829,0
			26.6381734490001,-105.676115015,0
			26.63751053,-105.67628311,0
			26.6369631060001,-105.675370838,0
			26.635813005,-105.675880031,0
			26.63616403,-105.676324313,0
			26.6358096170001,-105.676592479,0
			26.6350857360002,-105.675654631,0
			26.6353977640001,-105.675017679,0
			26.6355228670002,-105.674292813,0
			26.6351944700001,-105.67361207,0
			26.6351478060001,-105.673298032,0
			26.6354303870002,-105.672932132,0
			26.6355013480001,-105.672565933,0
			26.63545528,-105.671728606,0
			26.635291255,-105.671231253,0
			26.6352264600001,-105.670948004,0
			26.6176703160002,-105.674883062,0
			26.616609974,-105.645533326,0
			26.6091418740001,-105.637202809,0
			26.613557322,-105.640441449,0
			26.6164953240001,-105.640977388,0
			26.6199961950002,-105.640892983,0
			26.6200970950002,-105.639048954,0
			26.619688782,-105.632515658,0
			26.613732267,-105.609367314,0
			26.61396953,-105.607591829,0
			26.6148488900001,-105.601010055,0
			26.651208581,-105.611200422,0
			26.6681796520001,-105.615959211,0
			26.6835094410001,-105.61948726,0
			26.637919938,-105.596414776,0
			26.6195075880001,-105.58691759,0
			26.606252747,-105.580082654,0
			26.5789669500001,-105.566017786,0
			26.5776452170001,-105.565336657,0
			26.5465785860001,-105.549003024,0
			26.544133997,-105.517335223,0
			26.5429846140001,-105.497623062,0
			26.5428923040001,-105.496513146,0
			26.5428518730002,-105.496085328,0
			26.5425511040001,-105.496016531,0
			26.5422168910001,-105.495891685,0
			26.5418885820001,-105.495722881,0
			26.5415783910001,-105.495631782,0
			26.5413405580001,-105.495630836,0
			26.5412149290001,-105.495710145,0
			26.5412062300002,-105.495880838,0
			26.5410680260001,-105.495991913,0
			26.5409436750001,-105.49608141,0
			26.5407924610001,-105.496126836,0
			26.5406206510002,-105.496097404,0
			26.5403693530001,-105.495886336,0
			26.540070876,-105.495797765,0
			26.5397349660001,-105.495640111,0
			26.5393983720002,-105.49576715,0
			26.5390308770001,-105.495893727,0
			26.5388345040001,-105.495968861,0
			26.5387411140001,-105.495940239,0
			26.5386973260001,-105.495800047,0
			26.5385262900001,-105.495764996,0
			26.5384037020001,-105.495835524,0
			26.5382983490002,-105.495832668,0
			26.538000427,-105.495885423,0
			26.5375994340002,-105.49600921,0
			26.5373876650002,-105.496051254,0
			26.5372332660001,-105.49608303,0
			26.5369259250002,-105.49602788,0
			26.5366621580001,-105.495903703,0
			26.5364753280001,-105.495789415,0
			26.5362698580001,-105.495565376,0
			26.5361946820001,-105.495356549,0
			26.536027978,-105.495082887,0
			26.535756873,-105.494974121,0
			26.5353826850002,-105.495088811,0
			26.5351037160001,-105.495338713,0
			26.5347611630001,-105.495610323,0
			26.5346599590001,-105.495748015,0
			26.5346402940001,-105.496004943,0
			26.5345443780002,-105.496160735,0
			26.5343557640001,-105.49625556,0
			26.5338487870001,-105.496218737,0
			26.5334363710001,-105.496184665,0
			26.5328311960002,-105.496315815,0
			26.5326928700001,-105.496324358,0
			26.5322155100001,-105.496422072,0
			26.5318538510001,-105.496535214,0
			26.531383045,-105.496838897,0
			26.5310375450002,-105.497066748,0
			26.5308866840001,-105.497142592,0
			26.53071444,-105.497185798,0
			26.5306303020001,-105.497227443,0
			26.530559135,-105.497220696,0
			26.5304937660001,-105.497138143,0
			26.5304840780001,-105.49704039,0
			26.5302870250001,-105.496955114,0
			26.5301263270001,-105.496975341,0
			26.5299551320001,-105.4969707,0
			26.5298603190001,-105.496921523,0
			26.5297867690001,-105.496837058,0
			26.5297128130002,-105.496681343,0
			26.5297208990002,-105.496312709,0
			26.5297631410001,-105.496137817,0
			26.529776989,-105.496058588,0
			26.5297512180001,-105.496029733,0
			26.529704473,-105.496054061,0
			26.5295922750001,-105.496130953,0
			26.5295022980001,-105.49620229,0
			26.5293888640001,-105.496207723,0
			26.529298641,-105.496166028,0
			26.5292208120001,-105.496082364,0
			26.529190132,-105.495955554,0
			26.529196708,-105.495810864,0
			26.5292443750001,-105.495728933,0
			26.5292862500002,-105.495622307,0
			26.5292841350001,-105.495538698,0
			26.529230313,-105.495469057,0
			26.529120779,-105.495420258,0
			26.5290140220002,-105.495407965,0
			26.5289212080002,-105.495412312,0
			26.52884419,-105.495451331,0
			26.5286541540001,-105.495652675,0
			26.528517111,-105.495855479,0
			26.5284783580001,-105.495956689,0
			26.5284727690001,-105.496031464,0
			26.5285401740001,-105.496112283,0
			26.5286002610001,-105.4961667,0
			26.5286567240001,-105.496205623,0
			26.5287434750001,-105.496290539,0
			26.528807898,-105.496443102,0
			26.5287557780001,-105.496571941,0
			26.528503146,-105.496571956,0
			26.5281534890001,-105.496500783,0
			26.5278435040001,-105.496294888,0
			26.5275695290001,-105.496155895,0
			26.5274451990002,-105.496123617,0
			26.5271937470001,-105.496085332,0
			26.5270502220001,-105.495926279,0
			26.5269620570002,-105.495854299,0
			26.5269917750001,-105.495723679,0
			26.527065861,-105.495650997,0
			26.5270705180001,-105.495561508,0
			26.5269778300001,-105.495502238,0
			26.5264545720001,-105.495488058,0
			26.526149305,-105.495501289,0
			26.5260066090001,-105.495545202,0
			26.52587283,-105.495609734,0
			26.5257671000001,-105.49565721,0
			26.5256967100001,-105.495668675,0
			26.5256310810001,-105.495629011,0
			26.5255611660002,-105.495544624,0
			26.5255186970001,-105.49546507,0
			26.5255050460001,-105.495304368,0
			26.525606021,-105.495204635,0
			26.5256707350001,-105.495157552,0
			26.5256944650001,-105.495078922,0
			26.5256818150001,-105.494967908,0
			26.5255636550001,-105.494719884,0
			26.5253787790001,-105.494490172,0
			26.5251980080001,-105.494210278,0
			26.5251137180001,-105.493929636,0
			26.5249035460001,-105.493609745,0
			26.5247393550001,-105.493428235,0
			26.5244781700001,-105.493240455,0
			26.5242474930001,-105.493143866,0
			26.5240441170001,-105.493035985,0
			26.5238297920001,-105.4929338,0
			26.5237319880001,-105.492702268,0
			26.5237605,-105.492389856,0
			26.5237239350001,-105.492081674,0
			26.5236398200001,-105.491858645,0
			26.523512797,-105.491745617,0
			26.5233029400002,-105.491751899,0
			26.5231705450001,-105.491903849,0
			26.5229580690001,-105.492029706,0
			26.5228394440002,-105.492044451,0
			26.5227387530001,-105.492000479,0
			26.5226704870001,-105.491902275,0
			26.5225926140002,-105.491529289,0
			26.522544477,-105.491363334,0
			26.5224024130002,-105.491151477,0
			26.52216108,-105.491035781,0
			26.5218927440002,-105.490976322,0
			26.5215320430001,-105.490981413,0
			26.5214107680001,-105.491030139,0
			26.5212679530001,-105.491148834,0
			26.5211773230001,-105.491218953,0
			26.5209561660001,-105.491207257,0
			26.520814259,-105.491231406,0
			26.520697618,-105.491354991,0
			26.5205584770002,-105.491411247,0
			26.520433214,-105.491381183,0
			26.5203469710001,-105.491212084,0
			26.5203536880001,-105.490905412,0
			26.5202821110001,-105.490686089,0
			26.5201662700002,-105.490567329,0
			26.5200564690001,-105.490531997,0
			26.5199547340001,-105.490503158,0
			26.5198588150002,-105.49046329,0
			26.5197549090001,-105.490448046,0
			26.5196643530001,-105.490498497,0
			26.5195983890002,-105.490541928,0
			26.519478114,-105.490506829,0
			26.5193851240002,-105.49036648,0
			26.5192655130002,-105.490218289,0
			26.5191729320001,-105.490025262,0
			26.5190929910001,-105.489936123,0
			26.5190111370001,-105.489732717,0
			26.518735555,-105.489358414,0
			26.5184515530001,-105.489030439,0
			26.518511592,-105.488828264,0
			26.518461163,-105.488621855,0
			26.5183812780001,-105.488420408,0
			26.5183830660001,-105.48809812,0
			26.5185121250001,-105.487738217,0
			26.5186443790001,-105.487472191,0
			26.5187505770002,-105.487193734,0
			26.518746843,-105.486883023,0
			26.51872825,-105.48656413,0
			26.5185682330002,-105.486225413,0
			26.5182820150001,-105.485973739,0
			26.5180629230001,-105.485874028,0
			26.5178498550001,-105.485888292,0
			26.517687142,-105.485951789,0
			26.5175694340001,-105.485935212,0
			26.5174083700001,-105.485831217,0
			26.5172374380001,-105.485697675,0
			26.5170289970002,-105.4855924,0
			26.5169053130001,-105.485465985,0
			26.516822963,-105.485135553,0
			26.5168505480001,-105.484597103,0
			26.5168747390001,-105.484230796,0
			26.5169553730001,-105.483916493,0
			26.5170979040001,-105.483662471,0
			26.5171936990001,-105.483377882,0
			26.5170823160001,-105.482929445,0
			26.5168504750002,-105.482448452,0
			26.516466074,-105.482197784,0
			26.516103236,-105.481992231,0
			26.5155787420002,-105.481985452,0
			26.5151862830002,-105.482014998,0
			26.514871649,-105.481826025,0
			26.5144178750002,-105.481621688,0
			26.5140118900001,-105.481484207,0
			26.5133656530001,-105.481274702,0
			26.5130517380002,-105.481052007,0
			26.512889527,-105.480877703,0
			26.512728911,-105.480629607,0
			26.5126657380001,-105.480177272,0
			26.5126056570001,-105.479887545,0
			26.512444734,-105.479654199,0
			26.5121943640001,-105.479470988,0
			26.5118927010001,-105.479198434,0
			26.5116973660002,-105.478965032,0
			26.5116113530001,-105.478848647,0
			26.5114994230001,-105.478638246,0
			26.511425709,-105.47859128,0
			26.511372017,-105.478286101,0
			26.5113852960001,-105.478072238,0
			26.5113425500002,-105.477924026,0
			26.5113353940001,-105.477856672,0
			26.5112556490002,-105.477691483,0
			26.5111544570001,-105.477586438,0
			26.5110230020002,-105.477419832,0
			26.5109519320002,-105.477251658,0
			26.5110068500001,-105.477106056,0
			26.5110340800001,-105.476907774,0
			26.511072029,-105.47661785,0
			26.511097641,-105.476365945,0
			26.511040634,-105.476103237,0
			26.510839285,-105.475769032,0
			26.5107889540002,-105.475419557,0
			26.5106609210002,-105.47517759,0
			26.510581999,-105.475032,0
			26.5104155370001,-105.474692276,0
			26.5102715400002,-105.474385422,0
			26.5101363270001,-105.474207721,0
			26.510114009,-105.474055762,0
			26.5100164830001,-105.473856376,0
			26.510014907,-105.473662936,0
			26.5099949550001,-105.473620603,0
			26.5098764170001,-105.47336911,0
			26.509579395,-105.472976855,0
			26.509264988,-105.472514647,0
			26.5089697940001,-105.471993625,0
			26.508701681,-105.471513986,0
			26.5086642200001,-105.471137089,0
			26.508651108,-105.470698081,0
			26.5087583810001,-105.470386034,0
			26.5089971200001,-105.470118152,0
			26.5092877430001,-105.46998373,0
			26.5094371060001,-105.469835379,0
			26.5095023050001,-105.469567904,0
			26.509693435,-105.468878129,0
			26.5100488470001,-105.468479316,0
			26.5103280040001,-105.468305314,0
			26.5105052090001,-105.468128569,0
			26.5107277880001,-105.468082807,0
			26.5108860300001,-105.468045209,0
			26.5110568480001,-105.467932751,0
			26.5113899730001,-105.467894778,0
			26.5117428210002,-105.468003784,0
			26.5119464630001,-105.468098768,0
			26.5126165810001,-105.468334013,0
			26.5127588720001,-105.468526894,0
			26.5128419000001,-105.468616912,0
			26.5129443020002,-105.468727938,0
			26.5131500680001,-105.468929552,0
			26.5134721530001,-105.469081468,0
			26.5139328600001,-105.469093857,0
			26.5144240020001,-105.469265431,0
			26.5149732690001,-105.469257572,0
			26.515251553,-105.469242449,0
			26.515816984,-105.469001314,0
			26.516111256,-105.46887349,0
			26.516372319,-105.468714598,0
			26.5167416220002,-105.468835168,0
			26.5169389300001,-105.468819135,0
			26.5170812330001,-105.468701911,0
			26.5173236500002,-105.468625543,0
			26.5174939120002,-105.468655337,0
			26.5177481150002,-105.468834432,0
			26.5180276860002,-105.469033362,0
			26.5182712,-105.469307866,0
			26.5183539290001,-105.469311501,0
			26.5184466820002,-105.469269296,0
			26.5186260480001,-105.469203877,0
			26.5189534430001,-105.469193529,0
			26.519325634,-105.469235453,0
			26.5195277670002,-105.469356983,0
			26.5199247480001,-105.46957837,0
			26.520188254,-105.469866413,0
			26.5203789950001,-105.470069492,0
			26.5205533590001,-105.470233803,0
			26.5207095810001,-105.470383454,0
			26.5208296380002,-105.470511263,0
			26.521102311,-105.470763764,0
			26.5214162870001,-105.470945017,0
			26.5216151140002,-105.471076099,0
			26.521808283,-105.471330481,0
			26.5221623090002,-105.471496739,0
			26.5224398410001,-105.471693113,0
			26.5226102550001,-105.471830318,0
			26.5227173710001,-105.471895974,0
			26.522949268,-105.472024588,0
			26.523171163,-105.47227533,0
			26.5233497980001,-105.472492288,0
			26.5236755520001,-105.472688718,0
			26.5240668340001,-105.472892788,0
			26.525436905,-105.472784453,0
			26.525766048,-105.473347109,0
			26.526174038,-105.474127335,0
			26.5263792650001,-105.47438706,0
			26.5264807330001,-105.474359199,0
			26.526522433,-105.473707842,0
			26.5266070720002,-105.47319016,0
			26.5265585230001,-105.472893194,0
			26.5264022040001,-105.472522897,0
			26.5263956520001,-105.472151199,0
			26.5263632200001,-105.471574742,0
			26.5265222620001,-105.471399246,0
			26.5268461960001,-105.471229817,0
			26.5270984180002,-105.470870955,0
			26.5273157210001,-105.470567395,0
			26.5275730820002,-105.470358684,0
			26.5278263770001,-105.470337367,0
			26.52789805,-105.470142415,0
			26.5277455200001,-105.469939811,0
			26.5274622920001,-105.469589598,0
			26.5270968790001,-105.469084881,0
			26.5266387620001,-105.468682611,0
			26.5261641720001,-105.467917781,0
			26.52605152,-105.467591175,0
			26.526230775,-105.46721533,0
			26.5265297310001,-105.466842702,0
			26.5268910590001,-105.466448339,0
			26.5270952970001,-105.466027007,0
			26.5271815820001,-105.465297744,0
			26.5272776550001,-105.464928003,0
			26.527276579,-105.464785002,0
			26.527216369,-105.464568935,0
			26.527072461,-105.464377711,0
			26.5269915570001,-105.464189869,0
			26.5269297360001,-105.463922231,0
			26.5268713390001,-105.463606045,0
			26.5268997270001,-105.463216514,0
			26.5270428450001,-105.462865543,0
			26.5272990190001,-105.462446644,0
			26.527527305,-105.462096965,0
			26.5277665230001,-105.461908238,0
			26.5279779580001,-105.461714329,0
			26.5281532590001,-105.461532754,0
			26.5283189630001,-105.461337096,0
			26.5292927980001,-105.460316626,0
			26.529607014,-105.459125417,0
			26.5295893300002,-105.458513217,0
			26.5297193170002,-105.455898687,0
			26.529016208,-105.455174168,0
			26.5280000440001,-105.455295672,0
			26.5274230000002,-105.453736018,0
			26.5270623180002,-105.453102201,0
			26.5271617790002,-105.452231252,0
			26.5271907000001,-105.451364507,0
			26.5271839430002,-105.450735805,0
			26.5285804060002,-105.450245763,0
			26.5285851560001,-105.448739548,0
			26.5274012950001,-105.448887945,0
			26.5272126170001,-105.446933241,0
			26.527898098,-105.44550305,0
			26.5290784040002,-105.444410985,0
			26.5273899270002,-105.44296102,0
			26.5273288050001,-105.442547321,0
			26.5272338110001,-105.441473193,0
			26.5276123250001,-105.440035089,0
			26.5283447610001,-105.438602042,0
			26.5280573410002,-105.437046425,0
			26.5277494250001,-105.436042515,0
			26.5250200240001,-105.431775723,0
			26.5240861140001,-105.430992777,0
			26.5238294960002,-105.430562516,0
			26.5231220980001,-105.425205123,0
			26.5227538660002,-105.423444742,0
			26.5219685760001,-105.422810247,0
			26.5214406430002,-105.422134139,0
			26.5212688740001,-105.420950205,0
			26.5205810270001,-105.416495852,0
			26.520186945,-105.411775159,0
			26.5200333590001,-105.409582589,0
			26.5202768300001,-105.408283607,0
			26.5204649840002,-105.407302479,0
			26.5197349230001,-105.406350248,0
			26.5182830100001,-105.405100611,0
			26.5180663560001,-105.404685849,0
			26.5175246690002,-105.403427574,0
			26.5178469060001,-105.400839519,0
			26.5188356710001,-105.398866684,0
			26.5202730320001,-105.39739109,0
			26.5209249910001,-105.397220848,0
			26.521800622,-105.396801252,0
			26.5222701880002,-105.395305136,0
			26.5231729500001,-105.393356067,0
			26.523943826,-105.390063899,0
			26.5240173240001,-105.389241846,0
			26.5240631130001,-105.388729684,0
			26.5225767040001,-105.385556371,0
			26.5228323480001,-105.384929663,0
			26.5231993340001,-105.384868134,0
			26.5246638660001,-105.385877143,0
			26.525006096,-105.384528965,0
			26.525770058,-105.384682014,0
			26.5259649870001,-105.384701799,0
			26.5275477230001,-105.383734316,0
			26.5284678700001,-105.382713705,0
			26.5291871060001,-105.381988819,0
			26.5295917770001,-105.381099374,0
			26.5289776950001,-105.379144095,0
			26.5289838800002,-105.378700583,0
			26.5291977060001,-105.377764959,0
			26.529500509,-105.375754423,0
			26.5293299570001,-105.37419185,0
			26.5296645980002,-105.372834737,0
			26.530048123,-105.372104703,0
			26.5307840260001,-105.371228413,0
			26.5316323860001,-105.37050938,0
			26.5332116550001,-105.369658477,0
			26.5340141210001,-105.369190607,0
			26.5342694520002,-105.368624675,0
			26.5339933850001,-105.368167611,0
			26.5323091710001,-105.366403381,0
			26.5314526180002,-105.365412345,0
			26.5320178230001,-105.365068922,0
			26.5321047860001,-105.364159156,0
			26.5320243100001,-105.362527068,0
			26.5300788120002,-105.36195611,0
			26.5295929930001,-105.361396281,0
			26.5293317690001,-105.360823065,0
			26.5289043380002,-105.360277448,0
			26.527440176,-105.359049063,0
			26.5260853140002,-105.357591231,0
			26.5247232270002,-105.356290243,0
			26.5232571520001,-105.35581505,0
			26.5218465020001,-105.355747949,0
			26.5214054370001,-105.355328685,0
			26.519638994,-105.353909406,0
			26.5159270430001,-105.351301816,0
			26.5146011530001,-105.350228729,0
			26.51372836,-105.349259305,0
			26.5131463430001,-105.348761187,0
			26.5124898430001,-105.348025891,0
			26.511746924,-105.347782536,0
			26.51079147,-105.348495625,0
			26.5094910280001,-105.349386837,0
			26.5087202880001,-105.349538313,0
			26.5071455310001,-105.349161825,0
			26.5055008420002,-105.348544547,0
			26.5045154180002,-105.347663106,0
			26.5044339840002,-105.345315921,0
			26.5044926250001,-105.344106755,0
			26.5045155030001,-105.34270611,0
			26.5038750220001,-105.34353652,0
			26.503535561,-105.344071812,0
			26.5025170310001,-105.345198228,0
			26.5018280070001,-105.346211041,0
			26.5011018040001,-105.347013623,0
			26.4999416330002,-105.348359143,0
			26.499782555,-105.34845197,0
			26.4984440150001,-105.349233049,0
			26.498405726,-105.350105413,0
			26.497899114,-105.350958773,0
			26.4971768800002,-105.351571025,0
			26.4961844360001,-105.352069438,0
			26.4950537500001,-105.352881649,0
			26.4936150390002,-105.354075976,0
			26.4926171900001,-105.354523921,0
			26.4915330690001,-105.35455097,0
			26.4907240840002,-105.354977133,0
			26.4898503950001,-105.355087629,0
			26.488336998,-105.355392617,0
			26.4874053290001,-105.356077682,0
			26.4864005420001,-105.35689192,0
			26.4856180670001,-105.357161598,0
			26.4849441020002,-105.356872845,0
			26.4816255810001,-105.355630459,0
			26.4805813320002,-105.354794588,0
			26.478876481,-105.352765369,0
			26.4783523780001,-105.350580495,0
			26.478137799,-105.348219615,0
			26.4773948050002,-105.346396152,0
			26.4773812350001,-105.344615851,0
			26.477617977,-105.344356558,0
			26.478071157,-105.343764987,0
			26.4790064990001,-105.343016463,0
			26.4794725940001,-105.34203258,0
			26.478999776,-105.340869824,0
			26.4782723650001,-105.33946558,0
			26.4780501800001,-105.338753661,0
			26.4774649600002,-105.338556848,0
			26.4738716950002,-105.338247183,0
			26.4734145280001,-105.337802389,0
			26.472873671,-105.337316222,0
			26.4718307840001,-105.336402089,0
			26.4713991940001,-105.336190575,0
			26.4712331430002,-105.334810044,0
			26.4697673460001,-105.334178497,0
			26.4695648460001,-105.334082773,0
			26.4693590980001,-105.333985513,0
			26.4624915200001,-105.317369974,0
			26.4622867780001,-105.316752425,0
			26.4623815520001,-105.316587763,0
			26.4624627700001,-105.316453057,0
			26.4625959650002,-105.316256196,0
			26.4629085620002,-105.31618514,0
			26.463313269,-105.316065575,0
			26.4638121660001,-105.316111922,0
			26.4641493580002,-105.316097853,0
			26.4643246780001,-105.316098332,0
			26.4646752250001,-105.316144262,0
			26.464998226,-105.316134087,0
			26.4654832630001,-105.316320352,0
			26.466160115,-105.316479025,0
			26.4670911990002,-105.316512918,0
			26.4678529170001,-105.316577755,0
			26.4685022520001,-105.316422707,0
			26.4691329910002,-105.316199779,0
			26.469585007,-105.315950087,0
			26.4700369030002,-105.315763146,0
			26.4703479040001,-105.315481688,0
			26.4705741990002,-105.315231404,0
			26.4707159050002,-105.314949513,0
			26.4708734350001,-105.314568851,0
			26.471173407,-105.314144534,0
			26.4713563920001,-105.31377471,0
			26.4714694960001,-105.313458517,0
			26.4714880030001,-105.313117879,0
			26.4714597940002,-105.312804274,0
			26.4714064780001,-105.312386422,0
			26.471307998,-105.312100281,0
			26.4711373090001,-105.311710758,0
			26.4710623080002,-105.311254351,0
			26.4707721250001,-105.310736651,0
			26.4705776270001,-105.310321796,0
			26.4702897880002,-105.309960973,0
			26.470048617,-105.309573137,0
			26.469687445,-105.309030604,0
			26.4696815770001,-105.308638424,0
			26.4699325880001,-105.308110735,0
			26.4701149600001,-105.307715075,0
			26.4705066430001,-105.30739005,0
			26.47081783,-105.307014525,0
			26.4709313750001,-105.306701169,0
			26.4713832390001,-105.306514162,0
			26.4716277840001,-105.306137239,0
			26.4720444740001,-105.305686781,0
			26.4722709530001,-105.305342342,0
			26.4726178730002,-105.305105794,0
			26.4727080750002,-105.304842592,0
			26.472639497,-105.304527814,0
			26.4728940510001,-105.304246201,0
			26.4730079230001,-105.303776036,0
			26.4729244660001,-105.303211249,0
			26.472755971,-105.30283442,0
			26.4725391260001,-105.302377027,0
			26.4724456770001,-105.301926962,0
			26.472810376,-105.301658035,0
			26.4729861150001,-105.301463573,0
			26.473121292,-105.301313993,0
			26.4732967700001,-105.301239477,0
			26.4734926040002,-105.301424893,0
			26.4737947860001,-105.301705578,0
			26.4741715470001,-105.302111398,0
			26.4743736470002,-105.302201891,0
			26.4745991430001,-105.30224453,0
			26.4747183650001,-105.302346935,0
			26.475071322,-105.302340394,0
			26.4755720180001,-105.302255054,0
			26.4756056710001,-105.30224477,0
			26.4761023460001,-105.302033594,0
			26.476733745,-105.30176035,0
			26.477201214,-105.301542451,0
			26.4774325930001,-105.301276618,0
			26.4777537740001,-105.300721421,0
			26.4781243710001,-105.300322231,0
			26.4783333960001,-105.300135272,0
			26.4786581080002,-105.299815393,0
			26.4788914480001,-105.299680291,0
			26.4792671500001,-105.29962101,0
			26.4796185350002,-105.299509871,0
			26.4799942370001,-105.29945059,0
			26.4803687600001,-105.299312865,0
			26.4810217170001,-105.298908421,0
			26.4815206120001,-105.298711962,0
			26.4820182410001,-105.29845688,0
			26.4820896910002,-105.29815969,0
			26.4822312330001,-105.29794048,0
			26.4822598380001,-105.297752329,0
			26.4822039360001,-105.297501259,0
			26.4820352950001,-105.297187139,0
			26.4819514860002,-105.296779154,0
			26.4817566680001,-105.296534373,0
			26.4815012,-105.296213389,0
			26.4814185580001,-105.295240771,0
			26.4811662250001,-105.294455947,0
			26.4809980300001,-105.293922262,0
			26.4806890080002,-105.293262759,0
			26.4806340430001,-105.292541173,0
			26.4806916450001,-105.291976713,0
			26.4808898570002,-105.291632149,0
			26.4810592160001,-105.291601226,0
			26.4813013250001,-105.291486742,0
			26.4815040540001,-105.291331039,0
			26.48176941,-105.291418467,0
			26.4820254660001,-105.291509084,0
			26.4822409380001,-105.291659572,0
			26.4825779740002,-105.291720407,0
			26.4828474870001,-105.291826053,0
			26.4829955610001,-105.291961378,0
			26.4831841550001,-105.29206682,0
			26.483598392,-105.292135933,0
			26.4838830560001,-105.292136653,0
			26.484177139,-105.292169062,0
			26.484414346,-105.292180216,0
			26.4846802160002,-105.292085935,0
			26.4849650100001,-105.292023366,0
			26.4851158240002,-105.291976216,0
			26.4853453680001,-105.291841841,0
			26.4856895990001,-105.291678907,0
			26.4861562640001,-105.291408653,0
			26.4868095940001,-105.291030293,0
			26.4874621340001,-105.29059963,0
			26.4878115390002,-105.290357709,0
			26.4881111210001,-105.289933617,0
			26.4883690290001,-105.289528175,0
			26.4885223520001,-105.288883443,0
			26.488927356,-105.287924994,0
			26.4887067380001,-105.287224997,0
			26.4885973230002,-105.286422459,0
			26.4881913400001,-105.285886597,0
			26.4881740210001,-105.285289971,0
			26.487863159,-105.284538521,0
			26.4876910390001,-105.283995308,0
			26.4875678460002,-105.283631416,0
			26.487396404,-105.283189958,0
			26.487212823,-105.28294345,0
			26.4871719270002,-105.28276476,0
			26.4871182530002,-105.282629659,0
			26.487011135,-105.282239522,0
			26.486957927,-105.281864496,0
			26.4870400590001,-105.281249875,0
			26.4871351980001,-105.280875224,0
			26.4874030610001,-105.280521852,0
			26.4874688950001,-105.280206739,0
			26.4875283850002,-105.279473237,0
			26.4874753750001,-105.279081879,0
			26.4873258630001,-105.278535389,0
			26.4871327120001,-105.277871335,0
			26.486908151,-105.277491746,0
			26.4865460650001,-105.276896933,0
			26.486156473,-105.276041077,0
			26.4856005760001,-105.275083721,0
			26.4849788500002,-105.274441485,0
			26.4845218340002,-105.273796163,0
			26.4842119620001,-105.273540421,0
			26.483875378,-105.273075936,0
			26.4835176490002,-105.272768785,0
			26.483276776,-105.272407129,0
			26.4829170560001,-105.271969241,0
			26.4827036910002,-105.271868629,0
			26.4822887270001,-105.271455386,0
			26.4821208440001,-105.271249349,0
			26.4818819810002,-105.271018504,0
			26.4815486140001,-105.270763294,0
			26.48131055,-105.270584737,0
			26.4809289290002,-105.27025199,0
			26.48059516,-105.269970641,0
			26.4803335700001,-105.269792532,0
			26.4797637360002,-105.269463349,0
			26.4790583500001,-105.269502836,0
			26.478784321,-105.269521873,0
			26.478288067,-105.269464497,0
			26.4780607540001,-105.269471128,0
			26.4774989250001,-105.269664801,0
			26.4771220040001,-105.269972033,0
			26.4767698780001,-105.270279723,0
			26.476529064,-105.270423144,0
			26.476148009,-105.27057943,0
			26.4754194950002,-105.270645496,0
			26.475159106,-105.270545819,0
			26.4747340330001,-105.270449255,0
			26.474187327,-105.270093498,0
			26.4735453130002,-105.2696611,0
			26.4732593950001,-105.269431164,0
			26.4728805730001,-105.269281434,0
			26.472548402,-105.269104672,0
			26.4720040960001,-105.268905776,0
			26.471438264,-105.268838031,0
			26.470898361,-105.268926688,0
			26.4706168460001,-105.268984308,0
			26.47047689,-105.269065401,0
			26.4700574200002,-105.269334816,0
			26.46986077,-105.269502529,0
			26.4695638990001,-105.269933763,0
			26.4691564930001,-105.27011796,0
			26.4686380600001,-105.270301852,0
			26.4680782870001,-105.270522872,0
			26.4674450770001,-105.270665577,0
			26.4672106160002,-105.270722302,0
			26.4668565210001,-105.270650551,0
			26.4666208570001,-105.270628857,0
			26.4664557730001,-105.270605829,0
			26.466242836,-105.270531411,0
			26.465887541,-105.270381241,0
			26.4657683080002,-105.270278905,0
			26.4656004230001,-105.2700729,0
			26.4654086110002,-105.2698412,0
			26.465022983,-105.269247106,0
			26.4646884090001,-105.26891352,0
			26.4639613910002,-105.267541484,0
			26.4636917820001,-105.26684062,0
			26.463520684,-105.26642551,0
			26.4633970400001,-105.266035649,0
			26.4632028150001,-105.265647126,0
			26.462983858,-105.265180632,0
			26.4628159650001,-105.264974639,0
			26.4624161190002,-105.265001868,0
			26.4620727610001,-105.264682579,0
			26.4921538840002,-105.182062908,0
			26.5214055220002,-105.101549557,0
			26.482316886,-105.084344419,0
			26.458824087,-105.074010229,0
			26.4193005350001,-105.056634023,0
			26.422143766,-105.056216983,0
			26.4235903610001,-105.054554705,0
			26.4247503410002,-105.053763741,0
			26.4280349170002,-105.053175342,0
			26.4297645910001,-105.05257781,0
			26.429350164,-105.049868241,0
			26.4296596850001,-105.048970038,0
			26.431977217,-105.047283306,0
			26.4326416110001,-105.046453686,0
			26.4329711080001,-105.045397901,0
			26.4331115840002,-105.043274604,0
			26.4341270730001,-105.040263426,0
			26.435289803,-105.038556368,0
			26.4357569360002,-105.037339695,0
			26.4356448570001,-105.035511218,0
			26.4352555440001,-105.033977344,0
			26.4343772920001,-105.032589938,0
			26.4345960460001,-105.032125078,0
			26.43505315,-105.031233852,0
			26.4360311770001,-105.031029267,0
			26.4367399690001,-105.030540991,0
			26.4377182000001,-105.029359481,0
			26.4376287980002,-105.028380554,0
			26.4376223530001,-105.028309978,0
			26.436942058,-105.027069111,0
			26.4401169120002,-105.024236645,0
			26.4417365550001,-105.023904564,0
			26.4423651110001,-105.022048473,0
			26.443404506,-105.020636195,0
			26.4442430900002,-105.020322751,0
			26.4446495850001,-105.017681451,0
			26.4453591720001,-105.01639813,0
			26.4463039200002,-105.015434959,0
			26.4469116240002,-105.015160594,0
			26.4470304820001,-105.014925966,0
			26.4482825080001,-105.015021589,0
			26.4461992030001,-105.012752165,0
			26.446258489,-105.012416192,0
			26.4467826740001,-105.012104767,0
			26.4470967510001,-105.011898635,0
			26.447252717,-105.011347132,0
			26.4478480370001,-105.011063519,0
			26.4483583220001,-105.010575082,0
			26.4486276740002,-105.00977141,0
			26.4485143410001,-105.008920464,0
			26.447931585,-105.007555677,0
			26.4482299860002,-105.006366184,0
			26.4484757310001,-105.005579573,0
			26.450263476,-105.003409425,0
			26.451484814,-105.002223485,0
			26.4538701600002,-105.000831982,0
			26.454305962,-105.000673163,0
			26.4543626630002,-105.000581957,0
			26.454459799,-105.000577265,0
			26.4545536410001,-105.000576228,0
			26.4547410920001,-105.000548088,0
			26.4548349340001,-105.00054705,0
			26.4549508350001,-105.000389368,0
			26.4549264400002,-105.00028537,0
			26.454925739,-105.000207177,0
			26.4546913670002,-105.000235837,0
			26.4545979930001,-105.000289003,0
			26.454434237,-105.000342948,0
			26.454222858,-105.000319219,0
			26.4540112460001,-105.000269426,0
			26.4539164700001,-105.000166209,0
			26.453867679,-104.999958216,0
			26.4539354900001,-104.999670733,0
			26.4539817100002,-104.999592022,0
			26.4540743830001,-104.999460663,0
			26.4541206020001,-104.999381952,0
			26.4542841250001,-104.999301942,0
			26.454517795,-104.999195089,0
			26.4547756260001,-104.999166168,0
			26.454827606,-104.999106663,0
			26.4550161510001,-104.998928964,0
			26.4550639170001,-104.998794493,0
			26.4551099030002,-104.998689717,0
			26.4551312580001,-104.998454879,0
			26.4552462210001,-104.998192937,0
			26.4553860470001,-104.99808712,0
			26.4555247040001,-104.997850981,0
			26.4556403680001,-104.997667232,0
			26.4557088770002,-104.997457937,0
			26.4557077060002,-104.997327614,0
			26.455683075,-104.997197553,0
			26.4556110530001,-104.997015883,0
			26.4556087110001,-104.996755239,0
			26.4556291250001,-104.996416142,0
			26.4556971640002,-104.996154717,0
			26.455761684,-104.995502328,0
			26.4559233270002,-104.995213796,0
			26.4560136500001,-104.994821787,0
			26.45605799,-104.994534557,0
			26.4560544700001,-104.994143591,0
			26.4559803310001,-104.993727342,0
			26.4559723360001,-104.993347214,0
			26.4561400920001,-104.993230291,0
			26.4562772230001,-104.993108451,0
			26.456369732,-104.992985071,0
			26.4565547510002,-104.992758806,0
			26.456534686,-104.992317769,0
			26.456485414,-104.992057647,0
			26.456339712,-104.991511859,0
			26.4561027550001,-104.991253827,0
			26.4556053790001,-104.990738028,0
			26.4549904620001,-104.990197477,0
			26.454635022,-104.989810438,0
			26.4544447460001,-104.989525826,0
			26.4542530570001,-104.989084831,0
			26.4540383760001,-104.988696227,0
			26.4538943130001,-104.988332903,0
			26.4534914750002,-104.98789427,0
			26.4532791510001,-104.987766309,0
			26.453044074,-104.987716802,0
			26.452786244,-104.987745748,0
			26.452433393,-104.987645424,0
			26.4522672820001,-104.987438749,0
			26.4521722610001,-104.98730948,0
			26.4521232150001,-104.987075432,0
			26.4520545270001,-104.986830065,0
			26.4520218390001,-104.98605598,0
			26.452021808,-104.985740794,0
			26.4520765720001,-104.985239537,0
			26.4521292790001,-104.984814495,0
			26.4523586990001,-104.984493131,0
			26.4524682230001,-104.984213986,0
			26.4526807930001,-104.983819993,0
			26.4528933400002,-104.983362961,0
			26.4534035320001,-104.982890118,0
			26.453630268,-104.982543389,0
			26.453771972,-104.982228176,0
			26.4542671220001,-104.981706171,0
			26.4543387930001,-104.98128254,0
			26.454352939,-104.98104615,0
			26.4541970170001,-104.980920097,0
			26.454286916,-104.980564078,0
			26.4541215070001,-104.980435602,0
			26.4539333490002,-104.980385582,0
			26.4538701050001,-104.98050856,0
			26.4536433430002,-104.980618907,0
			26.4535441470001,-104.980729234,0
			26.4531898110001,-104.980776562,0
			26.4527929430001,-104.980713589,0
			26.4521976400002,-104.980666415,0
			26.4519094190001,-104.980494802,0
			26.450992473,-104.980121312,0
			26.4511199780002,-104.979695799,0
			26.4512900270001,-104.979459388,0
			26.4519636030001,-104.979235837,0
			26.4522164430001,-104.978659538,0
			26.452447246,-104.978239882,0
			26.4526541110002,-104.97776836,0
			26.4527448630001,-104.977428476,0
			26.452740105,-104.976907203,0
			26.4527353470002,-104.97638593,0
			26.4527561890001,-104.976098966,0
			26.4528464590001,-104.975706953,0
			26.4528879020001,-104.975106959,0
			26.4529068360001,-104.974611485,0
			26.4529748330001,-104.974350054,0
			26.453039732,-104.973749794,0
			26.4529198060001,-104.973464418,0
			26.4527493790001,-104.972788618,0
			26.4526986390002,-104.972372129,0
			26.4525552500001,-104.97208702,0
			26.4522703810001,-104.971725313,0
			26.4520084940002,-104.971311216,0
			26.4519589450001,-104.971025048,0
			26.4517676760001,-104.97063622,0
			26.4516489400001,-104.970481167,0
			26.4514581480001,-104.970144467,0
			26.4511715990001,-104.969600326,0
			26.4507677460002,-104.969057515,0
			26.4503181680001,-104.968645555,0
			26.4499870880001,-104.968362585,0
			26.449419726,-104.967899835,0
			26.4491836830001,-104.967746119,0
			26.4490136210001,-104.967546122,0
			26.448879236,-104.967303534,0
			26.4487448470001,-104.967060936,0
			26.4486117200001,-104.966827276,0
			26.448533222,-104.966523351,0
			26.4483063450002,-104.966160998,0
			26.4482353760001,-104.965688268,0
			26.4483203190001,-104.965310031,0
			26.4486055000002,-104.965211752,0
			26.4487687630001,-104.965105635,0
			26.4489327470001,-104.965077706,0
			26.4490974500002,-104.965127966,0
			26.4491849700001,-104.965561919,0
			26.4495393880001,-104.965876966,0
			26.4498087160001,-104.96595569,0
			26.450162968,-104.965640405,0
			26.4503896880001,-104.965340952,0
			26.4504037350002,-104.964868188,0
			26.4502761330001,-104.964663351,0
			26.4502052390001,-104.964568831,0
			26.450105981,-104.964442789,0
			26.4500067500001,-104.964364016,0
			26.4498508250001,-104.964285261,0
			26.4494539460002,-104.964206609,0
			26.4490711500001,-104.963812745,0
			26.4490710580001,-104.963450325,0
			26.4491843570001,-104.963103607,0
			26.4495474400001,-104.963037602,0
			26.4496877220001,-104.962983873,0
			26.4499213760001,-104.963024572,0
			26.4501765050002,-104.963071761,0
			26.4505166950001,-104.963166194,0
			26.4507009060001,-104.962977055,0
			26.4508612620001,-104.962515613,0
			26.4510002980001,-104.962230819,0
			26.4511177950001,-104.96208146,0
			26.451201686,-104.961820128,0
			26.4513620300002,-104.961616144,0
			26.4516411480001,-104.961352303,0
			26.4518745480001,-104.961219313,0
			26.4521311690001,-104.961059991,0
			26.4525996550001,-104.960976451,0
			26.4529738180001,-104.960841853,0
			26.453748012,-104.960833027,0
			26.4539816530001,-104.960726097,0
			26.4540979920002,-104.960620503,0
			26.45419063,-104.960489113,0
			26.4550662630001,-104.959152481,0
			26.4558079720001,-104.957547629,0
			26.4572098000001,-104.957317885,0
			26.4581957320001,-104.95758454,0
			26.4586995890002,-104.957994993,0
			26.4591078730001,-104.958241736,0
			26.4593669660001,-104.958447273,0
			26.4607175460001,-104.957953182,0
			26.462844682,-104.956239042,0
			26.463504581,-104.956834826,0
			26.4642882540001,-104.957705676,0
			26.4647420350001,-104.958484942,0
			26.4649898300001,-104.959860326,0
			26.4649776750001,-104.961002547,0
			26.46500231,-104.961133163,0
			26.4650036060002,-104.96129019,0
			26.4649586570001,-104.961552382,0
			26.4648914470002,-104.96197184,0
			26.4647531410001,-104.962339675,0
			26.4646150500001,-104.96273368,0
			26.4643120740001,-104.963129361,0
			26.4643140150002,-104.963364901,0
			26.4638249710001,-104.964050375,0
			26.4635701780001,-104.964576425,0
			26.463219227,-104.964867893,0
			26.4631031760001,-104.965078455,0
			26.4630350950001,-104.965393222,0
			26.46309129,-104.965587965,0
			26.463164122,-104.965830539,0
			26.4632369460002,-104.966046187,0
			26.463370438,-104.966207923,0
			26.4634553940001,-104.966490971,0
			26.4636374050002,-104.966666156,0
			26.4639892370001,-104.966922159,0
			26.4644653050001,-104.96756157,0
			26.4647051180002,-104.967771182,0
			26.464815742,-104.96798235,0
			26.4649483360002,-104.968171712,0
			26.465118827,-104.968445231,0
			26.465412412,-104.968834459,0
			26.4657060030001,-104.969139477,0
			26.4659522880002,-104.969591868,0
			26.466255301,-104.969739105,0
			26.4664065170002,-104.969771646,0
			26.4665009500001,-104.969796865,0
			26.4667118700001,-104.969663863,0
			26.466805446,-104.969584395,0
			26.4668983770002,-104.969426413,0
			26.4670142200001,-104.969189676,0
			26.4671745960002,-104.968638402,0
			26.4675004970001,-104.968163972,0
			26.4677326070001,-104.967742837,0
			26.468245439,-104.967083288,0
			26.4687370780002,-104.966711865,0
			26.4691118030001,-104.966446322,0
			26.469744554,-104.966047289,0
			26.4706128500001,-104.965645859,0
			26.4711762250001,-104.965404568,0
			26.4713404530002,-104.965144222,0
			26.4714747360002,-104.96497617,0
			26.4715754060002,-104.964658794,0
			26.47174326,-104.964416057,0
			26.4718607360002,-104.964173334,0
			26.4719950200001,-104.963986615,0
			26.4721293280002,-104.963893235,0
			26.4723307630001,-104.963650499,0
			26.4724986510001,-104.963575772,0
			26.472700119,-104.963463704,0
			26.472868024,-104.963426306,0
			26.473027094,-104.963375356,0
			26.4731702380001,-104.963332872,0
			26.4733909160001,-104.96321519,0
			26.4735569080001,-104.962928261,0
			26.473561728,-104.96265628,0
			26.4733806020001,-104.96252578,0
			26.4731749560002,-104.962253868,0
			26.4729840190001,-104.962112512,0
			26.4729594920001,-104.961851445,0
			26.4730132870002,-104.961709966,0
			26.4730572750001,-104.961481494,0
			26.473145344,-104.961367236,0
			26.4730767810001,-104.961166034,0
			26.4726410280001,-104.960725554,0
			26.4725821840001,-104.960295893,0
			26.4721419970001,-104.959646662,0
			26.4719282730001,-104.959439443,0
			26.471714117,-104.959179878,0
			26.471570625,-104.958919593,0
			26.471568459,-104.958657867,0
			26.4716138370001,-104.958448004,0
			26.4717300940002,-104.958263593,0
			26.4718936780002,-104.958104872,0
			26.4721512620002,-104.957919016,0
			26.4723390500001,-104.957838572,0
			26.4725030660002,-104.957732196,0
			26.4726439610002,-104.957678406,0
			26.4726893360001,-104.957468541,0
			26.472616938,-104.957259881,0
			26.4724976470002,-104.957077875,0
			26.4724027780001,-104.957000319,0
			26.4722363780002,-104.956818795,0
			26.472023301,-104.956690098,0
			26.4717624650001,-104.956483367,0
			26.4714313970001,-104.956329704,0
			26.4713131900002,-104.956278563,0
			26.471121931,-104.955940248,0
			26.4710030730001,-104.95581059,0
			26.4709066830002,-104.955549829,0
			26.470833849,-104.955288828,0
			26.4707607950002,-104.955001654,0
			26.4706888280002,-104.954845343,0
			26.4705215560002,-104.954559135,0
			26.4704724900002,-104.954324066,0
			26.470375011,-104.953932445,0
			26.4703737070001,-104.953775411,0
			26.4703237710001,-104.953435653,0
			26.4702496270002,-104.95301762,0
			26.4701756990001,-104.952625759,0
			26.4699839960001,-104.952235108,0
			26.4697685210002,-104.951818529,0
			26.4696712530001,-104.951453085,0
			26.4695979740001,-104.951139744,0
			26.4695960130001,-104.950904194,0
			26.4695218610001,-104.950486165,0
			26.4694261170001,-104.950303929,0
			26.4692112900001,-104.949965871,0
			26.4690204520002,-104.949679916,0
			26.4689002780001,-104.949393234,0
			26.4688274320002,-104.949132242,0
			26.4688019130001,-104.948896935,0
			26.4687528390001,-104.948661873,0
			26.4687033270001,-104.948374465,0
			26.4685838060001,-104.948166302,0
			26.468441604,-104.948063071,0
			26.4683698480001,-104.947932938,0
			26.468320335,-104.947645532,0
			26.4683150890002,-104.947017407,0
			26.4683364570001,-104.946755445,0
			26.4684731910001,-104.946204377,0
			26.4685167990002,-104.945785139,0
			26.4685096350001,-104.945473925,0
			26.4684118120001,-104.94513957,0
			26.4683248810001,-104.944914342,0
			26.4682813590002,-104.944656925,0
			26.468290159,-104.944617988,0
			26.4683446910001,-104.944376674,0
			26.4684642760001,-104.944210357,0
			26.4686176530001,-104.94410648,0
			26.4687351670001,-104.944050416,0
			26.468856,-104.944181847,0
			26.4689979860001,-104.944258903,0
			26.4692577440001,-104.944334741,0
			26.4695877290001,-104.944357507,0
			26.4697521740001,-104.944303458,0
			26.469964603,-104.944353612,0
			26.4702014650001,-104.944508212,0
			26.4705083330001,-104.944583566,0
			26.4706269830001,-104.944687039,0
			26.4708160770001,-104.94476361,0
			26.4711454050002,-104.944707859,0
			26.471426965,-104.944574076,0
			26.471945955,-104.944220414,0
			26.4724001630001,-104.944100764,0
			26.4726114970002,-104.944020055,0
			26.4729872760001,-104.943885294,0
			26.4735255250001,-104.943460925,0
			26.4737104530001,-104.943040206,0
			26.4737555880001,-104.94280416,0
			26.4737307160001,-104.942647366,0
			26.473658296,-104.942438712,0
			26.4736338640001,-104.942334263,0
			26.4734912190002,-104.942178688,0
			26.4733725680002,-104.942075215,0
			26.4733247990001,-104.941997183,0
			26.4734183590002,-104.941917688,0
			26.473464591,-104.941812509,0
			26.4736290330002,-104.941758455,0
			26.4741472360001,-104.941753088,0
			26.4744061170002,-104.941724232,0
			26.4747350040001,-104.941616124,0
			26.4749221230001,-104.941457132,0
			26.4750861270001,-104.941350731,0
			26.4754385670001,-104.941242376,0
			26.4757903490001,-104.941055501,0
			26.4763299080001,-104.94078815,0
			26.4759670640001,-104.938938629,0
			26.479392712,-104.940317073,0
			26.481397385,-104.937770971,0
			26.4837115860001,-104.936729922,0
			26.4875126470001,-104.932258498,0
			26.4938433950001,-104.918251687,0
			26.505499202,-104.908550718,0
			26.5100183050001,-104.898900327,0
			26.505546098,-104.875844688,0
			26.5072704090001,-104.874266028,0
			26.5079604590002,-104.873634249,0
			26.5041729340001,-104.870465476,0
			26.504812256,-104.869232977,0
			26.5046838390002,-104.869014851,0
			26.5048835440001,-104.86800705,0
			26.504567384,-104.867084589,0
			26.504642394,-104.866103461,0
			26.5055355100002,-104.86488712,0
			26.5057673470001,-104.860543361,0
			26.5052948120002,-104.858938999,0
			26.5045577880001,-104.858948406,0
			26.5033327850001,-104.858964041,0
			26.5028688400002,-104.856583226,0
			26.5051018090001,-104.855021827,0
			26.505635693,-104.852103517,0
			26.5084974160001,-104.809274139,0
			26.5056618900002,-104.799035762,0
			26.50386939,-104.794612174,0
			26.50456107,-104.791225796,0
			26.4925957730001,-104.77691064,0
			26.490172178,-104.768806357,0
			26.4858187250001,-104.760956058,0
			26.4884225710001,-104.755757702,0
			26.4924472010001,-104.747842077,0
			26.4923041910001,-104.747660578,0
			26.4918521120001,-104.747168693,0
			26.4918323930002,-104.747153695,0
			26.4913869500002,-104.746914719,0
			26.4910533380001,-104.746499949,0
			26.4907906070001,-104.746110516,0
			26.4904559940001,-104.745591091,0
			26.4899575700002,-104.745178272,0
			26.4895062320002,-104.744764901,0
			26.489006806,-104.744247428,0
			26.488390656,-104.743836008,0
			26.4869402000001,-104.74236157,0
			26.4865134000001,-104.7420526,0
			26.4855869110002,-104.741200025,0
			26.4846854650002,-104.740504168,0
			26.4833805040001,-104.73947293,0
			26.4830248320002,-104.739215472,0
			26.4828099240002,-104.738904016,0
			26.482619562,-104.738696937,0
			26.4824742800001,-104.738279993,0
			26.4823515370001,-104.737758118,0
			26.4822764690002,-104.737464619,0
			26.4822201700002,-104.736955169,0
			26.4821222220001,-104.736563834,0
			26.4820288,-104.73664344,0
			26.4819584190001,-104.736670442,0
			26.4816561140001,-104.737066521,0
			26.481495325,-104.737487087,0
			26.4813094830001,-104.737750952,0
			26.4810517530001,-104.737884836,0
			26.4808401070001,-104.737913509,0
			26.4806747950001,-104.737863135,0
			26.480602907,-104.737733156,0
			26.480365706,-104.737552804,0
			26.4801750920001,-104.737319569,0
			26.4799153520001,-104.737244149,0
			26.4797037050001,-104.737272824,0
			26.4795151010001,-104.737248892,0
			26.4793966260002,-104.737171799,0
			26.4792508360002,-104.736702543,0
			26.4791541460002,-104.736442032,0
			26.4791972110001,-104.736022869,0
			26.479265077,-104.73573424,0
			26.479333949,-104.735550263,0
			26.4794726980001,-104.735286958,0
			26.4798218340002,-104.73486416,0
			26.4800299560002,-104.7344692,0
			26.4801674440002,-104.734075078,0
			26.4803049310001,-104.733680954,0
			26.4803019080001,-104.733366998,0
			26.480253055,-104.733184417,0
			26.4801819180001,-104.73313293,0
			26.479969265,-104.73305696,0
			26.479851293,-104.733032197,0
			26.479662435,-104.73298211,0
			26.479448772,-104.73280149,0
			26.4794705530002,-104.73261807,0
			26.4799614500002,-104.73224591,0
			26.480053357,-104.732009322,0
			26.4800483120001,-104.731486064,0
			26.480045788,-104.731224434,0
			26.4799716220001,-104.730858993,0
			26.4798984650002,-104.730598206,0
			26.4798017630002,-104.730337698,0
			26.4797037980002,-104.729946376,0
			26.479691228,-104.729890386,0
			26.479609672,-104.729507516,0
			26.4793745940001,-104.729340352,0
			26.4793324050001,-104.728951761,0
			26.4790037360002,-104.72860718,0
			26.4783977940001,-104.72770681,0
			26.477964924,-104.727036332,0
			26.477445952,-104.726481163,0
			26.476944557,-104.726079453,0
			26.4765619700001,-104.725815413,0
			26.4762538690001,-104.725609773,0
			26.476062728,-104.725324242,0
			26.4757318420002,-104.725197372,0
			26.475425262,-104.725148708,0
			26.475260452,-104.725150678,0
			26.4751437450001,-104.725256733,0
			26.4750032400001,-104.725336907,0
			26.4748862800002,-104.725416799,0
			26.4747450140001,-104.725418487,0
			26.474603496,-104.725394014,0
			26.474460203,-104.725186409,0
			26.4744353930001,-104.725055883,0
			26.4744108340001,-104.724951517,0
			26.4743143760001,-104.724717189,0
			26.4741723500001,-104.724640393,0
			26.4738852780001,-104.724657858,0
			26.4735315510001,-104.724584206,0
			26.4731641550001,-104.72458917,0
			26.4727908310001,-104.724430399,0
			26.47243214,-104.724351234,0
			26.4721251740002,-104.724250809,0
			26.4717938260001,-104.724072284,0
			26.4715321920002,-104.723814389,0
			26.4710335930002,-104.72340284,0
			26.470318687,-104.722575934,0
			26.4692744310001,-104.721753496,0
			26.468869064,-104.721262275,0
			26.4686536140002,-104.72092534,0
			26.4686022610001,-104.720533898,0
			26.4686220550001,-104.720193778,0
			26.4686662340001,-104.719931754,0
			26.4686630770001,-104.719644229,0
			26.4684263950001,-104.719516725,0
			26.468308484,-104.71949218,0
			26.4681185650001,-104.7193379,0
			26.4678356950001,-104.71928945,0
			26.4674813900002,-104.719163542,0
			26.467218885,-104.718827252,0
			26.4671933500001,-104.718644604,0
			26.4671896150001,-104.718304806,0
			26.4671855920002,-104.717938871,0
			26.467135668,-104.717678126,0
			26.4670633690001,-104.717522255,0
			26.466943158,-104.717288607,0
			26.4667503610002,-104.716872951,0
			26.466558424,-104.71653571,0
			26.4662933240001,-104.715964187,0
			26.4661696570001,-104.715416887,0
			26.4662387910001,-104.715285237,0
			26.466284977,-104.715206185,0
			26.466447633,-104.71502098,0
			26.466634679,-104.71491387,0
			26.4667973350001,-104.714728664,0
			26.466866757,-104.714623152,0
			26.466864453,-104.714414046,0
			26.4668142350001,-104.714127167,0
			26.4667648810001,-104.713918702,0
			26.4667137970002,-104.713553407,0
			26.46664207,-104.713449815,0
			26.4665224290001,-104.713268449,0
			26.4663089780001,-104.713114501,0
			26.4661461480002,-104.713067533,0
			26.4659224970001,-104.712987081,0
			26.465591423,-104.712834735,0
			26.4654967480001,-104.71278374,0
			26.4653762410002,-104.712523964,0
			26.4653260200002,-104.712237088,0
			26.4652296140002,-104.712029267,0
			26.4650626330002,-104.711822408,0
			26.4648503350002,-104.711773015,0
			26.4647324240001,-104.71174848,0
			26.4645912760001,-104.711750402,0
			26.4643557410001,-104.711727469,0
			26.4641193410001,-104.711626123,0
			26.463928836,-104.711419586,0
			26.4636924350001,-104.711318241,0
			26.4634075420001,-104.71108685,0
			26.4632179030001,-104.710958728,0
			26.4624883510002,-104.710942528,0
			26.4619475740001,-104.710976037,0
			26.4614300330002,-104.71098309,0
			26.4611788730002,-104.710935882,0
			26.4606763790001,-104.710914937,0
			26.4600632960001,-104.710792589,0
			26.4594257790001,-104.710666835,0
			26.4588885280001,-104.710493557,0
			26.4584823350002,-104.710363596,0
			26.4583119650001,-104.710305829,0
			26.4580892120001,-104.710233647,0
			26.4578341290002,-104.710232954,0
			26.4575128840002,-104.71016235,0
			26.457106813,-104.710105131,0
			26.456739963,-104.710004214,0
			26.4563338030002,-104.709903354,0
			26.4558881240002,-104.709686211,0
			26.4555101470001,-104.709172169,0
			26.4554228820001,-104.70888117,0
			26.4552276420001,-104.708731644,0
			26.4550020730001,-104.708415535,0
			26.4548022690001,-104.708205063,0
			26.4546707150001,-104.70769966,0
			26.4543851000001,-104.707350378,0
			26.4541441530002,-104.706850955,0
			26.453982845,-104.706504468,0
			26.453851154,-104.706141028,0
			26.4536928820001,-104.705588537,0
			26.453390635,-104.705080058,0
			26.4531391220001,-104.704620582,0
			26.452782773,-104.70431179,0
			26.452463391,-104.704028714,0
			26.452253554,-104.703883734,0
			26.4520567760001,-104.703709626,0
			26.4517143080001,-104.703437693,0
			26.4513144140001,-104.703210041,0
			26.4512088830002,-104.703107114,0
			26.4506138050002,-104.702487939,0
			26.449971384,-104.701843281,0
			26.448878506,-104.70089115,0
			26.4484013320001,-104.70029652,0
			26.447331096,-104.699265692,0
			26.4464152220001,-104.698198478,0
			26.4460088670002,-104.697759609,0
			26.445102204,-104.696909541,0
			26.4437666020002,-104.695699555,0
			26.4420976690002,-104.694232933,0
			26.4418388280002,-104.693989169,0
			26.4411716610001,-104.693426266,0
			26.4389738060001,-104.691156175,0
			26.4384482420001,-104.690614479,0
			26.4369465890001,-104.689328681,0
			26.4367052040001,-104.688887283,0
			26.4361304850001,-104.688189254,0
			26.4358924380001,-104.688009686,0
			26.435724768,-104.687802824,0
			26.4356756210001,-104.687646472,0
			26.4355082860001,-104.687465792,0
			26.4354355690002,-104.687309811,0
			26.435267564,-104.687076768,0
			26.435313369,-104.686971297,0
			26.4354302200002,-104.686890893,0
			26.4355228320002,-104.686758498,0
			26.4355689710002,-104.686679208,0
			26.4355679670001,-104.68660066,0
			26.4354258730001,-104.686550523,0
			26.4353309210001,-104.686499644,0
			26.435165591,-104.686476061,0
			26.435070973,-104.686451363,0
			26.4350002600001,-104.686452477,0
			26.4349298830001,-104.686479773,0
			26.4348126960001,-104.686533993,0
			26.4346722750001,-104.686614767,0
			26.4344857140002,-104.68677483,0
			26.4341590640001,-104.687041847,0
			26.4339475950002,-104.687097552,0
			26.4337115520001,-104.687075082,0
			26.4334516040001,-104.687026801,0
			26.433356652,-104.686975921,0
			26.433190319,-104.686873792,0
			26.433070792,-104.686744739,0
			26.4330465530001,-104.686692746,0
			26.4330448810001,-104.686561837,0
			26.4330900170001,-104.686404004,0
			26.433181959,-104.686219246,0
			26.433345952,-104.686138101,0
			26.433420113,-104.685932218,0
			26.433518807,-104.685659428,0
			26.4333747050002,-104.685452202,0
			26.4331383270002,-104.685403552,0
			26.4329504300002,-104.685458888,0
			26.4327618620002,-104.685461859,0
			26.4325009100001,-104.685335037,0
			26.4322389540001,-104.68512967,0
			26.4321200950001,-104.685052983,0
			26.4321419930001,-104.684921704,0
			26.4321403200001,-104.684790796,0
			26.4321140710002,-104.684581715,0
			26.4320416840001,-104.684451922,0
			26.4318265340001,-104.684219634,0
			26.4317060010001,-104.68401204,0
			26.431704327,-104.683881133,0
			26.43174678,-104.683513848,0
			26.4316966240002,-104.683278958,0
			26.431670373,-104.683069878,0
			26.4315003510002,-104.68267976,0
			26.4313306640001,-104.682315825,0
			26.4312340350002,-104.682134044,0
			26.4310666920001,-104.681953379,0
			26.4309478320002,-104.681876697,0
			26.4308535490001,-104.681878185,0
			26.4308070770002,-104.681931292,0
			26.4307383760001,-104.682089496,0
			26.4305275790002,-104.68219757,0
			26.4303851490001,-104.682121259,0
			26.4302891880001,-104.681991842,0
			26.4301918890001,-104.681757701,0
			26.4301424,-104.681575177,0
			26.4301390470002,-104.681313366,0
			26.4301121220001,-104.681051927,0
			26.4301060850001,-104.680580667,0
			26.430077817,-104.680214504,0
			26.4299808490001,-104.680006546,0
			26.4298842170001,-104.679824768,0
			26.4298114900001,-104.6796688,0
			26.4298337190001,-104.679563703,0
			26.4299034250002,-104.679484043,0
			26.4299956940001,-104.679325465,0
			26.429921624,-104.679064772,0
			26.4298462110001,-104.678699357,0
			26.4296687870001,-104.677733269,0
			26.429572152,-104.677551495,0
			26.4295000960001,-104.67744789,0
			26.4293330830001,-104.677293416,0
			26.429214221,-104.677216739,0
			26.4290482160001,-104.677140808,0
			26.4289071280001,-104.677169227,0
			26.4287195690001,-104.677250755,0
			26.4285565890002,-104.677410451,0
			26.428370375,-104.677596701,0
			26.4281373540002,-104.677809876,0
			26.4279728650002,-104.677851757,0
			26.4277539530001,-104.677714139,0
			26.427550029,-104.677630291,0
			26.4272887330001,-104.677477311,0
			26.4270260930002,-104.677219611,0
			26.4266695060001,-104.676989585,0
			26.426430772,-104.676757694,0
			26.4261927110001,-104.676578165,0
			26.4259795640002,-104.676502983,0
			26.4257909970001,-104.676505969,0
			26.4256263380001,-104.676534762,0
			26.4254145360001,-104.676564302,0
			26.425083199,-104.676464806,0
			26.425010134,-104.676282667,0
			26.4248421110001,-104.676049661,0
			26.424699341,-104.675947182,0
			26.4245097650002,-104.675871629,0
			26.4241535110002,-104.675667792,0
			26.4240339760001,-104.67553876,0
			26.4237955760001,-104.675333057,0
			26.4235588580001,-104.675258253,0
			26.4232494080001,-104.675027492,0
			26.4230817210001,-104.674820671,0
			26.4230800380001,-104.674689774,0
			26.4231477220002,-104.674453038,0
			26.4232628840001,-104.674241733,0
			26.4232359470001,-104.673980311,0
			26.4231877940001,-104.67390252,0
			26.4230696040001,-104.673878209,0
			26.4228793530001,-104.673750303,0
			26.4226897760001,-104.673674755,0
			26.4226190640001,-104.673675876,0
			26.4225251170001,-104.673703551,0
			26.4223648340001,-104.674072678,0
			26.4222493360001,-104.674257802,0
			26.422062789,-104.674417867,0
			26.4219449350001,-104.674419735,0
			26.421708553,-104.674371112,0
			26.4214714980002,-104.674270133,0
			26.4211394860001,-104.67411829,0
			26.4210435200001,-104.67398889,0
			26.4210408260001,-104.673779457,0
			26.420989981,-104.673492236,0
			26.4209461260001,-104.673352785,0
			26.4207052780001,-104.672976601,0
			26.4205738680002,-104.672773322,0
			26.4203505620002,-104.672468499,0
			26.420258568,-104.672323283,0
			26.4201839300001,-104.671913324,0
			26.4201524860001,-104.671756265,0
			26.4200735190001,-104.671581969,0
			26.4199024890002,-104.67123333,0
			26.419692475,-104.671015734,0
			26.4196495260001,-104.670691156,0
			26.419577127,-104.670561386,0
			26.4195266130001,-104.670300348,0
			26.4193801270001,-104.669909915,0
			26.4192336410001,-104.669519484,0
			26.4190888410001,-104.669259946,0
			26.4188490820001,-104.668949551,0
			26.4186827360001,-104.66884746,0
			26.4185638690001,-104.668770799,0
			26.4184702610002,-104.668824654,0
			26.4183301860002,-104.668931616,0
			26.4182382650001,-104.669116364,0
			26.418122436,-104.669275308,0
			26.417960814,-104.669539713,0
			26.4178220890001,-104.669751387,0
			26.4177076080002,-104.670015042,0
			26.417500531,-104.670411086,0
			26.41733857,-104.670649312,0
			26.4171533750001,-104.670914088,0
			26.4170163330001,-104.671256649,0
			26.4168533600002,-104.671416337,0
			26.4165721950001,-104.671551718,0
			26.4161953980001,-104.671583883,0
			26.41593713,-104.671666533,0
			26.4157499110001,-104.671774238,0
			26.4156337410001,-104.671906997,0
			26.4154697560001,-104.67198815,0
			26.4152362800002,-104.671971521,0
			26.414947801,-104.671797782,0
			26.4147639200002,-104.671565578,0
			26.4145406780002,-104.671289858,0
			26.4141867020002,-104.671116308,0
			26.413884927,-104.670855355,0
			26.4136133740002,-104.670566877,0
			26.4133582250001,-104.670467622,0
			26.4130881230001,-104.670385091,0
			26.4128779980001,-104.670302374,0
			26.4126263010001,-104.670204393,0
			26.412272725,-104.670205398,0
			26.4120883890002,-104.670207878,0
			26.4120402350001,-104.670130095,0
			26.411918669,-104.669844021,0
			26.4118681530001,-104.669583001,0
			26.4117472620001,-104.669349282,0
			26.4116482020001,-104.669113311,0
			26.411434766,-104.668882969,0
			26.411290978,-104.668701979,0
			26.4112660560001,-104.668597647,0
			26.4112865880001,-104.668361681,0
			26.411330353,-104.668099163,0
			26.4113034050001,-104.66783777,0
			26.411183524,-104.667682584,0
			26.4107149040001,-104.667318898,0
			26.4100683990001,-104.665676006,0
			26.410203579,-104.664655773,0
			26.4106935870001,-104.663946569,0
			26.410240451,-104.662930616,0
			26.4093385570001,-104.662234619,0
			26.4088803970001,-104.662308663,0
			26.4084481520002,-104.662266296,0
			26.407758705,-104.662102451,0
			26.4073993260001,-104.661265888,0
			26.4066519340001,-104.661340691,0
			26.406231851,-104.660802133,0
			26.4055829050002,-104.660288971,0
			26.4042803160002,-104.659891528,0
			26.4036710600002,-104.659336021,0
			26.402798042,-104.658950415,0
			26.4019837030001,-104.658937139,0
			26.4015309930001,-104.65894695,0
			26.400474219,-104.659320541,0
			26.3995614680001,-104.658886538,0
			26.3990245750001,-104.658521538,0
			26.3987235170002,-104.657765429,0
			26.3989043040001,-104.656509763,0
			26.3978930440001,-104.656621715,0
			26.3972593880001,-104.656913816,0
			26.396736263,-104.656433333,0
			26.395792762,-104.656085608,0
			26.3949129910002,-104.655084733,0
			26.3941002310001,-104.654723561,0
			26.3934838460002,-104.654525161,0
			26.391996648,-104.654460392,0
			26.391053019,-104.654075381,0
			26.3910947710001,-104.653186643,0
			26.3915613490001,-104.652503812,0
			26.3917212220002,-104.651692588,0
			26.391929095,-104.651037789,0
			26.391477751,-104.650335603,0
			26.3911944220001,-104.64955682,0
			26.390975256,-104.648954411,0
			26.3912747290001,-104.647880848,0
			26.392020202,-104.646621053,0
			26.3916122730001,-104.64531756,0
			26.3902280230001,-104.644154282,0
			26.3896617900001,-104.643700582,0
			26.389468789,-104.642918121,0
			26.3891587570001,-104.642241056,0
			26.3885671280001,-104.641696746,0
			26.3883027260001,-104.640784182,0
			26.3861481230001,-104.638631564,0
			26.3846762750002,-104.637980492,0
			26.3845716500001,-104.637934212,0
			26.3838828330001,-104.637629521,0
			26.383030261,-104.636747547,0
			26.3827761170002,-104.636604008,0
			26.381744183,-104.636010823,0
			26.3807481740001,-104.634764165,0
			26.3802684230001,-104.633278487,0
			26.3781896890001,-104.628173184,0
			26.3778117270001,-104.627940904,0
			26.3771276850002,-104.62768482,0
			26.3768870500001,-104.626824451,0
			26.3763214730001,-104.626698112,0
			26.3758789300001,-104.626994396,0
			26.3755381150001,-104.627200311,0
			26.3743884200001,-104.627757696,0
			26.3739250680001,-104.627542938,0
			26.3732791890001,-104.627243584,0
			26.3715544130002,-104.626133261,0
			26.3710086580001,-104.625405886,0
			26.3710964910001,-104.62438631,0
			26.3706380610002,-104.622561002,0
			26.3699475300002,-104.621259993,0
			26.3691885360001,-104.620469482,0
			26.369003276,-104.620276531,0
			26.3688426420001,-104.620088585,0
			26.38043965,-104.593856485,0
			26.3404682840002,-104.574451479,0
			26.3487705330001,-104.566244176,0
			26.3730148180001,-104.542267675,0
			26.3957614040002,-104.519759409,0
			26.412555466,-104.503029694,0
			26.4145417660001,-104.501090477,0
			26.4147264460001,-104.50099106,0
			26.4147574240001,-104.50097438,0
			26.4153380020001,-104.500747276,0
			26.4181515490001,-104.499387455,0
			26.422661999,-104.498084597,0
			26.4263905490001,-104.496222451,0
			26.4292106150001,-104.495675063,0
			26.4334189520002,-104.495401774,0
			26.4367594440002,-104.49561644,0
			26.4405541160001,-104.496012467,0
			26.4435673560002,-104.496962032,0
			26.4472342750001,-104.499828413,0
			26.4486268160001,-104.500826507,0
			26.4495828730001,-104.501435999,0
			26.4506023590001,-104.501250829,0
			26.4513430340002,-104.501159196,0
			26.453674109,-104.501348091,0
			26.4554279110002,-104.501418756,0
			26.4564442430001,-104.501153986,0
			26.4569591420001,-104.50107904,0
			26.4581965350001,-104.501211272,0
			26.460315694,-104.501951274,0
			26.4624129260002,-104.502351397,0
			26.4649808880001,-104.503061576,0
			26.465845922,-104.502828623,0
			26.466775662,-104.500182572,0
			26.46705653,-104.49755399,0
			26.4668593030001,-104.495899316,0
			26.4684752520001,-104.495280619,0
			26.4709669800001,-104.494800465,0
			26.4719982710001,-104.494216179,0
			26.4735218580001,-104.493366081,0
			26.4752772160001,-104.492017096,0
			26.4767537250001,-104.49116736,0
			26.4779947300001,-104.490293521,0
			26.4796637000001,-104.489623408,0
			26.480527631,-104.489393379,0
			26.4806916910001,-104.489349696,0
			26.4815338950002,-104.489010427,0
			26.4826261410001,-104.488668211,0
			26.4847059470001,-104.487991513,0
			26.4889745870001,-104.485992486,0
			26.493458725,-104.484514466,0
			26.4946559980001,-104.484111576,0
			26.4951902700001,-104.483139167,0
			26.4960769370002,-104.482085165,0
			26.4976683990002,-104.480867967,0
			26.4991467140001,-104.480279448,0
			26.4999384310001,-104.479898901,0
			26.5000767600001,-104.479206655,0
			26.5004316800001,-104.478979069,0
			26.501526611,-104.478511224,0
			26.50215641,-104.478109775,0
			26.5049708020002,-104.476430465,0
			26.5115553230001,-104.472909471,0
			26.5158143560001,-104.471382358,0
			26.5166195630001,-104.471626561,0
			26.517559083,-104.471475067,0
			26.5181592090001,-104.470781142,0
			26.5193960600002,-104.469339562,0
			26.5203414430002,-104.468555444,0
			26.524475486,-104.466601301,0
			26.5265151170001,-104.465637119,0
			26.5327145560001,-104.462757396,0
			26.5392869190001,-104.460023595,0
			26.5434822090001,-104.45797375,0
			26.5492448990001,-104.455469157,0
			26.5514196940001,-104.454929304,0
			26.5549252710001,-104.4540915,0
			26.5569034110002,-104.453093035,0
			26.5586556480001,-104.452816242,0
			26.5610625420002,-104.452606308,0
			26.5626748160001,-104.452273657,0
			26.565491199,-104.451200464,0
			26.5668251980002,-104.451054261,0
			26.5693538850001,-104.451264347,0
			26.5715885520002,-104.450900429,0
			26.5725903800001,-104.450415186,0
			26.5735108350001,-104.449982624,0
			26.5765185430001,-104.44870076,0
			26.5802654400001,-104.447397833,0
			26.5810533600001,-104.446513338,0
			26.58326464,-104.444675702,0
			26.5847493260001,-104.444107521,0
			26.587403796,-104.442900278,0
			26.590944118,-104.441506255,0
			26.5936213100001,-104.440804828,0
			26.596586933,-104.440056059,0
			26.598512537,-104.438835507,0
			26.599475392,-104.438233852,0
			26.6011359930002,-104.436989113,0
			26.6012912830001,-104.436833876,0
			26.6023663480001,-104.435759162,0
			26.6027911030002,-104.435334539,0
			26.6045205360002,-104.434775239,0
			26.605423553,-104.433760936,0
			26.606530332,-104.432148865,0
			26.6071458320001,-104.431411378,0
			26.6080063200001,-104.430075917,0
			26.6087028000002,-104.428970746,0
			26.6093168050001,-104.427866001,0
			26.6102181060002,-104.426438461,0
			26.6102106000001,-104.425202859,0
			26.6102345820001,-104.424849306,0
			26.6114980620002,-104.423118329,0
			26.6163317300001,-104.415420206,0
			26.6203123010002,-104.409491376,0
			26.6220560620001,-104.406982027,0
			26.6232153710001,-104.404699829,0
			26.6263692310001,-104.399381613,0
			26.627479339,-104.397352866,0
			26.6276684450001,-104.396920028,0
			26.6288820550001,-104.395281219,0
			26.629064498,-104.394393422,0
			26.6298433420002,-104.390603117,0
			26.630905333,-104.388709301,0
			26.6315415570001,-104.387436817,0
			26.6322957150002,-104.385631449,0
			26.6350867130001,-104.382723931,0
			26.6399790230001,-104.376482605,0
			26.640716491,-104.375422537,0
			26.6418095610001,-104.372002099,0
			26.6419313370002,-104.371545022,0
			26.6433739210001,-104.366322227,0
			26.645156243,-104.360803,0
			26.6464974790001,-104.356210834,0
			26.6474350940002,-104.353863692,0
			26.6484126300001,-104.351240755,0
			26.6506763470001,-104.346022859,0
			26.6517321900001,-104.343272242,0
			26.6537104140002,-104.33780164,0
			26.6555122710001,-104.333694592,0
			26.656532921,-104.33038743,0
			26.6576862640002,-104.329800875,0
			26.668902084,-104.323763786,0
			26.669350079,-104.32345079,0
			26.66979938,-104.322613806,0
			26.6707884040001,-104.322433479,0
			26.691526891,-104.312016068,0
			26.6943315400001,-104.310478415,0
			26.6964726110001,-104.308971434,0
			26.6965509620001,-104.308916287,0
			26.6994477430001,-104.306877293,0
			26.7006742850001,-104.305780258,0
			26.7017578000002,-104.305442772,0
			26.7032406400001,-104.305447147,0
			26.704299501,-104.305581306,0
			26.7056389460001,-104.306502522,0
			26.706390579,-104.307159939,0
			26.7069487740001,-104.306898209,0
			26.7071681760002,-104.306795334,0
			26.7075877240001,-104.306422639,0
			26.7108830330001,-104.303495207,0
			26.7179182030001,-104.296928134,0
			26.7254029970002,-104.28654348,0
			26.7257557610001,-104.286675521,0
			26.7263421380002,-104.287594579,0
			26.7268132300001,-104.287438619,0
			26.7272373630001,-104.287230103,0
			26.7285070730001,-104.28781032,0
			26.7291665180001,-104.287628671,0
			26.7299180020001,-104.288390944,0
			26.7304345230001,-104.288969078,0
			26.7330461860001,-104.289395813,0
			26.7342210310001,-104.290290384,0
			26.7351863420001,-104.290162027,0
			26.736198077,-104.290322158,0
			26.737161142,-104.29118995,0
			26.7382434290001,-104.291376506,0
			26.7387361040002,-104.292085702,0
			26.7396759800001,-104.292796171,0
			26.740687533,-104.293034976,0
			26.7417464590001,-104.293142841,0
			26.7433921980001,-104.293960207,0
			26.7453905690002,-104.294962118,0
			26.74640164,-104.295410687,0
			26.7470588750002,-104.296199071,0
			26.7477638420002,-104.296699214,0
			26.7487514910001,-104.297095305,0
			26.749384335,-104.29825069,0
			26.7501691850001,-104.298835781,0
			26.7506593680001,-104.299115687,0
			26.750834518,-104.299556261,0
			26.7512851160002,-104.299700389,0
			26.7519455450002,-104.299759728,0
			26.7524351100001,-104.300558164,0
			26.7526684150001,-104.301468969,0
			26.753304651,-104.302499094,0
			26.7539563750001,-104.303187942,0
			26.7543407290001,-104.303517551,0
			26.7547058820001,-104.304031251,0
			26.7554189040001,-104.304325047,0
			26.755383588,-104.304824231,0
			26.7553803430002,-104.306685841,0
			26.7557367600001,-104.307829058,0
			26.7563320720001,-104.309122627,0
			26.7562990910002,-104.310722932,0
			26.756294046,-104.311509641,0
			26.756804604,-104.31220267,0
			26.7575268450001,-104.312889539,0
			26.7593167420002,-104.313938611,0
			26.7600296030001,-104.315228828,0
			26.7600325270002,-104.316356186,0
			26.7602837200001,-104.317030587,0
			26.760736761,-104.317279602,0
			26.7633787180002,-104.313566896,0
			26.7719485760001,-104.301761938,0
			26.772521791,-104.302069906,0
			26.773795654,-104.302884112,0
			26.775828974,-104.303250051,0
			26.7786467450001,-104.303551763,0
			26.7808810760001,-104.30359155,0
			26.7836557690001,-104.303254446,0
			26.7838088450001,-104.303235848,0
			26.7850847540001,-104.304184522,0
			26.7859004580001,-104.304696813,0
			26.788759946,-104.306823048,0
			26.7916717580001,-104.306575959,0
			26.7918360410001,-104.306420196,0
			26.7922406120001,-104.305964197,0
			26.7925148480001,-104.305689886,0
			26.7928917950001,-104.305315474,0
			26.7932934390001,-104.305864708,0
			26.7934107250002,-104.307002936,0
			26.7934039090002,-104.308871556,0
			26.793487284,-104.309348763,0
			26.7935188270001,-104.309529305,0
			26.7944409500001,-104.310581705,0
			26.7949750510001,-104.311120062,0
			26.7954680070001,-104.31138072,0
			26.795968606,-104.311893307,0
			26.797075577,-104.312764676,0
			26.7976963460001,-104.313140002,0
			26.7981865810001,-104.312968342,0
			26.7983870320001,-104.313801222,0
			26.798481559,-104.314725029,0
			26.7986454800002,-104.315241611,0
			26.7990695300001,-104.315306577,0
			26.79959087,-104.314628372,0
			26.800677166,-104.313946763,0
			26.802046277,-104.313403798,0
			26.8052297740001,-104.309141335,0
			26.8062775260001,-104.306296465,0
			26.8071121860001,-104.303931773,0
			26.8080315700001,-104.300676434,0
			26.8085987990001,-104.299169547,0
			26.8097847930002,-104.299413969,0
			26.8102559060001,-104.297712112,0
			26.81008259,-104.296895148,0
			26.8107268410001,-104.295978772,0
			26.8103837990001,-104.295068468,0
			26.8107755720002,-104.294436798,0
			26.8114817160001,-104.294621212,0
			26.8118744360002,-104.294178313,0
			26.8113071320001,-104.293552561,0
			26.8115874810001,-104.293204733,0
			26.8132227640002,-104.293037304,0
			26.8137292550001,-104.292782457,0
			26.814093284,-104.292245322,0
			26.8146269910001,-104.291757767,0
			26.8152331250001,-104.291793342,0
			26.8156050010002,-104.291615975,0
			26.8157678190001,-104.291538319,0
			26.8159033380001,-104.290436236,0
			26.8154620740002,-104.289646371,0
			26.8152201820002,-104.289213389,0
			26.8152145740001,-104.288098505,0
			26.8152130000001,-104.287786007,0
			26.815210205,-104.287231223,0
			26.8152048100002,-104.286161485,0
			26.815655345,-104.286001352,0
			26.8161356750002,-104.286155668,0
			26.8167348720001,-104.287504893,0
			26.8165754350002,-104.289456667,0
			26.8165283360001,-104.291313348,0
			26.8166172100002,-104.292162336,0
			26.81683873,-104.292314212,0
			26.817153923,-104.292631682,0
			26.8174856090001,-104.293030388,0
			26.8177510190001,-104.294888058,0
			26.8182331660001,-104.293378643,0
			26.8197405820001,-104.291023431,0
			26.8201078580001,-104.290168091,0
			26.8203011360001,-104.289484453,0
			26.8204997560001,-104.288848692,0
			26.8222790200002,-104.286959948,0
			26.8235378730001,-104.285623584,0
			26.8243877530001,-104.28450611,0
			26.8253141550001,-104.283619245,0
			26.8285766990002,-104.281710727,0
			26.8310303220001,-104.280868553,0
			26.8329771580002,-104.28105764,0
			26.8338656240002,-104.281250059,0
			26.8356438120001,-104.281882408,0
			26.8362839490002,-104.281234832,0
			26.837209479,-104.279991397,0
			26.838865625,-104.277940387,0
			26.8397025100001,-104.27672222,0
			26.8402305480001,-104.275852525,0
			26.8406711010001,-104.275230908,0
			26.8410887070002,-104.274460919,0
			26.8414206120001,-104.274285534,0
			26.8422795240002,-104.273042411,0
			26.8418948570001,-104.272847575,0
			26.8411910660002,-104.272537838,0
			26.8408719730002,-104.27196971,0
			26.8404225990001,-104.271878027,0
			26.839918094,-104.271725416,0
			26.8393021960001,-104.271281404,0
			26.8388697670001,-104.271106617,0
			26.8385733320001,-104.270627067,0
			26.8389756430001,-104.269889372,0
			26.8387514780001,-104.269445259,0
			26.8382177250001,-104.269201159,0
			26.8384584470001,-104.268556057,0
			26.8383226370001,-104.268037126,0
			26.8380312650002,-104.267469692,0
			26.837229343,-104.266856036,0
			26.8363076000001,-104.266594775,0
			26.8359590710001,-104.265775121,0
			26.8349862420002,-104.264980838,0
			26.8338250190001,-104.264647884,0
			26.8325139270002,-104.263952064,0
			26.8322108950001,-104.263565916,0
			26.8317144910001,-104.262933367,0
			26.8313787360001,-104.262505531,0
			26.8311625780001,-104.262177894,0
			26.8303804900001,-104.261393985,0
			26.8224291990001,-104.257090301,0
			26.8115474300001,-104.251201547,0
			26.810983633,-104.251370321,0
			26.8102513490001,-104.251350374,0
			26.810152567,-104.251342549,0
			26.809661812,-104.251342544,0
			26.80899648,-104.251396393,0
			26.8085048950001,-104.250945427,0
			26.7851860600001,-104.232476286,0
			26.7793799690001,-104.227730372,0
			26.7793076780001,-104.227671285,0
			26.7771536310001,-104.22780884,0
			26.7750094800001,-104.199994508,0
			26.7735720030001,-104.183935897,0
			26.766713558,-104.149464299,0
			26.7633882540001,-104.132816912,0
			26.751452155,-104.073329101,0
			26.7481582920001,-104.056933209,0
			26.7429765310001,-104.045737816,0
			26.7496320690001,-104.041604093,0
			26.750177832,-104.041412937,0
			26.754764333,-104.040067008,0
			26.774391489,-104.033190618,0
			26.777058968,-104.000841964,0
			26.7775402660001,-103.994995488,0
			26.7770437660002,-103.994526715,0
			26.7763628540002,-103.993883743,0
			26.7536104230001,-103.993832829,0
			26.753878037,-103.951658807,0
			26.7539241610002,-103.944177696,0
			26.7539949890001,-103.932577474,0
			26.7527296490001,-103.927753422,0
			26.754906119,-103.900463728,0
			26.75491802,-103.881188289,0
			26.7526418480002,-103.869346915,0
			26.7518704700001,-103.866515476,0
			26.7510667020001,-103.863622213,0
			26.7504208100001,-103.861297411,0
			26.7540945740001,-103.861298494,0
			26.749963619,-103.838138051,0
			26.725256378,-103.699094105,0
			26.7215697450001,-103.682020458,0
			26.7203705800001,-103.668352748,0
			26.7194839540001,-103.658255999,0
			26.690158492,-103.643891452,0
			26.693435767,-103.636982429,0
			26.6925649110001,-103.636962917,0
			26.6892079130001,-103.62715437,0
			26.6827752550001,-103.608365734,0
			26.6414892670002,-103.487977844,0
			26.6167356940001,-103.415963776,0
			26.602354888,-103.374183492,0
			26.554386596,-103.362721851,0
			26.4417358120002,-103.335841386,0
			26.4101208470001,-103.328306682,0
			26.3770262400002,-103.320423641,0
			26.376485394,-103.32029485,0
			26.3652967540001,-103.317630766,0
			26.3652757700002,-103.31762577,0
			26.3617761850001,-103.316792601,0
			26.2875909490002,-103.262904192,0
			26.2847268190001,-103.260825263,0
			26.2543590660001,-103.279975237,0
			26.2299189220001,-103.295379252,0
			26.1737639900001,-103.330745346,0
			26.1423899590002,-103.350488218,0
			26.0948027900002,-103.34979048,0
			26.046304166,-103.349079938,0
			26.0396545260002,-103.348982559,0
			26.036810874,-103.348940918,0
			26.0367009230001,-103.348939309,0
			26.0177397250001,-103.348661709,0
			26.0139780250001,-103.348606646,0
			25.9658279970001,-103.347902139,0
			25.9610686390002,-103.347832533,0
			25.9504253440002,-103.347676892,0
			25.938726129,-103.347505841,0
			25.9292315010001,-103.347367047,0
			25.917120566,-103.347190039,0
			25.910590327,-103.34709461,0
			25.9001338010001,-103.346941826,0
			25.8898984920001,-103.346792299,0
			25.8835801580001,-103.346700008,0
			25.8835322,-103.346699308,0
			25.8769423460001,-103.346605253,0
			25.8606993970001,-103.34636587,0
			25.8603043830001,-103.346360102,0
			25.8576549730001,-103.345164148,0
			25.8575051970001,-103.34508803,0
			25.8572909830002,-103.345022347,0
			25.8569053080001,-103.344952409,0
			25.856069362,-103.344827045,0
			25.8550106810001,-103.344650057,0
			25.8549768890002,-103.344644408,0
			25.8538392620001,-103.344487709,0
			25.8530274350002,-103.344360502,0
			25.8522885570001,-103.344175171,0
			25.8512282110001,-103.343714919,0
			25.8508863410001,-103.343531857,0
			25.8502156210002,-103.343106752,0
			25.8497455500001,-103.342762358,0
			25.8494239550001,-103.342496822,0
			25.8487273640001,-103.341794008,0
			25.8478526920002,-103.340912006,0
			25.8472148220002,-103.340251134,0
			25.8462537290001,-103.339282228,0
			25.8452438450001,-103.338243322,0
			25.8447280040001,-103.337723981,0
			25.844279309,-103.337276659,0
			25.844130562,-103.337116524,0
			25.843935907,-103.336975206,0
			25.8436775190002,-103.336836871,0
			25.8433920630001,-103.336725403,0
			25.8431325090002,-103.336658952,0
			25.8425904240002,-103.336529121,0
			25.838737074,-103.336006116,0
			25.831663016,-103.331666602,0
			25.8250823040001,-103.322889041,0
			25.8219461240002,-103.321612613,0
			25.81949231,-103.320578421,0
			25.8148015210001,-103.31891779,0
			25.8127012890001,-103.318587658,0
			25.806310684,-103.318781545,0
			25.8061009840001,-103.31890898,0
			25.8049289940001,-103.319347654,0
			25.8046487430001,-103.319351896,0
			25.802729847,-103.320114428,0
			25.801927613,-103.321273665,0
			25.8017626940002,-103.321511969,0
			25.8013720020002,-103.322076507,0
			25.8011089870002,-103.322456552,0
			25.800656083,-103.322755916,0
			25.7999294270001,-103.323031107,0
			25.7990519970002,-103.322980217,0
			25.7983601280002,-103.322803255,0
			25.7980481540001,-103.322768962,0
			25.7979673650001,-103.321149049,0
			25.7961911190001,-103.321666787,0
			25.7958459700002,-103.321767388,0
			25.7927205130001,-103.322978169,0
			25.7921783200001,-103.323192647,0
			25.7867921420001,-103.323214144,0
			25.7842127040001,-103.322973961,0
			25.7837363950002,-103.323056306,0
			25.7827090380002,-103.32340046,0
			25.7824104360001,-103.323764975,0
			25.782175971,-103.324055964,0
			25.7817695350001,-103.324555749,0
			25.7810919140001,-103.325391797,0
			25.779951473,-103.325570045,0
			25.7724155580001,-103.326747808,0
			25.7720893690002,-103.326709406,0
			25.7717937250001,-103.326678829,0
			25.771697826,-103.32666806,0
			25.771058006,-103.326596214,0
			25.7708508910002,-103.326562578,0
			25.769865527,-103.326578969,0
			25.7698550420001,-103.326579143,0
			25.7695819630002,-103.326477013,0
			25.7645927860001,-103.326354366,0
			25.7632645490001,-103.326321712,0
			25.7621413580001,-103.3262941,0
			25.7604454940002,-103.326393422,0
			25.7529087700001,-103.328933758,0
			25.7518929790002,-103.329275089,0
			25.7432660250001,-103.332180026,0
			25.742816795,-103.332331282,0
			25.7387339800002,-103.333706025,0
			25.738264196,-103.333886346,0
			25.7353470420001,-103.335006027,0
			25.7311517860001,-103.336616176,0
			25.7310470100001,-103.336656387,0
			25.7272587750001,-103.338110515,0
			25.7261668020001,-103.338741708,0
			25.7260175320001,-103.338839468,0
			25.7254036540002,-103.339241509,0
			25.7253319680001,-103.339288457,0
			25.724034472,-103.340289188,0
			25.723770282,-103.340527916,0
			25.7234701850002,-103.340896561,0
			25.7233009400001,-103.341073421,0
			25.7229646930001,-103.341616474,0
			25.7228755150002,-103.341879623,0
			25.7218553550001,-103.344832931,0
			25.72010557,-103.348956164,0
			25.7198207770002,-103.349590044,0
			25.7195296620001,-103.350147591,0
			25.7192247640002,-103.350717221,0
			25.7186927270001,-103.351392519,0
			25.7185579440001,-103.351512214,0
			25.7183562640001,-103.351708794,0
			25.7180581200001,-103.351931972,0
			25.7177941850002,-103.35210849,0
			25.71737675,-103.352316681,0
			25.7165530860001,-103.352836061,0
			25.7164892980001,-103.352710497,0
			25.7164829700001,-103.352698231,0
			25.712998339,-103.347602826,0
			25.7129692490001,-103.347560292,0
			25.7129605440002,-103.347548201,0
			25.7102996960001,-103.343852681,0
			25.709402321,-103.342606426,0
			25.7086228760001,-103.341524384,0
			25.7079039820001,-103.339394484,0
			25.7076048230002,-103.339436891,0
			25.7065423160001,-103.340141551,0
			25.706298706,-103.34029277,0
			25.7058527190001,-103.340298956,0
			25.705520393,-103.340225601,0
			25.7050214120002,-103.34118586,0
			25.704523408,-103.342232774,0
			25.7034313670002,-103.346234532,0
			25.70188525,-103.351715785,0
			25.701422962,-103.352458802,0
			25.7006523010001,-103.353682717,0
			25.699860034,-103.354990856,0
			25.6994625830001,-103.354617007,0
			25.6966652040002,-103.352163793,0
			25.6948393620001,-103.350562478,0
			25.6934439350002,-103.349213714,0
			25.6929371320001,-103.35055042,0
			25.692866316,-103.350784563,0
			25.6927838440002,-103.351099722,0
			25.6927487040001,-103.351244778,0
			25.692713564,-103.351389833,0
			25.6926784230001,-103.351534888,0
			25.6926432830002,-103.351679943,0
			25.6926081430001,-103.351824997,0
			25.6925730020001,-103.351970052,0
			25.6925378610002,-103.352115107,0
			25.69250272,-103.352260162,0
			25.692467579,-103.352405216,0
			25.6924324370002,-103.352550271,0
			25.692397296,-103.352695325,0
			25.6923621540001,-103.35284038,0
			25.6923098150001,-103.353037261,0
			25.6922441620001,-103.353241906,0
			25.6921900690002,-103.353379676,0
			25.6921359750002,-103.353517446,0
			25.69208188,-103.353655217,0
			25.6920277870001,-103.353792986,0
			25.691973693,-103.353930757,0
			25.6919195980001,-103.354068527,0
			25.691865504,-103.354206296,0
			25.6918114090001,-103.354344066,0
			25.6917573150001,-103.354481836,0
			25.6917032200001,-103.354619604,0
			25.6916491260001,-103.354757374,0
			25.6915950310001,-103.354895142,0
			25.6915409350001,-103.355032912,0
			25.6914868410001,-103.355170681,0
			25.691432745,-103.355308449,0
			25.6913869480001,-103.355425085,0
			25.6913786500001,-103.355446218,0
			25.6913245540001,-103.355583987,0
			25.6912704580002,-103.355721755,0
			25.691208286,-103.355865762,0
			25.6911407480001,-103.356015624,0
			25.691074848,-103.356146982,0
			25.691008948,-103.356278339,0
			25.6909430480001,-103.356409696,0
			25.6908771480001,-103.356541053,0
			25.690811248,-103.35667241,0
			25.6907453470002,-103.356803766,0
			25.690679447,-103.356935123,0
			25.6906135460002,-103.35706648,0
			25.6905476460001,-103.357197836,0
			25.690469035,-103.357332475,0
			25.6903965590001,-103.357446843,0
			25.6903115740001,-103.357564091,0
			25.6902265900002,-103.357681339,0
			25.6901416060001,-103.357798587,0
			25.6900566210001,-103.357915834,0
			25.689971636,-103.358033082,0
			25.6898866510002,-103.358150329,0
			25.6898016660002,-103.358267577,0
			25.6896715550001,-103.358447082,0
			25.6895846770001,-103.358562627,0
			25.6894978000001,-103.358678172,0
			25.6894109220001,-103.358793718,0
			25.6893240440001,-103.358909262,0
			25.6892371660002,-103.359024807,0
			25.6891502890002,-103.359140351,0
			25.6890634110001,-103.359255896,0
			25.6889765340001,-103.359371441,0
			25.6888620890002,-103.359486346,0
			25.6887283630001,-103.359587795,0
			25.6886016890001,-103.359642562,0
			25.6884750170001,-103.359697328,0
			25.6883483430001,-103.359752095,0
			25.6882216700002,-103.359806862,0
			25.6880949970001,-103.359861628,0
			25.6879683240002,-103.359916394,0
			25.6878416500002,-103.35997116,0
			25.6877149770001,-103.360025926,0
			25.687588304,-103.360080691,0
			25.6874616310001,-103.360135457,0
			25.6872896970001,-103.360209791,0
			25.6871584660001,-103.360249382,0
			25.6870272340001,-103.360288975,0
			25.6868960030002,-103.360328567,0
			25.6867647720001,-103.360368158,0
			25.6866335410002,-103.36040775,0
			25.6865023090001,-103.360447343,0
			25.686371078,-103.360486934,0
			25.6862398470001,-103.360526525,0
			25.686108615,-103.360566117,0
			25.6859773840001,-103.360605708,0
			25.6858461520001,-103.3606453,0
			25.6857149210002,-103.360684891,0
			25.6855836890001,-103.360724483,0
			25.685452458,-103.360764074,0
			25.6852737110001,-103.360806266,0
			25.6851001860002,-103.360857049,0
			25.6849663700002,-103.360884119,0
			25.684832552,-103.360911189,0
			25.684698736,-103.360938259,0
			25.6845649180001,-103.36096533,0
			25.6844311010001,-103.3609924,0
			25.684297284,-103.361019471,0
			25.684163467,-103.36104654,0
			25.684029649,-103.361073611,0
			25.6838958330001,-103.36110068,0
			25.6837620150001,-103.36112775,0
			25.6836281980001,-103.36115482,0
			25.6834943810001,-103.36118189,0
			25.6833605640001,-103.361208961,0
			25.6832267460001,-103.361236031,0
			25.6830929290001,-103.361263101,0
			25.6829591110001,-103.36129017,0
			25.6828252940001,-103.36131724,0
			25.682667886,-103.361349082,0
			25.6825343410001,-103.361377743,0
			25.6824007960001,-103.361406405,0
			25.682267251,-103.361435066,0
			25.6821337060001,-103.361463728,0
			25.6820001610001,-103.361492389,0
			25.6818666160001,-103.361521051,0
			25.6817330710001,-103.361549712,0
			25.6815995260001,-103.361578373,0
			25.6814659810001,-103.361607034,0
			25.681332436,-103.361635696,0
			25.6811988910001,-103.361664356,0
			25.6810653460001,-103.361693018,0
			25.6809318000001,-103.361721678,0
			25.6807982550001,-103.361750339,0
			25.68066471,-103.361779,0
			25.680531165,-103.361807661,0
			25.6803976200001,-103.361836321,0
			25.6802640740001,-103.361864982,0
			25.6801305290001,-103.361893642,0
			25.6799969840002,-103.361922302,0
			25.6798634390001,-103.361950962,0
			25.679729893,-103.361979622,0
			25.679543179,-103.362019693,0
			25.6794114400001,-103.362057172,0
			25.6792797000002,-103.362094652,0
			25.679147959,-103.362132132,0
			25.6790162200001,-103.362169611,0
			25.6788844800001,-103.362207089,0
			25.6787527400001,-103.362244568,0
			25.6786210000002,-103.362282048,0
			25.6784892600002,-103.362319526,0
			25.6783575200001,-103.362357004,0
			25.67822578,-103.362394484,0
			25.678094039,-103.362431962,0
			25.6779623,-103.36246944,0
			25.6778305600002,-103.362506919,0
			25.677698819,-103.362544397,0
			25.6775670790001,-103.362581876,0
			25.6774353390001,-103.362619354,0
			25.677303599,-103.362656832,0
			25.677171858,-103.362694309,0
			25.6769953690001,-103.36273608,0
			25.6768042170001,-103.362785312,0
			25.6766700070002,-103.362809907,0
			25.6765357980001,-103.3628345,0
			25.6764015880001,-103.362859094,0
			25.6762673780001,-103.362883689,0
			25.6761331690001,-103.362908282,0
			25.6759989590001,-103.362932876,0
			25.6758647490001,-103.362957471,0
			25.675730539,-103.362982065,0
			25.6755290140002,-103.363018994,0
			25.6753953640001,-103.363047057,0
			25.6752617150001,-103.363075122,0
			25.6751280650001,-103.363103185,0
			25.6749944150001,-103.363131248,0
			25.6748269960001,-103.363166402,0
			25.6746987090001,-103.363216384,0
			25.6745704220001,-103.363266366,0
			25.674442135,-103.363316348,0
			25.674246957,-103.363392391,0
			25.6741266800001,-103.363462551,0
			25.674006403,-103.363532712,0
			25.673886125,-103.363602872,0
			25.673765849,-103.363673031,0
			25.6735955020001,-103.363772398,0
			25.6734786370001,-103.363849263,0
			25.6733617740001,-103.363926127,0
			25.6732449100002,-103.364002991,0
			25.6731280460001,-103.364079856,0
			25.673011182,-103.36415672,0
			25.6727850600001,-103.364305446,0
			25.6726637910002,-103.364373496,0
			25.6725425220001,-103.364441546,0
			25.6724212540001,-103.364509596,0
			25.6722999850001,-103.364577645,0
			25.6721787170002,-103.364645694,0
			25.6719707990002,-103.364762366,0
			25.6718566510002,-103.364844048,0
			25.6717425030001,-103.364925729,0
			25.6716283550001,-103.365007411,0
			25.6715142060002,-103.365089092,0
			25.6714000590001,-103.365170773,0
			25.6712859100001,-103.365252454,0
			25.6711717620001,-103.365334135,0
			25.6710576130001,-103.365415816,0
			25.6709434640002,-103.365497497,0
			25.670772132,-103.365620096,0
			25.6706611680001,-103.365706957,0
			25.670550205,-103.365793818,0
			25.6704392410001,-103.365880678,0
			25.6703282770002,-103.365967539,0
			25.6702173140001,-103.366054399,0
			25.6701063510001,-103.366141259,0
			25.669995387,-103.366228118,0
			25.669884423,-103.366314979,0
			25.6697734590001,-103.366401838,0
			25.6696624950002,-103.366488698,0
			25.6695515320001,-103.366575556,0
			25.6694405670001,-103.366662416,0
			25.6693296030002,-103.366749275,0
			25.6691142210001,-103.366917868,0
			25.669003434,-103.367005004,0
			25.6688926480002,-103.367092138,0
			25.6687818610001,-103.367179271,0
			25.6686710750002,-103.367266405,0
			25.668560288,-103.36735354,0
			25.6684495010002,-103.367440673,0
			25.6683387140001,-103.367527806,0
			25.6682279280002,-103.367614939,0
			25.6681171400001,-103.367702072,0
			25.6680063530001,-103.367789205,0
			25.6678955660001,-103.367876338,0
			25.667784779,-103.36796347,0
			25.667673992,-103.368050604,0
			25.6675632050002,-103.368137736,0
			25.6673475590001,-103.368307337,0
			25.66723612,-103.368393451,0
			25.6671246820001,-103.368479566,0
			25.6670132430002,-103.36856568,0
			25.6669018040001,-103.368651795,0
			25.6667903640001,-103.368737909,0
			25.666678925,-103.368824023,0
			25.6665376970001,-103.36893323,0
			25.66637094,-103.369089003,0
			25.6662722080001,-103.369192286,0
			25.6661734750001,-103.369295569,0
			25.6660747440001,-103.369398851,0
			25.665976012,-103.369502132,0
			25.6658772790001,-103.369605415,0
			25.6657785470001,-103.369708696,0
			25.6656798150001,-103.369811977,0
			25.6655810820001,-103.369915259,0
			25.6654823490002,-103.37001854,0
			25.665383616,-103.37012182,0
			25.6652848830001,-103.370225101,0
			25.6651861500001,-103.370328381,0
			25.6650874170002,-103.370431661,0
			25.6649886830002,-103.370534941,0
			25.6648892710001,-103.370638932,0
			25.664796251,-103.370748479,0
			25.6647032310001,-103.370858026,0
			25.66461021,-103.370967573,0
			25.664517189,-103.371077119,0
			25.664424169,-103.371186666,0
			25.664331148,-103.371296212,0
			25.6642381280001,-103.371405758,0
			25.664145107,-103.371515304,0
			25.6640520870001,-103.37162485,0
			25.6639590660001,-103.371734395,0
			25.6638660450002,-103.371843941,0
			25.663773024,-103.371953486,0
			25.6636800020001,-103.372063031,0
			25.663586981,-103.372172576,0
			25.6634923450002,-103.372315035,0
			25.6633815060001,-103.372462009,0
			25.6633121440001,-103.372591149,0
			25.6632427820001,-103.37272029,0
			25.6631734190001,-103.372849431,0
			25.6631040560001,-103.372978572,0
			25.6630346930002,-103.373107712,0
			25.6629653300002,-103.373236852,0
			25.662895967,-103.373365992,0
			25.662826604,-103.373495132,0
			25.6627572400002,-103.373624272,0
			25.6626878760001,-103.373753412,0
			25.6626185140001,-103.373882551,0
			25.6625491500002,-103.374011691,0
			25.6624797860001,-103.37414083,0
			25.6624104220001,-103.37426997,0
			25.662341058,-103.374399109,0
			25.6622716940001,-103.374528247,0
			25.6622023300001,-103.374657386,0
			25.6621329650001,-103.374786525,0
			25.6620636010001,-103.374915664,0
			25.6619942360001,-103.375044802,0
			25.661924872,-103.37517394,0
			25.6618555070001,-103.375303078,0
			25.6617861420001,-103.375432216,0
			25.6617167770002,-103.375561354,0
			25.661647412,-103.375690492,0
			25.661578047,-103.375819629,0
			25.6615086820001,-103.375948766,0
			25.661439316,-103.376077904,0
			25.6613699500002,-103.376207041,0
			25.6612970230001,-103.376341229,0
			25.6611856730001,-103.376501555,0
			25.6610979570001,-103.376616303,0
			25.6610102410002,-103.37673105,0
			25.6609225250002,-103.376845798,0
			25.6608348080001,-103.376960545,0
			25.6607470930001,-103.377075292,0
			25.6606593760001,-103.377190039,0
			25.6605716590001,-103.377304785,0
			25.660483942,-103.377419532,0
			25.6603962250001,-103.377534278,0
			25.6603085080001,-103.377649024,0
			25.660220791,-103.37776377,0
			25.6601330730001,-103.377878516,0
			25.6600453560001,-103.377993261,0
			25.6599576390001,-103.378108006,0
			25.6598699210001,-103.378222751,0
			25.6597822030001,-103.378337497,0
			25.6596529850001,-103.378506529,0
			25.6595631920001,-103.378619303,0
			25.6594734000001,-103.378732077,0
			25.659383607,-103.37884485,0
			25.6592938140001,-103.378957625,0
			25.6592040210001,-103.379070398,0
			25.6591142290001,-103.379183171,0
			25.659024436,-103.379295944,0
			25.6589346420001,-103.379408718,0
			25.658844849,-103.37952149,0
			25.6587550560001,-103.379634263,0
			25.6586652630001,-103.379747035,0
			25.6585754690001,-103.379859807,0
			25.6584856750002,-103.37997258,0
			25.6583958820001,-103.380085352,0
			25.6583060880001,-103.380198124,0
			25.6582162940002,-103.380310895,0
			25.6581265,-103.380423667,0
			25.6579998030001,-103.380572778,0
			25.6578633640001,-103.380724386,0
			25.6577609720001,-103.380823229,0
			25.65765858,-103.380922071,0
			25.6575561870002,-103.381020914,0
			25.657453795,-103.381119756,0
			25.6573514030001,-103.381218598,0
			25.65724901,-103.38131744,0
			25.6571466180001,-103.381416282,0
			25.6570442260002,-103.381515124,0
			25.6569418330001,-103.381613965,0
			25.656839441,-103.381712807,0
			25.6567370480001,-103.381811648,0
			25.6566346550001,-103.381910489,0
			25.656532263,-103.382009331,0
			25.6564298700001,-103.382108171,0
			25.6562945590001,-103.382238787,0
			25.6561863880001,-103.382329827,0
			25.656078216,-103.382420867,0
			25.655970045,-103.382511907,0
			25.655861874,-103.382602946,0
			25.6557537020001,-103.382693985,0
			25.6556455300001,-103.382785023,0
			25.6555373580002,-103.382876063,0
			25.6554291860001,-103.382967101,0
			25.6553173990002,-103.383040928,0
			25.6551550270001,-103.383128672,0
			25.6550241480002,-103.383169659,0
			25.654893268,-103.383210645,0
			25.654762388,-103.383251631,0
			25.654631508,-103.383292618,0
			25.6545006280001,-103.383333604,0
			25.6543697470001,-103.38337459,0
			25.6541480680002,-103.38344401,0
			25.6540153440002,-103.383476998,0
			25.65388262,-103.383509984,0
			25.653749895,-103.38354297,0
			25.653617171,-103.383575956,0
			25.6534471580001,-103.383608483,0
			25.653253955,-103.383637968,0
			25.6531179970001,-103.383643499,0
			25.6529820390001,-103.383649031,0
			25.6528460810002,-103.383654562,0
			25.652710124,-103.383660093,0
			25.6525741660001,-103.383665624,0
			25.6524511000001,-103.383649557,0
			25.6522988700001,-103.383645257,0
			25.6521648950001,-103.383619139,0
			25.6520309200001,-103.383593023,0
			25.6518969450001,-103.383566906,0
			25.6517629700002,-103.383540789,0
			25.6516289950002,-103.383514672,0
			25.65149502,-103.383488555,0
			25.651361045,-103.383462438,0
			25.6512270700001,-103.383436321,0
			25.651008765,-103.383383532,0
			25.6508348860002,-103.38334901,0
			25.6507029380001,-103.383312428,0
			25.6505709900001,-103.383275845,0
			25.6504390420001,-103.383239263,0
			25.6503070940001,-103.38320268,0
			25.650175147,-103.383166099,0
			25.6500431990001,-103.383129517,0
			25.6499112510002,-103.383092935,0
			25.6497793010001,-103.383056352,0
			25.6496473550002,-103.383019771,0
			25.6495154070001,-103.382983189,0
			25.649383459,-103.382946607,0
			25.6492515100001,-103.382910025,0
			25.6491195630001,-103.382873444,0
			25.6489876150001,-103.382836862,0
			25.6488556660001,-103.38280028,0
			25.648723718,-103.382763699,0
			25.6485917700002,-103.382727117,0
			25.6484598220001,-103.382690536,0
			25.6483278730001,-103.382653954,0
			25.648195925,-103.382617373,0
			25.6480639770001,-103.382580792,0
			25.647932029,-103.382544211,0
			25.64780008,-103.38250763,0
			25.6476681320001,-103.382471049,0
			25.647536184,-103.382434468,0
			25.6474042360001,-103.382397887,0
			25.6472722870001,-103.382361306,0
			25.6470954710001,-103.382312287,0
			25.646967767,-103.382260523,0
			25.646840062,-103.38220876,0
			25.6467123590002,-103.382156997,0
			25.646584654,-103.382105235,0
			25.6464569500001,-103.382053471,0
			25.6463292450001,-103.382001708,0
			25.646201541,-103.381949945,0
			25.646073836,-103.381898183,0
			25.6459461310002,-103.38184642,0
			25.645818428,-103.381794658,0
			25.6456907220001,-103.381742895,0
			25.6455630170001,-103.381691133,0
			25.645435313,-103.381639372,0
			25.6453076080001,-103.38158761,0
			25.645179903,-103.381535848,0
			25.645052198,-103.381484087,0
			25.6449244940001,-103.381432325,0
			25.6447967890001,-103.381380564,0
			25.644603482,-103.381302213,0
			25.6444743440002,-103.381254978,0
			25.6443452050001,-103.381207743,0
			25.6442160670001,-103.381160509,0
			25.6440869280001,-103.381113274,0
			25.6439577910002,-103.381066039,0
			25.6438286520001,-103.381018804,0
			25.6436995130001,-103.38097157,0
			25.6435703750001,-103.380924336,0
			25.6434442300001,-103.380895857,0
			25.6432926250002,-103.380857222,0
			25.643157257,-103.380842187,0
			25.643021891,-103.380827153,0
			25.6428865240001,-103.380812118,0
			25.6427511580001,-103.380797083,0
			25.6426157900001,-103.380782048,0
			25.6424499510001,-103.380763629,0
			25.6423141230001,-103.380755042,0
			25.6421782940001,-103.380746457,0
			25.6419829320001,-103.380734108,0
			25.641847249,-103.380745139,0
			25.6417115650002,-103.380756171,0
			25.641448585,-103.380777552,0
			25.641315499,-103.380808716,0
			25.6411824120001,-103.380839879,0
			25.6410493260001,-103.380871043,0
			25.640894713,-103.380916751,0
			25.6407457370001,-103.381019259,0
			25.6406448880001,-103.381120003,0
			25.6405440390001,-103.381220746,0
			25.6404431890002,-103.381321489,0
			25.6403423400001,-103.381422233,0
			25.640257433,-103.381531106,0
			25.6401728500001,-103.38166984,0
			25.640115157,-103.381805768,0
			25.640057465,-103.381941694,0
			25.6399997730001,-103.382077622,0
			25.6399427750001,-103.382249326,0
			25.639914344,-103.382409224,0
			25.6399060740001,-103.382559036,0
			25.6398978050001,-103.382708848,0
			25.6398895350002,-103.38285866,0
			25.639881265,-103.383008472,0
			25.6398878060001,-103.383189601,0
			25.6398933570001,-103.383364429,0
			25.6399169380001,-103.383512246,0
			25.63994052,-103.383660064,0
			25.6399641010001,-103.383807882,0
			25.639987682,-103.3839557,0
			25.6400112630001,-103.384103517,0
			25.6400385250001,-103.384274406,0
			25.6400707580001,-103.384420223,0
			25.6401029900002,-103.38456604,0
			25.640135222,-103.384711857,0
			25.6401674540002,-103.384857674,0
			25.6401996860002,-103.385003491,0
			25.6402319170001,-103.385149307,0
			25.640264148,-103.385295124,0
			25.6402963790001,-103.385440941,0
			25.6403608170001,-103.385680913,0
			25.6404080430001,-103.385867016,0
			25.640456527,-103.386007252,0
			25.64050501,-103.386147488,0
			25.640553493,-103.386287725,0
			25.6406019760001,-103.386427961,0
			25.6406504590001,-103.386568198,0
			25.6406989420001,-103.386708434,0
			25.6407474250001,-103.386848671,0
			25.6407959080001,-103.386988909,0
			25.64084439,-103.387129145,0
			25.6408928740001,-103.387269382,0
			25.6409413560001,-103.387409619,0
			25.6410284190001,-103.387628387,0
			25.6411034010001,-103.387815815,0
			25.6411702180002,-103.387946558,0
			25.6412370350001,-103.388077301,0
			25.6413038520001,-103.388208044,0
			25.641370669,-103.388338788,0
			25.6414374860001,-103.388469532,0
			25.6415043020001,-103.388600275,0
			25.6415711180001,-103.388731019,0
			25.6416379350001,-103.388861763,0
			25.6417047510001,-103.388992507,0
			25.6417715670001,-103.389123251,0
			25.641838384,-103.389253996,0
			25.6419051990002,-103.38938474,0
			25.642010697,-103.38956228,0
			25.6421017770001,-103.389731901,0
			25.642182629,-103.389852613,0
			25.642263482,-103.389973325,0
			25.6423443350001,-103.390094037,0
			25.642425189,-103.39021475,0
			25.6425060410002,-103.390335463,0
			25.6425868930001,-103.390456175,0
			25.6426677460001,-103.390576889,0
			25.6427485990001,-103.390697602,0
			25.6428294510001,-103.390818316,0
			25.6429653050001,-103.391021147,0
			25.6430371750002,-103.39114859,0
			25.643109044,-103.391276031,0
			25.643180913,-103.391403474,0
			25.643252782,-103.391530916,0
			25.6433246500001,-103.391658359,0
			25.6433965190001,-103.391785801,0
			25.6434683880001,-103.391913244,0
			25.6435402570001,-103.392040688,0
			25.6436121250002,-103.39216813,0
			25.6436839940002,-103.392295574,0
			25.6437558620001,-103.392423017,0
			25.6438277300002,-103.392550461,0
			25.6438995980001,-103.392677904,0
			25.6439714660002,-103.392805348,0
			25.6440433340001,-103.392932792,0
			25.6441152020001,-103.393060236,0
			25.6441870690001,-103.393187681,0
			25.6442589360001,-103.393315125,0
			25.6443388970001,-103.393475075,0
			25.6444136400002,-103.393629828,0
			25.644468368,-103.393767243,0
			25.644523097,-103.393904659,0
			25.6445778250001,-103.394042073,0
			25.6446325530001,-103.394179489,0
			25.6446872820001,-103.394316905,0
			25.644742009,-103.39445432,0
			25.6447967370001,-103.394591736,0
			25.644851465,-103.394729152,0
			25.6449061920001,-103.394866568,0
			25.6449785050001,-103.395068116,0
			25.6450464680001,-103.395252254,0
			25.6450898040001,-103.395394531,0
			25.6451331400002,-103.395536809,0
			25.6451764760002,-103.395679086,0
			25.6452198120001,-103.395821364,0
			25.6452631480001,-103.395963641,0
			25.645338333,-103.396210487,0
			25.6453769130002,-103.396354422,0
			25.6454154920001,-103.396498355,0
			25.6454540720001,-103.39664229,0
			25.6454926510002,-103.396786225,0
			25.6455312300001,-103.39693016,0
			25.6455698090002,-103.397074095,0
			25.645608388,-103.39721803,0
			25.6456656970001,-103.397431847,0
			25.6456939,-103.397578682,0
			25.6457221040001,-103.397725517,0
			25.6457503080001,-103.397872352,0
			25.6457785110002,-103.398019189,0
			25.645806715,-103.398166024,0
			25.645834919,-103.39831286,0
			25.6458631220002,-103.398459695,0
			25.6459038810001,-103.398671903,0
			25.6459154530002,-103.398821454,0
			25.645927025,-103.398971006,0
			25.6459385960002,-103.399120559,0
			25.6460598350002,-103.400009451,0
			25.6460087880001,-103.400965317,0
			25.645840004,-103.402390252,0
			25.6457604110001,-103.403361484,0
			25.6455543110001,-103.404190223,0
			25.645318839,-103.405128398,0
			25.6450271480001,-103.406003252,0
			25.6445259870001,-103.406851941,0
			25.6438313510002,-103.407719541,0
			25.641752404,-103.408779816,0
			25.6412461090002,-103.408860233,0
			25.6405072630001,-103.408852226,0
			25.6396721570001,-103.408735804,0
			25.6389019580001,-103.408194577,0
			25.6377811410002,-103.407369904,0
			25.6358313600001,-103.4059946,0
			25.6343708860002,-103.404741585,0
			25.633331453,-103.4040045,0
			25.6319337200001,-103.40323062,0
			25.630803905,-103.402820835,0
			25.6298415480001,-103.402689536,0
			25.6290303190002,-103.402801698,0
			25.6281282910002,-103.403275581,0
			25.6272929030001,-103.404203244,0
			25.6256814540001,-103.407478448,0
			25.6251942140001,-103.409750481,0
			25.6245035910001,-103.412904236,0
			25.6245123530001,-103.413079082,0
			25.6244967880002,-103.413228169,0
			25.624481223,-103.413377255,0
			25.6244656580001,-103.413526341,0
			25.6244500930001,-103.413675428,0
			25.6244345280002,-103.413824514,0
			25.624415041,-103.414011174,0
			25.6244281890001,-103.414160542,0
			25.6244413360002,-103.414309911,0
			25.6244544840002,-103.414459281,0
			25.6244756160002,-103.414699359,0
			25.6245009690001,-103.414846803,0
			25.6245263210002,-103.414994246,0
			25.6245516730002,-103.415141689,0
			25.6245770240002,-103.415289131,0
			25.6246023760002,-103.415436575,0
			25.624644817,-103.415683408,0
			25.6246585010001,-103.415832718,0
			25.6246721840001,-103.415982029,0
			25.6246858680001,-103.41613134,0
			25.6246995510001,-103.416280651,0
			25.624713235,-103.416429962,0
			25.6247269180002,-103.416579272,0
			25.6247461900002,-103.416789558,0
			25.6247676300002,-103.416937755,0
			25.6247890700002,-103.417085952,0
			25.6248105100001,-103.417234149,0
			25.6248319510001,-103.417382345,0
			25.6248533900002,-103.417530542,0
			25.6248748300002,-103.417678739,0
			25.62502585,-103.418126891,0
			25.6253026230001,-103.418796672,0
			25.625663724,-103.420542093,0
			25.6252457100001,-103.422480735,0
			25.6245172100001,-103.423942017,0
			25.6236799280001,-103.424770124,0
			25.6228213070002,-103.425154391,0
			25.6219241050002,-103.425394519,0
			25.6211802120002,-103.425448577,0
			25.6199856400001,-103.424954026,0
			25.6190148390002,-103.423820041,0
			25.6181206500002,-103.422245635,0
			25.6177805720001,-103.419050632,0
			25.617748627,-103.418933361,0
			25.6176898770001,-103.418709903,0
			25.6171630220002,-103.417541065,0
			25.616451092,-103.416634851,0
			25.6157967940001,-103.416282133,0
			25.6151719710002,-103.416137133,0
			25.6144216070001,-103.416025266,0
			25.6139489580002,-103.416365702,0
			25.613627862,-103.417260638,0
			25.6134602060002,-103.418502826,0
			25.6132127110001,-103.420846356,0
			25.6132310430002,-103.421043264,0
			25.6132431370001,-103.421253618,0
			25.6132531560001,-103.421435026,0
			25.6132545270002,-103.421585077,0
			25.6132558980001,-103.421735128,0
			25.6132572680001,-103.421885179,0
			25.6132586390002,-103.42203523,0
			25.613260009,-103.422185281,0
			25.6132613790002,-103.422335333,0
			25.6132627490001,-103.422485384,0
			25.6132641190001,-103.422635435,0
			25.6132654880001,-103.422785486,0
			25.613266858,-103.422935537,0
			25.613255145,-103.423144327,0
			25.6132355230002,-103.423354944,0
			25.6132194110001,-103.423482175,0
			25.6131945390002,-103.423629705,0
			25.6131696690001,-103.423777235,0
			25.6131775430002,-103.423924329,0
			25.6131441990001,-103.424090978,0
			25.613123194,-103.424213809,0
			25.61310201,-103.424354235,0
			25.6130844370001,-103.424538655,0
			25.6130475400001,-103.424656912,0
			25.6130228170002,-103.424782333,0
			25.6130022950001,-103.424946778,0
			25.612970149,-103.425147443,0
			25.612943799,-103.425264459,0
			25.612876638,-103.425420087,0
			25.612825216,-103.42551442,0
			25.6127780830001,-103.425692634,0
			25.612711092,-103.42583149,0
			25.612628811,-103.42598136,0
			25.6125067030001,-103.426097571,0
			25.612440344,-103.426226935,0
			25.6123641570002,-103.42633407,0
			25.6123003700001,-103.426457951,0
			25.6122289560001,-103.426592809,0
			25.6121393330001,-103.426739637,0
			25.6120900320001,-103.426850233,0
			25.6119725210001,-103.426937795,0
			25.6118870020001,-103.427047951,0
			25.611808289,-103.427125249,0
			25.6116940770002,-103.427224071,0
			25.6115936040001,-103.427308078,0
			25.6114432240001,-103.427396512,0
			25.6113106680002,-103.427520172,0
			25.611142285,-103.427593359,0
			25.6109557120001,-103.42767642,0
			25.6108374620001,-103.427720143,0
			25.610665979,-103.427733425,0
			25.610533321,-103.427766742,0
			25.6104006620002,-103.427800058,0
			25.6102680030001,-103.427833375,0
			25.6101353450002,-103.42786669,0
			25.6100026860001,-103.427900007,0
			25.6098700280002,-103.427933324,0
			25.6097373690001,-103.42796664,0
			25.6094983860002,-103.42802666,0
			25.6093630240001,-103.428041787,0
			25.6092276630002,-103.428056913,0
			25.609092301,-103.428072041,0
			25.6089569390002,-103.428087167,0
			25.6088215780001,-103.428102294,0
			25.6086862160001,-103.42811742,0
			25.608550854,-103.428132547,0
			25.608415494,-103.428147673,0
			25.6082801320001,-103.4281628,0
			25.60814477,-103.428177927,0
			25.608009408,-103.428193054,0
			25.6078740470001,-103.428208181,0
			25.6077386850001,-103.428223308,0
			25.6076033230001,-103.428238435,0
			25.6073682160001,-103.428264708,0
			25.607232162,-103.4282648,0
			25.6070961070001,-103.428264893,0
			25.6069600520001,-103.428264985,0
			25.6068239970001,-103.428265077,0
			25.6066879420001,-103.428265169,0
			25.6065518880001,-103.428265262,0
			25.6064158330001,-103.428265354,0
			25.6062797770002,-103.428265446,0
			25.6061437230001,-103.428265538,0
			25.6060076680001,-103.428265631,0
			25.6058716120001,-103.428265723,0
			25.605735558,-103.428265815,0
			25.605599503,-103.428265908,0
			25.6054634480001,-103.428266,0
			25.6053273930001,-103.428266092,0
			25.6051913370002,-103.428266184,0
			25.6050251660002,-103.428266297,0
			25.604889121,-103.428268139,0
			25.6047530760001,-103.42826998,0
			25.6046170310001,-103.428271822,0
			25.6044809860001,-103.428273663,0
			25.6043449410001,-103.428275505,0
			25.6042088960002,-103.428277346,0
			25.6040728510002,-103.428279188,0
			25.603936806,-103.428281029,0
			25.6038007610001,-103.428282871,0
			25.6036647160001,-103.428284712,0
			25.6035286710001,-103.428286554,0
			25.6033926260001,-103.428288395,0
			25.6032565810002,-103.428290236,0
			25.6031205360002,-103.428292078,0
			25.6029844920001,-103.428293919,0
			25.602762478,-103.428296924,0
			25.6026264360002,-103.428299024,0
			25.6025102760001,-103.428337711,0
			25.6023771430001,-103.428356106,0
			25.6022510050001,-103.428394394,0
			25.6021287690001,-103.428400987,0
			25.602019726,-103.42841714,0
			25.6013411010001,-103.428509343,0
			25.6008456870002,-103.428610307,0
			25.6003510730001,-103.428786823,0
			25.5995277620001,-103.429181488,0
			25.5989166890001,-103.429624441,0
			25.5982586920001,-103.430285487,0
			25.5978724940001,-103.431024532,0
			25.5975942030001,-103.431693749,0
			25.5973094290001,-103.432703321,0
			25.597170681,-103.433547871,0
			25.5972556310001,-103.434579798,0
			25.5973136190001,-103.435394601,0
			25.5973739310002,-103.43642686,0
			25.5972828770001,-103.437377211,0
			25.5970327550002,-103.438003984,0
			25.596643274,-103.438405816,0
			25.5959786870002,-103.438697855,0
			25.5953118680001,-103.438782096,0
			25.5948611630001,-103.438715865,0
			25.5943151710002,-103.438436052,0
			25.5938927860001,-103.437986083,0
			25.5932328030001,-103.437106653,0
			25.5925728140002,-103.436227234,0
			25.59143127,-103.43514625,0
			25.590551369,-103.43451531,0
			25.5893036160001,-103.433697852,0
			25.589130197,-103.433641348,0
			25.5880820690002,-103.433299851,0
			25.5868006920001,-103.433390361,0
			25.585939452,-103.43370386,0
			25.5850782110001,-103.434017355,0
			25.58392788,-103.434691952,0
			25.5827775450002,-103.435366537,0
			25.5820677140002,-103.436168498,0
			25.5816851500001,-103.437038256,0
			25.5815000300001,-103.438049583,0
			25.581510286,-103.439010349,0
			25.5816910320001,-103.44075267,0
			25.5817044000001,-103.44088154,0
			25.581770971,-103.442021736,0
			25.5818375340001,-103.443161933,0
			25.581816109,-103.444427469,0
			25.581794673,-103.445693004,0
			25.5816753050001,-103.446751519,0
			25.581317244,-103.447885191,0
			25.5808913240002,-103.448779502,0
			25.5802902580002,-103.449579973,0
			25.5796119780002,-103.450285338,0
			25.578933694,-103.450990696,0
			25.577679339,-103.451775537,0
			25.5766566720001,-103.452243858,0
			25.5752790620002,-103.452626308,0
			25.5752100700001,-103.452615897,0
			25.5750293830002,-103.452588631,0
			25.5741143450002,-103.452450555,0
			25.5736654990001,-103.45238282,0
			25.572661807,-103.452167547,0
			25.5716581010001,-103.451952264,0
			25.5702927050002,-103.451538326,0
			25.5687441960002,-103.451269999,0
			25.5677626820001,-103.451296012,0
			25.5673810770001,-103.451306123,0
			25.567292233,-103.451308476,0
			25.5669813180002,-103.45131671,0
			25.5654804020001,-103.451432073,0
			25.564236937,-103.451747884,0
			25.5637868780001,-103.451862176,0
			25.5627200100002,-103.452309277,0
			25.5616531310001,-103.452756359,0
			25.5608848640001,-103.453129877,0
			25.5607651290002,-103.45318809,0
			25.559877113,-103.453619802,0
			25.558497334,-103.454351873,0
			25.5582798940001,-103.454467236,0
			25.5579287170002,-103.454653548,0
			25.557061446,-103.455444759,0
			25.556371379,-103.456264514,0
			25.5556813020001,-103.457084254,0
			25.5555959900001,-103.457185583,0
			25.5548656730002,-103.458200315,0
			25.5542573690001,-103.459045478,0
			25.554135338,-103.459215022,0
			25.5534153680002,-103.460370934,0
			25.5526953760001,-103.461526818,0
			25.5518365960001,-103.46306926,0
			25.5513361290002,-103.46386814,0
			25.5511381630001,-103.464184143,0
			25.5502463750001,-103.465190954,0
			25.5500647830002,-103.46539595,0
			25.5491764540001,-103.466328899,0
			25.5482881100002,-103.467261823,0
			25.547605952,-103.467938678,0
			25.54692378,-103.468615513,0
			25.5464814170001,-103.469474975,0
			25.5464684,-103.469500265,0
			25.546437225,-103.469560834,0
			25.5462520310002,-103.470075896,0
			25.546233217,-103.470128221,0
			25.5456612550001,-103.471718928,0
			25.5452128720001,-103.472784453,0
			25.544763526,-103.473757834,0
			25.5443141620001,-103.474731193,0
			25.543523825,-103.47681002,0
			25.5432196530001,-103.477931249,0
			25.5429154630002,-103.479052458,0
			25.5424727370001,-103.480612911,0
			25.5424499340001,-103.480693279,0
			25.5423512850002,-103.481040974,0
			25.542201411,-103.482701705,0
			25.541894841,-103.483708849,0
			25.5416357530002,-103.484551976,0
			25.5408559920002,-103.485898062,0
			25.5404896080001,-103.486824232,0
			25.540167841,-103.488026306,0
			25.5398470150001,-103.489320515,0
			25.539525228,-103.490522582,0
			25.5390680370001,-103.491896889,0
			25.538758596,-103.492815112,0
			25.538530441,-103.493239383,0
			25.5383206060002,-103.493629558,0
			25.5381494690001,-103.493943563,0
			25.53801192,-103.494195937,0
			25.537731797,-103.4944143,0
			25.5375743740001,-103.494255108,0
			25.5372191590001,-103.493816609,0
			25.5369721710001,-103.493511714,0
			25.530032685,-103.486652769,0
			25.5289332790002,-103.48556622,0
			25.5290835710002,-103.485317129,0
			25.5294490640001,-103.484711365,0
			25.5290466520001,-103.484365089,0
			25.5290193290001,-103.484341676,0
			25.5289722420001,-103.484301327,0
			25.5289292760001,-103.484266034,0
			25.5286859350002,-103.484604949,0
			25.5285645280001,-103.484515133,0
			25.52853981,-103.484496847,0
			25.5283305950001,-103.484342068,0
			25.5285004620002,-103.484020182,0
			25.5282552120001,-103.483823864,0
			25.5282187160001,-103.48379465,0
			25.5277695660001,-103.4834351,0
			25.5276955260002,-103.483300953,0
			25.5276630150001,-103.483242065,0
			25.525394314,-103.482066578,0
			25.5183329930001,-103.475095013,0
			25.51827728,-103.475207748,0
			25.517995365,-103.475295289,0
			25.5177263950002,-103.475850093,0
			25.517646012,-103.475932379,0
			25.5174581310002,-103.475778975,0
			25.5175625910001,-103.475650373,0
			25.5176522230001,-103.475484802,0
			25.5178324830001,-103.475249179,0
			25.5179215310002,-103.475156025,0
			25.516459168,-103.473669981,0
			25.5151493350001,-103.472340335,0
			25.514757719,-103.471942866,0
			25.5136540840001,-103.470822619,0
			25.5125135280001,-103.469664925,0
			25.5112979770001,-103.468431144,0
			25.5008137090001,-103.457788545,0
			25.4790739840001,-103.435728551,0
			25.4753829690002,-103.428288834,0
			25.475254583,-103.428030079,0
			25.4726623170001,-103.424950326,0
			25.456380879,-103.40561167,0
			25.4506003810001,-103.398747643,0
			25.434591158,-103.390651287,0
			25.4164607280001,-103.369062003,0
			25.4163577740001,-103.368758235,0
			25.4109795750001,-103.352892791,0
			25.410345037,-103.351021335,0
			25.41014223,-103.341367724,0
			25.397572977,-103.337745185,0
			25.3971818420001,-103.33763247,0
			25.3969555590001,-103.337629737,0
			25.396136321,-103.337619844,0
			25.3918714450001,-103.337568341,0
			25.3899326730001,-103.33754493,0
			25.387853487,-103.337519824,0
			25.3841285210002,-103.337474847,0
			25.3812446260002,-103.337253815,0
			25.3715134640001,-103.336925714,0
			25.371343881,-103.336919997,0
			25.3712311460002,-103.336916196,0
			25.3713365940002,-103.337709083,0
			25.3713198940001,-103.338105396,0
			25.3710116340001,-103.339611102,0
			25.37078045,-103.34013738,0
			25.3706910940001,-103.340243609,0
			25.3705110170002,-103.340457688,0
			25.3703842760001,-103.341249365,0
			25.3703524800001,-103.341851113,0
			25.3704672550001,-103.342469059,0
			25.3706902020002,-103.343118767,0
			25.3714432300001,-103.345313314,0
			25.3720413460001,-103.347111051,0
			25.3724275750001,-103.348461913,0
			25.372687114,-103.349301659,0
			25.3728306610001,-103.349670277,0
			25.372868909,-103.349876253,0
			25.3728801010001,-103.350126031,0
			25.3728744480001,-103.350786794,0
			25.3728856520001,-103.351036554,0
			25.3729773570001,-103.351228415,0
			25.3730151670001,-103.351262103,0
			25.3738111580001,-103.351971329,0
			25.375176197,-103.352969418,0
			25.378332345,-103.355043515,0
			25.3793920330001,-103.35580875,0
			25.3810631050002,-103.356883536,0
			25.3816314380001,-103.357476894,0
			25.381937135,-103.357597574,0
			25.382190483,-103.357600214,0
			25.3824974300001,-103.357574034,0
			25.3829387430001,-103.357431776,0
			25.3835130080001,-103.357334952,0
			25.383899209,-103.357397715,0
			25.384470191,-103.357682709,0
			25.3848550010001,-103.357907007,0
			25.384977351,-103.358021392,0
			25.3867854320002,-103.359711793,0
			25.3874591640001,-103.36045317,0
			25.3879063370001,-103.361177497,0
			25.3880781670001,-103.361355534,0
			25.3890742020002,-103.361835913,0
			25.3903351480001,-103.362524714,0
			25.3911578300001,-103.363003296,0
			25.391807048,-103.363494777,0
			25.3923405840001,-103.364233095,0
			25.3927744000001,-103.364957322,0
			25.3930649340002,-103.36538498,0
			25.3931562760001,-103.365519434,0
			25.3934420050002,-103.366403676,0
			25.39351871,-103.366786361,0
			25.3935805490001,-103.367345139,0
			25.393585364,-103.368329236,0
			25.3936069380001,-103.368916974,0
			25.3937087750001,-103.369476175,0
			25.39371828,-103.369916899,0
			25.393661379,-103.370327545,0
			25.393485481,-103.37061945,0
			25.3933109860001,-103.370749792,0
			25.3930167410002,-103.37084951,0
			25.3926962,-103.370904881,0
			25.3924564350002,-103.370872995,0
			25.3919907420001,-103.37075059,0
			25.3915242960001,-103.370716302,0
			25.3912037550001,-103.37077169,0
			25.3910161740001,-103.370872512,0
			25.390773859,-103.37113433,0
			25.3907662750001,-103.371146603,0
			25.390611554,-103.371396991,0
			25.3904892410001,-103.371660072,0
			25.3903910530001,-103.372217154,0
			25.3903882450001,-103.372540235,0
			25.3904789230002,-103.374053067,0
			25.3907492470001,-103.376699608,0
			25.3909564400001,-103.38046173,0
			25.391334021,-103.381508522,0
			25.3933241300001,-103.38390521,0
			25.3941954420001,-103.384975091,0
			25.3945956420001,-103.385564801,0
			25.3961410820001,-103.388106472,0
			25.396721572,-103.389225834,0
			25.397233451,-103.390274892,0
			25.3973925880001,-103.390495046,0
			25.3974151530001,-103.390745622,0
			25.397388459,-103.390963838,0
			25.3972737930001,-103.391322199,0
			25.3967800790002,-103.39280089,0
			25.3966243740002,-103.393459938,0
			25.3963939440001,-103.39443882,0
			25.396325457,-103.394643722,0
			25.3962170940002,-103.394833506,0
			25.396084246,-103.395087322,0
			25.395452602,-103.395985128,0
			25.3953184200001,-103.396840488,0
			25.395323934,-103.397346225,0
			25.3954756900001,-103.39810297,0
			25.395980996,-103.399199003,0
			25.3965396930001,-103.40048391,0
			25.3971881150002,-103.401468219,0
			25.3975402790002,-103.402564396,0
			25.3978767400002,-103.403456739,0
			25.3984378370002,-103.404843474,0
			25.3987478000001,-103.405977797,0
			25.3989013980001,-103.406699176,0
			25.398899435,-103.406919467,0
			25.3988177360001,-103.407109533,0
			25.3986552280001,-103.407386854,0
			25.3982106140001,-103.407896129,0
			25.3977554090002,-103.408096847,0
			25.3972325610001,-103.408298623,0
			25.3966447230001,-103.408525477,0
			25.3963896620001,-103.408713664,0
			25.3961942960001,-103.409206605,0
			25.3961104970002,-103.409631642,0
			25.3961311300002,-103.410307498,0
			25.396148602,-103.410958173,0
			25.3960794830001,-103.411376476,0
			25.396017278,-103.41169114,0
			25.3959175000001,-103.411981636,0
			25.395844481,-103.412296183,0
			25.395684067,-103.41272286,0
			25.395634043,-103.41312785,0
			25.3955270930001,-103.413522579,0
			25.39533025,-103.414228209,0
			25.395170459,-103.414835606,0
			25.3950776810001,-103.415173366,0
			25.394897879,-103.415608684,0
			25.3946199440001,-103.416131795,0
			25.3944851530002,-103.41629189,0
			25.3940158200002,-103.416580527,0
			25.3938143430001,-103.416739914,0
			25.393719161,-103.416944493,0
			25.3937299960001,-103.417223677,0
			25.3937145470002,-103.417458503,0
			25.3936332180001,-103.417604506,0
			25.3938011580001,-103.41820852,0
			25.3937713260001,-103.418560697,0
			25.3938226910001,-103.41878156,0
			25.3939421660001,-103.418841623,0
			25.394102188,-103.418843366,0
			25.394233682,-103.419050413,0
			25.3943381140002,-103.419301255,0
			25.3943765220001,-103.419477925,0
			25.3943204170002,-103.419785744,0
			25.3942249670001,-103.420019717,0
			25.3940620400001,-103.420341063,0
			25.3929439390002,-103.421548842,0
			25.3918936680001,-103.422666566,0
			25.3915019160002,-103.422964421,0
			25.3909895910001,-103.423227278,0
			25.3907486100002,-103.423561793,0
			25.3906443070002,-103.423662126,0
			25.3904667400001,-103.423832934,0
			25.3899803430001,-103.4245326,0
			25.38955743,-103.425585445,0
			25.389551727,-103.426216912,0
			25.3893848450001,-103.427843321,0
			25.3892851310001,-103.428547207,0
			25.3891480670002,-103.428956934,0
			25.3890363380001,-103.429513822,0
			25.3889930080001,-103.429880525,0
			25.3889110000002,-103.430037412,0
			25.3888708760001,-103.43011417,0
			25.38843898,-103.430682229,0
			25.386997541,-103.432281936,0
			25.3865923160002,-103.432850274,0
			25.386389235,-103.433185832,0
			25.3862526790001,-103.433536811,0
			25.3862230790001,-103.433859604,0
			25.3862058840002,-103.434285326,0
			25.3862418740001,-103.434726325,0
			25.3864865560001,-103.435683654,0
			25.3865366950001,-103.436036689,0
			25.3865065430001,-103.436418218,0
			25.3864433100001,-103.436812829,0
			25.3863608930001,-103.43707628,0
			25.3857213310001,-103.438479145,0
			25.385325942,-103.439429406,0
			25.385229646,-103.439751442,0
			25.3849925140001,-103.440894374,0
			25.3848031460001,-103.441186017,0
			25.3845863060001,-103.441565457,0
			25.3843824020001,-103.441989124,0
			25.3843119740001,-103.44239956,0
			25.3843084850001,-103.442781377,0
			25.3843563260001,-103.443384051,0
			25.3843664300001,-103.443736639,0
			25.3841858290001,-103.444527708,0
			25.3840220560002,-103.444937108,0
			25.3835892990001,-103.445593207,0
			25.3828084950002,-103.446392295,0
			25.3825365000001,-103.44654619,0
			25.3822680650001,-103.446734134,0
			25.3819857500001,-103.446980662,0
			25.3817709150001,-103.447139839,0
			25.3815019400002,-103.447386514,0
			25.3812186820002,-103.447735835,0
			25.3810831840001,-103.447969301,0
			25.380973139,-103.448335235,0
			25.3808998650002,-103.449054044,0
			25.3808515000002,-103.449964051,0
			25.380666816,-103.451195629,0
			25.38062195,-103.451723828,0
			25.3804423880001,-103.452397381,0
			25.3801855720001,-103.453156529,0
			25.3795352440002,-103.454265422,0
			25.3790041000001,-103.455463732,0
			25.3786488690001,-103.456384984,0
			25.378246669,-103.457385333,0
			25.378183296,-103.457701504,0
			25.378155454,-103.457751443,0
			25.3780612450001,-103.457920417,0
			25.377900965,-103.457948001,0
			25.3776746770001,-103.457901402,0
			25.3774626900001,-103.457752179,0
			25.3772651030002,-103.457485625,0
			25.3770671940001,-103.457375461,0
			25.3768592990002,-103.457141705,0
			25.3766922200001,-103.457035677,0
			25.3765029590002,-103.457056718,0
			25.376301497,-103.457262737,0
			25.3761305730001,-103.457573302,0
			25.375989356,-103.458080893,0
			25.3760038430001,-103.458786965,0
			25.3759765240001,-103.459469412,0
			25.3760002130002,-103.460314481,0
			25.3761837860001,-103.461177314,0
			25.3763026470001,-103.461562147,0
			25.376371158,-103.461818571,0
			25.3763109410001,-103.462059375,0
			25.376192986,-103.462271082,0
			25.3759916220001,-103.462446363,0
			25.375707798,-103.462478699,0
			25.3754566590001,-103.462461671,0
			25.3751659600001,-103.462396469,0
			25.3749930190001,-103.46235048,0
			25.3747694890001,-103.462249947,0
			25.3729912270001,-103.46130481,0
			25.3724469450001,-103.461034372,0
			25.3719274390002,-103.460969812,0
			25.371233644,-103.461006079,0
			25.3711291330002,-103.46102058,0
			25.3706460940001,-103.4610876,0
			25.369938143,-103.461211835,0
			25.3694435360001,-103.461338443,0
			25.3693074330001,-103.461381745,0
			25.3689085280002,-103.46150866,0
			25.3685605450001,-103.461711269,0
			25.368145269,-103.461912202,0
			25.3677309440001,-103.462010348,0
			25.3672902250001,-103.462078824,0
			25.366903518,-103.462074485,0
			25.366475854,-103.462172481,0
			25.366411618,-103.462188045,0
			25.3657808190001,-103.462340894,0
			25.3652317880001,-103.462584364,0
			25.3644806980001,-103.463045837,0
			25.3639037620002,-103.463421137,0
			25.3635814250001,-103.463667145,0
			25.3629224440002,-103.464261807,0
			25.3626135550001,-103.464493275,0
			25.3619975790001,-103.46490085,0
			25.3616495140002,-103.465043772,0
			25.3610327150002,-103.465403938,0
			25.360548608,-103.465575577,0
			25.360159552,-103.465791763,0
			25.3598383680001,-103.465883717,0
			25.3589058130001,-103.466099521,0
			25.3564669290001,-103.465925237,0
			25.3552838710001,-103.4660294,0
			25.3544024080001,-103.466166309,0
			25.3528821100001,-103.46616389,0
			25.352348169,-103.466216627,0
			25.3516238650001,-103.466663631,0
			25.3511020920002,-103.467016056,0
			25.3509002990001,-103.467204663,0
			25.3507375440001,-103.467496491,0
			25.3506258130001,-103.468038498,0
			25.3504619760002,-103.468447762,0
			25.3503241220001,-103.468930729,0
			25.3501413960001,-103.469154059,0
			25.3499070540001,-103.469223834,0
			25.3491345880001,-103.469210978,0
			25.3488537370001,-103.469295907,0
			25.348518321,-103.469512372,0
			25.3481967790001,-103.469670251,0
			25.3471162460001,-103.469702102,0
			25.346888877,-103.469772947,0
			25.3461787080001,-103.470131996,0
			25.3452783000001,-103.470870638,0
			25.343865082,-103.472348123,0
			25.3434863670001,-103.472916449,0
			25.3425275250002,-103.474197607,0
			25.34192224,-103.474748673,0
			25.3415057050001,-103.475081637,0
			25.3407945730001,-103.475543407,0
			25.3405668150001,-103.475860468,0
			25.3402889900001,-103.476115204,0
			25.339955374,-103.476445169,0
			25.339399414,-103.476984975,0
			25.3388684370001,-103.477798112,0
			25.338184997,-103.478715717,0
			25.3378381590001,-103.478984832,0
			25.3371511030001,-103.479239177,0
			25.3363742340002,-103.479597374,0
			25.3353829580001,-103.480021701,0
			25.3353229080001,-103.480047405,0
			25.3348842930001,-103.48018312,0
			25.3344704510001,-103.480297486,0
			25.3343366240002,-103.480420475,0
			25.3341937780001,-103.480597498,0
			25.334176016,-103.480776264,0
			25.334186462,-103.481084673,0
			25.3342059230001,-103.481320337,0
			25.3342058430001,-103.483300106,0
			25.3338969120001,-103.484766434,0
			25.3336078540001,-103.485374455,0
			25.3332360390002,-103.485994572,0
			25.3328618370001,-103.486483329,0
			25.332048476,-103.486735442,0
			25.3313410960001,-103.486705616,0
			25.3307506760002,-103.486461425,0
			25.3301103040001,-103.485801084,0
			25.3285724250001,-103.483302467,0
			25.327954212,-103.482268164,0
			25.327321048,-103.481153078,0
			25.3261874710001,-103.479730917,0
			25.3258303110001,-103.479418574,0
			25.3255123320001,-103.479194776,0
			25.3249933670001,-103.479071441,0
			25.3244596980001,-103.479094751,0
			25.3239247790002,-103.479250155,0
			25.322677054,-103.480043376,0
			25.3220442470002,-103.480682079,0
			25.3215986840002,-103.481264209,0
			25.321261441,-103.481671394,0
			25.320818224,-103.482140409,0
			25.3204147170002,-103.482502808,0
			25.3199585790001,-103.482791194,0
			25.3195429740001,-103.483021346,0
			25.3190215390002,-103.4831622,0
			25.3176818160001,-103.483807522,0
			25.3169978660001,-103.484210742,0
			25.3161386130002,-103.484817471,0
			25.3155352280001,-103.485162889,0
			25.3153338220001,-103.485307377,0
			25.3148358610001,-103.48578611,0
			25.3143970780001,-103.486394424,0
			25.313798853,-103.487605925,0
			25.3134850760001,-103.488350942,0
			25.3130532380001,-103.48888912,0
			25.3127027840001,-103.489281445,0
			25.3124180350002,-103.489777254,0
			25.312361358,-103.489942762,0
			25.3121025950001,-103.490698398,0
			25.3119521610002,-103.491092986,0
			25.3117078300002,-103.491545224,0
			25.311585171,-103.491822712,0
			25.311554062,-103.49229207,0
			25.311550869,-103.492629633,0
			25.3116915870002,-103.493262417,0
			25.31172369,-103.493550302,0
			25.311740754,-103.493703332,0
			25.3117607630002,-103.494408124,0
			25.311744225,-103.494745534,0
			25.3116610120002,-103.49508218,0
			25.3115523830002,-103.495286437,0
			25.3114307040001,-103.495461181,0
			25.3111094670001,-103.49574289,0
			25.3105863350002,-103.496059803,0
			25.3095830010001,-103.496385901,0
			25.3092889380002,-103.496455914,0
			25.308794333,-103.496465732,0
			25.3081591700002,-103.496477873,0
			25.3076754540001,-103.496554819,0
			25.3067390820001,-103.496632273,0
			25.306162289,-103.4966034,0
			25.3057365180001,-103.496524829,0
			25.3052681500001,-103.496528651,0
			25.304950306,-103.496534233,0
			25.304548912,-103.496529625,0
			25.304272963,-103.496526457,0
			25.3041052920001,-103.496613997,0
			25.303802881,-103.496643154,0
			25.3034705490001,-103.496704598,0
			25.3032924200002,-103.496748252,0
			25.3030283430001,-103.496772104,0
			25.3028690510001,-103.496805293,0
			25.3027049560001,-103.496785884,0
			25.3023286540002,-103.496793247,0
			25.3018677880001,-103.496727604,0
			25.3017425490001,-103.496680015,0
			25.3016112630001,-103.496638973,0
			25.3014319730001,-103.496610515,0
			25.3012648970002,-103.496555862,0
			25.3011117010001,-103.496529898,0
			25.3009974810001,-103.496536978,0
			25.3008526670002,-103.496560457,0
			25.3006320750001,-103.496549566,0
			25.3004413800002,-103.496597658,0
			25.3002585980001,-103.49661231,0
			25.300029936,-103.496651608,0
			25.2998076760002,-103.496816683,0
			25.299453103,-103.497060308,0
			25.299150836,-103.497271469,0
			25.298788942,-103.49760755,0
			25.298404384,-103.49777876,0
			25.2982149280002,-103.497794463,0
			25.2977133300001,-103.497618592,0
			25.2973888250001,-103.497495294,0
			25.2969444350001,-103.497424419,0
			25.296415978,-103.497345285,0
			25.2959796600002,-103.497463973,0
			25.2955569830001,-103.49751014,0
			25.2951492400002,-103.497670432,0
			25.2948333230001,-103.497897192,0
			25.2944995770002,-103.498187585,0
			25.2941278340001,-103.498510255,0
			25.2937797090001,-103.499134135,0
			25.293517674,-103.49968856,0
			25.2931687610002,-103.500189154,0
			25.2930869530002,-103.500301254,0
			25.2928918540001,-103.500568595,0
			25.2925538870001,-103.500958994,0
			25.2923836520001,-103.501285631,0
			25.2921572700001,-103.501629598,0
			25.2919731040001,-103.502176796,0
			25.2919473340001,-103.502684144,0
			25.291988265,-103.502979382,0
			25.2921298840001,-103.503296098,0
			25.2925757190001,-103.503872631,0
			25.2929486840002,-103.504525396,0
			25.2932125230001,-103.505110909,0
			25.293303312,-103.505580177,0
			25.2932976520001,-103.506173093,0
			25.2932208450001,-103.506796395,0
			25.2930609470001,-103.507215852,0
			25.292915351,-103.507619892,0
			25.292756619,-103.507914523,0
			25.2923926510001,-103.508362172,0
			25.2918559070001,-103.508926152,0
			25.2914625680002,-103.509351688,0
			25.2908894440001,-103.509752603,0
			25.2905329220001,-103.50982686,0
			25.2902904060002,-103.509886754,0
			25.2900772360001,-103.509852918,0
			25.2897605390001,-103.509740685,0
			25.28905417,-103.509469831,0
			25.2881287770001,-103.509092831,0
			25.2872433760001,-103.508649773,0
			25.286327916,-103.508129211,0
			25.2855012430001,-103.507656,0
			25.2848035510001,-103.507406545,0
			25.2843502890001,-103.507386626,0
			25.284016477,-103.507426802,0
			25.2837221240001,-103.507526129,0
			25.2833735810001,-103.507712879,0
			25.283091293,-103.507944412,0
			25.2828755400002,-103.508191392,0
			25.2826995150001,-103.508468187,0
			25.2820873900002,-103.509289761,0
			25.2815745030001,-103.509947348,0
			25.2808097520002,-103.510585065,0
			25.2804333660001,-103.51081356,0
			25.2798166000001,-103.510936626,0
			25.2791261280001,-103.510710053,0
			25.2787618800002,-103.510276358,0
			25.2784700980002,-103.509841783,0
			25.2776124100001,-103.508161806,0
			25.2771168690001,-103.507106312,0
			25.2768564590002,-103.506442942,0
			25.2766345260002,-103.505941453,0
			25.2765687360001,-103.50583314,0
			25.276226013,-103.505268912,0
			25.275858523,-103.504802569,0
			25.2755022400002,-103.504402241,0
			25.2751844260001,-103.504163792,0
			25.2746540940001,-103.50383483,0
			25.272276979,-103.502765569,0
			25.270656547,-103.502181578,0
			25.2702580120002,-103.502015561,0
			25.2699929840001,-103.501836425,0
			25.2694223450001,-103.501536392,0
			25.2679503470001,-103.500653712,0
			25.2666753030001,-103.500096123,0
			25.266423193,-103.499961156,0
			25.266277754,-103.499827432,0
			25.2660974310001,-103.499808919,0
			25.2659683950001,-103.499712074,0
			25.2658504240002,-103.499591529,0
			25.2657321140002,-103.499506746,0
			25.2655823870001,-103.499464649,0
			25.2653975710001,-103.49926844,0
			25.2650512020001,-103.499157253,0
			25.2647286360001,-103.499109115,0
			25.2645841840001,-103.499076462,0
			25.2643660250002,-103.499027147,0
			25.2639533790002,-103.498900221,0
			25.2636819040002,-103.49878598,0
			25.263541659,-103.498673246,0
			25.2633707070001,-103.498504993,0
			25.2632829210001,-103.49846868,0
			25.2631868400001,-103.498458772,0
			25.2630335960002,-103.498562879,0
			25.2628403700002,-103.498657675,0
			25.2624550680001,-103.49872381,0
			25.262303918,-103.498607404,0
			25.2621035960001,-103.498605102,0
			25.2618713120001,-103.49859363,0
			25.2617031210002,-103.498582848,0
			25.261543283,-103.498536905,0
			25.2614634900001,-103.49850073,0
			25.2613833610001,-103.498499809,0
			25.2611586510002,-103.498532485,0
			25.2609827180002,-103.498495205,0
			25.2608072630001,-103.498404977,0
			25.2606228090001,-103.498420463,0
			25.2604841420001,-103.498409883,0
			25.2603270650001,-103.498458775,0
			25.2601336950001,-103.498446414,0
			25.2599955110001,-103.498444826,0
			25.2598296860001,-103.498442921,0
			25.2596452560001,-103.498461081,0
			25.2594514050002,-103.49849941,0
			25.2593040150001,-103.498497716,0
			25.259221693,-103.498435935,0
			25.2591396340001,-103.498343739,0
			25.2590300570001,-103.498241041,0
			25.2588839190001,-103.498107552,0
			25.2587560000001,-103.497994505,0
			25.2585261670002,-103.497941168,0
			25.2582415570001,-103.497836507,0
			25.2580033850001,-103.497691777,0
			25.2576667640002,-103.497241742,0
			25.2571141460002,-103.496940549,0
			25.256134278,-103.496827236,0
			25.2559075660001,-103.496824634,0
			25.2557485180001,-103.496720101,0
			25.2554995920001,-103.496247733,0
			25.2553173560001,-103.495776131,0
			25.255214009,-103.495422817,0
			25.2550573240001,-103.495068892,0
			25.2546505950002,-103.494359976,0
			25.2542292710001,-103.493782953,0
			25.2534651070001,-103.492791185,0
			25.2527805400001,-103.491844364,0
			25.2525436900002,-103.49150419,0
			25.2524527030002,-103.491253733,0
			25.2524286700001,-103.490974693,0
			25.2524461590002,-103.490534742,0
			25.2524922490001,-103.490062993,0
			25.2529377000001,-103.4889371,0
			25.253125261,-103.4884535,0
			25.2533967890001,-103.488195985,0
			25.2537226740002,-103.487879822,0
			25.253867321,-103.487635377,0
			25.2539358220001,-103.487222304,0
			25.2538656300001,-103.48656843,0
			25.2534820190001,-103.485119363,0
			25.253302997,-103.484487563,0
			25.2529016220001,-103.48352386,0
			25.25233639,-103.482170938,0
			25.251826469,-103.48116911,0
			25.2515152980002,-103.480409343,0
			25.2511744170001,-103.479328524,0
			25.2507802300001,-103.478490105,0
			25.2505997850002,-103.477943432,0
			25.2502669780001,-103.477156778,0
			25.2500140270002,-103.476777676,0
			25.2499793140001,-103.476443965,0
			25.2500679670001,-103.476069936,0
			25.2501698790001,-103.475289862,0
			25.2502639840002,-103.474332586,0
			25.2502162220001,-103.473475893,0
			25.2502123030001,-103.473405614,0
			25.2501076720001,-103.473184368,0
			25.250015696,-103.473036622,0
			25.2497772990001,-103.472857872,0
			25.249167136,-103.47249887,0
			25.2486097740001,-103.472199147,0
			25.2483733160001,-103.471999052,0
			25.2481219620001,-103.471736225,0
			25.247895183,-103.471516382,0
			25.2477344700001,-103.471430651,0
			25.2473935990001,-103.471225102,0
			25.2462107900002,-103.470908248,0
			25.2458509880001,-103.470722415,0
			25.245518649,-103.470565522,0
			25.2450816670001,-103.470289425,0
			25.2438372670002,-103.469292457,0
			25.2434132510001,-103.468994279,0
			25.2429491030001,-103.468710307,0
			25.2426173420001,-103.468530525,0
			25.2421536040001,-103.468502925,0
			25.2419546630001,-103.468383315,0
			25.2418489320001,-103.468279445,0
			25.241758044,-103.468014354,0
			25.2416858070002,-103.467177315,0
			25.2416640510002,-103.466648933,0
			25.2416271810001,-103.466311101,0
			25.241510153,-103.465987041,0
			25.2413784340001,-103.465809516,0
			25.241166423,-103.465660417,0
			25.2409940130001,-103.465555784,0
			25.2407939790001,-103.465553537,0
			25.2405268580001,-103.465594555,0
			25.2395066530001,-103.466301936,0
			25.2392384410002,-103.466460291,0
			25.2390250660002,-103.466457892,0
			25.2388655870001,-103.466397424,0
			25.2386803820001,-103.466233956,0
			25.2384031930002,-103.465922776,0
			25.2382189420001,-103.465656645,0
			25.238036611,-103.465185148,0
			25.237871421,-103.46430309,0
			25.2376671700001,-103.463317903,0
			25.2375534240001,-103.462888286,0
			25.237499657,-103.462685211,0
			25.2372654620001,-103.462051791,0
			25.2370689650001,-103.461668164,0
			25.236897366,-103.461475529,0
			25.2366737440001,-103.461286129,0
			25.2362093080001,-103.461031541,0
			25.235624708,-103.460790283,0
			25.2352255770002,-103.460683122,0
			25.2348792530001,-103.460635225,0
			25.2346121320001,-103.460676253,0
			25.2343444690001,-103.460775946,0
			25.2340374620002,-103.460801835,0
			25.2338646400001,-103.460741227,0
			25.2336663710001,-103.4605483,0
			25.233509742,-103.460179804,0
			25.2332589130002,-103.458460673,0
			25.2331561600001,-103.458034111,0
			25.2329343250001,-103.45750353,0
			25.2323843830001,-103.45639717,0
			25.2320557320002,-103.455880076,0
			25.2316609430001,-103.455303557,0
			25.2302660620001,-103.453400631,0
			25.2296749180002,-103.452960084,0
			25.2294342700001,-103.45263339,0
			25.2291864320001,-103.451877687,0
			25.2290840650001,-103.451407133,0
			25.2290339670001,-103.451054519,0
			25.2289699890002,-103.450760439,0
			25.2288255850002,-103.450509445,0
			25.2286149070001,-103.450213734,0
			25.228045786,-103.449737996,0
			25.227714269,-103.449528941,0
			25.2271168580001,-103.449228939,0
			25.2267976020001,-103.449137379,0
			25.226411263,-103.449089073,0
			25.2258110080001,-103.449097077,0
			25.2250114040002,-103.449029526,0
			25.2246118580001,-103.448966403,0
			25.2242931410001,-103.448816183,0
			25.2240002950001,-103.448754263,0
			25.2237469090001,-103.448751449,0
			25.2234801460001,-103.448820961,0
			25.222956405,-103.449211199,0
			25.2227010080001,-103.449428378,0
			25.2224196030002,-103.449571929,0
			25.2221384690002,-103.449686157,0
			25.2208884790002,-103.449932265,0
			25.2208691180001,-103.449936078,0
			25.220227919,-103.450046302,0
			25.219640328,-103.450127778,0
			25.2193070560001,-103.450109403,0
			25.2190540860001,-103.450062578,0
			25.2188284460001,-103.449942739,0
			25.218696032,-103.449838589,0
			25.2183523990001,-103.449497413,0
			25.217956369,-103.44905298,0
			25.2172944190002,-103.44851759,0
			25.2166453530001,-103.448096437,0
			25.2160347280001,-103.447781632,0
			25.2156223780001,-103.44765971,0
			25.21510389,-103.447477948,0
			25.2146515540001,-103.447355602,0
			25.214024356,-103.447392636,0
			25.213704288,-103.447389085,0
			25.2134379750001,-103.447342139,0
			25.2132385990001,-103.447266593,0
			25.2128933430001,-103.447101409,0
			25.2112614970001,-103.446159295,0
			25.2104120300001,-103.445709871,0
			25.2093813360001,-103.44487048,0
			25.2086933700002,-103.444261527,0
			25.208297459,-103.443802474,0
			25.2080870340001,-103.443477485,0
			25.2073044150001,-103.442621816,0
			25.2066902060002,-103.442061357,0
			25.2062948750001,-103.441645738,0
			25.2059579570001,-103.44134293,0
			25.2057115640002,-103.441009752,0
			25.2055049790001,-103.440730406,0
			25.2050401190002,-103.440241562,0
			25.2047133330001,-103.439868665,0
			25.204477793,-103.439576273,0
			25.204106913,-103.439225146,0
			25.2037746100002,-103.439005056,0
			25.2034210330002,-103.438954621,0
			25.2027004560001,-103.438985373,0
			25.2024399390002,-103.438940254,0
			25.2021642240002,-103.438878101,0
			25.2019588010001,-103.438681569,0
			25.201845244,-103.438511398,0
			25.2017245410001,-103.438282004,0
			25.2017191850002,-103.438028567,0
			25.2017603120001,-103.437724946,0
			25.2019533590002,-103.437496881,0
			25.2025051700001,-103.437060892,0
			25.2026488440001,-103.436899198,0
			25.2026995460002,-103.436763666,0
			25.202657399,-103.43664072,0
			25.2025603370001,-103.436435515,0
			25.2023531240001,-103.436106617,0
			25.2015063700001,-103.43506616,0
			25.2008515110002,-103.434460609,0
			25.1999832650001,-103.433657752,0
			25.1995240490001,-103.432208531,0
			25.1995776070001,-103.43031949,0
			25.2009498190001,-103.427791113,0
			25.201386875,-103.427202482,0
			25.2015468270001,-103.426816828,0
			25.20164994,-103.42653507,0
			25.2016523320001,-103.42627069,0
			25.2016208720001,-103.426042799,0
			25.201539295,-103.425795946,0
			25.2013791690001,-103.425585129,0
			25.2011575230001,-103.425379767,0
			25.2009187820001,-103.42521829,0
			25.2007199350001,-103.425084134,0
			25.199739825,-103.424325469,0
			25.1991092530001,-103.423702905,0
			25.1988249020001,-103.423527018,0
			25.1984542920001,-103.423416852,0
			25.1981750260001,-103.423325813,0
			25.198042858,-103.423192372,0
			25.197766901,-103.422734729,0
			25.1976520260002,-103.422283613,0
			25.1974185890002,-103.421547791,0
			25.197212216,-103.420768277,0
			25.1969120920001,-103.420031735,0
			25.1966909300001,-103.419413382,0
			25.196614209,-103.419045911,0
			25.196510819,-103.418678168,0
			25.1963797020001,-103.418427416,0
			25.196233793,-103.418337839,0
			25.1962178690001,-103.418337666,0
			25.1957937020001,-103.418333055,0
			25.1952733250001,-103.418356735,0
			25.1949261880001,-103.418396966,0
			25.1946263770001,-103.418489575,0
			25.1946051930001,-103.418496118,0
			25.1941367160001,-103.418681675,0
			25.1935886010002,-103.418822378,0
			25.1930955670001,-103.418773013,0
			25.1927496160001,-103.418681262,0
			25.1920059470002,-103.418321221,0
			25.191542616,-103.417934894,0
			25.191107435,-103.41751029,0
			25.1907090070001,-103.41694345,0
			25.1903699570001,-103.416461092,0
			25.189987564,-103.415973,0
			25.18956462,-103.415543142,0
			25.1889702770001,-103.41489145,0
			25.1884955690001,-103.414285064,0
			25.1878884180001,-103.413574594,0
			25.1873614030001,-103.412850332,0
			25.186927617,-103.412141751,0
			25.1862305070001,-103.411049052,0
			25.185875685,-103.410458655,0
			25.1854120420002,-103.409864013,0
			25.1850223640001,-103.409417202,0
			25.1847582660001,-103.409316331,0
			25.184394706,-103.409325302,0
			25.1839973510001,-103.409444962,0
			25.1834752680001,-103.409659273,0
			25.1831277360001,-103.409743502,0
			25.1828480670002,-103.409696498,0
			25.1826362570001,-103.409518245,0
			25.1823853540002,-103.40923692,0
			25.1822934460001,-103.409074629,0
			25.18230992,-103.408722877,0
			25.1823932180001,-103.408357181,0
			25.182611448,-103.407816973,0
			25.18289688,-103.407218839,0
			25.1830892220001,-103.406590366,0
			25.1831586500001,-103.406283182,0
			25.1832011340002,-103.406005025,0
			25.1831904210001,-103.405711626,0
			25.1831274020001,-103.405300367,0
			25.1828299470001,-103.404256037,0
			25.1827270430001,-103.403829665,0
			25.1826377280001,-103.403374142,0
			25.1825069780001,-103.403079456,0
			25.182348904,-103.402857791,0
			25.1821104170001,-103.402679263,0
			25.1808924620001,-103.40194024,0
			25.180202362,-103.401551569,0
			25.1792590090001,-103.401145535,0
			25.178735466,-103.401009642,0
			25.1780214540001,-103.400824312,0
			25.1777821820002,-103.400733764,0
			25.1775303940001,-103.400593969,0
			25.1773372750001,-103.400323052,0
			25.17718144,-103.40003888,0
			25.1771486870001,-103.399979153,0
			25.1770451700001,-103.399710959,0
			25.1769270400001,-103.399404905,0
			25.1766763910001,-103.399094301,0
			25.1765449810001,-103.398872937,0
			25.1763200780002,-103.398665237,0
			25.1760281150001,-103.398500819,0
			25.1757490910001,-103.398380537,0
			25.175483915,-103.398201739,0
			25.1752604180001,-103.398138216,0
			25.17478083,-103.398074415,0
			25.1747178500001,-103.398068099,0
			25.1736348070001,-103.397959496,0
			25.1726609880001,-103.397978396,0
			25.1723934830001,-103.398063507,0
			25.1721251980002,-103.398236583,0
			25.171856001,-103.398512291,0
			25.17160807,-103.39869708,0
			25.1715069110001,-103.398772475,0
			25.1711346750002,-103.398905949,0
			25.1707899730001,-103.398906537,0
			25.170452938,-103.398805176,0
			25.1703074050001,-103.398671646,0
			25.1700564940001,-103.39839037,0
			25.1700080720001,-103.398355414,0
			25.1698709500002,-103.398256429,0
			25.1696076060001,-103.397872382,0
			25.1691764600001,-103.397162465,0
			25.1689778460002,-103.396999057,0
			25.16876524,-103.396908808,0
			25.1685264840002,-103.396759619,0
			25.1683404190001,-103.39668432,0
			25.1676870650001,-103.396662663,0
			25.167165772,-103.396789052,0
			25.1669253270001,-103.396830456,0
			25.1665784490002,-103.396841409,0
			25.1663655830001,-103.396780489,0
			25.1661001570002,-103.396631035,0
			25.1659279520001,-103.396497226,0
			25.1657816380001,-103.396451684,0
			25.1654611820002,-103.396492232,0
			25.1652867680002,-103.396607666,0
			25.1650584820001,-103.396781165,0
			25.1648021080002,-103.397115639,0
			25.1644932790001,-103.397346915,0
			25.1642789960001,-103.397447256,0
			25.1640521380001,-103.397459491,0
			25.1638526130001,-103.397398715,0
			25.1637469610002,-103.397280285,0
			25.1636028130002,-103.397071421,0
			25.1634325570001,-103.39671772,0
			25.1631982180002,-103.396070097,0
			25.163015267,-103.395642958,0
			25.162659734,-103.395126006,0
			25.1621862380001,-103.394373202,0
			25.161974279,-103.394209664,0
			25.1617883410001,-103.39411971,0
			25.1615220030001,-103.39407289,0
			25.1608682560001,-103.394095218,0
			25.1605280790001,-103.39420127,0
			25.1604135170001,-103.394236986,0
			25.1602809310001,-103.394147603,0
			25.1602723710001,-103.394134506,0
			25.1601361720001,-103.393926128,0
			25.1599260280001,-103.393557351,0
			25.1597579670002,-103.392954451,0
			25.1596526990002,-103.392792058,0
			25.1595331950001,-103.392732144,0
			25.15937302,-103.392745099,0
			25.1592124680001,-103.392802024,0
			25.1590513970002,-103.3929176,0
			25.158915818,-103.393165389,0
			25.1587902180001,-103.393540186,0
			25.158632098,-103.393872368,0
			25.1584419920001,-103.394094943,0
			25.1582515190001,-103.394283663,0
			25.158152429,-103.394378073,0
			25.1580296010002,-103.394413541,0
			25.1579371060001,-103.394406287,0
			25.1577356330002,-103.394290418,0
			25.1573917890001,-103.393829359,0
			25.1569034140002,-103.393074963,0
			25.1566943030002,-103.392588914,0
			25.1561297600001,-103.391571307,0
			25.1558807750002,-103.391070192,0
			25.1555390710002,-103.390494774,0
			25.1553021170001,-103.390140394,0
			25.1551595510001,-103.389669728,0
			25.1550422300002,-103.389360614,0
			25.1548586270002,-103.389006805,0
			25.15462167,-103.388652429,0
			25.154330973,-103.388341455,0
			25.1537227880001,-103.387733909,0
			25.1531651020001,-103.387449428,0
			25.1528602980001,-103.387226291,0
			25.152647943,-103.387106746,0
			25.1523443,-103.386751671,0
			25.1521063060001,-103.386514583,0
			25.1518548420001,-103.386291999,0
			25.1515764480001,-103.386098455,0
			25.1512580560001,-103.385904507,0
			25.1510468600002,-103.385653026,0
			25.1507571860002,-103.385224809,0
			25.1501861670001,-103.384237147,0
			25.1501802760001,-103.384226957,0
			25.1498501930002,-103.383857254,0
			25.1496199800001,-103.383562222,0
			25.149444321,-103.383365298,0
			25.1491908630002,-103.38319191,0
			25.148837536,-103.383029715,0
			25.148273897,-103.382828683,0
			25.1475779850001,-103.382540879,0
			25.1466753670001,-103.382371994,0
			25.146368626,-103.382368746,0
			25.145905294,-103.382393218,0
			25.1456442050002,-103.382484486,0
			25.1454879020001,-103.382546448,0
			25.1452976360002,-103.38259389,0
			25.145175008,-103.382595506,0
			25.1449148140001,-103.382479117,0
			25.1448179580001,-103.382345589,0
			25.1446636580001,-103.381943248,0
			25.1446845310002,-103.381358859,0
			25.1446812360002,-103.381316389,0
			25.1446042530001,-103.380548106,0
			25.1444459910002,-103.379978231,0
			25.144205841,-103.379437393,0
			25.1433438610001,-103.378441429,0
			25.142533933,-103.377715147,0
			25.142049172,-103.377141839,0
			25.1415079180002,-103.376807195,0
			25.1408071820001,-103.376609503,0
			25.140335313,-103.376483676,0
			25.1402407820001,-103.376458469,0
			25.1394334870002,-103.3762432,0
			25.1386490800001,-103.376011614,0
			25.1375605700001,-103.375563227,0
			25.1366141660001,-103.375255074,0
			25.1358044490001,-103.374820594,0
			25.1345546550001,-103.374142843,0
			25.1325131740001,-103.372933747,0
			25.131374119,-103.37250313,0
			25.1305369580002,-103.372449817,0
			25.1295964080001,-103.372389922,0
			25.1277679770001,-103.372127848,0
			25.1269274150002,-103.371790097,0
			25.1261697800001,-103.371303722,0
			25.124866162,-103.37077352,0
			25.1240064300002,-103.370397174,0
			25.1230341530001,-103.369321086,0
			25.1221565700001,-103.36841951,0
			25.1212785120001,-103.367572084,0
			25.1205475320002,-103.36678021,0
			25.1200594260001,-103.36634248,0
			25.1190512350001,-103.365318639,0
			25.1163083270001,-103.36356634,0
			25.1139359810001,-103.362084804,0
			25.1129681170002,-103.361637645,0
			25.112023981,-103.360996565,0
			25.1108015980001,-103.360110819,0
			25.1100288510002,-103.359539306,0
			25.1094341990001,-103.358814197,0
			25.1090155810002,-103.358168631,0
			25.108654492,-103.356999061,0
			25.1085354580001,-103.356453795,0
			25.1084339490002,-103.355928136,0
			25.1083501110002,-103.355402662,0
			25.1081071830001,-103.354875539,0
			25.1078124360002,-103.35421185,0
			25.107572034,-103.353393317,0
			25.1073784100001,-103.352640732,0
			25.1072962160001,-103.352328878,0
			25.1072433770001,-103.351892946,0
			25.107217223,-103.351643864,0
			25.107218957,-103.351441748,0
			25.1072499140002,-103.351131111,0
			25.1073329680001,-103.350877946,0
			25.1075565320002,-103.350192632,0
			25.109081708,-103.348569174,0
			25.1106812190001,-103.346074319,0
			25.1108488040001,-103.345567777,0
			25.1109103660002,-103.344731286,0
			25.1108608000002,-103.344162721,0
			25.1106492650002,-103.343443009,0
			25.1103294090001,-103.342662381,0
			25.1097918790001,-103.341879521,0
			25.1091188260001,-103.34103549,0
			25.107661577,-103.339615361,0
			25.107120219,-103.33928096,0
			25.1068784830001,-103.339209013,0
			25.106495975,-103.33909517,0
			25.1058157790001,-103.339088195,0
			25.1053794490001,-103.339203305,0
			25.1049447450001,-103.339547289,0
			25.1047354660001,-103.339737374,0
			25.1045698160001,-103.339939922,0
			25.1043607410001,-103.340105978,0
			25.1042070260001,-103.340188503,0
			25.104086104,-103.340271363,0
			25.1038857690001,-103.340277133,0
			25.1032879180001,-103.340249085,0
			25.102983359,-103.340172145,0
			25.1022932490001,-103.339997807,0
			25.1011035110001,-103.33924049,0
			25.1003124520001,-103.338487272,0
			25.0995804640001,-103.337822311,0
			25.0991269860001,-103.337225942,0
			25.0988922250001,-103.336697592,0
			25.0983813650001,-103.335815761,0
			25.0980384590002,-103.335272916,0
			25.0977135090001,-103.334749131,0
			25.0972873500001,-103.334020631,0
			25.0969625870001,-103.333474161,0
			25.0967192040002,-103.333041757,0
			25.0964552290001,-103.332609099,0
			25.096253027,-103.332177073,0
			25.0961148450002,-103.331474126,0
			25.096057783,-103.331139231,0
			25.096044535,-103.331061474,0
			25.096037186,-103.330340042,0
			25.0960034300001,-103.329556136,0
			25.0960073860001,-103.329354891,0
			25.0959590260002,-103.329088417,0
			25.095843928,-103.328716082,0
			25.095700038,-103.328417687,0
			25.0954883630002,-103.328137221,0
			25.0951648630001,-103.327775102,0
			25.094798292,-103.32728968,0
			25.0944432900001,-103.326716883,0
			25.0942897720001,-103.326146135,0
			25.0942710400001,-103.325809407,0
			25.094591171,-103.324880965,0
			25.0947299710002,-103.324394022,0
			25.0947071420001,-103.323905422,0
			25.0945036570001,-103.322946362,0
			25.0944868750001,-103.322867269,0
			25.0942897990001,-103.322273318,0
			25.0940505910001,-103.321886117,0
			25.0937567510001,-103.321587167,0
			25.0932326860002,-103.321433877,0
			25.0928576650001,-103.321178509,0
			25.0924414810002,-103.321011513,0
			25.0918520610001,-103.320620778,0
			25.091305164,-103.319978925,0
			25.0905708010001,-103.319201981,0
			25.0901154500002,-103.318886614,0
			25.089726447,-103.318690302,0
			25.0893103970001,-103.318508518,0
			25.088948949,-103.318238505,0
			25.0886835370001,-103.317762279,0
			25.088611633,-103.317308959,0
			25.0883650040001,-103.316196618,0
			25.0881538170001,-103.315676546,0
			25.086592864,-103.313870266,0
			25.085952019,-103.313183106,0
			25.0850690880001,-103.312449139,0
			25.0848576530001,-103.311958682,0
			25.0847726360001,-103.311162666,0
			25.0845898210001,-103.309444442,0
			25.0845002190002,-103.308881234,0
			25.084395411,-103.308525032,0
			25.0842372220002,-103.308109115,0
			25.08397152,-103.307662524,0
			25.0837183030001,-103.307334437,0
			25.0834417200001,-103.30657699,0
			25.0833115670001,-103.306028183,0
			25.0832627110001,-103.305420992,0
			25.083337055,-103.30457826,0
			25.083291441,-103.303319786,0
			25.083370186,-103.302576269,0
			25.0832784550001,-103.301963959,0
			25.0830901530001,-103.301324109,0
			25.0822366530001,-103.299189044,0
			25.081308623,-103.297366676,0
			25.0806497850001,-103.2961196,0
			25.0799783750001,-103.295006388,0
			25.0793276210001,-103.293950152,0
			25.0786560310002,-103.2932258,0
			25.0778868070001,-103.292806013,0
			25.077014847,-103.292607463,0
			25.0760688530002,-103.292558112,0
			25.0752136120001,-103.29253965,0
			25.0743137690001,-103.292601825,0
			25.0740128380001,-103.292678826,0
			25.0734387700001,-103.2927731,0
			25.073002091,-103.292758781,0
			25.0727204240001,-103.292706007,0
			25.0721039740001,-103.292420036,0
			25.0714607140001,-103.292073821,0
			25.0710100210001,-103.291708179,0
			25.070533271,-103.291241327,0
			25.07001461,-103.290651466,0
			25.0696175480001,-103.2901498,0
			25.0691677470001,-103.289515652,0
			25.0689450190001,-103.288933717,0
			25.0687408830001,-103.288302,0
			25.0685915130002,-103.28765083,0
			25.0684793530001,-103.28690006,0
			25.0681952380002,-103.285753975,0
			25.0680824970001,-103.285073182,0
			25.0677339890001,-103.284290119,0
			25.0672591160001,-103.283588025,0
			25.0667271490001,-103.282983077,0
			25.065139673,-103.28124832,0
			25.0648424050001,-103.280875598,0
			25.0646258930001,-103.280643587,0
			25.064400682,-103.28036151,0
			25.0635269340001,-103.279056499,0
			25.0632118560001,-103.278633612,0
			25.0629694300001,-103.278231449,0
			25.0628447940001,-103.277890401,0
			25.0628096150002,-103.277740127,0
			25.0628014020001,-103.277630103,0
			25.0628022940002,-103.277520168,0
			25.0628863790001,-103.277251138,0
			25.062969976,-103.277042045,0
			25.0631084080001,-103.276803535,0
			25.0633199670001,-103.276525735,0
			25.0636701180002,-103.27598943,0
			25.0641948490002,-103.275244934,0
			25.0644252370001,-103.274887357,0
			25.0645550590002,-103.27458876,0
			25.064592829,-103.274419221,0
			25.0645942850002,-103.274239331,0
			25.0645500920002,-103.274078971,0
			25.0643135540001,-103.273628739,0
			25.0640789160001,-103.273386568,0
			25.0636362910001,-103.272982462,0
			25.063301466,-103.272749314,0
			25.0626766110001,-103.272373408,0
			25.0623140890002,-103.272189976,0
			25.0619780640002,-103.27210675,0
			25.0617330250001,-103.272024393,0
			25.0609819020002,-103.271507352,0
			25.0605925620001,-103.271263685,0
			25.0604301430001,-103.271092204,0
			25.0603501040001,-103.270861545,0
			25.0603173380001,-103.270411462,0
			25.060352299,-103.269462294,0
			25.0603337750001,-103.268372693,0
			25.0602626810001,-103.267524076,0
			25.060159207,-103.266813459,0
			25.0598165390001,-103.265290931,0
			25.0596750530001,-103.264779841,0
			25.0592905590001,-103.263638681,0
			25.0590048720002,-103.262753509,0
			25.0585493070001,-103.262180339,0
			25.0580996530002,-103.261774374,0
			25.0573861630001,-103.261324322,0
			25.0571248170002,-103.261250595,0
			25.0567821620002,-103.261156728,0
			25.056370972,-103.261047108,0
			25.056012482,-103.260986405,0
			25.0554152070001,-103.261012896,0
			25.0548958090001,-103.26109393,0
			25.054395212,-103.261271914,0
			25.0541682420001,-103.26150633,0
			25.0538885830001,-103.262202728,0
			25.053745098,-103.263007975,0
			25.053672362,-103.263534274,0
			25.0536033570001,-103.264184481,0
			25.053633872,-103.264764374,0
			25.0537443400002,-103.265238748,0
			25.0538557380001,-103.265597268,0
			25.0540205230002,-103.265879001,0
			25.0542910780001,-103.266123108,0
			25.0545618660001,-103.266338275,0
			25.0548750860001,-103.266452344,0
			25.055244757,-103.266682365,0
			25.0554887410001,-103.26689461,0
			25.055658983,-103.267226074,0
			25.0557812970002,-103.267856918,0
			25.0557674550001,-103.26844644,0
			25.0556467490001,-103.268745112,0
			25.0554803810002,-103.269063312,0
			25.055150303,-103.269369927,0
			25.0548938320001,-103.269577313,0
			25.05452897,-103.269683704,0
			25.0534184520002,-103.26972289,0
			25.0529546250001,-103.269688394,0
			25.0526276080001,-103.269615265,0
			25.0523825660001,-103.269532916,0
			25.050810638,-103.269059453,0
			25.0503072800001,-103.268912428,0
			25.0498299000001,-103.268751439,0
			25.0494994370002,-103.268720806,0
			25.0491433260001,-103.268788898,0
			25.0489841960001,-103.268933167,0
			25.0488379140001,-103.269049768,0
			25.048728763,-103.269263956,0
			25.0485793350001,-103.269578512,0
			25.048447857,-103.270808324,0
			25.0484459840002,-103.27082584,0
			25.0484021570002,-103.271235761,0
			25.0483063950001,-103.27182447,0
			25.0481201390001,-103.272352324,0
			25.047898027,-103.272809876,0
			25.047503271,-103.27341048,0
			25.047108838,-103.273796382,0
			25.0465225140002,-103.274280362,0
			25.046257186,-103.274457653,0
			25.0459477190001,-103.274464629,0
			25.0457185180001,-103.274406376,0
			25.0454076980001,-103.274211797,0
			25.0451625010002,-103.273985883,0
			25.044370757,-103.273068153,0
			25.043964765,-103.27255191,0
			25.0435121180001,-103.271924835,0
			25.0429554610002,-103.271179077,0
			25.042513605,-103.270587127,0
			25.0419801150001,-103.270122282,0
			25.0415616600001,-103.2698641,0
			25.041164032,-103.269629219,0
			25.0408281880001,-103.269556618,0
			25.0406184950001,-103.269485289,0
			25.0402424580001,-103.269452005,0
			25.0399365320001,-103.269674802,0
			25.039678258,-103.270105749,0
			25.039330642,-103.271420907,0
			25.039258843,-103.271719204,0
			25.039249931,-103.271756233,0
			25.03912503,-103.272275139,0
			25.0387491980001,-103.273578694,0
			25.038334572,-103.274514985,0
			25.0378172670001,-103.275243827,0
			25.037186164,-103.275845396,0
			25.0367053850001,-103.276314818,0
			25.036342126,-103.276656241,0
			25.035709679,-103.277212189,0
			25.035366739,-103.277452139,0
			25.0350107810001,-103.27766991,0
			25.034790855,-103.277857616,0
			25.0346141650001,-103.278015219,0
			25.0344060990001,-103.277987743,0
			25.0341992220002,-103.277871819,0
			25.0340543570002,-103.277780472,0
			25.033938012,-103.277539506,0
			25.0337863240001,-103.277168287,0
			25.033699388,-103.276667794,0
			25.0336796180002,-103.275738292,0
			25.0335606940001,-103.274996548,0
			25.033375182,-103.274212176,0
			25.0332089820001,-103.273477311,0
			25.033049276,-103.273034394,0
			25.0330450430001,-103.273022655,0
			25.0329775700002,-103.272835531,0
			25.0327288340002,-103.272083649,0
			25.0321665480002,-103.270719181,0
			25.032049481,-103.270500571,0
			25.031951387,-103.270317393,0
			25.0317078750002,-103.27004522,0
			25.0310396770001,-103.269399211,0
			25.0304155150002,-103.268933493,0
			25.0299453710002,-103.268656914,0
			25.029564318,-103.268513317,0
			25.028803823,-103.268026297,0
			25.028043729,-103.267489336,0
			25.0278109150001,-103.267415889,0
			25.027716947,-103.267386245,0
			25.02747127,-103.267383863,0
			25.0272809530002,-103.267445858,0
			25.0270597760001,-103.26762968,0
			25.0269125710001,-103.267828092,0
			25.026853953,-103.268327122,0
			25.0268778540001,-103.269196345,0
			25.026867275,-103.269746968,0
			25.0267598610001,-103.270156749,0
			25.0266246750001,-103.270511236,0
			25.0265071380002,-103.270791346,0
			25.0261881330002,-103.271551577,0
			25.0261438510001,-103.271646945,0
			25.0260731240002,-103.271799263,0
			25.0259533820002,-103.272057138,0
			25.0256935350001,-103.272464141,0
			25.0253443520001,-103.272854284,0
			25.025068934,-103.273151357,0
			25.024712198,-103.273377699,0
			25.0241638800001,-103.273662115,0
			25.0236153310001,-103.273976508,0
			25.0233598890001,-103.274053965,0
			25.0230410020001,-103.274100806,0
			25.0217939600001,-103.274138614,0
			25.021087053,-103.274110493,0
			25.0209024990002,-103.274034169,0
			25.0191053220001,-103.272774983,0
			25.0179377840001,-103.272079803,0
			25.017603351,-103.271796778,0
			25.0166803710001,-103.271148351,0
			25.015659597,-103.270469539,0
			25.0144848650002,-103.269430372,0
			25.0137900040001,-103.268614996,0
			25.0135187120001,-103.26840255,0
			25.0129679890001,-103.267857671,0
			25.0123898800001,-103.26732254,0
			25.0119568820001,-103.266848759,0
			25.0113397580001,-103.26574494,0
			25.0112660880002,-103.265613173,0
			25.0106894280001,-103.264898244,0
			25.010122568,-103.264093483,0
			25.0094838020001,-103.263409472,0
			25.0089890970002,-103.262685361,0
			25.0082969200002,-103.261619646,0
			25.007521878,-103.26067305,0
			25.006973273,-103.25985851,0
			25.005627491,-103.257599335,0
			25.0053179110001,-103.256678705,0
			25.004993144,-103.25608507,0
			25.0047540880001,-103.255616085,0
			25.0040316,-103.254596848,0
			25.0033722610001,-103.253971106,0
			25.0028126960001,-103.253386295,0
			25.002243322,-103.252891322,0
			25.0012881040001,-103.251935908,0
			25.0006127670001,-103.25112704,0
			25.0000798720001,-103.250525709,0
			24.9997393190001,-103.250164918,0
			24.9994936250002,-103.249860757,0
			24.9989255070001,-103.249205976,0
			24.9984638000001,-103.248901851,0
			24.9980211640001,-103.24848804,0
			24.9973576500001,-103.247768351,0
			24.996960433,-103.247364971,0
			24.9966628990001,-103.246974946,0
			24.9964131720001,-103.246674751,0
			24.9960266030002,-103.24656307,0
			24.9954893070001,-103.246543043,0
			24.9950707670002,-103.246605099,0
			24.9945884220001,-103.246769341,0
			24.9941337210001,-103.247110388,0
			24.9938477460001,-103.247356694,0
			24.9936088640001,-103.24788457,0
			24.9933695670001,-103.248221933,0
			24.993034782,-103.248541029,0
			24.9928025590001,-103.248655679,0
			24.992524963,-103.248658086,0
			24.9919842740001,-103.248478427,0
			24.9915686210001,-103.248104841,0
			24.9911324620002,-103.247635849,0
			24.9908599340002,-103.247164311,0
			24.9906706030001,-103.246757956,0
			24.9903653760001,-103.246241518,0
			24.9900681710001,-103.24584909,0
			24.9897692250001,-103.245676432,0
			24.9892238840002,-103.245591324,0
			24.9887415990002,-103.245586729,0
			24.9882586010002,-103.245672026,0
			24.9877478250002,-103.245816984,0
			24.9867715830001,-103.246286065,0
			24.9863697700001,-103.246462047,0
			24.9860602160001,-103.246479077,0
			24.9856780260001,-103.246475432,0
			24.9852331770001,-103.246341331,0
			24.9845896240001,-103.246015552,0
			24.9832587650002,-103.245143814,0
			24.9830494650001,-103.245141821,0
			24.9824627960002,-103.245363779,0
			24.9821821940002,-103.245628262,0
			24.9820486280001,-103.245813409,0
			24.9817957330001,-103.246163967,0
			24.9813532510001,-103.246878923,0
			24.9810667240001,-103.247435554,0
			24.9808255390001,-103.248012598,0
			24.9806218580001,-103.248450152,0
			24.9803647570002,-103.248737376,0
			24.979559382,-103.249497507,0
			24.9792831400001,-103.249715905,0
			24.9788438940002,-103.250021345,0
			24.9772836010002,-103.250619137,0
			24.9752669070001,-103.251309014,0
			24.9749016420001,-103.251465318,0
			24.9735186140001,-103.251664323,0
			24.973017252,-103.251769391,0
			24.9725150150001,-103.251984318,0
			24.971975694,-103.252237091,0
			24.9711077490001,-103.252523866,0
			24.9704040530001,-103.252591297,0
			24.9701742990001,-103.252646807,0
			24.9700147470001,-103.252829309,0
			24.9699048280001,-103.252918143,0
			24.9698491990002,-103.253047453,0
			24.9698477670001,-103.253227232,0
			24.9699262860001,-103.253984647,0
			24.9699403440002,-103.254504141,0
			24.9699136220001,-103.255572591,0
			24.9697676170002,-103.256767432,0
			24.9695819310001,-103.257320546,0
			24.9693089540002,-103.257800484,0
			24.9689376260002,-103.258213072,0
			24.968332888,-103.258643599,0
			24.9678941010001,-103.258889071,0
			24.9675835030001,-103.259035901,0
			24.9670094200001,-103.259130246,0
			24.966709286,-103.259107377,0
			24.9663576210001,-103.258994164,0
			24.9662683740001,-103.258999071,0
			24.9659108700002,-103.258915172,0
			24.9655257490001,-103.258686695,0
			24.9653895600001,-103.258656585,0
			24.9652529900001,-103.258672553,0
			24.9651210790001,-103.25876343,0
			24.9646587760001,-103.259145899,0
			24.9645162140001,-103.258978048,0
			24.9623335260001,-103.256408232,0
			24.9331408670001,-103.222051188,0
			24.9330928900002,-103.221994745,0
			24.8824311470001,-103.162429292,0
			24.861703433,-103.138080128,0
			24.8265318910001,-103.096791959,0
			24.8263998940001,-103.096552893,0
			24.826296487,-103.096364329,0
			24.8262176630001,-103.09621912,0
			24.8261594180001,-103.096110123,0
			24.8261177450001,-103.096030191,0
			24.826088639,-103.09597218,0
			24.8260680950001,-103.095928946,0
			24.8260521070001,-103.095893344,0
			24.8260372380001,-103.095859377,0
			24.826022331,-103.095825641,0
			24.8260068000001,-103.09579188,0
			24.8259900540002,-103.095757838,0
			24.8259715070001,-103.095723259,0
			24.8259505710002,-103.095687887,0
			24.8259266570001,-103.095651466,0
			24.825899179,-103.09561374,0
			24.8258677560002,-103.095574543,0
			24.8258328480001,-103.095534076,0
			24.8257951190001,-103.095492627,0
			24.8257552390002,-103.095450486,0
			24.8257138720001,-103.095407942,0
			24.8256716870002,-103.095365287,0
			24.8256293500002,-103.095322809,0
			24.8255875270002,-103.095280797,0
			24.8255467150001,-103.09523944,0
			24.8255067240001,-103.095198515,0
			24.8254671930001,-103.095157698,0
			24.8254277620002,-103.095116665,0
			24.8253880700001,-103.09507509,0
			24.8253477560001,-103.09503265,0
			24.8253064590002,-103.09498902,0
			24.8252638200001,-103.094943876,0
			24.8252196070001,-103.094897019,0
			24.8251741060001,-103.094848757,0
			24.825127734,-103.094799518,0
			24.825080906,-103.094749737,0
			24.8250340390002,-103.094699845,0
			24.824987551,-103.094650273,0
			24.8249418550002,-103.094601454,0
			24.824897369,-103.09455382,0
			24.8248544280002,-103.094507755,0
			24.8248130440001,-103.094463448,0
			24.8247731480002,-103.094421045,0
			24.824734672,-103.094380687,0
			24.824697547,-103.094342519,0
			24.8246617050001,-103.094306684,0
			24.8246270750001,-103.094273325,0
			24.8245935900001,-103.094242585,0
			24.8245611290001,-103.094214516,0
			24.8245293540001,-103.094188814,0
			24.8244978800001,-103.094165082,0
			24.824466316,-103.094142921,0
			24.824434276,-103.094121937,0
			24.8244013720001,-103.094101734,0
			24.8243672130001,-103.094081912,0
			24.8243314130002,-103.094062077,0
			24.8242937110001,-103.094041892,0
			24.8242543550002,-103.094021257,0
			24.8242137200001,-103.094000131,0
			24.824172182,-103.093978473,0
			24.8241301160001,-103.093956243,0
			24.8240878980001,-103.093933401,0
			24.8240459030001,-103.093909906,0
			24.824004508,-103.093885717,0
			24.8239640090001,-103.093860816,0
			24.823924389,-103.093835272,0
			24.8238855560001,-103.093809175,0
			24.823847415,-103.093782614,0
			24.8238098720001,-103.093755682,0
			24.823772832,-103.093728467,0
			24.8237362010001,-103.093701061,0
			24.8236998870001,-103.093673554,0
			24.8236638210001,-103.093646032,0
			24.8236280440001,-103.093618555,0
			24.8235926250001,-103.093591181,0
			24.8235576330001,-103.093563969,0
			24.8235231350001,-103.093536973,0
			24.8234892000002,-103.093510251,0
			24.8234558960001,-103.093483861,0
			24.823423292,-103.093457858,0
			24.8233914170002,-103.093432267,0
			24.823360139,-103.093406976,0
			24.823329293,-103.093381842,0
			24.823298708,-103.093356719,0
			24.8232682150001,-103.093331463,0
			24.8232376460002,-103.093305931,0
			24.8232068310002,-103.093279978,0
			24.8231756030001,-103.093253457,0
			24.8231438490001,-103.093226248,0
			24.823111694,-103.093198314,0
			24.8230793180002,-103.093169639,0
			24.8230469000002,-103.093140208,0
			24.8230146220002,-103.093110006,0
			24.8229826650001,-103.093079017,0
			24.8229512090002,-103.093047226,0
			24.8229204350001,-103.093014618,0
			24.8228904960002,-103.092981181,0
			24.8228614380001,-103.092946914,0
			24.822833277,-103.092911819,0
			24.822806031,-103.092875897,0
			24.8227797170002,-103.092839153,0
			24.8227543530001,-103.092801587,0
			24.8227299550002,-103.092763203,0
			24.822706542,-103.092724001,0
			24.8226841040002,-103.092683881,0
			24.8226625220001,-103.092642329,0
			24.8226416540001,-103.092598729,0
			24.8226213520001,-103.092552462,0
			24.8226014750002,-103.092502911,0
			24.8225818750001,-103.092449461,0
			24.8225624090001,-103.092391493,0
			24.822542932,-103.092328389,0
			24.8225232830001,-103.092259768,0
			24.822503231,-103.092186184,0
			24.8224825300002,-103.092108427,0
			24.8224609310001,-103.092027285,0
			24.822438189,-103.091943547,0
			24.822414054,-103.091858004,0
			24.8223882820002,-103.091771444,0
			24.8223606250002,-103.091684656,0
			24.8223309210002,-103.091598309,0
			24.8222993500002,-103.091512595,0
			24.8222661780001,-103.091427581,0
			24.8222316700001,-103.091343336,0
			24.822196093,-103.091259931,0
			24.8221597120001,-103.091177435,0
			24.822122791,-103.091095917,0
			24.8220855990001,-103.091015446,0
			24.8220483410001,-103.090936043,0
			24.822010995,-103.090857516,0
			24.821973482,-103.090779627,0
			24.8219357210002,-103.090702136,0
			24.8218976320001,-103.090624805,0
			24.821859133,-103.09054739,0
			24.8218201450002,-103.090469657,0
			24.821780588,-103.090391362,0
			24.8217404170002,-103.090312291,0
			24.8216997320001,-103.090232333,0
			24.8216586720001,-103.090151399,0
			24.821617372,-103.090069399,0
			24.8215759700001,-103.089986248,0
			24.8215346000001,-103.089901857,0
			24.8214934030001,-103.089816137,0
			24.8214525130002,-103.089729001,0
			24.8214120870002,-103.089640508,0
			24.821372368,-103.089551309,0
			24.8213336160002,-103.0894622,0
			24.8212960940001,-103.089373979,0
			24.8212600620001,-103.089287443,0
			24.821225783,-103.08920339,0
			24.8211935180001,-103.089122616,0
			24.821163529,-103.08904592,0
			24.8211359590001,-103.088973843,0
			24.821110474,-103.0889059,0
			24.8210866220002,-103.08884135,0
			24.8210639510002,-103.088779455,0
			24.82104201,-103.088719472,0
			24.8210203470001,-103.088660661,0
			24.8209985080002,-103.088602284,0
			24.820976042,-103.088543598,0
			24.8209526250002,-103.088484046,0
			24.82092844,-103.0884238,0
			24.8209037960002,-103.088363215,0
			24.820879002,-103.088302645,0
			24.820854369,-103.088242444,0
			24.8208302080001,-103.088182968,0
			24.8208068280001,-103.088124569,0
			24.8207845390001,-103.088067605,0
			24.8207635770002,-103.088012307,0
			24.8207438790001,-103.087958429,0
			24.820725311,-103.087905604,0
			24.8207077360001,-103.08785346,0
			24.820691019,-103.087801634,0
			24.8206750230001,-103.087749754,0
			24.8206596120002,-103.087697455,0
			24.8206446510001,-103.087644367,0
			24.8206300230001,-103.087590215,0
			24.8206156880001,-103.087535091,0
			24.8206016250001,-103.087479178,0
			24.820587813,-103.087422659,0
			24.8205742330001,-103.08736572,0
			24.8205608610001,-103.087308544,0
			24.8205476800002,-103.087251315,0
			24.8205346660001,-103.087194216,0
			24.8205218080001,-103.087137046,0
			24.8205091270001,-103.08707806,0
			24.820496652,-103.08701513,0
			24.820484412,-103.086946125,0
			24.8204724360002,-103.086868916,0
			24.8204607510002,-103.086781374,0
			24.8204493890001,-103.086681367,0
			24.8204383790001,-103.086566768,0
			24.8204277080002,-103.086436167,0
			24.8204172030001,-103.086291036,0
			24.8204066500001,-103.086133567,0
			24.8203958350001,-103.085965955,0
			24.820384543,-103.085790391,0
			24.8203725630001,-103.085609068,0
			24.8203596770001,-103.085424179,0
			24.8203456750001,-103.085237917,0
			24.8203303720001,-103.08505203,0
			24.8203137170001,-103.084866496,0
			24.8202956900001,-103.084680847,0
			24.8202762680001,-103.084494615,0
			24.8202554330001,-103.084307334,0
			24.8202331650002,-103.084118534,0
			24.8202094410001,-103.08392775,0
			24.820184243,-103.083734515,0
			24.8201576390001,-103.083538935,0
			24.8201300630001,-103.083343427,0
			24.8201020410002,-103.083150979,0
			24.8200740950001,-103.082964581,0
			24.8200467510002,-103.082787224,0
			24.8200205310001,-103.082621895,0
			24.8199959600001,-103.082471588,0
			24.8199735630002,-103.082339289,0
			24.8199536970001,-103.082227059,0
			24.8199360480002,-103.082133228,0
			24.819920139,-103.082055196,0
			24.8199054880001,-103.081990362,0
			24.8198916170001,-103.081936128,0
			24.8198780460002,-103.08188989,0
			24.8198642960001,-103.081849052,0
			24.8198498860002,-103.081811011,0
			24.8198344570002,-103.08177359,0
			24.8198181270001,-103.081736289,0
			24.819801134,-103.081699034,0
			24.8197837130001,-103.08166175,0
			24.8197661040002,-103.08162436,0
			24.819748543,-103.081586788,0
			24.8197312700001,-103.081548961,0
			24.8197145180001,-103.0815108,0
			24.819698466,-103.081472187,0
			24.8196830350001,-103.081432826,0
			24.819668084,-103.08139238,0
			24.819653476,-103.081350509,0
			24.819639069,-103.081306875,0
			24.8196247240002,-103.081261137,0
			24.8196103010001,-103.081212959,0
			24.8195956600001,-103.081162001,0
			24.8195807130002,-103.081108074,0
			24.8195655830002,-103.081051594,0
			24.819550442,-103.080993124,0
			24.8195354610002,-103.080933227,0
			24.8195208180001,-103.080872471,0
			24.8195066820002,-103.080811417,0
			24.819493229,-103.080750632,0
			24.819480631,-103.08069068,0
			24.819469014,-103.080632014,0
			24.8194583060001,-103.080574652,0
			24.819448391,-103.0805185,0
			24.8194391490002,-103.080463466,0
			24.8194304620001,-103.080409454,0
			24.819422213,-103.080356374,0
			24.819414282,-103.080304132,0
			24.8194065510002,-103.080252634,0
			24.8193989390001,-103.080201758,0
			24.8193915100001,-103.080151262,0
			24.8193843650001,-103.080100876,0
			24.8193776050001,-103.080050331,0
			24.8193713320002,-103.079999357,0
			24.8193656460001,-103.079947681,0
			24.8193606490001,-103.079895035,0
			24.8193564430001,-103.079841147,0
			24.8193532280001,-103.079785648,0
			24.8193516120001,-103.079727759,0
			24.819352302,-103.079666603,0
			24.819356005,-103.079601302,0
			24.819363428,-103.079530977,0
			24.819375279,-103.079454751,0
			24.8193922660001,-103.079371747,0
			24.8194150950001,-103.079281085,0
			24.819444145,-103.079182293,0
			24.8194784770001,-103.07907652,0
			24.8195168220001,-103.078965316,0
			24.8195579100001,-103.078850235,0
			24.8196004760001,-103.07873283,0
			24.8196432480001,-103.078614653,0
			24.8196849600002,-103.078497256,0
			24.8197243420001,-103.078382193,0
			24.8197604040002,-103.078270754,0
			24.8197932690002,-103.078163182,0
			24.8198233330002,-103.078059459,0
			24.8198509970002,-103.077959563,0
			24.81987666,-103.077863479,0
			24.8199007220001,-103.077771186,0
			24.819923582,-103.077682665,0
			24.819945639,-103.077597897,0
			24.819967193,-103.077516813,0
			24.819988156,-103.077439151,0
			24.8200083420001,-103.077364597,0
			24.8200275600001,-103.07729284,0
			24.8200456250001,-103.077223564,0
			24.8200623500001,-103.077156457,0
			24.8200775460002,-103.077091206,0
			24.8200910270001,-103.077027499,0
			24.8201026600001,-103.076965058,0
			24.8201125320001,-103.076903745,0
			24.8201207860002,-103.076843456,0
			24.8201275650001,-103.076784091,0
			24.820133013,-103.076725547,0
			24.8201372710002,-103.076667719,0
			24.8201404820001,-103.076610509,0
			24.82014279,-103.07655381,0
			24.8201443160002,-103.076497543,0
			24.820145106,-103.076441711,0
			24.8201451820001,-103.076386342,0
			24.8201445660002,-103.076331461,0
			24.8201432840001,-103.076277093,0
			24.8201413580001,-103.076223265,0
			24.8201388120001,-103.076170002,0
			24.8201356700002,-103.076117331,0
			24.8201319310001,-103.076065246,0
			24.8201275030001,-103.076013622,0
			24.8201222660001,-103.075962302,0
			24.8201161050001,-103.075911129,0
			24.8201089020001,-103.075859947,0
			24.8201005400001,-103.0758086,0
			24.8200909010001,-103.075756931,0
			24.8200798670001,-103.075704783,0
			24.820067292,-103.075651987,0
			24.8200528990001,-103.07559832,0
			24.820036381,-103.075543545,0
			24.8200174340001,-103.075487426,0
			24.819995751,-103.075429728,0
			24.8199710250001,-103.075370213,0
			24.8199429490001,-103.075308646,0
			24.8199112180001,-103.075244791,0
			24.819875691,-103.075178507,0
			24.8198368870001,-103.075110042,0
			24.8197954890002,-103.075039738,0
			24.819752184,-103.074967939,0
			24.8197076550002,-103.074894987,0
			24.8196625860001,-103.074821227,0
			24.819617663,-103.074747001,0
			24.8195735690001,-103.074672652,0
			24.8195309030002,-103.07459845,0
			24.81948992,-103.074524377,0
			24.8194507910001,-103.074450339,0
			24.8194136830001,-103.074376246,0
			24.8193787690001,-103.074302004,0
			24.8193462140001,-103.07422752,0
			24.8193161910002,-103.074152704,0
			24.8192888680001,-103.074077462,0
			24.8192643150001,-103.074001686,0
			24.8192422010001,-103.0739252,0
			24.8192220930002,-103.073847811,0
			24.8192035600001,-103.073769326,0
			24.8191861720001,-103.073689553,0
			24.8191694970001,-103.073608299,0
			24.819153102,-103.073525371,0
			24.8191365580001,-103.073440576,0
			24.8191195570002,-103.073353605,0
			24.819102289,-103.073263682,0
			24.8190850700001,-103.073169913,0
			24.819068215,-103.073071405,0
			24.8190520410001,-103.072967265,0
			24.8190368620002,-103.072856598,0
			24.8190229910001,-103.072738512,0
			24.8190107480002,-103.072612113,0
			24.819000304,-103.072476874,0
			24.8189912760001,-103.072333734,0
			24.818983136,-103.072183996,0
			24.8189753600001,-103.072028968,0
			24.8189719430001,-103.071960512,0
			24.8189674220001,-103.07186995,0
			24.8189587960001,-103.071708251,0
			24.8189489550001,-103.071545173,0
			24.8189373750001,-103.071382021,0
			24.818923695,-103.071219995,0
			24.818908218,-103.071059876,0
			24.8188914090002,-103.070902339,0
			24.818873738,-103.070748059,0
			24.8188556710001,-103.070597711,0
			24.8188376750002,-103.070451971,0
			24.8188202190001,-103.070311514,0
			24.8188037690002,-103.070177017,0
			24.8187886180001,-103.070048901,0
			24.818774353,-103.069926587,0
			24.8187603890001,-103.069809242,0
			24.8187461380001,-103.069696033,0
			24.818731013,-103.069586128,0
			24.8187144280002,-103.069478695,0
			24.8186957940001,-103.0693729,0
			24.8186745260001,-103.069267911,0
			24.818650158,-103.069163017,0
			24.818622712,-103.069057995,0
			24.8185923310001,-103.068952742,0
			24.8185591560001,-103.068847153,0
			24.8185233310001,-103.068741127,0
			24.8184849990001,-103.068634561,0
			24.8184443030001,-103.068527352,0
			24.8184013850001,-103.068419399,0
			24.8183563530001,-103.068310614,0
			24.8183091720001,-103.06820098,0
			24.8182597700001,-103.068090498,0
			24.8182080770001,-103.067979165,0
			24.8181540220002,-103.067866984,0
			24.8180975330002,-103.067753952,0
			24.8180385390001,-103.067640071,0
			24.8179769710002,-103.067525338,0
			24.8179126780001,-103.067409619,0
			24.8178451990001,-103.06729224,0
			24.8177739950001,-103.067172392,0
			24.8176985260001,-103.067049263,0
			24.8176182540001,-103.066922045,0
			24.8175326370002,-103.066789929,0
			24.8174411360001,-103.066652105,0
			24.8173432140001,-103.066507763,0
			24.8172387590002,-103.066356635,0
			24.8171293880001,-103.06620061,0
			24.8170171410002,-103.066042121,0
			24.816904065,-103.0658836,0
			24.8167922050002,-103.065727477,0
			24.8166836030001,-103.065576184,0
			24.8165803050001,-103.065432152,0
			24.816484354,-103.065297812,0
			24.816397337,-103.065175016,0
			24.8163190090001,-103.065063299,0
			24.8162486660001,-103.064961618,0
			24.8161856050001,-103.064868926,0
			24.8161291220001,-103.064784181,0
			24.816078514,-103.064706336,0
			24.816033078,-103.064634349,0
			24.8159921090001,-103.064567174,0
			24.8159548100001,-103.06450353,0
			24.815919996,-103.064441184,0
			24.815886391,-103.064377669,0
			24.8158527130001,-103.064310515,0
			24.8158176860001,-103.064237253,0
			24.8157800310001,-103.064155415,0
			24.8157384690001,-103.064062529,0
			24.8156917210001,-103.06395613,0
			24.8156388020001,-103.063834546,0
			24.8155799100002,-103.063699304,0
			24.8155155340002,-103.063552728,0
			24.815446165,-103.063397145,0
			24.8153722920001,-103.063234881,0
			24.8152944080002,-103.063068259,0
			24.8152130010001,-103.062899606,0
			24.8151285620001,-103.062731248,0
			24.8150416590001,-103.062565267,0
			24.8149531630001,-103.062402778,0
			24.8148640240001,-103.062244651,0
			24.8147751920002,-103.06209176,0
			24.814687614,-103.061944975,0
			24.8146022420001,-103.061805169,0
			24.8145200230001,-103.061673214,0
			24.8144419080002,-103.061549981,0
			24.8143686560001,-103.061436001,0
			24.8143002750001,-103.061330446,0
			24.814236582,-103.061232146,0
			24.8141773960001,-103.06113993,0
			24.814122534,-103.06105263,0
			24.8140718160001,-103.060969077,0
			24.8140250580001,-103.060888099,0
			24.8139820800001,-103.060808529,0
			24.8139426860001,-103.060729342,0
			24.8139066310002,-103.060650104,0
			24.8138736560001,-103.060570529,0
			24.813843504,-103.060490327,0
			24.8138159150001,-103.060409212,0
			24.8137906320001,-103.060326895,0
			24.813767395,-103.060243091,0
			24.8137459480001,-103.060157509,0
			24.8137260190002,-103.06006998,0
			24.8137072850002,-103.059980799,0
			24.8136894120001,-103.05989038,0
			24.813672066,-103.059799135,0
			24.8136549120001,-103.059707476,0
			24.8136376170002,-103.059615816,0
			24.8136198450001,-103.059524567,0
			24.8136012610001,-103.059434143,0
			24.8135815710001,-103.059344874,0
			24.8135606420001,-103.059256763,0
			24.8135383800002,-103.059169732,0
			24.8135146890001,-103.059083702,0
			24.813489476,-103.058998593,0
			24.8134626480002,-103.058914329,0
			24.8134341100001,-103.058830831,0
			24.8134037680001,-103.058748019,0
			24.8133715470001,-103.05866585,0
			24.8133374510002,-103.058584419,0
			24.813301503,-103.058503855,0
			24.813263724,-103.05842429,0
			24.8132241380001,-103.058345853,0
			24.8131827670002,-103.058268672,0
			24.813139634,-103.058192879,0
			24.8130947610002,-103.058118603,0
			24.813047947,-103.058045743,0
			24.8129980970002,-103.057973273,0
			24.812943896,-103.057899937,0
			24.812884024,-103.057824479,0
			24.812817162,-103.057745641,0
			24.8127419940002,-103.057662167,0
			24.8126572030002,-103.0575728,0
			24.8125614680002,-103.057476285,0
			24.8124540980002,-103.057371781,0
			24.8123369070001,-103.057260114,0
			24.812212328,-103.057142531,0
			24.8120828010001,-103.057020274,0
			24.8119507620001,-103.056894588,0
			24.8118186470001,-103.056766715,0
			24.8116888940001,-103.056637903,0
			24.8115639410001,-103.056509391,0
			24.8114457300001,-103.056382217,0
			24.8113342210002,-103.056256577,0
			24.8112288840001,-103.056132456,0
			24.8111291860001,-103.056009845,0
			24.811034593,-103.055888727,0
			24.8109445750001,-103.055769091,0
			24.810858597,-103.055650925,0
			24.810776128,-103.055534214,0
			24.8106967600001,-103.055418959,0
			24.810620586,-103.055305205,0
			24.8105478260002,-103.05519301,0
			24.8104786970001,-103.055082433,0
			24.8104134180001,-103.054973531,0
			24.8103522090001,-103.054866362,0
			24.8102952860001,-103.054760985,0
			24.8102428690001,-103.054657458,0
			24.810195085,-103.054555737,0
			24.8101516980001,-103.054455376,0
			24.8101123790001,-103.054355826,0
			24.8100768000001,-103.054256542,0
			24.8100446340001,-103.054156973,0
			24.8100155530001,-103.054056572,0
			24.8099892280002,-103.053954793,0
			24.8099653320001,-103.053851085,0
			24.8099435620001,-103.05374473,0
			24.8099237120001,-103.053634315,0
			24.8099056070001,-103.053518255,0
			24.8098890650001,-103.053394964,0
			24.8098739090001,-103.053262857,0
			24.8098599580001,-103.053120351,0
			24.8098470340001,-103.05296586,0
			24.8098349580002,-103.052797796,0
			24.809823589,-103.052615393,0
			24.809812939,-103.05242113,0
			24.8098030560002,-103.052218307,0
			24.8097939890001,-103.052010219,0
			24.809785788,-103.051800166,0
			24.809778501,-103.051591445,0
			24.8097721780001,-103.051387353,0
			24.8097668670001,-103.051191187,0
			24.8097626320001,-103.051005656,0
			24.8097595770001,-103.050831116,0
			24.8097578250001,-103.050667334,0
			24.8097574930001,-103.050514077,0
			24.809758705,-103.050371113,0
			24.8097615780001,-103.050238207,0
			24.8097662320002,-103.050115129,0
			24.8097727890001,-103.050001644,0
			24.809781388,-103.049897412,0
			24.8097922510001,-103.049801661,0
			24.8098056210001,-103.049713509,0
			24.8098217410001,-103.049632078,0
			24.8098408550001,-103.049556484,0
			24.8098632050001,-103.04948585,0
			24.8098890320001,-103.049419294,0
			24.809918582,-103.049355935,0
			24.8099521520001,-103.049294945,0
			24.809990268,-103.049235712,0
			24.8100335120001,-103.049177672,0
			24.8100824640001,-103.049120266,0
			24.8101377070001,-103.049062932,0
			24.8101998230001,-103.04900511,0
			24.8102693910001,-103.048946237,0
			24.810346995,-103.048885753,0
			24.8104326650002,-103.048823365,0
			24.810524226,-103.048759863,0
			24.8106189510001,-103.048696303,0
			24.8107141140001,-103.048633744,0
			24.8108069900001,-103.048573245,0
			24.8108948520001,-103.04851586,0
			24.8109749750001,-103.048462651,0
			24.8110446310002,-103.048414672,0
			24.811101786,-103.048372646,0
			24.8111471630001,-103.04833594,0
			24.8111821730002,-103.048303583,0
			24.8112082320001,-103.048274607,0
			24.811226752,-103.048248041,0
			24.811239146,-103.048222916,0
			24.811246829,-103.048198262,0
			24.8112512120001,-103.048173109,0
			24.811253473,-103.048146573,0
			24.8112538530001,-103.048118129,0
			24.8112523530001,-103.048087333,0
			24.8112489760001,-103.048053743,0
			24.811243726,-103.048016919,0
			24.8112366050001,-103.047976419,0
			24.8112276160001,-103.047931802,0
			24.811216763,-103.047882626,0
			24.8112039050002,-103.047828177,0
			24.8111883230002,-103.047766645,0
			24.8111691540001,-103.047695945,0
			24.8111455370002,-103.047613995,0
			24.8111166080002,-103.047518711,0
			24.8110815060001,-103.047408008,0
			24.8110393670001,-103.047279805,0
			24.8109893300001,-103.047132017,0
			24.8109309650002,-103.046963732,0
			24.8108655820002,-103.046778726,0
			24.810794926,-103.046581944,0
			24.810720737,-103.046378333,0
			24.810644762,-103.04617284,0
			24.8105687420002,-103.04597041,0
			24.8104944210001,-103.045775991,0
			24.810423544,-103.045594527,0
			24.8103574930001,-103.045429868,0
			24.8102962130001,-103.045281473,0
			24.8102392890002,-103.045147703,0
			24.810186305,-103.045026918,0
			24.8101368460001,-103.044917481,0
			24.810090496,-103.044817751,0
			24.8100468390001,-103.04472609,0
			24.8100054610002,-103.04464086,0
			24.8099660110001,-103.044560629,0
			24.8099284040001,-103.0444848,0
			24.8098926170001,-103.044412982,0
			24.8098586290001,-103.044344788,0
			24.8098264190001,-103.044279826,0
			24.8097959670001,-103.044217709,0
			24.8097672510002,-103.044158046,0
			24.8097402490001,-103.044100447,0
			24.8097149270001,-103.044044545,0
			24.8096911810001,-103.043990057,0
			24.8096688960001,-103.043936723,0
			24.8096479550001,-103.043884283,0
			24.8096282420001,-103.043832476,0
			24.8096096390001,-103.043781041,0
			24.8095920310001,-103.043729718,0
			24.8095753000002,-103.043678245,0
			24.809559361,-103.043626412,0
			24.809544255,-103.043574194,0
			24.80953005,-103.043521621,0
			24.8095168190001,-103.043468717,0
			24.809504632,-103.043415511,0
			24.8094935600002,-103.043362027,0
			24.8094836740001,-103.043308293,0
			24.8094750440001,-103.043254335,0
			24.8094678100002,-103.043199947,0
			24.8094623860001,-103.04314399,0
			24.809459256,-103.043085091,0
			24.8094589020001,-103.043021879,0
			24.8094618060001,-103.042952981,0
			24.8094684510002,-103.042877026,0
			24.8094793220001,-103.042792642,0
			24.8094949000001,-103.042698455,0
			24.8095154430001,-103.042593759,0
			24.8095403060001,-103.042480505,0
			24.8095686190001,-103.042361307,0
			24.8095995130001,-103.042238782,0
			24.809632117,-103.042115542,0
			24.8096655610001,-103.041994207,0
			24.809698975,-103.041877387,0
			24.8097314890001,-103.041767701,0
			24.8097624540001,-103.041667068,0
			24.8097921030001,-103.041574631,0
			24.8098208870002,-103.041488837,0
			24.809849261,-103.041408132,0
			24.8098776760002,-103.041330965,0
			24.8099065870002,-103.041255784,0
			24.8099364460001,-103.041181034,0
			24.8099677070001,-103.041105164,0
			24.8100008600001,-103.041026624,0
			24.8100365550001,-103.040943883,0
			24.8100754810001,-103.040855409,0
			24.8101183230001,-103.040759675,0
			24.81016577,-103.04065515,0
			24.8102185120001,-103.040540305,0
			24.8102772330001,-103.040413612,0
			24.8103426240001,-103.040273539,0
			24.8104149260002,-103.040119533,0
			24.8104926070001,-103.039954942,0
			24.810573688,-103.039784085,0
			24.8106561930002,-103.039611283,0
			24.8107381420001,-103.03944086,0
			24.810817559,-103.039277135,0
			24.8108924640001,-103.039124431,0
			24.8109608820001,-103.038987068,0
			24.8110213040001,-103.038868233,0
			24.8110741050001,-103.038766577,0
			24.8111201300001,-103.038679613,0
			24.811160226,-103.038604855,0
			24.8111952350002,-103.038539818,0
			24.8112260040002,-103.038482017,0
			24.811253379,-103.038428965,0
			24.8112782030001,-103.038378178,0
			24.8113011830001,-103.038327587,0
			24.8113224580002,-103.038276802,0
			24.8113420270001,-103.038225847,0
			24.8113598910002,-103.038174749,0
			24.8113760500001,-103.038123533,0
			24.8113905050002,-103.038072226,0
			24.811403253,-103.038020853,0
			24.8114142950002,-103.03796944,0
			24.8114236550001,-103.037918023,0
			24.8114314500001,-103.037866671,0
			24.8114378240001,-103.037815464,0
			24.8114429180002,-103.037764481,0
			24.8114468730001,-103.037713799,0
			24.8114498320001,-103.037663498,0
			24.8114519350001,-103.037613658,0
			24.8114533260002,-103.037564357,0
			24.811454034,-103.037515344,0
			24.8114536380002,-103.037465051,0
			24.8114516060002,-103.037411576,0
			24.8114474050001,-103.037353022,0
			24.8114405040001,-103.037287488,0
			24.811430368,-103.037213077,0
			24.8114164660001,-103.037127889,0
			24.811398266,-103.037030023,0
			24.811375465,-103.036918401,0
			24.8113486890001,-103.036795221,0
			24.8113187950001,-103.036663503,0
			24.81128664,-103.036526262,0
			24.8112530780001,-103.03638652,0
			24.8112189680001,-103.036247293,0
			24.8111851670001,-103.0361116,0
			24.811152529,-103.035982459,0
			24.8111217740001,-103.035862234,0
			24.8110930710001,-103.035750671,0
			24.8110664480001,-103.035646861,0
			24.811041936,-103.035549895,0
			24.8110195640002,-103.035458866,0
			24.8109993620001,-103.035372863,0
			24.8109813590001,-103.03529098,0
			24.810965587,-103.035212306,0
			24.8109520490002,-103.03513608,0
			24.8109406520002,-103.035062129,0
			24.8109312780001,-103.034990425,0
			24.8109238090001,-103.034920944,0
			24.8109181230002,-103.034853656,0
			24.8109141050001,-103.034788536,0
			24.8109116360001,-103.034725557,0
			24.8109105970001,-103.034664693,0
			24.810910852,-103.034605884,0
			24.8109122060001,-103.034548944,0
			24.8109144460001,-103.034493654,0
			24.810917358,-103.034439796,0
			24.8109207300001,-103.034387148,0
			24.8109243500001,-103.034335495,0
			24.8109280030001,-103.034284615,0
			24.8109314780002,-103.034234292,0
			24.810934576,-103.034184344,0
			24.8109371690002,-103.034134746,0
			24.8109391400001,-103.034085513,0
			24.8109403760001,-103.034036658,0
			24.81094076,-103.033988196,0
			24.8109401780001,-103.03394014,0
			24.8109385150001,-103.033892504,0
			24.8109356580001,-103.033845302,0
			24.8109315340001,-103.033798572,0
			24.8109262550001,-103.033752449,0
			24.8109199750002,-103.033707092,0
			24.8109128470001,-103.033662659,0
			24.8109050280001,-103.033619309,0
			24.8108966720001,-103.033577202,0
			24.8108879320001,-103.033536494,0
			24.8108789630002,-103.033497346,0
			24.810869864,-103.03345985,0
			24.8108604940001,-103.033423829,0
			24.8108506620002,-103.033389042,0
			24.810840174,-103.033355248,0
			24.8108288330001,-103.033322202,0
			24.8108164470001,-103.033289664,0
			24.8108028200002,-103.033257392,0
			24.8107877580001,-103.033225143,0
			24.8107709720002,-103.03319265,0
			24.8107517950001,-103.033159546,0
			24.8107294640001,-103.03312544,0
			24.810703217,-103.03308994,0
			24.8106722910001,-103.033052652,0
			24.810635926,-103.033013186,0
			24.8105933580001,-103.032971151,0
			24.810543824,-103.032926153,0
			24.810486961,-103.03287804,0
			24.8104239910002,-103.032827612,0
			24.8103565340002,-103.032775911,0
			24.8102862090001,-103.032723978,0
			24.8102146380002,-103.032672852,0
			24.8101434400001,-103.032623575,0
			24.8100742350002,-103.032577187,0
			24.8100086430001,-103.032534727,0
			24.8099475950002,-103.032496851,0
			24.8098892750002,-103.032462664,0
			24.809831172,-103.032430888,0
			24.8097707810001,-103.032400243,0
			24.8097055940001,-103.03236945,0
			24.8096331030001,-103.032337228,0
			24.8095508020001,-103.032302301,0
			24.8094561820001,-103.032263385,0
			24.8093475340002,-103.032219518,0
			24.809226327,-103.032170989,0
			24.8090948280001,-103.032118402,0
			24.8089553020001,-103.032062363,0
			24.8088100150002,-103.032003473,0
			24.808661236,-103.03194234,0
			24.8085112280001,-103.031879566,0
			24.8083622590001,-103.031815755,0
			24.8082163970001,-103.031751432,0
			24.808074918,-103.031686793,0
			24.8079389010001,-103.031621958,0
			24.8078094250002,-103.031557045,0
			24.8076875680001,-103.031492171,0
			24.8075744090001,-103.031427453,0
			24.8074710250001,-103.031363009,0
			24.8073784960001,-103.031298957,0
			24.8072974810001,-103.031235346,0
			24.8072269570001,-103.031171948,0
			24.807165479,-103.031108465,0
			24.8071116090002,-103.031044601,0
			24.8070639000001,-103.030980059,0
			24.807020912,-103.030914541,0
			24.806981201,-103.030847751,0
			24.8069433260002,-103.030779392,0
			24.806906015,-103.030709207,0
			24.8068686950002,-103.0306371,0
			24.8068309620002,-103.030563018,0
			24.806792413,-103.030486903,0
			24.8067526450001,-103.030408703,0
			24.8067112580002,-103.030328361,0
			24.806667847,-103.030245822,0
			24.8066220110002,-103.030161033,0
			24.8065734880001,-103.030074002,0
			24.8065225850001,-103.029985007,0
			24.806469749,-103.029894387,0
			24.8064154290001,-103.029802483,0
			24.8063600720001,-103.029709637,0
			24.8063041270001,-103.029616188,0
			24.806248042,-103.029522478,0
			24.8061922640001,-103.029428849,0
			24.8061372330002,-103.029335623,0
			24.8060833590002,-103.029243055,0
			24.806031042,-103.02915138,0
			24.8059806840001,-103.029060838,0
			24.8059326860001,-103.028971665,0
			24.8058874480001,-103.028884096,0
			24.8058453720001,-103.028798371,0
			24.8058068580002,-103.028714724,0
			24.8057720680001,-103.028633167,0
			24.805740209,-103.028552801,0
			24.8057102420001,-103.028472502,0
			24.805681136,-103.028391147,0
			24.8056518540001,-103.028307611,0
			24.8056213620001,-103.028220768,0
			24.8055886250001,-103.028129495,0
			24.8055526080001,-103.028032666,0
			24.805512555,-103.027929658,0
			24.8054688130001,-103.027821844,0
			24.8054220120001,-103.0277111,0
			24.805372779,-103.027599298,0
			24.8053217400001,-103.027488313,0
			24.8052695230002,-103.027380018,0
			24.8052167550001,-103.027276288,0
			24.8051640650002,-103.027178997,0
			24.8051119890001,-103.027089598,0
			24.8050607170001,-103.027007864,0
			24.8050103460001,-103.026933146,0
			24.8049609770001,-103.026864795,0
			24.8049127070001,-103.026802165,0
			24.804865636,-103.026744605,0
			24.804819864,-103.026691468,0
			24.8047754890002,-103.026642105,0
			24.804732208,-103.02659566,0
			24.8046881180001,-103.026550433,0
			24.804640911,-103.026504521,0
			24.8045882830001,-103.026456014,0
			24.804527926,-103.026403009,0
			24.8044575340001,-103.026343597,0
			24.8043748020002,-103.026275873,0
			24.8042774240001,-103.026197929,0
			24.8041639570002,-103.026108443,0
			24.80403641,-103.026008424,0
			24.8038976580001,-103.025899467,0
			24.8037505750001,-103.025783163,0
			24.8035980340002,-103.025661105,0
			24.8034429080001,-103.025534888,0
			24.8032880720001,-103.025406103,0
			24.8031364000001,-103.025276344,0
			24.8029901410001,-103.0251467,0
			24.802849054,-103.025016247,0
			24.8027122760001,-103.024883557,0
			24.802578942,-103.024747202,0
			24.8024481890001,-103.024605753,0
			24.8023191510001,-103.024457783,0
			24.802190965,-103.024301863,0
			24.8020627670001,-103.024136567,0
			24.8019340690001,-103.02396131,0
			24.8018058910001,-103.023778893,0
			24.8016796320001,-103.023592961,0
			24.8015566870001,-103.023407159,0
			24.8014384550001,-103.023225131,0
			24.8013263330001,-103.023050525,0
			24.8012217170001,-103.022886983,0
			24.8011260060001,-103.022738151,0
			24.8010401710002,-103.022606844,0
			24.8009634860001,-103.022492561,0
			24.800894799,-103.022393966,0
			24.8008329570001,-103.022309728,0
			24.8007768100002,-103.022238514,0
			24.800725205,-103.02217899,0
			24.8006769910002,-103.022129825,0
			24.8006310140001,-103.022089686,0
			24.8005863170001,-103.022057315,0
			24.8005427120002,-103.022031754,0
			24.8005002050001,-103.02201212,0
			24.8004588020002,-103.021997531,0
			24.8004185090001,-103.021987104,0
			24.8003793320001,-103.021979957,0
			24.8003412760002,-103.021975206,0
			24.8003043470001,-103.021971969,0
			24.800268556,-103.021969432,0
			24.8002339250001,-103.021967061,0
			24.8002004790002,-103.021964386,0
			24.8001682470002,-103.021960942,0
			24.8001372550001,-103.021956261,0
			24.8001075280002,-103.021949877,0
			24.8000790950001,-103.021941322,0
			24.8000519810001,-103.021930129,0
			24.800026206,-103.02191584,0
			24.8000017560001,-103.021898031,0
			24.79997861,-103.021876286,0
			24.7999567480002,-103.02185019,0
			24.7999361490001,-103.021819327,0
			24.7999167910002,-103.021783282,0
			24.799898655,-103.021741641,0
			24.7998817180002,-103.021693986,0
			24.7998659960001,-103.021640038,0
			24.7998516380002,-103.021580052,0
			24.7998388340002,-103.02151442,0
			24.7998277700001,-103.021443532,0
			24.799818633,-103.021367779,0
			24.7998116100001,-103.021287552,0
			24.7998068870001,-103.021203243,0
			24.7998046510001,-103.021115241,0
			24.799805054,-103.021023912,0
			24.7998081060001,-103.020929514,0
			24.7998137820001,-103.020832282,0
			24.799822056,-103.020732449,0
			24.7998329030001,-103.020630248,0
			24.7998462980001,-103.020525912,0
			24.7998622160001,-103.020419675,0
			24.7998806290001,-103.020311771,0
			24.7999015010001,-103.02020224,0
			24.799924732,-103.020090367,0
			24.7999502100001,-103.01997524,0
			24.7999778220001,-103.01985595,0
			24.8000074560001,-103.019731587,0
			24.8000390010001,-103.019601243,0
			24.8000723440001,-103.019464007,0
			24.8001073710001,-103.019318972,0
			24.800143932,-103.019165848,0
			24.8001817140001,-103.019006845,0
			24.800220369,-103.018844793,0
			24.8002595450001,-103.018682523,0
			24.8002988910001,-103.018522865,0
			24.800338057,-103.01836865,0
			24.800376693,-103.018222708,0
			24.800414448,-103.018087871,0
			24.8004510470001,-103.017966249,0
			24.800486521,-103.017857075,0
			24.800520973,-103.017758863,0
			24.80055451,-103.017670126,0
			24.8005872380001,-103.017589379,0
			24.8006192600001,-103.017515134,0
			24.8006506830001,-103.017445906,0
			24.8006816130002,-103.017380209,0
			24.800712109,-103.017316651,0
			24.8007420560001,-103.017254231,0
			24.8007712940001,-103.017192043,0
			24.8007996610002,-103.01712918,0
			24.800827,-103.017064735,0
			24.8008531470002,-103.016997803,0
			24.8008779440001,-103.016927479,0
			24.8009012300001,-103.016852856,0
			24.8009228770001,-103.016773377,0
			24.8009428930001,-103.016689887,0
			24.800961317,-103.016603581,0
			24.8009781880001,-103.016515652,0
			24.8009935470001,-103.016427296,0
			24.8010074310001,-103.016339708,0
			24.8010198830001,-103.016254081,0
			24.8010309410001,-103.01617161,0
			24.8010406300001,-103.016093222,0
			24.8010489210002,-103.016018769,0
			24.801055767,-103.015947835,0
			24.801061126,-103.015880004,0
			24.8010649500002,-103.015814861,0
			24.8010671970001,-103.01575199,0
			24.8010678200001,-103.015690976,0
			24.8010667760001,-103.015631402,0
			24.8010640140001,-103.015572897,0
			24.801059471,-103.015515259,0
			24.8010530740001,-103.015458335,0
			24.8010447560001,-103.015401965,0
			24.8010344450001,-103.015345996,0
			24.8010220730001,-103.01529027,0
			24.8010075690001,-103.015234632,0
			24.800990863,-103.015178924,0
			24.8009719090001,-103.015123026,0
			24.8009507540002,-103.015066955,0
			24.8009274690001,-103.015010764,0
			24.8009021240001,-103.014954505,0
			24.800874789,-103.014898231,0
			24.8008455360002,-103.014841996,0
			24.8008144340001,-103.014785849,0
			24.8007815550001,-103.014729846,0
			24.8007469800002,-103.01467403,0
			24.8007108400002,-103.014618411,0
			24.800673277,-103.014562988,0
			24.8006344340001,-103.014507763,0
			24.8005944530001,-103.014452738,0
			24.8005534760001,-103.014397912,0
			24.8005116450001,-103.014343288,0
			24.8004691020001,-103.014288865,0
			24.800425951,-103.014234682,0
			24.8003821350001,-103.014180936,0
			24.800337556,-103.014127858,0
			24.8002921190001,-103.014075682,0
			24.8002457270002,-103.014024639,0
			24.8001982850001,-103.013974964,0
			24.800149695,-103.013926889,0
			24.800099861,-103.013880647,0
			24.800048561,-103.01383631,0
			24.7999950740002,-103.013793305,0
			24.7999385510001,-103.013750899,0
			24.799878144,-103.01370836,0
			24.7998130050001,-103.013664953,0
			24.7997422870001,-103.013619946,0
			24.7996651410001,-103.013572604,0
			24.799580721,-103.013522195,0
			24.7994886500002,-103.013468264,0
			24.7993904450001,-103.013411467,0
			24.7992880930001,-103.013352739,0
			24.7991835840001,-103.013293016,0
			24.7990789040002,-103.013233231,0
			24.7989760430001,-103.013174322,0
			24.7988769880002,-103.01311722,0
			24.7987837300001,-103.013062864,0
			24.7986978000001,-103.013011935,0
			24.7986189120001,-103.012964111,0
			24.7985463280002,-103.012918821,0
			24.7984793060001,-103.012875492,0
			24.798417107,-103.01283355,0
			24.7983589900001,-103.012792423,0
			24.7983042150001,-103.012751538,0
			24.7982520420002,-103.012710322,0
			24.7982017880001,-103.012668321,0
			24.7981529980001,-103.012625554,0
			24.7981052710002,-103.012582158,0
			24.7980582100001,-103.012538271,0
			24.7980114180002,-103.01249403,0
			24.7979644940002,-103.012449573,0
			24.7979170420002,-103.012405039,0
			24.7978686610001,-103.012360563,0
			24.797819064,-103.012316309,0
			24.797768397,-103.012272539,0
			24.797716923,-103.012229541,0
			24.7976648960001,-103.012187603,0
			24.7976125760002,-103.012147012,0
			24.7975602220001,-103.012108056,0
			24.7975080910002,-103.012071021,0
			24.7974564420001,-103.012036197,0
			24.7974054600001,-103.012003706,0
			24.7973550330001,-103.01197301,0
			24.7973049780001,-103.011943407,0
			24.7972551090002,-103.011914195,0
			24.797205242,-103.011884671,0
			24.7971551920002,-103.011854135,0
			24.7971047760001,-103.011821883,0
			24.7970538080001,-103.011787213,0
			24.797002173,-103.011749592,0
			24.7969500360001,-103.011709164,0
			24.796897632,-103.011666244,0
			24.7968451950002,-103.011621142,0
			24.7967929600001,-103.011574172,0
			24.7967411610001,-103.01152565,0
			24.7966900320001,-103.011475886,0
			24.7966398080002,-103.011425194,0
			24.7965907,-103.011373806,0
			24.796542829,-103.011321622,0
			24.7964962890001,-103.011268462,0
			24.7964511770001,-103.011214143,0
			24.796407589,-103.011158487,0
			24.7963656220001,-103.011101311,0
			24.796325371,-103.011042436,0
			24.796286933,-103.010981678,0
			24.7962502100001,-103.010918723,0
			24.796214337,-103.010852711,0
			24.7961782550001,-103.010782647,0
			24.7961409020001,-103.010707539,0
			24.79610122,-103.010626389,0
			24.7960581490001,-103.010538206,0
			24.7960106300001,-103.010441995,0
			24.7959576030001,-103.010336759,0
			24.795942738,-103.010307961,0
			24.7958983480001,-103.010221958,0
			24.7958335100001,-103.010098861,0
			24.7957640720002,-103.009969187,0
			24.7956910170001,-103.009834657,0
			24.795615329,-103.009696992,0
			24.7955379920001,-103.009557914,0
			24.7954599890002,-103.009419141,0
			24.7953823050001,-103.009282397,0
			24.7953056920001,-103.009148987,0
			24.7952299830001,-103.009018569,0
			24.7951547810001,-103.008890387,0
			24.795079688,-103.008763686,0
			24.795004304,-103.00863771,0
			24.794928235,-103.008511702,0
			24.7948510800001,-103.008384908,0
			24.794772444,-103.008256572,0
			24.7946920680001,-103.008126194,0
			24.7946102560001,-103.007994299,0
			24.7945274550001,-103.00786167,0
			24.7944441090001,-103.007729089,0
			24.794360662,-103.007597339,0
			24.794277559,-103.0074672,0
			24.7941952470001,-103.007339456,0
			24.7941141700001,-103.007214889,0
			24.7940348130002,-103.007094207,0
			24.7939578220001,-103.006977835,0
			24.793883884,-103.006866121,0
			24.7938136890002,-103.006759416,0
			24.7937479210001,-103.006658069,0
			24.7936872680001,-103.006562433,0
			24.7936324170001,-103.006472855,0
			24.793584057,-103.006389685,0
			24.7935425630001,-103.006312811,0
			24.7935070710002,-103.006240258,0
			24.7934764100001,-103.006169589,0
			24.793449405,-103.006098365,0
			24.7934248810001,-103.00602415,0
			24.7934016680001,-103.005944504,0
			24.793378589,-103.00585699,0
			24.793354471,-103.005759171,0
			24.7933284700001,-103.005649472,0
			24.7933010480001,-103.005529768,0
			24.7932729930002,-103.005402798,0
			24.7932450980001,-103.005271303,0
			24.7932181520002,-103.00513802,0
			24.7931929440001,-103.00500569,0
			24.7931702660001,-103.00487705,0
			24.7931509080001,-103.004754841,0
			24.793135453,-103.004641265,0
			24.79312366,-103.004536388,0
			24.7931150850001,-103.004439739,0
			24.7931092770002,-103.004350846,0
			24.7931057920001,-103.00426924,0
			24.793104182,-103.004194448,0
			24.7931039990001,-103.004126001,0
			24.7931047980001,-103.004063429,0
			24.7931062280002,-103.004006176,0
			24.7931083300002,-103.00395336,0
			24.7931112380001,-103.003904012,0
			24.793115092,-103.003857166,0
			24.7931200260001,-103.003811853,0
			24.7931261790001,-103.003767108,0
			24.793133687,-103.003721961,0
			24.7931426870001,-103.003675448,0
			24.7931533430001,-103.003626785,0
			24.7931659330001,-103.003575935,0
			24.793180765,-103.003523046,0
			24.7931981450001,-103.003468266,0
			24.7932183780001,-103.003411742,0
			24.7932417710001,-103.003353622,0
			24.7932686300001,-103.003294055,0
			24.7932992610001,-103.003233188,0
			24.7933338470001,-103.003171177,0
			24.7933720720001,-103.00310821,0
			24.7934134970001,-103.003044485,0
			24.793457683,-103.002980196,0
			24.7935041910001,-103.002915541,0
			24.7935525810001,-103.002850718,0
			24.7936024130001,-103.002785921,0
			24.793653249,-103.002721346,0
			24.7937047660001,-103.002657187,0
			24.7937571050001,-103.002593603,0
			24.7938105310001,-103.002530756,0
			24.7938652990002,-103.002468802,0
			24.7939216700001,-103.002407898,0
			24.7939799050001,-103.002348203,0
			24.794040264,-103.002289873,0
			24.7941030050001,-103.002233068,0
			24.794168343,-103.00217794,0
			24.7942362990001,-103.002124623,0
			24.7943068490001,-103.002073246,0
			24.794379968,-103.00202394,0
			24.7944556310002,-103.001976832,0
			24.7945338140001,-103.001932054,0
			24.794614493,-103.001889734,0
			24.7946976430001,-103.001850002,0
			24.794783108,-103.001812944,0
			24.794870215,-103.001778467,0
			24.794958159,-103.001746435,0
			24.7950461350002,-103.001716715,0
			24.7951333390001,-103.001689169,0
			24.7952189670001,-103.00166366,0
			24.7953022130001,-103.001640057,0
			24.7953822740002,-103.00161822,0
			24.7954585260001,-103.001598051,0
			24.795531071,-103.001579594,0
			24.7956001940001,-103.001562927,0
			24.7956661770002,-103.001548133,0
			24.795729307,-103.00153529,0
			24.7957898650001,-103.001524479,0
			24.7958481350001,-103.001515777,0
			24.7959044030001,-103.001509267,0
			24.795958899,-103.001504977,0
			24.796011654,-103.001502722,0
			24.7960626450001,-103.001502271,0
			24.7961118500002,-103.001503389,0
			24.7961592460002,-103.001505843,0
			24.7962048110001,-103.001509398,0
			24.7962485240001,-103.001513821,0
			24.796290362,-103.001518879,0
			24.796330353,-103.001524384,0
			24.796368731,-103.001530344,0
			24.7964057800002,-103.001536813,0
			24.796441783,-103.001543844,0
			24.7964770240002,-103.001551493,0
			24.796511788,-103.001559814,0
			24.7965463570001,-103.001568859,0
			24.7965810170002,-103.001578685,0
			24.7966160040002,-103.001589314,0
			24.7966513640001,-103.001600646,0
			24.7966871000002,-103.001612554,0
			24.7967232120001,-103.001624905,0
			24.7967597020001,-103.001637572,0
			24.7967965700001,-103.001650422,0
			24.7968338160001,-103.001663328,0
			24.7968714420001,-103.001676159,0
			24.7969093880001,-103.001688849,0
			24.79694735,-103.001701587,0
			24.7969849640001,-103.001714625,0
			24.7970218670001,-103.001728216,0
			24.797057695,-103.001742614,0
			24.7970920830002,-103.00175807,0
			24.7971246680002,-103.001774837,0
			24.797155085,-103.001793169,0
			24.7971831010001,-103.001813239,0
			24.7972090050001,-103.001834903,0
			24.7972332130001,-103.001857939,0
			24.7972561450001,-103.001882126,0
			24.797278218,-103.00190724,0
			24.7972998500001,-103.001933059,0
			24.7973214610001,-103.001959361,0
			24.7973434680001,-103.001985924,0
			24.7973662150001,-103.002012489,0
			24.7973897490001,-103.002038646,0
			24.7974140400001,-103.002063951,0
			24.797439062,-103.002087958,0
			24.797464786,-103.002110223,0
			24.7974911850002,-103.002130298,0
			24.7975182310001,-103.00214774,0
			24.7975458940002,-103.002162103,0
			24.7975741280002,-103.002173046,0
			24.7976028090002,-103.002180644,0
			24.7976317940002,-103.002185079,0
			24.7976609410002,-103.002186529,0
			24.7976901060002,-103.002185177,0
			24.797719145,-103.002181202,0
			24.7977479150001,-103.002174783,0
			24.7977762740001,-103.002166102,0
			24.7978041150001,-103.002155335,0
			24.7978314710001,-103.002142642,0
			24.7978584120001,-103.00212818,0
			24.7978850080002,-103.002112106,0
			24.7979113290001,-103.002094576,0
			24.7979374450001,-103.002075747,0
			24.7979634260001,-103.002055775,0
			24.7979893410002,-103.002034818,0
			24.7980152330002,-103.002012983,0
			24.7980410360001,-103.001990187,0
			24.7980666550002,-103.001966301,0
			24.7980919980001,-103.001941192,0
			24.7981169720002,-103.001914731,0
			24.7981414800001,-103.001886787,0
			24.7981654300001,-103.001857228,0
			24.7981887290002,-103.001825924,0
			24.798211285,-103.001792771,0
			24.7982330260002,-103.001757767,0
			24.7982538780001,-103.001720938,0
			24.7982737710001,-103.001682311,0
			24.798292633,-103.00164191,0
			24.7983103920002,-103.001599761,0
			24.7983269780001,-103.001555892,0
			24.7983423200001,-103.001510325,0
			24.7983563480001,-103.001463135,0
			24.7983690120001,-103.001414585,0
			24.798380261,-103.001364987,0
			24.7983900450001,-103.001314652,0
			24.7983983180002,-103.00126389,0
			24.7984050270001,-103.001213013,0
			24.7984101260001,-103.001162333,0
			24.7984135650001,-103.001112159,0
			24.7984152530001,-103.001062552,0
			24.7984149300001,-103.001012565,0
			24.798412297,-103.000961006,0
			24.7984070530001,-103.000906674,0
			24.7983988970001,-103.000848374,0
			24.7983875300002,-103.000784911,0
			24.7983726490001,-103.000715086,0
			24.798353956,-103.000637705,0
			24.798331135,-103.000551841,0
			24.7983038190001,-103.000457663,0
			24.798271626,-103.000355608,0
			24.7982341740001,-103.000246115,0
			24.798191081,-103.000129622,0
			24.7981419660001,-103.000006568,0
			24.7980864480001,-102.99987739,0
			24.7980241440001,-102.999742528,0
			24.7979549990002,-102.999602673,0
			24.797880261,-102.999459532,0
			24.7978015050001,-102.999315061,0
			24.7977203050001,-102.999171222,0
			24.7976382360002,-102.999029971,0
			24.797556872,-102.998893268,0
			24.797477788,-102.998763073,0
			24.7974025590001,-102.998641343,0
			24.7973323630002,-102.998529567,0
			24.7972667970001,-102.998427353,0
			24.79720506,-102.998333838,0
			24.7971463520001,-102.998248158,0
			24.797089875,-102.998169453,0
			24.7970348270001,-102.998096857,0
			24.7969804100001,-102.99802951,0
			24.7969258230001,-102.997966549,0
			24.7968704250001,-102.997907202,0
			24.7968142010001,-102.997851067,0
			24.7967572950002,-102.997797834,0
			24.7966998530001,-102.997747193,0
			24.7966420160001,-102.997698834,0
			24.7965839290001,-102.997652445,0
			24.7965257380001,-102.997607718,0
			24.796467583,-102.997564341,0
			24.7964096140001,-102.997522095,0
			24.796351993,-102.997481125,0
			24.796294882,-102.997441665,0
			24.7962384470001,-102.997403948,0
			24.7961828510001,-102.997368211,0
			24.7961282600001,-102.997334688,0
			24.7960748380002,-102.997303614,0
			24.796022749,-102.997275223,0
			24.7959721160001,-102.997249639,0
			24.7959228920002,-102.997226543,0
			24.795874987,-102.997205505,0
			24.7958283130001,-102.997186099,0
			24.7957827800001,-102.997167891,0
			24.7957382990001,-102.997150453,0
			24.7956947820001,-102.997133357,0
			24.7956521390001,-102.997116171,0
			24.7956102930002,-102.9970985,0
			24.795569228,-102.997080079,0
			24.7955289390002,-102.997060675,0
			24.7954894210001,-102.997040055,0
			24.7954506710001,-102.997017987,0
			24.7954126830002,-102.996994239,0
			24.7953754530001,-102.996968578,0
			24.7953389770001,-102.996940773,0
			24.7953032820001,-102.99691067,0
			24.795268528,-102.996878437,0
			24.7952349040001,-102.996844322,0
			24.7952026020001,-102.996808572,0
			24.795171812,-102.996771435,0
			24.7951427260001,-102.996733157,0
			24.7951155320002,-102.996693988,0
			24.795090424,-102.996654173,0
			24.795067537,-102.996613873,0
			24.7950467840001,-102.996572888,0
			24.7950280270001,-102.996530931,0
			24.7950111250001,-102.996487719,0
			24.7949959390001,-102.996442961,0
			24.7949823280002,-102.996396374,0
			24.7949701520002,-102.996347668,0
			24.794959272,-102.996296559,0
			24.794949581,-102.996242893,0
			24.7949411140001,-102.996187056,0
			24.7949339360001,-102.996129568,0
			24.7949281160001,-102.996070947,0
			24.794923721,-102.996011716,0
			24.7949208190001,-102.995952391,0
			24.7949194770002,-102.995893494,0
			24.7949197620001,-102.995835543,0
			24.7949217400001,-102.995778899,0
			24.794925462,-102.995723281,0
			24.7949309800002,-102.995668247,0
			24.7949383450002,-102.995613358,0
			24.7949476060001,-102.99555817,0
			24.7949588140002,-102.995502244,0
			24.7949720190001,-102.995445139,0
			24.7949872720002,-102.995386415,0
			24.795004532,-102.995325806,0
			24.7950233880002,-102.995263755,0
			24.7950433390001,-102.995200882,0
			24.7950638840002,-102.995137804,0
			24.7950845210001,-102.995075144,0
			24.7951047480001,-102.99501352,0
			24.795124065,-102.99495355,0
			24.7951419690001,-102.994895855,0
			24.7951580640001,-102.994840854,0
			24.7951723660001,-102.994788178,0
			24.7951849990001,-102.994737254,0
			24.7951960840001,-102.994687512,0
			24.7952057450001,-102.994638383,0
			24.7952141020002,-102.994589296,0
			24.7952212790001,-102.99453968,0
			24.7952273980002,-102.994488964,0
			24.7952325660001,-102.994436701,0
			24.7952368450001,-102.994382924,0
			24.7952402820002,-102.99432779,0
			24.79524292,-102.994271456,0
			24.7952448090001,-102.994214078,0
			24.7952459920001,-102.994155812,0
			24.7952465180002,-102.994096813,0
			24.7952464320002,-102.99403724,0
			24.795245761,-102.993977205,0
			24.7952444550001,-102.993916645,0
			24.7952424420002,-102.993855458,0
			24.795239653,-102.99379354,0
			24.7952360150001,-102.993730783,0
			24.7952314590001,-102.993667086,0
			24.7952259140001,-102.993602343,0
			24.7952193090001,-102.99353645,0
			24.795211609,-102.993469364,0
			24.7952029200001,-102.993401284,0
			24.795193382,-102.99333247,0
			24.7951831340001,-102.993263183,0
			24.7951723210002,-102.993193685,0
			24.7951610810001,-102.993124235,0
			24.7951495540001,-102.993055095,0
			24.7951378820001,-102.992986524,0
			24.7951261630001,-102.992918813,0
			24.7951143180001,-102.992852373,0
			24.7951022260001,-102.992787644,0
			24.7950897640002,-102.992725066,0
			24.7950768140001,-102.992665081,0
			24.7950632520001,-102.992608128,0
			24.7950489580002,-102.992554648,0
			24.7950338090001,-102.992505081,0
			24.7950177150001,-102.992459643,0
			24.7950006980001,-102.99241765,0
			24.7949828120002,-102.992378194,0
			24.7949641100001,-102.992340369,0
			24.7949446450002,-102.992303263,0
			24.7949244710001,-102.992265971,0
			24.79490364,-102.992227583,0
			24.794882206,-102.992187193,0
			24.7948602150001,-102.992144112,0
			24.7948376960001,-102.992098534,0
			24.7948146690001,-102.992050875,0
			24.7947911560001,-102.992001552,0
			24.794767177,-102.991950978,0
			24.7947427530002,-102.99189957,0
			24.7947179060001,-102.991847743,0
			24.7946926570001,-102.991795914,0
			24.7946669770001,-102.991744442,0
			24.7946406300001,-102.991693485,0
			24.7946133320002,-102.991643144,0
			24.7945848000001,-102.991593519,0
			24.7945547460001,-102.991544714,0
			24.7945228860002,-102.991496831,0
			24.7944889360002,-102.99144997,0
			24.7944526100002,-102.991404234,0
			24.7944138290001,-102.991359721,0
			24.7943733340001,-102.991316521,0
			24.7943347270001,-102.991277406,0
			24.794290989,-102.991234392,0
			24.794251032,-102.991195636,0
			24.7942131500001,-102.991158529,0
			24.7941782880001,-102.991123159,0
			24.7941473920002,-102.991089609,0
			24.7941211820001,-102.991057925,0
			24.7940994600001,-102.991027986,0
			24.7940818020001,-102.990999637,0
			24.7940677820001,-102.990972716,0
			24.794056975,-102.990947065,0
			24.794048956,-102.990922526,0
			24.7940433000001,-102.990898939,0
			24.794039581,-102.990876146,0
			24.7940374420001,-102.990853984,0
			24.7940367930001,-102.990832274,0
			24.7940376110001,-102.990810836,0
			24.7940398740001,-102.990789486,0
			24.7940435580001,-102.990768045,0
			24.7940486420002,-102.990746329,0
			24.7940551020002,-102.990724156,0
			24.794062915,-102.990701345,0
			24.7940720800001,-102.990677753,0
			24.7940826710001,-102.990653393,0
			24.7940947810002,-102.990628317,0
			24.794108507,-102.99060258,0
			24.7941239410001,-102.990576232,0
			24.7941411810001,-102.990549327,0
			24.794160318,-102.990521917,0
			24.7941814480001,-102.990494054,0
			24.7942047300001,-102.990465741,0
			24.7942305740001,-102.990436772,0
			24.7942594560002,-102.990406891,0
			24.794291852,-102.990375842,0
			24.794328234,-102.990343368,0
			24.79436908,-102.990309215,0
			24.7944148640001,-102.990273125,0
			24.7944660610002,-102.990234845,0
			24.7945231310001,-102.990193968,0
			24.7945864750002,-102.990149505,0
			24.794656482,-102.990100314,0
			24.7947335340002,-102.99004526,0
			24.7948180210001,-102.989983201,0
			24.7949103280001,-102.989913,0
			24.7950108420002,-102.989833516,0
			24.7951199470001,-102.989743612,0
			24.795237521,-102.989642789,0
			24.7953613930002,-102.989533118,0
			24.7954888800002,-102.989417308,0
			24.7956172990002,-102.989298072,0
			24.795743969,-102.989178121,0
			24.7958662070002,-102.989060165,0
			24.7959813330001,-102.988946916,0
			24.7960866620001,-102.988841084,0
			24.796180217,-102.988744658,0
			24.7962159800001,-102.988706594,0
			24.7962628280001,-102.988656732,0
			24.7963360330002,-102.988575671,0
			24.7964013640001,-102.988499846,0
			24.7964603570001,-102.988427626,0
			24.7965145470002,-102.988357379,0
			24.7965654690001,-102.988287474,0
			24.796614658,-102.988216281,0
			24.7966633330001,-102.988142487,0
			24.7967114490002,-102.988066063,0
			24.796758648,-102.987987298,0
			24.796804571,-102.98790648,0
			24.7968488570002,-102.987823901,0
			24.7968911470001,-102.987739849,0
			24.796931081,-102.987654612,0
			24.7969682990001,-102.987568484,0
			24.7970025270001,-102.987481782,0
			24.7970338300001,-102.987394961,0
			24.797062357,-102.987308508,0
			24.797088257,-102.987222906,0
			24.7971116800001,-102.987138641,0
			24.7971327740001,-102.9870562,0
			24.7971516900001,-102.986976067,0
			24.797168576,-102.986898728,0
			24.7971835310001,-102.986824486,0
			24.7971964450001,-102.986752907,0
			24.7972071570001,-102.986683377,0
			24.797215506,-102.986615281,0
			24.7972213310001,-102.986548004,0
			24.7972244710001,-102.986480929,0
			24.7972247640001,-102.986413444,0
			24.7972220510001,-102.98634493,0
			24.7972162920001,-102.986274961,0
			24.7972079420001,-102.986203842,0
			24.7971975740001,-102.986132069,0
			24.797185764,-102.986060136,0
			24.797173088,-102.985988536,0
			24.797160122,-102.985917764,0
			24.7971474410002,-102.985848313,0
			24.7971356200001,-102.985780678,0
			24.7971250870001,-102.98571522,0
			24.7971156740001,-102.985651783,0
			24.7971070660001,-102.985590075,0
			24.797098949,-102.985529808,0
			24.7970910050001,-102.985470691,0
			24.79708292,-102.985412435,0
			24.797074378,-102.98535475,0
			24.7970650650001,-102.985297347,0
			24.7970547710001,-102.985239989,0
			24.7970437120002,-102.985182652,0
			24.797032211,-102.985125366,0
			24.79702059,-102.985068161,0
			24.7970091720002,-102.985011066,0
			24.7969982820002,-102.984954111,0
			24.796988238,-102.984897326,0
			24.7969793660002,-102.984840739,0
			24.7969719740001,-102.984784343,0
			24.7969663100002,-102.984727968,0
			24.7969626070001,-102.984671411,0
			24.7969611020001,-102.984614464,0
			24.7969620280002,-102.984556922,0
			24.796965619,-102.984498578,0
			24.7969721100001,-102.984439227,0
			24.7969817360002,-102.984378662,0
			24.7969947730001,-102.984316554,0
			24.797011672,-102.984252086,0
			24.7970329260002,-102.984184315,0
			24.7970590300002,-102.984112302,0
			24.7970904780001,-102.984035104,0
			24.7971277610001,-102.983951781,0
			24.7971713760001,-102.98386139,0
			24.7972218140002,-102.983762993,0
			24.7972793420001,-102.983655906,0
			24.797343309,-102.98354049,0
			24.7974128370001,-102.983417366,0
			24.797487049,-102.983287154,0
			24.7975650660002,-102.983150475,0
			24.7976460090002,-102.983007948,0
			24.7977290030001,-102.982860194,0
			24.7978131660001,-102.982707833,0
			24.7978977010001,-102.982551503,0
			24.7979821220002,-102.982391919,0
			24.798066024,-102.982229811,0
			24.7981489980002,-102.98206591,0
			24.7982306390001,-102.981900949,0
			24.79831054,-102.981735657,0
			24.798388296,-102.981570768,0
			24.7984634990001,-102.981407013,0
			24.798535788,-102.981245109,0
			24.7986049830001,-102.981085728,0
			24.79867095,-102.980929529,0
			24.7987335530001,-102.980777169,0
			24.7987926580001,-102.980629306,0
			24.7988481310002,-102.9804866,0
			24.7988998360001,-102.980349707,0
			24.7989476370001,-102.980219286,0
			24.7989914940001,-102.980095746,0
			24.7990317260002,-102.979978494,0
			24.7990687470001,-102.979866688,0
			24.799102972,-102.979759486,0
			24.7991348140002,-102.979656045,0
			24.7991646860002,-102.979555525,0
			24.7991930010001,-102.979457081,0
			24.799220173,-102.979359871,0
			24.7992465330001,-102.97926322,0
			24.7992720710001,-102.97916711,0
			24.7992966980001,-102.979071689,0
			24.79932032,-102.978977108,0
			24.7993428480002,-102.978883511,0
			24.7993641890001,-102.97879105,0
			24.799384252,-102.978699872,0
			24.7994029460002,-102.978610126,0
			24.7994201990001,-102.978521347,0
			24.7994360120001,-102.978430617,0
			24.799450408,-102.978334407,0
			24.7994634080002,-102.978229184,0
			24.7994750360001,-102.97811142,0
			24.7994853110001,-102.977977583,0
			24.7994942550002,-102.977824143,0
			24.7995018910001,-102.977647569,0
			24.7995082440002,-102.977446137,0
			24.7995133540001,-102.977225352,0
			24.7995172690001,-102.976992523,0
			24.7995200320001,-102.976754962,0
			24.7995216890001,-102.976519979,0
			24.7995222840001,-102.976294884,0
			24.7995218650001,-102.976086988,0
			24.799520475,-102.975903602,0
			24.7995181500001,-102.975750188,0
			24.7995148790001,-102.975624814,0
			24.79951064,-102.975523701,0
			24.7995054120001,-102.97544307,0
			24.799499173,-102.97537914,0
			24.7994919010001,-102.975328132,0
			24.7994835750002,-102.975286266,0
			24.7994741740002,-102.975249764,0
			24.799463664,-102.975215407,0
			24.799451969,-102.975182235,0
			24.7994389980001,-102.975149849,0
			24.7994246650001,-102.97511785,0
			24.7994088800001,-102.975085841,0
			24.799391555,-102.975053422,0
			24.7993726010001,-102.975020196,0
			24.7993519290001,-102.974985764,0
			24.7993295040001,-102.974949844,0
			24.799305497,-102.974912618,0
			24.7992801350001,-102.974874389,0
			24.7992536430002,-102.974835454,0
			24.7992262440001,-102.974796114,0
			24.7991981650002,-102.974756669,0
			24.7991696310002,-102.97471742,0
			24.7991408670001,-102.974678665,0
			24.7991120140001,-102.974640638,0
			24.7990828870001,-102.974603304,0
			24.7990532100002,-102.974566563,0
			24.7990227130001,-102.974530312,0
			24.798991126,-102.974494451,0
			24.7989581760002,-102.974458878,0
			24.798923591,-102.974423493,0
			24.798887101,-102.974388193,0
			24.7988484700001,-102.97435297,0
			24.7988076130002,-102.974318179,0
			24.7987644830002,-102.974284266,0
			24.7987190300001,-102.974251679,0
			24.7986712070001,-102.974220865,0
			24.7986209660001,-102.974192272,0
			24.7985682570001,-102.974166345,0
			24.7985130340001,-102.974143532,0
			24.7984553160001,-102.974124166,0
			24.7983954000001,-102.974108115,0
			24.7983336500001,-102.974095132,0
			24.7982704300001,-102.974084975,0
			24.7982061070002,-102.974077394,0
			24.798141042,-102.974072144,0
			24.7980756020001,-102.974068981,0
			24.7980101510001,-102.974067657,0
			24.7979449320001,-102.974067959,0
			24.7978797040001,-102.974069802,0
			24.7978141040002,-102.974073135,0
			24.7977477690001,-102.974077903,0
			24.797680337,-102.974084057,0
			24.797611445,-102.974091541,0
			24.7975407300001,-102.974100306,0
			24.797467829,-102.974110298,0
			24.797392244,-102.974121521,0
			24.7973129280001,-102.974134209,0
			24.797228702,-102.97414865,0
			24.7971383820002,-102.974165136,0
			24.7970407880001,-102.974183953,0
			24.7969347370001,-102.974205394,0
			24.7968190490001,-102.974229746,0
			24.796692541,-102.974257299,0
			24.796554502,-102.974288189,0
			24.7964060990001,-102.974321936,0
			24.7962489710001,-102.974357906,0
			24.796084754,-102.974395464,0
			24.7959150840001,-102.974433976,0
			24.7957416020001,-102.974472807,0
			24.7955659420001,-102.974511325,0
			24.795389743,-102.974548893,0
			24.7952145740002,-102.974584944,0
			24.7950417300001,-102.974619173,0
			24.7948724380001,-102.974651339,0
			24.7947079230001,-102.974681204,0
			24.7945494150001,-102.974708526,0
			24.7943981390001,-102.974733068,0
			24.794255322,-102.97475459,0
			24.7941221910001,-102.97477285,0
			24.7939996690001,-102.9747877,0
			24.7938874680002,-102.974799344,0
			24.793784996,-102.974808078,0
			24.793691661,-102.974814192,0
			24.7936068710001,-102.974817984,0
			24.7935300340001,-102.974819747,0
			24.7934605590001,-102.974819775,0
			24.7933978520002,-102.97481836,0
			24.7933413170002,-102.97481575,0
			24.7932903240001,-102.974811989,0
			24.7932442370001,-102.97480707,0
			24.7932024240001,-102.974800991,0
			24.7931642470001,-102.974793745,0
			24.7931290720001,-102.974785328,0
			24.7930962650001,-102.974775736,0
			24.7930651890001,-102.974764962,0
			24.7930353070001,-102.974752979,0
			24.7930064780001,-102.974739661,0
			24.792978657,-102.974724859,0
			24.7929517990001,-102.974708422,0
			24.79292586,-102.974690203,0
			24.792900794,-102.97467005,0
			24.7928765580002,-102.974647817,0
			24.792853108,-102.97462335,0
			24.7928303900001,-102.974596561,0
			24.7928083210001,-102.974567589,0
			24.7927868090001,-102.974536633,0
			24.7927657610002,-102.974503889,0
			24.7927450870001,-102.974469558,0
			24.792724692,-102.974433834,0
			24.792704487,-102.97439692,0
			24.792684379,-102.974359009,0
			24.792664306,-102.974320238,0
			24.7926443310001,-102.974280471,0
			24.792624543,-102.974239513,0
			24.792605037,-102.974197164,0
			24.792585903,-102.974153227,0
			24.7925672350001,-102.974107504,0
			24.7925491230002,-102.974059796,0
			24.7925316600001,-102.974009907,0
			24.7925149430002,-102.973957877,0
			24.792499096,-102.973904712,0
			24.7924842450001,-102.973851655,0
			24.7924705220001,-102.973799948,0
			24.792458052,-102.973750837,0
			24.7924469650001,-102.973705565,0
			24.7924373900001,-102.973665376,0
			24.7924294540001,-102.973631514,0
			24.7924232280001,-102.973604859,0
			24.792418551,-102.973584828,0
			24.7924151980002,-102.973570475,0
			24.792411588,-102.973555018,0
			24.792409499,-102.97354317,0
			24.7924068990001,-102.973525148,0
			24.7924047280001,-102.97351009,0
			24.7924018390001,-102.973490052,0
			24.792398172,-102.973464465,0
			24.792393844,-102.973433334,0
			24.7923890110001,-102.973396802,0
			24.7923838350002,-102.973355018,0
			24.7923784720002,-102.973308125,0
			24.7923730820001,-102.973256272,0
			24.7923678240002,-102.973199601,0
			24.7923628560001,-102.973138261,0
			24.7923583570002,-102.973072417,0
			24.7923545900002,-102.97300232,0
			24.7923518380001,-102.972928237,0
			24.7923503840001,-102.972850439,0
			24.7923505100002,-102.972769197,0
			24.7923525010001,-102.972684779,0
			24.7923566380002,-102.972597455,0
			24.7923632060002,-102.972507495,0
			24.7923723830001,-102.9724153,0
			24.792383941,-102.972321805,0
			24.7923975500001,-102.97222807,0
			24.7924128760002,-102.972135162,0
			24.7924295860001,-102.972044143,0
			24.7924473520002,-102.97195608,0
			24.7924658400001,-102.971872035,0
			24.792484717,-102.971793072,0
			24.7925037990001,-102.971719475,0
			24.7925234740001,-102.971648409,0
			24.7925442790001,-102.971576253,0
			24.7925667500001,-102.971499393,0
			24.79259142,-102.97141421,0
			24.7926188280002,-102.971317087,0
			24.7926495080001,-102.971204406,0
			24.7926839950001,-102.971072551,0
			24.7927225890002,-102.970919234,0
			24.7927646450001,-102.970747502,0
			24.7928092840001,-102.970561728,0
			24.7928556250001,-102.970366291,0
			24.7929027890002,-102.970165566,0
			24.7929498930001,-102.969963929,0
			24.7929960590002,-102.969765756,0
			24.793040406,-102.969575424,0
			24.793082273,-102.96939644,0
			24.7931218690001,-102.969228836,0
			24.7931596240002,-102.969071775,0
			24.7931959660002,-102.968924421,0
			24.7932313250001,-102.968785938,0
			24.7932661270002,-102.968655488,0
			24.793300803,-102.968532236,0
			24.7933357800002,-102.968415344,0
			24.793371399,-102.968303952,0
			24.7934076480001,-102.968197105,0
			24.793444423,-102.968093826,0
			24.7934816220002,-102.967993134,0
			24.7935191440001,-102.967894053,0
			24.7935568860001,-102.967795602,0
			24.793594747,-102.967696803,0
			24.7936326240001,-102.967596679,0
			24.7936703760001,-102.967494529,0
			24.7937077030001,-102.967390772,0
			24.793744266,-102.967286106,0
			24.793779725,-102.96718123,0
			24.7938137410002,-102.96707684,0
			24.7938459760001,-102.966973636,0
			24.793876089,-102.966872314,0
			24.7939037420001,-102.966773572,0
			24.7939287070001,-102.966677895,0
			24.793951201,-102.966584915,0
			24.7939715570001,-102.966494049,0
			24.7939901020001,-102.966404714,0
			24.7940071680001,-102.96631633,0
			24.7940230840002,-102.966228312,0
			24.7940381810001,-102.966140079,0
			24.7940527890001,-102.966051049,0
			24.7940671040001,-102.965960883,0
			24.7940807920002,-102.965870211,0
			24.7940933860002,-102.965779911,0
			24.7941044180002,-102.965690856,0
			24.79411342,-102.965603921,0
			24.7941199270001,-102.965519983,0
			24.7941234680001,-102.965439916,0
			24.7941235790001,-102.965364594,0
			24.7941199140002,-102.965294661,0
			24.7941126300001,-102.96522982,0
			24.7941020060001,-102.965169546,0
			24.7940883200001,-102.96511331,0
			24.7940718520001,-102.965060585,0
			24.7940528810001,-102.965010843,0
			24.7940316870001,-102.964963557,0
			24.7940085490001,-102.964918199,0
			24.7939836840001,-102.964874317,0
			24.7939570630002,-102.964831759,0
			24.7939285940002,-102.964790449,0
			24.7938981840002,-102.96475031,0
			24.7938657440001,-102.964711265,0
			24.793831181,-102.964673239,0
			24.7937944030002,-102.964636154,0
			24.7937553200001,-102.964599936,0
			24.7937138620002,-102.964564518,0
			24.7936700520001,-102.96452989,0
			24.7936239370001,-102.964496053,0
			24.793575563,-102.964463005,0
			24.7935249750001,-102.964430748,0
			24.7934722210002,-102.964399283,0
			24.7934173450001,-102.96436861,0
			24.793360394,-102.964338729,0
			24.7933014600002,-102.96430966,0
			24.7932408200001,-102.964281498,0
			24.7931788000001,-102.964254355,0
			24.7931157200001,-102.964228347,0
			24.7930519060001,-102.964203585,0
			24.7929876820002,-102.964180184,0
			24.7929233690001,-102.964158257,0
			24.7928592930001,-102.964137917,0
			24.7927958000001,-102.964119249,0
			24.7927333320001,-102.964102211,0
			24.7926723530001,-102.964086732,0
			24.7926133290002,-102.964072744,0
			24.7925567250001,-102.964060176,0
			24.7925030060002,-102.964048957,0
			24.7924526360001,-102.964039016,0
			24.7924060820001,-102.964030284,0
			24.7923635790001,-102.964022676,0
			24.7923244500001,-102.964016052,0
			24.792287787,-102.964010258,0
			24.7922526840001,-102.96400514,0
			24.7922182350002,-102.964000544,0
			24.7921835350001,-102.963996316,0
			24.792147675,-102.963992303,0
			24.7921097490001,-102.963988349,0
			24.7920690270001,-102.963984328,0
			24.7920254790002,-102.963980215,0
			24.7919792490001,-102.963976011,0
			24.7919304830002,-102.963971717,0
			24.7918793280001,-102.963967335,0
			24.791825927,-102.963962866,0
			24.7917704270001,-102.963958311,0
			24.7917129740002,-102.963953673,0
			24.7916537510002,-102.96394898,0
			24.7915931090001,-102.963944378,0
			24.7915314330002,-102.963940043,0
			24.7914691120001,-102.963936146,0
			24.7914065330002,-102.963932864,0
			24.7913440850001,-102.963930372,0
			24.791282154,-102.963928841,0
			24.7912211300002,-102.963928447,0
			24.791161034,-102.963929324,0
			24.791100439,-102.963931444,0
			24.7910375460001,-102.963934737,0
			24.7909705630001,-102.963939133,0
			24.7908976930001,-102.963944565,0
			24.790817143,-102.963950963,0
			24.7907271180001,-102.963958258,0
			24.790625821,-102.963966382,0
			24.7905122820001,-102.963975238,0
			24.790388808,-102.963984619,0
			24.7902585310002,-102.963994294,0
			24.790124584,-102.964004029,0
			24.789990097,-102.964013592,0
			24.7898582030001,-102.964022749,0
			24.78973203,-102.964031267,0
			24.7896147140001,-102.964038914,0
			24.7895086570001,-102.964045484,0
			24.7894133610001,-102.964050891,0
			24.7893276020002,-102.964055077,0
			24.7892501540002,-102.96405798,0
			24.7891797930001,-102.964059545,0
			24.7891152940002,-102.964059709,0
			24.7890554310001,-102.964058417,0
			24.7889989810001,-102.964055606,0
			24.788944885,-102.964051221,0
			24.7888927490002,-102.96404521,0
			24.7888423480002,-102.96403752,0
			24.7887934550001,-102.964028101,0
			24.7887458410001,-102.9640169,0
			24.7886992830001,-102.964003867,0
			24.788653552,-102.96398895,0
			24.7886084220002,-102.963972098,0
			24.7885637200002,-102.963953277,0
			24.7885194840001,-102.96393252,0
			24.7884758030001,-102.963909878,0
			24.7884327690001,-102.963885401,0
			24.7883904700001,-102.96385914,0
			24.788349,-102.963831145,0
			24.7883084480001,-102.963801468,0
			24.7882689030001,-102.963770156,0
			24.7882302930001,-102.963737097,0
			24.7881918790001,-102.963701504,0
			24.7881527620002,-102.963662426,0
			24.7881120390001,-102.96361891,0
			24.788068807,-102.963570007,0
			24.7880221670001,-102.963514763,0
			24.7879712160002,-102.963452227,0
			24.7879540750001,-102.963430624,0
			24.7879150530001,-102.963381448,0
			24.7878530460002,-102.963301807,0
			24.7877856440001,-102.963214021,0
			24.7877135670001,-102.963119139,0
			24.7876375340001,-102.963018211,0
			24.787558265,-102.962912286,0
			24.7874764780001,-102.962802414,0
			24.787392895,-102.962689646,0
			24.787308232,-102.96257503,0
			24.7872231000001,-102.962459433,0
			24.7871376550001,-102.962342988,0
			24.7870519410001,-102.962225646,0
			24.7869660080001,-102.962107358,0
			24.7868798980002,-102.961988075,0
			24.7867936580001,-102.961867746,0
			24.7867073340001,-102.961746323,0
			24.786620972,-102.961623755,0
			24.7865347060002,-102.961500111,0
			24.7864490330001,-102.961375925,0
			24.7863645400001,-102.961251846,0
			24.786281812,-102.961128527,0
			24.7862014360002,-102.961006617,0
			24.7861239960001,-102.960886767,0
			24.7860500800001,-102.960769629,0
			24.785980271,-102.960655853,0
			24.7859150380001,-102.96054599,0
			24.785854364,-102.960440187,0
			24.7857981110001,-102.960338495,0
			24.7857461440001,-102.960240961,0
			24.7856983250002,-102.960147635,0
			24.7856545180002,-102.960058565,0
			24.7856145870002,-102.959973799,0
			24.7855783950002,-102.959893387,0
			24.7855456930001,-102.959817177,0
			24.785515785,-102.959744218,0
			24.7854878580001,-102.959673364,0
			24.7854611050001,-102.959603463,0
			24.785434717,-102.959533364,0
			24.7854078810001,-102.959461919,0
			24.7853797910001,-102.95938798,0
			24.7853496350001,-102.959310395,0
			24.7853168350001,-102.959228423,0
			24.7852817420001,-102.959142954,0
			24.7852449390002,-102.959055285,0
			24.7852070060001,-102.958966711,0
			24.7851685260001,-102.958878533,0
			24.7851300800002,-102.958792044,0
			24.785092252,-102.958708543,0
			24.7850556230001,-102.958629328,0
			24.7850205390001,-102.95855511,0
			24.7849863980002,-102.958484263,0
			24.7849523630001,-102.958414574,0
			24.7849175970001,-102.958343831,0
			24.7848812640001,-102.958269824,0
			24.7848425240002,-102.95819034,0
			24.784800542,-102.958103168,0
			24.7847544800002,-102.958006095,0
			24.784703716,-102.957897559,0
			24.784648503,-102.95777859,0
			24.7845893030001,-102.95765087,0
			24.784526585,-102.957516077,0
			24.7844608140002,-102.957375892,0
			24.7843924570001,-102.957231995,0
			24.7843219810002,-102.957086066,0
			24.7842498500002,-102.956939784,0
			24.7841764340001,-102.956794522,0
			24.784101707,-102.95665042,0
			24.7840255460001,-102.956507309,0
			24.7839478250001,-102.956365023,0
			24.7838684230001,-102.956223393,0
			24.783787214,-102.956082251,0
			24.7837040750002,-102.955941428,0
			24.7836188810001,-102.955800758,0
			24.783531548,-102.955659934,0
			24.783442133,-102.955518102,0
			24.7833507330001,-102.955374266,0
			24.783257447,-102.955227433,0
			24.7831623690001,-102.95507661,0
			24.7830655970001,-102.954920803,0
			24.7829672270001,-102.954759017,0
			24.7828673560002,-102.95459026,0
			24.7827660180001,-102.954413686,0
			24.7826630050002,-102.954229046,0
			24.7825580440002,-102.954036237,0
			24.7824508640002,-102.953835158,0
			24.782341193,-102.953625709,0
			24.7822287590001,-102.953407787,0
			24.782113291,-102.953181289,0
			24.781994518,-102.952946117,0
			24.7818723820001,-102.952702766,0
			24.7817476910001,-102.952454126,0
			24.7816214690002,-102.952203684,0
			24.7814947360001,-102.951954929,0
			24.7813685160001,-102.95171135,0
			24.7812438330002,-102.951476432,0
			24.7811217070001,-102.951253667,0
			24.7810031610002,-102.95104654,0
			24.780889044,-102.950857703,0
			24.7807794930001,-102.950686449,0
			24.7806744740001,-102.95053124,0
			24.7805739510002,-102.950390532,0
			24.7804778880002,-102.950262785,0
			24.780386246,-102.950146456,0
			24.780298993,-102.950040005,0
			24.7802160910001,-102.949941889,0
			24.7801375050001,-102.949850318,0
			24.7800632080001,-102.949762508,0
			24.7799931700002,-102.949675425,0
			24.7799273660001,-102.949586036,0
			24.779865769,-102.949491309,0
			24.7798083510001,-102.949388209,0
			24.779755084,-102.949273702,0
			24.7797059430001,-102.949144757,0
			24.7796608750002,-102.948999641,0
			24.7796197410001,-102.948841824,0
			24.779582373,-102.94867608,0
			24.7795486100002,-102.94850718,0
			24.7795182850001,-102.948339895,0
			24.779491234,-102.948179,0
			24.7794672930001,-102.948029265,0
			24.7794462970002,-102.947895463,0
			24.7794279670001,-102.947781105,0
			24.7794115730001,-102.947684661,0
			24.779396268,-102.94760334,0
			24.779381206,-102.947534352,0
			24.779365543,-102.947474905,0
			24.7793484320001,-102.947422211,0
			24.7793290290001,-102.947373477,0
			24.7793064870002,-102.947325914,0
			24.7792801920002,-102.947277211,0
			24.7792504590001,-102.947226992,0
			24.7792178280002,-102.94717536,0
			24.779182845,-102.947122417,0
			24.7791460540001,-102.947068268,0
			24.7791079980001,-102.947013016,0
			24.7790692220001,-102.946956763,0
			24.779030269,-102.946899616,0
			24.778991579,-102.9468414,0
			24.7789531760001,-102.94678085,0
			24.7789149770001,-102.946716424,0
			24.7788769010001,-102.946646579,0
			24.7788388670002,-102.946569774,0
			24.7788007960001,-102.946484467,0
			24.7787626040002,-102.946389116,0
			24.7787242110001,-102.946282179,0
			24.7786856440002,-102.946162853,0
			24.778647366,-102.946033286,0
			24.7786099500001,-102.945896368,0
			24.778573968,-102.945754985,0
			24.778539992,-102.945612026,0
			24.778508593,-102.945470377,0
			24.7784803440001,-102.945332927,0
			24.7784558180002,-102.945202563,0
			24.7784354400001,-102.945081261,0
			24.7784190550001,-102.944967347,0
			24.7784063610001,-102.944858231,0
			24.778397055,-102.944751327,0
			24.7783908380001,-102.944644046,0
			24.778387406,-102.944533803,0
			24.778386457,-102.944418009,0
			24.7783876910001,-102.944294077,0
			24.778390789,-102.944160264,0
			24.7783953690001,-102.94401821,0
			24.7784010320001,-102.943870402,0
			24.7784073780001,-102.943719326,0
			24.7784140080001,-102.943567467,0
			24.7784205250002,-102.943417311,0
			24.7784265280001,-102.943271343,0
			24.7784316200001,-102.943132049,0
			24.7784354830002,-102.943001351,0
			24.7784381270001,-102.942878914,0
			24.7784396460001,-102.942763837,0
			24.778440131,-102.942655223,0
			24.7784396740001,-102.94255217,0
			24.7784383700002,-102.94245378,0
			24.7784363080002,-102.942359153,0
			24.7784335840001,-102.942267389,0
			24.7784303220002,-102.942177749,0
			24.7784267860001,-102.942090126,0
			24.778424939,-102.942045176,0
			24.7784232700001,-102.942004577,0
			24.7784200740001,-102.941921155,0
			24.7784174920002,-102.941839914,0
			24.7784158210002,-102.941760909,0
			24.7784153580002,-102.941684195,0
			24.778416399,-102.941609826,0
			24.7784191770001,-102.941537772,0
			24.7784236680002,-102.94146767,0
			24.7784297830001,-102.941399071,0
			24.7784374340001,-102.941331525,0
			24.7784465340001,-102.941264589,0
			24.7784569930002,-102.941197811,0
			24.7784687230001,-102.941130744,0
			24.7784816380002,-102.941062941,0
			24.7784955640001,-102.940994108,0
			24.7785099930001,-102.940924585,0
			24.7785243320002,-102.940854862,0
			24.778537988,-102.940785434,0
			24.7785503690001,-102.940716791,0
			24.7785608820002,-102.940649429,0
			24.7785689340001,-102.940583839,0
			24.7785739340002,-102.940520514,0
			24.7785754860001,-102.940459922,0
			24.7785739990001,-102.940402428,0
			24.7785700770002,-102.940348373,0
			24.778564327,-102.940298096,0
			24.778557354,-102.940251938,0
			24.7785497640002,-102.94021024,0
			24.7785421630001,-102.940173339,0
			24.778535156,-102.940141578,0
			24.7785291850001,-102.940115043,0
			24.7785240360001,-102.940092808,0
			24.778519327,-102.94007369,0
			24.7785146790002,-102.940056511,0
			24.778509714,-102.94004009,0
			24.778504051,-102.940023246,0
			24.7784973090002,-102.940004799,0
			24.7784891120001,-102.939983568,0
			24.7784791460002,-102.939958429,0
			24.7784673770001,-102.939928479,0
			24.7784538390001,-102.939892871,0
			24.7784385670001,-102.939850758,0
			24.7784215940002,-102.939801291,0
			24.7784029530002,-102.939743624,0
			24.7783826800002,-102.939676909,0
			24.778360809,-102.9396003,0
			24.7783373550001,-102.939513358,0
			24.7783122690001,-102.939417278,0
			24.778285483,-102.93931367,0
			24.7782569300001,-102.939204138,0
			24.7782265410002,-102.939090286,0
			24.7781942510001,-102.938973723,0
			24.7781599900001,-102.938856055,0
			24.7781236920001,-102.938738885,0
			24.7780854440001,-102.938623603,0
			24.7780459490001,-102.938510721,0
			24.7780060690002,-102.938400533,0
			24.7779666630001,-102.938293333,0
			24.7779285880001,-102.938189415,0
			24.7778927050001,-102.938089074,0
			24.7778598740001,-102.937992603,0
			24.7778309520002,-102.937900297,0
			24.7778066100001,-102.937812383,0
			24.7777867590002,-102.937728817,0
			24.7777711150001,-102.937649491,0
			24.777759401,-102.937574293,0
			24.7777513330001,-102.937503114,0
			24.7777466340001,-102.937435844,0
			24.7777450210001,-102.937372374,0
			24.777746215,-102.937312592,0
			24.777749952,-102.937256408,0
			24.7777560450001,-102.937203806,0
			24.7777643190001,-102.937154789,0
			24.777774603,-102.937109359,0
			24.7777867240001,-102.937067519,0
			24.777800513,-102.937029272,0
			24.7778157960001,-102.936994623,0
			24.7778324010002,-102.936963572,0
			24.7778501710001,-102.936936008,0
			24.7778690150002,-102.93691137,0
			24.7778888520002,-102.936888977,0
			24.777909605,-102.936868154,0
			24.7779311960001,-102.936848222,0
			24.7779535470001,-102.936828503,0
			24.777976579,-102.93680832,0
			24.7780002140001,-102.936786997,0
			24.7780244750001,-102.936764031,0
			24.7780497860002,-102.936739637,0
			24.7780766700001,-102.936714204,0
			24.7781056490001,-102.936688124,0
			24.7781372500001,-102.936661787,0
			24.778171995,-102.936635582,0
			24.7782104090001,-102.936609902,0
			24.7782530160001,-102.936585136,0
			24.7782999860001,-102.936561632,0
			24.778350087,-102.936539566,0
			24.7784017330001,-102.936519071,0
			24.7784533390001,-102.936500281,0
			24.7784966,-102.936485607,0
			24.7785500880001,-102.936468345,0
			24.7785920600001,-102.936455465,0
			24.77862765,-102.936444823,0
			24.7786557360002,-102.936436473,0
			24.7786770450001,-102.936430157,0
			24.7786927720001,-102.93642554,0
			24.7787041080001,-102.936422285,0
			24.778718376,-102.936418523,0
			24.7787293880001,-102.936416187,0
			24.7787447480001,-102.936413134,0
			24.778764333,-102.936409391,0
			24.7787750680001,-102.936407439,0
			24.7787860870001,-102.936405527,0
			24.7787971350001,-102.936403727,0
			24.7788079550001,-102.936402111,0
			24.778818428,-102.93640076,0
			24.778828999,-102.936399806,0
			24.778840248,-102.936399389,0
			24.7788527600002,-102.936399651,0
			24.7788671170002,-102.936400735,0
			24.7788839000001,-102.936402781,0
			24.778903695,-102.936405932,0
			24.7789270810002,-102.936410329,0
			24.7789544650001,-102.936416033,0
			24.7789855420002,-102.93642279,0
			24.7790198320001,-102.93643026,0
			24.7790568510001,-102.936438111,0
			24.779096118,-102.936446002,0
			24.7791371510002,-102.936453599,0
			24.779179468,-102.936460566,0
			24.779222588,-102.936466564,0
			24.7792660530002,-102.936471298,0
			24.7793095060001,-102.936474615,0
			24.779352613,-102.936476409,0
			24.7793950410002,-102.936476565,0
			24.779436457,-102.936474974,0
			24.7794765280001,-102.936471525,0
			24.7795149210002,-102.936466107,0
			24.7795513010001,-102.93645861,0
			24.779585456,-102.936448899,0
			24.7796176460002,-102.936436749,0
			24.7796482490002,-102.93642191,0
			24.779677644,-102.936404133,0
			24.7797062140001,-102.936383168,0
			24.7797343340001,-102.936358767,0
			24.7797623860001,-102.936330681,0
			24.7797907480002,-102.93629866,0
			24.779819676,-102.936262598,0
			24.7798489260002,-102.936222961,0
			24.7798781330002,-102.936180356,0
			24.7799069300002,-102.936135395,0
			24.7799349490001,-102.936088684,0
			24.7799618250002,-102.936040833,0
			24.77998719,-102.935992451,0
			24.7800106780001,-102.935944144,0
			24.780031968,-102.9358964,0
			24.7800509230001,-102.935849208,0
			24.7800674540001,-102.935802433,0
			24.7800814690002,-102.935755943,0
			24.7800928790002,-102.935709603,0
			24.7801015910002,-102.935663279,0
			24.7801075180001,-102.935616839,0
			24.7801105670001,-102.935570147,0
			24.7801106040001,-102.935523013,0
			24.7801073230002,-102.935475018,0
			24.7801003710001,-102.935425686,0
			24.7800893990001,-102.935374541,0
			24.7800740540001,-102.935321106,0
			24.7800539870001,-102.935264906,0
			24.7800288460001,-102.935205464,0
			24.7799982790002,-102.935142305,0
			24.779962263,-102.935075333,0
			24.7799220750001,-102.935005971,0
			24.7798793210001,-102.934936025,0
			24.779835605,-102.934867299,0
			24.779792531,-102.934801598,0
			24.779751707,-102.934740728,0
			24.7797147350001,-102.934686491,0
			24.779683221,-102.934640694,0
			24.779658354,-102.934604627,0
			24.7796396680001,-102.934577523,0
			24.7796262790001,-102.934558103,0
			24.7796173030001,-102.934545084,0
			24.7796090630001,-102.934533133,0
			24.7795966840001,-102.934518821,0
			24.7795860060001,-102.934506806,0
			24.7795700780002,-102.934488882,0
			24.779547847,-102.934463868,0
			24.7795182650001,-102.934430583,0
			24.7794806930002,-102.934388341,0
			24.779436143,-102.934338457,0
			24.7793860360001,-102.934282744,0
			24.779331798,-102.934223011,0
			24.7792748490002,-102.934161071,0
			24.7792166150002,-102.934098737,0
			24.7791585190001,-102.934037819,0
			24.7791019840002,-102.933980129,0
			24.7790480640002,-102.933926973,0
			24.7789963500001,-102.933877627,0
			24.7789460650001,-102.933830862,0
			24.7788964290002,-102.933785448,0
			24.778846666,-102.933740157,0
			24.778795997,-102.933693757,0
			24.778743644,-102.933645021,0
			24.7786888300001,-102.933592717,0
			24.778631117,-102.933536022,0
			24.7786060410001,-102.933510694,0
			24.7785714270001,-102.933475733,0
			24.7785110260001,-102.933413053,0
			24.7784511760001,-102.933349182,0
			24.7783931420001,-102.933285325,0
			24.778338186,-102.933222685,0
			24.7782875720001,-102.93316246,0
			24.778242565,-102.933105857,0
			24.7782041020001,-102.933053815,0
			24.7781718310001,-102.933006244,0
			24.778145072,-102.932962789,0
			24.778123146,-102.932923097,0
			24.7781053730001,-102.932886816,0
			24.7780910770001,-102.932853592,0
			24.778079577,-102.932823073,0
			24.7780701950002,-102.932794905,0
			24.778062349,-102.932768727,0
			24.7780558560002,-102.93274415,0
			24.7780506250002,-102.932720774,0
			24.7780465680001,-102.932698202,0
			24.7780435970001,-102.932676036,0
			24.7780416250001,-102.932653877,0
			24.778040563,-102.932631327,0
			24.778040323,-102.932607987,0
			24.7780408400001,-102.932583519,0
			24.7780421350001,-102.932557813,0
			24.7780442550002,-102.932530821,0
			24.7780472460001,-102.932502494,0
			24.7780511520001,-102.93247278,0
			24.7780560200001,-102.932441633,0
			24.7780618950002,-102.932409001,0
			24.7780688220001,-102.932374836,0
			24.7780768380001,-102.932339137,0
			24.7780859520001,-102.932302104,0
			24.7780961600001,-102.932263985,0
			24.7781074620002,-102.932225028,0
			24.7781198560001,-102.932185482,0
			24.7781333410001,-102.932145596,0
			24.7781479160001,-102.932105618,0
			24.7781635790001,-102.932065796,0
			24.7781803060001,-102.932026288,0
			24.7781979870001,-102.931986885,0
			24.778216485,-102.93194729,0
			24.7782356660001,-102.931907202,0
			24.7782553980001,-102.93186632,0
			24.7782755440002,-102.931824349,0
			24.778295971,-102.931780987,0
			24.778316544,-102.931735935,0
			24.778337151,-102.931688911,0
			24.7783577710002,-102.9316397,0
			24.7783784060002,-102.931588102,0
			24.7783990560001,-102.931533918,0
			24.778419722,-102.93147695,0
			24.7784404060001,-102.931416999,0
			24.778461109,-102.931353865,0
			24.7784818310001,-102.931287352,0
			24.7785026140002,-102.931217142,0
			24.7785236490002,-102.93114246,0
			24.7785451700001,-102.931062411,0
			24.7785674100002,-102.930976102,0
			24.778590599,-102.930882641,0
			24.77861497,-102.930781134,0
			24.7786407560002,-102.930670686,0
			24.7786681870001,-102.930550406,0
			24.7786975650002,-102.930419542,0
			24.7787294570002,-102.930277906,0
			24.7787644980002,-102.930125453,0
			24.7788033230001,-102.929962138,0
			24.7788465690001,-102.929787916,0
			24.778894871,-102.929602742,0
			24.778948863,-102.929406568,0
			24.7790091820002,-102.929199353,0
			24.7790760660002,-102.928981543,0
			24.779148171,-102.928755567,0
			24.7792237540001,-102.928524344,0
			24.7793010740001,-102.928290796,0
			24.779378391,-102.928057845,0
			24.7794539630001,-102.927828411,0
			24.7795260480001,-102.927605417,0
			24.7795929050002,-102.927391783,0
			24.779653191,-102.927189887,0
			24.7797071480002,-102.926999935,0
			24.779755418,-102.926821591,0
			24.7797986440001,-102.926654515,0
			24.7798374650002,-102.926498371,0
			24.7798725230001,-102.92635282,0
			24.779904459,-102.926217524,0
			24.7799339140001,-102.926092148,0
			24.7799614390001,-102.925976207,0
			24.7799872140001,-102.925868643,0
			24.780011329,-102.92576825,0
			24.7800338730001,-102.925673825,0
			24.7800549380001,-102.925584162,0
			24.7800746110001,-102.925498056,0
			24.7800929850002,-102.925414305,0
			24.7801101470002,-102.925331702,0
			24.7801262030001,-102.925249279,0
			24.7801413230001,-102.925167005,0
			24.780155689,-102.925085089,0
			24.780169488,-102.925003735,0
			24.780182903,-102.92492315,0
			24.7801961180001,-102.92484354,0
			24.7802093200002,-102.92476511,0
			24.7802226900002,-102.924688069,0
			24.780236346,-102.92461261,0
			24.7802501280001,-102.924538893,0
			24.780263808,-102.924467065,0
			24.780277158,-102.924397273,0
			24.7802899510002,-102.924329664,0
			24.7803019590001,-102.924264388,0
			24.7803129530001,-102.924201591,0
			24.7803227060001,-102.924141422,0
			24.7803310510002,-102.924083978,0
			24.7803380640001,-102.924029161,0
			24.7803438820001,-102.923976822,0
			24.7803486420001,-102.923926811,0
			24.7803524830002,-102.923878983,0
			24.7803555400001,-102.923833187,0
			24.7803579510001,-102.923789276,0
			24.780359853,-102.9237471,0
			24.7803613450002,-102.923706503,0
			24.780362376,-102.923667294,0
			24.7803628560001,-102.923629274,0
			24.7803626950001,-102.923592244,0
			24.780361805,-102.923556004,0
			24.7803600940002,-102.923520355,0
			24.7803574740001,-102.923485098,0
			24.780353856,-102.923450032,0
			24.7803491720002,-102.923414994,0
			24.7803434450001,-102.923379949,0
			24.78033672,-102.923344897,0
			24.7803290420001,-102.92330984,0
			24.7803204560001,-102.923274776,0
			24.7803110080002,-102.923239707,0
			24.7803007430002,-102.923204632,0
			24.7802897070001,-102.923169552,0
			24.7802778980001,-102.923134442,0
			24.7802651360001,-102.923099174,0
			24.7802511960001,-102.923063602,0
			24.7802358510001,-102.923027571,0
			24.780218876,-102.922990933,0
			24.7802000450002,-102.922953534,0
			24.7801791320001,-102.922915226,0
			24.7801559100001,-102.922875859,0
			24.7801302520002,-102.922835403,0
			24.7801024190001,-102.922794336,0
			24.780072772,-102.922753257,0
			24.7800416700001,-102.922712763,0
			24.7800094720001,-102.922673454,0
			24.7799765370002,-102.92263593,0
			24.7799432260002,-102.922600791,0
			24.779909898,-102.922568633,0
			24.7798766930001,-102.9225399,0
			24.77984288,-102.922514394,0
			24.779807507,-102.922491761,0
			24.7797696240002,-102.922471646,0
			24.7797282800001,-102.922453694,0
			24.7796825240001,-102.922437551,0
			24.779631403,-102.922422861,0
			24.7795739700002,-102.922409271,0
			24.7795096190001,-102.922396559,0
			24.7794391330001,-102.922385047,0
			24.7793636470001,-102.922375192,0
			24.7792842920002,-102.922367447,0
			24.7792021990001,-102.922362268,0
			24.779118501,-102.922360111,0
			24.7790343290002,-102.922361432,0
			24.7789508160001,-102.922366686,0
			24.7788688740001,-102.922376146,0
			24.7787885460002,-102.922389345,0
			24.7787096510002,-102.922405638,0
			24.778632014,-102.922424377,0
			24.7785554550002,-102.922444913,0
			24.7784797970001,-102.922466598,0
			24.7784048620001,-102.922488786,0
			24.7783304720001,-102.922510827,0
			24.778256394,-102.922532207,0
			24.778182185,-102.922552939,0
			24.7781073420001,-102.922573169,0
			24.778031368,-102.922593042,0
			24.77795376,-102.922612705,0
			24.7778740190001,-102.922632303,0
			24.7777916460001,-102.922651982,0
			24.7777061400001,-102.922671888,0
			24.7776173100001,-102.922692103,0
			24.7775261900002,-102.922712457,0
			24.777434126,-102.922732714,0
			24.7773424610002,-102.922752643,0
			24.7772525380001,-102.922772007,0
			24.7771657010001,-102.922790573,0
			24.7770832940001,-102.922808108,0
			24.7770066630001,-102.922824375,0
			24.7769367920001,-102.92283921,0
			24.7768732460002,-102.922852702,0
			24.7768152280001,-102.922865013,0
			24.7767619470001,-102.922876301,0
			24.7767126070001,-102.922886724,0
			24.776666415,-102.922896444,0
			24.7766225750001,-102.922905618,0
			24.7765802950001,-102.922914405,0
			24.77653889,-102.92292295,0
			24.7764981210001,-102.922931338,0
			24.7764578580001,-102.922939634,0
			24.7764179710001,-102.92294791,0
			24.7763783310002,-102.922956233,0
			24.7763388080002,-102.922964672,0
			24.7762992720001,-102.922973296,0
			24.776259596,-102.922982174,0
			24.776219632,-102.922991332,0
			24.7761791820001,-102.923000616,0
			24.7761380270002,-102.923009835,0
			24.7760959540001,-102.923018792,0
			24.776052745,-102.923027294,0
			24.7760081840001,-102.923035146,0
			24.7759620560001,-102.923042152,0
			24.7759141440002,-102.92304812,0
			24.775864319,-102.923052903,0
			24.7758128040002,-102.923056547,0
			24.7757599020001,-102.923059147,0
			24.7757059230001,-102.923060798,0
			24.7756511740001,-102.923061596,0
			24.7755959620002,-102.923061635,0
			24.7755405930001,-102.92306101,0
			24.7754853770002,-102.923059816,0
			24.7754304900001,-102.923058116,0
			24.7753755900001,-102.923055848,0
			24.775320209,-102.923052915,0
			24.775263874,-102.923049225,0
			24.775206116,-102.923044682,0
			24.7751464630002,-102.923039191,0
			24.7750844460001,-102.923032659,0
			24.7750195920001,-102.923024988,0
			24.7749515720001,-102.923016019,0
			24.7748806070001,-102.923005318,0
			24.7748070610002,-102.922992383,0
			24.7747312950001,-102.922976718,0
			24.7746536730001,-102.922957817,0
			24.774574554,-102.922935184,0
			24.7744943040001,-102.922908316,0
			24.7744132820002,-102.922876714,0
			24.774331918,-102.92284012,0
			24.7742508960001,-102.922799245,0
			24.7741709700001,-102.922755043,0
			24.7740928900001,-102.922708471,0
			24.7740174080001,-102.922660481,0
			24.7739452760002,-102.922612027,0
			24.773877246,-102.922564064,0
			24.7738140690001,-102.922517548,0
			24.7737563540002,-102.922473315,0
			24.7737041380001,-102.922431742,0
			24.773657316,-102.922393089,0
			24.773615781,-102.922357619,0
			24.7735794290001,-102.922325591,0
			24.773548154,-102.922297266,0
			24.7735218510001,-102.922272905,0
			24.7735004120001,-102.922252766,0
			24.7734836530001,-102.922236977,0
			24.773471058,-102.922225111,0
			24.7734620350001,-102.922216609,0
			24.7734523160001,-102.922207452,0
			24.7734451830001,-102.922198634,0
			24.773439078,-102.922190006,0
			24.773429013,-102.922175782,0
			24.7734139980001,-102.922154562,0
			24.7733930440002,-102.922124947,0
			24.773365159,-102.922085539,0
			24.7733297820001,-102.922035446,0
			24.7732880640002,-102.921975812,0
			24.773241582,-102.921908289,0
			24.773191916,-102.921834529,0
			24.7731406430001,-102.921756183,0
			24.7730893410002,-102.921674903,0
			24.7730395900001,-102.921592343,0
			24.7729929670002,-102.921510152,0
			24.772950773,-102.92142965,0
			24.7729131970002,-102.921350822,0
			24.7728801510001,-102.921273317,0
			24.772851545,-102.92119679,0
			24.772827292,-102.921120888,0
			24.7728073010001,-102.921045265,0
			24.7727914860001,-102.920969571,0
			24.7727797570001,-102.920893458,0
			24.772771993,-102.9208167,0
			24.772767953,-102.920739571,0
			24.7727673610001,-102.920662466,0
			24.7727699420001,-102.920585782,0
			24.7727754220001,-102.920509912,0
			24.7727835280002,-102.920435256,0
			24.7727939840001,-102.920362208,0
			24.7728065150002,-102.920291164,0
			24.7728210680001,-102.920222174,0
			24.7728384760001,-102.920153901,0
			24.772859791,-102.920084662,0
			24.772886069,-102.920012775,0
			24.7729183600001,-102.919936554,0
			24.7729577200002,-102.919854317,0
			24.7730052010001,-102.91976438,0
			24.7730618560001,-102.91966506,0
			24.7731288220002,-102.919554882,0
			24.7732075610002,-102.919433201,0
			24.7732996190002,-102.919299581,0
			24.7734065410001,-102.919153585,0
			24.7735298740001,-102.918994776,0
			24.7736711610002,-102.918822719,0
			24.77383195,-102.918636975,0
			24.7740137850001,-102.918437109,0
			24.7742167770002,-102.918223668,0
			24.774435296,-102.918001138,0
			24.7746622750001,-102.917774986,0
			24.7748906510001,-102.917550683,0
			24.775113358,-102.917333699,0
			24.7753233280002,-102.917129502,0
			24.775513501,-102.916943562,0
			24.775676807,-102.916781348,0
			24.7758080310001,-102.916646803,0
			24.7759093380001,-102.916537753,0
			24.7759847460002,-102.916450498,0
			24.7760382680001,-102.916381338,0
			24.7760739190002,-102.91632657,0
			24.7760957140001,-102.916282496,0
			24.7761076680001,-102.916245412,0
			24.7761137950001,-102.91621162,0
			24.7761173800001,-102.916178001,0
			24.7761187920001,-102.916143771,0
			24.7761176670001,-102.916108728,0
			24.7761136460002,-102.91607267,0
			24.7761063630001,-102.916035397,0
			24.7760954600001,-102.915996705,0
			24.776080573,-102.915956396,0
			24.776061339,-102.915914265,0
			24.7760374360001,-102.915870072,0
			24.7760086910001,-102.915823408,0
			24.7759749720001,-102.915773827,0
			24.7759361450002,-102.915720877,0
			24.7758920760002,-102.915664112,0
			24.7758426320001,-102.915603084,0
			24.7757876800001,-102.915537344,0
			24.7757270860002,-102.915466443,0
			24.7756609110001,-102.915390207,0
			24.775589998,-102.915309563,0
			24.7755153820001,-102.915225711,0
			24.7754381010001,-102.915139852,0
			24.7753591920001,-102.915053184,0
			24.7752796900001,-102.914966912,0
			24.7752006330001,-102.914882231,0
			24.775123057,-102.914800346,0
			24.7750472540001,-102.914721721,0
			24.774970539,-102.914643885,0
			24.7748894810001,-102.914563632,0
			24.7748006530002,-102.914477755,0
			24.7747006230001,-102.914383051,0
			24.7745859600001,-102.914276311,0
			24.774453237,-102.914154331,0
			24.7742990220002,-102.914013905,0
			24.7741214810001,-102.913853222,0
			24.773925159,-102.913676052,0
			24.773716198,-102.913487557,0
			24.7735007390001,-102.913292904,0
			24.7732849220001,-102.913097254,0
			24.773074889,-102.912905771,0
			24.7728767810002,-102.912723621,0
			24.7726967380001,-102.912555967,0
			24.7725395470001,-102.912406818,0
			24.7724045780001,-102.912275574,0
			24.7722898430001,-102.91216048,0
			24.7721933550001,-102.912059784,0
			24.7721131300001,-102.911971731,0
			24.7720471790001,-102.911894565,0
			24.7719935180002,-102.911826534,0
			24.771950159,-102.911765884,0
			24.771915291,-102.911711035,0
			24.7718877890001,-102.91166111,0
			24.7718667060001,-102.911615406,0
			24.7718510930002,-102.91157322,0
			24.7718400010002,-102.911533848,0
			24.7718324810001,-102.91149659,0
			24.771827585,-102.911460742,0
			24.7718243640001,-102.9114256,0
			24.7718218480002,-102.911390331,0
			24.771818985,-102.911353574,0
			24.771814701,-102.911313838,0
			24.7718079250002,-102.911269629,0
			24.7717975840001,-102.911219456,0
			24.771782603,-102.911161827,0
			24.7717619110001,-102.91109525,0
			24.7717344350002,-102.911018233,0
			24.7716994420002,-102.910929979,0
			24.7716575590002,-102.910832469,0
			24.7716097550001,-102.910728384,0
			24.771556997,-102.9106204,0
			24.7715002530001,-102.910511195,0
			24.7714404910001,-102.910403447,0
			24.7713786790002,-102.910299835,0
			24.7713157850001,-102.910203035,0
			24.7712526100001,-102.910115132,0
			24.7711892870001,-102.910035832,0
			24.771125785,-102.909964245,0
			24.77106207,-102.909899484,0
			24.7709981100001,-102.909840662,0
			24.7709338700001,-102.909786888,0
			24.77086932,-102.909737275,0
			24.7708044240002,-102.909690935,0
			24.7707391280001,-102.909646986,0
			24.7706732780002,-102.909604576,0
			24.7706066980002,-102.909562857,0
			24.7705392100001,-102.909520982,0
			24.770470639,-102.909478106,0
			24.770400808,-102.909433382,0
			24.7703295410001,-102.909385964,0
			24.77025666,-102.909335005,0
			24.7701820030001,-102.909279891,0
			24.7701054630002,-102.909220935,0
			24.7700269450001,-102.909158684,0
			24.769946356,-102.909093685,0
			24.7698636020002,-102.909026483,0
			24.76977859,-102.908957623,0
			24.769691225,-102.908887654,0
			24.769601413,-102.908817119,0
			24.7695091520001,-102.908746526,0
			24.7694148030001,-102.908676216,0
			24.769318818,-102.908606491,0
			24.7692216480002,-102.908537651,0
			24.7691237440001,-102.908470001,0
			24.7690255580001,-102.90840384,0
			24.7689275430001,-102.90833947,0
			24.7688301500001,-102.908277193,0
			24.7687338920001,-102.908217194,0
			24.7686395260001,-102.908159199,0
			24.7685478730001,-102.908102814,0
			24.7684597510001,-102.908047645,0
			24.76837598,-102.907993304,0
			24.76829738,-102.907939397,0
			24.7682247700001,-102.907885531,0
			24.7681589680001,-102.907831315,0
			24.7681004770002,-102.907776314,0
			24.7680485290002,-102.907719916,0
			24.7680020390001,-102.907661466,0
			24.767959922,-102.907600313,0
			24.7679210910001,-102.907535803,0
			24.7678844600002,-102.90746728,0
			24.7678489470002,-102.907394092,0
			24.767813464,-102.907315582,0
			24.7677770620002,-102.907231192,0
			24.7677393320001,-102.907140728,0
			24.7677000050001,-102.907044086,0
			24.7676588080001,-102.906941168,0
			24.7676154710001,-102.906831871,0
			24.7675697200001,-102.906716094,0
			24.7675212840002,-102.906593738,0
			24.7674698920002,-102.906464698,0
			24.7674154820001,-102.906329283,0
			24.7673588280001,-102.906189429,0
			24.767300916,-102.906047477,0
			24.7672427310001,-102.905905772,0
			24.7671852570002,-102.905766659,0
			24.7671294780001,-102.905632478,0
			24.767076381,-102.905505574,0
			24.7670269500001,-102.905388289,0
			24.7669819240001,-102.905282237,0
			24.7669410600001,-102.905186108,0
			24.766903874,-102.905097858,0
			24.7668698740001,-102.905015447,0
			24.7668385740001,-102.904936832,0
			24.766809488,-102.904859972,0
			24.7667821270002,-102.904782827,0
			24.7667560030002,-102.904703353,0
			24.766730695,-102.90462004,0
			24.7667060390001,-102.904533501,0
			24.7666819400002,-102.904444878,0
			24.7666582990001,-102.904355314,0
			24.7666350210001,-102.904265952,0
			24.7666120060001,-102.904177934,0
			24.766589159,-102.904092406,0
			24.7665663830001,-102.904010507,0
			24.766543515,-102.903932951,0
			24.7665201290002,-102.903858722,0
			24.766495734,-102.903786378,0
			24.7664698400002,-102.903714469,0
			24.7664419550001,-102.903641553,0
			24.7664115890001,-102.903566184,0
			24.7663782490002,-102.903486915,0
			24.7663414460001,-102.903402303,0
			24.7663008750002,-102.903311365,0
			24.766256976,-102.903214985,0
			24.7662103770001,-102.903114508,0
			24.7661617080001,-102.903011282,0
			24.7661115940001,-102.902906654,0
			24.7660606630002,-102.90280197,0
			24.7660095430001,-102.902698578,0
			24.7659588630001,-102.902597824,0
			24.7659091280001,-102.902500789,0
			24.7658603710001,-102.90240749,0
			24.7658125010001,-102.902317677,0
			24.7657654300002,-102.902231101,0
			24.7657190690002,-102.902147514,0
			24.7656733270001,-102.902066665,0
			24.7656281150001,-102.901988307,0
			24.7655833450001,-102.901912189,0
			24.765538905,-102.901837996,0
			24.7654945920002,-102.901765145,0
			24.765450186,-102.901692991,0
			24.765405462,-102.901620885,0
			24.765360196,-102.901548178,0
			24.7653141650001,-102.901474224,0
			24.7652671470001,-102.901398374,0
			24.7652189180001,-102.901319981,0
			24.7651694270002,-102.901238646,0
			24.7651193130001,-102.901154971,0
			24.7650693890001,-102.901069806,0
			24.7650204660002,-102.900984001,0
			24.7649733570001,-102.900898408,0
			24.7649288730001,-102.900813876,0
			24.7648878270001,-102.900731257,0
			24.76485103,-102.9006514,0
			24.7648191060001,-102.900574982,0
			24.7647919280001,-102.900501976,0
			24.7647691770001,-102.900432182,0
			24.7647505390001,-102.900365399,0
			24.7647356960001,-102.900301427,0
			24.7647243320002,-102.900240063,0
			24.7647161310001,-102.900181109,0
			24.764710775,-102.900124362,0
			24.7647080020001,-102.900069606,0
			24.7647077610001,-102.900016558,0
			24.7647100520001,-102.899964921,0
			24.7647148790001,-102.899914396,0
			24.76472224,-102.899864683,0
			24.764732141,-102.899815485,0
			24.7647445820001,-102.899766504,0
			24.7647595630002,-102.89971744,0
			24.7647770720001,-102.89966812,0
			24.7647970320002,-102.899618866,0
			24.7648193480001,-102.899570125,0
			24.7648439270001,-102.899522343,0
			24.764870676,-102.899475969,0
			24.7648995020001,-102.899431447,0
			24.7649303120002,-102.899389226,0
			24.7649630110001,-102.899349751,0
			24.7649975230001,-102.899313338,0
			24.7650338350001,-102.89927977,0
			24.7650719470001,-102.899248701,0
			24.7651118620001,-102.89921978,0
			24.765153582,-102.899192663,0
			24.7651971090002,-102.899166999,0
			24.7652424440001,-102.899142443,0
			24.7652895900001,-102.899118644,0
			24.765338436,-102.899095297,0
			24.7653884140001,-102.899072256,0
			24.7654388450001,-102.899049416,0
			24.7654890480001,-102.899026676,0
			24.765538344,-102.89900393,0
			24.7655860530002,-102.898981074,0
			24.765631493,-102.898958004,0
			24.7656739860001,-102.898934615,0
			24.7657130200001,-102.898910675,0
			24.7657487650001,-102.898885423,0
			24.7657815600001,-102.898857972,0
			24.765811741,-102.898827433,0
			24.765839649,-102.898792918,0
			24.7658656220001,-102.898753538,0
			24.765889998,-102.898708404,0
			24.765913115,-102.898656628,0
			24.7659352270001,-102.898597849,0
			24.765956239,-102.898533818,0
			24.7659759690001,-102.89846681,0
			24.7659942380001,-102.898399104,0
			24.7660108630001,-102.898332979,0
			24.766025666,-102.89827071,0
			24.7660384640002,-102.898214574,0
			24.7660490790001,-102.898166852,0
			24.7660574510001,-102.898129023,0
			24.76606402,-102.898099388,0
			24.7660693500001,-102.898075454,0
			24.766074003,-102.898054724,0
			24.7660785400001,-102.898034702,0
			24.766083526,-102.898012896,0
			24.7660895220002,-102.897986809,0
			24.7660970920001,-102.897953947,0
			24.7661066510001,-102.897912423,0
			24.7661180250001,-102.897862786,0
			24.7661308990001,-102.897806197,0
			24.7661449500001,-102.897743812,0
			24.7661598620001,-102.89767679,0
			24.7661753140002,-102.897606289,0
			24.7661909870001,-102.897533467,0
			24.766206563,-102.897459485,0
			24.7662217440001,-102.897385321,0
			24.7662363170002,-102.897311246,0
			24.7662500900001,-102.897237357,0
			24.7662628720001,-102.897163746,0
			24.7662744720002,-102.897090507,0
			24.7662846970001,-102.897017734,0
			24.7662933570001,-102.89694552,0
			24.7663002610001,-102.896873961,0
			24.7663052150002,-102.896803019,0
			24.766308021,-102.896732139,0
			24.7663084810001,-102.896660633,0
			24.7663063960002,-102.896587814,0
			24.766301567,-102.896512996,0
			24.766293794,-102.896435493,0
			24.7662828800002,-102.896354616,0
			24.7662686230001,-102.896269681,0
			24.7662509230001,-102.89618039,0
			24.7662300580001,-102.896088005,0
			24.7662064020001,-102.895994184,0
			24.7661803290001,-102.895900578,0
			24.7661522150001,-102.895808843,0
			24.7661224350001,-102.895720631,0
			24.7660913620002,-102.895637597,0
			24.7660593720001,-102.895561395,0
			24.766026771,-102.895493179,0
			24.7659935910002,-102.895432098,0
			24.7659597980001,-102.895376806,0
			24.765925355,-102.895325952,0
			24.765890228,-102.895278188,0
			24.7658543800001,-102.895232164,0
			24.7658177760001,-102.895186531,0
			24.7657803810001,-102.89513994,0
			24.765742092,-102.895091279,0
			24.765702537,-102.895040388,0
			24.765661279,-102.894987339,0
			24.7656178790002,-102.894932209,0
			24.7655718990001,-102.894875072,0
			24.7655229010001,-102.894816005,0
			24.765470447,-102.894755082,0
			24.7654140980001,-102.894692378,0
			24.765353738,-102.894628118,0
			24.7652905440002,-102.894563127,0
			24.7652260150001,-102.894498375,0
			24.765161649,-102.894434838,0
			24.765098945,-102.894373485,0
			24.7650394000001,-102.894315292,0
			24.7649845150002,-102.89426123,0
			24.7649357870002,-102.894212273,0
			24.764894058,-102.894168807,0
			24.7648575330001,-102.894128873,0
			24.7648237610002,-102.894089926,0
			24.7647902900001,-102.894049421,0
			24.764754668,-102.894004813,0
			24.7647144450002,-102.893953556,0
			24.764667167,-102.893893105,0
			24.7646103830001,-102.893820916,0
			24.7645425090001,-102.893735318,0
			24.7644654310002,-102.893638141,0
			24.764381901,-102.893532087,0
			24.7642946740002,-102.893419865,0
			24.7642065020001,-102.893304177,0
			24.7641201360001,-102.893187726,0
			24.7640383320001,-102.893073219,0
			24.7639638410001,-102.89296336,0
			24.7638987390002,-102.892860352,0
			24.7638423770001,-102.892764395,0
			24.7637934310002,-102.892675187,0
			24.763750573,-102.89259243,0
			24.763712481,-102.892515819,0
			24.7636778260001,-102.892445057,0
			24.7636452830002,-102.892379841,0
			24.7636135270002,-102.89231987,0
			24.763581411,-102.892264803,0
			24.763548508,-102.892214127,0
			24.7635145730002,-102.892167294,0
			24.7634793570001,-102.892123751,0
			24.7634426150001,-102.892082948,0
			24.763404098,-102.892044332,0
			24.7633635610001,-102.892007351,0
			24.763320756,-102.891971455,0
			24.763275546,-102.89193615,0
			24.763228232,-102.891901175,0
			24.76317922,-102.891866325,0
			24.7631289230001,-102.891831399,0
			24.763077748,-102.891796191,0
			24.7630261050001,-102.891760498,0
			24.7629744030001,-102.891724118,0
			24.7629230520002,-102.891686845,0
			24.7628724330002,-102.891648604,0
			24.7628228230001,-102.89160982,0
			24.7627744690001,-102.891571044,0
			24.7627276190001,-102.891532829,0
			24.762682522,-102.891495728,0
			24.7626394250001,-102.891460291,0
			24.7625985770001,-102.891427073,0
			24.7625602250001,-102.891396624,0
			24.7625244260001,-102.891369376,0
			24.7624904620001,-102.89134527,0
			24.762457424,-102.89132413,0
			24.762424401,-102.891305777,0
			24.762390484,-102.891290033,0
			24.7623547640001,-102.89127672,0
			24.7623163290002,-102.891265659,0
			24.7622742700001,-102.891256673,0
			24.7622279300001,-102.891249555,0
			24.7621776540001,-102.891243994,0
			24.7621240420002,-102.891239648,0
			24.762067693,-102.89123618,0
			24.7620092040001,-102.891233247,0
			24.7619491750002,-102.89123051,0
			24.7618882040002,-102.891227629,0
			24.7618268900001,-102.891224265,0
			24.7617656640002,-102.89122008,0
			24.7617042860001,-102.89121476,0
			24.7616423520001,-102.89120799,0
			24.761579452,-102.891199459,0
			24.7615151840001,-102.891188854,0
			24.7614491380001,-102.891175861,0
			24.7613809100001,-102.891160171,0
			24.7613100920001,-102.891141467,0
			24.7612364610002,-102.891119499,0
			24.761160526,-102.891094246,0
			24.7610829760002,-102.891065747,0
			24.7610045030002,-102.891034043,0
			24.7609257980001,-102.89099917,0
			24.7608475500001,-102.89096117,0
			24.7607704520001,-102.89092008,0
			24.7606951920001,-102.890875942,0
			24.7606223020001,-102.890828673,0
			24.7605516630002,-102.890777701,0
			24.7604829960001,-102.890722341,0
			24.7604160230001,-102.890661899,0
			24.7603504640001,-102.890595685,0
			24.7602860400002,-102.89052301,0
			24.760222472,-102.890443183,0
			24.7601594810001,-102.890355514,0
			24.7600969480001,-102.89025975,0
			24.7600353940002,-102.890157384,0
			24.7599754970001,-102.890050351,0
			24.7599179410001,-102.88994058,0
			24.7598634030001,-102.889830004,0
			24.7598125650001,-102.889720556,0
			24.759766109,-102.889614165,0
			24.7597247110002,-102.889512765,0
			24.7596887520001,-102.889417643,0
			24.7596573910001,-102.889327515,0
			24.7596294850001,-102.889240451,0
			24.759603892,-102.889154523,0
			24.7595794690002,-102.889067802,0
			24.7595550730001,-102.88897836,0
			24.7595295620001,-102.888884266,0
			24.759501793,-102.888783594,0
			24.7594708820002,-102.888674992,0
			24.759436984,-102.88855942,0
			24.7594005120001,-102.888438419,0
			24.75936188,-102.888313527,0
			24.7593215020001,-102.888186284,0
			24.759279792,-102.888058228,0
			24.7592371630001,-102.887930899,0
			24.75919403,-102.887805835,0
			24.7591506860002,-102.887684337,0
			24.7591069440001,-102.887566752,0
			24.7590625010001,-102.887453185,0
			24.7590170480001,-102.887343744,0
			24.7589702800001,-102.887238537,0
			24.7589218910002,-102.88713767,0
			24.7588715760002,-102.88704125,0
			24.7588190270002,-102.886949385,0
			24.758764049,-102.886862141,0
			24.7587068780001,-102.886779424,0
			24.758647861,-102.886701098,0
			24.7585873440001,-102.886627029,0
			24.7585256730001,-102.88655708,0
			24.758463195,-102.886491118,0
			24.7584002550001,-102.886429007,0
			24.7583372,-102.886370612,0
			24.7582743560001,-102.886315827,0
			24.7582119620001,-102.886264657,0
			24.7581502390001,-102.886217141,0
			24.758089407,-102.886173312,0
			24.7580296840001,-102.886133207,0
			24.757971291,-102.886096862,0
			24.7579144470001,-102.88606431,0
			24.7578593720001,-102.886035591,0
			24.7578060810002,-102.886010702,0
			24.7577537750001,-102.885989501,0
			24.7577014490001,-102.885971809,0
			24.7576480990001,-102.885957447,0
			24.75759272,-102.885946238,0
			24.75753431,-102.885938001,0
			24.757471864,-102.885932559,0
			24.7574043760001,-102.885929733,0
			24.7573311900001,-102.885929295,0
			24.7572530290001,-102.885930818,0
			24.7571709660002,-102.88593383,0
			24.7570860710001,-102.885937855,0
			24.7569994130001,-102.885942419,0
			24.7569120650001,-102.885947047,0
			24.7568250960001,-102.885951265,0
			24.7567395770001,-102.885954597,0
			24.7566561750001,-102.885956653,0
			24.756573945,-102.885957375,0
			24.756491532,-102.885956788,0
			24.7564075890001,-102.885954917,0
			24.7563207640001,-102.885951788,0
			24.7562297060001,-102.885947427,0
			24.756133064,-102.885941859,0
			24.756029488,-102.885935108,0
			24.7559180980001,-102.885927193,0
			24.7557998980002,-102.885918097,0
			24.7556763660001,-102.885907796,0
			24.755548978,-102.885896264,0
			24.7554192090001,-102.885883478,0
			24.7552885370001,-102.885869412,0
			24.7551584380001,-102.885854043,0
			24.755030387,-102.885837346,0
			24.7549055800001,-102.885819218,0
			24.7547840790001,-102.885799256,0
			24.7546656710001,-102.885776974,0
			24.754550136,-102.885751889,0
			24.7544372570002,-102.885723519,0
			24.7543268190001,-102.885691381,0
			24.7542186020001,-102.88565499,0
			24.754112392,-102.885613864,0
			24.7540079260001,-102.885567656,0
			24.7539047760001,-102.885516572,0
			24.7538024680001,-102.885460951,0
			24.7537005290001,-102.885401135,0
			24.7535984860002,-102.885337464,0
			24.7534958650001,-102.88527028,0
			24.7533921950001,-102.885199924,0
			24.7532870000001,-102.885126737,0
			24.7531797960002,-102.885050981,0
			24.753070035,-102.884972615,0
			24.7529571550001,-102.884891517,0
			24.752840599,-102.884807568,0
			24.7527198040001,-102.884720645,0
			24.75259421,-102.88463063,0
			24.7524632570001,-102.884537399,0
			24.7523263840001,-102.884440835,0
			24.752183561,-102.884341137,0
			24.752036877,-102.884239782,0
			24.7518889530002,-102.884138573,0
			24.751742408,-102.884039307,0
			24.7515998620001,-102.883943785,0
			24.7514639340001,-102.883853806,0
			24.7513372450002,-102.88377117,0
			24.7512224150001,-102.883697676,0
			24.7511213770001,-102.883634575,0
			24.7510333240002,-102.883580911,0
			24.750956758,-102.883535182,0
			24.750890186,-102.883495886,0
			24.750832114,-102.883461516,0
			24.7507810450002,-102.883430573,0
			24.7507354860001,-102.883401551,0
			24.7506939410001,-102.883372948,0
			24.7506551280001,-102.883343492,0
			24.7506186150001,-102.883312847,0
			24.7505841830001,-102.883280908,0
			24.750551611,-102.88324757,0
			24.7505206810001,-102.883212729,0
			24.7504911730002,-102.883176279,0
			24.7504628670001,-102.883138118,0
			24.7504355440001,-102.883098138,0
			24.7504090630001,-102.883056284,0
			24.7503835970002,-102.883012682,0
			24.750359394,-102.882967505,0
			24.7503367060001,-102.882920929,0
			24.750315783,-102.882873126,0
			24.7502968770001,-102.882824269,0
			24.7502802350001,-102.882774535,0
			24.750266111,-102.882724094,0
			24.7502546930002,-102.882672807,0
			24.7502459250001,-102.882619266,0
			24.750239692,-102.882561752,0
			24.7502358790002,-102.882498543,0
			24.7502343700002,-102.882427919,0
			24.750235048,-102.882348158,0
			24.7502377980001,-102.882257538,0
			24.750242503,-102.882154339,0
			24.7502489610002,-102.882037607,0
			24.750256614,-102.881909462,0
			24.7502648170001,-102.881772787,0
			24.750272927,-102.881630468,0
			24.7502802990001,-102.881485393,0
			24.750286288,-102.881340446,0
			24.7502902500001,-102.881198513,0
			24.7502915390002,-102.881062479,0
			24.7502896710002,-102.880934508,0
			24.750284794,-102.880813878,0
			24.7502772140002,-102.880699142,0
			24.7502672410001,-102.880588855,0
			24.7502551800001,-102.880481571,0
			24.7502413390001,-102.880375845,0
			24.7502260270001,-102.880270232,0
			24.7502095470001,-102.880163286,0
			24.7501921810001,-102.880053899,0
			24.750174083,-102.879942323,0
			24.750155384,-102.879829145,0
			24.75013621,-102.879714954,0
			24.7501166890001,-102.879600337,0
			24.7500969500002,-102.879485885,0
			24.750077119,-102.879372184,0
			24.7500573270001,-102.879259824,0
			24.750037708,-102.879149447,0
			24.75001844,-102.879041924,0
			24.749999707,-102.878938178,0
			24.7499816970001,-102.878839132,0
			24.7499645910001,-102.878745711,0
			24.749948579,-102.878658837,0
			24.7499338440002,-102.878579438,0
			24.7499205720001,-102.878508435,0
			24.74990887,-102.878446409,0
			24.7498985390002,-102.878392559,0
			24.749889302,-102.878345743,0
			24.7498808790001,-102.878304818,0
			24.749872995,-102.878268639,0
			24.7498653720002,-102.878236064,0
			24.7498577310001,-102.878205948,0
			24.7498497960001,-102.878177149,0
			24.749841335,-102.878148655,0
			24.7498323120001,-102.878119986,0
			24.7498227340002,-102.8780908,0
			24.7498126090002,-102.878060745,0
			24.7498019490002,-102.87802948,0
			24.7497907590001,-102.877996656,0
			24.7497790500001,-102.877961926,0
			24.7497668310001,-102.877924947,0
			24.749754112,-102.877885461,0
			24.7497409160002,-102.877843576,0
			24.749727269,-102.87779949,0
			24.749713194,-102.877753401,0
			24.7496987170002,-102.877705506,0
			24.7496838640001,-102.877656005,0
			24.7496686570001,-102.877605096,0
			24.7496531250001,-102.877552976,0
			24.749637293,-102.877499848,0
			24.749621218,-102.87744594,0
			24.7496049520001,-102.877391484,0
			24.7495885540002,-102.877336711,0
			24.7495720800001,-102.877281854,0
			24.7495555850001,-102.877227143,0
			24.749539128,-102.877172814,0
			24.7495227640001,-102.877119095,0
			24.749506565,-102.877066193,0
			24.7494906680001,-102.877014198,0
			24.7494752290002,-102.876963176,0
			24.7494603980001,-102.876913189,0
			24.7494463300001,-102.876864302,0
			24.7494331770002,-102.87681658,0
			24.7494210930001,-102.876770086,0
			24.7494102310001,-102.876724884,0
			24.7494006710002,-102.876680985,0
			24.7493922000001,-102.876638188,0
			24.7493845310001,-102.876596238,0
			24.7493773760001,-102.87655488,0
			24.7493704510002,-102.87651386,0
			24.749363466,-102.876472924,0
			24.7493561370001,-102.876431817,0
			24.7493481760002,-102.876390284,0
			24.7493393390001,-102.876348081,0
			24.7493295450001,-102.876305008,0
			24.7493187590002,-102.876260875,0
			24.749306941,-102.876215494,0
			24.749294057,-102.876168673,0
			24.7492800670001,-102.876120224,0
			24.7492649340001,-102.876069957,0
			24.749248621,-102.876017682,0
			24.7492311190002,-102.875963323,0
			24.7492125310001,-102.875907252,0
			24.7491929900002,-102.875849952,0
			24.7491726270001,-102.875791911,0
			24.7491515750002,-102.875733612,0
			24.7491299630001,-102.875675543,0
			24.7491079260002,-102.875618185,0
			24.7490855940001,-102.875562026,0
			24.7490630680001,-102.875507465,0
			24.7490403210001,-102.875454567,0
			24.7490172970001,-102.875403309,0
			24.7489939370001,-102.87535367,0
			24.7489701850001,-102.875305628,0
			24.748945981,-102.875259162,0
			24.74892127,-102.875214252,0
			24.7488959930002,-102.875170876,0
			24.7488700640001,-102.875128937,0
			24.7488432840001,-102.875088046,0
			24.7488154240002,-102.875047738,0
			24.7487862570001,-102.875007547,0
			24.7487555560002,-102.874967008,0
			24.7487230920001,-102.874925659,0
			24.748688637,-102.874883033,0
			24.748651965,-102.874838665,0
			24.7486129490002,-102.874792247,0
			24.7485718880001,-102.874744092,0
			24.7485291790002,-102.874694666,0
			24.748485222,-102.87464444,0
			24.748440418,-102.87459388,0
			24.7483951630001,-102.874543457,0
			24.7483498600002,-102.874493637,0
			24.748304906,-102.87444489,0
			24.748260671,-102.874397638,0
			24.7482173890002,-102.874352118,0
			24.748175265,-102.874308523,0
			24.7481345050001,-102.874267045,0
			24.7480953130002,-102.874227876,0
			24.7480578940002,-102.874191208,0
			24.7480224520001,-102.874157233,0
			24.747989192,-102.874126145,0
			24.7479581980001,-102.874098027,0
			24.747929072,-102.874072548,0
			24.747901298,-102.874049266,0
			24.7478743580001,-102.874027743,0
			24.7478477330001,-102.874007538,0
			24.7478209060001,-102.873988213,0
			24.7477933600002,-102.873969326,0
			24.7477645770002,-102.873950439,0
			24.747734152,-102.873931185,0
			24.7477021310002,-102.873911486,0
			24.7476686740001,-102.873891335,0
			24.7476339410002,-102.873870728,0
			24.7475980890001,-102.873849659,0
			24.7475612800001,-102.873828122,0
			24.7475236730001,-102.873806111,0
			24.7474854260001,-102.873783622,0
			24.7474466550001,-102.873760638,0
			24.747407304,-102.873737101,0
			24.7473672720001,-102.873712945,0
			24.7473264600001,-102.873688102,0
			24.7472847660002,-102.873662504,0
			24.74724209,-102.873636085,0
			24.7471983320001,-102.873608774,0
			24.7471533920001,-102.873580507,0
			24.7471072310001,-102.87355128,0
			24.7470600560001,-102.873521351,0
			24.7470121370001,-102.873491041,0
			24.7469637460001,-102.873460673,0
			24.7469151500001,-102.873430571,0
			24.746866618,-102.873401056,0
			24.7468184220001,-102.873372449,0
			24.7467708300001,-102.873345076,0
			24.746724101,-102.873319211,0
			24.7466784440001,-102.873294951,0
			24.7466340580002,-102.873272345,0
			24.7465911420002,-102.873251442,0
			24.746549895,-102.873232294,0
			24.7465105150001,-102.873214948,0
			24.7464732010001,-102.873199457,0
			24.7464381510002,-102.873185868,0
			24.7464054210001,-102.873174151,0
			24.7463744950001,-102.873163947,0
			24.746344712,-102.873154816,0
			24.7463154100001,-102.873146317,0
			24.746285931,-102.873138011,0
			24.7462556140001,-102.873129458,0
			24.7462238000001,-102.873120216,0
			24.7461898260001,-102.873109846,0
			24.7461532140002,-102.873098034,0
			24.7461142020001,-102.873084972,0
			24.746073207,-102.873070978,0
			24.7460306470001,-102.873056367,0
			24.7459869400001,-102.873041458,0
			24.745942505,-102.873026568,0
			24.7458977570001,-102.873012016,0
			24.745853116,-102.872998117,0
			24.7458089200001,-102.872985111,0
			24.7457651810001,-102.872972915,0
			24.7457218330001,-102.87296137,0
			24.7456788110001,-102.872950312,0
			24.7456360470001,-102.872939584,0
			24.745593474,-102.872929021,0
			24.7455510270001,-102.872918464,0
			24.7455086380001,-102.872907751,0
			24.7454662460001,-102.872896719,0
			24.7454238050001,-102.872885189,0
			24.7453812730001,-102.872872975,0
			24.745338611,-102.872859898,0
			24.7452957790002,-102.872845773,0
			24.7452527320001,-102.872830417,0
			24.745209432,-102.87281365,0
			24.7451658380002,-102.872795287,0
			24.7451219160001,-102.872775217,0
			24.7450776650001,-102.87275361,0
			24.745033092,-102.872730706,0
			24.7449882020001,-102.872706749,0
			24.744943002,-102.872681979,0
			24.7448975,-102.872656637,0
			24.7448517010002,-102.872630965,0
			24.7448056120001,-102.872605204,0
			24.744759259,-102.872579565,0
			24.7447127450001,-102.872554137,0
			24.7446661950001,-102.872528981,0
			24.744619731,-102.872504154,0
			24.7445734780002,-102.872479716,0
			24.744527557,-102.872455727,0
			24.7444820920001,-102.872432245,0
			24.744437207,-102.87240933,0
			24.7443930410001,-102.872387031,0
			24.7443497900002,-102.872365359,0
			24.7443076660001,-102.872344314,0
			24.744266882,-102.8723239,0
			24.74422765,-102.872304115,0
			24.7441901820001,-102.872284962,0
			24.7441546900002,-102.872266442,0
			24.7441213860001,-102.872248556,0
			24.7440903950001,-102.872231266,0
			24.7440614870002,-102.872214376,0
			24.7440343460001,-102.872197652,0
			24.744008654,-102.87218086,0
			24.7439840970002,-102.872163766,0
			24.743960353,-102.872146133,0
			24.743937111,-102.87212773,0
			24.7439140490001,-102.872108321,0
			24.7438908980002,-102.872087727,0
			24.7438675570002,-102.872065989,0
			24.7438439750001,-102.872043203,0
			24.7438200980002,-102.872019466,0
			24.7437958720001,-102.871994874,0
			24.7437712430001,-102.871969524,0
			24.743746157,-102.871943512,0
			24.7437205630001,-102.871916934,0
			24.7436944460001,-102.871889868,0
			24.74366796,-102.871862315,0
			24.7436413010001,-102.871834257,0
			24.7436146620001,-102.871805676,0
			24.743588238,-102.871776554,0
			24.7435622240002,-102.871746874,0
			24.743536814,-102.871716617,0
			24.743512203,-102.871685764,0
			24.7434885420001,-102.871654358,0
			24.7434658010001,-102.871622668,0
			24.7434439090001,-102.871591023,0
			24.743422792,-102.871559751,0
			24.743402379,-102.871529182,0
			24.7433825970002,-102.871499644,0
			24.7433633720001,-102.871471466,0
			24.743344633,-102.871444974,0
			24.7433263190001,-102.871420404,0
			24.7433084180001,-102.871397598,0
			24.7432909340001,-102.871376306,0
			24.7432738660002,-102.871356275,0
			24.7432572180002,-102.871337254,0
			24.7432409890002,-102.871318991,0
			24.7432251820002,-102.871301235,0
			24.7432097970001,-102.871283733,0
			24.7431948040002,-102.87126625,0
			24.7431800420002,-102.871248613,0
			24.7431653170001,-102.871230667,0
			24.7431504350001,-102.871212255,0
			24.7431352030001,-102.871193222,0
			24.743119429,-102.871173409,0
			24.743102916,-102.871152662,0
			24.7430854730001,-102.871130825,0
			24.7430668790001,-102.871107711,0
			24.743046808,-102.871083019,0
			24.743024911,-102.871056416,0
			24.7430008330002,-102.871027572,0
			24.7429742250001,-102.870996154,0
			24.7429447350002,-102.87096183,0
			24.742912012,-102.870924269,0
			24.742875702,-102.870883138,0
			24.7428356020001,-102.870838156,0
			24.7427920910001,-102.87078924,0
			24.742745693,-102.870736357,0
			24.7426969350001,-102.870679472,0
			24.7426463420001,-102.870618551,0
			24.742594438,-102.870553562,0
			24.7425417520001,-102.870484471,0
			24.742488806,-102.870411244,0
			24.7424361650002,-102.870334172,0
			24.7423845540001,-102.870254847,0
			24.7423347330001,-102.870175183,0
			24.7422874640001,-102.870097096,0
			24.7422435100002,-102.870022502,0
			24.7422036310001,-102.869953316,0
			24.7421685900002,-102.869891454,0
			24.742139148,-102.869838831,0
			24.7421157810002,-102.869796703,0
			24.7420978120002,-102.869763685,0
			24.7420842780001,-102.869737736,0
			24.7420742160002,-102.869716812,0
			24.7420666630002,-102.869698868,0
			24.7420606540001,-102.869681862,0
			24.742055228,-102.869663752,0
			24.7420494200001,-102.869642491,0
			24.742042488,-102.869616604,0
			24.742034561,-102.869586864,0
			24.7420259910002,-102.869554614,0
			24.7420171290001,-102.869521196,0
			24.7420083270001,-102.869487948,0
			24.7419999330002,-102.869456215,0
			24.741992301,-102.869427333,0
			24.7419721330002,-102.869350983,0
			24.741969194,-102.869336386,0
			24.7419656000001,-102.869310195,0
			24.7419622630001,-102.869285875,0
			24.7419576060001,-102.869251933,0
			24.7419514080001,-102.869206768,0
			24.741943512,-102.869149324,0
			24.7419340050002,-102.869080755,0
			24.7419230360001,-102.86900276,0
			24.7419107540001,-102.868917043,0
			24.741897307,-102.868825304,0
			24.7418828450001,-102.868729246,0
			24.7418675180001,-102.86863057,0
			24.7418514730001,-102.868530977,0
			24.7418348840001,-102.868431873,0
			24.7418180200001,-102.86833347,0
			24.7418011700001,-102.868235683,0
			24.7417846280002,-102.86813843,0
			24.7417686850002,-102.868041625,0
			24.741753633,-102.867945183,0
			24.741739764,-102.867849021,0
			24.7417273690002,-102.867753054,0
			24.7417166840001,-102.867657302,0
			24.7417077250001,-102.867562191,0
			24.741700451,-102.867468257,0
			24.7416948210001,-102.867376028,0
			24.7416907940001,-102.867286039,0
			24.741688332,-102.867198821,0
			24.741687391,-102.867114906,0
			24.7416879320002,-102.867034825,0
			24.7416898700002,-102.866958947,0
			24.7416929370002,-102.866886974,0
			24.7416968220001,-102.866818448,0
			24.741701214,-102.866752908,0
			24.7417058020001,-102.866689892,0
			24.741710273,-102.86662894,0
			24.7417143170001,-102.866569592,0
			24.7417176210001,-102.866511387,0
			24.7417199660002,-102.866453955,0
			24.7417214940001,-102.866397294,0
			24.7417224430001,-102.86634149,0
			24.7417230460001,-102.86628663,0
			24.7417235390002,-102.866232801,0
			24.7417241560001,-102.866180093,0
			24.7417251350001,-102.86612859,0
			24.741726708,-102.866078382,0
			24.741729034,-102.866029486,0
			24.7417319560001,-102.865981655,0
			24.74173524,-102.865934571,0
			24.741738653,-102.865887918,0
			24.7417419610001,-102.865841378,0
			24.741744929,-102.865794635,0
			24.7417473240001,-102.865747372,0
			24.7417489130002,-102.865699272,0
			24.7417495040001,-102.865650086,0
			24.7417490940001,-102.865599833,0
			24.7417477220001,-102.8655486,0
			24.7417454260001,-102.865496475,0
			24.7417422450001,-102.865443542,0
			24.7417382200001,-102.865389892,0
			24.7417333890001,-102.865335608,0
			24.7417277920001,-102.86528078,0
			24.7417214980001,-102.86522547,0
			24.7417146970002,-102.865169643,0
			24.741707614,-102.865113242,0
			24.7417004690001,-102.86505621,0
			24.7416934820001,-102.864998486,0
			24.7416868760001,-102.864940016,0
			24.7416808740001,-102.864880741,0
			24.7416756950001,-102.864820602,0
			24.7416715050002,-102.864759738,0
			24.7416682380002,-102.864699072,0
			24.7416657720001,-102.864639724,0
			24.7416639830001,-102.864582812,0
			24.7416627480001,-102.864529457,0
			24.7416619460001,-102.864480779,0
			24.741661453,-102.864437895,0
			24.7416611460001,-102.864401927,0
			24.7416608670002,-102.864373516,0
			24.741660314,-102.864351394,0
			24.7416591460001,-102.864333816,0
			24.7416570280001,-102.864319036,0
			24.7416536190001,-102.864305311,0
			24.741648583,-102.864290893,0
			24.7416415780001,-102.864274039,0
			24.7416322690001,-102.864253002,0
			24.7416203920001,-102.86422569,0
			24.7416059860001,-102.864188618,0
			24.7415891670001,-102.864137953,0
			24.741570048,-102.864069861,0
			24.741548746,-102.863980511,0
			24.7415253750002,-102.863866069,0
			24.7415000500001,-102.863722701,0
			24.7414728840001,-102.863546576,0
			24.7414440850002,-102.863335728,0
			24.7414142120001,-102.863095655,0
			24.7413839190002,-102.862833727,0
			24.7413538580001,-102.86255731,0
			24.7413246800002,-102.862273772,0
			24.741297038,-102.861990479,0
			24.7412715840002,-102.861714801,0
			24.7412489700001,-102.861454103,0
			24.7412296400001,-102.861214119,0
			24.7412132000002,-102.860994048,0
			24.7411990460001,-102.860791458,0
			24.7411865770002,-102.860603911,0
			24.7411751890001,-102.860428973,0
			24.7411642800002,-102.860264212,0
			24.741153244,-102.860107191,0
			24.7411414820001,-102.859955478,0
			24.7411285100001,-102.859807048,0
			24.7411143310001,-102.859661537,0
			24.7410990660001,-102.85951899,0
			24.7410828410001,-102.859379451,0
			24.741065776,-102.859242968,0
			24.7410479960002,-102.859109586,0
			24.7410296230001,-102.858979352,0
			24.741010781,-102.85885231,0
			24.740991613,-102.85872867,0
			24.7409723460001,-102.858609292,0
			24.7409532260002,-102.8584952,0
			24.7409345010001,-102.85838742,0
			24.7409164180001,-102.858286974,0
			24.7408992240001,-102.858194885,0
			24.740883166,-102.858112178,0
			24.7408684910001,-102.858039876,0
			24.7408553720001,-102.857978611,0
			24.7408436750001,-102.857927445,0
			24.7408331970001,-102.85788504,0
			24.740823731,-102.857850068,0
			24.7408150690002,-102.857821195,0
			24.7408070080001,-102.857797089,0
			24.7407993370001,-102.857776415,0
			24.740791855,-102.857757843,0
			24.7407843890001,-102.857740251,0
			24.740776919,-102.857723376,0
			24.7407694610001,-102.857707165,0
			24.7407620290001,-102.857691565,0
			24.7407546390002,-102.857676523,0
			24.7407473080002,-102.857661988,0
			24.7407400480001,-102.857647907,0
			24.7407328780002,-102.857634227,0
			24.7407257940001,-102.857620876,0
			24.7407187220001,-102.857607699,0
			24.7407115710001,-102.857594523,0
			24.740704249,-102.857581172,0
			24.7406966650001,-102.85756747,0
			24.7406887270002,-102.857553246,0
			24.740680343,-102.857538321,0
			24.7406714220001,-102.857522523,0
			24.7406619010001,-102.857505735,0
			24.7406518440001,-102.857488073,0
			24.7406413410002,-102.857469713,0
			24.7406304830002,-102.857450827,0
			24.7406193630001,-102.857431591,0
			24.740608072,-102.857412181,0
			24.740596701,-102.857392769,0
			24.7405853430002,-102.857373531,0
			24.7405740680001,-102.857354605,0
			24.7405628710001,-102.857335985,0
			24.7405517260001,-102.857317626,0
			24.740540605,-102.857299485,0
			24.7405294840001,-102.857281518,0
			24.7405183350001,-102.857263682,0
			24.740507134,-102.857245932,0
			24.740495853,-102.857228227,0
			24.7404844620001,-102.857210524,0
			24.740472912,-102.857192791,0
			24.740461151,-102.857175,0
			24.7404491270001,-102.85715712,0
			24.740436786,-102.857139122,0
			24.7404240760001,-102.857120977,0
			24.7404109430001,-102.857102655,0
			24.740397337,-102.857084126,0
			24.7403832150001,-102.857065362,0
			24.740368593,-102.857046334,0
			24.7403534960001,-102.857027011,0
			24.7403379520001,-102.857007367,0
			24.7403219870001,-102.856987371,0
			24.740305626,-102.856966996,0
			24.7402888980001,-102.856946213,0
			24.7402718280001,-102.856924992,0
			24.7402544620001,-102.856903348,0
			24.740236926,-102.856881472,0
			24.7402193630001,-102.856859595,0
			24.7402019180001,-102.856837951,0
			24.7401847350001,-102.856816773,0
			24.7401679570001,-102.856796293,0
			24.7401517300001,-102.856776746,0
			24.740136198,-102.856758363,0
			24.740121462,-102.856741302,0
			24.740107461,-102.856725421,0
			24.740094089,-102.856710501,0
			24.7400812420001,-102.856696324,0
			24.7400688150001,-102.856682671,0
			24.7400567030001,-102.856669324,0
			24.7400448020001,-102.856656066,0
			24.740033008,-102.856642677,0
			24.7400212270001,-102.856628986,0
			24.740009414,-102.856615003,0
			24.7399975360001,-102.856600789,0
			24.73998556,-102.856586399,0
			24.7399734520001,-102.856571891,0
			24.7399611800001,-102.856557325,0
			24.7399487100001,-102.856542757,0
			24.7399360090001,-102.856528245,0
			24.7399229490001,-102.856513811,0
			24.7399090270002,-102.856499335,0
			24.7398936470001,-102.856484659,0
			24.7398762110001,-102.856469626,0
			24.739856123,-102.85645408,0
			24.7398327840002,-102.856437863,0
			24.7398055970002,-102.856420819,0
			24.739773965,-102.856402792,0
			24.740862873,-102.85629226,0
			24.7542221100001,-102.854936048,0
			24.7720009470002,-102.853130718,0
			24.810738035,-102.829069851,0
			24.9411332070001,-102.747951918,0
			24.9783802530001,-102.724745216,0
			25.0448853460001,-102.683269892,0
			25.0637718400001,-102.671482257,0
			25.066636493,-102.669693982,0
			25.063920233,-102.668312833,0
			25.0609007290001,-102.665620713,0
			25.059408594,-102.664382441,0
			25.056909572,-102.662260602,0
			25.0546904460001,-102.660391356,0
			25.0511662610001,-102.657444625,0
			25.049877441,-102.656359723,0
			25.0471713930001,-102.65408528,0
			25.0460213260001,-102.653107571,0
			25.0458246720002,-102.652830712,0
			25.0455160510001,-102.652708517,0
			25.0452290640001,-102.6524221,0
			25.044788114,-102.65219825,0
			25.0446056100002,-102.652197339,0
			25.0443262990001,-102.652375383,0
			25.0441715150001,-102.65263848,0
			25.0439496230002,-102.652869567,0
			25.0435639460002,-102.653215953,0
			25.0433106560002,-102.653330903,0
			25.0429367690001,-102.653149611,0
			25.0425532050001,-102.652989369,0
			25.04214976,-102.652987352,0
			25.0418417230001,-102.653144137,0
			25.0416151770001,-102.653207072,0
			25.0414511290001,-102.653385601,0
			25.040942021,-102.653383055,0
			25.0406827070001,-102.653443862,0
			25.0400073850001,-102.65325121,0
			25.0395565260001,-102.653101196,0
			25.0392406270001,-102.652835757,0
			25.0389339530001,-102.652663407,0
			25.0385476710002,-102.652568437,0
			25.0380673860001,-102.652566038,0
			25.0376263470001,-102.652362999,0
			25.037464017,-102.652129991,0
			25.037252688,-102.652128936,0
			25.0371193020002,-102.651864415,0
			25.0368407340001,-102.651863026,0
			25.0367250200001,-102.651967998,0
			25.0364661460001,-102.651850608,0
			25.036361486,-102.651607343,0
			25.0361124400002,-102.651437236,0
			25.0354828280002,-102.65136766,0
			25.03516604,-102.651316265,0
			25.0349745780002,-102.651156994,0
			25.0341452900001,-102.651152861,0
			25.033799996,-102.651024258,0
			25.0336174900002,-102.651023348,0
			25.0334548410002,-102.650864237,0
			25.0331245440001,-102.650933856,0
			25.0327782890001,-102.651040403,0
			25.032336416,-102.651038201,0
			25.0319051590001,-102.650793317,0
			25.0317826080001,-102.650862784,0
			25.0314395940001,-102.650732585,0
			25.0311257610002,-102.650614575,0
			25.0308912620002,-102.650407739,0
			25.0301267990001,-102.650129546,0
			25.0296473820001,-102.649916084,0
			25.029452307,-102.649915114,0
			25.0290680190001,-102.649796674,0
			25.0288922520002,-102.6497958,0
			25.0286367810001,-102.649745789,0
			25.0284559670001,-102.649676594,0
			25.0281582130001,-102.649546372,0
			25.0279558010001,-102.649545366,0
			25.02786853,-102.649386173,0
			25.0277784590001,-102.649268689,0
			25.0277671170001,-102.649143938,0
			25.0278128270001,-102.643001897,0
			25.0083216640001,-102.628884835,0
			25.0041690970002,-102.635542923,0
			24.999553953,-102.633828059,0
			24.9987011760001,-102.634200444,0
			24.9786481640002,-102.642955552,0
			24.978671053,-102.646760264,0
			24.9786909530001,-102.650420804,0
			24.9787630970002,-102.663138486,0
			24.9787872020001,-102.667425835,0
			24.9788182510001,-102.672984449,0
			24.9762376470001,-102.672989999,0
			24.9703275640001,-102.673002682,0
			24.9659378980001,-102.673012094,0
			24.9606065680001,-102.673023503,0
			24.9548449590001,-102.673035766,0
			24.9427520750001,-102.673061568,0
			24.9289761630002,-102.636724125,0
			24.9022207570001,-102.566235783,0
			24.8663554230002,-102.5653729,0
			24.8639032710001,-102.564282441,0
			24.829935585,-102.54918187,0
			24.7806504010001,-102.534118973,0
			24.7358621590002,-102.520441005,0
			24.719479865,-102.515439872,0
			24.7097211010001,-102.512182304,0
			24.6125552120001,-102.494641428,0
			24.5964059860001,-102.492683167,0
			24.5958541660001,-102.492616053,0
			24.5925103170001,-102.492209472,0
			24.5873915620002,-102.491587242,0
			24.5222369660001,-102.483667757,0
			24.5221314400001,-102.483654937,0
			24.490448051,-102.47980697,0
			24.4446545360001,-102.486929965,0
			24.444228386,-102.486996212,0
			24.4442513030001,-102.484185679,0
			24.4444860510001,-102.479318947,0
			24.4437627090002,-102.479186193,0
			24.4452147920001,-102.473126874,0
			24.4442369880001,-102.4730975,0
			24.4432391080001,-102.473014106,0
			24.4425271910001,-102.473050182,0
			24.4396797430002,-102.472696981,0
			24.4389002550002,-102.475102836,0
			24.4379244360002,-102.475676992,0
			24.435114694,-102.476749001,0
			24.4346485400002,-102.477051148,0
			24.4341757380001,-102.477416856,0
			24.4332201220001,-102.477917031,0
			24.4331878150001,-102.477933896,0
			24.4328706470001,-102.478099464,0
			24.4325217220001,-102.478098193,0
			24.4319291180001,-102.478400629,0
			24.431236986,-102.478645409,0
			24.4307447480001,-102.478643615,0
			24.430097198,-102.47910052,0
			24.4297863710001,-102.47931842,0
			24.4291082820001,-102.479486994,0
			24.4286681900001,-102.479718545,0
			24.4285583380001,-102.479718144,0
			24.4284865500002,-102.479951053,0
			24.4282407540001,-102.480034948,0
			24.4280138820001,-102.480267276,0
			24.4278902680001,-102.480542384,0
			24.4277590300002,-102.481199012,0
			24.4274408240001,-102.48171363,0
			24.4275712520001,-102.482373787,0
			24.4274745240001,-102.482641922,0
			24.4273949700001,-102.482966647,0
			24.4271869820001,-102.483361554,0
			24.4270372490001,-102.483721339,0
			24.4270343740001,-102.484001807,0
			24.4270745450002,-102.484270682,0
			24.426559334,-102.487445704,0
			24.4261804280001,-102.490375463,0
			24.4260170980001,-102.490947161,0
			24.425698194,-102.491673719,0
			24.4255806410002,-102.492149099,0
			24.4255803040001,-102.492256456,0
			24.4258354930001,-102.492249005,0
			24.4251677890001,-102.49808839,0
			24.424695584,-102.500838182,0
			24.4247888040001,-102.500861059,0
			24.4246471580001,-102.508255005,0
			24.4242408250001,-102.508210644,0
			24.4239321340001,-102.520146311,0
			24.422871997,-102.520224398,0
			24.4206067180001,-102.520621269,0
			24.4183965670001,-102.522305141,0
			24.4152471190001,-102.522792259,0
			24.4162270640001,-102.526701893,0
			24.4136670870001,-102.528584473,0
			24.40861297,-102.5338857,0
			24.4077221070001,-102.533931413,0
			24.4088088460001,-102.565813472,0
			24.410157785,-102.577818661,0
			24.4101585230001,-102.577835532,0
			24.4101680130001,-102.578083442,0
			24.4101907550001,-102.578672217,0
			24.4102134510002,-102.579289765,0
			24.410248213,-102.580253304,0
			24.41027913,-102.581122407,0
			24.4103120860001,-102.5819979,0
			24.4103406410001,-102.582864433,0
			24.4104093420002,-102.584730071,0
			24.4104732280001,-102.586531242,0
			24.4107499300001,-102.59466551,0
			24.4109428190001,-102.600204029,0
			24.4111672980001,-102.606554707,0
			24.4111688160001,-102.606592764,0
			24.40539922,-102.607299036,0
			24.4053278910001,-102.607358709,0
			24.4049215940001,-102.607698597,0
			24.4032950370001,-102.609146215,0
			24.400352791,-102.611496919,0
			24.3999553140001,-102.611814473,0
			24.3979790330001,-102.614740067,0
			24.3963784080001,-102.618564314,0
			24.3952952460002,-102.621772665,0
			24.3944004930001,-102.624262278,0
			24.3937443680001,-102.626701557,0
			24.3931761690001,-102.62888268,0
			24.3924522720001,-102.633787732,0
			24.3920437170001,-102.638202363,0
			24.3920117480001,-102.64176909,0
			24.3914020260001,-102.644694766,0
			24.389706167,-102.649057517,0
			24.389400252,-102.651370069,0
			24.3880322250001,-102.653453231,0
			24.3886037020002,-102.655063304,0
			24.3864157770001,-102.657541021,0
			24.3863116420001,-102.658763709,0
			24.3859049060002,-102.659669452,0
			24.3849897020001,-102.660571661,0
			24.3838036770001,-102.661521898,0
			24.3820028570001,-102.661938933,0
			24.3815766320001,-102.662358603,0
			24.3811978940001,-102.665229,0
			24.3811141590002,-102.666389195,0
			24.3807697430001,-102.668433295,0
			24.3809206110001,-102.668724703,0
			24.3806728790001,-102.670811325,0
			24.3805513900001,-102.671810609,0
			24.3804329110001,-102.672729772,0
			24.380201957,-102.673554886,0
			24.3800745290001,-102.677621788,0
			24.3799564310002,-102.679203659,0
			24.3794300820002,-102.680695281,0
			24.37938488,-102.680939068,0
			24.3785254090002,-102.685499366,0
			24.378452193,-102.685567783,0
			24.3784394460001,-102.685879682,0
			24.3782177680001,-102.686586692,0
			24.3770983480002,-102.686638144,0
			24.3762482410001,-102.699043105,0
			24.3743376910001,-102.69908402,0
			24.3739718520001,-102.699904406,0
			24.3741325400001,-102.703986789,0
			24.377838055,-102.708812948,0
			24.3782168440002,-102.714373019,0
			24.3753627820001,-102.722027223,0
			24.3754065970001,-102.722321045,0
			24.376012824,-102.722363347,0
			24.3756732300002,-102.724109111,0
			24.375685908,-102.724194138,0
			24.3760666170002,-102.73071544,0
			24.3774533180001,-102.738012768,0
			24.375826847,-102.751600087,0
			24.376656788,-102.752425919,0
			24.376612607,-102.753713772,0
			24.3765142830001,-102.754734954,0
			24.3766891590001,-102.755475811,0
			24.3769830010002,-102.75665433,0
			24.377329721,-102.756986297,0
			24.3780832950001,-102.757206359,0
			24.3790555460001,-102.758519155,0
			24.3800347420001,-102.758961538,0
			24.3806444200001,-102.759099521,0
			24.3806093010002,-102.759621004,0
			24.3808971540001,-102.760118112,0
			24.3810120050001,-102.760372055,0
			24.3804282930001,-102.760724543,0
			24.380718392,-102.761068909,0
			24.3809496320001,-102.761267302,0
			24.380599563,-102.761455267,0
			24.380853594,-102.761684465,0
			24.381066893,-102.762154145,0
			24.3813845560001,-102.762559733,0
			24.381520691,-102.762693466,0
			24.3817176400001,-102.762833045,0
			24.3820568190002,-102.763100819,0
			24.3823460140001,-102.763379696,0
			24.3826183990001,-102.763630529,0
			24.3828871860001,-102.763759955,0
			24.3835113070001,-102.76391874,0
			24.3840773520001,-102.764272919,0
			24.384474799,-102.764882586,0
			24.384706161,-102.765077205,0
			24.3849870530001,-102.765085726,0
			24.3852713970001,-102.764828826,0
			24.3854713590001,-102.764321531,0
			24.385814361,-102.764001313,0
			24.3860790800002,-102.763853758,0
			24.386428215,-102.763912016,0
			24.3867248010001,-102.764200785,0
			24.3870215670001,-102.764445457,0
			24.3872082130001,-102.764866946,0
			24.3873179430001,-102.765243153,0
			24.387714153,-102.765875535,0
			24.3878415140002,-102.766598072,0
			24.3878936670001,-102.766926488,0
			24.3881413640001,-102.767119489,0
			24.388414111,-102.767228786,0
			24.3885963600001,-102.76752862,0
			24.388500714,-102.767840589,0
			24.3883137120002,-102.76818596,0
			24.3890165610001,-102.768698202,0
			24.3891985110001,-102.769218529,0
			24.389510182,-102.769372007,0
			24.3896654330002,-102.769399507,0
			24.3901376230002,-102.770285051,0
			24.3902763730001,-102.770583992,0
			24.3903566350002,-102.770752577,0
			24.3904081700001,-102.770890769,0
			24.3905024540001,-102.771051395,0
			24.3905913860002,-102.771328029,0
			24.3906053410001,-102.772460267,0
			24.3908546010002,-102.772596397,0
			24.3911630390001,-102.772720695,0
			24.3914416490001,-102.772834701,0
			24.3917403560002,-102.772969987,0
			24.3918833140001,-102.773128798,0
			24.3919942420001,-102.7733564,0
			24.392091453,-102.773698439,0
			24.392601396,-102.774007693,0
			24.392799418,-102.774286803,0
			24.392834739,-102.774491062,0
			24.3927989790001,-102.774696544,0
			24.3926587710001,-102.774833238,0
			24.3925904940002,-102.775025162,0
			24.3926245680001,-102.775144674,0
			24.3927293180001,-102.775234671,0
			24.3928536490002,-102.775240332,0
			24.393041085,-102.775280753,0
			24.393057725,-102.775491061,0
			24.3932030080001,-102.775700458,0
			24.3933399630001,-102.775782828,0
			24.393483804,-102.775893355,0
			24.3939010700001,-102.776619929,0
			24.3941447750001,-102.776988843,0
			24.3943436960001,-102.777208715,0
			24.3945927360001,-102.777405362,0
			24.3949349280002,-102.777861505,0
			24.3951121910002,-102.778128058,0
			24.3952604100001,-102.778488132,0
			24.3955278710001,-102.779020972,0
			24.3958024970001,-102.779351961,0
			24.3960504820001,-102.779454995,0
			24.3962881790001,-102.779617606,0
			24.3965210210001,-102.779441885,0
			24.3970545570002,-102.779648096,0
			24.3973234040001,-102.779759043,0
			24.3975787240001,-102.779830809,0
			24.3977066290001,-102.779952893,0
			24.3978788590001,-102.779763611,0
			24.3980859480001,-102.779770282,0
			24.3983791930002,-102.779878267,0
			24.3989686920002,-102.779743399,0
			24.3995282070002,-102.779231763,0
			24.4001445820001,-102.779164513,0
			24.400482724,-102.779627377,0
			24.4027316260001,-102.781077513,0
			24.4040768710001,-102.783421748,0
			24.4062484740001,-102.7888524,0
			24.406153669,-102.789553103,0
			24.4061912490001,-102.789906764,0
			24.4057302090001,-102.79133926,0
			24.4054021430002,-102.79199064,0
			24.4036592350002,-102.793506887,0
			24.4022398430002,-102.794418524,0
			24.4002146070001,-102.796095384,0
			24.398723353,-102.79757656,0
			24.398649672,-102.799112741,0
			24.3985710540001,-102.800355657,0
			24.3984609770002,-102.80109723,0
			24.3975707600001,-102.801959448,0
			24.3962849970001,-102.803708138,0
			24.3951145180001,-102.805782815,0
			24.3936000910001,-102.808454391,0
			24.389494427,-102.812415558,0
			24.3899157750001,-102.816787803,0
			24.388711222,-102.818695951,0
			24.3872244460001,-102.820568706,0
			24.386567563,-102.822176024,0
			24.3860986650001,-102.824868744,0
			24.3857975100001,-102.827910761,0
			24.3852771240001,-102.830596513,0
			24.385244979,-102.830762402,0
			24.3846919040002,-102.831735611,0
			24.3901085550001,-102.834044826,0
			24.3946084900002,-102.840736198,0
			24.3980825870001,-102.845902768,0
			24.4193432490001,-102.852603046,0
			24.4243591540001,-102.853892053,0
			24.4236109550001,-102.855146479,0
			24.424599302,-102.856371433,0
			24.4229268240001,-102.858582597,0
			24.4242480600001,-102.86016184,0
			24.4251449030002,-102.860471892,0
			24.4264240530001,-102.861926211,0
			24.4273983690001,-102.862860365,0
			24.4280667790002,-102.863199328,0
			24.4287623010002,-102.863838018,0
			24.43031208,-102.865012686,0
			24.4305622420001,-102.8645163,0
			24.430277136,-102.863325649,0
			24.4301900890002,-102.862341118,0
			24.4301154680001,-102.861817515,0
			24.4306496230002,-102.861586806,0
			24.430919386,-102.861088421,0
			24.4314371400001,-102.860564954,0
			24.4331523210001,-102.860388346,0
			24.4334080710001,-102.861119285,0
			24.4339124000001,-102.860990006,0
			24.4344923530002,-102.860620915,0
			24.4350932910002,-102.861589826,0
			24.4355199300002,-102.862491752,0
			24.436184419,-102.863405456,0
			24.4364370640002,-102.864095742,0
			24.4370791370001,-102.864575227,0
			24.4378890850002,-102.865031418,0
			24.4387538630002,-102.865404936,0
			24.439446225,-102.865785499,0
			24.4400051470001,-102.866535517,0
			24.4413419800001,-102.867329189,0
			24.4420894580002,-102.867818667,0
			24.4428832460001,-102.86854831,0
			24.4434863900001,-102.868956895,0
			24.444302157,-102.869507523,0
			24.445085999,-102.870114037,0
			24.4456324340001,-102.87056016,0
			24.4463302230001,-102.87078826,0
			24.4468458280001,-102.871059338,0
			24.447231059,-102.872099808,0
			24.4477522860001,-102.872770496,0
			24.448380522,-102.873238717,0
			24.4491890610001,-102.873544944,0
			24.4499997830002,-102.873773376,0
			24.450962089,-102.874913266,0
			24.4490007130001,-102.876382349,0
			24.4491259390002,-102.876926308,0
			24.4494000530001,-102.877587725,0
			24.449832587,-102.878016651,0
			24.4506265380001,-102.877974395,0
			24.4510815460001,-102.878314293,0
			24.4513971280001,-102.878645914,0
			24.4516293670002,-102.879134872,0
			24.4519142230001,-102.879722016,0
			24.4535404680001,-102.881707922,0
			24.4539199420001,-102.882261988,0
			24.4569272870002,-102.885584153,0
			24.4608443820001,-102.891478976,0
			24.4611181210001,-102.891890949,0
			24.460859163,-102.892180624,0
			24.4605737110001,-102.892378009,0
			24.4598924360001,-102.892897056,0
			24.459527542,-102.893139469,0
			24.459290233,-102.893344804,0
			24.4590931930001,-102.89356691,0
			24.4588415600002,-102.893894995,0
			24.4586869830001,-102.894291511,0
			24.458383851,-102.894250899,0
			24.4580009250001,-102.894149549,0
			24.4577644970001,-102.894073965,0
			24.4575966580002,-102.893998767,0
			24.4572924510002,-102.893774613,0
			24.4568684770001,-102.893549726,0
			24.4565204880001,-102.893423933,0
			24.4561136360001,-102.893371958,0
			24.455798288,-102.893283457,0
			24.4555379990001,-102.893145961,0
			24.4553432760001,-102.893165935,0
			24.4550954180002,-102.893059821,0
			24.4548044130001,-102.892758155,0
			24.454499771,-102.892545895,0
			24.4541860660001,-102.892506777,0
			24.453837424,-102.892368766,0
			24.4537288900001,-102.892084282,0
			24.4534605060001,-102.89167529,0
			24.453260314,-102.891180491,0
			24.4529805160001,-102.890796109,0
			24.4524658610001,-102.890459587,0
			24.4519416490001,-102.890368858,0
			24.4514742550002,-102.890427358,0
			24.4510611110001,-102.890693951,0
			24.4509126380001,-102.890949778,0
			24.450820886,-102.891285659,0
			24.450773984,-102.891598056,0
			24.4508128250001,-102.892181287,0
			24.4508991320001,-102.892873494,0
			24.450872019,-102.893668424,0
			24.4507670240001,-102.894277083,0
			24.450526643,-102.894740046,0
			24.450350708,-102.894875925,0
			24.4501041010001,-102.894911229,0
			24.449741058,-102.894958122,0
			24.4493739570001,-102.895081769,0
			24.4489975930001,-102.895015705,0
			24.448695888,-102.895063014,0
			24.448386946,-102.895011542,0
			24.4477296230001,-102.894920137,0
			24.4471359890002,-102.895101173,0
			24.4467960410001,-102.895209887,0
			24.4464903940001,-102.895306453,0
			24.4460246560002,-102.895303277,0
			24.4456612060001,-102.8953254,0
			24.4453573470001,-102.895199914,0
			24.444946998,-102.895147832,0
			24.4443366220001,-102.895106606,0
			24.4437833190001,-102.89521452,0
			24.443214159,-102.895124291,0
			24.4427401930001,-102.894936066,0
			24.4424234620001,-102.894909225,0
			24.4420371540001,-102.894894292,0
			24.4413416600001,-102.89507921,0
			24.4410403770001,-102.89522845,0
			24.4408138860002,-102.895416773,0
			24.4405809570001,-102.895812317,0
			24.4403845830001,-102.896622944,0
			24.4402179100001,-102.897114118,0
			24.4401000120001,-102.897534244,0
			24.4398336730001,-102.897796955,0
			24.4396348100001,-102.898058525,0
			24.4393596200001,-102.898198552,0
			24.438966308,-102.898524666,0
			24.4387441040001,-102.898725135,0
			24.438625679,-102.899108378,0
			24.4383975260001,-102.899690201,0
			24.437954832,-102.900115343,0
			24.437511511,-102.900502129,0
			24.4372316730002,-102.900678852,0
			24.4369391220002,-102.900958996,0
			24.436580744,-102.901075631,0
			24.4362472600001,-102.901364016,0
			24.4360147150002,-102.901633883,0
			24.435713784,-102.901792202,0
			24.435151913,-102.901800643,0
			24.4347440340001,-102.90178546,0
			24.4343925980002,-102.901560264,0
			24.434136401,-102.901447483,0
			24.4335667890001,-102.90143119,0
			24.433225748,-102.901465911,0
			24.4327447470001,-102.901487289,0
			24.4322125190002,-102.901484127,0
			24.4318885750002,-102.901420243,0
			24.4316739560001,-102.901357028,0
			24.431344842,-102.90140331,0
			24.4310651310001,-102.901117692,0
			24.4306216810002,-102.90084325,0
			24.4299962090001,-102.900708836,0
			24.4295739030002,-102.900335906,0
			24.4289710180001,-102.900282413,0
			24.4285004830002,-102.900106511,0
			24.4285971390001,-102.901358183,0
			24.4577036350001,-102.967440175,0
			24.4576350480002,-102.967445477,0
			24.457434144,-102.967780919,0
			24.4332571610001,-102.983572806,0
			24.437714622,-102.991896903,0
			24.439182121,-102.994631857,0
			24.4412384480001,-102.998477447,0
			24.4433834760001,-103.002479957,0
			24.4510382250001,-103.01700308,0
			24.4514048200002,-103.017622831,0
			24.4582674110002,-103.029225842,0
			24.458699585,-103.029956637,0
			24.465011577,-103.040631257,0
			24.4650311410001,-103.040664346,0
			24.4665008580001,-103.043150209,0
			24.4646753250001,-103.044424002,0
			24.4618636640001,-103.046358152,0
			24.46030175,-103.047439758,0
			24.4586575130001,-103.048570047,0
			24.4566204980001,-103.049982226,0
			24.4547798630001,-103.051260968,0
			24.4531830730001,-103.05236407,0
			24.450389946,-103.054417736,0
			24.4490267690001,-103.055406999,0
			24.446087484,-103.057557705,0
			24.4450963410002,-103.058278352,0
			24.4420664710001,-103.060506865,0
			24.4355360860001,-103.065322791,0
			24.4354973350002,-103.065351511,0
			24.434459029,-103.066121304,0
			24.4318057680002,-103.068083495,0
			24.431071199,-103.068626734,0
			24.4278605890001,-103.071015804,0
			24.4260129470001,-103.072398471,0
			24.4226245800001,-103.075080975,0
			24.436027044,-103.087514641,0
			24.4016265980002,-103.098527284,0
			24.4152684810001,-103.11838305,0
			24.4195015170001,-103.12323643,0
			24.4224712730001,-103.127437971,0
			24.424370217,-103.131178425,0
			24.4246769960001,-103.131708837,0
			24.4272283350001,-103.136998143,0
			24.428470917,-103.139509259,0
			24.4283214030001,-103.139826351,0
			24.4279657770002,-103.14023241,0
			24.427711055,-103.140388061,0
			24.4279863100002,-103.140834116,0
			24.4282313250001,-103.141248746,0
			24.4284063320001,-103.141568482,0
			24.4284884940001,-103.142102435,0
			24.4280561640001,-103.143442496,0
			24.4280989940001,-103.1435965,0
			24.427648859,-103.145229821,0
			24.4273953160001,-103.146060599,0
			24.4267315170002,-103.145186015,0
			24.4278981290001,-103.148309531,0
			24.4275020430002,-103.151538362,0
			24.427231911,-103.152949769,0
			24.4277555790002,-103.157387909,0
			24.427840632,-103.157725814,0
			24.430928028,-103.161667277,0
			24.4314916360001,-103.162123365,0
			24.4318408130001,-103.162569216,0
			24.4323532670001,-103.16287745,0
			24.4331311120001,-103.163352048,0
			24.4335001060001,-103.163546943,0
			24.433903962,-103.163533549,0
			24.4345612300001,-103.163222538,0
			24.4347327900001,-103.163750382,0
			24.4350749040001,-103.164587869,0
			24.435198438,-103.165258919,0
			24.4352781860001,-103.165982279,0
			24.4349395920001,-103.167809385,0
			24.4346915850001,-103.169133652,0
			24.4345570040001,-103.17021313,0
			24.4345030090001,-103.171508635,0
			24.4345611650002,-103.172260649,0
			24.434023213,-103.17320221,0
			24.4332609960001,-103.175456854,0
			24.4325687400001,-103.175538518,0
			24.4315297200001,-103.176913787,0
			24.431597245,-103.177058525,0
			24.4282064200001,-103.179385587,0
			24.4264157250001,-103.180328224,0
			24.4241655890002,-103.181854687,0
			24.4229709680001,-103.18192976,0
			24.4198965900001,-103.181953423,0
			24.4232884480001,-103.187284575,0
			24.4231345760002,-103.18735091,0
			24.4232409760001,-103.188514014,0
			24.423334444,-103.189557485,0
			24.4244691320001,-103.2020915,0
			24.421374868,-103.202410779,0
			24.421351965,-103.202492175,0
			24.4211198280001,-103.2073716,0
			24.4209984570001,-103.21232843,0
			24.420810825,-103.217331856,0
			24.4172099230001,-103.217887806,0
			24.4171027750002,-103.222833542,0
			24.420593695,-103.222246226,0
			24.4203892170001,-103.22724847,0
			24.4238109,-103.226825563,0
			24.4235777660001,-103.231176474,0
			24.423500907,-103.233776561,0
			24.4271629810002,-103.233655516,0
			24.4270565990001,-103.236635642,0
			24.4305909920002,-103.236933325,0
			24.4307303140002,-103.233628541,0
			24.4308066780001,-103.233630123,0
			24.4342755950001,-103.233933076,0
			24.4343244670001,-103.233940118,0
			24.4358382310001,-103.233979555,0
			24.4355503770001,-103.237986543,0
			24.4357194650001,-103.238249405,0
			24.4359195960002,-103.238464954,0
			24.4363586800001,-103.238863948,0
			24.436992998,-103.239437009,0
			24.4372188030001,-103.239738652,0
			24.4373341570001,-103.239998889,0
			24.4373868020001,-103.240489366,0
			24.4375446080002,-103.240767285,0
			24.4377741020002,-103.241003398,0
			24.4380027470002,-103.241129834,0
			24.4383259760002,-103.241273366,0
			24.4386171320001,-103.241399144,0
			24.4389982320002,-103.24157345,0
			24.4392041450001,-103.241636997,0
			24.439375059,-103.24181421,0
			24.4394636560002,-103.242155281,0
			24.4396871630001,-103.242457459,0
			24.4399349620001,-103.242877836,0
			24.440290942,-103.242987725,0
			24.4404778150001,-103.242900769,0
			24.440813016,-103.242757371,0
			24.4411589490002,-103.242796038,0
			24.4414215420002,-103.242986542,0
			24.4416717620001,-103.243344548,0
			24.442614162,-103.243815147,0
			24.4430910160001,-103.244133898,0
			24.4434729930002,-103.244350561,0
			24.44380955,-103.244677045,0
			24.444318174,-103.245223215,0
			24.4445226090002,-103.245325691,0
			24.4449898590001,-103.245277394,0
			24.4451982630001,-103.245598858,0
			24.4451050740001,-103.245834638,0
			24.4450196650001,-103.246290629,0
			24.4453656270001,-103.246862407,0
			24.4456136170002,-103.247332268,0
			24.4459818600002,-103.247768094,0
			24.4462377930001,-103.248293784,0
			24.4466859090001,-103.249344687,0
			24.4461467480002,-103.2498069,0
			24.4462529770001,-103.2500504,0
			24.4464229660001,-103.25033954,0
			24.446634035,-103.250842022,0
			24.4470341370001,-103.251936494,0
			24.4467979130001,-103.252389778,0
			24.4472538010002,-103.253531786,0
			24.4455336910002,-103.2554432,0
			24.4446771140001,-103.256027932,0
			24.4443648880002,-103.257384527,0
			24.4434198060001,-103.257644173,0
			24.4427814690001,-103.258553069,0
			24.4420924720001,-103.260082034,0
			24.4412134700002,-103.260555845,0
			24.4412581820001,-103.260814379,0
			24.4405464540001,-103.261765008,0
			24.4400651790001,-103.262051357,0
			24.4395427970001,-103.262300606,0
			24.4391988730002,-103.262073193,0
			24.4385914960001,-103.261883562,0
			24.4380565680001,-103.262159594,0
			24.4377002900001,-103.26239556,0
			24.4374816400001,-103.262565953,0
			24.4374316520001,-103.262836707,0
			24.4376479090001,-103.263188072,0
			24.437522535,-103.263403507,0
			24.4372379730002,-103.263430617,0
			24.4367966240001,-103.263322313,0
			24.4363986250002,-103.263048134,0
			24.4363275590001,-103.263051776,0
			24.4361539390001,-103.263140079,0
			24.4361096150002,-103.263287085,0
			24.4361039120002,-103.26342856,0
			24.4361828280001,-103.263529521,0
			24.4363246990001,-103.263601651,0
			24.4363761260001,-103.263790824,0
			24.4362434410001,-103.263942884,0
			24.4359115000001,-103.26405219,0
			24.4354242420001,-103.263917861,0
			24.4351243470001,-103.263997464,0
			24.434835532,-103.264233658,0
			24.4345809280001,-103.264519084,0
			24.4343735620002,-103.264928695,0
			24.434398323,-103.265200099,0
			24.4344701860002,-103.265647232,0
			24.4345702060001,-103.266049916,0
			24.4343829690002,-103.266286546,0
			24.4341219510001,-103.266561295,0
			24.4338351750001,-103.266688248,0
			24.4337559250001,-103.266954059,0
			24.433838531,-103.267378472,0
			24.4340017500002,-103.268004677,0
			24.4339370760001,-103.268369596,0
			24.433717426,-103.268516626,0
			24.4333517310001,-103.268973012,0
			24.433085852,-103.26918265,0
			24.4329369480001,-103.269362761,0
			24.432906491,-103.269795004,0
			24.433081606,-103.270201228,0
			24.4332611860002,-103.270662665,0
			24.4333829680001,-103.271210677,0
			24.4333249700001,-103.271493085,0
			24.4330761240001,-103.271602683,0
			24.4325021650001,-103.271569082,0
			24.4321765650002,-103.271807898,0
			24.432121314,-103.272119604,0
			24.43184505,-103.272288298,0
			24.4313830140002,-103.272272014,0
			24.431098697,-103.272316406,0
			24.430908856,-103.272456091,0
			24.4307890070002,-103.27260826,0
			24.4306809310001,-103.272820748,0
			24.4306955930001,-103.273011509,0
			24.4306969500001,-103.273274889,0
			24.4310187050002,-103.273490295,0
			24.4315996680002,-103.273655083,0
			24.4317157190001,-103.273816265,0
			24.4316310220001,-103.274049399,0
			24.4314784940001,-103.274591691,0
			24.431235282,-103.274895911,0
			24.430885048,-103.274739835,0
			24.430666462,-103.274855622,0
			24.4305894080001,-103.275049656,0
			24.4304949710001,-103.275390531,0
			24.4302091210001,-103.275835856,0
			24.430089681,-103.27620974,0
			24.4301763440002,-103.276408353,0
			24.4304541370001,-103.276427734,0
			24.4303104760001,-103.276961823,0
			24.430306811,-103.27735002,0
			24.4301668640001,-103.277985429,0
			24.4305004840002,-103.278702934,0
			24.430279916,-103.278966941,0
			24.4299810550001,-103.279058406,0
			24.4297900450001,-103.279174454,0
			24.429739919,-103.279571578,0
			24.4298302300002,-103.279973905,0
			24.4297305590002,-103.280295313,0
			24.4300259480002,-103.280475055,0
			24.4304036860001,-103.280525886,0
			24.4307002270001,-103.280522875,0
			24.4308144370002,-103.280730534,0
			24.4306526810001,-103.281035536,0
			24.4303006470001,-103.281232578,0
			24.430095276,-103.281171785,0
			24.4299416260001,-103.281070087,0
			24.4296953830001,-103.280979295,0
			24.4295200770001,-103.280965778,0
			24.42944893,-103.281094799,0
			24.4293460070001,-103.281265772,0
			24.4292483100001,-103.281572348,0
			24.4292948930002,-103.281984337,0
			24.4293067960002,-103.282154582,0
			24.4292004270002,-103.282264152,0
			24.429044834,-103.282289609,0
			24.4289083560001,-103.282384292,0
			24.4288370290001,-103.282645483,0
			24.429018651,-103.282901521,0
			24.4292035160001,-103.283075023,0
			24.42934578,-103.283213507,0
			24.4293388730001,-103.283408423,0
			24.4291825590001,-103.283648449,0
			24.4291530850002,-103.283936206,0
			24.429451214,-103.284065065,0
			24.429486611,-103.284283598,0
			24.4293561790001,-103.284401623,0
			24.4291176410001,-103.284501456,0
			24.4289220780001,-103.284572271,0
			24.428796434,-103.2846409,0
			24.428726081,-103.284782799,0
			24.429022797,-103.284957398,0
			24.4293049370001,-103.285111439,0
			24.4294941610002,-103.285329263,0
			24.4294889280001,-103.285727162,0
			24.4295117410002,-103.286437882,0
			24.4297226980001,-103.286790547,0
			24.4298277720001,-103.287147889,0
			24.4296250990001,-103.287524143,0
			24.4294294320002,-103.288010449,0
			24.4292379250001,-103.28836468,0
			24.429271703,-103.288799483,0
			24.4294305240001,-103.289226077,0
			24.4296514700001,-103.289575001,0
			24.4300527340001,-103.289768103,0
			24.430427696,-103.289894369,0
			24.430925271,-103.290001095,0
			24.4313683370002,-103.290077329,0
			24.4316049170002,-103.290362978,0
			24.4316448390001,-103.290427855,0
			24.4316636200001,-103.290458374,0
			24.4317689060001,-103.290967589,0
			24.4317444110002,-103.29121836,0
			24.431546496,-103.291615103,0
			24.431435671,-103.291995487,0
			24.431478671,-103.292413438,0
			24.4314984740001,-103.292780688,0
			24.43153793,-103.293241691,0
			24.4314894200001,-103.293638389,0
			24.4313198400001,-103.293846872,0
			24.4310490520001,-103.294001307,0
			24.430786548,-103.293897046,0
			24.4304791440002,-103.293990278,0
			24.430270369,-103.294136632,0
			24.4301074410001,-103.294475042,0
			24.4301196320001,-103.295951479,0
			24.4300677810002,-103.297699084,0
			24.4301841660001,-103.298362616,0
			24.430584616,-103.298908915,0
			24.4313192420001,-103.299253406,0
			24.431639014,-103.299420234,0
			24.4314613020001,-103.299671596,0
			24.4312615380001,-103.299847551,0
			24.43102042,-103.300118945,0
			24.430832959,-103.300582658,0
			24.430913306,-103.301157584,0
			24.4310914410001,-103.301655832,0
			24.4313874810001,-103.302083177,0
			24.4317805130001,-103.302302969,0
			24.4320528010001,-103.30230567,0
			24.4324936110002,-103.302511014,0
			24.4325131860001,-103.303002777,0
			24.4322879690002,-103.30388651,0
			24.4325080850001,-103.304380202,0
			24.432780209,-103.304670525,0
			24.4331143580001,-103.305064892,0
			24.433729886,-103.30518269,0
			24.4341924100001,-103.305167922,0
			24.4344560740001,-103.305395301,0
			24.4344235660001,-103.305639788,0
			24.4339338620001,-103.305885794,0
			24.4330709070001,-103.305943219,0
			24.4326872400001,-103.306089374,0
			24.4326290160001,-103.306425555,0
			24.4327074990001,-103.306664841,0
			24.433522589,-103.307231128,0
			24.4340932330002,-103.307423189,0
			24.4344407230001,-103.307404346,0
			24.4347810400001,-103.307392811,0
			24.43495963,-103.307470028,0
			24.4349159900001,-103.307789713,0
			24.4345878250001,-103.307987502,0
			24.4341878230002,-103.308050509,0
			24.433741395,-103.308135438,0
			24.4335436840001,-103.308163234,0
			24.4334518480001,-103.308355913,0
			24.4335746640002,-103.308621592,0
			24.4337606900001,-103.308842856,0
			24.434209309,-103.308988855,0
			24.434575135,-103.309119025,0
			24.4349392220001,-103.309265741,0
			24.4352466730001,-103.309431827,0
			24.4355658550002,-103.309915749,0
			24.4356578470001,-103.310250201,0
			24.4351419020002,-103.310043152,0
			24.4347251290001,-103.309955155,0
			24.4343463190002,-103.31021387,0
			24.4339316640001,-103.310403328,0
			24.4333866690001,-103.311202443,0
			24.4329587570001,-103.311473233,0
			24.4326020510001,-103.311792033,0
			24.4322149540001,-103.313191239,0
			24.4318498810002,-103.313895286,0
			24.4314202100001,-103.314463206,0
			24.430203575,-103.315640386,0
			24.4289942240001,-103.316503086,0
			24.4286109650001,-103.317191974,0
			24.4283252960001,-103.31822143,0
			24.4282012830001,-103.319727308,0
			24.4281636690002,-103.320596479,0
			24.4283812080001,-103.322026233,0
			24.427851178,-103.321731295,0
			24.4271648250001,-103.322040943,0
			24.4269499510001,-103.322649542,0
			24.4265056370001,-103.323928791,0
			24.4266487440001,-103.325496063,0
			24.4281600560001,-103.330042139,0
			24.4278662180002,-103.333509336,0
			24.4274917200001,-103.337477356,0
			24.4253321020001,-103.360743728,0
			24.4229647260001,-103.386204796,0
			24.427461603,-103.387605052,0
			24.4281029000001,-103.388283517,0
			24.4286706560001,-103.388884189,0
			24.4320992860001,-103.394056387,0
			24.432778684,-103.399748866,0
			24.4303161250001,-103.398412654,0
			24.4297588380001,-103.398319395,0
			24.4288322730001,-103.399195068,0
			24.4282130880001,-103.400515782,0
			24.4281203090001,-103.401456669,0
			24.4285865560001,-103.402144249,0
			24.4292224660001,-103.402722953,0
			24.42873825,-103.403949138,0
			24.4298287,-103.404637365,0
			24.429604775,-103.405929017,0
			24.4288718800001,-103.406450208,0
			24.4277915310001,-103.406249394,0
			24.4282119650001,-103.407578103,0
			24.4285472950001,-103.409927394,0
			24.4277808730001,-103.410688186,0
			24.4271337920001,-103.410465673,0
			24.42702896,-103.409458241,0
			24.426727263,-103.409383095,0
			24.426397261,-103.409530502,0
			24.4262818890001,-103.409814474,0
			24.426279666,-103.410126754,0
			24.4263224250001,-103.41040276,0
			24.4264167540002,-103.410933039,0
			24.4266880100002,-103.411455299,0
			24.427138003,-103.411989405,0
			24.4276302060002,-103.412369738,0
			24.4285757300001,-103.412714363,0
			24.4288363060002,-103.412913954,0
			24.4290023590001,-103.413254543,0
			24.4290006910002,-103.413439423,0
			24.428917203,-103.413642609,0
			24.428784803,-103.413908978,0
			24.4287142810001,-103.414188722,0
			24.4286837130001,-103.414437082,0
			24.4286873910002,-103.414657851,0
			24.4286966640001,-103.414887208,0
			24.4286384390001,-103.415061474,0
			24.4285829000002,-103.415150168,0
			24.4284304490001,-103.415244212,0
			24.4281855470001,-103.415241572,0
			24.4281109510001,-103.415348017,0
			24.4280664520001,-103.415514478,0
			24.4284051830001,-103.415972952,0
			24.4286892580001,-103.416154518,0
			24.4289323740001,-103.416354829,0
			24.429147163,-103.416459147,0
			24.4293499730001,-103.416601628,0
			24.4294957020002,-103.416879524,0
			24.42964216,-103.417068709,0
			24.4299209890001,-103.417566397,0
			24.4300180430001,-103.417796949,0
			24.4301202780002,-103.418097746,0
			24.430308877,-103.418520667,0
			24.4303081270002,-103.418603556,0
			24.4304922590001,-103.418873344,0
			24.4304881,-103.419332393,0
			24.4303926260001,-103.419541761,0
			24.4303459330001,-103.419579056,0
			24.4295672440001,-103.419712161,0
			24.42938065,-103.419710144,0
			24.4291534540001,-103.419687352,0
			24.428907343,-103.419822115,0
			24.4284580140001,-103.419859647,0
			24.4282656040002,-103.419857567,0
			24.4281068930001,-103.41999606,0
			24.4278782640001,-103.420326647,0
			24.4274293190002,-103.420321791,0
			24.427290441,-103.420205499,0
			24.427219827,-103.420274921,0
			24.4271498870002,-103.420274165,0
			24.4270663860001,-103.420164956,0
			24.4265950810001,-103.420241411,0
			24.4262453270001,-103.419818774,0
			24.4260356870001,-103.419837953,0
			24.4254788650001,-103.419888896,0
			24.425582112,-103.420157447,0
			24.4257337270002,-103.420551796,0
			24.425633696,-103.420707779,0
			24.4254998900001,-103.420916428,0
			24.4254553000002,-103.420932081,0
			24.4246968240001,-103.421198313,0
			24.424501287,-103.421772148,0
			24.4242128190002,-103.421926918,0
			24.4237107790001,-103.421921482,0
			24.4233520190002,-103.421374733,0
			24.4233542170002,-103.421132472,0
			24.4232045960001,-103.420914068,0
			24.4230047840001,-103.420780065,0
			24.4228470450001,-103.420476632,0
			24.4225812130001,-103.420212287,0
			24.4221339420002,-103.420022561,0
			24.4220348110001,-103.420021489,0
			24.4218930960001,-103.419952325,0
			24.4213943230002,-103.420157897,0
			24.4213905920001,-103.420569267,0
			24.4212644210001,-103.420975966,0
			24.4212593300001,-103.42153705,0
			24.4211099500002,-103.421937101,0
			24.4209208660002,-103.422209227,0
			24.4200886530002,-103.422200214,0
			24.4199145850001,-103.422103959,0
			24.4197059040002,-103.421967812,0
			24.419535481,-103.421863972,0
			24.418682274,-103.421998377,0
			24.4182402120001,-103.422142563,0
			24.4177201680002,-103.422347803,0
			24.417330681,-103.42200186,0
			24.4171703890001,-103.421831955,0
			24.4165876260001,-103.421619287,0
			24.4161608060001,-103.421901425,0
			24.4159653300001,-103.422263207,0
			24.415790814,-103.422689614,0
			24.4157227440001,-103.422964187,0
			24.4156548550001,-103.423381583,0
			24.415692557,-103.42364197,0
			24.4155964290001,-103.424375527,0
			24.4155517290001,-103.42465849,0
			24.415296604,-103.425338076,0
			24.415223336,-103.425401472,0
			24.41483063,-103.425509366,0
			24.4136648910001,-103.425496712,0
			24.413079042,-103.425674982,0
			24.4129764410002,-103.425673868,0
			24.4122215300002,-103.426634482,0
			24.411963409,-103.4273251,0
			24.4119718960001,-103.427896294,0
			24.4118309190001,-103.428557602,0
			24.4116782740002,-103.428933233,0
			24.411395716,-103.429236121,0
			24.4111065940001,-103.429232974,0
			24.4107344930001,-103.429125462,0
			24.4104284250002,-103.428936276,0
			24.410177257,-103.428863775,0
			24.4099523160002,-103.42898586,0
			24.4095122380002,-103.429564952,0
			24.4091994810001,-103.430108452,0
			24.4089091550001,-103.430237036,0
			24.4086674510002,-103.430149142,0
			24.4080985940001,-103.429609081,0
			24.4078954170001,-103.429389126,0
			24.4075531860001,-103.429072807,0
			24.4073409330002,-103.428825783,0
			24.4071646520001,-103.428722946,0
			24.4068769700001,-103.428565774,0
			24.4065412070001,-103.428562121,0
			24.4060642940001,-103.428699744,0
			24.4055251920001,-103.428897764,0
			24.4039397640001,-103.428880514,0
			24.4037107250001,-103.428778418,0
			24.4035505040002,-103.428606241,0
			24.4030897250001,-103.428353488,0
			24.4025272560001,-103.428408443,0
			24.4018954,-103.429327019,0
			24.4013571730002,-103.430358609,0
			24.3991082210001,-103.430029863,0
			24.3971790230001,-103.428339909,0
			24.395124108,-103.427814015,0
			24.3935154580001,-103.427832083,0
			24.3921468370002,-103.428082493,0
			24.3902542780002,-103.426384552,0
			24.3895282890001,-103.426073101,0
			24.3893724870001,-103.425880538,0
			24.3892797080002,-103.425869628,0
			24.3885122000001,-103.425779387,0
			24.3878563690001,-103.425148934,0
			24.3874172800001,-103.425619531,0
			24.3874033640001,-103.426393022,0
			24.386865637,-103.42775754,0
			24.3865585120001,-103.428027285,0
			24.3859092620002,-103.42792805,0
			24.3849235060001,-103.427516589,0
			24.3842671930001,-103.427698365,0
			24.3827351380001,-103.426056794,0
			24.3824175990002,-103.425486726,0
			24.382189052,-103.425461957,0
			24.3807857960001,-103.425692601,0
			24.3803227280001,-103.425429405,0
			24.3793933580002,-103.425376923,0
			24.3783275740001,-103.426801621,0
			24.3770471730001,-103.427957753,0
			24.3759715950001,-103.42855415,0
			24.37500519,-103.428472802,0
			24.374377349,-103.429777415,0
			24.3739907760001,-103.429550845,0
			24.3736594250001,-103.429380386,0
			24.3734081690001,-103.429230784,0
			24.372985514,-103.429016249,0
			24.3728132550001,-103.42877843,0
			24.3727104790001,-103.428496064,0
			24.3725379920002,-103.428236336,0
			24.3722665410002,-103.428065141,0
			24.3721808380001,-103.42801253,0
			24.371898984,-103.427950875,0
			24.371746694,-103.428017061,0
			24.3716292330002,-103.428124497,0
			24.371568973,-103.428386617,0
			24.3713822020001,-103.42859531,0
			24.3711177690001,-103.428598579,0
			24.3706269750001,-103.428372075,0
			24.3703082850001,-103.428271892,0
			24.3699012560001,-103.428149824,0
			24.3694516310001,-103.428947138,0
			24.3685702000001,-103.429126339,0
			24.368112739,-103.429426985,0
			24.367527189,-103.429625092,0
			24.3667887930001,-103.429711412,0
			24.3660770100001,-103.429696471,0
			24.365698428,-103.42994411,0
			24.3652547060001,-103.430036341,0
			24.364903031,-103.429815082,0
			24.3644889140001,-103.429698713,0
			24.364307312,-103.429830189,0
			24.3640964820001,-103.430400749,0
			24.3637981820002,-103.430734144,0
			24.3633223390001,-103.430792039,0
			24.362972642,-103.430761694,0
			24.362403188,-103.430644912,0
			24.3619922600001,-103.431175602,0
			24.361580019,-103.431182094,0
			24.3609085320002,-103.430845166,0
			24.3605642530002,-103.43048223,0
			24.3601462390001,-103.430522528,0
			24.3598752140001,-103.430772065,0
			24.3598523170001,-103.43166906,0
			24.3593298560001,-103.432501929,0
			24.3586498170001,-103.432932114,0
			24.3584192450002,-103.433144335,0
			24.3569864210001,-103.434463099,0
			24.35542121,-103.435411495,0
			24.355034748,-103.435735962,0
			24.3537306380001,-103.435989232,0
			24.3525259090002,-103.436123604,0
			24.351771908,-103.436039243,0
			24.3513182550001,-103.436878222,0
			24.3507923850001,-103.437440213,0
			24.3500054350002,-103.437755646,0
			24.349382422,-103.437864298,0
			24.3491739490001,-103.437731104,0
			24.34856803,-103.437343987,0
			24.3474428230001,-103.436720984,0
			24.3470495180001,-103.436809869,0
			24.3464673850002,-103.437237148,0
			24.3460602930001,-103.437591382,0
			24.3459738260001,-103.438185214,0
			24.3412792660002,-103.441330571,0
			24.3420691730001,-103.442367929,0
			24.341005132,-103.443147772,0
			24.3386157630001,-103.448930178,0
			24.337104288,-103.447473692,0
			24.336530538,-103.447267536,0
			24.335731327,-103.447310829,0
			24.3346325650001,-103.447481845,0
			24.33361703,-103.4477104,0
			24.3326004550001,-103.448340042,0
			24.3321097680002,-103.449030914,0
			24.332078122,-103.449951445,0
			24.3320504590001,-103.450503704,0
			24.3317006820001,-103.451210897,0
			24.3309563760001,-103.451841203,0
			24.330768232,-103.452595269,0
			24.3304837320001,-103.453685575,0
			24.3302652140001,-103.454323307,0
			24.3300461140001,-103.454649946,0
			24.3297999560002,-103.455046144,0
			24.3296078930002,-103.455301567,0
			24.3292314150001,-103.455635202,0
			24.3287520150001,-103.456074115,0
			24.3284588340001,-103.456411771,0
			24.328262071,-103.456951693,0
			24.3281455140001,-103.457029988,0
			24.3275594810002,-103.45742364,0
			24.3273402870001,-103.458275977,0
			24.326334393,-103.458770237,0
			24.325657655,-103.458972454,0
			24.3252500780001,-103.459229977,0
			24.3246354800001,-103.459840851,0
			24.3238375980001,-103.460443601,0
			24.3234984640001,-103.460328163,0
			24.3230363330002,-103.460901779,0
			24.322886207,-103.46141951,0
			24.3221321750001,-103.461981527,0
			24.3213723590002,-103.462122572,0
			24.3212134230002,-103.461993299,0
			24.3211227260001,-103.462039544,0
			24.3206441760001,-103.462400756,0
			24.3204685820001,-103.462696729,0
			24.3203770250001,-103.463008082,0
			24.3202522500001,-103.463346425,0
			24.3202578390001,-103.463898661,0
			24.320251338,-103.464203753,0
			24.320085596,-103.464464612,0
			24.3199258870001,-103.464704939,0
			24.319803527,-103.464937998,0
			24.3197500000002,-103.465197503,0
			24.319776828,-103.465381028,0
			24.3199406000001,-103.465542585,0
			24.320030707,-103.465820751,0
			24.3200989630001,-103.466400888,0
			24.3200789140002,-103.466884756,0
			24.3200954910001,-103.467293239,0
			24.3199790940001,-103.467498946,0
			24.3198125880002,-103.467684865,0
			24.319795856,-103.467882622,0
			24.3198792580002,-103.46810852,0
			24.3204175930001,-103.468926305,0
			24.320653239,-103.469361366,0
			24.320717963,-103.469626754,0
			24.320641246,-103.470056818,0
			24.3207809730001,-103.470307184,0
			24.3210771940002,-103.470616912,0
			24.3212954600001,-103.471033628,0
			24.321533651,-103.471353934,0
			24.3215744280001,-103.471687187,0
			24.3213361680001,-103.472180496,0
			24.3211326220002,-103.47249057,0
			24.3208849650002,-103.472670637,0
			24.3207065170001,-103.472911181,0
			24.3205294970001,-103.473214873,0
			24.3202634350001,-103.47364679,0
			24.3201462040001,-103.474134095,0
			24.3200108860001,-103.474554937,0
			24.3198691580001,-103.475206545,0
			24.3198493730001,-103.475843054,0
			24.3199404600001,-103.476292942,0
			24.3204083920001,-103.476849505,0
			24.3206125020001,-103.477199542,0
			24.320580407,-103.477476218,0
			24.3204525270001,-103.477773117,0
			24.320177029,-103.478283319,0
			24.3198068590002,-103.478773639,0
			24.3193049860001,-103.47917977,0
			24.3191170170001,-103.479572646,0
			24.318929331,-103.479994036,0
			24.3188953720002,-103.48095673,0
			24.3189168680001,-103.481464346,0
			24.3187112530001,-103.481838416,0
			24.31864482,-103.482172599,0
			24.318501004,-103.482622116,0
			24.3183824450001,-103.482976067,0
			24.3182286640001,-103.483301782,0
			24.3183012260002,-103.483577205,0
			24.318364645,-103.483814646,0
			24.3183409440001,-103.48406263,0
			24.3181156220001,-103.48420824,0
			24.3173801450001,-103.484242885,0
			24.3165280530001,-103.484439616,0
			24.316138729,-103.484550873,0
			24.315758357,-103.484812527,0
			24.3153894700001,-103.485171028,0
			24.3151620610001,-103.485556982,0
			24.3150356250001,-103.485671724,0
			24.314685053,-103.485701994,0
			24.314269648,-103.485656941,0
			24.3137115950001,-103.485643849,0
			24.313416912,-103.485635503,0
			24.3132327660001,-103.485655267,0
			24.3130260290001,-103.48572039,0
			24.3126360530001,-103.48610186,0
			24.3124469750001,-103.486312878,0
			24.3121846030001,-103.486340376,0
			24.3118735890001,-103.486166407,0
			24.3115514780002,-103.485930831,0
			24.3113834050001,-103.485885852,0
			24.311150064,-103.48618907,0
			24.3109311760001,-103.486651639,0
			24.3107526380002,-103.486850957,0
			24.3106786750002,-103.486858159,0
			24.3099194060002,-103.486392802,0
			24.3097239450001,-103.485941869,0
			24.3094730720002,-103.485410749,0
			24.3093217580001,-103.485227857,0
			24.3089931060001,-103.485066132,0
			24.3086756660001,-103.484929268,0
			24.3082601870001,-103.485269674,0
			24.3075982510001,-103.485549193,0
			24.3068581440002,-103.485601407,0
			24.306312351,-103.485667809,0
			24.3056669310001,-103.4857699,0
			24.3049430530001,-103.4860179,0
			24.3043201440001,-103.485986563,0
			24.3037303110001,-103.485821891,0
			24.3030671990001,-103.485364233,0
			24.3023310410002,-103.484982092,0
			24.3019015,-103.484813103,0
			24.3015375080001,-103.484836854,0
			24.300930496,-103.485001778,0
			24.300616948,-103.485403655,0
			24.3002679900001,-103.485793071,0
			24.300059036,-103.486065325,0
			24.2998072620001,-103.487021576,0
			24.2997335120001,-103.487883011,0
			24.2995270110001,-103.489195955,0
			24.2993009170001,-103.490186991,0
			24.2989868460001,-103.490579729,0
			24.2988574220001,-103.491102483,0
			24.2987017870001,-103.491451782,0
			24.298572407,-103.491635341,0
			24.2985473520002,-103.491991636,0
			24.2984126700001,-103.492249223,0
			24.298101532,-103.492590165,0
			24.297989714,-103.492847481,0
			24.297974804,-103.493072454,0
			24.2980012000001,-103.49342814,0
			24.297860668,-103.493673328,0
			24.2978468090002,-103.494004489,0
			24.298015234,-103.494211026,0
			24.2981315990002,-103.494458393,0
			24.2981046690001,-103.495027239,0
			24.298171832,-103.495666245,0
			24.2981899770002,-103.496056603,0
			24.2983508970001,-103.49641401,0
			24.298369538,-103.496851264,0
			24.2982008000001,-103.497150021,0
			24.29791665,-103.497657576,0
			24.2977057790001,-103.498034996,0
			24.2972377730001,-103.498446708,0
			24.2968708070001,-103.498950893,0
			24.2965480100001,-103.499579556,0
			24.296325143,-103.500199053,0
			24.2962746250001,-103.501161083,0
			24.2963133140001,-103.501764969,0
			24.296362244,-103.502522663,0
			24.2962963210002,-103.503147889,0
			24.2962066360001,-103.503511132,0
			24.2960463960002,-103.504078923,0
			24.2957693210001,-103.504547254,0
			24.2955325410001,-103.504708431,0
			24.2952421790002,-103.504689244,0
			24.295022192,-103.504454151,0
			24.2946949650002,-103.504162258,0
			24.2939787980002,-103.504057431,0
			24.2934611120002,-103.504108816,0
			24.2928049720001,-103.504337455,0
			24.2922023510002,-103.50429122,0
			24.2919577110002,-103.504398469,0
			24.2918674650002,-103.504705095,0
			24.2918393650002,-103.505010994,0
			24.2916120380001,-103.505081492,0
			24.2913644670001,-103.505197611,0
			24.2911692510002,-103.505369658,0
			24.2910376270001,-103.505688061,0
			24.2910717390001,-103.505993229,0
			24.2910859800001,-103.506389192,0
			24.2909660400001,-103.506650848,0
			24.2907382920001,-103.506699586,0
			24.2905943860001,-103.506645968,0
			24.2904432990001,-103.506721425,0
			24.2902082520001,-103.506834707,0
			24.289746483,-103.507051945,0
			24.289529839,-103.507321547,0
			24.289227201,-103.507500026,0
			24.2889806920002,-103.50722201,0
			24.288799849,-103.507024594,0
			24.288745454,-103.506873008,0
			24.2879640400001,-103.506755412,0
			24.287722135,-103.508065124,0
			24.2885255810001,-103.509473848,0
			24.2881793320001,-103.510534523,0
			24.2883451910001,-103.511867284,0
			24.2889659730001,-103.512833267,0
			24.2882270670001,-103.512814069,0
			24.2867909870001,-103.514443538,0
			24.2875773050001,-103.516714471,0
			24.2886888990001,-103.518507769,0
			24.2886999900001,-103.519741189,0
			24.2889903420001,-103.521087059,0
			24.2891343000001,-103.522607669,0
			24.2890434050001,-103.523205376,0
			24.2890175570001,-103.523375338,0
			24.2889594280002,-103.523757571,0
			24.2896291030001,-103.525013884,0
			24.2917739580002,-103.527249491,0
			24.2919839090001,-103.528537555,0
			24.2922139560002,-103.529559624,0
			24.2923089810001,-103.530097982,0
			24.2937452550001,-103.530863665,0
			24.2939090000001,-103.531243251,0
			24.293868026,-103.531735869,0
			24.2937398000001,-103.531986998,0
			24.2934081000002,-103.532133513,0
			24.293309186,-103.532376406,0
			24.2931449740001,-103.533023786,0
			24.2927193090001,-103.534156175,0
			24.2918372140001,-103.534585854,0
			24.291701796,-103.534711485,0
			24.2913789930001,-103.535196708,0
			24.291456752,-103.535326302,0
			24.2913675100001,-103.535481723,0
			24.2916313720001,-103.536050587,0
			24.2915585050002,-103.536192079,0
			24.291175448,-103.53693585,0
			24.2903593110001,-103.537815526,0
			24.2901138800001,-103.541356345,0
			24.2914563530001,-103.547696788,0
			24.2894726890001,-103.555024005,0
			24.2882111800001,-103.556686138,0
			24.2880693580001,-103.557124251,0
			24.2875078640001,-103.558858816,0
			24.2863712560001,-103.568349941,0
			24.2819410530001,-103.568357247,0
			24.2768618710001,-103.567419911,0
			24.2754725840002,-103.567838691,0
			24.2746328200001,-103.568091819,0
			24.2734452380001,-103.568449793,0
			24.2726887030001,-103.56859966,0
			24.2716472430001,-103.56870587,0
			24.2707638300001,-103.568795958,0
			24.270362633,-103.568661762,0
			24.2702665140002,-103.56744387,0
			24.2693642680002,-103.567517936,0
			24.2685461620001,-103.567585104,0
			24.2679620490001,-103.567543659,0
			24.2675978280002,-103.567335336,0
			24.2674193790001,-103.567233282,0
			24.2666169810001,-103.567325248,0
			24.2661299440001,-103.567381067,0
			24.264458323,-103.56658803,0
			24.2624001830001,-103.565611658,0
			24.2611069100001,-103.56641775,0
			24.2603798180002,-103.565825697,0
			24.260121295,-103.564749741,0
			24.2585492670001,-103.565376125,0
			24.2573007300002,-103.564662191,0
			24.2575591790001,-103.563999289,0
			24.2571641660001,-103.563152306,0
			24.257314106,-103.563003422,0
			24.256823024,-103.562891426,0
			24.2562757860001,-103.563363448,0
			24.2551294010001,-103.563515336,0
			24.2545207080001,-103.563380089,0
			24.2541373720001,-103.562823512,0
			24.2529365780002,-103.561987639,0
			24.2530525530001,-103.56163595,0
			24.2527065130001,-103.561485941,0
			24.2521249600002,-103.561472655,0
			24.2517063530001,-103.561397983,0
			24.2513403610002,-103.561124438,0
			24.251119325,-103.560809536,0
			24.250829599,-103.560912006,0
			24.2505040490001,-103.561074364,0
			24.250269938,-103.561295175,0
			24.249959382,-103.561586398,0
			24.2494824690001,-103.561167343,0
			24.2494675850001,-103.56058288,0
			24.249174785,-103.559960729,0
			24.2486266330002,-103.559692348,0
			24.2480783680001,-103.559638917,0
			24.2475853190002,-103.559839293,0
			24.2473158980002,-103.559801737,0
			24.2470821610001,-103.559869218,0
			24.2467933580001,-103.559798198,0
			24.246158822,-103.559514964,0
			24.2456112670001,-103.559457761,0
			24.244896592,-103.559097681,0
			24.243836666,-103.55858481,0
			24.2429706310001,-103.557667102,0
			24.2425532770002,-103.557107756,0
			24.2420039780001,-103.556492778,0
			24.2416853500001,-103.556489007,0
			24.2413132550001,-103.55666037,0
			24.2411756050001,-103.556866061,0
			24.2409727560001,-103.557436709,0
			24.2407686110001,-103.557870926,0
			24.2403325610001,-103.558012286,0
			24.2397091020002,-103.558155687,0
			24.2391904090001,-103.558366129,0
			24.2382297890001,-103.559222094,0
			24.2373120190002,-103.559684456,0
			24.2366323970001,-103.560083174,0
			24.2356293720001,-103.560437375,0
			24.234777998,-103.560644427,0
			24.2339942810001,-103.56073003,0
			24.2334893640001,-103.561401046,0
			24.2322661370001,-103.562029011,0
			24.2311073770001,-103.562577952,0
			24.2303364670001,-103.562596921,0
			24.2296767040002,-103.562575566,0
			24.2289515840002,-103.562939914,0
			24.227969595,-103.56315809,0
			24.227099847,-103.562715096,0
			24.2266221970001,-103.562182118,0
			24.2257517440001,-103.56206471,0
			24.2251701500002,-103.561936123,0
			24.224721371,-103.561755988,0
			24.2244357810001,-103.561887823,0
			24.2239920050001,-103.562086205,0
			24.2237599110001,-103.562314226,0
			24.2232249800001,-103.562118581,0
			24.2229390040001,-103.56191238,0
			24.2224616810001,-103.562103026,0
			24.2225017440002,-103.562853598,0
			24.2220531860002,-103.563051979,0
			24.2214209690002,-103.563247269,0
			24.220426068,-103.563303023,0
			24.2195036050002,-103.563388297,0
			24.2189712440001,-103.563598284,0
			24.218311998,-103.563887886,0
			24.2178791340002,-103.563828646,0
			24.2174264480001,-103.563846665,0
			24.216774496,-103.564136318,0
			24.2162795060001,-103.564157494,0
			24.215771882,-103.563937431,0
			24.2155047400001,-103.563744976,0
			24.2151825420002,-103.563661711,0
			24.214969881,-103.563995815,0
			24.2150753580001,-103.56459328,0
			24.2144376540001,-103.564910156,0
			24.2137599430001,-103.564861547,0
			24.2133518860002,-103.564383598,0
			24.212831539,-103.56440447,0
			24.2127316730001,-103.564484373,0
			24.2126443120001,-103.564550941,0
			24.2124199430001,-103.564696969,0
			24.2121332400001,-103.564882833,0
			24.2118165580002,-103.565108883,0
			24.211406918,-103.565523099,0
			24.2110545280001,-103.565518905,0
			24.2106028650002,-103.56529776,0
			24.210372588,-103.564794843,0
			24.209734031,-103.565003734,0
			24.2092745150001,-103.565133446,0
			24.2088654730001,-103.565169155,0
			24.2079965240001,-103.565375112,0
			24.2079244020002,-103.564633785,0
			24.2075573010001,-103.564190438,0
			24.207150951,-103.563958345,0
			24.2068540320001,-103.563616638,0
			24.20652483,-103.563099017,0
			24.206131147,-103.562837471,0
			24.2055081010002,-103.562870643,0
			24.2046257780001,-103.563158631,0
			24.2036066220002,-103.563105946,0
			24.2026191590001,-103.562565848,0
			24.2021039430001,-103.562073098,0
			24.2014260010001,-103.561754132,0
			24.2008345940001,-103.56144971,0
			24.2005400060001,-103.560654024,0
			24.2003582980001,-103.560246327,0
			24.2000982590002,-103.560243243,0
			24.1998113050001,-103.560456123,0
			24.1994489580001,-103.560776249,0
			24.1992550280002,-103.560354897,0
			24.19883886,-103.559863342,0
			24.1984114500002,-103.559258357,0
			24.1979669670001,-103.559123049,0
			24.197540326,-103.559213368,0
			24.1971938720001,-103.559182235,0
			24.1967602080002,-103.559204122,0
			24.196194218,-103.559726377,0
			24.1954998260001,-103.559812768,0
			24.195064948,-103.559956291,0
			24.1947027690002,-103.559790492,0
			24.1944563280001,-103.55966592,0
			24.1941108180001,-103.559540173,0
			24.1937888640002,-103.559536356,0
			24.1935877060002,-103.559601569,0
			24.1933162900001,-103.559733514,0
			24.1933476680001,-103.560355678,0
			24.1923552640002,-103.560479069,0
			24.1922039680001,-103.560747597,0
			24.1918807010001,-103.56116426,0
			24.1918374830001,-103.561366505,0
			24.1915960230002,-103.561552852,0
			24.1913702910001,-103.561834038,0
			24.191348922,-103.562252811,0
			24.1908455820002,-103.56276048,0
			24.1903685840001,-103.562930512,0
			24.1899623320001,-103.563087901,0
			24.1896943740001,-103.563078198,0
			24.1890652840001,-103.564064671,0
			24.1881850880001,-103.563838693,0
			24.1852243220001,-103.566064309,0
			24.1835280310002,-103.56936616,0
			24.1827327560002,-103.571117601,0
			24.1817116480001,-103.574252218,0
			24.1809885360001,-103.57630956,0
			24.1795833,-103.580971868,0
			24.1784580110001,-103.579558233,0
			24.1511544700001,-103.605765543,0
			24.117464688,-103.622006673,0
			24.1102933780001,-103.635969534,0
			24.1395569770002,-103.654386816,0
			24.14553815,-103.658062565,0
			24.1493262940001,-103.660361548,0
			24.14823666,-103.66225199,0
			24.1468331150002,-103.664908959,0
			24.1441179760001,-103.669910552,0
			24.1404024970001,-103.676729252,0
			24.1402980760001,-103.676919493,0
			24.1401877190001,-103.67712182,0
			24.1392340840002,-103.678871787,0
			24.1392009150002,-103.678931052,0
			24.1371942560002,-103.682652268,0
			24.1356937960002,-103.685434786,0
			24.1341570710001,-103.688143651,0
			24.1302917600001,-103.695229744,0
			24.1247851860002,-103.701830777,0
			24.117416807,-103.710695681,0
			24.0889651070001,-103.745642542,0
			24.077245755,-103.760030006,0
			24.049460965,-103.797611489,0
			24.050564459,-103.799770336,0
			24.0400919400001,-103.810281526,0
			24.0338896860002,-103.811306059,0
			24.021973583,-103.813274128,0
			24.0239804120001,-103.832224505,0
			24.0269671160001,-103.843128846,0
			24.0032361540001,-103.847825979,0
			24.0070217230001,-103.872386583,0
			23.994691179,-103.857392451,0
			23.9945339600001,-103.857201305,0
			23.9888374270001,-103.850275778,0
			23.9654833530001,-103.838349123,0
			23.9648243570001,-103.838799299,0
			23.964081003,-103.837549027,0
			23.9696422970001,-103.833946566,0
			23.9649086040001,-103.818359834,0
			23.9608598600001,-103.819778268,0
			23.9528261220001,-103.822593532,0
			23.9528069580001,-103.822597446,0
			23.9530041600001,-103.823291846,0
			23.9513414730001,-103.823273611,0
			23.9406057270002,-103.825128814,0
			23.9300408720001,-103.826954183,0
			23.9077987480001,-103.830795953,0
			23.9077603690002,-103.83082178,0
			23.8822349610001,-103.847994464,0
			23.8746155550001,-103.853112355,0
			23.862565983,-103.849754307,0
			23.8609711900001,-103.847750189,0
			23.8489303630001,-103.832621517,0
			23.8387429950001,-103.832026534,0
			23.8357948030001,-103.831863806,0
			23.8283811260001,-103.831454633,0
			23.8246618430001,-103.831186374,0
			23.8106781780002,-103.818092317,0
			23.808215363,-103.816399684,0
			23.8076999960001,-103.816198446,0
			23.8076503240001,-103.816066992,0
			23.8066978730001,-103.817386923,0
			23.8043960910001,-103.818777591,0
			23.8023574170001,-103.819945857,0
			23.8016364170002,-103.821281684,0
			23.8007625960001,-103.822248158,0
			23.7998796710001,-103.822022289,0
			23.7985880860001,-103.821753383,0
			23.7969076560001,-103.821230837,0
			23.7956776810001,-103.820587394,0
			23.793577643,-103.820304746,0
			23.7918795060001,-103.820273286,0
			23.7904504950001,-103.821712191,0
			23.7898125520002,-103.822606267,0
			23.7889130560002,-103.823577538,0
			23.7881103020002,-103.825408111,0
			23.788092153,-103.82632355,0
			23.7885488000001,-103.827020744,0
			23.7878929020001,-103.828407534,0
			23.7874249750001,-103.82951402,0
			23.786529059,-103.83046728,0
			23.7861382790002,-103.831116066,0
			23.7861242830001,-103.831644152,0
			23.7848752590001,-103.832965465,0
			23.7847691330001,-103.833201065,0
			23.7852256960001,-103.834116034,0
			23.785307893,-103.834585862,0
			23.7850891920002,-103.835094949,0
			23.7843522600001,-103.835160189,0
			23.783380047,-103.835031984,0
			23.7825913780001,-103.835390964,0
			23.782288845,-103.836556034,0
			23.7810813460002,-103.836895799,0
			23.7804611090001,-103.837743245,0
			23.7790213810002,-103.839695964,0
			23.7780393390001,-103.840754351,0
			23.7773454260002,-103.84111925,0
			23.7767715250002,-103.841190759,0
			23.7761282870001,-103.841794379,0
			23.7755583590002,-103.843039909,0
			23.77484659,-103.843703352,0
			23.7741929470002,-103.84415064,0
			23.7737848300001,-103.843732724,0
			23.7731983780001,-103.843662972,0
			23.772787824,-103.844069382,0
			23.7722594350001,-103.844851512,0
			23.7717569730001,-103.845642786,0
			23.7715270600002,-103.847162269,0
			23.7708383190001,-103.847606161,0
			23.7707309650001,-103.848226875,0
			23.7706980720001,-103.849278569,0
			23.7706852200001,-103.850285799,0
			23.770485293,-103.850332724,0
			23.7704837750001,-103.850351574,0
			23.770438171,-103.850281244,0
			23.768304337,-103.850830294,0
			23.768138773,-103.850927538,0
			23.7668710290001,-103.851161265,0
			23.7668350660001,-103.851189441,0
			23.7667018790002,-103.8512207,0
			23.7634434020001,-103.853824994,0
			23.762602956,-103.854511752,0
			23.762446612,-103.854639504,0
			23.7618655340001,-103.855088521,0
			23.7618833910001,-103.855180658,0
			23.7616338620001,-103.855397498,0
			23.7616925520002,-103.855658254,0
			23.7616430700002,-103.855694742,0
			23.761554527,-103.855759406,0
			23.7591455200001,-103.857226154,0
			23.7588743170002,-103.857383003,0
			23.7555038960001,-103.860380642,0
			23.752638389,-103.862362344,0
			23.7279223460001,-103.854489916,0
			23.7012681150001,-103.841027343,0
			23.7012428940001,-103.841014608,0
			23.7009882000002,-103.841094812,0
			23.7004729100001,-103.841293189,0
			23.6994058180001,-103.841396579,0
			23.698539576,-103.841512366,0
			23.6975134570001,-103.841703457,0
			23.6947745020001,-103.8423391,0
			23.6915342680001,-103.843013641,0
			23.6852772840002,-103.844413959,0
			23.6850369580001,-103.844414191,0
			23.6845732380002,-103.844298464,0
			23.6844328130002,-103.844566841,0
			23.68389955,-103.845480359,0
			23.6833736510001,-103.846466917,0
			23.6831657790001,-103.846923277,0
			23.6831406340001,-103.846924111,0
			23.6815704430001,-103.849747434,0
			23.6804300160002,-103.850399072,0
			23.6795992240002,-103.851080535,0
			23.6794407510001,-103.847605715,0
			23.6778800440001,-103.813475397,0
			23.6765649000001,-103.785103501,0
			23.676431467,-103.785129679,0
			23.666392144,-103.787099147,0
			23.6633201060001,-103.787701743,0
			23.6631608550001,-103.787732982,0
			23.662317098,-103.787898481,0
			23.6522915170002,-103.789697063,0
			23.638620825,-103.792149126,0
			23.6350318350001,-103.792792783,0
			23.6326030160001,-103.793228339,0
			23.630855061,-103.793541785,0
			23.6291553460002,-103.794908607,0
			23.6283317,-103.796352026,0
			23.6274037310001,-103.79779638,0
			23.6266394260002,-103.79791676,0
			23.6253928150002,-103.798646028,0
			23.624251455,-103.799487724,0
			23.6232881890001,-103.801390728,0
			23.6226622080001,-103.802341511,0
			23.6217689990002,-103.802952904,0
			23.6207990730001,-103.803378208,0
			23.619207246,-103.804450646,0
			23.617829915,-103.806276716,0
			23.6136488070001,-103.811301945,0
			23.6166679460001,-103.819162162,0
			23.6261457830001,-103.831453076,0
			23.630376047,-103.837008226,0
			23.6400817030001,-103.849178509,0
			23.6386468490001,-103.852646348,0
			23.6374513230001,-103.855535561,0
			23.6373839220001,-103.855698443,0
			23.6342282580001,-103.863531123,0
			23.6329067930001,-103.8671921,0
			23.6323790370002,-103.868556643,0
			23.632357653,-103.868611932,0
			23.629196936,-103.876783242,0
			23.6291363550001,-103.876939844,0
			23.6291189640002,-103.876984802,0
			23.6289699430002,-103.87742902,0
			23.628869443,-103.877380172,0
			23.6274466040002,-103.876688697,0
			23.626859849,-103.876416307,0
			23.6223731150001,-103.874333573,0
			23.6204675120001,-103.873449023,0
			23.6200779360001,-103.874191788,0
			23.6187048550001,-103.877804565,0
			23.61156609,-103.879077749,0
			23.5959384840002,-103.881866721,0
			23.5938811160001,-103.882234494,0
			23.5929910870001,-103.882393592,0
			23.5922705920001,-103.882522383,0
			23.5954136980001,-103.886892438,0
			23.5961731490002,-103.887949347,0
			23.5962319260001,-103.888032612,0
			23.5979112830001,-103.890411718,0
			23.599713278,-103.89296917,0
			23.601449055,-103.895428625,0
			23.6030069030002,-103.897637883,0
			23.6039717090001,-103.899006824,0
			23.6050446580001,-103.902577626,0
			23.6043771640001,-103.902601557,0
			23.6025299890001,-103.902667779,0
			23.603099054,-103.90491659,0
			23.6018709510001,-103.906867314,0
			23.598934683,-103.903524606,0
			23.5986564250001,-103.90372577,0
			23.5985954020001,-103.903770157,0
			23.5978946030001,-103.904279911,0
			23.5971061070001,-103.904851203,0
			23.5958605760001,-103.903369467,0
			23.5953232150002,-103.902733252,0
			23.5947061300002,-103.901998478,0
			23.5946674140002,-103.901951642,0
			23.5940549050002,-103.90122602,0
			23.5934970230001,-103.900562435,0
			23.5929254770002,-103.899883035,0
			23.5922264170001,-103.899052816,0
			23.5915614970001,-103.89826151,0
			23.5908940430002,-103.897469461,0
			23.5908082730002,-103.897477078,0
			23.5884695310001,-103.896140555,0
			23.5877356710001,-103.895171952,0
			23.5873990810002,-103.894386393,0
			23.5858836670002,-103.893753835,0
			23.5848797520002,-103.892685338,0
			23.5849182140001,-103.890457068,0
			23.5849278190001,-103.889853824,0
			23.583565934,-103.89030136,0
			23.5821200280001,-103.890776496,0
			23.5814523510002,-103.890991018,0
			23.5812255740001,-103.891066571,0
			23.5812056420001,-103.891070592,0
			23.580208402,-103.890020065,0
			23.579827589,-103.890086925,0
			23.5797332330001,-103.890546072,0
			23.5792464480002,-103.893399203,0
			23.5788740570002,-103.895581682,0
			23.578557158,-103.897438698,0
			23.5780018090001,-103.900688808,0
			23.5775653670001,-103.903243672,0
			23.5770383290002,-103.906334065,0
			23.576563897,-103.909109979,0
			23.576557739,-103.909149292,0
			23.5765199300002,-103.909362993,0
			23.5760828810002,-103.911933576,0
			23.581202822,-103.913422905,0
			23.583267564,-103.91404887,0
			23.5852821790002,-103.913307273,0
			23.5881220520002,-103.912277161,0
			23.5884239810001,-103.914948815,0
			23.5885018930001,-103.915718359,0
			23.5886544520002,-103.917245088,0
			23.5887205270001,-103.917869153,0
			23.5890582230001,-103.920945266,0
			23.5891753390001,-103.921468598,0
			23.5891110810001,-103.921508742,0
			23.5883770970001,-103.921967275,0
			23.5883515870001,-103.921964622,0
			23.5872748860001,-103.921852639,0
			23.5871343050001,-103.921835125,0
			23.5866638430001,-103.921758205,0
			23.5862290810002,-103.921665786,0
			23.5857119220001,-103.921620553,0
			23.585438574,-103.921557779,0
			23.5851253810001,-103.921509716,0
			23.5848512790002,-103.921338441,0
			23.5846083240001,-103.9211067,0
			23.5843864970001,-103.920996608,0
			23.5841983040001,-103.920822183,0
			23.5837836010002,-103.92065063,0
			23.5834237340001,-103.920676788,0
			23.5830751880001,-103.920677857,0
			23.5817948010001,-103.920438524,0
			23.5809545590002,-103.920207577,0
			23.5802380040001,-103.920059426,0
			23.579576547,-103.919969719,0
			23.5786076580001,-103.9199223,0
			23.5783758320001,-103.919931827,0
			23.5777668080001,-103.919956853,0
			23.5763650350001,-103.919968321,0
			23.575778655,-103.919945446,0
			23.575393837,-103.919588781,0
			23.575007897,-103.919066092,0
			23.5748138760001,-103.918738008,0
			23.5746868310001,-103.918303207,0
			23.573734489,-103.917716224,0
			23.5735458540001,-103.917798152,0
			23.5732240020001,-103.917715718,0
			23.5729553400001,-103.917617643,0
			23.5725942890002,-103.917467881,0
			23.5722947830001,-103.917014499,0
			23.5712262810001,-103.916644145,0
			23.5689261860002,-103.916281997,0
			23.5666793230002,-103.916248993,0
			23.5657252430001,-103.916270664,0
			23.5654128300001,-103.916758933,0
			23.565277402,-103.917196533,0
			23.5652354270001,-103.918098027,0
			23.5646632260001,-103.918697651,0
			23.563872422,-103.918634144,0
			23.563336218,-103.919264337,0
			23.563285797,-103.919307908,0
			23.5626847020001,-103.91982733,0
			23.562531124,-103.920439469,0
			23.5622177690001,-103.921431686,0
			23.5620464200001,-103.9217154,0
			23.5613678700001,-103.922056948,0
			23.5611585290001,-103.922220016,0
			23.560714646,-103.922479033,0
			23.5604639250001,-103.922803348,0
			23.5603971050001,-103.922978578,0
			23.560156078,-103.923201556,0
			23.5596360720002,-103.923335923,0
			23.5593593830001,-103.923532958,0
			23.5590301610002,-103.923915408,0
			23.5587867830001,-103.92436495,0
			23.558456488,-103.923958145,0
			23.5574937340002,-103.924823805,0
			23.5569826780002,-103.925313417,0
			23.5561963530002,-103.926258475,0
			23.5554057560001,-103.927485812,0
			23.554729012,-103.928742419,0
			23.553732972,-103.929641975,0
			23.5530643260001,-103.930250006,0
			23.552641061,-103.930885782,0
			23.5527128230001,-103.931484602,0
			23.5527442210002,-103.931864756,0
			23.5526454180001,-103.932550299,0
			23.5524004610002,-103.933370008,0
			23.552166459,-103.93403357,0
			23.5517145540002,-103.93465102,0
			23.5514047040001,-103.934818167,0
			23.5511740870002,-103.934942571,0
			23.5507205410001,-103.935274565,0
			23.5506069070001,-103.935698994,0
			23.5502719670001,-103.936165418,0
			23.5498827740001,-103.936356829,0
			23.5497052690001,-103.936834645,0
			23.5492259390001,-103.937530521,0
			23.5487665420002,-103.938165071,0
			23.5481772510001,-103.939078032,0
			23.547536241,-103.939794146,0
			23.5473224030001,-103.939987087,0
			23.547167896,-103.941053849,0
			23.5471531230002,-103.941782756,0
			23.5471883330001,-103.942607755,0
			23.5468844510002,-103.943030735,0
			23.5463849440001,-103.943613469,0
			23.5457290770001,-103.944433299,0
			23.5446823550002,-103.944486921,0
			23.5441205600001,-103.945145213,0
			23.543970788,-103.945568023,0
			23.5438063180001,-103.946444502,0
			23.5435285670001,-103.946695317,0
			23.543197892,-103.946572817,0
			23.5429923900001,-103.946812374,0
			23.5429175160001,-103.947090726,0
			23.5427399490001,-103.947314289,0
			23.5424458600002,-103.947488857,0
			23.5421615810001,-103.947724589,0
			23.5419432280001,-103.947856018,0
			23.5415108980001,-103.948101932,0
			23.5410433260001,-103.948175705,0
			23.5405444970001,-103.948407502,0
			23.5400775160001,-103.948568854,0
			23.539869249,-103.948798338,0
			23.539807039,-103.949149238,0
			23.539679931,-103.949448129,0
			23.5394349620001,-103.949785756,0
			23.5391298270001,-103.950015939,0
			23.5387431770001,-103.95012419,0
			23.5385184080001,-103.950301141,0
			23.5388600530002,-103.950701493,0
			23.5391053380001,-103.951172594,0
			23.5392861970001,-103.951661807,0
			23.5394025960001,-103.952168996,0
			23.5393727840001,-103.952537235,0
			23.5391634380002,-103.952996808,0
			23.5390855200001,-103.9533014,0
			23.5389066250002,-103.954047038,0
			23.5388329130001,-103.954274489,0
			23.538657997,-103.954375712,0
			23.5384934510001,-103.954253958,0
			23.5384380990001,-103.954039069,0
			23.5381690250001,-103.954208996,0
			23.5378248280001,-103.954403896,0
			23.5380661740002,-103.955078249,0
			23.5381884040002,-103.955535948,0
			23.538376176,-103.956075373,0
			23.5384323870002,-103.956380683,0
			23.5384563370002,-103.956721516,0
			23.5383820120002,-103.956945545,0
			23.5381994460001,-103.957182138,0
			23.537928101,-103.957480215,0
			23.5377249320002,-103.957305576,0
			23.5375719480001,-103.957088758,0
			23.5374060120001,-103.957099562,0
			23.5371877560001,-103.957205484,0
			23.5369394510001,-103.957343161,0
			23.5365486660002,-103.957582939,0
			23.536153734,-103.957742454,0
			23.5357910130001,-103.957572475,0
			23.5353854650001,-103.957795604,0
			23.5351987290001,-103.957925209,0
			23.5349534320002,-103.958416545,0
			23.5344836330001,-103.958577012,0
			23.5335356080001,-103.959096396,0
			23.5333177970001,-103.959445011,0
			23.5335144820001,-103.960306908,0
			23.5332286840001,-103.960454459,0
			23.5326370040002,-103.960604343,0
			23.5323103600002,-103.960422849,0
			23.5321010390002,-103.960724398,0
			23.5321947470001,-103.961129106,0
			23.532035497,-103.961534358,0
			23.531653073,-103.961649512,0
			23.530729647,-103.962157942,0
			23.530386575,-103.962575295,0
			23.5298940910001,-103.962765378,0
			23.529761795,-103.963244746,0
			23.5297046790001,-103.963555132,0
			23.5294793730001,-103.964182561,0
			23.5294647570001,-103.964575323,0
			23.5293588380002,-103.965185107,0
			23.529394349,-103.965488968,0
			23.5290960780001,-103.965648877,0
			23.5288996390001,-103.965869087,0
			23.5289806620002,-103.966529914,0
			23.5288962520001,-103.966822133,0
			23.5285523860001,-103.966969707,0
			23.5282389380001,-103.967058567,0
			23.5279283040001,-103.967181778,0
			23.5276083040001,-103.967381639,0
			23.5276949830001,-103.967560129,0
			23.5278521980001,-103.967732687,0
			23.5280107170001,-103.967784105,0
			23.528051568,-103.967990793,0
			23.5280538810001,-103.968120131,0
			23.5279410970001,-103.968252386,0
			23.527786211,-103.968431076,0
			23.5275750390001,-103.968606984,0
			23.527442036,-103.968724972,0
			23.5273635960001,-103.968893067,0
			23.5273137770002,-103.969059158,0
			23.5272929160001,-103.969201401,0
			23.5271921440001,-103.969352141,0
			23.5269163650001,-103.969425295,0
			23.5267048400001,-103.969506301,0
			23.5265531510001,-103.969657436,0
			23.5265326560001,-103.969854932,0
			23.5266971530002,-103.970174375,0
			23.526993254,-103.970560446,0
			23.5272530790001,-103.971006508,0
			23.5273665140002,-103.971513487,0
			23.5273597190001,-103.97187398,0
			23.5272887120001,-103.972232985,0
			23.5271713630001,-103.972522713,0
			23.5268694200001,-103.97283226,0
			23.5264233700001,-103.97316579,0
			23.52604017,-103.973758238,0
			23.5257740150001,-103.974036907,0
			23.525749854,-103.974248418,0
			23.5258522660001,-103.974476663,0
			23.5258996210001,-103.974705334,0
			23.5258550350001,-103.974975664,0
			23.5256094820001,-103.975296233,0
			23.5253909630001,-103.975546887,0
			23.5250708190001,-103.975688773,0
			23.524732454,-103.975850656,0
			23.5244203640002,-103.975898843,0
			23.5239162830001,-103.975896822,0
			23.5235957190002,-103.976278903,0
			23.5234524700002,-103.976817711,0
			23.523756226,-103.976974694,0
			23.5239852990001,-103.976933073,0
			23.5241597720001,-103.976961646,0
			23.5242802700001,-103.977149901,0
			23.5243080060001,-103.977454245,0
			23.5241631490001,-103.977659408,0
			23.5239971980001,-103.977830704,0
			23.5237999240001,-103.97800224,0
			23.523570373,-103.978007847,0
			23.5229544320002,-103.977807328,0
			23.5227773030002,-103.977941803,0
			23.5227942110001,-103.978410214,0
			23.5227846830001,-103.978871846,0
			23.5226266970001,-103.979153313,0
			23.5223660560002,-103.979410374,0
			23.5223131650001,-103.980232819,0
			23.5225812300002,-103.980427482,0
			23.522572758,-103.980793179,0
			23.522434261,-103.981059139,0
			23.5221429900002,-103.981325823,0
			23.5218882290001,-103.981553685,0
			23.5218198560001,-103.981978437,0
			23.521973992,-103.982283928,0
			23.5221385310001,-103.982518542,0
			23.5221620280001,-103.982709119,0
			23.5220234080001,-103.982945995,0
			23.5218147040002,-103.982995322,0
			23.5214557600002,-103.982939127,0
			23.5211316340001,-103.982878532,0
			23.520890571,-103.983162364,0
			23.5207712820002,-103.983579371,0
			23.5207595100001,-103.983921739,0
			23.5207376230002,-103.984139152,0
			23.520531879,-103.984178983,0
			23.5199405910001,-103.984002984,0
			23.5195945610001,-103.984254263,0
			23.5193758230001,-103.984157778,0
			23.5191015070001,-103.984513161,0
			23.5191602480001,-103.984839646,0
			23.5193782890001,-103.985622216,0
			23.519638663,-103.98591412,0
			23.5195633270002,-103.986243351,0
			23.519409475,-103.98638691,0
			23.5190330250002,-103.986514364,0
			23.5187228030001,-103.986097835,0
			23.5184145110001,-103.986291917,0
			23.5183879790001,-103.986711666,0
			23.5185283450002,-103.986971216,0
			23.5186568850001,-103.987429058,0
			23.5185021550001,-103.987700843,0
			23.5181000250001,-103.987982745,0
			23.5177603980001,-103.988239343,0
			23.5175882350002,-103.988477325,0
			23.5175664510002,-103.98871791,0
			23.517335285,-103.988868891,0
			23.5171182930002,-103.989088645,0
			23.5167912480001,-103.989254365,0
			23.516800753,-103.989479692,0
			23.5168743610001,-103.989818112,0
			23.5167891420001,-103.990027923,0
			23.516605505,-103.990171026,0
			23.5164299860002,-103.990297103,0
			23.5161244320001,-103.990392863,0
			23.5158475180001,-103.990151061,0
			23.5155919790002,-103.990194395,0
			23.515409913,-103.991094046,0
			23.5155799410001,-103.991238177,0
			23.5159673490002,-103.991434347,0
			23.5161554110001,-103.991599945,0
			23.51600066,-103.991814781,0
			23.515818278,-103.991970783,0
			23.5156288970001,-103.992125595,0
			23.51561724,-103.992135124,0
			23.5155191940001,-103.992411887,0
			23.5155427260001,-103.992775284,0
			23.5153723910001,-103.993012858,0
			23.5150674060001,-103.993028764,0
			23.5147951600001,-103.99332305,0
			23.5149266500001,-103.993932498,0
			23.514738946,-103.99428622,0
			23.5145365330001,-103.994497938,0
			23.5143801090001,-103.994817846,0
			23.514310341,-103.995222257,0
			23.51434347,-103.99557886,0
			23.5147495800001,-103.99609992,0
			23.5147413710002,-103.996340877,0
			23.514671423,-103.996438863,0
			23.5143815270001,-103.996493865,0
			23.5139492290002,-103.996477008,0
			23.5134790770002,-103.996523904,0
			23.5137224340002,-103.997257082,0
			23.513543959,-103.997599921,0
			23.5133532640002,-103.99791262,0
			23.5128916350001,-103.998081867,0
			23.5124731220001,-103.998302974,0
			23.511789933,-103.998936251,0
			23.5114297380002,-103.999374381,0
			23.5109718640001,-104.000047365,0
			23.5105147820001,-104.000618169,0
			23.5106174860001,-104.001209953,0
			23.5104574470001,-104.001581277,0
			23.5098891530001,-104.001603225,0
			23.509437706,-104.002267775,0
			23.5093738480001,-104.002825832,0
			23.5093620000001,-104.003513365,0
			23.5091857420001,-104.003884873,0
			23.50884538,-104.003993141,0
			23.5081792930001,-104.00396296,0
			23.5078392580001,-104.00387098,0
			23.494511661,-104.024234508,0
			23.4831507800002,-104.039057735,0
			23.4732855350001,-104.052003322,0
			23.463536139,-104.065126138,0
			23.463493283,-104.065977093,0
			23.4607569230001,-104.064930503,0
			23.4382829940002,-104.074069932,0
			23.435740852,-104.075104087,0
			23.4213456580002,-104.080959311,0
			23.398627626,-104.086267592,0
			23.3842122700001,-104.09573936,0
			23.378585151,-104.099436054,0
			23.3667371560002,-104.101167996,0
			23.3551385100001,-104.10677338,0
			23.3549573390001,-104.109206926,0
			23.35512718,-104.109696434,0
			23.3512054890002,-104.1112146,0
			23.3448947810001,-104.112320551,0
			23.3302952990001,-104.114881289,0
			23.3285051120002,-104.115192336,0
			23.3284099700001,-104.115076779,0
			23.3274935430001,-104.113933205,0
			23.3263789880001,-104.113148314,0
			23.3255650830002,-104.112860201,0
			23.3247185720001,-104.113020062,0
			23.3234435370002,-104.112758068,0
			23.322344973,-104.113223871,0
			23.3212569080002,-104.113517208,0
			23.3205602990001,-104.11316087,0
			23.3198519810002,-104.113184094,0
			23.3189301360002,-104.113411028,0
			23.317873019,-104.113670356,0
			23.3171908930001,-104.114393059,0
			23.3161892400001,-104.114929423,0
			23.3154860540001,-104.115056258,0
			23.3149117790002,-104.115081613,0
			23.3141771770001,-104.115173452,0
			23.3128272840001,-104.115012341,0
			23.3117781380001,-104.114788481,0
			23.3110201260001,-104.114258537,0
			23.3099714490002,-104.114000171,0
			23.3085711730001,-104.113805212,0
			23.3077751770001,-104.113723465,0
			23.3066266270001,-104.11377418,0
			23.3056767120001,-104.11413944,0
			23.304751321,-104.114193712,0
			23.3037284200001,-104.11438451,0
			23.3029896040001,-104.114546469,0
			23.3023745250001,-104.11522703,0
			23.3016628730001,-104.115975082,0
			23.301087658,-104.116069423,0
			23.2999948590002,-104.116258588,0
			23.2993544880002,-104.116455445,0
			23.298356308,-104.116681132,0
			23.2965641810001,-104.116687014,0
			23.2953979670001,-104.116392231,0
			23.2936271900001,-104.117917167,0
			23.2928520650001,-104.118081249,0
			23.2916028010002,-104.118509973,0
			23.2903341000001,-104.119112768,0
			23.2887418340001,-104.119466952,0
			23.2882217760001,-104.119976354,0
			23.28678445,-104.120160451,0
			23.2856763090001,-104.119797554,0
			23.2847328700001,-104.120198204,0
			23.2837746480002,-104.12032093,0
			23.2828506680002,-104.120271627,0
			23.282082776,-104.120466398,0
			23.2811456960001,-104.120589148,0
			23.2797994660001,-104.120912715,0
			23.2780428390001,-104.120712023,0
			23.275309378,-104.120771747,0
			23.2551627720002,-104.122319632,0
			23.2499528200001,-104.123127292,0
			23.2472437660001,-104.123446698,0
			23.246819149,-104.12349676,0
			23.2398550690001,-104.124314101,0
			23.2351946570001,-104.124861024,0
			23.228521804,-104.125644032,0
			23.225305996,-104.12602135,0
			23.2129988580001,-104.126960189,0
			23.205947416,-104.127498006,0
			23.2026641730001,-104.127708962,0
			23.187371818,-104.128691355,0
			23.1822142130002,-104.129022619,0
			23.170866768,-104.138183214,0
			23.1670146540001,-104.141292496,0
			23.1660470370001,-104.142070161,0
			23.1508004960001,-104.154321765,0
			23.1360068900001,-104.166010653,0
			23.128407672,-104.172132394,0
			23.1030792140001,-104.172202753,0
			23.0600224340001,-104.1727365,0
		</coordinates>
	</polygon>
</kml>
