<?xml version="1.0" encoding="UTF-8"?>
<kml xmlns="http://earth.google.com/kml/2.2">
	<polygon id="USA_CA_Santa_Barbara" samplingProbability="1">
		<coordinates>
			34.8999820000002,-119.457069,0
			34.8999210000001,-119.45443,0
			34.8999210000001,-119.443787,0
			34.8472400000001,-119.443268,0
			34.8281710000001,-119.44384,0
			34.789631,-119.444702,0
			34.7768590000002,-119.444992,0
			34.7561950000002,-119.445007,0
			34.735531,-119.445023,0
			34.631069,-119.445099,0
			34.4783630000001,-119.444763,0
			34.4402810000001,-119.444679,0
			34.43528,-119.444687,0
			34.4340060000001,-119.445274,0
			34.4316860000002,-119.446342,0
			34.4285010000001,-119.456299,0
			34.4284710000001,-119.45639,0
			34.41893,-119.455826,0
			34.4116670000001,-119.451401,0
			34.408081,-119.446899,0
			34.4049070000001,-119.446899,0
			34.3980290000002,-119.452507,0
			34.396423,-119.453987,0
			34.3906860000001,-119.459106,0
			34.3899350000002,-119.460724,0
			34.3889500000002,-119.462532,0
			34.3848610000001,-119.469772,0
			34.3840520000001,-119.470772,0
			34.3821410000001,-119.473122,0
			34.3802380000002,-119.476067,0
			34.376938,-119.481186,0
			34.379444,-119.48333,0
			34.379444,-119.483612,0
			34.379444,-119.483887,0
			34.3796810000001,-119.484093,0
			34.3797490000001,-119.484154,0
			34.3797230000001,-119.484444,0
			34.380062,-119.484688,0
			34.3800010000002,-119.485001,0
			34.3802800000001,-119.485313,0
			34.3802800000001,-119.485413,0
			34.3802800000001,-119.485558,0
			34.3805540000001,-119.485832,0
			34.38068,-119.48571,0
			34.3808330000001,-119.485558,0
			34.3808330000001,-119.485832,0
			34.3808330000001,-119.486115,0
			34.3811380000001,-119.486374,0
			34.3811110000001,-119.486664,0
			34.3811110000001,-119.486946,0
			34.3813900000001,-119.487221,0
			34.3813900000001,-119.487503,0
			34.381668,-119.487778,0
			34.381977,-119.488037,0
			34.381943,-119.488335,0
			34.381943,-119.488609,0
			34.3822210000001,-119.488892,0
			34.3822210000001,-119.489166,0
			34.3825000000002,-119.489441,0
			34.3825000000002,-119.489723,0
			34.382778,-119.489998,0
			34.382778,-119.49028,0
			34.383018,-119.490562,0
			34.3830570000001,-119.490723,0
			34.3830570000001,-119.490837,0
			34.383381,-119.491074,0
			34.3833350000001,-119.491386,0
			34.3836100000001,-119.491669,0
			34.3838880000001,-119.491943,0
			34.384167,-119.492287,0
			34.384167,-119.4925,0
			34.3838880000001,-119.492775,0
			34.384167,-119.493057,0
			34.384167,-119.493332,0
			34.384167,-119.493614,0
			34.384167,-119.493889,0
			34.384167,-119.494164,0
			34.384521,-119.494507,0
			34.3844450000001,-119.49472,0
			34.3844450000001,-119.495003,0
			34.3844450000001,-119.495277,0
			34.3844450000001,-119.495552,0
			34.3844450000001,-119.495834,0
			34.384708,-119.496109,0
			34.384716,-119.496391,0
			34.3847240000001,-119.496666,0
			34.384663,-119.496933,0
			34.3847240000001,-119.497223,0
			34.3845830000002,-119.49736,0
			34.3844450000001,-119.497498,0
			34.3844450000001,-119.49778,0
			34.3844450000001,-119.498055,0
			34.3844450000001,-119.498337,0
			34.3844450000001,-119.498611,0
			34.3844450000001,-119.498886,0
			34.3844450000001,-119.499168,0
			34.3847240000001,-119.499443,0
			34.384708,-119.499725,0
			34.384716,-119.5,0
			34.3847240000001,-119.500275,0
			34.384712,-119.500557,0
			34.3847240000001,-119.500832,0
			34.3847390000001,-119.501114,0
			34.3847430000001,-119.501213,0
			34.3847730000001,-119.501366,0
			34.3848420000001,-119.501511,0
			34.3849980000001,-119.501663,0
			34.3850330000001,-119.5019,0
			34.3849490000001,-119.502197,0
			34.384899,-119.502319,0
			34.3847240000001,-119.502502,0
			34.3847240000001,-119.502777,0
			34.3847240000001,-119.503052,0
			34.3847240000001,-119.503334,0
			34.3849980000001,-119.503609,0
			34.3849980000001,-119.503891,0
			34.3853150000002,-119.504166,0
			34.3853150000002,-119.504517,0
			34.385277,-119.504639,0
			34.3852540000001,-119.504715,0
			34.3849980000001,-119.504997,0
			34.3849980000001,-119.50528,0
			34.3849980000001,-119.505554,0
			34.3847240000001,-119.505836,0
			34.3848500000001,-119.505959,0
			34.3849980000001,-119.506111,0
			34.3849980000001,-119.506386,0
			34.384983,-119.506683,0
			34.3852580000001,-119.506958,0
			34.3853150000002,-119.507019,0
			34.385277,-119.507225,0
			34.385277,-119.5075,0
			34.3855290000001,-119.507782,0
			34.3855780000001,-119.508049,0
			34.3855550000001,-119.508331,0
			34.3855550000001,-119.508614,0
			34.3855550000001,-119.508888,0
			34.385277,-119.509163,0
			34.3853150000002,-119.509399,0
			34.385277,-119.50972,0
			34.3855550000001,-119.510002,0
			34.3858340000001,-119.510277,0
			34.386108,-119.510498,0
			34.386391,-119.510834,0
			34.3866650000002,-119.511108,0
			34.3869440000001,-119.511414,0
			34.3869440000001,-119.511665,0
			34.3869440000001,-119.511948,0
			34.3869440000001,-119.512222,0
			34.3872570000001,-119.512489,0
			34.3872220000001,-119.512779,0
			34.3872220000001,-119.513054,0
			34.3872220000001,-119.513336,0
			34.3872220000001,-119.513611,0
			34.3872220000001,-119.513885,0
			34.3875120000001,-119.514221,0
			34.387501,-119.514442,0
			34.3872830000001,-119.514664,0
			34.3872220000001,-119.514725,0
			34.3874470000002,-119.515022,0
			34.3875120000001,-119.515198,0
			34.387501,-119.515556,0
			34.3877790000001,-119.515831,0
			34.3877790000001,-119.516113,0
			34.3881230000002,-119.516418,0
			34.3880540000001,-119.51667,0
			34.3882750000001,-119.516891,0
			34.3882980000001,-119.51696,0
			34.388332,-119.517067,0
			34.388332,-119.51722,0
			34.3886180000001,-119.517494,0
			34.3886720000001,-119.517578,0
			34.388611,-119.517776,0
			34.3888850000001,-119.518059,0
			34.3889160000001,-119.518127,0
			34.3888890000001,-119.518333,0
			34.3891680000001,-119.518608,0
			34.3894460000002,-119.51889,0
			34.389759,-119.518837,0
			34.3899990000001,-119.519165,0
			34.3902780000001,-119.519447,0
			34.3902780000001,-119.519722,0
			34.390556,-119.519997,0
			34.390556,-119.520279,0
			34.390556,-119.520554,0
			34.390835,-119.520836,0
			34.3910640000001,-119.521126,0
			34.3911130000001,-119.521301,0
			34.3911090000001,-119.521667,0
			34.3913880000001,-119.521942,0
			34.3913880000001,-119.522224,0
			34.391666,-119.522522,0
			34.391666,-119.522781,0
			34.391666,-119.523056,0
			34.3919450000002,-119.523331,0
			34.3922230000001,-119.523613,0
			34.3925020000001,-119.523888,0
			34.392776,-119.523888,0
			34.393066,-119.523849,0
			34.3933330000001,-119.52417,0
			34.3936770000001,-119.524475,0
			34.3936120000001,-119.524719,0
			34.3936120000001,-119.525002,0
			34.3936120000001,-119.525276,0
			34.39389,-119.525558,0
			34.394165,-119.525833,0
			34.394165,-119.526108,0
			34.3944700000001,-119.526428,0
			34.3944440000002,-119.526665,0
			34.3944440000002,-119.526947,0
			34.3944440000002,-119.527222,0
			34.3944440000002,-119.527496,0
			34.3947220000001,-119.527779,0
			34.395,-119.528053,0
			34.395,-119.528336,0
			34.3952870000002,-119.52861,0
			34.3953250000001,-119.528687,0
			34.3952330000001,-119.52887,0
			34.3950810000002,-119.529175,0
			34.395,-119.529442,0
			34.395,-119.529724,0
			34.3953250000001,-119.529907,0
			34.3953250000001,-119.530281,0
			34.3953250000001,-119.530556,0
			34.3953250000001,-119.530884,0
			34.3952790000002,-119.531113,0
			34.3952790000002,-119.531387,0
			34.3955570000001,-119.53167,0
			34.3955570000001,-119.531944,0
			34.3955570000001,-119.532219,0
			34.3958320000001,-119.532501,0
			34.3958320000001,-119.532776,0
			34.3958320000001,-119.533058,0
			34.3961180000002,-119.533333,0
			34.3961180000002,-119.533607,0
			34.3961180000002,-119.533691,0
			34.3961180000002,-119.53389,0
			34.3961180000002,-119.534164,0
			34.3961180000002,-119.534485,0
			34.3961180000002,-119.534721,0
			34.3961180000002,-119.535004,0
			34.3961180000002,-119.535278,0
			34.3961180000002,-119.5354,0
			34.3961110000001,-119.535553,0
			34.396423,-119.535812,0
			34.396423,-119.535889,0
			34.3964160000001,-119.536118,0
			34.396389,-119.536209,0
			34.3963390000001,-119.536377,0
			34.396267,-119.536469,0
			34.3961110000001,-119.536667,0
			34.396484,-119.536987,0
			34.396389,-119.537224,0
			34.396389,-119.537498,0
			34.3966670000001,-119.537781,0
			34.3966670000001,-119.538055,0
			34.3969460000001,-119.53833,0
			34.3972210000001,-119.538612,0
			34.3975220000002,-119.538879,0
			34.3977780000002,-119.539169,0
			34.3980560000001,-119.539444,0
			34.3983350000001,-119.539719,0
			34.3986130000002,-119.540001,0
			34.398888,-119.540276,0
			34.3991660000001,-119.540558,0
			34.3994450000001,-119.540833,0
			34.3997230000002,-119.541115,0
			34.400002,-119.541389,0
			34.4002760000001,-119.541664,0
			34.4005850000001,-119.541931,0
			34.400696,-119.542114,0
			34.4008060000001,-119.542244,0
			34.4010620000001,-119.542542,0
			34.4011120000002,-119.542603,0
			34.4011120000002,-119.542778,0
			34.401443,-119.543015,0
			34.401634,-119.543259,0
			34.401711,-119.54332,0
			34.4016690000001,-119.54361,0
			34.401917,-119.543884,0
			34.402252,-119.544121,0
			34.4025000000001,-119.544441,0
			34.4027790000001,-119.544724,0
			34.4030570000002,-119.544998,0
			34.403332,-119.54528,0
			34.403687,-119.545593,0
			34.4036100000001,-119.54583,0
			34.4038620000002,-119.54612,0
			34.4038890000001,-119.546204,0
			34.4039460000002,-119.546364,0
			34.4038890000001,-119.546669,0
			34.4041100000001,-119.546822,0
			34.4042090000001,-119.54689,0
			34.4044460000002,-119.547226,0
			34.4047240000001,-119.547501,0
			34.4049990000001,-119.547775,0
			34.4052770000002,-119.548058,0
			34.4055560000002,-119.548332,0
			34.4058340000001,-119.548615,0
			34.406082,-119.548904,0
			34.4061280000001,-119.549011,0
			34.4061130000001,-119.549164,0
			34.4063870000002,-119.549446,0
			34.406666,-119.549721,0
			34.4069440000001,-119.550003,0
			34.4072230000001,-119.550278,0
			34.407501,-119.550552,0
			34.4077760000002,-119.550835,0
			34.4080540000001,-119.551109,0
			34.4080540000001,-119.551392,0
			34.4083330000001,-119.551666,0
			34.408691,-119.552002,0
			34.4086110000002,-119.552223,0
			34.4088750000001,-119.55249,0
			34.409206,-119.552727,0
			34.4094430000001,-119.553055,0
			34.4097290000001,-119.553406,0
			34.4097210000002,-119.553612,0
			34.4100420000001,-119.553856,0
			34.41,-119.554169,0
			34.4102780000001,-119.554443,0
			34.410557,-119.554726,0
			34.410831,-119.555,0
			34.4110180000002,-119.555183,0
			34.411057,-119.55529,0
			34.4111100000002,-119.55545,0
			34.4111100000002,-119.555557,0
			34.4113880000001,-119.555832,0
			34.4116670000001,-119.556114,0
			34.4116670000001,-119.556389,0
			34.4119450000002,-119.556664,0
			34.4122580000001,-119.556915,0
			34.4124530000001,-119.557152,0
			34.4125180000001,-119.557213,0
			34.4124980000001,-119.557503,0
			34.4128150000002,-119.557755,0
			34.4127770000001,-119.558052,0
			34.4130550000002,-119.558334,0
			34.4130860000001,-119.558411,0
			34.4130550000002,-119.558609,0
			34.413242,-119.5588,0
			34.4132880000001,-119.558907,0
			34.4133340000001,-119.559029,0
			34.4133340000001,-119.559166,0
			34.4136960000001,-119.559509,0
			34.4136120000001,-119.559723,0
			34.4138300000001,-119.559937,0
			34.4138530000001,-119.560005,0
			34.4138870000001,-119.560127,0
			34.4138870000001,-119.56028,0
			34.414165,-119.560555,0
			34.4144900000001,-119.56073,0
			34.4144440000002,-119.561111,0
			34.4145890000001,-119.561256,0
			34.414722,-119.561386,0
			34.4146730000001,-119.561707,0
			34.4147610000001,-119.561928,0
			34.414722,-119.562225,0
			34.4150010000001,-119.562553,0
			34.4150010000001,-119.562775,0
			34.4150010000001,-119.563057,0
			34.4150010000001,-119.563332,0
			34.4150010000001,-119.563614,0
			34.4150010000001,-119.563889,0
			34.4152830000001,-119.564163,0
			34.4152830000001,-119.564514,0
			34.4152830000001,-119.56472,0
			34.4152830000001,-119.565002,0
			34.4150010000001,-119.565277,0
			34.4150010000001,-119.565552,0
			34.4150010000001,-119.565834,0
			34.4150010000001,-119.56601,0
			34.4149630000001,-119.566093,0
			34.414722,-119.566391,0
			34.4146730000001,-119.566711,0
			34.414722,-119.566948,0
			34.4146000000001,-119.56707,0
			34.4144440000002,-119.567223,0
			34.4145130000002,-119.567513,0
			34.414165,-119.56778,0
			34.414165,-119.568054,0
			34.414165,-119.568336,0
			34.4139370000001,-119.568649,0
			34.4139180000001,-119.568733,0
			34.41391,-119.568886,0
			34.4138980000001,-119.569168,0
			34.4138870000001,-119.569443,0
			34.4136120000001,-119.569725,0
			34.4136120000001,-119.57,0
			34.4136120000001,-119.570274,0
			34.4136120000001,-119.570557,0
			34.4136120000001,-119.570831,0
			34.4136120000001,-119.571114,0
			34.4138870000001,-119.571388,0
			34.4138830000001,-119.571663,0
			34.4138870000001,-119.571945,0
			34.4138870000001,-119.572021,0
			34.4138830000001,-119.57222,0
			34.4138870000001,-119.572502,0
			34.4136120000001,-119.572777,0
			34.4136390000002,-119.573082,0
			34.4133760000001,-119.573372,0
			34.4132770000001,-119.573578,0
			34.413193,-119.573753,0
			34.4131130000002,-119.573921,0
			34.4130550000002,-119.574165,0
			34.4127770000001,-119.574448,0
			34.4127580000001,-119.574707,0
			34.4126550000001,-119.574844,0
			34.4125180000001,-119.575073,0
			34.4124640000001,-119.575272,0
			34.4124980000001,-119.575554,0
			34.4123500000001,-119.575706,0
			34.4122620000001,-119.575859,0
			34.4122240000002,-119.575928,0
			34.4122770000001,-119.576096,0
			34.4122240000002,-119.576385,0
			34.412476,-119.576721,0
			34.4125520000001,-119.57692,0
			34.4124980000001,-119.577225,0
			34.4127770000001,-119.577499,0
			34.4127770000001,-119.577774,0
			34.4127770000001,-119.578056,0
			34.4127770000001,-119.578331,0
			34.4127770000001,-119.578613,0
			34.4127770000001,-119.578888,0
			34.4127770000001,-119.57917,0
			34.4127770000001,-119.579445,0
			34.4127770000001,-119.57972,0
			34.4130550000002,-119.579933,0
			34.4131160000001,-119.579979,0
			34.4130550000002,-119.580276,0
			34.4130550000002,-119.580559,0
			34.4133340000001,-119.580833,0
			34.4133340000001,-119.581108,0
			34.4133340000001,-119.581184,0
			34.4133340000001,-119.58139,0
			34.4136430000001,-119.581642,0
			34.4136350000002,-119.581718,0
			34.4136120000001,-119.581947,0
			34.4138870000001,-119.582283,0
			34.4138870000001,-119.582497,0
			34.414165,-119.582779,0
			34.4144440000002,-119.583054,0
			34.4147680000002,-119.583313,0
			34.4149480000001,-119.583641,0
			34.4151000000001,-119.583923,0
			34.4150010000001,-119.584167,0
			34.4152830000001,-119.584412,0
			34.4152790000002,-119.584724,0
			34.4154050000001,-119.584854,0
			34.4155540000002,-119.584999,0
			34.4155270000001,-119.585289,0
			34.4155540000002,-119.585381,0
			34.4155540000002,-119.585556,0
			34.4155540000002,-119.585831,0
			34.4158330000001,-119.586113,0
			34.4158330000001,-119.586388,0
			34.4160770000001,-119.58667,0
			34.4160770000001,-119.586945,0
			34.4160770000001,-119.587219,0
			34.4163890000002,-119.587502,0
			34.4164430000002,-119.587738,0
			34.4163890000002,-119.588058,0
			34.4163890000002,-119.588333,0
			34.4166680000001,-119.588608,0
			34.4166680000001,-119.58889,0
			34.4166680000001,-119.589165,0
			34.4168700000001,-119.589371,0
			34.4169430000002,-119.589447,0
			34.4169430000002,-119.589722,0
			34.4169430000002,-119.590042,0
			34.4169430000002,-119.590279,0
			34.417221,-119.590553,0
			34.417221,-119.590836,0
			34.4174730000001,-119.591118,0
			34.4175000000001,-119.591187,0
			34.4174960000001,-119.591393,0
			34.417519,-119.591667,0
			34.4175260000001,-119.591789,0
			34.4175530000002,-119.591904,0
			34.4177780000002,-119.592224,0
			34.4177780000002,-119.592499,0
			34.4177780000002,-119.592781,0
			34.4177780000002,-119.593056,0
			34.418056,-119.59333,0
			34.4183040000001,-119.593628,0
			34.4183350000001,-119.593887,0
			34.4183350000001,-119.59417,0
			34.4182740000002,-119.594421,0
			34.4183350000001,-119.594521,0
			34.4183350000001,-119.594719,0
			34.4186330000002,-119.594986,0
			34.4186100000001,-119.595276,0
			34.4186100000001,-119.595558,0
			34.4186100000001,-119.595833,0
			34.4186100000001,-119.596107,0
			34.4188880000002,-119.59639,0
			34.4188880000002,-119.596664,0
			34.4188880000002,-119.596809,0
			34.4188880000002,-119.596947,0
			34.4192160000001,-119.597176,0
			34.4191670000001,-119.597504,0
			34.4191670000001,-119.597778,0
			34.4191670000001,-119.598053,0
			34.4191670000001,-119.598335,0
			34.4191670000001,-119.59861,0
			34.4191670000001,-119.598892,0
			34.4194950000001,-119.599121,0
			34.4194950000001,-119.599442,0
			34.4194950000001,-119.599792,0
			34.4194450000001,-119.599998,0
			34.4196130000001,-119.600166,0
			34.419724,-119.600281,0
			34.419724,-119.600525,0
			34.419724,-119.60083,0
			34.4200360000001,-119.601089,0
			34.4199980000001,-119.601387,0
			34.4199980000001,-119.601669,0
			34.4199980000001,-119.601944,0
			34.420261,-119.602226,0
			34.420288,-119.602295,0
			34.420288,-119.602501,0
			34.420288,-119.602776,0
			34.4199980000001,-119.603058,0
			34.4200210000001,-119.603355,0
			34.419743,-119.603638,0
			34.4196740000002,-119.603699,0
			34.4194450000001,-119.603889,0
			34.419724,-119.604164,0
			34.4197310000001,-119.604309,0
			34.419739,-119.604439,0
			34.419724,-119.604721,0
			34.4200020000001,-119.605003,0
			34.4201050000001,-119.605225,0
			34.4200520000002,-119.605309,0
			34.4199980000001,-119.605392,0
			34.4199980000001,-119.605553,0
			34.41972,-119.605896,0
			34.41972,-119.60611,0
			34.419724,-119.606392,0
			34.419724,-119.606667,0
			34.4196930000002,-119.606941,0
			34.4197080000001,-119.607224,0
			34.4197120000001,-119.607307,0
			34.4196890000002,-119.607498,0
			34.4197080000001,-119.60778,0
			34.419724,-119.608055,0
			34.419724,-119.60833,0
			34.419724,-119.608612,0
			34.4196780000001,-119.608887,0
			34.4199980000001,-119.609207,0
			34.4199980000001,-119.609444,0
			34.420261,-119.609734,0
			34.420288,-119.609802,0
			34.4203410000001,-119.609978,0
			34.4202770000002,-119.610275,0
			34.4204710000002,-119.610413,0
			34.420555,-119.610558,0
			34.4203340000001,-119.610771,0
			34.4202770000002,-119.610832,0
			34.42028,-119.611115,0
			34.420284,-119.611389,0
			34.420288,-119.611694,0
			34.4203340000001,-119.611938,0
			34.4202770000002,-119.612221,0
			34.4202770000002,-119.612503,0
			34.4204710000002,-119.612694,0
			34.420555,-119.612778,0
			34.420555,-119.613052,0
			34.420555,-119.613335,0
			34.420555,-119.613495,0
			34.420555,-119.613609,0
			34.420879,-119.613853,0
			34.4208340000001,-119.614166,0
			34.42107,-119.614441,0
			34.4210590000002,-119.614723,0
			34.4208340000001,-119.614998,0
			34.4208340000001,-119.61528,0
			34.4211120000001,-119.615555,0
			34.4210620000001,-119.615829,0
			34.4211120000001,-119.616112,0
			34.420986,-119.616234,0
			34.4208340000001,-119.616386,0
			34.4208980000002,-119.616699,0
			34.4207990000002,-119.616928,0
			34.4208340000001,-119.617226,0
			34.4205470000001,-119.6175,0
			34.420555,-119.617775,0
			34.4204100000001,-119.61792,0
			34.4202770000002,-119.618057,0
			34.4203070000002,-119.61834,0
			34.4200170000001,-119.618637,0
			34.419724,-119.618889,0
			34.419514,-119.619095,0
			34.419449,-119.619171,0
			34.4191890000002,-119.619469,0
			34.41893,-119.619759,0
			34.4188880000002,-119.620003,0
			34.4186100000001,-119.620277,0
			34.4184910000002,-119.620392,0
			34.4183350000001,-119.620552,0
			34.4183540000002,-119.620842,0
			34.4182740000002,-119.621094,0
			34.4186020000001,-119.621399,0
			34.4188880000002,-119.621666,0
			34.4188880000002,-119.621948,0
			34.418777,-119.622055,0
			34.4186100000001,-119.622223,0
			34.4186100000001,-119.622498,0
			34.4186100000001,-119.62278,0
			34.4186100000001,-119.623055,0
			34.4186100000001,-119.623337,0
			34.4188880000002,-119.623611,0
			34.4188880000002,-119.623886,0
			34.4188880000002,-119.624031,0
			34.4188880000002,-119.624168,0
			34.4191670000001,-119.624466,0
			34.4191670000001,-119.624725,0
			34.4191670000001,-119.625,0
			34.4191670000001,-119.625275,0
			34.4191670000001,-119.625557,0
			34.4191670000001,-119.625832,0
			34.4191670000001,-119.626114,0
			34.4191670000001,-119.626389,0
			34.4191670000001,-119.626663,0
			34.4191670000001,-119.626945,0
			34.4194950000001,-119.62722,0
			34.4194950000001,-119.627502,0
			34.4194950000001,-119.627808,0
			34.4194950000001,-119.628052,0
			34.4194950000001,-119.628334,0
			34.4194950000001,-119.628601,0
			34.4194950000001,-119.628891,0
			34.4194950000001,-119.629211,0
			34.4194450000001,-119.629448,0
			34.4191670000001,-119.629723,0
			34.4191670000001,-119.629997,0
			34.4188840000002,-119.63031,0
			34.4188880000002,-119.630554,0
			34.418736,-119.630707,0
			34.418674,-119.630768,0
			34.4186130000001,-119.630836,0
			34.4183580000002,-119.631134,0
			34.418262,-119.63121,0
			34.418056,-119.631386,0
			34.4177780000002,-119.631668,0
			34.4177780000002,-119.631943,0
			34.4177780000002,-119.632225,0
			34.417549,-119.632538,0
			34.417461,-119.632599,0
			34.4172740000002,-119.63282,0
			34.4169430000002,-119.633057,0
			34.4169430000002,-119.633217,0
			34.4169430000002,-119.633331,0
			34.4169430000002,-119.633614,0
			34.4168700000001,-119.633682,0
			34.4166680000001,-119.633888,0
			34.4168700000001,-119.634094,0
			34.4169430000002,-119.634163,0
			34.4169430000002,-119.634445,0
			34.4167790000001,-119.634605,0
			34.4166680000001,-119.63472,0
			34.4166870000001,-119.63501,0
			34.4163890000002,-119.635277,0
			34.4163890000002,-119.635559,0
			34.4163890000002,-119.635834,0
			34.4163670000001,-119.636101,0
			34.4163890000002,-119.636391,0
			34.4160770000001,-119.636719,0
			34.4161110000001,-119.636948,0
			34.4159660000001,-119.637093,0
			34.4158710000001,-119.637245,0
			34.415825,-119.637321,0
			34.4158100000002,-119.637482,0
			34.4157640000001,-119.637566,0
			34.4155540000002,-119.637779,0
			34.4155270000001,-119.638,0
			34.4155430000001,-119.638336,0
			34.4155540000002,-119.638611,0
			34.4155650000002,-119.638794,0
			34.4155690000002,-119.638878,0
			34.4155540000002,-119.639168,0
			34.4158480000002,-119.639435,0
			34.415894,-119.639526,0
			34.4158330000001,-119.639725,0
			34.4159700000001,-119.639862,0
			34.4161110000001,-119.639999,0
			34.4160770000001,-119.64032,0
			34.4161680000001,-119.640533,0
			34.4161110000001,-119.640831,0
			34.4164200000001,-119.641098,0
			34.4163890000002,-119.641388,0
			34.4163890000002,-119.64167,0
			34.4166680000001,-119.641953,0
			34.4166720000001,-119.642029,0
			34.4166870000001,-119.64222,0
			34.4166870000001,-119.642502,0
			34.4166870000001,-119.642822,0
			34.416725,-119.643051,0
			34.4166680000001,-119.643333,0
			34.4167940000001,-119.643456,0
			34.4169430000002,-119.643608,0
			34.4169430000002,-119.64389,0
			34.4169960000001,-119.644135,0
			34.4169430000002,-119.644447,0
			34.417221,-119.644722,0
			34.4174650000002,-119.64492,0
			34.417534,-119.644974,0
			34.4175000000001,-119.645279,0
			34.4177780000002,-119.645554,0
			34.418056,-119.645836,0
			34.4183350000001,-119.645836,0
			34.4186100000001,-119.645836,0
			34.4188880000002,-119.646111,0
			34.4188880000002,-119.646385,0
			34.4185870000001,-119.646645,0
			34.4182740000002,-119.646912,0
			34.418056,-119.646912,0
			34.4177250000002,-119.646912,0
			34.4175000000001,-119.647224,0
			34.4175000000001,-119.647499,0
			34.4175000000001,-119.647781,0
			34.4177860000001,-119.648056,0
			34.4177780000002,-119.648331,0
			34.4177860000001,-119.648621,0
			34.4174800000002,-119.648926,0
			34.4174800000002,-119.64917,0
			34.4175000000001,-119.649445,0
			34.417221,-119.649719,0
			34.417221,-119.650002,0
			34.417221,-119.650314,0
			34.417221,-119.650558,0
			34.4168700000001,-119.650818,0
			34.4169430000002,-119.651108,0
			34.4169430000002,-119.65139,0
			34.4169430000002,-119.651665,0
			34.4169430000002,-119.651947,0
			34.4169430000002,-119.652222,0
			34.4168700000001,-119.652298,0
			34.4166680000001,-119.652496,0
			34.4166680000001,-119.652779,0
			34.4166680000001,-119.653053,0
			34.4166870000001,-119.653381,0
			34.4166680000001,-119.653473,0
			34.416641,-119.653603,0
			34.4163890000002,-119.653893,0
			34.4163890000002,-119.654167,0
			34.4163890000002,-119.654442,0
			34.416615,-119.654739,0
			34.4166870000001,-119.655029,0
			34.4167370000002,-119.655266,0
			34.416759,-119.655373,0
			34.4169430000002,-119.655556,0
			34.4169430000002,-119.65583,0
			34.4169920000001,-119.656082,0
			34.4171910000001,-119.65641,0
			34.4172520000001,-119.656509,0
			34.4172900000001,-119.65667,0
			34.4172740000002,-119.656944,0
			34.4172590000002,-119.657219,0
			34.417248,-119.657417,0
			34.4172590000002,-119.657516,0
			34.4169430000002,-119.657776,0
			34.4169430000002,-119.658058,0
			34.4169430000002,-119.658333,0
			34.4169430000002,-119.658607,0
			34.4169430000002,-119.65889,0
			34.4169430000002,-119.659164,0
			34.4169430000002,-119.659447,0
			34.4169430000002,-119.659721,0
			34.4169430000002,-119.660004,0
			34.4169430000002,-119.660278,0
			34.4169430000002,-119.660553,0
			34.417221,-119.660835,0
			34.417221,-119.66111,0
			34.417221,-119.661392,0
			34.417221,-119.661667,0
			34.417221,-119.661942,0
			34.4173850000001,-119.662109,0
			34.4175000000001,-119.662224,0
			34.4175000000001,-119.662506,0
			34.4175000000001,-119.662781,0
			34.4177780000002,-119.663055,0
			34.4180910000001,-119.663391,0
			34.418056,-119.663612,0
			34.4177780000002,-119.663887,0
			34.4177780000002,-119.664169,0
			34.4177820000001,-119.664452,0
			34.4175260000001,-119.664742,0
			34.417515,-119.665001,0
			34.4175030000001,-119.665276,0
			34.4175000000001,-119.665405,0
			34.4175000000001,-119.665558,0
			34.417221,-119.665833,0
			34.417221,-119.666115,0
			34.417221,-119.666389,0
			34.4172020000001,-119.666656,0
			34.4171490000002,-119.66674,0
			34.4169960000001,-119.666977,0
			34.4169430000002,-119.667221,0
			34.4168970000001,-119.667503,0
			34.41692,-119.667778,0
			34.4169430000002,-119.668053,0
			34.4168930000001,-119.668343,0
			34.4169160000001,-119.66861,0
			34.4169430000002,-119.668892,0
			34.4166680000001,-119.669167,0
			34.4166870000001,-119.669495,0
			34.4166870000001,-119.669724,0
			34.4166870000001,-119.669998,0
			34.4166870000001,-119.67028,0
			34.4166870000001,-119.670593,0
			34.4166870000001,-119.67083,0
			34.4166870000001,-119.671112,0
			34.4166870000001,-119.671204,0
			34.4167330000002,-119.671371,0
			34.4167630000002,-119.671486,0
			34.4169430000002,-119.671669,0
			34.4169430000002,-119.671974,0
			34.4169430000002,-119.672226,0
			34.417221,-119.672501,0
			34.417221,-119.672775,0
			34.4175000000001,-119.673058,0
			34.4175000000001,-119.673332,0
			34.4177780000002,-119.673615,0
			34.4177630000001,-119.673874,0
			34.4175570000002,-119.67411,0
			34.4174800000002,-119.674194,0
			34.4171980000001,-119.674416,0
			34.4169430000002,-119.674721,0
			34.4166950000001,-119.67498,0
			34.4163930000001,-119.675278,0
			34.4160770000001,-119.675598,0
			34.4160920000001,-119.675835,0
			34.4161110000001,-119.676109,0
			34.4161110000001,-119.67627,0
			34.4160770000001,-119.676384,0
			34.4161110000001,-119.676666,0
			34.415943,-119.676834,0
			34.4158330000001,-119.676941,0
			34.415894,-119.677223,0
			34.415894,-119.677498,0
			34.4158590000002,-119.677605,0
			34.415806,-119.677765,0
			34.415737,-119.677879,0
			34.4156070000001,-119.678085,0
			34.4154890000001,-119.678177,0
			34.4152790000002,-119.678337,0
			34.4152790000002,-119.678612,0
			34.4152830000001,-119.678894,0
			34.4150010000001,-119.679169,0
			34.4150010000001,-119.679443,0
			34.4150010000001,-119.679726,0
			34.4150010000001,-119.68,0
			34.4150010000001,-119.680275,0
			34.4150010000001,-119.680557,0
			34.4150010000001,-119.680832,0
			34.4150010000001,-119.681114,0
			34.4150010000001,-119.681389,0
			34.4150010000001,-119.681664,0
			34.4150010000001,-119.681946,0
			34.4150010000001,-119.68222,0
			34.4150010000001,-119.682503,0
			34.4150010000001,-119.682777,0
			34.414726,-119.683105,0
			34.414722,-119.683334,0
			34.414516,-119.683533,0
			34.4144820000001,-119.683624,0
			34.414165,-119.683891,0
			34.414165,-119.684166,0
			34.414112,-119.684418,0
			34.4139940000001,-119.684616,0
			34.4139210000001,-119.684746,0
			34.4138640000001,-119.684792,0
			34.4136120000001,-119.684998,0
			34.4136120000001,-119.68528,0
			34.4136120000001,-119.685555,0
			34.4136120000001,-119.68586,0
			34.4136120000001,-119.686111,0
			34.4134860000001,-119.686234,0
			34.4133340000001,-119.686386,0
			34.4133340000001,-119.686691,0
			34.4132730000001,-119.686928,0
			34.413242,-119.687035,0
			34.4130550000002,-119.687225,0
			34.4131130000002,-119.687515,0
			34.4130440000001,-119.687569,0
			34.4128,-119.687798,0
			34.412476,-119.68811,0
			34.4124980000001,-119.688332,0
			34.4123690000001,-119.688461,0
			34.41227,-119.688637,0
			34.4122240000002,-119.688721,0
			34.4122240000002,-119.688889,0
			34.4119680000001,-119.68914,0
			34.4119150000001,-119.689194,0
			34.4116710000001,-119.689445,0
			34.4114000000002,-119.689728,0
			34.4113080000002,-119.689812,0
			34.4111670000001,-119.690041,0
			34.410831,-119.690277,0
			34.4108890000002,-119.690491,0
			34.4108350000001,-119.690552,0
			34.4105830000001,-119.690857,0
			34.4102780000001,-119.691109,0
			34.41,-119.691391,0
			34.4097210000002,-119.691666,0
			34.4094430000001,-119.691948,0
			34.4091680000001,-119.691666,0
			34.408936,-119.691437,0
			34.4086110000002,-119.691391,0
			34.4083250000001,-119.691101,0
			34.4080540000001,-119.691109,0
			34.4077760000002,-119.690834,0
			34.407501,-119.690834,0
			34.4072230000001,-119.690552,0
			34.4069440000001,-119.690277,0
			34.4069940000001,-119.689957,0
			34.4069210000001,-119.68988,0
			34.4069440000001,-119.68972,0
			34.407261,-119.689476,0
			34.4075160000002,-119.689178,0
			34.4076770000001,-119.688988,0
			34.4077760000002,-119.688889,0
			34.4080540000001,-119.688614,0
			34.4080200000001,-119.688316,0
			34.4078060000002,-119.688004,0
			34.4074710000002,-119.687805,0
			34.4072230000001,-119.688057,0
			34.4069440000001,-119.688057,0
			34.406677,-119.687988,0
			34.4064030000001,-119.688095,0
			34.4061130000001,-119.688332,0
			34.4058840000001,-119.688293,0
			34.4055560000002,-119.688332,0
			34.4052890000001,-119.688637,0
			34.405224,-119.688675,0
			34.4050060000001,-119.688896,0
			34.404762,-119.689125,0
			34.4044460000002,-119.689163,0
			34.4041820000002,-119.689476,0
			34.4041210000001,-119.689522,0
			34.4038890000001,-119.68972,0
			34.4038890000001,-119.690002,0
			34.4036100000001,-119.690277,0
			34.403648,-119.69059,0
			34.4033660000002,-119.690872,0
			34.4032710000001,-119.691078,0
			34.4032020000001,-119.691238,0
			34.4030570000002,-119.691391,0
			34.4027790000001,-119.691666,0
			34.4027790000001,-119.691948,0
			34.4027790000001,-119.692223,0
			34.4027790000001,-119.692497,0
			34.4030760000002,-119.69281,0
			34.4030760000002,-119.693054,0
			34.4030760000002,-119.693336,0
			34.4030760000002,-119.693611,0
			34.4030760000002,-119.693726,0
			34.403042,-119.693878,0
			34.4030570000002,-119.694168,0
			34.40295,-119.694275,0
			34.4027790000001,-119.694443,0
			34.4027790000001,-119.694725,0
			34.4027790000001,-119.695,0
			34.4027790000001,-119.695274,0
			34.4030760000002,-119.695618,0
			34.4030570000002,-119.695831,0
			34.4030570000002,-119.696114,0
			34.4032780000002,-119.696373,0
			34.403332,-119.696663,0
			34.4031410000002,-119.696861,0
			34.403111,-119.69696,0
			34.4027790000001,-119.696945,0
			34.4027790000001,-119.69722,0
			34.4027790000001,-119.697502,0
			34.4030570000002,-119.697777,0
			34.4033010000001,-119.697784,0
			34.403328,-119.697876,0
			34.4033240000001,-119.698059,0
			34.403332,-119.698334,0
			34.403332,-119.698608,0
			34.4030570000002,-119.698891,0
			34.4027790000001,-119.699165,0
			34.4025270000002,-119.699524,0
			34.4022450000001,-119.699753,0
			34.401917,-119.700012,0
			34.4016690000001,-119.700279,0
			34.4016720000001,-119.700623,0
			34.4014090000001,-119.700859,0
			34.401123,-119.701111,0
			34.400814,-119.701363,0
			34.4005130000002,-119.701599,0
			34.4002760000001,-119.701668,0
			34.400047,-119.701996,0
			34.399719,-119.702271,0
			34.39941,-119.702438,0
			34.3991970000002,-119.702553,0
			34.398895,-119.702721,0
			34.3986130000002,-119.702774,0
			34.398487,-119.702652,0
			34.3983350000001,-119.702499,0
			34.3980710000001,-119.702576,0
			34.3978270000002,-119.70282,0
			34.3975450000001,-119.703102,0
			34.3972210000001,-119.703331,0
			34.3972210000001,-119.703613,0
			34.3969460000001,-119.703888,0
			34.3969460000001,-119.70417,0
			34.3966670000001,-119.704445,0
			34.3966670000001,-119.70472,0
			34.396389,-119.705002,0
			34.3964,-119.705284,0
			34.3961180000002,-119.705627,0
			34.3961180000002,-119.705833,0
			34.3961180000002,-119.706108,0
			34.3961180000002,-119.706421,0
			34.3960490000001,-119.70665,0
			34.3961110000001,-119.706947,0
			34.395889,-119.707222,0
			34.395882,-119.707497,0
			34.3955570000001,-119.707779,0
			34.3955570000001,-119.708054,0
			34.3952790000002,-119.708336,0
			34.3952790000002,-119.708496,0
			34.3952790000002,-119.708633,0
			34.3952790000002,-119.708885,0
			34.3951530000001,-119.709015,0
			34.395,-119.709167,0
			34.395,-119.709442,0
			34.395,-119.709724,0
			34.3952520000001,-119.710007,0
			34.3953250000001,-119.710327,0
			34.3953250000001,-119.710556,0
			34.3953250000001,-119.710831,0
			34.3953250000001,-119.711113,0
			34.3953250000001,-119.711426,0
			34.3953250000001,-119.71167,0
			34.3953250000001,-119.711945,0
			34.3953250000001,-119.712219,0
			34.3953250000001,-119.712402,0
			34.3952790000002,-119.712502,0
			34.3952790000002,-119.712776,0
			34.3952790000002,-119.713058,0
			34.3955570000001,-119.713333,0
			34.3955570000001,-119.713608,0
			34.3955570000001,-119.71389,0
			34.3955570000001,-119.714165,0
			34.3955570000001,-119.714447,0
			34.3955570000001,-119.714722,0
			34.395874,-119.715027,0
			34.395874,-119.715279,0
			34.395874,-119.715553,0
			34.3955570000001,-119.715836,0
			34.3958700000001,-119.71611,0
			34.3958630000002,-119.716393,0
			34.395855,-119.716667,0
			34.3958510000001,-119.716797,0
			34.3958700000001,-119.716942,0
			34.3958630000002,-119.717224,0
			34.395859,-119.717407,0
			34.3958700000001,-119.717499,0
			34.395855,-119.717781,0
			34.3958400000001,-119.718056,0
			34.3958320000001,-119.718201,0
			34.395889,-119.7183,0
			34.3958320000001,-119.718613,0
			34.3961180000002,-119.718887,0
			34.3961180000002,-119.71917,0
			34.3961180000002,-119.719482,0
			34.3960490000001,-119.719704,0
			34.3960150000001,-119.719818,0
			34.3958320000001,-119.720001,0
			34.395874,-119.720276,0
			34.395874,-119.720558,0
			34.395874,-119.720886,0
			34.3958360000001,-119.721107,0
			34.395786,-119.721382,0
			34.3955570000001,-119.721664,0
			34.3955570000001,-119.721947,0
			34.3955,-119.722176,0
			34.3953250000001,-119.722412,0
			34.3952790000002,-119.722504,0
			34.3955570000001,-119.722839,0
			34.3955570000001,-119.723053,0
			34.395599,-119.723351,0
			34.3955120000001,-119.723595,0
			34.395477,-119.723694,0
			34.3952790000002,-119.723892,0
			34.3953250000001,-119.724121,0
			34.3952790000002,-119.724442,0
			34.3952790000002,-119.724724,0
			34.3956110000001,-119.724983,0
			34.3955570000001,-119.725281,0
			34.3955570000001,-119.725555,0
			34.3958210000001,-119.72583,0
			34.395874,-119.726074,0
			34.3958130000001,-119.726379,0
			34.3955570000001,-119.726669,0
			34.3955570000001,-119.726944,0
			34.3955570000001,-119.727219,0
			34.3955570000001,-119.727501,0
			34.3955570000001,-119.727776,0
			34.3955570000001,-119.728058,0
			34.395874,-119.728394,0
			34.3958320000001,-119.728615,0
			34.3960460000001,-119.728912,0
			34.3961180000002,-119.729126,0
			34.3961110000001,-119.729446,0
			34.396389,-119.729721,0
			34.3966670000001,-119.730003,0
			34.3966670000001,-119.730278,0
			34.3969460000001,-119.730553,0
			34.3969460000001,-119.730835,0
			34.3969460000001,-119.73111,0
			34.3969460000001,-119.731392,0
			34.397278,-119.731628,0
			34.3972210000001,-119.731941,0
			34.39748,-119.732231,0
			34.397503,-119.7323,0
			34.397514,-119.732498,0
			34.397503,-119.73278,0
			34.397499,-119.73291,0
			34.397499,-119.733055,0
			34.3978160000001,-119.733299,0
			34.3977780000002,-119.733612,0
			34.3980030000001,-119.733902,0
			34.3980710000001,-119.734192,0
			34.3980560000001,-119.734444,0
			34.3980560000001,-119.734726,0
			34.3983960000002,-119.734978,0
			34.3983350000001,-119.735275,0
			34.3983350000001,-119.735558,0
			34.3983350000001,-119.735832,0
			34.3986430000002,-119.736107,0
			34.398682,-119.736328,0
			34.3986130000002,-119.736389,0
			34.3986130000002,-119.736664,0
			34.3988610000001,-119.736954,0
			34.3989260000001,-119.737183,0
			34.398888,-119.737503,0
			34.3991660000001,-119.737778,0
			34.3994450000001,-119.738052,0
			34.3997230000002,-119.738335,0
			34.400002,-119.738335,0
			34.4002760000001,-119.738609,0
			34.4005550000001,-119.738892,0
			34.4005550000001,-119.739166,0
			34.400833,-119.739441,0
			34.400833,-119.739723,0
			34.401123,-119.73999,0
			34.4011120000002,-119.74028,0
			34.4013900000001,-119.74057,0
			34.4013900000001,-119.740837,0
			34.4013900000001,-119.741112,0
			34.4016690000001,-119.741386,0
			34.4016690000001,-119.741669,0
			34.4019430000002,-119.741943,0
			34.402229,-119.742218,0
			34.4022830000001,-119.74231,0
			34.4022220000002,-119.7425,0
			34.4022220000002,-119.742775,0
			34.4025270000002,-119.743103,0
			34.4025270000002,-119.743332,0
			34.4025270000002,-119.743614,0
			34.4025270000002,-119.743889,0
			34.4025270000002,-119.74408,0
			34.4025000000001,-119.744446,0
			34.402832,-119.74469,0
			34.4027790000001,-119.745003,0
			34.4027790000001,-119.745277,0
			34.4027790000001,-119.745552,0
			34.4030490000001,-119.745834,0
			34.4030760000002,-119.745911,0
			34.4030570000002,-119.746109,0
			34.4030570000002,-119.746391,0
			34.403332,-119.746735,0
			34.403332,-119.746948,0
			34.403332,-119.747223,0
			34.4036180000001,-119.747498,0
			34.4036100000001,-119.74778,0
			34.4036100000001,-119.748055,0
			34.4036100000001,-119.748337,0
			34.4036100000001,-119.748611,0
			34.4036100000001,-119.748886,0
			34.4036100000001,-119.749168,0
			34.4036100000001,-119.749443,0
			34.4036100000001,-119.749725,0
			34.4038890000001,-119.750015,0
			34.4038890000001,-119.750183,0
			34.403927,-119.750252,0
			34.4038890000001,-119.750557,0
			34.4038890000001,-119.750832,0
			34.404167,-119.751114,0
			34.404167,-119.751389,0
			34.404167,-119.751663,0
			34.404453,-119.751945,0
			34.4044800000001,-119.752014,0
			34.4044460000002,-119.75222,0
			34.4045870000001,-119.752365,0
			34.4047240000001,-119.752502,0
			34.4047240000001,-119.752808,0
			34.4047240000001,-119.753052,0
			34.4047240000001,-119.753334,0
			34.4047240000001,-119.753601,0
			34.4049610000001,-119.753922,0
			34.4049990000001,-119.754166,0
			34.4049990000001,-119.754448,0
			34.4052770000002,-119.754723,0
			34.4052770000002,-119.754822,0
			34.4052770000002,-119.754997,0
			34.4055560000002,-119.75528,0
			34.4058340000001,-119.755554,0
			34.4058340000001,-119.755836,0
			34.4061280000001,-119.756104,0
			34.4061130000001,-119.756386,0
			34.4061130000001,-119.756668,0
			34.4064520000001,-119.75692,0
			34.4064330000001,-119.757004,0
			34.4063870000002,-119.757225,0
			34.4066280000001,-119.757507,0
			34.406677,-119.75769,0
			34.4066960000002,-119.757767,0
			34.406666,-119.758057,0
			34.4068150000001,-119.758202,0
			34.4069440000001,-119.758331,0
			34.4069210000001,-119.758606,0
			34.40696,-119.758888,0
			34.4069940000001,-119.759155,0
			34.4069440000001,-119.759445,0
			34.4070510000001,-119.759567,0
			34.4072230000001,-119.759766,0
			34.4072230000001,-119.760002,0
			34.4074290000001,-119.7602,0
			34.4074710000002,-119.760292,0
			34.407501,-119.760361,0
			34.407501,-119.760559,0
			34.4078140000001,-119.760803,0
			34.4077760000002,-119.761108,0
			34.4080090000001,-119.761398,0
			34.408081,-119.761719,0
			34.4080540000001,-119.761948,0
			34.4080540000001,-119.762222,0
			34.4080540000001,-119.762497,0
			34.4083250000001,-119.762695,0
			34.4083330000001,-119.763054,0
			34.4086110000002,-119.763336,0
			34.4086110000002,-119.763611,0
			34.4088750000001,-119.763885,0
			34.4088750000001,-119.764168,0
			34.4088750000001,-119.764404,0
			34.4088900000002,-119.764725,0
			34.4092290000002,-119.764961,0
			34.4091680000001,-119.765274,0
			34.4091680000001,-119.765556,0
			34.4094850000002,-119.765808,0
			34.4094430000001,-119.766113,0
			34.4094430000001,-119.766388,0
			34.4094430000001,-119.76667,0
			34.4097290000001,-119.766907,0
			34.4097210000002,-119.76722,0
			34.4097210000002,-119.767502,0
			34.410095,-119.767822,0
			34.41,-119.768059,0
			34.41,-119.768333,0
			34.41,-119.768608,0
			34.4102780000001,-119.76889,0
			34.4102780000001,-119.769165,0
			34.4102780000001,-119.769409,0
			34.4102780000001,-119.769722,0
			34.4102780000001,-119.769997,0
			34.4102780000001,-119.770325,0
			34.4102780000001,-119.770554,0
			34.4102780000001,-119.770836,0
			34.41058,-119.771103,0
			34.410557,-119.771385,0
			34.410557,-119.771667,0
			34.4108890000002,-119.771912,0
			34.410831,-119.772224,0
			34.4111100000002,-119.772499,0
			34.411411,-119.772774,0
			34.4113880000001,-119.773056,0
			34.411682,-119.773315,0
			34.4116670000001,-119.773613,0
			34.411907,-119.773827,0
			34.4119640000001,-119.77388,0
			34.4119450000002,-119.77417,0
			34.4122920000001,-119.774475,0
			34.4122240000002,-119.774719,0
			34.412476,-119.775024,0
			34.4127310000002,-119.775314,0
			34.4127770000001,-119.775558,0
			34.4127770000001,-119.775833,0
			34.4130550000002,-119.776108,0
			34.4130550000002,-119.77639,0
			34.4133340000001,-119.776665,0
			34.4133340000001,-119.776947,0
			34.4136120000001,-119.777222,0
			34.4136120000001,-119.777496,0
			34.4138870000001,-119.777779,0
			34.4138870000001,-119.778053,0
			34.4138870000001,-119.778206,0
			34.4138870000001,-119.778336,0
			34.4142070000001,-119.778572,0
			34.414165,-119.778893,0
			34.4144520000001,-119.779167,0
			34.4144900000001,-119.779297,0
			34.4144440000002,-119.779442,0
			34.414608,-119.77961,0
			34.414661,-119.779747,0
			34.414722,-119.779907,0
			34.414722,-119.779999,0
			34.414722,-119.780281,0
			34.415016,-119.780548,0
			34.4150010000001,-119.78083,0
			34.4150010000001,-119.781113,0
			34.4152790000002,-119.781387,0
			34.4155540000002,-119.78167,0
			34.4155540000002,-119.781944,0
			34.4155500000002,-119.782288,0
			34.4155540000002,-119.782501,0
			34.4155540000002,-119.782776,0
			34.4155540000002,-119.783066,0
			34.4155540000002,-119.783333,0
			34.4158440000002,-119.7836,0
			34.415894,-119.783691,0
			34.4158330000001,-119.78389,0
			34.4158330000001,-119.784164,0
			34.4161110000001,-119.784462,0
			34.4161110000001,-119.784721,0
			34.4163890000002,-119.785004,0
			34.4163890000002,-119.785278,0
			34.4163890000002,-119.785553,0
			34.4163890000002,-119.785835,0
			34.416664,-119.78611,0
			34.4166870000001,-119.786194,0
			34.416729,-119.786377,0
			34.4166680000001,-119.786667,0
			34.416836,-119.786835,0
			34.4169430000002,-119.786942,0
			34.4169430000002,-119.787224,0
			34.4169430000002,-119.787498,0
			34.4169430000002,-119.787781,0
			34.4169770000001,-119.788025,0
			34.4172970000001,-119.788391,0
			34.417221,-119.788612,0
			34.417221,-119.788887,0
			34.417221,-119.789169,0
			34.417221,-119.789444,0
			34.417221,-119.789719,0
			34.4174840000002,-119.790001,0
			34.4174920000001,-119.790276,0
			34.4175000000001,-119.790558,0
			34.4175000000001,-119.790833,0
			34.4173660000002,-119.79097,0
			34.417221,-119.791115,0
			34.417221,-119.791389,0
			34.417221,-119.791664,0
			34.4174800000002,-119.791992,0
			34.4175610000001,-119.792198,0
			34.4175000000001,-119.792503,0
			34.4177860000001,-119.792778,0
			34.4177780000002,-119.793053,0
			34.4177780000002,-119.793335,0
			34.4177780000002,-119.79361,0
			34.4177780000002,-119.793892,0
			34.4177780000002,-119.794167,0
			34.4180760000001,-119.794441,0
			34.41806,-119.794724,0
			34.418056,-119.7948,0
			34.418056,-119.794998,0
			34.418346,-119.795273,0
			34.4183350000001,-119.795555,0
			34.418346,-119.795837,0
			34.4181020000001,-119.79615,0
			34.418056,-119.796387,0
			34.4177780000002,-119.796669,0
			34.4177780000002,-119.796944,0
			34.4177780000002,-119.797134,0
			34.41774,-119.797211,0
			34.4175000000001,-119.797501,0
			34.4175000000001,-119.797775,0
			34.4175000000001,-119.798058,0
			34.4175000000001,-119.798332,0
			34.4177740000002,-119.798615,0
			34.4178350000001,-119.798874,0
			34.4177780000002,-119.799164,0
			34.4177780000002,-119.799446,0
			34.4177780000002,-119.799721,0
			34.418056,-119.800003,0
			34.418251,-119.800194,0
			34.4183350000001,-119.800278,0
			34.4183350000001,-119.800552,0
			34.4186480000002,-119.800812,0
			34.4186360000001,-119.800896,0
			34.4186100000001,-119.801109,0
			34.4183350000001,-119.801392,0
			34.4182740000002,-119.801697,0
			34.4183350000001,-119.801941,0
			34.4186330000002,-119.802208,0
			34.4185830000001,-119.802475,0
			34.4184610000001,-119.80265,0
			34.4183580000002,-119.802795,0
			34.4183350000001,-119.803055,0
			34.4181520000002,-119.803238,0
			34.4181100000001,-119.803352,0
			34.418056,-119.803612,0
			34.4177930000001,-119.803894,0
			34.4176940000001,-119.803986,0
			34.4175000000001,-119.804169,0
			34.4175000000001,-119.804443,0
			34.417221,-119.804726,0
			34.4171830000001,-119.804977,0
			34.417038,-119.805183,0
			34.4169620000001,-119.80529,0
			34.4169430000002,-119.805557,0
			34.4167440000001,-119.805756,0
			34.4167100000001,-119.805847,0
			34.4167020000001,-119.806114,0
			34.4166950000001,-119.806389,0
			34.4166870000001,-119.806702,0
			34.416641,-119.806938,0
			34.4166680000001,-119.80722,0
			34.4165690000001,-119.80732,0
			34.4163890000002,-119.807503,0
			34.416431,-119.8078,0
			34.4163890000002,-119.807877,0
			34.4163890000002,-119.808052,0
			34.4161380000002,-119.808311,0
			34.4161680000001,-119.808578,0
			34.4163480000001,-119.808914,0
			34.4163890000002,-119.80899,0
			34.4163890000002,-119.809166,0
			34.4163890000002,-119.809448,0
			34.4163890000002,-119.809723,0
			34.4163890000002,-119.809998,0
			34.4163890000002,-119.81028,0
			34.4163890000002,-119.810555,0
			34.4163890000002,-119.810837,0
			34.4163890000002,-119.811111,0
			34.4163890000002,-119.811386,0
			34.4163890000002,-119.811668,0
			34.4163890000002,-119.811943,0
			34.4166870000001,-119.812225,0
			34.4166870000001,-119.8125,0
			34.4166870000001,-119.812805,0
			34.416615,-119.813042,0
			34.4163890000002,-119.813332,0
			34.4163890000002,-119.813614,0
			34.416615,-119.813904,0
			34.4166870000001,-119.814209,0
			34.4166870000001,-119.814445,0
			34.4166870000001,-119.81472,0
			34.4166870000001,-119.815002,0
			34.4166870000001,-119.815186,0
			34.4167060000001,-119.815269,0
			34.4166680000001,-119.815552,0
			34.416817,-119.815704,0
			34.4169430000002,-119.815834,0
			34.4169430000002,-119.816109,0
			34.4169430000002,-119.816391,0
			34.4169430000002,-119.816666,0
			34.4169430000002,-119.816948,0
			34.4169430000002,-119.817223,0
			34.4169430000002,-119.817497,0
			34.4169430000002,-119.81778,0
			34.4169430000002,-119.818054,0
			34.4169430000002,-119.818336,0
			34.4169430000002,-119.818611,0
			34.4166680000001,-119.818886,0
			34.4166680000001,-119.819168,0
			34.4168050000001,-119.819305,0
			34.4169430000002,-119.819443,0
			34.4169430000002,-119.819725,0
			34.4169430000002,-119.82,0
			34.4168700000001,-119.820068,0
			34.4166680000001,-119.820274,0
			34.4166680000001,-119.820557,0
			34.4168700000001,-119.820755,0
			34.4169430000002,-119.820831,0
			34.4169430000002,-119.820984,0
			34.4169430000002,-119.821114,0
			34.417221,-119.821388,0
			34.4175000000001,-119.821663,0
			34.417828,-119.821907,0
			34.4177780000002,-119.82222,0
			34.4174800000002,-119.82251,0
			34.417221,-119.822777,0
			34.417221,-119.823059,0
			34.4175000000001,-119.823334,0
			34.4174880000001,-119.823608,0
			34.4174960000001,-119.823891,0
			34.4175000000001,-119.824165,0
			34.4174800000002,-119.824448,0
			34.4174800000002,-119.824722,0
			34.4174800000002,-119.824997,0
			34.4174800000002,-119.825317,0
			34.417564,-119.825531,0
			34.4175000000001,-119.825836,0
			34.417789,-119.826111,0
			34.4177780000002,-119.826385,0
			34.4177780000002,-119.826668,0
			34.4177780000002,-119.826942,0
			34.4177780000002,-119.827225,0
			34.4174800000002,-119.827576,0
			34.417221,-119.827774,0
			34.4169850000001,-119.827774,0
			34.4168970000001,-119.82785,0
			34.4166680000001,-119.828056,0
			34.4163780000001,-119.828316,0
			34.416321,-119.828369,0
			34.4161110000001,-119.828613,0
			34.4161110000001,-119.828888,0
			34.4163890000002,-119.82917,0
			34.4163890000002,-119.829445,0
			34.4163890000002,-119.82972,0
			34.4163890000002,-119.830002,0
			34.4166680000001,-119.830276,0
			34.416821,-119.830429,0
			34.4169430000002,-119.830559,0
			34.4168700000001,-119.830635,0
			34.4166680000001,-119.830833,0
			34.4166680000001,-119.831108,0
			34.4166870000001,-119.831421,0
			34.4166340000002,-119.831657,0
			34.4166680000001,-119.831947,0
			34.4165340000001,-119.832077,0
			34.4163890000002,-119.832222,0
			34.4163890000002,-119.832497,0
			34.4163890000002,-119.832779,0
			34.4163890000002,-119.833054,0
			34.4163890000002,-119.833336,0
			34.4163890000002,-119.833611,0
			34.416424,-119.833908,0
			34.4163890000002,-119.834167,0
			34.4160770000001,-119.834412,0
			34.416096,-119.834724,0
			34.4161110000001,-119.834999,0
			34.4160540000001,-119.83506,0
			34.4158170000001,-119.835266,0
			34.4155270000001,-119.83551,0
			34.4155540000002,-119.835831,0
			34.415398,-119.835991,0
			34.4152790000002,-119.836113,0
			34.4150010000001,-119.836388,0
			34.415005,-119.836678,0
			34.4148860000001,-119.836784,0
			34.4146730000001,-119.836975,0
			34.414722,-119.837219,0
			34.414593,-119.837349,0
			34.4144440000002,-119.837502,0
			34.414165,-119.837776,0
			34.414165,-119.838058,0
			34.4142000000001,-119.838348,0
			34.4138870000001,-119.838608,0
			34.4138870000001,-119.838913,0
			34.4138870000001,-119.839165,0
			34.4137570000001,-119.839302,0
			34.4136120000001,-119.839447,0
			34.4135590000001,-119.839684,0
			34.4133830000001,-119.839951,0
			34.4133190000002,-119.840012,0
			34.4130740000001,-119.840294,0
			34.4128150000002,-119.840591,0
			34.4127040000001,-119.840675,0
			34.412476,-119.84079,0
			34.4122540000001,-119.840897,0
			34.411922,-119.841064,0
			34.411682,-119.841187,0
			34.4115750000001,-119.841202,0
			34.4113880000001,-119.841393,0
			34.4111100000002,-119.841393,0
			34.410831,-119.841393,0
			34.410557,-119.841393,0
			34.4102780000001,-119.841393,0
			34.410095,-119.841393,0
			34.4100150000002,-119.841431,0
			34.4097210000002,-119.841667,0
			34.4095,-119.841667,0
			34.4091680000001,-119.841667,0
			34.4089390000001,-119.841896,0
			34.4086110000002,-119.841942,0
			34.4083250000001,-119.84198,0
			34.4080540000001,-119.842224,0
			34.4077610000002,-119.842178,0
			34.4074710000002,-119.842285,0
			34.4072530000001,-119.842529,0
			34.4069900000002,-119.842819,0
			34.4069100000001,-119.84288,0
			34.406666,-119.843056,0
			34.4063840000001,-119.843048,0
			34.4061320000001,-119.843124,0
			34.4058340000001,-119.84333,0
			34.4056970000001,-119.84333,0
			34.4055560000002,-119.84333,0
			34.4052730000002,-119.843628,0
			34.4050030000001,-119.843658,0
			34.4047240000001,-119.843689,0
			34.4044460000002,-119.843887,0
			34.404167,-119.84417,0
			34.404167,-119.844444,0
			34.4044460000002,-119.844719,0
			34.4047240000001,-119.844971,0
			34.4047240000001,-119.845276,0
			34.4050560000002,-119.845528,0
			34.4052770000002,-119.845894,0
			34.4052770000002,-119.846107,0
			34.4052770000002,-119.84639,0
			34.4055560000002,-119.846664,0
			34.4058340000001,-119.846947,0
			34.4061280000001,-119.84729,0
			34.40617,-119.847488,0
			34.4061130000001,-119.847778,0
			34.4062690000002,-119.847939,0
			34.4063870000002,-119.848068,0
			34.4063870000002,-119.848335,0
			34.4066350000001,-119.848625,0
			34.406666,-119.848694,0
			34.406666,-119.848892,0
			34.4069440000001,-119.849167,0
			34.4069440000001,-119.849442,0
			34.4072570000001,-119.849724,0
			34.4072300000001,-119.849998,0
			34.4072230000001,-119.850098,0
			34.4072230000001,-119.850281,0
			34.4074210000001,-119.850471,0
			34.4074550000001,-119.850571,0
			34.407501,-119.850708,0
			34.407501,-119.85083,0
			34.4074710000002,-119.851112,0
			34.4074710000002,-119.851379,0
			34.4077260000001,-119.851707,0
			34.4077760000002,-119.851768,0
			34.4077760000002,-119.851944,0
			34.4080120000002,-119.852234,0
			34.408081,-119.852417,0
			34.4080540000001,-119.852776,0
			34.4083330000001,-119.853058,0
			34.4083290000001,-119.853333,0
			34.4083330000001,-119.853615,0
			34.4083330000001,-119.853889,0
			34.4083330000001,-119.854012,0
			34.4083330000001,-119.854164,0
			34.408691,-119.854492,0
			34.4086110000002,-119.854721,0
			34.4086110000002,-119.855003,0
			34.4086110000002,-119.855278,0
			34.408882,-119.855553,0
			34.4088900000002,-119.855835,0
			34.4088780000001,-119.85611,0
			34.4088860000002,-119.856392,0
			34.4088900000002,-119.856522,0
			34.4088900000002,-119.856667,0
			34.4092180000001,-119.856895,0
			34.4091680000001,-119.857224,0
			34.4088900000002,-119.857498,0
			34.4088750000001,-119.857727,0
			34.4088900000002,-119.858055,0
			34.4087450000001,-119.8582,0
			34.4086110000002,-119.85833,0
			34.4086110000002,-119.858612,0
			34.4086110000002,-119.858887,0
			34.4088330000001,-119.859108,0
			34.4088900000002,-119.859169,0
			34.4088900000002,-119.859444,0
			34.4088860000002,-119.859726,0
			34.4088860000002,-119.859802,0
			34.4088750000001,-119.860001,0
			34.4088750000001,-119.860275,0
			34.4088750000001,-119.860596,0
			34.408955,-119.860809,0
			34.4088900000002,-119.861115,0
			34.4091800000002,-119.861382,0
			34.4091680000001,-119.861664,0
			34.4091680000001,-119.861946,0
			34.4091680000001,-119.862221,0
			34.4091680000001,-119.862503,0
			34.4088900000002,-119.862778,0
			34.4091680000001,-119.863052,0
			34.4091680000001,-119.863335,0
			34.409187,-119.863617,0
			34.4088900000002,-119.863892,0
			34.4088900000002,-119.864166,0
			34.4088900000002,-119.864441,0
			34.4088900000002,-119.864723,0
			34.4088900000002,-119.864998,0
			34.408882,-119.86528,0
			34.4088900000002,-119.865555,0
			34.4088400000001,-119.865829,0
			34.4088900000002,-119.866112,0
			34.4087720000002,-119.866226,0
			34.4086110000002,-119.866386,0
			34.4086110000002,-119.866669,0
			34.4085960000002,-119.866936,0
			34.4086110000002,-119.867226,0
			34.4083940000002,-119.867439,0
			34.4083630000001,-119.867516,0
			34.4083250000001,-119.867615,0
			34.4083330000001,-119.867775,0
			34.408691,-119.868103,0
			34.4086110000002,-119.868332,0
			34.4088900000002,-119.868614,0
			34.4089090000001,-119.868767,0
			34.4089240000001,-119.868874,0
			34.4088900000002,-119.869164,0
			34.4092030000001,-119.869431,0
			34.4091680000001,-119.86972,0
			34.4091680000001,-119.870003,0
			34.4091680000001,-119.870277,0
			34.4091680000001,-119.870552,0
			34.409206,-119.87085,0
			34.4091150000001,-119.871086,0
			34.4090650000001,-119.871216,0
			34.4088900000002,-119.871391,0
			34.4088900000002,-119.871666,0
			34.4088900000002,-119.871948,0
			34.4088900000002,-119.872223,0
			34.4092290000002,-119.872467,0
			34.4091680000001,-119.87278,0
			34.4088750000001,-119.873108,0
			34.4088900000002,-119.873337,0
			34.4088900000002,-119.873611,0
			34.4088900000002,-119.873779,0
			34.4088630000001,-119.873878,0
			34.4086110000002,-119.874168,0
			34.4086110000002,-119.874443,0
			34.408581,-119.87471,0
			34.4085310000001,-119.874802,0
			34.4083330000001,-119.875,0
			34.4083330000001,-119.875168,0
			34.4083020000002,-119.875267,0
			34.4083330000001,-119.875557,0
			34.4081380000001,-119.875748,0
			34.4081040000002,-119.875847,0
			34.408081,-119.875916,0
			34.4077990000001,-119.876144,0
			34.4074710000002,-119.876404,0
			34.4072230000001,-119.876389,0
			34.40696,-119.876686,0
			34.4068790000001,-119.876732,0
			34.406666,-119.876945,0
			34.4067000000002,-119.877235,0
			34.4063870000002,-119.877502,0
			34.4063870000002,-119.877777,0
			34.4063870000002,-119.878052,0
			34.4063870000002,-119.878334,0
			34.406666,-119.878609,0
			34.4068790000001,-119.878822,0
			34.40696,-119.878845,0
			34.4069440000001,-119.879166,0
			34.407272,-119.878937,0
			34.407501,-119.879166,0
			34.4077760000002,-119.879448,0
			34.408081,-119.879395,0
			34.4083330000001,-119.879723,0
			34.4086230000001,-119.8797,0
			34.4086840000002,-119.879738,0
			34.408867,-119.879776,0
			34.4089930000002,-119.879829,0
			34.4091680000001,-119.879997,0
			34.4094620000001,-119.88002,0
			34.4097210000002,-119.88028,0
			34.41,-119.880554,0
			34.4102780000001,-119.880836,0
			34.4106030000002,-119.881081,0
			34.410557,-119.881386,0
			34.410557,-119.881668,0
			34.410831,-119.881943,0
			34.410831,-119.882225,0
			34.4110950000002,-119.882484,0
			34.4113880000001,-119.882774,0
			34.411686,-119.882729,0
			34.4119450000002,-119.883057,0
			34.4122240000002,-119.883331,0
			34.4124980000001,-119.883614,0
			34.4127770000001,-119.883614,0
			34.4130550000002,-119.883888,0
			34.4133340000001,-119.884163,0
			34.4136120000001,-119.884445,0
			34.4138870000001,-119.88472,0
			34.414165,-119.885002,0
			34.4144900000001,-119.885193,0
			34.4144440000002,-119.885559,0
			34.4146840000001,-119.885849,0
			34.414722,-119.885963,0
			34.414722,-119.886108,0
			34.4150010000001,-119.886391,0
			34.4152830000001,-119.886414,0
			34.4155540000002,-119.886391,0
			34.4158480000002,-119.886627,0
			34.4161110000001,-119.886948,0
			34.4163890000002,-119.887222,0
			34.4166680000001,-119.887497,0
			34.4166680000001,-119.887779,0
			34.4169430000002,-119.888054,0
			34.4170800000001,-119.888191,0
			34.417221,-119.888336,0
			34.4168700000001,-119.888611,0
			34.4169430000002,-119.888885,0
			34.417221,-119.889168,0
			34.4174420000001,-119.889328,0
			34.4175530000002,-119.889412,0
			34.4175000000001,-119.889725,0
			34.4177780000002,-119.889999,0
			34.4177780000002,-119.890274,0
			34.418056,-119.890556,0
			34.4183350000001,-119.890831,0
			34.4186100000001,-119.891113,0
			34.4188880000002,-119.891388,0
			34.4191670000001,-119.89167,0
			34.4194450000001,-119.891945,0
			34.4194450000001,-119.89222,0
			34.4196620000001,-119.892517,0
			34.419724,-119.892776,0
			34.419724,-119.893059,0
			34.419724,-119.893333,0
			34.4196780000001,-119.893608,0
			34.4196780000001,-119.893921,0
			34.4197730000002,-119.894142,0
			34.419724,-119.894447,0
			34.4200250000001,-119.894714,0
			34.4199980000001,-119.894997,0
			34.4199980000001,-119.895279,0
			34.4199980000001,-119.895554,0
			34.4203340000001,-119.895821,0
			34.420353,-119.895912,0
			34.420555,-119.896111,0
			34.420555,-119.896385,0
			34.420555,-119.896667,0
			34.420555,-119.896942,0
			34.420555,-119.897224,0
			34.420555,-119.897499,0
			34.420555,-119.897781,0
			34.420555,-119.898056,0
			34.420555,-119.898331,0
			34.420555,-119.898613,0
			34.420555,-119.898888,0
			34.420559,-119.89917,0
			34.420555,-119.899445,0
			34.4207730000002,-119.899742,0
			34.4208340000001,-119.899902,0
			34.4208640000001,-119.899994,0
			34.4208340000001,-119.900276,0
			34.4210590000002,-119.900536,0
			34.4211120000001,-119.900597,0
			34.4211120000001,-119.900833,0
			34.4211120000001,-119.901108,0
			34.421291,-119.901291,0
			34.4213910000001,-119.90139,0
			34.4213910000001,-119.901665,0
			34.4210820000001,-119.901917,0
			34.4214250000001,-119.902176,0
			34.4216650000001,-119.902222,0
			34.4216650000001,-119.902367,0
			34.4216650000001,-119.902496,0
			34.4219440000001,-119.902779,0
			34.4222220000001,-119.903076,0
			34.4222220000001,-119.903336,0
			34.4224430000001,-119.903549,0
			34.42247,-119.903618,0
			34.4225010000001,-119.903702,0
			34.4225010000001,-119.903893,0
			34.422779,-119.904167,0
			34.423054,-119.904442,0
			34.423054,-119.904724,0
			34.4233320000001,-119.904999,0
			34.4236110000001,-119.905281,0
			34.423775,-119.905441,0
			34.423889,-119.905556,0
			34.423889,-119.905823,0
			34.423889,-119.906113,0
			34.424168,-119.906387,0
			34.424496,-119.906639,0
			34.4244460000001,-119.906944,0
			34.4247210000001,-119.907219,0
			34.4250300000001,-119.907478,0
			34.4249990000001,-119.907776,0
			34.4252660000001,-119.908066,0
			34.425308,-119.908195,0
			34.4253350000001,-119.90831,0
			34.425381,-119.908432,0
			34.4255560000001,-119.908607,0
			34.4255560000001,-119.908768,0
			34.4255560000001,-119.90889,0
			34.4258350000001,-119.909164,0
			34.4261090000001,-119.909447,0
			34.426388,-119.909721,0
			34.426697,-119.910004,0
			34.426697,-119.910278,0
			34.426697,-119.910583,0
			34.4266660000001,-119.910835,0
			34.4266660000001,-119.91111,0
			34.4268490000002,-119.91124,0
			34.426991,-119.911346,0
			34.427223,-119.91111,0
			34.4273490000002,-119.91124,0
			34.427502,-119.911392,0
			34.4277760000001,-119.911667,0
			34.4280240000001,-119.911697,0
			34.4282760000001,-119.911934,0
			34.428333,-119.912003,0
			34.428333,-119.912224,0
			34.428638,-119.912483,0
			34.428612,-119.912781,0
			34.4288940000001,-119.913086,0
			34.4288900000001,-119.91333,0
			34.4291650000001,-119.913612,0
			34.429417,-119.913895,0
			34.429443,-119.914001,0
			34.429443,-119.914169,0
			34.4297490000001,-119.914429,0
			34.4298590000002,-119.914619,0
			34.429958,-119.914749,0
			34.4300000000001,-119.91481,0
			34.4300000000001,-119.915001,0
			34.430302,-119.91526,0
			34.4305150000001,-119.915581,0
			34.4305570000002,-119.915649,0
			34.4305570000002,-119.915833,0
			34.430847,-119.916107,0
			34.430843,-119.916199,0
			34.430832,-119.916389,0
			34.4310910000002,-119.916672,0
			34.431141,-119.916801,0
			34.4311640000001,-119.916908,0
			34.4313890000001,-119.917236,0
			34.4313890000001,-119.917503,0
			34.431725,-119.91774,0
			34.431946,-119.918091,0
			34.431946,-119.918335,0
			34.431946,-119.91861,0
			34.4318850000001,-119.918884,0
			34.4322200000001,-119.91922,0
			34.4322200000001,-119.919441,0
			34.4324990000001,-119.919724,0
			34.4325100000001,-119.9198,0
			34.4325370000001,-119.919991,0
			34.4324990000001,-119.92028,0
			34.4326320000001,-119.920448,0
			34.4327280000001,-119.92057,0
			34.4328040000001,-119.920822,0
			34.432777,-119.921112,0
			34.432777,-119.921387,0
			34.432777,-119.921669,0
			34.432777,-119.921944,0
			34.4328080000001,-119.922241,0
			34.432777,-119.92231,0
			34.432777,-119.922501,0
			34.4326100000001,-119.922661,0
			34.4325490000002,-119.922798,0
			34.4325260000001,-119.92292,0
			34.4324990000001,-119.923058,0
			34.432777,-119.923332,0
			34.4330560000002,-119.923615,0
			34.4333340000001,-119.923889,0
			34.433666,-119.924133,0
			34.4338990000001,-119.9245,0
			34.4339560000001,-119.924706,0
			34.4339870000001,-119.92482,0
			34.434166,-119.925003,0
			34.434166,-119.925316,0
			34.434166,-119.925552,0
			34.4344640000002,-119.925827,0
			34.4345090000002,-119.925903,0
			34.4345090000002,-119.926109,0
			34.4345090000002,-119.926392,0
			34.4345090000002,-119.926575,0
			34.4345090000002,-119.926666,0
			34.4345090000002,-119.926941,0
			34.4345090000002,-119.927223,0
			34.4345090000002,-119.927307,0
			34.4344440000001,-119.927498,0
			34.4347230000001,-119.92778,0
			34.4350010000002,-119.928055,0
			34.435169,-119.928055,0
			34.435276,-119.928055,0
			34.435276,-119.928337,0
			34.4353030000001,-119.928406,0
			34.4353030000001,-119.928612,0
			34.4353030000001,-119.928886,0
			34.4353030000001,-119.929199,0
			34.435276,-119.929443,0
			34.4350430000001,-119.929687,0
			34.4347230000001,-119.93,0
			34.4347230000001,-119.930275,0
			34.4347230000001,-119.930557,0
			34.4347230000001,-119.930832,0
			34.4350620000001,-119.931091,0
			34.4351200000001,-119.931236,0
			34.435276,-119.931389,0
			34.4353030000001,-119.931702,0
			34.4353030000001,-119.931946,0
			34.4353030000001,-119.93222,0
			34.4353030000001,-119.932495,0
			34.4353030000001,-119.932777,0
			34.4353030000001,-119.933105,0
			34.435276,-119.933334,0
			34.435276,-119.933609,0
			34.435276,-119.933891,0
			34.4355550000002,-119.934166,0
			34.4355200000002,-119.934456,0
			34.4355550000002,-119.934723,0
			34.4355550000002,-119.934998,0
			34.4355550000002,-119.935181,0
			34.4355550000002,-119.935295,0
			34.4355550000002,-119.935555,0
			34.43586,-119.935822,0
			34.4358520000001,-119.935905,0
			34.4358330000001,-119.936111,0
			34.4355550000002,-119.936386,0
			34.4355200000002,-119.936646,0
			34.4355350000001,-119.936775,0
			34.4355550000002,-119.936943,0
			34.4358440000001,-119.937218,0
			34.4358330000001,-119.9375,0
			34.4358330000001,-119.937775,0
			34.4358330000001,-119.938057,0
			34.4358330000001,-119.938332,0
			34.4358330000001,-119.938614,0
			34.4358330000001,-119.938889,0
			34.4358100000002,-119.93914,0
			34.435551,-119.939438,0
			34.435551,-119.939514,0
			34.4355550000002,-119.93972,0
			34.4355550000002,-119.940002,0
			34.4354930000001,-119.940063,0
			34.435276,-119.940277,0
			34.435276,-119.940552,0
			34.4353030000001,-119.940796,0
			34.4353030000001,-119.941109,0
			34.4353030000001,-119.941391,0
			34.4353030000001,-119.941711,0
			34.4353030000001,-119.941948,0
			34.4353030000001,-119.942223,0
			34.4353030000001,-119.942497,0
			34.4353030000001,-119.94281,0
			34.4353030000001,-119.943054,0
			34.4353030000001,-119.943336,0
			34.4353030000001,-119.943604,0
			34.4353030000001,-119.943886,0
			34.4353030000001,-119.944214,0
			34.4353030000001,-119.944443,0
			34.4353030000001,-119.944725,0
			34.4353030000001,-119.945,0
			34.4353030000001,-119.945129,0
			34.435276,-119.945274,0
			34.435276,-119.945557,0
			34.435276,-119.945831,0
			34.435276,-119.946114,0
			34.435276,-119.946388,0
			34.435276,-119.946663,0
			34.435276,-119.946945,0
			34.435276,-119.94722,0
			34.435276,-119.947502,0
			34.435276,-119.947777,0
			34.435257,-119.948044,0
			34.434982,-119.948318,0
			34.4347230000001,-119.948334,0
			34.434765,-119.948631,0
			34.4344440000001,-119.948891,0
			34.4345090000002,-119.949097,0
			34.4345090000002,-119.949448,0
			34.4345090000002,-119.949722,0
			34.434166,-119.949997,0
			34.4344440000001,-119.949997,0
			34.4347230000001,-119.950043,0
			34.4347230000001,-119.950279,0
			34.4347000000001,-119.950546,0
			34.434486,-119.950867,0
			34.4344440000001,-119.950928,0
			34.4344440000001,-119.951111,0
			34.4347230000001,-119.951385,0
			34.4347230000001,-119.951668,0
			34.4347230000001,-119.951942,0
			34.4347380000001,-119.952232,0
			34.4344830000001,-119.95253,0
			34.4344440000001,-119.952774,0
			34.4347230000001,-119.953056,0
			34.4347230000001,-119.953331,0
			34.4347230000001,-119.953613,0
			34.4350010000002,-119.953888,0
			34.4350010000002,-119.95417,0
			34.4350010000002,-119.954445,0
			34.4350010000002,-119.95472,0
			34.4350010000002,-119.955002,0
			34.4353030000001,-119.955276,0
			34.4353030000001,-119.955627,0
			34.435276,-119.955833,0
			34.4354400000001,-119.955994,0
			34.4354930000001,-119.956131,0
			34.4355550000002,-119.956299,0
			34.4355550000002,-119.956398,0
			34.4355550000002,-119.956665,0
			34.4358330000001,-119.956947,0
			34.4358330000001,-119.957222,0
			34.4358330000001,-119.957497,0
			34.436111,-119.957779,0
			34.4363900000002,-119.958054,0
			34.4366680000001,-119.958336,0
			34.437,-119.958572,0
			34.4369430000001,-119.958885,0
			34.437279,-119.959145,0
			34.4372630000001,-119.959221,0
			34.4372220000001,-119.959442,0
			34.4374770000001,-119.959732,0
			34.4375270000001,-119.959892,0
			34.4375420000001,-119.959976,0
			34.4375000000002,-119.960281,0
			34.4375000000002,-119.960556,0
			34.4377780000001,-119.960831,0
			34.4377780000001,-119.961113,0
			34.4380570000001,-119.961388,0
			34.4383320000001,-119.96167,0
			34.43861,-119.961945,0
			34.4388890000002,-119.962219,0
			34.4391670000001,-119.962502,0
			34.439514,-119.96283,0
			34.439445,-119.963058,0
			34.4397280000002,-119.963333,0
			34.4399990000002,-119.963608,0
			34.4402770000001,-119.96389,0
			34.4405560000001,-119.964165,0
			34.4408340000002,-119.964447,0
			34.4408340000002,-119.964722,0
			34.441113,-119.964996,0
			34.4413870000001,-119.965279,0
			34.4413870000001,-119.965553,0
			34.4417110000001,-119.96582,0
			34.4416660000001,-119.96611,0
			34.4420050000001,-119.966362,0
			34.441944,-119.966667,0
			34.441944,-119.966942,0
			34.4422230000002,-119.967224,0
			34.4422230000002,-119.967499,0
			34.442505,-119.967781,0
			34.442505,-119.968056,0
			34.442505,-119.968201,0
			34.4425010000001,-119.96833,0
			34.4428020000001,-119.968597,0
			34.4427800000001,-119.968887,0
			34.4427800000001,-119.96917,0
			34.4431150000001,-119.969421,0
			34.4430540000002,-119.969719,0
			34.4433330000002,-119.970001,0
			34.4436110000001,-119.970276,0
			34.4438900000001,-119.970558,0
			34.4441680000002,-119.970833,0
			34.444443,-119.971107,0
			34.4447210000001,-119.97139,0
			34.4447210000001,-119.971664,0
			34.4447210000001,-119.971825,0
			34.4447210000001,-119.971947,0
			34.445038,-119.972183,0
			34.4450000000001,-119.972504,0
			34.445251,-119.972786,0
			34.4453130000001,-119.973022,0
			34.445278,-119.973335,0
			34.4456140000001,-119.973579,0
			34.4455570000002,-119.973892,0
			34.4458240000001,-119.974167,0
			34.4459230000001,-119.974487,0
			34.445835,-119.974724,0
			34.4461100000001,-119.974998,0
			34.4461100000001,-119.975105,0
			34.4461100000001,-119.975281,0
			34.4463880000002,-119.975555,0
			34.4463880000002,-119.97583,0
			34.4466670000002,-119.976112,0
			34.4469450000001,-119.976387,0
			34.4469450000001,-119.976669,0
			34.4472240000001,-119.976944,0
			34.4472240000001,-119.977219,0
			34.447483,-119.977509,0
			34.4475100000001,-119.9776,0
			34.4474980000002,-119.977776,0
			34.4477810000001,-119.978058,0
			34.447777,-119.978333,0
			34.447777,-119.978615,0
			34.4480820000002,-119.978882,0
			34.4481200000001,-119.979004,0
			34.4480550000001,-119.979164,0
			34.448334,-119.979446,0
			34.448334,-119.979721,0
			34.4486120000001,-119.980003,0
			34.4486120000001,-119.980278,0
			34.4489140000001,-119.980553,0
			34.4489140000001,-119.980896,0
			34.4488910000002,-119.98111,0
			34.4491650000001,-119.9814,0
			34.4491650000001,-119.981667,0
			34.4491650000001,-119.981941,0
			34.4494900000001,-119.982208,0
			34.4494780000001,-119.982292,0
			34.4494440000001,-119.982498,0
			34.4497220000002,-119.98278,0
			34.4497410000001,-119.982903,0
			34.4497640000001,-119.983032,0
			34.4497220000002,-119.98333,0
			34.450027,-119.983597,0
			34.4500200000001,-119.983696,0
			34.4500010000002,-119.983887,0
			34.4500010000002,-119.984169,0
			34.450317,-119.984497,0
			34.450317,-119.984726,0
			34.450317,-119.985001,0
			34.450317,-119.985275,0
			34.450317,-119.985596,0
			34.4502600000001,-119.985825,0
			34.4502790000001,-119.986115,0
			34.4501570000001,-119.986237,0
			34.4500010000002,-119.986389,0
			34.4500010000002,-119.986717,0
			34.4500010000002,-119.986946,0
			34.4497450000001,-119.987228,0
			34.4497380000001,-119.987305,0
			34.4496730000002,-119.987488,0
			34.4496380000002,-119.987587,0
			34.4494440000001,-119.987778,0
			34.4494440000001,-119.988052,0
			34.4497220000002,-119.988335,0
			34.4497220000002,-119.988609,0
			34.4496080000001,-119.988724,0
			34.4494440000001,-119.988892,0
			34.4494440000001,-119.989166,0
			34.4494440000001,-119.989441,0
			34.4497220000002,-119.989723,0
			34.4500010000002,-119.989998,0
			34.4500010000002,-119.99028,0
			34.4502790000001,-119.990555,0
			34.4505540000001,-119.990837,0
			34.4508320000002,-119.991112,0
			34.4511110000001,-119.991386,0
			34.4514770000001,-119.991699,0
			34.4513890000001,-119.991943,0
			34.451668,-119.992226,0
			34.4520000000002,-119.99247,0
			34.4519460000001,-119.992775,0
			34.4522210000002,-119.993057,0
			34.4524800000001,-119.99334,0
			34.4525150000002,-119.993408,0
			34.452499,-119.993614,0
			34.4527780000001,-119.993889,0
			34.4530560000002,-119.994164,0
			34.4532740000001,-119.994385,0
			34.4533040000001,-119.994461,0
			34.4533350000002,-119.994537,0
			34.4533350000002,-119.99472,0
			34.4536090000001,-119.995003,0
			34.4536090000001,-119.995277,0
			34.4538880000001,-119.995552,0
			34.4541660000002,-119.995834,0
			34.4544450000001,-119.996109,0
			34.4544450000001,-119.996391,0
			34.4547230000001,-119.996727,0
			34.4547230000001,-119.996948,0
			34.4550170000001,-119.997215,0
			34.4550130000001,-119.997314,0
			34.455002,-119.997498,0
			34.4553300000002,-119.997742,0
			34.4554860000001,-119.997948,0
			34.4555850000002,-119.998032,0
			34.4555550000002,-119.998337,0
			34.455833,-119.998611,0
			34.4561120000001,-119.998886,0
			34.4564820000001,-119.999207,0
			34.4563900000001,-119.999443,0
			34.456627,-120,0
			34.4569440000001,-120.000557,0
			34.4572220000001,-120.000832,0
			34.4572220000001,-120.001114,0
			34.457481,-120.001396,0
			34.45752,-120.001526,0
			34.4575000000002,-120.001663,0
			34.4573750000001,-120.002029,0
			34.4576030000001,-120.001953,0
			34.4578780000002,-120.001961,0
			34.458046,-120.001984,0
			34.458237,-120.002083,0
			34.4584470000001,-120.002197,0
			34.4585840000001,-120.002464,0
			34.4587210000001,-120.002762,0
			34.4589230000001,-120.003113,0
			34.4589730000002,-120.003471,0
			34.4591370000001,-120.00386,0
			34.4592900000001,-120.004211,0
			34.4594270000001,-120.00473,0
			34.4594690000002,-120.004883,0
			34.4595600000001,-120.005211,0
			34.459751,-120.005646,0
			34.4599840000001,-120.006065,0
			34.460178,-120.006508,0
			34.4603270000001,-120.007019,0
			34.4603230000001,-120.007553,0
			34.4603230000001,-120.00769,0
			34.4604150000001,-120.008064,0
			34.4605100000002,-120.008484,0
			34.4605290000001,-120.008568,0
			34.4605560000001,-120.009163,0
			34.4605560000001,-120.009445,0
			34.4605560000001,-120.00972,0
			34.4605560000001,-120.010002,0
			34.4605560000001,-120.010277,0
			34.4605560000001,-120.010559,0
			34.4605560000001,-120.010834,0
			34.460835,-120.011108,0
			34.4605560000001,-120.011391,0
			34.4605560000001,-120.011665,0
			34.4605560000001,-120.011948,0
			34.460876,-120.012222,0
			34.460876,-120.012497,0
			34.460876,-120.012817,0
			34.460835,-120.013054,0
			34.460835,-120.013336,0
			34.461056,-120.013626,0
			34.461121,-120.013916,0
			34.461121,-120.014168,0
			34.461121,-120.014442,0
			34.461121,-120.014709,0
			34.461121,-120.014999,0
			34.461121,-120.01532,0
			34.4611130000001,-120.015556,0
			34.4613880000001,-120.015831,0
			34.4613880000001,-120.016113,0
			34.4613880000001,-120.016388,0
			34.4613880000001,-120.01667,0
			34.4613880000001,-120.016945,0
			34.4613880000001,-120.01722,0
			34.4613880000001,-120.017502,0
			34.4613880000001,-120.017776,0
			34.4613880000001,-120.01812,0
			34.4613230000001,-120.018311,0
			34.4611130000001,-120.018608,0
			34.461121,-120.018921,0
			34.4611130000001,-120.019165,0
			34.4608420000001,-120.01944,0
			34.4605560000001,-120.019722,0
			34.4602780000001,-120.019997,0
			34.4600030000001,-120.020287,0
			34.459682,-120.020493,0
			34.459446,-120.020554,0
			34.4593200000001,-120.020683,0
			34.459167,-120.020836,0
			34.4589230000001,-120.020813,0
			34.4586110000001,-120.020836,0
			34.4583130000001,-120.021179,0
			34.4580570000001,-120.021385,0
			34.4577790000001,-120.021667,0
			34.4577790000001,-120.021942,0
			34.4578860000001,-120.022583,0
			34.4578860000001,-120.023193,0
			34.4578860000001,-120.023277,0
			34.4578860000001,-120.023926,0
			34.458065,-120.02446,0
			34.4583130000001,-120.025024,0
			34.4583930000001,-120.025131,0
			34.4585990000001,-120.025543,0
			34.4588660000002,-120.026093,0
			34.4591060000001,-120.026611,0
			34.4594730000001,-120.027222,0
			34.4597170000001,-120.02771,0
			34.4599990000002,-120.02832,0
			34.4602740000001,-120.028893,0
			34.4605100000002,-120.02948,0
			34.4607010000001,-120.030098,0
			34.460972,-120.030548,0
			34.461277,-120.031021,0
			34.4614790000001,-120.031494,0
			34.4615100000001,-120.03157,0
			34.4616970000001,-120.032227,0
			34.4619140000001,-120.032898,0
			34.4619750000001,-120.032997,0
			34.462162,-120.033531,0
			34.4624630000001,-120.034149,0
			34.4627080000001,-120.034607,0
			34.462769,-120.035294,0
			34.4628110000001,-120.035919,0
			34.4628910000001,-120.036499,0
			34.4630280000001,-120.037094,0
			34.4630740000002,-120.037292,0
			34.4630740000002,-120.037682,0
			34.4630740000002,-120.038208,0
			34.4630620000001,-120.038841,0
			34.4630740000002,-120.039429,0
			34.4631420000001,-120.039581,0
			34.4632230000001,-120.039978,0
			34.4631120000001,-120.040443,0
			34.463085,-120.040527,0
			34.4629170000002,-120.041039,0
			34.4628910000001,-120.041687,0
			34.462975,-120.042381,0
			34.4629590000001,-120.043098,0
			34.4628490000001,-120.043694,0
			34.4628520000001,-120.043777,0
			34.4627760000001,-120.044456,0
			34.4627080000001,-120.045105,0
			34.4625240000001,-120.045593,0
			34.4622040000002,-120.046143,0
			34.4619480000001,-120.046661,0
			34.4617690000001,-120.047119,0
			34.4617310000001,-120.04718,0
			34.4616240000001,-120.047829,0
			34.4614910000001,-120.048393,0
			34.4614910000001,-120.04847,0
			34.4614220000001,-120.049004,0
			34.4614330000001,-120.049156,0
			34.461391,-120.049858,0
			34.4614030000001,-120.05056,0
			34.4614870000001,-120.051208,0
			34.461597,-120.05191,0
			34.4616510000001,-120.052628,0
			34.461655,-120.05336,0
			34.4615900000002,-120.054062,0
			34.4613840000002,-120.054672,0
			34.4612540000001,-120.054993,0
			34.461174,-120.055199,0
			34.460964,-120.05587,0
			34.4608270000001,-120.056496,0
			34.4607320000001,-120.057121,0
			34.4607960000002,-120.057747,0
			34.4608920000001,-120.058289,0
			34.4609070000001,-120.05838,0
			34.461121,-120.059021,0
			34.4611780000002,-120.059639,0
			34.461361,-120.060242,0
			34.4614910000001,-120.060791,0
			34.4615100000001,-120.060867,0
			34.4616780000002,-120.061501,0
			34.4616930000001,-120.061707,0
			34.4617310000001,-120.062218,0
			34.4617310000001,-120.062927,0
			34.4619140000001,-120.063599,0
			34.4619520000001,-120.064323,0
			34.462097,-120.065002,0
			34.4622190000002,-120.065712,0
			34.4623760000002,-120.066414,0
			34.4623530000001,-120.066879,0
			34.4623410000001,-120.067078,0
			34.4623340000001,-120.067162,0
			34.4621320000001,-120.06794,0
			34.462181,-120.06868,0
			34.4625240000001,-120.069214,0
			34.4628370000001,-120.069618,0
			34.46302,-120.069855,0
			34.4631540000001,-120.070084,0
			34.4633180000001,-120.070618,0
			34.463192,-120.071083,0
			34.4630170000001,-120.071541,0
			34.462765,-120.071953,0
			34.4624820000001,-120.072357,0
			34.4621540000001,-120.072739,0
			34.4617310000001,-120.072998,0
			34.4613040000001,-120.073296,0
			34.461105,-120.073395,0
			34.460854,-120.073563,0
			34.460423,-120.073822,0
			34.4603040000002,-120.073898,0
			34.4601250000001,-120.074173,0
			34.460159,-120.07473,0
			34.4602390000001,-120.075333,0
			34.4602090000001,-120.075951,0
			34.4600830000002,-120.076477,0
			34.4599000000001,-120.077087,0
			34.4599000000001,-120.077698,0
			34.4600830000002,-120.078186,0
			34.4602090000001,-120.078773,0
			34.4602240000001,-120.079391,0
			34.4599990000002,-120.080002,0
			34.4599990000002,-120.080276,0
			34.4599990000002,-120.080559,0
			34.4599990000002,-120.080833,0
			34.4599990000002,-120.081108,0
			34.4603270000001,-120.081421,0
			34.4603270000001,-120.081665,0
			34.4603270000001,-120.081947,0
			34.4603270000001,-120.082214,0
			34.4603270000001,-120.082497,0
			34.4603270000001,-120.082825,0
			34.4603270000001,-120.083054,0
			34.4603270000001,-120.083336,0
			34.4603270000001,-120.083611,0
			34.4603270000001,-120.083923,0
			34.4603270000001,-120.084167,0
			34.4603270000001,-120.084442,0
			34.4603270000001,-120.084724,0
			34.4603270000001,-120.084999,0
			34.4602850000002,-120.08551,0
			34.4602740000001,-120.085617,0
			34.4600680000001,-120.085991,0
			34.460041,-120.08609,0
			34.4599000000001,-120.086609,0
			34.4599380000001,-120.087166,0
			34.459976,-120.087753,0
			34.4600830000002,-120.088318,0
			34.4602130000001,-120.088898,0
			34.460247,-120.089485,0
			34.4602050000001,-120.09008,0
			34.4601900000001,-120.090645,0
			34.4603270000001,-120.091187,0
			34.4603690000002,-120.091789,0
			34.4605480000001,-120.092354,0
			34.4607320000001,-120.092918,0
			34.460876,-120.093506,0
			34.460876,-120.094116,0
			34.4608690000002,-120.094765,0
			34.460865,-120.09491,0
			34.4609260000001,-120.095337,0
			34.4611590000002,-120.095779,0
			34.4614370000001,-120.096184,0
			34.4616580000001,-120.096649,0
			34.4618450000001,-120.097145,0
			34.4619670000001,-120.097702,0
			34.4621390000001,-120.098236,0
			34.4622840000002,-120.098763,0
			34.4622880000002,-120.099434,0
			34.4625780000002,-120.100021,0
			34.4629550000001,-120.100418,0
			34.4633180000001,-120.100891,0
			34.4635620000001,-120.101295,0
			34.4636310000001,-120.101738,0
			34.4634860000002,-120.10218,0
			34.463448,-120.102295,0
			34.463463,-120.102615,0
			34.463604,-120.103081,0
			34.463783,-120.103554,0
			34.4640730000001,-120.103981,0
			34.4642940000001,-120.104492,0
			34.464478,-120.10498,0
			34.4647220000001,-120.105591,0
			34.4647640000001,-120.106262,0
			34.464996,-120.106888,0
			34.4652710000001,-120.107483,0
			34.4655760000001,-120.108078,0
			34.4658810000001,-120.108582,0
			34.466286,-120.109024,0
			34.466331,-120.109085,0
			34.4664920000002,-120.109619,0
			34.4666790000001,-120.110176,0
			34.4667210000001,-120.110718,0
			34.4669190000002,-120.111206,0
			34.4671330000001,-120.111649,0
			34.4672320000001,-120.111847,0
			34.4673960000001,-120.112068,0
			34.4675790000001,-120.112579,0
			34.467834,-120.113129,0
			34.468079,-120.113586,0
			34.4683230000002,-120.114075,0
			34.468506,-120.114624,0
			34.4685860000001,-120.115143,0
			34.468609,-120.115723,0
			34.4686130000002,-120.116295,0
			34.4686890000001,-120.116821,0
			34.4688760000001,-120.117294,0
			34.4691050000001,-120.117737,0
			34.4693790000002,-120.118111,0
			34.4694560000002,-120.118294,0
			34.4695320000002,-120.118561,0
			34.469631,-120.11908,0
			34.4696770000001,-120.119339,0
			34.4698030000001,-120.119537,0
			34.4699520000001,-120.120018,0
			34.470043,-120.120537,0
			34.470268,-120.121002,0
			34.4705200000001,-120.121399,0
			34.4705890000001,-120.121994,0
			34.4707680000001,-120.122467,0
			34.470852,-120.122986,0
			34.4709780000001,-120.123474,0
			34.4711300000001,-120.124001,0
			34.4711300000001,-120.124207,0
			34.4711300000001,-120.124557,0
			34.4711300000001,-120.125099,0
			34.4711040000001,-120.125305,0
			34.4710810000001,-120.125465,0
			34.471031,-120.125626,0
			34.4709240000001,-120.126106,0
			34.4709820000001,-120.126701,0
			34.4715350000002,-120.127319,0
			34.4716800000001,-120.12793,0
			34.4716950000001,-120.128471,0
			34.471703,-120.128723,0
			34.471737,-120.129005,0
			34.4718360000001,-120.129501,0
			34.4718780000002,-120.129707,0
			34.471928,-120.130013,0
			34.471943,-120.130554,0
			34.471973,-120.131081,0
			34.4721410000001,-120.131569,0
			34.4723820000001,-120.132027,0
			34.4724880000002,-120.132484,0
			34.4724920000002,-120.13269,0
			34.4725000000001,-120.132935,0
			34.4725070000002,-120.133301,0
			34.4725070000002,-120.133392,0
			34.4725340000001,-120.133835,0
			34.4726870000001,-120.134232,0
			34.4727970000002,-120.134659,0
			34.4729540000002,-120.135056,0
			34.4730610000001,-120.135498,0
			34.473057,-120.135681,0
			34.4730800000002,-120.135979,0
			34.4730760000002,-120.136482,0
			34.4730720000002,-120.136719,0
			34.473083,-120.136993,0
			34.473083,-120.137512,0
			34.473083,-120.138031,0
			34.473083,-120.138184,0
			34.473083,-120.138565,0
			34.473083,-120.139099,0
			34.473083,-120.139282,0
			34.473083,-120.139641,0
			34.473083,-120.140182,0
			34.473083,-120.140381,0
			34.4730950000001,-120.140724,0
			34.4731060000001,-120.141113,0
			34.4731250000002,-120.141251,0
			34.47324,-120.141624,0
			34.4732780000002,-120.141747,0
			34.4732780000002,-120.141907,0
			34.473274,-120.142075,0
			34.4732280000001,-120.142227,0
			34.473083,-120.1427,0
			34.4728740000002,-120.143204,0
			34.472836,-120.143303,0
			34.4727820000002,-120.143715,0
			34.4727780000002,-120.144241,0
			34.472828,-120.144768,0
			34.473083,-120.145294,0
			34.473083,-120.145813,0
			34.47298,-120.146423,0
			34.4727520000002,-120.146988,0
			34.472626,-120.14756,0
			34.4728050000001,-120.14814,0
			34.4730450000001,-120.148705,0
			34.473083,-120.148926,0
			34.4730260000001,-120.149261,0
			34.4729350000001,-120.149803,0
			34.4728780000001,-120.150017,0
			34.4727900000001,-120.150345,0
			34.4727780000002,-120.150909,0
			34.4727780000002,-120.151482,0
			34.4727780000002,-120.152054,0
			34.4727780000002,-120.152626,0
			34.4727550000001,-120.153191,0
			34.4727170000001,-120.153687,0
			34.4725300000001,-120.154297,0
			34.4724770000001,-120.15448,0
			34.4724160000001,-120.154846,0
			34.472321,-120.155411,0
			34.4722900000002,-120.155579,0
			34.4722140000001,-120.155968,0
			34.4719850000001,-120.156487,0
			34.4719660000002,-120.157059,0
			34.4718780000002,-120.157196,0
			34.4716680000002,-120.157539,0
			34.4714470000002,-120.158051,0
			34.471432,-120.158195,0
			34.471462,-120.158638,0
			34.471344,-120.159256,0
			34.4711650000002,-120.159737,0
			34.4711610000002,-120.159813,0
			34.4709970000001,-120.160385,0
			34.4708860000001,-120.160889,0
			34.4711300000001,-120.161499,0
			34.4711070000001,-120.162086,0
			34.471172,-120.16272,0
			34.4711300000001,-120.162903,0
			34.4711300000001,-120.163322,0
			34.4711300000001,-120.163879,0
			34.471031,-120.16449,0
			34.470833,-120.164963,0
			34.470631,-120.165428,0
			34.4705850000001,-120.165779,0
			34.4705700000001,-120.165901,0
			34.4704780000001,-120.166512,0
			34.4701960000001,-120.166954,0
			34.4700780000001,-120.167107,0
			34.4698980000001,-120.167381,0
			34.4696120000001,-120.167831,0
			34.4694860000001,-120.16803,0
			34.4693340000002,-120.168282,0
			34.4692990000001,-120.168823,0
			34.4693790000002,-120.169357,0
			34.4694790000001,-120.16993,0
			34.4694790000001,-120.170105,0
			34.4696120000001,-120.170479,0
			34.4696850000001,-120.171059,0
			34.4697650000001,-120.171631,0
			34.46991,-120.17218,0
			34.4700930000001,-120.172729,0
			34.470135,-120.173256,0
			34.4701610000002,-120.173813,0
			34.4702610000001,-120.174324,0
			34.4702570000002,-120.1745,0
			34.4702760000001,-120.17485,0
			34.4702760000001,-120.175293,0
			34.4702760000001,-120.175377,0
			34.470284,-120.175919,0
			34.4703140000001,-120.176407,0
			34.4704170000001,-120.17688,0
			34.4704970000001,-120.177132,0
			34.4705660000001,-120.177338,0
			34.470558,-120.177826,0
			34.4705960000001,-120.178299,0
			34.4707030000001,-120.178711,0
			34.4707530000002,-120.17923,0
			34.4707030000001,-120.179688,0
			34.4705730000002,-120.180161,0
			34.4705510000001,-120.180672,0
			34.4704970000001,-120.181175,0
			34.4704170000001,-120.181419,0
			34.4703140000001,-120.181602,0
			34.4702760000001,-120.181664,0
			34.4702870000002,-120.182175,0
			34.4702760000001,-120.182693,0
			34.4702760000001,-120.182922,0
			34.4702760000001,-120.183212,0
			34.4702760000001,-120.183708,0
			34.4700470000002,-120.184151,0
			34.4699820000001,-120.184654,0
			34.469727,-120.184998,0
			34.469616,-120.185524,0
			34.4694820000001,-120.185982,0
			34.4694940000001,-120.186485,0
			34.4694630000002,-120.186584,0
			34.469498,-120.186951,0
			34.4696730000002,-120.187401,0
			34.4697950000001,-120.187859,0
			34.46991,-120.188324,0
			34.46991,-120.188782,0
			34.4696240000002,-120.189316,0
			34.4696850000001,-120.189529,0
			34.4697840000001,-120.189713,0
			34.4699970000001,-120.190102,0
			34.4699750000001,-120.190559,0
			34.4697910000002,-120.190956,0
			34.469723,-120.191101,0
			34.4696200000002,-120.191315,0
			34.469727,-120.191711,0
			34.469955,-120.192154,0
			34.4700550000001,-120.192337,0
			34.4701500000002,-120.192558,0
			34.4702530000002,-120.192993,0
			34.4702950000001,-120.193169,0
			34.4703710000002,-120.19342,0
			34.4705200000001,-120.193787,0
			34.4703940000001,-120.19426,0
			34.4701650000002,-120.194641,0
			34.4700930000001,-120.195007,0
			34.4702220000001,-120.195549,0
			34.4702570000002,-120.195686,0
			34.4703480000001,-120.19603,0
			34.470451,-120.196518,0
			34.4704930000001,-120.196716,0
			34.4705200000001,-120.196983,0
			34.4705200000001,-120.19751,0
			34.4704930000001,-120.197922,0
			34.470535,-120.198402,0
			34.4705510000001,-120.198875,0
			34.4705510000001,-120.199348,0
			34.4705660000001,-120.199837,0
			34.4704930000001,-120.199997,0
			34.4703670000002,-120.200272,0
			34.4704930000001,-120.200752,0
			34.4704860000001,-120.200935,0
			34.470535,-120.201241,0
			34.4705470000002,-120.201729,0
			34.4705200000001,-120.202072,0
			34.4705200000001,-120.202217,0
			34.470474,-120.202377,0
			34.4703870000001,-120.202682,0
			34.4705160000001,-120.203201,0
			34.4705200000001,-120.203308,0
			34.4703980000001,-120.203697,0
			34.4703140000001,-120.204109,0
			34.4703140000001,-120.204185,0
			34.470318,-120.204681,0
			34.470318,-120.204887,0
			34.4703560000002,-120.205154,0
			34.4704860000001,-120.205582,0
			34.4705200000001,-120.205688,0
			34.4705200000001,-120.206032,0
			34.4704440000002,-120.206482,0
			34.4703670000002,-120.20697,0
			34.4705200000001,-120.20752,0
			34.4705200000001,-120.208008,0
			34.4705200000001,-120.208191,0
			34.47044,-120.208496,0
			34.4702760000001,-120.209106,0
			34.4702950000001,-120.209717,0
			34.4702990000001,-120.209801,0
			34.4703410000002,-120.210358,0
			34.4705200000001,-120.210953,0
			34.4705200000001,-120.211487,0
			34.4705200000001,-120.211571,0
			34.4703750000002,-120.212181,0
			34.4703600000001,-120.212776,0
			34.4704860000001,-120.213341,0
			34.470524,-120.213943,0
			34.4705510000001,-120.214523,0
			34.470554,-120.215134,0
			34.4705470000002,-120.215614,0
			34.4705200000001,-120.215698,0
			34.4704930000001,-120.216331,0
			34.4703710000002,-120.216911,0
			34.4703640000001,-120.217514,0
			34.4704970000001,-120.218124,0
			34.4705960000001,-120.218765,0
			34.4707030000001,-120.219398,0
			34.4706730000001,-120.219597,0
			34.4706040000001,-120.220039,0
			34.4705700000001,-120.220688,0
			34.4705810000002,-120.221336,0
			34.4706570000002,-120.22197,0
			34.4706500000001,-120.222107,0
			34.4706690000002,-120.222588,0
			34.4706000000001,-120.223198,0
			34.470554,-120.223846,0
			34.4705470000002,-120.224503,0
			34.4705200000001,-120.225098,0
			34.4705700000001,-120.225266,0
			34.470612,-120.225784,0
			34.4707530000002,-120.226341,0
			34.4708100000001,-120.226906,0
			34.4708100000001,-120.227448,0
			34.4707030000001,-120.227905,0
			34.4705620000001,-120.228424,0
			34.470509,-120.228569,0
			34.4703940000001,-120.228935,0
			34.4702870000002,-120.229309,0
			34.4702870000002,-120.229439,0
			34.4701040000001,-120.229965,0
			34.4702760000001,-120.230484,0
			34.4702760000001,-120.231018,0
			34.4702760000001,-120.231201,0
			34.4702760000001,-120.231552,0
			34.4702760000001,-120.232063,0
			34.4702610000001,-120.232178,0
			34.4702300000001,-120.232445,0
			34.4702110000001,-120.232559,0
			34.4700470000002,-120.233009,0
			34.4699360000001,-120.233505,0
			34.469727,-120.233887,0
			34.4696010000001,-120.234352,0
			34.469639,-120.234863,0
			34.4694820000001,-120.235291,0
			34.4693760000001,-120.235863,0
			34.4691510000001,-120.236282,0
			34.4688870000001,-120.236664,0
			34.46862,-120.237045,0
			34.4683800000001,-120.237442,0
			34.4681740000001,-120.237854,0
			34.468113,-120.237991,0
			34.4679870000001,-120.238266,0
			34.468079,-120.238892,0
			34.4682240000001,-120.239098,0
			34.4683800000001,-120.239525,0
			34.4685480000002,-120.240204,0
			34.4685520000001,-120.240906,0
			34.468422,-120.2416,0
			34.4683070000001,-120.242287,0
			34.4681700000002,-120.242958,0
			34.4681050000001,-120.243523,0
			34.468079,-120.243591,0
			34.468079,-120.244324,0
			34.468124,-120.244446,0
			34.4682040000001,-120.245018,0
			34.4680630000001,-120.245476,0
			34.4680370000002,-120.245567,0
			34.4677960000001,-120.246071,0
			34.4676480000001,-120.246605,0
			34.4677540000002,-120.247162,0
			34.46801,-120.247726,0
			34.4680210000001,-120.247818,0
			34.4681700000002,-120.248306,0
			34.468079,-120.248901,0
			34.467838,-120.249359,0
			34.467812,-120.249489,0
			34.4675980000001,-120.250061,0
			34.4676170000002,-120.250626,0
			34.4677810000001,-120.251091,0
			34.4680210000001,-120.251511,0
			34.4680440000002,-120.251717,0
			34.468079,-120.251984,0
			34.4680630000001,-120.252434,0
			34.4679450000002,-120.252823,0
			34.4678650000001,-120.252975,0
			34.4677470000001,-120.253204,0
			34.4675710000001,-120.253593,0
			34.467495,-120.254036,0
			34.467407,-120.254501,0
			34.4672360000001,-120.254959,0
			34.4671290000002,-120.255447,0
			34.4670490000001,-120.2556,0
			34.466988,-120.255882,0
			34.467007,-120.256348,0
			34.4671520000001,-120.256805,0
			34.4672740000001,-120.257286,0
			34.4674380000001,-120.257767,0
			34.4674530000001,-120.258102,0
			34.467411,-120.258255,0
			34.4673770000001,-120.258759,0
			34.4673690000001,-120.259003,0
			34.4673610000002,-120.259254,0
			34.467529,-120.259766,0
			34.467529,-120.260292,0
			34.467529,-120.260498,0
			34.4675220000001,-120.260818,0
			34.4675140000001,-120.261345,0
			34.4675100000001,-120.261475,0
			34.4675940000001,-120.261848,0
			34.4677120000001,-120.26239,0
			34.4677540000002,-120.262878,0
			34.4678270000002,-120.263397,0
			34.4679370000001,-120.263885,0
			34.4677960000001,-120.264381,0
			34.4676480000001,-120.26487,0
			34.467587,-120.265335,0
			34.4677160000001,-120.265686,0
			34.4677470000001,-120.26577,0
			34.4679370000001,-120.26622,0
			34.4680290000002,-120.266441,0
			34.4681400000001,-120.266701,0
			34.4682580000001,-120.26722,0
			34.4682960000001,-120.267395,0
			34.4683270000002,-120.267746,0
			34.46833,-120.268288,0
			34.46833,-120.268494,0
			34.4683230000002,-120.268829,0
			34.4683230000002,-120.269287,0
			34.4683230000002,-120.269379,0
			34.468334,-120.269928,0
			34.4683650000001,-120.270462,0
			34.4684790000001,-120.270973,0
			34.4686320000002,-120.271454,0
			34.4687880000001,-120.271927,0
			34.4687420000002,-120.272377,0
			34.4686780000001,-120.272583,0
			34.4686160000001,-120.27285,0
			34.4683910000001,-120.273308,0
			34.4683230000002,-120.273804,0
			34.4680370000002,-120.274284,0
			34.4677770000001,-120.274734,0
			34.467499,-120.275192,0
			34.4672130000002,-120.275665,0
			34.4669800000001,-120.276176,0
			34.4668960000001,-120.276299,0
			34.4667850000001,-120.27668,0
			34.4669190000002,-120.277283,0
			34.4669800000001,-120.277885,0
			34.467136,-120.278473,0
			34.4672850000001,-120.278992,0
			34.4675450000001,-120.279625,0
			34.4676670000001,-120.279922,0
			34.4677700000001,-120.28022,0
			34.467896,-120.280884,0
			34.4679760000001,-120.281532,0
			34.4681700000002,-120.282173,0
			34.4683570000001,-120.282784,0
			34.4685480000002,-120.283394,0
			34.4686660000002,-120.284058,0
			34.468761,-120.284737,0
			34.4686890000001,-120.2854,0
			34.4688570000001,-120.285988,0
			34.469116,-120.286499,0
			34.4694820000001,-120.286987,0
			34.469727,-120.287476,0
			34.4698830000001,-120.288101,0
			34.470043,-120.288666,0
			34.4702300000001,-120.289207,0
			34.470264,-120.289429,0
			34.4703900000001,-120.289742,0
			34.4704970000001,-120.290306,0
			34.4705620000001,-120.290855,0
			34.4706800000001,-120.291397,0
			34.4706730000001,-120.291634,0
			34.47073,-120.291885,0
			34.4705200000001,-120.292175,0
			34.470833,-120.292503,0
			34.4708860000001,-120.292725,0
			34.470833,-120.292976,0
			34.470818,-120.293053,0
			34.470554,-120.293335,0
			34.470554,-120.29361,0
			34.470554,-120.293892,0
			34.470554,-120.294167,0
			34.470554,-120.294441,0
			34.470554,-120.294724,0
			34.470554,-120.294998,0
			34.470554,-120.29528,0
			34.470554,-120.295555,0
			34.470554,-120.29583,0
			34.470554,-120.296112,0
			34.470554,-120.296387,0
			34.470558,-120.296677,0
			34.4702760000001,-120.296997,0
			34.4702760000001,-120.297226,0
			34.4702760000001,-120.297501,0
			34.4702760000001,-120.297775,0
			34.4700010000001,-120.298058,0
			34.4696690000002,-120.298027,0
			34.4695010000002,-120.298363,0
			34.469212,-120.29866,0
			34.468903,-120.298912,0
			34.4688220000001,-120.298973,0
			34.4686510000001,-120.29921,0
			34.4683230000002,-120.2995,0
			34.4680560000001,-120.299721,0
			34.4677770000001,-120.300003,0
			34.4677770000001,-120.300278,0
			34.467529,-120.300598,0
			34.4672580000002,-120.300873,0
			34.4669720000001,-120.301216,0
			34.4669460000001,-120.301392,0
			34.467224,-120.301666,0
			34.467194,-120.302017,0
			34.4670410000002,-120.302353,0
			34.4668920000001,-120.302597,0
			34.4666980000002,-120.302925,0
			34.4666750000001,-120.303284,0
			34.466389,-120.303337,0
			34.46611,-120.303612,0
			34.4658320000001,-120.303886,0
			34.4658320000001,-120.304169,0
			34.466125,-120.304443,0
			34.466125,-120.304535,0
			34.4661410000001,-120.304626,0
			34.4661560000001,-120.30471,0
			34.46611,-120.305,0
			34.466389,-120.305328,0
			34.466389,-120.305557,0
			34.466389,-120.305832,0
			34.466389,-120.306114,0
			34.4666560000001,-120.306389,0
			34.466694,-120.30658,0
			34.4666670000001,-120.306946,0
			34.4669270000001,-120.307228,0
			34.4669570000001,-120.307304,0
			34.466988,-120.307549,0
			34.467224,-120.307777,0
			34.4671020000001,-120.307922,0
			34.4669460000001,-120.308052,0
			34.4669460000001,-120.308212,0
			34.4668960000001,-120.308304,0
			34.4667170000002,-120.30864,0
			34.4666520000001,-120.308685,0
			34.466389,-120.308891,0
			34.46611,-120.309166,0
			34.4658320000001,-120.309448,0
			34.4658320000001,-120.309723,0
			34.4658810000001,-120.309998,0
			34.4655570000001,-120.31028,0
			34.4655570000001,-120.310555,0
			34.465519,-120.310814,0
			34.4654540000001,-120.310936,0
			34.465279,-120.311111,0
			34.465,-120.311386,0
			34.465,-120.311668,0
			34.465,-120.311943,0
			34.4652600000001,-120.312225,0
			34.465225,-120.312943,0
			34.465294,-120.313644,0
			34.4653590000001,-120.314346,0
			34.4653240000002,-120.315056,0
			34.4651410000001,-120.315628,0
			34.4648360000002,-120.316277,0
			34.464573,-120.316902,0
			34.4644390000001,-120.317497,0
			34.4644130000001,-120.317619,0
			34.4641420000001,-120.318192,0
			34.4638820000001,-120.318764,0
			34.4638440000001,-120.318886,0
			34.4635350000001,-120.319481,0
			34.4633560000001,-120.319946,0
			34.4633180000001,-120.320007,0
			34.4633180000001,-120.320679,0
			34.4631960000002,-120.321289,0
			34.4631960000002,-120.321922,0
			34.4633330000001,-120.322502,0
			34.4630550000001,-120.322777,0
			34.4630740000002,-120.32312,0
			34.4630010000002,-120.323311,0
			34.4628520000001,-120.323586,0
			34.462814,-120.323662,0
			34.4625020000001,-120.323891,0
			34.4625020000001,-120.324165,0
			34.4628220000001,-120.324417,0
			34.4627760000001,-120.324722,0
			34.4627760000001,-120.324997,0
			34.4627760000001,-120.325279,0
			34.4627760000001,-120.325554,0
			34.4627760000001,-120.325836,0
			34.4627760000001,-120.326111,0
			34.4627760000001,-120.326385,0
			34.4627760000001,-120.326668,0
			34.4630550000001,-120.326942,0
			34.4633030000001,-120.327225,0
			34.4632530000001,-120.327827,0
			34.4631460000001,-120.328514,0
			34.4631200000001,-120.329208,0
			34.4631120000001,-120.329903,0
			34.4630550000001,-120.330559,0
			34.4627760000001,-120.330833,0
			34.4627760000001,-120.331108,0
			34.4625020000001,-120.33139,0
			34.4625240000001,-120.331604,0
			34.4625240000001,-120.331947,0
			34.4625240000001,-120.332222,0
			34.4625240000001,-120.332497,0
			34.4625240000001,-120.332825,0
			34.4625020000001,-120.333054,0
			34.4622230000001,-120.333336,0
			34.4622230000001,-120.333611,0
			34.46228,-120.333923,0
			34.4622230000001,-120.334007,0
			34.4622230000001,-120.334167,0
			34.4619290000001,-120.334435,0
			34.4617310000001,-120.334717,0
			34.4613880000001,-120.334999,0
			34.4613880000001,-120.335312,0
			34.4613880000001,-120.335556,0
			34.4611130000001,-120.335831,0
			34.460876,-120.335869,0
			34.4605980000001,-120.336151,0
			34.4603270000001,-120.336426,0
			34.4600260000001,-120.3367,0
			34.4597170000001,-120.336975,0
			34.459446,-120.337219,0
			34.459446,-120.337502,0
			34.459167,-120.337776,0
			34.459167,-120.338058,0
			34.459167,-120.338333,0
			34.459167,-120.338608,0
			34.459167,-120.33889,0
			34.459167,-120.339165,0
			34.459167,-120.339447,0
			34.4594230000001,-120.339729,0
			34.4594730000001,-120.340027,0
			34.4592060000001,-120.340317,0
			34.458939,-120.340599,0
			34.458862,-120.340683,0
			34.4588390000001,-120.34079,0
			34.4585840000001,-120.341087,0
			34.4585000000001,-120.341187,0
			34.458332,-120.341393,0
			34.4581640000002,-120.341393,0
			34.4580880000001,-120.341438,0
			34.4577600000002,-120.341637,0
			34.4575000000002,-120.341667,0
			34.4572220000001,-120.341942,0
			34.4569440000001,-120.342224,0
			34.4569440000001,-120.342499,0
			34.4569440000001,-120.342781,0
			34.4569440000001,-120.343056,0
			34.4569440000001,-120.34333,0
			34.4572220000001,-120.343613,0
			34.45752,-120.343887,0
			34.45752,-120.34417,0
			34.4572220000001,-120.344444,0
			34.4569440000001,-120.344719,0
			34.4569590000002,-120.345009,0
			34.4566650000002,-120.345276,0
			34.4566650000002,-120.345398,0
			34.4566650000002,-120.345558,0
			34.4569440000001,-120.345833,0
			34.457275,-120.346107,0
			34.4569440000001,-120.34639,0
			34.457275,-120.346619,0
			34.457275,-120.346947,0
			34.457275,-120.34729,0
			34.4572220000001,-120.347504,0
			34.4575000000002,-120.347778,0
			34.4577410000002,-120.348061,0
			34.4578020000001,-120.348328,0
			34.4577790000001,-120.34861,0
			34.4577790000001,-120.348892,0
			34.4577790000001,-120.349167,0
			34.4577790000001,-120.349442,0
			34.4580880000001,-120.349709,0
			34.4580800000002,-120.349785,0
			34.4580570000001,-120.349998,0
			34.4582250000001,-120.350166,0
			34.458332,-120.350281,0
			34.4583130000001,-120.350525,0
			34.458332,-120.35083,0
			34.4586110000001,-120.351112,0
			34.4589230000001,-120.351387,0
			34.4589230000001,-120.351669,0
			34.4589230000001,-120.351807,0
			34.4588890000001,-120.351944,0
			34.4588890000001,-120.352219,0
			34.4591940000001,-120.352486,0
			34.459167,-120.352776,0
			34.4594730000001,-120.353088,0
			34.4594190000001,-120.353325,0
			34.459446,-120.353615,0
			34.4593240000001,-120.353737,0
			34.459167,-120.353889,0
			34.4588890000001,-120.354164,0
			34.4586110000001,-120.354446,0
			34.458622,-120.354736,0
			34.4583130000001,-120.35498,0
			34.4580570000001,-120.355278,0
			34.45813,-120.35553,0
			34.4577790000001,-120.355835,0
			34.4577790000001,-120.35611,0
			34.4577790000001,-120.356392,0
			34.4575540000002,-120.356705,0
			34.457481,-120.356804,0
			34.4574620000002,-120.356926,0
			34.4574090000001,-120.357033,0
			34.4572220000001,-120.357224,0
			34.4569440000001,-120.357498,0
			34.4566650000002,-120.35778,0
			34.4566650000002,-120.35791,0
			34.4566650000002,-120.358055,0
			34.4566650000002,-120.35833,0
			34.4569440000001,-120.358612,0
			34.457275,-120.358887,0
			34.457275,-120.359169,0
			34.457275,-120.359497,0
			34.457275,-120.359726,0
			34.4569440000001,-120.360001,0
			34.4569440000001,-120.360275,0
			34.457275,-120.360596,0
			34.457275,-120.360832,0
			34.457275,-120.361115,0
			34.457275,-120.361389,0
			34.457275,-120.361694,0
			34.4572180000001,-120.361946,0
			34.4571570000002,-120.362206,0
			34.4569440000001,-120.362503,0
			34.4569440000001,-120.362778,0
			34.4569440000001,-120.363052,0
			34.4569440000001,-120.363335,0
			34.4569440000001,-120.363609,0
			34.4566650000002,-120.363892,0
			34.4567260000001,-120.364197,0
			34.4567260000001,-120.364441,0
			34.4567260000001,-120.364723,0
			34.4567260000001,-120.36499,0
			34.4567260000001,-120.36528,0
			34.4567260000001,-120.365601,0
			34.4567260000001,-120.365837,0
			34.4567260000001,-120.366112,0
			34.4567260000001,-120.366386,0
			34.4567260000001,-120.366577,0
			34.4566920000001,-120.366676,0
			34.456612,-120.366928,0
			34.4565730000002,-120.367043,0
			34.4563900000001,-120.367226,0
			34.4563940000001,-120.3675,0
			34.4561120000001,-120.367775,0
			34.456116,-120.368103,0
			34.4561120000001,-120.368332,0
			34.4563900000001,-120.368614,0
			34.4563900000001,-120.368889,0
			34.4567260000001,-120.369164,0
			34.4567260000001,-120.369446,0
			34.4567260000001,-120.36969,0
			34.4566650000002,-120.370003,0
			34.4569590000002,-120.37027,0
			34.4569440000001,-120.370552,0
			34.4569440000001,-120.370834,0
			34.4569440000001,-120.371109,0
			34.4569440000001,-120.371391,0
			34.457275,-120.371704,0
			34.45723,-120.371948,0
			34.4571800000001,-120.372215,0
			34.4569440000001,-120.372498,0
			34.4569440000001,-120.37278,0
			34.4569630000001,-120.373062,0
			34.4568790000001,-120.373314,0
			34.4568410000002,-120.373436,0
			34.4566650000002,-120.373611,0
			34.4566800000002,-120.373787,0
			34.4566880000001,-120.373894,0
			34.4566040000001,-120.374146,0
			34.4565620000001,-120.374268,0
			34.4563900000001,-120.374443,0
			34.4563900000001,-120.374725,0
			34.4563900000001,-120.375,0
			34.4563900000001,-120.375275,0
			34.4563900000001,-120.375557,0
			34.4563900000001,-120.375832,0
			34.4563900000001,-120.376114,0
			34.4563900000001,-120.376389,0
			34.4563900000001,-120.376663,0
			34.4563870000001,-120.376945,0
			34.4563900000001,-120.37722,0
			34.4562,-120.377411,0
			34.4561580000001,-120.377518,0
			34.456116,-120.377625,0
			34.4561120000001,-120.377777,0
			34.4563600000001,-120.378067,0
			34.4563900000001,-120.378334,0
			34.4563900000001,-120.378609,0
			34.4563900000001,-120.378891,0
			34.4567260000001,-120.379211,0
			34.4566650000002,-120.379448,0
			34.4569440000001,-120.379723,0
			34.4569440000001,-120.379997,0
			34.4569440000001,-120.38028,0
			34.4569440000001,-120.380554,0
			34.4569930000001,-120.380844,0
			34.4569440000001,-120.381111,0
			34.4568670000002,-120.381187,0
			34.4566650000002,-120.381386,0
			34.4566840000001,-120.381676,0
			34.4563900000001,-120.381943,0
			34.4564820000001,-120.382202,0
			34.4563900000001,-120.382355,0
			34.4563900000001,-120.3825,0
			34.4561770000001,-120.382713,0
			34.456116,-120.382812,0
			34.456116,-120.383057,0
			34.456116,-120.383423,0
			34.455833,-120.383614,0
			34.455833,-120.383888,0
			34.4558720000001,-120.384216,0
			34.455833,-120.384445,0
			34.4557910000001,-120.384712,0
			34.4555550000002,-120.385002,0
			34.4555550000002,-120.385277,0
			34.4555550000002,-120.385559,0
			34.4555550000002,-120.385834,0
			34.4555550000002,-120.386108,0
			34.4552760000001,-120.386391,0
			34.4553220000001,-120.386719,0
			34.4553220000001,-120.386948,0
			34.4553220000001,-120.387222,0
			34.4553220000001,-120.387497,0
			34.4553220000001,-120.387817,0
			34.4553220000001,-120.388054,0
			34.4553220000001,-120.388336,0
			34.4553220000001,-120.388611,0
			34.4553220000001,-120.388916,0
			34.4553220000001,-120.389168,0
			34.4553220000001,-120.389442,0
			34.4553220000001,-120.389709,0
			34.455002,-120.389999,0
			34.455208,-120.390617,0
			34.4553180000001,-120.391151,0
			34.4553870000001,-120.391693,0
			34.4553300000002,-120.392189,0
			34.4552420000002,-120.392815,0
			34.4551850000001,-120.393097,0
			34.455139,-120.393326,0
			34.4549830000001,-120.393921,0
			34.4550400000002,-120.394478,0
			34.455032,-120.394608,0
			34.455154,-120.394913,0
			34.4552690000001,-120.395401,0
			34.4552880000001,-120.395485,0
			34.455296,-120.39563,0
			34.4552990000001,-120.395721,0
			34.4552610000002,-120.395874,0
			34.455154,-120.396301,0
			34.4550360000002,-120.396591,0
			34.455025,-120.396667,0
			34.4549900000001,-120.396942,0
			34.4549560000002,-120.397217,0
			34.455002,-120.397499,0
			34.4549060000001,-120.397598,0
			34.4547230000001,-120.397781,0
			34.4547880000001,-120.398071,0
			34.454712,-120.398376,0
			34.4547230000001,-120.398613,0
			34.4550780000001,-120.398926,0
			34.455002,-120.39917,0
			34.4553220000001,-120.399475,0
			34.4553220000001,-120.399719,0
			34.4553220000001,-120.400002,0
			34.4553220000001,-120.40033,0
			34.4552730000001,-120.400558,0
			34.4552120000002,-120.400818,0
			34.455002,-120.401108,0
			34.455002,-120.40139,0
			34.455002,-120.401665,0
			34.455002,-120.401947,0
			34.455002,-120.402222,0
			34.455002,-120.402496,0
			34.455002,-120.402779,0
			34.455002,-120.403053,0
			34.4550780000001,-120.403381,0
			34.455032,-120.403618,0
			34.4549790000001,-120.403885,0
			34.455002,-120.404167,0
			34.454903,-120.404266,0
			34.4547230000001,-120.404442,0
			34.4547840000001,-120.404739,0
			34.454712,-120.405029,0
			34.4547160000002,-120.405281,0
			34.4547200000002,-120.405556,0
			34.4547230000001,-120.40583,0
			34.4546700000001,-120.406105,0
			34.4544450000001,-120.406387,0
			34.4544450000001,-120.40667,0
			34.4544530000001,-120.406952,0
			34.4541660000002,-120.407219,0
			34.4541660000002,-120.407501,0
			34.4541660000002,-120.407776,0
			34.4545290000002,-120.40802,0
			34.4544450000001,-120.408249,0
			34.454418,-120.408325,0
			34.4541660000002,-120.408607,0
			34.4541660000002,-120.40889,0
			34.4541660000002,-120.409164,0
			34.4542240000002,-120.40947,0
			34.4541660000002,-120.409615,0
			34.4541320000002,-120.409706,0
			34.454079,-120.409775,0
			34.4538880000001,-120.410004,0
			34.4538880000001,-120.410278,0
			34.4536090000001,-120.410553,0
			34.453918,-120.410835,0
			34.453918,-120.41111,0
			34.453918,-120.411392,0
			34.453918,-120.411499,0
			34.4538880000001,-120.411667,0
			34.4542200000002,-120.411903,0
			34.454128,-120.412193,0
			34.4539380000001,-120.412498,0
			34.4539300000002,-120.412781,0
			34.453918,-120.413086,0
			34.4536090000001,-120.41333,0
			34.4536440000001,-120.413628,0
			34.4536090000001,-120.413696,0
			34.4536090000001,-120.413803,0
			34.4535710000001,-120.413864,0
			34.453377,-120.414192,0
			34.4533580000001,-120.414314,0
			34.4533040000001,-120.414429,0
			34.4532590000001,-120.41452,0
			34.4530940000001,-120.414749,0
			34.4531210000002,-120.414978,0
			34.4527780000001,-120.415276,0
			34.4530560000002,-120.415558,0
			34.4533350000002,-120.415833,0
			34.4532850000001,-120.416504,0
			34.4532130000002,-120.417175,0
			34.4530260000001,-120.417732,0
			34.452698,-120.418091,0
			34.4522710000001,-120.418518,0
			34.4518810000001,-120.418861,0
			34.4518170000001,-120.418915,0
			34.4512830000002,-120.419121,0
			34.4511300000001,-120.41922,0
			34.450813,-120.419449,0
			34.450489,-120.419655,0
			34.4503780000001,-120.419769,0
			34.4500890000002,-120.42012,0
			34.450066,-120.420189,0
			34.44989,-120.420776,0
			34.4497490000001,-120.421394,0
			34.4497300000001,-120.42157,0
			34.449684,-120.421646,0
			34.449486,-120.421967,0
			34.4491650000001,-120.422226,0
			34.4491650000001,-120.422501,0
			34.4491650000001,-120.422775,0
			34.4491650000001,-120.423058,0
			34.449482,-120.423317,0
			34.4494710000002,-120.423393,0
			34.4494900000001,-120.423607,0
			34.449512,-120.423882,0
			34.449486,-120.424004,0
			34.4494480000001,-120.424164,0
			34.4491650000001,-120.424446,0
			34.4491650000001,-120.424721,0
			34.4494440000001,-120.425003,0
			34.4496570000001,-120.425224,0
			34.4497110000001,-120.425278,0
			34.4497150000001,-120.425552,0
			34.4497220000002,-120.425835,0
			34.4497150000001,-120.426109,0
			34.4497220000002,-120.426239,0
			34.4497300000001,-120.426392,0
			34.4497380000001,-120.426575,0
			34.4497450000001,-120.426651,0
			34.4497220000002,-120.426941,0
			34.4500240000001,-120.427208,0
			34.4500160000002,-120.427299,0
			34.4500350000001,-120.427498,0
			34.4500620000001,-120.427773,0
			34.4500310000001,-120.42791,0
			34.4500010000002,-120.428055,0
			34.450283,-120.428337,0
			34.450317,-120.428406,0
			34.450317,-120.428612,0
			34.450317,-120.428886,0
			34.450317,-120.429199,0
			34.450317,-120.429443,0
			34.450317,-120.429726,0
			34.450317,-120.43,0
			34.450317,-120.430176,0
			34.4502790000001,-120.430275,0
			34.4502790000001,-120.430557,0
			34.4505540000001,-120.430832,0
			34.4505540000001,-120.431114,0
			34.4505540000001,-120.431389,0
			34.4505540000001,-120.431664,0
			34.450886,-120.431923,0
			34.4508740000001,-120.431999,0
			34.4508900000002,-120.432213,0
			34.4508320000002,-120.432503,0
			34.4508320000002,-120.432777,0
			34.4508320000002,-120.433052,0
			34.4508320000002,-120.433334,0
			34.4508320000002,-120.433609,0
			34.4508320000002,-120.433891,0
			34.4508320000002,-120.434166,0
			34.4508320000002,-120.434448,0
			34.451088,-120.434731,0
			34.4511110000001,-120.434814,0
			34.4511110000001,-120.434998,0
			34.4511110000001,-120.43528,0
			34.4511110000001,-120.435608,0
			34.4511110000001,-120.435837,0
			34.4511110000001,-120.436111,0
			34.4511110000001,-120.436401,0
			34.4513400000001,-120.436707,0
			34.4513890000001,-120.436775,0
			34.4513890000001,-120.436943,0
			34.4514500000001,-120.437233,0
			34.451427,-120.4375,0
			34.4514120000002,-120.437691,0
			34.4514240000001,-120.43779,0
			34.4513890000001,-120.437859,0
			34.4513890000001,-120.438057,0
			34.451195,-120.438248,0
			34.4511450000001,-120.438347,0
			34.4511110000001,-120.438614,0
			34.4511110000001,-120.438889,0
			34.4511110000001,-120.439209,0
			34.4511110000001,-120.439445,0
			34.4511110000001,-120.43972,0
			34.4511110000001,-120.440002,0
			34.4511110000001,-120.440308,0
			34.4511110000001,-120.440552,0
			34.4511110000001,-120.440834,0
			34.451408,-120.441101,0
			34.4513890000001,-120.44146,0
			34.4513890000001,-120.441666,0
			34.4511800000002,-120.441879,0
			34.4511110000001,-120.442017,0
			34.4511110000001,-120.442223,0
			34.4511110000001,-120.442497,0
			34.4511110000001,-120.44281,0
			34.4511110000001,-120.443054,0
			34.4511110000001,-120.443336,0
			34.4511110000001,-120.443611,0
			34.4511110000001,-120.443909,0
			34.4508320000002,-120.444168,0
			34.4505540000001,-120.444168,0
			34.4502790000001,-120.444168,0
			34.4500010000002,-120.444443,0
			34.4500010000002,-120.444725,0
			34.450317,-120.445007,0
			34.4499130000002,-120.445297,0
			34.449467,-120.445557,0
			34.4490970000002,-120.445923,0
			34.448879,-120.446388,0
			34.4487300000001,-120.446899,0
			34.4484860000001,-120.447388,0
			34.4483220000001,-120.447884,0
			34.4482960000001,-120.44796,0
			34.4481200000001,-120.448486,0
			34.4478450000001,-120.448959,0
			34.4476050000001,-120.4496,0
			34.4474220000001,-120.450203,0
			34.447166,-120.450783,0
			34.4470630000001,-120.450912,0
			34.446781,-120.451256,0
			34.4462780000001,-120.451576,0
			34.4461060000001,-120.451721,0
			34.445835,-120.451942,0
			34.4455570000002,-120.451942,0
			34.4453130000001,-120.451904,0
			34.445004,-120.451965,0
			34.4447250000001,-120.451988,0
			34.444443,-120.452225,0
			34.4441680000002,-120.452225,0
			34.4439090000001,-120.452209,0
			34.4436110000001,-120.452225,0
			34.4433330000002,-120.451942,0
			34.4430540000002,-120.451942,0
			34.4429890000001,-120.451874,0
			34.4427800000001,-120.451668,0
			34.442505,-120.452026,0
			34.4422230000002,-120.452225,0
			34.4422230000002,-120.452499,0
			34.441944,-120.452774,0
			34.4417110000001,-120.453125,0
			34.4416660000001,-120.453331,0
			34.441944,-120.453629,0
			34.441944,-120.453888,0
			34.441944,-120.45417,0
			34.441944,-120.454445,0
			34.4422230000002,-120.45472,0
			34.4422230000002,-120.455002,0
			34.4425010000001,-120.455276,0
			34.4428250000001,-120.455536,0
			34.4428140000001,-120.45562,0
			34.4427800000001,-120.455833,0
			34.4430810000001,-120.4561,0
			34.4431150000001,-120.456177,0
			34.4430540000002,-120.45639,0
			34.4433330000002,-120.456665,0
			34.4436110000001,-120.456947,0
			34.4439090000001,-120.457275,0
			34.4438900000001,-120.457497,0
			34.444031,-120.457642,0
			34.4441680000002,-120.457779,0
			34.4440920000001,-120.457825,0
			34.4438900000001,-120.458054,0
			34.4439090000001,-120.458313,0
			34.4438900000001,-120.458611,0
			34.4441680000002,-120.458885,0
			34.4441680000002,-120.459167,0
			34.444443,-120.459442,0
			34.4447210000001,-120.459724,0
			34.4450000000001,-120.459999,0
			34.445278,-120.459999,0
			34.4455570000002,-120.460281,0
			34.445835,-120.460556,0
			34.4461100000001,-120.460831,0
			34.4463880000002,-120.460831,0
			34.4466670000002,-120.461113,0
			34.4469450000001,-120.461388,0
			34.4469450000001,-120.46167,0
			34.4469450000001,-120.461945,0
			34.4469450000001,-120.462219,0
			34.4469450000001,-120.462502,0
			34.4469450000001,-120.462776,0
			34.4472240000001,-120.463058,0
			34.4472240000001,-120.463333,0
			34.4472240000001,-120.463608,0
			34.4474980000002,-120.46389,0
			34.447777,-120.464165,0
			34.4480550000001,-120.464447,0
			34.448334,-120.464722,0
			34.4486120000001,-120.464996,0
			34.4486120000001,-120.465279,0
			34.4486120000001,-120.465553,0
			34.4486120000001,-120.465836,0
			34.4486120000001,-120.46611,0
			34.4486120000001,-120.466393,0
			34.4486120000001,-120.466667,0
			34.448334,-120.466942,0
			34.448334,-120.467224,0
			34.4480550000001,-120.467499,0
			34.448334,-120.467781,0
			34.4486350000001,-120.468048,0
			34.4486120000001,-120.46833,0
			34.4486120000001,-120.468613,0
			34.4486120000001,-120.468887,0
			34.4486120000001,-120.46917,0
			34.4486120000001,-120.469444,0
			34.4486120000001,-120.469719,0
			34.448334,-120.470001,0
			34.4480550000001,-120.470276,0
			34.4481200000001,-120.47052,0
			34.447777,-120.470833,0
			34.447777,-120.471107,0
			34.447777,-120.47139,0
			34.447777,-120.471664,0
			34.4480550000001,-120.471947,0
			34.448334,-120.472221,0
			34.4486120000001,-120.472504,0
			34.4488910000002,-120.472504,0
			34.4491650000001,-120.472221,0
			34.4494550000001,-120.47197,0
			34.4497110000001,-120.471916,0
			34.4497830000001,-120.471886,0
			34.4500010000002,-120.471664,0
			34.450317,-120.47168,0
			34.4505420000002,-120.471725,0
			34.4506300000002,-120.471741,0
			34.4508320000002,-120.471947,0
			34.4511110000001,-120.471947,0
			34.4513890000001,-120.471947,0
			34.4517210000002,-120.471924,0
			34.4519460000001,-120.471664,0
			34.452114,-120.47184,0
			34.4522210000002,-120.471947,0
			34.4527850000001,-120.471909,0
			34.4528350000002,-120.471962,0
			34.4533350000002,-120.472504,0
			34.453602,-120.472458,0
			34.453918,-120.472778,0
			34.453918,-120.473328,0
			34.4541660000002,-120.47361,0
			34.4544450000001,-120.47361,0
			34.454712,-120.473389,0
			34.4550480000001,-120.473289,0
			34.4552760000001,-120.473053,0
			34.4555780000001,-120.473122,0
			34.4558720000001,-120.473022,0
			34.4561120000001,-120.473022,0
			34.4563900000001,-120.473022,0
			34.4567260000001,-120.473022,0
			34.4569440000001,-120.473335,0
			34.4572220000001,-120.473335,0
			34.4575000000002,-120.47361,0
			34.4578060000001,-120.473564,0
			34.4580570000001,-120.473892,0
			34.4583130000001,-120.473877,0
			34.4586110000001,-120.473877,0
			34.4589230000001,-120.473877,0
			34.459167,-120.473877,0
			34.4594730000001,-120.473877,0
			34.4597210000001,-120.473892,0
			34.4600140000001,-120.473648,0
			34.4603270000001,-120.473511,0
			34.4605560000001,-120.47361,0
			34.460835,-120.47361,0
			34.4611130000001,-120.47361,0
			34.4613880000001,-120.47361,0
			34.461666,-120.47361,0
			34.461945,-120.47361,0
			34.4622230000001,-120.47361,0
			34.4625020000001,-120.47361,0
			34.4627760000001,-120.47361,0
			34.4630550000001,-120.47361,0
			34.4633330000001,-120.47361,0
			34.4636120000001,-120.47361,0
			34.46389,-120.47361,0
			34.464169,-120.473892,0
			34.464478,-120.473877,0
			34.4647220000001,-120.473885,0
			34.465,-120.473892,0
			34.465279,-120.4739,0
			34.465569,-120.473907,0
			34.4658320000001,-120.474167,0
			34.466125,-120.474182,0
			34.466389,-120.474182,0
			34.4666750000001,-120.474182,0
			34.4669460000001,-120.474182,0
			34.467224,-120.474182,0
			34.467529,-120.474182,0
			34.4677620000001,-120.474236,0
			34.4680560000001,-120.474167,0
			34.468216,-120.474327,0
			34.468334,-120.474442,0
			34.46862,-120.474388,0
			34.4688720000001,-120.474426,0
			34.4691660000001,-120.474724,0
			34.469444,-120.474724,0
			34.4697300000001,-120.474701,0
			34.4700010000001,-120.474998,0
			34.4702760000001,-120.474998,0
			34.4705200000001,-120.474976,0
			34.470833,-120.475281,0
			34.4711300000001,-120.475281,0
			34.4713780000002,-120.475334,0
			34.4714660000002,-120.475357,0
			34.4716680000002,-120.475555,0
			34.471943,-120.475555,0
			34.472233,-120.475487,0
			34.472473,-120.475525,0
			34.4727780000002,-120.475525,0
			34.473083,-120.475525,0
			34.4733660000002,-120.475594,0
			34.4736100000001,-120.47583,0
			34.473888,-120.47583,0
			34.4741670000002,-120.476112,0
			34.4744450000001,-120.476112,0
			34.4747050000001,-120.476143,0
			34.4750250000001,-120.476341,0
			34.4752770000002,-120.476669,0
			34.475567,-120.476646,0
			34.4758340000001,-120.476944,0
			34.4761240000001,-120.476913,0
			34.476387,-120.477219,0
			34.4766850000001,-120.47718,0
			34.4769440000001,-120.477501,0
			34.477222,-120.477501,0
			34.4774780000001,-120.477478,0
			34.4777790000001,-120.477776,0
			34.4780880000001,-120.477783,0
			34.4783330000001,-120.477776,0
			34.4784510000001,-120.477898,0
			34.4786110000002,-120.478058,0
			34.4788820000001,-120.478027,0
			34.4791680000001,-120.478333,0
			34.4795230000001,-120.478638,0
			34.4799120000002,-120.479012,0
			34.4799690000001,-120.479065,0
			34.4802930000001,-120.479485,0
			34.4803470000001,-120.479546,0
			34.4808580000001,-120.479965,0
			34.4813000000001,-120.480301,0
			34.4817350000002,-120.480736,0
			34.4818990000001,-120.480835,0
			34.4821620000002,-120.481125,0
			34.4824980000001,-120.481667,0
			34.4825250000002,-120.481804,0
			34.4825480000001,-120.481911,0
			34.4824980000001,-120.482224,0
			34.4827770000001,-120.482498,0
			34.4831010000001,-120.48275,0
			34.4832420000002,-120.482948,0
			34.4833490000001,-120.483047,0
			34.4833340000002,-120.48333,0
			34.483646,-120.483597,0
			34.483635,-120.483696,0
			34.4836120000001,-120.483887,0
			34.4836120000001,-120.484169,0
			34.4838910000001,-120.484505,0
			34.4838910000001,-120.484726,0
			34.4841650000002,-120.485001,0
			34.4841650000002,-120.485275,0
			34.4844440000002,-120.485558,0
			34.4844440000002,-120.485832,0
			34.4847220000001,-120.486115,0
			34.4850010000001,-120.486389,0
			34.4852790000002,-120.486664,0
			34.4856030000001,-120.486916,0
			34.4857940000001,-120.487244,0
			34.4858320000001,-120.487305,0
			34.4858320000001,-120.487503,0
			34.486031,-120.487701,0
			34.486061,-120.487793,0
			34.4861110000001,-120.487938,0
			34.4861110000001,-120.488052,0
			34.4863890000001,-120.488335,0
			34.4866680000002,-120.488609,0
			34.486946,-120.488892,0
			34.4872210000001,-120.489166,0
			34.4874990000002,-120.489441,0
			34.4877780000002,-120.489723,0
			34.4880560000001,-120.489998,0
			34.4883350000001,-120.489998,0
			34.4886250000001,-120.489929,0
			34.4888920000001,-120.48999,0
			34.4891660000001,-120.49028,0
			34.4895020000002,-120.490295,0
			34.4897080000002,-120.490341,0
			34.4898110000001,-120.490364,0
			34.4900020000001,-120.490555,0
			34.4902760000001,-120.490555,0
			34.4905240000002,-120.490608,0
			34.4908560000001,-120.490791,0
			34.4911120000002,-120.491112,0
			34.491394,-120.491104,0
			34.4916650000001,-120.491386,0
			34.4918820000001,-120.491394,0
			34.4922220000001,-120.491386,0
			34.492313,-120.491478,0
			34.4925000000001,-120.491669,0
			34.492779,-120.491943,0
			34.4930570000001,-120.492226,0
			34.4933320000002,-120.4925,0
			34.49361,-120.492775,0
			34.4938890000001,-120.493057,0
			34.4941670000001,-120.493332,0
			34.4944460000002,-120.493614,0
			34.4946520000001,-120.49382,0
			34.4947200000001,-120.493889,0
			34.4945680000001,-120.494041,0
			34.494511,-120.494186,0
			34.494511,-120.494446,0
			34.4945070000001,-120.49472,0
			34.4945070000001,-120.494812,0
			34.4945070000001,-120.495003,0
			34.4945070000001,-120.495277,0
			34.4945070000001,-120.495605,0
			34.4944460000002,-120.495834,0
			34.4947660000001,-120.496086,0
			34.4947200000001,-120.496391,0
			34.4947200000001,-120.496666,0
			34.4949990000001,-120.496666,0
			34.4952770000002,-120.496948,0
			34.4955560000001,-120.496948,0
			34.4958340000001,-120.496948,0
			34.4960940000001,-120.496704,0
			34.496426,-120.496704,0
			34.4966660000001,-120.496948,0
			34.496944,-120.496948,0
			34.497234,-120.496925,0
			34.497311,-120.496956,0
			34.4975200000001,-120.496964,0
			34.4977760000002,-120.497223,0
			34.4981080000001,-120.497192,0
			34.4983330000001,-120.497498,0
			34.498676,-120.497498,0
			34.4988900000001,-120.497498,0
			34.499043,-120.49765,0
			34.4991680000001,-120.49778,0
			34.4994510000002,-120.497749,0
			34.4996950000001,-120.497803,0
			34.5000000000001,-120.49778,0
			34.5001070000001,-120.497887,0
			34.500278,-120.498055,0
			34.5005610000002,-120.498047,0
			34.5008320000001,-120.498337,0
			34.5010990000001,-120.498291,0
			34.5014150000001,-120.498367,0
			34.5016670000001,-120.498611,0
			34.501991,-120.498566,0
			34.5022240000001,-120.498886,0
			34.5024990000001,-120.499168,0
			34.502777,-120.499443,0
			34.503056,-120.499443,0
			34.5033340000001,-120.499725,0
			34.5036130000001,-120.499725,0
			34.503906,-120.499695,0
			34.5041660000001,-120.499695,0
			34.5044440000001,-120.499695,0
			34.5047000000002,-120.499695,0
			34.5050390000001,-120.499763,0
			34.50528,-120.5,0
			34.5055540000001,-120.500275,0
			34.5058330000001,-120.500275,0
			34.5061190000002,-120.500259,0
			34.5063900000002,-120.500557,0
			34.5066680000001,-120.500557,0
			34.5069430000001,-120.500832,0
			34.50721,-120.500847,0
			34.5073130000002,-120.500923,0
			34.5075000000001,-120.501114,0
			34.5077780000001,-120.501114,0
			34.5080680000002,-120.50106,0
			34.5083390000001,-120.501114,0
			34.50861,-120.501389,0
			34.5089110000001,-120.501404,0
			34.5091670000001,-120.501396,0
			34.509445,-120.501389,0
			34.5095210000001,-120.501389,0
			34.5097240000002,-120.501389,0
			34.5099980000001,-120.501671,0
			34.5099980000001,-120.501945,0
			34.510315,-120.502197,0
			34.5105550000002,-120.502235,0
			34.5108260000001,-120.502274,0
			34.5108990000001,-120.502289,0
			34.5111120000001,-120.502502,0
			34.5113910000001,-120.502777,0
			34.5116650000001,-120.503052,0
			34.511944,-120.503334,0
			34.511944,-120.503609,0
			34.511944,-120.503891,0
			34.5122220000001,-120.504166,0
			34.5125010000001,-120.504448,0
			34.5127790000002,-120.504723,0
			34.5130540000002,-120.504997,0
			34.513355,-120.504951,0
			34.5136110000001,-120.50528,0
			34.5138890000002,-120.505554,0
			34.514168,-120.505554,0
			34.5144460000001,-120.505836,0
			34.514709,-120.505798,0
			34.5150380000001,-120.505875,0
			34.515278,-120.506111,0
			34.5155560000001,-120.506111,0
			34.5158350000001,-120.506386,0
			34.516109,-120.506668,0
			34.5163880000002,-120.506668,0
			34.5166660000001,-120.506943,0
			34.5169450000001,-120.507225,0
			34.5172230000002,-120.5075,0
			34.5175020000001,-120.5075,0
			34.5176960000001,-120.507637,0
			34.517818,-120.507721,0
			34.5180550000001,-120.508057,0
			34.518333,-120.508331,0
			34.5186120000002,-120.508614,0
			34.5188900000001,-120.508888,0
			34.5191650000001,-120.508888,0
			34.5194440000001,-120.509163,0
			34.5194440000001,-120.509445,0
			34.5197220000002,-120.50972,0
			34.5200000000001,-120.510002,0
			34.5202790000001,-120.510277,0
			34.5205570000002,-120.510559,0
			34.5208780000001,-120.510559,0
			34.5211140000001,-120.510544,0
			34.5214270000002,-120.510597,0
			34.5216670000001,-120.510834,0
			34.5219460000002,-120.510834,0
			34.5222210000002,-120.511108,0
			34.5224990000001,-120.511391,0
			34.5227780000001,-120.511665,0
			34.5230560000002,-120.511948,0
			34.5233350000001,-120.512222,0
			34.5236130000001,-120.512497,0
			34.5238880000001,-120.512779,0
			34.5241660000002,-120.513054,0
			34.5241660000002,-120.513336,0
			34.5244450000002,-120.513611,0
			34.5247230000001,-120.513916,0
			34.5247230000001,-120.514168,0
			34.5250020000001,-120.514442,0
			34.52533,-120.514725,0
			34.52533,-120.515076,0
			34.5250020000001,-120.515274,0
			34.5250020000001,-120.515556,0
			34.5250050000001,-120.515831,0
			34.5247230000001,-120.516113,0
			34.5248570000002,-120.516228,0
			34.5250280000001,-120.516373,0
			34.5250020000001,-120.51667,0
			34.5252760000002,-120.516945,0
			34.5254750000001,-120.517082,0
			34.5256120000001,-120.517181,0
			34.5255550000002,-120.517502,0
			34.5258330000001,-120.517776,0
			34.5261230000001,-120.518127,0
			34.5261120000001,-120.518333,0
			34.5263900000002,-120.518608,0
			34.5266690000001,-120.51889,0
			34.5269430000001,-120.519165,0
			34.5272220000001,-120.519447,0
			34.5275000000001,-120.519722,0
			34.5277790000001,-120.519997,0
			34.5280760000001,-120.520203,0
			34.528057,-120.520554,0
			34.5283320000001,-120.520836,0
			34.5283320000001,-120.521111,0
			34.5286100000002,-120.521111,0
			34.5291980000001,-120.521538,0
			34.5296250000001,-120.522018,0
			34.5299300000001,-120.522568,0
			34.5301510000001,-120.52317,0
			34.530468,-120.523735,0
			34.5308840000002,-120.524109,0
			34.531258,-120.524666,0
			34.5315250000001,-120.525276,0
			34.531681,-120.525879,0
			34.5318300000001,-120.526657,0
			34.5321040000001,-120.527222,0
			34.5322530000001,-120.527718,0
			34.532295,-120.527863,0
			34.5323220000001,-120.528381,0
			34.5325970000002,-120.529015,0
			34.5329820000001,-120.529503,0
			34.5333140000002,-120.529999,0
			34.5336910000001,-120.530518,0
			34.5340000000001,-120.530937,0
			34.5343630000001,-120.53138,0
			34.5346640000001,-120.531883,0
			34.5349120000001,-120.53241,0
			34.5351410000002,-120.532974,0
			34.5353890000001,-120.533524,0
			34.535603,-120.534103,0
			34.5359080000001,-120.534668,0
			34.5360720000001,-120.535217,0
			34.5362210000002,-120.535378,0
			34.5364420000002,-120.535751,0
			34.5367660000002,-120.536163,0
			34.5370520000002,-120.536591,0
			34.537273,-120.536995,0
			34.537312,-120.537064,0
			34.5374340000002,-120.537582,0
			34.5374870000001,-120.537796,0
			34.537563,-120.538094,0
			34.537769,-120.538567,0
			34.5380860000001,-120.539001,0
			34.5383150000001,-120.539421,0
			34.5386010000001,-120.539848,0
			34.5388830000002,-120.540276,0
			34.539143,-120.540726,0
			34.5393560000001,-120.541237,0
			34.539478,-120.541809,0
			34.5396040000001,-120.542313,0
			34.5396390000002,-120.542381,0
			34.5397910000002,-120.542953,0
			34.5399930000002,-120.543503,0
			34.5401880000001,-120.54406,0
			34.540283,-120.544678,0
			34.5405270000001,-120.545227,0
			34.5405160000001,-120.545776,0
			34.5405270000001,-120.545868,0
			34.5405270000001,-120.546509,0
			34.540421,-120.547104,0
			34.5405270000001,-120.547729,0
			34.5405850000001,-120.54834,0
			34.540695,-120.548889,0
			34.5407100000002,-120.548965,0
			34.5407100000002,-120.549622,0
			34.5407100000002,-120.550293,0
			34.5404970000001,-120.550896,0
			34.5404740000002,-120.550987,0
			34.5403180000001,-120.551674,0
			34.5400010000001,-120.551941,0
			34.5400010000001,-120.552223,0
			34.5400010000001,-120.552498,0
			34.5400010000001,-120.55278,0
			34.5402790000001,-120.553055,0
			34.5402790000001,-120.553337,0
			34.540554,-120.553612,0
			34.540833,-120.553917,0
			34.540833,-120.554016,0
			34.540833,-120.554169,0
			34.541039,-120.554375,0
			34.541073,-120.554459,0
			34.5411110000001,-120.55455,0
			34.5411110000001,-120.554726,0
			34.5414430000001,-120.554962,0
			34.5416530000001,-120.555222,0
			34.5417100000001,-120.555267,0
			34.5416680000002,-120.555557,0
			34.5418210000001,-120.55571,0
			34.5419430000001,-120.555832,0
			34.5419430000001,-120.556129,0
			34.5419430000001,-120.556389,0
			34.5420800000002,-120.556549,0
			34.5421910000001,-120.556679,0
			34.5422210000002,-120.556747,0
			34.5422210000002,-120.556946,0
			34.5422210000002,-120.55722,0
			34.5425000000001,-120.557503,0
			34.5427780000001,-120.557777,0
			34.5430560000001,-120.558052,0
			34.543343,-120.558403,0
			34.5433690000001,-120.558594,0
			34.543549,-120.558922,0
			34.543701,-120.559204,0
			34.5436100000001,-120.559448,0
			34.5436100000001,-120.559723,0
			34.543888,-120.559998,0
			34.5439110000002,-120.560181,0
			34.5439220000002,-120.560265,0
			34.543888,-120.560555,0
			34.543888,-120.560837,0
			34.5441670000002,-120.561111,0
			34.544476,-120.561371,0
			34.5444450000001,-120.561668,0
			34.5447240000001,-120.561943,0
			34.5450060000002,-120.562218,0
			34.544998,-120.5625,0
			34.544998,-120.562775,0
			34.5452770000001,-120.563057,0
			34.5455550000001,-120.563332,0
			34.5458340000001,-120.563614,0
			34.546112,-120.563889,0
			34.5463790000001,-120.563904,0
			34.5467030000001,-120.564102,0
			34.5469440000001,-120.564445,0
			34.547222,-120.564445,0
			34.5475010000002,-120.564445,0
			34.5477290000001,-120.564392,0
			34.5480540000001,-120.56472,0
			34.5482790000001,-120.564697,0
			34.548611,-120.565033,0
			34.548611,-120.565277,0
			34.5488890000001,-120.565552,0
			34.5491680000001,-120.565834,0
			34.5491680000001,-120.566109,0
			34.549446,-120.566391,0
			34.5496370000002,-120.566582,0
			34.5496860000001,-120.566681,0
			34.549721,-120.566757,0
			34.549721,-120.566948,0
			34.5499990000001,-120.567223,0
			34.5499990000001,-120.567497,0
			34.5502780000001,-120.56778,0
			34.550556,-120.568054,0
			34.550842,-120.568329,0
			34.5509030000001,-120.56842,0
			34.5508350000002,-120.568611,0
			34.5511090000001,-120.568886,0
			34.5514030000001,-120.56916,0
			34.5513880000001,-120.569443,0
			34.551617,-120.56974,0
			34.5516700000002,-120.569885,0
			34.5516700000002,-120.57,0
			34.5516050000001,-120.570259,0
			34.5515790000001,-120.570366,0
			34.5513880000001,-120.570557,0
			34.5513880000001,-120.570831,0
			34.5513880000001,-120.571114,0
			34.5516660000002,-120.571388,0
			34.5516660000002,-120.571663,0
			34.5518840000001,-120.571899,0
			34.5519330000001,-120.571953,0
			34.5522230000001,-120.572243,0
			34.5522230000001,-120.572502,0
			34.5522230000001,-120.572777,0
			34.5525020000001,-120.573059,0
			34.5525020000001,-120.573135,0
			34.5525020000001,-120.573334,0
			34.552776,-120.573608,0
			34.5530850000002,-120.573868,0
			34.553165,-120.573997,0
			34.5532880000001,-120.574196,0
			34.5533330000001,-120.574265,0
			34.5533330000001,-120.574448,0
			34.5536120000001,-120.574722,0
			34.5536120000001,-120.574997,0
			34.55389,-120.575279,0
			34.5540310000001,-120.575417,0
			34.5541650000002,-120.575554,0
			34.5542180000002,-120.57579,0
			34.554474,-120.576088,0
			34.554668,-120.576317,0
			34.5547370000001,-120.576378,0
			34.5547220000001,-120.576668,0
			34.5550500000001,-120.576912,0
			34.5550000000002,-120.577225,0
			34.555275,-120.577499,0
			34.5552980000002,-120.577576,0
			34.5553470000001,-120.577759,0
			34.5553780000002,-120.577873,0
			34.5555570000001,-120.578056,0
			34.5555040000002,-120.578354,0
			34.5556110000001,-120.57859,0
			34.5555570000001,-120.578888,0
			34.5559080000002,-120.579224,0
			34.5558320000001,-120.579445,0
			34.5558320000001,-120.57972,0
			34.5558320000001,-120.580002,0
			34.55611,-120.580276,0
			34.556389,-120.580559,0
			34.556389,-120.580833,0
			34.5566330000001,-120.581116,0
			34.5567020000001,-120.581421,0
			34.5566670000001,-120.581665,0
			34.5568850000002,-120.581947,0
			34.556877,-120.582222,0
			34.5568730000001,-120.582497,0
			34.5568730000001,-120.582573,0
			34.5566670000001,-120.582779,0
			34.556389,-120.583054,0
			34.556389,-120.583336,0
			34.5566330000001,-120.583618,0
			34.5567020000001,-120.583923,0
			34.5567020000001,-120.584167,0
			34.5567020000001,-120.584442,0
			34.5567020000001,-120.584724,0
			34.5567020000001,-120.5849,0
			34.5566440000001,-120.584984,0
			34.5566670000001,-120.585281,0
			34.556389,-120.585556,0
			34.5561710000001,-120.58577,0
			34.5561410000001,-120.585846,0
			34.5558320000001,-120.586113,0
			34.5558320000001,-120.586388,0
			34.5558320000001,-120.58667,0
			34.5558320000001,-120.586945,0
			34.5558320000001,-120.587219,0
			34.5558320000001,-120.587502,0
			34.5558320000001,-120.587776,0
			34.556091,-120.588013,0
			34.5564190000002,-120.588295,0
			34.556389,-120.588608,0
			34.55611,-120.58889,0
			34.556091,-120.589111,0
			34.55611,-120.589447,0
			34.5564120000001,-120.589706,0
			34.556389,-120.589996,0
			34.556389,-120.590279,0
			34.5566410000001,-120.590561,0
			34.5567020000001,-120.590881,0
			34.5567020000001,-120.59111,0
			34.5567020000001,-120.591393,0
			34.5567020000001,-120.591667,0
			34.5567020000001,-120.591797,0
			34.5566670000001,-120.591942,0
			34.5566670000001,-120.592224,0
			34.5568850000002,-120.592499,0
			34.5568850000002,-120.592781,0
			34.5569270000001,-120.592873,0
			34.5569920000002,-120.593018,0
			34.5572470000001,-120.593307,0
			34.55722,-120.593513,0
			34.557175,-120.593582,0
			34.5569530000001,-120.593895,0
			34.5569880000002,-120.594139,0
			34.55722,-120.594475,0
			34.55722,-120.594719,0
			34.55722,-120.595001,0
			34.55722,-120.595276,0
			34.5569460000001,-120.595558,0
			34.5569340000001,-120.595886,0
			34.5569110000002,-120.596107,0
			34.5568850000002,-120.596382,0
			34.5569460000001,-120.596664,0
			34.5568470000001,-120.596764,0
			34.5567130000002,-120.596977,0
			34.556389,-120.597221,0
			34.556389,-120.597504,0
			34.556389,-120.597778,0
			34.556389,-120.598053,0
			34.556389,-120.598335,0
			34.556389,-120.59861,0
			34.556389,-120.598892,0
			34.5563960000001,-120.599174,0
			34.55611,-120.599442,0
			34.5558320000001,-120.599724,0
			34.5558320000001,-120.599998,0
			34.5561290000002,-120.600281,0
			34.5561370000001,-120.600395,0
			34.5561680000002,-120.600517,0
			34.556389,-120.600868,0
			34.556389,-120.601112,0
			34.556389,-120.601387,0
			34.556389,-120.601669,0
			34.556389,-120.601944,0
			34.556389,-120.602219,0
			34.556389,-120.602501,0
			34.556389,-120.602776,0
			34.5567020000001,-120.603088,0
			34.55666,-120.603333,0
			34.5566100000001,-120.603607,0
			34.5565950000002,-120.603683,0
			34.556389,-120.603889,0
			34.556389,-120.604164,0
			34.556389,-120.604446,0
			34.556679,-120.604721,0
			34.5567020000001,-120.604797,0
			34.5567020000001,-120.605003,0
			34.5567020000001,-120.605278,0
			34.5567020000001,-120.605591,0
			34.55666,-120.605835,0
			34.5566140000001,-120.606102,0
			34.5565990000001,-120.606178,0
			34.556389,-120.606392,0
			34.556389,-120.606667,0
			34.556389,-120.606941,0
			34.556389,-120.607224,0
			34.5567020000001,-120.607498,0
			34.5567020000001,-120.60778,0
			34.5567020000001,-120.608093,0
			34.5566670000001,-120.60833,0
			34.5566670000001,-120.608612,0
			34.556389,-120.608887,0
			34.5562740000001,-120.608887,0
			34.5561370000001,-120.608948,0
			34.5558320000001,-120.608887,0
			34.555569,-120.609192,0
			34.5552790000002,-120.609169,0
			34.5550000000002,-120.609444,0
			34.5549890000001,-120.609718,0
			34.5549200000002,-120.609802,0
			34.5547520000001,-120.610023,0
			34.554672,-120.610092,0
			34.5544170000001,-120.610229,0
			34.5541650000002,-120.610558,0
			34.5539360000001,-120.610786,0
			34.5539210000001,-120.610901,0
			34.55389,-120.611115,0
			34.5536080000001,-120.611389,0
			34.5535050000001,-120.611488,0
			34.5533330000001,-120.611664,0
			34.5533330000001,-120.611832,0
			34.5532880000001,-120.611923,0
			34.5530930000002,-120.612244,0
			34.553055,-120.612305,0
			34.5531080000001,-120.612488,0
			34.553055,-120.612778,0
			34.5532840000001,-120.613098,0
			34.5533330000001,-120.613174,0
			34.5533330000001,-120.613335,0
			34.5533330000001,-120.613609,0
			34.5536120000001,-120.613892,0
			34.5538710000002,-120.614159,0
			34.55389,-120.614441,0
			34.553772,-120.614563,0
			34.5536120000001,-120.614723,0
			34.5535890000002,-120.614983,0
			34.5534930000002,-120.61512,0
			34.5533640000002,-120.615303,0
			34.553349,-120.615425,0
			34.5532910000002,-120.615532,0
			34.5532260000001,-120.615662,0
			34.5530970000001,-120.61586,0
			34.5530890000002,-120.616112,0
			34.5530780000001,-120.616386,0
			34.55307,-120.616577,0
			34.5530780000001,-120.616676,0
			34.5530130000001,-120.616936,0
			34.552776,-120.617226,0
			34.552776,-120.6175,0
			34.552776,-120.617775,0
			34.5531010000001,-120.617981,0
			34.553055,-120.618332,0
			34.5533180000001,-120.618622,0
			34.553349,-120.618706,0
			34.5533750000002,-120.618858,0
			34.5535810000002,-120.619186,0
			34.5536270000001,-120.619255,0
			34.5536500000001,-120.619392,0
			34.553665,-120.619476,0
			34.553551,-120.61969,0
			34.5534320000001,-120.619904,0
			34.5533680000001,-120.620018,0
			34.553349,-120.620186,0
			34.553341,-120.620277,0
			34.5533330000001,-120.620552,0
			34.553654,-120.620811,0
			34.5536420000001,-120.620903,0
			34.553661,-120.621101,0
			34.5536120000001,-120.621391,0
			34.5536120000001,-120.621666,0
			34.5536120000001,-120.621948,0
			34.5536120000001,-120.622223,0
			34.5536120000001,-120.622498,0
			34.5533330000001,-120.62278,0
			34.5533330000001,-120.623108,0
			34.553341,-120.623337,0
			34.5533330000001,-120.623611,0
			34.5533330000001,-120.623886,0
			34.5535200000001,-120.624031,0
			34.5536460000001,-120.62413,0
			34.55389,-120.624443,0
			34.5541650000002,-120.624725,0
			34.5544430000001,-120.625,0
			34.5547220000001,-120.625,0
			34.554874,-120.625114,0
			34.5550270000001,-120.625237,0
			34.5552790000002,-120.625557,0
			34.555481,-120.625557,0
			34.5555570000001,-120.625557,0
			34.5558430000001,-120.625816,0
			34.5560610000001,-120.626015,0
			34.5561560000001,-120.626091,0
			34.55611,-120.626389,0
			34.556389,-120.626663,0
			34.556389,-120.626945,0
			34.5566670000001,-120.62722,0
			34.5567360000001,-120.627289,0
			34.5569460000001,-120.627502,0
			34.556969,-120.627747,0
			34.5569460000001,-120.628052,0
			34.55722,-120.628052,0
			34.5574990000002,-120.628334,0
			34.5577770000001,-120.628609,0
			34.5577770000001,-120.628891,0
			34.5580560000001,-120.629166,0
			34.5583340000002,-120.629448,0
			34.5586130000002,-120.629723,0
			34.5586130000002,-120.629997,0
			34.5588870000001,-120.63028,0
			34.5591660000001,-120.630554,0
			34.5594670000001,-120.630852,0
			34.5597530000002,-120.631081,0
			34.5597230000002,-120.631386,0
			34.560097,-120.631905,0
			34.5602570000001,-120.632065,0
			34.5604630000001,-120.632271,0
			34.56073,-120.63269,0
			34.5608520000001,-120.633179,0
			34.5608480000002,-120.633423,0
			34.560844,-120.63372,0
			34.5608480000002,-120.634254,0
			34.56073,-120.634216,0
			34.5605550000001,-120.634163,0
			34.5602760000001,-120.634445,0
			34.5600010000001,-120.63472,0
			34.559803,-120.634918,0
			34.5597080000002,-120.634949,0
			34.559509,-120.63501,0
			34.5591660000001,-120.635277,0
			34.5588870000001,-120.635277,0
			34.5586130000002,-120.635277,0
			34.5583500000001,-120.63559,0
			34.5582500000002,-120.635643,0
			34.5580560000001,-120.635834,0
			34.5580560000001,-120.636108,0
			34.5580560000001,-120.636391,0
			34.5583340000002,-120.636665,0
			34.5586130000002,-120.636665,0
			34.558899,-120.636597,0
			34.5591700000001,-120.63662,0
			34.5594440000002,-120.63665,0
			34.559517,-120.636658,0
			34.5597270000001,-120.636627,0
			34.5600010000001,-120.636673,0
			34.5602680000001,-120.636719,0
			34.5603450000001,-120.636734,0
			34.5605550000001,-120.636948,0
			34.5608410000001,-120.636925,0
			34.5611110000001,-120.637222,0
			34.5613900000001,-120.637222,0
			34.5615460000002,-120.637032,0
			34.5617030000002,-120.636833,0
			34.5618780000001,-120.637032,0
			34.562008,-120.637177,0
			34.5622600000001,-120.637505,0
			34.5622220000002,-120.637779,0
			34.5622220000002,-120.638054,0
			34.5625000000001,-120.638336,0
			34.5625000000001,-120.638611,0
			34.5625000000001,-120.638916,0
			34.562508,-120.639168,0
			34.5625190000001,-120.639442,0
			34.5625310000001,-120.639725,0
			34.5625380000002,-120.639885,0
			34.5625000000001,-120.640274,0
			34.5627780000002,-120.640556,0
			34.5630570000001,-120.640831,0
			34.5633320000002,-120.640831,0
			34.5636100000001,-120.640625,0
			34.5638960000001,-120.640274,0
			34.5641670000002,-120.640274,0
			34.5641670000002,-120.639999,0
			34.5641630000002,-120.639725,0
			34.5644450000001,-120.639442,0
			34.5644110000001,-120.639153,0
			34.5645140000001,-120.638916,0
			34.564423,-120.638618,0
			34.5644450000001,-120.638336,0
			34.5642510000002,-120.638138,0
			34.5641670000002,-120.638054,0
			34.5644870000002,-120.63781,0
			34.5646970000001,-120.637512,0
			34.5649950000001,-120.637535,0
			34.565273,-120.63755,0
			34.5655560000001,-120.637779,0
			34.5658340000001,-120.638054,0
			34.566113,-120.638336,0
			34.5663870000002,-120.638611,0
			34.5663870000002,-120.638885,0
			34.5666660000002,-120.639168,0
			34.5669440000001,-120.639442,0
			34.5672450000001,-120.639397,0
			34.5673220000001,-120.639442,0
			34.5675010000002,-120.639442,0
			34.5677990000001,-120.639221,0
			34.5681150000001,-120.639099,0
			34.5683330000001,-120.639168,0
			34.5686110000001,-120.639168,0
			34.5689090000001,-120.638916,0
			34.569168,-120.638611,0
			34.5694500000001,-120.638626,0
			34.5697100000002,-120.638565,0
			34.5700000000002,-120.638611,0
			34.5701450000001,-120.638466,0
			34.570278,-120.638336,0
			34.5705570000001,-120.638336,0
			34.5708350000002,-120.638336,0
			34.5709270000001,-120.638428,0
			34.5711100000001,-120.638611,0
			34.5713880000001,-120.638611,0
			34.571671,-120.638596,0
			34.5718880000001,-120.638664,0
			34.5719450000001,-120.638885,0
			34.5722690000001,-120.639137,0
			34.5722580000001,-120.639214,0
			34.5722770000001,-120.639435,0
			34.5722240000001,-120.639725,0
			34.5722240000001,-120.639999,0
			34.5722240000001,-120.640274,0
			34.5722240000001,-120.640556,0
			34.5722240000001,-120.640831,0
			34.5723840000001,-120.640991,0
			34.5724980000001,-120.641113,0
			34.5725100000002,-120.641418,0
			34.5724980000001,-120.64167,0
			34.572777,-120.641945,0
			34.5730550000001,-120.64222,0
			34.5730550000001,-120.642502,0
			34.5733340000002,-120.642776,0
			34.573612,-120.642776,0
			34.5738910000001,-120.642776,0
			34.5741650000002,-120.642776,0
			34.5744440000001,-120.643059,0
			34.5747220000001,-120.643333,0
			34.575001,-120.643608,0
			34.5753170000001,-120.643555,0
			34.5755540000001,-120.64389,0
			34.575832,-120.644165,0
			34.576111,-120.644447,0
			34.5763890000001,-120.644722,0
			34.5766870000001,-120.645004,0
			34.5763890000001,-120.645279,0
			34.5763890000001,-120.645554,0
			34.5763890000001,-120.645836,0
			34.5763890000001,-120.646111,0
			34.5763890000001,-120.646385,0
			34.576111,-120.646667,0
			34.576111,-120.646912,0
			34.576111,-120.647224,0
			34.576111,-120.647499,0
			34.576111,-120.647827,0
			34.576111,-120.648056,0
			34.576111,-120.648331,0
			34.576111,-120.648613,0
			34.576111,-120.648926,0
			34.575832,-120.64917,0
			34.575832,-120.649445,0
			34.5755540000001,-120.649719,0
			34.5752790000001,-120.650002,0
			34.5755540000001,-120.650276,0
			34.5755540000001,-120.650558,0
			34.5755540000001,-120.650833,0
			34.5755540000001,-120.651108,0
			34.5755540000001,-120.65139,0
			34.5755040000001,-120.651634,0
			34.5753170000001,-120.651978,0
			34.5752790000001,-120.652222,0
			34.5755540000001,-120.652496,0
			34.575832,-120.652496,0
			34.575924,-120.652588,0
			34.576111,-120.652779,0
			34.5763890000001,-120.652779,0
			34.5767210000001,-120.65271,0
			34.5766680000001,-120.652496,0
			34.5769460000002,-120.652222,0
			34.5772320000001,-120.651955,0
			34.5772210000001,-120.651665,0
			34.5775150000001,-120.651428,0
			34.5774990000002,-120.651108,0
			34.5777780000001,-120.650833,0
			34.5777780000001,-120.650558,0
			34.5777780000001,-120.650276,0
			34.5780560000001,-120.650002,0
			34.5783810000001,-120.649742,0
			34.5784420000002,-120.649612,0
			34.5786090000001,-120.649445,0
			34.5786400000001,-120.649185,0
			34.5786090000001,-120.648888,0
			34.5788880000001,-120.648613,0
			34.5788880000001,-120.648499,0
			34.5788880000001,-120.648422,0
			34.578857,-120.648346,0
			34.5786090000001,-120.648056,0
			34.5786090000001,-120.647888,0
			34.5785680000001,-120.647804,0
			34.578335,-120.647499,0
			34.5783080000001,-120.647278,0
			34.578556,-120.646904,0
			34.578674,-120.646729,0
			34.5788880000001,-120.646385,0
			34.5790180000001,-120.646385,0
			34.579166,-120.646385,0
			34.5794490000002,-120.646324,0
			34.579758,-120.646347,0
			34.5798490000001,-120.646263,0
			34.5800020000001,-120.646111,0
			34.5803220000001,-120.646118,0
			34.5805550000001,-120.646118,0
			34.580894,-120.646111,0
			34.5811120000001,-120.646111,0
			34.58139,-120.646111,0
			34.5817260000001,-120.645813,0
			34.5819440000002,-120.645813,0
			34.582275,-120.645813,0
			34.5825,-120.645836,0
			34.582657,-120.645676,0
			34.5827790000002,-120.645554,0
			34.5830500000001,-120.645538,0
			34.5833320000001,-120.645836,0
			34.5836110000001,-120.646111,0
			34.583889,-120.646111,0
			34.5841670000001,-120.646111,0
			34.5844460000001,-120.646111,0
			34.5847170000001,-120.645874,0
			34.584808,-120.645836,0
			34.584999,-120.645836,0
			34.585136,-120.645699,0
			34.5852780000002,-120.645554,0
			34.5853460000001,-120.645607,0
			34.5855790000001,-120.645798,0
			34.5858350000001,-120.646111,0
			34.5861130000002,-120.646111,0
			34.5863950000001,-120.646072,0
			34.5867310000002,-120.646118,0
			34.5869790000001,-120.646149,0
			34.587223,-120.646385,0
			34.587502,-120.646667,0
			34.5877080000002,-120.646606,0
			34.5880580000002,-120.646393,0
			34.588333,-120.646111,0
			34.588509,-120.646111,0
			34.5886120000002,-120.646111,0
			34.5888900000001,-120.645836,0
			34.5889280000001,-120.64563,0
			34.5889020000002,-120.645554,0
			34.5886120000002,-120.645279,0
			34.5886120000002,-120.644997,0
			34.5885730000002,-120.644753,0
			34.5883180000002,-120.644409,0
			34.5886120000002,-120.644165,0
			34.5886120000002,-120.643921,0
			34.5886120000002,-120.643608,0
			34.5886120000002,-120.643333,0
			34.5888900000001,-120.643059,0
			34.5891690000001,-120.642776,0
			34.5894430000002,-120.642502,0
			34.5897060000001,-120.642471,0
			34.5897870000001,-120.642433,0
			34.5900000000001,-120.64222,0
			34.5902710000001,-120.642212,0
			34.5905610000002,-120.641945,0
			34.5908700000002,-120.641663,0
			34.5910800000001,-120.641617,0
			34.5914150000001,-120.641434,0
			34.5915030000001,-120.641388,0
			34.591667,-120.641388,0
			34.591953,-120.641335,0
			34.592228,-120.641365,0
			34.5925060000001,-120.641396,0
			34.5927770000002,-120.64167,0
			34.5930560000002,-120.641388,0
			34.5933230000001,-120.641113,0
			34.5936130000001,-120.641113,0
			34.5939100000002,-120.640884,0
			34.5941160000002,-120.640808,0
			34.594265,-120.640732,0
			34.5944440000001,-120.640556,0
			34.594727,-120.640503,0
			34.595001,-120.640556,0
			34.5952760000002,-120.64032,0
			34.5955310000002,-120.640221,0
			34.5956650000001,-120.640167,0
			34.5958330000001,-120.639999,0
			34.5961110000002,-120.639999,0
			34.5963900000002,-120.639999,0
			34.5966720000001,-120.640259,0
			34.5969430000001,-120.640556,0
			34.5972210000002,-120.640831,0
			34.5974730000001,-120.640808,0
			34.5977780000001,-120.640808,0
			34.5980830000001,-120.640808,0
			34.598331,-120.640831,0
			34.5986100000002,-120.640831,0
			34.5988770000001,-120.640625,0
			34.5989950000001,-120.640663,0
			34.5991670000001,-120.640831,0
			34.5994870000001,-120.640808,0
			34.5997580000001,-120.641083,0
			34.6000980000002,-120.641418,0
			34.5999980000001,-120.64167,0
			34.6002540000001,-120.641953,0
			34.6002770000001,-120.642029,0
			34.6002770000001,-120.64222,0
			34.6005550000002,-120.642502,0
			34.6005550000002,-120.642776,0
			34.6008340000001,-120.643059,0
			34.6011120000001,-120.642776,0
			34.6013870000001,-120.642502,0
			34.6013870000001,-120.642319,0
			34.6013870000001,-120.64222,0
			34.601665,-120.641945,0
			34.6019360000002,-120.642235,0
			34.602604,-120.642609,0
			34.6028710000001,-120.642754,0
			34.6031650000001,-120.642944,0
			34.6038820000001,-120.643005,0
			34.6041680000001,-120.643333,0
			34.6044430000002,-120.643059,0
			34.6047060000001,-120.643021,0
			34.6048200000001,-120.642967,0
			34.6050450000001,-120.642746,0
			34.6047210000001,-120.642502,0
			34.6047210000001,-120.642212,0
			34.6047210000001,-120.641945,0
			34.6047210000001,-120.64167,0
			34.6046750000002,-120.641418,0
			34.6047210000001,-120.641113,0
			34.6050000000001,-120.640831,0
			34.6050000000001,-120.640556,0
			34.6052860000001,-120.640625,0
			34.6053850000001,-120.640556,0
			34.605556,-120.640556,0
			34.6058160000001,-120.640251,0
			34.606075,-120.640068,0
			34.606133,-120.640022,0
			34.6064220000001,-120.639763,0
			34.6066890000002,-120.639526,0
			34.6067160000001,-120.639458,0
			34.606758,-120.639351,0
			34.6069450000001,-120.639168,0
			34.606934,-120.638916,0
			34.6072310000001,-120.638618,0
			34.6074750000002,-120.638412,0
			34.6075360000001,-120.638367,0
			34.6077960000001,-120.638069,0
			34.6078870000002,-120.63797,0
			34.6080930000002,-120.637817,0
			34.6083760000001,-120.637535,0
			34.6086120000002,-120.637497,0
			34.6086350000001,-120.637238,0
			34.6088870000002,-120.636902,0
			34.6091650000001,-120.636902,0
			34.609497,-120.636902,0
			34.6097220000001,-120.63694,0
			34.6100390000001,-120.636986,0
			34.610279,-120.637222,0
			34.6105460000001,-120.636925,0
			34.6108320000001,-120.636948,0
			34.6110840000001,-120.636719,0
			34.611389,-120.636391,0
			34.6116330000002,-120.636345,0
			34.611885,-120.636169,0
			34.6119460000001,-120.636108,0
			34.6120870000001,-120.636253,0
			34.6122210000001,-120.636391,0
			34.612488,-120.636414,0
			34.6125560000002,-120.636452,0
			34.612778,-120.636665,0
			34.6130560000001,-120.636948,0
			34.6133350000001,-120.636665,0
			34.6135670000002,-120.636337,0
			34.6138730000001,-120.636093,0
			34.6140750000001,-120.635925,0
			34.6141660000001,-120.635834,0
			34.6144410000002,-120.635559,0
			34.6146850000001,-120.635315,0
			34.615002,-120.635002,0
			34.6152950000001,-120.63501,0
			34.6155360000001,-120.634941,0
			34.6158330000001,-120.635002,0
			34.6160470000002,-120.634789,0
			34.6161230000001,-120.634773,0
			34.6163980000001,-120.63472,0
			34.6166650000001,-120.63472,0
			34.6169010000001,-120.634544,0
			34.617222,-120.634453,0
			34.6174930000001,-120.634399,0
			34.617596,-120.634346,0
			34.6177790000001,-120.634163,0
			34.6181030000001,-120.634094,0
			34.6183320000001,-120.634163,0
			34.6186520000001,-120.633888,0
			34.6188890000001,-120.633888,0
			34.6190800000001,-120.633728,0
			34.6191860000002,-120.633636,0
			34.6194880000001,-120.633385,0
			34.6197200000001,-120.633057,0
			34.619873,-120.633057,0
			34.6199610000002,-120.633003,0
			34.6203160000001,-120.632774,0
			34.6205560000002,-120.632774,0
			34.6208340000001,-120.632774,0
			34.6211130000001,-120.632774,0
			34.621243,-120.632645,0
			34.621387,-120.6325,0
			34.6217230000001,-120.6325,0
			34.6219440000001,-120.6325,0
			34.6220820000001,-120.632362,0
			34.6222230000001,-120.632225,0
			34.6225360000001,-120.632195,0
			34.622776,-120.631943,0
			34.6229100000001,-120.63208,0
			34.6230550000002,-120.632225,0
			34.6233330000001,-120.6325,0
			34.623611,-120.6325,0
			34.6238710000001,-120.632286,0
			34.6239280000001,-120.63224,0
			34.6239510000001,-120.632164,0
			34.6241680000001,-120.631943,0
			34.6241570000001,-120.631653,0
			34.6244580000001,-120.631401,0
			34.6246870000001,-120.63121,0
			34.6247630000001,-120.631157,0
			34.6250420000001,-120.630875,0
			34.625305,-120.630615,0
			34.6254040000001,-120.630554,0
			34.6255570000001,-120.630554,0
			34.6258350000002,-120.630287,0
			34.62611,-120.629997,0
			34.6263770000001,-120.629974,0
			34.6264460000001,-120.629936,0
			34.6266670000001,-120.629723,0
			34.6268920000001,-120.6297,0
			34.6272540000002,-120.629501,0
			34.6274640000001,-120.629387,0
			34.6277200000002,-120.62925,0
			34.6277810000001,-120.629196,0
			34.6280560000001,-120.629158,0
			34.6283260000001,-120.62912,0
			34.628613,-120.629166,0
			34.628723,-120.629059,0
			34.6288870000001,-120.628891,0
			34.6292000000001,-120.628891,0
			34.629444,-120.628891,0
			34.6296540000001,-120.628677,0
			34.629734,-120.628624,0
			34.6300010000001,-120.628334,0
			34.6302570000001,-120.628304,0
			34.6305010000001,-120.62812,0
			34.6305620000002,-120.628059,0
			34.630863,-120.627815,0
			34.6310500000002,-120.627579,0
			34.63113,-120.627533,0
			34.6313900000001,-120.62722,0
			34.631714,-120.627197,0
			34.631969,-120.626976,0
			34.6322670000002,-120.626717,0
			34.6323240000001,-120.626663,0
			34.6325000000001,-120.626671,0
			34.6327670000002,-120.62661,0
			34.6328540000001,-120.626587,0
			34.6330570000002,-120.626389,0
			34.6333350000001,-120.626389,0
			34.6336170000001,-120.626419,0
			34.6337280000001,-120.626396,0
			34.6338880000002,-120.626404,0
			34.6341670000002,-120.626404,0
			34.6344450000001,-120.626114,0
			34.634754,-120.625893,0
			34.6349720000002,-120.625778,0
			34.6353150000001,-120.62561,0
			34.635544,-120.625526,0
			34.6358340000001,-120.625557,0
			34.636108,-120.625305,0
			34.6363910000002,-120.625259,0
			34.6366580000001,-120.625221,0
			34.6367380000001,-120.625206,0
			34.636791,-120.625153,0
			34.6369440000001,-120.625,0
			34.637203,-120.624962,0
			34.6373180000001,-120.624908,0
			34.6375010000002,-120.624725,0
			34.6377600000001,-120.624687,0
			34.637886,-120.624619,0
			34.6380540000001,-120.624443,0
			34.6383060000002,-120.62439,0
			34.6384470000001,-120.624329,0
			34.638611,-120.624168,0
			34.638878,-120.624146,0
			34.6389470000001,-120.624115,0
			34.6390040000002,-120.624054,0
			34.639168,-120.623886,0
			34.6394500000001,-120.623894,0
			34.6395190000002,-120.623871,0
			34.639702,-120.623833,0
			34.63982,-120.623787,0
			34.6399990000001,-120.623611,0
			34.64032,-120.623596,0
			34.6405560000002,-120.623604,0
			34.6408350000002,-120.623611,0
			34.64093,-120.623611,0
			34.6411090000001,-120.623611,0
			34.6413650000001,-120.623299,0
			34.6417240000002,-120.623055,0
			34.6419450000001,-120.623055,0
			34.6418610000001,-120.622971,0
			34.6416660000002,-120.62278,0
			34.6419450000001,-120.622498,0
			34.6422230000001,-120.622498,0
			34.642502,-120.622223,0
			34.642639,-120.622223,0
			34.642776,-120.622223,0
			34.6433830000001,-120.621666,0
			34.6436120000001,-120.621666,0
			34.6440620000002,-120.621216,0
			34.6444440000001,-120.620834,0
			34.6447030000001,-120.620804,0
			34.644936,-120.620651,0
			34.6450080000001,-120.620583,0
			34.645546,-120.620483,0
			34.6456450000001,-120.620468,0
			34.645832,-120.620277,0
			34.6461220000001,-120.6203,0
			34.6463890000002,-120.620003,0
			34.6467290000001,-120.619995,0
			34.6475220000001,-120.61908,0
			34.648335,-120.619164,0
			34.648891,-120.619102,0
			34.649166,-120.618889,0
			34.649166,-120.618614,0
			34.6494180000001,-120.618591,0
			34.6497190000002,-120.618286,0
			34.6500020000001,-120.618332,0
			34.6503300000001,-120.618103,0
			34.6508180000001,-120.617989,0
			34.6509250000001,-120.617966,0
			34.6511120000001,-120.617775,0
			34.651398,-120.617767,0
			34.651669,-120.6175,0
			34.6525270000001,-120.617493,0
			34.652779,-120.617226,0
			34.6530760000001,-120.617226,0
			34.6533320000001,-120.617226,0
			34.653625,-120.616989,0
			34.6538730000001,-120.616898,0
			34.6539610000002,-120.616867,0
			34.6541670000001,-120.616669,0
			34.6545180000001,-120.616669,0
			34.654724,-120.616669,0
			34.6552730000001,-120.616089,0
			34.655834,-120.616112,0
			34.656128,-120.615906,0
			34.6563070000001,-120.615837,0
			34.6566660000001,-120.615837,0
			34.6569210000001,-120.615601,0
			34.6572070000001,-120.615501,0
			34.6573070000001,-120.615471,0
			34.6575010000001,-120.61528,0
			34.6580810000002,-120.615295,0
			34.6586110000001,-120.614723,0
			34.6588750000001,-120.614685,0
			34.658962,-120.614647,0
			34.6591680000002,-120.614441,0
			34.6594850000001,-120.614441,0
			34.6597210000001,-120.614441,0
			34.6600000000001,-120.614166,0
			34.660278,-120.614166,0
			34.6604770000001,-120.613968,0
			34.6605640000001,-120.613953,0
			34.6609840000002,-120.613892,0
			34.661388,-120.613892,0
			34.66153,-120.613747,0
			34.6616670000002,-120.613609,0
			34.6620520000001,-120.613609,0
			34.662777,-120.613609,0
			34.663078,-120.613335,0
			34.663601,-120.613281,0
			34.6636810000001,-120.613266,0
			34.6644440000001,-120.612503,0
			34.664722,-120.612503,0
			34.6649440000001,-120.612335,0
			34.665016,-120.612282,0
			34.6652370000002,-120.612221,0
			34.6658330000001,-120.612221,0
			34.666077,-120.612,0
			34.6662480000002,-120.611946,0
			34.6666680000001,-120.611946,0
			34.666908,-120.61174,0
			34.6669920000001,-120.611664,0
			34.6677780000001,-120.611664,0
			34.6680910000001,-120.611389,0
			34.6683350000002,-120.611389,0
			34.6683620000001,-120.611145,0
			34.6686520000001,-120.610878,0
			34.6691590000001,-120.610764,0
			34.669289,-120.610748,0
			34.6694870000001,-120.610603,0
			34.669724,-120.610558,0
			34.6699980000001,-120.610558,0
			34.6701390000001,-120.610413,0
			34.6702770000001,-120.610275,0
			34.6705890000002,-120.610275,0
			34.6708340000002,-120.610275,0
			34.6710430000001,-120.610069,0
			34.671116,-120.610062,0
			34.6719440000002,-120.610001,0
			34.6724850000002,-120.609375,0
			34.6727790000002,-120.609444,0
			34.6728900000001,-120.609337,0
			34.673054,-120.609169,0
			34.673889,-120.609192,0
			34.6741680000002,-120.608887,0
			34.6745000000001,-120.608887,0
			34.6747210000001,-120.608887,0
			34.6750180000001,-120.608658,0
			34.6752510000001,-120.608551,0
			34.6755030000001,-120.608437,0
			34.6755680000002,-120.608383,0
			34.6760860000001,-120.608276,0
			34.6764560000001,-120.608055,0
			34.676945,-120.608055,0
			34.6772310000001,-120.607826,0
			34.67749,-120.607788,0
			34.6781010000001,-120.607178,0
			34.6786080000002,-120.607155,0
			34.6786920000002,-120.607155,0
			34.6789470000002,-120.606941,0
			34.6791650000001,-120.606941,0
			34.6792790000001,-120.606827,0
			34.6794430000002,-120.606667,0
			34.6796380000001,-120.606857,0
			34.6797220000001,-120.606941,0
			34.6805570000001,-120.606941,0
			34.6807400000002,-120.606758,0
			34.6808320000002,-120.606667,0
			34.6810910000001,-120.606689,0
			34.6813890000001,-120.606392,0
			34.681702,-120.606392,0
			34.6819460000002,-120.606392,0
			34.6822360000002,-120.60614,0
			34.682312,-120.60611,0
			34.6827770000002,-120.60611,0
			34.6831050000001,-120.605835,0
			34.683323,-120.605835,0
			34.6838870000001,-120.605835,0
			34.684109,-120.605614,0
			34.6841740000001,-120.605553,0
			34.684444,-120.605553,0
			34.6846430000002,-120.605354,0
			34.6847310000002,-120.605339,0
			34.6852070000001,-120.605278,0
			34.6858330000001,-120.605278,0
			34.6861150000001,-120.605049,0
			34.6867070000001,-120.60498,0
			34.6875000000001,-120.604187,0
			34.687679,-120.604164,0
			34.6886100000002,-120.604164,0
			34.6887510000001,-120.604027,0
			34.6888890000001,-120.603889,0
			34.689156,-120.603867,0
			34.6892280000001,-120.603828,0
			34.6894450000001,-120.603615,0
			34.689697,-120.603577,0
			34.6899990000001,-120.603615,0
			34.6903080000001,-120.603394,0
			34.690556,-120.603058,0
			34.6908340000001,-120.602776,0
			34.6908340000001,-120.602501,0
			34.6908340000001,-120.602219,0
			34.6910210000001,-120.602036,0
			34.691067,-120.601929,0
			34.6911130000001,-120.601807,0
			34.6911130000001,-120.601669,0
			34.6911010000002,-120.599998,0
			34.6908340000001,-120.599724,0
			34.690556,-120.599442,0
			34.6908340000001,-120.599167,0
			34.6910440000001,-120.598869,0
			34.6911130000001,-120.59864,0
			34.691174,-120.598351,0
			34.6911130000001,-120.598053,0
			34.691269,-120.597885,0
			34.691376,-120.597771,0
			34.6916660000001,-120.597504,0
			34.6916660000001,-120.597359,0
			34.6917110000001,-120.59729,0
			34.6919590000001,-120.596962,0
			34.6919440000001,-120.596664,0
			34.6919440000001,-120.59639,0
			34.6919440000001,-120.596107,0
			34.6919440000001,-120.595833,0
			34.6919480000001,-120.595558,0
			34.6916660000001,-120.595276,0
			34.6917110000001,-120.594971,0
			34.6916660000001,-120.594719,0
			34.69138,-120.594452,0
			34.6912570000001,-120.594322,0
			34.6911130000001,-120.59417,0
			34.6911470000001,-120.59388,0
			34.6908340000001,-120.593613,0
			34.6908340000001,-120.59333,0
			34.690556,-120.593056,0
			34.690556,-120.592781,0
			34.690556,-120.592499,0
			34.6905630000001,-120.592224,0
			34.690277,-120.591942,0
			34.6899990000001,-120.591667,0
			34.6897240000001,-120.591393,0
			34.6894450000001,-120.59111,0
			34.689201,-120.59079,0
			34.689083,-120.590698,0
			34.6888890000001,-120.590553,0
			34.6886100000002,-120.590279,0
			34.6886100000002,-120.589996,0
			34.6883320000001,-120.589722,0
			34.6883320000001,-120.589447,0
			34.6883960000002,-120.589142,0
			34.6883200000001,-120.58889,0
			34.688057,-120.58889,0
			34.687778,-120.588608,0
			34.6875000000001,-120.588318,0
			34.6877980000001,-120.588081,0
			34.688057,-120.587776,0
			34.6883320000001,-120.587502,0
			34.6886100000002,-120.587219,0
			34.6887210000001,-120.587219,0
			34.6888890000001,-120.587219,0
			34.6891670000001,-120.586945,0
			34.6894190000001,-120.586639,0
			34.6897240000001,-120.586388,0
			34.6897240000001,-120.586113,0
			34.6900220000001,-120.585846,0
			34.6899990000001,-120.585556,0
			34.6899990000001,-120.585281,0
			34.6903080000001,-120.584999,0
			34.6903080000001,-120.584724,0
			34.6903080000001,-120.584412,0
			34.690556,-120.584167,0
			34.6908450000001,-120.58419,0
			34.6909220000001,-120.58416,0
			34.6911160000002,-120.584152,0
			34.691376,-120.584213,0
			34.6916660000001,-120.584167,0
			34.6917110000001,-120.58429,0
			34.6917110000001,-120.584442,0
			34.6917110000001,-120.584724,0
			34.6917110000001,-120.584999,0
			34.6913870000001,-120.585281,0
			34.6913870000001,-120.585556,0
			34.6913870000001,-120.585831,0
			34.6917110000001,-120.586113,0
			34.6916660000001,-120.586388,0
			34.6913870000001,-120.58667,0
			34.6912840000001,-120.58667,0
			34.6911130000001,-120.58667,0
			34.6908340000001,-120.586945,0
			34.690777,-120.587181,0
			34.6905520000001,-120.587502,0
			34.690479,-120.58757,0
			34.6903,-120.587791,0
			34.6900900000001,-120.587975,0
			34.6900330000001,-120.588081,0
			34.6899990000001,-120.588333,0
			34.6897580000001,-120.58857,0
			34.689697,-120.588684,0
			34.6897240000001,-120.58889,0
			34.6899990000001,-120.589165,0
			34.6899990000001,-120.589447,0
			34.6899990000001,-120.589722,0
			34.690277,-120.589996,0
			34.690277,-120.590279,0
			34.690556,-120.590553,0
			34.6908340000001,-120.590836,0
			34.6911580000001,-120.59108,0
			34.6912500000001,-120.591225,0
			34.6914140000002,-120.59137,0
			34.6913870000001,-120.591667,0
			34.6916660000001,-120.591942,0
			34.6919440000001,-120.592224,0
			34.6922230000001,-120.592499,0
			34.692505,-120.592781,0
			34.692501,-120.593056,0
			34.692501,-120.593201,0
			34.692501,-120.59333,0
			34.69278,-120.593613,0
			34.6930540000001,-120.593887,0
			34.693336,-120.59417,0
			34.6933330000001,-120.594444,0
			34.6933330000001,-120.594719,0
			34.6933330000001,-120.595001,0
			34.6933330000001,-120.595276,0
			34.6933330000001,-120.595558,0
			34.6933330000001,-120.595833,0
			34.6933330000001,-120.596107,0
			34.6933330000001,-120.59639,0
			34.6933330000001,-120.596664,0
			34.6933330000001,-120.596947,0
			34.6933330000001,-120.597221,0
			34.6933330000001,-120.597504,0
			34.6933330000001,-120.597778,0
			34.6933330000001,-120.598053,0
			34.693115,-120.600891,0
			34.6930540000001,-120.601112,0
			34.69339,-120.601349,0
			34.6933330000001,-120.601669,0
			34.693611,-120.601944,0
			34.6939090000002,-120.601929,0
			34.6941680000001,-120.602219,0
			34.6944270000001,-120.602242,0
			34.6945190000002,-120.602295,0
			34.694721,-120.602501,0
			34.6952780000001,-120.602501,0
			34.696106,-120.601685,0
			34.6963730000001,-120.601738,0
			34.6964800000001,-120.601761,0
			34.6966670000001,-120.601944,0
			34.696945,-120.601944,0
			34.6970830000001,-120.601807,0
			34.6972240000002,-120.601669,0
			34.698311,-120.601669,0
			34.6991650000001,-120.601669,0
			34.6992990000001,-120.601532,0
			34.699444,-120.601387,0
			34.7014080000002,-120.601402,0
			34.701668,-120.601669,0
			34.7019040000002,-120.601379,0
			34.703609,-120.601387,0
			34.7037930000001,-120.601212,0
			34.7038880000002,-120.601112,0
			34.7041360000001,-120.601112,0
			34.7044450000001,-120.601112,0
			34.7047120000001,-120.600891,0
			34.7048340000001,-120.60083,0
			34.705002,-120.60083,0
			34.705322,-120.600586,0
			34.7058640000001,-120.600586,0
			34.7061120000002,-120.60083,0
			34.7069510000001,-120.600807,0
			34.7072220000002,-120.601112,0
			34.7077790000001,-120.601112,0
			34.7080570000002,-120.601387,0
			34.708313,-120.601379,0
			34.7089230000001,-120.601929,0
			34.7094730000001,-120.601974,0
			34.7097210000002,-120.602219,0
			34.7099990000001,-120.602501,0
			34.7102780000001,-120.602776,0
			34.7105900000001,-120.603035,0
			34.7105560000002,-120.603333,0
			34.710831,-120.60334,0
			34.711121,-120.603607,0
			34.7112690000002,-120.603745,0
			34.7114220000001,-120.603867,0
			34.7113880000001,-120.604164,0
			34.711666,-120.604446,0
			34.7119450000002,-120.604721,0
			34.7118910000002,-120.605217,0
			34.7120900000001,-120.605667,0
			34.712364,-120.606056,0
			34.7125280000001,-120.606194,0
			34.7127190000001,-120.606354,0
			34.7130050000001,-120.606735,0
			34.7133180000001,-120.607079,0
			34.7136840000002,-120.607422,0
			34.7138440000001,-120.607803,0
			34.7138900000002,-120.60791,0
			34.7138900000002,-120.608055,0
			34.7141690000001,-120.60833,0
			34.7144780000002,-120.608276,0
			34.7147220000001,-120.608276,0
			34.7150000000001,-120.608276,0
			34.715271,-120.608276,0
			34.715557,-120.608276,0
			34.715881,-120.608276,0
			34.7161100000002,-120.60833,0
			34.7163850000002,-120.608047,0
			34.7166670000001,-120.608055,0
			34.7169460000001,-120.60833,0
			34.7172780000002,-120.608337,0
			34.7175480000001,-120.608376,0
			34.7177770000001,-120.608612,0
			34.7180670000001,-120.608582,0
			34.7181360000001,-120.608612,0
			34.7183340000001,-120.608612,0
			34.7186240000001,-120.608864,0
			34.7188870000001,-120.609169,0
			34.7191280000001,-120.609123,0
			34.7194440000002,-120.609444,0
			34.7197270000001,-120.609375,0
			34.720024,-120.609467,0
			34.7202760000001,-120.609726,0
			34.7205540000002,-120.609726,0
			34.7208330000001,-120.610001,0
			34.7211110000001,-120.610001,0
			34.7213100000002,-120.610016,0
			34.721703,-120.610214,0
			34.721909,-120.610336,0
			34.7220760000001,-120.610435,0
			34.722221,-120.610619,0
			34.722221,-120.610832,0
			34.7225000000001,-120.611115,0
			34.7224850000001,-120.611389,0
			34.7225000000001,-120.611717,0
			34.7225000000001,-120.611946,0
			34.7227780000001,-120.612221,0
			34.7230830000001,-120.612183,0
			34.7233310000001,-120.612221,0
			34.7236100000001,-120.612221,0
			34.7238770000001,-120.612,0
			34.7241670000001,-120.611664,0
			34.7244450000001,-120.611664,0
			34.724632,-120.611855,0
			34.724724,-120.611946,0
			34.724724,-120.612221,0
			34.7246700000002,-120.612488,0
			34.7249980000001,-120.612816,0
			34.7249980000001,-120.613052,0
			34.7252770000001,-120.613335,0
			34.7255250000001,-120.613281,0
			34.725834,-120.613609,0
			34.726074,-120.613586,0
			34.7263870000002,-120.613602,0
			34.7266650000001,-120.613609,0
			34.7267420000001,-120.613609,0
			34.7269440000001,-120.613609,0
			34.72707,-120.613739,0
			34.7272220000002,-120.613892,0
			34.7275240000001,-120.613914,0
			34.7277790000001,-120.614166,0
			34.728054,-120.614441,0
			34.7283020000002,-120.614738,0
			34.728333,-120.614807,0
			34.728333,-120.614998,0
			34.7286110000001,-120.61528,0
			34.728889,-120.615555,0
			34.729183,-120.615486,0
			34.7294430000001,-120.615547,0
			34.7297210000002,-120.615837,0
			34.7300000000001,-120.615837,0
			34.7302860000001,-120.615784,0
			34.7305560000001,-120.615837,0
			34.730705,-120.615685,0
			34.7308350000001,-120.615555,0
			34.7309150000002,-120.615639,0
			34.7311100000001,-120.615837,0
			34.7314030000001,-120.615814,0
			34.731667,-120.616112,0
			34.731873,-120.616119,0
			34.7324830000001,-120.616394,0
			34.7327610000002,-120.616455,0
			34.7330550000001,-120.616386,0
			34.7332310000001,-120.616562,0
			34.7333530000001,-120.616646,0
			34.7336120000001,-120.616943,0
			34.733891,-120.617226,0
			34.7336120000001,-120.6175,0
			34.7338680000001,-120.617699,0
			34.733932,-120.617752,0
			34.733891,-120.618057,0
			34.7341650000001,-120.618332,0
			34.7341650000001,-120.618614,0
			34.7344170000002,-120.618896,0
			34.7344440000001,-120.619019,0
			34.7344440000001,-120.619164,0
			34.734722,-120.619446,0
			34.734722,-120.61972,0
			34.734722,-120.620003,0
			34.734722,-120.620148,0
			34.734722,-120.620277,0
			34.7350010000002,-120.620552,0
			34.7352790000001,-120.620834,0
			34.735394,-120.620949,0
			34.7355540000001,-120.621109,0
			34.7356,-120.621353,0
			34.7358630000001,-120.621635,0
			34.7360610000002,-120.621857,0
			34.7361490000001,-120.621925,0
			34.7361110000001,-120.622223,0
			34.7363890000001,-120.622498,0
			34.7366640000001,-120.622719,0
			34.736721,-120.622765,0
			34.7366680000001,-120.623055,0
			34.736923,-120.623344,0
			34.736946,-120.623413,0
			34.736946,-120.623611,0
			34.736946,-120.623886,0
			34.736946,-120.624084,0
			34.736946,-120.624214,0
			34.736946,-120.624443,0
			34.737221,-120.624725,0
			34.737221,-120.625,0
			34.737221,-120.625275,0
			34.7374990000001,-120.625626,0
			34.7374990000001,-120.625832,0
			34.7377780000001,-120.626114,0
			34.7377780000001,-120.626389,0
			34.738056,-120.626663,0
			34.7383350000002,-120.626945,0
			34.7386090000001,-120.62722,0
			34.7388920000001,-120.627197,0
			34.7391660000002,-120.627197,0
			34.7395020000001,-120.627197,0
			34.7397230000001,-120.627228,0
			34.7399980000001,-120.627258,0
			34.7402760000001,-120.62722,0
			34.740555,-120.62722,0
			34.740555,-120.62738,0
			34.740555,-120.627502,0
			34.7408330000001,-120.627777,0
			34.7411120000001,-120.628052,0
			34.74139,-120.628334,0
			34.7416650000002,-120.628609,0
			34.74197,-120.628555,0
			34.7422220000001,-120.628891,0
			34.7425080000002,-120.628883,0
			34.7428130000001,-120.629128,0
			34.742779,-120.629448,0
			34.7430570000001,-120.629723,0
			34.7433320000001,-120.629997,0
			34.74361,-120.63028,0
			34.743889,-120.630554,0
			34.7441670000001,-120.630554,0
			34.7443240000001,-120.630554,0
			34.7444380000001,-120.630524,0
			34.74472,-120.630554,0
			34.7449990000002,-120.630554,0
			34.7453,-120.63031,0
			34.7455560000001,-120.630272,0
			34.7458270000001,-120.630226,0
			34.7461130000002,-120.629997,0
			34.7463870000001,-120.629997,0
			34.746532,-120.630142,0
			34.7466660000001,-120.63028,0
			34.746944,-120.63028,0
			34.7472230000002,-120.63028,0
			34.7475010000001,-120.63028,0
			34.747784,-120.630241,0
			34.7480550000001,-120.630554,0
			34.7483330000002,-120.630272,0
			34.7486040000001,-120.630234,0
			34.7488900000001,-120.63028,0
			34.7491680000002,-120.630554,0
			34.7494740000001,-120.630493,0
			34.7497220000002,-120.630836,0
			34.7500000000001,-120.631111,0
			34.7502780000002,-120.631386,0
			34.7505570000002,-120.631668,0
			34.7508320000002,-120.631668,0
			34.7511100000001,-120.631943,0
			34.7513890000001,-120.632225,0
			34.7517090000001,-120.632202,0
			34.7519450000001,-120.63221,0
			34.7522240000001,-120.632225,0
			34.7523190000001,-120.632233,0
			34.7524950000001,-120.63224,0
			34.7527770000002,-120.632225,0
			34.7527770000002,-120.632309,0
			34.7527770000002,-120.6325,0
			34.7530560000002,-120.632774,0
			34.7533340000001,-120.633057,0
			34.7533340000001,-120.633331,0
			34.7533340000001,-120.633614,0
			34.7536130000001,-120.633888,0
			34.7538910000001,-120.634163,0
			34.7538870000002,-120.634445,0
			34.7540470000001,-120.634575,0
			34.7542000000001,-120.634697,0
			34.7544100000001,-120.635025,0
			34.7544440000001,-120.635277,0
			34.7544440000001,-120.635559,0
			34.7547230000001,-120.635834,0
			34.7547300000001,-120.635925,0
			34.754742,-120.636101,0
			34.7547230000001,-120.636391,0
			34.7548330000001,-120.63652,0
			34.7550010000002,-120.636711,0
			34.7550010000002,-120.636948,0
			34.7552600000001,-120.63723,0
			34.7553100000001,-120.637329,0
			34.7552800000001,-120.637497,0
			34.7555540000001,-120.637779,0
			34.7558330000001,-120.638054,0
			34.7561110000001,-120.638336,0
			34.7563900000001,-120.638611,0
			34.7567140000002,-120.638611,0
			34.7568510000001,-120.638428,0
			34.7569270000002,-120.638329,0
			34.7569430000001,-120.638054,0
			34.7572210000002,-120.637779,0
			34.757507,-120.637512,0
			34.7577630000001,-120.637436,0
			34.7578740000002,-120.637405,0
			34.7580570000001,-120.637222,0
			34.7583350000002,-120.636948,0
			34.7586440000001,-120.637001,0
			34.7587280000001,-120.636948,0
			34.758862,-120.636887,0
			34.7590260000001,-120.63681,0
			34.759167,-120.636665,0
			34.7594490000001,-120.636673,0
			34.7595330000001,-120.63665,0
			34.7597270000001,-120.636612,0
			34.760002,-120.636635,0
			34.7603230000001,-120.636658,0
			34.7605590000001,-120.636627,0
			34.7608340000002,-120.636658,0
			34.760925,-120.636665,0
			34.761112,-120.636665,0
			34.7613560000001,-120.63633,0
			34.761719,-120.636108,0
			34.7619440000001,-120.635834,0
			34.7622410000002,-120.635872,0
			34.7623290000002,-120.635834,0
			34.762501,-120.635834,0
			34.7627640000001,-120.635536,0
			34.7631230000002,-120.635315,0
			34.763332,-120.635277,0
			34.7634430000002,-120.635391,0
			34.763611,-120.635559,0
			34.7639160000001,-120.635498,0
			34.7641680000002,-120.635559,0
			34.764446,-120.635559,0
			34.7647210000001,-120.63533,0
			34.7647860000001,-120.635277,0
			34.7649990000002,-120.635277,0
			34.76532,-120.63501,0
			34.7655560000001,-120.635002,0
			34.765835,-120.634987,0
			34.7659260000001,-120.634987,0
			34.7660900000002,-120.634949,0
			34.7662090000001,-120.634903,0
			34.7663880000001,-120.63472,0
			34.7667240000001,-120.634705,0
			34.766945,-120.634705,0
			34.7672730000002,-120.634705,0
			34.7674980000002,-120.634689,0
			34.7677730000001,-120.634666,0
			34.7678490000001,-120.634659,0
			34.768089,-120.634476,0
			34.7683180000001,-120.634224,0
			34.768394,-120.634163,0
			34.7686120000001,-120.634163,0
			34.768875,-120.633858,0
			34.769096,-120.63372,0
			34.7691920000001,-120.633636,0
			34.7694700000001,-120.633362,0
			34.7697140000002,-120.633118,0
			34.770004,-120.633072,0
			34.770275,-120.633034,0
			34.7705080000001,-120.632996,0
			34.770676,-120.632935,0
			34.7708320000002,-120.632774,0
			34.7711110000001,-120.632774,0
			34.7713850000001,-120.632744,0
			34.7716710000001,-120.632713,0
			34.7717440000001,-120.632713,0
			34.7719690000001,-120.63253,0
			34.7722210000001,-120.632225,0
			34.772503,-120.63224,0
			34.7727780000002,-120.631943,0
			34.7729110000002,-120.63208,0
			34.7730560000001,-120.632225,0
			34.773338,-120.631981,0
			34.7736130000002,-120.631943,0
			34.7739260000001,-120.631897,0
			34.7741890000001,-120.631699,0
			34.7744450000001,-120.631386,0
			34.7744450000001,-120.631111,0
			34.774723,-120.631111,0
			34.775002,-120.630836,0
			34.7752760000001,-120.630554,0
			34.7755700000001,-120.630295,0
			34.7755550000001,-120.629997,0
			34.775833,-120.629723,0
			34.776123,-120.629517,0
			34.7763790000001,-120.629417,0
			34.7766690000001,-120.629448,0
			34.776917,-120.629211,0
			34.7772060000001,-120.62912,0
			34.7772870000001,-120.629097,0
			34.7775000000001,-120.628891,0
			34.7778020000001,-120.628624,0
			34.7778550000002,-120.628548,0
			34.7780950000001,-120.628372,0
			34.7783200000001,-120.628113,0
			34.7786140000001,-120.628082,0
			34.778931,-120.628052,0
			34.779167,-120.628044,0
			34.7794800000001,-120.628113,0
			34.7796970000002,-120.628357,0
			34.7799610000002,-120.628647,0
			34.7799990000001,-120.628891,0
			34.7802770000002,-120.628891,0
			34.780556,-120.628891,0
			34.7807080000002,-120.628738,0
			34.7808340000001,-120.628609,0
			34.7811620000001,-120.628563,0
			34.781387,-120.628334,0
			34.7816350000001,-120.628281,0
			34.7819210000001,-120.628113,0
			34.7822230000001,-120.628044,0
			34.782471,-120.627991,0
			34.7827760000002,-120.627991,0
			34.783081,-120.627991,0
			34.7833520000001,-120.628067,0
			34.7836110000002,-120.628334,0
			34.7838900000002,-120.628334,0
			34.7841190000001,-120.628296,0
			34.7844430000001,-120.628609,0
			34.784721,-120.628609,0
			34.784893,-120.628403,0
			34.7849620000001,-120.628319,0
			34.785,-120.628242,0
			34.785,-120.628052,0
			34.7851870000002,-120.627869,0
			34.7852400000002,-120.627762,0
			34.7852780000001,-120.627686,0
			34.7852780000001,-120.627502,0
			34.785,-120.62722,0
			34.785,-120.626945,0
			34.7852780000001,-120.626663,0
			34.7855570000001,-120.626389,0
			34.785889,-120.626404,0
			34.786102,-120.626358,0
			34.7863880000001,-120.626389,0
			34.7865220000002,-120.626259,0
			34.7866670000001,-120.626114,0
			34.7869450000002,-120.626114,0
			34.7872240000002,-120.626114,0
			34.7875180000001,-120.625877,0
			34.7877200000001,-120.625793,0
			34.7880820000001,-120.62561,0
			34.78833,-120.625488,0
			34.788635,-120.62532,0
			34.7887150000001,-120.625275,0
			34.7888870000001,-120.625275,0
			34.789165,-120.625275,0
			34.7893030000001,-120.625137,0
			34.7894440000002,-120.625,0
			34.7897380000002,-120.625046,0
			34.7899930000001,-120.624969,0
			34.7902790000002,-120.625,0
			34.7905200000002,-120.624809,0
			34.7905850000001,-120.624756,0
			34.7908630000002,-120.624474,0
			34.791134,-120.624191,0
			34.7913090000001,-120.624008,0
			34.7914240000001,-120.623917,0
			34.7916910000001,-120.623634,0
			34.7918820000001,-120.623428,0
			34.7919580000002,-120.62336,0
			34.7922210000001,-120.623055,0
			34.7924880000002,-120.623032,0
			34.7927060000001,-120.622902,0
			34.7928200000001,-120.622818,0
			34.7930910000001,-120.622528,0
			34.7932820000001,-120.622322,0
			34.7933580000002,-120.622269,0
			34.7935790000002,-120.622162,0
			34.793884,-120.622009,0
			34.7941670000001,-120.621666,0
			34.7944950000001,-120.621582,0
			34.794724,-120.621666,0
			34.7950100000001,-120.621429,0
			34.7950740000001,-120.621368,0
			34.7953190000001,-120.62114,0
			34.79549,-120.620934,0
			34.7955700000001,-120.620865,0
			34.7958340000001,-120.620552,0
			34.7961390000001,-120.620613,0
			34.7963290000002,-120.620529,0
			34.7964060000002,-120.620522,0
			34.7966650000001,-120.620834,0
			34.7969440000001,-120.620789,0
			34.7972220000001,-120.620789,0
			34.7974850000001,-120.620789,0
			34.797779,-120.620834,0
			34.7980960000002,-120.620605,0
			34.7983210000002,-120.620522,0
			34.798393,-120.620491,0
			34.7986110000002,-120.620277,0
			34.798889,-120.6203,0
			34.7991680000001,-120.620003,0
			34.7995000000001,-120.619995,0
			34.7997090000001,-120.619949,0
			34.7999990000001,-120.620003,0
			34.8001560000001,-120.619843,0
			34.800278,-120.61972,0
			34.8005560000001,-120.61972,0
			34.8008350000001,-120.61972,0
			34.8009610000001,-120.61985,0
			34.8011090000001,-120.620003,0
			34.801388,-120.620003,0
			34.8016780000001,-120.619759,0
			34.8018800000001,-120.61969,0
			34.8022080000001,-120.619431,0
			34.8024900000001,-120.619202,0
			34.8027650000001,-120.619118,0
			34.8030550000001,-120.619164,0
			34.8032040000001,-120.619019,0
			34.8033330000001,-120.618889,0
			34.803612,-120.618889,0
			34.8038900000001,-120.618889,0
			34.8040120000001,-120.619011,0
			34.8041650000001,-120.619164,0
			34.804443,-120.619164,0
			34.8046380000002,-120.618973,0
			34.804722,-120.618889,0
			34.8050000000001,-120.618889,0
			34.8052790000001,-120.618889,0
			34.805374,-120.61898,0
			34.8055570000002,-120.619164,0
			34.8058320000001,-120.618889,0
			34.8061220000001,-120.618645,0
			34.8062710000002,-120.618576,0
			34.806358,-120.618553,0
			34.8066940000002,-120.618385,0
			34.8069150000001,-120.618271,0
			34.8072430000001,-120.618103,0
			34.8073430000002,-120.618057,0
			34.8074990000001,-120.618057,0
			34.807777,-120.618057,0
			34.8080560000002,-120.618057,0
			34.8083530000001,-120.61808,0
			34.8086130000001,-120.618332,0
			34.8088990000002,-120.618286,0
			34.8091580000001,-120.61805,0
			34.8093150000001,-120.617905,0
			34.8094440000001,-120.617775,0
			34.8097310000001,-120.61779,0
			34.809982,-120.617714,0
			34.8100970000002,-120.617676,0
			34.810276,-120.6175,0
			34.8105660000001,-120.617569,0
			34.8108370000001,-120.617523,0
			34.8111420000001,-120.61747,0
			34.8113900000002,-120.617226,0
			34.8117070000001,-120.617187,0
			34.8119430000001,-120.617226,0
			34.8122220000001,-120.617226,0
			34.8125,-120.617004,0
			34.8127780000001,-120.616951,0
			34.8130490000001,-120.616898,0
			34.8131220000001,-120.616882,0
			34.8133320000001,-120.616669,0
			34.81361,-120.616669,0
			34.8139460000001,-120.616669,0
			34.8141670000001,-120.616669,0
			34.814415,-120.616341,0
			34.8146590000001,-120.616173,0
			34.8147240000002,-120.616112,0
			34.8148770000001,-120.616264,0
			34.814999,-120.616386,0
			34.8153080000002,-120.616394,0
			34.8155560000001,-120.616669,0
			34.815834,-120.616669,0
			34.8159980000001,-120.616501,0
			34.816113,-120.616386,0
			34.8164140000001,-120.616356,0
			34.8166660000001,-120.616112,0
			34.8169710000001,-120.616112,0
			34.8172230000002,-120.616112,0
			34.8175050000001,-120.615906,0
			34.8176230000001,-120.615837,0
			34.8177800000001,-120.615837,0
			34.8181150000001,-120.615555,0
			34.818333,-120.615555,0
			34.8186000000001,-120.615501,0
			34.818718,-120.615524,0
			34.8188900000001,-120.615555,0
			34.8191680000002,-120.615555,0
			34.8194310000001,-120.615501,0
			34.8195110000001,-120.615517,0
			34.8197170000001,-120.615509,0
			34.8199960000001,-120.615494,0
			34.820278,-120.615555,0
			34.8203130000001,-120.615479,0
			34.820278,-120.61528,0
			34.8205570000002,-120.614998,0
			34.8208540000001,-120.615021,0
			34.8211060000001,-120.614807,0
			34.8213920000002,-120.614746,0
			34.8217160000002,-120.614685,0
			34.8219450000001,-120.614441,0
			34.822193,-120.614395,0
			34.8225100000001,-120.614197,0
			34.822773,-120.614143,0
			34.8230550000001,-120.614166,0
			34.8233340000001,-120.614166,0
			34.823612,-120.614166,0
			34.8238910000002,-120.614166,0
			34.8241650000001,-120.614166,0
			34.8244440000001,-120.614166,0
			34.8247300000001,-120.614143,0
			34.824986,-120.61422,0
			34.825081,-120.61425,0
			34.8252790000001,-120.614441,0
			34.8255540000001,-120.614441,0
			34.8258360000002,-120.614426,0
			34.8259280000001,-120.614441,0
			34.826107,-120.614418,0
			34.826382,-120.61438,0
			34.8266680000001,-120.614441,0
			34.8267860000001,-120.614326,0
			34.8269500000001,-120.614166,0
			34.8269460000001,-120.613892,0
			34.8269460000001,-120.613609,0
			34.8272210000002,-120.613335,0
			34.8275150000002,-120.613281,0
			34.8277780000001,-120.613609,0
			34.8280560000002,-120.613609,0
			34.8283580000001,-120.61338,0
			34.828445,-120.613335,0
			34.8286090000001,-120.613335,0
			34.8289180000001,-120.613098,0
			34.8291630000001,-120.613045,0
			34.8294450000001,-120.613052,0
			34.8295440000002,-120.612953,0
			34.8297230000001,-120.612778,0
			34.830002,-120.612778,0
			34.8303220000001,-120.612793,0
			34.8305550000002,-120.612793,0
			34.8308720000001,-120.612793,0
			34.8310930000001,-120.612724,0
			34.8312000000001,-120.612686,0
			34.8313900000002,-120.612503,0
			34.8316760000002,-120.612541,0
			34.8319050000001,-120.612473,0
			34.8319890000001,-120.612457,0
			34.8322220000001,-120.612221,0
			34.8325120000001,-120.612251,0
			34.8327480000001,-120.61216,0
			34.8330800000002,-120.611992,0
			34.8333130000001,-120.611877,0
			34.8336680000002,-120.611664,0
			34.8338890000002,-120.611664,0
			34.834167,-120.611664,0
			34.8344460000001,-120.611664,0
			34.8346180000001,-120.611488,0
			34.8347210000001,-120.611389,0
			34.8350070000001,-120.611435,0
			34.8353270000001,-120.611389,0
			34.8355560000001,-120.611664,0
			34.8357430000001,-120.611481,0
			34.835835,-120.611389,0
			34.8361130000001,-120.611389,0
			34.836395,-120.611435,0
			34.8367310000001,-120.611389,0
			34.8369450000001,-120.611115,0
			34.8372800000001,-120.611084,0
			34.8375020000001,-120.611115,0
			34.837795,-120.610886,0
			34.838074,-120.610779,0
			34.8383330000001,-120.610832,0
			34.8386080000001,-120.61055,0
			34.83889,-120.610558,0
			34.839169,-120.610558,0
			34.8394430000001,-120.610558,0
			34.8397220000002,-120.610558,0
			34.84,-120.610558,0
			34.8402790000001,-120.610558,0
			34.8404580000001,-120.610374,0
			34.8405570000001,-120.610275,0
			34.8408810000001,-120.610291,0
			34.8411100000001,-120.610291,0
			34.841389,-120.610291,0
			34.8416750000001,-120.610291,0
			34.8419460000001,-120.610291,0
			34.842224,-120.610291,0
			34.8425290000001,-120.610291,0
			34.8427770000001,-120.610001,0
			34.84304,-120.609978,0
			34.843323,-120.609802,0
			34.843613,-120.609726,0
			34.8436890000001,-120.609802,0
			34.8438870000002,-120.610001,0
			34.8441660000001,-120.610001,0
			34.8443680000001,-120.609802,0
			34.8444440000001,-120.609726,0
			34.8447190000001,-120.609711,0
			34.8450010000001,-120.609726,0
			34.8452760000001,-120.609497,0
			34.845558,-120.609467,0
			34.8458980000001,-120.609428,0
			34.8461110000001,-120.609375,0
			34.8463900000001,-120.609375,0
			34.8466800000001,-120.609375,0
			34.8469310000001,-120.609474,0
			34.8472210000001,-120.609726,0
			34.847473,-120.60968,0
			34.847778,-120.60968,0
			34.848083,-120.60968,0
			34.8483310000001,-120.60968,0
			34.8486100000001,-120.60968,0
			34.8488770000002,-120.60968,0
			34.8491670000002,-120.60968,0
			34.849487,-120.60968,0
			34.8497240000001,-120.60968,0
			34.849998,-120.60968,0
			34.8502810000002,-120.60968,0
			34.8505550000001,-120.609695,0
			34.8508990000001,-120.609718,0
			34.851112,-120.60968,0
			34.851387,-120.60968,0
			34.851685,-120.60968,0
			34.8519440000001,-120.609718,0
			34.8522680000001,-120.609772,0
			34.8525010000002,-120.610001,0
			34.8527790000001,-120.610001,0
			34.8530540000001,-120.610001,0
			34.8532910000002,-120.609825,0
			34.853611,-120.609734,0
			34.8538820000001,-120.60968,0
			34.8541680000001,-120.60968,0
			34.8544920000001,-120.60968,0
			34.8547060000002,-120.609764,0
			34.85479,-120.609795,0
			34.8550000000002,-120.610001,0
			34.855286,-120.609985,0
			34.855556,-120.609985,0
			34.8558350000002,-120.609985,0
			34.8560790000001,-120.609985,0
			34.8563770000001,-120.610046,0
			34.8564490000002,-120.610062,0
			34.8566670000001,-120.610275,0
			34.8569450000002,-120.610275,0
			34.8572310000001,-120.610237,0
			34.8575330000002,-120.610313,0
			34.8577770000001,-120.610558,0
			34.8580700000002,-120.610519,0
			34.8583340000002,-120.610832,0
			34.8586120000001,-120.611115,0
			34.8588910000001,-120.611389,0
			34.859184,-120.611351,0
			34.8594440000002,-120.611664,0
			34.8597220000001,-120.611664,0
			34.8600120000001,-120.611603,0
			34.8602790000002,-120.611656,0
			34.860554,-120.611946,0
			34.8608320000001,-120.611946,0
			34.8611180000001,-120.611923,0
			34.861389,-120.612221,0
			34.8617100000001,-120.612473,0
			34.8618510000001,-120.612648,0
			34.861984,-120.612747,0
			34.862244,-120.613091,0
			34.8622210000001,-120.613335,0
			34.8622210000001,-120.613609,0
			34.8624990000002,-120.613892,0
			34.8627820000002,-120.613892,0
			34.8630560000001,-120.614166,0
			34.8633350000001,-120.614441,0
			34.8636090000002,-120.614723,0
			34.8638920000001,-120.614929,0
			34.863888,-120.61528,0
			34.8641660000001,-120.615555,0
			34.8641660000001,-120.615837,0
			34.8644450000001,-120.616112,0
			34.8644450000001,-120.616386,0
			34.864723,-120.616669,0
			34.8650020000002,-120.616943,0
			34.8652760000001,-120.616943,0
			34.865509,-120.61673,0
			34.8658260000001,-120.616631,0
			34.866089,-120.616577,0
			34.8663900000001,-120.616943,0
			34.866699,-120.617004,0
			34.8669400000001,-120.617233,0
			34.8672640000001,-120.617538,0
			34.8673670000001,-120.617645,0
			34.8675000000001,-120.617775,0
			34.867493,-120.617981,0
			34.8675000000001,-120.618332,0
			34.867779,-120.618614,0
			34.867779,-120.618889,0
			34.8680570000001,-120.619164,0
			34.8683320000002,-120.619446,0
			34.8683320000002,-120.61956,0
			34.8683320000002,-120.61972,0
			34.8686100000001,-120.620003,0
			34.8686100000001,-120.620277,0
			34.8688960000001,-120.620552,0
			34.8688960000001,-120.620834,0
			34.8688960000001,-120.620911,0
			34.8688890000001,-120.621109,0
			34.8692050000001,-120.621368,0
			34.869316,-120.621529,0
			34.8694570000002,-120.621658,0
			34.8694460000002,-120.621948,0
			34.8697200000001,-120.622223,0
			34.8699990000001,-120.622498,0
			34.8702770000002,-120.62278,0
			34.8704800000001,-120.622925,0
			34.8705900000001,-120.623009,0
			34.8708340000001,-120.623337,0
			34.871113,-120.623611,0
			34.871387,-120.623886,0
			34.8716660000002,-120.624168,0
			34.8717960000001,-120.624298,0
			34.871944,-120.624443,0
			34.8719860000002,-120.624687,0
			34.871944,-120.625,0
			34.8722230000001,-120.625275,0
			34.8725010000002,-120.625557,0
			34.8727760000002,-120.625832,0
			34.8730550000001,-120.626114,0
			34.8733330000001,-120.626404,0
			34.8733330000001,-120.626663,0
			34.8733330000001,-120.626945,0
			34.8733330000001,-120.62722,0
			34.8733330000001,-120.627502,0
			34.8733330000001,-120.627777,0
			34.8733330000001,-120.628052,0
			34.8733330000001,-120.628334,0
			34.8736720000001,-120.628593,0
			34.8736110000002,-120.628891,0
			34.8736110000002,-120.629166,0
			34.8736110000002,-120.629448,0
			34.873951,-120.630127,0
			34.874329,-120.630676,0
			34.8747140000001,-120.631172,0
			34.874878,-120.631775,0
			34.8749390000001,-120.631859,0
			34.8752100000001,-120.632324,0
			34.875473,-120.63282,0
			34.8755190000001,-120.632912,0
			34.8756870000001,-120.633476,0
			34.8757250000001,-120.633591,0
			34.8760530000001,-120.63427,0
			34.8765260000001,-120.634705,0
			34.8769840000002,-120.635117,0
			34.877422,-120.635582,0
			34.8776860000002,-120.636108,0
			34.8778340000002,-120.636276,0
			34.878002,-120.636604,0
			34.8783340000001,-120.637039,0
			34.878479,-120.637329,0
			34.8785320000002,-120.637581,0
			34.8786580000001,-120.638168,0
			34.879086,-120.638626,0
			34.8797000000002,-120.639099,0
			34.880001,-120.639442,0
			34.88031,-120.639404,0
			34.8805540000001,-120.63945,0
			34.880821,-120.639503,0
			34.8809170000002,-120.639526,0
			34.881111,-120.639725,0
			34.88139,-120.639725,0
			34.8816800000001,-120.639671,0
			34.881897,-120.639709,0
			34.882225,-120.63945,0
			34.8825070000001,-120.639221,0
			34.8827820000001,-120.639191,0
			34.8830570000001,-120.63916,0
			34.8831290000001,-120.639153,0
			34.883339,-120.639114,0
			34.8836140000002,-120.63913,0
			34.8837360000002,-120.639137,0
			34.8838920000001,-120.639107,0
			34.8841710000001,-120.63913,0
			34.884445,-120.639153,0
			34.884529,-120.63916,0
			34.8847270000001,-120.63913,0
			34.8850020000001,-120.639175,0
			34.8852770000001,-120.639442,0
			34.885555,-120.639442,0
			34.885834,-120.639442,0
			34.8858990000001,-120.639381,0
			34.8861120000001,-120.639168,0
			34.8864020000001,-120.639191,0
			34.8864820000002,-120.639153,0
			34.886673,-120.63913,0
			34.886944,-120.639168,0
			34.8872220000001,-120.639442,0
			34.8875010000001,-120.639442,0
			34.887794,-120.639404,0
			34.8880350000001,-120.639496,0
			34.8881150000001,-120.639481,0
			34.8883320000001,-120.639442,0
			34.8885000000002,-120.63961,0
			34.8886110000001,-120.639725,0
			34.888889,-120.639999,0
			34.889168,-120.639999,0
			34.8894460000001,-120.640274,0
			34.8897210000001,-120.640556,0
			34.889999,-120.640831,0
			34.890278,-120.641113,0
			34.890278,-120.641388,0
			34.8905560000001,-120.64167,0
			34.8905560000001,-120.641945,0
			34.8908350000001,-120.64222,0
			34.891109,-120.642502,0
			34.891388,-120.642776,0
			34.8916660000001,-120.642776,0
			34.8919450000001,-120.643059,0
			34.892281,-120.643044,0
			34.892502,-120.642998,0
			34.8927760000001,-120.64299,0
			34.8928680000001,-120.64299,0
			34.8930890000001,-120.642815,0
			34.8933560000002,-120.642555,0
			34.893593,-120.642456,0
			34.893692,-120.642418,0
			34.8938900000001,-120.64222,0
			34.8941,-120.64225,0
			34.8942070000001,-120.642265,0
			34.8944440000001,-120.642502,0
			34.8947490000001,-120.642525,0
			34.8950000000001,-120.642776,0
			34.8952790000001,-120.642776,0
			34.8955150000001,-120.642746,0
			34.895832,-120.643059,0
			34.8961180000001,-120.643005,0
			34.8964000000001,-120.643074,0
			34.896667,-120.643333,0
			34.8969460000002,-120.643333,0
			34.8972210000002,-120.643608,0
			34.897526,-120.643562,0
			34.8977780000001,-120.64389,0
			34.8980560000002,-120.644165,0
			34.898335,-120.644447,0
			34.8986130000001,-120.644722,0
			34.8988880000001,-120.644997,0
			34.899166,-120.645279,0
			34.8994450000002,-120.645554,0
			34.8997190000001,-120.645813,0
			34.8997230000001,-120.646111,0
			34.900085,-120.646423,0
			34.9000020000001,-120.646667,0
			34.9002760000002,-120.646942,0
			34.9005050000001,-120.646973,0
			34.9005550000002,-120.647224,0
			34.9008790000001,-120.647522,0
			34.901062,-120.648117,0
			34.9011800000002,-120.648811,0
			34.9011730000001,-120.649567,0
			34.9013100000001,-120.650085,0
			34.9013290000001,-120.650162,0
			34.9013600000002,-120.650719,0
			34.9012680000002,-120.651215,0
			34.9011270000001,-120.651711,0
			34.9008790000001,-120.6521,0
			34.9006770000001,-120.652588,0
			34.9006310000001,-120.652702,0
			34.9005700000002,-120.653091,0
			34.900558,-120.653625,0
			34.9006080000001,-120.654152,0
			34.9007800000002,-120.65464,0
			34.9008790000001,-120.655212,0
			34.9008940000002,-120.655663,0
			34.9011230000001,-120.656128,0
			34.9013060000001,-120.656616,0
			34.901489,-120.657104,0
			34.9016340000001,-120.657639,0
			34.9016720000001,-120.657776,0
			34.9015960000002,-120.658157,0
			34.901573,-120.658676,0
			34.901489,-120.658936,0
			34.9014130000001,-120.659164,0
			34.901287,-120.659676,0
			34.9011120000001,-120.660278,0
			34.9011230000001,-120.660583,0
			34.9011230000001,-120.660835,0
			34.9011230000001,-120.66111,0
			34.9011230000001,-120.661377,0
			34.9008330000001,-120.661667,0
			34.9008790000001,-120.661987,0
			34.9008790000001,-120.662224,0
			34.9008790000001,-120.662498,0
			34.9008790000001,-120.662781,0
			34.9008790000001,-120.662903,0
			34.9008370000001,-120.663055,0
			34.9005550000002,-120.66333,0
			34.9005550000002,-120.663612,0
			34.9005550000002,-120.663887,0
			34.9005550000002,-120.664169,0
			34.9005550000002,-120.664444,0
			34.9005550000002,-120.664719,0
			34.9005550000002,-120.665001,0
			34.9005550000002,-120.665276,0
			34.9005550000002,-120.665558,0
			34.9005550000002,-120.665833,0
			34.900856,-120.666107,0
			34.9008790000001,-120.666199,0
			34.9008330000001,-120.666389,0
			34.9008330000001,-120.666664,0
			34.9011230000001,-120.666992,0
			34.9011230000001,-120.667221,0
			34.9011230000001,-120.667503,0
			34.9011230000001,-120.667778,0
			34.9011230000001,-120.668091,0
			34.9008330000001,-120.668335,0
			34.9011120000001,-120.668335,0
			34.9014240000001,-120.668587,0
			34.9013900000002,-120.668892,0
			34.9013900000002,-120.669167,0
			34.9013900000002,-120.669441,0
			34.9013900000002,-120.669724,0
			34.9015160000001,-120.670403,0
			34.9015270000002,-120.670479,0
			34.9018060000001,-120.671227,0
			34.9022410000001,-120.67186,0
			34.9026760000002,-120.672272,0
			34.9029770000002,-120.672348,0
			34.9033200000002,-120.67218,0
			34.903606,-120.671951,0
			34.903881,-120.671631,0
			34.904209,-120.671333,0
			34.904476,-120.671196,0
			34.9047090000001,-120.671082,0
			34.9048040000002,-120.671028,0
			34.904999,-120.67083,0
			34.9052730000001,-120.670776,0
			34.905579,-120.670593,0
			34.9056430000002,-120.670555,0
			34.9058340000001,-120.670555,0
			34.9061130000002,-120.670555,0
			34.90638,-120.670258,0
			34.9064520000001,-120.670235,0
			34.906715,-120.670044,0
			34.9069710000001,-120.669754,0
			34.907269,-120.669495,0
			34.9073260000001,-120.669441,0
			34.9075010000001,-120.669441,0
			34.9077760000001,-120.669441,0
			34.907906,-120.669312,0
			34.9080540000002,-120.669167,0
			34.9083370000001,-120.669174,0
			34.9086110000001,-120.668892,0
			34.9089280000002,-120.668854,0
			34.9091680000001,-120.66861,0
			34.90942,-120.668571,0
			34.909729,-120.668396,0
			34.9100000000001,-120.668053,0
			34.9102780000002,-120.667778,0
			34.9105570000002,-120.667503,0
			34.9108120000001,-120.66748,0
			34.9110530000002,-120.667282,0
			34.9111100000001,-120.667221,0
			34.9113880000002,-120.667221,0
			34.9116550000001,-120.667282,0
			34.9117430000001,-120.667297,0
			34.9119450000001,-120.667503,0
			34.912224,-120.667503,0
			34.9124760000001,-120.667297,0
			34.9127770000002,-120.666946,0
			34.913055,-120.666664,0
			34.9133340000001,-120.666664,0
			34.9136160000001,-120.666931,0
			34.9138870000002,-120.667221,0
			34.9141650000001,-120.667503,0
			34.9144440000001,-120.667778,0
			34.9147300000001,-120.667564,0
			34.9150050000001,-120.667526,0
			34.915283,-120.66748,0
			34.915554,-120.667503,0
			34.915848,-120.667259,0
			34.916077,-120.667175,0
			34.9164580000001,-120.666946,0
			34.916668,-120.666946,0
			34.9169460000001,-120.666939,0
			34.9172210000002,-120.667221,0
			34.9175000000001,-120.667221,0
			34.917782,-120.667152,0
			34.9180910000002,-120.667175,0
			34.9183350000001,-120.667175,0
			34.9186100000001,-120.667175,0
			34.918884,-120.667175,0
			34.9191930000001,-120.666992,0
			34.9194450000001,-120.666664,0
			34.9197650000002,-120.66642,0
			34.9199180000002,-120.666199,0
			34.9199980000001,-120.666115,0
			34.9202610000002,-120.665817,0
			34.9204710000001,-120.665588,0
			34.9205210000002,-120.665527,0
			34.9208340000001,-120.665276,0
			34.9211120000001,-120.665001,0
			34.9211350000002,-120.664803,0
			34.921436,-120.664497,0
			34.9216650000001,-120.664169,0
			34.9219440000001,-120.663887,0
			34.9222680000001,-120.663651,0
			34.9224850000001,-120.663391,0
			34.9227710000002,-120.663307,0
			34.9230540000001,-120.66333,0
			34.923332,-120.66333,0
			34.9236110000001,-120.66333,0
			34.9238890000001,-120.66333,0
			34.9241830000001,-120.663094,0
			34.924423,-120.662994,0
			34.9245490000002,-120.662949,0
			34.924721,-120.662781,0
			34.9249990000001,-120.662781,0
			34.9251210000001,-120.662903,0
			34.9252780000001,-120.663055,0
			34.925556,-120.663055,0
			34.9258350000002,-120.663055,0
			34.9261170000001,-120.663002,0
			34.926331,-120.663025,0
			34.926666,-120.66333,0
			34.9269790000002,-120.663284,0
			34.9272230000001,-120.663612,0
			34.9275020000001,-120.663887,0
			34.9277760000001,-120.664169,0
			34.928055,-120.664444,0
			34.9281960000001,-120.664581,0
			34.9283330000001,-120.664719,0
			34.9283330000001,-120.664978,0
			34.9283330000001,-120.665062,0
			34.9283330000001,-120.665276,0
			34.9286190000001,-120.66555,0
			34.9286120000001,-120.665833,0
			34.9286120000001,-120.666115,0
			34.9289440000001,-120.666374,0
			34.92889,-120.666664,0
			34.929066,-120.666824,0
			34.9291840000002,-120.666931,0
			34.929165,-120.667221,0
			34.9294430000001,-120.667503,0
			34.9296880000001,-120.66748,0
			34.9300310000001,-120.667274,0
			34.9301190000001,-120.667221,0
			34.930279,-120.667221,0
			34.9304890000001,-120.667,0
			34.930546,-120.666939,0
			34.9308470000001,-120.666679,0
			34.9310760000001,-120.666489,0
			34.9311560000001,-120.666428,0
			34.931404,-120.666122,0
			34.9314800000001,-120.666031,0
			34.9316900000001,-120.665848,0
			34.9318850000002,-120.665588,0
			34.9322170000002,-120.665276,0
			34.9324460000001,-120.665054,0
			34.9325070000002,-120.665016,0
			34.9327770000001,-120.664719,0
			34.9330330000001,-120.664688,0
			34.9332890000002,-120.66449,0
			34.933613,-120.664169,0
			34.9339100000001,-120.663902,0
			34.9340590000001,-120.663681,0
			34.9341280000002,-120.663597,0
			34.934444,-120.66333,0
			34.934444,-120.663055,0
			34.934444,-120.662872,0
			34.9344790000001,-120.662796,0
			34.934444,-120.662498,0
			34.9347230000002,-120.662224,0
			34.9350010000001,-120.661942,0
			34.9352230000002,-120.661896,0
			34.9353180000001,-120.661827,0
			34.9355550000001,-120.661667,0
			34.9358330000002,-120.661392,0
			34.936153,-120.661354,0
			34.9363900000001,-120.66111,0
			34.9366760000001,-120.66111,0
			34.936943,-120.66111,0
			34.9371110000001,-120.660942,0
			34.9372410000001,-120.660904,0
			34.9375000000001,-120.660828,0
			34.937778,-120.660835,0
			34.9381100000001,-120.660583,0
			34.9383130000001,-120.660507,0
			34.9384230000001,-120.660461,0
			34.9386100000001,-120.660278,0
			34.9389040000001,-120.660278,0
			34.9391670000002,-120.660278,0
			34.9394990000001,-120.660004,0
			34.9397240000001,-120.660004,0
			34.9398610000001,-120.659866,0
			34.9399990000001,-120.659721,0
			34.9403080000001,-120.659729,0
			34.9405560000002,-120.659447,0
			34.9408450000001,-120.65947,0
			34.9409180000001,-120.659431,0
			34.9411050000001,-120.659393,0
			34.9413870000002,-120.659447,0
			34.9414980000001,-120.659332,0
			34.9416660000002,-120.659164,0
			34.941952,-120.65918,0
			34.9422230000001,-120.65889,0
			34.9425010000002,-120.65889,0
			34.942783,-120.658928,0
			34.9431150000001,-120.658875,0
			34.9433290000001,-120.65892,0
			34.9436110000001,-120.65889,0
			34.9437220000001,-120.658997,0
			34.9438900000002,-120.659164,0
			34.944168,-120.659164,0
			34.9444470000001,-120.659149,0
			34.9445190000001,-120.659164,0
			34.944698,-120.659233,0
			34.9448320000001,-120.659279,0
			34.9450000000002,-120.659447,0
			34.9453130000001,-120.659424,0
			34.9455570000001,-120.659447,0
			34.9456440000001,-120.659355,0
			34.9458350000002,-120.659164,0
			34.9461290000002,-120.65921,0
			34.9463620000001,-120.659111,0
			34.94651,-120.659042,0
			34.946667,-120.65889,0
			34.9468990000001,-120.658875,0
			34.9472270000001,-120.658615,0
			34.9475100000002,-120.658386,0
			34.9477770000001,-120.658058,0
			34.9480550000002,-120.657776,0
			34.9483340000002,-120.657501,0
			34.948616,-120.657501,0
			34.9488910000001,-120.657501,0
			34.949062,-120.657326,0
			34.9491650000002,-120.657219,0
			34.9494440000001,-120.657227,0
			34.9495200000001,-120.657204,0
			34.949707,-120.657173,0
			34.950001,-120.657219,0
			34.9503170000001,-120.656982,0
			34.950546,-120.656914,0
			34.950832,-120.656944,0
			34.9509890000001,-120.656792,0
			34.9511110000001,-120.65667,0
			34.9513970000001,-120.656731,0
			34.9517210000001,-120.656677,0
			34.951939,-120.656631,0
			34.9522210000001,-120.65667,0
			34.952358,-120.656532,0
			34.9524990000002,-120.656387,0
			34.9527660000001,-120.656364,0
			34.9530560000001,-120.656387,0
			34.953339,-120.656174,0
			34.9536130000001,-120.656151,0
			34.9539180000002,-120.656128,0
			34.954166,-120.65583,0
			34.954445,-120.655556,0
			34.9545590000001,-120.65567,0
			34.9547230000001,-120.65583,0
			34.9550090000002,-120.655777,0
			34.9553220000001,-120.655823,0
			34.9555510000001,-120.655792,0
			34.9558330000002,-120.65583,0
			34.9559170000002,-120.655746,0
			34.9559900000002,-120.655678,0
			34.9561120000001,-120.655556,0
			34.956482,-120.655579,0
			34.956665,-120.655281,0
			34.9569090000002,-120.655212,0
			34.9570810000002,-120.655144,0
			34.9572220000001,-120.654999,0
			34.9574930000002,-120.654976,0
			34.957798,-120.654755,0
			34.9580570000001,-120.654724,0
			34.9583130000001,-120.65448,0
			34.9586110000001,-120.654449,0
			34.958923,-120.654419,0
			34.9591670000001,-120.654442,0
			34.9592670000001,-120.654343,0
			34.9594460000001,-120.654167,0
			34.9597210000001,-120.654167,0
			34.9600070000002,-120.654221,0
			34.9603270000002,-120.654175,0
			34.9605560000001,-120.654442,0
			34.9608760000002,-120.654419,0
			34.9611130000002,-120.654419,0
			34.9613880000001,-120.654419,0
			34.9617310000002,-120.654419,0
			34.9619290000001,-120.654373,0
			34.9620630000001,-120.654343,0
			34.9622800000001,-120.654167,0
			34.9622800000001,-120.653893,0
			34.9622730000001,-120.653641,0
			34.9624630000002,-120.65332,0
			34.9625240000001,-120.653198,0
			34.962502,-120.653053,0
			34.9628300000002,-120.652824,0
			34.9630740000001,-120.652527,0
			34.963333,-120.652489,0
			34.9636040000001,-120.652451,0
			34.9638900000001,-120.652496,0
			34.9641690000001,-120.652496,0
			34.964443,-120.652496,0
			34.9647220000001,-120.652496,0
			34.9650150000001,-120.652283,0
			34.9652710000001,-120.652222,0
			34.9655530000001,-120.652252,0
			34.965828,-120.652275,0
			34.9661100000001,-120.652496,0
			34.9663890000001,-120.652496,0
			34.966667,-120.652496,0
			34.9669490000001,-120.652267,0
			34.9672240000001,-120.652245,0
			34.9675290000001,-120.652222,0
			34.9677770000002,-120.652222,0
			34.9680790000002,-120.652435,0
			34.9683340000001,-120.652779,0
			34.9686130000001,-120.652779,0
			34.968872,-120.65271,0
			34.969166,-120.65271,0
			34.969482,-120.65271,0
			34.9697230000001,-120.652779,0
			34.969971,-120.652443,0
			34.9701420000001,-120.652351,0
			34.9702760000002,-120.652283,0
			34.9702760000002,-120.651947,0
			34.9702760000002,-120.651611,0
			34.970566,-120.651405,0
			34.9708330000001,-120.651108,0
			34.9711110000002,-120.650833,0
			34.971416,-120.650581,0
			34.9714780000002,-120.65049,0
			34.9716990000002,-120.650307,0
			34.9719160000002,-120.650078,0
			34.9719730000001,-120.650032,0
			34.9722440000002,-120.649742,0
			34.9725190000001,-120.649445,0
			34.9727780000001,-120.649445,0
			34.9730260000002,-120.649117,0
			34.9733850000001,-120.648888,0
			34.9686890000002,-120.644188,0
			34.9647900000002,-120.640327,0
			34.9639090000001,-120.637497,0
			34.9648510000001,-120.634163,0
			34.964905,-120.634094,0
			34.9653630000001,-120.633682,0
			34.9691160000002,-120.63031,0
			34.9645080000001,-120.623459,0
			34.964649,-120.622627,0
			34.9650880000001,-120.620605,0
			34.9708860000001,-120.616821,0
			34.9715540000001,-120.614967,0
			34.9729,-120.611206,0
			34.9720990000001,-120.604805,0
			34.971951,-120.603401,0
			34.9712370000001,-120.602859,0
			34.967449,-120.599983,0
			34.9661100000001,-120.596588,0
			34.9666710000002,-120.585373,0
			34.97261,-120.581528,0
			34.976929,-120.573013,0
			34.9776950000002,-120.571465,0
			34.9768300000002,-120.567558,0
			34.9741820000001,-120.560349,0
			34.9737210000001,-120.559097,0
			34.9749600000002,-120.556854,0
			34.9774780000001,-120.552429,0
			34.9838870000002,-120.546326,0
			34.984924,-120.538513,0
			34.984261,-120.534531,0
			34.983952,-120.532303,0
			34.9951400000001,-120.498222,0
			34.9948810000001,-120.475212,0
			34.9946250000001,-120.473846,0
			34.9914090000001,-120.456642,0
			34.99015,-120.443733,0
			34.987492,-120.434723,0
			34.969589,-120.401947,0
			34.9646610000001,-120.392906,0
			34.9597400000001,-120.382759,0
			34.9575310000001,-120.374893,0
			34.9539300000001,-120.370346,0
			34.94809,-120.361877,0
			34.94043,-120.3545,0
			34.9328190000001,-120.339279,0
			34.9292300000001,-120.333069,0
			34.9260790000001,-120.328537,0
			34.9224820000001,-120.323456,0
			34.9152300000001,-120.322273,0
			34.906189,-120.316566,0
			34.9056130000002,-120.311287,0
			34.9052730000001,-120.308716,0
			34.9080810000001,-120.302002,0
			34.9112130000001,-120.301277,0
			34.9149210000001,-120.3004,0
			34.9199220000002,-120.300453,0
			34.9219090000001,-120.298279,0
			34.9245,-120.29541,0
			34.930481,-120.29541,0
			34.9339180000002,-120.294365,0
			34.9354860000001,-120.293884,0
			34.942688,-120.295593,0
			34.9498790000001,-120.297127,0
			34.9512940000001,-120.297424,0
			34.9545290000001,-120.301392,0
			34.9567260000001,-120.304688,0
			34.962204,-120.305244,0
			34.9639280000001,-120.30542,0
			34.9656910000001,-120.306946,0
			34.9685060000001,-120.309387,0
			34.9723280000002,-120.313393,0
			34.9761090000002,-120.317307,0
			34.9768600000002,-120.317245,0
			34.9821170000001,-120.316711,0
			34.9857180000001,-120.31958,0
			34.9882810000001,-120.329712,0
			34.9996450000002,-120.337189,0
			35.0023420000002,-120.3368,0
			35.010498,-120.33551,0
			35.0168990000001,-120.327827,0
			35.0160290000001,-120.32222,0
			35.0097500000001,-120.31205,0
			35.013882,-120.304787,0
			35.016651,-120.298088,0
			35.0162700000001,-120.287422,0
			35.017212,-120.282379,0
			35.019981,-120.27623,0
			35.0234450000001,-120.272003,0
			35.0240940000002,-120.271202,0
			35.02599,-120.259453,0
			35.0266760000001,-120.258064,0
			35.0273700000001,-120.256653,0
			35.026939,-120.253281,0
			35.0251500000001,-120.249329,0
			35.0253980000001,-120.247009,0
			35.0256310000001,-120.244843,0
			35.0238490000002,-120.239769,0
			35.024342,-120.23304,0
			35.0244750000001,-120.232925,0
			35.0257190000002,-120.231842,0
			35.0275310000001,-120.230263,0
			35.0271610000001,-120.229195,0
			35.02441,-120.221252,0
			35.0249020000001,-120.215576,0
			35.0294800000001,-120.206726,0
			35.0298500000002,-120.205688,0
			35.0331920000001,-120.196068,0
			35.0355030000002,-120.191025,0
			35.0414200000002,-120.186043,0
			35.0437010000001,-120.185486,0
			35.0496830000001,-120.190002,0
			35.054688,-120.186096,0
			35.0553550000001,-120.185661,0
			35.0623170000001,-120.181091,0
			35.06501,-120.177345,0
			35.0650830000002,-120.177246,0
			35.0651250000001,-120.177185,0
			35.0687260000001,-120.174988,0
			35.0746730000001,-120.171104,0
			35.0778690000001,-120.163887,0
			35.0810810000001,-120.158859,0
			35.0825200000002,-120.150398,0
			35.086151,-120.145416,0
			35.088444,-120.145981,0
			35.0961300000001,-120.1427,0
			35.0974730000002,-120.135376,0
			35.0988770000001,-120.126892,0
			35.105286,-120.11969,0
			35.10598,-120.115204,0
			35.1062890000001,-120.112976,0
			35.1117820000001,-120.105156,0
			35.114559,-120.094498,0
			35.1150700000001,-120.083817,0
			35.1137080000001,-120.083252,0
			35.1104810000002,-120.086319,0
			35.1096760000001,-120.087082,0
			35.1096000000001,-120.087158,0
			35.10648,-120.07589,0
			35.1015090000001,-120.071922,0
			35.0942800000001,-120.063438,0
			35.0915990000001,-120.054428,0
			35.0880010000001,-120.048218,0
			35.0873110000001,-120.042488,0
			35.0871200000001,-120.040916,0
			35.086308,-120.038185,0
			35.08041,-120.018387,0
			35.075451,-120.012741,0
			35.071964,-120.004448,0
			35.0709500000002,-120.002029,0
			35.064171,-119.995811,0
			35.0637400000001,-119.989616,0
			35.062943,-119.987213,0
			35.059261,-119.97612,0
			35.0561290000001,-119.963753,0
			35.0557400000002,-119.949066,0
			35.055729,-119.948578,0
			35.0556300000002,-119.947891,0
			35.0545040000001,-119.939575,0
			35.0562740000001,-119.928284,0
			35.0495000000001,-119.917603,0
			35.0441280000001,-119.911987,0
			35.0401000000001,-119.910889,0
			35.0386960000001,-119.906311,0
			35.0364990000002,-119.897888,0
			35.0404850000001,-119.886246,0
			35.0418890000001,-119.88224,0
			35.0417210000001,-119.881752,0
			35.0392000000002,-119.874367,0
			35.0337720000001,-119.865913,0
			35.0324400000001,-119.855797,0
			35.0292890000001,-119.851311,0
			35.0285220000001,-119.850899,0
			35.0167240000002,-119.844482,0
			35.0103150000002,-119.838318,0
			35.0076140000001,-119.834549,0
			35.00708,-119.833786,0
			35.0068820000001,-119.832611,0
			35.0052910000001,-119.823128,0
			35.004311,-119.819458,0
			35.0034900000001,-119.816383,0
			35.002888,-119.815033,0
			35.0012400000001,-119.811317,0
			34.9962620000002,-119.804573,0
			34.9935490000001,-119.800072,0
			34.9935340000001,-119.799995,0
			34.98951,-119.779289,0
			34.9888080000002,-119.777977,0
			34.9841310000001,-119.769104,0
			34.9746700000001,-119.746704,0
			34.9746700000001,-119.728699,0
			34.9733280000002,-119.71521,0
			34.9765010000001,-119.703491,0
			34.9724730000001,-119.691101,0
			34.97168,-119.680908,0
			34.9726140000002,-119.674919,0
			34.9729,-119.673096,0
			34.9729,-119.670914,0
			34.9661250000001,-119.661926,0
			34.9594730000001,-119.651306,0
			34.9531250000001,-119.643311,0
			34.9531250000001,-119.63501,0
			34.9498900000001,-119.616516,0
			34.9398800000002,-119.5979,0
			34.9317020000001,-119.592285,0
			34.9227290000001,-119.578796,0
			34.9139750000002,-119.563118,0
			34.9130900000001,-119.561501,0
			34.9107250000002,-119.55764,0
			34.8991090000001,-119.538513,0
			34.898441,-119.512535,0
			34.8981210000001,-119.498146,0
			34.8981210000001,-119.492546,0
			34.8994100000001,-119.491356,0
			34.8999400000001,-119.490868,0
			34.9003909900001,-119.474609374,0
			34.9002013430002,-119.466475535,0
			34.8999820000002,-119.457069,0
		</coordinates>
	</polygon>
</kml>
