<?xml version="1.0" encoding="UTF-8"?>
<kml xmlns="http://earth.google.com/kml/2.2">
	<polygon id="USA_AK_Yukon-Koyukuk" samplingProbability="1">
		<coordinates>
			68.4392700020001,-141.003006,0
			68.4392320000001,-141.003006,0
			68.4367760000001,-141.002939,0
			68.436455,-141.00293,0
			68.43557,-141.00291,0
			68.435074,-141.002899,0
			68.4349210000001,-141.002899,0
			68.4142070000001,-141.003082,0
			68.0008240000002,-141.006866,0
			67.9999010000002,-141.006866,0
			67.1564410000001,-141.002777,0
			67.1385730000002,-141.003143,0
			67.1169400000001,-141.002598,0
			67.1167680070001,-141.002594,0
			67.1150360000001,-141.002588,0
			67.1125010000002,-141.002579,0
			67.1124620800001,-141.002578691,0
			67.1117452100002,-141.002573283,0
			67.1103820810001,-141.002563476,0
			67.0964026340001,-141.002836342,0
			67.088493,-141.002991,0
			67.0842642500001,-141.002880449,0
			67.0634000000001,-141.002335,0
			67.0457830000001,-141.002712,0
			67.0384290000002,-141.002869,0
			67.0133439100001,-141.002228003,0
			67.0133120000002,-141.002229,0
			67.0031280000001,-141.002434,0
			67.0031149970001,-141.002434261,0
			66.9971925840001,-141.002553473,0
			66.9883728030002,-141.002731323,0
			66.9763655030001,-141.002973376,0
			66.9707860000001,-141.003086,0
			66.9633940000002,-141.003235,0
			66.9579016120001,-141.003097937,0
			66.9545426730001,-141.003014114,0
			66.9383087150002,-141.002609253,0
			66.9328147270002,-141.002718171,0
			66.9252240000001,-141.002869,0
			66.9133530000001,-141.003098,0
			66.8873830000002,-141.003052,0
			66.887369,-141.003052,0
			66.872033,-141.002669,0
			66.8696650000002,-141.00261,0
			66.8666320660001,-141.002534259,0
			66.8622970580002,-141.002426147,0
			66.854159215,-141.002590346,0
			66.8373410000002,-141.00293,0
			66.8164476030001,-141.002408456,0
			66.8122634890001,-141.002304076,0
			66.8115621140001,-141.002318229,0
			66.8077310000002,-141.002396,0
			66.7873180000001,-141.002808,0
			66.787307998,-141.002808,0
			66.7872731170001,-141.00280713,0
			66.7634340000002,-141.002212,0
			66.7623800000002,-141.002186,0
			66.7622376640002,-141.002182019,0
			66.7621308920002,-141.002184094,0
			66.7372818000001,-141.002670288,0
			66.7219254640002,-141.002980233,0
			66.713693753,-141.003146531,0
			66.7123360000001,-141.003174,0
			66.7123250000002,-141.003174,0
			66.707113715,-141.003046778,0
			66.7058118780001,-141.003015052,0
			66.687263489,-141.002563476,0
			66.6707170300001,-141.002887223,0
			66.6623070000001,-141.003052,0
			66.653547114,-141.002838462,0
			66.6532000010002,-141.002830001,0
			66.6531891440001,-141.002829736,0
			66.6498260000002,-141.002748,0
			66.6445035990001,-141.002618041,0
			66.6372528080001,-141.002441407,0
			66.6231624780001,-141.002717097,0
			66.6122970000001,-141.00293,0
			66.5919774040001,-141.002422314,0
			66.5872471260001,-141.002304127,0
			66.5622940000001,-141.002792,0
			66.5378344680001,-141.002196498,0
			66.5372389990002,-141.002182,0
			66.5122925440001,-141.002670126,0
			66.5110650000001,-141.002694,0
			66.5024550000001,-141.002863,0
			66.4873580000001,-141.003159,0
			66.4873130000001,-141.003158,0
			66.4705720000001,-141.00275,0
			66.4623030000002,-141.002548,0
			66.46219795,-141.002549992,0
			66.4412597940001,-141.002947207,0
			66.4373670000001,-141.003021,0
			66.4204380000002,-141.002609,0
			66.420410366,-141.002608325,0
			66.4123349480001,-141.002411291,0
			66.4123229430001,-141.002411002,0
			66.4122960000001,-141.002412,0
			66.4020610000001,-141.002612,0
			66.3873960000001,-141.002899,0
			66.3873830000001,-141.002899,0
			66.3800280000001,-141.002715,0
			66.3623588050002,-141.002274395,0
			66.3623430010001,-141.002274,0
			66.3618563360001,-141.002283522,0
			66.3374020000002,-141.002762,0
			66.3352752380001,-141.002710102,0
			66.3310695230002,-141.002607475,0
			66.3123626710001,-141.002151489,0
			66.3087245500001,-141.002220511,0
			66.305349,-141.002285,0
			66.3000210000001,-141.002386,0
			66.2874420000001,-141.002625,0
			66.2874300010002,-141.002625,0
			66.273946278,-141.002304063,0
			66.2623901370002,-141.002029418,0
			66.2374725340002,-141.002502441,0
			66.2228927610001,-141.002792359,0
			66.2210074160001,-141.002828481,0
			66.2202570000001,-141.002843,0
			66.2171400000001,-141.002903,0
			66.2125400000002,-141.002991,0
			66.2112791280001,-141.002960208,0
			66.2021801560001,-141.002738129,0
			66.18750763,-141.002380372,0
			66.1816882940001,-141.002494408,0
			66.17474,-141.002631,0
			66.1625900000001,-141.002869,0
			66.1403290950001,-141.0023123,0
			66.1375579830001,-141.002243043,0
			66.137262369,-141.002265474,0
			66.1355319430002,-141.002397023,0
			66.1347423300001,-141.002457051,0
			66.1341600000001,-141.002501,0
			66.1333540000002,-141.002563,0
			66.108437,-141.003036,0
			66.0833970000001,-141.002441,0
			66.0584870000002,-141.002914,0
			66.033463,-141.002304,0
			66.0184020000002,-141.002426,0
			65.993492,-141.002914,0
			65.968468,-141.002304,0
			65.9435730000001,-141.002777,0
			65.9185410000002,-141.002182,0
			65.8936390000002,-141.002655,0
			65.8681720000001,-141.002319,0
			65.8654158750001,-141.002373372,0
			65.8616330000002,-141.002448,0
			65.8565230000002,-141.002548,0
			65.84328,-141.002808,0
			65.843269,-141.002808,0
			65.8417900000001,-141.002699,0
			65.8412560000001,-141.00266,0
			65.8406144250001,-141.002612312,0
			65.8399505620001,-141.002563476,0
			65.8389587400001,-141.006607055,0
			65.8384170530001,-141.014953614,0
			65.8389816290002,-141.024917603,0
			65.8361129770001,-141.033554078,0
			65.8342437740001,-141.04270935,0
			65.8299407950001,-141.051086427,0
			65.8270721430001,-141.059707641,0
			65.8285140990002,-141.064544678,0
			65.8270797740001,-141.073440552,0
			65.8273086550001,-141.080169677,0
			65.8262100230002,-141.08770752,0
			65.8226699820001,-141.089874267,0
			65.821128845,-141.093109131,0
			65.8214721680001,-141.105499267,0
			65.8192596450001,-141.111434937,0
			65.8160476690001,-141.112243653,0
			65.8148269650001,-141.118713378,0
			65.8128509520002,-141.1222229,0
			65.8088684080001,-141.129226684,0
			65.8070983900001,-141.134872436,0
			65.804222107,-141.134353639,0
			65.800788879,-141.128448487,0
			65.8004608160001,-141.134353639,0
			65.7988128670001,-141.145645141,0
			65.7967071530002,-141.148071289,0
			65.7935028080001,-141.153457641,0
			65.7906341560001,-141.162063599,0
			65.7889709480002,-141.168777467,0
			65.7877502430002,-141.170669556,0
			65.7860870360001,-141.168243409,0
			65.7843170170001,-141.169326783,0
			65.7832183840001,-141.176849365,0
			65.781333923,-141.185989381,0
			65.775810241,-141.196212768,0
			65.77381897,-141.20426941,0
			65.7750320450002,-141.211517334,0
			65.7729339590001,-141.223068238,0
			65.7716140750002,-141.22843933,0
			65.7696228040002,-141.222793578,0
			65.766517639,-141.229232787,0
			65.7633132930001,-141.234603882,0
			65.7610931390001,-141.235931396,0
			65.762626648,-141.241851806,0
			65.761306764,-141.247207642,0
			65.7565536490002,-141.246673584,0
			65.753341676,-141.252044678,0
			65.747138978,-141.260360718,0
			65.7424926750001,-141.265441894,0
			65.7397232050001,-141.275100709,0
			65.7363967890002,-141.283935548,0
			65.732856751,-141.286087036,0
			65.7292099000002,-141.29170227,0
			65.7267684930001,-141.300003051,0
			65.7233428950001,-141.307769775,0
			65.7192382810002,-141.318206787,0
			65.7150268560001,-141.323013306,0
			65.7119216920001,-141.329437255,0
			65.7115936270002,-141.335327149,0
			65.7087097170001,-141.339340209,0
			65.7053909310002,-141.343612672,0
			65.6975173950001,-141.349472046,0
			65.6881179820002,-141.344879151,0
			65.6800384530002,-141.344039917,0
			65.6730728150001,-141.349365234,0
			65.6663208010001,-141.352279663,0
			65.6565704340001,-141.367187499,0
			65.6524734490001,-141.373062134,0
			65.6505813600002,-141.382141113,0
			65.6482467660001,-141.386932372,0
			65.6429367070001,-141.394653321,0
			65.6424865720001,-141.394927979,0
			65.6377182000001,-141.407989501,0
			65.6346282960002,-141.405303955,0
			65.6316528310001,-141.399139404,0
			65.6281127930001,-141.387619019,0
			65.6229171750001,-141.382797241,0
			65.619163513,-141.382766724,0
			65.6162796030002,-141.386764527,0
			65.6131668100001,-141.3931427,0
			65.6105041500001,-141.408355713,0
			65.6061782850002,-141.421127319,0
			65.5989532470001,-141.442413329,0
			65.5901870730001,-141.457824707,0
			65.5896301270002,-141.466079711,0
			65.5926971430001,-141.482391358,0
			65.5947875980002,-141.493606568,0
			65.5921173110001,-141.499725342,0
			65.5885925290002,-141.497283935,0
			65.586921692,-141.499404907,0
			65.5861434940001,-141.50553894,0
			65.5831527710002,-141.508438111,0
			65.577842712,-141.507049561,0
			65.5681915280001,-141.518417358,0
			65.5681838990001,-141.527481078,0
			65.5720367430001,-141.533111572,0
			65.5733489990001,-141.541397095,0
			65.5721206670001,-141.547790527,0
			65.5674591060001,-141.552795409,0
			65.5610427850001,-141.554321288,0
			65.5561599740001,-141.557189942,0
			65.5503921510001,-141.565109254,0
			65.5468215940002,-141.58078003,0
			65.5478973390001,-141.595977783,0
			65.545883179,-141.608474731,0
			65.5407867430001,-141.609207153,0
			65.542747498,-141.619354248,0
			65.5415039070001,-141.634780883,0
			65.5365295410001,-141.63204956,0
			65.5332183840001,-141.627197266,0
			65.5271377560001,-141.627380372,0
			65.522033692,-141.632629395,0
			65.5232238780001,-141.644363403,0
			65.524528504,-141.652633667,0
			65.521629333,-141.661102294,0
			65.5179519660002,-141.671157838,0
			65.5204620360002,-141.682098388,0
			65.5223083500002,-141.695709228,0
			65.519058228,-141.710021972,0
			65.5138015740001,-141.727752685,0
			65.5114517210001,-141.737014771,0
			65.5076904300002,-141.736953736,0
			65.5021133430002,-141.751480102,0
			65.503738404,-141.762939454,0
			65.504226685,-141.777313232,0
			65.4978866580001,-141.788879394,0
			65.4863815310001,-141.791046143,0
			65.485931398,-141.791305543,0
			65.476638795,-141.792160033,0
			65.4727325440001,-141.804565429,0
			65.4694824220001,-141.814331055,0
			65.463363648,-141.823501587,0
			65.462142945,-141.825332642,0
			65.4620132450002,-141.83328247,0
			65.4618835460001,-141.836730957,0
			65.4555435190001,-141.84828186,0
			65.4474487300001,-141.851821899,0
			65.4443969740001,-141.868209839,0
			65.4433288570002,-141.885696411,0
			65.4450683600001,-141.893692016,0
			65.449256897,-141.89352417,0
			65.4540405280001,-141.889663697,0
			65.46080017,-141.886901855,0
			65.463989257,-141.890686035,0
			65.4638290400002,-141.903167725,0
			65.4587173470001,-141.908355713,0
			65.4536132810001,-141.913543701,0
			65.4475936890001,-141.923751832,0
			65.4447631840001,-141.93774414,0
			65.4452514640001,-141.952087402,0
			65.4465332040002,-141.964859008,0
			65.444580078,-141.97833252,0
			65.4415588380002,-141.985687256,0
			65.444152832,-141.997695922,0
			65.4485168470001,-142.00869751,0
			65.4479370120001,-142.016906737,0
			65.4476776130001,-142.02380371,0
			65.4494323730001,-142.027297974,0
			65.452186584,-142.026855468,0
			65.4551773070002,-142.028533935,0
			65.4533538810001,-142.03857422,0
			65.4544219960001,-142.044708252,0
			65.4582901,-142.04588318,0
			65.460006713,-142.053894043,0
			65.464981079,-142.056701659,0
			65.4665222180001,-142.058074951,0
			65.4663696290002,-142.066040039,0
			65.4635467540001,-142.075515746,0
			65.4637374880001,-142.08215332,0
			65.4644775400002,-142.089614869,0
			65.463409425,-142.102600098,0
			65.4664916990001,-142.105346679,0
			65.4701995850002,-142.114501953,0
			65.4703598030001,-142.125656128,0
			65.4674377440002,-142.134063722,0
			65.4649581900002,-142.142211914,0
			65.466484069,-142.148101807,0
			65.4670181270002,-142.148925781,0
			65.4656600950001,-142.154190063,0
			65.4662933350001,-142.160583497,0
			65.4677505510001,-142.17552185,0
			65.4663925170001,-142.180786134,0
			65.4613266000001,-142.176879883,0
			65.4605941780001,-142.188537597,0
			65.4611892710002,-142.199462891,0
			65.4590988160002,-142.216384887,0
			65.4565429680001,-142.218948365,0
			65.4538726810002,-142.220428467,0
			65.4515991210002,-142.230697632,0
			65.4511718760001,-142.245559692,0
			65.451347352,-142.252212524,0
			65.4493103040001,-142.260101318,0
			65.4459838860002,-142.278808594,0
			65.4420700070001,-142.301223755,0
			65.4391403200001,-142.309585572,0
			65.4379119880001,-142.311401367,0
			65.4329299940001,-142.327651978,0
			65.4279098510002,-142.333816527,0
			65.427947998,-142.343902587,0
			65.4259033200001,-142.351776124,0
			65.4214172370001,-142.35874939,0
			65.4160308850002,-142.370727539,0
			65.4128570560002,-142.381469727,0
			65.4114990250002,-142.386718751,0
			65.4117736830001,-142.394409179,0
			65.408996583,-142.409408569,0
			65.407028198,-142.422836304,0
			65.4056625360001,-142.428085327,0
			65.4038925180001,-142.42906189,0
			65.401931764,-142.423416138,0
			65.399032593,-142.427261353,0
			65.3963317870001,-142.433242799,0
			65.3929824820001,-142.437332153,0
			65.3925018320002,-142.442077638,0
			65.3912429810002,-142.448379516,0
			65.3902435310001,-142.447814942,0
			65.3873825070002,-142.447158813,0
			65.3841323850002,-142.452301025,0
			65.3822174080001,-142.456726074,0
			65.3790130620002,-142.457382202,0
			65.3792037970001,-142.459503174,0
			65.3786239620001,-142.463180542,0
			65.3768539440001,-142.464172363,0
			65.3763732910002,-142.468917846,0
			65.375892639,-142.47366333,0
			65.3757629400002,-142.477096558,0
			65.3747329720001,-142.481018067,0
			65.3732528680002,-142.485183715,0
			65.373222351,-142.489685059,0
			65.3728408810001,-142.495498656,0
			65.3733139030002,-142.505310058,0
			65.3731536860001,-142.51324463,0
			65.373413085,-142.520935058,0
			65.379493713,-142.535507203,0
			65.390853882,-142.551681519,0
			65.398971558,-142.572998047,0
			65.4024200440001,-142.584564209,0
			65.406288148,-142.610473633,0
			65.4063873300001,-142.611541749,0
			65.4042434700002,-142.628372192,0
			65.3992309570001,-142.644546508,0
			65.3910141000001,-142.661346435,0
			65.3797073370001,-142.675338746,0
			65.370330811,-142.684906006,0
			65.3613433840001,-142.688674926,0
			65.356353761,-142.69026184,0
			65.3456268310001,-142.700546264,0
			65.3415527350002,-142.71170044,0
			65.3378219600001,-142.7315979,0
			65.3295669560001,-142.762863159,0
			65.3241729730001,-142.794815064,0
			65.3184738160001,-142.788940429,0
			65.3173828120001,-142.78729248,0
			65.3159484870001,-142.786956786,0
			65.315101623,-142.782943726,0
			65.315246582,-142.779510497,0
			65.3168334960001,-142.776428223,0
			65.3179626470002,-142.773590087,0
			65.3181991580001,-142.771224976,0
			65.317558288,-142.769348144,0
			65.3167114260001,-142.765335083,0
			65.3157196040001,-142.764755248,0
			65.3133926400001,-142.764877319,0
			65.3123092650001,-142.76324463,0
			65.3114166250002,-142.763717652,0
			65.3120040900002,-142.760055543,0
			65.3119125360001,-142.758987428,0
			65.311264038,-142.757110595,0
			65.3096694960001,-142.750152589,0
			65.3098068250002,-142.74671936,0
			65.3108367930001,-142.74281311,0
			65.3105392460001,-142.739639281,0
			65.3093490610001,-142.736923219,0
			65.3079071050002,-142.736587524,0
			65.306694031,-142.738372802,0
			65.3057479870001,-142.743331909,0
			65.3038330070001,-142.74772644,0
			65.3019485470001,-142.747619628,0
			65.3003234880001,-142.745147705,0
			65.2978897090001,-142.744232179,0
			65.2968978880001,-142.743652344,0
			65.293891907,-142.746383667,0
			65.2931365960001,-142.743438722,0
			65.2912139890001,-142.73779297,0
			65.2900238050001,-142.735076905,0
			65.288581848,-142.734725951,0
			65.288032532,-142.733917236,0
			65.286117554,-142.738296508,0
			65.2851333610001,-142.737716674,0
			65.2846221920001,-142.732406617,0
			65.283088685,-142.731002807,0
			65.281311035,-142.731964112,0
			65.2799301150001,-142.737167358,0
			65.2776641860002,-142.742858887,0
			65.2758941650002,-142.743804932,0
			65.2708969110001,-142.745391846,0
			65.2669906610001,-142.748596191,0
			65.2657623280001,-142.75038147,0
			65.2642288210001,-142.748977661,0
			65.2637329110001,-142.743682861,0
			65.261444091,-142.739334107,0
			65.2599105840001,-142.737930299,0
			65.256797791,-142.739608765,0
			65.2524871840001,-142.738586427,0
			65.248489379,-142.740737915,0
			65.2457275390001,-142.741119385,0
			65.2390975960002,-142.740234374,0
			65.242874146,-142.750457763,0
			65.2420425420001,-142.756469727,0
			65.2426986700001,-142.768356324,0
			65.2416687020001,-142.772262573,0
			65.2397766110001,-142.772155762,0
			65.2368240350001,-142.770416261,0
			65.23236084,-142.77279663,0
			65.230339051,-142.776107788,0
			65.229347229,-142.775527953,0
			65.2272720340002,-142.773300171,0
			65.2263336180001,-142.768249512,0
			65.2244873040001,-142.763671875,0
			65.222846985,-142.76121521,0
			65.2215194700001,-142.761932373,0
			65.2199401860001,-142.76499939,0
			65.217819214,-142.76725769,0
			65.2164840690001,-142.767974854,0
			65.214813233,-142.769989013,0
			65.2143173220001,-142.774688721,0
			65.2151641850001,-142.778686523,0
			65.2143325810001,-142.784698485,0
			65.2129974360002,-142.785415649,0
			65.209098816,-142.788619994,0
			65.2074737550001,-142.786163329,0
			65.2065734870001,-142.786636353,0
			65.2050399780001,-142.785232543,0
			65.2024612420001,-142.777725221,0
			65.2013702390001,-142.776092529,0
			65.1993484510002,-142.779388429,0
			65.199058533,-142.786224364,0
			65.1962127690001,-142.795532226,0
			65.194526673,-142.797546387,0
			65.1923980710001,-142.79978943,0
			65.1898269650002,-142.802276611,0
			65.1878128060001,-142.805587769,0
			65.1853027350001,-142.813583374,0
			65.1837234490002,-142.816635132,0
			65.1805038460001,-142.817245483,0
			65.17803955,-142.820785521,0
			65.1752166750001,-142.825622558,0
			65.1735000620001,-142.832092286,0
			65.1718826290002,-142.839630127,0
			65.16960907,-142.845275879,0
			65.1666870130001,-142.849060059,0
			65.1625366210001,-142.854598998,0
			65.154792786,-142.856506348,0
			65.152610779,-142.853225709,0
			65.1506271360001,-142.85206604,0
			65.149398803,-142.85383606,0
			65.1474838260001,-142.858184814,0
			65.1440734860002,-142.866653443,0
			65.1436767580001,-142.872406005,0
			65.144821166,-142.879562378,0
			65.1471939100001,-142.884963989,0
			65.148139954,-142.899978637,0
			65.1504211430001,-142.904312133,0
			65.1513595580001,-142.909362792,0
			65.1516571040001,-142.912536621,0
			65.1503295890001,-142.923217774,0
			65.1502838140001,-142.927688598,0
			65.1504287720001,-142.934265136,0
			65.1496810910001,-142.941299438,0
			65.1473083500002,-142.945892334,0
			65.1426696780001,-142.956115723,0
			65.1391601560001,-142.963500976,0
			65.1314926140002,-142.976409911,0
			65.1253204350001,-142.985214234,0
			65.1236877430001,-142.992721558,0
			65.1246719370001,-143.00328064,0
			65.124969483,-143.006454467,0
			65.1291732780002,-143.006454467,0
			65.1313934320002,-143.0052948,0
			65.1342239370002,-143.000473022,0
			65.1367797840002,-142.998016358,0
			65.1403884880001,-143.001647949,0
			65.1414794920001,-143.003295899,0
			65.1402893060001,-143.01057434,0
			65.1366806020001,-143.016906739,0
			65.1330719000001,-143.023239136,0
			65.130844116,-143.024414063,0
			65.1302566530002,-143.028045653,0
			65.1322784430001,-143.034744262,0
			65.1351470950001,-143.035446167,0
			65.135993957,-143.03944397,0
			65.1353378290001,-143.047546387,0
			65.130882263,-143.059844971,0
			65.1272277840001,-143.050689697,0
			65.1251525870001,-143.048461915,0
			65.1229324350001,-143.049621582,0
			65.1206130990002,-143.049728394,0
			65.1172866830001,-143.049255372,0
			65.1161575330001,-143.052062989,0
			65.1163024900001,-143.058639527,0
			65.1162033080001,-143.067550659,0
			65.118766785,-143.075057984,0
			65.122123718,-143.081054687,0
			65.1240539550001,-143.086700439,0
			65.12489319,-143.090682983,0
			65.1245269780001,-143.101943969,0
			65.1221466060002,-143.106506347,0
			65.120178224,-143.10533142,0
			65.116127014,-143.101913452,0
			65.11380005,-143.102020264,0
			65.1114807140002,-143.102127075,0
			65.1103439330001,-143.104934691,0
			65.1120681760001,-143.108459474,0
			65.1124572750001,-143.112686157,0
			65.1126632690001,-143.114791871,0
			65.1106338510002,-143.118072509,0
			65.1065216060002,-143.11909485,0
			65.103111267,-143.117568971,0
			65.0996093750002,-143.114974976,0
			65.0971832290001,-143.114013672,0
			65.0949630750001,-143.115173341,0
			65.0938186640002,-143.117980957,0
			65.093673707,-143.121383667,0
			65.0952529910001,-143.128311157,0
			65.0982131970001,-143.130081177,0
			65.1035919190002,-143.132797242,0
			65.1054229750001,-143.137390137,0
			65.1048202520001,-143.141021729,0
			65.1022491460001,-143.143463134,0
			65.098937989,-143.142974854,0
			65.096710204,-143.144134521,0
			65.0952224740002,-143.148223877,0
			65.0880432130001,-143.15638733,0
			65.0844802860001,-143.158233644,0
			65.0819091800001,-143.160690307,0
			65.0808639540002,-143.164535522,0
			65.0816040040001,-143.167465209,0
			65.0832672120001,-143.175445558,0
			65.088912964,-143.175842284,0
			65.0915222160001,-143.178909302,0
			65.0932540900002,-143.182434083,0
			65.0932922360001,-143.187942506,0
			65.091262819,-143.191207886,0
			65.084442139,-143.188110351,0
			65.081130982,-143.187622071,0
			65.0794525150002,-143.189590453,0
			65.0785140990002,-143.194503784,0
			65.0767669670002,-143.200942993,0
			65.078781129,-143.207626343,0
			65.079521179,-143.210571289,0
			65.0797119150001,-143.212677002,0
			65.0788726810002,-143.218643189,0
			65.07762909,-143.220382691,0
			65.0736999510001,-143.233459474,0
			65.070487976,-143.234024048,0
			65.064949036,-143.234680176,0
			65.0633621220002,-143.237701415,0
			65.058509827,-143.245742797,0
			65.056533814,-143.244552611,0
			65.053550719,-143.252716064,0
			65.052886963,-143.260772706,0
			65.0516967770001,-143.268020631,0
			65.0496139520002,-143.275726319,0
			65.0476837170001,-143.280029296,0
			65.0431976320001,-143.292266845,0
			65.0402069090002,-143.300415039,0
			65.0390167230001,-143.307662964,0
			65.0380630490001,-143.312561035,0
			65.0379486080001,-143.321441651,0
			65.0387802120002,-143.325424193,0
			65.0402526860001,-143.331298828,0
			65.0429992670001,-143.340927125,0
			65.0456466690001,-143.349502564,0
			65.046478273,-143.353485108,0
			65.0471115120001,-143.355377197,0
			65.0461730960001,-143.360275269,0
			65.0432434090001,-143.363967895,0
			65.041503907,-143.370376587,0
			65.0404434200001,-143.374237061,0
			65.0390167230001,-143.37385559,0
			65.0380935670001,-143.368820189,0
			65.0378036510001,-143.365646363,0
			65.0380477900001,-143.363311768,0
			65.0347976680002,-143.35836792,0
			65.0306015010001,-143.358306884,0
			65.028778076,-143.353713989,0
			65.0264587400001,-143.353805543,0
			65.0250625620001,-143.358932496,0
			65.0238571180001,-143.366165162,0
			65.0223693850001,-143.370239258,0
			65.021476746,-143.370681762,0
			65.0164794920001,-143.372131347,0
			65.011032104,-143.373809815,0
			65.0098495490001,-143.371109009,0
			65.0074005140001,-143.364654541,0
			65.0052337650002,-143.361358642,0
			65.0035476690001,-143.363311768,0
			65.0019607540002,-143.366333008,0
			65.0009078980001,-143.370162964,0
			65.002258301,-143.384902955,0
			65.0030593880001,-143.39881897,0
			65.0035400380001,-143.404083252,0
			65.0035781850002,-143.409576416,0
			65.0020828250001,-143.413635254,0
			64.9998626710002,-143.414764405,0
			64.998580933,-143.411010741,0
			64.996673584,-143.40538025,0
			64.9965438850001,-143.398834228,0
			64.9954528820001,-143.397186279,0
			64.989372254,-143.396972656,0
			64.985504151,-143.405563354,0
			64.9844818120001,-143.414886475,0
			64.9858169550001,-143.429611205,0
			64.9876785280001,-143.439682007,0
			64.986717225,-143.444564819,0
			64.986152649,-143.453674316,0
			64.9869766240001,-143.45765686,0
			64.9878082280001,-143.461639404,0
			64.9881896970002,-143.46583557,0
			64.9874877930002,-143.468399048,0
			64.985450745,-143.471633912,0
			64.9806518560001,-143.47517395,0
			64.9775619510002,-143.482238769,0
			64.9741287230001,-143.490570069,0
			64.971931457,-143.497192382,0
			64.9709777830001,-143.502075196,0
			64.970817567,-143.505447387,0
			64.9662933350002,-143.527526856,0
			64.9650497440001,-143.529251099,0
			64.9641571050001,-143.529708863,0
			64.962730408,-143.529327393,0
			64.9598312380001,-143.523086548,0
			64.9598007210001,-143.517608642,0
			64.959419251,-143.513397217,0
			64.9590377810001,-143.509185792,0
			64.95855713,-143.503936768,0
			64.957931519,-143.502059937,0
			64.9567489630001,-143.499359131,0
			64.9527130140002,-143.495895386,0
			64.9518203740002,-143.49635315,0
			64.949943542,-143.496200561,0
			64.946952819,-143.504302978,0
			64.9441070560001,-143.509033202,0
			64.9408111570001,-143.508483886,0
			64.9386367800001,-143.505187989,0
			64.9367370600001,-143.499557495,0
			64.9355621330001,-143.496856689,0
			64.9334030140001,-143.493545531,0
			64.928718567,-143.488220214,0
			64.9246826180001,-143.484771728,0
			64.923057557,-143.482299804,0
			64.9210815440001,-143.48109436,0
			64.9178695690001,-143.48161316,0
			64.9130630490002,-143.48513794,0
			64.908172607,-143.487625121,0
			64.899803162,-143.49293518,0
			64.8927307130001,-143.492111206,0
			64.883720398,-143.495559693,0
			64.8811416630001,-143.497940064,0
			64.8778381350001,-143.497421265,0
			64.8753509520001,-143.500869752,0
			64.8735733030001,-143.501754761,0
			64.8688278210001,-143.500854491,0
			64.8658065790001,-143.503479004,0
			64.8637695310001,-143.506698608,0
			64.8621826170001,-143.50968933,0
			64.8609390260002,-143.511413574,0
			64.8594970710001,-143.511032105,0
			64.8565521250002,-143.509231567,0
			64.8540267950001,-143.507217407,0
			64.8529510490001,-143.505569457,0
			64.8494338990001,-143.497482301,0
			64.8516769420001,-143.486480713,0
			64.8414077760001,-143.470855713,0
			64.839401245,-143.464187623,0
			64.8380432130001,-143.459396363,0
			64.8365707390001,-143.453567505,0
			64.8354568490002,-143.446472168,0
			64.8355331430001,-143.442062379,0
			64.8305969240001,-143.439071656,0
			64.826362611,-143.433547975,0
			64.8246841420001,-143.435501099,0
			64.8218536370002,-143.440200806,0
			64.8201828010001,-143.447601318,0
			64.8196792600001,-143.452239991,0
			64.818367004,-143.458374023,0
			64.8175811770001,-143.459869386,0
			64.811470033,-143.46951294,0
			64.8075027470001,-143.476974487,0
			64.805747985,-143.483322144,0
			64.804992677,-143.490280151,0
			64.805374145,-143.494461059,0
			64.8078765870001,-143.511795044,0
			64.8085403450001,-143.519119262,0
			64.8079681390002,-143.528152465,0
			64.8052291880002,-143.533889771,0
			64.7939987190001,-143.523117065,0
			64.792221069,-143.524017334,0
			64.7901840210001,-143.527221679,0
			64.787696839,-143.530654908,0
			64.7778701780001,-143.53012085,0
			64.7779388440001,-143.525711059,0
			64.7773437510001,-143.513992309,0
			64.775489807,-143.503997803,0
			64.7740325940002,-143.498168945,0
			64.7726898200001,-143.498840332,0
			64.7694778450002,-143.499374389,0
			64.7676315310002,-143.50466919,0
			64.7658767690001,-143.511001587,0
			64.7632141120001,-143.51234436,0
			64.759201051,-143.514343261,0
			64.7572631830001,-143.518600463,0
			64.75630188,-143.5234375,0
			64.755699157,-143.527023315,0
			64.754226685,-143.536483766,0
			64.7534408560001,-143.537979126,0
			64.751586914,-143.543273926,0
			64.7489471430002,-143.550048829,0
			64.7446517940001,-143.564193727,0
			64.740951538,-143.574768067,0
			64.7392272950001,-143.586532593,0
			64.7349166880001,-143.600677491,0
			64.7325439450001,-143.605133057,0
			64.7274703990001,-143.610916138,0
			64.7235641490001,-143.613952636,0
			64.7193832400002,-143.619293214,0
			64.716262817,-143.620849609,0
			64.7148437500001,-143.620468139,0
			64.7123336800001,-143.618438721,0
			64.7113418580001,-143.617843628,0
			64.7090530390001,-143.623336793,0
			64.7081527720002,-143.623779297,0
			64.7061767590002,-143.622589111,0
			64.704498291,-143.624511718,0
			64.7025527960001,-143.628738404,0
			64.7006073000001,-143.632980347,0
			64.6963729870001,-143.642700195,0
			64.6935272210002,-143.647369384,0
			64.690322876,-143.647872925,0
			64.6858596800002,-143.650070191,0
			64.6825637820002,-143.649520875,0
			64.680801392,-143.655838013,0
			64.679298402,-143.659835816,0
			64.6781539910001,-143.662582397,0
			64.6760177610001,-143.664733886,0
			64.6731796280002,-143.669387818,0
			64.6724777220002,-143.671920777,0
			64.6725082390001,-143.677337646,0
			64.6710968030001,-143.682388305,0
			64.6706771850002,-143.688034057,0
			64.6695327770001,-143.690780639,0
			64.6677474980002,-143.691650392,0
			64.6663436900001,-143.696701051,0
			64.664909363,-143.69631958,0
			64.6631240840001,-143.697189331,0
			64.6616287240001,-143.701202392,0
			64.6615600580001,-143.705581665,0
			64.6615829470002,-143.711013794,0
			64.6600799560001,-143.715011597,0
			64.6596603390001,-143.720657349,0
			64.6599426270001,-143.723770142,0
			64.6594238280001,-143.728378295,0
			64.656227111,-143.734298705,0
			64.6553726210002,-143.74015808,0
			64.6549606320002,-143.751235962,0
			64.6526107790002,-143.76651001,0
			64.653167725,-143.772766113,0
			64.6538238530001,-143.780044556,0
			64.6551132210001,-143.789199828,0
			64.656837464,-143.798141479,0
			64.6577529900001,-143.803131103,0
			64.6590271000002,-143.812271119,0
			64.6599502560002,-143.817276001,0
			64.6613998410001,-143.823089599,0
			64.6611633300001,-143.830810548,0
			64.6602172850002,-143.841049195,0
			64.6608734140002,-143.848342895,0
			64.6615066530001,-143.855636596,0
			64.6621475230002,-143.857498168,0
			64.6647567750001,-143.866012572,0
			64.6666641250001,-143.87161255,0
			64.6674041750001,-143.879943848,0
			64.6680526730001,-143.887237549,0
			64.6666641250001,-143.897689819,0
			64.665893554,-143.910018922,0
			64.667533876,-143.917922975,0
			64.67086792,-143.929351808,0
			64.672897339,-143.952285767,0
			64.674278259,-143.967910767,0
			64.6750335700001,-143.981689453,0
			64.6755981440001,-143.993362427,0
			64.6771469110001,-144.005661011,0
			64.6782379150001,-144.012741088,0
			64.677909852,-144.024856568,0
			64.6777496340001,-144.033630372,0
			64.6789321900001,-144.041763305,0
			64.6809997570002,-144.049453736,0
			64.6877136240001,-144.051681518,0
			64.6935272210002,-144.059753418,0
			64.695480348,-144.055557252,0
			64.7031631480002,-144.052947997,0
			64.7082672120001,-144.063552856,0
			64.7100982680002,-144.08442688,0
			64.7105789180002,-144.100524902,0
			64.718902588,-144.110687255,0
			64.7282028210001,-144.110610962,0
			64.7362976080001,-144.096923828,0
			64.740203858,-144.088516236,0
			64.7443389900002,-144.098510742,0
			64.7502212530001,-144.091339111,0
			64.750961305,-144.062652587,0
			64.7626037600001,-144.036331176,0
			64.7692718510002,-144.022216797,0
			64.7745590210001,-144.02947998,0
			64.7808532710001,-144.04826355,0
			64.7861785900001,-144.071884154,0
			64.7919311520001,-144.089843751,0
			64.794303894,-144.117065429,0
			64.7983322150001,-144.12060547,0
			64.8014526360001,-144.11366272,0
			64.80570221,-144.098526,0
			64.814086913,-144.093399048,0
			64.8154983520002,-144.082901001,0
			64.8185272210001,-144.080337525,0
			64.823509217,-144.068115235,0
			64.8268966680001,-144.069763183,0
			64.8313827510001,-144.073059082,0
			64.8379898080001,-144.074249268,0
			64.8461380000001,-144.082351685,0
			64.8534774790002,-144.091934204,0
			64.8589096060001,-144.079483033,0
			64.8634414680001,-144.067443848,0
			64.866462707,-144.059432983,0
			64.873428344,-144.05935669,0
			64.8850631720001,-144.064682007,0
			64.9011840820001,-144.041564941,0
			64.9115676880002,-144.054061889,0
			64.9211730960002,-144.073532104,0
			64.9222335810001,-144.069732666,0
			64.9279022220001,-144.049438477,0
			64.937950135,-144.025939941,0
			64.9411239630001,-144.009048462,0
			64.9423522960002,-144.001861573,0
			64.9432373050001,-143.995956421,0
			64.9465332040001,-143.991058349,0
			64.9496536260002,-143.98953247,0
			64.9514389040001,-143.98866272,0
			64.9539413460002,-143.990737914,0
			64.9566192620001,-143.989440918,0
			64.9592971800001,-143.988128662,0
			64.965377808,-143.988464355,0
			64.9753875740001,-143.991271972,0
			64.9768218990002,-143.991668701,0
			64.9809570320001,-144.001754761,0
			64.9797973630002,-144.004501342,0
			64.979026795,-144.016967773,0
			64.9820938110001,-144.025375367,0
			64.983169556,-144.032531738,0
			64.9859771730001,-144.04875183,0
			64.99369812,-144.062591554,0
			64.9949569710002,-144.071868896,0
			64.9956130990001,-144.079238891,0
			64.9972229,-144.081756592,0
			65.0003509520002,-144.085739136,0
			65.0019836430002,-144.093749999,0
			65.0085067760002,-144.099380493,0
			65.0155868530001,-144.105850221,0
			65.0185241700001,-144.102233886,0
			65.0196685790001,-144.093978882,0
			65.020553588,-144.082565307,0
			65.0200729380001,-144.071792602,0
			65.019256592,-144.067779542,0
			65.0192413340002,-144.056793212,0
			65.0223541270001,-144.049774171,0
			65.026283264,-144.046783448,0
			65.0326232910001,-144.044799805,0
			65.0367965690001,-144.039474488,0
			65.0402679440002,-144.031173706,0
			65.041862489,-144.022689819,0
			65.043090821,-144.015487671,0
			65.043792725,-144.00744629,0
			65.044853211,-144.003616333,0
			65.0460968020001,-144.001907348,0
			65.046203613,-144.002975463,0
			65.0470809940001,-143.997039795,0
			65.0480499270002,-143.992156983,0
			65.0479431160002,-143.985595703,0
			65.0477371220002,-143.977981567,0
			65.0476379400001,-143.971435547,0
			65.0485229490001,-143.965484619,0
			65.0509109500001,-143.961013794,0
			65.0533065800002,-143.956527709,0
			65.05544281,-143.948883056,0
			65.0556869520001,-143.941055299,0
			65.056663513,-143.936172485,0
			65.0569229120001,-143.933837891,0
			65.057434081,-143.929168702,0
			65.0593872080001,-143.9249115,0
			65.0608978280002,-143.920852662,0
			65.0633087160002,-143.921875,0
			65.067253114,-143.924346923,0
			65.0693893440001,-143.922195435,0
			65.0706329350002,-143.92048645,0
			65.072853089,-143.913879395,0
			65.0751571660002,-143.908340453,0
			65.0754165660001,-143.906005859,0
			65.0772933970001,-143.906173707,0
			65.078277588,-143.906799316,0
			65.0797119150001,-143.907196045,0
			65.0812225340002,-143.903152465,0
			65.0846939090001,-143.90032959,0
			65.0871887210001,-143.896896362,0
			65.0886001590002,-143.891784668,0
			65.090270997,-143.884338379,0
			65.09198761,-143.887924194,0
			65.0930786140001,-143.895095825,0
			65.0955276490001,-143.907135009,0
			65.0974273680002,-143.912826538,0
			65.0993194590001,-143.918518067,0
			65.101943969,-143.9271698,0
			65.1046295180001,-143.931350709,0
			65.1078796400001,-143.941894531,0
			65.109939576,-143.944198608,0
			65.1114807140002,-143.951171875,0
			65.1121215810002,-143.958587646,0
			65.1132202150001,-143.965774537,0
			65.1165390010001,-143.971878051,0
			65.1189727780001,-143.978408814,0
			65.1199722290001,-143.984542847,0
			65.1194534300001,-143.989227296,0
			65.1187438970001,-143.991775513,0
			65.1180267330001,-143.99432373,0
			65.1163330080002,-143.996261596,0
			65.11518097,-143.999038696,0
			65.1120529180001,-144.000564575,0
			65.111892701,-144.003967284,0
			65.1114730830001,-144.015197753,0
			65.116180419,-144.04270935,0
			65.117721559,-144.05519104,0
			65.1142807,-144.074539184,0
			65.1133270280001,-144.090454102,0
			65.1146926890001,-144.106338501,0
			65.1175765990001,-144.118179321,0
			65.1145629880001,-144.131790161,0
			65.1104736340001,-144.143692017,0
			65.1119232170001,-144.160644531,0
			65.1179504390001,-144.187530518,0
			65.117263795,-144.20111084,0
			65.1127166740001,-144.218734741,0
			65.11631012,-144.233551025,0
			65.1188201900001,-144.246688843,0
			65.1165084840001,-144.257736206,0
			65.1137466430001,-144.274490356,0
			65.1154632580001,-144.27809143,0
			65.1136779790002,-144.29548645,0
			65.1113586430001,-144.317550659,0
			65.1104736340001,-144.323486329,0
			65.1088638310001,-144.326461791,0
			65.104568482,-144.330688477,0
			65.099746704,-144.328582763,0
			65.0951919560001,-144.335159301,0
			65.0934066770001,-144.341522217,0
			65.0893783580001,-144.343429566,0
			65.0872421260001,-144.356567382,0
			65.0843887340001,-144.366744996,0
			65.0818939220001,-144.381149291,0
			65.0801925650001,-144.394073487,0
			65.0776824950001,-144.402969361,0
			65.072853089,-144.422866821,0
			65.0691909800001,-144.429000854,0
			65.0622177130001,-144.445495606,0
			65.0667572030001,-144.455459596,0
			65.0742568970002,-144.472839355,0
			65.0812301640001,-144.48387146,0
			65.0808639540002,-144.50164795,0
			65.0760192870002,-144.527038575,0
			65.072700501,-144.542907716,0
			65.07598877,-144.560073853,0
			65.077400207,-144.577026367,0
			65.0796966550001,-144.593566895,0
			65.083808899,-144.598251342,0
			65.0889816290001,-144.604644776,0
			65.0934219350002,-144.624603272,0
			65.0974197400001,-144.639251708,0
			65.0995330810001,-144.659194945,0
			65.1030807500001,-144.674057007,0
			65.1055603040001,-144.6872406,0
			65.1052703850001,-144.70059204,0
			65.1007919310001,-144.702651977,0
			65.0964126580001,-144.705780028,0
			65.09602356,-144.718063354,0
			65.0983123790001,-144.73461914,0
			65.101219178,-144.753097535,0
			65.107780458,-144.776519775,0
			65.1133728030001,-144.793762206,0
			65.119560242,-144.818450928,0
			65.120338441,-144.828018189,0
			65.1192398070001,-144.83732605,0
			65.1172485360001,-144.847061156,0
			65.1182098390001,-144.853225707,0
			65.1204528820002,-144.852203369,0
			65.1236572270002,-144.851821899,0
			65.1271286020001,-144.860153199,0
			65.1313781740001,-144.872528077,0
			65.1357269300001,-144.880462646,0
			65.1371307380001,-144.891937256,0
			65.1322784430001,-144.900772095,0
			65.1278305050001,-144.920410156,0
			65.1285629270002,-144.941009521,0
			65.1317138670001,-144.96270752,0
			65.1355133050001,-144.975311278,0
			65.133941651,-144.984817504,0
			65.1277771000001,-145.006332397,0
			65.1204910280001,-145.019546509,0
			65.1165771480001,-145.03451538,0
			65.1150131220001,-145.049530029,0
			65.1105880740002,-145.058120728,0
			65.1064071660001,-145.075393678,0
			65.104782105,-145.078323365,0
			65.1021804810001,-145.080596924,0
			65.0984878550001,-145.086654663,0
			65.0978927620001,-145.10232544,0
			65.0980377190002,-145.127548217,0
			65.0984115610001,-145.143875122,0
			65.0976638790001,-145.151901245,0
			65.0936508180002,-145.165786744,0
			65.087860107,-145.180450439,0
			65.082511901,-145.194915771,0
			65.0730514530001,-145.210098267,0
			65.0697784420001,-145.221435547,0
			65.0705566410001,-145.225494384,0
			65.0712966930002,-145.235031128,0
			65.0712432860001,-145.246047974,0
			65.069976807,-145.265274048,0
			65.0692672730002,-145.279861449,0
			65.0714187620001,-145.295379639,0
			65.0721740720001,-145.304931641,0
			65.069953918,-145.317993164,0
			65.0689315800002,-145.3228302,0
			65.0690383920002,-145.335952758,0
			65.0687713620001,-145.350341797,0
			65.0727310180001,-145.359588623,0
			65.076118469,-145.361404418,0
			65.0798034670001,-145.372955322,0
			65.0822525020001,-145.380676269,0
			65.0847091670001,-145.388381957,0
			65.0845336910002,-145.403839111,0
			65.084701539,-145.418045044,0
			65.0816040040001,-145.425979614,0
			65.0757369990001,-145.434020996,0
			65.068817139,-145.440322876,0
			65.0668334970001,-145.444488526,0
			65.0653686530002,-145.461578369,0
			65.0652618410001,-145.478088378,0
			65.0681533810002,-145.485610963,0
			65.0699081430001,-145.490341187,0
			65.0680007940001,-145.495559692,0
			65.0655136120002,-145.517486572,0
			65.0649414060001,-145.534194947,0
			65.0624465940001,-145.531967163,0
			65.0575332640001,-145.522033692,0
			65.049697876,-145.528686524,0
			65.0483627310002,-145.541351318,0
			65.0466766370001,-145.573852538,0
			65.0460281370001,-145.58947754,0
			65.0422439570002,-145.606460571,0
			65.0407714850002,-145.611465453,0
			65.0406799310001,-145.622467041,0
			65.0366439820002,-145.636245727,0
			65.033699036,-145.646270751,0
			65.0355300900002,-145.652069091,0
			65.0401382460001,-145.65776062,0
			65.044937133,-145.660095214,0
			65.0508117680002,-145.664169312,0
			65.0545120240001,-145.670257568,0
			65.0581741330001,-145.681869507,0
			65.061470033,-145.682647706,0
			65.0653533950002,-145.678802491,0
			65.0696716320001,-145.67477417,0
			65.0714187620001,-145.679504394,0
			65.0727996840001,-145.685501099,0
			65.0763015750001,-145.694976806,0
			65.077758789,-145.702041625,0
			65.077140807,-145.712173462,0
			65.075653077,-145.729263305,0
			65.0711212150001,-145.767379761,0
			65.0718917860002,-145.771438599,0
			65.0749130250001,-145.774551392,0
			65.0796279910001,-145.77583313,0
			65.0860900890002,-145.76322937,0
			65.0915222160001,-145.755447387,0
			65.0980072020002,-145.749404907,0
			65.1007232670001,-145.736175537,0
			65.104637146,-145.714736939,0
			65.1101303100002,-145.689346313,0
			65.1159286500001,-145.680282593,0
			65.1198806770001,-145.677490234,0
			65.127883912,-145.672973633,0
			65.1312637330002,-145.662734985,0
			65.1349411010002,-145.650161744,0
			65.1402130130001,-145.628112793,0
			65.143882752,-145.615539551,0
			65.145393373,-145.617095947,0
			65.1465301510001,-145.632003785,0
			65.1507568370001,-145.63899231,0
			65.1532135020001,-145.646743774,0
			65.1559295660001,-145.664276123,0
			65.1590576180001,-145.675048828,0
			65.1633834840001,-145.67098999,0
			65.167259217,-145.667144775,0
			65.1695022580001,-145.666183472,0
			65.1745071420002,-145.677261353,0
			65.180213929,-145.679214478,0
			65.1847839360001,-145.678375243,0
			65.1877441400001,-145.687011718,0
			65.1867141720001,-145.703964233,0
			65.1827468880001,-145.718872071,0
			65.1836624140002,-145.737213135,0
			65.1896286010001,-145.761093139,0
			65.1909866340001,-145.77923584,0
			65.192970277,-145.787216186,0
			65.19632721,-145.801208497,0
			65.196762085,-145.813140868,0
			65.1983337410001,-145.827896117,0
			65.2055206300001,-145.843582152,0
			65.209823609,-145.85168457,0
			65.2098770140001,-145.883605958,0
			65.206718444,-145.897064208,0
			65.2066116340001,-145.908126832,0
			65.206138612,-145.920440674,0
			65.2044067380001,-145.940979004,0
			65.204727173,-145.945251464,0
			65.2052841190001,-145.952728272,0
			65.210037232,-145.960662841,0
			65.2116241460001,-145.963302612,0
			65.2190017700001,-145.975646973,0
			65.2257766720001,-145.986038208,0
			65.228576661,-145.992584229,0
			65.2303237920001,-145.997375489,0
			65.228652954,-146.012390137,0
			65.2305603040001,-146.025924682,0
			65.23576355,-146.033691406,0
			65.2384109490001,-146.044708252,0
			65.2432708740002,-146.066940308,0
			65.2450332640001,-146.078353881,0
			65.2536621090001,-146.082504273,0
			65.261993409,-146.088973999,0
			65.2675018320001,-146.101043702,0
			65.2757186900001,-146.118621826,0
			65.278137208,-146.126449585,0
			65.279479981,-146.125900269,0
			65.2833633430002,-146.115463257,0
			65.2879028330001,-146.108062743,0
			65.2892532340002,-146.107513427,0
			65.2937469490001,-146.105651855,0
			65.2987899780002,-146.111297607,0
			65.3038940430002,-146.11140442,0
			65.3062438970001,-146.124786377,0
			65.3099441530002,-146.137619018,0
			65.31451416,-146.136840819,0
			65.317573548,-146.127838135,0
			65.3267517090001,-146.114089966,0
			65.3339004510001,-146.097869873,0
			65.3460540780002,-146.074005127,0
			65.354309082,-146.053970336,0
			65.3592071540001,-146.038650513,0
			65.3594818120001,-146.029678345,0
			65.3580322270001,-146.022537231,0
			65.359573364,-146.011917115,0
			65.3659133910001,-146.003723144,0
			65.3701171880001,-146.004180908,0
			65.374839782,-146.005538941,0
			65.3799209600002,-145.998977661,0
			65.3848266600002,-145.990264893,0
			65.3898315420002,-145.98262024,0
			65.395812988,-145.97567749,0
			65.3981323240001,-145.975814819,0
			65.40461731,-145.988616943,0
			65.4064407350002,-145.994522095,0
			65.4077835080001,-146.012817383,0
			65.4081268320001,-146.030426025,0
			65.4052429190002,-146.041610717,0
			65.403038026,-146.055831908,0
			65.4047927860001,-146.067306518,0
			65.4052734380001,-146.073760986,0
			65.4056167600001,-146.09135437,0
			65.4038696300001,-146.112045287,0
			65.4058380120001,-146.120086669,0
			65.4093627920001,-146.117523194,0
			65.4128036510001,-146.113876343,0
			65.4142227180002,-146.114395142,0
			65.4169921870001,-146.114349365,0
			65.4189071650001,-146.127990722,0
			65.4230041510002,-146.146255493,0
			65.427886963,-146.156433105,0
			65.4354705810001,-146.158843995,0
			65.442832948,-146.164688111,0
			65.448921204,-146.172149659,0
			65.4531402590002,-146.179306031,0
			65.4545135500002,-146.192062377,0
			65.4538726810002,-146.202316285,0
			65.4514694210001,-146.207748414,0
			65.4438705440001,-146.230865478,0
			65.4426269530002,-146.245803833,0
			65.4435501090002,-146.265396118,0
			65.4411087050001,-146.283050538,0
			65.4393234260001,-146.290435791,0
			65.4338684080001,-146.304870605,0
			65.4314117430002,-146.315856933,0
			65.4342117320001,-146.335784912,0
			65.4346084600001,-146.354492188,0
			65.4289169310002,-146.36567688,0
			65.4263839720001,-146.375579834,0
			65.4222717290001,-146.389434815,0
			65.420043945,-146.403640746,0
			65.4213867180002,-146.416397094,0
			65.4251480100002,-146.423751831,0
			65.433776856,-146.434692384,0
			65.4356536870001,-146.441696167,0
			65.4367141720001,-146.456787109,0
			65.4349212650001,-146.464172363,0
			65.4287033090001,-146.481079102,0
			65.4317092890001,-146.49761963,0
			65.4338836670001,-146.50894165,0
			65.4326934810002,-146.511642457,0
			65.428176879,-146.520095826,0
			65.4211425790002,-146.525131226,0
			65.4154434200001,-146.516326904,0
			65.408996583,-146.510040282,0
			65.4019470220001,-146.50843811,0
			65.3965530400001,-146.503952027,0
			65.392578126,-146.493362428,0
			65.3868026730001,-146.490142822,0
			65.3796768190001,-146.500747681,0
			65.3743667600001,-146.510604858,0
			65.3673172,-146.522277833,0
			65.3537368780001,-146.54649353,0
			65.3446731560002,-146.568893432,0
			65.343322755,-146.595947265,0
			65.344436645,-146.612075806,0
			65.3411331180002,-146.624435425,0
			65.337600707,-146.63356018,0
			65.3309173590002,-146.657180787,0
			65.330757141,-146.668289185,0
			65.328956604,-146.668991088,0
			65.327453614,-146.674011231,0
			65.3267135620001,-146.676513673,0
			65.3266220100002,-146.682067871,0
			65.3227920530001,-146.686874391,0
			65.3203201300001,-146.691162109,0
			65.3195571890001,-146.693664551,0
			65.3198623660001,-146.69795227,0
			65.3191070560001,-146.700454712,0
			65.3182830820001,-146.708511352,0
			65.3179016110001,-146.709762573,0
			65.3170700080001,-146.717819213,0
			65.314743041,-146.724243164,0
			65.3117370600001,-146.7210083,0
			65.3080825810002,-146.71472168,0
			65.3070220940001,-146.719543457,0
			65.3073806760001,-146.731536866,0
			65.312088014,-146.746246338,0
			65.3083267210001,-146.758743286,0
			65.3059082040001,-146.770721435,0
			65.307762146,-146.784332275,0
			65.3005523680002,-146.793762207,0
			65.2972335830001,-146.806076049,0
			65.2984771740001,-146.817718507,0
			65.2972717300001,-146.827011108,0
			65.2911071780001,-146.83821106,0
			65.2897872920001,-146.859664917,0
			65.2887039180002,-146.877716064,0
			65.2839202890001,-146.902694702,0
			65.2778320310001,-146.908340454,0
			65.2730789190001,-146.920074463,0
			65.2719116210002,-146.937026978,0
			65.2736816420002,-146.949569703,0
			65.277908325,-146.964477539,0
			65.2834014900001,-146.984420776,0
			65.2847137460001,-146.997131347,0
			65.284172058,-147.002838134,0
			65.2901992810002,-147.017074584,0
			65.2853775020001,-147.02772522,0
			65.280189514,-147.03300476,0
			65.2828903210001,-147.052902222,0
			65.2826766960001,-147.070602417,0
			65.2725677500002,-147.112945556,0
			65.275703431,-147.118377686,0
			65.2802734380001,-147.117752076,0
			65.283233642,-147.12765503,0
			65.2853393560002,-147.145584106,0
			65.285453796,-147.154357909,0
			65.282249451,-147.168762207,0
			65.2792968750002,-147.194091796,0
			65.277893067,-147.207824707,0
			65.2770309440002,-147.215850831,0
			65.2791290290001,-147.233779908,0
			65.2788009640001,-147.257019042,0
			65.2776870720001,-147.268432617,0
			65.2792739870001,-147.285461425,0
			65.276351929,-147.297546386,0
			65.2757339480002,-147.316482544,0
			65.2732467660001,-147.334991456,0
			65.267433167,-147.344848633,0
			65.2631607060001,-147.357406616,0
			65.261741638,-147.371124267,0
			65.2507171630002,-147.400451661,0
			65.2478714000001,-147.413574218,0
			65.2480392450001,-147.423400879,0
			65.2414932260002,-147.443374635,0
			65.2402038580001,-147.459228515,0
			65.240882875,-147.469955445,0
			65.2376480110001,-147.484313966,0
			65.2351074220001,-147.495117187,0
			65.2319793700001,-147.503936768,0
			65.2270507820002,-147.513397216,0
			65.2221221930001,-147.522872925,0
			65.2172622680001,-147.533401489,0
			65.213684083,-147.542373657,0
			65.210098267,-147.551345824,0
			65.2098541260002,-147.642486572,0
			65.2096405030002,-147.846542359,0
			65.2100677490001,-148.050292969,0
			65.2099380500002,-148.055816651,0
			65.2097702020001,-148.254211425,0
			65.209762574,-148.261871339,0
			65.2096710200001,-148.457962035,0
			65.209777832,-148.467788696,0
			65.209762574,-148.661560058,0
			64.863571167,-148.661361694,0
			64.863304139,-148.648483276,0
			64.642227173,-148.64793396,0
			64.6316680900001,-148.648010253,0
			64.6265869140001,-148.647460937,0
			64.6036605830001,-148.648208618,0
			64.5991439810001,-148.649627686,0
			64.596366883,-148.649414062,0
			64.5892105110001,-148.652709961,0
			64.5873413080001,-148.65222168,0
			64.5879516610001,-148.646682739,0
			64.5882797240001,-148.644439698,0
			64.5892715460001,-148.637695312,0
			64.5912170420002,-148.631744386,0
			64.592063904,-148.630416871,0
			64.5950775150001,-148.63482666,0
			64.5975112920001,-148.637283325,0
			64.60093689,-148.632980346,0
			64.6034698490001,-148.628982544,0
			64.606826783,-148.623641969,0
			64.607948304,-148.619003296,0
			64.6100769040001,-148.61619568,0
			64.6124267580002,-148.609024049,0
			64.6153411870002,-148.6038208,0
			64.6159439080001,-148.59828186,0
			64.6139526370001,-148.595687866,0
			64.6121826170001,-148.588745116,0
			64.6098175060001,-148.579833984,0
			64.6118927010002,-148.57597351,0
			64.6128768920001,-148.569229126,0
			64.6161880500002,-148.562820434,0
			64.616539001,-148.553070069,0
			64.615653992,-148.545837403,0
			64.610961915,-148.54411316,0
			64.6075820920001,-148.53338623,0
			64.606582642,-148.52406311,0
			64.6031112670001,-148.519805908,0
			64.6022338860001,-148.5125885,0
			64.6003875740001,-148.504592895,0
			64.600646974,-148.501296998,0
			64.5952835080002,-148.488006593,0
			64.5959930430002,-148.484573365,0
			64.5931015030002,-148.482269287,0
			64.5890808120001,-148.468536378,0
			64.589492799,-148.459838868,0
			64.587562561,-148.458312989,0
			64.5854492190001,-148.453643798,0
			64.58216858,-148.452545166,0
			64.5809631340001,-148.447570801,0
			64.5792312630001,-148.441696168,0
			64.576927185,-148.433868409,0
			64.5742416390001,-148.427246093,0
			64.5722427380002,-148.432159424,0
			64.5711288460002,-148.436798096,0
			64.568359376,-148.43661499,0
			64.565757752,-148.44708252,0
			64.5636367800001,-148.442398071,0
			64.5617294310001,-148.433380126,0
			64.5627670290001,-148.427703857,0
			64.5631866460001,-148.419006347,0
			64.5595932000002,-148.412658692,0
			64.5588836670001,-148.416107179,0
			64.560722351,-148.424072265,0
			64.558273316,-148.429138184,0
			64.5556411750001,-148.423568726,0
			64.5529937740002,-148.425476075,0
			64.5493240360001,-148.425582885,0
			64.550178529,-148.416748046,0
			64.5487823490001,-148.408645629,0
			64.5460739140001,-148.40951538,0
			64.5470886240001,-148.418807983,0
			64.545921327,-148.422393799,0
			64.5432281510001,-148.415771485,0
			64.5411834720002,-148.412139893,0
			64.537193298,-148.40701294,0
			64.5377273560002,-148.400421144,0
			64.534263611,-148.396194458,0
			64.5330886830002,-148.399765015,0
			64.5306930540001,-148.40588379,0
			64.5287780760001,-148.396881103,0
			64.5263977050001,-148.395507813,0
			64.525306701,-148.392639159,0
			64.5273208630001,-148.387725829,0
			64.5257186900001,-148.383972168,0
			64.5219192500002,-148.381973267,0
			64.5235366830001,-148.378250122,0
			64.5255432120002,-148.373321534,0
			64.5231628430001,-148.3719635,0
			64.520721436,-148.369537354,0
			64.5222930900002,-148.364761353,0
			64.522087098,-148.361618043,0
			64.521469116,-148.351119996,0
			64.519668579,-148.351715089,0
			64.5184402470002,-148.354232787,0
			64.515609742,-148.353012085,0
			64.5151138310001,-148.34463501,0
			64.516777039,-148.341949464,0
			64.51499176,-148.335052491,0
			64.5137023920001,-148.336532593,0
			64.511917114,-148.329620361,0
			64.5089569100001,-148.326309204,0
			64.5049591070001,-148.328674317,0
			64.5042572020002,-148.324615479,0
			64.5044631970001,-148.320281983,0
			64.502143861,-148.319961548,0
			64.4990539560001,-148.322036743,0
			64.497383118,-148.317230225,0
			64.4951400750002,-148.31048584,0
			64.4967575080001,-148.306762695,0
			64.4987030020002,-148.300796508,0
			64.4984436050001,-148.296600341,0
			64.4956741330001,-148.296432496,0
			64.4946441640001,-148.302108765,0
			64.4914169310001,-148.302078248,0
			64.4867172250001,-148.30039978,0
			64.4858932490002,-148.294265747,0
			64.488281251,-148.288146973,0
			64.488868714,-148.282623291,0
			64.4915237430001,-148.273208618,0
			64.4896469120001,-148.272750854,0
			64.487983704,-148.267944336,0
			64.4872817990001,-148.263916015,0
			64.4842071530001,-148.243560791,0
			64.4814376830001,-148.250869751,0
			64.4798889160001,-148.255630494,0
			64.4769287120001,-148.252319336,0
			64.4789428710001,-148.247406006,0
			64.4781570440002,-148.24230957,0
			64.474563598,-148.243484497,0
			64.471923829,-148.245407105,0
			64.4720535280002,-148.240036011,0
			64.4712219240001,-148.233901978,0
			64.4686508190001,-148.229400635,0
			64.468902588,-148.233581543,0
			64.4673538210001,-148.238357544,0
			64.4633026130001,-148.239685059,0
			64.4614334110001,-148.231750488,0
			64.4609909050001,-148.224426269,0
			64.45880127,-148.226211548,0
			64.455383302,-148.230514527,0
			64.4541015620001,-148.22454834,0
			64.4555282590001,-148.217681886,0
			64.452819824,-148.218566895,0
			64.4511489860002,-148.221237182,0
			64.4500503550001,-148.218399047,0
			64.4483871470002,-148.213607788,0
			64.4484634400002,-148.207183839,0
			64.4462127700002,-148.200454711,0
			64.4470367430002,-148.206588746,0
			64.4455490110002,-148.212402343,0
			64.4424514760001,-148.221939088,0
			64.442260742,-148.218811036,0
			64.4411087030002,-148.214920044,0
			64.4372406020001,-148.21937561,0
			64.4380111700001,-148.224456788,0
			64.4374771130001,-148.231033326,0
			64.434913635,-148.226531983,0
			64.4320907600002,-148.21786499,0
			64.42514801,-148.209472656,0
			64.4255371090001,-148.200820923,0
			64.424453735,-148.197982788,0
			64.4213638300001,-148.200057983,0
			64.4209136970001,-148.192749023,0
			64.4194335950002,-148.191101075,0
			64.4183425910001,-148.195709229,0
			64.417427063,-148.196014405,0
			64.4160766600002,-148.188995362,0
			64.4133071900001,-148.188842774,0
			64.4113235470001,-148.193756104,0
			64.4092025760002,-148.189117432,0
			64.410743713,-148.184341431,0
			64.4125518800002,-148.176300049,0
			64.4077224740001,-148.180007935,0
			64.406112671,-148.176284791,0
			64.4034118660001,-148.1771698,0
			64.4002532960001,-148.178192138,0
			64.3991622930001,-148.175354005,0
			64.3980026250001,-148.171478271,0
			64.3962707520001,-148.165664673,0
			64.3978195200002,-148.16090393,0
			64.3988494880001,-148.155227662,0
			64.3964080810002,-148.15284729,0
			64.3965988150001,-148.148513794,0
			64.3949279790001,-148.143753052,0
			64.390487671,-148.146270752,0
			64.388557433,-148.14477539,0
			64.3891983030001,-148.140304565,0
			64.3898468010001,-148.13583374,0
			64.386444092,-148.13269043,0
			64.3859329230001,-148.124343872,0
			64.3832931520001,-148.118835449,0
			64.3807830810002,-148.122848512,0
			64.3789825440002,-148.123443603,0
			64.3781433100002,-148.117340089,0
			64.3770370480001,-148.107055664,0
			64.3747940060002,-148.107803345,0
			64.371704101,-148.109878539,0
			64.3696441650001,-148.113754273,0
			64.3666229250001,-148.109420775,0
			64.3616638180002,-148.111053467,0
			64.361473084,-148.107925415,0
			64.358573913,-148.098251342,0
			64.3577270510002,-148.092147828,0
			64.3583068850002,-148.086639405,0
			64.3538665770001,-148.081726075,0
			64.3546371460002,-148.071899414,0
			64.3518829350001,-148.071731567,0
			64.348403931,-148.067565919,0
			64.344146729,-148.05834961,0
			64.3442230230002,-148.051940917,0
			64.343566895,-148.048965455,0
			64.3437042240001,-148.073379516,0
			64.3438949580001,-148.106262207,0
			64.3436889650002,-148.140335084,0
			64.3438644410001,-148.173233033,0
			64.3435821530001,-148.206253053,0
			64.3436813350001,-148.238113403,0
			64.343902588,-148.272048951,0
			64.3435974120002,-148.305084229,0
			64.3437423710001,-148.33796692,0
			64.343925477,-148.371902465,0
			64.3436050420001,-148.404937743,0
			64.3436660770001,-148.436767577,0
			64.3438339230001,-148.470703125,0
			64.343940735,-148.503601074,0
			64.3435897830001,-148.536621094,0
			64.3437423710001,-148.570556641,0
			64.3438262940001,-148.603439332,0
			64.3438339230001,-148.635284424,0
			64.3439712540002,-148.66921997,0
			64.3435821530001,-148.70225525,0
			64.3436355580001,-148.735137939,0
			64.3437423710001,-148.769073486,0
			64.3437881480001,-148.801940919,0
			64.3437652590001,-148.833801269,0
			64.3438491830001,-148.867721558,0
			64.3438720710001,-148.900619508,0
			64.34388733,-148.933502196,0
			64.3439483650001,-148.967437744,0
			64.3439483650001,-149.000320435,0
			64.3438797000001,-149.032180785,0
			64.343917846,-149.066101075,0
			64.3438949580001,-149.098999024,0
			64.343925477,-149.132919311,0
			64.380737304,-149.134887695,0
			64.3786544790001,-150.223937988,0
			64.3774185190001,-150.422409058,0
			64.375328063,-150.709945679,0
			64.170585632,-150.997879029,0
			63.9973411560001,-151.237304688,0
			63.9973945610001,-151.271743774,0
			63.997352601,-151.304122924,0
			63.9973411560001,-151.337539673,0
			63.997245789,-151.368896484,0
			63.997180939,-151.401275634,0
			63.997230531,-151.413787843,0
			64.014213562,-151.438430785,0
			64.0237655640001,-151.517929078,0
			64.0501327520001,-151.49156189,0
			64.0566558830001,-151.564468384,0
			64.067657471,-151.565368653,0
			64.0687713630002,-151.760787963,0
			64.0686569230001,-151.818344115,0
			64.0313568120001,-151.846557617,0
			63.9971237180002,-151.810440063,0
			63.997291566,-151.827117919,0
			63.9971313480001,-151.859497071,0
			63.997455597,-151.892822265,0
			63.9970970150002,-151.957565307,0
			63.9973640450001,-151.989852905,0
			63.997207642,-152.023269653,0
			63.9970817560001,-152.057724,0
			63.910747528,-152.056213379,0
			63.824012756,-152.055801392,0
			63.8240013130001,-152.068237305,0
			63.8237991340001,-152.087982178,0
			63.8241691590001,-152.09828186,0
			63.8240394600001,-152.12008667,0
			63.8239898680001,-152.131500244,0
			63.823852539,-152.153289795,0
			63.824214936,-152.163604736,0
			63.8240737920001,-152.185394287,0
			63.8240242000001,-152.196807862,0
			63.8238716120001,-152.218612671,0
			63.8241271970002,-152.225830077,0
			63.7374305720001,-152.22593689,0
			63.6507453920001,-152.226074219,0
			63.650608063,-152.261138917,0
			63.6507759090001,-152.292022704,0
			63.6505546580001,-152.325042724,0
			63.6507377620002,-152.356964112,0
			63.6509513870002,-152.389892578,0
			63.6506729140002,-152.421890259,0
			63.650875091,-152.454818725,0
			63.6505432130002,-152.485794067,0
			63.6507301340001,-152.518737793,0
			63.650875091,-152.55064392,0
			63.650596618,-152.58366394,0
			63.6507301340001,-152.615585328,0
			63.650886536,-152.648513794,0
			63.6505165090001,-152.679489135,0
			63.6506614680001,-152.712417603,0
			63.6507682810001,-152.744338989,0
			63.6508979800001,-152.777282715,0
			63.6505393980001,-152.809265137,0
			63.6506500250001,-152.842208863,0
			63.6506958000001,-152.873107911,0
			63.5640830990001,-152.87336731,0
			63.4774818430002,-152.87362671,0
			63.4774360660001,-152.842910766,0
			63.477371216,-152.840881348,0
			63.477352142,-152.811187744,0
			63.3907241830001,-152.81062317,0
			63.3465080260002,-152.810470581,0
			63.3467330940001,-152.619781495,0
			63.304332732,-152.619628905,0
			63.3042335520001,-152.589096069,0
			63.3040618900001,-152.556533814,0
			63.304340363,-152.523910522,0
			63.3041877750002,-152.492370605,0
			63.3044471750001,-152.459732055,0
			63.304283142,-152.428192139,0
			63.2358665460001,-152.427658082,0
			63.217632294,-152.427719115,0
			63.1524276740001,-152.42767334,0
			62.9576339730002,-152.694076539,0
			62.812648772,-152.889419555,0
			62.7855453500001,-152.925567626,0
			62.7256319310001,-153.005523392,0
			62.610597758,-153.006116734,0
			62.5378908960001,-153.006491753,0
			62.4522758450001,-153.00693322,0
			62.3291018250001,-153.007568357,0
			62.3291015630001,-153.039978027,0
			62.3291015630001,-153.040069579,0
			62.3291015630001,-153.069580011,0
			62.3073539740001,-153.069839477,0
			62.2927246090001,-153.070007325,0
			62.2495118870002,-153.070312497,0
			62.2496948250002,-153.273681641,0
			62.2496948250002,-153.286499024,0
			62.2496948250002,-153.304077148,0
			62.2496948250002,-153.317810059,0
			62.2496948250002,-153.335510254,0
			62.2496948250002,-153.348388672,0
			62.2496948250002,-153.366027831,0
			62.2496948250002,-153.394592001,0
			62.2496463050001,-153.394592413,0
			62.2072119780001,-153.394951548,0
			62.1630859370001,-153.395324706,0
			62.1630859370001,-153.44871521,0
			62.1630859370001,-153.608886719,0
			62.1630859370001,-153.632385255,0
			62.1630859370001,-153.640197753,0
			62.1630859370001,-153.670593262,0
			62.1629028330001,-153.701904297,0
			62.1629028330001,-153.732299804,0
			62.1629717790001,-153.743423056,0
			62.1630396920001,-153.754406077,0
			62.1630400010001,-153.754455999,0
			62.163080221,-153.758091996,0
			62.1631199990001,-153.761688,0
			62.1194420000001,-153.7621,0
			62.0976712950001,-153.7620431,0
			62.0934804550001,-153.762032105,0
			62.0903625490002,-153.762023925,0
			62.0325202970002,-153.761902001,0
			62.0325898800002,-153.767766966,0
			62.0326875830002,-153.776001983,0
			62.032840729,-153.788909912,0
			62.0328979490001,-153.793029785,0
			62.0328979490001,-153.823303223,0
			62.0327148450001,-153.854492188,0
			62.0326576840001,-153.861603011,0
			62.0326050620002,-153.868149055,0
			62.0325622560002,-153.873474122,0
			62.0325283990001,-153.880622578,0
			62.0325141660001,-153.883627806,0
			62.03250885,-153.884750366,0
			62.032548793,-153.888409094,0
			62.0325853220002,-153.891755123,0
			62.032661438,-153.898727418,0
			62.0327737440001,-153.906878624,0
			62.032875614,-153.914272438,0
			62.0328979490001,-153.915893555,0
			62.0327148450001,-153.94519043,0
			62.0326156630001,-153.957641601,0
			62.0325851940001,-153.96514295,0
			62.0325790700002,-153.966650527,0
			62.0325393670001,-153.976425171,0
			62.0326843260002,-153.991409301,0
			62.0328700650002,-154.004609991,0
			62.0328860990001,-154.005749584,0
			62.0328979490001,-154.006591797,0
			62.0327148450001,-154.037780761,0
			62.0326828940001,-154.041725644,0
			62.032665422,-154.043882781,0
			62.0326004020001,-154.051910401,0
			62.0325589430002,-154.059235014,0
			62.0325337560001,-154.063684718,0
			62.03250885,-154.068084716,0
			62.0325183320001,-154.069127676,0
			62.0325474510001,-154.072330791,0
			62.0325851440001,-154.07647705,0
			62.0326414970001,-154.080567495,0
			62.0328135570001,-154.093056606,0
			62.0328979490001,-154.099182129,0
			62.0327148450001,-154.128479004,0
			62.0328979490001,-154.159729003,0
			62.0327148450001,-154.189880371,0
			62.0325126650001,-154.215621948,0
			62.0324915490001,-154.219475598,0
			62.032484477,-154.220766185,0
			62.0324821470001,-154.221191406,0
			62.0325079980001,-154.224628919,0
			62.0325567270002,-154.231108777,0
			62.0326538100001,-154.244018555,0
			62.0327148450001,-154.251403809,0
			62.0326919560001,-154.254302978,0
			62.03250885,-154.282608031,0
			62.0326919560001,-154.309158325,0
			62.0327148450001,-154.311828613,0
			62.0327007750002,-154.313645695,0
			62.0326929930001,-154.314650581,0
			62.0326881410001,-154.3152771,0
			62.0325012200001,-154.343048096,0
			62.0326881410001,-154.369766235,0
			62.0326930680002,-154.370405308,0
			62.032700785,-154.371406372,0
			62.0327148450001,-154.37322998,0
			62.0326766960001,-154.378341675,0
			62.0324897770001,-154.404464721,0
			62.032672883,-154.4302063,0
			62.0327148450001,-154.435607911,0
			62.032470704,-154.465881347,0
			62.0327148450001,-154.49609375,0
			62.0328979490001,-154.526306153,0
			62.0326766960001,-154.542587281,0
			62.0325508120001,-154.557525634,0
			62.0327186580001,-154.587722779,0
			62.032901764,-154.618896484,0
			62.0328969860001,-154.619304142,0
			62.0328967410001,-154.619325022,0
			62.0328903210001,-154.619873048,0
			62.0327722070001,-154.639551846,0
			62.0327395300001,-154.644996213,0
			62.0327148450001,-154.649108887,0
			62.0328979490001,-154.679321289,0
			62.032470704,-154.709594727,0
			62.0327148450001,-154.740783691,0
			62.0327148450001,-154.770996094,0
			62.0328979490001,-154.802185058,0
			62.0328940250002,-154.802462969,0
			62.0328584580002,-154.80498177,0
			62.0326652530001,-154.818664551,0
			62.0326320230002,-154.821585497,0
			62.0325685240002,-154.827167197,0
			62.03250885,-154.83241272,0
			62.0325176280001,-154.834887771,0
			62.0325285430001,-154.837966131,0
			62.0325393670001,-154.841018678,0
			62.0326632290001,-154.856259027,0
			62.0326940890002,-154.860056077,0
			62.0327148450001,-154.862609862,0
			62.0327148450001,-154.891647338,0
			62.0327186580001,-154.892807007,0
			62.0327228090001,-154.893877894,0
			62.0327241980001,-154.894236345,0
			62.032726288,-154.89477539,0
			62.0328714610001,-154.919396933,0
			62.032895268,-154.92343442,0
			62.0328979490001,-154.923889161,0
			62.0325775140002,-154.947265624,0
			62.0324897770001,-154.955200196,0
			62.0324906360001,-154.955595449,0
			62.0324924780001,-154.956442604,0
			62.0324974070001,-154.958709718,0
			62.0326560100001,-154.978187136,0
			62.0326592670001,-154.978587091,0
			62.0327148450001,-154.985412597,0
			62.0327148450001,-155.016601563,0
			62.0327148450001,-155.045776368,0
			62.0328979490001,-155.076904296,0
			62.0328979490001,-155.107177735,0
			62.032470704,-155.138427734,0
			62.032470704,-155.168579102,0
			62.032470704,-155.199707031,0
			62.0325102350001,-155.204406555,0
			62.0325482860001,-155.2089301,0
			62.0325660000001,-155.211044,0
			62.0326115780002,-155.216537807,0
			62.0327148450001,-155.229003906,0
			62.0327148450001,-155.291381836,0
			62.0327148450001,-155.321594238,0
			62.0327148450001,-155.352783204,0
			62.0327148450001,-155.382995605,0
			62.0327148450001,-155.413085937,0
			62.0327148450001,-155.443420411,0
			62.0327148450001,-155.474487304,0
			62.0327148450001,-155.504699707,0
			62.0327148450001,-155.535888672,0
			62.0325775140002,-155.55265808,0
			62.032470704,-155.566101075,0
			62.032470704,-155.596374511,0
			62.032470704,-155.627502442,0
			62.0328979490001,-155.657714843,0
			62.0328979490001,-155.688903809,0
			62.0327568050002,-155.71208191,0
			62.0327148450001,-155.71911621,0
			62.0327148450001,-155.73059082,0
			62.0327148450001,-155.750305176,0
			62.0327148450001,-155.779479981,0
			62.0326548470001,-155.787062876,0
			62.0326116670001,-155.792520166,0
			62.0324974070001,-155.806961059,0
			62.0324924780001,-155.809356463,0
			62.0324906360001,-155.810251735,0
			62.0324897770001,-155.810668945,0
			62.032592774,-155.819320678,0
			62.0328979490001,-155.840881348,0
			62.0328979490001,-155.872009277,0
			62.0327148450001,-155.903198243,0
			62.0325965890001,-155.917861938,0
			62.0325793740002,-155.922539712,0
			62.032566312,-155.926089007,0
			62.0325393670001,-155.933410644,0
			62.0327453620001,-155.952865601,0
			62.0328790640001,-155.962291653,0
			62.0328898590002,-155.963052729,0
			62.0328979490001,-155.963623047,0
			62.03288644,-155.96551727,0
			62.032876048,-155.967227638,0
			62.0327682500002,-155.984970093,0
			62.0327350810002,-155.990400199,0
			62.032728,-155.991559585,0
			62.0327148450001,-155.99371338,0
			62.0327148450001,-155.997467041,0
			62.0327148450001,-156.024902344,0
			62.032470704,-156.055175782,0
			62.0328979490001,-156.086303711,0
			62.0327148450001,-156.116516114,0
			62.032470704,-156.146728515,0
			62.032517076,-156.152473466,0
			62.0325944890001,-156.162064168,0
			62.0326079990002,-156.163742,0
			62.0327299990001,-156.176926,0
			62.0327298920002,-156.176947165,0
			62.0327240560001,-156.178104742,0
			62.032721646,-156.178574741,0
			62.0327148450001,-156.179901122,0
			62.0327148450001,-156.208007812,0
			62.0328979490001,-156.239196778,0
			62.0327148450001,-156.269409179,0
			62.032470704,-156.300491333,0
			62.032470704,-156.300613403,0
			62.0327148450001,-156.329711914,0
			62.0326957710001,-156.33201599,0
			62.03250885,-156.361007691,0
			62.032513296,-156.361559018,0
			62.0325212660002,-156.362547188,0
			62.0325584400001,-156.367156982,0
			62.032860167,-156.388447347,0
			62.032888373,-156.390437574,0
			62.0328979490001,-156.391113282,0
			62.032823944,-156.396542922,0
			62.0327270680002,-156.40365054,0
			62.0326080330001,-156.412384033,0
			62.0325393670001,-156.422378539,0
			62.0325904070001,-156.429599128,0
			62.0326059180001,-156.431793524,0
			62.032611848,-156.432632447,0
			62.0328979490001,-156.45349121,0
			62.0328902600002,-156.454037645,0
			62.0328452800002,-156.457234066,0
			62.032604217,-156.474365235,0
			62.032571066,-156.478650479,0
			62.032562754,-156.479724916,0
			62.032531739,-156.483734132,0
			62.0327415460001,-156.513916016,0
			62.0324897770001,-156.544128417,0
			62.032543332,-156.552061604,0
			62.0325480210001,-156.552756183,0
			62.032604217,-156.561080934,0
			62.0326684180001,-156.569271873,0
			62.032702162,-156.573577171,0
			62.0327148450001,-156.575195313,0
			62.032470704,-156.605407716,0
			62.0327148450001,-156.63659668,0
			62.0328979490001,-156.666809083,0
			62.0328910570001,-156.667296536,0
			62.0328433490001,-156.670670708,0
			62.0326461790001,-156.68461609,0
			62.032604727,-156.689109511,0
			62.032598978,-156.68973268,0
			62.032531739,-156.697021484,0
			62.0326995850001,-156.726455688,0
			62.0327148450001,-156.72821045,0
			62.0328979490001,-156.758300781,0
			62.0327148450001,-156.789489747,0
			62.0327148450001,-156.819702148,0
			62.0328979490001,-156.850891114,0
			62.032879812,-156.852133503,0
			62.0328331690001,-156.855328583,0
			62.0327453620001,-156.861343384,0
			62.0325393670001,-156.880111694,0
			62.032579093,-156.889804856,0
			62.0325870100001,-156.891736543,0
			62.0326156630001,-156.898727418,0
			62.0327148450001,-156.911193847,0
			62.0328979490001,-156.94140625,0
			62.032470704,-156.972595215,0
			62.0327148450001,-157.003784179,0
			62.032898,-157.064087,0
			62.1190800000002,-157.063904,0
			62.14093,-157.063599,0
			62.1412960000001,-157.828796,0
			62.1411130000001,-157.859009,0
			62.1411130000001,-157.890381,0
			62.1409530000002,-157.916916,0
			62.14093,-157.920593,0
			62.14093,-157.924561,0
			62.14093,-157.951904,0
			62.1412960000001,-157.981201,0
			62.1411130000001,-158.042786,0
			62.14093,-158.07312,0
			62.14093,-158.164001,0
			62.1412960000001,-158.19519,0
			62.1411130000001,-158.226501,0
			62.14093,-158.256775,0
			62.1412960000001,-158.288086,0
			62.1411130000001,-158.31842,0
			62.14093,-158.347717,0
			62.1410750000002,-158.372742,0
			62.1410870000001,-158.374186,0
			62.1411073870001,-158.376529006,0
			62.1411285400001,-158.379013061,0
			62.141031781,-158.395359131,0
			62.1410120000001,-158.398685,0
			62.140949,-158.409302,0
			62.1409910000001,-158.41452,0
			62.1412960000001,-158.440613,0
			62.1411130000001,-158.470886,0
			62.1412960000001,-158.500183,0
			62.1385020000001,-158.500224,0
			62.134793297,-158.500278951,0
			62.1309432980001,-158.500335693,0
			62.1270768220001,-158.500387281,0
			62.1249866100002,-158.500415169,0
			62.1195070000001,-158.500488,0
			62.1031072370001,-158.500441647,0
			62.0873107910001,-158.500396729,0
			62.082324577,-158.500385133,0
			62.0747052740001,-158.500367414,0
			62.054504394,-158.500320435,0
			62.054504394,-158.929077149,0
			62.0546875000001,-158.95928955,0
			62.0543212900002,-158.990478516,0
			62.054504394,-159.020690917,0
			62.054504394,-159.050003053,0
			62.054504394,-159.051879883,0
			62.054494169,-159.0534887,0
			62.0544932170001,-159.053638537,0
			62.0544929510001,-159.05368042,0
			62.0544689860001,-159.057519144,0
			62.054462571,-159.058546686,0
			62.0543210000002,-159.081177,0
			62.0543210000002,-159.112305,0
			62.054504,-159.143494,0
			62.054504,-159.173706,0
			62.0546870000001,-159.205017,0
			62.0543210000002,-159.235107,0
			62.0543210000002,-159.265380854,0
			62.032470704,-159.265075683,0
			61.946289062,-159.265091,0
			61.9462586780002,-159.266634615,0
			61.9461477650001,-159.272269362,0
			61.9458808910001,-159.285827636,0
			61.945839747,-159.289104678,0
			61.945832018,-159.289720265,0
			61.9457511900001,-159.296157837,0
			61.9457683280001,-159.304109962,0
			61.9457755590001,-159.30746472,0
			61.9457778940002,-159.308547973,0
			61.945922851,-159.326293945,0
			61.945922851,-159.357299805,0
			61.945922851,-159.382843017,0
			61.945924656,-159.383940541,0
			61.945927081,-159.385414684,0
			61.9459304810001,-159.387481689,0
			61.9459342960001,-159.389160156,0
			61.9460167870001,-159.403297339,0
			61.9460837600001,-159.414774927,0
			61.946105957,-159.418579102,0
			61.946105957,-159.448608399,0
			61.946105957,-159.478820802,0
			61.946105957,-159.509887695,0
			61.946105957,-159.539978028,0
			61.946105957,-159.571105956,0
			61.946105957,-159.602111817,0
			61.946105957,-159.617263794,0
			61.946105957,-159.63232422,0
			61.946105957,-159.647384643,0
			61.946105957,-159.66241455,0
			61.946105957,-159.693481446,0
			61.946105957,-159.723510743,0
			61.946105957,-159.754699707,0
			61.946105957,-159.814880372,0
			61.945922851,-159.846008301,0
			61.945922851,-159.876098633,0
			61.945922851,-159.907287597,0
			61.94575882,-159.927352905,0
			61.9457397470001,-159.937393188,0
			61.9457206730002,-159.938354493,0
			61.9457139390001,-159.954372848,0
			61.9457129440001,-159.956739009,0
			61.9457092280002,-159.965576171,0
			61.945819903,-159.966389898,0
			61.945891916,-159.966919361,0
			61.9461097720001,-159.968521119,0
			61.946105957,-159.969955444,0
			61.946105957,-159.998596191,0
			61.9459610000001,-160.023498535,0
			61.945922851,-160.029724122,0
			61.945922851,-160.035995483,0
			61.945922851,-160.059875487,0
			61.9459120880001,-160.061230993,0
			61.9458824020001,-160.064969772,0
			61.9457893370001,-160.076690673,0
			61.945761042,-160.08481337,0
			61.945757927,-160.08570759,0
			61.9457397470001,-160.090927125,0
			61.9458304600001,-160.098510313,0
			61.9459112310001,-160.105262369,0
			61.9460792550001,-160.119308472,0
			61.9461022910001,-160.120848661,0
			61.9461055320001,-160.121065306,0
			61.946105957,-160.121093751,0
			61.946105957,-160.152099609,0
			61.945922851,-160.182312012,0
			61.9458198560001,-160.195083618,0
			61.945789891,-160.202648106,0
			61.9457757420002,-160.206219722,0
			61.9457511900001,-160.212417603,0
			61.945938111,-160.231170654,0
			61.946058243,-160.239929449,0
			61.946098224,-160.242844416,0
			61.946105957,-160.243408203,0
			61.945922851,-160.274597169,0
			61.9459095860001,-160.276234327,0
			61.9458997320002,-160.277450703,0
			61.9458961490001,-160.277893066,0
			61.9457702640001,-160.304748534,0
			61.945841609,-160.312158433,0
			61.9458738820001,-160.315510358,0
			61.945987701,-160.327331543,0
			61.946105957,-160.335876465,0
			61.945922851,-160.365905762,0
			61.9459197610001,-160.366231319,0
			61.9459167120001,-160.366552484,0
			61.945911408,-160.367111206,0
			61.945805283,-160.387285678,0
			61.945776897,-160.392681814,0
			61.94575882,-160.396118163,0
			61.9457933390001,-160.400103141,0
			61.945834218,-160.404822368,0
			61.9458961490001,-160.411972046,0
			61.9460349760001,-160.422038342,0
			61.9460579760001,-160.423706042,0
			61.946105957,-160.427185059,0
			61.945922851,-160.457275391,0
			61.9459387030001,-160.459953662,0
			61.9459783760001,-160.46665655,0
			61.9460983290001,-160.486923218,0
			61.9461050810002,-160.487850474,0
			61.9461062730001,-160.488014204,0
			61.9461097720001,-160.488494872,0
			61.9460772060001,-160.493963171,0
			61.9460521780001,-160.498165635,0
			61.9459304810001,-160.518600463,0
			61.945938111,-160.519912719,0
			61.9460191700001,-160.527686962,0
			61.946061942,-160.531789203,0
			61.946105957,-160.536010741,0
			61.94608763,-160.536004877,0
			61.9460672800001,-160.535998365,0
			61.9460110000001,-160.535980354,0
			61.9460105900001,-160.536117554,0
			61.9458465570001,-160.54373169,0
			61.9457397470001,-160.548721314,0
			61.9457738820002,-160.553234042,0
			61.94580624,-160.557511726,0
			61.945815999,-160.558807001,0
			61.9459787140001,-160.579684001,0
			61.9459800000002,-160.579849,0
			61.9459395530001,-160.586001978,0
			61.9457817090001,-160.609970092,0
			61.9459265620001,-160.630706963,0
			61.945981007,-160.638501242,0
			61.9459991460002,-160.641098023,0
			61.9457893370001,-160.671218872,0
			61.9459991460002,-160.702346803,0
			61.9457702640001,-160.732467652,0
			61.9458532400002,-160.745488576,0
			61.9458990000001,-160.752669358,0
			61.9459686280002,-160.763595581,0
			61.9457969670001,-160.785263061,0
			61.9457946360001,-160.785566883,0
			61.945783159,-160.787063152,0
			61.945732117,-160.79371643,0
			61.945767414,-160.799783902,0
			61.945807868,-160.806737866,0
			61.9458808910001,-160.81929016,0
			61.945882291,-160.819544972,0
			61.9458874010001,-160.820475038,0
			61.945911408,-160.824844361,0
			61.946063123,-160.847662294,0
			61.9460639950001,-160.847793579,0
			61.9461097720001,-160.855010987,0
			61.9461062690001,-160.855407931,0
			61.9461050790002,-160.855542844,0
			61.9460983290001,-160.856307983,0
			61.9458312990001,-160.88609314,0
			61.946022033,-160.916244506,0
			61.9655990600001,-160.915481568,0
			61.9714889530001,-160.916137696,0
			62.0121307380001,-160.916076661,0
			62.0230790460001,-160.916060218,0
			62.0264826830002,-160.916055106,0
			62.0324516300001,-160.916046142,0
			62.119338989,-160.915878296,0
			62.1252476240001,-160.915865788,0
			62.1275640000001,-160.915861,0
			62.1337550000001,-160.915848,0
			62.2057800000001,-160.915665,0
			62.2060200000001,-160.924515,0
			62.2059630000002,-160.938629,0
			62.2059557760001,-160.939308684,0
			62.2059407230001,-160.940698583,0
			62.205871582,-160.947082519,0
			62.2057991170002,-160.950536674,0
			62.2057840860001,-160.951253133,0
			62.2056884780002,-160.955810547,0
			62.2056884780002,-160.965438844,0
			62.2056503290001,-160.977416992,0
			62.2058143610002,-160.98348999,0
			62.2058436510001,-160.984562004,0
			62.2058528950002,-160.984900326,0
			62.2058906550001,-160.986282348,0
			62.205871582,-160.990982056,0
			62.2058351160001,-160.999956686,0
			62.205813252,-161.005337631,0
			62.2057991030002,-161.008819579,0
			62.2058283950001,-161.009933616,0
			62.2058857850001,-161.012116325,0
			62.2060317990001,-161.017669679,0
			62.2059898370001,-161.028594971,0
			62.205871582,-161.03918457,0
			62.205801543,-161.043545843,0
			62.2057648940001,-161.045828032,0
			62.2057304380001,-161.047973634,0
			62.2927246090001,-161.048217773,0
			62.3790893560001,-161.048400879,0
			62.4661254890001,-161.048583985,0
			62.46918263,-161.048555808,0
			62.4963493300002,-161.048305424,0
			62.5224151620002,-161.048065186,0
			62.552459717,-161.047775136,0
			62.552466531,-161.043346395,0
			62.5524764100001,-161.036925027,0
			62.5524902340001,-161.027938843,0
			62.5523071300001,-161.018981933,0
			62.5524902320001,-160.996216,0
			62.5958060000001,-160.996216,0
			62.6108896120001,-160.996226413,0
			62.6392593400001,-160.996246337,0
			62.672499745,-160.99625807,0
			62.699846402,-160.996267723,0
			62.725719451,-160.996276856,0
			62.812191011,-160.996276856,0
			62.8123168940001,-160.996276856,0
			62.8991088860002,-160.996276856,0
			62.8990987770002,-160.995814666,0
			62.8990897720002,-160.995403011,0
			62.899082185,-160.995056152,0
			62.8989462070002,-160.988322046,0
			62.8986820010001,-160.97522,0
			62.898781,-160.971909,0
			62.898865211,-160.968554825,0
			62.8988990790002,-160.967208862,0
			62.8989221190001,-160.962197112,0
			62.8990100010001,-160.943146,0
			62.8990722880002,-160.943126496,0
			62.8991088860002,-160.943115235,0
			62.9854736330002,-160.942993164,0
			62.9990844730002,-160.943481445,0
			62.9991144080001,-160.940764885,0
			62.9991284110001,-160.939494167,0
			62.999146,-160.937943,0
			62.999329,-160.921387,0
			62.9995120000001,-160.912415,0
			62.9995120000001,-160.889221,0
			62.999329,-160.880188,0
			62.999329,-160.857971203,0
			63.0120849890001,-160.858444215,0
			63.0985107420001,-160.857971191,0
			63.1765140950001,-160.857641367,0
			63.18512,-160.857605,0
			63.1888163840002,-160.857633578,0
			63.2466212740001,-160.858080604,0
			63.271911621,-160.858276183,0
			63.271877541,-160.852704143,0
			63.2718334900001,-160.845501781,0
			63.2718200690001,-160.843307496,0
			63.2718090950001,-160.841451082,0
			63.2717958840001,-160.839216165,0
			63.2717290000001,-160.82782,0
			63.272095,-160.795288,0
			63.2719120000002,-160.763794,0
			63.272095,-160.731384,0
			63.2719120000002,-160.69989,0
			63.272094998,-160.667419434,0
			63.3252081740001,-160.667466321,0
			63.3585205090001,-160.667496,0
			63.3585148760001,-160.674115802,0
			63.3585103910002,-160.67938588,0
			63.3585014350001,-160.689910888,0
			63.4449920660001,-160.690032959,0
			63.502872468,-160.690124512,0
			63.5138142280001,-160.690142021,0
			63.5208724720001,-160.690153316,0
			63.531478883,-160.690170144,0
			63.5314915270002,-160.688302098,0
			63.5315333850001,-160.682117871,0
			63.5315971370001,-160.672698974,0
			63.5316772460002,-160.659423829,0
			63.5319213870001,-160.626708984,0
			63.5316772460002,-160.594909668,0
			63.5319213870001,-160.562072755,0
			63.5316772460002,-160.529296874,0
			63.531921385,-160.497619999,0
			63.5742868290001,-160.497410048,0
			63.6182861340001,-160.497192382,0
			63.618321483,-160.492729755,0
			63.6183828470002,-160.484982953,0
			63.618442536,-160.477447509,0
			63.6184997560002,-160.466384888,0
			63.6182098400001,-160.434509277,0
			63.6182397970001,-160.429017598,0
			63.6183083620001,-160.416448142,0
			63.6183891310001,-160.401641845,0
			63.6185302730001,-160.373596191,0
			63.6185493460002,-160.369812011,0
			63.6184779500001,-160.361467289,0
			63.6184146910001,-160.354073704,0
			63.6183930720001,-160.351540339,0
			63.618331993,-160.344222175,0
			63.618271,-160.336914,0
			63.6184390000001,-160.304062,0
			63.6184850000002,-160.291199,0
			63.618496366,-160.28800776,0
			63.6185302730001,-160.278564452,0
			63.6185493460002,-160.273254394,0
			63.6184692380001,-160.265426636,0
			63.6182861340001,-160.241394043,0
			63.6182861340001,-160.228057861,0
			63.6183700550002,-160.208526611,0
			63.6184314480002,-160.192508707,0
			63.618454001,-160.18663,0
			63.6184589380002,-160.185984763,0
			63.618472522,-160.184216133,0
			63.6185302730001,-160.176696777,0
			63.6182861340001,-160.143798827,0
			63.6182861340001,-160.111968993,0
			63.6182861340001,-160.111877441,0
			63.7047615060001,-160.111389161,0
			63.7048950200001,-160.111389161,0
			63.7050781260002,-160.094909669,0
			63.7048950200001,-160.081481934,0
			63.7049942020001,-160.071334839,0
			63.7050781260002,-160.062988281,0
			63.7050781260002,-160.058837891,0
			63.7050781260002,-160.048583985,0
			63.7048950200001,-160.030029296,0
			63.7050781260002,-160.016601562,0
			63.7048950200001,-159.99810791,0
			63.7048952720002,-159.998088355,0
			63.7049006010001,-159.997675202,0
			63.7050056450001,-159.989532471,0
			63.705028301,-159.987710435,0
			63.7050594840001,-159.985202727,0
			63.7050781260002,-159.983703613,0
			63.7050781260002,-159.980865478,0
			63.7050781260002,-159.965087891,0
			63.705322265,-159.950683593,0
			63.7050781260002,-159.932190002,0
			63.705129089,-159.932190622,0
			63.7483663590001,-159.932716609,0
			63.7489738470001,-159.932723999,0
			63.7915000930001,-159.93321228,0
			63.7915801990002,-159.900161743,0
			63.791604379,-159.884546183,0
			63.7916300000001,-159.868134001,0
			63.7916300220001,-159.868122128,0
			63.7916840000001,-159.838776,0
			63.7916848300001,-159.838324387,0
			63.7916870120001,-159.837142945,0
			63.7916870120001,-159.835083008,0
			63.7916870120001,-159.802978516,0
			63.7916870120001,-159.770019532,0
			63.791692279,-159.769072877,0
			63.7917940010001,-159.750824001,0
			63.7917942110001,-159.750785716,0
			63.7918400000001,-159.742469,0
			63.791859563,-159.738872701,0
			63.7918701180001,-159.736953735,0
			63.7918701180001,-159.736877442,0
			63.842452642,-159.737127496,0
			63.8644724000001,-159.737236351,0
			63.8782960000001,-159.737305,0
			63.9649050000002,-159.737793,0
			64.051330573,-159.737183003,0
			64.051376104,-159.740252341,0
			64.0514103150001,-159.742558594,0
			64.0514602670002,-159.745925903,0
			64.051489367,-159.747363495,0
			64.0515105960001,-159.748412203,0
			64.0515365600002,-159.749694825,0
			64.0514755250002,-159.753860473,0
			64.0513305660002,-159.770507813,0
			64.0514049820001,-159.774637877,0
			64.0514442340001,-159.776816382,0
			64.0514830000001,-159.778976,0
			64.0514927210002,-159.779574289,0
			64.051513672,-159.780883789,0
			64.051513672,-159.781982423,0
			64.051528808,-159.783670126,0
			64.051533,-159.784148,0
			64.051544,-159.785385001,0
			64.051582862,-159.79128907,0
			64.051658631,-159.802856446,0
			64.051467895,-159.815353394,0
			64.051612854,-159.836212159,0
			64.05140686,-159.848709107,0
			64.051513672,-159.865875244,0
			64.051513672,-159.869506837,0
			64.051513672,-159.871109009,0
			64.051368713,-159.881011963,0
			64.0514907840001,-159.901870728,0
			64.0513385320001,-159.911834122,0
			64.0513041420001,-159.914084578,0
			64.0513000490002,-159.914352418,0
			64.0513171940001,-159.916462821,0
			64.051364609,-159.922299594,0
			64.051452637,-159.933135986,0
			64.051673995,-159.947738648,0
			64.1381912240001,-159.947753906,0
			64.1434951990001,-159.947754841,0
			64.1697248,-159.947759465,0
			64.224723816,-159.947769164,0
			64.3112640390002,-159.947769164,0
			64.3977966310001,-159.947784425,0
			64.3979529040002,-159.956197071,0
			64.3979830170001,-159.957818161,0
			64.3980712870001,-159.962570094,0
			64.426872254,-159.962585448,0
			64.4846801750002,-159.962585448,0
			64.5281066900001,-159.962646484,0
			64.571144104,-159.962677002,0
			64.571354552,-159.962677152,0
			64.5817121400001,-159.962684453,0
			64.6144332900001,-159.962707519,0
			64.65459896,-159.962735836,0
			64.6571386170002,-159.962737626,0
			64.6577224730001,-159.962738038,0
			64.6610763730002,-159.962740401,0
			64.6799850020001,-159.962753726,0
			64.701026917,-159.962768554,0
			64.7443237310001,-159.96282959,0
			64.7442855850001,-159.959869386,0
			64.744163514,-159.943557739,0
			64.7442398080001,-159.938751221,0
			64.7445068350002,-159.930725098,0
			64.7443237310001,-159.91040039,0
			64.7445068350002,-159.897583007,0
			64.7443237310001,-159.876281739,0
			64.7445068350002,-159.863525391,0
			64.7444726250001,-159.859511407,0
			64.7444397270001,-159.855651385,0
			64.7444152830002,-159.852783203,0
			64.7443925920002,-159.84926337,0
			64.7443860000002,-159.848228,0
			64.7443474680002,-159.842206133,0
			64.7443470010001,-159.842132999,0
			64.7443690290001,-159.840731919,0
			64.7443771370001,-159.84022522,0
			64.7444662460001,-159.837108532,0
			64.7445890000001,-159.832822,0
			64.7446900000001,-159.829285,0
			64.7445070000001,-159.809021,0
			64.7446900000001,-159.796204,0
			64.7445070000001,-159.774857,0
			64.809665,-159.775282,0
			64.8230424970001,-159.775369058,0
			64.831024169,-159.775421143,0
			64.917633058,-159.774902344,0
			64.9176483160001,-159.742675781,0
			64.9176682440001,-159.720226165,0
			64.9176745280001,-159.713147055,0
			64.9176790000001,-159.708298,0
			64.917702,-159.67392,0
			64.917702,-159.640625,0
			64.917717,-159.606247,0
			64.9177250000002,-159.571869,0
			65.0043330000001,-159.571793,0
			65.053032,-159.57175,0
			65.072519696,-159.571732494,0
			65.0908810000001,-159.571716308,0
			65.0908813480002,-159.57711792,0
			65.090919495,-159.582519531,0
			65.1327079820001,-159.582460607,0
			65.1345423920001,-159.58245802,0
			65.1774902340001,-159.582397461,0
			65.2640991210002,-159.582397461,0
			65.2640991210002,-159.549804688,0
			65.2640991210002,-159.515014648,0
			65.2640991210002,-159.480102539,0
			65.2640991210002,-159.446411133,0
			65.2640991210002,-159.411682128,0
			65.2640877630001,-159.409542914,0
			65.2640550000002,-159.403306,0
			65.263924,-159.378632,0
			65.263924,-159.376892092,0
			65.2647460320001,-159.376895142,0
			65.2688953620001,-159.376910537,0
			65.2762603750001,-159.376937865,0
			65.3014890110001,-159.377025769,0
			65.3244150410001,-159.377105651,0
			65.3507080090001,-159.377197265,0
			65.3677126220001,-159.377128309,0
			65.3883357290001,-159.377045001,0
			65.3883816720001,-159.377044676,0
			65.3948140000001,-159.376999001,0
			65.4143347390001,-159.37731455,0
			65.4335400000002,-159.377625,0
			65.4372329650001,-159.377685999,0
			65.437179566,-159.382095337,0
			65.437133789,-159.385345459,0
			65.4696187330001,-159.385515226,0
			65.495415559,-159.385650405,0
			65.4955290000001,-159.385650999,0
			65.513177125,-159.38574585,0
			65.5174879560001,-159.385769107,0
			65.5238110000001,-159.385803221,0
			65.5238569990001,-159.419814999,0
			65.523917999,-159.490081999,0
			65.5239180100002,-159.490107135,0
			65.5239212860001,-159.497296297,0
			65.5239238320001,-159.503157623,0
			65.5239257810002,-159.507644653,0
			65.523926671,-159.509694139,0
			65.523928433,-159.513749613,0
			65.5239334110001,-159.52520752,0
			65.5239334110001,-159.526901245,0
			65.5239593760002,-159.554411353,0
			65.523963199,-159.558462383,0
			65.523963928,-159.55923462,0
			65.523964,-159.593262,0
			65.5241090000001,-159.593262,0
			65.6102910000002,-159.593201,0
			65.6970830000001,-159.593201,0
			65.7836910000001,-159.593201,0
			65.783660927,-159.595016391,0
			65.78363871,-159.596339872,0
			65.7835845950001,-159.5995636,0
			65.7835235600001,-159.604187012,0
			65.7842961600001,-159.604188121,0
			65.788344152,-159.604193934,0
			65.8579025280001,-159.604293824,0
			65.8702697750001,-159.604293824,0
			65.8833405270001,-159.604298422,0
			65.899830177,-159.604304222,0
			65.9136505130001,-159.604309082,0
			65.9570922860001,-159.604309082,0
			65.9570922860001,-159.570800782,0
			65.9570922860001,-159.535095214,0
			65.9570922860001,-159.500610351,0
			65.9570922860001,-159.464904785,0
			65.9570181570001,-159.450160628,0
			65.9569911860001,-159.444796073,0
			65.956939697,-159.434555053,0
			65.956932296,-159.433256179,0
			65.9569204820001,-159.431182626,0
			65.9569091800001,-159.429199219,0
			65.9569091800001,-159.407821655,0
			65.9569091800001,-159.393493653,0
			65.9569091800001,-159.359985351,0
			65.9569091800001,-159.324401856,0
			65.9567260740002,-159.288696288,0
			65.9567260740002,-159.254089356,0
			65.9570922860001,-159.218383788,0
			65.9569732090001,-159.195243148,0
			65.9569550000001,-159.191696,0
			65.9569460440001,-159.188226289,0
			65.9569320680002,-159.182785035,0
			65.9569091800001,-159.175064088,0
			65.9569091800001,-159.149291993,0
			65.9567260740002,-159.077880859,0
			65.9570922860001,-159.043395996,0
			65.9569091800001,-159.00769043,0
			65.9567260740002,-158.972000123,0
			65.9615680020001,-158.972069222,0
			65.9662883550001,-158.972136587,0
			65.9716949470002,-158.972213745,0
			65.9845581060002,-158.972396851,0
			66.0145568860002,-158.972320557,0
			66.0327164240001,-158.972272618,0
			66.0390787950001,-158.972255821,0
			66.0434570310001,-158.972244262,0
			66.1302413950002,-158.972473145,0
			66.130310058,-158.972412109,0
			66.1302103420001,-158.954695629,0
			66.1301371760001,-158.941696528,0
			66.1301269540002,-158.93988037,0
			66.1301219500001,-158.939133322,0
			66.13010615,-158.936774535,0
			66.1299972530002,-158.920516968,0
			66.1299710270001,-158.914211045,0
			66.1299290000001,-158.904007,0
			66.1300358520001,-158.891335645,0
			66.1300419310002,-158.890617494,0
			66.1300430300001,-158.890487671,0
			66.130310058,-158.868103027,0
			66.1302935660001,-158.864870671,0
			66.1302097050002,-158.84843385,0
			66.1301269540002,-158.832214355,0
			66.1301207670001,-158.831337862,0
			66.130092227,-158.827294442,0
			66.1299362180002,-158.805191041,0
			66.1299250540002,-158.803567475,0
			66.1299080000002,-158.801038,0
			66.1298830000001,-158.797424,0
			66.1299284390002,-158.793701001,0
			66.1299290000001,-158.793655001,0
			66.1302660000001,-158.765221,0
			66.1303041950002,-158.76196923,0
			66.130310058,-158.76147461,0
			66.1302691530001,-158.758341836,0
			66.1300510000001,-158.741608,0
			66.1298830000001,-158.728882,0
			66.1299324970001,-158.728233535,0
			66.1299820010001,-158.727585,0
			66.1300519670001,-158.726620427,0
			66.1301269990001,-158.725585999,0
			66.1301271670001,-158.725556125,0
			66.1302074810002,-158.711252082,0
			66.130310058,-158.692993164,0
			66.1302491920002,-158.692523617,0
			66.1298843140002,-158.689707147,0
			66.1298830000001,-158.689697,0
			66.1301270000002,-158.657104,0
			66.1301270000002,-158.654907,0
			66.1298830000001,-158.621216,0
			66.1298830000001,-158.619019,0
			66.1298830000001,-158.614212,0
			66.1299670000001,-158.601059,0
			66.1299941490001,-158.597495189,0
			66.1300354000001,-158.592132568,0
			66.1300907790001,-158.588717549,0
			66.1301168150001,-158.587112016,0
			66.1301269990001,-158.586487,0
			66.1301269990001,-158.583008001,0
			66.1298829990001,-158.550476,0
			66.1298829990001,-158.547179999,0
			66.1301269990001,-158.518005,0
			66.1301269990001,-158.51239,0
			66.1298829990001,-158.482117,0
			66.1298829990001,-158.476501001,0
			66.1301269990001,-158.446228,0
			66.1301269990001,-158.440613001,0
			66.1302075830002,-158.427254961,0
			66.130297188,-158.41241048,0
			66.130310058,-158.410278321,0
			66.130310058,-158.40460205,0
			66.1301422120002,-158.3931427,0
			66.1300044180002,-158.383764622,0
			66.1298832850002,-158.375507495,0
			66.1298830000001,-158.375488,0
			66.1299790000002,-158.373314,0
			66.1299818490002,-158.373248482,0
			66.1299822330002,-158.373193086,0
			66.1299972530002,-158.369903564,0
			66.130069436,-158.355577509,0
			66.1301070000001,-158.348148,0
			66.1301270000002,-158.344162,0
			66.1301270000002,-158.3396,0
			66.1301303130002,-158.339507208,0
			66.1301574710001,-158.338760377,0
			66.130310058,-158.333984376,0
			66.1302160250002,-158.328046863,0
			66.1298946400001,-158.307742474,0
			66.1298830000001,-158.307007,0
			66.1298830000001,-158.303223,0
			66.1298940000001,-158.301346,0
			66.129894913,-158.301189834,0
			66.1299133290001,-158.298095704,0
			66.129951476,-158.290924073,0
			66.1301120850001,-158.272852372,0
			66.1301219950002,-158.271737252,0
			66.1301269540002,-158.2711792,0
			66.1301269540002,-158.262207032,0
			66.130141779,-158.260027772,0
			66.1302102080001,-158.249968491,0
			66.130310058,-158.235290528,0
			66.130310058,-158.227416992,0
			66.1302783020001,-158.225314622,0
			66.1300130010001,-158.207718,0
			66.1299530500002,-158.202714022,0
			66.1299133290001,-158.199371338,0
			66.1299342550001,-158.193983115,0
			66.129943961,-158.19152267,0
			66.1299900000002,-158.179581,0
			66.1301270000002,-158.164612,0
			66.1301270000002,-158.155579,0
			66.1302100000001,-158.143455,0
			66.1302967500002,-158.130674979,0
			66.130310058,-158.128723145,0
			66.130310058,-158.119689942,0
			66.1302896660001,-158.118559649,0
			66.1302100000001,-158.114131,0
			66.1298830000001,-158.096008,0
			66.1298830000001,-158.089417,0
			66.1298830000001,-158.0849,0
			66.1299057750001,-158.082558174,0
			66.1299060000002,-158.082535001,0
			66.1299820010001,-158.060241999,0
			66.1299835470001,-158.059785292,0
			66.1300113170001,-158.051620895,0
			66.130020142,-158.04902649,0
			66.1301040660001,-158.024353027,0
			66.1301173870002,-158.020427787,0
			66.1301269740002,-158.017616254,0
			66.1301270000002,-158.013123,0
			66.1301500000001,-158.009964,0
			66.1302680000001,-157.994936,0
			66.1303055750001,-157.990074528,0
			66.130310058,-157.989501953,0
			66.130310058,-157.977111816,0
			66.1302934060001,-157.976195919,0
			66.130207,-157.971426,0
			66.1298830000001,-157.953613,0
			66.1298830000001,-157.945251,0
			66.1298830280001,-157.945239409,0
			66.129885072,-157.944420511,0
			66.129890443,-157.942443848,0
			66.129951476,-157.917770385,0
			66.1299591060001,-157.914154053,0
			66.1299707680002,-157.910274749,0
			66.1299810000002,-157.906902,0
			66.1299820000001,-157.90654,0
			66.1301270000002,-157.90654,0
			66.214943,-157.906693,0
			66.2158324320001,-157.906707454,0
			66.2166657130002,-157.906721458,0
			66.216758729,-157.906723022,0
			66.2562299590001,-157.906290498,0
			66.3029990030002,-157.905778029,0
			66.303093,-157.905777,0
			66.3031541940001,-157.905777924,0
			66.3101141500001,-157.905883116,0
			66.3464965830001,-157.906433106,0
			66.3899002070001,-157.905960084,0
			66.4168472300001,-157.906372071,0
			66.423926351,-157.906342987,0
			66.4463719740001,-157.906250772,0
			66.4762725840002,-157.906127929,0
			66.4762924080001,-157.898752899,0
			66.4762970990002,-157.897007802,0
			66.4763031010002,-157.89477539,0
			66.4763051930001,-157.893528241,0
			66.4763110000002,-157.890228001,0
			66.4763140000001,-157.889094,0
			66.4763141060001,-157.88905364,0
			66.4763183590002,-157.887573242,0
			66.4763228700001,-157.886007958,0
			66.476325769,-157.88500193,0
			66.4763336170002,-157.882278442,0
			66.4763336170002,-157.881362916,0
			66.4763488780001,-157.873184203,0
			66.4763526690002,-157.871489564,0
			66.4763561110001,-157.869950716,0
			66.4763641360001,-157.866363526,0
			66.4763793940002,-157.858413696,0
			66.4763998660001,-157.850137245,0
			66.476414714,-157.844134312,0
			66.4764328000001,-157.836822509,0
			66.476433928,-157.835981675,0
			66.4764352320001,-157.835008989,0
			66.4764404300002,-157.831130982,0
			66.4764633180001,-157.824310303,0
			66.4764633180001,-157.822036744,0
			66.4764633180001,-157.818634034,0
			66.4765014650002,-157.800445557,0
			66.4765014650002,-157.785583496,0
			66.4765110190001,-157.784293664,0
			66.4765113340001,-157.784251161,0
			66.476516723,-157.783523559,0
			66.4766845710001,-157.765197753,0
			66.4766845710001,-157.750427246,0
			66.4766845710001,-157.728820801,0
			66.4766845710001,-157.713989258,0
			66.4766845710001,-157.692504884,0
			66.4764839440001,-157.684346018,0
			66.4764610340001,-157.683414346,0
			66.4763183590002,-157.677612304,0
			66.4763183590002,-157.659484864,0
			66.4763183590002,-157.641296387,0
			66.4763183590002,-157.62310791,0
			66.4763183590002,-157.604980468,0
			66.4763183590002,-157.586791993,0
			66.4763183590002,-157.569702149,0
			66.4763183590002,-157.551574707,0
			66.4763183590002,-157.497009278,0
			66.4763183590002,-157.478820801,0
			66.4763183590002,-157.460510253,0
			66.4763183590002,-157.445800781,0
			66.4763183590002,-157.425415038,0
			66.4763183590002,-157.409484864,0
			66.4763183590002,-157.388977051,0
			66.4763183590002,-157.37310791,0
			66.4763183590002,-157.352600099,0
			66.4763183590002,-157.336608887,0
			66.4763183590002,-157.31628418,0
			66.4764035410001,-157.312848516,0
			66.476484661,-157.309576713,0
			66.4766845710001,-157.301513672,0
			66.4766845710001,-157.279907227,0
			66.4766845710001,-157.265197753,0
			66.4766845710001,-157.244689942,0
			66.4766845710001,-157.232177734,0
			66.4765406590001,-157.213631743,0
			66.4765159110001,-157.210442531,0
			66.4765090950001,-157.209564209,0
			66.4765090950001,-157.208343506,0
			66.4765014650002,-157.202087403,0
			66.4765014650002,-157.195800781,0
			66.4765014650002,-157.171997071,0
			66.4765014650002,-157.159484862,0
			66.4765014650002,-157.135620116,0
			66.476341248,-157.124893189,0
			66.476341248,-157.12310791,0
			66.4763183590002,-157.114593506,0
			66.4762802120001,-157.100387573,0
			66.4762757250002,-157.098549971,0
			66.4762676140001,-157.095228561,0
			66.4762500000001,-157.087891,0
			66.4766020000001,-157.067089,0
			66.4766340270002,-157.065193256,0
			66.4766540520001,-157.064010621,0
			66.4766529470001,-157.0635581,0
			66.4766509030001,-157.062721337,0
			66.4766235360001,-157.051513998,0
			66.4536606640001,-157.051392688,0
			66.418812728,-157.051208591,0
			66.4187010000002,-157.051208,0
			66.4186478570001,-157.051207105,0
			66.4064070850002,-157.051000775,0
			66.3943176270002,-157.050796509,0
			66.3922907270002,-157.050761563,0
			66.3912860000001,-157.050744,0
			66.3898930000001,-157.05072,0
			66.3035280000001,-157.051025,0
			66.3034650000001,-157.042469,0
			66.3034533730001,-157.040891435,0
			66.303375245,-157.030258179,0
			66.3033370980002,-157.01715088,0
			66.303324242,-157.012802057,0
			66.3032841650002,-156.999140485,0
			66.3032839990001,-156.999084,0
			66.3032839990001,-156.981018,0
			66.3031540000001,-156.955719,0
			66.3031010000002,-156.944885,0
			66.3031690000001,-156.939063,0
			66.3031751760001,-156.938532684,0
			66.3031921390001,-156.937088013,0
			66.3032417850002,-156.932888365,0
			66.3033467060001,-156.924012993,0
			66.3035278320002,-156.908691405,0
			66.3034549450001,-156.898172227,0
			66.3034081070001,-156.891412602,0
			66.3033370980002,-156.88116455,0
			66.3033312300002,-156.879738875,0
			66.3033224970001,-156.877616708,0
			66.3033070000002,-156.873749,0
			66.303284,-156.867722,0
			66.303284,-156.837585,0
			66.3035280000001,-156.802612,0
			66.3034060000002,-156.785095,0
			66.3033800000002,-156.779158,0
			66.3033695830001,-156.776795839,0
			66.3033294680001,-156.767593383,0
			66.3033034190001,-156.761984151,0
			66.3033020000001,-156.761673,0
			66.303284,-156.757736,0
			66.303284,-156.731384,0
			66.3035280000001,-156.695312,0
			66.303284,-156.65918,0
			66.3031010000002,-156.624207,0
			66.3321840000001,-156.62381,0
			66.3423410000001,-156.623676,0
			66.3488769380002,-156.623589588,0
			66.3610992430001,-156.623428345,0
			66.3767717090001,-156.623536317,0
			66.3836664660001,-156.623583816,0
			66.3898925790002,-156.623626709,0
			66.4090510130001,-156.623747902,0
			66.4141997410001,-156.623780471,0
			66.433311464,-156.623901367,0
			66.4762725840002,-156.624176005,0
			66.4764797870002,-156.603593851,0
			66.4765000450001,-156.601581568,0
			66.4765701310002,-156.594619751,0
			66.4765472420002,-156.590072632,0
			66.4763641360001,-156.558258057,0
			66.4763561500002,-156.556477165,0
			66.4763490000001,-156.554855,0
			66.4764270000002,-156.544948,0
			66.4764988080001,-156.535796587,0
			66.4766082770001,-156.521881104,0
			66.4765930170001,-156.518478393,0
			66.4763870250001,-156.485519408,0
			66.4763793940002,-156.484390258,0
			66.476377011,-156.483679943,0
			66.476374601,-156.482961553,0
			66.4763717660001,-156.482116699,0
			66.4766235360001,-156.449142456,0
			66.4766235360001,-156.448013306,0
			66.4766006470001,-156.445739746,0
			66.4764983220001,-156.430493405,0
			66.4764013340002,-156.416042153,0
			66.4763870250001,-156.413909912,0
			66.476386946,-156.413892329,0
			66.476385555,-156.413582219,0
			66.4763720000001,-156.410507,0
			66.4764792230001,-156.395532664,0
			66.4766082770001,-156.377548218,0
			66.476605656,-156.377154994,0
			66.4766049220001,-156.377044868,0
			66.4766006470001,-156.376403808,0
			66.476507022,-156.362462651,0
			66.4764312830001,-156.351184775,0
			66.4763641360001,-156.341186522,0
			66.476406082,-156.333491,0
			66.476428185,-156.329435931,0
			66.4765625000002,-156.304794312,0
			66.476444466,-156.288769479,0
			66.476346418,-156.275458101,0
			66.4763031010002,-156.269577027,0
			66.4762970420001,-156.269122563,0
			66.4762948560001,-156.268958599,0
			66.476287842,-156.268432618,0
			66.4764785770001,-156.233200072,0
			66.4764709480001,-156.232055664,0
			66.4765639290001,-156.214156997,0
			66.4766162610001,-156.20408291,0
			66.4766540520001,-156.196807862,0
			66.4766540520001,-156.195678711,0
			66.434458293,-156.196034918,0
			66.4167836290001,-156.196184124,0
			66.3901154980001,-156.196409122,0
			66.3898930000001,-156.196410999,0
			66.3900760000001,-156.162476,0
			66.3900756380001,-156.162440403,0
			66.3899304020002,-156.148116959,0
			66.3897094730001,-156.126281739,0
			66.389806148,-156.107139972,0
			66.3898285840001,-156.102697643,0
			66.3898925790002,-156.090026856,0
			66.3900756830002,-156.05480957,0
			66.3900179660001,-156.049105173,0
			66.3899304780002,-156.040458405,0
			66.3897094730001,-156.018615722,0
			66.3898061130001,-155.999448831,0
			66.3898242840001,-155.995845005,0
			66.3898925790002,-155.982300002,0
			66.3583429040002,-155.982456766,0
			66.3208620000001,-155.982643,0
			66.303986,-155.982727,0
			66.3035280000001,-155.982727,0
			66.3031010000002,-155.947739,0
			66.303284,-155.91272,0
			66.3035280000001,-155.840393,0
			66.3031010000002,-155.804199,0
			66.303284,-155.769287,0
			66.303284,-155.734192,0
			66.303284,-155.702621,0
			66.3032852540001,-155.701695967,0
			66.3032874290001,-155.700408091,0
			66.3032913210002,-155.698104858,0
			66.3033327850001,-155.676958237,0
			66.3033570000001,-155.664703,0
			66.3033600000001,-155.663086,0
			66.3034060000002,-155.626862,0
			66.3034520000001,-155.59079,0
			66.3035280000001,-155.554642,0
			66.3898930000001,-155.555176,0
			66.3900990000001,-155.555176,0
			66.402438908,-155.555079688,0
			66.4211047850002,-155.554934338,0
			66.4763183590002,-155.554504394,0
			66.476413567,-155.552425696,0
			66.476487686,-155.550807444,0
			66.4766845710001,-155.546508789,0
			66.4764328000001,-155.529464721,0
			66.4763919540001,-155.526616317,0
			66.4763827460001,-155.525974207,0
			66.4763183590002,-155.521484374,0
			66.4765090950001,-155.515533448,0
			66.4765171900002,-155.515287077,0
			66.4765450000002,-155.514452,0
			66.476685,-155.510193,0
			66.5396625880001,-155.51041527,0
			66.5631027230002,-155.510498011,0
			66.5631052900001,-155.507545977,0
			66.5631060860002,-155.506630827,0
			66.5631103510001,-155.501724243,0
			66.5631103510001,-155.475097656,0
			66.5631103510001,-155.438598633,0
			66.5631103510001,-155.40209961,0
			66.5631103510001,-155.366821289,0
			66.5631103510001,-155.330322266,0
			66.5631103510001,-155.321197509,0
			66.5631103510001,-155.293823241,0
			66.5631103510001,-155.258483887,0
			66.5631103510001,-155.221923829,0
			66.5631103510001,-155.185424804,0
			66.5630191350002,-155.167637466,0
			66.5629580000002,-155.15567,0
			66.5629530000001,-155.152097,0
			66.5629515890001,-155.151150496,0
			66.5629501340001,-155.150085448,0
			66.562927247,-155.137924193,0
			66.562927247,-155.113586425,0
			66.5632934570001,-155.077026367,0
			66.5632934570001,-155.041687011,0
			66.5631103510001,-155.005203247,0
			66.5631103510001,-154.968688965,0
			66.562927247,-154.933303832,0
			66.562927247,-154.933059693,0
			66.5632934570001,-154.896728516,0
			66.5632934570001,-154.860291002,0
			66.5969920000001,-154.860474,0
			66.6496430000001,-154.860825,0
			66.6891100000001,-154.860553,0
			66.689288328,-154.860551771,0
			66.7361221310002,-154.860229493,0
			66.7360880660001,-154.848402012,0
			66.7360840000001,-154.846985,0
			66.7360840000001,-154.825684001,0
			66.7361190410001,-154.822763837,0
			66.7365112310001,-154.790100097,0
			66.7363281250002,-154.753417968,0
			66.736259327,-154.743059501,0
			66.7361070000001,-154.720083,0
			66.7360840010001,-154.716660082,0
			66.7361210000002,-154.713507,0
			66.736383222,-154.690850349,0
			66.7365112310001,-154.679809571,0
			66.7363281250002,-154.644287109,0
			66.7361090320001,-154.613367701,0
			66.7360840000001,-154.609833,0
			66.7360840000001,-154.609741,0
			66.7361074340001,-154.607724529,0
			66.7365112310001,-154.572998046,0
			66.7364809790002,-154.570389646,0
			66.7364155030001,-154.564744158,0
			66.736236573,-154.549316406,0
			66.7361679080001,-154.536315917,0
			66.736289979,-154.518707275,0
			66.7364196770001,-154.499526978,0
			66.7362289430001,-154.463928223,0
			66.736480713,-154.427139282,0
			66.7362976070002,-154.392700195,0
			66.7360687260001,-154.355957031,0
			66.7363128670002,-154.3203125,0
			66.7361697640001,-154.299437041,0
			66.736093134,-154.28825824,0
			66.7360610960002,-154.283584595,0
			66.7362594600001,-154.246795653,0
			66.736450194,-154.210007002,0
			66.7638221990001,-154.210232899,0
			66.7641987230001,-154.210236006,0
			66.7955568700001,-154.210479662,0
			66.8088963260001,-154.210583485,0
			66.8230133050001,-154.210693359,0
			66.8229522700001,-154.191253663,0
			66.8228907350001,-154.184583183,0
			66.8228829660001,-154.183741052,0
			66.822876002,-154.182983202,0
			66.8228760000001,-154.180893,0
			66.8228760000001,-154.176086001,0
			66.822874591,-154.175855677,0
			66.822693002,-154.146179198,0
			66.8750762940001,-154.14654541,0
			66.9092330930001,-154.146759033,0
			66.9103724400002,-154.146751162,0
			66.9178100000001,-154.1467,0
			66.9534070000002,-154.146454,0
			66.9958190000002,-154.146149,0
			67.0373380000001,-154.146317,0
			67.0543240000001,-154.146395,0
			67.0565892770001,-154.146405141,0
			67.0572280880001,-154.146408081,0
			67.0574865250001,-154.146411012,0
			67.0586867790001,-154.146424626,0
			67.0612640390002,-154.146453858,0
			67.0623975510002,-154.146461995,0
			67.0663679500001,-154.146490498,0
			67.0825195320002,-154.146606446,0
			67.1279296880001,-154.146606446,0
			67.1691280670001,-154.14599899,0
			67.1692143210001,-154.149833035,0
			67.1692536300001,-154.151588861,0
			67.1693115240001,-154.154174805,0
			67.1694946280001,-154.183288575,0
			67.169392316,-154.185607654,0
			67.1693212660002,-154.187218122,0
			67.1691284190001,-154.191589356,0
			67.1691868150002,-154.200874293,0
			67.16921381,-154.205166418,0
			67.1693115240001,-154.220703125,0
			67.1693115240001,-154.228942871,0
			67.1689605710001,-154.258178711,0
			67.1690110470002,-154.260797481,0
			67.1690392360001,-154.262259974,0
			67.1690902720001,-154.264907837,0
			67.16911316,-154.266326904,0
			67.1691894540001,-154.294342041,0
			67.1692811570002,-154.299014583,0
			67.1693036200002,-154.300159109,0
			67.1693496710001,-154.302505494,0
			67.255561829,-154.303604125,0
			67.2556495960001,-154.318003858,0
			67.255711122,-154.328098262,0
			67.2557824070002,-154.339807737,0
			67.255782999,-154.339905,0
			67.2557457870001,-154.345821245,0
			67.2555465700001,-154.377426147,0
			67.25579071,-154.414886475,0
			67.2555465700001,-154.452423096,0
			67.2555938640001,-154.460719144,0
			67.2556262960001,-154.466408134,0
			67.2556760000002,-154.475174001,0
			67.255676462,-154.475255028,0
			67.2557600000002,-154.489899,0
			67.2559430000001,-154.526184,0
			67.2557475890001,-154.554493073,0
			67.2556838990002,-154.563705443,0
			67.2556898950002,-154.565012712,0
			67.2556935570001,-154.565810967,0
			67.2556991580001,-154.567031859,0
			67.2558441170002,-154.600006104,0
			67.2555694590001,-154.637527465,0
			67.2556762690001,-154.661376953,0
			67.2557373050002,-154.675003051,0
			67.2557993970001,-154.689698153,0
			67.2558311670001,-154.697217144,0
			67.255851745,-154.702087403,0
			67.255897522,-154.712478637,0
			67.255627614,-154.743106805,0
			67.2555866470001,-154.747755597,0
			67.255577089,-154.748840164,0
			67.3422851570002,-154.749023437,0
			67.378883871,-154.749100813,0
			67.3846161850002,-154.749112932,0
			67.4288940430002,-154.749206543,0
			67.5155868530001,-154.749389649,0
			67.5156658340001,-154.735622554,0
			67.5156823580001,-154.73274238,0
			67.5156860350001,-154.732101441,0
			67.5156860350001,-154.728088379,0
			67.5155944840001,-154.721054077,0
			67.5154800410001,-154.713928223,0
			67.5154807980001,-154.713667323,0
			67.5154890000001,-154.710988,0
			67.5155490000001,-154.690262,0
			67.515686006,-154.690261894,0
			67.5156860350001,-154.690186,0
			67.6022949200001,-154.690186,0
			67.6021118180002,-154.728210449,0
			67.6022949220001,-154.804199218,0
			67.6020355220001,-154.831329346,0
			67.60194397,-154.842285157,0
			67.6019457580002,-154.843069607,0
			67.6019526740002,-154.846106127,0
			67.601959228,-154.848983764,0
			67.6020431520002,-154.879074096,0
			67.6021084330002,-154.898189847,0
			67.602156311,-154.912209815,0
			67.602172851,-154.917053223,0
			67.6884230020001,-154.916687536,0
			67.6884372920001,-154.921396143,0
			67.6884530020001,-154.926629749,0
			67.6884765620001,-154.93447876,0
			67.688537598,-154.954803467,0
			67.6885757450001,-154.97076416,0
			67.6886367800001,-154.992904663,0
			67.6887207040001,-155.02784729,0
			67.6887224720001,-155.028583066,0
			67.6887243070001,-155.029346613,0
			67.688728332,-155.031021119,0
			67.6887351620001,-155.033192865,0
			67.6887358070002,-155.03339799,0
			67.6887359620001,-155.033447265,0
			67.6889038100001,-155.067810058,0
			67.6884765620001,-155.106079101,0
			67.6884765620001,-155.143005371,0
			67.775207519,-155.143341065,0
			67.7752358670001,-155.166284208,0
			67.7752412840001,-155.170667789,0
			67.775253296,-155.180389403,0
			67.775299073,-155.21862793,0
			67.7752999680002,-155.219524859,0
			67.7753036960001,-155.223262477,0
			67.7753295900001,-155.249221801,0
			67.77533456,-155.254200618,0
			67.7753363340001,-155.255978374,0
			67.77533722,-155.256866454,0
			67.77533722,-155.259033203,0
			67.7753665220002,-155.265056702,0
			67.7754106690002,-155.274131787,0
			67.7755126960002,-155.295104981,0
			67.7755126960002,-155.333312989,0
			67.7755128750001,-155.369201661,0
			67.861694012,-155.369201661,0
			67.8618784070001,-155.363995084,0
			67.8619972840001,-155.360632569,0
			67.862121582,-155.357116699,0
			67.8617832320001,-155.339090517,0
			67.8617680100001,-155.338279545,0
			67.8617630000001,-155.338012694,0
			67.8617172250001,-155.334396362,0
			67.8617553720001,-155.332305909,0
			67.8618643630002,-155.325646166,0
			67.8619770000002,-155.318787,0
			67.8621220000001,-155.318787,0
			67.8624570000001,-155.318787,0
			67.9483030080001,-155.318573,0
			67.949065299,-155.318579385,0
			67.999290467,-155.319000243,0
			67.9993104600002,-155.31895226,0
			67.9993199700001,-155.318929436,0
			67.9993290000001,-155.318909,0
			67.9995120000002,-155.05249,0
			67.999695,-154.752197,0
			67.999695,-154.502502,0
			67.999695,-153.853394,0
			67.9995120000002,-153.653076,0
			67.9995120000002,-153.260757,0
			67.9995120000002,-153.260681,0
			67.9995120000002,-153.12793,0
			67.9995120000002,-153.002319,0
			67.999695,-152.987793,0
			67.9995120000002,-152.966003,0
			67.9995120000002,-152.949097,0
			67.9995120000002,-152.927429,0
			67.9995120000002,-152.910522,0
			67.9996720000001,-152.8918,0
			67.9997180000001,-152.888718,0
			67.9997180000001,-152.886292,0
			67.9998780000001,-152.871704,0
			67.999695,-152.851196,0
			67.999695,-152.83429,0
			67.9996840000002,-152.832979,0
			67.9996732990001,-152.831749668,0
			67.9996593760001,-152.830106718,0
			67.9995574950001,-152.818084717,0
			67.999528163,-152.812863503,0
			67.9995271080002,-152.812675543,0
			67.9995270000002,-152.812656473,0
			67.9995270000002,-152.795731,0
			67.9995120000002,-152.793182,0
			67.9995120000002,-152.773987,0
			67.9995120000002,-152.75708,0
			67.9998780000001,-152.735291,0
			67.9997180000001,-152.720688,0
			67.999695,-152.718384,0
			67.999695,-152.714767,0
			67.999695,-152.696594,0
			67.999695,-152.679687,0
			67.9995120000002,-152.65802,0
			67.9995120000002,-152.642212,0
			67.9998780000001,-152.619324,0
			67.9998780000001,-152.603577,0
			67.999695,-152.581787,0
			67.999695,-152.56488,0
			67.9995120000002,-152.543213,0
			67.9995120000002,-152.526306,0
			67.99968,-152.506027,0
			67.999691,-152.505287,0
			67.9996960000001,-152.504957,0
			67.9996987270001,-152.504749716,0
			67.9997024540001,-152.504501343,0
			67.9996974150001,-152.501710012,0
			67.9996970000002,-152.501480604,0
			67.9996970000002,-152.501458,0
			67.999695,-152.500275,0
			67.999695,-152.48761,0
			67.9995120000002,-152.465881,0
			67.9995120000002,-152.448975,0
			67.9998780000001,-152.427185,0
			67.9998780000001,-152.411377,0
			67.999695,-152.388489,0
			67.999695,-152.372803,0
			67.9993290000001,-152.349792,0
			67.9993290000001,-152.334183,0
			67.9993290000001,-152.334106,0
			67.9993290000001,-152.333878,0
			67.999695,-152.312378,0
			67.999695,-152.29541,0
			67.9995120000002,-152.273682,0
			67.9998780000001,-152.256714,0
			67.999695,-152.234985,0
			67.999695,-152.219299,0
			67.9993290000001,-152.196289,0
			67.9998780000001,-152.180603,0
			67.9995350000001,-152.15892,0
			67.9995120000002,-152.157593,0
			67.9995120000002,-152.149796,0
			67.9995120000002,-152.141907,0
			67.9995390000001,-152.138656,0
			67.9995523300001,-152.136979234,0
			67.9995582080001,-152.136265999,0
			67.9996032720001,-152.130798339,0
			67.9997024540001,-152.118927003,0
			67.9996973660001,-152.115437067,0
			67.9996970000002,-152.115186404,0
			67.9996970000002,-152.115162,0
			67.999695,-152.113693,0
			67.999695,-152.10321,0
			67.9995120000002,-152.081482,0
			67.9995120000002,-152.064575,0
			67.999695,-152.042786,0
			67.999695,-152.025879,0
			67.9993670000001,-152.006424,0
			67.9993290000001,-152.004089,0
			67.9993690000001,-152.002894,0
			67.9993740120001,-152.002737462,0
			67.9993823800001,-152.002488268,0
			67.9993972770002,-152.002044678,0
			67.999787032,-151.990884114,0
			67.9998203360001,-151.989930418,0
			67.999869376,-151.988526186,0
			67.9998780000001,-151.988281,0
			67.9995120000002,-151.965393,0
			67.9995120000002,-151.949707,0
			67.999695,-151.926697,0
			67.999695,-151.910889,0
			67.9993290000001,-151.888,0
			67.9998780000001,-151.872192,0
			67.9995120000002,-151.850525,0
			67.9995120000002,-151.834778,0
			67.999695,-151.811829,0
			67.999695,-151.796082,0
			67.999695,-151.775284,0
			67.9996990000002,-151.774754,0
			67.9997026080001,-151.774162881,0
			67.9997053280002,-151.773771227,0
			67.999710084,-151.773086547,0
			67.9997051490001,-151.771636093,0
			67.9997004480001,-151.770254233,0
			67.9996964210001,-151.769070103,0
			67.999695,-151.7686,0
			67.999695,-151.757385,0
			67.9995120000002,-151.734375,0
			67.9998780000001,-151.718628,0
			67.9995120000002,-151.695679,0
			67.9995120000002,-151.679993,0
			67.999695,-151.658203,0
			67.9995120000002,-151.642517,0
			67.999695,-151.619385,0
			67.999695,-151.603699,0
			67.9998780000001,-151.580688,0
			67.999695,-151.565002,0
			67.9993290000001,-151.542114,0
			67.999639,-151.529258,0
			67.9996840000002,-151.5274,0
			67.9997043080001,-151.526545518,0
			67.999710084,-151.526306153,0
			67.999687443,-151.5248843,0
			67.9996794840002,-151.524384491,0
			67.9996740000001,-151.52402,0
			67.9996720000001,-151.523911,0
			67.9995120000002,-151.503296,0
			67.9998780000001,-151.488708,0
			67.9995120000002,-151.4646,0
			67.9995120000002,-151.450012,0
			67.9995120000002,-151.427124,0
			67.9995120000002,-151.411377,0
			67.9995120000002,-151.39006,0
			67.9995120000002,-151.388428,0
			67.9995120000002,-151.3871,0
			67.9995120000002,-151.372681,0
			67.999695,-151.349609,0
			67.9995120000002,-151.333984,0
			67.999695,-151.310913,0
			67.9995120000002,-151.296387,0
			67.999695,-151.272217,0
			67.9995120000002,-151.25769,0
			67.999695,-151.23468,0
			67.9995120000002,-151.218994,0
			67.999695,-151.195923,0
			67.9995120000002,-151.180176,0
			67.999695,-151.157227,0
			67.9995120000002,-151.1427,0
			67.9995120000002,-151.118408,0
			67.9995120000002,-151.104004,0
			67.9995120000002,-151.079712,0
			67.9995120000002,-151.065186,0
			67.9995120000002,-151.042175,0
			67.9993670000001,-151.029892,0
			67.9993290000001,-151.026489,0
			67.9993520000001,-151.023758,0
			67.9995120000002,-151.003479,0
			67.9998780000001,-150.988892,0
			67.9998780000001,-150.9646,0
			67.999802,-150.95848,0
			67.999768,-150.955715,0
			67.9997201650001,-150.951892344,0
			67.999710084,-150.951080323,0
			67.9997024540001,-150.950164795,0
			67.999710084,-150.925933838,0
			67.9997051330001,-150.925151914,0
			67.99970381,-150.924942889,0
			67.9997006820001,-150.924448591,0
			67.9996948240002,-150.923522949,0
			67.9996948240002,-150.911376953,0
			67.9996948240002,-150.888427735,0
			67.9996318060001,-150.882956219,0
			67.999621706,-150.882079299,0
			67.9996200290001,-150.88193369,0
			67.9995651250001,-150.877166747,0
			67.9995596940002,-150.876530229,0
			67.9995580000001,-150.876327,0
			67.9995330000002,-150.873349,0
			67.9995270000002,-150.872696,0
			67.9995350000001,-150.870117,0
			67.999695,-150.849609,0
			67.9995120000002,-150.835083,0
			67.9995120000002,-150.833984,0
			67.9995120000002,-150.810913,0
			67.9995120000002,-150.796387,0
			67.9995120000002,-150.772217,0
			67.99968,-150.758987,0
			67.999695,-150.757507,0
			67.999695,-150.741425,0
			67.9996939660001,-150.740515808,0
			67.9996931640001,-150.739667081,0
			67.9996912070002,-150.737597699,0
			67.999687195,-150.733352661,0
			67.9996032720001,-150.718841553,0
			67.9996057000001,-150.715179125,0
			67.9996070000002,-150.713415,0
			67.9996090000002,-150.710427,0
			67.9996190000002,-150.695831,0
			67.9995120000002,-150.68132,0
			67.9995120000002,-150.681213,0
			67.9995120000002,-150.657104,0
			67.9995120000002,-150.642578,0
			67.9998780000001,-150.618225,0
			67.999695,-150.603699,0
			67.999695,-150.579529,0
			67.9995350000001,-150.566788,0
			67.9995120000002,-150.565002,0
			67.9995120000002,-150.560974,0
			67.9995120000002,-150.54071,0
			67.9995120000002,-150.527405,0
			67.9998780000001,-150.503113,0
			67.999695,-150.488586,0
			67.999695,-150.464417,0
			67.9995120000002,-150.44989,0
			67.9995120000002,-150.425598,0
			67.9998780000001,-150.411011,0
			67.9998550000001,-150.408013,0
			67.9998070000001,-150.401799,0
			67.999778566,-150.398136733,0
			67.9997024540001,-150.388275146,0
			67.99969744,-150.387292674,0
			67.9996970000002,-150.387206554,0
			67.999695,-150.38678,0
			67.999695,-150.38562,0
			67.999695,-150.373413,0
			67.999695,-150.349304,0
			67.9995120000002,-150.334778,0
			67.9998780000001,-150.310486,0
			67.999695,-150.295898,0
			67.999695,-150.271729,0
			67.9995120000002,-150.258423,0
			67.9998780000001,-150.232788,0
			67.999695,-150.219482,0
			67.999695,-150.195313,0
			67.9995120000002,-150.180786,0
			67.9998780000001,-150.156494,0
			67.999695,-150.142029,0
			67.999695,-150.117798,0
			67.9995120000002,-150.104492,0
			67.9998780000001,-150.078918,0
			67.999695,-150.065613,0
			67.9995500000001,-150.046753,0
			67.9995120000002,-150.041382,0
			67.9995120000002,-150.040009,0
			67.9995120000002,-150.026917,0
			67.9995500000001,-150.021934,0
			67.9995821240001,-150.017635371,0
			67.9996154950001,-150.013236176,0
			67.999687195,-150.003784179,0
			67.9996912400001,-150.003104606,0
			67.9996933110002,-150.002756539,0
			67.9996942800001,-150.002593793,0
			67.999695,-150.002502,0
			67.999695,-150.001648,0
			67.999695,-149.989197,0
			67.9995120000002,-149.974609,0
			67.9995120000002,-149.963806,0
			67.9998780000001,-149.950378,0
			67.999695,-149.926086,0
			67.9995120000002,-149.911682,0
			67.9998780000001,-149.887207,0
			67.999695,-149.873901,0
			67.9995120000002,-149.848511,0
			67.9998780000001,-149.835083,0
			67.9995120000002,-149.826721,0
			67.999695,-149.809692,0
			67.9995120000002,-149.796387,0
			67.9998780000001,-149.771912,0
			67.999695,-149.757507,0
			67.9995120000002,-149.733276,0
			67.9998780000001,-149.71991,0
			67.9995500000001,-149.696854,0
			67.9995120000002,-149.694397,0
			67.9995120000002,-149.692993,0
			67.9995120000002,-149.681091,0
			67.999695,-149.655579,0
			67.9995120000002,-149.642212,0
			67.9998780000001,-149.61792,0
			67.9998780000001,-149.608215,0
			67.999695,-149.604675,0
			67.9995120000002,-149.579224,0
			67.999695,-149.565796,0
			67.9995120000002,-149.540405,0
			67.9998780000001,-149.526917,0
			67.999695,-149.502686,0
			67.9995120000002,-149.48938,0
			67.999695,-149.463806,0
			67.9995120000002,-149.4505,0
			67.999695,-149.424988,0
			67.9995120000002,-149.411697,0
			67.999695,-149.386108,0
			67.999695,-149.384277,0
			67.999695,-149.374023,0
			67.9998780000001,-149.348389,0
			67.999695,-149.335083,0
			67.9998780000001,-149.309509,0
			67.999695,-149.296326,0
			67.9995120000002,-149.270813,0
			67.9996720000001,-149.260345,0
			67.999695,-149.258606,0
			67.9996570000001,-149.253235,0
			67.9995120000002,-149.233215,0
			67.9995840000001,-149.227816,0
			67.9995843320001,-149.227791156,0
			67.999664307,-149.221817016,0
			67.9996834310001,-149.220545139,0
			67.9996914450002,-149.220012271,0
			67.9996938460001,-149.219852612,0
			67.999695,-149.219788,0
			67.9996720000001,-149.216141,0
			67.9995120000002,-149.194275,0
			67.99968,-149.181961,0
			67.999695,-149.180908,0
			67.99968,-149.179092,0
			67.9995120000002,-149.155518,0
			67.9998780000001,-149.143188,0
			67.9995120000002,-149.117798,0
			67.9996310000001,-149.109198,0
			67.999646,-149.108111,0
			67.999648339,-149.107930895,0
			67.999649049,-149.10787964,0
			67.9996581660002,-149.107168411,0
			67.9996762710002,-149.105756192,0
			67.999687587,-149.104873551,0
			67.9996948240002,-149.104309082,0
			67.9996836180002,-149.102622548,0
			67.9996729290001,-149.101013769,0
			67.9996713340002,-149.100773701,0
			67.999664307,-149.099716187,0
			67.9995852920002,-149.08897802,0
			67.999549739,-149.084146303,0
			67.9995480000001,-149.083908,0
			67.9995120000002,-149.078979,0
			67.999695,-149.065491,0
			67.9995120000002,-149.0401,0
			67.999695,-149.027893,0
			67.9998780000001,-149.002319,0
			67.999695,-148.989014,0
			67.9998780000001,-148.963379,0
			67.999695,-148.950012,0
			67.999695,-148.929092,0
			67.999695,-148.9245,0
			67.999695,-148.922562,0
			67.999695,-148.912476,0
			67.999695,-148.885681,0
			67.9995120000002,-148.873596,0
			67.999695,-148.848083,0
			67.9995120000002,-148.834717,0
			67.9995120000002,-148.811035,0
			67.9995134930001,-148.81060962,0
			67.9995140970001,-148.810464513,0
			67.999515122,-148.810218591,0
			67.9995193480001,-148.809204102,0
			67.9995651250001,-148.807388306,0
			67.9995778150002,-148.806961794,0
			67.9996230000001,-148.805459,0
			67.9997700000002,-148.800514,0
			67.9998780000001,-148.796875,0
			67.9995120000002,-148.770325,0
			67.9998780000001,-148.757996,0
			67.9998780000001,-148.732483,0
			67.999695,-148.720398,0
			67.999695,-148.704361,0
			67.999695,-148.693604,0
			67.999695,-148.69249,0
			67.999695,-148.68158,0
			67.999695,-148.654785,0
			67.9995120000002,-148.6427,0
			67.9995120000002,-148.617126,0
			67.9998780000001,-148.604797,0
			67.9998780000001,-148.578125,0
			67.999695,-148.565979,0
			67.9998780000001,-148.540405,0
			67.999695,-148.52832,0
			67.999695,-148.501587,0
			67.9995120000002,-148.489502,0
			67.9995120000002,-148.462708,0
			67.999695,-148.4505,0
			67.9998780000001,-148.424805,0
			67.999695,-148.412781,0
			67.999695,-148.385986,0
			67.9998780000001,-148.373779,0
			67.9998780000001,-148.346985,0
			67.999695,-148.3349,0
			67.999695,-148.309387,0
			67.9995120000002,-148.29718,0
			67.9995120000002,-148.270508,0
			67.9998780000001,-148.258179,0
			67.9998550000001,-148.254841,0
			67.999839599,-148.252645743,0
			67.9998093800001,-148.248283591,0
			67.9997024540001,-148.232849121,0
			67.9997024540001,-148.23147583,0
			67.999697242,-148.231006825,0
			67.9996970000002,-148.230985057,0
			67.999695,-148.230789,0
			67.999695,-148.220581,0
			67.9995350000001,-148.19693,0
			67.9995270000002,-148.193817,0
			67.9995730000001,-148.191696,0
			67.9998780000001,-148.18158,0
			67.9998780000001,-148.154785,0
			67.999695,-148.1427,0
			67.999695,-148.117126,0
			67.9998780000001,-148.104797,0
			67.9998780000001,-148.078125,0
			67.999695,-148.065979,0
			67.9995120000002,-148.039185,0
			67.9998780000001,-148.028076,0
			67.9998780000001,-148.001404,0
			67.999695,-147.989319,0
			67.9995120000002,-147.962585,0
			67.9998780000001,-147.951477,0
			67.999695,-147.923523,0
			67.9995120000002,-147.912598,0
			67.9998780000001,-147.885681,0
			67.999695,-147.873596,0
			67.999695,-147.846802,0
			67.9998780000001,-147.835693,0
			67.9998780000001,-147.809021,0
			67.999695,-147.796875,0
			67.9995120000002,-147.770203,0
			67.9998780000001,-147.759094,0
			67.999695,-147.731079,0
			67.9995120000002,-147.720276,0
			67.9998780000001,-147.693298,0
			67.999695,-147.682312,0
			67.9998780000001,-147.654297,0
			67.999695,-147.643311,0
			67.999695,-147.616577,0
			67.9998780000001,-147.60553,0
			67.999695,-147.577576,0
			67.9995120000002,-147.566711,0
			67.9996190000002,-147.55072,0
			67.999695,-147.538513,0
			67.999695,-147.537018,0
			67.999695,-147.527588,0
			67.9998780000001,-147.50061,0
			67.999695,-147.489807,0
			67.9995120000002,-147.461792,0
			67.9998780000001,-147.450806,0
			67.999695,-147.424011,0
			67.999759,-147.420044,0
			67.999764247,-147.419713078,0
			67.9997864150001,-147.418340605,0
			67.999870301,-147.413146973,0
			67.9998763800001,-147.413001085,0
			67.99987708,-147.412984261,0
			67.9998780000001,-147.41297,0
			67.999695,-147.38501,0
			67.9995120000002,-147.374084,0
			67.9998780000001,-147.347107,0
			67.999695,-147.336304,0
			67.9998780000001,-147.308105,0
			67.999695,-147.297302,0
			67.9998780000001,-147.269104,0
			67.999695,-147.259399,0
			67.9998780000001,-147.231323,0
			67.999695,-147.220398,0
			67.9995120000002,-147.192383,0
			67.999695,-147.181396,0
			67.9995120000002,-147.154602,0
			67.9998780000001,-147.143494,0
			67.9995120000002,-147.115601,0
			67.9998780000001,-147.105591,0
			67.9995120000002,-147.077744,0
			67.9995140000001,-147.077689,0
			67.9995145820002,-147.077663375,0
			67.9995152460001,-147.077644797,0
			67.9995193480001,-147.077529907,0
			67.9998254750001,-147.068189767,0
			67.9998780000001,-147.066589001,0
			67.9995120000002,-147.038696001,0
			67.9996954720001,-147.033127664,0
			67.9998780000001,-147.027587999,0
			67.9995120000002,-147.000961,0
			67.9996945230001,-146.99539853,0
			67.9998780000001,-146.989807,0
			67.9995120000002,-146.961792001,0
			67.9998780000001,-146.959290001,0
			67.9998548700001,-146.958214988,0
			67.9998453730001,-146.957772435,0
			67.9998193540002,-146.956559933,0
			67.999725342,-146.952178955,0
			67.9997211970002,-146.951407943,0
			67.9997205290001,-146.95128368,0
			67.999719779,-146.951144127,0
			67.9997177120001,-146.950759889,0
			67.9997006250001,-146.949114692,0
			67.9996950950001,-146.948582205,0
			67.9996920400001,-146.948288107,0
			67.999664307,-146.945617675,0
			67.9996244890002,-146.939660814,0
			67.9995977910001,-146.935666742,0
			67.9995840000001,-146.933594001,0
			67.999512558,-146.922874744,0
			67.9995120000002,-146.922791001,0
			67.9998780000001,-146.912902999,0
			67.9998780000001,-146.884826999,0
			67.999695,-146.873901,0
			67.9998780000001,-146.845703,0
			67.999695,-146.835999,0
			67.9998780000001,-146.807922,0
			67.999695,-146.796997,0
			67.999695,-146.768921,0
			67.9996591250002,-146.767058609,0
			67.9996032720001,-146.764144897,0
			67.9995861190002,-146.763221554,0
			67.9995799380001,-146.762888795,0
			67.999558565,-146.761738248,0
			67.9995173290002,-146.759504616,0
			67.999512054,-146.75921888,0
			67.9995282860001,-146.756681532,0
			67.9995574950001,-146.752212525,0
			67.9996134710001,-146.743598481,0
			67.9996590010002,-146.736653,0
			67.9996600830001,-146.736485466,0
			67.9996949670001,-146.731084117,0
			67.9995120000002,-146.720093,0
			67.9995120000002,-146.697158999,0
			67.9995120000002,-146.692078,0
			67.9995129340001,-146.692052034,0
			67.9995869590001,-146.689992148,0
			67.999595227,-146.689761694,0
			67.99962616,-146.688903808,0
			67.9996636380001,-146.687895291,0
			67.999671,-146.687698,0
			67.9997960000001,-146.684345,0
			67.9998780000001,-146.682129,0
			67.9995120000002,-146.654175,0
			67.9998780000001,-146.644287,0
			67.9998780000001,-146.61499,0
			67.999695,-146.605286,0
			67.9998780000001,-146.577087,0
			67.999695,-146.567383,0
			67.999695,-146.538086,0
			67.9995120000002,-146.528381,0
			67.9995120000002,-146.508316,0
			67.9995120000002,-146.500305,0
			67.9995580000001,-146.499055,0
			67.999571861,-146.498671292,0
			67.9995801590001,-146.498445878,0
			67.9996032720001,-146.497817994,0
			67.999832154,-146.490371705,0
			67.9998230980001,-146.47297784,0
			67.9998170000002,-146.46106,0
			67.999712,-146.454018,0
			67.9996720000001,-146.45134,0
			67.9997330000002,-146.423217999,0
			67.9996970000002,-146.421032,0
			67.9995730530002,-146.413516218,0
			67.9995505830001,-146.384930366,0
			67.9995500000001,-146.384186,0
			67.9995540100001,-146.384049091,0
			67.9998400010001,-146.374283001,0
			67.9998780000001,-146.354202001,0
			67.9998820810001,-146.352019039,0
			67.9998931880001,-146.346176148,0
			67.999882391,-146.345517533,0
			67.9998780000001,-146.345245006,0
			67.9998780000001,-146.336486999,0
			67.9998546640001,-146.332788567,0
			67.9998216230001,-146.327536424,0
			67.9997903180001,-146.322560357,0
			67.9997024540001,-146.30859375,0
			67.9997024540001,-146.307144165,0
			67.9996325050001,-146.303275714,0
			67.999622,-146.302691,0
			67.9995330000002,-146.297745,0
			67.9995270000002,-146.29744,0
			67.9995350000001,-146.294296,0
			67.999695,-146.269287,0
			67.9998780000001,-146.259399,0
			67.9998780000001,-146.230103,0
			67.999695,-146.220398,0
			67.999695,-146.1922,0
			67.9995120000002,-146.182495,0
			67.9995120000002,-146.153198,0
			67.9995850000002,-146.149203,0
			67.9996019100001,-146.148264759,0
			67.9996202530002,-146.147261374,0
			67.999664307,-146.144851685,0
			67.999710084,-146.143310547,0
			67.9997101690001,-146.142995931,0
			67.9997105890002,-146.141451922,0
			67.9997119990001,-146.136987,0
			67.9997179750001,-146.115262748,0
			67.9997180000001,-146.115176451,0
			67.999695,-146.113906999,0
			67.999695,-146.105408001,0
			67.9995120000002,-146.076111,0
			67.9998780000001,-146.067383,0
			67.9998780000001,-146.038086,0
			67.999695,-146.028380999,0
			67.9996281640002,-146.017681154,0
			67.99951278,-145.999209109,0
			67.9995120030001,-145.999084497,0
			68.0047362750001,-145.999568228,0
			68.0055684150001,-145.999645278,0
			68.0059152850002,-145.999677396,0
			68.0061035160001,-145.999694825,0
			68.0297808600001,-145.999527965,0
			68.032037069,-145.999512065,0
			68.0341702870002,-145.999497032,0
			68.0927124020001,-145.999084472,0
			68.1072489970002,-145.999183697,0
			68.1081679510002,-145.99918997,0
			68.1142976800001,-145.999231812,0
			68.121772766,-145.999282836,0
			68.1417387660001,-145.999414833,0
			68.1500949410002,-145.999470077,0
			68.154937562,-145.999502093,0
			68.1794738780001,-145.999664306,0
			68.2367172250001,-145.99937439,0
			68.2500716730001,-145.999297014,0
			68.2500877960002,-145.999296921,0
			68.2504698400002,-145.999294708,0
			68.2656860350002,-145.999206542,0
			68.4388809210001,-145.999328613,0
			68.4389419560001,-145.988128663,0
			68.4390869150001,-145.946899414,0
			68.4390869150001,-145.931793213,0
			68.4390869150001,-145.908386231,0
			68.4392367420002,-145.876722516,0
			68.4392677660001,-145.870166,0
			68.4392698520001,-145.869725261,0
			68.4392700190002,-145.869689941,0
			68.4392640820001,-145.868441073,0
			68.4392360000001,-145.862515,0
			68.439087,-145.831177,0
			68.439087,-145.799667,0
			68.4390919990002,-145.798299,0
			68.439097384,-145.796782934,0
			68.439117432,-145.791259765,0
			68.4393310540001,-145.752548219,0
			68.4393090950001,-145.749878951,0
			68.4391940010001,-145.735855,0
			68.4391938550001,-145.735823482,0
			68.4391310000001,-145.722205,0
			68.439087,-145.712830001,0
			68.4392360000001,-145.681273,0
			68.439267292,-145.674589443,0
			68.4392700190002,-145.674011231,0
			68.439253221,-145.67225146,0
			68.4392028490001,-145.666974634,0
			68.4391340000002,-145.659731,0
			68.438988,-145.64444,0
			68.438904,-145.63562,0
			68.439087,-145.596802,0
			68.4391330000001,-145.587524,0
			68.439194,-145.556961,0
			68.439265,-145.539824,0
			68.4392700000001,-145.538603,0
			68.4392700000001,-145.53853305,0
			68.4392700190002,-145.518188477,0
			68.4392698210002,-145.518144973,0
			68.4392656400001,-145.517229349,0
			68.4392101780001,-145.505036605,0
			68.4391941050001,-145.501503045,0
			68.4391940010001,-145.50148,0
			68.4391304900001,-145.487849815,0
			68.439087,-145.478516089,0
			68.439087,-145.446274,0
			68.439087,-145.439819,0
			68.4390870660001,-145.439805133,0
			68.439101001,-145.436898001,0
			68.4391011370001,-145.436868994,0
			68.439128,-145.431185,0
			68.439142782,-145.428022007,0
			68.439178467,-145.420486451,0
			68.4392700190002,-145.401123047,0
			68.439269788,-145.401097956,0
			68.439265,-145.400533,0
			68.4392380000001,-145.397639,0
			68.438904,-145.361389,0
			68.439087,-145.322693,0
			68.439087,-145.283997,0
			68.439087,-145.244019,0
			68.439087,-145.240829,0
			68.439171,-145.205338,0
			68.4392320000001,-145.174927,0
			68.4392340000001,-145.174017,0
			68.4392365150001,-145.172395783,0
			68.4392394530001,-145.170794378,0
			68.4392471310001,-145.166610717,0
			68.4392700190002,-145.156051635,0
			68.4393310540001,-145.127899171,0
			68.439240129,-145.120047686,0
			68.4390264970001,-145.101589875,0
			68.4390260000001,-145.101546999,0
			68.4389649970001,-145.094871215,0
			68.438904,-145.088196,0
			68.438904,-145.062377999,0
			68.4389040270001,-145.062354453,0
			68.4389150910001,-145.052832201,0
			68.4389190680002,-145.049468993,0
			68.4389150950001,-145.045313305,0
			68.4389040250001,-145.033535931,0
			68.438904,-145.033508,0
			68.438904,-145.009583,0
			68.438904,-144.990173,0
			68.4389151370001,-144.980797972,0
			68.4389270000001,-144.97081,0
			68.4389303690002,-144.968011725,0
			68.438934326,-144.964996337,0
			68.4390552140001,-144.938860724,0
			68.43908028,-144.933455789,0
			68.4390869450001,-144.932018667,0
			68.439087,-144.932006999,0
			68.439087,-144.893311,0
			68.438904,-144.853454999,0
			68.438904,-144.814696999,0
			68.4389043730001,-144.81465599,0
			68.4392352040001,-144.778298997,0
			68.4392700190002,-144.774475097,0
			68.4392700190002,-144.755187988,0
			68.4392700190002,-144.69708252,0
			68.4392700190002,-144.619689942,0
			68.439236175,-144.612300653,0
			68.4390873020001,-144.579778278,0
			68.439087,-144.579712,0
			68.439087,-144.541016,0
			68.438904,-144.501098999,0
			68.439087,-144.482314999,0
			68.4391256,-144.479212818,0
			68.4392094900001,-144.47248545,0
			68.4392210580001,-144.471557796,0
			68.439323426,-144.463348388,0
			68.4392454550001,-144.445611552,0
			68.4391680000002,-144.427896,0
			68.4391480000001,-144.423431,0
			68.439087,-144.398651,0
			68.439087,-144.346007999,0
			68.4390871450001,-144.345976157,0
			68.4392353710002,-144.313397145,0
			68.4392700190002,-144.305786132,0
			68.4391250620002,-144.275650025,0
			68.439102174,-144.267105102,0
			68.43909999,-144.266366962,0
			68.4390956550001,-144.264901926,0
			68.439091901,-144.263633287,0
			68.439087,-144.261948,0
			68.4390230590002,-144.24027676,0
			68.438988,-144.228394,0
			68.4390571510002,-144.222515074,0
			68.4392388030001,-144.207071681,0
			68.4392399990002,-144.20697,0
			68.4392688880002,-144.200828434,0
			68.4392698500001,-144.200627207,0
			68.4392700000001,-144.200595995,0
			68.4392700190002,-144.18939209,0
			68.439237006,-144.182415213,0
			68.43920117,-144.174837556,0
			68.4390980000001,-144.153019,0
			68.439087,-144.150696,0
			68.438904,-144.110779,0
			68.4389314180002,-144.107772262,0
			68.439011001,-144.099045,0
			68.4390117730001,-144.098963762,0
			68.4392560000002,-144.073272999,0
			68.4392686440002,-144.071921832,0
			68.4392699410002,-144.071785502,0
			68.4392391470001,-144.06525295,0
			68.4390873750002,-144.033160214,0
			68.439087,-144.033081001,0
			68.4389955000001,-144.013733,0
			68.438904,-143.994385,0
			68.438995503,-143.976837001,0
			68.439087,-143.95929,0
			68.4390870310002,-143.957091309,0
			68.4391071100001,-143.956648,0
			68.439163209,-143.955413819,0
			68.4389572140001,-143.927001953,0
			68.438929059,-143.920888237,0
			68.438904096,-143.915425858,0
			68.438904,-143.915404999,0
			68.4389533970001,-143.905388547,0
			68.4389801030002,-143.899993897,0
			68.4390382230002,-143.887224216,0
			68.4390743720001,-143.879295739,0
			68.4390869210001,-143.87654327,0
			68.439087,-143.876526,0
			68.438904,-143.837708,0
			68.438954,-143.827025,0
			68.4389660000002,-143.824461,0
			68.4389711390002,-143.823352804,0
			68.4389801030002,-143.821441651,0
			68.4389950570002,-143.818104876,0
			68.439002049,-143.816544597,0
			68.4390387020001,-143.808365473,0
			68.4390869150001,-143.797607422,0
			68.4390728980001,-143.794701169,0
			68.4390697470001,-143.794048032,0
			68.4390690240002,-143.793898078,0
			68.4389953610002,-143.778625488,0
			68.4389580000002,-143.768554715,0
			68.4389270000001,-143.760117,0
			68.4389271530001,-143.760091781,0
			68.4390680010002,-143.73687,0
			68.439117074,-143.728747586,0
			68.439163209,-143.721145629,0
			68.4392700190002,-143.680969239,0
			68.4390182500001,-143.642242432,0
			68.439196484,-143.605839852,0
			68.4392027130001,-143.604567555,0
			68.4392085480001,-143.603375887,0
			68.4392089840002,-143.603286744,0
			68.4392375260001,-143.589622345,0
			68.4392687340002,-143.574681472,0
			68.4392699320001,-143.574107825,0
			68.4392700190002,-143.574066162,0
			68.4392700190002,-143.563110351,0
			68.4392680740001,-143.562711118,0
			68.439239,-143.556686999,0
			68.4391629940001,-143.541098671,0
			68.439087,-143.525513,0
			68.4392360000001,-143.49384,0
			68.4392683140001,-143.48687452,0
			68.4392700190002,-143.486511231,0
			68.4392403920001,-143.483314072,0
			68.438904198,-143.447012369,0
			68.438904,-143.446991,0
			68.438904,-143.446732,0
			68.438904,-143.446518,0
			68.438904316,-143.446450696,0
			68.4392342380002,-143.376315542,0
			68.4392700190002,-143.368713379,0
			68.4392700190002,-143.32861328,0
			68.439238171,-143.322084323,0
			68.4390873240001,-143.291143649,0
			68.439087,-143.291077,0
			68.439087,-143.259445001,0
			68.4391047920001,-143.253790956,0
			68.43911,-143.252135999,0
			68.4391122040002,-143.239485407,0
			68.439117432,-143.211975097,0
			68.439126967,-143.20841308,0
			68.4391298690001,-143.207328791,0
			68.4391367610002,-143.204753963,0
			68.4391559990001,-143.197723,0
			68.4392655460001,-143.173882439,0
			68.4392698520001,-143.172948703,0
			68.4392700000001,-143.172916705,0
			68.43951416,-143.094909669,0
			68.439486372,-143.092392882,0
			68.4394400000001,-143.088168,0
			68.4392380000001,-143.069857,0
			68.439087,-143.056212999,0
			68.439087,-143.017395,0
			68.439087,-143.005386,0
			68.439087,-142.939392,0
			68.439087,-142.899109,0
			68.439087,-142.860291001,0
			68.4392090000002,-142.835083001,0
			68.43920906,-142.835070351,0
			68.4392382140001,-142.829061635,0
			68.4392700190002,-142.822509765,0
			68.439224244,-142.813201904,0
			68.4391653520001,-142.799944826,0
			68.439136546,-142.793460135,0
			68.4391220000001,-142.790145,0
			68.439087,-142.782288,0
			68.439087,-142.743286,0
			68.439087,-142.704407,0
			68.439087,-142.665405,0
			68.439087,-142.626404,0
			68.439087,-142.587479,0
			68.439087,-142.587402,0
			68.439087,-142.548523,0
			68.439087,-142.509521,0
			68.4392300000001,-142.496403,0
			68.4393326020001,-142.486953325,0
			68.4394092050001,-142.479916779,0
			68.43951416,-142.470275879,0
			68.4392700190002,-142.430114747,0
			68.4392693890001,-142.429982282,0
			68.439266099,-142.429290093,0
			68.4392648520002,-142.429027757,0
			68.439239172,-142.423603361,0
			68.439194258,-142.414116247,0
			68.4391940010001,-142.414061999,0
			68.4391936260001,-142.413981526,0
			68.43913,-142.400299,0
			68.4390870010001,-142.391113251,0
			68.439087,-142.35321,0
			68.439087,-142.317627,0
			68.439087,-142.314391999,0
			68.4389954920001,-142.294248783,0
			68.438904,-142.274109001,0
			68.438905263,-142.273973964,0
			68.439232055,-142.239041158,0
			68.4392700190002,-142.234985351,0
			68.4391250620002,-142.204635619,0
			68.439102174,-142.195999146,0
			68.4390960420001,-142.194159683,0
			68.4390920910002,-142.192940343,0
			68.4390919990002,-142.192912,0
			68.439087,-142.191422,0
			68.439087,-142.156982001,0
			68.4392264640001,-142.144542528,0
			68.43951416,-142.118896484,0
			68.4392700190002,-142.080017089,0
			68.4392371650001,-142.072800006,0
			68.4391842400001,-142.061174089,0
			68.439137857,-142.050985348,0
			68.4390869150001,-142.039794922,0
			68.4392547610001,-142.003372193,0
			68.4392776490001,-142.000595093,0
			68.4391599850001,-141.974463286,0
			68.4391579030001,-141.974000899,0
			68.4391550230001,-141.973361099,0
			68.439102174,-141.961624146,0
			68.4391250620002,-141.957824706,0
			68.43951416,-141.922302246,0
			68.4395050140002,-141.920906734,0
			68.4394836320002,-141.917644363,0
			68.4394600650001,-141.91402976,0
			68.4393804930001,-141.901863459,0
			68.4393009990001,-141.889709,0
			68.4392979210002,-141.889200188,0
			68.439271386,-141.884812353,0
			68.4392700190002,-141.884582519,0
			68.4392683890001,-141.88423893,0
			68.4392340000001,-141.876895,0
			68.439087,-141.845993,0
			68.439087,-141.845627,0
			68.439087,-141.845184,0
			68.4392380000001,-141.812242,0
			68.4392682880001,-141.805553866,0
			68.4392700190002,-141.805175781,0
			68.439268143,-141.804775373,0
			68.439236001,-141.797844228,0
			68.4391615000002,-141.7819785,0
			68.439087,-141.766112999,0
			68.4390955490001,-141.764285087,0
			68.439236269,-141.734201162,0
			68.439238007,-141.733829692,0
			68.4392700190002,-141.726989747,0
			68.4392354300001,-141.719622225,0
			68.4390871250001,-141.688014742,0
			68.439087,-141.687988001,0
			68.4391330010002,-141.678237999,0
			68.4391331320001,-141.678209939,0
			68.4391727010001,-141.669722546,0
			68.4391828190001,-141.667568073,0
			68.4391860970002,-141.666870117,0
			68.4393310540001,-141.649932861,0
			68.4392351350001,-141.634693632,0
			68.4390873930001,-141.611207378,0
			68.439087,-141.611145,0
			68.439087,-141.610930995,0
			68.439091408,-141.609986471,0
			68.4392340140001,-141.5794276,0
			68.4392700190002,-141.571716308,0
			68.439224244,-141.561935425,0
			68.4391224610001,-141.540323503,0
			68.4390870270001,-141.53278189,0
			68.439087,-141.49231,0
			68.4392380000001,-141.459924,0
			68.4392675030002,-141.453543135,0
			68.4392699270002,-141.453022579,0
			68.4392700190002,-141.45300293,0
			68.4392699370002,-141.452985992,0
			68.4392687150001,-141.452734319,0
			68.439237,-141.446102001,0
			68.439087,-141.415283001,0
			68.4390980000001,-141.410425138,0
			68.4391090000001,-141.405566999,0
			68.4391155480001,-141.402661564,0
			68.4391239160001,-141.398973197,0
			68.4391250620002,-141.398468017,0
			68.4392700190002,-141.336608886,0
			68.4392699620001,-141.33659711,0
			68.439268505,-141.336296698,0
			68.439265,-141.335565,0
			68.4391560000001,-141.313019,0
			68.439087,-141.297729,0
			68.439087,-141.281601,0
			68.4390885790001,-141.281120692,0
			68.4391087860001,-141.274978454,0
			68.4391090060001,-141.274911564,0
			68.439163209,-141.258499146,0
			68.4392700190002,-141.219223023,0
			68.4392700190002,-141.219146729,0
			68.43951416,-141.179809571,0
			68.4394312500001,-141.172241115,0
			68.4392340000001,-141.154199,0
			68.439087,-141.140808,0
			68.439087,-141.115982,0
			68.439087,-141.101685001,0
			68.4390983920001,-141.099264708,0
			68.43914032,-141.090423583,0
			68.4391690710002,-141.075374039,0
			68.439174151,-141.072715301,0
			68.439181122,-141.069066392,0
			68.4391937250001,-141.062469483,0
			68.4392299240001,-141.035868023,0
			68.4392312820001,-141.034870249,0
			68.4392362790001,-141.0311975,0
			68.4392471310001,-141.023223876,0
			68.4392700020001,-141.003006,0
		</coordinates>
	</polygon>
</kml>
