<?xml version="1.0" encoding="UTF-8"?>
<kml xmlns="http://earth.google.com/kml/2.2">
	<polygon id="USA_VA_Northampton" samplingProbability="1">
		<coordinates>
			37.52935,-75.7910689999999,0
			37.5289190000001,-75.7916719999999,0
			37.5271610000001,-75.793503,0
			37.5244600000001,-75.7942199999998,0
			37.5231210000002,-75.794868,0
			37.5226820000001,-75.795471,0
			37.5218090000001,-75.796677,0
			37.5213810000001,-75.7972719999999,0
			37.5201110000002,-75.8002399999999,0
			37.5196910000002,-75.8014219999999,0
			37.51696,-75.8009799999999,0
			37.5165210000001,-75.8015819999999,0
			37.5161020000001,-75.802757,0
			37.5162200000001,-75.8068159999999,0
			37.516239,-75.8073959999999,0
			37.51535,-75.8080289999999,0
			37.511219,-75.8064879999999,0
			37.5094110000002,-75.8065799999999,0
			37.5075990000001,-75.8066709999999,0
			37.5061910000002,-75.8049999999999,0
			37.5073510000001,-75.798553,0
			37.5063400000001,-75.7951199999999,0
			37.5044400000001,-75.792313,0
			37.5032390000002,-75.7976,0
			37.4896390000001,-75.7976989999999,0
			37.4835590000001,-75.806709,0
			37.4822690000001,-75.80909,0
			37.4805300000001,-75.811501,0
			37.4778900000002,-75.813957,0
			37.4747090000002,-75.8141099999999,0
			37.4744070000001,-75.8139039999999,0
			37.473331,-75.8138889999999,0
			37.4730570000001,-75.813614,0
			37.4727780000001,-75.813614,0
			37.4725,-75.8133319999999,0
			37.472221,-75.8133319999999,0
			37.4719430000001,-75.8130569999999,0
			37.47139,-75.8130569999999,0
			37.4711110000001,-75.8127749999999,0
			37.4702760000001,-75.8127749999999,0
			37.470001,-75.8124999999999,0
			37.4694440000001,-75.8124999999999,0
			37.469322,-75.812378,0
			37.469166,-75.8122249999999,0
			37.4686130000001,-75.8122249999999,0
			37.4683340000001,-75.8119429999999,0
			37.468056,-75.8119429999999,0
			37.4677770000001,-75.8116679999999,0
			37.4674990000001,-75.8116679999999,0
			37.4663890000002,-75.8105549999999,0
			37.4658320000001,-75.8105549999999,0
			37.465557,-75.8102799999999,0
			37.4641690000001,-75.8102799999999,0
			37.4638900000002,-75.8105549999999,0
			37.4630550000002,-75.8105549999999,0
			37.4627760000002,-75.8108369999998,0
			37.4622230000001,-75.8108369999998,0
			37.4616660000002,-75.8102799999999,0
			37.4611130000001,-75.8102799999999,0
			37.4608350000001,-75.8105549999999,0
			37.4605560000002,-75.8108369999998,0
			37.4605560000002,-75.8111109999999,0
			37.4602780000001,-75.811386,0
			37.4602780000001,-75.8127749999999,0
			37.4597210000002,-75.8133319999999,0
			37.4597210000002,-75.814163,0
			37.4591670000001,-75.8147199999999,0
			37.4591670000001,-75.8150019999998,0
			37.4588890000001,-75.8152769999999,0
			37.4588890000001,-75.8158339999999,0
			37.4586110000002,-75.8161089999999,0
			37.4586110000002,-75.8163909999999,0
			37.4583320000002,-75.8166659999999,0
			37.4572220000002,-75.81778,0
			37.4569440000001,-75.81778,0
			37.4563900000001,-75.818336,0
			37.4558330000002,-75.818336,0
			37.4555550000001,-75.818611,0
			37.4552760000001,-75.818336,0
			37.4550020000001,-75.8180539999999,0
			37.4547230000002,-75.8180539999999,0
			37.4533350000001,-75.8166659999999,0
			37.4533350000001,-75.8163909999999,0
			37.4527780000002,-75.8158339999999,0
			37.452499,-75.8158339999999,0
			37.4519460000001,-75.8163909999999,0
			37.4519460000001,-75.816948,0
			37.4522210000001,-75.8172229999999,0
			37.4522210000001,-75.8180539999999,0
			37.4519460000001,-75.818336,0
			37.4516680000002,-75.818336,0
			37.4513890000002,-75.818611,0
			37.4511110000001,-75.818611,0
			37.4506840000001,-75.8181839999999,0
			37.4505540000002,-75.8180539999999,0
			37.4505540000002,-75.81778,0
			37.4497220000001,-75.816948,0
			37.449165,-75.816948,0
			37.445835,-75.813614,0
			37.445835,-75.8130569999999,0
			37.4452780000001,-75.8124999999999,0
			37.4452780000001,-75.8122789999999,0
			37.4452780000001,-75.8116679999999,0
			37.445,-75.811386,0
			37.445,-75.8108369999998,0
			37.4447210000002,-75.8105549999999,0
			37.4447210000002,-75.8102799999999,0
			37.4444430000001,-75.809998,0
			37.4441680000001,-75.8097229999999,0
			37.4430540000001,-75.8097229999999,0
			37.44278,-75.809448,0
			37.4422230000001,-75.809448,0
			37.4416660000001,-75.8088909999999,0
			37.441387,-75.8088909999999,0
			37.4411130000001,-75.8086089999999,0
			37.4408340000001,-75.8086089999999,0
			37.4408340000001,-75.8088909999999,0
			37.4405560000002,-75.8091659999999,0
			37.4405560000002,-75.8097229999999,0
			37.4408340000001,-75.809998,0
			37.4408340000001,-75.8116679999999,0
			37.4405560000002,-75.8119429999999,0
			37.4399990000001,-75.8119429999999,0
			37.4397240000001,-75.8122249999999,0
			37.4391670000001,-75.8122249999999,0
			37.4386100000002,-75.8127749999999,0
			37.4383320000001,-75.8127749999999,0
			37.4380570000002,-75.8130569999999,0
			37.437778,-75.8130569999999,0
			37.4375000000001,-75.8133319999999,0
			37.4363900000001,-75.8144449999999,0
			37.4358330000001,-75.8150019999998,0
			37.4355550000001,-75.8152769999999,0
			37.4352760000002,-75.8152769999999,0
			37.4350010000001,-75.8155519999999,0
			37.434723,-75.8155519999999,0
			37.434444,-75.8158339999999,0
			37.4333340000001,-75.816948,0
			37.4327770000002,-75.816948,0
			37.4324990000001,-75.8172229999999,0
			37.4319460000002,-75.8172229999999,0
			37.431389,-75.81778,0
			37.43111,-75.81778,0
			37.4305570000001,-75.818336,0
			37.43111,-75.8188859999999,0
			37.43111,-75.8191679999999,0
			37.431389,-75.8194429999999,0
			37.43111,-75.8197479999999,0
			37.4305610000001,-75.8197779999999,0
			37.4294430000002,-75.8208309999999,0
			37.4294430000002,-75.821114,0
			37.4291650000001,-75.8213879999999,0
			37.42889,-75.8213879999999,0
			37.4286120000002,-75.821114,0
			37.4283330000001,-75.821114,0
			37.4280550000001,-75.8208309999999,0
			37.4277760000001,-75.8205569999999,0
			37.4272230000001,-75.8205569999999,0
			37.42664,-75.8199769999999,0
			37.4263880000001,-75.8197249999999,0
			37.4255560000001,-75.8197249999999,0
			37.4252780000002,-75.8194429999999,0
			37.4247210000001,-75.8194429999999,0
			37.424446,-75.8197249999999,0
			37.4233320000001,-75.8197249999999,0
			37.4227790000002,-75.8191679999999,0
			37.4219440000002,-75.8191679999999,0
			37.4213910000001,-75.818611,0
			37.4208340000002,-75.8180539999999,0
			37.4194450000002,-75.8180539999999,0
			37.4194450000002,-75.8174969999999,0
			37.4188880000001,-75.816948,0
			37.4188880000001,-75.8147199999999,0
			37.4191670000001,-75.8144449999999,0
			37.4191670000001,-75.814163,0
			37.4194450000002,-75.8138889999999,0
			37.4194450000002,-75.8122249999999,0
			37.4197240000001,-75.8119429999999,0
			37.4197240000001,-75.8111109999999,0
			37.4194450000002,-75.8108369999998,0
			37.4191670000001,-75.8105549999999,0
			37.4188880000001,-75.8102799999999,0
			37.4186100000002,-75.8102799999999,0
			37.4183350000002,-75.809998,0
			37.417221,-75.809998,0
			37.4161110000002,-75.8088909999999,0
			37.4161110000002,-75.8086089999999,0
			37.4152790000001,-75.8077769999999,0
			37.4130550000001,-75.8055569999999,0
			37.4130550000001,-75.8052749999999,0
			37.4127770000002,-75.8049999999999,0
			37.4127770000002,-75.8044429999999,0
			37.412498,-75.8041689999999,0
			37.412498,-75.803886,0
			37.4122240000001,-75.8036119999999,0
			37.4122240000001,-75.803055,0
			37.4119450000001,-75.8027799999999,0
			37.4119450000001,-75.8019409999999,0
			37.4116670000002,-75.801666,0
			37.4116670000002,-75.8011089999999,0
			37.411388,-75.8008349999999,0
			37.4100000000001,-75.7994459999999,0
			37.4100000000001,-75.799164,0
			37.4097210000001,-75.798889,0
			37.4097210000001,-75.798332,0
			37.4094430000002,-75.798058,0
			37.4094430000002,-75.7961119999999,0
			37.4097210000001,-75.79583,0
			37.4094430000002,-75.795555,0
			37.4088900000001,-75.794998,0
			37.4086110000001,-75.794998,0
			37.407223,-75.7936099999999,0
			37.4066660000001,-75.7936099999999,0
			37.405697,-75.7926409999999,0
			37.4055560000001,-75.792503,0
			37.4055560000001,-75.791664,0
			37.4052770000001,-75.791389,0
			37.4052770000001,-75.7911149999999,0
			37.404999,-75.790833,0
			37.404724,-75.790558,0
			37.4044460000001,-75.7902759999999,0
			37.4030570000001,-75.7902759999999,0
			37.4025,-75.790833,0
			37.4025,-75.7919459999999,0
			37.4027790000002,-75.792221,0
			37.4027790000002,-75.792503,0
			37.4030570000001,-75.7927779999999,0
			37.4030570000001,-75.793053,0
			37.4019430000001,-75.793053,0
			37.40139,-75.7936099999999,0
			37.4011120000001,-75.7936099999999,0
			37.399445,-75.7952799999999,0
			37.399445,-75.795555,0
			37.399166,-75.79583,0
			37.399166,-75.796387,0
			37.3988880000001,-75.796669,0
			37.3988880000001,-75.7972259999999,0
			37.3986130000001,-75.797501,0
			37.3986130000001,-75.7977749999999,0
			37.398335,-75.798058,0
			37.398335,-75.7986149999999,0
			37.3980560000001,-75.798889,0
			37.3980560000001,-75.8002779999999,0
			37.3977780000001,-75.800552,0
			37.3974990000002,-75.8008349999999,0
			37.3974990000002,-75.8013919999999,0
			37.3980560000001,-75.8019409999999,0
			37.3980560000001,-75.803886,0
			37.3977780000001,-75.8041689999999,0
			37.3977780000001,-75.8047259999999,0
			37.3980560000001,-75.8049999999999,0
			37.3977780000001,-75.8052749999999,0
			37.3980560000001,-75.8055569999999,0
			37.3980560000001,-75.80722,0
			37.398335,-75.8075029999999,0
			37.398335,-75.809448,0
			37.3980560000001,-75.8097229999999,0
			37.3980560000001,-75.810951,0
			37.3980560000001,-75.8111109999999,0
			37.3977780000001,-75.811386,0
			37.3977780000001,-75.8122249999999,0
			37.3974990000002,-75.8124999999999,0
			37.3974990000002,-75.8133319999999,0
			37.3972210000001,-75.813614,0
			37.3972210000001,-75.8138889999999,0
			37.3974990000002,-75.814163,0
			37.3974990000002,-75.8152769999999,0
			37.3977780000001,-75.8155519999999,0
			37.3977780000001,-75.8166659999999,0
			37.3980560000001,-75.816948,0
			37.3980560000001,-75.8172229999999,0
			37.398335,-75.8174969999999,0
			37.398335,-75.8180539999999,0
			37.3980560000001,-75.818336,0
			37.3980560000001,-75.818611,0
			37.3977780000001,-75.8188859999999,0
			37.3974990000002,-75.8188859999999,0
			37.3972210000001,-75.818611,0
			37.3972210000001,-75.818336,0
			37.396946,-75.8180539999999,0
			37.396946,-75.8174969999999,0
			37.3968160000001,-75.817368,0
			37.3967210000001,-75.817169,0
			37.396946,-75.816948,0
			37.396946,-75.8166659999999,0
			37.3966290000001,-75.8163989999999,0
			37.396667,-75.8155519999999,0
			37.3964580000002,-75.8153459999999,0
			37.396111,-75.8150019999998,0
			37.396111,-75.8144449999999,0
			37.3955570000001,-75.8138889999999,0
			37.3955570000001,-75.8130569999999,0
			37.3950000000002,-75.8124999999999,0
			37.3950000000002,-75.8119429999999,0
			37.3941650000002,-75.8111109999999,0
			37.3936730000001,-75.8115619999999,0
			37.3930850000002,-75.8118519999999,0
			37.3927460000002,-75.8122709999999,0
			37.3927760000001,-75.8124999999999,0
			37.393333,-75.8130569999999,0
			37.3938900000001,-75.8130569999999,0
			37.3947220000001,-75.8138889999999,0
			37.3950000000002,-75.8138889999999,0
			37.3950000000002,-75.8150019999998,0
			37.3952790000001,-75.8150019999998,0
			37.3955570000001,-75.8152769999999,0
			37.3955570000001,-75.8158339999999,0
			37.3952790000001,-75.8161089999999,0
			37.3955570000001,-75.8163909999999,0
			37.3955570000001,-75.816948,0
			37.3952790000001,-75.8172229999999,0
			37.3952790000001,-75.8174969999999,0
			37.3944440000001,-75.818336,0
			37.3941650000002,-75.818336,0
			37.3938900000001,-75.818611,0
			37.393612,-75.818611,0
			37.3927760000001,-75.8194429999999,0
			37.3927760000001,-75.8197249999999,0
			37.392502,-75.8199999999998,0
			37.392502,-75.8213879999999,0
			37.393612,-75.822502,0
			37.393612,-75.822777,0
			37.3938900000001,-75.8230589999999,0
			37.3938900000001,-75.8236079999999,0
			37.393333,-75.8241649999998,0
			37.3930550000001,-75.8241649999998,0
			37.3927760000001,-75.824448,0
			37.3919450000001,-75.824448,0
			37.3913880000001,-75.8249969999999,0
			37.3913880000001,-75.826111,0
			37.3911090000001,-75.8263849999999,0
			37.3908350000002,-75.8263849999999,0
			37.389999,-75.8272249999999,0
			37.389168,-75.8272249999999,0
			37.3888890000001,-75.827499,0
			37.3883320000002,-75.827499,0
			37.3880540000001,-75.8272249999999,0
			37.3872220000002,-75.8272249999999,0
			37.3869440000001,-75.827499,0
			37.3861120000001,-75.827499,0
			37.3855550000001,-75.826942,0
			37.3855550000001,-75.8288879999999,0
			37.385834,-75.82917,0
			37.3869440000001,-75.830276,0
			37.3869440000001,-75.8305589999999,0
			37.3875010000002,-75.831108,0
			37.3883320000002,-75.831108,0
			37.3886110000001,-75.8313899999999,0
			37.389168,-75.8313899999999,0
			37.389999,-75.8322219999999,0
			37.389999,-75.832497,0
			37.3905560000001,-75.8330539999999,0
			37.3908350000002,-75.833336,0
			37.3913880000001,-75.8338849999999,0
			37.3919450000001,-75.8338849999999,0
			37.392502,-75.834442,0
			37.392502,-75.8347239999999,0
			37.3927760000001,-75.834999,0
			37.3927760000001,-75.8355559999999,0
			37.3930550000001,-75.835831,0
			37.3930550000001,-75.8363879999999,0
			37.393333,-75.8366699999999,0
			37.393333,-75.8372189999999,0
			37.393612,-75.8375019999999,0
			37.393612,-75.837776,0
			37.3938900000001,-75.8380579999999,0
			37.3938900000001,-75.838333,0
			37.3944440000001,-75.8388899999999,0
			37.3944440000001,-75.839165,0
			37.3947220000001,-75.839447,0
			37.3947220000001,-75.839996,0
			37.3950000000002,-75.840279,0
			37.3950000000002,-75.8405529999999,0
			37.3952790000001,-75.8408359999999,0
			37.3952790000001,-75.84111,0
			37.3958440000002,-75.8416669999999,0
			37.3958020000001,-75.8419339999999,0
			37.396111,-75.8422239999999,0
			37.396111,-75.8427809999999,0
			37.3963890000001,-75.8430559999999,0
			37.3963890000001,-75.8441699999999,0
			37.396667,-75.844444,0
			37.396667,-75.8447189999999,0
			37.3972210000001,-75.845276,0
			37.3972210000001,-75.8455579999999,0
			37.3977780000001,-75.846107,0
			37.3977780000001,-75.8463899999999,0
			37.3980560000001,-75.846664,0
			37.398335,-75.8469469999999,0
			37.398335,-75.8472209999999,0
			37.3986090000001,-75.8474429999999,0
			37.3986130000001,-75.8477779999999,0
			37.3988880000001,-75.8480529999999,0
			37.3988880000001,-75.8483349999999,0
			37.3986130000001,-75.84861,0
			37.3986130000001,-75.849724,0
			37.398335,-75.8499979999999,0
			37.398335,-75.8502809999999,0
			37.3980560000001,-75.8505549999999,0
			37.3977780000001,-75.8508299999999,0
			37.3977780000001,-75.8519439999999,0
			37.3974990000002,-75.8522189999999,0
			37.3972210000001,-75.8525009999999,0
			37.3972210000001,-75.8527759999999,0
			37.396667,-75.8533329999999,0
			37.396667,-75.8536149999999,0
			37.3963890000001,-75.853889,0
			37.396111,-75.8541639999999,0
			37.395832,-75.8541639999999,0
			37.3955570000001,-75.8544459999999,0
			37.3952790000001,-75.8544459999999,0
			37.3941650000002,-75.8555529999999,0
			37.3941650000002,-75.8558349999999,0
			37.3938900000001,-75.8561099999999,0
			37.3938900000001,-75.8583299999999,0
			37.393333,-75.858887,0
			37.393333,-75.859726,0
			37.3930550000001,-75.8600009999999,0
			37.3930550000001,-75.860558,0
			37.3927760000001,-75.8608319999999,0
			37.3927760000001,-75.861115,0
			37.392502,-75.861389,0
			37.392502,-75.861946,0
			37.3916660000002,-75.8627779999999,0
			37.3908350000002,-75.8627779999999,0
			37.3905560000001,-75.863052,0
			37.3902780000001,-75.863052,0
			37.389999,-75.8627779999999,0
			37.3897210000002,-75.863052,0
			37.389168,-75.863052,0
			37.3886110000001,-75.8636089999999,0
			37.3883320000002,-75.8636089999999,0
			37.3880540000001,-75.863892,0
			37.3880540000001,-75.8641659999999,0
			37.3869440000001,-75.86528,0
			37.3866650000001,-75.86528,0
			37.3863910000001,-75.865555,0
			37.3855550000001,-75.865555,0
			37.3849980000002,-75.86528,0
			37.3847240000001,-75.86528,0
			37.3836100000001,-75.866386,0
			37.3836100000001,-75.8684919999999,0
			37.3836100000001,-75.868889,0
			37.383335,-75.8691639999999,0
			37.383335,-75.86972,0
			37.3830570000002,-75.8700029999999,0
			37.3827780000001,-75.870277,0
			37.3822210000001,-75.8708339999999,0
			37.3816680000002,-75.8708339999999,0
			37.3813900000001,-75.8711089999999,0
			37.3802800000001,-75.8711089999999,0
			37.3791660000001,-75.872223,0
			37.3788870000001,-75.8719479999999,0
			37.3777770000001,-75.8719479999999,0
			37.3774990000002,-75.872223,0
			37.3772240000002,-75.8719479999999,0
			37.3760990000002,-75.8719479999999,0
			37.3758320000001,-75.8719479999999,0
			37.3752780000001,-75.872498,0
			37.3750000000002,-75.872498,0
			37.3747220000001,-75.8727799999999,0
			37.3741680000001,-75.8727799999999,0
			37.3730550000002,-75.873886,0
			37.3730550000002,-75.8741679999999,0
			37.372776,-75.874443,0
			37.3725010000002,-75.874725,0
			37.3725010000002,-75.8749999999999,0
			37.3719440000001,-75.875557,0
			37.3719440000001,-75.8758319999999,0
			37.3716660000002,-75.8761139999999,0
			37.3711130000001,-75.876663,0
			37.3705560000002,-75.876663,0
			37.370277,-75.8769449999999,0
			37.3697200000001,-75.8769449999999,0
			37.369446,-75.87722,0
			37.3691670000002,-75.87722,0
			37.3688890000001,-75.8775019999999,0
			37.3677790000001,-75.878609,0
			37.3677790000001,-75.878891,0
			37.3666650000001,-75.8799969999999,0
			37.365833,-75.8808359999999,0
			37.365833,-75.8811109999999,0
			37.3652760000001,-75.8816679999999,0
			37.3652760000001,-75.8819429999999,0
			37.3650020000002,-75.8822249999999,0
			37.3650020000002,-75.8824999999999,0
			37.364723,-75.882774,0
			37.3641660000001,-75.882774,0
			37.363888,-75.883057,0
			37.3636090000001,-75.883057,0
			37.3633350000001,-75.8833309999999,0
			37.3630560000001,-75.8833309999999,0
			37.362499,-75.883888,0
			37.3622210000001,-75.883888,0
			37.360279,-75.8858339999999,0
			37.3597220000001,-75.8858339999999,0
			37.3594440000001,-75.8855589999999,0
			37.3591650000001,-75.8858339999999,0
			37.3591650000001,-75.8863909999998,0
			37.358334,-75.887222,0
			37.358334,-75.8874969999999,0
			37.3574980000001,-75.888336,0
			37.357224,-75.888336,0
			37.3566670000001,-75.888885,0
			37.3563880000002,-75.888885,0
			37.3561100000001,-75.889168,0
			37.355835,-75.889168,0
			37.355556,-75.8894419999999,0
			37.3552780000001,-75.889168,0
			37.3550000000001,-75.889168,0
			37.3544430000002,-75.8897249999999,0
			37.3544430000002,-75.8902739999999,0
			37.3541680000001,-75.8905559999998,0
			37.3538890000002,-75.8908309999999,0
			37.3536110000001,-75.8905559999998,0
			37.3525010000001,-75.89167,0
			37.3519440000002,-75.89167,0
			37.3508340000001,-75.8927759999999,0
			37.3508340000001,-75.8930589999999,0
			37.3511120000001,-75.893333,0
			37.3511120000001,-75.8947219999999,0
			37.3502770000001,-75.8955539999998,0
			37.348057,-75.8955539999998,0
			37.3477780000001,-75.895836,0
			37.3475000000001,-75.895836,0
			37.3472210000002,-75.8961109999999,0
			37.3472210000002,-75.896385,0
			37.3466680000001,-75.8969419999999,0
			37.3450010000001,-75.8969419999999,0
			37.344723,-75.896667,0
			37.344166,-75.896667,0
			37.3433340000001,-75.897499,0
			37.3430560000002,-75.897499,0
			37.3427770000002,-75.897781,0
			37.342224,-75.897781,0
			37.3419460000002,-75.8980559999999,0
			37.341667,-75.8980559999999,0
			37.3413890000001,-75.897781,0
			37.340832,-75.898331,0
			37.3402790000001,-75.898331,0
			37.3400000000001,-75.898613,0
			37.3397220000002,-75.898613,0
			37.3394430000002,-75.8988879999999,0
			37.338333,-75.8988879999999,0
			37.3377760000001,-75.8994449999999,0
			37.337502,-75.8994449999999,0
			37.3372230000002,-75.8997189999998,0
			37.3372230000002,-75.900002,0
			37.3369450000001,-75.9002759999999,0
			37.3366660000001,-75.900558,0
			37.3361130000002,-75.900558,0
			37.3358350000001,-75.900833,0
			37.3352780000002,-75.900833,0
			37.3347210000001,-75.9013899999999,0
			37.3347210000001,-75.901665,0
			37.3344460000001,-75.901947,0
			37.3344460000001,-75.902779,0
			37.3341670000001,-75.9030529999999,0
			37.3341670000001,-75.904167,0
			37.3338890000002,-75.9044419999999,0
			37.3338890000002,-75.90583,0
			37.3333320000001,-75.90583,0
			37.3330570000001,-75.9055559999999,0
			37.3327790000002,-75.90583,0
			37.3325,-75.90583,0
			37.3308330000001,-75.904167,0
			37.3300020000001,-75.904167,0
			37.3297230000001,-75.9044419999999,0
			37.3288880000001,-75.9044419999999,0
			37.3286090000001,-75.904724,0
			37.328335,-75.904724,0
			37.328056,-75.904999,0
			37.3277780000001,-75.904999,0
			37.3274990000001,-75.9052809999999,0
			37.3269460000002,-75.9052809999999,0
			37.3266680000001,-75.9055559999999,0
			37.326111,-75.9055559999999,0
			37.325832,-75.90583,0
			37.3252790000001,-75.90583,0
			37.325001,-75.9061129999999,0
			37.3244440000001,-75.9061129999999,0
			37.3241650000001,-75.9063869999999,0
			37.323891,-75.9063869999999,0
			37.323612,-75.90667,0
			37.3230550000001,-75.90667,0
			37.322777,-75.906944,0
			37.3208350000001,-75.906944,0
			37.3204120000001,-75.9065249999999,0
			37.3197210000001,-75.90583,0
			37.3197210000001,-75.9052809999999,0
			37.319443,-75.904999,0
			37.319443,-75.904724,0
			37.3183330000001,-75.9036099999999,0
			37.3180540000001,-75.9036099999999,0
			37.3172230000001,-75.902779,0
			37.316944,-75.902779,0
			37.3158340000001,-75.901665,0
			37.3155560000001,-75.9013899999999,0
			37.3155560000001,-75.9004749999999,0
			37.3155560000001,-75.8988879999999,0
			37.3158340000001,-75.898613,0
			37.3158340000001,-75.8972239999999,0
			37.316113,-75.8969419999999,0
			37.316113,-75.896667,0
			37.3166660000002,-75.8961109999999,0
			37.3166660000002,-75.895836,0
			37.316944,-75.8955539999998,0
			37.316944,-75.8952789999999,0
			37.3172230000001,-75.8949969999999,0
			37.3172230000001,-75.8938899999999,0
			37.316944,-75.8936079999999,0
			37.3158340000001,-75.8936079999999,0
			37.3155560000001,-75.8938899999999,0
			37.3152770000002,-75.894165,0
			37.3152770000002,-75.8947219999999,0
			37.314445,-75.8955539999998,0
			37.314445,-75.896385,0
			37.3141670000002,-75.896667,0
			37.3141670000002,-75.897499,0
			37.3133320000002,-75.898331,0
			37.3130570000001,-75.898331,0
			37.3127780000002,-75.898613,0
			37.3122220000001,-75.898613,0
			37.3119430000002,-75.8988879999999,0
			37.3116680000002,-75.8988879999999,0
			37.311111,-75.8994449999999,0
			37.3105550000001,-75.8994449999999,0
			37.3102760000001,-75.8997189999998,0
			37.3100010000001,-75.900002,0
			37.3100010000001,-75.9002759999999,0
			37.3086130000002,-75.901665,0
			37.3083340000002,-75.901665,0
			37.3077770000001,-75.9022219999999,0
			37.3074990000002,-75.9022219999999,0
			37.30722,-75.902496,0
			37.306389,-75.902496,0
			37.3061100000002,-75.902779,0
			37.3055570000001,-75.902779,0
			37.3050000000002,-75.903336,0
			37.3050000000002,-75.9036099999999,0
			37.3041650000002,-75.9044419999999,0
			37.30389,-75.904724,0
			37.3027760000002,-75.904724,0
			37.3025020000001,-75.904999,0
			37.3016660000002,-75.904999,0
			37.3013880000001,-75.904724,0
			37.3011090000001,-75.904724,0
			37.3002780000001,-75.9055559999999,0
			37.2994460000002,-75.9055559999999,0
			37.2988890000001,-75.904999,0
			37.2983320000002,-75.904999,0
			37.2980540000001,-75.9052809999999,0
			37.2977790000001,-75.9052809999999,0
			37.2975010000002,-75.9055559999999,0
			37.2961120000002,-75.9055559999999,0
			37.2949980000002,-75.9044419999999,0
			37.2947240000001,-75.904167,0
			37.2933350000001,-75.902779,0
			37.2930600000001,-75.902504,0
			37.2922210000001,-75.901665,0
			37.291943,-75.9013899999999,0
			37.2916680000002,-75.9013899999999,0
			37.2912600000002,-75.9009779999999,0
			37.290554,-75.9002759999999,0
			37.2900010000001,-75.9002759999999,0
			37.2897220000001,-75.900558,0
			37.2886120000001,-75.900558,0
			37.2883340000002,-75.900833,0
			37.288055,-75.9011079999999,0
			37.288055,-75.9013899999999,0
			37.2874980000001,-75.901947,0
			37.2874980000001,-75.9020999999999,0
			37.2874980000001,-75.9030529999999,0
			37.287224,-75.903336,0
			37.287224,-75.9036099999999,0
			37.286945,-75.9038929999999,0
			37.2866670000001,-75.904167,0
			37.2866670000001,-75.9044419999999,0
			37.2863880000001,-75.904724,0
			37.2863880000001,-75.9063869999999,0
			37.286945,-75.906944,0
			37.2888870000001,-75.9061129999999,0
			37.289165,-75.90583,0
			37.291389,-75.90583,0
			37.291977,-75.906418,0
			37.2925000000001,-75.906944,0
			37.2925000000001,-75.907776,0
			37.2922210000001,-75.9080579999999,0
			37.2922210000001,-75.9086069999999,0
			37.2908330000002,-75.910004,0
			37.2902830000002,-75.910004,0
			37.289165,-75.91111,0
			37.289165,-75.9113919999999,0
			37.2888870000001,-75.911667,0
			37.2888870000001,-75.913055,0
			37.289165,-75.91333,0
			37.289165,-75.9136119999999,0
			37.289444,-75.913887,0
			37.289444,-75.914169,0
			37.2897220000001,-75.9144439999999,0
			37.2897220000001,-75.9147189999999,0
			37.290421,-75.915421,0
			37.290554,-75.9155579999999,0
			37.290554,-75.915833,0
			37.2908330000002,-75.915833,0
			37.2911110000001,-75.9161149999999,0
			37.291943,-75.9152759999999,0
			37.291943,-75.915001,0
			37.2920300000001,-75.914909,0
			37.2922210000001,-75.9147189999999,0
			37.2922210000001,-75.9144439999999,0
			37.292778,-75.913887,0
			37.2930560000001,-75.913887,0
			37.2933350000001,-75.9136119999999,0
			37.2936100000001,-75.9136119999999,0
			37.293888,-75.91333,0
			37.2941670000002,-75.91333,0
			37.2944450000001,-75.913055,0
			37.2949980000002,-75.913055,0
			37.295277,-75.9127809999999,0
			37.2955550000001,-75.912498,0
			37.2958340000001,-75.912498,0
			37.2966650000001,-75.911667,0
			37.2969440000001,-75.911667,0
			37.2980540000001,-75.9105529999999,0
			37.2983320000002,-75.9105529999999,0
			37.2986110000002,-75.9102779999999,0
			37.299721,-75.9102779999999,0
			37.2999990000001,-75.910004,0
			37.3002780000001,-75.910004,0
			37.300556,-75.9097209999999,0
			37.3008350000002,-75.9097209999999,0
			37.3011090000001,-75.9094469999999,0
			37.3012660000001,-75.9094469999999,0
			37.3013880000001,-75.9094469999999,0
			37.3016660000002,-75.909164,0
			37.3022230000001,-75.909164,0
			37.3025020000001,-75.90889,0
			37.3036120000001,-75.90889,0
			37.30389,-75.9086069999999,0
			37.3047220000001,-75.9086069999999,0
			37.3058320000001,-75.9097209999999,0
			37.3055570000001,-75.910004,0
			37.3055570000001,-75.910835,0
			37.3050000000002,-75.9113919999999,0
			37.3050000000002,-75.911667,0
			37.3044430000001,-75.9122239999999,0
			37.3044430000001,-75.912498,0
			37.3041650000002,-75.9127809999999,0
			37.3041650000002,-75.91333,0
			37.3044430000001,-75.9136119999999,0
			37.3047220000001,-75.913887,0
			37.3060650000002,-75.9138409999999,0
			37.306389,-75.914169,0
			37.30722,-75.9144439999999,0
			37.30722,-75.9155579999999,0
			37.306946,-75.915833,0
			37.306946,-75.9161149999999,0
			37.306389,-75.916664,0
			37.3061100000002,-75.916664,0
			37.3058320000001,-75.9169459999999,0
			37.3055570000001,-75.9169459999999,0
			37.3052790000002,-75.9172209999999,0
			37.3050000000002,-75.9172209999999,0
			37.3044430000001,-75.9177779999999,0
			37.3033330000001,-75.9177779999999,0
			37.303055,-75.918053,0
			37.3013880000001,-75.918053,0
			37.3011090000001,-75.918335,0
			37.3002780000001,-75.918335,0
			37.2999990000001,-75.9186099999999,0
			37.2988890000001,-75.9186099999999,0
			37.2986110000002,-75.9188919999999,0
			37.2980540000001,-75.9188919999999,0
			37.2975010000002,-75.918335,0
			37.2975010000002,-75.917503,0
			37.2986110000002,-75.9163889999999,0
			37.2980540000001,-75.915833,0
			37.2977790000001,-75.915833,0
			37.2975010000002,-75.9161149999999,0
			37.297222,-75.9161149999999,0
			37.2969440000001,-75.9163889999999,0
			37.2966650000001,-75.9163889999999,0
			37.296391,-75.916664,0
			37.2949980000002,-75.916664,0
			37.2947240000001,-75.9169459999999,0
			37.2944450000001,-75.9169459999999,0
			37.2941250000001,-75.9172289999999,0
			37.293888,-75.9172209999999,0
			37.2936100000001,-75.917503,0
			37.292778,-75.917503,0
			37.2925000000001,-75.9177779999999,0
			37.2922210000001,-75.9177779999999,0
			37.291943,-75.917503,0
			37.2916680000002,-75.9177779999999,0
			37.2911110000001,-75.9177779999999,0
			37.2908330000002,-75.918053,0
			37.290279,-75.918053,0
			37.2900010000001,-75.918335,0
			37.2897220000001,-75.918335,0
			37.289165,-75.9177779999999,0
			37.2888870000001,-75.917503,0
			37.2886120000001,-75.917503,0
			37.2883340000002,-75.9172209999999,0
			37.2874980000001,-75.9172209999999,0
			37.2874150000002,-75.9171369999999,0
			37.287224,-75.9169459999999,0
			37.2866670000001,-75.9169459999999,0
			37.2863880000001,-75.916664,0
			37.2855570000001,-75.915833,0
			37.284721,-75.915833,0
			37.2844430000001,-75.9155579999999,0
			37.2841680000001,-75.9155579999999,0
			37.28389,-75.9152759999999,0
			37.2836110000001,-75.9152759999999,0
			37.2827760000001,-75.9144439999999,0
			37.2819440000001,-75.9144439999999,0
			37.2808340000001,-75.9155579999999,0
			37.2808340000001,-75.9161149999999,0
			37.2811130000001,-75.9163889999999,0
			37.2811130000001,-75.916664,0
			37.2808340000001,-75.9169459999999,0
			37.2808340000001,-75.9172209999999,0
			37.2802770000001,-75.9177779999999,0
			37.2802770000001,-75.918335,0
			37.2799990000001,-75.9186099999999,0
			37.2799990000001,-75.918785,0
			37.2799990000001,-75.919167,0
			37.280556,-75.9197239999999,0
			37.280556,-75.919998,0
			37.2808340000001,-75.9202799999999,0
			37.2808340000001,-75.9219439999999,0
			37.2811130000001,-75.9222259999999,0
			37.2808340000001,-75.922501,0
			37.280556,-75.9227749999999,0
			37.2799990000001,-75.923332,0
			37.2797240000001,-75.923332,0
			37.2794460000001,-75.9230579999999,0
			37.279167,-75.9230579999999,0
			37.2786100000001,-75.922501,0
			37.2777790000001,-75.922501,0
			37.2775000000001,-75.9227749999999,0
			37.2772220000001,-75.9227749999999,0
			37.2769430000001,-75.9230579999999,0
			37.2766690000001,-75.923332,0
			37.2763900000002,-75.923615,0
			37.2763900000002,-75.9238889999999,0
			37.2755550000002,-75.9247209999999,0
			37.2738880000001,-75.9247209999999,0
			37.2727780000001,-75.923615,0
			37.2727780000001,-75.923332,0
			37.2724990000001,-75.9230579999999,0
			37.2724990000001,-75.9216689999998,0
			37.2722210000002,-75.9213869999999,0
			37.2722210000002,-75.9211119999999,0
			37.2721060000001,-75.9209979999999,0
			37.2716670000001,-75.9205549999999,0
			37.2716670000001,-75.9202799999999,0
			37.2713890000001,-75.919998,0
			37.2713890000001,-75.9197239999999,0
			37.2711110000001,-75.9194409999999,0
			37.2711110000001,-75.919167,0
			37.2708320000002,-75.9188919999999,0
			37.2697220000002,-75.9188919999999,0
			37.2691650000001,-75.9194409999999,0
			37.2691650000001,-75.919998,0
			37.2694440000001,-75.9202799999999,0
			37.2694440000001,-75.92186,0
			37.2694440000001,-75.9222259999999,0
			37.2691650000001,-75.922501,0
			37.2691650000001,-75.9227749999999,0
			37.2688900000001,-75.9230579999999,0
			37.2688900000001,-75.923332,0
			37.2683330000002,-75.9238889999999,0
			37.2683330000002,-75.924446,0
			37.2672230000002,-75.9255519999999,0
			37.2655560000001,-75.9238889999999,0
			37.2655560000001,-75.923279,0
			37.2655560000001,-75.922501,0
			37.2658350000001,-75.9222259999999,0
			37.2658350000001,-75.9211119999999,0
			37.2652780000002,-75.9205549999999,0
			37.2644460000001,-75.9205549999999,0
			37.2638890000002,-75.9211119999999,0
			37.2636110000001,-75.9213869999999,0
			37.2636110000001,-75.9216689999998,0
			37.2633320000001,-75.9219439999999,0
			37.2633320000001,-75.923615,0
			37.2636110000001,-75.9238889999999,0
			37.2636110000001,-75.92421,0
			37.2636110000001,-75.9255519999999,0
			37.2633320000001,-75.9258349999999,0
			37.2633320000001,-75.9263919999999,0
			37.2630540000002,-75.926666,0
			37.2627790000002,-75.9269409999999,0
			37.2622220000001,-75.927498,0
			37.261944,-75.927498,0
			37.2613910000001,-75.9280549999999,0
			37.2602770000001,-75.9280549999999,0
			37.2597240000002,-75.927498,0
			37.259445,-75.9272229999999,0
			37.259445,-75.9269409999999,0
			37.2591670000001,-75.926666,0
			37.2591670000001,-75.92646,0
			37.2591670000001,-75.9261089999999,0
			37.2588880000001,-75.9258349999999,0
			37.2588880000001,-75.9250029999999,0
			37.25861,-75.9247209999999,0
			37.25861,-75.924164,0
			37.2577780000001,-75.923332,0
			37.2572210000002,-75.9227749999999,0
			37.2569430000001,-75.9227749999999,0
			37.2569430000001,-75.922501,0
			37.255001,-75.922501,0
			37.2547230000001,-75.9222259999999,0
			37.2530560000002,-75.9222259999999,0
			37.252777,-75.922501,0
			37.2519450000001,-75.922501,0
			37.251667,-75.9227749999999,0
			37.2511100000001,-75.9227749999999,0
			37.2508320000001,-75.9230579999999,0
			37.249443,-75.9230579999999,0
			37.249168,-75.923332,0
			37.2488900000001,-75.923332,0
			37.2486110000001,-75.9230579999999,0
			37.2483330000001,-75.9230579999999,0
			37.2480550000001,-75.923332,0
			37.2477760000002,-75.923332,0
			37.2475010000001,-75.923615,0
			37.2472230000002,-75.923615,0
			37.2463870000001,-75.924446,0
			37.2463870000001,-75.9247209999999,0
			37.246113,-75.9250029999999,0
			37.246113,-75.9252779999999,0
			37.2455560000001,-75.9258349999999,0
			37.2455560000001,-75.9261089999999,0
			37.2449990000001,-75.926666,0
			37.2449990000001,-75.9269409999999,0
			37.24472,-75.9272229999999,0
			37.24472,-75.92778,0
			37.2449990000001,-75.9280549999999,0
			37.2449990000001,-75.9281769999999,0
			37.2449990000001,-75.9294429999999,0
			37.2452770000002,-75.929726,0
			37.2452770000002,-75.9308319999998,0
			37.2449990000001,-75.931114,0
			37.2449990000001,-75.9313889999999,0
			37.24472,-75.9313889999999,0
			37.2444460000001,-75.931664,0
			37.2433320000001,-75.931664,0
			37.2430570000001,-75.9313889999999,0
			37.2419430000002,-75.9313889999999,0
			37.2408330000001,-75.9325029999999,0
			37.2408330000001,-75.932777,0
			37.2402760000001,-75.9333339999999,0
			37.2400020000001,-75.9333339999999,0
			37.2397230000001,-75.9336089999999,0
			37.239445,-75.9333339999999,0
			37.2391660000001,-75.9336089999999,0
			37.2386090000002,-75.9336089999999,0
			37.2383350000001,-75.933891,0
			37.2374990000001,-75.933891,0
			37.236946,-75.934448,0
			37.2352790000002,-75.934448,0
			37.2344440000002,-75.9336089999999,0
			37.2344440000002,-75.9333339999999,0
			37.2341650000002,-75.9330519999999,0
			37.2341650000002,-75.932777,0
			37.233891,-75.9325029999999,0
			37.233891,-75.9294429999999,0
			37.2341650000002,-75.9291689999999,0
			37.233891,-75.9288859999999,0
			37.233891,-75.928612,0
			37.2333340000001,-75.9280549999999,0
			37.2333340000001,-75.92778,0
			37.2330550000001,-75.927498,0
			37.2330550000001,-75.9272229999999,0
			37.2327770000001,-75.9269409999999,0
			37.2327770000001,-75.926666,0
			37.2324980000001,-75.9263919999999,0
			37.2324980000001,-75.9258349999999,0
			37.2322240000001,-75.9255519999999,0
			37.2322240000001,-75.92527,0
			37.2319450000002,-75.9250029999999,0
			37.2319450000002,-75.9247209999999,0
			37.2313880000001,-75.924164,0
			37.2311100000002,-75.924164,0
			37.2305560000001,-75.923615,0
			37.2291680000001,-75.923615,0
			37.2288890000001,-75.923332,0
			37.2286110000002,-75.923615,0
			37.2283330000001,-75.923332,0
			37.2261120000002,-75.923332,0
			37.2258340000001,-75.923615,0
			37.2255550000001,-75.923615,0
			37.2252770000002,-75.9238889999999,0
			37.224998,-75.9238889999999,0
			37.2248230000001,-75.9240649999999,0
			37.2244450000001,-75.924446,0
			37.2241670000002,-75.924446,0
			37.2236100000001,-75.9250029999999,0
			37.2233310000001,-75.9250029999999,0
			37.2227780000002,-75.9255519999999,0
			37.2222210000001,-75.9255519999999,0
			37.2219430000002,-75.9258349999999,0
			37.2216680000002,-75.9261089999999,0
			37.2211110000001,-75.9261089999999,0
			37.220833,-75.9263919999999,0
			37.2200010000001,-75.9263919999999,0
			37.219723,-75.926666,0
			37.2188870000001,-75.926666,0
			37.2186130000002,-75.9263919999999,0
			37.218334,-75.926666,0
			37.217499,-75.926666,0
			37.2169460000001,-75.9261089999999,0
			37.2166670000001,-75.9261089999999,0
			37.2161100000002,-75.9255519999999,0
			37.2161100000002,-75.9250029999999,0
			37.216389,-75.9247209999999,0
			37.216389,-75.924446,0
			37.2166670000001,-75.924164,0
			37.2180560000001,-75.924164,0
			37.219723,-75.922501,0
			37.2194440000002,-75.9222259999999,0
			37.2180560000001,-75.9222259999999,0
			37.2177770000001,-75.922501,0
			37.217499,-75.922501,0
			37.217224,-75.9227749999999,0
			37.216389,-75.9227749999999,0
			37.2161100000002,-75.9230579999999,0
			37.2152790000002,-75.9230579999999,0
			37.215,-75.9227749999999,0
			37.214169,-75.9227749999999,0
			37.214169,-75.922501,0
			37.2136120000001,-75.9219439999999,0
			37.2136120000001,-75.9213869999999,0
			37.2133330000001,-75.9211119999999,0
			37.2133330000001,-75.9216689999998,0
			37.2130550000001,-75.9219439999999,0
			37.212776,-75.9219439999999,0
			37.2119450000002,-75.9227749999999,0
			37.2102780000001,-75.9227749999999,0
			37.2094460000002,-75.9219439999999,0
			37.2094460000002,-75.9216689999998,0
			37.2088890000001,-75.9211119999999,0
			37.208332,-75.9205549999999,0
			37.2080190000001,-75.920273,0
			37.2066650000002,-75.9202799999999,0
			37.2066650000002,-75.9205549999999,0
			37.2063900000001,-75.92083,0
			37.2063900000001,-75.9211119999999,0
			37.2066650000002,-75.9213869999999,0
			37.2066650000002,-75.9216689999998,0
			37.2069440000001,-75.9219439999999,0
			37.2072220000001,-75.9222259999999,0
			37.2072220000001,-75.922501,0
			37.2075000000002,-75.9227749999999,0
			37.2077790000001,-75.9230579999999,0
			37.2077790000001,-75.923615,0
			37.208332,-75.924164,0
			37.208332,-75.924446,0
			37.208611,-75.9247209999999,0
			37.208611,-75.9252779999999,0
			37.2088890000001,-75.9255519999999,0
			37.2088890000001,-75.9258349999999,0
			37.2094460000002,-75.9263919999999,0
			37.2094460000002,-75.92778,0
			37.2097210000001,-75.9280549999999,0
			37.2097210000001,-75.928612,0
			37.2094460000002,-75.9288859999999,0
			37.2094460000002,-75.9294429999999,0
			37.209167,-75.929726,0
			37.2088890000001,-75.929726,0
			37.208611,-75.9299999999999,0
			37.208611,-75.9302749999999,0
			37.2080570000001,-75.9308319999998,0
			37.2080570000001,-75.931114,0
			37.2075000000002,-75.931664,0
			37.2075000000002,-75.9320139999999,0
			37.2075000000002,-75.9330519999999,0
			37.2072220000001,-75.9333339999999,0
			37.2072220000001,-75.934448,0
			37.2069440000001,-75.9347229999999,0
			37.2066650000002,-75.9349979999999,0
			37.2063900000001,-75.9349979999999,0
			37.206112,-75.93528,0
			37.205833,-75.9355549999999,0
			37.2044450000001,-75.9355549999999,0
			37.2033350000002,-75.934448,0
			37.2033350000002,-75.9341659999999,0
			37.202778,-75.9336089999999,0
			37.202778,-75.9330519999999,0
			37.201668,-75.931946,0
			37.2013890000001,-75.931946,0
			37.2013890000001,-75.9322199999999,0
			37.2011110000001,-75.9325029999999,0
			37.2011110000001,-75.932777,0
			37.2013890000001,-75.932777,0
			37.2019460000001,-75.9333339999999,0
			37.2022210000001,-75.9336089999999,0
			37.2022210000001,-75.9349979999999,0
			37.202499,-75.93528,0
			37.202499,-75.936111,0
			37.2019460000001,-75.9366679999999,0
			37.2019460000001,-75.936943,0
			37.2013890000001,-75.9374999999999,0
			37.2011110000001,-75.9374999999999,0
			37.2008320000002,-75.937775,0
			37.2008320000002,-75.938057,0
			37.2005540000001,-75.937775,0
			37.1991650000001,-75.937775,0
			37.1988910000001,-75.938057,0
			37.1986120000001,-75.938057,0
			37.1977770000001,-75.937225,0
			37.1977770000001,-75.9366679999999,0
			37.1974980000002,-75.9363859999999,0
			37.1974980000002,-75.9355549999999,0
			37.1977770000001,-75.93528,0
			37.1977770000001,-75.932777,0
			37.1969450000001,-75.931946,0
			37.1965030000001,-75.931946,0
			37.1963880000002,-75.931946,0
			37.1961100000001,-75.931664,0
			37.195835,-75.931664,0
			37.1952780000001,-75.931114,0
			37.1947210000001,-75.931114,0
			37.1941680000002,-75.9305569999999,0
			37.1930540000002,-75.931664,0
			37.1922230000002,-75.931664,0
			37.1919440000001,-75.9313889999999,0
			37.1913870000001,-75.9313889999999,0
			37.1911130000001,-75.931664,0
			37.1905560000001,-75.9322199999999,0
			37.1905560000001,-75.9336089999999,0
			37.1902770000001,-75.933891,0
			37.1902770000001,-75.9349979999999,0
			37.190521,-75.9352189999999,0
			37.1905560000001,-75.937225,0
			37.1897240000002,-75.938057,0
			37.1894450000001,-75.938057,0
			37.1891670000001,-75.9383319999999,0
			37.1888890000002,-75.9383319999999,0
			37.18861,-75.938614,0
			37.1883320000001,-75.938614,0
			37.1880570000001,-75.938889,0
			37.1869430000001,-75.938889,0
			37.1866680000001,-75.9391629999999,0
			37.186111,-75.9391629999999,0
			37.1855550000002,-75.9397199999999,0
			37.183887,-75.9397199999999,0
			37.1836130000001,-75.9400019999999,0
			37.1816670000002,-75.9400019999999,0
			37.1813890000001,-75.940277,0
			37.1783330000002,-75.940277,0
			37.1780550000001,-75.9405519999999,0
			37.1775020000002,-75.9405519999999,0
			37.177223,-75.9408339999999,0
			37.1758350000001,-75.9408339999999,0
			37.1755560000001,-75.941109,0
			37.1747210000001,-75.941109,0
			37.1744460000001,-75.9408339999999,0
			37.173889,-75.9408339999999,0
			37.1736110000001,-75.9405519999999,0
			37.1733320000001,-75.9405519999999,0
			37.173054,-75.940277,0
			37.1725010000001,-75.9397199999999,0
			37.1722220000001,-75.9397199999999,0
			37.1719440000001,-75.939445,0
			37.171665,-75.939445,0
			37.171566,-75.9393459999999,0
			37.1713910000001,-75.9391629999999,0
			37.1694450000001,-75.9391629999999,0
			37.1691670000001,-75.938889,0
			37.1688880000002,-75.9391629999999,0
			37.1686100000001,-75.938889,0
			37.168335,-75.938889,0
			37.168056,-75.938614,0
			37.1677780000001,-75.9383319999999,0
			37.1675,-75.938614,0
			37.1669430000001,-75.938614,0
			37.1666680000001,-75.938889,0
			37.1661110000001,-75.938889,0
			37.165836,-75.939194,0
			37.1655500000002,-75.93924,0
			37.1652790000001,-75.939445,0
			37.165001,-75.9397199999999,0
			37.1641650000001,-75.9397199999999,0
			37.1636120000001,-75.940277,0
			37.1636120000001,-75.9405519999999,0
			37.1630550000002,-75.941109,0
			37.1630550000002,-75.941391,0
			37.1627770000001,-75.9416659999999,0
			37.1624980000001,-75.941948,0
			37.1624980000001,-75.942223,0
			37.161388,-75.9433359999999,0
			37.1594430000001,-75.9433359999999,0
			37.1588900000002,-75.94278,0
			37.1583330000001,-75.94278,0
			37.1575010000001,-75.941948,0
			37.157223,-75.941948,0
			37.1561130000001,-75.9408339999999,0
			37.1555560000002,-75.9408339999999,0
			37.1552770000002,-75.9405519999999,0
			37.1549990000001,-75.9408339999999,0
			37.154724,-75.9405519999999,0
			37.1544460000002,-75.9405519999999,0
			37.1541670000001,-75.940277,0
			37.153332,-75.940277,0
			37.1530570000002,-75.9405519999999,0
			37.1527790000001,-75.940277,0
			37.1519430000002,-75.940277,0
			37.1516690000001,-75.9405519999999,0
			37.1505550000001,-75.9405519999999,0
			37.1494450000001,-75.939445,0
			37.1491660000001,-75.939445,0
			37.1488880000002,-75.9391629999999,0
			37.1483350000001,-75.9391629999999,0
			37.1480560000001,-75.939445,0
			37.1472210000001,-75.939445,0
			37.1469460000001,-75.9397199999999,0
			37.1466670000001,-75.9397199999999,0
			37.1461110000001,-75.940277,0
			37.1447220000001,-75.940277,0
			37.1444440000002,-75.9400019999999,0
			37.1438900000002,-75.9400019999999,0
			37.1430550000002,-75.9391629999999,0
			37.142776,-75.9391629999999,0
			37.1425020000001,-75.938889,0
			37.1399990000001,-75.938889,0
			37.139721,-75.9391629999999,0
			37.1388890000001,-75.9391629999999,0
			37.138332,-75.9397199999999,0
			37.138332,-75.940277,0
			37.1377790000001,-75.9408339999999,0
			37.137501,-75.9408339999999,0
			37.137222,-75.941109,0
			37.1355550000001,-75.941109,0
			37.135277,-75.9408339999999,0
			37.1349980000001,-75.9405519999999,0
			37.1349980000001,-75.940277,0
			37.1347240000001,-75.9400019999999,0
			37.1347240000001,-75.9395449999999,0
			37.1347240000001,-75.9391629999999,0
			37.1344450000001,-75.938889,0
			37.1344450000001,-75.938057,0
			37.1347240000001,-75.937775,0
			37.1347240000001,-75.937225,0
			37.1344450000001,-75.936943,0
			37.1344450000001,-75.9363859999999,0
			37.133057,-75.9349979999999,0
			37.1322210000001,-75.9341659999999,0
			37.131943,-75.9341659999999,0
			37.131668,-75.933891,0
			37.1311110000001,-75.933891,0
			37.1308330000001,-75.9336089999999,0
			37.1302800000001,-75.9336089999999,0
			37.1305540000001,-75.933891,0
			37.1305540000001,-75.934448,0
			37.1302800000001,-75.9347229999999,0
			37.1302800000001,-75.93528,0
			37.1300010000001,-75.93528,0
			37.1291660000001,-75.936111,0
			37.1288870000001,-75.936111,0
			37.1266670000001,-75.9383319999999,0
			37.12611,-75.9383319999999,0
			37.1258320000002,-75.938614,0
			37.1255570000001,-75.938614,0
			37.1252780000002,-75.938889,0
			37.1252780000002,-75.9400019999999,0
			37.1250000000001,-75.940277,0
			37.1250000000001,-75.9405519999999,0
			37.1247220000001,-75.9408339999999,0
			37.1244430000002,-75.941109,0
			37.1244430000002,-75.941391,0
			37.1241680000001,-75.9416659999999,0
			37.1241680000001,-75.94278,0
			37.123611,-75.9433359999999,0
			37.1230550000001,-75.9438859999999,0
			37.122776,-75.9441679999999,0
			37.1225010000001,-75.9441679999999,0
			37.1222230000001,-75.9438859999999,0
			37.1216660000001,-75.9438859999999,0
			37.1211130000002,-75.944443,0
			37.1211130000002,-75.9447249999999,0
			37.1208340000002,-75.9449999999999,0
			37.1208340000002,-75.9458309999999,0
			37.1211130000002,-75.946114,0
			37.1211130000002,-75.9475019999999,0
			37.120277,-75.9483339999999,0
			37.120277,-75.9508359999999,0
			37.1199990000002,-75.951111,0
			37.1199990000002,-75.951385,0
			37.11972,-75.9516679999999,0
			37.11972,-75.9522249999999,0
			37.119446,-75.9524989999999,0
			37.119446,-75.9533309999999,0
			37.1191670000001,-75.953613,0
			37.1191670000001,-75.955276,0
			37.1188890000001,-75.9555589999999,0
			37.1188890000001,-75.957779,0
			37.1186100000002,-75.9580539999999,0
			37.1186100000002,-75.9608309999999,0
			37.1188890000001,-75.9611129999999,0
			37.1188890000001,-75.9647219999999,0
			37.1186100000002,-75.9649959999999,0
			37.1186100000002,-75.9658359999999,0
			37.1183320000001,-75.9661099999998,0
			37.1183320000001,-75.9666669999999,0
			37.1180570000001,-75.966942,0
			37.1180570000001,-75.9674989999999,0
			37.1177790000002,-75.9677809999999,0
			37.1169430000001,-75.9686129999999,0
			37.1166650000002,-75.9686129999999,0
			37.116112,-75.9680559999999,0
			37.1150020000001,-75.9680559999999,0
			37.1142270000001,-75.968224,0
			37.1139490000002,-75.9680709999999,0
			37.112221,-75.9688869999999,0
			37.1113890000001,-75.9688869999999,0
			37.1111110000002,-75.96917,0
			37.1105540000001,-75.96917,0
			37.1102790000001,-75.9688869999999,0
			37.1083340000001,-75.9688869999999,0
			37.1080550000001,-75.9686129999999,0
			37.107468,-75.9686359999999,0
			37.1073570000001,-75.9684979999999,0
			37.1072240000001,-75.9683299999999,0
			37.1070480000001,-75.9685059999999,0
			37.1069220000002,-75.968552,0
			37.1066670000002,-75.9683299999999,0
			37.106388,-75.9683299999999,0
			37.1055560000001,-75.9674989999999,0
			37.1050000000001,-75.9674989999999,0
			37.1048200000001,-75.967682,0
			37.1047210000001,-75.9677809999999,0
			37.1025010000001,-75.9677809999999,0
			37.1022220000001,-75.9674989999999,0
			37.101665,-75.9674989999999,0
			37.1002770000001,-75.9661099999998,0
			37.1002770000001,-75.9647219999999,0
			37.0999980000001,-75.9644469999999,0
			37.0999980000001,-75.9641649999999,0
			37.099724,-75.9638899999999,0
			37.099724,-75.9633329999999,0
			37.0991670000001,-75.962776,0
			37.0991670000001,-75.9611129999999,0
			37.099724,-75.9605559999999,0
			37.0999980000001,-75.9608309999999,0
			37.1002770000001,-75.9608309999999,0
			37.1006090000001,-75.9605559999999,0
			37.101665,-75.9605559999999,0
			37.1022220000001,-75.9611129999999,0
			37.1022220000001,-75.9613879999999,0
			37.1025010000001,-75.9616699999999,0
			37.1025010000001,-75.9619449999998,0
			37.1027790000002,-75.9622189999999,0
			37.1027790000002,-75.962776,0
			37.103054,-75.963058,0
			37.103054,-75.9633329999999,0
			37.1033330000002,-75.963608,0
			37.103889,-75.9641649999999,0
			37.1041680000002,-75.9641649999999,0
			37.104443,-75.9638899999999,0
			37.1047210000001,-75.963608,0
			37.1050000000001,-75.9633329999999,0
			37.1050000000001,-75.963058,0
			37.1052780000002,-75.962776,0
			37.1052780000002,-75.9611129999999,0
			37.1055560000001,-75.9608309999999,0
			37.1055560000001,-75.9605559999999,0
			37.1058350000001,-75.9602809999999,0
			37.106388,-75.9602809999999,0
			37.1066670000002,-75.9599989999999,0
			37.1069450000001,-75.9599989999999,0
			37.1069450000001,-75.9597239999999,0
			37.1074980000002,-75.9591669999999,0
			37.1074980000002,-75.958611,0
			37.1072240000001,-75.9583359999999,0
			37.1072240000001,-75.957779,0
			37.1069450000001,-75.9574969999999,0
			37.1055560000001,-75.9574969999999,0
			37.1047210000001,-75.9566649999999,0
			37.1047210000001,-75.956108,0
			37.104443,-75.9558329999999,0
			37.104443,-75.95472,0
			37.1041680000002,-75.954445,0
			37.1041680000002,-75.953613,0
			37.1033330000002,-75.952774,0
			37.1036110000001,-75.9524989999999,0
			37.1033330000002,-75.9524989999999,0
			37.103054,-75.952774,0
			37.103054,-75.953613,0
			37.1027790000002,-75.9538879999999,0
			37.1027790000002,-75.9541699999999,0
			37.1022220000001,-75.95472,0
			37.101944,-75.95472,0
			37.1013870000001,-75.9541699999999,0
			37.1013870000001,-75.9538879999999,0
			37.101665,-75.953613,0
			37.101665,-75.9524989999999,0
			37.1011120000001,-75.951942,0
			37.1011120000001,-75.951385,0
			37.101665,-75.9508359999999,0
			37.101665,-75.950279,0
			37.101944,-75.9499969999999,0
			37.101944,-75.949448,0
			37.1022220000001,-75.9491649999999,0
			37.100555,-75.9475019999999,0
			37.1002770000001,-75.9475019999999,0
			37.0991670000001,-75.946388,0
			37.0991670000001,-75.946114,0
			37.0988880000001,-75.9458309999999,0
			37.0977780000001,-75.9458309999999,0
			37.0975,-75.945557,0
			37.097221,-75.945557,0
			37.09639,-75.946388,0
			37.096111,-75.946114,0
			37.0958330000001,-75.946114,0
			37.0952760000001,-75.945557,0
			37.0952760000001,-75.9449999999999,0
			37.0958330000001,-75.944443,0
			37.096111,-75.944443,0
			37.09639,-75.9441679999999,0
			37.096111,-75.9438859999999,0
			37.096111,-75.943611,0
			37.0958330000001,-75.9433359999999,0
			37.0958330000001,-75.94278,0
			37.096111,-75.9424969999999,0
			37.0955540000001,-75.941948,0
			37.0952760000001,-75.941948,0
			37.0947230000001,-75.941391,0
			37.0938870000001,-75.941391,0
			37.0933340000001,-75.941948,0
			37.091946,-75.941948,0
			37.0913890000001,-75.9424969999999,0
			37.090832,-75.9424969999999,0
			37.090557,-75.942223,0
			37.0891690000001,-75.942223,0
			37.0888900000001,-75.9424969999999,0
			37.0888900000001,-75.94278,0
			37.0886120000001,-75.943054,0
			37.0877760000001,-75.9438859999999,0
			37.0872230000001,-75.9438859999999,0
			37.0869450000001,-75.9441679999999,0
			37.0866660000002,-75.9441679999999,0
			37.0861130000001,-75.9447249999999,0
			37.0861130000001,-75.9449999999999,0
			37.0858350000001,-75.945274,0
			37.0858350000001,-75.9475019999999,0
			37.0855560000002,-75.947777,0
			37.0852780000001,-75.9480589999999,0
			37.0852780000001,-75.9483339999999,0
			37.0847210000002,-75.9488909999999,0
			37.0847210000002,-75.9491649999999,0
			37.0841670000001,-75.949722,0
			37.0841670000001,-75.9499969999999,0
			37.0838890000001,-75.950279,0
			37.0838890000001,-75.950554,0
			37.084999,-75.9516679999999,0
			37.0852780000001,-75.9516679999999,0
			37.0852780000001,-75.9524989999999,0
			37.084999,-75.952774,0
			37.084999,-75.954445,0
			37.0847210000002,-75.95472,0
			37.0847210000002,-75.9550019999999,0
			37.0838890000001,-75.9558329999999,0
			37.0841670000001,-75.956108,0
			37.0841670000001,-75.9563899999999,0
			37.0838890000001,-75.9566649999999,0
			37.0838890000001,-75.9574969999999,0
			37.0836110000001,-75.957779,0
			37.0836110000001,-75.958611,0
			37.0833320000002,-75.958885,0
			37.0833320000002,-75.9591669999999,0
			37.0830570000002,-75.959442,0
			37.0830570000002,-75.9597239999999,0
			37.0833320000002,-75.9599989999999,0
			37.0833320000002,-75.9602809999999,0
			37.0836110000001,-75.9605559999999,0
			37.0836110000001,-75.9608309999999,0
			37.0838890000001,-75.9611129999999,0
			37.0838890000001,-75.9613879999999,0
			37.0844460000001,-75.9613879999999,0
			37.0855560000002,-75.9625019999999,0
			37.0855560000002,-75.963608,0
			37.0852780000001,-75.9638899999999,0
			37.0852780000001,-75.9641649999999,0
			37.084999,-75.9644469999999,0
			37.084999,-75.9647219999999,0
			37.0858350000001,-75.9655529999999,0
			37.0858350000001,-75.9661099999998,0
			37.0861130000001,-75.966393,0
			37.0861130000001,-75.966942,0
			37.0863880000001,-75.967224,0
			37.0863880000001,-75.9677809999999,0
			37.0866660000002,-75.9680559999999,0
			37.0866660000002,-75.9688869999999,0
			37.0869450000001,-75.96917,0
			37.0869450000001,-75.9694439999999,0
			37.0877760000001,-75.9702759999999,0
			37.0877760000001,-75.971107,0
			37.0880550000002,-75.97139,0
			37.0880550000002,-75.9716639999999,0
			37.088333,-75.9719469999999,0
			37.088333,-75.972504,0
			37.0880550000002,-75.9727779999999,0
			37.0880550000002,-75.973335,0
			37.087502,-75.973892,0
			37.087502,-75.9744419999999,0
			37.0877760000001,-75.974724,0
			37.0877760000001,-75.9752809999999,0
			37.087502,-75.975555,0
			37.087502,-75.9772189999999,0
			37.0877760000001,-75.977501,0
			37.0880550000002,-75.977501,0
			37.088333,-75.9777759999999,0
			37.088333,-75.978058,0
			37.0888900000001,-75.9786149999999,0
			37.0891690000001,-75.978889,0
			37.0891690000001,-75.9791639999999,0
			37.0894430000001,-75.9794459999999,0
			37.0894430000001,-75.979721,0
			37.0897220000001,-75.980003,0
			37.0922240000001,-75.980003,0
			37.0924990000001,-75.9802779999999,0
			37.093056,-75.9802779999999,0
			37.0936130000001,-75.980835,0
			37.0938870000001,-75.9811099999999,0
			37.094166,-75.980835,0
			37.0955540000001,-75.980835,0
			37.0958330000001,-75.9811099999999,0
			37.096111,-75.9811099999999,0
			37.09639,-75.981392,0
			37.098331,-75.981392,0
			37.09861,-75.9811099999999,0
			37.0988880000001,-75.9811099999999,0
			37.0991670000001,-75.980835,0
			37.09943,-75.9808429999999,0
			37.099724,-75.980553,0
			37.0999980000001,-75.980553,0
			37.1008340000002,-75.979721,0
			37.1011120000001,-75.979721,0
			37.1013870000001,-75.9794459999999,0
			37.101665,-75.9794459999999,0
			37.101944,-75.9791639999999,0
			37.1022220000001,-75.9791639999999,0
			37.1025010000001,-75.978889,0
			37.1027790000002,-75.978889,0
			37.103054,-75.9786149999999,0
			37.1033330000002,-75.978333,0
			37.1036110000001,-75.978058,0
			37.103889,-75.978058,0
			37.1041680000002,-75.9777759999999,0
			37.104443,-75.9777759999999,0
			37.1050000000001,-75.9772189999999,0
			37.1050000000001,-75.9769439999999,0
			37.1052780000002,-75.976669,0
			37.1052780000002,-75.976387,0
			37.1055560000001,-75.9761119999999,0
			37.1055560000001,-75.973892,0
			37.1058350000001,-75.9736099999999,0
			37.1058350000001,-75.973335,0
			37.106388,-75.9727779999999,0
			37.1069450000001,-75.9727779999999,0
			37.1072240000001,-75.972504,0
			37.1074980000002,-75.972504,0
			37.1077770000002,-75.9727779999999,0
			37.1080550000001,-75.9727779999999,0
			37.1085210000001,-75.9733659999999,0
			37.109089,-75.9730679999999,0
			37.109295,-75.972458,0
			37.1096920000002,-75.9721759999999,0
			37.1094440000001,-75.9716639999999,0
			37.109722,-75.97139,0
			37.109722,-75.971107,0
			37.1102790000001,-75.970558,0
			37.1105540000001,-75.970558,0
			37.1108320000002,-75.9702759999999,0
			37.112221,-75.9702759999999,0
			37.1124990000001,-75.9700009999999,0
			37.1144450000002,-75.9700009999999,0
			37.1147230000001,-75.9702759999999,0
			37.1150020000001,-75.9700009999999,0
			37.1172220000001,-75.9700009999999,0
			37.1175000000002,-75.9702759999999,0
			37.1183320000001,-75.9702759999999,0
			37.1186100000002,-75.9700009999999,0
			37.1188890000001,-75.9700009999999,0
			37.1191670000001,-75.9702759999999,0
			37.120277,-75.9702759999999,0
			37.1205560000001,-75.9700009999999,0
			37.1213870000001,-75.9700009999999,0
			37.1216660000001,-75.9697189999999,0
			37.122776,-75.9697189999999,0
			37.1230550000001,-75.9694439999999,0
			37.1233330000002,-75.9697189999999,0
			37.123611,-75.9697189999999,0
			37.1238900000001,-75.9694439999999,0
			37.1258320000002,-75.9694439999999,0
			37.1260530000001,-75.9697489999999,0
			37.1263890000001,-75.9694439999999,0
			37.1266670000001,-75.9694439999999,0
			37.126945,-75.9697189999999,0
			37.127224,-75.9697189999999,0
			37.1274990000001,-75.9700009999999,0
			37.1277770000002,-75.9700009999999,0
			37.1280560000001,-75.9702759999999,0
			37.1302800000001,-75.9702759999999,0
			37.1305540000001,-75.970558,0
			37.1311110000001,-75.970558,0
			37.1313900000001,-75.9708329999999,0
			37.133057,-75.9708329999999,0
			37.1333350000001,-75.971107,0
			37.133888,-75.971107,0
			37.1344450000001,-75.9716639999999,0
			37.1347240000001,-75.9716639999999,0
			37.1349980000001,-75.9719469999999,0
			37.1358340000001,-75.9719469999999,0
			37.136112,-75.9722209999999,0
			37.1369440000001,-75.9722209999999,0
			37.137222,-75.972504,0
			37.1377790000001,-75.972504,0
			37.1380540000001,-75.9727779999999,0
			37.138931,-75.9728239999999,0
			37.1391680000001,-75.9730529999999,0
			37.139721,-75.9730529999999,0
			37.1399990000001,-75.972771,0
			37.1402780000001,-75.9730529999999,0
			37.140835,-75.9730529999999,0
			37.1411090000001,-75.973335,0
			37.1413880000001,-75.9730529999999,0
			37.1425020000001,-75.974167,0
			37.142776,-75.974167,0
			37.1430550000002,-75.9744419999999,0
			37.1436120000001,-75.9744419999999,0
			37.1438900000002,-75.974167,0
			37.1444440000002,-75.974167,0
			37.1447220000001,-75.9744419999999,0
			37.1458320000001,-75.9744419999999,0
			37.1461110000001,-75.974724,0
			37.147499,-75.974724,0
			37.1477780000002,-75.9749979999999,0
			37.1486130000002,-75.9749979999999,0
			37.1488880000002,-75.9752809999999,0
			37.1494450000001,-75.9752809999999,0
			37.1497230000002,-75.975555,0
			37.1502760000001,-75.975555,0
			37.150833,-75.9761119999999,0
			37.15139,-75.9761119999999,0
			37.1516690000001,-75.9758299999999,0
			37.1519430000002,-75.9758299999999,0
			37.1522220000002,-75.9761119999999,0
			37.1536100000001,-75.9761119999999,0
			37.153889,-75.976387,0
			37.154724,-75.976387,0
			37.1558340000001,-75.977501,0
			37.1563870000002,-75.977501,0
			37.1566660000001,-75.9777759999999,0
			37.1575010000001,-75.9777759999999,0
			37.1577760000002,-75.978058,0
			37.1583330000001,-75.978058,0
			37.1588900000002,-75.9786149999999,0
			37.1594430000001,-75.9786149999999,0
			37.1597210000002,-75.978889,0
			37.1602780000001,-75.9794459999999,0
			37.160557,-75.9794459999999,0
			37.1608310000001,-75.979721,0
			37.1608310000001,-75.980003,0
			37.1611100000002,-75.9802779999999,0
			37.1616670000001,-75.9802779999999,0
			37.1624980000001,-75.9811099999999,0
			37.163887,-75.982498,0
			37.1644440000001,-75.983055,0
			37.1652790000001,-75.983887,0
			37.1652790000001,-75.9844439999999,0
			37.1655540000002,-75.984726,0
			37.1655540000002,-75.9852749999999,0
			37.1658330000001,-75.985558,0
			37.1658330000001,-75.9869459999999,0
			37.1655540000002,-75.987221,0
			37.1655540000002,-75.9877779999999,0
			37.1652790000001,-75.988052,0
			37.165001,-75.988052,0
			37.164722,-75.9883349999999,0
			37.164722,-75.9886089999999,0
			37.165001,-75.988892,0
			37.1652790000001,-75.988892,0
			37.1655540000002,-75.989166,0
			37.1661110000001,-75.989166,0
			37.1663890000002,-75.9894409999999,0
			37.1666680000001,-75.989166,0
			37.1669430000001,-75.988892,0
			37.167221,-75.9886089999999,0
			37.1675,-75.9886089999999,0
			37.168056,-75.988052,0
			37.168335,-75.9877779999999,0
			37.1686100000001,-75.9875029999999,0
			37.1688880000002,-75.987221,0
			37.170555,-75.987221,0
			37.170834,-75.9875029999999,0
			37.1713910000001,-75.9875029999999,0
			37.171665,-75.9877779999999,0
			37.1719440000001,-75.9877779999999,0
			37.1722220000001,-75.988052,0
			37.172779,-75.9886089999999,0
			37.1736110000001,-75.9886089999999,0
			37.173889,-75.988892,0
			37.1741680000002,-75.989166,0
			37.1747210000001,-75.989166,0
			37.174999,-75.9894409999999,0
			37.175278,-75.9894409999999,0
			37.1755560000001,-75.989723,0
			37.1758350000001,-75.989998,0
			37.176388,-75.989998,0
			37.1769450000001,-75.990555,0
			37.177223,-75.990555,0
			37.1775020000002,-75.9908369999999,0
			37.1777760000001,-75.9908369999999,0
			37.1780550000001,-75.9911119999999,0
			37.1783330000002,-75.9911119999999,0
			37.178612,-75.991386,0
			37.178612,-75.9916689999999,0
			37.1788900000001,-75.9916689999999,0
			37.1791650000001,-75.9919429999999,0
			37.1802790000001,-75.993057,0
			37.1805570000002,-75.993057,0
			37.1808320000002,-75.993332,0
			37.1811100000001,-75.993332,0
			37.1816670000002,-75.993889,0
			37.181946,-75.993889,0
			37.1822200000001,-75.994164,0
			37.1824990000001,-75.994164,0
			37.1830560000002,-75.99472,0
			37.1833340000001,-75.9950029999999,0
			37.183887,-75.995552,0
			37.1847230000001,-75.9963909999999,0
			37.185276,-75.9963909999999,0
			37.1855550000002,-75.9966659999999,0
			37.1858330000001,-75.9966659999999,0
			37.1866680000001,-75.997498,0
			37.1869430000001,-75.997498,0
			37.1872220000001,-75.9977799999999,0
			37.1875000000002,-75.998055,0
			37.1877780000001,-75.998055,0
			37.1880570000001,-75.9983369999999,0
			37.1883320000001,-75.9983369999999,0
			37.18861,-75.9986109999999,0
			37.18861,-75.998886,0
			37.1888890000002,-75.9991679999999,0
			37.1891670000001,-75.9994429999999,0
			37.1894450000001,-75.9999999999999,0
			37.1897240000002,-76.0002749999999,0
			37.1897240000002,-76.0005569999999,0
			37.1899990000002,-76.0005569999999,0
			37.1899990000002,-76.0013889999999,0
			37.190304,-76.0015639999999,0
			37.1905560000001,-76.001793,0
			37.1908190000001,-76.002037,0
			37.1910740000001,-76.002335,0
			37.1913190000001,-76.0026779999999,0
			37.1916620000001,-76.0029679999998,0
			37.1920320000002,-76.003258,0
			37.1924510000002,-76.003502,0
			37.1928100000001,-76.0038299999999,0
			37.1931650000001,-76.0041889999999,0
			37.1934810000001,-76.0045929999999,0
			37.1937900000001,-76.0050429999999,0
			37.1940730000001,-76.0055159999999,0
			37.19442,-76.0059199999999,0
			37.1947820000001,-76.0063169999999,0
			37.1951900000001,-76.0066679999999,0
			37.1956140000001,-76.006996,0
			37.1960490000002,-76.0073169999999,0
			37.1964340000001,-76.0076899999999,0
			37.19685,-76.008034,0
			37.1973000000001,-76.0083469999999,0
			37.1977270000001,-76.008698,0
			37.1981240000001,-76.0090939999999,0
			37.1985740000002,-76.0094299999999,0
			37.1990740000002,-76.0097199999999,0
			37.1995810000002,-76.010002,0
			37.2000890000002,-76.0102769999999,0
			37.200607,-76.0105359999999,0
			37.2011340000001,-76.01078,0
			37.201672,-76.010994,0
			37.2022210000001,-76.0111919999999,0
			37.2027550000001,-76.011406,0
			37.2032590000001,-76.0116649999999,0
			37.2037470000001,-76.0119399999999,0
			37.2042350000002,-76.012215,0
			37.204727,-76.0124739999999,0
			37.205227,-76.0127259999999,0
			37.2057460000001,-76.0129469999999,0
			37.2063450000001,-76.0130839999998,0
			37.2069320000001,-76.01329,0
			37.2075770000001,-76.0133899999999,0
			37.2081830000001,-76.0135649999999,0
			37.2088360000002,-76.013611,0
			37.2094990000002,-76.013611,0
			37.2101630000002,-76.013611,0
			37.2108270000001,-76.0135959999999,0
			37.2114720000001,-76.0135119999999,0
			37.2120780000002,-76.013367,0
			37.2127040000001,-76.013336,0
			37.2133330000001,-76.013336,0
			37.213963,-76.013336,0
			37.2145810000002,-76.0132829999999,0
			37.2151410000001,-76.0130539999999,0
			37.2158320000001,-76.012779,0
			37.2161100000002,-76.012779,0
			37.216389,-76.0125269999999,0
			37.2166670000001,-76.0125119999999,0
			37.2169460000001,-76.0122219999999,0
			37.2169460000001,-76.0097199999999,0
			37.2166670000001,-76.009445,0
			37.2166670000001,-76.0088879999999,0
			37.2155570000001,-76.0077739999999,0
			37.2152790000002,-76.0080569999999,0
			37.215,-76.0080569999999,0
			37.2147220000001,-76.0083309999999,0
			37.21389,-76.0083309999999,0
			37.2136120000001,-76.0080569999999,0
			37.2136120000001,-76.0074999999999,0
			37.21389,-76.0072249999999,0
			37.214169,-76.0072249999999,0
			37.2144430000001,-76.0069429999999,0
			37.215,-76.0069429999999,0
			37.2161100000002,-76.005836,0
			37.2166670000001,-76.005836,0
			37.217224,-76.0063859999998,0
			37.217224,-76.0066679999999,0
			37.2177770000001,-76.0072249999999,0
			37.2177770000001,-76.0074999999999,0
			37.2180560000001,-76.0077739999999,0
			37.2180560000001,-76.0083309999999,0
			37.2177770000001,-76.008614,0
			37.2177770000001,-76.0105589999999,0
			37.2180560000001,-76.010834,0
			37.2180560000001,-76.0116349999999,0
			37.2180560000001,-76.0124969999999,0
			37.218334,-76.0124969999999,0
			37.2188490000001,-76.0125269999999,0
			37.2194710000001,-76.012665,0
			37.2200930000001,-76.0128019999999,0
			37.220676,-76.012985,0
			37.221252,-76.013,0
			37.2217830000001,-76.0127869999999,0
			37.2223240000001,-76.0125889999999,0
			37.2229310000001,-76.012459,0
			37.2235110000001,-76.0122679999999,0
			37.2241130000002,-76.0122219999999,0
			37.2247010000002,-76.0121769999999,0
			37.2252200000001,-76.0120009999999,0
			37.225784,-76.0119549999999,0
			37.2263570000002,-76.0119399999999,0
			37.226913,-76.011902,0
			37.2274320000001,-76.0117109999999,0
			37.2279620000001,-76.011589,0
			37.2284320000001,-76.011383,0
			37.228867,-76.0111469999999,0
			37.2293170000002,-76.010971,0
			37.2298130000001,-76.01078,0
			37.2301750000001,-76.0105589999999,0
			37.230537,-76.010284,0
			37.2308460000002,-76.0099789999999,0
			37.2310830000001,-76.009628,0
			37.231213,-76.0092239999999,0
			37.2313580000001,-76.008835,0
			37.2313880000001,-76.0084299999999,0
			37.2313880000001,-76.0080569999999,0
			37.2313840000001,-76.007751,0
			37.2314190000001,-76.007538,0
			37.2313880000001,-76.0061109999999,0
			37.2316670000001,-76.005836,0
			37.2316670000001,-76.0055539999999,0
			37.2313880000001,-76.00528,0
			37.2313880000001,-76.0047229999999,0
			37.2311100000002,-76.004448,0
			37.2311100000002,-76.0041659999999,0
			37.2308350000001,-76.0038909999999,0
			37.2308350000001,-76.0036089999999,0
			37.2305560000001,-76.0033339999999,0
			37.2305560000001,-76.001663,0
			37.2308350000001,-76.0013889999999,0
			37.2308350000001,-76.0002749999999,0
			37.2308880000001,-75.9999999999999,0
			37.230576,-75.9994809999999,0
			37.2303920000001,-75.9990309999999,0
			37.230267,-75.9986499999999,0
			37.23011,-75.998329,0
			37.2299460000002,-75.9980159999999,0
			37.2297480000001,-75.9977039999999,0
			37.2296490000001,-75.9973219999999,0
			37.2294810000002,-75.9969789999999,0
			37.2294010000002,-75.996582,0
			37.2292250000002,-75.996246,0
			37.2291300000001,-75.9958569999999,0
			37.2289280000001,-75.9955219999999,0
			37.2288700000001,-75.9951399999999,0
			37.228775,-75.9947739999999,0
			37.2286450000001,-75.9944379999999,0
			37.2286110000002,-75.994164,0
			37.2283330000001,-75.993889,0
			37.2283330000001,-75.9936139999999,0
			37.2277790000001,-75.993057,0
			37.2277790000001,-75.9927749999999,0
			37.2280540000001,-75.9924999999999,0
			37.2280540000001,-75.9922259999999,0
			37.2283330000001,-75.9919429999999,0
			37.2283330000001,-75.9908369999999,0
			37.2286110000002,-75.9908369999999,0
			37.2286110000002,-75.990555,0
			37.2291680000001,-75.989998,0
			37.2294430000001,-75.9902799999999,0
			37.2294430000001,-75.9911119999999,0
			37.2291680000001,-75.991386,0
			37.2291680000001,-75.9924999999999,0
			37.2294430000001,-75.9927749999999,0
			37.2294430000001,-75.9936139999999,0
			37.2300000000002,-75.994164,0
			37.2300000000002,-75.9944459999999,0
			37.2304500000001,-75.9947129999999,0
			37.2308620000001,-75.995041,0
			37.2312390000002,-75.995392,0
			37.2316400000001,-75.995712,0
			37.2319980000001,-75.9960629999999,0
			37.2323760000001,-75.996384,0
			37.2327770000001,-75.9966509999999,0
			37.2332190000001,-75.9968259999999,0
			37.2336430000001,-75.9969019999999,0
			37.2341650000002,-75.9966659999999,0
			37.2344440000002,-75.9963909999999,0
			37.2341650000002,-75.9961089999999,0
			37.2341650000002,-75.9952769999999,0
			37.233891,-75.9950029999999,0
			37.2341650000002,-75.99472,0
			37.2344440000002,-75.9944459999999,0
			37.2347220000001,-75.994164,0
			37.2344440000002,-75.993889,0
			37.2341650000002,-75.9936139999999,0
			37.2341650000002,-75.993332,0
			37.2344440000002,-75.993057,0
			37.2345890000001,-75.9929119999999,0
			37.2347220000001,-75.9927749999999,0
			37.2350010000001,-75.9924999999999,0
			37.2352790000002,-75.9922259999999,0
			37.2355540000001,-75.9919429999999,0
			37.2358320000001,-75.9916689999999,0
			37.2361110000001,-75.991386,0
			37.2361110000001,-75.9911119999999,0
			37.2359850000001,-75.99099,0
			37.2358320000001,-75.9908369999999,0
			37.2355540000001,-75.990555,0
			37.2352790000002,-75.9902799999999,0
			37.2350010000001,-75.989998,0
			37.2350010000001,-75.989723,0
			37.2347220000001,-75.9894409999999,0
			37.2347220000001,-75.988892,0
			37.2350010000001,-75.9886089999999,0
			37.2347220000001,-75.9883349999999,0
			37.2347220000001,-75.9877779999999,0
			37.2344440000002,-75.9875029999999,0
			37.2344440000002,-75.986664,0
			37.2347220000001,-75.986389,0
			37.2347220000001,-75.9861149999999,0
			37.2344440000002,-75.985832,0
			37.2344440000002,-75.984726,0
			37.2341650000002,-75.9844439999999,0
			37.2341650000002,-75.9836119999999,0
			37.233891,-75.98333,0
			37.233891,-75.9827799999999,0
			37.2341650000002,-75.982498,0
			37.2347220000001,-75.982498,0
			37.2350010000001,-75.9827799999999,0
			37.2350010000001,-75.98333,0
			37.2352790000002,-75.9836119999999,0
			37.2352790000002,-75.983887,0
			37.2355540000001,-75.984169,0
			37.2355540000001,-75.9844439999999,0
			37.2358320000001,-75.984726,0
			37.2358320000001,-75.986664,0
			37.2355540000001,-75.9869459999999,0
			37.2355540000001,-75.9875029999999,0
			37.2361110000001,-75.988052,0
			37.2363890000001,-75.9883349999999,0
			37.2363890000001,-75.9886089999999,0
			37.2366680000001,-75.988892,0
			37.2366680000001,-75.9894409999999,0
			37.236946,-75.989723,0
			37.236946,-75.989883,0
			37.236946,-75.9902799999999,0
			37.2372210000001,-75.990555,0
			37.2372210000001,-75.9908369999999,0
			37.2374990000001,-75.9911119999999,0
			37.2374990000001,-75.9919429999999,0
			37.236946,-75.9924999999999,0
			37.2366680000001,-75.9927749999999,0
			37.2363890000001,-75.9927749999999,0
			37.2361110000001,-75.993057,0
			37.2361110000001,-75.993889,0
			37.2363890000001,-75.994164,0
			37.2368970000001,-75.994659,0
			37.237465,-75.9949569999999,0
			37.2380940000002,-75.995171,0
			37.238762,-75.9952319999999,0
			37.2393990000002,-75.9950259999999,0
			37.2399440000002,-75.9946519999999,0
			37.2404400000001,-75.994225,0
			37.2410510000001,-75.994003,0
			37.2417070000001,-75.994087,0
			37.242397,-75.9941559999999,0
			37.2430500000001,-75.9941099999999,0
			37.2434730000001,-75.9937439999999,0
			37.243889,-75.993332,0
			37.243889,-75.9927749999999,0
			37.2441670000001,-75.9924999999999,0
			37.24361,-75.9919429999999,0
			37.24361,-75.9908369999999,0
			37.2441670000001,-75.9902799999999,0
			37.2441670000001,-75.989723,0
			37.2444460000001,-75.9894409999999,0
			37.2444460000001,-75.9886089999999,0
			37.24472,-75.9883349999999,0
			37.24472,-75.988052,0
			37.2449990000001,-75.9877779999999,0
			37.2449990000001,-75.9875029999999,0
			37.2452770000002,-75.987221,0
			37.2455560000001,-75.987221,0
			37.2458340000001,-75.9875029999999,0
			37.2458340000001,-75.9886089999999,0
			37.2455560000001,-75.988892,0
			37.2452770000002,-75.989166,0
			37.2452770000002,-75.989998,0
			37.2455560000001,-75.9902799999999,0
			37.2455560000001,-75.9919429999999,0
			37.246113,-75.9924999999999,0
			37.2463680000002,-75.9930189999999,0
			37.2466810000001,-75.9936139999999,0
			37.247047,-75.9941709999999,0
			37.2474290000002,-75.994705,0
			37.2478680000001,-75.9951169999999,0
			37.2483860000002,-75.9951629999999,0
			37.2488370000002,-75.9948269999999,0
			37.2491110000001,-75.9942319999999,0
			37.2492030000001,-75.9934689999999,0
			37.2494350000001,-75.992714,0
			37.2497060000001,-75.991997,0
			37.2501980000002,-75.9915159999999,0
			37.25095,-75.9914249999999,0
			37.2511100000001,-75.9911119999999,0
			37.251667,-75.9911119999999,0
			37.2519450000001,-75.9908369999999,0
			37.2524990000001,-75.9908369999999,0
			37.252777,-75.990555,0
			37.2533340000001,-75.990555,0
			37.2536130000001,-75.9908369999999,0
			37.2538870000002,-75.9908369999999,0
			37.2544440000001,-75.991386,0
			37.2547230000001,-75.9916689999999,0
			37.255001,-75.9919429999999,0
			37.25528,-75.9916689999999,0
			37.2558330000001,-75.9916689999999,0
			37.2566680000001,-75.9908369999999,0
			37.2566680000001,-75.989998,0
			37.2569430000001,-75.989723,0
			37.2569430000001,-75.9894409999999,0
			37.2580570000001,-75.9883349999999,0
			37.2580570000001,-75.987221,0
			37.25861,-75.986664,0
			37.2588880000001,-75.986664,0
			37.2591670000001,-75.9869459999999,0
			37.2591670000001,-75.987221,0
			37.2597240000002,-75.9877779999999,0
			37.2599980000001,-75.9875029999999,0
			37.2605550000002,-75.9875029999999,0
			37.2608340000002,-75.987221,0
			37.2613910000001,-75.9877779999999,0
			37.2613910000001,-75.9883349999999,0
			37.2611120000001,-75.9883349999999,0
			37.2608340000002,-75.9886089999999,0
			37.2605550000002,-75.9886089999999,0
			37.2602770000001,-75.988892,0
			37.259445,-75.988892,0
			37.2591670000001,-75.989166,0
			37.25861,-75.989166,0
			37.2583350000002,-75.9894409999999,0
			37.2583350000002,-75.989723,0
			37.2580570000001,-75.989998,0
			37.2580570000001,-75.9911119999999,0
			37.2577780000001,-75.991386,0
			37.2577780000001,-75.9919429999999,0
			37.2569350000002,-75.99279,0
			37.2566680000001,-75.993057,0
			37.25528,-75.993057,0
			37.255001,-75.9927749999999,0
			37.254166,-75.9927749999999,0
			37.2539220000001,-75.9925309999999,0
			37.2533340000001,-75.9924999999999,0
			37.2530560000002,-75.9924999999999,0
			37.2522280000001,-75.9924469999999,0
			37.2518650000001,-75.9925229999999,0
			37.2517130000001,-75.992722,0
			37.2514800000002,-75.992851,0
			37.2513080000002,-75.993034,0
			37.2511440000001,-75.99324,0
			37.2510450000001,-75.9935149999999,0
			37.2508850000002,-75.9937669999999,0
			37.2508350000001,-75.9941019999999,0
			37.2508320000001,-75.9944839999999,0
			37.2508320000001,-75.9948959999999,0
			37.2508350000001,-75.9953229999999,0
			37.2508350000001,-75.9957809999999,0
			37.2508350000001,-75.996246,0
			37.2507900000001,-75.9967119999999,0
			37.2505570000002,-75.9971159999999,0
			37.250282,-75.9975279999999,0
			37.2499810000002,-75.9979399999999,0
			37.2496150000001,-75.998299,0
			37.2491650000001,-75.998573,0
			37.248672,-75.998802,0
			37.2481350000002,-75.998886,0
			37.2475890000001,-75.9988559999999,0
			37.247105,-75.9986109999999,0
			37.246628,-75.998329,0
			37.2461810000001,-75.997993,0
			37.2457890000001,-75.9976039999999,0
			37.2453500000001,-75.99733,0
			37.2448810000001,-75.997337,0
			37.2444690000001,-75.997719,0
			37.2441670000001,-75.9983369999999,0
			37.243889,-75.9986109999999,0
			37.24361,-75.998886,0
			37.2433320000001,-75.998886,0
			37.2430570000001,-75.9991679999999,0
			37.2416650000001,-75.9991679999999,0
			37.2416650000001,-75.9994429999999,0
			37.2417760000002,-75.9999999999999,0
			37.23745,-75.9999999999999,0
			37.2372210000001,-75.9991679999999,0
			37.2372210000001,-75.9986109999999,0
			37.236946,-75.9983369999999,0
			37.2366680000001,-75.998055,0
			37.2363890000001,-75.998055,0
			37.2361110000001,-75.9977799999999,0
			37.2355540000001,-75.9977799999999,0
			37.2352790000002,-75.998055,0
			37.2350010000001,-75.998055,0
			37.2350010000001,-75.9983369999999,0
			37.2347530000001,-75.9985809999999,0
			37.23476,-75.998886,0
			37.2344440000002,-75.9991679999999,0
			37.2341650000002,-75.9994429999999,0
			37.2344440000002,-75.9997249999999,0
			37.2341460000002,-75.9999999999999,0
			37.2341650000002,-76.0002749999999,0
			37.233891,-76.0008319999999,0
			37.2337950000001,-76.0010379999999,0
			37.233734,-76.001717,0
			37.233891,-76.00222,0
			37.2338260000002,-76.0048139999999,0
			37.2343980000001,-76.0051569999999,0
			37.2350010000001,-76.0049969999999,0
			37.2352790000002,-76.00528,0
			37.2352790000002,-76.005836,0
			37.2361110000001,-76.0066679999999,0
			37.236141,-76.0074999999999,0
			37.236164,-76.007866,0
			37.2362370000002,-76.0083009999998,0
			37.2363890000001,-76.0088879999999,0
			37.236572,-76.0095139999999,0
			37.2367100000001,-76.0100709999999,0
			37.23695,-76.0105129999999,0
			37.237171,-76.0107419999999,0
			37.2377240000001,-76.011497,0
			37.237354,-76.0125119999999,0
			37.2371790000001,-76.0125889999999,0
			37.2367020000001,-76.0133589999999,0
			37.236317,-76.0134429999999,0
			37.2361910000001,-76.013992,0
			37.2364310000001,-76.01445,0
			37.236881,-76.014778,0
			37.2373390000001,-76.0151289999999,0
			37.2377590000002,-76.0155109999999,0
			37.2382390000001,-76.0158309999999,0
			37.2387310000001,-76.0161359999999,0
			37.2391970000002,-76.0164719999999,0
			37.2397270000001,-76.0167239999999,0
			37.2402760000001,-76.0169529999999,0
			37.2408030000001,-76.0172199999999,0
			37.2413290000001,-76.017487,0
			37.2418630000001,-76.0177149999999,0
			37.2423480000001,-76.0179899999999,0
			37.2428860000002,-76.018166,0
			37.2434200000001,-76.018364,0
			37.2439120000002,-76.018631,0
			37.244404,-76.018906,0
			37.2448810000001,-76.0191879999999,0
			37.245338,-76.019485,0
			37.2458310000001,-76.0197299999999,0
			37.246311,-76.020004,0
			37.2467800000002,-76.0202709999999,0
			37.2472570000002,-76.020538,0
			37.2477420000002,-76.02079,0
			37.2482410000001,-76.021034,0
			37.2486880000001,-76.0213549999999,0
			37.2491460000002,-76.021652,0
			37.2496110000001,-76.021942,0
			37.2500840000001,-76.0222239999999,0
			37.250568,-76.022484,0
			37.2510870000002,-76.0226969999999,0
			37.2515680000002,-76.0229639999999,0
			37.2520100000002,-76.023247,0
			37.252502,-76.0234599999999,0
			37.2530100000001,-76.0236659999999,0
			37.2534900000001,-76.023903,0
			37.2539630000001,-76.02417,0
			37.2544360000002,-76.0244369999999,0
			37.2549510000001,-76.0246429999999,0
			37.2555430000001,-76.0247569999999,0
			37.2561150000002,-76.024956,0
			37.2567560000001,-76.0250089999999,0
			37.2574040000001,-76.0250849999999,0
			37.2581560000001,-76.0255509999999,0
			37.2586820000001,-76.0255049999999,0
			37.2593350000001,-76.0252379999999,0
			37.2599600000001,-76.02507,0
			37.26059,-76.0250089999999,0
			37.261509,-76.0247119999999,0
			37.2621310000002,-76.0246959999999,0
			37.2624630000001,-76.0255889999999,0
			37.2627980000001,-76.026039,0
			37.2631800000001,-76.025955,0
			37.2633210000001,-76.0238949999999,0
			37.2636110000001,-76.023613,0
			37.2637980000001,-76.023331,0
			37.2640110000002,-76.023285,0
			37.2643810000002,-76.0230099999999,0
			37.2641680000002,-76.022499,0
			37.2641680000002,-76.021667,0
			37.2638890000002,-76.0213849999999,0
			37.2638890000002,-76.020836,0
			37.2636110000001,-76.0205539999999,0
			37.2636110000001,-76.0197219999999,0
			37.2636410000001,-76.0189819999999,0
			37.2639500000001,-76.0183489999999,0
			37.26358,-76.018074,0
			37.26358,-76.017746,0
			37.2638890000002,-76.016945,0
			37.2638890000002,-76.01667,0
			37.2641680000002,-76.0163879999999,0
			37.2645260000001,-76.0164719999999,0
			37.2647210000001,-76.016945,0
			37.2647210000001,-76.017502,0
			37.2649990000002,-76.017776,0
			37.2649990000002,-76.0180589999999,0
			37.2647210000001,-76.018333,0
			37.2647210000001,-76.019165,0
			37.2652780000002,-76.0197219999999,0
			37.2652780000002,-76.019997,0
			37.2655560000001,-76.020279,0
			37.2655560000001,-76.0205539999999,0
			37.2658350000001,-76.020836,0
			37.2658350000001,-76.0222239999999,0
			37.266109,-76.022499,0
			37.266109,-76.023331,0
			37.2663880000002,-76.023613,0
			37.2669450000001,-76.023613,0
			37.2672230000002,-76.0238879999999,0
			37.2677380000001,-76.0236209999998,0
			37.268112,-76.023331,0
			37.2685130000002,-76.023071,0
			37.2689550000001,-76.0228729999999,0
			37.2694510000001,-76.0227429999999,0
			37.2699200000002,-76.022545,0
			37.2704470000001,-76.022499,0
			37.2709880000001,-76.0224909999999,0
			37.2715230000001,-76.0224299999999,0
			37.2720110000002,-76.022232,0
			37.2725110000002,-76.022049,0
			37.273018,-76.021858,0
			37.2734790000002,-76.0216139999999,0
			37.2738570000002,-76.02124,0
			37.2741620000002,-76.0207819999999,0
			37.2744290000001,-76.020279,0
			37.2746200000001,-76.0197299999999,0
			37.2748260000001,-76.019196,0
			37.2750820000001,-76.0187,0
			37.2754210000001,-76.0182799999999,0
			37.275719,-76.017822,0
			37.2760810000001,-76.017418,0
			37.276436,-76.0170139999999,0
			37.2767980000002,-76.0166399999999,0
			37.2771190000001,-76.0162199999999,0
			37.2774240000001,-76.0157999999999,0
			37.2776910000001,-76.015366,0
			37.277954,-76.014954,0
			37.2781790000002,-76.0145189999999,0
			37.278488,-76.0141749999999,0
			37.2788200000001,-76.013878,0
			37.279167,-76.013611,0
			37.279167,-76.013336,0
			37.2802770000001,-76.0122219999999,0
			37.280556,-76.0122219999999,0
			37.2808340000001,-76.011948,0
			37.2813870000001,-76.011948,0
			37.281666,-76.0116649999999,0
			37.282501,-76.0116649999999,0
			37.2827760000001,-76.011948,0
			37.2827760000001,-76.0122219999999,0
			37.2830540000002,-76.0124969999999,0
			37.2830540000002,-76.012779,0
			37.2830730000001,-76.0129779999999,0
			37.283257,-76.01329,0
			37.283379,-76.0136799999999,0
			37.2836,-76.0140299999999,0
			37.2838250000001,-76.014404,0
			37.284008,-76.0148089999999,0
			37.2843060000002,-76.015121,0
			37.284721,-76.0153499999999,0
			37.2851640000001,-76.0155639999999,0
			37.2856100000001,-76.0158159999999,0
			37.286121,-76.016037,0
			37.2865450000002,-76.0162579999999,0
			37.2870250000001,-76.0164719999999,0
			37.2875210000001,-76.0166779999999,0
			37.2880130000001,-76.0168909999999,0
			37.2885400000002,-76.016945,0
			37.2890740000001,-76.016945,0
			37.2896000000001,-76.016899,0
			37.290073,-76.0166629999999,0
			37.2905200000001,-76.0163499999999,0
			37.290936,-76.0160059999999,0
			37.2913170000001,-76.015617,0
			37.2916560000001,-76.0151749999999,0
			37.2919620000002,-76.014694,0
			37.2922250000001,-76.0141749999999,0
			37.2925030000002,-76.0136639999999,0
			37.2928160000001,-76.0131909999999,0
			37.2932090000002,-76.012794,0
			37.293663,-76.012459,0
			37.2941740000001,-76.0121769999999,0
			37.2947120000002,-76.0119319999999,0
			37.295258,-76.0117189999999,0
			37.2958410000002,-76.0116809999999,0
			37.2963450000001,-76.0117799999999,0
			37.2964210000002,-76.0117949999999,0
			37.2969890000001,-76.011902,0
			37.2975310000002,-76.0118639999999,0
			37.2979700000001,-76.0115969999999,0
			37.2983210000002,-76.0111849999999,0
			37.2985990000001,-76.010712,0
			37.298824,-76.0102009999999,0
			37.2989770000001,-76.0096439999999,0
			37.299133,-76.0090939999999,0
			37.2991870000001,-76.0085139999999,0
			37.2992780000001,-76.007957,0
			37.2993850000001,-76.0074309999999,0
			37.2992780000001,-76.0069119999999,0
			37.2991410000001,-76.0063859999998,0
			37.2989430000001,-76.005882,0
			37.2988890000001,-76.0053099999999,0
			37.2988400000001,-76.0047379999999,0
			37.2986980000001,-76.0042109999999,0
			37.298702,-76.0037379999999,0
			37.2988780000001,-76.0032199999999,0
			37.2989690000001,-76.001953,0
			37.300076,-76.0026469999999,0
			37.3005910000001,-76.002663,0
			37.3010750000001,-76.0029069999999,0
			37.3015750000001,-76.0030209999999,0
			37.3020710000001,-76.002922,0
			37.3025740000002,-76.0028,0
			37.3030890000002,-76.0027769999999,0
			37.3036000000001,-76.0027769999999,0
			37.3040960000001,-76.0027769999999,0
			37.3045730000002,-76.002785,0
			37.3050230000001,-76.0028379999999,0
			37.3054310000001,-76.0030139999999,0
			37.3058590000002,-76.0030979999999,0
			37.3060070000002,-76.003166,0
			37.3062290000001,-76.0032649999999,0
			37.306587,-76.003326,0
			37.3069380000001,-76.003281,0
			37.3072320000001,-76.0031049999999,0
			37.3074990000002,-76.003052,0
			37.3074990000002,-76.0027769999999,0
			37.3077770000001,-76.0025019999999,0
			37.3077770000001,-76.0008319999999,0
			37.3076130000002,-76.000671,0
			37.3074990000002,-76.0005569999999,0
			37.3074990000002,-75.9999999999999,0
			37.3077770000001,-75.9997249999999,0
			37.3080560000001,-75.9994429999999,0
			37.3080560000001,-75.9986109999999,0
			37.3081890000001,-75.9980699999999,0
			37.3083500000001,-75.9974899999999,0
			37.3086010000001,-75.9969479999999,0
			37.308865,-75.996429,0
			37.3092080000002,-75.9959869999999,0
			37.309631,-75.9956359999999,0
			37.3100320000001,-75.9952469999999,0
			37.3103100000001,-75.9947359999999,0
			37.310574,-75.994202,0
			37.3108330000002,-75.9936139999999,0
			37.3108330000002,-75.993332,0
			37.3113900000001,-75.9927749999999,0
			37.3113900000001,-75.991386,0
			37.311111,-75.991386,0
			37.3108330000002,-75.9911119999999,0
			37.3108330000002,-75.9908369999999,0
			37.311111,-75.990555,0
			37.311111,-75.9902799999999,0
			37.3108330000002,-75.989998,0
			37.3108330000002,-75.989166,0
			37.3102760000001,-75.9886089999999,0
			37.3105550000001,-75.988052,0
			37.3105550000001,-75.986664,0
			37.3097230000001,-75.985832,0
			37.3094440000002,-75.985832,0
			37.3091660000001,-75.985558,0
			37.3088870000001,-75.9852749999999,0
			37.3088870000001,-75.985001,0
			37.3091660000001,-75.984726,0
			37.3091660000001,-75.984169,0
			37.3094440000002,-75.983887,0
			37.3094440000002,-75.983055,0
			37.3097230000001,-75.9827799999999,0
			37.3094440000002,-75.982498,0
			37.3094440000002,-75.981667,0
			37.3091660000001,-75.981392,0
			37.3088870000001,-75.9811099999999,0
			37.3086130000002,-75.9811099999999,0
			37.3074990000002,-75.980003,0
			37.3074990000002,-75.979721,0
			37.3061100000002,-75.978333,0
			37.3058320000001,-75.978333,0
			37.3055570000001,-75.978058,0
			37.306389,-75.9772189999999,0
			37.3066670000001,-75.977501,0
			37.3066670000001,-75.9777759999999,0
			37.306946,-75.978058,0
			37.30722,-75.9777759999999,0
			37.3074990000002,-75.978058,0
			37.3077770000001,-75.978058,0
			37.3077770000001,-75.978333,0
			37.3083340000002,-75.978889,0
			37.3083340000002,-75.9791639999999,0
			37.3088870000001,-75.979721,0
			37.3097230000001,-75.979721,0
			37.3105550000001,-75.980553,0
			37.3105550000001,-75.980835,0
			37.3108330000002,-75.9811099999999,0
			37.3108330000002,-75.982498,0
			37.311111,-75.9827799999999,0
			37.311111,-75.983055,0
			37.3113900000001,-75.98333,0
			37.3113900000001,-75.983887,0
			37.3122220000001,-75.9852749999999,0
			37.311111,-75.9869459999999,0
			37.3113900000001,-75.987221,0
			37.3113900000001,-75.988052,0
			37.3116680000002,-75.988052,0
			37.3119430000002,-75.9877779999999,0
			37.3122220000001,-75.9877779999999,0
			37.3125000000001,-75.9875029999999,0
			37.3127780000002,-75.9875029999999,0
			37.3133320000002,-75.9869459999999,0
			37.3136060000001,-75.9868319999999,0
			37.3139340000001,-75.9866709999999,0
			37.3143010000001,-75.9865339999999,0
			37.3147160000001,-75.9864119999999,0
			37.3152010000001,-75.9863509999998,0
			37.3155560000001,-75.9861149999999,0
			37.3158340000001,-75.9861149999999,0
			37.316113,-75.985832,0
			37.3165020000001,-75.985832,0
			37.3166660000002,-75.985832,0
			37.3172230000001,-75.9852749999999,0
			37.3172230000001,-75.9844439999999,0
			37.3175010000001,-75.984169,0
			37.3172230000001,-75.983887,0
			37.3172230000001,-75.98333,0
			37.3169250000001,-75.983055,0
			37.3169250000001,-75.9829329999998,0
			37.316944,-75.981667,0
			37.3166660000002,-75.981392,0
			37.3166660000002,-75.980835,0
			37.3163870000001,-75.980553,0
			37.3163870000001,-75.980003,0
			37.3166660000002,-75.979721,0
			37.3166660000002,-75.978333,0
			37.3163870000001,-75.978058,0
			37.3163870000001,-75.9777759999999,0
			37.3166660000002,-75.977501,0
			37.3166660000002,-75.976387,0
			37.316944,-75.9761119999999,0
			37.316944,-75.9758299999999,0
			37.3172230000001,-75.975555,0
			37.3172230000001,-75.9749979999999,0
			37.3175010000001,-75.974724,0
			37.3175010000001,-75.9744419999999,0
			37.3172230000001,-75.974167,0
			37.3172230000001,-75.973892,0
			37.3177800000001,-75.973335,0
			37.3180540000001,-75.973335,0
			37.3180540000001,-75.9736099999999,0
			37.3183330000001,-75.973892,0
			37.3183330000001,-75.9752809999999,0
			37.3186110000001,-75.975555,0
			37.3183330000001,-75.9758299999999,0
			37.3183330000001,-75.976669,0
			37.3180540000001,-75.9769439999999,0
			37.3180540000001,-75.977501,0
			37.3177800000001,-75.9777759999999,0
			37.3177800000001,-75.980003,0
			37.3180540000001,-75.9802779999999,0
			37.3180540000001,-75.980835,0
			37.3183330000001,-75.9811099999999,0
			37.3183330000001,-75.981392,0
			37.319168,-75.982224,0
			37.319168,-75.983299,0
			37.319168,-75.983887,0
			37.319443,-75.984169,0
			37.319443,-75.985832,0
			37.3197210000001,-75.9861149999999,0
			37.3197210000001,-75.9869459999999,0
			37.3200000000001,-75.987221,0
			37.320274,-75.987625,0
			37.3205530000001,-75.988129,0
			37.3208500000001,-75.988625,0
			37.32127,-75.9890289999999,0
			37.3218310000001,-75.9893039999999,0
			37.3225140000001,-75.989433,0
			37.3232460000001,-75.9894489999999,0
			37.3239630000001,-75.989426,0
			37.3245960000001,-75.98925,0
			37.3249930000001,-75.988815,0
			37.3253140000002,-75.988304,0
			37.3256450000002,-75.9878009999999,0
			37.3260080000001,-75.9873279999999,0
			37.3263590000001,-75.9868319999999,0
			37.326637,-75.9862749999999,0
			37.3268360000001,-75.9856639999999,0
			37.327026,-75.9850309999999,0
			37.327236,-75.984428,0
			37.3273320000002,-75.9840159999999,0
			37.3273770000001,-75.9838259999999,0
			37.3272400000002,-75.9831919999999,0
			37.3270870000001,-75.982498,0
			37.3269620000001,-75.9818119999999,0
			37.326897,-75.981125,0
			37.3267820000002,-75.9805219999999,0
			37.326942,-75.9803309999999,0
			37.3271750000001,-75.980049,0
			37.3277850000002,-75.9798279999999,0
			37.3282700000001,-75.9801409999999,0
			37.3285870000001,-75.98069,0
			37.3288230000001,-75.981308,0
			37.3290980000001,-75.9818649999999,0
			37.3294220000001,-75.982368,0
			37.3296550000002,-75.9829099999999,0
			37.3296850000002,-75.983505,0
			37.3295060000001,-75.9841079999999,0
			37.3293110000001,-75.9847409999999,0
			37.3291850000002,-75.98542,0
			37.329121,-75.9861149999999,0
			37.3289260000001,-75.9867779999999,0
			37.3288880000001,-75.9874879999999,0
			37.32893,-75.9881969999999,0
			37.329166,-75.988838,0
			37.329441,-75.9894789999999,0
			37.3296240000001,-75.9899139999999,0
			37.3297230000001,-75.990143,0
			37.330025,-75.9907909999999,0
			37.330433,-75.991257,0
			37.330875,-75.9913179999999,0
			37.3312990000001,-75.9911119999999,0
			37.3317180000001,-75.9908369999999,0
			37.332161,-75.9906459999999,0
			37.3325920000001,-75.9906999999999,0
			37.3329700000002,-75.991096,0
			37.3332630000001,-75.991562,0
			37.3331640000001,-75.9920729999999,0
			37.3328020000001,-75.992554,0
			37.3323550000001,-75.993004,0
			37.3317950000001,-75.993332,0
			37.3312000000001,-75.9936139999999,0
			37.330605,-75.9938959999999,0
			37.3300130000001,-75.994164,0
			37.3294070000001,-75.9943469999999,0
			37.328758,-75.9941859999999,0
			37.3280750000002,-75.994049,0
			37.3274040000001,-75.9939189999999,0
			37.3267560000001,-75.9939799999999,0
			37.3262060000001,-75.9942399999999,0
			37.3257450000001,-75.9945979999999,0
			37.3251840000001,-75.9948199999999,0
			37.324593,-75.994972,0
			37.323975,-75.9950259999999,0
			37.3234140000002,-75.995186,0
			37.3228990000002,-75.9953609999999,0
			37.3225210000002,-75.995705,0
			37.3222240000001,-75.996124,0
			37.3219490000001,-75.9965589999999,0
			37.321697,-75.9970169999999,0
			37.3214840000002,-75.9974899999999,0
			37.3212360000001,-75.997925,0
			37.3209530000001,-75.9983059999999,0
			37.3205760000002,-75.998573,0
			37.3201290000001,-75.998756,0
			37.3196600000001,-75.998871,0
			37.319168,-75.9988939999999,0
			37.3186800000001,-75.998871,0
			37.3182260000001,-75.9987719999999,0
			37.3178140000001,-75.9986719999999,0
			37.3173940000001,-75.998909,0
			37.316677,-75.999329,0
			37.3172230000001,-75.9999999999999,0
			37.3169140000001,-76.001808,0
			37.3168830000001,-76.0023959999999,0
			37.3169140000001,-76.00267,0
			37.3171010000001,-76.0032269999999,0
			37.3172530000001,-76.0038149999999,0
			37.3170050000001,-76.0041659999999,0
			37.3167920000001,-76.0046009999999,0
			37.316265,-76.0050579999999,0
			37.3152770000002,-76.0049969999999,0
			37.3147240000001,-76.0049969999999,0
			37.314445,-76.00528,0
			37.3141670000002,-76.00528,0
			37.3121150000002,-76.007172,0
			37.312057,-76.0074079999999,0
			37.31192,-76.0076449999999,0
			37.3117490000001,-76.0078809999999,0
			37.3116460000001,-76.008202,0
			37.311497,-76.0085219999999,0
			37.3113980000002,-76.0088879999999,0
			37.3113250000002,-76.009285,0
			37.311111,-76.0097199999999,0
			37.311111,-76.012779,0
			37.3125000000001,-76.014168,0
			37.3125000000001,-76.0155559999999,0
			37.3127780000002,-76.0158309999999,0
			37.3127780000002,-76.0163879999999,0
			37.3129580000001,-76.0165709999999,0
			37.3130570000001,-76.01667,0
			37.3130570000001,-76.016945,0
			37.3127780000002,-76.0172199999999,0
			37.312229,-76.0171589999999,0
			37.3119430000002,-76.016945,0
			37.3119430000002,-76.01667,0
			37.3116680000002,-76.0163879999999,0
			37.3116680000002,-76.016113,0
			37.3113900000001,-76.0158309999999,0
			37.3117980000001,-76.015411,0
			37.3117600000001,-76.0152739999999,0
			37.3117370000002,-76.0150679999999,0
			37.3108330000002,-76.014954,0
			37.3097230000001,-76.0158309999999,0
			37.3093990000002,-76.0156709999999,0
			37.309395,-76.015442,0
			37.3095970000001,-76.015121,0
			37.310005,-76.0142209999999,0
			37.310589,-76.013878,0
			37.3100930000001,-76.0135959999999,0
			37.309135,-76.0143199999999,0
			37.3085480000001,-76.014709,0
			37.307858,-76.014755,0
			37.3077130000001,-76.014954,0
			37.3074230000001,-76.0154339999999,0
			37.3068200000001,-76.015663,0
			37.3064190000002,-76.015778,0
			37.30587,-76.015953,0
			37.3056220000001,-76.015823,0
			37.3049430000001,-76.0163959999999,0
			37.3046840000001,-76.016945,0
			37.30444,-76.0175169999999,0
			37.3041690000002,-76.018074,0
			37.3038750000002,-76.018616,0
			37.3035160000001,-76.0191039999999,0
			37.3031040000001,-76.0195239999999,0
			37.3027460000002,-76.0199659999999,0
			37.3024140000001,-76.019493,0
			37.3018610000001,-76.0199739999999,0
			37.3012920000002,-76.020546,0
			37.2996860000001,-76.0203319999998,0
			37.2990460000001,-76.0204009999999,0
			37.2982790000001,-76.0196079999999,0
			37.2978250000002,-76.0186839999999,0
			37.2972560000002,-76.0189589999999,0
			37.2972720000001,-76.0197679999999,0
			37.2973670000001,-76.0212169999999,0
			37.2984430000001,-76.0213389999999,0
			37.2988660000001,-76.0217509999999,0
			37.3008650000002,-76.0215909999999,0
			37.302353,-76.021202,0
			37.3035770000002,-76.02108,0
			37.3043140000001,-76.021065,0
			37.305031,-76.0208819999999,0
			37.3057790000001,-76.020836,0
			37.3065220000001,-76.0207819999999,0
			37.3072320000001,-76.0205989999999,0
			37.307976,-76.0205539999999,0
			37.3080670000001,-76.020546,0
			37.3087200000001,-76.0205079999999,0
			37.3094290000001,-76.0203319999998,0
			37.3101650000002,-76.0202709999999,0
			37.3108860000001,-76.0201949999999,0
			37.3115540000001,-76.019989,0
			37.3121990000002,-76.0197679999999,0
			37.3128700000001,-76.019691,0
			37.3134990000001,-76.0195539999999,0
			37.3141060000001,-76.0193859999999,0
			37.3146860000001,-76.019165,0
			37.3152730000002,-76.0189359999999,0
			37.3159140000001,-76.0188449999999,0
			37.3165320000001,-76.0186769999999,0
			37.3171960000001,-76.01857,0
			37.317841,-76.018379,0
			37.3185080000001,-76.018288,0
			37.3191220000002,-76.018089,0
			37.3197630000001,-76.017982,0
			37.3203540000001,-76.0177689999999,0
			37.3209340000001,-76.017548,0
			37.3215710000001,-76.017456,0
			37.3221740000001,-76.0172649999999,0
			37.3228030000001,-76.0171809999999,0
			37.3233830000001,-76.017006,0
			37.323975,-76.01683,0
			37.3245430000001,-76.0165939999999,0
			37.3251270000001,-76.0164719999999,0
			37.3254890000001,-76.016113,0
			37.3257980000001,-76.0159449999999,0
			37.3261680000001,-76.0157999999999,0
			37.3269690000001,-76.0154649999999,0
			37.3273770000001,-76.0152209999999,0
			37.3276980000001,-76.0151519999999,0
			37.3282850000002,-76.0151059999999,0
			37.3291320000001,-76.014801,0
			37.3297620000001,-76.014618,0
			37.3301470000002,-76.014198,0
			37.330589,-76.0138549999999,0
			37.331036,-76.013527,0
			37.3314250000001,-76.0131449999999,0
			37.3318330000001,-76.012794,0
			37.3322910000001,-76.0125199999999,0
			37.3328090000002,-76.0123209999999,0
			37.333359,-76.012169,0
			37.33387,-76.0119399999999,0
			37.3343540000001,-76.0116649999999,0
			37.3348310000001,-76.0113909999999,0
			37.3353000000001,-76.0111079999999,0
			37.3357620000001,-76.010834,0
			37.336212,-76.010544,0
			37.3366390000002,-76.0102309999999,0
			37.3370480000001,-76.009911,0
			37.3374560000001,-76.0095979999999,0
			37.3378110000002,-76.009239,0
			37.3381770000001,-76.0088959999999,0
			37.3385430000001,-76.0085679999999,0
			37.3388820000001,-76.008209,0
			37.339211,-76.007843,0
			37.3395730000001,-76.0075229999999,0
			37.3399730000002,-76.00724,0
			37.3403590000001,-76.00695,0
			37.3407520000001,-76.00666,0
			37.341133,-76.0063549999999,0
			37.3414800000002,-76.0060199999999,0
			37.341824,-76.0056839999999,0
			37.3422050000001,-76.0053789999999,0
			37.3425640000002,-76.005035,0
			37.3429410000001,-76.0047069999999,0
			37.3433070000002,-76.004364,0
			37.3436620000001,-76.004013,0
			37.3440590000002,-76.0037,0
			37.3443910000001,-76.0033339999999,0
			37.344707,-76.0029749999999,0
			37.3450050000001,-76.0026169999999,0
			37.3452990000001,-76.0022739999999,0
			37.3455960000002,-76.0019609999999,0
			37.345882,-76.001671,0
			37.3461610000001,-76.0013959999999,0
			37.3464240000001,-76.0011519999999,0
			37.3466990000001,-76.0009379999999,0
			37.3469850000002,-76.0007709999999,0
			37.3472100000001,-76.0005869999999,0
			37.3474390000001,-76.000458,0
			37.3476260000001,-76.0003509999999,0
			37.3477780000001,-75.9999999999999,0
			37.3491670000001,-75.9991679999999,0
			37.3497240000002,-75.9986109999999,0
			37.3505550000002,-75.9986109999999,0
			37.3511120000001,-75.998055,0
			37.3519440000002,-75.998055,0
			37.3533330000001,-75.9966659999999,0
			37.3536110000001,-75.9966659999999,0
			37.3544430000002,-75.9958339999999,0
			37.3544430000002,-75.995552,0
			37.354721,-75.9952769999999,0
			37.3561100000001,-75.9952769999999,0
			37.3566670000001,-75.99472,0
			37.3569450000001,-75.99472,0
			37.358055,-75.9936139999999,0
			37.3591650000001,-75.9924999999999,0
			37.3594440000001,-75.9924999999999,0
			37.3594440000001,-75.9922259999999,0
			37.3597220000001,-75.9919429999999,0
			37.3600010000001,-75.9922259999999,0
			37.3611110000001,-75.9911119999999,0
			37.361668,-75.9911119999999,0
			37.3619460000001,-75.991386,0
			37.362778,-75.990555,0
			37.3630560000001,-75.9908369999999,0
			37.3636090000001,-75.9902799999999,0
			37.363888,-75.9902799999999,0
			37.3641660000001,-75.990555,0
			37.3641660000001,-75.9908369999999,0
			37.3644450000001,-75.9908369999999,0
			37.364723,-75.990555,0
			37.364723,-75.9902799999999,0
			37.3650020000002,-75.9902799999999,0
			37.3655550000001,-75.989723,0
			37.365833,-75.989723,0
			37.366112,-75.9894409999999,0
			37.3663900000001,-75.9894409999999,0
			37.3666650000001,-75.989166,0
			37.366943,-75.989166,0
			37.367222,-75.988892,0
			37.3675000000001,-75.988892,0
			37.3675000000001,-75.9886089999999,0
			37.3677790000001,-75.9883349999999,0
			37.3675000000001,-75.988052,0
			37.3675000000001,-75.9877779999999,0
			37.3677790000001,-75.9875029999999,0
			37.368092,-75.987495,0
			37.3680570000002,-75.987221,0
			37.3686100000001,-75.986664,0
			37.3686100000001,-75.985001,0
			37.368332,-75.984726,0
			37.3677410000001,-75.984726,0
			37.3666650000001,-75.984726,0
			37.365833,-75.983887,0
			37.3655550000001,-75.983887,0
			37.3650020000002,-75.98333,0
			37.364723,-75.9836119999999,0
			37.3636090000001,-75.9836119999999,0
			37.3633350000001,-75.98333,0
			37.362499,-75.98333,0
			37.3619460000001,-75.9827799999999,0
			37.361668,-75.9827799999999,0
			37.3611110000001,-75.982224,0
			37.3611110000001,-75.981667,0
			37.3608320000001,-75.981392,0
			37.3608320000001,-75.980553,0
			37.361389,-75.980003,0
			37.361389,-75.979721,0
			37.3619460000001,-75.9791639999999,0
			37.3619460000001,-75.978889,0
			37.3622210000001,-75.9786149999999,0
			37.3622210000001,-75.977501,0
			37.362499,-75.9772189999999,0
			37.362499,-75.9749979999999,0
			37.362778,-75.974724,0
			37.362778,-75.9744419999999,0
			37.3630560000001,-75.974167,0
			37.3630560000001,-75.973892,0
			37.3633350000001,-75.9736099999999,0
			37.3633350000001,-75.9727779999999,0
			37.3630560000001,-75.972504,0
			37.3630560000001,-75.9722209999999,0
			37.362499,-75.9716639999999,0
			37.362499,-75.97139,0
			37.3622210000001,-75.971107,0
			37.3622210000001,-75.9708329999999,0
			37.362499,-75.970558,0
			37.362499,-75.9702759999999,0
			37.3633350000001,-75.9694439999999,0
			37.363888,-75.9700009999999,0
			37.363888,-75.9708329999999,0
			37.3641660000001,-75.971107,0
			37.3641660000001,-75.9716639999999,0
			37.3644450000001,-75.9719469999999,0
			37.3644450000001,-75.9730529999999,0
			37.3641660000001,-75.973335,0
			37.3641660000001,-75.9744419999999,0
			37.3644450000001,-75.974724,0
			37.3644450000001,-75.9758299999999,0
			37.364723,-75.9761119999999,0
			37.364723,-75.976387,0
			37.3644450000001,-75.976669,0
			37.3644450000001,-75.978333,0
			37.3641660000001,-75.9786149999999,0
			37.3641660000001,-75.9794459999999,0
			37.364723,-75.980003,0
			37.364723,-75.980553,0
			37.3650020000002,-75.980835,0
			37.3650020000002,-75.9811099999999,0
			37.3663900000001,-75.982498,0
			37.3665470000001,-75.982498,0
			37.3666650000001,-75.982498,0
			37.366943,-75.982224,0
			37.367222,-75.982498,0
			37.3675000000001,-75.982498,0
			37.3686100000001,-75.9836119999999,0
			37.3688890000001,-75.9836119999999,0
			37.3691670000002,-75.983887,0
			37.369446,-75.983887,0
			37.3697200000001,-75.9836119999999,0
			37.3708340000001,-75.984726,0
			37.3711130000001,-75.984726,0
			37.3716660000002,-75.9852749999999,0
			37.3722230000001,-75.9852749999999,0
			37.372776,-75.985832,0
			37.3733330000001,-75.985832,0
			37.373611,-75.985558,0
			37.3755570000001,-75.985558,0
			37.3758320000001,-75.985832,0
			37.3759690000001,-75.985832,0
			37.3766670000001,-75.985832,0
			37.376945,-75.9861149999999,0
			37.3802800000001,-75.9861149999999,0
			37.3802800000001,-75.9877779999999,0
			37.380001,-75.988052,0
			37.380001,-75.9887389999999,0
			37.380001,-75.989166,0
			37.3811110000001,-75.989166,0
			37.3812410000002,-75.9890369999999,0
			37.3813900000001,-75.988892,0
			37.381943,-75.988892,0
			37.3822210000001,-75.9886089999999,0
			37.3825000000001,-75.9886089999999,0
			37.3825000000001,-75.9875029999999,0
			37.3827780000001,-75.987221,0
			37.3827780000001,-75.9861149999999,0
			37.3836100000001,-75.9852749999999,0
			37.3841670000002,-75.9852749999999,0
			37.3844450000001,-75.985001,0
			37.3847240000001,-75.985001,0
			37.3849980000002,-75.984726,0
			37.3849980000002,-75.9844439999999,0
			37.3855550000001,-75.983887,0
			37.3855550000001,-75.98333,0
			37.3852770000001,-75.983055,0
			37.3852770000001,-75.9827799999999,0
			37.3836100000001,-75.9811099999999,0
			37.3836100000001,-75.980553,0
			37.3830570000002,-75.980003,0
			37.3830570000002,-75.9777759999999,0
			37.383335,-75.977501,0
			37.383335,-75.976669,0
			37.3836100000001,-75.976387,0
			37.3836100000001,-75.9761119999999,0
			37.3847240000001,-75.9749979999999,0
			37.3849980000002,-75.9749979999999,0
			37.3852770000001,-75.974724,0
			37.3863910000001,-75.974724,0
			37.3866650000001,-75.9749979999999,0
			37.3869440000001,-75.9749979999999,0
			37.3872220000002,-75.9752809999999,0
			37.3883320000002,-75.9752809999999,0
			37.3883320000002,-75.9749979999999,0
			37.3886110000001,-75.9749979999999,0
			37.389168,-75.9744419999999,0
			37.3897210000002,-75.9744419999999,0
			37.3897210000002,-75.974167,0
			37.389999,-75.973892,0
			37.389999,-75.9736099999999,0
			37.3902780000001,-75.973335,0
			37.3902780000001,-75.9730529999999,0
			37.3905560000001,-75.9727779999999,0
			37.3905560000001,-75.97139,0
			37.3908350000002,-75.971107,0
			37.3908350000002,-75.9702759999999,0
			37.3911090000001,-75.9700009999999,0
			37.3908350000002,-75.9697189999999,0
			37.3908350000002,-75.9683299999999,0
			37.3911090000001,-75.9680559999999,0
			37.3911090000001,-75.9666669999999,0
			37.3913880000001,-75.966393,0
			37.3913880000001,-75.9647219999999,0
			37.3908350000002,-75.9641649999999,0
			37.3905560000001,-75.9641649999999,0
			37.3883320000002,-75.9619449999998,0
			37.3883320000002,-75.9613879999999,0
			37.3877790000001,-75.9608309999999,0
			37.3877790000001,-75.9599989999999,0
			37.3875010000002,-75.9597239999999,0
			37.3875010000002,-75.958611,0
			37.389168,-75.9569469999998,0
			37.389168,-75.956306,0
			37.389168,-75.9560779999999,0
			37.389168,-75.9550019999999,0
			37.3888890000001,-75.95472,0
			37.3888890000001,-75.954445,0
			37.3877790000001,-75.9533309999999,0
			37.3877790000001,-75.9530559999999,0
			37.3875010000002,-75.952774,0
			37.3875010000002,-75.951942,0
			37.3872220000002,-75.9516679999999,0
			37.3872220000002,-75.950279,0
			37.3875010000002,-75.9499969999999,0
			37.3875010000002,-75.949722,0
			37.3872220000002,-75.949448,0
			37.3872220000002,-75.9483339999999,0
			37.3852770000001,-75.946388,0
			37.3847240000001,-75.946388,0
			37.3841670000002,-75.9458309999999,0
			37.3841670000002,-75.945274,0
			37.3844450000001,-75.9449999999999,0
			37.3844450000001,-75.9447249999999,0
			37.3847240000001,-75.944443,0
			37.3852770000001,-75.944443,0
			37.385834,-75.9449999999999,0
			37.3861120000001,-75.9449999999999,0
			37.3863910000001,-75.945274,0
			37.3866650000001,-75.945274,0
			37.3869440000001,-75.945557,0
			37.3872220000002,-75.945557,0
			37.3875010000002,-75.9458309999999,0
			37.3877790000001,-75.9458309999999,0
			37.3880540000001,-75.946114,0
			37.3880540000001,-75.946388,0
			37.3888890000001,-75.94722,0
			37.3888890000001,-75.9483339999999,0
			37.389168,-75.948608,0
			37.389168,-75.9488909999999,0
			37.3894460000001,-75.9491649999999,0
			37.3894460000001,-75.950554,0
			37.3897210000002,-75.9508359999999,0
			37.3897210000002,-75.951385,0
			37.3899350000001,-75.951599,0
			37.3899500000001,-75.9516749999999,0
			37.389999,-75.951942,0
			37.3902780000001,-75.9522249999999,0
			37.3902780000001,-75.952774,0
			37.3905560000001,-75.9530559999999,0
			37.3905560000001,-75.9538879999999,0
			37.3908350000002,-75.9541699999999,0
			37.3908350000002,-75.9550019999999,0
			37.3913880000001,-75.9555589999999,0
			37.3913880000001,-75.9558329999999,0
			37.3916660000002,-75.956108,0
			37.3919450000001,-75.956108,0
			37.3922230000001,-75.9563899999999,0
			37.3922230000001,-75.9566649999999,0
			37.392502,-75.9566649999999,0
			37.3927760000001,-75.9569469999998,0
			37.3927760000001,-75.9574969999999,0
			37.393333,-75.9580539999999,0
			37.393333,-75.9583359999999,0
			37.393612,-75.958611,0
			37.393612,-75.9591669999999,0
			37.393333,-75.959442,0
			37.393333,-75.9599989999999,0
			37.393612,-75.9602809999999,0
			37.393612,-75.9608309999999,0
			37.3938900000001,-75.9611129999999,0
			37.3938900000001,-75.9613879999999,0
			37.3941650000002,-75.9616699999999,0
			37.3941650000002,-75.9619449999998,0
			37.3952790000001,-75.963058,0
			37.3952790000001,-75.9633329999999,0
			37.3955570000001,-75.963608,0
			37.3955570000001,-75.9638899999999,0
			37.395832,-75.9641649999999,0
			37.395832,-75.9655529999999,0
			37.3955570000001,-75.9658359999999,0
			37.3955570000001,-75.967224,0
			37.3963890000001,-75.9680559999999,0
			37.396946,-75.9680559999999,0
			37.3972210000001,-75.9683299999999,0
			37.3988880000001,-75.9683299999999,0
			37.399166,-75.9680559999999,0
			37.4005550000001,-75.9680559999999,0
			37.4008330000001,-75.9683299999999,0
			37.4008330000001,-75.9688869999999,0
			37.4011120000001,-75.96917,0
			37.4011120000001,-75.9694439999999,0
			37.40139,-75.9697189999999,0
			37.40139,-75.9702759999999,0
			37.401669,-75.970558,0
			37.401669,-75.971107,0
			37.4027790000002,-75.9722209999999,0
			37.4027790000002,-75.972504,0
			37.4030570000001,-75.9727779999999,0
			37.4030570000001,-75.9730529999999,0
			37.4033320000001,-75.973335,0
			37.4033320000001,-75.9736099999999,0
			37.4044460000001,-75.974724,0
			37.4044460000001,-75.9744419999999,0
			37.4052770000001,-75.9752809999999,0
			37.4055560000001,-75.9752809999999,0
			37.407223,-75.9736099999999,0
			37.407223,-75.9732129999999,0
			37.407223,-75.972504,0
			37.4075010000001,-75.9722209999999,0
			37.4075010000001,-75.9716639999999,0
			37.4077760000001,-75.97139,0
			37.4077760000001,-75.971107,0
			37.408333,-75.970558,0
			37.4086110000001,-75.970558,0
			37.4091680000002,-75.9700009999999,0
			37.4091680000002,-75.9688869999999,0
			37.4094430000002,-75.9686129999999,0
			37.4094430000002,-75.9680559999999,0
			37.4097210000001,-75.9677809999999,0
			37.4097210000001,-75.9674989999999,0
			37.4102780000002,-75.966942,0
			37.4102780000002,-75.9666669999999,0
			37.410557,-75.966393,0
			37.4108310000001,-75.966393,0
			37.411388,-75.9658359999999,0
			37.411388,-75.9655529999999,0
			37.4116670000002,-75.9652789999999,0
			37.4116670000002,-75.9644469999999,0
			37.4122240000001,-75.9638899999999,0
			37.4122240000001,-75.963608,0
			37.412498,-75.9633329999999,0
			37.412498,-75.9608309999999,0
			37.4130550000001,-75.9602809999999,0
			37.4130550000001,-75.9599989999999,0
			37.4133340000001,-75.9599989999999,0
			37.413887,-75.959442,0
			37.4144440000001,-75.959442,0
			37.4152790000001,-75.9602809999999,0
			37.4155540000001,-75.9602809999999,0
			37.4158330000001,-75.9599989999999,0
			37.4161110000002,-75.9599989999999,0
			37.4166680000001,-75.959442,0
			37.4175000000002,-75.959442,0
			37.4180560000001,-75.958885,0
			37.4188880000001,-75.958885,0
			37.4191670000001,-75.958611,0
			37.4194450000002,-75.958611,0
			37.4203570000001,-75.9576949999999,0
			37.4205550000001,-75.9574969999999,0
			37.4205700000002,-75.9563749999999,0
			37.4208340000002,-75.956108,0
			37.4208340000002,-75.9555589999999,0
			37.420723,-75.9554439999998,0
			37.4205550000001,-75.955276,0
			37.4205550000001,-75.9550019999999,0
			37.4199980000001,-75.954445,0
			37.4197240000001,-75.954445,0
			37.4194450000002,-75.9541699999999,0
			37.4191670000001,-75.9541699999999,0
			37.4180560000001,-75.9530559999999,0
			37.4180560000001,-75.9524989999999,0
			37.4177780000001,-75.9522249999999,0
			37.4177780000001,-75.946388,0
			37.4175000000002,-75.946114,0
			37.4175000000002,-75.9449999999999,0
			37.4177780000001,-75.9447249999999,0
			37.4175000000002,-75.944443,0
			37.4175000000002,-75.9438859999999,0
			37.4169430000001,-75.9433359999999,0
			37.4169430000001,-75.941948,0
			37.4175000000002,-75.941391,0
			37.4177780000001,-75.941391,0
			37.4177780000001,-75.9408339999999,0
			37.4180560000001,-75.9405519999999,0
			37.4180560000001,-75.940277,0
			37.4177780000001,-75.9400019999999,0
			37.4177780000001,-75.9397199999999,0
			37.417221,-75.9391629999999,0
			37.4166680000001,-75.9391629999999,0
			37.4155540000001,-75.938057,0
			37.4155540000001,-75.9349979999999,0
			37.4163890000001,-75.9347229999999,0
			37.4166680000001,-75.934448,0
			37.4158330000001,-75.934448,0
			37.4152790000001,-75.933891,0
			37.4152790000001,-75.9336089999999,0
			37.4141650000001,-75.9325029999999,0
			37.4141650000001,-75.9322199999999,0
			37.413887,-75.931946,0
			37.413887,-75.931114,0
			37.4141650000001,-75.9308319999998,0
			37.414722,-75.9308319999998,0
			37.4152790000001,-75.9302749999999,0
			37.4152790000001,-75.931664,0
			37.4161110000002,-75.9325029999999,0
			37.4161110000002,-75.932777,0
			37.4163890000001,-75.9330519999999,0
			37.4163890000001,-75.9333339999999,0
			37.4166680000001,-75.9336089999999,0
			37.4175000000002,-75.9336089999999,0
			37.4175000000002,-75.934448,0
			37.417221,-75.9347229999999,0
			37.417221,-75.9366679999999,0
			37.4175000000002,-75.936943,0
			37.4175000000002,-75.937225,0
			37.4177780000001,-75.9374999999999,0
			37.4180560000001,-75.9374999999999,0
			37.4188880000001,-75.9383319999999,0
			37.4188880000001,-75.938614,0
			37.4193990000001,-75.9391019999999,0
			37.4202770000001,-75.9391629999999,0
			37.4205550000001,-75.938889,0
			37.4205550000001,-75.9387819999999,0
			37.4205550000001,-75.937225,0
			37.4208340000002,-75.936943,0
			37.4208340000002,-75.9366679999999,0
			37.4211120000001,-75.9366679999999,0
			37.4213910000001,-75.9363859999999,0
			37.4213910000001,-75.9355549999999,0
			37.4211120000001,-75.93528,0
			37.4211120000001,-75.932777,0
			37.4216650000002,-75.9322199999999,0
			37.4216650000002,-75.931946,0
			37.4219440000002,-75.931664,0
			37.4219440000002,-75.9299999999999,0
			37.4222220000001,-75.929726,0
			37.4222220000001,-75.9294429999999,0
			37.4225010000001,-75.9291689999999,0
			37.4225010000001,-75.9280549999999,0
			37.4236110000001,-75.9280549999999,0
			37.4238890000001,-75.92778,0
			37.4238890000001,-75.9280549999999,0
			37.4241680000001,-75.9283369999999,0
			37.4241680000001,-75.928612,0
			37.4233320000001,-75.9294429999999,0
			37.4233320000001,-75.929726,0
			37.4230540000001,-75.9299999999999,0
			37.4230540000001,-75.9313889999999,0
			37.4227790000002,-75.931664,0
			37.4227790000002,-75.931946,0
			37.4222220000001,-75.9325029999999,0
			37.4225010000001,-75.932777,0
			37.4225010000001,-75.9330519999999,0
			37.4227790000002,-75.9333339999999,0
			37.4227790000002,-75.933891,0
			37.4230540000001,-75.9341659999999,0
			37.4230540000001,-75.9358369999999,0
			37.4219440000002,-75.936943,0
			37.4219440000002,-75.937225,0
			37.4216650000002,-75.9374999999999,0
			37.4216650000002,-75.937775,0
			37.4219440000002,-75.938057,0
			37.4218940000001,-75.9389269999999,0
			37.4213910000001,-75.939445,0
			37.4213910000001,-75.9400019999999,0
			37.4211120000001,-75.940277,0
			37.4211120000001,-75.9405519999999,0
			37.4208340000002,-75.9408339999999,0
			37.4208340000002,-75.941109,0
			37.4202770000001,-75.9416659999999,0
			37.4202770000001,-75.94278,0
			37.4199980000001,-75.943054,0
			37.4199980000001,-75.9433359999999,0
			37.4197240000001,-75.943611,0
			37.4197240000001,-75.9466629999999,0
			37.4199980000001,-75.946945,0
			37.4199980000001,-75.9475019999999,0
			37.4205550000001,-75.9480589999999,0
			37.4208340000002,-75.9480589999999,0
			37.4216650000002,-75.9488909999999,0
			37.4216650000002,-75.9491649999999,0
			37.4219440000002,-75.949448,0
			37.4219440000002,-75.9499969999999,0
			37.4222220000001,-75.950279,0
			37.4222220000001,-75.950554,0
			37.4225010000001,-75.9508359999999,0
			37.4225010000001,-75.951111,0
			37.4233320000001,-75.951942,0
			37.4241680000001,-75.951942,0
			37.4247210000001,-75.9524989999999,0
			37.4249990000002,-75.9524989999999,0
			37.4255560000001,-75.951942,0
			37.4255560000001,-75.951385,0
			37.4258350000001,-75.951111,0
			37.4258350000001,-75.950279,0
			37.4266660000001,-75.949448,0
			37.4266660000001,-75.9488909999999,0
			37.4272230000001,-75.9483339999999,0
			37.4272230000001,-75.9480589999999,0
			37.4275020000001,-75.947777,0
			37.4277760000001,-75.947777,0
			37.4278220000002,-75.9471739999999,0
			37.4283330000001,-75.9466629999999,0
			37.4286120000002,-75.9466629999999,0
			37.42889,-75.946388,0
			37.4291650000001,-75.946388,0
			37.4294430000002,-75.946114,0
			37.4300000000001,-75.946114,0
			37.430279,-75.9458309999999,0
			37.430279,-75.945557,0
			37.4308320000001,-75.9449999999999,0
			37.4308320000001,-75.9447249999999,0
			37.43111,-75.944443,0
			37.43111,-75.9441679999999,0
			37.4324990000001,-75.94278,0
			37.4327770000002,-75.94278,0
			37.4330560000001,-75.9424969999999,0
			37.4330560000001,-75.941948,0
			37.4333340000001,-75.9416659999999,0
			37.4333340000001,-75.9408339999999,0
			37.433613,-75.9405519999999,0
			37.433613,-75.9400019999999,0
			37.4338870000001,-75.9397199999999,0
			37.4338870000001,-75.939445,0
			37.4341660000001,-75.9391629999999,0
			37.4341660000001,-75.938889,0
			37.4355550000001,-75.9374999999999,0
			37.4358330000001,-75.9374999999999,0
			37.4361110000002,-75.937225,0
			37.4366680000001,-75.937225,0
			37.436943,-75.936943,0
			37.436943,-75.9363859999999,0
			37.437222,-75.936111,0
			37.437222,-75.9355549999999,0
			37.437778,-75.9349979999999,0
			37.4380570000002,-75.9349979999999,0
			37.4383320000001,-75.9347229999999,0
			37.4386100000002,-75.9347229999999,0
			37.4394450000001,-75.9355549999999,0
			37.4394450000001,-75.936943,0
			37.4391670000001,-75.937225,0
			37.4391670000001,-75.937775,0
			37.4388890000001,-75.938057,0
			37.4388890000001,-75.9391629999999,0
			37.4385450000001,-75.9395069999999,0
			37.4383320000001,-75.9397199999999,0
			37.4381030000001,-75.9397199999999,0
			37.437675,-75.9401319999999,0
			37.436943,-75.9408339999999,0
			37.4370230000001,-75.941162,0
			37.4366680000001,-75.941391,0
			37.4366800000001,-75.9416729999999,0
			37.4361110000002,-75.942223,0
			37.4361230000001,-75.9425049999999,0
			37.4355550000001,-75.943054,0
			37.4352760000002,-75.943054,0
			37.434723,-75.943611,0
			37.434723,-75.9445879999999,0
			37.434723,-75.9447249999999,0
			37.4342310000002,-75.94532,0
			37.4341660000001,-75.945557,0
			37.4336890000001,-75.9460369999999,0
			37.433613,-75.946114,0
			37.433613,-75.946388,0
			37.4333610000002,-75.9466399999999,0
			37.4333340000001,-75.94722,0
			37.4330560000001,-75.9475019999999,0
			37.4330560000001,-75.9483339999999,0
			37.4322200000001,-75.9491649999999,0
			37.4320300000002,-75.9491649999999,0
			37.431389,-75.9491649999999,0
			37.43111,-75.949448,0
			37.430279,-75.949448,0
			37.4287800000002,-75.9509429999999,0
			37.4286120000002,-75.951111,0
			37.4283330000001,-75.951111,0
			37.4277760000001,-75.9516679999999,0
			37.4277760000001,-75.952774,0
			37.4280550000001,-75.9530559999999,0
			37.4280550000001,-75.953613,0
			37.4283330000001,-75.9538879999999,0
			37.4283330000001,-75.9550019999999,0
			37.4286120000002,-75.955276,0
			37.4286120000002,-75.9572219999999,0
			37.4277760000001,-75.9580539999999,0
			37.4275020000001,-75.9580539999999,0
			37.426945,-75.958611,0
			37.426945,-75.958885,0
			37.4266660000001,-75.9591669999999,0
			37.4266660000001,-75.959442,0
			37.4263880000001,-75.9597239999999,0
			37.4263880000001,-75.9599989999999,0
			37.4261090000002,-75.9602809999999,0
			37.4261090000002,-75.9605559999999,0
			37.4247210000001,-75.9619449999998,0
			37.4241680000001,-75.9619449999998,0
			37.4238890000001,-75.9622189999999,0
			37.4236110000001,-75.9622189999999,0
			37.4230540000001,-75.962776,0
			37.4230540000001,-75.963058,0
			37.4225010000001,-75.963608,0
			37.4225010000001,-75.9638899999999,0
			37.4213910000001,-75.9649959999999,0
			37.4211120000001,-75.9649959999999,0
			37.4205550000001,-75.9655529999999,0
			37.4194450000002,-75.9655529999999,0
			37.4188880000001,-75.9661099999998,0
			37.4186100000002,-75.9661099999998,0
			37.4183350000002,-75.9658359999999,0
			37.4180560000001,-75.9661099999998,0
			37.4175000000002,-75.9661099999998,0
			37.4169430000001,-75.9666669999999,0
			37.4169430000001,-75.9688869999999,0
			37.417221,-75.96917,0
			37.417221,-75.9694439999999,0
			37.4175000000002,-75.9697189999999,0
			37.4175000000002,-75.9702759999999,0
			37.4177780000001,-75.970558,0
			37.4177780000001,-75.971107,0
			37.4180560000001,-75.97139,0
			37.4166680000001,-75.9727779999999,0
			37.4161110000002,-75.9727779999999,0
			37.4158330000001,-75.9730529999999,0
			37.4155540000001,-75.9730529999999,0
			37.4152790000001,-75.9727779999999,0
			37.4150010000002,-75.9730529999999,0
			37.4141650000001,-75.9730529999999,0
			37.413887,-75.9727779999999,0
			37.413887,-75.973335,0
			37.4133340000001,-75.973892,0
			37.4133340000001,-75.974724,0
			37.4130550000001,-75.9749979999999,0
			37.4133340000001,-75.9749979999999,0
			37.4136120000002,-75.9752809999999,0
			37.4136120000002,-75.975555,0
			37.413887,-75.9758299999999,0
			37.413887,-75.9761119999999,0
			37.4136120000002,-75.976387,0
			37.4136120000002,-75.9772189999999,0
			37.4130550000001,-75.9777759999999,0
			37.4127770000002,-75.9777759999999,0
			37.412498,-75.978058,0
			37.411388,-75.978058,0
			37.4108310000001,-75.9786149999999,0
			37.410557,-75.9786149999999,0
			37.4100000000001,-75.9791639999999,0
			37.4097210000001,-75.9791639999999,0
			37.4091680000002,-75.979721,0
			37.4086110000001,-75.979721,0
			37.408333,-75.9794459999999,0
			37.408054,-75.9794459999999,0
			37.4077760000001,-75.9791639999999,0
			37.4075010000001,-75.9791639999999,0
			37.4069440000002,-75.9786149999999,0
			37.4066660000001,-75.9786149999999,0
			37.4063870000001,-75.978333,0
			37.4033320000001,-75.978333,0
			37.4022220000001,-75.9794459999999,0
			37.4022220000001,-75.980003,0
			37.4027790000002,-75.980553,0
			37.4030570000001,-75.980553,0
			37.4033320000001,-75.9802779999999,0
			37.4055560000001,-75.9802779999999,0
			37.405834,-75.980553,0
			37.4063870000001,-75.980553,0
			37.4066660000001,-75.980835,0
			37.407223,-75.980835,0
			37.4075010000001,-75.9811099999999,0
			37.4077760000001,-75.9811099999999,0
			37.408054,-75.981392,0
			37.408333,-75.9811099999999,0
			37.4091680000002,-75.9819409999999,0
			37.4100000000001,-75.9819409999999,0
			37.4102780000002,-75.982224,0
			37.410557,-75.9819409999999,0
			37.4108310000001,-75.9819409999999,0
			37.4111100000001,-75.982224,0
			37.4116670000002,-75.982224,0
			37.4119450000001,-75.982498,0
			37.4122240000001,-75.982498,0
			37.412498,-75.9827799999999,0
			37.4130550000001,-75.9827799999999,0
			37.4133070000001,-75.983009,0
			37.4136310000001,-75.982811,0
			37.414722,-75.9827799999999,0
			37.4150010000002,-75.983055,0
			37.4155540000001,-75.983055,0
			37.4158330000001,-75.9827799999999,0
			37.4169430000001,-75.9827799999999,0
			37.4168010000001,-75.982635,0
			37.4166680000001,-75.982498,0
			37.4169430000001,-75.982224,0
			37.4188880000001,-75.982224,0
			37.4191670000001,-75.9819409999999,0
			37.4197240000001,-75.9819409999999,0
			37.421051,-75.9823229999999,0
			37.4216650000002,-75.982498,0
			37.4263880000001,-75.982224,0
			37.4297220000001,-75.982498,0
			37.4300000000001,-75.982224,0
			37.4305570000001,-75.982224,0
			37.4308320000001,-75.9819409999999,0
			37.431389,-75.9819409999999,0
			37.4324990000001,-75.980835,0
			37.4327770000002,-75.980835,0
			37.4330560000001,-75.980553,0
			37.4333340000001,-75.980553,0
			37.433613,-75.9802779999999,0
			37.4352760000002,-75.9802779999999,0
			37.4355550000001,-75.980003,0
			37.436943,-75.980003,0
			37.437222,-75.979721,0
			37.4375000000001,-75.979721,0
			37.437778,-75.9794459999999,0
			37.4380570000002,-75.9794459999999,0
			37.4383320000001,-75.9791639999999,0
			37.4386100000002,-75.9791639999999,0
			37.4388890000001,-75.978889,0
			37.4394450000001,-75.978889,0
			37.4397240000001,-75.9786149999999,0
			37.440277,-75.9786149999999,0
			37.4405560000002,-75.978333,0
			37.4408340000001,-75.978333,0
			37.4411130000001,-75.978058,0
			37.441387,-75.978058,0
			37.4416660000001,-75.9777759999999,0
			37.4419440000001,-75.9777759999999,0
			37.4422230000001,-75.977501,0
			37.442501,-75.977501,0
			37.44278,-75.9772189999999,0
			37.4430540000001,-75.9772189999999,0
			37.4433330000001,-75.9769439999999,0
			37.443611,-75.9769439999999,0
			37.4441680000001,-75.976387,0
			37.4444430000001,-75.976387,0
			37.445,-75.9758299999999,0
			37.4452780000001,-75.9761119999999,0
			37.4455570000001,-75.9761119999999,0
			37.4463880000001,-75.9752809999999,0
			37.4466670000001,-75.9752809999999,0
			37.446945,-75.9749979999999,0
			37.4474980000001,-75.9749979999999,0
			37.4480550000002,-75.9744419999999,0
			37.448334,-75.974724,0
			37.4511110000001,-75.9719469999999,0
			37.4511110000001,-75.9716639999999,0
			37.4522210000001,-75.970558,0
			37.4522210000001,-75.9702759999999,0
			37.4527780000002,-75.9702759999999,0
			37.4530560000001,-75.970558,0
			37.4533350000001,-75.9702759999999,0
			37.453609,-75.9702759999999,0
			37.4541660000001,-75.9697189999999,0
			37.4555550000001,-75.9697189999999,0
			37.4563900000001,-75.9688869999999,0
			37.4566650000001,-75.9688869999999,0
			37.4572220000002,-75.9683299999999,0
			37.4575000000001,-75.9683299999999,0
			37.4583320000002,-75.9674989999999,0
			37.4586110000002,-75.9674989999999,0
			37.4588890000001,-75.967224,0
			37.4591670000001,-75.967224,0
			37.4594460000001,-75.966942,0
			37.4597210000002,-75.966942,0
			37.4605560000002,-75.9661099999998,0
			37.4608350000001,-75.9661099999998,0
			37.4619450000001,-75.9649959999999,0
			37.4622230000001,-75.9649959999999,0
			37.462502,-75.9652789999999,0
			37.4644430000001,-75.9633329999999,0
			37.4672240000002,-75.9611129999999,0
			37.4682010000001,-75.960136,0
			37.4683340000001,-75.9599989999999,0
			37.4686130000001,-75.9599989999999,0
			37.469166,-75.959442,0
			37.4694440000001,-75.959442,0
			37.4697230000002,-75.9591669999999,0
			37.4697230000002,-75.958885,0
			37.4705540000002,-75.9580539999999,0
			37.4705540000002,-75.957779,0
			37.4708330000001,-75.9574969999999,0
			37.4708330000001,-75.9569469999998,0
			37.4705540000002,-75.9566649999999,0
			37.4705540000002,-75.9563899999999,0
			37.4702760000001,-75.956108,0
			37.470001,-75.956108,0
			37.468987,-75.9550929999999,0
			37.4686130000001,-75.95472,0
			37.4686130000001,-75.9541699999999,0
			37.4683340000001,-75.9538879999999,0
			37.4683340000001,-75.953613,0
			37.4686130000001,-75.9533309999999,0
			37.4686130000001,-75.9514159999999,0
			37.4686130000001,-75.951111,0
			37.468395,-75.9508509999999,0
			37.4686130000001,-75.949722,0
			37.4683340000001,-75.949448,0
			37.4688870000001,-75.9488909999999,0
			37.4694440000001,-75.9488909999999,0
			37.4705540000002,-75.947777,0
			37.4705540000002,-75.9475019999999,0
			37.4711110000001,-75.946945,0
			37.4711110000001,-75.9466629999999,0
			37.47139,-75.946388,0
			37.4716680000001,-75.946388,0
			37.4716680000001,-75.946114,0
			37.4719430000001,-75.9458309999999,0
			37.4719430000001,-75.945274,0
			37.472221,-75.9449999999999,0
			37.472221,-75.943054,0
			37.4719430000001,-75.94278,0
			37.4719430000001,-75.9424969999999,0
			37.4708330000001,-75.941391,0
			37.4705540000002,-75.941391,0
			37.4694440000001,-75.940277,0
			37.469166,-75.940277,0
			37.4688870000001,-75.9400019999999,0
			37.468056,-75.9400019999999,0
			37.4677770000001,-75.940277,0
			37.4663890000002,-75.940277,0
			37.4661100000001,-75.9405519999999,0
			37.465557,-75.9405519999999,0
			37.4647220000001,-75.941391,0
			37.4644430000001,-75.941391,0
			37.4641690000001,-75.9416659999999,0
			37.4638900000002,-75.941391,0
			37.4633330000001,-75.941948,0
			37.4630550000002,-75.941948,0
			37.462502,-75.941391,0
			37.4630550000002,-75.9408339999999,0
			37.4630550000002,-75.940277,0
			37.4633330000001,-75.9400019999999,0
			37.4633330000001,-75.9391629999999,0
			37.4630550000002,-75.938889,0
			37.4630550000002,-75.9383319999999,0
			37.4627760000002,-75.938057,0
			37.4627760000002,-75.9374999999999,0
			37.4623490000002,-75.9370729999999,0
			37.4616660000002,-75.9363859999999,0
			37.4616660000002,-75.936111,0
			37.4611130000001,-75.9355549999999,0
			37.4611130000001,-75.9341659999999,0
			37.4594460000001,-75.9325029999999,0
			37.4594460000001,-75.9322199999999,0
			37.4591670000001,-75.931946,0
			37.4591670000001,-75.9313889999999,0
			37.4588890000001,-75.931114,0
			37.4588890000001,-75.9308319999998,0
			37.4586110000002,-75.9305569999999,0
			37.4586110000002,-75.9283369999999,0
			37.4588890000001,-75.9280549999999,0
			37.4588890000001,-75.9272229999999,0
			37.4594460000001,-75.926666,0
			37.4594460000001,-75.9263919999999,0
			37.4597210000002,-75.9261089999999,0
			37.4597210000002,-75.9258349999999,0
			37.4594460000001,-75.9255519999999,0
			37.4594460000001,-75.9252779999999,0
			37.4586110000002,-75.924446,0
			37.4586110000002,-75.9238889999999,0
			37.4583320000002,-75.923615,0
			37.4583320000002,-75.9227749999999,0
			37.4580570000002,-75.922501,0
			37.4580570000002,-75.9219439999999,0
			37.4572220000002,-75.9211119999999,0
			37.4572220000002,-75.9186099999999,0
			37.4575000000001,-75.918335,0
			37.4575000000001,-75.918053,0
			37.4577790000001,-75.9177779999999,0
			37.4580570000002,-75.9177779999999,0
			37.4586110000002,-75.9172209999999,0
			37.4586110000002,-75.9169459999999,0
			37.4591710000001,-75.9164279999999,0
			37.4591670000001,-75.9155579999999,0
			37.4588890000001,-75.9152759999999,0
			37.4588890000001,-75.9147189999999,0
			37.4594460000001,-75.914169,0
			37.4594460000001,-75.913887,0
			37.4588890000001,-75.91333,0
			37.4588890000001,-75.9127809999999,0
			37.4586110000002,-75.912498,0
			37.4586110000002,-75.911667,0
			37.4580570000002,-75.91111,0
			37.4580570000002,-75.9105529999999,0
			37.4586110000002,-75.910004,0
			37.4588890000001,-75.910004,0
			37.4597210000002,-75.910835,0
			37.4597210000002,-75.9113919999999,0
			37.4599990000001,-75.911942,0
			37.4599990000001,-75.9122239999999,0
			37.4602780000001,-75.912498,0
			37.4602780000001,-75.9149019999999,0
			37.4602780000001,-75.9152759999999,0
			37.4605560000002,-75.9155579999999,0
			37.4605560000002,-75.9161149999999,0
			37.4602780000001,-75.9163889999999,0
			37.4602780000001,-75.9169459999999,0
			37.4605560000002,-75.9172209999999,0
			37.4605560000002,-75.918053,0
			37.4602780000001,-75.918335,0
			37.4602780000001,-75.9186099999999,0
			37.4599760000002,-75.9188609999999,0
			37.4599990000001,-75.919167,0
			37.4594460000001,-75.9197239999999,0
			37.4594460000001,-75.92083,0
			37.4597210000002,-75.9211119999999,0
			37.4597210000002,-75.9213869999999,0
			37.4599990000001,-75.9211119999999,0
			37.4605480000002,-75.9211119999999,0
			37.4611130000001,-75.9216689999998,0
			37.4611130000001,-75.9219439999999,0
			37.4613880000001,-75.9222259999999,0
			37.4613880000001,-75.923332,0
			37.4612850000001,-75.9234389999999,0
			37.4611130000001,-75.923615,0
			37.4608350000001,-75.923615,0
			37.4608350000001,-75.924164,0
			37.4611130000001,-75.924446,0
			37.4611130000001,-75.9247209999999,0
			37.4616660000002,-75.9252779999999,0
			37.4616660000002,-75.9258349999999,0
			37.4619450000001,-75.9261089999999,0
			37.4619450000001,-75.9283369999999,0
			37.4622230000001,-75.928612,0
			37.4622230000001,-75.9288859999999,0
			37.4630550000002,-75.9288859999999,0
			37.4633330000001,-75.9291689999999,0
			37.4636120000001,-75.9291689999999,0
			37.4638900000002,-75.9294429999999,0
			37.4638900000002,-75.929726,0
			37.4641690000001,-75.9299999999999,0
			37.4641690000001,-75.9305569999999,0
			37.4644430000001,-75.9308319999998,0
			37.4644430000001,-75.931114,0
			37.4641690000001,-75.9313889999999,0
			37.4636120000001,-75.9313889999999,0
			37.4633330000001,-75.931114,0
			37.4630550000002,-75.931114,0
			37.4627760000002,-75.9313889999999,0
			37.4627760000002,-75.9322199999999,0
			37.4630550000002,-75.9325029999999,0
			37.4630550000002,-75.9330519999999,0
			37.4633330000001,-75.9333339999999,0
			37.4633330000001,-75.9336089999999,0
			37.4636080000001,-75.9338839999999,0
			37.4641690000001,-75.934448,0
			37.4644430000001,-75.934448,0
			37.4647220000001,-75.9347229999999,0
			37.4650000000001,-75.9347229999999,0
			37.4658320000001,-75.9355549999999,0
			37.4661100000001,-75.9355549999999,0
			37.4674990000001,-75.936943,0
			37.4677770000001,-75.936943,0
			37.4688870000001,-75.9358369999999,0
			37.4694440000001,-75.9358369999999,0
			37.4697230000002,-75.9355549999999,0
			37.4705540000002,-75.9355549999999,0
			37.4725,-75.9374999999999,0
			37.4738880000002,-75.9374999999999,0
			37.4744450000001,-75.936943,0
			37.4749980000001,-75.936943,0
			37.4752770000001,-75.937225,0
			37.475555,-75.937225,0
			37.4758340000002,-75.9374999999999,0
			37.475555,-75.937775,0
			37.475555,-75.938889,0
			37.4758340000002,-75.9391629999999,0
			37.4758340000002,-75.939445,0
			37.4761120000001,-75.9391629999999,0
			37.476665,-75.9391629999999,0
			37.4769440000001,-75.938889,0
			37.4769440000001,-75.938057,0
			37.4772220000001,-75.937775,0
			37.4772220000001,-75.9374999999999,0
			37.4775010000001,-75.937225,0
			37.4772220000001,-75.936943,0
			37.4772220000001,-75.936684,0
			37.4772220000001,-75.936111,0
			37.4775010000001,-75.9358369999999,0
			37.4775010000001,-75.9347229999999,0
			37.477779,-75.9341659999999,0
			37.478054,-75.9341659999999,0
			37.4783330000002,-75.933891,0
			37.4786110000001,-75.933891,0
			37.478889,-75.9336089999999,0
			37.4791680000002,-75.9336089999999,0
			37.4794430000001,-75.9333339999999,0
			37.4797210000001,-75.9333339999999,0
			37.4800000000001,-75.9330519999999,0
			37.4800000000001,-75.9325029999999,0
			37.480278,-75.9322199999999,0
			37.4805560000001,-75.9322199999999,0
			37.4808350000001,-75.931946,0
			37.4811100000001,-75.931946,0
			37.481388,-75.9322199999999,0
			37.481388,-75.9325029999999,0
			37.4816670000002,-75.932777,0
			37.4824980000002,-75.932777,0
			37.482777,-75.9330519999999,0
			37.4830550000001,-75.932777,0
			37.4830550000001,-75.931664,0
			37.4811100000001,-75.929726,0
			37.4811100000001,-75.9283369999999,0
			37.4816670000002,-75.92778,0
			37.4816670000002,-75.9272229999999,0
			37.4819450000001,-75.926666,0
			37.4819450000001,-75.9258349999999,0
			37.4816670000002,-75.9255519999999,0
			37.4816670000002,-75.9247209999999,0
			37.481388,-75.924446,0
			37.481388,-75.924164,0
			37.4811100000001,-75.9238889999999,0
			37.4811100000001,-75.923615,0
			37.4808350000001,-75.923332,0
			37.4808350000001,-75.9230579999999,0
			37.480278,-75.922501,0
			37.480278,-75.9197239999999,0
			37.4800000000001,-75.9194409999999,0
			37.4800000000001,-75.916664,0
			37.480278,-75.9163889999999,0
			37.480278,-75.915833,0
			37.4819450000001,-75.914169,0
			37.4819450000001,-75.913887,0
			37.4820630000001,-75.9137649999999,0
			37.4824980000002,-75.91333,0
			37.4824980000002,-75.913055,0
			37.482777,-75.9127809999999,0
			37.482777,-75.911667,0
			37.4833340000001,-75.91111,0
			37.4833340000001,-75.9105529999999,0
			37.483612,-75.9102779999999,0
			37.483612,-75.9097209999999,0
			37.483891,-75.9094469999999,0
			37.483891,-75.908333,0
			37.4830550000001,-75.907501,0
			37.4824980000002,-75.907501,0
			37.482109,-75.9071119999999,0
			37.481388,-75.9063869999999,0
			37.481388,-75.904999,0
			37.4816670000002,-75.904724,0
			37.4816670000002,-75.9044419999999,0
			37.4822240000001,-75.9038929999999,0
			37.4822240000001,-75.9030529999999,0
			37.4824980000002,-75.902779,0
			37.4827420000001,-75.9027709999999,0
			37.4830550000001,-75.902496,0
			37.4830550000001,-75.9022219999999,0
			37.4828260000002,-75.9019929999999,0
			37.4822240000001,-75.901947,0
			37.4819450000001,-75.901665,0
			37.481388,-75.901665,0
			37.4811100000001,-75.9013899999999,0
			37.4811100000001,-75.900833,0
			37.4808350000001,-75.900558,0
			37.4808350000001,-75.900002,0
			37.4805560000001,-75.8997189999998,0
			37.4805560000001,-75.8994449999999,0
			37.480278,-75.89917,0
			37.480278,-75.897499,0
			37.4800000000001,-75.8972239999999,0
			37.4800000000001,-75.8969419999999,0
			37.480278,-75.896667,0
			37.480278,-75.896385,0
			37.4805560000001,-75.8961109999999,0
			37.4805560000001,-75.8955539999998,0
			37.4808350000001,-75.8952789999999,0
			37.4811100000001,-75.8952789999999,0
			37.4822240000001,-75.894165,0
			37.4822240000001,-75.8936079999999,0
			37.4824980000002,-75.893333,0
			37.482777,-75.893333,0
			37.4833340000001,-75.8938899999999,0
			37.4833340000001,-75.8949969999999,0
			37.4824980000002,-75.895836,0
			37.4824980000002,-75.8969419999999,0
			37.482777,-75.8972239999999,0
			37.482777,-75.898331,0
			37.4830550000001,-75.898613,0
			37.4830550000001,-75.89917,0
			37.4832420000001,-75.8993529999999,0
			37.4833340000001,-75.8994449999999,0
			37.4833340000001,-75.9002759999999,0
			37.4844440000001,-75.9013899999999,0
			37.4844440000001,-75.901665,0
			37.484722,-75.901947,0
			37.484722,-75.9022219999999,0
			37.4850010000002,-75.902496,0
			37.4850010000002,-75.904167,0
			37.4852790000001,-75.9044419999999,0
			37.4852790000001,-75.904724,0
			37.4866680000001,-75.9061129999999,0
			37.4869460000002,-75.9061129999999,0
			37.4877780000001,-75.906944,0
			37.4877780000001,-75.907501,0
			37.488056,-75.907776,0
			37.488056,-75.9086069999999,0
			37.4877780000001,-75.90889,0
			37.4877780000001,-75.9102779999999,0
			37.487221,-75.9102779999999,0
			37.4863890000001,-75.91111,0
			37.4863890000001,-75.9113919999999,0
			37.4855540000001,-75.9122239999999,0
			37.4855540000001,-75.912498,0
			37.483612,-75.9144439999999,0
			37.483612,-75.915001,0
			37.4833340000001,-75.9152759999999,0
			37.4833340000001,-75.9163889999999,0
			37.4830550000001,-75.916664,0
			37.4830550000001,-75.9188919999999,0
			37.4833340000001,-75.919167,0
			37.4833340000001,-75.9197239999999,0
			37.4841650000001,-75.9205549999999,0
			37.4850010000002,-75.9205549999999,0
			37.4850010000002,-75.9202799999999,0
			37.4852790000001,-75.919998,0
			37.4855540000001,-75.919998,0
			37.4858320000002,-75.9197239999999,0
			37.4858320000002,-75.9188919999999,0
			37.4863890000001,-75.918335,0
			37.4863890000001,-75.918053,0
			37.487221,-75.9172209999999,0
			37.487221,-75.9169459999999,0
			37.4874990000001,-75.916664,0
			37.4874990000001,-75.9163889999999,0
			37.4877780000001,-75.9161149999999,0
			37.488056,-75.9161149999999,0
			37.4883770000001,-75.915833,0
			37.4897230000001,-75.915833,0
			37.4900020000001,-75.9155579999999,0
			37.4908330000001,-75.9155579999999,0
			37.4925000000002,-75.913887,0
			37.4925000000002,-75.9136119999999,0
			37.4927790000002,-75.91333,0
			37.4927790000002,-75.913055,0
			37.4933320000001,-75.912498,0
			37.4933320000001,-75.9122239999999,0
			37.49472,-75.910835,0
			37.4949990000002,-75.910835,0
			37.4952770000001,-75.9105529999999,0
			37.4952770000001,-75.9097209999999,0
			37.4955560000001,-75.9094469999999,0
			37.4955560000001,-75.90889,0
			37.4958340000002,-75.9086069999999,0
			37.4958340000002,-75.908333,0
			37.4961130000002,-75.9080579999999,0
			37.4961130000002,-75.907501,0
			37.4963870000001,-75.9072189999999,0
			37.4963870000001,-75.906944,0
			37.4966660000001,-75.90667,0
			37.4966660000001,-75.9061129999999,0
			37.4969440000002,-75.90583,0
			37.4969440000002,-75.904999,0
			37.4975010000001,-75.9044419999999,0
			37.4975010000001,-75.904167,0
			37.4977760000001,-75.9038929999999,0
			37.4977760000001,-75.9036099999999,0
			37.4980550000001,-75.903336,0
			37.4980550000001,-75.902779,0
			37.4983330000002,-75.902496,0
			37.4983330000002,-75.900558,0
			37.4980550000001,-75.9002759999999,0
			37.4980550000001,-75.900002,0
			37.4975010000001,-75.8994449999999,0
			37.4972230000001,-75.8994449999999,0
			37.4969440000002,-75.8997189999998,0
			37.4966660000001,-75.8994449999999,0
			37.4963870000001,-75.8994449999999,0
			37.4955560000001,-75.898613,0
			37.4955560000001,-75.8980559999999,0
			37.4952770000001,-75.897781,0
			37.4952770000001,-75.8972239999999,0
			37.4949990000002,-75.8969419999999,0
			37.4949990000002,-75.8961109999999,0
			37.49472,-75.895836,0
			37.49472,-75.8952789999999,0
			37.4944460000001,-75.8949969999999,0
			37.4944460000001,-75.8938899999999,0
			37.4941670000001,-75.8936079999999,0
			37.4941670000001,-75.8911129999999,0
			37.4944460000001,-75.8908309999999,0
			37.4944460000001,-75.8905559999998,0
			37.4949990000002,-75.8899989999999,0
			37.4958340000002,-75.8908309999999,0
			37.4958340000002,-75.8911129999999,0
			37.4955560000001,-75.8913879999999,0
			37.4955560000001,-75.8919449999999,0
			37.4958340000002,-75.89222,0
			37.4958340000002,-75.8930589999999,0
			37.4961130000002,-75.893333,0
			37.4961130000002,-75.8944469999999,0
			37.4963870000001,-75.8947219999999,0
			37.4963870000001,-75.8952789999999,0
			37.4966660000001,-75.8955539999998,0
			37.4966660000001,-75.895836,0
			37.4972230000001,-75.896385,0
			37.4986110000001,-75.896385,0
			37.4991680000002,-75.8969419999999,0
			37.4991680000002,-75.897499,0
			37.4994430000002,-75.897781,0
			37.4994430000002,-75.8988879999999,0
			37.5002780000002,-75.8997189999998,0
			37.5005570000001,-75.8997189999998,0
			37.5027770000002,-75.897499,0
			37.5033340000001,-75.897499,0
			37.503613,-75.8972239999999,0
			37.5038870000001,-75.8972239999999,0
			37.5041660000002,-75.897499,0
			37.504444,-75.897499,0
			37.5050010000002,-75.8980559999999,0
			37.505051,-75.8983229999999,0
			37.5058330000001,-75.89917,0
			37.5058330000001,-75.8997189999998,0
			37.5061110000001,-75.900002,0
			37.5061110000001,-75.900558,0
			37.5063900000001,-75.900833,0
			37.5063900000001,-75.9011079999999,0
			37.506943,-75.901665,0
			37.506943,-75.902496,0
			37.5086100000001,-75.904167,0
			37.5088880000001,-75.904167,0
			37.5094450000001,-75.904724,0
			37.5105550000001,-75.904724,0
			37.511112,-75.904167,0
			37.511112,-75.9038929999999,0
			37.511391,-75.9036099999999,0
			37.511391,-75.903336,0
			37.5119440000001,-75.902779,0
			37.5119440000001,-75.902496,0
			37.5122220000001,-75.9022219999999,0
			37.512501,-75.9022219999999,0
			37.5141680000001,-75.900558,0
			37.5144460000002,-75.900558,0
			37.5147210000001,-75.9002759999999,0
			37.5149990000001,-75.9002759999999,0
			37.515835,-75.8994449999999,0
			37.5161090000001,-75.8994449999999,0
			37.5163880000001,-75.89917,0
			37.5163880000001,-75.8988879999999,0
			37.516666,-75.898613,0
			37.516666,-75.897781,0
			37.5169450000002,-75.897499,0
			37.5169450000002,-75.8969419999999,0
			37.5172230000001,-75.896667,0
			37.5172230000001,-75.8960719999999,0
			37.5172230000001,-75.895836,0
			37.5175020000001,-75.8955539999998,0
			37.5175020000001,-75.8952789999999,0
			37.518055,-75.8952789999999,0
			37.5183330000001,-75.8949969999999,0
			37.5183330000001,-75.8947219999999,0
			37.5186120000001,-75.8944469999999,0
			37.5186120000001,-75.8936079999999,0
			37.51889,-75.8938899999999,0
			37.5201680000001,-75.8938899999999,0
			37.521389,-75.8938899999999,0
			37.5227780000002,-75.892502,0
			37.5227780000002,-75.89196,0
			37.5227780000002,-75.8913879999999,0
			37.5230560000001,-75.8911129999999,0
			37.5230560000001,-75.8908309999999,0
			37.5233350000001,-75.8905559999998,0
			37.5236130000002,-75.8908309999999,0
			37.523888,-75.8908309999999,0
			37.5241660000001,-75.8911129999999,0
			37.5241660000001,-75.89122,0
			37.5241660000001,-75.892502,0
			37.5244450000001,-75.8927759999999,0
			37.5244450000001,-75.893333,0
			37.5233350000001,-75.8944469999999,0
			37.522499,-75.8944469999999,0
			37.5208320000001,-75.8961109999999,0
			37.5205570000001,-75.8961109999999,0
			37.5197220000001,-75.8969419999999,0
			37.5197220000001,-75.8972239999999,0
			37.519165,-75.897781,0
			37.5186120000001,-75.898331,0
			37.5186120000001,-75.900833,0
			37.5169450000002,-75.902496,0
			37.516666,-75.902496,0
			37.5163880000001,-75.902779,0
			37.515835,-75.902779,0
			37.5144460000002,-75.904167,0
			37.5144460000002,-75.904724,0
			37.5141680000001,-75.904999,0
			37.5141680000001,-75.9052809999999,0
			37.5138890000001,-75.9055559999999,0
			37.5141680000001,-75.90583,0
			37.5138890000001,-75.9061129999999,0
			37.5144460000002,-75.90667,0
			37.515556,-75.90667,0
			37.515835,-75.9063869999999,0
			37.5161090000001,-75.90667,0
			37.5149990000001,-75.907776,0
			37.5147210000001,-75.907776,0
			37.5141680000001,-75.908333,0
			37.5127790000001,-75.906944,0
			37.512501,-75.906944,0
			37.5119440000001,-75.907501,0
			37.5119440000001,-75.9080579999999,0
			37.5116650000002,-75.908333,0
			37.5116650000002,-75.9086069999999,0
			37.511391,-75.90889,0
			37.511391,-75.9094469999999,0
			37.5108340000001,-75.910004,0
			37.510277,-75.910004,0
			37.5099980000001,-75.9102779999999,0
			37.5086100000001,-75.9102779999999,0
			37.5083350000001,-75.910004,0
			37.5080570000001,-75.910004,0
			37.5055540000001,-75.907501,0
			37.5055540000001,-75.906944,0
			37.5050010000002,-75.9063869999999,0
			37.5033340000001,-75.9080579999999,0
			37.5033340000001,-75.9086069999999,0
			37.5030560000001,-75.90889,0
			37.5030560000001,-75.909164,0
			37.5022240000001,-75.910004,0
			37.5022240000001,-75.9102779999999,0
			37.5016670000002,-75.910835,0
			37.501945,-75.91111,0
			37.501945,-75.911942,0
			37.5022240000001,-75.9122239999999,0
			37.5022240000001,-75.913055,0
			37.5024990000001,-75.91333,0
			37.5024990000001,-75.915833,0
			37.5027770000002,-75.9161149999999,0
			37.5027770000002,-75.9172209999999,0
			37.5024990000001,-75.918053,0
			37.5013890000001,-75.919167,0
			37.5011100000001,-75.919167,0
			37.5005570000001,-75.9186099999999,0
			37.5002780000002,-75.9186099999999,0
			37.5000000000001,-75.918335,0
			37.5000000000001,-75.915833,0
			37.4997220000001,-75.9155579999999,0
			37.4991680000002,-75.9155579999999,0
			37.4988900000001,-75.9152759999999,0
			37.4980550000001,-75.9152759999999,0
			37.4977760000001,-75.9155579999999,0
			37.4961130000002,-75.9155579999999,0
			37.4955560000001,-75.9161149999999,0
			37.4955560000001,-75.9172209999999,0
			37.4958340000002,-75.917503,0
			37.4958340000002,-75.9186099999999,0
			37.4955560000001,-75.9188919999999,0
			37.4955560000001,-75.9211119999999,0
			37.4944460000001,-75.9222259999999,0
			37.4941670000001,-75.9222259999999,0
			37.4922220000001,-75.924164,0
			37.4919430000001,-75.924164,0
			37.4916650000002,-75.9238889999999,0
			37.490276,-75.9238889999999,0
			37.4900020000001,-75.923615,0
			37.4900020000001,-75.923332,0
			37.4897230000001,-75.9230579999999,0
			37.4894450000002,-75.923332,0
			37.4891660000002,-75.9230579999999,0
			37.4891660000002,-75.923332,0
			37.4888880000001,-75.923615,0
			37.4888880000001,-75.9269409999999,0
			37.4886090000001,-75.9272229999999,0
			37.4886090000001,-75.927498,0
			37.4866680000001,-75.9294429999999,0
			37.4866680000001,-75.9313889999999,0
			37.4869460000002,-75.931664,0
			37.4869460000002,-75.932777,0
			37.487221,-75.9330519999999,0
			37.4874990000001,-75.9330519999999,0
			37.4888880000001,-75.934448,0
			37.4888880000001,-75.93528,0
			37.4891660000002,-75.9355549999999,0
			37.4891660000002,-75.9358369999999,0
			37.4888880000001,-75.936111,0
			37.4897230000001,-75.936943,0
			37.4897230000001,-75.937225,0
			37.4894450000002,-75.937225,0
			37.4891660000002,-75.936943,0
			37.4883350000002,-75.936943,0
			37.488056,-75.9366679999999,0
			37.4877780000001,-75.9366679999999,0
			37.4874990000001,-75.9363859999999,0
			37.4866680000001,-75.9363859999999,0
			37.486111,-75.9358369999999,0
			37.4852790000001,-75.9358369999999,0
			37.4850010000002,-75.9355549999999,0
			37.4841650000001,-75.9355549999999,0
			37.483891,-75.93528,0
			37.483612,-75.9355549999999,0
			37.4833340000001,-75.9355549999999,0
			37.482777,-75.936111,0
			37.482777,-75.9363859999999,0
			37.4824980000002,-75.9366679999999,0
			37.4824980000002,-75.9374999999999,0
			37.4830550000001,-75.938057,0
			37.4830550000001,-75.938889,0
			37.4819450000001,-75.9400019999999,0
			37.4811100000001,-75.9400019999999,0
			37.4808350000001,-75.940277,0
			37.4805560000001,-75.940277,0
			37.4797210000001,-75.941109,0
			37.4797210000001,-75.943054,0
			37.478889,-75.9438859999999,0
			37.4775010000001,-75.9438859999999,0
			37.4769440000001,-75.944443,0
			37.4769440000001,-75.945557,0
			37.4772220000001,-75.9458309999999,0
			37.4772220000001,-75.9475019999999,0
			37.4769440000001,-75.947777,0
			37.4758340000002,-75.947777,0
			37.4749980000001,-75.946945,0
			37.4741670000001,-75.947777,0
			37.4741670000001,-75.9483339999999,0
			37.4744450000001,-75.948608,0
			37.4744450000001,-75.949448,0
			37.474724,-75.949722,0
			37.474724,-75.951942,0
			37.4749980000001,-75.9522249999999,0
			37.4749980000001,-75.9530559999999,0
			37.4752770000001,-75.9533309999999,0
			37.4752770000001,-75.9538879999999,0
			37.475555,-75.9541699999999,0
			37.475555,-75.9550019999999,0
			37.4752770000001,-75.955276,0
			37.4752770000001,-75.9558329999999,0
			37.4749980000001,-75.956108,0
			37.4749980000001,-75.9597239999999,0
			37.4741670000001,-75.9605559999999,0
			37.4741670000001,-75.9608309999999,0
			37.4738880000002,-75.9611129999999,0
			37.4738880000002,-75.9619449999998,0
			37.4749980000001,-75.963058,0
			37.4752770000001,-75.962776,0
			37.475555,-75.963058,0
			37.4758340000002,-75.962776,0
			37.4786110000001,-75.962776,0
			37.478889,-75.963058,0
			37.4791680000002,-75.962776,0
			37.479282,-75.962776,0
			37.480278,-75.962776,0
			37.4808350000001,-75.9633329999999,0
			37.4811100000001,-75.963058,0
			37.4824980000002,-75.963058,0
			37.482777,-75.962776,0
			37.483612,-75.962776,0
			37.483891,-75.9625019999999,0
			37.4841650000001,-75.9625019999999,0
			37.4844440000001,-75.9622189999999,0
			37.4855540000001,-75.9622189999999,0
			37.4858320000002,-75.9619449999998,0
			37.486111,-75.9619449999998,0
			37.4866680000001,-75.9613879999999,0
			37.4874990000001,-75.9613879999999,0
			37.4877780000001,-75.9611129999999,0
			37.4883350000002,-75.9611129999999,0
			37.4886090000001,-75.9608309999999,0
			37.4897230000001,-75.9608309999999,0
			37.4900020000001,-75.9611129999999,0
			37.4911120000001,-75.9611129999999,0
			37.4919430000001,-75.9602809999999,0
			37.4922220000001,-75.9602809999999,0
			37.4925000000002,-75.9599989999999,0
			37.4930570000001,-75.9599989999999,0
			37.4933320000001,-75.9597239999999,0
			37.4936100000002,-75.9597239999999,0
			37.493889,-75.959442,0
			37.4955560000001,-75.959442,0
			37.4958340000002,-75.9591669999999,0
			37.4963870000001,-75.9591669999999,0
			37.4966700000001,-75.9594569999999,0
			37.4969440000002,-75.9591669999999,0
			37.4977760000001,-75.9591669999999,0
			37.4980550000001,-75.958885,0
			37.4983330000002,-75.958885,0
			37.4986110000001,-75.958611,0
			37.4991680000002,-75.958611,0
			37.4994430000002,-75.958885,0
			37.5000000000001,-75.958885,0
			37.5002780000002,-75.958611,0
			37.5005570000001,-75.958885,0
			37.5008320000002,-75.958885,0
			37.5011100000001,-75.958611,0
			37.5013890000001,-75.958611,0
			37.5016670000002,-75.9583359999999,0
			37.5022240000001,-75.9583359999999,0
			37.5024990000001,-75.9580539999999,0
			37.5033340000001,-75.9580539999999,0
			37.503613,-75.957779,0
			37.5041660000002,-75.957779,0
			37.5047230000001,-75.9572219999999,0
			37.5050010000002,-75.9572219999999,0
			37.5058330000001,-75.9563899999999,0
			37.5061110000001,-75.9566649999999,0
			37.5063900000001,-75.9566649999999,0
			37.506668,-75.9563899999999,0
			37.5075000000002,-75.9563899999999,0
			37.5080570000001,-75.9558329999999,0
			37.5083350000001,-75.9555589999999,0
			37.5086100000001,-75.9555589999999,0
			37.5088880000001,-75.955276,0
			37.509167,-75.955276,0
			37.5094450000001,-75.9550019999999,0
			37.5099980000001,-75.9550019999999,0
			37.510277,-75.95472,0
			37.5105550000001,-75.95472,0
			37.5108340000001,-75.954445,0
			37.511112,-75.954445,0
			37.511391,-75.9541699999999,0
			37.5119440000001,-75.9541699999999,0
			37.5122220000001,-75.9538879999999,0
			37.5138890000001,-75.9538879999999,0
			37.5141680000001,-75.953613,0
			37.5141680000001,-75.9533309999999,0
			37.5147210000001,-75.952774,0
			37.5152780000001,-75.952774,0
			37.515556,-75.9524989999999,0
			37.515835,-75.9524989999999,0
			37.5161090000001,-75.9522249999999,0
			37.5175020000001,-75.9522249999999,0
			37.5183330000001,-75.951385,0
			37.5186120000001,-75.951385,0
			37.519165,-75.9508359999999,0
			37.52,-75.9508359999999,0
			37.5202790000002,-75.950554,0
			37.5205570000001,-75.950554,0
			37.5208320000001,-75.950279,0
			37.5219460000001,-75.950279,0
			37.522499,-75.949722,0
			37.5227780000002,-75.949722,0
			37.5230560000001,-75.949448,0
			37.523888,-75.949448,0
			37.5241660000001,-75.9491649999999,0
			37.5247230000002,-75.9491649999999,0
			37.5252760000001,-75.948608,0
			37.5252760000001,-75.9480589999999,0
			37.5255550000001,-75.947777,0
			37.5255550000001,-75.9475019999999,0
			37.525833,-75.94722,0
			37.525833,-75.946945,0
			37.5263900000001,-75.946388,0
			37.5266690000001,-75.946388,0
			37.5269430000002,-75.946114,0
			37.5272220000002,-75.946114,0
			37.528332,-75.9449999999999,0
			37.5286100000001,-75.9449999999999,0
			37.5288890000001,-75.9447249999999,0
			37.5294460000002,-75.944443,0
			37.5297240000001,-75.9441679999999,0
			37.5299990000001,-75.9441679999999,0
			37.5308340000001,-75.9433359999999,0
			37.5311130000001,-75.9433359999999,0
			37.5319440000001,-75.9424969999999,0
			37.532501,-75.9424969999999,0
			37.5333330000001,-75.9416659999999,0
			37.5336110000002,-75.9416659999999,0
			37.5338900000002,-75.941391,0
			37.5341680000001,-75.941391,0
			37.5344430000001,-75.941109,0
			37.5361100000002,-75.941109,0
			37.5363880000001,-75.9408339999999,0
			37.5372240000002,-75.9408339999999,0
			37.5374980000001,-75.9405519999999,0
			37.5372240000002,-75.940277,0
			37.5374980000001,-75.9400019999999,0
			37.5388870000001,-75.9400019999999,0
			37.539165,-75.9397199999999,0
			37.5394440000002,-75.9397199999999,0
			37.539722,-75.939445,0
			37.5400010000001,-75.939445,0
			37.5405540000002,-75.938889,0
			37.5419430000002,-75.938889,0
			37.542221,-75.938614,0
			37.5425000000001,-75.938614,0
			37.5427780000002,-75.9383319999999,0
			37.5427780000002,-75.936943,0
			37.5425000000001,-75.9366679999999,0
			37.5425000000001,-75.9363859999999,0
			37.542221,-75.936111,0
			37.542221,-75.9358369999999,0
			37.5416680000001,-75.93528,0
			37.5413890000002,-75.93528,0
			37.5400010000001,-75.933891,0
			37.5400010000001,-75.9330519999999,0
			37.539722,-75.932777,0
			37.5400010000001,-75.9325029999999,0
			37.5400010000001,-75.9322199999999,0
			37.5402790000002,-75.931946,0
			37.5411110000001,-75.931946,0
			37.5413890000002,-75.931664,0
			37.5416680000001,-75.931664,0
			37.5418050000001,-75.931526,0
			37.5419430000002,-75.9313889999999,0
			37.5425000000001,-75.9313889999999,0
			37.5449980000001,-75.9325029999999,0
			37.5449980000001,-75.932777,0
			37.5452770000002,-75.9330519999999,0
			37.5452770000002,-75.9333339999999,0
			37.5458340000001,-75.933891,0
			37.5458340000001,-75.9341659999999,0
			37.5463910000001,-75.9347229999999,0
			37.5464210000001,-75.9352489999999,0
			37.5467070000001,-75.9355089999999,0
			37.5469440000001,-75.9355549999999,0
			37.5472220000001,-75.93528,0
			37.5472220000001,-75.9349979999999,0
			37.548054,-75.9341659999999,0
			37.5483320000001,-75.9341659999999,0
			37.5486110000001,-75.933891,0
			37.548889,-75.933891,0
			37.5499990000001,-75.932777,0
			37.5499990000001,-75.9325029999999,0
			37.550278,-75.9322199999999,0
			37.5505560000001,-75.9322199999999,0
			37.551388,-75.9313889999999,0
			37.551388,-75.9312209999999,0
			37.551388,-75.9308319999998,0
			37.5516660000001,-75.9305569999999,0
			37.5516660000001,-75.9299999999999,0
			37.5519450000001,-75.929726,0
			37.5519450000001,-75.9283369999999,0
			37.552223,-75.9280549999999,0
			37.552223,-75.92778,0
			37.5519450000001,-75.927498,0
			37.5519450000001,-75.9272229999999,0
			37.552223,-75.9269409999999,0
			37.552223,-75.9261089999999,0
			37.5519450000001,-75.9258349999999,0
			37.5519450000001,-75.9255519999999,0
			37.551388,-75.9250029999999,0
			37.5511090000001,-75.9250029999999,0
			37.550278,-75.924164,0
			37.5497210000001,-75.924164,0
			37.5494460000001,-75.9238889999999,0
			37.549168,-75.9238889999999,0
			37.548889,-75.924164,0
			37.5475010000001,-75.924164,0
			37.5472220000001,-75.9238889999999,0
			37.5466650000001,-75.9222259999999,0
			37.5475010000001,-75.9213869999999,0
			37.548054,-75.9213869999999,0
			37.5483320000001,-75.9211119999999,0
			37.5486110000001,-75.9211119999999,0
			37.549168,-75.9205549999999,0
			37.549168,-75.9202799999999,0
			37.5494460000001,-75.919998,0
			37.5494460000001,-75.9197239999999,0
			37.5499990000001,-75.919167,0
			37.5499990000001,-75.9188919999999,0
			37.550278,-75.9186099999999,0
			37.550278,-75.918053,0
			37.5505560000001,-75.9177779999999,0
			37.5505560000001,-75.917503,0
			37.550278,-75.9172209999999,0
			37.550278,-75.916664,0
			37.5499990000001,-75.9163889999999,0
			37.5499990000001,-75.914169,0
			37.550278,-75.913887,0
			37.550278,-75.9136119999999,0
			37.5505560000001,-75.91333,0
			37.5505560000001,-75.912498,0
			37.5508350000001,-75.9122239999999,0
			37.5508350000001,-75.9105529999999,0
			37.5511090000001,-75.9102779999999,0
			37.5508350000001,-75.906944,0
			37.5505560000001,-75.906944,0
			37.5505560000001,-75.90667,0
			37.5508350000001,-75.9063869999999,0
			37.5508350000001,-75.90583,0
			37.5511090000001,-75.9055559999999,0
			37.5511090000001,-75.9052809999999,0
			37.551388,-75.904999,0
			37.551388,-75.9044419999999,0
			37.5516660000001,-75.904167,0
			37.5516660000001,-75.9038929999999,0
			37.5519450000001,-75.9036099999999,0
			37.5519450000001,-75.902496,0
			37.552223,-75.9022219999999,0
			37.552223,-75.9013899999999,0
			37.552502,-75.9011079999999,0
			37.552502,-75.898613,0
			37.552223,-75.898331,0
			37.552502,-75.8980559999999,0
			37.552223,-75.897781,0
			37.552223,-75.897499,0
			37.5508350000001,-75.8961109999999,0
			37.5505560000001,-75.8961109999999,0
			37.5499990000001,-75.8955539999998,0
			37.5497210000001,-75.8955539999998,0
			37.5475010000001,-75.893333,0
			37.5475010000001,-75.8930589999999,0
			37.5472220000001,-75.8927759999999,0
			37.5472220000001,-75.8919449999999,0
			37.5469440000001,-75.89167,0
			37.5469440000001,-75.8902739999999,0
			37.5472220000001,-75.8899989999999,0
			37.5472220000001,-75.8869479999999,0
			37.5469440000001,-75.8866649999999,0
			37.5469440000001,-75.8861079999999,0
			37.5466650000001,-75.8858339999999,0
			37.5466650000001,-75.8855589999999,0
			37.5461120000001,-75.885002,0
			37.5461120000001,-75.88472,0
			37.5458340000001,-75.8844449999999,0
			37.5458340000001,-75.8841629999999,0
			37.545555,-75.883888,0
			37.545555,-75.8822249999999,0
			37.5458340000001,-75.8819429999999,0
			37.5458340000001,-75.8816679999999,0
			37.5461120000001,-75.881386,0
			37.5461120000001,-75.8808359999999,0
			37.5463910000001,-75.880554,0
			37.5463910000001,-75.8802799999999,0
			37.5469440000001,-75.879723,0
			37.5469440000001,-75.8794479999999,0
			37.547779,-75.878609,0
			37.547779,-75.878052,0
			37.548054,-75.877777,0
			37.5483320000001,-75.877777,0
			37.549168,-75.8769449999999,0
			37.549168,-75.874725,0
			37.548889,-75.874443,0
			37.548889,-75.8741679999999,0
			37.549168,-75.873886,0
			37.549168,-75.8733369999999,0
			37.5494460000001,-75.873055,0
			37.5494460000001,-75.8727799999999,0
			37.5497210000001,-75.872498,0
			37.5494460000001,-75.870277,0
			37.5497210000001,-75.8700029999999,0
			37.5483320000001,-75.868614,0
			37.5483320000001,-75.8683319999999,0
			37.5486110000001,-75.868057,0
			37.5483320000001,-75.8677749999999,0
			37.5483320000001,-75.866112,0
			37.5486110000001,-75.8658369999999,0
			37.5486110000001,-75.8644409999998,0
			37.5483320000001,-75.8641659999999,0
			37.5483320000001,-75.862221,0
			37.5486110000001,-75.861946,0
			37.5486110000001,-75.8616639999999,0
			37.549168,-75.861115,0
			37.549168,-75.8602749999999,0
			37.5494460000001,-75.8600009999999,0
			37.549168,-75.859726,0
			37.549168,-75.8594439999999,0
			37.5494460000001,-75.8591689999999,0
			37.549168,-75.858887,0
			37.549168,-75.8583299999999,0
			37.5494460000001,-75.858055,0
			37.5494460000001,-75.8577799999999,0
			37.5499990000001,-75.857224,0
			37.5499990000001,-75.8569409999999,0
			37.5505560000001,-75.856392,0
			37.5505560000001,-75.8555529999999,0
			37.5508350000001,-75.8552779999998,0
			37.5508350000001,-75.8550029999999,0
			37.551388,-75.8544459999999,0
			37.551388,-75.8541639999999,0
			37.5516660000001,-75.853889,0
			37.5516660000001,-75.8536149999999,0
			37.5521010000001,-75.85318,0
			37.552223,-75.853058,0
			37.552223,-75.852478,0
			37.552223,-75.8522189999999,0
			37.5519450000001,-75.8519439999999,0
			37.5519450000001,-75.8516689999999,0
			37.5511090000001,-75.8508299999999,0
			37.5511090000001,-75.8502809999999,0
			37.5508350000001,-75.8499979999999,0
			37.5508350000001,-75.8491669999999,0
			37.5511090000001,-75.848892,0
			37.5511090000001,-75.84861,0
			37.551388,-75.8483349999999,0
			37.551388,-75.8477779999999,0
			37.5516660000001,-75.8475039999999,0
			37.5516660000001,-75.8469469999999,0
			37.5519450000001,-75.846664,0
			37.5519450000001,-75.8463899999999,0
			37.552223,-75.846107,0
			37.552223,-75.8458329999999,0
			37.5527760000001,-75.845276,0
			37.5527760000001,-75.8450009999999,0
			37.5530550000001,-75.8447189999999,0
			37.5530550000001,-75.8436129999999,0
			37.5527760000001,-75.84333,0
			37.5527760000001,-75.8430559999999,0
			37.5530550000001,-75.8427809999999,0
			37.5530550000001,-75.841942,0
			37.553333,-75.8416669999999,0
			37.553612,-75.8416669999999,0
			37.5538900000001,-75.8413929999999,0
			37.5538900000001,-75.84111,0
			37.554443,-75.8405529999999,0
			37.554722,-75.8405529999999,0
			37.5555570000002,-75.8397219999999,0
			37.5556680000001,-75.8397219999999,0
			37.5557400000001,-75.838562,0
			37.555729,-75.837982,0
			37.5547490000001,-75.835701,0
			37.5307010000001,-75.790421,0
			37.52935,-75.7910689999999,0
		</coordinates>
	</polygon>
</kml>
