<?xml version="1.0" encoding="UTF-8"?>
<kml xmlns="http://earth.google.com/kml/2.2">
	<polygon id="USA_FL_Lee" samplingProbability="1">
		<coordinates>
			26.7663941900001,-81.565995535,0
			26.763772547,-81.5659065839999,0
			26.7626265720001,-81.5658677019999,0
			26.7614097600002,-81.5658264169999,0
			26.7156982430001,-81.5666122439999,0
			26.713256145,-81.5666843669999,0
			26.7114866180001,-81.5667366269999,0
			26.7097929870002,-81.566786645,0
			26.7092399610001,-81.5668029779999,0
			26.5133060000001,-81.5642089949999,0
			26.5125770000001,-81.5641919999999,0
			26.4735110000001,-81.563293,0
			26.4698470000001,-81.5631479999999,0
			26.465698,-81.5629879999999,0
			26.4567200000001,-81.5628219999999,0
			26.440912,-81.5625309999999,0
			26.4227290000002,-81.5621949999999,0
			26.421188,-81.6368639999999,0
			26.4207150000001,-81.659782,0
			26.3729910000001,-81.658965,0
			26.3338580000002,-81.658295,0
			26.3186610000001,-81.6580369999999,0
			26.31769,-81.6580199999999,0
			26.3168950000002,-81.749878,0
			26.3166760000001,-81.7911299999999,0
			26.3165280000002,-81.8190769999999,0
			26.3217870000001,-81.819138,0
			26.3305050000002,-81.8192139999999,0
			26.3305020000001,-81.83309,0
			26.3305000000001,-81.8462519999999,0
			26.3315280000001,-81.8462519999999,0
			26.3315280000001,-81.8465269999999,0
			26.331806,-81.8465269999999,0
			26.331806,-81.846802,0
			26.3326400000001,-81.846802,0
			26.3326400000001,-81.8470839999999,0
			26.3334710000001,-81.8470839999999,0
			26.3334710000001,-81.8473589999999,0
			26.334028,-81.8473589999999,0
			26.334028,-81.8476409999998,0
			26.3345830000001,-81.8476409999998,0
			26.3345830000001,-81.8479159999999,0
			26.335138,-81.8479159999999,0
			26.335138,-81.8481979999999,0
			26.3362500000002,-81.8481979999999,0
			26.3362500000002,-81.848473,0
			26.336527,-81.848473,0
			26.336527,-81.8487469999999,0
			26.3370840000001,-81.8487469999999,0
			26.3370840000001,-81.8490299999999,0
			26.337639,-81.8490299999999,0
			26.337639,-81.849304,0
			26.3387510000002,-81.849304,0
			26.3387510000002,-81.849586,0
			26.3390250000001,-81.849586,0
			26.3390250000001,-81.8498609999999,0
			26.339861,-81.8498609999999,0
			26.339861,-81.850136,0
			26.3404180000001,-81.850136,0
			26.3404180000001,-81.8504179999999,0
			26.340694,-81.8504179999999,0
			26.340694,-81.8506929999999,0
			26.3418060000002,-81.8506929999999,0
			26.3418060000002,-81.8509749999999,0
			26.3423610000001,-81.8509749999999,0
			26.3423610000001,-81.8512499999999,0
			26.3429160000002,-81.8512499999999,0
			26.3429160000002,-81.8515239999999,0
			26.3434720000002,-81.8515239999999,0
			26.3434720000002,-81.8518069999998,0
			26.344028,-81.8518069999998,0
			26.344028,-81.8520809999999,0
			26.3445840000002,-81.8520809999999,0
			26.3445840000002,-81.8523639999999,0
			26.3448600000001,-81.8523639999999,0
			26.3448600000001,-81.852638,0
			26.345694,-81.852638,0
			26.345694,-81.8529129999999,0
			26.346527,-81.8529129999999,0
			26.346527,-81.8531949999999,0
			26.3470820000001,-81.8531949999999,0
			26.3470820000001,-81.85347,0
			26.3479180000002,-81.85347,0
			26.3479180000002,-81.853752,0
			26.3484730000001,-81.853752,0
			26.3484730000001,-81.8540269999999,0
			26.3487490000002,-81.8540269999999,0
			26.3487490000002,-81.8543089999999,0
			26.3490280000001,-81.8543089999999,0
			26.3490280000001,-81.854584,0
			26.3493040000001,-81.854584,0
			26.3493040000001,-81.8548579999999,0
			26.3504140000001,-81.8548579999999,0
			26.3504140000001,-81.8551409999999,0
			26.3509730000002,-81.8551409999999,0
			26.3509730000002,-81.8554149999999,0
			26.3512500000002,-81.8554149999999,0
			26.3512500000002,-81.8556979999999,0
			26.3518050000001,-81.8556979999999,0
			26.3518050000001,-81.8559719999998,0
			26.3523620000001,-81.8559719999998,0
			26.3523620000001,-81.8562469999999,0
			26.352919,-81.8562469999999,0
			26.352919,-81.8565289999999,0
			26.3531950000001,-81.8565289999999,0
			26.3531950000001,-81.8568039999998,0
			26.3537480000001,-81.8568039999998,0
			26.3537480000001,-81.857086,0
			26.354031,-81.857086,0
			26.354031,-81.8573609999999,0
			26.3545840000002,-81.8573609999999,0
			26.3545840000002,-81.857635,0
			26.3551410000001,-81.857635,0
			26.3551410000001,-81.857918,0
			26.3554170000002,-81.857918,0
			26.3554170000002,-81.8581919999999,0
			26.3559720000001,-81.8581919999999,0
			26.3559720000001,-81.8584749999999,0
			26.356251,-81.8584749999999,0
			26.356251,-81.858749,0
			26.3565270000001,-81.858749,0
			26.3565270000001,-81.8590239999999,0
			26.357084,-81.8590239999999,0
			26.357084,-81.8593059999999,0
			26.3579160000002,-81.8593059999999,0
			26.3579850000002,-81.8598629999999,0
			26.3581940000001,-81.8598629999999,0
			26.3581940000001,-81.8601379999999,0
			26.3584730000001,-81.8601379999999,0
			26.3584730000001,-81.86042,0
			26.3590280000001,-81.86042,0
			26.3590280000001,-81.8606949999999,0
			26.3598610000001,-81.8606949999999,0
			26.3598610000001,-81.8609699999998,0
			26.3601380000001,-81.8609699999998,0
			26.3601380000001,-81.861252,0
			26.360416,-81.861252,0
			26.360416,-81.8615259999999,0
			26.3609710000001,-81.8615259999999,0
			26.3609710000001,-81.8618089999999,0
			26.3612500000002,-81.8618089999999,0
			26.3612500000002,-81.862083,0
			26.3618030000001,-81.862083,0
			26.3618030000001,-81.8626399999999,0
			26.3621370000002,-81.8626399999999,0
			26.3623620000001,-81.8626399999999,0
			26.3623620000001,-81.862915,0
			26.3626380000001,-81.862915,0
			26.3626380000001,-81.863197,0
			26.362917,-81.863197,0
			26.362917,-81.8634719999999,0
			26.36375,-81.8634719999999,0
			26.36375,-81.863747,0
			26.3645860000001,-81.863747,0
			26.3645860000001,-81.8634719999999,0
			26.3648610000001,-81.8634719999999,0
			26.3648610000001,-81.863197,0
			26.3651370000001,-81.863197,0
			26.3651370000001,-81.861252,0
			26.3656940000001,-81.861252,0
			26.3656940000001,-81.8615259999999,0
			26.366247,-81.8615259999999,0
			26.366247,-81.862083,0
			26.3665290000001,-81.862083,0
			26.3665290000001,-81.8623579999999,0
			26.3670830000002,-81.8623579999999,0
			26.3670830000002,-81.8626399999999,0
			26.3676400000001,-81.8626399999999,0
			26.3676400000001,-81.863197,0
			26.3681950000001,-81.863197,0
			26.3681950000001,-81.8634719999999,0
			26.3684730000001,-81.8634719999999,0
			26.3684730000001,-81.863197,0
			26.3690280000001,-81.863197,0
			26.3690280000001,-81.8634719999999,0
			26.3693050000001,-81.8634719999999,0
			26.3693050000001,-81.863747,0
			26.369583,-81.863747,0
			26.369583,-81.864029,0
			26.3698620000002,-81.864029,0
			26.3698620000002,-81.8643039999999,0
			26.3704170000001,-81.8643039999999,0
			26.3704170000001,-81.864586,0
			26.3706950000002,-81.864586,0
			26.3706950000002,-81.8648609999999,0
			26.3709720000001,-81.8648609999999,0
			26.3709720000001,-81.864586,0
			26.3712500000001,-81.864586,0
			26.3712500000001,-81.8648609999999,0
			26.3715290000001,-81.8648609999999,0
			26.3715290000001,-81.8651349999998,0
			26.3718050000001,-81.8651349999998,0
			26.3718050000001,-81.865417,0
			26.372917,-81.865417,0
			26.372917,-81.8656919999999,0
			26.3731940000002,-81.8656919999999,0
			26.3731940000002,-81.8659739999999,0
			26.3734720000001,-81.8659739999999,0
			26.3734720000001,-81.866249,0
			26.3740270000002,-81.866249,0
			26.3740270000002,-81.866531,0
			26.3745820000001,-81.866531,0
			26.3745820000001,-81.8668059999999,0
			26.3756940000001,-81.8668059999999,0
			26.3756940000001,-81.867081,0
			26.376249,-81.867081,0
			26.376249,-81.867363,0
			26.3764740000001,-81.8673709999999,0
			26.3765280000002,-81.8676379999999,0
			26.3768040000001,-81.8676379999999,0
			26.3768040000001,-81.86792,0
			26.3770830000001,-81.86792,0
			26.3770830000001,-81.868195,0
			26.3773610000002,-81.868195,0
			26.3773610000002,-81.8684689999999,0
			26.37764,-81.8684689999999,0
			26.37764,-81.868752,0
			26.3779160000001,-81.868752,0
			26.3779160000001,-81.8690259999999,0
			26.3781970000001,-81.8690259999999,0
			26.3781970000001,-81.8693079999999,0
			26.378471,-81.8693079999999,0
			26.378471,-81.869583,0
			26.37875,-81.869583,0
			26.37875,-81.8693079999999,0
			26.3790260000001,-81.8693079999999,0
			26.3790260000001,-81.8701399999999,0
			26.3793050000001,-81.8701399999999,0
			26.3793050000001,-81.870415,0
			26.379583,-81.870415,0
			26.379583,-81.870697,0
			26.3801360000001,-81.870697,0
			26.3801360000001,-81.8709719999999,0
			26.3804190000001,-81.8709719999999,0
			26.3804190000001,-81.871246,0
			26.3806950000002,-81.871246,0
			26.3806950000002,-81.871529,0
			26.380972,-81.871529,0
			26.380972,-81.8718029999999,0
			26.3812500000001,-81.8718029999999,0
			26.3812500000001,-81.872086,0
			26.381805,-81.872086,0
			26.381805,-81.87236,0
			26.3820840000002,-81.87236,0
			26.3820840000002,-81.872917,0
			26.3823590000002,-81.872917,0
			26.3823590000002,-81.873192,0
			26.3829170000002,-81.873192,0
			26.3829170000002,-81.8734739999999,0
			26.3837530000001,-81.8734739999999,0
			26.3837530000001,-81.873749,0
			26.3840270000002,-81.873749,0
			26.3840270000002,-81.8740309999999,0
			26.3845830000002,-81.8740309999999,0
			26.3845830000002,-81.8743059999999,0
			26.3851390000002,-81.8743059999999,0
			26.3851390000002,-81.8748629999999,0
			26.3856950000002,-81.8748629999999,0
			26.3856950000002,-81.87542,0
			26.3859710000001,-81.87542,0
			26.3859710000001,-81.875694,0
			26.3862500000001,-81.875694,0
			26.3862500000001,-81.8759689999999,0
			26.3865280000002,-81.8759689999999,0
			26.3865280000002,-81.87542,0
			26.3868060000001,-81.87542,0
			26.3868060000001,-81.873749,0
			26.3870830000001,-81.873749,0
			26.3870830000001,-81.8734739999999,0
			26.3873620000001,-81.8734739999999,0
			26.3873620000001,-81.8732449999999,0
			26.3873620000001,-81.872917,0
			26.3876380000002,-81.872917,0
			26.3876380000002,-81.87236,0
			26.3873620000001,-81.87236,0
			26.3873620000001,-81.872086,0
			26.3870830000001,-81.872086,0
			26.3870830000001,-81.8718029999999,0
			26.3865280000002,-81.8718029999999,0
			26.3865280000002,-81.872086,0
			26.386333,-81.872086,0
			26.3862500000001,-81.872086,0
			26.3862500000001,-81.8726429999999,0
			26.3848630000001,-81.8726429999999,0
			26.3848630000001,-81.87236,0
			26.3845830000002,-81.87236,0
			26.3845830000002,-81.870697,0
			26.3843060000002,-81.870697,0
			26.3843060000002,-81.870415,0
			26.3837530000001,-81.870415,0
			26.3837530000001,-81.8698579999999,0
			26.3834720000001,-81.8698579999999,0
			26.3834720000001,-81.869583,0
			26.3831940000002,-81.869583,0
			26.3831940000002,-81.8690259999999,0
			26.3829170000002,-81.8690259999999,0
			26.3829170000002,-81.8682249999999,0
			26.3829170000002,-81.86792,0
			26.382647,-81.86792,0
			26.382578,-81.867088,0
			26.3823590000002,-81.867081,0
			26.3823590000002,-81.8668059999999,0
			26.3820840000002,-81.8668059999999,0
			26.3820840000002,-81.866531,0
			26.3812500000001,-81.866531,0
			26.3812500000001,-81.866249,0
			26.3806950000002,-81.866249,0
			26.3806950000002,-81.866531,0
			26.3801360000001,-81.866531,0
			26.3801360000001,-81.867081,0
			26.3798620000002,-81.867081,0
			26.3798620000002,-81.867363,0
			26.379583,-81.867363,0
			26.379583,-81.8676379999999,0
			26.37875,-81.8676379999999,0
			26.37875,-81.867363,0
			26.378471,-81.867363,0
			26.378471,-81.8651349999998,0
			26.3778710000001,-81.865112,0
			26.3779810000001,-81.8648909999999,0
			26.376249,-81.8648609999999,0
			26.376249,-81.8651349999998,0
			26.375416,-81.8651349999998,0
			26.375416,-81.8648609999999,0
			26.375139,-81.8648609999999,0
			26.375139,-81.863747,0
			26.375416,-81.863747,0
			26.375416,-81.8634719999999,0
			26.3759730000001,-81.8634719999999,0
			26.3759730000001,-81.861252,0
			26.376249,-81.861252,0
			26.376249,-81.8609699999998,0
			26.3765280000002,-81.8609699999998,0
			26.3765280000002,-81.86042,0
			26.3768040000001,-81.86042,0
			26.3768040000001,-81.858749,0
			26.3770830000001,-81.858749,0
			26.3770830000001,-81.8584749999999,0
			26.37764,-81.8584749999999,0
			26.37764,-81.857635,0
			26.3779160000001,-81.857635,0
			26.3779160000001,-81.857086,0
			26.3781970000001,-81.857086,0
			26.3781970000001,-81.856873,0
			26.3779770000002,-81.8567349999999,0
			26.3779160000001,-81.8562469999999,0
			26.3781970000001,-81.8562469999999,0
			26.3781970000001,-81.854584,0
			26.3779160000001,-81.854584,0
			26.3779160000001,-81.8540269999999,0
			26.37764,-81.8540269999999,0
			26.37764,-81.85347,0
			26.3759730000001,-81.85347,0
			26.3759730000001,-81.8540269999999,0
			26.376249,-81.8540269999999,0
			26.376249,-81.8548579999999,0
			26.3765280000002,-81.8548579999999,0
			26.3765280000002,-81.8551409999999,0
			26.376204,-81.8551939999999,0
			26.376249,-81.8562469999999,0
			26.3759730000001,-81.8562469999999,0
			26.3759730000001,-81.8565289999999,0
			26.375139,-81.8565289999999,0
			26.375139,-81.8573609999999,0
			26.3745820000001,-81.8573609999999,0
			26.3745820000001,-81.8568039999998,0
			26.3734720000001,-81.8568039999998,0
			26.3734720000001,-81.8565289999999,0
			26.372917,-81.8565289999999,0
			26.372917,-81.8554149999999,0
			26.3731940000002,-81.8554149999999,0
			26.3731940000002,-81.854584,0
			26.372917,-81.854584,0
			26.372917,-81.8543089999999,0
			26.3726390000001,-81.8543089999999,0
			26.3726390000001,-81.8540269999999,0
			26.3718050000001,-81.8540269999999,0
			26.3718050000001,-81.85347,0
			26.3712500000001,-81.85347,0
			26.3712500000001,-81.8531949999999,0
			26.3706950000002,-81.8531949999999,0
			26.3706950000002,-81.8529129999999,0
			26.369583,-81.8529129999999,0
			26.369583,-81.8523639999999,0
			26.3688560000001,-81.8523639999999,0
			26.3681950000001,-81.8523639999999,0
			26.3681950000001,-81.852638,0
			26.3676400000001,-81.852638,0
			26.3676400000001,-81.8529129999999,0
			26.367359,-81.8529129999999,0
			26.367359,-81.852638,0
			26.3670830000002,-81.852638,0
			26.3670830000002,-81.8529129999999,0
			26.3665290000001,-81.8529129999999,0
			26.3665290000001,-81.852638,0
			26.3659730000001,-81.852638,0
			26.3659730000001,-81.8523639999999,0
			26.3656940000001,-81.8523639999999,0
			26.3656940000001,-81.8518069999998,0
			26.3651370000001,-81.8518069999998,0
			26.3651370000001,-81.8512499999999,0
			26.3648610000001,-81.8512499999999,0
			26.3648610000001,-81.8506929999999,0
			26.3645860000001,-81.8506929999999,0
			26.3645860000001,-81.850136,0
			26.3643050000001,-81.850136,0
			26.3643050000001,-81.8498609999999,0
			26.3640250000001,-81.8498609999999,0
			26.3640250000001,-81.8490299999999,0
			26.363194,-81.8490299999999,0
			26.363194,-81.8487469999999,0
			26.3626380000001,-81.8487469999999,0
			26.3626380000001,-81.8490299999999,0
			26.3620830000002,-81.8490299999999,0
			26.3620830000002,-81.849586,0
			26.3618030000001,-81.849586,0
			26.3618030000001,-81.8498609999999,0
			26.3609710000001,-81.8498609999999,0
			26.3609710000001,-81.8504179999999,0
			26.360695,-81.8504179999999,0
			26.360695,-81.8512499999999,0
			26.36062,-81.8512499999999,0
			26.360416,-81.8512499999999,0
			26.360416,-81.8518069999998,0
			26.3601380000001,-81.8518069999998,0
			26.3601380000001,-81.8523639999999,0
			26.3598610000001,-81.8523639999999,0
			26.3598610000001,-81.8529129999999,0
			26.359583,-81.8529129999999,0
			26.359583,-81.853752,0
			26.3593060000001,-81.853752,0
			26.3593060000001,-81.8556979999999,0
			26.359583,-81.8556979999999,0
			26.359583,-81.8562469999999,0
			26.3598610000001,-81.8562469999999,0
			26.3598610000001,-81.8565289999999,0
			26.3601380000001,-81.8565289999999,0
			26.360113,-81.8570709999999,0
			26.360416,-81.857086,0
			26.360416,-81.857635,0
			26.3598610000001,-81.857635,0
			26.3598610000001,-81.8574069999999,0
			26.359583,-81.8573609999999,0
			26.359583,-81.857086,0
			26.3593060000001,-81.857086,0
			26.3593060000001,-81.8565289999999,0
			26.3590280000001,-81.8565289999999,0
			26.3590280000001,-81.8562469999999,0
			26.3584730000001,-81.8562469999999,0
			26.3584730000001,-81.8556979999999,0
			26.3581940000001,-81.8556979999999,0
			26.3581940000001,-81.854584,0
			26.3584730000001,-81.854584,0
			26.3584730000001,-81.8531949999999,0
			26.3587490000002,-81.8531949999999,0
			26.3587490000002,-81.8515239999999,0
			26.3590280000001,-81.8515239999999,0
			26.3590280000001,-81.8506929999999,0
			26.3593060000001,-81.8506929999999,0
			26.3593060000001,-81.850136,0
			26.359583,-81.850136,0
			26.359583,-81.8498609999999,0
			26.3598610000001,-81.8498609999999,0
			26.3598610000001,-81.849304,0
			26.3601380000001,-81.849304,0
			26.3601380000001,-81.8490299999999,0
			26.360416,-81.8490299999999,0
			26.360416,-81.8487469999999,0
			26.360695,-81.8487469999999,0
			26.360695,-81.8481979999999,0
			26.3609710000001,-81.8481979999999,0
			26.3609710000001,-81.8470839999999,0
			26.3598610000001,-81.8470839999999,0
			26.3598610000001,-81.8473589999999,0
			26.359583,-81.8473589999999,0
			26.359583,-81.8476409999998,0
			26.3593060000001,-81.8476409999998,0
			26.3593060000001,-81.8481979999999,0
			26.3584730000001,-81.8481979999999,0
			26.3584730000001,-81.848473,0
			26.3581940000001,-81.848473,0
			26.3581940000001,-81.8487469999999,0
			26.3579160000002,-81.8487469999999,0
			26.3579160000002,-81.8490299999999,0
			26.3576390000001,-81.8490299999999,0
			26.3576390000001,-81.8495789999999,0
			26.3576390000001,-81.8506929999999,0
			26.357084,-81.8506929999999,0
			26.357084,-81.850136,0
			26.3568060000001,-81.850136,0
			26.3568060000001,-81.8498609999999,0
			26.3565270000001,-81.8498609999999,0
			26.3565270000001,-81.850136,0
			26.3559720000001,-81.850136,0
			26.3559720000001,-81.849304,0
			26.356251,-81.849304,0
			26.356251,-81.8490299999999,0
			26.3565270000001,-81.8490299999999,0
			26.3565270000001,-81.8479159999999,0
			26.3554170000002,-81.8479159999999,0
			26.3554170000002,-81.8476409999998,0
			26.3551410000001,-81.8476409999998,0
			26.3551410000001,-81.8479159999999,0
			26.3543050000002,-81.8479159999999,0
			26.3543050000002,-81.8481979999999,0
			26.3534300000001,-81.8482359999999,0
			26.3534720000002,-81.848473,0
			26.3526360000001,-81.848473,0
			26.3526360000001,-81.8487469999999,0
			26.3523620000001,-81.8487469999999,0
			26.3523620000001,-81.8490299999999,0
			26.3518050000001,-81.8490299999999,0
			26.3518050000001,-81.849304,0
			26.3520830000002,-81.849304,0
			26.3520830000002,-81.8498609999999,0
			26.3523620000001,-81.8498609999999,0
			26.3523620000001,-81.8504179999999,0
			26.3526360000001,-81.8504179999999,0
			26.3526360000001,-81.8506929999999,0
			26.3531950000001,-81.8506929999999,0
			26.3531950000001,-81.8515239999999,0
			26.3534720000002,-81.8515239999999,0
			26.3534720000002,-81.8520809999999,0
			26.3537480000001,-81.8520809999999,0
			26.3537480000001,-81.852638,0
			26.354031,-81.852638,0
			26.354031,-81.85347,0
			26.3543050000002,-81.85347,0
			26.3543050000002,-81.854584,0
			26.354031,-81.854584,0
			26.354031,-81.8540269999999,0
			26.3537480000001,-81.8540269999999,0
			26.3537480000001,-81.853752,0
			26.3534720000002,-81.853752,0
			26.3534720000002,-81.85347,0
			26.3531950000001,-81.85347,0
			26.3531950000001,-81.8531949999999,0
			26.352919,-81.8531949999999,0
			26.352919,-81.8529129999999,0
			26.3501400000002,-81.8529129999999,0
			26.3501400000002,-81.852638,0
			26.3498610000001,-81.852638,0
			26.3498610000001,-81.8523639999999,0
			26.3495830000001,-81.8523639999999,0
			26.3495830000001,-81.8515239999999,0
			26.3518050000001,-81.8515239999999,0
			26.3518050000001,-81.8512499999999,0
			26.3515260000001,-81.8512499999999,0
			26.3515260000001,-81.850136,0
			26.3512500000002,-81.850136,0
			26.3512500000002,-81.8498609999999,0
			26.3509730000002,-81.8498609999999,0
			26.3509730000002,-81.8479159999999,0
			26.3512500000002,-81.8479159999999,0
			26.3512500000002,-81.8476409999998,0
			26.3515260000001,-81.8476409999998,0
			26.3515260000001,-81.8473589999999,0
			26.3506950000001,-81.8473589999999,0
			26.3506950000001,-81.8476409999998,0
			26.3501400000002,-81.8476409999998,0
			26.3501400000002,-81.846512,0
			26.3498900000001,-81.8465189999999,0
			26.3495830000001,-81.8465269999999,0
			26.3495830000001,-81.8470839999999,0
			26.3493040000001,-81.8470839999999,0
			26.3493040000001,-81.8476409999998,0
			26.3490280000001,-81.8476409999998,0
			26.3490280000001,-81.8479159999999,0
			26.3484730000001,-81.8479159999999,0
			26.3484730000001,-81.8481979999999,0
			26.3476390000002,-81.8481979999999,0
			26.3476390000002,-81.8473589999999,0
			26.3470820000001,-81.8473589999999,0
			26.3470820000001,-81.846802,0
			26.3476390000002,-81.846802,0
			26.3476390000002,-81.8456949999999,0
			26.3479180000002,-81.8456949999999,0
			26.3479180000002,-81.845413,0
			26.3481940000001,-81.845413,0
			26.3481940000001,-81.8448639999999,0
			26.3484730000001,-81.8448639999999,0
			26.3484730000001,-81.8445819999999,0
			26.3490280000001,-81.8445819999999,0
			26.3490280000001,-81.844307,0
			26.3493040000001,-81.844307,0
			26.3493040000001,-81.844055,0
			26.3501400000002,-81.844025,0
			26.3501400000002,-81.8431929999999,0
			26.3498610000001,-81.8431929999999,0
			26.3498610000001,-81.8420869999999,0
			26.3495830000001,-81.8420869999999,0
			26.3495830000001,-81.841805,0
			26.3493040000001,-81.841805,0
			26.3493040000001,-81.8415299999999,0
			26.3490280000001,-81.8415299999999,0
			26.3490280000001,-81.841248,0
			26.3484550000002,-81.841248,0
			26.348511,-81.8409809999999,0
			26.3476390000002,-81.840973,0
			26.3476390000002,-81.8406979999999,0
			26.3468060000002,-81.8406979999999,0
			26.3468060000002,-81.8395839999999,0
			26.3470820000001,-81.8395839999999,0
			26.3470820000001,-81.839027,0
			26.3473610000001,-81.839027,0
			26.3473610000001,-81.8381959999999,0
			26.3476390000002,-81.8381959999999,0
			26.3476390000002,-81.8373639999999,0
			26.3484730000001,-81.8373639999999,0
			26.3484730000001,-81.837082,0
			26.3490280000001,-81.837082,0
			26.3490280000001,-81.836807,0
			26.3495830000001,-81.836807,0
			26.3495830000001,-81.8365249999999,0
			26.3501400000002,-81.8365249999999,0
			26.3501400000002,-81.8362499999999,0
			26.3506950000001,-81.8362499999999,0
			26.3506950000001,-81.835976,0
			26.3512500000002,-81.835976,0
			26.3512500000002,-81.8356929999999,0
			26.3543050000002,-81.8356929999999,0
			26.3543050000002,-81.835976,0
			26.3554170000002,-81.835976,0
			26.3554170000002,-81.8362499999999,0
			26.3556940000001,-81.8362499999999,0
			26.3556750000002,-81.836555,0
			26.3559720000001,-81.8365249999999,0
			26.3559720000001,-81.836731,0
			26.3559720000001,-81.8373639999999,0
			26.356251,-81.8373639999999,0
			26.356251,-81.837639,0
			26.3576390000001,-81.837639,0
			26.3576390000001,-81.8377149999999,0
			26.3576390000001,-81.837914,0
			26.3579690000001,-81.837914,0
			26.3584730000001,-81.837914,0
			26.3584730000001,-81.837639,0
			26.3587490000002,-81.837639,0
			26.3587490000002,-81.8373639999999,0
			26.3601380000001,-81.8373639999999,0
			26.3601380000001,-81.837639,0
			26.361723,-81.837639,0
			26.3618030000001,-81.837639,0
			26.3618030000001,-81.8373639999999,0
			26.3626380000001,-81.8373639999999,0
			26.3626310000002,-81.837639,0
			26.363194,-81.837639,0
			26.363194,-81.8377839999999,0
			26.363194,-81.837914,0
			26.363756,-81.837914,0
			26.36375,-81.8381959999999,0
			26.3643050000001,-81.8381959999999,0
			26.3643050000001,-81.8387529999999,0
			26.3645860000001,-81.8387529999999,0
			26.3645860000001,-81.839027,0
			26.3656940000001,-81.839027,0
			26.3656940000001,-81.8387529999999,0
			26.3668080000001,-81.8387529999999,0
			26.3668080000001,-81.83847,0
			26.3673860000001,-81.83847,0
			26.3698620000002,-81.83847,0
			26.3698620000002,-81.8387529999999,0
			26.3706950000002,-81.8387529999999,0
			26.3706950000002,-81.839027,0
			26.3712500000001,-81.839027,0
			26.3712440000002,-81.839333,0
			26.3718050000001,-81.839302,0
			26.3718050000001,-81.839432,0
			26.3718050000001,-81.8395839999999,0
			26.37237,-81.8395309999999,0
			26.3723600000001,-81.839859,0
			26.372917,-81.839859,0
			26.372917,-81.840141,0
			26.374306,-81.840141,0
			26.374306,-81.8404159999999,0
			26.3759730000001,-81.8404159999999,0
			26.3759730000001,-81.8402789999999,0
			26.3759730000001,-81.840141,0
			26.3773610000002,-81.840141,0
			26.3773610000002,-81.839859,0
			26.3779160000001,-81.839859,0
			26.3779160000001,-81.8395839999999,0
			26.379583,-81.8395839999999,0
			26.379583,-81.840141,0
			26.3798620000002,-81.840141,0
			26.3798620000002,-81.8404159999999,0
			26.3806950000002,-81.8404159999999,0
			26.3806950000002,-81.840973,0
			26.3815290000001,-81.840973,0
			26.3815290000001,-81.8406979999999,0
			26.381805,-81.8406979999999,0
			26.381805,-81.840973,0
			26.3820840000002,-81.840973,0
			26.3820840000002,-81.841248,0
			26.3829170000002,-81.841248,0
			26.3829170000002,-81.8415299999999,0
			26.3831940000002,-81.8415299999999,0
			26.3831940000002,-81.841805,0
			26.3840270000002,-81.841805,0
			26.3840220000001,-81.842125,0
			26.3851390000002,-81.8420869999999,0
			26.3851390000002,-81.8423609999999,0
			26.3859710000001,-81.8423609999999,0
			26.3859710000001,-81.842545,0
			26.3859710000001,-81.842636,0
			26.3863320000001,-81.842621,0
			26.3865340000002,-81.8426129999999,0
			26.3865280000002,-81.8429179999999,0
			26.3884740000001,-81.8429179999999,0
			26.3923610000002,-81.8429179999999,0
			26.3923610000002,-81.8431929999999,0
			26.3931940000002,-81.8431929999999,0
			26.3931940000002,-81.843475,0
			26.3937470000001,-81.843475,0
			26.3937470000001,-81.8431929999999,0
			26.39403,-81.8431929999999,0
			26.39403,-81.8429179999999,0
			26.394861,-81.8429179999999,0
			26.394861,-81.842636,0
			26.3956950000002,-81.842636,0
			26.3956950000002,-81.8423609999999,0
			26.3970830000001,-81.8423609999999,0
			26.3970830000001,-81.8420869999999,0
			26.3976380000001,-81.8420869999999,0
			26.3976380000001,-81.8423609999999,0
			26.398195,-81.8423609999999,0
			26.398195,-81.842636,0
			26.398472,-81.842636,0
			26.398472,-81.8429179999999,0
			26.399305,-81.8429179999999,0
			26.399305,-81.842636,0
			26.3998600000002,-81.842636,0
			26.3998600000002,-81.8420869999999,0
			26.4001390000001,-81.8420869999999,0
			26.4001390000001,-81.841805,0
			26.4012510000001,-81.841805,0
			26.4012510000001,-81.8420869999999,0
			26.401806,-81.8420869999999,0
			26.401806,-81.8423609999999,0
			26.4023610000002,-81.8423609999999,0
			26.4023610000002,-81.843475,0
			26.4020820000001,-81.843475,0
			26.4020820000001,-81.844307,0
			26.401806,-81.844307,0
			26.401806,-81.8448639999999,0
			26.4012510000001,-81.8448639999999,0
			26.4012510000001,-81.8445819999999,0
			26.4009720000001,-81.8445819999999,0
			26.4009720000001,-81.844307,0
			26.4004170000001,-81.844307,0
			26.4004170000001,-81.844025,0
			26.3998600000002,-81.844025,0
			26.3998600000002,-81.8437499999999,0
			26.399305,-81.8437499999999,0
			26.399305,-81.844307,0
			26.3990270000002,-81.844307,0
			26.3990270000002,-81.8448639999999,0
			26.3987500000001,-81.8448639999999,0
			26.3987500000001,-81.845413,0
			26.3990270000002,-81.845413,0
			26.3990270000002,-81.8457569999999,0
			26.3990270000002,-81.84597,0
			26.3995840000001,-81.84597,0
			26.3995840000001,-81.846054,0
			26.3995840000001,-81.8462519999999,0
			26.3998600000002,-81.8462519999999,0
			26.3998600000002,-81.846802,0
			26.4004170000001,-81.846802,0
			26.4004170000001,-81.8473589999999,0
			26.400694,-81.8473589999999,0
			26.400694,-81.8481979999999,0
			26.4009720000001,-81.8481979999999,0
			26.4009720000001,-81.8487469999999,0
			26.401527,-81.8487469999999,0
			26.401527,-81.8490299999999,0
			26.401806,-81.8490299999999,0
			26.401806,-81.849304,0
			26.4020820000001,-81.849304,0
			26.4020820000001,-81.849586,0
			26.402639,-81.849586,0
			26.402639,-81.8498609999999,0
			26.4029140000001,-81.8498609999999,0
			26.4029140000001,-81.8504179999999,0
			26.4031940000002,-81.8504179999999,0
			26.4031940000002,-81.8506929999999,0
			26.4037490000001,-81.8506929999999,0
			26.4037490000001,-81.8512499999999,0
			26.404305,-81.8512499999999,0
			26.404305,-81.8509749999999,0
			26.404861,-81.8509749999999,0
			26.404861,-81.8506929999999,0
			26.4054180000001,-81.8506929999999,0
			26.4054180000001,-81.8509749999999,0
			26.4056970000001,-81.8509749999999,0
			26.4056970000001,-81.8512499999999,0
			26.4070840000001,-81.8512499999999,0
			26.4070840000001,-81.8498609999999,0
			26.407362,-81.8498609999999,0
			26.407362,-81.849586,0
			26.4076400000001,-81.849586,0
			26.4076400000001,-81.849304,0
			26.4081940000001,-81.849304,0
			26.4081940000001,-81.8490299999999,0
			26.408751,-81.8490299999999,0
			26.408751,-81.8487469999999,0
			26.4090270000001,-81.8487469999999,0
			26.4090270000001,-81.848473,0
			26.409584,-81.848473,0
			26.409584,-81.8481979999999,0
			26.4104180000001,-81.8481979999999,0
			26.4104180000001,-81.8479159999999,0
			26.410694,-81.8479159999999,0
			26.410694,-81.8476409999998,0
			26.4109730000002,-81.8476409999998,0
			26.4109730000002,-81.8473589999999,0
			26.4116250000001,-81.8473589999999,0
			26.4118060000002,-81.8473589999999,0
			26.4118060000002,-81.8476099999999,0
			26.4118060000002,-81.8479159999999,0
			26.412027,-81.8479159999999,0
			26.412916,-81.8479159999999,0
			26.412916,-81.8481979999999,0
			26.413195,-81.8481979999999,0
			26.413195,-81.848473,0
			26.4134730000001,-81.848473,0
			26.4134730000001,-81.8487469999999,0
			26.4137500000001,-81.8487469999999,0
			26.4137500000001,-81.8491439999999,0
			26.4137500000001,-81.849304,0
			26.414314,-81.849304,0
			26.4143050000002,-81.8498609999999,0
			26.4145830000001,-81.8498609999999,0
			26.4145830000001,-81.850136,0
			26.4148620000001,-81.850136,0
			26.4148620000001,-81.8504179999999,0
			26.415417,-81.8504179999999,0
			26.415417,-81.8506929999999,0
			26.416529,-81.8506929999999,0
			26.416529,-81.8509749999999,0
			26.41736,-81.8509749999999,0
			26.41736,-81.8512499999999,0
			26.4176390000002,-81.8512499999999,0
			26.4176390000002,-81.8509749999999,0
			26.4193080000001,-81.8509749999999,0
			26.4193080000001,-81.8506929999999,0
			26.419861,-81.8506929999999,0
			26.419861,-81.8504179999999,0
			26.4201370000001,-81.8504179999999,0
			26.4201370000001,-81.850136,0
			26.420694,-81.850136,0
			26.420694,-81.8498609999999,0
			26.4212470000001,-81.8498609999999,0
			26.4212470000001,-81.849586,0
			26.4215300000001,-81.849586,0
			26.4215300000001,-81.849304,0
			26.4220830000002,-81.849304,0
			26.4220830000002,-81.8490299999999,0
			26.4226400000001,-81.8490299999999,0
			26.4226400000001,-81.8487469999999,0
			26.4229160000002,-81.8487469999999,0
			26.4229160000002,-81.848473,0
			26.4231950000002,-81.848473,0
			26.4231950000002,-81.8481979999999,0
			26.4234710000001,-81.8481979999999,0
			26.4234710000001,-81.8476409999998,0
			26.4240280000002,-81.8476409999998,0
			26.4240280000002,-81.8479159999999,0
			26.4243050000002,-81.8479159999999,0
			26.4243050000002,-81.8487469999999,0
			26.4240280000002,-81.8487469999999,0
			26.4240280000002,-81.8490299999999,0
			26.4237520000001,-81.8490299999999,0
			26.4237520000001,-81.849304,0
			26.4240280000002,-81.849304,0
			26.4240280000002,-81.8504179999999,0
			26.4243050000002,-81.8504179999999,0
			26.4243050000002,-81.8506929999999,0
			26.4245830000001,-81.8506929999999,0
			26.4245830000001,-81.8523639999999,0
			26.4243050000002,-81.8523639999999,0
			26.4243050000002,-81.8531949999999,0
			26.4248620000001,-81.8531949999999,0
			26.4248620000001,-81.85347,0
			26.4262500000002,-81.85347,0
			26.4262500000002,-81.853752,0
			26.4268050000001,-81.853752,0
			26.4268050000001,-81.8540269999999,0
			26.4273610000001,-81.8540269999999,0
			26.4273610000001,-81.8543089999999,0
			26.4276390000002,-81.8543089999999,0
			26.4276390000002,-81.8548579999999,0
			26.4279170000001,-81.8548579999999,0
			26.4279170000001,-81.8551409999999,0
			26.4284730000001,-81.8551409999999,0
			26.4284730000001,-81.8554149999999,0
			26.4287490000002,-81.8554149999999,0
			26.4287490000002,-81.8556979999999,0
			26.4290280000001,-81.8556979999999,0
			26.4290280000001,-81.8559719999998,0
			26.4293040000001,-81.8559719999998,0
			26.4293040000001,-81.8562469999999,0
			26.4295830000001,-81.8562469999999,0
			26.4295830000001,-81.857086,0
			26.4298610000001,-81.857086,0
			26.4298610000001,-81.8573609999999,0
			26.4304140000001,-81.8573609999999,0
			26.4304140000001,-81.8581919999999,0
			26.4306950000001,-81.8581919999999,0
			26.4306950000001,-81.858673,0
			26.4306950000001,-81.8590239999999,0
			26.4310320000001,-81.858955,0
			26.4309730000002,-81.8593059999999,0
			26.4312500000001,-81.8593059999999,0
			26.4312500000001,-81.8598629999999,0
			26.4315260000001,-81.8598629999999,0
			26.4315260000001,-81.8609699999998,0
			26.4318050000001,-81.8609699999998,0
			26.4318050000001,-81.8615259999999,0
			26.4320830000001,-81.8615259999999,0
			26.4320830000001,-81.8623579999999,0
			26.4323620000001,-81.8623579999999,0
			26.4323620000001,-81.862083,0
			26.4324990000001,-81.862083,0
			26.432919,-81.862083,0
			26.432919,-81.8609699999998,0
			26.4331950000001,-81.8609699999998,0
			26.4331950000001,-81.8595809999999,0
			26.4337480000001,-81.8595809999999,0
			26.4337480000001,-81.8598629999999,0
			26.4340270000001,-81.8598629999999,0
			26.4340270000001,-81.8595809999999,0
			26.4343050000002,-81.8595809999999,0
			26.4343050000002,-81.8590239999999,0
			26.4340270000001,-81.8590239999999,0
			26.4340270000001,-81.8584749999999,0
			26.4334720000002,-81.8584749999999,0
			26.4334720000002,-81.857918,0
			26.4340270000001,-81.857918,0
			26.4340270000001,-81.8573609999999,0
			26.4348580000001,-81.8573609999999,0
			26.4348580000001,-81.857086,0
			26.4354170000001,-81.857086,0
			26.4354170000001,-81.8568039999998,0
			26.4365270000001,-81.8568039999998,0
			26.4365270000001,-81.8565289999999,0
			26.4373630000001,-81.8565289999999,0
			26.4373630000001,-81.8562469999999,0
			26.4379160000001,-81.8562469999999,0
			26.4379160000001,-81.8559719999998,0
			26.4390280000001,-81.8559719999998,0
			26.4390280000001,-81.8565289999999,0
			26.439583,-81.8565289999999,0
			26.439583,-81.857086,0
			26.4398610000001,-81.857086,0
			26.4398610000001,-81.8573609999999,0
			26.440416,-81.8573609999999,0
			26.440416,-81.8568039999998,0
			26.4406950000001,-81.8568039999998,0
			26.4406950000001,-81.8565289999999,0
			26.4409710000002,-81.8565289999999,0
			26.4409710000002,-81.8556979999999,0
			26.4412500000001,-81.8556979999999,0
			26.4412500000001,-81.854866,0
			26.4415280000001,-81.8548579999999,0
			26.4415280000001,-81.854584,0
			26.441805,-81.854584,0
			26.441805,-81.8543089999999,0
			26.4423620000001,-81.8543089999999,0
			26.4423620000001,-81.8540269999999,0
			26.442917,-81.8540269999999,0
			26.442917,-81.8543089999999,0
			26.4431950000001,-81.8543089999999,0
			26.4431950000001,-81.8540269999999,0
			26.44375,-81.8540269999999,0
			26.44375,-81.8543089999999,0
			26.4440270000001,-81.8543089999999,0
			26.4440270000001,-81.854584,0
			26.445139,-81.854584,0
			26.445139,-81.854767,0
			26.445139,-81.8548579999999,0
			26.4454150000001,-81.8548579999999,0
			26.4454150000001,-81.8551409999999,0
			26.4456940000001,-81.8551409999999,0
			26.4456940000001,-81.8556979999999,0
			26.445972,-81.8556979999999,0
			26.445972,-81.8562469999999,0
			26.4462510000002,-81.8562469999999,0
			26.4462510000002,-81.857086,0
			26.4465290000001,-81.857086,0
			26.4465290000001,-81.8573609999999,0
			26.4468080000001,-81.8573609999999,0
			26.4468080000001,-81.857635,0
			26.4470830000001,-81.857635,0
			26.4470830000001,-81.857918,0
			26.4479180000001,-81.857918,0
			26.4479180000001,-81.8584749999999,0
			26.447638,-81.8584749999999,0
			26.447638,-81.8590239999999,0
			26.4473590000001,-81.8590239999999,0
			26.4473590000001,-81.8593059999999,0
			26.4468080000001,-81.8593059999999,0
			26.4468080000001,-81.8595809999999,0
			26.4473590000001,-81.8595809999999,0
			26.4473590000001,-81.8598629999999,0
			26.448473,-81.8598629999999,0
			26.448473,-81.8601379999999,0
			26.449306,-81.8601379999999,0
			26.449306,-81.86042,0
			26.4495830000002,-81.86042,0
			26.4495830000002,-81.8606949999999,0
			26.449862,-81.8606949999999,0
			26.449862,-81.8609699999998,0
			26.4504170000001,-81.8609699999998,0
			26.4504170000001,-81.8615259999999,0
			26.450695,-81.8615259999999,0
			26.450695,-81.8618089999999,0
			26.450972,-81.8618089999999,0
			26.450972,-81.862083,0
			26.451805,-81.862083,0
			26.451805,-81.8623579999999,0
			26.4526390000001,-81.8623579999999,0
			26.4526390000001,-81.8626399999999,0
			26.4529530000002,-81.862633,0
			26.4529170000002,-81.863197,0
			26.4526390000001,-81.863197,0
			26.4526390000001,-81.8634719999999,0
			26.4523620000001,-81.8634719999999,0
			26.4523620000001,-81.863747,0
			26.4520840000002,-81.863747,0
			26.4520840000002,-81.864029,0
			26.451805,-81.864029,0
			26.451805,-81.8643039999999,0
			26.4515290000001,-81.8643039999999,0
			26.4515290000001,-81.8648609999999,0
			26.451805,-81.8648609999999,0
			26.451805,-81.865417,0
			26.4520840000002,-81.865417,0
			26.4520840000002,-81.8656919999999,0
			26.4526390000001,-81.8656919999999,0
			26.4526390000001,-81.8659739999999,0
			26.4537680000001,-81.8659519999999,0
			26.4537510000001,-81.866531,0
			26.454027,-81.866531,0
			26.454027,-81.8668059999999,0
			26.455088,-81.8668059999999,0
			26.4595830000002,-81.8668059999999,0
			26.4595830000002,-81.867081,0
			26.4606950000002,-81.867081,0
			26.4606950000002,-81.8668059999999,0
			26.4615290000001,-81.8668059999999,0
			26.4615290000001,-81.866531,0
			26.4626410000001,-81.866531,0
			26.4626410000001,-81.8668059999999,0
			26.4623580000001,-81.8668059999999,0
			26.4623580000001,-81.867081,0
			26.4620840000002,-81.867081,0
			26.4620840000002,-81.867363,0
			26.461805,-81.867363,0
			26.461805,-81.86792,0
			26.4615290000001,-81.86792,0
			26.4615290000001,-81.868195,0
			26.4612480000001,-81.868195,0
			26.4612460000001,-81.8687739999999,0
			26.461805,-81.868752,0
			26.461805,-81.868866,0
			26.461805,-81.8690259999999,0
			26.4620840000002,-81.8690259999999,0
			26.4620840000002,-81.8693079999999,0
			26.4623580000001,-81.8693079999999,0
			26.4623580000001,-81.869583,0
			26.4629170000002,-81.869583,0
			26.4629170000002,-81.8698579999999,0
			26.4631940000002,-81.8698579999999,0
			26.4631940000002,-81.870415,0
			26.4637510000001,-81.870415,0
			26.4637510000001,-81.870697,0
			26.4640270000002,-81.870697,0
			26.4640270000002,-81.8709719999999,0
			26.4645820000001,-81.8709719999999,0
			26.4645820000001,-81.871246,0
			26.464863,-81.871246,0
			26.464863,-81.8718029999999,0
			26.4651390000001,-81.8718029999999,0
			26.4651390000001,-81.872086,0
			26.4654160000002,-81.872086,0
			26.4654160000002,-81.87236,0
			26.4656940000001,-81.87236,0
			26.4656940000001,-81.8726429999999,0
			26.4659730000001,-81.8726429999999,0
			26.4659730000001,-81.872917,0
			26.4662490000002,-81.872917,0
			26.4662490000002,-81.8734739999999,0
			26.4665280000002,-81.8734739999999,0
			26.4665280000002,-81.873749,0
			26.4668060000001,-81.873749,0
			26.4668060000001,-81.8740309999999,0
			26.4670850000001,-81.8740309999999,0
			26.4670850000001,-81.87458,0
			26.4676380000001,-81.87458,0
			26.4676380000001,-81.8748629999999,0
			26.4681930000001,-81.8748629999999,0
			26.4681930000001,-81.8751369999999,0
			26.4695840000001,-81.8751369999999,0
			26.4695840000001,-81.8768079999999,0
			26.4701390000001,-81.8768079999999,0
			26.4701390000001,-81.877357,0
			26.4709720000001,-81.877357,0
			26.4709720000001,-81.877914,0
			26.4712510000002,-81.877914,0
			26.4712510000002,-81.8781969999999,0
			26.4718060000001,-81.8781969999999,0
			26.4718060000001,-81.8784709999999,0
			26.4720840000002,-81.8784709999999,0
			26.4720840000002,-81.8790279999999,0
			26.4723610000001,-81.8790279999999,0
			26.4723610000001,-81.8793029999999,0
			26.4726370000001,-81.8793029999999,0
			26.4726370000001,-81.8801419999999,0
			26.4737470000001,-81.8801419999999,0
			26.4737470000001,-81.880417,0
			26.4754160000002,-81.880417,0
			26.4754160000002,-81.880692,0
			26.4759730000001,-81.880692,0
			26.4759730000001,-81.8809739999999,0
			26.476252,-81.8809739999999,0
			26.476252,-81.881248,0
			26.4765280000001,-81.881248,0
			26.4765280000001,-81.8815309999999,0
			26.4768050000001,-81.8815309999999,0
			26.4768050000001,-81.8818049999999,0
			26.477362,-81.8818049999999,0
			26.477362,-81.88208,0
			26.478195,-81.88208,0
			26.478195,-81.8818049999999,0
			26.4793050000001,-81.8818049999999,0
			26.4793050000001,-81.88208,0
			26.4798600000001,-81.88208,0
			26.4798600000001,-81.8823619999999,0
			26.4801390000001,-81.8823619999999,0
			26.4801390000001,-81.8826369999999,0
			26.480417,-81.8826369999999,0
			26.480417,-81.8829189999998,0
			26.481527,-81.8829189999998,0
			26.481527,-81.8826369999999,0
			26.4820840000001,-81.8826369999999,0
			26.4820840000001,-81.8829189999998,0
			26.4823610000001,-81.8829189999998,0
			26.4823610000001,-81.8831939999999,0
			26.482916,-81.8831939999999,0
			26.482916,-81.8834689999999,0
			26.4831940000001,-81.8834689999999,0
			26.4831940000001,-81.883751,0
			26.4843040000001,-81.883751,0
			26.4843040000001,-81.8834689999999,0
			26.484861,-81.8834689999999,0
			26.484861,-81.8831939999999,0
			26.4854160000001,-81.8831939999999,0
			26.4854160000001,-81.8840259999999,0
			26.485138,-81.8840259999999,0
			26.485138,-81.8843079999999,0
			26.484861,-81.8843079999999,0
			26.484861,-81.884583,0
			26.4834730000001,-81.884583,0
			26.4834730000001,-81.8843079999999,0
			26.482916,-81.8843079999999,0
			26.482916,-81.8840259999999,0
			26.4823610000001,-81.8840259999999,0
			26.4823610000001,-81.883751,0
			26.481527,-81.883751,0
			26.481527,-81.8840259999999,0
			26.4809720000001,-81.8840259999999,0
			26.4809720000001,-81.883751,0
			26.480417,-81.883751,0
			26.480417,-81.8840259999999,0
			26.479584,-81.8840259999999,0
			26.479584,-81.883751,0
			26.4790290000001,-81.883751,0
			26.4790290000001,-81.8834689999999,0
			26.4787500000001,-81.8834689999999,0
			26.4787500000001,-81.8831939999999,0
			26.4765280000001,-81.8831939999999,0
			26.4765280000001,-81.8829189999998,0
			26.4759730000001,-81.8829189999998,0
			26.4759730000001,-81.8826369999999,0
			26.4754160000002,-81.8826369999999,0
			26.4754160000002,-81.8823619999999,0
			26.4751400000001,-81.8823619999999,0
			26.4751400000001,-81.88208,0
			26.4743060000001,-81.88208,0
			26.4743060000001,-81.8818049999999,0
			26.4734730000001,-81.8818049999999,0
			26.4734730000001,-81.8815309999999,0
			26.4723610000001,-81.8815309999999,0
			26.4723610000001,-81.881248,0
			26.4720840000002,-81.881248,0
			26.4720840000002,-81.8809739999999,0
			26.4718060000001,-81.8809739999999,0
			26.4718060000001,-81.880692,0
			26.4712510000002,-81.880692,0
			26.4712510000002,-81.880417,0
			26.4709720000001,-81.880417,0
			26.4709720000001,-81.8801419999999,0
			26.4704150000001,-81.8801419999999,0
			26.4704150000001,-81.87986,0
			26.4701390000001,-81.87986,0
			26.4701390000001,-81.8793029999999,0
			26.4698620000001,-81.8793029999999,0
			26.4698620000001,-81.8790279999999,0
			26.4695840000001,-81.8790279999999,0
			26.4695840000001,-81.8784709999999,0
			26.469028,-81.8784709999999,0
			26.469028,-81.8781969999999,0
			26.4684720000001,-81.8781969999999,0
			26.4684720000001,-81.877914,0
			26.4681930000001,-81.877914,0
			26.4681930000001,-81.8776399999999,0
			26.4679160000001,-81.8776399999999,0
			26.4679160000001,-81.877357,0
			26.4676380000001,-81.877357,0
			26.4676380000001,-81.876526,0
			26.4673610000002,-81.876526,0
			26.4673610000002,-81.876251,0
			26.4668060000001,-81.876251,0
			26.4668060000001,-81.8759689999999,0
			26.4665280000002,-81.8759689999999,0
			26.4665280000002,-81.875694,0
			26.4662490000002,-81.875694,0
			26.4662490000002,-81.87542,0
			26.4659730000001,-81.87542,0
			26.4659730000001,-81.8751369999999,0
			26.4656940000001,-81.8751369999999,0
			26.4656940000001,-81.8748629999999,0
			26.4654160000002,-81.8748629999999,0
			26.4654160000002,-81.87458,0
			26.4651390000001,-81.87458,0
			26.4651390000001,-81.8743059999999,0
			26.464863,-81.8743059999999,0
			26.464863,-81.8740309999999,0
			26.4645820000001,-81.8740309999999,0
			26.4645820000001,-81.8734739999999,0
			26.4643060000001,-81.8734739999999,0
			26.4643060000001,-81.873192,0
			26.4640270000002,-81.873192,0
			26.4640270000002,-81.872917,0
			26.4637510000001,-81.872917,0
			26.4637510000001,-81.8726429999999,0
			26.4634720000001,-81.8726429999999,0
			26.4634720000001,-81.872086,0
			26.4631940000002,-81.872086,0
			26.4631940000002,-81.8718029999999,0
			26.4626410000001,-81.8718029999999,0
			26.4626410000001,-81.871529,0
			26.4623580000001,-81.871529,0
			26.4623580000001,-81.871246,0
			26.4620840000002,-81.871246,0
			26.4620840000002,-81.8709719999999,0
			26.461805,-81.8709719999999,0
			26.461805,-81.870697,0
			26.4606950000002,-81.870697,0
			26.4606950000002,-81.8709719999999,0
			26.4601360000001,-81.8709719999999,0
			26.4601360000001,-81.871246,0
			26.4598620000002,-81.871246,0
			26.4598620000002,-81.8709719999999,0
			26.4593050000001,-81.8709719999999,0
			26.4593050000001,-81.870697,0
			26.4590260000001,-81.870697,0
			26.4590260000001,-81.870415,0
			26.458471,-81.870415,0
			26.458471,-81.870697,0
			26.4579160000001,-81.870697,0
			26.4579160000001,-81.871246,0
			26.45764,-81.871246,0
			26.45764,-81.873192,0
			26.4573610000002,-81.873192,0
			26.4573610000002,-81.8743059999999,0
			26.4570830000001,-81.8743059999999,0
			26.4570830000001,-81.8748629999999,0
			26.4568040000001,-81.8748629999999,0
			26.4568040000001,-81.87542,0
			26.4565280000002,-81.87542,0
			26.4565280000002,-81.876251,0
			26.4562490000002,-81.876251,0
			26.4562490000002,-81.876526,0
			26.4556940000001,-81.876526,0
			26.4556940000001,-81.876251,0
			26.455139,-81.876251,0
			26.455139,-81.875694,0
			26.454027,-81.875694,0
			26.454027,-81.8759689999999,0
			26.453194,-81.8759689999999,0
			26.453194,-81.876251,0
			26.4523620000001,-81.876251,0
			26.4523620000001,-81.8759689999999,0
			26.4515290000001,-81.8759689999999,0
			26.4515290000001,-81.87542,0
			26.4512500000001,-81.87542,0
			26.4512500000001,-81.8751369999999,0
			26.450972,-81.8751369999999,0
			26.450972,-81.874802,0
			26.450972,-81.87458,0
			26.450695,-81.87458,0
			26.450695,-81.8748629999999,0
			26.4504170000001,-81.8748629999999,0
			26.4504170000001,-81.8751369999999,0
			26.449862,-81.8751369999999,0
			26.449862,-81.8748629999999,0
			26.448473,-81.8748629999999,0
			26.448473,-81.87458,0
			26.4481950000001,-81.87458,0
			26.4481950000001,-81.8743059999999,0
			26.447638,-81.8743059999999,0
			26.447638,-81.8740309999999,0
			26.4473590000001,-81.8740309999999,0
			26.4473590000001,-81.8743059999999,0
			26.4465290000001,-81.8743059999999,0
			26.4465290000001,-81.8748629999999,0
			26.4470830000001,-81.8748629999999,0
			26.4470830000001,-81.87542,0
			26.447638,-81.87542,0
			26.447638,-81.8759689999999,0
			26.449862,-81.8759689999999,0
			26.449862,-81.876251,0
			26.4501380000001,-81.876297,0
			26.4501380000001,-81.876526,0
			26.4504170000001,-81.876526,0
			26.4504170000001,-81.877083,0
			26.450695,-81.877083,0
			26.450695,-81.8781969999999,0
			26.4515290000001,-81.8781969999999,0
			26.4515290000001,-81.877914,0
			26.4523620000001,-81.877914,0
			26.4523620000001,-81.8784709999999,0
			26.4520840000002,-81.8784709999999,0
			26.4520840000002,-81.8787539999998,0
			26.451805,-81.8787539999998,0
			26.451805,-81.8790279999999,0
			26.4512500000001,-81.8790279999999,0
			26.4512500000001,-81.8793029999999,0
			26.4504170000001,-81.8793029999999,0
			26.4504170000001,-81.879585,0
			26.448748,-81.879585,0
			26.448748,-81.87986,0
			26.448473,-81.87986,0
			26.448473,-81.8801419999999,0
			26.4479890000001,-81.8801419999999,0
			26.4473590000001,-81.8801419999999,0
			26.4473590000001,-81.880417,0
			26.4470830000001,-81.880417,0
			26.4470830000001,-81.8809739999999,0
			26.4473590000001,-81.8809739999999,0
			26.4473590000001,-81.8812709999999,0
			26.4473590000001,-81.88208,0
			26.4468080000001,-81.88208,0
			26.4468080000001,-81.8823619999999,0
			26.445972,-81.8823619999999,0
			26.445972,-81.8826369999999,0
			26.4453810000002,-81.882576,0
			26.4454150000001,-81.8829189999998,0
			26.445139,-81.8829189999998,0
			26.445139,-81.8831939999999,0
			26.4448600000001,-81.8831939999999,0
			26.4448600000001,-81.8834689999999,0
			26.4440270000001,-81.8834689999999,0
			26.4440270000001,-81.8833919999999,0
			26.4440270000001,-81.8831939999999,0
			26.4420830000001,-81.8831939999999,0
			26.4420830000001,-81.8829189999998,0
			26.4412500000001,-81.8829189999998,0
			26.4412500000001,-81.8831939999999,0
			26.4406950000001,-81.8831939999999,0
			26.4406950000001,-81.883751,0
			26.440416,-81.883751,0
			26.440416,-81.8840259999999,0
			26.4398610000001,-81.8840259999999,0
			26.4398610000001,-81.8834689999999,0
			26.439583,-81.8834689999999,0
			26.439583,-81.8823619999999,0
			26.4390280000001,-81.8823619999999,0
			26.4390280000001,-81.8826369999999,0
			26.4387490000001,-81.8826369999999,0
			26.4387490000001,-81.8831939999999,0
			26.438473,-81.8831939999999,0
			26.438473,-81.884583,0
			26.4387490000001,-81.884583,0
			26.4387490000001,-81.8851389999999,0
			26.4390280000001,-81.8851389999999,0
			26.4390280000001,-81.885414,0
			26.439583,-81.885414,0
			26.439583,-81.8856959999999,0
			26.4398610000001,-81.8856959999999,0
			26.4398610000001,-81.8859709999999,0
			26.440416,-81.8859709999999,0
			26.440416,-81.8862529999999,0
			26.4406660000001,-81.8862609999999,0
			26.4407220000002,-81.8865279999999,0
			26.4409710000002,-81.8865279999999,0
			26.4409710000002,-81.8868029999999,0
			26.4420830000001,-81.8868029999999,0
			26.4420830000001,-81.8873599999999,0
			26.4423620000001,-81.8873599999999,0
			26.4423620000001,-81.8881909999999,0
			26.442638,-81.8881909999999,0
			26.442638,-81.8890299999999,0
			26.442917,-81.8890299999999,0
			26.442917,-81.8893049999999,0
			26.4434720000001,-81.8893049999999,0
			26.4434720000001,-81.88958,0
			26.44375,-81.88958,0
			26.44375,-81.8898619999999,0
			26.4440270000001,-81.8898619999999,0
			26.4440270000001,-81.8901369999999,0
			26.4445840000001,-81.8901369999999,0
			26.4445840000001,-81.8904189999999,0
			26.445139,-81.8904189999999,0
			26.445139,-81.8906939999999,0
			26.4454150000001,-81.8906939999999,0
			26.4454150000001,-81.8912509999999,0
			26.445139,-81.8912509999999,0
			26.445139,-81.8915249999999,0
			26.4431950000001,-81.8915249999999,0
			26.4431950000001,-81.8918079999999,0
			26.442638,-81.8918079999999,0
			26.442638,-81.8920819999998,0
			26.4425130000002,-81.8920819999998,0
			26.4420830000001,-81.8920819999998,0
			26.4420830000001,-81.892365,0
			26.4415280000001,-81.892365,0
			26.4415280000001,-81.8926389999999,0
			26.4412500000001,-81.8926389999999,0
			26.4412500000001,-81.892914,0
			26.4409710000002,-81.892914,0
			26.4409710000002,-81.893196,0
			26.4406950000001,-81.893196,0
			26.4406950000001,-81.8934709999999,0
			26.440416,-81.8934709999999,0
			26.440416,-81.8940279999999,0
			26.4409710000002,-81.8940279999999,0
			26.4409710000002,-81.8943019999999,0
			26.4415280000001,-81.8943019999999,0
			26.4415280000001,-81.8948589999999,0
			26.4412500000001,-81.8948589999999,0
			26.4412500000001,-81.89653,0
			26.4415280000001,-81.89653,0
			26.4415280000001,-81.8970869999999,0
			26.441805,-81.8970869999999,0
			26.441805,-81.897362,0
			26.4420830000001,-81.897362,0
			26.4420830000001,-81.8979189999999,0
			26.441805,-81.8979189999999,0
			26.441805,-81.8981929999999,0
			26.4409710000002,-81.8981929999999,0
			26.4409710000002,-81.898476,0
			26.440416,-81.898476,0
			26.440416,-81.8990249999999,0
			26.4398610000001,-81.8990249999999,0
			26.4398610000001,-81.899307,0
			26.439583,-81.899307,0
			26.439583,-81.8995819999999,0
			26.439306,-81.8995819999999,0
			26.439306,-81.9004139999999,0
			26.4401400000001,-81.9004139999999,0
			26.4401400000001,-81.9001389999999,0
			26.4412500000001,-81.9001389999999,0
			26.4412500000001,-81.900696,0
			26.4415280000001,-81.900696,0
			26.4415280000001,-81.9020839999999,0
			26.4412500000001,-81.9020839999999,0
			26.4412500000001,-81.9029159999999,0
			26.4415280000001,-81.9029159999999,0
			26.4415280000001,-81.903473,0
			26.441805,-81.903473,0
			26.441805,-81.9037479999999,0
			26.4415280000001,-81.9037479999999,0
			26.4415280000001,-81.9045869999999,0
			26.4406950000001,-81.9045869999999,0
			26.4406950000001,-81.904861,0
			26.4401400000001,-81.904861,0
			26.4401400000001,-81.9051359999999,0
			26.439306,-81.9051359999999,0
			26.439306,-81.905693,0
			26.4390280000001,-81.905693,0
			26.4390280000001,-81.9062499999999,0
			26.439583,-81.9062499999999,0
			26.439583,-81.906525,0
			26.4398610000001,-81.906525,0
			26.4398610000001,-81.906807,0
			26.440416,-81.906807,0
			26.440416,-81.9070819999999,0
			26.4409710000002,-81.9070819999999,0
			26.4409710000002,-81.907364,0
			26.4415280000001,-81.907364,0
			26.4415280000001,-81.907639,0
			26.4423620000001,-81.907639,0
			26.4423620000001,-81.907364,0
			26.4440270000001,-81.907364,0
			26.4440270000001,-81.907639,0
			26.4445840000001,-81.907639,0
			26.4445840000001,-81.908195,0
			26.445139,-81.908195,0
			26.445139,-81.90847,0
			26.4456940000001,-81.90847,0
			26.4456940000001,-81.908195,0
			26.4465290000001,-81.908195,0
			26.4465290000001,-81.9079129999999,0
			26.4470830000001,-81.9079129999999,0
			26.4470830000001,-81.907639,0
			26.4473590000001,-81.907639,0
			26.4473590000001,-81.907364,0
			26.4470830000001,-81.907364,0
			26.4470830000001,-81.9070819999999,0
			26.4468080000001,-81.9070819999999,0
			26.4468080000001,-81.906807,0
			26.4465290000001,-81.906807,0
			26.4465290000001,-81.906525,0
			26.445972,-81.906525,0
			26.445972,-81.905975,0
			26.4456940000001,-81.905975,0
			26.4456940000001,-81.904861,0
			26.4462510000002,-81.904861,0
			26.4462510000002,-81.9045869999999,0
			26.4465290000001,-81.9045869999999,0
			26.4465290000001,-81.904861,0
			26.4468080000001,-81.904861,0
			26.4468080000001,-81.9054179999999,0
			26.4470830000001,-81.9054179999999,0
			26.4470830000001,-81.9062499999999,0
			26.4473590000001,-81.9062499999999,0
			26.4473590000001,-81.906525,0
			26.4479180000001,-81.906525,0
			26.4479180000001,-81.906807,0
			26.448473,-81.906807,0
			26.448473,-81.906525,0
			26.4490300000001,-81.906525,0
			26.4490300000001,-81.906807,0
			26.449579,-81.906807,0
			26.449862,-81.906807,0
			26.449862,-81.906525,0
			26.4501380000001,-81.906525,0
			26.4501380000001,-81.9062499999999,0
			26.450972,-81.9062499999999,0
			26.450972,-81.906525,0
			26.4512500000001,-81.906525,0
			26.4512690000001,-81.907303,0
			26.4515290000001,-81.907394,0
			26.4515290000001,-81.908195,0
			26.451805,-81.908195,0
			26.451805,-81.9079129999999,0
			26.4523620000001,-81.9079129999999,0
			26.45237,-81.9076769999999,0
			26.453194,-81.907639,0
			26.453194,-81.907364,0
			26.4534720000001,-81.907364,0
			26.4534720000001,-81.9070819999999,0
			26.454027,-81.9070819999999,0
			26.454027,-81.907364,0
			26.4545820000001,-81.907364,0
			26.4545820000001,-81.906807,0
			26.4548610000001,-81.906807,0
			26.4548610000001,-81.9070819999999,0
			26.455139,-81.9070819999999,0
			26.455139,-81.907364,0
			26.4554160000002,-81.907364,0
			26.4554160000002,-81.907639,0
			26.4556940000001,-81.907639,0
			26.4556940000001,-81.9079129999999,0
			26.4573610000002,-81.9079129999999,0
			26.4573520000001,-81.908195,0
			26.45764,-81.908195,0
			26.45764,-81.908318,0
			26.45764,-81.90847,0
			26.45886,-81.90847,0
			26.4593050000001,-81.90847,0
			26.4593050000001,-81.9088289999999,0
			26.4593050000001,-81.909027,0
			26.4595870000002,-81.9090189999999,0
			26.4595830000002,-81.9093019999999,0
			26.4599060000001,-81.909233,0
			26.4598620000002,-81.909859,0
			26.4601360000001,-81.909859,0
			26.4601360000001,-81.9104159999999,0
			26.4616550000002,-81.9104159999999,0
			26.4620840000002,-81.9104159999999,0
			26.4620840000002,-81.9107059999999,0
			26.4620840000002,-81.910973,0
			26.4623970000001,-81.9109189999999,0
			26.4623580000001,-81.91153,0
			26.4626410000001,-81.91153,0
			26.4626410000001,-81.911804,0
			26.4631940000002,-81.911804,0
			26.4631940000002,-81.9120859999999,0
			26.4634720000001,-81.9120859999999,0
			26.4634720000001,-81.9129179999999,0
			26.4631940000002,-81.9129179999999,0
			26.4631940000002,-81.913193,0
			26.4626410000001,-81.913193,0
			26.4626410000001,-81.9129179999999,0
			26.4620840000002,-81.9129179999999,0
			26.4620840000002,-81.912636,0
			26.4612480000001,-81.912636,0
			26.4612480000001,-81.9137499999999,0
			26.4615290000001,-81.9137499999999,0
			26.4615290000001,-81.914024,0
			26.461805,-81.914024,0
			26.461805,-81.9145809999999,0
			26.4623580000001,-81.9145809999999,0
			26.4623580000001,-81.914864,0
			26.4629170000002,-81.914864,0
			26.4629170000002,-81.915138,0
			26.4634720000001,-81.915138,0
			26.4634720000001,-81.916527,0
			26.4631940000002,-81.916527,0
			26.4631940000002,-81.9168089999999,0
			26.4629170000002,-81.9168089999999,0
			26.4629170000002,-81.9170839999999,0
			26.4626410000001,-81.9170839999999,0
			26.4626410000001,-81.917358,0
			26.4620840000002,-81.917358,0
			26.4620840000002,-81.9170839999999,0
			26.4604190000001,-81.9170839999999,0
			26.4604190000001,-81.9168089999999,0
			26.4601360000001,-81.9168089999999,0
			26.4601360000001,-81.91597,0
			26.4595830000002,-81.91597,0
			26.4595830000002,-81.9162519999999,0
			26.4593050000001,-81.9162519999999,0
			26.4593050000001,-81.9168089999999,0
			26.4587500000002,-81.9168089999999,0
			26.4587500000002,-81.9176409999999,0
			26.458471,-81.9176409999999,0
			26.458471,-81.9179149999999,0
			26.4579160000001,-81.9179149999999,0
			26.4579160000001,-81.9181979999998,0
			26.45764,-81.9181979999998,0
			26.45764,-81.918472,0
			26.4570830000001,-81.918472,0
			26.4570830000001,-81.9187469999999,0
			26.4559730000001,-81.9187469999999,0
			26.4559730000001,-81.918472,0
			26.4554160000002,-81.918472,0
			26.4554160000002,-81.9181979999998,0
			26.455139,-81.9181979999998,0
			26.455139,-81.9179149999999,0
			26.454306,-81.9179149999999,0
			26.454306,-81.9176409999999,0
			26.4534720000001,-81.9176409999999,0
			26.4534720000001,-81.9179149999999,0
			26.453194,-81.9179149999999,0
			26.453194,-81.9187469999999,0
			26.4526390000001,-81.9187469999999,0
			26.4526390000001,-81.919815,0
			26.4526390000001,-81.920135,0
			26.4529170000002,-81.920135,0
			26.4529170000002,-81.9204179999999,0
			26.453194,-81.9204179999999,0
			26.453194,-81.920692,0
			26.4537510000001,-81.920692,0
			26.4537980000001,-81.9204179999999,0
			26.455139,-81.9204179999999,0
			26.455139,-81.9211119999999,0
			26.455139,-81.9218059999999,0
			26.4548610000001,-81.9218059999999,0
			26.4548610000001,-81.9223629999998,0
			26.4545820000001,-81.9223629999998,0
			26.4545820000001,-81.9226379999999,0
			26.454027,-81.9226379999999,0
			26.454027,-81.9223629999998,0
			26.4537510000001,-81.9223629999998,0
			26.4537510000001,-81.9220809999999,0
			26.4534720000001,-81.9220809999999,0
			26.4534720000001,-81.9218059999999,0
			26.4529170000002,-81.9218059999999,0
			26.4529170000002,-81.921524,0
			26.4526390000001,-81.921524,0
			26.4526390000001,-81.9212489999999,0
			26.4520840000002,-81.9212489999999,0
			26.4520840000002,-81.9209749999999,0
			26.451805,-81.9209749999999,0
			26.451805,-81.920692,0
			26.4515290000001,-81.920692,0
			26.4515290000001,-81.920135,0
			26.4512500000001,-81.920135,0
			26.4512290000001,-81.9198379999999,0
			26.4509930000002,-81.919861,0
			26.450972,-81.9195859999999,0
			26.450695,-81.9195859999999,0
			26.450695,-81.919304,0
			26.4504170000001,-81.919304,0
			26.4504170000001,-81.919029,0
			26.4495830000002,-81.919029,0
			26.4495830000002,-81.919304,0
			26.448473,-81.919304,0
			26.448473,-81.919029,0
			26.4481950000001,-81.919029,0
			26.4481950000001,-81.9187469999999,0
			26.448473,-81.9187469999999,0
			26.448473,-81.9181979999998,0
			26.448748,-81.9181979999998,0
			26.448748,-81.9179149999999,0
			26.449306,-81.9179149999999,0
			26.449306,-81.9176409999999,0
			26.4495830000002,-81.9176409999999,0
			26.4495830000002,-81.9168089999999,0
			26.4501380000001,-81.9168089999999,0
			26.4501380000001,-81.9162519999999,0
			26.449862,-81.9162519999999,0
			26.449862,-81.91597,0
			26.4481950000001,-81.91597,0
			26.4481950000001,-81.915695,0
			26.4479180000001,-81.915695,0
			26.4479180000001,-81.9154129999999,0
			26.447638,-81.9154129999999,0
			26.447638,-81.915138,0
			26.4470830000001,-81.915138,0
			26.4470830000001,-81.914864,0
			26.4468080000001,-81.914864,0
			26.4468080000001,-81.915138,0
			26.4462510000002,-81.915138,0
			26.4462510000002,-81.9154129999999,0
			26.445972,-81.9154129999999,0
			26.445972,-81.9162519999999,0
			26.4462510000002,-81.9162519999999,0
			26.4462510000002,-81.9170839999999,0
			26.4454150000001,-81.9170839999999,0
			26.4454150000001,-81.9168089999999,0
			26.4445840000001,-81.9168089999999,0
			26.4445840000001,-81.9170839999999,0
			26.4442390000002,-81.9170839999999,0
			26.4440270000001,-81.9170839999999,0
			26.4440270000001,-81.917358,0
			26.44375,-81.917358,0
			26.44375,-81.9179149999999,0
			26.4434720000001,-81.9179149999999,0
			26.4434720000001,-81.9181979999998,0
			26.442917,-81.9181979999998,0
			26.442917,-81.918472,0
			26.4423620000001,-81.918472,0
			26.4423620000001,-81.9187469999999,0
			26.441805,-81.9187469999999,0
			26.441805,-81.9195859999999,0
			26.4415280000001,-81.9195859999999,0
			26.4415280000001,-81.919861,0
			26.441805,-81.919861,0
			26.441805,-81.920135,0
			26.4420830000001,-81.920135,0
			26.4420830000001,-81.920692,0
			26.4423620000001,-81.920692,0
			26.4423620000001,-81.9212489999999,0
			26.442638,-81.9212489999999,0
			26.442638,-81.9218059999999,0
			26.442917,-81.9218059999999,0
			26.442917,-81.9220809999999,0
			26.4434720000001,-81.9220809999999,0
			26.4434720000001,-81.9223629999998,0
			26.44375,-81.9223629999998,0
			26.44375,-81.9229199999999,0
			26.4443050000001,-81.9229199999999,0
			26.4443050000001,-81.9231949999999,0
			26.4448600000001,-81.9231949999999,0
			26.4448600000001,-81.92347,0
			26.445139,-81.92347,0
			26.445139,-81.9237519999999,0
			26.4454150000001,-81.9237519999999,0
			26.4454150000001,-81.924026,0
			26.4456940000001,-81.924026,0
			26.4456940000001,-81.9243089999999,0
			26.4465290000001,-81.9243089999999,0
			26.4465290000001,-81.9245829999999,0
			26.4470830000001,-81.9245829999999,0
			26.4470830000001,-81.924858,0
			26.4473590000001,-81.924858,0
			26.4473590000001,-81.9251399999999,0
			26.447638,-81.9251399999999,0
			26.447638,-81.9254149999999,0
			26.4481950000001,-81.9254149999999,0
			26.4481950000001,-81.9256969999999,0
			26.4485340000001,-81.925674,0
			26.448473,-81.9262469999999,0
			26.448748,-81.92627,0
			26.448748,-81.9265289999999,0
			26.4488410000001,-81.9265289999999,0
			26.4490300000001,-81.9265289999999,0
			26.4490470000001,-81.9270859999999,0
			26.4495830000002,-81.9270859999999,0
			26.4495830000002,-81.927635,0
			26.449862,-81.927635,0
			26.449862,-81.9279169999999,0
			26.4501380000001,-81.9279169999999,0
			26.4501380000001,-81.928192,0
			26.4504170000001,-81.928192,0
			26.4504170000001,-81.9284739999999,0
			26.450972,-81.9284739999999,0
			26.450972,-81.9287489999999,0
			26.4515290000001,-81.9287489999999,0
			26.4515290000001,-81.9290309999999,0
			26.4520840000002,-81.9290309999999,0
			26.4520840000002,-81.9293059999999,0
			26.4523620000001,-81.9293059999999,0
			26.4523620000001,-81.9298629999999,0
			26.4529170000002,-81.9298629999999,0
			26.4529170000002,-81.9301379999999,0
			26.453194,-81.9301379999999,0
			26.453194,-81.9306949999999,0
			26.4534720000001,-81.9306949999999,0
			26.4534720000001,-81.9309689999999,0
			26.4537510000001,-81.9309689999999,0
			26.4537510000001,-81.9315259999998,0
			26.454027,-81.9315259999998,0
			26.454027,-81.9320829999999,0
			26.454306,-81.9320829999999,0
			26.454306,-81.9329149999999,0
			26.4545820000001,-81.9329149999999,0
			26.4545820000001,-81.9331969999999,0
			26.4548610000001,-81.9331969999999,0
			26.4548610000001,-81.9337459999999,0
			26.455139,-81.9337459999999,0
			26.455139,-81.9343029999999,0
			26.4554160000002,-81.9343029999999,0
			26.4554160000002,-81.9348599999999,0
			26.4556940000001,-81.9348599999999,0
			26.4556940000001,-81.9354169999999,0
			26.4559730000001,-81.9354169999999,0
			26.4559730000001,-81.9356919999999,0
			26.4565280000002,-81.9356919999999,0
			26.4565280000002,-81.9354169999999,0
			26.4587500000002,-81.9354169999999,0
			26.4587500000002,-81.9356919999999,0
			26.4595830000002,-81.9356919999999,0
			26.4595830000002,-81.935974,0
			26.4601360000001,-81.935974,0
			26.4601360000001,-81.9365309999999,0
			26.4604190000001,-81.9365309999999,0
			26.4604190000001,-81.936806,0
			26.4615290000001,-81.936806,0
			26.4615290000001,-81.9365309999999,0
			26.461805,-81.9365309999999,0
			26.461805,-81.9354169999999,0
			26.4620840000002,-81.9354169999999,0
			26.4621030000001,-81.934792,0
			26.4623580000001,-81.9348599999999,0
			26.4623580000001,-81.934692,0
			26.4623580000001,-81.9343029999999,0
			26.4626410000001,-81.9343029999999,0
			26.4626410000001,-81.9334719999999,0
			26.4629170000002,-81.9334719999999,0
			26.4629170000002,-81.9331969999999,0
			26.4637510000001,-81.9331969999999,0
			26.4637510000001,-81.9334719999999,0
			26.4643060000001,-81.9334719999999,0
			26.4643060000001,-81.931808,0
			26.4654160000002,-81.931808,0
			26.4654160000002,-81.9320829999999,0
			26.4656940000001,-81.9320829999999,0
			26.4656940000001,-81.9323579999999,0
			26.4659730000001,-81.9323579999999,0
			26.4659730000001,-81.9326399999999,0
			26.4662490000002,-81.9326399999999,0
			26.4662490000002,-81.9331969999999,0
			26.4665280000002,-81.9331969999999,0
			26.4665280000002,-81.9334719999999,0
			26.4668060000001,-81.9334719999999,0
			26.4668060000001,-81.9337459999999,0
			26.4670850000001,-81.933815,0
			26.4670850000001,-81.9343029999999,0
			26.4676380000001,-81.9343029999999,0
			26.4676380000001,-81.934586,0
			26.4681930000001,-81.934586,0
			26.4681930000001,-81.9348599999999,0
			26.4684720000001,-81.9348599999999,0
			26.4684720000001,-81.9373629999999,0
			26.4687500000002,-81.9373629999999,0
			26.4687500000002,-81.93792,0
			26.4693030000001,-81.93792,0
			26.4693030000001,-81.9390719999999,0
			26.4693030000001,-81.9398569999999,0
			26.4687560000001,-81.9398569999999,0
			26.4684720000001,-81.9398569999999,0
			26.4684720000001,-81.939583,0
			26.4679160000001,-81.939583,0
			26.4679160000001,-81.939308,0
			26.4676380000001,-81.939308,0
			26.4676380000001,-81.9390259999999,0
			26.4673610000002,-81.9390259999999,0
			26.4673610000002,-81.93792,0
			26.4676380000001,-81.93792,0
			26.4676380000001,-81.9373629999999,0
			26.4673610000002,-81.9373629999999,0
			26.4673610000002,-81.936806,0
			26.4665280000002,-81.936806,0
			26.4665280000002,-81.935974,0
			26.4659730000001,-81.935974,0
			26.4659730000001,-81.9356919999999,0
			26.4656940000001,-81.9356919999999,0
			26.4656940000001,-81.9354169999999,0
			26.4654160000002,-81.9354169999999,0
			26.4654160000002,-81.935143,0
			26.4651390000001,-81.935143,0
			26.4651390000001,-81.9340589999998,0
			26.4648690000002,-81.93409,0
			26.464863,-81.9334719999999,0
			26.4645820000001,-81.9334719999999,0
			26.4645820000001,-81.9341279999999,0
			26.4645820000001,-81.9343029999999,0
			26.4643060000001,-81.9343029999999,0
			26.4643060000001,-81.935143,0
			26.4645820000001,-81.935143,0
			26.4645820000001,-81.9356919999999,0
			26.464863,-81.9356919999999,0
			26.464863,-81.935974,0
			26.4651390000001,-81.935974,0
			26.4651390000001,-81.9370799999999,0
			26.464863,-81.9370799999999,0
			26.464863,-81.9376369999999,0
			26.4645820000001,-81.9376369999999,0
			26.4645820000001,-81.93792,0
			26.4643060000001,-81.93792,0
			26.4643060000001,-81.9380419999999,0
			26.4643060000001,-81.938751,0
			26.4645820000001,-81.938751,0
			26.4645820000001,-81.9390259999999,0
			26.4651390000001,-81.9390259999999,0
			26.4651390000001,-81.939308,0
			26.4655250000001,-81.939308,0
			26.4659730000001,-81.939308,0
			26.46599,-81.9402079999999,0
			26.4662490000002,-81.94014,0
			26.4662490000002,-81.9404139999999,0
			26.4665280000002,-81.9404139999999,0
			26.4665280000002,-81.9406969999999,0
			26.4670850000001,-81.9406969999999,0
			26.4670850000001,-81.940971,0
			26.4679160000001,-81.940971,0
			26.4678970000001,-81.941185,0
			26.4681930000001,-81.941254,0
			26.4681930000001,-81.9417419999999,0
			26.4681930000001,-81.942917,0
			26.4679160000001,-81.942917,0
			26.4679160000001,-81.9431919999999,0
			26.4676380000001,-81.9431919999999,0
			26.4676380000001,-81.9445799999999,0
			26.4670850000001,-81.9445799999999,0
			26.4671020000001,-81.945129,0
			26.4668060000001,-81.945137,0
			26.4668060000001,-81.9459689999998,0
			26.4670850000001,-81.9459689999998,0
			26.4670850000001,-81.946251,0
			26.4673610000002,-81.946251,0
			26.4673610000002,-81.9465259999999,0
			26.4676380000001,-81.9465259999999,0
			26.4676380000001,-81.946251,0
			26.4679160000001,-81.946251,0
			26.4679160000001,-81.9456939999999,0
			26.4681930000001,-81.9456939999999,0
			26.4681930000001,-81.945137,0
			26.4684720000001,-81.945137,0
			26.4684720000001,-81.9445799999999,0
			26.4687500000002,-81.9445799999999,0
			26.4687500000002,-81.943748,0
			26.469028,-81.943748,0
			26.469028,-81.943474,0
			26.4693030000001,-81.943474,0
			26.4693030000001,-81.942917,0
			26.4695840000001,-81.942917,0
			26.4695840000001,-81.942642,0
			26.4709720000001,-81.942642,0
			26.4709720000001,-81.942917,0
			26.4712510000002,-81.942917,0
			26.4712510000002,-81.9447939999999,0
			26.4712510000002,-81.945137,0
			26.4709720000001,-81.945137,0
			26.4709720000001,-81.9456939999999,0
			26.4712510000002,-81.9456939999999,0
			26.4712510000002,-81.946251,0
			26.4715250000001,-81.946251,0
			26.4715250000001,-81.9465259999999,0
			26.4718060000001,-81.9465259999999,0
			26.4718060000001,-81.946251,0
			26.4723610000001,-81.946251,0
			26.4723610000001,-81.9459689999998,0
			26.4731940000001,-81.9459689999998,0
			26.4731940000001,-81.9456939999999,0
			26.47403,-81.9456939999999,0
			26.47403,-81.947639,0
			26.4737470000001,-81.947639,0
			26.4737470000001,-81.948471,0
			26.4731940000001,-81.948471,0
			26.4731940000001,-81.948753,0
			26.4729190000001,-81.948753,0
			26.4729190000001,-81.949303,0
			26.4726370000001,-81.949303,0
			26.4726370000001,-81.949585,0
			26.4723610000001,-81.949585,0
			26.4723610000001,-81.948753,0
			26.4720840000002,-81.948753,0
			26.4720840000002,-81.9490279999999,0
			26.4709720000001,-81.9490279999999,0
			26.4709720000001,-81.949303,0
			26.470694,-81.949303,0
			26.470694,-81.949585,0
			26.4701390000001,-81.949585,0
			26.4701390000001,-81.9498599999999,0
			26.469028,-81.9498599999999,0
			26.469028,-81.9490279999999,0
			26.4693030000001,-81.9490279999999,0
			26.4693030000001,-81.948471,0
			26.4695840000001,-81.948471,0
			26.4695840000001,-81.947914,0
			26.469028,-81.947914,0
			26.469028,-81.947639,0
			26.4684720000001,-81.947639,0
			26.4684720000001,-81.9473649999999,0
			26.4677470000001,-81.9473649999999,0
			26.4673610000002,-81.9473649999999,0
			26.4673610000002,-81.947083,0
			26.4668060000001,-81.947083,0
			26.4668060000001,-81.946808,0
			26.4662490000002,-81.946808,0
			26.4662490000002,-81.9473649999999,0
			26.4665280000002,-81.9473649999999,0
			26.4665280000002,-81.9481959999999,0
			26.4668060000001,-81.9481959999999,0
			26.4668060000001,-81.949585,0
			26.4662490000002,-81.949585,0
			26.4662490000002,-81.950142,0
			26.4665280000002,-81.950142,0
			26.4665280000002,-81.9515299999999,0
			26.4682660000001,-81.9515299999999,0
			26.4698620000001,-81.9515299999999,0
			26.4698620000001,-81.95208,0
			26.4701390000001,-81.95208,0
			26.4701390000001,-81.952919,0
			26.4704150000001,-81.952919,0
			26.4704150000001,-81.9540249999999,0
			26.470694,-81.9540249999999,0
			26.470694,-81.954582,0
			26.4704150000001,-81.954582,0
			26.4704150000001,-81.955139,0
			26.4695840000001,-81.955139,0
			26.4695840000001,-81.955414,0
			26.469028,-81.955414,0
			26.469028,-81.955139,0
			26.4681930000001,-81.955139,0
			26.4681930000001,-81.955414,0
			26.4679160000001,-81.955414,0
			26.4679160000001,-81.955139,0
			26.4676380000001,-81.955139,0
			26.4676380000001,-81.955414,0
			26.4673610000002,-81.955414,0
			26.4673610000002,-81.956802,0
			26.4676380000001,-81.956802,0
			26.4676380000001,-81.9573589999999,0
			26.4679160000001,-81.9573589999999,0
			26.4679160000001,-81.9576419999999,0
			26.4681930000001,-81.9576419999999,0
			26.4681930000001,-81.957916,0
			26.4687500000002,-81.957916,0
			26.4687500000002,-81.9581909999999,0
			26.469028,-81.9581909999999,0
			26.469028,-81.958748,0
			26.4695840000001,-81.958748,0
			26.4695840000001,-81.959305,0
			26.4701390000001,-81.959305,0
			26.4701390000001,-81.9595869999999,0
			26.4704150000001,-81.9595869999999,0
			26.4704150000001,-81.9598619999999,0
			26.470694,-81.9598619999999,0
			26.470694,-81.9604189999999,0
			26.4709720000001,-81.9604189999999,0
			26.4709720000001,-81.9609759999999,0
			26.4712510000002,-81.9609759999999,0
			26.4712510000002,-81.9612499999999,0
			26.4715250000001,-81.9612499999999,0
			26.4715250000001,-81.9615249999999,0
			26.4718060000001,-81.9615249999999,0
			26.4718060000001,-81.9618069999999,0
			26.4720840000002,-81.9618069999999,0
			26.4720840000002,-81.962914,0
			26.4723610000001,-81.962914,0
			26.4723610000001,-81.9631959999999,0
			26.4726370000001,-81.9631959999999,0
			26.4726370000001,-81.96347,0
			26.4729190000001,-81.96347,0
			26.4729190000001,-81.9637529999999,0
			26.4731940000001,-81.9637529999999,0
			26.4731940000001,-81.9640269999999,0
			26.4734730000001,-81.9640269999999,0
			26.4734730000001,-81.964302,0
			26.4737470000001,-81.964302,0
			26.4737470000001,-81.9651409999999,0
			26.47403,-81.9651409999999,0
			26.47403,-81.9654159999999,0
			26.4743060000001,-81.9654159999999,0
			26.4743060000001,-81.9659729999999,0
			26.474859,-81.9659729999999,0
			26.474859,-81.9665299999999,0
			26.4751400000001,-81.9665299999999,0
			26.4751400000001,-81.9668049999999,0
			26.4754160000002,-81.9668049999999,0
			26.4754160000002,-81.9673609999999,0
			26.4756950000001,-81.9673609999999,0
			26.4756950000001,-81.9679179999999,0
			26.4759730000001,-81.9679179999999,0
			26.4759730000001,-81.9681929999999,0
			26.476252,-81.9681929999999,0
			26.476252,-81.9690249999999,0
			26.4759730000001,-81.9690249999999,0
			26.4759730000001,-81.9693069999999,0
			26.476252,-81.9693069999999,0
			26.476252,-81.969864,0
			26.477362,-81.969864,0
			26.477362,-81.9701389999999,0
			26.477673,-81.9701229999999,0
			26.4776380000001,-81.9709699999999,0
			26.4779170000001,-81.9709699999999,0
			26.4779170000001,-81.9712519999998,0
			26.478195,-81.9713059999999,0
			26.478195,-81.9715269999999,0
			26.4782920000001,-81.9715269999999,0
			26.4784720000001,-81.9715269999999,0
			26.4785310000001,-81.9720609999999,0
			26.478195,-81.9720839999998,0
			26.478195,-81.9734729999999,0
			26.4784720000001,-81.9734729999999,0
			26.4784720000001,-81.974586,0
			26.4787500000001,-81.974586,0
			26.4787500000001,-81.9765239999999,0
			26.4790290000001,-81.9765239999999,0
			26.4790290000001,-81.9770809999999,0
			26.4793050000001,-81.9770809999999,0
			26.4793050000001,-81.9779129999999,0
			26.479584,-81.9779129999999,0
			26.479584,-81.9801409999999,0
			26.4798600000001,-81.9801409999999,0
			26.4798600000001,-81.9804149999998,0
			26.4801390000001,-81.9804149999998,0
			26.4801390000001,-81.980698,0
			26.480694,-81.980698,0
			26.480694,-81.9809719999999,0
			26.4812510000001,-81.9809719999999,0
			26.4812510000001,-81.981529,0
			26.481527,-81.981529,0
			26.481527,-81.982361,0
			26.481806,-81.982361,0
			26.481806,-81.982918,0
			26.481527,-81.982918,0
			26.481527,-81.9834749999999,0
			26.4812510000001,-81.9834749999999,0
			26.4812510000001,-81.983749,0
			26.481527,-81.983749,0
			26.481527,-81.9851379999999,0
			26.4812510000001,-81.9851379999999,0
			26.4812510000001,-81.986252,0
			26.481527,-81.986252,0
			26.481527,-81.986526,0
			26.481806,-81.986526,0
			26.481806,-81.987358,0
			26.4820840000001,-81.987358,0
			26.4820840000001,-81.989029,0
			26.4823610000001,-81.989029,0
			26.4823610000001,-81.989861,0
			26.482639,-81.989861,0
			26.482639,-81.9901349999999,0
			26.4831470000001,-81.9901429999999,0
			26.4832170000001,-81.990692,0
			26.4834730000001,-81.990692,0
			26.4834730000001,-81.9926149999999,0
			26.4834730000001,-81.9937519999999,0
			26.4836240000002,-81.9937519999999,0
			26.483749,-81.9937519999999,0
			26.483749,-81.9944229999999,0
			26.483749,-81.9951399999999,0
			26.484028,-81.9951399999999,0
			26.484028,-81.996246,0
			26.4843040000001,-81.996246,0
			26.4843040000001,-81.9979169999999,0
			26.4845830000001,-81.9979169999999,0
			26.4845830000001,-81.9993059999999,0
			26.484861,-81.9993059999999,0
			26.484861,-81.9998629999999,0
			26.4845830000001,-81.9998629999999,0
			26.4845830000001,-82.0001369999999,0
			26.4845830000001,-82.0020829999999,0
			26.4843030000001,-82.0020829999999,0
			26.4843040000001,-82.0034709999999,0
			26.4845830000001,-82.0034709999999,0
			26.4845830000001,-82.005692,0
			26.4843040000001,-82.005692,0
			26.4843040000001,-82.0062479999999,0
			26.4845830000001,-82.0062479999999,0
			26.4845830000001,-82.0068049999999,0
			26.4843040000001,-82.0068049999999,0
			26.4843040000001,-82.0079189999999,0
			26.484028,-82.0079189999999,0
			26.484028,-82.0087509999999,0
			26.483749,-82.0087509999999,0
			26.483749,-82.0098649999999,0
			26.4834730000001,-82.0098649999999,0
			26.4834730000001,-82.0115279999998,0
			26.484028,-82.0115279999998,0
			26.484028,-82.0120849999999,0
			26.4843040000001,-82.0120849999999,0
			26.4843040000001,-82.0118029999999,0
			26.485138,-82.0118029999999,0
			26.485138,-82.0120849999999,0
			26.4856950000001,-82.0120849999999,0
			26.4856950000001,-82.0123599999998,0
			26.485971,-82.0123599999998,0
			26.485971,-82.0129169999999,0
			26.4862840000002,-82.012909,0
			26.486265,-82.0130619999999,0
			26.48625,-82.0131909999999,0
			26.4865360000001,-82.0131759999999,0
			26.4865260000001,-82.013474,0
			26.4871100000001,-82.013474,0
			26.4876400000001,-82.013474,0
			26.4876400000001,-82.0137479999999,0
			26.4881940000001,-82.0137479999999,0
			26.4881940000001,-82.0131909999999,0
			26.48847,-82.0131909999999,0
			26.48847,-82.013474,0
			26.4887500000001,-82.013474,0
			26.4887500000001,-82.0129169999999,0
			26.4890290000001,-82.0129169999999,0
			26.4890290000001,-82.013474,0
			26.489305,-82.013474,0
			26.489305,-82.0131909999999,0
			26.489584,-82.0131909999999,0
			26.489584,-82.0129169999999,0
			26.489859,-82.0129169999999,0
			26.489859,-82.012642,0
			26.490417,-82.012642,0
			26.490417,-82.0123599999998,0
			26.4906940000002,-82.0123599999998,0
			26.4906940000002,-82.0120849999999,0
			26.4918060000002,-82.0120849999999,0
			26.4918060000002,-82.0118029999999,0
			26.4931950000002,-82.0118029999999,0
			26.4931950000002,-82.0115279999998,0
			26.4934730000001,-82.0115279999998,0
			26.4934730000001,-82.0112529999999,0
			26.4940280000002,-82.0112529999999,0
			26.4940280000002,-82.0109709999999,0
			26.4945830000001,-82.0109709999999,0
			26.4945830000001,-82.0104139999999,0
			26.4951380000002,-82.0104139999999,0
			26.4951380000002,-82.010139,0
			26.495417,-82.010139,0
			26.495417,-82.0098649999999,0
			26.496433,-82.0098649999999,0
			26.4979150000001,-82.0098649999999,0
			26.4979150000001,-82.0095829999999,0
			26.498751,-82.0095829999999,0
			26.498751,-82.009308,0
			26.4998610000002,-82.009308,0
			26.4998610000002,-82.0090259999999,0
			26.5015300000001,-82.0090259999999,0
			26.5015300000001,-82.0087509999999,0
			26.502642,-82.0087509999999,0
			26.502642,-82.0081939999999,0
			26.502916,-82.0081939999999,0
			26.502916,-82.0076369999999,0
			26.5018060000002,-82.0076369999999,0
			26.5018060000002,-82.0073619999998,0
			26.499584,-82.0073619999998,0
			26.499584,-82.0068049999999,0
			26.4993060000001,-82.0068049999999,0
			26.4993060000001,-82.0062479999999,0
			26.4970840000001,-82.0062479999999,0
			26.4970840000001,-82.005974,0
			26.4968050000001,-82.005974,0
			26.4968050000001,-82.005692,0
			26.4965290000002,-82.005692,0
			26.4965290000002,-82.0054169999999,0
			26.49625,-82.0054169999999,0
			26.49625,-82.005142,0
			26.4948620000001,-82.005142,0
			26.4948620000001,-82.005974,0
			26.4945830000001,-82.005974,0
			26.4945830000001,-82.0064159999999,0
			26.4945830000001,-82.0076369999999,0
			26.4943050000002,-82.0076369999999,0
			26.4943050000002,-82.0081939999999,0
			26.4937500000001,-82.0081939999999,0
			26.4937500000001,-82.0084689999999,0
			26.4934730000001,-82.0084689999999,0
			26.4934730000001,-82.0081939999999,0
			26.4926400000001,-82.0081939999999,0
			26.4926400000001,-82.0079189999999,0
			26.4923610000001,-82.0079189999999,0
			26.4923610000001,-82.0076369999999,0
			26.4906940000002,-82.0076369999999,0
			26.4906940000002,-82.0073619999998,0
			26.490417,-82.0073619999998,0
			26.490417,-82.0054169999999,0
			26.4909730000002,-82.0054169999999,0
			26.4909730000002,-82.005142,0
			26.4917280000001,-82.005142,0
			26.492083,-82.005142,0
			26.492083,-82.0054169999999,0
			26.492916,-82.0054169999999,0
			26.492916,-82.005692,0
			26.4940280000002,-82.005692,0
			26.4940280000002,-82.0054169999999,0
			26.4943050000002,-82.0054169999999,0
			26.4943050000002,-82.00486,0
			26.4945830000001,-82.00486,0
			26.4945830000001,-82.0045849999999,0
			26.4943050000002,-82.0045849999999,0
			26.4943050000002,-82.0026399999999,0
			26.4940280000002,-82.0026399999999,0
			26.4940280000002,-82.002357,0
			26.4945830000001,-82.002357,0
			26.4945830000001,-82.0020829999999,0
			26.4951380000002,-82.0020829999999,0
			26.4951380000002,-82.0012509999999,0
			26.4948620000001,-82.0012509999999,0
			26.4948620000001,-82.000694,0
			26.4943050000002,-82.000694,0
			26.4943050000002,-82.0004199999999,0
			26.4937500000001,-82.0004199999999,0
			26.4937500000001,-82.000694,0
			26.4934730000001,-82.000694,0
			26.4934730000001,-82.0002519999999,0
			26.4934730000001,-82.0001369999999,0
			26.4934730000001,-81.9998629999999,0
			26.492916,-81.9998629999999,0
			26.492916,-81.99958,0
			26.4926400000001,-81.99958,0
			26.4926400000001,-81.9993059999999,0
			26.4923610000001,-81.9993059999999,0
			26.4923610000001,-81.9990309999999,0
			26.492083,-81.9990309999999,0
			26.492083,-81.9987489999999,0
			26.4918060000002,-81.9987489999999,0
			26.4918060000002,-81.9984739999999,0
			26.4915280000001,-81.9984739999999,0
			26.4915280000001,-81.998192,0
			26.4912490000001,-81.998192,0
			26.4912490000001,-81.9979169999999,0
			26.4918060000002,-81.9979169999999,0
			26.4918060000002,-81.998192,0
			26.4934730000001,-81.998192,0
			26.4934730000001,-81.9979169999999,0
			26.4937500000001,-81.9979169999999,0
			26.4937500000001,-81.9976429999999,0
			26.4940280000002,-81.9976429999999,0
			26.4940280000002,-81.99736,0
			26.4943050000002,-81.99736,0
			26.4943050000002,-81.9968029999999,0
			26.4945830000001,-81.9968029999999,0
			26.4945830000001,-81.996529,0
			26.4948620000001,-81.996529,0
			26.4948620000001,-81.99736,0
			26.4951380000002,-81.99736,0
			26.4951380000002,-81.9976429999999,0
			26.495417,-81.9976429999999,0
			26.495417,-81.9979169999999,0
			26.4959720000001,-81.9979169999999,0
			26.4959720000001,-81.998192,0
			26.49625,-81.998192,0
			26.49625,-81.9984739999999,0
			26.4965290000002,-81.9984739999999,0
			26.4965290000002,-81.9993059999999,0
			26.4968050000001,-81.9993059999999,0
			26.496809,-81.999786,0
			26.496809,-82.0001369999999,0
			26.498745,-82.0001369999999,0
			26.498749,-82.000031,0
			26.4987530000001,-81.9998629999999,0
			26.498751,-81.9993059999999,0
			26.4984720000002,-81.9993059999999,0
			26.4984720000002,-81.9990309999999,0
			26.4979150000001,-81.9990309999999,0
			26.4979150000001,-81.9987489999999,0
			26.4976390000002,-81.9987489999999,0
			26.4976390000002,-81.9984739999999,0
			26.4973600000002,-81.9984739999999,0
			26.4973600000002,-81.998192,0
			26.4970840000001,-81.998192,0
			26.4970840000001,-81.9970859999999,0
			26.4968050000001,-81.9970859999999,0
			26.4968050000001,-81.9968029999999,0
			26.4970840000001,-81.9968029999999,0
			26.4970840000001,-81.996529,0
			26.4979150000001,-81.996529,0
			26.4979150000001,-81.9959719999999,0
			26.4984720000002,-81.9959719999999,0
			26.4984720000002,-81.995697,0
			26.4981940000001,-81.995697,0
			26.4981940000001,-81.995415,0
			26.4973600000002,-81.995415,0
			26.4973600000002,-81.994858,0
			26.4979150000001,-81.994858,0
			26.4979150000001,-81.9943079999999,0
			26.4981940000001,-81.9943079999999,0
			26.4981940000001,-81.994583,0
			26.4984720000002,-81.994583,0
			26.4984720000002,-81.994858,0
			26.498751,-81.994858,0
			26.498751,-81.9951399999999,0
			26.4990250000001,-81.9951399999999,0
			26.4990250000001,-81.995415,0
			26.4993060000001,-81.995415,0
			26.4993060000001,-81.996529,0
			26.4990250000001,-81.996529,0
			26.4990250000001,-81.9970859999999,0
			26.4984720000002,-81.9970859999999,0
			26.4984720000002,-81.99736,0
			26.4981940000001,-81.99736,0
			26.4981940000001,-81.9979169999999,0
			26.4984720000002,-81.9979169999999,0
			26.4984720000002,-81.998192,0
			26.4998610000002,-81.998192,0
			26.4998610000002,-81.9990309999999,0
			26.5006940000002,-81.9990309999999,0
			26.5006960000002,-81.999603,0
			26.5007040000001,-82.000122,0
			26.5001370000001,-82.000145,0
			26.5001370000001,-82.0004199999999,0
			26.5004160000001,-82.0004199999999,0
			26.5004160000001,-82.0006099999999,0
			26.5004160000001,-82.0009689999999,0
			26.5009730000002,-82.0009689999999,0
			26.5009730000002,-82.0012509999999,0
			26.502083,-82.0012509999999,0
			26.502083,-82.001526,0
			26.5023610000001,-82.001526,0
			26.5023610000001,-82.0018079999999,0
			26.502642,-82.0018079999999,0
			26.502642,-82.0020829999999,0
			26.502916,-82.0020829999999,0
			26.502916,-82.002357,0
			26.5032370000001,-82.0023419999999,0
			26.5031950000002,-82.0034709999999,0
			26.5034690000001,-82.0034559999999,0
			26.5034690000001,-82.0040279999999,0
			26.5037520000001,-82.0040279999999,0
			26.5037520000001,-82.0041279999999,0
			26.5037520000001,-82.0043029999999,0
			26.5038320000001,-82.0043029999999,0
			26.5040280000002,-82.0043029999999,0
			26.5040280000002,-82.004601,0
			26.5040280000002,-82.00486,0
			26.504177,-82.00486,0
			26.5043050000002,-82.00486,0
			26.5043050000002,-82.0050809999999,0
			26.5043050000002,-82.0054169999999,0
			26.5045830000001,-82.005455,0
			26.5045830000001,-82.0055619999999,0
			26.5045830000001,-82.005692,0
			26.5048620000001,-82.00576,0
			26.5048620000001,-82.005974,0
			26.5045830000001,-82.005974,0
			26.5045830000001,-82.0070799999999,0
			26.5043050000002,-82.0070799999999,0
			26.5043050000002,-82.0073619999998,0
			26.5040280000002,-82.0073619999998,0
			26.5040280000002,-82.0081939999999,0
			26.5043050000002,-82.0081939999999,0
			26.5043050000002,-82.0084689999999,0
			26.5048620000001,-82.0084689999999,0
			26.5048620000001,-82.0087509999999,0
			26.5072500000001,-82.0087509999999,0
			26.5081920000001,-82.0087509999999,0
			26.5081920000001,-82.0090259999999,0
			26.5095830000001,-82.0090259999999,0
			26.5095830000001,-82.0095829999999,0
			26.5104140000001,-82.0095829999999,0
			26.5104140000001,-82.0098649999999,0
			26.5109730000001,-82.0098649999999,0
			26.5109730000001,-82.010139,0
			26.5115260000001,-82.010139,0
			26.5115260000001,-82.0104139999999,0
			26.5123620000001,-82.0104139999999,0
			26.5123620000001,-82.0106959999999,0
			26.5145840000001,-82.0106959999999,0
			26.5145840000001,-82.0104139999999,0
			26.5148620000001,-82.0104139999999,0
			26.5148620000001,-82.010139,0
			26.5154170000001,-82.010139,0
			26.5154170000001,-82.0098649999999,0
			26.517363,-82.0098649999999,0
			26.517363,-82.010139,0
			26.5176390000001,-82.010139,0
			26.5176390000001,-82.0104139999999,0
			26.5181640000001,-82.0103839999999,0
			26.5181940000001,-82.0106959999999,0
			26.5187490000001,-82.0106959999999,0
			26.5187490000001,-82.0109709999999,0
			26.5198610000001,-82.0109709999999,0
			26.5198610000001,-82.0112529999999,0
			26.5209710000001,-82.0112529999999,0
			26.5209710000001,-82.0115279999998,0
			26.5220830000001,-82.0115279999998,0
			26.5220830000001,-82.0118029999999,0
			26.522638,-82.0118029999999,0
			26.522638,-82.0120849999999,0
			26.522917,-82.0120849999999,0
			26.522917,-82.0123599999998,0
			26.5231950000001,-82.0123599999998,0
			26.5231950000001,-82.012642,0
			26.52375,-82.012642,0
			26.52375,-82.0129169999999,0
			26.524027,-82.0129169999999,0
			26.524027,-82.0131909999999,0
			26.5245840000001,-82.0131909999999,0
			26.5245840000001,-82.013474,0
			26.52486,-82.013474,0
			26.52486,-82.0137479999999,0
			26.525139,-82.0137479999999,0
			26.525139,-82.0140299999999,0
			26.5256940000001,-82.0140299999999,0
			26.5256940000001,-82.014305,0
			26.525972,-82.014305,0
			26.525972,-82.0145799999999,0
			26.5265270000001,-82.0145799999999,0
			26.5265270000001,-82.0148619999999,0
			26.5268080000001,-82.0148619999999,0
			26.5268080000001,-82.015137,0
			26.527082,-82.015137,0
			26.527082,-82.0154189999999,0
			26.5276370000001,-82.0154189999999,0
			26.5276370000001,-82.0156939999999,0
			26.5279160000001,-82.0156939999999,0
			26.5279160000001,-82.015976,0
			26.528194,-82.015976,0
			26.528194,-82.0162509999999,0
			26.528748,-82.0162509999999,0
			26.528748,-82.0165249999998,0
			26.5290300000001,-82.0165249999998,0
			26.5290300000001,-82.016808,0
			26.528748,-82.016808,0
			26.528748,-82.018196,0
			26.5284730000002,-82.018196,0
			26.5284730000002,-82.0195849999999,0
			26.528748,-82.0195849999999,0
			26.528748,-82.0204159999999,0
			26.5290300000001,-82.0204159999999,0
			26.5290300000001,-82.02153,0
			26.5293060000002,-82.02153,0
			26.5293060000002,-82.0237499999999,0
			26.5295830000002,-82.0237499999999,0
			26.5295830000002,-82.0245819999999,0
			26.5298610000001,-82.0245819999999,0
			26.5298610000001,-82.025154,0
			26.5298610000001,-82.0262529999999,0
			26.5295830000002,-82.0262529999999,0
			26.5295830000002,-82.026802,0
			26.5293060000002,-82.026802,0
			26.5293060000002,-82.0279159999999,0
			26.5291230000001,-82.0279159999999,0
			26.5290300000001,-82.0279159999999,0
			26.5290300000001,-82.028748,0
			26.528748,-82.028748,0
			26.528748,-82.0290299999999,0
			26.5284730000002,-82.0290299999999,0
			26.5284730000002,-82.029861,0
			26.528194,-82.029861,0
			26.528194,-82.030136,0
			26.5279160000001,-82.030136,0
			26.5279160000001,-82.030693,0
			26.5276370000001,-82.030693,0
			26.5276370000001,-82.030975,0
			26.527361,-82.030975,0
			26.5273840000002,-82.0318299999999,0
			26.527082,-82.031807,0
			26.527082,-82.0321729999999,0
			26.527082,-82.0331949999999,0
			26.5268080000001,-82.0331949999999,0
			26.5268080000001,-82.0337519999999,0
			26.5265270000001,-82.0337519999999,0
			26.5265270000001,-82.0345839999999,0
			26.525972,-82.0345839999999,0
			26.525972,-82.035141,0
			26.5256940000001,-82.035141,0
			26.5256940000001,-82.0365299999999,0
			26.525139,-82.0365299999999,0
			26.525139,-82.0370859999999,0
			26.52486,-82.0370859999999,0
			26.52486,-82.037636,0
			26.525139,-82.037636,0
			26.525139,-82.0379179999999,0
			26.5254150000001,-82.0379179999999,0
			26.5254150000001,-82.0381929999999,0
			26.5256940000001,-82.0381929999999,0
			26.5256940000001,-82.0384749999998,0
			26.5254150000001,-82.0384749999998,0
			26.5254150000001,-82.039024,0
			26.525139,-82.039024,0
			26.525139,-82.0395809999999,0
			26.52486,-82.0395809999999,0
			26.52486,-82.0398639999999,0
			26.5245840000001,-82.0398639999999,0
			26.5245840000001,-82.0406949999999,0
			26.525139,-82.0406949999999,0
			26.525139,-82.04097,0
			26.5256940000001,-82.04097,0
			26.5256940000001,-82.041252,0
			26.525972,-82.041252,0
			26.525972,-82.0406949999999,0
			26.5265270000001,-82.0406949999999,0
			26.5265270000001,-82.0404129999999,0
			26.5268080000001,-82.0404129999999,0
			26.5268080000001,-82.040138,0
			26.527361,-82.040138,0
			26.527361,-82.0398639999999,0
			26.5276370000001,-82.0398639999999,0
			26.5276370000001,-82.0395809999999,0
			26.528194,-82.0395809999999,0
			26.528194,-82.039307,0
			26.5290300000001,-82.039307,0
			26.5290300000001,-82.039024,0
			26.5312520000001,-82.039024,0
			26.5312520000001,-82.0395809999999,0
			26.531528,-82.0395809999999,0
			26.531528,-82.0398639999999,0
			26.5318050000002,-82.0398639999999,0
			26.5318050000002,-82.0404129999999,0
			26.5320840000002,-82.0404129999999,0
			26.5320840000002,-82.04097,0
			26.5323640000001,-82.04097,0
			26.5323640000001,-82.041458,0
			26.5323640000001,-82.0420839999999,0
			26.5326390000001,-82.0420839999999,0
			26.5326390000001,-82.0429149999999,0
			26.5329170000002,-82.0429149999999,0
			26.5329170000002,-82.043472,0
			26.533194,-82.043472,0
			26.533194,-82.0437469999999,0
			26.5334720000001,-82.0437469999999,0
			26.5334720000001,-82.0440289999999,0
			26.5343060000002,-82.0440289999999,0
			26.5343060000002,-82.044304,0
			26.5356940000001,-82.044304,0
			26.5356940000001,-82.0440289999999,0
			26.5368040000001,-82.0440289999999,0
			26.5368040000001,-82.044304,0
			26.5370830000001,-82.044304,0
			26.5370830000001,-82.0440289999999,0
			26.5384730000002,-82.0440289999999,0
			26.5384730000002,-82.044304,0
			26.5390260000001,-82.044304,0
			26.5390260000001,-82.0448609999999,0
			26.5393050000001,-82.0448609999999,0
			26.5393050000001,-82.0456919999999,0
			26.5395830000002,-82.0456919999999,0
			26.5395830000002,-82.0462489999999,0
			26.5398620000001,-82.0462489999999,0
			26.5398620000001,-82.0468059999998,0
			26.5401360000001,-82.0468059999998,0
			26.5401360000001,-82.0470809999999,0
			26.540419,-82.0470809999999,0
			26.540419,-82.0490259999999,0
			26.5406950000001,-82.0490259999999,0
			26.5406950000001,-82.049583,0
			26.5412480000001,-82.049583,0
			26.5412480000001,-82.0498579999999,0
			26.5415310000001,-82.0498579999999,0
			26.5415310000001,-82.050415,0
			26.5420840000002,-82.050415,0
			26.5420840000002,-82.0506969999999,0
			26.5429170000002,-82.0506969999999,0
			26.5429170000002,-82.0509719999999,0
			26.5431940000001,-82.0509719999999,0
			26.5431940000001,-82.0512469999999,0
			26.543751,-82.0512469999999,0
			26.543751,-82.0515289999999,0
			26.5440270000001,-82.0515289999999,0
			26.5440270000001,-82.0518039999998,0
			26.5443060000002,-82.0518039999998,0
			26.5443060000002,-82.0523609999999,0
			26.544584,-82.0523609999999,0
			26.544584,-82.052635,0
			26.5448630000001,-82.052635,0
			26.5448630000001,-82.0531919999999,0
			26.5452520000001,-82.0531919999999,0
			26.5454160000002,-82.0531919999999,0
			26.5454160000002,-82.0534739999999,0
			26.5456940000001,-82.0534739999999,0
			26.5456940000001,-82.053749,0
			26.5459730000001,-82.053749,0
			26.5459730000001,-82.054031,0
			26.5465280000001,-82.054031,0
			26.5465280000001,-82.0543059999999,0
			26.5468060000001,-82.0543059999999,0
			26.5468060000001,-82.054581,0
			26.5473610000001,-82.054581,0
			26.5473610000001,-82.054863,0
			26.5476380000002,-82.054863,0
			26.5476380000002,-82.057083,0
			26.547916,-82.057083,0
			26.547916,-82.0576399999999,0
			26.5481950000001,-82.0576399999999,0
			26.5481950000001,-82.057915,0
			26.5484710000002,-82.057915,0
			26.5484710000002,-82.058197,0
			26.5490280000001,-82.058197,0
			26.5490280000001,-82.057915,0
			26.5495830000002,-82.057915,0
			26.5495830000002,-82.0576399999999,0
			26.550417,-82.0576399999999,0
			26.550417,-82.0573579999999,0
			26.5518050000001,-82.0573579999999,0
			26.5518050000001,-82.057083,0
			26.5520840000001,-82.057083,0
			26.5520840000001,-82.056808,0
			26.5543080000001,-82.056808,0
			26.5543080000001,-82.057083,0
			26.5545830000002,-82.057083,0
			26.5545830000002,-82.0573579999999,0
			26.5551380000001,-82.0573579999999,0
			26.5551380000001,-82.0576399999999,0
			26.5556950000001,-82.0576399999999,0
			26.5556950000001,-82.057915,0
			26.5565280000001,-82.057915,0
			26.5565280000001,-82.058197,0
			26.5568050000001,-82.058197,0
			26.5568050000001,-82.0584719999999,0
			26.557362,-82.0584719999999,0
			26.557362,-82.059029,0
			26.5579170000001,-82.059029,0
			26.5579170000001,-82.059586,0
			26.5590290000001,-82.059586,0
			26.5590290000001,-82.0598599999999,0
			26.560417,-82.0598599999999,0
			26.560417,-82.0601429999999,0
			26.560694,-82.0601429999999,0
			26.560694,-82.060417,0
			26.5609720000001,-82.060417,0
			26.5609720000001,-82.0606919999999,0
			26.5612510000001,-82.0606919999999,0
			26.5612510000001,-82.060974,0
			26.561527,-82.060974,0
			26.561527,-82.061249,0
			26.561806,-82.061249,0
			26.561806,-82.0615309999999,0
			26.5620840000001,-82.0615309999999,0
			26.5620840000001,-82.061806,0
			26.5623610000001,-82.061806,0
			26.5623610000001,-82.06208,0
			26.562639,-82.06208,0
			26.562639,-82.0623629999999,0
			26.562916,-82.0623629999999,0
			26.562916,-82.0626369999999,0
			26.5631940000001,-82.0626369999999,0
			26.5631940000001,-82.06292,0
			26.5634730000001,-82.06292,0
			26.5634730000001,-82.063194,0
			26.5643040000001,-82.063194,0
			26.5643040000001,-82.0634689999999,0
			26.56514,-82.0634689999999,0
			26.56514,-82.063751,0
			26.5656950000001,-82.063751,0
			26.5656950000001,-82.064026,0
			26.567083,-82.064026,0
			26.567083,-82.063751,0
			26.5673620000002,-82.063751,0
			26.5673620000002,-82.063194,0
			26.5679190000001,-82.063194,0
			26.5679190000001,-82.0626369999999,0
			26.5681950000002,-82.0626369999999,0
			26.5681950000002,-82.0623629999999,0
			26.5687480000001,-82.0623629999999,0
			26.5687480000001,-82.06208,0
			26.5690290000001,-82.06208,0
			26.5690290000001,-82.061806,0
			26.5695840000002,-82.061806,0
			26.5695840000002,-82.0615309999999,0
			26.5701410000001,-82.0615309999999,0
			26.5701410000001,-82.061249,0
			26.5704170000002,-82.061249,0
			26.5704170000002,-82.0606919999999,0
			26.5709720000001,-82.0606919999999,0
			26.5709720000001,-82.0601429999999,0
			26.5715270000002,-82.0601429999999,0
			26.5715270000002,-82.0598599999999,0
			26.571806,-82.0598599999999,0
			26.571806,-82.0593029999999,0
			26.5720830000002,-82.0593029999999,0
			26.5720830000002,-82.058746,0
			26.571806,-82.058746,0
			26.571806,-82.058197,0
			26.5720830000002,-82.058197,0
			26.5720830000002,-82.0576399999999,0
			26.5715270000002,-82.0576399999999,0
			26.5715270000002,-82.0573579999999,0
			26.5712530000001,-82.0573579999999,0
			26.5712530000001,-82.056808,0
			26.5709720000001,-82.056808,0
			26.5709720000001,-82.056252,0
			26.5712530000001,-82.056252,0
			26.5712530000001,-82.0559689999998,0
			26.5715270000002,-82.0559689999998,0
			26.5715270000002,-82.0551379999999,0
			26.5712530000001,-82.0551379999999,0
			26.5712530000001,-82.0543059999999,0
			26.5715270000002,-82.0543059999999,0
			26.5715270000002,-82.054031,0
			26.5712530000001,-82.054031,0
			26.5712530000001,-82.0534739999999,0
			26.5715270000002,-82.0534739999999,0
			26.5715270000002,-82.0531919999999,0
			26.571806,-82.0531919999999,0
			26.571806,-82.052635,0
			26.5720830000002,-82.052635,0
			26.5720830000002,-82.0523609999999,0
			26.572639,-82.0523609999999,0
			26.572639,-82.052086,0
			26.5731950000002,-82.052086,0
			26.5731950000002,-82.0518039999998,0
			26.5734710000001,-82.0518039999998,0
			26.5734710000001,-82.0515289999999,0
			26.5737500000001,-82.0515289999999,0
			26.5737500000001,-82.0518039999998,0
			26.5740280000002,-82.0518039999998,0
			26.5740280000002,-82.0512469999999,0
			26.575138,-82.0512469999999,0
			26.575138,-82.0515289999999,0
			26.5773620000002,-82.0515289999999,0
			26.5773620000002,-82.0512469999999,0
			26.5779150000001,-82.0512469999999,0
			26.5779150000001,-82.0509719999999,0
			26.5781940000001,-82.0509719999999,0
			26.5781940000001,-82.0506969999999,0
			26.5790250000001,-82.0506969999999,0
			26.5790250000001,-82.050415,0
			26.5798610000002,-82.050415,0
			26.5798610000002,-82.0501399999999,0
			26.5801370000001,-82.0501399999999,0
			26.5801370000001,-82.0498579999999,0
			26.5806940000002,-82.0498579999999,0
			26.5806940000002,-82.049583,0
			26.5812470000001,-82.049583,0
			26.5812470000001,-82.0493089999999,0
			26.58153,-82.0493089999999,0
			26.58153,-82.0490259999999,0
			26.5818060000001,-82.0490259999999,0
			26.5818060000001,-82.048752,0
			26.5820830000002,-82.048752,0
			26.5820830000002,-82.04847,0
			26.5823590000001,-82.04847,0
			26.5823590000001,-82.0481949999999,0
			26.582642,-82.0481949999999,0
			26.582642,-82.04792,0
			26.5831950000002,-82.04792,0
			26.5831950000002,-82.0476379999998,0
			26.5837520000001,-82.0476379999998,0
			26.5837520000001,-82.0473629999999,0
			26.5854170000001,-82.0473629999999,0
			26.5854170000001,-82.0470809999999,0
			26.588194,-82.0470809999999,0
			26.588194,-82.0473629999999,0
			26.5884720000001,-82.0473629999999,0
			26.5884720000001,-82.0470809999999,0
			26.589027,-82.0470809999999,0
			26.589027,-82.0473629999999,0
			26.5895820000001,-82.0473629999999,0
			26.5895820000001,-82.0470809999999,0
			26.5904140000001,-82.0470809999999,0
			26.5904140000001,-82.0468059999998,0
			26.5906940000002,-82.0468059999998,0
			26.5906940000002,-82.0465239999999,0
			26.5912490000001,-82.0465239999999,0
			26.5912490000001,-82.0462489999999,0
			26.5918060000001,-82.0462489999999,0
			26.5918060000001,-82.0459749999999,0
			26.5929160000001,-82.0459749999999,0
			26.5929160000001,-82.0456919999999,0
			26.5937480000001,-82.0456919999999,0
			26.5937480000001,-82.045418,0
			26.594027,-82.045418,0
			26.594027,-82.0456919999999,0
			26.5943050000001,-82.0456919999999,0
			26.5943050000001,-82.0459749999999,0
			26.5951400000001,-82.0459749999999,0
			26.5951400000001,-82.0468059999998,0
			26.5945840000001,-82.0468059999998,0
			26.5945840000001,-82.0470809999999,0
			26.5943050000001,-82.0470809999999,0
			26.5943050000001,-82.0473629999999,0
			26.594027,-82.0473629999999,0
			26.594027,-82.04792,0
			26.5943050000001,-82.04792,0
			26.5943050000001,-82.0481949999999,0
			26.5945840000001,-82.0481949999999,0
			26.5945840000001,-82.04792,0
			26.5951400000001,-82.04792,0
			26.5951400000001,-82.0476379999998,0
			26.5954190000001,-82.0476379999998,0
			26.5954190000001,-82.0473629999999,0
			26.5965270000002,-82.0473629999999,0
			26.5965270000002,-82.0470809999999,0
			26.5984730000002,-82.0470809999999,0
			26.5984730000002,-82.0468059999998,0
			26.5995830000001,-82.0468059999998,0
			26.5995830000001,-82.0462489999999,0
			26.6001400000001,-82.0462489999999,0
			26.6001400000001,-82.0459749999999,0
			26.601528,-82.0459749999999,0
			26.601528,-82.0462489999999,0
			26.6020830000001,-82.0462489999999,0
			26.6020830000001,-82.0465239999999,0
			26.6023620000001,-82.0465239999999,0
			26.6023620000001,-82.0473629999999,0
			26.6026380000002,-82.0473629999999,0
			26.6026380000002,-82.0476379999998,0
			26.602917,-82.0476379999998,0
			26.602917,-82.04792,0
			26.6043050000001,-82.04792,0
			26.6043050000001,-82.0476379999998,0
			26.6045840000001,-82.0476379999998,0
			26.6045840000001,-82.0473629999999,0
			26.6051390000002,-82.0473629999999,0
			26.6051390000002,-82.0470809999999,0
			26.607084,-82.0470809999999,0
			26.607084,-82.0468059999998,0
			26.6090300000001,-82.0468059999998,0
			26.6090300000001,-82.0470809999999,0
			26.609583,-82.0470809999999,0
			26.609583,-82.0473629999999,0
			26.6101400000001,-82.0473629999999,0
			26.6101400000001,-82.0476379999998,0
			26.6106950000002,-82.0476379999998,0
			26.6106950000002,-82.04792,0
			26.6118050000002,-82.04792,0
			26.6118050000002,-82.0481949999999,0
			26.6123640000001,-82.0481949999999,0
			26.6123640000001,-82.04847,0
			26.6126380000002,-82.04847,0
			26.6126380000002,-82.0490259999999,0
			26.6143050000001,-82.0490259999999,0
			26.6143050000001,-82.0493089999999,0
			26.6148610000001,-82.0493089999999,0
			26.6148610000001,-82.049583,0
			26.6151390000002,-82.049583,0
			26.6151390000002,-82.0498579999999,0
			26.6154170000001,-82.0498579999999,0
			26.6154170000001,-82.0506969999999,0
			26.6156960000001,-82.0506969999999,0
			26.6156960000001,-82.052086,0
			26.6165280000002,-82.052086,0
			26.6165280000002,-82.0523609999999,0
			26.6173610000002,-82.0523609999999,0
			26.6173610000002,-82.052635,0
			26.6181950000001,-82.052635,0
			26.6181950000001,-82.0531919999999,0
			26.6187500000001,-82.0531919999999,0
			26.6187500000001,-82.0534739999999,0
			26.6195830000001,-82.0534739999999,0
			26.6195830000001,-82.053749,0
			26.6206950000001,-82.053749,0
			26.6206950000001,-82.054031,0
			26.6209720000002,-82.054031,0
			26.6209720000002,-82.0543059999999,0
			26.6215310000001,-82.0543059999999,0
			26.6215310000001,-82.054581,0
			26.6218050000002,-82.054581,0
			26.6218050000002,-82.054863,0
			26.6220840000001,-82.054863,0
			26.6220840000001,-82.0551379999999,0
			26.622641,-82.0551379999999,0
			26.622641,-82.05542,0
			26.6231940000001,-82.05542,0
			26.6231940000001,-82.0559689999998,0
			26.6240270000001,-82.0559689999998,0
			26.6240270000001,-82.056252,0
			26.624584,-82.056252,0
			26.624584,-82.0569459999999,0
			26.624584,-82.0573579999999,0
			26.6251390000002,-82.0573579999999,0
			26.6251390000002,-82.0576399999999,0
			26.6254160000001,-82.0576399999999,0
			26.6254160000001,-82.057915,0
			26.625973,-82.057915,0
			26.625973,-82.0584719999999,0
			26.6262490000001,-82.0584719999999,0
			26.6262490000001,-82.058746,0
			26.6265280000001,-82.058746,0
			26.6265280000001,-82.059029,0
			26.626806,-82.059029,0
			26.626806,-82.0593029999999,0
			26.6276400000002,-82.0593029999999,0
			26.6276400000002,-82.059586,0
			26.627916,-82.059586,0
			26.627916,-82.0598599999999,0
			26.6281950000001,-82.0598599999999,0
			26.6281950000001,-82.0601429999999,0
			26.6284710000002,-82.0601429999999,0
			26.6284710000002,-82.060417,0
			26.6287500000001,-82.060417,0
			26.6287500000001,-82.0606919999999,0
			26.6290280000001,-82.0606919999999,0
			26.6290280000001,-82.060974,0
			26.629305,-82.060974,0
			26.629305,-82.0615309999999,0
			26.6315270000001,-82.0615309999999,0
			26.6315270000001,-82.061806,0
			26.6318050000002,-82.061806,0
			26.6318050000002,-82.06208,0
			26.6320840000001,-82.06208,0
			26.6320840000001,-82.0623629999999,0
			26.632639,-82.0623629999999,0
			26.632639,-82.0626369999999,0
			26.6329150000001,-82.0626369999999,0
			26.6329150000001,-82.06292,0
			26.6331940000001,-82.06292,0
			26.6331940000001,-82.0634689999999,0
			26.633472,-82.0634689999999,0
			26.633472,-82.064026,0
			26.6337510000002,-82.064026,0
			26.6337510000002,-82.0643079999999,0
			26.6343080000001,-82.0643079999999,0
			26.6343080000001,-82.064026,0
			26.6345830000001,-82.064026,0
			26.6345830000001,-82.0643079999999,0
			26.635138,-82.0643079999999,0
			26.635138,-82.064583,0
			26.6356950000001,-82.064583,0
			26.6356950000001,-82.0648569999999,0
			26.6365300000001,-82.0648569999999,0
			26.6365300000001,-82.0651399999999,0
			26.6370830000002,-82.0651399999999,0
			26.6370830000002,-82.065414,0
			26.637362,-82.065414,0
			26.637362,-82.0656969999999,0
			26.6376380000001,-82.0656969999999,0
			26.6376380000001,-82.065414,0
			26.638195,-82.065414,0
			26.638195,-82.0656969999999,0
			26.6390290000001,-82.0656969999999,0
			26.6390290000001,-82.066254,0
			26.639305,-82.066254,0
			26.639305,-82.065971,0
			26.6398620000001,-82.065971,0
			26.6398620000001,-82.066254,0
			26.6401390000001,-82.066254,0
			26.6401390000001,-82.0665279999999,0
			26.6404170000002,-82.0665279999999,0
			26.6404170000002,-82.067085,0
			26.6409720000001,-82.067085,0
			26.6409720000001,-82.06736,0
			26.641527,-82.06736,0
			26.641527,-82.0676419999999,0
			26.6423610000001,-82.0676419999999,0
			26.6423610000001,-82.06736,0
			26.6431940000001,-82.06736,0
			26.6431940000001,-82.067085,0
			26.6434730000001,-82.067085,0
			26.6434730000001,-82.06736,0
			26.644028,-82.06736,0
			26.644028,-82.0676419999999,0
			26.6443040000001,-82.0676419999999,0
			26.6443040000001,-82.067917,0
			26.6445830000001,-82.067917,0
			26.6445830000001,-82.0684739999999,0
			26.644861,-82.0684739999999,0
			26.644861,-82.068748,0
			26.6454160000001,-82.068748,0
			26.6454160000001,-82.0690309999999,0
			26.6456950000001,-82.0690309999999,0
			26.6456950000001,-82.0684739999999,0
			26.645971,-82.0684739999999,0
			26.645971,-82.068192,0
			26.6462500000002,-82.068192,0
			26.6462500000002,-82.067917,0
			26.6468050000001,-82.067917,0
			26.6468050000001,-82.068192,0
			26.6476360000001,-82.068192,0
			26.6476360000001,-82.0684739999999,0
			26.6479190000001,-82.0684739999999,0
			26.6479190000001,-82.0690309999999,0
			26.6481950000002,-82.0690309999999,0
			26.6481950000002,-82.0693049999999,0
			26.648472,-82.0693049999999,0
			26.648472,-82.06958,0
			26.6490270000001,-82.06958,0
			26.6490270000001,-82.0698619999999,0
			26.649305,-82.0698619999999,0
			26.649305,-82.070137,0
			26.6512530000001,-82.070137,0
			26.6512530000001,-82.070419,0
			26.6526390000002,-82.070419,0
			26.6526390000002,-82.0706939999999,0
			26.6529160000002,-82.0706939999999,0
			26.6529160000002,-82.0709689999999,0
			26.6531940000001,-82.0709689999999,0
			26.6531940000001,-82.071251,0
			26.6534730000001,-82.071251,0
			26.6534730000001,-82.0715259999999,0
			26.6540280000002,-82.0715259999999,0
			26.6540280000002,-82.0718079999999,0
			26.6543060000001,-82.0718079999999,0
			26.6543060000001,-82.072083,0
			26.6562500000002,-82.072083,0
			26.6562500000002,-82.0723649999999,0
			26.6570840000001,-82.0723649999999,0
			26.6570840000001,-82.0726389999999,0
			26.6573620000001,-82.0726389999999,0
			26.6573620000001,-82.072914,0
			26.6579150000001,-82.072914,0
			26.6579150000001,-82.0731959999999,0
			26.6587510000002,-82.0731959999999,0
			26.6587510000002,-82.0734709999999,0
			26.6595840000002,-82.0734709999999,0
			26.6595840000002,-82.0737529999998,0
			26.6598610000001,-82.0737529999998,0
			26.6598610000001,-82.0743029999999,0
			26.6604190000002,-82.0743029999999,0
			26.6604190000002,-82.074585,0
			26.6606940000001,-82.074585,0
			26.6606940000001,-82.0748599999999,0
			26.6609730000001,-82.0748599999999,0
			26.6609730000001,-82.0751419999999,0
			26.66153,-82.0751419999999,0
			26.66153,-82.075417,0
			26.6623590000001,-82.075417,0
			26.6623590000001,-82.0756909999999,0
			26.6626420000001,-82.0756909999999,0
			26.6626420000001,-82.0759739999999,0
			26.6631950000001,-82.0759739999999,0
			26.6631950000001,-82.0768049999999,0
			26.6634730000001,-82.0768049999999,0
			26.6634730000001,-82.0773619999999,0
			26.663752,-82.0773619999999,0
			26.663752,-82.0784759999999,0
			26.6640280000001,-82.0784759999999,0
			26.6640280000001,-82.0787509999998,0
			26.6643050000001,-82.0787509999998,0
			26.6643050000001,-82.0790249999999,0
			26.6645830000001,-82.0790249999999,0
			26.6645830000001,-82.0793079999999,0
			26.664862,-82.0793079999999,0
			26.664862,-82.0801389999999,0
			26.6651380000001,-82.0801389999999,0
			26.6651380000001,-82.080437,0
			26.6651380000001,-82.080696,0
			26.6654170000002,-82.080696,0
			26.6654170000002,-82.0812529999999,0
			26.6659740000001,-82.0812529999999,0
			26.6659740000001,-82.0818019999999,0
			26.6662500000002,-82.0818019999999,0
			26.6662500000002,-82.0815279999999,0
			26.6668050000001,-82.0815279999999,0
			26.6668050000001,-82.0812529999999,0
			26.6676390000001,-82.0812529999999,0
			26.6676390000001,-82.0809709999999,0
			26.6682000000002,-82.0809709999999,0
			26.668194,-82.0808559999999,0
			26.668194,-82.080696,0
			26.668911,-82.080696,0
			26.6695840000001,-82.080696,0
			26.6695840000001,-82.0809709999999,0
			26.670416,-82.0809709999999,0
			26.670416,-82.0812529999999,0
			26.671528,-82.0812529999999,0
			26.671528,-82.0809709999999,0
			26.672361,-82.0809709999999,0
			26.672361,-82.080696,0
			26.6729160000001,-82.080696,0
			26.6729160000001,-82.0809709999999,0
			26.6740260000001,-82.0809709999999,0
			26.6740260000001,-82.0812529999999,0
			26.6751140000001,-82.0812529999999,0
			26.6754190000001,-82.0812529999999,0
			26.6754190000001,-82.081444,0
			26.6754190000001,-82.0815279999999,0
			26.6756940000001,-82.081566,0
			26.6756940000001,-82.0818019999999,0
			26.6761130000002,-82.0817949999999,0
			26.6762560000001,-82.0817949999999,0
			26.676249,-82.0820849999999,0
			26.6765730000002,-82.0820919999999,0
			26.6765290000001,-82.0826419999999,0
			26.676805,-82.0826419999999,0
			26.676805,-82.0831909999999,0
			26.6765290000001,-82.0831909999999,0
			26.6765290000001,-82.083748,0
			26.676805,-82.083748,0
			26.676805,-82.0843049999999,0
			26.6765290000001,-82.0843049999999,0
			26.6765290000001,-82.0845869999999,0
			26.676249,-82.0845869999999,0
			26.676249,-82.0854189999999,0
			26.6759700000001,-82.0854189999999,0
			26.6759700000001,-82.0876389999999,0
			26.6756940000001,-82.0876389999999,0
			26.6756940000001,-82.0879139999998,0
			26.676249,-82.0879139999998,0
			26.676249,-82.088196,0
			26.6765290000001,-82.088196,0
			26.6765290000001,-82.0884699999999,0
			26.676805,-82.0884699999999,0
			26.676805,-82.089027,0
			26.677084,-82.089027,0
			26.677084,-82.0895839999999,0
			26.677359,-82.0895839999999,0
			26.677359,-82.089859,0
			26.677917,-82.089859,0
			26.677917,-82.090141,0
			26.6787490000001,-82.090141,0
			26.6787490000001,-82.0893019999999,0
			26.6790280000001,-82.0893019999999,0
			26.6790280000001,-82.089027,0
			26.679306,-82.089027,0
			26.679306,-82.0887529999999,0
			26.679583,-82.0887529999999,0
			26.679583,-82.0884699999999,0
			26.680328,-82.0884699999999,0
			26.6812500000001,-82.0884699999999,0
			26.6812500000001,-82.0887529999999,0
			26.6815280000002,-82.0887529999999,0
			26.6815280000002,-82.089027,0
			26.681805,-82.089027,0
			26.681805,-82.0893019999999,0
			26.682917,-82.0893019999999,0
			26.682917,-82.089027,0
			26.68375,-82.089027,0
			26.68375,-82.0887529999999,0
			26.6840290000002,-82.0887529999999,0
			26.6840290000002,-82.0879139999998,0
			26.68375,-82.0879139999998,0
			26.68375,-82.0876389999999,0
			26.6834720000001,-82.0876389999999,0
			26.6834720000001,-82.0868069999999,0
			26.6840290000002,-82.0868069999999,0
			26.6840290000002,-82.0862499999999,0
			26.6854150000001,-82.0862499999999,0
			26.6854150000001,-82.085976,0
			26.6859720000002,-82.085976,0
			26.6859720000002,-82.0856929999999,0
			26.686251,-82.0856929999999,0
			26.686251,-82.0854189999999,0
			26.6865270000001,-82.0854189999999,0
			26.6865270000001,-82.084503,0
			26.6865270000001,-82.0843049999999,0
			26.6876370000001,-82.0843049999999,0
			26.6876090000001,-82.084862,0
			26.6879160000001,-82.084862,0
			26.6879160000001,-82.085075,0
			26.6879160000001,-82.0856929999999,0
			26.6884730000002,-82.0856929999999,0
			26.6884730000002,-82.085976,0
			26.6893060000002,-82.085976,0
			26.6893060000002,-82.0856929999999,0
			26.6893980000002,-82.0856929999999,0
			26.68956,-82.0856929999999,0
			26.689583,-82.0851359999999,0
			26.6898590000001,-82.0851359999999,0
			26.6898590000001,-82.0843049999999,0
			26.690142,-82.0843049999999,0
			26.690142,-82.083748,0
			26.6906950000002,-82.083748,0
			26.6906950000002,-82.08403,0
			26.6913200000002,-82.084076,0
			26.6912520000001,-82.0841829999999,0
			26.6912520000001,-82.084862,0
			26.6915280000002,-82.084862,0
			26.6915280000002,-82.0851359999999,0
			26.6920830000001,-82.0851359999999,0
			26.6920830000001,-82.0856929999999,0
			26.6931950000001,-82.0856929999999,0
			26.6931950000001,-82.085976,0
			26.69375,-82.085976,0
			26.69375,-82.0856929999999,0
			26.6943050000001,-82.0856929999999,0
			26.6943050000001,-82.085976,0
			26.6948600000002,-82.085976,0
			26.6948600000002,-82.0856929999999,0
			26.6956960000001,-82.0856929999999,0
			26.6956960000001,-82.0854189999999,0
			26.6965270000001,-82.0854189999999,0
			26.6965270000001,-82.0851359999999,0
			26.6970830000001,-82.0851359999999,0
			26.6970830000001,-82.0843049999999,0
			26.6973610000002,-82.0843049999999,0
			26.6973610000002,-82.083748,0
			26.697639,-82.083748,0
			26.697639,-82.0834729999999,0
			26.6979140000001,-82.0834729999999,0
			26.6979140000001,-82.0831909999999,0
			26.6993060000001,-82.0831909999999,0
			26.6993060000001,-82.0834729999999,0
			26.6995830000001,-82.0834729999999,0
			26.6995830000001,-82.083748,0
			26.7029170000001,-82.083748,0
			26.7029170000001,-82.0834729999999,0
			26.70347,-82.0834729999999,0
			26.70347,-82.0836329999999,0
			26.70347,-82.083748,0
			26.7040270000002,-82.083748,0
			26.7040270000002,-82.0836179999999,0
			26.7040270000002,-82.0834729999999,0
			26.705975,-82.0834729999999,0
			26.705973,-82.0831909999999,0
			26.7062490000001,-82.0831909999999,0
			26.7062510000001,-82.0834729999999,0
			26.7065280000001,-82.0834729999999,0
			26.7065280000001,-82.0835569999999,0
			26.7065280000001,-82.083748,0
			26.706806,-82.083748,0
			26.706806,-82.0834729999999,0
			26.7070830000001,-82.0834729999999,0
			26.7070640000001,-82.083786,0
			26.7079160000001,-82.083748,0
			26.7079160000001,-82.0834729999999,0
			26.7084710000001,-82.0834729999999,0
			26.7084710000001,-82.083748,0
			26.709028,-82.083748,0
			26.709028,-82.0834729999999,0
			26.710138,-82.0834729999999,0
			26.710138,-82.0831909999999,0
			26.7109720000001,-82.0831909999999,0
			26.7109720000001,-82.0829159999998,0
			26.7118050000001,-82.0829159999998,0
			26.7118050000001,-82.0826419999999,0
			26.7129150000001,-82.0826419999999,0
			26.7129150000001,-82.0823589999999,0
			26.7131940000001,-82.0823589999999,0
			26.7131940000001,-82.0820849999999,0
			26.7137660000002,-82.0820849999999,0
			26.714582,-82.0820849999999,0
			26.714582,-82.0818019999999,0
			26.714861,-82.0818019999999,0
			26.714861,-82.079582,0
			26.715694,-82.079582,0
			26.715694,-82.079865,0
			26.7159730000002,-82.079865,0
			26.7159730000002,-82.080414,0
			26.7165300000001,-82.080414,0
			26.7165300000001,-82.080696,0
			26.7173610000001,-82.080696,0
			26.7173610000001,-82.080414,0
			26.718195,-82.080414,0
			26.718195,-82.0801389999999,0
			26.7187520000001,-82.0801389999999,0
			26.7187520000001,-82.079582,0
			26.7193050000002,-82.079582,0
			26.7193050000002,-82.0793079999999,0
			26.7198640000001,-82.0793079999999,0
			26.7198640000001,-82.0790249999999,0
			26.720694,-82.0790249999999,0
			26.720694,-82.0787509999998,0
			26.7209720000001,-82.0787509999998,0
			26.7209720000001,-82.0784759999999,0
			26.721527,-82.0784759999999,0
			26.721527,-82.0779189999998,0
			26.7220860000001,-82.0779189999998,0
			26.7220860000001,-82.0776369999999,0
			26.7226390000002,-82.0776369999999,0
			26.7226390000002,-82.0773619999999,0
			26.7229180000002,-82.0773619999999,0
			26.7229180000002,-82.0768049999999,0
			26.7231940000001,-82.0768049999999,0
			26.7231940000001,-82.0765299999999,0
			26.7237490000002,-82.0765299999999,0
			26.7237490000002,-82.076248,0
			26.724028,-82.076248,0
			26.724028,-82.0759739999999,0
			26.7245830000001,-82.0759739999999,0
			26.7245830000001,-82.0756909999999,0
			26.724861,-82.0756909999999,0
			26.724861,-82.075417,0
			26.7254160000001,-82.075417,0
			26.7254160000001,-82.0751419999999,0
			26.7259730000002,-82.0751419999999,0
			26.7259730000002,-82.074585,0
			26.7265260000001,-82.074585,0
			26.7265260000001,-82.0743029999999,0
			26.7268050000001,-82.0743029999999,0
			26.7268050000001,-82.0740279999999,0
			26.727362,-82.0740279999999,0
			26.727362,-82.0734709999999,0
			26.7276360000001,-82.0734709999999,0
			26.7276360000001,-82.0731959999999,0
			26.7279170000001,-82.0731959999999,0
			26.7279170000001,-82.072914,0
			26.7284720000002,-82.072914,0
			26.7284720000002,-82.0726389999999,0
			26.7290310000001,-82.0726389999999,0
			26.7290310000001,-82.0723649999999,0
			26.7293050000002,-82.0723649999999,0
			26.7293050000002,-82.072083,0
			26.7295840000002,-82.072083,0
			26.7295840000002,-82.0723649999999,0
			26.7298580000001,-82.0723649999999,0
			26.7298580000001,-82.072083,0
			26.730694,-82.072083,0
			26.730694,-82.0718079999999,0
			26.7309720000001,-82.0718079999999,0
			26.7309720000001,-82.0715259999999,0
			26.7323630000001,-82.0715259999999,0
			26.7323630000001,-82.071251,0
			26.7340280000001,-82.071251,0
			26.7340280000001,-82.0709689999999,0
			26.7343060000001,-82.0709689999999,0
			26.7343060000001,-82.0706939999999,0
			26.7348610000001,-82.0706939999999,0
			26.7348610000001,-82.070419,0
			26.7351380000002,-82.070419,0
			26.7351380000002,-82.070137,0
			26.7356950000001,-82.070137,0
			26.7356950000001,-82.0698619999999,0
			26.7359710000002,-82.0698619999999,0
			26.7359710000002,-82.06958,0
			26.7362500000002,-82.06958,0
			26.7362500000002,-82.0693049999999,0
			26.7368030000001,-82.0693049999999,0
			26.7368030000001,-82.06958,0
			26.7373620000001,-82.06958,0
			26.7373620000001,-82.0693049999999,0
			26.7381940000001,-82.0693049999999,0
			26.7381940000001,-82.0690309999999,0
			26.7384720000002,-82.0690309999999,0
			26.7384720000002,-82.068748,0
			26.7398610000001,-82.068748,0
			26.7398610000001,-82.0684739999999,0
			26.7401370000001,-82.0684739999999,0
			26.7401370000001,-82.068192,0
			26.7406940000001,-82.068192,0
			26.7406940000001,-82.067917,0
			26.7415280000001,-82.067917,0
			26.7415280000001,-82.0676419999999,0
			26.7423590000001,-82.0676419999999,0
			26.7423590000001,-82.06736,0
			26.743752,-82.06736,0
			26.743752,-82.067085,0
			26.7443050000001,-82.067085,0
			26.7443050000001,-82.06736,0
			26.7451380000001,-82.06736,0
			26.7451380000001,-82.067085,0
			26.7454170000001,-82.067085,0
			26.7454170000001,-82.0668029999999,0
			26.745695,-82.0668029999999,0
			26.745695,-82.0665279999999,0
			26.7462500000001,-82.0665279999999,0
			26.7462500000001,-82.066254,0
			26.7468050000001,-82.066254,0
			26.7468050000001,-82.065971,0
			26.7473600000001,-82.065971,0
			26.7473600000001,-82.0656969999999,0
			26.7476390000001,-82.0656969999999,0
			26.7476390000001,-82.065414,0
			26.7495840000001,-82.065414,0
			26.7495840000001,-82.0651399999999,0
			26.751528,-82.0651399999999,0
			26.751528,-82.0648569999999,0
			26.753471,-82.0648569999999,0
			26.753471,-82.064583,0
			26.754583,-82.064583,0
			26.754583,-82.0643079999999,0
			26.7551380000001,-82.0643079999999,0
			26.7551380000001,-82.064026,0
			26.7565270000001,-82.064026,0
			26.7565270000001,-82.063751,0
			26.7581940000002,-82.063751,0
			26.7581940000002,-82.0634689999999,0
			26.7590270000002,-82.0634689999999,0
			26.7590270000002,-82.063194,0
			26.760139,-82.063194,0
			26.760139,-82.06292,0
			26.7615280000002,-82.06292,0
			26.7615280000002,-82.0626369999999,0
			26.7623620000001,-82.0626369999999,0
			26.7623620000001,-82.0623629999999,0
			26.7640290000002,-82.0623629999999,0
			26.7640290000002,-82.06208,0
			26.7656940000001,-82.06208,0
			26.7656940000001,-82.061806,0
			26.7665270000001,-82.061806,0
			26.7665270000001,-82.0615309999999,0
			26.7668060000001,-82.0615309999999,0
			26.7668060000001,-82.061249,0
			26.7670840000002,-82.061249,0
			26.7670840000002,-82.060974,0
			26.7679160000001,-82.060974,0
			26.7679160000001,-82.061249,0
			26.768242,-82.061249,0
			26.7692300000001,-81.749809,0
			26.7689080000001,-81.7182789999999,0
			26.7684210000001,-81.6706769999998,0
			26.7688290000002,-81.6381169999999,0
			26.7697300000001,-81.5661089999999,0
			26.7663941900001,-81.565995535,0
		</coordinates>
	</polygon>
</kml>
