<?xml version="1.0" encoding="UTF-8"?>
<kml xmlns="http://earth.google.com/kml/2.2">
	<polygon id="USA_CA_Monterey" samplingProbability="1">
		<coordinates>
			36.2659797670001,-120.679916382,0
			36.2601394660001,-120.674118042,0
			36.2569885260002,-120.671775818,0
			36.2532806400001,-120.680290222,0
			36.2478294370001,-120.680770874,0
			36.2415695190001,-120.671539306,0
			36.2366294870001,-120.66632843,0
			36.2304191590001,-120.651412963,0
			36.2268295280001,-120.64792633,0
			36.2191886900001,-120.640968324,0
			36.2146987920001,-120.635757447,0
			36.2093086240001,-120.629981994,0
			36.2038917550001,-120.627052307,0
			36.200229644,-120.63041687,0
			36.1942596440001,-120.638877868,0
			36.1764602650001,-120.650009155,0
			36.1687316900002,-120.651596069,0
			36.1695098870002,-120.664146423,0
			36.1635589600001,-120.669761658,0
			36.1536293030002,-120.665618897,0
			36.146339416,-120.667793274,0
			36.1381797790002,-120.667655945,0
			36.1301307690001,-120.655570983,0
			36.1188201910001,-120.651992798,0
			36.115261078,-120.645095825,0
			36.1075286870002,-120.647247315,0
			36.1025886540001,-120.642059325,0
			36.099529267,-120.630058288,0
			36.0959396370002,-120.62600708,0
			36.0946617120001,-120.616882325,0
			36.1015701310001,-120.606170654,0
			36.1011619570001,-120.601036073,0
			36.0980110170001,-120.598136902,0
			36.0962219250001,-120.595840454,0
			36.0908317570002,-120.590072632,0
			36.0839996350001,-120.592819213,0
			36.076721191,-120.594985962,0
			36.0645599370001,-120.585136413,0
			36.0520286570002,-120.565612793,0
			36.0431213370002,-120.547279359,0
			36.0332107550001,-120.539741516,0
			36.0301208500002,-120.530029298,0
			36.0201492310001,-120.528762818,0
			36.0279693600002,-120.515213013,0
			36.0202789310001,-120.512832642,0
			36.0172309890001,-120.497436523,0
			36.011409761,-120.489402772,0
			36.0074005130001,-120.480247498,0
			35.9974784860001,-120.472717285,0
			35.9925498970001,-120.465827942,0
			35.9890098570001,-120.453277589,0
			35.9849700920001,-120.449249268,0
			35.981800079,-120.447502136,0
			35.9750785830001,-120.43660736,0
			35.9674110420001,-120.431411744,0
			35.9715614310001,-120.422943115,0
			35.974819184,-120.41217041,0
			35.9668502810002,-120.386497497,0
			35.966949463,-120.37285614,0
			35.9642601020001,-120.367706299,0
			35.962478638,-120.363136292,0
			35.9493713390001,-120.357307434,0
			35.943538666,-120.347587586,0
			35.9386215200001,-120.337303162,0
			35.93498993,-120.337257385,0
			35.9259300230001,-120.336029052,0
			35.915512085,-120.333076476,0
			35.905181886,-120.318199157,0
			35.9075202950002,-120.307998656,0
			35.9062004090002,-120.301162721,0
			35.9044685370001,-120.288650512,0
			35.9054489130002,-120.277313233,0
			35.8919487010001,-120.260131836,0
			35.8770790110001,-120.244651795,0
			35.871181488,-120.244598388,0
			35.8648490910002,-120.241691589,0
			35.8593406680001,-120.252426147,0
			35.8520393380002,-120.258026122,0
			35.8447685250001,-120.259658814,0
			35.8393592840001,-120.255065918,0
			35.8307609560001,-120.24987793,0
			35.8217201240001,-120.245811462,0
			35.8240318300001,-120.238456725,0
			35.8222694400001,-120.229370117,0
			35.8186988830001,-120.22025299,0
			35.801021577,-120.217247009,0
			35.7937812810001,-120.214920044,0
			35.7883300780002,-120.216567994,0
			35.789379119,-120.454193114,0
			35.789482117,-120.599929809,0
			35.789892675,-120.689485539,0
			35.790061951,-120.726409913,0
			35.7904815680002,-120.729812622,0
			35.7916297920002,-120.833633422,0
			35.7912944600001,-120.836290481,0
			35.7911300660001,-120.837593078,0
			35.7924613960001,-120.95613861,0
			35.7930219580001,-121.003981401,0
			35.7933387750001,-121.031021119,0
			35.7936515820001,-121.110427857,0
			35.7942886350002,-121.162620545,0
			35.794790198,-121.181435581,0
			35.7951810000002,-121.196106,0
			35.7967550760001,-121.26196773,0
			35.7982597350001,-121.324935914,0
			35.7996215820001,-121.353302001,0
			35.7999992370001,-121.353057862,0
			35.80027771,-121.35333252,0
			35.800556183,-121.353614808,0
			35.8008346560001,-121.353889466,0
			35.8008346560001,-121.354164124,0
			35.8011093140001,-121.354446412,0
			35.8011093140001,-121.35472107,0
			35.8014297490002,-121.355331421,0
			35.801803589,-121.355895995,0
			35.8022232060001,-121.356277465,0
			35.8026657120001,-121.356323242,0
			35.8031272890001,-121.356452941,0
			35.8035278320002,-121.3568573,0
			35.8038101200001,-121.357391357,0
			35.8039550780002,-121.358016967,0
			35.804187776,-121.358634948,0
			35.804477692,-121.359230041,0
			35.8048324580001,-121.359771729,0
			35.8052711490001,-121.360221863,0
			35.8057785030001,-121.360618591,0
			35.8062858590002,-121.36100769,0
			35.8067817700001,-121.361419679,0
			35.8072280880001,-121.361885071,0
			35.8075332650002,-121.362480163,0
			35.8078155530001,-121.363113403,0
			35.8080673220001,-121.363761901,0
			35.8083114620002,-121.364418029,0
			35.808471679,-121.365089416,0
			35.8084335320002,-121.365783691,0
			35.8084487930001,-121.366432191,0
			35.80860138,-121.36694336,0
			35.808795929,-121.36742401,0
			35.8090286250001,-121.367881774,0
			35.809413911,-121.368270875,0
			35.8098793030002,-121.368614196,0
			35.8103675850001,-121.36896515,0
			35.810806276,-121.369407653,0
			35.8111801160001,-121.369941711,0
			35.8114128120001,-121.370620727,0
			35.8113098140001,-121.37121582,0
			35.8111114500001,-121.371948242,0
			35.8111114500001,-121.3722229,0
			35.8111114500001,-121.372497558,0
			35.8111114500001,-121.372779846,0
			35.8110618600001,-121.373062134,0
			35.8113899230001,-121.373336792,0
			35.8113899230001,-121.37361145,0
			35.8116683960001,-121.373886108,0
			35.8116683960001,-121.374168396,0
			35.811626434,-121.374465943,0
			35.8119430540001,-121.374725342,0
			35.8122215270001,-121.375,0
			35.8125000000002,-121.375,0
			35.812778473,-121.375,0
			35.8130569460001,-121.375274658,0
			35.813331604,-121.375274658,0
			35.8136100770001,-121.375267028,0
			35.8138885500001,-121.375274658,0
			35.814167023,-121.375,0
			35.814445496,-121.375,0
			35.8147239690001,-121.374725342,0
			35.8149986270001,-121.374725342,0
			35.8152771000001,-121.375,0
			35.8155555730002,-121.375274658,0
			35.8155555730002,-121.375556946,0
			35.8158340460002,-121.375831604,0
			35.8158340460002,-121.376113892,0
			35.8161125190001,-121.37638855,0
			35.816387177,-121.376663208,0
			35.8166656500001,-121.376945496,0
			35.8169441230001,-121.377220154,0
			35.817199708,-121.377868652,0
			35.8174972540001,-121.378456115,0
			35.8177757270001,-121.379081726,0
			35.818042755,-121.379722596,0
			35.818317413,-121.380386353,0
			35.8185920710002,-121.381065369,0
			35.8189086910001,-121.381729126,0
			35.8192596440001,-121.382385254,0
			35.8196640010001,-121.383003235,0
			35.8201103220001,-121.383506774,0
			35.82049942,-121.384017945,0
			35.8208198550001,-121.384544372,0
			35.821113586,-121.38508606,0
			35.821411133,-121.385620118,0
			35.8217430110001,-121.386146545,0
			35.8221130380001,-121.386642456,0
			35.822505951,-121.38710022,0
			35.8229255690001,-121.387504578,0
			35.823417664,-121.387756348,0
			35.8239097600001,-121.388046264,0
			35.8243675240001,-121.388465881,0
			35.824729921,-121.388992311,0
			35.8249282850001,-121.389572143,0
			35.8251724240001,-121.390136719,0
			35.825550079,-121.390563965,0
			35.8259468080001,-121.390968323,0
			35.8263893130002,-121.39138794,0
			35.8263893130002,-121.391670226,0
			35.826667786,-121.391944884,0
			35.8269462590001,-121.392219544,0
			35.827220917,-121.39250183,0
			35.8274993900001,-121.392776488,0
			35.8277778630001,-121.392776488,0
			35.828056336,-121.393058776,0
			35.828334809,-121.393058776,0
			35.828609467,-121.392776488,0
			35.8288879400001,-121.393058776,0
			35.8291664130001,-121.393058776,0
			35.829444885,-121.393058776,0
			35.8297233580001,-121.393333434,0
			35.8300018310001,-121.393608092,0
			35.8302764900002,-121.393608092,0
			35.8305549610001,-121.393608092,0
			35.8308334350002,-121.39389038,0
			35.8308334350002,-121.394165038,0
			35.831111908,-121.394447326,0
			35.831111908,-121.394721984,0
			35.8313903810001,-121.394996642,0
			35.8316650380002,-121.394996642,0
			35.8316650380002,-121.39527893,0
			35.8319435120001,-121.395553588,0
			35.8322219850002,-121.395553588,0
			35.832500458,-121.395553588,0
			35.8327293400001,-121.395706178,0
			35.8330345150001,-121.396064757,0
			35.8333930970001,-121.396400453,0
			35.833747864,-121.396751404,0
			35.834041595,-121.39718628,0
			35.8342208860001,-121.397720337,0
			35.8344345100002,-121.398239136,0
			35.8346710210001,-121.398735047,0
			35.8350296030001,-121.399108887,0
			35.8354682920001,-121.399391175,0
			35.8359451290002,-121.399650573,0
			35.8363761910001,-121.400047301,0
			35.83677292,-121.400520326,0
			35.8369445810001,-121.40083313,0
			35.8372230540001,-121.401107788,0
			35.8375015270001,-121.401107788,0
			35.8377761850002,-121.401107788,0
			35.838054658,-121.401390076,0
			35.8383331310001,-121.401664734,0
			35.8386116040001,-121.401947021,0
			35.8388900770001,-121.40222168,0
			35.8388900770001,-121.402496338,0
			35.8386116040001,-121.402778625,0
			35.8388900770001,-121.403053284,0
			35.8391685500002,-121.403053284,0
			35.8394432080001,-121.403335571,0
			35.8397216810002,-121.403335571,0
			35.8400001540001,-121.403335571,0
			35.8402786270001,-121.403335571,0
			35.8405570980001,-121.403610229,0
			35.8408317580001,-121.403892517,0
			35.8411102310001,-121.403892517,0
			35.8413887020002,-121.403892517,0
			35.8416671750001,-121.404167175,0
			35.8419456480001,-121.404167175,0
			35.8422241210001,-121.403892517,0
			35.8424987790001,-121.404167175,0
			35.842716216,-121.404747009,0
			35.8429718030002,-121.40536499,0
			35.8434448250001,-121.405899048,0
			35.8436126710001,-121.406112671,0
			35.8436126710001,-121.406387329,0
			35.8436126710001,-121.406669617,0
			35.843887329,-121.406944275,0
			35.8441658020001,-121.407218933,0
			35.8444442750001,-121.407501221,0
			35.8447227480002,-121.407775879,0
			35.8450012210002,-121.408058167,0
			35.845275879,-121.408058167,0
			35.8455009470002,-121.408370971,0
			35.8458328250001,-121.408332825,0
			35.846069336,-121.408638001,0
			35.8461112980002,-121.408889771,0
			35.8463897710002,-121.409164429,0
			35.846668244,-121.409446717,0
			35.8469657900001,-121.40914154,0
			35.8472213750001,-121.408889771,0
			35.8474998480001,-121.408889771,0
			35.8477783210001,-121.408889771,0
			35.8480567940002,-121.408607483,0
			35.8483314520001,-121.408607483,0
			35.8486099250002,-121.408607483,0
			35.848888398,-121.408607483,0
			35.8491668710001,-121.408607483,0
			35.8495063790001,-121.408973694,0
			35.8499984750001,-121.409446717,0
			35.8499984750001,-121.409721375,0
			35.8499984750001,-121.410003663,0
			35.850276948,-121.410278321,0
			35.850276948,-121.410552979,0
			35.850555421,-121.410835267,0
			35.8508338940001,-121.411109925,0
			35.8511123670001,-121.411109925,0
			35.8513870250001,-121.411392213,0
			35.8516654980002,-121.411666871,0
			35.851943971,-121.411666871,0
			35.8522224440001,-121.411666871,0
			35.8525009150001,-121.411392213,0
			35.8527793880001,-121.411666871,0
			35.8527793880001,-121.411941529,0
			35.8530540480001,-121.412223817,0
			35.8530540480001,-121.412498475,0
			35.8533325190002,-121.412780761,0
			35.853610992,-121.413055421,0
			35.853889465,-121.413330079,0
			35.854167938,-121.413612367,0
			35.854167938,-121.413887025,0
			35.8544425960001,-121.414169311,0
			35.8547210690001,-121.414443971,0
			35.8549995420001,-121.414718629,0
			35.8552780150002,-121.415000915,0
			35.855556488,-121.415275575,0
			35.8558349610001,-121.415557861,0
			35.8561096190001,-121.415832519,0
			35.8563880920001,-121.415832519,0
			35.8566665650001,-121.415832519,0
			35.8569450380002,-121.415832519,0
			35.857223511,-121.415832519,0
			35.857498169,-121.416114807,0
			35.857223511,-121.416389465,0
			35.85741806,-121.416534424,0
			35.8576354980001,-121.416786193,0
			35.8577728270002,-121.417098998,0
			35.8578987130001,-121.417442321,0
			35.8580818180001,-121.417800903,0
			35.8582763680002,-121.418182373,0
			35.8583831780002,-121.418647766,0
			35.858543395,-121.419128418,0
			35.8585968030001,-121.419624329,0
			35.8586196910001,-121.420135498,0
			35.858661651,-121.420654297,0
			35.8587684630002,-121.421157838,0
			35.858856202,-121.421676635,0
			35.8588867190002,-121.422241211,0
			35.8589096070001,-121.422813416,0
			35.858985901,-121.42339325,0
			35.8591270450002,-121.423957824,0
			35.8592414860001,-121.42451477,0
			35.8594474800001,-121.425025939,0
			35.8596839910001,-121.42552948,0
			35.8599357610001,-121.426040649,0
			35.8602409370001,-121.426521302,0
			35.8605422970002,-121.427017212,0
			35.8608284000001,-121.427536012,0
			35.8611030580001,-121.428070069,0
			35.8613891610001,-121.428611755,0
			35.861694336,-121.429138184,0
			35.8620529170001,-121.429611207,0
			35.8624496460002,-121.430046082,0
			35.862827301,-121.430503846,0
			35.8632049560001,-121.430976868,0
			35.8635482800001,-121.431503295,0
			35.8638725280001,-121.4320755,0
			35.864189148,-121.432662964,0
			35.8645248410002,-121.433258057,0
			35.8648605340002,-121.433860778,0
			35.8651199340001,-121.434562684,0
			35.8653144850002,-121.435287475,0
			35.865531923,-121.435997009,0
			35.8658142090001,-121.436660767,0
			35.8660888670001,-121.437332153,0
			35.866336823,-121.438026428,0
			35.8665351870001,-121.43876648,0
			35.8666648860001,-121.439445495,0
			35.8669433590001,-121.439720153,0
			35.8672218320002,-121.440002441,0
			35.8672218320002,-121.440277099,0
			35.8675003050002,-121.440551757,0
			35.867778778,-121.440834045,0
			35.868057251,-121.441108703,0
			35.8683319090001,-121.441390991,0
			35.8686103820001,-121.441665649,0
			35.8688888550001,-121.441947937,0
			35.86889267,-121.442214965,0
			35.8691673280002,-121.442497253,0
			35.8691673280002,-121.442779541,0
			35.8691673280002,-121.443054199,0
			35.869445801,-121.443336487,0
			35.869445801,-121.443611145,0
			35.8697204590002,-121.443885803,0
			35.8697204590002,-121.444168091,0
			35.869445801,-121.444442749,0
			35.8691673280002,-121.444725037,0
			35.8691673280002,-121.444999695,0
			35.8691673280002,-121.445274353,0
			35.869445801,-121.445274353,0
			35.8697204590002,-121.445556641,0
			35.869998932,-121.445556641,0
			35.8702774050001,-121.445831299,0
			35.8705558780001,-121.446113587,0
			35.8705558780001,-121.446388245,0
			35.8705558780001,-121.446662903,0
			35.8708343510002,-121.446662903,0
			35.8711128240002,-121.446945191,0
			35.871387482,-121.447219849,0
			35.871665955,-121.447502135,0
			35.8719444280001,-121.447219849,0
			35.8722114560002,-121.447227477,0
			35.8725013740001,-121.447219849,0
			35.8727760320002,-121.447502135,0
			35.873054505,-121.447502135,0
			35.8733329780001,-121.447776795,0
			35.8736114510001,-121.448059081,0
			35.8738899240001,-121.448059081,0
			35.8741683970002,-121.448059081,0
			35.8744430550001,-121.447776795,0
			35.8747215280002,-121.448059081,0
			35.875000001,-121.448059081,0
			35.875278472,-121.448059081,0
			35.8755569450001,-121.448333741,0
			35.8758316050001,-121.448608399,0
			35.8761100760001,-121.448890685,0
			35.8763885490002,-121.449165345,0
			35.8763885490002,-121.449447631,0
			35.8763885490002,-121.449722289,0
			35.876667022,-121.449996949,0
			35.876667022,-121.450279235,0
			35.876667022,-121.450553893,0
			35.8769454950001,-121.450836181,0
			35.8772239680001,-121.451110839,0
			35.8774986260001,-121.451385497,0
			35.8777770990001,-121.451667785,0
			35.8780555720002,-121.451942443,0
			35.878334045,-121.452224731,0
			35.8786125180001,-121.451942443,0
			35.878887176,-121.451667785,0
			35.8794784540002,-121.452186584,0
			35.8798217770002,-121.452796936,0
			35.8800086980001,-121.453453064,0
			35.8803062450002,-121.454139709,0
			35.8806648270001,-121.454811095,0
			35.88104248,-121.455459595,0
			35.8813896180002,-121.456123352,0
			35.8817291270001,-121.45677185,0
			35.8820838930001,-121.457412719,0
			35.8824081430001,-121.458076478,0
			35.8826942440001,-121.458755492,0
			35.8830642700001,-121.459327697,0
			35.8835105900001,-121.459785461,0
			35.8839797970002,-121.460166931,0
			35.8841667180001,-121.460556029,0
			35.8844451910001,-121.460830689,0
			35.8844451910001,-121.461112975,0
			35.8847236640001,-121.461387633,0
			35.8849983220001,-121.461669921,0
			35.8849983220001,-121.461944579,0
			35.8849983220001,-121.462219237,0
			35.8847732540002,-121.46244812,0
			35.8847198490001,-121.462501525,0
			35.8844451910001,-121.462776183,0
			35.8841667180001,-121.463058471,0
			35.8841667180001,-121.463333129,0
			35.8844451910001,-121.463607787,0
			35.8847236640001,-121.463890075,0
			35.8849983220001,-121.463890075,0
			35.885276795,-121.463890075,0
			35.885555268,-121.463607787,0
			35.8858337410001,-121.463333129,0
			35.8858337410001,-121.463058471,0
			35.8859634400001,-121.462928773,0
			35.8861122120001,-121.462776183,0
			35.8863906850002,-121.462776183,0
			35.8866653450002,-121.462776183,0
			35.8869438180002,-121.462776183,0
			35.8872222890002,-121.462776183,0
			35.8875007620001,-121.463058471,0
			35.8877792350001,-121.463333129,0
			35.8877830500002,-121.463600159,0
			35.8880538930001,-121.463890075,0
			35.8877792350001,-121.464164733,0
			35.8880538930001,-121.464447022,0
			35.8880538930001,-121.464721679,0
			35.8880538930001,-121.464996337,0
			35.8877792350001,-121.465278625,0
			35.8877792350001,-121.465553283,0
			35.8875007620001,-121.465835572,0
			35.8875007620001,-121.466110229,0
			35.8877792350001,-121.466392518,0
			35.8880538930001,-121.466667175,0
			35.8883323660002,-121.466392518,0
			35.8886108390002,-121.466110229,0
			35.888889312,-121.465835572,0
			35.889167785,-121.465553283,0
			35.889167785,-121.465278625,0
			35.8894462580001,-121.464996337,0
			35.8894462580001,-121.464721679,0
			35.8894462580001,-121.464447022,0
			35.8897209160001,-121.464164733,0
			35.8899993890001,-121.463890075,0
			35.8899993890001,-121.463607787,0
			35.8902778620002,-121.463333129,0
			35.890556335,-121.463058471,0
			35.8908348080001,-121.462776183,0
			35.891109466,-121.462501525,0
			35.8913879390001,-121.462219237,0
			35.8916664120001,-121.462501525,0
			35.8919448850002,-121.462776183,0
			35.892223358,-121.463058471,0
			35.892223358,-121.463333129,0
			35.8925018310001,-121.463607787,0
			35.8927993780001,-121.463668823,0
			35.893039704,-121.463569641,0
			35.8931274410001,-121.463539124,0
			35.8933334350001,-121.463333129,0
			35.8936119080001,-121.463058471,0
			35.8936119080001,-121.462776183,0
			35.8936119080001,-121.462501525,0
			35.8938903810002,-121.462219237,0
			35.894165039,-121.461944579,0
			35.8944435120001,-121.461669921,0
			35.8947219850001,-121.461669921,0
			35.8950004580001,-121.461944579,0
			35.8952789320001,-121.462219237,0
			35.8952789320001,-121.462501525,0
			35.8955574050001,-121.462501525,0
			35.8958320620002,-121.462501525,0
			35.896110535,-121.462501525,0
			35.8963890080001,-121.462219237,0
			35.896667482,-121.462219237,0
			35.896945955,-121.462219237,0
			35.8972206120001,-121.462501525,0
			35.8972206120001,-121.462776183,0
			35.8974990850002,-121.462776183,0
			35.8977775590001,-121.462776183,0
			35.8980560300001,-121.462776183,0
			35.898334503,-121.463058471,0
			35.898612976,-121.463333129,0
			35.898612976,-121.463607787,0
			35.8988876340001,-121.463890075,0
			35.8991661070001,-121.464164733,0
			35.8994445800001,-121.464447022,0
			35.8997230530002,-121.464447022,0
			35.900001526,-121.464447022,0
			35.9002761840002,-121.464721679,0
			35.900554657,-121.464996337,0
			35.9008331300001,-121.465278625,0
			35.9011116030001,-121.465278625,0
			35.9013900760002,-121.464996337,0
			35.9016685490002,-121.464721679,0
			35.9019432070002,-121.464447022,0
			35.90222168,-121.464164733,0
			35.9025001530001,-121.464164733,0
			35.9027786260001,-121.464164733,0
			35.9030570990001,-121.464164733,0
			35.9033317570002,-121.464164733,0
			35.90361023,-121.463890075,0
			35.903888703,-121.463890075,0
			35.904167176,-121.463890075,0
			35.9044456490001,-121.463607787,0
			35.9047241220001,-121.463890075,0
			35.9049987800001,-121.464164733,0
			35.9052772530002,-121.464447022,0
			35.905555726,-121.464721679,0
			35.9058341990001,-121.464996337,0
			35.9061126720001,-121.465278625,0
			35.9063873300001,-121.465553283,0
			35.9066658030001,-121.465835572,0
			35.9069442760002,-121.466110229,0
			35.907222749,-121.466110229,0
			35.9075012220001,-121.466392518,0
			35.90777588,-121.466392518,0
			35.9080543530001,-121.466667175,0
			35.9083328260001,-121.466667175,0
			35.9086112990001,-121.466941833,0
			35.9088897720002,-121.467224122,0
			35.9091682430001,-121.467224122,0
			35.9091682430001,-121.467498779,0
			35.9088897720002,-121.467781068,0
			35.9091682430001,-121.468055726,0
			35.9094429030001,-121.468330383,0
			35.9097213760001,-121.468330383,0
			35.9099998470001,-121.468055726,0
			35.9102783200001,-121.468330383,0
			35.9105567930002,-121.468330383,0
			35.9102783200001,-121.468612672,0
			35.9105567930002,-121.468887329,0
			35.9105567930002,-121.469169618,0
			35.910831451,-121.469444276,0
			35.910831451,-121.469718933,0
			35.910831451,-121.470001222,0
			35.910831451,-121.470275879,0
			35.910831451,-121.470558166,0
			35.910831451,-121.470832826,0
			35.911109924,-121.471107483,0
			35.911109924,-121.47138977,0
			35.911109924,-121.471473693,0
			35.911109924,-121.47166443,0
			35.911109924,-121.471946716,0
			35.9113883970001,-121.472221374,0
			35.9116668700001,-121.472221374,0
			35.9119453430001,-121.472221374,0
			35.9122161880001,-121.472175599,0
			35.9124984740002,-121.471946716,0
			35.9127769470001,-121.471946716,0
			35.9130554200001,-121.472221374,0
			35.9133338930001,-121.472221374,0
			35.9136123660002,-121.472221374,0
			35.9138870240001,-121.472503662,0
			35.9141654970002,-121.47277832,0
			35.91444397,-121.473052978,0
			35.9147224430001,-121.473335266,0
			35.9150009160001,-121.473609924,0
			35.9152793890001,-121.473609924,0
			35.9155540470001,-121.473335266,0
			35.9158325200002,-121.473335266,0
			35.9161109930002,-121.473052978,0
			35.9163894660001,-121.473335266,0
			35.9166679390001,-121.473609924,0
			35.9169425970001,-121.473892212,0
			35.9172210700002,-121.47416687,0
			35.9174995430002,-121.47416687,0
			35.917778016,-121.47416687,0
			35.918056489,-121.47416687,0
			35.9183349620001,-121.473892212,0
			35.9186096200001,-121.473892212,0
			35.9188880930001,-121.47416687,0
			35.9191665660002,-121.474441528,0
			35.9191665660002,-121.474723816,0
			35.919445039,-121.474723816,0
			35.9197235120001,-121.474723816,0
			35.91999817,-121.474723816,0
			35.9202766430001,-121.474723816,0
			35.9205551160001,-121.474441528,0
			35.9208183290002,-121.474708557,0
			35.92111206,-121.474998474,0
			35.9213905330001,-121.474998474,0
			35.921665193,-121.474998474,0
			35.9219436640001,-121.474723816,0
			35.9222221370001,-121.474723816,0
			35.9225006100002,-121.474441528,0
			35.9227790830002,-121.47416687,0
			35.9230537410002,-121.473892212,0
			35.9230537410002,-121.473609924,0
			35.9230537410002,-121.473335266,0
			35.9227790830002,-121.473052978,0
			35.9227790830002,-121.47277832,0
			35.9227790830002,-121.472503662,0
			35.9225158700002,-121.472236634,0
			35.9222221370001,-121.471946716,0
			35.9219436640001,-121.47166443,0
			35.921665193,-121.47138977,0
			35.9213905330001,-121.471107483,0
			35.9213905330001,-121.470832826,0
			35.9213905330001,-121.470558166,0
			35.9213905330001,-121.470275879,0
			35.921665193,-121.470001222,0
			35.921665193,-121.469718933,0
			35.9219436640001,-121.469444276,0
			35.9222221370001,-121.469169618,0
			35.9225006100002,-121.468887329,0
			35.9225006100002,-121.468612672,0
			35.9225006100002,-121.468330383,0
			35.922912599,-121.468215943,0
			35.9234352110001,-121.468063354,0
			35.923980714,-121.467971802,0
			35.924556733,-121.468032837,0
			35.9251480110001,-121.468132019,0
			35.9257392890001,-121.468276978,0
			35.926353455,-121.468406677,0
			35.9268989560001,-121.468673707,0
			35.9273109430002,-121.469100952,0
			35.9277076710001,-121.469558716,0
			35.9280738830001,-121.470054627,0
			35.9284362800001,-121.470558166,0
			35.928768158,-121.471084595,0
			35.928993226,-121.471672058,0
			35.9291038520001,-121.472282409,0
			35.9293556210001,-121.472877502,0
			35.9297218330001,-121.473335266,0
			35.9294433600001,-121.473609924,0
			35.9294433600001,-121.473892212,0
			35.9294586180001,-121.474182128,0
			35.9297218330001,-121.474441528,0
			35.9296874990002,-121.474769593,0
			35.9300003060002,-121.474998474,0
			35.9300003060002,-121.475280762,0
			35.9300003060002,-121.47555542,0
			35.930015564,-121.475845338,0
			35.930278779,-121.476112366,0
			35.9305572520001,-121.476387024,0
			35.9308319100001,-121.476669312,0
			35.9311103830001,-121.476669312,0
			35.9313888560002,-121.476669312,0
			35.931667329,-121.476669312,0
			35.9319458000001,-121.476669312,0
			35.9322204600001,-121.476387024,0
			35.9324989330001,-121.476112366,0
			35.9327774040001,-121.475830078,0
			35.9327774040001,-121.47555542,0
			35.9330558770001,-121.475280762,0
			35.93333435,-121.474998474,0
			35.93333435,-121.474723816,0
			35.933933258,-121.474685669,0
			35.9343032830001,-121.474845886,0
			35.9344444270001,-121.474998474,0
			35.9344444270001,-121.475280762,0
			35.9344444270001,-121.47555542,0
			35.9344444270001,-121.475830078,0
			35.9347229000002,-121.476112366,0
			35.9347229000002,-121.476387024,0
			35.935001373,-121.476669312,0
			35.935001373,-121.47694397,0
			35.9352760310002,-121.477218628,0
			35.935554504,-121.477218628,0
			35.9358329770001,-121.47694397,0
			35.9358329770001,-121.476669312,0
			35.9358329770001,-121.476387024,0
			35.9358329770001,-121.476112366,0
			35.9361114500001,-121.475830078,0
			35.9361114500001,-121.47555542,0
			35.9363899230001,-121.475280762,0
			35.9366683960002,-121.47555542,0
			35.9369430540002,-121.475830078,0
			35.9369430540002,-121.476112366,0
			35.9372215270002,-121.476387024,0
			35.9375000000001,-121.476669312,0
			35.9377784730001,-121.47694397,0
			35.9380569460001,-121.47694397,0
			35.9383430470001,-121.477218628,0
			35.9386100770002,-121.477218628,0
			35.93888855,-121.47694397,0
			35.939167023,-121.476669312,0
			35.9394454960001,-121.476387024,0
			35.9394454960001,-121.476112366,0
			35.9397239690001,-121.475830078,0
			35.9400253310002,-121.476112366,0
			35.940425872,-121.476516724,0
			35.9407730110001,-121.476959228,0
			35.941104889,-121.477416992,0
			35.9414367670001,-121.477867126,0
			35.941802979,-121.478256226,0
			35.9422225960002,-121.478614808,0
			35.9425010690001,-121.478889466,0
			35.9427795400001,-121.479164124,0
			35.9430542000001,-121.479446412,0
			35.9433326730001,-121.47972107,0
			35.9436111460001,-121.480003358,0
			35.943889617,-121.480278016,0
			35.9441680900001,-121.480552674,0
			35.9444427500001,-121.480278016,0
			35.9444427500001,-121.480003358,0
			35.9447212210001,-121.47972107,0
			35.9449996940001,-121.479446412,0
			35.9452781670001,-121.479446412,0
			35.9455566400002,-121.479446412,0
			35.945835113,-121.479446412,0
			35.946109771,-121.47972107,0
			35.946388244,-121.480003358,0
			35.946109771,-121.480278016,0
			35.945835113,-121.480552674,0
			35.945835113,-121.480834962,0
			35.945835113,-121.48110962,0
			35.946109771,-121.48110962,0
			35.946418763,-121.481422424,0
			35.9464950570001,-121.481498718,0
			35.9466667170001,-121.481666566,0
			35.9469375620001,-121.481620789,0
			35.947223663,-121.481391906,0
			35.947223663,-121.48110962,0
			35.9474983210002,-121.480834962,0
			35.9474983210002,-121.480552674,0
			35.947776794,-121.480278016,0
			35.9480552670001,-121.480003358,0
			35.9483337400001,-121.480278016,0
			35.9486122130002,-121.480552674,0
			35.948890686,-121.480834962,0
			35.948890686,-121.48110962,0
			35.948890686,-121.481391906,0
			35.948890686,-121.481666566,0
			35.948890686,-121.481941224,0
			35.948890686,-121.48222351,0
			35.9491615290001,-121.48249054,0
			35.949443817,-121.48222351,0
			35.9500999450001,-121.482246398,0
			35.9507904050001,-121.482215882,0
			35.9515151970002,-121.482414246,0
			35.9522895810001,-121.482543945,0
			35.9530143740001,-121.482788086,0
			35.9536094670001,-121.482780456,0
			35.9536094670001,-121.483055116,0
			35.9538879400001,-121.483329774,0
			35.9541664130002,-121.48361206,0
			35.954444886,-121.48361206,0
			35.954723357,-121.483329774,0
			35.9550018300001,-121.483329774,0
			35.9552764900001,-121.483055116,0
			35.9555549610001,-121.483055116,0
			35.9558334340002,-121.483055116,0
			35.956111907,-121.483329774,0
			35.9563903800001,-121.48361206,0
			35.956665038,-121.48361206,0
			35.9569435110001,-121.48388672,0
			35.9572219840001,-121.48388672,0
			35.9575004570002,-121.48361206,0
			35.9577789300002,-121.48361206,0
			35.9580574040002,-121.48361206,0
			35.9583320610002,-121.48388672,0
			35.9586105340001,-121.484169006,0
			35.9588890070001,-121.484443664,0
			35.9591674800001,-121.484443664,0
			35.9594459540001,-121.484169006,0
			35.9597206110002,-121.484169006,0
			35.959999084,-121.484443664,0
			35.960277557,-121.484725952,0
			35.9605560310002,-121.484725952,0
			35.960834504,-121.48500061,0
			35.9611129770001,-121.48500061,0
			35.9613876340002,-121.48500061,0
			35.961666107,-121.48500061,0
			35.9619445810001,-121.48500061,0
			35.962223054,-121.48500061,0
			35.962501527,-121.484725952,0
			35.9627761840001,-121.48500061,0
			35.9630546580001,-121.48500061,0
			35.9633331310001,-121.48500061,0
			35.9636116040002,-121.485275268,0
			35.963890077,-121.485275268,0
			35.9641685500001,-121.485275268,0
			35.964443208,-121.485275268,0
			35.9647216810001,-121.48500061,0
			35.9650001540001,-121.48500061,0
			35.9652786270001,-121.48500061,0
			35.9655571000002,-121.485275268,0
			35.9658317580001,-121.485275268,0
			35.9661102310002,-121.485557556,0
			35.9663887040001,-121.485557556,0
			35.9666671750001,-121.485832214,0
			35.9669456480001,-121.486114502,0
			35.9672241210002,-121.486114502,0
			35.9674987790002,-121.485832214,0
			35.9677772520002,-121.486114502,0
			35.9680557250001,-121.48638916,0
			35.9683341980001,-121.48638916,0
			35.9686126710001,-121.486663818,0
			35.9688873290001,-121.48638916,0
			35.9691658020001,-121.48638916,0
			35.9691658020001,-121.486663818,0
			35.969444275,-121.486946106,0
			35.9702758790001,-121.48777771,0
			35.9705543520001,-121.487503052,0
			35.9708328250002,-121.487220764,0
			35.971111298,-121.487220764,0
			35.9713897710001,-121.487503052,0
			35.9716682440001,-121.48777771,0
			35.9719429020001,-121.488052368,0
			35.9719429020001,-121.488334656,0
			35.9722213750001,-121.488609314,0
			35.9724998480002,-121.488609314,0
			35.9727783210002,-121.488891602,0
			35.9730567940001,-121.488891602,0
			35.973331452,-121.488891602,0
			35.9736099250001,-121.48916626,0
			35.973911286,-121.489425659,0
			35.9744033820001,-121.489120483,0
			35.974723817,-121.489440918,0
			35.974998475,-121.489364624,0
			35.9751815810001,-121.489456176,0
			35.9755554210001,-121.489555358,0
			35.9758338940001,-121.48928833,0
			35.976306916,-121.489555358,0
			35.9763870250002,-121.489639282,0
			35.976570129,-121.489639282,0
			35.9769439710001,-121.489723206,0
			35.9772224440001,-121.489723206,0
			35.9775009150001,-121.489723206,0
			35.9777793880002,-121.489723206,0
			35.9780540480002,-121.489997864,0
			35.978332521,-121.490280152,0
			35.9786109920001,-121.489997864,0
			35.9788894650001,-121.490280152,0
			35.9791679380002,-121.49055481,0
			35.9794425960001,-121.490837098,0
			35.9797210690002,-121.490837098,0
			35.979999542,-121.490837098,0
			35.9802780150001,-121.490837098,0
			35.9805564880001,-121.490837098,0
			35.9808349610001,-121.490837098,0
			35.9811096190001,-121.490837098,0
			35.9813880920001,-121.491111756,0
			35.9816665650002,-121.491111756,0
			35.9818458560002,-121.491737365,0
			35.9823112500002,-121.492095947,0
			35.9827766420001,-121.492225648,0
			35.9830551150001,-121.492500306,0
			35.983333588,-121.492500306,0
			35.983612061,-121.492500306,0
			35.9838905340001,-121.492774964,0
			35.9841651920001,-121.492774964,0
			35.9844436650001,-121.493057252,0
			35.9847221380002,-121.49333191,0
			35.985000611,-121.49333191,0
			35.9852790840001,-121.49333191,0
			35.985553742,-121.493614196,0
			35.9858322150001,-121.493888856,0
			35.9861106880001,-121.494163514,0
			35.9865722650002,-121.494499207,0
			35.9869079600002,-121.494934082,0
			35.987197876,-121.495361328,0
			35.9874458310002,-121.495780945,0
			35.9877052300001,-121.496131896,0
			35.9880905160001,-121.496322633,0
			35.9886093150002,-121.496391296,0
			35.988887788,-121.496665954,0
			35.989166261,-121.496948242,0
			35.9894447320001,-121.496948242,0
			35.9897232050001,-121.4972229,0
			35.9900016780002,-121.497497558,0
			35.9902763360001,-121.497497558,0
			35.990554809,-121.497497558,0
			35.990833282,-121.497497558,0
			35.9911117550001,-121.497779846,0
			35.9913902280001,-121.497779846,0
			35.9922904970001,-121.498863219,0
			35.9930572510002,-121.498954773,0
			35.9933319090001,-121.499053956,0
			35.9933204660002,-121.499153138,0
			35.993709564,-121.49925232,0
			35.9937934880001,-121.499343872,0
			35.9941673280001,-121.499443054,0
			35.9944458010001,-121.499725342,0
			35.9947204590001,-121.5,0
			35.9949989320001,-121.500274658,0
			35.9952774050001,-121.500556946,0
			35.9953613290002,-121.500457764,0
			35.995834351,-121.500724792,0
			35.996013642,-121.500724792,0
			35.996192933,-121.50062561,0
			35.9965705880001,-121.500724792,0
			35.9966316230001,-121.500762939,0
			35.9970283520001,-121.500999452,0
			35.997207643,-121.50127411,0
			35.9983177180001,-121.50202942,0
			35.9985008240001,-121.502304078,0
			35.9988746640001,-121.502586364,0
			35.9989585880002,-121.502861024,0
			35.9992485060002,-121.503135682,0
			35.999347686,-121.503234864,0
			35.999526977,-121.503318786,0
			36.0000000010001,-121.5027771,0
			36.000305176,-121.503349304,0
			36.0006065370002,-121.503837585,0
			36.0009613040002,-121.504310607,0
			36.0012779240001,-121.504821778,0
			36.001552582,-121.505386352,0
			36.0018844600002,-121.50592041,0
			36.0022773750001,-121.506378174,0
			36.0026779170001,-121.506805419,0
			36.0030364990002,-121.507255555,0
			36.003360749,-121.507743835,0
			36.0036773690001,-121.508232116,0
			36.0040016190001,-121.508720398,0
			36.004314423,-121.509223937,0
			36.004722595,-121.50944519,0
			36.004722595,-121.509719848,0
			36.004722595,-121.510002136,0
			36.004722595,-121.510276794,0
			36.0047492990001,-121.510536194,0
			36.004722595,-121.51083374,0
			36.0050010680001,-121.511108398,0
			36.0052795410001,-121.511108398,0
			36.0055541990001,-121.511108398,0
			36.0058326720002,-121.511390686,0
			36.006111145,-121.511665344,0
			36.0063896180001,-121.511947632,0
			36.0066680910001,-121.51222229,0
			36.0066680910001,-121.512496948,0
			36.0066680910001,-121.512779236,0
			36.0066680910001,-121.513053894,0
			36.0066680910001,-121.513336182,0
			36.0066680910001,-121.51361084,0
			36.0066680910001,-121.513885498,0
			36.0066680910001,-121.514167786,0
			36.0069427490001,-121.514442444,0
			36.0069427490001,-121.514724732,0
			36.0069427490001,-121.51499939,0
			36.0069427490001,-121.515274048,0
			36.0069427490001,-121.515556336,0
			36.0066680910001,-121.515830994,0
			36.0069427490001,-121.51611328,0
			36.0072212220001,-121.51638794,0
			36.0074996950001,-121.516670226,0
			36.0074996950001,-121.516944884,0
			36.0074996950001,-121.517219544,0
			36.0074996950001,-121.51750183,0
			36.0074996950001,-121.51777649,0
			36.0072212220001,-121.518058776,0
			36.0072212220001,-121.518333434,0
			36.0072212220001,-121.518608094,0
			36.0069427490001,-121.51889038,0
			36.0069427490001,-121.519165038,0
			36.0068855290002,-121.519454957,0
			36.0070991520001,-121.51990509,0
			36.0074157710001,-121.520317077,0
			36.0077590950001,-121.520576477,0
			36.008102416,-121.520812988,0
			36.008476258,-121.520996094,0
			36.0087471010002,-121.521278382,0
			36.0088577270001,-121.521697999,0
			36.00883484,-121.522232057,0
			36.0088882450001,-121.522499084,0
			36.0088882450001,-121.522781372,0
			36.0088882450001,-121.52305603,0
			36.0088882450001,-121.523330688,0
			36.0086479190001,-121.52357483,0
			36.0086097720001,-121.523887634,0
			36.0086097720001,-121.524169922,0
			36.0088882450001,-121.52444458,0
			36.0091667180001,-121.524719238,0
			36.0094451910002,-121.525001526,0
			36.009723664,-121.525276184,0
			36.009723664,-121.525558472,0
			36.009998322,-121.52583313,0
			36.010276795,-121.526107788,0
			36.0105552680001,-121.526390076,0
			36.010715486,-121.526390076,0
			36.0108337410001,-121.526390076,0
			36.011112214,-121.526107788,0
			36.011390685,-121.526390076,0
			36.011665345,-121.526664734,0
			36.0119438180001,-121.526947022,0
			36.0119438180001,-121.52722168,0
			36.0122222890001,-121.527496338,0
			36.0122222890001,-121.527778626,0
			36.0125007620001,-121.528053284,0
			36.0125007620001,-121.52833557,0
			36.0127792350002,-121.52861023,0
			36.0127792350002,-121.528892517,0
			36.0127792350002,-121.529167174,0
			36.0130538930002,-121.529441834,0
			36.0130538930002,-121.529724121,0
			36.0130538930002,-121.529998778,0
			36.013332366,-121.530281067,0
			36.013332366,-121.530555724,0
			36.0136108390001,-121.530830382,0
			36.0138893120001,-121.531112671,0
			36.0138893120001,-121.531387328,0
			36.0138893120001,-121.531669617,0
			36.0141677850002,-121.531944274,0
			36.0141677850002,-121.532218932,0
			36.0144462580002,-121.532501221,0
			36.0144462580002,-121.532775878,0
			36.0144042960001,-121.533088683,0
			36.0147209160002,-121.533332825,0
			36.014770508,-121.533569336,0
			36.0147209160002,-121.533889771,0
			36.0144462580002,-121.534164428,0
			36.0141677850002,-121.534446717,0
			36.0141677850002,-121.534721375,0
			36.0141677850002,-121.535003663,0
			36.0144462580002,-121.535278321,0
			36.0144462580002,-121.535552978,0
			36.0144462580002,-121.535835267,0
			36.0144462580002,-121.536109925,0
			36.0144462580002,-121.536392213,0
			36.0144462580002,-121.536666871,0
			36.0141677850002,-121.536941529,0
			36.0141677850002,-121.537223817,0
			36.0141677850002,-121.537498475,0
			36.0141677850002,-121.537780763,0
			36.0144462580002,-121.538055421,0
			36.0147209160002,-121.538330079,0
			36.0147209160002,-121.538612367,0
			36.014999389,-121.538887025,0
			36.014999389,-121.539169311,0
			36.014999389,-121.539443971,0
			36.0150871280001,-121.540351868,0
			36.0152854920001,-121.540763855,0
			36.0154762270002,-121.541168214,0
			36.0154647830001,-121.541503907,0
			36.0159492490001,-121.542167663,0
			36.0164146430001,-121.542854308,0
			36.0164146430001,-121.543205262,0
			36.016738891,-121.543449401,0
			36.0167121890001,-121.544090271,0
			36.0169067390001,-121.544692994,0
			36.0170288090001,-121.545341492,0
			36.0171661380002,-121.546005248,0
			36.0173225410001,-121.5466156,0
			36.0175018310001,-121.547225953,0
			36.0172233580001,-121.547500611,0
			36.0172233580001,-121.547775269,0
			36.0175018310001,-121.548057557,0
			36.0177764890001,-121.548332215,0
			36.0180549620001,-121.548614503,0
			36.018333435,-121.548889161,0
			36.018333435,-121.549163819,0
			36.018333435,-121.549446107,0
			36.018333435,-121.549720765,0
			36.018333435,-121.550003051,0
			36.018333435,-121.550277711,0
			36.018333435,-121.550552369,0
			36.018611908,-121.550834655,0
			36.018611908,-121.551109315,0
			36.018611908,-121.551391601,0
			36.0188903810001,-121.551666259,0
			36.0188903810001,-121.551940919,0
			36.0191230770001,-121.552230835,0
			36.0191650390001,-121.552497865,0
			36.0191650390001,-121.552780151,0
			36.0188903810001,-121.553054809,0
			36.0191650390001,-121.553337097,0
			36.0194435120001,-121.553611755,0
			36.0194435120001,-121.553886413,0
			36.0194435120001,-121.554168701,0
			36.0194435120001,-121.554443359,0
			36.0194435120001,-121.554725647,0
			36.019390107,-121.555015563,0
			36.0194435120001,-121.555274963,0
			36.0195007330001,-121.555541993,0
			36.0194435120001,-121.555831909,0
			36.0194435120001,-121.556114197,0
			36.0194435120001,-121.556388855,0
			36.0194435120001,-121.556663513,0
			36.0194435120001,-121.556945801,0
			36.0194435120001,-121.557220459,0
			36.0194435120001,-121.557502747,0
			36.0197219850002,-121.557777405,0
			36.0197219850002,-121.558052063,0
			36.0197219850002,-121.558334351,0
			36.0197219850002,-121.558609009,0
			36.0197219850002,-121.558891297,0
			36.0197219850002,-121.559165955,0
			36.0197219850002,-121.559448243,0
			36.0197219850002,-121.559722901,0
			36.0197219850002,-121.559997559,0
			36.0197219850002,-121.560279847,0
			36.0197219850002,-121.560554505,0
			36.0197219850002,-121.560836791,0
			36.0197219850002,-121.561111451,0
			36.0197219850002,-121.561386109,0
			36.0197219850002,-121.561668397,0
			36.020000458,-121.561943055,0
			36.020000458,-121.562225341,0
			36.020000458,-121.562500001,0
			36.0197219850002,-121.562774659,0
			36.0197219850002,-121.563056945,0
			36.0197219850002,-121.563331605,0
			36.0197219850002,-121.563613891,0
			36.0197219850002,-121.563888549,0
			36.0197219850002,-121.564163209,0
			36.0197219850002,-121.564445495,0
			36.0195999150002,-121.565040588,0
			36.0194435120001,-121.565551757,0
			36.0194435120001,-121.565834045,0
			36.0194435120001,-121.566108703,0
			36.0191650390001,-121.566390991,0
			36.0191650390001,-121.566665649,0
			36.0191650390001,-121.566947937,0
			36.0188903810001,-121.567222595,0
			36.0188903810001,-121.567497253,0
			36.0191650390001,-121.567779541,0
			36.0194435120001,-121.568054199,0
			36.0197219850002,-121.568336487,0
			36.020000458,-121.568336487,0
			36.0202789310001,-121.568611145,0
			36.0205497740001,-121.568885803,0
			36.0208320620001,-121.569168091,0
			36.0208320620001,-121.569442749,0
			36.0208320620001,-121.569725037,0
			36.0208320620001,-121.569999695,0
			36.0208320620001,-121.570274353,0
			36.0211296090001,-121.570663451,0
			36.0214080820001,-121.571144104,0
			36.0216827400001,-121.571624756,0
			36.021968841,-121.572097778,0
			36.022270202,-121.572555542,0
			36.0225753790002,-121.573013306,0
			36.0229148870002,-121.573448182,0
			36.0233192440002,-121.573829652,0
			36.0238113400002,-121.574127196,0
			36.0242576600002,-121.57447052,0
			36.0247001660002,-121.574806213,0
			36.02514267,-121.575141906,0
			36.0256919850001,-121.575393678,0
			36.0262680050001,-121.575691224,0
			36.0269393910001,-121.575828553,0
			36.0275650030002,-121.576011657,0
			36.0280532830001,-121.576362611,0
			36.0285301210001,-121.576705932,0
			36.0289878850001,-121.577056886,0
			36.0292243960001,-121.57724762,0
			36.0294342030001,-121.577423096,0
			36.029964448,-121.577697753,0
			36.0305023200001,-121.577949525,0
			36.031066895,-121.578071594,0
			36.03117752,-121.578079224,0
			36.0316276560001,-121.578117371,0
			36.0321273820001,-121.578292846,0
			36.0325355530001,-121.578613281,0
			36.0327262880001,-121.57874298,0
			36.0329742440002,-121.578918458,0
			36.033409119,-121.579223632,0
			36.033878326,-121.579483032,0
			36.034366607,-121.579719543,0
			36.0348091130001,-121.580009461,0
			36.0352058410002,-121.580368041,0
			36.0355606080001,-121.58076477,0
			36.0359001160002,-121.581169129,0
			36.036247255,-121.58152771,0
			36.0365676880002,-121.581863404,0
			36.036846161,-121.582244874,0
			36.0371589650001,-121.582611084,0
			36.037784577,-121.582817078,0
			36.0384216320001,-121.583038331,0
			36.039058686,-121.583236695,0
			36.0396766660002,-121.583404541,0
			36.0403213510001,-121.583396911,0
			36.0407714840002,-121.583625794,0
			36.0411415090001,-121.583946229,0
			36.0413932810002,-121.584365846,0
			36.0416069030001,-121.584808349,0
			36.041755676,-121.58531189,0
			36.0420875560002,-121.585716247,0
			36.0425987250001,-121.585960388,0
			36.043289185,-121.585975646,0
			36.0438842780001,-121.586174011,0
			36.0440444950002,-121.586280823,0
			36.0443954470001,-121.586517334,0
			36.0448570260002,-121.586944579,0
			36.0452919010002,-121.587387085,0
			36.0457115180001,-121.58782959,0
			36.0460662850001,-121.588302613,0
			36.046253204,-121.588691711,0
			36.0463218690001,-121.58883667,0
			36.0464515680001,-121.589012146,0
			36.0466003420001,-121.589347839,0
			36.046756745,-121.58995819,0
			36.0472221370002,-121.590553283,0
			36.04750061,-121.590835571,0
			36.047821045,-121.590805053,0
			36.048053741,-121.591110229,0
			36.0482902520002,-121.591423034,0
			36.0486106870001,-121.591667175,0
			36.0488891600002,-121.591667175,0
			36.049167633,-121.591941833,0
			36.0494461060001,-121.591941833,0
			36.0497207640001,-121.592224121,0
			36.0499992370001,-121.592498779,0
			36.0502777100002,-121.592498779,0
			36.050556183,-121.592498779,0
			36.050834656,-121.592224121,0
			36.050834656,-121.591941833,0
			36.051109314,-121.591667175,0
			36.0513877870001,-121.591392517,0
			36.0516662600001,-121.591110229,0
			36.0519447330001,-121.591110229,0
			36.0522232060002,-121.590835571,0
			36.0525398260001,-121.59059143,0
			36.0527763370002,-121.59059143,0
			36.05305481,-121.590583802,0
			36.0533332830001,-121.590553283,0
			36.0534477230001,-121.590576172,0
			36.053604126,-121.59059906,0
			36.0538902290002,-121.590835571,0
			36.0541648870001,-121.591110229,0
			36.0541648870001,-121.591392517,0
			36.0541648870001,-121.591667175,0
			36.05444336,-121.591941833,0
			36.054721833,-121.592224121,0
			36.054721833,-121.592498779,0
			36.0550003060001,-121.592781067,0
			36.0552787790001,-121.592781067,0
			36.0555572520001,-121.593055725,0
			36.0558319100002,-121.593055725,0
			36.056110383,-121.593055725,0
			36.0563888560001,-121.593055725,0
			36.0566673290001,-121.593055725,0
			36.0569458000001,-121.593055725,0
			36.0572204600001,-121.593055725,0
			36.0574989330001,-121.593055725,0
			36.0576629640001,-121.592895508,0
			36.0577774060002,-121.592781067,0
			36.058055877,-121.592781067,0
			36.0583343500001,-121.592781067,0
			36.0586128230001,-121.592781067,0
			36.0588874810001,-121.593055725,0
			36.0591659540002,-121.593330383,0
			36.0594444270002,-121.59362793,0
			36.0597229000001,-121.593330383,0
			36.0600013730001,-121.593330383,0
			36.0602760310001,-121.593055725,0
			36.0605545040001,-121.592781067,0
			36.0608329770001,-121.592498779,0
			36.0611114500002,-121.592498779,0
			36.061389923,-121.592498779,0
			36.0616683960001,-121.592498779,0
			36.061943054,-121.592498779,0
			36.0622215270001,-121.592498779,0
			36.0625000000001,-121.592498779,0
			36.0627784730002,-121.592498779,0
			36.0630569460002,-121.592781067,0
			36.063331604,-121.592781067,0
			36.063835145,-121.592964171,0
			36.0644035340001,-121.593124389,0
			36.0649261480002,-121.593345642,0
			36.065338135,-121.593666077,0
			36.06558609,-121.594184876,0
			36.0657958990001,-121.59476471,0
			36.0659370430002,-121.595367431,0
			36.0660934460001,-121.595939636,0
			36.066295623,-121.596481323,0
			36.0667915340001,-121.596954346,0
			36.0671615610001,-121.59752655,0
			36.0674896240001,-121.598098754,0
			36.067802429,-121.598663331,0
			36.068141937,-121.5991745,0
			36.0685195920001,-121.599578856,0
			36.0687866220002,-121.599952699,0
			36.0688743590001,-121.600364685,0
			36.0688896170001,-121.600700379,0
			36.0688781740001,-121.60105896,0
			36.0688285840001,-121.601409912,0
			36.0687141410001,-121.601791382,0
			36.0687026980002,-121.602241516,0
			36.0690917970001,-121.60269165,0
			36.0695724490001,-121.60306549,0
			36.0697212210001,-121.60333252,0
			36.0697212210001,-121.603614808,0
			36.0699996940002,-121.603889466,0
			36.070278167,-121.604164124,0
			36.0702857970001,-121.604293822,0
			36.0702934280001,-121.604446412,0
			36.0699996940002,-121.60472107,0
			36.0699996940002,-121.605003358,0
			36.070278167,-121.605278016,0
			36.0703887950002,-121.605369568,0
			36.0705909740001,-121.605529785,0
			36.0708351130001,-121.60585022,0
			36.0708351130001,-121.60610962,0
			36.0711097710001,-121.606391908,0
			36.0714569100001,-121.606666566,0
			36.071666717,-121.606666566,0
			36.07194519,-121.606941224,0
			36.072223663,-121.606666566,0
			36.0724983210001,-121.606941224,0
			36.0727767940001,-121.607223512,0
			36.0730552670001,-121.607223512,0
			36.0733337400002,-121.60749817,0
			36.0733337400002,-121.607780456,0
			36.073612213,-121.608055116,0
			36.0741310120001,-121.608673095,0
			36.0744438170001,-121.608329774,0
			36.0747222900001,-121.608055116,0
			36.0750007630002,-121.607780456,0
			36.075279236,-121.60749817,0
			36.075553894,-121.607780456,0
			36.075832367,-121.608055116,0
			36.075832367,-121.608329774,0
			36.075832367,-121.60861206,0
			36.0761108400001,-121.60888672,0
			36.0763893130001,-121.609169006,0
			36.0763893130001,-121.609443664,0
			36.0766677860001,-121.609725952,0
			36.0769462590002,-121.61000061,0
			36.0769462590002,-121.610275268,0
			36.077220917,-121.610557556,0
			36.0774993900001,-121.610832214,0
			36.0774993900001,-121.611114502,0
			36.0774993900001,-121.61138916,0
			36.0774993900001,-121.611663818,0
			36.0777778630001,-121.611946106,0
			36.0780563360001,-121.612220764,0
			36.0783348090002,-121.612503052,0
			36.0786094670001,-121.61277771,0
			36.0788879400002,-121.613052368,0
			36.0791664130001,-121.613334656,0
			36.0794448860001,-121.613609314,0
			36.0797233590001,-121.613334656,0
			36.0800018300001,-121.613334656,0
			36.0802764900001,-121.613334656,0
			36.0805549630002,-121.613609314,0
			36.0808334340001,-121.613609314,0
			36.0811119070001,-121.613891602,0
			36.0813903800001,-121.61416626,0
			36.0816650380001,-121.614440918,0
			36.0819435110001,-121.614440918,0
			36.0822219840002,-121.614440918,0
			36.082500457,-121.614440918,0
			36.082500457,-121.614723206,0
			36.0827789300001,-121.614997864,0
			36.0830574030001,-121.614997864,0
			36.0833320610001,-121.614997864,0
			36.0833320610001,-121.615280152,0
			36.0836105340001,-121.61555481,0
			36.0836105340001,-121.615837098,0
			36.0838890070002,-121.616111756,0
			36.0841674800002,-121.616386414,0
			36.0844459530001,-121.616386414,0
			36.0847206110001,-121.616668702,0
			36.0847206110001,-121.61694336,0
			36.0847206110001,-121.617225648,0
			36.0847206110001,-121.617500306,0
			36.0849990840001,-121.617774964,0
			36.0852775570002,-121.618057252,0
			36.0852775570002,-121.61833191,0
			36.0855560300002,-121.618614196,0
			36.085834503,-121.618888856,0
			36.086112976,-121.619163514,0
			36.0863876340001,-121.618888856,0
			36.0866661070001,-121.618888856,0
			36.0869445800001,-121.618888856,0
			36.0872230530002,-121.619163514,0
			36.087501526,-121.619163514,0
			36.0877761840002,-121.6194458,0
			36.088054657,-121.6194458,0
			36.0883331300001,-121.6194458,0
			36.0886116030001,-121.6194458,0
			36.0888900760002,-121.6194458,0
			36.0891685500001,-121.61972046,0
			36.089443207,-121.61972046,0
			36.08972168,-121.61972046,0
			36.0900001530001,-121.61972046,0
			36.0902786260001,-121.61972046,0
			36.0905571000001,-121.61972046,0
			36.0908317570002,-121.620002746,0
			36.09111023,-121.620277404,0
			36.0913887030001,-121.620277404,0
			36.0916671750002,-121.620552064,0
			36.091945648,-121.620277404,0
			36.0922241210001,-121.620002746,0
			36.0924987800001,-121.61972046,0
			36.0924987800001,-121.620002746,0
			36.0927772520001,-121.620277404,0
			36.0930557250001,-121.620552064,0
			36.0930557250001,-121.62083435,0
			36.0933341980002,-121.621109008,0
			36.0936126710002,-121.621391296,0
			36.093887329,-121.621665954,0
			36.094165802,-121.621948242,0
			36.0944442750001,-121.621948242,0
			36.0947227480001,-121.621948242,0
			36.0950012210001,-121.621948242,0
			36.0952758790002,-121.621948242,0
			36.0955543520002,-121.6222229,0
			36.0958328250001,-121.622497558,0
			36.0961112980001,-121.622497558,0
			36.0963897710001,-121.622779846,0
			36.0966682440002,-121.622497558,0
			36.0969429020001,-121.622497558,0
			36.0972213750002,-121.6222229,0
			36.097499848,-121.621948242,0
			36.0977783210001,-121.6222229,0
			36.0980567940001,-121.6222229,0
			36.0983314520001,-121.622497558,0
			36.0986099250001,-121.622779846,0
			36.0988883980002,-121.622779846,0
			36.0991668710002,-121.622497558,0
			36.0994453440001,-121.622497558,0
			36.0997238170001,-121.622779846,0
			36.0999984750001,-121.622779846,0
			36.1002769480002,-121.623054504,0
			36.100555421,-121.623336792,0
			36.100833894,-121.623336792,0
			36.101112367,-121.62361145,0
			36.1013870250001,-121.62361145,0
			36.1016654980001,-121.62361145,0
			36.1019439710001,-121.62361145,0
			36.1022224440002,-121.623886108,0
			36.102500917,-121.624168396,0
			36.102779388,-121.624443054,0
			36.103054048,-121.624725342,0
			36.1033325210001,-121.625,0
			36.1036109920001,-121.625274658,0
			36.1038894650002,-121.625556946,0
			36.104167938,-121.625831604,0
			36.1044425960002,-121.626113892,0
			36.1046867370001,-121.626434327,0
			36.1050453190001,-121.626701355,0
			36.1053009030001,-121.626922607,0
			36.1055564880002,-121.626663208,0
			36.105834961,-121.62638855,0
			36.1061096190002,-121.626113892,0
			36.106388092,-121.626113892,0
			36.1066665650001,-121.62638855,0
			36.1069450380001,-121.626663208,0
			36.1072235110001,-121.626945496,0
			36.1074981690002,-121.626945496,0
			36.107776642,-121.627220154,0
			36.108055115,-121.627220154,0
			36.1083335880001,-121.627502442,0
			36.1086120610001,-121.6277771,0
			36.1088905340001,-121.628051758,0
			36.1088905340001,-121.628334046,0
			36.1088905340001,-121.628608704,0
			36.1091651920001,-121.628890992,0
			36.1094436650002,-121.62916565,0
			36.1097221380001,-121.629447936,0
			36.1100006110001,-121.629722596,0
			36.1100006110001,-121.629997254,0
			36.1100006110001,-121.63027954,0
			36.1102790840001,-121.6305542,0
			36.1105537420001,-121.630836486,0
			36.1108322150001,-121.630836486,0
			36.1111106880002,-121.631111144,0
			36.111389161,-121.631111144,0
			36.1116676340001,-121.631111144,0
			36.1119461070001,-121.631111144,0
			36.1122207650001,-121.631111144,0
			36.1124992380001,-121.631111144,0
			36.1127777110001,-121.631385804,0
			36.112892151,-121.63166809,0
			36.1131706240001,-121.632034302,0
			36.1134872440002,-121.632278443,0
			36.113765717,-121.632507324,0
			36.1140022280001,-121.632713319,0
			36.114204408,-121.632911683,0
			36.1144447340002,-121.63305664,0
			36.1147232050002,-121.63305664,0
			36.1150016780001,-121.63305664,0
			36.1152763380001,-121.632774354,0
			36.1155548090001,-121.632499694,0
			36.1158332820001,-121.632225036,0
			36.1161117550001,-121.632499694,0
			36.116390228,-121.632499694,0
			36.116664886,-121.632774354,0
			36.1169433590001,-121.63305664,0
			36.1172218320001,-121.63305664,0
			36.1175003050001,-121.632774354,0
			36.1177787780002,-121.63305664,0
			36.118057251,-121.63305664,0
			36.1183319090002,-121.633331298,0
			36.118610382,-121.63305664,0
			36.1188888550001,-121.63305664,0
			36.1191673280001,-121.633331298,0
			36.1194458010002,-121.633613586,0
			36.1197204590001,-121.633888244,0
			36.1201286330001,-121.634223937,0
			36.120681764,-121.634727478,0
			36.12102127,-121.635314941,0
			36.121540069,-121.635879517,0
			36.121898651,-121.636505127,0
			36.122184754,-121.637161255,0
			36.1225242620001,-121.637763978,0
			36.1229209910001,-121.638336182,0
			36.1233139050001,-121.638893128,0
			36.1236228940002,-121.639457702,0
			36.1239051820001,-121.640014648,0
			36.124198914,-121.640525818,0
			36.1245574950001,-121.640937804,0
			36.1249275200001,-121.641326905,0
			36.1252365120001,-121.641777039,0
			36.1253700260002,-121.642486572,0
			36.1256790160001,-121.643020629,0
			36.1260681160002,-121.643508912,0
			36.126392364,-121.644081116,0
			36.126716614,-121.644683837,0
			36.1270866390001,-121.645271302,0
			36.127498626,-121.645835876,0
			36.1277770990001,-121.645553588,0
			36.1280555720001,-121.645553588,0
			36.1283340450001,-121.645553588,0
			36.1286125180002,-121.645553588,0
			36.128887176,-121.645835876,0
			36.129165649,-121.646110534,0
			36.1294441220001,-121.645835876,0
			36.1297225950001,-121.645835876,0
			36.1300010680001,-121.645553588,0
			36.130279541,-121.645553588,0
			36.1305541990002,-121.645835876,0
			36.1308326720001,-121.646110534,0
			36.1308326720001,-121.646385192,0
			36.1308326720001,-121.64666748,0
			36.1311111450001,-121.646942138,0
			36.1311111450001,-121.647224426,0
			36.1311111450001,-121.647499084,0
			36.1308326720001,-121.647781372,0
			36.1311111450001,-121.64805603,0
			36.1313896180001,-121.648330688,0
			36.1316680910002,-121.648612976,0
			36.1319427490001,-121.648887634,0
			36.1322212220002,-121.649169922,0
			36.132499695,-121.64944458,0
			36.132499695,-121.649719238,0
			36.1327781680001,-121.650001526,0
			36.1330566410001,-121.650276184,0
			36.1333351140001,-121.650558472,0
			36.1336097720001,-121.650558472,0
			36.1338882450002,-121.650558472,0
			36.1341667180002,-121.650276184,0
			36.1344451910001,-121.650001526,0
			36.1347236640001,-121.650001526,0
			36.1349983220001,-121.650001526,0
			36.1352767950002,-121.650001526,0
			36.1355552680002,-121.649719238,0
			36.135833741,-121.64944458,0
			36.136112214,-121.64944458,0
			36.1363906870001,-121.649719238,0
			36.1366653450001,-121.650001526,0
			36.1366653450001,-121.650276184,0
			36.1366653450001,-121.650558472,0
			36.1369438180001,-121.65083313,0
			36.1369438180001,-121.651107788,0
			36.1369438180001,-121.651390076,0
			36.1372222910002,-121.651664734,0
			36.1372222910002,-121.651947022,0
			36.1372222910002,-121.65222168,0
			36.1372222910002,-121.652496338,0
			36.137500762,-121.652778626,0
			36.137779235,-121.653053284,0
			36.138053895,-121.65333557,0
			36.1383323660001,-121.65361023,0
			36.1383323660001,-121.653892516,0
			36.1386108390001,-121.654167174,0
			36.1388893120002,-121.654167174,0
			36.139167785,-121.654167174,0
			36.1394462580001,-121.654167174,0
			36.139720916,-121.654167174,0
			36.1399993890001,-121.654167174,0
			36.1402778620001,-121.654167174,0
			36.1405563350002,-121.654441834,0
			36.1408348080002,-121.65472412,0
			36.1408348080002,-121.654998778,0
			36.1411094660002,-121.655281066,0
			36.1411094660002,-121.655555724,0
			36.141387939,-121.655830382,0
			36.1416664120001,-121.65611267,0
			36.1419448850001,-121.656387328,0
			36.1422233580001,-121.656669616,0
			36.1425018310002,-121.656669616,0
			36.142776489,-121.656944274,0
			36.143054962,-121.657218932,0
			36.143333435,-121.657218932,0
			36.1436119080001,-121.65750122,0
			36.1438903810001,-121.657775878,0
			36.1441650390001,-121.658058166,0
			36.1444435120002,-121.658332824,0
			36.1444435120002,-121.658607482,0
			36.1444435120002,-121.65888977,0
			36.144721985,-121.65888977,0
			36.1450004580001,-121.65888977,0
			36.1450004580001,-121.659164428,0
			36.1452789310001,-121.659446717,0
			36.1455574040002,-121.659721374,0
			36.1458320620001,-121.660003663,0
			36.1461105350002,-121.660003663,0
			36.146389008,-121.659721374,0
			36.1466674810001,-121.660003663,0
			36.1469459540001,-121.66027832,0
			36.1469459540001,-121.660552978,0
			36.1472206120001,-121.660835267,0
			36.1472206120001,-121.661109924,0
			36.1472206120001,-121.661392213,0
			36.1474990850001,-121.66166687,0
			36.1477775580001,-121.661941528,0
			36.1477775580001,-121.662223817,0
			36.1474990850001,-121.662498474,0
			36.1474990850001,-121.662780763,0
			36.1474990850001,-121.66305542,0
			36.1474990850001,-121.663330078,0
			36.1474990850001,-121.663612367,0
			36.1477775580001,-121.663887024,0
			36.1480560310002,-121.664169311,0
			36.1483345020001,-121.664443971,0
			36.1486129750001,-121.664718628,0
			36.1486129750001,-121.665000915,0
			36.1488876350001,-121.665000915,0
			36.1491661080001,-121.664718628,0
			36.1494445790001,-121.664443971,0
			36.1497230520002,-121.664718628,0
			36.1500015250001,-121.665000915,0
			36.150276183,-121.665275574,0
			36.1505546560001,-121.665557861,0
			36.1508331290001,-121.665557861,0
			36.1511116020001,-121.665557861,0
			36.151390075,-121.665832519,0
			36.151668548,-121.666114807,0
			36.1519432060001,-121.666389465,0
			36.1522216790001,-121.666664124,0
			36.1525001520001,-121.666946411,0
			36.1525001520001,-121.667221069,0
			36.1525001520001,-121.667503357,0
			36.1527786250002,-121.667778015,0
			36.153057098,-121.668052673,0
			36.1533317560002,-121.668334961,0
			36.1533317560002,-121.668609619,0
			36.153057098,-121.668891907,0
			36.153057098,-121.669166565,0
			36.153057098,-121.669441223,0
			36.1533317560002,-121.669723511,0
			36.153610229,-121.669998169,0
			36.1538887020001,-121.669998169,0
			36.1541671750001,-121.669998169,0
			36.1544456490001,-121.669723511,0
			36.1546783450001,-121.670135498,0
			36.1547851570001,-121.670639038,0
			36.1549949640001,-121.671119691,0
			36.1552238470001,-121.671615602,0
			36.155479432,-121.672126771,0
			36.1557922370001,-121.672576904,0
			36.1561126720001,-121.673049927,0
			36.1564598080002,-121.673515321,0
			36.156867982,-121.673957824,0
			36.1573219310002,-121.674354553,0
			36.1578826900001,-121.674621583,0
			36.158535003,-121.67476654,0
			36.159122468,-121.675025939,0
			36.1596603400001,-121.675369263,0
			36.160217286,-121.675712586,0
			36.1608963010002,-121.675819396,0
			36.1615448010002,-121.67591095,0
			36.1620216360001,-121.676109315,0
			36.1624336250002,-121.676353454,0
			36.1627769470002,-121.676666261,0
			36.16305542,-121.676940919,0
			36.1633338930001,-121.677223205,0
			36.16305542,-121.677497865,0
			36.1627769470002,-121.677780151,0
			36.1624984740001,-121.678054809,0
			36.1624984740001,-121.678337097,0
			36.1622200010001,-121.678611755,0
			36.1619453430001,-121.678886413,0
			36.1619453430001,-121.679168701,0
			36.1616668700001,-121.679443359,0
			36.1616668700001,-121.679725647,0
			36.1619453430001,-121.680000305,0
			36.1622238160002,-121.680274963,0
			36.1624984740001,-121.680557251,0
			36.1627769470002,-121.680831909,0
			36.16305542,-121.680557251,0
			36.1633338930001,-121.680274963,0
			36.1636543280002,-121.679969788,0
			36.1638870240001,-121.680274963,0
			36.1641654970001,-121.680274963,0
			36.164688111,-121.680923463,0
			36.1647415160001,-121.681404113,0
			36.1650009160001,-121.681747437,0
			36.1651000980001,-121.682174682,0
			36.1652946470001,-121.682533264,0
			36.1655540470001,-121.68284607,0
			36.1658325200001,-121.683135987,0
			36.166080476,-121.683441161,0
			36.1663780220001,-121.683715821,0
			36.166584015,-121.684074403,0
			36.1666412350002,-121.684364319,0
			36.166690827,-121.684631347,0
			36.166744232,-121.685287475,0
			36.1670417790001,-121.685920715,0
			36.1674537660002,-121.686576843,0
			36.167613983,-121.686866761,0
			36.1678352360001,-121.687263488,0
			36.1681785590002,-121.687950135,0
			36.1685714730002,-121.688476562,0
			36.1689949030001,-121.688850402,0
			36.1693000800001,-121.689239502,0
			36.1695747380001,-121.689643859,0
			36.1698303220002,-121.690063476,0
			36.1700401320001,-121.69052124,0
			36.1702766430002,-121.690971374,0
			36.1705055240001,-121.69142151,0
			36.1706695560001,-121.69190216,0
			36.1707954400001,-121.692382812,0
			36.1708259590002,-121.692863465,0
			36.1708297740001,-121.692985535,0
			36.1708335890001,-121.693336487,0
			36.1708297740001,-121.693786621,0
			36.1708335890001,-121.694168091,0
			36.1711120620001,-121.694442749,0
			36.1713905330002,-121.694442749,0
			36.1716613780001,-121.694168091,0
			36.171943666,-121.694168091,0
			36.1722221370001,-121.694442749,0
			36.1725006100001,-121.694725037,0
			36.1727790830001,-121.694725037,0
			36.1730537410001,-121.694999695,0
			36.173332214,-121.694999695,0
			36.173610687,-121.695274353,0
			36.17388916,-121.695556641,0
			36.17388916,-121.695831299,0
			36.173610687,-121.696113587,0
			36.173610687,-121.696388245,0
			36.1733818060002,-121.696617126,0
			36.173332214,-121.696945191,0
			36.1730537410001,-121.696945191,0
			36.1733894360001,-121.697288512,0
			36.1737632760001,-121.697792053,0
			36.1741523740002,-121.698341369,0
			36.1745491030001,-121.698936462,0
			36.17501831,-121.699295044,0
			36.1754531860001,-121.699554443,0
			36.175952911,-121.699462891,0
			36.1763877870001,-121.699447631,0
			36.1766662600002,-121.699447631,0
			36.176944733,-121.699722289,0
			36.1772232060001,-121.699722289,0
			36.1775016790001,-121.699996949,0
			36.1777763370001,-121.700279235,0
			36.1780548100001,-121.700279235,0
			36.1783332830001,-121.700279235,0
			36.1786117560002,-121.700279235,0
			36.178890229,-121.700279235,0
			36.179164887,-121.700553893,0
			36.1794433600001,-121.700836181,0
			36.1797218330001,-121.701110839,0
			36.1800003060001,-121.701110839,0
			36.180278779,-121.701385499,0
			36.180557252,-121.701667785,0
			36.1808319100001,-121.701942443,0
			36.1811103830001,-121.701942443,0
			36.1813888560001,-121.702224731,0
			36.1813888560001,-121.702499389,0
			36.1813888560001,-121.702774047,0
			36.1816673290002,-121.703056335,0
			36.1816673290002,-121.703330993,0
			36.1816673290002,-121.703613281,0
			36.1813583370002,-121.703941344,0
			36.1813888560001,-121.704170227,0
			36.1816940310001,-121.70412445,0
			36.181945802,-121.704444885,0
			36.1822204600002,-121.704719543,0
			36.182498933,-121.704719543,0
			36.1827774060001,-121.705001831,0
			36.1830558770001,-121.705001831,0
			36.1833343500002,-121.705276489,0
			36.1835632330001,-121.705596924,0
			36.1838874830001,-121.705833435,0
			36.1839294430001,-121.706077576,0
			36.184165954,-121.706390381,0
			36.1844024670002,-121.706695556,0
			36.1847229000001,-121.706390381,0
			36.1850013730001,-121.706390381,0
			36.1852760310001,-121.706390381,0
			36.1855545040002,-121.706665039,0
			36.1858329770002,-121.706947327,0
			36.1861114500001,-121.707221985,0
			36.1863899230001,-121.707496643,0
			36.1866683960001,-121.707778931,0
			36.1869430540001,-121.708053589,0
			36.1872215270001,-121.708053589,0
			36.1875,-121.708053589,0
			36.187778473,-121.708053589,0
			36.187778473,-121.708335877,0
			36.187778473,-121.708610535,0
			36.187778473,-121.708885193,0
			36.1880569460001,-121.709167481,0
			36.1881294250001,-121.709388732,0
			36.188362123,-121.709732055,0
			36.1886215200001,-121.710075379,0
			36.1888885500002,-121.710433961,0
			36.1888885500002,-121.710830689,0
			36.189167023,-121.711112975,0
			36.1894264230002,-121.711410522,0
			36.1896629340001,-121.711570739,0
			36.189899445,-121.711975098,0
			36.1900215150002,-121.712493897,0
			36.1899414070002,-121.713172912,0
			36.1897087110001,-121.713806152,0
			36.1894950860001,-121.714424133,0
			36.18951416,-121.715003967,0
			36.1898345940001,-121.715400696,0
			36.1903877250001,-121.715538025,0
			36.1910133370002,-121.71560669,0
			36.1916008000001,-121.715827941,0
			36.1921272270002,-121.716003417,0
			36.1921958920001,-121.716026306,0
			36.1928443910002,-121.715927123,0
			36.1936225890001,-121.716217042,0
			36.194122315,-121.716766357,0
			36.1944885250001,-121.717437744,0
			36.1948204050001,-121.718132019,0
			36.194885254,-121.718910218,0
			36.1950988760001,-121.719528199,0
			36.1954574580001,-121.720024108,0
			36.1958465580001,-121.720497132,0
			36.1962280270002,-121.720970154,0
			36.1965026870002,-121.721481323,0
			36.1969375620002,-121.721961976,0
			36.197380066,-121.722473145,0
			36.1977424620002,-121.723060608,0
			36.1980476390001,-121.723701477,0
			36.1983146670001,-121.724372864,0
			36.1985130310001,-121.725067139,0
			36.198574066,-121.725791931,0
			36.1985435500002,-121.726516724,0
			36.1984710690002,-121.727210999,0
			36.198608398,-121.727912902,0
			36.199028015,-121.728507995,0
			36.1994285590001,-121.729125977,0
			36.1998291020001,-121.729743958,0
			36.200019837,-121.729942322,0
			36.2003173830001,-121.730255127,0
			36.2008705140001,-121.730644225,0
			36.2014350900001,-121.73085785,0
			36.2019615180002,-121.731269837,0
			36.20218277,-121.731773376,0
			36.202301026,-121.732322694,0
			36.2024574280002,-121.732879638,0
			36.2025833140002,-121.733451844,0
			36.202785491,-121.73400116,0
			36.202995301,-121.734550476,0
			36.2031631470001,-121.735107422,0
			36.2033348090001,-121.735275268,0
			36.2032623290001,-121.735610963,0
			36.2033958450001,-121.735786439,0
			36.2033348090001,-121.736114502,0
			36.203609467,-121.73638916,0
			36.2034530650001,-121.736663818,0
			36.2034873970001,-121.736938478,0
			36.2034721380001,-121.737213135,0
			36.203609467,-121.73777771,0
			36.2033348090001,-121.738052368,0
			36.203609467,-121.738334656,0
			36.203609467,-121.738609314,0
			36.203609467,-121.738891602,0
			36.2038879400001,-121.73916626,0
			36.2041664130001,-121.739440918,0
			36.2044448860001,-121.739440918,0
			36.2045631420002,-121.739440918,0
			36.2047233590002,-121.739440918,0
			36.20500183,-121.739440918,0
			36.2052764900002,-121.739723206,0
			36.2052764900002,-121.739997864,0
			36.2055549630001,-121.740280152,0
			36.2058334360001,-121.740280152,0
			36.2061119070001,-121.740280152,0
			36.2063903800002,-121.740280152,0
			36.2066650400002,-121.74055481,0
			36.2069435110002,-121.740837098,0
			36.2069435110002,-121.741111756,0
			36.2072219840001,-121.741386414,0
			36.20746231,-121.74206543,0
			36.20772171,-121.742576599,0
			36.2077941910001,-121.742721559,0
			36.2081184390001,-121.743377685,0
			36.2086181640001,-121.743904114,0
			36.2090644830002,-121.74446106,0
			36.2094192500002,-121.745109558,0
			36.2096900950001,-121.745780945,0
			36.2099990840002,-121.74610901,0
			36.2099990840002,-121.746391296,0
			36.2099990840002,-121.746665954,0
			36.2099342340001,-121.747070313,0
			36.2100257880001,-121.747703552,0
			36.2101745600001,-121.748298645,0
			36.2102317800001,-121.748901368,0
			36.210205079,-121.749504089,0
			36.2101402280001,-121.75011444,0
			36.2100257880001,-121.750740052,0
			36.2099990840002,-121.751419067,0
			36.210021973,-121.752105713,0
			36.210166932,-121.752731323,0
			36.2104110710001,-121.75326538,0
			36.2107238780001,-121.753738403,0
			36.2109565740001,-121.754348756,0
			36.2111358650001,-121.755043029,0
			36.2114067080001,-121.755683899,0
			36.211753846,-121.756240845,0
			36.2122383120002,-121.756591796,0
			36.212760926,-121.756736755,0
			36.2134819030001,-121.756950378,0
			36.2140350340001,-121.757362365,0
			36.2144012450001,-121.757934569,0
			36.2146911620001,-121.758567811,0
			36.2150192270001,-121.75918579,0
			36.2154006950001,-121.759765625,0
			36.2158508310002,-121.760253906,0
			36.2162933340001,-121.760711669,0
			36.2165908810001,-121.761169433,0
			36.2165451060002,-121.761558534,0
			36.2165107720002,-121.761756896,0
			36.2164764400002,-121.761978149,0
			36.216533661,-121.762428284,0
			36.2167663590001,-121.762870788,0
			36.2170562750001,-121.763328552,0
			36.2173957830001,-121.763778686,0
			36.2178192130002,-121.764183044,0
			36.2182884220002,-121.764587403,0
			36.2187042240001,-121.765113831,0
			36.219123842,-121.765686035,0
			36.2194747930002,-121.766288758,0
			36.2197303780001,-121.766944886,0
			36.22014618,-121.767349243,0
			36.2204551690001,-121.767677308,0
			36.2206497190001,-121.767997741,0
			36.2208366400001,-121.768302917,0
			36.221031189,-121.768569947,0
			36.2212448110001,-121.768791198,0
			36.2215080260001,-121.768920899,0
			36.2213897710002,-121.769165038,0
			36.2213897710002,-121.769447326,0
			36.2213897710002,-121.769721984,0
			36.2216682440001,-121.769996642,0
			36.2219429010001,-121.77027893,0
			36.2223052980002,-121.770515441,0
			36.2225265510001,-121.771125793,0
			36.2227783210001,-121.771385192,0
			36.2230567940002,-121.77166748,0
			36.2230567940002,-121.771942138,0
			36.2230567940002,-121.772224426,0
			36.2229843150001,-121.772453307,0
			36.2230758670001,-121.773147582,0
			36.2232246390001,-121.773811341,0
			36.2233657830001,-121.774513244,0
			36.2235832210001,-121.775169372,0
			36.2238235470001,-121.775787353,0
			36.2241592400001,-121.776275634,0
			36.2245368960001,-121.776741028,0
			36.2249717710001,-121.777145387,0
			36.2254791270001,-121.777488708,0
			36.2258071900002,-121.777893067,0
			36.2260780330001,-121.778312684,0
			36.2263679510002,-121.778709412,0
			36.2265777590001,-121.779151916,0
			36.2267532340001,-121.779579163,0
			36.2269477840001,-121.779937745,0
			36.226985932,-121.78036499,0
			36.227149963,-121.780792235,0
			36.227210998,-121.781288146,0
			36.227268219,-121.781806945,0
			36.2274169930001,-121.782310486,0
			36.2275199900001,-121.782836914,0
			36.2276725770001,-121.783355713,0
			36.2277450560001,-121.783912659,0
			36.227767944,-121.784500122,0
			36.2277755750001,-121.785102845,0
			36.2278099060002,-121.785705566,0
			36.2279739390002,-121.78627777,0
			36.2280654910001,-121.786895751,0
			36.2283554070001,-121.787391662,0
			36.2286109940002,-121.787780762,0
			36.2286109940002,-121.78805542,0
			36.2288894650001,-121.788330078,0
			36.2291679380001,-121.788330078,0
			36.229442598,-121.788612366,0
			36.229442598,-121.788887024,0
			36.229442598,-121.789169312,0
			36.2297210690001,-121.78944397,0
			36.2297210690001,-121.789718628,0
			36.2297210690001,-121.790000916,0
			36.2299995420001,-121.790275574,0
			36.2299995420001,-121.790557861,0
			36.2299995420001,-121.79083252,0
			36.2299995420001,-121.791114807,0
			36.2299995420001,-121.791389465,0
			36.2302780150002,-121.791664124,0
			36.2302780150002,-121.791946411,0
			36.230556488,-121.792221068,0
			36.2308349610001,-121.792503357,0
			36.2311096190001,-121.792778015,0
			36.2313880920001,-121.792778015,0
			36.2316665650001,-121.793052672,0
			36.2319450380002,-121.793334961,0
			36.232223511,-121.793609619,0
			36.232223511,-121.793891907,0
			36.232223511,-121.794166565,0
			36.232223511,-121.794441222,0
			36.232223511,-121.794723511,0
			36.2324981690001,-121.794998169,0
			36.2327766420001,-121.795280457,0
			36.233062745,-121.79573059,0
			36.233367919,-121.796127319,0
			36.2336311340001,-121.796577453,0
			36.2336463920001,-121.797111512,0
			36.2338371290002,-121.797592163,0
			36.233951569,-121.798065185,0
			36.2341232300001,-121.79850006,0
			36.2341957100001,-121.798965454,0
			36.2342987060001,-121.799385071,0
			36.2344055180002,-121.799751281,0
			36.2344665530002,-121.800018311,0
			36.234573364,-121.800308227,0
			36.2345542900001,-121.800621032,0
			36.2344741810001,-121.800964355,0
			36.234375001,-121.801338196,0
			36.2342262270002,-121.801727294,0
			36.234096528,-121.802200318,0
			36.2338752750001,-121.80267334,0
			36.2336082460001,-121.803146363,0
			36.2333335880002,-121.803627015,0
			36.2330856330001,-121.804130554,0
			36.2329292290001,-121.804702758,0
			36.2327499400002,-121.805274963,0
			36.2324981690001,-121.805831909,0
			36.232223511,-121.806114197,0
			36.232223511,-121.806388855,0
			36.232223511,-121.806663513,0
			36.232223511,-121.806945801,0
			36.232223511,-121.807220459,0
			36.232223511,-121.807502747,0
			36.232223511,-121.807777405,0
			36.2324981690001,-121.808052063,0
			36.2324981690001,-121.808334351,0
			36.2324981690001,-121.808609009,0
			36.2327766420001,-121.808891297,0
			36.2327766420001,-121.809165955,0
			36.2324981690001,-121.809448243,0
			36.232223511,-121.809722901,0
			36.232223511,-121.809997559,0
			36.232223511,-121.810279847,0
			36.2324981690001,-121.810554505,0
			36.2324981690001,-121.810836793,0
			36.2324981690001,-121.811111451,0
			36.2324981690001,-121.811386109,0
			36.2327766420001,-121.811668397,0
			36.2330551150001,-121.811943055,0
			36.2333335880002,-121.812225341,0
			36.2336235040001,-121.8126297,0
			36.2339248650001,-121.813255309,0
			36.2342453000001,-121.813903809,0
			36.2344436650001,-121.814445495,0
			36.2347221380001,-121.814720155,0
			36.2347221380001,-121.815002441,0
			36.2350006110001,-121.815277099,0
			36.2353286740002,-121.815322876,0
			36.235591889,-121.815498352,0
			36.2358322150002,-121.815834045,0
			36.2358322150002,-121.816108703,0
			36.2358322150002,-121.816390991,0
			36.2361106880001,-121.816665649,0
			36.2361106880001,-121.816947937,0
			36.2363891610001,-121.817222595,0
			36.2366676340001,-121.817497253,0
			36.2369461070002,-121.817779541,0
			36.2369461070002,-121.818054199,0
			36.2372207650001,-121.818336487,0
			36.2372207650001,-121.818611145,0
			36.237499238,-121.818885803,0
			36.237777711,-121.819168091,0
			36.2380561840001,-121.818885803,0
			36.2383346570001,-121.818885803,0
			36.2386093150001,-121.818885803,0
			36.2388877880002,-121.818885803,0
			36.239166261,-121.818611145,0
			36.2394447340001,-121.818611145,0
			36.2396659850002,-121.818916321,0
			36.2400016780001,-121.819168091,0
			36.2402763380001,-121.819442749,0
			36.2405548110002,-121.819725037,0
			36.240833282,-121.819999695,0
			36.241111755,-121.820274353,0
			36.241111755,-121.820556641,0
			36.2413902280001,-121.820831299,0
			36.2413902280001,-121.821113587,0
			36.2416648860001,-121.821388245,0
			36.2416648860001,-121.821662903,0
			36.2416648860001,-121.821945191,0
			36.2416648860001,-121.822219849,0
			36.2415390020001,-121.822349548,0
			36.2413902280001,-121.822502137,0
			36.241111755,-121.822776795,0
			36.240833282,-121.823059081,0
			36.2405548110002,-121.823333741,0
			36.2405548110002,-121.823608399,0
			36.2405548110002,-121.823890687,0
			36.2405548110002,-121.824165345,0
			36.2405548110002,-121.824447631,0
			36.2405548110002,-121.824722291,0
			36.240833282,-121.824996949,0
			36.241111755,-121.825279235,0
			36.241111755,-121.825553895,0
			36.241111755,-121.825836181,0
			36.2413902280001,-121.826110839,0
			36.2416839590001,-121.826705932,0
			36.2421913150002,-121.827201843,0
			36.2427787780001,-121.827774047,0
			36.2430572510001,-121.827774047,0
			36.2433319090001,-121.828056335,0
			36.2435607920001,-121.828346253,0
			36.2438888550001,-121.828330993,0
			36.2441673280002,-121.828330993,0
			36.244445801,-121.828330993,0
			36.244720459,-121.828330993,0
			36.244998932,-121.828330993,0
			36.2452774050001,-121.828330993,0
			36.2455558780001,-121.828330993,0
			36.2458343510002,-121.828330993,0
			36.2461128240002,-121.828613281,0
			36.246387482,-121.828887939,0
			36.2466659550001,-121.828887939,0
			36.2469444280001,-121.829170227,0
			36.2469444280001,-121.829444885,0
			36.2469444280001,-121.829719543,0
			36.2466659550001,-121.830001831,0
			36.2464065550001,-121.830291747,0
			36.246387482,-121.830558777,0
			36.2466659550001,-121.830833435,0
			36.2469444280001,-121.831108093,0
			36.2469444280001,-121.831390381,0
			36.2469444280001,-121.831665039,0
			36.2472229010002,-121.831947327,0
			36.2472229010002,-121.832221985,0
			36.2472229010002,-121.832496643,0
			36.2472229010002,-121.832778931,0
			36.247501374,-121.833053589,0
			36.247501374,-121.833335877,0
			36.247501374,-121.833610535,0
			36.2477760320002,-121.833885193,0
			36.2477760320002,-121.834167481,0
			36.2477760320002,-121.834442139,0
			36.2477760320002,-121.834724427,0
			36.248054505,-121.834999085,0
			36.2483329780001,-121.834999085,0
			36.2483329780001,-121.835281371,0
			36.2486114510001,-121.835556031,0
			36.2488899240001,-121.835830689,0
			36.2488899240001,-121.836112975,0
			36.2491683970002,-121.836387635,0
			36.2488899240001,-121.836669921,0
			36.2486114510001,-121.836944579,0
			36.2486114510001,-121.837219239,0
			36.2486114510001,-121.837501525,0
			36.2486114510001,-121.837776183,0
			36.2488899240001,-121.838058471,0
			36.2491683970002,-121.838333129,0
			36.2497901910001,-121.838356018,0
			36.2502784740001,-121.838058471,0
			36.2502784740001,-121.837776183,0
			36.2502784740001,-121.837501525,0
			36.2502784740001,-121.837219239,0
			36.2502784740001,-121.836944579,0
			36.2502784740001,-121.836669921,0
			36.2503318790002,-121.836395263,0
			36.2503471370002,-121.83631897,0
			36.2505569470001,-121.836112975,0
			36.2508316050001,-121.835830689,0
			36.2511100780001,-121.835830689,0
			36.251388551,-121.836112975,0
			36.251667022,-121.836112975,0
			36.2519454950001,-121.836387635,0
			36.2522239680001,-121.836387635,0
			36.2524986260001,-121.836387635,0
			36.2527770990001,-121.836387635,0
			36.2530555720002,-121.836387635,0
			36.253334045,-121.836112975,0
			36.2536125180001,-121.836112975,0
			36.2538871760001,-121.836112975,0
			36.2541656490001,-121.836112975,0
			36.2544441220002,-121.836387635,0
			36.254722595,-121.836387635,0
			36.255001068,-121.836669921,0
			36.255279541,-121.836669921,0
			36.2555541990001,-121.836944579,0
			36.2558326720001,-121.836944579,0
			36.2561111450001,-121.837219239,0
			36.2563896180002,-121.837219239,0
			36.2566680910001,-121.837501525,0
			36.2569427490002,-121.837501525,0
			36.2572212220001,-121.837776183,0
			36.2574996950001,-121.837776183,0
			36.2577781680001,-121.838058471,0
			36.2580566410002,-121.838333129,0
			36.258335114,-121.838333129,0
			36.258609772,-121.838607787,0
			36.258888245,-121.838890075,0
			36.2591667180001,-121.838890075,0
			36.2594451910001,-121.838890075,0
			36.2597236640001,-121.838890075,0
			36.2599983220002,-121.839164733,0
			36.260276795,-121.839447021,0
			36.2605552680001,-121.839721679,0
			36.2608337410001,-121.839996337,0
			36.2611122140001,-121.840278625,0
			36.2613906870002,-121.840553283,0
			36.2616653450002,-121.840835571,0
			36.2619438180002,-121.841110229,0
			36.2622222910001,-121.841110229,0
			36.2625007620001,-121.841392517,0
			36.2627792350001,-121.841392517,0
			36.2630538950001,-121.841392517,0
			36.2633323680001,-121.841392517,0
			36.2636108390002,-121.841392517,0
			36.2638893120001,-121.841667175,0
			36.2641677850001,-121.841941833,0
			36.2644462580001,-121.842224121,0
			36.2647209160001,-121.842498779,0
			36.2649993890001,-121.842781067,0
			36.2652778620002,-121.842781067,0
			36.265556335,-121.842781067,0
			36.2658348080001,-121.842781067,0
			36.266109466,-121.842781067,0
			36.2663879390001,-121.843055725,0
			36.2666664120001,-121.843055725,0
			36.2669448850002,-121.843330383,0
			36.267223358,-121.843612671,0
			36.2675018310001,-121.843887329,0
			36.2677764890001,-121.844169617,0
			36.2680549620001,-121.844169617,0
			36.2683334350002,-121.844444275,0
			36.268611908,-121.844718933,0
			36.268890381,-121.845001221,0
			36.269165039,-121.845275879,0
			36.2694435120001,-121.845558167,0
			36.2697219850001,-121.845832825,0
			36.2700004580001,-121.845832825,0
			36.2702789310002,-121.846107483,0
			36.270557404,-121.846107483,0
			36.2708320620002,-121.846107483,0
			36.271110535,-121.846389771,0
			36.2713890080001,-121.846664429,0
			36.2716674810001,-121.846946715,0
			36.2719459540002,-121.847221375,0
			36.2722053540001,-121.84753418,0
			36.272533417,-121.847717286,0
			36.272777558,-121.848052979,0
			36.2730560310001,-121.848335265,0
			36.2733345040001,-121.848335265,0
			36.2736129750002,-121.848609923,0
			36.2738876350002,-121.848892211,0
			36.274166108,-121.848892211,0
			36.274444579,-121.849166869,0
			36.2747230520001,-121.849441527,0
			36.2750015250001,-121.849723815,0
			36.2750015250001,-121.849998473,0
			36.2752761830001,-121.850280761,0
			36.2755546560002,-121.850555419,0
			36.275833129,-121.850830077,0
			36.276111602,-121.851112365,0
			36.276111602,-121.851387023,0
			36.2763900750001,-121.851669311,0
			36.2766685480001,-121.851669311,0
			36.2769432060001,-121.851669311,0
			36.2772216790001,-121.851943969,0
			36.277454377,-121.852256774,0
			36.2777786250001,-121.852500915,0
			36.2780570980001,-121.852775573,0
			36.2783317560001,-121.853057861,0
			36.2786102290001,-121.853332519,0
			36.2788887020001,-121.853614808,0
			36.2792663580001,-121.854118346,0
			36.279563904,-121.854248047,0
			36.2796554560002,-121.85458374,0
			36.2798004150002,-121.854774475,0
			36.279884339,-121.854881287,0
			36.2799034120001,-121.855270385,0
			36.279983521,-121.855308532,0
			36.2803497310001,-121.855499268,0
			36.2802772520001,-121.855834962,0
			36.2805557250001,-121.856109619,0
			36.2808341980002,-121.856391908,0
			36.2805557250001,-121.856666565,0
			36.2802772520001,-121.856941223,0
			36.2802772520001,-121.857223512,0
			36.2802772520001,-121.857498169,0
			36.2802772520001,-121.857780456,0
			36.279998779,-121.858055115,0
			36.2797241210001,-121.858329773,0
			36.2797241210001,-121.858612062,0
			36.279445648,-121.858886719,0
			36.279445648,-121.859169006,0
			36.279445648,-121.859443666,0
			36.2791671750002,-121.86000061,0
			36.279445648,-121.860275269,0
			36.279445648,-121.860557556,0
			36.279445648,-121.860832214,0
			36.279445648,-121.861114502,0
			36.279445648,-121.86138916,0
			36.2797241210001,-121.861663818,0
			36.279998779,-121.861946106,0
			36.2802772520001,-121.862220764,0
			36.2805557250001,-121.862503052,0
			36.2805557250001,-121.86277771,0
			36.2808341980002,-121.863052368,0
			36.2811126710002,-121.863334656,0
			36.281387329,-121.863334656,0
			36.2816658020001,-121.863609314,0
			36.2819442750001,-121.863891602,0
			36.2819442750001,-121.86416626,0
			36.2822227480002,-121.864440918,0
			36.2825012210002,-121.864723206,0
			36.2825202950002,-121.864974975,0
			36.282814026,-121.865234375,0
			36.2830543520002,-121.86555481,0
			36.2833328250001,-121.865837098,0
			36.2836112980001,-121.866111756,0
			36.2838897710001,-121.866386414,0
			36.2841682440002,-121.866668702,0
			36.2844429020001,-121.86694336,0
			36.2847862240001,-121.867225648,0
			36.284999848,-121.867225648,0
			36.285663605,-121.867599488,0
			36.2860832220002,-121.868049622,0
			36.2864036570001,-121.868560791,0
			36.2866706850002,-121.869117737,0
			36.2867088310001,-121.869522095,0
			36.2867317200001,-121.869781495,0
			36.2869949350002,-121.870323181,0
			36.287322998,-121.870819091,0
			36.287647248,-121.871315002,0
			36.2878799440001,-121.871894837,0
			36.2880210880001,-121.87260437,0
			36.2883071910001,-121.873199463,0
			36.2885894770001,-121.873779297,0
			36.2888641350001,-121.874343872,0
			36.2892379770001,-121.874839782,0
			36.289505005,-121.875205994,0
			36.2896347060002,-121.87538147,0
			36.2897224430001,-121.876113892,0
			36.2900009160001,-121.876113892,0
			36.2902793890001,-121.87638855,0
			36.2905540470002,-121.87638855,0
			36.29083252,-121.876663208,0
			36.2910690310001,-121.876693726,0
			36.2913894660001,-121.876663208,0
			36.2917137160001,-121.876991273,0
			36.2919425970001,-121.877220154,0
			36.2922210700002,-121.877220154,0
			36.2924995430002,-121.877502442,0
			36.2927780160001,-121.8777771,0
			36.2927780160001,-121.878051758,0
			36.2927780160001,-121.878334046,0
			36.2924995430002,-121.878608704,0
			36.2924995430002,-121.878890992,0
			36.2924995430002,-121.87916565,0
			36.2927780160001,-121.879447938,0
			36.2927780160001,-121.879722596,0
			36.2930564890001,-121.879997254,0
			36.2930564890001,-121.880279542,0
			36.2933349620001,-121.8805542,0
			36.2933349620001,-121.880836486,0
			36.2933349620001,-121.881111146,0
			36.2933349620001,-121.881385804,0
			36.2936096200001,-121.88166809,0
			36.2938880930001,-121.88194275,0
			36.2941665660002,-121.882225036,0
			36.294445039,-121.882499694,0
			36.2947235120001,-121.882499694,0
			36.29499817,-121.882774354,0
			36.2952766430001,-121.882774354,0
			36.2955551160001,-121.88305664,0
			36.2958335890002,-121.88305664,0
			36.2961120620002,-121.883331298,0
			36.2963905330001,-121.883331298,0
			36.2965240490001,-121.883331298,0
			36.2966651930001,-121.883331298,0
			36.2969436660001,-121.88305664,0
			36.2972221370001,-121.88305664,0
			36.2975006100002,-121.882774354,0
			36.2977790830002,-121.88305664,0
			36.298053743,-121.88305664,0
			36.298332214,-121.883331298,0
			36.2986106870001,-121.883613586,0
			36.2988891600001,-121.883888244,0
			36.2988891600001,-121.884162902,0
			36.2988891600001,-121.88444519,0
			36.299167633,-121.884719848,0
			36.2994575510002,-121.884971619,0
			36.299720764,-121.885276794,0
			36.2999992370001,-121.885559082,0
			36.3002777100001,-121.885559082,0
			36.300418854,-121.885414123,0
			36.3005561830001,-121.885276794,0
			36.3008346560002,-121.885276794,0
			36.3011093140001,-121.885559082,0
			36.3013877870002,-121.88583374,0
			36.3014068600001,-121.886077881,0
			36.30166626,-121.886390686,0
			36.30166626,-121.886665344,0
			36.3019447330001,-121.886947632,0
			36.3019447330001,-121.88722229,0
			36.3022232060001,-121.887496948,0
			36.3022232060001,-121.887779236,0
			36.3025016790002,-121.888053894,0
			36.3025016790002,-121.888336182,0
			36.3027763370001,-121.88861084,0
			36.3027763370001,-121.888885498,0
			36.3030548100002,-121.889167786,0
			36.3030548100002,-121.889442444,0
			36.3030548100002,-121.889724732,0
			36.3030548100002,-121.88999939,0
			36.3030548100002,-121.890274048,0
			36.3030548100002,-121.890556336,0
			36.3030548100002,-121.890830994,0
			36.3030548100002,-121.891113282,0
			36.3030548100002,-121.89138794,0
			36.303333283,-121.891670226,0
			36.303333283,-121.891944886,0
			36.3036117560001,-121.892219544,0
			36.303333283,-121.89250183,0
			36.303333283,-121.89277649,0
			36.303333283,-121.893058776,0
			36.303333283,-121.893333434,0
			36.303333283,-121.893608094,0
			36.303333283,-121.89389038,0
			36.303333283,-121.89416504,0
			36.303333283,-121.894447326,0
			36.303333283,-121.894721984,0
			36.3036117560001,-121.894996644,0
			36.3038902290001,-121.89527893,0
			36.3041648870001,-121.895553588,0
			36.3041648870001,-121.895835876,0
			36.3044433600002,-121.896110534,0
			36.3047637950001,-121.896392822,0
			36.3047142030001,-121.89666748,0
			36.3046646130001,-121.89693451,0
			36.304721833,-121.897224426,0
			36.3045883190001,-121.897354127,0
			36.3044433600002,-121.897499084,0
			36.3041648870001,-121.897781372,0
			36.3038902290001,-121.89805603,0
			36.3036117560001,-121.89805603,0
			36.303333283,-121.89805603,0
			36.3030548100002,-121.89805603,0
			36.3027763370001,-121.89805603,0
			36.3025016790002,-121.89805603,0
			36.3022232060001,-121.898330688,0
			36.3019447330001,-121.898612976,0
			36.3019447330001,-121.898887634,0
			36.3019447330001,-121.899169922,0
			36.3022232060001,-121.89944458,0
			36.3025016790002,-121.899719238,0
			36.3025016790002,-121.900001526,0
			36.3027763370001,-121.900276184,0
			36.3031234750001,-121.900871277,0
			36.3035011280002,-121.901321411,0
			36.3039627070001,-121.901657104,0
			36.3044433600002,-121.90195465,0
			36.3048858650001,-121.902267455,0
			36.3052558900001,-121.902626037,0
			36.3055763250002,-121.902984619,0
			36.305877685,-121.903327942,0
			36.306152345,-121.903648377,0
			36.3063964840001,-121.903900146,0
			36.3066177370002,-121.904083252,0
			36.3068428050001,-121.904098511,0
			36.3069381720002,-121.904006959,0
			36.3070907590001,-121.903854369,0
			36.3072204600001,-121.903335572,0
			36.3074989330001,-121.903053284,0
			36.3074989330001,-121.902778626,0
			36.3074989330001,-121.902496338,0
			36.3072204600001,-121.90222168,0
			36.3069458020001,-121.901947022,0
			36.306667329,-121.901664734,0
			36.306667329,-121.901390076,0
			36.3069458020001,-121.901107788,0
			36.3072204600001,-121.90083313,0
			36.3074989330001,-121.900558472,0
			36.3074989330001,-121.900276184,0
			36.3077774060001,-121.900001526,0
			36.3080558790002,-121.899719238,0
			36.3083343500001,-121.89944458,0
			36.3083343500001,-121.899169922,0
			36.3083343500001,-121.898887634,0
			36.3086128230001,-121.898612976,0
			36.308887483,-121.898612976,0
			36.3091659540001,-121.898612976,0
			36.3094444270001,-121.898330688,0
			36.3097229000002,-121.89805603,0
			36.310001373,-121.897781372,0
			36.3102760310002,-121.897781372,0
			36.310554504,-121.897781372,0
			36.3108329770001,-121.897781372,0
			36.3111114500001,-121.897499084,0
			36.3113899230001,-121.897499084,0
			36.3116683960002,-121.897499084,0
			36.311943054,-121.897224426,0
			36.312221527,-121.896942138,0
			36.3125000000001,-121.89666748,0
			36.3127784730001,-121.896385192,0
			36.3130569460001,-121.896110534,0
			36.3133316040002,-121.895835876,0
			36.3136100770002,-121.895835876,0
			36.3138885500001,-121.895835876,0
			36.3141670230001,-121.895553588,0
			36.3144454960001,-121.895553588,0
			36.3147239690002,-121.895553588,0
			36.3149986270001,-121.895553588,0
			36.3152771000002,-121.895553588,0
			36.315555573,-121.895553588,0
			36.3158340460001,-121.895553588,0
			36.3161125190001,-121.89527893,0
			36.3163871770001,-121.89527893,0
			36.3166656500001,-121.89527893,0
			36.3169441230002,-121.89527893,0
			36.3172225960002,-121.894996644,0
			36.3175010690001,-121.894996644,0
			36.3177795420001,-121.89527893,0
			36.3180542000001,-121.895553588,0
			36.3183326730002,-121.89527893,0
			36.3186111460002,-121.894996644,0
			36.318889619,-121.894996644,0
			36.3191680900001,-121.894996644,0
			36.3194427500001,-121.89527893,0
			36.3197212230001,-121.895553588,0
			36.3199996960001,-121.895553588,0
			36.320278167,-121.895553588,0
			36.32055664,-121.895553588,0
			36.320835113,-121.895553588,0
			36.3211097710001,-121.895553588,0
			36.3213882440001,-121.895553588,0
			36.3216667170001,-121.895553588,0
			36.3219451900002,-121.895835876,0
			36.322223663,-121.895835876,0
			36.3224983210002,-121.895835876,0
			36.322776794,-121.896110534,0
			36.3229255680001,-121.896255493,0
			36.3230552670001,-121.896385192,0
			36.3233337400001,-121.89666748,0
			36.3236122130002,-121.89666748,0
			36.323890686,-121.89666748,0
			36.3241653440002,-121.89666748,0
			36.324333192,-121.896499634,0
			36.324443817,-121.896385192,0
			36.3241653440002,-121.896110534,0
			36.3241653440002,-121.895835876,0
			36.324443817,-121.895553588,0
			36.3247222900001,-121.89527893,0
			36.3250007630001,-121.894996644,0
			36.3252792360001,-121.894996644,0
			36.3255538940002,-121.89527893,0
			36.325832367,-121.895553588,0
			36.32611084,-121.895835876,0
			36.326389313,-121.896110534,0
			36.3266677860001,-121.896385192,0
			36.3266677860001,-121.89666748,0
			36.3269462590001,-121.896949768,0
			36.3272209170001,-121.89666748,0
			36.3274993900002,-121.89666748,0
			36.3277778630001,-121.896942138,0
			36.3280525210002,-121.896987915,0
			36.3283348090001,-121.89666748,0
			36.3286094670001,-121.89666748,0
			36.3288879400001,-121.896385192,0
			36.3291664130002,-121.896385192,0
			36.329444886,-121.896110534,0
			36.3297233590001,-121.896110534,0
			36.3300018320001,-121.896110534,0
			36.3302764900001,-121.895835876,0
			36.3305549630001,-121.895835876,0
			36.3308334360001,-121.895553588,0
			36.331111907,-121.89527893,0
			36.3313903800001,-121.894996644,0
			36.3316650400001,-121.894721984,0
			36.3319435110001,-121.894447326,0
			36.3322219840001,-121.894447326,0
			36.3325004570002,-121.894721984,0
			36.3327789300002,-121.894721984,0
			36.3330574030001,-121.894447326,0
			36.333332061,-121.894447326,0
			36.3336105340001,-121.89416504,0
			36.3338890070001,-121.89389038,0
			36.3341674800001,-121.89389038,0
			36.334445953,-121.893608094,0
			36.3347206110002,-121.893333434,0
			36.3349990840001,-121.893058776,0
			36.3352775570001,-121.89277649,0
			36.3355560300001,-121.89277649,0
			36.3358345030002,-121.89277649,0
			36.336112976,-121.893058776,0
			36.3363876340002,-121.893058776,0
			36.336666107,-121.893333434,0
			36.3369445800001,-121.893333434,0
			36.3372230530001,-121.893333434,0
			36.3375015260002,-121.893333434,0
			36.3377761840001,-121.893333434,0
			36.3380546570002,-121.893333434,0
			36.33833313,-121.893333434,0
			36.3386116030001,-121.893333434,0
			36.3388900760001,-121.893333434,0
			36.3391685490001,-121.893333434,0
			36.3394432070002,-121.893333434,0
			36.33972168,-121.893333434,0
			36.340000153,-121.893058776,0
			36.340278626,-121.893058776,0
			36.3405570990001,-121.893058776,0
			36.3408317570001,-121.89277649,0
			36.3411102300001,-121.89277649,0
			36.3413887030002,-121.893058776,0
			36.341667176,-121.893333434,0
			36.3419456490001,-121.893608094,0
			36.3422241200001,-121.89389038,0
			36.3424987800001,-121.89389038,0
			36.3427772530001,-121.89416504,0
			36.3430557240002,-121.89416504,0
			36.343334197,-121.89416504,0
			36.3436126700001,-121.894447326,0
			36.3438873280001,-121.894447326,0
			36.3441658010001,-121.894721984,0
			36.3441658010001,-121.894996644,0
			36.3438873280001,-121.89527893,0
			36.3441658010001,-121.895553588,0
			36.3444442740001,-121.895835876,0
			36.3447227470002,-121.896110534,0
			36.3447227470002,-121.896385192,0
			36.34500122,-121.89666748,0
			36.34500122,-121.896942138,0
			36.3450508130001,-121.897186279,0
			36.34500122,-121.897499084,0
			36.34500122,-121.897781372,0
			36.34500122,-121.89805603,0
			36.3452758780002,-121.898330688,0
			36.345554351,-121.898612976,0
			36.3458328240001,-121.898612976,0
			36.3461189280001,-121.898605346,0
			36.3463897700001,-121.898330688,0
			36.3466682430002,-121.898612976,0
			36.346942901,-121.898887634,0
			36.347221374,-121.898887634,0
			36.3474998470001,-121.898887634,0
			36.3477783200001,-121.898887634,0
			36.3480567930001,-121.898887634,0
			36.3483314510001,-121.899169922,0
			36.3486099240002,-121.89944458,0
			36.3488883970001,-121.899719238,0
			36.3491668700001,-121.900001526,0
			36.349445344,-121.900276184,0
			36.349723817,-121.900276184,0
			36.3499984740001,-121.900276184,0
			36.3502769470002,-121.900276184,0
			36.35055542,-121.900558472,0
			36.35055542,-121.90083313,0
			36.3508338940002,-121.901107788,0
			36.3508338940002,-121.901390076,0
			36.351112367,-121.901664734,0
			36.3513870240001,-121.901947022,0
			36.3513870240001,-121.90222168,0
			36.3516654970001,-121.902496338,0
			36.3519439710001,-121.902778626,0
			36.3522224440001,-121.903053284,0
			36.3522224440001,-121.90361023,0
			36.3522224440001,-121.903892516,0
			36.3525009170002,-121.904167176,0
			36.3527793900002,-121.904441834,0
			36.3529357920002,-121.904602052,0
			36.3530540470001,-121.90472412,0
			36.353332521,-121.90499878,0
			36.3536109940001,-121.905281066,0
			36.3536109940001,-121.905593871,0
			36.3536109940001,-121.905830384,0
			36.3538894650001,-121.90611267,0
			36.3541679380002,-121.906387328,0
			36.354736329,-121.90648651,0
			36.3551788320001,-121.906700135,0
			36.3555603030002,-121.906959535,0
			36.3558692940001,-121.907264709,0
			36.3561096190001,-121.90750122,0
			36.356388092,-121.907775878,0
			36.356666565,-121.907775878,0
			36.356945038,-121.90750122,0
			36.3571968090002,-121.907562256,0
			36.3574981690001,-121.90750122,0
			36.3577766420001,-121.907218932,0
			36.3580551150002,-121.906944274,0
			36.3583335880001,-121.906669616,0
			36.3586120610001,-121.906669616,0
			36.3588905340001,-121.906387328,0
			36.3591651920001,-121.90611267,0
			36.3594436650001,-121.905830384,0
			36.3597221380002,-121.905555724,0
			36.3597221380002,-121.905281066,0
			36.3597221380002,-121.90499878,0
			36.3597221380002,-121.90472412,0
			36.360000611,-121.904441834,0
			36.3602790840001,-121.90472412,0
			36.360553742,-121.90499878,0
			36.3608322150001,-121.905281066,0
			36.3610534670001,-121.905464172,0
			36.361129761,-121.905525208,0
			36.3613891610001,-121.905830384,0
			36.3616409300001,-121.905868531,0
			36.3619461070001,-121.905830384,0
			36.362220765,-121.905555724,0
			36.3624992380001,-121.905281066,0
			36.3627777110001,-121.905281066,0
			36.3630561840001,-121.90499878,0
			36.3630561840001,-121.90472412,0
			36.3630561840001,-121.904441834,0
			36.363334657,-121.904167176,0
			36.363334657,-121.903892516,0
			36.363334657,-121.90361023,0
			36.3636093150002,-121.903335572,0
			36.3638877880001,-121.90361023,0
			36.3641662610001,-121.90361023,0
			36.3648529060001,-121.903625489,0
			36.365436555,-121.903808594,0
			36.3660049440001,-121.903732299,0
			36.3665313720001,-121.903518676,0
			36.3670845030001,-121.903442383,0
			36.3676490790001,-121.90359497,0
			36.368228914,-121.903724671,0
			36.3688774120001,-121.90361023,0
			36.3695220940001,-121.903442383,0
			36.3701400760001,-121.903358459,0
			36.3706855770002,-121.903526306,0
			36.3711051940002,-121.903854369,0
			36.3714408870002,-121.90423584,0
			36.3716087350002,-121.904685973,0
			36.3716125500001,-121.905166626,0
			36.3714828490001,-121.90562439,0
			36.3714447020002,-121.905776977,0
			36.3713722230002,-121.906066895,0
			36.3712844850002,-121.906463624,0
			36.3713951120002,-121.906822204,0
			36.371562958,-121.90711975,0
			36.3717155450001,-121.90738678,0
			36.371864319,-121.907600402,0
			36.3719482430002,-121.907859802,0
			36.372222901,-121.907775878,0
			36.3725013740001,-121.908058166,0
			36.372776032,-121.908058166,0
			36.3730545050001,-121.908058166,0
			36.3733329780001,-121.908332824,0
			36.3736114510002,-121.908332824,0
			36.373889924,-121.908332824,0
			36.373889924,-121.908058166,0
			36.3741683970001,-121.907775878,0
			36.374443055,-121.90750122,0
			36.374443055,-121.907218932,0
			36.374443055,-121.906944274,0
			36.3747215280001,-121.906669616,0
			36.3750000010001,-121.906387328,0
			36.3750000010001,-121.90611267,0
			36.3752784740001,-121.905830384,0
			36.3755569470002,-121.905830384,0
			36.375831605,-121.905555724,0
			36.376110078,-121.905555724,0
			36.376388551,-121.905555724,0
			36.3766670240001,-121.905555724,0
			36.3769454950001,-121.905555724,0
			36.3772239680002,-121.905555724,0
			36.3774986280002,-121.905555724,0
			36.377777099,-121.905555724,0
			36.3780555720001,-121.905281066,0
			36.3783340450001,-121.905281066,0
			36.3786125180001,-121.90499878,0
			36.3783340450001,-121.90472412,0
			36.3783340450001,-121.904441834,0
			36.3786125180001,-121.904167176,0
			36.3788871760001,-121.903892516,0
			36.3791656490002,-121.90361023,0
			36.3794441220001,-121.903335572,0
			36.3797225950001,-121.903335572,0
			36.3800010680001,-121.903053284,0
			36.3802795410002,-121.902778626,0
			36.3805541990001,-121.902496338,0
			36.3808326720002,-121.90222168,0
			36.381111145,-121.90222168,0
			36.3813896180001,-121.901947022,0
			36.3816680910001,-121.90222168,0
			36.3819427490001,-121.902496338,0
			36.3822212220001,-121.902496338,0
			36.3824996950001,-121.902778626,0
			36.3827781680002,-121.903053284,0
			36.3827781680002,-121.903335572,0
			36.3827781680002,-121.90361023,0
			36.3830566410001,-121.903892516,0
			36.3833351140001,-121.903892516,0
			36.383605957,-121.904022217,0
			36.383735658,-121.904067994,0
			36.3839378350002,-121.904144288,0
			36.3842811580002,-121.904220581,0
			36.384605408,-121.90424347,0
			36.3850250260001,-121.903945923,0
			36.3854103090001,-121.903358459,0
			36.385967255,-121.90284729,0
			36.386535644,-121.902687072,0
			36.386917114,-121.90296936,0
			36.3871917720002,-121.903396606,0
			36.387393952,-121.903846741,0
			36.3876113890001,-121.90424347,0
			36.3878669740001,-121.904571533,0
			36.3880653380002,-121.904914856,0
			36.3882179260002,-121.905288696,0
			36.388381958,-121.905609131,0
			36.388607026,-121.905838012,0
			36.3888511650001,-121.906028748,0
			36.3891677850002,-121.90611267,0
			36.3894462580002,-121.90611267,0
			36.3897209160002,-121.90611267,0
			36.389999389,-121.906387328,0
			36.3902778620001,-121.906387328,0
			36.3905563350001,-121.90611267,0
			36.3908348080001,-121.90611267,0
			36.3911094660001,-121.905860901,0
			36.391387939,-121.905555724,0
			36.391387939,-121.905281066,0
			36.391387939,-121.90499878,0
			36.391666412,-121.90472412,0
			36.391944885,-121.90472412,0
			36.3922233580001,-121.90472412,0
			36.3925018310001,-121.904441834,0
			36.3927764890001,-121.904441834,0
			36.3930549620002,-121.904167176,0
			36.393333435,-121.904441834,0
			36.3936119080001,-121.904441834,0
			36.3938903810001,-121.90472412,0
			36.3941650390001,-121.90499878,0
			36.3944435120001,-121.905281066,0
			36.3947219850002,-121.905555724,0
			36.3947219850002,-121.905830384,0
			36.3948669440002,-121.905975341,0
			36.395000458,-121.90611267,0
			36.3952789310001,-121.906387328,0
			36.3955574040001,-121.906669616,0
			36.3958320620001,-121.906669616,0
			36.3961105350001,-121.906944274,0
			36.3963890080001,-121.907218932,0
			36.3966674810002,-121.907218932,0
			36.396762848,-121.90712738,0
			36.396945954,-121.906944274,0
			36.397220612,-121.906669616,0
			36.397499085,-121.906669616,0
			36.3977775580001,-121.906944274,0
			36.3980560310001,-121.906944274,0
			36.398334504,-121.906944274,0
			36.398612977,-121.907218932,0
			36.398612977,-121.90750122,0
			36.398612977,-121.907775878,0
			36.3988876350001,-121.908058166,0
			36.3988952630002,-121.908309936,0
			36.3988876350001,-121.908607482,0
			36.398612977,-121.90888977,0
			36.398334504,-121.909164428,0
			36.3980560310001,-121.909446716,0
			36.3980560310001,-121.909721374,0
			36.398334504,-121.910003662,0
			36.398334504,-121.91027832,0
			36.398612977,-121.910552978,0
			36.3988876350001,-121.910835266,0
			36.3988876350001,-121.911109924,0
			36.3988876350001,-121.911392212,0
			36.3988876350001,-121.91166687,0
			36.3988876350001,-121.911941528,0
			36.3991661080001,-121.912223816,0
			36.3997039790001,-121.912834168,0
			36.4002075200001,-121.913352967,0
			36.400718689,-121.913879394,0
			36.4012565610001,-121.914382935,0
			36.4019432060002,-121.914718628,0
			36.402221679,-121.915000916,0
			36.4025001520001,-121.915275574,0
			36.4025001520001,-121.91555786,0
			36.4027786250001,-121.91583252,0
			36.4030570980001,-121.916114807,0
			36.4033317560001,-121.916389464,0
			36.4036102290002,-121.916664124,0
			36.4038887020002,-121.916664124,0
			36.4041671750001,-121.916389464,0
			36.4044456480001,-121.916389464,0
			36.4047241210001,-121.916114807,0
			36.4050445560001,-121.916069031,0
			36.4052772520001,-121.91583252,0
			36.405555725,-121.91583252,0
			36.405834198,-121.91583252,0
			36.4061126710001,-121.91583252,0
			36.4063873290001,-121.91583252,0
			36.4066658020001,-121.916114807,0
			36.4069442750002,-121.916114807,0
			36.407222748,-121.916114807,0
			36.4075012210001,-121.916114807,0
			36.407775879,-121.916389464,0
			36.407989502,-121.916687011,0
			36.4083671570001,-121.916702271,0
			36.4086112980002,-121.91694641,0
			36.4088897710002,-121.91694641,0
			36.4091682440001,-121.91694641,0
			36.4094429020002,-121.917221068,0
			36.4097213750001,-121.917503357,0
			36.4099998480001,-121.917503357,0
			36.4102783210001,-121.917778014,0
			36.4105567920002,-121.918052672,0
			36.410831452,-121.918052672,0
			36.411109925,-121.91833496,0
			36.411388398,-121.91833496,0
			36.4116668690001,-121.918609618,0
			36.4119453420001,-121.918609618,0
			36.412776946,-121.91833496,0
			36.413055419,-121.918052672,0
			36.4133338920001,-121.917778014,0
			36.4138870230001,-121.917778014,0
			36.4141349800001,-121.917564392,0
			36.414443969,-121.917503357,0
			36.4147224430001,-121.917503357,0
			36.4150009160002,-121.917221068,0
			36.415279389,-121.91694641,0
			36.4155540460001,-121.917221068,0
			36.4158325190002,-121.917503357,0
			36.4161109930001,-121.917503357,0
			36.4163894660002,-121.917778014,0
			36.416667939,-121.918052672,0
			36.4169425960001,-121.91833496,0
			36.416984558,-121.918647765,0
			36.41722107,-121.918891907,0
			36.41722107,-121.919166564,0
			36.4174995430001,-121.919441222,0
			36.4174995430001,-121.91972351,0
			36.4174995430001,-121.919998168,0
			36.4177780160001,-121.919998168,0
			36.4180564890002,-121.919998168,0
			36.4183349620002,-121.920280457,0
			36.4186096200002,-121.920555114,0
			36.4188880930002,-121.920555114,0
			36.4191665660001,-121.920280457,0
			36.4188880930002,-121.919998168,0
			36.4186096200002,-121.91972351,0
			36.4188880930002,-121.919441222,0
			36.4188880930002,-121.919166564,0
			36.4188880930002,-121.918891907,0
			36.4186096200002,-121.91860199,0
			36.4186096200002,-121.91833496,0
			36.4183349620002,-121.918052672,0
			36.4180564890002,-121.917778014,0
			36.4177780160001,-121.917503357,0
			36.4174995430001,-121.917221068,0
			36.4174995430001,-121.91694641,0
			36.4177780160001,-121.916664124,0
			36.4180564890002,-121.916664124,0
			36.4183349620002,-121.916664124,0
			36.4186096200002,-121.916389464,0
			36.4188880930002,-121.916114807,0
			36.4191665660001,-121.91583252,0
			36.4194450390001,-121.91555786,0
			36.4197235120001,-121.915275574,0
			36.4199981700001,-121.915275574,0
			36.4202766430001,-121.915000916,0
			36.420555116,-121.915000916,0
			36.420833589,-121.915000916,0
			36.4211120620001,-121.915000916,0
			36.4213905350001,-121.914718628,0
			36.4216651930001,-121.914718628,0
			36.4219436660002,-121.914718628,0
			36.422222139,-121.914718628,0
			36.42250061,-121.915000916,0
			36.4227790830001,-121.915000916,0
			36.4230537430001,-121.914718628,0
			36.4233322140001,-121.914718628,0
			36.4236106870002,-121.914718628,0
			36.42388916,-121.91444397,0
			36.424167633,-121.91444397,0
			36.4244461060001,-121.91444397,0
			36.4247207640001,-121.91444397,0
			36.4249992370001,-121.91444397,0
			36.4252777100002,-121.91444397,0
			36.425556183,-121.914718628,0
			36.4258346560001,-121.914718628,0
			36.426109314,-121.915000916,0
			36.426109314,-121.915275574,0
			36.4263877870001,-121.91555786,0
			36.4263877870001,-121.91583252,0
			36.4263877870001,-121.916114807,0
			36.4263877870001,-121.916389464,0
			36.4266662600001,-121.91671753,0
			36.4269447330001,-121.916664124,0
			36.4272193910001,-121.916732788,0
			36.427501679,-121.916664124,0
			36.427776337,-121.916664124,0
			36.42805481,-121.916664124,0
			36.4283332830001,-121.916664124,0
			36.4286117560001,-121.91694641,0
			36.4288902290002,-121.917221068,0
			36.4291648870002,-121.917503357,0
			36.4294433600001,-121.917778014,0
			36.4297218330001,-121.918052672,0
			36.4300003060001,-121.918052672,0
			36.4302787790002,-121.91833496,0
			36.430557252,-121.918609618,0
			36.4308319100002,-121.918891907,0
			36.431110383,-121.919166564,0
			36.4313888560001,-121.919441222,0
			36.4316673290001,-121.919166564,0
			36.4319458020001,-121.919166564,0
			36.4322204600001,-121.919441222,0
			36.4324989330001,-121.91972351,0
			36.4328002920001,-121.919822693,0
			36.4330749520001,-121.920021057,0
			36.4333419800002,-121.920288087,0
			36.4336280830001,-121.920562745,0
			36.4339561460002,-121.920814514,0
			36.4343376160002,-121.920974732,0
			36.43479538,-121.921028137,0
			36.4352951060001,-121.920959473,0
			36.4356994630001,-121.921241759,0
			36.4360847480001,-121.921569824,0
			36.4364051810001,-121.921951295,0
			36.4367561350002,-121.922309876,0
			36.4371147170002,-121.922668456,0
			36.4373283390001,-121.922882081,0
			36.4374847420002,-121.923042298,0
			36.4378662120001,-121.92338562,0
			36.4383277890001,-121.923622131,0
			36.4387779240002,-121.923889161,0
			36.4392204280001,-121.92414093,0
			36.4396514900002,-121.924392699,0
			36.44001007,-121.924705506,0
			36.4403419500001,-121.925033569,0
			36.4406394970001,-121.925407409,0
			36.4410896300001,-121.925613404,0
			36.4414901740001,-121.925498963,0
			36.4418983460001,-121.925453186,0
			36.4426536560001,-121.925354004,0
			36.4433097840002,-121.925582885,0
			36.4438438420001,-121.925979614,0
			36.444267274,-121.926467896,0
			36.4447059630002,-121.92691803,0
			36.4451713570001,-121.927276612,0
			36.4456558220001,-121.927482604,0
			36.4459571840002,-121.927871705,0
			36.4461364750002,-121.928283692,0
			36.4463653570001,-121.928657532,0
			36.4465637220001,-121.92904663,0
			36.4468040460001,-121.929405212,0
			36.4470825190001,-121.9296875,0
			36.4473876960001,-121.929908753,0
			36.4476432800001,-121.930160522,0
			36.4478225710001,-121.930465699,0
			36.4480056770001,-121.930732726,0
			36.4483337400002,-121.930557251,0
			36.448612213,-121.930274963,0
			36.4488906860001,-121.930274963,0
			36.449150086,-121.930236816,0
			36.4496078500001,-121.929771424,0
			36.4496574400001,-121.929718019,0
			36.4502220160001,-121.929450989,0
			36.4507484430001,-121.929664611,0
			36.4512252810001,-121.930076598,0
			36.451717376,-121.930473327,0
			36.4522361750001,-121.93082428,0
			36.4527587900002,-121.931167602,0
			36.452835083,-121.931221009,0
			36.453277589,-121.931587219,0
			36.453853608,-121.931854249,0
			36.4547233590001,-121.931663513,0
			36.4547233590001,-121.931388855,0
			36.4547233590001,-121.931114197,0
			36.4547233590001,-121.930831909,0
			36.4547233590001,-121.930557251,0
			36.4544754030001,-121.930519104,0
			36.4541664130001,-121.930274963,0
			36.4538879400002,-121.930274963,0
			36.4536094670001,-121.930000305,0
			36.4536094670001,-121.929725647,0
			36.4538879400002,-121.929443359,0
			36.4541664130001,-121.929168701,0
			36.4541664130001,-121.928886415,0
			36.4541664130001,-121.928611755,0
			36.4538879400002,-121.928337097,0
			36.4536094670001,-121.928054809,0
			36.4533348090002,-121.927780151,0
			36.4536094670001,-121.927497865,0
			36.4536094670001,-121.927223205,0
			36.4538879400002,-121.926940918,0
			36.4538879400002,-121.926666261,0
			36.4538879400002,-121.926391601,0
			36.4541664130001,-121.926109315,0
			36.4544448860001,-121.925834657,0
			36.4547233590001,-121.926109315,0
			36.4550018320002,-121.926109315,0
			36.4552764900001,-121.925834657,0
			36.455554963,-121.925834657,0
			36.455833436,-121.925552368,0
			36.4561119090001,-121.925834657,0
			36.4563903800001,-121.926109315,0
			36.4566650400001,-121.926391601,0
			36.4569435130002,-121.926391601,0
			36.4572219840002,-121.926109315,0
			36.457500457,-121.926391601,0
			36.4577789300001,-121.926666261,0
			36.4580574030001,-121.926940918,0
			36.4583320610001,-121.927223205,0
			36.4586105340002,-121.927497865,0
			36.458889007,-121.927497865,0
			36.45916748,-121.927497865,0
			36.4594459530001,-121.927497865,0
			36.4597206110001,-121.927497865,0
			36.4599990840001,-121.927223205,0
			36.4602775570002,-121.927497865,0
			36.4605560300002,-121.927780151,0
			36.4608345030001,-121.927497865,0
			36.4611129760001,-121.927497865,0
			36.4613876340001,-121.927780151,0
			36.4616661070001,-121.928054809,0
			36.4619445800001,-121.928337097,0
			36.4622230530002,-121.928611755,0
			36.462501526,-121.928611755,0
			36.462776184,-121.928886415,0
			36.463054657,-121.928886415,0
			36.4633331300001,-121.929168701,0
			36.4636116030001,-121.929443359,0
			36.4636116030001,-121.929725647,0
			36.4638900760002,-121.930000305,0
			36.4641685490002,-121.930274963,0
			36.464443207,-121.930557251,0
			36.4647216800001,-121.930831909,0
			36.4652290340001,-121.931060792,0
			36.4656219480001,-121.931236267,0
			36.4659538280001,-121.931510925,0
			36.4662704480001,-121.93182373,0
			36.4665718070001,-121.932159423,0
			36.4668006900001,-121.932563782,0
			36.4669837960002,-121.933036804,0
			36.4672470090002,-121.933456421,0
			36.4674682620001,-121.933906555,0
			36.4677200310001,-121.9343338,0
			36.4681472780002,-121.934677124,0
			36.4683837890001,-121.934776306,0
			36.468734741,-121.934921265,0
			36.4693450920001,-121.935165404,0
			36.4697036740001,-121.935653687,0
			36.470077514,-121.936157226,0
			36.4705085760002,-121.936584473,0
			36.4710273740001,-121.936920166,0
			36.4716682430001,-121.937225341,0
			36.4719123850001,-121.937522887,0
			36.4722213740001,-121.937500001,0
			36.4724998470002,-121.937500001,0
			36.47277832,-121.937774659,0
			36.473056793,-121.938056947,0
			36.473331451,-121.938331605,0
			36.4736099240001,-121.938331605,0
			36.4738883970001,-121.938056947,0
			36.4741668700001,-121.938056947,0
			36.4744453430002,-121.937774659,0
			36.4747238160001,-121.937500001,0
			36.4749984740002,-121.937774659,0
			36.4752769470001,-121.938056947,0
			36.4755554200001,-121.938331605,0
			36.4758338930001,-121.938613891,0
			36.4761123660002,-121.938888551,0
			36.4763870240001,-121.938888551,0
			36.476665497,-121.938888551,0
			36.47694397,-121.939163209,0
			36.4772567750001,-121.939483642,0
			36.4775009160001,-121.939720155,0
			36.4777793890001,-121.940002441,0
			36.4780540470002,-121.939720155,0
			36.47833252,-121.939720155,0
			36.4786109930001,-121.939720155,0
			36.4787673960001,-121.939567565,0
			36.4788894660001,-121.939445495,0
			36.479167938,-121.939445495,0
			36.4794425970001,-121.939445495,0
			36.4797210700002,-121.939445495,0
			36.4799995420001,-121.939163209,0
			36.4802780150001,-121.938888551,0
			36.4805564880002,-121.938613891,0
			36.480834961,-121.938331605,0
			36.4811096180001,-121.938056947,0
			36.481388092,-121.938331605,0
			36.481388092,-121.938613891,0
			36.4816665650001,-121.938888551,0
			36.4819450380001,-121.939163209,0
			36.4819450380001,-121.939445495,0
			36.4816665650001,-121.939720155,0
			36.4813728330001,-121.940048218,0
			36.4811096180001,-121.940277099,0
			36.481388092,-121.940551759,0
			36.4816932680001,-121.940605164,0
			36.4822654720002,-121.941055298,0
			36.482776642,-121.941390991,0
			36.4830551150001,-121.941108703,0
			36.4833335880001,-121.941390991,0
			36.4836120610001,-121.941390991,0
			36.4838905340002,-121.941665649,0
			36.4841651920001,-121.941947937,0
			36.4844436650002,-121.942222595,0
			36.4847221380001,-121.942222595,0
			36.4850006110001,-121.941947937,0
			36.4852790840001,-121.941665649,0
			36.4855537420001,-121.941665649,0
			36.4858322150001,-121.941665649,0
			36.4861640930001,-121.941627502,0
			36.486389161,-121.941947937,0
			36.4866676340001,-121.942222595,0
			36.4869461070001,-121.942222595,0
			36.4872207650001,-121.942497253,0
			36.4875030530002,-121.942214967,0
			36.487777711,-121.941947937,0
			36.488056184,-121.941665649,0
			36.4883346570001,-121.941665649,0
			36.4886093150001,-121.941947937,0
			36.4888877880001,-121.941947937,0
			36.4891662610002,-121.941947937,0
			36.4891662610002,-121.942222595,0
			36.4888877880001,-121.942497253,0
			36.4888877880001,-121.942779541,0
			36.4888877880001,-121.942855835,0
			36.4888877880001,-121.943054199,0
			36.4888877880001,-121.943336487,0
			36.4886093150001,-121.943611145,0
			36.4883346570001,-121.943611145,0
			36.488056184,-121.943885803,0
			36.487777711,-121.943885803,0
			36.4874992380002,-121.944168091,0
			36.4872207650001,-121.944442749,0
			36.4872207650001,-121.944725037,0
			36.4872207650001,-121.944999695,0
			36.4874992380002,-121.945274353,0
			36.487777711,-121.945556641,0
			36.488056184,-121.945831299,0
			36.4883346570001,-121.945831299,0
			36.4886093150001,-121.945831299,0
			36.4888877880001,-121.946113587,0
			36.4891662610002,-121.946388245,0
			36.4897499080002,-121.94682312,0
			36.4903411860001,-121.947273254,0
			36.4905548110001,-121.947219849,0
			36.4908332840001,-121.946945191,0
			36.4908332840001,-121.946662903,0
			36.4908332840001,-121.946388245,0
			36.4911117550002,-121.946113587,0
			36.4913902280001,-121.945831299,0
			36.491664888,-121.945831299,0
			36.4919433590001,-121.945556641,0
			36.4922218320001,-121.945556641,0
			36.49256897,-121.945625304,0
			36.492683411,-121.9454422,0
			36.4927749630001,-121.945297241,0
			36.4930152890001,-121.945037842,0
			36.4932403570001,-121.944755554,0
			36.4933319090002,-121.944442749,0
			36.4933319090002,-121.944168091,0
			36.493610382,-121.943885803,0
			36.4938888550001,-121.943611145,0
			36.4941673280001,-121.943336487,0
			36.4941673280001,-121.943054199,0
			36.4944458010002,-121.942779541,0
			36.4947204590002,-121.942497253,0
			36.4947204590002,-121.942222595,0
			36.494998932,-121.941947937,0
			36.495277405,-121.941665649,0
			36.495277405,-121.941390991,0
			36.4955558780001,-121.941108703,0
			36.4958343510001,-121.940834045,0
			36.4961128240001,-121.940551759,0
			36.4963874820002,-121.940551759,0
			36.496665955,-121.940551759,0
			36.4969444280001,-121.940277099,0
			36.4972229010001,-121.940002441,0
			36.4975013740001,-121.939720155,0
			36.4977760320001,-121.939445495,0
			36.4980545050001,-121.939163209,0
			36.4983329780002,-121.939163209,0
			36.498611451,-121.939163209,0
			36.4988899240001,-121.939163209,0
			36.4991683970001,-121.939445495,0
			36.4991722120002,-121.939651489,0
			36.4991683970001,-121.940002441,0
			36.499465943,-121.940444946,0
			36.4998397830001,-121.940841675,0
			36.5001449580002,-121.94126892,0
			36.500457765,-121.941619874,0
			36.5007972710001,-121.941886902,0
			36.5011711130001,-121.942085266,0
			36.5013885510002,-121.942497253,0
			36.501667024,-121.942779541,0
			36.501945495,-121.943054199,0
			36.5022239680001,-121.943054199,0
			36.5024986280001,-121.942779541,0
			36.5027770990001,-121.942497253,0
			36.5027770990001,-121.942222595,0
			36.5027770990001,-121.941947937,0
			36.5027656560001,-121.941688537,0
			36.5028343210002,-121.941337586,0
			36.503074645,-121.940940857,0
			36.503334045,-121.940574645,0
			36.5036163330001,-121.94026184,0
			36.503902436,-121.939971924,0
			36.504192352,-121.939712525,0
			36.504516602,-121.939559937,0
			36.5049514780001,-121.939659119,0
			36.5055313100002,-121.940063476,0
			36.5061187750002,-121.940414428,0
			36.506332398,-121.940795898,0
			36.5063552860001,-121.94115448,0
			36.5062713620001,-121.941467285,0
			36.5061492920001,-121.941734314,0
			36.506141664,-121.942031861,0
			36.5058326720001,-121.942222595,0
			36.5058326720001,-121.942497253,0
			36.5055541990002,-121.942779541,0
			36.5055541990002,-121.943054199,0
			36.5055541990002,-121.943336487,0
			36.5055541990002,-121.943611145,0
			36.5055541990002,-121.943885803,0
			36.505279541,-121.944168091,0
			36.505279541,-121.944442749,0
			36.5055541990002,-121.944725037,0
			36.5055541990002,-121.944999695,0
			36.5058326720001,-121.945274353,0
			36.5058326720001,-121.945556641,0
			36.5058326720001,-121.945831299,0
			36.5061111450001,-121.946113587,0
			36.5063896180001,-121.946388245,0
			36.5066680910002,-121.946388245,0
			36.5069427490001,-121.946113587,0
			36.5072212220002,-121.946113587,0
			36.507499695,-121.946113587,0
			36.5077781680001,-121.945831299,0
			36.5080566410001,-121.945831299,0
			36.5083351140001,-121.945556641,0
			36.5083351140001,-121.945274353,0
			36.5080566410001,-121.944999695,0
			36.5077781680001,-121.944725037,0
			36.5077781680001,-121.944442749,0
			36.5077781680001,-121.944168091,0
			36.5077781680001,-121.943885803,0
			36.5080566410001,-121.943611145,0
			36.5083351140001,-121.943336487,0
			36.5086097720002,-121.943336487,0
			36.5086135870002,-121.943244935,0
			36.5086212150001,-121.943069457,0
			36.5093040470001,-121.943161011,0
			36.5099830640001,-121.94329071,0
			36.5107193000001,-121.943321229,0
			36.5112800600001,-121.943603515,0
			36.5117111200001,-121.944061279,0
			36.512111664,-121.944580078,0
			36.5124473570002,-121.945159912,0
			36.5126724250001,-121.945854187,0
			36.5128021240001,-121.946548462,0
			36.513038635,-121.947181702,0
			36.5133438110001,-121.947761537,0
			36.5137023930001,-121.948303222,0
			36.5140953060002,-121.948814391,0
			36.5145072930001,-121.949302674,0
			36.5149536140001,-121.949737549,0
			36.515365601,-121.950187683,0
			36.5156288160001,-121.950729371,0
			36.5158996580001,-121.951263428,0
			36.5162048350002,-121.951766967,0
			36.5164871210001,-121.952262878,0
			36.5167312620001,-121.952789307,0
			36.5169525150001,-121.953315735,0
			36.51720047,-121.953811645,0
			36.5175323500001,-121.954223632,0
			36.517776489,-121.954444885,0
			36.5180549620001,-121.954719543,0
			36.5183334350001,-121.955001831,0
			36.5186119080001,-121.955001831,0
			36.5188903810002,-121.955001831,0
			36.5191650390001,-121.955001831,0
			36.5194435120002,-121.954719543,0
			36.5194435120002,-121.954444885,0
			36.5194435120002,-121.954170227,0
			36.5194435120002,-121.953887939,0
			36.5194435120002,-121.953613281,0
			36.5194435120002,-121.953330993,0
			36.5191650390001,-121.953056335,0
			36.5191650390001,-121.952774047,0
			36.5188903810002,-121.952499389,0
			36.5186119080001,-121.952224731,0
			36.5186119080001,-121.951942443,0
			36.5188903810002,-121.951667785,0
			36.5191650390001,-121.951385499,0
			36.5194435120002,-121.951385499,0
			36.519721985,-121.951667785,0
			36.5200004580001,-121.951942443,0
			36.5202789310001,-121.952224731,0
			36.5202789310001,-121.952499389,0
			36.5202789310001,-121.952774047,0
			36.5205574040002,-121.953056335,0
			36.5205574040002,-121.953330993,0
			36.5205574040002,-121.953613281,0
			36.5205574040002,-121.953887939,0
			36.5208320620001,-121.954170227,0
			36.5211105350002,-121.954444885,0
			36.521389008,-121.954719543,0
			36.5218009950001,-121.954994201,0
			36.5224266050002,-121.955368043,0
			36.5231437680001,-121.955436706,0
			36.5238380430001,-121.955101013,0
			36.52425766,-121.954444885,0
			36.52425766,-121.953773498,0
			36.524219513,-121.953071593,0
			36.523895263,-121.952529908,0
			36.523460388,-121.952018739,0
			36.5231208800001,-121.951385499,0
			36.5229492190001,-121.950630189,0
			36.523006439,-121.94997406,0
			36.5234031680001,-121.949661256,0
			36.5238151550001,-121.949287416,0
			36.52414322,-121.948730469,0
			36.5244407660001,-121.948104858,0
			36.5247535710001,-121.947517395,0
			36.5247497560001,-121.947044373,0
			36.5245666500001,-121.94670105,0
			36.5243072500001,-121.946426392,0
			36.523998261,-121.946205139,0
			36.5237464910002,-121.945846557,0
			36.5234832760001,-121.945449829,0
			36.5233001700001,-121.944992065,0
			36.5229988110001,-121.944519042,0
			36.5224723820002,-121.944068909,0
			36.5219955440001,-121.943489074,0
			36.521636963,-121.942993163,0
			36.5216827390001,-121.942741394,0
			36.5218887340002,-121.942581177,0
			36.5222549440001,-121.942481994,0
			36.5226745610001,-121.942298888,0
			36.5229415890001,-121.942077638,0
			36.5231819150001,-121.941627502,0
			36.5233001700001,-121.941032409,0
			36.5229301450001,-121.940498352,0
			36.5227432240002,-121.940376281,0
			36.5223884580001,-121.94015503,0
			36.5218696610001,-121.940223694,0
			36.5213470460001,-121.940193177,0
			36.5208435050001,-121.940055848,0
			36.5203514100002,-121.940071106,0
			36.5198898330001,-121.940101623,0
			36.519493104,-121.939743041,0
			36.5192260740001,-121.939224244,0
			36.5192260740001,-121.938667298,0
			36.5194854740001,-121.938224792,0
			36.5199050910001,-121.937919616,0
			36.520439149,-121.937797547,0
			36.5209960950001,-121.937820434,0
			36.521530152,-121.938018798,0
			36.5220794680001,-121.938140869,0
			36.5225601200002,-121.938293458,0
			36.5231361400002,-121.938140869,0
			36.5236625670001,-121.937614441,0
			36.5239601140001,-121.936897278,0
			36.5239677440001,-121.936203003,0
			36.5242271430001,-121.935577393,0
			36.5245399480002,-121.935012817,0
			36.5245628370002,-121.934394836,0
			36.524372101,-121.933776856,0
			36.5242233280001,-121.933082581,0
			36.524124146,-121.932350159,0
			36.524002076,-121.931625366,0
			36.5240135190001,-121.930900574,0
			36.5238876350001,-121.930335998,0
			36.5236206050002,-121.929946899,0
			36.5233459470001,-121.929580688,0
			36.5230903630001,-121.929222108,0
			36.5228538520001,-121.928894043,0
			36.5228843680001,-121.928512572,0
			36.5232353220001,-121.928108216,0
			36.5236053470002,-121.927688599,0
			36.5239601140001,-121.927276612,0
			36.5243148800002,-121.926902772,0
			36.5245933530001,-121.926490783,0
			36.5248031610002,-121.926078796,0
			36.5250282290002,-121.925872803,0
			36.52527237,-121.925827026,0
			36.5254974360001,-121.925842285,0
			36.5256996150001,-121.925918578,0
			36.5258636480001,-121.926124573,0
			36.5260238650001,-121.926338195,0
			36.5261306760002,-121.926612853,0
			36.5262985230001,-121.92680359,0
			36.5266609200002,-121.926811218,0
			36.5274200440001,-121.926582337,0
			36.5280761720002,-121.926605225,0
			36.528755188,-121.926567078,0
			36.5294075010001,-121.926414489,0
			36.5300559990001,-121.926307679,0
			36.5306625380001,-121.926406861,0
			36.5310783400001,-121.926765443,0
			36.5314331060001,-121.927215576,0
			36.531848908,-121.927612305,0
			36.5323524470001,-121.92793274,0
			36.5327835090002,-121.928321838,0
			36.533210755,-121.928703309,0
			36.5336914070002,-121.929016113,0
			36.534160614,-121.929374695,0
			36.5346603400001,-121.929718019,0
			36.5352210990001,-121.929908753,0
			36.5352935800001,-121.929931641,0
			36.5359001160001,-121.929862976,0
			36.536510467,-121.929908753,0
			36.5370712280001,-121.930107117,0
			36.5375747690002,-121.93044281,0
			36.5380210880001,-121.930931091,0
			36.5382690440001,-121.931259156,0
			36.538440705,-121.931488037,0
			36.538825988,-121.93209076,0
			36.5390968330001,-121.932716369,0
			36.5394172680001,-121.933334351,0
			36.5397224420001,-121.933891297,0
			36.5397224420001,-121.934165955,0
			36.5397224420001,-121.934448243,0
			36.5400009150002,-121.934722901,0
			36.5400009150002,-121.934997559,0
			36.540279388,-121.935279847,0
			36.5405540460002,-121.935279847,0
			36.540832519,-121.935279847,0
			36.5411109920001,-121.934997559,0
			36.5412750250001,-121.934837341,0
			36.5413894650001,-121.934722901,0
			36.5416679380002,-121.934722901,0
			36.5419425960001,-121.934448243,0
			36.5422210690002,-121.934165955,0
			36.542499542,-121.933891297,0
			36.5427780150001,-121.933891297,0
			36.5430564880001,-121.933891297,0
			36.5433349620001,-121.933891297,0
			36.5436096190002,-121.933891297,0
			36.543888092,-121.933891297,0
			36.544166565,-121.933891297,0
			36.544445038,-121.933891297,0
			36.5447235120002,-121.933609009,0
			36.5449981690001,-121.933334351,0
			36.5454025260001,-121.932998657,0
			36.545738219,-121.932632446,0
			36.5456924440001,-121.932327271,0
			36.5455398570002,-121.932022094,0
			36.545398713,-121.931724548,0
			36.5454750070001,-121.93144226,0
			36.5459556590001,-121.931144713,0
			36.546382904,-121.930664063,0
			36.546730041,-121.929946899,0
			36.5471229560001,-121.929527282,0
			36.547523498,-121.92932129,0
			36.5479240420001,-121.929206847,0
			36.5483169550001,-121.929168701,0
			36.548686982,-121.929161072,0
			36.5490150450001,-121.929183959,0
			36.549297333,-121.929298401,0
			36.5494461060002,-121.929443359,0
			36.5497207640001,-121.929168701,0
			36.5499992370002,-121.929168701,0
			36.55027771,-121.929168701,0
			36.5505561830001,-121.929168701,0
			36.5508346560001,-121.929168701,0
			36.5511093140001,-121.929443359,0
			36.5513877870001,-121.929443359,0
			36.5516662600002,-121.929725647,0
			36.551944733,-121.929725647,0
			36.5522232060001,-121.929725647,0
			36.5525016790001,-121.930000305,0
			36.5527763370001,-121.930000305,0
			36.5530548100001,-121.930000305,0
			36.553333283,-121.930000305,0
			36.553611756,-121.930000305,0
			36.553890229,-121.930274963,0
			36.5541648870001,-121.930274963,0
			36.5544433600001,-121.930557251,0
			36.5547218330001,-121.930557251,0
			36.5550003060002,-121.930831909,0
			36.555278779,-121.930831909,0
			36.5555572520001,-121.930831909,0
			36.5558319100001,-121.930831909,0
			36.5561103830001,-121.930831909,0
			36.5563888560001,-121.931114197,0
			36.5566673290002,-121.931388855,0
			36.556945802,-121.931663513,0
			36.5572204600002,-121.931663513,0
			36.557498933,-121.931945801,0
			36.5577774060001,-121.932220459,0
			36.5580558790001,-121.932220459,0
			36.5583343520001,-121.932502747,0
			36.558612823,-121.932502747,0
			36.558887483,-121.932502747,0
			36.559165956,-121.932502747,0
			36.5594444270001,-121.932502747,0
			36.5597229000001,-121.932777405,0
			36.5600013730001,-121.933052063,0
			36.5600013730001,-121.933334351,0
			36.5600013730001,-121.933609009,0
			36.5602760330002,-121.933891297,0
			36.5605201720002,-121.934196471,0
			36.560832977,-121.934165955,0
			36.5611114500001,-121.934165955,0
			36.5613899230001,-121.934165955,0
			36.5616683960001,-121.934448243,0
			36.5619430540002,-121.934722901,0
			36.5622215270002,-121.934997559,0
			36.5625000000001,-121.935279847,0
			36.5622215270002,-121.935554505,0
			36.5619430540002,-121.935836793,0
			36.5619430540002,-121.936111451,0
			36.5617027280002,-121.93635559,0
			36.5613899230001,-121.936668397,0
			36.5613899230001,-121.936943055,0
			36.5613899230001,-121.937225341,0
			36.5613899230001,-121.937500001,0
			36.560955047,-121.937973023,0
			36.5604476930001,-121.938407898,0
			36.5597877500002,-121.938743592,0
			36.5595092770001,-121.939193725,0
			36.5594367990001,-121.939697266,0
			36.5593872060001,-121.940208435,0
			36.5593032850001,-121.940696716,0
			36.5595588690001,-121.941230773,0
			36.5599632260001,-121.941802978,0
			36.5604782100001,-121.942092896,0
			36.560993194,-121.942321777,0
			36.5615272520002,-121.94228363,0
			36.5620079040002,-121.941864013,0
			36.5622482300001,-121.941558838,0
			36.5624389640001,-121.941314697,0
			36.5628395080001,-121.940719604,0
			36.5633621220001,-121.940246582,0
			36.563976289,-121.939979552,0
			36.5645828250002,-121.940032959,0
			36.5650863660002,-121.940315246,0
			36.565425874,-121.940757751,0
			36.56554413,-121.941368102,0
			36.5655593880001,-121.942039489,0
			36.5655555730002,-121.942710877,0
			36.565540314,-121.942848206,0
			36.5654869070001,-121.943344117,0
			36.565216064,-121.943847656,0
			36.5648803710001,-121.944274903,0
			36.5645828250002,-121.944633483,0
			36.5645675660001,-121.944999695,0
			36.5649642950001,-121.945350646,0
			36.5654335020001,-121.945724487,0
			36.5658416760001,-121.946159362,0
			36.5661201470002,-121.946693419,0
			36.5663909920001,-121.947242737,0
			36.5666542050001,-121.947784423,0
			36.5668716440001,-121.948333741,0
			36.5670433050001,-121.948883057,0
			36.5670890820001,-121.949134826,0
			36.5671386720002,-121.949394226,0
			36.566951751,-121.949829101,0
			36.5666961660001,-121.95022583,0
			36.56646347,-121.950416566,0
			36.5663452150001,-121.950515746,0
			36.565868378,-121.950668335,0
			36.5653877250001,-121.950805664,0
			36.564891814,-121.950828553,0
			36.5644035340001,-121.950836181,0
			36.5639534,-121.950881958,0
			36.5635757450002,-121.951057434,0
			36.5632019050001,-121.951095581,0
			36.5628547660001,-121.951019287,0
			36.5625305180001,-121.950874328,0
			36.5622100830001,-121.950805664,0
			36.561935426,-121.950675964,0
			36.561676026,-121.950569153,0
			36.56144333,-121.950553895,0
			36.5611114500001,-121.950836181,0
			36.5611114500001,-121.951110839,0
			36.5611114500001,-121.951385499,0
			36.560832977,-121.951385499,0
			36.5606613160001,-121.95162201,0
			36.560390473,-121.952011108,0
			36.560184479,-121.952507019,0
			36.560234071,-121.953193664,0
			36.5602874760001,-121.953956604,0
			36.5604057310001,-121.954696654,0
			36.5607452400001,-121.955268861,0
			36.5611610420001,-121.9557724,0
			36.561603545,-121.95626068,0
			36.5620040890001,-121.956764221,0
			36.5624618530002,-121.957191466,0
			36.562969209,-121.95754242,0
			36.5634574890001,-121.95791626,0
			36.5639228820002,-121.958312989,0
			36.5643615720001,-121.958724976,0
			36.5647125260001,-121.95919037,0
			36.5649566650002,-121.959701539,0
			36.5650978090001,-121.960258485,0
			36.5651969910002,-121.960830689,0
			36.5654525760001,-121.961372375,0
			36.5658187870001,-121.961868285,0
			36.566123962,-121.962417603,0
			36.5662460330001,-121.962623596,0
			36.56639862,-121.963050843,0
			36.5666160580001,-121.96372223,0
			36.56678772,-121.964378358,0
			36.5671272290002,-121.964881897,0
			36.567535401,-121.965301514,0
			36.5679969800001,-121.965675354,0
			36.5682716380001,-121.966163634,0
			36.5682563790002,-121.966796874,0
			36.5681877140001,-121.967414855,0
			36.568294526,-121.968048095,0
			36.568378448,-121.968696595,0
			36.5684967030002,-121.969314574,0
			36.5684509280002,-121.969917297,0
			36.5686073310001,-121.97050476,0
			36.568908692,-121.97103119,0
			36.5692749020001,-121.971481323,0
			36.5696907040001,-121.971839905,0
			36.5701713570002,-121.972000122,0
			36.5703506470001,-121.971992492,0
			36.5706939710001,-121.971977234,0
			36.5712165830001,-121.971969604,0
			36.5717124940001,-121.972045897,0
			36.5721282960002,-121.972297669,0
			36.5724868780002,-121.972633362,0
			36.5728225710001,-121.972976684,0
			36.5731735220002,-121.973304749,0
			36.5735435490001,-121.973587037,0
			36.573959351,-121.973815918,0
			36.574443817,-121.973983765,0
			36.57472229,-121.973609925,0
			36.575000763,-121.973609925,0
			36.5752792360001,-121.973609925,0
			36.5755538940001,-121.973609925,0
			36.5758323670001,-121.973892211,0
			36.5761108400002,-121.974166869,0
			36.5761108400002,-121.974441529,0
			36.5761108400002,-121.974723815,0
			36.5761108400002,-121.974998473,0
			36.5758323670001,-121.975280761,0
			36.5755538940001,-121.975555419,0
			36.5755805980002,-121.975753784,0
			36.5755882260001,-121.975830077,0
			36.5755538940001,-121.976112365,0
			36.5758323670001,-121.976387023,0
			36.5761108400002,-121.976669311,0
			36.576389313,-121.976943969,0
			36.5766677860001,-121.976943969,0
			36.5769462590001,-121.976943969,0
			36.5772361750001,-121.976730347,0
			36.5774993900001,-121.976669311,0
			36.5777778630002,-121.976943969,0
			36.578056336,-121.976943969,0
			36.5783348090001,-121.977218627,0
			36.578609467,-121.977218627,0
			36.5788879400001,-121.977218627,0
			36.5791664130001,-121.977218627,0
			36.5794448860001,-121.977218627,0
			36.5797233590002,-121.977218627,0
			36.5800018320001,-121.976943969,0
			36.58027649,-121.976669311,0
			36.5805549630001,-121.976387023,0
			36.5808334360001,-121.976112365,0
			36.5811119090001,-121.975830077,0
			36.5813903800002,-121.976112365,0
			36.5816650400002,-121.976112365,0
			36.5819435130001,-121.976112365,0
			36.5822219860001,-121.976387023,0
			36.5825004570001,-121.976112365,0
			36.5827789300001,-121.975830077,0
			36.5830574030002,-121.975555419,0
			36.5833320610002,-121.975280761,0
			36.5836105340001,-121.974998473,0
			36.5838890070001,-121.974723815,0
			36.5841674800001,-121.974441529,0
			36.5841674800001,-121.974166869,0
			36.5838890070001,-121.973892211,0
			36.5838890070001,-121.973609925,0
			36.5841674800001,-121.973335265,0
			36.5844459530002,-121.973052979,0
			36.5844459530002,-121.972778321,0
			36.5844459530002,-121.972503661,0
			36.5841674800001,-121.972221375,0
			36.5841674800001,-121.971946715,0
			36.5838890070001,-121.971664429,0
			36.5838890070001,-121.971389771,0
			36.5836105340001,-121.971107483,0
			36.5838890070001,-121.970832825,0
			36.5841674800001,-121.970832825,0
			36.5844459530002,-121.970558167,0
			36.5847206110001,-121.970275879,0
			36.5849990840002,-121.970001221,0
			36.585277557,-121.969718933,0
			36.5855560300001,-121.969444275,0
			36.5858345030001,-121.969169617,0
			36.5858345030001,-121.968887329,0
			36.5861129760002,-121.968612671,0
			36.5863876340001,-121.968330383,0
			36.5866661070002,-121.968055725,0
			36.5869445800002,-121.968055725,0
			36.5872383120002,-121.968070984,0
			36.5875015260001,-121.968330383,0
			36.5877761840001,-121.968330383,0
			36.5880546570001,-121.968055725,0
			36.5880546570001,-121.967781067,0
			36.58833313,-121.967781067,0
			36.588611603,-121.967498779,0
			36.588890076,-121.967498779,0
			36.5891685490001,-121.967498779,0
			36.5894432070001,-121.967498779,0
			36.5897216800001,-121.967224121,0
			36.5897216800001,-121.966972352,0
			36.5897216800001,-121.966667175,0
			36.5900001530002,-121.966392517,0
			36.590278626,-121.966110229,0
			36.590278626,-121.965835571,0
			36.5900001530002,-121.965553283,0
			36.5900001530002,-121.965278625,0
			36.590278626,-121.964996337,0
			36.5905570990001,-121.964721679,0
			36.590831757,-121.964447021,0
			36.5911102300001,-121.964164733,0
			36.5913887030001,-121.964164733,0
			36.5916671760002,-121.964164733,0
			36.591945649,-121.963890075,0
			36.5922241220001,-121.963890075,0
			36.59249878,-121.963607789,0
			36.5927772530001,-121.963333129,0
			36.5930557260001,-121.963333129,0
			36.5933341970002,-121.963333129,0
			36.59361267,-121.963058471,0
			36.59388733,-121.963058471,0
			36.594165801,-121.963058471,0
			36.5944442740001,-121.963058471,0
			36.5947227470001,-121.962776183,0
			36.5950012200001,-121.962776183,0
			36.5952758780001,-121.962501525,0
			36.595554351,-121.962501525,0
			36.595832824,-121.962219239,0
			36.596111297,-121.961944579,0
			36.5963897700001,-121.961944579,0
			36.5966682430001,-121.962219239,0
			36.5969429010001,-121.962219239,0
			36.5972213740002,-121.961944579,0
			36.5974998470001,-121.961944579,0
			36.5977783200001,-121.961669921,0
			36.5980567930001,-121.961387635,0
			36.5983314510001,-121.961387635,0
			36.5986099240001,-121.961387635,0
			36.5988883970002,-121.961387635,0
			36.59916687,-121.961387635,0
			36.5994453430001,-121.961387635,0
			36.5997238160001,-121.961112975,0
			36.5999984740001,-121.960830689,0
			36.6002769470001,-121.960556031,0
			36.6005554200001,-121.960281371,0
			36.6008338930002,-121.960281371,0
			36.6011123660001,-121.960281371,0
			36.601387024,-121.960556031,0
			36.6016654970001,-121.960556031,0
			36.6019439700001,-121.960556031,0
			36.6022224430001,-121.960556031,0
			36.602500916,-121.960281371,0
			36.602779389,-121.959999085,0
			36.6030540470001,-121.959724427,0
			36.6033325200001,-121.959442139,0
			36.6033325200001,-121.959167481,0
			36.6036109930001,-121.958885193,0
			36.6038894660002,-121.958610535,0
			36.604167939,-121.958335877,0
			36.6044425970002,-121.958053589,0
			36.60472107,-121.957778931,0
			36.6049995430001,-121.957778931,0
			36.6052780140001,-121.957778931,0
			36.6055564870002,-121.957778931,0
			36.60583496,-121.957778931,0
			36.6061096180002,-121.958053589,0
			36.606388091,-121.958053589,0
			36.6066665640001,-121.958335877,0
			36.6069450370001,-121.958335877,0
			36.6072235100002,-121.958335877,0
			36.6074981680001,-121.958335877,0
			36.6077766410002,-121.958335877,0
			36.608055114,-121.958335877,0
			36.6083335870001,-121.958053589,0
			36.608612061,-121.957778931,0
			36.6088905340001,-121.957496643,0
			36.6091651910001,-121.957221985,0
			36.609443664,-121.956947327,0
			36.609443664,-121.956665039,0
			36.609443664,-121.956390381,0
			36.609443664,-121.956108093,0
			36.609722137,-121.955833435,0
			36.609722137,-121.955558777,0
			36.609722137,-121.955276489,0
			36.609443664,-121.955001831,0
			36.6091651910001,-121.954719543,0
			36.6088905340001,-121.954719543,0
			36.6088905340001,-121.954444885,0
			36.6088905340001,-121.954170227,0
			36.6088905340001,-121.953887939,0
			36.6088905340001,-121.953613281,0
			36.608612061,-121.953330993,0
			36.6083335870001,-121.953056335,0
			36.608055114,-121.952774047,0
			36.6083335870001,-121.952499389,0
			36.608612061,-121.952224731,0
			36.6088905340001,-121.951942443,0
			36.6091651910001,-121.951667785,0
			36.6091651910001,-121.951385499,0
			36.6091651910001,-121.951110839,0
			36.6091651910001,-121.950836181,0
			36.6091651910001,-121.950553895,0
			36.6091651910001,-121.950279235,0
			36.6091651910001,-121.949996949,0
			36.6091651910001,-121.949722291,0
			36.6088905340001,-121.949447631,0
			36.608612061,-121.949165345,0
			36.6083335870001,-121.948890687,0
			36.608612061,-121.948059083,0
			36.6088905340001,-121.947776795,0
			36.6091651910001,-121.947776795,0
			36.609443664,-121.948059083,0
			36.609722137,-121.948059083,0
			36.6100006110001,-121.948059083,0
			36.6105537410001,-121.948059083,0
			36.6111106880001,-121.946945191,0
			36.6111106880001,-121.946662903,0
			36.6111106880001,-121.946388245,0
			36.6113891610001,-121.946113587,0
			36.6113891610001,-121.945831299,0
			36.6116676340001,-121.945556641,0
			36.6119461070002,-121.945274353,0
			36.6122207650002,-121.944999695,0
			36.6124992380001,-121.945274353,0
			36.6127777110001,-121.945274353,0
			36.6130561840001,-121.945274353,0
			36.6133346570002,-121.945556641,0
			36.6136093150001,-121.945274353,0
			36.6138877880002,-121.945274353,0
			36.614166261,-121.945274353,0
			36.6144447340001,-121.945274353,0
			36.6147232070001,-121.944999695,0
			36.6150016800001,-121.944725037,0
			36.6150016800001,-121.944442749,0
			36.6152763380001,-121.944168091,0
			36.6152763380001,-121.943885803,0
			36.6155548110002,-121.943611145,0
			36.6158332840002,-121.943336487,0
			36.6161117550001,-121.943054199,0
			36.6163902280001,-121.942779541,0
			36.6166648880001,-121.942497253,0
			36.6169433610001,-121.942222595,0
			36.6172218320002,-121.941947937,0
			36.6175003050002,-121.941665649,0
			36.6177787780001,-121.941390991,0
			36.6180572510001,-121.941390991,0
			36.6183319090001,-121.941108703,0
			36.6186103820001,-121.941108703,0
			36.6188888550001,-121.941390991,0
			36.6191673280002,-121.941665649,0
			36.619445801,-121.941947937,0
			36.6197204590001,-121.942222595,0
			36.6199989320001,-121.942497253,0
			36.6202774050001,-121.942779541,0
			36.6205558780002,-121.943054199,0
			36.620834351,-121.943336487,0
			36.621112824,-121.943336487,0
			36.621387482,-121.943336487,0
			36.6216659550001,-121.943336487,0
			36.6219444280001,-121.943336487,0
			36.6222229010002,-121.943054199,0
			36.6225013740002,-121.942779541,0
			36.6227760320002,-121.942497253,0
			36.623054505,-121.942497253,0
			36.6233329780001,-121.942497253,0
			36.6236114510001,-121.942222595,0
			36.6238899240001,-121.941947937,0
			36.6241683970002,-121.941665649,0
			36.624443055,-121.941665649,0
			36.624721528,-121.941390991,0
			36.625000001,-121.941665649,0
			36.6252784740001,-121.941947937,0
			36.6255569470001,-121.942222595,0
			36.6258316050001,-121.942222595,0
			36.6261100780002,-121.942222595,0
			36.626388551,-121.942497253,0
			36.6266670240001,-121.942497253,0
			36.6269454970001,-121.942779541,0
			36.6272239680001,-121.943054199,0
			36.6274986280001,-121.943054199,0
			36.6277771010002,-121.943054199,0
			36.6279525770001,-121.943229675,0
			36.628055572,-121.943336487,0
			36.628334045,-121.943336487,0
			36.6286125180001,-121.943054199,0
			36.6288871760001,-121.942779541,0
			36.6288871760001,-121.942497253,0
			36.6288414010001,-121.942230225,0
			36.6286125180001,-121.941947937,0
			36.6286125180001,-121.941665649,0
			36.628334045,-121.941390991,0
			36.628334045,-121.941108703,0
			36.628055572,-121.940834045,0
			36.6277771010002,-121.940551759,0
			36.6274986280001,-121.940277099,0
			36.6274986280001,-121.940002441,0
			36.6272239680001,-121.939720155,0
			36.6274986280001,-121.939445495,0
			36.6274986280001,-121.939163209,0
			36.6277771010002,-121.938888551,0
			36.628055572,-121.938888551,0
			36.628334045,-121.939163209,0
			36.6286125180001,-121.939445495,0
			36.6288871760001,-121.939720155,0
			36.6288871760001,-121.940002441,0
			36.6291656490001,-121.940277099,0
			36.6294441220002,-121.940277099,0
			36.629711152,-121.940254212,0
			36.6300010680001,-121.940277099,0
			36.6303215030002,-121.939956666,0
			36.6305541990001,-121.939720155,0
			36.6308326720001,-121.939720155,0
			36.6311111450001,-121.939720155,0
			36.6313896180002,-121.939720155,0
			36.6316680910001,-121.939933777,0
			36.631942749,-121.940277099,0
			36.6322212220001,-121.940551759,0
			36.6324996950001,-121.940834045,0
			36.6327781680001,-121.941108703,0
			36.6330566410002,-121.941108703,0
			36.633335114,-121.941390991,0
			36.6336097720001,-121.941390991,0
			36.6338882450001,-121.941665649,0
			36.6341667180001,-121.941947937,0
			36.6344451910002,-121.941947937,0
			36.634723664,-121.941665649,0
			36.6349983220002,-121.941665649,0
			36.635276795,-121.941665649,0
			36.6355552680001,-121.941665649,0
			36.6358337410001,-121.941390991,0
			36.6358337410001,-121.941108703,0
			36.6358337410001,-121.940834045,0
			36.6358337410001,-121.940551759,0
			36.6361045840001,-121.940269471,0
			36.6363906870002,-121.940277099,0
			36.6366653450002,-121.940277099,0
			36.6369438180002,-121.940277099,0
			36.6372222910001,-121.940277099,0
			36.6375007640001,-121.940277099,0
			36.6377792370001,-121.940002441,0
			36.6380538950001,-121.939720155,0
			36.6383323680001,-121.940002441,0
			36.638610841,-121.940002441,0
			36.638889314,-121.940002441,0
			36.6391677850001,-121.939720155,0
			36.6394462580001,-121.939445495,0
			36.6397209180001,-121.939163209,0
			36.6399993890001,-121.938888551,0
			36.6402778620002,-121.938613891,0
			36.6402778620002,-121.938331605,0
			36.6402778620002,-121.938056947,0
			36.6399993890001,-121.937774659,0
			36.6397209180001,-121.937500001,0
			36.6394462580001,-121.937225341,0
			36.6391677850001,-121.937225341,0
			36.6388816840001,-121.93698883,0
			36.638610841,-121.936943055,0
			36.6382675180001,-121.936393737,0
			36.6379890440002,-121.935882568,0
			36.6379966750002,-121.935317994,0
			36.6380195610001,-121.934722901,0
			36.6379547130001,-121.934150696,0
			36.6377258300001,-121.933677674,0
			36.6374893190001,-121.933227538,0
			36.637462617,-121.932731628,0
			36.6377639770001,-121.932250977,0
			36.6381073000002,-121.931755067,0
			36.63835907,-121.931152344,0
			36.6382789610001,-121.930572509,0
			36.638011933,-121.930038451,0
			36.6376304630001,-121.929550171,0
			36.6373558050001,-121.929168701,0
			36.6372642530002,-121.929039002,0
			36.6369247440001,-121.928489686,0
			36.636573791,-121.927955628,0
			36.6362800600002,-121.927383422,0
			36.6361694340001,-121.926719666,0
			36.6360740670001,-121.926086426,0
			36.6359329230002,-121.925468445,0
			36.6356239310002,-121.924949645,0
			36.6352844250001,-121.924453735,0
			36.6348991400001,-121.923995971,0
			36.634437561,-121.923583984,0
			36.6342277530001,-121.923377991,0
			36.6339759840001,-121.92314148,0
			36.6335105900002,-121.922668456,0
			36.6330833440002,-121.922134399,0
			36.6327781680001,-121.921669007,0
			36.6324996950001,-121.921386718,0
			36.6324996950001,-121.921112061,0
			36.6322212220001,-121.920829772,0
			36.6322212220001,-121.920555114,0
			36.631942749,-121.920280457,0
			36.6322212220001,-121.919998168,0
			36.6324996950001,-121.91972351,0
			36.6324996950001,-121.919441222,0
			36.6324996950001,-121.919166564,0
			36.6322212220001,-121.918891907,0
			36.6322212220001,-121.918609618,0
			36.6322212220001,-121.91833496,0
			36.631942749,-121.918052672,0
			36.6316680910001,-121.917778014,0
			36.6313896180002,-121.918052672,0
			36.6311111450001,-121.91833496,0
			36.6311111450001,-121.918609618,0
			36.6308326720001,-121.918891907,0
			36.6305541990001,-121.919166564,0
			36.6302642830001,-121.919464111,0
			36.6302795410001,-121.91972351,0
			36.6300010680001,-121.919998168,0
			36.629722595,-121.920280457,0
			36.6294441220002,-121.920555114,0
			36.6291656490001,-121.920829772,0
			36.6288871760001,-121.920829772,0
			36.6286125180001,-121.920555114,0
			36.6283302320002,-121.920265198,0
			36.6280517590001,-121.91986847,0
			36.627780914,-121.919425964,0
			36.627532959,-121.918930053,0
			36.6273689270001,-121.918342591,0
			36.6272010810001,-121.917739868,0
			36.6270179750001,-121.917144775,0
			36.6270942690002,-121.916503907,0
			36.627132416,-121.915916442,0
			36.6268386840001,-121.915489197,0
			36.626388551,-121.915222167,0
			36.6259040830001,-121.915008545,0
			36.6254119880001,-121.914848327,0
			36.6249389650002,-121.914718628,0
			36.6244239810002,-121.914611816,0
			36.6241798400001,-121.914253234,0
			36.6242752070002,-121.913513184,0
			36.6241111770001,-121.912887573,0
			36.6237373340001,-121.912338257,0
			36.6233634940001,-121.911773681,0
			36.623054505,-121.911155701,0
			36.622756958,-121.91053772,0
			36.6224479690001,-121.909927369,0
			36.6222000120001,-121.90926361,0
			36.6219940200001,-121.908592224,0
			36.6219940200001,-121.907867432,0
			36.622180939,-121.90712738,0
			36.6222953790001,-121.906356812,0
			36.6224594120001,-121.905647278,0
			36.6224517820002,-121.905097962,0
			36.6224517820002,-121.904937745,0
			36.6222381590002,-121.904296875,0
			36.621952058,-121.903701782,0
			36.6214294440001,-121.9033432,0
			36.6211776740001,-121.90323639,0
			36.6208229070001,-121.903083801,0
			36.6201820380001,-121.902931214,0
			36.6196289070001,-121.902664184,0
			36.6191978460001,-121.902282715,0
			36.6188812260002,-121.901802063,0
			36.618545533,-121.901336669,0
			36.6181411740002,-121.900924682,0
			36.6176910410002,-121.900550842,0
			36.6172676090001,-121.900138855,0
			36.6169242850002,-121.899642944,0
			36.6165161130001,-121.899208069,0
			36.616004944,-121.898880004,0
			36.6154861450001,-121.898529052,0
			36.6150054930002,-121.898170471,0
			36.6145210270001,-121.897804261,0
			36.6139831550001,-121.897499084,0
			36.6134185780001,-121.897224426,0
			36.6128463740001,-121.896957398,0
			36.6122398380001,-121.896759034,0
			36.6116676340001,-121.896507263,0
			36.611118318,-121.896224977,0
			36.6106224070001,-121.895858765,0
			36.6103668220002,-121.895454406,0
			36.6102676400001,-121.895301819,0
			36.6099662790002,-121.894668579,0
			36.6097602840001,-121.893974304,0
			36.6096763610001,-121.893226624,0
			36.6094665530002,-121.89251709,0
			36.6092987050002,-121.891792297,0
			36.6091308600001,-121.891090394,0
			36.608833313,-121.890518189,0
			36.6083641060002,-121.890136719,0
			36.6077117930001,-121.8901062,0
			36.6070632930001,-121.890304565,0
			36.606437683,-121.89011383,0
			36.6058502210001,-121.889762879,0
			36.6051788320001,-121.889450074,0
			36.6044692990001,-121.889213563,0
			36.603710176,-121.889167786,0
			36.6030693060001,-121.889144898,0
			36.6029624930001,-121.889137267,0
			36.602279664,-121.888931275,0
			36.6017265330001,-121.888557435,0
			36.601387024,-121.887962342,0
			36.601108551,-121.887313842,0
			36.600883483,-121.886642455,0
			36.6008338930002,-121.885887145,0
			36.6008338930002,-121.885124207,0
			36.6008758550001,-121.884384155,0
			36.6010551460001,-121.883682251,0
			36.6011543280002,-121.882972718,0
			36.6013412470001,-121.88230896,0
			36.601387024,-121.881614685,0
			36.6014404290001,-121.880935668,0
			36.6016654970001,-121.880317689,0
			36.6018943780001,-121.879707336,0
			36.6019439700001,-121.879028321,0
			36.6019668590001,-121.878334046,0
			36.6020660410002,-121.877670288,0
			36.6022415170002,-121.877075195,0
			36.602500916,-121.876525879,0
			36.6027755740002,-121.875991821,0
			36.6030464170001,-121.875450134,0
			36.6032638550002,-121.874885559,0
			36.603408814,-121.874275208,0
			36.6036300670001,-121.87372589,0
			36.6038856510001,-121.873207093,0
			36.6041221620001,-121.872680664,0
			36.6042671220001,-121.872116089,0
			36.6045837410001,-121.871650695,0
			36.6049232480001,-121.871185303,0
			36.6052551280002,-121.870674134,0
			36.6055297860001,-121.870124816,0
			36.6057243350002,-121.869529724,0
			36.605823517,-121.868873595,0
			36.6059074410001,-121.868225097,0
			36.6061363220001,-121.867652893,0
			36.6064682000002,-121.867156982,0
			36.6068763740002,-121.866744995,0
			36.6073226930001,-121.866371155,0
			36.6077575680001,-121.865997315,0
			36.6081886300001,-121.865615845,0
			36.608676911,-121.86528778,0
			36.6091537480002,-121.8649292,0
			36.6095047000001,-121.864379882,0
			36.6097640990001,-121.863754273,0
			36.6097717300001,-121.863044739,0
			36.60993576,-121.862350464,0
			36.6103630070001,-121.861763,0
			36.6109581000001,-121.861335754,0
			36.6116752620001,-121.861167907,0
			36.61239624,-121.86112976,0
			36.6130218500001,-121.860832214,0
			36.6135330210002,-121.860359191,0
			36.613891603,-121.85974121,0
			36.6142387390001,-121.8591156,0
			36.6146316530002,-121.858566285,0
			36.6150169380002,-121.858024597,0
			36.6154556280001,-121.857528686,0
			36.6159515390002,-121.857101441,0
			36.6164207460001,-121.856643677,0
			36.6169433610001,-121.856109619,0
			36.6169433610001,-121.855834962,0
			36.6169433610001,-121.855552673,0
			36.6172218320002,-121.855278015,0
			36.6175003050002,-121.855003358,0
			36.6177787780001,-121.855003358,0
			36.6180572510001,-121.854721069,0
			36.6183319090001,-121.854446411,0
			36.6186103820001,-121.854164123,0
			36.6188888550001,-121.853889465,0
			36.6191673280002,-121.853614808,0
			36.619445801,-121.853332519,0
			36.6197204590001,-121.853057861,0
			36.6199989320001,-121.852775573,0
			36.6202774050001,-121.852500915,0
			36.6205558780002,-121.852218627,0
			36.6205558780002,-121.851943969,0
			36.6205558780002,-121.851669311,0
			36.620834351,-121.851387023,0
			36.620834351,-121.851112365,0
			36.621112824,-121.850830077,0
			36.621387482,-121.850555419,0
			36.6216659550001,-121.850280761,0
			36.6219444280001,-121.850280761,0
			36.6222229010002,-121.850280761,0
			36.6225013740002,-121.850555419,0
			36.6227760320002,-121.850555419,0
			36.623054505,-121.850280761,0
			36.6233329780001,-121.849998473,0
			36.6236114510001,-121.849998473,0
			36.6238899240001,-121.849723815,0
			36.6241683970002,-121.849441527,0
			36.624443055,-121.849166869,0
			36.624721528,-121.849166869,0
			36.625000001,-121.848892211,0
			36.6252784740001,-121.848609923,0
			36.6255569470001,-121.848335265,0
			36.6255569470001,-121.848052979,0
			36.6255569470001,-121.847778319,0
			36.6255569470001,-121.847503661,0
			36.6255569470001,-121.847221375,0
			36.6255569470001,-121.846946715,0
			36.6258316050001,-121.846664429,0
			36.6261100780002,-121.846389771,0
			36.626388551,-121.846107483,0
			36.6261100780002,-121.845832825,0
			36.6258316050001,-121.845558167,0
			36.6261100780002,-121.845275879,0
			36.6261100780002,-121.845001221,0
			36.626388551,-121.844718933,0
			36.626388551,-121.844444275,0
			36.6266670240001,-121.844169617,0
			36.6269454970001,-121.843887329,0
			36.6269454970001,-121.843612671,0
			36.6272239680001,-121.843330383,0
			36.6274986280001,-121.843055725,0
			36.6277771010002,-121.842781067,0
			36.628055572,-121.842781067,0
			36.628334045,-121.842498779,0
			36.6286125180001,-121.842224121,0
			36.6288871760001,-121.841941833,0
			36.6291656490001,-121.841941833,0
			36.6294441220002,-121.841667175,0
			36.629722595,-121.841392517,0
			36.6300010680001,-121.841392517,0
			36.6302795410001,-121.841110229,0
			36.6305541990001,-121.841110229,0
			36.6308326720001,-121.841110229,0
			36.6311111450001,-121.840835571,0
			36.6313896180002,-121.840553283,0
			36.6316680910001,-121.840278625,0
			36.631942749,-121.839996337,0
			36.6322212220001,-121.839721679,0
			36.6324996950001,-121.839447021,0
			36.6327781680001,-121.839447021,0
			36.6330566410002,-121.839164733,0
			36.633335114,-121.838890075,0
			36.6336097720001,-121.838890075,0
			36.6338882450001,-121.838607787,0
			36.6341667180001,-121.838333129,0
			36.6344451910002,-121.838058471,0
			36.634723664,-121.837776183,0
			36.6349983220002,-121.837501525,0
			36.635276795,-121.837501525,0
			36.6355552680001,-121.837219239,0
			36.6358337410001,-121.837219239,0
			36.6361122140001,-121.837219239,0
			36.6363906870002,-121.836944579,0
			36.6366653450002,-121.836669921,0
			36.6369438180002,-121.836669921,0
			36.6372871390001,-121.836296081,0
			36.6377143870001,-121.836029053,0
			36.63815689,-121.835769654,0
			36.6386375430001,-121.835548401,0
			36.6391181950001,-121.83531189,0
			36.6395645140001,-121.834976197,0
			36.6399879460002,-121.834594726,0
			36.6403999330001,-121.834220886,0
			36.6408386230001,-121.833869935,0
			36.6412696830001,-121.833557128,0
			36.6417579660001,-121.833427429,0
			36.6422462470001,-121.833358764,0
			36.6427192690001,-121.832923888,0
			36.6432456980001,-121.832489013,0
			36.6437644950001,-121.832084656,0
			36.644283295,-121.831718444,0
			36.6448135370001,-121.831398009,0
			36.645347595,-121.831115723,0
			36.645877839,-121.830833435,0
			36.6464004510001,-121.830566405,0
			36.646915435,-121.830291747,0
			36.6474113460001,-121.830001831,0
			36.647903442,-121.829719543,0
			36.6483840940002,-121.829421997,0
			36.6488342280001,-121.829109192,0
			36.6492919920001,-121.828819276,0
			36.649837495,-121.828620911,0
			36.650398254,-121.828453064,0
			36.6509132380002,-121.828216553,0
			36.6513595590001,-121.827926636,0
			36.6517829910001,-121.827613831,0
			36.652236939,-121.82736206,0
			36.652702332,-121.827125549,0
			36.653148652,-121.82687378,0
			36.653602601,-121.826644897,0
			36.6540412910001,-121.826393127,0
			36.65447998,-121.826141358,0
			36.6549034120001,-121.825881958,0
			36.6552810670001,-121.825561523,0
			36.6556854260001,-121.825256349,0
			36.6562385570002,-121.825057984,0
			36.6568489080001,-121.824920655,0
			36.6574516290001,-121.824707031,0
			36.658027649,-121.824455261,0
			36.658573151,-121.824172973,0
			36.6591148370001,-121.823905945,0
			36.65966034,-121.823654174,0
			36.6601867670001,-121.823394776,0
			36.6607551590001,-121.823196412,0
			36.6613578800001,-121.8230896,0
			36.6619491570002,-121.822982787,0
			36.6624755870002,-121.822746276,0
			36.6629486090001,-121.822433472,0
			36.6633491530002,-121.822036743,0
			36.6637687680001,-121.821647645,0
			36.6643066400001,-121.82133484,0
			36.664875032,-121.821105957,0
			36.6653480540001,-121.820777894,0
			36.6657600410002,-121.820404054,0
			36.6662254330001,-121.820114135,0
			36.6667366040001,-121.819908143,0
			36.6672401430001,-121.81968689,0
			36.6677284230001,-121.819442749,0
			36.6682205210001,-121.819213868,0
			36.6687469480001,-121.819030762,0
			36.669277191,-121.818862914,0
			36.6697921750002,-121.818656922,0
			36.6703109740002,-121.818466186,0
			36.6708374040001,-121.81829071,0
			36.6713333120001,-121.818069457,0
			36.6718406680001,-121.817878723,0
			36.6723823560002,-121.817756652,0
			36.6729125980002,-121.817619323,0
			36.6734123240001,-121.817451478,0
			36.6738624580001,-121.817207337,0
			36.6742858880001,-121.816940307,0
			36.6747016900001,-121.816673279,0
			36.675132752,-121.816436768,0
			36.6756134030001,-121.816284181,0
			36.6761207590001,-121.816291809,0
			36.6766471860001,-121.816200257,0
			36.6771507270001,-121.816047668,0
			36.677566529,-121.815818787,0
			36.6779479990001,-121.815567017,0
			36.6783370980001,-121.815338134,0
			36.6787719730001,-121.815193177,0
			36.6792030330001,-121.81503296,0
			36.6796493540002,-121.814903259,0
			36.6800994880001,-121.81477356,0
			36.6805572520001,-121.814674378,0
			36.6810150160002,-121.814567566,0
			36.6814994810002,-121.814476014,0
			36.6819992070002,-121.814376831,0
			36.682460786,-121.814231872,0
			36.6829299930001,-121.814086913,0
			36.683383942,-121.813903809,0
			36.6838455210001,-121.813720703,0
			36.6842918390001,-121.813507081,0
			36.6847686770001,-121.813293458,0
			36.6852684020002,-121.813102722,0
			36.6858024600002,-121.812957763,0
			36.686344148,-121.812820434,0
			36.6869010940001,-121.812713623,0
			36.6874046330001,-121.812530517,0
			36.6879043580001,-121.812362672,0
			36.6883735660001,-121.812194824,0
			36.6888542180001,-121.812080384,0
			36.6893692020002,-121.812103272,0
			36.6899566650001,-121.811927794,0
			36.6905479430001,-121.811668397,0
			36.6911430350002,-121.811386109,0
			36.6917305000002,-121.811103821,0
			36.6923103330001,-121.810829163,0
			36.692882539,-121.81060791,0
			36.693447113,-121.810592652,0
			36.694011689,-121.810523986,0
			36.6945571900001,-121.810409546,0
			36.695087433,-121.8102417,0
			36.6956520090002,-121.810134888,0
			36.6962547300001,-121.810127258,0
			36.6968650810001,-121.810058594,0
			36.6974983210002,-121.810050964,0
			36.6981201170001,-121.810104371,0
			36.698711395,-121.810150146,0
			36.6993293760001,-121.80997467,0
			36.6999435430002,-121.809722901,0
			36.7005615240001,-121.809463501,0
			36.7011108400001,-121.809165955,0
			36.7013893130001,-121.809165955,0
			36.7016677860001,-121.808891297,0
			36.7019462590002,-121.808891297,0
			36.7022209170001,-121.809165955,0
			36.7024993900002,-121.809165955,0
			36.7027778630001,-121.809165955,0
			36.7030563360001,-121.808891297,0
			36.7033348090001,-121.808891297,0
			36.7036094670001,-121.808609009,0
			36.7038879400001,-121.808609009,0
			36.7041664130002,-121.808609009,0
			36.704444886,-121.808609009,0
			36.7047233590001,-121.808609009,0
			36.7050018320001,-121.808609009,0
			36.7052764900001,-121.808891297,0
			36.7055549630002,-121.808609009,0
			36.705833436,-121.808334351,0
			36.706111909,-121.808052063,0
			36.7063903820001,-121.807777405,0
			36.7066650400001,-121.807777405,0
			36.7069435130001,-121.807777405,0
			36.7072219860001,-121.808052063,0
			36.707500457,-121.808052063,0
			36.70777893,-121.808052063,0
			36.7080574030001,-121.808052063,0
			36.7083320630001,-121.807777405,0
			36.7086105340001,-121.807502747,0
			36.7088890070002,-121.807777405,0
			36.7091674800002,-121.807777405,0
			36.7094459530001,-121.807777405,0
			36.7097206110002,-121.807777405,0
			36.7099990840001,-121.808052063,0
			36.7102775570001,-121.807777405,0
			36.7105560300001,-121.807502747,0
			36.7108345030002,-121.807502747,0
			36.711112976,-121.807777405,0
			36.7113876340002,-121.807777405,0
			36.711666107,-121.807502747,0
			36.7119445800001,-121.807502747,0
			36.7122230530001,-121.807502747,0
			36.712429048,-121.807403565,0
			36.7129173280001,-121.807144165,0
			36.7134513860001,-121.806945801,0
			36.7140121470002,-121.806869507,0
			36.7145843510001,-121.806747436,0
			36.7151679990001,-121.806571961,0
			36.7157745370002,-121.806427002,0
			36.7163734450002,-121.806404113,0
			36.7169609070001,-121.806480409,0
			36.7172241220001,-121.806663513,0
			36.7174987800001,-121.806388855,0
			36.7177772530001,-121.806388855,0
			36.7180557260002,-121.806388855,0
			36.718334199,-121.806663513,0
			36.7186126700001,-121.806945801,0
			36.7188873300001,-121.806945801,0
			36.7191658030001,-121.806945801,0
			36.7194442740001,-121.806945801,0
			36.7197227470002,-121.806663513,0
			36.72000122,-121.806663513,0
			36.720275878,-121.806388855,0
			36.720554351,-121.806388855,0
			36.7208328240001,-121.806388855,0
			36.7211112970001,-121.806663513,0
			36.72138977,-121.806663513,0
			36.721668243,-121.806663513,0
			36.721942901,-121.806663513,0
			36.7222213740001,-121.806663513,0
			36.7224998470001,-121.806388855,0
			36.7227783200001,-121.806388855,0
			36.7230567930002,-121.806114197,0
			36.7233314510001,-121.806114197,0
			36.7236099240002,-121.806114197,0
			36.7238883970001,-121.806114197,0
			36.7241668700001,-121.806114197,0
			36.7244453430001,-121.806114197,0
			36.7247238160002,-121.806114197,0
			36.7249984740001,-121.806114197,0
			36.7252769470002,-121.806114197,0
			36.72555542,-121.806114197,0
			36.7258338930001,-121.806114197,0
			36.7261123660001,-121.806114197,0
			36.7263870240001,-121.806114197,0
			36.7266654970002,-121.806114197,0
			36.72694397,-121.806114197,0
			36.727222443,-121.806114197,0
			36.7275009160001,-121.805831909,0
			36.7277793890001,-121.805831909,0
			36.7280540470001,-121.805831909,0
			36.7283325200002,-121.805831909,0
			36.7286109930002,-121.806114197,0
			36.7288894660001,-121.806114197,0
			36.7291679390001,-121.806114197,0
			36.7294425970001,-121.805831909,0
			36.7297210700001,-121.806114197,0
			36.7299995430001,-121.806114197,0
			36.7302780140002,-121.806114197,0
			36.7305564870001,-121.806114197,0
			36.7308349600001,-121.806114197,0
			36.73110962,-121.806114197,0
			36.7313880910001,-121.806114197,0
			36.7316665640001,-121.805831909,0
			36.7319450370002,-121.805831909,0
			36.73222351,-121.805557251,0
			36.7324981680002,-121.805831909,0
			36.732776641,-121.805831909,0
			36.7330551140001,-121.805831909,0
			36.7333335870001,-121.806114197,0
			36.7336120600002,-121.806114197,0
			36.7338905330002,-121.805831909,0
			36.734165191,-121.805557251,0
			36.734443664,-121.805274963,0
			36.7347221370001,-121.805274963,0
			36.7350006100001,-121.805000305,0
			36.7352790830001,-121.804725647,0
			36.7352790830001,-121.804443359,0
			36.7352790830001,-121.804168701,0
			36.7352790830001,-121.803886413,0
			36.7355537410002,-121.803611755,0
			36.7355537410002,-121.803337097,0
			36.7355537410002,-121.803054809,0
			36.735832214,-121.802780151,0
			36.735832214,-121.802497865,0
			36.735832214,-121.802223205,0
			36.7361106870001,-121.801940919,0
			36.7361106870001,-121.801666261,0
			36.7361106870001,-121.801391601,0
			36.7363891600001,-121.801109315,0
			36.7366676330001,-121.800834657,0
			36.7369461060002,-121.801109315,0
			36.7372207640001,-121.801391601,0
			36.7372207640001,-121.801666261,0
			36.7372207640001,-121.801940919,0
			36.7372207640001,-121.802223205,0
			36.7374992370002,-121.802497865,0
			36.73777771,-121.802780151,0
			36.73777771,-121.803054809,0
			36.73777771,-121.803337097,0
			36.73777771,-121.803611755,0
			36.7380561830001,-121.803886413,0
			36.7383346560001,-121.804168701,0
			36.7386093140001,-121.804443359,0
			36.7388877870001,-121.804443359,0
			36.7391662600002,-121.804443359,0
			36.739444733,-121.804443359,0
			36.7397232070002,-121.804443359,0
			36.74000168,-121.804443359,0
			36.7402763370001,-121.804725647,0
			36.7405548100002,-121.804725647,0
			36.7408332840001,-121.804725647,0
			36.7411117570001,-121.805000305,0
			36.7413902280002,-121.805274963,0
			36.7416648870001,-121.805557251,0
			36.7419433600001,-121.805557251,0
			36.742221832,-121.805274963,0
			36.7425003050001,-121.805274963,0
			36.7427787780001,-121.805274963,0
			36.7430572510002,-121.805274963,0
			36.7433319090001,-121.805274963,0
			36.743610382,-121.805557251,0
			36.743888855,-121.805831909,0
			36.7441673280001,-121.806114197,0
			36.7444458010001,-121.806114197,0
			36.7447204590001,-121.806388855,0
			36.7449989320002,-121.806114197,0
			36.745277405,-121.805831909,0
			36.745277405,-121.805557251,0
			36.7455558780001,-121.805274963,0
			36.7455558780001,-121.805000305,0
			36.7458343510001,-121.804725647,0
			36.7461128240001,-121.804443359,0
			36.7461128240001,-121.804168701,0
			36.746120454,-121.803878784,0
			36.7463874820001,-121.803611755,0
			36.7463874820001,-121.803337097,0
			36.7466659550001,-121.803054809,0
			36.7469444280002,-121.803337097,0
			36.747222901,-121.803337097,0
			36.7475013740001,-121.803337097,0
			36.747776032,-121.803337097,0
			36.7480545050001,-121.803337097,0
			36.7483329780001,-121.803337097,0
			36.7486114510002,-121.803337097,0
			36.748889924,-121.803337097,0
			36.7491683970001,-121.803054809,0
			36.7491683970001,-121.802780151,0
			36.749443055,-121.802497865,0
			36.7497177130001,-121.802230835,0
			36.7500000010001,-121.802223205,0
			36.750278474,-121.802497865,0
			36.7505798350002,-121.802520751,0
			36.7506866460002,-121.802627563,0
			36.750831605,-121.802780151,0
			36.751155853,-121.802825928,0
			36.7513885510001,-121.803054809,0
			36.7516670240001,-121.803337097,0
			36.7519454970002,-121.803337097,0
			36.7522239680002,-121.803611755,0
			36.7522239680002,-121.803886413,0
			36.7524986280002,-121.803886413,0
			36.752777101,-121.803886413,0
			36.7528572090001,-121.803810119,0
			36.7530555740001,-121.803611755,0
			36.7533340450001,-121.803611755,0
			36.7536125180002,-121.803886413,0
			36.7538871780001,-121.803886413,0
			36.7541656490002,-121.803886413,0
			36.7544441220001,-121.803611755,0
			36.7547225950001,-121.803611755,0
			36.7550010680001,-121.803886413,0
			36.7552795410002,-121.803611755,0
			36.7555541990001,-121.803611755,0
			36.7558326720002,-121.803611755,0
			36.756111145,-121.803611755,0
			36.7563896180001,-121.803611755,0
			36.7566680910001,-121.803611755,0
			36.7569427490001,-121.803337097,0
			36.7572212220001,-121.803337097,0
			36.757499695,-121.803337097,0
			36.757778168,-121.803054809,0
			36.7580566410001,-121.803054809,0
			36.7583351140001,-121.802780151,0
			36.7586097720001,-121.802497865,0
			36.7588882450002,-121.802497865,0
			36.7591667180002,-121.802497865,0
			36.7594451910001,-121.802223205,0
			36.7597236640001,-121.802223205,0
			36.7599983220001,-121.801940919,0
			36.7602767950001,-121.801940919,0
			36.7605552680001,-121.801940919,0
			36.7608337410002,-121.801940919,0
			36.761112214,-121.801666261,0
			36.7613906870001,-121.801666261,0
			36.761665345,-121.801391601,0
			36.7619438180001,-121.801391601,0
			36.7622222910001,-121.801391601,0
			36.7625007640002,-121.801109315,0
			36.7627792370002,-121.801109315,0
			36.763053895,-121.801109315,0
			36.763332368,-121.800834657,0
			36.7636108410001,-121.800834657,0
			36.7638893140001,-121.800834657,0
			36.7641677850002,-121.800834657,0
			36.7644462580002,-121.800834657,0
			36.7647209180002,-121.800552369,0
			36.764999389,-121.800552369,0
			36.7652778620001,-121.800552369,0
			36.7655563350001,-121.800834657,0
			36.7658348080001,-121.800834657,0
			36.7661094660002,-121.800834657,0
			36.766387939,-121.800552369,0
			36.7666664120001,-121.800552369,0
			36.7669448850001,-121.800277711,0
			36.7672233580001,-121.800003053,0
			36.7675018310002,-121.799720765,0
			36.7677764890001,-121.799720765,0
			36.7680549620002,-121.799446107,0
			36.768333435,-121.799446107,0
			36.7686119080001,-121.799720765,0
			36.7688903810001,-121.799720765,0
			36.7691650390001,-121.799446107,0
			36.7694435120001,-121.799446107,0
			36.7697219850002,-121.799446107,0
			36.770000458,-121.799446107,0
			36.7702789310001,-121.799163819,0
			36.7705574040001,-121.799163819,0
			36.7708320620001,-121.798889161,0
			36.7711105350001,-121.798889161,0
			36.771389008,-121.798889161,0
			36.771667481,-121.798614503,0
			36.771945954,-121.798614503,0
			36.7722206120001,-121.798614503,0
			36.7724990850001,-121.798614503,0
			36.7727775580001,-121.798614503,0
			36.7730560310002,-121.798332215,0
			36.773334504,-121.798332215,0
			36.7736129770001,-121.798332215,0
			36.7738876350001,-121.798332215,0
			36.7741661080001,-121.798332215,0
			36.7744445810001,-121.798332215,0
			36.7747230540002,-121.798057557,0
			36.775001527,-121.798057557,0
			36.7752761850002,-121.798057557,0
			36.775554658,-121.797775269,0
			36.7758331310001,-121.797775269,0
			36.7761116020001,-121.797775269,0
			36.7763900750002,-121.797775269,0
			36.776668548,-121.797500611,0
			36.7769432060002,-121.797500611,0
			36.777221679,-121.797500611,0
			36.7775001520001,-121.797500611,0
			36.7777786250001,-121.797500611,0
			36.7780570980001,-121.797500611,0
			36.7783317560001,-121.797225953,0
			36.778610229,-121.796943665,0
			36.778888702,-121.796669007,0
			36.7791671750001,-121.796386719,0
			36.7794456480001,-121.796386719,0
			36.7797241210001,-121.796112061,0
			36.7799987790002,-121.796112061,0
			36.7802772520002,-121.795829772,0
			36.7805557250001,-121.796112061,0
			36.7808341980001,-121.796112061,0
			36.7811126710001,-121.796386719,0
			36.7813873290001,-121.796386719,0
			36.7816658020001,-121.796386719,0
			36.7819442750002,-121.796386719,0
			36.782222748,-121.796112061,0
			36.7825012210001,-121.796112061,0
			36.782775879,-121.796112061,0
			36.7830543520001,-121.795829772,0
			36.7833328250001,-121.795829772,0
			36.7836112980002,-121.795829772,0
			36.7838897710002,-121.795829772,0
			36.7841682440001,-121.795555115,0
			36.784442902,-121.795555115,0
			36.7847213750001,-121.795555115,0
			36.7849998480001,-121.795280457,0
			36.7852783210001,-121.795280457,0
			36.785556794,-121.795280457,0
			36.785831452,-121.795280457,0
			36.7861099250001,-121.794998169,0
			36.7863883980001,-121.794998169,0
			36.7866668710001,-121.794998169,0
			36.7869453420001,-121.794723511,0
			36.7872238150002,-121.794723511,0
			36.7874984750002,-121.794441222,0
			36.787776948,-121.794441222,0
			36.7880554190001,-121.794166565,0
			36.7883338920001,-121.794166565,0
			36.7886123650002,-121.793891907,0
			36.7888870230001,-121.793891907,0
			36.7891654960002,-121.793891907,0
			36.789443969,-121.793609619,0
			36.7897224420001,-121.793334961,0
			36.7900009150001,-121.793052672,0
			36.7902793880002,-121.793052672,0
			36.7905540460001,-121.793052672,0
			36.7908325190002,-121.793052672,0
			36.791110992,-121.793052672,0
			36.7913894650001,-121.793052672,0
			36.7916679380001,-121.792778015,0
			36.7919425960001,-121.792778015,0
			36.7922210690001,-121.792503357,0
			36.792499542,-121.792503357,0
			36.792778015,-121.792503357,0
			36.793056488,-121.792503357,0
			36.7933349610001,-121.792503357,0
			36.7936096190001,-121.792503357,0
			36.7938880920001,-121.792221068,0
			36.7941665650002,-121.792221068,0
			36.794445038,-121.792221068,0
			36.7947235110001,-121.792221068,0
			36.7949981690001,-121.792221068,0
			36.7952766420001,-121.791946411,0
			36.7955551150001,-121.791946411,0
			36.7958335880002,-121.791664124,0
			36.796112061,-121.791664124,0
			36.7963905340001,-121.791389465,0
			36.796665192,-121.791389465,0
			36.7969436650001,-121.791114807,0
			36.7972221380001,-121.791114807,0
			36.7975006110001,-121.79083252,0
			36.7977790840002,-121.790557861,0
			36.798053742,-121.790275574,0
			36.798332215,-121.790557861,0
			36.7986106880001,-121.790557861,0
			36.7988891590001,-121.790557861,0
			36.7991676320001,-121.790275574,0
			36.7994461050002,-121.790000916,0
			36.799720763,-121.790000916,0
			36.799999236,-121.789718628,0
			36.8002777090001,-121.78944397,0
			36.8005561820001,-121.78944397,0
			36.8008346550001,-121.789169312,0
			36.8011093130002,-121.789169312,0
			36.8013877860002,-121.789169312,0
			36.8016662590001,-121.789169312,0
			36.8019447320001,-121.788887024,0
			36.8022232050001,-121.788887024,0
			36.802501679,-121.788887024,0
			36.8027763360001,-121.788612366,0
			36.8030548090002,-121.788612366,0
			36.803333282,-121.788612366,0
			36.8036117550001,-121.788330078,0
			36.803890229,-121.788330078,0
			36.8041648860001,-121.788330078,0
			36.8044433590001,-121.788330078,0
			36.8047218320002,-121.788330078,0
			36.8050003060001,-121.78805542,0
			36.8052787790002,-121.78805542,0
			36.805557252,-121.788330078,0
			36.8058319090001,-121.788330078,0
			36.806110383,-121.788330078,0
			36.8063888560001,-121.788612366,0
			36.8066673290001,-121.788612366,0
			36.8069458020001,-121.788887024,0
			36.8072204590001,-121.789169312,0
			36.8073616040001,-121.789306641,0
			36.807498933,-121.78944397,0
			36.8072204590001,-121.789718628,0
			36.8072204590001,-121.790000916,0
			36.807498933,-121.790275574,0
			36.807777406,-121.790275574,0
			36.8080558790001,-121.790275574,0
			36.8083343520001,-121.790275574,0
			36.8086128250001,-121.790000916,0
			36.8088874830001,-121.790000916,0
			36.8091659560002,-121.790000916,0
			36.8094444290001,-121.790000916,0
			36.8097229020001,-121.790000916,0
			36.8100013730001,-121.790000916,0
			36.8102760330001,-121.790000916,0
			36.8105545060001,-121.790000916,0
			36.8107757560001,-121.789993286,0
			36.81111145,-121.790275574,0
			36.811389923,-121.790275574,0
			36.8116683960001,-121.790275574,0
			36.8119430540001,-121.790275574,0
			36.8122215270001,-121.790275574,0
			36.8125000000002,-121.790557861,0
			36.812778473,-121.790557861,0
			36.8130569460001,-121.790557861,0
			36.813331604,-121.79083252,0
			36.8136100770001,-121.79083252,0
			36.8138885500001,-121.79083252,0
			36.8141670230002,-121.791114807,0
			36.8144454960002,-121.791114807,0
			36.8147239690001,-121.791389465,0
			36.814998627,-121.791389465,0
			36.8152771000001,-121.791114807,0
			36.8155555730001,-121.791389465,0
			36.8158340460001,-121.791389465,0
			36.8161125190002,-121.791389465,0
			36.816387177,-121.791664124,0
			36.8166656500001,-121.791946411,0
			36.8166656500001,-121.792221068,0
			36.8169441230001,-121.792503357,0
			36.8172225960001,-121.792778015,0
			36.8175010690002,-121.792778015,0
			36.817779542,-121.793052672,0
			36.8180542000002,-121.793052672,0
			36.818332673,-121.793052672,0
			36.8186111460001,-121.793334961,0
			36.8188896190001,-121.793609619,0
			36.8191680920002,-121.793609619,0
			36.8194427500001,-121.793891907,0
			36.8197212230002,-121.794166565,0
			36.819999696,-121.794441222,0
			36.8202781690001,-121.794723511,0
			36.8205566420001,-121.794998169,0
			36.8208351130002,-121.795280457,0
			36.8211097730001,-121.795555115,0
			36.821388246,-121.795555115,0
			36.821666717,-121.795280457,0
			36.8219451900001,-121.795555115,0
			36.8222236630001,-121.795555115,0
			36.8224983230001,-121.795829772,0
			36.8227767940001,-121.795829772,0
			36.8230552670001,-121.796112061,0
			36.8233337400002,-121.796386719,0
			36.823612213,-121.796669007,0
			36.8238906860001,-121.796943665,0
			36.8241653440001,-121.797225953,0
			36.8244438170001,-121.797500611,0
			36.8246879580001,-121.797813415,0
			36.825000763,-121.797775269,0
			36.825279236,-121.798057557,0
			36.8255538940001,-121.798057557,0
			36.8258323670001,-121.798332215,0
			36.8261108400001,-121.798332215,0
			36.8263893130002,-121.798614503,0
			36.826667786,-121.798889161,0
			36.8269462590001,-121.799163819,0
			36.827220917,-121.799163819,0
			36.8274993900001,-121.799446107,0
			36.8277778630001,-121.799446107,0
			36.8280563360001,-121.799163819,0
			36.8283348090002,-121.799163819,0
			36.828609467,-121.799446107,0
			36.82888794,-121.799720765,0
			36.8291664130001,-121.800003053,0
			36.8294448860001,-121.800003053,0
			36.8297233590001,-121.800277711,0
			36.8300018320002,-121.800277711,0
			36.8302764900002,-121.800552369,0
			36.8305549630001,-121.800834657,0
			36.8308334360001,-121.800834657,0
			36.8311119090001,-121.800834657,0
			36.8313903820002,-121.801109315,0
			36.8316650400001,-121.801109315,0
			36.8319435130002,-121.801391601,0
			36.832221986,-121.801391601,0
			36.8325004590001,-121.801391601,0
			36.8327789300001,-121.801391601,0
			36.8330574030001,-121.801666261,0
			36.8333320630001,-121.801666261,0
			36.8336105340002,-121.801940919,0
			36.833889007,-121.801940919,0
			36.8341674800001,-121.802223205,0
			36.8344459530001,-121.802223205,0
			36.8347206110001,-121.802497865,0
			36.8349990840001,-121.802497865,0
			36.8352775570002,-121.802780151,0
			36.8355560300002,-121.802780151,0
			36.8358345030001,-121.803054809,0
			36.8361129760001,-121.803054809,0
			36.8363876340001,-121.803337097,0
			36.8366661070001,-121.803337097,0
			36.8369445800001,-121.803611755,0
			36.8372230530002,-121.803611755,0
			36.837501526,-121.803886413,0
			36.8377761840001,-121.803886413,0
			36.8380546570001,-121.804168701,0
			36.8383331300001,-121.804168701,0
			36.8386116030002,-121.804443359,0
			36.838890076,-121.804443359,0
			36.839168549,-121.804168701,0
			36.839443207,-121.804443359,0
			36.8397216800001,-121.804443359,0
			36.8400001530001,-121.804443359,0
			36.8402786260002,-121.804443359,0
			36.8405570990002,-121.804725647,0
			36.8408317570002,-121.805000305,0
			36.84111023,-121.805274963,0
			36.8413887030001,-121.805274963,0
			36.8416671760001,-121.805274963,0
			36.8419456490001,-121.805000305,0
			36.8422241220002,-121.805274963,0
			36.84249878,-121.805557251,0
			36.842777253,-121.805831909,0
			36.843055726,-121.805831909,0
			36.8433341990001,-121.806114197,0
			36.8436126700001,-121.806114197,0
			36.8438873300001,-121.806114197,0
			36.8441658030002,-121.806388855,0
			36.844444276,-121.806663513,0
			36.844722747,-121.806945801,0
			36.8450012200001,-121.806945801,0
			36.8452758800001,-121.806663513,0
			36.8455543510001,-121.806663513,0
			36.8458328240002,-121.806388855,0
			36.8458328240002,-121.806114197,0
			36.846111297,-121.805831909,0
			36.84638977,-121.805831909,0
			36.8466682430001,-121.805557251,0
			36.8469429010001,-121.805274963,0
			36.8472213740001,-121.805274963,0
			36.8474998470002,-121.805557251,0
			36.8474998470002,-121.805831909,0
			36.8474998470002,-121.806114197,0
			36.8474998470002,-121.806388855,0
			36.84777832,-121.806663513,0
			36.8480567930001,-121.806945801,0
			36.8480567930001,-121.807220459,0
			36.848331451,-121.807502747,0
			36.8486099240001,-121.807220459,0
			36.8488883970001,-121.807502747,0
			36.8491668700001,-121.807502747,0
			36.8494453430002,-121.807777405,0
			36.8497238160001,-121.807777405,0
			36.849998474,-121.808052063,0
			36.8502769470001,-121.808334351,0
			36.8505554200001,-121.808052063,0
			36.8508338930001,-121.807777405,0
			36.8511123660002,-121.807777405,0
			36.8513870240002,-121.807502747,0
			36.8516654970001,-121.807220459,0
			36.8519439700001,-121.806945801,0
			36.8522224430001,-121.806663513,0
			36.8525009160002,-121.806663513,0
			36.852779389,-121.806663513,0
			36.8530540470002,-121.806388855,0
			36.8530540470002,-121.806114197,0
			36.8530540470002,-121.805831909,0
			36.85333252,-121.805557251,0
			36.8536109930001,-121.805274963,0
			36.8538894660001,-121.805000305,0
			36.8538894660001,-121.804725647,0
			36.8541679390001,-121.804443359,0
			36.8544425970001,-121.804168701,0
			36.8547210700002,-121.803886413,0
			36.8549995430002,-121.803611755,0
			36.8549995430002,-121.803337097,0
			36.8552780160001,-121.803054809,0
			36.8552780160001,-121.802780151,0
			36.8552780160001,-121.802497865,0
			36.8555564870001,-121.802223205,0
			36.8555564870001,-121.801940919,0
			36.8558349600002,-121.801666261,0
			36.8561096200001,-121.801666261,0
			36.8563880910002,-121.801666261,0
			36.8566665640002,-121.801666261,0
			36.8569450370001,-121.801940919,0
			36.8569450370001,-121.802223205,0
			36.8569450370001,-121.802497865,0
			36.8569450370001,-121.802780151,0
			36.8566665640002,-121.803054809,0
			36.8563880910002,-121.803337097,0
			36.8561096200001,-121.803611755,0
			36.8558349600002,-121.803886413,0
			36.8555564870001,-121.804168701,0
			36.8555564870001,-121.804443359,0
			36.8552780160001,-121.804725647,0
			36.8552780160001,-121.805000305,0
			36.8549995430002,-121.805274963,0
			36.8549995430002,-121.805557251,0
			36.8547210700002,-121.805831909,0
			36.8547210700002,-121.806114197,0
			36.8544425970001,-121.806388855,0
			36.8541679390001,-121.806663513,0
			36.8538894660001,-121.806945801,0
			36.8536109930001,-121.807220459,0
			36.8536109930001,-121.807502747,0
			36.8536109930001,-121.807777405,0
			36.85333252,-121.808052063,0
			36.8533935560001,-121.808387756,0
			36.8542213440001,-121.807388306,0
			36.8560295120001,-121.807441711,0
			36.85887146,-121.801200867,0
			36.8669891350002,-121.803756714,0
			36.8679199220001,-121.802627563,0
			36.880809783,-121.792671204,0
			36.885940551,-121.784767151,0
			36.882900238,-121.777770996,0
			36.8829498280001,-121.775466918,0
			36.884391786,-121.77091217,0
			36.8857994090001,-121.768066406,0
			36.893630981,-121.761978149,0
			36.8973312370001,-121.75805664,0
			36.9005203240001,-121.757011413,0
			36.9023895270001,-121.754188538,0
			36.9089012140001,-121.745750428,0
			36.9082107540002,-121.734207152,0
			36.9110107430001,-121.729690551,0
			36.9142913820002,-121.724037171,0
			36.9095001220001,-121.713516235,0
			36.9150085450001,-121.709663392,0
			36.9188194270001,-121.699409484,0
			36.9138221750002,-121.700416564,0
			36.91099167,-121.706092835,0
			36.9083099370001,-121.703697205,0
			36.9097290030001,-121.7008667,0
			36.9106788630002,-121.698593139,0
			36.9072914140001,-121.685256958,0
			36.9059486390001,-121.684066773,0
			36.9023895270001,-121.680511474,0
			36.9135589600002,-121.664718628,0
			36.9140510560002,-121.662429809,0
			36.9141387950001,-121.657249451,0
			36.9110603330001,-121.651977539,0
			36.9037895200001,-121.652915955,0
			36.9001884460002,-121.65109253,0
			36.8997497560001,-121.650497437,0
			36.8997612010001,-121.649932861,0
			36.9025421140001,-121.64655304,0
			36.9020996100001,-121.645973205,0
			36.8935317990002,-121.64340973,0
			36.8786201480002,-121.6401062,0
			36.8731498720002,-121.641677856,0
			36.846290588,-121.621932984,0
			36.8385314940002,-121.598701477,0
			36.7767601020001,-121.524566651,0
			36.7620697020002,-121.508087159,0
			36.7627105710002,-121.497192383,0
			36.7652091980001,-121.482887268,0
			36.7594413760002,-121.475273132,0
			36.7580909730001,-121.47466278,0
			36.7521705630001,-121.475646974,0
			36.7458992010001,-121.470886231,0
			36.743301392,-121.463935852,0
			36.7378997810001,-121.460922241,0
			36.7320098880001,-121.460769654,0
			36.7244911200001,-121.44908905,0
			36.721691132,-121.454193116,0
			36.7183418270001,-121.464996337,0
			36.716411592,-121.471847533,0
			36.714431764,-121.482131958,0
			36.7121086130001,-121.484931946,0
			36.7004508970001,-121.477172851,0
			36.6856803890001,-121.465301514,0
			36.6791000360002,-121.45134735,0
			36.6737785340001,-121.443748474,0
			36.6776199340001,-121.430648803,0
			36.6750907900001,-121.418533325,0
			36.6720314020001,-121.411567688,0
			36.666149139,-121.410850525,0
			36.6575889580001,-121.406608581,0
			36.6549797060002,-121.400238038,0
			36.6542587290001,-121.388168335,0
			36.6534996040001,-121.378967286,0
			36.654071808,-121.370956421,0
			36.6559219370001,-121.368713378,0
			36.6564712530001,-121.3624115,0
			36.6519889830001,-121.358856201,0
			36.6457901000001,-121.348953247,0
			36.6368408210001,-121.341278077,0
			36.62556076,-121.337562561,0
			36.6179809570002,-121.328765869,0
			36.60995102,-121.319976807,0
			36.6040420540002,-121.320976256,0
			36.5981216440001,-121.322563171,0
			36.5876998900002,-121.321731567,0
			36.5790405270002,-121.3249588,0
			36.571220398,-121.331649781,0
			36.556770326,-121.327857971,0
			36.5536308290001,-121.325492858,0
			36.5501022340001,-121.319107056,0
			36.5484199520001,-121.309890747,0
			36.531848908,-121.296318053,0
			36.526859284,-121.296195985,0
			36.5227203380001,-121.300109863,0
			36.5066604610001,-121.312316895,0
			36.5030517590001,-121.311088563,0
			36.502620696,-121.309356689,0
			36.5013008120001,-121.306472779,0
			36.5045318610001,-121.303108216,0
			36.5059890740002,-121.296272278,0
			36.5065498350002,-121.289421082,0
			36.5043792730002,-121.282501221,0
			36.5049095160001,-121.27735901,0
			36.5032615660001,-121.266441346,0
			36.5060997020001,-121.258491516,0
			36.5063018810001,-121.244758607,0
			36.5041198740001,-121.238403319,0
			36.501419067,-121.237197875,0
			36.4982719420001,-121.235412597,0
			36.4888191220001,-121.230606079,0
			36.4752311700001,-121.229156494,0
			36.4716720580001,-121.224487305,0
			36.47138977,-121.212471009,0
			36.450279236,-121.197692872,0
			36.4453811640001,-121.191276551,0
			36.4275321950001,-121.170288085,0
			36.415519715,-121.153442383,0
			36.3231201170001,-121.041175842,0
			36.2718887340001,-121.039001465,0
			36.2746887210002,-121.032775879,0
			36.2752494820001,-121.024230956,0
			36.271610261,-121.024726867,0
			36.2611694340001,-121.025657653,0
			36.2654190060001,-121.012046815,0
			36.2701301570001,-120.999015809,0
			36.2756919870001,-120.98941803,0
			36.2747917180001,-120.988830567,0
			36.291149139,-120.986297608,0
			36.2877502450002,-120.967956544,0
			36.2828102110001,-120.963867187,0
			36.2752113350001,-120.954597473,0
			36.2784500120001,-120.949516297,0
			36.2835006710001,-120.944480896,0
			36.2880897530002,-120.939422607,0
			36.2949409490002,-120.935546875,0
			36.300418854,-120.933380126,0
			36.308200836,-120.926666259,0
			36.3096199050001,-120.922126769,0
			36.3114585880001,-120.919876098,0
			36.3088493340002,-120.910697938,0
			36.3043708810001,-120.905471801,0
			36.2976989740001,-120.893936158,0
			36.2913894660001,-120.890960693,0
			36.2933692930002,-120.876159667,0
			36.2925987250001,-120.86415863,0
			36.286800385,-120.856056213,0
			36.281002044,-120.847389222,0
			36.2747306830001,-120.840431213,0
			36.2608184810001,-120.82649231,0
			36.2568016050001,-120.820709229,0
			36.2541313170001,-120.816101073,0
			36.2410621650002,-120.80845642,0
			36.2343902600002,-120.7963562,0
			36.2276802070002,-120.787117005,0
			36.2187499990001,-120.774406434,0
			36.2115821840001,-120.765739441,0
			36.2043495170001,-120.763336181,0
			36.1998786930001,-120.756996156,0
			36.1981697080001,-120.746696473,0
			36.2015113840001,-120.730796813,0
			36.1993293770001,-120.722206116,0
			36.197120666,-120.715896607,0
			36.200370788,-120.709106445,0
			36.2040290840002,-120.706306458,0
			36.2117500310002,-120.704727172,0
			36.217182161,-120.706527711,0
			36.226699829,-120.706680298,0
			36.2352905270001,-120.710243225,0
			36.2506484990001,-120.715621947,0
			36.2619514460001,-120.719802856,0
			36.2772521980001,-120.732032776,0
			36.297550202,-120.74320984,0
			36.3082809450001,-120.757659912,0
			36.3087806710001,-120.753097533,0
			36.3088798530001,-120.743972778,0
			36.3044204710001,-120.736473084,0
			36.298622132,-120.727241517,0
			36.2959518440001,-120.722045898,0
			36.2883605960001,-120.709953309,0
			36.2830390940002,-120.697296143,0
			36.2798919670001,-120.694969177,0
			36.2659797670001,-120.679916382,0
		</coordinates>
	</polygon>
</kml>
