<?xml version="1.0" encoding="UTF-8"?>
<kml xmlns="http://earth.google.com/kml/2.2">
	<polygon id="USA_CA_San_Luis_Obispo" samplingProbability="1">
		<coordinates>
			35.7625885010001,-120.194206239,0
			35.748069764,-120.194656372,0
			35.615108491,-120.195137025,0
			35.6138801580001,-120.087638855,0
			35.5276489840001,-120.087539673,0
			35.526828766,-120.071136475,0
			35.512760162,-120.069908142,0
			35.5123901370001,-120.052963258,0
			35.5066190860001,-120.05269853,0
			35.4974212660001,-120.052276611,0
			35.49720584,-120.043026268,0
			35.497039795,-120.035896301,0
			35.4834213250002,-120.035797119,0
			35.4834882000001,-120.019858915,0
			35.4834899910002,-120.019432067,0
			35.472852441,-120.017698293,0
			35.4689790010002,-120.017066975,0
			35.46924018,-120.009002446,0
			35.4695090000001,-120.000702,0
			35.4395600000001,-119.999939,0
			35.439192969,-119.97661746,0
			35.4377210020002,-119.883087146,0
			35.4245605470001,-119.88244629,0
			35.4141809020001,-119.882408109,0
			35.4100418090001,-119.882392883,0
			35.3822671910002,-119.88198966,0
			35.3501319890001,-119.881523132,0
			35.350144754,-119.880158052,0
			35.3507800000002,-119.812172,0
			35.3382631750001,-119.812039741,0
			35.2640914920001,-119.811256409,0
			35.2632713310002,-119.774642944,0
			35.2633094780001,-119.75718689,0
			35.2629808310001,-119.743515126,0
			35.2628898630001,-119.739730835,0
			35.2621407590001,-119.696854495,0
			35.26165,-119.66877,0
			35.2049100000001,-119.667519,0
			35.1976302150001,-119.66751072,0
			35.1908416750001,-119.667503358,0
			35.1834998550001,-119.66748221,0
			35.1749500170002,-119.667457582,0
			35.1772918700001,-119.609527589,0
			35.1776619770001,-119.600830082,0
			35.1786800000002,-119.576897,0
			35.1791385320001,-119.555111777,0
			35.1791419970001,-119.554947,0
			35.1600800000001,-119.556633,0
			35.159162592,-119.556698877,0
			35.1369209280001,-119.558296203,0
			35.0883407590001,-119.5627594,0
			35.0906295790001,-119.50881958,0
			35.091183098,-119.503701263,0
			35.0915410000001,-119.500389,0
			35.0919910000001,-119.491402,0
			35.0802042450001,-119.490957439,0
			35.0770111080002,-119.490837097,0
			35.0770110000001,-119.474548339,0
			35.0362401950002,-119.474555329,0
			35.0325090000001,-119.474556,0
			35.0308190290002,-119.474557802,0
			35.0184402460001,-119.474571228,0
			35.0031316610001,-119.474392166,0
			34.9721300000001,-119.47403,0
			34.9576000000001,-119.47403,0
			34.9498790000001,-119.47403,0
			34.9402770260002,-119.474035104,0
			34.936710359,-119.47403717,0
			34.9135513310002,-119.474609374,0
			34.9005126950001,-119.474609374,0
			34.9003909900001,-119.474609374,0
			34.8999400000001,-119.490868,0
			34.8994100000001,-119.491356,0
			34.8981210000001,-119.492546,0
			34.8981210000001,-119.498146,0
			34.898441,-119.512535,0
			34.8991090000001,-119.538513,0
			34.9107250000002,-119.55764,0
			34.9130900000001,-119.561501,0
			34.9139750000002,-119.563118,0
			34.9227290000001,-119.578796,0
			34.9317020000001,-119.592285,0
			34.9398800000002,-119.5979,0
			34.9498900000001,-119.616516,0
			34.9531250000001,-119.63501,0
			34.9531250000001,-119.643311,0
			34.9594730000001,-119.651306,0
			34.9661250000001,-119.661926,0
			34.9729,-119.670914,0
			34.9729,-119.673096,0
			34.9726140000002,-119.674919,0
			34.97168,-119.680908,0
			34.9724730000001,-119.691101,0
			34.9765010000001,-119.703491,0
			34.9733280000002,-119.71521,0
			34.9746700000001,-119.728699,0
			34.9746700000001,-119.746704,0
			34.9841310000001,-119.769104,0
			34.9888080000002,-119.777977,0
			34.98951,-119.779289,0
			34.9935340000001,-119.799995,0
			34.9935490000001,-119.800072,0
			34.9962620000002,-119.804573,0
			35.0012400000001,-119.811317,0
			35.002888,-119.815033,0
			35.0034900000001,-119.816383,0
			35.004311,-119.819458,0
			35.0052910000001,-119.823128,0
			35.0068820000001,-119.832611,0
			35.00708,-119.833786,0
			35.0076140000001,-119.834549,0
			35.0103150000002,-119.838318,0
			35.0167240000002,-119.844482,0
			35.0285220000001,-119.850899,0
			35.0292890000001,-119.851311,0
			35.0324400000001,-119.855797,0
			35.0337720000001,-119.865913,0
			35.0392000000002,-119.874367,0
			35.0417210000001,-119.881752,0
			35.0418890000001,-119.88224,0
			35.0404850000001,-119.886246,0
			35.0364990000002,-119.897888,0
			35.0386960000001,-119.906311,0
			35.0401000000001,-119.910889,0
			35.0441280000001,-119.911987,0
			35.0495000000001,-119.917603,0
			35.0562740000001,-119.928284,0
			35.0545040000001,-119.939575,0
			35.0556300000002,-119.947891,0
			35.055729,-119.948578,0
			35.0557400000002,-119.949066,0
			35.0561290000001,-119.963753,0
			35.059261,-119.97612,0
			35.062943,-119.987213,0
			35.0637400000001,-119.989616,0
			35.064171,-119.995811,0
			35.0709500000002,-120.002029,0
			35.071964,-120.004448,0
			35.075451,-120.012741,0
			35.08041,-120.018387,0
			35.086308,-120.038185,0
			35.0871200000001,-120.040916,0
			35.0873110000001,-120.042488,0
			35.0880010000001,-120.048218,0
			35.0915990000001,-120.054428,0
			35.0942800000001,-120.063438,0
			35.1015090000001,-120.071922,0
			35.10648,-120.07589,0
			35.1096000000001,-120.087158,0
			35.1096760000001,-120.087082,0
			35.1104810000002,-120.086319,0
			35.1137080000001,-120.083252,0
			35.1150700000001,-120.083817,0
			35.114559,-120.094498,0
			35.1117820000001,-120.105156,0
			35.1062890000001,-120.112976,0
			35.10598,-120.115204,0
			35.105286,-120.11969,0
			35.0988770000001,-120.126892,0
			35.0974730000002,-120.135376,0
			35.0961300000001,-120.1427,0
			35.088444,-120.145981,0
			35.086151,-120.145416,0
			35.0825200000002,-120.150398,0
			35.0810810000001,-120.158859,0
			35.0778690000001,-120.163887,0
			35.0746730000001,-120.171104,0
			35.0687260000001,-120.174988,0
			35.0651250000001,-120.177185,0
			35.0650830000002,-120.177246,0
			35.06501,-120.177345,0
			35.0623170000001,-120.181091,0
			35.0553550000001,-120.185661,0
			35.054688,-120.186096,0
			35.0496830000001,-120.190002,0
			35.0437010000001,-120.185486,0
			35.0414200000002,-120.186043,0
			35.0355030000002,-120.191025,0
			35.0331920000001,-120.196068,0
			35.0298500000002,-120.205688,0
			35.0294800000001,-120.206726,0
			35.0249020000001,-120.215576,0
			35.02441,-120.221252,0
			35.0271610000001,-120.229195,0
			35.0275310000001,-120.230263,0
			35.0257190000002,-120.231842,0
			35.0244750000001,-120.232925,0
			35.024342,-120.23304,0
			35.0238490000002,-120.239769,0
			35.0256310000001,-120.244843,0
			35.0253980000001,-120.247009,0
			35.0251500000001,-120.249329,0
			35.026939,-120.253281,0
			35.0273700000001,-120.256653,0
			35.0266760000001,-120.258064,0
			35.02599,-120.259453,0
			35.0240940000002,-120.271202,0
			35.0234450000001,-120.272003,0
			35.019981,-120.27623,0
			35.017212,-120.282379,0
			35.0162700000001,-120.287422,0
			35.016651,-120.298088,0
			35.013882,-120.304787,0
			35.0097500000001,-120.31205,0
			35.0160290000001,-120.32222,0
			35.0168990000001,-120.327827,0
			35.010498,-120.33551,0
			35.0023420000002,-120.3368,0
			34.9996450000002,-120.337189,0
			34.9882810000001,-120.329712,0
			34.9857180000001,-120.31958,0
			34.9821170000001,-120.316711,0
			34.9768600000002,-120.317245,0
			34.9761090000002,-120.317307,0
			34.9723280000002,-120.313393,0
			34.9685060000001,-120.309387,0
			34.9656910000001,-120.306946,0
			34.9639280000001,-120.30542,0
			34.962204,-120.305244,0
			34.9567260000001,-120.304688,0
			34.9545290000001,-120.301392,0
			34.9512940000001,-120.297424,0
			34.9498790000001,-120.297127,0
			34.942688,-120.295593,0
			34.9354860000001,-120.293884,0
			34.9339180000002,-120.294365,0
			34.930481,-120.29541,0
			34.9245,-120.29541,0
			34.9219090000001,-120.298279,0
			34.9199220000002,-120.300453,0
			34.9149210000001,-120.3004,0
			34.9112130000001,-120.301277,0
			34.9080810000001,-120.302002,0
			34.9052730000001,-120.308716,0
			34.9056130000002,-120.311287,0
			34.906189,-120.316566,0
			34.9152300000001,-120.322273,0
			34.9224820000001,-120.323456,0
			34.9260790000001,-120.328537,0
			34.9292300000001,-120.333069,0
			34.9328190000001,-120.339279,0
			34.94043,-120.3545,0
			34.94809,-120.361877,0
			34.9539300000001,-120.370346,0
			34.9575310000001,-120.374893,0
			34.9597400000001,-120.382759,0
			34.9646610000001,-120.392906,0
			34.969589,-120.401947,0
			34.987492,-120.434723,0
			34.99015,-120.443733,0
			34.9914090000001,-120.456642,0
			34.9946250000001,-120.473846,0
			34.9948810000001,-120.475212,0
			34.9951400000001,-120.498222,0
			34.983952,-120.532303,0
			34.984261,-120.534531,0
			34.984924,-120.538513,0
			34.9838870000002,-120.546326,0
			34.9774780000001,-120.552429,0
			34.9749600000002,-120.556854,0
			34.9737210000001,-120.559097,0
			34.9741820000001,-120.560349,0
			34.9768300000002,-120.567558,0
			34.9776950000002,-120.571465,0
			34.976929,-120.573013,0
			34.97261,-120.581528,0
			34.9666710000002,-120.585373,0
			34.9661100000001,-120.596588,0
			34.967449,-120.599983,0
			34.9712370000001,-120.602859,0
			34.971951,-120.603401,0
			34.9720990000001,-120.604805,0
			34.9729,-120.611206,0
			34.9715540000001,-120.614967,0
			34.9708860000001,-120.616821,0
			34.9650880000001,-120.620605,0
			34.964649,-120.622627,0
			34.9645080000001,-120.623459,0
			34.9691160000002,-120.63031,0
			34.9653630000001,-120.633682,0
			34.964905,-120.634094,0
			34.9648510000001,-120.634163,0
			34.9639090000001,-120.637497,0
			34.9647900000002,-120.640327,0
			34.9686890000002,-120.644188,0
			34.9733850000001,-120.648888,0
			34.9736100000002,-120.648888,0
			34.9738880000001,-120.648613,0
			34.9741670000001,-120.648331,0
			34.9744450000002,-120.648056,0
			34.9747240000002,-120.648056,0
			34.9749980000001,-120.648056,0
			34.9752770000001,-120.648056,0
			34.975555,-120.647781,0
			34.9758340000002,-120.647781,0
			34.9761120000001,-120.647499,0
			34.9763870000001,-120.647499,0
			34.976665,-120.647224,0
			34.9769440000002,-120.647224,0
			34.9772220000001,-120.647224,0
			34.9775010000001,-120.647224,0
			34.9777790000002,-120.647224,0
			34.978054,-120.647224,0
			34.9783330000002,-120.647224,0
			34.9786110000001,-120.646942,0
			34.9788890000002,-120.646942,0
			34.9791680000002,-120.646942,0
			34.9794430000002,-120.646667,0
			34.9797210000001,-120.646667,0
			34.9800000000001,-120.646385,0
			34.9800000000001,-120.646111,0
			34.9802780000002,-120.645836,0
			34.9802780000002,-120.645554,0
			34.9805560000001,-120.645279,0
			34.9808350000001,-120.645279,0
			34.9811100000001,-120.645279,0
			34.9813880000002,-120.644997,0
			34.9816670000002,-120.644997,0
			34.9819450000001,-120.644722,0
			34.9822240000001,-120.644447,0
			34.9824980000002,-120.644447,0
			34.9827770000002,-120.644447,0
			34.9830550000001,-120.644447,0
			34.9833340000001,-120.644722,0
			34.9836120000002,-120.644722,0
			34.9838910000001,-120.644722,0
			34.9841650000001,-120.644997,0
			34.9844440000001,-120.644997,0
			34.9847220000001,-120.644722,0
			34.9850010000001,-120.644722,0
			34.985279,-120.644722,0
			34.9855540000001,-120.644722,0
			34.9858320000002,-120.644722,0
			34.9861110000002,-120.644447,0
			34.9863890000001,-120.644447,0
			34.9866680000001,-120.644447,0
			34.9869460000002,-120.644165,0
			34.9872210000001,-120.644165,0
			34.9874990000001,-120.644165,0
			34.987778,-120.64389,0
			34.9880560000001,-120.643608,0
			34.9883350000001,-120.643608,0
			34.9886090000001,-120.643608,0
			34.9888880000001,-120.643608,0
			34.9891660000001,-120.643608,0
			34.9894450000002,-120.643333,0
			34.989723,-120.643333,0
			34.9900020000001,-120.643333,0
			34.9902760000002,-120.643333,0
			34.9905550000001,-120.643059,0
			34.9908330000001,-120.643059,0
			34.991112,-120.643059,0
			34.9913900000001,-120.643059,0
			34.9916650000001,-120.643059,0
			34.991943,-120.642776,0
			34.992222,-120.642776,0
			34.9925000000001,-120.642776,0
			34.9927790000002,-120.642502,0
			34.993057,-120.64222,0
			34.9933320000001,-120.64222,0
			34.9936100000002,-120.64222,0
			34.9938890000001,-120.64222,0
			34.9941670000001,-120.64222,0
			34.994446,-120.641945,0
			34.9947200000001,-120.64167,0
			34.9949990000001,-120.64167,0
			34.995277,-120.64167,0
			34.995556,-120.641388,0
			34.9958340000001,-120.641388,0
			34.9961130000001,-120.641113,0
			34.996387,-120.641113,0
			34.9966660000001,-120.641113,0
			34.9969440000002,-120.640831,0
			34.9972230000001,-120.640831,0
			34.9975010000001,-120.640831,0
			34.997776,-120.640831,0
			34.998055,-120.640831,0
			34.9983330000001,-120.640831,0
			34.998611,-120.640831,0
			34.9988900000002,-120.640831,0
			34.9991680000001,-120.641113,0
			34.9994430000002,-120.641113,0
			34.9997220000001,-120.641113,0
			35.0000000000001,-120.641388,0
			35.0002780000001,-120.64167,0
			35.0005570000001,-120.64167,0
			35.0008320000001,-120.64167,0
			35.0011180000002,-120.641685,0
			35.0013890000002,-120.641388,0
			35.0016670000001,-120.641388,0
			35.001945,-120.641113,0
			35.0022240000002,-120.640831,0
			35.0024990000001,-120.640831,0
			35.0027770000001,-120.640831,0
			35.0030560000001,-120.640831,0
			35.003334,-120.640556,0
			35.0036160000001,-120.640831,0
			35.0038870000001,-120.641113,0
			35.0041660000001,-120.641388,0
			35.004444,-120.641388,0
			35.0047230000002,-120.641113,0
			35.0050010000001,-120.640831,0
			35.0052800000001,-120.640556,0
			35.0055540000002,-120.640274,0
			35.005833,-120.640274,0
			35.005928,-120.640182,0
			35.0061110000001,-120.639999,0
			35.0063900000001,-120.639999,0
			35.006668,-120.639999,0
			35.006943,-120.639999,0
			35.0072210000001,-120.639999,0
			35.0075000000001,-120.639999,0
			35.007778,-120.640274,0
			35.0080570000002,-120.640274,0
			35.0083350000001,-120.639999,0
			35.0086100000001,-120.639725,0
			35.0089040000001,-120.639374,0
			35.009167,-120.639442,0
			35.0094450000001,-120.639168,0
			35.0097120000001,-120.639122,0
			35.009998,-120.639168,0
			35.010277,-120.639168,0
			35.0105550000001,-120.638885,0
			35.0108150000001,-120.638817,0
			35.011112,-120.638885,0
			35.0113910000002,-120.638885,0
			35.0116540000001,-120.63858,0
			35.0119440000001,-120.638611,0
			35.0122410000001,-120.638412,0
			35.0125010000002,-120.638336,0
			35.0127790000001,-120.638054,0
			35.0130540000001,-120.638054,0
			35.013332,-120.637779,0
			35.013611,-120.637497,0
			35.0138890000001,-120.637222,0
			35.0141680000001,-120.636948,0
			35.0144460000002,-120.636665,0
			35.0147210000002,-120.636391,0
			35.0149990000001,-120.636665,0
			35.0152780000001,-120.636948,0
			35.0155560000002,-120.637222,0
			35.0158420000002,-120.637535,0
			35.0161090000001,-120.637497,0
			35.0164340000002,-120.637451,0
			35.0166660000002,-120.637222,0
			35.0169450000002,-120.636948,0
			35.0172230000001,-120.636665,0
			35.0175020000001,-120.636391,0
			35.0175020000001,-120.636108,0
			35.017776,-120.635834,0
			35.0180550000002,-120.636108,0
			35.0183330000001,-120.636391,0
			35.0186120000001,-120.636665,0
			35.0188900000002,-120.636948,0
			35.0190050000001,-120.637062,0
			35.0191650000002,-120.637222,0
			35.0194440000002,-120.637222,0
			35.0197220000001,-120.637222,0
			35.0200000000002,-120.636948,0
			35.0203090000002,-120.636917,0
			35.0203700000001,-120.636856,0
			35.0205570000001,-120.636665,0
			35.0208320000001,-120.636665,0
			35.0211110000001,-120.636665,0
			35.0213890000002,-120.636665,0
			35.0215800000001,-120.636658,0
			35.0216640000002,-120.636658,0
			35.0219310000001,-120.636597,0
			35.0222210000001,-120.636665,0
			35.0224990000002,-120.636665,0
			35.0227780000001,-120.636665,0
			35.0230560000001,-120.636391,0
			35.023335,-120.636391,0
			35.023464,-120.636261,0
			35.0236130000001,-120.636108,0
			35.023899,-120.636162,0
			35.02417,-120.636101,0
			35.0244450000001,-120.635834,0
			35.0247230000002,-120.635834,0
			35.0250020000001,-120.635834,0
			35.0252760000001,-120.635834,0
			35.0255550000001,-120.635834,0
			35.0258330000001,-120.635834,0
			35.0261120000001,-120.635834,0
			35.02639,-120.635559,0
			35.026669,-120.635559,0
			35.0269700000001,-120.635536,0
			35.0272220000002,-120.635834,0
			35.0275,-120.635834,0
			35.0277790000001,-120.635559,0
			35.0280570000002,-120.635277,0
			35.028107,-120.635223,0
			35.0283320000001,-120.635002,0
			35.0286100000001,-120.63472,0
			35.028889,-120.634445,0
			35.0291670000001,-120.63472,0
			35.02943,-120.634933,0
			35.029724,-120.635002,0
			35.029999,-120.635002,0
			35.0302770000001,-120.635002,0
			35.0305560000002,-120.63472,0
			35.0308690000001,-120.634689,0
			35.0311130000001,-120.635002,0
			35.0313870000002,-120.635277,0
			35.0316660000001,-120.635277,0
			35.0319440000001,-120.635002,0
			35.032223,-120.635002,0
			35.0325010000001,-120.635002,0
			35.0327760000001,-120.63472,0
			35.033054,-120.63472,0
			35.033333,-120.63472,0
			35.0336110000001,-120.63472,0
			35.0338900000001,-120.63472,0
			35.0341680000002,-120.635002,0
			35.0344430000001,-120.635002,0
			35.0347210000002,-120.635002,0
			35.0350000000001,-120.63472,0
			35.0352780000001,-120.63472,0
			35.035557,-120.63472,0
			35.0358310000001,-120.635002,0
			35.0361100000001,-120.635002,0
			35.036388,-120.635002,0
			35.0366670000002,-120.63472,0
			35.0369450000001,-120.634445,0
			35.0372240000001,-120.634445,0
			35.037498,-120.634163,0
			35.0377770000001,-120.634163,0
			35.0380550000001,-120.634445,0
			35.0383340000001,-120.634163,0
			35.038612,-120.633888,0
			35.038887,-120.633888,0
			35.0391650000001,-120.633614,0
			35.0394440000001,-120.633888,0
			35.039722,-120.633888,0
			35.0400010000002,-120.633888,0
			35.0402790000001,-120.633614,0
			35.0405540000001,-120.633614,0
			35.0408330000001,-120.633614,0
			35.041111,-120.633614,0
			35.0413890000001,-120.633614,0
			35.0416680000001,-120.633331,0
			35.0419430000001,-120.633331,0
			35.042221,-120.633331,0
			35.0425000000002,-120.633331,0
			35.0427780000001,-120.633331,0
			35.043056,-120.633057,0
			35.0433350000002,-120.633057,0
			35.04361,-120.633057,0
			35.0438880000001,-120.633057,0
			35.0441670000001,-120.633057,0
			35.044445,-120.633057,0
			35.044724,-120.633057,0
			35.0449980000001,-120.632774,0
			35.0452770000001,-120.632774,0
			35.045555,-120.6325,0
			35.0458340000002,-120.632225,0
			35.0461120000001,-120.632225,0
			35.0463910000001,-120.6325,0
			35.0466650000002,-120.6325,0
			35.046944,-120.6325,0
			35.0472220000001,-120.6325,0
			35.0475010000001,-120.632225,0
			35.0477790000002,-120.632225,0
			35.048054,-120.632225,0
			35.0483320000001,-120.632225,0
			35.0486110000001,-120.632225,0
			35.048889,-120.631943,0
			35.0491680000002,-120.631943,0
			35.0494460000001,-120.631668,0
			35.0497210000001,-120.631668,0
			35.0499990000002,-120.631943,0
			35.0502780000002,-120.631943,0
			35.0505560000001,-120.631943,0
			35.0508350000001,-120.631668,0
			35.051109,-120.631386,0
			35.051388,-120.631386,0
			35.0516660000001,-120.631668,0
			35.0519450000001,-120.631668,0
			35.052223,-120.631668,0
			35.0525020000002,-120.631668,0
			35.0527760000001,-120.631943,0
			35.0530550000001,-120.631943,0
			35.0533330000002,-120.631943,0
			35.0536120000002,-120.631943,0
			35.0538900000001,-120.631668,0
			35.0541650000001,-120.631668,0
			35.0544430000002,-120.631386,0
			35.054722,-120.631386,0
			35.0550000000001,-120.631386,0
			35.0552790000001,-120.631386,0
			35.0555570000001,-120.631386,0
			35.0558320000002,-120.631386,0
			35.0561100000001,-120.631386,0
			35.0563890000001,-120.631386,0
			35.0566670000002,-120.631386,0
			35.0569460000002,-120.631386,0
			35.0572200000001,-120.631386,0
			35.0574990000001,-120.631386,0
			35.0577770000002,-120.631386,0
			35.0580560000001,-120.631386,0
			35.0583340000001,-120.631386,0
			35.058613,-120.631386,0
			35.058887,-120.631386,0
			35.0591660000002,-120.631386,0
			35.0594440000001,-120.631386,0
			35.0597230000001,-120.631386,0
			35.0600010000002,-120.631386,0
			35.0602760000002,-120.631111,0
			35.0605550000001,-120.631111,0
			35.0608330000001,-120.631111,0
			35.0611110000002,-120.631111,0
			35.0613900000001,-120.631111,0
			35.0616680000001,-120.630836,0
			35.0619430000001,-120.630836,0
			35.0622220000001,-120.630836,0
			35.0625000000002,-120.630836,0
			35.062778,-120.630554,0
			35.0630570000001,-120.630836,0
			35.0633320000001,-120.630836,0
			35.0636100000002,-120.630836,0
			35.0638890000001,-120.630836,0
			35.0641670000001,-120.630836,0
			35.0644450000001,-120.630836,0
			35.0647240000001,-120.630836,0
			35.0649990000002,-120.630836,0
			35.065277,-120.630836,0
			35.0655560000001,-120.630836,0
			35.0658340000002,-120.630554,0
			35.0661130000001,-120.630554,0
			35.0663870000001,-120.630554,0
			35.0666660000001,-120.63028,0
			35.0669440000001,-120.63028,0
			35.0672230000001,-120.63028,0
			35.067501,-120.63028,0
			35.06778,-120.63028,0
			35.0680540000001,-120.629997,0
			35.0683330000002,-120.629997,0
			35.068611,-120.629723,0
			35.0688900000001,-120.629723,0
			35.0691680000001,-120.629723,0
			35.0691680000001,-120.629448,0
			35.0694430000001,-120.629448,0
			35.0697210000001,-120.629448,0
			35.0700000000001,-120.629448,0
			35.0702780000001,-120.629448,0
			35.0705110000001,-120.629463,0
			35.0710030000001,-120.629341,0
			35.0714870000002,-120.629211,0
			35.0719760000001,-120.629074,0
			35.0720710000002,-120.629066,0
			35.0724530000002,-120.628952,0
			35.072937,-120.628845,0
			35.0734020000002,-120.628769,0
			35.0738260000001,-120.628906,0
			35.0739140000001,-120.62896,0
			35.0741460000001,-120.629089,0
			35.0744170000001,-120.629379,0
			35.074783,-120.629524,0
			35.0751530000001,-120.629578,0
			35.0755540000001,-120.629448,0
			35.0758320000001,-120.629448,0
			35.0759430000001,-120.629333,0
			35.0761110000001,-120.629166,0
			35.076389,-120.629166,0
			35.076668,-120.628891,0
			35.0769460000001,-120.628891,0
			35.0772210000001,-120.628609,0
			35.077499,-120.628609,0
			35.0777780000002,-120.628891,0
			35.0780560000001,-120.628891,0
			35.0783350000001,-120.628891,0
			35.078609,-120.629166,0
			35.078888,-120.629166,0
			35.0791660000001,-120.629166,0
			35.0794450000001,-120.629166,0
			35.079723,-120.629166,0
			35.080002,-120.629166,0
			35.0802760000001,-120.629166,0
			35.0805550000001,-120.629166,0
			35.080833,-120.629166,0
			35.0811120000002,-120.629448,0
			35.0813900000001,-120.629448,0
			35.0816650000001,-120.629166,0
			35.0816650000001,-120.628891,0
			35.0819440000001,-120.628609,0
			35.082222,-120.628609,0
			35.0825000000001,-120.628609,0
			35.0827790000001,-120.628609,0
			35.0830570000002,-120.628609,0
			35.083332,-120.628891,0
			35.0836110000002,-120.629166,0
			35.0838890000001,-120.629166,0
			35.084167,-120.629166,0
			35.0844460000002,-120.629166,0
			35.084721,-120.629166,0
			35.0849990000001,-120.629166,0
			35.0852780000001,-120.629166,0
			35.0855560000002,-120.629448,0
			35.085835,-120.629448,0
			35.0861780000001,-120.629486,0
			35.0864220000001,-120.62925,0
			35.0867040000001,-120.629181,0
			35.0870130000001,-120.629166,0
			35.0873410000001,-120.629181,0
			35.0876850000001,-120.629227,0
			35.0880280000001,-120.629364,0
			35.0884210000001,-120.629433,0
			35.0888900000002,-120.629448,0
			35.089169,-120.629723,0
			35.0894430000001,-120.629723,0
			35.0897220000001,-120.629723,0
			35.0898360000001,-120.629837,0
			35.09,-120.629997,0
			35.0902790000002,-120.629997,0
			35.090565,-120.629959,0
			35.0908320000001,-120.63028,0
			35.0911100000002,-120.63028,0
			35.0913890000002,-120.63028,0
			35.0915410000001,-120.630127,0
			35.0916670000001,-120.629997,0
			35.0919460000001,-120.629997,0
			35.0922240000002,-120.629997,0
			35.092499,-120.629723,0
			35.0927770000001,-120.629723,0
			35.0930560000001,-120.629723,0
			35.093334,-120.629723,0
			35.0936130000002,-120.629723,0
			35.0938870000001,-120.629997,0
			35.0941660000001,-120.629997,0
			35.0944440000002,-120.629997,0
			35.0947230000002,-120.629723,0
			35.0947230000002,-120.629448,0
			35.0950010000001,-120.629166,0
			35.0950010000001,-120.628891,0
			35.0952760000001,-120.628891,0
			35.0955540000002,-120.628891,0
			35.095833,-120.628609,0
			35.0961110000001,-120.628609,0
			35.09639,-120.628891,0
			35.0966680000001,-120.628891,0
			35.0969430000002,-120.628891,0
			35.0972210000001,-120.628891,0
			35.0975000000001,-120.629166,0
			35.0977780000002,-120.629448,0
			35.0980570000002,-120.629448,0
			35.0983310000001,-120.629166,0
			35.0986100000001,-120.628891,0
			35.0987820000001,-120.628937,0
			35.09903,-120.628899,0
			35.0992810000002,-120.628929,0
			35.0995100000001,-120.629074,0
			35.0996930000002,-120.629395,0
			35.099945,-120.6297,0
			35.1002580000002,-120.629974,0
			35.1006240000001,-120.630157,0
			35.10107,-120.630096,0
			35.1015400000001,-120.630119,0
			35.1020050000001,-120.630287,0
			35.1024820000002,-120.630486,0
			35.1030270000002,-120.630608,0
			35.1035270000001,-120.630821,0
			35.1040460000001,-120.630966,0
			35.1046450000001,-120.630821,0
			35.1052210000001,-120.630859,0
			35.1057550000001,-120.631088,0
			35.1063,-120.631294,0
			35.1068950000001,-120.631363,0
			35.1074940000001,-120.63134,0
			35.108086,-120.631248,0
			35.1086500000002,-120.631409,0
			35.1091920000001,-120.63166,0
			35.1097560000002,-120.631882,0
			35.1103860000001,-120.631989,0
			35.1110040000001,-120.632156,0
			35.1115880000001,-120.632362,0
			35.1122130000001,-120.632477,0
			35.1128580000002,-120.632538,0
			35.1134760000002,-120.632645,0
			35.1140900000001,-120.632774,0
			35.1147,-120.632912,0
			35.1153030000002,-120.633095,0
			35.1158910000001,-120.633308,0
			35.1164970000002,-120.633453,0
			35.1170730000001,-120.633636,0
			35.1176300000001,-120.633827,0
			35.1182290000001,-120.633972,0
			35.118874,-120.634048,0
			35.1193960000001,-120.63414,0
			35.1198500000002,-120.634415,0
			35.1203420000002,-120.634575,0
			35.120892,-120.634567,0
			35.121407,-120.63475,0
			35.1219060000001,-120.634979,0
			35.122421,-120.635201,0
			35.1230010000001,-120.635254,0
			35.1235770000001,-120.635284,0
			35.12413,-120.635353,0
			35.1245990000002,-120.635567,0
			35.125031,-120.635826,0
			35.1254650000002,-120.636093,0
			35.125927,-120.63633,0
			35.126427,-120.636513,0
			35.126953,-120.636642,0
			35.127487,-120.636719,0
			35.1279910000001,-120.636871,0
			35.1285480000002,-120.636986,0
			35.1289860000001,-120.637222,0
			35.1293870000002,-120.637512,0
			35.1297910000002,-120.637817,0
			35.1302220000002,-120.638046,0
			35.1306880000002,-120.638268,0
			35.1309930000002,-120.638321,0
			35.1312480000001,-120.638367,0
			35.1318170000001,-120.638245,0
			35.1323660000001,-120.638359,0
			35.1328960000001,-120.638557,0
			35.1334420000001,-120.638756,0
			35.1339040000001,-120.639053,0
			35.1343540000001,-120.639374,0
			35.1345480000002,-120.639549,0
			35.134785,-120.639763,0
			35.135227,-120.640137,0
			35.13562,-120.640556,0
			35.1359830000001,-120.641014,0
			35.1362760000001,-120.641518,0
			35.1366650000002,-120.641922,0
			35.137138,-120.642227,0
			35.1376110000001,-120.642532,0
			35.1380350000002,-120.642891,0
			35.1384350000001,-120.643272,0
			35.1388930000001,-120.6436,0
			35.1394000000001,-120.643845,0
			35.1399230000001,-120.643944,0
			35.1403620000002,-120.644157,0
			35.140781,-120.644402,0
			35.1411860000001,-120.644684,0
			35.1416170000001,-120.644936,0
			35.1420860000002,-120.645157,0
			35.1424640000002,-120.645485,0
			35.1429330000001,-120.645714,0
			35.143353,-120.646004,0
			35.1437840000002,-120.646294,0
			35.1441960000001,-120.646622,0
			35.1446040000001,-120.646973,0
			35.1449660000001,-120.647354,0
			35.145279,-120.647781,0
			35.1455960000002,-120.648216,0
			35.145882,-120.648636,0
			35.146286,-120.649078,0
			35.1465680000001,-120.649574,0
			35.1467290000001,-120.650124,0
			35.1469500000001,-120.65065,0
			35.1471630000001,-120.651192,0
			35.1472700000001,-120.651848,0
			35.147488,-120.652443,0
			35.147705,-120.65303,0
			35.1479570000001,-120.653549,0
			35.1480980000001,-120.653954,0
			35.1483610000001,-120.654251,0
			35.1487010000002,-120.654671,0
			35.1491010000001,-120.65506,0
			35.1494450000001,-120.655495,0
			35.149693,-120.655983,0
			35.14962,-120.656662,0
			35.1499210000001,-120.657158,0
			35.1502610000001,-120.657608,0
			35.1505470000002,-120.658051,0
			35.1507870000002,-120.658508,0
			35.1509590000002,-120.659035,0
			35.1511040000001,-120.659637,0
			35.1512340000002,-120.660263,0
			35.1513750000001,-120.660881,0
			35.1515200000001,-120.661469,0
			35.1518330000002,-120.661934,0
			35.1521910000001,-120.662361,0
			35.1524960000002,-120.662827,0
			35.152733,-120.66333,0
			35.1527790000001,-120.66391,0
			35.1527370000002,-120.664505,0
			35.152542,-120.665085,0
			35.1524510000002,-120.665695,0
			35.1522180000001,-120.666283,0
			35.1519390000001,-120.666855,0
			35.1516150000001,-120.667412,0
			35.1512340000002,-120.667938,0
			35.1508830000001,-120.668472,0
			35.1506650000002,-120.669044,0
			35.1506690000002,-120.669655,0
			35.1507990000001,-120.670265,0
			35.1508900000001,-120.670921,0
			35.151054,-120.671539,0
			35.1510960000001,-120.67218,0
			35.151054,-120.672813,0
			35.1508980000001,-120.673401,0
			35.1510660000001,-120.673958,0
			35.1517410000002,-120.674332,0
			35.1524810000001,-120.674576,0
			35.152855,-120.674919,0
			35.1532060000001,-120.675278,0
			35.153557,-120.675659,0
			35.1538700000002,-120.676102,0
			35.1541400000001,-120.676613,0
			35.1543960000001,-120.677139,0
			35.1548040000001,-120.677567,0
			35.1552850000002,-120.677933,0
			35.1557960000002,-120.678284,0
			35.1563340000001,-120.678635,0
			35.1568300000001,-120.67907,0
			35.1572040000001,-120.679642,0
			35.157497,-120.68026,0
			35.1577530000001,-120.680885,0
			35.1578060000001,-120.681602,0
			35.157722,-120.682343,0
			35.157585,-120.683052,0
			35.1577950000002,-120.683632,0
			35.1581,-120.684219,0
			35.1583440000001,-120.684898,0
			35.1586110000002,-120.685593,0
			35.158901,-120.686264,0
			35.1592830000002,-120.686882,0
			35.1598010000001,-120.687363,0
			35.1604540000001,-120.687691,0
			35.1610530000001,-120.688072,0
			35.1614460000001,-120.688568,0
			35.1619220000001,-120.689003,0
			35.162403,-120.689461,0
			35.1628800000001,-120.689957,0
			35.163399,-120.690407,0
			35.163845,-120.69088,0
			35.1642610000001,-120.691368,0
			35.16468,-120.691856,0
			35.165024,-120.692345,0
			35.165421,-120.692764,0
			35.1658630000002,-120.693138,0
			35.1662860000002,-120.693565,0
			35.1666680000002,-120.694038,0
			35.167038,-120.694519,0
			35.1674000000002,-120.695007,0
			35.1677510000001,-120.695511,0
			35.1680560000001,-120.69606,0
			35.168373,-120.696602,0
			35.1687390000001,-120.697105,0
			35.1691510000001,-120.697548,0
			35.1695440000001,-120.69799,0
			35.1700170000001,-120.698357,0
			35.170464,-120.698746,0
			35.1708150000001,-120.699196,0
			35.1710970000001,-120.699707,0
			35.1713260000001,-120.700249,0
			35.1714100000002,-120.700897,0
			35.1715430000001,-120.701546,0
			35.171688,-120.702171,0
			35.1719210000001,-120.702751,0
			35.1721760000001,-120.703285,0
			35.172375,-120.703804,0
			35.172562,-120.704277,0
			35.1727910000002,-120.704742,0
			35.1730420000002,-120.705215,0
			35.1732670000001,-120.705711,0
			35.1734350000002,-120.706245,0
			35.1736260000002,-120.706734,0
			35.1738400000001,-120.707214,0
			35.173882,-120.707794,0
			35.1739010000002,-120.708382,0
			35.1740420000001,-120.708931,0
			35.1741450000001,-120.709488,0
			35.174187,-120.71006,0
			35.174305,-120.710625,0
			35.1745340000002,-120.711235,0
			35.1747930000001,-120.711998,0
			35.1752090000001,-120.712616,0
			35.1754720000001,-120.713203,0
			35.1755790000001,-120.713799,0
			35.1756710000001,-120.714378,0
			35.175709,-120.714935,0
			35.1755490000001,-120.715393,0
			35.1752700000001,-120.715775,0
			35.1747630000001,-120.716003,0
			35.1742290000001,-120.716164,0
			35.1737480000001,-120.716553,0
			35.173397,-120.717102,0
			35.173328,-120.717728,0
			35.1733360000001,-120.718361,0
			35.1734470000001,-120.718964,0
			35.173859,-120.719444,0
			35.174316,-120.719902,0
			35.1746370000001,-120.720451,0
			35.1746750000001,-120.721062,0
			35.1745380000001,-120.721672,0
			35.174694,-120.722244,0
			35.1748500000002,-120.722778,0
			35.1749270000001,-120.723297,0
			35.1747090000001,-120.723747,0
			35.1744310000001,-120.724182,0
			35.1742100000002,-120.72464,0
			35.174221,-120.725151,0
			35.1745070000001,-120.725632,0
			35.1749950000001,-120.726151,0
			35.1754910000001,-120.726738,0
			35.1758690000001,-120.727371,0
			35.1761320000001,-120.727974,0
			35.176392,-120.728561,0
			35.1766660000002,-120.729141,0
			35.1769180000001,-120.729744,0
			35.1770860000001,-120.730408,0
			35.1772920000001,-120.731056,0
			35.1775670000001,-120.731674,0
			35.1778490000002,-120.732285,0
			35.17812,-120.73288,0
			35.1781310000001,-120.733521,0
			35.1779250000001,-120.734131,0
			35.1780820000001,-120.734688,0
			35.1783290000001,-120.735229,0
			35.1785390000001,-120.735794,0
			35.1785550000001,-120.736443,0
			35.1784970000001,-120.737068,0
			35.1784250000001,-120.737617,0
			35.1783100000001,-120.738052,0
			35.1781390000002,-120.738403,0
			35.1780050000001,-120.738754,0
			35.17783,-120.739075,0
			35.1777690000001,-120.739433,0
			35.1776960000001,-120.739769,0
			35.177536,-120.740036,0
			35.1774710000001,-120.740326,0
			35.177311,-120.740562,0
			35.1770820000001,-120.740768,0
			35.1768070000001,-120.740822,0
			35.1765670000001,-120.740837,0
			35.1763880000001,-120.740837,0
			35.1761090000001,-120.740837,0
			35.1758350000001,-120.740837,0
			35.1755560000001,-120.740837,0
			35.175278,-120.741112,0
			35.1747210000001,-120.740555,0
			35.1738890000001,-120.740555,0
			35.1736110000002,-120.740837,0
			35.1733320000002,-120.740837,0
			35.1730540000001,-120.740555,0
			35.1725010000002,-120.740555,0
			35.1722220000001,-120.74028,0
			35.1719440000001,-120.74028,0
			35.1716650000001,-120.739998,0
			35.1699980000002,-120.739998,0
			35.1691670000002,-120.740837,0
			35.1697240000001,-120.741386,0
			35.1702770000002,-120.741386,0
			35.1705550000001,-120.741669,0
			35.1719440000001,-120.741669,0
			35.1722220000001,-120.741386,0
			35.1725010000002,-120.741669,0
			35.1725010000002,-120.742226,0
			35.172779,-120.742226,0
			35.1730540000001,-120.741943,0
			35.1736110000002,-120.741943,0
			35.1738890000001,-120.742226,0
			35.1747210000001,-120.742226,0
			35.1749990000001,-120.7425,0
			35.175278,-120.7425,0
			35.1758350000001,-120.741943,0
			35.1761090000001,-120.742226,0
			35.1763880000001,-120.7425,0
			35.1766620000002,-120.74247,0
			35.177044,-120.742538,0
			35.1773530000002,-120.742676,0
			35.1775250000002,-120.743004,0
			35.177734,-120.743355,0
			35.177822,-120.74379,0
			35.178017,-120.744217,0
			35.178028,-120.744698,0
			35.1778410000001,-120.745216,0
			35.1774860000002,-120.745743,0
			35.177109,-120.746292,0
			35.1768610000001,-120.746971,0
			35.1767350000002,-120.747704,0
			35.1768190000002,-120.748444,0
			35.1770860000001,-120.749092,0
			35.177216,-120.749702,0
			35.1771740000001,-120.750229,0
			35.176952,-120.750648,0
			35.1767120000001,-120.751053,0
			35.176437,-120.75145,0
			35.1761740000001,-120.751869,0
			35.1758650000002,-120.752266,0
			35.1755680000001,-120.752678,0
			35.1752970000001,-120.753143,0
			35.1750560000002,-120.753632,0
			35.1748240000002,-120.75415,0
			35.1745490000001,-120.754639,0
			35.1742970000001,-120.755119,0
			35.173927,-120.755455,0
			35.173397,-120.755524,0
			35.1728670000001,-120.755409,0
			35.1724320000001,-120.755157,0
			35.1719700000001,-120.755066,0
			35.1713910000001,-120.75528,0
			35.1711120000002,-120.75528,0
			35.1708340000001,-120.754997,0
			35.1705550000001,-120.754997,0
			35.168888,-120.753334,0
			35.1686100000001,-120.753334,0
			35.1683350000001,-120.753052,0
			35.1680560000001,-120.753052,0
			35.1677780000002,-120.752777,0
			35.1675000000001,-120.753052,0
			35.1672210000001,-120.753052,0
			35.1669430000002,-120.753334,0
			35.1672210000001,-120.753609,0
			35.1672210000001,-120.753891,0
			35.1677780000002,-120.754448,0
			35.1680560000001,-120.754448,0
			35.168888,-120.75528,0
			35.1691670000002,-120.75528,0
			35.1694450000001,-120.755554,0
			35.1697240000001,-120.755554,0
			35.1701010000002,-120.755936,0
			35.1702770000002,-120.756111,0
			35.1699980000002,-120.756386,0
			35.1697240000001,-120.756386,0
			35.1694450000001,-120.756668,0
			35.1691670000002,-120.756668,0
			35.168888,-120.756943,0
			35.1686100000001,-120.756943,0
			35.1683350000001,-120.756943,0
			35.1680560000001,-120.756943,0
			35.1677780000002,-120.756943,0
			35.1675000000001,-120.756668,0
			35.1672210000001,-120.756668,0
			35.1669430000002,-120.756668,0
			35.1666680000002,-120.756668,0
			35.166389,-120.756668,0
			35.1661110000001,-120.756668,0
			35.1658330000002,-120.756386,0
			35.165554,-120.756386,0
			35.1652790000002,-120.756386,0
			35.1650010000001,-120.756386,0
			35.1647220000001,-120.756111,0
			35.1644440000002,-120.756111,0
			35.164165,-120.755836,0
			35.1638870000001,-120.755836,0
			35.1635860000001,-120.755798,0
			35.1633340000002,-120.755836,0
			35.163055,-120.755836,0
			35.1627770000001,-120.756111,0
			35.1624980000001,-120.755836,0
			35.162224,-120.755836,0
			35.1619450000002,-120.755836,0
			35.1616670000001,-120.755836,0
			35.1613880000001,-120.755836,0
			35.1611100000002,-120.756111,0
			35.160831,-120.756111,0
			35.1605570000001,-120.755836,0
			35.1602780000001,-120.755554,0
			35.1602780000001,-120.75528,0
			35.1602780000001,-120.754997,0
			35.16,-120.754723,0
			35.159721,-120.754448,0
			35.159721,-120.754166,0
			35.159721,-120.753891,0
			35.1594430000001,-120.753609,0
			35.1591680000001,-120.753334,0
			35.15889,-120.753052,0
			35.15889,-120.752777,0
			35.1586110000002,-120.752502,0
			35.1583330000001,-120.75222,0
			35.1580540000001,-120.751945,0
			35.157776,-120.751663,0
			35.157776,-120.751389,0
			35.157501,-120.751114,0
			35.157501,-120.750832,0
			35.1572230000001,-120.750557,0
			35.1569440000001,-120.750275,0
			35.156666,-120.75,0
			35.1563870000001,-120.749725,0
			35.1561130000001,-120.749443,0
			35.1558340000001,-120.749443,0
			35.155556,-120.749725,0
			35.155277,-120.75,0
			35.155277,-120.750275,0
			35.1549990000001,-120.750557,0
			35.1549990000001,-120.750832,0
			35.1549990000001,-120.751114,0
			35.1549990000001,-120.751389,0
			35.155277,-120.751663,0
			35.155556,-120.751945,0
			35.1558340000001,-120.75222,0
			35.1561130000001,-120.75222,0
			35.1563870000001,-120.75222,0
			35.156666,-120.75222,0
			35.1569440000001,-120.752502,0
			35.1572230000001,-120.752777,0
			35.1572230000001,-120.753052,0
			35.157501,-120.753334,0
			35.157776,-120.753609,0
			35.1580540000001,-120.753891,0
			35.1583330000001,-120.754166,0
			35.1583330000001,-120.754448,0
			35.1586110000002,-120.754723,0
			35.1586110000002,-120.754997,0
			35.15889,-120.75528,0
			35.15889,-120.755554,0
			35.1591680000001,-120.755836,0
			35.1591680000001,-120.756111,0
			35.1594430000001,-120.756386,0
			35.1594430000001,-120.756668,0
			35.159451,-120.756981,0
			35.1593550000001,-120.757652,0
			35.1592030000002,-120.758308,0
			35.1591640000001,-120.758987,0
			35.1591640000001,-120.759682,0
			35.1592030000002,-120.760368,0
			35.1594050000002,-120.76104,0
			35.159721,-120.761673,0
			35.1600530000001,-120.762306,0
			35.160286,-120.762955,0
			35.1605000000002,-120.763618,0
			35.1606030000002,-120.764328,0
			35.1608200000002,-120.764977,0
			35.1610640000001,-120.76561,0
			35.1612050000001,-120.766319,0
			35.1614070000001,-120.767021,0
			35.1616710000001,-120.767685,0
			35.1619610000001,-120.768341,0
			35.1622620000001,-120.768982,0
			35.1626210000002,-120.769577,0
			35.1629490000001,-120.770172,0
			35.1632580000001,-120.770744,0
			35.1635860000001,-120.771255,0
			35.1638870000001,-120.771782,0
			35.1641920000001,-120.772308,0
			35.164543,-120.772797,0
			35.164886,-120.7733,0
			35.1652870000001,-120.77375,0
			35.1656990000001,-120.7742,0
			35.1660690000002,-120.774696,0
			35.1663780000002,-120.775269,0
			35.166615,-120.775887,0
			35.1667140000001,-120.776566,0
			35.1669200000001,-120.777199,0
			35.1670720000002,-120.777832,0
			35.167248,-120.778404,0
			35.1675070000001,-120.778908,0
			35.1678240000001,-120.779358,0
			35.1681860000002,-120.779755,0
			35.1685330000001,-120.780182,0
			35.1689640000001,-120.78054,0
			35.1694560000001,-120.78083,0
			35.1699870000002,-120.781052,0
			35.1705440000001,-120.781204,0
			35.1709790000002,-120.78154,0
			35.1713560000001,-120.781937,0
			35.1716690000001,-120.782394,0
			35.1719890000001,-120.782829,0
			35.1724090000002,-120.78318,0
			35.1729770000001,-120.783363,0
			35.1735500000001,-120.783592,0
			35.1740760000001,-120.78392,0
			35.1745760000001,-120.784302,0
			35.1750790000001,-120.784721,0
			35.1755790000001,-120.785164,0
			35.1760600000001,-120.785606,0
			35.1763950000001,-120.786148,0
			35.1767160000001,-120.786697,0
			35.1770590000002,-120.787201,0
			35.1773950000001,-120.787682,0
			35.1775820000001,-120.788269,0
			35.17794,-120.788872,0
			35.1781310000001,-120.789642,0
			35.178429,-120.790352,0
			35.1785350000001,-120.791084,0
			35.178371,-120.791794,0
			35.1782190000001,-120.792503,0
			35.1779330000002,-120.793091,0
			35.178047,-120.793701,0
			35.1782380000002,-120.794327,0
			35.1784440000002,-120.794952,0
			35.1784740000002,-120.795738,0
			35.17873,-120.796379,0
			35.1792560000001,-120.796715,0
			35.1799580000001,-120.796524,0
			35.1806410000001,-120.796455,0
			35.1810190000001,-120.796776,0
			35.1811520000001,-120.797302,0
			35.1813320000001,-120.797859,0
			35.1814800000002,-120.798409,0
			35.1816290000001,-120.79895,0
			35.1817130000001,-120.799538,0
			35.1818920000002,-120.800117,0
			35.1819690000002,-120.800697,0
			35.1820910000001,-120.801231,0
			35.1823010000001,-120.801682,0
			35.1825140000001,-120.802132,0
			35.1827890000002,-120.802559,0
			35.1831090000002,-120.802963,0
			35.183483,-120.803352,0
			35.1838300000001,-120.80378,0
			35.1840710000002,-120.804291,0
			35.1842,-120.804893,0
			35.1843450000001,-120.805504,0
			35.184357,-120.80616,0
			35.184288,-120.806816,0
			35.1845470000001,-120.807343,0
			35.1849940000002,-120.807739,0
			35.1854480000001,-120.808159,0
			35.1857680000001,-120.808662,0
			35.1858750000001,-120.809242,0
			35.1860200000002,-120.809792,0
			35.1861500000001,-120.810371,0
			35.18639,-120.810921,0
			35.1866760000001,-120.81147,0
			35.1870270000002,-120.812012,0
			35.1875380000002,-120.812485,0
			35.1881290000001,-120.812874,0
			35.1886330000002,-120.813133,0
			35.1888310000001,-120.813629,0
			35.1888500000002,-120.814209,0
			35.1887360000002,-120.814819,0
			35.1885340000002,-120.815453,0
			35.1885600000002,-120.816139,0
			35.1886560000001,-120.816841,0
			35.1888470000001,-120.81749,0
			35.1889950000001,-120.818169,0
			35.1893040000001,-120.818764,0
			35.1896710000001,-120.819351,0
			35.1901590000001,-120.819855,0
			35.190731,-120.820297,0
			35.1912920000001,-120.820747,0
			35.1917690000001,-120.821289,0
			35.1919820000002,-120.821991,0
			35.1922000000001,-120.822731,0
			35.1923790000001,-120.823479,0
			35.192554,-120.824165,0
			35.192871,-120.824715,0
			35.193378,-120.82515,0
			35.193745,-120.825554,0
			35.1936840000001,-120.825951,0
			35.19323,-120.826363,0
			35.1930120000001,-120.826813,0
			35.1931040000001,-120.827217,0
			35.1934050000001,-120.82756,0
			35.1938360000001,-120.827858,0
			35.194145,-120.828285,0
			35.1943930000002,-120.828781,0
			35.1947100000001,-120.829247,0
			35.1950570000002,-120.829697,0
			35.195454,-120.830101,0
			35.195766,-120.830513,0
			35.1958310000001,-120.831024,0
			35.195843,-120.831558,0
			35.1959230000001,-120.832092,0
			35.1961670000001,-120.832581,0
			35.1963460000001,-120.833076,0
			35.1963920000002,-120.833603,0
			35.1964490000001,-120.834129,0
			35.1966710000002,-120.83461,0
			35.1969410000002,-120.835083,0
			35.197163,-120.835587,0
			35.1972240000001,-120.836205,0
			35.1971970000002,-120.836853,0
			35.1969950000001,-120.837502,0
			35.196377,-120.838058,0
			35.196461,-120.838501,0
			35.1968230000001,-120.83886,0
			35.1973270000001,-120.839142,0
			35.1979410000001,-120.839333,0
			35.198608,-120.8395,0
			35.1991620000001,-120.839874,0
			35.1996800000001,-120.840317,0
			35.2001950000001,-120.840775,0
			35.200748,-120.841179,0
			35.2010960000002,-120.841705,0
			35.2012290000002,-120.842323,0
			35.2011800000002,-120.84301,0
			35.2012600000001,-120.843742,0
			35.2012750000001,-120.84449,0
			35.201427,-120.845222,0
			35.2017440000001,-120.845955,0
			35.2022440000001,-120.846611,0
			35.2027740000001,-120.846741,0
			35.2030560000002,-120.84639,0
			35.2033350000002,-120.846107,0
			35.2036090000001,-120.845833,0
			35.2038880000001,-120.845833,0
			35.204166,-120.846107,0
			35.204166,-120.84639,0
			35.204166,-120.846664,0
			35.204166,-120.846947,0
			35.2038190000001,-120.847176,0
			35.2039720000001,-120.847412,0
			35.2041050000001,-120.847679,0
			35.2041740000001,-120.847969,0
			35.2042880000001,-120.848267,0
			35.2046130000001,-120.848526,0
			35.204731,-120.848839,0
			35.204849,-120.849152,0
			35.205029,-120.849449,0
			35.205276,-120.849731,0
			35.2054600000001,-120.850052,0
			35.2053950000001,-120.850502,0
			35.2053180000001,-120.851028,0
			35.2051430000002,-120.85154,0
			35.2049060000001,-120.852058,0
			35.2045630000002,-120.852539,0
			35.20451,-120.853096,0
			35.2047200000002,-120.853676,0
			35.205029,-120.854301,0
			35.2054820000002,-120.854919,0
			35.2058140000001,-120.855194,0
			35.206146,-120.855461,0
			35.2063900000002,-120.855553,0
			35.206665,-120.855553,0
			35.2069440000002,-120.855835,0
			35.2072220000001,-120.85611,0
			35.2075000000002,-120.856392,0
			35.2075000000002,-120.856667,0
			35.2077790000002,-120.856941,0
			35.2077790000002,-120.857224,0
			35.2077790000002,-120.857498,0
			35.2077790000002,-120.85778,0
			35.2077790000002,-120.858055,0
			35.2077790000002,-120.85833,0
			35.2077790000002,-120.858612,0
			35.2077790000002,-120.858887,0
			35.2077790000002,-120.859169,0
			35.2080570000001,-120.859444,0
			35.2083320000001,-120.859726,0
			35.2086110000001,-120.859444,0
			35.2088890000002,-120.859444,0
			35.2091670000001,-120.859444,0
			35.2094460000001,-120.859169,0
			35.2097210000001,-120.858887,0
			35.2097210000001,-120.858612,0
			35.2097210000001,-120.85833,0
			35.2097210000001,-120.858055,0
			35.2094460000001,-120.85778,0
			35.2091670000001,-120.857498,0
			35.2091670000001,-120.857224,0
			35.2094460000001,-120.856941,0
			35.2097210000001,-120.856667,0
			35.2098160000001,-120.856575,0
			35.2099990000002,-120.856392,0
			35.2102780000002,-120.856392,0
			35.2105560000001,-120.856392,0
			35.2108350000001,-120.856667,0
			35.2111130000001,-120.856941,0
			35.2113880000002,-120.857224,0
			35.2116660000001,-120.857498,0
			35.2116660000001,-120.857666,0
			35.2116660000001,-120.85778,0
			35.2119450000001,-120.858055,0
			35.2119450000001,-120.85833,0
			35.2122230000002,-120.858612,0
			35.2122230000002,-120.858887,0
			35.2125020000001,-120.859169,0
			35.2125020000001,-120.859444,0
			35.2122230000002,-120.859726,0
			35.2119450000001,-120.860001,0
			35.2116660000001,-120.860275,0
			35.2113880000002,-120.860275,0
			35.2111130000001,-120.860275,0
			35.2108350000001,-120.860275,0
			35.2105560000001,-120.860275,0
			35.2102780000002,-120.860558,0
			35.2102780000002,-120.860832,0
			35.2102780000002,-120.861115,0
			35.2099990000002,-120.861389,0
			35.2099990000002,-120.861664,0
			35.2102780000002,-120.861946,0
			35.2105560000001,-120.861946,0
			35.2108350000001,-120.861946,0
			35.2111130000001,-120.861946,0
			35.2113880000002,-120.862221,0
			35.2116660000001,-120.861946,0
			35.2119450000001,-120.861664,0
			35.2122230000002,-120.861389,0
			35.2125020000001,-120.861389,0
			35.2127760000001,-120.861664,0
			35.2130550000001,-120.861946,0
			35.2133330000001,-120.861946,0
			35.213757,-120.861717,0
			35.2142750000001,-120.861259,0
			35.2149240000002,-120.860931,0
			35.2157140000002,-120.861046,0
			35.2160490000002,-120.861549,0
			35.2161710000001,-120.862206,0
			35.2163730000001,-120.862846,0
			35.2165870000001,-120.86348,0
			35.216953,-120.863976,0
			35.2173770000001,-120.86441,0
			35.2178040000001,-120.864822,0
			35.2180710000001,-120.865379,0
			35.218327,-120.865959,0
			35.21851,-120.866562,0
			35.2184370000001,-120.867256,0
			35.2185710000001,-120.867928,0
			35.2186970000001,-120.868591,0
			35.21904,-120.869209,0
			35.2194140000001,-120.86985,0
			35.2197880000001,-120.870529,0
			35.2202910000001,-120.871124,0
			35.220833,-120.871674,0
			35.221333,-120.872246,0
			35.2216640000001,-120.872894,0
			35.2219430000001,-120.873566,0
			35.2222020000002,-120.874237,0
			35.2224540000001,-120.874886,0
			35.2228280000001,-120.875366,0
			35.2232740000001,-120.875603,0
			35.2237700000001,-120.875267,0
			35.224049,-120.874611,0
			35.224094,-120.873917,0
			35.2244990000002,-120.873459,0
			35.225105,-120.873413,0
			35.2256660000001,-120.873695,0
			35.2260860000002,-120.874168,0
			35.2264100000002,-120.87471,0
			35.2267610000001,-120.875214,0
			35.2271610000001,-120.875664,0
			35.2275540000002,-120.876144,0
			35.2280240000001,-120.876587,0
			35.2286300000002,-120.876953,0
			35.2292560000001,-120.877304,0
			35.2298700000001,-120.87767,0
			35.2304000000001,-120.878128,0
			35.230801,-120.878693,0
			35.2310490000002,-120.879333,0
			35.2311130000001,-120.88002,0
			35.2311860000001,-120.880676,0
			35.23143,-120.881241,0
			35.23175,-120.881744,0
			35.2320820000002,-120.88224,0
			35.2323720000002,-120.882889,0
			35.232937,-120.883354,0
			35.233482,-120.883804,0
			35.2338680000001,-120.884361,0
			35.2341650000002,-120.884956,0
			35.2344470000001,-120.885551,0
			35.2347370000001,-120.886131,0
			35.2350500000001,-120.886688,0
			35.2354580000001,-120.887184,0
			35.235947,-120.887611,0
			35.2364620000002,-120.887993,0
			35.2370150000001,-120.888321,0
			35.2375950000002,-120.888611,0
			35.2381780000001,-120.888893,0
			35.2387540000001,-120.889198,0
			35.2392770000001,-120.889595,0
			35.2396850000001,-120.890106,0
			35.2400470000002,-120.89064,0
			35.24049,-120.891083,0
			35.2409710000001,-120.891472,0
			35.2413900000001,-120.891891,0
			35.2417790000001,-120.892342,0
			35.2421230000002,-120.89286,0
			35.2423290000002,-120.893593,0
			35.2425840000001,-120.894196,0
			35.2429580000002,-120.894623,0
			35.2434200000002,-120.89489,0
			35.2439040000001,-120.895126,0
			35.2441440000001,-120.895515,0
			35.2440910000001,-120.896172,0
			35.244225,-120.89666,0
			35.2445070000001,-120.897011,0
			35.2449460000001,-120.897224,0
			35.2456130000001,-120.897247,0
			35.2460400000001,-120.897476,0
			35.246334,-120.897842,0
			35.2466160000001,-120.89817,0
			35.247036,-120.89817,0
			35.247551,-120.89772,0
			35.2480200000001,-120.897102,0
			35.24839,-120.896469,0
			35.248837,-120.896011,0
			35.2493360000001,-120.89592,0
			35.2498130000001,-120.896164,0
			35.2502440000001,-120.896629,0
			35.2505340000001,-120.897163,0
			35.2507320000001,-120.897774,0
			35.2507320000001,-120.898415,0
			35.2508700000002,-120.898941,0
			35.25116,-120.899368,0
			35.251675,-120.899635,0
			35.2519450000001,-120.900002,0
			35.2522240000001,-120.900002,0
			35.2524990000002,-120.899719,0
			35.2524990000002,-120.899445,0
			35.2524990000002,-120.89917,0
			35.2522240000001,-120.898888,0
			35.2522240000001,-120.898613,0
			35.2522240000001,-120.898331,0
			35.2522240000001,-120.898056,0
			35.2519450000001,-120.897781,0
			35.2519450000001,-120.897499,0
			35.2519450000001,-120.897224,0
			35.2522240000001,-120.896942,0
			35.2524990000002,-120.896667,0
			35.2527770000001,-120.896667,0
			35.2530560000001,-120.896942,0
			35.2533340000002,-120.896942,0
			35.2536130000001,-120.897224,0
			35.2538870000001,-120.897499,0
			35.2541660000001,-120.897781,0
			35.2541660000001,-120.898056,0
			35.2541660000001,-120.898331,0
			35.2541660000001,-120.898613,0
			35.2541660000001,-120.898888,0
			35.2544440000001,-120.89917,0
			35.2544440000001,-120.899445,0
			35.2544440000001,-120.899719,0
			35.2543870000001,-120.899948,0
			35.2547950000001,-120.900101,0
			35.2551960000002,-120.900185,0
			35.2555770000001,-120.900131,0
			35.2558520000001,-120.89991,0
			35.256111,-120.899658,0
			35.2563710000001,-120.899414,0
			35.25663,-120.899178,0
			35.256916,-120.899002,0
			35.2572780000002,-120.899017,0
			35.257648,-120.899178,0
			35.2580070000001,-120.899338,0
			35.2583620000001,-120.899338,0
			35.258678,-120.899155,0
			35.2589260000001,-120.898834,0
			35.2589420000002,-120.898689,0
			35.2589990000001,-120.898155,0
			35.2590940000001,-120.897408,0
			35.2591780000001,-120.896652,0
			35.2593920000001,-120.895966,0
			35.2600100000001,-120.8955,0
			35.260456,-120.895576,0
			35.260864,-120.895859,0
			35.2612000000001,-120.896118,0
			35.2615970000001,-120.896309,0
			35.2621540000002,-120.896065,0
			35.2627140000002,-120.895729,0
			35.263275,-120.89537,0
			35.2639160000002,-120.89521,0
			35.264606,-120.895309,0
			35.2653050000001,-120.895485,0
			35.2660370000002,-120.895477,0
			35.266777,-120.895302,0
			35.2666660000001,-120.894997,0
			35.2669450000001,-120.894722,0
			35.267223,-120.894722,0
			35.267502,-120.894447,0
			35.2677760000001,-120.894722,0
			35.2680550000001,-120.894997,0
			35.2680550000001,-120.895279,0
			35.2680550000001,-120.895554,0
			35.2680590000001,-120.895798,0
			35.2685470000001,-120.896271,0
			35.2689550000002,-120.89679,0
			35.269413,-120.897202,0
			35.2699200000001,-120.897545,0
			35.2704580000002,-120.897865,0
			35.271053,-120.898003,0
			35.2717020000001,-120.898048,0
			35.2719990000001,-120.897736,0
			35.272232,-120.897247,0
			35.2724800000001,-120.896713,0
			35.2727890000001,-120.896255,0
			35.273155,-120.89608,0
			35.273533,-120.895897,0
			35.2738950000002,-120.895599,0
			35.2742420000001,-120.895256,0
			35.2745320000001,-120.894875,0
			35.2746930000001,-120.894447,0
			35.2747120000001,-120.894005,0
			35.2746390000001,-120.893562,0
			35.274437,-120.893173,0
			35.2742120000001,-120.892784,0
			35.2740710000002,-120.892296,0
			35.2739070000001,-120.891815,0
			35.273853,-120.891296,0
			35.2740670000002,-120.890701,0
			35.2743000000001,-120.890068,0
			35.2749250000001,-120.889641,0
			35.275349,-120.889778,0
			35.2757640000001,-120.89003,0
			35.275967,-120.89019,0
			35.2761570000001,-120.890335,0
			35.2765310000001,-120.890648,0
			35.276981,-120.890785,0
			35.2774810000002,-120.890732,0
			35.2780000000002,-120.890633,0
			35.2785000000001,-120.890602,0
			35.2790300000001,-120.89035,0
			35.2795940000001,-120.890015,0
			35.2801780000001,-120.889641,0
			35.2806510000001,-120.88916,0
			35.2811660000001,-120.888695,0
			35.2816310000001,-120.888153,0
			35.2822840000001,-120.887779,0
			35.2830120000001,-120.887527,0
			35.2837180000001,-120.887299,0
			35.2841910000001,-120.886894,0
			35.2845650000002,-120.886406,0
			35.2849580000001,-120.885933,0
			35.2854610000001,-120.885567,0
			35.2859990000001,-120.885277,0
			35.2865490000002,-120.884995,0
			35.2870940000001,-120.884705,0
			35.2876050000002,-120.884369,0
			35.2880550000001,-120.883949,0
			35.2885020000001,-120.883575,0
			35.289001,-120.883423,0
			35.2895360000001,-120.883247,0
			35.2900700000002,-120.882812,0
			35.2903250000001,-120.882256,0
			35.290577,-120.881699,0
			35.2908630000001,-120.88118,0
			35.2912520000001,-120.880753,0
			35.2917370000001,-120.880417,0
			35.29229,-120.880165,0
			35.292885,-120.879967,0
			35.29348,-120.879745,0
			35.2940600000001,-120.879539,0
			35.2946170000002,-120.879311,0
			35.2951130000002,-120.879028,0
			35.2955820000001,-120.878708,0
			35.2960590000001,-120.87841,0
			35.2965810000001,-120.878143,0
			35.2971990000001,-120.877968,0
			35.2977910000001,-120.877739,0
			35.2983550000002,-120.87748,0
			35.2989230000001,-120.877213,0
			35.299519,-120.876976,0
			35.3001250000001,-120.876778,0
			35.3033330000001,-120.876663,0
			35.309444,-120.874725,0
			35.3126340000002,-120.872673,0
			35.313332,-120.872223,0
			35.3141940000001,-120.872116,0
			35.3155560000002,-120.871948,0
			35.3158340000001,-120.872223,0
			35.3202780000001,-120.871391,0
			35.3205570000001,-120.871391,0
			35.3208350000002,-120.871109,0
			35.3208350000002,-120.870834,0
			35.3230550000002,-120.870552,0
			35.3269460000001,-120.868889,0
			35.3272210000001,-120.868614,0
			35.3274990000002,-120.868614,0
			35.3277780000001,-120.868614,0
			35.3280560000001,-120.868614,0
			35.328335,-120.868614,0
			35.328609,-120.868332,0
			35.3288880000002,-120.868057,0
			35.329166,-120.867775,0
			35.3294450000001,-120.8675,0
			35.3297230000002,-120.867775,0
			35.3305550000001,-120.8675,0
			35.3308330000002,-120.867226,0
			35.3313900000001,-120.8675,0
			35.331665,-120.8675,0
			35.3319440000001,-120.8675,0
			35.3322220000002,-120.867775,0
			35.3325,-120.867775,0
			35.3327790000001,-120.867775,0
			35.3330570000001,-120.867775,0
			35.3333320000002,-120.867775,0
			35.3336110000001,-120.867775,0
			35.3341670000001,-120.867775,0
			35.3347210000002,-120.867226,0
			35.3363880000001,-120.867226,0
			35.3366660000002,-120.867226,0
			35.3369450000001,-120.867226,0
			35.3372230000001,-120.866943,0
			35.337502,-120.866943,0
			35.3377760000001,-120.866943,0
			35.3380550000001,-120.866943,0
			35.338333,-120.866943,0
			35.338612,-120.866669,0
			35.3388900000001,-120.866669,0
			35.3391690000001,-120.866669,0
			35.3394430000001,-120.866943,0
			35.3400000000001,-120.866669,0
			35.3402790000001,-120.866386,0
			35.3402790000001,-120.866112,0
			35.3422240000001,-120.865555,0
			35.3424990000001,-120.86528,0
			35.342777,-120.86528,0
			35.343056,-120.86528,0
			35.3433340000001,-120.86528,0
			35.3436130000001,-120.86528,0
			35.3438870000001,-120.86528,0
			35.344166,-120.86528,0
			35.3444440000001,-120.86528,0
			35.3447230000001,-120.86528,0
			35.345001,-120.86528,0
			35.345276,-120.864998,0
			35.3455540000001,-120.864723,0
			35.3458330000001,-120.864441,0
			35.346111,-120.864166,0
			35.34639,-120.864166,0
			35.3466680000001,-120.864166,0
			35.3469430000001,-120.864166,0
			35.347221,-120.863892,0
			35.3475,-120.863892,0
			35.3477780000001,-120.864166,0
			35.3480570000001,-120.864166,0
			35.348331,-120.864441,0
			35.34861,-120.864441,0
			35.351665,-120.864166,0
			35.3519440000002,-120.864166,0
			35.3522220000001,-120.863892,0
			35.3525010000001,-120.863892,0
			35.3527790000002,-120.863892,0
			35.353054,-120.863609,0
			35.3533330000002,-120.863609,0
			35.3536110000001,-120.863609,0
			35.353889,-120.863609,0
			35.3541680000002,-120.863892,0
			35.3544430000002,-120.863892,0
			35.3547210000001,-120.863609,0
			35.3550000000001,-120.863609,0
			35.3552780000002,-120.863609,0
			35.3555560000001,-120.863335,0
			35.3558350000001,-120.863335,0
			35.3561100000001,-120.863335,0
			35.356388,-120.863335,0
			35.3566670000002,-120.863335,0
			35.3569450000001,-120.863335,0
			35.3572240000001,-120.863335,0
			35.3574980000002,-120.863052,0
			35.3577770000002,-120.863052,0
			35.3580550000001,-120.862778,0
			35.362221,-120.861946,0
			35.3624990000001,-120.862221,0
			35.362778,-120.862221,0
			35.3630560000001,-120.861946,0
			35.3633350000002,-120.861664,0
			35.3633350000002,-120.861389,0
			35.3633350000002,-120.861115,0
			35.3633350000002,-120.860832,0
			35.3633500000001,-120.860558,0
			35.3636090000001,-120.860275,0
			35.3633350000002,-120.860001,0
			35.3630560000001,-120.859726,0
			35.362778,-120.859444,0
			35.3624990000001,-120.859444,0
			35.362221,-120.859726,0
			35.3608320000002,-120.859444,0
			35.3605540000001,-120.859169,0
			35.360279,-120.859169,0
			35.3600010000002,-120.858887,0
			35.359722,-120.858887,0
			35.3594440000001,-120.858612,0
			35.3591650000001,-120.85833,0
			35.3589900000002,-120.858154,0
			35.3588910000001,-120.858055,0
			35.3586120000002,-120.85778,0
			35.3583340000001,-120.858055,0
			35.3580550000001,-120.85833,0
			35.3580700000001,-120.858536,0
			35.3583340000001,-120.858887,0
			35.3583340000001,-120.859169,0
			35.3580550000001,-120.859444,0
			35.3577770000002,-120.859444,0
			35.3574980000002,-120.859444,0
			35.3572240000001,-120.859169,0
			35.3569450000001,-120.858887,0
			35.3567050000001,-120.85865,0
			35.356388,-120.858604,0
			35.3561100000001,-120.858612,0
			35.3558350000001,-120.858612,0
			35.3555560000001,-120.858612,0
			35.3552780000002,-120.858612,0
			35.3550910000002,-120.858421,0
			35.355034,-120.85836,0
			35.3547210000001,-120.85833,0
			35.3544430000002,-120.858612,0
			35.3541680000002,-120.858612,0
			35.353889,-120.858612,0
			35.3536110000001,-120.85833,0
			35.3533330000002,-120.85833,0
			35.353054,-120.85833,0
			35.3527790000002,-120.85833,0
			35.3525010000001,-120.85833,0
			35.3522220000001,-120.85833,0
			35.3519440000002,-120.85833,0
			35.351665,-120.85833,0
			35.3513870000001,-120.858055,0
			35.3511120000001,-120.858055,0
			35.3508340000002,-120.857834,0
			35.346684,-120.857941,0
			35.3422240000001,-120.858055,0
			35.341946,-120.858055,0
			35.341667,-120.85833,0
			35.3413890000001,-120.85833,0
			35.3411100000001,-120.85833,0
			35.340832,-120.85833,0
			35.340557,-120.85833,0
			35.3402790000001,-120.85833,0
			35.3400000000001,-120.858055,0
			35.3397220000001,-120.858055,0
			35.3394430000001,-120.858055,0
			35.3391690000001,-120.85778,0
			35.3388900000001,-120.85778,0
			35.337532,-120.858459,0
			35.3364330000001,-120.859009,0
			35.336113,-120.859169,0
			35.3358350000001,-120.858887,0
			35.3355560000001,-120.858887,0
			35.3352780000001,-120.858612,0
			35.334999,-120.85833,0
			35.3347210000002,-120.858612,0
			35.3344460000001,-120.858887,0
			35.3341670000001,-120.858887,0
			35.3338890000001,-120.859169,0
			35.3336110000001,-120.859444,0
			35.3333320000002,-120.859444,0
			35.3330570000001,-120.859444,0
			35.3327790000001,-120.859169,0
			35.3325,-120.859169,0
			35.3322220000002,-120.859169,0
			35.3319440000001,-120.859169,0
			35.331665,-120.859169,0
			35.3313900000001,-120.859169,0
			35.3311120000001,-120.859444,0
			35.3308330000002,-120.859444,0
			35.3305550000001,-120.859444,0
			35.3302760000001,-120.859444,0
			35.3300020000001,-120.859726,0
			35.3297230000002,-120.859726,0
			35.3294450000001,-120.859726,0
			35.329166,-120.859726,0
			35.3288880000002,-120.859444,0
			35.328609,-120.859444,0
			35.328335,-120.859444,0
			35.3280560000001,-120.859726,0
			35.3277780000001,-120.859726,0
			35.3274990000002,-120.860001,0
			35.3272210000001,-120.860001,0
			35.3269460000001,-120.860001,0
			35.3266680000002,-120.860001,0
			35.3263890000002,-120.860001,0
			35.3261110000001,-120.860001,0
			35.3258320000001,-120.860001,0
			35.3255540000002,-120.860001,0
			35.3252790000001,-120.860001,0
			35.325001,-120.860275,0
			35.3247220000001,-120.860558,0
			35.324444,-120.860832,0
			35.3241650000002,-120.861115,0
			35.3238910000001,-120.861389,0
			35.3236120000001,-120.861664,0
			35.3233340000002,-120.861946,0
			35.32111,-120.862221,0
			35.3208350000002,-120.862221,0
			35.3205570000001,-120.862503,0
			35.3202780000001,-120.862503,0
			35.3200000000002,-120.862503,0
			35.3197210000002,-120.862778,0
			35.3194430000001,-120.862778,0
			35.3191680000001,-120.863052,0
			35.3188900000002,-120.863335,0
			35.318611,-120.863335,0
			35.3183330000001,-120.863609,0
			35.3180540000001,-120.863609,0
			35.31778,-120.863609,0
			35.3174780000001,-120.863586,0
			35.3172230000001,-120.863609,0
			35.3166660000002,-120.861946,0
			35.3166660000002,-120.861664,0
			35.3169440000001,-120.861389,0
			35.3169440000001,-120.861115,0
			35.3172230000001,-120.860832,0
			35.3172230000001,-120.860558,0
			35.3175010000002,-120.860275,0
			35.3175010000002,-120.860001,0
			35.3175010000002,-120.859726,0
			35.31778,-120.859444,0
			35.31778,-120.859169,0
			35.31778,-120.858887,0
			35.31778,-120.858612,0
			35.31778,-120.85833,0
			35.3180540000001,-120.858055,0
			35.3180540000001,-120.85778,0
			35.3183330000001,-120.857498,0
			35.3183330000001,-120.857224,0
			35.3183330000001,-120.856941,0
			35.3183330000001,-120.856667,0
			35.318611,-120.856392,0
			35.318611,-120.85611,0
			35.318611,-120.855835,0
			35.318611,-120.855553,0
			35.318611,-120.855278,0
			35.318611,-120.855003,0
			35.318611,-120.854721,0
			35.318611,-120.854446,0
			35.318611,-120.854164,0
			35.318611,-120.853889,0
			35.318611,-120.853615,0
			35.3188900000002,-120.853333,0
			35.3191680000001,-120.853058,0
			35.3194430000001,-120.852776,0
			35.3197210000002,-120.852776,0
			35.3200000000002,-120.852501,0
			35.3202780000001,-120.852219,0
			35.3205570000001,-120.851944,0
			35.3208350000002,-120.851669,0
			35.32111,-120.851387,0
			35.3213880000001,-120.851112,0
			35.3216670000001,-120.85083,0
			35.321945,-120.850555,0
			35.321945,-120.850281,0
			35.3222240000002,-120.849998,0
			35.3222240000002,-120.849724,0
			35.321945,-120.849442,0
			35.321945,-120.849167,0
			35.321945,-120.848892,0
			35.321945,-120.84861,0
			35.321945,-120.848335,0
			35.321945,-120.848053,0
			35.321945,-120.847778,0
			35.3216670000001,-120.847504,0
			35.3216670000001,-120.847221,0
			35.321945,-120.846947,0
			35.321945,-120.846664,0
			35.321945,-120.84639,0
			35.3222240000002,-120.846107,0
			35.3222240000002,-120.845833,0
			35.3222240000002,-120.845558,0
			35.3222240000002,-120.845276,0
			35.3222240000002,-120.845001,0
			35.3224980000001,-120.844719,0
			35.3224980000001,-120.844444,0
			35.3224980000001,-120.84417,0
			35.3224980000001,-120.843887,0
			35.3224980000001,-120.843613,0
			35.3224980000001,-120.84333,0
			35.3227770000001,-120.843056,0
			35.3227770000001,-120.842781,0
			35.3227770000001,-120.842499,0
			35.3230550000002,-120.842224,0
			35.3230550000002,-120.841942,0
			35.3233340000002,-120.841667,0
			35.3236120000001,-120.841393,0
			35.3238910000001,-120.84111,0
			35.3241650000002,-120.84111,0
			35.324444,-120.840836,0
			35.3247220000001,-120.840836,0
			35.325001,-120.840836,0
			35.3252790000001,-120.840836,0
			35.3255540000002,-120.840836,0
			35.3258320000001,-120.84111,0
			35.3261110000001,-120.84111,0
			35.3263890000002,-120.841393,0
			35.3266680000002,-120.841667,0
			35.3269460000001,-120.841942,0
			35.3269460000001,-120.842224,0
			35.3269460000001,-120.842445,0
			35.3269460000001,-120.842781,0
			35.3272210000001,-120.843056,0
			35.3272210000001,-120.84333,0
			35.3274990000002,-120.843613,0
			35.3274990000002,-120.843887,0
			35.3277780000001,-120.84417,0
			35.3280560000001,-120.844444,0
			35.328335,-120.844719,0
			35.328609,-120.845001,0
			35.328876,-120.845009,0
			35.329166,-120.845001,0
			35.3294450000001,-120.844719,0
			35.3297230000002,-120.844719,0
			35.3300020000001,-120.844444,0
			35.3302760000001,-120.844444,0
			35.3305550000001,-120.84417,0
			35.3308330000002,-120.84417,0
			35.3311120000001,-120.843887,0
			35.3313900000001,-120.843613,0
			35.331665,-120.843613,0
			35.3319440000001,-120.84333,0
			35.3322220000002,-120.843056,0
			35.3325,-120.842781,0
			35.3325,-120.842499,0
			35.3327790000001,-120.842224,0
			35.3325,-120.841942,0
			35.3325,-120.841667,0
			35.3330570000001,-120.84111,0
			35.3330570000001,-120.840553,0
			35.3328250000001,-120.840324,0
			35.3325,-120.840279,0
			35.3325,-120.83889,0
			35.3322220000002,-120.838608,0
			35.3322220000002,-120.838333,0
			35.3319440000001,-120.838058,0
			35.3319440000001,-120.837219,0
			35.331665,-120.836945,0
			35.331665,-120.83667,0
			35.3313900000001,-120.836388,0
			35.3313900000001,-120.836113,0
			35.3311120000001,-120.835831,0
			35.3311120000001,-120.834999,0
			35.3313900000001,-120.834724,0
			35.3313900000001,-120.834167,0
			35.3319440000001,-120.833611,0
			35.3319440000001,-120.833336,0
			35.3330570000001,-120.832222,0
			35.3330570000001,-120.831947,0
			35.3333320000002,-120.831665,0
			35.3336110000001,-120.831665,0
			35.3338890000001,-120.83139,0
			35.3336110000001,-120.831108,0
			35.3338890000001,-120.830833,0
			35.3341670000001,-120.830833,0
			35.3355560000001,-120.829445,0
			35.3358350000001,-120.829445,0
			35.3363880000001,-120.828888,0
			35.3372230000001,-120.828888,0
			35.3380550000001,-120.828056,0
			35.338333,-120.828331,0
			35.338612,-120.828331,0
			35.338612,-120.828613,0
			35.3388900000001,-120.828888,0
			35.3388900000001,-120.82917,0
			35.3394430000001,-120.82972,0
			35.3394430000001,-120.830002,0
			35.340832,-120.83139,0
			35.340832,-120.832222,0
			35.3422240000001,-120.833611,0
			35.3422240000001,-120.833885,0
			35.342777,-120.834442,0
			35.342777,-120.834999,0
			35.3424990000001,-120.835281,0
			35.3424990000001,-120.836113,0
			35.3414000000001,-120.837212,0
			35.340832,-120.837776,0
			35.340557,-120.837776,0
			35.340557,-120.838058,0
			35.3411100000001,-120.838608,0
			35.3411100000001,-120.839165,0
			35.3413890000001,-120.839447,0
			35.3413890000001,-120.839996,0
			35.341667,-120.840279,0
			35.341667,-120.840553,0
			35.341976,-120.840797,0
			35.3424990000001,-120.840836,0
			35.342777,-120.84111,0
			35.3433340000001,-120.84111,0
			35.3436130000001,-120.840836,0
			35.3438870000001,-120.840836,0
			35.3444440000001,-120.840279,0
			35.3444440000001,-120.839996,0
			35.3447230000001,-120.839722,0
			35.345001,-120.839996,0
			35.345276,-120.839996,0
			35.3455540000001,-120.840279,0
			35.3455540000001,-120.840836,0
			35.345276,-120.84111,0
			35.345276,-120.841393,0
			35.345001,-120.841667,0
			35.345001,-120.841942,0
			35.3457340000001,-120.842674,0
			35.346111,-120.843056,0
			35.3458330000001,-120.84333,0
			35.3458330000001,-120.84417,0
			35.3458330000001,-120.844444,0
			35.346111,-120.844719,0
			35.34639,-120.844719,0
			35.3466680000001,-120.844719,0
			35.3469430000001,-120.844719,0
			35.347221,-120.844719,0
			35.3475,-120.844444,0
			35.3475720000001,-120.844376,0
			35.3477780000001,-120.84417,0
			35.3480570000001,-120.84417,0
			35.348331,-120.843887,0
			35.34861,-120.843887,0
			35.3488880000001,-120.843887,0
			35.3491670000001,-120.843613,0
			35.3494450000002,-120.843887,0
			35.349724,-120.843887,0
			35.3499980000001,-120.84417,0
			35.3502770000001,-120.844444,0
			35.350555,-120.844719,0
			35.3508340000002,-120.845001,0
			35.3511120000001,-120.845276,0
			35.351444,-120.84552,0
			35.351665,-120.845833,0
			35.3519440000002,-120.845833,0
			35.3522220000001,-120.846107,0
			35.3525010000001,-120.846107,0
			35.3527790000002,-120.84639,0
			35.353054,-120.846664,0
			35.3533330000002,-120.846947,0
			35.3536110000001,-120.847221,0
			35.353889,-120.847504,0
			35.3541680000002,-120.847504,0
			35.3544430000002,-120.847778,0
			35.3547210000001,-120.847778,0
			35.3550000000001,-120.847778,0
			35.3552780000002,-120.847778,0
			35.3555560000001,-120.848053,0
			35.3558350000001,-120.848335,0
			35.3561100000001,-120.84861,0
			35.356388,-120.848892,0
			35.3566670000002,-120.849167,0
			35.3566670000002,-120.849442,0
			35.3569450000001,-120.849724,0
			35.3569450000001,-120.849998,0
			35.3569450000001,-120.850281,0
			35.3572240000001,-120.850555,0
			35.3574980000002,-120.85083,0
			35.3577770000002,-120.851112,0
			35.3580550000001,-120.851112,0
			35.3583340000001,-120.851112,0
			35.3586120000002,-120.851387,0
			35.3588910000001,-120.851387,0
			35.3591650000001,-120.851669,0
			35.3594440000001,-120.851944,0
			35.359722,-120.851944,0
			35.3600010000002,-120.851944,0
			35.360279,-120.852219,0
			35.3605540000001,-120.852219,0
			35.3608320000002,-120.852501,0
			35.3611110000002,-120.852501,0
			35.3613890000001,-120.852776,0
			35.3616680000001,-120.853058,0
			35.3619460000002,-120.853058,0
			35.362221,-120.853058,0
			35.3624990000001,-120.853058,0
			35.362778,-120.853058,0
			35.3630560000001,-120.853333,0
			35.3633350000002,-120.853333,0
			35.3636090000001,-120.853333,0
			35.3638880000001,-120.853333,0
			35.3641660000002,-120.853615,0
			35.3644450000002,-120.853615,0
			35.3647230000001,-120.853615,0
			35.3650020000001,-120.853889,0
			35.3652760000002,-120.853889,0
			35.3655550000001,-120.853889,0
			35.3658330000001,-120.854164,0
			35.366112,-120.854164,0
			35.3663900000001,-120.854446,0
			35.3666650000002,-120.854446,0
			35.366943,-120.854446,0
			35.3672220000001,-120.854721,0
			35.3675000000002,-120.854721,0
			35.3677790000002,-120.855003,0
			35.3680570000001,-120.855003,0
			35.3683320000001,-120.855278,0
			35.3686100000002,-120.855553,0
			35.3688890000001,-120.855835,0
			35.3691670000001,-120.85611,0
			35.369446,-120.856392,0
			35.369446,-120.856667,0
			35.3697200000001,-120.856941,0
			35.3697200000001,-120.857224,0
			35.3699990000002,-120.857498,0
			35.3699990000002,-120.85778,0
			35.3699990000002,-120.858055,0
			35.370277,-120.85833,0
			35.3705560000001,-120.858612,0
			35.3708340000001,-120.858887,0
			35.3711130000002,-120.859169,0
			35.3713870000001,-120.859444,0
			35.3716660000001,-120.859444,0
			35.3716660000001,-120.859726,0
			35.3716660000001,-120.860001,0
			35.3719440000002,-120.860275,0
			35.3722230000001,-120.860558,0
			35.3722230000001,-120.860832,0
			35.3719440000002,-120.861115,0
			35.3716660000001,-120.861389,0
			35.3716660000001,-120.861664,0
			35.3713870000001,-120.861946,0
			35.3713870000001,-120.862221,0
			35.3711130000002,-120.862503,0
			35.3711130000002,-120.862778,0
			35.3711130000002,-120.863052,0
			35.3708340000001,-120.863335,0
			35.3705560000001,-120.863609,0
			35.3705560000001,-120.863892,0
			35.370277,-120.864166,0
			35.3699990000002,-120.864441,0
			35.3697200000001,-120.864441,0
			35.369446,-120.864723,0
			35.3691670000001,-120.864998,0
			35.3688890000001,-120.864998,0
			35.3686100000002,-120.864998,0
			35.3683320000001,-120.864723,0
			35.3680570000001,-120.864723,0
			35.3677790000002,-120.864998,0
			35.3675000000002,-120.864998,0
			35.3672220000001,-120.864998,0
			35.366943,-120.86528,0
			35.3666650000002,-120.86528,0
			35.3663900000001,-120.86528,0
			35.366112,-120.865555,0
			35.366112,-120.865837,0
			35.366112,-120.866112,0
			35.3663900000001,-120.866386,0
			35.3663900000001,-120.866669,0
			35.3666650000002,-120.866943,0
			35.366943,-120.867226,0
			35.3672220000001,-120.8675,0
			35.3672220000001,-120.867775,0
			35.366943,-120.868057,0
			35.3666650000002,-120.868332,0
			35.3663900000001,-120.868614,0
			35.366112,-120.868614,0
			35.3658330000001,-120.868889,0
			35.3655550000001,-120.868889,0
			35.3652760000002,-120.869164,0
			35.3650020000001,-120.869164,0
			35.3647230000001,-120.868889,0
			35.3644450000002,-120.868889,0
			35.3641660000002,-120.868889,0
			35.3638880000001,-120.868889,0
			35.3636090000001,-120.868889,0
			35.3633350000002,-120.868889,0
			35.3630560000001,-120.868889,0
			35.362778,-120.868889,0
			35.3624990000001,-120.869164,0
			35.362221,-120.869446,0
			35.362221,-120.86972,0
			35.362221,-120.870003,0
			35.362221,-120.870277,0
			35.3624990000001,-120.870552,0
			35.362778,-120.870834,0
			35.3630560000001,-120.870834,0
			35.3633350000002,-120.870834,0
			35.3636090000001,-120.870834,0
			35.3638880000001,-120.870834,0
			35.3641660000002,-120.870834,0
			35.3644450000002,-120.870552,0
			35.3647230000001,-120.870552,0
			35.3650020000001,-120.870552,0
			35.3652760000002,-120.870552,0
			35.3655550000001,-120.870277,0
			35.3658330000001,-120.870277,0
			35.366112,-120.870277,0
			35.3663900000001,-120.870277,0
			35.3666650000002,-120.870277,0
			35.366943,-120.870552,0
			35.3672220000001,-120.870552,0
			35.3675000000002,-120.870552,0
			35.3677790000002,-120.870552,0
			35.3680570000001,-120.870552,0
			35.3683320000001,-120.870552,0
			35.3686100000002,-120.870552,0
			35.3688890000001,-120.870552,0
			35.3691670000001,-120.870834,0
			35.369446,-120.871109,0
			35.3697200000001,-120.871391,0
			35.3699990000002,-120.871666,0
			35.3699990000002,-120.871948,0
			35.370277,-120.871948,0
			35.3705560000001,-120.871948,0
			35.3708340000001,-120.871666,0
			35.3711130000002,-120.871391,0
			35.3713870000001,-120.871109,0
			35.3716660000001,-120.870834,0
			35.3716660000001,-120.870552,0
			35.3719440000002,-120.870277,0
			35.3722230000001,-120.870003,0
			35.3725010000001,-120.86972,0
			35.372776,-120.869446,0
			35.3725010000001,-120.869164,0
			35.3723910000002,-120.869057,0
			35.3722230000001,-120.868889,0
			35.3722230000001,-120.868614,0
			35.3725010000001,-120.868332,0
			35.3727570000001,-120.868324,0
			35.3730550000001,-120.868332,0
			35.3730550000001,-120.868057,0
			35.3730350000002,-120.867767,0
			35.3730550000001,-120.8675,0
			35.3730550000001,-120.867226,0
			35.3730550000001,-120.866943,0
			35.3730550000001,-120.866669,0
			35.372776,-120.866386,0
			35.3725010000001,-120.866112,0
			35.3722230000001,-120.865837,0
			35.3719440000002,-120.865555,0
			35.3719440000002,-120.86528,0
			35.3719440000002,-120.864998,0
			35.3719440000002,-120.864723,0
			35.3722230000001,-120.864441,0
			35.3725010000001,-120.864441,0
			35.372776,-120.864166,0
			35.3730550000001,-120.864166,0
			35.3733330000001,-120.863892,0
			35.373611,-120.863892,0
			35.37389,-120.863892,0
			35.3741680000001,-120.863609,0
			35.3744430000002,-120.863609,0
			35.3747220000001,-120.863609,0
			35.3750000000001,-120.863335,0
			35.3752780000002,-120.863335,0
			35.3755570000001,-120.863335,0
			35.3758320000001,-120.863335,0
			35.37611,-120.863335,0
			35.376389,-120.863335,0
			35.3766710000001,-120.863609,0
			35.376945,-120.863892,0
			35.377224,-120.863892,0
			35.3774990000001,-120.863892,0
			35.3777770000002,-120.863892,0
			35.3780560000001,-120.863892,0
			35.3783340000001,-120.863892,0
			35.378613,-120.863647,0
			35.3788870000001,-120.863655,0
			35.3791660000001,-120.863663,0
			35.379444,-120.863892,0
			35.379723,-120.863892,0
			35.3800010000001,-120.863892,0
			35.3802800000001,-120.863892,0
			35.380554,-120.863892,0
			35.3808330000001,-120.863892,0
			35.3811110000001,-120.863892,0
			35.3813900000001,-120.863892,0
			35.381668,-120.863892,0
			35.3823280000001,-120.863976,0
			35.382935,-120.863937,0
			35.3835260000001,-120.8638,0
			35.3841320000001,-120.863846,0
			35.3847540000001,-120.863937,0
			35.3853570000001,-120.864105,0
			35.3859830000002,-120.864159,0
			35.3866200000001,-120.864174,0
			35.3872570000001,-120.864197,0
			35.38789,-120.864288,0
			35.3885310000002,-120.86441,0
			35.3891560000002,-120.86451,0
			35.3896900000001,-120.864731,0
			35.3902050000001,-120.864975,0
			35.3907510000001,-120.865158,0
			35.3913350000001,-120.865265,0
			35.3919330000001,-120.865341,0
			35.3925090000001,-120.865532,0
			35.393105,-120.865692,0
			35.3937300000001,-120.865799,0
			35.394382,-120.865845,0
			35.3950310000001,-120.865921,0
			35.395634,-120.866127,0
			35.3962140000001,-120.866379,0
			35.3968050000001,-120.8666,0
			35.3974190000001,-120.866714,0
			35.3979840000002,-120.86689,0
			35.398495,-120.867104,0
			35.398991,-120.86731,0
			35.3995060000001,-120.867493,0
			35.4000470000001,-120.867577,0
			35.4005580000002,-120.867775,0
			35.4010700000001,-120.867996,0
			35.4015880000001,-120.86821,0
			35.4021450000002,-120.868385,0
			35.402592,-120.868668,0
			35.4030530000002,-120.868912,0
			35.4034840000001,-120.869194,0
			35.4038850000001,-120.869507,0
			35.4042700000002,-120.869835,0
			35.404625,-120.870186,0
			35.4049420000002,-120.870544,0
			35.4051400000002,-120.870972,0
			35.4053190000001,-120.871391,0
			35.405563,-120.871712,0
			35.4058340000001,-120.872002,0
			35.4061130000001,-120.872261,0
			35.4064030000001,-120.872513,0
			35.4067190000001,-120.872719,0
			35.4071010000001,-120.872826,0
			35.4074750000001,-120.872986,0
			35.4078480000001,-120.873077,0
			35.4083330000001,-120.873055,0
			35.4083330000001,-120.87278,0
			35.4086110000001,-120.872498,0
			35.4088900000002,-120.872498,0
			35.409168,-120.87278,0
			35.409168,-120.872498,0
			35.4094430000001,-120.872223,0
			35.4097210000002,-120.872223,0
			35.4100000000001,-120.872223,0
			35.4102780000001,-120.872498,0
			35.410557,-120.872498,0
			35.4108310000001,-120.87278,0
			35.4108310000001,-120.873055,0
			35.4111100000001,-120.873055,0
			35.411388,-120.873337,0
			35.411667,-120.873611,0
			35.4119450000001,-120.873611,0
			35.4122240000002,-120.873337,0
			35.4124980000001,-120.873611,0
			35.4127770000001,-120.873886,0
			35.4130550000002,-120.873886,0
			35.4133340000001,-120.874168,0
			35.4136120000001,-120.874443,0
			35.413887,-120.874725,0
			35.4141650000001,-120.875,0
			35.4144440000001,-120.875,0
			35.4146920000001,-120.875259,0
			35.4150700000001,-120.875443,0
			35.4154740000001,-120.87561,0
			35.415825,-120.875847,0
			35.4161490000002,-120.876129,0
			35.4164810000001,-120.876427,0
			35.4169010000001,-120.876694,0
			35.4173550000001,-120.876953,0
			35.4178200000001,-120.877213,0
			35.418324,-120.877441,0
			35.4188730000001,-120.877625,0
			35.4194220000001,-120.877815,0
			35.419922,-120.878067,0
			35.4203830000002,-120.878372,0
			35.4207690000002,-120.878769,0
			35.4211120000001,-120.879166,0
			35.4213910000001,-120.879448,0
			35.421665,-120.879723,0
			35.4219440000001,-120.879723,0
			35.4222220000001,-120.879997,0
			35.4225010000001,-120.88028,0
			35.422779,-120.879997,0
			35.423054,-120.88028,0
			35.4233320000001,-120.880554,0
			35.4236110000001,-120.880554,0
			35.423889,-120.880836,0
			35.4241680000002,-120.880836,0
			35.4244460000001,-120.881111,0
			35.4247210000001,-120.881386,0
			35.4249990000002,-120.881668,0
			35.425278,-120.881943,0
			35.4255560000001,-120.882225,0
			35.4258350000001,-120.882225,0
			35.4261090000001,-120.882225,0
			35.426388,-120.8825,0
			35.4266660000001,-120.882774,0
			35.4269450000001,-120.882774,0
			35.427223,-120.883057,0
			35.4275020000002,-120.883057,0
			35.4277760000001,-120.883057,0
			35.4280550000001,-120.883331,0
			35.4283330000002,-120.883614,0
			35.428726,-120.883995,0
			35.4289590000001,-120.883934,0
			35.4291570000001,-120.884018,0
			35.429359,-120.884155,0
			35.4295960000001,-120.884308,0
			35.4298710000001,-120.884453,0
			35.4301680000002,-120.884613,0
			35.4304700000001,-120.884796,0
			35.4307710000001,-120.885048,0
			35.4310720000001,-120.885353,0
			35.4313850000001,-120.885712,0
			35.431721,-120.886086,0
			35.432129,-120.886383,0
			35.4325830000001,-120.886635,0
			35.4330710000002,-120.886803,0
			35.4335750000001,-120.886955,0
			35.434029,-120.887169,0
			35.4342840000002,-120.887535,0
			35.4344640000002,-120.88797,0
			35.4346620000002,-120.888405,0
			35.4348560000001,-120.888878,0
			35.4350850000002,-120.889343,0
			35.4354100000001,-120.889778,0
			35.4356770000002,-120.890244,0
			35.435978,-120.890701,0
			35.436272,-120.891144,0
			35.436543,-120.891609,0
			35.4368550000001,-120.892036,0
			35.437069,-120.892578,0
			35.4370730000002,-120.893288,0
			35.4373860000002,-120.893654,0
			35.4377980000002,-120.893951,0
			35.4382590000001,-120.894241,0
			35.438683,-120.894608,0
			35.439018,-120.895035,0
			35.4392930000002,-120.895515,0
			35.4395410000001,-120.896027,0
			35.4398460000001,-120.896507,0
			35.4401780000001,-120.896973,0
			35.440521,-120.89743,0
			35.4409220000002,-120.897858,0
			35.4413640000001,-120.89827,0
			35.4417800000001,-120.89872,0
			35.442196,-120.899162,0
			35.4425770000001,-120.899612,0
			35.4427340000001,-120.900162,0
			35.4428020000001,-120.900734,0
			35.4430660000001,-120.901176,0
			35.4434200000001,-120.901535,0
			35.4438740000002,-120.901688,0
			35.4444770000001,-120.901398,0
			35.4448590000001,-120.901588,0
			35.4450720000002,-120.902145,0
			35.4452930000002,-120.902786,0
			35.4455380000002,-120.903442,0
			35.4457820000001,-120.904099,0
			35.446148,-120.904655,0
			35.44656,-120.905182,0
			35.4469570000002,-120.905716,0
			35.4473530000001,-120.906258,0
			35.4476740000002,-120.906853,0
			35.4478110000001,-120.907547,0
			35.4479790000001,-120.908188,0
			35.4482270000001,-120.908707,0
			35.4481090000001,-120.909203,0
			35.4479030000001,-120.909691,0
			35.4476590000002,-120.910156,0
			35.447563,-120.910683,0
			35.4476970000001,-120.911255,0
			35.4477580000002,-120.911827,0
			35.447838,-120.912399,0
			35.448063,-120.912918,0
			35.448334,-120.913429,0
			35.4486050000001,-120.913948,0
			35.4488030000001,-120.914505,0
			35.4487230000001,-120.915161,0
			35.4484250000001,-120.915817,0
			35.4480320000001,-120.91645,0
			35.4475860000002,-120.917061,0
			35.447239,-120.917725,0
			35.4469760000001,-120.918427,0
			35.4467740000001,-120.919144,0
			35.4466320000001,-120.919853,0
			35.4468120000001,-120.920547,0
			35.446758,-120.921288,0
			35.4469030000001,-120.921997,0
			35.4469910000001,-120.922707,0
			35.44717,-120.923386,0
			35.4472120000001,-120.924049,0
			35.44714,-120.924683,0
			35.4468570000001,-120.925255,0
			35.4465980000001,-120.925842,0
			35.4466710000001,-120.926537,0
			35.4466090000001,-120.927246,0
			35.4463920000001,-120.92791,0
			35.4460110000001,-120.928436,0
			35.4460750000002,-120.928818,0
			35.4463650000002,-120.929146,0
			35.446674,-120.929497,0
			35.4468380000001,-120.929901,0
			35.44685,-120.930359,0
			35.446762,-120.930847,0
			35.4468650000002,-120.931335,0
			35.4468990000001,-120.931854,0
			35.4467930000001,-120.932388,0
			35.4467010000001,-120.932922,0
			35.446739,-120.933479,0
			35.4468990000001,-120.934044,0
			35.4469410000001,-120.934639,0
			35.4469410000001,-120.935242,0
			35.4468880000001,-120.935837,0
			35.4466780000002,-120.936394,0
			35.4464530000002,-120.936966,0
			35.4463120000001,-120.937622,0
			35.4459880000001,-120.938278,0
			35.4455760000001,-120.938927,0
			35.44521,-120.939606,0
			35.444912,-120.940384,0
			35.4445610000001,-120.941132,0
			35.4443090000001,-120.941841,0
			35.4444470000001,-120.942451,0
			35.4446910000001,-120.943024,0
			35.4449540000002,-120.943573,0
			35.44521,-120.944115,0
			35.4454920000001,-120.944611,0
			35.4456250000001,-120.945091,0
			35.4454540000002,-120.945526,0
			35.4451710000002,-120.94593,0
			35.4448130000001,-120.946304,0
			35.444328,-120.946609,0
			35.4438740000002,-120.946922,0
			35.4438020000001,-120.947517,0
			35.4442210000001,-120.948059,0
			35.4447750000001,-120.948578,0
			35.4453700000001,-120.949074,0
			35.445976,-120.949532,0
			35.446423,-120.950073,0
			35.4466510000001,-120.950691,0
			35.4466210000001,-120.951439,0
			35.4468230000001,-120.952026,0
			35.447258,-120.952423,0
			35.4477420000001,-120.952744,0
			35.448147,-120.95311,0
			35.4484600000002,-120.953506,0
			35.4488980000002,-120.953697,0
			35.4496040000001,-120.953476,0
			35.4497220000001,-120.953331,0
			35.449444,-120.953056,0
			35.4491650000001,-120.952774,0
			35.449444,-120.952499,0
			35.449444,-120.952225,0
			35.4497220000001,-120.951942,0
			35.4500010000002,-120.951668,0
			35.450279,-120.951668,0
			35.4505540000001,-120.951385,0
			35.4508320000002,-120.951668,0
			35.4511110000001,-120.951668,0
			35.4513890000001,-120.951942,0
			35.451668,-120.952225,0
			35.4515950000001,-120.952621,0
			35.4518390000002,-120.952728,0
			35.4519270000001,-120.952988,0
			35.451958,-120.953316,0
			35.4520230000001,-120.953644,0
			35.4521790000001,-120.953926,0
			35.452278,-120.954262,0
			35.4524500000001,-120.954575,0
			35.452595,-120.95491,0
			35.452793,-120.955215,0
			35.4529610000001,-120.955521,0
			35.4529420000001,-120.955872,0
			35.452862,-120.95623,0
			35.453175,-120.956604,0
			35.4535030000002,-120.956993,0
			35.453785,-120.957413,0
			35.454006,-120.957855,0
			35.4541360000001,-120.958366,0
			35.4541400000001,-120.958931,0
			35.4539640000001,-120.959496,0
			35.4533840000001,-120.959961,0
			35.4527820000002,-120.960426,0
			35.4524800000001,-120.960915,0
			35.4526100000002,-120.96122,0
			35.4528920000001,-120.961479,0
			35.4532550000001,-120.961693,0
			35.4535940000001,-120.961937,0
			35.4539070000002,-120.962212,0
			35.4542080000001,-120.962509,0
			35.4544940000001,-120.962837,0
			35.4547540000001,-120.963203,0
			35.4550630000001,-120.963554,0
			35.455425,-120.963882,0
			35.4557990000001,-120.964218,0
			35.4561650000002,-120.964577,0
			35.4565320000002,-120.965004,0
			35.4568900000001,-120.965462,0
			35.4572220000001,-120.96595,0
			35.45755,-120.966454,0
			35.4578550000002,-120.96701,0
			35.4581760000001,-120.96756,0
			35.4585690000001,-120.968018,0
			35.4589080000001,-120.968513,0
			35.4592440000002,-120.969017,0
			35.4594080000001,-120.969566,0
			35.4594270000001,-120.970161,0
			35.4593510000001,-120.970741,0
			35.4591600000002,-120.971283,0
			35.4589580000002,-120.971825,0
			35.4588930000001,-120.972412,0
			35.4588850000001,-120.973015,0
			35.4588890000001,-120.973625,0
			35.4589120000001,-120.974228,0
			35.4589730000001,-120.974808,0
			35.4588660000002,-120.975327,0
			35.4586790000001,-120.9758,0
			35.458607,-120.976311,0
			35.4585300000001,-120.976814,0
			35.4583780000001,-120.977264,0
			35.4583930000001,-120.977745,0
			35.4586140000001,-120.97821,0
			35.4588890000001,-120.978668,0
			35.4591640000002,-120.979141,0
			35.4593890000001,-120.97963,0
			35.4594460000002,-120.980164,0
			35.4594960000001,-120.980705,0
			35.4596410000001,-120.981216,0
			35.4597090000001,-120.981758,0
			35.4597240000001,-120.982315,0
			35.4597740000002,-120.982872,0
			35.4599490000001,-120.983383,0
			35.4599880000001,-120.983925,0
			35.459938,-120.984474,0
			35.459839,-120.985031,0
			35.4600070000001,-120.985573,0
			35.4602580000001,-120.986107,0
			35.4604870000002,-120.986656,0
			35.460739,-120.987183,0
			35.4610210000001,-120.987679,0
			35.461151,-120.988274,0
			35.461391,-120.988831,0
			35.4616580000001,-120.989372,0
			35.4618950000001,-120.989929,0
			35.462044,-120.990517,0
			35.4622270000001,-120.991005,0
			35.462437,-120.991463,0
			35.4626390000001,-120.991943,0
			35.4628300000001,-120.992432,0
			35.4630130000001,-120.992889,0
			35.4629940000002,-120.99337,0
			35.4627230000001,-120.993805,0
			35.4623570000002,-120.994209,0
			35.4620170000001,-120.994644,0
			35.4616890000001,-120.995079,0
			35.461391,-120.995506,0
			35.4611090000001,-120.995911,0
			35.460831,-120.996277,0
			35.4605520000001,-120.996605,0
			35.4602970000001,-120.996918,0
			35.460114,-120.997269,0
			35.4599990000001,-120.99778,0
			35.4599990000001,-120.998055,0
			35.4599990000001,-120.998337,0
			35.4599990000001,-120.998611,0
			35.4599990000001,-120.998886,0
			35.4599990000001,-120.999168,0
			35.4599990000001,-120.999443,0
			35.4602780000001,-121,0
			35.4602780000001,-121.000557,0
			35.4599990000001,-121.000832,0
			35.4602780000001,-121.001114,0
			35.4602780000001,-121.001389,0
			35.4602780000001,-121.001663,0
			35.4598920000001,-121.001915,0
			35.4599910000002,-121.002121,0
			35.4600070000001,-121.002357,0
			35.4600110000001,-121.002632,0
			35.460045,-121.00293,0
			35.4601670000002,-121.003235,0
			35.4603120000001,-121.003555,0
			35.4605030000001,-121.003876,0
			35.460678,-121.004272,0
			35.4608990000002,-121.004662,0
			35.4611550000002,-121.005058,0
			35.4614220000001,-121.00547,0
			35.4617080000001,-121.005882,0
			35.4620060000001,-121.006294,0
			35.4623370000001,-121.006691,0
			35.4626660000002,-121.007095,0
			35.4630130000001,-121.0075,0
			35.4633710000001,-121.007896,0
			35.4637530000001,-121.00827,0
			35.4641530000001,-121.008621,0
			35.4645650000001,-121.008972,0
			35.465015,-121.0093,0
			35.4655040000001,-121.00959,0
			35.4660640000001,-121.009789,0
			35.4665990000001,-121.010048,0
			35.467068,-121.010361,0
			35.4674840000002,-121.010727,0
			35.4678730000001,-121.011131,0
			35.4682430000001,-121.011574,0
			35.468624,-121.012032,0
			35.4690440000001,-121.012466,0
			35.469547,-121.01284,0
			35.4702110000001,-121.0131,0
			35.4709010000001,-121.013405,0
			35.471527,-121.013832,0
			35.4719920000002,-121.014458,0
			35.4721640000002,-121.015251,0
			35.4723090000001,-121.016029,0
			35.4726490000002,-121.016533,0
			35.4730990000001,-121.016876,0
			35.4735910000001,-121.01722,0
			35.4740520000001,-121.017654,0
			35.4744260000001,-121.018219,0
			35.4749260000001,-121.018761,0
			35.4755440000001,-121.019089,0
			35.4761960000002,-121.019249,0
			35.4766810000002,-121.019508,0
			35.47707,-121.019852,0
			35.4774360000001,-121.020279,0
			35.4777600000001,-121.02079,0
			35.4780620000002,-121.021339,0
			35.4783780000001,-121.021889,0
			35.4787450000001,-121.022362,0
			35.4791300000001,-121.022835,0
			35.479496,-121.023338,0
			35.4799160000001,-121.023796,0
			35.480396,-121.024223,0
			35.4805560000001,-121.024445,0
			35.4808350000001,-121.024719,0
			35.4811100000002,-121.025002,0
			35.4813880000001,-121.025002,0
			35.481609,-121.024651,0
			35.4822240000001,-121.024643,0
			35.48283,-121.024857,0
			35.483322,-121.025108,0
			35.4835850000001,-121.025375,0
			35.4837150000001,-121.02565,0
			35.483891,-121.025833,0
			35.483891,-121.026108,0
			35.483891,-121.02639,0
			35.4841650000001,-121.026665,0
			35.4844440000002,-121.026947,0
			35.4844440000002,-121.027222,0
			35.4844440000002,-121.027496,0
			35.4844440000002,-121.027779,0
			35.4844440000002,-121.028053,0
			35.4844440000002,-121.028336,0
			35.484131,-121.028633,0
			35.4845620000002,-121.029053,0
			35.4849010000001,-121.02951,0
			35.4853780000001,-121.029816,0
			35.4859160000001,-121.030083,0
			35.4864230000001,-121.030396,0
			35.486931,-121.030708,0
			35.4874380000001,-121.031021,0
			35.4879340000001,-121.031349,0
			35.4883270000001,-121.031799,0
			35.488674,-121.03228,0
			35.488998,-121.032776,0
			35.4892460000001,-121.033287,0
			35.4892310000001,-121.033875,0
			35.4891010000002,-121.034462,0
			35.4888730000001,-121.035034,0
			35.4886890000002,-121.035622,0
			35.4886890000002,-121.036247,0
			35.4888990000002,-121.036873,0
			35.4893190000001,-121.03743,0
			35.489853,-121.037949,0
			35.490398,-121.038506,0
			35.4910200000002,-121.039024,0
			35.4917110000001,-121.039406,0
			35.4924390000002,-121.039719,0
			35.4931260000001,-121.040031,0
			35.4935340000001,-121.040398,0
			35.4938580000002,-121.040802,0
			35.494198,-121.041206,0
			35.4945490000001,-121.041641,0
			35.4948390000001,-121.04216,0
			35.4951930000001,-121.042595,0
			35.4956360000002,-121.042862,0
			35.4961400000001,-121.042885,0
			35.4966810000001,-121.042969,0
			35.49715,-121.043175,0
			35.4974780000002,-121.043503,0
			35.497749,-121.0439,0
			35.4979930000001,-121.044319,0
			35.498318,-121.044678,0
			35.4987030000001,-121.044991,0
			35.4990880000001,-121.045326,0
			35.499374,-121.045753,0
			35.4995960000001,-121.046242,0
			35.4998590000002,-121.046715,0
			35.5002060000001,-121.047096,0
			35.5006100000001,-121.047417,0
			35.5010720000002,-121.047691,0
			35.5015950000001,-121.047958,0
			35.5021020000001,-121.048233,0
			35.5026470000001,-121.048424,0
			35.503277,-121.048485,0
			35.503853,-121.04866,0
			35.5043300000001,-121.048988,0
			35.5045890000002,-121.049515,0
			35.504673,-121.050125,0
			35.5047950000002,-121.050743,0
			35.5050050000002,-121.051323,0
			35.505272,-121.051888,0
			35.5056530000001,-121.052383,0
			35.5061720000001,-121.052765,0
			35.5067140000002,-121.053139,0
			35.5071530000001,-121.053604,0
			35.5074540000001,-121.054153,0
			35.5076290000002,-121.054764,0
			35.5077290000001,-121.05542,0
			35.5077210000002,-121.056114,0
			35.507683,-121.056786,0
			35.5079610000001,-121.057404,0
			35.508331,-121.057999,0
			35.508724,-121.058601,0
			35.5091090000001,-121.059212,0
			35.5094300000002,-121.059868,0
			35.5097500000002,-121.060501,0
			35.5101360000002,-121.061035,0
			35.5105780000001,-121.061493,0
			35.5110510000002,-121.061928,0
			35.511509,-121.062386,0
			35.5120120000001,-121.062767,0
			35.5125770000001,-121.063034,0
			35.5131800000001,-121.063202,0
			35.513737,-121.063393,0
			35.5141300000002,-121.063782,0
			35.51442,-121.06427,0
			35.5146480000001,-121.064804,0
			35.514847,-121.065346,0
			35.5151180000001,-121.065826,0
			35.5154420000001,-121.066277,0
			35.515884,-121.066666,0
			35.5163610000001,-121.067039,0
			35.5168230000001,-121.067459,0
			35.5171930000001,-121.068008,0
			35.5175860000002,-121.068565,0
			35.5180130000002,-121.069122,0
			35.5184780000001,-121.069672,0
			35.5190240000001,-121.07016,0
			35.5196570000001,-121.070488,0
			35.5202750000001,-121.070724,0
			35.5206870000001,-121.071098,0
			35.520882,-121.071587,0
			35.521084,-121.07209,0
			35.5212860000001,-121.072594,0
			35.5216060000001,-121.073013,0
			35.522007,-121.07338,0
			35.5224530000002,-121.073685,0
			35.5228960000001,-121.073997,0
			35.5232620000002,-121.074371,0
			35.5235750000001,-121.074791,0
			35.5238910000001,-121.075203,0
			35.5243030000001,-121.075508,0
			35.5248340000002,-121.075676,0
			35.525326,-121.075928,0
			35.525745,-121.076271,0
			35.5261040000001,-121.076668,0
			35.5264590000002,-121.077065,0
			35.5268550000001,-121.077431,0
			35.5273130000001,-121.077766,0
			35.5277790000001,-121.078102,0
			35.5282060000001,-121.078484,0
			35.528561,-121.078949,0
			35.5288240000001,-121.079491,0
			35.5290570000002,-121.080048,0
			35.5294300000001,-121.08046,0
			35.5299150000001,-121.080688,0
			35.5304220000002,-121.080734,0
			35.5308840000002,-121.080986,0
			35.531166,-121.081482,0
			35.5314520000001,-121.082039,0
			35.5318150000001,-121.082573,0
			35.5322880000002,-121.083015,0
			35.5327610000001,-121.083458,0
			35.5331080000001,-121.084053,0
			35.533302,-121.084732,0
			35.533463,-121.085411,0
			35.5337300000001,-121.086021,0
			35.5341070000001,-121.086517,0
			35.5345610000001,-121.086906,0
			35.5350610000001,-121.087204,0
			35.5355760000001,-121.08744,0
			35.5360980000001,-121.087608,0
			35.5365490000001,-121.087852,0
			35.5369,-121.088173,0
			35.5371630000001,-121.088554,0
			35.5373610000001,-121.089005,0
			35.537495,-121.089508,0
			35.5376400000001,-121.090019,0
			35.537907,-121.090462,0
			35.5381770000002,-121.090912,0
			35.5385020000001,-121.091324,0
			35.5388870000001,-121.091698,0
			35.5392800000001,-121.092072,0
			35.5396580000001,-121.092453,0
			35.5400090000001,-121.092842,0
			35.5403860000002,-121.093185,0
			35.540852,-121.093422,0
			35.5412940000002,-121.093712,0
			35.5417140000001,-121.094032,0
			35.54216,-121.094307,0
			35.5426670000001,-121.094475,0
			35.5431590000001,-121.094696,0
			35.5435450000001,-121.095123,0
			35.543865,-121.095634,0
			35.544159,-121.096169,0
			35.5444300000001,-121.096725,0
			35.544678,-121.097298,0
			35.5447240000001,-121.097504,0
			35.5447240000001,-121.097778,0
			35.5449980000002,-121.098053,0
			35.5449980000002,-121.098335,0
			35.5452770000002,-121.09861,0
			35.5455550000001,-121.098335,0
			35.5458340000001,-121.098335,0
			35.5461120000002,-121.098053,0
			35.546391,-121.098053,0
			35.5466650000001,-121.097778,0
			35.546982,-121.09774,0
			35.5472490000001,-121.09803,0
			35.5475200000001,-121.09832,0
			35.547783,-121.098602,0
			35.5477790000001,-121.098892,0
			35.5477790000001,-121.099167,0
			35.5477790000001,-121.099442,0
			35.5476490000001,-121.099831,0
			35.5480160000001,-121.100365,0
			35.548302,-121.100937,0
			35.5485610000001,-121.101509,0
			35.5489430000001,-121.101982,0
			35.5494000000001,-121.102394,0
			35.5499340000001,-121.102753,0
			35.550488,-121.103104,0
			35.5511510000002,-121.103386,0
			35.551853,-121.103676,0
			35.5526050000001,-121.103928,0
			35.5533290000001,-121.104095,0
			35.5540540000001,-121.104118,0
			35.5548100000001,-121.103928,0
			35.5550920000001,-121.103821,0
			35.555458,-121.103683,0
			35.5561370000001,-121.103531,0
			35.5566830000001,-121.103676,0
			35.5571210000002,-121.103973,0
			35.5573010000001,-121.104141,0
			35.5575070000001,-121.10434,0
			35.5578770000002,-121.104713,0
			35.5582350000001,-121.10508,0
			35.5585400000002,-121.105446,0
			35.558884,-121.105751,0
			35.5592350000001,-121.106033,0
			35.5595930000001,-121.106293,0
			35.559921,-121.106606,0
			35.5602190000001,-121.106941,0
			35.5605200000002,-121.107277,0
			35.5608520000001,-121.107567,0
			35.5613630000001,-121.107674,0
			35.5618740000001,-121.107849,0
			35.5622220000001,-121.10778,0
			35.5625000000001,-121.108055,0
			35.5627780000002,-121.10833,0
			35.5630570000001,-121.108612,0
			35.5630570000001,-121.108887,0
			35.5630570000001,-121.109169,0
			35.5633320000002,-121.109444,0
			35.56361,-121.109726,0
			35.5638890000001,-121.110001,0
			35.5641670000001,-121.110001,0
			35.564445,-121.110001,0
			35.564724,-121.109726,0
			35.5649990000001,-121.109444,0
			35.5649990000001,-121.109169,0
			35.5652770000002,-121.109169,0
			35.5655560000001,-121.109444,0
			35.5658340000001,-121.109726,0
			35.566113,-121.110001,0
			35.5663870000001,-121.110275,0
			35.5666660000001,-121.110558,0
			35.566944,-121.110558,0
			35.567223,-121.110558,0
			35.5675010000001,-121.110558,0
			35.5677800000001,-121.110558,0
			35.5680540000001,-121.110558,0
			35.568161,-121.110695,0
			35.5682910000001,-121.110863,0
			35.5683330000001,-121.111115,0
			35.5686110000001,-121.111389,0
			35.5688900000001,-121.111664,0
			35.569168,-121.111664,0
			35.569443,-121.111946,0
			35.5696260000001,-121.111763,0
			35.5697210000001,-121.111664,0
			35.5700000000001,-121.111389,0
			35.570278,-121.111389,0
			35.570557,-121.111664,0
			35.5708350000001,-121.111946,0
			35.5708350000001,-121.112221,0
			35.5712200000002,-121.112602,0
			35.571693,-121.1129,0
			35.572212,-121.113144,0
			35.5728340000001,-121.113213,0
			35.5734860000001,-121.113197,0
			35.574127,-121.11335,0
			35.5747570000001,-121.113556,0
			35.5753290000002,-121.113853,0
			35.5758400000001,-121.114235,0
			35.5762900000001,-121.114693,0
			35.5766450000002,-121.115257,0
			35.5769500000002,-121.115852,0
			35.5772590000001,-121.11644,0
			35.5775870000001,-121.117004,0
			35.5778960000001,-121.117592,0
			35.5782660000002,-121.118141,0
			35.5787730000002,-121.118568,0
			35.579166,-121.118332,0
			35.5794450000002,-121.118057,0
			35.5797230000001,-121.118332,0
			35.5800020000001,-121.118332,0
			35.5803030000001,-121.118324,0
			35.5805820000001,-121.118614,0
			35.5808330000001,-121.118614,0
			35.5811120000001,-121.118889,0
			35.5813900000002,-121.119164,0
			35.5811310000001,-121.119423,0
			35.5811120000001,-121.11972,0
			35.5808330000001,-121.120003,0
			35.5808330000001,-121.120277,0
			35.5808260000001,-121.120468,0
			35.5810590000002,-121.12104,0
			35.5813180000001,-121.121567,0
			35.58165,-121.121956,0
			35.5820350000001,-121.12204,0
			35.5824240000001,-121.121948,0
			35.5828210000001,-121.121857,0
			35.5832100000001,-121.121971,0
			35.583591,-121.122162,0
			35.5839770000002,-121.122368,0
			35.5844120000001,-121.122528,0
			35.5849570000001,-121.122566,0
			35.585495,-121.122658,0
			35.5860180000001,-121.122803,0
			35.5865210000002,-121.122971,0
			35.5870480000001,-121.123062,0
			35.5875550000001,-121.123169,0
			35.5880090000002,-121.123383,0
			35.588333,-121.123611,0
			35.5886120000002,-121.123886,0
			35.58889,-121.123886,0
			35.5891690000001,-121.123886,0
			35.5894430000002,-121.124168,0
			35.5897220000002,-121.124168,0
			35.5900570000002,-121.123848,0
			35.5902790000001,-121.124168,0
			35.5905110000001,-121.124237,0
			35.5909960000001,-121.124474,0
			35.591438,-121.124756,0
			35.5918660000001,-121.125061,0
			35.5923500000002,-121.125229,0
			35.592812,-121.125427,0
			35.5932500000001,-121.125748,0
			35.593845,-121.125999,0
			35.5939900000002,-121.126022,0
			35.5946010000001,-121.126137,0
			35.5953370000001,-121.126228,0
			35.5960010000001,-121.126564,0
			35.5964470000001,-121.127106,0
			35.5967100000001,-121.127777,0
			35.5968170000001,-121.128494,0
			35.5971870000002,-121.129097,0
			35.597473,-121.129776,0
			35.5977940000001,-121.130409,0
			35.5981520000001,-121.131004,0
			35.5986290000001,-121.1315,0
			35.5992280000002,-121.131882,0
			35.5997240000002,-121.132347,0
			35.6000370000001,-121.132866,0
			35.6002310000002,-121.1334,0
			35.6003720000001,-121.133926,0
			35.6005740000001,-121.134384,0
			35.6008000000002,-121.134827,0
			35.6009750000001,-121.135307,0
			35.6010590000001,-121.135925,0
			35.6011660000001,-121.136589,0
			35.6013570000001,-121.137222,0
			35.6017190000002,-121.137764,0
			35.602112,-121.138268,0
			35.6024440000001,-121.138794,0
			35.6025850000001,-121.13932,0
			35.6027640000001,-121.139801,0
			35.6030580000001,-121.14016,0
			35.6034010000001,-121.140404,0
			35.6037220000002,-121.140732,0
			35.6039730000002,-121.141159,0
			35.6042330000002,-121.141624,0
			35.6045610000002,-121.14209,0
			35.6049580000001,-121.142509,0
			35.6053770000001,-121.142883,0
			35.605824,-121.143112,0
			35.6062620000002,-121.143356,0
			35.6066930000001,-121.143623,0
			35.6071240000001,-121.14389,0
			35.607559,-121.14415,0
			35.6080090000002,-121.144402,0
			35.608482,-121.14463,0
			35.6089320000002,-121.144882,0
			35.6093900000002,-121.145119,0
			35.6098400000001,-121.14537,0
			35.6103290000001,-121.145607,0
			35.6108320000001,-121.145828,0
			35.611359,-121.146034,0
			35.6119230000002,-121.146233,0
			35.6124950000001,-121.146561,0
			35.6131740000001,-121.146797,0
			35.6136930000001,-121.147133,0
			35.61412,-121.147598,0
			35.614521,-121.148094,0
			35.6149410000001,-121.148521,0
			35.615299,-121.148933,0
			35.6153410000002,-121.149376,0
			35.6152800000001,-121.149834,0
			35.6151810000001,-121.150284,0
			35.6150360000001,-121.150711,0
			35.6150780000001,-121.151154,0
			35.6153830000001,-121.151566,0
			35.6158330000002,-121.151909,0
			35.6163250000001,-121.152199,0
			35.616814,-121.152481,0
			35.6172450000001,-121.152847,0
			35.6175000000001,-121.153053,0
			35.6175000000001,-121.153336,0
			35.6175000000001,-121.15361,0
			35.6175000000001,-121.153893,0
			35.6177790000001,-121.154167,0
			35.6177790000001,-121.154442,0
			35.6180570000002,-121.154724,0
			35.6183320000002,-121.154724,0
			35.6186100000001,-121.154442,0
			35.6188890000001,-121.154442,0
			35.6191670000002,-121.154167,0
			35.619446,-121.153893,0
			35.6197200000001,-121.154167,0
			35.6199570000002,-121.154449,0
			35.6204410000001,-121.154823,0
			35.6209030000001,-121.15522,0
			35.6214330000001,-121.155563,0
			35.6220020000001,-121.155838,0
			35.62257,-121.15612,0
			35.6231230000001,-121.15641,0
			35.6236420000001,-121.156738,0
			35.6240960000002,-121.157127,0
			35.6245570000001,-121.157516,0
			35.6250040000002,-121.157921,0
			35.6254500000001,-121.158318,0
			35.625881,-121.15873,0
			35.6262590000001,-121.159187,0
			35.6266100000001,-121.159676,0
			35.6269530000001,-121.160156,0
			35.627319,-121.160614,0
			35.6277770000001,-121.160988,0
			35.6282390000001,-121.16124,0
			35.6287420000002,-121.161507,0
			35.6292530000002,-121.161781,0
			35.6291660000001,-121.161942,0
			35.6291660000001,-121.162224,0
			35.6291660000001,-121.162498,0
			35.6294440000001,-121.162781,0
			35.6297230000002,-121.162498,0
			35.630001,-121.162498,0
			35.6302800000001,-121.162498,0
			35.6305540000002,-121.162498,0
			35.6308330000002,-121.162498,0
			35.63102,-121.162514,0
			35.6314960000001,-121.162796,0
			35.631939,-121.163116,0
			35.6323240000001,-121.163521,0
			35.6325720000002,-121.16407,0
			35.632706,-121.16465,0
			35.6329230000001,-121.165207,0
			35.63327,-121.16571,0
			35.6336210000001,-121.166214,0
			35.6339840000001,-121.166718,0
			35.634361,-121.167198,0
			35.6347050000001,-121.167763,0
			35.6350440000001,-121.168358,0
			35.6354290000001,-121.168938,0
			35.6359100000001,-121.169441,0
			35.6364440000001,-121.169884,0
			35.6368900000001,-121.170357,0
			35.6372870000002,-121.170868,0
			35.6377330000001,-121.171379,0
			35.6381680000001,-121.171936,0
			35.6385420000001,-121.1726,0
			35.6388440000001,-121.173302,0
			35.639103,-121.174019,0
			35.6393550000001,-121.17469,0
			35.6395530000001,-121.175392,0
			35.6397250000001,-121.176086,0
			35.6399040000002,-121.176773,0
			35.6401370000001,-121.177406,0
			35.6403240000001,-121.178062,0
			35.640484,-121.178711,0
			35.6405640000001,-121.179359,0
			35.6406290000002,-121.18,0
			35.6406820000001,-121.180641,0
			35.6407090000002,-121.181267,0
			35.6408730000001,-121.181908,0
			35.64119,-121.182442,0
			35.6415480000002,-121.182922,0
			35.64183,-121.183418,0
			35.641987,-121.183922,0
			35.6420970000001,-121.184433,0
			35.6421320000002,-121.184975,0
			35.6421360000001,-121.185524,0
			35.6422230000001,-121.186111,0
			35.642502,-121.186386,0
			35.6422230000001,-121.186668,0
			35.6419450000001,-121.186943,0
			35.6419450000001,-121.187225,0
			35.6419450000001,-121.1875,0
			35.6419450000001,-121.187775,0
			35.6419450000001,-121.188057,0
			35.6419450000001,-121.188332,0
			35.6419450000001,-121.188614,0
			35.6422230000001,-121.188889,0
			35.6422230000001,-121.189163,0
			35.6422230000001,-121.189445,0
			35.6422230000001,-121.18972,0
			35.6422230000001,-121.190002,0
			35.6422230000001,-121.190277,0
			35.6422230000001,-121.190552,0
			35.6422230000001,-121.190834,0
			35.6422230000001,-121.191109,0
			35.6422230000001,-121.191391,0
			35.6419450000001,-121.191666,0
			35.6419450000001,-121.191948,0
			35.6416660000002,-121.192223,0
			35.6416660000002,-121.192497,0
			35.6416660000002,-121.19278,0
			35.6416660000002,-121.193054,0
			35.6413880000001,-121.193336,0
			35.6413880000001,-121.193611,0
			35.6413880000001,-121.193886,0
			35.6413880000001,-121.194168,0
			35.6411090000001,-121.194443,0
			35.6406630000001,-121.194824,0
			35.640228,-121.194862,0
			35.639816,-121.194702,0
			35.6394420000001,-121.194489,0
			35.6390530000001,-121.194328,0
			35.6386110000001,-121.194168,0
			35.6383320000002,-121.194168,0
			35.6380540000001,-121.194168,0
			35.637779,-121.193886,0
			35.6375010000002,-121.193886,0
			35.6372220000001,-121.193886,0
			35.6369440000001,-121.193611,0
			35.6366650000001,-121.193611,0
			35.6363910000001,-121.193336,0
			35.6361120000001,-121.193336,0
			35.635834,-121.193054,0
			35.635529,-121.192818,0
			35.6352770000001,-121.192497,0
			35.6349980000002,-121.192497,0
			35.6347240000001,-121.19278,0
			35.6344450000001,-121.193054,0
			35.6344450000001,-121.193336,0
			35.6344450000001,-121.193611,0
			35.6344450000001,-121.193886,0
			35.6341670000002,-121.194168,0
			35.6341670000002,-121.194443,0
			35.6338880000002,-121.194725,0
			35.6341670000002,-121.195,0
			35.6344450000001,-121.195274,0
			35.6347240000001,-121.195557,0
			35.6349980000002,-121.195831,0
			35.6349980000002,-121.196114,0
			35.6352770000001,-121.196388,0
			35.6355550000001,-121.196663,0
			35.635834,-121.196945,0
			35.6361120000001,-121.19722,0
			35.635834,-121.197502,0
			35.635834,-121.197777,0
			35.6361120000001,-121.198059,0
			35.6361120000001,-121.198334,0
			35.6363910000001,-121.198608,0
			35.6366650000001,-121.198891,0
			35.6369440000001,-121.199165,0
			35.6369440000001,-121.199448,0
			35.6372220000001,-121.199722,0
			35.6375010000002,-121.199997,0
			35.6375010000002,-121.200279,0
			35.637779,-121.200554,0
			35.6380540000001,-121.200836,0
			35.6380540000001,-121.201111,0
			35.637779,-121.201385,0
			35.6380540000001,-121.201668,0
			35.6383320000002,-121.201942,0
			35.6386110000001,-121.202225,0
			35.6388890000001,-121.201942,0
			35.639168,-121.201942,0
			35.6394460000001,-121.201942,0
			35.6397210000001,-121.202225,0
			35.639999,-121.202499,0
			35.640278,-121.202499,0
			35.6405560000001,-121.202499,0
			35.6408350000002,-121.202774,0
			35.6411090000001,-121.203056,0
			35.6411090000001,-121.203331,0
			35.6411090000001,-121.203613,0
			35.6408350000002,-121.203888,0
			35.6405560000001,-121.203888,0
			35.6405560000001,-121.20417,0
			35.640278,-121.204445,0
			35.640278,-121.20472,0
			35.640278,-121.205002,0
			35.640278,-121.205276,0
			35.640278,-121.205559,0
			35.640278,-121.205833,0
			35.640278,-121.206108,0
			35.6405560000001,-121.20639,0
			35.6405560000001,-121.206665,0
			35.6405560000001,-121.206947,0
			35.6405560000001,-121.207222,0
			35.6408350000002,-121.207497,0
			35.6408350000002,-121.207779,0
			35.6408350000002,-121.208054,0
			35.6411090000001,-121.208336,0
			35.6411090000001,-121.208611,0
			35.6413880000001,-121.208885,0
			35.6416660000002,-121.209167,0
			35.6419450000001,-121.209167,0
			35.6422230000001,-121.209442,0
			35.642502,-121.209442,0
			35.6426700000001,-121.209389,0
			35.6432300000001,-121.209732,0
			35.6437720000001,-121.210075,0
			35.6443330000002,-121.210274,0
			35.644928,-121.210541,0
			35.6455150000001,-121.210846,0
			35.6460990000001,-121.211075,0
			35.6466980000001,-121.211449,0
			35.647114,-121.211906,0
			35.6474380000001,-121.212387,0
			35.6477580000001,-121.212845,0
			35.6480750000002,-121.213303,0
			35.6484030000001,-121.21376,0
			35.6487540000001,-121.214203,0
			35.6490940000001,-121.214668,0
			35.649391,-121.215179,0
			35.6496200000001,-121.215729,0
			35.649776,-121.216316,0
			35.6499480000001,-121.216881,0
			35.6500660000001,-121.217468,0
			35.6500020000001,-121.218056,0
			35.6497230000001,-121.21833,0
			35.6497230000001,-121.218613,0
			35.6500020000001,-121.218887,0
			35.6500020000001,-121.21917,0
			35.6500020000001,-121.219444,0
			35.6500020000001,-121.219719,0
			35.650276,-121.220001,0
			35.650276,-121.220276,0
			35.650276,-121.220558,0
			35.6505550000001,-121.220833,0
			35.6505550000001,-121.221107,0
			35.6508330000001,-121.22139,0
			35.6508330000001,-121.221664,0
			35.6508330000001,-121.221947,0
			35.6508330000001,-121.222221,0
			35.6511120000001,-121.222504,0
			35.65139,-121.222778,0
			35.651669,-121.223053,0
			35.651669,-121.223335,0
			35.651669,-121.22361,0
			35.651669,-121.223892,0
			35.651669,-121.224167,0
			35.651669,-121.224442,0
			35.651669,-121.224724,0
			35.651669,-121.224998,0
			35.651669,-121.225281,0
			35.651669,-121.225555,0
			35.65139,-121.22583,0
			35.65139,-121.226112,0
			35.6516530000001,-121.226608,0
			35.651577,-121.227226,0
			35.6513790000002,-121.227814,0
			35.651184,-121.228409,0
			35.6510470000001,-121.229042,0
			35.651012,-121.229698,0
			35.6511040000001,-121.230324,0
			35.6511880000002,-121.230972,0
			35.6512070000002,-121.231667,0
			35.6513250000002,-121.232277,0
			35.6514430000001,-121.232864,0
			35.6516340000001,-121.233444,0
			35.6519580000001,-121.233986,0
			35.6522710000001,-121.23455,0
			35.6525460000001,-121.23513,0
			35.652794,-121.235718,0
			35.6529390000001,-121.236359,0
			35.652908,-121.237015,0
			35.652721,-121.237663,0
			35.6524540000001,-121.238281,0
			35.6521530000001,-121.238884,0
			35.6519470000001,-121.239555,0
			35.6518250000001,-121.240257,0
			35.6517720000002,-121.240974,0
			35.6517110000001,-121.241699,0
			35.6516990000002,-121.242462,0
			35.6517450000001,-121.242874,0
			35.6517910000002,-121.243294,0
			35.6519660000001,-121.244087,0
			35.652225,-121.244736,0
			35.6525500000001,-121.245193,0
			35.6529200000001,-121.24556,0
			35.6532970000001,-121.245926,0
			35.6536180000002,-121.246353,0
			35.6538850000001,-121.246803,0
			35.654018,-121.247238,0
			35.6542630000001,-121.24765,0
			35.6545830000001,-121.248032,0
			35.6549220000001,-121.248413,0
			35.6552390000002,-121.24881,0
			35.65551,-121.249245,0
			35.6557460000002,-121.249702,0
			35.6559410000002,-121.250206,0
			35.6562000000001,-121.250679,0
			35.6564640000001,-121.25119,0
			35.6567730000001,-121.251648,0
			35.6571920000001,-121.252022,0
			35.6577,-121.252258,0
			35.6581990000001,-121.252495,0
			35.6586150000001,-121.252815,0
			35.6590120000001,-121.253159,0
			35.6594010000001,-121.25351,0
			35.6597940000001,-121.253906,0
			35.660175,-121.254333,0
			35.6605220000001,-121.254822,0
			35.6608310000001,-121.255348,0
			35.6611330000001,-121.255875,0
			35.661457,-121.256393,0
			35.6618190000002,-121.256889,0
			35.6622240000001,-121.2575,0
			35.6622240000001,-121.257774,0
			35.6622240000001,-121.258057,0
			35.662498,-121.258331,0
			35.6627770000002,-121.258614,0
			35.6630550000001,-121.258888,0
			35.6633340000001,-121.259163,0
			35.6636120000002,-121.259445,0
			35.6636120000002,-121.25972,0
			35.6638180000002,-121.26017,0
			35.663956,-121.260712,0
			35.6638790000001,-121.261162,0
			35.6637460000001,-121.261581,0
			35.6636350000001,-121.262039,0
			35.6635320000001,-121.262489,0
			35.6633300000001,-121.262894,0
			35.6631050000001,-121.263275,0
			35.662876,-121.263641,0
			35.6626970000002,-121.264015,0
			35.66267,-121.26442,0
			35.6628340000001,-121.264832,0
			35.6630210000001,-121.265282,0
			35.6631970000001,-121.265755,0
			35.663368,-121.266243,0
			35.6636120000002,-121.266388,0
			35.663887,-121.26667,0
			35.663887,-121.266945,0
			35.6636120000002,-121.26722,0
			35.6633340000001,-121.267502,0
			35.6630550000001,-121.267776,0
			35.6630550000001,-121.268059,0
			35.6633340000001,-121.268333,0
			35.6633340000001,-121.268608,0
			35.6636120000002,-121.26889,0
			35.663887,-121.269165,0
			35.6641650000001,-121.269165,0
			35.6644440000001,-121.269165,0
			35.6646460000001,-121.269112,0
			35.665218,-121.269531,0
			35.6657490000001,-121.27005,0
			35.6661640000001,-121.270668,0
			35.6664240000001,-121.271355,0
			35.6663400000001,-121.271973,0
			35.6661070000002,-121.272522,0
			35.6658360000001,-121.273033,0
			35.6655650000001,-121.273521,0
			35.6653210000002,-121.273994,0
			35.665154,-121.27449,0
			35.665081,-121.274994,0
			35.665173,-121.275505,0
			35.6655390000001,-121.27594,0
			35.6661110000002,-121.27626,0
			35.666676,-121.276688,0
			35.6670490000001,-121.277298,0
			35.6672330000001,-121.27803,0
			35.667339,-121.278778,0
			35.667286,-121.279526,0
			35.6670490000001,-121.280197,0
			35.666775,-121.280861,0
			35.666275,-121.281364,0
			35.6657030000002,-121.281807,0
			35.6651270000001,-121.282265,0
			35.6645620000001,-121.282761,0
			35.6640320000001,-121.283287,0
			35.6636120000002,-121.28389,0
			35.6633340000001,-121.284164,0
			35.6633340000001,-121.284447,0
			35.6633340000001,-121.284721,0
			35.6633340000001,-121.285004,0
			35.6636120000002,-121.285278,0
			35.6633340000001,-121.285553,0
			35.6630550000001,-121.285835,0
			35.6627770000002,-121.28611,0
			35.6627770000002,-121.286392,0
			35.6627770000002,-121.286667,0
			35.6630550000001,-121.286942,0
			35.6630550000001,-121.287224,0
			35.6630550000001,-121.287498,0
			35.6633340000001,-121.287781,0
			35.6633340000001,-121.288055,0
			35.6633340000001,-121.28833,0
			35.6633340000001,-121.288612,0
			35.6633340000001,-121.288887,0
			35.6633340000001,-121.289169,0
			35.6636120000002,-121.289444,0
			35.663887,-121.289719,0
			35.6641650000001,-121.290001,0
			35.6644440000001,-121.290001,0
			35.6647220000002,-121.289719,0
			35.6650010000002,-121.289719,0
			35.6652790000001,-121.289444,0
			35.6655540000001,-121.289169,0
			35.6655540000001,-121.288887,0
			35.6655540000001,-121.288612,0
			35.6655540000001,-121.28833,0
			35.6655540000001,-121.288055,0
			35.6658330000001,-121.287781,0
			35.6661110000002,-121.287498,0
			35.6658330000001,-121.287224,0
			35.6661110000002,-121.286942,0
			35.6661110000002,-121.286667,0
			35.6661110000002,-121.286392,0
			35.6663890000001,-121.28611,0
			35.666504,-121.285721,0
			35.6667560000001,-121.285507,0
			35.6670490000001,-121.285339,0
			35.6674120000002,-121.285248,0
			35.6678050000002,-121.285133,0
			35.668224,-121.285049,0
			35.6686820000001,-121.285027,0
			35.6691670000001,-121.285088,0
			35.6696400000001,-121.285278,0
			35.670128,-121.285477,0
			35.6706540000002,-121.285622,0
			35.6711960000001,-121.285652,0
			35.671719,-121.285507,0
			35.6722560000001,-121.285378,0
			35.6729050000001,-121.285515,0
			35.6736300000001,-121.285622,0
			35.6738890000001,-121.285278,0
			35.6741680000001,-121.285278,0
			35.674446,-121.285004,0
			35.6747210000001,-121.285278,0
			35.6749990000001,-121.285553,0
			35.6752780000002,-121.285835,0
			35.6752780000002,-121.28611,0
			35.6752780000002,-121.286392,0
			35.6752780000002,-121.286667,0
			35.6753350000001,-121.286812,0
			35.6756970000002,-121.287361,0
			35.6761320000001,-121.287796,0
			35.6765820000001,-121.287865,0
			35.676945,-121.287621,0
			35.6773070000002,-121.2873,0
			35.677711,-121.28701,0
			35.678211,-121.286827,0
			35.6787640000001,-121.286888,0
			35.6793710000001,-121.286987,0
			35.6794470000001,-121.287003,0
			35.6800120000001,-121.287033,0
			35.680622,-121.287132,0
			35.6811030000002,-121.287369,0
			35.6815640000002,-121.287621,0
			35.6820720000001,-121.287727,0
			35.6824990000001,-121.287498,0
			35.6827770000002,-121.287498,0
			35.6830560000001,-121.287498,0
			35.6833340000001,-121.287224,0
			35.683613,-121.287224,0
			35.6838870000001,-121.287498,0
			35.6841660000001,-121.287781,0
			35.6841660000001,-121.288055,0
			35.6841660000001,-121.28833,0
			35.684444,-121.288612,0
			35.6847230000002,-121.28833,0
			35.6851500000002,-121.288818,0
			35.6855550000001,-121.289131,0
			35.6859820000001,-121.289421,0
			35.6864430000001,-121.289673,0
			35.6869660000002,-121.28981,0
			35.6875380000001,-121.289711,0
			35.6881260000001,-121.289543,0
			35.688744,-121.289436,0
			35.6893880000002,-121.289505,0
			35.6899720000002,-121.289719,0
			35.6905370000001,-121.290024,0
			35.6910360000001,-121.290459,0
			35.6916160000001,-121.290817,0
			35.6919210000001,-121.291367,0
			35.6922230000001,-121.291946,0
			35.692501,-121.292221,0
			35.69278,-121.292221,0
			35.6930540000001,-121.292503,0
			35.6933330000001,-121.292778,0
			35.693611,-121.293053,0
			35.6938900000002,-121.293335,0
			35.6941680000001,-121.29361,0
			35.6944430000001,-121.293892,0
			35.6947210000002,-121.294167,0
			35.695,-121.294441,0
			35.6952780000001,-121.294441,0
			35.6955570000001,-121.294724,0
			35.6958350000002,-121.294724,0
			35.69611,-121.294998,0
			35.6963880000001,-121.29528,0
			35.6966670000001,-121.29528,0
			35.696945,-121.295555,0
			35.6968570000002,-121.295753,0
			35.697117,-121.296349,0
			35.697304,-121.296967,0
			35.6975210000001,-121.297554,0
			35.6977620000001,-121.298126,0
			35.6979980000001,-121.298698,0
			35.6982500000001,-121.299255,0
			35.698631,-121.299767,0
			35.6990280000001,-121.300278,0
			35.6994290000002,-121.300789,0
			35.699833,-121.301292,0
			35.7003020000001,-121.301773,0
			35.7007290000001,-121.302269,0
			35.7010990000002,-121.302803,0
			35.7014620000002,-121.303337,0
			35.7018550000002,-121.30381,0
			35.702274,-121.304245,0
			35.7026900000002,-121.304687,0
			35.703133,-121.305122,0
			35.7036210000001,-121.305519,0
			35.7041550000001,-121.305885,0
			35.704659,-121.306297,0
			35.7050970000002,-121.30677,0
			35.705578,-121.307198,0
			35.7061420000002,-121.307541,0
			35.7068670000001,-121.307678,0
			35.7076230000001,-121.307953,0
			35.7083700000001,-121.308205,0
			35.708946,-121.308586,0
			35.7091670000001,-121.308891,0
			35.7094460000001,-121.308891,0
			35.7097210000002,-121.309166,0
			35.7099990000001,-121.309166,0
			35.7097210000002,-121.309448,0
			35.7094460000001,-121.309723,0
			35.7091670000001,-121.309998,0
			35.7091670000001,-121.31028,0
			35.7091670000001,-121.310555,0
			35.7091670000001,-121.310837,0
			35.7091670000001,-121.311111,0
			35.7091670000001,-121.311386,0
			35.7094460000001,-121.311668,0
			35.7097210000002,-121.311943,0
			35.7097210000002,-121.312225,0
			35.7099990000001,-121.3125,0
			35.7102780000001,-121.312775,0
			35.7105560000002,-121.312775,0
			35.7108350000001,-121.312775,0
			35.7111130000001,-121.312775,0
			35.7113880000001,-121.312775,0
			35.7116660000002,-121.3125,0
			35.7119450000001,-121.3125,0
			35.7120780000001,-121.313042,0
			35.7123110000001,-121.313522,0
			35.7126240000002,-121.313965,0
			35.713017,-121.314339,0
			35.7134740000002,-121.314613,0
			35.7139930000001,-121.314774,0
			35.7145960000001,-121.314728,0
			35.7151570000001,-121.314499,0
			35.71534,-121.314384,0
			35.7156560000001,-121.314194,0
			35.7161640000002,-121.313896,0
			35.7167170000001,-121.313683,0
			35.7168770000002,-121.31366,0
			35.7172970000001,-121.313591,0
			35.7178730000002,-121.313545,0
			35.7183880000002,-121.313644,0
			35.718891,-121.313766,0
			35.7194140000001,-121.313751,0
			35.7199400000001,-121.313698,0
			35.7204740000001,-121.31369,0
			35.7209780000001,-121.313759,0
			35.7214430000001,-121.313919,0
			35.721931,-121.314072,0
			35.7224580000001,-121.314163,0
			35.7229810000001,-121.314301,0
			35.7234500000001,-121.314697,0
			35.7237820000001,-121.315231,0
			35.7239950000001,-121.315788,0
			35.724327,-121.316261,0
			35.7247620000002,-121.316635,0
			35.7252390000002,-121.316948,0
			35.7258340000002,-121.317223,0
			35.725555,-121.317497,0
			35.7258340000002,-121.31778,0
			35.7261120000001,-121.318054,0
			35.7263870000001,-121.318336,0
			35.726665,-121.318336,0
			35.726944,-121.318336,0
			35.7272220000001,-121.318611,0
			35.7275010000001,-121.318611,0
			35.727779,-121.318611,0
			35.728054,-121.318886,0
			35.7283330000002,-121.318886,0
			35.7286110000001,-121.318886,0
			35.728889,-121.318886,0
			35.7291680000002,-121.318611,0
			35.729443,-121.318336,0
			35.7297210000001,-121.318054,0
			35.7297210000001,-121.31778,0
			35.7300000000001,-121.317497,0
			35.730278,-121.317223,0
			35.730278,-121.317024,0
			35.7300000000001,-121.316666,0
			35.7297520000002,-121.316643,0
			35.7302360000001,-121.316338,0
			35.7306060000001,-121.31601,0
			35.7310330000001,-121.315727,0
			35.7315790000002,-121.315651,0
			35.7321360000001,-121.315765,0
			35.7327230000002,-121.315842,0
			35.7333600000001,-121.315804,0
			35.7339290000001,-121.315948,0
			35.7344250000001,-121.316238,0
			35.734905,-121.316536,0
			35.7354470000001,-121.316727,0
			35.7359700000001,-121.316666,0
			35.7364730000001,-121.316513,0
			35.7369120000002,-121.316254,0
			35.7373430000002,-121.315987,0
			35.737846,-121.315811,0
			35.7383920000001,-121.315811,0
			35.738911,-121.316093,0
			35.7394330000001,-121.316444,0
			35.7399830000001,-121.31678,0
			35.740669,-121.316986,0
			35.741367,-121.317207,0
			35.7420200000001,-121.317459,0
			35.7425080000001,-121.317795,0
			35.7429730000001,-121.318115,0
			35.743542,-121.31823,0
			35.7441600000002,-121.318092,0
			35.744446,-121.31778,0
			35.74472,-121.317497,0
			35.7449990000002,-121.317223,0
			35.7452770000001,-121.317497,0
			35.7455560000001,-121.317497,0
			35.7458340000002,-121.31778,0
			35.7458340000002,-121.317497,0
			35.7461130000002,-121.317223,0
			35.7463870000001,-121.316948,0
			35.7466660000001,-121.316948,0
			35.7469440000002,-121.316948,0
			35.7472230000001,-121.317223,0
			35.7475010000001,-121.317497,0
			35.7477760000001,-121.31778,0
			35.7480550000001,-121.318054,0
			35.7483330000002,-121.31778,0
			35.748611,-121.317497,0
			35.7488900000001,-121.317223,0
			35.7488900000001,-121.316948,0
			35.7488900000001,-121.316666,0
			35.748611,-121.316391,0
			35.7482410000002,-121.316017,0
			35.7487720000001,-121.315712,0
			35.7493130000001,-121.315483,0
			35.7498740000001,-121.315453,0
			35.7504390000001,-121.31562,0
			35.7510490000002,-121.315765,0
			35.7516750000001,-121.315903,0
			35.7522810000002,-121.316124,0
			35.7528800000001,-121.316368,0
			35.7535020000001,-121.316589,0
			35.7541620000002,-121.316742,0
			35.7547720000002,-121.316978,0
			35.7553140000001,-121.317291,0
			35.7557260000001,-121.317711,0
			35.7559660000001,-121.318245,0
			35.756069,-121.318825,0
			35.756084,-121.319405,0
			35.7561380000001,-121.319962,0
			35.7565500000001,-121.320473,0
			35.756966,-121.32103,0
			35.7571030000001,-121.321686,0
			35.7568860000001,-121.322273,0
			35.7566070000001,-121.322815,0
			35.7564050000001,-121.323349,0
			35.756359,-121.323875,0
			35.756668,-121.324448,0
			35.756668,-121.324722,0
			35.7563900000001,-121.324997,0
			35.7563900000001,-121.325279,0
			35.7563900000001,-121.325554,0
			35.7563900000001,-121.325836,0
			35.756668,-121.326111,0
			35.756943,-121.326385,0
			35.7572210000001,-121.326668,0
			35.7575000000001,-121.326942,0
			35.757778,-121.327225,0
			35.758057,-121.327225,0
			35.7583350000001,-121.327499,0
			35.7586100000001,-121.327499,0
			35.7588880000001,-121.327499,0
			35.759167,-121.327774,0
			35.7594450000001,-121.327499,0
			35.7597240000001,-121.327225,0
			35.7599980000001,-121.327225,0
			35.760277,-121.327225,0
			35.760277,-121.326942,0
			35.7599980000001,-121.326668,0
			35.760277,-121.326385,0
			35.7605550000001,-121.326385,0
			35.7608340000001,-121.326111,0
			35.7607420000002,-121.325699,0
			35.7614560000001,-121.325439,0
			35.762222,-121.324997,0
			35.762501,-121.324997,0
			35.7627790000001,-121.324997,0
			35.7630540000001,-121.324722,0
			35.763332,-121.324722,0
			35.763611,-121.324448,0
			35.7638890000001,-121.324448,0
			35.7641680000001,-121.324448,0
			35.7644460000002,-121.324448,0
			35.764721,-121.324722,0
			35.7649990000001,-121.324997,0
			35.7649990000001,-121.325279,0
			35.7652780000001,-121.325554,0
			35.765556,-121.325554,0
			35.765835,-121.325279,0
			35.7661090000001,-121.324997,0
			35.7663880000001,-121.324722,0
			35.766666,-121.324722,0
			35.7669450000002,-121.324722,0
			35.7672230000001,-121.324997,0
			35.7677380000001,-121.325119,0
			35.7683220000001,-121.325249,0
			35.768944,-121.325371,0
			35.7695500000001,-121.325607,0
			35.7701450000001,-121.325905,0
			35.7707630000001,-121.326118,0
			35.7713970000001,-121.326324,0
			35.7720300000001,-121.32653,0
			35.7726360000001,-121.326759,0
			35.7731290000001,-121.32711,0
			35.773624,-121.327477,0
			35.7741430000002,-121.327858,0
			35.7745860000001,-121.328339,0
			35.7750130000002,-121.32885,0
			35.7755550000001,-121.329445,0
			35.775833,-121.32972,0
			35.7761120000002,-121.330002,0
			35.7763900000001,-121.32972,0
			35.7766690000001,-121.330002,0
			35.7769430000002,-121.330276,0
			35.7772220000002,-121.330559,0
			35.7775000000001,-121.330833,0
			35.7777790000001,-121.331108,0
			35.7780570000002,-121.33139,0
			35.778332,-121.331665,0
			35.7786100000001,-121.331947,0
			35.7788890000001,-121.332222,0
			35.779167,-121.332497,0
			35.7788890000001,-121.332779,0
			35.7796440000002,-121.33271,0
			35.7803040000001,-121.332832,0
			35.7810210000001,-121.333122,0
			35.7816350000001,-121.333138,0
			35.782066,-121.333168,0
			35.7822990000001,-121.333313,0
			35.7825160000002,-121.333496,0
			35.7827610000002,-121.333687,0
			35.7830090000001,-121.333908,0
			35.7832720000002,-121.334145,0
			35.783588,-121.334366,0
			35.783871,-121.334641,0
			35.7841150000001,-121.334946,0
			35.7843550000001,-121.335274,0
			35.7845880000002,-121.335625,0
			35.7847860000001,-121.336014,0
			35.785007,-121.33638,0
			35.7852440000001,-121.336746,0
			35.785469,-121.337112,0
			35.7858090000001,-121.33741,0
			35.7862430000001,-121.337669,0
			35.7865830000001,-121.33802,0
			35.7868420000001,-121.338455,0
			35.787113,-121.338837,0
			35.7873230000002,-121.339233,0
			35.7875790000001,-121.339577,0
			35.7879450000001,-121.339828,0
			35.7883340000001,-121.339996,0
			35.7883340000001,-121.340279,0
			35.7886120000001,-121.340553,0
			35.788887,-121.340836,0
			35.7891650000001,-121.340836,0
			35.7891650000001,-121.34111,0
			35.7894440000002,-121.341393,0
			35.789722,-121.341667,0
			35.7900010000001,-121.341942,0
			35.7902790000001,-121.342224,0
			35.7905540000002,-121.342499,0
			35.7908330000001,-121.342499,0
			35.7911110000001,-121.342499,0
			35.7915990000001,-121.342957,0
			35.792068,-121.343491,0
			35.7924580000001,-121.344116,0
			35.7927700000002,-121.34478,0
			35.793045,-121.345444,0
			35.7932930000001,-121.346092,0
			35.7934950000001,-121.346748,0
			35.7938880000002,-121.347206,0
			35.7942620000002,-121.347626,0
			35.7946010000002,-121.348061,0
			35.794949,-121.34848,0
			35.7952770000001,-121.348892,0
			35.7953220000001,-121.349121,0
			35.7956010000001,-121.349396,0
			35.795834,-121.349625,0
			35.7959290000001,-121.349716,0
			35.7959900000001,-121.349785,0
			35.7960430000001,-121.349846,0
			35.7962300000001,-121.350014,0
			35.7963490000002,-121.349892,0
			35.7964550000001,-121.350235,0
			35.7964550000001,-121.350349,0
			35.7964590000001,-121.35054,0
			35.7966730000002,-121.350449,0
			35.7966650000001,-121.350555,0
			35.7969440000001,-121.35083,0
			35.797268,-121.351074,0
			35.7974740000002,-121.351082,0
			35.7976530000001,-121.350983,0
			35.7978320000001,-121.351151,0
			35.79829,-121.351608,0
			35.7983740000001,-121.351707,0
			35.7984730000001,-121.351624,0
			35.798485,-121.351723,0
			35.798889,-121.351669,0
			35.799168,-121.351944,0
			35.799168,-121.352219,0
			35.798889,-121.352501,0
			35.7988360000001,-121.352554,0
			35.7986110000001,-121.352776,0
			35.7986110000001,-121.353058,0
			35.798889,-121.353333,0
			35.799168,-121.353615,0
			35.7994460000001,-121.353333,0
			35.7996215820001,-121.353302001,0
			35.7982597350001,-121.324935914,0
			35.7967550760001,-121.26196773,0
			35.7951810000002,-121.196106,0
			35.794790198,-121.181435581,0
			35.7942886350002,-121.162620545,0
			35.7936515820001,-121.110427857,0
			35.7933387750001,-121.031021119,0
			35.7930219580001,-121.003981401,0
			35.7924613960001,-120.95613861,0
			35.7911300660001,-120.837593078,0
			35.7912944600001,-120.836290481,0
			35.7916297920002,-120.833633422,0
			35.7904815680002,-120.729812622,0
			35.790061951,-120.726409913,0
			35.789892675,-120.689485539,0
			35.789482117,-120.599929809,0
			35.789379119,-120.454193114,0
			35.7883300780002,-120.216567994,0
			35.78800201,-120.194450378,0
			35.7625885010001,-120.194206239,0
		</coordinates>
	</polygon>
</kml>
