# BEAST v10.5.0-beta5 Prerelease #fb0d1ded5
# Generated Fri Mar 13 17:27:24 CET 2026 [seed=1773419234108]
# -overwrite B32_RRW_pols.xml
state	joint	prior	likelihood	Current Tree	location.precision.col11	location.precision.col12	location.precision.col21	location.precision.col22	correlation	location.varCovar.location.precision.col11	location.varCovar.location.precision.col12	location.varCovar.location.precision.col21	location.varCovar.location.precision.col22	location.diffusionRate	location.traitLikelihood
0	-1510381.7569596344	-1648.3910669039694	-1508733.3658927304	454.0	0.05	0.002	0.002	0.05	-0.04	20.03205128205128	-0.8012820512820512	-0.8012820512820512	20.03205128205128	3084.609948575348	-1508733.3658927304
10000	-4876.43869176303	-1065.0721673700175	-3811.3665243930127	533.0	3.634763564622353E-5	1.0834026754765128E-5	1.0834026754765128E-5	2.0309659275713992E-5	-0.39874982181003127	32713.617521492906	-17450.8199601762	-17450.8199601762	58546.65675081033	3488.389811808826	-3811.3665243930127
20000	-4739.913723300666	-933.9207297815376	-3805.9929935191285	898.0	2.722125106164957E-5	7.302623707089644E-6	7.302623707089644E-6	1.6554698792852638E-5	-0.3440045925083535	41666.8210319366	-18380.10578593256	-18380.10578593256	68513.65950196923	3569.844932656881	-3805.9929935191285
30000	-4844.764509956754	-1012.9080874677607	-3831.8564224889933	96.0	2.7437503722911075E-5	9.216464408299829E-6	9.216464408299829E-6	1.7990005649153012E-5	-0.414835965791717	44022.19436016243	-22553.02168372563	-22553.021683725634	67140.5637776739	3557.8188660579285	-3831.8564224889933
40000	-4699.833829919852	-960.1089450139267	-3739.7248849059256	886.0	3.12968600551603E-5	7.489191634661708E-6	7.489191634661708E-6	1.9318912961275573E-5	-0.304574273278133	35219.21479533235	-13653.12061570266	-13653.12061570266	57055.53096655026	3475.767331615774	-3739.7248849059256
50000	-4630.009346789849	-933.3116175946135	-3696.697729195235	360.0	3.175527880346717E-5	8.572247874112207E-6	8.572247874112207E-6	2.2113359243714508E-5	-0.32348890871801983	35171.33414570286	-13634.174303295367	-13634.17430329537	50506.82301939988	3222.8752391336834	-3696.697729195235
60000	-4690.356453484343	-944.4895147645394	-3745.866938719803	487.0	3.505393291163049E-5	9.941723812384719E-6	9.941723812384719E-6	2.10486994110848E-5	-0.36599966285024255	32939.96761575039	-15558.208800883322	-15558.208800883323	54857.32834902439	3499.963581203284	-3745.866938719803
70000	-4670.769670698486	-882.9833602465302	-3787.786310451956	694.0	2.7902109403274087E-5	9.74803985284246E-6	9.74803985284246E-6	1.9773977189972466E-5	-0.4150035034182244	43296.43939963218	-21343.982179155166	-21343.982179155166	61093.52596570108	3428.8772360546213	-3787.786310451956
80000	-4744.463740930096	-878.8017309094688	-3865.6620100206273	739.0	2.9047082962029917E-5	8.14616683223632E-6	8.14616683223632E-6	1.3322628207212377E-5	-0.4141017667724233	41552.25730683108	-25407.270623540324	-25407.27062354032	90595.62771538776	3573.839482187843	-3865.6620100206273
90000	-4632.526877895967	-932.2739110875447	-3700.252966808422	92.0	3.272252794268145E-5	9.096978880745407E-6	9.096978880745407E-6	2.17845172874569E-5	-0.3407216987270462	34573.689904415594	-14437.599086531127	-14437.599086531129	51933.146787248086	3324.6060213383803	-3700.252966808422
100000	-4612.1113756395225	-899.8343744804729	-3712.277001159049	4.0	2.7423174049267574E-5	8.830971437592875E-6	8.830971437592875E-6	2.1849430385379747E-5	-0.3607692889005064	41921.82192128651	-16943.709994675984	-16943.709994675984	52615.990382023854	3631.530340983136	-3712.277001159049
110000	-4472.983325952107	-818.980959873213	-3654.0023660788947	133.0	3.437478593311191E-5	9.890424651209724E-6	9.890424651209724E-6	2.3217067472533533E-5	-0.35009931076680095	33154.866580542504	-14123.90734203193	-14123.90734203193	49088.5182935064	3252.9391676935293	-3654.0023660788947
120000	-4600.2725835255715	-846.9308958675792	-3753.341687657992	416.0	2.665767643171482E-5	6.263491162337031E-6	6.263491162337031E-6	1.9129272709256377E-5	-0.2773678330494603	40639.13380018284	-13306.457557025036	-13306.457557025036	56632.83156532262	3380.2815938300355	-3753.341687657992
130000	-4545.062764597966	-864.3874635243154	-3680.6753010736506	527.0	3.603205932146925E-5	9.28686878561838E-6	9.28686878561838E-6	1.757504795267665E-5	-0.36904260583443427	32128.756565692518	-16977.22517025732	-16977.22517025732	65869.8209880996	3438.6800915686867	-3680.6753010736506
140000	-4633.374127933717	-824.7040436380253	-3808.6700842956925	397.0	2.7366768753141736E-5	7.352218096075041E-6	7.352218096075041E-6	1.4648729940796942E-5	-0.36720334944399324	42235.65095703923	-21198.132433381405	-21198.132433381405	78904.67621091385	3587.803980128362	-3808.6700842956925
150000	-4669.443255513871	-941.9389330790493	-3727.5043224348215	368.0	2.802404309437264E-5	8.891070967109275E-6	8.891070967109275E-6	1.987469802054838E-5	-0.37673711816243866	41585.97832208885	-18603.74855085008	-18603.74855085008	58637.73363574902	3619.781485972267	-3727.5043224348215
160000	-4611.680122288989	-862.6433293662906	-3749.036792922698	999.0	3.03800315965971E-5	7.540070650310632E-6	7.540070650310632E-6	1.633650151269341E-5	-0.33845565590749593	37174.816270226715	-17157.94173385494	-17157.941733854936	69131.82066611147	3427.1136841198927	-3749.036792922698
170000	-4847.828607127779	-937.9116691498651	-3909.916937977914	45.0	2.0987961846022325E-5	6.565959775585526E-6	6.565959775585526E-6	1.7111051796598497E-5	-0.346477256473328	54146.45216542334	-20777.415154544145	-20777.415154544145	66414.60067178847	3613.8614533580303	-3909.916937977914
180000	-4766.625549173337	-1001.0110219750741	-3765.6145271982627	184.0	3.1390593344226266E-5	8.491179888717722E-6	8.491179888717722E-6	2.0919096826389782E-5	-0.3313575070784975	35785.889018543894	-14525.695045821212	-14525.695045821212	53699.27291629587	3440.6741886885598	-3765.6145271982627
190000	-4628.497370609019	-930.8859801408573	-3697.611390468161	811.0	3.3002671148062175E-5	9.85443440727284E-6	9.85443440727284E-6	2.076370697929356E-5	-0.37644775493639726	35303.54596646425	-16755.02733772927	-16755.02733772927	56112.87613785025	3592.156653631254	-3697.611390468161
200000	-4722.789170276413	-901.6392468288025	-3821.1499234476105	822.0	2.538958608561788E-5	6.929803974247594E-6	6.929803974247594E-6	1.4726350414928058E-5	-0.35838149281435067	45190.353725571586	-21265.302265771898	-21265.3022657719	77912.3369896076	3769.9473228831016	-3821.1499234476105
210000	-4625.969976617997	-960.5475111799694	-3665.422465438028	837.0	3.36144636008408E-5	1.0625272616982873E-5	1.0625272616982873E-5	2.2450477594886562E-5	-0.38678016725599573	34982.4321240978	-16556.3461424223	-16556.3461424223	52378.203819245355	3606.6783554162894	-3665.422465438028
220000	-4664.450184583781	-863.3987397661364	-3801.051444817645	389.0	2.3328395121596433E-5	8.957157162147453E-6	8.957157162147453E-6	1.7781393520286674E-5	-0.43978951021709406	53145.30401579064	-26771.289885488586	-26771.289885488586	69724.26820897115	3605.9618829762	-3801.051444817645
230000	-4732.9064709894255	-817.5607669709209	-3915.3457040185044	494.0	2.2748010115025337E-5	9.247845120910155E-6	9.247845120910155E-6	1.7012145788320678E-5	-0.47009896335584095	56430.67521999762	-30675.856590718486	-30675.856590718486	75457.0050524433	3693.3168222425566	-3915.3457040185044
240000	-4807.97005740596	-989.1978992526901	-3818.7721581532696	362.0	2.6103207105666236E-5	7.519665218314057E-6	7.519665218314057E-6	1.88164746822329E-5	-0.33929889172395783	43293.5886192039	-17301.50296554872	-17301.50296554872	60059.151842171115	3627.3911366105276	-3818.7721581532696
250000	-4695.913736072057	-874.6732742650483	-3821.2404618070086	309.0	2.881653874918791E-5	9.091112631769884E-6	9.091112631769884E-6	1.5743704848086772E-5	-0.42681793586732164	42432.34493721485	-24502.315736769506	-24502.315736769502	77666.17348970134	3449.942582557546	-3821.2404618070086
260000	-4754.563639250365	-1012.9903982757845	-3741.5732409745806	979.0	3.367800735207688E-5	1.0756325815456491E-5	1.0756325815456491E-5	2.167925762867168E-5	-0.39807834387030955	35284.35112511765	-17506.59470861174	-17506.59470861174	54813.068646473934	3518.2168440118535	-3741.5732409745806
270000	-4717.123673545105	-894.1082299405485	-3823.015443604556	122.0	2.740058834938336E-5	8.940737537232822E-6	8.940737537232822E-6	1.750197371879042E-5	-0.40827227446282216	43795.70925624282	-22372.67339149488	-22372.673391494885	68565.30698084738	3652.539049250623	-3823.015443604556
280000	-4730.74630078091	-980.4527882862697	-3750.2935124946403	558.0	3.457974225407166E-5	1.0999073796143534E-5	1.0999073796143534E-5	2.0136061400758838E-5	-0.41682904804294924	34999.74760150498	-19118.17803162059	-19118.17803162059	60105.212580052765	3456.032520065494	-3750.2935124946403
290000	-4798.18645368735	-906.9218058707553	-3891.2646478165943	925.0	2.935491900400403E-5	7.553348584184264E-6	7.553348584184264E-6	1.6727095423071433E-5	-0.3408700287663553	38544.40715403962	-17405.253921348638	-17405.253921348638	67642.82270450669	3284.778296992548	-3891.2646478165943
300000	-4754.7974436033865	-998.423412493249	-3756.3740311101374	53.0	3.3422814460812154E-5	9.145237631016098E-6	9.145237631016098E-6	1.9825538998805882E-5	-0.35527200258429653	34241.59492554617	-15795.158077567325	-15795.158077567323	57726.07110998336	3450.7025482344156	-3756.3740311101374
310000	-4715.390625318144	-849.8871968796889	-3865.503428438455	427.0	2.2134259667287447E-5	7.436374277615076E-6	7.436374277615076E-6	1.4724400560809451E-5	-0.41191720120166825	54411.07340269179	-27479.6318531394	-27479.631853139406	81792.7237511128	3615.212273936318	-3865.503428438455
320000	-4620.656769167185	-926.096608175065	-3694.5601609921205	383.0	3.323150566676576E-5	6.7816390496616844E-6	6.7816390496616844E-6	2.0145680432498555E-5	-0.2621010079902039	32311.636198544402	-10877.063921307017	-10877.063921307017	53299.97788023232	3282.652981822853	-3694.5601609921205
330000	-4687.970351892293	-976.96089426705	-3711.0094576252436	800.0	3.8100226040183225E-5	1.224470330538829E-5	1.224470330538829E-5	2.0515172579179428E-5	-0.4379725611643259	32476.13438320079	-19383.733112330403	-19383.733112330403	60313.80219375217	3540.923820861661	-3711.0094576252436
340000	-4660.233115134946	-829.1397363654625	-3831.093378769484	72.0	2.0014180069379968E-5	7.5221829885327866E-6	7.5221829885327866E-6	1.6799517498821952E-5	-0.41022921731559325	60074.37140284006	-26899.011512975438	-26899.011512975434	71569.87019987711	3590.863729811475	-3831.093378769484
350000	-4705.044439619085	-867.5933327907209	-3837.4511068283646	956.0	2.5573186293115822E-5	8.798839673899209E-6	8.798839673899209E-6	1.6137050223164225E-5	-0.4331326353645132	48133.486112832	-26245.120477143646	-26245.120477143646	76279.53004283273	3403.152341382506	-3837.4511068283646
360000	-4662.466166446282	-943.3942546388565	-3719.0719118074257	956.0	3.095663738060717E-5	9.990859168061983E-6	9.990859168061983E-6	2.2650982347225603E-5	-0.3772961958455724	37664.94635427355	-16613.194466784273	-16613.194466784273	51475.91695474889	3307.9278940732156	-3719.0719118074257
370000	-4661.186133523907	-988.7725373702821	-3672.413596153625	87.0	3.561345648449698E-5	7.85544244821924E-6	7.85544244821924E-6	2.206992127853595E-5	-0.2801968160172085	30471.6076306153	-10845.89097650355	-10845.89097650355	49170.96253628199	3242.934513064252	-3672.413596153625
380000	-4721.997692510666	-915.9401936736233	-3806.0574988370427	899.0	2.813233050565248E-5	6.602571951827183E-6	6.602571951827183E-6	1.7884123023369317E-5	-0.29435841978550853	38918.453287695	-14368.157037952456	-14368.157037952458	61220.043567557805	3514.3360400680385	-3806.0574988370427
390000	-4796.125118625149	-895.3370753796255	-3900.788043245524	368.0	2.8822629450446938E-5	8.202747416440202E-6	8.202747416440202E-6	1.5297223241239208E-5	-0.39064856848834073	40943.142488809804	-21954.72021128857	-21954.720211288568	77144.00227293913	3582.341941633115	-3900.788043245524
400000	-4654.781190716747	-859.8008365047039	-3794.980354212043	484.0	2.7227834640680305E-5	8.417444107569465E-6	8.417444107569465E-6	1.758309950300864E-5	-0.3847033536042214	43106.78203718001	-20636.232445426085	-20636.232445426085	66751.84503160852	3467.295820695161	-3794.980354212043
410000	-4610.210099710925	-908.3629143933446	-3701.84718531758	325.0	3.454140108188799E-5	1.2042461114169357E-5	1.2042461114169357E-5	2.3266818136597776E-5	-0.4247924411465834	35325.137700708816	-18283.617236184265	-18283.61723618427	52442.91430093794	3610.945982906659	-3701.84718531758
420000	-4674.415446245848	-914.7710063800213	-3759.644439865827	198.0	3.332405044754487E-5	1.4160139913167872E-5	1.4160139913167872E-5	2.1593596824391443E-5	-0.5278690008001202	41600.023977036384	-27279.483112354275	-27279.483112354275	64198.720986766646	3440.485897670955	-3759.644439865827
430000	-4719.531575726211	-980.045010377563	-3739.486565348647	448.0	2.995047582752995E-5	1.0680755609407396E-5	1.0680755609407396E-5	2.151163645643143E-5	-0.4207880422921509	40572.28439065565	-20144.56942732542	-20144.569427325416	56488.46034429431	3654.354380101315	-3739.486565348647
440000	-4641.785513705506	-881.4801305068502	-3760.305383198656	175.0	2.8800788074733044E-5	8.44016760170811E-6	8.44016760170811E-6	1.9081263271857378E-5	-0.36003549854409633	39892.33889725982	-17645.478788273027	-17645.478788273027	60212.51224387998	3661.096302298898	-3760.305383198656
450000	-4657.4270699503395	-966.8102618192288	-3690.6168081311102	134.0	3.501455758409743E-5	9.879048441582132E-6	9.879048441582132E-6	2.07648990559203E-5	-0.3663750419838718	32987.48156842056	-15694.029019963431	-15694.029019963431	55624.738161320325	3307.841295221824	-3690.6168081311102
460000	-4530.760454511956	-802.6660831266104	-3728.0943713853458	284.0	3.092423476605758E-5	7.3801974256836305E-6	7.3801974256836305E-6	1.7596183462013558E-5	-0.31638017225441445	35933.95798323428	-15071.433232950742	-15071.433232950742	63151.77124324129	3404.2369771449407	-3728.0943713853458
470000	-4546.349207557616	-838.2922740821225	-3708.0569334754937	100.0	2.6324803883700587E-5	8.658356648971695E-6	8.658356648971695E-6	1.9498018013814807E-5	-0.3821709440480368	44484.09582734353	-19753.759926125796	-19753.759926125796	60059.186414170705	3531.1074562764366	-3708.0569334754937
480000	-4862.453985415979	-1016.2493810570878	-3846.204604358891	419.0	2.612324412987934E-5	5.102063408253506E-6	5.102063408253506E-6	1.7989957072403886E-5	-0.23535164255277757	40524.76769559451	-11493.075472916538	-11493.07547291654	58846.077039426986	3417.35470207983	-3846.204604358891
490000	-4971.604003288477	-1040.6206267193131	-3930.9833765691637	457.0	2.520346016479617E-5	8.989077367837908E-6	8.989077367837908E-6	1.830683238815321E-5	-0.4184835886717883	48100.93738020819	-23618.670800527096	-23618.670800527096	66221.72713701946	3726.601530784377	-3930.9833765691637
500000	-4836.917317948003	-929.428632548224	-3907.488685399779	257.0	2.9880670203836745E-5	7.613322110168578E-6	7.613322110168578E-6	1.8280539586608215E-5	-0.3257500808807938	37439.24657957393	-15592.375838902115	-15592.375838902115	61196.75923263806	3435.416330833447	-3907.488685399779
510000	-4789.97258063992	-936.3731900634618	-3853.5993905764585	673.0	2.4059806600970614E-5	1.0680818284324997E-5	1.0680818284324997E-5	1.8330028847898018E-5	-0.5086006209939036	56065.92380737821	-32669.339972047437	-32669.339972047434	73591.55268677943	3638.1558101161577	-3853.5993905764585
520000	-4738.896617039072	-1014.0904062612341	-3724.806210777838	679.0	3.2709365523036285E-5	8.529837980188218E-6	8.529837980188218E-6	1.8917959920653292E-5	-0.342900068220917	34645.97295153212	-15621.374460145655	-15621.374460145655	59903.27698790041	3560.997289182794	-3724.806210777838
530000	-4642.136495437895	-954.7738236371538	-3687.362671800741	386.0	3.6973850103487814E-5	1.2797805713191111E-5	1.2797805713191111E-5	2.318953331311617E-5	-0.4370611159977758	33432.49879120938	-18450.678513413295	-18450.678513413295	53305.43664680177	3635.586120835314	-3687.362671800741
540000	-4795.853418846774	-891.7143018961668	-3904.139116950607	297.0	2.4841536843392228E-5	8.828763341832428E-6	8.828763341832428E-6	1.662585280710482E-5	-0.4344288711437432	49619.83208343473	-26349.430589142547	-26349.430589142543	74139.52842989394	3616.936699147115	-3904.139116950607
550000	-4640.755168481548	-885.6074833925547	-3755.1476850889935	323.0	3.5576340873822244E-5	1.1960584444601216E-5	1.1960584444601216E-5	1.8664393451491354E-5	-0.46415691220671546	35827.2494399026	-22958.948194992467	-22958.948194992467	68290.58988485836	3571.451376858168	-3755.1476850889935
560000	-4652.292063973449	-851.1833865641821	-3801.108677409267	464.0	2.6025099489237387E-5	8.922463989915213E-6	8.922463989915213E-6	1.5776782423981466E-5	-0.4403311267092028	47666.59190820229	-26957.55309247576	-26957.553092475762	78629.9616351545	3661.5666118110385	-3801.108677409267
570000	-4564.665633982954	-808.5199601730017	-3756.1456738099528	640.0	2.7785464161904637E-5	9.38144586589236E-6	9.38144586589236E-6	1.7784469511469218E-5	-0.4220272473034054	43789.20503146822	-23099.145928882015	-23099.14592888202	68413.8138781987	3570.13611470014	-3756.1456738099528
580000	-4618.3564826784195	-871.2548979458304	-3747.101584732589	565.0	2.8198512434608767E-5	8.404339399141112E-6	8.404339399141112E-6	1.6921093520067578E-5	-0.38474791096238126	41624.59164557024	-20674.03002797356	-20674.03002797356	69366.17682013952	3626.4968032996776	-3747.101584732589
590000	-4636.024658527704	-856.2174481063707	-3779.8072104213325	336.0	2.8916044340368297E-5	7.346925451653593E-6	7.346925451653593E-6	1.76476574993929E-5	-0.3252315424655882	38673.5981957185	-16100.269562740732	-16100.269562740732	63367.47414026218	3636.665387404017	-3779.8072104213325
600000	-4749.694052062208	-1016.7898774426385	-3732.9041746195703	910.0	3.717313127091072E-5	1.1307937743153101E-5	1.1307937743153101E-5	2.186735205321413E-5	-0.3966164634010107	31922.745915185187	-16507.733653391795	-16507.733653391795	54266.67213960584	3501.912734433677	-3732.9041746195703
610000	-4710.48928026271	-885.0398783490551	-3825.449401913655	746.0	2.8058250790973012E-5	9.03573018213974E-6	9.03573018213974E-6	2.1417005569893195E-5	-0.36859851626847284	41243.71188303977	-17400.52086501448	-17400.52086501448	54033.06301566856	3381.506140649596	-3825.449401913655
620000	-4615.794748562726	-829.0189490148505	-3786.7757995478755	459.0	2.6041651611983725E-5	6.1381039357700175E-6	6.1381039357700175E-6	1.5861771418416056E-5	-0.3020119533133472	42254.06721756175	-16351.254185221776	-16351.254185221776	69372.18225144285	3510.103224889506	-3786.7757995478755
630000	-4633.266622142678	-884.0768362488526	-3749.1897858938255	824.0	3.2248665699187195E-5	8.827829095337493E-6	8.827829095337493E-6	1.7741207556045354E-5	-0.36906805256212916	35898.86310164825	-17862.878114532887	-17862.878114532887	65254.320005486625	3586.9840306996675	-3749.1897858938255
640000	-4754.649814936216	-944.8438044702493	-3809.8060104659667	589.0	2.5903961096750934E-5	6.9452917324535305E-6	6.9452917324535305E-6	1.867172051328656E-5	-0.3158022603274088	42880.669518814546	-15950.258000015088	-15950.258000015087	59489.921896998676	3516.569718008619	-3809.8060104659667
650000	-4969.130783564439	-998.46384449122	-3970.6669390732195	698.0	2.6822206881236946E-5	8.96388087016487E-6	8.96388087016487E-6	1.9990331061932192E-5	-0.38711395632021106	43854.444959890345	-19664.807902869372	-19664.80790286937	58842.09679828602	3566.9122777000216	-3970.6669390732195
660000	-4664.333838074544	-902.0975560927694	-3762.236281981774	509.0	3.0115834750655638E-5	9.237569577926829E-6	9.237569577926829E-6	1.7800636512028495E-5	-0.39897207901084314	39491.29723281541	-20493.851759975623	-20493.851759975623	66812.96934235096	3599.716900598008	-3762.236281981774
670000	-4665.092992214097	-951.9157360747189	-3713.177256139378	359.0	3.7866594477034486E-5	1.0283334183657405E-5	1.0283334183657405E-5	1.9500775381955897E-5	-0.3784250571905201	30822.44550680143	-16253.584859876397	-16253.584859876397	59851.00704644294	3279.615167708551	-3713.177256139378
680000	-4662.592028780951	-892.4775415534128	-3770.114487227538	42.0	2.8255938766406838E-5	1.0517544737217978E-5	1.0517544737217978E-5	2.1391572671492972E-5	-0.4277973997157932	43318.54346063991	-21298.327420571255	-21298.32742057126	57219.0801616433	3502.7518046418363	-3770.114487227538
690000	-4477.057503360694	-839.9574917568226	-3637.1000116038713	179.0	3.9856856665184387E-5	1.3581504829753683E-5	1.3581504829753683E-5	2.1704971897436087E-5	-0.461760474895117	31889.31231768135	-19954.176918850266	-19954.176918850266	58558.368847612415	3422.609702231839	-3637.1000116038713
700000	-4684.733005646586	-847.2132837295484	-3837.519721917038	468.0	2.31935107990126E-5	8.362882757339803E-6	8.362882757339803E-6	1.732274532750916E-5	-0.4172193110710422	52202.49895488358	-25201.743150178754	-25201.74315017875	69894.188268346	3383.3045455583883	-3837.519721917038
710000	-4721.19650953851	-907.8265829532659	-3813.3699265852442	514.0	2.862544973314685E-5	7.4745765438075745E-6	7.4745765438075745E-6	1.656287983119757E-5	-0.34327526328115404	39600.37414320757	-17871.048435628323	-17871.048435628327	68440.90707673955	3879.876368005756	-3813.3699265852442
720000	-4738.145221215526	-981.4258585615437	-3756.7193626539824	599.0	3.303993715433559E-5	1.001651211417291E-5	1.001651211417291E-5	2.061359258981082E-5	-0.38381334437046555	35495.31088767351	-17247.804328802747	-17247.80432880275	56892.69523945218	3372.678177771913	-3756.7193626539824
730000	-4554.508125529353	-936.9928398390018	-3617.515285690351	91.0	4.416333081371739E-5	1.505778642562356E-5	1.505778642562356E-5	2.8014123668619012E-5	-0.42809652438216333	27724.127109021207	-14901.911256717922	-14901.911256717924	43706.16091799425	3260.799600886318	-3617.515285690351
740000	-4630.3337750759565	-947.005377516488	-3683.3283975594686	71.0	3.729292986129484E-5	1.272257797396582E-5	1.272257797396582E-5	2.1204702558643297E-5	-0.4524241473678436	33715.97684140538	-20229.19883676269	-20229.19883676269	59296.63743569247	3358.386430952623	-3683.3283975594686
750000	-4541.348562094764	-863.1082673439525	-3678.2402947508117	685.0	3.172255598095208E-5	6.599450218321622E-6	6.599450218321622E-6	1.9366271056545922E-5	-0.2662567753406529	33928.60013298465	-11561.859632202633	-11561.859632202633	55576.10517436947	3429.4561881018794	-3678.2402947508117
760000	-4705.0945536671325	-877.8211785455296	-3827.273375121603	41.0	2.5723060789010955E-5	8.742231606833664E-6	8.742231606833664E-6	1.6822672642349666E-5	-0.4202555804478289	47214.37821063089	-24535.877162044384	-24535.877162044384	72194.13624979036	3800.4613420705914	-3827.273375121603
770000	-4688.233183666453	-946.5521213062199	-3741.681062360233	890.0	3.381986505637979E-5	1.1472714760979871E-5	1.1472714760979871E-5	2.4188526908894723E-5	-0.40112113981474223	35238.17927669885	-16713.608937846275	-16713.608937846275	49269.24539303953	3522.515651057034	-3741.681062360233
780000	-4779.721603776593	-935.1797468408203	-3844.541856935773	952.0	2.5467840554373313E-5	9.283647847089228E-6	9.283647847089228E-6	1.820507024049402E-5	-0.4311480414606835	48230.75490373836	-24595.20001903757	-24595.20001903757	67472.03715661877	3515.531579259056	-3844.541856935773
790000	-4696.732448168244	-932.8950699182244	-3763.8373782500203	858.0	3.322801454253644E-5	1.0227573280918634E-5	1.0227573280918634E-5	1.8964296291566765E-5	-0.4074290938176303	36085.17027487225	-19460.976440491584	-19460.976440491584	63226.103633308	3395.9053729582547	-3763.8373782500203
800000	-4633.612715005437	-875.6651579874673	-3757.94755701797	916.0	3.4582892644471966E-5	8.174304370642216E-6	8.174304370642216E-6	1.9515759506829914E-5	-0.3146497692412556	32093.42376633191	-13442.541863163884	-13442.541863163882	56871.13680183323	3272.481903697094	-3757.94755701797
810000	-4828.310907435806	-972.7163004407327	-3855.5946069950737	938.0	2.261526365863437E-5	5.471430949142974E-6	5.471430949142974E-6	1.748195314684768E-5	-0.2751725567369751	47840.39523576425	-14972.893298217768	-14972.893298217767	61888.0020271176	3435.7321774909447	-3855.5946069950737
820000	-5034.777837473169	-1010.6444707233112	-4024.133366749858	499.0	2.102953482875173E-5	9.279437395578855E-6	9.279437395578855E-6	1.20134135752242E-5	-0.5838127814432938	72140.2680676153	-55722.804933169835	-55722.804933169835	126281.86571484864	4123.076571163112	-4024.133366749858
830000	-4700.105826364488	-843.7684312630502	-3856.3373951014382	485.0	2.3280947507095157E-5	7.873866836716988E-6	7.873866836716988E-6	1.4678795251923938E-5	-0.42593422037384543	52473.27828059532	-28147.24223455925	-28147.242234559253	83223.97146425338	3807.627029656337	-3856.3373951014382
840000	-4558.574913932823	-874.358053829256	-3684.2168601035664	849.0	3.452375620850994E-5	1.2242872217206974E-5	1.2242872217206974E-5	2.0809514378783477E-5	-0.45676553115580926	36602.014037884546	-21534.081603322506	-21534.081603322506	60724.09890894614	3479.3448373770057	-3684.2168601035664
850000	-4687.649078294109	-876.9948919272886	-3810.654186366821	119.0	2.451287378194784E-5	7.6101552664537044E-6	7.6101552664537044E-6	1.540704207997633E-5	-0.39159466703774737	48183.684119022204	-23799.851752990206	-23799.851752990202	76661.08530292599	3724.5832408988304	-3810.654186366821
860000	-4524.179349952556	-945.1074321451242	-3579.071917807431	330.0	4.195556420399065E-5	9.742384308864636E-6	9.742384308864636E-6	2.9878207934689064E-5	-0.27516500590246296	25787.242004179618	-8408.443452150072	-8408.44345215007	36210.949797095374	3174.405106852931	-3579.071917807431
870000	-4702.937357417171	-830.8997494477621	-3872.037607969409	49.0	2.4521046974064654E-5	6.05413536561995E-6	6.05413536561995E-6	1.4015006397816542E-5	-0.326577283627241	45649.988485895956	-19719.663472694756	-19719.66347269476	79870.49597084445	3613.223204192868	-3872.037607969409
880000	-4697.7325448781185	-952.2447335182877	-3745.4878113598306	117.0	3.300613268611317E-5	1.0570363071941536E-5	1.0570363071941536E-5	2.1231096907069E-5	-0.3993064890054293	36044.54686858085	-17945.561118778365	-17945.56111877836	56035.30998716751	3425.044292938863	-3745.4878113598306
890000	-4691.544738393323	-940.2453092130561	-3751.2994291802675	518.0	3.295751658691141E-5	8.315622362476842E-6	8.315622362476842E-6	2.0235729153707226E-5	-0.3220016446186806	33852.04307708558	-13911.077989288604	-13911.077989288604	55134.12749989753	3482.0741801216627	-3751.2994291802675
900000	-4701.948390653555	-957.5003254831222	-3744.4480651704334	473.0	3.2513412595702496E-5	1.0315573673211965E-5	1.0315573673211965E-5	1.860022019627099E-5	-0.41947208495778	37323.93982992553	-20699.639414339643	-20699.639414339646	65242.70371975669	3386.8792783258946	-3744.4480651704334
910000	-4837.702406339834	-1055.0921695507736	-3782.6102367890603	36.0	3.351324578122163E-5	7.972373360379894E-6	7.972373360379894E-6	1.868544137922255E-5	-0.3185867451684332	33209.64440930496	-14169.30320366068	-14169.30320366068	59563.10866884736	3486.8020251353128	-3782.6102367890603
920000	-4653.551386209868	-948.6960749083535	-3704.8553113015146	400.0	3.5207771798085345E-5	7.538564372416063E-6	7.538564372416063E-6	1.8600378663622324E-5	-0.2945835452663119	31101.819083492952	-12605.284521368423	-12605.284521368423	58871.153571650204	3382.5916371059698	-3704.8553113015146
930000	-4713.681385681419	-897.9959197242999	-3815.685465957119	889.0	2.6083669096219305E-5	6.356005703222695E-6	6.356005703222695E-6	1.8241404561698703E-5	-0.2913874209497387	41895.35827705857	-14597.951339046713	-14597.951339046713	59906.82670680181	3579.6992672237307	-3815.685465957119
940000	-4728.204914509962	-960.4918040121781	-3767.713110497784	716.0	3.459074298416193E-5	1.0922631007616957E-5	1.0922631007616957E-5	2.1596163429948934E-5	-0.39963085713418756	34403.94448216594	-17400.386508657135	-17400.386508657135	55105.06554018943	3605.349495199059	-3767.713110497784
950000	-4744.780416432477	-940.071153474781	-3804.7092629576964	535.0	2.7369984008996388E-5	8.87062600364869E-6	8.87062600364869E-6	2.1018794638048313E-5	-0.36983933022114085	42325.73718637635	-17862.859948658457	-17862.859948658457	55115.18476245372	3430.534817845016	-3804.7092629576964
960000	-4728.9589401682315	-954.8504996950114	-3774.1084404732205	404.0	3.0652263247842664E-5	8.112475780153293E-6	8.112475780153293E-6	1.822225590300754E-5	-0.3432583173152302	36981.39875745288	-16463.97149359051	-16463.971493590514	62207.641908913996	3481.3797285763353	-3774.1084404732205
970000	-4713.169289455832	-876.5131900511603	-3836.6560994046713	318.0	2.4989256216179865E-5	8.219605253791903E-6	8.219605253791903E-6	1.552145861541963E-5	-0.4173573156790691	48457.94834112615	-25661.583530365184	-25661.583530365184	78016.38472326471	3517.1084982324373	-3836.6560994046713
980000	-4776.021550928712	-892.026788378296	-3883.994762550416	685.0	2.4554156120835697E-5	7.774981205661716E-6	7.774981205661716E-6	1.7180026702283723E-5	-0.37855145886070757	47538.64864531333	-21514.058514864522	-21514.058514864522	67943.51492220987	3634.1772445108577	-3883.994762550416
990000	-4899.8773426927655	-958.4228885856069	-3941.454454107159	341.0	3.113624429034709E-5	1.006215735435055E-5	1.006215735435055E-5	2.0967286115673963E-5	-0.39381012776944874	38012.06663228119	-18241.91236328617	-18241.91236328617	56447.60061526993	3643.7442593635155	-3941.454454107159
1000000	-4662.996072714605	-868.9371625186892	-3794.0589101959163	612.0	2.7660032882976198E-5	9.096072836271203E-6	9.096072836271203E-6	1.7791268945235826E-5	-0.41003801349409513	43460.27375312835	-22219.765029666418	-22219.765029666418	67567.55826776376	3486.1089098248176	-3794.0589101959163
1010000	-4687.848054766228	-858.8784408797388	-3828.9696138864892	276.0	2.765616035517771E-5	9.136920532234483E-6	9.136920532234483E-6	1.4906596940498628E-5	-0.4500022145039079	45339.68609202623	-27790.72315652505	-27790.723156525048	84118.57072540892	3562.1628262518207	-3828.9696138864892
1020000	-4786.643734534654	-983.8647044069959	-3802.779030127658	763.0	2.972731304228656E-5	9.792988933460064E-6	9.792988933460064E-6	2.043780981270196E-5	-0.3973015494477817	39944.23682361719	-19139.696119790653	-19139.696119790657	58099.90616278833	3629.2057753210433	-3802.779030127658
1030000	-4529.699277890353	-811.8257915996509	-3717.8734862907027	466.0	3.0999040563880176E-5	9.63669962901071E-6	9.63669962901071E-6	1.8493884883842193E-5	-0.40247612338294464	38494.706013413524	-20058.62594518699	-20058.62594518699	64523.97431363997	3679.849938465017	-3717.8734862907027
1040000	-4752.102753062909	-826.6063204428657	-3925.496432620043	534.0	2.573984358567259E-5	9.169715179799281E-6	9.169715179799281E-6	1.9937475513904632E-5	-0.4047788488906176	46463.05710715025	-21369.45571460048	-21369.455714600477	59985.11805650367	3580.508174827045	-3925.496432620043
1050000	-4689.405448428272	-953.6671665563779	-3735.7382818718947	431.0	3.2901292875855365E-5	9.811057996981437E-6	9.811057996981437E-6	1.9064758947304185E-5	-0.39173619595837467	35903.61181816588	-18476.62584262274	-18476.625842622743	61961.195050805174	3628.722233060888	-3735.7382818718947
1060000	-4755.55939210264	-920.3103394745755	-3835.2490526280644	910.0	2.6539398794697543E-5	9.285417694667592E-6	9.285417694667592E-6	1.9877685666986536E-5	-0.40427137839750565	45041.143643820775	-21039.966079803766	-21039.966079803766	60136.01851637659	3687.864506238117	-3835.2490526280644
1070000	-4727.63495406849	-927.8581655327723	-3799.7767885357175	362.0	2.944371822661298E-5	1.065854357242257E-5	1.065854357242257E-5	2.0971522350473557E-5	-0.4289301354785471	41620.48231825591	-21153.148392413037	-21153.148392413033	58434.563469198154	3594.8599447670254	-3799.7767885357175
1080000	-4763.514508407156	-941.7178977572088	-3821.7966106499475	792.0	2.7175219732501806E-5	9.59249927092158E-6	9.59249927092158E-6	1.8489640645531062E-5	-0.4279381525032281	45047.90036601509	-23371.030281326282	-23371.030281326282	66209.32306925034	3619.842276627465	-3821.7966106499475
1090000	-4769.764049915525	-946.1019190311938	-3823.662130884331	767.0	2.835141569531979E-5	8.006859811520375E-6	8.006859811520375E-6	1.7383778990358174E-5	-0.36066396584833815	40545.73558653988	-18675.11206720126	-18675.112067201262	66126.53122914721	3565.259228505995	-3823.662130884331
1100000	-4802.6097510005975	-993.4005250743994	-3809.209225926198	972.0	2.6536416964053638E-5	5.801253493488855E-6	5.801253493488855E-6	1.8040095953848894E-5	-0.26514368023810275	40533.623905711254	-13034.621760789578	-13034.621760789578	59623.69312102251	3651.412132046487	-3809.209225926198
1110000	-4639.979177949305	-845.0140269517034	-3794.965150997602	902.0	2.8659938083789286E-5	1.1592006604071985E-5	1.1592006604071985E-5	2.0921807818699535E-5	-0.47339252032997153	44969.62520833907	-24916.02049473901	-24916.02049473901	61602.07020782771	3577.4126391238005	-3794.965150997602
1120000	-4680.542499639687	-904.1881612827545	-3776.354338356932	90.0	2.8968155178150634E-5	7.120170742732137E-6	7.120170742732137E-6	1.5444007512789717E-5	-0.33662780632452416	38932.42061004573	-17949.06418828311	-17949.06418828311	73025.11351142921	3561.111629617012	-3776.354338356932
1130000	-4799.010682578158	-929.8583161046607	-3869.1523664734973	580.0	2.5626240746414068E-5	7.170057885918295E-6	7.170057885918295E-6	1.624742310682439E-5	-0.35138884120624797	44519.507738431515	-19646.65076045598	-19646.65076045598	70218.37344395202	3698.0512801066425	-3869.1523664734973
1140000	-4748.784379838833	-925.431473435629	-3823.3529064032045	426.0	2.3247444961779512E-5	8.295631123105043E-6	8.295631123105043E-6	1.5827256778092773E-5	-0.4324729951303319	52911.709941886205	-27732.91884530294	-27732.918845302942	77717.95718953814	3597.7554820901264	-3823.3529064032045
1150000	-4666.236122322928	-802.1996580152376	-3864.0364643076905	274.0	2.2449496820460865E-5	8.832196115246899E-6	8.832196115246899E-6	1.677383201669977E-5	-0.45514445225406314	56183.12653627342	-29583.007117399862	-29583.007117399866	75193.48705077686	3734.2368778003133	-3864.0364643076905
1160000	-4668.250209553064	-898.1133085343802	-3770.136901018684	565.0	3.277357964048083E-5	6.84491236921582E-6	6.84491236921582E-6	1.6666419101750567E-5	-0.292876687333152	33375.19877938836	-13707.222262644094	-13707.222262644094	65630.45898073405	3621.148249253616	-3770.136901018684
1170000	-4432.70878841928	-743.8226622164	-3688.88612620288	487.0	2.748638533625401E-5	6.368134368821611E-6	6.368134368821611E-6	1.8283323937781853E-5	-0.28407029755970786	39575.20638256469	-13784.158327864418	-13784.158327864418	59495.71183525846	3409.1134769843025	-3688.88612620288
1180000	-4670.681199998888	-865.0009811328276	-3805.6802188660604	322.0	2.910642496931721E-5	3.978048577231276E-6	3.978048577231276E-6	1.3899081112459982E-5	-0.1977801056018848	35755.31517854749	-10233.509648847747	-10233.509648847745	74876.12958569801	3533.125140996784	-3805.6802188660604
1190000	-4780.214484656033	-912.5570006842722	-3867.6574839717614	253.0	2.3968310228777354E-5	1.0220278027015224E-5	1.0220278027015224E-5	1.9305271673824745E-5	-0.4751229872633333	53886.10573165454	-28527.491955337897	-28527.491955337897	66901.87638996902	3576.794013348249	-3867.6574839717614
1200000	-4674.345348986551	-890.130144396804	-3784.2152045897465	608.0	3.334912949964814E-5	1.146799297210074E-5	1.146799297210074E-5	1.918178801845836E-5	-0.4534199486707031	37745.971182990266	-22566.745698320945	-22566.74569832094	65624.50173363445	3458.68928963442	-3784.2152045897465
1210000	-4736.220055372604	-907.1590575109949	-3829.0609978616094	661.0	2.4358469958532335E-5	8.500276694953272E-6	8.500276694953272E-6	1.7198874845109147E-5	-0.41529628107491323	49609.71968993215	-24518.833233059588	-24518.833233059588	70261.39079452981	3789.0878565513776	-3829.0609978616094
1220000	-4634.469334187816	-912.140010581852	-3722.329323605963	950.0	3.289422420846054E-5	9.950090214049133E-6	9.950090214049133E-6	1.9432650618042375E-5	-0.39355113838702527	35971.8899559644	-18418.66852169807	-18418.66852169807	60890.6853043995	3484.2590673909863	-3722.329323605963
1230000	-4868.9439377589415	-992.4543107222997	-3876.4896270366417	650.0	3.248696439843211E-5	8.407169265237222E-6	8.407169265237222E-6	1.9302204778647638E-5	-0.3357312486653267	34691.889833110065	-15110.221516277637	-15110.22151627764	58388.883697333695	3490.5766467666126	-3876.4896270366417
1240000	-4650.660856633032	-877.0688131472726	-3773.59204348576	633.0	2.3783151195656146E-5	7.474751413733354E-6	7.474751413733354E-6	1.7879873023325445E-5	-0.3624764872565042	48406.689235171965	-20236.60729149054	-20236.60729149054	64388.802283961304	3586.72196259024	-3773.59204348576
1250000	-4813.819683795761	-896.3114268467541	-3917.508256949007	423.0	3.192455799234149E-5	9.75679755654966E-6	9.75679755654966E-6	1.8019049054368896E-5	-0.4067980979345477	37535.37850606316	-20324.329446415977	-20324.329446415977	66501.86501327949	3459.699748497487	-3917.508256949007
1260000	-4809.624928076784	-977.708728701456	-3831.916199375328	888.0	2.4430199180187387E-5	1.083345178693805E-5	1.083345178693805E-5	2.0084800963971458E-5	-0.48906837973768025	53801.646888193456	-29019.831895105737	-29019.83189510574	65441.77122085734	3630.1860916390738	-3831.916199375328
1270000	-4809.8775099307195	-912.3268609844891	-3897.5506489462305	514.0	2.9553497765295334E-5	8.801075149944364E-6	8.801075149944364E-6	2.0140730282999654E-5	-0.36073948275025036	38898.98266117876	-16998.036558107804	-16998.036558107804	57078.41677020824	3748.04324996719	-3897.5506489462305
1280000	-4504.313536372881	-750.973128886527	-3753.3404074863533	649.0	2.9335775046940485E-5	7.819867223427687E-6	7.819867223427687E-6	1.536237342644177E-5	-0.36835912856548686	39439.56493120071	-20075.814625161005	-20075.814625161005	75313.24572409438	3367.068752023889	-3753.3404074863533
1290000	-4617.84960721733	-914.5793830775485	-3703.2702241397815	270.0	3.0688142301387065E-5	7.448955824259677E-6	7.448955824259677E-6	1.871414995830823E-5	-0.310831515904849	36070.91154164376	-14357.618551367681	-14357.618551367681	59150.389881282004	3247.789138054907	-3703.2702241397815
1300000	-4681.639224553883	-931.2869982484214	-3750.352226305461	78.0	2.9093194846912718E-5	9.276998985276904E-6	9.276998985276904E-6	2.140092496002602E-5	-0.37178813784973996	39885.53379409229	-17289.81608160229	-17289.816081602294	54221.84360779319	3822.8231191946034	-3750.352226305461
1310000	-4760.759014488881	-911.8837844990824	-3848.8752299897988	689.0	2.7179126664022412E-5	8.336465049638085E-6	8.336465049638085E-6	1.6699423673348453E-5	-0.3913032395392688	43445.19147644926	-21688.132920196287	-21688.132920196287	70709.1684826004	3657.9320392354016	-3848.8752299897988
1320000	-4651.185485595427	-887.7454274385279	-3763.440058156899	176.0	2.8375514880355475E-5	8.966363338057983E-6	8.966363338057983E-6	1.765049755291573E-5	-0.400650770283089	41980.38656965053	-21325.823701408117	-21325.823701408113	67489.03707779126	3594.314949365431	-3763.440058156899
1330000	-4684.529783084768	-966.8174354529745	-3717.7123476317934	450.0	3.577251410421586E-5	9.072469697825846E-6	9.072469697825846E-6	1.9578453614786475E-5	-0.342816408934228	31677.229104867918	-14678.92749956266	-14678.927499562658	57878.632665888574	3448.3614564789946	-3717.7123476317934
1340000	-4660.96894250124	-893.494206705304	-3767.474735795936	998.0	2.5830648239982053E-5	7.945987845458522E-6	7.945987845458522E-6	1.6841302223623877E-5	-0.38097143083327284	45286.557408461325	-21366.90084603578	-21366.900846035776	69459.06669715987	3548.3238965448177	-3767.474735795936
1350000	-4645.7903773860635	-862.3427537603172	-3783.4476236257465	886.0	2.6395610816576938E-5	7.657213617488083E-6	7.657213617488083E-6	1.7411606650709454E-5	-0.3571786415039865	43425.11417469418	-19097.3401978326	-19097.3401978326	65831.51322074818	3658.6985300004985	-3783.4476236257465
1360000	-4672.161541314952	-884.6826132886714	-3787.4789280262803	116.0	2.957365860967204E-5	9.251887901653812E-6	9.251887901653812E-6	1.9243876729352557E-5	-0.38782120495239547	39800.00656137432	-19134.66836072952	-19134.66836072952	61163.96520631795	3449.05059408476	-3787.4789280262803
1370000	-4680.602879756063	-868.1246731165746	-3812.4782066394882	559.0	2.8581470141098774E-5	9.64242625448416E-6	9.64242625448416E-6	2.0667262985780055E-5	-0.3967368686976443	41523.50977457063	-19373.023951170155	-19373.02395117016	57424.29249543511	3589.30030286191	-3812.4782066394882
1380000	-4776.236123798558	-851.8486511477897	-3924.387472650768	453.0	2.176459292111918E-5	8.590238832738838E-6	8.590238832738838E-6	1.7704383959025156E-5	-0.4376123344668504	56829.243394813144	-27573.779159733673	-27573.779159733673	69862.09468603355	3795.02075494305	-3924.387472650768
1390000	-4595.936881585072	-904.0996889239253	-3691.837192661147	222.0	3.405082283658323E-5	1.276444891845888E-5	1.276444891845888E-5	2.2503087333908207E-5	-0.4611234530643134	37298.9146423763	-21157.100961394346	-21157.100961394342	56439.31055498503	3436.7160179771986	-3691.837192661147
1400000	-4553.6859998981245	-860.7669675556698	-3692.9190323424546	27.0	3.498235603839727E-5	9.284353723129624E-6	9.284353723129624E-6	2.0579191494981E-5	-0.346029397225496	32474.178465465047	-14650.806850937202	-14650.806850937202	55202.52209181363	3203.7754726456824	-3692.9190323424546
1410000	-4576.376408870707	-878.48039478475	-3697.8960140859563	925.0	3.0428572644084997E-5	8.770331696912616E-6	8.770331696912616E-6	2.122110330777418E-5	-0.34513678451768726	37307.94894731369	-15418.759451567006	-15418.759451567003	53495.22210418096	3242.7483865597055	-3697.8960140859563
1420000	-4610.093591111552	-919.7708310433213	-3690.3227600682303	681.0	3.574996475383292E-5	9.05366299512484E-6	9.05366299512484E-6	2.1215983877873744E-5	-0.3287417989368374	31361.30890781394	-13383.057018320562	-13383.057018320562	52845.33088553503	3312.9698831981386	-3690.3227600682303
1430000	-4700.62826802023	-908.2045184335806	-3792.42374958665	421.0	2.8836667941127047E-5	9.821407905205789E-6	9.821407905205789E-6	1.994882365596249E-5	-0.40948930630468366	41664.42297310441	-20512.65278650047	-20512.652786500465	60227.26707872686	3443.77959184599	-3792.42374958665
1440000	-4651.706124601885	-881.4957981255869	-3770.210326476298	19.0	2.601610290430342E-5	7.721329623327954E-6	7.721329623327954E-6	1.906458609486674E-5	-0.34670274610914337	43689.30940694463	-17694.565057324427	-17694.565057324427	59619.73492071073	3360.2907726662647	-3770.210326476298
1450000	-4721.992587681983	-1015.8216168240417	-3706.170970857942	434.0	3.719944897272343E-5	9.653271505093816E-6	9.653271505093816E-6	2.2649825881426926E-5	-0.3325629270167238	30224.939519477644	-12881.756748770917	-12881.756748770915	49640.60656556476	3454.4052715400317	-3706.170970857942
1460000	-4657.786765990947	-910.8434458678106	-3746.9433201231363	904.0	3.044776198593806E-5	1.0105546515661221E-5	1.0105546515661221E-5	1.9269082195460312E-5	-0.41720701565196794	39764.636363872996	-20854.30838777284	-20854.30838777284	62833.51594970242	3471.4606095927206	-3746.9433201231363
1470000	-4710.401731974372	-911.3370621433072	-3799.0646698310647	964.0	2.4556348923112432E-5	4.8248979667657565E-6	4.8248979667657565E-6	1.746042813935607E-5	-0.23301227038129915	43060.63101243312	-11899.086858657134	-11899.086858657134	60560.47833141511	3371.22642711787	-3799.0646698310647
1480000	-4712.964324139775	-913.5538591544068	-3799.410464985368	535.0	3.1146146224671256E-5	9.487776323342924E-6	9.487776323342924E-6	1.877800794691883E-5	-0.3923173538121134	37947.276466818235	-19173.240964375145	-19173.240964375145	62941.25686838256	3448.4984825777274	-3799.410464985368
1490000	-4791.178893352974	-846.2708512318716	-3944.908042121103	139.0	1.9625268696668132E-5	7.708176185674648E-6	7.708176185674648E-6	1.3861402722911598E-5	-0.4673478361700545	65193.99830846823	-36253.6775862964	-36253.6775862964	92303.04896192117	3845.759633956805	-3944.908042121103
1500000	-4678.288216680296	-955.2707666265211	-3723.017450053774	260.0	3.5004083820167454E-5	9.890037017479746E-6	9.890037017479746E-6	1.9028357075809972E-5	-0.38321095266483246	33485.45562621799	-17404.15078249074	-17404.150782490742	61598.996215322964	3529.7893143609845	-3723.017450053774
1510000	-4745.15956786522	-881.7175263331479	-3863.4420415320724	784.0	2.6960622633006936E-5	9.732220827850998E-6	9.732220827850998E-6	1.7149062291870333E-5	-0.45261277412817613	46647.198366303324	-26472.63318395245	-26472.633183952446	73335.64311776486	3596.8619249631265	-3863.4420415320724
1520000	-4569.319493432084	-895.4502487581041	-3673.8692446739797	639.0	3.6834093474963027E-5	1.0343529579971485E-5	1.0343529579971485E-5	1.944664238993613E-5	-0.38647504272865446	31915.79918272609	-16975.784626234457	-16975.784626234457	60452.05680508955	3390.038351400667	-3673.8692446739797
1530000	-4637.812656870619	-833.4632925420129	-3804.3493643286065	712.0	2.6817572662066172E-5	8.260202773613475E-6	8.260202773613475E-6	2.02028955778337E-5	-0.3548739871898348	42661.59371772078	-17442.71821810181	-17442.718218101814	56629.52545573666	3392.012337977009	-3804.3493643286065
1540000	-4668.286182318492	-836.3240754416788	-3831.962106876813	712.0	2.096815197255107E-5	7.782730945190996E-6	7.782730945190996E-6	1.4288512155712835E-5	-0.4496332657814613	59776.36772688944	-32559.260322508326	-32559.260322508326	87720.8171995277	3571.0765024611305	-3831.962106876813
1550000	-4658.827535193139	-972.7625353526957	-3686.0649998404433	618.0	3.4821413142163876E-5	9.751612552967277E-6	9.751612552967277E-6	2.147414700816728E-5	-0.35661144798670835	32902.18965163957	-14941.194428119054	-14941.194428119055	53352.56104495443	3418.7702222912835	-3686.0649998404433
1560000	-4675.843192859291	-955.5305442074657	-3720.3126486518254	750.0	3.446225381917423E-5	9.815179185485499E-6	9.815179185485499E-6	1.8589357326586056E-5	-0.3877878575810367	34153.19210300165	-18032.882705839773	-18032.882705839773	63315.58183054281	3544.142744710445	-3720.3126486518254
1570000	-4692.272909607506	-951.1270972089353	-3741.1458123985713	719.0	3.138303429401085E-5	9.491466365223808E-6	9.491466365223808E-6	1.9206313516057095E-5	-0.38660177214443964	37463.711531929446	-18513.99320460299	-18513.99320460299	61215.54471161411	3295.4390561297455	-3741.1458123985713
1580000	-4746.439621993078	-1026.331073364985	-3720.1085486280926	683.0	3.197994740617628E-5	8.628309765240833E-6	8.628309765240833E-6	2.135474897044368E-5	-0.33017152864789406	35095.46520258869	-14180.196898698285	-14180.196898698285	52557.44906800267	3387.5283489778553	-3720.1085486280926
1590000	-4700.370380840564	-940.0493489953479	-3760.321031845216	836.0	2.7388025685017745E-5	4.8104741227672466E-6	4.8104741227672466E-6	1.7577460289328968E-5	-0.21924487831760822	38356.016055224136	-10497.001253253555	-10497.001253253555	59763.78473363259	3595.4475567325567	-3760.321031845216
1600000	-4870.431124294858	-936.5606235216115	-3933.870500773246	294.0	2.0839738444805837E-5	8.249496731553891E-6	8.249496731553891E-6	1.652250405137269E-5	-0.44457331316688103	59805.53859812716	-29860.219350533687	-29860.219350533687	75432.3786552296	3736.7968260711395	-3933.870500773246
1610000	-4567.970040025232	-972.5302022259395	-3595.439837799293	235.0	4.9979752132663995E-5	1.3544471742103046E-5	1.3544471742103046E-5	2.5079504049363935E-5	-0.38256527798385537	23438.467237345067	-12658.211125290563	-12658.211125290563	46709.407833038174	3264.37541741617	-3595.439837799293
1620000	-4899.482360667184	-904.0528966550572	-3995.429464012127	784.0	1.5992610648750636E-5	4.871176877752804E-6	4.871176877752804E-6	1.3582863147918252E-5	-0.3305053964285191	70196.73533673893	-25174.42091128354	-25174.42091128354	82650.39887602183	3813.2876938287604	-3995.429464012127
1630000	-4566.0823044939125	-816.433140055772	-3749.6491644381404	712.0	3.189245066657652E-5	1.1605326185952092E-5	1.1605326185952092E-5	1.8888410204269115E-5	-0.47284162627932186	40384.5221198203	-24812.86392003404	-24812.863920034048	68187.91870098919	3385.9107011114725	-3749.6491644381404
1640000	-4849.277678699561	-951.9812190305325	-3897.2964596690285	791.0	2.6387830606527954E-5	1.0116842751839826E-5	1.0116842751839826E-5	1.775275354260312E-5	-0.4674232319886615	48490.727991815125	-27633.632655247115	-27633.63265524712	72076.9943189115	3679.535343563561	-3897.2964596690285
1650000	-4617.5964003117315	-818.3390627294013	-3799.2573375823304	636.0	2.5661380320129387E-5	8.500598645397692E-6	8.500598645397692E-6	1.3839973523356226E-5	-0.4510678515540474	48923.05853944055	-30048.849764578856	-30048.84976457886	90710.66570220521	3924.827657675469	-3799.2573375823304
1660000	-4653.77684268534	-847.0252988367473	-3806.751543848593	483.0	2.915785770178834E-5	1.0205359395478108E-5	1.0205359395478108E-5	1.7647230768080205E-5	-0.4498960861628366	42999.43760954635	-24866.49154056465	-24866.49154056465	71046.3584657069	3506.7665399667662	-3806.751543848593
1670000	-4830.78013520066	-955.212064148794	-3875.5680710518664	574.0	2.447642967575877E-5	7.288206738673263E-6	7.288206738673263E-6	1.4756482574897691E-5	-0.3834910427308383	47900.074509552214	-23657.7818630935	-23657.781863093496	79451.37326906569	3783.6878937654797	-3875.5680710518664
1680000	-4748.932682890565	-1002.8613187239434	-3746.071364166622	557.0	3.353715717829455E-5	9.34047432975082E-6	9.34047432975082E-6	2.1680704006331444E-5	-0.3463930086292439	33883.26222783157	-14597.576764797517	-14597.576764797519	52412.88708689113	3485.475888051842	-3746.071364166622
1690000	-4653.490247615195	-933.9729572917557	-3719.517290323439	171.0	3.2461585096633374E-5	6.802242453124333E-6	6.802242453124333E-6	2.0883727674690452E-5	-0.2612541726294777	33062.26637003814	-10769.032971605817	-10769.032971605817	51391.85829162375	3513.2104786975133	-3719.517290323439
1700000	-4689.922453432584	-926.1085654086014	-3763.8138880239826	15.0	3.138462455842312E-5	7.99662973176755E-6	7.99662973176755E-6	1.9269176878824038E-5	-0.32517484119099643	35630.22908094369	-14786.399596107258	-14786.39959610726	58032.648185658836	3399.0022111773815	-3763.8138880239826
1710000	-4723.701244869898	-960.1260975722462	-3763.5751472976517	714.0	3.738337704165782E-5	1.0339096552724419E-5	1.0339096552724419E-5	2.1570291764483753E-5	-0.3640955037393076	30837.900004805822	-14781.256976686936	-14781.256976686935	53445.02780211645	3471.7998012174335	-3763.5751472976517
1720000	-4612.54207395535	-882.1650644430619	-3730.377009512288	226.0	3.438131030376894E-5	1.0721711550118917E-5	1.0721711550118917E-5	1.9104080079731294E-5	-0.4183500662536077	35255.953094540426	-19786.566949393862	-19786.566949393862	63449.5803168538	3310.9189856678286	-3730.377009512288
1730000	-4581.632597674431	-851.961627844423	-3729.670969830008	398.0	3.087876549338034E-5	9.998920656823818E-6	9.998920656823818E-6	2.212946657897111E-5	-0.38250550049037035	37935.00184044292	-17140.452625256636	-17140.452625256632	52933.31502780629	3274.4278749104296	-3729.670969830008
1740000	-4610.137750218891	-824.3665703866995	-3785.771179832191	108.0	3.141352255342968E-5	9.08229215563003E-6	9.08229215563003E-6	1.7401877831755316E-5	-0.38845354661085296	37490.61418516982	-19566.89470043094	-19566.89470043094	67677.30848556173	3365.239219050653	-3785.771179832191
1750000	-4592.804015192882	-859.7889775121558	-3733.0150376807255	680.0	3.254621730320078E-5	1.054950452880849E-5	1.054950452880849E-5	2.0883296132461028E-5	-0.4046525481310214	36741.76961838149	-18560.64591178478	-18560.64591178478	57261.34468998992	3385.38161988063	-3733.0150376807255
1760000	-4704.888872785998	-951.3134524550599	-3753.575420330938	912.0	3.510163451755244E-5	1.21249760019159E-5	1.21249760019159E-5	2.054868568558837E-5	-0.4514661497440609	35781.81078826792	-21113.447533879164	-21113.447533879164	61123.13283116103	3452.321885158069	-3753.575420330938
1770000	-4783.251697212573	-921.4584952366454	-3861.793201975928	330.0	2.318902481680658E-5	7.657697647585399E-6	7.657697647585399E-6	1.59489146114102E-5	-0.39819096882207655	51249.81726804349	-24607.041588391654	-24607.041588391654	74514.99449594092	3667.7445078151795	-3861.793201975928
1780000	-4737.286481411774	-909.0672954845936	-3828.21918592718	99.0	2.5080098059072696E-5	8.576019958652422E-6	8.576019958652422E-6	1.6501176382675013E-5	-0.42156419225113917	48489.65838105483	-25201.129205598532	-25201.12920559853	73699.31445158244	3607.1041590536433	-3828.21918592718
1790000	-4599.720407635901	-736.198173883954	-3863.522233751947	566.0	1.8166589763997237E-5	6.414983131237696E-6	6.414983131237696E-6	1.3921288263715782E-5	-0.40338440198694847	65743.88166718729	-30295.03332506413	-30295.033325064127	85792.50031431962	3784.106817496524	-3863.522233751947
1800000	-4641.502423339345	-857.4012933143359	-3784.1011300250093	510.0	2.7611044756882744E-5	7.717047964571758E-6	7.717047964571758E-6	1.5205135030012468E-5	-0.3766297647342456	42204.031931600955	-21419.77286433974	-21419.772864339735	76638.41276543973	3644.0007485685137	-3784.1011300250093
1810000	-4611.527013340174	-932.1821835767919	-3679.3448297633813	762.0	3.568519395144917E-5	1.363461388181742E-5	1.363461388181742E-5	2.5931351045886163E-5	-0.4482148494284911	35067.8333069797	-18438.544369189658	-18438.544369189658	48258.28129056108	3394.465403027695	-3679.3448297633813
1820000	-4937.813310295072	-1013.7708488361765	-3924.0424614588956	881.0	2.1744966128497103E-5	7.541965251231513E-6	7.541965251231513E-6	1.766732906447702E-5	-0.3847863968908776	53979.95847256046	-23043.379651627176	-23043.37965162717	66438.58640543488	3644.722144887127	-3924.0424614588956
1830000	-4750.279388315626	-846.8103239915765	-3903.4690643240497	188.0	2.299147522249265E-5	7.81878533653471E-6	7.81878533653471E-6	1.533648278359042E-5	-0.4163829952930309	52616.81070357003	-26824.895498495996	-26824.895498495993	78879.76119740443	3612.0705283501857	-3903.4690643240497
1840000	-4743.70601949626	-958.2877401707423	-3785.4182793255177	608.0	2.6974814132868735E-5	7.089054484836464E-6	7.089054484836464E-6	2.0624320279238678E-5	-0.3005517504150421	40752.88073248428	-14007.704885064342	-14007.704885064344	53301.21760397286	3459.6681068250787	-3785.4182793255177
1850000	-4600.296542400363	-940.5147045558894	-3659.7818378444736	152.0	3.2051138163250137E-5	8.941019093546085E-6	8.941019093546085E-6	2.446155200158746E-5	-0.31931791887499283	34742.63587447495	-12698.890515762889	-12698.890515762889	45522.09207723299	3277.985507388013	-3659.7818378444736
1860000	-4737.766783220481	-934.8916386512218	-3802.875144569259	114.0	2.8633218272255297E-5	8.99583016170184E-6	8.99583016170184E-6	1.8960122720839436E-5	-0.3860873688155839	41042.391726579335	-19472.99555168692	-19472.995551686923	61981.44273775679	3556.180740244777	-3802.875144569259
1870000	-4646.040664486946	-888.1977514373019	-3757.8429130496443	75.0	3.2645197033980355E-5	1.0414454345428382E-5	1.0414454345428382E-5	2.0049329413206E-5	-0.4070773584279514	36716.78921042175	-19072.22516334072	-19072.22516334072	59783.88571140121	3483.48012692509	-3757.8429130496443
1880000	-4627.609779806321	-878.639774388014	-3748.9700054183068	16.0	2.9193806096642808E-5	1.049967536872693E-5	1.049967536872693E-5	1.844107139770976E-5	-0.4525196446873841	43074.34931487191	-24524.967924665612	-24524.967924665612	68190.4090341303	3520.859315360193	-3748.9700054183068
1890000	-4505.460218183343	-828.1651487120505	-3677.2950694712927	482.0	2.847125457239269E-5	9.386263152713663E-6	9.386263152713663E-6	1.943027182551104E-5	-0.39907083108554675	41776.341846647054	-20181.073206372384	-20181.073206372388	61215.039835805626	3582.4827317473946	-3677.2950694712927
1900000	-4736.383652772615	-864.1529556336735	-3872.2306971389417	305.0	2.1386860051976467E-5	5.9258001398326536E-6	5.9258001398326536E-6	1.4728767322179575E-5	-0.33387990816584856	52623.98207658646	-21172.118041297217	-21172.118041297217	76412.48689935349	3672.880448451499	-3872.2306971389417
1910000	-4569.862403387449	-761.0958003281868	-3808.7666030592623	517.0	2.252653282676882E-5	7.067230292040615E-6	7.067230292040615E-6	1.5652946443532977E-5	-0.3763604833107763	51717.77426130587	-23350.327186957602	-23350.3271869576	74428.29654004572	3663.0474129252293	-3808.7666030592623
1920000	-4541.55067432589	-849.6270891296557	-3691.923585196235	94.0	3.365247245048321E-5	8.91018396279752E-6	8.91018396279752E-6	2.04843400424901E-5	-0.33936511244288997	33583.23555322016	-14607.881250968467	-14607.881250968469	55171.84868580449	3423.25282636464	-3691.923585196235
1930000	-4656.238498688285	-905.8542807705027	-3750.3842179177823	494.0	2.954343484325121E-5	7.564090077331116E-6	7.564090077331116E-6	1.744839000311642E-5	-0.3331566746895204	38074.48285791056	-16505.753134449427	-16505.75313444943	64467.323535424104	3524.261695229167	-3750.3842179177823
1940000	-4621.300877793878	-911.9670613912022	-3709.333816402675	973.0	3.840506591569303E-5	1.1163271148040911E-5	1.1163271148040911E-5	2.0401000598416468E-5	-0.39881499768927936	30963.002466074846	-16942.717609305997	-16942.717609305997	58288.12880627392	3418.6733268402513	-3709.333816402675
1950000	-4737.390351340981	-938.2379487230572	-3799.152402617924	458.0	2.9469501124238475E-5	9.921934067571486E-6	9.921934067571486E-6	1.7197044098709617E-5	-0.44074058354298057	42114.1578961154	-24298.007003884217	-24298.007003884224	72168.40384558032	3623.932721165143	-3799.152402617924
1960000	-4659.706842377747	-807.8381337512328	-3851.868708626515	72.0	2.038448970210072E-5	7.32724326920569E-6	7.32724326920569E-6	1.551748423409295E-5	-0.4119836986708528	59085.52614883013	-27899.755994615894	-27899.755994615894	77617.49785946752	3571.5417160839993	-3851.868708626515
1970000	-4606.12929992171	-874.9864574733134	-3731.142842448397	544.0	2.9025965572248273E-5	7.274846115489319E-6	7.274846115489319E-6	1.8072776467008517E-5	-0.3176274549245662	38317.67449498907	-15424.037693561768	-15424.037693561768	61540.48896308106	3402.2408014486023	-3731.142842448397
1980000	-4657.686166164062	-842.2848947287931	-3815.4012714352693	735.0	2.701783170186689E-5	7.501839827835713E-6	7.501839827835713E-6	1.586356858950551E-5	-0.3623615393227964	42607.16407892512	-20148.81573682375	-20148.81573682375	72565.8405221489	3644.5549091024045	-3815.4012714352693
1990000	-4633.504269261547	-904.5812717114542	-3728.9229975500925	44.0	2.9206974367425683E-5	7.354383950791409E-6	7.354383950791409E-6	1.7911629537684083E-5	-0.3215403391320757	38186.42267380383	-15679.06557354309	-15679.06557354309	62267.35908483274	3481.651817336122	-3728.9229975500925
2000000	-4807.22751838066	-919.217309664485	-3888.010208716175	200.0	2.5432939159173485E-5	6.719047257898686E-6	6.719047257898686E-6	1.5528363472524124E-5	-0.33810109358373924	44393.85492464035	-19209.004846308566	-19209.00484630857	72709.92937132888	3440.2955966478344	-3888.010208716175
2010000	-4764.155038746826	-971.8705521101297	-3792.2844866366963	398.0	3.3566561932627576E-5	8.300814356497043E-6	8.300814356497043E-6	1.9262819537033732E-5	-0.3264429868233909	33344.95909049289	-14369.148535240482	-14369.148535240482	58105.49345074325	3384.870746783792	-3792.2844866366963
2020000	-4574.639065435405	-876.495752686462	-3698.1433127489436	515.0	3.13139063654805E-5	8.970847416188342E-6	8.970847416188342E-6	2.1109116813357273E-5	-0.34892317365892744	36361.62619646321	-15452.782951418469	-15452.782951418467	53939.94301515073	3344.1541113207654	-3698.1433127489436
2030000	-4823.112327481777	-992.8156374457088	-3830.296690036069	444.0	2.918735394764022E-5	8.934273793487449E-6	8.934273793487449E-6	1.7029245903713542E-5	-0.40074137748934585	40816.24290610835	-21413.954053311325	-21413.954053311325	69957.1863163744	3548.0781415335227	-3830.296690036069
2040000	-4811.724590729627	-950.6121688851227	-3861.1124218445043	761.0	2.1890720760511772E-5	6.614686502982527E-6	6.614686502982527E-6	1.789160238543615E-5	-0.3342370707005225	51426.54246089023	-19012.85580703542	-19012.85580703542	62921.36704347552	3580.8436927731573	-3861.1124218445043
2050000	-4694.273784275797	-910.0534424498873	-3784.22034182591	718.0	3.0488431624829845E-5	9.49850006917719E-6	9.49850006917719E-6	1.8175051815697706E-5	-0.4035056863422234	39178.195715164446	-20474.994981269687	-20474.99498126968	65720.9538304768	3639.542791586829	-3784.22034182591
2060000	-4706.913195965281	-902.6135256697331	-3804.2996702955484	710.0	2.6833877153936994E-5	9.989036710826511E-6	9.989036710826511E-6	1.963920900597272E-5	-0.43513087453402116	45970.28828790924	-23381.74094361697	-23381.740943616973	62811.138079627955	3508.667263044744	-3804.2996702955484
2070000	-4625.629696936162	-942.3053360673048	-3683.324360868857	209.0	3.306267996430374E-5	9.717091072809081E-6	9.717091072809081E-6	2.123869925771423E-5	-0.3666935651034302	34944.34434278577	-15987.672895510186	-15987.672895510186	54398.51374835543	3444.7406035542544	-3683.324360868857
2080000	-4712.934844295642	-950.1446385567467	-3762.790205738895	764.0	2.654285831887484E-5	1.1172774136078055E-5	1.1172774136078055E-5	2.402235148485649E-5	-0.44246550294624715	46846.28230768305	-21788.16389680425	-21788.163896804246	51761.55360322222	3615.2150774908214	-3762.790205738895
2090000	-4708.0054620718	-928.2334956062523	-3779.771966465548	958.0	2.8819813467450884E-5	9.697816252530555E-6	9.697816252530555E-6	1.8014572856298233E-5	-0.4256144692276168	42374.369444885466	-22811.467802838997	-22811.467802838997	67790.75101830614	3628.5657637437544	-3779.771966465548
2100000	-4774.16392543246	-912.9220488360014	-3861.241876596459	483.0	2.40000083729272E-5	7.743247035339411E-6	7.743247035339411E-6	1.652494954528781E-5	-0.3888188820550424	49087.7431849156	-23001.493641261226	-23001.493641261222	71292.57757897473	3662.3067741812883	-3861.241876596459
2110000	-4552.224115240437	-845.5899294205185	-3706.6341858199185	30.0	3.154084497446493E-5	9.54634165008034E-6	9.54634165008034E-6	1.9721187528463986E-5	-0.3827663755265757	37147.38861211708	-17981.760103834564	-17981.760103834564	59411.230876939255	3492.671246052812	-3706.6341858199185
2120000	-4740.8342826937005	-914.2581141394435	-3826.5761685542575	658.0	2.579289948090972E-5	9.29139084193729E-6	9.29139084193729E-6	1.8449423339183898E-5	-0.42593099819461894	47362.784542006	-23852.5689639094	-23852.5689639094	66214.72760253673	3620.4750508129337	-3826.5761685542575
2130000	-4727.5469777916405	-908.217720126902	-3819.329257664738	671.0	2.948838891595032E-5	9.789985515987384E-6	9.789985515987384E-6	1.8395718846172535E-5	-0.4203375075954766	41189.09014043888	-21920.350015324067	-21920.35001532407	66026.22704293557	3587.5485827415246	-3819.329257664738
2140000	-4638.500770497722	-901.8308618696444	-3736.6699086280782	291.0	2.907891188124668E-5	8.127452027357779E-6	8.127452027357779E-6	1.9460429089865795E-5	-0.3416560637681271	38933.891204934065	-16260.347166304482	-16260.347166304478	58177.29847138383	3479.1893431194812	-3736.6699086280782
2150000	-4661.902742274787	-964.0907812264456	-3697.8119610483413	387.0	3.417512119419134E-5	1.0096242274581093E-5	1.0096242274581093E-5	2.2907501497300667E-5	-0.36084099366008976	33641.36742703454	-14827.081689007626	-14827.081689007624	50188.70386596732	3602.903766421467	-3697.8119610483413
2160000	-4849.8790901299235	-1043.0094100617548	-3806.8696800681687	828.0	3.093197609516204E-5	1.0663682448714449E-5	1.0663682448714449E-5	2.1028651946903726E-5	-0.4181168351759779	39178.20452398242	-19867.366344234502	-19867.3663442345	57628.95733150544	3578.0695987688755	-3806.8696800681687
2170000	-4783.473979768308	-854.2702119636109	-3929.2037678046972	405.0	2.667351421603092E-5	6.975743265996356E-6	6.975743265996356E-6	1.7146487736605123E-5	-0.32618409690373595	41954.1271478275	-17068.2896945376	-17068.2896945376	65264.91163025274	3629.9961751925193	-3929.2037678046972
2180000	-4668.590180485598	-806.4700510921147	-3862.120129393483	599.0	2.310173673841231E-5	5.192068063383645E-6	5.192068063383645E-6	1.2664782631257526E-5	-0.30354227982956744	47679.91700995748	-19546.9106403133	-19546.9106403133	86972.58551874683	3462.005142471718	-3862.120129393483
2190000	-4669.620488728042	-975.3956952118601	-3694.224793516182	206.0	3.385089690465774E-5	1.0931550336428582E-5	1.0931550336428582E-5	2.3563072720378958E-5	-0.38706215215551626	34747.0115945199	-16120.083776571775	-16120.083776571777	49917.83207517612	3555.995436521412	-3694.224793516182
2200000	-4720.975578960568	-926.2520715579362	-3794.723507402632	743.0	2.571648729736341E-5	6.397954957070041E-6	6.397954957070041E-6	2.0394604397405003E-5	-0.2793686776875004	42177.370899778296	-13231.387771304539	-13231.387771304535	53183.37153518626	3721.776164672204	-3794.723507402632
2210000	-4606.611208326186	-745.2160701796698	-3861.395138146516	159.0	2.0985365572631733E-5	8.575061193843492E-6	8.575061193843492E-6	1.4972530496614068E-5	-0.48376155901830004	62211.26108074933	-35629.60655409845	-35629.60655409844	87194.75019998768	3808.9259184314938	-3861.395138146516
2220000	-4622.601578558348	-902.2690871587506	-3720.3324913995975	209.0	3.104886085021946E-5	6.777685535888379E-6	6.777685535888379E-6	1.860119201236669E-5	-0.2820253790542792	34990.37632520478	-12749.385488680718	-12749.385488680718	58405.46804182303	3399.354837961946	-3720.3324913995975
2230000	-4625.565454519168	-896.6633111860497	-3728.902143333119	275.0	3.2244107843269306E-5	1.0314899561396958E-5	1.0314899561396958E-5	1.978134016590507E-5	-0.40842466862666454	37222.535788898036	-19409.540246659013	-19409.540246659013	60673.71816626691	3552.2172400751633	-3728.902143333119
2240000	-4695.806452152042	-1018.7416460441863	-3677.064806107856	390.0	3.169501432388501E-5	9.469723641202201E-6	9.469723641202201E-6	2.4720012321172817E-5	-0.33831206604687464	35628.573867247345	-13648.567155608269	-13648.567155608269	45681.53706358765	3498.5829296172847	-3677.064806107856
2250000	-4763.231210365099	-988.2987261197524	-3774.9324842453466	88.0	2.8250056856241475E-5	9.282208810188096E-6	9.282208810188096E-6	2.0443607126593185E-5	-0.38624503310818625	41605.011937868396	-18890.32625046433	-18890.32625046433	57492.0044917363	3380.7045001365746	-3774.9324842453466
2260000	-4616.055230759489	-909.107514459744	-3706.9477162997446	909.0	3.914086134615358E-5	1.3245630478573298E-5	1.3245630478573298E-5	2.0213711777992812E-5	-0.4709062031141403	32828.57049549692	-21511.888499199944	-21511.888499199948	63567.66832678493	3366.1951613201763	-3706.9477162997446
2270000	-4502.465225881546	-809.9880374435984	-3692.477188437947	312.0	3.060421011443341E-5	1.0515491230330103E-5	1.0515491230330103E-5	2.0848464554721244E-5	-0.41629571460629966	39525.011245320144	-19935.516499930553	-19935.516499930553	58020.1839685692	3418.1713521355255	-3692.477188437947
2280000	-4729.3500022769895	-919.4287372091519	-3809.921265067838	8.0	2.6221758178746858E-5	7.998161190382236E-6	7.998161190382236E-6	1.8580639160799518E-5	-0.3623505490951069	43900.28411173576	-18897.17278240983	-18897.172782409827	61953.877043414075	3659.9312789889486	-3809.921265067838
2290000	-4850.74108677698	-927.3847007867788	-3923.3563859902015	315.0	3.2337181218981416E-5	8.594532388913273E-6	8.594532388913273E-6	1.9072134855645076E-5	-0.3460760282326685	35131.847689219285	-15831.568155989242	-15831.568155989242	59566.74142054311	3673.6037827064197	-3923.3563859902015
2300000	-4798.00031023221	-872.5718413281352	-3925.428468904074	299.0	2.0156753661256777E-5	6.277759186027712E-6	6.277759186027712E-6	1.4752991748741365E-5	-0.3640443610366232	57190.52649421925	-24335.96921678454	-24335.96921678454	78138.41246131684	3700.045433176843	-3925.428468904074
2310000	-4712.591803969945	-923.3886986854178	-3789.2031052845277	840.0	2.9654314257336192E-5	1.0400041241329567E-5	1.0400041241329567E-5	1.9204716718001518E-5	-0.4357999398550582	41627.95299117041	-22543.025979367456	-22543.025979367456	64278.39670931864	3645.865246613911	-3789.2031052845277
2320000	-4663.547323158925	-917.3686020621722	-3746.1787210967527	643.0	3.2900703762861274E-5	1.005639855145845E-5	1.005639855145845E-5	2.125810990864718E-5	-0.3802572988273981	35532.301544860646	-16808.97254371477	-16808.97254371477	54992.552591168394	3381.921349667392	-3746.1787210967527
2330000	-4613.497842279425	-909.8675768687034	-3703.630265410721	705.0	3.5803272122106515E-5	9.3353319714081E-6	9.3353319714081E-6	1.9212993341933155E-5	-0.3559351599740171	31982.231825096645	-15539.731157985694	-15539.731157985694	59598.65434435304	3409.9276332334366	-3703.630265410721
2340000	-4631.763775926425	-888.5630913292923	-3743.2006845971327	709.0	3.0971430267697656E-5	8.365653110926064E-6	8.365653110926064E-6	1.9222343716388044E-5	-0.3428593931213908	36588.94544036714	-15923.678702496274	-15923.678702496274	58952.851379345746	3530.2749334668797	-3743.2006845971327
2350000	-4651.266047042812	-915.2675838454884	-3735.9984631973234	200.0	3.0176383162000182E-5	1.0092816040556591E-5	1.0092816040556591E-5	1.921946135570675E-5	-0.4190908305086875	40198.92033065514	-21109.868815643156	-21109.868815643156	63116.130059304734	3254.5893849331865	-3735.9984631973234
2360000	-4716.576869950878	-976.7707625258877	-3739.8061074249904	995.0	3.3627995938737075E-5	1.0664590013875838E-5	1.0664590013875838E-5	2.1502050820622252E-5	-0.3966009307533116	35287.59421072366	-17501.945650340334	-17501.94565034033	55187.809046936134	3367.754720601495	-3739.8061074249904
2370000	-4701.551439221015	-1021.7184098573777	-3679.8330293636377	377.0	3.934431511406522E-5	1.3049262058484213E-5	1.3049262058484213E-5	2.630183546453642E-5	-0.4056504196892936	30422.76783987866	-15093.800986713739	-15093.80098671374	45508.72375991164	3475.101657381467	-3679.8330293636377
2380000	-4644.9709961269045	-885.172745949668	-3759.7982501772367	115.0	2.8613983950441912E-5	1.0710124669078294E-5	1.0710124669078294E-5	1.8777487578788562E-5	-0.4620474948236809	44434.086434935365	-25343.891363418545	-25343.891363418545	67710.66846759786	3487.3584597319327	-3759.7982501772367
2390000	-4513.36939426589	-806.8359052202991	-3706.5334890455906	643.0	2.893384159772246E-5	7.614945486747027E-6	7.614945486747027E-6	1.7673660191395077E-5	-0.3367444902532804	38982.046154107964	-16795.96377947318	-16795.963779473175	63818.15291023961	3260.028644555163	-3706.5334890455906
2400000	-4625.174529564709	-882.116733915035	-3743.057795649674	285.0	3.1071799609638554E-5	8.080278809105274E-6	8.080278809105274E-6	1.8030879181638284E-5	-0.3413773407079161	36428.891714986086	-16325.083142010586	-16325.083142010588	62776.26354026873	3265.182663961674	-3743.057795649674
2410000	-4672.165210777571	-915.371649578538	-3756.7935611990324	460.0	3.15712526647803E-5	7.60415438290099E-6	7.60415438290099E-6	1.83322157770673E-5	-0.3160803796867395	35190.11681357926	-14596.766929697602	-14596.7669296976	60603.47983763347	3440.4013763947714	-3756.7935611990324
2420000	-4514.608639129218	-808.0006730868525	-3706.6079660423657	38.0	2.8218316141121677E-5	8.012773440529357E-6	8.012773440529357E-6	1.9673554556328544E-5	-0.34007593358994687	40072.416331434186	-16320.954729305024	-16320.954729305024	57476.96021791404	3395.357021193139	-3706.6079660423657
2430000	-4576.571670275551	-917.825245484415	-3658.7464247911357	902.0	3.917365961068278E-5	1.025535161199176E-5	1.025535161199176E-5	1.9549242716188523E-5	-0.370585577220796	29591.229273516303	-15523.28472446015	-15523.284724460149	59296.247934068604	3419.8626057041583	-3658.7464247911357
2440000	-4604.474234913339	-981.2976996074335	-3623.1765353059063	667.0	3.961976951387894E-5	1.3131241482248974E-5	1.3131241482248974E-5	2.8197712668516395E-5	-0.39286457995024243	29846.51239366347	-13899.062177540536	-13899.062177540536	41936.44909185803	3386.04611483631	-3623.1765353059063
2450000	-4711.492846116388	-997.052187954067	-3714.440658162321	595.0	3.225385701179298E-5	8.901278168657642E-6	8.901278168657642E-6	2.178267138147029E-5	-0.3358195498616977	34944.95297609011	-14279.917351892915	-14279.917351892913	51743.40175436104	3374.8682725904564	-3714.440658162321
2460000	-4750.956392526954	-978.962488998488	-3771.9939035284665	485.0	3.488868841758423E-5	9.387184691697898E-6	9.387184691697898E-6	1.9561032456171747E-5	-0.3593330421616744	32912.21846611528	-15794.31321159409	-15794.313211594092	58701.61187905327	3511.0518354189194	-3771.9939035284665
2470000	-4686.625285630249	-947.045758614036	-3739.5795270162125	236.0	3.1087928905615E-5	7.815556338155134E-6	7.815556338155134E-6	1.8959240403648136E-5	-0.3219241341272793	35885.86270336404	-14793.207730383234	-14793.207730383236	58842.924330669666	3449.0488734352066	-3739.5795270162125
2480000	-4817.65082916649	-993.3325146990696	-3824.318314467421	55.0	2.9258625449973873E-5	1.0405010158480964E-5	1.0405010158480964E-5	2.120403501640172E-5	-0.41774022129782257	41403.07803446661	-20316.861729749722	-20316.861729749722	57130.501423406466	3624.3071713610316	-3824.318314467421
2490000	-4719.3504883211435	-958.6138912229316	-3760.736597098212	944.0	3.26517468494604E-5	6.7998973364905985E-6	6.7998973364905985E-6	1.9278635240982003E-5	-0.2710260292008672	33054.23522459305	-11658.782027559906	-11658.782027559904	55983.13922977431	3411.002169736905	-3760.736597098212
2500000	-4781.811908237411	-995.9758008587509	-3785.8361073786605	712.0	4.270319059944985E-5	1.1990830104218164E-5	1.1990830104218164E-5	1.952177732642509E-5	-0.4152975889678579	28298.083494245944	-17381.48662289965	-17381.48662289965	61901.04685899627	3510.5198835791443	-3785.8361073786605
2510000	-4611.3186206387745	-915.6402939311462	-3695.6783267076285	30.0	3.1395955610425304E-5	8.2041172457384E-6	8.2041172457384E-6	1.8928122601265876E-5	-0.3365435216404963	35919.53859552317	-15568.79740576012	-15568.797405760122	59579.5083880418	3521.8813779588213	-3695.6783267076285
2520000	-4655.360352097918	-958.5108402292257	-3696.849511868692	305.0	3.6730153094101865E-5	9.425132854181597E-6	9.425132854181597E-6	2.2699263601064236E-5	-0.3264150896128814	30472.31562869026	-12652.6405535682	-12652.640553568199	49307.891121239314	3320.8685004528916	-3696.849511868692
2530000	-4677.411988154493	-898.4176430068576	-3778.994345147635	447.0	2.713450587979137E-5	7.697546003532549E-6	7.697546003532549E-6	1.940459074063114E-5	-0.3354587239190754	41526.53090297035	-16473.028793305723	-16473.02879330572	58068.83082540794	3651.4058511202234	-3778.994345147635
2540000	-4663.710117915747	-880.3118249653662	-3783.3982929503804	996.0	2.434989774879628E-5	5.419090857842907E-6	5.419090857842907E-6	1.4380235495400457E-5	-0.28959753607213196	44827.46750433075	-16892.91662926302	-16892.91662926302	75905.86749549922	3561.5308023147595	-3783.3982929503804
2550000	-4682.9155169564565	-862.3926450476333	-3820.522871908823	675.0	2.4860946769481687E-5	9.467573305133507E-6	9.467573305133507E-6	1.6605594839537898E-5	-0.46596428022435055	51379.354233837505	-29293.609008276566	-29293.609008276562	76922.23030857253	3764.4743875226477	-3820.522871908823
2560000	-4615.449928350909	-895.2122037849588	-3720.237724565951	569.0	2.912611888556861E-5	7.6265314773434646E-6	7.6265314773434646E-6	2.1669366914582226E-5	-0.3035726533140165	37818.67636863798	-13310.279293982947	-13310.279293982947	50832.64630433392	3410.219816002405	-3720.237724565951
2570000	-4647.795799784511	-902.8248921425111	-3744.9709076419995	442.0	2.9691443390267997E-5	8.29501342621499E-6	8.29501342621499E-6	1.8827932323198147E-5	-0.35083274685179483	38407.010602049064	-16920.958878328	-16920.958878327998	60567.43573882036	3774.555523545153	-3744.9709076419995
2580000	-4563.040022911397	-838.9278866415318	-3724.1121362698645	809.0	2.9497199711224607E-5	9.0112436568568E-6	9.0112436568568E-6	2.092622506679106E-5	-0.3627011165678259	39036.91077694006	-16810.060749094697	-16810.060749094697	55025.669924768285	3338.2040757596546	-3724.1121362698645
2590000	-4616.908413195066	-954.7790957213135	-3662.129317473752	822.0	4.126770481942173E-5	1.2502594920108426E-5	1.2502594920108426E-5	2.506544650298814E-5	-0.38873825427516007	28545.79012011046	-14238.583402199814	-14238.583402199813	46997.736121455	3536.696439129307	-3662.129317473752
2600000	-4707.6890287183405	-968.2628966218781	-3739.4261320964624	381.0	3.065251787105932E-5	1.2078953887900937E-5	1.2078953887900937E-5	2.161185538326735E-5	-0.4692996386171714	41838.305862806475	-23383.599339462748	-23383.599339462748	59340.08882677599	3655.7566186213994	-3739.4261320964624
2610000	-4752.824195546672	-926.5355972070084	-3826.2885983396636	855.0	2.526451233052188E-5	9.316933536605985E-6	9.316933536605985E-6	2.0319365043874858E-5	-0.41120886735261747	47636.13560140413	-21842.35129300066	-21842.351293000662	59229.396818326044	3420.2904839783014	-3826.2885983396636
2620000	-4712.4303783574915	-860.4056609225954	-3852.024717434896	320.0	2.689983557402215E-5	1.0024537792844404E-5	1.0024537792844404E-5	1.8370680211429367E-5	-0.45094847873872856	46664.35678512742	-25463.86975264254	-25463.86975264254	68329.72487902039	3465.840657009057	-3852.024717434896
2630000	-4732.2570087833465	-980.9685111388274	-3751.2884976445193	530.0	3.2596079439661254E-5	6.613242347410251E-6	6.613242347410251E-6	1.8997810796036756E-5	-0.26575410108348546	33009.86588006508	-11490.91573045461	-11490.915730454608	56637.69484132529	3467.421384732194	-3751.2884976445193
2640000	-4682.435168478631	-936.7359214018851	-3745.6992470767455	129.0	3.20070589068492E-5	8.0727570226236E-6	8.0727570226236E-6	1.7618242928934313E-5	-0.3399520774904391	35325.59585220248	-16186.344639730785	-16186.344639730785	64176.003925119236	3470.011845602066	-3745.6992470767455
2650000	-4764.41888332305	-922.3007566378852	-3842.1181266851645	69.0	2.4372377796584774E-5	9.867692629706878E-6	9.867692629706878E-6	2.0299380955259807E-5	-0.4436344519162108	51083.968850441466	-24832.328829764818	-24832.32882976482	61333.781109680785	3556.5381437839947	-3842.1181266851645
2660000	-4781.396971454445	-1022.180569766533	-3759.216401687912	918.0	3.3276810101716426E-5	1.2150003919557618E-5	1.2150003919557618E-5	2.3043540504883587E-5	-0.4387639832627707	37215.44534761305	-19622.323520370213	-19622.323520370213	53742.23233712158	3627.4588295938793	-3759.216401687912
2670000	-4771.0632328075135	-955.661994911838	-3815.401237895676	980.0	3.160228012471559E-5	1.340645445013371E-5	1.340645445013371E-5	1.997328395348896E-5	-0.533617408829319	44240.723517658334	-29695.229190232392	-29695.229190232392	69998.89155838633	3562.0599882211545	-3815.401237895676
2680000	-4726.412472933833	-844.1128380471791	-3882.299634886654	852.0	2.5853348173817114E-5	9.862421167940565E-6	9.862421167940565E-6	1.718133186387922E-5	-0.4679470719152781	49524.25719915384	-28427.894088601217	-28427.89408860122	74520.87385094663	3567.7354758220026	-3882.299634886654
2690000	-4645.561220403576	-881.3574173361395	-3764.2038030674366	839.0	2.7506742080233753E-5	7.572011645362909E-6	7.572011645362909E-6	1.7173598048780277E-5	-0.34838628412474765	41376.74294565704	-18243.421008328223	-18243.421008328223	66272.62342425405	3512.80060372404	-3764.2038030674366
2700000	-4614.343324416667	-910.6281900965511	-3703.715134320116	135.0	3.5497379801873256E-5	9.725587665584743E-6	9.725587665584743E-6	1.8950275846818E-5	-0.3749815813362748	32780.381708538414	-16823.421389470335	-16823.421389470335	61403.73200708601	3500.0445967112482	-3703.715134320116
2710000	-4661.102138449316	-769.0184932709568	-3892.083645178359	568.0	2.5366999264642397E-5	8.144432550053633E-6	8.144432550053633E-6	1.8014447706307087E-5	-0.38099195640102446	46115.132650264095	-20848.909360421636	-20848.909360421643	64936.908147263	3448.136639847461	-3892.083645178359
2720000	-4604.5164258884415	-850.4936383676247	-3754.022787520817	215.0	2.9973020311477373E-5	1.0788261123334678E-5	1.0788261123334678E-5	2.0336448844026565E-5	-0.43696699638890124	41237.16928154364	-21875.86208430497	-21875.86208430497	60777.696339377864	3553.5999624737283	-3754.022787520817
2730000	-4596.076614291566	-839.5428962567746	-3756.5337180347915	276.0	2.8068834582518996E-5	6.826633325472351E-6	6.826633325472351E-6	1.823861030397775E-5	-0.3017161198340285	39194.69772101456	-14670.406636504427	-14670.406636504427	60319.80882902328	3514.5632277699397	-3756.5337180347915
2740000	-4558.028504041824	-829.6126351578504	-3728.415868883974	497.0	2.8642193813141627E-5	1.0108863280435619E-5	1.0108863280435619E-5	1.8697235239404298E-5	-0.43682801913682445	43146.73058327054	-23327.748454747925	-23327.74845474792	66096.24385347433	3583.67222776755	-3728.415868883974
2750000	-4610.100763703907	-848.1420036367556	-3761.9587600671516	720.0	2.7651101619157242E-5	8.388946763009806E-6	8.388946763009806E-6	1.9215601784025255E-5	-0.3639353352426475	41686.219509601135	-18198.934394441287	-18198.93439444129	59986.14587947693	3354.4106575919404	-3761.9587600671516
2760000	-4890.450910890086	-1018.3138280123436	-3872.1370828777417	987.0	2.4122797757526485E-5	8.081879870949379E-6	8.081879870949379E-6	1.8776919367674063E-5	-0.37974003164744163	48439.684577871754	-20849.198107491935	-20849.19810749194	62230.69352484095	3705.968022114342	-3872.1370828777417
2770000	-4775.119499210495	-925.4642447670788	-3849.655254443416	975.0	2.2451729833719886E-5	7.759029091749871E-6	7.759029091749871E-6	1.9698506982248965E-5	-0.36894856118810654	51558.26584053144	-20308.243916016043	-20308.243916016043	58764.4665857088	3678.0129237097403	-3849.655254443416
2780000	-4740.345168024594	-981.2081228816367	-3759.137045142958	304.0	2.875839278654323E-5	9.267551799575226E-6	9.267551799575226E-6	2.1332645343126504E-5	-0.37416258726164603	40432.97960727308	-17565.319579191673	-17565.319579191673	54507.422327297456	3358.9708629363345	-3759.137045142958
2790000	-4939.341010403122	-968.5235866148195	-3970.8174237883027	358.0	3.5503946956822786E-5	1.2994403739099422E-5	1.2994403739099422E-5	2.281569671731697E-5	-0.4565634808413925	35583.21027561213	-20265.98645587841	-20265.98645587841	55371.721750663615	3311.1521762309603	-3970.8174237883027
2800000	-4754.124914861695	-949.6643517873883	-3804.460563074307	106.0	2.609789346554403E-5	8.395813003504838E-6	8.395813003504838E-6	1.831010178790995E-5	-0.384073772193295	44947.61054026608	-20610.029229854605	-20610.0292298546	64065.0699268738	3748.8492772166887	-3804.460563074307
2810000	-4586.8518004340685	-878.5162702494705	-3708.335530184598	149.0	3.273328749570133E-5	8.38494406503192E-6	8.38494406503192E-6	1.811185906685221E-5	-0.3443688357147607	34660.30259269303	-16046.099820239027	-16046.099820239026	62641.03785629797	3531.1825731870663	-3708.335530184598
2820000	-4732.438790664844	-910.1637668489165	-3822.2750238159283	336.0	2.470404576422104E-5	3.844259954796669E-6	3.844259954796669E-6	1.4195129669811549E-5	-0.2052858541546854	42260.13828499797	-11444.69695396196	-11444.69695396196	73546.0974629307	3655.4054899744474	-3822.2750238159283
2830000	-4643.880921438627	-914.0688473205557	-3729.8120741180715	774.0	3.219451711223483E-5	9.950427247551157E-6	9.950427247551157E-6	2.1019914433696485E-5	-0.382503399305495	36384.574930004834	-17223.76496422395	-17223.764964223945	55727.33532766507	3380.0448954789717	-3729.8120741180715
2840000	-4702.215112539426	-872.0516478550942	-3830.1634646843318	502.0	2.336400545225306E-5	6.3351635359434044E-6	6.3351635359434044E-6	1.6632772241834545E-5	-0.32136743056876993	47730.32640430654	-18179.736907278657	-18179.736907278657	67046.64683276131	3621.2192886163957	-3830.1634646843318
2850000	-4588.614782132679	-870.4942653056382	-3718.1205168270403	496.0	2.963160679839967E-5	1.031152478332669E-5	1.031152478332669E-5	2.1570372301819235E-5	-0.4078650276356244	40482.102960629374	-19352.109556519175	-19352.109556519175	55610.98995034645	3537.940687953014	-3718.1205168270403
2860000	-4686.744283141428	-894.8198068311283	-3791.9244763103	114.0	2.780771569550413E-5	5.979194432253229E-6	5.979194432253229E-6	1.6355996572678508E-5	-0.28036352606446757	39029.071957133536	-14267.697398024542	-14267.697398024544	66355.43924338257	3481.658286535993	-3791.9244763103
2870000	-4679.843065704388	-956.1046147715577	-3723.738450932831	547.0	3.1184066035806724E-5	9.006619041144335E-6	9.006619041144335E-6	2.219876841487983E-5	-0.34231898244130243	36324.21349781726	-14737.680344677989	-14737.680344677987	51027.0052484264	3415.2320784725302	-3723.738450932831
2880000	-4696.97598512182	-833.7179204796267	-3863.258064642193	330.0	2.5318461982787326E-5	7.698343144225037E-6	7.698343144225037E-6	1.571016531728798E-5	-0.3860008203992583	46412.119490005876	-22743.00840689813	-22743.00840689813	74797.65229174236	3554.288130495313	-3863.258064642193
2890000	-4690.6457388182425	-878.546065331141	-3812.099673487102	277.0	2.8646962507008506E-5	9.551172122637846E-6	9.551172122637846E-6	1.8081041931707647E-5	-0.41966780663643527	42369.95697179212	-22381.605739029776	-22381.605739029776	67129.45931871189	3473.4138484123514	-3812.099673487102
2900000	-4558.787403373168	-837.7246959993854	-3721.062707373782	240.0	2.8679101673243942E-5	1.0466977424475183E-5	1.0466977424475183E-5	2.0696342812733028E-5	-0.42962714253005846	42761.4891560504	-21626.214142430643	-21626.214142430643	59254.966266368196	3478.954884336496	-3721.062707373782
2910000	-4751.028878462535	-865.2290786393801	-3885.7997998231554	604.0	2.206256470888567E-5	1.0521882148070669E-5	1.0521882148070669E-5	1.921105199439215E-5	-0.5110811474156574	61350.68729411584	-33601.736208941446	-33601.736208941446	70457.02175790025	3741.0562852866583	-3885.7997998231554
2920000	-4588.414453975771	-869.2977418430445	-3719.1167121327267	823.0	3.1218826128264435E-5	9.753285862863736E-6	9.753285862863736E-6	2.169065011382583E-5	-0.3748058703701103	37267.23411714897	-16757.357928665206	-16757.357928665206	53637.82533392166	3376.5061234464147	-3719.1167121327267
2930000	-4726.013214607615	-870.26536192331	-3855.747852684305	804.0	2.2502919511708615E-5	6.958218482088041E-6	6.958218482088041E-6	1.5939963640014997E-5	-0.36739645753816924	51373.01602517085	-22425.68914583877	-22425.68914583877	72524.81064549334	3864.191716628408	-3855.747852684305
2940000	-4461.557065591274	-829.4514618216414	-3632.1056037696326	271.0	3.243580834938219E-5	1.032829239938004E-5	1.032829239938004E-5	2.286128450512759E-5	-0.3792851571745642	36010.494158813766	-16268.854579670511	-16268.854579670511	51092.03233264741	3538.0234536576636	-3632.1056037696326
2950000	-4697.42456480082	-903.1775397931718	-3794.2470250076485	347.0	2.824507131215669E-5	1.0484480582609698E-5	1.0484480582609698E-5	2.0903125493902592E-5	-0.431489237766285	43504.13587239774	-21820.57740362402	-21820.57740362402	58784.38707398376	3617.0568581012535	-3794.2470250076485
2960000	-4706.921812745832	-935.3248228827472	-3771.5969898630847	82.0	3.226056322041724E-5	1.0930656247700096E-5	1.0930656247700096E-5	2.0069517018417642E-5	-0.4295777742033409	38012.272006642605	-20702.993406238085	-20702.99340623808	61102.48209245028	3570.1046123671035	-3771.5969898630847
2970000	-4575.193910291879	-925.6116885021975	-3649.582221789681	506.0	3.487637877478376E-5	1.3246386768812622E-5	1.3246386768812622E-5	2.651318085958181E-5	-0.4356129894730242	35387.8538762341	-17680.307838031906	-17680.30783803191	46550.4385290761	3344.240474594492	-3649.582221789681
2980000	-4749.688175141052	-904.9451607406615	-3844.7430144003906	332.0	2.6136468831186467E-5	9.926108942628017E-6	9.926108942628017E-6	2.0475616003289173E-5	-0.429078835582502	46894.3756271731	-22733.317581120216	-22733.317581120216	59859.17037810598	3602.183559584873	-3844.7430144003906
2990000	-4659.965252315334	-959.1632046346467	-3700.802047680687	376.0	3.34358977303116E-5	9.712057789285812E-6	9.712057789285812E-6	2.0803641531051095E-5	-0.3682434942432269	34599.82458886447	-16152.724771989759	-16152.724771989759	55609.312182834095	3512.896637428669	-3700.802047680687
3000000	-4803.823109321691	-930.9373011099601	-3872.8858082117313	901.0	2.2945401690377102E-5	6.177063649949775E-6	6.177063649949775E-6	1.4558357592847076E-5	-0.33796992287714855	49201.717562428705	-20876.12830854623	-20876.128308546235	77546.74015433544	3579.7207761378686	-3872.8858082117313
3010000	-4715.161323131009	-941.6167365503251	-3773.544586580684	840.0	3.3136808568034056E-5	8.393388545138611E-6	8.393388545138611E-6	1.7498601047505184E-5	-0.34856222850163593	34351.475301725	-16477.04742358348	-16477.04742358348	65050.81509159276	3538.885446478849	-3773.544586580684
3020000	-4738.948900054062	-912.618676058544	-3826.330223995518	769.0	2.4861727483500105E-5	8.010176620851766E-6	8.010176620851766E-6	1.65560481727983E-5	-0.3948190513152267	47650.29348350712	-23054.249592328968	-23054.24959232897	71555.0352796251	3537.1068951402804	-3826.330223995518
3030000	-4697.400700465774	-869.9161580821265	-3827.484542383648	527.0	2.7395523964946908E-5	6.620611873523479E-6	6.620611873523479E-6	1.698464201052798E-5	-0.3069234874067815	40298.51516263258	-15708.357456442938	-15708.357456442942	64999.835569413844	3519.3375557338645	-3827.484542383648
3040000	-4578.05423955585	-927.2853587954788	-3650.768880760371	725.0	3.928395103867622E-5	1.0640357520446717E-5	1.0640357520446717E-5	2.513537215182208E-5	-0.3386148344330622	28752.443297109832	-12171.543529163258	-12171.543529163258	44937.05396138716	3351.862953035103	-3650.768880760371
3050000	-4623.836633498808	-881.7217687851391	-3742.1148647136683	816.0	3.1527438387645085E-5	9.855978491523107E-6	9.855978491523107E-6	1.8219676917126803E-5	-0.41123026394435513	38174.02509717571	-20650.331616964788	-20650.331616964788	66056.56234926355	3465.7698191339196	-3742.1148647136683
3060000	-4830.404631555077	-1010.6062530299066	-3819.79837852517	657.0	3.523019786341379E-5	1.143015671640653E-5	1.143015671640653E-5	1.994972765134882E-5	-0.43114778393453196	34865.908088778866	-19976.352583822067	-19976.352583822067	61571.40899977299	3389.9205674382347	-3819.79837852517
3070000	-4692.486916114739	-884.8574715183964	-3807.6294445963426	507.0	2.5355316066395336E-5	8.370292019511307E-6	8.370292019511307E-6	1.76533001200551E-5	-0.39563357749201816	46758.35609670681	-22170.420953592853	-22170.420953592857	67158.71194135479	3580.3964252435917	-3807.6294445963426
3080000	-4657.274232799561	-831.0878940803792	-3826.186338719182	912.0	2.4530976676721937E-5	7.646663515073823E-6	7.646663515073823E-6	1.4068955808398288E-5	-0.4116078296114612	49079.96189386028	-26675.608271579436	-26675.608271579436	85577.02624909714	3515.923579933173	-3826.186338719182
3090000	-4609.835592865805	-892.7539039004213	-3717.0816889653834	149.0	2.9427948975817986E-5	9.467110824396746E-6	9.467110824396746E-6	2.2237988347259558E-5	-0.3700749718408322	39373.752655931356	-16762.11328764472	-16762.11328764472	52104.02874808655	3529.2881873630135	-3717.0816889653834
3100000	-4682.844529417704	-877.3656903337701	-3805.478839083934	545.0	2.4618317752665485E-5	8.209371879505282E-6	8.209371879505282E-6	1.7782425312390243E-5	-0.39236047017283876	48011.35059165759	-22164.751124785907	-22164.75112478591	66467.79974250747	3600.7896048329358	-3805.478839083934
3110000	-4761.149825916919	-1014.7494791336909	-3746.4003467832285	923.0	3.532167845322732E-5	9.693290295414204E-6	9.693290295414204E-6	2.3080038640282057E-5	-0.3394941437231659	31999.351394525518	-13439.275694744354	-13439.275694744352	48971.78979139909	3336.926732934097	-3746.4003467832285
3120000	-4601.5321933416635	-935.0992026222123	-3666.4329907194515	575.0	3.9019182851688936E-5	1.1808432529701442E-5	1.1808432529701442E-5	2.3438666197543215E-5	-0.39046914406165995	30238.81573123629	-15234.357293667408	-15234.357293667412	50339.63410252885	3340.0623140703124	-3666.4329907194515
3130000	-4805.51000541053	-918.7650652011852	-3886.744940209345	602.0	2.3942590852129727E-5	9.866454267205158E-6	9.866454267205158E-6	1.8101648830055365E-5	-0.4739324737413583	53865.385785455226	-29359.77658317722	-29359.776583177223	71246.3767837515	3673.4650826890606	-3886.744940209345
3140000	-4739.43760623642	-929.6760567649403	-3809.7615494714796	359.0	2.7687368365801266E-5	8.389137637877374E-6	8.389137637877374E-6	1.6486299267051737E-5	-0.3926583984096334	42701.25982538984	-21728.754293686976	-21728.75429368698	71713.21418580487	3432.546889266316	-3809.7615494714796
3150000	-4705.026158599006	-912.0672560606529	-3792.958902538353	980.0	2.9357749688384024E-5	9.206029349770948E-6	9.206029349770948E-6	1.7712580627562475E-5	-0.40371050782481127	40695.13837409165	-21151.104186473025	-21151.10418647303	67450.23274935097	3517.8606461692966	-3792.958902538353
3160000	-4552.215090287899	-884.4048078518271	-3667.810282436072	511.0	2.9684782010337598E-5	8.501478398715113E-6	8.501478398715113E-6	2.212592279862643E-5	-0.33172394937564903	37852.62728907006	-14544.175000584413	-14544.175000584415	50784.18648664707	3393.0206997808505	-3667.810282436072
3170000	-4629.30291372968	-911.054394991044	-3718.2485187386355	572.0	3.126281079438393E-5	1.0684402134069384E-5	1.0684402134069384E-5	2.0493478094186072E-5	-0.42211266063619923	38921.96834463033	-20292.21002566308	-20292.21002566308	59375.481629366936	3581.7487066988447	-3718.2485187386355
3180000	-4627.782891076954	-884.4566721050459	-3743.3262189719085	413.0	2.7091492289259967E-5	6.3765226025658285E-6	6.3765226025658285E-6	1.9409646956300737E-5	-0.2780728713585627	40005.351750279326	-13142.692921389997	-13142.692921389997	55838.453986923334	3392.7575947432883	-3743.3262189719085
3190000	-4588.62500274452	-875.2653082196523	-3713.359694524868	656.0	3.274868786046386E-5	9.61616909602129E-6	9.61616909602129E-6	1.6764280637582526E-5	-0.41040503335842304	36720.49100429384	-21063.262923110913	-21063.262923110913	71732.74678346128	3623.4338103721448	-3713.359694524868
3200000	-4782.71505430558	-910.4869562660313	-3872.2280980395494	289.0	2.2248582825009674E-5	7.811733240617958E-6	7.811733240617958E-6	1.708596901025525E-5	-0.40066040046879825	53541.65895928196	-24479.334874071905	-24479.33487407191	69719.5478482382	3554.118066068664	-3872.2280980395494
3210000	-4885.910552758151	-996.3941252751064	-3889.516427483045	894.0	2.4379528836582095E-5	7.267536239053728E-6	7.267536239053728E-6	1.79682723664919E-5	-0.3472333185331616	46641.649175461636	-18864.911924644755	-18864.911924644755	63283.84876775544	3424.4815417977366	-3889.516427483045
3220000	-4746.070514522922	-873.30788544351	-3872.7626290794124	129.0	1.964030554948864E-5	5.862653779171875E-6	5.862653779171875E-6	1.55342819484264E-5	-0.3356406364143173	57379.80603240143	-21655.197053899486	-21655.197053899486	72546.44447604574	3790.3491528451978	-3872.7626290794124
3230000	-4562.601255831898	-890.556038385673	-3672.045217446225	887.0	3.518814290472072E-5	8.501061243429758E-6	8.501061243429758E-6	1.8008530048825264E-5	-0.3377037155844691	32076.826936359037	-15142.10596542684	-15142.105965426841	62677.185039887576	3489.7678258275646	-3672.045217446225
3240000	-4737.075333698694	-925.8531307479594	-3811.2222029507343	692.0	2.464548183217352E-5	6.89936780333628E-6	6.89936780333628E-6	1.7302845071759004E-5	-0.33410415869666404	45673.74745000866	-18212.032836647668	-18212.032836647668	65055.86268143338	3616.4386938347266	-3811.2222029507343
3250000	-4649.149050502538	-974.3736372975209	-3674.7754132050163	960.0	3.982723753287686E-5	1.2983675436613033E-5	1.2983675436613033E-5	2.3416278391408248E-5	-0.4251563031370278	30648.381441293513	-16993.675538008414	-16993.675538008414	52127.855129553005	3506.7697813520494	-3674.7754132050163
3260000	-4731.007176352771	-921.5084548716123	-3809.498721481159	797.0	3.389026347749597E-5	1.2393658358674871E-5	1.2393658358674871E-5	1.770840696282758E-5	-0.5059088778703147	39656.950079969196	-27754.878904120418	-27754.878904120418	75895.27899066653	3738.502751166174	-3809.498721481159
3270000	-4780.6895077412455	-857.3995700703924	-3923.2899376708533	625.0	1.8148225891385563E-5	5.50842902658704E-6	5.50842902658704E-6	1.714126505094618E-5	-0.3123124050894934	61057.272406834614	-19621.05192413874	-19621.05192413874	64644.0719898869	3686.5402080986178	-3923.2899376708533
3280000	-4700.204922203926	-930.6957414217385	-3769.5091807821873	162.0	3.018685662912439E-5	7.343677503143685E-6	7.343677503143685E-6	1.7308566514327837E-5	-0.3212729047264033	36939.78743210092	-15672.810669299035	-15672.810669299037	64424.51870292653	3449.865202979094	-3769.5091807821873
3290000	-4715.175546564323	-855.2487454397804	-3859.926801124542	507.0	2.1891390444668426E-5	7.974596487011819E-6	7.974596487011819E-6	1.573932701655023E-5	-0.42961453295016105	56019.50244252641	-28383.229277374583	-28383.22927737458	77915.96166696805	3741.936430941562	-3859.926801124542
3300000	-4704.7596544922835	-878.3713921465928	-3826.388262345691	51.0	2.5375477079860917E-5	6.378622952645553E-6	6.378622952645553E-6	1.4020725943658274E-5	-0.33816960717836514	44496.71139911498	-20243.441444343916	-20243.441444343916	80532.58331806591	3706.359609287432	-3826.388262345691
3310000	-4747.696885101137	-942.122888540102	-3805.5739965610346	136.0	2.740957027590651E-5	8.727452847437683E-6	8.727452847437683E-6	2.122170806058203E-5	-0.3618647084761638	41980.83224770281	-17264.66752308952	-17264.667523089516	54221.67567519039	3472.388562083535	-3805.5739965610346
3320000	-4906.489335284934	-921.6543679187272	-3984.8349673662065	82.0	2.039361801602744E-5	1.108037267975388E-5	1.108037267975388E-5	1.7001069730775928E-5	-0.5950714346697726	75918.42107780481	-49479.49817991641	-49479.498179916416	91067.87421958391	3990.2396878270474	-3984.8349673662065
3330000	-4829.976293878218	-924.5494864117694	-3905.4268074664487	540.0	2.4998028415675212E-5	6.432910845257466E-6	6.432910845257466E-6	1.4525270410625024E-5	-0.33759230641819316	45148.68572314591	-19995.322760056533	-19995.322760056533	77701.00636556935	3522.7014310323584	-3905.4268074664487
3340000	-4598.901702587325	-875.5655157332536	-3723.336186854072	836.0	2.9174040230796104E-5	1.0623071078881257E-5	1.0623071078881257E-5	2.1580010731026985E-5	-0.42337574165996683	41762.92935198604	-20558.403445582106	-20558.403445582106	56459.3501021282	3659.043762307823	-3723.336186854072
3350000	-4685.6189948254905	-911.5168689328435	-3774.1021258926467	336.0	3.159955809241529E-5	8.764911083864258E-6	8.764911083864258E-6	1.5781789417635946E-5	-0.392490263837745	37408.78310611245	-20776.139448054742	-20776.139448054746	74902.85059862616	3594.125530710582	-3774.1021258926467
3360000	-4603.67052429511	-857.3764511755453	-3746.294073119565	199.0	2.9146228058441064E-5	6.346191250234108E-6	6.346191250234108E-6	1.7038014347785392E-5	-0.28478196789889343	37337.888396982074	-13907.335433013328	-13907.335433013328	63872.38490502341	3449.617039816582	-3746.294073119565
3370000	-4627.487485325633	-874.8623124510475	-3752.625172874586	488.0	2.9422639327990092E-5	7.253982780365272E-6	7.253982780365272E-6	1.9480952688481082E-5	-0.3029916153268312	37423.0128191408	-13934.939164446081	-13934.939164446083	56521.0452667128	3463.5428324516424	-3752.625172874586
3380000	-4784.266198624843	-903.0818004913277	-3881.1843981335155	351.0	2.242173988621074E-5	6.8801752483696365E-6	6.8801752483696365E-6	1.567315366740411E-5	-0.3670173960906672	51542.42814321005	-22626.01043013438	-22626.010430134385	73735.69745151192	3708.31352912714	-3881.1843981335155
3390000	-4699.195689903976	-892.674852170573	-3806.5208377334034	897.0	2.5365975274191493E-5	6.9346946996929545E-6	6.9346946996929545E-6	1.6167427971390765E-5	-0.34243732530004445	44659.85030782668	-19155.94909510675	-19155.949095106746	70069.31842603872	3671.7099146049763	-3806.5208377334034
3400000	-4665.070814242569	-946.3327253728268	-3718.738088869742	563.0	3.5324035707357545E-5	7.230877038777583E-6	7.230877038777583E-6	2.0702170159219484E-5	-0.26739167508719724	30489.267130405093	-10649.325163826894	-10649.325163826894	52023.72275574985	3506.6655711745902	-3718.738088869742
3410000	-4627.889526540766	-938.6482648274168	-3689.241261713349	807.0	3.330596386451796E-5	1.1267243969558578E-5	1.1267243969558578E-5	2.42935663111669E-5	-0.3961056688480792	35612.19560205106	-16516.77201282338	-16516.77201282338	48823.56442301558	3533.798786292655	-3689.241261713349
3420000	-4767.056287829914	-975.7583793418337	-3791.297908488081	346.0	3.344900227134441E-5	1.0125493214811188E-5	1.0125493214811188E-5	1.8029016857792797E-5	-0.41232396790914805	36020.067628990946	-20229.663838643668	-20229.663838643664	66827.56655226732	3347.983247453689	-3791.297908488081
3430000	-4594.615487694295	-939.7220408952328	-3654.893446799062	97.0	4.151997540881138E-5	1.4939475319534485E-5	1.4939475319534485E-5	2.5535057221465707E-5	-0.4588158196271	30506.84918946522	-17848.259222213557	-17848.259222213557	49604.103768450776	3508.590215798619	-3654.893446799062
3440000	-4602.537330439116	-838.5917207743745	-3763.945609664742	126.0	2.583610079826128E-5	7.64279975305089E-6	7.64279975305089E-6	1.739464710907076E-5	-0.3605215126049984	44487.876605118014	-19546.929017838425	-19546.929017838425	66077.4120373541	3535.4829129966397	-3763.945609664742
3450000	-4682.764114578704	-974.9344823836612	-3707.8296321950424	265.0	3.639142393147349E-5	1.0847087066099759E-5	1.0847087066099759E-5	2.2350853115809876E-5	-0.38033522463142605	32126.21566987003	-15591.165879430537	-15591.165879430535	52307.56641361536	3379.7129272867696	-3707.8296321950424
3460000	-4597.393576466473	-936.4835681515266	-3660.910008314946	668.0	3.951224165329007E-5	1.2672917157341605E-5	1.2672917157341605E-5	2.3927280753723217E-5	-0.41215833652881284	30487.693727163547	-16147.594074710136	-16147.594074710136	50345.75948676214	3414.9733174356866	-3660.910008314946
3470000	-4710.529610159045	-914.9840399138723	-3795.5455702451727	71.0	2.622718463985703E-5	7.415519894004945E-6	7.415519894004945E-6	1.8088336406214605E-5	-0.3404602818101821	43127.41438503896	-17680.575602263434	-17680.575602263434	62532.59751004119	3518.7942388130414	-3795.5455702451727
3480000	-4749.693674811784	-941.14429713985	-3808.5493776719345	25.0	2.3411785576588437E-5	3.988603820255804E-6	3.988603820255804E-6	1.8486328702075892E-5	-0.19172480137419012	44343.52683463381	-9567.543852900062	-9567.54385290006	56158.31886866555	3382.04770269104	-3808.5493776719345
3490000	-4618.213116021957	-887.0874078355604	-3731.125708186397	53.0	3.022207400174045E-5	7.674760717800823E-6	7.674760717800823E-6	1.8234729146062513E-5	-0.3269287043202548	37048.19695130781	-15593.105022272459	-15593.105022272457	61403.344185962545	3402.2165202765877	-3731.125708186397
3500000	-4639.89395468958	-855.6703723571554	-3784.223582332424	652.0	2.4877346243019132E-5	8.996163953318227E-6	8.996163953318227E-6	1.7791038955924627E-5	-0.4276167230743076	49192.329152839055	-24874.447152911456	-24874.447152911456	68786.01119740732	3563.1472261491695	-3784.223582332424
3510000	-4821.607031624409	-921.8818804188096	-3899.725151205599	143.0	2.2477221977445334E-5	9.989246696300905E-6	9.989246696300905E-6	1.7907942455733033E-5	-0.49789593014013345	59153.70934405419	-32996.587804528426	-32996.58780452842	74247.00291517454	3709.220151153076	-3899.725151205599
3520000	-4651.731152094926	-912.2512202627302	-3739.479931832196	352.0	3.068334893830694E-5	8.489629007209779E-6	8.489629007209779E-6	1.9572289995325955E-5	-0.34643081197530656	37035.79144912245	-16064.555014590951	-16064.55501459095	58060.76409613628	3515.319941956407	-3739.479931832196
3530000	-4676.299666920632	-894.1949256575223	-3782.1047412631096	617.0	2.8892572397797428E-5	7.957574579887635E-6	7.957574579887635E-6	1.8202982032103395E-5	-0.3469895073428705	39348.61199998743	-17201.55049610736	-17201.55049610736	62455.844814736	3373.8551525209014	-3782.1047412631096
3540000	-4679.748131147693	-937.8937548833903	-3741.8543762643026	589.0	3.738232431740403E-5	1.4089121751434333E-5	1.4089121751434333E-5	2.236760139253097E-5	-0.4872379017614776	35078.20309724648	-22095.398857728116	-22095.398857728112	58625.184776893766	3483.4380339857657	-3741.8543762643026
3550000	-4818.561729595378	-865.6207817467415	-3952.940947848637	949.0	3.4329517456844405E-5	7.90972971321195E-6	7.90972971321195E-6	1.791170011240037E-5	-0.3189770146489664	32428.98110192769	-14320.498544609216	-14320.498544609216	62153.30012563017	3503.547577368647	-3952.940947848637
3560000	-4569.718128206134	-801.5753365522688	-3768.142791653865	553.0	2.5645785004939032E-5	7.951791515782574E-6	7.951791515782574E-6	1.7321635553367427E-5	-0.3772789180822348	45464.09329504451	-20871.06556551472	-20871.065565514724	67312.48665848601	3476.2303961606412	-3768.142791653865
3570000	-4672.222430277874	-850.288676065671	-3821.933754212203	222.0	2.167624631074027E-5	7.969774058392691E-6	7.969774058392691E-6	1.7987941264972184E-5	-0.4036112289509287	55111.16997052255	-24417.66771909793	-24417.66771909793	66411.34063965194	3551.1373858592947	-3821.933754212203
3580000	-4764.623089294162	-967.3845883493756	-3797.2385009447867	594.0	2.704570048763374E-5	6.378260879667302E-6	6.378260879667302E-6	1.917626642111874E-5	-0.2800729294654437	40121.62812892323	-13344.944500846206	-13344.944500846208	56586.48631706762	3397.897642173738	-3797.2385009447867
3590000	-4747.144183816057	-962.2394952750155	-3784.904688541041	482.0	2.8134245404400796E-5	8.904542116848679E-6	8.904542116848679E-6	2.0030447045824956E-5	-0.37510135731563987	41363.80066539045	-18388.291798743187	-18388.291798743187	58098.51952462418	3601.028454379392	-3784.904688541041
3600000	-4853.482541777445	-991.6194460540262	-3861.863095723418	50.0	2.6614784459892586E-5	7.253767477076325E-6	7.253767477076325E-6	1.6883451175531957E-5	-0.3421933300589271	42556.283907703335	-18283.784810672678	-18283.78481067268	67085.00008925653	3656.4448623820495	-3861.863095723418
3610000	-4610.5288637825615	-842.2125430755365	-3768.316320707025	56.0	2.814491217331217E-5	6.327495321250486E-6	6.327495321250486E-6	1.494575389482648E-5	-0.3085126459517378	39267.92347057183	-16624.628224426553	-16624.628224426557	73946.9059295934	3580.6619880247426	-3768.316320707025
3620000	-4600.1612310883775	-874.7090361611863	-3725.4521949271916	477.0	3.6220637174704324E-5	1.2010965785741091E-5	1.2010965785741091E-5	1.9697166422351748E-5	-0.44967424042235205	34606.17905154943	-21102.204431380498	-21102.204431380498	63636.45554655207	3386.9235249875405	-3725.4521949271916
3630000	-4666.822052710015	-999.3272972212911	-3667.494755488724	486.0	3.582815674771741E-5	9.849051833026317E-6	9.849051833026317E-6	2.023406860619794E-5	-0.36579737208619845	32222.64779966118	-15684.563226152271	-15684.563226152273	57056.151121239236	3607.5375881408136	-3667.494755488724
3640000	-4646.538394605908	-881.4432386814658	-3765.095155924442	203.0	2.425679811913431E-5	6.25695381280327E-6	6.25695381280327E-6	1.793189499663599E-5	-0.3000081954700378	45303.05408184534	-15807.538301011222	-15807.538301011222	61282.25919512131	3445.18810918967	-3765.095155924442
3650000	-4644.9126449482965	-916.5034830302963	-3728.4091619180003	775.0	3.075042466276046E-5	7.759370727090361E-6	7.759370727090361E-6	1.9936903331891673E-5	-0.31338058840091937	36061.36915793718	-14034.954554617252	-14034.954554617252	55620.59448587017	3587.1427566772268	-3728.4091619180003
3660000	-4637.383912661086	-820.7444220528552	-3816.6394906082305	9.0	2.8085588590863284E-5	8.13562033315035E-6	8.13562033315035E-6	1.6054550895504913E-5	-0.3831332357962516	41731.21997606565	-21147.23507211332	-21147.23507211332	73003.96524768279	3567.5423446279688	-3816.6394906082305
3670000	-4750.544421058154	-881.3828630958204	-3869.161557962333	238.0	2.3367695583590637E-5	7.732749818269886E-6	7.732749818269886E-6	1.5615918401973624E-5	-0.40480162830178146	51180.83621153461	-25343.92097384587	-25343.92097384587	76587.11895892072	3613.3750480816834	-3869.161557962333
3680000	-4696.120604873997	-936.9012006234807	-3759.2194042505166	232.0	3.316452830431982E-5	1.1185009396122642E-5	1.1185009396122642E-5	1.9055881651612844E-5	-0.44492306201937853	37594.842400307934	-22066.60773722869	-22066.607737228685	65429.416370033345	3499.0108886902385	-3759.2194042505166
3690000	-4538.6798509010705	-888.6952004612314	-3649.984650439839	411.0	3.162663784173658E-5	8.164431347019538E-6	8.164431347019538E-6	2.6010771835887727E-5	-0.28465761676830115	34406.90600883065	-10799.864907694484	-10799.864907694484	41835.542692146286	3279.936662753891	-3649.984650439839
3700000	-4807.398481457176	-1000.9201311161397	-3806.478350341036	835.0	2.9537282316737474E-5	7.594175134157663E-6	7.594175134157663E-6	2.031007267105671E-5	-0.31005561650914676	37456.366774192764	-14005.376237664854	-14005.376237664854	54473.42793338388	3495.9208247874876	-3806.478350341036
3710000	-4597.386555375704	-944.4651441116179	-3652.921411264086	867.0	3.651707809310573E-5	1.0899784352129905E-5	1.0899784352129905E-5	2.2420298590759664E-5	-0.38093352846994927	32032.72771348871	-15572.933735656017	-15572.933735656015	52173.32921385617	3370.0277299417926	-3652.921411264086
3720000	-4850.083012715215	-957.8782559415927	-3892.204756773622	26.0	2.4815516659901113E-5	8.67001076955902E-6	8.67001076955902E-6	1.6290648402277137E-5	-0.4312099672758517	49501.840772763724	-26345.267666133263	-26345.26766613326	75406.06881065461	3751.095683436664	-3892.204756773622
3730000	-4664.763236608879	-976.26988105326	-3688.4933555556195	275.0	3.3331626421833855E-5	1.1388134745903222E-5	1.1388134745903222E-5	2.265707990073395E-5	-0.414402509025174	36221.90348092812	-18206.226018585385	-18206.226018585385	53287.31506459088	3480.630055975756	-3688.4933555556195
3740000	-4810.6974661305085	-921.5136173273414	-3889.1838488031667	68.0	1.9436312741463096E-5	6.517837295070013E-6	6.517837295070013E-6	1.6540755441726682E-5	-0.3635121283794823	59283.92970731504	-23360.66266174785	-23360.66266174785	69661.93305944954	3806.7831019090404	-3889.1838488031667
3750000	-4619.28238653497	-903.3882973765106	-3715.8940891584593	284.0	3.068154815334497E-5	8.170349658153783E-6	8.170349658153783E-6	2.0568481904868407E-5	-0.3252377055628086	36448.372424572735	-14478.26575421123	-14478.26575421123	54369.228552102715	3302.8443388421992	-3715.8940891584593
3760000	-4792.071259972514	-887.6265394977822	-3904.444720474731	386.0	2.4111840736324336E-5	8.97922998176421E-6	8.97922998176421E-6	1.503124365721468E-5	-0.4716571848757248	53339.28289902138	-31863.344054223486	-31863.344054223486	85562.33426724123	4041.1125587743622	-3904.444720474731
3770000	-4797.369073601514	-934.0167025177489	-3863.352371083765	926.0	2.454627314309549E-5	7.10169574187879E-6	7.10169574187879E-6	1.5062608005429294E-5	-0.3693339183369323	47174.31440258575	-22241.67472181032	-22241.674721810323	76876.0367558361	3728.9994444273684	-3863.352371083765
3780000	-4732.91081723511	-920.5788987681901	-3812.3319184669194	891.0	3.038433274989117E-5	8.571473560923353E-6	8.571473560923353E-6	1.877510650498307E-5	-0.35887188302380685	37776.95600753456	-17246.462998481886	-17246.46299848189	61135.61067183759	3533.9536286010048	-3812.3319184669194
3790000	-4685.714597113103	-931.0935760542798	-3754.6210210588238	343.0	2.8493592544274697E-5	1.060332812847666E-5	1.060332812847666E-5	2.0191516731805697E-5	-0.4420629574027245	43619.77018347187	-22906.388969558742	-22906.388969558742	61554.75960480758	3611.352374452885	-3754.6210210588238
3800000	-4594.7073444304415	-845.8692584857583	-3748.838085944683	479.0	2.9513122469946653E-5	1.0265253654334273E-5	1.0265253654334273E-5	1.8174111285677145E-5	-0.4432364968302171	42167.3761817349	-23817.330357406492	-23817.33035740649	68476.02713144085	3440.3086433424824	-3748.838085944683
3810000	-4610.829784679813	-890.7697979747869	-3720.0599867050264	951.0	3.294985091998243E-5	9.99369000240968E-6	9.99369000240968E-6	2.0105375684106272E-5	-0.3882782383064386	35736.83602347589	-17763.550728768234	-17763.550728768234	58567.59096803377	3394.1880181521633	-3720.0599867050264
3820000	-4776.138474287928	-914.2412366868965	-3861.897237601032	5.0	2.829503612369864E-5	9.010457639372846E-6	9.010457639372846E-6	1.658950376858797E-5	-0.41588669356332425	42733.07520728836	-23210.131497994716	-23210.131497994716	72885.47768116099	3574.860417449359	-3861.897237601032
3830000	-4648.307978535043	-888.8783845129163	-3759.429594022127	492.0	2.823901317366637E-5	9.159556348281051E-6	9.159556348281051E-6	1.797599860560381E-5	-0.4065398923663008	42423.53938968445	-21616.646065615503	-21616.646065615503	66644.35806784002	3600.719604908059	-3759.429594022127
3840000	-4598.251511121478	-849.6696353019806	-3748.581875819497	465.0	3.238992376981024E-5	7.344591924110577E-6	7.344591924110577E-6	1.6238547387005744E-5	-0.32024998593095083	34402.07808957072	-15559.841584812637	-15559.841584812637	68619.48056609508	3485.4670526641953	-3748.581875819497
3850000	-4881.028605951864	-1042.6513776047047	-3838.377228347159	819.0	3.843244196392394E-5	1.4146262021822543E-5	1.4146262021822543E-5	2.6188607030179494E-5	-0.4458990103701069	32476.942296391968	-17543.02299709688	-17543.022997096883	47660.732719896645	3395.5591835197565	-3838.377228347159
3860000	-4696.637244449395	-998.1723413884083	-3698.464903060987	175.0	3.4256259591113733E-5	6.7040777584381345E-6	6.7040777584381345E-6	1.9065721011304116E-5	-0.26232667557402173	31349.038141899327	-11023.25945244493	-11023.259452444929	56326.261560415696	3647.2567643759353	-3698.464903060987
3870000	-4593.441512857694	-894.4382077595966	-3699.003305098097	808.0	2.9058033631937643E-5	8.709034225963908E-6	8.709034225963908E-6	2.050492605393209E-5	-0.35678598182060267	39433.64561994514	-16748.608039616756	-16748.608039616756	55882.38639049089	3571.726772096561	-3699.003305098097
3880000	-4728.910407446536	-931.8649426884123	-3797.045464758123	466.0	2.461612379489663E-5	7.537084541133151E-6	7.537084541133151E-6	1.7548979305480207E-5	-0.3626332498615249	46774.80083826811	-20089.238363999855	-20089.238363999855	65611.46764569254	3765.8519954473277	-3797.045464758123
3890000	-4784.545941018026	-1041.5219488119972	-3743.0239922060287	270.0	3.474098720948075E-5	1.2360088217509768E-5	1.2360088217509768E-5	2.388697391628515E-5	-0.4290618738478074	35279.12186838092	-18254.847183978512	-18254.847183978512	51309.61861835288	3291.9692570426464	-3743.0239922060287
3900000	-4803.651701763373	-1032.8261952956673	-3770.825506467706	578.0	4.0276445220391037E-5	1.3572954392148363E-5	1.3572954392148363E-5	1.992533220203909E-5	-0.4791219171794897	32226.178687758933	-21952.17872038355	-21952.17872038355	65140.9927532966	3541.620929192884	-3770.825506467706
3910000	-4762.5768228419265	-946.6985244489103	-3815.8782983930164	737.0	2.560106718922245E-5	7.858815646081317E-6	7.858815646081317E-6	1.77728379304456E-5	-0.3684254953572689	45195.60282839741	-19984.648036059672	-19984.648036059672	65102.47092756808	3698.3069598533025	-3815.8782983930164
3920000	-4759.219285339898	-895.3888784785224	-3863.8304068613756	585.0	2.3617663127751594E-5	4.916387160274929E-6	4.916387160274929E-6	1.4302179840273825E-5	-0.26750166934439007	45604.5208391852	-15676.594981200287	-15676.594981200287	75308.25526675675	3482.1134559543943	-3863.8304068613756
3930000	-4686.46309887539	-886.0569645631642	-3800.4061343122257	881.0	2.564365404938721E-5	8.06949470929557E-6	8.06949470929557E-6	1.9135243858837033E-5	-0.3642834038156232	44962.654715069155	-18961.13302844447	-18961.13302844447	60255.66076717652	3508.710893836836	-3800.4061343122257
3940000	-4678.568340685799	-836.3167130536946	-3842.2516276321044	517.0	2.4693319414091455E-5	8.313845172771422E-6	8.313845172771422E-6	1.699416670538466E-5	-0.4058469236160714	48482.4034030496	-23718.444245288294	-23718.444245288294	70447.20073359078	3613.701446266833	-3842.2516276321044
3950000	-4602.953080781991	-913.5393186671288	-3689.413762114862	141.0	4.149177216973281E-5	1.1916360598165085E-5	1.1916360598165085E-5	2.3345114646617287E-5	-0.3828817259879316	28241.292630408563	-14415.582524929445	-14415.582524929445	50193.85414624459	3387.9940761992602	-3689.413762114862
3960000	-4667.43004057527	-867.7353895706505	-3799.6946510046196	769.0	2.3153157871646172E-5	7.92097399842586E-6	7.92097399842586E-6	1.9787505053141706E-5	-0.3700649483710973	50044.094654926084	-20032.741443241986	-20032.741443241986	58556.08481096216	3524.879078987238	-3799.6946510046196
3970000	-4773.911942408571	-1000.548012209721	-3773.3639301988496	853.0	3.126221182622532E-5	1.0506222420640768E-5	1.0506222420640768E-5	2.3229880719541124E-5	-0.38986410393889354	37720.84243714525	-17060.07729110809	-17060.077291108093	50763.797746999306	3519.6068499525977	-3773.3639301988496
3980000	-4555.1578733236265	-803.338851437152	-3751.8190218864743	267.0	2.3990281052402396E-5	8.975112321084152E-6	8.975112321084152E-6	1.755664941173805E-5	-0.4373220809916108	51540.745260857264	-26348.07855303555	-26348.07855303555	70427.84391602402	3619.6125937771694	-3751.8190218864743
3990000	-4626.529370076786	-918.9467145904864	-3707.5826554862997	825.0	3.828507036607524E-5	1.0156954180840659E-5	1.0156954180840659E-5	1.8846030269310915E-5	-0.3781279901608363	30477.54541166555	-16425.689010744445	-16425.689010744445	61914.09830063556	3372.9967562798824	-3707.5826554862997
4000000	-4656.025600959037	-844.6810865352446	-3811.3445144237917	795.0	2.6138450941371303E-5	9.950499659208773E-6	9.950499659208773E-6	1.8831226875745367E-5	-0.44850331588925646	47891.424444980374	-25306.03055038269	-25306.030550382693	66475.09780575364	3524.1147372530904	-3811.3445144237917
4010000	-4702.861826527264	-1071.4803228125113	-3631.3815037147533	911.0	3.892496372427544E-5	8.957206852695314E-6	8.957206852695314E-6	2.5060764046279983E-5	-0.2867882419350886	27992.791233602078	-10005.170672396529	-10005.170672396527	43479.056795593555	3386.7274860589046	-3631.3815037147533
4020000	-4749.088376225693	-951.7302853446832	-3797.358090881009	164.0	2.5482463173513704E-5	6.978471271355418E-6	6.978471271355418E-6	1.649172386879593E-5	-0.3404133355598214	44386.202314768765	-18782.01697787692	-18782.01697787692	68584.08344068423	3407.8448569931334	-3797.358090881009
4030000	-4769.50046254223	-996.5588241527589	-3772.941638389471	742.0	3.2525385733327845E-5	1.0804786982502246E-5	1.0804786982502246E-5	1.9025512135987398E-5	-0.43434697698589536	37894.24069661146	-21520.534935618696	-21520.5349356187	64782.73945632693	3526.5158754300296	-3772.941638389471
4040000	-4744.408211239918	-981.2299704836992	-3763.178240756219	406.0	2.9320048839032503E-5	7.292500183107628E-6	7.292500183107628E-6	1.87723236138439E-5	-0.3108387027612699	37754.19157932173	-14666.402234949965	-14666.402234949966	58967.38005132003	3572.272976354037	-3763.178240756219
4050000	-4762.559657647849	-908.981466724802	-3853.5781909230473	91.0	2.3708343041390735E-5	8.072581323028594E-6	8.072581323028594E-6	1.9090348236506117E-5	-0.37945030146767383	49273.81289855968	-20836.01916484039	-20836.019164840385	61193.25036315621	3638.854301322368	-3853.5781909230473
4060000	-4606.650758471108	-920.149357419255	-3686.501401051853	889.0	3.0478629738740614E-5	7.557066777857228E-6	7.557066777857228E-6	2.183902950645993E-5	-0.29291315272188123	35889.090246987165	-12418.878389847934	-12418.878389847934	50086.946078561356	3559.8394035963747	-3686.501401051853
4070000	-4748.646864395544	-948.7020583701496	-3799.9448060253944	754.0	3.0265452712307684E-5	1.1269876953712278E-5	1.1269876953712278E-5	1.8930331697532962E-5	-0.4708325456930263	42451.83511324444	-25273.03619555154	-25273.03619555154	67871.18306743792	3596.0274313511627	-3799.9448060253944
4080000	-4814.955758221135	-920.3847553223684	-3894.571002898766	226.0	3.523021768557724E-5	1.1060656411224488E-5	1.1060656411224488E-5	2.0702138545162318E-5	-0.4095582068775334	34105.51158271021	-18221.757357214952	-18221.757357214952	58039.63656777063	3376.1123895482156	-3894.571002898766
4090000	-4624.476210524695	-868.1223553620151	-3756.35385516268	550.0	2.945386219820067E-5	9.805580156961788E-6	9.805580156961788E-6	1.9079771432672568E-5	-0.4136333859183441	40959.22409490548	-21049.987755188682	-21049.987755188682	63229.65379819444	3358.4443366982196	-3756.35385516268
4100000	-4618.479551240816	-916.5467556121635	-3701.9327956286534	94.0	3.2950007840813E-5	1.0365263849874903E-5	1.0365263849874903E-5	2.125763780094792E-5	-0.39164726580973513	35847.58001121493	-17479.3468905174	-17479.3468905174	55564.87759853694	3411.808940330591	-3701.9327956286534
4110000	-4603.935097063682	-865.1707702869476	-3738.7643267767353	308.0	2.779556568190666E-5	8.46086904877995E-6	8.46086904877995E-6	1.8575186497475426E-5	-0.3723579438548669	41768.131350022006	-19025.095108079106	-19025.095108079102	62501.0595994732	3517.3675822731825	-3738.7643267767353
4120000	-4692.274989290666	-914.8585883454318	-3777.416400945234	902.0	2.662345689671349E-5	8.78400754342835E-6	8.78400754342835E-6	1.8558805647677007E-5	-0.3951713635535983	44511.85112773021	-21067.7585347138	-21067.758534713797	63854.289569565386	3607.8720531497606	-3777.416400945234
4130000	-4627.533671378935	-905.9322692925034	-3721.601402086431	17.0	3.643547917388056E-5	1.1721584137483918E-5	1.1721584137483918E-5	1.995462518727626E-5	-0.43471265097538	33840.854490222424	-19878.52036651742	-19878.520366517416	61790.574236945766	3390.7285637005552	-3721.601402086431
4140000	-4679.849509227459	-889.3052427747615	-3790.5442664526972	33.0	2.9513884767493865E-5	8.062815167309317E-6	8.062815167309317E-6	1.6362495606808943E-5	-0.36690087203998245	39152.98579251715	-19293.101448533795	-19293.101448533795	70622.27784512361	3378.016740608864	-3790.5442664526972
4150000	-4585.229508940025	-800.4956730931225	-3784.733835846903	106.0	2.7653899235060137E-5	1.0894601499525304E-5	1.0894601499525304E-5	1.8481183062707013E-5	-0.48191259493985916	47099.68474816902	-27765.121656092222	-27765.121656092222	70476.5453385528	3622.822079952602	-3784.733835846903
4160000	-4628.8168487099865	-973.7042467684156	-3655.1126019415706	480.0	3.554213732794531E-5	1.0796450183944896E-5	1.0796450183944896E-5	2.3674397365129236E-5	-0.3721943263312238	32659.956645618196	-14894.216291798397	-14894.216291798397	49032.068116466085	3411.1252590812337	-3655.1126019415706
4170000	-4732.096372758349	-901.2715113177131	-3830.8248614406366	902.0	2.3821273132620573E-5	7.849499448552446E-6	7.849499448552446E-6	1.7180724087811105E-5	-0.3880062732060929	49419.30481640157	-22578.606345200413	-22578.606345200416	68520.43907107046	3601.952547131011	-3830.8248614406366
4180000	-4829.920426158813	-932.3496110211914	-3897.570815137621	244.0	2.3337834035150565E-5	8.696498799477041E-6	8.696498799477041E-6	1.7906595408498226E-5	-0.42540996351882876	52316.84814445652	-25408.14692583966	-25408.146925839657	68185.03972329933	3613.576583779118	-3897.570815137621
4190000	-4724.618727549213	-986.4321435803943	-3738.1865839688185	714.0	3.4113195318329514E-5	1.0629849305431672E-5	1.0629849305431672E-5	2.5832963912624492E-5	-0.35807894781492555	33625.67129158485	-13836.423100055083	-13836.423100055084	44403.69662418818	3392.8570706677174	-3738.1865839688185
4200000	-4743.4958311069095	-932.5919918015226	-3810.903839305387	343.0	2.7109059687316956E-5	7.963310610668074E-6	7.963310610668074E-6	1.6551971762265533E-5	-0.37593396091685416	42959.320827845884	-20668.136720446822	-20668.136720446822	70359.3994223484	3617.706540251935	-3810.903839305387
4210000	-4789.339649528373	-988.9343018001668	-3800.4053477282064	251.0	3.431024079295244E-5	9.121107502022307E-6	9.121107502022307E-6	1.8106830825139073E-5	-0.3659438639507874	33652.37135158948	-16951.994513013615	-16951.99451301362	63767.148181659846	3623.286964270341	-3800.4053477282064
4220000	-4631.518112505199	-900.3162342556815	-3731.201878249517	758.0	3.1754529655462346E-5	7.745515442316075E-6	7.745515442316075E-6	1.6713817192909754E-5	-0.33620925015522735	35504.92876287544	-16453.690430923503	-16453.690430923503	67455.7044810855	3422.017504298903	-3731.201878249517
4230000	-4759.64491400929	-972.3191485617416	-3787.3257654475483	191.0	2.7549963922719943E-5	9.881533309378834E-6	9.881533309378834E-6	2.0190444526044902E-5	-0.41897767392242574	44026.13718142525	-21547.110588889864	-21547.11058888986	60073.88739957488	3520.376445469124	-3787.3257654475483
4240000	-4620.665969746604	-919.4412229364168	-3701.2247468101873	716.0	3.263712672455279E-5	1.2846328895126562E-5	1.2846328895126562E-5	2.385552756614792E-5	-0.4603928444997374	38881.291822143234	-20937.783129283383	-20937.783129283383	53194.1138126133	3639.254041125502	-3701.2247468101873
4250000	-4730.644306907726	-975.6175046301579	-3755.026802277568	598.0	2.9934101790762246E-5	8.532584480736715E-6	8.532584480736715E-6	2.0485756438683424E-5	-0.34456525228635504	37907.2625836019	-15788.868787743939	-15788.868787743939	55390.67401211465	3539.454115442944	-3755.026802277568
4260000	-4556.224314121094	-876.1416164808053	-3680.082697640288	365.0	3.51970181568832E-5	1.1790091444986648E-5	1.1790091444986648E-5	2.0217289650813554E-5	-0.44198015596232976	35308.982331749256	-20591.094934626395	-20591.094934626395	61470.69729406765	3430.575884481622	-3680.082697640288
4270000	-4649.693037666118	-903.8859564829485	-3745.807081183169	442.0	3.3781225843909547E-5	7.585942357699428E-6	7.585942357699428E-6	1.7660039689265377E-5	-0.31058179683286763	32762.551539137694	-14073.288160169124	-14073.288160169122	62670.25285560815	3823.9286534892613	-3745.807081183169
4280000	-4681.657282478336	-863.1855069233874	-3818.471775554949	813.0	2.5336010180674465E-5	9.465224465759485E-6	9.465224465759485E-6	1.9701482953679134E-5	-0.423655009970385	48103.25801977867	-23110.348381491975	-23110.348381491967	61860.553227295495	3653.895485083707	-3818.471775554949
4290000	-4665.3788212741565	-932.8928157354031	-3732.4860055387535	374.0	2.7052017509603442E-5	6.272113727731466E-6	6.272113727731466E-6	2.06822013354902E-5	-0.26516470341047393	39761.5461910402	-12058.142924694681	-12058.142924694681	52007.52213562336	3564.6846048580974	-3732.4860055387535
4300000	-4684.362265636879	-886.2285082627492	-3798.13375737413	58.0	2.7906235185611227E-5	9.873987773399785E-6	9.873987773399785E-6	1.8348420064141048E-5	-0.43635767894011157	44262.15501315318	-23819.16131723683	-23819.161317236827	67318.60853965342	3529.6548801961517	-3798.13375737413
4310000	-4770.650231000702	-963.8036906639168	-3806.846540336785	156.0	2.8440135945465153E-5	1.114903957495145E-5	1.114903957495145E-5	2.054309350119745E-5	-0.46125246661142566	44664.01697791402	-24239.820202056762	-24239.820202056762	61833.46800463115	3590.1401883812105	-3806.846540336785
4320000	-4654.371291173382	-866.7294191563728	-3787.6418720170086	915.0	2.754956336937802E-5	7.977501600364914E-6	7.977501600364914E-6	1.7274384006005882E-5	-0.3656859335290119	41901.55123530013	-19350.599820008738	-19350.59982000873	66825.50536278426	3554.6096654457074	-3787.6418720170086
4330000	-4604.464981557902	-783.0041879100144	-3821.460793647888	764.0	2.185764246626184E-5	3.925509214596941E-6	3.925509214596941E-6	1.379538171189979E-5	-0.22606195620510725	48214.54470334556	-13719.565247500122	-13719.56524750012	76391.96231085634	3703.647962633826	-3821.460793647888
4340000	-4720.183097111476	-941.7782239728921	-3778.4048731385838	187.0	3.079097465547402E-5	1.0661269932651603E-5	1.0661269932651603E-5	2.064618977778579E-5	-0.42284116796450816	39548.02458414945	-20421.790651581283	-20421.790651581287	58980.48190735968	3367.0703526936127	-3778.4048731385838
4350000	-4566.2803096813195	-868.5869494575252	-3697.6933602237946	942.0	3.209538660390997E-5	1.066443985001281E-5	1.066443985001281E-5	2.221084879133525E-5	-0.39942400834495656	37071.495075472965	-17799.712793356084	-17799.712793356084	53569.49559246091	3403.7364191522634	-3697.6933602237946
4360000	-4657.211213195979	-952.1599761694364	-3705.0512370265433	666.0	3.425684123401403E-5	1.0624280541188704E-5	1.0624280541188704E-5	2.104980694946714E-5	-0.3956414765025808	34608.61072523425	-17467.69413935118	-17467.69413935118	56322.686749113236	3450.6359923878003	-3705.0512370265433
4370000	-4802.623096472649	-971.3880157970442	-3831.235080675605	841.0	3.172277987375308E-5	1.1038123861417291E-5	1.1038123861417291E-5	2.0108999043768792E-5	-0.43703318728168117	38965.40286122019	-21388.679871932738	-21388.679871932734	61469.53883523238	3523.460123857215	-3831.235080675605
4380000	-4732.937484295215	-880.4208102082845	-3852.51667408693	246.0	2.9716151017458977E-5	1.0222047021824998E-5	1.0222047021824998E-5	1.595450380721897E-5	-0.4694614599580624	43165.05564572703	-27655.841500421193	-27655.841500421193	80397.3177570749	3685.5268598816647	-3852.51667408693
4390000	-4721.469496272859	-896.4227062243361	-3825.046790048523	148.0	2.712890402184483E-5	6.876066821516925E-6	6.876066821516925E-6	1.5706000371479708E-5	-0.3331126782754182	41461.82661105807	-18151.93452035583	-18151.934520355826	71616.82720600843	3650.1172935586674	-3825.046790048523
4400000	-4641.627696896366	-919.8047255070888	-3721.8229713892765	359.0	3.494491613404673E-5	1.0818983364684451E-5	1.0818983364684451E-5	1.9392696105293243E-5	-0.4155998248189166	34591.16268120311	-19298.04971836179	-19298.049718361795	62331.98686302682	3329.312795947525	-3721.8229713892765
4410000	-4650.504358074877	-939.0582864256244	-3711.446071649252	57.0	3.533657036748665E-5	9.033583866329518E-6	9.033583866329518E-6	2.0695794402289966E-5	-0.33404642791676514	31853.76022837786	-13903.965650584714	-13903.965650584714	54387.98907156592	3347.602361393158	-3711.446071649252
4420000	-4603.854751674629	-920.2983700220882	-3683.5563816525414	805.0	3.3957328442993235E-5	1.3466973288077728E-5	1.3466973288077728E-5	2.3149199878767734E-5	-0.4803250633036304	38280.50167773054	-22269.559909111376	-22269.55990911138	56153.28284523178	3549.354086268916	-3683.5563816525414
4430000	-4848.1828388367685	-989.4086001039416	-3858.7742387328267	262.0	3.0288380221681917E-5	1.0318262827678216E-5	1.0318262827678216E-5	1.7446877892360365E-5	-0.4488587555323266	41346.14176316761	-24452.533012202406	-24452.53301220241	71778.32447436012	3908.1615074621077	-3858.7742387328267
4440000	-4812.829248166579	-970.2577188772669	-3842.571529289313	147.0	2.534313413076831E-5	8.244823155447406E-6	8.244823155447406E-6	1.9057447707843713E-5	-0.3751619766283566	45921.74392137294	-19867.12299704381	-19867.122997043814	61068.0366835874	3603.9817611071717	-3842.571529289313
4450000	-4585.924884266203	-944.1758371365021	-3641.749047129701	421.0	3.6152060941861247E-5	1.2006304217368697E-5	1.2006304217368697E-5	2.3971101330657452E-5	-0.40784845295117145	33180.13612210108	-16618.794554347813	-16618.794554347816	50040.68384673383	3294.904478614355	-3641.749047129701
4460000	-4556.87933155248	-820.143324460162	-3736.736007092318	249.0	2.5975711224769943E-5	5.7203728070178525E-6	5.7203728070178525E-6	1.8190727984076223E-5	-0.26315738967460583	41361.88787123154	-13006.92412269777	-13006.92412269777	59063.30169935671	3377.791336553343	-3736.736007092318
4470000	-4720.677047367319	-923.9093161394147	-3796.7677312279043	850.0	3.020061485568115E-5	9.536144755856188E-6	9.536144755856188E-6	1.801111084094797E-5	-0.4088788938359709	39758.874863378325	-21050.69417290823	-21050.69417290823	66666.76350212906	3557.9217406116613	-3796.7677312279043
4480000	-4900.355241066124	-1008.9024397023317	-3891.4528013637923	121.0	2.5035639420782652E-5	8.352916738729871E-6	8.352916738729871E-6	2.1536695894656944E-5	-0.3597238812388767	45879.98667934463	-17794.359477475722	-17794.359477475722	53333.84511499506	3468.395958330845	-3891.4528013637923
4490000	-4690.608564566254	-910.5928271867158	-3780.0157373795387	552.0	2.6866387940829007E-5	6.4292970241277205E-6	6.4292970241277205E-6	1.623739078471645E-5	-0.3078227599499132	41117.29279547958	-16280.650734783767	-16280.650734783769	68032.67556754185	3396.6740950166873	-3780.0157373795387
4500000	-4544.28602295805	-888.9147185721752	-3655.371304385875	858.0	3.650297539761366E-5	8.90655232686854E-6	8.90655232686854E-6	2.157842747807579E-5	-0.31734787509810136	30462.939827063474	-12573.658014498784	-12573.658014498787	51532.39012324185	3318.9454792009146	-3655.371304385875
4510000	-4834.214352115095	-928.9878498379626	-3905.226502277132	56.0	2.197524903945081E-5	7.770677835973457E-6	7.770677835973457E-6	1.6740553415483466E-5	-0.405141839573466	54441.81622534333	-25270.957547982467	-25270.957547982467	71465.5268568003	3735.2137454166414	-3905.226502277132
4520000	-4681.76337969007	-921.9807331271709	-3759.7826465628996	239.0	3.4705445180294694E-5	9.964488489188247E-6	9.964488489188247E-6	1.8347760521169192E-5	-0.39487957308627564	34136.882114029664	-18539.40531268437	-18539.405312684372	64571.13332538432	3442.695238510824	-3759.7826465628996
4530000	-4672.168108184974	-911.0312466266486	-3761.1368615583256	352.0	3.0361009397274374E-5	6.633130225708163E-6	6.633130225708163E-6	1.852877622442592E-5	-0.27966431388452384	35731.628021529024	-12791.591790661198	-12791.5917906612	58549.37644027634	3554.0391978406537	-3761.1368615583256
4540000	-4665.816036677883	-946.3869699601619	-3719.4290667177206	2.0	3.454854627472776E-5	1.1909370414321958E-5	1.1909370414321958E-5	2.0676002034255736E-5	-0.4455953305236558	36115.74731884111	-20802.658652167065	-20802.65865216706	60347.57422755649	3569.1461392000997	-3719.4290667177206
4550000	-4653.409338702719	-891.1310343943926	-3762.278304308326	183.0	3.102263658845671E-5	1.0363793967195877E-5	1.0363793967195877E-5	2.35082744867507E-5	-0.38376824972453194	37801.920307071865	-16665.25179666647	-16665.25179666647	49885.21112823641	3511.4824440820166	-3762.278304308326
4560000	-4804.305759690652	-908.5150356645388	-3895.7907240261134	880.0	2.1507475700650467E-5	9.682764318100531E-6	9.682764318100531E-6	1.6665788983905655E-5	-0.5114364787683595	62965.06009915844	-36582.47670146057	-36582.47670146057	81257.44910009552	3777.647910281639	-3895.7907240261134
4570000	-4679.453528780371	-934.5494518105608	-3744.9040769698104	293.0	2.957144583375702E-5	9.27558644615329E-6	9.27558644615329E-6	1.9126651121714047E-5	-0.3900188789899763	39883.23233832441	-19341.617460997117	-19341.617460997113	61662.90362398859	3559.2717329445395	-3744.9040769698104
4580000	-4603.484800642355	-900.30658564828	-3703.178214994075	498.0	3.378567127591653E-5	9.634376488272584E-6	9.634376488272584E-6	2.0545387721778583E-5	-0.3656791229550782	34167.230069124176	-16022.08546779732	-16022.085467797317	56185.98291529876	3514.4209050411932	-3703.178214994075
4590000	-4563.046613305948	-906.4165652191301	-3656.6300480868176	149.0	3.7547275767367375E-5	1.215868239465139E-5	1.215868239465139E-5	2.1449670056850033E-5	-0.4284370199320095	32620.933033165853	-18491.079961427713	-18491.079961427713	57102.37803839547	3471.1364831152255	-3656.6300480868176
4600000	-4571.177439966542	-841.317733484027	-3729.859706482515	579.0	2.8257800652440862E-5	5.7950184252116335E-6	5.7950184252116335E-6	1.8458910825347624E-5	-0.25373630238724976	37823.62299859251	-11874.405497648004	-11874.405497648004	57902.246170430604	3236.613793627275	-3729.859706482515
4610000	-4745.071519831968	-887.1751067478352	-3857.8964130841323	40.0	2.237655586050406E-5	7.900046874744795E-6	7.900046874744795E-6	1.7826001713518994E-5	-0.39555426834821056	52978.872771790375	-23478.9373968742	-23478.937396874193	66503.11859363558	3554.118535758903	-3857.8964130841323
4620000	-4768.397612493336	-866.9650787184133	-3901.4325337749224	659.0	2.0565135075699355E-5	9.262988523697533E-6	9.262988523697533E-6	1.6292070975930495E-5	-0.5060543892935099	65365.50892869879	-37164.08797547633	-37164.08797547633	82509.49326187477	4031.3306492290494	-3901.4325337749224
4630000	-4670.922018630581	-955.3084586087865	-3715.613560021795	818.0	3.0791892978853456E-5	1.0326486953532792E-5	1.0326486953532792E-5	2.3015688675536535E-5	-0.38790235760266245	38228.212469964914	-17151.91506511676	-17151.91506511676	51144.20184172873	3543.200106384706	-3715.613560021795
4640000	-4590.090257742216	-912.6379790775097	-3677.452278664706	462.0	2.9737791392991348E-5	9.772415516945313E-6	9.772415516945313E-6	2.0291372279803904E-5	-0.3978248062256478	39949.89893774285	-19240.049755933425	-19240.04975593342	58548.12303474059	3619.6352693646418	-3677.452278664706
4650000	-4644.2113328939595	-879.8891860485068	-3764.3221468454526	766.0	3.1102835475830765E-5	7.847958814273044E-6	7.847958814273044E-6	1.765043143478752E-5	-0.33494928954467246	36214.332657432176	-16102.076157852985	-16102.076157852985	63815.34834843416	3540.920676994595	-3764.3221468454526
4660000	-4626.949039946582	-873.451935609659	-3753.4971043369233	543.0	3.082902381627758E-5	8.753784802807931E-6	8.753784802807931E-6	1.7671816086162112E-5	-0.37503809828892054	37746.08836310938	-18697.633172923746	-18697.633172923746	65849.20595845445	3400.00312564475	-3753.4971043369233
4670000	-4718.972249335258	-891.1583720606351	-3827.8138772746233	666.0	2.6800404430413476E-5	7.852660748795781E-6	7.852660748795781E-6	1.7113072959774446E-5	-0.36667572603934917	43108.90955385514	-19781.347439624747	-19781.347439624744	67511.90819516384	3630.9583631226933	-3827.8138772746233
4680000	-4623.144231996264	-905.3015714921025	-3717.8426605041614	55.0	2.8359499916905548E-5	7.335914371106059E-6	7.335914371106059E-6	1.688555934583525E-5	-0.335233370399243	39726.01877786979	-17258.929129361848	-17258.929129361848	66720.32611746795	3676.7564515211366	-3717.8426605041614
4690000	-4643.443209251299	-819.2069441139955	-3824.2362651373037	22.0	2.2185746313528784E-5	6.065686748920837E-6	6.065686748920837E-6	1.4300393105604284E-5	-0.3405406564590991	50986.82177806154	-21626.68445160253	-21626.68445160253	79101.37049714188	3613.0877124163944	-3824.2362651373037
4700000	-4760.562999017382	-884.4278240338755	-3876.1351749835067	251.0	2.6071895666554878E-5	8.475639662484479E-6	8.475639662484479E-6	1.6016306965271273E-5	-0.4147677568897421	46324.84678363022	-24514.559418048884	-24514.559418048888	75409.17982721062	3820.418024014933	-3876.1351749835067
4710000	-4721.185570325705	-896.608099956856	-3824.577470368849	918.0	2.8967336209600415E-5	1.0291404376613429E-5	1.0291404376613429E-5	1.809688358966389E-5	-0.4494883776608276	43262.36034724869	-24602.603117511215	-24602.60311751122	69249.23460940014	3757.5933790677022	-3824.577470368849
4720000	-4729.533458309474	-925.7624814214217	-3803.7709768880522	595.0	2.9600452232445862E-5	7.849544482435447E-6	7.849544482435447E-6	1.9007932391249715E-5	-0.33092367794116684	37937.861034525326	-15666.876419239092	-15666.876419239092	59079.431694033075	3465.071043994932	-3803.7709768880522
4730000	-4620.439976286296	-890.8406082506631	-3729.599368035633	349.0	2.761599732181103E-5	7.899815774647497E-6	7.899815774647497E-6	1.9409335844572052E-5	-0.3412174713310647	40982.457113400065	-16680.3163065877	-16680.316306587698	58310.6725004915	3337.9295996662204	-3729.599368035633
4740000	-4683.319174653608	-927.091793922161	-3756.2273807314464	903.0	2.6642922043047877E-5	8.041756841968706E-6	8.041756841968706E-6	2.124689465669623E-5	-0.33799655819014235	42374.33564679521	-16038.301555003836	-16038.301555003834	53136.05303294043	3323.566780818322	-3756.2273807314464
4750000	-4718.967394164411	-972.3503821763644	-3746.617011988047	304.0	2.8449858364888284E-5	5.616137050754774E-6	5.616137050754774E-6	1.6964173887962964E-5	-0.25564145770910596	37607.29252312242	-12450.220701141512	-12450.220701141512	63069.51065438706	3416.802079311849	-3746.617011988047
4760000	-4797.967947249975	-954.130686783579	-3843.837260466396	84.0	2.549590831833857E-5	7.001844304479155E-6	7.001844304479155E-6	1.6766539874060748E-5	-0.3386534325862706	44302.9098030638	-18501.257803128763	-18501.257803128763	67368.87485783729	3684.036999187594	-3843.837260466396
4770000	-4508.092657963607	-909.2845771497996	-3598.808080813808	518.0	3.677245419645861E-5	8.902036333387261E-6	8.902036333387261E-6	2.175246171437834E-5	-0.31475587726187854	30184.705578084446	-12352.870645030998	-12352.870645030998	51027.130532541676	3365.463824686477	-3598.808080813808
4780000	-4681.728347039438	-979.7068402400323	-3702.021506799405	217.0	3.1612777000238505E-5	9.03811426483438E-6	9.03811426483438E-6	2.4175890012844695E-5	-0.32693037162063177	35418.423272662214	-13241.115692059826	-13241.115692059828	46313.69169961656	3434.4438864987933	-3702.021506799405
4790000	-4723.951912248977	-902.8281059017577	-3821.1238063472197	629.0	3.026711184772979E-5	9.711544278419513E-6	9.711544278419513E-6	1.9838374419747165E-5	-0.39632344330927516	39195.722845326134	-19187.610329510826	-19187.610329510826	59800.32951345131	3531.845276192412	-3821.1238063472197
4800000	-4717.9319400550885	-882.4076358570168	-3835.524304198072	98.0	2.572234181730292E-5	8.634283485725538E-6	8.634283485725538E-6	2.1539030289517264E-5	-0.3668241986609604	44921.32183081895	-18007.46932556057	-18007.469325560567	53645.943177848305	3405.2947446870794	-3835.524304198072
4810000	-4521.6769688257755	-867.6171935960194	-3654.059775229756	837.0	3.3217783820681053E-5	1.1121787263410862E-5	1.1121787263410862E-5	2.1443323442874688E-5	-0.41671890983748444	36430.72028458241	-18895.145705251492	-18895.145705251492	56434.71237417134	3540.9461541981723	-3654.059775229756
4820000	-4643.505400155498	-946.7575385299239	-3696.7478616255744	263.0	3.441371321481754E-5	8.357812884455098E-6	8.357812884455098E-6	2.2141438812653206E-5	-0.30277774957351233	31990.932094397576	-12075.738469691834	-12075.738469691833	49722.45805191991	3347.5796355172015	-3696.7478616255744
4830000	-4707.550579696537	-913.2443298384926	-3794.3062498580443	578.0	2.7754573768638875E-5	8.012808476577539E-6	8.012808476577539E-6	1.9126139145883407E-5	-0.34777937741815357	40987.56366662042	-17171.55224465916	-17171.552244659164	59478.41070825041	3570.858279939101	-3794.3062498580443
4840000	-4647.723948809397	-995.5126617690405	-3652.2112870403566	576.0	3.6848070969132796E-5	7.997404355635634E-6	7.997404355635634E-6	2.601085368614408E-5	-0.2583237718333527	29078.93403413505	-8940.72899367063	-8940.728993670627	41194.44282473997	3397.219206099084	-3652.2112870403566
4850000	-4671.616808062156	-889.2215920100191	-3782.3952160521376	83.0	2.9744880150009768E-5	1.0347317307384651E-5	1.0347317307384651E-5	1.651843251709941E-5	-0.46680686986151027	42986.322848029	-26927.07809447401	-26927.07809447401	77405.83253772142	3701.875819093247	-3782.3952160521376
4860000	-4596.308714941324	-894.597366292383	-3701.711348648941	710.0	3.350247086304005E-5	9.412942230958011E-6	9.412942230958011E-6	2.0255801219351832E-5	-0.36133685569533763	34330.940776579184	-15953.709199893172	-15953.709199893174	56782.317846269936	3292.662793991736	-3701.711348648941
4870000	-4687.439217245976	-925.9063350947305	-3761.5328821512453	679.0	3.4668973408593694E-5	1.1633771025875988E-5	1.1633771025875988E-5	2.0304813054094907E-5	-0.43848074126365677	35710.03782744687	-20460.2919663968	-20460.2919663968	60972.26054538604	3536.1866851436985	-3761.5328821512453
4880000	-4683.27227625582	-996.3120412747643	-3686.9602349810557	465.0	3.757966164756159E-5	1.284058958294782E-5	1.284058958294782E-5	2.456117200487664E-5	-0.4226530321760531	32397.48155767653	-16937.415043575595	-16937.415043575595	49569.55616486329	3379.966385876866	-3686.9602349810557
4890000	-4597.840660698802	-868.8794403648964	-3728.9612203339057	581.0	3.179962991855813E-5	1.0603572367113649E-5	1.0603572367113649E-5	1.987371807041353E-5	-0.421795177017086	38252.443965880804	-20409.495413695226	-20409.495413695226	61207.14590423293	3399.264084241673	-3728.9612203339057
4900000	-4714.986433444487	-950.4660668025824	-3764.5203666419047	876.0	3.228388992791337E-5	7.463669636558467E-6	7.463669636558467E-6	1.762606657656423E-5	-0.31288286232782503	34336.607347935664	-14539.664455027423	-14539.664455027423	62890.90349815389	3441.8774629929108	-3764.5203666419047
4910000	-4727.218114642171	-890.7031857217002	-3836.514928920471	247.0	3.263482721552999E-5	7.868669627274816E-6	7.868669627274816E-6	1.7389767862699178E-5	-0.33030394468951135	34394.58412344194	-15563.15308931723	-15563.153089317233	64547.227937769276	3497.6467695158526	-3836.514928920471
4920000	-4788.951749407133	-938.8515063617231	-3850.10024304541	35.0	2.9655525279952767E-5	8.510923592119638E-6	8.510923592119638E-6	1.7410009344930413E-5	-0.3745625724115243	39223.46871558364	-19174.483978863234	-19174.483978863234	66811.71417068395	3480.0967360173127	-3850.10024304541
4930000	-4704.288037386816	-867.6170337536569	-3836.6710036331588	133.0	2.1670812852978192E-5	7.968832249220615E-6	7.968832249220615E-6	1.8258874743943147E-5	-0.40060842561189086	54966.41721332008	-23989.329258032183	-23989.329258032183	65237.69713813901	3466.2893269614046	-3836.6710036331588
4940000	-4544.5311169765955	-867.5223709597409	-3677.0087460168547	399.0	3.0337557059116013E-5	9.775139498560556E-6	9.775139498560556E-6	2.2190098188788493E-5	-0.37674981589862666	38415.0985173407	-16922.545527431663	-16922.545527431663	52519.83264275113	3439.84881552661	-3677.0087460168547
4950000	-4834.083547084453	-1002.1740190687271	-3831.909528015726	30.0	2.9315770016156828E-5	9.077800417591268E-6	9.077800417591268E-6	1.8142964045173274E-5	-0.39361882199793335	40365.37378549831	-20196.744373955167	-20196.744373955164	65223.19129143006	3692.426684620757	-3831.909528015726
4960000	-4664.057752420898	-880.0907644376206	-3783.966987983278	181.0	3.036259781528686E-5	6.798477235191227E-6	6.798477235191227E-6	1.5276879204134214E-5	-0.3156638592847947	36580.248532414196	-16278.847504270043	-16278.847504270041	72702.76601207664	3519.524814583554	-3783.966987983278
4970000	-4667.898818332725	-858.922254182945	-3808.9765641497793	397.0	2.539067180939541E-5	6.374251632652417E-6	6.374251632652417E-6	1.7197865748448603E-5	-0.30503862222279304	43425.194652035454	-16095.201692916811	-16095.201692916811	64112.30799196165	3506.517702649054	-3808.9765641497793
4980000	-4742.44832898593	-884.548667296736	-3857.899661689194	589.0	2.6110096752131967E-5	6.844209365706823E-6	6.844209365706823E-6	1.598821393839698E-5	-0.33498014806850307	43140.19476118054	-18467.386423557695	-18467.386423557695	70451.56284875031	3604.1846395121447	-3857.899661689194
4990000	-4520.9918179429005	-854.2746802907477	-3666.7171376521533	2.0	3.2526700245624E-5	1.0337926886522612E-5	1.0337926886522612E-5	1.8848697944638044E-5	-0.417515665572014	37234.70142229656	-20422.080192266203	-20422.080192266203	64254.94086942392	3589.292882063209	-3666.7171376521533
5000000	-4870.736851036683	-880.6757296623338	-3990.061121374349	614.0	2.8095588471638234E-5	9.084436568237247E-6	9.084436568237247E-6	1.863877447920555E-5	-0.39698148642275327	42251.34811452709	-20593.075596099596	-20593.075596099596	63688.54831748995	3584.437773457886	-3990.061121374349
5010000	-4653.476300353679	-879.4957867520425	-3773.980513601636	616.0	2.6698822195242578E-5	8.057153588547165E-6	8.057153588547165E-6	1.7082440486069495E-5	-0.3772772629068473	43670.86516754813	-20597.927344550644	-20597.927344550644	68254.92324539961	3625.195943129725	-3773.980513601636
5020000	-4686.800700209959	-957.2876152339861	-3729.513084975973	47.0	3.337323501382559E-5	9.184026340934827E-6	9.184026340934827E-6	1.8794530929570436E-5	-0.36670617378908976	34619.53918408576	-16916.98297601173	-16916.98297601173	61473.52235554008	3712.6855775950316	-3729.513084975973
5030000	-4636.376922208093	-897.9598467025971	-3738.4170755054956	344.0	3.198759284272175E-5	1.0088273599072948E-5	1.0088273599072948E-5	2.022650854559594E-5	-0.39661178169096534	37097.60846260871	-18502.98696873064	-18502.986968730642	58668.711521100195	3695.789583003609	-3738.4170755054956
5040000	-4772.631489386634	-1008.392102916515	-3764.239386470119	818.0	3.150943621069575E-5	9.443887529711763E-6	9.443887529711763E-6	2.1913256162930147E-5	-0.35939913888806235	36443.90105522233	-15706.114150743462	-15706.11415074346	52403.2926476266	3595.2083523904234	-3764.239386470119
5050000	-4644.701793528646	-843.5296456918186	-3801.1721478368277	798.0	2.4069347318351677E-5	6.804829754976591E-6	6.804829754976591E-6	1.6317685599107783E-5	-0.34336484385476945	47099.63879943588	-19641.573653593117	-19641.573653593117	69474.16396443629	3572.640674220991	-3801.1721478368277
5060000	-4797.752366542793	-935.5877984743717	-3862.1645680684214	74.0	2.4423013845829326E-5	6.532830302005368E-6	6.532830302005368E-6	1.3889553649577812E-5	-0.35469707279067236	46837.63056976624	-22029.670641691388	-22029.670641691384	82358.01731080178	3815.946401826291	-3862.1645680684214
5070000	-4703.264619162832	-926.5171704643719	-3776.74744869846	353.0	3.0184517305220745E-5	8.709211310072402E-6	8.709211310072402E-6	1.9651532551828285E-5	-0.3575925792307287	37987.0667848998	-16835.19546411893	-16835.19546411893	58347.67704347354	3476.7660643506542	-3776.74744869846
5080000	-4543.682362834484	-830.3288022218181	-3713.353560612665	885.0	3.293753862061571E-5	1.0535938573677742E-5	1.0535938573677742E-5	2.0230188171149094E-5	-0.408157421698685	36429.351804586586	-18972.508295271058	-18972.50829527106	59312.012910427235	3375.8621673055	-3713.353560612665
5090000	-4719.616242514173	-945.3214526858407	-3774.2947898283323	444.0	3.071438135519946E-5	8.566904700880243E-6	8.566904700880243E-6	1.796545809518637E-5	-0.3646984368456025	37552.73821532166	-17907.182095955726	-17907.18209595573	64201.48689592301	3414.4357004528433	-3774.2947898283323
5100000	-4626.226022262164	-900.0374842767042	-3726.18853798546	333.0	3.0246169391643634E-5	1.1077729971911228E-5	1.1077729971911228E-5	2.2015748228067458E-5	-0.4292881096704128	40531.52256520324	-20394.367598886787	-20394.367598886787	55683.926092752874	3597.616699205453	-3726.18853798546
5110000	-4714.867617684495	-970.3861966163626	-3744.481421068132	474.0	3.0135964224414426E-5	1.1566886336395643E-5	1.1566886336395643E-5	2.0104201123223445E-5	-0.4699271228496342	42587.63488787503	-24502.65638831736	-24502.65638831736	63838.370573246924	3458.9683590674977	-3744.481421068132
5120000	-4708.749798576489	-866.4749896857651	-3842.2748088907247	8.0	1.8830494341612513E-5	6.123280724424463E-6	6.123280724424463E-6	1.5451512808645704E-5	-0.35897797759992667	60961.11609989266	-24158.28351415592	-24158.283514155915	74292.2693715209	3681.095024841888	-3842.2748088907247
5130000	-4694.478164960778	-919.4514201591063	-3775.026744801671	916.0	3.0098536251863514E-5	8.267983902509114E-6	8.267983902509114E-6	1.684849589177499E-5	-0.3671523957682142	38400.64828648188	-18844.171249348135	-18844.171249348132	68599.79145734721	3477.714829190134	-3775.026744801671
5140000	-4774.630006887506	-868.0606725011015	-3906.569334386405	289.0	2.5068068281643192E-5	9.240266300139385E-6	9.240266300139385E-6	1.4885642224769073E-5	-0.47834392724034436	51727.24898170824	-32109.703319973018	-32109.703319973014	87110.93481323657	3483.378186586588	-3906.569334386405
5150000	-4751.16546210392	-898.2353975753321	-3852.930064528588	669.0	2.3410841460290136E-5	6.198228070690575E-6	6.198228070690575E-6	1.4960033652124255E-5	-0.3312018510646206	47978.205561485665	-19878.288204942408	-19878.288204942408	75080.72442000562	3735.7332433033407	-3852.930064528588
5160000	-4719.858016349505	-917.8309600896062	-3802.0270562598994	830.0	2.6342139892727295E-5	6.274858188335875E-6	6.274858188335875E-6	1.5489292961309702E-5	-0.31064373002742157	42016.566887940644	-17021.306230123977	-17021.30623012398	71456.21724238338	3459.4474350853475	-3802.0270562598994
5170000	-4676.153880288406	-879.7573156281009	-3796.3965646603056	396.0	2.6395490754189433E-5	8.319921394152081E-6	8.319921394152081E-6	1.5856407768565996E-5	-0.4066791899039378	45392.658151039606	-23817.711628036737	-23817.711628036737	75563.23639135358	3654.298670767251	-3796.3965646603056
5180000	-4694.369513057327	-976.7707117127975	-3717.5988013445294	810.0	3.512992090207768E-5	9.493671255018011E-6	9.493671255018011E-6	2.4595866721966513E-5	-0.3229717505705596	31780.846960871586	-12266.976263255256	-12266.976263255256	45392.12431734914	3479.8150088383495	-3717.5988013445294
5190000	-4664.620305832159	-903.8714021348081	-3760.7489036973507	602.0	2.9812419946847328E-5	7.762259813628363E-6	7.762259813628363E-6	2.1199371671377497E-5	-0.3087650002659509	37077.92123434648	-13576.273034489619	-13576.273034489619	52142.2321250637	3364.3437956570133	-3760.7489036973507
5200000	-4560.474540302732	-896.6346723297174	-3663.8398679730144	650.0	3.7951108479575525E-5	6.473487232057689E-6	6.473487232057689E-6	1.7924303650349365E-5	-0.24820179432331083	28079.504981311267	-10141.10899507529	-10141.108995075288	59452.70513076555	3411.5709988126678	-3663.8398679730144
5210000	-4805.290769632049	-921.3676850982234	-3883.9230845338257	406.0	2.530264439076212E-5	8.27039857748032E-6	8.27039857748032E-6	1.5041551389008996E-5	-0.4239329451882124	48180.5231306892	-26491.424963882182	-26491.42496388219	81048.46447072753	3627.958226294955	-3883.9230845338257
5220000	-4623.45355553864	-821.788687262284	-3801.664868276356	281.0	2.3449973618585444E-5	6.0377627234104235E-6	6.0377627234104235E-6	1.6980937916844278E-5	-0.30256871823036946	46941.349901308124	-16690.522867970914	-16690.522867970914	64824.06461863037	3363.243867361462	-3801.664868276356
5230000	-4656.0784769322145	-891.6593381720196	-3764.419138760195	895.0	2.5808093375957595E-5	9.832043404209179E-6	9.832043404209179E-6	2.205171005810237E-5	-0.4121399267869924	46675.865724436095	-20811.0453349207	-20811.045334920695	54626.83383039033	3637.4180128712983	-3764.419138760195
5240000	-4607.310968666856	-908.7507642625465	-3698.560204404309	825.0	3.33706842645838E-5	1.2304920625775273E-5	1.2304920625775273E-5	2.313677685279979E-5	-0.4428379499838532	37276.55795798531	-19824.934553043204	-19824.934553043204	53764.80285048243	3404.6393287119377	-3698.560204404309
5250000	-4797.9925423485165	-907.4602922543072	-3890.5322500942098	515.0	2.3256080934661095E-5	4.952093087673101E-6	4.952093087673101E-6	1.5580652071061436E-5	-0.2601523300216565	46120.936016027175	-14658.896649530412	-14658.896649530412	68841.2921281531	3574.123028762426	-3890.5322500942098
5260000	-4585.938060470732	-907.2173317283188	-3678.720728742413	740.0	3.534061732029084E-5	9.648642202930311E-6	9.648642202930311E-6	2.0514570684443556E-5	-0.3583421704480296	32464.83402456311	-15269.223641031998	-15269.223641032	55927.43290986219	3395.2704138453814	-3678.720728742413
5270000	-4747.947912076942	-916.5396453640564	-3831.4082667128855	251.0	2.568131897715875E-5	9.646977177170412E-6	9.646977177170412E-6	1.9339847393783438E-5	-0.4328685836426425	47917.3297506044	-23901.81148190531	-23901.811481905304	63629.262672182485	3715.4889506260583	-3831.4082667128855
5280000	-4595.395252733347	-936.9364981649495	-3658.4587545683976	56.0	3.6562080885589804E-5	1.0766947756271944E-5	1.0766947756271944E-5	2.0143972208301687E-5	-0.39673872784994574	32459.9969105331	-17349.85966474008	-17349.85966474008	58916.13730979052	3443.4657435643835	-3658.4587545683976
5290000	-4750.715830877264	-1035.5786539266035	-3715.137176950661	834.0	3.386607798423656E-5	1.0519381431235525E-5	1.0519381431235525E-5	2.2819925444469636E-5	-0.3783995752199356	34462.64946980294	-15886.368944806578	-15886.36894480658	51144.548098013314	3551.4961250887795	-3715.137176950661
5300000	-4768.225352564388	-939.411813796202	-3828.8135387681864	733.0	2.778006605131646E-5	1.0951690932086188E-5	1.0951690932086188E-5	2.046851054997934E-5	-0.4592735360339658	45619.69677445918	-24408.85076954808	-24408.850769548084	61915.50609122284	3447.482189428845	-3828.8135387681864
5310000	-4727.941178188191	-935.5376934382822	-3792.4034847499083	504.0	3.173298389083105E-5	9.97882219544615E-6	9.97882219544615E-6	1.86810222375784E-5	-0.409848651050557	37875.047961714445	-20231.674929098343	-20231.674929098343	64337.393936389715	3657.440359255584	-3792.4034847499083
5320000	-4791.284937717576	-965.9554692465312	-3825.3294684710454	264.0	2.8368571528993755E-5	9.47998289859147E-6	9.47998289859147E-6	1.847974548956931E-5	-0.414038595904217	42543.40611687831	-21824.4760277398	-21824.476027739798	65309.10613433025	3672.124233280397	-3825.3294684710454
5330000	-4689.325092858168	-968.3205999296041	-3721.0044929285646	28.0	3.341991086788351E-5	9.476310165506242E-6	9.476310165506242E-6	1.8410098630949706E-5	-0.3820397619326669	35035.92942387785	-18034.1963838966	-18034.1963838966	63600.83462839401	3274.5619108808296	-3721.0044929285646
5340000	-4550.173679752567	-863.6332645594645	-3686.5404151931025	194.0	3.151802958570983E-5	9.611522205427106E-6	9.611522205427106E-6	2.1488275811409256E-5	-0.3693276811926324	36739.20750774313	-16433.13367110531	-16433.13367110531	53887.40536221921	3355.5213681117402	-3686.5404151931025
5350000	-4692.016897448138	-985.173151966824	-3706.843745481314	261.0	3.9445481885832255E-5	1.0857883199859267E-5	1.0857883199859267E-5	2.2935850523553357E-5	-0.3609849598726254	29149.984496598096	-13799.668192672516	-13799.668192672516	50132.65953455961	3453.6291168234106	-3706.843745481314
5360000	-4551.382603912469	-849.6583632343758	-3701.7242406780933	407.0	3.375304789122787E-5	1.1338487464544787E-5	1.1338487464544787E-5	2.1574503663895076E-5	-0.42017307574127777	35978.85611482223	-18908.699611443186	-18908.699611443186	56288.481646392764	3273.2472110537815	-3701.7242406780933
5370000	-4686.551854641352	-982.0619343420396	-3704.4899202993124	307.0	3.4781880291519005E-5	6.599273415976098E-6	6.599273415976098E-6	2.004698721125965E-5	-0.24991656175476712	30665.94447077003	-10094.93097337272	-10094.930973372722	53205.960495131745	3267.1094674711544	-3704.4899202993124
5380000	-4660.615365460876	-941.1612748959751	-3719.454090564901	887.0	3.1655848980936355E-5	8.045742450213282E-6	8.045742450213282E-6	2.0098370005439E-5	-0.31897652695006307	35167.93651346096	-14078.363549690164	-14078.363549690162	55391.10320588213	3527.888751310285	-3719.454090564901
5390000	-4763.290805044812	-946.2711928036109	-3817.0196122412017	692.0	3.233340578180738E-5	1.0672859692542E-5	1.0672859692542E-5	1.845149926456231E-5	-0.43695754593524966	38226.40595506341	-22111.214999862597	-22111.214999862597	66985.8789035636	3699.9892935132248	-3817.0196122412017
5400000	-4732.45540907736	-1013.2794760983957	-3719.175932978964	866.0	3.7983630392013E-5	1.2567389181041925E-5	1.2567389181041925E-5	2.2837258652607557E-5	-0.4267021619862139	32187.697068208938	-17712.954170682668	-17712.95417068267	53535.56690874243	3473.968384425059	-3719.175932978964
5410000	-4707.962405504746	-824.1641697628038	-3883.7982357419423	918.0	2.2089472047152297E-5	8.073517858612035E-6	8.073517858612035E-6	1.402813548595898E-5	-0.4586381388196301	57329.670084748446	-32994.55695454538	-32994.556954545376	90274.4449593504	3722.1412721600936	-3883.7982357419423
5420000	-4522.620808126891	-870.0614720125378	-3652.5593361143524	285.0	3.4369253515178484E-5	1.02186908327266E-5	1.02186908327266E-5	2.2828583246276836E-5	-0.3648133563191039	33562.575428412485	-15023.515833333578	-15023.515833333578	50529.66498521274	3186.174719733643	-3652.5593361143524
5430000	-4573.696042625142	-881.4179693167166	-3692.278073308425	741.0	3.0068074181173022E-5	9.211747075885745E-6	9.211747075885745E-6	1.981665714096749E-5	-0.37737576022106206	38780.72525344768	-18027.169260331364	-18027.169260331364	58842.50383026132	3416.3346797141858	-3692.278073308425
5440000	-4659.992555891629	-934.5269026099905	-3725.4656532816384	625.0	3.719724009772854E-5	1.287593225041084E-5	1.287593225041084E-5	1.9377116892746036E-5	-0.4795995250176449	34914.627624501474	-23200.478292500735	-23200.47829250074	67023.78861932525	3548.7619755959495	-3725.4656532816384
5450000	-4659.232819598751	-852.8684247940429	-3806.3643948047084	857.0	2.5016384184201717E-5	8.01502527706405E-6	8.01502527706405E-6	1.7531699584271568E-5	-0.38271952354563543	46833.73842093366	-21411.13560946211	-21411.13560946211	66828.13537208833	3453.463491871781	-3806.3643948047084
5460000	-4718.918301361639	-963.840801026451	-3755.0775003351882	204.0	3.06857780234614E-5	1.0136732324596449E-5	1.0136732324596449E-5	1.9703835722152147E-5	-0.4122436929189566	39260.508378596984	-20197.755907698218	-20197.75590769822	61142.37157587741	3371.384004707893	-3755.0775003351882
5470000	-4605.412145554738	-884.1497054611262	-3721.262440093612	758.0	3.136173383905889E-5	8.438782331877408E-6	8.438782331877408E-6	1.8225882035925664E-5	-0.3529681145269623	36423.92059629779	-16864.672830640997	-16864.672830640997	62675.55670910441	3413.9817800534483	-3721.262440093612
5480000	-4562.470382131356	-843.0512226116518	-3719.4191595197044	760.0	3.342490206364386E-5	1.0334136724857557E-5	1.0334136724857557E-5	1.9846312348109145E-5	-0.40123537929574615	35658.46394767345	-18567.653041536963	-18567.653041536963	60055.522874228904	3385.780938439456	-3719.4191595197044
5490000	-4611.652194593018	-908.3333143686978	-3703.31888022432	152.0	3.177753018193145E-5	8.785449176741811E-6	8.785449176741811E-6	2.294079845480051E-5	-0.3253865791036828	35195.10900615534	-13478.381846764476	-13478.381846764476	48752.16705743881	3348.9709660246053	-3703.31888022432
5500000	-4858.3969303999365	-975.7784634125883	-3882.6184669873483	263.0	2.7498428604748935E-5	9.234837585878803E-6	9.234837585878803E-6	1.9152234067862686E-5	-0.4024070706440865	43392.2909793949	-20922.92514043113	-20922.925140431125	62301.86051744199	3614.329137305782	-3882.6184669873483
5510000	-4643.019736505399	-835.7690908286421	-3807.2506456767574	742.0	2.6754996301074317E-5	1.0006059722408778E-5	1.0006059722408778E-5	1.772642433776493E-5	-0.45946250116691356	47377.95772694105	-26743.50255350506	-26743.50255350506	71508.89878204228	3452.446578137816	-3807.2506456767574
5520000	-4601.927452356815	-827.8253996383046	-3774.1020527185096	797.0	2.490847433256675E-5	6.641717026079676E-6	6.641717026079676E-6	1.6253071732430896E-5	-0.3300951007062167	45056.45562172907	-18412.041327580082	-18412.041327580082	69050.79771049629	3555.974329412957	-3774.1020527185096
5530000	-4761.168109134638	-924.3561037936506	-3836.8120053409875	541.0	3.0000044892986478E-5	8.088965250645016E-6	8.088965250645016E-6	1.415495881901042E-5	-0.3925343908754347	39404.92178963014	-22518.260006000248	-22518.260006000248	83514.86131530619	3656.4569513746333	-3836.8120053409875
5540000	-4811.113363332053	-897.8100701748587	-3913.3032931571947	950.0	2.039257212372538E-5	5.697153737598226E-6	5.697153737598226E-6	1.6368838207124772E-5	-0.31182649094145104	54319.235081745224	-18905.7420724424	-18905.742072442405	67671.81061316478	3688.872247557633	-3913.3032931571947
5550000	-4558.096748720227	-835.0236453449372	-3723.0731033752895	549.0	2.9089114833749923E-5	6.8521576816030675E-6	6.8521576816030675E-6	1.779690567039064E-5	-0.30115483913054114	37805.89731389008	-14556.011842005932	-14556.011842005932	61793.893203939595	3392.218453749513	-3723.0731033752895
5560000	-4819.843742063956	-908.384223257716	-3911.4595188062394	795.0	2.3207113402610866E-5	7.119558646085714E-6	7.119558646085714E-6	1.4863552832160509E-5	-0.38333740095207036	50512.99828000111	-24195.443559493862	-24195.443559493862	78868.14765130942	3564.52588911681	-3911.4595188062394
5570000	-4680.300146517866	-961.2219700358376	-3719.078176482028	217.0	3.435514747792109E-5	8.034050712051654E-6	8.034050712051654E-6	1.98372075674214E-5	-0.3077502336515207	32152.930271052304	-13021.907012906919	-13021.907012906917	55684.18123140617	3411.2667450898884	-3719.078176482028
5580000	-4598.2022986236	-869.4873645744362	-3728.7149340491633	929.0	3.14709531305674E-5	9.148483062159844E-6	9.148483062159844E-6	2.2518963762882316E-5	-0.34365284149836395	36030.4278714946	-14637.60777696416	-14637.607776964158	50353.64498819019	3345.7370254857747	-3728.7149340491633
5590000	-4673.299485471555	-946.2542334117057	-3727.045252059849	593.0	3.0166680394503236E-5	6.7247230724079014E-6	6.7247230724079014E-6	2.0383648152553125E-5	-0.2711875118096753	35780.55350117448	-11804.28115085648	-11804.28115085648	52953.25516463833	3614.961840726152	-3727.045252059849
5600000	-4697.746672517179	-853.1152984891969	-3844.631374027982	184.0	2.114108362513267E-5	8.407768382606985E-6	8.407768382606985E-6	1.618242345669055E-5	-0.4545643123400558	59620.59112551647	-30976.579148298435	-30976.579148298435	77889.68729793445	3585.639139339879	-3844.631374027982
5610000	-4638.31871018601	-872.2537567167436	-3766.0649534692666	736.0	2.97433787991037E-5	8.947099409403932E-6	8.947099409403932E-6	1.6613731558736296E-5	-0.4024885380692475	40120.2967435812	-21606.240719042275	-21606.240719042282	71826.92096341723	3502.9817131002837	-3766.0649534692666
5620000	-4919.909985215481	-1063.9078124755777	-3856.0021727399035	753.0	2.2733582830426358E-5	1.0550964934574882E-5	1.0550964934574882E-5	2.0123398113667318E-5	-0.49329598075179126	58134.22248244232	-30480.545057369633	-30480.545057369636	65674.75108438267	3821.991373063799	-3856.0021727399035
5630000	-4583.341812161604	-891.507675745935	-3691.8341364156695	741.0	3.457878143248196E-5	9.97126302929147E-6	9.97126302929147E-6	2.083861027544745E-5	-0.3714590588198925	33548.56098508893	-16052.96713239504	-16052.96713239504	55669.180542452115	3369.8795084375092	-3691.8341364156695
5640000	-4754.757403879909	-903.7037117839817	-3851.0536920959275	535.0	2.54067347346073E-5	9.112166957479021E-6	9.112166957479021E-6	1.5059622796969498E-5	-0.4658436659891218	50268.40545989467	-30416.04092029357	-30416.04092029357	84806.64225588941	3587.1164510103144	-3851.0536920959275
5650000	-4674.150202422093	-918.4540360549522	-3755.6961663671404	615.0	3.0869352185982294E-5	8.32888389340423E-6	8.32888389340423E-6	1.8023447600485105E-5	-0.3531052022605834	37008.992465946336	-17102.366211692068	-17102.36621169207	63386.52003787077	3553.883376887598	-3755.6961663671404
5660000	-4576.217075247239	-944.9470185338581	-3631.270056713381	765.0	4.3720165337532715E-5	1.309553540390948E-5	1.309553540390948E-5	2.5933243116824558E-5	-0.38891432994403524	26948.875373206436	-13608.400228061479	-13608.400228061482	45432.39276590011	3328.069364643985	-3631.270056713381
5670000	-4789.747394645816	-992.6808300115086	-3797.066564634307	759.0	3.0311459123488487E-5	1.0248134354274497E-5	1.0248134354274497E-5	2.0803802591409528E-5	-0.40810322521382614	39583.36312486813	-19499.109439982374	-19499.109439982374	57673.56655388975	3568.160684315845	-3797.066564634307
5680000	-4689.93475144273	-862.4332780555318	-3827.501473387198	653.0	2.7674999643363454E-5	5.157930907248735E-6	5.157930907248735E-6	1.5186985978192199E-5	-0.2515914698166487	38575.454586380416	-13101.317783395101	-13101.317783395103	70295.42882660522	3617.0943385631467	-3827.501473387198
5690000	-4742.430611852997	-925.9844982555616	-3816.446113597435	191.0	2.8451837448291952E-5	8.40531369884735E-6	8.40531369884735E-6	1.7830335081599055E-5	-0.3731805623129747	40833.7794204837	-19249.258298735345	-19249.25829873535	65158.39714476187	3579.679914457771	-3816.446113597435
5700000	-4689.7655469593865	-931.1256893361782	-3758.639857623208	513.0	2.7432773442281247E-5	7.336020864648521E-6	7.336020864648521E-6	1.7182409131124273E-5	-0.3378964830730225	41151.14051649207	-17569.45857413163	-17569.45857413163	65700.32793803824	3467.4222188194394	-3758.639857623208
5710000	-4648.082372612644	-945.3048373643984	-3702.7775352482454	49.0	3.399902477252007E-5	1.1174066378138946E-5	1.1174066378138946E-5	2.2305838625940956E-5	-0.40575953949784827	35209.53440095807	-17638.14762302287	-17638.14762302287	53667.10718219288	3366.1851045340077	-3702.7775352482454
5720000	-4595.146501553001	-831.3958921183191	-3763.750609434682	696.0	2.6675966795689175E-5	6.442048443004186E-6	6.442048443004186E-6	1.5039441188268257E-5	-0.3216237063340755	41812.03920447804	-17909.91956976116	-17909.91956976116	74163.43170707542	3634.4807596576707	-3763.750609434682
5730000	-4619.412468255147	-864.5605304250706	-3754.8519378300766	753.0	2.815417083648046E-5	8.600427111358668E-6	8.600427111358668E-6	1.8435104079220888E-5	-0.37750773262583803	41421.827149263234	-19324.295848054244	-19324.295848054244	63259.593919732724	3624.1600107678023	-3754.8519378300766
5740000	-4731.446382095602	-939.2636577350056	-3792.182724360596	722.0	3.0514868345713157E-5	7.174532758217719E-6	7.174532758217719E-6	1.8390086354840056E-5	-0.3028628384801959	36080.418700928225	-14076.070166570576	-14076.070166570576	59868.627328509756	3538.4594605810757	-3792.182724360596
5750000	-4670.336689634816	-862.6652484623787	-3807.6714411724374	68.0	2.4908982520742126E-5	9.810022938480794E-6	9.810022938480794E-6	1.7806269920354648E-5	-0.46580650879665125	51270.64419102358	-28246.578190397937	-28246.578190397937	71721.90389642028	3695.955956255891	-3807.6714411724374
5760000	-4762.958452789864	-925.7217221592657	-3837.2367306305987	97.0	3.061263330760232E-5	1.12418593897396E-5	1.12418593897396E-5	1.7080354954216467E-5	-0.49163111175791613	43078.335405310696	-28353.075253333307	-28353.075253333303	77208.0725956537	3759.4188293008715	-3837.2367306305987
5770000	-4538.453161513911	-853.1434909060047	-3685.309670607907	243.0	3.964530973006089E-5	1.2660665628046124E-5	1.2660665628046124E-5	1.9893541527430314E-5	-0.45082145787723965	31657.79443729842	-20147.68206753919	-20147.68206753919	63089.97641806095	3366.2387084506563	-3685.309670607907
5780000	-4897.728343485138	-905.2392573153086	-3992.4890861698295	595.0	1.9846144960847843E-5	3.710612746049098E-6	3.710612746049098E-6	1.0930965713245784E-5	-0.251929071709088	53802.361579421005	-18263.686290976562	-18263.686290976562	97682.99481968477	3631.25163301699	-3992.4890861698295
5790000	-4805.662193554035	-976.7956618880942	-3828.866531665941	698.0	2.5002852862547602E-5	7.098236075161348E-6	7.098236075161348E-6	1.820024310685766E-5	-0.3327492322079928	44975.180155750495	-17540.669341287037	-17540.669341287037	61785.31821243077	3494.8803966318783	-3828.866531665941
5800000	-4717.9114684783235	-893.5141217449051	-3824.397346733418	158.0	2.814594242884645E-5	1.0617178988736698E-5	1.0617178988736698E-5	1.8742033837858393E-5	-0.4622669906142012	45184.640546263676	-25596.657244976406	-25596.657244976403	67856.2584234764	3598.6421831241732	-3824.397346733418
5810000	-4674.660697709456	-923.4271709326978	-3751.2335267767585	638.0	2.896710469659473E-5	8.908643231076387E-6	8.908643231076387E-6	2.1640390283785067E-5	-0.3558168231754503	39526.14993951318	-16271.627428688193	-16271.62742868819	52908.386056654716	3429.662921842477	-3751.2335267767585
5820000	-4639.195134435173	-874.1218924984606	-3765.0732419367123	635.0	2.698289675618079E-5	6.360932155261503E-6	6.360932155261503E-6	1.815167449831494E-5	-0.28742075783463084	40397.80366532335	-14156.693277005992	-14156.693277005992	60052.29796177059	3466.1698736880116	-3765.0732419367123
5830000	-4823.535320256228	-954.6142988446505	-3868.9210214115774	958.0	2.454652475258387E-5	6.811668607897209E-6	6.811668607897209E-6	1.7959452385507288E-5	-0.3244232412126384	45531.13661696879	-17269.068528278796	-17269.068528278796	62230.80459199276	3756.208162172652	-3868.9210214115774
5840000	-4712.558543357576	-894.8540193486151	-3817.7045240089606	252.0	2.496750850520565E-5	8.477890561364472E-6	8.477890561364472E-6	1.850954399923851E-5	-0.3943686130076003	47428.43786787476	-21723.55546721513	-21723.55546721513	63976.18039123481	3684.085706127992	-3817.7045240089606
5850000	-4709.169590783337	-908.0719060101071	-3801.09768477323	222.0	3.62114002341381E-5	9.515087564921901E-6	9.515087564921901E-6	1.546797704226509E-5	-0.4020438013739755	32940.01005837381	-20262.96517239578	-20262.965172395776	77114.40770057139	3617.449110804545	-3801.09768477323
5860000	-4614.072789560208	-923.655482294626	-3690.4173072655817	623.0	3.154506100805438E-5	6.80968675391351E-6	6.80968675391351E-6	2.1215929377645805E-5	-0.2632269904732649	34060.69647221273	-10932.477642967759	-10932.477642967759	50643.39765972569	3421.449897854234	-3690.4173072655817
5870000	-4698.386520398038	-834.2350895910932	-3864.1514308069445	517.0	2.4191902797451447E-5	6.122284414966976E-6	6.122284414966976E-6	1.5361013094191375E-5	-0.3175912708181226	45973.19517968534	-18323.073786145935	-18323.073786145935	72402.71603542681	3784.007224224445	-3864.1514308069445
5880000	-4718.585506631768	-959.9911819293436	-3758.5943247024243	379.0	3.27608080218356E-5	9.587228945336202E-6	9.587228945336202E-6	1.9389643542691403E-5	-0.3803915698150944	35688.29325315115	-17646.112850549318	-17646.112850549318	60299.06229679798	3493.0444664758356	-3758.5943247024243
5890000	-4654.0373067846085	-847.6869914506351	-3806.350315333973	27.0	2.7112062718802175E-5	9.124923517878218E-6	9.124923517878218E-6	1.7197412043472423E-5	-0.42258726423819765	44902.66986464961	-23825.29576122962	-23825.29576122962	70789.9536589946	3359.643676263734	-3806.350315333973
5900000	-4687.563651528237	-925.5229047264742	-3762.0407468017625	26.0	3.1533623468498614E-5	7.663214948423828E-6	7.663214948423828E-6	1.9457643926961957E-5	-0.3093705310754222	35068.60210025708	-13811.447924721944	-13811.447924721946	56833.19616429882	3443.9961652794814	-3762.0407468017625
5910000	-4626.059404766961	-835.2622901279293	-3790.7971146390314	614.0	2.5175049525715294E-5	7.922854207849123E-6	7.922854207849123E-6	1.6422408886717338E-5	-0.3896530383466762	46832.4090234278	-22593.905160593302	-22593.905160593302	71792.64775991226	3517.4065009697933	-3790.7971146390314
5920000	-4667.371604848442	-945.6447997340694	-3721.7268051143724	363.0	3.9494761978325704E-5	1.2566614954389289E-5	1.2566614954389289E-5	2.0881993890619503E-5	-0.43758515050635566	31316.27817928517	-18845.882809131734	-18845.882809131734	59229.447112016656	3646.695189381538	-3721.7268051143724
5930000	-4897.0739181270865	-934.8833619615428	-3962.1905561655435	280.0	2.0387712152935686E-5	6.589670591144474E-6	6.589670591144474E-6	1.2340423434797463E-5	-0.4154458526081465	59280.724166666034	-31655.351757323067	-31655.35175732307	97938.1580310742	3747.213111397057	-3962.1905561655435
5940000	-4839.544623839721	-1037.3367848426358	-3802.207838997085	298.0	2.9678822213497678E-5	8.819085939836326E-6	8.819085939836326E-6	1.8488060541001885E-5	-0.37649097176002894	39258.818399563504	-18727.053202488903	-18727.053202488903	63022.05085323113	3603.1450761907863	-3802.207838997085
5950000	-4562.740353956831	-933.1842534557089	-3629.5561005011223	107.0	3.5509131913345713E-5	8.171756581337944E-6	8.171756581337944E-6	2.3720956038093042E-5	-0.28156540893469234	30586.651404000673	-10536.955994115382	-10536.955994115382	45786.7481288707	3328.0403042919124	-3629.5561005011223
5960000	-4753.891171387163	-968.6508082241261	-3785.2403631630373	30.0	2.926745320516211E-5	7.83387850467474E-6	7.83387850467474E-6	1.7780349174996177E-5	-0.3434110162436706	38735.80360741065	-17066.682788666985	-17066.682788666985	63761.307963429485	3574.648200723411	-3785.2403631630373
5970000	-4735.946221030183	-925.1552203408537	-3810.791000689329	599.0	2.7366381460160658E-5	1.028298413064944E-5	1.028298413064944E-5	1.778203379346417E-5	-0.466143638554941	46685.46417580866	-26997.242994122127	-26997.242994122123	71848.48685584178	3524.0455920157815	-3810.791000689329
5980000	-4680.1581958250445	-923.2671543992318	-3756.8910414258125	244.0	3.1127301265323806E-5	1.0783851463406124E-5	1.0783851463406124E-5	1.843851271292406E-5	-0.4501323431531953	40289.577831879295	-23563.550359340516	-23563.55035934052	68015.56321549628	3526.4978701446676	-3756.8910414258125
5990000	-4781.157334057005	-988.455376589864	-3792.7019574671413	5.0	3.1250706477840876E-5	9.78820554781556E-6	9.78820554781556E-6	2.1490448440375612E-5	-0.37770298915937045	37323.88517203556	-16999.82487199155	-16999.824871991546	54275.1717517689	3469.5868301297296	-3792.7019574671413
6000000	-4583.873548496837	-930.3957017350505	-3653.477846761787	907.0	4.207119941232522E-5	1.2207660457596266E-5	1.2207660457596266E-5	2.244258084162935E-5	-0.39728630580083946	28224.005271956572	-15352.471070276348	-15352.471070276346	52909.14455829562	3196.6886703835626	-3653.477846761787
6010000	-4657.822541524394	-920.4220457568368	-3737.4004957675575	581.0	3.2684135640428516E-5	7.552347839633539E-6	7.552347839633539E-6	1.9175034034524173E-5	-0.3016792295724047	33659.221048271465	-13257.141807934673	-13257.141807934675	57372.6515589035	3548.7739733035814	-3737.4004957675575
6020000	-4843.228589054421	-929.8503394180439	-3913.378249636377	980.0	2.6754029631284973E-5	7.94403134601306E-6	7.94403134601306E-6	1.9223582696835555E-5	-0.3502911637171094	42605.39511592101	-17606.42642153602	-17606.426421536024	59295.19077479721	3562.3396773672957	-3913.378249636377
6030000	-4683.664730087172	-993.9317490365192	-3689.7329810506526	870.0	3.260313017303588E-5	1.1115870119924125E-5	1.1115870119924125E-5	2.145025279799667E-5	-0.4203369874672291	37254.06909221551	-19305.664943325184	-19305.664943325184	56624.00697684139	3419.9888203445726	-3689.7329810506526
6040000	-4699.171734493321	-941.3325089486274	-3757.8392255446943	735.0	3.1806544855981886E-5	7.442503469079635E-6	7.442503469079635E-6	2.078251855431523E-5	-0.28947543162477907	34315.57925783143	-12288.87716387282	-12288.87716387282	52518.17810582871	3571.7830902206165	-3757.8392255446943
6050000	-4737.571773002399	-909.4986857146088	-3828.0730872877903	435.0	2.307797457714866E-5	5.046055709643012E-6	5.046055709643012E-6	1.6599392527322645E-5	-0.2578143568776371	46416.5879699588	-14110.1964040208	-14110.196404020802	64532.53246258825	3652.079778145219	-3828.0730872877903
6060000	-4610.238326709238	-919.6041046453939	-3690.6342220638444	302.0	3.4693938349692545E-5	9.557227530577062E-6	9.557227530577062E-6	2.3205000013476988E-5	-0.3368327707307334	32512.19246439486	-13390.494321037322	-13390.494321037322	48609.17906993959	3268.746537957855	-3690.6342220638444
6070000	-4710.716672767635	-944.2253681307253	-3766.4913046369093	715.0	3.163060487128037E-5	7.130449382650097E-6	7.130449382650097E-6	1.8238899751913905E-5	-0.29686830623029453	34670.48779137969	-13554.335054792946	-13554.335054792946	60126.899919421056	3606.02784517052	-3766.4913046369093
6080000	-4695.588439954452	-905.5133838879054	-3790.075056066547	131.0	3.182321987314207E-5	9.983836488562193E-6	9.983836488562193E-6	1.8144168648058993E-5	-0.4154864480993681	37980.05419237109	-20898.54091628101	-20898.54091628101	66613.55715997347	3456.209834013769	-3790.075056066547
6090000	-4669.79956567509	-903.0105141402959	-3766.7890515347945	789.0	2.4963956067400556E-5	5.814235407615876E-6	5.814235407615876E-6	1.7688054572265446E-5	-0.2766915345665314	43378.75303967789	-14259.017622943538	-14259.017622943536	61222.40751332333	3404.9650320863298	-3766.7890515347945
6100000	-4630.315076885394	-934.7554225184463	-3695.559654366948	646.0	2.963844653874006E-5	8.297839436199598E-6	8.297839436199598E-6	2.251152245806831E-5	-0.32124388894177347	37622.51454540827	-13867.813048423648	-13867.813048423648	49533.428406900224	3405.77536378821	-3695.559654366948
6110000	-4819.2032824180815	-964.904755877356	-3854.2985265407256	90.0	2.6581136134151266E-5	7.178142935816322E-6	7.178142935816322E-6	1.5126726479924685E-5	-0.35797512973498713	43150.19794536177	-20476.227224154627	-20476.227224154627	75824.81823304218	3644.700445636187	-3854.2985265407256
6120000	-4695.382648361152	-896.8932615683617	-3798.4893867927904	190.0	2.5891272319043668E-5	6.1926515999968065E-6	6.1926515999968065E-6	1.4811653973718499E-5	-0.3162264350529561	42914.46392412497	-17942.24494808526	-17942.24494808526	75015.93501014986	3584.035936182316	-3798.4893867927904
6130000	-4571.474728230079	-948.0916599105896	-3623.3830683194888	495.0	3.987808759960204E-5	1.1336831215248264E-5	1.1336831215248264E-5	2.313744071202591E-5	-0.3732216769078121	29134.734077320125	-14275.371543752712	-14275.37154375271	50214.60636839606	3497.5808857678308	-3623.3830683194888
6140000	-4851.7502100763795	-991.328314326485	-3860.4218957498942	961.0	2.5379703978401325E-5	5.63094218503651E-6	5.63094218503651E-6	1.6456105812141983E-5	-0.2755334033301615	42638.630316324015	-14590.065529550327	-14590.065529550327	65760.1395996332	3705.067940965344	-3860.4218957498942
6150000	-4757.337558862066	-861.757984550639	-3895.5795743114263	362.0	2.179815805202249E-5	7.459285170980026E-6	7.459285170980026E-6	1.604003148450812E-5	-0.39891898364632117	54557.52081593372	-25371.52787890604	-25371.527878906043	74142.83836168538	3702.9554467509156	-3895.5795743114263
6160000	-4798.603609513845	-941.9026152943675	-3856.7009942194777	240.0	2.461689127295146E-5	1.168403606657369E-5	1.168403606657369E-5	2.0174072954051376E-5	-0.5242995580749316	56022.55529330603	-32446.078592035385	-32446.078592035385	68360.07560938623	3609.542834281758	-3856.7009942194777
6170000	-4741.787655066835	-886.1630963544195	-3855.624558712416	155.0	2.3636653096341065E-5	9.799017366952591E-6	9.799017366952591E-6	1.8353457855067328E-5	-0.4704685395668444	54333.35388537931	-29008.892086273285	-29008.892086273278	69973.66095756533	3735.6046103109798	-3855.624558712416
6180000	-4614.902517824749	-897.0692358378581	-3717.8332819868915	12.0	2.84063808417273E-5	6.409462528295191E-6	6.409462528295191E-6	1.902632450450018E-5	-0.2756996472309185	38099.297026941866	-12834.639532759682	-12834.63953275968	56882.407366352774	3373.32798284906	-3717.8332819868915
6190000	-4662.357630124355	-966.9251713960332	-3695.4324587283213	244.0	3.6358706032782904E-5	1.2603551056013374E-5	1.2603551056013374E-5	2.1061276642589137E-5	-0.45545593878231455	34702.398507306076	-20766.711286082158	-20766.711286082158	59907.7789713946	3395.0976824214295	-3695.4324587283213
6200000	-4641.394386602593	-898.7807252416084	-3742.613661360984	537.0	3.1342336145479445E-5	6.99952944341894E-6	6.99952944341894E-6	1.6820645204964043E-5	-0.3048469382217816	35174.55607921891	-14637.092569018952	-14637.09256901895	65541.64522045475	3430.5457297361	-3742.613661360984
6210000	-4718.1415051580525	-901.030989129438	-3817.1105160286147	488.0	2.9882282392637214E-5	9.212635684361931E-6	9.212635684361931E-6	1.782594614819845E-5	-0.39916340563692404	39807.180744357254	-20572.76796252263	-20572.767962522626	66730.22606308342	3571.335613660612	-3817.1105160286147
6220000	-4605.845420008113	-778.2130007230646	-3827.6324192850484	970.0	2.640001863305613E-5	6.227296161111633E-6	6.227296161111633E-6	1.4391447684840593E-5	-0.3194810935285678	42184.45080293099	-18253.55407575902	-18253.554075759017	77384.17368502238	3405.985799247363	-3827.6324192850484
6230000	-4754.726050691352	-966.2519707726435	-3788.474079918708	34.0	3.2505020484696365E-5	9.28102007985324E-6	9.28102007985324E-6	2.0597111212103165E-5	-0.35868840122853674	35306.98176980006	-15909.260448716434	-15909.260448716432	55719.180901726344	3519.6464238201543	-3788.474079918708
6240000	-4683.964229176186	-939.2459392886796	-3744.7182898875058	324.0	3.36239883040054E-5	1.1408318932104247E-5	1.1408318932104247E-5	1.9667212242540745E-5	-0.4436348331682671	37028.27580354716	-21478.91499126936	-21478.914991269357	63305.276679879535	3476.183254091606	-3744.7182898875058
6250000	-4718.49461959447	-1012.3776335053371	-3706.1169860891328	328.0	3.4674158071213115E-5	1.0708149657387502E-5	1.0708149657387502E-5	2.322700179551913E-5	-0.37732440263963424	33627.60884677819	-15503.054217736186	-15503.054217736188	50200.58270865824	3544.7760787022207	-3706.1169860891328
6260000	-4675.836305012944	-982.1444700473305	-3693.6918349656135	698.0	4.1298683752498905E-5	1.0956582226735995E-5	1.0956582226735995E-5	1.9610229065712386E-5	-0.38500437432652657	28427.62762099876	-15883.018933475649	-15883.018933475649	59867.918881486126	3351.8284246593507	-3693.6918349656135
6270000	-4774.03437960373	-893.8509029966528	-3880.183476607077	690.0	2.515462114968859E-5	8.72590930950423E-6	8.72590930950423E-6	1.6841944667059726E-5	-0.4239412601715915	48464.459628037665	-25109.717898284438	-25109.717898284445	72385.05678931774	3693.883342573984	-3880.183476607077
6280000	-4537.909339301563	-885.8586650754992	-3652.0506742260636	553.0	2.985932538539919E-5	7.23499815085872E-6	7.23499815085872E-6	2.155936411708445E-5	-0.28515464805787016	36454.61530469062	-12233.620290808947	-12233.620290808945	50488.97612521578	3362.5518844833937	-3652.0506742260636
6290000	-4616.671087038619	-844.4657177919283	-3772.20536924669	716.0	3.0343601721536503E-5	9.827827006212488E-6	9.827827006212488E-6	1.6749291956441965E-5	-0.43593898847289875	40688.41769401504	-23874.366229522748	-23874.36622952275	73712.55718734172	3602.721643212279	-3772.20536924669
6300000	-4687.473505966285	-892.2932220782258	-3795.1802838880594	561.0	2.412214485151008E-5	9.286862335702957E-6	9.286862335702957E-6	1.9314607020903688E-5	-0.430247255932756	50872.90410268213	-24460.7439596212	-24460.743959621203	63535.51798665917	3503.9984733135225	-3795.1802838880594
6310000	-4628.942845763108	-880.2650183840557	-3748.677827379053	943.0	3.071229551503495E-5	1.104691466353683E-5	1.104691466353683E-5	2.048550662364441E-5	-0.4404143952275951	40395.56950361876	-21783.518332731343	-21783.518332731343	60561.8738597035	3574.607128649289	-3748.677827379053
6320000	-4609.940597509312	-938.1271078961977	-3671.813489613115	281.0	3.7138383402274944E-5	1.0833206040364738E-5	1.0833206040364738E-5	2.339123351972284E-5	-0.3675521294394253	31132.097352043533	-14418.240269330492	-14418.24026933049	49428.59326346638	3246.871699092806	-3671.813489613115
6330000	-4680.372567779024	-872.4937055878622	-3807.878862191162	984.0	2.5482191569118764E-5	6.51186346045739E-6	6.51186346045739E-6	1.96217552019994E-5	-0.29121783643065585	42879.61990742049	-14230.441018088964	-14230.441018088963	55686.49071621013	3449.982235007702	-3807.878862191162
6340000	-4638.4826199663385	-878.0641955069967	-3760.418424459342	120.0	2.992393522471639E-5	7.67802519922191E-6	7.67802519922191E-6	1.7413351029386915E-5	-0.33635586335323503	37681.129190521904	-16614.645795155124	-16614.645795155124	64753.05454926251	3501.2300668835423	-3760.418424459342
6350000	-4621.614705591022	-903.8732600243411	-3717.7414455666813	512.0	3.714088257093336E-5	1.3671862567605861E-5	1.3671862567605861E-5	2.0477740735992706E-5	-0.495747524483968	35697.79972703717	-23833.45985898432	-23833.459858984323	64745.80398277081	3494.957716206641	-3717.7414455666813
6360000	-4713.384796147007	-893.2837933837691	-3820.1010027632387	771.0	3.069221075730435E-5	9.671985773378476E-6	9.671985773378476E-6	1.8122626889241784E-5	-0.41010115133999486	39169.13785968835	-20904.438768714066	-20904.438768714066	66336.26801008213	3537.624518818983	-3820.1010027632387
6370000	-4630.744005134379	-911.3464790852829	-3719.397526049096	892.0	2.9748439631387962E-5	6.84413129001593E-6	6.84413129001593E-6	2.0359574279495597E-5	-0.27810057713737535	36432.92866361672	-12247.394942079069	-12247.394942079069	53234.05902626357	3579.423505465216	-3719.397526049096
6380000	-4748.622911460427	-978.1486266340763	-3770.4742848263504	839.0	3.231174726783665E-5	8.409396911542218E-6	8.409396911542218E-6	2.009607207494575E-5	-0.33001147375462625	34730.961280175456	-14533.508709322658	-14533.50870932266	55842.656170264534	3578.402169038897	-3770.4742848263504
6390000	-4733.376366128046	-892.6397714211862	-3840.7365947068606	256.0	2.5101091475773925E-5	9.499097950386361E-6	9.499097950386361E-6	1.6540142550581766E-5	-0.4661937411668037	50901.70981655591	-29233.14148659503	-29233.141486595025	77247.73051207646	3645.4084181068893	-3840.7365947068606
6400000	-4680.227251754648	-837.7347734509827	-3842.492478303665	454.0	2.5161640822962984E-5	1.0146980494047738E-5	1.0146980494047738E-5	2.0512806759110386E-5	-0.4466371070298483	49646.81672455024	-24558.5739100202	-24558.5739100202	60898.315140213446	3564.545387923396	-3842.492478303665
6410000	-4653.538741335997	-897.8326164214743	-3755.706124914522	593.0	3.516349815467747E-5	1.0819044276644514E-5	1.0819044276644514E-5	1.8305933169154987E-5	-0.4264291898098925	34759.27167144753	-20543.181042032917	-20543.181042032913	66768.3845441078	3681.0884627723512	-3755.706124914522
6420000	-4604.306328832416	-968.103455322515	-3636.202873509901	91.0	3.965864310180993E-5	1.2746302616105332E-5	1.2746302616105332E-5	2.676499656436316E-5	-0.3912295981834825	29772.123464539698	-14178.387592559839	-14178.38759255984	44114.40950585808	3377.8341253597896	-3636.202873509901
6430000	-4619.661618148219	-886.7995651646438	-3732.8620529835744	212.0	3.311221938010208E-5	9.78202361487919E-6	9.78202361487919E-6	1.7824304803623738E-5	-0.40265051736133356	36044.06308388888	-19781.07309919402	-19781.073099194025	66959.07286893598	3603.179503493659	-3732.8620529835744
6440000	-4667.024760067078	-993.4072844384019	-3673.6174756286764	677.0	3.860183039847541E-5	1.2582819590434592E-5	1.2582819590434592E-5	2.545324536580365E-5	-0.40142317228230934	30881.821418654294	-15266.437813741513	-15266.437813741513	46834.689080570985	3322.493075962382	-3673.6174756286764
6450000	-4765.685420176093	-897.9097727452694	-3867.7756474308244	692.0	2.3965563220936152E-5	9.233638910371437E-6	9.233638910371437E-6	1.7840495531792857E-5	-0.4465556726213977	52119.86317676912	-26975.483712020392	-26975.48371202039	70013.85548980195	3691.3786296588246	-3867.7756474308244
6460000	-4749.599982059888	-958.5426517099345	-3791.057330349954	225.0	2.7431224791667863E-5	9.133752059123236E-6	9.133752059123236E-6	1.7846802410253698E-5	-0.41280638973321887	43943.11397878136	-22489.49131399476	-22489.49131399476	67542.26386824767	3619.6797442916077	-3791.057330349954
6470000	-4676.263788382607	-917.9123497330148	-3758.351438649592	893.0	3.201743647796511E-5	7.786100499802089E-6	7.786100499802089E-6	1.967636050852422E-5	-0.31020896256056424	34558.53552890038	-13675.1016854682	-13675.101685468202	56233.75906274534	3310.8679676207157	-3758.351438649592
6480000	-4711.495124712279	-929.3376076283727	-3782.1575170839064	282.0	2.831920183156288E-5	9.711805862725221E-6	9.711805862725221E-6	2.0782185705496894E-5	-0.40032607390311414	42050.83750191945	-19650.944129309162	-19650.944129309162	57301.29502635189	3391.0754103531594	-3782.1575170839064
6490000	-4617.289508672425	-908.2170273534964	-3709.072481318928	81.0	3.9528782743879246E-5	8.73183407059766E-6	8.73183407059766E-6	1.70581939307731E-5	-0.3362654365656769	28523.275073270583	-14600.637447350518	-14600.637447350518	66096.70098082417	3301.080709726709	-3709.072481318928
6500000	-4666.3371356705375	-866.5628124770731	-3799.774323193464	713.0	2.629981269734808E-5	7.993974356577275E-6	7.993974356577275E-6	1.7903287588225133E-5	-0.36840034566782287	43993.881998371435	-19643.652754177354	-19643.652754177354	64626.72571641945	3471.8135098750813	-3799.774323193464
6510000	-4842.297916576981	-974.6192461107489	-3867.6786704662322	722.0	2.621180230921366E-5	9.658321681167905E-6	9.658321681167905E-6	1.8518445004012956E-5	-0.4383802358736945	47226.63762669163	-24631.120918613426	-24631.12091861342	66846.61098334444	3686.317571943788	-3867.6786704662322
6520000	-4659.613367184305	-892.7267808577157	-3766.88658632659	121.0	3.4567520695359425E-5	8.251051566387319E-6	8.251051566387319E-6	1.876620698072963E-5	-0.3239566762673665	32320.901542080755	-14210.725991122323	-14210.725991122321	59535.389015788845	3302.307413971192	-3766.88658632659
6530000	-4600.677497208782	-766.9311165132983	-3833.746380695484	4.0	2.216384656985448E-5	8.472556681319773E-6	8.472556681319773E-6	1.7748786332150618E-5	-0.4271767279051577	55189.4995369481	-26345.247178588663	-26345.24717858866	68918.04189384007	3700.0618557249436	-3833.746380695484
6540000	-4652.375816650621	-934.4656140094694	-3717.9102026411515	649.0	3.585347133987107E-5	1.1630750439841343E-5	1.1630750439841343E-5	2.0587723256430804E-5	-0.4280928467967473	34149.694045601274	-19292.39887743579	-19292.39887743579	59471.61138116041	3278.0897514446906	-3717.9102026411515
6550000	-4821.585295851723	-841.5498152571463	-3980.0354805945767	744.0	3.2148550965540374E-5	1.1503418159069521E-5	1.1503418159069521E-5	1.9181503110209572E-5	-0.4632387567970676	39604.29177554493	-23751.25278609689	-23751.252786096888	66377.519284323	3671.352193569312	-3980.0354805945767
6560000	-4564.122138470478	-859.5708847335515	-3704.551253736926	936.0	3.3089998316173585E-5	7.970481180215344E-6	7.970481180215344E-6	1.9855018316304008E-5	-0.3109574900281766	33455.58509464223	-13430.212308138367	-13430.212308138367	55756.44589253588	3543.198503867149	-3704.551253736926
6570000	-4843.289999376967	-938.3625694811012	-3904.9274298958658	855.0	2.2038369782021394E-5	6.5089653794207345E-6	6.5089653794207345E-6	1.6380174050770696E-5	-0.3425807632391712	51408.82835727197	-20428.249598380924	-20428.249598380928	69166.9554845005	3547.9446870609117	-3904.9274298958658
6580000	-4581.550872100146	-819.4613511056732	-3762.089520994473	361.0	2.7473511170212444E-5	9.61647429673471E-6	9.61647429673471E-6	1.969748888593112E-5	-0.41338371108664135	43900.71902226659	-21432.68812235925	-21432.68812235925	61231.50526563098	3477.652990007197	-3762.089520994473
6590000	-4601.468317004275	-859.2879554697681	-3742.180361534507	322.0	2.855663060578187E-5	7.597604260494828E-6	7.597604260494828E-6	1.7191241209169668E-5	-0.34290164589670247	39684.27502330293	-17538.315780879995	-17538.31578087999	65920.14904044576	3550.239590414971	-3742.180361534507
6600000	-4588.990460272011	-901.9316149171993	-3687.0588453548116	206.0	3.1162335166406955E-5	1.1631884421990951E-5	1.1631884421990951E-5	2.140278484611933E-5	-0.4504016141164212	40256.52494934156	-21878.426046348777	-21878.426046348777	58613.27542773781	3571.831326905618	-3687.0588453548116
6610000	-4740.827074937274	-917.6716186501184	-3823.155456287156	627.0	2.6022415451143888E-5	9.333457977208127E-6	9.333457977208127E-6	1.909879370932389E-5	-0.4186641793060466	46595.685642199955	-22771.012686961425	-22771.012686961425	63487.375614737284	3542.900632940082	-3823.155456287156
6620000	-4748.2090061200215	-1007.5506129863123	-3740.6583931337095	876.0	3.3081980941387753E-5	9.670805412655813E-6	9.670805412655813E-6	1.9222962495215968E-5	-0.38349237390099195	35439.963849107044	-17829.35352974688	-17829.35352974688	60990.818085995445	3474.1384040322096	-3740.6583931337095
6630000	-4603.082611319463	-882.3823413236227	-3720.70026999584	471.0	3.186985571128878E-5	8.673833287510189E-6	8.673833287510189E-6	1.7403632763129694E-5	-0.36829944699953254	36301.74437004697	-18092.503042162272	-18092.503042162272	66476.42885182529	3541.9150764626693	-3720.70026999584
6640000	-4880.619949683385	-1015.3688022318622	-3865.251147451523	426.0	2.2489168524769373E-5	8.56967432648186E-6	8.56967432648186E-6	1.923553820243643E-5	-0.4120267827863492	53558.2185150169	-23860.860317498707	-23860.86031749871	62617.421430822025	3675.2243968089565	-3865.251147451523
6650000	-4468.154018649944	-806.53531571946	-3661.6187029304847	918.0	3.350684823321377E-5	9.826308374629755E-6	9.826308374629755E-6	1.9078302186632118E-5	-0.3886455848153329	35154.583001595034	-18106.42110476867	-18106.42110476867	61741.305165074475	3415.268849010418	-3661.6187029304847
6660000	-4662.932594940218	-904.8536043584555	-3758.0789905817624	636.0	3.434757540044338E-5	1.0369290096551155E-5	1.0369290096551155E-5	1.8355983720411088E-5	-0.41296395830064336	35100.07660669975	-19828.023509376242	-19828.023509376242	65678.99308329516	3709.506549811969	-3758.0789905817624
6670000	-4754.289207149282	-923.405344569013	-3830.883862580269	464.0	2.2293097690504356E-5	7.031500855256041E-6	7.031500855256041E-6	1.6808740415277587E-5	-0.3632413149962796	51675.17595897807	-21616.970395997403	-21616.9703959974	68535.75683639204	3661.8615246718286	-3830.883862580269
6680000	-4693.081183788937	-887.1520571975301	-3805.9291265914067	872.0	2.4607344973721166E-5	8.477453572850816E-6	8.477453572850816E-6	1.6782711467699587E-5	-0.41715934519579695	49200.183192602584	-24852.4959505971	-24852.4959505971	72138.87236998415	3391.853120611895	-3805.9291265914067
6690000	-4816.29770621764	-1013.1885618139121	-3803.1091444037274	535.0	3.5558696856987066E-5	9.80705666954918E-6	9.80705666954918E-6	1.9089285089518246E-5	-0.3764184781307306	32765.01954863277	-16832.91972357659	-16832.91972357659	61033.26511074128	3365.6681163371377	-3803.1091444037274
6700000	-4670.356605822257	-902.2060007496711	-3768.150605072586	9.0	2.7924815999179565E-5	9.034300070990593E-6	9.034300070990593E-6	1.9752775250252726E-5	-0.38466731862014775	42029.50315016635	-19222.976947929834	-19222.976947929837	59417.78444476133	3622.1285739018363	-3768.150605072586
6710000	-4722.072492557354	-855.2843963960162	-3866.7880961613378	623.0	3.916348900103935E-5	1.1679458168702631E-5	1.1679458168702631E-5	2.400777438560659E-5	-0.3808956889883804	29867.159603422962	-14529.969984026484	-14529.969984026484	48721.808104053795	3438.078213851323	-3866.7880961613378
6720000	-4652.881367163096	-856.1872196492272	-3796.6941475138688	468.0	2.8305316404220692E-5	9.686003596028152E-6	9.686003596028152E-6	1.6047642073740466E-5	-0.4544697740075577	44525.46536963648	-26874.59102735349	-26874.59102735349	78535.36236298751	3290.810530565242	-3796.6941475138688
6730000	-4820.064987312097	-946.5826472279504	-3873.482340084147	258.0	2.334371774994844E-5	7.809540547891978E-6	7.809540547891978E-6	1.9861534184787724E-5	-0.36268874302074366	49326.66102713623	-19395.20662399728	-19395.206623997277	57974.758739774385	3733.9131070756775	-3873.482340084147
6740000	-4814.275690936818	-927.9546475564997	-3886.3210433803183	683.0	2.4558420203435576E-5	8.360139637274074E-6	8.360139637274074E-6	1.6672762210022914E-5	-0.41315169637409876	49100.389385127884	-24620.162294249785	-24620.162294249785	72323.22871775793	3594.9976922681617	-3886.3210433803183
6750000	-4715.195574722088	-949.8121879562643	-3765.3833867658236	951.0	3.373307610227852E-5	1.1053243789401471E-5	1.1053243789401471E-5	1.8355380363227324E-5	-0.444201562244923	36931.6679108803	-22239.513477257147	-22239.51347725715	67872.13010947149	3411.8135552094855	-3765.3833867658236
6760000	-4594.459239782986	-841.1051245078237	-3753.3541152751623	862.0	2.7467554249672386E-5	5.824138160377097E-6	5.824138160377097E-6	1.7230319720011485E-5	-0.26771641778232824	39217.381858059394	-13256.135344042932	-13256.135344042932	62518.02527293126	3444.799400590044	-3753.3541152751623
6770000	-4748.2462795052425	-930.1567593560981	-3818.0895201491444	930.0	2.5795265552199987E-5	8.696802648339936E-6	8.696802648339936E-6	1.8079579459325955E-5	-0.4027128163413159	46270.90947787681	-22257.650903529324	-22257.65090352932	66017.59736772873	3596.0968038798096	-3818.0895201491444
6780000	-4743.703688615543	-934.1871327523111	-3809.5165558632316	165.0	2.4160114076560866E-5	6.411514015661212E-6	6.411514015661212E-6	1.796888423644758E-5	-0.30771633436317636	45719.701515415814	-16313.33939273502	-16313.339392735019	61472.553867214134	3661.5145896811746	-3809.5165558632316
6790000	-4744.509813531597	-925.9866787566614	-3818.523134774935	740.0	2.5540959689214168E-5	7.3236851264239225E-6	7.3236851264239225E-6	1.5951126206418953E-5	-0.3628401874219672	45088.88345906265	-20701.784995175763	-20701.784995175763	72196.36657355075	3646.4571535981736	-3818.523134774935
6800000	-4711.128600556383	-868.81963957906	-3842.3089609773233	568.0	2.44093826487851E-5	1.0471603295060845E-5	1.0471603295060845E-5	1.8296168924595638E-5	-0.49551260037834727	54300.37194343174	-31078.19763302913	-31078.19763302913	72443.50236386295	3674.4045872036377	-3842.3089609773233
6810000	-4765.787135807703	-928.3098347643927	-3837.4773010433105	21.0	2.6707690106305973E-5	9.332498411647757E-6	9.332498411647757E-6	1.858332491667704E-5	-0.4189074174489298	45411.33617844991	-22805.4572933748	-22805.4572933748	65264.52609559131	3585.1205010765	-3837.4773010433105
6820000	-4772.04777037557	-901.5548421173501	-3870.4929282582198	642.0	2.5913804502863383E-5	7.178643664617126E-6	7.178643664617126E-6	1.540358933247812E-5	-0.35930713504189477	44309.95794925953	-20650.083045334588	-20650.083045334588	74543.63804715122	3823.4702242982153	-3870.4929282582198
6830000	-4683.345352878334	-912.3444528930801	-3771.000899985254	946.0	3.194627169657564E-5	6.733211859006411E-6	6.733211859006411E-6	1.980866747209538E-5	-0.2676606685705874	33718.20479135323	-11461.236182866303	-11461.236182866303	54378.76792584699	3533.2967111753483	-3771.000899985254
6840000	-4753.359370784473	-958.7726215607219	-3794.5867492237508	533.0	2.754729311378691E-5	1.0184342403316473E-5	1.0184342403316473E-5	2.1313143254476113E-5	-0.4203100505232826	44090.2071109788	-21068.209437246813	-21068.209437246816	56986.70741485427	3465.668520700542	-3794.5867492237508
6850000	-4703.826183868524	-846.6488248513477	-3857.1773590171765	917.0	1.9499358690216107E-5	4.14952275211207E-6	4.14952275211207E-6	1.5939910381562475E-5	-0.23536671633785003	54291.34202515987	-14133.276385084431	-14133.276385084433	66414.8245868635	3537.2636386584463	-3857.1773590171765
6860000	-4645.647317725074	-872.830359182279	-3772.816958542795	37.0	3.097984459347345E-5	7.669424601691284E-6	7.669424601691284E-6	1.7720678495914695E-5	-0.3273278754461086	36152.565283012285	-15646.656738324442	-15646.65673832444	63203.04577397123	3421.5659774743463	-3772.816958542795
6870000	-4656.388574261436	-875.6734374737388	-3780.7151367876972	548.0	2.9117997503909854E-5	9.76876936527394E-6	9.76876936527394E-6	2.0019984924711897E-5	-0.40460126008910874	41065.53930117275	-20037.96625234084	-20037.966252340844	59727.63093304217	3319.484197767829	-3780.7151367876972
6880000	-4758.186523430382	-891.4479468606228	-3866.7385765697595	582.0	2.2186090323905403E-5	7.309965231517845E-6	7.309965231517845E-6	1.5099609758401791E-5	-0.39938528652050465	53627.30259104802	-25961.844290877903	-25961.844290877903	78795.42571955376	3681.571598430982	-3866.7385765697595
6890000	-4752.501824632071	-1024.6919257908253	-3727.8098988412453	366.0	3.7085262885965914E-5	1.0387089958572008E-5	1.0387089958572008E-5	2.03251307237031E-5	-0.3783350158373681	31469.3260938823	-16082.293664738536	-16082.293664738538	57418.97786048698	3421.4223665279533	-3727.8098988412453
6900000	-4748.987435429726	-1013.8565894621875	-3735.130845967539	172.0	3.4683617550806126E-5	9.874399704742597E-6	9.874399704742597E-6	2.0818820883776253E-5	-0.36746877727933847	33333.139847710154	-15809.961001531532	-15809.961001531534	55532.14952468583	3484.956469393186	-3735.130845967539
6910000	-4808.707977758186	-1023.9182286833274	-3784.7897490748583	592.0	3.539564592243235E-5	1.276950244844003E-5	1.276950244844003E-5	2.140107895282273E-5	-0.46396072681547323	36001.79230417279	-21481.39240969099	-21481.392409690994	59544.03961503882	3495.631131670121	-3784.7897490748583
6920000	-4677.1045816707865	-905.0805497442173	-3772.024031926569	558.0	3.0669864591959455E-5	9.221029678479216E-6	9.221029678479216E-6	1.7696236069232177E-5	-0.395806606601032	38662.231745582656	-20145.84259429624	-20145.842594296235	67006.64524483966	3580.590208626329	-3772.024031926569
6930000	-4734.092790891388	-927.5006562169776	-3806.5921346744108	478.0	2.3855240847557597E-5	7.3812940826924955E-6	7.3812940826924955E-6	1.6337211612445706E-5	-0.3738967056280309	48732.211821402605	-22017.63650290306	-22017.63650290306	71157.71513592593	3445.997877411284	-3806.5921346744108
6940000	-4757.267580015455	-935.9012565651609	-3821.3663234502937	805.0	2.9089185295398415E-5	1.0678343883849077E-5	1.0678343883849077E-5	2.0600958501874827E-5	-0.4362087872579063	42455.363113781736	-22006.40164395189	-22006.401643951893	59948.274944965655	3579.171700985616	-3821.3663234502937
6950000	-4641.733509666633	-968.7308217023999	-3673.0026879642332	878.0	3.353834631617419E-5	1.2115140834461775E-5	1.2115140834461775E-5	2.346510272402815E-5	-0.4318634150171867	36652.534051350754	-18923.87249246152	-18923.87249246152	52386.95925762161	3467.342603177566	-3673.0026879642332
6960000	-4682.77100842905	-948.8725023498084	-3733.8985060792415	916.0	3.99443014629055E-5	1.028609868186955E-5	1.028609868186955E-5	1.861626129142104E-5	-0.3772046502644489	29187.797711572028	-16127.221404333795	-16127.221404333797	62627.30054001839	3362.0317141782734	-3733.8985060792415
6970000	-4579.552664735878	-870.1028248310402	-3709.4498399048384	55.0	3.0452884193522763E-5	8.52331273286289E-6	8.52331273286289E-6	1.8547175303487757E-5	-0.35863718724247007	37684.633534836226	-17317.888658783573	-17317.888658783577	61874.96274410622	3588.994359450415	-3709.4498399048384
6980000	-4804.818832236592	-939.7017960873087	-3865.117036149283	873.0	2.261103807582493E-5	8.126330260868571E-6	8.126330260868571E-6	1.9198520405421584E-5	-0.39003208795549843	52161.21318019189	-22078.745453222953	-22078.745453222953	61432.81630002471	3659.4958335952692	-3865.117036149283
6990000	-4862.987145053379	-933.9260243499764	-3929.061120703403	773.0	1.4716335420917833E-5	4.591843384113395E-6	4.591843384113395E-6	1.7133411992257882E-5	-0.2891780327798537	74152.63439871935	-19873.29107781919	-19873.29107781919	63691.63600626379	3701.2932841645456	-3929.061120703403
7000000	-4702.60260147276	-930.9221958839943	-3771.680405588766	358.0	3.1737602746913305E-5	9.726633174385437E-6	9.726633174385437E-6	2.0251223701343487E-5	-0.38366293248773603	36946.8388078799	-17745.512732327134	-17745.512732327134	57902.87590181232	3404.9855822742647	-3771.680405588766
7010000	-4860.949433690968	-946.7915149570126	-3914.157918733956	459.0	1.95201260801823E-5	7.041196856756491E-6	7.041196856756491E-6	1.678990568833487E-5	-0.38893860204419634	60360.03515945456	-25313.238664213877	-25313.238664213877	70175.23018818341	3886.6401527593707	-3914.157918733956
7020000	-4669.256246734455	-899.1629574896104	-3770.0932892448445	98.0	2.898652763913793E-5	5.839320738858776E-6	5.839320738858776E-6	1.8918253594505784E-5	-0.2493582334165454	36786.129724554106	-11354.431270829447	-11354.43127082945	56363.668066452774	3201.743310662923	-3770.0932892448445
7030000	-4725.527692791088	-861.246318613434	-3864.2813741776545	137.0	2.310186163203352E-5	7.984821112920025E-6	7.984821112920025E-6	1.470672181715013E-5	-0.43319532679506795	53286.13441989703	-28931.005592675167	-28931.005592675163	83703.82737768715	3848.8113774212256	-3864.2813741776545
7040000	-4729.687851484158	-938.7201157534068	-3790.9677357307514	335.0	2.8061541357624115E-5	7.2803580237751525E-6	7.2803580237751525E-6	1.9257696861331317E-5	-0.31318056469416694	39511.31238789025	-14937.222360720923	-14937.222360720925	57574.295340223696	3467.1326772955003	-3790.9677357307514
7050000	-4694.591844449963	-962.0659721125885	-3732.5258723373745	120.0	3.3273106463952974E-5	9.044787015860077E-6	9.044787015860077E-6	1.8535089521424404E-5	-0.36421206300182796	34650.73740283053	-16908.93045802854	-16908.93045802854	62202.973086598584	3570.064345745058	-3732.5258723373745
7060000	-4938.115975677536	-1048.1559558295999	-3889.960019847936	942.0	2.6330325786281975E-5	7.241362380363363E-6	7.241362380363363E-6	1.455248823078532E-5	-0.36993339382174084	44000.52441790418	-21894.794703357504	-21894.794703357507	79611.68731542423	3709.884678653376	-3889.960019847936
7070000	-4699.825149719159	-868.7387664628329	-3831.086383256326	306.0	2.29033863469608E-5	9.396644789105985E-6	9.396644789105985E-6	1.8504941205673598E-5	-0.4564351749136922	55151.55941037799	-28005.472029584493	-28005.472029584493	68260.55045373317	3473.3708457684975	-3831.086383256326
7080000	-4629.45247780217	-884.101342047281	-3745.351135754888	571.0	3.070789609189814E-5	8.347807455058174E-6	8.347807455058174E-6	1.8437223766304415E-5	-0.35083234704629573	37135.69997961861	-16813.901977217312	-16813.901977217312	61850.91805188885	3526.6570932766945	-3745.351135754888
7090000	-4649.405056849543	-833.1818195187606	-3816.223237330783	442.0	2.402684329646053E-5	8.495277239031683E-6	8.495277239031683E-6	1.7919604826332775E-5	-0.40941616355135113	50001.43628915031	-23704.5441427316	-23704.5441427316	67042.58748786425	3896.8147646655034	-3816.223237330783
7100000	-4749.217482168982	-912.9203646616925	-3836.2971175072903	0.0	2.6028567633062253E-5	8.209722760161108E-6	8.209722760161108E-6	1.824297929477403E-5	-0.3767519198931274	44774.74184836102	-20149.571585499118	-20149.57158549912	63883.33712502871	3472.078034067438	-3836.2971175072903
7110000	-4640.2949871264755	-891.9464521506712	-3748.348534975804	619.0	2.8949624330619426E-5	7.688290012237192E-6	7.688290012237192E-6	1.6989350282033017E-5	-0.3466729096998701	39261.263980864765	-17767.129332256576	-17767.12933225658	66900.6656595525	3669.8591087909604	-3748.348534975804
7120000	-4682.904965383619	-913.7010665798352	-3769.203898803784	322.0	2.808543552147039E-5	7.526855014676756E-6	7.526855014676756E-6	1.6639698637501262E-5	-0.348177129814707	40517.467017460476	-18327.801869864204	-18327.801869864204	68387.69933294131	3605.6085200451944	-3769.203898803784
7130000	-4708.217604731901	-943.1670180371417	-3765.050586694759	608.0	3.278364517440721E-5	9.132965186678723E-6	9.132965186678723E-6	2.2157850512969184E-5	-0.33885926760716867	34459.89229484875	-14203.588767842939	-14203.588767842939	50985.12967588508	3360.6378314947906	-3765.050586694759
7140000	-4643.077505849472	-868.8082715374504	-3774.269234312021	150.0	2.553479004541649E-5	9.053419843892577E-6	9.053419843892577E-6	1.9255815284131016E-5	-0.4082870070697564	46996.49078755234	-22096.128157190215	-22096.12815719022	62321.20050094548	3669.9708316077204	-3774.269234312021
7150000	-4758.454862910765	-992.0048436830173	-3766.4500192277474	348.0	3.431546941737032E-5	1.1982655002618177E-5	1.1982655002618177E-5	2.215522691892716E-5	-0.4345802467703578	35926.44397090589	-19430.818070587527	-19430.818070587527	55645.23414135212	3550.7083170926708	-3766.4500192277474
7160000	-4709.633845598585	-958.0765630403794	-3751.5572825582058	593.0	2.9607341711555898E-5	9.878579112254613E-6	9.878579112254613E-6	1.9322895483938133E-5	-0.413008197529108	40721.5092966111	-20818.342235063366	-20818.342235063366	62395.1851189822	3637.8202148500445	-3751.5572825582058
7170000	-4584.766423653178	-903.5071790367747	-3681.259244616404	726.0	3.696503893575224E-5	6.553198316427812E-6	6.553198316427812E-6	1.9750590123604014E-5	-0.2425312409132149	28743.310703071245	-9536.9613833876	-9536.9613833876	53795.73939978924	3308.605869880089	-3681.259244616404
7180000	-4617.053695558919	-911.8432073700978	-3705.210488188821	701.0	3.1425909055373517E-5	8.856189172852277E-6	8.856189172852277E-6	2.058882674351964E-5	-0.3481666433804715	36210.2890860616	-15575.68938457194	-15575.689384571942	55269.8444580153	3653.538188173478	-3705.210488188821
7190000	-4576.23382525372	-855.0761481734659	-3721.1576770802544	220.0	2.6749712272138427E-5	6.818865036246465E-6	6.818865036246465E-6	1.797596270257678E-5	-0.3109613821901564	41385.425374639446	-15698.832644822063	-15698.832644822063	61584.91978140181	3503.2014262754237	-3721.1576770802544
7200000	-4542.9868216796	-847.6420113377947	-3695.3448103418054	857.0	3.220036768149714E-5	9.5307989829551E-6	9.5307989829551E-6	1.78467854380306E-5	-0.39757484036301	36885.95177577337	-19698.370493138267	-19698.370493138267	66552.10898265513	3451.4479108344585	-3695.3448103418054
7210000	-4661.179851017814	-840.9092722307965	-3820.2705787870173	320.0	2.445810423923513E-5	6.3835565739900164E-6	6.3835565739900164E-6	1.4424259558524889E-5	-0.33986352027579564	46225.63784584323	-20457.4781229111	-20457.4781229111	78381.24822778683	3499.271252842464	-3820.2705787870173
7220000	-4696.00891092932	-892.9119804603866	-3803.096930468934	952.0	2.8431911866393015E-5	9.625799478385703E-6	9.625799478385703E-6	1.8526164001088285E-5	-0.4194121680141727	42679.31910969867	-22175.263459821548	-22175.263459821548	65499.50866101227	3475.222263195577	-3803.096930468934
7230000	-4707.0096203789435	-895.7130882274624	-3811.2965321514807	196.0	2.528930415321021E-5	6.964165837061583E-6	6.964165837061583E-6	1.6749044408494875E-5	-0.33838074908908017	44655.53592445182	-18567.540340570995	-18567.540340571	67425.18573449473	3521.7228464349605	-3811.2965321514807
7240000	-4715.283039595521	-963.6130810207835	-3751.6699585747374	165.0	3.08854301470381E-5	9.239264945981572E-6	9.239264945981572E-6	1.971141852781511E-5	-0.3744567420315765	37658.05818843257	-17651.33120496354	-17651.33120496354	59005.66334232521	3601.9002857697856	-3751.6699585747374
7250000	-4762.329426362654	-996.3281158146764	-3766.0013105479775	25.0	3.41490995115263E-5	1.2054595656229204E-5	1.2054595656229204E-5	2.2161580707760924E-5	-0.43819019202373244	36242.246045547625	-19713.64892756284	-19713.64892756284	55846.19991917852	3339.637931786696	-3766.0013105479775
7260000	-4713.363752491432	-992.8438669115875	-3720.5198855798444	974.0	3.853970081049662E-5	1.1177824622025E-5	1.1177824622025E-5	2.1030266307266268E-5	-0.3926275190614491	30676.201194757028	-16304.748214551768	-16304.748214551766	56216.673568230064	3370.708375472352	-3720.5198855798444
7270000	-4799.297884540347	-926.9055480157214	-3872.3923365246255	343.0	2.4015518222402344E-5	8.445883615458034E-6	8.445883615458034E-6	1.69138613700124E-5	-0.41906146596608795	50509.915951283205	-25221.968078055288	-25221.968078055288	71717.61553459885	3720.4754677760775	-3872.3923365246255
7280000	-4852.974662024091	-984.2932373103779	-3868.6814247137136	891.0	2.8122157792535924E-5	1.0741185821761913E-5	1.0741185821761913E-5	1.824150369899414E-5	-0.4742393555038084	45877.02891986262	-27013.874552773945	-27013.874552773945	70726.6828232067	3676.293143817283	-3868.6814247137136
7290000	-4811.000310149144	-970.8171694968569	-3840.183140652287	595.0	2.4029114643965995E-5	9.285598061012074E-6	9.285598061012074E-6	1.9268626742593136E-5	-0.4315345913452352	51139.48392314194	-24644.24160068498	-24644.24160068498	63773.95433718692	3578.0111544312554	-3840.183140652287
7300000	-4936.1621866829255	-1023.9123528663586	-3912.249833816567	224.0	2.4111755067002466E-5	7.7132073190951E-6	7.7132073190951E-6	1.6109902007081956E-5	-0.3913579348721487	48974.537467021124	-23448.35869726981	-23448.35869726981	73300.38701696873	3694.4459429949306	-3912.249833816567
7310000	-4665.077899376237	-972.2608539783811	-3692.8170453978555	317.0	3.603182784477111E-5	1.0979105044239458E-5	1.0979105044239458E-5	2.1265068790262424E-5	-0.3966344179300787	32934.45133674159	-17003.979830342996	-17003.979830342996	55804.59167246457	3537.8165823408676	-3692.8170453978555
7320000	-4796.22476191053	-952.2889890905901	-3843.9357728199398	442.0	3.2871788959670216E-5	9.911459681205517E-6	9.911459681205517E-6	1.6619863524041197E-5	-0.424045268800371	37090.65600377427	-22119.46812915121	-22119.46812915121	73360.18221618523	3787.680718307469	-3843.9357728199398
7330000	-4566.9340595736185	-802.7851081549694	-3764.1489514186487	919.0	2.487968678380746E-5	6.762183148256491E-6	6.762183148256491E-6	1.669621826597226E-5	-0.33178398419842475	45165.25046295705	-18292.50736317005	-18292.50736317005	67302.50330523879	3418.752028783612	-3764.1489514186487
7340000	-4718.942503371678	-893.7472907365943	-3825.195212635084	838.0	2.8599392944236355E-5	1.0211086994814648E-5	1.0211086994814648E-5	1.760928604406002E-5	-0.455011836899243	44095.02458239998	-25569.35760613975	-25569.35760613975	71615.10874219747	3541.2932438193075	-3825.195212635084
7350000	-4544.011205104322	-864.4711442470777	-3679.5400608572436	901.0	3.0293181350881333E-5	1.1031071644661944E-5	1.1031071644661944E-5	2.2894009670200257E-5	-0.41887489493031865	40035.14197706382	-19290.22158263729	-19290.22158263729	52974.19865678198	3409.3879381762094	-3679.5400608572436
7360000	-4603.536834448627	-911.3350707391046	-3692.201763709522	577.0	3.908239959948569E-5	1.3556295167932732E-5	1.3556295167932732E-5	2.176265040336753E-5	-0.46483038918040626	32639.23667862599	-20331.490800541622	-20331.490800541626	58615.08901042969	3534.396886342217	-3692.201763709522
7370000	-4723.1852098045665	-920.5203403473723	-3802.6648694571945	883.0	3.118555420184688E-5	9.611228221153664E-6	9.611228221153664E-6	1.883917522370482E-5	-0.39652558441103775	38048.60813927899	-19411.351716911293	-19411.351716911293	62984.01694036439	3423.533281592297	-3802.6648694571945
7380000	-4823.8391113031	-939.8061663808837	-3884.0329449222163	531.0	2.1629250754108333E-5	7.3501641127316245E-6	7.3501641127316245E-6	1.7400379400435584E-5	-0.3788758636302895	53982.74306770953	-22803.067201693193	-22803.06720169319	67102.3464107262	3774.8747355794794	-3884.0329449222163
7390000	-4617.193816186222	-954.1891691762904	-3663.0046470099314	292.0	3.883019304888929E-5	1.1204261618099607E-5	1.1204261618099607E-5	2.340164025986329E-5	-0.37168524131093145	29881.24740509195	-14306.574653915568	-14306.574653915566	49581.76403007919	3294.619532761421	-3663.0046470099314
7400000	-4882.947400706524	-1022.5328699613827	-3860.414530745141	561.0	2.5567726577253113E-5	8.825507564129626E-6	8.825507564129626E-6	1.7417223591029256E-5	-0.4182193968244475	47402.93456045248	-24019.61227280155	-24019.612272801547	69585.44589307012	3553.100572062652	-3860.414530745141
7410000	-4732.460917529235	-976.259496153558	-3756.201421375677	403.0	3.566904021173909E-5	1.1767086871825245E-5	1.1767086871825245E-5	1.9333113457113075E-5	-0.44809732174617645	35079.09048598259	-21350.86550073006	-21350.86550073006	64719.91652619147	3482.011337960519	-3756.201421375677
7420000	-4687.227501968475	-932.8226664171352	-3754.4048355513396	451.0	3.3686007681203806E-5	9.313130248240863E-6	9.313130248240863E-6	1.94251420145468E-5	-0.3640732778277863	34222.02314561239	-16407.30135587827	-16407.30135587827	59345.94113577855	3262.4576488962953	-3754.4048355513396
7430000	-4675.314208718709	-919.3105056619581	-3756.0037030567505	524.0	3.185895877786966E-5	1.1510806316551879E-5	1.1510806316551879E-5	1.962021483279099E-5	-0.46040292940224986	39831.45246042633	-23368.354449036906	-23368.354449036902	64677.609945358716	3779.663065503048	-3756.0037030567505
7440000	-4704.151085242878	-942.0764053714026	-3762.074679871476	109.0	2.600077770088596E-5	6.324684451651967E-6	6.324684451651967E-6	1.927531195884831E-5	-0.2825172601889476	41796.410443105284	-13714.388012434876	-13714.388012434878	56379.84894596232	3485.667738220657	-3762.074679871476
7450000	-4602.444215442127	-914.977670352151	-3687.4665450899756	458.0	3.557780870817149E-5	1.1695049289270155E-5	1.1695049289270155E-5	2.2127777638219545E-5	-0.41681521090890483	34017.42261714466	-17979.005425031508	-17979.00542503151	54694.39246928278	3425.767754698913	-3687.4665450899756
7460000	-4569.930453701047	-844.7975497162281	-3725.1329039848183	117.0	3.272795159679134E-5	9.087890547768374E-6	9.087890547768374E-6	1.9245940418643626E-5	-0.36210465450171225	35165.86184476872	-16605.24227507325	-16605.24227507325	59799.96816368368	3413.745740521173	-3725.1329039848183
7470000	-4536.029368986203	-908.948896421471	-3627.080472564732	734.0	3.893077649299865E-5	1.0807675680989456E-5	1.0807675680989456E-5	2.3987203994502736E-5	-0.3536681547750413	29358.85860458278	-13227.928617069116	-13227.928617069116	47648.86990107312	3327.04718182311	-3627.080472564732
7480000	-4931.357109938191	-897.1876029245319	-4034.1695070136584	556.0	2.4103323982577087E-5	7.921039120986265E-6	7.921039120986265E-6	1.7589529362941198E-5	-0.384695033392709	48694.34254983233	-21928.374793277144	-21928.374793277144	66726.9425110383	3821.0721858628817	-4034.1695070136584
7490000	-4692.92458929868	-871.501682151314	-3821.422907147366	969.0	2.774316146354569E-5	6.365555514098527E-6	6.365555514098527E-6	1.753549845434737E-5	-0.2886019608863898	39319.9175867508	-14273.510323066348	-14273.510323066348	62208.60075249776	3620.7224901568648	-3821.422907147366
7500000	-4641.749993852809	-814.7729093737261	-3826.9770844790833	171.0	2.1925518781337646E-5	7.494222392992999E-6	7.494222392992999E-6	1.5177046437898613E-5	-0.4108260806007781	54869.76858622259	-27093.957320338013	-27093.957320338017	79267.60628871383	3768.250269527498	-3826.9770844790833
7510000	-4872.932627822494	-971.1640175271054	-3901.7686102953885	748.0	2.2408918317790815E-5	1.0714862257028825E-5	1.0714862257028825E-5	1.913000433853377E-5	-0.5175098393230538	60947.95377218267	-34137.416696830245	-34137.416696830245	71394.53256506752	3659.5335486805825	-3901.7686102953885
7520000	-4680.673940448341	-940.1289627168944	-3740.544977731447	284.0	3.4446914914802775E-5	1.2649219876264823E-5	1.2649219876264823E-5	1.972289735085264E-5	-0.4852920965154266	37973.179355753084	-24353.982405683197	-24353.982405683197	66321.841818825	3410.979718552408	-3740.544977731447
7530000	-4745.8101343049775	-919.3336350983566	-3826.476499206621	956.0	2.815810991053653E-5	1.0661498417185227E-5	1.0661498417185227E-5	2.0035536461221336E-5	-0.44886527527406295	44474.46385668034	-23666.1707027861	-23666.170702786098	62504.78213610309	3378.8496301090795	-3826.476499206621
7540000	-4626.216429609427	-934.7391138386391	-3691.477315770788	75.0	3.205642742437924E-5	9.346081186682975E-6	9.346081186682975E-6	1.9425794755820482E-5	-0.3745265338321065	36284.64356368306	-17457.160895536934	-17457.16089553693	59876.883166912026	3500.80071446852	-3691.477315770788
7550000	-4801.35434278906	-1007.1798138915243	-3794.1745288975353	229.0	3.0207202872633766E-5	8.132257027167654E-6	8.132257027167654E-6	1.957263427149731E-5	-0.3344499995795893	37274.04230201053	-15487.036044141065	-15487.036044141063	57526.46997239528	3753.018545077213	-3794.1745288975353
7560000	-4730.588719052757	-936.8831958121712	-3793.7055232405864	49.0	2.6680346249231867E-5	1.0253810992630463E-5	1.0253810992630463E-5	2.1972217157665408E-5	-0.42349924054429666	45672.14565713699	-21313.895900250158	-21313.895900250158	55458.611724700415	3619.4607907776717	-3793.7055232405864
7570000	-4734.033101909419	-1006.822902774098	-3727.2101991353215	314.0	3.338376872447239E-5	8.185697524883946E-6	8.185697524883946E-6	2.143773841224638E-5	-0.30598386605199956	33048.91898757246	-12619.262776437354	-12619.262776437354	51465.198747116025	3471.8139760307254	-3727.2101991353215
7580000	-4683.661815095053	-946.8385467380344	-3736.823268357018	455.0	3.55254078391268E-5	1.0225832910646291E-5	1.0225832910646291E-5	2.0028042594160328E-5	-0.3833627420431999	32998.56780187546	-16848.268573734684	-16848.268573734684	58532.30907400372	3506.144861677486	-3736.823268357018
7590000	-4688.773772742111	-1031.7346258767898	-3657.039146865321	716.0	3.737147651202492E-5	1.0176335598120335E-5	1.0176335598120335E-5	2.5213172624799367E-5	-0.3315183283258173	30062.36130199367	-12133.525678562548	-12133.525678562548	44559.04245023204	3439.498714518224	-3657.039146865321
7600000	-4710.899140983429	-921.7935031897866	-3789.1056377936425	437.0	2.966018819572439E-5	9.26082452205801E-6	9.26082452205801E-6	1.943034023007193E-5	-0.3857647150619495	39609.72595776523	-18878.65663278259	-18878.65663278259	60463.785624820055	3470.7039957723055	-3789.1056377936425
7610000	-4739.482907625592	-943.0803663033585	-3796.4025413222334	370.0	2.759464208151877E-5	7.5258123456255E-6	7.5258123456255E-6	1.880707655915789E-5	-0.3303545982257089	40678.31251806011	-16277.774250807686	-16277.774250807688	59685.165362366926	3333.461451778261	-3796.4025413222334
7620000	-4608.112514642908	-851.8035634942296	-3756.308951148678	757.0	2.4925067699897747E-5	6.587887804592918E-6	6.587887804592918E-6	1.6575726948864406E-5	-0.3241094762104908	44829.44912701338	-17817.099793062356	-17817.099793062353	67410.4404522953	3624.738195933108	-3756.308951148678
7630000	-4575.309302552983	-866.1918731804461	-3709.1174293725376	146.0	3.1784522013862325E-5	7.76606265129428E-6	7.76606265129428E-6	2.0411391237520623E-5	-0.30489952224061	34686.43419079127	-13197.386593644182	-13197.386593644182	54013.55146693625	3428.345481803218	-3709.1174293725376
7640000	-4781.953455439714	-956.4239503355941	-3825.5295051041203	403.0	2.5484224320012478E-5	4.537577212017758E-6	4.537577212017758E-6	1.587868171400165E-5	-0.2255698739179234	41343.59757984905	-11814.568086954732	-11814.56808695473	66353.71461549836	3571.3555408425755	-3825.5295051041203
7650000	-4653.830379830104	-869.7094901058482	-3784.120889724256	472.0	3.166345225086583E-5	1.1231918936508989E-5	1.1231918936508989E-5	2.0949652246105405E-5	-0.43610033394096775	38999.14765223123	-20908.95160821765	-20908.951608217645	58943.586986769726	3506.762303377606	-3784.120889724256
7660000	-4760.365946778245	-944.8122534596241	-3815.553693318621	536.0	3.198890673078711E-5	8.013177147601536E-6	8.013177147601536E-6	1.6344931807021247E-5	-0.3504398521879533	35637.3977817285	-17471.396324936726	-17471.39632493673	69746.47598578327	3517.101963906037	-3815.553693318621
7670000	-4764.409983638822	-933.4145523373296	-3830.9954313014923	866.0	2.5978065813003116E-5	7.480322073663922E-6	7.480322073663922E-6	1.579981322456151E-5	-0.3692248429471568	44570.12340978058	-21101.444253139874	-21101.444253139878	73282.23332621608	3578.7493906020463	-3830.9954313014923
7680000	-4674.773458975725	-975.5961521860544	-3699.17730678967	253.0	3.4394112423522446E-5	9.709990973587475E-6	9.709990973587475E-6	2.2137338785400343E-5	-0.3518957868676076	33183.93119560858	-14555.302943188892	-14555.302943188892	51556.86829660428	3343.5335868185925	-3699.17730678967
7690000	-4673.764202526535	-935.0003506373732	-3738.7638518891617	266.0	3.591829834511734E-5	9.166773168560024E-6	9.166773168560024E-6	2.1391686884684967E-5	-0.33070144426416587	31259.622599810344	-13395.38444312238	-13395.38444312238	52487.326350106865	3528.293806730954	-3738.7638518891617
7700000	-4644.585644147262	-883.1351069253797	-3761.4505372218823	424.0	2.8476153439725786E-5	9.456789783642932E-6	9.456789783642932E-6	2.0368315916191738E-5	-0.39266800122900325	41518.8116735694	-19276.737246179593	-19276.737246179597	58045.842214759505	3459.7683116773173	-3761.4505372218823
7710000	-4637.323153467685	-905.7885857568033	-3731.534567710882	911.0	3.0356427810238676E-5	9.495988014794133E-6	9.495988014794133E-6	2.0143329551712257E-5	-0.3840158911363548	38640.145248360684	-18215.774866134157	-18215.774866134154	58231.524078366216	3464.1786678960925	-3731.534567710882
7720000	-4532.277430179291	-821.5543066287195	-3710.7231235505715	985.0	3.250756011596011E-5	9.447044015270638E-6	9.447044015270638E-6	1.8929944149025608E-5	-0.38082818709428645	35980.30201823505	-17956.074998060347	-17956.07499806035	61787.389420712156	3370.896994952483	-3710.7231235505715
7730000	-4809.989650279798	-973.461173005538	-3836.5284772742602	270.0	2.830416903819555E-5	9.712732960155272E-6	9.712732960155272E-6	2.077937700069791E-5	-0.4004976596493895	42080.057101180915	-19669.13433247438	-19669.134332474376	57318.419569977596	3285.7276661832693	-3836.5284772742602
7740000	-4559.293402110713	-835.2240835592262	-3724.069318551487	214.0	3.167896625496386E-5	1.0129633366241455E-5	1.0129633366241455E-5	1.956727914593849E-5	-0.4068581366188806	37828.58659084253	-19583.188345728177	-19583.188345728177	61243.594939617375	3413.1207326757385	-3724.069318551487
7750000	-4694.1046975836525	-994.9642335755793	-3699.1404640080727	538.0	3.418265770905964E-5	9.659104735264481E-6	9.659104735264481E-6	2.2550637752166787E-5	-0.34790009538051536	33282.98989059337	-14256.088399322562	-14256.088399322562	50450.94792740082	3576.8069402329797	-3699.1404640080727
7760000	-4736.241811585707	-915.234084950644	-3821.007726635063	474.0	3.0302278122943792E-5	8.023314648911255E-6	8.023314648911255E-6	1.671690144797549E-5	-0.3564825642489197	37805.08212335022	-18144.63464700887	-18144.634647008872	68528.25665854632	3545.2357711764676	-3821.007726635063
7770000	-4726.317317703846	-987.2684556054721	-3739.048862098374	128.0	4.156189024463972E-5	1.2148733130775156E-5	1.2148733130775156E-5	2.060978300334176E-5	-0.4150941730248788	29069.222646385435	-17135.27154520551	-17135.27154520551	58621.27907558118	3467.755254432053	-3739.048862098374
7780000	-4816.071932439587	-981.7690320955498	-3834.3029003440365	513.0	2.749818538281866E-5	7.566667677695463E-6	7.566667677695463E-6	1.65996096982426E-5	-0.354163421315317	41581.70061909416	-18954.355902200496	-18954.355902200496	68882.42151125823	3548.2773242084972	-3834.3029003440365
7790000	-4806.340339883071	-955.052379498316	-3851.287960384754	949.0	2.3183760065380373E-5	7.311432205041864E-6	7.311432205041864E-6	1.7419244354082602E-5	-0.3638277870697631	49714.36493386692	-20866.76100536404	-20866.761005364042	66166.24033748054	3735.9800452512773	-3851.287960384754
7800000	-4751.504429050043	-972.2063856200862	-3779.298043429956	975.0	2.7100258317337608E-5	9.88882205874821E-6	9.88882205874821E-6	1.9666762200182433E-5	-0.42834274316450593	45191.67264416079	-22723.232465339912	-22723.232465339912	62272.884066191444	3628.675786418238	-3779.298043429956
7810000	-4788.269415945933	-975.3954058778281	-3812.8740100681057	472.0	2.8009951267001692E-5	1.0655598896975563E-5	1.0655598896975563E-5	1.8896147751643992E-5	-0.4631642704711138	45452.015534420796	-25630.538719287582	-25630.53871928758	67373.9831440177	3743.5198000221085	-3812.8740100681057
7820000	-4641.164696397097	-828.475805524293	-3812.688890872804	544.0	2.514118878609765E-5	7.491328280591741E-6	7.491328280591741E-6	1.611136619910328E-5	-0.3722200300234855	46172.45657638076	-21468.882617433577	-21468.882617433577	72050.40424003855	3471.4754481987075	-3812.688890872804
7830000	-4593.412842625856	-970.7222276396826	-3622.690614986173	865.0	4.159914262598039E-5	9.492990872411511E-6	9.492990872411511E-6	2.172179427032649E-5	-0.31580065421476466	26701.943195741205	-11669.445897436537	-11669.445897436535	51136.56494334201	3400.122653848856	-3622.690614986173
7840000	-4582.734006635996	-881.7271197324264	-3701.0068869035695	733.0	2.9069958709652494E-5	8.531492986740396E-6	8.531492986740396E-6	1.931557219101494E-5	-0.3600385812685484	39523.06021774076	-17456.93618224912	-17456.93618224912	59482.251793880816	3423.392795005085	-3701.0068869035695
7850000	-4662.629737520565	-904.2342026906256	-3758.3955348299396	617.0	3.242187016493579E-5	1.2323458098294946E-5	1.2323458098294946E-5	1.971350626233351E-5	-0.4874517389244198	40456.12565608687	-25290.243283344087	-25290.24328334409	66536.27396076993	3527.2252413313126	-3758.3955348299396
7860000	-4474.753092449163	-852.7809115665079	-3621.9721808826553	835.0	3.6344876333933984E-5	1.0480702359788137E-5	1.0480702359788137E-5	2.1230966287307417E-5	-0.37729748440108857	32081.03935855226	-15836.859253582134	-15836.859253582134	54918.90441405456	3237.4268826027146	-3621.9721808826553
7870000	-4628.070732282015	-832.1842123445646	-3795.886519937451	371.0	2.9386094947752093E-5	7.293511262112783E-6	7.293511262112783E-6	1.5449439388560344E-5	-0.3423019370093303	38546.17979611606	-18197.229645922736	-18197.22964592274	73317.98072883619	3415.996347127461	-3795.886519937451
7880000	-4737.961356644787	-918.3781546707338	-3819.5832019740533	891.0	2.549855779941028E-5	8.69736753075918E-6	8.69736753075918E-6	1.8874606077124973E-5	-0.3964524132818986	46531.46477107556	-21441.573360786257	-21441.573360786257	62861.457299204296	3621.087105947053	-3819.5832019740533
7890000	-4778.625604067169	-926.0271869260418	-3852.5984171411264	935.0	2.7845963130388497E-5	8.156180813764563E-6	8.156180813764563E-6	1.7334603571627347E-5	-0.37123487295816726	41652.15348170381	-19597.938520814805	-19597.9385208148	66909.19266542666	3663.5046423283775	-3852.5984171411264
7900000	-4637.605893915745	-868.2593712059555	-3769.3465227097895	834.0	2.7202394386008648E-5	8.087494439301223E-6	8.087494439301223E-6	1.7205798280593645E-5	-0.3738290225414777	42733.38011645016	-20086.599204998456	-20086.599204998456	67561.54177897231	3632.3881404151794	-3769.3465227097895
7910000	-4806.222273268033	-919.4441559602561	-3886.778117307777	154.0	3.8687787045506706E-5	8.090049767317157E-6	8.090049767317157E-6	2.219810873647467E-5	-0.2760617658901587	27980.334428808208	-10197.368646243742	-10197.36864624374	48765.290444095066	3377.096460105325	-3886.778117307777
7920000	-4602.491281137246	-938.1618206963806	-3664.3294604408657	824.0	3.5135813125708484E-5	7.323122748949725E-6	7.323122748949725E-6	1.9555086899684597E-5	-0.27937750488730484	30870.485953839056	-11560.590812988818	-11560.590812988818	55466.87831857153	3528.4912609297958	-3664.3294604408657
7930000	-4646.396342764316	-924.9137443230422	-3721.4825984412737	145.0	2.918682232591517E-5	8.115472209855019E-6	8.115472209855019E-6	1.9805143749992593E-5	-0.33754477384241016	38667.6987288174	-15844.703699910346	-15844.703699910344	56984.55243731475	3531.368483459777	-3721.4825984412737
7940000	-4680.012742651268	-881.229245312449	-3798.783497338819	977.0	2.7514697340938328E-5	5.810108031190732E-6	5.810108031190732E-6	1.610312562000431E-5	-0.27602393772116135	39341.619304381966	-14194.701306712954	-14194.701306712954	67221.28198005058	3480.496176175522	-3798.783497338819
7950000	-4851.387288288695	-965.2546720412639	-3886.132616247431	602.0	2.3841202383475163E-5	7.238316606943111E-6	7.238316606943111E-6	1.631328163384039E-5	-0.3670310712074735	48474.24661169864	-21508.360618912062	-21508.360618912066	70843.15405053957	3651.0463593373756	-3886.132616247431
7960000	-4677.000190051585	-835.913574407048	-3841.0866156445377	572.0	2.4493797022368088E-5	7.171410453097769E-6	7.171410453097769E-6	1.41184662430525E-5	-0.38564061140250744	47959.07326341723	-24360.592248566467	-24360.59224856647	83203.07501341199	3652.913392757894	-3841.0866156445377
7970000	-4676.802953056305	-946.2332249237538	-3730.569728132551	728.0	3.598503071710817E-5	9.848753369478251E-6	9.848753369478251E-6	2.2695190602699102E-5	-0.34463025863695074	31534.71106691916	-13684.731594142533	-13684.731594142533	50000.793836173354	3270.5933351260755	-3730.569728132551
7980000	-4649.086367503737	-912.8946448759253	-3736.191722627812	768.0	3.383317771567745E-5	9.223270146221693E-6	9.223270146221693E-6	1.91716994989466E-5	-0.36214561218661423	34018.262409120754	-16365.769978901393	-16365.769978901393	60033.588453103584	3533.8669628984258	-3736.191722627812
7990000	-4735.8905430814475	-1003.6577147101024	-3732.232828371345	188.0	3.502653483254131E-5	8.280060689186099E-6	8.280060689186099E-6	2.1036189559660435E-5	-0.3050362089285148	31478.794035934337	-12390.377273446335	-12390.377273446336	52414.10630280733	3292.796015723346	-3732.232828371345
8000000	-4605.393905163976	-903.597818869637	-3701.796086294339	470.0	2.9344629297195428E-5	1.0070259520011263E-5	1.0070259520011263E-5	2.024071837953877E-5	-0.4132029257269028	41094.04619051881	-20445.30742961133	-20445.307429611334	59577.40872486164	3425.4035636791223	-3701.796086294339
8010000	-4653.814749190712	-891.4707797180993	-3762.343969472613	960.0	2.861639550686904E-5	7.337702761919991E-6	7.337702761919991E-6	1.748148782276702E-5	-0.32806768530218566	39159.69793594157	-16436.94327471892	-16436.94327471892	64102.633335647864	3582.314149169309	-3762.343969472613
8020000	-4516.7891573074085	-843.4674942938685	-3673.3216630135403	330.0	3.0325932746401894E-5	1.0528444994200554E-5	1.0528444994200554E-5	2.0839328019040327E-5	-0.4188083129352646	39989.1998419498	-20203.342953927484	-20203.342953927484	58193.32484624144	3383.1139242028494	-3673.3216630135403
8030000	-4681.5738556616325	-896.471309895198	-3785.1025457664346	435.0	2.7720661700475336E-5	7.908984281149005E-6	7.908984281149005E-6	1.7526368982039446E-5	-0.3588169420411443	41405.05974633995	-18684.529980478135	-18684.529980478135	65488.50221585936	3657.4458079010587	-3785.1025457664346
8040000	-4682.843215965196	-903.1340049529906	-3779.709211012205	530.0	2.8136117173334918E-5	8.061062381998418E-6	8.061062381998418E-6	1.952777327857126E-5	-0.343901316187472	40308.74625423239	-16639.445443176806	-16639.445443176806	58077.87664986071	3524.748745584594	-3779.709211012205
8050000	-4721.472235977695	-871.9667713970995	-3849.505464580596	186.0	2.439478826829294E-5	7.940997756425859E-6	7.940997756425859E-6	1.6017916576886044E-5	-0.401720073103846	48880.678138979194	-24232.948996271316	-24232.948996271316	74443.75102637644	3644.7560364551778	-3849.505464580596
8060000	-4542.9128870981	-859.9234120215434	-3682.989475076557	394.0	3.083769494177433E-5	7.423826108702305E-6	7.423826108702305E-6	1.8510965220441423E-5	-0.3107222151195256	35893.28028008502	-14395.006856585216	-14395.006856585216	59795.1546316217	3405.0625215314226	-3682.989475076557
8070000	-4651.376509942438	-920.562033002971	-3730.8144769394676	494.0	3.40384795823693E-5	1.227674440246536E-5	1.227674440246536E-5	2.181586813760687E-5	-0.45051773046991084	36859.812518025115	-20742.630737968295	-20742.630737968295	57510.980901188625	3585.251879559352	-3730.8144769394676
8080000	-4736.637351306459	-968.7225036558406	-3767.9148476506184	482.0	2.576257267197603E-5	8.288993731517053E-6	8.288993731517053E-6	1.875577113279191E-5	-0.3770854141123692	45250.29257500761	-19998.07892983805	-19998.07892983805	62154.94647690765	3677.5635564670024	-3767.9148476506184
8090000	-4785.074144543851	-909.1265803497967	-3875.947564194054	346.0	2.5774701893336012E-5	7.884266561365203E-6	7.884266561365203E-6	1.621241424028396E-5	-0.38569199715700225	45577.811418302976	-22164.966252382248	-22164.96625238224	72460.18297129753	3570.696298838869	-3875.947564194054
8100000	-4729.898615765655	-910.6721433335722	-3819.2264724320835	305.0	2.5403074269026615E-5	7.815064768886927E-6	7.815064768886927E-6	1.8962592549851507E-5	-0.35607426457725067	45081.0959389792	-18579.299412214958	-18579.299412214958	60392.50304283792	3622.692432649056	-3819.2264724320835
8110000	-4662.070857769422	-883.0470530894374	-3779.023804679985	410.0	3.4167645809438424E-5	1.1650103682661503E-5	1.1650103682661503E-5	2.0425742106798005E-5	-0.4409946696502632	36333.448528338835	-20723.28340828877	-20723.28340828877	60777.63999275093	3331.942668916783	-3779.023804679985
8120000	-4751.374194643497	-880.550328166577	-3870.8238664769196	206.0	2.239749469513798E-5	9.109181835559026E-6	9.109181835559026E-6	1.86485548234574E-5	-0.44571480443703726	55716.60559017501	-27215.658070330475	-27215.658070330475	66917.3772418725	3874.23206384603	-3870.8238664769196
8130000	-4654.5383257222	-952.7461174266921	-3701.7922082955083	77.0	3.252186083175155E-5	9.038865978147847E-6	9.038865978147847E-6	2.158552312211688E-5	-0.34114967699421006	34798.506127913104	-14571.75864353648	-14571.75864353648	52429.221522330074	3433.1024651858233	-3701.7922082955083
8140000	-4863.998311948108	-1000.854193792125	-3863.1441181559826	676.0	2.5047027108341575E-5	1.1560436589194352E-5	1.1560436589194352E-5	2.148316476215552E-5	-0.4983644021244426	53117.548067050535	-28583.407193540916	-28583.407193540916	61929.267921816274	3828.931184700864	-3863.1441181559826
8150000	-4715.830875750075	-932.1502745474876	-3783.6806012025877	612.0	2.8946686927349865E-5	1.0451389348079106E-5	1.0451389348079106E-5	2.21171312845337E-5	-0.41305720020167325	41652.93554147251	-19682.979733397628	-19682.979733397628	54514.95807538267	3561.575737556773	-3783.6806012025877
8160000	-4627.0383607080175	-926.297897652656	-3700.7404630553615	666.0	3.400606916905445E-5	1.0027410163212352E-5	1.0027410163212352E-5	2.3784556325484298E-5	-0.3525843532588793	33581.184880481895	-14157.603360566389	-14157.60336056639	48012.83993685008	3337.458347880077	-3700.7404630553615
8170000	-4623.108408334743	-848.5461287251532	-3774.56227960959	539.0	3.23548152867564E-5	9.846848132469454E-6	9.846848132469454E-6	1.676765594958885E-5	-0.4227577719215265	37633.27501694814	-22100.235413551152	-22100.235413551152	72617.0470976844	3466.2117016610996	-3774.56227960959
8180000	-4554.80850068538	-804.0165593011674	-3750.791941384213	650.0	2.4384466536056924E-5	5.420113728109415E-6	5.420113728109415E-6	1.9401807738889358E-5	-0.2491900352332383	43724.83728045993	-12215.026248720973	-12215.026248720971	54953.99427769732	3433.0689710378842	-3750.791941384213
8190000	-4873.606036999528	-950.2789543043241	-3923.327082695205	262.0	2.6092960916124452E-5	7.305413652131042E-6	7.305413652131042E-6	1.7252544689298697E-5	-0.3443154807962889	43479.09604922581	-18410.778675295966	-18410.778675295966	65758.31996450761	3707.2861865278355	-3923.327082695205
8200000	-4767.374662257952	-990.5271732964585	-3776.847488961493	551.0	3.3674194863995704E-5	1.2623481062832787E-5	1.2623481062832787E-5	2.1254933153719203E-5	-0.4718464053024063	38201.467605858554	-22688.168408122878	-22688.168408122878	60522.59279983689	3492.7715085643767	-3776.847488961493
8210000	-4762.431723577087	-899.7338070308952	-3862.697916546191	159.0	2.319554205054764E-5	7.542301740256048E-6	7.542301740256048E-6	1.6145255496839514E-5	-0.3897437674995044	50833.32473738542	-23746.9313325413	-23746.931332541295	73031.14662669667	3706.5256476501345	-3862.697916546191
8220000	-4684.218193601408	-950.5130278025608	-3733.7051657988463	192.0	3.38546412644587E-5	1.0834630755661187E-5	1.0834630755661187E-5	2.063235139745821E-5	-0.4099497671982617	35504.9706164831	-18644.663383718118	-18644.66338371812	58258.41273109874	3367.5978053804615	-3733.7051657988463
8230000	-4766.722692830598	-894.4051104143238	-3872.3175824162745	286.0	2.551159385957467E-5	8.315403527957818E-6	8.315403527957818E-6	1.468054214079585E-5	-0.42967836439901136	48073.33100193002	-27229.862656316167	-27229.862656316174	83541.00851561959	3694.0522635312177	-3872.3175824162745
8240000	-4674.739835613554	-959.550353102359	-3715.189482511195	661.0	3.851777006413387E-5	1.1620437004206453E-5	1.1620437004206453E-5	2.0708129779588035E-5	-0.41145415609926267	31253.00559118241	-17537.72969987984	-17537.729699879837	58131.56938782727	3478.189869131393	-3715.189482511195
8250000	-4723.3140684786085	-910.9209148977307	-3812.393153580878	877.0	2.4760273968355923E-5	5.937124215398456E-6	5.937124215398456E-6	1.614694281799392E-5	-0.29692943965819263	44292.40807240736	-16286.025874319088	-16286.025874319088	67919.49231212286	3334.4336151515045	-3812.393153580878
8260000	-4845.636617480795	-1061.4459062711192	-3784.1907112096765	4.0	3.426535607848798E-5	1.1677568498216032E-5	1.1677568498216032E-5	2.0731323754763377E-5	-0.43813836357385333	36117.251999417975	-20344.175276970742	-20344.175276970742	59695.681519236605	3687.37608676708	-3784.1907112096765
8270000	-4768.501183607728	-926.9149064578463	-3841.5862771498823	655.0	2.5163422011479127E-5	7.582647656516019E-6	7.582647656516019E-6	1.7138314582410916E-5	-0.3651337440249695	45853.53818283837	-20287.363857931705	-20287.363857931705	67324.70258180541	3501.044870008417	-3841.5862771498823
8280000	-4842.565189559593	-907.3074111669617	-3935.257778392631	115.0	2.421947216518234E-5	4.977770311164983E-6	4.977770311164983E-6	1.3680357836113833E-5	-0.2734662828684365	44626.42542970144	-16237.886337371492	-16237.886337371492	79005.86238124815	3642.5377773063315	-3935.257778392631
8290000	-4835.693720106438	-933.3689770627409	-3902.3247430436973	296.0	2.894738577718422E-5	1.0070589785821996E-5	1.0070589785821996E-5	1.624021930713982E-5	-0.4644663833261306	44047.82883523514	-27314.139468593043	-27314.13946859304	78513.07114925236	3759.999784423002	-3902.3247430436973
8300000	-4779.406453137965	-939.018987786292	-3840.387465351673	538.0	2.2205576955521345E-5	7.221240864794074E-6	7.221240864794074E-6	1.4737552092431235E-5	-0.39917940243813316	53569.76265602364	-26248.60334896912	-26248.603348969125	80715.4050880853	3854.055930621931	-3840.387465351673
8310000	-4772.698485135474	-970.5808218933046	-3802.117663242169	270.0	3.4897386264399665E-5	1.3293795681610104E-5	1.3293795681610104E-5	2.0209023840174527E-5	-0.500587362225146	38237.21798032678	-25153.00923407998	-25153.009234079982	66028.86790023143	3420.410533122757	-3802.117663242169
8320000	-4913.692667960632	-945.6201264602626	-3968.07254150037	429.0	2.1367102547239167E-5	6.825165068462957E-6	6.825165068462957E-6	1.313514400683012E-5	-0.40740178072817623	56114.60721964603	-29157.76612931661	-29157.766129316613	91282.33129661577	3927.942626109364	-3968.07254150037
8330000	-4726.639098403279	-838.5191805308409	-3888.119917872438	589.0	2.057363177584289E-5	7.908563826572097E-6	7.908563826572097E-6	1.5194436755287698E-5	-0.44730096979382655	60763.3181525251	-31626.745213593982	-31626.74521359398	82274.99006920386	3612.2516723195986	-3888.119917872438
8340000	-4786.894934126078	-954.7246533807732	-3832.170280745305	658.0	2.7408483606438745E-5	7.382121952544886E-6	7.382121952544886E-6	1.7367290785258843E-5	-0.3383550581581469	41202.03342236939	-17513.29203717412	-17513.29203717412	65023.68570735725	3485.564058034171	-3832.170280745305
8350000	-4761.699368630491	-961.1733935826361	-3800.525975047855	518.0	2.9379490551987792E-5	6.9814035743846345E-6	6.9814035743846345E-6	1.7544131344490466E-5	-0.3075067679344141	37592.07170758574	-14959.157488881921	-14959.15748888192	62951.872274343084	3669.09293428826	-3800.525975047855
8360000	-4668.546532034321	-901.8764625240048	-3766.670069510316	511.0	2.7343688523344322E-5	8.08000415440291E-6	8.08000415440291E-6	1.7676721465027326E-5	-0.36752101356355754	42282.70782758988	-19327.365404396984	-19327.365404396987	65406.08760785288	3486.8296662232906	-3766.670069510316
8370000	-4673.789718739978	-869.1075799968934	-3804.682138743084	264.0	2.7338310775061604E-5	8.500813109714032E-6	8.500813109714032E-6	1.7641136024739242E-5	-0.3870894687059451	43025.58319933079	-20732.930192309952	-20732.930192309952	66676.36160914194	3706.837271100527	-3804.682138743084
8380000	-4773.786923472716	-941.588286041849	-3832.1986374308667	836.0	2.675245595097492E-5	8.015003949789037E-6	8.015003949789037E-6	1.6803450826409236E-5	-0.37802687154209363	43612.10349037832	-20802.345026928426	-20802.345026928422	69434.00433689529	3630.505652168953	-3832.1986374308667
8390000	-4764.072507032616	-975.0435263094458	-3789.0289807231707	761.0	3.281082984147362E-5	9.104501047921482E-6	9.104501047921482E-6	1.8221297990091875E-5	-0.37235559819332165	35383.63672848737	-17679.87976756435	-17679.87976756435	63714.80695295196	3359.05500333705	-3789.0289807231707
8400000	-4648.25394602802	-939.0684830980299	-3709.18546292999	203.0	3.799480247122537E-5	9.2751665157152E-6	9.2751665157152E-6	2.227489329226646E-5	-0.3188245853657148	29297.449179745334	-12199.327559615547	-12199.327559615545	49973.33903645045	3280.1308179003463	-3709.18546292999
8410000	-4635.562589534375	-824.9216953061324	-3810.640894228242	406.0	2.1920694536139603E-5	5.998440495470481E-6	5.998440495470481E-6	1.5224692099476411E-5	-0.3283499395956874	51131.688122388055	-20145.588930868926	-20145.588930868922	73620.01865946258	3631.3454744082364	-3810.640894228242
8420000	-4681.968971510719	-950.4829970806989	-3731.4859744300197	158.0	3.0917742351207485E-5	9.755060730978242E-6	9.755060730978242E-6	2.1345704929115246E-5	-0.37972644179532433	37793.400602338676	-17271.714348638507	-17271.714348638507	54741.06506575369	3492.5151657288725	-3731.4859744300197
8430000	-4790.423883677398	-1000.6776929068137	-3789.746190770585	865.0	2.785290068539053E-5	8.714874644373886E-6	8.714874644373886E-6	1.8653383623648607E-5	-0.3823376955892726	42049.837405361744	-19645.715179493644	-19645.715179493647	62788.0693775852	3699.796732339427	-3789.746190770585
8440000	-4622.972311680447	-891.3133996109399	-3731.6589120695076	569.0	3.42658013853626E-5	1.021154916674321E-5	1.021154916674321E-5	1.9077499370352612E-5	-0.3993930121981811	34722.34317439398	-18585.712289990817	-18585.712289990817	62366.0832979597	3467.612613869158	-3731.6589120695076
8450000	-4753.614957195487	-1011.8841333398979	-3741.730823855589	203.0	3.326049168478918E-5	1.0324271191645256E-5	1.0324271191645256E-5	2.191241542805459E-5	-0.38242823121689584	35216.10385965069	-16592.447681266785	-16592.447681266785	53453.93954584101	3412.4517966469775	-3741.730823855589
8460000	-4769.947865435409	-923.8277543100377	-3846.120111125371	81.0	2.84040659090259E-5	1.0906878668215887E-5	1.0906878668215887E-5	2.2271258177784372E-5	-0.4336485013323139	43360.14732720075	-21234.717058126804	-21234.717058126807	55300.175350461854	3376.9633597749867	-3846.120111125371
8470000	-4689.013878756353	-890.194780848066	-3798.8190979082865	880.0	2.9343561859687655E-5	1.073808043226082E-5	1.073808043226082E-5	1.897161893497023E-5	-0.45511174304629787	42981.67902120905	-24327.956829904797	-24327.9568299048	66480.1228358673	3667.343903837202	-3798.8190979082865
8480000	-4657.046913668238	-919.0376021478116	-3738.009311520426	749.0	2.8028190176627718E-5	1.0267356466244174E-5	1.0267356466244174E-5	2.1060014776550458E-5	-0.4226022224976174	43435.65287035594	-21176.116735708874	-21176.11673570888	57807.30697548593	3693.643855754745	-3738.009311520426
8490000	-4606.232406261586	-823.1366779282545	-3783.095728333332	74.0	3.1971151654842014E-5	1.0397858119456229E-5	1.0397858119456229E-5	1.7612778947621635E-5	-0.4381782379628437	38710.64869382055	-22853.170077673225	-22853.170077673225	70268.52626311834	3695.391114039436	-3783.095728333332
8500000	-4713.697923379167	-893.5413324047632	-3820.156590974404	800.0	2.823827734144678E-5	7.92367963697375E-6	7.92367963697375E-6	1.5815939467680564E-5	-0.3749387364661835	41205.56443927602	-20643.711525622246	-20643.711525622246	73569.7148452588	3735.4382694218375	-3820.156590974404
8510000	-4677.4257489010515	-872.9503111394714	-3804.4754377615805	779.0	2.6783829562794388E-5	6.203553505157443E-6	6.203553505157443E-6	1.4921107776862537E-5	-0.3103156382859105	41314.35951233179	-17176.73001219699	-17176.730012196986	74160.49667506547	3622.812489123146	-3804.4754377615805
8520000	-4690.654243009737	-879.6080321305816	-3811.0462108791558	36.0	2.4987979015745534E-5	6.921947935239766E-6	6.921947935239766E-6	1.4890192756792524E-5	-0.35884971210472794	45934.352528423544	-21353.32979458267	-21353.329794582667	77084.7399915965	3645.360925235278	-3811.0462108791558
8530000	-4726.223128706099	-972.6474427257905	-3753.575685980308	941.0	3.298819584361025E-5	1.2119623958129324E-5	1.2119623958129324E-5	2.2137687708953994E-5	-0.4484806754712234	37946.17419743774	-20774.227551172964	-20774.227551172968	56545.012396869366	3432.7670443621537	-3753.575685980308
8540000	-4627.291304300159	-832.5727104956577	-3794.7185938045013	393.0	2.344801776596166E-5	6.832400906170129E-6	6.832400906170129E-6	1.6615772680910035E-5	-0.3461465467742617	48453.04802605703	-19923.87929213085	-19923.87929213085	68376.47293016253	3701.1670039663245	-3794.7185938045013
8550000	-4580.876989617447	-851.7575632327298	-3729.119426384718	849.0	2.6399552957653796E-5	7.696177980142013E-6	7.696177980142013E-6	1.8162620534728616E-5	-0.3514694335478001	43218.20743491475	-18313.162231507835	-18313.162231507835	62818.10236200845	3509.8313509810278	-3729.119426384718
8560000	-4573.829664823807	-889.1496854970711	-3684.6799793267364	550.0	4.0389968886520665E-5	9.68840588569703E-6	9.68840588569703E-6	2.0919842301957306E-5	-0.33330080479476365	27852.771048548268	-12899.186669991257	-12899.186669991255	53775.38414565358	3326.013936704746	-3684.6799793267364
8570000	-4582.489835656477	-927.2232737614802	-3655.2665618949973	470.0	3.686891936353627E-5	1.0880283317361532E-5	1.0880283317361532E-5	2.248884368680428E-5	-0.3778560995038075	31640.61240709005	-15307.98257653256	-15307.98257653256	51872.617538553335	3425.268806026908	-3655.2665618949973
8580000	-4567.4625748585095	-820.446294294805	-3747.0162805637046	588.0	2.562279817168592E-5	7.248931824934859E-6	7.248931824934859E-6	1.6399962819026936E-5	-0.35362202413550914	44605.60991872644	-19716.082827660404	-19716.082827660404	69690.43484333291	3685.0242127987176	-3747.0162805637046
8590000	-4636.475759980899	-891.6322429573926	-3744.8435170235066	625.0	3.291100385392558E-5	1.1148597069909773E-5	1.1148597069909773E-5	1.9374045060661146E-5	-0.44150894021687476	37742.03430107833	-21718.269556201656	-21718.269556201656	64113.004406081025	3414.839349181702	-3744.8435170235066
8600000	-4671.798220160474	-829.4405902197113	-3842.3576299407628	719.0	2.4626690446110466E-5	8.928530221266927E-6	8.928530221266927E-6	1.7839913234337696E-5	-0.4259715344571052	49607.76525784219	-24827.72340291615	-24827.72340291615	68479.87782680197	3452.7407873978646	-3842.3576299407628
8610000	-4746.205193152225	-990.6945546691497	-3755.5106384830747	413.0	2.8959186620411207E-5	8.576599569696268E-6	8.576599569696268E-6	2.021974741735143E-5	-0.3544329512856087	39492.51343608108	-16751.518540308483	-16751.518540308483	56562.084733221534	3498.3648655909938	-3755.5106384830747
8620000	-4928.363695105165	-994.1702750087316	-3934.1934200964333	429.0	2.271014756621012E-5	8.223394167361312E-6	8.223394167361312E-6	1.641741329919648E-5	-0.4258814889242387	53789.19725702502	-26942.720081982443	-26942.72008198244	74406.39916367397	4018.708867011595	-3934.1934200964333
8630000	-4763.802193707565	-929.9902820802149	-3833.8119116273497	786.0	2.7746645531930974E-5	7.569047014718792E-6	7.569047014718792E-6	1.718049831061331E-5	-0.3466714538282005	40963.42160201128	-18046.860945694094	-18046.860945694098	66156.26150167682	3439.311650499356	-3833.8119116273497
8640000	-4900.014451224159	-987.9809529427839	-3912.0334982813747	245.0	2.2970661684871068E-5	8.924678722927544E-6	8.924678722927544E-6	1.6778179787637863E-5	-0.45460417131265984	54874.4087353074	-29188.891421587006	-29188.891421587006	75127.42706123673	3913.077250742527	-3912.0334982813747
8650000	-4500.602256363914	-872.9498429794297	-3627.652413384485	935.0	3.8343983327463206E-5	1.0230178300311414E-5	1.0230178300311414E-5	1.978827865410141E-5	-0.3713903206600517	30252.45537434853	-15639.966361483082	-15639.966361483079	58620.54324004669	3310.0649324689707	-3627.652413384485
8660000	-4745.6455794555395	-966.8154989850145	-3778.830080470525	90.0	3.0059008450031424E-5	8.012678103841162E-6	8.012678103841162E-6	1.9043700556357595E-5	-0.33489965393863047	37470.50577455968	-15765.79616294353	-15765.796162943532	59144.295320713034	3487.3357932696367	-3778.830080470525
8670000	-4670.357593014012	-901.7434935680452	-3768.614099445967	888.0	3.2494173271245155E-5	7.92663488031419E-6	7.92663488031419E-6	1.5670742019441656E-5	-0.3512702157779326	35106.57536045171	-17757.74270518239	-17757.74270518239	72795.47715783204	3482.263079677515	-3768.614099445967
8680000	-4631.469570045689	-945.8454166629855	-3685.6241533827033	650.0	3.460167604069546E-5	9.743861069048252E-6	9.743861069048252E-6	2.326677112551402E-5	-0.34341120094043026	32764.264978164007	-13721.304269273003	-13721.304269273001	48726.07704653684	3351.9954827230763	-3685.6241533827033
8690000	-4679.62701291272	-879.0238769442401	-3800.60313596848	558.0	2.7205283958588872E-5	7.126715812749021E-6	7.126715812749021E-6	1.766901428803943E-5	-0.3250548486015139	41100.24391719905	-16577.594734915216	-16577.59473491522	63282.749581088	3630.847011494498	-3800.60313596848
8700000	-4676.014927612484	-907.8985583853183	-3768.1163692271653	897.0	2.7743601436905794E-5	7.534235391506124E-6	7.534235391506124E-6	1.706318274494334E-5	-0.3462802682576608	40955.29785662318	-18083.78068695823	-18083.780686958227	66590.59317644837	3621.43419186917	-3768.1163692271653
8710000	-4681.797757179388	-950.8543623116801	-3730.9433948677083	846.0	2.9073233772057638E-5	6.8627079505298324E-6	6.8627079505298324E-6	1.9340967448470616E-5	-0.28940747906044356	37540.136072176225	-13320.27422996709	-13320.27422996709	56430.121955845396	3565.332642162722	-3730.9433948677083
8720000	-4755.07771471468	-976.0737897016419	-3779.003925013038	653.0	3.224925408298727E-5	9.382217511226737E-6	9.382217511226737E-6	1.9365794835951273E-5	-0.3754291557930175	36096.10929823135	-17487.614198840853	-17487.614198840853	60109.724905528834	3587.7991458879005	-3779.003925013038
8730000	-4632.236712176304	-914.7732269828098	-3717.4634851934943	674.0	3.0388457216518407E-5	1.1551923104532622E-5	1.1551923104532622E-5	2.6226690530841786E-5	-0.4091930205156147	39525.3065771486	-17409.48983728459	-17409.48983728459	45797.356188611804	3385.168008014522	-3717.4634851934943
8740000	-4679.168968290078	-964.8839000067804	-3714.2850682832973	378.0	2.9512610747911237E-5	9.333027959455416E-6	9.333027959455416E-6	2.0918901563686535E-5	-0.37562052366338716	39449.82712067623	-17600.653571222618	-17600.653571222618	55656.23932692433	3376.1728300949594	-3714.2850682832973
8750000	-4783.987542856927	-919.8657196604016	-3864.1218231965254	144.0	2.6826270190446856E-5	8.162253746564998E-6	8.162253746564998E-6	1.591261673161466E-5	-0.3950564378034676	44170.57660995214	-22656.955829661012	-22656.955829661012	74464.9256996321	3684.8608252528766	-3864.1218231965254
8760000	-4626.027071825914	-831.9219033787035	-3794.1051684472113	112.0	3.0578332971412504E-5	1.0402013125886293E-5	1.0402013125886293E-5	1.8854508501233755E-5	-0.43321440278085754	40258.37352243799	-22210.503645843164	-22210.503645843164	65291.22466258151	3461.291207588415	-3794.1051684472113
8770000	-4653.466116858118	-903.1600965970301	-3750.3060202610877	743.0	3.4361658686003295E-5	8.58864983461419E-6	8.58864983461419E-6	1.823539669661066E-5	-0.34310751390935024	32985.32803165455	-15535.687918235439	-15535.687918235437	62155.52106306723	3602.722842406406	-3750.3060202610877
8780000	-4778.770642292862	-948.1580274473914	-3830.612614845471	134.0	2.8459070453847908E-5	9.689260568017165E-6	9.689260568017165E-6	1.9242108478474992E-5	-0.41405110744070284	42408.64974801179	-21354.648229216706	-21354.64822921671	62722.375376966964	3492.13581590003	-3830.612614845471
8790000	-4689.491695369042	-862.3180668452303	-3827.1736285238117	665.0	2.6520431123659837E-5	8.188313375116738E-6	8.188313375116738E-6	1.670978852960527E-5	-0.38897231213889116	44428.836641507296	-21771.504568593402	-21771.504568593402	70513.87274996606	3399.798448849681	-3827.1736285238117
8800000	-4713.551218533455	-932.8902379322493	-3780.6609806012057	20.0	3.123114927041595E-5	9.251527357511338E-6	9.251527357511338E-6	1.8695215673580638E-5	-0.3828725356885928	37519.32426593832	-18566.838753948763	-18566.838753948763	62677.61961850814	3465.2355683491405	-3780.6609806012057
8810000	-4614.107099892734	-785.851626582121	-3828.255473310613	458.0	2.438920928609874E-5	9.459151943663853E-6	9.459151943663853E-6	1.8672646909103776E-5	-0.4432516887976196	51027.148159347256	-25849.230162210555	-25849.23016221056	66648.92244732221	3542.5773671828597	-3828.255473310613
8820000	-4776.598800865765	-980.6695301477089	-3795.929270718056	242.0	2.4821741481534092E-5	8.025110335970892E-6	8.025110335970892E-6	1.7500443499689645E-5	-0.3850440003304825	47299.89084995497	-21690.127050608768	-21690.127050608764	67087.76625022007	3680.0663667316485	-3795.929270718056
8830000	-4668.18544349872	-972.3137745255212	-3695.8716689731987	504.0	3.7399829030044516E-5	8.651426507671764E-6	8.651426507671764E-6	2.097709486361337E-5	-0.3088732112650907	29558.002197407775	-12190.386008504971	-12190.38600850497	52698.633239736955	3480.465423324218	-3695.8716689731987
8840000	-4802.323634612039	-1012.2950143424091	-3790.0286202696307	412.0	2.8439019103588577E-5	8.559967626324765E-6	8.559967626324765E-6	1.859830282181377E-5	-0.3722015336848068	40817.578460437486	-18786.507218094725	-18786.507218094725	62414.936713316776	3617.8524568510384	-3790.0286202696307
8850000	-4740.216423774537	-891.547220433482	-3848.669203341055	619.0	2.19563394022764E-5	7.3439607594049884E-6	7.3439607594049884E-6	1.6899997367742128E-5	-0.38124754995378535	53290.72297731465	-23157.694635665357	-23157.694635665357	69234.8747293878	3723.859571285063	-3848.669203341055
8860000	-4633.836986825337	-878.2486302023948	-3755.588356622942	890.0	2.9618278315959654E-5	8.297814297154195E-6	8.297814297154195E-6	1.8716493882683212E-5	-0.352428935406149	38551.23552770566	-17091.39518009422	-17091.39518009422	61006.14946585314	3548.238950177131	-3755.588356622942
8870000	-4782.427862042345	-1023.1229497857591	-3759.304912256586	12.0	3.09740793604234E-5	1.0067711308818812E-5	1.0067711308818812E-5	2.110934097342408E-5	-0.39372610707044886	38208.086712302254	-18222.643102219943	-18222.643102219947	56063.34709959557	3527.839862057682	-3759.304912256586
8880000	-4552.1741937299685	-842.8119866689422	-3709.362207061026	719.0	3.261318618230658E-5	1.0584985277101494E-5	1.0584985277101494E-5	2.0683883674056033E-5	-0.40754690567654267	36769.68605033037	-18816.90071456823	-18816.900714568234	57976.37599985744	3245.6939985042354	-3709.362207061026
8890000	-4834.774281490274	-947.5509051524266	-3887.2233763378476	201.0	2.246473645234905E-5	5.785099904354065E-6	5.785099904354065E-6	1.596177177319242E-5	-0.30550593449336994	49096.58472807782	-17794.305773218515	-17794.305773218515	69098.96045995779	3775.70033551908	-3887.2233763378476
8900000	-4675.773482447358	-984.1273214901047	-3691.6461609572534	741.0	3.989537677165318E-5	1.1386093064685292E-5	1.1386093064685292E-5	2.0752862154740656E-5	-0.39570764702690864	29719.115007361812	-16305.4429191883	-16305.4429191883	57132.13347142808	3322.2044202073516	-3691.6461609572534
8910000	-4756.262498875592	-1012.6435996684097	-3743.618899207183	142.0	3.2050833468108325E-5	7.780421373258885E-6	7.780421373258885E-6	2.0517696558130823E-5	-0.3034024986585919	34363.72309525396	-13030.909433598768	-13030.909433598768	53679.80577886613	3608.822122987513	-3743.618899207183
8920000	-4778.90980076923	-966.7235796850814	-3812.186221084149	188.0	2.5133698885210756E-5	7.548257444692034E-6	7.548257444692034E-6	1.9960919668116583E-5	-0.33699870092231704	44884.68975375213	-16973.22564388735	-16973.22564388735	56516.34772263748	3443.322335063948	-3812.186221084149
8930000	-4534.105092866417	-919.2237654237078	-3614.881327442709	38.0	3.982646607659097E-5	7.697632749145457E-6	7.697632749145457E-6	2.3047667468684878E-5	-0.2540725881731603	26841.636206646705	-8964.770868273983	-8964.770868273983	46382.4599724325	3233.193304789048	-3614.881327442709
8940000	-4724.466946006469	-908.5808520070489	-3815.8860939994197	766.0	2.2452682335232445E-5	7.783992098464795E-6	7.783992098464795E-6	1.856029689821267E-5	-0.3813079068028728	52115.475482599715	-21856.678887682934	-21856.678887682938	63044.90828878327	3522.260940750785	-3815.8860939994197
8950000	-4710.3576634186065	-926.4621809549265	-3783.8954824636803	117.0	2.867794065142074E-5	9.810628633886964E-6	9.810628633886964E-6	1.698737678353927E-5	-0.44448764708486405	43455.47339107137	-25096.606555678823	-25096.606555678827	73361.14944457558	3708.416799841017	-3783.8954824636803
8960000	-4699.076878070143	-959.0445878905215	-3740.0322901796217	163.0	3.0515374016675336E-5	6.5144501316206385E-6	6.5144501316206385E-6	1.8942303738191055E-5	-0.2709580243923206	35366.94614262079	-12163.051027911473	-12163.051027911473	56974.885646762996	3587.0599693083755	-3740.0322901796217
8970000	-4703.553830134872	-889.2921927004178	-3814.2616374344543	404.0	2.578011575728759E-5	8.886671759375222E-6	8.886671759375222E-6	1.7659420761677316E-5	-0.416493742171337	46930.47595147139	-23616.614662527936	-23616.614662527936	68511.48284541006	3585.2471378752657	-3814.2616374344543
8980000	-4735.412620239242	-993.162829069439	-3742.2497911698024	373.0	3.909355988703728E-5	1.3984350808662017E-5	1.3984350808662017E-5	2.129881161062502E-5	-0.4846319188365543	33431.700673245185	-21950.55005377003	-21950.55005377003	61363.244874330434	3537.5733911954485	-3742.2497911698024
8990000	-4669.6197775308765	-926.313874782216	-3743.30590274866	710.0	3.369723439172061E-5	1.0798488672987903E-5	1.0798488672987903E-5	2.042107906014126E-5	-0.4116484688042756	35730.76311980311	-18894.116206596715	-18894.116206596715	58960.05281097634	3403.4256401541948	-3743.30590274866
9000000	-4828.5578546254455	-1044.9975565560276	-3783.560298069418	420.0	3.284251168483463E-5	6.940123602826338E-6	6.940123602826338E-6	1.9108963434155314E-5	-0.277032332753273	32979.40899579502	-11977.686574556874	-11977.686574556872	56681.60018388859	3549.4372610360097	-3783.560298069418
9010000	-4701.618410744461	-894.7432027972814	-3806.8752079471788	903.0	2.9610795892643226E-5	1.037712101775962E-5	1.037712101775962E-5	1.9369025262903332E-5	-0.43330924817657207	41578.02834870757	-22275.784454715747	-22275.784454715747	63563.26631521821	3432.2591663977546	-3806.8752079471788
9020000	-4713.9596086759175	-993.0030924952529	-3720.9565161806645	512.0	3.50368934782222E-5	9.516135539530415E-6	9.516135539530415E-6	2.1592743709978353E-5	-0.3459743544956253	32422.227137497233	-14288.795906528834	-14288.795906528834	52609.06783320287	3561.6845639269277	-3720.9565161806645
9030000	-4724.920116751349	-973.3982160404718	-3751.521900710877	676.0	3.5839525044211274E-5	8.64756158526278E-6	8.64756158526278E-6	1.8878826345080204E-5	-0.33244901072920763	31369.147174956994	-14368.82924363062	-14368.829243630618	59551.12437831179	3603.3440571835586	-3751.521900710877
9040000	-4697.387467317189	-1011.1668102122621	-3686.220657104927	782.0	3.780113153354766E-5	1.4309295267491826E-5	1.4309295267491826E-5	2.7743290677294804E-5	-0.4418622087373171	32872.29391563228	-16954.70682371206	-16954.70682371206	44789.5644596771	3361.647867015251	-3686.220657104927
9050000	-4684.623837861315	-914.7372122070223	-3769.886625654293	405.0	3.0173813988785583E-5	1.0658426551796775E-5	1.0658426551796775E-5	2.0323980389399927E-5	-0.4304013340917747	40676.438579493784	-21331.787606640566	-21331.787606640566	60389.907287257796	3511.7486895444076	-3769.886625654293
9060000	-4704.618874911371	-985.9349225288361	-3718.6839523825347	309.0	3.631931293568249E-5	1.1070229034792373E-5	1.1070229034792373E-5	2.28129398685328E-5	-0.38458927257566405	32312.93083139122	-15680.2037418385	-15680.203741838499	51443.761895552605	3291.2238792437215	-3718.6839523825347
9070000	-4515.967824796553	-817.366949447382	-3698.6008753491715	290.0	3.110313974404318E-5	7.5576261469625065E-6	7.5576261469625065E-6	1.9263664326164417E-5	-0.3087548853684461	35539.014252455876	-13942.860444615768	-13942.86044461577	57381.34281951373	3511.036266352925	-3698.6008753491715
9080000	-4573.727092791907	-896.8336244291149	-3676.8934683627917	783.0	3.671032539520862E-5	1.0421227915246535E-5	1.0421227915246535E-5	1.931158761148758E-5	-0.39139546361827554	32168.143518663925	-17359.08833403958	-17359.08833403958	61149.97066463135	3612.110159454588	-3676.8934683627917
9090000	-4727.269538903166	-913.6427910139371	-3813.6267478892287	35.0	2.9247035715985602E-5	6.6232690217017456E-6	6.6232690217017456E-6	1.784788668992659E-5	-0.28989322628933384	37328.51618709635	-13852.44142252588	-13852.44142252588	61169.61997326778	3480.4183380680224	-3813.6267478892287
9100000	-4668.7832983659755	-891.5719775272714	-3777.2113208387045	508.0	2.541112419026384E-5	5.954868565407639E-6	5.954868565407639E-6	1.5586657597546647E-5	-0.2992152631515407	43222.548769163484	-16513.136018513866	-16513.136018513862	70466.26563258999	3371.614404560667	-3777.2113208387045
9110000	-4625.63876775319	-845.0229805711353	-3780.615787182055	50.0	2.6318057215244737E-5	8.422491107000905E-6	8.422491107000905E-6	1.708969951169677E-5	-0.3971425631737942	45111.86969652221	-22232.943363286657	-22232.94336328665	69472.06806925643	3547.7716875116794	-3780.615787182055
9120000	-4629.89210926091	-945.0933655329694	-3684.7987437279407	938.0	3.5216395640438E-5	8.31356396844485E-6	8.31356396844485E-6	2.086122391264944E-5	-0.30672197948565766	31344.725281744268	-12491.423312181701	-12491.4233121817	52913.8775071301	3370.2545529229737	-3684.7987437279407
9130000	-4689.258595293148	-917.0802033261216	-3772.178391967026	911.0	2.8140328663317138E-5	9.426166420212274E-6	9.426166420212274E-6	1.861864878069513E-5	-0.4118095753082029	42793.3968502256	-21665.249994653703	-21665.249994653703	64678.17649762601	3424.5184294525375	-3772.178391967026
9140000	-4618.950813004763	-895.5661019660749	-3723.3847110386882	794.0	3.198345879621403E-5	9.500802577478814E-6	9.500802577478814E-6	2.0888554667074434E-5	-0.36757281493329297	36150.43960925501	-16442.41046308378	-16442.41046308378	55351.65616461323	3413.360046573679	-3723.3847110386882
9150000	-4683.400499125335	-925.033223474496	-3758.3672756508395	252.0	3.079121390502936E-5	1.0992004903065415E-5	1.0992004903065415E-5	1.831332653853317E-5	-0.4628922274038495	41333.2371301654	-24808.99055878103	-24808.99055878103	69495.86920674016	3451.762673703609	-3758.3672756508395
9160000	-4654.701513455054	-868.8904817296464	-3785.8110317254077	248.0	2.7000494770154638E-5	7.390171076246757E-6	7.390171076246757E-6	1.555075187695681E-5	-0.3606558116529386	42574.08028399669	-20232.44529924111	-20232.445299241106	73920.62076146704	3655.6154309306717	-3785.8110317254077
9170000	-4962.803248959877	-1011.9227363051205	-3950.880512654757	672.0	2.3990534589067403E-5	9.86567200662544E-6	9.86567200662544E-6	1.9606120640413222E-5	-0.4548946977623016	52559.122618411384	-26447.407634554194	-26447.40763455419	64312.64360114933	3485.37585099959	-3950.880512654757
9180000	-4721.393309558821	-919.1651259906087	-3802.2281835682124	397.0	2.535728984177101E-5	6.94894977516406E-6	6.94894977516406E-6	1.7228042505519116E-5	-0.33246795191459383	44337.2009240351	-17883.458454074313	-17883.458454074313	65258.21225733729	3667.4018158447957	-3802.2281835682124
9190000	-4826.410096689674	-989.3347677542628	-3837.075328935411	682.0	2.496308021073685E-5	7.6804431104839E-6	7.6804431104839E-6	1.804140552176861E-5	-0.3619111858501631	46096.920089668376	-19624.01276829751	-19624.01276829751	63782.232059351925	3559.196874535467	-3837.075328935411
9200000	-4634.2429403562855	-941.7401560456038	-3692.5027843106814	104.0	3.499648340657799E-5	9.787482256748415E-6	9.787482256748415E-6	2.04488238317592E-5	-0.36586816113485365	32990.37502835702	-15790.282751227653	-15790.282751227653	56460.31878193144	3499.3274685368074	-3692.5027843106814
9210000	-4464.071067577635	-801.4678537174307	-3662.6032138602045	426.0	3.193490878434801E-5	9.002471059062201E-6	9.002471059062201E-6	1.8352566576680462E-5	-0.3718608774829622	36338.61789845359	-17825.155658218533	-17825.155658218537	63232.05220848693	3213.775628995127	-3662.6032138602045
9220000	-4808.633344236381	-953.0635865778255	-3855.5697576585553	674.0	2.1912547979339757E-5	6.786841863232476E-6	6.786841863232476E-6	1.612791029240619E-5	-0.3610208134805406	52475.38591292839	-22082.349135512693	-22082.349135512693	71296.86305936534	3468.9864377568792	-3855.5697576585553
9230000	-4510.485866061723	-892.7377300591008	-3617.748136002622	132.0	4.137957732207322E-5	1.6259695284860273E-5	1.6259695284860273E-5	2.7901070723706638E-5	-0.47852974944339766	31343.994692382395	-18266.10196272459	-18266.10196272459	46485.7160787765	3416.139943907821	-3617.748136002622
9240000	-4732.815188599978	-936.7679657802264	-3796.047222819751	183.0	2.7141630913150753E-5	7.586975054564473E-6	7.586975054564473E-6	1.80188069745006E-5	-0.34307389203436184	41758.7634931023	-17582.889776219807	-17582.889776219807	62900.99825827949	3539.4912755480423	-3796.047222819751
9250000	-4687.80960737492	-953.8984151090959	-3733.9111922658244	314.0	3.464487301288325E-5	1.0048518660383289E-5	1.0048518660383289E-5	2.1298392847549492E-5	-0.3699211306272755	33440.32937651608	-15777.048350760748	-15777.04835076075	54395.46415783599	3575.520944342147	-3733.9111922658244
9260000	-4602.371038911546	-903.7595854416672	-3698.611453469878	841.0	3.6231391429647395E-5	1.1581739312365163E-5	1.1581739312365163E-5	2.189312505805047E-5	-0.41122300274243606	33217.6194867315	-17572.539710643006	-17572.539710643006	54972.53456478555	3430.5944680113685	-3698.611453469878
9270000	-4613.282729002485	-869.8414967891035	-3743.441232213382	9.0	2.645616886840093E-5	7.875713054732027E-6	7.875713054732027E-6	1.838604363192765E-5	-0.3570937625993753	43322.70369140115	-18557.40092099864	-18557.400920998643	62338.19453713756	3498.5222593607923	-3743.441232213382
9280000	-4630.562709184192	-817.4302994532279	-3813.1324097309634	954.0	2.865248982504038E-5	8.487006172188793E-6	8.487006172188793E-6	1.6694497503131868E-5	-0.38804908056935405	41088.115097356604	-20888.025313097947	-20888.025313097947	70518.85206705036	3437.0395772938896	-3813.1324097309634
9290000	-4838.791757181012	-850.2369576157039	-3988.554799565308	9.0	1.80264185848305E-5	7.567008907762491E-6	7.567008907762491E-6	1.4979410554380118E-5	-0.46049207183708407	70403.3806429097	-35565.018164597415	-35565.018164597415	84724.34910899354	3906.2641816487544	-3988.554799565308
9300000	-4946.872184996162	-999.9765732505612	-3946.895611745601	198.0	3.208084307105645E-5	7.860339635029816E-6	7.860339635029816E-6	1.8884861130793606E-5	-0.31934603440726106	34711.16036385395	-14447.63123732917	-14447.631237329171	58965.92411957427	3382.4025384093584	-3946.895611745601
9310000	-4588.526956886571	-829.3784541705193	-3759.1485027160516	0.0	2.7713807396487755E-5	9.142122301283382E-6	9.142122301283382E-6	1.655313767293193E-5	-0.4268337638513404	44121.45528979344	-24367.811610090568	-24367.811610090568	73869.59125903898	3499.5976121749177	-3759.1485027160516
9320000	-4725.89514948304	-876.1858891609376	-3849.709260322102	563.0	2.7794729641777294E-5	7.922987922378052E-6	7.922987922378052E-6	1.3382430232149796E-5	-0.4108093058899296	43282.60103488091	-25625.205534389723	-25625.20553438972	89896.09309281388	3735.5762713483773	-3849.709260322102
9330000	-4714.606263255811	-952.358846851673	-3762.247416404138	861.0	3.09244220685741E-5	1.0562703667861751E-5	1.0562703667861751E-5	1.9495991581597148E-5	-0.43018140697668295	39679.90869779553	-21498.117466271935	-21498.11746627193	62940.027393702265	3509.2725814720275	-3762.247416404138
9340000	-4746.673618155237	-918.7689400607499	-3827.9046780944873	230.0	2.4312257832241675E-5	7.333337743795286E-6	7.333337743795286E-6	1.830007951223778E-5	-0.3476662654703131	46786.71051408746	-18748.702697796416	-18748.702697796416	62157.68452701393	3677.0766803641845	-3827.9046780944873
9350000	-4752.536183053995	-879.2991978816161	-3873.2369851723793	399.0	2.4786679259219807E-5	7.44569616170448E-6	7.44569616170448E-6	1.5234844607643444E-5	-0.3831573156119493	47286.33519138342	-23110.159210873328	-23110.159210873324	76933.58573179941	3770.54168291382	-3873.2369851723793
9360000	-4638.007201885181	-924.5324755176904	-3713.47472636749	267.0	2.9008830395492166E-5	1.1229898419333402E-5	1.1229898419333402E-5	2.0077344154146517E-5	-0.46532628643883367	43999.385129601316	-24610.258295368443	-24610.258295368443	63572.68625426932	3656.2098064564293	-3713.47472636749
9370000	-4655.636392987615	-945.8654731284443	-3709.770919859171	606.0	3.813863782300396E-5	1.1205969378190444E-5	1.1205969378190444E-5	2.0390337170371677E-5	-0.4018413636942397	31269.401906325507	-17184.8046115574	-17184.804611557403	58487.13458157886	3441.0880180907793	-3709.770919859171
9380000	-4723.87843320282	-966.9421684541798	-3756.9362647486405	821.0	3.3580084634828206E-5	9.008376190941761E-6	9.008376190941761E-6	1.8571488928986004E-5	-0.36072999768733116	34234.33758106468	-16605.873269352567	-16605.873269352567	61900.90400318803	3494.2223722861745	-3756.9362647486405
9390000	-4558.358037420722	-768.3545797241931	-3790.0034576965295	238.0	2.373672262795737E-5	7.725864252472845E-6	7.725864252472845E-6	1.710216059907443E-5	-0.3834521749380985	49391.05746631348	-22312.30393728585	-22312.303937285847	68551.67945521662	3517.1878066384666	-3790.0034576965295
9400000	-4722.985976442387	-892.0030032592782	-3830.9829731831087	847.0	2.7799025408834365E-5	8.809955534853505E-6	8.809955534853505E-6	1.5713560625879118E-5	-0.42152334166776323	43745.21894087341	-24526.168378210252	-24526.168378210252	77390.1270250343	3422.511947953328	-3830.9829731831087
9410000	-4680.815802872719	-898.8570885212857	-3781.958714351433	555.0	2.968480755321918E-5	9.752442493709279E-6	9.752442493709279E-6	1.810446873491879E-5	-0.42068147371108594	40930.93145868302	-22048.509741401853	-22048.509741401856	67111.98440093087	3609.504441993975	-3781.958714351433
9420000	-4596.743177264505	-797.8189754043608	-3798.9242018601444	497.0	2.8063144926058376E-5	7.513642519304536E-6	7.513642519304536E-6	1.5411179919023777E-5	-0.36129704842830296	40983.763326542445	-19981.425714931862	-19981.425714931862	74629.8009556229	3673.3174666735626	-3798.9242018601444
9430000	-4731.97106551453	-872.4389856297139	-3859.5320798848165	666.0	2.138317088013462E-5	7.595541444075347E-6	7.595541444075347E-6	1.7121542675840697E-5	-0.39696410513837266	55513.61161459015	-24627.216467117676	-24627.21646711768	69331.19671530537	3657.958010298915	-3859.5320798848165
9440000	-4693.6035151630285	-882.790230696252	-3810.8132844667766	193.0	2.5194226349032372E-5	8.742209329794687E-6	8.742209329794687E-6	1.8899400049181027E-5	-0.40063296295245104	47280.46896168002	-21870.311004490242	-21870.311004490242	63028.182577710155	3548.039297178872	-3810.8132844667766
9450000	-4773.685606540609	-997.1599059877459	-3776.525700552863	538.0	3.2089505781520646E-5	7.875401114231074E-6	7.875401114231074E-6	1.9965098570065558E-5	-0.3111397075470522	34502.999329820785	-13609.998388577567	-13609.998388577567	55455.984481545755	3628.0712211306713	-3776.525700552863
9460000	-4709.247374204342	-927.873800790722	-3781.37357341362	746.0	3.292043245682134E-5	9.777085272860153E-6	9.777085272860153E-6	1.8321782289516816E-5	-0.3981005503946399	36097.08361667518	-19262.550937728876	-19262.550937728876	64858.952274032636	3389.403324553831	-3781.37357341362
9470000	-4660.388406851782	-931.1621028697584	-3729.226303982023	646.0	3.1927178151858426E-5	7.615007144624235E-6	7.615007144624235E-6	1.836605098761134E-5	-0.31447212438158567	34758.65513677234	-14411.775693239324	-14411.775693239326	60423.75552693983	3496.2435357018285	-3729.226303982023
9480000	-4722.136429359936	-861.2414183553553	-3860.8950110045807	550.0	2.4806001209963003E-5	7.131109291452214E-6	7.131109291452214E-6	1.4485714387692976E-5	-0.3761913048517701	46958.36918553987	-23116.93119498113	-23116.93119498113	80413.6635348854	3533.357407260854	-3860.8950110045807
9490000	-4766.1851570349145	-918.8197355299068	-3847.3654215050074	114.0	2.219861120330689E-5	8.125199985641599E-6	8.125199985641599E-6	2.019175485273229E-5	-0.3837815780214886	52828.94927805421	-21258.468174073663	-21258.468174073663	58079.612884367765	3623.7407730064733	-3847.3654215050074
9500000	-4601.430692027365	-937.1661612339389	-3664.264530793426	262.0	3.616005124404325E-5	1.0566960348465497E-5	1.0566960348465497E-5	2.280267057494516E-5	-0.3679956648922772	31986.460425709905	-14822.810244762317	-14822.810244762317	50723.53452231607	3538.9873096487768	-3664.264530793426
9510000	-4765.612692097155	-874.9091221381354	-3890.703569959019	557.0	2.050234595619249E-5	6.210913368447305E-6	6.210913368447305E-6	1.642916554242037E-5	-0.3384121444972965	55083.185687457495	-20823.753554588257	-20823.75355458825	68739.6159237354	3713.3761080431914	-3890.703569959019
9520000	-4721.837806550812	-972.8765108947862	-3748.9612956560263	965.0	3.270441905119116E-5	7.120199387620544E-6	7.120199387620544E-6	1.942488681815664E-5	-0.28249429878814797	33228.65492465025	-12179.975649835016	-12179.975649835016	55944.92597750513	3254.1673522384804	-3748.9612956560263
9530000	-4680.35898717694	-822.7539374925941	-3857.605049684346	93.0	2.236598599199093E-5	6.238780560496778E-6	6.238780560496778E-6	1.4913159478325353E-5	-0.3416023541059527	50617.40429637288	-21175.316900887752	-21175.316900887752	75913.36745838552	3579.5292654994732	-3857.605049684346
9540000	-4553.644507177549	-803.3351100229407	-3750.3093971546077	270.0	3.2472121336823595E-5	1.0868643256892127E-5	1.0868643256892127E-5	1.939385832767787E-5	-0.4330997112032879	37905.85108831306	-21243.074269537577	-21243.074269537574	63467.69039550102	3239.53975318883	-3750.3093971546077
9550000	-4795.779001917056	-888.503823100766	-3907.27517881629	432.0	2.103076834402868E-5	3.781642428026909E-6	3.781642428026909E-6	1.388641861952E-5	-0.2212879499339066	49997.68466653135	-13615.70400681187	-13615.70400681187	75720.72776788878	3529.9121810059523	-3907.27517881629
9560000	-4799.575338384184	-989.0476555090053	-3810.5276828751785	59.0	2.858374642530189E-5	9.007872289649839E-6	9.007872289649839E-6	1.9166866661655008E-5	-0.3848460950721802	41067.24352906263	-19300.41521798757	-19300.41521798757	61244.00488313758	3657.8231408232405	-3810.5276828751785
9570000	-4796.3839178943745	-987.6935621258409	-3808.690355768533	161.0	2.4867286730942745E-5	7.667931503263343E-6	7.667931503263343E-6	1.8599139272970817E-5	-0.35654766815328026	46070.206590760805	-18993.52347947223	-18993.52347947223	61596.45455804071	3617.9293204717133	-3808.690355768533
9580000	-4666.205738534718	-876.8876839703527	-3789.3180545643654	38.0	2.7584424465415987E-5	9.554295868434506E-6	9.554295868434506E-6	1.837659522328098E-5	-0.42435976259701746	44214.55238726617	-22987.877246333308	-22987.877246333304	66368.82217733079	3576.657006403652	-3789.3180545643654
9590000	-4667.94016937202	-867.059909332217	-3800.8802600398035	137.0	2.7399157798916423E-5	8.516380871875149E-6	8.516380871875149E-6	1.6595855283545196E-5	-0.3993803097603752	43423.7636272595	-22283.474013339393	-22283.474013339393	71691.06572204163	3563.1660894274764	-3800.8802600398035
9600000	-4599.4675770496215	-814.1262478581662	-3785.3413291914558	932.0	2.4610078234248757E-5	8.531445333314679E-6	8.531445333314679E-6	1.8704205152818425E-5	-0.39764587945427404	48265.62914891449	-22015.133666343234	-22015.133666343234	63505.55394763927	3579.3050993679662	-3785.3413291914558
9610000	-4754.129922449331	-996.0888872925015	-3758.04103515683	283.0	3.2511389671068586E-5	9.691196362474501E-6	9.691196362474501E-6	2.0218324707386947E-5	-0.37799585983658057	35885.85337985841	-17201.071640328028	-17201.071640328028	57705.02649436362	3397.011795195142	-3758.04103515683
9620000	-4846.153617327956	-948.001406547273	-3898.1522107806836	747.0	2.368380652263492E-5	6.806929664057704E-6	6.806929664057704E-6	1.6827062718369045E-5	-0.34097407040834404	47777.74110298262	-19327.183159574222	-19327.183159574222	67246.36351039037	3646.3375106172925	-3898.1522107806836
9630000	-4745.743629285787	-964.0636558219136	-3781.679973463874	717.0	3.1415626463051224E-5	1.109266460784335E-5	1.109266460784335E-5	2.0876954700038088E-5	-0.43314115015958643	39182.34083402984	-20818.963860725584	-20818.963860725584	58961.558391827835	3552.529580665834	-3781.679973463874
9640000	-4606.440746341545	-910.4004467842016	-3696.040299557343	889.0	3.506969705959064E-5	1.1084613974449147E-5	1.1084613974449147E-5	2.205401149985793E-5	-0.39857565432128944	33900.10296325616	-17038.603387152263	-17038.60338715226	53907.0337030514	3584.886629430983	-3696.040299557343
9650000	-4575.719069862082	-876.9277733507604	-3698.791296511321	874.0	3.382590031478676E-5	8.932150694446447E-6	8.932150694446447E-6	2.051037234056713E-5	-0.3391131155234506	33404.59713645159	-14547.512378403244	-14547.512378403246	55091.177967468284	3494.0265516791337	-3698.791296511321
9660000	-4762.798291930273	-940.3660678411685	-3822.4322240891042	352.0	2.8678385072476193E-5	1.024922046924936E-5	1.024922046924936E-5	1.8925506054531063E-5	-0.439936240115066	43237.89817384779	-23415.741155551405	-23415.7411555514	65519.67963135381	3541.7703564835165	-3822.4322240891042
9670000	-4626.67235907953	-938.5823836428667	-3688.0899754366637	500.0	3.7643958609779696E-5	1.0353085704505193E-5	1.0353085704505193E-5	2.439717471757086E-5	-0.341627165331157	30074.676633809977	-12762.367295786455	-12762.367295786455	46404.13881982371	3234.351270794504	-3688.0899754366637
9680000	-4655.861857650287	-939.3327130225399	-3716.5291446277465	212.0	3.263347165235265E-5	1.0144312660255301E-5	1.0144312660255301E-5	1.9991764489715048E-5	-0.3971599284651892	36382.1607293	-18461.202555860134	-18461.202555860134	59388.265173979766	3542.3898802355334	-3716.5291446277465
9690000	-4698.254748515465	-902.7084644006457	-3795.5462841148187	444.0	2.7573085393804785E-5	9.670972388132583E-6	9.670972388132583E-6	2.0910444600853544E-5	-0.4027595314361422	43289.46099127903	-20021.15162710185	-20021.151627101848	57082.66980203736	3545.5334514677475	-3795.5462841148187
9700000	-4660.362351427549	-879.5443647133425	-3780.817986714206	677.0	2.8351945552305887E-5	7.971369063750125E-6	7.971369063750125E-6	1.8138600893965467E-5	-0.35151154315791966	40243.44254475106	-17685.7815437551	-17685.781543755096	62903.41237100183	3448.678233157358	-3780.817986714206
9710000	-4656.180600434415	-1021.3098771853191	-3634.870723249096	883.0	4.0885042901067626E-5	9.272058278397016E-6	9.272058278397016E-6	2.3459042886528862E-5	-0.29939102640142395	26867.049991758733	-10619.054430189213	-10619.054430189213	46824.60818420538	3295.8300058212158	-3634.870723249096
9720000	-4949.841843723332	-975.164637360605	-3974.677206362727	151.0	1.8846189651295565E-5	6.078439151684363E-6	6.078439151684363E-6	1.5129289721455652E-5	-0.35997390986626593	60960.45333931971	-24491.85739081062	-24491.857390810615	75936.95976569847	3940.531564090032	-3974.677206362727
9730000	-4697.115281539141	-961.9103218994973	-3735.204959639643	600.0	3.420280871271471E-5	1.1534146284667642E-5	1.1534146284667642E-5	2.231860959165214E-5	-0.4174658952615487	35408.23293842514	-18298.798440658178	-18298.798440658178	54262.386421292766	3519.921826798427	-3735.204959639643
9740000	-4676.65194376501	-921.7337480452504	-3754.9181957197598	66.0	2.6253057878163594E-5	7.21506737510832E-6	7.21506737510832E-6	1.6946710478464665E-5	-0.3420642898713894	43138.32961516325	-18366.157551257795	-18366.157551257795	66827.89946717628	3695.4300357215	-3754.9181957197598
9750000	-4601.905228310729	-919.7543702162784	-3682.150858094451	383.0	3.5602404957538594E-5	8.885131331141824E-6	8.885131331141824E-6	1.9190230033040536E-5	-0.33992577259501605	31757.56148832695	-14703.841699384218	-14703.841699384217	58917.77027292918	3356.4161116603905	-3682.150858094451
9760000	-4692.512797530347	-926.0963905466856	-3766.416406983661	0.0	3.671015524803605E-5	1.3783360905124747E-5	1.3783360905124747E-5	1.9464259916414982E-5	-0.5156358087729329	37106.23518480774	-26276.29478741796	-26276.294787417963	69983.4291236346	3413.5331928727373	-3766.416406983661
9770000	-4739.244238967754	-945.7777492621759	-3793.466489705578	173.0	2.7915313753491117E-5	9.317150760267432E-6	9.317150760267432E-6	1.9497082874641767E-5	-0.39937147957943747	42620.49777742513	-20367.231642964907	-20367.231642964907	61022.696340600836	3312.585037110616	-3793.466489705578
9780000	-4723.5397180146265	-978.514366991321	-3745.025351023305	174.0	3.546140013242705E-5	8.246149754998428E-6	8.246149754998428E-6	1.9999725335558373E-5	-0.309642997088078	31190.14985457085	-12860.108939813743	-12860.108939813743	55303.07869862646	3400.8680223986134	-3745.025351023305
9790000	-4836.330434899113	-872.588684184423	-3963.7417507146906	414.0	1.886645462280962E-5	5.574554219157302E-6	5.574554219157302E-6	1.2316587435181665E-5	-0.365695653924755	61186.84924353871	-27693.49955111812	-27693.49955111812	93725.54864251566	3785.2815120240653	-3963.7417507146906
9800000	-4611.38906328546	-879.4129331341252	-3731.976130151335	340.0	3.087205677304379E-5	7.699806383984707E-6	7.699806383984707E-6	1.9137616396976633E-5	-0.31677660502148486	36004.73384052434	-14486.102852533733	-14486.102852533733	58081.43314015845	3464.2473616070956	-3731.976130151335
9810000	-4680.8293498776675	-873.7380566066025	-3807.0912932710653	139.0	2.7205901565379658E-5	7.88764751719965E-6	7.88764751719965E-6	1.6623725559478177E-5	-0.37089566143378866	42619.64180156323	-20222.224593233183	-20222.224593233186	69750.05545276018	3589.902649955109	-3807.0912932710653
9820000	-4532.788857467461	-868.2467379998453	-3664.5421194676155	469.0	3.3858203393131676E-5	1.001388853892483E-5	1.001388853892483E-5	1.8884708019256868E-5	-0.3960186701774319	35028.4846506439	-18574.35871506741	-18574.35871506741	62802.21842166254	3463.0911581057812	-3664.5421194676155
9830000	-4534.856093276465	-925.3404408297555	-3609.5156524467097	272.0	3.747543077518332E-5	1.1051314174566445E-5	1.1051314174566445E-5	2.309245244346723E-5	-0.37566919108783964	31068.80780795868	-14868.544471642172	-14868.54447164217	50419.80530760004	3358.466700388868	-3609.5156524467097
9840000	-4575.532881296151	-802.2433756411341	-3773.289505655017	768.0	2.7608094368260592E-5	7.120944554820166E-6	7.120944554820166E-6	1.6295251407155753E-5	-0.33572899952809016	40822.530400663534	-17839.244593853426	-17839.244593853426	69163.23310960337	3626.303262641543	-3773.289505655017
9850000	-4699.286304232043	-907.8232647921787	-3791.463039439864	658.0	2.772420870301283E-5	1.1639576689696029E-5	1.1639576689696029E-5	1.828556778774174E-5	-0.5169557630733025	49224.4666541917	-31333.561051078992	-31333.561051078996	74633.14252293434	3540.933623753538	-3791.463039439864
9860000	-4686.582962358893	-887.5226726943475	-3799.0602896645455	154.0	2.9641542786446844E-5	1.072087463244388E-5	1.072087463244388E-5	1.7820835829921777E-5	-0.4664614744839688	43118.41156810297	-25939.697171531545	-25939.697171531545	71719.2085476475	3621.3153080705933	-3799.0602896645455
9870000	-4768.996180436291	-1038.7146507306431	-3730.2815297056477	427.0	3.812272174979815E-5	8.553831557093823E-6	8.553831557093823E-6	2.128973597955722E-5	-0.3002504081002656	28830.119870592804	-11583.421672334109	-11583.42167233411	51625.00084055972	3459.029269573439	-3730.2815297056477
9880000	-4731.3460450723705	-889.8344437635725	-3841.5116013087977	384.0	2.2832518321325003E-5	7.692528242750936E-6	7.692528242750936E-6	1.7463196701785013E-5	-0.38523906408124237	51429.842204303415	-22654.816322167917	-22654.81632216792	67242.7181830107	3569.2487955866945	-3841.5116013087977
9890000	-4747.154789882734	-988.5337678126319	-3758.621022070102	161.0	2.7491006957298214E-5	8.463308049552167E-6	8.463308049552167E-6	2.1037133801321214E-5	-0.3519261514746093	41517.56615150369	-16702.65327616864	-16702.65327616864	54254.52491296105	3681.036490544059	-3758.621022070102
9900000	-4503.0268324373565	-807.8591856833825	-3695.167646753974	587.0	2.795840059782868E-5	7.443314896306659E-6	7.443314896306659E-6	1.829333080150505E-5	-0.32912724692271916	40112.61376960129	-16321.29319918626	-16321.293199186259	61305.64941755842	3363.775458805166	-3695.167646753974
9910000	-4884.387850648223	-884.0476974532424	-4000.3401531949808	291.0	2.7388151685443204E-5	7.05929880661915E-6	7.05929880661915E-6	1.7901295751914594E-5	-0.31881442932451226	40643.22350169161	-16027.479973451687	-16027.479973451691	62182.245669598866	3722.2784169978036	-4000.3401531949808
9920000	-4731.426612439184	-921.397528769428	-3810.029083669756	604.0	3.110803649100831E-5	9.831127105783987E-6	9.831127105783987E-6	1.894432733927385E-5	-0.40497425634018225	38452.38463316614	-19954.800932174003	-19954.800932174	63141.76074518092	3585.534409355738	-3810.029083669756
9930000	-4709.57619718133	-913.8446752871237	-3795.7315218942067	362.0	2.7675805882476703E-5	9.309819028553942E-6	9.309819028553942E-6	1.948762936356634E-5	-0.4008774206953807	43051.06519694485	-20566.77179623276	-20566.77179623276	61139.962239432105	3547.6917758490877	-3795.7315218942067
9940000	-4679.879681943484	-985.1126589514291	-3694.767022992055	735.0	3.4817587937073086E-5	1.22087155680575E-5	1.22087155680575E-5	2.4487545421967937E-5	-0.4181171755835847	34805.96375690049	-17353.152562155257	-17353.152562155257	49488.81902852111	3563.338285614453	-3694.767022992055
9950000	-4648.906821862199	-828.0819785427432	-3820.824843319456	646.0	2.2693336654511855E-5	7.764007068428048E-6	7.764007068428048E-6	1.6065438655883846E-5	-0.4066216048179856	52794.980133831436	-25514.435535593835	-25514.435535593835	74575.88202277373	3549.226418520026	-3820.824843319456
9960000	-4702.810055037495	-895.1048839079082	-3807.7051711295867	276.0	2.7470553635037686E-5	1.0227007812790805E-5	1.0227007812790805E-5	1.7689169433036065E-5	-0.4639392977152592	46386.92113140127	-26818.63648929551	-26818.636489295506	72036.98340548445	3514.761588560757	-3807.7051711295867
9970000	-4653.373271599209	-847.7416614920404	-3805.631610107169	540.0	2.6396478962602638E-5	5.6693811738601455E-6	5.6693811738601455E-6	1.5519022326549018E-5	-0.28011120271113416	41109.37617191114	-15018.002966556383	-15018.002966556382	69923.39855270219	3370.6392880721783	-3805.631610107169
9980000	-4694.762220133297	-898.5803615093076	-3796.1818586239892	956.0	2.827269064789252E-5	7.686081801772859E-6	7.686081801772859E-6	1.7737625634469307E-5	-0.3432208712115604	40092.77198828872	-17373.031290218358	-17373.03129021836	63905.42697206338	3421.199994161865	-3796.1818586239892
9990000	-4757.272205364866	-945.7881624816853	-3811.4840428831803	334.0	2.7122896075677755E-5	7.88382411229386E-6	7.88382411229386E-6	1.6411210796038288E-5	-0.37367890764538325	42853.04359774363	-20586.284741563864	-20586.284741563868	70823.45492196533	3468.899892363986	-3811.4840428831803
10000000	-4717.430460025127	-907.3142544441346	-3810.1162055809923	851.0	2.839105171248196E-5	8.241339879695964E-6	8.241339879695964E-6	1.7487308580244382E-5	-0.36986701127319194	40804.48450063583	-19230.153333339673	-19230.153333339673	66247.02848027006	3567.8869937693253	-3810.1162055809923
10010000	-4648.921790656688	-867.3547292669673	-3781.5670613897205	604.0	2.880591254375038E-5	9.728740609534006E-6	9.728740609534006E-6	1.8132294364783954E-5	-0.4256860564672581	42397.97355073167	-22748.300835334834	-22748.300835334834	67355.64146292582	3738.217709877856	-3781.5670613897205
10020000	-4733.694354766117	-950.5423424900049	-3783.1520122761117	11.0	2.8791354498709307E-5	9.50208283571842E-6	9.50208283571842E-6	1.648440958807216E-5	-0.4361652535764021	42892.52884795475	-24724.47435676541	-24724.47435676541	74915.27050511765	3567.7792979674023	-3783.1520122761117
10030000	-4874.558424657765	-1008.2934462760074	-3866.264978381757	430.0	2.486946026034765E-5	6.980378830981242E-6	6.980378830981242E-6	1.5822646936533412E-5	-0.35188944811119843	45892.674671959896	-20246.18611931456	-20246.186119314563	72132.43483049133	3702.416408405418	-3866.264978381757
10040000	-4709.264067596264	-953.2305161227171	-3756.0335514735466	437.0	2.6194207862512305E-5	6.309036136637274E-6	6.309036136637274E-6	1.8975285493797576E-5	-0.28298682774242206	41499.74219256231	-13798.125632396313	-13798.125632396312	57287.82703100688	3511.1471564125513	-3756.0335514735466
10050000	-4677.285889349671	-950.6647267641781	-3726.6211625854935	736.0	2.9861926696417347E-5	9.42043385319416E-6	9.42043385319416E-6	2.208832897921354E-5	-0.3668010421832455	38693.381229350096	-16502.309376618836	-16502.309376618836	52310.83415113659	3453.252053208392	-3726.6211625854935
10060000	-4621.0626702778245	-887.3074206981032	-3733.7552495797213	204.0	2.8135538135669263E-5	7.194667840994979E-6	7.194667840994979E-6	1.9568461764858026E-5	-0.3066230444449102	39230.609607191385	-14423.780914163046	-14423.780914163046	56405.77813177408	3363.5205148365226	-3733.7552495797213
10070000	-4715.461967369845	-978.8204805648629	-3736.6414868049824	648.0	3.3469019921764414E-5	1.0484711303533496E-5	1.0484711303533496E-5	2.0460639820745434E-5	-0.400659434751064	35591.86790121413	-18238.45505160431	-18238.45505160431	58220.316973213	3571.7409279017174	-3736.6414868049824
10080000	-4624.640301503535	-893.9769011498283	-3730.6634003537065	192.0	2.7300518550977456E-5	7.867380628569417E-6	7.867380628569417E-6	1.9346262341439365E-5	-0.34233095976504596	41491.78309951399	-16873.111965545366	-16873.111965545362	58551.2164690897	3404.6253538422366	-3730.6634003537065
10090000	-4583.351797869539	-889.019622979246	-3694.332174890293	395.0	3.292257878176875E-5	7.473203972931782E-6	7.473203972931782E-6	1.9360209496606614E-5	-0.29600898038101836	33291.32069927994	-12850.730264959808	-12850.730264959808	56612.82377462297	3387.019461587942	-3694.332174890293
10100000	-4759.922200756471	-1004.7722678753153	-3755.1499328811565	190.0	3.182894694297888E-5	9.005519164314528E-6	9.005519164314528E-6	2.2161245333594772E-5	-0.3390787229564676	35499.47145128841	-14425.686177165622	-14425.686177165624	50985.88893892136	3541.721441101338	-3755.1499328811565
10110000	-4771.226978254029	-973.5437400073663	-3797.6832382466623	710.0	2.892936406422617E-5	9.636500478807616E-6	9.636500478807616E-6	2.103305323102749E-5	-0.3906598179735448	40792.506260790535	-18689.48848253675	-18689.48848253675	56106.987974992415	3457.892744517091	-3797.6832382466623
10120000	-4812.823702256126	-934.5483913606841	-3878.2753108954416	521.0	2.2990170856710177E-5	7.736897445611564E-6	7.736897445611564E-6	1.928206236749987E-5	-0.3674675545336931	50287.25886077848	-20177.684171509678	-20177.684171509674	59957.93660918506	3481.600999178395	-3878.2753108954416
10130000	-4616.627536247196	-918.677570079623	-3697.9499661675727	889.0	3.793790882235091E-5	1.2000356197037672E-5	1.2000356197037672E-5	2.460108114250773E-5	-0.39280801988888064	31168.028050170484	-15203.69923560118	-15203.69923560118	48064.952897403826	3434.5175626701066	-3697.9499661675727
10140000	-4642.682790964804	-872.6253745106663	-3770.0574164541376	999.0	2.626908704163784E-5	7.204717059665668E-6	7.204717059665668E-6	1.896046598569984E-5	-0.3228270644447972	42496.421042995134	-16148.057220435503	-16148.057220435505	58877.36009117522	3621.3405493356627	-3770.0574164541376
10150000	-4741.723144016932	-991.4821102079242	-3750.241033809007	677.0	3.29632120053116E-5	1.0553063248015875E-5	1.0553063248015875E-5	1.9339031799018533E-5	-0.4179712552138936	36758.57064611793	-20058.68364903507	-20058.683649035065	62654.66491873199	3509.787445129318	-3750.241033809007
10160000	-4731.5644907849355	-894.9094680917489	-3836.6550226931863	682.0	2.6559639048066242E-5	8.259689294685068E-6	8.259689294685068E-6	1.6415471827396023E-5	-0.3955723627937375	44635.57739342409	-22459.05598298204	-22459.055982982038	72218.74806503355	3498.388711570484	-3836.6550226931863
10170000	-4642.043091529582	-902.7420587692651	-3739.301032760317	638.0	3.887023965815721E-5	9.593936602988015E-6	9.593936602988015E-6	1.8516748992434196E-5	-0.35760687985908207	29499.03915922906	-15284.103686794104	-15284.103686794104	61924.19210700023	3390.9724494717366	-3739.301032760317
10180000	-4599.198296407685	-788.7660789668353	-3810.43221744085	544.0	2.5100736386169738E-5	6.625255331437735E-6	6.625255331437735E-6	1.653249430367082E-5	-0.32522969963635046	44551.919273826206	-17853.799630776986	-17853.799630776983	67641.69765610782	3529.9630128989616	-3810.43221744085
10190000	-4669.908993673576	-918.6077158785832	-3751.3012777949934	191.0	3.5578254608838574E-5	1.018825719338446E-5	1.018825719338446E-5	2.0391742491753046E-5	-0.37825128434569777	32799.86517914701	-16387.685480465116	-16387.685480465116	57227.18178454934	3503.404579790897	-3751.3012777949934
10200000	-4505.484162838326	-801.778600675878	-3703.705562162447	454.0	2.998751953523368E-5	9.917520352171933E-6	9.917520352171933E-6	2.0044717383763386E-5	-0.40451335065236943	39871.40641926172	-19727.166867069383	-19727.166867069383	59648.8618923282	3508.703449916087	-3703.705562162447
10210000	-4589.809445377291	-838.599643693252	-3751.209801684039	805.0	2.9172810004243964E-5	9.451468953273473E-6	9.451468953273473E-6	2.0117264362478835E-5	-0.3901447065060963	40432.90341122681	-18996.138063119186	-18996.138063119186	58633.29068417756	3591.143206481156	-3751.209801684039
10220000	-4750.02920637553	-930.3375695896503	-3819.6916367858794	773.0	2.933738502934856E-5	9.900575653528184E-6	9.900575653528184E-6	1.9813533993963104E-5	-0.41064711326723924	41000.08903066367	-20487.23278609238	-20487.23278609238	60707.76664559877	3482.8017368131864	-3819.6916367858794
10230000	-4669.030309088072	-833.6743662897352	-3835.355942798337	310.0	2.6590016162381E-5	8.804823472273263E-6	8.804823472273263E-6	1.721664532803882E-5	-0.4115163417091027	45275.273326257375	-23154.382384087163	-23154.38238408716	69924.7865401974	3521.947639492301	-3835.355942798337
10240000	-4655.851874247397	-817.1026651971619	-3838.7492090502355	582.0	2.438102321469178E-5	6.343080906382704E-6	6.343080906382704E-6	1.6735460010593214E-5	-0.3140186626599423	45502.3930987639	-17246.335665514736	-17246.335665514736	66290.07519140607	3483.43907372323	-3838.7492090502355
10250000	-4796.265145307387	-895.6599191366275	-3900.6052261707596	614.0	2.6006710152377355E-5	7.63830816886475E-6	7.63830816886475E-6	1.967826929521335E-5	-0.33764554010428743	43399.33467879311	-16845.86625110146	-16845.866251101455	57356.36101249697	3490.9499996686536	-3900.6052261707596
10260000	-4846.332575322192	-963.5698026123923	-3882.7627727097993	811.0	2.341329364860606E-5	1.067947422795147E-5	1.067947422795147E-5	1.9269943634405764E-5	-0.5027804633099122	57160.203060114036	-31678.396523954594	-31678.396523954594	69450.5725938347	3726.1291940760366	-3882.7627727097993
10270000	-4844.849955892665	-1006.4487522374204	-3838.401203655245	15.0	2.458895656500495E-5	6.418908807188099E-6	6.418908807188099E-6	1.9476108493455276E-5	-0.29331891055571024	44497.00725834392	-14665.26189665028	-14665.261896650281	56178.31606944479	3593.0749336769945	-3838.401203655245
10280000	-4681.62754566423	-843.2045417934703	-3838.423003870759	214.0	2.5556533512721493E-5	6.926841885466936E-6	6.926841885466936E-6	1.6164276673950663E-5	-0.3408051617041721	44270.92364602758	-18971.32141482104	-18971.321414821043	69994.5544499464	3418.347642082353	-3838.423003870759
10290000	-4769.591842994105	-1081.85307893584	-3687.738764058265	458.0	4.0703161071888046E-5	1.0926686028840696E-5	1.0926686028840696E-5	2.2874565989138696E-5	-0.35809475788299366	28181.938720194703	-13461.903330791498	-13461.903330791498	50147.1368501954	3423.2471214784227	-3687.738764058265
10300000	-4877.847304015301	-911.4912674236854	-3966.356036591616	925.0	2.9215532690186768E-5	9.388662762020787E-6	9.388662762020787E-6	2.216326434011303E-5	-0.36896058298569895	39622.215848051965	-16784.51408478117	-16784.514084781167	52229.85768713233	3430.650777775909	-3966.356036591616
10310000	-4686.17451020293	-873.2877567353031	-3812.886753467627	480.0	2.4982782033936333E-5	8.240816898715867E-6	8.240816898715867E-6	1.6497798600003924E-5	-0.4059166507457198	47923.9102670044	-23938.47683295023	-23938.47683295023	72571.65840381938	3546.129161849128	-3812.886753467627
10320000	-4800.373219341138	-1021.8159458399282	-3778.55727350121	480.0	2.7113919933653254E-5	8.016952141000044E-6	8.016952141000044E-6	1.9912009375804876E-5	-0.34502899432500267	41865.27702817024	-16855.753528942	-16855.753528942005	57007.394277411375	3632.032530617962	-3778.55727350121
10330000	-4647.238626373053	-929.6545023690093	-3717.584124004044	894.0	3.1559369245035346E-5	7.366484798016998E-6	7.366484798016998E-6	1.8248990642058723E-5	-0.3069564159545579	34982.4347621948	-14121.196011762422	-14121.196011762422	60497.78847527086	3249.833844821088	-3717.584124004044
10340000	-4906.323290076223	-1015.0948998064842	-3891.2283902697386	83.0	2.5002011438034638E-5	7.260563621118844E-6	7.260563621118844E-6	1.5641013948103755E-5	-0.36715581326623375	46228.54684351654	-21459.306064356308	-21459.30606435631	73895.89068715365	3769.7330547418355	-3891.2283902697386
10350000	-4736.038523817473	-964.5559327794263	-3771.4825910380473	308.0	2.996228984874581E-5	8.89367470807738E-6	8.89367470807738E-6	1.956505974529952E-5	-0.36732725306648	38580.99303886862	-17537.733411968296	-17537.733411968296	59083.637419545696	3529.121076458441	-3771.4825910380473
10360000	-4679.363548078943	-887.4825689897805	-3791.8809790891623	37.0	2.67303002107381E-5	7.659505476393597E-6	7.659505476393597E-6	1.5153735976761714E-5	-0.3805738596045744	43746.87029826967	-22111.998858797717	-22111.998858797717	77166.90974068684	3571.502809222354	-3791.8809790891623
10370000	-4627.379623563449	-896.4005481148615	-3730.979075448587	253.0	3.2589255163326634E-5	9.267353048062059E-6	9.267353048062059E-6	1.867563158673787E-5	-0.37564779317444374	35726.350812283985	-17728.380673961812	-17728.380673961812	62343.01406453347	3410.3416995678303	-3730.979075448587
10380000	-4736.015266288685	-991.1467543083623	-3744.8685119803226	275.0	3.719747144985884E-5	1.054266055525557E-5	1.054266055525557E-5	2.0704823875489742E-5	-0.3798898969814611	31417.62407705169	-15997.496433142001	-15997.496433142003	56443.66654149503	3496.699117701863	-3744.8685119803226
10390000	-4606.495613629257	-894.9604268566011	-3711.5351867726554	969.0	3.0178009289468542E-5	7.512524127308122E-6	7.512524127308122E-6	1.851612971478413E-5	-0.3178084780804126	36859.61520101508	-14955.001546560907	-14955.001546560907	60074.63908909202	3452.171856424497	-3711.5351867726554
10400000	-4660.215323730077	-901.5207155184426	-3758.694608211634	576.0	2.9782415114703337E-5	1.0307181576397304E-5	1.0307181576397304E-5	1.95293478065917E-5	-0.4273818754606837	41080.41471650256	-21681.384238227285	-21681.38423822728	62647.96839544691	3533.0132811490225	-3758.694608211634
10410000	-4615.6132796630745	-908.8957354372261	-3706.717544225848	153.0	3.680237304606317E-5	1.1179183401240584E-5	1.1179183401240584E-5	2.0977159279388187E-5	-0.4023452065012244	32420.434823708118	-17277.553267106177	-17277.553267106177	56878.48010335946	3451.968567276944	-3706.717544225848
10420000	-4717.4709920073365	-941.5206957474982	-3775.9502962598385	456.0	2.8511624619122685E-5	6.271374228057417E-6	6.271374228057417E-6	1.8128933203174756E-5	-0.27584531376839105	37961.96349517564	-13132.249804329871	-13132.249804329871	59703.30635835445	3461.75967452571	-3775.9502962598385
10430000	-4757.056106284743	-916.148555846162	-3840.9075504385805	36.0	2.750412885715858E-5	8.137174051693255E-6	8.137174051693255E-6	1.7707578197187416E-5	-0.3687186239531668	42078.95561716258	-19336.5677653601	-19336.567765360098	65358.74101930683	3535.231911622699	-3840.9075504385805
10440000	-4881.106399611159	-964.4293788373147	-3916.6770207738437	630.0	2.1850687896833377E-5	7.7010490234845E-6	7.7010490234845E-6	1.496323991324687E-5	-0.4258969318958032	55905.80222359707	-28772.734121572237	-28772.734121572237	81638.75224164888	4035.1651760388677	-3916.6770207738437
10450000	-4659.992302262341	-931.3975950991157	-3728.5947071632245	343.0	3.2422912538613584E-5	1.0095167588819847E-5	1.0095167588819847E-5	1.7370258784598478E-5	-0.4253871593962581	37656.487382186046	-21885.025182613328	-21885.025182613324	70288.70508173299	3569.2450166446874	-3728.5947071632245
10460000	-4666.115258532402	-900.6017395179722	-3765.5135190144297	818.0	3.0958073807399094E-5	8.182861666262692E-6	8.182861666262692E-6	2.003619112276016E-5	-0.3285569519239144	36210.68252531822	-14788.58951435356	-14788.58951435356	55949.405521575434	3463.1804120445513	-3765.5135190144297
10470000	-4818.377909353152	-942.0587111917862	-3876.319198161366	524.0	2.253962766504684E-5	7.979836929114578E-6	7.979836929114578E-6	1.7886233843816545E-5	-0.39743050216739334	52688.507925212616	-23506.664675912765	-23506.664675912758	66396.2777872168	3850.88003786356	-3876.319198161366
10480000	-4792.203479694493	-1021.3399342408846	-3770.8635454536084	652.0	3.507208992219858E-5	1.0343940866716398E-5	1.0343940866716398E-5	1.999512631062379E-5	-0.39060979558829667	33646.32230802671	-17406.019993571696	-17406.019993571696	59016.72353584522	3416.587962204389	-3770.8635454536084
10490000	-4566.1472726681495	-920.5762947659387	-3645.570977902211	607.0	3.5531226621370706E-5	9.832082232543737E-6	9.832082232543737E-6	2.1818159392517997E-5	-0.3531273430759497	32153.80216139317	-14489.71112788608	-14489.71112788608	52362.98859045644	3254.287459792156	-3645.570977902211
10500000	-4566.830422392767	-818.2056248479412	-3748.624797544826	980.0	2.7238099900471077E-5	7.393532144716335E-6	7.393532144716335E-6	1.5688981405287606E-5	-0.35765655335748797	42098.43716120909	-19839.155924349456	-19839.155924349456	73088.32915464192	3522.4099002806506	-3748.624797544826
10510000	-4761.816402222143	-910.7755843588568	-3851.0408178632856	548.0	2.101619341354154E-5	6.620982795744138E-6	6.620982795744138E-6	1.793533983560077E-5	-0.34102846171584594	53844.49283872273	-19877.151143972733	-19877.151143972736	63093.66235182599	3542.0654195938596	-3851.0408178632856
10520000	-4577.084852459889	-934.4776230149172	-3642.607229444972	94.0	3.3932926159532645E-5	9.918056397750338E-6	9.918056397750338E-6	2.6249646006824635E-5	-0.33231824983742353	33128.45675839791	-12517.11746569074	-12517.11746569074	42825.16711538588	3381.829072541966	-3642.607229444972
10530000	-4676.436062150443	-982.5216525877914	-3693.914409562651	122.0	3.6599376295925294E-5	1.0232864909177315E-5	1.0232864909177315E-5	2.2286190539451794E-5	-0.3582964282879713	31347.09501364199	-14393.24446239051	-14393.244462390508	51479.59783245342	3549.723840372236	-3693.914409562651
10540000	-4625.198954332393	-873.9861309257298	-3751.2128234066636	923.0	2.7777790396136153E-5	8.186447531456407E-6	8.186447531456407E-6	1.8592796719286506E-5	-0.36022535158539604	41367.98923900558	-18214.412737362967	-18214.412737362964	61804.11433201589	3400.9647456473244	-3751.2128234066636
10550000	-4622.998515436049	-938.6692167844178	-3684.3292986516312	119.0	3.456842777196371E-5	7.75420038906839E-6	7.75420038906839E-6	2.0738472041859984E-5	-0.2896068491218955	31576.520757007198	-11806.591587132723	-11806.591587132723	52634.093527973215	3487.9640329139065	-3684.3292986516312
10560000	-4659.320807012805	-894.9173565196688	-3764.403450493136	991.0	2.9540447033043194E-5	6.981183542733428E-6	6.981183542733428E-6	1.7517931056003256E-5	-0.30688744271450075	37371.53914824132	-14893.172785887451	-14893.172785887451	63019.54090483764	3467.2538451722094	-3764.403450493136
10570000	-4759.23515023127	-846.1541366388178	-3913.081013592452	330.0	2.0403202049929028E-5	5.992145466501909E-6	5.992145466501909E-6	1.4873364706270748E-5	-0.34397633829050006	55589.21522784961	-22395.649578438723	-22395.649578438723	76256.98774216292	3552.567704423918	-3913.081013592452
10580000	-4705.393526103043	-892.6468885422279	-3812.746637560815	858.0	2.5501862654546018E-5	7.1980661085793486E-6	7.1980661085793486E-6	1.688183097763188E-5	-0.34691262557574687	44577.672133068576	-19007.004122097536	-19007.004122097536	67339.4771990761	3490.5874230198033	-3812.746637560815
10590000	-4622.963596287938	-830.349045291	-3792.614550996938	276.0	2.789748540457315E-5	9.071362246599364E-6	9.071362246599364E-6	1.7749146239077392E-5	-0.40766295351442855	42989.99200091011	-21971.636560189603	-21971.636560189603	67570.16130430209	3529.142737725998	-3792.614550996938
10600000	-4657.952009403627	-935.5265969804369	-3722.4254124231898	754.0	2.8214360896776488E-5	8.995385220079949E-6	8.995385220079949E-6	2.0134866635777875E-5	-0.37740728508965704	41329.80655411537	-18464.365210397624	-18464.36521039762	57914.16943580462	3547.8185276741274	-3722.4254124231898
10610000	-4701.846628541526	-876.5836538019827	-3825.262974739543	82.0	2.296848330729612E-5	6.593894946120639E-6	6.593894946120639E-6	1.4912956259855331E-5	-0.35628209108765874	49868.01287025838	-22049.58106954614	-22049.58106954614	76805.20221613451	3673.0900581450564	-3825.262974739543
10620000	-4804.780393978812	-978.7508000691306	-3826.0295939096814	855.0	2.204151968031671E-5	6.958110612822064E-6	6.958110612822064E-6	1.8845027160911524E-5	-0.3414068082603041	51354.76221930845	-18961.61321318254	-18961.61321318254	60065.55429555143	3548.3203929150254	-3826.0295939096814
10630000	-4807.044935641425	-1000.5902006829238	-3806.454734958501	500.0	2.9574878106808795E-5	8.085126517679023E-6	8.085126517679023E-6	1.998569472875162E-5	-0.33255670906051826	38016.92311740725	-15379.582115548183	-15379.58211554818	56257.53232264402	3370.3981015089294	-3806.454734958501
10640000	-4665.698529834883	-921.8733350261767	-3743.8251948087063	28.0	3.0180333097577938E-5	1.1256032135639509E-5	1.1256032135639509E-5	2.2758356733079797E-5	-0.42948980540267856	40628.56650777042	-20094.440719074893	-20094.44071907489	53878.39222589054	3237.731628002788	-3743.8251948087063
10650000	-4809.146814472605	-956.3795238607362	-3852.767290611869	835.0	2.4266313733768166E-5	7.934380859580932E-6	7.934380859580932E-6	1.799816927046299E-5	-0.3796618618675156	48149.86240005671	-21226.567040095288	-21226.567040095288	64918.80644522279	3604.978644309917	-3852.767290611869
10660000	-4712.70772932473	-928.3326130272206	-3784.37511629751	383.0	2.7064984612328075E-5	6.894436062807752E-6	6.894436062807752E-6	1.7623810100480652E-5	-0.315678463357448	41037.62718195903	-16053.923366301005	-16053.923366301005	63021.71561505228	3428.9759307529284	-3784.37511629751
10670000	-4683.320263036207	-877.5821322643511	-3805.7381307718556	705.0	2.8135539519786608E-5	7.969196608628225E-6	7.969196608628225E-6	1.6629134504941584E-5	-0.36842754709515574	41124.418028684624	-19708.095607057225	-19708.095607057225	69580.1509291085	3559.424363058633	-3805.7381307718556
10680000	-4957.394168952632	-889.3295095070278	-4068.0646594456043	842.0	3.234857972728085E-5	8.255519408722207E-6	8.255519408722207E-6	1.9547795378612922E-5	-0.3282977466164122	34647.55088414481	-14632.521123159222	-14632.52112315922	57336.341025803624	3447.119216778038	-4068.0646594456043
10690000	-4772.152487364249	-910.2828389123727	-3861.869648451877	535.0	2.5551024035887758E-5	1.1341972446476815E-5	1.1341972446476815E-5	1.9090533360338834E-5	-0.5135413300956284	53155.897683374315	-31580.716762219974	-31580.716762219978	71144.56121895283	3601.4415086549147	-3861.869648451877
10700000	-4643.472368555322	-837.5781256185414	-3805.8942429367803	714.0	2.57017330878235E-5	8.28900796906682E-6	8.28900796906682E-6	1.5977217741934658E-5	-0.40904470543470156	46725.95543986286	-24241.505827809124	-24241.50582780912	75165.65489602383	3573.1763670439227	-3805.8942429367803
10710000	-4746.8341353211235	-939.7921171352255	-3807.0420181858976	626.0	2.7192837766036E-5	9.305916392070525E-6	9.305916392070525E-6	1.8648529867209992E-5	-0.4132468770875316	44347.794266186254	-22130.262736663517	-22130.262736663513	64666.887060216584	3565.0472047622834	-3807.0420181858976
10720000	-4769.601403870639	-925.8756005625786	-3843.72580330806	312.0	2.522247465777322E-5	8.173760983256069E-6	8.173760983256069E-6	1.9042481430652666E-5	-0.3729634868110834	46053.27152282637	-19767.824655385484	-19767.824655385484	60999.27040087575	3614.919613864765	-3843.72580330806
10730000	-4544.712731867823	-835.018460410944	-3709.694271456879	394.0	2.9497606180500004E-5	7.742709310727373E-6	7.742709310727373E-6	1.9061868116248455E-5	-0.32652530049857004	37946.908852115026	-15413.593394455753	-15413.593394455758	58721.57787792497	3348.2826900618807	-3709.694271456879
10740000	-4641.677551021684	-821.3609465189379	-3820.316604502746	88.0	2.4123847096044964E-5	7.391501925876806E-6	7.391501925876806E-6	1.4788403791857225E-5	-0.3913350620434104	48948.95428620911	-24465.540363145057	-24465.54036314506	79848.85355659512	3401.348898405699	-3820.316604502746
10750000	-4756.690907173371	-943.3538653596993	-3813.3370418136715	33.0	2.8964997979078827E-5	8.849640818397113E-6	8.849640818397113E-6	1.7128982938454076E-5	-0.3973041528995014	40995.60959923403	-21180.26629999067	-21180.26629999067	69323.30737087458	3566.6721575117117	-3813.3370418136715
10760000	-4686.209781831883	-881.3130638969343	-3804.896717934949	639.0	3.034121513935763E-5	9.92406087203438E-6	9.92406087203438E-6	1.7752107965116108E-5	-0.4276101144847966	40333.4584635462	-22547.840389347515	-22547.84038934752	68936.38451059275	3527.660187659443	-3804.896717934949
10770000	-4880.873592981963	-998.5864196186996	-3882.2871733632637	939.0	3.9134233553153774E-5	1.3041515123467197E-5	1.3041515123467197E-5	2.3580435569136817E-5	-0.42931268570488407	31326.92017095297	-17325.825130892103	-17325.825130892106	51990.34627145162	3410.003190546833	-3882.2871733632637
10780000	-4777.589624550001	-965.2171258185376	-3812.372498731463	400.0	2.5922223367862608E-5	7.721602763864738E-6	7.721602763864738E-6	1.6723202178677614E-5	-0.37086138106152844	44728.86363891736	-20652.654522060202	-20652.6545220602	69333.10868638728	3628.7875924646737	-3812.372498731463
10790000	-4761.227828475981	-1036.7978725274716	-3724.4299559485103	454.0	3.561678954001395E-5	9.433740588054814E-6	9.433740588054814E-6	2.1220701677311645E-5	-0.34314420951367686	31823.83785861816	-14147.403579755464	-14147.40357975546	53413.07524141795	3468.2650661736266	-3724.4299559485103
10800000	-4693.382143784646	-925.0092994129897	-3768.372844371657	367.0	3.2410825351709655E-5	1.10428863504051E-5	1.10428863504051E-5	2.0069970661090513E-5	-0.4329763634168227	37972.54622993794	-20893.229966980132	-20893.229966980132	61321.54275662343	3542.9785807914795	-3768.372844371657
10810000	-4856.291826061798	-928.4114073169391	-3927.880418744859	315.0	3.021124457322404E-5	1.0316127377865604E-5	1.0316127377865604E-5	1.947494160306718E-5	-0.4252989451296334	40409.495206694395	-21405.43003024228	-21405.430030242278	62686.76782977862	3637.1423629184774	-3927.880418744859
10820000	-4829.862760657857	-975.9414469626068	-3853.92131369525	918.0	2.2846056411176868E-5	5.283549739195816E-6	5.283549739195816E-6	1.5505163675050623E-5	-0.28072558806425796	47515.80135309983	-16191.515620748916	-16191.515620748914	70012.07474397388	3782.8230964514782	-3853.92131369525
10830000	-4764.602672548728	-958.7018276625514	-3805.900844886177	609.0	2.8312736863101995E-5	8.811025406118916E-6	8.811025406118916E-6	1.814030142253276E-5	-0.3887883811231398	41609.30592432418	-20210.284442947635	-20210.284442947635	64942.32384850958	3504.165772821929	-3805.900844886177
10840000	-4718.8969353875555	-881.1726477472893	-3837.724287640266	893.0	2.4327596236455772E-5	8.664464304034089E-6	8.664464304034089E-6	1.718899104658199E-5	-0.4237082542321216	50099.96224499766	-25253.915912159133	-25253.91591215913	70906.52672137732	3613.664259266357	-3837.724287640266
10850000	-4618.703641399795	-901.2709805015008	-3717.432660898294	168.0	3.3004137573669014E-5	9.565491455793256E-6	9.565491455793256E-6	2.0062590004770685E-5	-0.37173169733483824	35157.44351951673	-16762.453178453175	-16762.453178453175	57836.057178096686	3411.136078480086	-3717.432660898294
10860000	-4672.011545518087	-913.5991048272579	-3758.4124406908286	634.0	2.7674731188408157E-5	8.15912115695446E-6	8.15912115695446E-6	2.0102040889206705E-5	-0.34592472194892404	41045.73945108131	-16659.85871802562	-16659.85871802562	56508.183024740756	3493.6412945839184	-3758.4124406908286
10870000	-4680.134540249157	-998.6033361532081	-3681.5312040959484	548.0	3.4429636239242516E-5	7.932881761625683E-6	7.932881761625683E-6	2.2218092468883275E-5	-0.2868212863080485	31648.341572870733	-11299.914787947815	-11299.914787947813	49042.954045460545	3166.354977080557	-3681.5312040959484
10880000	-4698.87878394775	-898.078409342018	-3800.8003746057316	749.0	2.4623470402737854E-5	6.1172313503284684E-6	6.1172313503284684E-6	1.604733597947582E-5	-0.3077363525089286	44859.97377790446	-17100.585313355794	-17100.585313355794	68834.36839613726	3624.311752913189	-3800.8003746057316
10890000	-4633.611059536977	-914.8445447078244	-3718.7665148291526	629.0	2.8661890827227508E-5	8.379026214052971E-6	8.379026214052971E-6	1.9724261323637943E-5	-0.3524039409514335	39836.80848123477	-16922.999400157463	-16922.99940015746	57888.010955622885	3247.552081780867	-3718.7665148291526
10900000	-4615.303598685102	-909.8129147842607	-3705.4906839008413	237.0	2.901003689734817E-5	8.373103571988689E-6	8.373103571988689E-6	2.3578697179241242E-5	-0.3201491995198251	38407.41595440864	-13638.975439314881	-13638.975439314878	47254.542755234965	3258.560018360292	-3705.4906839008413
10910000	-4758.787805195836	-939.7779088455137	-3819.009896350322	450.0	2.8700616408297356E-5	1.0314850450049416E-5	1.0314850450049416E-5	1.704989628355333E-5	-0.466290377011107	44522.932151952315	-26935.494451545972	-26935.494451545972	74946.82523661204	3600.8066409209505	-3819.009896350322
10920000	-4636.677609181325	-852.8052019576319	-3783.8724072236937	671.0	3.379550837497417E-5	9.391354256314342E-6	9.391354256314342E-6	1.796266083166493E-5	-0.3811653345030799	34619.49375910208	-18099.987140705583	-18099.987140705583	65134.19154530995	3540.049427536227	-3783.8724072236937
10930000	-4636.430569483819	-856.1889209314252	-3780.241648552394	31.0	2.4099575340526405E-5	8.614220812293943E-6	8.614220812293943E-6	1.9607727993515074E-5	-0.3962759066610574	49224.448371677805	-21625.670642577075	-21625.67064257708	60501.05869081041	3682.7295644304395	-3780.241648552394
10940000	-4650.159704892001	-904.3981169151441	-3745.7615879768573	84.0	3.209923976453953E-5	8.870407107154594E-6	8.870407107154594E-6	1.8615479630859047E-5	-0.3628766835001561	35877.74944907148	-17096.000211253715	-17096.000211253715	61865.098542436885	3419.867541885955	-3745.7615879768573
10950000	-4561.592927091349	-842.7621784144137	-3718.830748676936	76.0	3.075298672092665E-5	8.076967062218426E-6	8.076967062218426E-6	1.830646364415317E-5	-0.3404100965447229	36779.09254859797	-16227.247646936274	-16227.247646936274	61785.11408542921	3514.7998536225605	-3718.830748676936
10960000	-4618.297783220023	-867.0409499924237	-3751.256833227599	255.0	3.2962917961247326E-5	1.1184539078122841E-5	1.1184539078122841E-5	1.73568369894875E-5	-0.46759512436717765	38826.30538832665	-25019.208864949607	-25019.208864949607	73736.2642760832	3589.883226168151	-3751.256833227599
10970000	-4477.944354065495	-812.4488636056435	-3665.495490459851	660.0	2.960808541918685E-5	8.229498203048513E-6	8.229498203048513E-6	2.1038882234455515E-5	-0.329728783951048	37894.48730196272	-14822.679821184793	-14822.67982118479	53329.03166858002	3460.467037275542	-3665.495490459851
10980000	-4708.2499866085955	-895.6872943055982	-3812.562692302997	271.0	2.2080400123792005E-5	6.784875647016892E-6	6.784875647016892E-6	1.5133383317170349E-5	-0.37116789723758725	52525.20055111095	-23549.06015428588	-23549.06015428588	76637.02296069285	3759.4004846745815	-3812.562692302997
10990000	-4699.290088956634	-896.9589766606534	-3802.33111229598	283.0	2.7163689197123305E-5	8.50037972089983E-6	8.50037972089983E-6	1.6881233708478314E-5	-0.3969555322819743	43699.78776456415	-22004.599671821714	-22004.599671821717	70317.57709868668	3482.8643054570985	-3802.33111229598
11000000	-4671.149744892407	-896.2745218671961	-3774.8752230252117	271.0	3.169289463841272E-5	9.362988910911326E-6	9.362988910911326E-6	1.9256617324627882E-5	-0.3790037923612635	36845.43469780231	-17915.056973792613	-17915.056973792613	60640.89347044914	3693.5455224340008	-3774.8752230252117
