node1,node2,length,startLon,startLat,endLon,endLat,endNodeL,startNodeL,startYear,endYear,tipLabel
583,584,0.019110371155939,-77.7332090332118,34.137725417058,-78.8217664180657,34.9899054797283,0.019110371155939,0,2021.85153149377,2021.87064186493,NA
584,585,0.00410201487657424,-78.8217664180657,34.9899054797283,-77.5893800043292,36.4834837810284,0.0232123860325133,0.019110371155939,2021.87064186493,2021.8747438798,NA
583,857,0.0269138005876812,-77.7332090332118,34.137725417058,-80.6501571676697,34.3863160641118,0.0269138005876812,0,2021.85153149377,2021.87844529436,NA
584,606,0.00904459697462823,-78.8217664180657,34.9899054797283,-78.4029371135926,34.8062094593279,0.0281549681305673,0.019110371155939,2021.87064186493,2021.8796864619,NA
606,618,0.0018493012143519,-78.4029371135926,34.8062094593279,-77.3317561107596,35.7481405476339,0.0300042693449192,0.0281549681305673,2021.8796864619,2021.88153576312,NA
606,607,0.00244305658440669,-78.4029371135926,34.8062094593279,-79.6960933679716,33.2749353733945,0.030598024714974,0.0281549681305673,2021.8796864619,2021.88212951849,NA
857,858,0.00501116373599775,-80.6501571676697,34.3863160641118,-83.9505851859981,34.5127492063058,0.031924964323679,0.0269138005876812,2021.87844529436,2021.88345645809,NA
585,586,0.0101633374981853,-77.5893800043292,36.4834837810284,-81.7541850110097,36.2573148340591,0.0333757235306986,0.0232123860325133,2021.8747438798,2021.8849072173,NA
586,587,0.0014773885129935,-81.7541850110097,36.2573148340591,-82.0666907930841,36.3268296896315,0.0348531120436921,0.0333757235306986,2021.8849072173,2021.88638460581,NA
618,693,0.00515192014559163,-77.3317561107596,35.7481405476339,-78.4337887271627,35.6408007216036,0.0351561894905108,0.0300042693449192,2021.88153576312,2021.88668768326,NA
693,791,0.000757040846133039,-78.4337887271627,35.6408007216036,-78.5711281709944,35.638360322609,0.0359132303366438,0.0351561894905108,2021.88668768326,2021.88744472411,NA
858,917,0.00402809249678882,-83.9505851859981,34.5127492063058,-84.5952796640544,33.675111449779,0.0359530568204678,0.031924964323679,2021.88345645809,2021.88748455059,NA
858,859,0.00403299354123909,-83.9505851859981,34.5127492063058,-82.1276321126946,35.328952474592,0.0359579578649181,0.031924964323679,2021.88345645809,2021.88748945164,NA
859,860,0.0000946292677337368,-82.1276321126946,35.328952474592,-82.1285547036109,35.3291010960751,0.0360525871326518,0.0359579578649181,2021.88748945164,2021.8875840809,NA
618,619,0.00610350676307903,-77.3317561107596,35.7481405476339,-76.6875263264333,36.1552994297365,0.0361077761079982,0.0300042693449192,2021.88153576312,2021.88763926988,NA
791,794,0.000420513714727733,-78.5711281709944,35.638360322609,-78.641934312963,35.6655918429489,0.0363337440513716,0.0359132303366438,2021.88744472411,2021.88786523782,NA
693,694,0.00144489647119306,-78.4337887271627,35.6408007216036,-77.0816451670313,35.3183213721197,0.0366010859617039,0.0351561894905108,2021.88668768326,2021.88813257973,NA
587,588,0.00249875358164231,-82.0666907930841,36.3268296896315,-78.7442901910847,36.4079965277219,0.0373518656253344,0.0348531120436921,2021.88638460581,2021.8888833594,NA
619,688,0.00149363900624699,-76.6875263264333,36.1552994297365,-76.5973802027955,36.2513240735498,0.0376014151142452,0.0361077761079982,2021.88763926988,2021.88913290889,NA
859,903,0.00166355023648301,-82.1276321126946,35.328952474592,-82.1478663145466,35.2113762981495,0.0376215081014011,0.0359579578649181,2021.88748945164,2021.88915300187,NA
587,589,0.0027689604378307,-82.0666907930841,36.3268296896315,-80.9058405270232,36.8577796157235,0.0376220724815228,0.0348531120436921,2021.88638460581,2021.88915356625,NA
607,610,0.00707083737345537,-79.6960933679716,33.2749353733945,-80.0194569584934,33.3318580353767,0.0376688620884293,0.030598024714974,2021.88212951849,2021.88920035586,NA
694,696,0.00112725952470005,-77.0816451670313,35.3183213721197,-76.2581140706893,36.140650420864,0.0377283454864039,0.0366010859617039,2021.88813257973,2021.88925983926,NA
696,761,0.0000177670168060029,-76.2581140706893,36.140650420864,-76.377181859078,36.181334537735,0.0377461125032099,0.0377283454864039,2021.88925983926,2021.88927760627,NA
610,611,0.000132615181114515,-80.0194569584934,33.3318580353767,-80.1818048467261,33.4325685861934,0.0378014772695439,0.0376688620884293,2021.88920035586,2021.88933297104,NA
761,762,0.000137862465473093,-76.377181859078,36.181334537735,-76.4081180407493,36.2116668945645,0.037883974968683,0.0377461125032099,2021.88927760627,2021.88941546874,NA
586,595,0.00487150257338742,-81.7541850110097,36.2573148340591,-81.5963735067171,36.2642270961366,0.038247226104086,0.0333757235306986,2021.8849072173,2021.88977871987,NA
589,590,0.000669075511250394,-80.9058405270232,36.8577796157235,-80.9397573097971,36.8203946106826,0.0382911479927732,0.0376220724815228,2021.88915356625,2021.88982264176,NA
688,689,0.00146484169017702,-76.5973802027955,36.2513240735498,-75.0061898419725,36.0656994253323,0.0390662568044222,0.0376014151142452,2021.88913290889,2021.89059775058,NA
619,620,0.00630632404734266,-76.6875263264333,36.1552994297365,-76.9667666566405,36.6933185569928,0.0424141001553409,0.0361077761079982,2021.88763926988,2021.89394559393,NA
917,920,0.00739204178473707,-84.5952796640544,33.675111449779,-85.1315931301351,33.9227302020929,0.0433450986052049,0.0359530568204678,2021.88748455059,2021.89487659238,NA
794,813,0.00759254827466838,-78.641934312963,35.6655918429489,-78.7069994790549,35.7136885825327,0.04392629232604,0.0363337440513716,2021.88786523782,2021.8954577861,NA
696,697,0.0100982450728777,-76.2581140706893,36.140650420864,-77.0785998956633,36.1467883815466,0.0478265905592816,0.0377283454864039,2021.88925983926,2021.89935808433,NA
697,698,0.0069910876966579,-77.0785998956633,36.1467883815466,-77.5832792740403,36.6242020567029,0.0548176782559395,0.0478265905592816,2021.89935808433,2021.90634917203,NA
589,592,0.0193056935656947,-80.9058405270232,36.8577796157235,-81.8668580520894,37.2126162717844,0.0569277660472175,0.0376220724815228,2021.88915356625,2021.90845925982,NA
794,795,0.0206055916504915,-78.641934312963,35.6655918429489,-78.8019694251503,35.5967027660121,0.056939335701863,0.0363337440513716,2021.88786523782,2021.90847082947,NA
860,861,0.0232568444548703,-82.1285547036109,35.3291010960751,-82.0578993349255,35.4818009995723,0.0593094315875221,0.0360525871326518,2021.8875840809,2021.91084092536,NA
795,809,0.00994564278339127,-78.8019694251503,35.5967027660121,-79.2958947446026,35.5024123864998,0.0668849784852543,0.056939335701863,2021.90847082947,2021.91841647226,NA
585,603,0.0457379315667319,-77.5893800043292,36.4834837810284,-77.7361531374231,37.5716007593712,0.0689503175992452,0.0232123860325133,2021.8747438798,2021.92048181137,NA
694,695,0.033564305182198,-77.0816451670313,35.3183213721197,-78.7089370847657,37.0888166889512,0.0701653911439019,0.0366010859617039,2021.88813257973,2021.92169688491,NA
595,596,0.0343569774593656,-81.5963735067171,36.2642270961366,-81.1227600018321,36.070034603159,0.0726042035634517,0.038247226104086,2021.88977871987,2021.92413569733,NA
813,814,0.0338592501074618,-78.7069994790549,35.7136885825327,-77.8827244911611,34.1504802877987,0.0777855424335018,0.04392629232604,2021.8954577861,2021.9293170362,NA
809,810,0.0120844002641647,-79.2958947446026,35.5024123864998,-79.3135405377848,35.3714397935501,0.078969378749419,0.0668849784852543,2021.91841647226,2021.93050087252,NA
596,597,0.00743916090089891,-81.1227600018321,36.070034603159,-78.7632323273055,35.3296704692448,0.0800433644643506,0.0726042035634517,2021.92413569733,2021.93157485824,NA
903,905,0.0424765883032548,-82.1478663145466,35.2113762981495,-80.3756097072703,34.9709911577593,0.0800980964046559,0.0376215081014011,2021.88915300187,2021.93162959018,NA
620,621,0.0396167418151392,-76.9667666566405,36.6933185569928,-71.3466145687994,41.8205918320862,0.08203084197048,0.0424141001553409,2021.89394559393,2021.93356233574,NA
861,863,0.0229763208925149,-82.0578993349255,35.4818009995723,-83.1478288889707,34.7499373269729,0.082285752480037,0.0593094315875221,2021.91084092536,2021.93381724625,NA
905,906,0.00296662329237762,-80.3756097072703,34.9709911577593,-80.5567046203691,35.254444625865,0.0830647196970336,0.0800980964046559,2021.93162959018,2021.93459621347,NA
597,598,0.00682723542299846,-78.7632323273055,35.3296704692448,-77.9987920756311,34.5808990702493,0.086870599887349,0.0800433644643506,2021.93157485824,2021.93840209366,NA
814,815,0.0107138365945463,-77.8827244911611,34.1504802877987,-78.2688643154244,34.2829370817172,0.088499379028048,0.0777855424335018,2021.9293170362,2021.9400308728,NA
791,792,0.05548275274825,-78.5711281709944,35.638360322609,-80.1066099446392,34.8683901919522,0.0913959830848938,0.0359132303366438,2021.88744472411,2021.94292747686,NA
698,699,0.0389800708193447,-77.5832792740403,36.6242020567029,-77.0750349520244,35.9002690440525,0.0937977490752843,0.0548176782559395,2021.90634917203,2021.94532924285,NA
863,894,0.0138376633663594,-83.1478288889707,34.7499373269729,-82.337071518749,34.1465499034916,0.0961234158463964,0.082285752480037,2021.93381724625,2021.94765490962,NA
920,921,0.0527947515905911,-85.1315931301351,33.9227302020929,-89.1966894464419,34.7197066709983,0.096139850195796,0.0433450986052049,2021.89487659238,2021.94767134397,NA
815,816,0.00860819285512138,-78.2688643154244,34.2829370817172,-78.0752577012578,34.4583315991971,0.0971075718831694,0.088499379028048,2021.9400308728,2021.94863906565,NA
621,625,0.0221103586635837,-71.3466145687994,41.8205918320862,-69.6658857796169,43.9323201801119,0.104141200634064,0.08203084197048,2021.93356233574,2021.9556726944,NA
611,612,0.0715607761448463,-80.1818048467261,33.4325685861934,-81.0635011777403,34.4711965828254,0.10936225341439,0.0378014772695439,2021.88933297104,2021.96089374719,NA
894,902,0.0147581966622508,-82.337071518749,34.1465499034916,-81.1813745600543,35.5581247802094,0.110881612508647,0.0961234158463964,2021.94765490962,2021.96241310628,NA
906,907,0.0315209348816586,-80.5567046203691,35.254444625865,-77.9839036331975,34.3764361689778,0.114585654578692,0.0830647196970336,2021.93459621347,2021.96611714835,NA
815,856,0.0266810737762488,-78.2688643154244,34.2829370817172,-79.3510286668175,34.46608223384,0.115180452804297,0.088499379028048,2021.9400308728,2021.96671194658,NA
699,700,0.0214032285821957,-77.0750349520244,35.9002690440525,-76.8678749112776,35.9546721439017,0.11520097765748,0.0937977490752843,2021.94532924285,2021.96673247143,NA
907,908,0.000783069190816277,-77.9839036331975,34.3764361689778,-78.0916311519129,34.4463825619074,0.115368723769508,0.114585654578692,2021.96611714835,2021.96690021754,NA
700,702,0.00209185559977987,-76.8678749112776,35.9546721439017,-76.8713545538213,35.9903988303239,0.11729283325726,0.11520097765748,2021.96673247143,2021.96882432703,NA
907,911,0.00288218590474221,-77.9839036331975,34.3764361689778,-78.4128318926834,34.4625787119879,0.117467840483434,0.114585654578692,2021.96611714835,2021.96899933425,NA
816,827,0.0227105777446895,-78.0752577012578,34.4583315991971,-81.1282894417855,34.7036794163431,0.119818149627859,0.0971075718831694,2021.94863906565,2021.9713496434,NA
625,626,0.0172393287312453,-69.6658857796169,43.9323201801119,-72.5135384379055,43.5975418261226,0.121380529365309,0.104141200634064,2021.9556726944,2021.97291202314,NA
917,918,0.0857862088878089,-84.5952796640544,33.675111449779,-82.3235563126142,36.4421861793636,0.121739265708277,0.0359530568204678,2021.88748455059,2021.97327075948,NA
911,912,0.00539768003411123,-78.4128318926834,34.4625787119879,-79.7263289301602,35.6339489998317,0.122865520517546,0.117467840483434,2021.96899933425,2021.97439701429,NA
921,986,0.0281896797466797,-89.1966894464419,34.7197066709983,-89.570634528316,37.4103618715488,0.124329529942476,0.096139850195796,2021.94767134397,2021.97586102371,NA
894,895,0.0283450916384166,-82.337071518749,34.1465499034916,-82.0220394671848,29.1799761665635,0.124468507484813,0.0961234158463964,2021.94765490962,2021.97600000126,NA
912,913,0.00238840932882811,-79.7263289301602,35.6339489998317,-79.6106083411016,35.5516587674752,0.125253929846374,0.122865520517546,2021.97439701429,2021.97678542362,NA
918,919,0.00359631441637309,-82.3235563126142,36.4421861793636,-80.9530842123756,37.0613906026384,0.12533558012465,0.121739265708277,2021.97327075948,2021.9768670739,NA
603,604,0.0573166162307132,-77.7361531374231,37.5716007593712,-81.6856192001307,36.9960074459569,0.126266933829958,0.0689503175992452,2021.92048181137,2021.9777984276,NA
913,914,0.00345188284536657,-79.6106083411016,35.5516587674752,-79.8778471764151,35.6039682143301,0.12870581269174,0.125253929846374,2021.97678542362,2021.98023730646,NA
921,922,0.0326401527104012,-89.1966894464419,34.7197066709983,-91.4914032176652,41.8743384550196,0.128780002906197,0.096139850195796,2021.94767134397,2021.98031149668,NA
792,793,0.0375714151442111,-80.1066099446392,34.8683901919522,-80.170304613097,34.7855395926403,0.128967398229105,0.0913959830848938,2021.94292747686,2021.980498892,NA
596,599,0.0579571057547394,-81.1227600018321,36.070034603159,-80.8479514339759,36.1604272267783,0.130561309318191,0.0726042035634517,2021.92413569733,2021.98209280309,NA
810,811,0.0520940981317378,-79.3135405377848,35.3714397935501,-78.6434516656065,35.1715122163669,0.131063476881157,0.078969378749419,2021.93050087252,2021.98259497065,NA
625,632,0.0272832654705392,-69.6658857796169,43.9323201801119,-68.9838573430903,41.556881152599,0.131424466104603,0.104141200634064,2021.9556726944,2021.98295595988,NA
795,796,0.0755353727362622,-78.8019694251503,35.5967027660121,-74.2307948692163,39.8530155420081,0.132474708438125,0.056939335701863,2021.90847082947,2021.98400620221,NA
908,909,0.0171936288771553,-78.0916311519129,34.4463825619074,-79.1766953506738,34.8998147057979,0.132562352646664,0.115368723769508,2021.96690021754,2021.98409384642,NA
612,617,0.0311032230060678,-81.0635011777403,34.4711965828254,-81.303479553335,34.449122211269,0.140465476420458,0.10936225341439,2021.96089374719,2021.99199697019,NA
922,978,0.0138507977522658,-91.4914032176652,41.8743384550196,-91.8348739625735,41.3129563616526,0.142630800658463,0.128780002906197,2021.98031149668,2021.99416229443,NA
617,513,0.00252357775404177,-81.303479553335,34.449122211269,-81.1904292653663,33.6255802977804,0.1429890541745,0.140465476420458,2021.99199697019,2021.99452054795,A/American_Wigeon/South_Carolina/22-000345-001/2021|H5N1|USA-SC|2021-12-30|avian|A1
617,514,0.00252357775404177,-81.303479553335,34.449122211269,-81.2984067390527,34.46152054045,0.1429890541745,0.140465476420458,2021.99199697019,2021.99452054795,A/American_wigeon/South_Carolina/AH0195145/2021|H5N1|USA-SC|2021-12-30|avian|A1
914,915,0.0142957742792683,-79.8778471764151,35.6039682143301,-78.5969851957387,35.6760585846217,0.143001586971009,0.12870581269174,2021.98023730646,2021.99453308074,NA
922,923,0.0142426599097133,-91.4914032176652,41.8743384550196,-91.3395754396858,42.0391802677867,0.14302266281591,0.128780002906197,2021.98031149668,2021.99455415659,NA
986,987,0.0194573686163099,-89.570634528316,37.4103618715488,-87.4858681910694,37.462477418635,0.143786898558786,0.124329529942476,2021.97586102371,2021.99531839233,NA
632,636,0.0128970833150811,-68.9838573430903,41.556881152599,-70.7199114423527,41.908298635774,0.144321549419684,0.131424466104603,2021.98295595988,2021.99585304319,NA
626,628,0.0237774180105353,-72.5135384379055,43.5975418261226,-72.282549171895,43.5829709078415,0.145157947375844,0.121380529365309,2021.97291202314,2021.99668944115,NA
863,864,0.0643156050697818,-83.1478288889707,34.7499373269729,-87.7142725094494,35.1360882771004,0.146601357549819,0.082285752480037,2021.93381724625,2021.99813285132,NA
987,988,0.00419840738079047,-87.4858681910694,37.462477418635,-87.6462526880183,36.9894737705347,0.147985305939576,0.143786898558786,2021.99531839233,2021.99951679971,NA
914,916,0.0198203736513713,-79.8778471764151,35.6039682143301,-79.8691334871002,35.5779724285674,0.148526186343112,0.12870581269174,2021.98023730646,2022.00005768011,NA
988,989,0.00204603029526185,-87.6462526880183,36.9894737705347,-88.3994804115404,37.3378536748725,0.150031336234838,0.147985305939576,2021.99951679971,2022.00156283001,NA
599,600,0.0196148831576486,-80.8479514339759,36.1604272267783,-81.6640371077893,35.7721960476987,0.15017619247584,0.130561309318191,2021.98209280309,2022.00170768625,NA
923,924,0.00781912326420664,-91.3395754396858,42.0391802677867,-90.4069586269594,41.3763182662789,0.150841786080117,0.14302266281591,2021.99455415659,2022.00237327985,NA
636,637,0.00817442418378844,-70.7199114423527,41.908298635774,-71.1845950011606,41.6549610951754,0.152495973603472,0.144321549419684,2021.99585304319,2022.00402746737,NA
699,703,0.0589928578952058,-77.0750349520244,35.9002690440525,-79.5098740060038,35.4401088695796,0.15279060697049,0.0937977490752843,2021.94532924285,2022.00432210074,NA
600,601,0.00532783445244189,-81.6640371077893,35.7721960476987,-81.7951534176664,35.6560198080628,0.155504026928282,0.15017619247584,2022.00170768625,2022.0070355207,NA
989,1032,0.00622897067158534,-88.3994804115404,37.3378536748725,-88.3758767997711,37.33279458316,0.156260306906423,0.150031336234838,2022.00156283001,2022.00779180068,NA
636,664,0.0123448032613616,-70.7199114423527,41.908298635774,-70.7917121185612,44.7018555722181,0.156666352681046,0.144321549419684,2021.99585304319,2022.00819784645,NA
827,828,0.0371403899945418,-81.1282894417855,34.7036794163431,-80.9454553420983,34.4793449551033,0.156958539622401,0.119818149627859,2021.9713496434,2022.00849003339,NA
924,925,0.00686070299134411,-90.4069586269594,41.3763182662789,-91.0476893676168,40.8809777753306,0.157702489071461,0.150841786080117,2022.00237327985,2022.00923398284,NA
988,1078,0.0101175013049679,-87.6462526880183,36.9894737705347,-88.6654985741035,37.184522802179,0.158102807244544,0.147985305939576,2021.99951679971,2022.00963430102,NA
796,800,0.0259965116669147,-74.2307948692163,39.8530155420081,-73.4821288799129,41.9173211499353,0.15847122010504,0.132474708438125,2021.98400620221,2022.01000271388,NA
632,633,0.0273153407525459,-68.9838573430903,41.556881152599,-64.2304863479829,44.6923163414588,0.158739806857149,0.131424466104603,2021.98295595988,2022.01027130063,NA
908,910,0.0452584176327069,-78.0916311519129,34.4463825619074,-78.12194094071,34.938980196137,0.160627141402215,0.115368723769508,2021.96690021754,2022.01215863517,NA
633,634,0.00265555797168504,-64.2304863479829,44.6923163414588,-63.9903647034674,44.2970315654711,0.161395364828834,0.158739806857149,2022.01027130063,2022.0129268586,NA
610,515,0.1244982742778,-80.0194569584934,33.3318580353767,-81.9062450037002,33.335196551118,0.162167136366229,0.0376688620884293,2021.88920035586,2022.01369863014,A/Blue-winged_and_Cinnamon_Teal/South_Carolina/22-001743-033/2022|H5N1|USA-SC|2022-01-06|avian|A1
611,512,0.124365659096685,-80.1818048467261,33.4325685861934,-81.7877709985478,33.579212460657,0.162167136366229,0.0378014772695439,2021.88933297104,2022.01369863014,A/Gadwall/South_Carolina/22-001743-004/2022|H5N1|USA-SC|2022-01-06|avian|A1
920,80,0.118822037761024,-85.1315931301351,33.9227302020929,-82.4109655362556,34.1899955477174,0.162167136366229,0.0433450986052049,2021.89487659238,2022.01369863014,A/American_Wigeon/South_Carolina/22-001743-014/2022|H5N1|USA-SC|2022-01-06|avian|A1
814,551,0.0843815939327272,-77.8827244911611,34.1504802877987,-79.6093061656416,33.978785521982,0.162167136366229,0.0777855424335018,2021.9293170362,2022.01369863014,A/Gadwall/South_Carolina/22-001743-003/2022|H5N1|USA-SC|2022-01-06|avian|A1
856,539,0.046986683561932,-79.3510286668175,34.46608223384,-80.4612472651351,33.3216596127281,0.162167136366229,0.115180452804297,2021.96671194658,2022.01369863014,A/Gadwall/South_Carolina/22-001743-002/2022|H5N1|USA-SC|2022-01-06|avian|A1
856,538,0.046986683561932,-79.3510286668175,34.46608223384,-79.6454732567381,33.9331202694133,0.162167136366229,0.115180452804297,2021.96671194658,2022.01369863014,A/Gadwall/South_Carolina/22-001743-008/2022|H5N1|USA-SC|2022-01-06|avian|A1
827,581,0.04234898673837,-81.1282894417855,34.7036794163431,-82.2366475076415,34.8758260909924,0.162167136366229,0.119818149627859,2021.9713496434,2022.01369863014,A/American_Wigeon/South_Carolina/22-001743-011/2022|H5N1|USA-SC|2022-01-06|avian|A1
828,580,0.00520859674382812,-80.9454553420983,34.4793449551033,-80.179817324579,34.7960447880407,0.162167136366229,0.156958539622401,2022.00849003339,2022.01369863014,A/Gadwall/South_Carolina/22-001743-007/2022|H5N1|USA-SC|2022-01-06|avian|A1
637,642,0.0119545793211091,-71.1845950011606,41.6549610951754,-73.4760235250463,44.3205445949402,0.164450552924582,0.152495973603472,2022.00402746737,2022.0159820467,NA
698,704,0.110539691316279,-77.5832792740403,36.6242020567029,-81.5698727235048,35.3193443279017,0.165357369572218,0.0548176782559395,2021.90634917203,2022.01688886334,NA
607,608,0.134902904347955,-79.6960933679716,33.2749353733945,-78.8720945327505,35.0417704720871,0.165500929062929,0.030598024714974,2021.88212951849,2022.01703242283,NA
989,990,0.0157372406810762,-88.3994804115404,37.3378536748725,-93.0191834002645,37.4972939716806,0.165768576915914,0.150031336234838,2022.00156283001,2022.01730007069,NA
601,602,0.0102792751350225,-81.7951534176664,35.6560198080628,-80.205835345322,35.2398077220154,0.165783302063304,0.155504026928282,2022.0070355207,2022.01731479583,NA
612,613,0.0567495791940006,-81.0635011777403,34.4711965828254,-79.7932978138573,35.2535425568839,0.166111832608391,0.10936225341439,2021.96089374719,2022.01764332638,NA
642,643,0.00224964054841748,-73.4760235250463,44.3205445949402,-73.4360437346842,44.3324929324541,0.166700193472999,0.164450552924582,2022.0159820467,2022.01823168724,NA
987,1087,0.0229207936172624,-87.4858681910694,37.462477418635,-87.0582891479505,37.3207273848659,0.166707692176048,0.143786898558786,2021.99531839233,2022.01823918595,NA
1087,1133,0.000256753747164495,-87.0582891479505,37.3207273848659,-87.0052913968421,37.4040226417993,0.166964445923212,0.166707692176048,2022.01823918595,2022.01849593969,NA
608,609,0.00188838037238348,-78.8720945327505,35.0417704720871,-78.6334213811364,35.0208709938117,0.167389309435312,0.165500929062929,2022.01703242283,2022.01892080321,NA
588,524,0.130294722795609,-78.7442901910847,36.4079965277219,-78.7041459866708,36.4889268776107,0.167646588420944,0.0373518656253344,2021.8888833594,2022.01917808219,A/American_Wigeon/North_Carolina/22-001672-001/2022|H5N1|USA-NC|2022-01-08|avian|A1
761,537,0.129900475917734,-76.377181859078,36.181334537735,-76.9920541450628,35.55933590725,0.167646588420944,0.0377461125032099,2021.88927760627,2022.01917808219,A/Green-winged_Teal/North_Carolina/22-001673-001/2022|H5N1|USA-NC|2022-01-08|avian|A1
595,534,0.129399362316858,-81.5963735067171,36.2642270961366,-82.7484802954953,35.5663182072534,0.167646588420944,0.038247226104086,2021.88977871987,2022.01917808219,A/American_Wigeon/North_Carolina/22-001330-029/2022|H5N1|USA-NC|2022-01-08|avian|A1
813,518,0.123720296094904,-78.7069994790549,35.7136885825327,-77.8818234251489,34.7513155243605,0.167646588420944,0.04392629232604,2021.8954577861,2022.01917808219,A/American_Wigeon/North_Carolina/22-001330-001/2022|H5N1|USA-NC|2022-01-08|avian|A1
592,533,0.110718822373726,-81.8668580520894,37.2126162717844,-79.6543539752079,35.9108035441018,0.167646588420944,0.0569277660472175,2021.90845925982,2022.01917808219,A/Gadwall/North_Carolina/22-001672-002/2022|H5N1|USA-NC|2022-01-08|avian|A1
695,500,0.0974811972770418,-78.7089370847657,37.0888166889512,-80.52221412388,35.5339819289695,0.167646588420944,0.0701653911439019,2021.92169688491,2022.01917808219,A/American_Wigeon/North_Carolina/22-001330-012/2022|H5N1|USA-NC|2022-01-08|avian|A1
810,506,0.0886772096715247,-79.3135405377848,35.3714397935501,-77.8425682838803,35.2923852226315,0.167646588420944,0.078969378749419,2021.93050087252,2022.01917808219,A/American_Wigeon/North_Carolina/22-001330-030/2022|H5N1|USA-NC|2022-01-08|avian|A1
906,349,0.0845818687239102,-80.5567046203691,35.254444625865,-80.4045574808149,35.9200667943099,0.167646588420944,0.0830647196970336,2021.93459621347,2022.01917808219,A/American_Wigeon/North_Carolina/22-001330-024/2022|H5N1|USA-NC|2022-01-08|avian|A1
792,479,0.0762506053360499,-80.1066099446392,34.8683901919522,-78.1703139663253,34.7329333690629,0.167646588420944,0.0913959830848938,2021.94292747686,2022.01917808219,A/Gadwall/North_Carolina/22-001330-021/2022|H5N1|USA-NC|2022-01-08|avian|A1
911,341,0.0501787479375093,-78.4128318926834,34.4625787119879,-76.7293057987806,36.0511866550638,0.167646588420944,0.117467840483434,2021.96899933425,2022.01917808219,A/American_Wigeon/North_Carolina/22-001330-011/2022|H5N1|USA-NC|2022-01-08|avian|A1
912,347,0.0447810679033981,-79.7263289301602,35.6339489998317,-80.8861035414631,35.9790695067672,0.167646588420944,0.122865520517546,2021.97439701429,2022.01917808219,A/Gadwall/North_Carolina/22-001330-004/2022|H5N1|USA-NC|2022-01-08|avian|A1
604,481,0.0413796545909854,-81.6856192001307,36.9960074459569,-80.737732000684,35.9233964994274,0.167646588420944,0.126266933829958,2021.9777984276,2022.01917808219,A/American_Wigeon/North_Carolina/22-001330-019/2022|H5N1|USA-NC|2022-01-08|avian|A1
793,477,0.0386791901918387,-80.170304613097,34.7855395926403,-81.1689822342673,35.4327264138953,0.167646588420944,0.128967398229105,2021.980498892,2022.01917808219,A/American_Wigeon/North_Carolina/22-001672-005/2022|H5N1|USA-NC|2022-01-08|avian|A1
793,478,0.0386791901918387,-80.170304613097,34.7855395926403,-80.8782032125861,35.6948626800662,0.167646588420944,0.128967398229105,2021.980498892,2022.01917808219,A/American_Wigeon/North_Carolina/22-001672-009/2022|H5N1|USA-NC|2022-01-08|avian|A1
599,519,0.0370852791027526,-80.8479514339759,36.1604272267783,-82.8951642268112,35.1769720528796,0.167646588420944,0.130561309318191,2021.98209280309,2022.01917808219,A/American_Wigeon/North_Carolina/22-001330-031/2022|H5N1|USA-NC|2022-01-08|avian|A1
811,517,0.0365831115397869,-78.6434516656065,35.1715122163669,-79.8658422513095,35.304213855888,0.167646588420944,0.131063476881157,2021.98259497065,2022.01917808219,A/American_wigeon/North_Carolina/AH0182954/2022|H5N1|USA-NC|2022-01-08|avian|A1
811,516,0.0365831115397869,-78.6434516656065,35.1715122163669,-78.0446772361681,34.7561711886977,0.167646588420944,0.131063476881157,2021.98259497065,2022.01917808219,A/Gadwall/North_Carolina/22-001330-032/2022|H5N1|USA-NC|2022-01-08|avian|A1
909,337,0.03508423577428,-79.1766953506738,34.8998147057979,-78.6682620418536,34.7197825018631,0.167646588420944,0.132562352646664,2021.98409384642,2022.01917808219,A/American_Wigeon/North_Carolina/22-001330-027/2022|H5N1|USA-NC|2022-01-08|avian|A1
909,344,0.03508423577428,-79.1766953506738,34.8998147057979,-77.155717279758,35.2748899631154,0.167646588420944,0.132562352646664,2021.98409384642,2022.01917808219,A/American_Wigeon/North_Carolina/22-001330-023/2022|H5N1|USA-NC|2022-01-08|avian|A1
915,338,0.0246450014499351,-78.5969851957387,35.6760585846217,-78.393329663729,34.74773969988,0.167646588420944,0.143001586971009,2021.99453308074,2022.01917808219,A/American_Wigeon/North_Carolina/22-001330-015/2022|H5N1|USA-NC|2022-01-08|avian|A1
915,346,0.0246450014499351,-78.5969851957387,35.6760585846217,-78.1250243315417,34.6170130396747,0.167646588420944,0.143001586971009,2021.99453308074,2022.01917808219,A/American_Wigeon/North_Carolina/22-001330-017/2022|H5N1|USA-NC|2022-01-08|avian|A1
916,340,0.019120402077832,-79.8691334871002,35.5779724285674,-81.7433921032358,36.2924244058887,0.167646588420944,0.148526186343112,2022.00005768011,2022.01917808219,A/American_Wigeon/North_Carolina/22-001330-025/2022|H5N1|USA-NC|2022-01-08|avian|A1
600,523,0.017470395945104,-81.6640371077893,35.7721960476987,-81.1829297676134,36.1797471438164,0.167646588420944,0.15017619247584,2022.00170768625,2022.01917808219,A/American_Wigeon/North_Carolina/22-001330-018/2022|H5N1|USA-NC|2022-01-08|avian|A1
703,469,0.0148559814504536,-79.5098740060038,35.4401088695796,-79.1042709878461,34.7470789943136,0.167646588420944,0.15279060697049,2022.00432210074,2022.01917808219,A/Mallard/North_Carolina/22-001330-003/2022|H5N1|USA-NC|2022-01-08|avian|A1
703,470,0.0148559814504536,-79.5098740060038,35.4401088695796,-80.1751529275605,35.7233626839826,0.167646588420944,0.15279060697049,2022.00432210074,2022.01917808219,A/American_wigeon/North_Carolina/AH0182517/2022|H5N1|USA-NC|2022-01-08|avian|A1
601,522,0.0121425614926621,-81.7951534176664,35.6560198080628,-83.6783349103306,34.9980404126582,0.167646588420944,0.155504026928282,2022.0070355207,2022.01917808219,A/gadwall/North_Carolina/AH0182894/2022|H5N1|USA-NC|2022-01-08|avian|A1
910,342,0.00701944701872836,-78.12194094071,34.938980196137,-77.6968328225981,35.7126961211517,0.167646588420944,0.160627141402215,2022.01215863517,2022.01917808219,A/Gadwall/North_Carolina/22-001330-010/2022|H5N1|USA-NC|2022-01-08|avian|A1
910,343,0.00701944701872836,-78.12194094071,34.938980196137,-77.6719196040972,34.4176010775214,0.167646588420944,0.160627141402215,2022.01215863517,2022.01917808219,A/northern_pintail/North_Carolina/AH0182892/2022|H5N1|USA-NC|2022-01-08|avian|A1
704,474,0.00228921884872535,-81.5698727235048,35.3193443279017,-80.2649319925618,35.1183874700983,0.167646588420944,0.165357369572218,2022.01688886334,2022.01917808219,A/Northern_Pintail/North_Carolina/22-001330-008/2022|H5N1|USA-NC|2022-01-08|avian|A1
704,475,0.00228921884872535,-81.5698727235048,35.3193443279017,-79.7104017125358,34.8396207171434,0.167646588420944,0.165357369572218,2022.01688886334,2022.01917808219,A/northern_shoveler/North_Carolina/AH0182913/2022|H5N1|USA-NC|2022-01-08|avian|A1
608,502,0.00214565935801503,-78.8720945327505,35.0417704720871,-79.2423743921962,35.1756502270622,0.167646588420944,0.165500929062929,2022.01703242283,2022.01917808219,A/American_Wigeon/North_Carolina/22-001329-001/2022|H5N1|USA-NC|2022-01-08|avian|A1
602,521,0.00186328635763966,-80.205835345322,35.2398077220154,-78.3531497303026,34.8093707902697,0.167646588420944,0.165783302063304,2022.01731479583,2022.01917808219,A/American_Wigeon/North_Carolina/22-001330-009/2022|H5N1|USA-NC|2022-01-08|avian|A1
602,520,0.00186328635763966,-80.205835345322,35.2398077220154,-79.8727525059329,35.1533445988643,0.167646588420944,0.165783302063304,2022.01731479583,2022.01917808219,A/Northern_Shoveler/North_Carolina/22-001330-016/2022|H5N1|USA-NC|2022-01-08|avian|A1
609,503,0.000257278985631548,-78.6334213811364,35.0208709938117,-78.9922848834004,34.3852046761792,0.167646588420944,0.167389309435312,2022.01892080321,2022.01917808219,A/mallard/North_Carolina/AH0182886/2022|H5N1|USA-NC|2022-01-08|avian|A1
609,501,0.000257278985631548,-78.6334213811364,35.0208709938117,-78.1307079497394,35.7224737526039,0.167646588420944,0.167389309435312,2022.01892080321,2022.01917808219,A/American_Wigeon/North_Carolina/22-001330-028/2022|H5N1|USA-NC|2022-01-08|avian|A1
1087,1088,0.0012046021601555,-87.0582891479505,37.3207273848659,-86.5116488273848,36.994638359222,0.167912294336203,0.166707692176048,2022.01823918595,2022.01944378811,NA
990,991,0.00214877877600173,-93.0191834002645,37.4972939716806,-92.5898101989156,37.9923934875839,0.167917355691916,0.165768576915914,2022.01730007069,2022.01944884946,NA
991,998,0.00116313869355689,-92.5898101989156,37.9923934875839,-98.4761140921326,39.4443662012669,0.169080494385473,0.167917355691916,2022.01944884946,2022.02061198816,NA
1133,1134,0.00325041939271686,-87.0052913968421,37.4040226417993,-88.3814961059313,38.6904542095688,0.170214865315929,0.166964445923212,2022.01849593969,2022.02174635909,NA
664,665,0.0145118346659593,-70.7917121185612,44.7018555722181,-65.4019857353021,44.4236029653619,0.171178187347005,0.156666352681046,2022.00819784645,2022.02270968112,NA
1078,1079,0.0130892622544259,-88.6654985741035,37.184522802179,-89.0269615873195,37.0711004073216,0.17119206949897,0.158102807244544,2022.00963430102,2022.02272356327,NA
665,677,0.000382646433014777,-65.4019857353021,44.4236029653619,-65.1265255672266,44.6132725579919,0.17156083378002,0.171178187347005,2022.02270968112,2022.02309232755,NA
762,790,0.133731099064882,-76.4081180407493,36.2116668945645,-76.4910914369718,36.1760361444829,0.171615074033565,0.037883974968683,2021.88941546874,2022.0231465678,NA
864,865,0.0253678142478846,-87.7142725094494,35.1360882771004,-87.5930415483601,36.2787081703995,0.171969171797703,0.146601357549819,2021.99813285132,2022.02350066557,NA
990,1027,0.0125268271271374,-93.0191834002645,37.4972939716806,-92.6632714342432,38.2599857048157,0.178295404043051,0.165768576915914,2022.01730007069,2022.02982689781,NA
634,67,0.0172101277017668,-63.9903647034674,44.2970315654711,-63.931706826561,45.1443888822811,0.178605492530601,0.161395364828834,2022.0129268586,2022.0301369863,A/Canada_Goose/NS/FAV-0054-1/2022|H5N1|Canada-NS|2022-01-12|avian|A1
1088,1103,0.0107165729765551,-86.5116488273848,36.994638359222,-87.2233575639013,35.994331042289,0.178628867312759,0.167912294336203,2022.01944378811,2022.03016036108,NA
1032,1046,0.0243806309465358,-88.3758767997711,37.33279458316,-85.5523833045985,35.110139235002,0.180640937852959,0.156260306906423,2022.00779180068,2022.03217243162,NA
978,979,0.0381788873455376,-91.8348739625735,41.3129563616526,-91.6326690518953,39.5481821286688,0.180809688004001,0.142630800658463,2021.99416229443,2022.03234118177,NA
991,992,0.0145870215245549,-92.5898101989156,37.9923934875839,-91.5315447183346,40.1401020774117,0.182504377216471,0.167917355691916,2022.01944884946,2022.03403587099,NA
1078,1081,0.0244682842719719,-88.6654985741035,37.184522802179,-87.8994983415318,37.2487301213783,0.182571091516516,0.158102807244544,2022.00963430102,2022.03410258529,NA
634,635,0.0216681838895696,-63.9903647034674,44.2970315654711,-63.1748194409,44.790937140904,0.183063548718403,0.161395364828834,2022.0129268586,2022.03459504249,NA
642,647,0.0195542933666704,-73.4760235250463,44.3205445949402,-71.7149544987961,43.1836573165803,0.184004846291252,0.164450552924582,2022.0159820467,2022.03553634006,NA
1046,1061,0.00379093573163303,-85.5523833045985,35.110139235002,-86.2119972104944,35.9627439162882,0.184431873584592,0.180640937852959,2022.03217243162,2022.03596336736,NA
923,930,0.0419253237673717,-91.3395754396858,42.0391802677867,-96.7947222987914,42.7867489478386,0.184947986583282,0.14302266281591,2021.99455415659,2022.03647948035,NA
647,661,0.00152985555802554,-71.7149544987961,43.1836573165803,-71.9752519859095,43.1180573310888,0.185534701849277,0.184004846291252,2022.03553634006,2022.03706619562,NA
1046,1047,0.00579488100812353,-85.5523833045985,35.110139235002,-84.0504509897424,34.6763474544967,0.186435818861083,0.180640937852959,2022.03217243162,2022.03796731263,NA
661,663,0.00123464744900081,-71.9752519859095,43.1180573310888,-71.5401593907318,43.421728366234,0.186769349298278,0.185534701849277,2022.03706619562,2022.03830084307,NA
902,328,0.0759430581040257,-81.1813745600543,35.5581247802094,-77.3292857376501,36.0624459753148,0.186824670612673,0.110881612508647,2021.96241310628,2022.03835616438,A/Gadwall/North_Carolina/22-001996-001/2022|H5N1|USA-NC|2022-01-15|avian|A1
916,339,0.0382984842695612,-79.8691334871002,35.5779724285674,-78.5530290018819,36.0474200212076,0.186824670612673,0.148526186343112,2022.00005768011,2022.03835616438,A/Gadwall/North_Carolina/22-002491-002/2022|H5N1|USA-NC|2022-01-15|avian|A1
1134,1135,0.0170213757609927,-88.3814961059313,38.6904542095688,-87.9716538014643,37.342478268473,0.187236241076922,0.170214865315929,2022.02174635909,2022.03876773485,NA
1047,1048,0.00111602967345947,-84.0504509897424,34.6763474544967,-83.3906824655878,35.1100113372879,0.187551848534542,0.186435818861083,2022.03796731263,2022.03908334231,NA
647,648,0.00395435324076832,-71.7149544987961,43.1836573165803,-70.8799576249185,43.4348926910572,0.18795919953202,0.184004846291252,2022.03553634006,2022.0394906933,NA
930,931,0.00316679933618957,-96.7947222987914,42.7867489478386,-96.6114685569669,42.7524961289301,0.188114785919472,0.184947986583282,2022.03647948035,2022.03964627969,NA
1088,1089,0.0213397509532549,-86.5116488273848,36.994638359222,-88.1471031285212,37.6322756650516,0.189252045289458,0.167912294336203,2022.01944378811,2022.04078353906,NA
665,666,0.0186694843737758,-65.4019857353021,44.4236029653619,-65.2863131649052,44.6706883808196,0.189847671720781,0.171178187347005,2022.02270968112,2022.04137916549,NA
643,646,0.0235208254443782,-73.4360437346842,44.3324929324541,-71.2131062276538,43.5396024321536,0.190221018917377,0.166700193472999,2022.01823168724,2022.04175251269,NA
1061,1062,0.00582714053074751,-86.2119972104944,35.9627439162882,-87.8942887404207,35.5239658792149,0.19025901411534,0.184431873584592,2022.03596336736,2022.04179050789,NA
1062,1063,0.00133553513859586,-87.8942887404207,35.5239658792149,-87.934378103725,35.5960824980228,0.191594549253935,0.19025901411534,2022.04179050789,2022.04312604302,NA
1089,1093,0.00291593138224833,-88.1471031285212,37.6322756650516,-87.3168246322621,37.9174288683642,0.192167976671707,0.189252045289458,2022.04078353906,2022.04369947044,NA
1089,1090,0.0029744481447096,-88.1471031285212,37.6322756650516,-88.5367680194309,37.5210762397316,0.192226493434168,0.189252045289458,2022.04078353906,2022.0437579872,NA
1135,1141,0.00505340625775186,-87.9716538014643,37.342478268473,-87.9800355327068,37.4280806262089,0.192289647334674,0.187236241076922,2022.03876773485,2022.04382114111,NA
865,866,0.0217068503191711,-87.5930415483601,36.2787081703995,-89.2073903777854,39.2628782913642,0.193676022116875,0.171969171797703,2022.02350066557,2022.04520751589,NA
1048,1049,0.00674147456987195,-83.3906824655878,35.1100113372879,-84.0670247913168,36.1312524436324,0.194293323104414,0.187551848534542,2022.03908334231,2022.04582481688,NA
1134,1158,0.0240834875818754,-88.3814961059313,38.6904542095688,-86.9624181503451,39.4739511295823,0.194298352897805,0.170214865315929,2022.02174635909,2022.04582984667,NA
1141,1142,0.00217280980232126,-87.9800355327068,37.4280806262089,-89.0691226651528,37.9239559650563,0.194462457136995,0.192289647334674,2022.04382114111,2022.04599395091,NA
1142,1143,0.0000613212195983426,-89.0691226651528,37.9239559650563,-89.1003029444365,37.9533165055143,0.194523778356594,0.194462457136995,2022.04599395091,2022.04605527213,NA
648,649,0.00712119634645592,-70.8799576249185,43.4348926910572,-69.5385287880027,42.3911892301449,0.195080395878476,0.18795919953202,2022.0394906933,2022.04661188965,NA
1049,1050,0.000931907952954281,-84.0670247913168,36.1312524436324,-84.054480528005,36.2010482149254,0.195225231057368,0.194293323104414,2022.04582481688,2022.04675672483,NA
1061,1070,0.0108434084643061,-86.2119972104944,35.9627439162882,-85.8779347812679,35.4677174481098,0.195275282048898,0.184431873584592,2022.03596336736,2022.04680677582,NA
1103,1118,0.0167646921584916,-87.2233575639013,35.994331042289,-87.2142170126334,36.1564248076187,0.19539355947125,0.178628867312759,2022.03016036108,2022.04692505324,NA
796,797,0.063438229613621,-74.2307948692163,39.8530155420081,-73.7584794699911,39.8659622125683,0.195912938051746,0.132474708438125,2021.98400620221,2022.04744443182,NA
930,962,0.010975752561115,-96.7947222987914,42.7867489478386,-94.8016909702406,40.0275107127027,0.195923739144397,0.184947986583282,2022.03647948035,2022.04745523292,NA
986,1160,0.0717952519528384,-89.570634528316,37.4103618715488,-100.661800393292,39.973320684621,0.196124781895314,0.124329529942476,2021.97586102371,2022.04765627567,NA
1063,1065,0.00462852033773509,-87.934378103725,35.5960824980228,-87.5444059924364,35.8018231264565,0.19622306959167,0.191594549253935,2022.04312604302,2022.04775456336,NA
992,994,0.0138325153059372,-91.5315447183346,40.1401020774117,-89.3904311261027,38.7290653636794,0.196336892522408,0.182504377216471,2022.03403587099,2022.04786838629,NA
1070,1073,0.00111418027489418,-85.8779347812679,35.4677174481098,-86.1575231812637,35.4508312848349,0.196389462323792,0.195275282048898,2022.04680677582,2022.04792095609,NA
1081,1082,0.0140295946017278,-87.8994983415318,37.2487301213783,-86.9367204669781,37.2821167463874,0.196600686118244,0.182571091516516,2022.03410258529,2022.04813217989,NA
1049,1056,0.00258204380085503,-84.0670247913168,36.1312524436324,-85.4986159726338,35.5555052662514,0.196875366905269,0.194293323104414,2022.04582481688,2022.04840686068,NA
700,701,0.0817883863174153,-76.8678749112776,35.9546721439017,-75.21399259184,38.1905601267474,0.196989363974895,0.11520097765748,2021.96673247143,2022.04852085775,NA
1063,1064,0.00560013999748821,-87.934378103725,35.5960824980228,-87.1801544855363,35.7526299000835,0.197194689251424,0.191594549253935,2022.04312604302,2022.04872618302,NA
866,867,0.00362123703088979,-89.2073903777854,39.2628782913642,-92.3734550307579,39.9941414886931,0.197297259147764,0.193676022116875,2022.04520751589,2022.04882875292,NA
919,77,0.07244799459768,-80.9530842123756,37.0613906026384,-82.2347048223648,36.8926810187997,0.19778357472233,0.12533558012465,2021.9768670739,2022.04931506849,A/Green-winged_Teal/Virginia/22-002768-003/2022|H5N1|USA-VA|2022-01-19|avian|A1
643,644,0.0314263848683793,-73.4360437346842,44.3324929324541,-71.3999847609236,43.9268549775761,0.198126578341378,0.166700193472999,2022.01823168724,2022.04965807211,NA
661,662,0.0131323398611036,-71.9752519859095,43.1180573310888,-72.1287959542465,43.0050416481525,0.198667041710381,0.185534701849277,2022.03706619562,2022.05019853548,NA
1118,1126,0.00345180761761232,-87.2142170126334,36.1564248076187,-89.5187109942925,37.4730448935452,0.198845367088863,0.19539355947125,2022.04692505324,2022.05037686086,NA
603,605,0.130025365992639,-77.7361531374231,37.5716007593712,-77.3713206354878,39.2370665436382,0.198975683591884,0.0689503175992452,2021.92048181137,2022.05050717736,NA
1135,1136,0.0119432383166829,-87.9716538014643,37.342478268473,-88.3362307466661,36.7020878096044,0.199179479393605,0.187236241076922,2022.03876773485,2022.05071097316,NA
1056,1057,0.0023718818030255,-85.4986159726338,35.5555052662514,-88.4099982783086,36.3305761521927,0.199247248708294,0.196875366905269,2022.04840686068,2022.05077874248,NA
867,868,0.00203636125523987,-92.3734550307579,39.9941414886931,-92.925873759766,40.1768300880925,0.199333620403004,0.197297259147764,2022.04882875292,2022.05086511417,NA
962,963,0.00351068756569217,-94.8016909702406,40.0275107127027,-92.4064496362054,39.7997219124744,0.199434426710089,0.195923739144397,2022.04745523292,2022.05096592048,NA
1070,1071,0.00496724892569766,-85.8779347812679,35.4677174481098,-85.7992538047795,35.2092817703731,0.200242530974596,0.195275282048898,2022.04680677582,2022.05177402475,NA
994,995,0.00399044966757001,-89.3904311261027,38.7290653636794,-88.9987976912539,38.3923068030135,0.200327342189978,0.196336892522408,2022.04786838629,2022.05185883596,NA
1093,1098,0.00916592303141284,-87.3168246322621,37.9174288683642,-91.799321407389,39.6828663779516,0.20133389970312,0.192167976671707,2022.04369947044,2022.05286539347,NA
621,622,0.119450425473945,-71.3466145687994,41.8205918320862,-65.1664646718676,43.8174813985563,0.201481267444426,0.08203084197048,2021.93356233574,2022.05301276122,NA
963,964,0.00205444128048504,-92.4064496362054,39.7997219124744,-92.2441962168833,40.1230853339815,0.201488867990574,0.199434426710089,2022.05096592048,2022.05302036176,NA
666,667,0.012341303246139,-65.2863131649052,44.6706883808196,-65.2660913905005,44.5126216811127,0.20218897496692,0.189847671720781,2022.04137916549,2022.05372046874,NA
644,645,0.00430298467447265,-71.3999847609236,43.9268549775761,-71.4219678607903,44.0926786486388,0.202429563015851,0.198126578341378,2022.04965807211,2022.05396105679,NA
628,629,0.0573733612981367,-72.282549171895,43.5829709078415,-72.2456601525217,43.1359016954243,0.202531308673981,0.145157947375844,2021.99668944115,2022.05406280244,NA
1118,1119,0.00758523167207936,-87.2142170126334,36.1564248076187,-87.1651131121095,36.2632461340039,0.20297879114333,0.19539355947125,2022.04692505324,2022.05451028491,NA
1103,1104,0.0244075335463561,-87.2233575639013,35.994331042289,-86.0468091639012,37.7582107256111,0.203036400859115,0.178628867312759,2022.03016036108,2022.05456789463,NA
598,535,0.116392426889923,-77.9987920756311,34.5808990702493,-79.166786402881,35.2736532190221,0.203263026777272,0.086870599887349,2021.93840209366,2022.05479452055,A/Snow_Goose/North_Carolina/22-003496-007/2022|H5N1|USA-NC|2022-01-21|avian|A1
1062,1067,0.0130936208046657,-87.8942887404207,35.5239658792149,-86.3168669608353,35.1409320419647,0.203352634920005,0.19025901411534,2022.04179050789,2022.05488412869,NA
1098,1099,0.00238837371091694,-91.799321407389,39.6828663779516,-91.9314162630303,39.8303384820197,0.203722273414036,0.20133389970312,2022.05286539347,2022.05525376718,NA
637,638,0.0513662716106783,-71.1845950011606,41.6549610951754,-71.6114194671328,41.9862290589063,0.203862245214151,0.152495973603472,2022.00402746737,2022.05539373899,NA
1141,1156,0.0116750871899974,-87.9800355327068,37.4280806262089,-88.106345425623,35.9967871426735,0.203964734524671,0.192289647334674,2022.04382114111,2022.0554962283,NA
998,999,0.0350029007553927,-98.4761140921326,39.4443662012669,-99.9444314558422,39.2858799456242,0.204083395140865,0.169080494385473,2022.02061198816,2022.05561488891,NA
1071,1072,0.00386246788675149,-85.7992538047795,35.2092817703731,-85.8658853971405,35.1694010309456,0.204104998861347,0.200242530974596,2022.05177402475,2022.05563649263,NA
1027,1028,0.025890877824313,-92.6632714342432,38.2599857048157,-95.3176212596869,40.4660610612845,0.204186281867364,0.178295404043051,2022.02982689781,2022.05571777564,NA
1156,1157,0.000390368258020191,-88.106345425623,35.9967871426735,-87.7118908718492,36.2492098710364,0.204355102782692,0.203964734524671,2022.0554962283,2022.05588659655,NA
999,1011,0.000594493570485022,-99.9444314558422,39.2858799456242,-99.9260122182953,39.28671222371,0.20467788871135,0.204083395140865,2022.05561488891,2022.05620938248,NA
931,932,0.0166948867440462,-96.6114685569669,42.7524961289301,-96.6932261304494,42.7506423976951,0.204809672663518,0.188114785919472,2022.03964627969,2022.05634116643,NA
1050,1051,0.00968972689605541,-84.054480528005,36.2010482149254,-85.4887184814133,36.0546856408497,0.204914957953424,0.195225231057368,2022.04675672483,2022.05644645172,NA
1065,1066,0.00884916016589232,-87.5444059924364,35.8018231264565,-88.3523454086095,35.7610841598299,0.205072229757563,0.19622306959167,2022.04775456336,2022.05660372353,NA
931,942,0.0170888194211583,-96.6114685569669,42.7524961289301,-96.1567713417041,42.0098112127118,0.20520360534063,0.188114785919472,2022.03964627969,2022.05673509911,NA
638,639,0.00180933831457331,-71.6114194671328,41.9862290589063,-71.6719004472422,41.989032458566,0.205671583528724,0.203862245214151,2022.05539373899,2022.0572030773,NA
1067,1068,0.00240452953936499,-86.3168669608353,35.1409320419647,-86.3159586697331,35.1745786725975,0.20575716445937,0.203352634920005,2022.05488412869,2022.05728865823,NA
1051,1052,0.000876462496542607,-85.4887184814133,36.0546856408497,-85.4842736732054,36.0793288273204,0.205791420449966,0.204914957953424,2022.05644645172,2022.05732291422,NA
1050,1055,0.0105815263719844,-84.054480528005,36.2010482149254,-83.8317573667114,36.087563949521,0.205806757429353,0.195225231057368,2022.04675672483,2022.0573382512,NA
797,798,0.00999404117663238,-73.7584794699911,39.8659622125683,-72.9548364639145,39.4235527414897,0.205906979228379,0.195912938051746,2022.04744443182,2022.057438473,NA
895,329,0.0815342453198163,-82.0220394671848,29.1799761665635,-81.3998843720591,27.926111622608,0.206002752804629,0.124468507484813,2021.97600000126,2022.05753424658,A/Blue-winged_Teal/Florida/22-002578-009/2022|H5N1|USA-FL|2022-01-22|avian|A1
913,345,0.0807488229582556,-79.6106083411016,35.5516587674752,-80.3618110555092,36.3674626482311,0.206002752804629,0.125253929846374,2021.97678542362,2022.05753424658,A/American_Wigeon/North_Carolina/22-003150-006/2022|H5N1|USA-NC|2022-01-22|avian|A1
604,480,0.079735818974671,-81.6856192001307,36.9960074459569,-80.2374385128211,36.1274353211633,0.206002752804629,0.126266933829958,2021.9777984276,2022.05753424658,A/Gadwall/North_Carolina/22-003150-010/2022|H5N1|USA-NC|2022-01-22|avian|A1
800,801,0.0480750250199535,-73.4821288799129,41.9173211499353,-67.1427696398641,45.1601637313433,0.206546245124994,0.15847122010504,2022.01000271388,2022.0580777389,NA
1143,1147,0.0124841262396265,-89.1003029444365,37.9533165055143,-90.1018662747427,37.303842482181,0.20700790459622,0.194523778356594,2022.04605527213,2022.05853939837,NA
1057,1058,0.00800779677378216,-88.4099982783086,36.3305761521927,-85.7629943459543,37.080028525982,0.207255045482077,0.199247248708294,2022.05077874248,2022.05878653925,NA
999,1000,0.00330198266974102,-99.9444314558422,39.2858799456242,-100.193735861138,39.5297111385943,0.207385377810606,0.204083395140865,2022.05561488891,2022.05891687158,NA
1000,1002,0.000119836051813982,-100.193735861138,39.5297111385943,-100.562310591181,39.2476908839526,0.20750521386242,0.207385377810606,2022.05891687158,2022.05903670763,NA
622,623,0.00603806425265674,-65.1664646718676,43.8174813985563,-64.6903820622762,44.0200985869076,0.207519331697082,0.201481267444426,2022.05301276122,2022.05905082547,NA
942,952,0.00254094849911157,-96.1567713417041,42.0098112127118,-96.1100657663847,41.8119727663422,0.207744553839742,0.20520360534063,2022.05673509911,2022.05927604761,NA
1073,1076,0.0114812880955033,-86.1575231812637,35.4508312848349,-85.9340942441314,35.7095722500221,0.207870750419296,0.196389462323792,2022.04792095609,2022.05940224419,NA
801,805,0.0013474061703006,-67.1427696398641,45.1601637313433,-67.1607380460409,45.7399819042376,0.207893651295294,0.206546245124994,2022.0580777389,2022.05942514507,NA
1068,1069,0.00243985173857109,-86.3159586697331,35.1745786725975,-86.2982348685812,35.246010687793,0.208197016197941,0.20575716445937,2022.05728865823,2022.05972850997,NA
801,802,0.00166390087450352,-67.1427696398641,45.1601637313433,-67.217727618721,45.0040104494722,0.208210145999497,0.206546245124994,2022.0580777389,2022.05974163977,NA
1104,1105,0.00517994192161941,-86.0468091639012,37.7582107256111,-84.9872720990548,37.8169426804735,0.208216342780734,0.203036400859115,2022.05456789463,2022.05974783655,NA
605,482,0.00976679524010249,-77.3713206354878,39.2370665436382,-76.0432535569121,39.2467211759779,0.208742478831987,0.198975683591884,2022.05050717736,2022.0602739726,A/Lesser_Scaup/Maryland/22-003098-003/2022|H5N1|USA-MD|2022-01-23|avian|A1
605,483,0.00976679524010249,-77.3713206354878,39.2370665436382,-77.6887625320831,39.3961101721284,0.208742478831987,0.198975683591884,2022.05050717736,2022.0602739726,A/Lesser_scaup/MD/-LC-EESC-024/2022|H5N1|USA-MD|2022-01-23|avian|A1
1119,1124,0.0059985669882664,-87.1651131121095,36.2632461340039,-87.1667364525283,36.2645743535579,0.208977358131596,0.20297879114333,2022.05451028491,2022.0605088519,NA
639,640,0.00337253510069901,-71.6719004472422,41.989032458566,-72.4201176453326,41.4023743096125,0.209044118629423,0.205671583528724,2022.0572030773,2022.0605756124,NA
1002,1009,0.00188855048147762,-100.562310591181,39.2476908839526,-100.892668991324,39.0630290869497,0.209393764343898,0.20750521386242,2022.05903670763,2022.06092525811,NA
667,668,0.00731404486981668,-65.2660913905005,44.5126216811127,-65.1635262914547,44.3304533702746,0.209503019836736,0.20218897496692,2022.05372046874,2022.06103451361,NA
1073,1074,0.0137459088547068,-86.1575231812637,35.4508312848349,-86.6669757051952,35.2955255423733,0.210135371178499,0.196389462323792,2022.04792095609,2022.06166686495,NA
762,763,0.17268898907887,-76.4081180407493,36.2116668945645,-76.4702933761035,36.1666797056573,0.210572964047553,0.037883974968683,2021.88941546874,2022.06210445782,NA
1124,1125,0.00202602735486213,-87.1667364525283,36.2645743535579,-87.1133963992644,35.9236086655855,0.211003385486458,0.208977358131596,2022.0605088519,2022.06253487926,NA
1156,114,0.00751747033467276,-88.106345425623,35.9967871426735,-86.5254708327256,35.5394884655802,0.211482204859344,0.203964734524671,2022.0554962283,2022.06301369863,A/mallard_duck/Tennessee/CEIRR-278/2022|H5N1|USA-TN|2022-01-24|avian|A1
1157,113,0.00712710207665257,-87.7118908718492,36.2492098710364,-88.872424992048,36.167053694969,0.211482204859344,0.204355102782692,2022.05588659655,2022.06301369863,A/mallard_duck/Tennessee/TN22-278/2022|H5N1|USA-TN|2022-01-24|avian|A1
1157,115,0.00712710207665257,-87.7118908718492,36.2492098710364,-88.6815182033208,35.8573868417508,0.211482204859344,0.204355102782692,2022.05588659655,2022.06301369863,A/mallard/Tennessee/22-024871-001/2022|H5N1|USA-TN|2022-01-24|avian|A1
1124,245,0.00250484672774809,-87.1667364525283,36.2645743535579,-86.0254067477576,35.4614238280753,0.211482204859344,0.208977358131596,2022.0605088519,2022.06301369863,A/mallard/Tennessee/22-024871-002/2022|H5N1|USA-TN|2022-01-24|avian|A1
1125,247,0.000478819372885964,-87.1133963992644,35.9236086655855,-87.1132097284534,35.9240351561958,0.211482204859344,0.211003385486458,2022.06253487926,2022.06301369863,A/mallard_duck/Tennessee/CEIRR-282/2022|H5N1|USA-TN|2022-01-24|avian|A1
1125,246,0.000478819372885964,-87.1133963992644,35.9236086655855,-88.6560623738591,35.9851820076213,0.211482204859344,0.211003385486458,2022.06253487926,2022.06301369863,A/mallard_duck/Tennessee/TN22-282/2022|H5N1|USA-TN|2022-01-24|avian|A1
828,829,0.0546937208685055,-80.9454553420983,34.4793449551033,-82.2691761128709,33.9610887608377,0.211652260490906,0.156958539622401,2022.00849003339,2022.06318375426,NA
1074,1075,0.00156738826090108,-86.6669757051952,35.2955255423733,-86.6332012653153,35.2544827400123,0.2117027594394,0.210135371178499,2022.06166686495,2022.06323425321,NA
1011,1012,0.00784301244748453,-99.9260122182953,39.28671222371,-100.890667821808,41.3153614458592,0.212520901158835,0.20467788871135,2022.05620938248,2022.06405239493,NA
1052,1053,0.00708791652150298,-85.4842736732054,36.0793288273204,-85.4144610753806,36.281063078735,0.212879336971469,0.205791420449966,2022.05732291422,2022.06441083074,NA
1051,1054,0.00818925198257914,-85.4887184814133,36.0546856408497,-85.327846178901,36.0116708902152,0.213104209936003,0.204914957953424,2022.05644645172,2022.06463570371,NA
805,806,0.00523464835612486,-67.1607380460409,45.7399819042376,-63.7378550767091,44.6764609609698,0.213128299651419,0.207893651295294,2022.05942514507,2022.06465979342,NA
1076,1077,0.00616952329672449,-85.9340942441314,35.7095722500221,-86.0348372409429,35.6567482895032,0.21404027371602,0.207870750419296,2022.05940224419,2022.06557176749,NA
1056,1059,0.0172159205457074,-85.4986159726338,35.5555052662514,-86.1435137528338,35.7402398699376,0.214091287450976,0.196875366905269,2022.04840686068,2022.06562278122,NA
1047,185,0.027786112025619,-84.0504509897424,34.6763474544967,-86.5279230944202,35.3714552790946,0.214221930886701,0.186435818861083,2022.03796731263,2022.06575342466,A/mallard_duck/Tennessee/CEIRR-290/2022|H5N1|USA-TN|2022-01-25|avian|A1
1048,167,0.0266700823521595,-83.3906824655878,35.1100113372879,-84.5035081649213,35.5573111632944,0.214221930886701,0.187551848534542,2022.03908334231,2022.06575342466,A/gadwall_duck/Tennessee/CEIRR-295/2022|H5N1|USA-TN|2022-01-25|avian|A1
1065,190,0.017998861295031,-87.5444059924364,35.8018231264565,-87.3809147817443,36.1475551928761,0.214221930886701,0.19622306959167,2022.04775456336,2022.06575342466,A/mallard/Tennessee/22-024871-004/2022|H5N1|USA-TN|2022-01-25|avian|A1
1064,168,0.0170272416352779,-87.1801544855363,35.7526299000835,-88.223941938728,36.1363286207296,0.214221930886701,0.197194689251424,2022.04872618302,2022.06575342466,A/mallard_duck/Tennessee/CEIRR-288/2022|H5N1|USA-TN|2022-01-25|avian|A1
1064,182,0.0170272416352779,-87.1801544855363,35.7526299000835,-85.1337973707436,35.3411249420299,0.214221930886701,0.197194689251424,2022.04872618302,2022.06575342466,A/gadwall/Tennessee/22-024871-010/2022|H5N1|USA-TN|2022-01-25|avian|A1
1057,171,0.014974682178407,-88.4099982783086,36.3305761521927,-86.2779116918098,35.2713881097218,0.214221930886701,0.199247248708294,2022.05077874248,2022.06575342466,A/gadwall/Tennessee/22-024871-015/2022|H5N1|USA-TN|2022-01-25|avian|A1
1071,183,0.0139793999121057,-85.7992538047795,35.2092817703731,-86.2357081682777,36.3966305122667,0.214221930886701,0.200242530974596,2022.05177402475,2022.06575342466,A/mallard/Tennessee/22-024871-009/2022|H5N1|USA-TN|2022-01-25|avian|A1
1072,177,0.0101169320253542,-85.8658853971405,35.1694010309456,-89.5340900459835,35.5295143984253,0.214221930886701,0.204104998861347,2022.05563649263,2022.06575342466,A/gadwall_duck/Tennessee/TN22-295/2022|H5N1|USA-TN|2022-01-25|avian|A1
1072,172,0.0101169320253542,-85.8658853971405,35.1694010309456,-85.5171919520778,35.0200317207758,0.214221930886701,0.204104998861347,2022.05563649263,2022.06575342466,A/mallard_duck/Tennessee/CEIRR-293/2022|H5N1|USA-TN|2022-01-25|avian|A1
1066,191,0.00914970112913871,-88.3523454086095,35.7610841598299,-87.9598022610947,35.2138598737147,0.214221930886701,0.205072229757563,2022.05660372353,2022.06575342466,A/mallard/Tennessee/22-024871-005/2022|H5N1|USA-TN|2022-01-25|avian|A1
1066,175,0.00914970112913871,-88.3523454086095,35.7610841598299,-84.8779232697095,35.8413312959262,0.214221930886701,0.205072229757563,2022.05660372353,2022.06575342466,A/mallard_duck/Tennessee/TN22-288/2022|H5N1|USA-TN|2022-01-25|avian|A1
1068,196,0.00846476642733129,-86.3159586697331,35.1745786725975,-85.0608344842429,35.3858793242316,0.214221930886701,0.20575716445937,2022.05728865823,2022.06575342466,A/american_wigeon/Tennessee/CEIRR-298/2022|H5N1|USA-TN|2022-01-25|avian|A1
1052,174,0.00843051043673526,-85.4842736732054,36.0793288273204,-86.9680368862454,35.6402503863876,0.214221930886701,0.205791420449966,2022.05732291422,2022.06575342466,A/mallard_duck/Tennessee/CEIRR-291/2022|H5N1|USA-TN|2022-01-25|avian|A1
1055,187,0.00841517345734888,-83.8317573667114,36.087563949521,-84.1979688224356,35.7552545192112,0.214221930886701,0.205806757429353,2022.0573382512,2022.06575342466,A/gadwall/Tennessee/22-024871-011/2022|H5N1|USA-TN|2022-01-25|avian|A1
1055,176,0.00841517345734888,-83.8317573667114,36.087563949521,-83.638040004424,36.1373944235873,0.214221930886701,0.205806757429353,2022.0573382512,2022.06575342466,A/mallard_duck/Tennessee/TN22-290/2022|H5N1|USA-TN|2022-01-25|avian|A1
1058,181,0.00696688540462487,-85.7629943459543,37.080028525982,-85.3579071919727,36.6022769081671,0.214221930886701,0.207255045482077,2022.05878653925,2022.06575342466,A/gadwall_duck/Tennessee/CEIRR-296/2022|H5N1|USA-TN|2022-01-25|avian|A1
1058,188,0.00696688540462487,-85.7629943459543,37.080028525982,-88.2635217106012,35.8818367324645,0.214221930886701,0.207255045482077,2022.05878653925,2022.06575342466,A/gadwall/Tennessee/22-024871-012/2022|H5N1|USA-TN|2022-01-25|avian|A1
1076,186,0.0063511804674059,-85.9340942441314,35.7095722500221,-86.6281097453119,35.0614767696943,0.214221930886701,0.207870750419296,2022.05940224419,2022.06575342466,A/gadwall_duck/Tennessee/TN22-296/2022|H5N1|USA-TN|2022-01-25|avian|A1
1069,184,0.00602491468876021,-86.2982348685812,35.246010687793,-86.3048618628364,35.1442648785569,0.214221930886701,0.208197016197941,2022.05972850997,2022.06575342466,A/american_wigeon/Tennessee/22-024871-013/2022|H5N1|USA-TN|2022-01-25|avian|A1
1069,198,0.00602491468876021,-86.2982348685812,35.246010687793,-87.1512237999582,35.544784959276,0.214221930886701,0.208197016197941,2022.05972850997,2022.06575342466,A/mallard/Tennessee/22-024871-007/2022|H5N1|USA-TN|2022-01-25|avian|A1
1074,192,0.00408655970820238,-86.6669757051952,35.2955255423733,-87.2467417019814,35.8614033567938,0.214221930886701,0.210135371178499,2022.06166686495,2022.06575342466,A/mallard_duck/Tennessee/CEIRR-287/2022|H5N1|USA-TN|2022-01-25|avian|A1
1075,194,0.00251917144730129,-86.6332012653153,35.2544827400123,-86.782635769909,35.6136805101868,0.214221930886701,0.2117027594394,2022.06323425321,2022.06575342466,A/mallard/Tennessee/22-024871-003/2022|H5N1|USA-TN|2022-01-25|avian|A1
1075,193,0.00251917144730129,-86.6332012653153,35.2544827400123,-85.6094062993315,35.8176309767772,0.214221930886701,0.2117027594394,2022.06323425321,2022.06575342466,A/mallard_duck/Tennessee/TN22-287/2022|H5N1|USA-TN|2022-01-25|avian|A1
1053,195,0.00134259391523228,-85.4144610753806,36.281063078735,-85.8064283100702,36.5149226689582,0.214221930886701,0.212879336971469,2022.06441083074,2022.06575342466,A/mallard_duck/Tennessee/TN22-293/2022|H5N1|USA-TN|2022-01-25|avian|A1
1053,170,0.00134259391523228,-85.4144610753806,36.281063078735,-86.1625954672353,35.653234250718,0.214221930886701,0.212879336971469,2022.06441083074,2022.06575342466,A/mallard_duck/Tennessee/TN22-291/2022|H5N1|USA-TN|2022-01-25|avian|A1
1054,199,0.00111772095069873,-85.327846178901,36.0116708902152,-88.7475116804739,35.2004747662077,0.214221930886701,0.213104209936003,2022.06463570371,2022.06575342466,A/gadwall_duck/Tennessee/CEIRR-297/2022|H5N1|USA-TN|2022-01-25|avian|A1
1054,197,0.00111772095069873,-85.327846178901,36.0116708902152,-85.5586928958379,35.8714595238292,0.214221930886701,0.213104209936003,2022.06463570371,2022.06575342466,A/American_wigeon/Tennessee/TN22-298/2022|H5N1|USA-TN|2022-01-25|avian|A1
1077,178,0.000181657170681415,-86.0348372409429,35.6567482895032,-85.7811401162953,35.6067542206402,0.214221930886701,0.21404027371602,2022.06557176749,2022.06575342466,A/mallard/Tennessee/22-024871-006/2022|H5N1|USA-TN|2022-01-25|avian|A1
1077,173,0.000181657170681415,-86.0348372409429,35.6567482895032,-86.6360715479787,35.8573115148881,0.214221930886701,0.21404027371602,2022.06557176749,2022.06575342466,A/gadwall_duck/Tennessee/TN22-297/2022|H5N1|USA-TN|2022-01-25|avian|A1
1059,189,0.000130643435725109,-86.1435137528338,35.7402398699376,-85.9918176311983,35.6788685743588,0.214221930886701,0.214091287450976,2022.06562278122,2022.06575342466,A/american_wigeon/Tennessee/22-024871-014/2022|H5N1|USA-TN|2022-01-25|avian|A1
964,965,0.0132405587201364,-92.2441962168833,40.1230853339815,-91.8655634552483,38.8602700295762,0.214729426710711,0.201488867990574,2022.05302036176,2022.06626092048,NA
1105,1115,0.0066543643637279,-84.9872720990548,37.8169426804735,-84.7896528475875,37.7119216036194,0.214870707144462,0.208216342780734,2022.05974783655,2022.06640220092,NA
1012,1013,0.00323498368535213,-100.890667821808,41.3153614458592,-101.026938029657,41.2941053613885,0.215755884844187,0.212520901158835,2022.06405239493,2022.06728737861,NA
1002,1003,0.00838910234152823,-100.562310591181,39.2476908839526,-99.2640865759034,39.423034081947,0.215894316203949,0.20750521386242,2022.05903670763,2022.06742580997,NA
677,678,0.0444998265743787,-65.1265255672266,44.6132725579919,-62.9068741886344,45.1611592241332,0.216060660354398,0.17156083378002,2022.02309232755,2022.06759215413,NA
1000,1001,0.00934878436319919,-100.193735861138,39.5297111385943,-99.9563618126796,38.873279646563,0.216734162173806,0.207385377810606,2022.05891687158,2022.06826565594,NA
702,476,0.0996688236567991,-76.8713545538213,35.9903988303239,-78.4116586322163,36.3942052882095,0.216961656914059,0.11729283325726,2021.96882432703,2022.06849315068,A/American_Wigeon/North_Carolina/22-003439-003/2022|H5N1|USA-NC|2022-01-26|avian|A1
663,43,0.0301923076157806,-71.5401593907318,43.421728366234,-71.59164936427,43.6111246610593,0.216961656914059,0.186769349298278,2022.03830084307,2022.06849315068,A/Mallard/New_Hampshire/22-003417-032/2022|H5N1|USA-NH|2022-01-26|avian|A1
663,59,0.0301923076157806,-71.5401593907318,43.421728366234,-71.0546808196594,42.9069261566687,0.216961656914059,0.186769349298278,2022.03830084307,2022.06849315068,A/Mallard/New_Hampshire/22-003359-025/2022|H5N1|USA-NH|2022-01-26|avian|A1
648,60,0.0290024573820387,-70.8799576249185,43.4348926910572,-71.1923812677947,44.8245887058711,0.216961656914059,0.18795919953202,2022.0394906933,2022.06849315068,A/Mallard/New_Hampshire/22-003359-036/2022|H5N1|USA-NH|2022-01-26|avian|A1
646,42,0.0267406379966817,-71.2131062276538,43.5396024321536,-71.3103998732045,44.1656763255504,0.216961656914059,0.190221018917377,2022.04175251269,2022.06849315068,A/Mallard/New_Hampshire/22-003417-054/2022|H5N1|USA-NH|2022-01-26|avian|A1
649,44,0.0218812610355827,-69.5385287880027,42.3911892301449,-70.8851253225391,43.049790016387,0.216961656914059,0.195080395878476,2022.04661188965,2022.06849315068,A/Mallard/New_Hampshire/22-003417-053/2022|H5N1|USA-NH|2022-01-26|avian|A1
701,472,0.0199722929391637,-75.21399259184,38.1905601267474,-75.5665933626555,38.5158266828329,0.216961656914059,0.196989363974895,2022.04852085775,2022.06849315068,A/American_Wigeon/Delaware/22-003358-008/2022|H5N1|USA-DE|2022-01-26|avian|A1
644,38,0.0188350785726805,-71.3999847609236,43.9268549775761,-71.791835585823,43.7165398930417,0.216961656914059,0.198126578341378,2022.04965807211,2022.06849315068,A/Mallard/New_Hampshire/22-003417-048/2022|H5N1|USA-NH|2022-01-26|avian|A1
662,45,0.0182946152036778,-72.1287959542465,43.0050416481525,-71.8937685381075,42.8510183467892,0.216961656914059,0.198667041710381,2022.05019853548,2022.06849315068,A/Mallard/New_Hampshire/22-003359-006/2022|H5N1|USA-NH|2022-01-26|avian|A1
662,46,0.0182946152036778,-72.1287959542465,43.0050416481525,-72.2381997653179,43.1259626127411,0.216961656914059,0.198667041710381,2022.05019853548,2022.06849315068,A/Mallard/New_Hampshire/22-003417-039/2022|H5N1|USA-NH|2022-01-26|avian|A1
645,40,0.0145320938982079,-71.4219678607903,44.0926786486388,-71.417465808607,44.0965470257562,0.216961656914059,0.202429563015851,2022.05396105679,2022.06849315068,A/Mallard/New_Hampshire/22-003417-047/2022|H5N1|USA-NH|2022-01-26|avian|A1
645,39,0.0145320938982079,-71.4219678607903,44.0926786486388,-71.3406835858886,43.8366633661264,0.216961656914059,0.202429563015851,2022.05396105679,2022.06849315068,A/Mallard/New_Hampshire/22-003417-043/2022|H5N1|USA-NH|2022-01-26|avian|A1
592,593,0.160097458044293,-81.8668580520894,37.2126162717844,-81.3579796393725,36.8676849649026,0.217025224091511,0.0569277660472175,2021.90845925982,2022.06855671786,NA
942,943,0.0118496344301916,-96.1567713417041,42.0098112127118,-95.7438718532235,42.3453102355381,0.217053239770822,0.20520360534063,2022.05673509911,2022.06858473354,NA
995,996,0.0172860380621227,-88.9987976912539,38.3923068030135,-87.2306763895573,36.9114365018782,0.217613380252101,0.200327342189978,2022.05185883596,2022.06914487402,NA
1012,1016,0.00671901205739556,-100.890667821808,41.3153614458592,-99.5943707527135,40.630424136216,0.21923991321623,0.212520901158835,2022.06405239493,2022.07077140699,NA
861,862,0.16012463622875,-82.0578993349255,35.4818009995723,-75.8696724693583,35.0820387302413,0.219434067816272,0.0593094315875221,2021.91084092536,2022.07096556159,NA
763,764,0.00890736559744854,-76.4702933761035,36.1666797056573,-76.4351503277855,36.2023960047661,0.219480329645002,0.210572964047553,2022.06210445782,2022.07101182342,NA
678,19,0.00364072258724535,-62.9068741886344,45.1611592241332,-63.5439538944572,45.0173927242615,0.219701382941644,0.216060660354398,2022.06759215413,2022.07123287671,A/Mallard/NS/FAV-0094-78/2022|H5N1|Canada-NS|2022-01-27|avian|A1
965,966,0.00513788094800016,-91.8655634552483,38.8602700295762,-91.7912180566002,38.5011206886883,0.219867307658711,0.214729426710711,2022.06626092048,2022.07139880143,NA
966,967,0.000176895997414439,-91.7912180566002,38.5011206886883,-91.7563154989855,38.3102773350215,0.220044203656125,0.219867307658711,2022.07139880143,2022.07157569743,NA
622,624,0.0193063426297658,-65.1664646718676,43.8174813985563,-64.5571024302077,44.3992284265051,0.220787610074191,0.201481267444426,2022.05301276122,2022.07231910385,NA
1098,1101,0.0195805511143881,-91.799321407389,39.6828663779516,-87.3922524079366,35.384330848459,0.220914450817508,0.20133389970312,2022.05286539347,2022.07244594459,NA
623,71,0.0149217772719188,-64.6903820622762,44.0200985869076,-62.7752710338548,45.3849853772602,0.222441108969001,0.207519331697082,2022.05905082547,2022.07397260274,A/Mixed/NS/FAV-0065-10/2022|H5N1|Canada-NS|2022-01-28|avian|A1
623,70,0.0149217772719188,-64.6903820622762,44.0200985869076,-65.0060132259476,44.1799233687136,0.222441108969001,0.207519331697082,2022.05905082547,2022.07397260274,A/Mixed/NS/FAV-0065-11/2022|H5N1|Canada-NS|2022-01-28|avian|A1
624,72,0.0016534988948097,-64.5571024302077,44.3992284265051,-64.5470632306486,44.3970010318013,0.222441108969001,0.220787610074191,2022.07231910385,2022.07397260274,A/Mixed/NS/FAV-0066-1/2021|H5N1|Canada-NS|2022-01-28|avian|A1
624,73,0.0016534988948097,-64.5571024302077,44.3992284265051,-64.7954607282425,44.2014540934927,0.222441108969001,0.220787610074191,2022.07231910385,2022.07397260274,A/Mixed/NS/FAV-0066-3/2021|H5N1|Canada-NS|2022-01-28|avian|A1
1081,1084,0.0399990384034793,-87.8994983415318,37.2487301213783,-90.8911103752316,37.1913388098105,0.222570129919995,0.182571091516516,2022.03410258529,2022.07410162369,NA
1084,1085,0.000661461492302728,-90.8911103752316,37.1913388098105,-90.5352120774636,36.8153120780733,0.223231591412298,0.222570129919995,2022.07410162369,2022.07476308518,NA
593,594,0.00669070823791895,-81.3579796393725,36.8676849649026,-83.9940224918545,36.3195381075914,0.22371593232943,0.217025224091511,2022.06855671786,2022.0752474261,NA
640,641,0.0154175345973232,-72.4201176453326,41.4023743096125,-72.3033780795232,41.1442782641858,0.224461653226746,0.209044118629423,2022.0605756124,2022.075993147,NA
1059,1060,0.0110395251126222,-86.1435137528338,35.7402398699376,-85.7613849678438,36.2462277781428,0.225130812563599,0.214091287450976,2022.06562278122,2022.07666230633,NA
860,383,0.189128247863707,-82.1285547036109,35.3291010960751,-81.6315367318638,36.3103349843816,0.225180834996358,0.0360525871326518,2021.8875840809,2022.07671232877,A/Green-winged_Teal/North_Carolina/22-003444-004/2022|H5N1|USA-NC|2022-01-29|avian|A1
588,528,0.187828969371024,-78.7442901910847,36.4079965277219,-81.6681151343755,35.7294384042109,0.225180834996358,0.0373518656253344,2021.8888833594,2022.07671232877,A/Wood_Duck/North_Carolina/22-003829-001/2022|H5N1|USA-NC|2022-01-29|avian|A1
590,529,0.186889687003585,-80.9397573097971,36.8203946106826,-80.8152495619516,36.4894376308012,0.225180834996358,0.0382911479927732,2021.88982264176,2022.07671232877,A/Green-winged_Teal/North_Carolina/22-003827-001/2022|H5N1|USA-NC|2022-01-29|avian|A1
689,74,0.186114578191936,-75.0061898419725,36.0656994253323,-77.6033720717332,35.0625733960485,0.225180834996358,0.0390662568044222,2021.89059775058,2022.07671232877,A/Green-winged_Teal/North_Carolina/22-003830-004/2022|H5N1|USA-NC|2022-01-29|avian|A1
695,582,0.155015443852457,-78.7089370847657,37.0888166889512,-80.1277319010454,36.0687071244256,0.225180834996358,0.0701653911439019,2021.92169688491,2022.07671232877,A/Green-winged_Teal/North_Carolina/22-003830-009/2022|H5N1|USA-NC|2022-01-29|avian|A1
905,348,0.145082738591703,-80.3756097072703,34.9709911577593,-81.366103226826,35.919851970894,0.225180834996358,0.0800980964046559,2021.93162959018,2022.07671232877,A/Green-winged_Teal/North_Carolina/22-003830-003/2022|H5N1|USA-NC|2022-01-29|avian|A1
598,525,0.138310235109009,-77.9987920756311,34.5808990702493,-79.0047605241677,36.1444224186796,0.225180834996358,0.086870599887349,2021.93840209366,2022.07671232877,A/Northern_Shoveler/North_Carolina/22-003831-019/2022|H5N1|USA-NC|2022-01-29|avian|A1
902,327,0.114299222487711,-81.1813745600543,35.5581247802094,-81.334468900158,36.2688757018861,0.225180834996358,0.110881612508647,2021.96241310628,2022.07671232877,A/Mallard/North_Carolina/22-003441-001/2022|H5N1|USA-NC|2022-01-29|avian|A1
918,76,0.103441569288082,-82.3235563126142,36.4421861793636,-79.0597715102174,37.4117581404336,0.225180834996358,0.121739265708277,2021.97327075948,2022.07671232877,A/Gadwall/Virginia/22-003923-001/2022|H5N1|USA-VA|2022-01-29|avian|A1
1090,1091,0.0344033857142053,-88.5367680194309,37.5210762397316,-86.9921777185413,37.018665989251,0.226629879148373,0.192226493434168,2022.0437579872,2022.07816137292,NA
809,812,0.160022037482241,-79.2958947446026,35.5024123864998,-66.0298368947938,48.069949279649,0.226907015967495,0.0668849784852543,2021.91841647226,2022.07843850974,NA
1101,1102,0.00617436542748484,-87.3922524079366,35.384330848459,-86.0707000233083,35.5333850167525,0.227088816244992,0.220914450817508,2022.07244594459,2022.07862031002,NA
702,471,0.110627727766456,-76.8713545538213,35.9903988303239,-83.8347341087749,32.7720100210965,0.227920561023716,0.11729283325726,2021.96882432703,2022.07945205479,A/Gadwall/Georgia/22-003669-001/2022|H5N1|USA-GA|2022-01-30|avian|A1
1067,169,0.0245679261037106,-86.3168669608353,35.1409320419647,-83.4686579805886,36.5422516842524,0.227920561023716,0.203352634920005,2022.05488412869,2022.07945205479,A/american_wigeon/Tennessee/22-024871-016/2022|H5N1|USA-TN|2022-01-30|avian|A1
593,531,0.0108953369322052,-81.3579796393725,36.8676849649026,-83.7671687592042,35.616098127308,0.227920561023716,0.217025224091511,2022.06855671786,2022.07945205479,A/mallard_duck/Tennessee/TN22-303/2022|H5N1|USA-TN|2022-01-30|avian|A1
594,530,0.00420462869428628,-83.9940224918545,36.3195381075914,-84.7204148416877,36.4803141320732,0.227920561023716,0.22371593232943,2022.0752474261,2022.07945205479,A/mallard/Tennessee/22-024871-017/2022|H5N1|USA-TN|2022-01-30|avian|A1
594,532,0.00420462869428628,-83.9940224918545,36.3195381075914,-84.9297490323248,35.9832827433545,0.227920561023716,0.22371593232943,2022.0752474261,2022.07945205479,A/mallard_duck/Tennessee/CEIRR-303/2022|H5N1|USA-TN|2022-01-30|avian|A1
1060,180,0.00278974846011726,-85.7613849678438,36.2462277781428,-84.3727780353351,36.5278406368519,0.227920561023716,0.225130812563599,2022.07666230633,2022.07945205479,A/American_wigeon/Tennessee/TN22-301/2022|H5N1|USA-TN|2022-01-30|avian|A1
1060,179,0.00278974846011726,-85.7613849678438,36.2462277781428,-85.7660649934314,36.245189617175,0.227920561023716,0.225130812563599,2022.07666230633,2022.07945205479,A/american_wigeon/Tennessee/CEIRR-301/2022|H5N1|USA-TN|2022-01-30|avian|A1
667,673,0.0269821324993392,-65.2660913905005,44.5126216811127,-67.539058297545,43.18302175671,0.229171107466259,0.20218897496692,2022.05372046874,2022.08070260124,NA
1016,1019,0.0100385157910414,-99.5943707527135,40.630424136216,-103.426029247065,41.6337875265589,0.229278429007272,0.21923991321623,2022.07077140699,2022.08080992278,NA
1079,1080,0.0581951236996108,-89.0269615873195,37.0711004073216,-87.610142174173,36.0966999134861,0.229387193198581,0.17119206949897,2022.02272356327,2022.08091868697,NA
673,675,0.00130136326906982,-67.539058297545,43.18302175671,-67.6178224616803,43.2533534770005,0.230472470735329,0.229171107466259,2022.08070260124,2022.08200396451,NA
1105,1106,0.022333678370356,-84.9872720990548,37.8169426804735,-85.9103452723547,38.2022739810782,0.23055002115109,0.208216342780734,2022.05974783655,2022.08208151492,NA
857,79,0.203746486463392,-80.6501571676697,34.3863160641118,-79.2985926817323,35.9877490807397,0.230660287051073,0.0269138005876812,2021.87844529436,2022.08219178082,A/Green-winged_Teal/North_Carolina/22-004007-005/2022|H5N1|USA-NC|2022-01-31|avian|A1
701,473,0.033670923076178,-75.21399259184,38.1905601267474,-75.2171239973143,38.6907533385235,0.230660287051073,0.196989363974895,2022.04852085775,2022.08219178082,A/Northern_Shoveler/Delaware/22-003933-001/2022|H5N1|USA-DE|2022-01-31|avian|A1
1101,218,0.00974583623356562,-87.3922524079366,35.384330848459,-87.4215471837193,35.3815110171797,0.230660287051073,0.220914450817508,2022.07244594459,2022.08219178082,A/mallard_duck/Tennessee/CEIRR-309/2022|H5N1|USA-TN|2022-01-31|avian|A1
1102,217,0.00357147080608078,-86.0707000233083,35.5333850167525,-86.2965357663956,35.4450508780431,0.230660287051073,0.227088816244992,2022.07862031002,2022.08219178082,A/mallard_duck/Tennessee/TN22-309/2022|H5N1|USA-TN|2022-01-31|avian|A1
1102,219,0.00357147080608078,-86.0707000233083,35.5333850167525,-85.6180529683001,35.4444906041488,0.230660287051073,0.227088816244992,2022.07862031002,2022.08219178082,A/mallard/Tennessee/22-024871-019/2022|H5N1|USA-TN|2022-01-31|avian|A1
1080,116,0.00127309385249263,-87.610142174173,36.0966999134861,-88.2022417096426,35.9235260245134,0.230660287051073,0.229387193198581,2022.08091868697,2022.08219178082,A/mallard_duck/Tennessee/TN22-307/2022|H5N1|USA-TN|2022-01-31|avian|A1
1080,117,0.00127309385249263,-87.610142174173,36.0966999134861,-87.9626091401788,36.1266262113129,0.230660287051073,0.229387193198581,2022.08091868697,2022.08219178082,A/mallard_duck/Tennessee/CEIRR-307/2022|H5N1|USA-TN|2022-01-31|avian|A1
1147,1148,0.0236882793312202,-90.1018662747427,37.303842482181,-86.1055592297017,37.9287827836354,0.23069618392744,0.20700790459622,2022.05853939837,2022.0822276777,NA
965,975,0.0159735545095903,-91.8655634552483,38.8602700295762,-92.0582714273003,38.7230692867054,0.230702981220301,0.214729426710711,2022.06626092048,2022.08223447499,NA
802,803,0.0237350143992728,-67.217727618721,45.0040104494722,-70.273689925453,43.1628672189793,0.23194516039877,0.208210145999497,2022.05974163977,2022.08347665417,NA
932,933,0.0284452088121219,-96.6932261304494,42.7506423976951,-96.3757001922644,43.0690494832542,0.23325488147564,0.204809672663518,2022.05634116643,2022.08478637525,NA
763,789,0.0227820417605009,-76.4702933761035,36.1666797056573,-76.2467655156544,35.937069816972,0.233355005808054,0.210572964047553,2022.06210445782,2022.08488649958,NA
678,679,0.0180056912221555,-62.9068741886344,45.1611592241332,-64.4480653039803,44.4295539883312,0.234066351576554,0.216060660354398,2022.06759215413,2022.08559784535,NA
1019,1020,0.0053952222745578,-103.426029247065,41.6337875265589,-102.527783701811,40.968271787056,0.23467365128183,0.229278429007272,2022.08080992278,2022.08620514505,NA
1143,1144,0.0403751669222536,-89.1003029444365,37.9533165055143,-88.3679693668145,37.7284571286766,0.234898945278847,0.194523778356594,2022.04605527213,2022.08643043905,NA
933,934,0.00208575122557586,-96.3757001922644,43.0690494832542,-96.3499820995675,42.7690875573249,0.235340632701216,0.23325488147564,2022.08478637525,2022.08687212647,NA
1148,1150,0.00483105491660207,-86.1055592297017,37.9287827836354,-86.0848645862399,37.8975900334936,0.235527238844042,0.23069618392744,2022.0822276777,2022.08705873261,NA
664,687,0.0792642774735297,-70.7917121185612,44.7018555722181,-70.0491036261094,43.2598925842993,0.235930630154575,0.156666352681046,2022.00819784645,2022.08746212393,NA
967,968,0.0163394341662331,-91.7563154989855,38.3102773350215,-91.7073299118071,38.2196592864473,0.236383637822358,0.220044203656125,2022.07157569743,2022.08791513159,NA
943,948,0.0193602326358525,-95.7438718532235,42.3453102355381,-98.5938979119022,42.8461571714367,0.236413472406674,0.217053239770822,2022.06858473354,2022.08794496618,NA
798,799,0.0317998563616569,-72.9548364639145,39.4235527414897,-74.117236735993,40.3540328114292,0.237706835590036,0.205906979228379,2022.057438473,2022.08923832936,NA
1115,1116,0.0232194705562235,-84.7896528475875,37.7119216036194,-84.7866252435658,37.7106119462991,0.238090177700686,0.214870707144462,2022.06640220092,2022.08962167147,NA
978,980,0.0955629432491287,-91.8348739625735,41.3129563616526,-91.9774625281514,41.3794371769759,0.238193743907592,0.142630800658463,2021.99416229443,2022.08972523768,NA
967,971,0.0181665767742193,-91.7563154989855,38.3102773350215,-92.1767618137848,38.4309692818009,0.238210780430345,0.220044203656125,2022.07157569743,2022.0897422742,NA
975,976,0.00758257216587177,-92.0582714273003,38.7230692867054,-91.2572343907601,38.9745624661262,0.238285553386173,0.230702981220301,2022.08223447499,2022.08981704716,NA
629,8,0.0363481564593916,-72.2456601525217,43.1359016954243,-72.1230765377162,42.0549535997738,0.238879465133373,0.202531308673981,2022.05406280244,2022.0904109589,A/Canada_Goose/Massachusetts/22-005893-002/2022|H5N1|USA-MA|2022-02-03|avian|A1
629,9,0.0363481564593916,-72.2456601525217,43.1359016954243,-71.2026342984136,42.394475425774,0.238879465133373,0.202531308673981,2022.05406280244,2022.0904109589,A/Canada_Goose/Massachusetts/22-005893-001/2022|H5N1|USA-MA|2022-02-03|avian|A1
638,61,0.035017219919222,-71.6114194671328,41.9862290589063,-72.0321685201572,41.8851951869282,0.238879465133373,0.203862245214151,2022.05539373899,2022.0904109589,A/Mallard/Connecticut/22-003935-013/2022|H5N1|USA-CT|2022-02-03|avian|A1
639,65,0.0332078816046487,-71.6719004472422,41.989032458566,-73.2427527446512,41.35591632421,0.238879465133373,0.205671583528724,2022.0572030773,2022.0904109589,A/Mallard/Connecticut/22-003935-001/2022|H5N1|USA-CT|2022-02-03|avian|A1
640,62,0.0298353465039497,-72.4201176453326,41.4023743096125,-72.410024465405,41.4929262863099,0.238879465133373,0.209044118629423,2022.0605756124,2022.0904109589,A/Mallard/Connecticut/22-003935-022/2022|H5N1|USA-CT|2022-02-03|avian|A1
641,63,0.0144178119066265,-72.3033780795232,41.1442782641858,-72.373289684154,41.6373551182747,0.238879465133373,0.224461653226746,2022.075993147,2022.0904109589,A/Mallard/Connecticut/22-003935-024/2022|H5N1|USA-CT|2022-02-03|avian|A1
641,64,0.0144178119066265,-72.3033780795232,41.1442782641858,-72.3391920510831,41.6992799629027,0.238879465133373,0.224461653226746,2022.075993147,2022.0904109589,A/Mallard/Connecticut/22-003935-014/2022|H5N1|USA-CT|2022-02-03|avian|A1
649,650,0.0438997300164677,-69.5385287880027,42.3911892301449,-69.7695726925968,42.2118716045622,0.238980125894944,0.195080395878476,2022.04661188965,2022.09051161967,NA
1150,1151,0.00367039131342906,-86.0848645862399,37.8975900334936,-83.7634470983503,38.6314740541213,0.239197630157471,0.235527238844042,2022.08705873261,2022.09072912393,NA
868,869,0.0413628661644381,-92.925873759766,40.1768300880925,-93.4742889428429,36.4773011368186,0.240696486567442,0.199333620403004,2022.05086511417,2022.09222798034,NA
790,505,0.0700041171271656,-76.4910914369718,36.1760361444829,-75.3931357239863,38.8746273356045,0.24161919116073,0.171615074033565,2022.0231465678,2022.09315068493,A/Canada_Goose/Delaware/22-004745-001/2022|H5N1|USA-DE|2022-02-04|avian|A1
806,490,0.0284908915093112,-63.7378550767091,44.6764609609698,-64.4791917007948,45.0102394541689,0.24161919116073,0.213128299651419,2022.06465979342,2022.09315068493,A/Common_Merganser/NS/FAV-0102-4/2022|H5N1|Canada-NS|2022-02-04|avian|A1
1016,1017,0.0227283383389484,-99.5943707527135,40.630424136216,-97.7083585233874,40.2671260755969,0.241968251555179,0.21923991321623,2022.07077140699,2022.09349974533,NA
805,807,0.034666113604139,-67.1607380460409,45.7399819042376,-62.7343329961606,45.4785140003402,0.242559764899433,0.207893651295294,2022.05942514507,2022.09409125867,NA
1151,1152,0.0037981970294686,-83.7634470983503,38.6314740541213,-83.3928529571387,38.6128492148913,0.24299582718694,0.239197630157471,2022.09072912393,2022.09452732096,NA
1032,1033,0.086926008704872,-88.3758767997711,37.33279458316,-83.9203515351849,41.8881693542526,0.243186315611295,0.156260306906423,2022.00779180068,2022.09471780938,NA
933,938,0.0105414244491531,-96.3757001922644,43.0690494832542,-98.7315197343995,44.7581884713215,0.243796305924793,0.23325488147564,2022.08478637525,2022.0953277997,NA
938,939,0.000237479232272464,-98.7315197343995,44.7581884713215,-98.6845094769147,44.4146627133402,0.244033785157065,0.243796305924793,2022.0953277997,2022.09556527893,NA
979,309,0.0635492291840869,-91.6326690518953,39.5481821286688,-86.8172424275504,34.983435520305,0.244358917188088,0.180809688004001,2022.03234118177,2022.09589041096,A/American_Wigeon/Alabama/22-004941-003/2022|H5N1|USA-AL|2022-02-05|avian|A1
1019,1023,0.0160846578779903,-103.426029247065,41.6337875265589,-101.22888221218,40.6335809292695,0.245363086885262,0.229278429007272,2022.08080992278,2022.09689458066,NA
679,680,0.0123485946830917,-64.4480653039803,44.4295539883312,-64.1593563796669,44.6789899274743,0.246414946259645,0.234066351576554,2022.08559784535,2022.09794644003,NA
680,681,0.000036067115477656,-64.1593563796669,44.6789899274743,-64.0014994108756,44.6067681244232,0.246451013375123,0.246414946259645,2022.09794644003,2022.09798250715,NA
968,969,0.0102364936637409,-91.7073299118071,38.2196592864473,-91.8487307261673,39.4587503551854,0.246620131486099,0.236383637822358,2022.08791513159,2022.09815162526,NA
800,484,0.088627423110405,-73.4821288799129,41.9173211499353,-73.1376980301461,41.752475485753,0.247098643215445,0.15847122010504,2022.01000271388,2022.09863013699,A/American_Black_Duck/Connecticut/22-005000-001/2022|H5N1|USA-CT|2022-02-06|avian|A1
677,682,0.0771212253356066,-65.1265255672266,44.6132725579919,-67.4114839838143,46.2219805613781,0.248682059115626,0.17156083378002,2022.02309232755,2022.10021355289,NA
980,981,0.0110006875108869,-91.9774625281514,41.3794371769759,-91.9108246356921,39.774595416815,0.249194431418479,0.238193743907592,2022.08972523768,2022.10072592519,NA
1082,1083,0.0527621436604393,-86.9367204669781,37.2821167463874,-83.93173752874,36.8000061867978,0.249362829778683,0.196600686118244,2022.04813217989,2022.10089432355,NA
797,496,0.0539254311910561,-73.7584794699911,39.8659622125683,-74.2025119038718,39.9848211355254,0.249838369242802,0.195912938051746,2022.04744443182,2022.10136986301,A/Mallard/New_Jersey/22-005110-003/2022|H5N1|USA-NJ|2022-02-07|avian|A1
1104,130,0.0468019683836877,-86.0468091639012,37.7582107256111,-83.7077200574301,38.2201199212326,0.249838369242802,0.203036400859115,2022.05456789463,2022.10136986301,A/Mallard/Kentucky/22-005153-004/2022|H5N1|USA-KY|2022-02-07|avian|A1
798,497,0.0439313900144237,-72.9548364639145,39.4235527414897,-75.1459669536415,39.8729055719467,0.249838369242802,0.205906979228379,2022.057438473,2022.10136986301,A/Mallard/New_Jersey/22-005110-004/2022|H5N1|USA-NJ|2022-02-07|avian|A1
1106,140,0.0192883480917122,-85.9103452723547,38.2022739810782,-86.1151838782119,38.1955381011442,0.249838369242802,0.23055002115109,2022.08208151492,2022.10136986301,A/turkey/Indiana/22-003707-003/2022|H5N1|USA-IN|2022-02-07|avian|A1
679,18,0.0157720176662486,-64.4480653039803,44.4295539883312,-65.8254347550472,44.2495961916889,0.249838369242802,0.234066351576554,2022.08559784535,2022.10136986301,A/Mixed/NS/FAV-0083-155/2022|H5N1|Canada-NS|2022-02-07|avian|A1
799,494,0.0121315336527668,-74.117236735993,40.3540328114292,-74.6568783824562,40.3500918656836,0.249838369242802,0.237706835590036,2022.08923832936,2022.10136986301,A/Mallard/New_Jersey/22-005110-014/2022|H5N1|USA-NJ|2022-02-07|avian|A1
799,495,0.0121315336527668,-74.117236735993,40.3540328114292,-74.306782270346,40.4785718201048,0.249838369242802,0.237706835590036,2022.08923832936,2022.10136986301,A/Mallard/New_Jersey/22-005110-001/2022|H5N1|USA-NJ|2022-02-07|avian|A1
650,58,0.0108582433478585,-69.7695726925968,42.2118716045622,-72.7984533068516,42.0248949150914,0.249838369242802,0.238980125894944,2022.09051161967,2022.10136986301,A/snowy_owl/MA/22MM00323/2022|H5N1|USA-MA|2022-02-07|avian|A1
680,16,0.0034234229831569,-64.1593563796669,44.6789899274743,-64.8302302781867,45.3660999878132,0.249838369242802,0.246414946259645,2022.09794644003,2022.10136986301,A/Mixed/NS/FAV-0083-126/2022|H5N1|Canada-NS|2022-02-07|avian|A1
681,17,0.00338735586767924,-64.0014994108756,44.6067681244232,-64.2548462187662,44.68374896142,0.249838369242802,0.246451013375123,2022.09798250715,2022.10136986301,A/Mixed/NS/FAV-0083-125/2022|H5N1|Canada-NS|2022-02-07|avian|A1
681,15,0.00338735586767924,-64.0014994108756,44.6067681244232,-63.0285967428987,44.78943337849,0.249838369242802,0.246451013375123,2022.09798250715,2022.10136986301,A/Mixed/NS/FAV-0083-154/2022|H5N1|Canada-NS|2022-02-07|avian|A1
971,974,0.0117494666314333,-92.1767618137848,38.4309692818009,-90.5398174426592,39.1640902383116,0.249960247061778,0.238210780430345,2022.0897422742,2022.10149174083,NA
682,685,0.00128359890694774,-67.4114839838143,46.2219805613781,-67.3410598735782,46.1915386549044,0.249965658022574,0.248682059115626,2022.10021355289,2022.10149715179,NA
1023,1024,0.00464961629014138,-101.22888221218,40.6335809292695,-101.288392051768,40.4033640631888,0.250012703175404,0.245363086885262,2022.09689458066,2022.10154419695,NA
1013,1014,0.0349547203555978,-101.026938029657,41.2941053613885,-100.734944920085,40.553041707194,0.250710605199785,0.215755884844187,2022.06728737861,2022.10224209897,NA
969,970,0.00441742395334033,-91.8487307261673,39.4587503551854,-92.2637500943869,39.341483022753,0.25103755543944,0.246620131486099,2022.09815162526,2022.10256904921,NA
971,972,0.0133643567789693,-92.1767618137848,38.4309692818009,-93.2794463890332,41.1068199448557,0.251575137209314,0.238210780430345,2022.0897422742,2022.10310663098,NA
1126,1127,0.0528307677235015,-89.5187109942925,37.4730448935452,-84.2219748107179,44.5212009112441,0.251676134812364,0.198845367088863,2022.05037686086,2022.10320762858,NA
807,808,0.00919198532873078,-62.7343329961606,45.4785140003402,-61.8569823974431,44.9067032174724,0.251751750228164,0.242559764899433,2022.09409125867,2022.103283244,NA
635,69,0.0695145465519836,-63.1748194409,44.790937140904,-61.914603860582,45.4612695407612,0.252578095270387,0.183063548718403,2022.03459504249,2022.10410958904,A/Blue_Jay/NS/FAV-0095-1/2022|H5N1|Canada-NS|2022-02-08|avian|A1
1082,256,0.0559774091521434,-86.9367204669781,37.2821167463874,-85.9501602382447,37.3542933413457,0.252578095270387,0.196600686118244,2022.04813217989,2022.10410958904,A/Snow_Goose/Kentucky/22-004809-002/2022|H5N1|USA-KY|2022-02-08|avian|A1
995,230,0.0522507530804092,-88.9987976912539,38.3923068030135,-85.4377802652394,37.3916739880636,0.252578095270387,0.200327342189978,2022.05185883596,2022.10410958904,A/Gadwall/Kentucky/22-005154-004/2022|H5N1|USA-KY|2022-02-08|avian|A1
668,31,0.0430750754336507,-65.1635262914547,44.3304533702746,-64.8471462433193,44.0154263075212,0.252578095270387,0.209503019836736,2022.06103451361,2022.10410958904,A/Red-Tailed_Hawk/NS/FAV-0095-2/2022|H5N1|Canada-NS|2022-02-08|avian|A1
1083,121,0.00321526549170414,-83.93173752874,36.8000061867978,-84.556728461697,36.7114688287653,0.252578095270387,0.249362829778683,2022.10089432355,2022.10410958904,A/Snow_Goose/Kentucky/22-004809-001/2022|H5N1|USA-KY|2022-02-08|avian|A1
1083,122,0.00321526549170414,-83.93173752874,36.8000061867978,-85.2123803822079,38.0241256584607,0.252578095270387,0.249362829778683,2022.10089432355,2022.10410958904,A/snow_goose/Kentucky/W22-092/2022|H5N1|USA-KY|2022-02-08|avian|A1
903,904,0.216863443940946,-82.1478663145466,35.2113762981495,-78.5542841379648,31.8892489396534,0.254484952042347,0.0376215081014011,2021.88915300187,2022.10601644581,NA
1127,1128,0.00284007420607058,-84.2219748107179,44.5212009112441,-85.639815156319,43.5306539182909,0.254516209018435,0.251676134812364,2022.10320762858,2022.10604770279,NA
948,949,0.0188500595870518,-98.5938979119022,42.8461571714367,-99.9666210422018,43.5268621594564,0.255263531993726,0.236413472406674,2022.08794496618,2022.10679502576,NA
1028,1030,0.0517323797962919,-95.3176212596869,40.4660610612845,-95.7813688231851,41.5050155308412,0.255918661663656,0.204186281867364,2022.05571777564,2022.10745015543,NA
1136,1140,0.0570991596754136,-88.3362307466661,36.7020878096044,-84.6754957610982,35.9794400348017,0.256278639069018,0.199179479393605,2022.05071097316,2022.10781013284,NA
949,950,0.0015286833466569,-99.9666210422018,43.5268621594564,-99.0265321480017,43.8189909836172,0.256792215340383,0.255263531993726,2022.10679502576,2022.10832370911,NA
675,676,0.0264348405831051,-67.6178224616803,43.2533534770005,-68.0456127273365,45.4057531297019,0.256907311318434,0.230472470735329,2022.08200396451,2022.10843880509,NA
790,504,0.0864424732915373,-76.4910914369718,36.1760361444829,-75.4287670012504,39.2285775318677,0.258057547325102,0.171615074033565,2022.0231465678,2022.1095890411,A/Red-shouldered_Hawk/Delaware/22-004621-001/2022|H5N1|USA-DE|2022-02-10|avian|A1
1106,1107,0.0293763016781045,-85.9103452723547,38.2022739810782,-87.2597608526278,40.0306335718521,0.259926322829195,0.23055002115109,2022.08208151492,2022.1114578166,NA
1116,1117,0.0218925933482493,-84.7866252435658,37.7106119462991,-84.5639516403655,37.4795207489677,0.259982771048935,0.238090177700686,2022.08962167147,2022.11151426482,NA
682,683,0.0113223357183164,-67.4114839838143,46.2219805613781,-68.2474955934358,45.6307922249309,0.260004394833943,0.248682059115626,2022.10021355289,2022.1115358886,NA
626,627,0.138921896773515,-72.5135384379055,43.5975418261226,-73.9495323854894,42.4383527958362,0.260302426138824,0.121380529365309,2021.97291202314,2022.11183391991,NA
597,536,0.180753908888109,-78.7632323273055,35.3296704692448,-78.6752754553664,37.614409561836,0.260797273352459,0.0800433644643506,2021.93157485824,2022.11232876712,A/chicken/Virginia/22-004415-001/2022|H5N1|USA-VA|2022-02-11|avian|A1
1116,143,0.0227070956517738,-84.7866252435658,37.7106119462991,-83.9435232753929,38.3023692629317,0.260797273352459,0.238090177700686,2022.08962167147,2022.11232876712,A/chicken/Kentucky/22-004416-003/2022|H5N1|USA-KY|2022-02-11|avian|A1
1117,141,0.000814502303524423,-84.5639516403655,37.4795207489677,-83.7611802839803,37.4120449358908,0.260797273352459,0.259982771048935,2022.11151426482,2022.11232876712,A/chicken/Kentucky/22-004416-001/2022|H5N1|USA-KY|2022-02-11|avian|A1
1117,142,0.000814502303524423,-84.5639516403655,37.4795207489677,-86.5588988195959,37.6550559039841,0.260797273352459,0.259982771048935,2022.11151426482,2022.11232876712,A/chicken/Kentucky/22-004416-002/2022|H5N1|USA-KY|2022-02-11|avian|A1
1107,1108,0.000910638110529827,-87.2597608526278,40.0306335718521,-87.3228535311695,40.1496737238011,0.260836960939724,0.259926322829195,2022.1114578166,2022.11236845471,NA
992,993,0.0796314450637454,-91.5315447183346,40.1401020774117,-87.5804651263441,39.3057145835936,0.262135822280216,0.182504377216471,2022.03403587099,2022.11366731605,NA
934,935,0.0272717683755145,-96.3499820995675,42.7690875573249,-99.4146035503255,44.0946391617434,0.26261240107673,0.235340632701216,2022.08687212647,2022.11414389485,NA
869,870,0.0224114750069805,-93.4742889428429,36.4773011368186,-96.3547457267706,40.2318457971696,0.263107961574423,0.240696486567442,2022.09222798034,2022.11463945535,NA
803,804,0.0314757035392007,-70.273689925453,43.1628672189793,-71.8120515177553,44.0972195285232,0.263420863937971,0.23194516039877,2022.08347665417,2022.11495235771,NA
688,75,0.225935584265571,-76.5973802027955,36.2513240735498,-64.081307882612,45.9337597682556,0.263536999379817,0.0376014151142452,2021.88913290889,2022.11506849315,A/Herring_Gull/NS/FAV-0111-1/2022|H5N1|Canada-NS|2022-02-12|avian|A1
925,317,0.105834510308355,-91.0476893676168,40.8809777753306,-85.3627237634828,36.6009352350924,0.263536999379817,0.157702489071461,2022.00923398284,2022.11506849315,A/American_Green-winged_Teal/Tennessee/22-005910-002/2022|H5N1|USA-TN|2022-02-12|avian|A1
996,200,0.045923619127716,-87.2306763895573,36.9114365018782,-87.7009758500157,36.1468780524477,0.263536999379817,0.217613380252101,2022.06914487402,2022.11506849315,A/Mallard/Tennessee/22-005910-004/2022|H5N1|USA-TN|2022-02-12|avian|A1
1140,228,0.00725836031079818,-84.6754957610982,35.9794400348017,-87.3867584178758,37.93595375146,0.263536999379817,0.256278639069018,2022.10781013284,2022.11506849315,A/turkey/Kentucky/22-004546-001/2022|H5N1|USA-KY|2022-02-12|avian|A1
1140,229,0.00725836031079818,-84.6754957610982,35.9794400348017,-85.4060123738278,38.4280483871794,0.263536999379817,0.256278639069018,2022.10781013284,2022.11506849315,A/turkey/Kentucky/22-004546-002/2022|H5N1|USA-KY|2022-02-12|avian|A1
981,982,0.014579747509803,-91.9108246356921,39.774595416815,-94.4492244902445,39.9752320663848,0.263774178928282,0.249194431418479,2022.10072592519,2022.1153056727,NA
1030,1031,0.00988168234165299,-95.7813688231851,41.5050155308412,-95.2988445427657,41.5359127212712,0.265800344005309,0.255918661663656,2022.10745015543,2022.11733183778,NA
1020,1022,0.0315712420789104,-102.527783701811,40.968271787056,-97.8866019885185,41.060538268143,0.26624489336074,0.23467365128183,2022.08620514505,2022.11777638713,NA
1099,214,0.062554451993365,-91.9314162630303,39.8303384820197,-86.2580893852535,35.9946754150792,0.266276725407401,0.203722273414036,2022.05525376718,2022.11780821918,A/Wood_Duck/Tennessee/22-005907-002/2022|H5N1|USA-TN|2022-02-13|avian|A1
613,615,0.10226016417046,-79.7932978138573,35.2535425568839,-77.8900131176463,34.318445709549,0.268371996778851,0.166111832608391,2022.01764332638,2022.11990349055,NA
982,983,0.0046446175886472,-94.4492244902445,39.9752320663848,-94.5101423339618,39.9818895786926,0.268418796516929,0.263774178928282,2022.1153056727,2022.11995029029,NA
1107,1109,0.00887091414714447,-87.2597608526278,40.0306335718521,-86.7363295344903,41.4815847101093,0.268797236976339,0.259926322829195,2022.1114578166,2022.12032873075,NA
689,690,0.229803760400187,-75.0061898419725,36.0656994253323,-70.5922904910615,42.2509838150728,0.26887001720461,0.0390662568044222,2021.89059775058,2022.12040151098,NA
1115,129,0.0541457442902968,-84.7896528475875,37.7119216036194,-87.8165726250359,38.3451505473015,0.269016451434759,0.214870707144462,2022.06640220092,2022.12054794521,A/turkey/Indiana/22-004688-002/2022|H5N1|USA-IN|2022-02-14|avian|A1
1108,131,0.00817949049503441,-87.3228535311695,40.1496737238011,-86.5194380034653,39.6532422755242,0.269016451434759,0.260836960939724,2022.11236845471,2022.12054794521,A/turkey/Indiana/22-004688-006/2022|H5N1|USA-IN|2022-02-14|avian|A1
1108,139,0.00817949049503441,-87.3228535311695,40.1496737238011,-86.395836820772,39.2524320630451,0.269016451434759,0.260836960939724,2022.11236845471,2022.12054794521,A/turkey/Indiana/22-004688-003/2022|H5N1|USA-IN|2022-02-14|avian|A1
939,940,0.0251244670313636,-98.6845094769147,44.4146627133402,-99.7203366437642,44.81405594756,0.269158252188429,0.244033785157065,2022.09556527893,2022.12068974596,NA
983,984,0.00134161211503148,-94.5101423339618,39.9818895786926,-94.4610583887252,39.9412318712902,0.26976040863196,0.268418796516929,2022.11995029029,2022.1212919024,NA
808,491,0.0200044272339523,-61.8569823974431,44.9067032174724,-61.844504171815,45.2070974813286,0.271756177462116,0.251751750228164,2022.103283244,2022.12328767123,A/Red-breasted_Merganser/NS/FAV-0113-1/2022|H5N1|Canada-NS|2022-02-15|avian|A1
764,766,0.0526679766932589,-76.4351503277855,36.2023960047661,-75.835512055664,38.8411407449873,0.272148306338261,0.219480329645002,2022.07101182342,2022.12367980011,NA
766,769,0.000151041369960359,-75.835512055664,38.8411407449873,-75.8419104676134,38.8249814799053,0.272299347708221,0.272148306338261,2022.12367980011,2022.12383084148,NA
1109,1110,0.00407824579745786,-86.7363295344903,41.4815847101093,-86.8848564921937,41.4374764402444,0.272875482773797,0.268797236976339,2022.12032873075,2022.12440697654,NA
984,985,0.00409770279817856,-94.4610583887252,39.9412318712902,-94.5236427905564,39.9376765657245,0.273858111430139,0.26976040863196,2022.1212919024,2022.1253896052,NA
864,891,0.127429274011384,-87.7142725094494,35.1360882771004,-97.6533835357342,36.6362173180296,0.274030631561203,0.146601357549819,2021.99813285132,2022.12556212533,NA
972,973,0.0227116899180998,-93.2794463890332,41.1068199448557,-92.0561916140836,41.019092593326,0.274286827127414,0.251575137209314,2022.10310663098,2022.1258183209,NA
666,25,0.084648231768693,-65.2863131649052,44.6706883808196,-63.6854230291083,45.0153025796926,0.274495903489474,0.189847671720781,2022.04137916549,2022.12602739726,A/Broad-winged_Hawk/NS/FAV-0124-1/2022|H5N1|Canada-NS|2022-02-16|avian|A1
812,498,0.0475888875219787,-66.0298368947938,48.069949279649,-62.7738059231489,46.1012991646156,0.274495903489474,0.226907015967495,2022.07843850974,2022.12602739726,A/American_Crow/PE/FAV-0109-1/2022|H5N1|Canada-PE|2022-02-16|avian|A1
993,238,0.0123600812092575,-87.5804651263441,39.3057145835936,-87.5569057700897,39.1662124722459,0.274495903489474,0.262135822280216,2022.11366731605,2022.12602739726,A/turkey/Indiana/22-005289-001/2022|H5N1|USA-IN|2022-02-16|avian|A1
993,239,0.0123600812092575,-87.5804651263441,39.3057145835936,-87.471811091877,39.4519614678609,0.274495903489474,0.262135822280216,2022.11366731605,2022.12602739726,A/turkey/Indiana/22-005289-002/2022|H5N1|USA-IN|2022-02-16|avian|A1
1136,1137,0.075433049613222,-88.3362307466661,36.7020878096044,-88.9015197801903,44.4834314317021,0.274612529006827,0.199179479393605,2022.05071097316,2022.12614402278,NA
690,691,0.00584955884365035,-70.5922904910615,42.2509838150728,-71.7075969918583,43.1320132850352,0.27471957604826,0.26887001720461,2022.12040151098,2022.12625106982,NA
1085,1086,0.0522218046958471,-90.5352120774636,36.8153120780733,-85.7098868673388,39.0803217140563,0.275453396108145,0.223231591412298,2022.07476308518,2022.12698488988,NA
590,591,0.238492434784609,-80.9397573097971,36.8203946106826,-80.7189252819925,40.0086927645262,0.276783582777382,0.0382911479927732,2021.88982264176,2022.12831507655,NA
683,35,0.0172312346828883,-68.2474955934358,45.6307922249309,-67.3113555259226,44.9567075877125,0.277235629516831,0.260004394833943,2022.1115358886,2022.12876712329,A/chicken/Maine/22-005158-001/2022|H5N1|USA-ME|2022-02-17|avian|A1
769,783,0.00627709306083668,-75.8419104676134,38.8249814799053,-75.5422041047351,38.5334249546568,0.278576440769058,0.272299347708221,2022.12383084148,2022.13010793454,NA
1126,1131,0.0800290827428536,-89.5187109942925,37.4730448935452,-94.7403461998864,37.9996246543745,0.278874449831716,0.198845367088863,2022.05037686086,2022.1304059436,NA
1017,1018,0.0369618198684798,-97.7083585233874,40.2671260755969,-98.7820800934689,40.6439594492058,0.278930071423659,0.241968251555179,2022.09349974533,2022.13046156519,NA
1027,203,0.101679951501137,-92.6632714342432,38.2599857048157,-87.7376212010166,37.1155662386601,0.279975355544188,0.178295404043051,2022.02982689781,2022.13150684931,A/Snow_Goose/Kentucky/22-006742-003/2022|H5N1|USA-KY|2022-02-18|avian|A1
635,68,0.0969118068257849,-63.1748194409,44.790937140904,-63.206450796402,44.7828566040148,0.279975355544188,0.183063548718403,2022.03459504249,2022.13150684931,A/Blue_Jay/NS/FAV-0122-1/2022|H5N1|Canada-NS|2022-02-18|avian|A1
904,326,0.0254904035018417,-78.5542841379648,31.8892489396534,-81.1721595749473,28.5492577551672,0.279975355544188,0.254484952042347,2022.10601644581,2022.13150684931,A/Royal_Tern/Florida/22-005590-001/2022|H5N1|USA-FL|2022-02-18|avian|A1
1086,119,0.00452195943604339,-85.7098868673388,39.0803217140563,-86.3261697767365,39.2667497020569,0.279975355544188,0.275453396108145,2022.12698488988,2022.13150684931,A/turkey/Indiana/22-005328-001/2022|H5N1|USA-IN|2022-02-18|avian|A1
1086,120,0.00452195943604339,-85.7098868673388,39.0803217140563,-85.3070942645422,39.1418841283474,0.279975355544188,0.275453396108145,2022.12698488988,2022.13150684931,A/turkey/Indiana/22-005328-002/2022|H5N1|USA-IN|2022-02-18|avian|A1
1152,1153,0.0372278259262361,-83.3928529571387,38.6128492148913,-83.6887943651678,39.0033244343573,0.280223653113176,0.24299582718694,2022.09452732096,2022.13175514688,NA
766,767,0.00854143168026855,-75.835512055664,38.8411407449873,-75.3774838179874,38.9920880440216,0.280689738018529,0.272148306338261,2022.12367980011,2022.13222123179,NA
783,784,0.00240508913974424,-75.5422041047351,38.5334249546568,-75.1180931086103,38.8256419234919,0.280981529908802,0.278576440769058,2022.13010793454,2022.13251302368,NA
613,614,0.114931974433872,-79.7932978138573,35.2535425568839,-82.6468962932042,29.2939445455081,0.281043807042263,0.166111832608391,2022.01764332638,2022.13257530081,NA
1128,1129,0.0268457232222901,-85.639815156319,43.5306539182909,-85.6333204353775,43.5215988132656,0.281361932240725,0.254516209018435,2022.10604770279,2022.13289342601,NA
895,896,0.157186101886304,-82.0220394671848,29.1799761665635,-83.8586271717743,30.09542837164,0.281654609371117,0.124468507484813,2021.97600000126,2022.13318610314,NA
769,770,0.00993445686779726,-75.8419104676134,38.8249814799053,-75.7187038877374,38.6077344209021,0.282233804576018,0.272299347708221,2022.12383084148,2022.13376529835,NA
1020,1021,0.0487447245423228,-102.527783701811,40.968271787056,-105.867498903881,41.5182000569744,0.283418375824153,0.23467365128183,2022.08620514505,2022.1349498696,NA
770,772,0.00157831172093659,-75.7187038877374,38.6077344209021,-75.9231625985917,38.7817128044365,0.283812116296955,0.282233804576018,2022.13376529835,2022.13534361007,NA
1003,1008,0.0682444876830933,-99.2640865759034,39.423034081947,-100.70394866425,39.0140386331282,0.284138803887042,0.215894316203949,2022.06742580997,2022.13567029766,NA
772,773,0.00159379058468634,-75.9231625985917,38.7817128044365,-75.8225680263554,38.4359073928015,0.285405906881641,0.283812116296955,2022.13534361007,2022.13693740065,NA
685,32,0.0354891495765566,-67.3410598735782,46.1915386549044,-70.1225279742425,44.2685851012041,0.285454807599131,0.249965658022574,2022.10149715179,2022.13698630137,A/chicken/Maine/22-005443-001/2022|H5N1|USA-ME|2022-02-20|avian|A1
615,509,0.0170828108202794,-77.8900131176463,34.318445709549,-77.3655401969071,35.5409969722205,0.285454807599131,0.268371996778851,2022.11990349055,2022.13698630137,A/Brown_Pelican/North_Carolina/22-007917-001/2022|H5N1|USA-NC|2022-02-20|avian|A1
1129,1130,0.00472887403326216,-85.6333204353775,43.5215988132656,-84.8782899995929,43.2346230185992,0.286090806273987,0.281361932240725,2022.13289342601,2022.13762230004,NA
1110,1111,0.0135114360369356,-86.8848564921937,41.4374764402444,-86.6999402378379,41.1245168293528,0.286386918810733,0.272875482773797,2022.12440697654,2022.13791841258,NA
773,777,0.00187876473127879,-75.8225680263554,38.4359073928015,-75.5847887992225,39.3166406282608,0.28728467161292,0.285405906881641,2022.13693740065,2022.13881616538,NA
767,768,0.0070549536863076,-75.3774838179874,38.9920880440216,-76.6046857871159,39.1825077728612,0.287744691704837,0.280689738018529,2022.13222123179,2022.13927618548,NA
1109,132,0.0193972966501489,-86.7363295344903,41.4815847101093,-86.8974046203693,41.5068684333371,0.288194533626488,0.268797236976339,2022.12032873075,2022.1397260274,A/turkey/Indiana/22-005696-001/2022|H5N1|USA-IN|2022-02-21|avian|A1
1110,133,0.015319050852691,-86.8848564921937,41.4374764402444,-85.5528631588449,41.4887021896091,0.288194533626488,0.272875482773797,2022.12440697654,2022.1397260274,A/turkey/Indiana/22-005696-002/2022|H5N1|USA-IN|2022-02-21|avian|A1
767,388,0.00750479560795869,-75.3774838179874,38.9920880440216,-75.3453746060475,38.9808481679706,0.288194533626488,0.280689738018529,2022.13222123179,2022.1397260274,A/chicken/Delaware/22-005260-003/2022|H5N1|USA-DE|2022-02-21|avian|A1
784,399,0.00721300371768596,-75.1180931086103,38.8256419234919,-75.6394925793226,38.6842344947233,0.288194533626488,0.280981529908802,2022.13251302368,2022.1397260274,A/chicken/Delaware/22-005260-002/2022|H5N1|USA-DE|2022-02-21|avian|A1
772,401,0.00438241732953304,-75.9231625985917,38.7817128044365,-75.6588391655914,38.9711275614035,0.288194533626488,0.283812116296955,2022.13534361007,2022.1397260274,A/chicken/Delaware/22-005260-001/2022|H5N1|USA-DE|2022-02-21|avian|A1
1111,134,0.00180761481575542,-86.6999402378379,41.1245168293528,-86.5646212874187,41.279139823305,0.288194533626488,0.286386918810733,2022.13791841258,2022.1397260274,A/turkey/Indiana/22-005696-003/2022|H5N1|USA-IN|2022-02-21|avian|A1
816,817,0.191417507457962,-78.0752577012578,34.4583315991971,-77.6647368674797,40.5079533629245,0.288525079341132,0.0971075718831694,2021.94863906565,2022.14005657311,NA
784,785,0.00835423564978843,-75.1180931086103,38.8256419234919,-76.2160480296641,38.8308574939247,0.28933576555859,0.280981529908802,2022.13251302368,2022.14086725933,NA
994,166,0.0945973671314374,-89.3904311261027,38.7290653636794,-92.9688594924812,38.6406413010178,0.290934259653845,0.196336892522408,2022.04786838629,2022.14246575342,A/Rosss_Goose/Missouri/22-006328-019/2022|H5N1|USA-MO|2022-02-22|avian|A1
803,487,0.0589890992550755,-70.273689925453,43.1628672189793,-71.3873009326358,43.6741459914284,0.290934259653845,0.23194516039877,2022.08347665417,2022.14246575342,A/Canada_Goose/New_Hampshire/22-006203-003/2022|H5N1|USA-NH|2022-02-22|avian|A1
980,324,0.0527405157462536,-91.9774625281514,41.3794371769759,-91.7324579141049,37.8580785880833,0.290934259653845,0.238193743907592,2022.08972523768,2022.14246575342,A/Snow_Goose/Missouri/22-006328-011/2022|H5N1|USA-MO|2022-02-22|avian|A1
939,261,0.04690047449678,-98.6845094769147,44.4146627133402,-91.1231248703403,37.2492622187682,0.290934259653845,0.244033785157065,2022.09556527893,2022.14246575342,A/Snow_Goose/Missouri/22-006328-032/2022|H5N1|USA-MO|2022-02-22|avian|A1
969,285,0.0443141281677459,-91.8487307261673,39.4587503551854,-92.5092609297473,39.7860766895375,0.290934259653845,0.246620131486099,2022.09815162526,2022.14246575342,A/Snow_Goose/Missouri/22-006328-004/2022|H5N1|USA-MO|2022-02-22|avian|A1
981,320,0.0417398282353667,-91.9108246356921,39.774595416815,-92.2868040167683,36.8240137496793,0.290934259653845,0.249194431418479,2022.10072592519,2022.14246575342,A/Snow_Goose/Missouri/22-006328-022/2022|H5N1|USA-MO|2022-02-22|avian|A1
970,286,0.0398967042144056,-92.2637500943869,39.341483022753,-91.9895290260064,40.2808528783306,0.290934259653845,0.25103755543944,2022.10256904921,2022.14246575342,A/Snow_Goose/Missouri/22-006328-015/2022|H5N1|USA-MO|2022-02-22|avian|A1
627,6,0.030631833515021,-73.9495323854894,42.4383527958362,-74.0447804952856,41.7738600864375,0.290934259653845,0.260302426138824,2022.11183391991,2022.14246575342,A/pheasant/New_York/22-005647-002/2022|H5N1|USA-NY|2022-02-22|avian|A1
627,7,0.030631833515021,-73.9495323854894,42.4383527958362,-76.1849714063029,42.100371091806,0.290934259653845,0.260302426138824,2022.11183391991,2022.14246575342,A/pheasant/New_York/22-005647-001/2022|H5N1|USA-NY|2022-02-22|avian|A1
804,485,0.0275133957158747,-71.8120515177553,44.0972195285232,-71.0730982321962,43.7056490027043,0.290934259653845,0.263420863937971,2022.11495235771,2022.14246575342,A/Canada_Goose/New_Hampshire/22-006203-001/2022|H5N1|USA-NH|2022-02-22|avian|A1
804,486,0.0275133957158747,-71.8120515177553,44.0972195285232,-71.887426589523,44.2526145673651,0.290934259653845,0.263420863937971,2022.11495235771,2022.14246575342,A/Canada_Goose/New_Hampshire/22-006203-002/2022|H5N1|USA-NH|2022-02-22|avian|A1
1129,241,0.00957232741312064,-85.6333204353775,43.5215988132656,-85.7714581941396,43.4847751408536,0.290934259653845,0.281361932240725,2022.13289342601,2022.14246575342,A/chicken/Michigan/22-005440-002/2022|H5N1|USA-MI|2022-02-22|avian|A1
1130,242,0.00484345337985848,-84.8782899995929,43.2346230185992,-85.2650533920206,43.1800243735355,0.290934259653845,0.286090806273987,2022.13762230004,2022.14246575342,A/turkey/Michigan/22-005440-001/2022|H5N1|USA-MI|2022-02-22|avian|A1
1130,240,0.00484345337985848,-84.8782899995929,43.2346230185992,-84.964333432425,43.5258359074641,0.290934259653845,0.286090806273987,2022.13762230004,2022.14246575342,A/guinea_fowl/Michigan/22-005440-003/2022|H5N1|USA-MI|2022-02-22|avian|A1
1003,1004,0.0767129828034984,-99.2640865759034,39.423034081947,-99.9496165365287,38.0903880236745,0.292607299007447,0.215894316203949,2022.06742580997,2022.14413879278,NA
697,705,0.245358333793753,-77.0785998956633,36.1467883815466,-78.754913625679,42.2432861007674,0.293184924353035,0.0478265905592816,2021.89935808433,2022.14471641812,NA
807,492,0.0511142207817696,-62.7343329961606,45.4785140003402,-62.2602552192222,46.4262275386389,0.293673985681203,0.242559764899433,2022.09409125867,2022.14520547945,A/Snowy_Owl/PE/FAV-0121-1/2022|H5N1|Canada-PE|2022-02-23|avian|A1
970,288,0.042636430241763,-92.2637500943869,39.341483022753,-91.6230238508956,38.9055692348955,0.293673985681203,0.25103755543944,2022.10256904921,2022.14520547945,A/Snow_Goose/Missouri/22-006805-001/2022|H5N1|USA-MO|2022-02-23|avian|A1
952,958,0.086415454436331,-96.1100657663847,41.8119727663422,-97.4440613253665,41.7394588273476,0.294160008276073,0.207744553839742,2022.05927604761,2022.14569150205,NA
615,616,0.0271754474352436,-77.8900131176463,34.318445709549,-79.5417762898569,34.929391607291,0.295547444214095,0.268371996778851,2022.11990349055,2022.14707893798,NA
777,778,0.00854928533468036,-75.5847887992225,39.3166406282608,-75.7699132890898,39.1033045305808,0.2958339569476,0.28728467161292,2022.13881616538,2022.14736545072,NA
646,41,0.106192692791183,-71.2131062276538,43.5396024321536,-71.2584204465437,43.5733035660498,0.29641371170856,0.190221018917377,2022.04175251269,2022.14794520548,A/Snow_Goose/New_Hampshire/22-007420-001/2022|H5N1|USA-NH|2022-02-24|avian|A1
778,780,0.00135873383038443,-75.7699132890898,39.1033045305808,-75.3140224514321,39.427920731771,0.297192690777985,0.2958339569476,2022.14736545072,2022.14872418455,NA
1033,1034,0.0540123314678244,-83.9203515351849,41.8881693542526,-81.565858923008,47.3227851427033,0.29719864707912,0.243186315611295,2022.09471780938,2022.14873014085,NA
773,774,0.0126543481887182,-75.8225680263554,38.4359073928015,-76.0080321538128,39.2778797646149,0.29806025507036,0.285405906881641,2022.13693740065,2022.14959174884,NA
764,765,0.0801285527888456,-76.4351503277855,36.2023960047661,-75.9892551173917,41.5292419116724,0.299608882433847,0.219480329645002,2022.07101182342,2022.1511403762,NA
1119,1120,0.0974999070154077,-87.1651131121095,36.2632461340039,-89.2261910896444,37.185205513758,0.300478698158737,0.20297879114333,2022.05451028491,2022.15201019193,NA
780,781,0.00343252699074048,-75.3140224514321,39.427920731771,-75.3252103342439,39.4468703001102,0.300625217768725,0.297192690777985,2022.14872418455,2022.15215671154,NA
996,997,0.0830786269102802,-87.2306763895573,36.9114365018782,-82.7087369768527,44.9709671720051,0.300692007162381,0.217613380252101,2022.06914487402,2022.15222350093,NA
943,944,0.0838663173015398,-95.7438718532235,42.3453102355381,-94.3590655113128,36.578995716461,0.300919557072361,0.217053239770822,2022.06858473354,2022.15245105084,NA
778,779,0.00525890021098818,-75.7699132890898,39.1033045305808,-79.0927410029355,40.4658618143156,0.301092857158589,0.2958339569476,2022.14736545072,2022.15262435093,NA
1111,1112,0.0156699032729902,-86.6999402378379,41.1245168293528,-87.6864843130046,40.1581476324785,0.302056822083723,0.286386918810733,2022.13791841258,2022.15358831585,NA
1112,1113,0.000631310986479283,-87.6864843130046,40.1581476324785,-87.2526979074901,40.0458047307648,0.302688133070202,0.302056822083723,2022.15358831585,2022.15421962684,NA
924,926,0.152267415424514,-90.4069586269594,41.3763182662789,-89.6826827703039,44.0069415172362,0.303109201504631,0.150841786080117,2022.00237327985,2022.15464069528,NA
1113,1114,0.000969671754323054,-87.2526979074901,40.0458047307648,-87.1184343480603,39.9626604366717,0.303657804824525,0.302688133070202,2022.15421962684,2022.1551892986,NA
944,946,0.00303584825072423,-94.3590655113128,36.578995716461,-91.8307339493203,36.6790631028569,0.303955405323086,0.300919557072361,2022.15245105084,2022.15548689909,NA
705,743,0.0108846151192548,-78.754913625679,42.2432861007674,-81.5759611071622,45.2420266611024,0.30406953947229,0.293184924353035,2022.14471641812,2022.15560103324,NA
946,947,0.000233971657917942,-91.8307339493203,36.6790631028569,-92.0277753108571,36.7120166546976,0.304189376981004,0.303955405323086,2022.15548689909,2022.15572087075,NA
952,953,0.096662408335342,-96.1100657663847,41.8119727663422,-96.1931589031142,42.5611604444265,0.304406962175084,0.207744553839742,2022.05927604761,2022.15593845595,NA
770,771,0.0235740109189148,-75.7187038877374,38.6077344209021,-76.544450385736,38.6498154597368,0.305807815494933,0.282233804576018,2022.13376529835,2022.15733930927,NA
690,692,0.0369762130600516,-70.5922904910615,42.2509838150728,-72.1593933125453,42.5025563859867,0.305846230264661,0.26887001720461,2022.12040151098,2022.15737772404,NA
1137,1138,0.0320914571476549,-88.9015197801903,44.4834314317021,-88.5892430068765,43.614822813154,0.306703986154482,0.274612529006827,2022.12614402278,2022.15823547993,NA
1009,84,0.0979788514743191,-100.892668991324,39.0630290869497,-99.1079223230781,37.7106870951672,0.307372615818217,0.209393764343898,2022.06092525811,2022.15890410959,A/Snow_Goose/Kansas/22-006804-007/2022|H5N1|USA-KS|2022-02-28|avian|A1
966,276,0.0875053081595061,-91.7912180566002,38.5011206886883,-92.8738056089702,39.3096752425934,0.307372615818217,0.219867307658711,2022.07139880143,2022.15890410959,A/American_White_Pelican/Missouri/22-006970-001/2022|H5N1|USA-MO|2022-02-28|avian|A1
687,14,0.0714419856636418,-70.0491036261094,43.2598925842993,-73.4679584690945,41.5503759999157,0.307372615818217,0.235930630154575,2022.08746212393,2022.15890410959,A/chicken/Connecticut/22-006118-001/2022|H5N1|USA-CT|2022-02-28|avian|A1
1031,233,0.0415722718129078,-95.2988445427657,41.5359127212712,-91.215269184163,38.6622804685742,0.307372615818217,0.265800344005309,2022.11733183778,2022.15890410959,A/Hooded_Merganser/Missouri/22-007184-001/2022|H5N1|USA-MO|2022-02-28|avian|A1
1022,97,0.041127722457477,-97.8866019885185,41.060538268143,-100.025478190724,39.6123005656531,0.307372615818217,0.26624489336074,2022.11777638713,2022.15890410959,A/Snow_Goose/Kansas/22-006804-003/2022|H5N1|USA-KS|2022-02-28|avian|A1
973,281,0.0330857886908033,-92.0561916140836,41.019092593326,-91.646685768522,40.5486526159042,0.307372615818217,0.274286827127414,2022.1258183209,2022.15890410959,A/silkie_chicken/Iowa/22-006114-001/2022|H5N1|USA-IA|2022-02-28|avian|A1
1112,137,0.00531579373449431,-87.6864843130046,40.1581476324785,-85.9046970932481,41.1820366286282,0.307372615818217,0.302056822083723,2022.15358831585,2022.15890410959,A/turkey/Indiana/22-006259-002/2022|H5N1|USA-IN|2022-02-28|avian|A1
1114,135,0.00371481099369197,-87.1184343480603,39.9626604366717,-86.7834922987686,39.4669347388146,0.307372615818217,0.303657804824525,2022.1551892986,2022.15890410959,A/turkey/Indiana/22-006259-001/2022|H5N1|USA-IN|2022-02-28|avian|A1
692,3,0.00152638555355578,-72.1593933125453,42.5025563859867,-71.8563549248537,42.3042510775851,0.307372615818217,0.305846230264661,2022.15737772404,2022.15890410959,A/great_horned_owl/Massachusetts/22-006976-009/2022|H5N1|USA-MA|2022-02-28|avian|A1
774,775,0.0101168664716599,-76.0080321538128,39.2778797646149,-78.5100144151387,39.162696997109,0.308177121542019,0.29806025507036,2022.14959174884,2022.15970861531,NA
1160,1163,0.112094904736847,-100.661800393292,39.973320684621,-100.111968178482,38.9183497082788,0.308219686632161,0.196124781895314,2022.04765627567,2022.1597511804,NA
896,897,0.0268544297554166,-83.8586271717743,30.09542837164,-80.5374461284269,27.3125581998499,0.308509039126534,0.281654609371117,2022.13318610314,2022.1600405329,NA
1091,1092,0.0821489066651984,-86.9921777185413,37.018665989251,-91.7463427720478,39.3934013271715,0.308778785813572,0.226629879148373,2022.07816137292,2022.16031027958,NA
953,954,0.00509791415174454,-96.1931589031142,42.5611604444265,-95.7513783609683,42.2892238785047,0.309504876326828,0.304406962175084,2022.15593845595,2022.1610363701,NA
867,351,0.11281508269781,-92.3734550307579,39.9941414886931,-96.7765460731066,43.491228140426,0.310112341845574,0.197297259147764,2022.04882875292,2022.16164383562,A/Bald_Eagle/South_Dakota/22-009685-001/2022|H5N1|USA-SD|2022-03-01|avian|A1
968,287,0.073728704023216,-91.7073299118071,38.2196592864473,-89.5731472099075,37.2884507118063,0.310112341845574,0.236383637822358,2022.08791513159,2022.16164383562,A/Pelican/Missouri/22-012338-019/2022|H5N1|USA-MO|2022-03-01|avian|A1
591,526,0.0333287590681921,-80.7189252819925,40.0086927645262,-74.7005416017971,44.6131784000863,0.310112341845574,0.276783582777382,2022.12831507655,2022.16164383562,A/Snow_Goose/New_York/22-008835-004/2022|H5N1|USA-NY|2022-03-01|avian|A1
1113,138,0.00742420877537242,-87.2526979074901,40.0458047307648,-87.3347304116878,40.0566725141917,0.310112341845574,0.302688133070202,2022.15421962684,2022.16164383562,A/turkey/Indiana/22-006261-002/2022|H5N1|USA-IN|2022-03-01|avian|A1
1114,136,0.00645453702104937,-87.1184343480603,39.9626604366717,-85.4968197945786,38.8380809875691,0.310112341845574,0.303657804824525,2022.1551892986,2022.16164383562,A/turkey/Indiana/22-006261-001/2022|H5N1|USA-IN|2022-03-01|avian|A1
897,330,0.00160330271904052,-80.5374461284269,27.3125581998499,-80.7027810582468,27.2454175845066,0.310112341845574,0.308509039126534,2022.1600405329,2022.16164383562,A/Gull/Florida/22-007915-006/2022|H5N1|USA-FL|2022-03-01|avian|A1
897,331,0.00160330271904052,-80.5374461284269,27.3125581998499,-80.9834815046497,25.7435855498331,0.310112341845574,0.308509039126534,2022.1600405329,2022.16164383562,A/gull/Florida/W22-162/2022|H5N1|USA-FL|2022-03-01|avian|A1
944,945,0.010084044262311,-94.3590655113128,36.578995716461,-93.4213259304244,38.1065378720113,0.311003601334672,0.300919557072361,2022.15245105084,2022.16253509511,NA
673,674,0.0819909690031028,-67.539058297545,43.18302175671,-69.2334810223708,44.5874022086336,0.311162076469362,0.229171107466259,2022.08070260124,2022.16269357024,NA
896,898,0.0300107883562194,-83.8586271717743,30.09542837164,-85.1703244167662,31.7271568434196,0.311665397727337,0.281654609371117,2022.13318610314,2022.1631968915,NA
685,686,0.0617468401901374,-67.3410598735782,46.1915386549044,-69.8165679259425,44.8358152873835,0.311712498212711,0.249965658022574,2022.10149715179,2022.16324399198,NA
973,280,0.0385652407457454,-92.0561916140836,41.019092593326,-92.0571612425823,38.9763587131177,0.312852067873159,0.274286827127414,2022.1258183209,2022.16438356164,A/Merganser/Missouri/22-007765-001/2022|H5N1|USA-MO|2022-03-02|avian|A1
946,273,0.0088966625500736,-91.8307339493203,36.6790631028569,-92.611127282,37.2690719622466,0.312852067873159,0.303955405323086,2022.15548689909,2022.16438356164,A/chicken/Missouri/22-006569-001/2022|H5N1|USA-MO|2022-03-02|avian|A1
947,271,0.00866269089215566,-92.0277753108571,36.7120166546976,-92.8600065315759,36.672846047191,0.312852067873159,0.304189376981004,2022.15572087075,2022.16438356164,A/chicken/Missouri/22-006569-007/2022|H5N1|USA-MO|2022-03-02|avian|A1
947,272,0.00866269089215566,-92.0277753108571,36.7120166546976,-92.5382238065336,37.3634702552801,0.312852067873159,0.304189376981004,2022.15572087075,2022.16438356164,A/chicken/Missouri/22-006569-002/2022|H5N1|USA-MO|2022-03-02|avian|A1
945,274,0.0018484665384868,-93.4213259304244,38.1065378720113,-93.2131768640906,38.1297987464567,0.312852067873159,0.311003601334672,2022.16253509511,2022.16438356164,A/chicken/Missouri/22-006569-004/2022|H5N1|USA-MO|2022-03-02|avian|A1
945,275,0.0018484665384868,-93.4213259304244,38.1065378720113,-93.3055997133873,38.0821689350585,0.312852067873159,0.311003601334672,2022.16253509511,2022.16438356164,A/chicken/Missouri/22-006569-005/2022|H5N1|USA-MO|2022-03-02|avian|A1
954,956,0.00366179437951963,-95.7513783609683,42.2892238785047,-94.3753744999078,42.0303639539848,0.313166670706348,0.309504876326828,2022.1610363701,2022.16469816448,NA
1004,1005,0.0222802028608163,-99.9496165365287,38.0903880236745,-99.4736835269527,38.9150079413257,0.314887501868263,0.292607299007447,2022.14413879278,2022.16641899564,NA
985,322,0.0417336824703778,-94.5236427905564,39.9376765657245,-91.5405978773382,37.3583015965688,0.315591793900517,0.273858111430139,2022.1253896052,2022.16712328767,A/chicken/Missouri/22-006639-001/2022|H5N1|USA-MO|2022-03-03|avian|A1
614,507,0.0345479868582538,-82.6468962932042,29.2939445455081,-82.3883590242848,29.7814563941586,0.315591793900517,0.281043807042263,2022.13257530081,2022.16712328767,A/Black_Vulture/Florida/22-006981-001/2022|H5N1|USA-FL|2022-03-03|avian|A1
780,397,0.0183991031225318,-75.3140224514321,39.427920731771,-77.0957867677328,38.9924544194909,0.315591793900517,0.297192690777985,2022.14872418455,2022.16712328767,A/chicken/Maryland/22-006578-014/2022|H5N1|USA-MD|2022-03-03|avian|A1
774,408,0.0175315388301571,-76.0080321538128,39.2778797646149,-75.9725267291133,39.2765413665491,0.315591793900517,0.29806025507036,2022.14959174884,2022.16712328767,A/chicken/Maryland/22-006578-001/2022|H5N1|USA-MD|2022-03-03|avian|A1
779,391,0.014498936741928,-79.0927410029355,40.4658618143156,-77.2471432239628,39.4053721771516,0.315591793900517,0.301092857158589,2022.15262435093,2022.16712328767,A/chicken/Maryland/22-006578-013/2022|H5N1|USA-MD|2022-03-03|avian|A1
771,390,0.00978397840558354,-76.544450385736,38.6498154597368,-76.6985179871115,38.7330792817297,0.315591793900517,0.305807815494933,2022.15733930927,2022.16712328767,A/chicken/Maryland/22-006578-002/2022|H5N1|USA-MD|2022-03-03|avian|A1
692,2,0.00974556363585532,-72.1593933125453,42.5025563859867,-72.3240003812622,42.5318926081537,0.315591793900517,0.305846230264661,2022.15737772404,2022.16712328767,A/great_horned_owl/MA/22MM00199/2022|H5N1|USA-MA|2022-03-03|avian|A1
775,411,0.00741467235849724,-78.5100144151387,39.162696997109,-79.3464134898408,39.4486833432518,0.315591793900517,0.308177121542019,2022.15970861531,2022.16712328767,A/chicken/Maryland/22-006578-005/2022|H5N1|USA-MD|2022-03-03|avian|A1
781,782,0.0149690080088375,-75.3252103342439,39.4468703001102,-75.7002128512048,39.356513211639,0.315594225777563,0.300625217768725,2022.15215671154,2022.16712571955,NA
958,959,0.0216100819693552,-97.4440613253665,41.7394588273476,-97.0231015624723,41.5781480299639,0.315770090245428,0.294160008276073,2022.14569150205,2022.16730158402,NA
1005,1006,0.0014477307070907,-99.4736835269527,38.9150079413257,-99.6867985777859,39.0620560824598,0.316335232575354,0.314887501868263,2022.16641899564,2022.16786672635,NA
964,977,0.114879685399249,-92.2441962168833,40.1230853339815,-100.561183057373,45.0122294887207,0.316368553389823,0.201488867990574,2022.05302036176,2022.16790004716,NA
775,776,0.00876621689786139,-78.5100144151387,39.162696997109,-76.7215335578036,39.2230595500474,0.316943338439881,0.308177121542019,2022.15970861531,2022.16847483221,NA
870,871,0.0549830763096966,-96.3547457267706,40.2318457971696,-95.8275318296163,41.3739602123288,0.318091037884119,0.263107961574423,2022.11463945535,2022.16962253165,NA
1153,159,0.038107866814698,-83.6887943651678,39.0033244343573,-84.3856819158812,39.2005114330517,0.318331519927874,0.280223653113176,2022.13175514688,2022.1698630137,A/American_Black_Duck/Ohio/22-009205-010/2022|H5N1|USA-OH|2022-03-04|avian|A1
614,508,0.0372877128856112,-82.6468962932042,29.2939445455081,-80.8510420857821,27.9183571880016,0.318331519927874,0.281043807042263,2022.13257530081,2022.1698630137,A/Brown_Pelican/Florida/22-007313-001/2022|H5N1|USA-FL|2022-03-04|avian|A1
1008,104,0.0341927160408321,-100.70394866425,39.0140386331282,-100.643742382167,39.1739970692657,0.318331519927874,0.284138803887042,2022.13567029766,2022.1698630137,A/Snow_Goose/Kansas/22-007919-003/2022|H5N1|USA-KS|2022-03-04|avian|A1
616,510,0.0227840757137793,-79.5417762898569,34.929391607291,-81.5056463150286,34.7612686567649,0.318331519927874,0.295547444214095,2022.14707893798,2022.1698630137,A/Bald_Eagle/South_Carolina/22-007918-001/2022|H5N1|USA-SC|2022-03-04|avian|A1
616,511,0.0227840757137793,-79.5417762898569,34.929391607291,-79.306230193724,33.6683133979458,0.318331519927874,0.295547444214095,2022.14707893798,2022.1698630137,A/Bald_Eagle/South_Carolina/22-007918-002/2022|H5N1|USA-SC|2022-03-04|avian|A1
782,407,0.00273729415031121,-75.7002128512048,39.356513211639,-76.6247378599918,39.1642600726649,0.318331519927874,0.315594225777563,2022.16712571955,2022.1698630137,A/chicken/Maryland/22-006948-001/2022|H5N1|USA-MD|2022-03-04|avian|A1
977,283,0.00196296653805061,-100.561183057373,45.0122294887207,-100.826853560624,45.4362216798871,0.318331519927874,0.316368553389823,2022.16790004716,2022.1698630137,A/turkey/South_Dakota/22-006792-002/2022|H5N1|USA-SD|2022-03-04|avian|A1
977,284,0.00196296653805061,-100.561183057373,45.0122294887207,-99.9075800748934,44.5196338622758,0.318331519927874,0.316368553389823,2022.16790004716,2022.1698630137,A/turkey/South_Dakota/22-006792-001/2022|H5N1|USA-SD|2022-03-04|avian|A1
1148,1149,0.0893335593662464,-86.1055592297017,37.9287827836354,-83.547589021085,40.384881302719,0.320029743293687,0.23069618392744,2022.0822276777,2022.17156123706,NA
871,875,0.00257674443957234,-95.8275318296163,41.3739602123288,-95.7302274966037,41.4303411939731,0.320667782323692,0.318091037884119,2022.16962253165,2022.17219927609,NA
785,786,0.0313711320141484,-76.2160480296641,38.8308574939247,-74.9358996444917,39.2335325907863,0.320706897572739,0.28933576555859,2022.14086725933,2022.17223839134,NA
1120,1123,0.0209301375001237,-89.2261910896444,37.185205513758,-93.4086313496616,43.2256354799051,0.321408835658861,0.300478698158737,2022.15201019193,2022.17294032943,NA
1034,1035,0.0245199842650105,-81.565858923008,47.3227851427033,-81.8410512797197,46.5627241345446,0.32171863134413,0.29719864707912,2022.14873014085,2022.17325012511,NA
1006,1007,0.00591506765936911,-99.6867985777859,39.0620560824598,-98.9753572917178,39.4554845635099,0.322250300234723,0.316335232575354,2022.16786672635,2022.17378179401,NA
1138,1139,0.0163580680594622,-88.5892430068765,43.614822813154,-89.2062752650538,45.0686767887946,0.323062054213944,0.306703986154482,2022.15823547993,2022.17459354798,NA
954,955,0.0141309464735212,-95.7513783609683,42.2892238785047,-95.4404622544054,42.3766682507178,0.323635822800349,0.309504876326828,2022.1610363701,2022.17516731657,NA
974,279,0.0738507249208108,-90.5398174426592,39.1640902383116,-88.828061728979,40.1329866974618,0.323810971982589,0.249960247061778,2022.10149174083,2022.17534246575,A/Rosss_Goose/Illinois/22-007691-001/2022|H5N1|USA-IL|2022-03-06|avian|A1
1006,109,0.00747573940723478,-99.6867985777859,39.0620560824598,-99.5351147516926,39.082975753478,0.323810971982589,0.316335232575354,2022.16786672635,2022.17534246575,A/snow_goose/Kansas/W22-174B/2022|H5N1|USA-KS|2022-03-06|avian|A1
1123,251,0.00240213632372777,-93.4086313496616,43.2256354799051,-93.4152268013618,43.211751328168,0.323810971982589,0.321408835658861,2022.17294032943,2022.17534246575,A/turkey/Iowa/22-006795-002/2022|H5N1|USA-IA|2022-03-06|avian|A1
1123,252,0.00240213632372777,-93.4086313496616,43.2256354799051,-92.6539588196865,42.5918435242569,0.323810971982589,0.321408835658861,2022.17294032943,2022.17534246575,A/turkey/Iowa/22-006795-001/2022|H5N1|USA-IA|2022-03-06|avian|A1
1007,110,0.00156067174786567,-98.9753572917178,39.4554845635099,-99.5033612536788,39.3113362555821,0.323810971982589,0.322250300234723,2022.17378179401,2022.17534246575,A/Snow_Goose/Kansas/22-007919-002/2022|H5N1|USA-KS|2022-03-06|avian|A1
898,899,0.0137868389810081,-85.1703244167662,31.7271568434196,-84.7764946706776,31.8951838253405,0.325452236708345,0.311665397727337,2022.1631968915,2022.17698373048,NA
1160,1161,0.130013350460737,-100.661800393292,39.973320684621,-97.4635645769774,42.263464024594,0.326138132356051,0.196124781895314,2022.04765627567,2022.17766962613,NA
817,818,0.0380234740642534,-77.6647368674797,40.5079533629245,-77.6917703297576,40.5160206699643,0.326548553405385,0.288525079341132,2022.14005657311,2022.17808004718,NA
1091,205,0.0999208188615729,-86.9921777185413,37.018665989251,-101.758906071279,41.0329175944398,0.326550698009946,0.226629879148373,2022.07816137292,2022.17808219178,A/Canada_Goose/Nebraska/22-007179-001/2022|H5N1|USA-NE|2022-03-07|avian|A1
984,318,0.0567902893779859,-94.4610583887252,39.9412318712902,-94.1939126866935,39.893464846883,0.326550698009946,0.26976040863196,2022.1212919024,2022.17808219178,A/turkey/Missouri/22-006944-002/2022|H5N1|USA-MO|2022-03-07|avian|A1
783,402,0.0479742572408884,-75.5422041047351,38.5334249546568,-75.4411389952909,39.1181520531144,0.326550698009946,0.278576440769058,2022.13010793454,2022.17808219178,A/chicken/Delaware/22-006945-001/2022|H5N1|USA-DE|2022-03-07|avian|A1
777,404,0.0392660263970261,-75.5847887992225,39.3166406282608,-75.6535393774838,39.3452890995264,0.326550698009946,0.28728467161292,2022.13881616538,2022.17808219178,A/chicken/Delaware/22-006945-003/2022|H5N1|USA-DE|2022-03-07|avian|A1
958,303,0.0323906897338736,-97.4440613253665,41.7394588273476,-97.4238434371264,41.7968954413988,0.326550698009946,0.294160008276073,2022.14569150205,2022.17808219178,A/Canada_Goose/Nebraska/22-007169-001/2022|H5N1|USA-NE|2022-03-07|avian|A1
781,396,0.0259254802412209,-75.3252103342439,39.4468703001102,-75.4751347572153,39.7818993326018,0.326550698009946,0.300625217768725,2022.15215671154,2022.17808219178,A/chicken/Delaware/22-006945-004/2022|H5N1|USA-DE|2022-03-07|avian|A1
771,403,0.0207428825150131,-76.544450385736,38.6498154597368,-75.6479581655292,38.7612698091224,0.326550698009946,0.305807815494933,2022.15733930927,2022.17808219178,A/chicken/Delaware/22-006945-002/2022|H5N1|USA-DE|2022-03-07|avian|A1
1005,111,0.0116631961416829,-99.4736835269527,38.9150079413257,-87.3766306275781,30.7802472465988,0.326550698009946,0.314887501868263,2022.16641899564,2022.17808219178,A/ring-billed_gull/Florida/W22-169/2022|H5N1|USA-FL|2022-03-07|avian|A1
782,406,0.0109564722323834,-75.7002128512048,39.356513211639,-76.9231294613661,38.7202127343161,0.326550698009946,0.315594225777563,2022.16712571955,2022.17808219178,A/chicken/Maryland/22-007086-001/2022|H5N1|USA-MD|2022-03-07|avian|A1
1007,112,0.00430039777522306,-98.9753572917178,39.4554845635099,-84.9641936900794,30.5755625103379,0.326550698009946,0.322250300234723,2022.17378179401,2022.17808219178,A/Ring-billed_Gull/Florida/22-007915-012/2022|H5N1|USA-FL|2022-03-07|avian|A1
1161,1162,0.00266819586019129,-97.4635645769774,42.263464024594,-96.9632265667642,42.632857143262,0.328806328216242,0.326138132356051,2022.17766962613,2022.18033782199,NA
963,289,0.129855997327442,-92.4064496362054,39.7997219124744,-102.550696217152,35.9822315665303,0.329290424037531,0.199434426710089,2022.05096592048,2022.18082191781,A/peregrine_falcon/Texas/22-017713-001/2022|H5N1|USA-TX|2022-03-08|avian|A1
1147,204,0.122282519441311,-90.1018662747427,37.303842482181,-91.0892453929056,37.7769124132676,0.329290424037531,0.20700790459622,2022.05853939837,2022.18082191781,A/pelican/Missouri/22-012338-011/2022|H5N1|USA-MO|2022-03-08|avian|A1
972,282,0.0777152868282169,-93.2794463890332,41.1068199448557,-92.8480594745441,41.1171823892832,0.329290424037531,0.251575137209314,2022.10310663098,2022.18082191781,A/Snow_Goose/Iowa/22-007764-001/2022|H5N1|USA-IA|2022-03-08|avian|A1
768,405,0.0415457323326941,-76.6046857871159,39.1825077728612,-76.0570822477257,39.1433327594025,0.329290424037531,0.287744691704837,2022.13927618548,2022.18082191781,A/chicken/Maryland/22-007273-004/2022|H5N1|USA-MD|2022-03-08|avian|A1
785,398,0.0399546584789405,-76.2160480296641,38.8308574939247,-75.9792281046459,38.8209400024911,0.329290424037531,0.28933576555859,2022.14086725933,2022.18082191781,A/chicken/Maryland/22-007273-003/2022|H5N1|USA-MD|2022-03-08|avian|A1
779,400,0.0281975668789424,-79.0927410029355,40.4658618143156,-76.0499167006014,38.9257548271317,0.329290424037531,0.301092857158589,2022.15262435093,2022.18082191781,A/chicken/Maryland/22-007273-005/2022|H5N1|USA-MD|2022-03-08|avian|A1
1092,206,0.0205116382239593,-91.7463427720478,39.3934013271715,-93.0791935498341,37.3831230043056,0.329290424037531,0.308778785813572,2022.16031027958,2022.18082191781,A/turkey/Missouri/22-007087-001/2022|H5N1|USA-MO|2022-03-08|avian|A1
1092,207,0.0205116382239593,-91.7463427720478,39.3934013271715,-93.4723611726117,40.1155569565543,0.329290424037531,0.308778785813572,2022.16031027958,2022.18082191781,A/turkey/Missouri/22-007087-002/2022|H5N1|USA-MO|2022-03-08|avian|A1
776,410,0.0123470855976502,-76.7215335578036,39.2230595500474,-76.0780320376746,39.2006355137612,0.329290424037531,0.316943338439881,2022.16847483221,2022.18082191781,A/chicken/Maryland/22-007273-001/2022|H5N1|USA-MD|2022-03-08|avian|A1
776,409,0.0123470855976502,-76.7215335578036,39.2230595500474,-76.9708574370942,39.1209475336878,0.329290424037531,0.316943338439881,2022.16847483221,2022.18082191781,A/chicken/Maryland/22-007273-002/2022|H5N1|USA-MD|2022-03-08|avian|A1
1149,160,0.00926068074384434,-83.547589021085,40.384881302719,-83.4249348166573,40.3961509995672,0.329290424037531,0.320029743293687,2022.17156123706,2022.18082191781,A/Mallard/Ohio/22-009207-003/2022|H5N1|USA-OH|2022-03-08|avian|A1
1149,161,0.00926068074384434,-83.547589021085,40.384881302719,-83.5557054594644,40.4510538291659,0.329290424037531,0.320029743293687,2022.17156123706,2022.18082191781,A/Mallard/Ohio/22-009207-002/2022|H5N1|USA-OH|2022-03-08|avian|A1
1024,1025,0.0793092011382439,-101.288392051768,40.4033640631888,-100.905935797199,38.7880006536871,0.329321904313647,0.250012703175404,2022.10154419695,2022.18085339808,NA
956,957,0.0164040609121394,-94.3753744999078,42.0303639539848,-93.8551907162804,41.9414130555085,0.329570731618487,0.313166670706348,2022.16469816448,2022.18110222539,NA
628,630,0.18609040271683,-72.282549171895,43.5829709078415,-65.0986933262229,43.6581674677292,0.331248350092675,0.145157947375844,2021.99668944115,2022.18277984386,NA
869,888,0.0908837878708569,-93.4742889428429,36.4773011368186,-100.629789141133,43.286440861773,0.331580274438299,0.240696486567442,2022.09222798034,2022.18311176821,NA
1090,213,0.13980365663072,-88.5367680194309,37.5210762397316,-88.4508149086396,37.44947528931,0.332030150064888,0.192226493434168,2022.0437579872,2022.18356164384,A/guinea_fowl/Illinois/22-007382-001/2022|H5N1|USA-IL|2022-03-09|avian|A1
802,488,0.123820004065391,-67.217727618721,45.0040104494722,-62.5045685338938,45.3279176112366,0.332030150064888,0.208210145999497,2022.05974163977,2022.18356164384,A/Canada_Goose/NS/FAV-0248-1/2022|H5N1|Canada-NS|2022-03-09|avian|A1
976,292,0.0937445966787155,-91.2572343907601,38.9745624661262,-97.1262005068896,43.5632785427656,0.332030150064888,0.238285553386173,2022.08981704716,2022.18356164384,A/Snow_Goose/South_Dakota/22-007946-002/2022|H5N1|USA-SD|2022-03-09|avian|A1
1152,165,0.0890343228779484,-83.3928529571387,38.6128492148913,-81.4054603665291,39.5803439376096,0.332030150064888,0.24299582718694,2022.09452732096,2022.18356164384,A/Mallard/Ohio/22-009209-011/2022|H5N1|USA-OH|2022-03-09|avian|A1
1033,144,0.0888438344535931,-83.9203515351849,41.8881693542526,-84.5844290461475,40.1081084843085,0.332030150064888,0.243186315611295,2022.09471780938,2022.18356164384,A/Mallard/Ohio/22-009209-012/2022|H5N1|USA-OH|2022-03-09|avian|A1
1127,243,0.0803540152525243,-84.2219748107179,44.5212009112441,-84.1850529950107,44.6493568824094,0.332030150064888,0.251676134812364,2022.10320762858,2022.18356164384,A/Black_Swift/Michigan/22-007412-003/2022|H5N1|USA-MI|2022-03-09|avian|A1
1128,244,0.0775139410464537,-85.639815156319,43.5306539182909,-84.2359154526131,44.6810818240489,0.332030150064888,0.254516209018435,2022.10604770279,2022.18356164384,A/Black_Swift/Michigan/22-007412-002/2022|H5N1|USA-MI|2022-03-09|avian|A1
935,268,0.0694177489881582,-99.4146035503255,44.0946391617434,-103.893388556957,43.4743013674692,0.332030150064888,0.26261240107673,2022.11414389485,2022.18356164384,A/Bald_Eagle/South_Dakota/22-009405-001/2022|H5N1|USA-SD|2022-03-09|avian|A1
983,319,0.0636113535479595,-94.5101423339618,39.9818895786926,-93.6604068614874,41.0004264306729,0.332030150064888,0.268418796516929,2022.11995029029,2022.18356164384,A/Mallard/Iowa/22-007265-001/2022|H5N1|USA-IA|2022-03-09|avian|A1
1153,158,0.0518064969517124,-83.6887943651678,39.0033244343573,-82.5821903255066,38.8469830123748,0.332030150064888,0.280223653113176,2022.13175514688,2022.18356164384,A/American_Black_Duck/Ohio/22-009209-007/2022|H5N1|USA-OH|2022-03-09|avian|A1
1163,81,0.0238104634327271,-100.111968178482,38.9183497082788,-99.9981977795679,38.6598137327466,0.332030150064888,0.308219686632161,2022.1597511804,2022.18356164384,A/poultry/Kansas/22-007391-001/2022|H5N1|USA-KS|2022-03-09|avian|A1
1163,82,0.0238104634327271,-100.111968178482,38.9183497082788,-99.7964807405821,37.7299648002381,0.332030150064888,0.308219686632161,2022.1597511804,2022.18356164384,A/poultry/Kansas/22-007391-002/2022|H5N1|USA-KS|2022-03-09|avian|A1
1120,1121,0.0316058878825847,-89.2261910896444,37.185205513758,-95.3406259937328,41.2202304360665,0.332084586041322,0.300478698158737,2022.15201019193,2022.18361607981,NA
786,788,0.0123305731774637,-74.9358996444917,39.2335325907863,-75.3027518497213,39.4986783952701,0.333037470750203,0.320706897572739,2022.17223839134,2022.18456896452,NA
1144,1145,0.0986215028195525,-88.3679693668145,37.7284571286766,-89.6770424302136,39.0060737251131,0.3335204480984,0.234898945278847,2022.08643043905,2022.18505194187,NA
899,900,0.00892445951377208,-84.7764946706776,31.8951838253405,-84.2513939055758,30.6228068091222,0.334376696222117,0.325452236708345,2022.17698373048,2022.18590818999,NA
953,297,0.0303629139171622,-96.1931589031142,42.5611604444265,-96.2872479007332,42.5768451371198,0.334769876092246,0.304406962175084,2022.15593845595,2022.18630136986,A/chicken/Iowa/22-007376-007/2022|H5N1|USA-IA|2022-03-10|avian|A1
686,36,0.0230573778795343,-69.8165679259425,44.8358152873835,-70.1749715644279,46.1781219097948,0.334769876092246,0.311712498212711,2022.16324399198,2022.18630136986,A/turkey/Maine/22-007410-001/2022|H5N1|USA-ME|2022-03-10|avian|A1
686,37,0.0230573778795343,-69.8165679259425,44.8358152873835,-70.0257711514662,45.0348535442863,0.334769876092246,0.311712498212711,2022.16324399198,2022.18630136986,A/chicken/Maine/22-007410-002/2022|H5N1|USA-ME|2022-03-10|avian|A1
956,302,0.021603205385898,-94.3753744999078,42.0303639539848,-93.4724242040973,42.0784780718227,0.334769876092246,0.313166670706348,2022.16469816448,2022.18630136986,A/chicken/Iowa/22-007376-005/2022|H5N1|USA-IA|2022-03-10|avian|A1
955,298,0.0111340532918964,-95.4404622544054,42.3766682507178,-93.9929642801737,41.0384356831569,0.334769876092246,0.323635822800349,2022.17516731657,2022.18630136986,A/chicken/Iowa/22-007376-002/2022|H5N1|USA-IA|2022-03-10|avian|A1
955,299,0.0111340532918964,-95.4404622544054,42.3766682507178,-94.5534409825141,41.9487618617726,0.334769876092246,0.323635822800349,2022.17516731657,2022.18630136986,A/chicken/Iowa/22-007376-001/2022|H5N1|USA-IA|2022-03-10|avian|A1
957,300,0.00519914447375858,-93.8551907162804,41.9414130555085,-95.668312958439,41.7900371816242,0.334769876092246,0.329570731618487,2022.18110222539,2022.18630136986,A/chicken/Iowa/22-007376-012/2022|H5N1|USA-IA|2022-03-10|avian|A1
957,301,0.00519914447375858,-93.8551907162804,41.9414130555085,-92.7192359101262,42.7220185163242,0.334769876092246,0.329570731618487,2022.18110222539,2022.18630136986,A/chicken/Iowa/22-007376-003/2022|H5N1|USA-IA|2022-03-10|avian|A1
1121,1122,0.00345033569798625,-95.3406259937328,41.2202304360665,-95.3056868810363,41.3020461953804,0.335534921739308,0.332084586041322,2022.18361607981,2022.18706641551,NA
934,937,0.101025786281379,-96.3499820995675,42.7690875573249,-93.7326004801662,37.7141424661203,0.336366418982594,0.235340632701216,2022.08687212647,2022.18789791275,NA
1131,1132,0.0576132264166057,-94.7403461998864,37.9996246543745,-94.7661007845319,37.9785118051591,0.336487676248322,0.278874449831716,2022.1304059436,2022.18801917002,NA
1014,1015,0.0866889432435155,-100.734944920085,40.553041707194,-102.694375296733,43.6940444643869,0.3373995484433,0.250710605199785,2022.10224209897,2022.18893104221,NA
676,23,0.0806022908011693,-68.0456127273365,45.4057531297019,-68.2148490478024,45.3356783842634,0.337509602119603,0.256907311318434,2022.10843880509,2022.18904109589,A/chicken/Maine/22-007582-001/2022|H5N1|USA-ME|2022-03-11|avian|A1
1015,98,0.00011005367630279,-102.694375296733,43.6940444643869,-99.9922808530815,44.8764595418379,0.337509602119603,0.3373995484433,2022.18893104221,2022.18904109589,A/turkey/South_Dakota/22-007534-002/2022|H5N1|USA-SD|2022-03-11|avian|A1
1015,99,0.00011005367630279,-102.694375296733,43.6940444643869,-102.803581807621,43.620427531079,0.337509602119603,0.3373995484433,2022.18893104221,2022.18904109589,A/turkey/South_Dakota/22-007534-001/2022|H5N1|USA-SD|2022-03-11|avian|A1
743,757,0.0336174818458237,-81.5759611071622,45.2420266611024,-82.4178360534705,45.3387708682646,0.337687021318113,0.30406953947229,2022.15560103324,2022.18921851509,NA
899,901,0.0127269481787534,-84.7764946706776,31.8951838253405,-86.4778992266532,30.9267663025343,0.338179184887098,0.325452236708345,2022.17698373048,2022.18971067866,NA
870,887,0.0767939495099315,-96.3547457267706,40.2318457971696,-97.5902183834635,38.9437345377913,0.339901911084354,0.263107961574423,2022.11463945535,2022.19143340486,NA
630,631,0.00884119506486525,-65.0986933262229,43.6581674677292,-64.3547121728924,44.8721924562047,0.34008954515754,0.331248350092675,2022.18277984386,2022.19162103893,NA
1008,105,0.0561105242599186,-100.70394866425,39.0140386331282,-100.420743138317,38.0547020450201,0.34024932814696,0.284138803887042,2022.13567029766,2022.19178082192,A/Snow_Goose/Kansas/22-008980-003/2022|H5N1|USA-KS|2022-03-12|avian|A1
630,11,0.00900097805428579,-65.0986933262229,43.6581674677292,-64.4689148607329,45.1748649147437,0.34024932814696,0.331248350092675,2022.18277984386,2022.19178082192,A/Mixed/NS/FAV-0127-141B/2022|H5N1|Canada-NS|2022-03-12|avian|A1
631,10,0.000159782989420543,-64.3547121728924,44.8721924562047,-64.560449315974,45.1389865395088,0.34024932814696,0.34008954515754,2022.19162103893,2022.19178082192,A/Mixed/NS/FAV-0127-154/2022|H5N1|Canada-NS|2022-03-12|avian|A1
631,12,0.000159782989420543,-64.3547121728924,44.8721924562047,-64.1976977289279,44.7361008768989,0.34024932814696,0.34008954515754,2022.19162103893,2022.19178082192,A/Mixed/NS/FAV-0127-153/2022|H5N1|Canada-NS|2022-03-12|avian|A1
1145,1146,0.00719381691206211,-89.6770424302136,39.0060737251131,-88.5497227119532,38.7990613178991,0.340714265010462,0.3335204480984,2022.18505194187,2022.19224575878,NA
959,960,0.0259694115812222,-97.0231015624723,41.5781480299639,-98.721011692795,42.7908784692603,0.34173950182665,0.315770090245428,2022.16730158402,2022.1932709956,NA
962,277,0.147065315029921,-94.8016909702406,40.0275107127027,-88.5303136494101,43.2833859885818,0.342989054174318,0.195923739144397,2022.04745523292,2022.19452054795,A/Coopers_Hawk/Wisconsin/22-009404-002/2022|H5N1|USA-WI|2022-03-13|avian|A1
1137,227,0.068376525167491,-88.9015197801903,44.4834314317021,-89.0628192532314,44.1256735725932,0.342989054174318,0.274612529006827,2022.12614402278,2022.19452054795,A/chicken/Wisconsin/22-007545-004/2022|H5N1|USA-WI|2022-03-13|avian|A1
1138,226,0.0362850680198361,-88.5892430068765,43.614822813154,-90.830383922528,45.6488287526757,0.342989054174318,0.306703986154482,2022.15823547993,2022.19452054795,A/chicken/Wisconsin/22-007545-005/2022|H5N1|USA-WI|2022-03-13|avian|A1
1139,225,0.0199269999603739,-89.2062752650538,45.0686767887946,-89.7651559439907,45.8546937339773,0.342989054174318,0.323062054213944,2022.17459354798,2022.19452054795,A/chicken/Wisconsin/22-007545-001/2022|H5N1|USA-WI|2022-03-13|avian|A1
1139,224,0.0199269999603739,-89.2062752650538,45.0686767887946,-89.717175179485,45.2815302668585,0.342989054174318,0.323062054213944,2022.17459354798,2022.19452054795,A/chicken/Wisconsin/22-007545-002/2022|H5N1|USA-WI|2022-03-13|avian|A1
1161,257,0.016850921818267,-97.4635645769774,42.263464024594,-100.185964406323,41.89608227602,0.342989054174318,0.326138132356051,2022.17766962613,2022.19452054795,A/Swan/Nebraska/22-008227-001/2022|H5N1|USA-NE|2022-03-13|avian|A1
887,374,0.00308714308996372,-97.5902183834635,38.9437345377913,-98.1205536166956,39.4951130380356,0.342989054174318,0.339901911084354,2022.19143340486,2022.19452054795,A/bald_eagle/Kansas/W22-197/2022|H5N1|USA-KS|2022-03-13|avian|A1
668,669,0.134488614295928,-65.1635262914547,44.3304533702746,-65.1896873839794,44.0483204579089,0.343991634132664,0.209503019836736,2022.06103451361,2022.1955231279,NA
786,787,0.0242979493118823,-74.9358996444917,39.2335325907863,-75.5243455942155,38.6638999300433,0.345004846884621,0.320706897572739,2022.17223839134,2022.19653634066,NA
985,323,0.0718706687717638,-94.5236427905564,39.9376765657245,-98.9537586813624,43.1696399576005,0.345728780201903,0.273858111430139,2022.1253896052,2022.19726027397,A/Canada_Goose/South_Dakota/22-008571-003/2022|H5N1|USA-SD|2022-03-14|avian|A1
1145,236,0.012208332103503,-89.6770424302136,39.0060737251131,-88.9303775101297,39.2379006203893,0.345728780201903,0.3335204480984,2022.18505194187,2022.19726027397,A/Graylag_Goose/Illinois/22-008377-005/2022|H5N1|USA-IL|2022-03-14|avian|A1
937,269,0.00936236121930845,-93.7326004801662,37.7141424661203,-91.8138226153763,37.9349157615585,0.345728780201903,0.336366418982594,2022.18789791275,2022.19726027397,A/chicken/Missouri/22-007677-002/2022|H5N1|USA-MO|2022-03-14|avian|A1
937,270,0.00936236121930845,-93.7326004801662,37.7141424661203,-93.9246905412225,36.9011385535086,0.345728780201903,0.336366418982594,2022.18789791275,2022.19726027397,A/chicken/Missouri/22-007677-001/2022|H5N1|USA-MO|2022-03-14|avian|A1
887,375,0.00582686911754848,-97.5902183834635,38.9437345377913,-97.9205354545706,37.1062423374115,0.345728780201903,0.339901911084354,2022.19143340486,2022.19726027397,A/Bald_Eagle/Kansas/22-008980-001/2022|H5N1|USA-KS|2022-03-14|avian|A1
1146,235,0.00501451519144092,-88.5497227119532,38.7990613178991,-89.7423059780498,39.1172674108936,0.345728780201903,0.340714265010462,2022.19224575878,2022.19726027397,A/Graylag_Goose/Illinois/22-008377-002/2022|H5N1|USA-IL|2022-03-14|avian|A1
1146,234,0.00501451519144092,-88.5497227119532,38.7990613178991,-88.7437097359528,38.6164992720357,0.345728780201903,0.340714265010462,2022.19224575878,2022.19726027397,A/goose/Illinois/22-008377-004/2022|H5N1|USA-IL|2022-03-14|avian|A1
1035,1036,0.025777904820149,-81.8410512797197,46.5627241345446,-80.8540951389139,46.3739882325459,0.347496536164279,0.32171863134413,2022.17325012511,2022.19902802994,NA
1151,1154,0.108775389832125,-83.7634470983503,38.6314740541213,-90.2229964560265,42.4309737731032,0.347973019989597,0.239197630157471,2022.09072912393,2022.19950451376,NA
818,819,0.0215512868247656,-77.6917703297576,40.5160206699643,-77.0092053161837,40.7270677584597,0.348099840230151,0.326548553405385,2022.17808004718,2022.199631334,NA
1079,118,0.17727643673029,-89.0269615873195,37.0711004073216,-89.6744833347296,36.4093318872251,0.34846850622926,0.17119206949897,2022.02272356327,2022.2,A/goose/Missouri/22-012338-006/2022|H5N1|USA-MO|2022-03-15|avian|A1
789,384,0.115113500421206,-76.2467655156544,35.937069816972,-81.752380331458,42.4005591278973,0.34846850622926,0.233355005808054,2022.08488649958,2022.2,A/Redhead/ON/FAV-0161-1/2022|H5N1|Canada-ON|2022-03-15|avian|A1
1150,222,0.112941267385218,-86.0848645862399,37.8975900334936,-95.5821737297122,40.5910571351113,0.34846850622926,0.235527238844042,2022.08705873261,2022.2,A/Rosss_Goose/Iowa/22-008378-001/2022|H5N1|USA-IA|2022-03-15|avian|A1
974,278,0.0985082591674821,-90.5398174426592,39.1640902383116,-93.043039221693,41.0164831323404,0.34846850622926,0.249960247061778,2022.10149174083,2022.2,A/Rosss_Goose/Iowa/22-008376-002/2022|H5N1|USA-IA|2022-03-15|avian|A1
691,1,0.073748930181,-71.7075969918583,43.1320132850352,-71.5751916298331,42.7126501305651,0.34846850622926,0.27471957604826,2022.12625106982,2022.2,A/turkey/New_Hampshire/22-007886-001/2022|H5N1|USA-NH|2022-03-15|avian|A1
819,820,0.000847336220256567,-77.0092053161837,40.7270677584597,-78.03521623257,40.5184941645058,0.348947176450407,0.348099840230151,2022.199631334,2022.20047867022,NA
1028,1029,0.14603130728371,-95.3176212596869,40.4660610612845,-106.154241897859,44.7945224634662,0.350217589151075,0.204186281867364,2022.05571777564,2022.20174908292,NA
620,5,0.308794132101277,-76.9667666566405,36.6933185569928,-65.0987727445909,44.268127968304,0.351208232256617,0.0424141001553409,2021.89394559393,2022.20273972603,A/American_Crow/NS/FAV-0322-1/2022|H5N1|Canada-NS|2022-03-16|avian|A1
950,294,0.0944160169162347,-99.0265321480017,43.8189909836172,-97.0446398189695,43.9066005604827,0.351208232256617,0.256792215340383,2022.10832370911,2022.20273972603,A/Rosss_Goose/South_Dakota/22-008384-004/2022|H5N1|USA-SD|2022-03-16|avian|A1
997,201,0.0505162250942366,-82.7087369768527,44.9709671720051,-90.77446321711,46.3504077821951,0.351208232256617,0.300692007162381,2022.15222350093,2022.20273972603,A/Snowy_Owl/Wisconsin/22-010236-001/2022|H5N1|USA-WI|2022-03-16|avian|A1
1025,86,0.02188632794297,-100.905935797199,38.7880006536871,-99.2476389978383,38.7853056004046,0.351208232256617,0.329321904313647,2022.18085339808,2022.20273972603,A/chicken/Kansas/22-008114-002/2022|H5N1|USA-KS|2022-03-16|avian|A1
1025,87,0.02188632794297,-100.905935797199,38.7880006536871,-100.995447094535,38.8482774112905,0.351208232256617,0.329321904313647,2022.18085339808,2022.20273972603,A/duck/Kansas/22-008114-001/2022|H5N1|USA-KS|2022-03-16|avian|A1
788,394,0.0181707615064149,-75.3027518497213,39.4986783952701,-75.4055146158514,38.7141746404839,0.351208232256617,0.333037470750203,2022.18456896452,2022.20273972603,A/chicken/Delaware/22-008054-003/2022|H5N1|USA-DE|2022-03-16|avian|A1
788,395,0.0181707615064149,-75.3027518497213,39.4986783952701,-75.311666850607,38.7586043247301,0.351208232256617,0.333037470750203,2022.18456896452,2022.20273972603,A/chicken/Delaware/22-008054-004/2022|H5N1|USA-DE|2022-03-16|avian|A1
1132,254,0.0147205560082956,-94.7661007845319,37.9785118051591,-95.9422896992091,37.5432316140111,0.351208232256617,0.336487676248322,2022.18801917002,2022.20273972603,A/chicken/Kansas/22-008259-002/2022|H5N1|USA-KS|2022-03-16|avian|A1
1132,255,0.0147205560082956,-94.7661007845319,37.9785118051591,-99.0784602009583,38.7133850730974,0.351208232256617,0.336487676248322,2022.18801917002,2022.20273972603,A/chicken/Kansas/22-008259-001/2022|H5N1|USA-KS|2022-03-16|avian|A1
901,332,0.0130290473695193,-86.4778992266532,30.9267663025343,-86.4117698070127,30.8059581048084,0.351208232256617,0.338179184887098,2022.18971067866,2022.20273972603,A/Royal_Tern/Florida/22-008226-001/2022|H5N1|USA-FL|2022-03-16|avian|A1
787,392,0.00620338537199627,-75.5243455942155,38.6638999300433,-75.3983656944221,38.7010059792682,0.351208232256617,0.345004846884621,2022.19653634066,2022.20273972603,A/chicken/Delaware/22-008054-002/2022|H5N1|USA-DE|2022-03-16|avian|A1
787,393,0.00620338537199627,-75.5243455942155,38.6638999300433,-75.3398879215875,38.8900466038108,0.351208232256617,0.345004846884621,2022.19653634066,2022.20273972603,A/chicken/Delaware/22-008054-001/2022|H5N1|USA-DE|2022-03-16|avian|A1
820,821,0.00260923323475548,-78.03521623257,40.5184941645058,-77.472322187964,40.5211654827054,0.351556409685163,0.348947176450407,2022.20047867022,2022.20308790346,NA
829,830,0.141282811568614,-82.2691761128709,33.9610887608377,-82.4106685529581,35.4843311267983,0.35293507205952,0.211652260490906,2022.06318375426,2022.20446656583,NA
904,325,0.0994630062416282,-78.5542841379648,31.8892489396534,-81.9750920705987,27.325133444497,0.353947958283975,0.254484952042347,2022.10601644581,2022.20547945205,A/Royal_Tern/Florida/22-010506-002/2022|H5N1|USA-FL|2022-03-17|avian|A1
768,389,0.066203266579138,-76.6046857871159,39.1825077728612,-76.8793198307925,39.2911896716497,0.353947958283975,0.287744691704837,2022.13927618548,2022.20547945205,A/chicken/Maryland/22-008243-001/2022|H5N1|USA-MD|2022-03-17|avian|A1
1121,248,0.0218633722426529,-95.3406259937328,41.2202304360665,-92.2301067236272,41.6686432907705,0.353947958283975,0.332084586041322,2022.18361607981,2022.20547945205,A/chicken/Iowa/22-008176-005/2022|H5N1|USA-IA|2022-03-17|avian|A1
900,334,0.019571262061858,-84.2513939055758,30.6228068091222,-81.4588271894499,28.90950527833,0.353947958283975,0.334376696222117,2022.18590818999,2022.20547945205,A/Royal_Tern/Florida/22-010506-001/2022|H5N1|USA-FL|2022-03-17|avian|A1
1122,250,0.0184130365446666,-95.3056868810363,41.3020461953804,-94.942401810559,41.5043923801701,0.353947958283975,0.335534921739308,2022.18706641551,2022.20547945205,A/chicken/Iowa/22-008176-004/2022|H5N1|USA-IA|2022-03-17|avian|A1
1122,249,0.0184130365446666,-95.3056868810363,41.3020461953804,-95.2298413363966,41.262313368683,0.353947958283975,0.335534921739308,2022.18706641551,2022.20547945205,A/chicken/Iowa/22-008176-003/2022|H5N1|USA-IA|2022-03-17|avian|A1
998,237,0.18760718992586,-98.4761140921326,39.4443662012669,-101.365650387307,43.3995164235596,0.356687684311332,0.169080494385473,2022.02061198816,2022.20821917808,A/Snow_Goose/South_Dakota/22-009478-004/2022|H5N1|USA-SD|2022-03-18|avian|A1
1084,220,0.134117554391337,-90.8911103752316,37.1913388098105,-92.9028741503326,37.2234046576728,0.356687684311332,0.222570129919995,2022.07410162369,2022.20821917808,A/Bald_Eagle/Missouri/22-012338-009/2022|H5N1|USA-MO|2022-03-18|avian|A1
1144,123,0.121788739032485,-88.3679693668145,37.7284571286766,-100.809722036346,43.8954071283235,0.356687684311332,0.234898945278847,2022.08643043905,2022.20821917808,A/Snow_Goose/South_Dakota/22-009478-007/2022|H5N1|USA-SD|2022-03-18|avian|A1
949,293,0.101424152317606,-99.9666210422018,43.5268621594564,-98.1598613246118,45.7749090669426,0.356687684311332,0.255263531993726,2022.10679502576,2022.20821917808,A/Snow_Goose/South_Dakota/22-009478-018/2022|H5N1|USA-SD|2022-03-18|avian|A1
982,321,0.0929135053830506,-94.4492244902445,39.9752320663848,-98.3316773437909,44.2571176448398,0.356687684311332,0.263774178928282,2022.1153056727,2022.20821917808,A/Snow_Goose/South_Dakota/22-009478-020/2022|H5N1|USA-SD|2022-03-18|avian|A1
940,265,0.0875294321229033,-99.7203366437642,44.81405594756,-98.2290068101519,43.5270841964272,0.356687684311332,0.269158252188429,2022.12068974596,2022.20821917808,A/Snow_Goose/South_Dakota/22-009478-003/2022|H5N1|USA-SD|2022-03-18|avian|A1
1018,85,0.0777576128876736,-98.7820800934689,40.6439594492058,-106.836448210381,37.5212625142811,0.356687684311332,0.278930071423659,2022.13046156519,2022.20821917808,A/Rosss_Goose/Colorado/22-008935-005/2022|H5N1|USA-CO|2022-03-18|avian|A1
1021,91,0.0732693084871797,-105.867498903881,41.5182000569744,-107.179966319409,37.0621759655838,0.356687684311332,0.283418375824153,2022.1349498696,2022.20821917808,A/Snow_Goose/Colorado/22-008935-001/2022|H5N1|USA-CO|2022-03-18|avian|A1
1004,108,0.0640803853038853,-99.9496165365287,38.0903880236745,-101.610424499695,45.259863114844,0.356687684311332,0.292607299007447,2022.14413879278,2022.20821917808,A/Snow_Goose/South_Dakota/22-009478-008/2022|H5N1|USA-SD|2022-03-18|avian|A1
674,20,0.0455256078419706,-69.2334810223708,44.5874022086336,-69.5901284686797,45.2192403985633,0.356687684311332,0.311162076469362,2022.16269357024,2022.20821917808,A/turkey/Maine/22-008367-002/2022|H5N1|USA-ME|2022-03-18|avian|A1
674,21,0.0455256078419706,-69.2334810223708,44.5874022086336,-69.164872940905,44.5241292177536,0.356687684311332,0.311162076469362,2022.16269357024,2022.20821917808,A/chicken/Maine/22-008367-001/2022|H5N1|USA-ME|2022-03-18|avian|A1
871,872,0.0410617502931447,-95.8275318296163,41.3739602123288,-94.1537033755493,43.0536300949251,0.359152788177264,0.318091037884119,2022.16962253165,2022.21068428195,NA
862,381,0.139993342522645,-75.8696724693583,35.0820387302413,-77.3148966803698,40.2149053746702,0.359427410338917,0.219434067816272,2022.07096556159,2022.21095890411,A/Bald_Eagle/Pennsylvania/22-008745-001/2022|H5N1|USA-PA|2022-03-19|avian|A1
743,744,0.0554382049855153,-81.5759611071622,45.2420266611024,-76.1863815231434,48.0912915699602,0.359507744457805,0.30406953947229,2022.15560103324,2022.21103923823,NA
650,651,0.121161952001991,-69.7695726925968,42.2118716045622,-72.7814724263824,42.278962046584,0.360142077896935,0.238980125894944,2022.09051161967,2022.21167357167,NA
1158,124,0.16786878346847,-86.9624181503451,39.4739511295823,-87.2582531061131,42.585840270609,0.362167136366274,0.194298352897805,2022.04582984667,2022.21369863014,A/Canada_Goose/Wisconsin/22-009408-001/2022|H5N1|USA-WI|2022-03-20|avian|A1
651,57,0.0020250584693392,-72.7814724263824,42.278962046584,-72.9615719620466,42.6133616543426,0.362167136366274,0.360142077896935,2022.21167357167,2022.21369863014,A/snowy_owl/MA/22MM00463/2022|H5N1|USA-MA|2022-03-20|avian|A1
932,260,0.160097189730114,-96.6932261304494,42.7506423976951,-98.621045305043,46.9049533127022,0.364906862393632,0.204809672663518,2022.05634116643,2022.21643835616,A/Snow_Goose/North_Dakota/22-008734-001/2022|H5N1|USA-ND|2022-03-21|avian|A1
898,336,0.0532414646662951,-85.1703244167662,31.7271568434196,-86.4190557990348,30.9911337194957,0.364906862393632,0.311665397727337,2022.1631968915,2022.21643835616,A/Royal_Tern/Florida/22-009056-001/2022|H5N1|USA-FL|2022-03-21|avian|A1
959,304,0.049136772148204,-97.0231015624723,41.5781480299639,-98.2194646168504,41.2322820392418,0.364906862393632,0.315770090245428,2022.16730158402,2022.21643835616,A/chicken/Nebraska/22-008467-001/2022|H5N1|USA-NE|2022-03-21|avian|A1
1023,94,0.122283501535727,-101.22888221218,40.6335809292695,-103.110238767848,40.4977091062738,0.367646588420989,0.245363086885262,2022.09689458066,2022.21917808219,A/Mallard/Colorado/22-009476-001/2022|H5N1|USA-CO|2022-03-22|avian|A1
940,264,0.0984883362325603,-99.7203366437642,44.81405594756,-101.64937268012,47.10907465418,0.367646588420989,0.269158252188429,2022.12068974596,2022.21917808219,A/Snow_Goose/North_Dakota/22-009483-002/2022|H5N1|USA-ND|2022-03-22|avian|A1
691,4,0.0929270123727292,-71.7075969918583,43.1320132850352,-68.3635206991516,46.8830404925704,0.367646588420989,0.27471957604826,2022.12625106982,2022.21917808219,A/chicken/Maine/22-008540-001/2022|H5N1|USA-ME|2022-03-22|avian|A1
765,387,0.0680377059871418,-75.9892551173917,41.5292419116724,-77.1477134911396,42.3922414519051,0.367646588420989,0.299608882433847,2022.1511403762,2022.21917808219,A/Snowy_Owl/New_York/22-008969-001/2022|H5N1|USA-NY|2022-03-22|avian|A1
819,542,0.0195467481908383,-77.0092053161837,40.7270677584597,-76.8721494036761,40.2421502016842,0.367646588420989,0.348099840230151,2022.199631334,2022.21917808219,A/Merganser/Pennsylvania/22-008909-001/2022|H5N1|USA-PA|2022-03-22|avian|A1
820,541,0.0186994119705818,-78.03521623257,40.5184941645058,-79.9785273083414,40.3009625420186,0.367646588420989,0.348947176450407,2022.20047867022,2022.21917808219,A/Merganser/Pennsylvania/22-008909-003/2022|H5N1|USA-PA|2022-03-22|avian|A1
821,540,0.0160901787358263,-77.472322187964,40.5211654827054,-76.6261193957752,39.750877544795,0.367646588420989,0.351556409685163,2022.20308790346,2022.21917808219,A/Merganser/Pennsylvania/22-008909-004/2022|H5N1|USA-PA|2022-03-22|avian|A1
821,544,0.0160901787358263,-77.472322187964,40.5211654827054,-75.8657466773976,39.7794488353814,0.367646588420989,0.351556409685163,2022.20308790346,2022.21917808219,A/Merganser/Pennsylvania/22-008909-005/2022|H5N1|USA-PA|2022-03-22|avian|A1
830,831,0.0147537615090749,-82.4106685529581,35.4843311267983,-78.0764237262891,35.5070853883127,0.367688833568595,0.35293507205952,2022.20446656583,2022.21922032734,NA
1035,1041,0.0483555423073978,-81.8410512797197,46.5627241345446,-79.4623983310942,45.136064741089,0.370074173651528,0.32171863134413,2022.17325012511,2022.22160566742,NA
1133,83,0.203421868525134,-87.0052913968421,37.4040226417993,-97.9854827855668,46.532061533563,0.370386314448347,0.166964445923212,2022.01849593969,2022.22191780822,A/Snow_Goose/North_Dakota/22-009481-002/2022|H5N1|USA-ND|2022-03-23|avian|A1
1014,96,0.119675709248562,-100.734944920085,40.553041707194,-98.9968491356178,43.894723776939,0.370386314448347,0.250710605199785,2022.10224209897,2022.22191780822,A/Red-tailed_Hawk/South_Dakota/22-009041-001/2022|H5N1|USA-SD|2022-03-23|avian|A1
808,493,0.118634564220183,-61.8569823974431,44.9067032174724,-62.5962223386914,45.2512958686609,0.370386314448347,0.251751750228164,2022.103283244,2022.22191780822,A/Great_Black-Backed_Gull/NS/FAV-0330-1/2022|H5N1|Canada-NS|2022-03-23|avian|A1
1022,88,0.104141421087606,-97.8866019885185,41.060538268143,-102.233825544041,42.0080827677244,0.370386314448347,0.26624489336074,2022.11777638713,2022.22191780822,A/chicken/Nebraska/22-009006-001/2022|H5N1|USA-NE|2022-03-23|avian|A1
1036,152,0.0228897782840676,-80.8540951389139,46.3739882325459,-77.9542584800222,48.0729320426054,0.370386314448347,0.347496536164279,2022.19902802994,2022.22191780822,A/Snow_Goose/QC/FAV-0177-2/2022|H5N1|Canada-QC|2022-03-23|avian|A1
1099,1100,0.168604977513974,-91.9314162630303,39.8303384820197,-92.5326380805926,40.2395877767456,0.37232725092801,0.203722273414036,2022.05525376718,2022.2238587447,NA
675,24,0.142653569740375,-67.6178224616803,43.2533534770005,-72.8349276676479,42.6147526675697,0.373126040475704,0.230472470735329,2022.08200396451,2022.22465753425,A/peregrine_falcon/Massachusetts/22-010671-009/2022|H5N1|USA-MA|2022-03-24|avian|A1
1162,259,0.0443197122594617,-96.9632265667642,42.632857143262,-96.3691394467166,40.4549008487704,0.373126040475704,0.328806328216242,2022.18033782199,2022.22465753425,A/domestic_duck/Nebraska/22-009190-001/2022|H5N1|USA-NE|2022-03-24|avian|A1
1162,258,0.0443197122594617,-96.9632265667642,42.632857143262,-97.518083572481,42.1808099588243,0.373126040475704,0.328806328216242,2022.18033782199,2022.22465753425,A/chicken/Nebraska/22-009190-002/2022|H5N1|USA-NE|2022-03-24|avian|A1
926,927,0.0707648928827296,-89.6826827703039,44.0069415172362,-89.0290351610577,43.317420962495,0.373874094387361,0.303109201504631,2022.15464069528,2022.22540558816,NA
831,833,0.00737344048184463,-78.0764237262891,35.5070853883127,-78.2490041650477,35.4757907881501,0.37506227405044,0.367688833568595,2022.21922032734,2022.22659376782,NA
683,684,0.115258625907257,-68.2474955934358,45.6307922249309,-68.8825476786062,46.1530493644989,0.3752630207412,0.260004394833943,2022.1115358886,2022.22679451451,NA
979,310,0.195056078499288,-91.6326690518953,39.5481821286688,-80.2900200549686,40.092944521498,0.375865766503289,0.180809688004001,2022.03234118177,2022.22739726027,A/Bald_Eagle/Pennsylvania/22-009884-002/2022|H5N1|USA-PA|2022-03-25|avian|A1
687,13,0.139935136348713,-70.0491036261094,43.2598925842993,-71.2125821561926,42.475668255141,0.375865766503289,0.235930630154575,2022.08746212393,2022.22739726027,A/Sebastopol_goose/Massachusetts/22-009371-001/2022|H5N1|USA-MA|2022-03-25|avian|A1
1100,215,0.00353851557527829,-92.5326380805926,40.2395877767456,-92.5865541178045,40.8042595367862,0.375865766503289,0.37232725092801,2022.2238587447,2022.22739726027,A/chicken/Iowa/22-009180-001/2022|H5N1|USA-IA|2022-03-25|avian|A1
1100,216,0.00353851557527829,-92.5326380805926,40.2395877767456,-94.8409599186914,41.0649445042724,0.375865766503289,0.37232725092801,2022.2238587447,2022.22739726027,A/chicken/Iowa/22-009180-002/2022|H5N1|USA-IA|2022-03-25|avian|A1
684,33,0.000602745762089074,-68.8825476786062,46.1530493644989,-68.4556343170548,46.0206030688121,0.375865766503289,0.3752630207412,2022.22679451451,2022.22739726027,A/chicken/Maine/22-009412-001/2022|H5N1|USA-ME|2022-03-25|avian|A1
684,34,0.000602745762089074,-68.8825476786062,46.1530493644989,-69.9587220496972,45.5915792299158,0.375865766503289,0.3752630207412,2022.22679451451,2022.22739726027,A/guinea_fowl/Maine/22-009412-002/2022|H5N1|USA-ME|2022-03-25|avian|A1
744,745,0.0164314780628777,-76.1863815231434,48.0912915699602,-75.8611464110335,48.0352568182808,0.375939222520683,0.359507744457805,2022.21103923823,2022.22747071629,NA
1036,1037,0.0285509435263971,-80.8540951389139,46.3739882325459,-80.3420199039628,43.9933222593349,0.376047479690676,0.347496536164279,2022.19902802994,2022.22757897346,NA
1041,1042,0.0069222926162773,-79.4623983310942,45.136064741089,-78.0763865360336,44.8871678194279,0.376996466267805,0.370074173651528,2022.22160566742,2022.22852796004,NA
757,758,0.0402126840871783,-82.4178360534705,45.3387708682646,-74.1243167062494,43.0120870666552,0.377899705405292,0.337687021318113,2022.18921851509,2022.22943119918,NA
1024,90,0.128592789355243,-101.288392051768,40.4033640631888,-101.884257207052,44.1956474048294,0.378605492530646,0.250012703175404,2022.10154419695,2022.2301369863,A/turkey/South_Dakota/22-009198-001/2022|H5N1|USA-SD|2022-03-26|avian|A1
891,892,0.105058336317281,-97.6533835357342,36.6362173180296,-101.756694287875,33.408293393128,0.379088967878484,0.274030631561203,2022.12556212533,2022.23062046165,NA
833,834,0.004193398921984,-78.2490041650477,35.4757907881501,-78.1845635363984,35.6793910310677,0.379255672972424,0.37506227405044,2022.22659376782,2022.23078716674,NA
834,839,0.000120224382797129,-78.1845635363984,35.6793910310677,-78.1858704614226,35.7025691753037,0.379375897355221,0.379255672972424,2022.23078716674,2022.23090739113,NA
758,759,0.00227336105144338,-74.1243167062494,43.0120870666552,-74.502931598249,43.4772951635174,0.380173066456735,0.377899705405292,2022.22943119918,2022.23170456023,NA
839,840,0.00158678327492823,-78.1858704614226,35.7025691753037,-78.1502382420509,35.4716747322248,0.380962680630149,0.379375897355221,2022.23090739113,2022.2324941744,NA
830,854,0.0282077190074294,-82.4106685529581,35.4843311267983,-78.4222938230815,35.2962109805821,0.38114279106695,0.35293507205952,2022.20446656583,2022.23267428484,NA
840,845,0.000185564377343628,-78.1502382420509,35.4716747322248,-78.5245357693313,35.268511351781,0.381148245007493,0.380962680630149,2022.2324941744,2022.23267973878,NA
845,846,0.0000072446908396806,-78.5245357693313,35.268511351781,-78.5019246385934,35.2831435528587,0.381155489698333,0.381148245007493,2022.23267973878,2022.23268698347,NA
1034,145,0.0841465714788839,-81.565858923008,47.3227851427033,-86.4185477760475,52.8012269654257,0.381345218558004,0.29719864707912,2022.14873014085,2022.23287671233,A/Turkey/ON/FAV-0163-136/2022|H5N1|Canada-ON|2022-03-27|avian|A1
900,335,0.0469685223358867,-84.2513939055758,30.6228068091222,-83.1549990213087,29.9806546153313,0.381345218558004,0.334376696222117,2022.18590818999,2022.23287671233,A/Black_Vulture/Florida/22-009936-001/2022|H5N1|USA-FL|2022-03-27|avian|A1
854,553,0.000202427491053814,-78.4222938230815,35.2962109805821,-77.7011406401625,35.1042579394413,0.381345218558004,0.38114279106695,2022.23267428484,2022.23287671233,A/turkey/North_Carolina/22-009583-001/2022|H5N1|USA-NC|2022-03-27|avian|A1
854,552,0.000202427491053814,-78.4222938230815,35.2962109805821,-79.3000956366819,35.0431073848301,0.381345218558004,0.38114279106695,2022.23267428484,2022.23287671233,A/turkey/North_Carolina/22-009583-002/2022|H5N1|USA-NC|2022-03-27|avian|A1
845,569,0.000196973550510626,-78.5245357693313,35.268511351781,-78.540973296125,35.2684488485348,0.381345218558004,0.381148245007493,2022.23267973878,2022.23287671233,A/turkey/North_Carolina/22-009332-002/2022|H5N1|USA-NC|2022-03-27|avian|A1
846,556,0.000189728859670946,-78.5019246385934,35.2831435528587,-79.9660183738296,35.8318578382166,0.381345218558004,0.381155489698333,2022.23268698347,2022.23287671233,A/turkey/North_Carolina/22-009332-001/2022|H5N1|USA-NC|2022-03-27|avian|A1
1041,1044,0.0119217735971119,-79.4623983310942,45.136064741089,-81.1736910738769,45.3353450884176,0.38199594724864,0.370074173651528,2022.22160566742,2022.23352744102,NA
834,835,0.00313306594304097,-78.1845635363984,35.6793910310677,-78.6066157684949,35.4142628582054,0.382388738915465,0.379255672972424,2022.23078716674,2022.23392023269,NA
840,841,0.00145065478209339,-78.1502382420509,35.4716747322248,-78.6839539790613,35.0066469919734,0.382413335412243,0.380962680630149,2022.2324941744,2022.23394482918,NA
950,951,0.125702006810543,-99.0265321480017,43.8189909836172,-98.4105662734002,43.7548181377887,0.382494222150926,0.256792215340383,2022.10832370911,2022.23402571592,NA
759,760,0.00270961247798429,-74.502931598249,43.4772951635174,-73.8271422857618,43.9560842810883,0.382882678934719,0.380173066456735,2022.23170456023,2022.23441417271,NA
841,842,0.000538047101589223,-78.6839539790613,35.0066469919734,-78.6282784364115,34.9426991868498,0.382951382513832,0.382413335412243,2022.23394482918,2022.23448287628,NA
651,652,0.0229362234439481,-72.7814724263824,42.278962046584,-72.3255272747118,42.1515695612154,0.383078301340883,0.360142077896935,2022.21167357167,2022.23460979511,NA
846,847,0.00217798500141198,-78.5019246385934,35.2831435528587,-78.2135381504133,34.7357702144283,0.383333474699745,0.381155489698333,2022.23268698347,2022.23486496847,NA
758,465,0.00618523918006941,-74.1243167062494,43.0120870666552,-75.7156721418205,43.5212301767369,0.384084944585361,0.377899705405292,2022.22943119918,2022.23561643836,A/domestic_duck/New_York/22-009324-004/2022|H5N1|USA-NY|2022-03-28|avian|A1
759,467,0.00391187812862603,-74.502931598249,43.4772951635174,-75.0394931902175,43.7513380612475,0.384084944585361,0.380173066456735,2022.23170456023,2022.23561643836,A/American_Buff_goose/New_York/22-009324-006/2022|H5N1|USA-NY|2022-03-28|avian|A1
760,466,0.00120226565064174,-73.8271422857618,43.9560842810883,-74.7933610660706,43.8933237356875,0.384084944585361,0.382882678934719,2022.23441417271,2022.23561643836,A/chicken/New_York/22-009324-002/2022|H5N1|USA-NY|2022-03-28|avian|A1
760,464,0.00120226565064174,-73.8271422857618,43.9560842810883,-73.6866292303587,44.0142267803803,0.384084944585361,0.382882678934719,2022.23441417271,2022.23561643836,A/quail/New_York/22-009324-009/2022|H5N1|USA-NY|2022-03-28|avian|A1
835,836,0.00297871443007414,-78.6066157684949,35.4142628582054,-78.9727309618729,35.0994826121391,0.385367453345539,0.382388738915465,2022.23392023269,2022.23689894712,NA
1044,1045,0.00345955934768338,-81.1736910738769,45.3353450884176,-79.8414497785927,45.1826873418065,0.385455506596323,0.38199594724864,2022.23352744102,2022.23698700037,NA
1042,1043,0.00868870491797247,-78.0763865360336,44.8871678194279,-78.4180292751215,45.0685112881965,0.385685171185778,0.376996466267805,2022.22852796004,2022.23721666496,NA
847,849,0.0028788842502615,-78.2135381504133,34.7357702144283,-78.3144654591245,34.6105647460866,0.386212358950006,0.383333474699745,2022.23486496847,2022.23774385272,NA
842,843,0.00341787554195028,-78.6282784364115,34.9426991868498,-77.1237113723216,35.3010615472744,0.386369258055782,0.382951382513832,2022.23448287628,2022.23790075183,NA
960,961,0.0447861737943372,-98.721011692795,42.7908784692603,-96.4564619860585,43.9412629081827,0.386525675620987,0.34173950182665,2022.1932709956,2022.23805716939,NA
892,893,0.00751761784544747,-101.756694287875,33.408293393128,-101.157959850133,32.4999362830739,0.386606585723932,0.379088967878484,2022.23062046165,2022.23813807949,NA
997,202,0.0861326634503374,-82.7087369768527,44.9709671720051,-87.5261315898877,44.6811961892179,0.386824670612718,0.300692007162381,2022.15222350093,2022.23835616438,A/Great_Horned_Owl/Wisconsin/22-011239-001/2022|H5N1|USA-WI|2022-03-29|avian|A1
888,352,0.0552443961744191,-100.629789141133,43.286440861773,-100.853409818088,43.1461403367308,0.386824670612718,0.331580274438299,2022.18311176821,2022.23835616438,A/turkey/South_Dakota/22-009534-001/2022|H5N1|USA-SD|2022-03-29|avian|A1
892,377,0.00773570273423407,-101.756694287875,33.408293393128,-102.530141392295,32.7484899731173,0.386824670612718,0.379088967878484,2022.23062046165,2022.23835616438,A/pheasant/Texas/22-010008-001/2022|H5N1|USA-TX|2022-03-29|avian|A1
893,378,0.000218084888786607,-101.157959850133,32.4999362830739,-102.102891598297,33.6606155293831,0.386824670612718,0.386606585723932,2022.23813807949,2022.23835616438,A/pheasant/Texas/22-009984-001/2022|H5N1|USA-TX|2022-03-29|avian|A1
893,379,0.000218084888786607,-101.157959850133,32.4999362830739,-101.256535175332,32.4308379796569,0.386824670612718,0.386606585723932,2022.23813807949,2022.23835616438,A/pheasant/Texas/22-010008-002/2022|H5N1|USA-TX|2022-03-29|avian|A1
849,851,0.000650173017596289,-78.3144654591245,34.6105647460866,-78.856135507613,35.3539242391672,0.386862531967602,0.386212358950006,2022.23774385272,2022.23839402574,NA
1037,1038,0.0110454759495159,-80.3420199039628,43.9933222593349,-80.3342707723594,43.738009066086,0.387092955640192,0.376047479690676,2022.22757897346,2022.23862444941,NA
851,852,0.000275412900420657,-78.856135507613,35.3539242391672,-78.8512250389374,34.966462346237,0.387137944868023,0.386862531967602,2022.23839402574,2022.23866943864,NA
652,653,0.00439937905035548,-72.3255272747118,42.1515695612154,-72.1120513603359,42.2145014948787,0.387477680391239,0.383078301340883,2022.23460979511,2022.23900917416,NA
1038,1039,0.000399145353957797,-80.3342707723594,43.738009066086,-80.7990192483705,44.0463824935629,0.38749210099415,0.387092955640192,2022.23862444941,2022.23902359476,NA
872,873,0.0284909820609457,-94.1537033755493,43.0536300949251,-92.9756729152002,43.8719206091042,0.38764377023821,0.359152788177264,2022.21068428195,2022.23917526401,NA
653,654,0.000288917452302528,-72.1120513603359,42.2145014948787,-72.2856515794329,42.2460537448336,0.387766597843541,0.387477680391239,2022.23900917416,2022.23929809161,NA
849,850,0.0016768868760878,-78.3144654591245,34.6105647460866,-77.7484198506031,35.6079800641354,0.387889245826094,0.386212358950006,2022.23774385272,2022.2394207396,NA
705,706,0.0949170013625897,-78.754913625679,42.2432861007674,-78.8327117663282,42.0894191724781,0.388101925715625,0.293184924353035,2022.14471641812,2022.23963341949,NA
669,670,0.0446556504314858,-65.1896873839794,44.0483204579089,-69.5733160060895,44.3281923611478,0.38864728456415,0.343991634132664,2022.1955231279,2022.24017877833,NA
851,853,0.00215104453877035,-78.856135507613,35.3539242391672,-78.9398475529979,35.4158768965392,0.389013576506373,0.386862531967602,2022.23839402574,2022.24054507028,NA
591,527,0.112780813862693,-80.7189252819925,40.0086927645262,-90.105679122145,47.8261340619102,0.389564396640076,0.276783582777382,2022.12831507655,2022.24109589041,A/Great_Horned_Owl/Minnesota/22-010027-007/2022|H5N1|USA-MN|2022-03-30|avian|A1
1044,154,0.00756844939143597,-81.1736910738769,45.3353450884176,-79.6553695031119,44.9195087800205,0.389564396640076,0.38199594724864,2022.23352744102,2022.24109589041,A/Mixed/ON/FAV-0167-102/2022|H5N1|Canada-ON|2022-03-30|avian|A1
1045,155,0.00410889004375259,-79.8414497785927,45.1826873418065,-79.5339223838411,45.265894336754,0.389564396640076,0.385455506596323,2022.23698700037,2022.24109589041,A/Mixed/ON/FAV-0167-103/2022|H5N1|Canada-ON|2022-03-30|avian|A1
1045,153,0.00410889004375259,-79.8414497785927,45.1826873418065,-80.0973387064858,46.4658061263211,0.389564396640076,0.385455506596323,2022.23698700037,2022.24109589041,A/Mixed/ON/FAV-0167-101/2022|H5N1|Canada-ON|2022-03-30|avian|A1
926,929,0.0867803028678484,-89.6826827703039,44.0069415172362,-88.7958986624115,47.3813802015786,0.38988950437248,0.303109201504631,2022.15464069528,2022.24142099814,NA
706,707,0.00346699953666196,-78.8327117663282,42.0894191724781,-78.7735078260572,42.0368503326328,0.391568925252287,0.388101925715625,2022.23963341949,2022.24310041902,NA
1013,92,0.176548237823473,-101.026938029657,41.2941053613885,-107.769278854328,43.6361856913238,0.39230412266766,0.215755884844187,2022.06728737861,2022.24383561644,A/chicken/Wyoming/22-010378-001/2022|H5N1|USA-WY|2022-03-31|avian|A1
862,382,0.172870054851388,-75.8696724693583,35.0820387302413,-76.5999913128947,34.9474667981512,0.39230412266766,0.219434067816272,2022.07096556159,2022.24383561644,A/Bald_Eagle/North_Carolina/22-009805-002/2022|H5N1|USA-NC|2022-03-31|avian|A1
812,499,0.165397106700165,-66.0298368947938,48.069949279649,-76.7831342017305,44.2185916980612,0.39230412266766,0.226907015967495,2022.07843850974,2022.24383561644,A/Canada_Goose/ON/FAV-0235-2/2022|H5N1|Canada-ON|2022-03-31|avian|A1
1017,95,0.150335871112482,-97.7083585233874,40.2671260755969,-100.13322464354,40.6416930114827,0.39230412266766,0.241968251555179,2022.09349974533,2022.24383561644,A/chicken/Nebraska/22-010155-001/2022|H5N1|USA-NE|2022-03-31|avian|A1
1030,232,0.136385461004004,-95.7813688231851,41.5050155308412,-91.4001490442672,44.6008230050166,0.39230412266766,0.255918661663656,2022.10745015543,2022.24383561644,A/silkie_chicken/Wisconsin/22-009934-002/2022|H5N1|USA-WI|2022-03-31|avian|A1
1029,127,0.0420865335165859,-106.154241897859,44.7945224634662,-104.963084394496,43.8722754063468,0.39230412266766,0.350217589151075,2022.20174908292,2022.24383561644,A/chicken/Wyoming/22-010157-002/2022|H5N1|USA-WY|2022-03-31|avian|A1
1029,128,0.0420865335165859,-106.154241897859,44.7945224634662,-106.412792192646,44.7279965092064,0.39230412266766,0.350217589151075,2022.20174908292,2022.24383561644,A/chicken/Wyoming/22-010157-001/2022|H5N1|USA-WY|2022-03-31|avian|A1
839,562,0.0129282253124394,-78.1858704614226,35.7025691753037,-77.7130096953807,34.7988570850685,0.39230412266766,0.379375897355221,2022.23090739113,2022.24383561644,A/Turkey/North_Carolina/22-009981-003/2022|H5N1|USA-NC|2022-03-31|avian|A1
835,567,0.00991538375219558,-78.6066157684949,35.4142628582054,-78.0300008964979,36.3811816988536,0.39230412266766,0.382388738915465,2022.23392023269,2022.24383561644,A/turkey/North_Carolina/22-009982-001/2022|H5N1|USA-NC|2022-03-31|avian|A1
841,561,0.00989078725541781,-78.6839539790613,35.0066469919734,-80.8879390132017,35.7389459912665,0.39230412266766,0.382413335412243,2022.23394482918,2022.24383561644,A/turkey/North_Carolina/22-009981-001/2022|H5N1|USA-NC|2022-03-31|avian|A1
842,555,0.00935274015382859,-78.6282784364115,34.9426991868498,-78.5998041037991,34.6586029473593,0.39230412266766,0.382951382513832,2022.23448287628,2022.24383561644,A/Turkey/North_Carolina/22-009982-003/2022|H5N1|USA-NC|2022-03-31|avian|A1
836,568,0.00693666932212145,-78.9727309618729,35.0994826121391,-80.6510843812776,35.2549096850616,0.39230412266766,0.385367453345539,2022.23689894712,2022.24383561644,A/turkey/North_Carolina/22-009982-002/2022|H5N1|USA-NC|2022-03-31|avian|A1
843,557,0.00593486461187831,-77.1237113723216,35.3010615472744,-76.088589570329,35.8758745544589,0.39230412266766,0.386369258055782,2022.23790075183,2022.24383561644,A/turkey/North_Carolina/22-009981-004/2022|H5N1|USA-NC|2022-03-31|avian|A1
852,576,0.00516617779963746,-78.8512250389374,34.966462346237,-78.4049292524844,35.1044524357678,0.39230412266766,0.387137944868023,2022.23866943864,2022.24383561644,A/turkey/North_Carolina/22-010144-001/2022|H5N1|USA-NC|2022-03-31|avian|A1
852,577,0.00516617779963746,-78.8512250389374,34.966462346237,-81.345168324841,35.9671681656953,0.39230412266766,0.387137944868023,2022.23866943864,2022.24383561644,A/turkey/North_Carolina/22-010144-002/2022|H5N1|USA-NC|2022-03-31|avian|A1
850,575,0.00441487684156661,-77.7484198506031,35.6079800641354,-83.052194868701,35.0836944405064,0.39230412266766,0.387889245826094,2022.2394207396,2022.24383561644,A/turkey/North_Carolina/22-009983-007/2022|H5N1|USA-NC|2022-03-31|avian|A1
850,572,0.00441487684156661,-77.7484198506031,35.6079800641354,-77.3534332443832,36.2283864273028,0.39230412266766,0.387889245826094,2022.2394207396,2022.24383561644,A/turkey/North_Carolina/22-010145-001/2022|H5N1|USA-NC|2022-03-31|avian|A1
853,570,0.00329054616128777,-78.9398475529979,35.4158768965392,-79.3032352542362,35.8441608206919,0.39230412266766,0.389013576506373,2022.24054507028,2022.24383561644,A/turkey/North_Carolina/22-010145-002/2022|H5N1|USA-NC|2022-03-31|avian|A1
853,571,0.00329054616128777,-78.9398475529979,35.4158768965392,-79.3563016372497,34.9617374399423,0.39230412266766,0.389013576506373,2022.24054507028,2022.24383561644,A/turkey/North_Carolina/22-009983-008/2022|H5N1|USA-NC|2022-03-31|avian|A1
654,655,0.00489497502825642,-72.2856515794329,42.2460537448336,-72.0922585997867,42.1828299078436,0.392661572871798,0.387766597843541,2022.23929809161,2022.24419306664,NA
888,889,0.0612463526997294,-100.629789141133,43.286440861773,-100.720446065494,40.5328503067966,0.392826627138029,0.331580274438299,2022.18311176821,2022.24435812091,NA
875,882,0.0731478208674547,-95.7302274966037,41.4303411939731,-96.5134897029835,41.7348893164054,0.393815603191146,0.320667782323692,2022.17219927609,2022.24534709696,NA
865,350,0.223074676897314,-87.5930415483601,36.2787081703995,-102.243851193407,40.449029661645,0.395043848695018,0.171969171797703,2022.02350066557,2022.24657534247,A/Canada_Goose/Colorado/22-010377-001/2022|H5N1|USA-CO|2022-04-01|avian|A1
1085,223,0.17181225728272,-90.5352120774636,36.8153120780733,-87.06766195279,35.4205906903076,0.395043848695018,0.223231591412298,2022.07476308518,2022.24657534247,A/Canada_Goose/Tennessee/22-010667-001/2022|H5N1|USA-TN|2022-04-01|avian|A1
891,380,0.121013217133815,-97.6533835357342,36.6362173180296,-91.7858079377059,42.1958688697791,0.395043848695018,0.274030631561203,2022.12556212533,2022.24657534247,A/chicken/Iowa/22-009985-001/2022|H5N1|USA-IA|2022-04-01|avian|A1
951,295,0.0125496265440923,-98.4105662734002,43.7548181377887,-98.3751266535928,44.0947756478824,0.395043848695018,0.382494222150926,2022.23402571592,2022.24657534247,A/turkey/South_Dakota/22-009979-002/2022|H5N1|USA-SD|2022-04-01|avian|A1
951,296,0.0125496265440923,-98.4105662734002,43.7548181377887,-99.405878761994,44.8968433660365,0.395043848695018,0.382494222150926,2022.23402571592,2022.24657534247,A/turkey/South_Dakota/22-009979-001/2022|H5N1|USA-SD|2022-04-01|avian|A1
652,52,0.0119655473541346,-72.3255272747118,42.1515695612154,-71.8132810303486,42.4707308775005,0.395043848695018,0.383078301340883,2022.23460979511,2022.24657534247,A/snowy_owl/Massachusetts/22-016611-010/2022|H5N1|USA-MA|2022-04-01|avian|A1
653,54,0.0075661683037791,-72.1120513603359,42.2145014948787,-72.6633342316911,42.2847870540445,0.395043848695018,0.387477680391239,2022.23900917416,2022.24657534247,A/snowy_owl/Massachusetts/22-016611-012/2022|H5N1|USA-MA|2022-04-01|avian|A1
654,56,0.00727725085147657,-72.2856515794329,42.2460537448336,-70.7797873426004,41.9334063756083,0.395043848695018,0.387766597843541,2022.23929809161,2022.24657534247,A/snowy_owl/Massachusetts/22-016611-003/2022|H5N1|USA-MA|2022-04-01|avian|A1
655,53,0.00238227582322015,-72.0922585997867,42.1828299078436,-72.1871108119014,42.1276644702087,0.395043848695018,0.392661572871798,2022.24419306664,2022.24657534247,A/snowy_owl/Massachusetts/22-016611-002/2022|H5N1|USA-MA|2022-04-01|avian|A1
938,941,0.151611650214661,-98.7315197343995,44.7581884713215,-94.0743823039368,45.9228959070358,0.395407956139454,0.243796305924793,2022.0953277997,2022.24693944991,NA
941,262,0.00237561858292168,-94.0743823039368,45.9228959070358,-93.7032742342554,45.9750693121345,0.397783574722375,0.395407956139454,2022.24693944991,2022.24931506849,A/turkey/Minnesota/22-009997-001/2022|H5N1|USA-MN|2022-04-02|avian|A1
941,263,0.00237561858292168,-94.0743823039368,45.9228959070358,-93.674364621047,45.8577200808524,0.397783574722375,0.395407956139454,2022.24693944991,2022.24931506849,A/turkey/Minnesota/22-009997-002/2022|H5N1|USA-MN|2022-04-02|avian|A1
847,848,0.0151999903863256,-78.2135381504133,34.7357702144283,-78.0520737710607,35.4905366224837,0.39853346508607,0.383333474699745,2022.23486496847,2022.25006495886,NA
843,844,0.0124388600484473,-77.1237113723216,35.3010615472744,-78.1990450619035,35.5232675562593,0.398808118104229,0.386369258055782,2022.23790075183,2022.25033961188,NA
882,883,0.00591498742968932,-96.5134897029835,41.7348893164054,-94.4145586324965,41.7413537017624,0.399730590620836,0.393815603191146,2022.24534709696,2022.25126208439,NA
1037,147,0.0244758210590565,-80.3420199039628,43.9933222593349,-80.3027964466763,44.2279776874139,0.400523300749733,0.376047479690676,2022.22757897346,2022.25205479452,A/Mixed/ON/FAV-0182-3/2022|H5N1|Canada-ON|2022-04-03|avian|A1
1043,146,0.014838129563955,-78.4180292751215,45.0685112881965,-79.3839480676059,44.5282102877275,0.400523300749733,0.385685171185778,2022.23721666496,2022.25205479452,A/Mixed/ON/FAV-0182-1/2022|H5N1|Canada-ON|2022-04-03|avian|A1
1039,148,0.0130311997555829,-80.7990192483705,44.0463824935629,-80.7728292922026,43.7570434843191,0.400523300749733,0.38749210099415,2022.23902359476,2022.25205479452,A/Mixed/ON/FAV-0182-4/2022|H5N1|Canada-ON|2022-04-03|avian|A1
831,832,0.0334306615183677,-78.0764237262891,35.5070853883127,-78.5175600240782,35.923921174109,0.401119495086963,0.367688833568595,2022.21922032734,2022.25265098886,NA
1039,1040,0.0143016148860539,-80.7990192483705,44.0463824935629,-79.5655944862984,44.4364661333899,0.401793715880204,0.38749210099415,2022.23902359476,2022.25332520965,NA
707,712,0.0106517184227144,-78.7735078260572,42.0368503326328,-78.3220496853538,41.2232227635658,0.402220643675001,0.391568925252287,2022.24310041902,2022.25375213745,NA
975,290,0.172560045556789,-92.0582714273003,38.7230692867054,-90.1575669233398,37.2245103650096,0.40326302677709,0.230702981220301,2022.08223447499,2022.25479452055,A/turkey/Missouri/22-010296-001/2022|H5N1|USA-MO|2022-04-04|avian|A1
676,22,0.146355715458656,-68.0456127273365,45.4057531297019,-95.1904243297958,43.1064980942615,0.40326302677709,0.256907311318434,2022.10843880509,2022.25479452055,A/Bald_Eagle/Iowa/22-010129-001/2022|H5N1|USA-IA|2022-04-04|avian|A1
765,386,0.103654144343243,-75.9892551173917,41.5292419116724,-76.5904847752837,43.0099045860606,0.40326302677709,0.299608882433847,2022.1511403762,2022.25479452055,A/Fish_Crow/New_York/22-010487-001/2022|H5N1|USA-NY|2022-04-04|avian|A1
872,372,0.044110238599826,-94.1537033755493,43.0536300949251,-94.8873248468052,43.819463411637,0.40326302677709,0.359152788177264,2022.21068428195,2022.25479452055,A/turkey/Minnesota/22-010123-004/2022|H5N1|USA-MN|2022-04-04|avian|A1
833,554,0.0282007527266501,-78.2490041650477,35.4757907881501,-76.26570844935,36.4641470371802,0.40326302677709,0.37506227405044,2022.22659376782,2022.25479452055,A/chicken/North_Carolina/22-010299-002/2022|H5N1|USA-NC|2022-04-04|avian|A1
1042,157,0.0262665605092849,-78.0763865360336,44.8871678194279,-77.2814427777445,44.7948375281647,0.40326302677709,0.376996466267805,2022.22852796004,2022.25479452055,A/Mixed/ON/FAV-0189-2/2022|H5N1|Canada-ON|2022-04-04|avian|A1
1043,156,0.0175778555913124,-78.4180292751215,45.0685112881965,-79.7596804076216,44.5242275105746,0.40326302677709,0.385685171185778,2022.23721666496,2022.25479452055,A/Mixed/ON/FAV-0189-4/2022|H5N1|Canada-ON|2022-04-04|avian|A1
1038,150,0.0161700711368981,-80.3342707723594,43.738009066086,-80.5687139639109,44.1085421049454,0.40326302677709,0.387092955640192,2022.23862444941,2022.25479452055,A/Mixed/ON/FAV-0189-5/2022|H5N1|Canada-ON|2022-04-04|avian|A1
929,315,0.0133735224046105,-88.7958986624115,47.3813802015786,-89.275283438338,47.3032185094586,0.40326302677709,0.38988950437248,2022.24142099814,2022.25479452055,A/Catalina_macaw/Michigan/22-010848-002/2022|H5N1|USA-MI|2022-04-04|avian|A1
929,316,0.0133735224046105,-88.7958986624115,47.3813802015786,-89.1792420201761,47.5703912543112,0.40326302677709,0.38988950437248,2022.24142099814,2022.25479452055,A/Amazon_parrot/Michigan/22-010848-001/2022|H5N1|USA-MI|2022-04-04|avian|A1
844,563,0.00445490867286058,-78.1990450619035,35.5232675562593,-79.0326410531328,35.373762538995,0.40326302677709,0.398808118104229,2022.25033961188,2022.25479452055,A/chicken/North_Carolina/22-010298-001/2022|H5N1|USA-NC|2022-04-04|avian|A1
844,564,0.00445490867286058,-78.1990450619035,35.5232675562593,-78.1402868637875,35.5628273113579,0.40326302677709,0.398808118104229,2022.25033961188,2022.25479452055,A/chicken/North_Carolina/22-010298-002/2022|H5N1|USA-NC|2022-04-04|avian|A1
832,566,0.00214353169012704,-78.5175600240782,35.923921174109,-76.3638788022794,36.1860139736735,0.40326302677709,0.401119495086963,2022.25265098886,2022.25479452055,A/turkey/North_Carolina/22-010146-001/2022|H5N1|USA-NC|2022-04-04|avian|A1
832,565,0.00214353169012704,-78.5175600240782,35.923921174109,-79.2478865014524,35.6879547023745,0.40326302677709,0.401119495086963,2022.25265098886,2022.25479452055,A/turkey/North_Carolina/22-010146-002/2022|H5N1|USA-NC|2022-04-04|avian|A1
1040,149,0.0014693108968864,-79.5655944862984,44.4364661333899,-78.4326028612438,44.6721411479621,0.40326302677709,0.401793715880204,2022.25332520965,2022.25479452055,A/Mixed/ON/FAV-0189-1/2022|H5N1|Canada-ON|2022-04-04|avian|A1
1040,151,0.0014693108968864,-79.5655944862984,44.4364661333899,-79.9567280338655,45.0698575895033,0.40326302677709,0.401793715880204,2022.25332520965,2022.25479452055,A/Mixed/ON/FAV-0189-3/2022|H5N1|Canada-ON|2022-04-04|avian|A1
883,884,0.00605239166655336,-94.4145586324965,41.7413537017624,-93.8009637774081,42.3439054759431,0.405782982287389,0.399730590620836,2022.25126208439,2022.25731447606,NA
712,720,0.00392239738343947,-78.3220496853538,41.2232227635658,-77.9170973779918,40.7537102019264,0.40614304105844,0.402220643675001,2022.25375213745,2022.25767453483,NA
927,928,0.0325372971472125,-89.0290351610577,43.317420962495,-85.6222451174801,41.2226509077139,0.406411391534573,0.373874094387361,2022.22540558816,2022.25794288531,NA
720,721,0.000583636724440839,-77.9170973779918,40.7537102019264,-78.7131713448018,40.8794487293348,0.406726677782881,0.40614304105844,2022.25767453483,2022.25825817155,NA
707,708,0.0160173260197422,-78.7735078260572,42.0368503326328,-78.7722438544808,41.6210863314377,0.407586251272029,0.391568925252287,2022.24310041902,2022.25911774504,NA
884,885,0.00199341247887397,-93.8009637774081,42.3439054759431,-93.1142343472152,42.110642898232,0.407776394766263,0.405782982287389,2022.25731447606,2022.25930788854,NA
1031,231,0.142942134826723,-95.2988445427657,41.5359127212712,-106.87741046974,50.0681648021805,0.408742478832032,0.265800344005309,2022.11733183778,2022.2602739726,A/Snow_Goose/SK/FAV-0268-4/2022|H5N1|Canada-SK|2022-04-06|avian|A1
757,468,0.071055457513919,-82.4178360534705,45.3387708682646,-78.1667890712365,44.4748731740181,0.408742478832032,0.337687021318113,2022.18921851509,2022.2602739726,A/Canada_Goose/ON/FAV-0244-3/2022|H5N1|Canada-ON|2022-04-06|avian|A1
848,573,0.0102090137459621,-78.0520737710607,35.4905366224837,-79.7141014835025,36.3109736853919,0.408742478832032,0.39853346508607,2022.25006495886,2022.2602739726,A/turkey/North_Carolina/22-010448-001/2022|H5N1|USA-NC|2022-04-06|avian|A1
848,574,0.0102090137459621,-78.0520737710607,35.4905366224837,-78.7286073077084,34.1178734016805,0.408742478832032,0.39853346508607,2022.25006495886,2022.2602739726,A/turkey/North_Carolina/22-010448-003/2022|H5N1|USA-NC|2022-04-06|avian|A1
655,656,0.0161721099181243,-72.0922585997867,42.1828299078436,-71.8877530379677,43.7008032376704,0.408833682789922,0.392661572871798,2022.24419306664,2022.26036517656,NA
817,822,0.122331742675691,-77.6647368674797,40.5079533629245,-87.6589805191724,42.2893927127968,0.410856822016823,0.288525079341132,2022.14005657311,2022.26238831579,NA
836,837,0.0257121157636672,-78.9727309618729,35.0994826121391,-78.8791057825349,35.1292540762657,0.411079569109206,0.385367453345539,2022.23689894712,2022.26261106288,NA
919,78,0.28614662473474,-80.9530842123756,37.0613906026384,-81.1125918010077,43.6129989201598,0.41148220485939,0.12533558012465,2021.9768670739,2022.26301369863,A/Snowy_Owl/ON/FAV-0242-2/2022|H5N1|Canada-ON|2022-04-07|avian|A1
806,489,0.198353905207971,-63.7378550767091,44.6764609609698,-62.2738505333044,45.3369345611799,0.41148220485939,0.213128299651419,2022.06465979342,2022.26301369863,A/American_Crow/NS/FAV-0467-1/2022|H5N1|Canada-NS|2022-04-07|avian|A1
789,385,0.178127199051335,-76.2467655156544,35.937069816972,-80.2803278450026,43.4966514418434,0.41148220485939,0.233355005808054,2022.08488649958,2022.26301369863,A/Mixed/ON/FAV-0209-1/2022|H5N1|Canada-ON|2022-04-07|avian|A1
669,30,0.0674905707267257,-65.1896873839794,44.0483204579089,-76.0081302350367,43.4313033707067,0.41148220485939,0.343991634132664,2022.1955231279,2022.26301369863,A/Great_Horned_Owl/New_York/22-010806-001/2022|H5N1|USA-NY|2022-04-07|avian|A1
670,26,0.0228349202952399,-69.5733160060895,44.3281923611478,-79.6645861160615,42.1207785431179,0.41148220485939,0.38864728456415,2022.24017877833,2022.26301369863,A/Great_Horned_Owl/New_York/22-010804-002/2022|H5N1|USA-NY|2022-04-07|avian|A1
1158,1159,0.218236045938319,-86.9624181503451,39.4739511295823,-93.3964634550017,45.2142438433706,0.412534398836124,0.194298352897805,2022.04582984667,2022.26406589261,NA
706,726,0.0245599824682005,-78.8327117663282,42.0894191724781,-77.4082838986364,40.7447770946602,0.412661908183825,0.388101925715625,2022.23963341949,2022.26419340195,NA
670,671,0.0243439385894169,-69.5733160060895,44.3281923611478,-77.0520819768862,42.4467368890157,0.412991223153567,0.38864728456415,2022.24017877833,2022.26452271692,NA
885,886,0.00548454118846598,-93.1142343472152,42.110642898232,-94.7719388485913,41.5594184480041,0.413260935954729,0.407776394766263,2022.25930788854,2022.26479242973,NA
712,713,0.0141190817041418,-78.3220496853538,41.2232227635658,-78.2722767215112,41.1961526230184,0.416339725379143,0.402220643675001,2022.25375213745,2022.26787121915,NA
837,838,0.00541819676273192,-78.8791057825349,35.1292540762657,-78.906577872351,35.5408971447917,0.416497765871938,0.411079569109206,2022.26261106288,2022.26802925964,NA
1018,93,0.138031585490446,-98.7820800934689,40.6439594492058,-100.10809677496,38.6847820658794,0.416961656914104,0.278930071423659,2022.13046156519,2022.26849315068,A/Turkey/Kansas/22-011119-001/2022|H5N1|USA-KS|2022-04-09|avian|A1
656,55,0.0108677001515397,-71.8877530379677,43.7008032376704,-72.0799331749058,42.4205491202196,0.419701382941462,0.408833682789922,2022.26036517656,2022.27123287671,A/snowy_owl/MA/22MM00467/2022|H5N1|USA-MA|2022-04-10|avian|A1
1011,1026,0.217226920071118,-99.9260122182953,39.28671222371,-108.63763131455,43.277532882472,0.421904808782468,0.20467788871135,2022.05620938248,2022.27343630255,NA
925,311,0.264738619897585,-91.0476893676168,40.8809777753306,-86.5410818410929,44.1761982385544,0.422441108969047,0.157702489071461,2022.00923398284,2022.27397260274,A/Tundra_Swan/Michigan/22-011517-010/2022|H5N1|USA-MI|2022-04-11|avian|A1
960,307,0.0807016071423965,-98.721011692795,42.7908784692603,-90.459445180077,46.0157511923294,0.422441108969047,0.34173950182665,2022.1932709956,2022.27397260274,A/wood_duck/Wisconsin/22-013269-001/2022|H5N1|USA-WI|2022-04-11|avian|A1
837,559,0.0113615398598403,-78.8791057825349,35.1292540762657,-78.9452759759611,35.1933878668124,0.422441108969047,0.411079569109206,2022.26261106288,2022.27397260274,A/chicken/North_Carolina/22-010929-002/2022|H5N1|USA-NC|2022-04-11|avian|A1
838,560,0.00594334309710842,-78.906577872351,35.5408971447917,-79.7421820232309,36.4516134361703,0.422441108969047,0.416497765871938,2022.26802925964,2022.27397260274,A/chicken/North_Carolina/22-010929-007/2022|H5N1|USA-NC|2022-04-11|avian|A1
838,558,0.00594334309710842,-78.906577872351,35.5408971447917,-79.1903490767792,35.5981006620424,0.422441108969047,0.416497765871938,2022.26802925964,2022.27397260274,A/chicken/North_Carolina/22-010929-001/2022|H5N1|USA-NC|2022-04-11|avian|A1
713,715,0.00740272975436129,-78.2722767215112,41.1961526230184,-77.7250351757334,40.7112606848922,0.423742455133504,0.416339725379143,2022.26787121915,2022.2752739489,NA
882,367,0.0313652318052575,-96.5134897029835,41.7348893164054,-95.095534911071,42.7973901156939,0.425180834996404,0.393815603191146,2022.24534709696,2022.27671232877,A/American_White_Pelican/Iowa/22-011101-001/2022|H5N1|USA-IA|2022-04-12|avian|A1
883,368,0.0254502443755682,-94.4145586324965,41.7413537017624,-94.0028117270782,41.2820956616075,0.425180834996404,0.399730590620836,2022.25126208439,2022.27671232877,A/pelican/Iowa/22-011101-008/2022|H5N1|USA-IA|2022-04-12|avian|A1
884,364,0.0193978527090148,-93.8009637774081,42.3439054759431,-91.0207512155673,41.9417492716779,0.425180834996404,0.405782982287389,2022.25731447606,2022.27671232877,A/pelican/Iowa/22-011101-006/2022|H5N1|USA-IA|2022-04-12|avian|A1
885,369,0.0174044402301409,-93.1142343472152,42.110642898232,-92.5153398287305,41.9577372336934,0.425180834996404,0.407776394766263,2022.25930788854,2022.27671232877,A/American_White_Pelican/Iowa/22-011101-007/2022|H5N1|USA-IA|2022-04-12|avian|A1
886,366,0.0119198990416749,-94.7719388485913,41.5594184480041,-92.8886378799074,40.6303009756598,0.425180834996404,0.413260935954729,2022.26479242973,2022.27671232877,A/American_White_Pelican/Iowa/22-011101-003/2022|H5N1|USA-IA|2022-04-12|avian|A1
886,365,0.0119198990416749,-94.7719388485913,41.5594184480041,-94.459962142051,41.88520764389,0.425180834996404,0.413260935954729,2022.26479242973,2022.27671232877,A/pelican/Iowa/22-011101-009/2022|H5N1|USA-IA|2022-04-12|avian|A1
726,727,0.0128871084790262,-77.4082838986364,40.7447770946602,-78.1536330263356,40.4507982676275,0.425549016662851,0.412661908183825,2022.26419340195,2022.27708051043,NA
715,716,0.00216920199679116,-77.7250351757334,40.7112606848922,-77.9759943530458,40.952460093666,0.425911657130295,0.423742455133504,2022.2752739489,2022.2774431509,NA
720,724,0.020359836188191,-77.9170973779918,40.7537102019264,-78.8835219508684,40.465178414747,0.426502877246631,0.40614304105844,2022.25767453483,2022.27803437102,NA
928,313,0.0215091694891881,-85.6222451174801,41.2226509077139,-86.9652505752528,41.3945005347252,0.427920561023761,0.406411391534573,2022.25794288531,2022.27945205479,A/Bald_Eagle/Indiana/22-011948-001/2022|H5N1|USA-IN|2022-04-13|avian|A1
928,314,0.0215091694891881,-85.6222451174801,41.2226509077139,-87.3472428717397,41.2382094774966,0.427920561023761,0.406411391534573,2022.25794288531,2022.27945205479,A/Bald_Eagle/Indiana/22-011948-002/2022|H5N1|USA-IN|2022-04-13|avian|A1
1154,1155,0.0805383481080616,-90.2229964560265,42.4309737731032,-86.1371667640489,43.5416758476613,0.428511368097658,0.347973019989597,2022.19950451376,2022.28004286187,NA
724,725,0.00263836240741699,-78.8835219508684,40.465178414747,-79.0553978755599,40.463420877456,0.429141239654048,0.426502877246631,2022.27803437102,2022.28067273342,NA
727,734,0.00447452486800237,-78.1536330263356,40.4507982676275,-77.5900520249518,40.1872099292753,0.430023541530854,0.425549016662851,2022.27708051043,2022.2815550353,NA
715,718,0.00653076539414388,-77.7250351757334,40.7112606848922,-77.633160362405,40.6454477931456,0.430273220527648,0.423742455133504,2022.2752739489,2022.2818047143,NA
708,711,0.0229224520389062,-78.7722438544808,41.6210863314377,-78.4467386511485,40.935382508366,0.430508703310935,0.407586251272029,2022.25911774504,2022.28204019708,NA
721,441,0.0239336092682375,-78.7131713448018,40.8794487293348,-80.3639306357383,41.5914165431667,0.430660287051119,0.406726677782881,2022.25825817155,2022.28219178082,A/chicken/Pennsylvania/22-011531-006/2022|H5N1|USA-PA|2022-04-14|avian|A1
1026,106,0.00875547826865075,-108.63763131455,43.277532882472,-108.635947880125,43.4504720316042,0.430660287051119,0.421904808782468,2022.27343630255,2022.28219178082,A/Wild_Turkey/Wyoming/22-011876-001/2022|H5N1|USA-WY|2022-04-14|avian|A1
1026,107,0.00875547826865075,-108.63763131455,43.277532882472,-108.33103660284,41.2621267112979,0.430660287051119,0.421904808782468,2022.27343630255,2022.28219178082,A/Wild_Turkey/Wyoming/22-011876-002/2022|H5N1|USA-WY|2022-04-14|avian|A1
716,420,0.00474862992082359,-77.9759943530458,40.952460093666,-78.8912138610799,41.2397355190579,0.430660287051119,0.425911657130295,2022.2774431509,2022.28219178082,A/chicken/Pennsylvania/22-011531-005/2022|H5N1|USA-PA|2022-04-14|avian|A1
1155,163,0.00214891895346037,-86.1371667640489,43.5416758476613,-86.6593223951275,43.4583035615851,0.430660287051119,0.428511368097658,2022.28004286187,2022.28219178082,A/great_horned_owl/Michigan/22-012056-007/2022|H5N1|USA-MI|2022-04-14|avian|A1
1155,164,0.00214891895346037,-86.1371667640489,43.5416758476613,-85.990250273468,43.7630664281001,0.430660287051119,0.428511368097658,2022.28004286187,2022.28219178082,A/Great_Horned_Owl/Michigan/22-012056-006/2022|H5N1|USA-MI|2022-04-14|avian|A1
711,442,0.000151583740183869,-78.4467386511485,40.935382508366,-79.172555949411,40.928146331732,0.430660287051119,0.430508703310935,2022.28204019708,2022.28219178082,A/chicken/Pennsylvania/22-011531-002/2022|H5N1|USA-PA|2022-04-14|avian|A1
711,443,0.000151583740183869,-78.4467386511485,40.935382508366,-78.4470552225929,40.93516209321,0.430660287051119,0.430508703310935,2022.28204019708,2022.28219178082,A/chicken/Pennsylvania/22-011531-001/2022|H5N1|USA-PA|2022-04-14|avian|A1
718,719,0.000913149112755529,-77.633160362405,40.6454477931456,-77.7861286291665,40.2942235479486,0.431186369640403,0.430273220527648,2022.2818047143,2022.28271786341,NA
708,709,0.0255024226596572,-78.7722438544808,41.6210863314377,-79.5168406948665,41.2601113567128,0.433088673931686,0.407586251272029,2022.25911774504,2022.2846201677,NA
1142,221,0.238937555941481,-89.0691226651528,37.9239559650563,-91.4577476502812,40.7037604890062,0.433400013078476,0.194462457136995,2022.04599395091,2022.28493150685,A/Great_Horned_Owl/Iowa/22-011678-001/2022|H5N1|USA-IA|2022-04-15|avian|A1
713,714,0.0192247736540079,-78.2722767215112,41.1961526230184,-78.6373799431677,40.5992057935703,0.435564499033151,0.416339725379143,2022.26787121915,2022.2870959928,NA
719,412,0.00495336946543012,-77.7861286291665,40.2942235479486,-76.9307432318203,40.0878430811081,0.436139739105834,0.431186369640403,2022.28271786341,2022.28767123288,A/chicken/Pennsylvania/22-011767-001/2022|H5N1|USA-PA|2022-04-16|avian|A1
873,874,0.0520402295324103,-92.9756729152002,43.8719206091042,-93.7954798024164,44.3717827401668,0.43968399977062,0.38764377023821,2022.23917526401,2022.29121549354,NA
709,710,0.00803691187272526,-79.5168406948665,41.2601113567128,-79.3443600712129,41.2686788084743,0.441125585804411,0.433088673931686,2022.2846201677,2022.29265707958,NA
726,742,0.0284933487560447,-77.4082838986364,40.7447770946602,-77.6794676080481,41.7197429302526,0.44115525693987,0.412661908183825,2022.26419340195,2022.29268675071,NA
718,413,0.0113459706331278,-77.633160362405,40.6454477931456,-77.6416560429907,40.1248881390693,0.441619191160776,0.430273220527648,2022.2818047143,2022.29315068493,A/chicken/Pennsylvania/22-011920-001/2022|H5N1|USA-PA|2022-04-18|avian|A1
714,418,0.0060546921276251,-78.6373799431677,40.5992057935703,-78.3153629898274,41.1807475867047,0.441619191160776,0.435564499033151,2022.2870959928,2022.29315068493,A/chicken/Pennsylvania/22-011921-002/2022|H5N1|USA-PA|2022-04-18|avian|A1
716,717,0.0166748913197977,-77.9759943530458,40.952460093666,-77.9789045147379,41.0328912106235,0.442586548450093,0.425911657130295,2022.2774431509,2022.29411804222,NA
671,672,0.0299000921126835,-77.0520819768862,42.4467368890157,-77.0026864081365,42.2572738658894,0.44289131526625,0.412991223153567,2022.26452271692,2022.29442280904,NA
822,823,0.0324786299114208,-87.6589805191724,42.2893927127968,-91.9881958377436,42.1603765370032,0.443335451928244,0.410856822016823,2022.26238831579,2022.2948669457,NA
721,722,0.0368404954520425,-78.7131713448018,40.8794487293348,-76.0008990499752,41.7576554306735,0.443567173234924,0.406726677782881,2022.25825817155,2022.29509866701,NA
633,66,0.285619110330984,-64.2304863479829,44.6923163414588,-65.8050371480194,44.3478141421221,0.444358917188133,0.158739806857149,2022.01027130063,2022.29589041096,A/Red-Tailed_Hawk/NS/FAV-0326-1/2022|H5N1|Canada-NS|2022-04-19|avian|A1
724,417,0.0178560399415016,-78.8835219508684,40.465178414747,-79.1174179377515,40.5125449780812,0.444358917188133,0.426502877246631,2022.27803437102,2022.29589041096,A/chicken/Pennsylvania/22-012248-001/2022|H5N1|USA-PA|2022-04-19|avian|A1
725,416,0.0152176775340847,-79.0553978755599,40.463420877456,-79.1587157269027,40.482710000187,0.444358917188133,0.429141239654048,2022.28067273342,2022.29589041096,A/chicken/Pennsylvania/22-012248-003/2022|H5N1|USA-PA|2022-04-19|avian|A1
719,414,0.0131725475477297,-77.7861286291665,40.2942235479486,-79.6271728717487,39.816959225354,0.444358917188133,0.431186369640403,2022.28271786341,2022.29589041096,A/chicken/Pennsylvania/22-012091-001/2022|H5N1|USA-PA|2022-04-19|avian|A1
709,445,0.0112702432564472,-79.5168406948665,41.2601113567128,-77.7390322805438,40.4272141641758,0.444358917188133,0.433088673931686,2022.2846201677,2022.29589041096,A/chicken/Pennsylvania/22-012092-006/2022|H5N1|USA-PA|2022-04-19|avian|A1
714,419,0.0087944181549825,-78.6373799431677,40.5992057935703,-76.8731353861591,40.9121894307236,0.444358917188133,0.435564499033151,2022.2870959928,2022.29589041096,A/chicken/Pennsylvania/22-012092-007/2022|H5N1|USA-PA|2022-04-19|avian|A1
710,446,0.00323333138372195,-79.3443600712129,41.2686788084743,-78.6674940764148,41.4039806297838,0.444358917188133,0.441125585804411,2022.29265707958,2022.29589041096,A/chicken/Pennsylvania/22-012092-010/2022|H5N1|USA-PA|2022-04-19|avian|A1
710,444,0.00323333138372195,-79.3443600712129,41.2686788084743,-79.7706798562568,41.5229137168496,0.444358917188133,0.441125585804411,2022.29265707958,2022.29589041096,A/chicken/Pennsylvania/22-012092-005/2022|H5N1|USA-PA|2022-04-19|avian|A1
742,440,0.00320366024826335,-77.6794676080481,41.7197429302526,-77.645478089754,41.6862085668555,0.444358917188133,0.44115525693987,2022.29268675071,2022.29589041096,A/chicken/Pennsylvania/22-012092-008/2022|H5N1|USA-PA|2022-04-19|avian|A1
717,422,0.00177236873804021,-77.9789045147379,41.0328912106235,-77.7802468383336,41.0700551319464,0.444358917188133,0.442586548450093,2022.29411804222,2022.29589041096,A/chicken/Pennsylvania/22-012092-003/2022|H5N1|USA-PA|2022-04-19|avian|A1
745,463,0.0711594206948079,-75.8611464110335,48.0352568182808,-92.4531664327152,49.0286122066903,0.44709864321549,0.375939222520683,2022.22747071629,2022.29863013699,A/Common_Raven/ON/FAV-0320-3/2022|H5N1|Canada-ON|2022-04-20|avian|A1
671,29,0.0341074200619239,-77.0520819768862,42.4467368890157,-76.9962811876965,42.1661974628827,0.44709864321549,0.412991223153567,2022.26452271692,2022.29863013699,A/Ring-necked_pheasant/New_York/22-013873-001/2022|H5N1|USA-NY|2022-04-20|avian|A1
672,28,0.00420732794924039,-77.0026864081365,42.2572738658894,-77.2059352499425,42.0818284985918,0.44709864321549,0.44289131526625,2022.29442280904,2022.29863013699,A/Ring-necked_pheasant/New_York/22-013871-001/2022|H5N1|USA-NY|2022-04-20|avian|A1
734,735,0.017958417193546,-77.5900520249518,40.1872099292753,-77.4769235612871,40.1034165470677,0.4479819587244,0.430023541530854,2022.2815550353,2022.2995134525,NA
656,657,0.0392525887767302,-71.8877530379677,43.7008032376704,-71.5420931220824,42.1543794619862,0.448086271566652,0.408833682789922,2022.26036517656,2022.29961776534,NA
727,728,0.0225494515689121,-78.1536330263356,40.4507982676275,-75.5397893111814,40.4734802108048,0.448098468231763,0.425549016662851,2022.27708051043,2022.299629962,NA
1001,102,0.233104207069042,-99.9563618126796,38.873279646563,-112.470724608729,40.4133108156938,0.449838369242848,0.216734162173806,2022.06826565594,2022.30136986301,A/chicken/Utah/22-012375-001/2022|H5N1|USA-UT|2022-04-21|avian|A1
735,737,0.0045718734008815,-77.4769235612871,40.1034165470677,-76.8780934835948,40.2118610336778,0.452553832125281,0.4479819587244,2022.2995134525,2022.3040853259,NA
737,738,0.000254192539544396,-76.8780934835948,40.2118610336778,-76.9058526537176,40.2030651693752,0.452808024664825,0.452553832125281,2022.3040853259,2022.30433951844,NA
935,936,0.191833726789303,-99.4146035503255,44.0946391617434,-106.45242996384,44.0336884337055,0.454446127866033,0.26261240107673,2022.11414389485,2022.30597762164,NA
657,658,0.00772033785633008,-71.5420931220824,42.1543794619862,-71.6567247719728,42.2313251049172,0.455806609422982,0.448086271566652,2022.29961776534,2022.30733810319,NA
735,736,0.0088536553142381,-77.4769235612871,40.1034165470677,-76.9998139219491,40.0007055018449,0.456835614038638,0.4479819587244,2022.2995134525,2022.30836710781,NA
1093,1094,0.265407565716525,-87.3168246322621,37.9174288683642,-107.381097609786,43.7443386534268,0.457575542388232,0.192167976671707,2022.04369947044,2022.30910703616,NA
722,723,0.0154197540331926,-76.0008990499752,41.7576554306735,-77.9947149988951,40.8788654600765,0.458986927268116,0.443567173234924,2022.29509866701,2022.31051842104,NA
742,439,0.0196420164126351,-77.6794676080481,41.7197429302526,-79.5520193130319,40.6105273383851,0.460797273352505,0.44115525693987,2022.29268675071,2022.31232876712,A/chicken/Pennsylvania/22-012578-004/2022|H5N1|USA-PA|2022-04-25|avian|A1
1001,103,0.246802837206057,-99.9563618126796,38.873279646563,-101.483028018169,36.4164409955505,0.463536999379862,0.216734162173806,2022.06826565594,2022.31506849315,A/Owl/Texas/22-012996-001/2022|H5N1|USA-TX|2022-04-26|avian|A1
901,333,0.125357814492764,-86.4778992266532,30.9267663025343,-85.6499756928118,30.2008322379394,0.463536999379862,0.338179184887098,2022.18971067866,2022.31506849315,A/bald_eagle/Florida/22-013493-003/2022|H5N1|USA-FL|2022-04-26|avian|A1
672,27,0.0206456841136121,-77.0026864081365,42.2572738658894,-75.1110798633427,41.9994775055022,0.463536999379862,0.44289131526625,2022.29442280904,2022.31506849315,A/Ring-necked_Pheasant/New_York/22-013005-001/2022|H5N1|USA-NY|2022-04-26|avian|A1
722,449,0.0199698261449385,-76.0008990499752,41.7576554306735,-77.1142709092463,40.1572664803187,0.463536999379862,0.443567173234924,2022.29509866701,2022.31506849315,A/chicken/Pennsylvania/22-012742-002/2022|H5N1|USA-PA|2022-04-26|avian|A1
723,448,0.00455007211174585,-77.9947149988951,40.8788654600765,-77.7358007435652,40.9567666312978,0.463536999379862,0.458986927268116,2022.31051842104,2022.31506849315,A/chicken/Pennsylvania/22-012742-001/2022|H5N1|USA-PA|2022-04-26|avian|A1
738,739,0.0109563009010346,-76.9058526537176,40.2030651693752,-77.018039375088,40.3617003873654,0.46376432556586,0.452808024664825,2022.30433951844,2022.31529581934,NA
1009,1010,0.25548452104212,-100.892668991324,39.0630290869497,-112.705056005635,52.5248100711203,0.464878285386018,0.209393764343898,2022.06092525811,2022.31640977916,NA
948,308,0.229863253000545,-98.5938979119022,42.8461571714367,-93.2985376922236,44.912950136875,0.46627672540722,0.236413472406674,2022.08794496618,2022.31780821918,A/hooded_merganser/Minnesota/22-013435-001/2022|H5N1|USA-MN|2022-04-27|avian|A1
976,291,0.227991172021047,-91.2572343907601,38.9745624661262,-111.776366060316,52.7623288998603,0.46627672540722,0.238285553386173,2022.08981704716,2022.31780821918,A/Red-Tailed_Hawk/AB/FAV-0505-35/2022|H5N1|Canada-AB|2022-04-27|avian|A1
1010,100,0.00139844002120104,-112.705056005635,52.5248100711203,-111.821513532619,51.7663097476813,0.46627672540722,0.464878285386018,2022.31640977916,2022.31780821918,A/Canada_Goose/AB/FAV-0505-36/2022|H5N1|Canada-AB|2022-04-27|avian|A1
1010,101,0.00139844002120104,-112.705056005635,52.5248100711203,-112.936372068562,52.9100065126055,0.46627672540722,0.464878285386018,2022.31640977916,2022.31780821918,A/Great_Horned_Owl/AB/FAV-0505-38/2022|H5N1|Canada-AB|2022-04-27|avian|A1
868,356,0.2696828310318,-92.925873759766,40.1768300880925,-90.9133191354253,44.2704776047729,0.469016451434804,0.199333620403004,2022.05086511417,2022.32054794521,A/bald_eagle/Wisconsin/22-013262-001/2022|H5N1|USA-WI|2022-04-28|avian|A1
1154,162,0.121043431445208,-90.2229964560265,42.4309737731032,-95.8595574741854,43.9616132716903,0.469016451434804,0.347973019989597,2022.19950451376,2022.32054794521,A/red_shouldered_hawk/Minnesota/22-013517-010/2022|H5N1|USA-MN|2022-04-28|avian|A1
889,355,0.0761898242967757,-100.720446065494,40.5328503067966,-107.004980304548,39.9029710508621,0.469016451434804,0.392826627138029,2022.24435812091,2022.32054794521,A/chicken/Colorado/22-013057-001/2022|H5N1|USA-CO|2022-04-28|avian|A1
737,430,0.0164626193095233,-76.8780934835948,40.2118610336778,-77.0921440325109,39.9690512852651,0.469016451434804,0.452553832125281,2022.3040853259,2022.32054794521,A/Pekin_duck/Pennsylvania/22-013189-004/2022|H5N1|USA-PA|2022-04-28|avian|A1
738,427,0.0162084267699789,-76.9058526537176,40.2030651693752,-78.798771734319,40.6523746974923,0.469016451434804,0.452808024664825,2022.30433951844,2022.32054794521,A/Pekin_duck/Pennsylvania/22-013189-003/2022|H5N1|USA-PA|2022-04-28|avian|A1
889,890,0.0784529595665365,-100.720446065494,40.5328503067966,-104.724340074513,41.9537046068188,0.471279586704565,0.392826627138029,2022.24435812091,2022.32281108048,NA
936,266,0.020049775623486,-106.45242996384,44.0336884337055,-107.424023604994,44.547973894999,0.474495903489519,0.454446127866033,2022.30597762164,2022.32602739726,A/great_horned_owl/Wyoming/22-014489-002/2022|H5N1|USA-WY|2022-04-30|avian|A1
936,267,0.020049775623486,-106.45242996384,44.0336884337055,-107.042299142272,44.5054910166863,0.474495903489519,0.454446127866033,2022.30597762164,2022.32602739726,A/great_horned_owl/Wyoming/22-014489-001/2022|H5N1|USA-WY|2022-04-30|avian|A1
823,824,0.0324265801258594,-91.9881958377436,42.1603765370032,-91.0618401528546,43.0207012415779,0.475762032054103,0.443335451928244,2022.2948669457,2022.32729352582,NA
1021,89,0.193817253692724,-105.867498903881,41.5182000569744,-108.456142011471,51.9282194875729,0.477235629516877,0.283418375824153,2022.1349498696,2022.32876712329,A/Great_Horned_Owl/SK/FAV-0802-16/2022|H5N1|Canada-SK|2022-05-01|avian|A1
717,421,0.037388807094141,-77.9789045147379,41.0328912106235,-76.7274975899643,39.8714548098821,0.479975355544234,0.442586548450093,2022.29411804222,2022.33150684932,A/great_horned_owl/Pennsylvania/22-021652-001/2022|H5N1|USA-PA|2022-05-02|avian|A1
728,431,0.0318768873124706,-75.5397893111814,40.4734802108048,-75.4490084108621,40.3601706450476,0.479975355544234,0.448098468231763,2022.299629962,2022.33150684932,A/duck/Pennsylvania/22-013368-002/2022|H5N1|USA-PA|2022-05-02|avian|A1
658,51,0.0241687461212515,-71.6567247719728,42.2313251049172,-71.8872308129029,42.0729997199195,0.479975355544234,0.455806609422982,2022.30733810319,2022.33150684932,A/great_horned_owl/Massachusetts/22-016611-013/2022|H5N1|USA-MA|2022-05-02|avian|A1
658,50,0.0241687461212515,-71.6567247719728,42.2313251049172,-71.4343055662825,42.2259367357797,0.479975355544234,0.455806609422982,2022.30733810319,2022.33150684932,A/great_horned_owl/Massachusetts/22-016611-011/2022|H5N1|USA-MA|2022-05-02|avian|A1
890,353,0.00869576883966872,-104.724340074513,41.9537046068188,-108.212857819377,42.3012066740673,0.479975355544234,0.471279586704565,2022.32281108048,2022.33150684932,A/great_horned_owl/Wyoming/22-013814-001/2022|H5N1|USA-WY|2022-05-02|avian|A1
890,354,0.00869576883966872,-104.724340074513,41.9537046068188,-104.510314140334,42.1580258390734,0.479975355544234,0.471279586704565,2022.32281108048,2022.33150684932,A/great_horned_owl/Wyoming/22-013814-002/2022|H5N1|USA-WY|2022-05-02|avian|A1
728,729,0.0321805475707584,-75.5397893111814,40.4734802108048,-80.4259752931285,41.6643300689805,0.480279015802522,0.448098468231763,2022.299629962,2022.33181050957,NA
927,312,0.108840987184231,-89.0290351610577,43.317420962495,-90.5327837417011,48.2096301946162,0.482715081571591,0.373874094387361,2022.22540558816,2022.33424657534,A/Great_Horned_Owl/ON/FAV-0527-1/2022|H5N1|Canada-ON|2022-05-03|avian|A1
961,305,0.096189405950604,-96.4564619860585,43.9412629081827,-96.2030287007554,43.8957861811171,0.482715081571591,0.386525675620987,2022.23805716939,2022.33424657534,A/red_tailed_hawk/Minnesota/22-014517-001/2022|H5N1|USA-MN|2022-05-03|avian|A1
873,373,0.0950713113333815,-92.9756729152002,43.8719206091042,-95.5135702637253,43.7452999369584,0.482715081571591,0.38764377023821,2022.23917526401,2022.33424657534,A/great_horned_owl/Minnesota/22-013663-002/2022|H5N1|USA-MN|2022-05-03|avian|A1
824,825,0.00707111585081233,-91.0618401528546,43.0207012415779,-90.9321880362442,42.6475835462323,0.482833147904916,0.475762032054103,2022.32729352582,2022.33436464168,NA
866,376,0.291778785482302,-89.2073903777854,39.2628782913642,-96.3294894922334,46.2249666765946,0.485454807599176,0.193676022116875,2022.04520751589,2022.33698630137,A/turkey_vulture/Minnesota/22-014520-001/2022|H5N1|USA-MN|2022-05-04|avian|A1
818,543,0.158906254193791,-77.6917703297576,40.5160206699643,-76.6152512608405,44.7922390763866,0.485454807599176,0.326548553405385,2022.17808004718,2022.33698630137,A/Common_Raven/ON/FAV-0473-2/2022|H5N1|Canada-ON|2022-05-04|avian|A1
736,429,0.0286191935605384,-76.9998139219491,40.0007055018449,-76.514326645657,40.061110174171,0.485454807599176,0.456835614038638,2022.30836710781,2022.33698630137,A/chicken/Pennsylvania/22-014338-002/2022|H5N1|USA-PA|2022-05-04|avian|A1
736,428,0.0286191935605384,-76.9998139219491,40.0007055018449,-76.7116889611784,40.2974765073472,0.485454807599176,0.456835614038638,2022.30836710781,2022.33698630137,A/chicken/Pennsylvania/22-014338-001/2022|H5N1|USA-PA|2022-05-04|avian|A1
961,306,0.101668858005546,-96.4564619860585,43.9412629081827,-100.083407679645,56.3145046857574,0.488194533626533,0.386525675620987,2022.23805716939,2022.3397260274,A/Swainsons_Hawk/MB/FAV-0469-8/2022|H5N1|Canada-MB|2022-05-05|avian|A1
745,746,0.112738396171498,-75.8611464110335,48.0352568182808,-74.9491128691437,47.7421592157682,0.488677618692181,0.375939222520683,2022.22747071629,2022.34020911246,NA
729,730,0.0125342702391192,-80.4259752931285,41.6643300689805,-79.523338057,41.208162592974,0.492813286041641,0.480279015802522,2022.33181050957,2022.34434477981,NA
1159,126,0.0811395868451242,-93.3964634550017,45.2142438433706,-94.4457471536507,45.4370865431898,0.493673985681248,0.412534398836124,2022.26406589261,2022.34520547945,A/wood_duck/Minnesota/22-014659-001/2022|H5N1|USA-MN|2022-05-07|avian|A1
734,438,0.0636504441503947,-77.5900520249518,40.1872099292753,-80.082964833731,41.6080988371883,0.493673985681248,0.430023541530854,2022.2815550353,2022.34520547945,A/duck/Pennsylvania/22-014337-007/2022|H5N1|USA-PA|2022-05-07|avian|A1
746,747,0.00681761294456928,-74.9491128691437,47.7421592157682,-75.4226676016651,47.7334057843745,0.49549523163675,0.488677618692181,2022.34020911246,2022.34702672541,NA
739,741,0.0320701104401406,-77.018039375088,40.3617003873654,-77.0399186839029,40.3607555577838,0.495834436006001,0.46376432556586,2022.31529581934,2022.34736592978,NA
741,424,0.000579275702604964,-77.0399186839029,40.3607555577838,-75.5705573033155,39.9823330052359,0.496413711708606,0.495834436006001,2022.34736592978,2022.34794520548,A/duck/Pennsylvania/22-014339-002/2022|H5N1|USA-PA|2022-05-08|avian|A1
741,423,0.000579275702604964,-77.0399186839029,40.3607555577838,-77.0287492812656,40.369746988028,0.496413711708606,0.495834436006001,2022.34736592978,2022.34794520548,A/duck/Pennsylvania/22-014339-001/2022|H5N1|USA-PA|2022-05-08|avian|A1
730,732,0.00593495845888425,-79.523338057,41.208162592974,-79.5627827363421,41.1721077203844,0.498748244500525,0.492813286041641,2022.34434477981,2022.35027973827,NA
1159,125,0.0893587649274238,-93.3964634550017,45.2142438433706,-93.3487009524144,45.1617323839702,0.501893163763548,0.412534398836124,2022.26406589261,2022.35342465753,A/american_crow/Minnesota/22-014899-001/2022|H5N1|USA-MN|2022-05-10|avian|A1
730,731,0.0106621616467173,-79.523338057,41.208162592974,-79.3363172720943,40.8330832481725,0.503475447688358,0.492813286041641,2022.34434477981,2022.35500694146,NA
725,415,0.0754916501368568,-79.0553978755599,40.463420877456,-78.9383707400457,41.6839504330956,0.504632889790905,0.429141239654048,2022.28067273342,2022.35616438356,A/bald_eagle/Pennsylvania/22-021654-001/2022|H5N1|USA-PA|2022-05-11|avian|A1
739,740,0.0417298959261003,-77.018039375088,40.3617003873654,-78.4237878819044,40.421959090334,0.50549422149196,0.46376432556586,2022.31529581934,2022.35702571526,NA
825,826,0.0235940784994812,-90.9321880362442,42.6475835462323,-87.4805674089736,43.8415800445368,0.506427226404397,0.482833147904916,2022.33436464168,2022.35795872018,NA
723,447,0.0483856885501462,-77.9947149988951,40.8788654600765,-79.4988954054017,41.0836331637532,0.507372615818263,0.458986927268116,2022.31051842104,2022.35890410959,A/turkey_vulture/Pennsylvania/22-016661-001/2022|H5N1|USA-PA|2022-05-12|avian|A1
746,460,0.0186949971260819,-74.9491128691437,47.7421592157682,-75.3366368175255,47.8506780971691,0.507372615818263,0.488677618692181,2022.34020911246,2022.35890410959,A/American_Crow/QC/FAV-0855-6/2022|H5N1|Canada-QC|2022-05-12|avian|A1
747,461,0.0118773841815126,-75.4226676016651,47.7334057843745,-77.42115560059,61.9071692076016,0.507372615818263,0.49549523163675,2022.34702672541,2022.35890410959,A/American_Crow/QC/FAV-0855-5/2022|H5N1|Canada-QC|2022-05-12|avian|A1
747,462,0.0118773841815126,-75.4226676016651,47.7334057843745,-78.1065518757338,47.4024062751613,0.507372615818263,0.49549523163675,2022.34702672541,2022.35890410959,A/American_Crow/QC/FAV-0855-4/2022|H5N1|Canada-QC|2022-05-12|avian|A1
732,733,0.0102202056088295,-79.5627827363421,41.1721077203844,-79.4498998856888,41.2139373788403,0.508968450109355,0.498748244500525,2022.35027973827,2022.36049994388,NA
740,425,0.0046181203536596,-78.4237878819044,40.421959090334,-78.5940714822455,40.4969873875659,0.51011234184562,0.50549422149196,2022.35702571526,2022.36164383562,A/chicken/Pennsylvania/22-015036-002/2022|H5N1|USA-PA|2022-05-13|avian|A1
740,426,0.0046181203536596,-78.4237878819044,40.421959090334,-78.5151890528926,40.0349024748989,0.51011234184562,0.50549422149196,2022.35702571526,2022.36164383562,A/chicken/Pennsylvania/22-015036-001/2022|H5N1|USA-PA|2022-05-13|avian|A1
731,433,0.00937662018461916,-79.3363172720943,40.8330832481725,-79.3813483497274,40.7908684564114,0.512852067872977,0.503475447688358,2022.35500694146,2022.36438356164,A/chicken/Pennsylvania/22-015201-002/202|H5N1|USA-PA|2022-05-14|avian|A1
731,432,0.00937662018461916,-79.3363172720943,40.8330832481725,-78.0660497289871,40.4831544907218,0.512852067872977,0.503475447688358,2022.35500694146,2022.36438356164,A/chicken/Pennsylvania/22-015201-001/2022|H5N1|USA-PA|2022-05-14|avian|A1
874,370,0.0786475201572995,-93.7954798024164,44.3717827401668,-88.6012212019582,43.0831011031929,0.51833151992792,0.43968399977062,2022.29121549354,2022.3698630137,A/bald_eagle/Wisconsin/22-015545-001/2022|H5N1|USA-WI|2022-05-16|avian|A1
729,435,0.0380525041253978,-80.4259752931285,41.6643300689805,-76.3648322773051,41.7651537490623,0.51833151992792,0.480279015802522,2022.33181050957,2022.3698630137,A/Pekin_duck/Pennsylvania/22-015337-001/2022|H5N1|USA-PA|2022-05-16|avian|A1
732,436,0.0195832754273944,-79.5627827363421,41.1721077203844,-79.561822964788,41.1130649349415,0.51833151992792,0.498748244500525,2022.35027973827,2022.3698630137,A/Pekin_duck/Pennsylvania/22-015427-002/2022|H5N1|USA-PA|2022-05-16|avian|A1
733,437,0.00936306981856483,-79.4498998856888,41.2139373788403,-79.8769135340367,41.4121720213283,0.51833151992792,0.508968450109355,2022.36049994388,2022.3698630137,A/Pekin_duck/Pennsylvania/22-015337-003/2022|H5N1|USA-PA|2022-05-16|avian|A1
874,371,0.0813872461846569,-93.7954798024164,44.3717827401668,-93.0229946898721,44.6999622465046,0.521071245955277,0.43968399977062,2022.29121549354,2022.37260273973,A/red_tailed_hawk/Minnesota/22-015675-001/2022|H5N1|USA-MN|2022-05-17|avian|A1
1094,208,0.0634957035670447,-107.381097609786,43.7443386534268,-100.905652626275,46.4911161193946,0.521071245955277,0.457575542388232,2022.30910703616,2022.37260273973,A/snowy_egret/North_Dakota/22-015805-001/2022|H5N1|USA-ND|2022-05-17|avian|A1
733,434,0.0203219739279944,-79.4498998856888,41.2139373788403,-79.4881339272529,40.4330599585938,0.529290424037349,0.508968450109355,2022.36049994388,2022.38082191781,A/Pekin_duck/Pennsylvania/22-015943-001/2022|H5N1|USA-PA|2022-05-20|avian|A1
