node1,node2,length,startLon,startLat,endLon,endLat,endNodeL,startNodeL,startYear,endYear,tipLabel
583,584,0.0052212674640657,-78.544547750793,35.371745496292,-78.6536885102932,35.2813692241456,0.0052212674640657,0,2021.87511347533,2021.88033474279,NA
583,632,0.0053560576377929,-78.544547750793,35.371745496292,-78.4735831623877,35.8176407091166,0.0053560576377929,0,2021.87511347533,2021.88046953296,NA
632,635,0.00085220413860676,-78.4735831623877,35.8176407091166,-77.8324045026505,36.3260633687013,0.00620826177639966,0.0053560576377929,2021.88046953296,2021.8813217371,NA
635,943,0.00241712242434944,-77.8324045026505,36.3260633687013,-77.9224542435204,36.5041878807205,0.0086253842007491,0.00620826177639966,2021.8813217371,2021.88373885953,NA
943,944,0.000141310179779142,-77.9224542435204,36.5041878807205,-78.0623125172275,36.3477317873994,0.00876669438052824,0.0086253842007491,2021.88373885953,2021.88388016971,NA
943,1112,0.00233656442245644,-77.9224542435204,36.5041878807205,-77.5137200172207,36.6207085689187,0.0109619486232055,0.0086253842007491,2021.88373885953,2021.88607542395,NA
635,636,0.00506699671147581,-77.8324045026505,36.3260633687013,-79.8643867188693,35.4377336079297,0.0112752584878755,0.00620826177639966,2021.8813217371,2021.88638873382,NA
584,585,0.00721149446352776,-78.6536885102932,35.2813692241456,-78.2725950346356,35.1453747434406,0.0124327619275935,0.0052212674640657,2021.88033474279,2021.88754623725,NA
1112,1147,0.00182789014325757,-77.5137200172207,36.6207085689187,-78.1678264751844,36.6750605784164,0.0127898387664631,0.0109619486232055,2021.88607542395,2021.88790331409,NA
584,589,0.00767019678419323,-78.6536885102932,35.2813692241456,-79.5150034530599,34.5561178022295,0.0128914642482589,0.0052212674640657,2021.88033474279,2021.88800493958,NA
589,590,0.0000488550010642186,-79.5150034530599,34.5561178022295,-79.6490157032694,34.438426203461,0.0129403192493232,0.0128914642482589,2021.88800493958,2021.88805379458,NA
944,945,0.00462672261263597,-78.0623125172275,36.3477317873994,-77.1997104820128,36.7409701170472,0.0133934169931642,0.00876669438052824,2021.88388016971,2021.88850689232,NA
1147,1148,0.000619686323942936,-78.1678264751844,36.6750605784164,-78.0889086963654,36.7403657596545,0.013409525090406,0.0127898387664631,2021.88790331409,2021.88852300042,NA
944,1019,0.00483107147242667,-78.0623125172275,36.3477317873994,-78.3337397340251,36.2054190243973,0.0135977658529549,0.00876669438052824,2021.88388016971,2021.88871124118,NA
1148,1149,0.000240741180483672,-78.0889086963654,36.7403657596545,-77.8780484696835,36.6618184604574,0.0136502662708897,0.013409525090406,2021.88852300042,2021.8887637416,NA
1112,1113,0.00289470155729554,-77.5137200172207,36.6207085689187,-77.1230584910792,36.6462211220085,0.0138566501805011,0.0109619486232055,2021.88607542395,2021.88897012551,NA
945,1014,0.000479862961581423,-77.1997104820128,36.7409701170472,-76.9560397697538,36.5837641824793,0.0138732799547456,0.0133934169931642,2021.88850689232,2021.88898675528,NA
1019,1028,0.000423811804040719,-78.3337397340251,36.2054190243973,-78.3021520452649,36.1410707690531,0.0140215776569956,0.0135977658529549,2021.88871124118,2021.88913505298,NA
1028,1042,0.000128852732927065,-78.3021520452649,36.1410707690531,-78.4992785131078,36.14175660226,0.0141504303899227,0.0140215776569956,2021.88913505298,2021.88926390572,NA
1147,1160,0.00140819976022644,-78.1678264751844,36.6750605784164,-78.1691678702008,36.6781037565617,0.0141980385266895,0.0127898387664631,2021.88790331409,2021.88931151385,NA
1149,1156,0.000677032680291845,-77.8780484696835,36.6618184604574,-77.563906278742,36.5853808325195,0.0143272989511816,0.0136502662708897,2021.8887637416,2021.88944077428,NA
636,637,0.00310025830027039,-79.8643867188693,35.4377336079297,-79.7663633405925,35.3846877681823,0.0143755167881459,0.0112752584878755,2021.88638873382,2021.88948899212,NA
1149,1150,0.000749099666592201,-77.8780484696835,36.6618184604574,-77.4879271000617,36.4552370127358,0.0143993659374819,0.0136502662708897,2021.8887637416,2021.88951284126,NA
1042,1104,0.000387590772476187,-78.4992785131078,36.14175660226,-78.4326768741849,36.1265730541898,0.0145380211623989,0.0141504303899227,2021.88926390572,2021.88965149649,NA
1113,1114,0.000705626289943417,-77.1230584910792,36.6462211220085,-77.0726679358009,36.697377335834,0.0145622764704445,0.0138566501805011,2021.88897012551,2021.8896757518,NA
1114,1115,0.0000916629653022749,-77.0726679358009,36.697377335834,-77.0649945132129,36.6998543978334,0.0146539394357468,0.0145622764704445,2021.8896757518,2021.88976741476,NA
1014,1015,0.00079011418308883,-76.9560397697538,36.5837641824793,-76.246047142977,35.9343723404964,0.0146633941378345,0.0138732799547456,2021.88898675528,2021.88977686946,NA
1042,1043,0.000569938212168442,-78.4992785131078,36.14175660226,-78.5767776238785,36.0939423789911,0.0147203686020911,0.0141504303899227,2021.88926390572,2021.88983384393,NA
1150,1151,0.000350008244524247,-77.4879271000617,36.4552370127358,-77.3341729135552,36.3773402537575,0.0147493741820062,0.0143993659374819,2021.88951284126,2021.88986284951,NA
1115,1143,0.00118241340681857,-77.0649945132129,36.6998543978334,-76.8607855456671,35.8972864215116,0.0158363528425653,0.0146539394357468,2021.88976741476,2021.89094982817,NA
1043,1045,0.00201941594236543,-78.5767776238785,36.0939423789911,-78.5350852411703,35.9075714211416,0.0167397845444566,0.0147203686020911,2021.88983384393,2021.89185325987,NA
589,620,0.00446358229049393,-79.5150034530599,34.5561178022295,-80.8784583509784,36.2194395719955,0.0173550465387529,0.0128914642482589,2021.88800493958,2021.89246852187,NA
636,696,0.00907577971299434,-79.8643867188693,35.4377336079297,-81.0113172926508,35.309239659434,0.0203510382008698,0.0112752584878755,2021.88638873382,2021.89546451353,NA
696,697,0.0140770268622487,-81.0113172926508,35.309239659434,-81.9295438193782,34.113672589122,0.0344280650631185,0.0203510382008698,2021.89546451353,2021.90954154039,NA
1045,1046,0.0218258389366524,-78.5350852411703,35.9075714211416,-76.0348964479706,35.8175065500813,0.0385656234811089,0.0167397845444566,2021.89185325987,2021.91367909881,NA
1160,1161,0.0256477861432762,-78.1691678702008,36.6781037565617,-78.2680145161731,36.6947441325688,0.0398458246699658,0.0141980385266895,2021.88931151385,2021.9149593,NA
1104,1105,0.0317594899113555,-78.4326768741849,36.1265730541898,-78.4181958581486,36.1342495113362,0.0462975110737543,0.0145380211623989,2021.88965149649,2021.9214109864,NA
637,638,0.0335726426007594,-79.7663633405925,35.3846877681823,-82.1983341760152,35.8309445096747,0.0479481593889053,0.0143755167881459,2021.88948899212,2021.92306163472,NA
638,639,0.00220251250613346,-82.1983341760152,35.8309445096747,-79.6447545957653,34.6370624155659,0.0501506718950387,0.0479481593889053,2021.92306163472,2021.92526414722,NA
945,946,0.0385901085720766,-77.1997104820128,36.7409701170472,-77.3014824532425,36.7258183781384,0.0519835255652408,0.0133934169931642,2021.88850689232,2021.92709700089,NA
1156,1159,0.0429981937250976,-77.563906278742,36.5853808325195,-78.8510800551388,35.6644349506792,0.0573254926762792,0.0143272989511816,2021.88944077428,2021.932438968,NA
639,640,0.00779803754340191,-79.6447545957653,34.6370624155659,-79.042635996868,33.7101143505041,0.0579487094384407,0.0501506718950387,2021.92526414722,2021.93306218477,NA
640,641,0.000479608218759364,-79.042635996868,33.7101143505041,-78.6357396739454,33.6536166680244,0.0584283176572,0.0579487094384407,2021.93306218477,2021.93354179298,NA
946,947,0.00649095353037021,-77.3014824532425,36.7258183781384,-73.9141461485542,40.6199997208634,0.058474479095611,0.0519835255652408,2021.92709700089,2021.93358795442,NA
1046,1047,0.0226705212312583,-76.0348964479706,35.8175065500813,-76.5619704858395,35.2097805851213,0.0612361447123673,0.0385656234811089,2021.91367909881,2021.93634962004,NA
1143,1145,0.0480731127175325,-76.8607855456671,35.8972864215116,-78.0522053133619,34.7787335250648,0.0639094655600978,0.0158363528425653,2021.89094982817,2021.93902294089,NA
1105,1106,0.0268764787115117,-78.4181958581486,36.1342495113362,-78.0342508949977,36.3413411576768,0.073173989785266,0.0462975110737543,2021.9214109864,2021.94828746511,NA
1019,1020,0.0610678780809945,-78.3337397340251,36.2054190243973,-81.2792863598234,36.0444420677332,0.0746656439339494,0.0135977658529549,2021.88871124118,2021.94977911926,NA
947,948,0.0168024564472892,-73.9141461485542,40.6199997208634,-73.8089160780856,40.415984637038,0.0752769355429002,0.058474479095611,2021.93358795442,2021.95039041087,NA
1020,1021,0.00404554710994298,-81.2792863598234,36.0444420677332,-80.3143471702214,35.0919853057872,0.0787111910438923,0.0746656439339494,2021.94977911926,2021.95382466637,NA
1021,1022,0.000304528157459849,-80.3143471702214,35.0919853057872,-80.492109190877,35.0699374032935,0.0790157192013522,0.0787111910438923,2021.95382466637,2021.95412919453,NA
620,631,0.0621699912067792,-80.8784583509784,36.2194395719955,-80.0352216940686,33.6332417018779,0.0795250377455321,0.0173550465387529,2021.89246852187,2021.95463851307,NA
1150,1152,0.0655596065091932,-77.4879271000617,36.4552370127358,-77.5874388825825,35.7050941407796,0.0799589724466752,0.0143993659374819,2021.88951284126,2021.95507244777,NA
1028,1029,0.066248684707714,-78.3021520452649,36.1410707690531,-70.8337269082624,39.704836660924,0.0802702623647097,0.0140215776569956,2021.88913505298,2021.95538373769,NA
641,645,0.0234374669460723,-78.6357396739454,33.6536166680244,-78.8528059732493,33.9800582349411,0.0818657846032723,0.0584283176572,2021.93354179298,2021.95697925993,NA
590,591,0.0704798602720061,-79.6490157032694,34.438426203461,-80.6879764992835,34.6603051638708,0.0834201795213293,0.0129403192493232,2021.88805379458,2021.95853365485,NA
697,698,0.0507285529874951,-81.9295438193782,34.113672589122,-91.0794469474646,37.9510177759272,0.0851566180506136,0.0344280650631185,2021.90954154039,2021.96027009338,NA
640,654,0.0274761465824127,-79.042635996868,33.7101143505041,-79.3377426550046,33.0439027825516,0.0854248560208534,0.0579487094384407,2021.93306218477,2021.96053833135,NA
1106,1107,0.0127524365376529,-78.0342508949977,36.3413411576768,-78.1466167858271,34.9885515551322,0.0859264263229189,0.073173989785266,2021.94828746511,2021.96103990165,NA
698,714,0.00109341841725918,-91.0794469474646,37.9510177759272,-91.379047771916,38.3000666109079,0.0862500364678728,0.0851566180506136,2021.96027009338,2021.9613635118,NA
585,586,0.0765680063171056,-78.2725950346356,35.1453747434406,-76.8645842592913,35.2079366129535,0.089000768244699,0.0124327619275935,2021.88754623725,2021.96411424357,NA
1107,1108,0.00937953515495238,-78.1466167858271,34.9885515551322,-77.8452828720532,35.7044561919205,0.0953059614778713,0.0859264263229189,2021.96103990165,2021.9704194368,NA
1152,1153,0.0169170845487076,-77.5874388825825,35.7050941407796,-77.2348338496321,36.1088594544981,0.0968760569953827,0.0799589724466752,2021.95507244777,2021.97198953232,NA
696,941,0.0787572760731159,-81.0113172926508,35.309239659434,-77.8240302028329,36.6184020934843,0.0991083142739857,0.0203510382008698,2021.89546451353,2021.9742217896,NA
1156,1157,0.0848887428144058,-77.563906278742,36.5853808325195,-77.6346249879452,36.6302932905623,0.0992160417655874,0.0143272989511816,2021.88944077428,2021.97432951709,NA
654,665,0.0152386994806701,-79.3377426550046,33.0439027825516,-79.7972945254556,35.0407704826592,0.100663555501524,0.0854248560208534,2021.96053833135,2021.97577703083,NA
948,949,0.0256096640887384,-73.8089160780856,40.415984637038,-69.1578828130177,42.9933393779584,0.100886599631639,0.0752769355429002,2021.95039041087,2021.97600007496,NA
1029,1033,0.023499225512001,-70.8337269082624,39.704836660924,-70.639246449166,39.4067131270597,0.103769487876711,0.0802702623647097,2021.95538373769,2021.9788829632,NA
654,655,0.0195520535162438,-79.3377426550046,33.0439027825516,-77.3401797417405,34.2730144900816,0.104976909537097,0.0854248560208534,2021.96053833135,2021.98009038486,NA
586,587,0.0176580842321052,-76.8645842592913,35.2079366129535,-78.3876007118326,35.2161236995168,0.106658852476804,0.089000768244699,2021.96411424357,2021.9817723278,NA
949,950,0.00587171464449598,-69.1578828130177,42.9933393779584,-69.3362617660658,42.9520078309816,0.106758314276135,0.100886599631639,2021.97600007496,2021.9818717896,NA
714,715,0.0206819735489617,-91.379047771916,38.3000666109079,-93.503078303524,39.1754769333987,0.106932010016835,0.0862500364678728,2021.9613635118,2021.98204548534,NA
948,1005,0.035205335303051,-73.8089160780856,40.415984637038,-73.7025028285004,40.4054237083012,0.110482270845951,0.0752769355429002,2021.95039041087,2021.98559574617,NA
1005,1006,0.00022369356405405,-73.7025028285004,40.4054237083012,-73.863820527172,40.353887433649,0.110705964410005,0.110482270845951,2021.98559574617,2021.98581943974,NA
655,656,0.00740452108690626,-77.3401797417405,34.2730144900816,-78.0908663789148,35.3702892999141,0.112381430624003,0.104976909537097,2021.98009038486,2021.98749490595,NA
638,666,0.0666217449728377,-82.1983341760152,35.8309445096747,-82.6835477986064,35.7063716170689,0.114569904361743,0.0479481593889053,2021.92306163472,2021.98968337969,NA
645,653,0.0333923343339673,-78.8528059732493,33.9800582349411,-78.6712250037703,34.1868633781549,0.11525811893724,0.0818657846032723,2021.95697925993,2021.99037159426,NA
950,952,0.0087523816844477,-69.3362617660658,42.9520078309816,-71.6500556452108,43.0922267946718,0.115510695960582,0.106758314276135,2021.9818717896,2021.99062417129,NA
1022,1023,0.0385455508271751,-80.492109190877,35.0699374032935,-80.4721074447954,34.6681669729919,0.117561270028527,0.0790157192013522,2021.95412919453,2021.99267474536,NA
952,975,0.00328281820271248,-71.6500556452108,43.0922267946718,-71.2558888178119,42.9504744361176,0.118793514163295,0.115510695960582,2021.99062417129,2021.99390698949,NA
1023,514,0.0018458025896122,-80.4721074447954,34.6681669729919,-81.6919106518908,33.8155870993093,0.11940707261814,0.117561270028527,2021.99267474536,2021.99452054795,A/American_wigeon/South_Carolina/AH0195145/2021|H5N1|USA-SC|2021-12-30|avian|A1
1023,513,0.0018458025896122,-80.4721074447954,34.6681669729919,-80.4299126467404,34.57174413362,0.11940707261814,0.117561270028527,2021.99267474536,2021.99452054795,A/American_Wigeon/South_Carolina/22-000345-001/2021|H5N1|USA-SC|2021-12-30|avian|A1
941,942,0.0207401321764781,-77.8240302028329,36.6184020934843,-78.3797473825826,37.0686928172506,0.119848446450464,0.0991083142739857,2021.9742217896,2021.99496192178,NA
656,657,0.00760827994240076,-78.0908663789148,35.3702892999141,-77.4996437646369,35.2747623469504,0.119989710566404,0.112381430624003,2021.98749490595,2021.99510318589,NA
585,588,0.108017927762838,-78.2725950346356,35.1453747434406,-78.4686692617701,34.913802130303,0.120450689690431,0.0124327619275935,2021.88754623725,2021.99556416502,NA
655,661,0.016648336009876,-77.3401797417405,34.2730144900816,-78.1581077326291,35.1426345123113,0.121625245546973,0.104976909537097,2021.98009038486,2021.99673872087,NA
657,658,0.00301630807392084,-77.4996437646369,35.2747623469504,-77.8774510407068,35.4946220181042,0.123006018640325,0.119989710566404,2021.99510318589,2021.99811949397,NA
641,642,0.066951848586399,-78.6357396739454,33.6536166680244,-80.4494892697588,33.260621703361,0.125380166243599,0.0584283176572,2021.93354179298,2022.00049364157,NA
661,662,0.00568380059134233,-78.1581077326291,35.1426345123113,-78.7894764911288,35.292069048528,0.127309046138316,0.121625245546973,2021.99673872087,2022.00242252147,NA
949,1002,0.0270167742656215,-69.1578828130177,42.9933393779584,-64.8769730250716,42.0228236478978,0.12790337389726,0.100886599631639,2021.97600007496,2022.00301684922,NA
661,664,0.00669916134303938,-78.1581077326291,35.1426345123113,-77.2913690568219,35.1715613902931,0.128324406890013,0.121625245546973,2021.99673872087,2022.00343788222,NA
656,660,0.0175228219422836,-78.0908663789148,35.3702892999141,-76.3703819326956,35.9612970265971,0.129904252566287,0.112381430624003,2021.98749490595,2022.00501772789,NA
715,718,0.0229826082602328,-93.503078303524,39.1754769333987,-86.4747293775741,36.8563135961214,0.129914618277067,0.106932010016835,2021.98204548534,2022.0050280936,NA
1107,1110,0.0470586455218086,-78.1466167858271,34.9885515551322,-78.6002348437303,34.834801905291,0.132985071844728,0.0859264263229189,2021.96103990165,2022.00809854717,NA
975,976,0.0144063283487952,-71.2558888178119,42.9504744361176,-71.4497402045377,43.3836256271732,0.13319984251209,0.118793514163295,2021.99390698949,2022.00831331784,NA
718,719,0.00335047788431586,-86.4747293775741,36.8563135961214,-87.1770588860661,37.4825883755367,0.133265096161383,0.129914618277067,2022.0050280936,2022.00837857149,NA
632,633,0.127961918652852,-78.4735831623877,35.8176407091166,-76.8652753526391,35.8700599049617,0.133317976290645,0.0053560576377929,2021.88046953296,2022.00843145162,NA
662,663,0.00605106060143834,-78.7894764911288,35.292069048528,-78.794529255701,35.3184371182515,0.133360106739754,0.127309046138316,2022.00242252147,2022.00847358207,NA
719,720,0.000797262818639011,-87.1770588860661,37.4825883755367,-87.2661992557436,37.2316138148197,0.134062358980022,0.133265096161383,2022.00837857149,2022.00917583431,NA
952,953,0.0189188680910342,-71.6500556452108,43.0922267946718,-63.0274262805914,45.3122626708483,0.134429564051616,0.115510695960582,2021.99062417129,2022.00954303938,NA
1153,1154,0.0384062569321314,-77.2348338496321,36.1088594544981,-79.6258627576782,35.6307186700425,0.135282313927514,0.0968760569953827,2021.97198953232,2022.01039578925,NA
953,954,0.00139889421450612,-63.0274262805914,45.3122626708483,-65.3388296548798,45.9052939847151,0.135828458266123,0.134429564051616,2022.00954303938,2022.01094193359,NA
719,740,0.00257709602331102,-87.1770588860661,37.4825883755367,-87.2629462606887,37.8471936828516,0.135842192184694,0.133265096161383,2022.00837857149,2022.01095566751,NA
658,659,0.0133493734990136,-77.8774510407068,35.4946220181042,-77.9282988309476,35.3227499614274,0.136355392139339,0.123006018640325,2021.99811949397,2022.01146886747,NA
633,634,0.00454111249289069,-76.8652753526391,35.8700599049617,-76.9128322145466,35.6322141172055,0.137859088783536,0.133317976290645,2022.00843145162,2022.01297256411,NA
1154,1155,0.00258641756310096,-79.6258627576782,35.6307186700425,-79.1245601719881,35.461410354099,0.137868731490615,0.135282313927514,2022.01039578925,2022.01298220682,NA
1033,1034,0.034156993225945,-70.639246449166,39.4067131270597,-65.3176988419785,41.7520535148185,0.137926481102656,0.103769487876711,2021.9788829632,2022.01303995643,NA
1002,1004,0.010089704654343,-64.8769730250716,42.0228236478978,-64.6303623821377,42.6227561177622,0.137993078551603,0.12790337389726,2022.00301684922,2022.01310655388,NA
720,735,0.00415342563214949,-87.2661992557436,37.2316138148197,-87.4860647522848,37.1285117037605,0.138215784612172,0.134062358980022,2022.00917583431,2022.01332925994,NA
591,592,0.0549791699550047,-80.6879764992835,34.6603051638708,-79.8288558960749,33.8972601706563,0.138399349476334,0.0834201795213293,2021.95853365485,2022.0135128248,NA
590,551,0.125644835560546,-79.6490157032694,34.438426203461,-80.935047852087,34.9753209513562,0.138585154809869,0.0129403192493232,2021.88805379458,2022.01369863014,A/Gadwall/South_Carolina/22-001743-003/2022|H5N1|USA-SC|2022-01-06|avian|A1
697,80,0.10415708974675,-81.9295438193782,34.113672589122,-80.8274775208314,34.7878917689855,0.138585154809869,0.0344280650631185,2021.90954154039,2022.01369863014,A/American_Wigeon/South_Carolina/22-001743-014/2022|H5N1|USA-SC|2022-01-06|avian|A1
1020,515,0.0639195108759193,-81.2792863598234,36.0444420677332,-80.826160731553,34.1688276322199,0.138585154809869,0.0746656439339494,2021.94977911926,2022.01369863014,A/Blue-winged_and_Cinnamon_Teal/South_Carolina/22-001743-033/2022|H5N1|USA-SC|2022-01-06|avian|A1
1022,512,0.0595694356085165,-80.492109190877,35.0699374032935,-83.1154020605416,34.7771817264049,0.138585154809869,0.0790157192013522,2021.95412919453,2022.01369863014,A/Gadwall/South_Carolina/22-001743-004/2022|H5N1|USA-SC|2022-01-06|avian|A1
631,539,0.0590601170643366,-80.0352216940686,33.6332417018779,-80.6354136859432,33.8673216604884,0.138585154809869,0.0795250377455321,2021.95463851307,2022.01369863014,A/Gadwall/South_Carolina/22-001743-002/2022|H5N1|USA-SC|2022-01-06|avian|A1
631,538,0.0590601170643366,-80.0352216940686,33.6332417018779,-80.1818096868256,33.3010398131264,0.138585154809869,0.0795250377455321,2021.95463851307,2022.01369863014,A/Gadwall/South_Carolina/22-001743-008/2022|H5N1|USA-SC|2022-01-06|avian|A1
591,581,0.0551649752885394,-80.6879764992835,34.6603051638708,-83.1391952040164,34.5969700190482,0.138585154809869,0.0834201795213293,2021.95853365485,2022.01369863014,A/American_Wigeon/South_Carolina/22-001743-011/2022|H5N1|USA-SC|2022-01-06|avian|A1
592,580,0.000185805333534628,-79.8288558960749,33.8972601706563,-80.1766821174059,33.9294487703327,0.138585154809869,0.138399349476334,2022.0135128248,2022.01369863014,A/Gadwall/South_Carolina/22-001743-007/2022|H5N1|USA-SC|2022-01-06|avian|A1
1105,1111,0.0943272130222804,-78.4181958581486,36.1342495113362,-77.4488122891331,35.1359409400924,0.140624724096035,0.0462975110737543,2021.9214109864,2022.01573819942,NA
976,981,0.00765965977192884,-71.4497402045377,43.3836256271732,-71.4513452207381,43.349939011747,0.140859502284019,0.13319984251209,2022.00831331784,2022.01597297761,NA
740,745,0.00673316856072259,-87.2629462606887,37.8471936828516,-86.7983837256619,38.2485524924186,0.142575360745417,0.135842192184694,2022.01095566751,2022.01768883607,NA
1029,1030,0.0624291929085788,-70.8337269082624,39.704836660924,-75.7569170249498,39.8053100122475,0.142699455273289,0.0802702623647097,2021.95538373769,2022.0178129306,NA
1148,524,0.130655081774177,-78.0889086963654,36.7403657596545,-78.9321202780171,36.0050357151622,0.144064606864583,0.013409525090406,2021.88852300042,2022.01917808219,A/American_Wigeon/North_Carolina/22-001672-001/2022|H5N1|USA-NC|2022-01-08|avian|A1
1104,537,0.129526585702185,-78.4326768741849,36.1265730541898,-77.3674510528332,35.6684272230047,0.144064606864583,0.0145380211623989,2021.88965149649,2022.01917808219,A/Green-winged_Teal/North_Carolina/22-001673-001/2022|H5N1|USA-NC|2022-01-08|avian|A1
1114,506,0.129502330394139,-77.0726679358009,36.697377335834,-79.2618380306017,36.1660066447921,0.144064606864583,0.0145622764704445,2021.8896757518,2022.01917808219,A/American_Wigeon/North_Carolina/22-001330-030/2022|H5N1|USA-NC|2022-01-08|avian|A1
1045,518,0.127324822320127,-78.5350852411703,35.9075714211416,-78.4382211973041,35.9747082042723,0.144064606864583,0.0167397845444566,2021.89185325987,2022.01917808219,A/American_Wigeon/North_Carolina/22-001330-001/2022|H5N1|USA-NC|2022-01-08|avian|A1
1161,533,0.104218782194618,-78.2680145161731,36.6947441325688,-81.8477844243128,36.3373012496339,0.144064606864583,0.0398458246699658,2021.9149593,2022.01917808219,A/Gadwall/North_Carolina/22-001672-002/2022|H5N1|USA-NC|2022-01-08|avian|A1
1159,534,0.0867391141883043,-78.8510800551388,35.6644349506792,-78.7582365215402,35.6375056803974,0.144064606864583,0.0573254926762792,2021.932438968,2022.01917808219,A/American_Wigeon/North_Carolina/22-001330-029/2022|H5N1|USA-NC|2022-01-08|avian|A1
1047,500,0.0828284621522162,-76.5619704858395,35.2097805851213,-77.1450342659317,35.4215881740061,0.144064606864583,0.0612361447123673,2021.93634962004,2022.01917808219,A/American_Wigeon/North_Carolina/22-001330-012/2022|H5N1|USA-NC|2022-01-08|avian|A1
1145,481,0.0801551413044856,-78.0522053133619,34.7787335250648,-80.1639101537865,35.1348356635654,0.144064606864583,0.0639094655600978,2021.93902294089,2022.01917808219,A/American_Wigeon/North_Carolina/22-001330-019/2022|H5N1|USA-NC|2022-01-08|avian|A1
1152,523,0.0641056344179083,-77.5874388825825,35.7050941407796,-78.098355712507,35.8184649584645,0.144064606864583,0.0799589724466752,2021.95507244777,2022.01917808219,A/American_Wigeon/North_Carolina/22-001330-018/2022|H5N1|USA-NC|2022-01-08|avian|A1
586,479,0.0550638386198844,-76.8645842592913,35.2079366129535,-79.185363061973,36.4801112444958,0.144064606864583,0.089000768244699,2021.96411424357,2022.01917808219,A/Gadwall/North_Carolina/22-001330-021/2022|H5N1|USA-NC|2022-01-08|avian|A1
1153,519,0.0471885498692007,-77.2348338496321,36.1088594544981,-76.7959578104555,36.1002119839227,0.144064606864583,0.0968760569953827,2021.97198953232,2022.01917808219,A/American_Wigeon/North_Carolina/22-001330-031/2022|H5N1|USA-NC|2022-01-08|avian|A1
665,349,0.0434010513630599,-79.7972945254556,35.0407704826592,-78.704446824067,35.141167557927,0.144064606864583,0.100663555501524,2021.97577703083,2022.01917808219,A/American_Wigeon/North_Carolina/22-001330-024/2022|H5N1|USA-NC|2022-01-08|avian|A1
587,477,0.0374057543877792,-78.3876007118326,35.2161236995168,-78.5725550455385,35.6204552025785,0.144064606864583,0.106658852476804,2021.9817723278,2022.01917808219,A/American_Wigeon/North_Carolina/22-001672-005/2022|H5N1|USA-NC|2022-01-08|avian|A1
587,478,0.0374057543877792,-78.3876007118326,35.2161236995168,-79.5111520832615,35.9397883497246,0.144064606864583,0.106658852476804,2021.9817723278,2022.01917808219,A/American_Wigeon/North_Carolina/22-001672-009/2022|H5N1|USA-NC|2022-01-08|avian|A1
657,338,0.0240748962981793,-77.4996437646369,35.2747623469504,-77.3853920978941,35.0059361753541,0.144064606864583,0.119989710566404,2021.99510318589,2022.01917808219,A/American_Wigeon/North_Carolina/22-001330-015/2022|H5N1|USA-NC|2022-01-08|avian|A1
588,516,0.0236139171741523,-78.4686692617701,34.913802130303,-78.4301505512017,34.5931343925899,0.144064606864583,0.120450689690431,2021.99556416502,2022.01917808219,A/Gadwall/North_Carolina/22-001330-032/2022|H5N1|USA-NC|2022-01-08|avian|A1
588,517,0.0236139171741523,-78.4686692617701,34.913802130303,-78.1000437495593,35.0835901330263,0.144064606864583,0.120450689690431,2021.99556416502,2022.01917808219,A/American_wigeon/North_Carolina/AH0182954/2022|H5N1|USA-NC|2022-01-08|avian|A1
658,341,0.0210585882242584,-77.8774510407068,35.4946220181042,-78.3658093146178,36.2467148281888,0.144064606864583,0.123006018640325,2021.99811949397,2022.01917808219,A/American_Wigeon/North_Carolina/22-001330-011/2022|H5N1|USA-NC|2022-01-08|avian|A1
662,346,0.0167555607262679,-78.7894764911288,35.292069048528,-77.5938195863477,34.8552982355458,0.144064606864583,0.127309046138316,2022.00242252147,2022.01917808219,A/American_Wigeon/North_Carolina/22-001330-017/2022|H5N1|USA-NC|2022-01-08|avian|A1
664,347,0.0157401999745709,-77.2913690568219,35.1715613902931,-79.1059486682303,34.8663948540176,0.144064606864583,0.128324406890013,2022.00343788222,2022.01917808219,A/Gadwall/North_Carolina/22-001330-004/2022|H5N1|USA-NC|2022-01-08|avian|A1
660,340,0.0141603542982964,-76.3703819326956,35.9612970265971,-76.932541074183,35.750769018251,0.144064606864583,0.129904252566287,2022.00501772789,2022.01917808219,A/American_Wigeon/North_Carolina/22-001330-025/2022|H5N1|USA-NC|2022-01-08|avian|A1
1110,470,0.0110795350198559,-78.6002348437303,34.834801905291,-78.7273988421858,35.133491778442,0.144064606864583,0.132985071844728,2022.00809854717,2022.01917808219,A/American_wigeon/North_Carolina/AH0182517/2022|H5N1|USA-NC|2022-01-08|avian|A1
1110,469,0.0110795350198559,-78.6002348437303,34.834801905291,-78.9921706399254,34.5164117082711,0.144064606864583,0.132985071844728,2022.00809854717,2022.01917808219,A/Mallard/North_Carolina/22-001330-003/2022|H5N1|USA-NC|2022-01-08|avian|A1
633,502,0.0107466305739383,-76.8652753526391,35.8700599049617,-77.297937823107,35.0357206368026,0.144064606864583,0.133317976290645,2022.00843145162,2022.01917808219,A/American_Wigeon/North_Carolina/22-001329-001/2022|H5N1|USA-NC|2022-01-08|avian|A1
663,337,0.0107045001248296,-78.794529255701,35.3184371182515,-77.555133955908,35.553415346683,0.144064606864583,0.133360106739754,2022.00847358207,2022.01917808219,A/American_Wigeon/North_Carolina/22-001330-027/2022|H5N1|USA-NC|2022-01-08|avian|A1
663,344,0.0107045001248296,-78.794529255701,35.3184371182515,-78.9468643908046,35.3964482240572,0.144064606864583,0.133360106739754,2022.00847358207,2022.01917808219,A/American_Wigeon/North_Carolina/22-001330-023/2022|H5N1|USA-NC|2022-01-08|avian|A1
1154,522,0.00878229293706934,-79.6258627576782,35.6307186700425,-79.7114413391972,35.5200789704574,0.144064606864583,0.135282313927514,2022.01039578925,2022.01917808219,A/gadwall/North_Carolina/AH0182894/2022|H5N1|USA-NC|2022-01-08|avian|A1
659,343,0.00770921472524488,-77.9282988309476,35.3227499614274,-79.1696799154182,35.9787499230582,0.144064606864583,0.136355392139339,2022.01146886747,2022.01917808219,A/northern_pintail/North_Carolina/AH0182892/2022|H5N1|USA-NC|2022-01-08|avian|A1
659,342,0.00770921472524488,-77.9282988309476,35.3227499614274,-77.6637316092671,34.8360535281017,0.144064606864583,0.136355392139339,2022.01146886747,2022.01917808219,A/Gadwall/North_Carolina/22-001330-010/2022|H5N1|USA-NC|2022-01-08|avian|A1
634,503,0.00620551808104763,-76.9128322145466,35.6322141172055,-77.0488219349127,35.6558985146301,0.144064606864583,0.137859088783536,2022.01297256411,2022.01917808219,A/mallard/North_Carolina/AH0182886/2022|H5N1|USA-NC|2022-01-08|avian|A1
634,501,0.00620551808104763,-76.9128322145466,35.6322141172055,-77.369322681196,36.1329749263007,0.144064606864583,0.137859088783536,2022.01297256411,2022.01917808219,A/American_Wigeon/North_Carolina/22-001330-028/2022|H5N1|USA-NC|2022-01-08|avian|A1
1155,521,0.00619587537396837,-79.1245601719881,35.461410354099,-79.6002172355793,35.8319296766926,0.144064606864583,0.137868731490615,2022.01298220682,2022.01917808219,A/American_Wigeon/North_Carolina/22-001330-009/2022|H5N1|USA-NC|2022-01-08|avian|A1
1155,520,0.00619587537396837,-79.1245601719881,35.461410354099,-77.9376152599691,35.6226100253156,0.144064606864583,0.137868731490615,2022.01298220682,2022.01917808219,A/Northern_Shoveler/North_Carolina/22-001330-016/2022|H5N1|USA-NC|2022-01-08|avian|A1
1111,475,0.00343988276854867,-77.4488122891331,35.1359409400924,-77.695534074545,35.1357870444666,0.144064606864583,0.140624724096035,2022.01573819942,2022.01917808219,A/northern_shoveler/North_Carolina/AH0182913/2022|H5N1|USA-NC|2022-01-08|avian|A1
1111,474,0.00343988276854867,-77.4488122891331,35.1359409400924,-77.7265931831436,35.7249433700354,0.144064606864583,0.140624724096035,2022.01573819942,2022.01917808219,A/Northern_Pintail/North_Carolina/22-001330-008/2022|H5N1|USA-NC|2022-01-08|avian|A1
981,982,0.00499533809148323,-71.4513452207381,43.349939011747,-71.3013827512837,43.7454479891697,0.145854840375502,0.140859502284019,2022.01597297761,2022.0209683157,NA
745,746,0.00335708971235149,-86.7983837256619,38.2485524924186,-87.3581127605723,38.331326436702,0.145932450457768,0.142575360745417,2022.01768883607,2022.02104592578,NA
982,983,0.000201419197544683,-71.3013827512837,43.7454479891697,-71.305529502638,43.7489571856038,0.146056259573047,0.145854840375502,2022.0209683157,2022.0211697349,NA
746,747,0.00108254113082473,-87.3581127605723,38.331326436702,-87.3010350663866,38.3575367495437,0.147014991588593,0.145932450457768,2022.02104592578,2022.02212846692,NA
666,670,0.0340671833347787,-82.6835477986064,35.7063716170689,-92.6220773948484,41.7881376363396,0.148637087696522,0.114569904361743,2021.98968337969,2022.02375056302,NA
976,977,0.0173216320776466,-71.4497402045377,43.3836256271732,-71.3068410945974,43.5531873584201,0.150521474589737,0.13319984251209,2022.00831331784,2022.02563494992,NA
954,955,0.0156746252931963,-65.3388296548798,45.9052939847151,-62.790819213624,45.1654572896984,0.151503083559319,0.135828458266123,2022.01094193359,2022.02661655889,NA
950,951,0.0462995885491141,-69.3362617660658,42.9520078309816,-68.5967009908676,42.0534160509653,0.153057902825249,0.106758314276135,2021.9818717896,2022.02817137815,NA
714,893,0.0670254126629846,-91.379047771916,38.3000666109079,-93.0489020315333,39.5676008258639,0.153275449130857,0.0862500364678728,2021.9613635118,2022.02838892446,NA
645,646,0.0717450178934886,-78.8528059732493,33.9800582349411,-78.1148989009241,34.1083819632862,0.153610802496761,0.0818657846032723,2021.95697925993,2022.02872427782,NA
977,979,0.0039147630685924,-71.3068410945974,43.5531873584201,-70.7879250762168,44.0464217117269,0.154436237658329,0.150521474589737,2022.02563494992,2022.02954971299,NA
1004,67,0.0170304324226372,-64.6303623821377,42.6227561177622,-65.759066228644,44.3604374116593,0.15502351097424,0.137993078551603,2022.01310655388,2022.0301369863,A/Canada_Goose/NS/FAV-0054-1/2022|H5N1|Canada-NS|2022-01-12|avian|A1
747,748,0.00839941982740866,-87.3010350663866,38.3575367495437,-88.3979209176028,38.5422644856284,0.155414411416002,0.147014991588593,2022.02212846692,2022.03052788674,NA
979,980,0.0016303325166499,-70.7879250762168,44.0464217117269,-70.8517067172926,44.1203468978677,0.156066570174979,0.154436237658329,2022.02954971299,2022.0311800455,NA
1030,1031,0.0133924262386741,-75.7569170249498,39.8053100122475,-75.0351834233657,39.7175831808348,0.156091881511963,0.142699455273289,2022.0178129306,2022.03120535684,NA
983,984,0.0105549184402171,-71.305529502638,43.7489571856038,-71.4434162207794,44.1008498645963,0.156611178013264,0.146056259573047,2022.0211697349,2022.03172465334,NA
718,861,0.0270659582093621,-86.4747293775741,36.8563135961214,-87.313519008789,36.0534640224331,0.156980576486429,0.129914618277067,2022.0050280936,2022.03209405181,NA
982,985,0.0115821456492208,-71.3013827512837,43.7454479891697,-70.97551321079,43.2744169522397,0.157436986024723,0.145854840375502,2022.0209683157,2022.03255046135,NA
893,894,0.00487864514173519,-93.0489020315333,39.5676008258639,-93.0524967630012,39.5795642988365,0.158154094272593,0.153275449130857,2022.02838892446,2022.0332675696,NA
735,738,0.020816290980515,-87.4860647522848,37.1285117037605,-86.5498697110344,36.3518210307402,0.159032075592687,0.138215784612172,2022.01332925994,2022.03414555092,NA
861,867,0.00362060788076535,-87.313519008789,36.0534640224331,-87.8604912122596,35.9303291261778,0.160601184367195,0.156980576486429,2022.03209405181,2022.03571465969,NA
1115,1116,0.146441342321894,-77.0649945132129,36.6998543978334,-76.3694106439627,39.4764199119413,0.161095281757641,0.0146539394357468,2021.88976741476,2022.03620875708,NA
1116,1117,0.000395039131850572,-76.3694106439627,39.4764199119413,-76.2380001387735,39.4333227450214,0.161490320889491,0.161095281757641,2022.03620875708,2022.03660379622,NA
867,868,0.00194477420395711,-87.8604912122596,35.9303291261778,-87.7010932654565,35.9833286618614,0.162545958571152,0.160601184367195,2022.03571465969,2022.0376594339,NA
1108,1109,0.0676256433380317,-77.8452828720532,35.7044561919205,-75.5470088792594,38.5789967375866,0.162931604815903,0.0953059614778713,2021.9704194368,2022.03804508014,NA
748,755,0.00764676756763938,-88.3979209176028,38.5422644856284,-88.0500456726155,37.8027830662875,0.163061178983641,0.155414411416002,2022.03052788674,2022.03817465431,NA
653,328,0.047984570119073,-78.6712250037703,34.1868633781549,-78.3666107033657,34.7038618332185,0.163242689056313,0.11525811893724,2021.99037159426,2022.03835616438,A/Gadwall/North_Carolina/22-001996-001/2022|H5N1|USA-NC|2022-01-15|avian|A1
660,339,0.0333384364900255,-76.3703819326956,35.9612970265971,-78.1790422614239,35.4074377789845,0.163242689056313,0.129904252566287,2022.00501772789,2022.03835616438,A/Gadwall/North_Carolina/22-002491-002/2022|H5N1|USA-NC|2022-01-15|avian|A1
894,911,0.00547595741209272,-93.0524967630012,39.5795642988365,-92.6592494833922,39.9555472450632,0.163630051684685,0.158154094272593,2022.0332675696,2022.03874352701,NA
1113,1146,0.150201082225912,-77.1230584910792,36.6462211220085,-75.2874610669022,38.3772521290366,0.164057732406413,0.0138566501805011,2021.88897012551,2022.03917120773,NA
868,887,0.00214381532771901,-87.7010932654565,35.9833286618614,-87.821355104771,35.8989029348735,0.164689773898871,0.162545958571152,2022.0376594339,2022.03980324923,NA
755,756,0.00214648735320822,-88.0500456726155,37.8027830662875,-92.2891731442297,38.4665764841646,0.165207666336849,0.163061178983641,2022.03817465431,2022.04032114166,NA
755,763,0.00219127666473151,-88.0500456726155,37.8027830662875,-88.8345799539499,38.2997597437898,0.165252455648373,0.163061178983641,2022.03817465431,2022.04036593098,NA
747,770,0.0184741518488608,-87.3010350663866,38.3575367495437,-89.0911256722446,38.6878447930194,0.165489143437454,0.147014991588593,2022.02212846692,2022.04060261876,NA
1002,1003,0.0376091582643325,-64.8769730250716,42.0228236478978,-65.6509771496623,43.6320737977074,0.165512532161593,0.12790337389726,2022.00301684922,2022.04062600749,NA
770,771,0.000047239204267413,-89.0911256722446,38.6878447930194,-89.0547221765206,38.688957180734,0.165536382641721,0.165489143437454,2022.04060261876,2022.04064985797,NA
861,862,0.0100777481146476,-87.313519008789,36.0534640224331,-87.0630425126758,36.064628688042,0.167058324601077,0.156980576486429,2022.03209405181,2022.04217179993,NA
720,721,0.0350113607712322,-87.2661992557436,37.2316138148197,-87.6106705371564,38.478140420265,0.169073719751254,0.134062358980022,2022.00917583431,2022.04418719508,NA
985,986,0.0119390509359147,-70.97551321079,43.2744169522397,-70.9737935907161,43.4646220204049,0.169376036960638,0.157436986024723,2022.03255046135,2022.04448951229,NA
1034,1035,0.0326606415929857,-65.3176988419785,41.7520535148185,-65.9738298113249,44.3476713974235,0.170587122695641,0.137926481102656,2022.01303995643,2022.04570059802,NA
1035,1036,0.000200054489173262,-65.9738298113249,44.3476713974235,-66.2933205307162,44.4533621763941,0.170787177184815,0.170587122695641,2022.04570059802,2022.04590065251,NA
868,869,0.00832582440176899,-87.7010932654565,35.9833286618614,-87.7370155484404,35.3965805962742,0.170871782972921,0.162545958571152,2022.0376594339,2022.0459852583,NA
770,796,0.00552801200079767,-89.0911256722446,38.6878447930194,-94.1089520314033,39.0321823549971,0.171017155438251,0.165489143437454,2022.04060261876,2022.04613063077,NA
869,876,0.000639905911180683,-87.7370155484404,35.3965805962742,-87.7758363157284,35.4120596953228,0.171511688884102,0.170871782972921,2022.0459852583,2022.04662516421,NA
1036,1037,0.000974219828889233,-66.2933205307162,44.4533621763941,-66.0044220414713,44.764885714304,0.171761397013704,0.170787177184815,2022.04590065251,2022.04687487234,NA
1005,1010,0.0614546182901886,-73.7025028285004,40.4054237083012,-73.9060897168791,43.1698121853396,0.17193688913614,0.110482270845951,2021.98559574617,2022.04705036446,NA
698,699,0.0868928140981763,-91.0794469474646,37.9510177759272,-88.1133769463768,37.6425918046567,0.17204943214879,0.0851566180506136,2021.96027009338,2022.04716290748,NA
887,888,0.00818796338996597,-87.821355104771,35.8989029348735,-87.4518243616954,36.1511827221255,0.172877737288837,0.164689773898871,2022.03980324923,2022.04799121262,NA
699,700,0.00111415877623788,-88.1133769463768,37.6425918046567,-87.8097721004993,37.337297249618,0.173163590925028,0.17204943214879,2022.04716290748,2022.04827706625,NA
876,877,0.0020871533932354,-87.7758363157284,35.4120596953228,-88.1102227186575,36.0265858668757,0.173598842277337,0.171511688884102,2022.04662516421,2022.0487123176,NA
877,881,0.000108816756104302,-88.1102227186575,36.0265858668757,-87.8497800092539,35.8906919907997,0.173707659033441,0.173598842277337,2022.0487123176,2022.04882113436,NA
796,797,0.00309631315219983,-94.1089520314033,39.0321823549971,-94.1306614736447,38.0644081868804,0.174113468590451,0.171017155438251,2022.04613063077,2022.04922694392,NA
941,77,0.0750932788919838,-77.8240302028329,36.6184020934843,-78.0329098367122,37.2452758352555,0.17420159316597,0.0991083142739857,2021.9742217896,2022.04931506849,A/Green-winged_Teal/Virginia/22-002768-003/2022|H5N1|USA-VA|2022-01-19|avian|A1
746,831,0.0289838495627095,-87.3581127605723,38.331326436702,-89.5914688088346,38.2775475351843,0.174916300020478,0.145932450457768,2022.02104592578,2022.05002977535,NA
881,882,0.00141774564789432,-87.8497800092539,35.8906919907997,-88.061171400469,35.7345534463802,0.175125404681336,0.173707659033441,2022.04882113436,2022.05023888001,NA
882,885,0.000108920007297564,-88.061171400469,35.7345534463802,-88.2815151430273,35.7776935890354,0.175234324688633,0.175125404681336,2022.05023888001,2022.05034780002,NA
797,798,0.0014458145810573,-94.1306614736447,38.0644081868804,-93.9350326680434,38.0591826359561,0.175559283171509,0.174113468590451,2022.04922694392,2022.0506727585,NA
721,722,0.00717702327343106,-87.6106705371564,38.478140420265,-87.0786981289695,38.4800214431989,0.176250743024685,0.169073719751254,2022.04418719508,2022.05136421835,NA
1021,1024,0.097831607634964,-80.3143471702214,35.0919853057872,-82.4454090913544,30.9037315400375,0.176542798678856,0.0787111910438923,2021.95382466637,2022.05165627401,NA
894,895,0.0183946604043771,-93.0524967630012,39.5795642988365,-92.9376928447452,39.669567612321,0.17654875467697,0.158154094272593,2022.0332675696,2022.05166223,NA
745,845,0.0348033865781038,-86.7983837256619,38.2485524924186,-86.5134653503904,38.2286199657527,0.177378747323521,0.142575360745417,2022.01768883607,2022.05249222265,NA
862,863,0.0106055175282327,-87.0630425126758,36.064628688042,-86.9726908667577,35.7406058397844,0.17766384212931,0.167058324601077,2022.04217179993,2022.05277731746,NA
831,837,0.00275731421352132,-89.5914688088346,38.2775475351843,-89.6249308968845,38.31460346766,0.177673614233999,0.174916300020478,2022.05002977535,2022.05278708956,NA
748,749,0.0231012265386282,-88.3979209176028,38.5422644856284,-85.9417778433113,36.5619082497536,0.17851563795463,0.155414411416002,2022.03052788674,2022.05362911328,NA
1143,1144,0.162689276770783,-76.8607855456671,35.8972864215116,-79.0508040139984,39.5965547884869,0.178525629613348,0.0158363528425653,2021.89094982817,2022.05363910494,NA
955,956,0.0270490303783989,-62.790819213624,45.1654572896984,-66.4425660560879,45.2067718750326,0.178552113937718,0.151503083559319,2022.02661655889,2022.05366558926,NA
869,870,0.00774254475561242,-87.7370155484404,35.3965805962742,-88.1104104167776,35.5014650802639,0.178614327728533,0.170871782972921,2022.0459852583,2022.05372780306,NA
975,998,0.0602834304417044,-71.2558888178119,42.9504744361176,-72.0965065081356,41.3783086186912,0.179076944604999,0.118793514163295,2021.99390698949,2022.05419041993,NA
882,883,0.00438662789017841,-88.061171400469,35.7345534463802,-87.4813457421421,35.7833626609417,0.179512032571514,0.175125404681336,2022.05023888001,2022.0546255079,NA
1159,535,0.122355552544632,-78.8510800551388,35.6644349506792,-76.179633308638,36.5361410241496,0.179681045220912,0.0573254926762792,2021.932438968,2022.05479452055,A/Snow_Goose/North_Carolina/22-003496-007/2022|H5N1|USA-NC|2022-01-21|avian|A1
870,871,0.00107772373692283,-88.1104104167776,35.5014650802639,-88.4588859536556,35.2923958890058,0.179692051465456,0.178614327728533,2022.05372780306,2022.05480552679,NA
977,978,0.0291730230515904,-71.3068410945974,43.5531873584201,-71.2792788148537,43.3684366483171,0.179694497641327,0.150521474589737,2022.02563494992,2022.05480797297,NA
831,832,0.00485426167030678,-89.5914688088346,38.2775475351843,-88.9010929170879,35.7313829882502,0.179770561690785,0.174916300020478,2022.05002977535,2022.05488403702,NA
735,736,0.0416855231051814,-87.4860647522848,37.1285117037605,-89.1161873297355,36.034352913566,0.179901307717353,0.138215784612172,2022.01332925994,2022.05501478304,NA
763,768,0.0148273709237904,-88.8345799539499,38.2997597437898,-87.6582217476572,35.3271686460612,0.180079826572163,0.165252455648373,2022.04036593098,2022.0551933019,NA
837,840,0.00243132333553675,-89.6249308968845,38.31460346766,-89.9623630958354,38.350869726414,0.180104937569536,0.177673614233999,2022.05278708956,2022.0552184129,NA
771,774,0.0149329776313617,-89.0547221765206,38.688957180734,-90.595886665672,38.8284106623294,0.180469360273083,0.165536382641721,2022.04064985797,2022.0555828356,NA
953,971,0.046127317900849,-63.0274262805914,45.3122626708483,-63.4668062035654,45.399731741878,0.180556881952465,0.134429564051616,2022.00954303938,2022.05567035728,NA
774,791,0.000166820867154027,-90.595886665672,38.8284106623294,-90.5464287470982,38.8703535529432,0.180636181140237,0.180469360273083,2022.0555828356,2022.05574965647,NA
947,1011,0.122500086402036,-73.9141461485542,40.6199997208634,-64.8990213488067,44.5293349517831,0.180974565497647,0.058474479095611,2021.93358795442,2022.05608804082,NA
1011,1013,0.000089112765527477,-64.8990213488067,44.5293349517831,-65.5378467391214,44.4385175190792,0.181063678263175,0.180974565497647,2022.05608804082,2022.05617715359,NA
911,912,0.0176472782936757,-92.6592494833922,39.9555472450632,-95.7063346473047,41.0265460722075,0.181277329978361,0.163630051684685,2022.03874352701,2022.05639080531,NA
832,833,0.00181326397125625,-88.9010929170879,35.7313829882502,-88.6856393981617,36.0379680804653,0.181583825662041,0.179770561690785,2022.05488403702,2022.05669730099,NA
912,913,0.000310979036072245,-95.7063346473047,41.0265460722075,-95.3662833100697,41.0877472028921,0.181588309014433,0.181277329978361,2022.05639080531,2022.05670178434,NA
798,800,0.00636819111716314,-93.9350326680434,38.0591826359561,-92.0885791295722,39.1732600337811,0.181927474288672,0.175559283171509,2022.0506727585,2022.05704094962,NA
883,884,0.00248028564476221,-87.4813457421421,35.7833626609417,-87.3394575331366,35.985283885398,0.181992318216276,0.179512032571514,2022.0546255079,2022.05710579354,NA
876,886,0.0106204192375684,-87.7758363157284,35.4120596953228,-87.285407483735,36.1069206372287,0.18213210812167,0.171511688884102,2022.04662516421,2022.05724558345,NA
736,737,0.00223855822732544,-89.1161873297355,36.034352913566,-88.0019012647519,36.550719135907,0.182139865944678,0.179901307717353,2022.05501478304,2022.05725334127,NA
1145,480,0.118511305688171,-78.0522053133619,34.7787335250648,-78.564694659746,34.3623136314334,0.182420771248269,0.0639094655600978,2021.93902294089,2022.05753424658,A/Gadwall/North_Carolina/22-003150-010/2022|H5N1|USA-NC|2022-01-22|avian|A1
664,345,0.0540963643582565,-77.2913690568219,35.1715613902931,-79.1566624710721,35.262439707463,0.182420771248269,0.128324406890013,2022.00343788222,2022.05753424658,A/American_Wigeon/North_Carolina/22-003150-006/2022|H5N1|USA-NC|2022-01-22|avian|A1
646,329,0.0288099687515081,-78.1148989009241,34.1083819632862,-85.6295184607284,30.771658675027,0.182420771248269,0.153610802496761,2022.02872427782,2022.05753424658,A/Blue-winged_Teal/Florida/22-002578-009/2022|H5N1|USA-FL|2022-01-22|avian|A1
877,878,0.00883962494579305,-88.1102227186575,36.0265858668757,-88.1624236993163,35.9060606557183,0.18243846722313,0.173598842277337,2022.0487123176,2022.05755194255,NA
800,801,0.00052034247186683,-92.0885791295722,39.1732600337811,-91.5710570848884,39.5615940734832,0.182447816760539,0.181927474288672,2022.05704094962,2022.05756129209,NA
845,846,0.00560924845075883,-86.5134653503904,38.2286199657527,-87.0949136352724,39.4864946937245,0.182987995774279,0.177378747323521,2022.05249222265,2022.0581014711,NA
887,889,0.0183289940279691,-87.821355104771,35.8989029348735,-86.895755475372,35.9198246186745,0.18301876792684,0.164689773898871,2022.03980324923,2022.05813224325,NA
867,891,0.0225796890381746,-87.8604912122596,35.9303291261778,-88.8790772793082,35.5269034479853,0.183180873405369,0.160601184367195,2022.03571465969,2022.05829434873,NA
798,799,0.00771941248598063,-93.9350326680434,38.0591826359561,-94.4639479936425,38.5237728765994,0.183278695657489,0.175559283171509,2022.0506727585,2022.05839217098,NA
846,847,0.000410852547490181,-87.0949136352724,39.4864946937245,-86.9833813919336,39.6622113172892,0.18339884832177,0.182987995774279,2022.0581014711,2022.05851232365,NA
871,875,0.00379065790419897,-88.4588859536556,35.2923958890058,-88.6565586745066,35.4823324998417,0.183482709369655,0.179692051465456,2022.05480552679,2022.0585961847,NA
863,864,0.00621375584972872,-86.9726908667577,35.7406058397844,-87.1775492122228,35.8433714417305,0.183877597979038,0.17766384212931,2022.05277731746,2022.05899107331,NA
871,872,0.00420472576958741,-88.4588859536556,35.2923958890058,-88.4773139642313,35.3749820217202,0.183896777235043,0.179692051465456,2022.05480552679,2022.05901025256,NA
1011,1012,0.00294308915960106,-64.8990213488067,44.5293349517831,-64.4807920154418,44.0392686984297,0.183917654657248,0.180974565497647,2022.05608804082,2022.05903112998,NA
846,852,0.00117971874729028,-87.0949136352724,39.4864946937245,-87.1517101784087,39.4881491282089,0.18416771452157,0.182987995774279,2022.0581014711,2022.05928118985,NA
768,769,0.00420761882512022,-87.6582217476572,35.3271686460612,-87.6927125158015,35.3295838181739,0.184287445397283,0.180079826572163,2022.0551933019,2022.05940092072,NA
1144,483,0.0066348676622785,-79.0508040139984,39.5965547884869,-77.4190334599037,39.2641188398173,0.185160497275626,0.178525629613348,2022.05363910494,2022.0602739726,A/Lesser_scaup/MD/-LC-EESC-024/2022|H5N1|USA-MD|2022-01-23|avian|A1
1144,482,0.0066348676622785,-79.0508040139984,39.5965547884869,-78.9733342955599,39.617347245833,0.185160497275626,0.178525629613348,2022.05363910494,2022.0602739726,A/Lesser_Scaup/Maryland/22-003098-003/2022|H5N1|USA-MD|2022-01-23|avian|A1
872,873,0.00162017801667658,-88.4773139642313,35.3749820217202,-88.1563928110789,35.2913793326241,0.18551695525172,0.183896777235043,2022.05901025256,2022.06063043058,NA
895,896,0.00903163719358191,-92.9376928447452,39.669567612321,-92.7884338022003,39.6257905571858,0.185580391870552,0.17654875467697,2022.05166223,2022.0606938672,NA
891,892,0.004549453734919,-88.8790772793082,35.5269034479853,-88.6297580479947,34.1565058772388,0.187730327140288,0.183180873405369,2022.05829434873,2022.06284380247,NA
736,113,0.00799891558563082,-89.1161873297355,36.034352913566,-90.06462237911,35.1445245668549,0.187900223302984,0.179901307717353,2022.05501478304,2022.06301369863,A/mallard_duck/Tennessee/TN22-278/2022|H5N1|USA-TN|2022-01-24|avian|A1
768,245,0.00782039673082091,-87.6582217476572,35.3271686460612,-87.5792590692692,35.4522365604712,0.187900223302984,0.180079826572163,2022.0551933019,2022.06301369863,A/mallard/Tennessee/22-024871-002/2022|H5N1|USA-TN|2022-01-24|avian|A1
737,114,0.00576035735830538,-88.0019012647519,36.550719135907,-88.8237649825484,36.489987312979,0.187900223302984,0.182139865944678,2022.05725334127,2022.06301369863,A/mallard_duck/Tennessee/CEIRR-278/2022|H5N1|USA-TN|2022-01-24|avian|A1
737,115,0.00576035735830538,-88.0019012647519,36.550719135907,-84.2858187792745,36.0679872196389,0.187900223302984,0.182139865944678,2022.05725334127,2022.06301369863,A/mallard/Tennessee/22-024871-001/2022|H5N1|USA-TN|2022-01-24|avian|A1
769,246,0.00361277790570069,-87.6927125158015,35.3295838181739,-87.784427473397,35.5326529284915,0.187900223302984,0.184287445397283,2022.05940092072,2022.06301369863,A/mallard_duck/Tennessee/TN22-282/2022|H5N1|USA-TN|2022-01-24|avian|A1
769,247,0.00361277790570069,-87.6927125158015,35.3295838181739,-87.5464970913966,35.3559582053762,0.187900223302984,0.184287445397283,2022.05940092072,2022.06301369863,A/mallard_duck/Tennessee/CEIRR-282/2022|H5N1|USA-TN|2022-01-24|avian|A1
889,890,0.0050780143108099,-86.895755475372,35.9198246186745,-86.4725273068055,36.5473679764262,0.18809678223765,0.18301876792684,2022.05813224325,2022.06321025756,NA
878,879,0.00581503840071973,-88.1624236993163,35.9060606557183,-87.6643298026884,35.9146831629625,0.18825350562385,0.18243846722313,2022.05755194255,2022.06336698095,NA
879,880,0.000477607170846328,-87.6643298026884,35.9146831629625,-87.6455755598863,35.6298997069959,0.188731112794696,0.18825350562385,2022.06336698095,2022.06384458812,NA
873,874,0.00366584594494235,-88.1563928110789,35.2913793326241,-87.6704797264926,35.1964706701047,0.189182801196662,0.18551695525172,2022.06063043058,2022.06429627652,NA
863,865,0.0121999957734096,-86.9726908667577,35.7406058397844,-88.5150719351835,35.8445020206263,0.189863837902719,0.17766384212931,2022.05277731746,2022.06497731323,NA
888,173,0.0177622120415044,-87.4518243616954,36.1511827221255,-87.9410628153691,35.8632050969518,0.190639949330341,0.172877737288837,2022.04799121262,2022.06575342466,A/gadwall_duck/Tennessee/TN22-297/2022|H5N1|USA-TN|2022-01-25|avian|A1
888,188,0.0177622120415044,-87.4518243616954,36.1511827221255,-84.2183230489442,36.2621106057094,0.190639949330341,0.172877737288837,2022.04799121262,2022.06575342466,A/gadwall/Tennessee/22-024871-012/2022|H5N1|USA-TN|2022-01-25|avian|A1
885,199,0.0154056246417081,-88.2815151430273,35.7776935890354,-87.2472864951893,36.2477411821204,0.190639949330341,0.175234324688633,2022.05034780002,2022.06575342466,A/gadwall_duck/Tennessee/CEIRR-297/2022|H5N1|USA-TN|2022-01-25|avian|A1
885,184,0.0154056246417081,-88.2815151430273,35.7776935890354,-88.1549174742767,36.005057901472,0.190639949330341,0.175234324688633,2022.05034780002,2022.06575342466,A/american_wigeon/Tennessee/22-024871-013/2022|H5N1|USA-TN|2022-01-25|avian|A1
870,195,0.012025621601808,-88.1104104167776,35.5014650802639,-86.5290205886681,35.9168744674495,0.190639949330341,0.178614327728533,2022.05372780306,2022.06575342466,A/mallard_duck/Tennessee/TN22-293/2022|H5N1|USA-TN|2022-01-25|avian|A1
883,167,0.0111279167588273,-87.4813457421421,35.7833626609417,-87.4401421963291,36.1451744621527,0.190639949330341,0.179512032571514,2022.0546255079,2022.06575342466,A/gadwall_duck/Tennessee/CEIRR-295/2022|H5N1|USA-TN|2022-01-25|avian|A1
884,182,0.00864763111406508,-87.3394575331366,35.985283885398,-87.5305464327716,35.695998368076,0.190639949330341,0.181992318216276,2022.05710579354,2022.06575342466,A/gadwall/Tennessee/22-024871-010/2022|H5N1|USA-TN|2022-01-25|avian|A1
884,181,0.00864763111406508,-87.3394575331366,35.985283885398,-87.2724532375554,35.9459537196283,0.190639949330341,0.181992318216276,2022.05710579354,2022.06575342466,A/gadwall_duck/Tennessee/CEIRR-296/2022|H5N1|USA-TN|2022-01-25|avian|A1
886,174,0.00850784120867132,-87.285407483735,36.1069206372287,-87.5734548238124,35.7022188921047,0.190639949330341,0.18213210812167,2022.05724558345,2022.06575342466,A/mallard_duck/Tennessee/CEIRR-291/2022|H5N1|USA-TN|2022-01-25|avian|A1
886,198,0.00850784120867132,-87.285407483735,36.1069206372287,-86.1372828479044,35.3832512750859,0.190639949330341,0.18213210812167,2022.05724558345,2022.06575342466,A/mallard/Tennessee/22-024871-007/2022|H5N1|USA-TN|2022-01-25|avian|A1
878,186,0.00820148210721128,-88.1624236993163,35.9060606557183,-89.4151523834656,35.6787211817382,0.190639949330341,0.18243846722313,2022.05755194255,2022.06575342466,A/gadwall_duck/Tennessee/TN22-296/2022|H5N1|USA-TN|2022-01-25|avian|A1
889,194,0.00762118140350132,-86.895755475372,35.9198246186745,-87.5426132861843,36.4166803816911,0.190639949330341,0.18301876792684,2022.05813224325,2022.06575342466,A/mallard/Tennessee/22-024871-003/2022|H5N1|USA-TN|2022-01-25|avian|A1
891,172,0.00745907592497186,-88.8790772793082,35.5269034479853,-88.9857350474317,36.1099070212864,0.190639949330341,0.183180873405369,2022.05829434873,2022.06575342466,A/mallard_duck/Tennessee/CEIRR-293/2022|H5N1|USA-TN|2022-01-25|avian|A1
875,176,0.00715723996068618,-88.6565586745066,35.4823324998417,-89.0032673560994,35.0217751449358,0.190639949330341,0.183482709369655,2022.0585961847,2022.06575342466,A/mallard_duck/Tennessee/TN22-290/2022|H5N1|USA-TN|2022-01-25|avian|A1
875,183,0.00715723996068618,-88.6565586745066,35.4823324998417,-88.0974142869447,35.6984791939813,0.190639949330341,0.183482709369655,2022.0585961847,2022.06575342466,A/mallard/Tennessee/22-024871-009/2022|H5N1|USA-TN|2022-01-25|avian|A1
864,177,0.00676235135130288,-87.1775492122228,35.8433714417305,-87.1821666224424,36.3834241240905,0.190639949330341,0.183877597979038,2022.05899107331,2022.06575342466,A/gadwall_duck/Tennessee/TN22-295/2022|H5N1|USA-TN|2022-01-25|avian|A1
864,185,0.00676235135130288,-87.1775492122228,35.8433714417305,-85.0216942028424,35.7186258558449,0.190639949330341,0.183877597979038,2022.05899107331,2022.06575342466,A/mallard_duck/Tennessee/CEIRR-290/2022|H5N1|USA-TN|2022-01-25|avian|A1
872,171,0.00674317209529773,-88.4773139642313,35.3749820217202,-88.7185280652665,35.34655816773,0.190639949330341,0.183896777235043,2022.05901025256,2022.06575342466,A/gadwall/Tennessee/22-024871-015/2022|H5N1|USA-TN|2022-01-25|avian|A1
873,197,0.00512299407862116,-88.1563928110789,35.2913793326241,-86.6603288320522,36.3379880695992,0.190639949330341,0.18551695525172,2022.06063043058,2022.06575342466,A/American_wigeon/Tennessee/TN22-298/2022|H5N1|USA-TN|2022-01-25|avian|A1
892,187,0.00290962219005286,-88.6297580479947,34.1565058772388,-86.4332702150953,35.1739481250792,0.190639949330341,0.187730327140288,2022.06284380247,2022.06575342466,A/gadwall/Tennessee/22-024871-011/2022|H5N1|USA-TN|2022-01-25|avian|A1
892,175,0.00290962219005286,-88.6297580479947,34.1565058772388,-89.0488722180354,35.0451444418751,0.190639949330341,0.187730327140288,2022.06284380247,2022.06575342466,A/mallard_duck/Tennessee/TN22-288/2022|H5N1|USA-TN|2022-01-25|avian|A1
890,193,0.00254316709269142,-86.4725273068055,36.5473679764262,-86.4455492888758,36.6353251251345,0.190639949330341,0.18809678223765,2022.06321025756,2022.06575342466,A/mallard_duck/Tennessee/TN22-287/2022|H5N1|USA-TN|2022-01-25|avian|A1
890,192,0.00254316709269142,-86.4725273068055,36.5473679764262,-86.3973569730714,35.9152480889301,0.190639949330341,0.18809678223765,2022.06321025756,2022.06575342466,A/mallard_duck/Tennessee/CEIRR-287/2022|H5N1|USA-TN|2022-01-25|avian|A1
879,191,0.00238644370649155,-87.6643298026884,35.9146831629625,-87.9361897872191,36.5141240023406,0.190639949330341,0.18825350562385,2022.06336698095,2022.06575342466,A/mallard/Tennessee/22-024871-005/2022|H5N1|USA-TN|2022-01-25|avian|A1
880,196,0.00190883653564522,-87.6455755598863,35.6298997069959,-87.7188642008831,35.6367674888541,0.190639949330341,0.188731112794696,2022.06384458812,2022.06575342466,A/american_wigeon/Tennessee/CEIRR-298/2022|H5N1|USA-TN|2022-01-25|avian|A1
880,170,0.00190883653564522,-87.6455755598863,35.6298997069959,-86.7759099580418,35.9160626179911,0.190639949330341,0.188731112794696,2022.06384458812,2022.06575342466,A/mallard_duck/Tennessee/TN22-291/2022|H5N1|USA-TN|2022-01-25|avian|A1
874,168,0.00145714813367881,-87.6704797264926,35.1964706701047,-87.4210349273572,35.344561488028,0.190639949330341,0.189182801196662,2022.06429627652,2022.06575342466,A/mallard_duck/Tennessee/CEIRR-288/2022|H5N1|USA-TN|2022-01-25|avian|A1
874,189,0.00145714813367881,-87.6704797264926,35.1964706701047,-89.7168407463068,35.8764147645547,0.190639949330341,0.189182801196662,2022.06429627652,2022.06575342466,A/american_wigeon/Tennessee/22-024871-014/2022|H5N1|USA-TN|2022-01-25|avian|A1
865,190,0.000776111427622017,-88.5150719351835,35.8445020206263,-88.4251005849196,35.7687290483006,0.190639949330341,0.189863837902719,2022.06497731323,2022.06575342466,A/mallard/Tennessee/22-024871-004/2022|H5N1|USA-TN|2022-01-25|avian|A1
865,178,0.000776111427622017,-88.5150719351835,35.8445020206263,-86.6009474095226,36.4019170271946,0.190639949330341,0.189863837902719,2022.06497731323,2022.06575342466,A/mallard/Tennessee/22-024871-006/2022|H5N1|USA-TN|2022-01-25|avian|A1
774,775,0.0105098420547276,-90.595886665672,38.8284106623294,-90.7070599379694,39.9439482371337,0.19097920232781,0.180469360273083,2022.0555828356,2022.06609267765,NA
740,741,0.0556951519721198,-87.2629462606887,37.8471936828516,-87.0741430007223,39.6328222123207,0.191537344156814,0.135842192184694,2022.01095566751,2022.06665081948,NA
895,907,0.015201303258132,-92.9376928447452,39.669567612321,-92.9191780382118,39.8552647141385,0.191750057935102,0.17654875467697,2022.05166223,2022.06686353326,NA
956,962,0.013510569979424,-66.4425660560879,45.2067718750326,-68.853104542311,44.1337284661017,0.192062683917142,0.178552113937718,2022.05366558926,2022.06717615924,NA
699,707,0.0204878113535251,-88.1133769463768,37.6425918046567,-88.2561699395523,36.9614912240769,0.192537243502315,0.17204943214879,2022.04716290748,2022.06765071883,NA
1046,1048,0.154720613075814,-76.0348964479706,35.8175065500813,-78.2518330226957,39.9539358311507,0.193286236556923,0.0385656234811089,2021.91367909881,2022.06839971188,NA
1108,476,0.0980737138798273,-77.8452828720532,35.7044561919205,-80.0560626911418,36.1835563369556,0.193379675357699,0.0953059614778713,2021.9704194368,2022.06849315068,A/American_Wigeon/North_Carolina/22-003439-003/2022|H5N1|USA-NC|2022-01-26|avian|A1
981,59,0.0525201730736798,-71.4513452207381,43.349939011747,-72.2637772410231,43.3865482439523,0.193379675357699,0.140859502284019,2022.01597297761,2022.06849315068,A/Mallard/New_Hampshire/22-003359-025/2022|H5N1|USA-NH|2022-01-26|avian|A1
983,60,0.0473234157846519,-71.305529502638,43.7489571856038,-71.4179801356106,45.040972856682,0.193379675357699,0.146056259573047,2022.0211697349,2022.06849315068,A/Mallard/New_Hampshire/22-003359-036/2022|H5N1|USA-NH|2022-01-26|avian|A1
979,38,0.0389434376993697,-70.7879250762168,44.0464217117269,-71.5742971732699,43.2727095277315,0.193379675357699,0.154436237658329,2022.02954971299,2022.06849315068,A/Mallard/New_Hampshire/22-003417-048/2022|H5N1|USA-NH|2022-01-26|avian|A1
980,39,0.0373131051827198,-70.8517067172926,44.1203468978677,-71.0330238542854,44.2892149709996,0.193379675357699,0.156066570174979,2022.0311800455,2022.06849315068,A/Mallard/New_Hampshire/22-003417-043/2022|H5N1|USA-NH|2022-01-26|avian|A1
980,40,0.0373131051827198,-70.8517067172926,44.1203468978677,-71.0056352835561,43.9375975205936,0.193379675357699,0.156066570174979,2022.0311800455,2022.06849315068,A/Mallard/New_Hampshire/22-003417-047/2022|H5N1|USA-NH|2022-01-26|avian|A1
984,45,0.0367684973444349,-71.4434162207794,44.1008498645963,-72.2377607600121,43.5912134318918,0.193379675357699,0.156611178013264,2022.03172465334,2022.06849315068,A/Mallard/New_Hampshire/22-003359-006/2022|H5N1|USA-NH|2022-01-26|avian|A1
984,46,0.0367684973444349,-71.4434162207794,44.1008498645963,-71.3606434878973,44.055003286927,0.193379675357699,0.156611178013264,2022.03172465334,2022.06849315068,A/Mallard/New_Hampshire/22-003417-039/2022|H5N1|USA-NH|2022-01-26|avian|A1
985,43,0.0359426893329758,-70.97551321079,43.2744169522397,-70.9487112855169,43.2572173103994,0.193379675357699,0.157436986024723,2022.03255046135,2022.06849315068,A/Mallard/New_Hampshire/22-003417-032/2022|H5N1|USA-NH|2022-01-26|avian|A1
1109,472,0.0304480705417957,-75.5470088792594,38.5789967375866,-75.5822810881743,38.7018504312862,0.193379675357699,0.162931604815903,2022.03804508014,2022.06849315068,A/American_Wigeon/Delaware/22-003358-008/2022|H5N1|USA-DE|2022-01-26|avian|A1
986,44,0.0240036383970611,-70.9737935907161,43.4646220204049,-71.1116104989979,43.6273478338995,0.193379675357699,0.169376036960638,2022.04448951229,2022.06849315068,A/Mallard/New_Hampshire/22-003417-053/2022|H5N1|USA-NH|2022-01-26|avian|A1
978,42,0.0136851777163717,-71.2792788148537,43.3684366483171,-71.6002293552689,43.2939002845377,0.193379675357699,0.179694497641327,2022.05480797297,2022.06849315068,A/Mallard/New_Hampshire/22-003417-054/2022|H5N1|USA-NH|2022-01-26|avian|A1
845,854,0.0164288886429288,-86.5134653503904,38.2286199657527,-82.6060099935208,40.8061384609226,0.193807635966449,0.177378747323521,2022.05249222265,2022.06892111129,NA
670,671,0.0456916903067556,-92.6220773948484,41.7881376363396,-92.1205993899967,41.3816783943092,0.194328778003277,0.148637087696522,2022.02375056302,2022.06944225333,NA
833,835,0.0132779774705153,-88.6856393981617,36.0379680804653,-88.1212851382369,36.5483260180728,0.194861803132556,0.181583825662041,2022.05669730099,2022.06997527846,NA
775,776,0.00397795600073247,-90.7070599379694,39.9439482371337,-91.2729232460599,40.1225200290742,0.194957158328543,0.19097920232781,2022.06609267765,2022.07007063366,NA
971,19,0.0155625194328179,-63.4668062035654,45.399731741878,-63.7289315629228,45.4668920761642,0.196119401385283,0.180556881952465,2022.05567035728,2022.07123287671,A/Mallard/NS/FAV-0094-78/2022|H5N1|Canada-NS|2022-01-27|avian|A1
862,866,0.0290970576866804,-87.0630425126758,36.064628688042,-88.901113574238,35.7903376812047,0.196155382287757,0.167058324601077,2022.04217179993,2022.07126885761,NA
998,999,0.0172920255028648,-72.0965065081356,41.3783086186912,-72.3587338657429,41.6384975067563,0.196368970107864,0.179076944604999,2022.05419041993,2022.07148244544,NA
854,856,0.00422353924866126,-82.6060099935208,40.8061384609226,-82.4028931606343,40.7053820981643,0.198031175215111,0.193807635966449,2022.06892111129,2022.07314465054,NA
962,963,0.00628920459853,-68.853104542311,44.1337284661017,-69.0699155792325,44.6920464880671,0.198351888515672,0.192062683917142,2022.06717615924,2022.07346536384,NA
1013,72,0.0177954491494662,-65.5378467391214,44.4385175190792,-65.5164936274028,44.3863269840416,0.198859127412641,0.181063678263175,2022.05617715359,2022.07397260274,A/Mixed/NS/FAV-0066-1/2021|H5N1|Canada-NS|2022-01-28|avian|A1
1013,73,0.0177954491494662,-65.5378467391214,44.4385175190792,-64.8326068107922,44.6601300625728,0.198859127412641,0.181063678263175,2022.05617715359,2022.07397260274,A/Mixed/NS/FAV-0066-3/2021|H5N1|Canada-NS|2022-01-28|avian|A1
1012,71,0.0149414727553926,-64.4807920154418,44.0392686984297,-64.8929539981515,44.0808548454888,0.198859127412641,0.183917654657248,2022.05903112998,2022.07397260274,A/Mixed/NS/FAV-0065-10/2022|H5N1|Canada-NS|2022-01-28|avian|A1
1012,70,0.0149414727553926,-64.4807920154418,44.0392686984297,-65.6402999526877,44.708191425467,0.198859127412641,0.183917654657248,2022.05903112998,2022.07397260274,A/Mixed/NS/FAV-0065-11/2022|H5N1|Canada-NS|2022-01-28|avian|A1
896,904,0.0134274591976588,-92.7884338022003,39.6257905571858,-93.1119752297178,38.4412375159678,0.19900785106821,0.185580391870552,2022.0606938672,2022.0741213264,NA
835,836,0.00433912906047318,-88.1212851382369,36.5483260180728,-87.9295304810647,36.2167878347641,0.199200932193029,0.194861803132556,2022.06997527846,2022.07431440752,NA
749,750,0.0209631541325824,-85.9417778433113,36.5619082497536,-85.643115477706,37.6439216404219,0.199478792087212,0.17851563795463,2022.05362911328,2022.07459226741,NA
847,848,0.0167777143081919,-86.9833813919336,39.6622113172892,-86.2725550494931,37.8348535677898,0.200176562629961,0.18339884832177,2022.05851232365,2022.07529003796,NA
1006,1009,0.0898950070913614,-73.863820527172,40.353887433649,-71.7603062890307,42.1436560114269,0.200600971501367,0.110705964410005,2021.98581943974,2022.07571444683,NA
722,732,0.0248616657488354,-87.0786981289695,38.4800214431989,-86.9312499915756,38.0930950345284,0.201112408773521,0.176250743024685,2022.05136421835,2022.0762258841,NA
1015,74,0.186935459302164,-76.246047142977,35.9343723404964,-79.4865468155662,35.3857168544593,0.201598853439998,0.0146633941378345,2021.88977686946,2022.07671232877,A/Green-winged_Teal/North_Carolina/22-003830-004/2022|H5N1|USA-NC|2022-01-29|avian|A1
1151,525,0.186849479257992,-77.3341729135552,36.3773402537575,-78.9963565153091,35.279164987092,0.201598853439998,0.0147493741820062,2021.88986284951,2022.07671232877,A/Northern_Shoveler/North_Carolina/22-003831-019/2022|H5N1|USA-NC|2022-01-29|avian|A1
1151,528,0.186849479257992,-77.3341729135552,36.3773402537575,-77.2188285159497,36.1773427375314,0.201598853439998,0.0147493741820062,2021.88986284951,2022.07671232877,A/Wood_Duck/North_Carolina/22-003829-001/2022|H5N1|USA-NC|2022-01-29|avian|A1
639,383,0.151448181544959,-79.6447545957653,34.6370624155659,-77.3659236519066,35.8324779019783,0.201598853439998,0.0501506718950387,2021.92526414722,2022.07671232877,A/Green-winged_Teal/North_Carolina/22-003444-004/2022|H5N1|USA-NC|2022-01-29|avian|A1
1047,582,0.140362708727631,-76.5619704858395,35.2097805851213,-76.9211949039036,35.9314915525271,0.201598853439998,0.0612361447123673,2021.93634962004,2022.07671232877,A/Green-winged_Teal/North_Carolina/22-003830-009/2022|H5N1|USA-NC|2022-01-29|avian|A1
1157,529,0.102382811674411,-77.6346249879452,36.6302932905623,-80.8743416079029,35.221199458563,0.201598853439998,0.0992160417655874,2021.97432951709,2022.07671232877,A/Green-winged_Teal/North_Carolina/22-003827-001/2022|H5N1|USA-NC|2022-01-29|avian|A1
665,348,0.100935297938475,-79.7972945254556,35.0407704826592,-79.4772028100875,35.0000232329489,0.201598853439998,0.100663555501524,2021.97577703083,2022.07671232877,A/Green-winged_Teal/North_Carolina/22-003830-003/2022|H5N1|USA-NC|2022-01-29|avian|A1
653,327,0.0863407345027586,-78.6712250037703,34.1868633781549,-78.2897793284806,34.2902094216721,0.201598853439998,0.11525811893724,2021.99037159426,2022.07671232877,A/Mallard/North_Carolina/22-003441-001/2022|H5N1|USA-NC|2022-01-29|avian|A1
942,76,0.0817504069895344,-78.3797473825826,37.0686928172506,-78.0250669987248,38.1399602867633,0.201598853439998,0.119848446450464,2021.99496192178,2022.07671232877,A/Gadwall/Virginia/22-003923-001/2022|H5N1|USA-VA|2022-01-29|avian|A1
1161,1162,0.162062035377181,-78.2680145161731,36.6947441325688,-85.2688774536772,36.2770786107203,0.201907860047146,0.0398458246699658,2021.9149593,2022.07702133537,NA
896,897,0.0164637373198403,-92.7884338022003,39.6257905571858,-96.2660370464736,42.6556444526326,0.202044129190392,0.185580391870552,2022.0606938672,2022.07715760452,NA
971,972,0.0215947362915714,-63.4668062035654,45.399731741878,-63.8860544197846,45.3538530416428,0.202151618244037,0.180556881952465,2022.05567035728,2022.07726509357,NA
904,905,0.0040228147511211,-93.1119752297178,38.4412375159678,-93.3090798468204,38.4899950243715,0.203030665819331,0.19900785106821,2022.0741213264,2022.07814414115,NA
797,802,0.0292049685802541,-94.1306614736447,38.0644081868804,-100.261237521563,39.7110823948963,0.203318437170705,0.174113468590451,2022.04922694392,2022.0784319125,NA
999,1000,0.00729133352088263,-72.3587338657429,41.6384975067563,-72.1623569520917,41.9674160074432,0.203660303628747,0.196368970107864,2022.07148244544,2022.07877377896,NA
802,803,0.000434939406417367,-100.261237521563,39.7110823948963,-99.9514618244308,39.6030313049903,0.203753376577123,0.203318437170705,2022.0784319125,2022.0788668519,NA
972,973,0.00173977908827805,-63.8860544197846,45.3538530416428,-64.1416268854895,45.1121805458966,0.203891397332315,0.202151618244037,2022.07726509357,2022.07900487266,NA
1162,1163,0.00221928186652742,-85.2688774536772,36.2770786107203,-84.932047482689,35.960794480314,0.204127141913674,0.201907860047146,2022.07702133537,2022.07924061724,NA
911,931,0.0406908821756378,-92.6592494833922,39.9555472450632,-92.5243793891342,43.260616508815,0.204320933860323,0.163630051684685,2022.03874352701,2022.07943440919,NA
1106,471,0.13116458968209,-78.0342508949977,36.3413411576768,-84.1126791095589,32.2701864593302,0.204338579467356,0.073173989785266,2021.94828746511,2022.07945205479,A/Gadwall/Georgia/22-003669-001/2022|H5N1|USA-GA|2022-01-30|avian|A1
881,169,0.0306309204339144,-87.8497800092539,35.8906919907997,-86.8329914718682,35.7588354336067,0.204338579467356,0.173707659033441,2022.04882113436,2022.07945205479,A/american_wigeon/Tennessee/22-024871-016/2022|H5N1|USA-TN|2022-01-30|avian|A1
866,179,0.00818319717959826,-88.901113574238,35.7903376812047,-88.8289290074825,35.9315270652635,0.204338579467356,0.196155382287757,2022.07126885761,2022.07945205479,A/american_wigeon/Tennessee/CEIRR-301/2022|H5N1|USA-TN|2022-01-30|avian|A1
866,180,0.00818319717959826,-88.901113574238,35.7903376812047,-88.3594673014526,35.8381800649553,0.204338579467356,0.196155382287757,2022.07126885761,2022.07945205479,A/American_wigeon/Tennessee/TN22-301/2022|H5N1|USA-TN|2022-01-30|avian|A1
1162,532,0.00243071942020923,-85.2688774536772,36.2770786107203,-84.9413459536664,36.5881010677244,0.204338579467356,0.201907860047146,2022.07702133537,2022.07945205479,A/mallard_duck/Tennessee/CEIRR-303/2022|H5N1|USA-TN|2022-01-30|avian|A1
1163,531,0.000211437553681804,-84.932047482689,35.960794480314,-86.1648719058119,35.4597292023741,0.204338579467356,0.204127141913674,2022.07924061724,2022.07945205479,A/mallard_duck/Tennessee/TN22-303/2022|H5N1|USA-TN|2022-01-30|avian|A1
1163,530,0.000211437553681804,-84.932047482689,35.960794480314,-84.9205861166419,35.9499629927097,0.204338579467356,0.204127141913674,2022.07924061724,2022.07945205479,A/mallard/Tennessee/22-024871-017/2022|H5N1|USA-TN|2022-01-30|avian|A1
854,855,0.0118447739528512,-82.6060099935208,40.8061384609226,-82.5701295318254,40.7954865013167,0.205652409919301,0.193807635966449,2022.06892111129,2022.08076588525,NA
791,793,0.0251101818642407,-90.5464287470982,38.8703535529432,-89.5374113020554,39.1075989766748,0.205746363004478,0.180636181140237,2022.05574965647,2022.08085983833,NA
956,957,0.0276091994591771,-66.4425660560879,45.2067718750326,-63.8752180251313,45.5775369235894,0.206161313396895,0.178552113937718,2022.05366558926,2022.08127478872,NA
738,739,0.0479322873612889,-86.5498697110344,36.3518210307402,-85.3733969611383,35.9206035266651,0.206964362953975,0.159032075592687,2022.03414555092,2022.08207783828,NA
637,79,0.192702788706567,-79.7663633405925,35.3846877681823,-81.9772418102954,35.5015651327892,0.207078305494713,0.0143755167881459,2021.88948899212,2022.08219178082,A/Green-winged_Teal/North_Carolina/22-004007-005/2022|H5N1|USA-NC|2022-01-31|avian|A1
1109,473,0.04414670067881,-75.5470088792594,38.5789967375866,-75.3751845372201,38.6306828375917,0.207078305494713,0.162931604815903,2022.03804508014,2022.08219178082,A/Northern_Shoveler/Delaware/22-003933-001/2022|H5N1|USA-DE|2022-01-31|avian|A1
835,218,0.0122165023621569,-88.1212851382369,36.5483260180728,-88.5404463395375,35.1085312924035,0.207078305494713,0.194861803132556,2022.06997527846,2022.08219178082,A/mallard_duck/Tennessee/CEIRR-309/2022|H5N1|USA-TN|2022-01-31|avian|A1
836,219,0.0078773733016837,-87.9295304810647,36.2167878347641,-87.9364430951214,36.1816076460243,0.207078305494713,0.199200932193029,2022.07431440752,2022.08219178082,A/mallard/Tennessee/22-024871-019/2022|H5N1|USA-TN|2022-01-31|avian|A1
836,217,0.0078773733016837,-87.9295304810647,36.2167878347641,-85.0079502529702,35.9344544923708,0.207078305494713,0.199200932193029,2022.07431440752,2022.08219178082,A/mallard_duck/Tennessee/TN22-309/2022|H5N1|USA-TN|2022-01-31|avian|A1
739,116,0.000113942540737488,-85.3733969611383,35.9206035266651,-85.5305931476129,35.9787096069998,0.207078305494713,0.206964362953975,2022.08207783828,2022.08219178082,A/mallard_duck/Tennessee/TN22-307/2022|H5N1|USA-TN|2022-01-31|avian|A1
739,117,0.000113942540737488,-85.3733969611383,35.9206035266651,-85.1602384099345,35.4063983941355,0.207078305494713,0.206964362953975,2022.08207783828,2022.08219178082,A/mallard_duck/Tennessee/CEIRR-307/2022|H5N1|USA-TN|2022-01-31|avian|A1
722,723,0.0309455348694827,-87.0786981289695,38.4800214431989,-87.3808995272957,40.040655055892,0.207196277894168,0.176250743024685,2022.05136421835,2022.08230975322,NA
1031,1032,0.0523192046077237,-75.0351834233657,39.7175831808348,-74.694840697962,40.3633406345493,0.208411086119686,0.156091881511963,2022.03120535684,2022.08352456145,NA
802,807,0.00515179365953899,-100.261237521563,39.7110823948963,-99.4593137024092,39.8258224546135,0.208470230830244,0.203318437170705,2022.0784319125,2022.08358370616,NA
912,923,0.0275560100217835,-95.7063346473047,41.0265460722075,-97.6691574518517,43.4966416918416,0.208833340000145,0.181277329978361,2022.05639080531,2022.08394681533,NA
856,857,0.0110421305399343,-82.4028931606343,40.7053820981643,-82.576465124035,40.8090868866574,0.209073305755045,0.198031175215111,2022.07314465054,2022.08418678108,NA
807,808,0.000624550207172669,-99.4593137024092,39.8258224546135,-99.0310439777954,39.7933945106582,0.209094781037417,0.208470230830244,2022.08358370616,2022.08420825636,NA
775,790,0.0199238874316134,-90.7070599379694,39.9439482371337,-92.0489447845938,38.5617241442687,0.210903089759424,0.19097920232781,2022.06609267765,2022.08601656509,NA
1000,1001,0.00765131117016971,-72.1623569520917,41.9674160074432,-73.2220741300513,41.8093134975473,0.211311614798916,0.203660303628747,2022.07877377896,2022.08642509013,NA
671,672,0.0171979661465179,-92.1205993899967,41.3816783943092,-96.4249508562562,41.6559055610156,0.211526744149795,0.194328778003277,2022.06944225333,2022.08664021948,NA
803,804,0.00955339547704448,-99.9514618244308,39.6030313049903,-99.2764899991628,39.9335881108349,0.213306772054167,0.203753376577123,2022.0788668519,2022.08842024738,NA
954,966,0.0778901610809072,-65.3388296548798,45.9052939847151,-67.7499791273303,45.8098049578477,0.21371861934703,0.135828458266123,2022.01094193359,2022.08883209467,NA
592,593,0.075596290121271,-79.8288558960749,33.8972601706563,-79.710551996994,34.9808511653978,0.213995639597605,0.138399349476334,2022.0135128248,2022.08910911492,NA
1117,1118,0.052701501984099,-76.2380001387735,39.4333227450214,-76.0886424305861,39.4781187773406,0.21419182287359,0.161490320889491,2022.03660379622,2022.0893052982,NA
1034,1040,0.0763944043908957,-65.3176988419785,41.7520535148185,-70.5608209840552,43.4345130747157,0.214320885493551,0.137926481102656,2022.01303995643,2022.08943436082,NA
966,967,0.0014469535000331,-67.7499791273303,45.8098049578477,-67.7532064741104,45.7796763713511,0.215165572847063,0.21371861934703,2022.08883209467,2022.09027904817,NA
998,61,0.0362205389720134,-72.0965065081356,41.3783086186912,-72.0408957266154,41.3728585566261,0.215297483577013,0.179076944604999,2022.05419041993,2022.0904109589,A/Mallard/Connecticut/22-003935-013/2022|H5N1|USA-CT|2022-02-03|avian|A1
999,65,0.0189285134691486,-72.3587338657429,41.6384975067563,-72.1852745255362,41.5612983256884,0.215297483577013,0.196368970107864,2022.07148244544,2022.0904109589,A/Mallard/Connecticut/22-003935-001/2022|H5N1|USA-CT|2022-02-03|avian|A1
1009,9,0.0146965120756458,-71.7603062890307,42.1436560114269,-71.4714948040901,42.5665363403692,0.215297483577013,0.200600971501367,2022.07571444683,2022.0904109589,A/Canada_Goose/Massachusetts/22-005893-001/2022|H5N1|USA-MA|2022-02-03|avian|A1
1009,8,0.0146965120756458,-71.7603062890307,42.1436560114269,-71.7492537252635,42.1255570754892,0.215297483577013,0.200600971501367,2022.07571444683,2022.0904109589,A/Canada_Goose/Massachusetts/22-005893-002/2022|H5N1|USA-MA|2022-02-03|avian|A1
1000,62,0.011637179948266,-72.1623569520917,41.9674160074432,-72.2426569595876,42.0269758288438,0.215297483577013,0.203660303628747,2022.07877377896,2022.0904109589,A/Mallard/Connecticut/22-003935-022/2022|H5N1|USA-CT|2022-02-03|avian|A1
1001,64,0.00398586877809626,-73.2220741300513,41.8093134975473,-73.3732386443003,41.7843378924407,0.215297483577013,0.211311614798916,2022.08642509013,2022.0904109589,A/Mallard/Connecticut/22-003935-014/2022|H5N1|USA-CT|2022-02-03|avian|A1
1001,63,0.00398586877809626,-73.2220741300513,41.8093134975473,-73.0809083086824,41.7926313169104,0.215297483577013,0.211311614798916,2022.08642509013,2022.0904109589,A/Mallard/Connecticut/22-003935-024/2022|H5N1|USA-CT|2022-02-03|avian|A1
905,906,0.0124564913737341,-93.3090798468204,38.4899950243715,-91.9293397582098,38.307232145024,0.215487157193065,0.203030665819331,2022.07814414115,2022.09060063252,NA
1117,1141,0.0544842461875179,-76.2380001387735,39.4333227450214,-74.688749092298,41.53465770226,0.215974567077009,0.161490320889491,2022.03660379622,2022.0910880424,NA
672,673,0.00515998594305078,-96.4249508562562,41.6559055610156,-96.472276301133,41.7126288083149,0.216686730092846,0.211526744149795,2022.08664021948,2022.09180020542,NA
700,701,0.0441325744905613,-87.8097721004993,37.337297249618,-93.4001407152884,38.4247869978229,0.217296165415589,0.173163590925028,2022.04827706625,2022.09240964074,NA
1146,505,0.053979477197957,-75.2874610669022,38.3772521290366,-75.5304854566116,39.2462692880947,0.21803720960437,0.164057732406413,2022.03917120773,2022.09315068493,A/Canada_Goose/Delaware/22-004745-001/2022|H5N1|USA-DE|2022-02-04|avian|A1
1037,490,0.046275812590666,-66.0044220414713,44.764885714304,-65.4103410380181,44.1718033922093,0.21803720960437,0.171761397013704,2022.04687487234,2022.09315068493,A/Common_Merganser/NS/FAV-0102-4/2022|H5N1|Canada-NS|2022-02-04|avian|A1
1024,1026,0.0423958043478753,-82.4454090913544,30.9037315400375,-79.7390353000943,34.3449646165917,0.218938603026732,0.176542798678856,2022.05165627401,2022.09405207835,NA
807,816,0.0110465589223431,-99.4593137024092,39.8258224546135,-100.661026323244,40.1103810170805,0.219516789752587,0.208470230830244,2022.08358370616,2022.09463026508,NA
701,702,0.00237247673393626,-93.4001407152884,38.4247869978229,-91.6387053830895,38.262505071271,0.219668642149525,0.217296165415589,2022.09240964074,2022.09478211748,NA
907,910,0.028384753716225,-92.9191780382118,39.8552647141385,-92.1238528300741,40.8583063049318,0.220134811651327,0.191750057935102,2022.06686353326,2022.09524828698,NA
1118,1119,0.0061485947289126,-76.0886424305861,39.4781187773406,-75.538680266021,38.7178499529107,0.220340417602503,0.21419182287359,2022.0893052982,2022.09545389293,NA
848,849,0.0201706703951618,-86.2725550494931,37.8348535677898,-85.691073820139,37.1542429828638,0.220347233025123,0.200176562629961,2022.07529003796,2022.09546070835,NA
700,309,0.0476133447066995,-87.8097721004993,37.337297249618,-85.7652142195487,33.6458879375277,0.220776935631727,0.173163590925028,2022.04827706625,2022.09589041096,A/American_Wigeon/Alabama/22-004941-003/2022|H5N1|USA-AL|2022-02-05|avian|A1
763,764,0.0557453465838641,-88.8345799539499,38.2997597437898,-92.402089284511,41.5963166526914,0.220997802232237,0.165252455648373,2022.04036593098,2022.09611127756,NA
707,708,0.0285063767943345,-88.2561699395523,36.9614912240769,-86.0383433352534,36.4972105024305,0.221043620296649,0.192537243502315,2022.06765071883,2022.09615709562,NA
793,794,0.0153691836916199,-89.5374113020554,39.1075989766748,-85.465179193744,38.0322793755769,0.221115546696098,0.205746363004478,2022.08085983833,2022.09622902202,NA
702,704,0.00182428736884244,-91.6387053830895,38.262505071271,-91.770746177002,38.3056884426986,0.221492929518368,0.219668642149525,2022.09478211748,2022.09660640485,NA
986,987,0.0524886626278874,-70.9737935907161,43.4646220204049,-71.703915786571,41.7916584598427,0.221864699588525,0.169376036960638,2022.04448951229,2022.09697817492,NA
704,705,0.00139544210342457,-91.770746177002,38.3056884426986,-91.1592080636902,38.4834089818136,0.222888371621792,0.221492929518368,2022.09660640485,2022.09800184695,NA
702,703,0.00331918025513056,-91.6387053830895,38.262505071271,-91.7818781577395,38.2406463211566,0.222987822404656,0.219668642149525,2022.09478211748,2022.09810129773,NA
837,838,0.0455065461876833,-89.6249308968845,38.31460346766,-89.6172257794102,38.3643274217656,0.223180160421682,0.177673614233999,2022.05278708956,2022.09829363575,NA
1033,484,0.119747173782374,-70.639246449166,39.4067131270597,-72.5948617108673,41.7120960443359,0.223516661659085,0.103769487876711,2021.9788829632,2022.09863013699,A/American_Black_Duck/Connecticut/22-005000-001/2022|H5N1|USA-CT|2022-02-06|avian|A1
963,964,0.0254397988644547,-69.0699155792325,44.6920464880671,-67.4558302570683,43.7704316276418,0.223791687380126,0.198351888515672,2022.07346536384,2022.09890516271,NA
966,969,0.0104539336618906,-67.7499791273303,45.8098049578477,-67.4956722522823,45.8518957427123,0.22417255300892,0.21371861934703,2022.08883209467,2022.09928602834,NA
1118,1127,0.010556421368178,-76.0886424305861,39.4781187773406,-75.9920878429407,39.6865857406372,0.224748244241768,0.21419182287359,2022.0893052982,2022.09986171957,NA
931,932,0.0208652903752922,-92.5243793891342,43.260616508815,-94.2135579784711,42.5916874311729,0.225186224235615,0.204320933860323,2022.07943440919,2022.10029969956,NA
1119,1126,0.00505602412770678,-75.538680266021,38.7178499529107,-75.6270479386197,39.2110121201381,0.22539644173021,0.220340417602503,2022.09545389293,2022.10050991706,NA
1127,1128,0.000914717087442285,-75.9920878429407,39.6865857406372,-76.0614477240035,39.7005193534231,0.22566296132921,0.224748244241768,2022.09986171957,2022.10077643666,NA
852,853,0.0415793985885433,-87.1517101784087,39.4881491282089,-84.8894321624576,37.9270872123388,0.225747113110113,0.18416771452157,2022.05928118985,2022.10086058844,NA
972,974,0.0240613995562624,-63.8860544197846,45.3538530416428,-63.2744867443912,45.3305006124732,0.226213017800299,0.202151618244037,2022.07726509357,2022.10132649313,NA
897,899,0.0241870003928992,-96.2660370464736,42.6556444526326,-92.1107243482091,38.3415569289715,0.226231129583291,0.202044129190392,2022.07715760452,2022.10134460491,NA
1030,496,0.0835569324131535,-75.7569170249498,39.8053100122475,-74.2542560484332,40.2306374860214,0.226256387686442,0.142699455273289,2022.0178129306,2022.10136986301,A/Mallard/New_Jersey/22-005110-003/2022|H5N1|USA-NJ|2022-02-07|avian|A1
1031,497,0.0701645061744794,-75.0351834233657,39.7175831808348,-75.2921632484123,39.3731533923808,0.226256387686442,0.156091881511963,2022.03120535684,2022.10136986301,A/Mallard/New_Jersey/22-005110-004/2022|H5N1|USA-NJ|2022-02-07|avian|A1
721,130,0.0571826679351877,-87.6106705371564,38.478140420265,-86.3002221898185,38.0158851203057,0.226256387686442,0.169073719751254,2022.04418719508,2022.10136986301,A/Mallard/Kentucky/22-005153-004/2022|H5N1|USA-KY|2022-02-07|avian|A1
973,18,0.0223649903541272,-64.1416268854895,45.1121805458966,-63.750913485657,45.0016478124827,0.226256387686442,0.203891397332315,2022.07900487266,2022.10136986301,A/Mixed/NS/FAV-0083-155/2022|H5N1|Canada-NS|2022-02-07|avian|A1
973,15,0.0223649903541272,-64.1416268854895,45.1121805458966,-64.4336436534591,44.8876866378762,0.226256387686442,0.203891397332315,2022.07900487266,2022.10136986301,A/Mixed/NS/FAV-0083-154/2022|H5N1|Canada-NS|2022-02-07|avian|A1
723,140,0.0190601097922739,-87.3808995272957,40.040655055892,-86.8254760413413,40.4389178724892,0.226256387686442,0.207196277894168,2022.08230975322,2022.10136986301,A/turkey/Indiana/22-003707-003/2022|H5N1|USA-IN|2022-02-07|avian|A1
1032,495,0.0178453015667558,-74.694840697962,40.3633406345493,-75.1609187972317,40.594265578318,0.226256387686442,0.208411086119686,2022.08352456145,2022.10136986301,A/Mallard/New_Jersey/22-005110-001/2022|H5N1|USA-NJ|2022-02-07|avian|A1
1032,494,0.0178453015667558,-74.694840697962,40.3633406345493,-74.4373027921455,40.2367650630511,0.226256387686442,0.208411086119686,2022.08352456145,2022.10136986301,A/Mallard/New_Jersey/22-005110-014/2022|H5N1|USA-NJ|2022-02-07|avian|A1
987,58,0.00439168809791712,-71.703915786571,41.7916584598427,-72.2916571015471,42.5325971510281,0.226256387686442,0.221864699588525,2022.09697817492,2022.10136986301,A/snowy_owl/MA/22MM00323/2022|H5N1|USA-MA|2022-02-07|avian|A1
974,16,0.0000433698861428411,-63.2744867443912,45.3305006124732,-64.0654134318298,44.6045714783214,0.226256387686442,0.226213017800299,2022.10132649313,2022.10136986301,A/Mixed/NS/FAV-0083-126/2022|H5N1|Canada-NS|2022-02-07|avian|A1
974,17,0.0000433698861428411,-63.2744867443912,45.3305006124732,-63.1779687938089,45.7302852316141,0.226256387686442,0.226213017800299,2022.10132649313,2022.10136986301,A/Mixed/NS/FAV-0083-125/2022|H5N1|Canada-NS|2022-02-07|avian|A1
816,817,0.00700660981911394,-100.661026323244,40.1103810170805,-101.856289509605,41.4451157200543,0.226523399571701,0.219516789752587,2022.09463026508,2022.1016368749,NA
817,819,0.000197376444052044,-101.856289509605,41.4451157200543,-102.131815304472,41.3685797183691,0.226720776015753,0.226523399571701,2022.1016368749,2022.10183425134,NA
1035,1038,0.0568456070966897,-65.9738298113249,44.3476713974235,-63.4612418011697,45.7788183064012,0.227432729792331,0.170587122695641,2022.04570059802,2022.10254620512,NA
923,924,0.0195541789944973,-97.6691574518517,43.4966416918416,-98.9945984243651,43.888310813268,0.228387518994642,0.208833340000145,2022.08394681533,2022.10350099432,NA
1003,69,0.0634835815524342,-65.6509771496623,43.6320737977074,-64.8784115703293,44.5793077138394,0.228996113714027,0.165512532161593,2022.04062600749,2022.10410958904,A/Blue_Jay/NS/FAV-0095-1/2022|H5N1|Canada-NS|2022-02-08|avian|A1
749,230,0.050480475759397,-85.9417778433113,36.5619082497536,-86.8341038457191,36.8212601488171,0.228996113714027,0.17851563795463,2022.05362911328,2022.10410958904,A/Gadwall/Kentucky/22-005154-004/2022|H5N1|USA-KY|2022-02-08|avian|A1
801,256,0.0465482969534883,-91.5710570848884,39.5615940734832,-87.9006078669933,37.7135477269453,0.228996113714027,0.182447816760539,2022.05756129209,2022.10410958904,A/Snow_Goose/Kentucky/22-004809-002/2022|H5N1|USA-KY|2022-02-08|avian|A1
957,31,0.022834800317132,-63.8752180251313,45.5775369235894,-64.5285129187205,45.5944898030342,0.228996113714027,0.206161313396895,2022.08127478872,2022.10410958904,A/Red-Tailed_Hawk/NS/FAV-0095-2/2022|H5N1|Canada-NS|2022-02-08|avian|A1
853,121,0.00324900060391386,-84.8894321624576,37.9270872123388,-84.9372635038521,37.955177344749,0.228996113714027,0.225747113110113,2022.10086058844,2022.10410958904,A/Snow_Goose/Kentucky/22-004809-001/2022|H5N1|USA-KY|2022-02-08|avian|A1
853,122,0.00324900060391386,-84.8894321624576,37.9270872123388,-84.5298422212992,37.6398545618517,0.228996113714027,0.225747113110113,2022.10086058844,2022.10410958904,A/snow_goose/Kentucky/W22-092/2022|H5N1|USA-KY|2022-02-08|avian|A1
673,687,0.0124811573967748,-96.472276301133,41.7126288083149,-96.4068943977544,41.9875859625473,0.229167887489621,0.216686730092846,2022.09180020542,2022.10428136282,NA
819,827,0.00245250753327153,-102.131815304472,41.3685797183691,-102.055242068861,41.5662843886297,0.229173283549025,0.226720776015753,2022.10183425134,2022.10428675888,NA
1038,1039,0.00203567544618399,-63.4612418011697,45.7788183064012,-63.5088445592088,44.6950166981698,0.229468405238515,0.227432729792331,2022.10254620512,2022.10458188057,NA
907,908,0.0386425257533526,-92.9191780382118,39.8552647141385,-93.1899961842888,41.1977865507103,0.230392583688454,0.191750057935102,2022.06686353326,2022.10550605902,NA
756,761,0.0655945486510262,-92.2891731442297,38.4665764841646,-96.4591987280539,37.9138807387781,0.230802214987875,0.165207666336849,2022.04032114166,2022.10591569031,NA
1043,1044,0.216135418339044,-78.5767776238785,36.0939423789911,-77.7216523128544,42.9184369180721,0.230855786941135,0.0147203686020911,2021.88983384393,2022.10596926227,NA
924,926,0.00258814216242198,-98.9945984243651,43.888310813268,-99.3248784718507,43.7483541693563,0.230975661157064,0.228387518994642,2022.10350099432,2022.10608913648,NA
732,733,0.0302144448086099,-86.9312499915756,38.0930950345284,-85.5894196662771,38.2978755530525,0.231326853582131,0.201112408773521,2022.0762258841,2022.10644032891,NA
932,937,0.0065754989792306,-94.2135579784711,42.5916874311729,-93.7895168282581,42.0935843270075,0.231761723214846,0.225186224235615,2022.10029969956,2022.10687519854,NA
1040,1041,0.0177048282956226,-70.5608209840552,43.4345130747157,-72.2714779295376,44.1649355569522,0.232025713789174,0.214320885493551,2022.08943436082,2022.10713918912,NA
1014,1016,0.218492946653715,-76.9560397697538,36.5837641824793,-72.1235124074703,43.2087308475364,0.232366226608461,0.0138732799547456,2021.88898675528,2022.10747970194,NA
808,813,0.0238241282750858,-99.0310439777954,39.7933945106582,-98.7495456086271,37.3894435500262,0.232918909312503,0.209094781037417,2022.08420825636,2022.10803238464,NA
1016,1017,0.000914099754079634,-72.1235124074703,43.2087308475364,-71.6063378712989,42.5502698887768,0.23328032636254,0.232366226608461,2022.10747970194,2022.10839380169,NA
708,709,0.0130042027230214,-86.0383433352534,36.4972105024305,-84.9481595816667,35.6630492932659,0.234047823019671,0.221043620296649,2022.09615709562,2022.10916129835,NA
687,688,0.0050033019762139,-96.4068943977544,41.9875859625473,-95.1957578473141,41.4766821429486,0.234171189465835,0.229167887489621,2022.10428136282,2022.10928466479,NA
1146,504,0.0704178333623288,-75.2874610669022,38.3772521290366,-75.2089843732094,38.4550333910706,0.234475565768742,0.164057732406413,2022.03917120773,2022.1095890411,A/Red-shouldered_Hawk/Delaware/22-004621-001/2022|H5N1|USA-DE|2022-02-10|avian|A1
733,734,0.00390328428927056,-85.5894196662771,38.2978755530525,-85.5268728985446,38.3858139172722,0.235230137871401,0.231326853582131,2022.10644032891,2022.1103436132,NA
750,751,0.0366440331202962,-85.643115477706,37.6439216404219,-85.6871396002158,37.609616676406,0.236122825207508,0.199478792087212,2022.07459226741,2022.11123630053,NA
813,815,0.004295169298831,-98.7495456086271,37.3894435500262,-97.5416719212534,37.4091529233547,0.237214078611334,0.232918909312503,2022.10803238464,2022.11232755394,NA
1160,536,0.22301725326941,-78.1691678702008,36.6781037565617,-77.4212900087762,37.2590978472811,0.237215291796099,0.0141980385266895,2021.88931151385,2022.11232876712,A/chicken/Virginia/22-004415-001/2022|H5N1|USA-VA|2022-02-11|avian|A1
733,142,0.00588843821396823,-85.5894196662771,38.2978755530525,-82.9622690358154,36.9210364125244,0.237215291796099,0.231326853582131,2022.10644032891,2022.11232876712,A/chicken/Kentucky/22-004416-002/2022|H5N1|USA-KY|2022-02-11|avian|A1
734,143,0.00198515392469767,-85.5268728985446,38.3858139172722,-85.3190486806125,38.35608399177,0.237215291796099,0.235230137871401,2022.1103436132,2022.11232876712,A/chicken/Kentucky/22-004416-003/2022|H5N1|USA-KY|2022-02-11|avian|A1
734,141,0.00198515392469767,-85.5268728985446,38.3858139172722,-85.4836246121932,38.4519307897342,0.237215291796099,0.235230137871401,2022.1103436132,2022.11232876712,A/chicken/Kentucky/22-004416-001/2022|H5N1|USA-KY|2022-02-11|avian|A1
741,743,0.0457737743260122,-87.0741430007223,39.6328222123207,-88.5249403942124,37.9119883087768,0.237311118482826,0.191537344156814,2022.06665081948,2022.11242459381,NA
723,724,0.0309533608677696,-87.3808995272957,40.040655055892,-86.2300927397064,40.6923073278598,0.238149638761938,0.207196277894168,2022.08230975322,2022.11326311409,NA
724,731,0.000391000233385452,-86.2300927397064,40.6923073278598,-86.2923210986686,40.5735779547575,0.238540638995323,0.238149638761938,2022.11326311409,2022.11365411432,NA
1119,1120,0.0183760561012396,-75.538680266021,38.7178499529107,-75.5580838086656,39.3192696459282,0.238716473703742,0.220340417602503,2022.09545389293,2022.11382994903,NA
932,933,0.0141032363705854,-94.2135579784711,42.5916874311729,-94.763732773609,42.1629964122913,0.239289460606201,0.225186224235615,2022.10029969956,2022.11440293593,NA
705,706,0.0164998586916744,-91.1592080636902,38.4834089818136,-91.018881019127,38.7701346609576,0.239388230313467,0.222888371621792,2022.09800184695,2022.11450170564,NA
1128,1129,0.0141122784468958,-76.0614477240035,39.7005193534231,-75.9359670865387,39.3307861516491,0.239775239776106,0.22566296132921,2022.10077643666,2022.1148887151,NA
1015,75,0.225291623685622,-76.246047142977,35.9343723404964,-64.6458589303583,44.1650948591077,0.239955017823456,0.0146633941378345,2021.88977686946,2022.11506849315,A/Herring_Gull/NS/FAV-0111-1/2022|H5N1|Canada-NS|2022-02-12|avian|A1
707,317,0.0474177743211415,-88.2561699395523,36.9614912240769,-85.7426789379068,36.3717933454172,0.239955017823456,0.192537243502315,2022.06765071883,2022.11506849315,A/American_Green-winged_Teal/Tennessee/22-005910-002/2022|H5N1|USA-TN|2022-02-12|avian|A1
849,200,0.0196077847983331,-85.691073820139,37.1542429828638,-85.9758310751192,36.5433829610052,0.239955017823456,0.220347233025123,2022.09546070835,2022.11506849315,A/Mallard/Tennessee/22-005910-004/2022|H5N1|USA-TN|2022-02-12|avian|A1
751,229,0.00383219261594792,-85.6871396002158,37.609616676406,-85.560383440629,37.7627935855328,0.239955017823456,0.236122825207508,2022.11123630053,2022.11506849315,A/turkey/Kentucky/22-004546-002/2022|H5N1|USA-KY|2022-02-12|avian|A1
751,228,0.00383219261594792,-85.6871396002158,37.609616676406,-86.0014854301278,37.9174952093428,0.239955017823456,0.236122825207508,2022.11123630053,2022.11506849315,A/turkey/Kentucky/22-004546-001/2022|H5N1|USA-KY|2022-02-12|avian|A1
642,644,0.115789523996147,-80.4494892697588,33.260621703361,-81.8521177037129,27.2463095697986,0.241169690239746,0.125380166243599,2022.00049364157,2022.11628316557,NA
832,214,0.0629241821602566,-88.9010929170879,35.7313829882502,-89.91675684754,35.4064701579209,0.242694743851041,0.179770561690785,2022.05488403702,2022.11780821918,A/Wood_Duck/Tennessee/22-005907-002/2022|H5N1|USA-TN|2022-02-13|avian|A1
1129,1130,0.00315995066523644,-75.9359670865387,39.3307861516491,-75.5717336486422,38.9592127407384,0.242935190441343,0.239775239776106,2022.1148887151,2022.11804866577,NA
848,851,0.0430967314499574,-86.2725550494931,37.8348535677898,-85.8581486229855,39.9838196348523,0.243273294079919,0.200176562629961,2022.07529003796,2022.11838676941,NA
819,820,0.0172885911922922,-102.131815304472,41.3685797183691,-100.72528526867,42.2353807698964,0.244009367208046,0.226720776015753,2022.10183425134,2022.11912284254,NA
1024,1025,0.0680767529311525,-82.4454090913544,30.9037315400375,-82.5746608780827,30.2561197886167,0.244619551610009,0.176542798678856,2022.05165627401,2022.11973302694,NA
899,900,0.0184295276269034,-92.1107243482091,38.3415569289715,-92.1314528164517,37.8283494561546,0.244660657210194,0.226231129583291,2022.10134460491,2022.11977413254,NA
900,902,0.000626771518231206,-92.1314528164517,37.8283494561546,-92.5123462187797,37.4708912762099,0.245287428728426,0.244660657210194,2022.11977413254,2022.12040090406,NA
902,903,0.000048032189617464,-92.5123462187797,37.4708912762099,-92.5475821160577,37.3206199291465,0.245335460918043,0.245287428728426,2022.12040090406,2022.12044893625,NA
1127,1134,0.0205920948737861,-75.9920878429407,39.6865857406372,-76.0417504142132,39.7865403980061,0.245340339115554,0.224748244241768,2022.09986171957,2022.12045381444,NA
732,129,0.0443220611048777,-86.9312499915756,38.0930950345284,-87.7273694170061,38.1005617984103,0.245434469878399,0.201112408773521,2022.0762258841,2022.12054794521,A/turkey/Indiana/22-004688-002/2022|H5N1|USA-IN|2022-02-14|avian|A1
731,131,0.00689383088307538,-86.2923210986686,40.5735779547575,-86.5200431929029,39.9178556459718,0.245434469878399,0.238540638995323,2022.11365411432,2022.12054794521,A/turkey/Indiana/22-004688-006/2022|H5N1|USA-IN|2022-02-14|avian|A1
731,139,0.00689383088307538,-86.2923210986686,40.5735779547575,-85.2019425686519,40.9908452419973,0.245434469878399,0.238540638995323,2022.11365411432,2022.12054794521,A/turkey/Indiana/22-004688-003/2022|H5N1|USA-IN|2022-02-14|avian|A1
724,725,0.00884439632610212,-86.2300927397064,40.6923073278598,-87.0782631661594,39.7614427074892,0.24699403508804,0.238149638761938,2022.11326311409,2022.12210751042,NA
1120,1121,0.00838167477893703,-75.5580838086656,39.3192696459282,-76.3172780202017,38.8612477686294,0.247098148482679,0.238716473703742,2022.11382994903,2022.12221162381,NA
813,814,0.0145010479100595,-98.7495456086271,37.3894435500262,-101.009965407435,37.5410526354598,0.247419957222562,0.232918909312503,2022.10803238464,2022.12253343255,NA
1039,491,0.0187057906672409,-63.5088445592088,44.6950166981698,-63.1959947069563,44.9594247838591,0.248174195905756,0.229468405238515,2022.10458188057,2022.12328767123,A/Red-breasted_Merganser/NS/FAV-0113-1/2022|H5N1|Canada-NS|2022-02-15|avian|A1
1048,1049,0.055551056935006,-78.2518330226957,39.9539358311507,-78.4860916310774,40.9442832204945,0.248837293491929,0.193286236556923,2022.06839971188,2022.12395076882,NA
933,935,0.00957028886782796,-94.763732773609,42.1629964122913,-92.8046937022977,40.5225521497142,0.248859749474029,0.239289460606201,2022.11440293593,2022.1239732248,NA
908,909,0.0193507447940968,-93.1899961842888,41.1977865507103,-92.6943331223164,41.8235324154891,0.249743328482551,0.230392583688454,2022.10550605902,2022.12485680381,NA
725,726,0.00310738539217248,-87.0782631661594,39.7614427074892,-86.5935452962273,40.44897999373,0.250101420480212,0.24699403508804,2022.12210751042,2022.12521489581,NA
955,25,0.0994108383737945,-62.790819213624,45.1654572896984,-63.6924832221849,44.9818294249084,0.250913921933113,0.151503083559319,2022.02661655889,2022.12602739726,A/Broad-winged_Hawk/NS/FAV-0124-1/2022|H5N1|Canada-NS|2022-02-16|avian|A1
1044,498,0.0200581349919786,-77.7216523128544,42.9184369180721,-64.1813739253255,46.8136108911008,0.250913921933113,0.230855786941135,2022.10596926227,2022.12602739726,A/American_Crow/PE/FAV-0109-1/2022|H5N1|Canada-PE|2022-02-16|avian|A1
851,239,0.00764062785319453,-85.8581486229855,39.9838196348523,-85.5271856256812,40.1578483344711,0.250913921933113,0.243273294079919,2022.11838676941,2022.12602739726,A/turkey/Indiana/22-005289-002/2022|H5N1|USA-IN|2022-02-16|avian|A1
851,238,0.00764062785319453,-85.8581486229855,39.9838196348523,-86.9957811212746,39.85812933204,0.250913921933113,0.243273294079919,2022.11838676941,2022.12602739726,A/turkey/Indiana/22-005289-001/2022|H5N1|USA-IN|2022-02-16|avian|A1
857,858,0.0427131213789833,-82.576465124035,40.8090868866574,-87.9930557306665,45.1265027669268,0.251786427134028,0.209073305755045,2022.08418678108,2022.12689990246,NA
820,821,0.00794446627262602,-100.72528526867,42.2353807698964,-100.819356249791,41.3237702630707,0.251953833480672,0.244009367208046,2022.11912284254,2022.12706730881,NA
821,822,0.000262809799305153,-100.819356249791,41.3237702630707,-100.817486988583,41.3203675793636,0.252216643279977,0.251953833480672,2022.12706730881,2022.12733011861,NA
776,777,0.0577694777119448,-91.2729232460599,40.1225200290742,-82.5713541723652,45.2159717441522,0.252726636040488,0.194957158328543,2022.07007063366,2022.12784011137,NA
1130,1131,0.0101490955805579,-75.5717336486422,38.9592127407384,-75.7475048453059,38.7667171271978,0.253084286021901,0.242935190441343,2022.11804866577,2022.12819776135,NA
969,35,0.0294810949515504,-67.4956722522823,45.8518957427123,-68.4799180080812,45.5362716413027,0.253653647960471,0.22417255300892,2022.09928602834,2022.12876712329,A/chicken/Maine/22-005158-001/2022|H5N1|USA-ME|2022-02-17|avian|A1
900,901,0.00917078862869036,-92.1314528164517,37.8283494561546,-89.8699634322441,37.3030180233166,0.253831445838885,0.244660657210194,2022.11977413254,2022.12894492117,NA
756,757,0.0895516916340086,-92.2891731442297,38.4665764841646,-85.8779265078719,44.1759768509914,0.254759357970858,0.165207666336849,2022.04032114166,2022.1298728333,NA
741,742,0.06328720725356,-87.0741430007223,39.6328222123207,-85.7625603651717,39.9662826550696,0.254824551410374,0.191537344156814,2022.06665081948,2022.12993802674,NA
827,828,0.0263242224031208,-102.055242068861,41.5662843886297,-102.697836132813,37.5969999388587,0.255497505952146,0.229173283549025,2022.10428675888,2022.13061098128,NA
923,927,0.0469181130618529,-97.6691574518517,43.4966416918416,-97.792790034069,42.6095630765967,0.255751453061997,0.208833340000145,2022.08394681533,2022.13086492839,NA
743,744,0.0184543032564599,-88.5249403942124,37.9119883087768,-89.6124166006591,40.1742291253118,0.255765421739286,0.237311118482826,2022.11242459381,2022.13087889707,NA
1003,68,0.0908808418262355,-65.6509771496623,43.6320737977074,-65.6573371479394,43.6270522265285,0.256393373987828,0.165512532161593,2022.04062600749,2022.13150684931,A/Blue_Jay/NS/FAV-0122-1/2022|H5N1|Canada-NS|2022-02-18|avian|A1
794,203,0.0352778272917306,-85.465179193744,38.0322793755769,-85.5260783609238,38.1449139446484,0.256393373987828,0.221115546696098,2022.09622902202,2022.13150684931,A/Snow_Goose/Kentucky/22-006742-003/2022|H5N1|USA-KY|2022-02-18|avian|A1
644,326,0.0152236837480821,-81.8521177037129,27.2463095697986,-81.5499563854795,26.3608882572411,0.256393373987828,0.241169690239746,2022.11628316557,2022.13150684931,A/Royal_Tern/Florida/22-005590-001/2022|H5N1|USA-FL|2022-02-18|avian|A1
742,120,0.00156882257745417,-85.7625603651717,39.9662826550696,-84.8628571320484,40.3436352507512,0.256393373987828,0.254824551410374,2022.12993802674,2022.13150684931,A/turkey/Indiana/22-005328-002/2022|H5N1|USA-IN|2022-02-18|avian|A1
742,119,0.00156882257745417,-85.7625603651717,39.9662826550696,-85.7849580859535,40.0429014535708,0.256393373987828,0.254824551410374,2022.12993802674,2022.13150684931,A/turkey/Indiana/22-005328-001/2022|H5N1|USA-IN|2022-02-18|avian|A1
1131,1132,0.00530286894532561,-75.7475048453059,38.7667171271978,-75.7115556733125,38.6627097839845,0.258387154967226,0.253084286021901,2022.12819776135,2022.13350063029,NA
857,860,0.0499688421963285,-82.576465124035,40.8090868866574,-82.5135169185099,39.499394496446,0.259042147951373,0.209073305755045,2022.08418678108,2022.13415562328,NA
1026,1027,0.0407988361666931,-79.7390353000943,34.3449646165917,-80.2946405770515,32.7600297140087,0.259737439193425,0.218938603026732,2022.09405207835,2022.13485091452,NA
642,643,0.13442305042941,-80.4494892697588,33.260621703361,-77.473809823016,37.7581101369837,0.259803216673009,0.125380166243599,2022.00049364157,2022.134916692,NA
1121,1122,0.0146364800510942,-76.3172780202017,38.8612477686294,-77.0845032088202,39.6315861128249,0.261734628533774,0.247098148482679,2022.12221162381,2022.13684810386,NA
967,32,0.0467072531957075,-67.7532064741104,45.7796763713511,-68.1259857132917,46.5604477650276,0.26187282604277,0.215165572847063,2022.09027904817,2022.13698630137,A/chicken/Maine/22-005443-001/2022|H5N1|USA-ME|2022-02-20|avian|A1
1026,509,0.0429342230160387,-79.7390353000943,34.3449646165917,-78.3813390220453,34.1881359080905,0.26187282604277,0.218938603026732,2022.09405207835,2022.13698630137,A/Brown_Pelican/North_Carolina/22-007917-001/2022|H5N1|USA-NC|2022-02-20|avian|A1
666,667,0.147996948387389,-82.6835477986064,35.7063716170689,-90.3060097920665,39.5393089205084,0.262566852749131,0.114569904361743,2021.98968337969,2022.13768032808,NA
725,727,0.0156186310939539,-87.0782631661594,39.7614427074892,-87.072689974143,39.9531170380715,0.262612666181994,0.24699403508804,2022.12210751042,2022.13772614151,NA
927,928,0.00752746919082259,-97.792790034069,42.6095630765967,-97.9340079762881,42.5347499036554,0.26327892225282,0.255751453061997,2022.13086492839,2022.13839239758,NA
757,758,0.00903369344445193,-85.8779265078719,44.1759768509914,-85.7905675881064,44.7292958160772,0.26379305141531,0.254759357970858,2022.1298728333,2022.13890652674,NA
1122,1123,0.00230921204314272,-77.0845032088202,39.6315861128249,-76.5099526564898,39.5830825723928,0.264043840576916,0.261734628533774,2022.13684810386,2022.1391573159,NA
1116,1142,0.103314228776035,-76.3694106439627,39.4764199119413,-81.4122807098938,44.4522694735636,0.264409510533676,0.161095281757641,2022.03620875708,2022.13952298586,NA
1129,388,0.0248373122940214,-75.9359670865387,39.3307861516491,-75.6162263493993,38.530739606055,0.264612552070128,0.239775239776106,2022.1148887151,2022.1397260274,A/chicken/Delaware/22-005260-003/2022|H5N1|USA-DE|2022-02-21|avian|A1
1121,401,0.0175144035874483,-76.3172780202017,38.8612477686294,-75.6410896034608,39.4439604327984,0.264612552070128,0.247098148482679,2022.12221162381,2022.1397260274,A/chicken/Delaware/22-005260-001/2022|H5N1|USA-DE|2022-02-21|avian|A1
726,133,0.0145111315899153,-86.5935452962273,40.44897999373,-86.5913273335944,41.1360405639915,0.264612552070128,0.250101420480212,2022.12521489581,2022.1397260274,A/turkey/Indiana/22-005696-002/2022|H5N1|USA-IN|2022-02-21|avian|A1
726,132,0.0145111315899153,-86.5935452962273,40.44897999373,-85.2462004679806,40.1291732733528,0.264612552070128,0.250101420480212,2022.12521489581,2022.1397260274,A/turkey/Indiana/22-005696-001/2022|H5N1|USA-IN|2022-02-21|avian|A1
1132,399,0.00622539710290149,-75.7115556733125,38.6627097839845,-75.2063989372225,38.5479662386167,0.264612552070128,0.258387154967226,2022.13350063029,2022.1397260274,A/chicken/Delaware/22-005260-002/2022|H5N1|USA-DE|2022-02-21|avian|A1
727,134,0.00199988588813393,-87.072689974143,39.9531170380715,-86.5475067983307,39.5951853477301,0.264612552070128,0.262612666181994,2022.13772614151,2022.1397260274,A/turkey/Indiana/22-005696-003/2022|H5N1|USA-IN|2022-02-21|avian|A1
913,914,0.0835591693252564,-95.3662833100697,41.0877472028921,-93.605592890471,42.7519859139994,0.26514747833969,0.181588309014433,2022.05670178434,2022.14026095367,NA
758,759,0.00207623061986173,-85.7905675881064,44.7292958160772,-84.291065982993,44.3573242198781,0.265869282035171,0.26379305141531,2022.13890652674,2022.14098275736,NA
646,647,0.113463535029711,-78.1148989009241,34.1083819632862,-81.4703635960151,27.6618408868286,0.267074337526472,0.153610802496761,2022.02872427782,2022.14218781285,NA
1010,7,0.0954153889613453,-73.9060897168791,43.1698121853396,-73.8578176163636,43.1031973191397,0.267352278097485,0.17193688913614,2022.04705036446,2022.14246575342,A/pheasant/New_York/22-005647-001/2022|H5N1|USA-NY|2022-02-22|avian|A1
1010,6,0.0954153889613453,-73.9060897168791,43.1698121853396,-76.4627291664925,42.3663753591078,0.267352278097485,0.17193688913614,2022.04705036446,2022.14246575342,A/pheasant/New_York/22-005647-002/2022|H5N1|USA-NY|2022-02-22|avian|A1
847,166,0.0839534297757155,-86.9833813919336,39.6622113172892,-90.7950741409728,38.5836333118569,0.267352278097485,0.18339884832177,2022.05851232365,2022.14246575342,A/Rosss_Goose/Missouri/22-006328-019/2022|H5N1|USA-MO|2022-02-22|avian|A1
905,285,0.0643216122781537,-93.3090798468204,38.4899950243715,-91.866140265206,38.2534205236159,0.267352278097485,0.203030665819331,2022.07814414115,2022.14246575342,A/Snow_Goose/Missouri/22-006328-004/2022|H5N1|USA-MO|2022-02-22|avian|A1
1040,487,0.0530313926039336,-70.5608209840552,43.4345130747157,-71.701395256588,43.0384248154622,0.267352278097485,0.214320885493551,2022.08943436082,2022.14246575342,A/Canada_Goose/New_Hampshire/22-006203-003/2022|H5N1|USA-NH|2022-02-22|avian|A1
906,286,0.0518651209044196,-91.9293397582098,38.307232145024,-90.8146830057164,38.5004570714399,0.267352278097485,0.215487157193065,2022.09060063252,2022.14246575342,A/Snow_Goose/Missouri/22-006328-015/2022|H5N1|USA-MO|2022-02-22|avian|A1
701,324,0.050056112681896,-93.4001407152884,38.4247869978229,-93.6713964354244,37.152479325703,0.267352278097485,0.217296165415589,2022.09240964074,2022.14246575342,A/Snow_Goose/Missouri/22-006328-011/2022|H5N1|USA-MO|2022-02-22|avian|A1
1041,486,0.035326564308311,-72.2714779295376,44.1649355569522,-71.8562761015501,44.3108008812389,0.267352278097485,0.232025713789174,2022.10713918912,2022.14246575342,A/Canada_Goose/New_Hampshire/22-006203-002/2022|H5N1|USA-NH|2022-02-22|avian|A1
1041,485,0.035326564308311,-72.2714779295376,44.1649355569522,-72.1779155044158,43.1813775038681,0.267352278097485,0.232025713789174,2022.10713918912,2022.14246575342,A/Canada_Goose/New_Hampshire/22-006203-001/2022|H5N1|USA-NH|2022-02-22|avian|A1
706,320,0.0279640477840184,-91.018881019127,38.7701346609576,-91.9185028417571,39.1536284252731,0.267352278097485,0.239388230313467,2022.11450170564,2022.14246575342,A/Snow_Goose/Missouri/22-006328-022/2022|H5N1|USA-MO|2022-02-22|avian|A1
935,261,0.0184925286234565,-92.8046937022977,40.5225521497142,-93.3821990072524,36.811483087788,0.267352278097485,0.248859749474029,2022.1239732248,2022.14246575342,A/Snow_Goose/Missouri/22-006328-032/2022|H5N1|USA-MO|2022-02-22|avian|A1
758,240,0.00355922668217534,-85.7905675881064,44.7292958160772,-85.9423775135162,46.2093477459978,0.267352278097485,0.26379305141531,2022.13890652674,2022.14246575342,A/guinea_fowl/Michigan/22-005440-003/2022|H5N1|USA-MI|2022-02-22|avian|A1
759,242,0.00148299606231361,-84.291065982993,44.3573242198781,-83.2255905239035,44.1908215858006,0.267352278097485,0.265869282035171,2022.14098275736,2022.14246575342,A/turkey/Michigan/22-005440-001/2022|H5N1|USA-MI|2022-02-22|avian|A1
759,241,0.00148299606231361,-84.291065982993,44.3573242198781,-84.3906772834958,44.488252773382,0.267352278097485,0.265869282035171,2022.14098275736,2022.14246575342,A/chicken/Michigan/22-005440-002/2022|H5N1|USA-MI|2022-02-22|avian|A1
808,809,0.0583055708455082,-99.0310439777954,39.7933945106582,-96.6298431970653,39.5216598727841,0.267400351882925,0.209094781037417,2022.08420825636,2022.14251382721,NA
1132,1133,0.0111217335634967,-75.7115556733125,38.6627097839845,-75.2894909153459,39.1036387686595,0.269508888530723,0.258387154967226,2022.13350063029,2022.14462236386,NA
757,760,0.0152570754572304,-85.8779265078719,44.1759768509914,-84.1003742564262,41.9032740994063,0.270016433428088,0.254759357970858,2022.1298728333,2022.14512990876,NA
904,288,0.0710841530566322,-93.1119752297178,38.4412375159678,-92.6802626783763,38.391754496696,0.270092004124842,0.19900785106821,2022.0741213264,2022.14520547945,A/Snow_Goose/Missouri/22-006805-001/2022|H5N1|USA-MO|2022-02-23|avian|A1
1038,492,0.0426592743325114,-63.4612418011697,45.7788183064012,-62.4487897145899,46.2882467376435,0.270092004124842,0.227432729792331,2022.10254620512,2022.14520547945,A/Snowy_Owl/PE/FAV-0121-1/2022|H5N1|Canada-PE|2022-02-23|avian|A1
933,934,0.0311904588406348,-94.763732773609,42.1629964122913,-99.6805549547538,46.9743497499001,0.270479919446835,0.239289460606201,2022.11440293593,2022.14559339477,NA
687,693,0.0424375317737986,-96.4068943977544,41.9875859625473,-97.7264484654939,43.2607206357805,0.271605419263419,0.229167887489621,2022.10428136282,2022.14671889459,NA
1134,1135,0.0273920806183127,-76.0417504142132,39.7865403980061,-76.0332099199475,39.792325984,0.272732419733867,0.245340339115554,2022.12045381444,2022.14784589506,NA
978,41,0.0931372325108729,-71.2792788148537,43.3684366483171,-71.3088096979213,43.1668675754531,0.2728317301522,0.179694497641327,2022.05480797297,2022.14794520548,A/Snow_Goose/New_Hampshire/22-007420-001/2022|H5N1|USA-NH|2022-02-24|avian|A1
727,728,0.0122766688923033,-87.072689974143,39.9531170380715,-87.5636487603543,39.9187096953989,0.274889335074297,0.262612666181994,2022.13772614151,2022.1500028104,NA
914,915,0.0102429549305962,-93.605592890471,42.7519859139994,-95.2453495888539,43.1656023096198,0.275390433270286,0.26514747833969,2022.14026095367,2022.1505039086,NA
1157,1158,0.176517646448323,-77.6346249879452,36.6302932905623,-81.0109417205894,45.0228620850734,0.27573368821391,0.0992160417655874,2021.97432951709,2022.15084716354,NA
761,762,0.0457856634517617,-96.4591987280539,37.9138807387781,-97.1145453743545,37.1512998908692,0.276587878439637,0.230802214987875,2022.10591569031,2022.15170135377,NA
647,652,0.00966782116610076,-81.4703635960151,27.6618408868286,-81.7954990017459,27.7183563624266,0.276742158692573,0.267074337526472,2022.14218781285,2022.15185563402,NA
728,730,0.00214695522510633,-87.5636487603543,39.9187096953989,-87.4283420254978,39.4948975042684,0.277036290299403,0.274889335074297,2022.1500028104,2022.15214976563,NA
913,919,0.0958830870640158,-95.3662833100697,41.0877472028921,-93.2099417668624,38.2799978228312,0.277471396078449,0.181588309014433,2022.05670178434,2022.15258487141,NA
728,729,0.00345827876098648,-87.5636487603543,39.9187096953989,-87.6460817960639,39.7090216213511,0.278347613835284,0.274889335074297,2022.1500028104,2022.15346108916,NA
919,922,0.00174626847062886,-93.2099417668624,38.2799978228312,-93.3646828247972,39.3109404499936,0.279217664549078,0.277471396078449,2022.15258487141,2022.15433113988,NA
1135,1136,0.00727013807260612,-76.0332099199475,39.792325984,-75.7346761695917,38.9110877879778,0.280002557806473,0.272732419733867,2022.14784589506,2022.15511603313,NA
750,752,0.0834592347569911,-85.643115477706,37.6439216404219,-85.4630180399815,37.8753571834047,0.282938026844203,0.199478792087212,2022.07459226741,2022.15805150217,NA
809,810,0.0160349036752976,-96.6298431970653,39.5216598727841,-97.2800274459835,38.5282871325474,0.283435255558223,0.267400351882925,2022.14251382721,2022.15854873089,NA
1017,1018,0.0503233583000822,-71.6063378712989,42.5502698887768,-72.6288097178531,42.3568401089391,0.283603684662622,0.23328032636254,2022.10839380169,2022.15871715999,NA
951,14,0.130732731436608,-68.5967009908676,42.0534160509653,-71.8145605101462,41.5279640218483,0.283790634261857,0.153057902825249,2022.02817137815,2022.15890410959,A/chicken/Connecticut/22-006118-001/2022|H5N1|USA-CT|2022-02-28|avian|A1
804,84,0.0704838622076895,-99.2764899991628,39.9335881108349,-99.7329405731968,39.6837140299355,0.283790634261857,0.213306772054167,2022.08842024738,2022.15890410959,A/Snow_Goose/Kansas/22-006804-007/2022|H5N1|USA-KS|2022-02-28|avian|A1
902,276,0.0385032055334311,-92.5123462187797,37.4708912762099,-91.8660697455021,38.2103431859861,0.283790634261857,0.245287428728426,2022.12040090406,2022.15890410959,A/American_White_Pelican/Missouri/22-006970-001/2022|H5N1|USA-MO|2022-02-28|avian|A1
909,281,0.0340473057793058,-92.6943331223164,41.8235324154891,-92.4297208092242,40.6070692973752,0.283790634261857,0.249743328482551,2022.12485680381,2022.15890410959,A/silkie_chicken/Iowa/22-006114-001/2022|H5N1|USA-IA|2022-02-28|avian|A1
821,97,0.0318368007811851,-100.819356249791,41.3237702630707,-100.843011110761,39.6411246981533,0.283790634261857,0.251953833480672,2022.12706730881,2022.15890410959,A/Snow_Goose/Kansas/22-006804-003/2022|H5N1|USA-KS|2022-02-28|avian|A1
744,233,0.0280252125225707,-89.6124166006591,40.1742291253118,-91.824740609542,38.7604865441677,0.283790634261857,0.255765421739286,2022.13087889707,2022.15890410959,A/Hooded_Merganser/Missouri/22-007184-001/2022|H5N1|USA-MO|2022-02-28|avian|A1
730,137,0.00675434396245345,-87.4283420254978,39.4948975042684,-86.589817322775,40.0803451549164,0.283790634261857,0.277036290299403,2022.15214976563,2022.15890410959,A/turkey/Indiana/22-006259-002/2022|H5N1|USA-IN|2022-02-28|avian|A1
730,135,0.00675434396245345,-87.4283420254978,39.4948975042684,-86.9504961727892,40.1038365011534,0.283790634261857,0.277036290299403,2022.15214976563,2022.15890410959,A/turkey/Indiana/22-006259-001/2022|H5N1|USA-IN|2022-02-28|avian|A1
1018,3,0.000186949599234376,-72.6288097178531,42.3568401089391,-72.8793068617061,42.1772229518086,0.283790634261857,0.283603684662622,2022.15871715999,2022.15890410959,A/great_horned_owl/Massachusetts/22-006976-009/2022|H5N1|USA-MA|2022-02-28|avian|A1
962,965,0.0925268646108904,-68.853104542311,44.1337284661017,-68.7880261357514,45.5530161679492,0.284589548528032,0.192062683917142,2022.06717615924,2022.15970302386,NA
673,674,0.0683987759430503,-96.472276301133,41.7126288083149,-94.2935944203586,42.2140139243484,0.285085506035896,0.216686730092846,2022.09180020542,2022.16019898136,NA
708,710,0.0640468124607494,-86.0383433352534,36.4972105024305,-79.8075958995465,42.9325894934683,0.285090432757399,0.221043620296649,2022.09615709562,2022.16020390808,NA
647,648,0.0188774675149559,-81.4703635960151,27.6618408868286,-82.681705550188,28.4591072851242,0.285951805041428,0.267074337526472,2022.14218781285,2022.16106528037,NA
688,689,0.0518182261401436,-95.1957578473141,41.4766821429486,-94.6948683908504,44.918641083277,0.285989415605978,0.234171189465835,2022.10928466479,2022.16110289093,NA
648,650,0.0000573976178644964,-82.681705550188,28.4591072851242,-82.6824343894651,28.4709272518857,0.286009202659292,0.285951805041428,2022.16106528037,2022.16112267799,NA
919,920,0.0085477003830805,-93.2099417668624,38.2799978228312,-93.5050323717099,38.1088721546594,0.28601909646153,0.277471396078449,2022.15258487141,2022.16113257179,NA
822,823,0.0339126252662424,-100.817486988583,41.3203675793636,-102.283576530055,41.865653035565,0.286129268546219,0.252216643279977,2022.12733011861,2022.16124274387,NA
672,351,0.0750036161394191,-96.4249508562562,41.6559055610156,-96.4886080979597,45.0924961851099,0.286530360289214,0.211526744149795,2022.08664021948,2022.16164383562,A/Bald_Eagle/South_Dakota/22-009685-001/2022|H5N1|USA-SD|2022-03-01|avian|A1
906,287,0.0710432030961488,-91.9293397582098,38.307232145024,-93.4879959894587,37.5887277619096,0.286530360289214,0.215487157193065,2022.09060063252,2022.16164383562,A/Pelican/Missouri/22-012338-019/2022|H5N1|USA-MO|2022-03-01|avian|A1
1158,526,0.010796672075304,-81.0109417205894,45.0228620850734,-78.4681216965333,43.4002490987253,0.286530360289214,0.27573368821391,2022.15084716354,2022.16164383562,A/Snow_Goose/New_York/22-008835-004/2022|H5N1|USA-NY|2022-03-01|avian|A1
652,330,0.00978820159664151,-81.7954990017459,27.7183563624266,-81.7601620671381,27.5035644496562,0.286530360289214,0.276742158692573,2022.15185563402,2022.16164383562,A/Gull/Florida/22-007915-006/2022|H5N1|USA-FL|2022-03-01|avian|A1
652,331,0.00978820159664151,-81.7954990017459,27.7183563624266,-81.2255921076101,28.4968312346136,0.286530360289214,0.276742158692573,2022.15185563402,2022.16164383562,A/gull/Florida/W22-162/2022|H5N1|USA-FL|2022-03-01|avian|A1
729,138,0.00818274645393069,-87.6460817960639,39.7090216213511,-87.2292627875548,41.0839346581759,0.286530360289214,0.278347613835284,2022.15346108916,2022.16164383562,A/turkey/Indiana/22-006261-002/2022|H5N1|USA-IN|2022-03-01|avian|A1
729,136,0.00818274645393069,-87.6460817960639,39.7090216213511,-85.8824316463439,39.2874935852747,0.286530360289214,0.278347613835284,2022.15346108916,2022.16164383562,A/turkey/Indiana/22-006261-001/2022|H5N1|USA-IN|2022-03-01|avian|A1
849,850,0.0661970401094766,-85.691073820139,37.1542429828638,-87.958916488862,42.5091322644535,0.2865442731346,0.220347233025123,2022.09546070835,2022.16165774846,NA
1123,1124,0.0230227057399197,-76.5099526564898,39.5830825723928,-77.6851959104427,39.0484308369084,0.287066546316836,0.264043840576916,2022.1391573159,2022.16218002164,NA
920,921,0.00207979373109657,-93.5050323717099,38.1088721546594,-92.4892549352507,40.1556094595672,0.288098890192626,0.28601909646153,2022.16113257179,2022.16321236552,NA
820,826,0.0443079460919816,-100.72528526867,42.2353807698964,-100.115769889194,43.09667788739,0.288317313300027,0.244009367208046,2022.11912284254,2022.16343078863,NA
1122,1125,0.0266587476272723,-77.0845032088202,39.6315861128249,-76.2184256679458,39.5044353542369,0.288393376161046,0.261734628533774,2022.13684810386,2022.16350685149,NA
908,280,0.0588775026283448,-93.1899961842888,41.1977865507103,-92.1572842046337,39.3481815925656,0.289270086316799,0.230392583688454,2022.10550605902,2022.16438356164,A/Merganser/Missouri/22-007765-001/2022|H5N1|USA-MO|2022-03-02|avian|A1
922,271,0.010052421767721,-93.3646828247972,39.3109404499936,-92.7538479050466,38.8520617988911,0.289270086316799,0.279217664549078,2022.15433113988,2022.16438356164,A/chicken/Missouri/22-006569-007/2022|H5N1|USA-MO|2022-03-02|avian|A1
922,272,0.010052421767721,-93.3646828247972,39.3109404499936,-93.3228988325532,39.2997351439376,0.289270086316799,0.279217664549078,2022.15433113988,2022.16438356164,A/chicken/Missouri/22-006569-002/2022|H5N1|USA-MO|2022-03-02|avian|A1
920,273,0.00325098985526939,-93.5050323717099,38.1088721546594,-93.5024985418594,37.4009351037111,0.289270086316799,0.28601909646153,2022.16113257179,2022.16438356164,A/chicken/Missouri/22-006569-001/2022|H5N1|USA-MO|2022-03-02|avian|A1
921,275,0.00117119612417282,-92.4892549352507,40.1556094595672,-92.406224147432,40.131219950902,0.289270086316799,0.288098890192626,2022.16321236552,2022.16438356164,A/chicken/Missouri/22-006569-005/2022|H5N1|USA-MO|2022-03-02|avian|A1
921,274,0.00117119612417282,-92.4892549352507,40.1556094595672,-92.5184871147355,40.2501730369941,0.289270086316799,0.288098890192626,2022.16321236552,2022.16438356164,A/chicken/Missouri/22-006569-004/2022|H5N1|USA-MO|2022-03-02|avian|A1
937,938,0.0577239721870538,-93.7895168282581,42.0935843270075,-101.487924293294,44.029816071719,0.2894856954019,0.231761723214846,2022.10687519854,2022.16459917073,NA
915,916,0.0144822964909312,-95.2453495888539,43.1656023096198,-93.6703915338861,42.9570426578081,0.289872729761217,0.275390433270286,2022.1505039086,2022.16498620509,NA
674,680,0.00505667033806823,-94.2935944203586,42.2140139243484,-92.7952275065308,42.107989811917,0.290142176373964,0.285085506035896,2022.16019898136,2022.1652556517,NA
915,917,0.015581958143649,-95.2453495888539,43.1656023096198,-92.7509332521544,41.9550898979159,0.290972391413935,0.275390433270286,2022.1505039086,2022.16608586674,NA
704,322,0.0705168828257886,-91.770746177002,38.3056884426986,-93.7802163630203,38.4196329690164,0.292009812344156,0.221492929518368,2022.09660640485,2022.16712328767,A/chicken/Missouri/22-006639-001/2022|H5N1|USA-MO|2022-03-03|avian|A1
1025,507,0.0473902607341475,-82.5746608780827,30.2561197886167,-82.673664911848,30.1109834452166,0.292009812344156,0.244619551610009,2022.11973302694,2022.16712328767,A/Black_Vulture/Florida/22-006981-001/2022|H5N1|USA-FL|2022-03-03|avian|A1
1133,391,0.0225009238134335,-75.2894909153459,39.1036387686595,-77.1865963108281,39.458797985294,0.292009812344156,0.269508888530723,2022.14462236386,2022.16712328767,A/chicken/Maryland/22-006578-013/2022|H5N1|USA-MD|2022-03-03|avian|A1
1133,390,0.0225009238134335,-75.2894909153459,39.1036387686595,-76.6434970945411,39.121553872363,0.292009812344156,0.269508888530723,2022.14462236386,2022.16712328767,A/chicken/Maryland/22-006578-002/2022|H5N1|USA-MD|2022-03-03|avian|A1
1135,408,0.0192773926102894,-76.0332099199475,39.792325984,-75.9336261495695,39.5336204383385,0.292009812344156,0.272732419733867,2022.14784589506,2022.16712328767,A/chicken/Maryland/22-006578-001/2022|H5N1|USA-MD|2022-03-03|avian|A1
1136,411,0.0120072545376833,-75.7346761695917,38.9110877879778,-76.0747173270161,39.296415961709,0.292009812344156,0.280002557806473,2022.15511603313,2022.16712328767,A/chicken/Maryland/22-006578-005/2022|H5N1|USA-MD|2022-03-03|avian|A1
1018,2,0.00840612768153393,-72.6288097178531,42.3568401089391,-72.3164488320832,42.6148868245879,0.292009812344156,0.283603684662622,2022.15871715999,2022.16712328767,A/great_horned_owl/MA/22MM00199/2022|H5N1|USA-MA|2022-03-03|avian|A1
1125,397,0.00361643618311047,-76.2184256679458,39.5044353542369,-76.229014807831,39.5088332971178,0.292009812344156,0.288393376161046,2022.16350685149,2022.16712328767,A/chicken/Maryland/22-006578-014/2022|H5N1|USA-MD|2022-03-03|avian|A1
897,898,0.0900088553708507,-96.2660370464736,42.6556444526326,-101.099040961394,43.9312666871969,0.292052984561243,0.202044129190392,2022.07715760452,2022.16716645989,NA
810,811,0.00898769291894475,-97.2800274459835,38.5282871325474,-97.0782186304583,38.0541861470526,0.292422948477168,0.283435255558223,2022.15854873089,2022.1675364238,NA
823,825,0.00647839757313695,-102.283576530055,41.865653035565,-102.648207081894,41.9870610022632,0.292607666119356,0.286129268546219,2022.16124274387,2022.16772114145,NA
689,690,0.00692848048023864,-94.6948683908504,44.918641083277,-95.3053885561639,44.7242264629948,0.292917896086217,0.285989415605978,2022.16110289093,2022.16803137141,NA
855,159,0.0890971284522132,-82.5701295318254,40.7954865013167,-82.4558480471155,40.5654529563238,0.294749538371514,0.205652409919301,2022.08076588525,2022.1698630137,A/American_Black_Duck/Ohio/22-009205-010/2022|H5N1|USA-OH|2022-03-04|avian|A1
815,104,0.0575354597601798,-97.5416719212534,37.4091529233547,-97.3871246725956,37.5121747166021,0.294749538371514,0.237214078611334,2022.11232755394,2022.1698630137,A/Snow_Goose/Kansas/22-007919-003/2022|H5N1|USA-KS|2022-03-04|avian|A1
1025,508,0.0501299867615049,-82.5746608780827,30.2561197886167,-81.5317679452606,30.0030997553791,0.294749538371514,0.244619551610009,2022.11973302694,2022.1698630137,A/Brown_Pelican/Florida/22-007313-001/2022|H5N1|USA-FL|2022-03-04|avian|A1
1027,511,0.035012099178089,-80.2946405770515,32.7600297140087,-80.1878220631495,33.6180340632044,0.294749538371514,0.259737439193425,2022.13485091452,2022.1698630137,A/Bald_Eagle/South_Carolina/22-007918-002/2022|H5N1|USA-SC|2022-03-04|avian|A1
1027,510,0.035012099178089,-80.2946405770515,32.7600297140087,-79.4868234887698,33.0885057537371,0.294749538371514,0.259737439193425,2022.13485091452,2022.1698630137,A/Bald_Eagle/South_Carolina/22-007918-001/2022|H5N1|USA-SC|2022-03-04|avian|A1
1124,407,0.00768299205467771,-77.6851959104427,39.0484308369084,-77.3375037196508,39.4011279663488,0.294749538371514,0.287066546316836,2022.16218002164,2022.1698630137,A/chicken/Maryland/22-006948-001/2022|H5N1|USA-MD|2022-03-04|avian|A1
898,284,0.00269655381027123,-101.099040961394,43.9312666871969,-101.996108387499,44.0158223036012,0.294749538371514,0.292052984561243,2022.16716645989,2022.1698630137,A/turkey/South_Dakota/22-006792-001/2022|H5N1|USA-SD|2022-03-04|avian|A1
898,283,0.00269655381027123,-101.099040961394,43.9312666871969,-101.099535131233,43.8697179899329,0.294749538371514,0.292052984561243,2022.16716645989,2022.1698630137,A/turkey/South_Dakota/22-006792-002/2022|H5N1|USA-SD|2022-03-04|avian|A1
1136,1137,0.014789131420195,-75.7346761695917,38.9110877879778,-75.8126173778067,38.9442874035013,0.294791689226668,0.280002557806473,2022.15511603313,2022.16990516455,NA
620,621,0.27821324927387,-80.8784583509784,36.2194395719955,-84.3246145218226,42.964966110333,0.295568295812623,0.0173550465387529,2021.89246852187,2022.17068177114,NA
1134,1138,0.050369833710145,-76.0417504142132,39.7865403980061,-75.9960376166054,40.0509038552192,0.295710172825699,0.245340339115554,2022.12045381444,2022.17082364815,NA
693,694,0.0269152877142597,-97.7264484654939,43.2607206357805,-100.811346910055,40.9084623011779,0.298520706977679,0.271605419263419,2022.14671889459,2022.1736341823,NA
764,767,0.0781560817380371,-92.402089284511,41.5963166526914,-91.7378385001898,41.1324980523309,0.299153883970274,0.220997802232237,2022.09611127756,2022.1742673593,NA
838,839,0.0766382130625086,-89.6172257794102,38.3643274217656,-91.6851694687151,36.7110676718598,0.299818373484191,0.223180160421682,2022.09829363575,2022.17493184881,NA
764,765,0.0789488274369178,-92.402089284511,41.5963166526914,-92.3929045405154,40.6057259763201,0.299946629669154,0.220997802232237,2022.09611127756,2022.175060105,NA
910,279,0.080094178774902,-92.1238528300741,40.8583063049318,-88.008383054901,39.0777393812652,0.300228990426229,0.220134811651327,2022.09524828698,2022.17534246575,A/Rosss_Goose/Illinois/22-007691-001/2022|H5N1|USA-IL|2022-03-06|avian|A1
810,110,0.0167937348680056,-97.2800274459835,38.5282871325474,-97.2729244128085,38.4782947906901,0.300228990426229,0.283435255558223,2022.15854873089,2022.17534246575,A/Snow_Goose/Kansas/22-007919-002/2022|H5N1|USA-KS|2022-03-06|avian|A1
811,109,0.00780604194906087,-97.0782186304583,38.0541861470526,-96.746391436076,39.1908469882205,0.300228990426229,0.292422948477168,2022.1675364238,2022.17534246575,A/snow_goose/Kansas/W22-174B/2022|H5N1|USA-KS|2022-03-06|avian|A1
767,251,0.00107510645595477,-91.7378385001898,41.1324980523309,-92.0609770106258,41.5626106744433,0.300228990426229,0.299153883970274,2022.1742673593,2022.17534246575,A/turkey/Iowa/22-006795-002/2022|H5N1|USA-IA|2022-03-06|avian|A1
767,252,0.00107510645595477,-91.7378385001898,41.1324980523309,-91.2123133833176,41.1267681187482,0.300228990426229,0.299153883970274,2022.1742673593,2022.17534246575,A/turkey/Iowa/22-006795-001/2022|H5N1|USA-IA|2022-03-06|avian|A1
817,818,0.0747035226216135,-101.856289509605,41.4451157200543,-100.980256274985,42.300896987435,0.301226922193315,0.226523399571701,2022.1016368749,2022.17634039752,NA
752,753,0.0184119030618728,-85.4630180399815,37.8753571834047,-88.643641626732,45.8290715934018,0.301349929906076,0.282938026844203,2022.15805150217,2022.17646340523,NA
917,918,0.0110038115368598,-92.7509332521544,41.9550898979159,-94.2569861444648,41.615958652359,0.301976202950795,0.290972391413935,2022.16608586674,2022.17708967828,NA
811,812,0.009724795972755,-97.0782186304583,38.0541861470526,-86.0968889334151,30.4698742160836,0.302147744449923,0.292422948477168,2022.1675364238,2022.17726121978,NA
650,651,0.0164581611316124,-82.6824343894651,28.4709272518857,-83.0836438163661,27.9117021653448,0.302467363790905,0.286009202659292,2022.16112267799,2022.17758083912,NA
927,929,0.0467291841599292,-97.792790034069,42.6095630765967,-97.8466563795833,43.8203441371655,0.302480637221927,0.255751453061997,2022.13086492839,2022.17759411255,NA
1138,1139,0.00701195643861785,-75.9960376166054,40.0509038552192,-75.374577159835,38.7528567028235,0.302722129264317,0.295710172825699,2022.17082364815,2022.17783560459,NA
703,318,0.07998089404893,-91.7818781577395,38.2406463211566,-91.3080110330212,37.8651514189202,0.302968716453586,0.222987822404656,2022.09810129773,2022.17808219178,A/turkey/Missouri/22-006944-002/2022|H5N1|USA-MO|2022-03-07|avian|A1
838,205,0.0797885560319035,-89.6172257794102,38.3643274217656,-97.3422404740518,40.15513475827,0.302968716453586,0.223180160421682,2022.09829363575,2022.17808219178,A/Canada_Goose/Nebraska/22-007179-001/2022|H5N1|USA-NE|2022-03-07|avian|A1
1126,396,0.0775722747233764,-75.6270479386197,39.2110121201381,-75.5234650185752,38.6776953846255,0.302968716453586,0.22539644173021,2022.10050991706,2022.17808219178,A/chicken/Delaware/22-006945-004/2022|H5N1|USA-DE|2022-03-07|avian|A1
1128,404,0.0773057551243754,-76.0614477240035,39.7005193534231,-75.6672894295023,39.4188031761709,0.302968716453586,0.22566296132921,2022.10077643666,2022.17808219178,A/chicken/Delaware/22-006945-003/2022|H5N1|USA-DE|2022-03-07|avian|A1
1130,402,0.0600335260122432,-75.5717336486422,38.9592127407384,-75.4063529720524,38.9510338699712,0.302968716453586,0.242935190441343,2022.11804866577,2022.17808219178,A/chicken/Delaware/22-006945-001/2022|H5N1|USA-DE|2022-03-07|avian|A1
928,303,0.0396897942007659,-97.9340079762881,42.5347499036554,-99.1597897759565,42.1866744012055,0.302968716453586,0.26327892225282,2022.13839239758,2022.17808219178,A/Canada_Goose/Nebraska/22-007169-001/2022|H5N1|USA-NE|2022-03-07|avian|A1
1124,406,0.0159021701367499,-77.6851959104427,39.0484308369084,-76.8326396668524,38.6994229488728,0.302968716453586,0.287066546316836,2022.16218002164,2022.17808219178,A/chicken/Maryland/22-007086-001/2022|H5N1|USA-MD|2022-03-07|avian|A1
1125,403,0.01457534029254,-76.2184256679458,39.5044353542369,-75.5820339629836,39.2526626203909,0.302968716453586,0.288393376161046,2022.16350685149,2022.17808219178,A/chicken/Delaware/22-006945-002/2022|H5N1|USA-DE|2022-03-07|avian|A1
812,111,0.000820972003663267,-86.0968889334151,30.4698742160836,-85.0749245508304,29.9764306447951,0.302968716453586,0.302147744449923,2022.17726121978,2022.17808219178,A/ring-billed_gull/Florida/W22-169/2022|H5N1|USA-FL|2022-03-07|avian|A1
812,112,0.000820972003663267,-86.0968889334151,30.4698742160836,-86.8332842299171,30.4788109505162,0.302968716453586,0.302147744449923,2022.17726121978,2022.17808219178,A/Ring-billed_Gull/Florida/22-007915-012/2022|H5N1|USA-FL|2022-03-07|avian|A1
816,829,0.0838500795370348,-100.661026323244,40.1103810170805,-100.95287335064,38.2180813350157,0.303366869289622,0.219516789752587,2022.09463026508,2022.17848034462,NA
796,830,0.132925350638156,-94.1089520314033,39.0321823549971,-100.375666409634,38.9588918671191,0.303942506076408,0.171017155438251,2022.04613063077,2022.1790559814,NA
1006,1007,0.19338871100681,-73.863820527172,40.353887433649,-61.6758391221188,45.4123480505463,0.304094675416815,0.110705964410005,2021.98581943974,2022.17920815074,NA
777,778,0.0524772771126164,-82.5713541723652,45.2159717441522,-82.5871923266816,46.7184120803632,0.305203913153104,0.252726636040488,2022.12784011137,2022.18031738848,NA
790,204,0.0948053527217467,-92.0489447845938,38.5617241442687,-91.8423973096139,38.2536826230678,0.305708442481171,0.210903089759424,2022.08601656509,2022.18082191781,A/pelican/Missouri/22-012338-011/2022|H5N1|USA-MO|2022-03-08|avian|A1
1126,405,0.0803120007509611,-75.6270479386197,39.2110121201381,-77.490250647373,39.5567598928946,0.305708442481171,0.22539644173021,2022.10050991706,2022.18082191781,A/chicken/Maryland/22-007273-004/2022|H5N1|USA-MD|2022-03-08|avian|A1
899,289,0.0794773128978796,-92.1107243482091,38.3415569289715,-102.144947294502,32.3648356567506,0.305708442481171,0.226231129583291,2022.10134460491,2022.18082191781,A/peregrine_falcon/Texas/22-017713-001/2022|H5N1|USA-TX|2022-03-08|avian|A1
909,282,0.0559651139986197,-92.6943331223164,41.8235324154891,-95.2270021388683,41.7212111588862,0.305708442481171,0.249743328482551,2022.12485680381,2022.18082191781,A/Snow_Goose/Iowa/22-007764-001/2022|H5N1|USA-IA|2022-03-08|avian|A1
1131,398,0.0526241564592701,-75.7475048453059,38.7667171271978,-76.6762809994917,39.5888146461484,0.305708442481171,0.253084286021901,2022.12819776135,2022.18082191781,A/chicken/Maryland/22-007273-003/2022|H5N1|USA-MD|2022-03-08|avian|A1
860,160,0.0466662945297973,-82.5135169185099,39.499394496446,-82.524568324119,39.4910292519925,0.305708442481171,0.259042147951373,2022.13415562328,2022.18082191781,A/Mallard/Ohio/22-009207-003/2022|H5N1|USA-OH|2022-03-08|avian|A1
860,161,0.0466662945297973,-82.5135169185099,39.499394496446,-82.2711616517982,40.2301397096704,0.305708442481171,0.259042147951373,2022.13415562328,2022.18082191781,A/Mallard/Ohio/22-009207-002/2022|H5N1|USA-OH|2022-03-08|avian|A1
1123,400,0.0416646019042544,-76.5099526564898,39.5830825723928,-76.6960166566149,39.152752301607,0.305708442481171,0.264043840576916,2022.1391573159,2022.18082191781,A/chicken/Maryland/22-007273-005/2022|H5N1|USA-MD|2022-03-08|avian|A1
1137,409,0.0109167532545026,-75.8126173778067,38.9442874035013,-75.745218234862,38.9176052554277,0.305708442481171,0.294791689226668,2022.16990516455,2022.18082191781,A/chicken/Maryland/22-007273-002/2022|H5N1|USA-MD|2022-03-08|avian|A1
1137,410,0.0109167532545026,-75.8126173778067,38.9442874035013,-75.8362392175076,38.9552636720596,0.305708442481171,0.294791689226668,2022.16990516455,2022.18082191781,A/chicken/Maryland/22-007273-001/2022|H5N1|USA-MD|2022-03-08|avian|A1
839,206,0.00589006899697964,-91.6851694687151,36.7110676718598,-91.84343734971,36.574272717892,0.305708442481171,0.299818373484191,2022.17493184881,2022.18082191781,A/turkey/Missouri/22-007087-001/2022|H5N1|USA-MO|2022-03-08|avian|A1
839,207,0.00589006899697964,-91.6851694687151,36.7110676718598,-90.0583513496122,37.8250301328232,0.305708442481171,0.299818373484191,2022.17493184881,2022.18082191781,A/turkey/Missouri/22-007087-002/2022|H5N1|USA-MO|2022-03-08|avian|A1
987,988,0.0839583509047893,-71.703915786571,41.7916584598427,-73.4996000786989,42.6988114914736,0.305823050493314,0.221864699588525,2022.09697817492,2022.18093652582,NA
823,824,0.0198316640523174,-102.283576530055,41.865653035565,-102.808869626743,41.6260475651066,0.305960932598537,0.286129268546219,2022.16124274387,2022.18107440793,NA
648,649,0.020069565541652,-82.681705550188,28.4591072851242,-82.3009511472464,28.1203826569618,0.30602137058308,0.285951805041428,2022.16106528037,2022.18113484591,NA
967,968,0.0928745121745024,-67.7532064741104,45.7796763713511,-69.9566346717015,45.2078086319108,0.308040085021565,0.215165572847063,2022.09027904817,2022.18315356035,NA
1036,488,0.137660991323713,-66.2933205307162,44.4533621763941,-65.2338996962949,43.7274228163398,0.308448168508528,0.170787177184815,2022.04590065251,2022.18356164384,A/Canada_Goose/NS/FAV-0248-1/2022|H5N1|Canada-NS|2022-03-09|avian|A1
840,213,0.128343230938992,-89.9623630958354,38.350869726414,-87.7956714818857,39.641953161818,0.308448168508528,0.180104937569536,2022.0552184129,2022.18356164384,A/guinea_fowl/Illinois/22-007382-001/2022|H5N1|USA-IL|2022-03-09|avian|A1
856,165,0.110416993293417,-82.4028931606343,40.7053820981643,-82.1470304304509,40.1601292705079,0.308448168508528,0.198031175215111,2022.07314465054,2022.18356164384,A/Mallard/Ohio/22-009209-011/2022|H5N1|USA-OH|2022-03-09|avian|A1
855,158,0.102795758589228,-82.5701295318254,40.7954865013167,-80.7795180789026,42.2630021304425,0.308448168508528,0.205652409919301,2022.08076588525,2022.18356164384,A/American_Black_Duck/Ohio/22-009209-007/2022|H5N1|USA-OH|2022-03-09|avian|A1
705,319,0.0855597968867358,-91.1592080636902,38.4834089818136,-92.668044426968,42.4337007358093,0.308448168508528,0.222888371621792,2022.09800184695,2022.18356164384,A/Mallard/Iowa/22-007265-001/2022|H5N1|USA-IA|2022-03-09|avian|A1
777,144,0.0557215324680402,-82.5713541723652,45.2159717441522,-82.8433490836683,40.4330113761835,0.308448168508528,0.252726636040488,2022.12784011137,2022.18356164384,A/Mallard/Ohio/22-009209-012/2022|H5N1|USA-OH|2022-03-09|avian|A1
901,292,0.0546167226696432,-89.8699634322441,37.3030180233166,-98.7854041492234,44.8731364304498,0.308448168508528,0.253831445838885,2022.12894492117,2022.18356164384,A/Snow_Goose/South_Dakota/22-007946-002/2022|H5N1|USA-SD|2022-03-09|avian|A1
760,244,0.0384317350804398,-84.1003742564262,41.9032740994063,-82.8960845609477,42.3686308919886,0.308448168508528,0.270016433428088,2022.14512990876,2022.18356164384,A/Black_Swift/Michigan/22-007412-002/2022|H5N1|USA-MI|2022-03-09|avian|A1
760,243,0.0384317350804398,-84.1003742564262,41.9032740994063,-84.2865922282737,42.0681538958716,0.308448168508528,0.270016433428088,2022.14512990876,2022.18356164384,A/Black_Swift/Michigan/22-007412-003/2022|H5N1|USA-MI|2022-03-09|avian|A1
938,268,0.0189624731066285,-101.487924293294,44.029816071719,-99.4028412724301,44.3302129351134,0.308448168508528,0.2894856954019,2022.16459917073,2022.18356164384,A/Bald_Eagle/South_Dakota/22-009405-001/2022|H5N1|USA-SD|2022-03-09|avian|A1
830,82,0.00450566243212047,-100.375666409634,38.9588918671191,-101.227601460096,39.5569046810013,0.308448168508528,0.303942506076408,2022.1790559814,2022.18356164384,A/poultry/Kansas/22-007391-002/2022|H5N1|USA-KS|2022-03-09|avian|A1
830,81,0.00450566243212047,-100.375666409634,38.9588918671191,-100.321948119485,38.7384639528857,0.308448168508528,0.303942506076408,2022.1790559814,2022.18356164384,A/poultry/Kansas/22-007391-001/2022|H5N1|USA-KS|2022-03-09|avian|A1
715,716,0.201596652418367,-93.503078303524,39.1754769333987,-100.676372324016,42.0954818552591,0.308528662435202,0.106932010016835,2021.98204548534,2022.18364213776,NA
914,297,0.0460404161961958,-93.605592890471,42.7519859139994,-93.972339883624,43.4747808712272,0.311187894535885,0.26514747833969,2022.14026095367,2022.18630136986,A/chicken/Iowa/22-007376-007/2022|H5N1|USA-IA|2022-03-10|avian|A1
916,298,0.0213151647746683,-93.6703915338861,42.9570426578081,-91.2695918357528,43.2629139637834,0.311187894535885,0.289872729761217,2022.16498620509,2022.18630136986,A/chicken/Iowa/22-007376-002/2022|H5N1|USA-IA|2022-03-10|avian|A1
916,299,0.0213151647746683,-93.6703915338861,42.9570426578081,-95.3532442887152,41.1590888717618,0.311187894535885,0.289872729761217,2022.16498620509,2022.18630136986,A/chicken/Iowa/22-007376-001/2022|H5N1|USA-IA|2022-03-10|avian|A1
917,302,0.0202155031219505,-92.7509332521544,41.9550898979159,-91.9429507515076,42.8306715141042,0.311187894535885,0.290972391413935,2022.16608586674,2022.18630136986,A/chicken/Iowa/22-007376-005/2022|H5N1|USA-IA|2022-03-10|avian|A1
918,301,0.00921169158509072,-94.2569861444648,41.615958652359,-93.806130511093,42.6645864134181,0.311187894535885,0.301976202950795,2022.17708967828,2022.18630136986,A/chicken/Iowa/22-007376-003/2022|H5N1|USA-IA|2022-03-10|avian|A1
918,300,0.00921169158509072,-94.2569861444648,41.615958652359,-93.0143100346821,42.4946811036848,0.311187894535885,0.301976202950795,2022.17708967828,2022.18630136986,A/chicken/Iowa/22-007376-012/2022|H5N1|USA-IA|2022-03-10|avian|A1
968,37,0.00314780951432025,-69.9566346717015,45.2078086319108,-69.7445663367857,45.2893878987494,0.311187894535885,0.308040085021565,2022.18315356035,2022.18630136986,A/chicken/Maine/22-007410-002/2022|H5N1|USA-ME|2022-03-10|avian|A1
968,36,0.00314780951432025,-69.9566346717015,45.2078086319108,-70.0243801870685,44.8898049467105,0.311187894535885,0.308040085021565,2022.18315356035,2022.18630136986,A/turkey/Maine/22-007410-001/2022|H5N1|USA-ME|2022-03-10|avian|A1
1049,1050,0.0637364796433312,-78.4860916310774,40.9442832204945,-77.0795262717346,43.5263546527585,0.31257377313526,0.248837293491929,2022.12395076882,2022.18768724846,NA
716,717,0.00432283343955442,-100.676372324016,42.0954818552591,-100.806070451947,42.1046092753619,0.312851495874756,0.308528662435202,2022.18364213776,2022.1879649712,NA
771,772,0.147334145634042,-89.0547221765206,38.688957180734,-89.7029775254085,40.3951434833321,0.312870528275764,0.165536382641721,2022.04064985797,2022.1879840036,NA
964,23,0.0901359331831164,-67.4558302570683,43.7704316276418,-70.1885551638233,43.8382288662816,0.313927620563243,0.223791687380126,2022.09890516271,2022.18904109589,A/chicken/Maine/22-007582-001/2022|H5N1|USA-ME|2022-03-11|avian|A1
818,99,0.0127006983699279,-100.980256274985,42.300896987435,-98.3468025740118,44.4996214006418,0.313927620563243,0.301226922193315,2022.17634039752,2022.18904109589,A/turkey/South_Dakota/22-007534-001/2022|H5N1|USA-SD|2022-03-11|avian|A1
818,98,0.0127006983699279,-100.980256274985,42.300896987435,-101.213556694514,43.3064487567069,0.313927620563243,0.301226922193315,2022.17634039752,2022.18904109589,A/turkey/South_Dakota/22-007534-002/2022|H5N1|USA-SD|2022-03-11|avian|A1
1007,1008,0.0114388123528311,-61.6758391221188,45.4123480505463,-62.1628664099351,45.5701716906034,0.315533487769646,0.304094675416815,2022.17920815074,2022.1906469631,NA
815,105,0.0794532679792663,-97.5416719212534,37.4091529233547,-96.8190399019418,37.7987160920524,0.3166673465906,0.237214078611334,2022.11232755394,2022.19178082192,A/Snow_Goose/Kansas/22-008980-003/2022|H5N1|USA-KS|2022-03-12|avian|A1
1007,11,0.0125726711737855,-61.6758391221188,45.4123480505463,-61.8649267676877,45.5875566878798,0.3166673465906,0.304094675416815,2022.17920815074,2022.19178082192,A/Mixed/NS/FAV-0127-141B/2022|H5N1|Canada-NS|2022-03-12|avian|A1
1008,10,0.0011338588209544,-62.1628664099351,45.5701716906034,-61.9489474487498,45.7563173671274,0.3166673465906,0.315533487769646,2022.1906469631,2022.19178082192,A/Mixed/NS/FAV-0127-154/2022|H5N1|Canada-NS|2022-03-12|avian|A1
1008,12,0.0011338588209544,-62.1628664099351,45.5701716906034,-63.2381153805463,45.7034355642122,0.3166673465906,0.315533487769646,2022.1906469631,2022.19178082192,A/Mixed/NS/FAV-0127-153/2022|H5N1|Canada-NS|2022-03-12|avian|A1
753,754,0.0156250350822412,-88.643641626732,45.8290715934018,-89.1372289270738,45.7562659165844,0.316974964988317,0.301349929906076,2022.17646340523,2022.19208844032,NA
688,692,0.0832891797304084,-95.1957578473141,41.4766821429486,-95.871018535021,37.6424530831631,0.317460369196243,0.234171189465835,2022.10928466479,2022.19257384452,NA
593,594,0.105125425316289,-79.710551996994,34.9808511653978,-79.7440435398779,36.1224061816459,0.319121064913894,0.213995639597605,2022.08910911492,2022.19423454024,NA
903,277,0.0740716116999145,-92.5475821160577,37.3206199291465,-92.4091551225566,45.4477246602427,0.319407072617958,0.245335460918043,2022.12044893625,2022.19452054795,A/Coopers_Hawk/Wisconsin/22-009404-002/2022|H5N1|USA-WI|2022-03-13|avian|A1
752,227,0.0364690457737542,-85.4630180399815,37.8753571834047,-87.291138233219,45.1106311058841,0.319407072617958,0.282938026844203,2022.15805150217,2022.19452054795,A/chicken/Wisconsin/22-007545-004/2022|H5N1|USA-WI|2022-03-13|avian|A1
753,226,0.0180571427118814,-88.643641626732,45.8290715934018,-88.7983796927689,45.3964238083994,0.319407072617958,0.301349929906076,2022.17646340523,2022.19452054795,A/chicken/Wisconsin/22-007545-005/2022|H5N1|USA-WI|2022-03-13|avian|A1
716,257,0.010878410182756,-100.676372324016,42.0954818552591,-100.836427907164,40.3360329114613,0.319407072617958,0.308528662435202,2022.18364213776,2022.19452054795,A/Swan/Nebraska/22-008227-001/2022|H5N1|USA-NE|2022-03-13|avian|A1
754,224,0.00243210762964019,-89.1372289270738,45.7562659165844,-90.5853571967904,46.9776428895293,0.319407072617958,0.316974964988317,2022.19208844032,2022.19452054795,A/chicken/Wisconsin/22-007545-002/2022|H5N1|USA-WI|2022-03-13|avian|A1
754,225,0.00243210762964019,-89.1372289270738,45.7562659165844,-90.5451078228191,47.0406699362077,0.319407072617958,0.316974964988317,2022.19208844032,2022.19452054795,A/chicken/Wisconsin/22-007545-001/2022|H5N1|USA-WI|2022-03-13|avian|A1
692,374,0.00194670342171466,-95.871018535021,37.6424530831631,-96.0357805457986,37.3599199665414,0.319407072617958,0.317460369196243,2022.19257384452,2022.19452054795,A/bald_eagle/Kansas/W22-197/2022|H5N1|USA-KS|2022-03-13|avian|A1
937,940,0.0879382981107664,-93.7895168282581,42.0935843270075,-93.2369462209895,38.6075567827621,0.319700021325612,0.231761723214846,2022.10687519854,2022.19481349665,NA
594,617,0.00109616965201575,-79.7440435398779,36.1224061816459,-79.7385653679948,36.1051954913175,0.32021723456591,0.319121064913894,2022.19423454024,2022.19533070989,NA
778,779,0.0162489901305501,-82.5871923266816,46.7184120803632,-82.5709661874803,46.7073673176497,0.321452903283654,0.305203913153104,2022.18031738848,2022.19656637861,NA
772,773,0.00863019227652162,-89.7029775254085,40.3951434833321,-90.9345146202685,40.0016328799466,0.321500720552285,0.312870528275764,2022.1879840036,2022.19661419588,NA
765,766,0.0221099891835722,-92.3929045405154,40.6057259763201,-92.364990246456,40.6398365897252,0.322056618852727,0.299946629669154,2022.175060105,2022.19717009418,NA
706,323,0.0827585683320757,-91.018881019127,38.7701346609576,-101.164660249187,43.7187031900565,0.322146798645542,0.239388230313467,2022.11450170564,2022.19726027397,A/Canada_Goose/South_Dakota/22-008571-003/2022|H5N1|USA-SD|2022-03-14|avian|A1
772,236,0.00927627036977874,-89.7029775254085,40.3951434833321,-89.5718291704111,40.6565993629989,0.322146798645542,0.312870528275764,2022.1879840036,2022.19726027397,A/Graylag_Goose/Illinois/22-008377-005/2022|H5N1|USA-IL|2022-03-14|avian|A1
692,375,0.00468642944929942,-95.871018535021,37.6424530831631,-96.0110117679962,37.9099245649844,0.322146798645542,0.317460369196243,2022.19257384452,2022.19726027397,A/Bald_Eagle/Kansas/22-008980-001/2022|H5N1|USA-KS|2022-03-14|avian|A1
940,270,0.00244677731993026,-93.2369462209895,38.6075567827621,-92.2702233771351,38.765548453406,0.322146798645542,0.319700021325612,2022.19481349665,2022.19726027397,A/chicken/Missouri/22-007677-001/2022|H5N1|USA-MO|2022-03-14|avian|A1
940,269,0.00244677731993026,-93.2369462209895,38.6075567827621,-94.4061707286084,38.6359758043896,0.322146798645542,0.319700021325612,2022.19481349665,2022.19726027397,A/chicken/Missouri/22-007677-002/2022|H5N1|USA-MO|2022-03-14|avian|A1
773,234,0.000646078093257119,-90.9345146202685,40.0016328799466,-90.6381747265854,39.9048225059169,0.322146798645542,0.321500720552285,2022.19661419588,2022.19726027397,A/goose/Illinois/22-008377-004/2022|H5N1|USA-IL|2022-03-14|avian|A1
773,235,0.000646078093257119,-90.9345146202685,40.0016328799466,-91.5013811964412,40.162976246839,0.322146798645542,0.321500720552285,2022.19661419588,2022.19726027397,A/Graylag_Goose/Illinois/22-008377-002/2022|H5N1|USA-IL|2022-03-14|avian|A1
929,930,0.0213245116224312,-97.8466563795833,43.8203441371655,-95.8213572506768,49.9700151034574,0.323805148844358,0.302480637221927,2022.17759411255,2022.19891862417,NA
738,118,0.165854449080213,-86.5498697110344,36.3518210307402,-90.3426370314864,36.6435499965769,0.3248865246729,0.159032075592687,2022.03414555092,2022.2,A/goose/Missouri/22-012338-006/2022|H5N1|USA-MO|2022-03-15|avian|A1
852,222,0.14071881015133,-87.1517101784087,39.4881491282089,-91.5570314669709,41.7358341858902,0.3248865246729,0.18416771452157,2022.05928118985,2022.2,A/Rosss_Goose/Iowa/22-008378-001/2022|H5N1|USA-IA|2022-03-15|avian|A1
910,278,0.104751713021573,-92.1238528300741,40.8583063049318,-92.9658622073684,40.8166272653931,0.3248865246729,0.220134811651327,2022.09524828698,2022.2,A/Rosss_Goose/Iowa/22-008376-002/2022|H5N1|USA-IA|2022-03-15|avian|A1
1016,1,0.0925202980644392,-72.1235124074703,43.2087308475364,-72.1612234884359,43.2234873259891,0.3248865246729,0.232366226608461,2022.10747970194,2022.2,A/turkey/New_Hampshire/22-007886-001/2022|H5N1|USA-NH|2022-03-15|avian|A1
1142,384,0.0604770141392242,-81.4122807098938,44.4522694735636,-83.8381034088646,54.9157796669871,0.3248865246729,0.264409510533676,2022.13952298586,2022.2,A/Redhead/ON/FAV-0161-1/2022|H5N1|Canada-ON|2022-03-15|avian|A1
1139,1140,0.0224640791400408,-75.374577159835,38.7528567028235,-75.307770600781,39.0489878007588,0.325186208404358,0.302722129264317,2022.17783560459,2022.20029968373,NA
621,622,0.0307088703880957,-84.3246145218226,42.964966110333,-78.3106934000017,40.0197883793049,0.326277166200719,0.295568295812623,2022.17068177114,2022.20139064153,NA
779,782,0.00541923816943934,-82.5709661874803,46.7073673176497,-82.3231534979106,46.3759582917469,0.326872141453094,0.321452903283654,2022.19656637861,2022.20198561678,NA
946,5,0.275642725135016,-77.3014824532425,36.7258183781384,-62.2114653213138,45.1885005737145,0.327626250700257,0.0519835255652408,2021.92709700089,2022.20273972603,A/American_Crow/NS/FAV-0322-1/2022|H5N1|Canada-NS|2022-03-16|avian|A1
926,294,0.0966505895431934,-99.3248784718507,43.7483541693563,-97.694531441008,44.7829794476403,0.327626250700257,0.230975661157064,2022.10608913648,2022.20273972603,A/Rosss_Goose/South_Dakota/22-008384-004/2022|H5N1|USA-SD|2022-03-16|avian|A1
762,254,0.05103837226062,-97.1145453743545,37.1512998908692,-98.2277707412463,37.7544942221625,0.327626250700257,0.276587878439637,2022.15170135377,2022.20273972603,A/chicken/Kansas/22-008259-002/2022|H5N1|USA-KS|2022-03-16|avian|A1
762,255,0.05103837226062,-97.1145453743545,37.1512998908692,-97.1053550307076,37.146552263908,0.327626250700257,0.276587878439637,2022.15170135377,2022.20273972603,A/chicken/Kansas/22-008259-001/2022|H5N1|USA-KS|2022-03-16|avian|A1
850,201,0.0410819775656574,-87.958916488862,42.5091322644535,-88.6686085213717,42.8606907504842,0.327626250700257,0.2865442731346,2022.16165774846,2022.20273972603,A/Snowy_Owl/Wisconsin/22-010236-001/2022|H5N1|USA-WI|2022-03-16|avian|A1
1138,394,0.0319160778745579,-75.9960376166054,40.0509038552192,-75.6753347908315,39.4996606538084,0.327626250700257,0.295710172825699,2022.17082364815,2022.20273972603,A/chicken/Delaware/22-008054-003/2022|H5N1|USA-DE|2022-03-16|avian|A1
651,332,0.0251588869093525,-83.0836438163661,27.9117021653448,-81.041839652418,27.4833583264806,0.327626250700257,0.302467363790905,2022.17758083912,2022.20273972603,A/Royal_Tern/Florida/22-008226-001/2022|H5N1|USA-FL|2022-03-16|avian|A1
1139,395,0.02490412143594,-75.374577159835,38.7528567028235,-75.6716721429657,38.6095184851179,0.327626250700257,0.302722129264317,2022.17783560459,2022.20273972603,A/chicken/Delaware/22-008054-004/2022|H5N1|USA-DE|2022-03-16|avian|A1
829,87,0.0242593814106349,-100.95287335064,38.2180813350157,-100.984395298705,38.0620256138163,0.327626250700257,0.303366869289622,2022.17848034462,2022.20273972603,A/duck/Kansas/22-008114-001/2022|H5N1|USA-KS|2022-03-16|avian|A1
829,86,0.0242593814106349,-100.95287335064,38.2180813350157,-99.4149466648901,37.5633575588382,0.327626250700257,0.303366869289622,2022.17848034462,2022.20273972603,A/chicken/Kansas/22-008114-002/2022|H5N1|USA-KS|2022-03-16|avian|A1
1140,392,0.00244004229589923,-75.307770600781,39.0489878007588,-75.6041384756992,38.7230781325359,0.327626250700257,0.325186208404358,2022.20029968373,2022.20273972603,A/chicken/Delaware/22-008054-002/2022|H5N1|USA-DE|2022-03-16|avian|A1
1140,393,0.00244004229589923,-75.307770600781,39.0489878007588,-75.6567288851144,39.4468599484346,0.327626250700257,0.325186208404358,2022.20029968373,2022.20273972603,A/chicken/Delaware/22-008054-001/2022|H5N1|USA-DE|2022-03-16|avian|A1
782,783,0.00209021540803012,-82.3231534979106,46.3759582917469,-82.097196386073,46.9229931733907,0.328962356861124,0.326872141453094,2022.20198561678,2022.20407583219,NA
622,623,0.00321602327346227,-78.3106934000017,40.0197883793049,-78.1149986459118,40.2059998528841,0.329493189474181,0.326277166200719,2022.20139064153,2022.2046066648,NA
1120,389,0.0916495030238722,-75.5580838086656,39.3192696459282,-76.5018724740704,39.5188652970423,0.330365976727615,0.238716473703742,2022.11382994903,2022.20547945205,A/chicken/Maryland/22-008243-001/2022|H5N1|USA-MD|2022-03-17|avian|A1
644,325,0.0891962864878686,-81.8521177037129,27.2463095697986,-81.9876564580657,27.4089108735254,0.330365976727615,0.241169690239746,2022.11628316557,2022.20547945205,A/Royal_Tern/Florida/22-010506-002/2022|H5N1|USA-FL|2022-03-17|avian|A1
765,248,0.0304193470584602,-92.3929045405154,40.6057259763201,-93.7788186112896,42.3135738803803,0.330365976727615,0.299946629669154,2022.175060105,2022.20547945205,A/chicken/Iowa/22-008176-005/2022|H5N1|USA-IA|2022-03-17|avian|A1
649,334,0.0243446061445348,-82.3009511472464,28.1203826569618,-81.9453896298073,28.4151855037126,0.330365976727615,0.30602137058308,2022.18113484591,2022.20547945205,A/Royal_Tern/Florida/22-010506-001/2022|H5N1|USA-FL|2022-03-17|avian|A1
766,250,0.00830935787488796,-92.364990246456,40.6398365897252,-91.23109483319,41.4284784035456,0.330365976727615,0.322056618852727,2022.19717009418,2022.20547945205,A/chicken/Iowa/22-008176-004/2022|H5N1|USA-IA|2022-03-17|avian|A1
766,249,0.00830935787488796,-92.364990246456,40.6398365897252,-92.4357526995327,40.6952215619772,0.330365976727615,0.322056618852727,2022.19717009418,2022.20547945205,A/chicken/Iowa/22-008176-003/2022|H5N1|USA-IA|2022-03-17|avian|A1
623,624,0.00156359232876779,-78.1149986459118,40.2059998528841,-77.9405633701075,40.8727165258264,0.331056781802949,0.329493189474181,2022.2046066648,2022.20617025713,NA
800,123,0.1511782284663,-92.0885791295722,39.1732600337811,-98.5328935115991,44.7944724885402,0.333105702754972,0.181927474288672,2022.05704094962,2022.20821917808,A/Snow_Goose/South_Dakota/22-009478-007/2022|H5N1|USA-SD|2022-03-18|avian|A1
801,220,0.150657885994433,-91.5710570848884,39.5615940734832,-92.1556779874449,39.3936211193787,0.333105702754972,0.182447816760539,2022.05756129209,2022.20821917808,A/Bald_Eagle/Missouri/22-012338-009/2022|H5N1|USA-MO|2022-03-18|avian|A1
790,237,0.122202612995548,-92.0489447845938,38.5617241442687,-101.098353806064,44.7656459484341,0.333105702754972,0.210903089759424,2022.08601656509,2022.20821917808,A/Snow_Goose/South_Dakota/22-009478-004/2022|H5N1|USA-SD|2022-03-18|avian|A1
703,321,0.110117880350316,-91.7818781577395,38.2406463211566,-98.5355557036724,44.318506998474,0.333105702754972,0.222987822404656,2022.09810129773,2022.20821917808,A/Snow_Goose/South_Dakota/22-009478-020/2022|H5N1|USA-SD|2022-03-18|avian|A1
926,293,0.102130041597908,-99.3248784718507,43.7483541693563,-99.1271780186862,45.0418917388663,0.333105702754972,0.230975661157064,2022.10608913648,2022.20821917808,A/Snow_Goose/South_Dakota/22-009478-018/2022|H5N1|USA-SD|2022-03-18|avian|A1
809,108,0.0657053508720467,-96.6298431970653,39.5216598727841,-97.9731184639795,43.4996824448348,0.333105702754972,0.267400351882925,2022.14251382721,2022.20821917808,A/Snow_Goose/South_Dakota/22-009478-008/2022|H5N1|USA-SD|2022-03-18|avian|A1
934,265,0.0626257833081366,-99.6805549547538,46.9743497499001,-100.640399559573,45.4623858345971,0.333105702754972,0.270479919446835,2022.14559339477,2022.20821917808,A/Snow_Goose/South_Dakota/22-009478-003/2022|H5N1|USA-SD|2022-03-18|avian|A1
965,21,0.0485161542269398,-68.7880261357514,45.5530161679492,-68.5944184772245,45.7915119413706,0.333105702754972,0.284589548528032,2022.15970302386,2022.20821917808,A/chicken/Maine/22-008367-001/2022|H5N1|USA-ME|2022-03-18|avian|A1
965,20,0.0485161542269398,-68.7880261357514,45.5530161679492,-69.0678437605965,45.6409567139131,0.333105702754972,0.284589548528032,2022.15970302386,2022.20821917808,A/turkey/Maine/22-008367-002/2022|H5N1|USA-ME|2022-03-18|avian|A1
825,91,0.0404980366356158,-102.648207081894,41.9870610022632,-102.423860387163,40.956398001785,0.333105702754972,0.292607666119356,2022.16772114145,2022.20821917808,A/Snow_Goose/Colorado/22-008935-001/2022|H5N1|USA-CO|2022-03-18|avian|A1
824,85,0.0271447701564353,-102.808869626743,41.6260475651066,-103.709248028467,39.5896870871924,0.333105702754972,0.305960932598537,2022.18107440793,2022.20821917808,A/Rosss_Goose/Colorado/22-008935-005/2022|H5N1|USA-CO|2022-03-18|avian|A1
782,788,0.00878254971033154,-82.3231534979106,46.3759582917469,-79.6739307343632,46.471909364662,0.335654691163425,0.326872141453094,2022.20198561678,2022.21076816649,NA
643,381,0.0760422121095481,-77.473809823016,37.7581101369837,-76.1792867221316,40.1464331571583,0.335845428782557,0.259803216673009,2022.134916692,2022.21095890411,A/Bald_Eagle/Pennsylvania/22-008745-001/2022|H5N1|USA-PA|2022-03-19|avian|A1
1050,1051,0.0238503403463017,-77.0795262717346,43.5263546527585,-74.5118293089566,43.0488781268131,0.336424113481562,0.31257377313526,2022.18768724846,2022.21153758881,NA
594,595,0.0187329483800603,-79.7440435398779,36.1224061816459,-79.9384554204199,35.7236798079964,0.337854013293954,0.319121064913894,2022.19423454024,2022.21296748862,NA
776,124,0.143627996481371,-91.2729232460599,40.1225200290742,-88.0325934993697,43.8593634170579,0.338585154809914,0.194957158328543,2022.07007063366,2022.21369863014,A/Canada_Goose/Wisconsin/22-009408-001/2022|H5N1|USA-WI|2022-03-20|avian|A1
988,57,0.0327621043165999,-73.4996000786989,42.6988114914736,-72.7523379725759,42.383160083631,0.338585154809914,0.305823050493314,2022.18093652582,2022.21369863014,A/snowy_owl/MA/22MM00463/2022|H5N1|USA-MA|2022-03-20|avian|A1
622,625,0.0132961309176302,-78.3106934000017,40.0197883793049,-78.0800203629897,41.1716362225322,0.339573297118349,0.326277166200719,2022.20139064153,2022.21468677245,NA
931,260,0.137003946976949,-92.5243793891342,43.260616508815,-100.513191041629,46.9188418072849,0.341324880837272,0.204320933860323,2022.07943440919,2022.21643835616,A/Snow_Goose/North_Dakota/22-008734-001/2022|H5N1|USA-ND|2022-03-21|avian|A1
928,304,0.0780459585844515,-97.9340079762881,42.5347499036554,-97.9342546443255,42.3901481733582,0.341324880837272,0.26327892225282,2022.13839239758,2022.21643835616,A/chicken/Nebraska/22-008467-001/2022|H5N1|USA-NE|2022-03-21|avian|A1
650,336,0.0553156781779792,-82.6824343894651,28.4709272518857,-82.5259162301004,27.5995016729754,0.341324880837272,0.286009202659292,2022.16112267799,2022.21643835616,A/Royal_Tern/Florida/22-009056-001/2022|H5N1|USA-FL|2022-03-21|avian|A1
969,970,0.117939696946779,-67.4956722522823,45.8518957427123,-70.3057503623833,46.4893359406593,0.342112249955699,0.22417255300892,2022.09928602834,2022.21722572528,NA
1141,387,0.12809003978762,-74.688749092298,41.53465770226,-77.8186383259001,43.2012189726752,0.344064606864629,0.215974567077009,2022.0910880424,2022.21917808219,A/Snowy_Owl/New_York/22-008969-001/2022|H5N1|USA-NY|2022-03-22|avian|A1
1017,4,0.110784280502089,-71.6063378712989,42.5502698887768,-69.2824570882166,45.3058896013047,0.344064606864629,0.23328032636254,2022.10839380169,2022.21917808219,A/chicken/Maine/22-008540-001/2022|H5N1|USA-ME|2022-03-22|avian|A1
828,94,0.0885671009124831,-102.697836132813,37.5969999388587,-102.721898884749,37.5923384172838,0.344064606864629,0.255497505952146,2022.13061098128,2022.21917808219,A/Mallard/Colorado/22-009476-001/2022|H5N1|USA-CO|2022-03-22|avian|A1
934,264,0.0735846874177936,-99.6805549547538,46.9743497499001,-99.7315113399417,46.8690942047171,0.344064606864629,0.270479919446835,2022.14559339477,2022.21917808219,A/Snow_Goose/North_Dakota/22-009483-002/2022|H5N1|USA-ND|2022-03-22|avian|A1
623,544,0.0145714173904481,-78.1149986459118,40.2059998528841,-79.684207284309,40.9862567787789,0.344064606864629,0.329493189474181,2022.2046066648,2022.21917808219,A/Merganser/Pennsylvania/22-008909-005/2022|H5N1|USA-PA|2022-03-22|avian|A1
624,542,0.0130078250616803,-77.9405633701075,40.8727165258264,-78.3095006177168,41.4029293198519,0.344064606864629,0.331056781802949,2022.20617025713,2022.21917808219,A/Merganser/Pennsylvania/22-008909-001/2022|H5N1|USA-PA|2022-03-22|avian|A1
624,540,0.0130078250616803,-77.9405633701075,40.8727165258264,-77.8619445347003,41.1740121046604,0.344064606864629,0.331056781802949,2022.20617025713,2022.21917808219,A/Merganser/Pennsylvania/22-008909-004/2022|H5N1|USA-PA|2022-03-22|avian|A1
625,541,0.0044913097462802,-78.0800203629897,41.1716362225322,-78.085513798697,41.104629135735,0.344064606864629,0.339573297118349,2022.21468677245,2022.21917808219,A/Merganser/Pennsylvania/22-008909-003/2022|H5N1|USA-PA|2022-03-22|avian|A1
595,596,0.00744682297484867,-79.9384554204199,35.7236798079964,-79.4351205056026,36.4566511118879,0.345300836268803,0.337854013293954,2022.21296748862,2022.2204143116,NA
799,83,0.163525637234497,-94.4639479936425,38.5237728765994,-96.9804046849369,46.5588405356405,0.346804332891986,0.183278695657489,2022.05839217098,2022.22191780822,A/Snow_Goose/North_Dakota/22-009481-002/2022|H5N1|USA-ND|2022-03-23|avian|A1
1039,493,0.117335927653471,-63.5088445592088,44.6950166981698,-65.3685563053363,44.3912266441754,0.346804332891986,0.229468405238515,2022.10458188057,2022.22191780822,A/Great_Black-Backed_Gull/NS/FAV-0330-1/2022|H5N1|Canada-NS|2022-03-23|avian|A1
822,88,0.0945876896120095,-100.817486988583,41.3203675793636,-98.6961146585041,41.3129643972709,0.346804332891986,0.252216643279977,2022.12733011861,2022.22191780822,A/chicken/Nebraska/22-009006-001/2022|H5N1|USA-NE|2022-03-23|avian|A1
826,96,0.058487019591959,-100.115769889194,43.09667788739,-100.275847799639,43.3197690788099,0.346804332891986,0.288317313300027,2022.16343078863,2022.22191780822,A/Red-tailed_Hawk/South_Dakota/22-009041-001/2022|H5N1|USA-SD|2022-03-23|avian|A1
783,152,0.0178419760308625,-82.097196386073,46.9229931733907,-78.3261921787665,46.4926189590716,0.346804332891986,0.328962356861124,2022.20407583219,2022.22191780822,A/Snow_Goose/QC/FAV-0177-2/2022|H5N1|Canada-QC|2022-03-23|avian|A1
833,834,0.166453480795097,-88.6856393981617,36.0379680804653,-93.0244246433359,40.6627657725339,0.348037306457137,0.181583825662041,2022.05669730099,2022.22315078178,NA
783,784,0.0204773555202064,-82.097196386073,46.9229931733907,-80.450575447676,48.3378438856923,0.34943971238133,0.328962356861124,2022.20407583219,2022.22455318771,NA
963,24,0.151192170403672,-69.0699155792325,44.6920464880671,-72.2793957634443,42.5894056452216,0.349544058919344,0.198351888515672,2022.07346536384,2022.22465753425,A/peregrine_falcon/Massachusetts/22-010671-009/2022|H5N1|USA-MA|2022-03-24|avian|A1
717,258,0.0366925630445877,-100.806070451947,42.1046092753619,-101.293840039028,42.7560586650849,0.349544058919344,0.312851495874756,2022.1879649712,2022.22465753425,A/chicken/Nebraska/22-009190-002/2022|H5N1|USA-NE|2022-03-24|avian|A1
717,259,0.0366925630445877,-100.806070451947,42.1046092753619,-100.211323582395,42.378839179366,0.349544058919344,0.312851495874756,2022.1879649712,2022.22465753425,A/domestic_duck/Nebraska/22-009190-001/2022|H5N1|USA-NE|2022-03-24|avian|A1
951,13,0.19922588212168,-68.5967009908676,42.0534160509653,-70.970014137663,42.7951611793173,0.352283784946928,0.153057902825249,2022.02817137815,2022.22739726027,A/Sebastopol_goose/Massachusetts/22-009371-001/2022|H5N1|USA-MA|2022-03-25|avian|A1
709,310,0.118235961927258,-84.9481595816667,35.6630492932659,-77.7177326331037,40.7866630913375,0.352283784946928,0.234047823019671,2022.10916129835,2022.22739726027,A/Bald_Eagle/Pennsylvania/22-009884-002/2022|H5N1|USA-PA|2022-03-25|avian|A1
970,33,0.010171534991229,-70.3057503623833,46.4893359406593,-69.591010991293,46.6022595612089,0.352283784946928,0.342112249955699,2022.21722572528,2022.22739726027,A/chicken/Maine/22-009412-001/2022|H5N1|USA-ME|2022-03-25|avian|A1
970,34,0.010171534991229,-70.3057503623833,46.4893359406593,-68.7297521227105,46.1657056200326,0.352283784946928,0.342112249955699,2022.21722572528,2022.22739726027,A/guinea_fowl/Maine/22-009412-002/2022|H5N1|USA-ME|2022-03-25|avian|A1
834,216,0.0042464784897911,-93.0244246433359,40.6627657725339,-93.077949865015,40.9510743575065,0.352283784946928,0.348037306457137,2022.22315078178,2022.22739726027,A/chicken/Iowa/22-009180-002/2022|H5N1|USA-IA|2022-03-25|avian|A1
834,215,0.0042464784897911,-93.0244246433359,40.6627657725339,-93.6101346435923,40.6299680281632,0.352283784946928,0.348037306457137,2022.22315078178,2022.22739726027,A/chicken/Iowa/22-009180-001/2022|H5N1|USA-IA|2022-03-25|avian|A1
779,780,0.032341322751648,-82.5709661874803,46.7073673176497,-83.0984526610112,47.9194776443085,0.353794226035302,0.321452903283654,2022.19656637861,2022.22890770136,NA
595,597,0.0160870549448179,-79.9384554204199,35.7236798079964,-79.8152687913589,35.7304101415029,0.353941068238772,0.337854013293954,2022.21296748862,2022.22905454357,NA
667,668,0.0920769343043255,-90.3060097920665,39.5393089205084,-101.409588285715,34.6046769345069,0.354643787053457,0.262566852749131,2022.13768032808,2022.22975726238,NA
824,90,0.0490625783757492,-102.808869626743,41.6260475651066,-98.3466490132566,43.8993500757707,0.355023510974286,0.305960932598537,2022.18107440793,2022.2301369863,A/turkey/South_Dakota/22-009198-001/2022|H5N1|USA-SD|2022-03-26|avian|A1
597,598,0.0014070772253878,-79.8152687913589,35.7304101415029,-80.114244274668,35.730696598731,0.35534814546416,0.353941068238772,2022.22905454357,2022.23046162079,NA
710,713,0.0703150157765807,-79.8075958995465,42.9325894934683,-86.6706217846572,43.7152889036694,0.35540544853398,0.285090432757399,2022.16020390808,2022.23051892386,NA
791,792,0.175137255072914,-90.5464287470982,38.8703535529432,-106.894884803108,44.0943428934622,0.355773436213151,0.180636181140237,2022.05574965647,2022.23088691154,NA
935,936,0.107366243631871,-92.8046937022977,40.5225521497142,-92.8143620009277,42.9105682540602,0.3562259931059,0.248859749474029,2022.1239732248,2022.23133946843,NA
1051,1052,0.0203974131618174,-74.5118293089566,43.0488781268131,-74.4476878060153,43.3167954056117,0.35682152664338,0.336424113481562,2022.21153758881,2022.23193500197,NA
1052,1053,0.000249799931942629,-74.4476878060153,43.3167954056117,-74.4444897882807,43.3257766683967,0.357071326575322,0.35682152664338,2022.23193500197,2022.2321848019,NA
597,610,0.00313156710338136,-79.8152687913589,35.7304101415029,-81.4653748477033,35.3923585664803,0.357072635342154,0.353941068238772,2022.22905454357,2022.23218611067,NA
598,602,0.0019936051358731,-80.114244274668,35.730696598731,-80.1264709600395,35.687736296169,0.357341750600033,0.35534814546416,2022.23046162079,2022.23245522593,NA
617,618,0.03713261901447,-79.7385653679948,36.1051954913175,-77.8761103921146,34.7687916907433,0.35734985358038,0.32021723456591,2022.19533070989,2022.23246332891,NA
778,145,0.052559323848539,-82.5871923266816,46.7184120803632,-81.2989624023002,46.6236451557025,0.357763237001643,0.305203913153104,2022.18031738848,2022.23287671233,A/Turkey/ON/FAV-0163-136/2022|H5N1|Canada-ON|2022-03-27|avian|A1
649,335,0.0517418664185635,-82.3009511472464,28.1203826569618,-82.4146636015075,30.4249929202309,0.357763237001643,0.30602137058308,2022.18113484591,2022.23287671233,A/Black_Vulture/Florida/22-009936-001/2022|H5N1|USA-FL|2022-03-27|avian|A1
596,556,0.0124624007328401,-79.4351205056026,36.4566511118879,-79.0927470502084,35.9024805560515,0.357763237001643,0.345300836268803,2022.2204143116,2022.23287671233,A/turkey/North_Carolina/22-009332-001/2022|H5N1|USA-NC|2022-03-27|avian|A1
596,569,0.0124624007328401,-79.4351205056026,36.4566511118879,-81.0310843742005,35.7857305954954,0.357763237001643,0.345300836268803,2022.2204143116,2022.23287671233,A/turkey/North_Carolina/22-009332-002/2022|H5N1|USA-NC|2022-03-27|avian|A1
618,552,0.000413383421263402,-77.8761103921146,34.7687916907433,-76.8435220282933,35.3832901750385,0.357763237001643,0.35734985358038,2022.23246332891,2022.23287671233,A/turkey/North_Carolina/22-009583-002/2022|H5N1|USA-NC|2022-03-27|avian|A1
618,553,0.000413383421263402,-77.8761103921146,34.7687916907433,-77.9834702660846,34.7993747922608,0.357763237001643,0.35734985358038,2022.23246332891,2022.23287671233,A/turkey/North_Carolina/22-009583-001/2022|H5N1|USA-NC|2022-03-27|avian|A1
957,958,0.152878291444603,-63.8752180251313,45.5775369235894,-74.2044355971841,44.3506017448517,0.359039604841498,0.206161313396895,2022.08127478872,2022.23415308017,NA
602,603,0.00222679251743574,-80.1264709600395,35.687736296169,-79.5348343078613,35.020828983473,0.359568543117469,0.357341750600033,2022.23245522593,2022.23468201844,NA
610,611,0.0028618279567667,-81.4653748477033,35.3923585664803,-81.7217781908504,35.4053076264842,0.35993446329892,0.357072635342154,2022.23218611067,2022.23504793863,NA
598,599,0.0047030587517628,-80.114244274668,35.730696598731,-79.2912030064443,35.2905524674807,0.360051204215923,0.35534814546416,2022.23046162079,2022.23516467954,NA
1051,464,0.0240788495474384,-74.5118293089566,43.0488781268131,-74.4737242823796,43.9872972625909,0.360502963029001,0.336424113481562,2022.21153758881,2022.23561643836,A/quail/New_York/22-009324-009/2022|H5N1|USA-NY|2022-03-28|avian|A1
1052,467,0.00368143638562102,-74.4476878060153,43.3167954056117,-74.2739801624463,44.3574393629987,0.360502963029001,0.35682152664338,2022.23193500197,2022.23561643836,A/American_Buff_goose/New_York/22-009324-006/2022|H5N1|USA-NY|2022-03-28|avian|A1
1053,466,0.00343163645367839,-74.4444897882807,43.3257766683967,-74.2874099021767,43.2305398274498,0.360502963029001,0.357071326575322,2022.2321848019,2022.23561643836,A/chicken/New_York/22-009324-002/2022|H5N1|USA-NY|2022-03-28|avian|A1
1053,465,0.00343163645367839,-74.4444897882807,43.3257766683967,-74.9103251600365,44.5100797964663,0.360502963029001,0.357071326575322,2022.2321848019,2022.23561643836,A/domestic_duck/New_York/22-009324-004/2022|H5N1|USA-NY|2022-03-28|avian|A1
780,781,0.00738986582265255,-83.0984526610112,47.9194776443085,-83.0889047387719,47.3730214226604,0.361184091857955,0.353794226035302,2022.22890770136,2022.23629756719,NA
611,614,0.00155235282509314,-81.7217781908504,35.4053076264842,-81.1214074619286,35.4485444462083,0.361486816124014,0.35993446329892,2022.23504793863,2022.23660029145,NA
611,612,0.00240831186225099,-81.7217781908504,35.4053076264842,-82.275804792598,35.3241573597631,0.362342775161171,0.35993446329892,2022.23504793863,2022.23745625049,NA
668,669,0.0085155029490791,-101.409588285715,34.6046769345069,-101.645960845913,34.6978423187131,0.363159290002536,0.354643787053457,2022.22975726238,2022.23827276533,NA
693,352,0.0916372697929387,-97.7264484654939,43.2607206357805,-97.9074205951425,42.919991817877,0.363242689056358,0.271605419263419,2022.14671889459,2022.23835616438,A/turkey/South_Dakota/22-009534-001/2022|H5N1|USA-SD|2022-03-29|avian|A1
850,202,0.0766984159217582,-87.958916488862,42.5091322644535,-87.8726252571653,42.5082023677874,0.363242689056358,0.2865442731346,2022.16165774846,2022.23835616438,A/Great_Horned_Owl/Wisconsin/22-011239-001/2022|H5N1|USA-WI|2022-03-29|avian|A1
668,377,0.00859890200290103,-101.409588285715,34.6046769345069,-100.015003316349,34.5594219713774,0.363242689056358,0.354643787053457,2022.22975726238,2022.23835616438,A/pheasant/Texas/22-010008-001/2022|H5N1|USA-TX|2022-03-29|avian|A1
669,378,0.0000833990538219309,-101.645960845913,34.6978423187131,-101.678756270396,34.949753949414,0.363242689056358,0.363159290002536,2022.23827276533,2022.23835616438,A/pheasant/Texas/22-009984-001/2022|H5N1|USA-TX|2022-03-29|avian|A1
669,379,0.0000833990538219309,-101.645960845913,34.6978423187131,-101.909502197074,34.4158898556991,0.363242689056358,0.363159290002536,2022.23827276533,2022.23835616438,A/pheasant/Texas/22-010008-002/2022|H5N1|USA-TX|2022-03-29|avian|A1
599,600,0.00332219937829303,-79.2912030064443,35.2905524674807,-80.1536588806474,35.724247559299,0.363373403594216,0.360051204215923,2022.23516467954,2022.23848687892,NA
988,989,0.0575996904661518,-73.4996000786989,42.6988114914736,-70.6445591943656,42.3328885172178,0.363422740959466,0.305823050493314,2022.18093652582,2022.23853621629,NA
603,604,0.00401953831327551,-79.5348343078613,35.020828983473,-79.6141599771429,35.9033278176702,0.363588081430745,0.359568543117469,2022.23468201844,2022.23870155676,NA
604,605,0.00058651710043589,-79.6141599771429,35.9033278176702,-79.3168675000543,35.7049678612967,0.36417459853118,0.363588081430745,2022.23870155676,2022.23928807386,NA
605,606,0.0005563801887708,-79.3168675000543,35.7049678612967,-79.2376075286826,35.5304547444989,0.364730978719951,0.36417459853118,2022.23928807386,2022.23984445405,NA
674,675,0.0805996015623862,-94.2935944203586,42.2140139243484,-93.858327635299,42.2740522716231,0.365685107598282,0.285085506035896,2022.16019898136,2022.24079858293,NA
788,789,0.0300647629427202,-79.6739307343632,46.471909364662,-79.668816242661,46.0563878637797,0.365719454106145,0.335654691163425,2022.21076816649,2022.24083292943,NA
1158,527,0.0902487268698052,-81.0109417205894,45.0228620850734,-96.7899767005794,47.6881030596487,0.365982415083715,0.27573368821391,2022.15084716354,2022.24109589041,A/Great_Horned_Owl/Minnesota/22-010027-007/2022|H5N1|USA-MN|2022-03-30|avian|A1
780,154,0.012188189048413,-83.0984526610112,47.9194776443085,-82.6137024190363,47.1748133550006,0.365982415083715,0.353794226035302,2022.22890770136,2022.24109589041,A/Mixed/ON/FAV-0167-102/2022|H5N1|Canada-ON|2022-03-30|avian|A1
781,155,0.00479832322576046,-83.0889047387719,47.3730214226604,-82.0668916051647,49.940150453184,0.365982415083715,0.361184091857955,2022.23629756719,2022.24109589041,A/Mixed/ON/FAV-0167-103/2022|H5N1|Canada-ON|2022-03-30|avian|A1
781,153,0.00479832322576046,-83.0889047387719,47.3730214226604,-83.8353342807217,47.0914642689535,0.365982415083715,0.361184091857955,2022.23629756719,2022.24109589041,A/Mixed/ON/FAV-0167-101/2022|H5N1|Canada-ON|2022-03-30|avian|A1
924,925,0.137715915937426,-98.9945984243651,43.888310813268,-100.293974855624,43.1071285997516,0.366103434932068,0.228387518994642,2022.10350099432,2022.24121691026,NA
606,607,0.00144448132907982,-79.2376075286826,35.5304547444989,-77.5869031920456,35.3266584491684,0.366175460049031,0.364730978719951,2022.23984445405,2022.24128893538,NA
1049,1054,0.117446046662861,-78.4860916310774,40.9442832204945,-78.7548775134372,41.9846094271518,0.36628334015479,0.248837293491929,2022.12395076882,2022.24139681548,NA
605,608,0.00227889314096563,-79.3168675000543,35.7049678612967,-79.277091364861,35.6613073592518,0.366453491672146,0.36417459853118,2022.23928807386,2022.241566967,NA
989,990,0.00424349800494261,-70.6445591943656,42.3328885172178,-72.1411124134601,42.6121573979367,0.367666238964409,0.363422740959466,2022.23853621629,2022.24277971429,NA
784,785,0.0185223051626383,-80.450575447676,48.3378438856923,-79.64044661647,48.3965115731884,0.367962017543969,0.34943971238133,2022.22455318771,2022.24307549287,NA
785,786,0.000108843793791946,-79.64044661647,48.3965115731884,-79.5533372106706,48.4455727661631,0.36807086133776,0.367962017543969,2022.24307549287,2022.24318433666,NA
990,992,0.000509112964399927,-72.1411124134601,42.6121573979367,-71.991884304321,42.5806427346572,0.368175351928809,0.367666238964409,2022.24277971429,2022.24328882726,NA
612,613,0.00615047761586462,-82.275804792598,35.3241573597631,-81.038653816558,35.1568291228876,0.368493252777036,0.362342775161171,2022.23745625049,2022.2436067281,NA
827,92,0.139548857562275,-102.055242068861,41.5662843886297,-105.581394753912,42.9603650349249,0.3687221411113,0.229173283549025,2022.10428675888,2022.24383561644,A/chicken/Wyoming/22-010378-001/2022|H5N1|USA-WY|2022-03-31|avian|A1
1044,499,0.137866354170165,-77.7216523128544,42.9184369180721,-79.9751452741276,47.8810674258773,0.3687221411113,0.230855786941135,2022.10596926227,2022.24383561644,A/Canada_Goose/ON/FAV-0235-2/2022|H5N1|Canada-ON|2022-03-31|avian|A1
743,232,0.131411022628474,-88.5249403942124,37.9119883087768,-89.2838234622813,43.9170535017468,0.3687221411113,0.237311118482826,2022.11242459381,2022.24383561644,A/silkie_chicken/Wisconsin/22-009934-002/2022|H5N1|USA-WI|2022-03-31|avian|A1
643,382,0.108918924438292,-77.473809823016,37.7581101369837,-79.3011384937379,35.2707164787891,0.3687221411113,0.259803216673009,2022.134916692,2022.24383561644,A/Bald_Eagle/North_Carolina/22-009805-002/2022|H5N1|USA-NC|2022-03-31|avian|A1
826,95,0.0804048278112729,-100.115769889194,43.09667788739,-100.774438520168,41.4254479781049,0.3687221411113,0.288317313300027,2022.16343078863,2022.24383561644,A/chicken/Nebraska/22-010155-001/2022|H5N1|USA-NE|2022-03-31|avian|A1
792,127,0.0129487048981496,-106.894884803108,44.0943428934622,-106.332033219513,43.7853214144356,0.3687221411113,0.355773436213151,2022.23088691154,2022.24383561644,A/chicken/Wyoming/22-010157-002/2022|H5N1|USA-WY|2022-03-31|avian|A1
792,128,0.0129487048981496,-106.894884803108,44.0943428934622,-106.720088484329,44.1725625052188,0.3687221411113,0.355773436213151,2022.23088691154,2022.24383561644,A/chicken/Wyoming/22-010157-001/2022|H5N1|USA-WY|2022-03-31|avian|A1
610,567,0.0116495057691465,-81.4653748477033,35.3923585664803,-81.5299479793221,36.1853140429981,0.3687221411113,0.357072635342154,2022.23218611067,2022.24383561644,A/turkey/North_Carolina/22-009982-001/2022|H5N1|USA-NC|2022-03-31|avian|A1
602,555,0.0113803905112669,-80.1264709600395,35.687736296169,-81.4031483446823,35.3505547221837,0.3687221411113,0.357341750600033,2022.23245522593,2022.24383561644,A/Turkey/North_Carolina/22-009982-003/2022|H5N1|USA-NC|2022-03-31|avian|A1
599,561,0.00867093689537723,-79.2912030064443,35.2905524674807,-80.8404007158686,36.2563181768881,0.3687221411113,0.360051204215923,2022.23516467954,2022.24383561644,A/turkey/North_Carolina/22-009981-001/2022|H5N1|USA-NC|2022-03-31|avian|A1
614,568,0.00723532498728663,-81.1214074619286,35.4485444462083,-81.6160563032549,35.5884259992407,0.3687221411113,0.361486816124014,2022.23660029145,2022.24383561644,A/turkey/North_Carolina/22-009982-002/2022|H5N1|USA-NC|2022-03-31|avian|A1
612,562,0.00637936595012878,-82.275804792598,35.3241573597631,-82.3545972259806,35.3079251512965,0.3687221411113,0.362342775161171,2022.23745625049,2022.24383561644,A/Turkey/North_Carolina/22-009981-003/2022|H5N1|USA-NC|2022-03-31|avian|A1
600,557,0.0053487375170842,-80.1536588806474,35.724247559299,-80.6470316887622,36.1983879295891,0.3687221411113,0.363373403594216,2022.23848687892,2022.24383561644,A/turkey/North_Carolina/22-009981-004/2022|H5N1|USA-NC|2022-03-31|avian|A1
604,575,0.00513405968055569,-79.6141599771429,35.9033278176702,-79.6040226263779,36.1254646266791,0.3687221411113,0.363588081430745,2022.23870155676,2022.24383561644,A/turkey/North_Carolina/22-009983-007/2022|H5N1|USA-NC|2022-03-31|avian|A1
606,572,0.003991162391349,-79.2376075286826,35.5304547444989,-79.2371732423922,35.5308079636723,0.3687221411113,0.364730978719951,2022.23984445405,2022.24383561644,A/turkey/North_Carolina/22-010145-001/2022|H5N1|USA-NC|2022-03-31|avian|A1
607,570,0.00254668106226918,-77.5869031920456,35.3266584491684,-77.6551079912131,35.7415319548963,0.3687221411113,0.366175460049031,2022.24128893538,2022.24383561644,A/turkey/North_Carolina/22-010145-002/2022|H5N1|USA-NC|2022-03-31|avian|A1
607,571,0.00254668106226918,-77.5869031920456,35.3266584491684,-77.7623569843816,35.196789835449,0.3687221411113,0.366175460049031,2022.24128893538,2022.24383561644,A/turkey/North_Carolina/22-009983-008/2022|H5N1|USA-NC|2022-03-31|avian|A1
608,577,0.00226864943915417,-79.277091364861,35.6613073592518,-78.3355141549387,34.2542044727074,0.3687221411113,0.366453491672146,2022.241566967,2022.24383561644,A/turkey/North_Carolina/22-010144-002/2022|H5N1|USA-NC|2022-03-31|avian|A1
608,576,0.00226864943915417,-79.277091364861,35.6613073592518,-78.9244018146639,35.6525773605227,0.3687221411113,0.366453491672146,2022.241566967,2022.24383561644,A/turkey/North_Carolina/22-010144-001/2022|H5N1|USA-NC|2022-03-31|avian|A1
958,959,0.00972053929484451,-74.2044355971841,44.3506017448517,-73.8457605419457,44.7867447849645,0.368760144136343,0.359039604841498,2022.23415308017,2022.24387361946,NA
1054,1057,0.00250560766289221,-78.7548775134372,41.9846094271518,-78.9311109989869,42.2138439953803,0.368788947817682,0.36628334015479,2022.24139681548,2022.24390242314,NA
992,993,0.0010045175527259,-71.991884304321,42.5806427346572,-72.1237141318497,42.4514912664581,0.369179869481534,0.368175351928809,2022.24328882726,2022.24429334481,NA
990,991,0.0015903530228728,-72.1411124134601,42.6121573979367,-72.1826142506075,42.5728246569053,0.369256591987281,0.367666238964409,2022.24277971429,2022.24437006731,NA
1048,1067,0.176522563543472,-78.2518330226957,39.9539358311507,-80.1129240495691,40.3009386266485,0.369808800100396,0.193286236556923,2022.06839971188,2022.24492227543,NA
600,601,0.00665580409373345,-80.1536588806474,35.724247559299,-80.1596053691798,35.6410772299909,0.370029207687949,0.363373403594216,2022.23848687892,2022.24514268302,NA
710,711,0.0853133719633324,-79.8075958995465,42.9325894934683,-84.7576196185005,41.106432785189,0.370403804720731,0.285090432757399,2022.16020390808,2022.24551728005,NA
670,350,0.222824779442136,-92.6220773948484,41.7881376363396,-108.928390177508,37.8597448050305,0.371461867138658,0.148637087696522,2022.02375056302,2022.24657534247,A/Canada_Goose/Colorado/22-010377-001/2022|H5N1|USA-CO|2022-04-01|avian|A1
794,223,0.15034632044256,-85.465179193744,38.0322793755769,-85.7452459746029,35.8887509232872,0.371461867138658,0.221115546696098,2022.09622902202,2022.24657534247,A/Canada_Goose/Tennessee/22-010667-001/2022|H5N1|USA-TN|2022-04-01|avian|A1
667,380,0.108895014389526,-90.3060097920665,39.5393089205084,-95.9810246318841,42.2511452670015,0.371461867138658,0.262566852749131,2022.13768032808,2022.24657534247,A/chicken/Iowa/22-009985-001/2022|H5N1|USA-IA|2022-04-01|avian|A1
989,54,0.00803912617919156,-70.6445591943656,42.3328885172178,-71.4383796805755,42.695457369546,0.371461867138658,0.363422740959466,2022.23853621629,2022.24657534247,A/snowy_owl/Massachusetts/22-016611-012/2022|H5N1|USA-MA|2022-04-01|avian|A1
925,296,0.00535843220658994,-100.293974855624,43.1071285997516,-98.983429513541,43.382488589681,0.371461867138658,0.366103434932068,2022.24121691026,2022.24657534247,A/turkey/South_Dakota/22-009979-001/2022|H5N1|USA-SD|2022-04-01|avian|A1
925,295,0.00535843220658994,-100.293974855624,43.1071285997516,-100.290995012529,43.1081948846966,0.371461867138658,0.366103434932068,2022.24121691026,2022.24657534247,A/turkey/South_Dakota/22-009979-002/2022|H5N1|USA-SD|2022-04-01|avian|A1
993,52,0.00228199765712311,-72.1237141318497,42.4514912664581,-72.7903034461058,42.0509619476077,0.371461867138658,0.369179869481534,2022.24429334481,2022.24657534247,A/snowy_owl/Massachusetts/22-016611-010/2022|H5N1|USA-MA|2022-04-01|avian|A1
993,53,0.00228199765712311,-72.1237141318497,42.4514912664581,-73.2135953007935,42.3393440629653,0.371461867138658,0.369179869481534,2022.24429334481,2022.24657534247,A/snowy_owl/Massachusetts/22-016611-002/2022|H5N1|USA-MA|2022-04-01|avian|A1
991,56,0.00220527515137614,-72.1826142506075,42.5728246569053,-72.0741320421298,42.5159366485471,0.371461867138658,0.369256591987281,2022.24437006731,2022.24657534247,A/snowy_owl/Massachusetts/22-016611-003/2022|H5N1|USA-MA|2022-04-01|avian|A1
786,787,0.00428037192148123,-79.5533372106706,48.4455727661631,-79.5393264063398,48.2604758471173,0.372351233259242,0.36807086133776,2022.24318433666,2022.24746470859,NA
936,263,0.0179756000601152,-92.8143620009277,42.9105682540602,-94.5865871502845,46.0051557929363,0.374201593166015,0.3562259931059,2022.23133946843,2022.24931506849,A/turkey/Minnesota/22-009997-002/2022|H5N1|USA-MN|2022-04-02|avian|A1
936,262,0.0179756000601152,-92.8143620009277,42.9105682540602,-95.7976112921379,45.4088196729908,0.374201593166015,0.3562259931059,2022.23133946843,2022.24931506849,A/turkey/Minnesota/22-009997-001/2022|H5N1|USA-MN|2022-04-02|avian|A1
603,609,0.014725589160184,-79.5348343078613,35.020828983473,-79.1979171903096,35.1790968757919,0.374294132277653,0.359568543117469,2022.23468201844,2022.2494076076,NA
788,146,0.0412866280299471,-79.6739307343632,46.471909364662,-87.0440290766084,48.0217472651593,0.376941319193372,0.335654691163425,2022.21076816649,2022.25205479452,A/Mixed/ON/FAV-0182-1/2022|H5N1|Canada-ON|2022-04-03|avian|A1
784,147,0.0275016068120422,-80.450575447676,48.3378438856923,-79.8004361143962,48.4390555831091,0.376941319193372,0.34943971238133,2022.22455318771,2022.25205479452,A/Mixed/ON/FAV-0182-3/2022|H5N1|Canada-ON|2022-04-03|avian|A1
785,148,0.00897930164940386,-79.64044661647,48.3965115731884,-80.0011366190312,47.1463477229845,0.376941319193372,0.367962017543969,2022.24307549287,2022.25205479452,A/Mixed/ON/FAV-0182-4/2022|H5N1|Canada-ON|2022-04-03|avian|A1
1067,1070,0.00827231339162227,-80.1129240495691,40.3009386266485,-79.7971143227089,40.2343278358934,0.378081113492018,0.369808800100396,2022.24492227543,2022.25319458882,NA
675,676,0.0129218613016393,-93.858327635299,42.2740522716231,-93.6568445798152,42.168343385522,0.378606968899922,0.365685107598282,2022.24079858293,2022.25372044423,NA
690,691,0.0866298505698073,-95.3053885561639,44.7242264629948,-94.7578703165649,45.2485325381161,0.379547746656024,0.292917896086217,2022.16803137141,2022.25466122198,NA
1141,386,0.163706478143721,-74.688749092298,41.53465770226,-74.2239117085234,41.5046213082143,0.37968104522073,0.215974567077009,2022.0910880424,2022.25479452055,A/Fish_Crow/New_York/22-010487-001/2022|H5N1|USA-NY|2022-04-04|avian|A1
964,22,0.155889357840603,-67.4558302570683,43.7704316276418,-94.6848063715263,43.1375362362501,0.37968104522073,0.223791687380126,2022.09890516271,2022.25479452055,A/Bald_Eagle/Iowa/22-010129-001/2022|H5N1|USA-IA|2022-04-04|avian|A1
901,290,0.125849599381845,-89.8699634322441,37.3030180233166,-89.545703369993,37.2881270741718,0.37968104522073,0.253831445838885,2022.12894492117,2022.25479452055,A/turkey/Missouri/22-010296-001/2022|H5N1|USA-MO|2022-04-04|avian|A1
689,372,0.0936916296147515,-94.6948683908504,44.918641083277,-94.1867399558476,47.5463621294373,0.37968104522073,0.285989415605978,2022.16110289093,2022.25479452055,A/turkey/Minnesota/22-010123-004/2022|H5N1|USA-MN|2022-04-04|avian|A1
617,554,0.0594638106548199,-79.7385653679948,36.1051954913175,-79.3704908790963,35.9141516347879,0.37968104522073,0.32021723456591,2022.19533070989,2022.25479452055,A/chicken/North_Carolina/22-010299-002/2022|H5N1|USA-NC|2022-04-04|avian|A1
713,315,0.0242755966867502,-86.6706217846572,43.7152889036694,-85.92895348591,44.5991920790714,0.37968104522073,0.35540544853398,2022.23051892386,2022.25479452055,A/Catalina_macaw/Michigan/22-010848-002/2022|H5N1|USA-MI|2022-04-04|avian|A1
713,316,0.0242755966867502,-86.6706217846572,43.7152889036694,-85.3311888918451,44.7168899980594,0.37968104522073,0.35540544853398,2022.23051892386,2022.25479452055,A/Amazon_parrot/Michigan/22-010848-001/2022|H5N1|USA-MI|2022-04-04|avian|A1
789,156,0.0139615911145843,-79.668816242661,46.0563878637797,-79.4020102192205,46.4900381600451,0.37968104522073,0.365719454106145,2022.24083292943,2022.25479452055,A/Mixed/ON/FAV-0189-4/2022|H5N1|Canada-ON|2022-04-04|avian|A1
789,157,0.0139615911145843,-79.668816242661,46.0563878637797,-82.4182102537095,45.4242429533303,0.37968104522073,0.365719454106145,2022.24083292943,2022.25479452055,A/Mixed/ON/FAV-0189-2/2022|H5N1|Canada-ON|2022-04-04|avian|A1
786,151,0.0116101838829693,-79.5533372106706,48.4455727661631,-83.0033916506912,48.3477087953896,0.37968104522073,0.36807086133776,2022.24318433666,2022.25479452055,A/Mixed/ON/FAV-0189-3/2022|H5N1|Canada-ON|2022-04-04|avian|A1
613,563,0.0111877924436937,-81.038653816558,35.1568291228876,-80.3020180752691,35.9851743051906,0.37968104522073,0.368493252777036,2022.2436067281,2022.25479452055,A/chicken/North_Carolina/22-010298-001/2022|H5N1|USA-NC|2022-04-04|avian|A1
613,564,0.0111877924436937,-81.038653816558,35.1568291228876,-78.5812073718628,35.0750815472956,0.37968104522073,0.368493252777036,2022.2436067281,2022.25479452055,A/chicken/North_Carolina/22-010298-002/2022|H5N1|USA-NC|2022-04-04|avian|A1
601,565,0.00965183753278032,-80.1596053691798,35.6410772299909,-78.1503692681437,34.4123231739233,0.37968104522073,0.370029207687949,2022.24514268302,2022.25479452055,A/turkey/North_Carolina/22-010146-002/2022|H5N1|USA-NC|2022-04-04|avian|A1
601,566,0.00965183753278032,-80.1596053691798,35.6410772299909,-80.8392407714684,35.3715791914248,0.37968104522073,0.370029207687949,2022.24514268302,2022.25479452055,A/turkey/North_Carolina/22-010146-001/2022|H5N1|USA-NC|2022-04-04|avian|A1
787,149,0.00732981196148808,-79.5393264063398,48.2604758471173,-79.830898216666,49.7142284588842,0.37968104522073,0.372351233259242,2022.24746470859,2022.25479452055,A/Mixed/ON/FAV-0189-1/2022|H5N1|Canada-ON|2022-04-04|avian|A1
787,150,0.00732981196148808,-79.5393264063398,48.2604758471173,-80.1109281753329,47.2702357948654,0.37968104522073,0.372351233259242,2022.24746470859,2022.25479452055,A/Mixed/ON/FAV-0189-5/2022|H5N1|Canada-ON|2022-04-04|avian|A1
1070,1073,0.0041021213337995,-79.7971143227089,40.2343278358934,-78.4446284015022,41.1050412139311,0.382183234825817,0.378081113492018,2022.25319458882,2022.25729671015,NA
744,231,0.129395075536386,-89.6124166006591,40.1742291253118,-102.561578475403,49.0110983163805,0.385160497275672,0.255765421739286,2022.13087889707,2022.2602739726,A/Snow_Goose/SK/FAV-0268-4/2022|H5N1|Canada-SK|2022-04-06|avian|A1
1050,468,0.0725867241404115,-77.0795262717346,43.5263546527585,-79.1097773567148,44.4023886888628,0.385160497275672,0.31257377313526,2022.18768724846,2022.2602739726,A/Canada_Goose/ON/FAV-0244-3/2022|H5N1|Canada-ON|2022-04-06|avian|A1
609,574,0.010866364998019,-79.1979171903096,35.1790968757919,-79.4318116236723,36.2861413081639,0.385160497275672,0.374294132277653,2022.2494076076,2022.2602739726,A/turkey/North_Carolina/22-010448-003/2022|H5N1|USA-NC|2022-04-06|avian|A1
609,573,0.010866364998019,-79.1979171903096,35.1790968757919,-78.8362788065305,35.5492304039274,0.385160497275672,0.374294132277653,2022.2494076076,2022.2602739726,A/turkey/North_Carolina/22-010448-001/2022|H5N1|USA-NC|2022-04-06|avian|A1
1073,1074,0.00459187813954154,-78.4446284015022,41.1050412139311,-78.3951239699725,41.1055596211869,0.386775112965359,0.382183234825817,2022.25729671015,2022.26188858829,NA
711,712,0.0165036172765565,-84.7576196185005,41.106432785189,-88.2241877129915,40.3909128829052,0.386907421997288,0.370403804720731,2022.24551728005,2022.26202089732,NA
942,78,0.268051776852566,-78.3797473825826,37.0686928172506,-81.8811694084325,43.9168476547815,0.387900223303029,0.119848446450464,2021.99496192178,2022.26301369863,A/Snowy_Owl/ON/FAV-0242-2/2022|H5N1|Canada-ON|2022-04-07|avian|A1
1037,489,0.216138826289325,-66.0044220414713,44.764885714304,-64.2431701541878,45.0505142495502,0.387900223303029,0.171761397013704,2022.04687487234,2022.26301369863,A/American_Crow/NS/FAV-0467-1/2022|H5N1|Canada-NS|2022-04-07|avian|A1
1142,385,0.123490712769354,-81.4122807098938,44.4522694735636,-82.0939690977815,44.2289570868755,0.387900223303029,0.264409510533676,2022.13952298586,2022.26301369863,A/Mixed/ON/FAV-0209-1/2022|H5N1|Canada-ON|2022-04-07|avian|A1
958,30,0.0288606184615311,-74.2044355971841,44.3506017448517,-73.3843621821465,44.9066299816367,0.387900223303029,0.359039604841498,2022.23415308017,2022.26301369863,A/Great_Horned_Owl/New_York/22-010806-001/2022|H5N1|USA-NY|2022-04-07|avian|A1
959,26,0.0191400791666866,-73.8457605419457,44.7867447849645,-75.3174046529988,44.691334558215,0.387900223303029,0.368760144136343,2022.24387361946,2022.26301369863,A/Great_Horned_Owl/New_York/22-010804-002/2022|H5N1|USA-NY|2022-04-07|avian|A1
1073,1095,0.00589593688344869,-78.4446284015022,41.1050412139311,-77.8872585151742,41.0655326587348,0.388079171709266,0.382183234825817,2022.25729671015,2022.26319264704,NA
676,677,0.00948915489366509,-93.6568445798152,42.168343385522,-92.8783158772212,41.5513918465822,0.388096123793587,0.378606968899922,2022.25372044423,2022.26320959912,NA
677,678,0.00160739173887658,-92.8783158772212,41.5513918465822,-92.865799410723,41.5643543058377,0.389703515532463,0.388096123793587,2022.26320959912,2022.26481699086,NA
1074,1093,0.00341256832107784,-78.3951239699725,41.1055596211869,-77.3165599045784,41.0023444271606,0.390187681286437,0.386775112965359,2022.26188858829,2022.26530115661,NA
614,615,0.0307270257946101,-81.1214074619286,35.4485444462083,-79.0475176213528,35.5968557462145,0.392213841918624,0.361486816124014,2022.23660029145,2022.26732731725,NA
615,616,0.00091691128474447,-79.0475176213528,35.5968557462145,-79.1303178181574,35.7760494484649,0.393130753203368,0.392213841918624,2022.26732731725,2022.26824422853,NA
828,93,0.137882169405598,-102.697836132813,37.5969999388587,-95.9698941165859,37.8685991824841,0.393379675357744,0.255497505952146,2022.13061098128,2022.26849315068,A/Turkey/Kansas/22-011119-001/2022|H5N1|USA-KS|2022-04-09|avian|A1
1074,1075,0.00825266406954672,-78.3951239699725,41.1055596211869,-78.2753432358709,40.9727921737857,0.395027777034906,0.386775112965359,2022.26188858829,2022.27014125236,NA
1095,1096,0.007561005495896,-77.8872585151742,41.0655326587348,-77.7274666324976,40.6246440351327,0.395640177205162,0.388079171709266,2022.26319264704,2022.27075365253,NA
991,55,0.02686280939782,-72.1826142506075,42.5728246569053,-72.1183666940665,42.5827976636994,0.396119401385101,0.369256591987281,2022.24437006731,2022.27123287671,A/snowy_owl/MA/22MM00467/2022|H5N1|USA-MA|2022-04-10|avian|A1
678,679,0.00667445435746938,-92.865799410723,41.5643543058377,-92.4276129387243,40.7991055828324,0.396377969889933,0.389703515532463,2022.26481699086,2022.27149144522,NA
1096,1097,0.001324956692345,-77.7274666324976,40.6246440351327,-77.6044677794317,40.9335834320948,0.396965133897507,0.395640177205162,2022.27075365253,2022.27207860922,NA
709,311,0.164811304393015,-84.9481595816667,35.6630492932659,-84.7647860186907,42.9787964786939,0.398859127412686,0.234047823019671,2022.10916129835,2022.27397260274,A/Tundra_Swan/Michigan/22-011517-010/2022|H5N1|USA-MI|2022-04-11|avian|A1
929,307,0.0963784901907596,-97.8466563795833,43.8203441371655,-92.0404831745489,44.9456102915351,0.398859127412686,0.302480637221927,2022.17759411255,2022.27397260274,A/wood_duck/Wisconsin/22-013269-001/2022|H5N1|USA-WI|2022-04-11|avian|A1
615,558,0.00664528549406262,-79.0475176213528,35.5968557462145,-78.8324571055064,35.3390856029931,0.398859127412686,0.392213841918624,2022.26732731725,2022.27397260274,A/chicken/North_Carolina/22-010929-001/2022|H5N1|USA-NC|2022-04-11|avian|A1
616,560,0.00572837420931815,-79.1303178181574,35.7760494484649,-79.2989493496645,35.3190310877745,0.398859127412686,0.393130753203368,2022.26824422853,2022.27397260274,A/chicken/North_Carolina/22-010929-007/2022|H5N1|USA-NC|2022-04-11|avian|A1
616,559,0.00572837420931815,-79.1303178181574,35.7760494484649,-79.1015307003615,35.7116857695999,0.398859127412686,0.393130753203368,2022.26824422853,2022.27397260274,A/chicken/North_Carolina/22-010929-002/2022|H5N1|USA-NC|2022-04-11|avian|A1
1075,1076,0.00413179778488737,-78.2753432358709,40.9727921737857,-77.6312420737513,41.3649349485278,0.399159574819793,0.395027777034906,2022.27014125236,2022.27427305015,NA
959,960,0.031652047814668,-73.8457605419457,44.7867447849645,-74.4904610081269,42.201327604003,0.400412191951011,0.368760144136343,2022.24387361946,2022.27552566728,NA
675,367,0.0359137458417612,-93.858327635299,42.2740522716231,-91.7703649511768,41.2818369485375,0.401598853440044,0.365685107598282,2022.24079858293,2022.27671232877,A/American_White_Pelican/Iowa/22-011101-001/2022|H5N1|USA-IA|2022-04-12|avian|A1
676,368,0.0229918845401219,-93.6568445798152,42.168343385522,-93.2408598423057,40.6899007383144,0.401598853440044,0.378606968899922,2022.25372044423,2022.27671232877,A/pelican/Iowa/22-011101-008/2022|H5N1|USA-IA|2022-04-12|avian|A1
677,369,0.0135027296464568,-92.8783158772212,41.5513918465822,-95.8834748509578,42.3470440181714,0.401598853440044,0.388096123793587,2022.26320959912,2022.27671232877,A/American_White_Pelican/Iowa/22-011101-007/2022|H5N1|USA-IA|2022-04-12|avian|A1
678,365,0.0118953379075802,-92.865799410723,41.5643543058377,-95.2681591494657,41.7390750495692,0.401598853440044,0.389703515532463,2022.26481699086,2022.27671232877,A/pelican/Iowa/22-011101-009/2022|H5N1|USA-IA|2022-04-12|avian|A1
679,366,0.00522088355011086,-92.4276129387243,40.7991055828324,-95.0409022462361,41.7263757481057,0.401598853440044,0.396377969889933,2022.27149144522,2022.27671232877,A/American_White_Pelican/Iowa/22-011101-003/2022|H5N1|USA-IA|2022-04-12|avian|A1
679,364,0.00522088355011086,-92.4276129387243,40.7991055828324,-92.2762838958812,41.1645067159083,0.401598853440044,0.396377969889933,2022.27149144522,2022.27671232877,A/pelican/Iowa/22-011101-006/2022|H5N1|USA-IA|2022-04-12|avian|A1
803,806,0.198588760265128,-99.9514618244308,39.6030313049903,-106.231335028806,42.2862546900755,0.402342136842251,0.203753376577123,2022.0788668519,2022.27745561217,NA
1076,1085,0.00385824840636084,-77.6312420737513,41.3649349485278,-77.3132585012717,40.4012214189753,0.403017823226154,0.399159574819793,2022.27427305015,2022.27813129855,NA
1097,1098,0.00733984709222291,-77.6044677794317,40.9335834320948,-77.048795374827,40.8365826864476,0.40430498098973,0.396965133897507,2022.27207860922,2022.27941845632,NA
712,313,0.0174311574701133,-88.2241877129915,40.3909128829052,-87.4167538159399,40.5734724866735,0.404338579467401,0.386907421997288,2022.26202089732,2022.27945205479,A/Bald_Eagle/Indiana/22-011948-001/2022|H5N1|USA-IN|2022-04-13|avian|A1
712,314,0.0174311574701133,-88.2241877129915,40.3909128829052,-86.5713518756034,40.0736851014307,0.404338579467401,0.386907421997288,2022.26202089732,2022.27945205479,A/Bald_Eagle/Indiana/22-011948-002/2022|H5N1|USA-IN|2022-04-13|avian|A1
858,859,0.153130430043514,-87.9930557306665,45.1265027669268,-86.780797423644,43.8589045662787,0.404916857177542,0.251786427134028,2022.12689990246,2022.2800303325,NA
1070,1071,0.02855641960052,-79.7971143227089,40.2343278358934,-77.5542424210201,40.8586964368509,0.406637533092538,0.378081113492018,2022.25319458882,2022.28175100842,NA
1093,420,0.0168906242083218,-77.3165599045784,41.0023444271606,-77.3704116099655,41.023723181571,0.407078305494758,0.390187681286437,2022.26530115661,2022.28219178082,A/chicken/Pennsylvania/22-011531-005/2022|H5N1|USA-PA|2022-04-14|avian|A1
1075,441,0.0120505284598529,-78.2753432358709,40.9727921737857,-75.3847729845855,41.223334205148,0.407078305494758,0.395027777034906,2022.27014125236,2022.28219178082,A/chicken/Pennsylvania/22-011531-006/2022|H5N1|USA-PA|2022-04-14|avian|A1
806,106,0.00473616865250737,-106.231335028806,42.2862546900755,-106.1176345449,42.2988109089815,0.407078305494758,0.402342136842251,2022.27745561217,2022.28219178082,A/Wild_Turkey/Wyoming/22-011876-001/2022|H5N1|USA-WY|2022-04-14|avian|A1
806,107,0.00473616865250737,-106.231335028806,42.2862546900755,-107.137261604694,42.5945191779044,0.407078305494758,0.402342136842251,2022.27745561217,2022.28219178082,A/Wild_Turkey/Wyoming/22-011876-002/2022|H5N1|USA-WY|2022-04-14|avian|A1
1098,442,0.00277332450502854,-77.048795374827,40.8365826864476,-77.3790406684726,40.9355291169126,0.407078305494758,0.40430498098973,2022.27941845632,2022.28219178082,A/chicken/Pennsylvania/22-011531-002/2022|H5N1|USA-PA|2022-04-14|avian|A1
1098,443,0.00277332450502854,-77.048795374827,40.8365826864476,-77.0476381317605,40.8131842763024,0.407078305494758,0.40430498098973,2022.27941845632,2022.28219178082,A/chicken/Pennsylvania/22-011531-001/2022|H5N1|USA-PA|2022-04-14|avian|A1
859,163,0.00216144831721599,-86.780797423644,43.8589045662787,-86.2738017229359,44.0093929115479,0.407078305494758,0.404916857177542,2022.2800303325,2022.28219178082,A/great_horned_owl/Michigan/22-012056-007/2022|H5N1|USA-MI|2022-04-14|avian|A1
859,164,0.00216144831721599,-86.780797423644,43.8589045662787,-86.8868562310058,44.0431596154598,0.407078305494758,0.404916857177542,2022.2800303325,2022.28219178082,A/Great_Horned_Owl/Michigan/22-012056-006/2022|H5N1|USA-MI|2022-04-14|avian|A1
799,221,0.226539335864627,-94.4639479936425,38.5237728765994,-90.3913376597158,42.1113851126833,0.409818031522116,0.183278695657489,2022.05839217098,2022.28493150685,A/Great_Horned_Owl/Iowa/22-011678-001/2022|H5N1|USA-IA|2022-04-15|avian|A1
1071,1072,0.00334951181348786,-77.5542424210201,40.8586964368509,-77.052165549119,41.4731177423521,0.409987044906026,0.406637533092538,2022.28175100842,2022.28510052023,NA
1097,1099,0.0130854936309009,-77.6044677794317,40.9335834320948,-76.8034388522385,41.4600423751498,0.410050627528408,0.396965133897507,2022.27207860922,2022.28516410286,NA
1085,1086,0.00718076161547665,-77.3132585012717,40.4012214189753,-78.1310454374133,39.9319869949758,0.41019858484163,0.403017823226154,2022.27813129855,2022.28531206017,NA
1096,1101,0.0157988860932178,-77.7274666324976,40.6246440351327,-79.2733547007174,40.8337041696864,0.41143906329838,0.395640177205162,2022.27075365253,2022.28655253863,NA
1095,1103,0.0235508791248887,-77.8872585151742,41.0655326587348,-77.8312456488292,40.9549305961606,0.411630050834155,0.388079171709266,2022.26319264704,2022.28674352616,NA
960,961,0.0116245139809045,-74.4904610081269,42.201327604003,-73.623632756317,43.1165249059627,0.412036705931915,0.400412191951011,2022.27552566728,2022.28715018126,NA
1099,412,0.00250713002106528,-76.8034388522385,41.4600423751498,-77.361147150088,41.8448377547151,0.412557757549473,0.410050627528408,2022.28516410286,2022.28767123288,A/chicken/Pennsylvania/22-011767-001/2022|H5N1|USA-PA|2022-04-16|avian|A1
1076,1077,0.0140114741675632,-77.6312420737513,41.3649349485278,-77.183595764573,40.5374642080072,0.413171048987356,0.399159574819793,2022.27427305015,2022.28828452431,NA
1099,1100,0.00360936148258917,-76.8034388522385,41.4600423751498,-75.7223345181104,40.4569624941967,0.413659989010997,0.410050627528408,2022.28516410286,2022.28877346434,NA
1093,1094,0.024450564931683,-77.3165599045784,41.0023444271606,-78.4677906535151,40.4934768531285,0.41463824621812,0.390187681286437,2022.26530115661,2022.28975172155,NA
694,695,0.116473424032431,-100.811346910055,40.9084623011779,-105.918595278518,42.2134751460488,0.41499413101011,0.298520706977679,2022.1736341823,2022.29010760634,NA
1067,1068,0.0465369152082821,-80.1129240495691,40.3009386266485,-80.0613466503782,40.4030097050588,0.416345715308678,0.369808800100396,2022.24492227543,2022.29145919064,NA
1068,1069,0.00160187652903687,-80.0613466503782,40.4030097050588,-79.8781920612139,40.9242592539367,0.417947591837714,0.416345715308678,2022.29145919064,2022.29306106716,NA
1103,418,0.00640715877026066,-77.8312456488292,40.9549305961606,-77.7726371840907,40.9870459351057,0.418037209604415,0.411630050834155,2022.28674352616,2022.29315068493,A/chicken/Pennsylvania/22-011921-002/2022|H5N1|USA-PA|2022-04-18|avian|A1
1100,413,0.00437722059341827,-75.7223345181104,40.4569624941967,-75.4409064384053,40.4690730491048,0.418037209604415,0.413659989010997,2022.28877346434,2022.29315068493,A/chicken/Pennsylvania/22-011920-001/2022|H5N1|USA-PA|2022-04-18|avian|A1
1004,66,0.28278385708017,-64.6303623821377,42.6227561177622,-64.9451411223038,44.3896093992257,0.420776935631773,0.137993078551603,2022.01310655388,2022.29589041096,A/Red-Tailed_Hawk/NS/FAV-0326-1/2022|H5N1|Canada-NS|2022-04-19|avian|A1
1085,440,0.017759112405619,-77.3132585012717,40.4012214189753,-75.2125668565565,40.0797697821748,0.420776935631773,0.403017823226154,2022.27813129855,2022.29589041096,A/chicken/Pennsylvania/22-012092-008/2022|H5N1|USA-PA|2022-04-19|avian|A1
1071,444,0.014139402539235,-77.5542424210201,40.8586964368509,-77.7885365804691,40.9304609945193,0.420776935631773,0.406637533092538,2022.28175100842,2022.29589041096,A/chicken/Pennsylvania/22-012092-005/2022|H5N1|USA-PA|2022-04-19|avian|A1
1072,446,0.0107898907257471,-77.052165549119,41.4731177423521,-75.6201981063189,40.6927615969202,0.420776935631773,0.409987044906026,2022.28510052023,2022.29589041096,A/chicken/Pennsylvania/22-012092-010/2022|H5N1|USA-PA|2022-04-19|avian|A1
1072,445,0.0107898907257471,-77.052165549119,41.4731177423521,-76.61787940226,40.6805810065238,0.420776935631773,0.409987044906026,2022.28510052023,2022.29589041096,A/chicken/Pennsylvania/22-012092-006/2022|H5N1|USA-PA|2022-04-19|avian|A1
1103,419,0.00914688479761805,-77.8312456488292,40.9549305961606,-77.8978036824043,41.0301436808143,0.420776935631773,0.411630050834155,2022.28674352616,2022.29589041096,A/chicken/Pennsylvania/22-012092-007/2022|H5N1|USA-PA|2022-04-19|avian|A1
1100,414,0.00711694662077567,-75.7223345181104,40.4569624941967,-79.0423088949912,39.7530407358525,0.420776935631773,0.413659989010997,2022.28877346434,2022.29589041096,A/chicken/Pennsylvania/22-012091-001/2022|H5N1|USA-PA|2022-04-19|avian|A1
1094,422,0.00613868941365314,-78.4677906535151,40.4934768531285,-77.6036857452897,41.1307253188892,0.420776935631773,0.41463824621812,2022.28975172155,2022.29589041096,A/chicken/Pennsylvania/22-012092-003/2022|H5N1|USA-PA|2022-04-19|avian|A1
1068,416,0.00443122032309518,-80.0613466503782,40.4030097050588,-80.0585264617848,40.4073479361559,0.420776935631773,0.416345715308678,2022.29145919064,2022.29589041096,A/chicken/Pennsylvania/22-012248-003/2022|H5N1|USA-PA|2022-04-19|avian|A1
1069,417,0.0028293437940583,-79.8781920612139,40.9242592539367,-79.840003080391,40.8318117745294,0.420776935631773,0.417947591837714,2022.29306106716,2022.29589041096,A/chicken/Pennsylvania/22-012248-001/2022|H5N1|USA-PA|2022-04-19|avian|A1
1077,1078,0.00786964258039824,-77.183595764573,40.5374642080072,-77.8115032707377,40.5949286798958,0.421040691567754,0.413171048987356,2022.28828452431,2022.2961541669,NA
804,805,0.208668308941269,-99.2764899991628,39.9335881108349,-111.717514099073,50.4703032278735,0.421975080995436,0.213306772054167,2022.08842024738,2022.29708855632,NA
1057,463,0.0547277138414482,-78.9311109989869,42.2138439953803,-79.7578585558533,43.666787930407,0.42351666165913,0.368788947817682,2022.24390242314,2022.29863013699,A/Common_Raven/ON/FAV-0320-3/2022|H5N1|Canada-ON|2022-04-20|avian|A1
960,28,0.0231044697081194,-74.4904610081269,42.201327604003,-73.505520317527,42.4532858449573,0.42351666165913,0.400412191951011,2022.27552566728,2022.29863013699,A/Ring-necked_pheasant/New_York/22-013871-001/2022|H5N1|USA-NY|2022-04-20|avian|A1
961,29,0.0114799557272149,-73.623632756317,43.1165249059627,-73.6914273000811,43.415018155443,0.42351666165913,0.412036705931915,2022.28715018126,2022.29863013699,A/Ring-necked_pheasant/New_York/22-013873-001/2022|H5N1|USA-NY|2022-04-20|avian|A1
1086,1087,0.0145806754194683,-78.1310454374133,39.9319869949758,-78.2461535573713,40.5661687852921,0.424779260261099,0.41019858484163,2022.28531206017,2022.29989273559,NA
814,102,0.178836430463925,-101.009965407435,37.5410526354598,-110.753499342997,40.6041389138843,0.426256387686488,0.247419957222562,2022.12253343255,2022.30136986301,A/chicken/Utah/22-012375-001/2022|H5N1|USA-UT|2022-04-21|avian|A1
1078,1079,0.00686537501541717,-77.8115032707377,40.5949286798958,-78.7945448861233,41.4179583023326,0.427906066583172,0.421040691567754,2022.2961541669,2022.30301954191,NA
938,939,0.139378349760039,-101.487924293294,44.029816071719,-105.461115600059,40.4411875226648,0.428864045161939,0.2894856954019,2022.16459917073,2022.30397752049,NA
1101,1102,0.0208692230380363,-79.2733547007174,40.8337041696864,-79.4278951543623,41.4050402572376,0.432308286336416,0.41143906329838,2022.28655253863,2022.30742176166,NA
992,994,0.0679625925164974,-71.991884304321,42.5806427346572,-71.494484305273,42.2277824076797,0.436137944445306,0.368175351928809,2022.24328882726,2022.31125141977,NA
1086,439,0.0270167069545141,-78.1310454374133,39.9319869949758,-79.7744457904179,40.4750715749261,0.437215291796144,0.41019858484163,2022.28531206017,2022.31232876712,A/chicken/Pennsylvania/22-012578-004/2022|H5N1|USA-PA|2022-04-25|avian|A1
793,795,0.232468042170859,-89.5374113020554,39.1075989766748,-93.9636444413764,46.4927085179339,0.438214405175337,0.205746363004478,2022.08085983833,2022.3133278805,NA
814,103,0.19253506060094,-101.009965407435,37.5410526354598,-100.991808179045,36.3615606550513,0.439955017823502,0.247419957222562,2022.12253343255,2022.31506849315,A/Owl/Texas/22-012996-001/2022|H5N1|USA-TX|2022-04-26|avian|A1
651,333,0.137487654032597,-83.0836438163661,27.9117021653448,-82.3789162865435,28.8074111191395,0.439955017823502,0.302467363790905,2022.17758083912,2022.31506849315,A/bald_eagle/Florida/22-013493-003/2022|H5N1|USA-FL|2022-04-26|avian|A1
961,27,0.0279183118915867,-73.623632756317,43.1165249059627,-74.2409144809133,42.0974748237517,0.439955017823502,0.412036705931915,2022.28715018126,2022.31506849315,A/Ring-necked_Pheasant/New_York/22-013005-001/2022|H5N1|USA-NY|2022-04-26|avian|A1
1102,448,0.00764673148708583,-79.4278951543623,41.4050402572376,-79.913099218271,41.5918819683434,0.439955017823502,0.432308286336416,2022.30742176166,2022.31506849315,A/chicken/Pennsylvania/22-012742-001/2022|H5N1|USA-PA|2022-04-26|avian|A1
1102,449,0.00764673148708583,-79.4278951543623,41.4050402572376,-79.667651030077,40.7170945780703,0.439955017823502,0.432308286336416,2022.30742176166,2022.31506849315,A/chicken/Pennsylvania/22-012742-002/2022|H5N1|USA-PA|2022-04-26|avian|A1
1079,1080,0.0127164066236565,-78.7945448861233,41.4179583023326,-78.4527954336669,41.5360530456221,0.440622473206828,0.427906066583172,2022.30301954191,2022.31573594853,NA
893,308,0.289419294720002,-93.0489020315333,39.5676008258639,-92.3130732409233,46.9920577866206,0.442694743850859,0.153275449130857,2022.02838892446,2022.31780821918,A/hooded_merganser/Minnesota/22-013435-001/2022|H5N1|USA-MN|2022-04-27|avian|A1
903,291,0.197359282932816,-92.5475821160577,37.3206199291465,-117.789715726306,54.2939793092739,0.442694743850859,0.245335460918043,2022.12044893625,2022.31780821918,A/Red-Tailed_Hawk/AB/FAV-0505-35/2022|H5N1|Canada-AB|2022-04-27|avian|A1
805,101,0.0207196628554229,-111.717514099073,50.4703032278735,-110.520723966648,49.5102052170855,0.442694743850859,0.421975080995436,2022.29708855632,2022.31780821918,A/Great_Horned_Owl/AB/FAV-0505-38/2022|H5N1|Canada-AB|2022-04-27|avian|A1
805,100,0.0207196628554229,-111.717514099073,50.4703032278735,-112.382241874417,49.4629370620086,0.442694743850859,0.421975080995436,2022.29708855632,2022.31780821918,A/Canada_Goose/AB/FAV-0505-36/2022|H5N1|Canada-AB|2022-04-27|avian|A1
621,626,0.147378206569944,-84.3246145218226,42.964966110333,-85.3884682581396,49.1063664627836,0.442946502382567,0.295568295812623,2022.17068177114,2022.31805997771,NA
1080,1081,0.00283323135869473,-78.4527954336669,41.5360530456221,-77.5100851473173,41.8593028761056,0.443455704565523,0.440622473206828,2022.31573594853,2022.31856917989,NA
626,628,0.00174036397074895,-85.3884682581396,49.1063664627836,-85.2184187611979,48.9867677876133,0.444686866353316,0.442946502382567,2022.31805997771,2022.31980034168,NA
858,162,0.193648042744416,-87.9930557306665,45.1265027669268,-94.9319840416066,43.9404056206793,0.445434469878444,0.251786427134028,2022.12689990246,2022.32054794521,A/red_shouldered_hawk/Minnesota/22-013517-010/2022|H5N1|USA-MN|2022-04-28|avian|A1
680,356,0.15529229350448,-92.7952275065308,42.107989811917,-90.378751119109,43.2071685901833,0.445434469878444,0.290142176373964,2022.1652556517,2022.32054794521,A/bald_eagle/Wisconsin/22-013262-001/2022|H5N1|USA-WI|2022-04-28|avian|A1
694,355,0.146913762900765,-100.811346910055,40.9084623011779,-103.570176135226,39.8925583400018,0.445434469878444,0.298520706977679,2022.1736341823,2022.32054794521,A/chicken/Colorado/22-013057-001/2022|H5N1|USA-CO|2022-04-28|avian|A1
1078,430,0.0243937783106897,-77.8115032707377,40.5949286798958,-77.350969804448,40.3922052736398,0.445434469878444,0.421040691567754,2022.2961541669,2022.32054794521,A/Pekin_duck/Pennsylvania/22-013189-004/2022|H5N1|USA-PA|2022-04-28|avian|A1
1080,427,0.00481199667161603,-78.4527954336669,41.5360530456221,-79.0918349101122,40.2912206345072,0.445434469878444,0.440622473206828,2022.31573594853,2022.32054794521,A/Pekin_duck/Pennsylvania/22-013189-003/2022|H5N1|USA-PA|2022-04-28|avian|A1
626,627,0.00601116979801286,-85.3884682581396,49.1063664627836,-85.3950159940972,48.2822870154957,0.44895767218058,0.442946502382567,2022.31805997771,2022.32407114751,NA
939,267,0.0220498767712197,-105.461115600059,40.4411875226648,-106.840973560537,43.8374410237904,0.450913921933159,0.428864045161939,2022.30397752049,2022.32602739726,A/great_horned_owl/Wyoming/22-014489-001/2022|H5N1|USA-WY|2022-04-30|avian|A1
939,266,0.0220498767712197,-105.461115600059,40.4411875226648,-106.597196064027,41.1473768338865,0.450913921933159,0.428864045161939,2022.30397752049,2022.32602739726,A/great_horned_owl/Wyoming/22-014489-002/2022|H5N1|USA-WY|2022-04-30|avian|A1
825,89,0.16104598184116,-102.648207081894,41.9870610022632,-107.760935081302,49.7367575961208,0.453653647960516,0.292607666119356,2022.16772114145,2022.32876712329,A/Great_Horned_Owl/SK/FAV-0802-16/2022|H5N1|Canada-SK|2022-05-01|avian|A1
994,995,0.0188694560787411,-71.494484305273,42.2277824076797,-72.457117858321,42.5187865812468,0.455007400524047,0.436137944445306,2022.31125141977,2022.33012087585,NA
1079,1082,0.0278949141485437,-78.7945448861233,41.4179583023326,-79.3097222370709,41.637138586339,0.455800980731715,0.427906066583172,2022.30301954191,2022.33091445606,NA
1094,421,0.041755127769754,-78.4677906535151,40.4934768531285,-76.9777878906657,40.1939364405098,0.456393373987874,0.41463824621812,2022.28975172155,2022.33150684932,A/great_horned_owl/Pennsylvania/22-021652-001/2022|H5N1|USA-PA|2022-05-02|avian|A1
695,354,0.041399242977764,-105.918595278518,42.2134751460488,-109.837495223199,43.6682847559353,0.456393373987874,0.41499413101011,2022.29010760634,2022.33150684932,A/great_horned_owl/Wyoming/22-013814-002/2022|H5N1|USA-WY|2022-05-02|avian|A1
695,353,0.041399242977764,-105.918595278518,42.2134751460488,-105.367923145383,42.3085514802939,0.456393373987874,0.41499413101011,2022.29010760634,2022.33150684932,A/great_horned_owl/Wyoming/22-013814-001/2022|H5N1|USA-WY|2022-05-02|avian|A1
1087,431,0.0316141137267749,-78.2461535573713,40.5661687852921,-78.8829936300657,40.7274969680117,0.456393373987874,0.424779260261099,2022.29989273559,2022.33150684932,A/duck/Pennsylvania/22-013368-002/2022|H5N1|USA-PA|2022-05-02|avian|A1
994,50,0.0202554295425676,-71.494484305273,42.2277824076797,-73.1373681861384,42.6358151028333,0.456393373987874,0.436137944445306,2022.31125141977,2022.33150684932,A/great_horned_owl/Massachusetts/22-016611-011/2022|H5N1|USA-MA|2022-05-02|avian|A1
995,51,0.00138597346382652,-72.457117858321,42.5187865812468,-72.2450384726235,42.2657801974186,0.456393373987874,0.455007400524047,2022.33012087585,2022.33150684932,A/great_horned_owl/Massachusetts/22-016611-013/2022|H5N1|USA-MA|2022-05-02|avian|A1
1082,1083,0.00309612362231226,-79.3097222370709,41.637138586339,-79.4165935691733,42.1814611489415,0.458897104354028,0.455800980731715,2022.33091445606,2022.33401057968,NA
690,373,0.166215203929014,-95.3053885561639,44.7242264629948,-95.8330777437771,47.3826149665972,0.459133100015231,0.292917896086217,2022.16803137141,2022.33424657534,A/great_horned_owl/Minnesota/22-013663-002/2022|H5N1|USA-MN|2022-05-03|avian|A1
930,305,0.135327951170873,-95.8213572506768,49.9700151034574,-93.9115956517364,46.6424424624717,0.459133100015231,0.323805148844358,2022.19891862417,2022.33424657534,A/red_tailed_hawk/Minnesota/22-014517-001/2022|H5N1|USA-MN|2022-05-03|avian|A1
711,312,0.0887292952944997,-84.7576196185005,41.106432785189,-88.5241895564998,48.5517216126432,0.459133100015231,0.370403804720731,2022.24551728005,2022.33424657534,A/Great_Horned_Owl/ON/FAV-0527-1/2022|H5N1|Canada-ON|2022-05-03|avian|A1
671,376,0.267544048039539,-92.1205993899967,41.3816783943092,-93.3462918725393,43.9908104165758,0.461872826042816,0.194328778003277,2022.06944225333,2022.33698630137,A/turkey_vulture/Minnesota/22-014520-001/2022|H5N1|USA-MN|2022-05-04|avian|A1
625,543,0.122299528924467,-78.0800203629897,41.1716362225322,-80.7082034515035,42.572615334492,0.461872826042816,0.339573297118349,2022.21468677245,2022.33698630137,A/Common_Raven/ON/FAV-0473-2/2022|H5N1|Canada-ON|2022-05-04|avian|A1
1081,428,0.018417121477293,-77.5100851473173,41.8593028761056,-77.299010878374,41.8818615134137,0.461872826042816,0.443455704565523,2022.31856917989,2022.33698630137,A/chicken/Pennsylvania/22-014338-001/2022|H5N1|USA-PA|2022-05-04|avian|A1
1081,429,0.018417121477293,-77.5100851473173,41.8593028761056,-78.4288311715076,41.9221978562917,0.461872826042816,0.443455704565523,2022.31856917989,2022.33698630137,A/chicken/Pennsylvania/22-014338-002/2022|H5N1|USA-PA|2022-05-04|avian|A1
1087,1088,0.0385969021097929,-78.2461535573713,40.5661687852921,-76.4768018891318,41.2025120217457,0.463376162370892,0.424779260261099,2022.29989273559,2022.3384896377,NA
930,306,0.140807403225815,-95.8213572506768,49.9700151034574,-100.679189590163,51.108948403685,0.464612552070173,0.323805148844358,2022.19891862417,2022.3397260274,A/Swainsons_Hawk/MB/FAV-0469-8/2022|H5N1|Canada-MB|2022-05-05|avian|A1
628,629,0.0199578496946856,-85.2184187611979,48.9867677876133,-85.2167423038284,49.052823251401,0.464644716048001,0.444686866353316,2022.31980034168,2022.33975819138,NA
1088,1089,0.00165028940263701,-76.4768018891318,41.2025120217457,-76.7916968977834,41.2558116546114,0.465026451773529,0.463376162370892,2022.3384896377,2022.3401399271,NA
1088,1091,0.00584824980328247,-76.4768018891318,41.2025120217457,-76.5758646600427,41.2381514229656,0.469224412174174,0.463376162370892,2022.3384896377,2022.3443378875,NA
1077,438,0.0569209551375318,-77.183595764573,40.5374642080072,-77.5258327225997,40.5342126978546,0.470092004124888,0.413171048987356,2022.28828452431,2022.34520547945,A/duck/Pennsylvania/22-014337-007/2022|H5N1|USA-PA|2022-05-07|avian|A1
795,126,0.0318775989495512,-93.9636444413764,46.4927085179339,-93.3949156515461,45.719588484974,0.470092004124888,0.438214405175337,2022.3133278805,2022.34520547945,A/wood_duck/Minnesota/22-014659-001/2022|H5N1|USA-MN|2022-05-07|avian|A1
1083,424,0.0139346257982178,-79.4165935691733,42.1814611489415,-79.7363093202278,41.3344297224099,0.472831730152245,0.458897104354028,2022.33401057968,2022.34794520548,A/duck/Pennsylvania/22-014339-002/2022|H5N1|USA-PA|2022-05-08|avian|A1
1083,423,0.0139346257982178,-79.4165935691733,42.1814611489415,-75.6793167072535,40.6594561990912,0.472831730152245,0.458897104354028,2022.33401057968,2022.34794520548,A/duck/Pennsylvania/22-014339-001/2022|H5N1|USA-PA|2022-05-08|avian|A1
1082,1084,0.0192223805818793,-79.3097222370709,41.637138586339,-79.3916789864768,41.8139221530502,0.475023361313595,0.455800980731715,2022.33091445606,2022.35013683664,NA
1091,1092,0.00728332815805244,-76.5758646600427,41.2381514229656,-76.8165419754587,41.5599307095904,0.476507740332227,0.469224412174174,2022.3443378875,2022.35162121566,NA
1054,1055,0.110795629379742,-78.7548775134372,41.9846094271518,-76.9368286150742,49.1596933611257,0.477078969534532,0.36628334015479,2022.24139681548,2022.35219244486,NA
795,125,0.0400967770318508,-93.9636444413764,46.4927085179339,-94.8164326969399,47.0029919590514,0.478311182207187,0.438214405175337,2022.3133278805,2022.35342465753,A/american_crow/Minnesota/22-014899-001/2022|H5N1|USA-MN|2022-05-10|avian|A1
840,841,0.298546848951363,-89.9623630958354,38.350869726414,-104.797310192658,44.4160092805225,0.478651786520899,0.180104937569536,2022.0552184129,2022.35376526185,NA
1055,1056,0.0018319475750318,-76.9368286150742,49.1596933611257,-76.7804798614995,49.2105510126899,0.478910917109563,0.477078969534532,2022.35219244486,2022.35402439244,NA
1089,1090,0.0145154873930502,-76.7916968977834,41.2558116546114,-76.496817808576,40.6198759926951,0.479541939166579,0.465026451773529,2022.3401399271,2022.35465541449,NA
1069,415,0.0631033163968304,-79.8781920612139,40.9242592539367,-79.8980580636807,40.8503918520593,0.481050908234545,0.417947591837714,2022.29306106716,2022.35616438356,A/bald_eagle/Pennsylvania/22-021654-001/2022|H5N1|USA-PA|2022-05-11|avian|A1
1101,447,0.0723515709635225,-79.2733547007174,40.8337041696864,-78.0218209783474,40.8027077040168,0.483790634261902,0.41143906329838,2022.28655253863,2022.35890410959,A/turkey_vulture/Pennsylvania/22-016661-001/2022|H5N1|USA-PA|2022-05-12|avian|A1
1055,461,0.00671166472737073,-76.9368286150742,49.1596933611257,-77.633702654889,49.3043905629764,0.483790634261902,0.477078969534532,2022.35219244486,2022.35890410959,A/American_Crow/QC/FAV-0855-5/2022|H5N1|Canada-QC|2022-05-12|avian|A1
1056,462,0.00487971715233892,-76.7804798614995,49.2105510126899,-71.3431149919337,48.1070024273188,0.483790634261902,0.478910917109563,2022.35402439244,2022.35890410959,A/American_Crow/QC/FAV-0855-4/2022|H5N1|Canada-QC|2022-05-12|avian|A1
1056,460,0.00487971715233892,-76.7804798614995,49.2105510126899,-77.781986871846,51.1815461176203,0.483790634261902,0.478910917109563,2022.35402439244,2022.35890410959,A/American_Crow/QC/FAV-0855-6/2022|H5N1|Canada-QC|2022-05-12|avian|A1
1084,425,0.0115069989756651,-79.3916789864768,41.8139221530502,-79.0244879269579,40.3805703963768,0.48653036028926,0.475023361313595,2022.35013683664,2022.36164383562,A/chicken/Pennsylvania/22-015036-002/2022|H5N1|USA-PA|2022-05-13|avian|A1
1084,426,0.0115069989756651,-79.3916789864768,41.8139221530502,-76.4948777829665,41.513070519051,0.48653036028926,0.475023361313595,2022.35013683664,2022.36164383562,A/chicken/Pennsylvania/22-015036-001/2022|H5N1|USA-PA|2022-05-13|avian|A1
1090,433,0.00972814715003822,-76.496817808576,40.6198759926951,-75.8772417917503,40.1160830440625,0.489270086316617,0.479541939166579,2022.35465541449,2022.36438356164,A/chicken/Pennsylvania/22-015201-002/202|H5N1|USA-PA|2022-05-14|avian|A1
1090,432,0.00972814715003822,-76.496817808576,40.6198759926951,-76.8638010432466,40.52716086812,0.489270086316617,0.479541939166579,2022.35465541449,2022.36438356164,A/chicken/Pennsylvania/22-015201-001/2022|H5N1|USA-PA|2022-05-14|avian|A1
691,370,0.115201791715535,-94.7578703165649,45.2485325381161,-92.4670597185852,45.3267500558807,0.494749538371559,0.379547746656024,2022.25466122198,2022.3698630137,A/bald_eagle/Wisconsin/22-015545-001/2022|H5N1|USA-WI|2022-05-16|avian|A1
1089,435,0.0297230865980306,-76.7916968977834,41.2558116546114,-76.8812079745886,40.9956428776454,0.494749538371559,0.465026451773529,2022.3401399271,2022.3698630137,A/Pekin_duck/Pennsylvania/22-015337-001/2022|H5N1|USA-PA|2022-05-16|avian|A1
1091,436,0.0255251261973851,-76.5758646600427,41.2381514229656,-79.5122665274629,39.9954895232617,0.494749538371559,0.469224412174174,2022.3443378875,2022.3698630137,A/Pekin_duck/Pennsylvania/22-015427-002/2022|H5N1|USA-PA|2022-05-16|avian|A1
1092,437,0.0182417980393327,-76.8165419754587,41.5599307095904,-78.0413091040513,41.1468583538474,0.494749538371559,0.476507740332227,2022.35162121566,2022.3698630137,A/Pekin_duck/Pennsylvania/22-015337-003/2022|H5N1|USA-PA|2022-05-16|avian|A1
691,371,0.117941517742892,-94.7578703165649,45.2485325381161,-94.9354975185787,45.6788554542229,0.497489264398917,0.379547746656024,2022.25466122198,2022.37260273973,A/red_tailed_hawk/Minnesota/22-015675-001/2022|H5N1|USA-MN|2022-05-17|avian|A1
841,208,0.018837477878018,-104.797310192658,44.4160092805225,-98.1098916791541,46.6314476229846,0.497489264398917,0.478651786520899,2022.35376526185,2022.37260273973,A/snowy_egret/North_Dakota/22-015805-001/2022|H5N1|USA-ND|2022-05-17|avian|A1
629,630,0.0330624665667839,-85.2167423038284,49.052823251401,-84.3071163512649,48.2447906344955,0.497707182614785,0.464644716048001,2022.33975819138,2022.37282065794,NA
1092,434,0.0292007021487622,-76.8165419754587,41.5599307095904,-76.8106131148683,41.3576938394682,0.505708442480989,0.476507740332227,2022.35162121566,2022.38082191781,A/Pekin_duck/Pennsylvania/22-015943-001/2022|H5N1|USA-PA|2022-05-20|avian|A1
