<?xml version="1.0" encoding="UTF-8"?>
<kml xmlns="http://earth.google.com/kml/2.2">
	<polygon id="CT" samplingProbability="1">
		<coordinates>
			41.260277,-72.5402759999998,0
			41.259998,-72.5400009999999,0
			41.259998,-72.5394439999998,0
			41.2608340000001,-72.5374979999999,0
			41.2608340000001,-72.537224,0
			41.2613910000002,-72.5366669999999,0
			41.2613910000002,-72.536392,0
			41.2619440000001,-72.5358349999999,0
			41.2625010000002,-72.5358349999999,0
			41.263332,-72.5350039999999,0
			41.263611,-72.5350039999999,0
			41.2630540000001,-72.53389,0
			41.2619440000001,-72.53389,0
			41.2616650000001,-72.5341639999999,0
			41.2613910000002,-72.5341639999999,0
			41.2608340000001,-72.5347209999999,0
			41.2605550000001,-72.5347209999999,0
			41.259998,-72.5352779999998,0
			41.2599300000001,-72.53611,0
			41.2596510000001,-72.5366669999999,0
			41.2592540000001,-72.5374599999999,0
			41.2579420000001,-72.538445,0
			41.2572210000001,-72.5384059999999,0
			41.256767,-72.538475,0
			41.2563900000001,-72.538528,0
			41.255955,-72.538055,0
			41.255955,-72.537697,0
			41.2559130000001,-72.5372619999999,0
			41.255451,-72.536896,0
			41.255337,-72.5365829999999,0
			41.25526,-72.5364529999999,0
			41.2547110000001,-72.536438,0
			41.2543680000001,-72.536659,0
			41.2542570000002,-72.5371319999999,0
			41.2543870000001,-72.5373,0
			41.2541470000002,-72.5375369999999,0
			41.2530560000001,-72.537224,0
			41.2530560000001,-72.5369719999999,0
			41.2530560000001,-72.5366669999999,0
			41.253334,-72.536392,0
			41.2530560000001,-72.53611,0
			41.2527770000001,-72.53611,0
			41.2524990000001,-72.5358349999999,0
			41.2522240000002,-72.5358349999999,0
			41.251945,-72.53611,0
			41.2516670000001,-72.53611,0
			41.2505570000001,-72.537224,0
			41.2502780000001,-72.5374979999999,0
			41.2502780000001,-72.538055,0
			41.2500000000001,-72.5383299999999,0
			41.2500000000001,-72.5402759999998,0
			41.2497220000001,-72.540558,0
			41.2497220000001,-72.5411149999999,0
			41.2494430000002,-72.541389,0
			41.2494430000002,-72.5416639999999,0
			41.2488900000002,-72.542221,0
			41.2488900000002,-72.542503,0
			41.248611,-72.5427779999999,0
			41.248611,-72.5433349999999,0
			41.2483330000001,-72.5436099999999,0
			41.2483330000001,-72.544724,0
			41.248611,-72.5449979999999,0
			41.248611,-72.5452799999999,0
			41.2488900000002,-72.545555,0
			41.2488900000002,-72.5458299999999,0
			41.249489,-72.5457839999999,0
			41.2500570000001,-72.546387,0
			41.2502780000001,-72.546387,0
			41.2505420000001,-72.5466919999998,0
			41.2508320000001,-72.546669,0
			41.2513890000002,-72.547226,0
			41.251335,-72.5475539999999,0
			41.2516170000001,-72.5478289999999,0
			41.2516670000001,-72.5483319999999,0
			41.2530560000001,-72.549721,0
			41.253334,-72.549721,0
			41.253613,-72.550003,0
			41.2538870000001,-72.550339,0
			41.2538870000001,-72.550423,0
			41.253952,-72.550499,0
			41.254448,-72.551102,0
			41.254444,-72.551392,0
			41.255322,-72.552177,0
			41.2555540000002,-72.552223,0
			41.2561110000001,-72.5527799999999,0
			41.2561110000001,-72.553055,0
			41.2563900000001,-72.5533829999999,0
			41.2563900000001,-72.553886,0
			41.256943,-72.5544429999999,0
			41.256943,-72.554726,0
			41.2575000000001,-72.5552749999999,0
			41.257778,-72.5552749999999,0
			41.2580570000002,-72.555557,0
			41.258274,-72.5556109999999,0
			41.2586100000001,-72.555832,0
			41.2586100000001,-72.5561139999999,0
			41.2591900000002,-72.556641,0
			41.259167,-72.5569459999999,0
			41.2605550000001,-72.558334,0
			41.2605550000001,-72.5586089999999,0
			41.2608340000001,-72.558891,0
			41.2608340000001,-72.5594479999999,0
			41.261112,-72.559723,0
			41.261112,-72.5602799999999,0
			41.2613910000002,-72.560555,0
			41.2613910000002,-72.5608369999999,0
			41.2627790000001,-72.562225,0
			41.2627790000001,-72.5624999999999,0
			41.2641680000001,-72.563889,0
			41.2644460000002,-72.563889,0
			41.2650030000001,-72.5644449999999,0
			41.2649990000001,-72.56472,0
			41.2653350000002,-72.564964,0
			41.2652780000001,-72.565552,0
			41.2661090000001,-72.5663909999998,0
			41.2661090000001,-72.5666659999999,0
			41.2663880000001,-72.5669479999999,0
			41.2663880000001,-72.567223,0
			41.2666660000002,-72.567497,0
			41.2666660000002,-72.568054,0
			41.2672230000001,-72.5686109999999,0
			41.2672230000001,-72.5694429999999,0
			41.2675020000001,-72.5697249999999,0
			41.2675020000001,-72.5702739999999,0
			41.267776,-72.5705569999998,0
			41.267776,-72.5708309999999,0
			41.2680550000002,-72.5711139999999,0
			41.2680550000002,-72.571388,0
			41.2686120000001,-72.5719449999999,0
			41.2686120000001,-72.5727769999999,0
			41.2691380000001,-72.573303,0
			41.2694440000002,-72.5736079999999,0
			41.2694440000002,-72.5738909999999,0
			41.2697220000001,-72.5741649999999,0
			41.2700000000002,-72.5741649999999,0
			41.2708320000001,-72.576668,0
			41.2711110000001,-72.5777739999999,0
			41.2713890000002,-72.5780559999999,0
			41.2713890000002,-72.57917,0
			41.2716670000001,-72.5794449999999,0
			41.2716670000001,-72.5805589999999,0
			41.2719460000001,-72.580833,0
			41.272182,-72.5831379999998,0
			41.2721710000002,-72.5835339999999,0
			41.2721330000001,-72.584167,0
			41.2721140000001,-72.584282,0
			41.2720870000002,-72.5844419999999,0
			41.2719190000001,-72.5848539999999,0
			41.2711110000001,-72.5863879999999,0
			41.2708320000001,-72.58667,0
			41.2708320000001,-72.5872189999999,0
			41.2705570000001,-72.587502,0
			41.2705570000001,-72.589447,0
			41.2702790000001,-72.5897219999999,0
			41.2702790000001,-72.590836,0
			41.2700000000002,-72.59111,0
			41.2700000000002,-72.591942,0
			41.2705570000001,-72.592499,0
			41.2705570000001,-72.592781,0
			41.2702790000001,-72.5930559999999,0
			41.2702790000001,-72.5938869999999,0
			41.2700000000002,-72.59417,0
			41.2700000000002,-72.594444,0
			41.2697220000001,-72.5947189999999,0
			41.2697220000001,-72.595833,0
			41.2691650000002,-72.5963899999999,0
			41.2691650000002,-72.597778,0
			41.2688900000002,-72.5980529999999,0
			41.2688900000002,-72.5997239999999,0
			41.2691650000002,-72.599998,0
			41.2691650000002,-72.6005549999999,0
			41.2694440000002,-72.60083,0
			41.2694440000002,-72.6011119999999,0
			41.2700000000002,-72.6011119999999,0
			41.2700000000002,-72.6016689999998,0
			41.2702790000001,-72.601944,0
			41.2702290000001,-72.6022259999999,0
			41.2705570000001,-72.602501,0
			41.271214,-72.603691,0
			41.2710720000001,-72.604362,0
			41.2708930000002,-72.605789,0
			41.270973,-72.606071,0
			41.270855,-72.606941,0
			41.2706410000001,-72.6073299999999,0
			41.270039,-72.6074299999999,0
			41.2699130000001,-72.607452,0
			41.2697220000001,-72.6077799999999,0
			41.2697220000001,-72.6086119999999,0
			41.2700000000002,-72.6088869999999,0
			41.2699850000002,-72.6092,0
			41.270473,-72.6094589999998,0
			41.2708320000001,-72.611115,0
			41.2711110000001,-72.6113889999999,0
			41.2711110000001,-72.611946,0
			41.2713890000002,-72.6122209999999,0
			41.2713890000002,-72.6133349999999,0
			41.2716670000001,-72.6136089999999,0
			41.2716330000001,-72.614769,0
			41.2719460000001,-72.6149979999998,0
			41.2719460000001,-72.6169429999999,0
			41.27169,-72.617203,0
			41.27169,-72.6177979999999,0
			41.2719460000001,-72.618057,0
			41.2723050000001,-72.620316,0
			41.2719460000001,-72.621948,0
			41.2719460000001,-72.622223,0
			41.2722210000001,-72.6224979999999,0
			41.2722210000001,-72.62278,0
			41.2719460000001,-72.62278,0
			41.2716830000002,-72.6238249999998,0
			41.2716830000002,-72.624443,0
			41.2711110000001,-72.626114,0
			41.2711110000001,-72.6273729999999,0
			41.2711110000001,-72.6283339999999,0
			41.2705570000001,-72.629723,0
			41.2700000000002,-72.63028,0
			41.2697870000001,-72.6307069999999,0
			41.2697220000001,-72.6308359999999,0
			41.2688900000002,-72.631271,0
			41.268852,-72.631348,0
			41.2679020000001,-72.631363,0
			41.267776,-72.631943,0
			41.267776,-72.633888,0
			41.2675020000001,-72.6341629999999,0
			41.2675020000001,-72.635277,0
			41.2672230000001,-72.635559,0
			41.2672230000001,-72.6366649999999,0
			41.2675020000001,-72.6369479999998,0
			41.2675020000001,-72.637779,0
			41.2672230000001,-72.638054,0
			41.2672230000001,-72.6383359999999,0
			41.2669450000002,-72.638611,0
			41.2669450000002,-72.6399989999999,0
			41.2672230000001,-72.640274,0
			41.2672230000001,-72.640991,0
			41.2672230000001,-72.641388,0
			41.2669720000001,-72.643066,0
			41.2666660000002,-72.6433329999999,0
			41.2663880000001,-72.6441649999999,0
			41.2661090000001,-72.6458359999999,0
			41.2655560000002,-72.646385,0
			41.2655560000002,-72.646942,0
			41.2652780000001,-72.6472239999999,0
			41.2652780000001,-72.6486129999999,0
			41.2649990000001,-72.6488879999999,0
			41.2649990000001,-72.6494449999999,0
			41.2647210000002,-72.649719,0
			41.2647210000002,-72.6500019999999,0
			41.2649990000001,-72.6502759999998,0
			41.2652780000001,-72.6502759999998,0
			41.2658350000002,-72.6508329999999,0
			41.2658200000002,-72.651085,0
			41.2661090000001,-72.6513899999999,0
			41.2661090000001,-72.6524959999999,0
			41.2658770000001,-72.6527329999999,0
			41.2658350000002,-72.6536099999999,0
			41.2655560000002,-72.653893,0
			41.2655560000002,-72.654724,0
			41.2656560000001,-72.6553959999999,0
			41.2657740000001,-72.655716,0
			41.2651750000001,-72.6563719999999,0
			41.2649570000002,-72.657463,0
			41.2653390000002,-72.6586069999999,0
			41.2652780000001,-72.6591639999999,0
			41.2655560000002,-72.6594469999999,0
			41.2658350000002,-72.6597209999998,0
			41.2663880000001,-72.6602779999999,0
			41.2666660000002,-72.6602779999999,0
			41.2669450000002,-72.6605529999999,0
			41.2672230000001,-72.6605529999999,0
			41.2675020000001,-72.660835,0
			41.2675020000001,-72.6611099999999,0
			41.2680550000002,-72.661392,0
			41.2683330000001,-72.661667,0
			41.2692950000001,-72.662018,0
			41.2697410000001,-72.662178,0
			41.2702790000001,-72.6636119999999,0
			41.2705570000001,-72.663887,0
			41.2713890000002,-72.6633299999999,0
			41.2716670000001,-72.6633299999999,0
			41.2711110000001,-72.665001,0
			41.2705570000001,-72.665558,0
			41.2705570000001,-72.665833,0
			41.2702790000001,-72.6661149999999,0
			41.2697220000001,-72.6661149999999,0
			41.2686120000001,-72.667221,0
			41.2686120000001,-72.667503,0
			41.267776,-72.668335,0
			41.2675020000001,-72.668335,0
			41.2671360000002,-72.6680759999999,0
			41.2669450000002,-72.668053,0
			41.2666660000002,-72.6677779999999,0
			41.2663880000001,-72.6677779999999,0
			41.2655560000002,-72.6686099999999,0
			41.2655560000002,-72.669724,0
			41.2658350000002,-72.669998,0
			41.2661090000001,-72.669998,0
			41.2665480000002,-72.670219,0
			41.2666660000002,-72.6702799999999,0
			41.2666660000002,-72.670555,0
			41.2669450000002,-72.67083,0
			41.2669450000002,-72.6711119999999,0
			41.2672230000001,-72.671387,0
			41.2672230000001,-72.6719439999999,0
			41.2669450000002,-72.6722259999999,0
			41.2669450000002,-72.674721,0
			41.2672230000001,-72.675552,0
			41.2675020000001,-72.676666,0
			41.2675020000001,-72.6772229999999,0
			41.2672230000001,-72.6769409999999,0
			41.2669450000002,-72.6769409999999,0
			41.2663880000001,-72.6763919999999,0
			41.2661090000001,-72.6763919999999,0
			41.2658350000002,-72.6761089999999,0
			41.2658350000002,-72.675835,0
			41.2655560000002,-72.675552,0
			41.2655560000002,-72.675003,0
			41.2647210000002,-72.674164,0
			41.2644460000002,-72.6761089999999,0
			41.2642630000001,-72.67659,0
			41.2642630000001,-72.6769489999999,0
			41.2640080000002,-72.6771009999999,0
			41.263611,-72.677261,0
			41.2630540000001,-72.677498,0
			41.2627790000001,-72.677498,0
			41.2617490000001,-72.6788099999999,0
			41.261269,-72.6789319999999,0
			41.26099,-72.6789319999999,0
			41.260277,-72.6783369999999,0
			41.260277,-72.678055,0
			41.2588880000002,-72.676666,0
			41.2580570000002,-72.676666,0
			41.2572210000001,-72.677498,0
			41.256943,-72.6777799999999,0
			41.256668,-72.6777799999999,0
			41.2563900000001,-72.677498,0
			41.2561110000001,-72.677498,0
			41.2558020000001,-72.677208,0
			41.2555540000002,-72.6769409999999,0
			41.2552800000001,-72.6769409999999,0
			41.2547230000002,-72.677498,0
			41.254444,-72.677498,0
			41.254444,-72.6783369999999,0
			41.2547230000002,-72.6783369999999,0
			41.2550740000001,-72.6786879999999,0
			41.2555540000002,-72.679169,0
			41.2555540000002,-72.6797259999999,0
			41.255833,-72.68,0
			41.2566300000001,-72.680199,0
			41.256668,-72.6813889999999,0
			41.256668,-72.681664,0
			41.256943,-72.6819459999999,0
			41.257778,-72.683334,0
			41.257778,-72.6836089999999,0
			41.2583350000001,-72.684166,0
			41.2580570000002,-72.684998,0
			41.2575000000001,-72.684998,0
			41.2572210000001,-72.6847229999999,0
			41.2561110000001,-72.6847229999999,0
			41.255833,-72.684448,0
			41.2550010000001,-72.684448,0
			41.2547230000002,-72.6847229999999,0
			41.254444,-72.684448,0
			41.2538870000001,-72.684448,0
			41.253613,-72.6847229999999,0
			41.253334,-72.6847229999999,0
			41.2530560000001,-72.684998,0
			41.2524990000001,-72.684998,0
			41.2522240000002,-72.6855549999999,0
			41.2511480000002,-72.6855549999999,0
			41.2508320000001,-72.6861109999999,0
			41.2505570000001,-72.6861109999999,0
			41.2500000000001,-72.6872249999999,0
			41.2497220000001,-72.6874999999999,0
			41.2494430000002,-72.6874999999999,0
			41.2491680000001,-72.688332,0
			41.2483330000001,-72.688332,0
			41.248055,-72.6894449999999,0
			41.247776,-72.689163,0
			41.2475510000001,-72.6893159999999,0
			41.2469440000002,-72.6897199999999,0
			41.2466660000001,-72.6900019999998,0
			41.2469440000002,-72.6911089999999,0
			41.2475510000001,-72.6910629999999,0
			41.247662,-72.6910549999999,0
			41.2475510000001,-72.6913989999999,0
			41.2473340000001,-72.69207,0
			41.246387,-72.692497,0
			41.245556,-72.693336,0
			41.245277,-72.693611,0
			41.2449990000001,-72.6938859999999,0
			41.2449990000001,-72.6941679999999,0
			41.2447200000001,-72.6944429999999,0
			41.2447200000001,-72.6952739999999,0
			41.2449990000001,-72.6955569999999,0
			41.2449990000001,-72.6958309999999,0
			41.2447200000001,-72.696114,0
			41.2449990000001,-72.6963879999999,0
			41.2449990000001,-72.696663,0
			41.245277,-72.696945,0
			41.245556,-72.6972199999999,0
			41.2461130000001,-72.6972199999999,0
			41.2469440000002,-72.6963879999999,0
			41.2472230000001,-72.696663,0
			41.2472230000001,-72.697502,0
			41.2475010000001,-72.697777,0
			41.2472230000001,-72.698059,0
			41.2472230000001,-72.6986079999999,0
			41.2469440000002,-72.6988909999999,0
			41.2469440000002,-72.7005539999999,0
			41.2462310000001,-72.701271,0
			41.2458340000001,-72.701668,0
			41.245556,-72.701668,0
			41.245277,-72.701942,0
			41.245277,-72.7022249999999,0
			41.2449990000001,-72.702499,0
			41.2449990000001,-72.702774,0
			41.2447200000001,-72.7030559999999,0
			41.2447200000001,-72.7033309999999,0
			41.2441670000001,-72.7038879999999,0
			41.2441670000001,-72.70417,0
			41.2436100000002,-72.706665,0
			41.2438890000001,-72.706947,0
			41.2438890000001,-72.708611,0
			41.244446,-72.709167,0
			41.244446,-72.709442,0
			41.2447200000001,-72.7097239999999,0
			41.2449990000001,-72.7097239999999,0
			41.2458340000001,-72.7088849999999,0
			41.2458340000001,-72.7083359999999,0
			41.2461130000001,-72.7080539999999,0
			41.2461130000001,-72.707779,0
			41.2467,-72.707191,0
			41.2472230000001,-72.706665,0
			41.2472230000001,-72.706947,0
			41.2475010000001,-72.707222,0
			41.247776,-72.707497,0
			41.248055,-72.707497,0
			41.248055,-72.7080539999999,0
			41.2479250000001,-72.7081829999999,0
			41.247776,-72.7083359999999,0
			41.247776,-72.708611,0
			41.2475010000001,-72.7088849999999,0
			41.2475010000001,-72.709442,0
			41.2472230000001,-72.709999,0
			41.2469440000002,-72.709999,0
			41.2469440000002,-72.711945,0
			41.2472230000001,-72.7130579999999,0
			41.247711,-72.713982,0
			41.2479740000001,-72.7144319999999,0
			41.2484400000001,-72.714706,0
			41.2487830000001,-72.714569,0
			41.2492260000001,-72.713646,0
			41.2502780000001,-72.7122189999999,0
			41.2502780000001,-72.7116699999999,0
			41.25111,-72.710831,0
			41.25111,-72.7105559999999,0
			41.2513890000002,-72.710281,0
			41.2513890000002,-72.709999,0
			41.2516670000001,-72.7097239999999,0
			41.2516670000001,-72.7088849999999,0
			41.251945,-72.708611,0
			41.251945,-72.7080539999999,0
			41.253334,-72.706665,0
			41.253334,-72.706108,0
			41.253613,-72.705833,0
			41.253613,-72.7055589999999,0
			41.2538870000001,-72.705276,0
			41.2538870000001,-72.705002,0
			41.254444,-72.704445,0
			41.2547230000002,-72.704445,0
			41.2552800000001,-72.7038879999999,0
			41.2555540000002,-72.7038879999999,0
			41.2560460000001,-72.7033999999999,0
			41.2563900000001,-72.7030559999999,0
			41.256668,-72.7030559999999,0
			41.2568050000002,-72.7031939999999,0
			41.2583350000001,-72.7047199999999,0
			41.2588880000002,-72.705002,0
			41.2594490000001,-72.7055589999999,0
			41.2597240000001,-72.705833,0
			41.259998,-72.7063899999999,0
			41.2597240000001,-72.706665,0
			41.2597240000001,-72.706947,0
			41.2588880000002,-72.7083359999999,0
			41.2586100000001,-72.708611,0
			41.2586100000001,-72.7088849999999,0
			41.2583350000001,-72.709167,0
			41.2583350000001,-72.709442,0
			41.2580570000002,-72.7097239999999,0
			41.2580570000002,-72.7105559999999,0
			41.257778,-72.7122189999999,0
			41.2575000000001,-72.7125019999999,0
			41.2572210000001,-72.713608,0
			41.256943,-72.7138899999999,0
			41.256943,-72.714165,0
			41.256668,-72.714447,0
			41.256668,-72.714996,0
			41.2563900000001,-72.715279,0
			41.2564390000001,-72.7164539999999,0
			41.256451,-72.716751,0
			41.255833,-72.717781,0
			41.255833,-72.71833,0
			41.2563900000001,-72.7188869999999,0
			41.256668,-72.7188869999999,0
			41.2573170000001,-72.718239,0
			41.2575000000001,-72.7180559999999,0
			41.2580570000002,-72.7174989999999,0
			41.2580570000002,-72.716942,0
			41.257778,-72.7166669999999,0
			41.257778,-72.7163929999999,0
			41.2580570000002,-72.71611,0
			41.2583350000001,-72.71611,0
			41.2586100000001,-72.7158359999999,0
			41.2588880000002,-72.7158359999999,0
			41.2594450000001,-72.715279,0
			41.259998,-72.715279,0
			41.2600980000001,-72.715401,0
			41.260258,-72.7152399999998,0
			41.2605320000001,-72.715202,0
			41.2608340000001,-72.715477,0
			41.261471,-72.7149199999999,0
			41.2619440000001,-72.7158359999999,0
			41.2622220000002,-72.7163929999999,0
			41.2625010000002,-72.7166669999999,0
			41.2622220000002,-72.7180559999999,0
			41.2619440000001,-72.7180559999999,0
			41.2613910000002,-72.7197189999999,0
			41.261112,-72.7200009999999,0
			41.2608340000001,-72.7197189999999,0
			41.2605550000001,-72.7200009999999,0
			41.2605550000001,-72.720276,0
			41.259998,-72.7208329999999,0
			41.259998,-72.721107,0
			41.2597240000001,-72.7213899999999,0
			41.2597240000001,-72.7216639999999,0
			41.2594450000001,-72.7219469999998,0
			41.259167,-72.7222209999999,0
			41.259167,-72.7225039999999,0
			41.259075,-72.722595,0
			41.2586100000001,-72.7230529999999,0
			41.2586100000001,-72.7233349999999,0
			41.2583350000001,-72.72361,0
			41.2583350000001,-72.723892,0
			41.2586100000001,-72.7241669999999,0
			41.2588810000001,-72.7242129999999,0
			41.259167,-72.724442,0
			41.2594450000001,-72.724442,0
			41.2597240000001,-72.7241669999999,0
			41.2597240000001,-72.72361,0
			41.260277,-72.7230529999999,0
			41.2608340000001,-72.72361,0
			41.2608340000001,-72.723892,0
			41.2605550000001,-72.7241669999999,0
			41.2605550000001,-72.724442,0
			41.259998,-72.7249979999999,0
			41.259998,-72.7252809999999,0
			41.260277,-72.7255549999999,0
			41.260277,-72.7258299999999,0
			41.259998,-72.7261119999998,0
			41.259998,-72.7263869999999,0
			41.2597240000001,-72.7263869999999,0
			41.2594450000001,-72.7261119999998,0
			41.2588880000002,-72.7261119999998,0
			41.2586100000001,-72.7258299999999,0
			41.2583050000001,-72.7261349999999,0
			41.2580570000002,-72.7263869999999,0
			41.257778,-72.7263869999999,0
			41.2572210000001,-72.726944,0
			41.257843,-72.727524,0
			41.2577630000002,-72.727768,0
			41.2580570000002,-72.7275009999999,0
			41.2583350000001,-72.7275009999999,0
			41.2588880000002,-72.728058,0
			41.2588880000002,-72.7283329999999,0
			41.2580570000002,-72.7291639999999,0
			41.2580570000002,-72.7294459999999,0
			41.2588880000002,-72.7302779999998,0
			41.2588880000002,-72.7305529999999,0
			41.2583350000001,-72.7311099999998,0
			41.2580570000002,-72.7311099999998,0
			41.257778,-72.7308349999999,0
			41.2575000000001,-72.7308349999999,0
			41.256943,-72.731392,0
			41.2566570000002,-72.731102,0
			41.2563900000001,-72.7308349999999,0
			41.2561110000001,-72.7308349999999,0
			41.2552800000001,-72.7316669999999,0
			41.2552800000001,-72.731941,0
			41.2550010000001,-72.732224,0
			41.2550010000001,-72.7324979999999,0
			41.2552800000001,-72.7327799999999,0
			41.255833,-72.7327799999999,0
			41.2558250000001,-72.7336119999999,0
			41.2561110000001,-72.733887,0
			41.2561110000001,-72.7341689999999,0
			41.2563900000001,-72.7344509999999,0
			41.2563900000001,-72.734726,0
			41.256668,-72.7350009999999,0
			41.256668,-72.7358319999999,0
			41.2572210000001,-72.736389,0
			41.2572210000001,-72.7366639999999,0
			41.2575000000001,-72.736946,0
			41.2583350000001,-72.736946,0
			41.2583350000001,-72.736389,0
			41.2586100000001,-72.736115,0
			41.2597240000001,-72.736115,0
			41.259998,-72.736389,0
			41.260277,-72.736389,0
			41.2605860000002,-72.736145,0
			41.2606890000002,-72.7362439999999,0
			41.2608340000001,-72.736389,0
			41.2613910000002,-72.736389,0
			41.2613910000002,-72.737503,0
			41.2616650000001,-72.7377779999999,0
			41.2619440000001,-72.738052,0
			41.2619440000001,-72.7391659999999,0
			41.2622220000002,-72.7394409999998,0
			41.2622220000002,-72.739723,0
			41.2619440000001,-72.7399979999999,0
			41.2619440000001,-72.741386,0
			41.2606240000001,-72.7427059999999,0
			41.260616,-72.7427829999999,0
			41.2605550000001,-72.7433319999999,0
			41.2603840000002,-72.743507,0
			41.2603000000001,-72.743591,0
			41.260277,-72.743889,0
			41.259998,-72.7441639999999,0
			41.259998,-72.744446,0
			41.2597240000001,-72.74472,0
			41.2597240000001,-72.745277,0
			41.2594450000001,-72.745552,0
			41.2594450000001,-72.747223,0
			41.2588880000002,-72.7477799999999,0
			41.2588880000002,-72.748886,0
			41.2586100000001,-72.7491679999999,0
			41.2586100000001,-72.749443,0
			41.2588880000002,-72.749725,0
			41.2588880000002,-72.7499999999999,0
			41.2597240000001,-72.750832,0
			41.260277,-72.750832,0
			41.2605550000001,-72.750557,0
			41.2608340000001,-72.750557,0
			41.261112,-72.750275,0
			41.2613910000002,-72.7499999999999,0
			41.2617110000002,-72.749954,0
			41.2619440000001,-72.749725,0
			41.2622220000002,-72.749443,0
			41.2625010000002,-72.749725,0
			41.2625010000002,-72.7499999999999,0
			41.262386,-72.750259,0
			41.2623410000001,-72.7503589999999,0
			41.2622220000002,-72.750916,0
			41.262302,-72.7510299999999,0
			41.2623630000001,-72.751389,0
			41.2623410000001,-72.751663,0
			41.2625010000002,-72.7519449999999,0
			41.263332,-72.7527769999999,0
			41.263611,-72.7527769999999,0
			41.2638890000001,-72.753052,0
			41.2641680000001,-72.753052,0
			41.2652780000001,-72.7519449999999,0
			41.2661090000001,-72.7519449999999,0
			41.2663880000001,-72.752144,0
			41.2665480000002,-72.7520289999999,0
			41.2670780000001,-72.7519449999999,0
			41.2673030000001,-72.7519149999999,0
			41.2672390000001,-72.752296,0
			41.2670440000002,-72.753418,0
			41.2675020000001,-72.7541659999999,0
			41.2686120000001,-72.7552799999999,0
			41.2687230000002,-72.7556079999999,0
			41.2688900000002,-72.7561109999999,0
			41.2691650000002,-72.7566679999999,0
			41.2691650000002,-72.7569429999999,0
			41.2688900000002,-72.7566679999999,0
			41.2683330000001,-72.7566679999999,0
			41.2680550000002,-72.7569429999999,0
			41.2675020000001,-72.7569429999999,0
			41.2672230000001,-72.7574999999999,0
			41.2669450000002,-72.7574999999999,0
			41.2666660000002,-72.758057,0
			41.2663880000001,-72.7583309999999,0
			41.2661090000001,-72.7583309999999,0
			41.2661090000001,-72.759163,0
			41.2663880000001,-72.759163,0
			41.2663880000001,-72.7605589999999,0
			41.2666660000002,-72.7608339999999,0
			41.2666660000002,-72.7611079999999,0
			41.2670210000001,-72.7614059999999,0
			41.2669260000002,-72.7619479999999,0
			41.2672230000001,-72.762222,0
			41.2675020000001,-72.763054,0
			41.2672230000001,-72.7636109999999,0
			41.2669450000002,-72.7644419999999,0
			41.266529,-72.7642359999999,0
			41.2663880000001,-72.764168,0
			41.2661090000001,-72.764168,0
			41.2658350000002,-72.7647249999999,0
			41.2661090000001,-72.7649989999999,0
			41.2661090000001,-72.7658309999999,0
			41.266235,-72.765961,0
			41.2663880000001,-72.7661129999999,0
			41.2661400000002,-72.766502,0
			41.2658540000002,-72.7663879999998,0
			41.265434,-72.7667849999999,0
			41.2648620000001,-72.7676159999999,0
			41.2652780000001,-72.7680589999999,0
			41.2655560000002,-72.7686079999999,0
			41.2655870000001,-72.7691959999999,0
			41.2658350000002,-72.7694469999999,0
			41.2658350000002,-72.771385,0
			41.2655560000002,-72.771385,0
			41.2652780000001,-72.771667,0
			41.2651520000001,-72.771919,0
			41.2649990000001,-72.7722239999999,0
			41.2647210000002,-72.7722239999999,0
			41.263611,-72.773331,0
			41.263611,-72.7744449999999,0
			41.2638890000001,-72.7747189999998,0
			41.2638890000001,-72.7752759999999,0
			41.2641680000001,-72.7755579999999,0
			41.2641680000001,-72.775833,0
			41.2644460000002,-72.7761079999999,0
			41.2644460000002,-72.776665,0
			41.2647210000002,-72.776947,0
			41.2647210000002,-72.777496,0
			41.2649990000001,-72.777779,0
			41.2649990000001,-72.7788929999999,0
			41.2652780000001,-72.779167,0
			41.2652780000001,-72.779724,0
			41.2655560000002,-72.779999,0
			41.2655560000002,-72.780281,0
			41.2652780000001,-72.7805559999999,0
			41.2652780000001,-72.78083,0
			41.2649990000001,-72.781113,0
			41.2649990000001,-72.78167,0
			41.2647210000002,-72.781944,0
			41.2647210000002,-72.7830579999999,0
			41.2644460000002,-72.783333,0
			41.2644460000002,-72.7838899999999,0
			41.2647210000002,-72.784164,0
			41.2647210000002,-72.7844469999999,0
			41.26503,-72.7847289999999,0
			41.265026,-72.784912,0
			41.2649990000001,-72.78611,0
			41.2647210000002,-72.7863919999999,0
			41.2647210000002,-72.786667,0
			41.2638890000001,-72.787498,0
			41.263332,-72.7880549999999,0
			41.2630540000001,-72.7877809999999,0
			41.2625010000002,-72.7877809999999,0
			41.2613640000001,-72.7888639999999,0
			41.2608340000001,-72.789444,0
			41.2608340000001,-72.7897189999999,0
			41.2604830000002,-72.79007,0
			41.259998,-72.7905579999999,0
			41.259167,-72.7913889999999,0
			41.2594450000001,-72.791664,0
			41.2594450000001,-72.7919459999999,0
			41.259998,-72.7925029999998,0
			41.2602160000001,-72.7922129999999,0
			41.2605550000001,-72.79361,0
			41.2605550000001,-72.794441,0
			41.260277,-72.7961119999999,0
			41.2594450000001,-72.7969439999999,0
			41.2594450000001,-72.797775,0
			41.259167,-72.7980579999999,0
			41.2583350000001,-72.7988889999999,0
			41.2583350000001,-72.799164,0
			41.258049,-72.799446,0
			41.2580570000002,-72.8002779999999,0
			41.2577510000001,-72.8005449999999,0
			41.257778,-72.8011089999999,0
			41.2575300000001,-72.801361,0
			41.2574500000001,-72.8016509999999,0
			41.257778,-72.8019409999999,0
			41.2575000000001,-72.8030549999999,0
			41.2572210000001,-72.8033369999999,0
			41.256943,-72.8044429999999,0
			41.256668,-72.8052749999999,0
			41.2563900000001,-72.8052749999999,0
			41.2561110000001,-72.806114,0
			41.2547230000002,-72.806114,0
			41.254444,-72.8063889999999,0
			41.2538870000001,-72.8063889999999,0
			41.253613,-72.806946,0
			41.253334,-72.806946,0
			41.2524990000001,-72.807777,0
			41.2514,-72.8088759999999,0
			41.2514,-72.8091659999999,0
			41.2508320000001,-72.8097229999999,0
			41.2508320000001,-72.8099979999999,0
			41.2502780000001,-72.8105549999999,0
			41.2502780000001,-72.8108369999999,0
			41.2500000000001,-72.811111,0
			41.2500000000001,-72.8113859999999,0
			41.2497220000001,-72.8116679999999,0
			41.2497220000001,-72.811943,0
			41.2502780000001,-72.8124999999999,0
			41.2503470000001,-72.813911,0
			41.2500000000001,-72.8141629999999,0
			41.2500000000001,-72.814781,0
			41.2500000000001,-72.815277,0
			41.2497220000001,-72.8155519999999,0
			41.2497220000001,-72.8158339999999,0
			41.2494430000002,-72.816109,0
			41.2494430000002,-72.816391,0
			41.2498440000001,-72.817032,0
			41.2494430000002,-72.818054,0
			41.2494430000002,-72.8188859999999,0
			41.2508320000001,-72.818611,0
			41.251945,-72.81778,0
			41.2522240000002,-72.81778,0
			41.253334,-72.818054,0
			41.2541660000001,-72.819443,0
			41.254444,-72.819725,0
			41.2547230000002,-72.820274,0
			41.2547230000002,-72.820557,0
			41.2550010000001,-72.821114,0
			41.2550010000001,-72.8216629999999,0
			41.2552800000001,-72.821945,0
			41.2552800000001,-72.8225019999999,0
			41.2555540000002,-72.822777,0
			41.2555540000002,-72.823059,0
			41.2552800000001,-72.823059,0
			41.2552800000001,-72.823891,0
			41.255833,-72.823891,0
			41.2561110000001,-72.8233339999999,0
			41.256943,-72.8225019999999,0
			41.256943,-72.82222,0
			41.2572210000001,-72.821945,0
			41.2575000000001,-72.821945,0
			41.257778,-72.8216629999999,0
			41.2594450000001,-72.820557,0
			41.2594450000001,-72.819443,0
			41.259167,-72.819443,0
			41.259167,-72.8183359999999,0
			41.259998,-72.8183359999999,0
			41.259998,-72.816109,0
			41.2594450000001,-72.816109,0
			41.2594450000001,-72.815277,0
			41.2588620000002,-72.815285,0
			41.2583350000001,-72.8147199999999,0
			41.257778,-72.8141629999999,0
			41.257778,-72.813614,0
			41.257637,-72.8131789999999,0
			41.2580570000002,-72.812775,0
			41.259167,-72.811111,0
			41.259998,-72.8108369999999,0
			41.260277,-72.8105549999999,0
			41.2605550000001,-72.8105549999999,0
			41.2608340000001,-72.81028,0
			41.2608340000001,-72.8099979999999,0
			41.2619440000001,-72.8099979999999,0
			41.2619440000001,-72.81028,0
			41.2622220000002,-72.81028,0
			41.2622220000002,-72.8105549999999,0
			41.2625010000002,-72.8108369999999,0
			41.2631190000001,-72.8108369999999,0
			41.2638890000001,-72.8108369999999,0
			41.2641680000001,-72.8105549999999,0
			41.2644460000002,-72.8105549999999,0
			41.2647210000002,-72.8108369999999,0
			41.2647210000002,-72.811111,0
			41.2641680000001,-72.8116679999999,0
			41.2641680000001,-72.811943,0
			41.2638890000001,-72.812225,0
			41.263607,-72.812225,0
			41.263332,-72.8124999999999,0
			41.2630540000001,-72.8124999999999,0
			41.2627790000001,-72.812775,0
			41.2627790000001,-72.813057,0
			41.2625010000002,-72.8133319999999,0
			41.2625010000002,-72.813889,0
			41.2619440000001,-72.814445,0
			41.2619440000001,-72.8150019999999,0
			41.2622220000002,-72.815277,0
			41.2622220000002,-72.8166659999999,0
			41.2619440000001,-72.816948,0
			41.2622220000002,-72.817223,0
			41.2622220000002,-72.81778,0
			41.2630540000001,-72.818611,0
			41.2630540000001,-72.8188859999999,0
			41.2629590000001,-72.8189849999999,0
			41.2627790000001,-72.8191679999999,0
			41.2627790000001,-72.819443,0
			41.2625010000002,-72.819443,0
			41.2622220000002,-72.819725,0
			41.2619440000001,-72.819725,0
			41.2616650000001,-72.819443,0
			41.2616650000001,-72.820274,0
			41.2619440000001,-72.820557,0
			41.2619440000001,-72.821114,0
			41.2622220000002,-72.821388,0
			41.2619440000001,-72.8216629999999,0
			41.2619440000001,-72.821945,0
			41.2616650000001,-72.82222,0
			41.2616650000001,-72.8225019999999,0
			41.2613910000002,-72.8241649999999,0
			41.2616650000001,-72.8241649999999,0
			41.2616650000001,-72.824448,0
			41.2622220000002,-72.8249969999999,0
			41.2625010000002,-72.824722,0
			41.2627790000001,-72.824722,0
			41.263332,-72.8241649999999,0
			41.2636800000002,-72.824516,0
			41.2638890000001,-72.824722,0
			41.263783,-72.8248289999999,0
			41.263611,-72.8249969999999,0
			41.263611,-72.825554,0
			41.263332,-72.8258359999999,0
			41.263332,-72.826111,0
			41.263611,-72.826385,0
			41.263611,-72.8266679999999,0
			41.2638890000001,-72.8266679999999,0
			41.2643430000002,-72.8271259999999,0
			41.2644460000002,-72.8272249999999,0
			41.2644460000002,-72.8274989999999,0
			41.2647210000002,-72.827774,0
			41.2647210000002,-72.828056,0
			41.2641680000001,-72.828613,0
			41.263332,-72.828613,0
			41.2630540000001,-72.828888,0
			41.2619440000001,-72.828888,0
			41.2613910000002,-72.829445,0
			41.261112,-72.82972,0
			41.261112,-72.8300019999999,0
			41.2608340000001,-72.830276,0
			41.2605550000001,-72.8305589999999,0
			41.259998,-72.831108,0
			41.2597240000001,-72.8308329999999,0
			41.2594450000001,-72.82972,0
			41.2588270000001,-72.8295669999998,0
			41.2582930000002,-72.82988,0
			41.257778,-72.8305589999999,0
			41.256668,-72.8305589999999,0
			41.2563900000001,-72.8308329999999,0
			41.2561110000001,-72.831306,0
			41.2558170000001,-72.8317489999999,0
			41.2555540000002,-72.8319469999998,0
			41.2552800000001,-72.8319469999998,0
			41.2550010000001,-72.8322979999999,0
			41.2547230000002,-72.8327789999998,0
			41.254444,-72.833054,0
			41.253613,-72.833054,0
			41.253334,-72.8327789999998,0
			41.2524990000001,-72.8327789999998,0
			41.2522240000002,-72.833054,0
			41.251945,-72.833054,0
			41.2516670000001,-72.8333359999999,0
			41.2513390000001,-72.8333359999999,0
			41.25111,-72.8333359999999,0
			41.2508320000001,-72.833611,0
			41.2505570000001,-72.833611,0
			41.2502780000001,-72.8341669999999,0
			41.2500000000001,-72.834442,0
			41.2497220000001,-72.834442,0
			41.2491680000001,-72.8355559999999,0
			41.2488900000002,-72.8355559999999,0
			41.248611,-72.8358309999999,0
			41.2487110000001,-72.8361889999998,0
			41.248611,-72.8363879999999,0
			41.248611,-72.8366699999999,0
			41.2491680000001,-72.837219,0
			41.2500000000001,-72.837219,0
			41.2507740000001,-72.8368609999999,0
			41.2508320000001,-72.837776,0
			41.25111,-72.8380579999999,0
			41.2516670000001,-72.8391649999999,0
			41.2516670000001,-72.8394469999999,0
			41.2522240000002,-72.8402789999999,0
			41.2541660000001,-72.8402789999999,0
			41.254444,-72.8399959999999,0
			41.2547230000002,-72.8399959999999,0
			41.2551960000001,-72.839523,0
			41.2555540000002,-72.8391649999999,0
			41.2555540000002,-72.8388899999999,0
			41.255833,-72.838608,0
			41.2561110000001,-72.8388899999999,0
			41.2561110000001,-72.8391649999999,0
			41.2563900000001,-72.8394469999999,0
			41.2563900000001,-72.8397219999999,0
			41.2569050000001,-72.8403089999999,0
			41.256943,-72.8405529999999,0
			41.256668,-72.8408359999999,0
			41.2563900000001,-72.8408359999999,0
			41.256943,-72.841393,0
			41.2572210000001,-72.841393,0
			41.257778,-72.8419419999998,0
			41.2586100000001,-72.8411099999998,0
			41.259167,-72.8416669999999,0
			41.259167,-72.8419419999998,0
			41.2586100000001,-72.8430559999999,0
			41.2583350000001,-72.8447189999999,0
			41.2578510000002,-72.8447189999999,0
			41.2563900000001,-72.8447189999999,0
			41.2563900000001,-72.8452759999999,0
			41.256668,-72.8452759999999,0
			41.256943,-72.8466639999999,0
			41.2572630000002,-72.8475109999999,0
			41.257252,-72.847717,0
			41.2572210000001,-72.848335,0
			41.256943,-72.848335,0
			41.256943,-72.848892,0
			41.2572210000001,-72.848892,0
			41.2572210000001,-72.849167,0
			41.256943,-72.849724,0
			41.256668,-72.8499979999999,0
			41.2563900000001,-72.8499979999999,0
			41.2561110000001,-72.8502809999999,0
			41.2555540000002,-72.849724,0
			41.2552800000001,-72.8499979999999,0
			41.2551190000001,-72.849838,0
			41.2550010000001,-72.849724,0
			41.253613,-72.849724,0
			41.253334,-72.8499979999999,0
			41.2530560000001,-72.8499979999999,0
			41.2524990000001,-72.850555,0
			41.2524990000001,-72.8511119999999,0
			41.2530560000001,-72.851669,0
			41.2530560000001,-72.851929,0
			41.2530560000001,-72.8527759999999,0
			41.2527770000001,-72.853058,0
			41.2524990000001,-72.853058,0
			41.2524990000001,-72.854721,0
			41.2530560000001,-72.854721,0
			41.253334,-72.854721,0
			41.253613,-72.855003,0
			41.253613,-72.8552779999999,0
			41.2541660000001,-72.855835,0
			41.2541660000001,-72.8561099999999,0
			41.2538870000001,-72.856392,0
			41.253334,-72.8569409999999,0
			41.2530560000001,-72.8569409999999,0
			41.2522240000002,-72.857498,0
			41.25111,-72.858055,0
			41.2500000000001,-72.858887,0
			41.2491680000001,-72.859726,0
			41.248611,-72.859726,0
			41.2483330000001,-72.860001,0
			41.2472230000001,-72.860001,0
			41.2469440000002,-72.8602749999999,0
			41.2468220000002,-72.8602749999999,0
			41.2466660000001,-72.8602749999999,0
			41.2458340000001,-72.8611149999999,0
			41.2458340000001,-72.861389,0
			41.245556,-72.861664,0
			41.245556,-72.862503,0
			41.245277,-72.8672259999999,0
			41.245556,-72.8675,0
			41.245277,-72.86972,0
			41.2447200000001,-72.870834,0
			41.244446,-72.8711089999999,0
			41.244446,-72.8727799999999,0
			41.2445680000002,-72.8729019999999,0
			41.2447200000001,-72.8730549999999,0
			41.2447200000001,-72.8752749999999,0
			41.244446,-72.8755569999999,0
			41.2441670000001,-72.876663,0
			41.2438890000001,-72.8788909999999,0
			41.2438890000001,-72.8791659999999,0
			41.243752,-72.8791659999999,0
			41.2433320000001,-72.8791659999999,0
			41.241943,-72.8805539999999,0
			41.241943,-72.8811109999999,0
			41.242222,-72.8813859999998,0
			41.242222,-72.8816679999998,0
			41.2425000000001,-72.8819429999999,0
			41.2425000000001,-72.8822249999999,0
			41.2427790000002,-72.8824999999999,0
			41.2427790000002,-72.8827739999999,0
			41.2436100000002,-72.883614,0
			41.2436100000002,-72.8838879999999,0
			41.2438890000001,-72.884163,0
			41.2438890000001,-72.885834,0
			41.2441670000001,-72.8861079999999,0
			41.2441670000001,-72.8863909999999,0
			41.2443240000001,-72.886543,0
			41.244446,-72.8866649999999,0
			41.2447200000001,-72.8872219999999,0
			41.2447200000001,-72.8894419999999,0
			41.2441670000001,-72.8908309999998,0
			41.2436030000001,-72.8913959999999,0
			41.2427790000002,-72.8922199999999,0
			41.2427790000002,-72.892502,0
			41.2425000000001,-72.892776,0
			41.2425000000001,-72.8930589999999,0
			41.241943,-72.893608,0
			41.242222,-72.894447,0
			41.2441670000001,-72.896111,0
			41.2449990000001,-72.896942,0
			41.245556,-72.897781,0
			41.2458340000001,-72.898613,0
			41.2458340000001,-72.899445,0
			41.2461130000001,-72.8997189999999,0
			41.2461130000001,-72.900002,0
			41.246387,-72.900276,0
			41.246387,-72.9005579999999,0
			41.2472230000001,-72.9013899999999,0
			41.2475010000001,-72.9013899999999,0
			41.2483330000001,-72.9022219999999,0
			41.2483330000001,-72.902496,0
			41.248055,-72.902779,0
			41.248055,-72.9033359999999,0
			41.2483330000001,-72.90361,0
			41.2483330000001,-72.9038929999999,0
			41.2488900000002,-72.904442,0
			41.2494430000002,-72.904167,0
			41.2497220000001,-72.904167,0
			41.25111,-72.90361,0
			41.2513890000002,-72.9033359999999,0
			41.251945,-72.9033359999999,0
			41.251945,-72.9030529999999,0
			41.2522240000002,-72.902779,0
			41.2524990000001,-72.902779,0
			41.253613,-72.9022219999999,0
			41.2538870000001,-72.901947,0
			41.2538870000001,-72.901665,0
			41.2547230000002,-72.900833,0
			41.2547230000002,-72.9005579999999,0
			41.2550010000001,-72.900276,0
			41.2550010000001,-72.8997189999999,0
			41.2552800000001,-72.899445,0
			41.2552800000001,-72.8988879999999,0
			41.2555540000002,-72.898613,0
			41.2555540000002,-72.8981399999999,0
			41.2555540000002,-72.897781,0
			41.2559090000001,-72.897545,0
			41.255833,-72.8972239999999,0
			41.2555540000002,-72.896942,0
			41.2555540000002,-72.896667,0
			41.255833,-72.8963849999999,0
			41.2561110000001,-72.896111,0
			41.2561110000001,-72.895836,0
			41.2563900000001,-72.8955539999999,0
			41.2563900000001,-72.8947219999999,0
			41.2575000000001,-72.893608,0
			41.2583350000001,-72.8930589999999,0
			41.2586100000001,-72.893333,0
			41.2588880000002,-72.893333,0
			41.259167,-72.893608,0
			41.2594450000001,-72.893608,0
			41.2597240000001,-72.8938899999999,0
			41.260277,-72.8938899999999,0
			41.2608340000001,-72.894447,0
			41.261112,-72.894447,0
			41.2613910000002,-72.8947219999999,0
			41.2619440000001,-72.894997,0
			41.2621990000001,-72.895317,0
			41.2625010000002,-72.895279,0
			41.2630960000002,-72.89579,0
			41.2631530000001,-72.895836,0
			41.263611,-72.895836,0
			41.2638890000001,-72.896111,0
			41.2644460000002,-72.8963849999999,0
			41.26482,-72.8966749999999,0
			41.2649610000001,-72.89679,0
			41.2653580000001,-72.8970639999999,0
			41.2656520000001,-72.8974299999999,0
			41.2657050000001,-72.897491,0
			41.2660560000002,-72.8980179999999,0
			41.2664340000002,-72.898491,0
			41.266529,-72.8988109999999,0
			41.2672230000001,-72.8996809999999,0
			41.267521,-72.900276,0
			41.2677990000001,-72.9008709999998,0
			41.2679630000002,-72.901031,0
			41.2691650000002,-72.9022219999999,0
			41.2694440000002,-72.902496,0
			41.2694440000002,-72.9033359999999,0
			41.2697220000001,-72.9038929999999,0
			41.2705570000001,-72.9047239999999,0
			41.2713890000002,-72.904999,0
			41.2716670000001,-72.905281,0
			41.2724990000002,-72.904442,0
			41.2727780000001,-72.904442,0
			41.273335,-72.9038929999999,0
			41.2738270000001,-72.9026489999999,0
			41.2738880000002,-72.902496,0
			41.2741660000001,-72.902496,0
			41.2743640000001,-72.9025959999999,0
			41.2752760000001,-72.9030529999999,0
			41.2758330000001,-72.9030529999999,0
			41.2761120000001,-72.9033359999999,0
			41.2775,-72.9033359999999,0
			41.2783320000001,-72.90361,0
			41.2786100000001,-72.9033359999999,0
			41.2791670000001,-72.9038929999999,0
			41.279999,-72.9038929999999,0
			41.2802770000001,-72.904167,0
			41.280834,-72.904167,0
			41.2811130000001,-72.9047239999999,0
			41.2813870000002,-72.9047239999999,0
			41.2816660000001,-72.904999,0
			41.2819440000001,-72.904999,0
			41.282223,-72.905281,0
			41.2825010000001,-72.905281,0
			41.2827760000001,-72.9055559999999,0
			41.2836110000001,-72.9055559999999,0
			41.2838900000001,-72.90583,0
			41.2844430000001,-72.9055559999999,0
			41.2847210000002,-72.9055559999999,0
			41.285557,-72.904999,0
			41.2861100000001,-72.904999,0
			41.2866670000002,-72.905281,0
			41.287498,-72.905281,0
			41.2883340000001,-72.9055559999999,0
			41.2891650000001,-72.9063869999999,0
			41.2891650000001,-72.906944,0
			41.289722,-72.9072189999999,0
			41.2900010000002,-72.9072189999999,0
			41.2902790000001,-72.9075009999999,0
			41.2905540000001,-72.9075009999999,0
			41.290993,-72.9074249999999,0
			41.2913360000002,-72.9071809999999,0
			41.292023,-72.9065479999999,0
			41.292221,-72.9065479999999,0
			41.2919430000001,-72.906113,0
			41.292221,-72.90583,0
			41.292221,-72.9055559999999,0
			41.2925000000002,-72.905281,0
			41.293056,-72.905281,0
			41.29361,-72.90583,0
			41.2938880000001,-72.90583,0
			41.2952770000001,-72.904442,0
			41.2952770000001,-72.904167,0
			41.295555,-72.9038929999999,0
			41.2958340000002,-72.9038929999999,0
			41.2966650000002,-72.9030529999999,0
			41.2966650000002,-72.902779,0
			41.296944,-72.902496,0
			41.2972220000001,-72.902496,0
			41.298054,-72.902779,0
			41.2986110000001,-72.902779,0
			41.298889,-72.902496,0
			41.298889,-72.901947,0
			41.2991680000002,-72.901665,0
			41.2991680000002,-72.900002,0
			41.298889,-72.8997189999999,0
			41.298889,-72.898331,0
			41.2991680000002,-72.8980559999999,0
			41.2991680000002,-72.897781,0
			41.2997210000001,-72.896942,0
			41.3008350000001,-72.8955539999999,0
			41.301388,-72.894447,0
			41.3016660000001,-72.891113,0
			41.3019450000001,-72.8908309999998,0
			41.3019450000001,-72.8905559999999,0
			41.3025020000002,-72.889999,0
			41.3030550000001,-72.889999,0
			41.3034440000001,-72.88958,0
			41.3038020000001,-72.88942,0
			41.3041650000001,-72.889168,0
			41.3043630000001,-72.889168,0
			41.304722,-72.889168,0
			41.3050000000001,-72.8888849999999,0
			41.3057630000001,-72.888832,0
			41.3061100000001,-72.888611,0
			41.3069460000002,-72.888611,0
			41.3077770000002,-72.887779,0
			41.3080560000001,-72.887779,0
			41.3091660000002,-72.8866649999999,0
			41.309383,-72.8864289999999,0
			41.3094440000001,-72.8861079999999,0
			41.3100010000002,-72.8855589999999,0
			41.3100010000002,-72.8852769999999,0
			41.3105550000001,-72.8847199999999,0
			41.3105550000001,-72.884445,0
			41.3108330000001,-72.884163,0
			41.3108330000001,-72.8838879999999,0
			41.3119430000001,-72.8827739999999,0
			41.3122220000001,-72.8827739999999,0
			41.312778,-72.8822249999999,0
			41.3130570000001,-72.8822249999999,0
			41.3133320000001,-72.8819429999999,0
			41.3138890000001,-72.8824999999999,0
			41.3141670000001,-72.8824999999999,0
			41.3144450000001,-72.8827739999999,0
			41.3149990000002,-72.8827739999999,0
			41.315277,-72.8830569999999,0
			41.3155560000001,-72.8830569999999,0
			41.3158340000002,-72.8833309999999,0
			41.3180540000001,-72.8833309999999,0
			41.3183330000002,-72.883614,0
			41.318611,-72.883614,0
			41.3188900000001,-72.8838879999999,0
			41.3191680000001,-72.8838879999999,0
			41.3197210000001,-72.884445,0
			41.3197210000001,-72.8847199999999,0
			41.3202780000001,-72.8852769999999,0
			41.3202780000001,-72.8866649999999,0
			41.3205570000001,-72.886948,0
			41.3205570000001,-72.8872219999999,0
			41.3205180000001,-72.8876569999999,0
			41.3203960000001,-72.888336,0
			41.3200610000001,-72.888611,0
			41.3191680000001,-72.887779,0
			41.3188900000001,-72.887779,0
			41.318611,-72.8874969999999,0
			41.3180540000001,-72.8874969999999,0
			41.31778,-72.8872219999999,0
			41.3169440000001,-72.8872219999999,0
			41.3166660000001,-72.886948,0
			41.3158340000002,-72.886948,0
			41.3155560000001,-72.8866649999999,0
			41.3138890000001,-72.8866649999999,0
			41.3136100000002,-72.886864,0
			41.3132740000001,-72.886826,0
			41.3130570000001,-72.886948,0
			41.312778,-72.886948,0
			41.3119430000001,-72.887779,0
			41.3116680000001,-72.887779,0
			41.3113900000001,-72.8880539999999,0
			41.3111110000002,-72.8880539999999,0
			41.3108330000001,-72.888336,0
			41.3105550000001,-72.888336,0
			41.3102760000002,-72.888611,0
			41.3100010000002,-72.888611,0
			41.3097230000001,-72.888573,0
			41.3091850000001,-72.888924,0
			41.3091050000001,-72.889,0
			41.308971,-72.889,0
			41.3085710000001,-72.8893199999999,0
			41.3083340000001,-72.8894809999999,0
			41.3074990000001,-72.889999,0
			41.3072200000001,-72.890236,0
			41.3070640000001,-72.8905109999999,0
			41.3067670000001,-72.890709,0
			41.3066670000002,-72.890907,0
			41.3061870000001,-72.891029,0
			41.3058320000002,-72.8911509999999,0
			41.3046460000001,-72.8915019999998,0
			41.3037870000001,-72.8915629999999,0
			41.3036230000002,-72.891609,0
			41.3027760000001,-72.891945,0
			41.302223,-72.895836,0
			41.3019450000001,-72.896111,0
			41.301388,-72.897499,0
			41.301109,-72.897781,0
			41.301109,-72.8991699999999,0
			41.3008350000001,-72.900276,0
			41.3008540000001,-72.9012299999999,0
			41.3009720000001,-72.9014129999999,0
			41.3016660000001,-72.902496,0
			41.3019450000001,-72.902496,0
			41.3019450000001,-72.9022219999999,0
			41.302223,-72.901947,0
			41.3027760000001,-72.901947,0
			41.3030550000001,-72.9022219999999,0
			41.3030550000001,-72.90361,0
			41.3036120000002,-72.904167,0
			41.3036120000002,-72.9047239999999,0
			41.302223,-72.906113,0
			41.301109,-72.906113,0
			41.3005560000001,-72.9055559999999,0
			41.2997210000001,-72.9047239999999,0
			41.299484,-72.9047239999999,0
			41.2975010000001,-72.906105,0
			41.2972220000001,-72.9066699999999,0
			41.296944,-72.906944,0
			41.296944,-72.9075009999999,0
			41.2966650000002,-72.907776,0
			41.2966650000002,-72.9080579999999,0
			41.2963910000001,-72.9083329999999,0
			41.2963910000001,-72.908607,0
			41.2966650000002,-72.9088899999999,0
			41.2963910000001,-72.909164,0
			41.2966650000002,-72.9094469999999,0
			41.2966650000002,-72.9097209999999,0
			41.296944,-72.9100039999999,0
			41.296944,-72.9103849999999,0
			41.296944,-72.9105529999999,0
			41.2966650000002,-72.9108349999999,0
			41.2966650000002,-72.911942,0
			41.2963910000001,-72.9136119999999,0
			41.2963520000001,-72.913971,0
			41.2963520000001,-72.9141689999999,0
			41.2966650000002,-72.9147189999999,0
			41.2967030000002,-72.9149629999999,0
			41.2967030000002,-72.9150769999999,0
			41.2967000000001,-72.9155959999999,0
			41.2961120000001,-72.9161149999999,0
			41.2958340000002,-72.9161149999999,0
			41.295555,-72.9163889999999,0
			41.2952770000001,-72.9163889999999,0
			41.2949980000001,-72.9166639999999,0
			41.294724,-72.9166639999999,0
			41.294445,-72.9169459999998,0
			41.294205,-72.916985,0
			41.294048,-72.9173429999999,0
			41.293507,-72.91774,0
			41.293213,-72.9180979999999,0
			41.293114,-72.9183729999999,0
			41.2927780000001,-72.91861,0
			41.2925000000002,-72.9183349999999,0
			41.292221,-72.91861,0
			41.292221,-72.918892,0
			41.2919430000001,-72.9191669999999,0
			41.2916680000001,-72.9191669999999,0
			41.2913890000001,-72.919724,0
			41.2894480000001,-72.9214709999999,0
			41.2887920000002,-72.9216309999999,0
			41.2888570000001,-72.9223399999999,0
			41.2874410000001,-72.922775,0
			41.2869450000001,-72.922775,0
			41.2850800000002,-72.924408,0
			41.2847210000002,-72.924721,0
			41.2838900000001,-72.924721,0
			41.2836110000001,-72.9250029999999,0
			41.283333,-72.9252779999999,0
			41.283054,-72.9255519999999,0
			41.2826420000001,-72.9269409999999,0
			41.282223,-72.927223,0
			41.2819440000001,-72.927223,0
			41.2813870000002,-72.92778,0
			41.2811130000001,-72.92778,0
			41.2805560000002,-72.9283369999999,0
			41.2803000000001,-72.928886,0
			41.2802770000001,-72.930557,0
			41.2802770000001,-72.931114,0
			41.2805560000002,-72.931946,0
			41.2805560000002,-72.93222,0
			41.2809750000002,-72.9326399999999,0
			41.2811130000001,-72.932777,0
			41.2816660000001,-72.933891,0
			41.2816660000001,-72.9358369999999,0
			41.282227,-72.9366609999999,0
			41.2816660000001,-72.937225,0
			41.2813870000002,-72.9374999999999,0
			41.2805560000002,-72.938057,0
			41.2799610000001,-72.938217,0
			41.279385,-72.938171,0
			41.2791060000001,-72.938171,0
			41.2787700000002,-72.937897,0
			41.2781140000001,-72.937263,0
			41.2777290000002,-72.936844,0
			41.2772220000002,-72.936348,0
			41.2769430000001,-72.936111,0
			41.276669,-72.9366679999999,0
			41.27639,-72.936386,0
			41.2761120000001,-72.936386,0
			41.2758330000001,-72.936111,0
			41.2750020000001,-72.936111,0
			41.2747500000001,-72.9358669999999,0
			41.2746350000002,-72.9358599999999,0
			41.2744450000001,-72.9358369999999,0
			41.2741660000001,-72.936111,0
			41.2738880000002,-72.9358369999999,0
			41.2724990000002,-72.9358369999999,0
			41.2722210000001,-72.935555,0
			41.2719460000001,-72.934723,0
			41.2716670000001,-72.9344479999999,0
			41.2713890000002,-72.933891,0
			41.2711110000001,-72.933891,0
			41.2708320000001,-72.9336089999999,0
			41.2693060000001,-72.9310379999999,0
			41.2687300000001,-72.9310759999999,0
			41.2680550000002,-72.930595,0
			41.2672230000001,-72.9299999999999,0
			41.2666660000002,-72.930557,0
			41.2666660000002,-72.931114,0
			41.2663880000001,-72.931389,0
			41.2663880000001,-72.93222,0
			41.2661090000001,-72.9325029999999,0
			41.2655560000002,-72.9325029999999,0
			41.2652780000001,-72.93222,0
			41.2649990000001,-72.93222,0
			41.2647210000002,-72.931946,0
			41.2644460000002,-72.931946,0
			41.2641680000001,-72.9316639999999,0
			41.2638890000001,-72.931946,0
			41.263611,-72.931946,0
			41.2627790000001,-72.932777,0
			41.2627790000001,-72.933052,0
			41.2622220000002,-72.9336089999999,0
			41.2622220000002,-72.933891,0
			41.2613910000002,-72.934723,0
			41.261112,-72.934723,0
			41.2608340000001,-72.9349979999999,0
			41.2605550000001,-72.9349979999999,0
			41.259998,-72.935555,0
			41.2594450000001,-72.937225,0
			41.259167,-72.9374999999999,0
			41.2588880000002,-72.939445,0
			41.2588880000002,-72.941109,0
			41.2586100000001,-72.941391,0
			41.2580950000001,-72.942146,0
			41.2578010000001,-72.9427799999999,0
			41.2576180000001,-72.943687,0
			41.2575800000001,-72.9441219999999,0
			41.2572210000001,-72.945274,0
			41.2571830000002,-72.945557,0
			41.2571030000001,-72.9463649999999,0
			41.255833,-72.9502789999999,0
			41.255833,-72.950836,0
			41.2561110000001,-72.9511109999999,0
			41.2555540000002,-72.9516679999999,0
			41.2555540000002,-72.9519419999999,0
			41.2552800000001,-72.9522249999998,0
			41.2552800000001,-72.953056,0
			41.2550010000001,-72.953056,0
			41.2547230000002,-72.953888,0
			41.254444,-72.95417,0
			41.2547230000002,-72.9544449999999,0
			41.254444,-72.95472,0
			41.2544630000002,-72.9552379999999,0
			41.2542800000001,-72.955597,0
			41.2538870000001,-72.9563899999998,0
			41.253334,-72.9563899999998,0
			41.2527770000001,-72.9569469999999,0
			41.2527770000001,-72.9572219999998,0
			41.2524990000001,-72.9574969999999,0
			41.2522240000002,-72.9577789999999,0
			41.251945,-72.958054,0
			41.251945,-72.9611129999999,0
			41.2516670000001,-72.9613879999998,0
			41.2513890000002,-72.96167,0
			41.2513890000002,-72.9619449999999,0
			41.25111,-72.962219,0
			41.2508320000001,-72.962219,0
			41.2502780000001,-72.9627759999999,0
			41.2497220000001,-72.9627759999999,0
			41.2494430000002,-72.9630579999999,0
			41.2490270000002,-72.9630579999999,0
			41.248611,-72.9630579999999,0
			41.248055,-72.9636079999999,0
			41.247776,-72.9636079999999,0
			41.2471850000002,-72.9643629999999,0
			41.247063,-72.964844,0
			41.2470400000001,-72.9653169999999,0
			41.2470250000001,-72.965591,0
			41.2464260000001,-72.9659879999999,0
			41.246185,-72.9659349999999,0
			41.2459830000002,-72.9658969999999,0
			41.2456820000002,-72.966301,0
			41.245556,-72.9669419999999,0
			41.2456170000001,-72.9672619999998,0
			41.2455180000001,-72.967545,0
			41.245277,-72.9678189999999,0
			41.244781,-72.968292,0
			41.244446,-72.9687729999999,0
			41.2440450000001,-72.9689709999998,0
			41.2436490000002,-72.969757,0
			41.243057,-72.9697189999999,0
			41.2427790000002,-72.9697189999999,0
			41.2425000000001,-72.970001,0
			41.2405850000001,-72.970001,0
			41.240253,-72.970245,0
			41.2400020000001,-72.9702759999999,0
			41.2397580000001,-72.9706039999999,0
			41.2394450000002,-72.970558,0
			41.2391660000001,-72.970833,0
			41.2388880000001,-72.970833,0
			41.2386090000001,-72.9711069999999,0
			41.2369460000002,-72.971664,0
			41.2366680000001,-72.971664,0
			41.235279,-72.9730529999999,0
			41.235279,-72.973335,0
			41.2350010000001,-72.97361,0
			41.2347220000001,-72.9738919999999,0
			41.2341650000001,-72.9744419999999,0
			41.2336120000002,-72.974998,0
			41.2336120000002,-72.9752809999999,0
			41.2333340000001,-72.975555,0
			41.2333340000001,-72.9761119999999,0
			41.2334140000001,-72.9763109999999,0
			41.2334140000001,-72.976707,0
			41.2332570000001,-72.9769819999999,0
			41.2333180000002,-72.9775769999999,0
			41.2331350000001,-72.977776,0
			41.2330550000001,-72.9780579999999,0
			41.2330550000001,-72.978333,0
			41.2333340000001,-72.9786149999999,0
			41.2333340000001,-72.9788889999999,0
			41.2338910000001,-72.9794459999999,0
			41.2338910000001,-72.979721,0
			41.2341650000001,-72.980003,0
			41.234203,-72.98143,0
			41.2344440000001,-72.981667,0
			41.2344440000001,-72.9822239999999,0
			41.2347220000001,-72.982498,0
			41.2347220000001,-72.9830549999999,0
			41.235279,-72.9836119999999,0
			41.235279,-72.9838869999999,0
			41.2355540000001,-72.9844439999999,0
			41.2355540000001,-72.9847259999999,0
			41.235279,-72.985001,0
			41.2358320000002,-72.985832,0
			41.2358320000002,-72.986115,0
			41.2355540000001,-72.9863889999999,0
			41.2350010000001,-72.9863889999999,0
			41.2347220000001,-72.986664,0
			41.2344700000001,-72.986664,0
			41.2338910000001,-72.986664,0
			41.2336120000002,-72.9869459999999,0
			41.2333340000001,-72.9869459999999,0
			41.2330550000001,-72.9872209999999,0
			41.2322240000001,-72.9872209999999,0
			41.231945,-72.9875029999998,0
			41.2313880000002,-72.9875029999998,0
			41.2311100000001,-72.9877779999999,0
			41.2305560000001,-72.9877779999999,0
			41.2300000000001,-72.9883349999998,0
			41.2297210000001,-72.9883349999998,0
			41.2294430000002,-72.9886089999999,0
			41.2291680000002,-72.9886089999999,0
			41.2288890000002,-72.9888919999999,0
			41.2283330000002,-72.9894409999999,0
			41.2275010000001,-72.99028,0
			41.2269440000002,-72.99028,0
			41.226665,-72.9905549999999,0
			41.2263870000001,-72.9905549999999,0
			41.2261120000001,-72.9908369999999,0
			41.2258340000002,-72.9908369999999,0
			41.225555,-72.9908369999999,0
			41.2252770000001,-72.9913859999999,0
			41.2243690000001,-72.9910659999999,0
			41.2230570000001,-72.9913859999999,0
			41.222816,-72.9921039999999,0
			41.2230570000001,-72.9924999999998,0
			41.223213,-72.9926609999999,0
			41.2233540000001,-72.9929349999999,0
			41.223595,-72.9930569999999,0
			41.2236100000002,-72.993614,0
			41.2230570000001,-72.994164,0
			41.2230570000001,-72.9947199999999,0
			41.2233730000001,-72.9950179999999,0
			41.223331,-72.9951399999999,0
			41.223331,-72.9958339999999,0
			41.223011,-72.9960939999999,0
			41.2227780000001,-72.9963909999999,0
			41.222816,-72.9966809999999,0
			41.2225,-72.996948,0
			41.2225,-72.9976269999999,0
			41.2225,-72.9980549999999,0
			41.2227780000001,-72.9983369999999,0
			41.222221,-72.9988859999999,0
			41.222221,-72.9991679999999,0
			41.2222670000001,-72.9999999999999,0
			41.2227780000001,-73.0005569999999,0
			41.2230570000001,-73.0008319999999,0
			41.2230570000001,-73.0013889999999,0
			41.2227780000001,-73.0016629999998,0
			41.2227780000001,-73.0022199999999,0
			41.2225,-73.0025019999999,0
			41.2225,-73.002777,0
			41.2216680000001,-73.003609,0
			41.22139,-73.003609,0
			41.2211110000002,-73.003891,0
			41.2208330000001,-73.003891,0
			41.2205540000001,-73.0041659999999,0
			41.2202760000002,-73.0041659999999,0
			41.220001,-73.004448,0
			41.2197570000001,-73.004372,0
			41.219688,-73.00457,0
			41.2195130000001,-73.004723,0
			41.2192920000002,-73.004868,0
			41.2190250000001,-73.0050049999999,0
			41.2187310000001,-73.00515,0
			41.2184140000002,-73.0052719999999,0
			41.2180750000002,-73.005394,0
			41.2177200000001,-73.005524,0
			41.2173000000002,-73.005569,0
			41.2168730000002,-73.0056529999999,0
			41.2164540000002,-73.005791,0
			41.2159920000001,-73.0058819999999,0
			41.215534,-73.0061039999999,0
			41.2150540000001,-73.0063099999999,0
			41.2145310000002,-73.0064699999999,0
			41.2140270000001,-73.00666,0
			41.213558,-73.006943,0
			41.2130550000001,-73.007164,0
			41.2124710000001,-73.007225,0
			41.2118840000001,-73.007271,0
			41.2113420000001,-73.0074079999998,0
			41.210808,-73.007576,0
			41.2103270000002,-73.0079269999999,0
			41.2099150000002,-73.0083999999999,0
			41.209595,-73.00898,0
			41.2092170000002,-73.009537,0
			41.2088430000001,-73.0100859999999,0
			41.2084050000001,-73.010574,0
			41.2079430000001,-73.011024,0
			41.2074170000001,-73.011391,0
			41.20689,-73.0117339999999,0
			41.2064210000001,-73.0121379999999,0
			41.2060050000002,-73.012604,0
			41.20557,-73.0130389999999,0
			41.2051660000002,-73.0135119999999,0
			41.2048000000001,-73.014015,0
			41.2045440000001,-73.01461,0
			41.2043000000001,-73.0152129999999,0
			41.204189,-73.0159229999999,0
			41.2041630000002,-73.0166629999999,0
			41.2041320000001,-73.017403,0
			41.2040290000001,-73.0181269999999,0
			41.2039720000002,-73.018829,0
			41.204056,-73.0194629999999,0
			41.204121,-73.019676,0
			41.2042270000001,-73.020027,0
			41.204601,-73.020393,0
			41.2051390000001,-73.0205839999999,0
			41.2056620000002,-73.020844,0
			41.2061270000002,-73.021179,0
			41.2064360000001,-73.0216669999999,0
			41.2066990000002,-73.0222089999999,0
			41.2069470000001,-73.022758,0
			41.207161,-73.023315,0
			41.2072330000001,-73.0239489999998,0
			41.2073100000001,-73.0245819999999,0
			41.207451,-73.025185,0
			41.2074810000001,-73.025818,0
			41.2074320000001,-73.0264589999999,0
			41.2073590000001,-73.027107,0
			41.2072560000001,-73.0277179999999,0
			41.2072180000002,-73.028305,0
			41.207161,-73.0288699999999,0
			41.207008,-73.029366,0
			41.206959,-73.029892,0
			41.2069970000002,-73.030426,0
			41.2071380000001,-73.030968,0
			41.2072110000001,-73.0315319999999,0
			41.2072260000001,-73.032104,0
			41.2072070000002,-73.0326689999999,0
			41.2070850000002,-73.033195,0
			41.2067600000001,-73.03363,0
			41.2064020000001,-73.034058,0
			41.206055,-73.034508,0
			41.2057190000001,-73.0349879999999,0
			41.2053910000001,-73.035431,0
			41.2050020000001,-73.0359039999999,0
			41.204617,-73.0363389999999,0
			41.2041780000002,-73.036728,0
			41.2037160000001,-73.037094,0
			41.2032090000001,-73.0374149999999,0
			41.2026790000001,-73.037651,0
			41.20224,-73.0380329999999,0
			41.201965,-73.0384599999999,0
			41.2021640000002,-73.038849,0
			41.202564,-73.0391769999999,0
			41.2029880000001,-73.0395279999999,0
			41.2033810000001,-73.039925,0
			41.2037890000001,-73.040306,0
			41.2041780000002,-73.0407099999999,0
			41.2045710000002,-73.0411,0
			41.2049640000002,-73.041481,0
			41.2053300000001,-73.0418699999999,0
			41.2057080000001,-73.042229,0
			41.20607,-73.0425799999999,0
			41.2064090000002,-73.0429529999999,0
			41.2067600000001,-73.0432969999999,0
			41.2071300000002,-73.043602,0
			41.2074970000002,-73.043892,0
			41.2078320000002,-73.044182,0
			41.2081180000002,-73.044518,0
			41.208363,-73.0448679999999,0
			41.2086180000002,-73.0451889999999,0
			41.2088810000001,-73.0454789999999,0
			41.2091480000001,-73.045746,0
			41.2094460000001,-73.0461119999999,0
			41.2097210000001,-73.046387,0
			41.209999,-73.0461119999999,0
			41.210278,-73.0461119999999,0
			41.2105560000001,-73.0458299999999,0
			41.2108350000001,-73.0458299999999,0
			41.2113880000001,-73.0452799999999,0
			41.2112960000001,-73.0450519999999,0
			41.2115360000002,-73.044609,0
			41.2118760000001,-73.0443339999999,0
			41.2121770000001,-73.0440289999999,0
			41.21244,-73.0437009999999,0
			41.2127530000002,-73.0434419999999,0
			41.2130470000002,-73.04319,0
			41.213329,-73.042931,0
			41.2136000000001,-73.0426859999998,0
			41.213848,-73.042458,0
			41.2140660000001,-73.0422359999999,0
			41.2141690000001,-73.0419459999999,0
			41.215557,-73.040558,0
			41.215557,-73.0402759999999,0
			41.2163890000001,-73.0394439999999,0
			41.2163890000001,-73.039169,0
			41.2169460000002,-73.0386119999999,0
			41.2169460000002,-73.0383299999999,0
			41.2174990000001,-73.0377809999999,0
			41.2174990000001,-73.0374979999999,0
			41.2183340000001,-73.0366669999999,0
			41.2186130000001,-73.0366669999999,0
			41.218887,-73.036392,0
			41.219166,-73.036392,0
			41.220001,-73.0355529999999,0
			41.2202760000002,-73.0355529999999,0
			41.2208330000001,-73.035004,0
			41.2211110000002,-73.035004,0
			41.22139,-73.0347209999999,0
			41.2219430000001,-73.0347209999999,0
			41.222221,-73.035004,0
			41.223331,-73.035004,0
			41.2236100000002,-73.0352779999999,0
			41.2236100000002,-73.0355529999999,0
			41.2230570000001,-73.0355529999999,0
			41.2227780000001,-73.0358349999999,0
			41.2225,-73.0358349999999,0
			41.2216680000001,-73.0366669999999,0
			41.22139,-73.0366669999999,0
			41.2205540000001,-73.0374979999999,0
			41.2202760000002,-73.0374979999999,0
			41.2198680000002,-73.037941,0
			41.2194710000001,-73.0383759999999,0
			41.2191120000002,-73.0387499999999,0
			41.218735,-73.0388179999999,0
			41.218376,-73.038719,0
			41.2180210000001,-73.0388719999999,0
			41.217743,-73.0395359999999,0
			41.218056,-73.0397189999999,0
			41.218056,-73.041389,0
			41.2177770000002,-73.0416639999999,0
			41.2177770000002,-73.042503,0
			41.2169460000002,-73.043335,0
			41.216667,-73.043335,0
			41.2163890000001,-73.0436099999999,0
			41.215557,-73.0436099999999,0
			41.2152790000001,-73.043892,0
			41.2150000000001,-73.0436099999999,0
			41.214443,-73.044167,0
			41.214443,-73.044724,0
			41.2138900000001,-73.0452799999999,0
			41.2138900000001,-73.045555,0
			41.2136120000002,-73.0458299999999,0
			41.213333,-73.0458299999999,0
			41.2130550000001,-73.0461119999999,0
			41.2127760000001,-73.0461119999999,0
			41.212502,-73.046387,0
			41.2122310000001,-73.046761,0
			41.2120970000001,-73.047562,0
			41.212227,-73.048103,0
			41.2123680000001,-73.0485609999998,0
			41.2122610000001,-73.0489809999999,0
			41.2125050000001,-73.049721,0
			41.212543,-73.0501559999999,0
			41.2124210000001,-73.050598,0
			41.2125590000001,-73.0512309999999,0
			41.2127760000001,-73.051392,0
			41.213333,-73.0519409999999,0
			41.213333,-73.052223,0
			41.2136120000002,-73.052498,0
			41.2136120000002,-73.0527799999999,0
			41.214722,-73.053886,0
			41.2161100000001,-73.053886,0
			41.2163890000001,-73.054169,0
			41.216667,-73.054169,0
			41.2169460000002,-73.0544429999999,0
			41.2174990000001,-73.0544429999999,0
			41.2177770000002,-73.0547259999998,0
			41.218056,-73.0547259999998,0
			41.2183340000001,-73.055,0
			41.2186130000001,-73.055,0
			41.2186130000001,-73.0552749999999,0
			41.2183340000001,-73.055557,0
			41.2183340000001,-73.055832,0
			41.218056,-73.0561139999999,0
			41.2174990000001,-73.0561139999999,0
			41.2172240000001,-73.055832,0
			41.2161100000001,-73.055832,0
			41.215832,-73.0561139999999,0
			41.2141690000001,-73.0561139999999,0
			41.2138900000001,-73.055832,0
			41.2138900000001,-73.055,0
			41.2136120000002,-73.0547259999998,0
			41.2136340000001,-73.0545649999999,0
			41.2135730000002,-73.053886,0
			41.2132340000002,-73.053291,0
			41.2123600000002,-73.053375,0
			41.2123070000001,-73.0521849999998,0
			41.2117690000001,-73.0517039999999,0
			41.2118070000001,-73.0511089999999,0
			41.2118300000002,-73.0501249999999,0
			41.2112920000001,-73.049927,0
			41.2110710000001,-73.049965,0
			41.2108350000001,-73.050003,0
			41.2105560000001,-73.0501939999999,0
			41.210312,-73.0504459999999,0
			41.2101780000001,-73.050583,0
			41.2101400000001,-73.0513,0
			41.2099460000001,-73.0520709999999,0
			41.2098430000001,-73.0525969999998,0
			41.2094080000002,-73.0533519999998,0
			41.2090840000002,-73.0539469999999,0
			41.208874,-73.054634,0
			41.2086110000001,-73.0552749999999,0
			41.2083360000001,-73.0559009999999,0
			41.2080570000001,-73.0565109999999,0
			41.207779,-73.0571139999999,0
			41.2075,-73.057716,0
			41.2072110000001,-73.058296,0
			41.206875,-73.058838,0
			41.2065010000002,-73.0593259999999,0
			41.2061350000001,-73.0597839999999,0
			41.2058600000001,-73.0603409999999,0
			41.205536,-73.0607679999999,0
			41.205181,-73.0611879999999,0
			41.2047620000002,-73.061531,0
			41.2043650000002,-73.061874,0
			41.2039340000001,-73.0621489999999,0
			41.2034570000002,-73.0623169999999,0
			41.2030560000001,-73.0625919999998,0
			41.2026790000001,-73.0628659999999,0
			41.2023050000001,-73.0631029999999,0
			41.2019810000001,-73.0633539999999,0
			41.2016940000001,-73.0636059999999,0
			41.2015650000001,-73.063705,0
			41.201424,-73.0638199999999,0
			41.2011110000001,-73.063927,0
			41.2008740000002,-73.0641249999999,0
			41.2006840000001,-73.064339,0
			41.2005540000002,-73.064583,0
			41.2004550000001,-73.0648189999999,0
			41.2004010000001,-73.0650329999999,0
			41.2004850000001,-73.065285,0
			41.2002940000002,-73.0655139999999,0
			41.19949,-73.065704,0
			41.1990740000001,-73.065758,0
			41.1986540000001,-73.0658039999998,0
			41.198032,-73.066177,0
			41.1977420000002,-73.066704,0
			41.197491,-73.0672379999999,0
			41.1972240000001,-73.0677639999999,0
			41.1969530000001,-73.0682749999999,0
			41.196716,-73.0688019999998,0
			41.1965680000001,-73.0693509999999,0
			41.196407,-73.069878,0
			41.1963390000001,-73.070419,0
			41.196529,-73.0709459999999,0
			41.196907,-73.0714039999999,0
			41.1972470000001,-73.0718539999999,0
			41.1973270000001,-73.0722959999998,0
			41.1970630000001,-73.072708,0
			41.1966740000001,-73.0731119999999,0
			41.1964040000001,-73.0736079999999,0
			41.1965030000002,-73.0741959999999,0
			41.196381,-73.0748829999999,0
			41.196018,-73.0755229999999,0
			41.195595,-73.0761409999999,0
			41.1952250000001,-73.0768049999999,0
			41.194889,-73.077454,0
			41.1947710000001,-73.078201,0
			41.1945840000002,-73.078918,0
			41.194378,-73.0794679999998,0
			41.1940960000002,-73.079796,0
			41.1937980000002,-73.0801089999999,0
			41.193539,-73.0804899999999,0
			41.1932560000001,-73.0808719999999,0
			41.1930350000001,-73.0813059999999,0
			41.192772,-73.081711,0
			41.1924860000001,-73.0820999999999,0
			41.192169,-73.082458,0
			41.1918260000001,-73.082779,0
			41.191486,-73.083115,0
			41.1912190000002,-73.0835189999999,0
			41.1909870000001,-73.0839769999999,0
			41.1906470000001,-73.084358,0
			41.1902890000001,-73.0847319999999,0
			41.189949,-73.0851359999999,0
			41.1896780000002,-73.085365,0
			41.1895480000001,-73.0854719999999,0
			41.1892050000001,-73.0858459999999,0
			41.1888810000002,-73.086243,0
			41.188541,-73.086624,0
			41.1881790000002,-73.08699,0
			41.187862,-73.08741,0
			41.1875690000001,-73.0878749999998,0
			41.1872480000002,-73.0883249999999,0
			41.186939,-73.088791,0
			41.1865880000001,-73.0892259999999,0
			41.1861690000001,-73.089577,0
			41.185799,-73.089989,0
			41.1854250000002,-73.090408,0
			41.185009,-73.0907969999999,0
			41.184509,-73.09111,0
			41.1839750000001,-73.0913929999999,0
			41.1835100000002,-73.091782,0
			41.1831090000001,-73.092239,0
			41.1827510000001,-73.0927199999999,0
			41.1823840000001,-73.093163,0
			41.181999,-73.0935589999999,0
			41.181606,-73.093948,0
			41.1811940000001,-73.0943449999999,0
			41.1807210000002,-73.0946959999999,0
			41.1803590000001,-73.0949329999999,0
			41.1802250000002,-73.0950159999999,0
			41.1800160000001,-73.0951839999999,0
			41.1797680000002,-73.0953829999999,0
			41.1793440000001,-73.0957569999999,0
			41.1789020000001,-73.0960539999999,0
			41.1784100000001,-73.0962519999999,0
			41.178047,-73.096619,0
			41.1777650000002,-73.0970459999999,0
			41.17749,-73.0974269999999,0
			41.177261,-73.097816,0
			41.1772230000001,-73.0980529999999,0
			41.1772230000001,-73.0983349999998,0
			41.1763880000001,-73.0991669999999,0
			41.1763880000001,-73.099442,0
			41.1761090000001,-73.0997239999999,0
			41.1761090000001,-73.1005549999999,0
			41.174446,-73.1022189999999,0
			41.1738890000001,-73.1022189999999,0
			41.173611,-73.1025009999999,0
			41.173611,-73.102776,0
			41.173332,-73.1030579999999,0
			41.173332,-73.1033329999999,0
			41.1730540000001,-73.1036149999998,0
			41.1730540000001,-73.1038889999999,0
			41.1727790000001,-73.104164,0
			41.1727790000001,-73.1044459999999,0
			41.172222,-73.1050029999999,0
			41.172222,-73.1052779999999,0
			41.1719440000001,-73.1055529999999,0
			41.1719440000001,-73.1058349999999,0
			41.1716650000001,-73.10611,0
			41.1716650000001,-73.106941,0
			41.1719440000001,-73.1072239999999,0
			41.1719440000001,-73.1083299999999,0
			41.1716650000001,-73.1086119999999,0
			41.1716650000001,-73.1100009999999,0
			41.1712530000001,-73.110535,0
			41.1711620000001,-73.1106259999999,0
			41.1710170000002,-73.110779,0
			41.170792,-73.1108779999999,0
			41.1699980000001,-73.111946,0
			41.167252,-73.1092,0
			41.166668,-73.1086119999999,0
			41.166389,-73.1086119999999,0
			41.165554,-73.1077799999998,0
			41.1647220000002,-73.1077799999998,0
			41.1644440000001,-73.1080549999999,0
			41.1641650000001,-73.1080549999999,0
			41.1638870000002,-73.1083299999999,0
			41.1638870000002,-73.1086119999999,0
			41.1636120000001,-73.1088869999999,0
			41.163055,-73.1083299999999,0
			41.1627770000002,-73.1086119999999,0
			41.1624980000001,-73.1086119999999,0
			41.162224,-73.1088869999999,0
			41.1613880000002,-73.1088869999999,0
			41.1611100000001,-73.1091689999999,0
			41.1608310000001,-73.1091689999999,0
			41.1605570000002,-73.1094439999999,0
			41.159721,-73.1094439999999,0
			41.1594430000002,-73.109726,0
			41.1586110000001,-73.109726,0
			41.158394,-73.1093979999999,0
			41.1580470000001,-73.109161,0
			41.157681,-73.1089479999998,0
			41.157288,-73.108849,0
			41.156975,-73.1087109999999,0
			41.156734,-73.1085359999998,0
			41.1565550000001,-73.1083299999999,0
			41.15641,-73.108109,0
			41.1562920000001,-73.107895,0
			41.156105,-73.107773,0
			41.1558910000001,-73.107697,0
			41.1555820000001,-73.1077039999998,0
			41.1554300000001,-73.107483,0
			41.1555820000001,-73.106705,0
			41.1556320000001,-73.1059649999999,0
			41.1555860000001,-73.10527,0
			41.15556,-73.1045909999999,0
			41.1555210000002,-73.1039049999999,0
			41.1553880000002,-73.103233,0
			41.1551020000002,-73.102615,0
			41.1547550000001,-73.102043,0
			41.1544000000002,-73.101486,0
			41.1539460000001,-73.1010889999999,0
			41.1533890000002,-73.1011349999999,0
			41.1528700000001,-73.101448,0
			41.1526300000001,-73.101646,0
			41.1523820000002,-73.101852,0
			41.1518550000001,-73.1022189999999,0
			41.151367,-73.102615,0
			41.1511000000002,-73.103233,0
			41.1509590000001,-73.103897,0
			41.1511270000001,-73.104485,0
			41.1514050000002,-73.105026,0
			41.1514820000002,-73.1051789999999,0
			41.1516840000002,-73.105576,0
			41.1518940000001,-73.1061779999999,0
			41.1519970000001,-73.1068339999999,0
			41.1521030000002,-73.1074979999999,0
			41.1519240000001,-73.1081159999998,0
			41.1516340000001,-73.108696,0
			41.1512910000001,-73.10923,0
			41.1510240000001,-73.1098329999999,0
			41.1508140000001,-73.110489,0
			41.150585,-73.1111369999999,0
			41.150558,-73.111847,0
			41.150558,-73.1125409999999,0
			41.1506080000001,-73.11322,0
			41.1507720000002,-73.113853,0
			41.1508330000001,-73.114525,0
			41.1508980000002,-73.115181,0
			41.1511040000001,-73.115761,0
			41.1512950000001,-73.1163329999999,0
			41.1513630000001,-73.1169279999999,0
			41.1513100000001,-73.117516,0
			41.1511080000001,-73.118065,0
			41.150871,-73.1185909999999,0
			41.1507030000002,-73.119156,0
			41.150536,-73.1197129999999,0
			41.150345,-73.1202549999999,0
			41.150227,-73.120819,0
			41.150017,-73.1213229999998,0
			41.1498030000001,-73.1218029999999,0
			41.1495170000001,-73.1221999999999,0
			41.149323,-73.1226199999999,0
			41.149143,-73.1230319999999,0
			41.1489490000002,-73.123421,0
			41.148876,-73.123863,0
			41.1488300000001,-73.1243059999999,0
			41.148872,-73.1247859999999,0
			41.1488880000001,-73.1252819999999,0
			41.148872,-73.125763,0
			41.1487690000002,-73.126228,0
			41.1484990000001,-73.1266249999999,0
			41.148155,-73.1269839999999,0
			41.1478390000001,-73.12738,0
			41.1475910000001,-73.1278689999999,0
			41.147449,-73.128441,0
			41.1472700000002,-73.1289979999999,0
			41.1471750000001,-73.1295929999999,0
			41.1470530000001,-73.1301649999999,0
			41.1471210000001,-73.1307529999999,0
			41.1470570000001,-73.13134,0
			41.147114,-73.131927,0
			41.147232,-73.1324999999999,0
			41.1473960000001,-73.133049,0
			41.1475830000001,-73.1335829999999,0
			41.1477970000001,-73.1340789999999,0
			41.148052,-73.134544,0
			41.1482770000002,-73.13501,0
			41.1483540000002,-73.1355289999999,0
			41.148441,-73.1360399999999,0
			41.1485560000002,-73.1365049999999,0
			41.148537,-73.1369549999999,0
			41.1484030000001,-73.1373829999999,0
			41.1484030000001,-73.1377409999999,0
			41.1485400000001,-73.138023,0
			41.148647,-73.138313,0
			41.1487920000001,-73.1385419999999,0
			41.1489070000001,-73.1388019999999,0
			41.1490400000001,-73.139061,0
			41.1491700000001,-73.1393279999999,0
			41.1494450000002,-73.1397249999999,0
			41.1494450000002,-73.140274,0
			41.1497230000001,-73.140556,0
			41.1500020000001,-73.1408309999999,0
			41.1500020000001,-73.1411129999999,0
			41.1502760000002,-73.141388,0
			41.1502760000002,-73.14222,0
			41.1505550000002,-73.1425019999999,0
			41.1505550000002,-73.1427759999999,0
			41.1508330000001,-73.1430589999998,0
			41.1508330000001,-73.1433329999999,0
			41.1513900000002,-73.1438899999999,0
			41.1513900000002,-73.1441649999999,0
			41.1516690000001,-73.1444469999999,0
			41.1516690000001,-73.145554,0
			41.1519430000001,-73.145836,0
			41.1519430000001,-73.1461109999999,0
			41.1525,-73.1466669999999,0
			41.153057,-73.1461109999999,0
			41.153057,-73.145836,0
			41.1533320000001,-73.145554,0
			41.1533320000001,-73.1452789999999,0
			41.1536100000002,-73.1449969999999,0
			41.1536100000002,-73.144722,0
			41.1538890000002,-73.1444469999999,0
			41.1538890000002,-73.14222,0
			41.153778,-73.1421129999999,0
			41.1536100000002,-73.1419449999999,0
			41.1536100000002,-73.14167,0
			41.1533320000001,-73.141388,0
			41.1533320000001,-73.1411129999999,0
			41.1527790000002,-73.140556,0
			41.1527790000002,-73.1399989999999,0
			41.153057,-73.1397249999999,0
			41.153057,-73.1383359999999,0
			41.1533320000001,-73.138054,0
			41.1533320000001,-73.1377789999999,0
			41.154999,-73.136108,0
			41.154999,-73.1358339999999,0
			41.1552770000001,-73.135559,0
			41.155556,-73.135559,0
			41.1558340000001,-73.135277,0
			41.1563870000001,-73.1358339999999,0
			41.1561130000002,-73.136108,0
			41.1561130000002,-73.136391,0
			41.1558340000001,-73.1366649999999,0
			41.1558340000001,-73.137222,0
			41.154999,-73.138054,0
			41.154999,-73.1383359999999,0
			41.1547240000002,-73.1386109999999,0
			41.1547240000002,-73.1397249999999,0
			41.1549380000001,-73.140007,0
			41.154999,-73.140556,0
			41.1552770000001,-73.1408309999999,0
			41.1552770000001,-73.141388,0
			41.155556,-73.14167,0
			41.155556,-73.1419449999999,0
			41.1558340000001,-73.14222,0
			41.1558340000001,-73.1425019999999,0
			41.1561130000002,-73.1427759999999,0
			41.1572230000002,-73.1427759999999,0
			41.1580540000002,-73.1419449999999,0
			41.1583330000001,-73.1419449999999,0
			41.1586110000001,-73.14167,0
			41.15889,-73.14167,0
			41.1591680000001,-73.1419449999999,0
			41.1591680000001,-73.14222,0
			41.15889,-73.1425019999999,0
			41.15889,-73.1427759999999,0
			41.1566660000001,-73.1449969999999,0
			41.1566660000001,-73.145554,0
			41.1563870000001,-73.145836,0
			41.1563870000001,-73.1461109999999,0
			41.1558340000001,-73.1466669999999,0
			41.1558340000001,-73.1469419999999,0
			41.155556,-73.1472239999998,0
			41.155556,-73.1477809999999,0
			41.1558340000001,-73.1480559999998,0
			41.1561130000002,-73.1480559999998,0
			41.1563870000001,-73.1477809999999,0
			41.1566660000001,-73.1477809999999,0
			41.1572230000002,-73.1472239999998,0
			41.1575010000001,-73.1472239999998,0
			41.1577760000001,-73.1474989999999,0
			41.1577760000001,-73.1480559999998,0
			41.1575010000001,-73.1483309999999,0
			41.1572230000002,-73.1483309999999,0
			41.1563870000001,-73.14917,0
			41.1561130000002,-73.14917,0
			41.1558340000001,-73.1494449999999,0
			41.1561130000002,-73.149719,0
			41.1561130000002,-73.150002,0
			41.1563870000001,-73.1502759999999,0
			41.1563870000001,-73.1511079999999,0
			41.1569440000002,-73.1516649999999,0
			41.1566660000001,-73.1519469999999,0
			41.1566660000001,-73.153336,0
			41.1569440000002,-73.1536099999999,0
			41.1569440000002,-73.153893,0
			41.1572230000002,-73.154167,0
			41.1572230000002,-73.1544419999999,0
			41.1575010000001,-73.154724,0
			41.1575010000001,-73.154999,0
			41.1580540000002,-73.1555559999999,0
			41.1580540000002,-73.1558299999999,0
			41.1583330000001,-73.1561129999999,0
			41.1583330000001,-73.1563869999998,0
			41.1591680000001,-73.1572189999998,0
			41.1596870000001,-73.1577149999999,0
			41.16021,-73.1580659999999,0
			41.1607090000001,-73.158463,0
			41.1610870000001,-73.159012,0
			41.1613850000001,-73.1596529999999,0
			41.1616520000002,-73.1603469999999,0
			41.1618880000001,-73.161057,0
			41.1621890000002,-73.161713,0
			41.1625020000001,-73.1623609999999,0
			41.162849,-73.1629869999999,0
			41.163261,-73.1634899999999,0
			41.1637150000001,-73.1636349999998,0
			41.1641200000001,-73.1633449999999,0
			41.1644710000002,-73.162842,0
			41.1648670000001,-73.1623609999999,0
			41.1653290000001,-73.162094,0
			41.1657450000001,-73.162178,0
			41.1661000000001,-73.1624369999999,0
			41.166389,-73.1627809999999,0
			41.166668,-73.163055,0
			41.1669430000001,-73.163055,0
			41.1672210000002,-73.16333,0
			41.1680560000001,-73.16333,0
			41.1683350000001,-73.1636119999999,0
			41.1686100000001,-73.16333,0
			41.168888,-73.16333,0
			41.1699980000001,-73.162224,0
			41.1708340000001,-73.162224,0
			41.1713560000002,-73.162766,0
			41.171391,-73.16333,0
			41.1709250000002,-73.1637949999999,0
			41.1699980000001,-73.1647189999999,0
			41.1697240000001,-73.1647189999999,0
			41.1694450000001,-73.165001,0
			41.1680560000001,-73.165001,0
			41.1677780000001,-73.1647189999999,0
			41.1672210000002,-73.1647189999999,0
			41.1669430000001,-73.164444,0
			41.166389,-73.164444,0
			41.1661190000001,-73.164909,0
			41.1659390000001,-73.165321,0
			41.1664090000001,-73.165756,0
			41.1665310000001,-73.1662749999999,0
			41.1666450000001,-73.166786,0
			41.16708,-73.1669459999999,0
			41.1671560000001,-73.1672589999998,0
			41.1675340000001,-73.1679759999999,0
			41.1677130000002,-73.168449,0
			41.167915,-73.1689679999998,0
			41.1680560000001,-73.1696009999999,0
			41.168121,-73.170036,0
			41.1685140000002,-73.1704409999999,0
			41.1686100000001,-73.17083,0
			41.1685910000002,-73.1711119999999,0
			41.168888,-73.1719439999999,0
			41.1686100000001,-73.1722259999999,0
			41.1686100000001,-73.1730579999999,0
			41.168888,-73.173332,0
			41.1686100000001,-73.1736149999999,0
			41.1689260000002,-73.173988,0
			41.1693530000002,-73.174385,0
			41.1697310000002,-73.174835,0
			41.1701130000001,-73.175285,0
			41.1704860000001,-73.1757509999998,0
			41.1708830000001,-73.17617,0
			41.1712650000001,-73.1765819999999,0
			41.1716500000001,-73.177002,0
			41.172035,-73.1774139999999,0
			41.1724510000001,-73.1777799999999,0
			41.1727790000001,-73.1780549999999,0
			41.173332,-73.177498,0
			41.173611,-73.177498,0
			41.1737400000001,-73.177368,0
			41.1741680000001,-73.1769409999999,0
			41.174446,-73.1769409999999,0
			41.174942,-73.1765519999999,0
			41.175575,-73.1763149999999,0
			41.175953,-73.1762309999999,0
			41.176548,-73.175957,0
			41.176666,-73.175835,0
			41.1775020000001,-73.175003,0
			41.177776,-73.175003,0
			41.178055,-73.1747209999999,0
			41.1783330000001,-73.1747209999999,0
			41.179165,-73.1744459999999,0
			41.1797220000001,-73.1738889999999,0
			41.1800000000002,-73.1738889999999,0
			41.1812130000002,-73.1734999999999,0
			41.1814540000001,-73.174248,0
			41.1808320000001,-73.175003,0
			41.1805570000001,-73.1752779999999,0
			41.1800000000002,-73.1752779999999,0
			41.1794430000001,-73.175835,0
			41.178452,-73.1759949999999,0
			41.177776,-73.1763919999999,0
			41.1775020000001,-73.1763919999999,0
			41.176945,-73.1769409999999,0
			41.176945,-73.1772229999999,0
			41.176666,-73.177498,0
			41.176052,-73.1778949999999,0
			41.175556,-73.1780549999999,0
			41.1752780000001,-73.1780549999999,0
			41.1749990000001,-73.1783369999998,0
			41.1748200000001,-73.1785129999999,0
			41.174721,-73.1786119999999,0
			41.174721,-73.1788859999999,0
			41.174446,-73.1791689999998,0
			41.1741680000001,-73.1791689999998,0
			41.1738890000001,-73.1794429999999,0
			41.173332,-73.1794429999999,0
			41.1731530000001,-73.1793519999999,0
			41.172935,-73.1795959999999,0
			41.172913,-73.1798859999999,0
			41.173229,-73.1802669999999,0
			41.1733670000001,-73.1806869999999,0
			41.173531,-73.1811369999999,0
			41.173744,-73.1815949999999,0
			41.174068,-73.182045,0
			41.1744770000001,-73.182533,0
			41.1749990000001,-73.1830519999999,0
			41.1749990000001,-73.1836089999999,0
			41.175556,-73.184166,0
			41.1758350000002,-73.184166,0
			41.1761700000002,-73.184044,0
			41.1765100000001,-73.184044,0
			41.1767270000001,-73.1840059999999,0
			41.1772230000001,-73.184166,0
			41.1777000000001,-73.18425,0
			41.1783330000001,-73.184402,0
			41.1786120000001,-73.184448,0
			41.1788900000002,-73.1847229999999,0
			41.1794430000001,-73.1847229999999,0
			41.1797220000001,-73.184998,0
			41.1800000000002,-73.184998,0
			41.1801800000002,-73.1850429999998,0
			41.1805150000002,-73.185158,0
			41.1806600000001,-73.1852039999999,0
			41.1808970000002,-73.18528,0
			41.1816180000001,-73.1856309999999,0
			41.1810000000002,-73.1861039999999,0
			41.1800040000002,-73.186424,0
			41.1793290000001,-73.186424,0
			41.1787910000002,-73.185989,0
			41.1781770000002,-73.186073,0
			41.1779980000001,-73.185951,0
			41.177776,-73.1858369999999,0
			41.1772230000001,-73.1858369999999,0
			41.176666,-73.18528,0
			41.1763880000001,-73.1855549999999,0
			41.1761090000001,-73.1855549999999,0
			41.1758350000002,-73.1856769999999,0
			41.175556,-73.1855159999999,0
			41.1754570000002,-73.185242,0
			41.1752780000001,-73.18528,0
			41.1749990000001,-73.18512,0
			41.174446,-73.1847229999999,0
			41.1738890000001,-73.1847229999999,0
			41.1736450000002,-73.18483,0
			41.1733740000001,-73.184662,0
			41.173115,-73.1844179999999,0
			41.1730040000001,-73.184288,0
			41.172855,-73.184113,0
			41.1726070000001,-73.1837309999999,0
			41.172295,-73.183342,0
			41.1719700000002,-73.1829299999999,0
			41.1717,-73.182465,0
			41.1715160000001,-73.181938,0
			41.1713410000002,-73.181442,0
			41.171097,-73.181114,0
			41.1708370000002,-73.1808089999999,0
			41.170616,-73.1804659999999,0
			41.1704600000001,-73.1800609999999,0
			41.1702120000002,-73.179718,0
			41.1699330000002,-73.179382,0
			41.1696170000001,-73.1790539999999,0
			41.1692730000001,-73.1787189999999,0
			41.1689340000001,-73.178368,0
			41.1686290000001,-73.1779709999999,0
			41.1683350000001,-73.1775509999999,0
			41.1680150000001,-73.177155,0
			41.1675830000001,-73.176956,0
			41.1669200000001,-73.177208,0
			41.166183,-73.1775969999999,0
			41.165558,-73.1780929999999,0
			41.1652790000001,-73.1783369999998,0
			41.1647220000002,-73.1788859999999,0
			41.1647300000001,-73.1791689999998,0
			41.1646650000001,-73.179321,0
			41.1645160000002,-73.1795649999999,0
			41.1644550000001,-73.179832,0
			41.164463,-73.180168,0
			41.1645550000002,-73.180534,0
			41.1646960000001,-73.1809309999999,0
			41.1648330000001,-73.1813579999999,0
			41.1651380000001,-73.1816479999999,0
			41.1654550000001,-73.1819309999999,0
			41.1655240000001,-73.1823499999999,0
			41.1654820000002,-73.182816,0
			41.1653790000001,-73.183281,0
			41.165131,-73.183617,0
			41.1648480000001,-73.1839369999999,0
			41.1645510000002,-73.1842649999999,0
			41.1641270000001,-73.1843569999999,0
			41.1636050000001,-73.1842189999999,0
			41.163055,-73.18412,0
			41.162537,-73.1840059999999,0
			41.162022,-73.184113,0
			41.1615030000001,-73.1843259999999,0
			41.1609040000001,-73.184479,0
			41.160339,-73.1846919999999,0
			41.1598470000002,-73.1850129999999,0
			41.1595610000002,-73.18557,0
			41.159592,-73.186188,0
			41.1594920000001,-73.186821,0
			41.1593970000001,-73.1874689999999,0
			41.1592710000002,-73.1880949999999,0
			41.1593480000001,-73.1887279999999,0
			41.1595880000001,-73.189285,0
			41.1598820000001,-73.189812,0
			41.1600990000001,-73.1903919999999,0
			41.1602780000002,-73.1916659999999,0
			41.1605570000002,-73.1916659999999,0
			41.1605570000002,-73.191948,0
			41.1602780000002,-73.19278,0
			41.1602780000002,-73.193611,0
			41.1599660000001,-73.194199,0
			41.1598210000002,-73.1948619999999,0
			41.1599430000002,-73.1955179999999,0
			41.1601100000001,-73.196129,0
			41.160004,-73.196609,0
			41.1598400000001,-73.197029,0
			41.1597180000002,-73.1973339999999,0
			41.1596030000001,-73.1976089999999,0
			41.1595040000001,-73.197853,0
			41.1595120000002,-73.1981049999999,0
			41.1595840000001,-73.198357,0
			41.159637,-73.1985859999999,0
			41.159592,-73.1987989999999,0
			41.159405,-73.198952,0
			41.1592710000002,-73.199158,0
			41.1591220000001,-73.19944,0
			41.1589740000001,-73.199707,0
			41.15889,-73.199722,0
			41.15889,-73.1999969999999,0
			41.1586110000001,-73.200279,0
			41.1586110000001,-73.2005539999999,0
			41.15889,-73.201942,0
			41.15889,-73.202499,0
			41.1577760000001,-73.203613,0
			41.1574970000001,-73.2040409999999,0
			41.157215,-73.204514,0
			41.156921,-73.2049639999999,0
			41.1568600000002,-73.2053989999999,0
			41.15641,-73.205948,0
			41.1562160000001,-73.2065049999999,0
			41.1558340000001,-73.206947,0
			41.1554150000001,-73.2077409999998,0
			41.155495,-73.2083359999999,0
			41.1550750000001,-73.208649,0
			41.1545220000002,-73.2089689999999,0
			41.1543430000001,-73.209328,0
			41.1531910000002,-73.2109529999998,0
			41.1525,-73.212219,0
			41.1522220000001,-73.212219,0
			41.1522220000001,-73.212776,0
			41.1519430000001,-73.212776,0
			41.1513290000001,-73.2127,0
			41.1513180000001,-73.2132569999999,0
			41.1508180000001,-73.2133029999999,0
			41.150791,-73.213806,0
			41.1502080000001,-73.2138209999998,0
			41.1502190000001,-73.21431,0
			41.1493910000002,-73.2143779999999,0
			41.149368,-73.214615,0
			41.1490940000001,-73.214661,0
			41.1491050000001,-73.2154689999999,0
			41.1483040000001,-73.2155299999998,0
			41.1482770000002,-73.216019,0
			41.1474650000001,-73.216019,0
			41.147453,-73.2157819999999,0
			41.1466640000001,-73.2157359999998,0
			41.1466520000002,-73.215485,0
			41.1463620000002,-73.215485,0
			41.1463510000002,-73.215233,0
			41.1460990000001,-73.2151639999999,0
			41.1460880000001,-73.2149279999999,0
			41.145802,-73.2149279999999,0
			41.1457900000001,-73.2151949999998,0
			41.1447220000002,-73.2151949999998,0
			41.1446760000001,-73.2149279999999,0
			41.1444020000002,-73.2149279999999,0
			41.1443860000001,-73.2151789999999,0
			41.1432760000001,-73.2152179999999,0
			41.143288,-73.215485,0
			41.1424600000001,-73.2154689999999,0
			41.1424370000001,-73.216019,0
			41.142185,-73.216034,0
			41.142185,-73.2162859999999,0
			41.1424600000001,-73.216339,0
			41.1424600000001,-73.2166209999999,0
			41.1418880000002,-73.216606,0
			41.1419220000001,-73.2174219999999,0
			41.1421740000001,-73.2174449999998,0
			41.1421740000001,-73.217743,0
			41.1424370000001,-73.2177119999999,0
			41.1424600000001,-73.217979,0
			41.1427500000001,-73.2179949999999,0
			41.1427500000001,-73.2177119999999,0
			41.144123,-73.217697,0
			41.1441500000001,-73.2166369999999,0
			41.1444020000002,-73.216606,0
			41.1444360000002,-73.216339,0
			41.144711,-73.2162859999999,0
			41.144711,-73.2157519999999,0
			41.1457180000002,-73.2157519999999,0
			41.1457750000001,-73.216354,0
			41.1460530000002,-73.216316,0
			41.1460530000002,-73.215767,0
			41.1463390000001,-73.2157519999999,0
			41.1463390000001,-73.2160489999999,0
			41.1464960000001,-73.216133,0
			41.1468430000002,-73.216133,0
			41.1471790000001,-73.2162859999999,0
			41.147247,-73.2165909999999,0
			41.1483500000002,-73.216606,0
			41.1483990000002,-73.2169039999998,0
			41.1491050000001,-73.2168879999999,0
			41.1496540000001,-73.2169039999998,0
			41.1500970000001,-73.2168429999999,0
			41.1503720000001,-73.2169039999998,0
			41.150791,-73.2168729999999,0
			41.1514280000001,-73.2171709999999,0
			41.1516080000001,-73.2171709999999,0
			41.1522220000001,-73.217224,0
			41.1523060000001,-73.217224,0
			41.1525,-73.217224,0
			41.1527440000001,-73.21698,0
			41.153057,-73.2166669999999,0
			41.153057,-73.216393,0
			41.1538890000002,-73.2155529999999,0
			41.1541670000001,-73.2155529999999,0
			41.1544460000001,-73.215279,0
			41.154613,-73.2151949999998,0
			41.1551440000001,-73.2150499999999,0
			41.155556,-73.214996,0
			41.1558340000001,-73.2147219999999,0
			41.1560940000002,-73.2147219999999,0
			41.1569440000002,-73.2147219999999,0
			41.1571620000001,-73.2147219999999,0
			41.1573070000002,-73.2149279999999,0
			41.157505,-73.2151259999999,0
			41.157726,-73.2153319999999,0
			41.1579480000001,-73.2155759999999,0
			41.1581730000001,-73.2158359999999,0
			41.158394,-73.2161179999999,0
			41.1585500000002,-73.2164229999999,0
			41.1584850000001,-73.2167889999999,0
			41.1583140000002,-73.2171779999999,0
			41.1580510000001,-73.2175599999999,0
			41.1577530000001,-73.2179259999999,0
			41.1574250000002,-73.2182619999999,0
			41.1570550000001,-73.2184979999999,0
			41.156616,-73.218445,0
			41.1561810000001,-73.2180559999999,0
			41.1558720000001,-73.2175829999999,0
			41.1556430000002,-73.2170939999999,0
			41.1553570000002,-73.216782,0
			41.1550450000001,-73.2165369999999,0
			41.154564,-73.216644,0
			41.1540220000002,-73.217072,0
			41.153488,-73.217552,0
			41.15308,-73.218079,0
			41.1528930000002,-73.218636,0
			41.1529580000001,-73.2191999999999,0
			41.1528020000001,-73.2197109999999,0
			41.1525960000001,-73.2201919999998,0
			41.1522330000001,-73.220558,0
			41.151848,-73.2209239999999,0
			41.1514550000001,-73.221352,0
			41.1511380000001,-73.2219009999998,0
			41.150826,-73.2224579999999,0
			41.150463,-73.222946,0
			41.1499900000002,-73.2232589999999,0
			41.1493840000001,-73.2232509999999,0
			41.1487730000002,-73.223015,0
			41.1481670000001,-73.222763,0
			41.1476210000001,-73.2229159999999,0
			41.1471560000002,-73.2232889999999,0
			41.1466710000001,-73.223618,0
			41.1461830000001,-73.223969,0
			41.1458210000002,-73.224434,0
			41.145409,-73.2248539999999,0
			41.1449620000001,-73.22522,0
			41.1445080000001,-73.225548,0
			41.1440730000002,-73.2258609999998,0
			41.1437340000002,-73.2262729999998,0
			41.1434290000001,-73.2267529999999,0
			41.1430780000001,-73.2272339999998,0
			41.1427270000001,-73.227722,0
			41.1430550000001,-73.228058,0
			41.1427760000001,-73.2283329999999,0
			41.1427760000001,-73.2291639999999,0
			41.1427150000001,-73.2295299999999,0
			41.142975,-73.229973,0
			41.1430930000001,-73.2304079999999,0
			41.143181,-73.23056,0
			41.143333,-73.230835,0
			41.1436120000002,-73.2311099999999,0
			41.1436310000001,-73.2317809999999,0
			41.1437530000001,-73.2325819999999,0
			41.1437260000002,-73.2334519999999,0
			41.1435550000001,-73.23381,0
			41.142979,-73.234169,0
			41.142502,-73.234726,0
			41.1419450000001,-73.2352749999999,0
			41.1419450000001,-73.235558,0
			41.1416660000001,-73.2358319999999,0
			41.1416660000001,-73.2361149999999,0
			41.1415250000002,-73.2362819999999,0
			41.1412580000001,-73.236511,0
			41.1409380000001,-73.2367169999999,0
			41.1406170000002,-73.2369539999999,0
			41.140289,-73.2372129999999,0
			41.139954,-73.2374949999999,0
			41.139591,-73.2377779999999,0
			41.1392100000001,-73.2380449999999,0
			41.1388020000001,-73.2382969999999,0
			41.138378,-73.2385329999999,0
			41.1379780000001,-73.238846,0
			41.1375620000002,-73.239143,0
			41.137135,-73.239433,0
			41.1366810000001,-73.2396999999999,0
			41.1361960000002,-73.2399369999999,0
			41.135643,-73.2400819999999,0
			41.1350940000001,-73.240234,0
			41.1346240000001,-73.2405239999999,0
			41.1341630000002,-73.2408139999999,0
			41.1336820000001,-73.241066,0
			41.133133,-73.2412029999999,0
			41.1325420000001,-73.2411959999999,0
			41.1319350000002,-73.2413559999999,0
			41.1313210000002,-73.2414859999999,0
			41.1307450000002,-73.2416459999999,0
			41.1301540000001,-73.2417909999999,0
			41.1295620000001,-73.2419659999999,0
			41.1289710000001,-73.242172,0
			41.1283570000001,-73.2422869999999,0
			41.1278,-73.2426149999999,0
			41.1273800000001,-73.2430649999999,0
			41.1273770000002,-73.2435679999999,0
			41.1272930000002,-73.2441179999999,0
			41.127277,-73.2447129999999,0
			41.127373,-73.2453159999999,0
			41.1272130000001,-73.2458799999999,0
			41.1269840000002,-73.246429,0
			41.1268350000001,-73.24704,0
			41.1266630000001,-73.247658,0
			41.12648,-73.2482679999999,0
			41.1263390000001,-73.2489089999999,0
			41.1261060000002,-73.2494889999999,0
			41.1258430000001,-73.250053,0
			41.1256140000002,-73.2506479999999,0
			41.1254350000001,-73.251259,0
			41.125252,-73.2518689999999,0
			41.1249890000001,-73.2524109999999,0
			41.124683,-73.2529069999999,0
			41.1243130000001,-73.253326,0
			41.1239320000001,-73.2537459999999,0
			41.1236230000001,-73.2542269999999,0
			41.123341,-73.254745,0
			41.123062,-73.2552719999999,0
			41.1227800000001,-73.2558059999998,0
			41.1224900000001,-73.256332,0
			41.1221540000002,-73.2568279999999,0
			41.121738,-73.2572399999999,0
			41.1213650000001,-73.257706,0
			41.1209830000001,-73.258163,0
			41.1205980000001,-73.258629,0
			41.1202050000001,-73.259087,0
			41.1197810000002,-73.259499,0
			41.1193620000001,-73.259918,0
			41.1189190000001,-73.2603229999999,0
			41.1185610000001,-73.260841,0
			41.1182480000002,-73.2614059999999,0
			41.118008,-73.262009,0
			41.1178860000001,-73.262619,0
			41.1180570000001,-73.2631989999999,0
			41.1182820000001,-73.263786,0
			41.1184580000001,-73.2644349999999,0
			41.1186450000001,-73.2650989999999,0
			41.1188660000001,-73.265709,0
			41.1190760000001,-73.2663269999999,0
			41.1193850000001,-73.2668529999999,0
			41.1197590000001,-73.2673189999999,0
			41.1200180000001,-73.2679059999999,0
			41.1202770000002,-73.2685169999999,0
			41.120499,-73.269157,0
			41.1205560000001,-73.2698969999999,0
			41.120552,-73.27066,0
			41.1205020000001,-73.2714309999999,0
			41.1203310000002,-73.2721559999999,0
			41.1201320000001,-73.272865,0
			41.1201020000001,-73.2730329999999,0
			41.1199990000001,-73.273613,0
			41.1202770000002,-73.2738879999999,0
			41.1202770000002,-73.27417,0
			41.1205560000001,-73.274445,0
			41.1205560000001,-73.275002,0
			41.121944,-73.2763899999999,0
			41.1222230000001,-73.2763899999999,0
			41.1225010000002,-73.276665,0
			41.1227760000002,-73.276665,0
			41.1233330000001,-73.2772219999999,0
			41.1236110000002,-73.2772219999999,0
			41.124443,-73.2780529999999,0
			41.1247220000001,-73.2780529999999,0
			41.1247220000001,-73.279167,0
			41.125278,-73.2797239999999,0
			41.125278,-73.279999,0
			41.1263890000001,-73.281113,0
			41.1263890000001,-73.2813869999999,0
			41.1266670000001,-73.28167,0
			41.1266670000001,-73.282501,0
			41.1269450000001,-73.282776,0
			41.1269450000001,-73.283333,0
			41.1272240000001,-73.283607,0
			41.1272240000001,-73.284126,0
			41.1272240000001,-73.2844469999999,0
			41.127811,-73.2850039999998,0
			41.1286130000001,-73.2850039999998,0
			41.1291660000001,-73.2844469999999,0
			41.129288,-73.284164,0
			41.1298260000002,-73.2837299999999,0
			41.1296840000001,-73.283447,0
			41.130001,-73.2830579999999,0
			41.1300580000001,-73.282936,0
			41.13028,-73.2827379999999,0
			41.1305540000001,-73.282776,0
			41.1307530000001,-73.283173,0
			41.13139,-73.2830579999999,0
			41.1316680000001,-73.2830579999999,0
			41.1320420000002,-73.282501,0
			41.1322020000001,-73.2822649999999,0
			41.132259,-73.2821429999999,0
			41.13242,-73.2820209999999,0
			41.1325760000001,-73.281868,0
			41.1328130000002,-73.2815859999998,0
			41.1328130000002,-73.2813109999999,0
			41.1327930000001,-73.28083,0
			41.1330570000001,-73.280281,0
			41.1331600000001,-73.2796399999999,0
			41.1327780000001,-73.279442,0
			41.1327780000001,-73.27861,0
			41.1330570000001,-73.278336,0
			41.133335,-73.2780529999999,0
			41.133335,-73.277496,0
			41.13361,-73.2772219999999,0
			41.1337320000002,-73.2768629999999,0
			41.1338880000001,-73.2763899999999,0
			41.1349450000002,-73.2764279999999,0
			41.1353030000001,-73.27607,0
			41.136036,-73.275589,0
			41.1361120000001,-73.2761079999999,0
			41.1361120000001,-73.276947,0
			41.135834,-73.2772219999999,0
			41.135834,-73.277496,0
			41.1349980000001,-73.278336,0
			41.1349980000001,-73.27861,0
			41.134724,-73.2788929999999,0
			41.134724,-73.279442,0
			41.1341670000001,-73.279999,0
			41.1341670000001,-73.2805559999999,0
			41.1338690000002,-73.2810289999999,0
			41.1322440000002,-73.283333,0
			41.1319430000001,-73.283607,0
			41.1316680000001,-73.2838899999999,0
			41.1316680000001,-73.284164,0
			41.13139,-73.284164,0
			41.131111,-73.2844469999999,0
			41.1305540000001,-73.2844469999999,0
			41.1303370000001,-73.284401,0
			41.1300200000002,-73.284485,0
			41.1299250000001,-73.2845989999999,0
			41.1294440000001,-73.285278,0
			41.1286770000001,-73.2862929999999,0
			41.1280560000001,-73.286942,0
			41.127781,-73.287155,0
			41.1276250000001,-73.2873759999999,0
			41.1274680000001,-73.287621,0
			41.127277,-73.2878719999998,0
			41.1271020000001,-73.2881769999999,0
			41.1269000000001,-73.288536,0
			41.1266480000001,-73.288902,0
			41.126381,-73.289276,0
			41.1261180000001,-73.289665,0
			41.1259420000001,-73.2900769999999,0
			41.126087,-73.2905579999999,0
			41.1262970000002,-73.291039,0
			41.1264380000001,-73.291412,0
			41.1266060000002,-73.2918009999999,0
			41.1266590000001,-73.29229,0
			41.1266630000001,-73.292816,0
			41.1266630000001,-73.2933649999999,0
			41.1264720000001,-73.293869,0
			41.126392,-73.294235,0
			41.1263470000001,-73.2944339999999,0
			41.1261710000001,-73.294945,0
			41.1256330000001,-73.295929,0
			41.125355,-73.29631,0
			41.1247830000001,-73.296707,0
			41.1244890000002,-73.2974169999999,0
			41.1239090000001,-73.2981719999999,0
			41.1229170000001,-73.297943,0
			41.1222230000001,-73.297775,0
			41.121944,-73.297775,0
			41.1217880000002,-73.2978209999999,0
			41.121387,-73.297775,0
			41.1209030000001,-73.29808,0
			41.1204530000002,-73.298325,0
			41.1200260000002,-73.2985919999999,0
			41.1197050000001,-73.2989579999999,0
			41.119576,-73.299484,0
			41.1196480000002,-73.300156,0
			41.119511,-73.300865,0
			41.1193200000002,-73.3015589999999,0
			41.1189690000001,-73.3021319999999,0
			41.1186260000002,-73.302734,0
			41.1183320000002,-73.3033289999998,0
			41.1180500000001,-73.303894,0
			41.1177710000001,-73.3044199999999,0
			41.1174960000001,-73.3049159999999,0
			41.117218,-73.3053889999999,0
			41.1169400000001,-73.3058399999999,0
			41.1166650000001,-73.306274,0
			41.1163900000001,-73.3066939999999,0
			41.1161120000002,-73.307106,0
			41.1158370000002,-73.3075029999999,0
			41.1155700000001,-73.307892,0
			41.115314,-73.3082889999999,0
			41.1150020000002,-73.3086699999999,0
			41.1148190000001,-73.3092119999999,0
			41.1147960000002,-73.3098829999999,0
			41.1150590000001,-73.31044,0
			41.115486,-73.3109049999999,0
			41.115913,-73.3113779999999,0
			41.1162610000001,-73.3118819999999,0
			41.1166000000001,-73.312439,0
			41.1166650000001,-73.3131329999999,0
			41.1166690000001,-73.3138659999998,0
			41.1166570000001,-73.3145979999999,0
			41.116589,-73.315323,0
			41.116398,-73.316017,0
			41.116207,-73.316681,0
			41.1160090000002,-73.31739,0
			41.1157040000002,-73.317978,0
			41.1152950000001,-73.318481,0
			41.1149410000001,-73.3190079999999,0
			41.114803,-73.3196409999999,0
			41.1150280000002,-73.3202969999999,0
			41.115372,-73.3209609999999,0
			41.1156160000002,-73.321594,0
			41.1154750000001,-73.3222119999999,0
			41.115097,-73.3227229999999,0
			41.1147160000001,-73.3232349999998,0
			41.1143420000001,-73.3237459999999,0
			41.1140060000002,-73.32428,0
			41.113678,-73.3248289999999,0
			41.113358,-73.3254089999999,0
			41.1131170000002,-73.3260569999999,0
			41.1129300000001,-73.3263699999999,0
			41.1127430000001,-73.326691,0
			41.1124270000001,-73.3273849999999,0
			41.112034,-73.328064,0
			41.1117550000001,-73.3287349999999,0
			41.1114160000001,-73.3291549999999,0
			41.1110340000001,-73.3294909999999,0
			41.110619,-73.329765,0
			41.11026,-73.3300859999999,0
			41.1101840000001,-73.3302919999999,0
			41.1100880000002,-73.3305439999999,0
			41.1101040000001,-73.331001,0
			41.1101990000001,-73.331238,0
			41.1103020000001,-73.3314969999999,0
			41.1105120000001,-73.3319319999999,0
			41.1106110000001,-73.3324969999999,0
			41.1108740000002,-73.3329849999999,0
			41.111115,-73.3334959999999,0
			41.1113590000002,-73.334007,0
			41.1115570000001,-73.334549,0
			41.111855,-73.3350369999999,0
			41.1119310000001,-73.3356929999999,0
			41.1119040000002,-73.3364029999999,0
			41.111855,-73.336632,0
			41.1117550000001,-73.33709,0
			41.1115260000001,-73.3376999999999,0
			41.1114690000001,-73.3383639999999,0
			41.1116450000001,-73.3389589999999,0
			41.1118580000001,-73.339546,0
			41.1120190000001,-73.340179,0
			41.1122210000001,-73.3402789999999,0
			41.1122210000001,-73.3405529999999,0
			41.1124990000002,-73.340836,0
			41.1124990000002,-73.3411099999999,0
			41.1128350000001,-73.341385,0
			41.1127780000002,-73.341667,0
			41.112892,-73.3417819999999,0
			41.1130560000001,-73.3419419999999,0
			41.1131100000001,-73.3433229999999,0
			41.1127780000002,-73.3436129999999,0
			41.1127780000002,-73.3438869999999,0
			41.1124990000002,-73.34417,0
			41.1124990000002,-73.3444439999999,0
			41.1129420000001,-73.344887,0
			41.1130560000001,-73.345001,0
			41.1130560000001,-73.345558,0
			41.1124990000002,-73.3461069999999,0
			41.1119460000001,-73.3461069999999,0
			41.1116680000002,-73.345833,0
			41.1116680000002,-73.3455809999999,0
			41.1116680000002,-73.3452759999999,0
			41.111389,-73.345001,0
			41.1111110000001,-73.345001,0
			41.1105380000001,-73.3453139999999,0
			41.1099430000001,-73.3454439999999,0
			41.1093710000002,-73.3453749999999,0
			41.1088290000001,-73.3456499999999,0
			41.10836,-73.3461609999999,0
			41.108051,-73.346878,0
			41.1078410000001,-73.347672,0
			41.107441,-73.348381,0
			41.1071890000001,-73.349175,0
			41.1067810000001,-73.349846,0
			41.1063310000002,-73.3504939999999,0
			41.1060410000002,-73.3508449999998,0
			41.105827,-73.3511049999999,0
			41.1052700000001,-73.351639,0
			41.104633,-73.352043,0
			41.1038970000001,-73.352295,0
			41.1032750000001,-73.352715,0
			41.1027450000001,-73.353172,0
			41.1025010000002,-73.3537829999999,0
			41.102585,-73.3543619999999,0
			41.102821,-73.3548969999999,0
			41.1031300000002,-73.3553919999999,0
			41.1034090000002,-73.3558879999999,0
			41.1037670000001,-73.3563,0
			41.1042400000002,-73.3566059999999,0
			41.1049310000002,-73.356827,0
			41.1054270000002,-73.357162,0
			41.1058920000001,-73.357368,0
			41.1061550000002,-73.357872,0
			41.1062160000001,-73.3584749999999,0
			41.10614,-73.3591159999999,0
			41.1061130000001,-73.359779,0
			41.10611,-73.3604429999999,0
			41.10611,-73.3611149999999,0
			41.10611,-73.3617779999999,0
			41.10611,-73.3624879999999,0
			41.1060980000001,-73.363129,0
			41.1060710000002,-73.363785,0
			41.1060680000001,-73.36441,0
			41.1063880000001,-73.364998,0
			41.1069910000001,-73.365257,0
			41.107224,-73.3653559999999,0
			41.1076390000001,-73.365082,0
			41.1086310000001,-73.3659519999999,0
			41.1083340000002,-73.366386,0
			41.1080970000001,-73.3669819999999,0
			41.107712,-73.3675229999999,0
			41.1077770000001,-73.3680569999999,0
			41.1080210000001,-73.3683089999999,0
			41.1083340000002,-73.368332,0
			41.1088910000001,-73.3688889999999,0
			41.1088910000001,-73.369164,0
			41.1086120000001,-73.3694459999999,0
			41.1086310000001,-73.369759,0
			41.108521,-73.3700709999999,0
			41.1083760000001,-73.3704759999999,0
			41.1083760000001,-73.3711469999999,0
			41.1088910000001,-73.371948,0
			41.1091190000001,-73.3719639999999,0
			41.1094440000002,-73.371666,0
			41.1097220000001,-73.371666,0
			41.110554,-73.370834,0
			41.1108320000001,-73.3708499999999,0
			41.11116,-73.370796,0
			41.1114690000001,-73.370651,0
			41.1118090000001,-73.3705669999999,0
			41.1121670000001,-73.370506,0
			41.1125110000001,-73.3703229999999,0
			41.1129150000002,-73.3702769999999,0
			41.1133350000001,-73.3702319999999,0
			41.1136970000002,-73.3700179999999,0
			41.1141660000001,-73.3697199999999,0
			41.1144450000001,-73.3694459999999,0
			41.114723,-73.3694459999999,0
			41.1150020000002,-73.369164,0
			41.1155550000001,-73.369164,0
			41.1161120000002,-73.3686139999999,0
			41.1163900000001,-73.3686139999999,0
			41.1166650000001,-73.368332,0
			41.1169430000002,-73.368332,0
			41.117222,-73.3680569999999,0
			41.117779,-73.3680569999999,0
			41.1180570000001,-73.3677749999999,0
			41.1183320000002,-73.3680569999999,0
			41.1185720000001,-73.3680189999999,0
			41.1188510000001,-73.3680569999999,0
			41.1191670000002,-73.3680569999999,0
			41.1197200000001,-73.3679729999999,0
			41.1212580000001,-73.3676609999999,0
			41.1212730000001,-73.3674159999999,0
			41.121944,-73.3665079999998,0
			41.1227760000002,-73.3669429999999,0
			41.1230770000002,-73.3671419999999,0
			41.1233330000001,-73.3677749999999,0
			41.1230930000001,-73.3680569999999,0
			41.1231310000001,-73.368332,0
			41.1232720000002,-73.36853,0
			41.1238900000001,-73.3686899999999,0
			41.125061,-73.3688509999999,0
			41.1255570000001,-73.3686139999999,0
			41.1261100000002,-73.368454,0
			41.1269450000001,-73.3677749999999,0
			41.1272240000001,-73.3680569999999,0
			41.127777,-73.3680569999999,0
			41.1280560000001,-73.3677749999999,0
			41.1283340000001,-73.3677749999999,0
			41.1288870000001,-73.368332,0
			41.1288870000001,-73.3686139999999,0
			41.1286130000001,-73.3686139999999,0
			41.1283340000001,-73.3688889999999,0
			41.1280560000001,-73.3688889999999,0
			41.127777,-73.369164,0
			41.1269450000001,-73.369164,0
			41.1255570000001,-73.370552,0
			41.125278,-73.370552,0
			41.1250000000002,-73.3702769999999,0
			41.1247220000001,-73.3702769999999,0
			41.124443,-73.370552,0
			41.1241680000001,-73.370552,0
			41.1236110000002,-73.3700029999998,0
			41.1233330000001,-73.3700029999998,0
			41.1227760000002,-73.3694459999999,0
			41.1222230000001,-73.3694459999999,0
			41.121944,-73.369164,0
			41.1216660000002,-73.369164,0
			41.121387,-73.369202,0
			41.1207890000001,-73.369324,0
			41.1204530000002,-73.369278,0
			41.119698,-73.369278,0
			41.1186070000002,-73.3695599999999,0
			41.117779,-73.3694459999999,0
			41.1175000000001,-73.3694459999999,0
			41.1169430000002,-73.3697199999999,0
			41.1166650000001,-73.3700029999998,0
			41.1163900000001,-73.3700029999998,0
			41.1152760000001,-73.3711089999999,0
			41.1150590000001,-73.370956,0
			41.1144330000001,-73.371201,0
			41.1138690000002,-73.3716049999999,0
			41.1133540000001,-73.3720629999999,0
			41.1129840000002,-73.37262,0
			41.1129000000001,-73.3732449999999,0
			41.1130710000001,-73.3739009999999,0
			41.1129530000001,-73.37429,0
			41.1127090000002,-73.374489,0
			41.11248,-73.374741,0
			41.1122280000001,-73.374992,0
			41.111954,-73.375237,0
			41.1116870000001,-73.3755189999999,0
			41.1113930000001,-73.3758009999999,0
			41.1111070000001,-73.3760989999999,0
			41.1108170000001,-73.376411,0
			41.1105190000001,-73.3767549999999,0
			41.1101490000001,-73.3770749999999,0
			41.1097530000002,-73.3774719999999,0
			41.1092990000001,-73.3778529999999,0
			41.1086730000002,-73.378082,0
			41.1080280000001,-73.3783419999999,0
			41.1073840000001,-73.378632,0
			41.1067620000001,-73.378868,0
			41.1061520000001,-73.378708,0
			41.1055680000001,-73.378418,0
			41.1048930000001,-73.3783339999998,0
			41.104221,-73.3782729999999,0
			41.1036640000002,-73.378006,0
			41.1032680000001,-73.377579,0
			41.1028480000001,-73.377167,0
			41.1024480000001,-73.376717,0
			41.1020580000001,-73.376251,0
			41.1016880000001,-73.3757709999999,0
			41.1013830000001,-73.375252,0
			41.1010890000001,-73.374741,0
			41.100784,-73.3742369999999,0
			41.1004600000001,-73.3737719999999,0
			41.1002120000002,-73.3732679999999,0
			41.0999910000002,-73.3727649999999,0
			41.099796,-73.372261,0
			41.0997280000001,-73.371689,0
			41.0997200000001,-73.3711089999999,0
			41.0997200000001,-73.3705439999998,0
			41.0997620000001,-73.37001,0
			41.099972,-73.3695299999999,0
			41.1003880000002,-73.3691099999999,0
			41.1007270000001,-73.3688509999999,0
			41.100876,-73.368736,0
			41.1011090000001,-73.3681789999999,0
			41.1008680000001,-73.36763,0
			41.100552,-73.3673709999999,0
			41.1003340000001,-73.3671869999999,0
			41.0998460000001,-73.366585,0
			41.0993420000001,-73.366081,0
			41.098686,-73.3658069999999,0
			41.0980150000001,-73.3657,0
			41.0973890000002,-73.3660659999999,0
			41.097065,-73.3666919999999,0
			41.0969010000001,-73.367081,0
			41.0968020000001,-73.3673099999999,0
			41.0963330000002,-73.3677219999999,0
			41.0957870000001,-73.36795,0
			41.0954590000002,-73.3684769999999,0
			41.0953060000001,-73.369133,0
			41.0952760000001,-73.3698429999999,0
			41.0952720000001,-73.370552,0
			41.0952800000001,-73.3712619999999,0
			41.0953410000002,-73.371956,0
			41.095558,-73.372574,0
			41.0957950000001,-73.3731769999999,0
			41.0959240000001,-73.373825,0
			41.0959780000001,-73.3740539999999,0
			41.0960730000002,-73.374458,0
			41.0961760000002,-73.3751369999999,0
			41.096352,-73.3758469999999,0
			41.0964660000002,-73.376541,0
			41.0966070000001,-73.3771819999999,0
			41.0963900000001,-73.3777769999999,0
			41.0963900000001,-73.3783339999998,0
			41.095833,-73.3788909999999,0
			41.095833,-73.3791659999998,0
			41.0963900000001,-73.3797229999999,0
			41.0966680000002,-73.3797229999999,0
			41.0969430000001,-73.379997,0
			41.0972210000001,-73.379997,0
			41.0975000000001,-73.38028,0
			41.097778,-73.38028,0
			41.0986100000001,-73.381111,0
			41.0988500000001,-73.3813479999999,0
			41.0990100000002,-73.38163,0
			41.0991290000001,-73.381905,0
			41.0995980000002,-73.3823849999999,0
			41.0999180000002,-73.3821409999999,0
			41.099998,-73.3816679999999,0
			41.0997240000001,-73.3813859999999,0
			41.0997240000001,-73.381111,0
			41.0994450000001,-73.380836,0
			41.0994450000001,-73.3805539999999,0
			41.0991670000002,-73.38028,0
			41.0991670000002,-73.379997,0
			41.0986100000001,-73.379448,0
			41.0986100000001,-73.3788909999999,0
			41.0983310000001,-73.3786089999999,0
			41.0983310000001,-73.3772199999999,0
			41.098888,-73.376663,0
			41.0991670000002,-73.376663,0
			41.0994450000001,-73.376945,0
			41.0994450000001,-73.3772199999999,0
			41.099998,-73.3777769999999,0
			41.099998,-73.3780519999999,0
			41.100277,-73.3783339999998,0
			41.100277,-73.3786089999999,0
			41.1005550000001,-73.3788909999999,0
			41.1005550000001,-73.3791659999998,0
			41.1008340000001,-73.379448,0
			41.1008340000001,-73.3797229999999,0
			41.101387,-73.38028,0
			41.101387,-73.3805539999999,0
			41.1019440000001,-73.381111,0
			41.1019440000001,-73.3816679999999,0
			41.1008340000001,-73.3827739999999,0
			41.1008340000001,-73.3830569999999,0
			41.099998,-73.3838879999999,0
			41.099998,-73.384163,0
			41.0997240000001,-73.384445,0
			41.098888,-73.384445,0
			41.0987130000001,-73.385834,0
			41.0983390000001,-73.385994,0
			41.0975800000002,-73.3857569999999,0
			41.0972210000001,-73.385277,0
			41.0969430000001,-73.385002,0
			41.0966680000002,-73.385002,0
			41.095833,-73.385834,0
			41.0959740000002,-73.38623,0
			41.0959970000001,-73.386581,0
			41.0964550000002,-73.3869399999999,0
			41.0963940000001,-73.3872219999999,0
			41.0962910000001,-73.387459,0
			41.0961110000001,-73.3874969999998,0
			41.095833,-73.387779,0
			41.0952760000001,-73.387779,0
			41.0952760000001,-73.388336,0
			41.0951810000001,-73.388611,0
			41.0952760000001,-73.3888849999999,0
			41.0952760000001,-73.389442,0
			41.095554,-73.3897249999999,0
			41.095554,-73.389999,0
			41.0950010000001,-73.390556,0
			41.093334,-73.390556,0
			41.0930560000001,-73.390274,0
			41.0930560000001,-73.389999,0
			41.0937920000001,-73.3896789999999,0
			41.09409,-73.389328,0
			41.0938870000002,-73.3888849999999,0
			41.0936700000001,-73.388336,0
			41.0931550000001,-73.3888469999999,0
			41.0927770000001,-73.389168,0
			41.092224,-73.388611,0
			41.092224,-73.388336,0
			41.0927770000001,-73.387779,0
			41.0927770000001,-73.3874969999998,0
			41.0938870000002,-73.386391,0
			41.0938870000002,-73.386108,0
			41.0941660000001,-73.385834,0
			41.0941660000001,-73.385559,0
			41.0950010000001,-73.3847199999999,0
			41.0952760000001,-73.3847199999999,0
			41.095554,-73.384445,0
			41.095833,-73.384445,0
			41.0963900000001,-73.3838879999999,0
			41.0972210000001,-73.3838879999999,0
			41.0975000000001,-73.383614,0
			41.0983310000001,-73.383614,0
			41.0992930000002,-73.3831789999999,0
			41.0987360000001,-73.382462,0
			41.0980990000001,-73.3822249999999,0
			41.0973050000002,-73.3821409999999,0
			41.096569,-73.3813479999999,0
			41.09623,-73.381111,0
			41.0959130000001,-73.38166,0
			41.0956190000001,-73.3820719999999,0
			41.095352,-73.382286,0
			41.094944,-73.3825069999999,0
			41.0947150000001,-73.3829649999999,0
			41.0944600000001,-73.383408,0
			41.0941930000001,-73.3838269999999,0
			41.0938570000001,-73.3841779999999,0
			41.0935250000001,-73.384529,0
			41.0931930000001,-73.3848949999999,0
			41.0929490000001,-73.3852999999999,0
			41.0927350000001,-73.385735,0
			41.0924870000001,-73.386108,0
			41.0922200000001,-73.3864669999999,0
			41.0919460000001,-73.386818,0
			41.0916630000002,-73.3871769999999,0
			41.0913580000001,-73.387527,0
			41.0910380000001,-73.387871,0
			41.0907290000001,-73.388245,0
			41.0903590000001,-73.388542,0
			41.0900120000002,-73.388863,0
			41.0896420000001,-73.389168,0
			41.0892830000001,-73.389496,0
			41.088982,-73.3899,0
			41.0886760000001,-73.390327,0
			41.0883900000001,-73.3907619999999,0
			41.0880510000001,-73.3911359999999,0
			41.087681,-73.3914719999999,0
			41.0872650000001,-73.3917469999998,0
			41.0868530000001,-73.3920139999999,0
			41.0864070000001,-73.3922199999999,0
			41.0859450000001,-73.3923799999999,0
			41.0854610000002,-73.3924789999999,0
			41.0849610000002,-73.3924789999999,0
			41.0846250000001,-73.39241,0
			41.0844650000002,-73.3923799999999,0
			41.0839770000002,-73.392281,0
			41.0835110000002,-73.392395,0
			41.0831070000001,-73.3927539999999,0
			41.0827830000001,-73.3932499999999,0
			41.0824970000001,-73.393784,0
			41.08223,-73.3943179999999,0
			41.082024,-73.394867,0
			41.0819590000002,-73.3954619999999,0
			41.0819930000001,-73.396065,0
			41.0821760000002,-73.3966599999998,0
			41.082275,-73.3972699999999,0
			41.0824550000002,-73.397835,0
			41.082569,-73.398445,0
			41.0827830000001,-73.398987,0
			41.083076,-73.39949,0
			41.0836110000001,-73.4000019999999,0
			41.084167,-73.4000019999999,0
			41.0844460000001,-73.399719,0
			41.0849990000002,-73.399719,0
			41.0852170000001,-73.399605,0
			41.085835,-73.399445,0
			41.0861130000001,-73.399445,0
			41.0861130000001,-73.400276,0
			41.085835,-73.4005579999999,0
			41.085835,-73.401108,0
			41.0861130000001,-73.4013899999999,0
			41.0861130000001,-73.401665,0
			41.086666,-73.4022219999999,0
			41.0872230000002,-73.4022219999999,0
			41.0878750000001,-73.4022219999999,0
			41.0884130000002,-73.4021759999999,0
			41.0888860000001,-73.4019619999999,0
			41.0889890000001,-73.4019169999999,0
			41.0893480000001,-73.4017559999999,0
			41.0897220000002,-73.401474,0
			41.090088,-73.401199,0
			41.0905230000001,-73.401016,0
			41.0909500000001,-73.400864,0
			41.0913810000001,-73.4008789999999,0
			41.091743,-73.401146,0
			41.0920300000001,-73.401566,0
			41.0922360000001,-73.402145,0
			41.0924720000001,-73.4027399999998,0
			41.0927730000001,-73.403313,0
			41.093151,-73.403809,0
			41.0936200000001,-73.4041139999998,0
			41.0941730000002,-73.4041669999999,0
			41.094704,-73.4042129999999,0
			41.0951190000001,-73.404434,0
			41.0954900000001,-73.4046779999999,0
			41.0957910000001,-73.404976,0
			41.0960240000001,-73.405312,0
			41.0962140000001,-73.40564,0
			41.0963900000001,-73.40583,0
			41.0966680000002,-73.406113,0
			41.0969430000001,-73.406113,0
			41.0972210000001,-73.4063869999999,0
			41.098057,-73.4063869999999,0
			41.0983310000001,-73.4066699999999,0
			41.098888,-73.4066699999999,0
			41.0991670000002,-73.406944,0
			41.0991670000002,-73.4072189999999,0
			41.098888,-73.4075009999999,0
			41.0986100000001,-73.4075009999999,0
			41.0983310000001,-73.407776,0
			41.097778,-73.407776,0
			41.0975000000001,-73.4075009999999,0
			41.0972210000001,-73.4075009999999,0
			41.0966680000002,-73.406944,0
			41.0963900000001,-73.4072189999999,0
			41.0963900000001,-73.4075009999999,0
			41.0961110000001,-73.407776,0
			41.0961110000001,-73.408058,0
			41.095833,-73.4083329999999,0
			41.095833,-73.4091639999999,0
			41.0961110000001,-73.4094469999998,0
			41.0960730000002,-73.410637,0
			41.0963550000001,-73.41124,0
			41.0968130000001,-73.4118419999999,0
			41.0982090000002,-73.413269,0
			41.0983310000001,-73.4136119999998,0
			41.0989270000001,-73.414009,0
			41.1004370000001,-73.414528,0
			41.101112,-73.4144439999998,0
			41.1016650000001,-73.4144439999998,0
			41.1019440000001,-73.4147189999999,0
			41.1030540000001,-73.4147189999999,0
			41.1044430000001,-73.4133299999999,0
			41.1044430000001,-73.4127809999999,0
			41.104721,-73.4124979999999,0
			41.1049610000002,-73.412102,0
			41.1050000000002,-73.4116669999999,0
			41.1053010000001,-73.411392,0
			41.1052780000001,-73.41111,0
			41.105576,-73.4105529999999,0
			41.105556,-73.410278,0
			41.105556,-73.4100039999999,0
			41.10611,-73.4094469999998,0
			41.1066670000001,-73.4094469999998,0
			41.106823,-73.409485,0
			41.107224,-73.4094469999998,0
			41.107441,-73.409363,0
			41.1075820000001,-73.409645,0
			41.1083340000002,-73.410278,0
			41.1086120000001,-73.4103929999999,0
			41.108749,-73.410477,0
			41.1089670000002,-73.410591,0
			41.1093030000001,-73.410591,0
			41.10968,-73.410828,0
			41.1102790000002,-73.4105529999999,0
			41.1107790000002,-73.410271,0
			41.1114690000001,-73.4096369999999,0
			41.111389,-73.4088899999999,0
			41.1116680000002,-73.4088899999999,0
			41.1119460000001,-73.408607,0
			41.1122210000001,-73.408607,0
			41.1124990000002,-73.4083329999999,0
			41.1127780000002,-73.4083329999999,0
			41.1130560000001,-73.408607,0
			41.1133350000001,-73.408607,0
			41.1136090000002,-73.4083329999999,0
			41.113888,-73.408607,0
			41.1141660000001,-73.408607,0
			41.114723,-73.4091639999999,0
			41.114723,-73.4094469999998,0
			41.1144450000001,-73.4097209999999,0
			41.1141660000001,-73.4097209999999,0
			41.1139260000001,-73.4099659999999,0
			41.1136090000002,-73.410278,0
			41.1131550000001,-73.410637,0
			41.1122210000001,-73.4105529999999,0
			41.1116680000002,-73.41111,0
			41.1111110000001,-73.41111,0
			41.110554,-73.4116669999999,0
			41.110241,-73.4118269999999,0
			41.1094440000002,-73.412224,0
			41.1090090000001,-73.411987,0
			41.108055,-73.411392,0
			41.1077350000002,-73.411148,0
			41.1072810000001,-73.411102,0
			41.1066670000001,-73.411392,0
			41.1065250000001,-73.4114299999999,0
			41.1064870000001,-73.4117049999999,0
			41.10611,-73.411942,0
			41.10611,-73.412224,0
			41.105556,-73.4127809999999,0
			41.105556,-73.4136119999998,0
			41.1052780000001,-73.4138869999999,0
			41.1052780000001,-73.4141689999999,0
			41.1050000000002,-73.4144439999998,0
			41.1050000000002,-73.4147189999999,0
			41.1052780000001,-73.4150009999999,0
			41.1052780000001,-73.415276,0
			41.105198,-73.415398,0
			41.104897,-73.4155959999999,0
			41.1046410000001,-73.416229,0
			41.1044240000002,-73.416313,0
			41.1043470000002,-73.4164729999999,0
			41.103729,-73.4165499999999,0
			41.1033330000001,-73.4166639999999,0
			41.1025010000002,-73.4166639999999,0
			41.1016650000001,-73.4158329999999,0
			41.101387,-73.4158329999999,0
			41.1004750000001,-73.4157489999999,0
			41.0998190000001,-73.4154359999999,0
			41.099545,-73.415314,0
			41.0992050000002,-73.415314,0
			41.0988270000001,-73.4152369999999,0
			41.0984310000001,-73.4150769999999,0
			41.098057,-73.4150009999999,0
			41.097778,-73.4150009999999,0
			41.0956340000001,-73.412643,0
			41.095554,-73.4124979999999,0
			41.0950010000001,-73.411942,0
			41.0948870000001,-73.411819,0
			41.0946620000001,-73.4114759999999,0
			41.0943720000001,-73.411186,0
			41.0940130000001,-73.4109569999999,0
			41.0936050000001,-73.410736,0
			41.0931820000001,-73.4105299999999,0
			41.0927470000001,-73.4103239999999,0
			41.0922320000001,-73.410233,0
			41.0917400000001,-73.4100339999999,0
			41.091232,-73.40995,0
			41.0907590000002,-73.4098819999999,0
			41.0903510000001,-73.4101179999999,0
			41.0899930000002,-73.410515,0
			41.0895200000001,-73.410828,0
			41.0890050000002,-73.411102,0
			41.0884590000001,-73.411324,0
			41.087879,-73.4114,0
			41.087299,-73.4114299999999,0
			41.0867390000001,-73.411308,0
			41.0862310000001,-73.411057,0
			41.085766,-73.410736,0
			41.0854870000001,-73.410606,0
			41.085251,-73.4104999999999,0
			41.0848080000002,-73.4101639999999,0
			41.0844920000001,-73.4096759999999,0
			41.084347,-73.4090499999999,0
			41.0840110000001,-73.4085239999999,0
			41.0838430000001,-73.4083249999999,0
			41.083626,-73.408066,0
			41.0831110000001,-73.4077989999999,0
			41.0826070000001,-73.407822,0
			41.082138,-73.4080509999999,0
			41.0817220000001,-73.4082949999999,0
			41.081161,-73.408531,0
			41.0805930000001,-73.4086,0
			41.080002,-73.4086149999999,0
			41.0794070000001,-73.408607,0
			41.0788230000001,-73.4085459999999,0
			41.0782810000001,-73.4083249999999,0
			41.0777590000001,-73.4080429999999,0
			41.0772170000002,-73.407776,0
			41.0766680000001,-73.4075159999999,0
			41.076294,-73.4074019999998,0
			41.0760840000001,-73.4073409999999,0
			41.075459,-73.4072489999999,0
			41.0748140000002,-73.4073409999999,0
			41.074188,-73.407616,0
			41.0735740000001,-73.4079209999999,0
			41.0729330000001,-73.4080809999999,0
			41.0722540000001,-73.407814,0
			41.071575,-73.4076769999999,0
			41.0711140000001,-73.4081189999999,0
			41.0708270000001,-73.4086989999998,0
			41.0710300000001,-73.4092099999999,0
			41.0711020000002,-73.4097819999998,0
			41.071156,-73.410385,0
			41.071354,-73.4109569999999,0
			41.0715070000001,-73.4115449999999,0
			41.071846,-73.4120029999999,0
			41.0722430000001,-73.4124149999999,0
			41.072681,-73.4127579999999,0
			41.073181,-73.412987,0
			41.0737760000001,-73.412971,0
			41.0742990000002,-73.4132159999999,0
			41.074692,-73.4136279999999,0
			41.0749280000002,-73.4141619999999,0
			41.0749050000001,-73.4147639999999,0
			41.0747070000002,-73.4152909999999,0
			41.0745240000001,-73.4158019999999,0
			41.0745580000001,-73.416313,0
			41.0747410000001,-73.416801,0
			41.0749890000001,-73.417267,0
			41.0752410000001,-73.4177169999999,0
			41.0755350000001,-73.418091,0
			41.0758290000001,-73.4184489999999,0
			41.076103,-73.4188159999998,0
			41.0763240000001,-73.4192049999999,0
			41.0763890000001,-73.419724,0
			41.0766680000001,-73.4199979999999,0
			41.0767820000001,-73.4199979999999,0
			41.0772210000002,-73.4199979999999,0
			41.0774990000001,-73.4202799999999,0
			41.0777780000001,-73.4202799999999,0
			41.0780560000002,-73.420555,0
			41.0786090000001,-73.420555,0
			41.0788880000001,-73.4208299999999,0
			41.0791660000002,-73.4208299999999,0
			41.0794450000001,-73.420555,0
			41.0808330000001,-73.420555,0
			41.0811120000001,-73.4208299999999,0
			41.080276,-73.421669,0
			41.0797230000001,-73.421669,0
			41.0791660000002,-73.422226,0
			41.0788880000001,-73.422226,0
			41.0786090000001,-73.4219439999999,0
			41.0780560000002,-73.4219439999999,0
			41.0777780000001,-73.422226,0
			41.0780560000002,-73.4225009999999,0
			41.0780560000002,-73.423058,0
			41.0774990000001,-73.423058,0
			41.0772210000002,-73.4227749999998,0
			41.0769460000001,-73.4227749999998,0
			41.0766680000001,-73.4225009999999,0
			41.0766680000001,-73.422226,0
			41.0763890000001,-73.4219439999999,0
			41.0763890000001,-73.421318,0
			41.0763890000001,-73.4211119999999,0
			41.076111,-73.4208299999999,0
			41.0755460000001,-73.420769,0
			41.074963,-73.4211199999999,0
			41.074379,-73.4214709999999,0
			41.073814,-73.4218749999999,0
			41.0732420000001,-73.422272,0
			41.0727310000001,-73.422729,0
			41.0723840000002,-73.4230349999999,0
			41.0722240000001,-73.42318,0
			41.0716900000001,-73.423569,0
			41.0710720000001,-73.4237669999999,0
			41.0703890000001,-73.423615,0
			41.070126,-73.423553,0
			41.0697020000001,-73.4234619999999,0
			41.0690540000002,-73.423584,0
			41.0683980000001,-73.423729,0
			41.0677680000002,-73.4239269999999,0
			41.0671350000002,-73.4240879999999,0
			41.066513,-73.4240879999999,0
			41.0659600000001,-73.4243769999999,0
			41.065617,-73.424988,0
			41.0654640000001,-73.425674,0
			41.065205,-73.4262469999999,0
			41.064838,-73.4266659999999,0
			41.0644380000002,-73.4270319999999,0
			41.064018,-73.4273759999999,0
			41.0636440000002,-73.4277569999999,0
			41.0633470000001,-73.428177,0
			41.063206,-73.428642,0
			41.063541,-73.4291609999999,0
			41.0640490000001,-73.4296569999999,0
			41.0646440000002,-73.4299929999999,0
			41.0652920000001,-73.4302899999999,0
			41.065952,-73.430542,0
			41.0665970000001,-73.4307859999999,0
			41.0672230000002,-73.4311139999999,0
			41.068333,-73.430832,0
			41.0686110000001,-73.430832,0
			41.0697210000001,-73.4316639999999,0
			41.069443,-73.4319459999999,0
			41.0691680000002,-73.4319459999999,0
			41.0680540000002,-73.43222,0
			41.0675010000001,-73.43222,0
			41.0672230000002,-73.4325029999999,0
			41.06665,-73.43251,0
			41.0661320000002,-73.432762,0
			41.0656050000001,-73.4330219999999,0
			41.0650710000001,-73.433258,0
			41.0647510000001,-73.433289,0
			41.064449,-73.4333109999998,0
			41.0638280000001,-73.4332349999999,0
			41.0632860000001,-73.4331049999998,0
			41.0628090000002,-73.433144,0
			41.0624540000001,-73.433434,0
			41.0620960000002,-73.4336549999999,0
			41.0616680000001,-73.433891,0
			41.0619430000001,-73.434166,0
			41.0616680000001,-73.4344479999999,0
			41.0616680000001,-73.434723,0
			41.0615270000002,-73.4348599999999,0
			41.0613900000002,-73.434998,0
			41.0613900000002,-73.4361109999999,0
			41.0616680000001,-73.436386,0
			41.0616680000001,-73.4366679999999,0
			41.0619430000001,-73.436943,0
			41.0619430000001,-73.437225,0
			41.0616680000001,-73.4374999999999,0
			41.0616680000001,-73.437775,0
			41.0605550000002,-73.437775,0
			41.0605550000002,-73.436386,0
			41.060707,-73.434853,0
			41.0608330000001,-73.4336089999999,0
			41.0608330000001,-73.433334,0
			41.0603980000002,-73.4330439999999,0
			41.0598790000001,-73.4331129999999,0
			41.0593990000002,-73.4334029999999,0
			41.0589560000001,-73.433723,0
			41.058434,-73.4336549999999,0
			41.0579030000002,-73.4333109999998,0
			41.057369,-73.432938,0
			41.0567670000001,-73.4328159999999,0
			41.0561790000002,-73.4328989999998,0
			41.0556760000001,-73.433182,0
			41.0554080000001,-73.433632,0
			41.055553,-73.434166,0
			41.0557820000002,-73.4347309999999,0
			41.0559230000001,-73.4353559999998,0
			41.0563240000001,-73.4357679999998,0
			41.0567020000001,-73.4361879999998,0
			41.0568920000002,-73.4367369999999,0
			41.0568050000001,-73.437309,0
			41.0563810000002,-73.4376979999999,0
			41.0558200000001,-73.4379579999999,0
			41.055576,-73.4384919999999,0
			41.0555150000001,-73.438622,0
			41.0557750000002,-73.439209,0
			41.0560040000001,-73.4398119999998,0
			41.055847,-73.4403689999999,0
			41.0559200000001,-73.4408799999999,0
			41.056259,-73.441269,0
			41.0567020000001,-73.4414899999999,0
			41.057144,-73.441841,0
			41.0574230000001,-73.442352,0
			41.0574990000001,-73.442932,0
			41.057556,-73.44352,0
			41.0577580000001,-73.4440769999999,0
			41.0580560000002,-73.4447249999998,0
			41.0580560000002,-73.4452739999999,0
			41.0586130000001,-73.4458309999999,0
			41.0598640000001,-73.4458309999999,0
			41.0605550000002,-73.4458309999999,0
			41.0610690000001,-73.4459529999999,0
			41.0616530000001,-73.44606,0
			41.0622330000002,-73.4460369999999,0
			41.0627780000001,-73.4458309999999,0
			41.0630570000001,-73.4458309999999,0
			41.0633320000001,-73.4455569999998,0
			41.06361,-73.4455569999998,0
			41.06361,-73.4452739999999,0
			41.0638890000002,-73.4449999999999,0
			41.0641670000001,-73.4452739999999,0
			41.0655560000001,-73.4452739999999,0
			41.065834,-73.4449999999999,0
			41.0666660000001,-73.4449999999999,0
			41.066944,-73.4447249999998,0
			41.0680540000002,-73.4447249999998,0
			41.068333,-73.4444429999999,0
			41.0700000000001,-73.4444429999999,0
			41.070278,-73.4447249999998,0
			41.0705570000002,-73.4447249999998,0
			41.0708350000001,-73.4449999999999,0
			41.0708350000001,-73.4455569999998,0
			41.0711100000001,-73.4458309999999,0
			41.0711100000001,-73.446388,0
			41.0713880000002,-73.446663,0
			41.0713880000002,-73.4469449999999,0
			41.0716670000002,-73.44722,0
			41.0711100000001,-73.44722,0
			41.0708350000001,-73.4469449999999,0
			41.0708350000001,-73.446663,0
			41.0697210000001,-73.4455569999998,0
			41.069443,-73.4455569999998,0
			41.069443,-73.4452739999999,0
			41.0691680000002,-73.4449999999999,0
			41.068333,-73.4449999999999,0
			41.066944,-73.446388,0
			41.066448,-73.4469599999999,0
			41.0660740000001,-73.447479,0
			41.0656200000001,-73.4478609999999,0
			41.0650630000002,-73.4479519999999,0
			41.064484,-73.4478149999999,0
			41.0639,-73.447639,0
			41.06332,-73.447464,0
			41.0627290000002,-73.44735,0
			41.062107,-73.4473949999999,0
			41.0619430000001,-73.447502,0
			41.0613900000002,-73.4480589999999,0
			41.061111,-73.4480589999999,0
			41.0608330000001,-73.448334,0
			41.0608410000001,-73.448868,0
			41.0605550000002,-73.4491649999999,0
			41.0605550000002,-73.450836,0
			41.061111,-73.451385,0
			41.061111,-73.4519419999999,0
			41.0613900000002,-73.4522249999999,0
			41.0616680000001,-73.4522249999999,0
			41.0622220000001,-73.4527739999999,0
			41.0625,-73.4527739999999,0
			41.0630570000001,-73.4533309999999,0
			41.0630570000001,-73.45417,0
			41.0627780000001,-73.4544449999999,0
			41.0622220000001,-73.4544449999999,0
			41.0608330000001,-73.455833,0
			41.0608330000001,-73.4561079999999,0
			41.0605550000002,-73.4563899999999,0
			41.0605550000002,-73.457497,0
			41.060276,-73.4577789999999,0
			41.060276,-73.4580539999999,0
			41.060001,-73.458336,0
			41.060001,-73.4588849999998,0
			41.0594440000001,-73.4594419999999,0
			41.0592230000001,-73.4598919999999,0
			41.0591810000002,-73.4600979999999,0
			41.0589290000001,-73.4606249999999,0
			41.0589410000001,-73.4610289999999,0
			41.0589140000001,-73.461365,0
			41.0587840000001,-73.461746,0
			41.0586240000001,-73.4621049999999,0
			41.0584830000002,-73.4624479999999,0
			41.0583720000001,-73.4627299999999,0
			41.058258,-73.4629749999999,0
			41.0581130000001,-73.4631809999999,0
			41.0580100000001,-73.463455,0
			41.0579070000001,-73.4637369999999,0
			41.057777,-73.4638899999999,0
			41.057777,-73.464165,0
			41.0574990000001,-73.464447,0
			41.0574990000001,-73.465279,0
			41.057777,-73.4655529999999,0
			41.057777,-73.465836,0
			41.0583340000001,-73.4663929999999,0
			41.058563,-73.46611,0
			41.058887,-73.46611,0
			41.058887,-73.465836,0
			41.0591660000001,-73.4655529999999,0
			41.0591660000001,-73.464996,0
			41.0593300000001,-73.4647449999999,0
			41.059868,-73.464958,0
			41.060276,-73.465279,0
			41.061111,-73.46611,0
			41.0608330000001,-73.4663929999999,0
			41.0608330000001,-73.466667,0
			41.060001,-73.467499,0
			41.060001,-73.4680559999999,0
			41.060276,-73.46833,0
			41.060276,-73.468613,0
			41.0594440000001,-73.469444,0
			41.0591660000001,-73.46917,0
			41.0586130000001,-73.46917,0
			41.0583340000001,-73.469444,0
			41.057777,-73.469444,0
			41.056946,-73.470276,0
			41.0566670000001,-73.470276,0
			41.0563890000001,-73.470001,0
			41.0561100000002,-73.470001,0
			41.0552790000001,-73.470833,0
			41.0552790000001,-73.472504,0
			41.054722,-73.472504,0
			41.054443,-73.4722209999999,0
			41.054443,-73.4713899999999,0
			41.0538900000001,-73.470833,0
			41.0538900000001,-73.4705579999999,0
			41.054443,-73.470001,0
			41.054443,-73.4697189999999,0
			41.0550000000001,-73.46917,0
			41.0550000000001,-73.4688869999999,0
			41.054962,-73.4684599999998,0
			41.054947,-73.4682999999999,0
			41.0547140000001,-73.467751,0
			41.054398,-73.467285,0
			41.053932,-73.4670179999999,0
			41.053371,-73.466988,0
			41.0528180000001,-73.466988,0
			41.052341,-73.4671779999999,0
			41.052036,-73.4676509999999,0
			41.051888,-73.468216,0
			41.0516360000001,-73.4686809999999,0
			41.051323,-73.4690249999999,0
			41.05098,-73.4692229999999,0
			41.0507130000001,-73.4694819999999,0
			41.050533,-73.4698029999999,0
			41.0504110000001,-73.4701389999999,0
			41.0502890000001,-73.470467,0
			41.050278,-73.470818,0
			41.050282,-73.4711609999999,0
			41.050278,-73.4713899999999,0
			41.050278,-73.472504,0
			41.0505560000001,-73.472778,0
			41.0505560000001,-73.473335,0
			41.0508350000001,-73.47361,0
			41.0508350000001,-73.4738919999999,0
			41.050278,-73.474442,0
			41.0499990000001,-73.474442,0
			41.0497210000001,-73.4747239999999,0
			41.0494460000002,-73.474442,0
			41.0486110000002,-73.474442,0
			41.0483320000001,-73.4747239999999,0
			41.0483320000001,-73.474998,0
			41.0491680000001,-73.47583,0
			41.0491680000001,-73.4763869999999,0
			41.0494460000002,-73.476669,0
			41.0491680000001,-73.476944,0
			41.048889,-73.476944,0
			41.0483320000001,-73.477501,0
			41.0480540000001,-73.477501,0
			41.047779,-73.4772189999999,0
			41.047779,-73.476944,0
			41.0475010000001,-73.476944,0
			41.0472220000001,-73.476669,0
			41.0466650000001,-73.476669,0
			41.0461120000002,-73.4772189999999,0
			41.0458340000001,-73.4772189999999,0
			41.0455550000001,-73.476944,0
			41.0452770000002,-73.476944,0
			41.0449980000002,-73.476669,0
			41.0449980000002,-73.4763869999999,0
			41.044724,-73.4761119999999,0
			41.044724,-73.47583,0
			41.0455550000001,-73.474998,0
			41.0463910000001,-73.474998,0
			41.0466650000001,-73.4752809999999,0
			41.0469440000001,-73.4752809999999,0
			41.0469440000001,-73.474998,0
			41.0463910000001,-73.474442,0
			41.0469440000001,-73.4738919999999,0
			41.0475010000001,-73.4738919999999,0
			41.047779,-73.47361,0
			41.0480540000001,-73.47361,0
			41.0483320000001,-73.473335,0
			41.0483320000001,-73.4730529999999,0
			41.048889,-73.472504,0
			41.048889,-73.4713899999999,0
			41.0486070000002,-73.4710999999999,0
			41.0481410000002,-73.470406,0
			41.047665,-73.469971,0
			41.0471650000001,-73.4698939999999,0
			41.0467300000001,-73.470291,0
			41.046452,-73.4709699999999,0
			41.0463140000002,-73.471741,0
			41.0460240000002,-73.472412,0
			41.0456090000001,-73.4729769999999,0
			41.0452120000001,-73.473618,0
			41.0446470000001,-73.4741439999999,0
			41.0440330000001,-73.4746089999999,0
			41.0435830000001,-73.475166,0
			41.0431290000001,-73.4756619999999,0
			41.042603,-73.475815,0
			41.0420610000002,-73.4758679999999,0
			41.041664,-73.4759749999999,0
			41.0415340000001,-73.476006,0
			41.0410350000002,-73.476242,0
			41.0405040000001,-73.476418,0
			41.0400050000001,-73.476669,0
			41.039524,-73.476944,0
			41.039047,-73.4772259999999,0
			41.0385670000001,-73.477448,0
			41.0380590000001,-73.477448,0
			41.0375860000001,-73.47728,0
			41.037098,-73.4772719999999,0
			41.0366400000001,-73.477455,0
			41.0362510000001,-73.4777369999999,0
			41.0361290000001,-73.478256,0
			41.0361820000001,-73.4788059999999,0
			41.036507,-73.47924,0
			41.0370100000001,-73.4795229999999,0
			41.0375480000001,-73.479774,0
			41.038139,-73.479881,0
			41.0387540000001,-73.4799419999999,0
			41.039307,-73.4802549999999,0
			41.039818,-73.480583,0
			41.0402570000001,-73.4809339999999,0
			41.040668,-73.481255,0
			41.0411610000001,-73.4814,0
			41.0416450000002,-73.481544,0
			41.0420990000001,-73.4817279999999,0
			41.0425030000001,-73.4819789999999,0
			41.0429000000001,-73.4822239999999,0
			41.0432930000001,-73.482437,0
			41.0437580000001,-73.4825519999999,0
			41.0441700000001,-73.4828029999999,0
			41.044537,-73.4831159999999,0
			41.044964,-73.4832609999999,0
			41.045582,-73.4829559999998,0
			41.0462340000001,-73.4828799999999,0
			41.0470010000001,-73.4827349999999,0
			41.0476230000001,-73.482742,0
			41.0482860000001,-73.4826889999999,0
			41.048889,-73.482498,0
			41.0491680000001,-73.4822239999999,0
			41.0494460000002,-73.4822239999999,0
			41.050278,-73.4813919999999,0
			41.0505560000001,-73.4813919999999,0
			41.0508350000001,-73.481667,0
			41.0511090000001,-73.481667,0
			41.0514490000001,-73.4815519999999,0
			41.0516660000001,-73.481194,0
			41.0529980000001,-73.4820629999999,0
			41.0538290000001,-73.481544,0
			41.0538900000001,-73.4802779999999,0
			41.054443,-73.4797209999999,0
			41.0550230000001,-73.4792179999999,0
			41.055435,-73.4790419999999,0
			41.0558590000002,-73.4787669999999,0
			41.0562780000002,-73.478462,0
			41.0566670000001,-73.478111,0
			41.0571100000001,-73.4778519999999,0
			41.0576100000001,-73.4776759999999,0
			41.0581470000001,-73.4775539999999,0
			41.0587270000001,-73.4774859999999,0
			41.0593150000001,-73.4774169999998,0
			41.0598950000002,-73.4773409999999,0
			41.0604630000001,-73.4774629999999,0
			41.0609590000001,-73.4777369999999,0
			41.061287,-73.4781799999999,0
			41.0613290000001,-73.478699,0
			41.0610390000001,-73.47908,0
			41.0608330000001,-73.479164,0
			41.060276,-73.479164,0
			41.060001,-73.4788889999999,0
			41.058887,-73.4788889999999,0
			41.0583340000001,-73.4794459999999,0
			41.0574990000001,-73.4794459999999,0
			41.0572200000001,-73.4797209999999,0
			41.056946,-73.4797209999999,0
			41.0566670000001,-73.4800029999998,0
			41.0563890000001,-73.4800029999998,0
			41.0558320000001,-73.4805529999999,0
			41.0558320000001,-73.4808349999998,0
			41.0555570000002,-73.48111,0
			41.0550000000001,-73.481667,0
			41.0548860000001,-73.4819719999999,0
			41.0543560000002,-73.4823299999998,0
			41.0538900000001,-73.4827189999999,0
			41.0534780000002,-73.4830859999998,0
			41.0531430000001,-73.4834669999999,0
			41.0529100000001,-73.4838789999999,0
			41.0527110000001,-73.4842529999999,0
			41.0524790000001,-73.4845049999999,0
			41.0522270000002,-73.4846499999999,0
			41.0519410000002,-73.4846339999999,0
			41.0516510000002,-73.4844889999999,0
			41.051785,-73.4841689999999,0
			41.051746,-73.48381,0
			41.0518070000001,-73.4834519999999,0
			41.0514720000001,-73.4829409999999,0
			41.0511930000001,-73.482582,0
			41.0508540000001,-73.482582,0
			41.050278,-73.4827799999999,0
			41.0497210000001,-73.48333,0
			41.0494460000002,-73.4836119999999,0
			41.0494460000002,-73.4838869999999,0
			41.0491680000001,-73.4841689999999,0
			41.048889,-73.4841689999999,0
			41.0486110000002,-73.4838869999999,0
			41.0483780000001,-73.4838869999999,0
			41.0472220000001,-73.4838869999999,0
			41.0469440000001,-73.4841689999999,0
			41.0466080000002,-73.4841309999999,0
			41.0464590000001,-73.4843439999999,0
			41.0463910000001,-73.4846039999999,0
			41.0463180000002,-73.484879,0
			41.0461540000001,-73.4851459999999,0
			41.0460090000001,-73.4854349999999,0
			41.045765,-73.485695,0
			41.0455510000001,-73.485992,0
			41.0453450000001,-73.485916,0
			41.0450970000002,-73.485825,0
			41.044853,-73.485703,0
			41.0446430000001,-73.4856799999999,0
			41.0444370000001,-73.485825,0
			41.0442580000001,-73.4860149999999,0
			41.0441670000001,-73.4863889999999,0
			41.0441670000001,-73.486664,0
			41.0444260000001,-73.487694,0
			41.0442850000002,-73.488441,0
			41.0442350000001,-73.4884949999998,0
			41.0439800000001,-73.488785,0
			41.0433920000002,-73.488693,0
			41.043633,-73.48774,0
			41.0431560000002,-73.487022,0
			41.0427550000001,-73.4867399999999,0
			41.042046,-73.4867249999999,0
			41.0414470000002,-73.4871059999999,0
			41.0409970000001,-73.4876329999999,0
			41.040688,-73.488197,0
			41.040535,-73.488777,0
			41.0408330000002,-73.4894409999999,0
			41.0411110000001,-73.4897229999999,0
			41.0419270000001,-73.4896469999999,0
			41.0426830000001,-73.490082,0
			41.0423240000001,-73.4907149999999,0
			41.0425000000001,-73.4913859999999,0
			41.0427780000002,-73.4913859999999,0
			41.0434190000001,-73.4914249999999,0
			41.0441470000001,-73.4914699999999,0
			41.0447200000001,-73.4913479999999,0
			41.0448680000001,-73.491318,0
			41.0454060000002,-73.491577,0
			41.0458220000002,-73.492111,0
			41.0461080000002,-73.492813,0
			41.0464170000001,-73.4935069999999,0
			41.0468480000001,-73.494072,0
			41.0474700000001,-73.4943849999999,0
			41.048176,-73.494583,0
			41.0487630000001,-73.49511,0
			41.0491410000001,-73.4958419999999,0
			41.0497210000001,-73.4964219999999,0
			41.049988,-73.496368,0
			41.0501480000001,-73.496101,0
			41.0502850000001,-73.4957579999999,0
			41.0504340000002,-73.4953919999999,0
			41.0505940000001,-73.494987,0
			41.050827,-73.494652,0
			41.0511090000001,-73.49427,0
			41.0513760000001,-73.4938889999999,0
			41.051609,-73.493439,0
			41.0516660000001,-73.4930569999999,0
			41.051388,-73.4927749999999,0
			41.051388,-73.4924999999999,0
			41.0508350000001,-73.4919429999999,0
			41.0508350000001,-73.4916689999999,0
			41.0505560000001,-73.4913859999999,0
			41.0505560000001,-73.4905549999999,0
			41.0508350000001,-73.49028,0
			41.0511090000001,-73.4905549999999,0
			41.051388,-73.4905549999999,0
			41.0516660000001,-73.4908369999999,0
			41.0519450000002,-73.4908369999999,0
			41.0527760000002,-73.4916689999999,0
			41.053028,-73.4919279999999,0
			41.0536580000001,-73.4916689999999,0
			41.0540660000001,-73.4917979999999,0
			41.0542790000002,-73.492065,0
			41.0542340000002,-73.4923929999999,0
			41.053951,-73.4927599999999,0
			41.05373,-73.493187,0
			41.0537070000001,-73.4935909999999,0
			41.0539820000001,-73.493896,0
			41.054314,-73.494202,0
			41.0546070000001,-73.4945979999999,0
			41.05481,-73.4951709999999,0
			41.0550920000001,-73.4957119999999,0
			41.0554920000002,-73.496193,0
			41.055866,-73.4967119999999,0
			41.0561790000002,-73.4973219999999,0
			41.0563850000001,-73.498032,0
			41.056538,-73.4987639999999,0
			41.0566410000002,-73.4995039999999,0
			41.0566750000002,-73.5002519999999,0
			41.0567590000002,-73.5009609999999,0
			41.0570110000001,-73.5015489999999,0
			41.0572200000001,-73.501945,0
			41.057777,-73.5025019999999,0
			41.057777,-73.5033339999999,0
			41.0580560000002,-73.503609,0
			41.0580560000002,-73.5041659999999,0
			41.0586130000001,-73.504723,0
			41.0586130000001,-73.5049969999999,0
			41.0591660000001,-73.505554,0
			41.0591660000001,-73.5058359999999,0
			41.060276,-73.506943,0
			41.060276,-73.507225,0
			41.0597230000001,-73.507774,0
			41.0594440000001,-73.507774,0
			41.0580560000002,-73.506386,0
			41.0583340000001,-73.506111,0
			41.0580560000002,-73.5058359999999,0
			41.0580560000002,-73.505554,0
			41.056946,-73.504448,0
			41.0566670000001,-73.504448,0
			41.0563390000001,-73.5041659999999,0
			41.0555570000002,-73.5041659999999,0
			41.0552790000001,-73.503891,0
			41.0549550000001,-73.503273,0
			41.054451,-73.5029219999999,0
			41.053921,-73.5030819999999,0
			41.0533980000001,-73.5034639999999,0
			41.0528140000001,-73.5035929999999,0
			41.0522080000001,-73.503601,0
			41.051628,-73.5034639999999,0
			41.0511630000001,-73.5029909999998,0
			41.0508160000002,-73.502357,0
			41.0504610000001,-73.501732,0
			41.0500720000001,-73.50116,0
			41.0497320000002,-73.500557,0
			41.0497210000001,-73.500275,0
			41.0494460000002,-73.4999999999999,0
			41.0494460000002,-73.499443,0
			41.0491680000001,-73.4991679999999,0
			41.0491680000001,-73.4988859999999,0
			41.048889,-73.498611,0
			41.048889,-73.4983369999999,0
			41.0483320000001,-73.49778,0
			41.0475010000001,-73.49778,0
			41.0472220000001,-73.4980549999999,0
			41.0472220000001,-73.4983369999999,0
			41.0469440000001,-73.498611,0
			41.0469440000001,-73.4988859999999,0
			41.0466650000001,-73.4991679999999,0
			41.0466650000001,-73.499443,0
			41.0464740000001,-73.4998319999999,0
			41.0462570000001,-73.5003429999999,0
			41.0459520000001,-73.5006639999999,0
			41.0456050000001,-73.5007929999999,0
			41.045258,-73.500763,0
			41.044964,-73.500572,0
			41.044655,-73.500412,0
			41.0443380000001,-73.5004199999999,0
			41.0440480000001,-73.500748,0
			41.0439190000001,-73.501312,0
			41.043938,-73.5019229999999,0
			41.0435030000001,-73.5024799999999,0
			41.0430560000001,-73.503029,0
			41.0430180000001,-73.503639,0
			41.0430720000002,-73.5042569999999,0
			41.0431400000001,-73.504868,0
			41.0429990000001,-73.5053859999999,0
			41.042648,-73.5057449999999,0
			41.0421180000001,-73.505898,0
			41.0415840000001,-73.5060809999999,0
			41.041046,-73.5062029999999,0
			41.0405540000002,-73.506386,0
			41.0400010000001,-73.506386,0
			41.0397220000001,-73.5066679999999,0
			41.0393830000001,-73.507065,0
			41.0391080000001,-73.507263,0
			41.0386920000001,-73.5074159999999,0
			41.0387150000001,-73.5075379999999,0
			41.0386540000002,-73.507736,0
			41.0385550000001,-73.507774,0
			41.0383150000002,-73.508057,0
			41.0380550000002,-73.5083309999999,0
			41.0383530000001,-73.509048,0
			41.0386120000001,-73.5100019999999,0
			41.0386120000001,-73.510277,0
			41.0388870000001,-73.510559,0
			41.0388870000001,-73.511391,0
			41.03912,-73.511772,0
			41.0392570000001,-73.5122989999999,0
			41.039406,-73.512848,0
			41.0394480000002,-73.5134199999999,0
			41.0394400000002,-73.513756,0
			41.0394710000001,-73.5139849999999,0
			41.0393750000001,-73.5145339999999,0
			41.0392150000001,-73.5150449999999,0
			41.0391730000001,-73.5155789999999,0
			41.039219,-73.516106,0
			41.0394170000001,-73.516563,0
			41.0394480000002,-73.516632,0
			41.0395890000001,-73.517029,0
			41.0395930000001,-73.517555,0
			41.0394440000002,-73.517975,0
			41.039391,-73.5181199999999,0
			41.0391540000002,-73.5186999999999,0
			41.0388870000001,-73.519279,0
			41.038624,-73.5198749999999,0
			41.0384030000002,-73.5204999999999,0
			41.0382880000001,-73.521217,0
			41.038105,-73.5219189999999,0
			41.0380520000001,-73.5221099999999,0
			41.037918,-73.5225749999999,0
			41.0376010000001,-73.5230099999999,0
			41.0372240000002,-73.5232319999998,0
			41.0368120000002,-73.5230789999999,0
			41.0363690000001,-73.522919,0
			41.0359,-73.5227809999999,0
			41.0354160000001,-73.522682,0
			41.0349160000002,-73.5227049999999,0
			41.0344430000001,-73.5224909999999,0
			41.033981,-73.5222019999999,0
			41.0335270000002,-73.521889,0
			41.0330280000001,-73.5216369999999,0
			41.0325430000001,-73.5213619999999,0
			41.0321310000001,-73.521011,0
			41.031887,-73.5204999999999,0
			41.0317040000002,-73.519936,0
			41.0315820000002,-73.5193249999999,0
			41.0314940000002,-73.519089,0
			41.031368,-73.5187449999999,0
			41.0311010000001,-73.518196,0
			41.030788,-73.517685,0
			41.030376,-73.5172809999999,0
			41.0298690000002,-73.517097,0
			41.029324,-73.517387,0
			41.028847,-73.5179899999999,0
			41.0283160000001,-73.518547,0
			41.0276530000002,-73.5189359999999,0
			41.0269200000001,-73.5190279999999,0
			41.0263100000001,-73.518814,0
			41.0257260000001,-73.5185849999999,0
			41.0251660000001,-73.518639,0
			41.0246280000002,-73.5188219999999,0
			41.024075,-73.5190279999999,0
			41.023575,-73.519379,0
			41.023087,-73.51976,0
			41.0226860000001,-73.5202639999999,0
			41.0222630000001,-73.5207439999999,0
			41.0217060000002,-73.5211179999999,0
			41.0211330000002,-73.521484,0
			41.0205990000001,-73.5219119999999,0
			41.020191,-73.5224529999999,0
			41.0198520000001,-73.5230099999999,0
			41.019794,-73.5236279999999,0
			41.0199170000001,-73.5242539999999,0
			41.0198440000001,-73.5248789999999,0
			41.0197450000001,-73.52552,0
			41.0196690000002,-73.5261539999999,0
			41.019444,-73.526718,0
			41.019169,-73.52726,0
			41.018871,-73.5277859999999,0
			41.0184860000002,-73.5282439999999,0
			41.0179790000001,-73.5286099999999,0
			41.017475,-73.5289459999999,0
			41.0171240000001,-73.52932,0
			41.0171130000001,-73.529732,0
			41.0176160000001,-73.5300749999999,0
			41.0183220000001,-73.5302429999999,0
			41.019081,-73.530296,0
			41.0198140000001,-73.5304179999999,0
			41.0204660000001,-73.5307009999999,0
			41.021172,-73.5309069999999,0
			41.02187,-73.5311199999999,0
			41.0225450000001,-73.5312879999999,0
			41.0232240000001,-73.531105,0
			41.0238880000001,-73.5308229999999,0
			41.0245210000002,-73.530518,0
			41.025196,-73.5303269999999,0
			41.0258830000001,-73.530357,0
			41.0266690000001,-73.5305559999999,0
			41.027748,-73.5305709999999,0
			41.028057,-73.5302809999999,0
			41.028332,-73.5302809999999,0
			41.0286100000001,-73.5299989999999,0
			41.029167,-73.5305559999999,0
			41.0294460000002,-73.5305559999999,0
			41.0304260000001,-73.53154,0
			41.031387,-73.532501,0
			41.0319440000001,-73.532501,0
			41.0322230000001,-73.5327759999999,0
			41.032501,-73.5327759999999,0
			41.0329700000001,-73.532814,0
			41.0330540000001,-73.5333329999999,0
			41.032978,-73.5338129999998,0
			41.033081,-73.533966,0
			41.0327450000001,-73.534637,0
			41.033195,-73.5350419999999,0
			41.033234,-73.5354,0
			41.0338330000001,-73.5355989999998,0
			41.0340500000001,-73.5359499999999,0
			41.0344890000002,-73.5360259999999,0
			41.0349460000002,-73.5354,0
			41.034721,-73.535004,0
			41.0341070000002,-73.534683,0
			41.0338900000002,-73.5344469999999,0
			41.0341680000001,-73.5341639999999,0
			41.0342710000001,-73.5340879999999,0
			41.0346030000002,-73.533852,0
			41.0353580000001,-73.5334929999999,0
			41.0354960000002,-73.5334169999999,0
			41.0358350000002,-73.532814,0
			41.036076,-73.5324939999999,0
			41.0363120000002,-73.5326689999999,0
			41.0366100000002,-73.5330729999999,0
			41.0369190000001,-73.533981,0
			41.0373880000001,-73.5337069999999,0
			41.0381580000002,-73.533058,0
			41.0385210000002,-73.533676,0
			41.0380250000002,-73.5343249999999,0
			41.0374830000001,-73.5352399999999,0
			41.0369450000002,-73.5355529999999,0
			41.0363880000001,-73.536667,0
			41.035831,-73.5369419999999,0
			41.035404,-73.5371929999999,0
			41.0348970000002,-73.5374979999999,0
			41.033356,-73.5370249999999,0
			41.0325970000001,-73.5369489999999,0
			41.0321010000001,-73.537621,0
			41.0321240000001,-73.5379789999999,0
			41.0327760000002,-73.5387339999999,0
			41.0336110000002,-73.5386509999999,0
			41.0338290000001,-73.538933,0
			41.0342830000002,-73.5390849999999,0
			41.0347670000001,-73.539543,0
			41.0356480000002,-73.5400699999999,0
			41.0361560000001,-73.5403749999999,0
			41.0363430000001,-73.5407789999999,0
			41.0357060000002,-73.540756,0
			41.0355910000001,-73.540756,0
			41.0345730000002,-73.540131,0
			41.034069,-73.539879,0
			41.0336110000002,-73.540001,0
			41.0333330000001,-73.540001,0
			41.0331380000001,-73.5403209999999,0
			41.0330390000001,-73.540634,0
			41.0328220000001,-73.540833,0
			41.0329400000001,-73.5411149999999,0
			41.0330160000001,-73.5415879999999,0
			41.0330700000002,-73.5416489999999,0
			41.0333330000001,-73.5419459999999,0
			41.0341680000001,-73.5419459999999,0
			41.035,-73.5427779999999,0
			41.0352780000001,-73.5427779999999,0
			41.0358730000001,-73.543289,0
			41.0366670000001,-73.543335,0
			41.037083,-73.5434489999999,0
			41.037697,-73.543289,0
			41.0380550000002,-73.543335,0
			41.0383340000002,-73.5436099999999,0
			41.0386120000001,-73.5436099999999,0
			41.0388870000001,-73.543892,0
			41.0394440000002,-73.543892,0
			41.0397220000001,-73.544167,0
			41.0400010000001,-73.544167,0
			41.0402790000002,-73.5444409999999,0
			41.0422210000001,-73.5444409999999,0
			41.0425000000001,-73.544724,0
			41.0425000000001,-73.545555,0
			41.0400010000001,-73.545555,0
			41.0397220000001,-73.5452799999999,0
			41.0394440000002,-73.5452799999999,0
			41.039165,-73.544998,0
			41.0386120000001,-73.544998,0
			41.0383340000002,-73.544724,0
			41.0380550000002,-73.544724,0
			41.0377770000001,-73.5444409999999,0
			41.0374980000001,-73.544724,0
			41.0366670000001,-73.544724,0
			41.0363880000001,-73.544998,0
			41.035831,-73.544998,0
			41.035576,-73.5446549999999,0
			41.0355570000001,-73.5444409999999,0
			41.0352780000001,-73.544167,0
			41.0344430000001,-73.544167,0
			41.0342860000001,-73.5443189999999,0
			41.0341680000001,-73.5444409999999,0
			41.0338900000002,-73.5444409999999,0
			41.0335850000002,-73.544136,0
			41.0330540000001,-73.5436099999999,0
			41.0327760000002,-73.543335,0
			41.0319440000001,-73.543335,0
			41.031666,-73.543053,0
			41.031387,-73.543053,0
			41.0308340000001,-73.542503,0
			41.030674,-73.5423739999999,0
			41.030228,-73.5426099999999,0
			41.02985,-73.5429379999999,0
			41.0294650000001,-73.5432739999999,0
			41.0289990000002,-73.543503,0
			41.0285070000001,-73.543716,0
			41.0279920000002,-73.5439449999999,0
			41.0274620000002,-73.544182,0
			41.0269430000002,-73.5444409999999,0
			41.0264360000002,-73.544708,0
			41.026009,-73.544975,0
			41.0258750000001,-73.5452349999999,0
			41.0259740000001,-73.5455169999998,0
			41.026196,-73.5457529999999,0
			41.0264930000001,-73.5459519999999,0
			41.0267450000002,-73.5461959999999,0
			41.026909,-73.5464479999999,0
			41.0269280000001,-73.5467449999999,0
			41.0268060000001,-73.5470199999999,0
			41.0264510000002,-73.547218,0
			41.026054,-73.547386,0
			41.0256540000001,-73.5474929999999,0
			41.0252760000001,-73.547501,0
			41.025002,-73.547501,0
			41.0245090000001,-73.5473179999999,0
			41.0241470000001,-73.54718,0
			41.023014,-73.5469439999999,0
			41.0225600000001,-73.547661,0
			41.0229760000001,-73.548256,0
			41.024075,-73.5487289999999,0
			41.0246620000001,-73.5487749999999,0
			41.0250590000001,-73.549088,0
			41.025833,-73.550003,0
			41.0260120000001,-73.5502779999999,0
			41.0261500000001,-73.5509109999999,0
			41.0258710000002,-73.5518189999999,0
			41.025578,-73.552261,0
			41.0251200000002,-73.5521849999999,0
			41.0249630000002,-73.5524599999999,0
			41.024723,-73.552498,0
			41.0244450000001,-73.5527799999999,0
			41.0241660000001,-73.5527799999999,0
			41.0236130000002,-73.5533369999999,0
			41.0241660000001,-73.553886,0
			41.0241660000001,-73.554169,0
			41.0244450000001,-73.5544429999999,0
			41.025002,-73.5544429999999,0
			41.025833,-73.5552749999999,0
			41.025833,-73.5555569999999,0
			41.0255550000001,-73.555832,0
			41.0255550000001,-73.5561139999999,0
			41.025002,-73.5561139999999,0
			41.024723,-73.555832,0
			41.0244450000001,-73.555832,0
			41.0241660000001,-73.5555569999999,0
			41.0238880000001,-73.5555569999999,0
			41.0236130000002,-73.5552749999999,0
			41.0236130000002,-73.555,0
			41.0233350000001,-73.5547259999999,0
			41.0233350000001,-73.5544429999999,0
			41.0230560000001,-73.5544429999999,0
			41.022495,-73.553886,0
			41.0222210000001,-73.553886,0
			41.0219460000001,-73.554169,0
			41.0215260000002,-73.5545959999999,0
			41.0210610000001,-73.5549769999999,0
			41.020603,-73.5553669999999,0
			41.0202790000002,-73.5556789999999,0
			41.0201530000001,-73.555756,0
			41.0196760000001,-73.5561289999999,0
			41.0191310000001,-73.5564349999999,0
			41.0185780000002,-73.556755,0
			41.0180170000001,-73.5570299999999,0
			41.0175510000001,-73.5574569999999,0
			41.0170440000001,-73.557785,0
			41.0167010000001,-73.5583039999999,0
			41.0164990000001,-73.558868,0
			41.0165440000001,-73.5594789999999,0
			41.0163690000002,-73.560081,0
			41.016666,-73.5602799999999,0
			41.016945,-73.5602799999999,0
			41.016945,-73.5605549999999,0
			41.0172230000001,-73.5608369999998,0
			41.0172230000001,-73.561386,0
			41.016945,-73.5616679999999,0
			41.016567,-73.5619809999999,0
			41.016273,-73.5622629999999,0
			41.0159910000002,-73.5625609999999,0
			41.0158000000002,-73.562904,0
			41.0155720000001,-73.563248,0
			41.015343,-73.5635829999999,0
			41.0150340000002,-73.5638119999999,0
			41.0146450000001,-73.563828,0
			41.014229,-73.563675,0
			41.0138210000002,-73.5637279999999,0
			41.0135190000001,-73.5640179999999,0
			41.0134320000001,-73.564407,0
			41.0136640000002,-73.5648189999999,0
			41.0137210000001,-73.5653079999999,0
			41.0133060000001,-73.5658869999999,0
			41.0128670000001,-73.566589,0
			41.0124050000001,-73.5672609999999,0
			41.0117420000001,-73.5676799999999,0
			41.0108340000002,-73.56778,0
			41.009998,-73.56778,0
			41.0097240000001,-73.5680539999999,0
			41.0094450000001,-73.5680539999999,0
			41.009167,-73.568336,0
			41.009167,-73.5686109999999,0
			41.0097240000001,-73.5691679999998,0
			41.009167,-73.5697249999999,0
			41.0088880000001,-73.5697249999999,0
			41.0086100000001,-73.5699999999998,0
			41.0083350000002,-73.5699999999998,0
			41.0080570000001,-73.5702739999999,0
			41.0077780000001,-73.5702739999999,0
			41.0075000000002,-73.5705569999999,0
			41.0069430000001,-73.5705569999999,0
			41.006668,-73.5708309999999,0
			41.0061110000001,-73.5708309999999,0
			41.005676,-73.5709919999999,0
			41.005459,-73.571075,0
			41.0050010000002,-73.5708769999998,0
			41.0041660000002,-73.5708309999999,0
			41.0039370000001,-73.570663,0
			41.0036130000001,-73.5705569999999,0
			41.003334,-73.5705179999999,0
			41.0029950000001,-73.5704349999999,0
			41.0028380000001,-73.5703959999999,0
			41.0024990000001,-73.5703959999999,0
			41.0019000000001,-73.5706709999998,0
			41.0013890000001,-73.5713879999999,0
			41.0013890000001,-73.5747219999999,0
			41.0016670000002,-73.5749969999999,0
			41.0016670000002,-73.5755539999999,0
			41.0013890000001,-73.575836,0
			41.0013890000001,-73.576942,0
			41.0016670000002,-73.5772249999999,0
			41.0016670000002,-73.5783999999999,0
			41.0016670000002,-73.5788879999999,0
			41.0015260000001,-73.579033,0
			41.0013890000001,-73.57917,0
			41.001431,-73.579453,0
			41.0011100000001,-73.5797199999999,0
			41.0011100000001,-73.580002,0
			41.0008320000002,-73.580276,0
			41.0008320000002,-73.5830539999999,0
			41.0005570000002,-73.583336,0
			41.0005570000002,-73.583611,0
			41.0008320000002,-73.5838849999999,0
			41.0008320000002,-73.5847239999999,0
			41.001625,-73.5855559999999,0
			41.0019450000001,-73.5855559999999,0
			41.0022240000001,-73.585831,0
			41.0027200000001,-73.585831,0
			41.0036130000001,-73.585831,0
			41.0038870000002,-73.586113,0
			41.0041660000002,-73.586113,0
			41.0044440000001,-73.585831,0
			41.0050010000002,-73.585831,0
			41.0052800000001,-73.5855559999999,0
			41.005833,-73.584999,0
			41.0061110000001,-73.585281,0
			41.0063900000001,-73.584999,0
			41.006668,-73.5847239999999,0
			41.0069430000001,-73.584442,0
			41.0071450000001,-73.5840909999999,0
			41.0074010000001,-73.5839229999999,0
			41.0075000000002,-73.5838849999999,0
			41.0075000000002,-73.583611,0
			41.007462,-73.583336,0
			41.0077780000001,-73.582779,0
			41.0077780000001,-73.582275,0
			41.0077780000001,-73.581665,0
			41.0075000000002,-73.5813899999999,0
			41.0075000000002,-73.581108,0
			41.0063900000001,-73.580002,0
			41.005833,-73.580002,0
			41.0055540000001,-73.580276,0
			41.0044440000001,-73.5813899999999,0
			41.0041660000002,-73.5813899999999,0
			41.0039100000001,-73.5818629999999,0
			41.0038870000002,-73.5822219999999,0
			41.0036130000001,-73.582497,0
			41.0036130000001,-73.5830539999999,0
			41.0030560000002,-73.583611,0
			41.0024990000001,-73.583611,0
			41.0016670000002,-73.582779,0
			41.0019450000001,-73.582497,0
			41.0019450000001,-73.581665,0
			41.0024990000001,-73.581108,0
			41.0027770000002,-73.581108,0
			41.0036130000001,-73.580276,0
			41.0038870000002,-73.580276,0
			41.0047230000001,-73.579445,0
			41.0047230000001,-73.5788879999999,0
			41.0050010000002,-73.578613,0
			41.0047230000001,-73.5783309999998,0
			41.0047230000001,-73.5780559999999,0
			41.0041660000002,-73.577499,0
			41.0041660000002,-73.576942,0
			41.0038870000002,-73.576668,0
			41.0038870000002,-73.576111,0
			41.0047230000001,-73.575279,0
			41.0050010000002,-73.575279,0
			41.0055540000001,-73.5747219999999,0
			41.0061110000001,-73.5747219999999,0
			41.0063900000001,-73.574448,0
			41.0063900000001,-73.5741649999998,0
			41.0069430000001,-73.5736079999999,0
			41.0072210000002,-73.5736079999999,0
			41.0075000000002,-73.573334,0
			41.0077780000001,-73.573334,0
			41.0077780000001,-73.5730589999999,0
			41.0080570000001,-73.572777,0
			41.0086100000001,-73.5722199999999,0
			41.0086100000001,-73.571945,0
			41.009167,-73.5713879999999,0
			41.009167,-73.571114,0
			41.0097240000001,-73.5705569999999,0
			41.009998,-73.5705569999999,0
			41.0105550000001,-73.5699999999998,0
			41.0110660000001,-73.569946,0
			41.0116650000002,-73.5697249999999,0
			41.0119440000001,-73.5694429999999,0
			41.0127790000001,-73.5694429999999,0
			41.013332,-73.5699999999998,0
			41.013332,-73.5705569999999,0
			41.0130540000001,-73.5708309999999,0
			41.0130540000001,-73.571114,0
			41.0131570000001,-73.571663,0
			41.0133590000002,-73.5719379999999,0
			41.013428,-73.5720289999999,0
			41.013767,-73.5720599999999,0
			41.0141180000001,-73.5717619999999,0
			41.0144270000001,-73.571335,0
			41.0147170000001,-73.5708919999999,0
			41.0151600000002,-73.570618,0
			41.0156970000002,-73.570503,0
			41.0159000000001,-73.570412,0
			41.0161820000001,-73.5702739999999,0
			41.0165900000002,-73.5699839999999,0
			41.016666,-73.5697249999999,0
			41.016666,-73.5694429999999,0
			41.0163880000001,-73.5691679999998,0
			41.0163880000001,-73.5688859999999,0
			41.0161090000001,-73.5686109999999,0
			41.0161090000001,-73.5680539999999,0
			41.0163880000001,-73.56778,0
			41.016666,-73.567497,0
			41.0172230000001,-73.566948,0
			41.0175020000001,-73.566948,0
			41.017776,-73.5672229999999,0
			41.0183330000002,-73.56778,0
			41.0183330000002,-73.5680539999999,0
			41.0180550000001,-73.568336,0
			41.0180550000001,-73.5686109999999,0
			41.017776,-73.5688859999999,0
			41.0180550000001,-73.5691679999998,0
			41.0180550000001,-73.5694429999999,0
			41.0182880000002,-73.5696489999999,0
			41.0187300000001,-73.569946,0
			41.0192300000001,-73.570168,0
			41.019753,-73.5703129999999,0
			41.0202520000001,-73.5705259999999,0
			41.0204730000001,-73.5704349999999,0
			41.020775,-73.5703199999999,0
			41.0209310000001,-73.569801,0
			41.0208700000001,-73.56929,0
			41.0215680000001,-73.5691679999998,0
			41.022205,-73.569565,0
			41.0223050000001,-73.5699229999998,0
			41.0219460000001,-73.5702739999999,0
			41.0218090000001,-73.5705179999999,0
			41.0216670000001,-73.571114,0
			41.0216670000001,-73.5713729999999,0
			41.0216670000001,-73.571663,0
			41.0218470000001,-73.571945,0
			41.0219460000001,-73.5722199999999,0
			41.0219460000001,-73.572502,0
			41.0222210000001,-73.572777,0
			41.0223430000001,-73.572899,0
			41.022499,-73.573334,0
			41.022499,-73.5736079999999,0
			41.0227780000002,-73.5738909999999,0
			41.0230560000001,-73.5738909999999,0
			41.023373,-73.5735779999999,0
			41.0233350000001,-73.5730589999999,0
			41.0236130000002,-73.572777,0
			41.0236130000002,-73.572502,0
			41.0238880000001,-73.5722199999999,0
			41.0241660000001,-73.5722199999999,0
			41.024723,-73.572777,0
			41.024723,-73.5730589999999,0
			41.0252760000001,-73.5738909999999,0
			41.0261120000002,-73.5741649999998,0
			41.0269430000002,-73.5749969999999,0
			41.0266690000001,-73.5755539999999,0
			41.025833,-73.575836,0
			41.0255550000001,-73.575836,0
			41.0252760000001,-73.576111,0
			41.0244450000001,-73.576111,0
			41.0242350000001,-73.575905,0
			41.0241620000002,-73.575905,0
			41.0227780000002,-73.575836,0
			41.0222210000001,-73.575279,0
			41.0219460000001,-73.575279,0
			41.0214540000001,-73.57534,0
			41.021099,-73.575615,0
			41.0209160000002,-73.5760189999999,0
			41.0208970000002,-73.576523,0
			41.0206640000001,-73.5769649999999,0
			41.0201000000001,-73.5771789999999,0
			41.019455,-73.5773389999999,0
			41.0189480000002,-73.577827,0
			41.0189480000002,-73.578362,0
			41.0188520000001,-73.578529,0
			41.0188900000001,-73.5788879999999,0
			41.0187110000002,-73.57917,0
			41.0191080000001,-73.5794829999999,0
			41.0196230000001,-73.5790479999999,0
			41.0197220000001,-73.5788879999999,0
			41.02,-73.578613,0
			41.0208320000002,-73.578613,0
			41.0208320000002,-73.5788879999999,0
			41.0193940000001,-73.58033,0
			41.019165,-73.5805589999999,0
			41.018879,-73.5805359999999,0
			41.0186120000001,-73.580833,0
			41.0181240000001,-73.580833,0
			41.0175970000001,-73.5810319999999,0
			41.0174030000001,-73.581108,0
			41.0170860000002,-73.581184,0
			41.016666,-73.5813899999999,0
			41.0162510000002,-73.5817569999999,0
			41.0157700000001,-73.5820849999999,0
			41.0152210000001,-73.582321,0
			41.014736,-73.582657,0
			41.0143050000001,-73.5830609999999,0
			41.0139430000002,-73.5835109999999,0
			41.0137900000001,-73.5840529999999,0
			41.0140460000002,-73.5846099999999,0
			41.0144920000001,-73.585075,0
			41.0148350000001,-73.5855939999999,0
			41.0147320000001,-73.5862049999998,0
			41.014523,-73.58683,0
			41.0141910000001,-73.5873789999999,0
			41.0138590000001,-73.587952,0
			41.013611,-73.588608,0
			41.013332,-73.588608,0
			41.013332,-73.588333,0
			41.0122220000001,-73.5872189999999,0
			41.0113910000001,-73.5872189999999,0
			41.0105550000001,-73.5880579999999,0
			41.0105550000001,-73.588333,0
			41.011112,-73.5888899999999,0
			41.0113910000001,-73.5888899999999,0
			41.0116650000002,-73.588608,0
			41.0119440000001,-73.588608,0
			41.0127790000001,-73.589447,0
			41.0127790000001,-73.589996,0
			41.0122220000001,-73.5905529999999,0
			41.0122220000001,-73.5913929999999,0
			41.0116650000002,-73.591942,0
			41.0116650000002,-73.5922239999999,0
			41.011112,-73.592781,0
			41.011112,-73.5930559999999,0
			41.0113910000001,-73.59333,0
			41.0113910000001,-73.593613,0
			41.0119440000001,-73.5941699999999,0
			41.0119440000001,-73.594444,0
			41.012501,-73.5950009999999,0
			41.0127790000001,-73.5950009999999,0
			41.0130540000001,-73.5947189999999,0
			41.013332,-73.5947189999999,0
			41.013611,-73.594444,0
			41.0146900000001,-73.594017,0
			41.0154460000002,-73.5934139999999,0
			41.0159260000001,-73.5935899999999,0
			41.0157240000001,-73.5941699999999,0
			41.0153270000001,-73.5945819999999,0
			41.0145870000002,-73.5950009999999,0
			41.0149990000002,-73.5958329999999,0
			41.0152780000001,-73.5958329999999,0
			41.0155560000001,-73.596107,0
			41.015835,-73.596107,0
			41.0161090000001,-73.5963899999999,0
			41.0163880000001,-73.5963899999999,0
			41.016666,-73.596664,0
			41.016945,-73.596664,0
			41.0175020000001,-73.596107,0
			41.0175020000001,-73.5955579999999,0
			41.0172230000001,-73.595276,0
			41.0172230000001,-73.5950009999999,0
			41.0183330000002,-73.5938869999999,0
			41.0183030000001,-73.592529,0
			41.0186120000001,-73.5922239999999,0
			41.0186120000001,-73.5913929999999,0
			41.0188900000001,-73.59111,0
			41.019165,-73.59111,0
			41.0197220000001,-73.5905529999999,0
			41.02,-73.5905529999999,0
			41.0202790000002,-73.590279,0
			41.0205570000001,-73.590279,0
			41.0208320000002,-73.589996,0
			41.0211110000001,-73.589996,0
			41.0213890000001,-73.5897219999999,0
			41.0216670000001,-73.589645,0
			41.0220640000001,-73.589523,0
			41.0222430000002,-73.5898439999999,0
			41.0227170000001,-73.5905989999999,0
			41.022675,-73.591148,0
			41.0223390000001,-73.5921779999999,0
			41.0222210000001,-73.5922239999999,0
			41.0218620000001,-73.59269,0
			41.021606,-73.593018,0
			41.0220410000002,-73.593567,0
			41.0229190000002,-73.5931779999999,0
			41.023392,-73.5937729999999,0
			41.0236130000002,-73.5940089999999,0
			41.0238880000001,-73.5938869999999,0
			41.024433,-73.593781,0
			41.0249480000002,-73.5938869999999,0
			41.0254750000001,-73.594025,0
			41.0257380000002,-73.5940859999999,0
			41.0259930000001,-73.5941389999999,0
			41.0264820000001,-73.594116,0
			41.0269240000001,-73.5939559999999,0
			41.0273780000001,-73.593895,0
			41.027817,-73.5938799999999,0
			41.0282210000001,-73.593811,0
			41.0285760000002,-73.5936429999999,0
			41.0289190000001,-73.5935439999999,0
			41.0294650000001,-73.5933839999999,0
			41.0299990000001,-73.59333,0
			41.0308340000001,-73.5930559999999,0
			41.031982,-73.5927199999999,0
			41.0323140000002,-73.5924909999998,0
			41.0326880000002,-73.592278,0
			41.03315,-73.592117,0
			41.0336530000001,-73.5919039999999,0
			41.0341680000001,-73.5916669999999,0
			41.0344430000001,-73.5913929999999,0
			41.0352780000001,-73.5913929999999,0
			41.0355570000001,-73.59111,0
			41.0359540000001,-73.590996,0
			41.0361710000001,-73.5910719999999,0
			41.0362700000001,-73.59111,0
			41.0369450000002,-73.59111,0
			41.0373420000001,-73.591148,0
			41.0376400000001,-73.59095,0
			41.0378150000002,-73.5905909999999,0
			41.0379560000002,-73.5900799999999,0
			41.0383150000002,-73.5896,0
			41.0383530000001,-73.589325,0
			41.0383340000002,-73.589165,0
			41.0386120000001,-73.5888899999999,0
			41.0394440000002,-73.5888899999999,0
			41.0397220000001,-73.588608,0
			41.0402790000002,-73.588608,0
			41.0405540000002,-73.588333,0
			41.0408330000002,-73.588333,0
			41.0411720000001,-73.5883709999999,0
			41.0419430000002,-73.588608,0
			41.0422210000001,-73.5888059999999,0
			41.0425000000001,-73.588608,0
			41.0427780000002,-73.5888439999999,0
			41.0431750000001,-73.5889659999999,0
			41.0433920000002,-73.588768,0
			41.0436710000001,-73.588692,0
			41.0438880000002,-73.588333,0
			41.044445,-73.588333,0
			41.044724,-73.5880579999999,0
			41.0449980000002,-73.5880579999999,0
			41.0455550000001,-73.5875019999999,0
			41.0458340000001,-73.5875019999999,0
			41.047779,-73.5855559999999,0
			41.0480540000001,-73.5855559999999,0
			41.048889,-73.5847239999999,0
			41.0491680000001,-73.5847239999999,0
			41.0494460000002,-73.584999,0
			41.0494460000002,-73.5855559999999,0
			41.048889,-73.586113,0
			41.048889,-73.5863879999999,0
			41.0486110000002,-73.5866699999999,0
			41.0486110000002,-73.5875019999999,0
			41.0483320000001,-73.5875019999999,0
			41.047779,-73.5880579999999,0
			41.0475010000001,-73.5880579999999,0
			41.0466650000001,-73.5888899999999,0
			41.0463910000001,-73.5888899999999,0
			41.045593,-73.588974,0
			41.0449180000001,-73.589287,0
			41.0444830000002,-73.5897599999999,0
			41.0436100000001,-73.589996,0
			41.0427780000002,-73.5898739999999,0
			41.042046,-73.5898739999999,0
			41.0413890000002,-73.5897219999999,0
			41.0408330000002,-73.590279,0
			41.0400010000001,-73.590279,0
			41.0397220000001,-73.5905529999999,0
			41.039165,-73.5905529999999,0
			41.0386120000001,-73.59111,0
			41.0386120000001,-73.591942,0
			41.0383340000002,-73.5922239999999,0
			41.0383340000002,-73.592781,0
			41.0377770000001,-73.592781,0
			41.0374980000001,-73.5930559999999,0
			41.0369450000002,-73.5930559999999,0
			41.0366670000001,-73.592781,0
			41.0352780000001,-73.592781,0
			41.035,-73.5930559999999,0
			41.0348700000001,-73.5934829999999,0
			41.034481,-73.5936429999999,0
			41.0340650000001,-73.593826,0
			41.0335920000001,-73.5938869999999,0
			41.0331040000002,-73.5939249999999,0
			41.032501,-73.5941699999999,0
			41.032501,-73.5950009999999,0
			41.0324630000001,-73.5952,0
			41.0325200000001,-73.595398,0
			41.0326810000001,-73.5956729999999,0
			41.0329970000002,-73.5958329999999,0
			41.0332150000001,-73.5958329999999,0
			41.0334320000001,-73.596107,0
			41.0336270000001,-73.596268,0
			41.0340840000001,-73.5965809999999,0
			41.03508,-73.5963059999999,0
			41.0353970000002,-73.5963059999999,0
			41.0357740000001,-73.5960689999999,0
			41.0360150000001,-73.596031,0
			41.0363880000001,-73.596664,0
			41.03643,-73.5967249999999,0
			41.036568,-73.596909,0
			41.037025,-73.597183,0
			41.0372660000001,-73.5975419999999,0
			41.0373420000001,-73.5982509999999,0
			41.0372240000002,-73.59861,0
			41.0374980000001,-73.598892,0
			41.0374980000001,-73.599442,0
			41.0375370000001,-73.5997999999999,0
			41.0372240000002,-73.6001209999999,0
			41.0367280000002,-73.599648,0
			41.036709,-73.598778,0
			41.0364910000001,-73.597862,0
			41.0359540000001,-73.5972669999999,0
			41.0351560000001,-73.5973429999999,0
			41.0344430000001,-73.5975039999999,0
			41.0341680000001,-73.597778,0
			41.033768,-73.597656,0
			41.0335880000001,-73.5973819999999,0
			41.0331920000002,-73.597183,0
			41.0330730000001,-73.5970609999999,0
			41.0327340000001,-73.596985,0
			41.03236,-73.596825,0
			41.032143,-73.596741,0
			41.0320210000001,-73.5964659999999,0
			41.0311890000002,-73.5962749999999,0
			41.030556,-73.596107,0
			41.030556,-73.5958329999999,0
			41.0302770000002,-73.5955579999999,0
			41.0299990000001,-73.5955579999999,0
			41.0296820000002,-73.5950779999999,0
			41.0292210000001,-73.595024,0
			41.028912,-73.5952609999999,0
			41.0286370000001,-73.5955889999999,0
			41.028435,-73.595993,0
			41.0281980000001,-73.5963899999999,0
			41.027946,-73.5967859999998,0
			41.027695,-73.5971759999999,0
			41.02766,-73.59726,0
			41.0275190000001,-73.59761,0
			41.0275040000001,-73.5979839999999,0
			41.027222,-73.5983349999999,0
			41.027222,-73.59861,0
			41.0273020000001,-73.598808,0
			41.0277790000001,-73.5997239999999,0
			41.027523,-73.6001209999999,0
			41.027042,-73.600243,0
			41.0265690000002,-73.600357,0
			41.0263900000001,-73.6005549999999,0
			41.0257720000001,-73.600319,0
			41.0255550000001,-73.600319,0
			41.0252760000001,-73.6002809999998,0
			41.025002,-73.6002809999998,0
			41.024723,-73.6005549999999,0
			41.0238110000001,-73.6011119999999,0
			41.0233500000001,-73.6011119999999,0
			41.0227780000002,-73.6011119999999,0
			41.0221480000001,-73.6013639999999,0
			41.02158,-73.601456,0
			41.0210190000001,-73.601349,0
			41.0205270000001,-73.6011119999999,0
			41.0200960000001,-73.6008299999999,0
			41.0197110000001,-73.600563,0
			41.0193410000001,-73.600357,0
			41.018959,-73.6002809999998,0
			41.0185930000001,-73.6003269999999,0
			41.0182500000002,-73.6006619999999,0
			41.017952,-73.6012269999999,0
			41.0177000000002,-73.6018139999999,0
			41.0172230000001,-73.6022189999999,0
			41.0175020000001,-73.6033329999999,0
			41.0172230000001,-73.6036149999999,0
			41.016945,-73.6036149999999,0
			41.0163880000001,-73.6041639999999,0
			41.015835,-73.6041639999999,0
			41.0155560000001,-73.6044459999998,0
			41.0155560000001,-73.6050029999999,0
			41.0152780000001,-73.6052779999998,0
			41.0152780000001,-73.6058349999999,0
			41.0149990000002,-73.60611,0
			41.0149990000002,-73.606392,0
			41.0147210000001,-73.6066669999999,0
			41.0147210000001,-73.606941,0
			41.0138890000001,-73.6077799999999,0
			41.013332,-73.607224,0
			41.0130540000001,-73.607224,0
			41.0127790000001,-73.6074979999999,0
			41.0124660000002,-73.6080929999999,0
			41.0122530000002,-73.608688,0
			41.0120960000001,-73.609314,0
			41.0117570000001,-73.6098789999999,0
			41.0114100000002,-73.6102909999999,0
			41.0113450000001,-73.6103669999999,0
			41.0108340000002,-73.6108319999999,0
			41.0108340000002,-73.611389,0
			41.0105550000001,-73.6116639999999,0
			41.0105550000001,-73.611946,0
			41.009998,-73.612503,0
			41.009998,-73.6127779999999,0
			41.0094450000001,-73.6133349999999,0
			41.0094450000001,-73.6141659999999,0
			41.009998,-73.6141659999999,0
			41.0113910000001,-73.6127779999999,0
			41.0119780000001,-73.612816,0
			41.0122220000001,-73.6130519999999,0
			41.0121500000001,-73.6131589999999,0
			41.011112,-73.614723,0
			41.0109140000002,-73.6150439999999,0
			41.0108340000002,-73.615395,0
			41.0108340000002,-73.615517,0
			41.0113910000001,-73.6158369999999,0
			41.0116650000002,-73.6158369999999,0
			41.0127790000001,-73.614723,0
			41.0127790000001,-73.6144409999998,0
			41.0130540000001,-73.6144409999998,0
			41.013332,-73.6141659999999,0
			41.0147210000001,-73.6141659999999,0
			41.0149990000002,-73.613892,0
			41.0152780000001,-73.613892,0
			41.015835,-73.6133349999999,0
			41.0161090000001,-73.6133349999999,0
			41.0163880000001,-73.6130519999999,0
			41.016945,-73.6130519999999,0
			41.0172230000001,-73.6127779999999,0
			41.0175020000001,-73.6127779999999,0
			41.0175020000001,-73.6130519999999,0
			41.017776,-73.6133349999999,0
			41.0180550000001,-73.6133349999999,0
			41.0183330000002,-73.6136089999998,0
			41.0183330000002,-73.613892,0
			41.0180550000001,-73.6141659999999,0
			41.017776,-73.6144409999998,0
			41.017776,-73.61528,0
			41.0175020000001,-73.615555,0
			41.0172230000001,-73.6158369999999,0
			41.016666,-73.6158369999999,0
			41.0163880000001,-73.616112,0
			41.0149990000002,-73.616112,0
			41.014446,-73.616669,0
			41.013332,-73.616669,0
			41.0130540000001,-73.616386,0
			41.0126910000001,-73.616386,0
			41.012501,-73.616386,0
			41.0122220000001,-73.616669,0
			41.0119440000001,-73.616669,0
			41.0116650000002,-73.6169429999999,0
			41.0113910000001,-73.6169429999999,0
			41.0108340000002,-73.6174999999999,0
			41.0105550000001,-73.6174999999999,0
			41.0102770000001,-73.6177749999999,0
			41.009998,-73.618057,0
			41.009998,-73.618614,0
			41.0108340000002,-73.619446,0
			41.011112,-73.619446,0
			41.0113910000001,-73.61972,0
			41.0125120000001,-73.619736,0
			41.0127790000001,-73.6200029999999,0
			41.013332,-73.6200029999999,0
			41.013611,-73.620277,0
			41.0138890000001,-73.620277,0
			41.014446,-73.620834,0
			41.0149990000002,-73.620834,0
			41.0152780000001,-73.620552,0
			41.0155560000001,-73.620552,0
			41.0163880000001,-73.621391,0
			41.015835,-73.6219479999999,0
			41.0155560000001,-73.6219479999999,0
			41.0152780000001,-73.622223,0
			41.014446,-73.622223,0
			41.013611,-73.621391,0
			41.0130540000001,-73.621391,0
			41.0127790000001,-73.621666,0
			41.012417,-73.621666,0
			41.0122220000001,-73.621666,0
			41.0119440000001,-73.621391,0
			41.0116650000002,-73.621391,0
			41.0108340000002,-73.622223,0
			41.0108340000002,-73.6227799999999,0
			41.0116650000002,-73.623611,0
			41.0123210000001,-73.623611,0
			41.0141680000002,-73.623611,0
			41.014446,-73.623886,0
			41.015835,-73.623886,0
			41.0161090000001,-73.6241679999999,0
			41.016666,-73.6241679999999,0
			41.016945,-73.624443,0
			41.016945,-73.624725,0
			41.0172230000001,-73.6249999999999,0
			41.0172230000001,-73.625557,0
			41.0175020000001,-73.625832,0
			41.0175020000001,-73.6261139999999,0
			41.0188900000001,-73.6275019999999,0
			41.0188900000001,-73.627777,0
			41.019165,-73.628052,0
			41.0188900000001,-73.6283339999999,0
			41.0183330000002,-73.6283339999999,0
			41.0180550000001,-73.628609,0
			41.0161090000001,-73.6266629999999,0
			41.0161090000001,-73.626389,0
			41.0149990000002,-73.625275,0
			41.0141680000002,-73.625275,0
			41.0138890000001,-73.625557,0
			41.0138890000001,-73.625832,0
			41.013611,-73.6261139999999,0
			41.013611,-73.626389,0
			41.0147210000001,-73.6275019999999,0
			41.0147210000001,-73.6283339999999,0
			41.0152780000001,-73.628891,0
			41.0152780000001,-73.6294479999999,0
			41.0149990000002,-73.6294479999999,0
			41.0147210000001,-73.629723,0
			41.0138890000001,-73.628891,0
			41.013332,-73.6283339999999,0
			41.013332,-73.627777,0
			41.0119440000001,-73.626389,0
			41.0116650000002,-73.626389,0
			41.0108340000002,-73.625557,0
			41.0108340000002,-73.6249999999999,0
			41.010605,-73.624771,0
			41.0094450000001,-73.623611,0
			41.008778,-73.6242749999998,0
			41.0085790000001,-73.624443,0
			41.0086100000001,-73.625275,0
			41.0083350000002,-73.625275,0
			41.0080570000001,-73.625557,0
			41.0080760000002,-73.624763,0
			41.0079120000001,-73.624649,0
			41.0071260000001,-73.6240839999999,0
			41.0063900000001,-73.6241679999999,0
			41.0061110000001,-73.624443,0
			41.0050010000002,-73.624443,0
			41.0047230000001,-73.624725,0
			41.0044440000001,-73.624725,0
			41.0041660000002,-73.6249999999999,0
			41.0038870000002,-73.6249999999999,0
			41.0036130000001,-73.625275,0
			41.003334,-73.625275,0
			41.0019450000001,-73.6266629999999,0
			41.0019450000001,-73.6269449999999,0
			41.0016670000002,-73.62722,0
			41.0016670000002,-73.6275019999999,0
			41.0013890000001,-73.627777,0
			41.0013890000001,-73.628891,0
			41.0019450000001,-73.6294479999999,0
			41.0019450000001,-73.629723,0
			41.0022240000001,-73.629997,0
			41.0027010000001,-73.630478,0
			41.0030560000002,-73.6308359999999,0
			41.003334,-73.6308359999999,0
			41.0044440000001,-73.632225,0
			41.0041660000002,-73.6324999999999,0
			41.0041660000002,-73.632774,0
			41.0036130000001,-73.6333309999999,0
			41.003334,-73.6333309999999,0
			41.0030290000001,-73.633057,0
			41.0024990000001,-73.6336139999999,0
			41.0024990000001,-73.633888,0
			41.0022240000001,-73.634163,0
			41.0022240000001,-73.63472,0
			41.0019450000001,-73.6350019999999,0
			41.0019450000001,-73.6352769999999,0
			41.0013890000001,-73.6358339999999,0
			41.0016670000002,-73.6361079999999,0
			41.0016670000002,-73.6363909999998,0
			41.0019450000001,-73.6366649999999,0
			41.0019450000001,-73.6369479999999,0
			41.0022240000001,-73.637222,0
			41.0022240000001,-73.6374969999999,0
			41.0036130000001,-73.638885,0
			41.0036130000001,-73.639168,0
			41.003334,-73.6394419999999,0
			41.0036130000001,-73.6397249999999,0
			41.0036130000001,-73.6399989999999,0
			41.0041660000002,-73.6405559999998,0
			41.0047230000001,-73.6405559999998,0
			41.0050010000002,-73.6402739999999,0
			41.0053560000001,-73.6402739999999,0
			41.0055540000001,-73.6402739999999,0
			41.005833,-73.6405559999998,0
			41.0061110000001,-73.6405559999998,0
			41.0063900000001,-73.6402739999999,0
			41.006668,-73.6405559999998,0
			41.006668,-73.6408309999999,0
			41.0072210000002,-73.641388,0
			41.0072210000002,-73.64167,0
			41.0077780000001,-73.64222,0
			41.0080570000001,-73.64222,0
			41.0083350000002,-73.6419449999999,0
			41.0086100000001,-73.6419449999999,0
			41.009167,-73.641388,0
			41.0094450000001,-73.64167,0
			41.0094450000001,-73.6419449999999,0
			41.0097240000001,-73.64222,0
			41.0097240000001,-73.642502,0
			41.0094450000001,-73.642502,0
			41.009167,-73.6427759999999,0
			41.0088880000001,-73.6427759999999,0
			41.0083350000002,-73.643333,0
			41.0075000000002,-73.643333,0
			41.0072210000002,-73.6436079999999,0
			41.0069430000001,-73.6436079999999,0
			41.0063900000001,-73.6441649999999,0
			41.0061110000001,-73.6441649999999,0
			41.005833,-73.6444469999999,0
			41.0056000000001,-73.6444469999999,0
			41.0044440000001,-73.6444469999999,0
			41.0044440000001,-73.6449969999999,0
			41.0036130000001,-73.645836,0
			41.003334,-73.645836,0
			41.0027770000002,-73.646385,0
			41.0022240000001,-73.646385,0
			41.0016670000002,-73.6469419999999,0
			41.0013890000001,-73.6469419999999,0
			41.0008320000002,-73.646385,0
			41.0000000000001,-73.6469419999999,0
			40.999443,-73.6469419999999,0
			40.9975010000001,-73.6488879999999,0
			40.9963870000001,-73.6497189999998,0
			40.9952770000001,-73.6505579999999,0
			40.9949990000002,-73.6508709999999,0
			40.9941670000001,-73.6513899999999,0
			40.99361,-73.651947,0
			40.9930570000001,-73.652496,0
			40.992908,-73.6525189999999,0
			40.9927370000001,-73.652664,0
			40.9925080000002,-73.652794,0
			40.9922830000002,-73.652969,0
			40.9919590000002,-73.653084,0
			40.9916690000002,-73.65329,0
			40.991268,-73.6533889999999,0
			40.9909060000001,-73.653587,0
			40.9905050000002,-73.6537549999998,0
			40.9900890000002,-73.6539309999999,0
			40.9896970000001,-73.654167,0
			40.9893110000001,-73.6544339999999,0
			40.9889220000001,-73.654716,0
			40.9886130000001,-73.6551059999999,0
			40.9883190000001,-73.6555329999999,0
			40.9879880000001,-73.6559299999999,0
			40.9876560000001,-73.656334,0
			40.9872740000001,-73.65667,0
			40.986927,-73.657005,0
			40.9867670000001,-73.6573559999999,0
			40.9869500000001,-73.657921,0
			40.987221,-73.658424,0
			40.9874990000001,-73.65889,0
			40.9877780000001,-73.65889,0
			40.9887310000001,-73.659096,0
			40.9889140000001,-73.659927,0
			40.9888950000002,-73.6606369999999,0
			40.989151,-73.660629,0
			40.9901700000001,-73.6605989999999,0
			40.99337,-73.6604459999999,0
			40.995171,-73.661079,0
			40.9969900000001,-73.6610259999999,0
			40.9992600000002,-73.6609729999999,0
			41.0019720000002,-73.660286,0
			41.0041890000001,-73.65934,0
			41.0048410000001,-73.6590579999999,0
			41.0064810000001,-73.658363,0
			41.0096700000001,-73.657036,0
			41.011902,-73.65699,0
			41.0254590000002,-73.6670529999999,0
			41.0360110000001,-73.675812,0
			41.1009220000001,-73.729721,0
			41.1432500000001,-73.637878,0
			41.2135620000001,-73.4838329999998,0
			41.2232090000001,-73.4923399999999,0
			41.247761,-73.5137019999999,0
			41.2932820000001,-73.5522689999999,0
			41.3637890000001,-73.5455319999999,0
			41.365330589,-73.5453847679999,0
			41.3696420000002,-73.544973,0
			41.3763768890001,-73.544329209,0
			41.376399999,-73.5443270009999,0
			41.4976810000001,-73.5332570009999,0
			41.4977877870002,-73.533248897,0
			41.522918736,-73.53134202,0
			41.6231307990002,-73.523002624,0
			41.6344297740001,-73.5221565389999,0
			41.637988548,-73.5218900529999,0
			41.6392288210001,-73.52179718,0
			41.6630401620001,-73.520027161,0
			41.6663322990001,-73.519849358,0
			41.667487841,-73.519786949,0
			41.6675605770002,-73.5197830139999,0
			41.7460289010001,-73.5133895879999,0
			41.7907905580001,-73.5098266609999,0
			41.8662300110001,-73.503807069,0
			41.8960990910001,-73.5009613029999,0
			41.9865303030002,-73.492340089,0
			41.9956512460001,-73.4919891349999,0
			42.049701691,-73.4900588999999,0
			42.0497322080002,-73.365837096,0
			42.0485610970002,-73.3342895509999,0
			42.0485420240001,-73.3331375119998,0
			42.0482101440002,-73.31326294,0
			42.0474700940001,-73.287399291,0
			42.0473022460002,-73.281089783,0
			42.043289185,-73.134117126,0
			42.040538789,-73.0543823239999,0
			42.0404891970001,-73.0528869619998,0
			42.0404891970001,-73.0516586309999,0
			42.0404586800001,-73.0482025149999,0
			42.0403289790001,-73.0405273429998,0
			42.0395202640001,-73.0086593619999,0
			42.0385093690002,-72.968811035,0
			42.0379295340001,-72.9397583009999,0
			42.0379219060002,-72.8989562989998,0
			42.037651061,-72.815536499,0
			42.0163917550001,-72.8168029789999,0
			41.9979095460001,-72.8181533819999,0
			42.0042915350002,-72.7686004629999,0
			42.023422242,-72.7633895879999,0
			42.0259704590001,-72.7596130369999,0
			42.0287208550001,-72.7572402949999,0
			42.0314216620002,-72.75653839,0
			42.0361518860001,-72.7574310299999,0
			42.0370903020001,-72.707733155,0
			42.0351104740001,-72.6801757819999,0
			42.0316200260001,-72.639938354,0
			42.0307197570001,-72.60949707,0
			42.0253105160001,-72.6071166979999,0
			42.0252418520001,-72.6040267939999,0
			42.0248413090001,-72.584777832,0
			42.030128479,-72.5732193,0
			42.0350494390001,-72.52633667,0
			42.0348892220001,-72.5094070439999,0
			42.0344009410001,-72.4744338979999,0
			42.0343017590002,-72.4587631219999,0
			42.0343589790002,-72.4521789549999,0
			42.03427887,-72.4476318349999,0
			42.03250122,-72.3489761349999,0
			42.0316085810001,-72.308197021,0
			42.031700135,-72.2933731089999,0
			42.0311508190001,-72.2321929919999,0
			42.0307502750002,-72.1364364619999,0
			42.0307388300002,-72.135818481,0
			42.0295104970001,-72.102310181,0
			42.0287399290001,-72.081436158,0
			42.0290718090002,-72.002983094,0
			42.0277214060001,-71.9762725819999,0
			42.0273818970002,-71.969612122,0
			42.026401519,-71.9435729979999,0
			42.0253906240002,-71.8855896,0
			42.0237998970001,-71.799102783,0
			42.0088920590001,-71.7979431159999,0
			41.9588088990001,-71.7971496589999,0
			41.9375801090001,-71.7968063349999,0
			41.9183998110001,-71.7963333129999,0
			41.8154106150001,-71.79371643,0
			41.7231712350001,-71.79044342,0
			41.694118501,-71.7897033699999,0
			41.6401290890001,-71.7882766729999,0
			41.638740539,-71.788238526,0
			41.6157525790001,-71.7889356,0
			41.5992390000002,-71.7894359999999,0
			41.5838510000001,-71.7899089999999,0
			41.568882,-71.7897869999999,0
			41.450901,-71.7961499999999,0
			41.418682,-71.797699,0
			41.4158400000001,-71.8001859999999,0
			41.41988,-71.8179629999998,0
			41.418972,-71.8210219999999,0
			41.4171410000001,-71.824066,0
			41.4157790000002,-71.826523,0
			41.4139520000002,-71.8301769999999,0
			41.412128,-71.8338469999999,0
			41.411209,-71.8362959999999,0
			41.4103010000001,-71.838737,0
			41.4093890000001,-71.840569,0
			41.40757,-71.8417889999999,0
			41.4053000000002,-71.84314,0
			41.4034920000001,-71.8437729999999,0
			41.4012220000001,-71.8431779999999,0
			41.398491,-71.8432079999999,0
			41.396221,-71.8429569999999,0
			41.3935010000002,-71.8429409999999,0
			41.39077,-71.840828,0
			41.388969,-71.838638,0
			41.3871610000002,-71.8374019999999,0
			41.384441,-71.8361659999999,0
			41.381721,-71.8349299999999,0
			41.37627,-71.8355179999999,0
			41.370819,-71.836723,0
			41.3667300000001,-71.8379209999999,0
			41.36446,-71.8391269999999,0
			41.3612790000001,-71.839729,0
			41.3599210000002,-71.8392029999999,0
			41.3596610000001,-71.8394619999999,0
			41.3574370000002,-71.8394619999999,0
			41.3566060000002,-71.8386309999999,0
			41.355492,-71.8386309999999,0
			41.3552170000002,-71.8383479999999,0
			41.3549390000001,-71.8383479999999,0
			41.3543820000002,-71.837791,0
			41.3541030000002,-71.837791,0
			41.3538280000001,-71.8375169999999,0
			41.3535500000001,-71.8375169999999,0
			41.352993,-71.8369599999999,0
			41.3527150000001,-71.8369599999999,0
			41.3524400000001,-71.8366849999999,0
			41.3524400000001,-71.8361739999999,0
			41.3500710000002,-71.8345869999999,0
			41.3493970000002,-71.834195,0
			41.3476870000001,-71.833199,0
			41.347229,-71.8329319999999,0
			41.344726,-71.831782,0
			41.3444710000001,-71.831665,0
			41.3441050000002,-71.832031,0
			41.343826,-71.8323139999999,0
			41.3435480000001,-71.8325879999999,0
			41.342716,-71.8325879999999,0
			41.3424380000001,-71.8323139999999,0
			41.341881,-71.8323139999999,0
			41.3416060000002,-71.8325879999999,0
			41.3413280000001,-71.8325879999999,0
			41.3410490000001,-71.832863,0
			41.3407710000002,-71.832863,0
			41.340492,-71.833145,0
			41.3391040000001,-71.834534,0
			41.3391040000001,-71.834808,0
			41.3388250000001,-71.8350909999999,0
			41.3388250000001,-71.835365,0
			41.3377150000001,-71.8364789999999,0
			41.3374370000002,-71.8364789999999,0
			41.3360480000001,-71.837868,0
			41.3360480000001,-71.838142,0
			41.3357700000001,-71.8384249999999,0
			41.3357700000001,-71.838699,0
			41.335217,-71.8392559999999,0
			41.335217,-71.839531,0
			41.334103,-71.8406449999999,0
			41.333828,-71.8409189999999,0
			41.333828,-71.8412019999998,0
			41.3335490000001,-71.8414759999999,0
			41.3335490000001,-71.8417589999999,0
			41.3332710000001,-71.842033,0
			41.3332710000001,-71.8425899999999,0
			41.332993,-71.842865,0
			41.332993,-71.8434219999999,0
			41.3327140000001,-71.843697,0
			41.3327140000001,-71.8442539999999,0
			41.3324390000002,-71.8445359999999,0
			41.3324390000002,-71.8448099999999,0
			41.3321610000001,-71.8450849999999,0
			41.3313260000002,-71.8450849999999,0
			41.3310470000001,-71.8453669999998,0
			41.3307230000001,-71.845612,0
			41.3307720000001,-71.8459239999999,0
			41.3310470000001,-71.8461989999998,0
			41.3313260000002,-71.846481,0
			41.3313260000002,-71.8467559999999,0
			41.3310470000001,-71.847031,0
			41.3310470000001,-71.847313,0
			41.330494,-71.8478699999999,0
			41.330494,-71.848145,0
			41.3302150000001,-71.8484189999999,0
			41.3302150000001,-71.8487009999999,0
			41.3299370000001,-71.8489759999999,0
			41.3299370000001,-71.8500899999999,0
			41.329659,-71.8503649999998,0
			41.329659,-71.8509219999999,0
			41.3293840000001,-71.851196,0
			41.3293840000001,-71.851479,0
			41.329659,-71.8517529999999,0
			41.329659,-71.8520359999999,0
			41.3299370000001,-71.85231,0
			41.3299370000001,-71.8528669999999,0
			41.329659,-71.8531419999999,0
			41.3293840000001,-71.8531419999999,0
			41.329105,-71.853424,0
			41.3288270000002,-71.853424,0
			41.3285480000001,-71.8531419999999,0
			41.32827,-71.8531419999999,0
			41.3279910000001,-71.8528669999999,0
			41.3277170000001,-71.8528669999999,0
			41.3265150000001,-71.8540649999998,0
			41.3260500000001,-71.8545299999998,0
			41.3260610000001,-71.8553769999999,0
			41.325771,-71.855644,0
			41.325771,-71.8559189999999,0
			41.3254930000002,-71.8562009999999,0
			41.3255730000002,-71.8567889999999,0
			41.3252140000001,-71.8570329999999,0
			41.3252870000002,-71.8576129999998,0
			41.3243830000001,-71.8584209999999,0
			41.3243830000001,-71.8587039999999,0
			41.3241040000001,-71.858978,0
			41.3238260000001,-71.8587039999999,0
			41.3232730000001,-71.8587039999999,0
			41.3227160000001,-71.8592529999999,0
			41.3227160000001,-71.8595349999999,0
			41.3224370000001,-71.85981,0
			41.3224370000001,-71.860092,0
			41.3224870000001,-71.86068,0
			41.3227350000002,-71.861115,0
			41.323093,-71.8614579999999,0
			41.32354,-71.8617019999999,0
			41.323856,-71.861755,0
			41.3240660000002,-71.8617939999999,0
			41.324577,-71.861938,0
			41.3250810000002,-71.862022,0
			41.325569,-71.862091,0
			41.325996,-71.8622589999999,0
			41.326447,-71.8623049999999,0
			41.3268930000002,-71.862312,0
			41.3273160000002,-71.862312,0
			41.3277130000001,-71.8623199999999,0
			41.3280410000001,-71.862389,0
			41.328205,-71.8626399999999,0
			41.3285480000001,-71.862587,0
			41.3310470000001,-71.862587,0
			41.3313260000002,-71.862312,0
			41.3318820000001,-71.8628689999999,0
			41.3318820000001,-71.863144,0
			41.3307720000001,-71.864258,0
			41.3293840000001,-71.864258,0
			41.329105,-71.863976,0
			41.32827,-71.863976,0
			41.3279880000002,-71.863846,0
			41.327808,-71.8641589999999,0
			41.3277360000001,-71.8645249999998,0
			41.327774,-71.864883,0
			41.3279530000001,-71.8652879999999,0
			41.3283160000001,-71.865555,0
			41.3287960000001,-71.8656229999999,0
			41.3292620000001,-71.8656689999999,0
			41.329487,-71.865898,0
			41.3296620000001,-71.866142,0
			41.329796,-71.8663789999999,0
			41.329777,-71.8666,0
			41.3296930000002,-71.8668289999999,0
			41.329659,-71.8670349999999,0
			41.3293840000001,-71.86731,0
			41.329105,-71.86731,0
			41.32827,-71.868141,0
			41.32827,-71.86898,0
			41.3285480000001,-71.869255,0
			41.3285480000001,-71.8695299999999,0
			41.329105,-71.870087,0
			41.3293840000001,-71.869812,0
			41.329659,-71.869812,0
			41.330494,-71.86898,0
			41.3307720000001,-71.86898,0
			41.3318820000001,-71.8678669999999,0
			41.3317640000001,-71.867722,0
			41.3318900000001,-71.8675229999998,0
			41.3318820000001,-71.86731,0
			41.3327450000001,-71.866508,0
			41.3327140000001,-71.865921,0
			41.332993,-71.865646,0
			41.332993,-71.864815,0
			41.3332710000001,-71.8645319999999,0
			41.3332710000001,-71.864258,0
			41.332993,-71.863976,0
			41.3332710000001,-71.8637009999999,0
			41.3332710000001,-71.863144,0
			41.3335490000001,-71.8628689999999,0
			41.3335490000001,-71.862587,0
			41.333828,-71.862312,0
			41.336327,-71.864815,0
			41.336327,-71.865646,0
			41.3360480000001,-71.865921,0
			41.3357700000001,-71.865921,0
			41.3354950000001,-71.8662029999999,0
			41.3354950000001,-71.866753,0
			41.335217,-71.8670349999999,0
			41.335217,-71.867592,0
			41.3349380000002,-71.8678669999999,0
			41.3349190000001,-71.868256,0
			41.3350180000001,-71.868462,0
			41.335155,-71.868683,0
			41.335247,-71.868927,0
			41.3353840000001,-71.8691479999999,0
			41.3355260000002,-71.8693769999999,0
			41.3356860000001,-71.869606,0
			41.335831,-71.8698729999999,0
			41.335945,-71.870171,0
			41.3359340000002,-71.87056,0
			41.3360670000002,-71.8709719999999,0
			41.3363150000001,-71.871338,0
			41.3367840000002,-71.8715289999999,0
			41.3373070000001,-71.871643,0
			41.3377690000002,-71.8718719999999,0
			41.3379820000002,-71.8721999999999,0
			41.3381120000001,-71.872551,0
			41.3382530000001,-71.8729169999999,0
			41.3383480000001,-71.873306,0
			41.338493,-71.8736719999999,0
			41.3384820000002,-71.8740839999999,0
			41.3382950000001,-71.8745349999999,0
			41.3381040000002,-71.8749849999999,0
			41.3378980000002,-71.87542,0
			41.3376050000001,-71.875786,0
			41.337349,-71.8762359999999,0
			41.3371240000001,-71.876762,0
			41.3368300000001,-71.8772429999999,0
			41.336525,-71.8777079999999,0
			41.3363610000002,-71.878166,0
			41.336327,-71.8786999999999,0
			41.3366050000001,-71.8786999999999,0
			41.3368840000001,-71.878975,0
			41.3374370000002,-71.878975,0
			41.3382720000002,-71.8798139999999,0
			41.339661,-71.8798139999999,0
			41.3399390000001,-71.8800889999999,0
			41.3402140000001,-71.8800889999999,0
			41.340492,-71.8803629999999,0
			41.3413280000001,-71.8803629999999,0
			41.3416060000002,-71.8806459999999,0
			41.3446620000001,-71.8806459999999,0
			41.3449360000002,-71.88092,0
			41.345215,-71.88092,0
			41.3457720000001,-71.8814769999998,0
			41.346325,-71.88092,0
			41.3466030000001,-71.88092,0
			41.34716,-71.8814769999998,0
			41.3474390000002,-71.8814769999998,0
			41.3477170000001,-71.881752,0
			41.3485490000002,-71.88092,0
			41.3491060000001,-71.88092,0
			41.34938,-71.8812029999999,0
			41.3499370000001,-71.8812029999999,0
			41.3502160000001,-71.8814769999998,0
			41.350494,-71.881752,0
			41.350494,-71.8819579999999,0
			41.3507730000002,-71.8819579999999,0
			41.3510480000002,-71.8816829999998,0
			41.3518830000002,-71.8816829999998,0
			41.3524400000001,-71.8822399999999,0
			41.3524400000001,-71.882515,0
			41.3521610000001,-71.882797,0
			41.3518830000002,-71.882797,0
			41.3516040000002,-71.8830719999999,0
			41.3507730000002,-71.8839039999999,0
			41.350494,-71.883629,0
			41.349659,-71.883629,0
			41.3493840000002,-71.883347,0
			41.3488270000001,-71.883347,0
			41.3485490000002,-71.883629,0
			41.3479920000001,-71.883629,0
			41.3477170000001,-71.8839039999999,0
			41.3474390000002,-71.8839039999999,0
			41.34716,-71.8841859999999,0
			41.346329,-71.8841859999999,0
			41.3457720000001,-71.8836979999999,0
			41.3454930000001,-71.8839799999999,0
			41.3454930000001,-71.8842539999999,0
			41.345215,-71.884537,0
			41.345215,-71.885086,0
			41.3441050000002,-71.8861999999999,0
			41.343826,-71.8861999999999,0
			41.3432690000001,-71.8856429999998,0
			41.342995,-71.8856429999998,0
			41.341061,-71.8875729999999,0
			41.3410420000001,-71.8877789999999,0
			41.3409540000001,-71.887955,0
			41.3404850000002,-71.8884659999999,0
			41.3402140000001,-71.8884199999999,0
			41.339661,-71.8889769999999,0
			41.339661,-71.8892519999999,0
			41.339859,-71.88945,0
			41.3399390000001,-71.8895339999999,0
			41.3394240000001,-71.890045,0
			41.339382,-71.8903659999999,0
			41.3387990000001,-71.8908999999999,0
			41.3391040000001,-71.8911969999999,0
			41.3391040000001,-71.8914789999999,0
			41.3388250000001,-71.8917539999999,0
			41.3388250000001,-71.892036,0
			41.3379940000001,-71.892868,0
			41.33736,-71.892868,0
			41.3368840000001,-71.892868,0
			41.3366050000001,-71.8931429999999,0
			41.336327,-71.8931429999999,0
			41.3346600000001,-71.8948139999999,0
			41.3346600000001,-71.895088,0
			41.3343810000001,-71.8953629999999,0
			41.3341060000001,-71.8955689999999,0
			41.3341060000001,-71.896126,0
			41.333828,-71.896408,0
			41.333828,-71.8975139999999,0
			41.3341060000001,-71.897797,0
			41.3341060000001,-71.8983459999999,0
			41.3342930000001,-71.898537,0
			41.3343810000001,-71.898628,0
			41.3354950000001,-71.898628,0
			41.3357700000001,-71.8989029999999,0
			41.3357700000001,-71.8991849999999,0
			41.3360480000001,-71.89946,0
			41.3360480000001,-71.9000169999999,0
			41.3357700000001,-71.900291,0
			41.3357700000001,-71.900574,0
			41.335217,-71.901131,0
			41.3349380000002,-71.901131,0
			41.3346600000001,-71.901405,0
			41.3343810000001,-71.901756,0
			41.334103,-71.902031,0
			41.3335490000001,-71.902588,0
			41.3333890000001,-71.902588,0
			41.3332710000001,-71.902588,0
			41.3318820000001,-71.9039759999999,0
			41.3310510000001,-71.903908,0
			41.3299370000001,-71.903908,0
			41.329659,-71.9041819999999,0
			41.3288270000002,-71.9041819999999,0
			41.3285480000001,-71.904457,0
			41.32827,-71.904457,0
			41.3274380000001,-71.905296,0
			41.3274380000001,-71.9058529999999,0
			41.32827,-71.9066849999999,0
			41.3285480000001,-71.9066849999999,0
			41.3288270000002,-71.90696,0
			41.329105,-71.90696,0
			41.3294300000001,-71.9072879999999,0
			41.3302150000001,-71.908073,0
			41.3307720000001,-71.908073,0
			41.3312990000001,-71.9083479999999,0
			41.3319240000001,-71.9083249999999,0
			41.332546,-71.9082339999999,0
			41.333046,-71.908447,0
			41.3334120000001,-71.908836,0
			41.3335490000001,-71.909531,0
			41.333828,-71.9098129999999,0
			41.333832,-71.910004,0
			41.333828,-71.910294,0
			41.3349380000002,-71.9114069999999,0
			41.335217,-71.9114069999999,0
			41.3354950000001,-71.9116819999999,0
			41.3360480000001,-71.911125,0
			41.3360480000001,-71.9107969999999,0
			41.3360480000001,-71.9106449999999,0
			41.336327,-71.9103699999999,0
			41.336327,-71.910088,0
			41.3366050000001,-71.9098129999999,0
			41.3369220000001,-71.9097669999999,0
			41.337162,-71.909462,0
			41.3374370000002,-71.909462,0
			41.3377150000001,-71.9091799999999,0
			41.3379940000001,-71.9091799999999,0
			41.3382720000002,-71.908905,0
			41.338551,-71.908905,0
			41.3388250000001,-71.90863,0
			41.339382,-71.90863,0
			41.3399390000001,-71.9091799999999,0
			41.3407710000002,-71.9091799999999,0
			41.3410490000001,-71.908905,0
			41.3416060000002,-71.909462,0
			41.341881,-71.909462,0
			41.3421590000001,-71.9091799999999,0
			41.3424380000001,-71.9091799999999,0
			41.342716,-71.908905,0
			41.3435480000001,-71.908905,0
			41.343826,-71.90863,0
			41.3435480000001,-71.9083479999999,0
			41.343826,-71.9081419999999,0
			41.3441050000002,-71.907867,0
			41.3441050000002,-71.907585,0
			41.343826,-71.9073099999999,0
			41.343826,-71.907036,0
			41.3432690000001,-71.9064789999999,0
			41.3432690000001,-71.906197,0
			41.342995,-71.905922,0
			41.342995,-71.9056469999999,0
			41.3432690000001,-71.905365,0
			41.343826,-71.905365,0
			41.3443830000001,-71.905922,0
			41.3446620000001,-71.9056469999999,0
			41.345215,-71.9056469999999,0
			41.346325,-71.904533,0
			41.34716,-71.904533,0
			41.3474390000002,-71.9048079999999,0
			41.3479920000001,-71.9048079999999,0
			41.3482700000002,-71.90509,0
			41.3485490000002,-71.90509,0
			41.3488270000001,-71.905365,0
			41.34938,-71.905365,0
			41.3502160000001,-71.906197,0
			41.3499370000001,-71.9064789999999,0
			41.3499370000001,-71.906754,0
			41.3466030000001,-71.906754,0
			41.3460500000002,-71.9073099999999,0
			41.3460500000002,-71.907585,0
			41.3457720000001,-71.907867,0
			41.3457720000001,-71.908699,0
			41.3454930000001,-71.908905,0
			41.3454930000001,-71.9091799999999,0
			41.345215,-71.909462,0
			41.3449360000002,-71.909462,0
			41.3446620000001,-71.9091799999999,0
			41.3441050000002,-71.909737,0
			41.3441050000002,-71.9100189999999,0
			41.3441050000002,-71.9103699999999,0
			41.3441050000002,-71.910919,0
			41.343826,-71.911201,0
			41.343826,-71.9116819999999,0
			41.3441050000002,-71.9119639999998,0
			41.3441050000002,-71.9122389999999,0
			41.3443830000001,-71.9125139999999,0
			41.3443830000001,-71.9127959999998,0
			41.3449360000002,-71.9133529999999,0
			41.345215,-71.9133529999999,0
			41.3454930000001,-71.913071,0
			41.346329,-71.913071,0
			41.3466030000001,-71.9133529999999,0
			41.3468820000001,-71.9133529999999,0
			41.34716,-71.913071,0
			41.3474390000002,-71.9133529999999,0
			41.3479920000001,-71.9133529999999,0
			41.3485490000002,-71.9139789999999,0
			41.3485490000002,-71.914253,0
			41.3479920000001,-71.9148099999999,0
			41.3479920000001,-71.9150919999999,0
			41.34716,-71.9159239999999,0
			41.34716,-71.9164809999999,0
			41.3468820000001,-71.9167559999999,0
			41.3468820000001,-71.91703,0
			41.3457720000001,-71.9181439999999,0
			41.3457720000001,-71.9187009999999,0
			41.3454930000001,-71.9189759999999,0
			41.3454930000001,-71.9192579999999,0
			41.3449360000002,-71.9198069999999,0
			41.3441050000002,-71.9206469999999,0
			41.3435480000001,-71.921204,0
			41.3432690000001,-71.9209209999999,0
			41.3432690000001,-71.9206469999999,0
			41.342995,-71.920364,0
			41.342995,-71.9192579999999,0
			41.3432690000001,-71.9189759999999,0
			41.3432690000001,-71.918419,0
			41.3432730000001,-71.918076,0
			41.3432730000001,-71.9166789999999,0
			41.342995,-71.9164049999999,0
			41.342995,-71.9158479999999,0
			41.342716,-71.9158479999999,0
			41.3424380000001,-71.9161299999999,0
			41.3416060000002,-71.9161299999999,0
			41.3416060000002,-71.9164049999999,0
			41.3413280000001,-71.9166789999999,0
			41.3410490000001,-71.9166789999999,0
			41.3407710000002,-71.9167559999999,0
			41.3402140000001,-71.9167559999999,0
			41.3399390000001,-71.91703,0
			41.339661,-71.9169619999998,0
			41.3393360000001,-71.916649,0
			41.3391040000001,-71.9166789999999,0
			41.3388250000001,-71.9164049999999,0
			41.337162,-71.9164049999999,0
			41.3368840000001,-71.9166789999999,0
			41.336327,-71.9166789999999,0
			41.3360480000001,-71.9164049999999,0
			41.3360480000001,-71.9161299999999,0
			41.3357700000001,-71.9161299999999,0
			41.3354950000001,-71.9164049999999,0
			41.3349380000002,-71.9164049999999,0
			41.3346600000001,-71.9161299999999,0
			41.3343810000001,-71.9161299999999,0
			41.333828,-71.9155729999999,0
			41.3335490000001,-71.9155729999999,0
			41.3332710000001,-71.9158479999999,0
			41.332993,-71.9158479999999,0
			41.3327140000001,-71.9161299999999,0
			41.3324390000002,-71.9161299999999,0
			41.3318820000001,-71.9166789999999,0
			41.3312950000001,-71.916794,0
			41.3308300000001,-71.91713,0
			41.33041,-71.9175489999999,0
			41.330002,-71.9179759999999,0
			41.329689,-71.918442,0
			41.3294600000001,-71.9189379999999,0
			41.3291740000001,-71.919403,0
			41.328873,-71.9198529999999,0
			41.3285710000001,-71.9203109999999,0
			41.3282430000002,-71.9207149999999,0
			41.328083,-71.9211809999999,0
			41.3282510000001,-71.921646,0
			41.3285480000001,-71.9217529999999,0
			41.3286590000001,-71.921867,0
			41.3288270000002,-71.9220349999999,0
			41.329105,-71.9220349999999,0
			41.3293910000001,-71.9219669999999,0
			41.3300400000001,-71.921837,0
			41.3306010000002,-71.9219209999999,0
			41.3309520000001,-71.922249,0
			41.3310050000001,-71.922791,0
			41.330704,-71.9233469999999,0
			41.3303150000002,-71.923897,0
			41.3299370000001,-71.9242549999999,0
			41.3299370000001,-71.92453,0
			41.3302150000001,-71.9248119999999,0
			41.3302150000001,-71.9250869999999,0
			41.3307720000001,-71.9256439999999,0
			41.3313260000002,-71.9256439999999,0
			41.331604,-71.925369,0
			41.3321610000001,-71.9248119999999,0
			41.3321610000001,-71.92453,0
			41.3324390000002,-71.9242549999999,0
			41.3327140000001,-71.9242549999999,0
			41.332993,-71.92453,0
			41.3332710000001,-71.92453,0
			41.3335490000001,-71.9248119999999,0
			41.334103,-71.925369,0
			41.333828,-71.9256439999999,0
			41.333828,-71.9259189999999,0
			41.3335490000001,-71.9262009999998,0
			41.3335490000001,-71.9267579999999,0
			41.3332710000001,-71.9270319999999,0
			41.3327140000001,-71.9270319999999,0
			41.3325390000001,-71.927315,0
			41.33289,-71.927711,0
			41.332901,-71.92794,0
			41.3327600000001,-71.9281389999999,0
			41.3326760000001,-71.928413,0
			41.332542,-71.928688,0
			41.3326720000001,-71.928978,0
			41.3327640000001,-71.929291,0
			41.3329890000001,-71.9295429999999,0
			41.3332670000001,-71.9297559999999,0
			41.3336790000001,-71.9298019999999,0
			41.3341290000001,-71.929817,0
			41.3345680000002,-71.929863,0
			41.3349300000001,-71.9300839999999,0
			41.3352660000002,-71.9303439999999,0
			41.3355900000001,-71.9305949999999,0
			41.3359030000001,-71.930824,0
			41.336018,-71.9310459999999,0
			41.335949,-71.9312589999999,0
			41.3356970000002,-71.93145,0
			41.335365,-71.93161,0
			41.3350720000001,-71.931747,0
			41.3348120000001,-71.931892,0
			41.334667,-71.9321289999999,0
			41.3343810000001,-71.932312,0
			41.334103,-71.9325869999999,0
			41.334103,-71.933144,0
			41.3349380000002,-71.9339749999999,0
			41.335217,-71.933701,0
			41.3354950000001,-71.933701,0
			41.336327,-71.932869,0
			41.3366050000001,-71.933144,0
			41.3368840000001,-71.933144,0
			41.3374370000002,-71.933701,0
			41.3374370000002,-71.935646,0
			41.3377150000001,-71.9359209999999,0
			41.3377150000001,-71.9361269999999,0
			41.3388250000001,-71.9361269999999,0
			41.3391040000001,-71.935852,0
			41.339382,-71.935852,0
			41.339661,-71.9361269999999,0
			41.3399390000001,-71.9361269999999,0
			41.3402180000001,-71.936409,0
			41.3407710000002,-71.936409,0
			41.3413280000001,-71.9369579999999,0
			41.3424380000001,-71.936409,0
			41.3424380000001,-71.9361269999999,0
			41.3432730000001,-71.9352949999999,0
			41.3443830000001,-71.9352949999999,0
			41.3446620000001,-71.9350129999999,0
			41.3449360000002,-71.9350129999999,0
			41.3457720000001,-71.9341809999999,0
			41.3460500000002,-71.9341809999999,0
			41.346329,-71.9344639999999,0
			41.3468820000001,-71.9344639999999,0
			41.34716,-71.934738,0
			41.3474390000002,-71.934738,0
			41.3477170000001,-71.9350129999999,0
			41.3482700000002,-71.9350129999999,0
			41.3485490000002,-71.9352949999999,0
			41.3488270000001,-71.9352949999999,0
			41.3491060000001,-71.93557,0
			41.3493840000002,-71.93557,0
			41.3499370000001,-71.9350129999999,0
			41.3507730000002,-71.9350129999999,0
			41.3510480000002,-71.9352949999999,0
			41.3513260000001,-71.9352949999999,0
			41.3516040000002,-71.93557,0
			41.3510480000002,-71.9361269999999,0
			41.3510480000002,-71.936409,0
			41.3502160000001,-71.936409,0
			41.349659,-71.9369579999999,0
			41.3493840000002,-71.9369579999999,0
			41.3491060000001,-71.937241,0
			41.3488270000001,-71.9369579999999,0
			41.3485490000002,-71.9369579999999,0
			41.3482700000002,-71.936684,0
			41.346329,-71.936684,0
			41.3454930000001,-71.937515,0
			41.345215,-71.937515,0
			41.3449360000002,-71.937241,0
			41.3443830000001,-71.937241,0
			41.3441050000002,-71.937515,0
			41.3432730000001,-71.937515,0
			41.342995,-71.937241,0
			41.342716,-71.937241,0
			41.3421590000001,-71.9377979999999,0
			41.341881,-71.9377979999999,0
			41.3416060000002,-71.938072,0
			41.3416060000002,-71.938347,0
			41.3407710000002,-71.939186,0
			41.340492,-71.939186,0
			41.3391040000001,-71.9377979999999,0
			41.3388250000001,-71.9377979999999,0
			41.338551,-71.938072,0
			41.3377150000001,-71.938072,0
			41.3377150000001,-71.9384229999999,0
			41.3374370000002,-71.938698,0
			41.3374370000002,-71.93898,0
			41.337158,-71.9392549999999,0
			41.337158,-71.939812,0
			41.3368840000001,-71.9400859999999,0
			41.3368840000001,-71.9412,0
			41.337158,-71.941475,0
			41.337158,-71.942314,0
			41.3374370000002,-71.9425889999999,0
			41.3374370000002,-71.942863,0
			41.3377150000001,-71.943146,0
			41.3377150000001,-71.9434199999999,0
			41.3374370000002,-71.9437029999999,0
			41.3368840000001,-71.9442519999999,0
			41.3368840000001,-71.944534,0
			41.3366050000001,-71.944809,0
			41.3366050000001,-71.9450909999999,0
			41.3359950000001,-71.9456329999999,0
			41.3360480000001,-71.9459229999999,0
			41.3357700000001,-71.946198,0
			41.3359220000001,-71.9463499999999,0
			41.3360480000001,-71.94648,0
			41.336327,-71.9467539999999,0
			41.3368840000001,-71.9467539999999,0
			41.3377150000001,-71.9459229999999,0
			41.3379940000001,-71.945641,0
			41.3382720000002,-71.945641,0
			41.3388250000001,-71.946198,0
			41.3388250000001,-71.94648,0
			41.3391040000001,-71.9467539999999,0
			41.3391040000001,-71.9470369999999,0
			41.3382720000002,-71.9478679999999,0
			41.3379940000001,-71.9478679999999,0
			41.3377150000001,-71.948143,0
			41.3360750000002,-71.948143,0
			41.3354950000001,-71.9487,0
			41.335217,-71.9487,0
			41.3349380000002,-71.948975,0
			41.3346600000001,-71.948975,0
			41.3343810000001,-71.9492569999999,0
			41.3332710000001,-71.950363,0
			41.3332710000001,-71.950645,0
			41.332993,-71.9509199999999,0
			41.332993,-71.9525909999999,0
			41.3327140000001,-71.9528659999999,0
			41.3327140000001,-71.953979,0
			41.332993,-71.9542539999999,0
			41.3327140000001,-71.9545359999999,0
			41.3327140000001,-71.9550859999999,0
			41.3324390000002,-71.9550859999999,0
			41.3321610000001,-71.9553679999999,0
			41.331604,-71.954811,0
			41.331604,-71.9545359999999,0
			41.3313260000002,-71.9542539999999,0
			41.3313260000002,-71.953979,0
			41.3310470000001,-71.953697,0
			41.3307720000001,-71.953697,0
			41.330494,-71.953979,0
			41.3302150000001,-71.9542539999999,0
			41.3299370000001,-71.9542539999999,0
			41.329659,-71.953979,0
			41.3293840000001,-71.953979,0
			41.329105,-71.953697,0
			41.3288270000002,-71.9534229999999,0
			41.32827,-71.9534229999999,0
			41.3274380000001,-71.9542539999999,0
			41.3274380000001,-71.9545359999999,0
			41.32716,-71.954811,0
			41.32716,-71.9550859999999,0
			41.3274380000001,-71.9553679999999,0
			41.3277170000001,-71.9553679999999,0
			41.3279910000001,-71.955643,0
			41.3299370000001,-71.955643,0
			41.330494,-71.9561999999999,0
			41.330494,-71.9570309999999,0
			41.3304710000001,-71.957321,0
			41.3309970000001,-71.9575879999999,0
			41.331509,-71.957848,0
			41.3320580000001,-71.958023,0
			41.3326570000002,-71.9580759999999,0
			41.3332370000002,-71.957893,0
			41.3337780000002,-71.957603,0
			41.334232,-71.9571989999999,0
			41.3343810000001,-71.9570309999999,0
			41.3343810000001,-71.9561999999999,0
			41.3346600000001,-71.9559249999999,0
			41.3346600000001,-71.9553679999999,0
			41.3343810000001,-71.9550859999999,0
			41.3346600000001,-71.954811,0
			41.3346600000001,-71.9542539999999,0
			41.335217,-71.953697,0
			41.335217,-71.9531479999999,0
			41.3369180000001,-71.9514389999999,0
			41.3374370000002,-71.9509199999999,0
			41.3374370000002,-71.950645,0
			41.3377150000001,-71.950363,0
			41.3379940000001,-71.950363,0
			41.338551,-71.9509199999999,0
			41.3388250000001,-71.9509199999999,0
			41.3399390000001,-71.9520339999999,0
			41.339661,-71.952309,0
			41.339661,-71.9525909999999,0
			41.3388250000001,-71.9534839999998,0
			41.3388290000001,-71.953636,0
			41.338551,-71.953979,0
			41.3389320000001,-71.9543609999998,0
			41.339382,-71.954811,0
			41.339661,-71.954811,0
			41.3402140000001,-71.9542539999999,0
			41.340492,-71.9542539999999,0
			41.3410490000001,-71.954811,0
			41.3399390000001,-71.9559249999999,0
			41.3388250000001,-71.9570309999999,0
			41.338551,-71.9570309999999,0
			41.3382720000002,-71.9573139999998,0
			41.3379940000001,-71.9573139999998,0
			41.337761,-71.957558,0
			41.3374370000002,-71.9575879999999,0
			41.3374370000002,-71.957863,0
			41.3376430000002,-71.957977,0
			41.3377150000001,-71.958145,0
			41.3379940000001,-71.958145,0
			41.3388250000001,-71.958977,0
			41.3388250000001,-71.959259,0
			41.3391040000001,-71.9595339999999,0
			41.3391040000001,-71.9597399999999,0
			41.339661,-71.960297,0
			41.3399390000001,-71.960014,0
			41.340492,-71.960014,0
			41.3407710000002,-71.9597399999999,0
			41.3410490000001,-71.9597399999999,0
			41.3410490000001,-71.9595339999999,0
			41.3413280000001,-71.959259,0
			41.341881,-71.959259,0
			41.342175,-71.959045,0
			41.3424380000001,-71.958977,0
			41.342995,-71.9584199999999,0
			41.3435480000001,-71.9584199999999,0
			41.343826,-71.9587019999999,0
			41.343826,-71.958977,0
			41.3443830000001,-71.9595339999999,0
			41.3446620000001,-71.9595339999999,0
			41.3452110000001,-71.9601059999998,0
			41.3457720000001,-71.960091,0
			41.3460430000001,-71.960388,0
			41.3466030000001,-71.9603649999999,0
			41.346931,-71.9606929999999,0
			41.34716,-71.9609219999999,0
			41.3477130000001,-71.960976,0
			41.3479920000001,-71.9611969999999,0
			41.3479920000001,-71.9620359999999,0
			41.3477170000001,-71.9623109999999,0
			41.3477170000001,-71.963142,0
			41.3480420000001,-71.963432,0
			41.3480000000001,-71.963974,0
			41.3474390000002,-71.9645309999999,0
			41.34716,-71.9645309999999,0
			41.3457720000001,-71.9659189999999,0
			41.3457720000001,-71.9662019999999,0
			41.3454930000001,-71.9664759999999,0
			41.3457720000001,-71.966759,0
			41.3457720000001,-71.968147,0
			41.3460500000002,-71.968422,0
			41.3460500000002,-71.968628,0
			41.346329,-71.9689029999999,0
			41.3471830000001,-71.969139,0
			41.347607,-71.968971,0
			41.3485720000001,-71.96859,0
			41.3482700000002,-71.9680709999999,0
			41.347721,-71.967522,0
			41.3468820000001,-71.9666819999999,0
			41.3468820000001,-71.9664079999999,0
			41.34716,-71.9661249999999,0
			41.3477170000001,-71.9661249999999,0
			41.3478390000001,-71.966003,0
			41.3479920000001,-71.965851,0
			41.3482700000002,-71.9661249999999,0
			41.3485490000002,-71.9661249999999,0
			41.3488270000001,-71.9664079999999,0
			41.3491060000001,-71.9664079999999,0
			41.3493840000002,-71.9666819999999,0
			41.3507730000002,-71.9666819999999,0
			41.3513260000001,-71.9672389999999,0
			41.3513260000001,-71.967796,0
			41.3516040000002,-71.9680709999999,0
			41.3507730000002,-71.9689029999999,0
			41.3507730000002,-71.96946,0
			41.350494,-71.9697419999999,0
			41.350494,-71.9702909999999,0
			41.3499370000001,-71.9708479999998,0
			41.349659,-71.9708479999998,0
			41.3491060000001,-71.9705729999999,0
			41.3485490000002,-71.9706119999999,0
			41.3479350000002,-71.970932,0
			41.3477170000001,-71.9722369999999,0
			41.3474390000002,-71.972588,0
			41.3474390000002,-71.9728699999999,0
			41.34716,-71.973145,0
			41.34716,-71.973419,0
			41.3468820000001,-71.9737009999999,0
			41.3468820000001,-71.9739759999999,0
			41.3466030000001,-71.974258,0
			41.346325,-71.974258,0
			41.3460500000002,-71.9745329999999,0
			41.3457720000001,-71.9745329999999,0
			41.3454930000001,-71.9748079999998,0
			41.3449360000002,-71.9748079999998,0
			41.3446620000001,-71.9745329999999,0
			41.3446620000001,-71.974258,0
			41.3444820000001,-71.9740749999999,0
			41.3443830000001,-71.9739759999999,0
			41.3443830000001,-71.9737009999999,0
			41.3441050000002,-71.973419,0
			41.3441050000002,-71.973145,0
			41.343826,-71.9728699999999,0
			41.343826,-71.972588,0
			41.3435480000001,-71.972313,0
			41.3431590000001,-71.972717,0
			41.342716,-71.973145,0
			41.342995,-71.973419,0
			41.342995,-71.9737009999999,0
			41.3424380000001,-71.974258,0
			41.3424380000001,-71.97509,0
			41.3421590000001,-71.9753649999999,0
			41.3421590000001,-71.975647,0
			41.3416060000002,-71.9761959999999,0
			41.3416060000002,-71.976479,0
			41.3413280000001,-71.976753,0
			41.3413280000001,-71.9770359999999,0
			41.3416060000002,-71.97731,0
			41.3424380000001,-71.9781419999999,0
			41.3421590000001,-71.978424,0
			41.341881,-71.978424,0
			41.3416060000002,-71.9786989999999,0
			41.3402140000001,-71.9786989999999,0
			41.3399390000001,-71.9789809999999,0
			41.339661,-71.9789809999999,0
			41.339382,-71.979256,0
			41.3391040000001,-71.979256,0
			41.338551,-71.979813,0
			41.3382720000002,-71.979813,0
			41.3379940000001,-71.980087,0
			41.3374370000002,-71.980087,0
			41.337158,-71.979813,0
			41.3366050000001,-71.979813,0
			41.3363040000001,-71.9795149999999,0
			41.335217,-71.978424,0
			41.3346600000001,-71.978424,0
			41.3343810000001,-71.9781419999999,0
			41.332993,-71.9795299999999,0
			41.332993,-71.980919,0
			41.3327140000001,-71.9812009999999,0
			41.3327140000001,-71.981758,0
			41.3324550000001,-71.9820559999998,0
			41.3324390000002,-71.9823069999999,0
			41.3327140000001,-71.98259,0
			41.3324390000002,-71.9828639999999,0
			41.3324390000002,-71.9831469999999,0
			41.3307720000001,-71.98481,0
			41.3302150000001,-71.985092,0
			41.3279910000001,-71.985092,0
			41.3277170000001,-71.98481,0
			41.32716,-71.98481,0
			41.3266030000001,-71.984253,0
			41.3260690000002,-71.984253,0
			41.325771,-71.984253,0
			41.3254850000002,-71.984543,0
			41.3252140000001,-71.984253,0
			41.3249360000001,-71.9845349999999,0
			41.324661,-71.9845349999999,0
			41.3241040000001,-71.985092,0
			41.3238260000001,-71.985092,0
			41.3229940000002,-71.985924,0
			41.3227160000001,-71.986198,0
			41.3227420000001,-71.986519,0
			41.3225210000001,-71.9866869999999,0
			41.3224370000001,-71.986755,0
			41.3224370000001,-71.98703,0
			41.3218800000002,-71.987587,0
			41.321335,-71.9875259999999,0
			41.3210490000001,-71.9878689999999,0
			41.3207700000002,-71.9878689999999,0
			41.3204920000001,-71.987587,0
			41.3196600000002,-71.9875179999999,0
			41.3182720000001,-71.9875179999999,0
			41.3174360000002,-71.9883499999999,0
			41.317162,-71.9887009999999,0
			41.3160480000001,-71.9898149999999,0
			41.3160480000001,-71.9903639999999,0
			41.3163260000002,-71.9906459999999,0
			41.3166050000002,-71.9906459999999,0
			41.3168830000001,-71.990921,0
			41.3179930000001,-71.990921,0
			41.3182720000001,-71.9912029999999,0
			41.3185500000001,-71.9912029999999,0
			41.3188250000002,-71.9914779999999,0
			41.3191030000001,-71.9914779999999,0
			41.3193820000001,-71.991753,0
			41.3196450000002,-71.991753,0
			41.3199390000001,-71.991753,0
			41.3202170000001,-71.9920349999999,0
			41.3204920000001,-71.9920349999999,0
			41.3210490000001,-71.9925919999998,0
			41.3210490000001,-71.9928669999999,0
			41.3207700000002,-71.993141,0
			41.320549,-71.9933619999999,0
			41.3202170000001,-71.9936979999999,0
			41.3199390000001,-71.9936979999999,0
			41.3196600000002,-71.9939799999999,0
			41.3196600000002,-71.994255,0
			41.3193820000001,-71.9945299999999,0
			41.3193820000001,-71.9948119999999,0
			41.3196600000002,-71.995087,0
			41.3196600000002,-71.995369,0
			41.3201260000002,-71.9956589999999,0
			41.3204460000002,-71.996002,0
			41.3205030000001,-71.9960629999999,0
			41.3207630000001,-71.9963609999999,0
			41.321041,-71.9967269999999,0
			41.3212050000001,-71.9971079999999,0
			41.3210490000001,-71.9974819999999,0
			41.3208850000001,-71.9978559999999,0
			41.3210330000001,-71.998253,0
			41.3211670000002,-71.998634,0
			41.3209760000001,-71.998985,0
			41.3205300000002,-71.9991909999999,0
			41.319942,-71.9992679999999,0
			41.3193210000002,-71.9992829999999,0
			41.319218,-71.9997249999999,0
			41.3192520000002,-71.9999999999999,0
			41.3194430000001,-72.0005569999999,0
			41.3197210000001,-72.0005569999999,0
			41.32,-72.000832,0
			41.32111,-72.000832,0
			41.3213880000001,-72.001114,0
			41.321945,-72.001114,0
			41.3230550000001,-72.0022199999999,0
			41.324165,-72.0022199999999,0
			41.324444,-72.0025019999998,0
			41.3261110000001,-72.0025019999998,0
			41.326389,-72.0027769999999,0
			41.326668,-72.0027769999999,0
			41.3269460000001,-72.0030519999999,0
			41.327499,-72.0030519999999,0
			41.3277780000002,-72.0033339999999,0
			41.3280560000001,-72.0033339999999,0
			41.3285260000001,-72.0035549999999,0
			41.328888,-72.0036089999999,0
			41.3294450000001,-72.0036089999999,0
			41.329723,-72.0038909999999,0
			41.3302760000001,-72.0038909999999,0
			41.3305550000001,-72.0041659999999,0
			41.3302760000001,-72.004448,0
			41.328888,-72.004448,0
			41.328609,-72.0046389999999,0
			41.3277780000002,-72.004997,0
			41.327499,-72.004997,0
			41.3269460000001,-72.0055539999999,0
			41.3269460000001,-72.0061109999999,0
			41.326668,-72.0063859999999,0
			41.326668,-72.0066679999998,0
			41.3258320000001,-72.0074999999998,0
			41.3255540000001,-72.0074999999998,0
			41.3250010000001,-72.0080569999999,0
			41.3250010000001,-72.008614,0
			41.3258320000001,-72.009445,0
			41.3258320000001,-72.0097199999999,0
			41.3261110000001,-72.010002,0
			41.3261110000001,-72.0105589999999,0
			41.3258320000001,-72.010834,0
			41.3252790000002,-72.010834,0
			41.325481,-72.010323,0
			41.3247220000001,-72.0097199999999,0
			41.324165,-72.009163,0
			41.3238910000001,-72.009163,0
			41.3230550000001,-72.0083309999999,0
			41.3230550000001,-72.0077739999999,0
			41.323334,-72.0074999999998,0
			41.3236120000001,-72.0072249999999,0
			41.3236120000001,-72.0069429999999,0
			41.3250010000001,-72.0055539999999,0
			41.3250010000001,-72.004448,0
			41.3238910000001,-72.0033339999999,0
			41.322224,-72.0033339999999,0
			41.321945,-72.0036089999999,0
			41.3213880000001,-72.0036089999999,0
			41.32111,-72.0033339999999,0
			41.32111,-72.0027769999999,0
			41.320835,-72.0025019999998,0
			41.3202780000001,-72.0019449999999,0
			41.3191680000001,-72.0030519999999,0
			41.3188900000001,-72.0030519999999,0
			41.318611,-72.0033339999999,0
			41.3183330000002,-72.0033339999999,0
			41.3180540000001,-72.0036089999999,0
			41.3169440000001,-72.0036089999999,0
			41.3166660000001,-72.0038909999999,0
			41.3163870000001,-72.0038909999999,0
			41.3161130000001,-72.0036089999999,0
			41.3155560000001,-72.0036089999999,0
			41.315277,-72.0038909999999,0
			41.3149990000002,-72.0038909999999,0
			41.3147240000001,-72.0041659999999,0
			41.3144450000001,-72.0041659999999,0
			41.3138890000001,-72.0047229999999,0
			41.3133320000001,-72.0047229999999,0
			41.3125000000002,-72.0038909999999,0
			41.3122220000001,-72.0038909999999,0
			41.3119430000001,-72.0036089999999,0
			41.3105550000001,-72.0036089999999,0
			41.3102760000002,-72.0033339999999,0
			41.3100010000002,-72.0036089999999,0
			41.3091660000002,-72.0036089999999,0
			41.308887,-72.0038909999999,0
			41.308613,-72.0038909999999,0
			41.3083340000001,-72.0041659999999,0
			41.308117,-72.0041659999999,0
			41.3077770000002,-72.004448,0
			41.3069460000002,-72.004448,0
			41.3063890000001,-72.004997,0
			41.3063890000001,-72.0055539999999,0
			41.3066670000002,-72.005836,0
			41.3066670000002,-72.0061109999999,0
			41.3073920000001,-72.0066379999999,0
			41.3076590000002,-72.006828,0
			41.3080560000001,-72.0069429999999,0
			41.3080600000001,-72.007637,0
			41.3078770000001,-72.008003,0
			41.3081440000001,-72.0084919999999,0
			41.3080560000001,-72.009163,0
			41.3074990000001,-72.009163,0
			41.3071330000002,-72.0095289999999,0
			41.3069460000002,-72.0097199999999,0
			41.3069460000002,-72.010002,0
			41.3066670000002,-72.010277,0
			41.3066670000002,-72.0105589999999,0
			41.3069460000002,-72.010834,0
			41.3069460000002,-72.0111079999999,0
			41.3074990000001,-72.0116649999998,0
			41.3080560000001,-72.0116649999998,0
			41.3083340000001,-72.011948,0
			41.308613,-72.011948,0
			41.308887,-72.0116649999998,0
			41.3094440000001,-72.0116649999998,0
			41.3097230000001,-72.0113909999999,0
			41.3100010000002,-72.0113909999999,0
			41.3102760000002,-72.0111079999999,0
			41.3105550000001,-72.0111079999999,0
			41.3133320000001,-72.0138849999999,0
			41.3133320000001,-72.014168,0
			41.3136100000002,-72.014442,0
			41.3136100000002,-72.0147249999999,0
			41.3138890000001,-72.014999,0
			41.3138890000001,-72.0152739999999,0
			41.3141670000001,-72.0155559999999,0
			41.3141670000001,-72.0158309999998,0
			41.3144450000001,-72.016113,0
			41.3138890000001,-72.01667,0
			41.3138890000001,-72.016945,0
			41.3136100000002,-72.0172199999999,0
			41.3138890000001,-72.017502,0
			41.3138890000001,-72.017776,0
			41.3147240000001,-72.018608,0
			41.3149990000002,-72.018608,0
			41.315277,-72.0188899999999,0
			41.3155560000001,-72.018608,0
			41.3155560000001,-72.017776,0
			41.3158340000002,-72.017502,0
			41.3158340000002,-72.0172199999999,0
			41.3161130000001,-72.016945,0
			41.3161130000001,-72.0152739999999,0
			41.3166660000001,-72.0147249999999,0
			41.3169440000001,-72.0147249999999,0
			41.3172230000001,-72.014442,0
			41.317501,-72.014442,0
			41.3175850000001,-72.014359,0
			41.3180540000001,-72.0138849999999,0
			41.3180540000001,-72.013611,0
			41.318611,-72.013611,0
			41.3188900000001,-72.013336,0
			41.3191680000001,-72.013336,0
			41.3197210000001,-72.0138849999999,0
			41.3197210000001,-72.014168,0
			41.32,-72.014442,0
			41.32,-72.014565,0
			41.32,-72.0147249999999,0
			41.320835,-72.0155559999999,0
			41.32111,-72.0155559999999,0
			41.3213880000001,-72.0152739999999,0
			41.321945,-72.0152739999999,0
			41.322224,-72.014999,0
			41.3224980000002,-72.0152739999999,0
			41.3230550000001,-72.0152739999999,0
			41.323334,-72.0155559999999,0
			41.3238910000001,-72.0155559999999,0
			41.324165,-72.0158309999998,0
			41.3252790000002,-72.0158309999998,0
			41.3258320000001,-72.016945,0
			41.3261110000001,-72.0172199999999,0
			41.326717,-72.0172199999999,0
			41.3269460000001,-72.0172199999999,0
			41.3270840000002,-72.0176389999999,0
			41.3272210000001,-72.0180589999999,0
			41.327454,-72.01828,0
			41.327499,-72.0188899999999,0
			41.3272210000001,-72.0188899999999,0
			41.3272210000001,-72.0213849999999,0
			41.328888,-72.0213849999999,0
			41.3291660000001,-72.021667,0
			41.3302760000001,-72.021667,0
			41.3305550000001,-72.0213849999999,0
			41.3311120000002,-72.0213849999999,0
			41.3313900000001,-72.021111,0
			41.3316650000001,-72.021111,0
			41.3319440000001,-72.0213849999999,0
			41.332222,-72.0213849999999,0
			41.3327790000001,-72.021942,0
			41.3327790000001,-72.022499,0
			41.3330570000002,-72.022781,0
			41.3330570000002,-72.023613,0
			41.3336110000002,-72.0241699999999,0
			41.333332,-72.024445,0
			41.3327790000001,-72.024445,0
			41.332222,-72.023331,0
			41.3319440000001,-72.0230559999999,0
			41.3294450000001,-72.0230559999999,0
			41.3294450000001,-72.023613,0
			41.329723,-72.023613,0
			41.329723,-72.0238879999999,0
			41.3283350000001,-72.0238879999999,0
			41.3280560000001,-72.023613,0
			41.327499,-72.023613,0
			41.3272210000001,-72.0238879999999,0
			41.3269460000001,-72.0238879999999,0
			41.326668,-72.023613,0
			41.326389,-72.023613,0
			41.3261110000001,-72.023331,0
			41.3252790000002,-72.023331,0
			41.3250010000001,-72.0230559999999,0
			41.3247220000001,-72.0230559999999,0
			41.324444,-72.022781,0
			41.324165,-72.022781,0
			41.3238910000001,-72.0230559999999,0
			41.3236120000001,-72.0230559999999,0
			41.3230550000001,-72.022499,0
			41.3224980000002,-72.022499,0
			41.3216670000001,-72.021667,0
			41.3213880000001,-72.021667,0
			41.32111,-72.021942,0
			41.320835,-72.021942,0
			41.3205570000001,-72.0222239999999,0
			41.3202780000001,-72.0222239999999,0
			41.32,-72.022499,0
			41.3197210000001,-72.022499,0
			41.3188900000001,-72.023331,0
			41.3188900000001,-72.0238879999999,0
			41.3183330000002,-72.024445,0
			41.3183330000002,-72.0250019999999,0
			41.3178370000001,-72.0249249999999,0
			41.317501,-72.0250019999999,0
			41.3169440000001,-72.0250019999999,0
			41.3169440000001,-72.025276,0
			41.316902,-72.025909,0
			41.3166660000001,-72.026665,0
			41.3163870000001,-72.026947,0
			41.3163870000001,-72.0272219999999,0
			41.3155560000001,-72.0280529999999,0
			41.3149990000002,-72.0280529999999,0
			41.3147240000001,-72.0283359999999,0
			41.3143500000001,-72.0283359999999,0
			41.3133320000001,-72.0283359999999,0
			41.3119430000001,-72.0297239999999,0
			41.3119430000001,-72.029999,0
			41.3122220000001,-72.030281,0
			41.3125000000002,-72.030281,0
			41.3122750000002,-72.031326,0
			41.3126560000001,-72.032654,0
			41.3130570000001,-72.033607,0
			41.3130150000001,-72.034164,0
			41.3133320000001,-72.0350039999999,0
			41.3137090000002,-72.035156,0
			41.3141670000001,-72.0358349999999,0
			41.3144450000001,-72.036392,0
			41.3147240000001,-72.0366669999999,0
			41.3149990000002,-72.0366669999999,0
			41.315277,-72.036392,0
			41.3154260000001,-72.03656,0
			41.3155330000001,-72.0366819999999,0
			41.3161130000001,-72.0366669999999,0
			41.3163870000001,-72.036942,0
			41.3166660000001,-72.036942,0
			41.3169440000001,-72.0358349999999,0
			41.3172230000001,-72.0358349999999,0
			41.317501,-72.0355529999999,0
			41.3180540000001,-72.03611,0
			41.3183330000002,-72.0372239999999,0
			41.318611,-72.0372239999999,0
			41.3191680000001,-72.0377809999998,0
			41.3194430000001,-72.0386119999999,0
			41.3197210000001,-72.0388869999999,0
			41.3197210000001,-72.0391689999999,0
			41.3194430000001,-72.0400009999999,0
			41.3191680000001,-72.040276,0
			41.3191680000001,-72.040558,0
			41.3188900000001,-72.0408329999999,0
			41.3188900000001,-72.0411149999999,0
			41.32,-72.0422209999999,0
			41.3202780000001,-72.0422209999999,0
			41.3205570000001,-72.0419459999998,0
			41.320835,-72.0419459999998,0
			41.32111,-72.0416639999999,0
			41.32111,-72.0413889999999,0
			41.3216670000001,-72.0408329999999,0
			41.321945,-72.0408329999999,0
			41.322224,-72.040558,0
			41.3224980000002,-72.0400009999999,0
			41.3227770000001,-72.0397189999999,0
			41.3236120000001,-72.0397189999999,0
			41.3238910000001,-72.0391689999999,0
			41.324165,-72.0391689999999,0
			41.324165,-72.0386119999999,0
			41.3238910000001,-72.0383299999999,0
			41.3227770000001,-72.0383299999999,0
			41.3227770000001,-72.0380549999999,0
			41.3230550000001,-72.0380549999999,0
			41.3230550000001,-72.0374979999999,0
			41.3227770000001,-72.036942,0
			41.322224,-72.036942,0
			41.322224,-72.036392,0
			41.3224980000002,-72.036392,0
			41.3227770000001,-72.03611,0
			41.3236120000001,-72.03611,0
			41.324165,-72.0366669999999,0
			41.3250010000001,-72.0366669999999,0
			41.3252790000002,-72.0355529999999,0
			41.3261110000001,-72.0355529999999,0
			41.326389,-72.035278,0
			41.326668,-72.0355529999999,0
			41.3269460000001,-72.0355529999999,0
			41.3272210000001,-72.0347209999999,0
			41.3277780000002,-72.0347209999999,0
			41.3283350000001,-72.034164,0
			41.3294450000001,-72.034164,0
			41.329723,-72.0338899999999,0
			41.3305550000001,-72.0338899999999,0
			41.330833,-72.033607,0
			41.3311120000002,-72.0338899999999,0
			41.3313900000001,-72.0338899999999,0
			41.3316650000001,-72.033607,0
			41.3316650000001,-72.0333329999999,0
			41.3319440000001,-72.0330579999999,0
			41.3327790000001,-72.0330579999999,0
			41.3330570000002,-72.032776,0
			41.3334540000002,-72.0330119999999,0
			41.3338890000001,-72.032776,0
			41.334167,-72.0330579999999,0
			41.3355560000002,-72.0344469999999,0
			41.3363880000001,-72.0344469999999,0
			41.336666,-72.0347209999999,0
			41.3369450000002,-72.0347209999999,0
			41.3372230000001,-72.0344469999999,0
			41.3377760000002,-72.0344469999999,0
			41.3380550000002,-72.034164,0
			41.3386120000001,-72.034164,0
			41.3388900000002,-72.0338899999999,0
			41.3394430000001,-72.0338899999999,0
			41.3402790000002,-72.0347209999999,0
			41.3405570000001,-72.0350039999999,0
			41.3419460000001,-72.0350039999999,0
			41.3422240000002,-72.035278,0
			41.342499,-72.035278,0
			41.343334,-72.03611,0
			41.3438870000001,-72.03611,0
			41.3441660000001,-72.036392,0
			41.3444440000002,-72.036392,0
			41.3455540000002,-72.0374979999999,0
			41.345833,-72.0374979999999,0
			41.3461110000001,-72.0377809999998,0
			41.3461110000001,-72.0380549999999,0
			41.345833,-72.0380549999999,0
			41.3455540000002,-72.0383299999999,0
			41.3452760000001,-72.0380549999999,0
			41.3441660000001,-72.0380549999999,0
			41.3438870000001,-72.0377809999998,0
			41.3436130000002,-72.0377809999998,0
			41.343334,-72.0374979999999,0
			41.342499,-72.0374979999999,0
			41.3419460000001,-72.036942,0
			41.3416670000001,-72.036942,0
			41.3413890000002,-72.0372239999999,0
			41.3411100000002,-72.0372239999999,0
			41.3408320000001,-72.0366669999999,0
			41.3402790000002,-72.0366669999999,0
			41.34,-72.036392,0
			41.3377760000002,-72.036392,0
			41.3375020000001,-72.0366669999999,0
			41.3369450000002,-72.0366669999999,0
			41.336666,-72.0372239999999,0
			41.3363880000001,-72.0374979999999,0
			41.3352780000001,-72.0374979999999,0
			41.3349990000001,-72.036942,0
			41.334721,-72.036942,0
			41.3344460000002,-72.0372239999999,0
			41.334167,-72.0372239999999,0
			41.3336110000002,-72.03611,0
			41.3327790000001,-72.03611,0
			41.3325000000001,-72.036392,0
			41.3325000000001,-72.0366669999999,0
			41.332222,-72.0366669999999,0
			41.3319440000001,-72.036942,0
			41.3316650000001,-72.0377809999998,0
			41.3313900000001,-72.0377809999998,0
			41.3311120000002,-72.0374979999999,0
			41.330833,-72.036942,0
			41.3302760000001,-72.036942,0
			41.330002,-72.0374979999999,0
			41.329723,-72.0377809999998,0
			41.3294450000001,-72.0383299999999,0
			41.3291660000001,-72.0383299999999,0
			41.328888,-72.0408329999999,0
			41.328609,-72.0408329999999,0
			41.328609,-72.0416639999999,0
			41.328888,-72.0416639999999,0
			41.328888,-72.0425029999999,0
			41.3277780000002,-72.0425029999999,0
			41.327499,-72.0422209999999,0
			41.3272210000001,-72.0422209999999,0
			41.3269460000001,-72.0427779999998,0
			41.326668,-72.0427779999998,0
			41.326389,-72.0422209999999,0
			41.3258320000001,-72.0422209999999,0
			41.3252790000002,-72.0427779999998,0
			41.3250010000001,-72.0427779999998,0
			41.3247220000001,-72.043892,0
			41.3238910000001,-72.043892,0
			41.3236120000001,-72.04361,0
			41.3224980000002,-72.044724,0
			41.3224980000002,-72.0452799999999,0
			41.321945,-72.0458299999999,0
			41.321945,-72.0461119999999,0
			41.3216670000001,-72.0463869999999,0
			41.3213880000001,-72.0466689999999,0
			41.3213880000001,-72.047226,0
			41.3211750000001,-72.0482859999999,0
			41.32111,-72.048615,0
			41.320835,-72.048615,0
			41.320835,-72.049446,0
			41.32111,-72.049721,0
			41.321945,-72.049721,0
			41.322224,-72.050003,0
			41.3224980000002,-72.050003,0
			41.3227770000001,-72.0502779999999,0
			41.3230550000001,-72.0505519999999,0
			41.323334,-72.0505519999999,0
			41.323334,-72.0511089999998,0
			41.3230550000001,-72.051392,0
			41.3227770000001,-72.0519409999998,0
			41.3224980000002,-72.0519409999998,0
			41.3224980000002,-72.05278,0
			41.3227770000001,-72.053055,0
			41.3228150000001,-72.0533749999999,0
			41.323334,-72.053886,0
			41.3236120000001,-72.053886,0
			41.3238910000001,-72.054169,0
			41.3252790000002,-72.054169,0
			41.3258320000001,-72.053612,0
			41.3261110000001,-72.053886,0
			41.326389,-72.053886,0
			41.3269460000001,-72.0544429999999,0
			41.327499,-72.0544429999999,0
			41.3277780000002,-72.054726,0
			41.3283350000001,-72.054726,0
			41.328609,-72.0552749999999,0
			41.328609,-72.0558319999999,0
			41.329723,-72.056946,0
			41.3302760000001,-72.056946,0
			41.3305550000001,-72.0566639999999,0
			41.3311120000002,-72.0566639999999,0
			41.3313900000001,-72.056946,0
			41.3313900000001,-72.058052,0
			41.3316650000001,-72.058052,0
			41.3319440000001,-72.057777,0
			41.3325000000001,-72.057777,0
			41.3327790000001,-72.058052,0
			41.3330570000002,-72.058334,0
			41.3330570000002,-72.0586089999999,0
			41.333332,-72.0586089999999,0
			41.3336110000002,-72.058891,0
			41.3344460000002,-72.058891,0
			41.334721,-72.059166,0
			41.3355560000002,-72.059166,0
			41.335835,-72.0594479999999,0
			41.3361130000001,-72.0594479999999,0
			41.3363880000001,-72.059723,0
			41.336666,-72.059723,0
			41.3372230000001,-72.0602799999999,0
			41.336666,-72.0608369999999,0
			41.3361130000001,-72.0608369999999,0
			41.335835,-72.060555,0
			41.3352780000001,-72.060555,0
			41.3349990000001,-72.0602799999999,0
			41.3344460000002,-72.0602799999999,0
			41.334167,-72.060555,0
			41.3338890000001,-72.060555,0
			41.333332,-72.0599979999999,0
			41.3330570000002,-72.0599979999999,0
			41.3325000000001,-72.0594479999999,0
			41.332222,-72.0594479999999,0
			41.3319440000001,-72.059166,0
			41.3313900000001,-72.059166,0
			41.3311120000002,-72.058891,0
			41.3305550000001,-72.058891,0
			41.330002,-72.058334,0
			41.330002,-72.058052,0
			41.3291660000001,-72.05722,0
			41.328888,-72.05722,0
			41.3283350000001,-72.0566639999999,0
			41.3280560000001,-72.0566639999999,0
			41.327499,-72.056114,0
			41.3272210000001,-72.056114,0
			41.3269460000001,-72.0558319999999,0
			41.326668,-72.0559159999999,0
			41.326649,-72.056465,0
			41.3269460000001,-72.05722,0
			41.3269460000001,-72.0575029999999,0
			41.3266300000001,-72.058052,0
			41.3263130000001,-72.0574189999999,0
			41.3262140000001,-72.0568239999999,0
			41.3255540000001,-72.056114,0
			41.3252790000002,-72.0558319999999,0
			41.3250010000001,-72.0558319999999,0
			41.3247220000001,-72.055557,0
			41.324165,-72.055557,0
			41.323334,-72.056389,0
			41.323093,-72.0560379999999,0
			41.3228150000001,-72.056114,0
			41.322224,-72.0558319999999,0
			41.322224,-72.055557,0
			41.321945,-72.0552749999999,0
			41.3217930000001,-72.0552749999999,0
			41.3213880000001,-72.0552749999999,0
			41.32111,-72.055557,0
			41.3202780000001,-72.055557,0
			41.3197670000001,-72.055595,0
			41.3188900000001,-72.0552749999999,0
			41.318611,-72.055557,0
			41.318611,-72.0558319999999,0
			41.318611,-72.056389,0
			41.3188900000001,-72.0566639999999,0
			41.3191680000001,-72.0566639999999,0
			41.3194430000001,-72.056946,0
			41.3197210000001,-72.056946,0
			41.32,-72.05722,0
			41.3202780000001,-72.05722,0
			41.3205570000001,-72.056946,0
			41.320835,-72.056946,0
			41.3208470000001,-72.0570299999999,0
			41.32111,-72.059166,0
			41.3202780000001,-72.0599979999999,0
			41.32,-72.0599979999999,0
			41.32,-72.0602799999999,0
			41.3180540000001,-72.062225,0
			41.3180540000001,-72.0624999999999,0
			41.317226,-72.0624539999999,0
			41.3172910000001,-72.0622789999999,0
			41.3172300000002,-72.062218,0
			41.3166660000001,-72.0616679999999,0
			41.3158340000002,-72.0624999999999,0
			41.3158340000002,-72.062775,0
			41.3155560000001,-72.0636139999999,0
			41.315277,-72.0636139999999,0
			41.315277,-72.06472,0
			41.3155560000001,-72.06472,0
			41.3158340000002,-72.066391,0
			41.3161130000001,-72.066391,0
			41.3163870000001,-72.0666659999999,0
			41.3166660000001,-72.0666659999999,0
			41.3169440000001,-72.0669479999999,0
			41.3172230000001,-72.0669479999999,0
			41.317501,-72.0666659999999,0
			41.31778,-72.0669479999999,0
			41.318611,-72.0669479999999,0
			41.3188590000001,-72.067192,0
			41.3191680000001,-72.067497,0
			41.3191800000001,-72.0677949999999,0
			41.3194430000001,-72.068054,0
			41.3194430000001,-72.0683359999999,0
			41.3197900000001,-72.068565,0
			41.3197210000001,-72.068886,0
			41.32,-72.0691679999999,0
			41.32,-72.0694429999999,0
			41.3202780000001,-72.069725,0
			41.3202780000001,-72.0699999999999,0
			41.3205570000001,-72.070274,0
			41.3202780000001,-72.070557,0
			41.3202780000001,-72.0711139999999,0
			41.32,-72.0711139999999,0
			41.32,-72.071663,0
			41.3204150000001,-72.0723419999999,0
			41.3202930000001,-72.072525,0
			41.3204730000001,-72.072937,0
			41.320232,-72.073471,0
			41.3197020000001,-72.073509,0
			41.3195950000001,-72.0741579999999,0
			41.3188900000001,-72.074722,0
			41.3188900000001,-72.0749969999999,0
			41.3191680000001,-72.0752789999999,0
			41.3194430000001,-72.075554,0
			41.3202780000001,-72.075554,0
			41.3205570000001,-72.0752789999999,0
			41.32111,-72.0752789999999,0
			41.3222080000001,-72.0741499999999,0
			41.3224980000002,-72.0744479999999,0
			41.3224980000002,-72.074722,0
			41.3227770000001,-72.0749969999999,0
			41.3227770000001,-72.075554,0
			41.323334,-72.0761109999999,0
			41.3236120000001,-72.0761109999999,0
			41.3238910000001,-72.075836,0
			41.324444,-72.075836,0
			41.3252790000002,-72.076668,0
			41.3258320000001,-72.076668,0
			41.3261110000001,-72.0769419999999,0
			41.326389,-72.0769419999999,0
			41.326668,-72.0772249999999,0
			41.3269460000001,-72.0772249999999,0
			41.3272210000001,-72.0769419999999,0
			41.327499,-72.0772249999999,0
			41.3277780000002,-72.0777739999999,0
			41.3283350000001,-72.0783309999999,0
			41.328609,-72.0783309999999,0
			41.328888,-72.0786129999999,0
			41.3294450000001,-72.0786129999999,0
			41.329723,-72.078888,0
			41.330002,-72.078888,0
			41.3302760000001,-72.07917,0
			41.3305550000001,-72.07917,0
			41.330833,-72.0794449999999,0
			41.3311120000002,-72.0794449999999,0
			41.3313900000001,-72.07972,0
			41.332222,-72.07972,0
			41.3325000000001,-72.080002,0
			41.333332,-72.080002,0
			41.3336110000002,-72.0802759999999,0
			41.334167,-72.0802759999999,0
			41.334732,-72.079666,0
			41.3350070000001,-72.079712,0
			41.3352780000001,-72.0794449999999,0
			41.335541,-72.079803,0
			41.335835,-72.07972,0
			41.3359950000001,-72.07988,0
			41.3361130000001,-72.080002,0
			41.3363950000002,-72.079948,0
			41.336666,-72.0802759999999,0
			41.3369450000002,-72.080002,0
			41.3369980000001,-72.080055,0
			41.3372230000001,-72.0802759999999,0
			41.3383410000001,-72.080284,0
			41.3386120000001,-72.0805589999999,0
			41.3388900000002,-72.0805589999999,0
			41.339169,-72.080833,0
			41.3394430000001,-72.080833,0
			41.3397220000001,-72.0811079999999,0
			41.3402790000002,-72.0811079999999,0
			41.3405570000001,-72.0813899999999,0
			41.3408320000001,-72.0813899999999,0
			41.3411100000002,-72.0816649999999,0
			41.3413890000002,-72.0816649999999,0
			41.3436130000002,-72.083885,0
			41.3441660000001,-72.083885,0
			41.3447230000002,-72.083336,0
			41.3447230000002,-72.0830539999998,0
			41.3452760000001,-72.0824969999999,0
			41.345833,-72.0824969999999,0
			41.3461110000001,-72.0827789999999,0
			41.3461110000001,-72.0836109999999,0
			41.3469430000002,-72.0844419999999,0
			41.3475000000001,-72.0844419999999,0
			41.3477780000002,-72.0847239999999,0
			41.3480570000002,-72.0844419999999,0
			41.3483310000001,-72.084167,0
			41.3483310000001,-72.0830539999998,0
			41.3488880000002,-72.0824969999999,0
			41.3491670000001,-72.0827789999999,0
			41.3494450000001,-72.0827789999999,0
			41.349998,-72.083336,0
			41.3502770000002,-72.083336,0
			41.3508340000001,-72.083885,0
			41.3513870000002,-72.083885,0
			41.3516650000001,-72.0836109999999,0
			41.3522220000002,-72.0836109999999,0
			41.3525010000001,-72.083885,0
			41.353054,-72.083885,0
			41.3533330000001,-72.084167,0
			41.353889,-72.084167,0
			41.3541680000001,-72.0844419999999,0
			41.3550000000001,-72.0844419999999,0
			41.3552780000001,-72.0847239999999,0
			41.3561100000002,-72.0847239999999,0
			41.356388,-72.084999,0
			41.3566670000001,-72.084999,0
			41.3569450000001,-72.085281,0
			41.3574980000001,-72.085281,0
			41.3577770000001,-72.084999,0
			41.3580550000001,-72.084999,0
			41.3583340000001,-72.0847239999999,0
			41.3591650000001,-72.0844419999999,0
			41.3594440000001,-72.0847239999999,0
			41.359722,-72.0847239999999,0
			41.360001,-72.0844419999999,0
			41.3616680000001,-72.084999,0
			41.362221,-72.084999,0
			41.363056,-72.0847239999999,0
			41.3638880000001,-72.0847239999999,0
			41.3647230000001,-72.0847239999999,0
			41.365276,-72.0844419999999,0
			41.3663900000002,-72.083336,0
			41.3663900000002,-72.0830539999998,0
			41.366665,-72.0827789999999,0
			41.3669430000001,-72.0830539999998,0
			41.3672220000001,-72.0830539999998,0
			41.367779,-72.0836109999999,0
			41.3680570000001,-72.0836109999999,0
			41.3683470000001,-72.084503,0
			41.36861,-72.0844419999999,0
			41.368889,-72.0847239999999,0
			41.3691670000001,-72.0847239999999,0
			41.3694460000001,-72.084999,0
			41.36972,-72.084999,0
			41.369999,-72.085281,0
			41.3705560000001,-72.085281,0
			41.3708340000002,-72.0855559999999,0
			41.3716660000001,-72.0855559999999,0
			41.371944,-72.085831,0
			41.3722230000002,-72.085831,0
			41.3725010000001,-72.0861129999999,0
			41.3727760000001,-72.0861129999999,0
			41.3730550000001,-72.0863879999999,0
			41.3736110000001,-72.0863879999999,0
			41.3738900000001,-72.08667,0
			41.374443,-72.08667,0
			41.3747220000002,-72.0863879999999,0
			41.3750000000001,-72.08667,0
			41.375278,-72.08667,0
			41.3755570000002,-72.0869449999999,0
			41.3758320000002,-72.0869449999999,0
			41.3761100000001,-72.0872189999998,0
			41.3763890000001,-72.0872189999998,0
			41.3766670000002,-72.087502,0
			41.3769450000001,-72.087502,0
			41.3772240000001,-72.0877759999999,0
			41.3788870000002,-72.0880579999999,0
			41.3802800000001,-72.0880579999999,0
			41.3805540000001,-72.0877759999999,0
			41.3813900000002,-72.0877759999999,0
			41.381668,-72.087502,0
			41.3833350000002,-72.087502,0
			41.38361,-72.0872189999998,0
			41.3838880000001,-72.087502,0
			41.3844450000001,-72.087502,0
			41.3847240000002,-72.0872189999998,0
			41.3855550000002,-72.0872189999998,0
			41.3861120000001,-72.087502,0
			41.3880540000002,-72.088333,0
			41.3884160000001,-72.0878599999999,0
			41.388916,-72.0883939999999,0
			41.3889810000001,-72.089127,0
			41.3895000000001,-72.0896529999999,0
			41.3908200000001,-72.0901869999999,0
			41.391354,-72.0906219999999,0
			41.3916240000001,-72.090385,0
			41.393265,-72.091408,0
			41.3933600000001,-72.0921779999999,0
			41.3936120000001,-72.0919419999999,0
			41.394165,-72.092499,0
			41.394405,-72.0928039999999,0
			41.3950960000002,-72.092751,0
			41.3958210000001,-72.0935749999999,0
			41.3965340000001,-72.093376,0
			41.3976780000001,-72.0938869999999,0
			41.397778,-72.0935749999999,0
			41.398491,-72.09333,0
			41.3991660000002,-72.09333,0
			41.3991660000002,-72.0938869999999,0
			41.400002,-72.0938869999999,0
			41.400539,-72.094093,0
			41.4008100000001,-72.09417,0
			41.4018100000001,-72.094208,0
			41.4022450000002,-72.094208,0
			41.402222,-72.0947189999999,0
			41.4025000000001,-72.095001,0
			41.403057,-72.094444,0
			41.403332,-72.094444,0
			41.403332,-72.09417,0
			41.4038890000001,-72.09417,0
			41.404167,-72.0938869999999,0
			41.4044460000002,-72.09417,0
			41.405277,-72.09417,0
			41.405556,-72.0938869999999,0
			41.4094430000001,-72.0938869999999,0
			41.409721,-72.09333,0
			41.41,-72.09333,0
			41.410831,-72.092499,0
			41.4111100000002,-72.092499,0
			41.4113880000001,-72.0919419999999,0
			41.4116670000001,-72.091667,0
			41.412224,-72.091667,0
			41.4124980000001,-72.090836,0
			41.4124980000001,-72.089165,0
			41.4127770000001,-72.0888899999999,0
			41.4127770000001,-72.088333,0
			41.414165,-72.0869449999999,0
			41.4144440000002,-72.0869449999999,0
			41.4147220000001,-72.0872189999998,0
			41.4150010000001,-72.0872189999998,0
			41.4158330000002,-72.0880579999999,0
			41.4161110000001,-72.0880579999999,0
			41.416389,-72.088333,0
			41.416389,-72.0886079999999,0
			41.4177780000002,-72.0886079999999,0
			41.4180560000001,-72.0888899999999,0
			41.4183350000001,-72.089447,0
			41.4186100000001,-72.0897219999999,0
			41.4191670000002,-72.0897219999999,0
			41.419445,-72.089996,0
			41.4197240000001,-72.089996,0
			41.4199980000002,-72.0897219999999,0
			41.4205550000001,-72.089447,0
			41.4216650000001,-72.089447,0
			41.422779,-72.0905529999999,0
			41.4230540000001,-72.0905529999999,0
			41.4236110000002,-72.0911099999999,0
			41.4243470000001,-72.0910259999999,0
			41.4249420000002,-72.0910259999999,0
			41.425278,-72.090836,0
			41.4255560000001,-72.090836,0
			41.4258350000001,-72.0911099999999,0
			41.4261090000001,-72.0911099999999,0
			41.4263880000001,-72.0913929999999,0
			41.4266660000002,-72.0913929999999,0
			41.4269450000002,-72.091667,0
			41.4272230000001,-72.091667,0
			41.4275020000001,-72.0919419999999,0
			41.4277760000002,-72.0919419999999,0
			41.4280550000001,-72.092224,0
			41.4283330000001,-72.092224,0
			41.429443,-72.09333,0
			41.4297220000001,-72.09333,0
			41.4300000000001,-72.093613,0
			41.4302790000002,-72.093613,0
			41.4308320000001,-72.0930559999999,0
			41.4313890000001,-72.0930559999999,0
			41.4316670000001,-72.092781,0
			41.4316670000001,-72.092499,0
			41.431946,-72.092224,0
			41.431946,-72.0919419999999,0
			41.4322200000001,-72.091667,0
			41.4322200000001,-72.0913929999999,0
			41.4336130000002,-72.0913929999999,0
			41.4338870000001,-72.091667,0
			41.4347230000001,-72.091667,0
			41.4350010000001,-72.0913929999999,0
			41.435276,-72.0913929999999,0
			41.435555,-72.090836,0
			41.4366680000001,-72.090836,0
			41.4369430000002,-72.0897219999999,0
			41.4372220000001,-72.089165,0
			41.4375000000001,-72.0888899999999,0
			41.4377780000002,-72.088333,0
			41.4383320000001,-72.0877759999999,0
			41.4383320000001,-72.087502,0
			41.439445,-72.0863879999999,0
			41.439445,-72.085831,0
			41.4397240000002,-72.0855559999999,0
			41.4399990000001,-72.0855559999999,0
			41.441113,-72.0844419999999,0
			41.4413870000001,-72.0844419999999,0
			41.4416660000001,-72.0847239999999,0
			41.441944,-72.0847239999999,0
			41.4422230000002,-72.084999,0
			41.4427800000001,-72.084999,0
			41.444168,-72.0836109999999,0
			41.444168,-72.0830539999998,0
			41.444443,-72.0827789999999,0
			41.4447210000001,-72.0827789999999,0
			41.4450000000001,-72.0816649999999,0
			41.4458350000001,-72.0816649999999,0
			41.4461100000001,-72.0811079999999,0
			41.4463880000002,-72.0802759999999,0
			41.446667,-72.07917,0
			41.4472240000001,-72.07917,0
			41.447498,-72.078888,0
			41.447777,-72.07917,0
			41.4483340000001,-72.0786129999999,0
			41.4483340000001,-72.0783309999999,0
			41.4488910000002,-72.0777739999999,0
			41.4488910000002,-72.0774989999999,0
			41.450001,-72.076385,0
			41.450001,-72.0761109999999,0
			41.4502790000001,-72.075836,0
			41.4502790000001,-72.0752789999999,0
			41.450832,-72.074722,0
			41.450832,-72.0744479999999,0
			41.4516680000001,-72.0736079999999,0
			41.4516680000001,-72.0733339999999,0
			41.4530560000002,-72.0719449999999,0
			41.4530560000002,-72.071663,0
			41.4533350000002,-72.071663,0
			41.454166,-72.0708309999999,0
			41.454166,-72.070557,0
			41.4547230000001,-72.0699999999999,0
			41.4550020000001,-72.0699999999999,0
			41.455276,-72.069725,0
			41.4555550000002,-72.069725,0
			41.4558330000001,-72.0694429999999,0
			41.456665,-72.0694429999999,0
			41.4569440000002,-72.0691679999999,0
			41.4572220000001,-72.0691679999999,0
			41.4575000000002,-72.068886,0
			41.4588890000002,-72.068886,0
			41.4588890000002,-72.0683359999999,0
			41.4586110000001,-72.068054,0
			41.4588890000002,-72.0666659999999,0
			41.4591670000001,-72.066391,0
			41.4597210000001,-72.068054,0
			41.4599990000002,-72.068054,0
			41.4602780000002,-72.0683359999999,0
			41.4605560000001,-72.0683359999999,0
			41.4611130000001,-72.0677799999999,0
			41.4616660000001,-72.067497,0
			41.46389,-72.067223,0
			41.464169,-72.0669479999999,0
			41.4644430000002,-72.0669479999999,0
			41.4650000000001,-72.067497,0
			41.4655570000002,-72.0669479999999,0
			41.4655570000002,-72.066109,0
			41.4650000000001,-72.065552,0
			41.4650000000001,-72.06472,0
			41.4652790000001,-72.0644449999999,0
			41.4652790000001,-72.0641629999999,0
			41.4655570000002,-72.063889,0
			41.4655570000002,-72.063332,0
			41.4658320000001,-72.063057,0
			41.4658320000001,-72.062775,0
			41.4655570000002,-72.0624999999999,0
			41.4658320000001,-72.062225,0
			41.4658320000001,-72.061943,0
			41.466389,-72.061386,0
			41.4666670000001,-72.061386,0
			41.4669460000001,-72.061111,0
			41.467224,-72.061386,0
			41.4674990000001,-72.061386,0
			41.468334,-72.060555,0
			41.468334,-72.0599979999999,0
			41.4688870000002,-72.0594479999999,0
			41.4691660000001,-72.0594479999999,0
			41.4694440000001,-72.059723,0
			41.469723,-72.059723,0
			41.4700010000001,-72.0599979999999,0
			41.4702760000001,-72.0599979999999,0
			41.471668,-72.0594479999999,0
			41.471668,-72.059166,0
			41.4719430000001,-72.058891,0
			41.4722210000002,-72.058891,0
			41.4725000000001,-72.0586089999999,0
			41.4727780000001,-72.0586089999999,0
			41.4752770000001,-72.056114,0
			41.4755550000002,-72.056389,0
			41.4758340000001,-72.056389,0
			41.476387,-72.056946,0
			41.4766650000001,-72.056946,0
			41.4769440000001,-72.05722,0
			41.477222,-72.0575029999999,0
			41.4777790000001,-72.0575029999999,0
			41.4780540000002,-72.057777,0
			41.4783330000001,-72.0575029999999,0
			41.4786110000001,-72.05722,0
			41.4788890000001,-72.05722,0
			41.4788890000001,-72.057777,0
			41.4794430000001,-72.058334,0
			41.479721,-72.058334,0
			41.4800000000002,-72.058052,0
			41.4800000000002,-72.0575029999999,0
			41.4802780000001,-72.05722,0
			41.4800000000002,-72.056946,0
			41.4800000000002,-72.0566639999999,0
			41.479721,-72.056389,0
			41.479721,-72.056114,0
			41.4800000000002,-72.0558319999999,0
			41.4802780000001,-72.055557,0
			41.4808350000002,-72.055557,0
			41.4811100000001,-72.0558319999999,0
			41.4813880000001,-72.0558319999999,0
			41.4811100000001,-72.056389,0
			41.4811100000001,-72.0566639999999,0
			41.481945,-72.056114,0
			41.482224,-72.0558319999999,0
			41.4824980000001,-72.0558319999999,0
			41.4841650000002,-72.054169,0
			41.4847220000001,-72.054726,0
			41.4850010000001,-72.0549999999999,0
			41.4847220000001,-72.0552749999999,0
			41.4847220000001,-72.055557,0
			41.4824980000001,-72.057777,0
			41.482224,-72.058052,0
			41.481945,-72.058052,0
			41.4816670000001,-72.058052,0
			41.4813880000001,-72.058891,0
			41.4811100000001,-72.058891,0
			41.480556,-72.0594479999999,0
			41.4802780000001,-72.0602799999999,0
			41.4800000000002,-72.0602799999999,0
			41.479721,-72.0608369999999,0
			41.4794430000001,-72.061111,0
			41.4786110000001,-72.061111,0
			41.4783330000001,-72.061386,0
			41.4780540000002,-72.061386,0
			41.4775010000002,-72.0608369999999,0
			41.4769440000001,-72.0608369999999,0
			41.4766650000001,-72.060555,0
			41.476387,-72.060555,0
			41.4761120000001,-72.0602799999999,0
			41.4758340000001,-72.0602799999999,0
			41.4758340000001,-72.0599979999999,0
			41.4755550000002,-72.059723,0
			41.4755550000002,-72.0594479999999,0
			41.4752770000001,-72.059166,0
			41.4752770000001,-72.058891,0
			41.4744450000001,-72.058891,0
			41.474167,-72.059166,0
			41.473888,-72.0599979999999,0
			41.4736100000001,-72.0599979999999,0
			41.4733310000001,-72.060555,0
			41.473057,-72.060555,0
			41.4727780000001,-72.0602799999999,0
			41.4719430000001,-72.061111,0
			41.4719430000001,-72.061943,0
			41.471668,-72.062225,0
			41.4713900000002,-72.063057,0
			41.470554,-72.063057,0
			41.4702760000001,-72.063889,0
			41.4694440000001,-72.06472,0
			41.4691660000001,-72.0644449999999,0
			41.468334,-72.065552,0
			41.4669460000001,-72.0658339999999,0
			41.4666670000001,-72.0658339999999,0
			41.4666670000001,-72.0669479999999,0
			41.4674990000001,-72.067497,0
			41.4677770000001,-72.067223,0
			41.4680560000002,-72.067223,0
			41.4686130000001,-72.0669479999999,0
			41.469723,-72.0669479999999,0
			41.4711110000001,-72.067223,0
			41.471668,-72.0677799999999,0
			41.4719430000001,-72.0677799999999,0
			41.4722210000002,-72.068054,0
			41.4725000000001,-72.0691679999999,0
			41.4727780000001,-72.0691679999999,0
			41.473057,-72.0694429999999,0
			41.473057,-72.069725,0
			41.4733310000001,-72.0699999999999,0
			41.4736100000001,-72.0699999999999,0
			41.473888,-72.070274,0
			41.474167,-72.070274,0
			41.4747240000001,-72.0708309999999,0
			41.4752770000001,-72.0708309999999,0
			41.4755550000002,-72.0711139999999,0
			41.476387,-72.0711139999999,0
			41.4766650000001,-72.071388,0
			41.4769440000001,-72.071388,0
			41.477222,-72.071663,0
			41.4775010000002,-72.071388,0
			41.4788890000001,-72.071388,0
			41.4791680000001,-72.071663,0
			41.479721,-72.071663,0
			41.4800000000002,-72.071388,0
			41.480556,-72.071388,0
			41.4808350000002,-72.071663,0
			41.4811100000001,-72.071663,0
			41.4827770000001,-72.0727769999999,0
			41.483055,-72.0730589999998,0
			41.4833340000002,-72.0730589999998,0
			41.484444,-72.0741649999999,0
			41.4847220000001,-72.0741649999999,0
			41.485279,-72.075836,0
			41.485554,-72.0761109999999,0
			41.4858320000001,-72.0761109999999,0
			41.4861110000001,-72.076385,0
			41.4872210000001,-72.076385,0
			41.4874990000002,-72.076668,0
			41.487778,-72.076668,0
			41.4880560000001,-72.0769419999999,0
			41.4883350000001,-72.0769419999999,0
			41.488888,-72.0774989999999,0
			41.4891660000001,-72.0774989999999,0
			41.4894450000001,-72.0777739999999,0
			41.4902760000001,-72.0777739999999,0
			41.4905550000001,-72.0780559999998,0
			41.4916650000001,-72.0780559999998,0
			41.491943,-72.0783309999999,0
			41.492222,-72.0783309999999,0
			41.4925000000001,-72.0786129999999,0
			41.4930570000002,-72.0786129999999,0
			41.4933320000002,-72.078888,0
			41.4944460000002,-72.078888,0
			41.4947200000001,-72.07917,0
			41.4952770000002,-72.07917,0
			41.4955560000002,-72.0794449999999,0
			41.4961130000001,-72.0794449999999,0
			41.496387,-72.07972,0
			41.4980550000002,-72.07972,0
			41.4986110000002,-72.0802759999999,0
			41.4988900000001,-72.080002,0
			41.5000000000002,-72.080002,0
			41.5002780000001,-72.0802759999999,0
			41.5022240000001,-72.0802759999999,0
			41.5024990000002,-72.0805589999999,0
			41.5027770000001,-72.0805589999999,0
			41.5030560000001,-72.0802759999999,0
			41.5036130000001,-72.0802759999999,0
			41.5038870000001,-72.080002,0
			41.5041660000001,-72.0802759999999,0
			41.5066680000002,-72.0802759999999,0
			41.5069430000001,-72.080002,0
			41.5091670000002,-72.080002,0
			41.509445,-72.07972,0
			41.5099980000002,-72.07972,0
			41.5099980000002,-72.0794449999999,0
			41.5122220000001,-72.0772249999999,0
			41.5125010000001,-72.0772249999999,0
			41.5133320000002,-72.076385,0
			41.5138890000001,-72.076385,0
			41.5144460000001,-72.0769419999999,0
			41.5155560000001,-72.0769419999999,0
			41.5158350000001,-72.0772249999999,0
			41.516109,-72.0772249999999,0
			41.5163880000001,-72.0774989999999,0
			41.5169450000001,-72.0774989999999,0
			41.517223,-72.0777739999999,0
			41.5177760000001,-72.0777739999999,0
			41.5180590000001,-72.0778119999999,0
			41.5186120000002,-72.0777739999999,0
			41.5188900000001,-72.0774989999999,0
			41.5191650000001,-72.0777739999999,0
			41.520557,-72.0777739999999,0
			41.520832,-72.0774989999999,0
			41.5213890000001,-72.0774989999999,0
			41.521667,-72.0777739999999,0
			41.5219460000002,-72.0777739999999,0
			41.522221,-72.0780559999998,0
			41.522221,-72.0786129999999,0
			41.5219460000002,-72.078888,0
			41.5219460000002,-72.07972,0
			41.5213890000001,-72.0802759999999,0
			41.5202790000001,-72.0802759999999,0
			41.5200000000001,-72.080002,0
			41.5200000000001,-72.07972,0
			41.519722,-72.07972,0
			41.5191650000001,-72.07917,0
			41.518333,-72.07917,0
			41.5180550000001,-72.0792079999999,0
			41.5177760000001,-72.07917,0
			41.5169450000001,-72.07917,0
			41.5166660000001,-72.078888,0
			41.5163880000001,-72.078888,0
			41.516109,-72.0786129999999,0
			41.514168,-72.0786129999999,0
			41.5138890000001,-72.07917,0
			41.5133320000002,-72.07917,0
			41.5131150000001,-72.079407,0
			41.5127790000002,-72.079247,0
			41.5122220000001,-72.079407,0
			41.511944,-72.07972,0
			41.5111120000001,-72.07972,0
			41.510834,-72.0802759999999,0
			41.5102770000001,-72.0802759999999,0
			41.5099980000002,-72.0805589999999,0
			41.5097240000001,-72.0811079999999,0
			41.509445,-72.0811079999999,0
			41.50861,-72.0819469999999,0
			41.508335,-72.0819469999999,0
			41.5080570000001,-72.0827789999999,0
			41.5077780000001,-72.0827789999999,0
			41.5075,-72.0830539999998,0
			41.5069430000001,-72.0830539999998,0
			41.5063900000001,-72.0836109999999,0
			41.506111,-72.0836109999999,0
			41.5055540000001,-72.085281,0
			41.505001,-72.085831,0
			41.5033340000002,-72.085831,0
			41.5030560000001,-72.0855559999999,0
			41.5024990000002,-72.0855559999999,0
			41.5019450000001,-72.084999,0
			41.5016670000001,-72.084999,0
			41.5013890000001,-72.0844419999999,0
			41.5011100000002,-72.0844419999999,0
			41.5008320000001,-72.0847239999999,0
			41.5005570000001,-72.084167,0
			41.5002780000001,-72.084167,0
			41.5000000000002,-72.083885,0
			41.4994430000001,-72.083885,0
			41.4991680000001,-72.0836109999999,0
			41.4986110000002,-72.0836109999999,0
			41.4983330000001,-72.0827789999999,0
			41.4955560000002,-72.0827789999999,0
			41.4952770000002,-72.0830539999998,0
			41.4944460000002,-72.0830539999998,0
			41.4944460000002,-72.083885,0
			41.4941670000002,-72.084167,0
			41.4947200000001,-72.0847239999999,0
			41.4947200000001,-72.084999,0
			41.4949990000001,-72.085281,0
			41.4949990000001,-72.0855559999999,0
			41.4955560000002,-72.0861129999999,0
			41.4955560000002,-72.0863879999999,0
			41.496387,-72.0872189999998,0
			41.4969440000001,-72.0872189999998,0
			41.4977760000002,-72.0880579999999,0
			41.4977760000002,-72.088333,0
			41.4980550000002,-72.0886079999999,0
			41.4980550000002,-72.090836,0
			41.4977760000002,-72.0911099999999,0
			41.4977760000002,-72.0913929999999,0
			41.4980550000002,-72.091667,0
			41.4983330000001,-72.091667,0
			41.4983330000001,-72.0919419999999,0
			41.4980550000002,-72.092224,0
			41.4980550000002,-72.092499,0
			41.4977760000002,-72.092781,0
			41.4980550000002,-72.0930559999999,0
			41.4980550000002,-72.093613,0
			41.4983330000001,-72.0938869999999,0
			41.4983330000001,-72.094444,0
			41.4986110000002,-72.0947189999999,0
			41.4983330000001,-72.0955579999999,0
			41.4975010000002,-72.0955579999999,0
			41.4969440000001,-72.095001,0
			41.4966660000002,-72.095001,0
			41.4952770000002,-72.093613,0
			41.4952770000002,-72.0930559999999,0
			41.4958340000001,-72.092499,0
			41.4958340000001,-72.092224,0
			41.4955560000002,-72.0919419999999,0
			41.4952770000002,-72.090279,0
			41.4947200000001,-72.090279,0
			41.4944460000002,-72.089996,0
			41.4938890000001,-72.0888899999999,0
			41.4938890000001,-72.088333,0
			41.4936100000001,-72.0880579999999,0
			41.4936100000001,-72.0877759999999,0
			41.4933320000002,-72.087502,0
			41.4933320000002,-72.0863879999999,0
			41.4930570000002,-72.0861129999999,0
			41.4930570000002,-72.0855559999999,0
			41.492222,-72.0847239999999,0
			41.491943,-72.0847239999999,0
			41.4916650000001,-72.084999,0
			41.4913900000001,-72.084999,0
			41.4913900000001,-72.0847239999999,0
			41.4911120000002,-72.0844419999999,0
			41.4908330000002,-72.0844419999999,0
			41.4905550000001,-72.084167,0
			41.4902760000001,-72.0844419999999,0
			41.4900020000002,-72.0844419999999,0
			41.489723,-72.084167,0
			41.4894450000001,-72.083336,0
			41.4883350000001,-72.0822219999998,0
			41.4880560000001,-72.0822219999998,0
			41.487778,-72.0813899999999,0
			41.4874990000002,-72.080833,0
			41.4872210000001,-72.080833,0
			41.4869460000001,-72.080002,0
			41.4866680000002,-72.0794449999999,0
			41.4861110000001,-72.0794449999999,0
			41.4858320000001,-72.078888,0
			41.485554,-72.078888,0
			41.485279,-72.0786129999999,0
			41.4850010000001,-72.0786129999999,0
			41.4847220000001,-72.0780559999998,0
			41.4841650000002,-72.0774989999999,0
			41.4836120000001,-72.0774989999999,0
			41.4827770000001,-72.076668,0
			41.4824980000001,-72.076668,0
			41.4824980000001,-72.076385,0
			41.482224,-72.0761109999999,0
			41.480556,-72.075554,0
			41.4802780000001,-72.0752789999999,0
			41.4800000000002,-72.0752789999999,0
			41.479721,-72.0749969999999,0
			41.4794430000001,-72.0749969999999,0
			41.4791680000001,-72.0752789999999,0
			41.4783330000001,-72.0752789999999,0
			41.4780540000002,-72.075836,0
			41.477222,-72.075836,0
			41.4769440000001,-72.0761109999999,0
			41.4761120000001,-72.0761109999999,0
			41.4758340000001,-72.076385,0
			41.4752770000001,-72.076385,0
			41.4747240000001,-72.0769419999999,0
			41.4744450000001,-72.076668,0
			41.474167,-72.076668,0
			41.4733310000001,-72.075554,0
			41.4727780000001,-72.0752789999999,0
			41.4725000000001,-72.0749969999999,0
			41.4722210000002,-72.0741649999999,0
			41.4719430000001,-72.0741649999999,0
			41.471668,-72.0736079999999,0
			41.4711110000001,-72.0736079999999,0
			41.470833,-72.0733339999999,0
			41.4700010000001,-72.0733339999999,0
			41.469723,-72.0736079999999,0
			41.4688870000002,-72.0736079999999,0
			41.4686130000001,-72.0738909999998,0
			41.468334,-72.0738909999998,0
			41.4680560000002,-72.0730589999998,0
			41.4677770000001,-72.0730589999998,0
			41.4674990000001,-72.0725019999999,0
			41.467224,-72.07222,0
			41.4661100000001,-72.07222,0
			41.4658320000001,-72.0719449999999,0
			41.4650000000001,-72.0719449999999,0
			41.4647220000002,-72.071663,0
			41.4644430000002,-72.071663,0
			41.464169,-72.0719449999999,0
			41.4633330000001,-72.0719449999999,0
			41.4630550000001,-72.07222,0
			41.4627760000001,-72.07222,0
			41.4625020000001,-72.0727769999999,0
			41.4622230000002,-72.0727769999999,0
			41.4619450000001,-72.0730589999998,0
			41.4613880000002,-72.0730589999998,0
			41.4611130000001,-72.0733339999999,0
			41.4605560000001,-72.0733339999999,0
			41.4599990000002,-72.0744479999999,0
			41.4597210000001,-72.074722,0
			41.4594460000001,-72.074722,0
			41.4591670000001,-72.075554,0
			41.4588890000002,-72.075554,0
			41.4586110000001,-72.0752789999999,0
			41.4583320000001,-72.0752789999999,0
			41.4577790000002,-72.075836,0
			41.4575000000002,-72.075836,0
			41.456665,-72.0774989999999,0
			41.4563900000002,-72.07917,0
			41.4558330000001,-72.07972,0
			41.4555550000002,-72.0802759999999,0
			41.455276,-72.0813899999999,0
			41.4550020000001,-72.0813899999999,0
			41.4550020000001,-72.0824969999999,0
			41.455276,-72.0824969999999,0
			41.455276,-72.083336,0
			41.4550020000001,-72.083336,0
			41.4550020000001,-72.084167,0
			41.455276,-72.084167,0
			41.455276,-72.0847239999999,0
			41.4550020000001,-72.0855559999999,0
			41.4544450000002,-72.0855559999999,0
			41.4536090000001,-72.0863879999999,0
			41.4533350000002,-72.0863879999999,0
			41.4530560000002,-72.08667,0
			41.4527780000001,-72.0863879999999,0
			41.4524990000001,-72.08667,0
			41.4522210000002,-72.087502,0
			41.4519460000002,-72.0877759999999,0
			41.4516680000001,-72.0877759999999,0
			41.4513890000001,-72.087502,0
			41.450832,-72.087502,0
			41.4505540000001,-72.0877759999999,0
			41.4502790000001,-72.087502,0
			41.450001,-72.087502,0
			41.4497220000002,-72.0872189999998,0
			41.4494440000001,-72.0872189999998,0
			41.4491650000001,-72.087502,0
			41.4483340000001,-72.087502,0
			41.4480550000001,-72.0877759999999,0
			41.4469450000001,-72.0877759999999,0
			41.446667,-72.0877759999999,0
			41.4463880000002,-72.0880579999999,0
			41.4450000000001,-72.0880579999999,0
			41.444443,-72.0886079999999,0
			41.4447210000001,-72.0888899999999,0
			41.444168,-72.0888899999999,0
			41.4438900000001,-72.089165,0
			41.443054,-72.089165,0
			41.4427800000001,-72.0886079999999,0
			41.4422230000002,-72.0886079999999,0
			41.441944,-72.088333,0
			41.441113,-72.088333,0
			41.440834,-72.0886079999999,0
			41.4399990000001,-72.0886079999999,0
			41.4399990000001,-72.0888899999999,0
			41.4391670000001,-72.0897219999999,0
			41.4391670000001,-72.0911099999999,0
			41.438889,-72.0930559999999,0
			41.438889,-72.09417,0
			41.4391670000001,-72.094444,0
			41.4391670000001,-72.0947189999999,0
			41.439445,-72.095001,0
			41.439445,-72.0952759999999,0
			41.4397240000002,-72.0955579999999,0
			41.4397240000002,-72.095833,0
			41.440834,-72.0969469999999,0
			41.441113,-72.0969469999999,0
			41.4413870000001,-72.0972209999999,0
			41.441944,-72.0972209999999,0
			41.443333,-72.09861,0
			41.443333,-72.0988919999999,0
			41.4447210000001,-72.1002809999999,0
			41.4450000000001,-72.1002809999999,0
			41.445278,-72.100555,0
			41.4455570000002,-72.100555,0
			41.4459190000001,-72.1013179999999,0
			41.446667,-72.101669,0
			41.4472240000001,-72.101387,0
			41.4476130000001,-72.1020199999999,0
			41.4483340000001,-72.101387,0
			41.448612,-72.101387,0
			41.4488910000002,-72.1011119999999,0
			41.4494440000001,-72.1011119999999,0
			41.4502790000001,-72.101944,0
			41.4502790000001,-72.102501,0
			41.450001,-72.102776,0
			41.4497220000002,-72.102776,0
			41.4489480000001,-72.102783,0
			41.4483340000001,-72.102776,0
			41.4472240000001,-72.102776,0
			41.4469450000001,-72.1030579999999,0
			41.4463880000002,-72.1030579999999,0
			41.4458350000001,-72.102501,0
			41.4455570000002,-72.102501,0
			41.445278,-72.1022189999999,0
			41.4450000000001,-72.1022189999999,0
			41.4447210000001,-72.101944,0
			41.444443,-72.101944,0
			41.4413870000001,-72.0988919999999,0
			41.441113,-72.0988919999999,0
			41.440834,-72.09861,0
			41.4405560000001,-72.09861,0
			41.4402770000002,-72.0988919999999,0
			41.4402770000002,-72.099167,0
			41.4397240000002,-72.0997239999999,0
			41.4397240000002,-72.099998,0
			41.439445,-72.099998,0
			41.438889,-72.099442,0
			41.438889,-72.09861,0
			41.43861,-72.098335,0
			41.43861,-72.097778,0
			41.4383320000001,-72.097504,0
			41.4380570000001,-72.0972209999999,0
			41.4375000000001,-72.0972209999999,0
			41.4369430000002,-72.097778,0
			41.4366680000001,-72.097504,0
			41.4366680000001,-72.0972209999999,0
			41.436111,-72.096664,0
			41.436111,-72.09639,0
			41.4347230000001,-72.095001,0
			41.4344440000002,-72.095001,0
			41.432777,-72.096664,0
			41.4324990000001,-72.0969469999999,0
			41.4324990000001,-72.097778,0
			41.431946,-72.098335,0
			41.4316670000001,-72.098335,0
			41.430557,-72.099442,0
			41.4297220000001,-72.099442,0
			41.429443,-72.099167,0
			41.428612,-72.099167,0
			41.4283330000001,-72.099442,0
			41.4272230000001,-72.099442,0
			41.4266660000002,-72.099998,0
			41.4261090000001,-72.099998,0
			41.4258350000001,-72.1002809999999,0
			41.4244460000002,-72.0988919999999,0
			41.4244460000002,-72.09861,0
			41.424065,-72.0978159999999,0
			41.4233320000002,-72.097504,0
			41.4230540000001,-72.097504,0
			41.422779,-72.0972209999999,0
			41.4213910000001,-72.0972209999999,0
			41.4211120000002,-72.0969469999999,0
			41.4208340000001,-72.0969469999999,0
			41.4205550000001,-72.0972209999999,0
			41.4197240000001,-72.0972209999999,0
			41.418888,-72.0972209999999,0
			41.4186100000001,-72.097504,0
			41.4180560000001,-72.097504,0
			41.4177780000002,-72.0972209999999,0
			41.4175000000001,-72.0972209999999,0
			41.4172210000001,-72.097504,0
			41.4161110000001,-72.097504,0
			41.4158330000002,-72.0969469999999,0
			41.415554,-72.0969469999999,0
			41.4152790000002,-72.096664,0
			41.4150010000001,-72.096664,0
			41.4147220000001,-72.0969469999999,0
			41.4144440000002,-72.0969469999999,0
			41.414165,-72.096664,0
			41.4133340000002,-72.096664,0
			41.4127770000001,-72.0972209999999,0
			41.4124980000001,-72.0972209999999,0
			41.412224,-72.097504,0
			41.4119450000002,-72.097504,0
			41.4111100000002,-72.098335,0
			41.410831,-72.098335,0
			41.4105570000001,-72.09861,0
			41.4094430000001,-72.09861,0
			41.4086110000002,-72.09861,0
			41.4083330000001,-72.098335,0
			41.4080540000001,-72.098335,0
			41.407776,-72.09861,0
			41.407501,-72.098335,0
			41.4072230000001,-72.098335,0
			41.4069440000001,-72.0980529999999,0
			41.406387,-72.0980529999999,0
			41.4061130000001,-72.098335,0
			41.4058340000001,-72.0980529999999,0
			41.4027790000001,-72.0980529999999,0
			41.4025000000001,-72.09861,0
			41.402222,-72.09861,0
			41.401943,-72.098335,0
			41.4013900000001,-72.098335,0
			41.401112,-72.0988919999999,0
			41.400833,-72.0988919999999,0
			41.4005550000001,-72.099442,0
			41.400002,-72.099998,0
			41.3994450000001,-72.099998,0
			41.3994450000001,-72.1011119999999,0
			41.399723,-72.1011119999999,0
			41.4002760000001,-72.101669,0
			41.4002760000001,-72.101944,0
			41.400833,-72.102501,0
			41.400833,-72.1036149999999,0
			41.4005550000001,-72.1047209999999,0
			41.4002760000001,-72.1047209999999,0
			41.4002760000001,-72.105003,0
			41.3999630000002,-72.105553,0
			41.4002760000001,-72.10611,0
			41.399738,-72.106544,0
			41.4002760000001,-72.106941,0
			41.4005550000001,-72.1072239999999,0
			41.400833,-72.1072239999999,0
			41.400833,-72.107498,0
			41.4005550000001,-72.1077799999999,0
			41.4005550000001,-72.1080549999999,0
			41.3994450000001,-72.1080549999999,0
			41.3991660000002,-72.1077799999999,0
			41.3988880000001,-72.1077799999999,0
			41.3980560000001,-72.106941,0
			41.3983350000001,-72.106667,0
			41.3983350000001,-72.1063919999999,0
			41.398613,-72.10611,0
			41.3983350000001,-72.1044459999999,0
			41.3980560000001,-72.1038889999999,0
			41.397778,-72.1036149999999,0
			41.397778,-72.102501,0
			41.3969460000001,-72.101669,0
			41.3966670000001,-72.101669,0
			41.3963890000001,-72.101387,0
			41.3961110000001,-72.101669,0
			41.395279,-72.101669,0
			41.395,-72.1022189999999,0
			41.3944440000001,-72.1022189999999,0
			41.394165,-72.101944,0
			41.3938900000001,-72.101944,0
			41.3936120000001,-72.1022189999999,0
			41.3930550000001,-72.101669,0
			41.3930550000001,-72.1011119999999,0
			41.3933330000002,-72.10083,0
			41.3934330000001,-72.1010669999999,0
			41.3937260000001,-72.10128,0
			41.3942110000002,-72.1006849999999,0
			41.3946270000001,-72.100655,0
			41.395004,-72.09996,0
			41.3944440000001,-72.099442,0
			41.394405,-72.0988919999999,0
			41.39407,-72.0987629999999,0
			41.3938900000001,-72.0988919999999,0
			41.3925020000001,-72.097504,0
			41.3925020000001,-72.0972209999999,0
			41.3919450000001,-72.096664,0
			41.3919450000001,-72.09639,0
			41.391666,-72.0961069999999,0
			41.3913880000002,-72.0961069999999,0
			41.3912850000002,-72.096008,0
			41.3911090000001,-72.095833,0
			41.3905560000001,-72.095833,0
			41.3899990000002,-72.09639,0
			41.3899990000002,-72.0969469999999,0
			41.3899000000001,-72.0972209999999,0
			41.3899990000002,-72.097504,0
			41.3894460000001,-72.0980529999999,0
			41.3888890000002,-72.0980529999999,0
			41.3886110000001,-72.098335,0
			41.388332,-72.098335,0
			41.388226,-72.0982279999999,0
			41.3880540000002,-72.0980529999999,0
			41.387501,-72.097504,0
			41.3872220000001,-72.097504,0
			41.3869440000001,-72.0972209999999,0
			41.3866650000002,-72.0972209999999,0
			41.3863910000001,-72.097504,0
			41.3861120000001,-72.097504,0
			41.3858340000002,-72.097778,0
			41.3852770000001,-72.097778,0
			41.3849980000001,-72.0980529999999,0
			41.3847240000002,-72.0980529999999,0
			41.384441,-72.098289,0
			41.3838880000001,-72.098335,0
			41.38361,-72.09861,0
			41.3833350000002,-72.098335,0
			41.3830570000001,-72.098335,0
			41.3826330000002,-72.098114,0
			41.3823170000001,-72.0979459999999,0
			41.3817250000002,-72.0974199999999,0
			41.3813900000002,-72.0972209999999,0
			41.381111,-72.096664,0
			41.3808330000001,-72.09639,0
			41.3805540000001,-72.09639,0
			41.3802800000001,-72.096664,0
			41.3800010000002,-72.09639,0
			41.3797230000001,-72.095001,0
			41.3794440000001,-72.0947189999999,0
			41.3791660000002,-72.0947189999999,0
			41.377777,-72.0961069999999,0
			41.377777,-72.09639,0
			41.3769450000001,-72.0972209999999,0
			41.3763890000001,-72.0972209999999,0
			41.3761100000001,-72.0969469999999,0
			41.3755570000002,-72.0969469999999,0
			41.375278,-72.096664,0
			41.3741680000002,-72.096664,0
			41.3738900000001,-72.09639,0
			41.3736110000001,-72.09639,0
			41.3733330000002,-72.0961069999999,0
			41.3730550000001,-72.0961069999999,0
			41.3727760000001,-72.095833,0
			41.371944,-72.095001,0
			41.3713870000001,-72.095001,0
			41.3702770000001,-72.0961069999999,0
			41.3694460000001,-72.0961069999999,0
			41.368889,-72.0955579999999,0
			41.36861,-72.0955579999999,0
			41.367779,-72.0947189999999,0
			41.3675,-72.0947189999999,0
			41.3672220000001,-72.094444,0
			41.3669430000001,-72.094444,0
			41.3663900000002,-72.0938869999999,0
			41.3661120000001,-72.0938869999999,0
			41.3658330000001,-72.093613,0
			41.365555,-72.093613,0
			41.365276,-72.09333,0
			41.3650020000001,-72.09333,0
			41.364445,-72.092781,0
			41.364544,-72.092339,0
			41.3644220000001,-72.091827,0
			41.364265,-72.091629,0
			41.3641430000001,-72.091583,0
			41.363926,-72.0913089999999,0
			41.363831,-72.0911479999999,0
			41.3636090000001,-72.0911099999999,0
			41.363056,-72.0905529999999,0
			41.363056,-72.090279,0
			41.3627780000001,-72.089996,0
			41.3616680000001,-72.089996,0
			41.3613890000001,-72.090279,0
			41.3612940000001,-72.090752,0
			41.3601800000001,-72.0907139999998,0
			41.360001,-72.090836,0
			41.359722,-72.09095,0
			41.3588680000001,-72.090294,0
			41.3581120000001,-72.0892029999999,0
			41.3576660000001,-72.0892639999998,0
			41.3577610000002,-72.089996,0
			41.358189,-72.090202,0
			41.359745,-72.091751,0
			41.3592870000001,-72.0926969999999,0
			41.358612,-72.092224,0
			41.3583340000001,-72.092224,0
			41.3577770000001,-72.091667,0
			41.3577770000001,-72.0913929999999,0
			41.3566670000001,-72.090279,0
			41.356388,-72.0905529999999,0
			41.3578830000001,-72.0926509999999,0
			41.357311,-72.092972,0
			41.3563270000001,-72.0915219999999,0
			41.3545040000001,-72.092499,0
			41.353889,-72.091667,0
			41.3536110000002,-72.0913929999999,0
			41.3533330000001,-72.0913929999999,0
			41.3527790000001,-72.0919419999999,0
			41.3527790000001,-72.092224,0
			41.3525010000001,-72.092499,0
			41.3525010000001,-72.092781,0
			41.3513870000002,-72.0938869999999,0
			41.3513870000002,-72.095001,0
			41.3502770000002,-72.0961069999999,0
			41.3502770000002,-72.0969469999999,0
			41.349724,-72.097504,0
			41.3495030000001,-72.097504,0
			41.3498270000001,-72.0980149999999,0
			41.349724,-72.098335,0
			41.3486100000001,-72.099442,0
			41.3483310000001,-72.099442,0
			41.3480570000002,-72.0997239999999,0
			41.3477780000002,-72.0997239999999,0
			41.3475000000001,-72.099998,0
			41.3469430000002,-72.099442,0
			41.3469430000002,-72.0987319999999,0
			41.3472210000001,-72.09845,0
			41.3480570000002,-72.0980529999999,0
			41.3483310000001,-72.097778,0
			41.3484150000001,-72.097496,0
			41.3484950000001,-72.0972209999999,0
			41.3483160000001,-72.0968629999999,0
			41.3486100000001,-72.0961069999999,0
			41.3480760000001,-72.095993,0
			41.3474240000002,-72.095871,0
			41.3469430000002,-72.0955579999999,0
			41.34639,-72.095001,0
			41.34639,-72.09333,0
			41.345833,-72.09333,0
			41.3455540000002,-72.092499,0
			41.3452760000001,-72.092499,0
			41.3450010000001,-72.092224,0
			41.3450010000001,-72.091667,0
			41.3444440000002,-72.0911099999999,0
			41.3441660000001,-72.0911099999999,0
			41.3436130000002,-72.091667,0
			41.3436130000002,-72.0919419999999,0
			41.3430560000001,-72.092499,0
			41.3430560000001,-72.092781,0
			41.3427770000001,-72.092781,0
			41.3422240000002,-72.09333,0
			41.3419460000001,-72.09333,0
			41.3419460000001,-72.094444,0
			41.3416670000001,-72.0947189999999,0
			41.3413890000002,-72.0947189999999,0
			41.3408320000001,-72.09417,0
			41.3405570000001,-72.09417,0
			41.3402180000001,-72.0943599999999,0
			41.339706,-72.0953979999999,0
			41.3395840000001,-72.096153,0
			41.3394890000002,-72.0965879999998,0
			41.3394890000002,-72.0971449999999,0
			41.3394430000001,-72.097778,0
			41.3394430000001,-72.09861,0
			41.3388900000002,-72.099167,0
			41.3386120000001,-72.099167,0
			41.3383330000001,-72.099442,0
			41.3380550000002,-72.099442,0
			41.3377760000002,-72.0997239999999,0
			41.3375020000001,-72.0997239999999,0
			41.3372230000001,-72.099998,0
			41.3369450000002,-72.099998,0
			41.336666,-72.0997239999999,0
			41.336666,-72.099442,0
			41.3363880000001,-72.099167,0
			41.336151,-72.099129,0
			41.3361130000001,-72.098846,0
			41.3357510000001,-72.0986479999999,0
			41.3354950000001,-72.0980909999998,0
			41.334934,-72.0979769999999,0
			41.3342700000002,-72.0980299999999,0
			41.334167,-72.096626,0
			41.3336110000002,-72.0960689999999,0
			41.333332,-72.095833,0
			41.3330570000002,-72.0955579999999,0
			41.3327790000001,-72.0955579999999,0
			41.332222,-72.095001,0
			41.3319440000001,-72.095001,0
			41.3313900000001,-72.094444,0
			41.3313900000001,-72.09417,0
			41.3311120000002,-72.0938869999999,0
			41.3311120000002,-72.093613,0
			41.330833,-72.09333,0
			41.3305550000001,-72.09333,0
			41.329723,-72.092499,0
			41.3294450000001,-72.092499,0
			41.3283350000001,-72.0913929999999,0
			41.3277780000002,-72.0913929999999,0
			41.327499,-72.0911099999999,0
			41.3269460000001,-72.0911099999999,0
			41.3252790000002,-72.089447,0
			41.3250010000001,-72.089447,0
			41.3247220000001,-72.089165,0
			41.324444,-72.089165,0
			41.3238910000001,-72.0886079999999,0
			41.323334,-72.0886079999999,0
			41.3230550000001,-72.088333,0
			41.3227770000001,-72.088333,0
			41.3224980000002,-72.0886079999999,0
			41.321945,-72.0886079999999,0
			41.3216670000001,-72.0888899999999,0
			41.32111,-72.0888899999999,0
			41.320835,-72.089165,0
			41.3194430000001,-72.089165,0
			41.3191680000001,-72.0888899999999,0
			41.318611,-72.0888899999999,0
			41.3180540000001,-72.089996,0
			41.31778,-72.089996,0
			41.317501,-72.0897219999999,0
			41.3172230000001,-72.089958,0
			41.3169440000001,-72.0902399999999,0
			41.3165700000001,-72.0902399999999,0
			41.316292,-72.0905989999999,0
			41.3158340000002,-72.0911099999999,0
			41.3158340000002,-72.0913929999999,0
			41.3155560000001,-72.091667,0
			41.3155980000001,-72.092079,0
			41.3156170000001,-72.0922619999999,0
			41.3155780000001,-72.092781,0
			41.3148420000001,-72.094284,0
			41.3144450000001,-72.0943219999999,0
			41.3141670000001,-72.0943219999999,0
			41.3136100000002,-72.0947189999999,0
			41.3122220000001,-72.0947189999999,0
			41.3119430000001,-72.094444,0
			41.3116680000001,-72.094444,0
			41.3114130000001,-72.0941929999999,0
			41.3108330000001,-72.09417,0
			41.3105550000001,-72.094444,0
			41.3097230000001,-72.094444,0
			41.3094440000001,-72.0947189999999,0
			41.3091660000002,-72.095833,0
			41.308887,-72.0961069999999,0
			41.3089370000001,-72.0964359999999,0
			41.3091660000002,-72.096664,0
			41.3091660000002,-72.0972209999999,0
			41.3094440000001,-72.097504,0
			41.308887,-72.0980529999999,0
			41.308887,-72.098335,0
			41.308613,-72.09861,0
			41.308613,-72.0988919999999,0
			41.3083340000001,-72.099167,0
			41.3083340000001,-72.099442,0
			41.3077770000002,-72.099998,0
			41.3077770000002,-72.1002809999999,0
			41.3074990000001,-72.100555,0
			41.3072200000001,-72.10083,0
			41.3069150000001,-72.100838,0
			41.3063890000001,-72.101387,0
			41.3065380000002,-72.1015399999999,0
			41.3066670000002,-72.101669,0
			41.3072200000001,-72.101669,0
			41.3074990000001,-72.101944,0
			41.3074990000001,-72.1022189999999,0
			41.3072200000001,-72.102501,0
			41.3069460000002,-72.102501,0
			41.3066670000002,-72.102776,0
			41.3063890000001,-72.102776,0
			41.3061100000001,-72.1030579999999,0
			41.3061100000001,-72.104164,0
			41.3058320000002,-72.1044459999999,0
			41.3058320000002,-72.105553,0
			41.3050000000001,-72.1063919999999,0
			41.3050000000001,-72.1072239999999,0
			41.304722,-72.107498,0
			41.3043630000001,-72.107498,0
			41.3041650000001,-72.107498,0
			41.3038900000001,-72.1077799999999,0
			41.3033330000002,-72.1077799999999,0
			41.3030550000001,-72.1080549999999,0
			41.3025020000002,-72.1080549999999,0
			41.302223,-72.1091689999998,0
			41.3011510000001,-72.1105959999999,0
			41.3008350000001,-72.110832,0
			41.3005560000001,-72.111115,0
			41.3000370000001,-72.111115,0
			41.2991680000002,-72.111664,0
			41.2991680000002,-72.1136089999999,0
			41.2994460000001,-72.1136089999999,0
			41.2997210000001,-72.1144409999999,0
			41.2999990000002,-72.114998,0
			41.3002780000002,-72.116112,0
			41.3005560000001,-72.116112,0
			41.3016660000001,-72.1172259999999,0
			41.3019450000001,-72.1172259999999,0
			41.302223,-72.1169429999999,0
			41.3025020000002,-72.1172259999999,0
			41.30249,-72.1177749999999,0
			41.3033330000002,-72.118614,0
			41.3038900000001,-72.1180569999999,0
			41.3044430000002,-72.1180569999999,0
			41.3050000000001,-72.1174999999998,0
			41.3061100000001,-72.1174999999998,0
			41.3061100000001,-72.1172259999999,0
			41.3063890000001,-72.1174999999998,0
			41.3063890000001,-72.1177749999999,0
			41.3066670000002,-72.1180569999999,0
			41.3066670000002,-72.119164,0
			41.3061100000001,-72.1197199999999,0
			41.3061100000001,-72.120277,0
			41.3058320000002,-72.120277,0
			41.3055570000001,-72.1205519999999,0
			41.3055570000001,-72.1208339999999,0
			41.3050000000001,-72.1213909999999,0
			41.3050000000001,-72.121948,0
			41.304722,-72.1222229999999,0
			41.304722,-72.1224979999998,0
			41.3044430000002,-72.12278,0
			41.3044430000002,-72.1233369999999,0
			41.3041650000001,-72.123611,0
			41.3044430000002,-72.1238859999999,0
			41.3044430000002,-72.124443,0
			41.3050000000001,-72.1249999999999,0
			41.3050000000001,-72.125557,0
			41.304722,-72.1258319999999,0
			41.304722,-72.126114,0
			41.3044430000002,-72.126114,0
			41.3036120000002,-72.125275,0
			41.3036120000002,-72.1249999999999,0
			41.3030550000001,-72.124443,0
			41.3030550000001,-72.123611,0
			41.3027760000001,-72.1233369999999,0
			41.3027760000001,-72.1216659999999,0
			41.3030550000001,-72.1213909999999,0
			41.3030550000001,-72.1208339999999,0
			41.3033330000002,-72.1205519999999,0
			41.3033330000002,-72.1200029999999,0
			41.302494,-72.119164,0
			41.3022,-72.1192089999998,0
			41.3011890000001,-72.118774,0
			41.3016660000001,-72.1208339999999,0
			41.301109,-72.1213909999999,0
			41.301109,-72.1216659999999,0
			41.301388,-72.121948,0
			41.301388,-72.1222229999999,0
			41.3016660000001,-72.1224979999998,0
			41.3016660000001,-72.124443,0
			41.3019450000001,-72.124725,0
			41.3019450000001,-72.1249999999999,0
			41.3016660000001,-72.125275,0
			41.3016660000001,-72.125557,0
			41.301388,-72.1258319999999,0
			41.301388,-72.1266629999998,0
			41.301109,-72.126945,0
			41.301109,-72.127777,0
			41.3016660000001,-72.1283339999999,0
			41.3005560000001,-72.129448,0
			41.3005560000001,-72.1299969999999,0
			41.3008350000001,-72.13028,0
			41.3008350000001,-72.1305539999999,0
			41.3005560000001,-72.131943,0
			41.3002780000002,-72.133057,0
			41.2997210000001,-72.133057,0
			41.2994460000001,-72.1333309999999,0
			41.3005560000001,-72.134445,0
			41.3008350000001,-72.134445,0
			41.301109,-72.13472,0
			41.301109,-72.1350019999999,0
			41.3008350000001,-72.135277,0
			41.3008350000001,-72.135559,0
			41.3005560000001,-72.1358339999999,0
			41.3005560000001,-72.1366649999999,0
			41.3008350000001,-72.136948,0
			41.3008350000001,-72.137779,0
			41.3005560000001,-72.138054,0
			41.3005560000001,-72.1383359999999,0
			41.301109,-72.138885,0
			41.301109,-72.1391679999999,0
			41.3016660000001,-72.1397249999999,0
			41.3016660000001,-72.1399989999999,0
			41.3019450000001,-72.140274,0
			41.3019450000001,-72.140556,0
			41.3027760000001,-72.141388,0
			41.3027760000001,-72.1416699999999,0
			41.3033330000002,-72.14222,0
			41.3033330000002,-72.1425019999999,0
			41.3027760000001,-72.1430589999999,0
			41.3027760000001,-72.1438899999999,0
			41.3025020000002,-72.1441649999999,0
			41.3030550000001,-72.144722,0
			41.3036120000002,-72.144722,0
			41.304722,-72.1449969999999,0
			41.3050000000001,-72.1449969999999,0
			41.3050000000001,-72.144722,0
			41.3055570000001,-72.145279,0
			41.3061100000001,-72.1458359999999,0
			41.3067090000001,-72.145798,0
			41.3066670000002,-72.146385,0
			41.3069460000002,-72.1466669999999,0
			41.3069460000002,-72.146942,0
			41.3076900000001,-72.146942,0
			41.3080560000001,-72.146942,0
			41.308613,-72.1474989999999,0
			41.308887,-72.1474989999999,0
			41.3091660000002,-72.1477809999999,0
			41.3097230000001,-72.1477809999999,0
			41.3102760000002,-72.1483309999999,0
			41.3105550000001,-72.1483309999999,0
			41.3111110000002,-72.1488879999999,0
			41.3113900000001,-72.1491699999999,0
			41.3113900000001,-72.1494449999998,0
			41.3116680000001,-72.149765,0
			41.3116680000001,-72.150276,0
			41.3119430000001,-72.1505579999999,0
			41.3122220000001,-72.1505579999999,0
			41.3125000000002,-72.1508329999999,0
			41.312778,-72.1508329999999,0
			41.3136410000001,-72.151978,0
			41.3137130000002,-72.1520459999999,0
			41.3138890000001,-72.1522219999999,0
			41.3141670000001,-72.1522219999999,0
			41.3144450000001,-72.1519469999999,0
			41.3141670000001,-72.1519469999999,0
			41.3144450000001,-72.1516649999999,0
			41.3144450000001,-72.1508329999999,0
			41.3141670000001,-72.1505579999999,0
			41.3144450000001,-72.150276,0
			41.3144450000001,-72.1494449999998,0
			41.3149990000002,-72.1488879999999,0
			41.315277,-72.1488879999999,0
			41.3155560000001,-72.1486129999998,0
			41.3161130000001,-72.1486129999998,0
			41.3163870000001,-72.1483309999999,0
			41.3169440000001,-72.1483309999999,0
			41.3172230000001,-72.1480559999999,0
			41.317501,-72.1483309999999,0
			41.3205570000001,-72.1483309999999,0
			41.320835,-72.1480559999999,0
			41.3216670000001,-72.1480559999999,0
			41.321945,-72.1477809999999,0
			41.322224,-72.1474989999999,0
			41.3224980000002,-72.1472239999999,0
			41.3227770000001,-72.1472239999999,0
			41.3230550000001,-72.1474989999999,0
			41.3238910000001,-72.1474989999999,0
			41.324444,-72.1480559999999,0
			41.324444,-72.1483309999999,0
			41.324165,-72.1486129999998,0
			41.3238910000001,-72.1486129999998,0
			41.3236120000001,-72.1491699999999,0
			41.3230550000001,-72.1491699999999,0
			41.322224,-72.1500019999999,0
			41.321945,-72.1500019999999,0
			41.3216670000001,-72.149719,0
			41.32111,-72.149719,0
			41.320835,-72.1494449999998,0
			41.32,-72.1494449999998,0
			41.3197210000001,-72.1500019999999,0
			41.3194430000001,-72.150276,0
			41.318611,-72.150276,0
			41.318611,-72.1508329999999,0
			41.3188900000001,-72.1508329999999,0
			41.3188900000001,-72.1513899999999,0
			41.31778,-72.1513899999999,0
			41.317501,-72.1516649999999,0
			41.3169440000001,-72.1516649999999,0
			41.3169440000001,-72.1527789999999,0
			41.31778,-72.1527789999999,0
			41.3180540000001,-72.1530529999999,0
			41.3180540000001,-72.1536099999998,0
			41.31778,-72.1536099999998,0
			41.31778,-72.154724,0
			41.3183330000002,-72.154724,0
			41.318611,-72.1549989999999,0
			41.318611,-72.1558299999999,0
			41.3183330000002,-72.1561129999999,0
			41.31778,-72.1561129999999,0
			41.317501,-72.1558299999999,0
			41.3172230000001,-72.1558299999999,0
			41.3169440000001,-72.1563869999999,0
			41.3166660000001,-72.1563869999999,0
			41.3163870000001,-72.1561129999999,0
			41.3161130000001,-72.1555559999999,0
			41.3158340000002,-72.1552809999999,0
			41.3155560000001,-72.1552809999999,0
			41.3146480000001,-72.156189,0
			41.3144450000001,-72.1563869999999,0
			41.3144450000001,-72.1572189999999,0
			41.3141670000001,-72.1575009999999,0
			41.3141670000001,-72.15789,0
			41.3141670000001,-72.15889,0
			41.3144450000001,-72.1591639999999,0
			41.3133320000001,-72.1602779999999,0
			41.3130570000001,-72.1602779999999,0
			41.3125000000002,-72.1609119999999,0
			41.3122220000001,-72.160835,0
			41.311775,-72.160728,0
			41.3114050000001,-72.160637,0
			41.3114090000001,-72.1611629999999,0
			41.3116680000001,-72.1616669999999,0
			41.3116680000001,-72.1624979999999,0
			41.3110120000001,-72.163177,0
			41.3108330000001,-72.163887,0
			41.3105550000001,-72.163925,0
			41.3097230000001,-72.163689,0
			41.3094440000001,-72.163887,0
			41.308887,-72.163887,0
			41.3083340000001,-72.1636119999999,0
			41.3080560000001,-72.1633299999999,0
			41.3077770000002,-72.163055,0
			41.3077770000002,-72.1619419999999,0
			41.3074910000001,-72.161713,0
			41.3072200000001,-72.1616669999999,0
			41.3063890000001,-72.160835,0
			41.3061100000001,-72.1611099999999,0
			41.3058320000002,-72.161392,0
			41.3055570000001,-72.1616669999999,0
			41.3055570000001,-72.162224,0
			41.3052790000001,-72.1624979999999,0
			41.3050000000001,-72.1627809999999,0
			41.3050000000001,-72.163055,0
			41.304722,-72.1633299999999,0
			41.304722,-72.164169,0
			41.3044430000002,-72.1644439999999,0
			41.3044430000002,-72.165001,0
			41.3041650000001,-72.1652759999999,0
			41.3041650000001,-72.165558,0
			41.3052790000001,-72.1666639999999,0
			41.3055570000001,-72.1666639999999,0
			41.3058320000002,-72.166389,0
			41.3063890000001,-72.166389,0
			41.3066670000002,-72.1666639999999,0
			41.3066670000002,-72.1669459999999,0
			41.3072200000001,-72.167503,0
			41.3069460000002,-72.1677779999999,0
			41.3069460000002,-72.168053,0
			41.308613,-72.169724,0
			41.3100010000002,-72.1711119999999,0
			41.3097230000001,-72.171387,0
			41.3097230000001,-72.172226,0
			41.3100010000002,-72.172226,0
			41.3100010000002,-72.1727749999999,0
			41.3105550000001,-72.173332,0
			41.3108330000001,-72.173332,0
			41.3111110000002,-72.1736149999999,0
			41.3125000000002,-72.1736149999999,0
			41.312778,-72.173332,0
			41.3130570000001,-72.173332,0
			41.3136100000002,-72.1727749999999,0
			41.3136100000002,-72.172501,0
			41.3138890000001,-72.172226,0
			41.3141670000001,-72.172226,0
			41.3149990000002,-72.172226,0
			41.315277,-72.172501,0
			41.3155560000001,-72.1727749999999,0
			41.3158340000002,-72.173058,0
			41.3155560000001,-72.173332,0
			41.3158340000002,-72.1736149999999,0
			41.3161130000001,-72.1736149999999,0
			41.3163870000001,-72.173889,0
			41.3172230000001,-72.173889,0
			41.317501,-72.174164,0
			41.31778,-72.1744459999999,0
			41.318611,-72.1752779999999,0
			41.318611,-72.175552,0
			41.3188900000001,-72.175835,0
			41.3188900000001,-72.1761089999999,0
			41.3191680000001,-72.176392,0
			41.32,-72.177223,0
			41.3212590000001,-72.177223,0
			41.321945,-72.177223,0
			41.3227770000001,-72.178055,0
			41.3230550000001,-72.1783369999999,0
			41.3238910000001,-72.1783369999999,0
			41.3238910000001,-72.1777799999999,0
			41.324165,-72.177498,0
			41.324165,-72.177223,0
			41.324444,-72.177223,0
			41.3247220000001,-72.1769409999999,0
			41.3252790000002,-72.177498,0
			41.3258320000001,-72.177498,0
			41.326668,-72.176666,0
			41.326668,-72.1761089999999,0
			41.326389,-72.175835,0
			41.326668,-72.175552,0
			41.3272210000001,-72.174721,0
			41.327499,-72.1744459999999,0
			41.3277780000002,-72.174164,0
			41.3280560000001,-72.174164,0
			41.3283350000001,-72.1744459999999,0
			41.328888,-72.175003,0
			41.3291660000001,-72.175003,0
			41.3294450000001,-72.1752779999999,0
			41.329723,-72.1752779999999,0
			41.3302760000001,-72.175835,0
			41.3305550000001,-72.175835,0
			41.330833,-72.1761089999999,0
			41.3316650000001,-72.1761089999999,0
			41.3319440000001,-72.175835,0
			41.332222,-72.175835,0
			41.3325000000001,-72.175552,0
			41.3327790000001,-72.175552,0
			41.3327790000001,-72.1752779999999,0
			41.3330570000002,-72.175003,0
			41.333332,-72.175003,0
			41.3336110000002,-72.174721,0
			41.3338890000001,-72.174721,0
			41.334167,-72.1744459999999,0
			41.3344460000002,-72.1744459999999,0
			41.3349990000001,-72.173889,0
			41.3352780000001,-72.173889,0
			41.3355560000002,-72.174164,0
			41.3363880000001,-72.174164,0
			41.3372230000001,-72.175003,0
			41.3377760000002,-72.175003,0
			41.3380550000002,-72.174721,0
			41.3383330000001,-72.174721,0
			41.3386120000001,-72.1744459999999,0
			41.3388900000002,-72.1744459999999,0
			41.339169,-72.174164,0
			41.3394430000001,-72.174164,0
			41.34,-72.1736149999999,0
			41.3408320000001,-72.1736149999999,0
			41.3413890000002,-72.174164,0
			41.3416670000001,-72.173889,0
			41.3419460000001,-72.173889,0
			41.3422240000002,-72.174164,0
			41.342499,-72.174164,0
			41.3427770000001,-72.174721,0
			41.3430560000001,-72.174721,0
			41.343334,-72.175003,0
			41.3436130000002,-72.175003,0
			41.3447230000002,-72.1761089999999,0
			41.3450010000001,-72.1761089999999,0
			41.3452760000001,-72.176392,0
			41.345833,-72.176392,0
			41.34639,-72.1769409999999,0
			41.3469430000002,-72.1769409999999,0
			41.3472210000001,-72.177223,0
			41.3480570000002,-72.177223,0
			41.3483310000001,-72.177498,0
			41.3486100000001,-72.177498,0
			41.3488880000002,-72.1777799999999,0
			41.3494450000001,-72.1777799999999,0
			41.349998,-72.1783369999999,0
			41.3511120000002,-72.1783369999999,0
			41.3516650000001,-72.178886,0
			41.3516650000001,-72.1794429999999,0
			41.3519440000001,-72.1797259999998,0
			41.3516650000001,-72.1802749999999,0
			41.3513870000002,-72.1802749999999,0
			41.3511120000002,-72.180832,0
			41.3508340000001,-72.180832,0
			41.350555,-72.1811139999999,0
			41.3502770000002,-72.181664,0
			41.3483310000001,-72.181664,0
			41.3483310000001,-72.1819459999999,0
			41.3480570000002,-72.18222,0
			41.3477780000002,-72.18222,0
			41.3475000000001,-72.1825029999999,0
			41.3475000000001,-72.1827769999999,0
			41.3472210000001,-72.183052,0
			41.3472210000001,-72.185555,0
			41.3475000000001,-72.1858369999999,0
			41.3475000000001,-72.1861109999999,0
			41.3491670000001,-72.1861109999999,0
			41.3494450000001,-72.1858369999999,0
			41.349724,-72.1858369999999,0
			41.349998,-72.1861109999999,0
			41.3502770000002,-72.186386,0
			41.3508340000001,-72.1869429999999,0
			41.3511120000002,-72.1869429999999,0
			41.3513870000002,-72.1872249999999,0
			41.3516650000001,-72.1872249999999,0
			41.3519440000001,-72.1874999999999,0
			41.3525010000001,-72.1874999999999,0
			41.3527790000001,-72.1877749999999,0
			41.353054,-72.1877749999999,0
			41.3533330000001,-72.1880569999999,0
			41.3536110000002,-72.1877749999999,0
			41.353889,-72.1877749999999,0
			41.3541680000001,-72.1880569999999,0
			41.3544430000001,-72.1880569999999,0
			41.3552780000001,-72.1888889999998,0
			41.3555560000001,-72.1886139999999,0
			41.3558350000001,-72.1886139999999,0
			41.3561100000002,-72.1888889999998,0
			41.356388,-72.1886139999999,0
			41.3569450000001,-72.1880569999999,0
			41.3574980000001,-72.1880569999999,0
			41.3577770000001,-72.188332,0
			41.3583340000001,-72.188332,0
			41.358612,-72.1886139999999,0
			41.3602790000001,-72.1886139999999,0
			41.3605540000001,-72.1888889999998,0
			41.3616680000001,-72.1888889999998,0
			41.361946,-72.189163,0
			41.3627780000001,-72.189163,0
			41.3638880000001,-72.18972,0
			41.364166,-72.18972,0
			41.364445,-72.1900019999999,0
			41.3647230000001,-72.18972,0
			41.365555,-72.1900019999999,0
			41.3661500000001,-72.190872,0
			41.366665,-72.1916659999999,0
			41.3675,-72.192497,0
			41.3675,-72.1927799999999,0
			41.3680570000001,-72.193336,0
			41.3680570000001,-72.1941679999999,0
			41.367779,-72.1944429999999,0
			41.3675,-72.1947249999999,0
			41.366665,-72.1944429999999,0
			41.365276,-72.1936109999999,0
			41.3650020000001,-72.1936109999999,0
			41.3647230000001,-72.193336,0
			41.363056,-72.1927799999999,0
			41.3616680000001,-72.192497,0
			41.361111,-72.192497,0
			41.359722,-72.1911089999999,0
			41.3591650000001,-72.1911089999999,0
			41.358891,-72.1908339999999,0
			41.3580550000001,-72.1908339999999,0
			41.3577770000001,-72.190552,0
			41.356388,-72.190552,0
			41.3561100000002,-72.1908339999999,0
			41.3558350000001,-72.1908339999999,0
			41.3552780000001,-72.1913909999999,0
			41.3550000000001,-72.1908339999999,0
			41.3544430000001,-72.1908339999999,0
			41.3541680000001,-72.190552,0
			41.3525010000001,-72.190552,0
			41.3522220000002,-72.1908339999999,0
			41.3511120000002,-72.190552,0
			41.349724,-72.1900019999999,0
			41.3494450000001,-72.1900019999999,0
			41.3491670000001,-72.18972,0
			41.3480570000002,-72.18972,0
			41.3477780000002,-72.1900019999999,0
			41.3472210000001,-72.1900019999999,0
			41.3469430000002,-72.1900019999999,0
			41.3466680000001,-72.1902769999999,0
			41.34639,-72.1900019999999,0
			41.345833,-72.1900019999999,0
			41.3455540000002,-72.18972,0
			41.3447230000002,-72.18972,0
			41.3444440000002,-72.1894449999999,0
			41.3438870000001,-72.1894449999999,0
			41.3436130000002,-72.1869429999999,0
			41.343334,-72.1866679999999,0
			41.3427770000001,-72.185555,0
			41.3422240000002,-72.185555,0
			41.3419460000001,-72.1852799999999,0
			41.3413890000002,-72.1852799999999,0
			41.3408320000001,-72.1847229999998,0
			41.3402790000002,-72.1847229999998,0
			41.34,-72.184998,0
			41.3397220000001,-72.1847229999998,0
			41.3369450000002,-72.1847229999998,0
			41.3363880000001,-72.184166,0
			41.3355560000002,-72.184166,0
			41.3349990000001,-72.1838909999998,0
			41.334721,-72.1836089999999,0
			41.3344460000002,-72.1836089999999,0
			41.334167,-72.183334,0
			41.3336110000002,-72.183334,0
			41.333332,-72.183052,0
			41.332222,-72.183052,0
			41.3316650000001,-72.1836089999999,0
			41.3311120000002,-72.1836089999999,0
			41.330833,-72.1838909999998,0
			41.3305550000001,-72.1838909999998,0
			41.3302760000001,-72.184166,0
			41.329723,-72.184166,0
			41.328888,-72.184998,0
			41.328888,-72.1852799999999,0
			41.3283350000001,-72.1858369999999,0
			41.3280560000001,-72.1858369999999,0
			41.3272210000001,-72.184998,0
			41.326389,-72.184998,0
			41.3261110000001,-72.1852799999999,0
			41.3258320000001,-72.1852799999999,0
			41.324165,-72.1869429999999,0
			41.324165,-72.1874999999999,0
			41.3238910000001,-72.1877749999999,0
			41.3238910000001,-72.189163,0
			41.3236120000001,-72.1894449999999,0
			41.3236120000001,-72.18972,0
			41.323334,-72.1900019999999,0
			41.323334,-72.1902769999999,0
			41.3230550000001,-72.190552,0
			41.3230550000001,-72.1908339999999,0
			41.3227770000001,-72.1911089999999,0
			41.3227770000001,-72.1916659999999,0
			41.3224980000002,-72.191948,0
			41.3224980000002,-72.192497,0
			41.322224,-72.1927799999999,0
			41.322224,-72.1930539999998,0
			41.321945,-72.193336,0
			41.321945,-72.1936109999999,0
			41.3216670000001,-72.1938859999998,0
			41.3216670000001,-72.1944429999999,0
			41.32111,-72.1949999999999,0
			41.32111,-72.1955569999999,0
			41.320835,-72.1958309999999,0
			41.3202780000001,-72.1969449999999,0
			41.3202780000001,-72.1972199999999,0
			41.3194430000001,-72.196663,0
			41.3191760000001,-72.1963959999999,0
			41.3188900000001,-72.196114,0
			41.318611,-72.196114,0
			41.3183330000002,-72.1963879999999,0
			41.31778,-72.197502,0
			41.317501,-72.1988909999999,0
			41.3169440000001,-72.1997219999999,0
			41.3163870000001,-72.1997219999999,0
			41.3158340000002,-72.200279,0
			41.3158340000002,-72.2005539999999,0
			41.3155560000001,-72.200836,0
			41.3144450000001,-72.2019419999999,0
			41.3141670000001,-72.2019419999999,0
			41.3138890000001,-72.2022249999999,0
			41.3136100000002,-72.2022249999999,0
			41.3132510000001,-72.202583,0
			41.3130570000001,-72.2027739999999,0
			41.312778,-72.2027739999999,0
			41.3125000000002,-72.2030559999999,0
			41.3122140000001,-72.202705,0
			41.3119430000001,-72.2027739999999,0
			41.3111110000002,-72.2019419999999,0
			41.3108330000001,-72.2019419999999,0
			41.3097230000001,-72.2030559999999,0
			41.309437,-72.203026,0
			41.3091660000002,-72.2033309999999,0
			41.308887,-72.2033309999999,0
			41.308613,-72.203613,0
			41.3080560000001,-72.203613,0
			41.3077770000002,-72.2038879999999,0
			41.3074990000001,-72.203613,0
			41.3069460000002,-72.203613,0
			41.3066670000002,-72.2033309999999,0
			41.3061100000001,-72.2033309999999,0
			41.3052790000001,-72.20417,0
			41.304722,-72.20417,0
			41.3044430000002,-72.204445,0
			41.3038900000001,-72.204445,0
			41.3036120000002,-72.2047199999999,0
			41.302223,-72.2047199999999,0
			41.3016660000001,-72.20417,0
			41.3005560000001,-72.20417,0
			41.3002780000002,-72.2038879999999,0
			41.2999990000002,-72.2038879999999,0
			41.2997210000001,-72.20417,0
			41.2991680000002,-72.20417,0
			41.298889,-72.2038879999999,0
			41.298054,-72.2038879999999,0
			41.2977790000002,-72.203613,0
			41.2972220000001,-72.203613,0
			41.296944,-72.2033309999999,0
			41.2966650000002,-72.2033309999999,0
			41.2963910000001,-72.2030559999999,0
			41.2961120000001,-72.2030559999999,0
			41.295555,-72.2027739999999,0
			41.2952770000001,-72.202499,0
			41.293056,-72.202499,0
			41.2905540000001,-72.202499,0
			41.2902790000001,-72.2027739999999,0
			41.289722,-72.2027739999999,0
			41.2894440000001,-72.2030559999999,0
			41.2883340000001,-72.2030559999999,0
			41.2880440000001,-72.203323,0
			41.2877770000001,-72.2030559999999,0
			41.287498,-72.2030559999999,0
			41.2872240000001,-72.203613,0
			41.2869450000001,-72.203613,0
			41.2866670000002,-72.20417,0
			41.2858310000001,-72.205002,0
			41.285557,-72.205002,0
			41.285557,-72.207779,0
			41.2858310000001,-72.207779,0
			41.2858310000001,-72.208611,0
			41.285557,-72.208611,0
			41.285557,-72.209167,0
			41.2858310000001,-72.209167,0
			41.2861100000001,-72.2105559999999,0
			41.286388,-72.210831,0
			41.2866670000002,-72.210831,0
			41.2869450000001,-72.2113879999999,0
			41.287498,-72.2113879999999,0
			41.2877770000001,-72.211945,0
			41.2880550000001,-72.2122189999999,0
			41.2883340000001,-72.212502,0
			41.288612,-72.212502,0
			41.288887,-72.212776,0
			41.2891650000001,-72.212776,0
			41.2894440000001,-72.2130579999999,0
			41.2905540000001,-72.2130579999999,0
			41.2913890000001,-72.213333,0
			41.2916680000001,-72.213333,0
			41.2925000000002,-72.214165,0
			41.2925000000002,-72.2158359999999,0
			41.2927780000001,-72.21611,0
			41.2927780000001,-72.2163929999999,0
			41.293056,-72.216667,0
			41.293056,-72.217781,0
			41.2933350000002,-72.2180559999999,0
			41.2933350000002,-72.2191699999999,0
			41.2938880000001,-72.2197189999999,0
			41.2941670000001,-72.219444,0
			41.294445,-72.2197189999999,0
			41.294724,-72.2197189999999,0
			41.2949980000001,-72.2200009999999,0
			41.295555,-72.219444,0
			41.295525,-72.2192,0
			41.2958340000002,-72.2188869999999,0
			41.295555,-72.218613,0
			41.295555,-72.2172239999999,0
			41.2952770000001,-72.216942,0
			41.294724,-72.216942,0
			41.294445,-72.216667,0
			41.294445,-72.21611,0
			41.294724,-72.2158359999999,0
			41.2949980000001,-72.2155529999999,0
			41.2952770000001,-72.2155529999999,0
			41.2957730000001,-72.214996,0
			41.2960130000001,-72.214645,0
			41.2963910000001,-72.2147219999999,0
			41.296886,-72.2161409999999,0
			41.2983320000001,-72.2161869999999,0
			41.2986110000001,-72.2161869999999,0
			41.2992860000002,-72.2165829999998,0
			41.2996830000001,-72.216621,0
			41.3000220000001,-72.2164689999999,0
			41.3002780000002,-72.2163929999999,0
			41.301109,-72.2163929999999,0
			41.301388,-72.2170639999999,0
			41.302223,-72.216667,0
			41.3025020000002,-72.216942,0
			41.3025400000001,-72.2171779999999,0
			41.3031270000002,-72.2178879999999,0
			41.303413,-72.2177509999999,0
			41.303505,-72.2172239999999,0
			41.3041460000001,-72.2171859999999,0
			41.3048820000001,-72.2172619999999,0
			41.3051570000001,-72.217819,0
			41.3055570000001,-72.217781,0
			41.3066670000002,-72.217781,0
			41.3069460000002,-72.2180559999999,0
			41.3074990000001,-72.2180559999999,0
			41.3077770000002,-72.21833,0
			41.3080560000001,-72.21833,0
			41.3080560000001,-72.2188869999999,0
			41.3091660000002,-72.2191699999999,0
			41.3102760000002,-72.2180559999999,0
			41.3108330000001,-72.218613,0
			41.3119430000001,-72.218613,0
			41.3122220000001,-72.21833,0
			41.3125000000002,-72.21833,0
			41.312778,-72.2180559999999,0
			41.3133320000001,-72.218613,0
			41.3133320000001,-72.2188869999999,0
			41.3119430000001,-72.220276,0
			41.3116680000001,-72.220276,0
			41.3113900000001,-72.2205579999999,0
			41.3105550000001,-72.2205579999999,0
			41.3102760000002,-72.220833,0
			41.3100010000002,-72.220833,0
			41.3097230000001,-72.221107,0
			41.3091660000002,-72.221107,0
			41.308887,-72.2213899999999,0
			41.3078770000001,-72.220993,0
			41.3073430000001,-72.2206419999999,0
			41.306492,-72.221397,0
			41.3055570000001,-72.221664,0
			41.3052790000001,-72.2213899999999,0
			41.3041650000001,-72.2213899999999,0
			41.3038900000001,-72.221664,0
			41.3036120000002,-72.221664,0
			41.3033330000002,-72.2219469999999,0
			41.3027760000001,-72.222778,0
			41.3025020000002,-72.2230529999999,0
			41.302223,-72.22361,0
			41.3019450000001,-72.22361,0
			41.3016660000001,-72.2238919999999,0
			41.301388,-72.2238919999999,0
			41.301109,-72.224442,0
			41.3005560000001,-72.224998,0
			41.3005560000001,-72.2255549999999,0
			41.2999990000002,-72.2261119999999,0
			41.2997820000002,-72.2261119999999,0
			41.2994460000001,-72.2263869999999,0
			41.2991680000002,-72.2263869999999,0
			41.298054,-72.2275009999999,0
			41.298054,-72.227776,0
			41.2983320000001,-72.2280579999999,0
			41.2983320000001,-72.2286149999998,0
			41.2986110000001,-72.2288889999999,0
			41.2986110000001,-72.2294459999999,0
			41.2987250000001,-72.2295609999999,0
			41.2997210000001,-72.2305529999999,0
			41.2997210000001,-72.23111,0
			41.2991680000002,-72.2316669999999,0
			41.298889,-72.2316669999999,0
			41.2986110000001,-72.231392,0
			41.2983970000001,-72.231392,0
			41.2981800000001,-72.2312159999999,0
			41.298054,-72.23111,0
			41.298054,-72.2308349999999,0
			41.2977790000002,-72.2305529999999,0
			41.2972220000001,-72.2305529999999,0
			41.296944,-72.23111,0
			41.2966650000002,-72.23111,0
			41.2966650000002,-72.231941,0
			41.2972220000001,-72.2324979999999,0
			41.2975010000001,-72.2324979999999,0
			41.2983320000001,-72.2333299999999,0
			41.2986110000001,-72.2333299999999,0
			41.2999990000002,-72.234726,0
			41.2999990000002,-72.2350009999999,0
			41.3002780000002,-72.235275,0
			41.3002780000002,-72.235558,0
			41.300396,-72.2356719999999,0
			41.3005560000001,-72.2358319999999,0
			41.3005560000001,-72.2366639999999,0
			41.3008350000001,-72.236946,0
			41.3008350000001,-72.2377779999998,0
			41.3005560000001,-72.2380519999999,0
			41.3005560000001,-72.241112,0
			41.3002780000002,-72.2413859999999,0
			41.3002780000002,-72.2424999999999,0
			41.2999990000002,-72.2427749999998,0
			41.2999990000002,-72.2433319999999,0
			41.2994460000001,-72.243889,0
			41.2994460000001,-72.2441639999999,0
			41.299248,-72.244362,0
			41.298889,-72.24472,0
			41.2986110000001,-72.24472,0
			41.2986110000001,-72.2450029999999,0
			41.2983320000001,-72.245277,0
			41.298054,-72.245277,0
			41.298054,-72.245552,0
			41.2977790000002,-72.2458339999999,0
			41.2977790000002,-72.2461089999999,0
			41.298054,-72.246391,0
			41.298054,-72.2466659999999,0
			41.298889,-72.2474979999999,0
			41.298859,-72.2477719999999,0
			41.2997210000001,-72.248611,0
			41.2999990000002,-72.248611,0
			41.3002780000002,-72.248886,0
			41.3005560000001,-72.248886,0
			41.3008350000001,-72.2491679999999,0
			41.3025020000002,-72.2491679999999,0
			41.3027760000001,-72.249443,0
			41.3030550000001,-72.249443,0
			41.3033330000002,-72.249725,0
			41.3036120000002,-72.249725,0
			41.3038900000001,-72.2499999999999,0
			41.3044430000002,-72.2499999999999,0
			41.304722,-72.250275,0
			41.3050000000001,-72.250275,0
			41.3052790000001,-72.250557,0
			41.3055570000001,-72.250557,0
			41.3058320000002,-72.2508319999999,0
			41.3063890000001,-72.2508319999999,0
			41.3069460000002,-72.251389,0
			41.3072200000001,-72.251389,0
			41.3080560000001,-72.25222,0
			41.3080560000001,-72.2525019999999,0
			41.3074990000001,-72.253052,0
			41.3072200000001,-72.253052,0
			41.3069460000002,-72.252777,0
			41.3066670000002,-72.252777,0
			41.3061100000001,-72.25222,0
			41.3058320000002,-72.25222,0
			41.3055570000001,-72.251945,0
			41.3052790000001,-72.251945,0
			41.3050000000001,-72.2516629999999,0
			41.304722,-72.2516629999999,0
			41.3041650000001,-72.2511139999999,0
			41.3038900000001,-72.251389,0
			41.3036120000002,-72.2516629999999,0
			41.3033330000002,-72.251389,0
			41.3030550000001,-72.251389,0
			41.3025020000002,-72.2508319999999,0
			41.302223,-72.2508319999999,0
			41.3019450000001,-72.250557,0
			41.301388,-72.2511139999999,0
			41.3008350000001,-72.250557,0
			41.3002780000002,-72.250557,0
			41.2999990000002,-72.2508319999999,0
			41.2991680000002,-72.2508319999999,0
			41.2991680000002,-72.2511139999999,0
			41.298889,-72.251389,0
			41.298889,-72.2516629999999,0
			41.2986110000001,-72.251945,0
			41.298054,-72.2525019999999,0
			41.2977790000002,-72.25222,0
			41.2975010000001,-72.2525019999999,0
			41.2966650000002,-72.2516629999999,0
			41.2963910000001,-72.2516629999999,0
			41.2958340000002,-72.2511139999999,0
			41.295555,-72.2511139999999,0
			41.2949980000001,-72.250557,0
			41.294724,-72.2508319999999,0
			41.294445,-72.2508319999999,0
			41.2941670000001,-72.2511139999999,0
			41.29361,-72.2511139999999,0
			41.2933350000002,-72.2508319999999,0
			41.2927780000001,-72.2508319999999,0
			41.2925000000002,-72.2511139999999,0
			41.2920800000001,-72.2511139999999,0
			41.291111,-72.2511139999999,0
			41.2905540000001,-72.2516629999999,0
			41.2908330000001,-72.251945,0
			41.2905540000001,-72.25222,0
			41.2905540000001,-72.2525019999999,0
			41.2906610000001,-72.2526089999998,0
			41.2908330000001,-72.252777,0
			41.2908330000001,-72.2533339999999,0
			41.2905540000001,-72.253609,0
			41.2905540000001,-72.253891,0
			41.2902790000001,-72.2541659999999,0
			41.2902790000001,-72.2544479999999,0
			41.2900010000002,-72.254723,0
			41.289722,-72.254723,0
			41.2894440000001,-72.2549969999999,0
			41.2891650000001,-72.2549969999999,0
			41.288887,-72.2552799999999,0
			41.2887650000001,-72.2551569999999,0
			41.2883340000001,-72.254723,0
			41.2880550000001,-72.2549969999999,0
			41.287498,-72.2549969999999,0
			41.286388,-72.256111,0
			41.2861100000001,-72.256386,0
			41.2861100000001,-72.257774,0
			41.2869450000001,-72.257774,0
			41.287178,-72.257469,0
			41.287498,-72.257774,0
			41.2880550000001,-72.257774,0
			41.2883340000001,-72.2583309999999,0
			41.2883340000001,-72.258888,0
			41.287498,-72.258888,0
			41.2869450000001,-72.2594449999999,0
			41.2866670000002,-72.2594449999999,0
			41.286388,-72.2602769999999,0
			41.2861100000001,-72.260559,0
			41.2858310000001,-72.260559,0
			41.285557,-72.2602769999999,0
			41.285248,-72.2602769999999,0
			41.2850000000001,-72.2602769999999,0
			41.2847210000002,-72.260559,0
			41.2844430000001,-72.260559,0
			41.2841680000002,-72.261108,0
			41.2838900000001,-72.261108,0
			41.2836110000001,-72.261391,0
			41.283333,-72.261391,0
			41.283054,-72.2616649999999,0
			41.2827760000001,-72.2616649999999,0
			41.2827760000001,-72.2624969999999,0
			41.283054,-72.2624969999999,0
			41.283333,-72.2627789999999,0
			41.283333,-72.265274,0
			41.2836110000001,-72.265556,0
			41.2836110000001,-72.2661129999999,0
			41.283897,-72.266396,0
			41.2847210000002,-72.26722,0
			41.2847210000002,-72.267502,0
			41.2850000000001,-72.2677759999999,0
			41.2850000000001,-72.2683329999999,0
			41.2847210000002,-72.2686079999999,0
			41.2847210000002,-72.2688899999998,0
			41.2844430000001,-72.2691649999999,0
			41.2844430000001,-72.269722,0
			41.2841840000001,-72.2699809999999,0
			41.2841680000002,-72.2702789999999,0
			41.284256,-72.27037,0
			41.2844430000001,-72.270554,0
			41.2843970000001,-72.271118,0
			41.2847210000002,-72.271385,0
			41.2852780000001,-72.2719419999999,0
			41.2852780000001,-72.2724989999999,0
			41.284752,-72.2730259999999,0
			41.2847210000002,-72.274719,0
			41.2844430000001,-72.275002,0
			41.2844430000001,-72.275833,0
			41.2847210000002,-72.2761079999999,0
			41.2847210000002,-72.276665,0
			41.2844430000001,-72.2769469999999,0
			41.2844430000001,-72.2772219999999,0
			41.2841680000002,-72.2774959999999,0
			41.2841680000002,-72.2780529999998,0
			41.2838900000001,-72.278336,0
			41.2838900000001,-72.2786099999999,0
			41.2836110000001,-72.278893,0
			41.2836110000001,-72.2794419999999,0
			41.283333,-72.279724,0
			41.283333,-72.279999,0
			41.2836110000001,-72.280281,0
			41.2836110000001,-72.281113,0
			41.2827760000001,-72.2819439999999,0
			41.2827760000001,-72.2822189999998,0
			41.2819440000001,-72.283058,0
			41.2819440000001,-72.283333,0
			41.2816660000001,-72.2836069999999,0
			41.2816660000001,-72.28389,0
			41.2813870000002,-72.284164,0
			41.2816660000001,-72.2844469999999,0
			41.2816660000001,-72.2847209999999,0
			41.2813870000002,-72.285004,0
			41.2813870000002,-72.285835,0
			41.2811130000001,-72.2861099999999,0
			41.2811130000001,-72.2869419999999,0
			41.280834,-72.287224,0
			41.280834,-72.28833,0
			41.2805560000002,-72.2886119999999,0
			41.2805560000002,-72.288887,0
			41.2802770000001,-72.289169,0
			41.2802770000001,-72.2911149999999,0
			41.2805560000002,-72.291389,0
			41.2805560000002,-72.2919459999999,0
			41.280834,-72.292221,0
			41.280834,-72.293053,0
			41.2805560000002,-72.293335,0
			41.2805560000002,-72.29361,0
			41.2802770000001,-72.2938919999999,0
			41.279999,-72.294167,0
			41.279999,-72.2947239999999,0
			41.279724,-72.294998,0
			41.279999,-72.2952799999999,0
			41.279999,-72.2961119999999,0
			41.2794460000001,-72.296669,0
			41.2794460000001,-72.2972259999999,0
			41.2791670000001,-72.297501,0
			41.2791670000001,-72.297775,0
			41.278889,-72.2994459999999,0
			41.2791670000001,-72.2994459999999,0
			41.279724,-72.3000029999998,0
			41.279724,-72.3002779999999,0
			41.2799570000001,-72.3005139999999,0
			41.2802770000001,-72.300835,0
			41.2802770000001,-72.301666,0
			41.279999,-72.3041689999998,0
			41.2802770000001,-72.3044429999999,0
			41.2802770000001,-72.305,0
			41.279999,-72.3052749999999,0
			41.279999,-72.305832,0
			41.2805560000002,-72.3063889999999,0
			41.2802770000001,-72.306664,0
			41.2802770000001,-72.306946,0
			41.2794460000001,-72.3077769999999,0
			41.2794460000001,-72.3088909999999,0
			41.2788660000001,-72.3094709999999,0
			41.2786100000001,-72.3097229999999,0
			41.2786100000001,-72.31028,0
			41.2783320000001,-72.3105549999999,0
			41.2783320000001,-72.3108369999999,0
			41.2780570000002,-72.311111,0
			41.2780570000002,-72.311943,0
			41.2777790000001,-72.3122249999999,0
			41.2775,-72.3122249999999,0
			41.2774010000001,-72.3126599999999,0
			41.277523,-72.3133769999999,0
			41.2775,-72.3138889999999,0
			41.2775,-72.3166659999999,0
			41.2777790000001,-72.316948,0
			41.2777790000001,-72.3172229999999,0
			41.2778210000001,-72.3173829999999,0
			41.277882,-72.3176569999999,0
			41.2779770000001,-72.31794,0
			41.2780380000002,-72.3181379999999,0
			41.277897,-72.3188859999999,0
			41.277897,-72.3191679999999,0
			41.2780570000002,-72.319443,0
			41.2780570000002,-72.319725,0
			41.2784270000002,-72.3200909999999,0
			41.2786100000001,-72.320274,0
			41.2786100000001,-72.320557,0
			41.2791670000001,-72.321114,0
			41.2791670000001,-72.3213879999999,0
			41.2786100000001,-72.321945,0
			41.2784810000001,-72.321945,0
			41.2783320000001,-72.321945,0
			41.278393,-72.322777,0
			41.2786600000001,-72.322899,0
			41.278889,-72.322899,0
			41.2788390000002,-72.323608,0
			41.2783320000001,-72.3241649999999,0
			41.2783320000001,-72.324448,0
			41.2786100000001,-72.32473,0
			41.2787090000001,-72.3249209999999,0
			41.278889,-72.325195,0
			41.2799070000001,-72.324242,0
			41.2802770000001,-72.323891,0
			41.2805560000002,-72.323891,0
			41.2812690000002,-72.323059,0
			41.2812690000002,-72.322777,0
			41.2805290000001,-72.3224179999999,0
			41.280834,-72.3216629999999,0
			41.280834,-72.3213879999999,0
			41.2809750000002,-72.3206409999999,0
			41.2805560000002,-72.3199999999999,0
			41.2802770000001,-72.319725,0
			41.279999,-72.319725,0
			41.279724,-72.319443,0
			41.279724,-72.3191679999999,0
			41.2794460000001,-72.3188859999999,0
			41.279724,-72.318611,0
			41.279724,-72.318336,0
			41.2794460000001,-72.3180539999999,0
			41.2794460000001,-72.31778,0
			41.2791670000001,-72.3174969999998,0
			41.2791670000001,-72.3172229999999,0
			41.278889,-72.316948,0
			41.278889,-72.316391,0
			41.2786100000001,-72.316109,0
			41.2786100000001,-72.3158339999999,0
			41.278889,-72.3155519999999,0
			41.278889,-72.3150019999999,0
			41.2791670000001,-72.3147199999999,0
			41.2794460000001,-72.314445,0
			41.279724,-72.314445,0
			41.280834,-72.3155519999999,0
			41.280834,-72.316109,0
			41.2811130000001,-72.316391,0
			41.2811130000001,-72.31778,0
			41.2813870000002,-72.3180539999999,0
			41.2813870000002,-72.318336,0
			41.2816660000001,-72.318611,0
			41.2816660000001,-72.3191679999999,0
			41.2813870000002,-72.319725,0
			41.2813870000002,-72.3199999999999,0
			41.2814250000001,-72.3204349999999,0
			41.2816660000001,-72.3208309999999,0
			41.282223,-72.3213879999999,0
			41.2827610000002,-72.321625,0
			41.2841680000002,-72.3199999999999,0
			41.2841680000002,-72.319725,0
			41.2847210000002,-72.3191679999999,0
			41.2847210000002,-72.3188859999999,0
			41.2850000000001,-72.318611,0
			41.2850000000001,-72.3180539999999,0
			41.2852780000001,-72.31778,0
			41.2852780000001,-72.3174969999998,0
			41.2858310000001,-72.316948,0
			41.2858310000001,-72.3166659999999,0
			41.2861100000001,-72.316391,0
			41.2861100000001,-72.3158339999999,0
			41.286388,-72.3155519999999,0
			41.286388,-72.315277,0
			41.2869450000001,-72.3147199999999,0
			41.2877770000001,-72.3147199999999,0
			41.2880550000001,-72.314445,0
			41.2883340000001,-72.314445,0
			41.2883340000001,-72.3133319999998,0
			41.288612,-72.3130569999999,0
			41.288612,-72.3124999999999,0
			41.288887,-72.3122249999999,0
			41.288887,-72.311943,0
			41.2891650000001,-72.3116679999999,0
			41.2894440000001,-72.3116679999999,0
			41.2900010000002,-72.3122249999999,0
			41.2900010000002,-72.3127749999999,0
			41.2902790000001,-72.3130569999999,0
			41.2902790000001,-72.3133319999998,0
			41.2905540000001,-72.313614,0
			41.2905540000001,-72.314445,0
			41.2908330000001,-72.3147199999999,0
			41.2902790000001,-72.315277,0
			41.2902790000001,-72.3155519999999,0
			41.2905540000001,-72.3158339999999,0
			41.2905540000001,-72.316109,0
			41.2902790000001,-72.316391,0
			41.289722,-72.316391,0
			41.2894440000001,-72.316109,0
			41.2891650000001,-72.316109,0
			41.288612,-72.3166659999999,0
			41.288612,-72.316948,0
			41.2880550000001,-72.3174969999998,0
			41.2880550000001,-72.3180539999999,0
			41.2877770000001,-72.318336,0
			41.2877770000001,-72.318611,0
			41.2880550000001,-72.3188859999999,0
			41.2883340000001,-72.3188859999999,0
			41.2884330000001,-72.319084,0
			41.2888300000001,-72.3189319999999,0
			41.2891650000001,-72.3190459999999,0
			41.2893450000001,-72.319374,0
			41.288612,-72.320274,0
			41.2880550000001,-72.320274,0
			41.2877770000001,-72.3199999999999,0
			41.2858310000001,-72.3199999999999,0
			41.285557,-72.320274,0
			41.2852780000001,-72.320274,0
			41.2841680000002,-72.3213879999999,0
			41.2841680000002,-72.3216629999999,0
			41.2838900000001,-72.321945,0
			41.2838900000001,-72.3222199999999,0
			41.2836110000001,-72.322502,0
			41.2836110000001,-72.323334,0
			41.283054,-72.323891,0
			41.2827760000001,-72.323891,0
			41.2825010000001,-72.3241649999999,0
			41.2819440000001,-72.3241649999999,0
			41.2815480000002,-72.324432,0
			41.2811130000001,-72.324722,0
			41.2811130000001,-72.3249969999999,0
			41.280834,-72.325279,0
			41.280834,-72.325554,0
			41.2805560000002,-72.3258359999999,0
			41.2805560000002,-72.326111,0
			41.2802770000001,-72.3263849999999,0
			41.2805560000002,-72.3266679999999,0
			41.2802770000001,-72.326942,0
			41.2802770000001,-72.327499,0
			41.279999,-72.327774,0
			41.2802770000001,-72.328056,0
			41.2802770000001,-72.328888,0
			41.2805560000002,-72.3291699999999,0
			41.2805560000002,-72.32972,0
			41.2806210000002,-72.330475,0
			41.2804570000001,-72.3308719999999,0
			41.2805560000002,-72.331108,0
			41.2813870000002,-72.331947,0
			41.2825010000001,-72.333054,0
			41.2836110000001,-72.3341669999999,0
			41.2838900000001,-72.3341669999999,0
			41.2841680000002,-72.334442,0
			41.2847210000002,-72.3349989999999,0
			41.2850000000001,-72.3349989999999,0
			41.285557,-72.3355559999999,0
			41.2858310000001,-72.3355559999999,0
			41.2861100000001,-72.3358309999999,0
			41.2861100000001,-72.336113,0
			41.2877770000001,-72.337776,0
			41.2880550000001,-72.337776,0
			41.2883340000001,-72.3380579999999,0
			41.288612,-72.3380579999999,0
			41.288887,-72.3383329999999,0
			41.2891650000001,-72.3383329999999,0
			41.2894440000001,-72.338608,0
			41.289722,-72.3388899999999,0
			41.2900010000002,-72.3388899999999,0
			41.2902790000001,-72.3391649999999,0
			41.291111,-72.3391649999999,0
			41.2916680000001,-72.3397219999999,0
			41.292221,-72.3397219999999,0
			41.2925000000002,-72.3399959999999,0
			41.2927780000001,-72.3399959999999,0
			41.2933350000002,-72.3400799999999,0
			41.29361,-72.3402789999998,0
			41.2938880000001,-72.3405529999999,0
			41.2941670000001,-72.3405529999999,0
			41.294445,-72.3408359999999,0
			41.294724,-72.3408359999999,0
			41.295555,-72.3416669999999,0
			41.2961120000001,-72.3416669999999,0
			41.2966650000002,-72.342224,0
			41.296944,-72.342224,0
			41.2972220000001,-72.341942,0
			41.2975010000001,-72.341942,0
			41.2975010000001,-72.3402789999998,0
			41.296944,-72.3397219999999,0
			41.296944,-72.3394469999998,0
			41.2966650000002,-72.3391649999999,0
			41.2966650000002,-72.3388899999999,0
			41.2963910000001,-72.338608,0
			41.2963910000001,-72.3383329999999,0
			41.2961120000001,-72.3380579999999,0
			41.2961120000001,-72.337776,0
			41.2958340000002,-72.3375019999999,0
			41.2958340000002,-72.337219,0
			41.2963910000001,-72.3366699999999,0
			41.296944,-72.337219,0
			41.296944,-72.3375019999999,0
			41.2975010000001,-72.3380579999999,0
			41.2975010000001,-72.3383329999999,0
			41.298054,-72.3388899999999,0
			41.298054,-72.3391649999999,0
			41.2986110000001,-72.3397219999999,0
			41.2986110000001,-72.3399959999999,0
			41.2991680000002,-72.3405529999999,0
			41.2991680000002,-72.3408359999999,0
			41.2994460000001,-72.34111,0
			41.2999990000002,-72.3416669999999,0
			41.3005560000001,-72.342224,0
			41.3008350000001,-72.342224,0
			41.301388,-72.3427809999999,0
			41.3016660000001,-72.3430559999999,0
			41.3019450000001,-72.3430559999999,0
			41.302223,-72.3433299999999,0
			41.3030550000001,-72.3433299999999,0
			41.3033330000002,-72.3436129999999,0
			41.3033330000002,-72.3438869999999,0
			41.3036120000002,-72.3438869999999,0
			41.3044430000002,-72.3447189999999,0
			41.304722,-72.3447189999999,0
			41.3052790000001,-72.345276,0
			41.3058320000002,-72.345276,0
			41.3061100000001,-72.345558,0
			41.3080560000001,-72.345558,0
			41.3083340000001,-72.345276,0
			41.308613,-72.345558,0
			41.308887,-72.3458329999999,0
			41.3091660000002,-72.3458329999999,0
			41.3097230000001,-72.34639,0
			41.3097230000001,-72.3469469999999,0
			41.3100010000002,-72.3472209999999,0
			41.3100010000002,-72.3477779999999,0
			41.3102760000002,-72.3480529999999,0
			41.3102760000002,-72.351387,0
			41.3105550000001,-72.351669,0
			41.3105550000001,-72.353058,0
			41.3099020000001,-72.354126,0
			41.3089330000001,-72.35405,0
			41.308475,-72.3544009999999,0
			41.3074990000001,-72.3541639999999,0
			41.3072200000001,-72.3544459999999,0
			41.3061100000001,-72.3544459999999,0
			41.3058320000002,-72.3541639999999,0
			41.3055570000001,-72.3541639999999,0
			41.3050500000001,-72.354675,0
			41.304722,-72.354683,0
			41.3041650000001,-72.3552779999999,0
			41.3038900000001,-72.3552779999999,0
			41.3036120000002,-72.355553,0
			41.3027760000001,-72.355553,0
			41.3025020000002,-72.355835,0
			41.302223,-72.355553,0
			41.3016660000001,-72.3561099999999,0
			41.301388,-72.3561099999999,0
			41.3008350000001,-72.356667,0
			41.2999990000002,-72.356667,0
			41.2997210000001,-72.3569409999999,0
			41.298889,-72.3569409999999,0
			41.2986110000001,-72.357224,0
			41.298054,-72.357224,0
			41.2977790000002,-72.3574979999999,0
			41.2975010000001,-72.3574979999999,0
			41.2972220000001,-72.3577799999999,0
			41.2963910000001,-72.3577799999999,0
			41.2961120000001,-72.358055,0
			41.2953150000001,-72.358055,0
			41.2941670000001,-72.358055,0
			41.2938880000001,-72.3577799999999,0
			41.292221,-72.3577799999999,0
			41.292221,-72.360001,0
			41.2925000000002,-72.360001,0
			41.2927780000001,-72.360832,0
			41.293056,-72.3611149999999,0
			41.2925000000002,-72.3619459999999,0
			41.2925000000002,-72.362221,0
			41.293056,-72.3627779999999,0
			41.293056,-72.363052,0
			41.2938880000001,-72.363892,0
			41.2941670000001,-72.3636089999999,0
			41.2949980000001,-72.3636089999999,0
			41.295555,-72.363052,0
			41.2959900000001,-72.3634869999999,0
			41.2961120000001,-72.3636089999999,0
			41.2960740000001,-72.3641739999999,0
			41.2972220000001,-72.3652799999999,0
			41.2972220000001,-72.3658369999999,0
			41.296944,-72.3661119999999,0
			41.296944,-72.366386,0
			41.2966650000002,-72.366669,0
			41.2963910000001,-72.366669,0
			41.2961120000001,-72.366386,0
			41.2958340000002,-72.366386,0
			41.2952770000001,-72.3669429999999,0
			41.2949980000001,-72.3669429999999,0
			41.294724,-72.3675,0
			41.294445,-72.3677749999999,0
			41.2941670000001,-72.3677749999999,0
			41.2938880000001,-72.368057,0
			41.29361,-72.368057,0
			41.2933350000002,-72.3677749999999,0
			41.2927780000001,-72.3677749999999,0
			41.2925000000002,-72.367226,0
			41.2919620000001,-72.3666529999999,0
			41.2913890000001,-72.366669,0
			41.291233,-72.3668209999999,0
			41.2911760000001,-72.366882,0
			41.2911030000001,-72.3668979999999,0
			41.2908330000001,-72.3669429999999,0
			41.2905540000001,-72.367226,0
			41.2902790000001,-72.367226,0
			41.2900010000002,-72.3669429999999,0
			41.289722,-72.367226,0
			41.2891650000001,-72.367226,0
			41.288887,-72.3669429999999,0
			41.2883340000001,-72.3669429999999,0
			41.2880550000001,-72.366669,0
			41.287498,-72.366669,0
			41.2872240000001,-72.366386,0
			41.286388,-72.366386,0
			41.285557,-72.365555,0
			41.285557,-72.3652799999999,0
			41.2852780000001,-72.364998,0
			41.286388,-72.363892,0
			41.286388,-72.3636089999999,0
			41.2872240000001,-72.3627779999999,0
			41.2872240000001,-72.3619459999999,0
			41.287498,-72.3616639999999,0
			41.2877390000001,-72.3603589999999,0
			41.2877770000001,-72.360001,0
			41.288017,-72.359802,0
			41.2880550000001,-72.3594439999999,0
			41.2880550000001,-72.359169,0
			41.2883340000001,-72.358887,0
			41.288593,-72.3586119999999,0
			41.2889100000002,-72.3577799999999,0
			41.2891650000001,-72.3577799999999,0
			41.2900010000002,-72.3569409999999,0
			41.2900010000002,-72.356667,0
			41.289722,-72.356392,0
			41.289722,-72.355003,0
			41.2894440000001,-72.355003,0
			41.2894440000001,-72.353889,0
			41.2891650000001,-72.3536149999999,0
			41.2891650000001,-72.3527759999999,0
			41.2884100000002,-72.35202,0
			41.2883340000001,-72.3519439999999,0
			41.2883340000001,-72.351669,0
			41.2880250000001,-72.3514019999999,0
			41.2877770000001,-72.351387,0
			41.2866670000002,-72.3502809999999,0
			41.286388,-72.3502809999999,0
			41.2861100000001,-72.3499979999999,0
			41.2850000000001,-72.3499979999999,0
			41.2847210000002,-72.349724,0
			41.2841680000002,-72.349724,0
			41.283333,-72.348892,0
			41.283054,-72.3486099999998,0
			41.2823870000001,-72.3486099999998,0
			41.2819440000001,-72.3486099999998,0
			41.2816660000001,-72.3491669999999,0
			41.2813870000002,-72.3494419999998,0
			41.2813870000002,-72.349724,0
			41.2811130000001,-72.3499979999999,0
			41.2811130000001,-72.3511119999999,0
			41.2805560000002,-72.351669,0
			41.2805560000002,-72.3519439999999,0
			41.2802770000001,-72.3522189999999,0
			41.2805560000002,-72.3525009999999,0
			41.2805560000002,-72.3527759999999,0
			41.280834,-72.353058,0
			41.280834,-72.3533329999999,0
			41.2811510000001,-72.3536219999999,0
			41.2811130000001,-72.353775,0
			41.2811130000001,-72.353889,0
			41.280834,-72.3541639999999,0
			41.280834,-72.3544459999999,0
			41.2805560000002,-72.354721,0
			41.280602,-72.3558429999999,0
			41.2802770000001,-72.3561099999999,0
			41.2802770000001,-72.356667,0
			41.279999,-72.3569409999999,0
			41.279999,-72.357224,0
			41.2803310000002,-72.3574909999999,0
			41.2802770000001,-72.3594439999999,0
			41.2805670000001,-72.359726,0
			41.280834,-72.359726,0
			41.2811130000001,-72.360001,0
			41.2811130000001,-72.360558,0
			41.2813870000002,-72.360832,0
			41.2813870000002,-72.3611149999999,0
			41.2811130000001,-72.361389,0
			41.2811130000001,-72.3619459999999,0
			41.280834,-72.362221,0
			41.2808910000002,-72.3627699999998,0
			41.2805560000002,-72.363052,0
			41.2805560000002,-72.363335,0
			41.2802770000001,-72.3636089999999,0
			41.2802770000001,-72.3644409999999,0
			41.280834,-72.364998,0
			41.2805560000002,-72.3652799999999,0
			41.2805560000002,-72.365555,0
			41.2807920000001,-72.3658679999999,0
			41.280834,-72.366386,0
			41.2811130000001,-72.366669,0
			41.2811130000001,-72.3675,0
			41.280834,-72.3677749999999,0
			41.280834,-72.368057,0
			41.2805560000002,-72.368332,0
			41.2805560000002,-72.3686139999999,0
			41.279999,-72.369164,0
			41.279724,-72.369164,0
			41.2791670000001,-72.36972,0
			41.2791670000001,-72.3700029999999,0
			41.278889,-72.3700029999999,0
			41.2786100000001,-72.370552,0
			41.2780570000002,-72.3711089999999,0
			41.2780570000002,-72.370834,0
			41.2777790000001,-72.370552,0
			41.2775,-72.370552,0
			41.2772220000002,-72.370834,0
			41.276669,-72.371391,0
			41.276669,-72.3719479999999,0
			41.2758330000001,-72.3727799999999,0
			41.2755550000001,-72.372498,0
			41.2752760000001,-72.3727799999999,0
			41.2750020000001,-72.3727799999999,0
			41.2741660000001,-72.3727799999999,0
			41.2738880000002,-72.372498,0
			41.2730560000001,-72.372498,0
			41.2727780000001,-72.3719479999999,0
			41.2722210000001,-72.3719479999999,0
			41.2719460000001,-72.3711089999999,0
			41.2716670000001,-72.3711089999999,0
			41.2716670000001,-72.3686139999999,0
			41.2719460000001,-72.3686139999999,0
			41.2722210000001,-72.368332,0
			41.2724990000002,-72.364998,0
			41.2724990000002,-72.3636089999999,0
			41.2722210000001,-72.363335,0
			41.2722210000001,-72.3627779999999,0
			41.2719460000001,-72.362503,0
			41.2719460000001,-72.3619459999999,0
			41.2722210000001,-72.3616639999999,0
			41.2722210000001,-72.361389,0
			41.2730560000001,-72.360558,0
			41.2730560000001,-72.3602749999999,0
			41.2736130000001,-72.359726,0
			41.2736130000001,-72.3594439999999,0
			41.2738880000002,-72.359169,0
			41.2738880000002,-72.3583299999999,0
			41.2741660000001,-72.358055,0
			41.2741660000001,-72.3577799999999,0
			41.2750550000001,-72.3569559999999,0
			41.2750020000001,-72.356667,0
			41.2747230000002,-72.356392,0
			41.2747230000002,-72.3561099999999,0
			41.2744450000001,-72.355835,0
			41.2744450000001,-72.354721,0
			41.2741660000001,-72.3544459999999,0
			41.2741660000001,-72.3519439999999,0
			41.2738880000002,-72.351669,0
			41.2738880000002,-72.351387,0
			41.2736130000001,-72.3511119999999,0
			41.2736130000001,-72.3508299999999,0
			41.2744450000001,-72.3499979999999,0
			41.2747230000002,-72.3491669999999,0
			41.2752910000001,-72.3480299999999,0
			41.2755550000001,-72.347504,0
			41.2758330000001,-72.347504,0
			41.2758330000001,-72.346107,0
			41.2755550000001,-72.346107,0
			41.2752760000001,-72.3458329999999,0
			41.2750020000001,-72.3458329999999,0
			41.2747230000002,-72.346107,0
			41.2744450000001,-72.3458329999999,0
			41.2743260000001,-72.3458329999999,0
			41.2736130000001,-72.3458329999999,0
			41.2730560000001,-72.345276,0
			41.2727780000001,-72.345276,0
			41.2726290000001,-72.344528,0
			41.2724990000002,-72.3438869999999,0
			41.2722210000001,-72.3438869999999,0
			41.2719460000001,-72.3430559999999,0
			41.2716670000001,-72.3430559999999,0
			41.2713890000002,-72.3433299999999,0
			41.2705570000001,-72.3433299999999,0
			41.2702790000001,-72.3436129999999,0
			41.2700000000002,-72.3434909999999,0
			41.2690700000001,-72.3434139999999,0
			41.2688900000002,-72.3438869999999,0
			41.2688670000001,-72.3440479999999,0
			41.2690240000001,-72.3441239999999,0
			41.2691650000002,-72.344322,0
			41.2694440000002,-72.3444439999998,0
			41.2694440000002,-72.346107,0
			41.2697330000001,-72.346397,0
			41.2694440000002,-72.3466639999999,0
			41.2694440000002,-72.3469469999999,0
			41.2696340000001,-72.347214,0
			41.2697220000001,-72.347504,0
			41.269981,-72.347816,0
			41.2698860000002,-72.348251,0
			41.269745,-72.34877,0
			41.2694930000001,-72.3492509999999,0
			41.2693820000002,-72.349464,0
			41.2698170000001,-72.350594,0
			41.269936,-72.3511119999999,0
			41.2697220000001,-72.3522189999999,0
			41.2697220000001,-72.3525009999999,0
			41.2694440000002,-72.3527759999999,0
			41.2694440000002,-72.353058,0
			41.2691650000002,-72.3533329999999,0
			41.2691650000002,-72.3536149999999,0
			41.2690200000001,-72.35376,0
			41.2688900000002,-72.353889,0
			41.2689590000002,-72.3544539999999,0
			41.2686120000001,-72.354721,0
			41.2686120000001,-72.355545,0
			41.2686120000001,-72.357224,0
			41.2683330000001,-72.3574979999999,0
			41.2683330000001,-72.3586119999999,0
			41.2680550000002,-72.358887,0
			41.2680550000002,-72.359169,0
			41.2672230000001,-72.360001,0
			41.2672230000001,-72.360558,0
			41.2669450000002,-72.360832,0
			41.2669450000002,-72.3611149999999,0
			41.2663880000001,-72.3616639999999,0
			41.2663880000001,-72.362221,0
			41.2661090000001,-72.362503,0
			41.2661090000001,-72.363335,0
			41.2652590000001,-72.3641589999999,0
			41.2652780000001,-72.3644409999999,0
			41.2650640000002,-72.3646549999999,0
			41.2650340000001,-72.3647379999999,0
			41.2649420000002,-72.364975,0
			41.2648580000002,-72.365089,0
			41.2647210000002,-72.3652799999999,0
			41.2644460000002,-72.365555,0
			41.2644460000002,-72.3658369999999,0
			41.2641680000001,-72.3661119999999,0
			41.2641680000001,-72.366386,0
			41.2638890000001,-72.366669,0
			41.2638890000001,-72.368332,0
			41.263611,-72.3686139999999,0
			41.263332,-72.3686139999999,0
			41.263332,-72.369164,0
			41.263611,-72.3694459999999,0
			41.263611,-72.370552,0
			41.2638890000001,-72.370834,0
			41.2638890000001,-72.372498,0
			41.26403,-72.372643,0
			41.2641680000001,-72.3727799999999,0
			41.2642020000001,-72.373138,0
			41.2642210000002,-72.3733219999999,0
			41.2638890000001,-72.3736109999999,0
			41.2638890000001,-72.3744429999999,0
			41.2641680000001,-72.3747249999998,0
			41.2641680000001,-72.3749999999999,0
			41.2644460000002,-72.3752749999999,0
			41.2644460000002,-72.3755569999998,0
			41.2650030000001,-72.3761139999999,0
			41.2649990000001,-72.3783339999999,0
			41.2644460000002,-72.3788909999999,0
			41.2644690000001,-72.3797299999999,0
			41.2641680000001,-72.379997,0
			41.2641680000001,-72.380554,0
			41.2638890000001,-72.380836,0
			41.2639470000001,-72.381134,0
			41.263611,-72.381386,0
			41.263611,-72.3816679999999,0
			41.263332,-72.3819429999999,0
			41.263332,-72.3822249999999,0
			41.2630540000001,-72.3824999999999,0
			41.2630540000001,-72.3827739999999,0
			41.2627790000001,-72.3830569999999,0
			41.2627790000001,-72.3838879999998,0
			41.2625010000002,-72.384163,0
			41.2625200000002,-72.3847269999999,0
			41.2622220000002,-72.385002,0
			41.26228,-72.3853,0
			41.2616650000001,-72.385834,0
			41.2616650000001,-72.3861079999999,0
			41.2613910000002,-72.3863909999999,0
			41.2613910000002,-72.3866649999999,0
			41.261112,-72.386948,0
			41.261112,-72.3872219999999,0
			41.2608340000001,-72.3874969999999,0
			41.2608340000001,-72.3880539999999,0
			41.2616650000001,-72.3888849999998,0
			41.2616650000001,-72.389168,0
			41.2619440000001,-72.389168,0
			41.2622220000002,-72.3894419999999,0
			41.2628710000001,-72.3894419999999,0
			41.263332,-72.3894419999999,0
			41.264423,-72.3906019999999,0
			41.2647210000002,-72.3905559999999,0
			41.264977,-72.390877,0
			41.2652780000001,-72.3908309999999,0
			41.2655330000001,-72.391159,0
			41.2658350000002,-72.391113,0
			41.2663880000001,-72.39167,0
			41.2666660000002,-72.39167,0
			41.2667960000001,-72.3918,0
			41.2680550000002,-72.3930589999999,0
			41.2683330000001,-72.3930589999999,0
			41.2691650000002,-72.3938899999999,0
			41.2694440000002,-72.3938899999999,0
			41.2700000000002,-72.394447,0
			41.2702790000001,-72.3947219999999,0
			41.2705570000001,-72.3947219999999,0
			41.2708320000001,-72.3949969999999,0
			41.2711110000001,-72.395279,0
			41.2713890000002,-72.395279,0
			41.2716670000001,-72.3955539999999,0
			41.2724990000002,-72.3963849999999,0
			41.2730560000001,-72.395836,0
			41.2736130000001,-72.395836,0
			41.2738880000002,-72.396111,0
			41.2741660000001,-72.3963849999999,0
			41.2744450000001,-72.3963849999999,0
			41.2755550000001,-72.397499,0
			41.2764360000001,-72.398331,0
			41.2777790000001,-72.398331,0
			41.2780570000002,-72.398613,0
			41.2783320000001,-72.3988879999999,0
			41.2783320000001,-72.399445,0
			41.2786100000001,-72.3997189999999,0
			41.2786100000001,-72.400833,0
			41.2784310000002,-72.4010159999999,0
			41.2780570000002,-72.4013899999999,0
			41.2777790000001,-72.4013899999999,0
			41.2777790000001,-72.4030529999999,0
			41.2775,-72.403336,0
			41.2775,-72.40361,0
			41.2772220000002,-72.4038929999999,0
			41.2772220000002,-72.404167,0
			41.2769430000001,-72.404442,0
			41.2769430000001,-72.4047239999999,0
			41.276669,-72.404999,0
			41.276669,-72.406944,0
			41.2772220000002,-72.407501,0
			41.2772220000002,-72.408333,0
			41.2777790000001,-72.4088899999999,0
			41.2783320000001,-72.411667,0
			41.2786100000001,-72.4122239999999,0
			41.2786100000001,-72.4127809999999,0
			41.2783320000001,-72.4130549999999,0
			41.2786100000001,-72.41333,0
			41.2786100000001,-72.4155579999999,0
			41.278702,-72.415649,0
			41.278889,-72.4158329999999,0
			41.278889,-72.4177779999999,0
			41.2782940000002,-72.4182889999998,0
			41.2780570000002,-72.4183349999999,0
			41.2777790000001,-72.4191669999999,0
			41.2772220000002,-72.4197239999999,0
			41.2769430000001,-72.4202799999999,0
			41.276669,-72.4202799999999,0
			41.2758330000001,-72.4211119999999,0
			41.2752760000001,-72.4211119999999,0
			41.2747230000002,-72.4216689999999,0
			41.2747230000002,-72.422226,0
			41.2744450000001,-72.4225009999999,0
			41.2744450000001,-72.423058,0
			41.2741660000001,-72.4233319999999,0
			41.2741660000001,-72.423615,0
			41.2738880000002,-72.4238889999999,0
			41.2738880000002,-72.4247209999999,0
			41.2741660000001,-72.4250029999999,0
			41.2741660000001,-72.4255519999999,0
			41.2744450000001,-72.4258349999999,0
			41.2738880000002,-72.426392,0
			41.2736130000001,-72.4266659999999,0
			41.2736130000001,-72.4269409999999,0
			41.2741660000001,-72.4274979999999,0
			41.2741660000001,-72.42778,0
			41.2744450000001,-72.4280549999999,0
			41.2744450000001,-72.4283369999999,0
			41.2747230000002,-72.428612,0
			41.2747230000002,-72.4288859999999,0
			41.2750020000001,-72.4291689999999,0
			41.2750020000001,-72.4294429999999,0
			41.2752760000001,-72.429726,0
			41.2752760000001,-72.4302749999999,0
			41.2761120000001,-72.431114,0
			41.2761120000001,-72.431389,0
			41.2769430000001,-72.4322199999999,0
			41.2769430000001,-72.432777,0
			41.2772220000002,-72.4330519999999,0
			41.2772220000002,-72.4333339999999,0
			41.2775,-72.4336089999998,0
			41.2775,-72.433891,0
			41.2777790000001,-72.4341659999999,0
			41.2777790000001,-72.434448,0
			41.2780380000002,-72.434677,0
			41.2780910000001,-72.43499,0
			41.2783320000001,-72.437225,0
			41.2783320000001,-72.438889,0
			41.2786100000001,-72.4391629999999,0
			41.2786100000001,-72.439445,0
			41.2783320000001,-72.4400019999999,0
			41.2786100000001,-72.440277,0
			41.2786100000001,-72.440552,0
			41.2783320000001,-72.4408339999999,0
			41.2783320000001,-72.442223,0
			41.2786100000001,-72.4424969999999,0
			41.2786100000001,-72.44278,0
			41.278889,-72.443054,0
			41.278889,-72.443611,0
			41.2791670000001,-72.4441679999999,0
			41.2794460000001,-72.4466629999999,0
			41.2791670000001,-72.446945,0
			41.27914,-72.4497069999999,0
			41.2794460000001,-72.4499969999999,0
			41.2794460000001,-72.450554,0
			41.2791670000001,-72.4508359999999,0
			41.2791670000001,-72.4511109999999,0
			41.2788540000002,-72.45134,0
			41.278889,-72.4533309999999,0
			41.2786100000001,-72.4536129999999,0
			41.2786100000001,-72.4541699999999,0
			41.2783320000001,-72.4544449999999,0
			41.2783320000001,-72.45472,0
			41.2780570000002,-72.4550019999999,0
			41.2780570000002,-72.4555589999998,0
			41.2777790000001,-72.4558329999999,0
			41.2777790000001,-72.456108,0
			41.2775,-72.4563899999999,0
			41.2775,-72.4566649999999,0
			41.2772220000002,-72.4569469999999,0
			41.2772220000002,-72.457222,0
			41.2769430000001,-72.4574969999999,0
			41.2769430000001,-72.458336,0
			41.27639,-72.458885,0
			41.27639,-72.4594419999999,0
			41.2758330000001,-72.4599989999999,0
			41.2758330000001,-72.4602809999999,0
			41.2741660000001,-72.4619449999999,0
			41.2741660000001,-72.462502,0
			41.273335,-72.4633329999999,0
			41.273335,-72.4641649999999,0
			41.2727780000001,-72.4647219999998,0
			41.2727780000001,-72.4652789999999,0
			41.2713890000002,-72.466667,0
			41.2711110000001,-72.466667,0
			41.2708320000001,-72.4669419999999,0
			41.2705570000001,-72.4669419999999,0
			41.2702790000001,-72.467224,0
			41.2700230000001,-72.467461,0
			41.2700000000002,-72.4677729999999,0
			41.2694660000002,-72.4679789999999,0
			41.2694440000002,-72.4683299999999,0
			41.2694440000002,-72.4688869999998,0
			41.269344,-72.4693219999999,0
			41.2694660000002,-72.469521,0
			41.2694050000001,-72.4697189999999,0
			41.2697220000001,-72.4702759999999,0
			41.2697220000001,-72.4711069999999,0
			41.2700000000002,-72.47139,0
			41.2705570000001,-72.471664,0
			41.2705570000001,-72.4719469999999,0
			41.2708320000001,-72.4722209999999,0
			41.2708320000001,-72.472504,0
			41.2705570000001,-72.4727779999999,0
			41.2702790000001,-72.4727779999999,0
			41.2697220000001,-72.473335,0
			41.2695960000001,-72.4733579999999,0
			41.2694820000001,-72.473373,0
			41.2693060000001,-72.4737699999999,0
			41.269249,-72.473892,0
			41.2691650000002,-72.474167,0
			41.2694050000001,-72.475044,0
			41.2697220000001,-72.47583,0
			41.2697220000001,-72.4761119999999,0
			41.2700000000002,-72.476387,0
			41.2702790000001,-72.478058,0
			41.2705570000001,-72.4794459999999,0
			41.2711600000001,-72.4827729999999,0
			41.2711370000001,-72.484138,0
			41.2711110000001,-72.4855579999999,0
			41.2708320000001,-72.487221,0
			41.2702790000001,-72.4877779999999,0
			41.2700000000002,-72.489166,0
			41.2697220000001,-72.489166,0
			41.2694440000002,-72.4902799999999,0
			41.2691540000001,-72.4905549999999,0
			41.2690510000002,-72.49099,0
			41.2688900000002,-72.491669,0
			41.2686120000001,-72.4930569999999,0
			41.2683330000001,-72.493614,0
			41.2680550000002,-72.4952769999999,0
			41.267776,-72.495834,0
			41.267776,-72.4963909999999,0
			41.2671590000001,-72.4970089999999,0
			41.2669450000002,-72.4972229999999,0
			41.2669980000001,-72.4975129999999,0
			41.2666660000002,-72.49778,0
			41.2666660000002,-72.4980549999999,0
			41.2663880000001,-72.4983369999999,0
			41.2663880000001,-72.4986109999999,0
			41.2661090000001,-72.4988859999999,0
			41.2661860000001,-72.4992139999999,0
			41.2658350000002,-72.4994429999999,0
			41.2658350000002,-72.499786,0
			41.2658350000002,-72.4999999999998,0
			41.2654880000001,-72.500343,0
			41.2652780000001,-72.5005569999999,0
			41.2652780000001,-72.500832,0
			41.2650450000002,-72.501068,0
			41.2638890000001,-72.5022199999999,0
			41.2639430000001,-72.5025559999999,0
			41.263332,-72.5030519999999,0
			41.263332,-72.5033339999999,0
			41.2625010000002,-72.5041659999998,0
			41.2622220000002,-72.504448,0
			41.2622220000002,-72.504997,0
			41.2619440000001,-72.50528,0
			41.2616650000001,-72.50528,0
			41.259998,-72.506943,0
			41.2597240000001,-72.506943,0
			41.2594450000001,-72.507225,0
			41.2588880000002,-72.507225,0
			41.2586100000001,-72.506943,0
			41.257778,-72.506943,0
			41.2574920000001,-72.5066759999999,0
			41.2574200000001,-72.5066759999999,0
			41.256943,-72.5066679999999,0
			41.2563900000001,-72.507225,0
			41.2563900000001,-72.5074999999999,0
			41.2565990000002,-72.5077739999999,0
			41.256668,-72.5097199999999,0
			41.256943,-72.510002,0
			41.256943,-72.510277,0
			41.2568090000001,-72.510414,0
			41.256668,-72.510559,0
			41.256668,-72.511108,0
			41.2570150000001,-72.511375,0
			41.256943,-72.5116649999999,0
			41.2571370000001,-72.5119629999999,0
			41.2572210000001,-72.512367,0
			41.2572210000001,-72.512779,0
			41.2575000000001,-72.5130539999999,0
			41.2575000000001,-72.5131839999999,0
			41.2575000000001,-72.513611,0
			41.2577360000001,-72.513901,0
			41.2578200000001,-72.514153,0
			41.257843,-72.5142289999999,0
			41.2580570000002,-72.514442,0
			41.2580110000001,-72.51474,0
			41.2583350000001,-72.514999,0
			41.2583350000001,-72.515274,0
			41.2582240000002,-72.5153879999999,0
			41.2580570000002,-72.515556,0
			41.2580570000002,-72.5166699999999,0
			41.257778,-72.516945,0
			41.257778,-72.5172199999999,0
			41.2572210000001,-72.517776,0
			41.2572210000001,-72.518333,0
			41.257778,-72.5188899999999,0
			41.257778,-72.519165,0
			41.2580570000002,-72.519165,0
			41.2583350000001,-72.5188899999999,0
			41.2605550000001,-72.5188899999999,0
			41.2608340000001,-72.519165,0
			41.261112,-72.519165,0
			41.2613910000002,-72.519447,0
			41.2630540000001,-72.519447,0
			41.263332,-72.519722,0
			41.2638890000001,-72.519722,0
			41.2641680000001,-72.5199969999999,0
			41.2644460000002,-72.5199969999999,0
			41.2647210000002,-72.520279,0
			41.2652780000001,-72.520279,0
			41.2655560000002,-72.520554,0
			41.2661090000001,-72.520554,0
			41.2661090000001,-72.520279,0
			41.2672230000001,-72.520279,0
			41.2675020000001,-72.520554,0
			41.267776,-72.520554,0
			41.2683330000001,-72.521111,0
			41.269161,-72.5211639999999,0
			41.2694440000002,-72.5213849999999,0
			41.2694440000002,-72.521942,0
			41.2702790000001,-72.522781,0
			41.2697220000001,-72.523331,0
			41.2694440000002,-72.523613,0
			41.2694440000002,-72.5238879999999,0
			41.2691650000002,-72.5241699999999,0
			41.2691650000002,-72.524445,0
			41.2688900000002,-72.524719,0
			41.2688900000002,-72.5255579999999,0
			41.2686120000001,-72.5258329999999,0
			41.2688900000002,-72.526108,0
			41.2688900000002,-72.5272219999999,0
			41.2686120000001,-72.527496,0
			41.2686120000001,-72.5291669999999,0
			41.2683330000001,-72.529442,0
			41.2686120000001,-72.5297239999999,0
			41.2686120000001,-72.5299989999999,0
			41.2683330000001,-72.5302809999998,0
			41.2683330000001,-72.5311129999998,0
			41.2680550000002,-72.5313869999999,0
			41.2680550000002,-72.531944,0
			41.267776,-72.5322189999999,0
			41.267776,-72.5325009999999,0
			41.2675020000001,-72.532776,0
			41.2675020000001,-72.533607,0
			41.2672230000001,-72.53389,0
			41.2672230000001,-72.5341639999999,0
			41.2675020000001,-72.5344469999999,0
			41.2675020000001,-72.5347209999999,0
			41.267776,-72.5350039999999,0
			41.2675020000001,-72.5352779999998,0
			41.2675020000001,-72.5355529999999,0
			41.2672230000001,-72.5358349999999,0
			41.2672230000001,-72.53611,0
			41.2669450000002,-72.536392,0
			41.2672230000001,-72.5366669999999,0
			41.2672230000001,-72.537224,0
			41.2669450000002,-72.5374979999999,0
			41.2669450000002,-72.538055,0
			41.2667080000001,-72.5390469999999,0
			41.2664110000001,-72.53952,0
			41.266132,-72.539757,0
			41.2649840000001,-72.5409929999999,0
			41.2645650000001,-72.5417859999999,0
			41.2644650000001,-72.5423809999999,0
			41.2643470000002,-72.5424959999999,0
			41.2641300000001,-72.542931,0
			41.2640080000002,-72.543175,0
			41.2637290000002,-72.5435329999999,0
			41.2637290000002,-72.543732,0
			41.2635310000001,-72.544014,0
			41.2630540000001,-72.544724,0
			41.2630540000001,-72.5458299999999,0
			41.263332,-72.5461119999999,0
			41.263332,-72.546387,0
			41.2630540000001,-72.546669,0
			41.2630540000001,-72.546844,0
			41.2630540000001,-72.547501,0
			41.263332,-72.5477749999999,0
			41.2616650000001,-72.5477749999999,0
			41.2613910000002,-72.547501,0
			41.261112,-72.547226,0
			41.261112,-72.546669,0
			41.2608340000001,-72.546387,0
			41.2608340000001,-72.5461119999999,0
			41.2605550000001,-72.5458299999999,0
			41.2605550000001,-72.5452799999999,0
			41.260277,-72.5449979999999,0
			41.260277,-72.544724,0
			41.2597240000001,-72.5441669999999,0
			41.2597240000001,-72.543892,0
			41.2594450000001,-72.5436099999999,0
			41.2594450000001,-72.5433349999999,0
			41.259575,-72.5432049999999,0
			41.259998,-72.5427779999999,0
			41.259998,-72.5416639999999,0
			41.260277,-72.541389,0
			41.260277,-72.5402759999998,0
		</coordinates>
	</polygon>
</kml>
