mean_branch_dispersal_velocity	weighted_branch_dispersal_velocity	branch_dispersal_velocity_variation_among_branches	original_diffusion_coefficient	weighted_diffusion_coefficient	diffusion_coefficient_variation_among_branches	isolation_by_distance_signal_rS	isolation_by_distance_signal_rP1	isolation_by_distance_signal_rP2
7947.43302658293	3048.79723489069	2.14638698774676	924148.641548016	736576.815768922	2.25286643670891	0.0482956802952379	0.0290941149168029	0.0510847554802114
8092.78570080321	2983.22766313154	2.28421026900886	937518.901902202	744126.68003789	2.58586955432427	0.0920327656462416	0.0899574185022079	0.0903476605077748
10324.3751361914	3042.73659938195	2.47229098537341	1037276.61589711	720963.079315739	2.53763736084273	0.0460186377024262	0.0265012698783947	0.0501257861972186
9820.78924313992	3017.0886081649	4.28944426087896	918482.062551953	722921.34353876	2.22227606449357	0.0626188156014376	0.0425691864584865	0.06382946441011
8111.93614291479	3092.1652353493	2.37069832140961	922527.241862567	755561.49958259	2.43619002975468	0.048918033939666	0.02699282598192	0.0496330700818088
7197.24946480937	2896.56398884088	2.29498584502116	816750.795114765	701891.117984369	2.46592549351143	0.083267185064757	0.0770353368095265	0.0821314545387224
8666.70754989616	2909.54083179915	2.50218563522845	969738.017450264	740528.00841558	2.89511649212205	0.0401129259769167	0.0166290783063031	0.0476766746667906
9015.23264991065	3070.01200218787	3.71761160668798	1438621.71699246	732777.598582545	10.3730324198619	0.0447241016640002	0.0257880955443312	0.0483332276878932
8982.04007615276	3111.35338420533	3.86463261753591	905393.915988052	747157.058041805	2.40623636730148	0.0435041785835233	0.027377164691726	0.0477042490407191
7334.16098306753	2852.69027790922	2.91996256185061	842101.022178778	686380.151250985	2.63426646803441	0.0664893818223521	0.0329867424010314	0.0687811048253878
6389.13489773217	2766.97105689291	1.84336988756168	761899.51026309	650304.439859043	2.43457451025683	0.0800680207371159	0.065605908589482	0.0801395845224187
11206.0703763492	3060.38240540781	3.22854189623366	1032813.86097843	726566.062274179	2.37392129850267	0.0849126078684649	0.0641844919487968	0.0873360483302796
8924.23111321287	3143.00085737772	3.5388783599046	995577.858816444	764827.097289651	2.20802175013125	0.0413473354776697	0.0143663927032006	0.0426862949944236
7388.93939172037	2861.32715633618	2.83588916620086	755317.634079062	657688.831395711	2.00186614413508	0.081067232230427	0.0659208048953617	0.0825586499250439
8248.58480715884	3200.82507349749	1.87944304061888	915022.017570616	784347.937461522	2.15198298124544	0.0639091560817799	0.0504839550964431	0.0641387151900299
7903.27904573064	3052.23616213913	2.06470886861969	1002334.96962264	814148.098180517	3.48760264661274	0.0479195498755608	0.0258947250328417	0.0513093323574926
41352.7235903926	2945.29305090145	22.6011300841163	906502.657579907	714830.198654128	2.56341556552431	0.0479284476524904	0.020843806728054	0.0500115478848748
8433.70697499041	3016.66313867036	3.29808190436362	988231.653719739	723395.273120937	2.98440980674969	0.0518192242243646	0.0309556821164933	0.0565647446219485
7248.6258657419	3007.2814249811	1.87417457619707	814586.348553287	731433.65750616	2.06970003983809	0.0534308677540302	0.0325007458760073	0.0570499765594386
9985.45256358918	3067.941093485	3.50520318591711	1018280.94594284	752372.726616911	2.44149179506425	0.0550226367847453	0.0336013745935502	0.0586223553802654
7005.43213850653	2734.37246930362	1.81718695236656	724344.510915503	617556.837008594	2.09514581039095	0.0763102438059687	0.0508196061896987	0.0767015229988268
7717.89278114181	3191.68064369854	2.14615679951299	945541.110830205	793486.955293862	2.01839922915312	0.0407913672403803	0.0216077509216478	0.0453002439170129
7508.89341039083	2898.50532738992	2.32583183614403	848326.771668558	688466.930620303	2.38033286800634	0.0948915889906452	0.0883679599308412	0.0943476028941738
9698.30975851308	2853.44784398587	4.40781523225847	844410.281192571	686902.159013319	2.37385540314976	0.0555806108969466	0.0320246215172469	0.0625731916382619
8081.74720681721	2937.06232356781	3.23738876658104	872445.197759003	734561.493565814	2.52938097941035	0.0588190633301333	0.0489173185109321	0.0637411438359429
6563.6721694502	2970.77862689909	1.72575512713557	957465.166611369	738374.162512105	3.34928049501855	0.0652118404923438	0.0452408326238355	0.0676785878246054
9438.13135669366	2980.03543964434	3.8997506782152	924053.70382382	708541.916682957	2.19776752011865	0.0481439380459827	0.022142584440356	0.051744349898567
8831.2552189716	2876.62160783902	3.85805698542204	859847.563391439	711073.993544274	2.55653790066421	0.101630239780552	0.0804325015240097	0.100509925863343
7453.60099697184	2980.86526495843	2.1546836849833	913036.882322063	689549.533680172	2.65224692310782	0.0421899960846613	0.0264629898666828	0.0446498343363031
9741.89838285544	2796.81687837449	5.17528914619005	805930.03441855	703245.5933806	2.3779046959531	0.0842298409350655	0.0791456393403808	0.0865462473738497
7757.57330213253	3039.02957195445	2.44188057090335	888075.861052029	741923.668988162	2.38921269043844	0.0734260953854201	0.0441425933700742	0.0738195190583367
8271.0943368888	2782.82487607203	2.73858699173499	875602.595283176	684461.089349547	2.66209967795691	0.0785107925382172	0.0578210932733084	0.0796541381389611
9089.02413347127	3025.57746003123	4.60160376468243	936059.025420171	713990.208750098	2.51146067902254	0.0945815600638312	0.0668547569640974	0.0945299641079622
9292.99089250746	3270.63188919289	2.17751968806546	1058547.9949866	777872.042995914	2.35639965874285	0.0546779384398593	0.0345117102741272	0.0550514502623403
7579.6982278284	3006.24678746604	1.74776268682527	883546.702875076	719118.293348656	2.2757640697038	0.0272917540831933	0.00967003543216903	0.0346176552726282
8684.14622483044	2954.61587000486	2.42046589442176	885520.338392194	720836.405875683	2.27459269184901	0.0460459191707164	0.0271011667731304	0.0469067160270295
8519.51193167271	2896.3453242917	4.76731076274679	889019.296883966	756803.782392688	2.93886158484913	0.0820668580189578	0.05427381809137	0.0802208683283897
8481.32779084313	2938.71439001898	2.49873871717426	874365.309592028	697404.583857968	2.46197768019572	0.062913654096568	0.0420001816337131	0.062042105889609
8427.22606222761	3048.45029031807	2.24597059700178	943048.222055478	768882.679700828	2.48173695124499	0.0626087570137468	0.0314572296065005	0.0666925435649039
8258.22628811544	3164.09832522111	1.89795435966577	1031197.38054297	798604.182756364	2.60921152770711	0.0781656923127185	0.0514251202830682	0.077418195002256
10095.6283226183	2964.87768370022	2.48978850714602	1102496.84831888	671133.293421747	2.60619772185905	0.0403563803936522	0.0195646196513517	0.0473181461763274
7331.8084264573	2936.80143395696	2.09061505452537	822408.827124478	717110.738103585	2.25303155847586	0.0818430538819304	0.0695192084599388	0.0849378886310844
7979.19800864942	2791.98518306019	3.01767174762018	829250.044936928	632048.910810024	2.39929451266463	0.0467267323806127	0.0271769430186769	0.0498762980014091
7638.39997116314	2965.78014076117	2.51034821341841	908932.628471247	737735.705827854	2.75739750724704	0.067891366280364	0.0508832920221523	0.0705972056654235
8377.84098718748	3166.2534462774	2.36123787616035	998037.394442145	751549.03385063	2.81669731333428	0.0449568150645859	0.0237926581072557	0.0473903263329183
8873.67830508813	2920.34073260996	3.9671211208705	913187.588044847	720185.703026137	2.48772669227116	0.0466707435501991	0.0293894374840166	0.0509934507524707
9531.26897668061	3030.47444447758	3.275666850404	822279.532118819	715934.649019337	2.05317719401045	0.0874693419079648	0.056882264205103	0.0874421031673822
6641.30134642292	2902.93415214335	1.91304566390909	761325.353025183	698208.943681292	2.1360286162958	0.0562826859655938	0.0325581979133668	0.0591292447915709
7934.91462748459	2890.50287392122	2.14601684073333	861455.74861609	686824.225811514	2.51915456624783	0.0801417520225657	0.0505190200646273	0.0772946506497741
8068.68855472068	2780.7660481273	2.92329609613875	833052.083366956	634894.69418322	2.37294271046283	0.0296793822459576	0.0106858411547649	0.0357811338111689
12412.9497057407	2848.6845134206	12.5975294594852	912267.001227511	637834.71730948	4.04773913581567	0.0255880613818954	0.00936538644419437	0.033243777275472
8009.35825442809	3001.94468526599	2.16431612379326	891103.088071491	704740.105048526	2.39531264475835	0.0593745893817554	0.0432291478596858	0.0626012122358463
7905.50043102953	2783.29491370791	2.66989985889164	863748.405904195	641543.724238043	3.26339491528274	0.0615983340711125	0.0346903681462239	0.0639447819432108
8614.77709773263	2931.9959109988	3.39955976065827	810884.789213952	681069.171010759	2.02494996231239	0.0786271962767214	0.0587379226639891	0.077211120289133
8330.35631022184	2900.0047005116	3.03876465194971	907912.559750132	711821.596946652	2.26452367713633	0.0612331433855537	0.0372315813323961	0.063906939857862
8105.38746186804	2719.12302228793	2.98003385137476	840286.750630013	595469.362462735	3.0375907493132	0.0991642518062424	0.0908478189015155	0.0998330910505276
8442.10188119126	2907.11652519354	2.34605499533634	855446.828043868	697780.447717953	2.17257169893983	0.046156360527221	0.0261533462540377	0.0503339602078799
8940.45117971532	3165.83448626607	2.13096435735957	1017232.20715338	709120.251177735	2.36568710106952	0.0695025011839906	0.0489875747618782	0.0724978571168654
7739.71376627414	3051.51158051852	2.04085971548129	869161.580035319	751316.7719635	2.57248445410164	0.0554205010026803	0.0397266467155329	0.0570164152854726
9191.5964119886	3011.79762697199	3.80999484937989	1561485.69716297	753459.723257725	12.322764718762	0.0397923020744075	0.0199686990029537	0.0431180342121481
9673.89092097881	2996.75047537674	5.08119786601519	1157991.31838793	661388.804540446	6.70404813297201	0.047557198594304	0.0353183271607129	0.051673105661259
8894.2375491169	2998.31649902423	2.48823315885441	897640.971579256	697563.671437953	2.0146998490144	0.0778281487933072	0.064800710671835	0.0807586577136567
7979.52216384791	3034.37927951219	2.03486998078499	916890.54358831	751313.863322499	2.88635508915272	0.0681004681819454	0.0528452454788162	0.0701607565919747
8953.35406999536	3220.82076043379	2.28369834303338	1039584.72617274	795791.891726679	2.20462371958054	0.0438021051660539	0.0229926903118441	0.0465571907310745
8494.92059383648	3160.71527506595	1.98869067942869	988604.642856907	758373.807477703	2.3225698547732	0.0850463606236862	0.0576957028909494	0.0848807555741701
7735.01810200748	3125.32415254019	2.63988010155237	964604.937513084	743653.264484914	2.33224370856806	0.0634702502335091	0.0425350491691729	0.0676056336406093
7494.15094592963	3016.75906032	2.25736526359067	867802.968579895	718237.110923569	2.68556510195905	0.0462239483193346	0.0195135238959326	0.0499358311027715
8472.13833484175	2992.54078543781	2.28382328385775	939449.006150647	735789.106519275	2.47732536505412	0.0460501710738651	0.0192552702446096	0.0502547846831751
8196.83949399988	2867.10600952193	2.35847657872132	856445.638007737	667892.654969236	2.14978862140245	0.0650989030696594	0.0384946195383227	0.0681149816073291
7620.55300340388	3144.0534950777	1.75700485757533	1010903.49667725	811978.717023199	2.65314137091411	0.0829250412697431	0.0627165506006345	0.0823066741548438
7749.78171146207	2935.48816206401	2.33251488850676	867918.782450616	714208.437711238	2.17997821011226	0.0702366754781546	0.0534919665969105	0.0728105301540722
6678.64084318271	3078.87422130163	1.75455610862514	833568.376140034	736199.388238448	2.08816329569775	0.0617322329536767	0.0410813078256212	0.0646698270195187
7101.26433470003	2838.66712283657	2.36670999323255	856442.072295278	654885.964447095	2.72087790869131	0.0479410066165271	0.0270537284188512	0.051922858707179
8361.86266766192	2911.74623263175	2.40484253031773	871915.91367201	682118.068930292	2.52555149606252	0.0447834463128628	0.0254116412558644	0.0484056608131659
8047.79835889885	3069.55207655533	2.0338862377598	1028842.462963	770170.721779957	3.56956655603592	0.051898429678601	0.0342671394257477	0.0564360429660457
7234.12256124466	2772.10133669099	2.68104287160378	797723.085978815	677740.192657658	2.47442076626069	0.0622705346810485	0.0344985809780988	0.0657542068552803
6954.67086805767	2877.12189019972	1.99271776504326	807003.436769704	685038.218844701	2.2520558255397	0.0565299704704045	0.0302738809864225	0.0604602989382134
8515.26711373066	3138.10758614639	1.96344050520121	942619.347383815	752091.283678359	2.29826316909292	0.0788262322734424	0.0603292401612296	0.0809461596213229
8104.95545818324	3013.4128469663	2.55764432931262	869327.399259268	721637.965077255	2.10615076432265	0.0376582031515495	0.0193649916426947	0.0437872199843999
7607.11817369083	2952.91009598172	1.7942013004146	851614.33882674	680846.609052164	2.15529426363686	0.0464396565478366	0.0291694476486385	0.0487003873395894
8741.34959985169	3119.03920806289	2.31992146030221	916764.741933553	728907.477882351	2.58158526485299	0.0434190612741104	0.0246632064991661	0.0511973406511815
8137.96160313022	2956.96335166327	3.08109052247705	842393.501922563	728839.692420874	2.28542247545013	0.069861108922339	0.0450459524343366	0.0738845693437203
6446.10994760228	2691.21870967046	1.6528262922386	701151.217254063	629063.28519572	2.06807739198376	0.0624373897519903	0.0335148701928733	0.0679935530867677
8015.20622074037	2970.76158576293	2.7062064203343	860788.259960632	722281.277741631	2.37415525399395	0.0646591307405429	0.0360762361636959	0.0672562994847162
6883.43358883486	2986.60283222579	2.01634381499108	840998.085444625	762815.580014313	2.38126797253193	0.0500708209874199	0.0272267239508748	0.0549076124275782
8347.63301225245	3003.03758305346	2.41942433820328	1032697.82374481	759554.720699762	2.991297623587	0.0491984404593164	0.0287489918684167	0.0528040084875876
7812.10515164632	2822.50580393331	2.88797034007322	858200.40853507	690979.031730885	2.84929363661096	0.0370298393460739	0.0128559895921077	0.0445626709869996
9689.58691689516	3188.75409882631	2.94005062683476	1028574.11432303	768850.588465282	2.34045765127518	0.0500879122079284	0.0237783853416651	0.0506418378631677
9361.25932102025	2756.82725242861	3.29534803752755	831686.949273753	619124.834226399	2.45774675682368	0.0701594042368029	0.0604675179756196	0.0750473071449172
7997.9276200312	2897.25739559674	2.07918483811994	889379.415124886	666612.147584594	2.5136217285044	0.0527255550539142	0.0365277019391519	0.0547241582667228
6738.31417638434	2965.780970348	1.75143091103055	840883.895987929	714884.293181238	2.66913686771924	0.0556624907588014	0.0365781030821896	0.0573694825013459
8212.30007275165	2779.20660848199	3.57275075600654	810622.160908878	653123.352494436	2.57686987467568	0.0581073909925064	0.0377965807631651	0.060227533621256
7286.48452277222	2942.20118445977	2.02954390318046	839660.852938325	721103.884320308	2.54660402679819	0.0381183399081219	0.026677395108839	0.0421625021881564
8381.00517710598	2822.60382781019	3.22177732888285	757585.001368689	678514.091468348	1.96468975465817	0.0663297774837395	0.0429237351189775	0.0686050849015047
7981.58221561823	3022.1453036813	2.01514577901614	818924.686778133	689142.037622084	2.16026791215953	0.0460264888822002	0.0208515819110078	0.0491107408050403
10223.7563124971	3095.22058232634	5.30076951279865	971376.508926969	768726.023279706	2.53424612895686	0.0928033444237616	0.0861491902319109	0.0918217511879366
8704.05669034765	3085.69055798855	4.13337936861676	897823.388641141	765313.683348634	2.24556582673112	0.0709909380903181	0.0459198284697905	0.0719133182796087
7341.87797723102	2951.09930375254	2.21448116019382	851043.032618949	649244.623233197	2.35281047107981	0.0432382900423918	0.0296337652278616	0.0481183335604951
7343.48788326626	3018.54045705597	2.02570204356439	887667.068106143	761863.174102134	2.41560293793206	0.0704004892291536	0.0482201155136123	0.0708250638091944
7545.56851308079	2866.20199967187	2.03990911524606	785194.51127719	666364.361175091	2.0301634053502	0.0786521060805764	0.0543321081203546	0.0786294461318871
8387.20510289302	3050.95735446014	2.04821040829562	1017646.79859353	709558.81661868	2.96269308676766	0.06275019830074	0.0439571571673057	0.0646806016721252
8451.88895956862	3109.48335439288	2.90915352628129	931282.481887687	754592.104534328	2.11423218423426	0.0663289638808234	0.0511407402317906	0.0667595593345294
7324.9837857916	2936.30527919798	2.24107826924953	828411.532456413	657683.342032066	2.22265957061691	0.059957566931984	0.0322977218416454	0.0631171542563384
10300.0363114619	2860.27260130768	4.13599878668643	852319.507574543	672106.102728945	2.10766521424161	0.0924119546664445	0.0757111310763779	0.0890265112203981
8183.08496184733	2888.85402499027	3.07350461486786	831570.601994346	666547.67071152	2.1939169308585	0.0532368585547109	0.037528237209555	0.0527771225847318
9341.67294959559	3085.01599103693	2.80697746118951	948266.830532533	747577.006830795	2.64098971301881	0.0555556465989044	0.0350884782413343	0.0602194992455762
9405.35229857542	3293.59121399983	2.55835807015842	1080925.4463845	872093.305316781	2.47440298072772	0.0606196690679919	0.0416851131644844	0.0598426888963631
8315.78892729852	3096.82325790783	2.88136656894112	912937.018598808	736794.848659397	2.26341163743219	0.0473363523383006	0.0243528155278509	0.0524000711682404
7170.43101415981	2815.07536892472	2.11758350893441	721858.93159532	629298.456461721	2.16505290751904	0.0861850105680677	0.0663660735483318	0.0864686994057708
6593.31402840817	2915.86363330327	1.79705631025029	846993.973188161	685739.504451522	2.40842803250128	0.0530226368716315	0.0300070741931147	0.0574557099839942
7829.88811482636	2723.29324679307	3.13600130484344	753760.02983289	631146.593262491	2.30014407496575	0.0386790989279456	0.0232822959248991	0.0446868516118297
6872.72108767528	2766.98649670701	2.04769130487399	721749.33979038	663839.412625285	2.20742777506258	0.0875880393696039	0.0738123422888275	0.0873184151185949
7990.57311054924	2788.33411501906	4.14839849583334	792787.011874197	633807.16521569	2.61702157501212	0.0785211886351882	0.0493368815324694	0.0776975948016579
8267.98865478157	3226.12686675845	2.0154597457286	1032835.1570359	823044.703496051	2.37309069086582	0.062141881555312	0.042153733848371	0.0658524939182134
8410.95647049445	3038.47152428029	2.17536342757219	926374.997825593	732926.34660567	2.53908053866803	0.0511749452190796	0.0257464743864939	0.0533152689338993
8425.04278761522	3102.9055619576	2.89923429741451	912442.560523628	757089.048321345	2.21482605678007	0.0715202177677883	0.0529529757474315	0.0706065185929777
8747.07291407526	3119.02882362131	2.28568898833743	1080100.37583293	809971.462815469	2.51682737428033	0.0471041171687194	0.0237538264324602	0.0520282135481498
7226.37123982672	2825.72753712205	2.7656078493424	759228.77004364	698724.044216558	2.18067041447496	0.0340451137918229	0.0184743384811444	0.0427757916859282
8964.36929526053	3075.9893541835	2.92935917092839	1001060.39576519	720444.887331171	2.6472526174747	0.0664136168944124	0.0493883256409973	0.0696991808036477
9185.49372007701	2999.188632669	2.6101806740233	929407.059894459	698844.282942939	2.37777562703542	0.0484534993710753	0.0303632354416315	0.0501059293400532
7249.25494465588	2928.05280044308	1.6680985116243	849556.905757841	687062.421937878	2.24131092777073	0.0675860335352376	0.0491969769575078	0.0681959719972868
8069.05960904536	2987.0007309829	1.9338742092799	958245.525621914	703011.996209456	2.35823260920996	0.0408034080410309	0.0256610391431069	0.0454065893164182
7779.24815528111	2986.75369492333	2.23532478432312	882990.41878138	699378.885528462	2.51517494002026	0.0599934501643436	0.0387838892132802	0.0630836759225968
7473.138495125	2912.1810971995	1.97712123262255	863038.42490577	658099.679788095	2.49612963984448	0.0460833921509981	0.0279918711789484	0.0498742407842052
7035.5814696895	3017.36798008546	1.98543506270092	910774.312501054	713784.435456776	2.75280575649656	0.0458799564158707	0.0343142759496117	0.0496483129341105
6904.89772256658	2777.61972515657	2.0308317550306	786875.819979266	652067.649832195	2.37755099912113	0.0466271603799231	0.0249966666057826	0.0507747842548152
7850.27222204402	2823.85835139941	2.75883672104176	781701.036897008	645783.943300139	2.15067556353292	0.0451793707188522	0.0313801579122211	0.0480215307365461
9695.78307089629	3124.28978431766	3.31389146937106	1027887.56102954	767082.853062534	2.360173979288	0.0531153413253422	0.03273934505467	0.057480149686394
7921.30078214331	3093.45734684663	2.08734156249932	1000092.83579453	748456.82225815	2.45634147234479	0.0253105319449869	0.00633816408062686	0.033827329530685
8128.20481713047	2822.3838932935	3.07118415275177	822809.948440355	673998.488425634	2.27803791743617	0.0672988953894737	0.0578769869424137	0.0694442848939664
8904.56183685033	3141.26920520916	5.54501269274365	895111.33763001	790146.647514722	2.09512429989605	0.0271777217067014	0.0145712861898023	0.0339972110834819
6928.38860814166	2938.39717229681	1.91636314663071	786652.461648048	695219.71825407	2.2261336270582	0.0714191495178662	0.0601003719927428	0.0737724274254357
7868.29532690556	2902.54875032117	1.96237819563606	1042951.04195044	712424.619524573	3.46641345057221	0.0848676165458545	0.0708350701240874	0.0836164201608935
6964.4704919146	2946.12933670534	2.30746580818132	799817.766773036	734436.057880422	2.28528320442416	0.0503801139049476	0.0249936830654649	0.0519853615725395
8243.65832760213	3177.20203471317	2.01800529317056	977206.802812842	805746.195405738	2.12462125040529	0.0372288810934004	0.0236298649623464	0.0411195798639411
9088.60362410584	3012.39851689287	2.40550965596806	988324.82051524	726225.074120905	2.6993098551689	0.0878709937749646	0.0764063330086767	0.0866774742399246
7643.49991266902	3107.95530762873	2.1212135164511	896783.36677451	747694.356908017	2.32821424309606	0.0874399308081098	0.0663384484739624	0.0874610051159101
9664.72433581066	3182.78051609926	3.09810730497356	992760.017015069	762170.098485593	2.60591940459037	0.040233986110605	0.0209891227888421	0.043389421448036
8183.61598066992	2955.41543251135	2.24931336323735	843730.923726034	656755.222816504	2.00752666910179	0.0407379988327272	0.0180402741267714	0.0484978864355376
7512.00146952113	3001.44816678277	1.98291677095441	829074.053605441	710126.119346994	2.29980669198024	0.0559009659261251	0.0379928517139471	0.0561462640789015
7848.84720738519	2854.43830140656	2.19848062930656	910211.618766113	650409.687766766	2.70944748780897	0.0279653367165582	0.011506580665108	0.0347963084364044
7388.29940014955	2908.15071900637	1.90146492768351	939245.088517389	695953.171269964	2.82674517112282	0.0515056742547316	0.0278875868329677	0.0558740417624279
8190.43004420648	3116.21364779084	2.46478264140978	1020556.72337769	740914.415312508	3.37967976390464	0.0526868532689642	0.0347377394018005	0.0545497411356322
7771.06346529223	2878.52315596265	2.28401689200483	816317.66117122	666995.380807312	2.44893474745457	0.0576767244628026	0.0370411114620578	0.0593251704561096
8277.25144556175	3019.90716737335	2.35231501071165	936571.144085305	756688.07714149	2.8905481428997	0.0474606413306115	0.0257096886049856	0.0522085853416198
8248.96507214905	2955.60645629287	2.20600306798744	960260.889280306	654800.542914881	2.30931971927559	0.0370448988408835	0.0263810735257445	0.0444182829356355
7944.01543529637	2974.52651121613	1.97545876486015	939907.941733625	696814.174829344	2.65908279081525	0.055898199149264	0.0362906449667145	0.0581790817712614
9127.16157122665	3197.7327063888	2.45595333534584	950568.507163315	771018.201750919	2.27636073852724	0.0535096020977113	0.0277977485934743	0.0581960702599794
8157.87364123367	3136.42010228623	2.10325446828556	945876.199811474	739730.391344912	2.37112247280131	0.0524387443906568	0.0347476908827727	0.0564576531054103
8059.74427915623	3132.45262760821	2.14762792292532	897095.461543482	743796.602455486	2.19735369460233	0.0640651869755216	0.0392119050224348	0.0680487224888882
8662.74538336627	3047.6757894535	2.43276425638422	1002426.36626965	705833.624699635	3.40844118738074	0.0534759658101732	0.0378146138131662	0.056937877682984
9131.29185488376	3046.99257129601	3.87009461563004	887414.502301328	711631.313533367	2.19297830904586	0.058985714521882	0.0414904086807284	0.0607020297383949
6690.80114800101	2852.36339367368	1.74482927989056	840723.062700361	693362.892321966	2.52183735395164	0.0563796696407973	0.0448495188462091	0.0581584875670163
7232.54299647553	2815.69448446984	2.67892759397303	713641.484313841	660732.820808787	2.07079790562348	0.0417800963608161	0.0172052940405074	0.048768973759912
8474.44167719072	3068.2218637414	2.23476735765607	1036994.93688823	758205.660771694	2.60329599468887	0.0569780708668266	0.0342860164774463	0.0590142431231954
8818.85837286382	3039.19942063685	2.13450544805364	1020238.36477713	737811.36446531	2.76433026035362	0.0258292644212484	0.00608970429580047	0.0320580539386373
8524.7235598309	3052.97519302602	2.78048210727561	982934.144510028	713931.805427326	3.04332691228318	0.0664764886411843	0.0405329929170226	0.0663439968892824
8579.62705349326	2869.57749071822	3.06454072589854	868163.039010255	699220.617698724	2.73528957995234	0.0756385452036248	0.0484048360095481	0.0754958156685012
9445.68137225431	3055.51159361378	3.46801907495763	935661.375224026	742319.276773151	2.2233429311416	0.0326072159236474	0.0189480200221356	0.0384128266590676
7035.99053824548	2928.45317874981	1.90216971983687	798194.595811887	690856.6030203	2.28693104456521	0.0406504018794797	0.0205693492086864	0.0428554623128205
8884.60761863673	2718.81606333972	3.65162893934351	797399.385033598	670168.638496223	2.79510741689514	0.03754710893199	0.0122945017831146	0.0449886413256751
8090.00153975414	3094.00250319203	2.0445967826699	979346.20730594	762104.653031792	2.11127612756296	0.0444775347730383	0.0242214589940277	0.0463096871910642
7401.83717293232	2751.29434840431	3.04572151465392	790302.037501767	642357.61772367	2.59323040565994	0.0228306613276693	0.00219720805215609	0.0301174999235028
8616.15236458996	2868.98463194465	3.0389636053026	865561.800194005	679016.265402779	2.35957075456361	0.0957541343991765	0.0779787712600489	0.096804059253963
8007.07129109113	2847.756324552	2.13894263545523	869348.770253417	664172.635186211	2.68678988083902	0.0588581981355961	0.0325704858299733	0.0580145796109623
7385.61558450567	2942.89809581992	2.9637833141014	932969.507831828	751771.475514692	2.88378985582079	0.0528624421543771	0.0316397645857033	0.0579472892972048
6988.34416387223	2876.09923930771	1.76308833659519	757543.912145899	651777.193901657	2.04207812124726	0.0583191140674265	0.0388443893802364	0.0612959221315356
7994.13216936455	3173.64714616935	1.82776848878364	969827.896294738	779161.423384075	2.49320807518634	0.0398146220538538	0.0163787751797654	0.0433357527743699
7536.09864959126	2907.82120440247	2.04466888802615	881885.951553325	689139.945778749	2.3565985634437	0.0556720872077285	0.0282498674145214	0.0582451299425557
8173.92985064067	3037.91748287123	3.27624782852048	933147.34678271	720656.308875257	2.654930865526	0.0455968613373729	0.0223914559262115	0.0504187264104624
8455.91169940008	3178.66543267159	2.25269627870725	993502.917429024	772468.425851392	3.25497546718617	0.0624778943180105	0.0351565089179814	0.0638166315661392
7430.05688683862	2806.62376476831	2.29965280517494	875937.124637985	655177.179775861	3.38017845700689	0.0624078786576545	0.0326954145411568	0.0644815753764536
8528.57515500761	2974.78959294166	2.34731247656751	953058.915852073	684238.736917999	3.58035351647767	0.0802309612961378	0.0527859405867758	0.0808405305306892
7593.00266969092	3112.75830870737	2.01458577537969	918382.418149698	774906.848340733	2.2205593300143	0.0538111600830751	0.0261985971402624	0.0565251243059765
7772.31073335817	2858.82609173898	2.29294160818201	832484.884742822	665107.347379241	2.03907392377932	0.0640024294680216	0.0385669401296519	0.0666473824573319
9077.60066224919	3157.67495718498	2.6399987818872	1038994.15143739	761638.510053811	2.56833717266876	0.0328710931397346	0.0157335148466831	0.038360415313211
7776.84480612194	2845.51694360644	2.430700414038	884172.420758474	684880.758504771	2.29051082471015	0.0749987350763178	0.0525169092531038	0.0764299516340112
6274.68550429465	2761.44471411465	1.91434225333816	737295.037540391	635820.60799321	2.11551982888581	0.050458397904308	0.0235503180950778	0.0561206371138068
7582.64883107255	3040.37231657061	2.16628697214825	849530.658896877	740255.795049985	2.05962972530931	0.089121919500741	0.0550144752707758	0.0894372495788073
7227.72967295568	2869.88971290083	1.88647760875334	750159.850673593	670228.136510361	2.15516638687886	0.069261065319489	0.0384981314069031	0.0715444418793616
7759.19343854361	2974.90130337071	2.06668369445319	889951.388927252	696970.567345643	2.25349080062709	0.0487883004618496	0.0336870129771693	0.0508870896221622
9039.28109906335	3072.19034418713	2.49161144411714	1003095.7992953	747347.446760848	2.69464206041615	0.0480396692975443	0.0291091404072495	0.0513920280743426
7708.78628395632	2928.08262958188	2.39978688704466	841407.720886066	675056.172461199	2.2994147535187	0.0690689910421574	0.0571183602129467	0.0686471531311813
7746.30315452332	2882.98563730129	2.08532465028079	875117.094166348	681053.118955658	2.49031589405993	0.0624241099520611	0.03931238661806	0.0623592405782208
9597.05807991605	3097.44791365294	2.34012142350647	1091272.31572611	729594.980635754	2.57353198287959	0.040351383368346	0.0228932372344404	0.043763216125961
10117.4063829255	3058.1277178495	5.66429080157661	940077.520518999	783680.949654472	2.61816107734164	0.0609095403495949	0.0468101999004317	0.062162279938269
7998.86633188073	3243.74806351013	1.9101953221176	959809.741891422	772310.316430891	2.12731256086305	0.0366816693217761	0.0203232441500519	0.0407297123419735
7499.82530179385	3018.17211130538	1.75023296976965	901111.000591353	739399.315827604	2.08734929051082	0.0575131512404683	0.0383495867119048	0.0591541368120432
7858.74649687909	3073.89871692753	1.93570826810963	940184.320386002	759584.864335421	2.26676480772034	0.0803904229501014	0.0658509074457629	0.083401321994301
7133.65495641822	2918.27309998336	2.26114350506488	809147.03914133	675168.880970904	2.25547670754898	0.0749663088041803	0.0632279661929546	0.0765315056660856
7087.07585809501	2962.66695213999	2.11192845843133	1022916.47948874	736491.250140395	4.51737891557473	0.0569633605596771	0.0331724187806663	0.0568451446963174
7811.96733902087	2792.44203358027	2.61587293692642	767453.756189034	680203.657354032	2.18934951289901	0.038204897995631	0.0189737254382493	0.0438684492992703
7696.14187332677	3047.04663104023	2.3052736601736	876674.107172701	731405.509553894	1.99864029267938	0.0828544201872077	0.0781418792952796	0.084149303032738
8674.12666835259	3166.33706100658	2.09330580043948	1097002.44651195	740148.794322584	2.76034988484927	0.0568616646955502	0.027801878823071	0.0582674020805773
9313.52424478333	3196.78607568225	4.09078641787426	1002424.73809816	791384.193679969	2.31431188474599	0.0583150615588514	0.0434399548182206	0.0587193866264666
7623.66338985962	2967.22023175893	2.32814365168894	875666.983682625	721176.175466268	2.30091926157554	0.0849070667818142	0.0793059476259312	0.0842847241825628
7384.30780554387	2943.49334740859	1.83767545918538	827179.394087969	694629.011283828	2.16239697883308	0.040304311824761	0.0285867365829871	0.0445893509857864
9403.21806513683	3002.6712400874	4.41020284346894	967267.852991925	710709.383169544	2.43191546766845	0.0492058960845846	0.0283551913875773	0.052690355171959
8643.05170684081	2987.04339534765	2.70402455987345	854184.150917585	717231.230439989	2.17352898113677	0.0423915128220824	0.0259472055428416	0.0449297337827408
7635.8585718698	3064.51439181538	1.86054364205529	965450.695700982	728764.298189534	2.27852161584449	0.0717438029192055	0.0512142142669086	0.0724059795195237
6844.75556827149	2968.05060894186	1.86354866168709	827348.826345732	711555.619274244	2.14325446372722	0.0721725932232057	0.0523197062311329	0.0747700354668029
8723.94424576613	2846.29821090408	2.61159243309487	865668.827853348	711317.086917693	2.52893001162084	0.0803881018233793	0.0549157578443142	0.081861398042016
7422.78625302164	2949.12591285265	1.89752276775714	835241.571545532	675638.932637898	2.12234149174708	0.042401490312429	0.0184661824380843	0.0445389666291221
6661.92573463615	2699.72047476889	2.25484162720346	779189.868494562	610394.721957912	2.53596533896867	0.0668031543103975	0.0432072183787808	0.0671129038771724
7998.91852087178	3147.51079508301	2.16912078291066	1031393.53431514	808595.63443228	2.60340101981352	0.0498931931699619	0.0344390876067701	0.0523261035057058
8195.07157219843	2878.22238833696	3.57836571083032	834823.893334174	657193.768345415	2.3035223719921	0.0478499849161767	0.0319516395387209	0.0496250074468471
7872.44524631298	2931.59986951285	2.66988765449003	891778.522276038	706041.551134723	3.01781699252012	0.0450090369281275	0.0279956788667486	0.0489297749002147
7152.01913913596	2922.18248446733	2.27063987164995	778998.566864824	734891.828261172	2.18511885817857	0.0780010605506705	0.0629828947698532	0.0761895006434684
10033.4878592626	3103.54951874734	4.37214556959265	1085940.61896526	741186.230691294	3.11204857121351	0.0239998644868791	0.00728113560691023	0.0304871349062167
7089.73789765739	2922.48962846559	1.97368912158971	827873.15386556	686840.553148892	2.67034479012365	0.0534568637960326	0.0307173455489377	0.0564504305538554
7488.62369906752	2846.96961541175	2.26469569163378	832763.768141331	701202.738253203	2.28906853320845	0.065997498182982	0.040238744716951	0.0682049007944927
9091.63620210277	2897.87953407453	3.26986178909825	911835.074282225	686234.39328942	2.13414691904099	0.100591715976924	0.093422771986632	0.0970304411057028
8210.26464105198	3124.09909478426	2.04981406991044	918897.069559345	768774.511801126	2.13834518592379	0.0393908561708705	0.0246630732147337	0.0410068770170921
8038.78804180023	2910.86800601308	1.97300422057447	892280.748197215	673103.976284594	2.57103624329437	0.0531491590037181	0.03073779175845	0.0553172097237669
7765.89620394188	2800.69418455047	4.31133560343817	783960.238866076	666223.756901613	2.40531017081505	0.0361241840802967	0.0268229889819879	0.0417360621329363
6989.10705301594	2956.68273065249	2.10638918910964	788732.912260429	731465.919514625	2.28263434125392	0.0789764324039677	0.052247517449003	0.0783801915076909
8541.25565034622	2836.88510463724	3.50131688314532	858157.902396196	661047.845092764	2.26156860003876	0.0519657334739918	0.0248939556958018	0.0563235185935086
9660.98689106288	3226.4497336915	2.87568504046557	1089596.41040176	766487.178875271	2.65731435460144	0.0966955053339912	0.0769086738436142	0.0935384482849778
7625.25212172969	2961.3098882625	2.8290484052153	788841.955979721	702206.261543822	2.51249931625948	0.0560519752258666	0.0295734469003005	0.0606326152534771
7962.52939761112	2728.53526953522	2.41068066942573	777884.258169091	607643.45816157	2.45917079145574	0.0730963449175813	0.0453588357229662	0.0719829024034829
7527.53413835778	2991.76457319439	2.26303342406962	975657.162708529	748109.118414188	2.96315798300136	0.0640495458866795	0.0421250617957073	0.0649199622057978
7928.56962001777	2763.4575031155	2.56556444500436	833405.381896152	634534.643296261	3.18951959362132	0.054717524322202	0.0378318795152838	0.0568686995668984
9542.95302177649	3072.19805277233	2.51345846136061	1192605.55134454	781205.218126883	3.07310530102032	0.079016821789765	0.0560165701668814	0.077120812343183
8313.43329999849	2796.49013928586	2.51565795496428	884578.463206056	677647.186568743	2.59773215014093	0.0533399563553939	0.0330439631531932	0.0555847193102248
6737.84244113763	2943.03550699514	2.9817637440802	748273.53250746	684910.872544116	2.43805839427855	0.0475723566832298	0.0255232331854838	0.0474497642210343
7575.534862766	3020.19510788178	1.94278669231592	888044.34187307	695695.582807081	2.37654484668744	0.0571911754591437	0.0321804417395294	0.0616474914354792
7603.89899949924	2740.2201669949	2.09537769638681	827108.906704757	631159.812777347	2.5986129424789	0.0691215354167421	0.044887303532628	0.0689770282597611
8537.66356083809	2908.36007861087	2.94105030026297	785923.3748321	669276.853803745	1.90128004182869	0.0815262066432521	0.0632685345971463	0.080865111496642
7691.63739987361	2859.31822856335	2.13728349669885	928541.108760154	708988.277622608	2.59189442609393	0.06390437121121	0.0394311866482843	0.0660895897608159
12584.1424067398	2947.73052995962	6.70180262233932	851509.0244166	690161.174338152	2.17767404172066	0.0530114008347678	0.0339060427604365	0.0577668027681513
8642.07947717345	2973.18135502323	2.34051202299811	922804.747938738	680011.064444449	2.20125298982434	0.0567496285510053	0.0377744208678786	0.0584254419299368
8281.21375735033	2978.83270537857	2.54632200952795	982570.186923296	741689.255925565	3.11321419109622	0.0694385201667342	0.0458080136293526	0.069160979936289
7690.23810645231	2881.83954987672	2.49023359299585	804654.342129167	645451.043225801	3.00505514208341	0.0490527600141981	0.0279088509050257	0.0555137950364751
7922.81659310733	3039.22037910219	3.30553804999987	952347.27457561	751928.122728306	2.47760188144292	0.0680421414812846	0.0513036839242655	0.0706000186628311
8855.44957382805	3142.58618424171	2.14951692895496	1011397.29830277	738657.912586987	2.16794860563732	0.0466049935481757	0.0316078907882046	0.0501065858602603
7398.03127502543	2701.17419979838	2.63926956755329	729187.841257163	631401.736588473	2.55138847761664	0.0593289222783644	0.0395710551566161	0.060443581732586
7357.98974650172	2884.96759235197	1.95181651002529	796593.197199736	717167.578602974	2.54406811065819	0.0933393118345595	0.0806199650933532	0.0888674386242891
9873.3058655606	3000.9788721791	2.98390621756788	937660.738696808	731136.144865648	1.99710632138012	0.0589419734962107	0.0374889688419828	0.059264383378637
10093.3909525004	2834.14346669223	6.13733085779399	974491.645328449	671529.677033941	4.08944536310136	0.0745901621484797	0.0567332367519104	0.0781171148394987
7985.60839421644	2883.94936883457	2.52850453300435	893305.992639555	689094.634227201	2.77101593828811	0.0965910968802817	0.0905532820273886	0.0959294298581939
7590.09794102062	2857.67237460972	1.87068498724954	777556.744033204	661690.241577946	2.24574423315836	0.0649742158417611	0.0523211242505472	0.0678528994596819
8386.12635936835	2915.51817847826	2.83336251856968	822864.128684842	667121.899232201	2.07875010149252	0.0836679220163269	0.064659351750899	0.084084857340543
7483.93908956091	3006.3504555753	1.94669801370046	865261.662368284	734160.633968107	2.2936523207522	0.0592954033413971	0.0479775642142644	0.0603385696906122
8455.18122402737	3144.40120702399	2.07454006282901	1024387.21275121	766169.096885064	2.45010523931731	0.0247606408125709	0.00568496984812975	0.0308854369671902
7047.16349365297	2877.95368537845	1.85577849511499	911460.59992472	680607.984066637	2.62556690409679	0.077968010610179	0.0716053164862983	0.0818300858194057
9741.74935298808	3104.84557011379	3.10841740662744	1032984.33817345	776275.326874901	2.33241820937426	0.0357750065174116	0.0131951798616401	0.0421597633880416
7921.16191415057	3162.87100064399	2.16310611129638	967999.01378246	786615.632964341	2.21884520478917	0.0792017180020803	0.0639444285848576	0.0804287627897198
7384.88289459401	2999.01325512993	1.79320276039807	874834.235472088	688800.783958647	2.23015454243152	0.0691497616297434	0.0457645116106895	0.06789233583452
8308.93912838444	3008.90171830742	2.91072494980961	885907.012572545	725123.796531324	2.52053216542543	0.0517059386320588	0.0291223970717661	0.0556089736105488
15894.3322534357	2873.29993223669	13.6771355421403	900519.145317524	678578.762975464	2.51107645594881	0.0957882870337735	0.0909618165030416	0.0973129085472294
8246.51950151804	2981.52409673899	2.45285635459071	917232.265807369	682330.573375664	2.27613236809242	0.054609230678322	0.034257205991376	0.0590352536369659
8021.54150550108	3116.28537773193	2.04201011021521	973264.016114623	783236.953034315	2.78615394824943	0.0574964716995848	0.0427891267284892	0.0610345803183649
7777.82465179434	3195.77191299585	2.21860705101676	1035069.43307799	817051.508936748	3.10700585016684	0.0700854616107078	0.0512346824236702	0.0731670554630137
7865.95733743497	3027.93397890992	1.92809195963122	936051.227731981	741625.379245784	2.6810339402547	0.0438341955167393	0.0288089495150073	0.0493784760376979
6871.35369513557	2712.20279145648	1.74766644636837	829920.402877386	651600.4536655	2.35834917291535	0.0455606376403605	0.024533271022133	0.0502038140178238
8771.15632482438	2951.72669523045	2.76426516004417	948268.755815684	722079.237615578	2.50884646257577	0.0877178987587736	0.0661027345644607	0.0855593306502866
7511.36963033297	2829.40248249598	2.39884999378502	881235.10258821	694338.293773751	2.53843192862467	0.0623961091585475	0.0400492778608176	0.0638605792205162
7425.2566366625	2908.54356304333	1.87389981441727	847081.444462233	679809.552965775	2.26958955723577	0.0477963583191173	0.034404435055905	0.0526015915394556
6818.23093543718	2902.82142784137	1.86009997413068	766753.811879843	685944.44871661	2.21396283033885	0.0394979769411767	0.0184596201670781	0.0449282593550315
8017.29903179169	2911.41493783325	2.40945752063787	850155.166648048	625989.529244851	2.10344932303412	0.0367503395114112	0.0180194555923542	0.0414458680143357
8309.79284369472	3212.90296528856	2.00504100978959	1116720.9674587	817449.630507454	3.1492315554071	0.0511532241317051	0.0307652997182621	0.0551060979820863
9767.14410302673	3087.81000626515	3.28704924054987	876960.468017657	724063.653608131	2.06582646719496	0.0553179684412385	0.0364635684369019	0.0553143015682335
7367.70589816975	2960.85551627801	1.8628919080333	883994.584470983	701266.652605715	2.85360562522905	0.0500006618750971	0.0246929851325292	0.0522880361354919
8146.67324828741	2889.19510177302	2.43244934768264	944780.220221311	678483.583760381	2.89941197652925	0.0614410052756477	0.0434035641931041	0.0622113589760209
8714.63405611814	2955.5395728399	3.6265451349669	908275.511676186	692515.827939618	2.42028484849694	0.0573046756317801	0.0329950806515577	0.0597931520342237
8639.50590513234	2926.69775687566	2.66827222104878	985580.976440521	711997.203687498	2.75990885783831	0.0864493182594146	0.0718884305816678	0.085527364871673
8526.05840461082	2988.96901913381	3.16608589927521	866308.284430055	737149.481969273	2.17142520895036	0.0642502405706415	0.0380996058547661	0.0674067721688097
9060.49035298259	2882.7824296945	3.73579720498377	847770.544195741	700842.371881907	2.78962895620069	0.0523662223380218	0.0246120336924703	0.0577883536035973
7516.48372220102	2808.47831763709	2.23438097318513	814734.388806286	671642.264708341	2.34085683227865	0.0624080060104849	0.0331982009619901	0.0669011012238121
8484.88573509141	3029.45703764534	2.14081107689865	1024132.43290687	729392.931002011	2.5107267564433	0.0829544511366	0.0646267474483978	0.0821672143648973
7470.42758438026	2934.87131790691	2.17069749816448	862060.552718468	736391.229178122	2.27175080663788	0.0635601311289071	0.0438798569693893	0.0650894578591956
9029.85340946106	3219.42256990991	2.47594155976772	983372.342258515	800079.406606593	2.07765047690771	0.0544692606617236	0.0318682892434328	0.0588558668782206
7017.29932236223	2925.88544309088	2.60956069686795	888061.210561598	733171.381108317	2.98094422928143	0.0707437959532722	0.0493720325835898	0.0712162584272993
8242.87875384178	3059.67463837728	2.52297469921402	1035310.46986591	817303.058077717	3.31098369024484	0.043881700958047	0.0291936993715571	0.047280764505669
6992.19258585765	2859.08616522998	2.74967624644944	790661.235599162	708324.190309957	2.52385912823402	0.0858370307896176	0.0806892881292993	0.0868820696242864
8341.23007506018	2994.76535682867	2.58222880739155	901889.443883382	787548.360649283	2.67913933508956	0.0664271976872994	0.0448832055662777	0.0670902439068613
8126.98736004029	2801.10502880949	3.05594030961842	877859.239369577	634886.047296081	2.58651199447941	0.0766209202231314	0.0507116016786673	0.0769898872689488
9632.35067651754	2915.88613832094	3.70534742108725	1050527.56651645	692329.829867295	3.56444406044594	0.0703959320100754	0.0509425211030375	0.0741533879405183
6494.936833901	2877.9028522099	1.79827170379071	795985.552754922	686319.463288876	2.41490667149925	0.0511916154435094	0.0350158834215525	0.0566582876553105
8364.2621320508	2819.32545008692	4.8535462189897	816435.453355917	665592.829733311	2.66640809621763	0.0529077631227001	0.0332716803969457	0.0593936980230707
8652.78408129536	2871.01150515504	3.06750831368836	931966.989157444	667624.473201792	2.79096781172798	0.046026776007413	0.0211624158880002	0.0498467369776039
7343.43199755843	2873.74185529029	2.04099715566871	801268.219738921	658939.121686135	2.05661718335457	0.0735893375472272	0.0532575624117416	0.0740124589606639
8210.83979044626	2766.22416449334	3.87938295491869	819261.563805781	657491.489840299	2.34972943437881	0.0644742200034462	0.0400724337754266	0.0672942388000609
8634.58665680397	3147.00241957803	2.04139234206903	1126699.82871644	775096.296001071	2.84912805118601	0.0794222069374906	0.0576222369491028	0.0791252874731948
7796.88195929273	2861.55832093672	2.20978489746162	800410.403536759	662350.147824818	2.09786188610567	0.073691728766764	0.0501395488522513	0.0736335385485156
8158.01792767919	2894.91834433586	2.65554998391084	855601.21869895	697700.758937943	2.30407453491536	0.0562464492788014	0.0394441766154709	0.0589542866318042
7874.28056719998	2901.90579959944	2.45374128001356	828484.317288678	681295.018793265	2.12092558305069	0.0713540829745616	0.0439903385306257	0.0727919879880327
7909.92283447489	3179.0722215869	1.90666744886771	943374.917187373	790120.48347255	2.23546511394819	0.0464469147820441	0.0236205084032009	0.0529291292819727
8187.06565765262	3004.6459387352	2.89714406563437	906580.746387044	722015.104783332	2.82441965928937	0.0612127576070974	0.0420925906696641	0.0609228334599536
8093.34802676451	2963.56311429031	2.2398976029452	916844.662500176	711021.183492723	2.3547081819595	0.0472195200141932	0.0236761775346735	0.0497341579762294
8401.64876400377	2903.02449483165	3.35142805913725	824003.385513428	663257.538078878	2.24110715365104	0.042543088140962	0.0229354674398337	0.0461362079148912
8304.68914081437	2775.15852840641	2.65912094262436	901193.687144285	650293.709588395	3.23806917737538	0.075673601190952	0.0556504662272066	0.0763733034002367
7422.02302800154	2927.01919408897	2.07224702789889	816554.242813157	673459.319360631	2.37658759561054	0.0801673149139473	0.0599965074596025	0.0809673953737211
10575.4379210798	3115.36836799912	3.55092495325893	1036681.08435814	758819.033939943	2.31977851707575	0.0410432299217677	0.0191771116083273	0.0463786832701815
7983.29840958244	3028.68016942077	2.14531911123975	878861.213172407	738561.699709466	2.27397871006674	0.0925641217236012	0.0744447644342783	0.0899950920571405
6739.8387502152	2827.78313966382	2.42313225325574	789962.776932267	657894.934640629	2.19017990784231	0.0473189398306884	0.0256074854806222	0.0487637047635377
7530.87261228097	3210.26398591707	2.14695171859669	987233.641667421	852393.973802342	2.68967341508184	0.078040087577749	0.0560330462092341	0.077955619433098
6678.19212477963	2851.68466802583	1.68994101513153	807544.06924246	667495.767395422	2.59321810427408	0.0619485573550809	0.0331999881984785	0.0651317002378125
8751.75025832905	2878.83032849189	2.92260128058493	887455.874330177	728250.454616834	2.91797337801456	0.0749059250946413	0.0520218995915227	0.0767170717325027
7762.43924901363	3004.45857218048	2.07809573240568	1016595.59854874	728777.420992545	3.83261262938466	0.0627108014454443	0.0377467190439247	0.0636291745367771
8175.48369602594	3068.18981971705	2.16510299302895	907359.817586926	715035.656065507	2.13531034988513	0.0484586817421691	0.0252244266929675	0.0535048412228772
8337.07687518551	2896.5502493379	1.94310146437437	957498.897663741	652097.426504896	2.50735146549416	0.0440155132994075	0.0233168425237812	0.0474133270397576
8171.89840096678	2969.19969041813	4.6211955145357	997486.625927313	723913.681233721	4.34473651554164	0.0554919738702335	0.0328849703405874	0.060618216308271
7874.99298061842	3026.40094773842	2.20396895212634	857504.206612076	693646.849960037	1.96294450997557	0.0435240273909699	0.0200287971809431	0.0498826372668763
11804.3816617855	2898.41985361847	11.1894012920215	785386.253678608	647151.382863661	2.20882343994495	0.0450544979437739	0.0299934853176996	0.0488511458933855
8609.00875979099	3049.36017146392	2.13974911374036	961862.463782193	757011.715133029	2.53643666802094	0.0679804278569638	0.0490029684295318	0.0706117866961732
7521.30386077857	3039.48517545644	2.25406920690606	858425.050620281	714816.66664091	2.46437243555166	0.0910698368591419	0.0740028955044665	0.0902128658290875
8223.96931166386	3090.75597459902	2.70963461316876	1067911.41199922	765168.049885561	3.82014414476963	0.0610742861400426	0.0353565817967715	0.0623020818023071
8738.44323242932	3027.70977488553	2.55551823138955	942434.009531396	726111.570306541	2.59793978148734	0.0496298337298648	0.0334936739573936	0.0530256091859384
7852.46477079619	3083.2513411621	2.77702153278613	894963.318806484	754049.829218057	2.27772852852274	0.0782912132885664	0.079866362589515	0.078548098284307
7420.41748368181	3087.93611228141	2.42436879701006	980572.962419853	760097.036550582	2.68117937289093	0.100008885378712	0.0744796064227492	0.0958405600381302
7840.70221537175	3040.40906136226	2.02884193378885	878518.664683473	716070.987105485	2.26580911754084	0.0625099567106466	0.0391336174313088	0.0618363734604207
8168.70088182729	3062.15143037267	2.27029429828461	1037725.37300218	777070.291183623	2.69802937408898	0.0391777718476272	0.0164700243326989	0.043001762015885
8445.81850505503	2991.81430045816	2.48245194903788	885059.765228656	732863.493169491	2.11440399597217	0.0704379117376133	0.0474533844094009	0.0675815733963712
7743.578901045	2742.98471041944	2.49160948000795	979164.699750733	663950.066903964	3.55117732343415	0.0946439009420044	0.0757412315025968	0.096716358052028
9565.39923749387	3296.59401345015	4.11235961247653	992250.016974662	869348.525168328	2.22894208610788	0.0657761252281829	0.0428897997884867	0.0682669122994749
7568.47361535238	2959.11075412874	2.09464579281419	801761.080008275	695109.500256746	2.09586831739158	0.049274435499023	0.0324216735913584	0.0520140803632024
9620.27575615594	3013.6445891876	3.00704807532045	926490.018095915	733909.395834553	2.4423139474644	0.0609107586325701	0.0408970440891918	0.0623144324679511
8340.06757205447	2962.92972219347	3.40202524747045	846120.105483783	710313.059745067	2.64375828542237	0.0748774183912021	0.0566976073383332	0.0733763379739018
7439.57199304506	2990.76052603197	2.08935408281037	816058.663104499	753611.767672691	2.13591064840956	0.0577756758349151	0.0349844240153078	0.0596633556564454
8006.0796540923	2980.8673294299	2.56924688404032	886004.08816252	690101.460519174	2.56511976863233	0.0551976108218301	0.0331497291180929	0.0582553824567688
6381.99038097284	2729.74519412824	2.41626100600038	716703.336577055	650790.987903099	2.32576349618498	0.056128746017611	0.033393020927762	0.0561675206737422
21953.996969635	2922.55117378764	16.9114921678155	724836.489090608	716976.593043472	2.25019975807113	0.0498344862609167	0.0198105161310502	0.0531240062690672
7713.61420080606	2909.97260188911	2.65848742338516	812548.774903787	681735.557651623	2.06509810170156	0.0365375668221371	0.0221715338511129	0.0412687519889194
8590.70822416635	3020.63811512762	3.40142953151256	920181.024828725	729269.891406781	3.01488415380524	0.0532759604928964	0.0276609559236153	0.0586431072589455
7975.78480879246	3050.74359387151	2.1857537561876	966472.154737852	787211.155933767	2.44692234997143	0.0673778226158418	0.0497626541179572	0.0674796346383337
7607.08130241618	2939.8918904981	1.8170654064186	908608.758923026	694741.663915284	2.2175440606385	0.0758082718925019	0.063567242102359	0.0765189645482047
7542.49962679912	2900.54017778478	2.66909786433741	880680.505034971	681718.491900055	2.80281010244273	0.0340359105230017	0.0240190533908855	0.0407629260489221
9656.63913538699	3147.0890782227	2.69778043569592	1032968.13728196	787493.95530918	2.37183332426858	0.0562537044646365	0.0363972129507776	0.0576435957907007
7829.46873918518	2804.6852735689	2.40681351855944	848984.961010174	686222.103792848	2.50411131201164	0.0532682640806989	0.0307660256307895	0.0574671854199786
7679.35559698101	2938.25498992937	4.07182806836894	1385444.95191879	718328.248859242	10.3394368410773	0.0727377365201059	0.0466389950103861	0.0733691100759864
8276.32105746831	3149.69344790527	2.10909026676857	977727.029947973	762636.13420498	2.51838066540073	0.0908446385002699	0.0630438302021068	0.0895934743373535
8385.72097023124	2957.32455854114	3.07892462923533	1046446.08498594	709122.114710827	3.33081856240267	0.0535144898024252	0.0299335999427674	0.0574803081640673
7890.77428657254	2972.83701240308	2.20490430558432	821809.011012988	706307.293412247	2.17817547365182	0.0478908547658941	0.0258453112016836	0.0518156652473945
8889.91373097125	2935.37623205421	2.84531313589026	856203.123211089	617893.475235374	2.22608844051516	0.0362537240392387	0.0114590947572469	0.0393687423421778
7224.42056328759	2903.29802801804	1.83333652342318	896760.831910024	762348.932600135	2.66061281270732	0.0791230521765834	0.060909585504781	0.0789168528523733
8049.15330213468	2899.85022878829	2.43272842831378	937366.776565425	695765.337542916	2.5741692802098	0.0632373863046569	0.0362865200054962	0.0652379561810508
8259.68757882608	2912.53918317312	3.13467960764933	1062283.0256422	697991.586140458	6.01101595670247	0.0632229763475403	0.0429353057833786	0.0674401748418407
9828.43008532164	2936.06268221903	8.07180848296397	893213.918285889	705638.426427092	2.26885763855918	0.0885874111578841	0.0759328677883501	0.0869262325745287
8970.6185346007	3020.59365426608	2.83715339452458	919851.908209982	700191.274929047	2.30655375337297	0.0780596688633319	0.0586141169093536	0.0817384993819863
7805.54473041814	2759.21197660438	2.42645241916478	762131.930684267	660637.493417252	2.1222759147615	0.0495499071881397	0.0313491052338213	0.0547487824790805
8314.04763277337	2938.27466933649	2.62370845991989	904992.864906202	707007.927954569	2.57054941425876	0.0600690135894763	0.0443806393028582	0.0637639220106802
6658.50708656002	2864.03367253951	2.44633652584538	737896.856668691	710242.463793102	2.19633924482353	0.057336990075212	0.0388573530397914	0.0642244147340278
8502.67587216312	2839.57133553349	2.50997275204676	776164.517655295	654283.680277764	1.97574369227222	0.0646870822415105	0.0412126339107631	0.0649316990744836
7210.41765942678	2703.8519709415	2.00634033618971	769339.037931331	613278.572746476	2.46597278454861	0.0426890926111367	0.017393062480686	0.046228501854101
9567.10543283237	2854.46633888677	3.73036257243694	876347.363069933	669182.410128833	2.62043476628899	0.0763370684580026	0.0589650993592185	0.0759268263914498
7801.06646999482	3032.23957932758	2.54294245522472	907709.323410183	747251.502093208	2.39435985276073	0.0599074850094336	0.0348523265631633	0.0611650158741652
8943.15903344255	3157.39907221865	4.21417119558884	1032980.31421159	751598.493263999	2.21496061426402	0.0527513907525246	0.0262105375902629	0.0567806189945549
7762.01475224295	2825.92039962793	3.16935359870963	834981.606397709	678804.227729955	2.73842605986678	0.0533909587536771	0.0298816454076978	0.0575741525677502
8673.24713865393	3009.22163757371	2.91402391366391	943857.427083341	734166.230007758	2.4427468087749	0.0829880193144323	0.0639774309741445	0.0803913157120988
8406.26614717992	2975.86992302333	2.44054463736033	1011225.58983778	704918.401755888	3.00747513058195	0.0643038462238513	0.0436327506172233	0.066262807358699
8496.5210297618	2960.02046894799	2.55143402977529	924126.936185615	739157.564191745	2.60300349107465	0.0736264636412805	0.0617143635371989	0.0780840465607041
8408.75828828606	2854.08271208435	4.25710297120137	809423.567401687	702694.691265264	2.38882900673225	0.098797548782812	0.0704616341967328	0.0990571429865247
7166.72394882493	2950.3192669934	2.43716692622816	790373.681145136	681147.18725738	1.97317458096105	0.0712631783330853	0.0510963041682102	0.0726675121763961
7128.60064470083	2744.96033915829	2.38716607772242	834801.279913928	678855.85039921	3.62747297091475	0.0562045809366362	0.0256654246395272	0.0582590839190717
8941.6785033567	3008.73638268802	2.88649594199337	958732.396002947	758660.28848389	2.36240550389799	0.0452553790062182	0.0271869963001642	0.0494473918311731
8515.58540819382	2986.13804781758	3.35462160897679	837077.19924291	733219.47409185	2.23592635898417	0.0366276405324659	0.0181448746255116	0.0403408113369544
8145.69873684532	3299.91729374795	2.48360525009542	1104221.54692515	859090.861105879	2.88448089190661	0.051660933872434	0.0347714552145047	0.0521989146338452
7102.94760169243	2918.58099173507	1.91820708818946	836106.502109178	696165.374003012	2.71428025187985	0.0516830734180632	0.0240313397550472	0.0539686953012729
6578.29784448384	2800.91385601805	1.83980965081808	832177.942089645	668200.412957175	2.5456197010879	0.0604187875638968	0.0360050541500724	0.0607290548867347
9082.08334367661	2934.0545687487	3.494446888334	904895.911674539	736138.868652831	2.50736715762102	0.0743357592236671	0.0651949023431517	0.073655987682392
7057.3662728055	2942.63670488699	2.36385110626104	835515.464376244	680049.035095593	2.87238398324204	0.0692261544814826	0.0446321756391457	0.0706842699092821
7614.89894262019	2988.16706328771	2.26481747863011	940276.618173014	722978.591395764	3.09422096498065	0.0747404065919662	0.0433961977473237	0.0760147337225618
7778.73719853632	2846.86962092656	2.58554504171826	796223.324898691	646753.263781659	2.04115843525769	0.0750610154842529	0.0615191691677411	0.0775017674437722
8350.84621478073	3027.19654416436	2.75457870775597	862386.09080127	752292.159285448	2.37361866310066	0.0600465202256601	0.0378997203594134	0.0657911254987513
7176.31138948953	2830.96431615069	2.45425029111017	872096.637840881	705649.184872079	2.34516823939535	0.0367503628451249	0.0115377253352812	0.040455839271496
8142.6973131142	2889.77668983322	3.62514373023755	862672.058330683	716702.721934998	2.48110546991975	0.0644043478067109	0.0410498136202629	0.0655130973661205
7725.8374452183	2804.27913761873	2.23349497202414	857105.33061538	691255.181089837	2.31926691162862	0.0406083465301382	0.0257546808517176	0.0444270842982521
7176.06120352261	2858.37743630375	1.91823640127155	809405.341210665	644348.016171519	2.26013486483518	0.0847681970085914	0.0653398680770637	0.0841942061168488
8726.84076970417	3126.43134086935	2.94365967755998	933780.409733919	802513.435151613	2.28881263307755	0.0442856343632591	0.0273673462309856	0.0486306521292171
8816.17798022415	3094.41261036975	2.1202281780311	914801.851412729	743249.678869537	2.04595688464735	0.0555691545686962	0.0330147015864953	0.0589311615701614
8210.79960763634	3013.52528235757	2.28025220481765	955834.557284599	768504.972934271	2.77278994774241	0.0448563651560838	0.0257342575186418	0.0498693339771506
8499.50903978063	2856.76308766562	2.44310581185818	827425.835417128	638329.433150879	2.38186938706664	0.0616435398368465	0.0424826928466491	0.0598847852515421
8379.3819386002	3016.88962350826	2.29737047425369	981974.230928687	707145.17787974	2.16902059291497	0.0626396183459263	0.0340961664543041	0.0651079393439072
7636.93379591368	2839.45404779144	2.7653922510465	855375.928319413	692715.455370585	3.07208295803755	0.0462672045092653	0.0213962490963708	0.050303329177084
7728.43623673578	3003.28686548164	2.10224107008	880720.80658718	714252.37469627	2.17678331767232	0.0572199195925922	0.0340472929565912	0.0586241137192979
9077.8470161356	3159.62393499698	2.39971421028908	1088132.95237361	777468.852475863	2.66321302319981	0.0840416607614848	0.0608909587114186	0.0816181876802451
11905.1670894659	3103.14907133019	5.49956577871325	1049865.96104119	726634.540449232	2.4375218581831	0.0478210318497701	0.0335881176019709	0.0522752684562163
7403.12124526991	2994.63964252219	1.8297893187922	863314.222923871	699931.489250416	1.99382473430593	0.0637704798961198	0.0410352614800892	0.0638842911907077
7620.75953630859	2994.06157470851	2.12331989238518	926015.167417862	723604.309533213	2.48644960567667	0.0597458317120198	0.0374763500982874	0.061721431791945
7539.18962237769	3050.01670364838	1.91944424862756	910638.487896616	772382.254807557	2.71607445767154	0.0827575784962976	0.0612696075954213	0.0817217605033094
8127.66289462986	2947.85132724533	3.14855033492791	960490.114689225	702781.081447869	3.29014999438272	0.0761751667196296	0.0547919674201527	0.0758315889129907
8778.24001454317	3051.0701339577	3.53227114962358	983252.274185511	721719.824015522	2.78062215377064	0.0480720850023545	0.0284113173330589	0.0530320597378481
7842.37388471759	2929.40129121555	3.06283516798829	810685.382781421	697745.592208724	2.14942329678365	0.0857293350918523	0.069593613654336	0.08684417502431
7190.6102465934	3075.14775393365	1.98619047121887	872378.506720549	743366.313281101	2.53103412874153	0.0888861379646104	0.0798080393680923	0.0886319863367265
8173.17269640775	3006.15130189532	2.82330760951274	936164.601128774	703253.239635868	2.54720998181625	0.0691174483476389	0.0541366833217558	0.06918633510327
7828.37449704066	2863.23403351608	2.2686115407938	859506.71406122	708495.541497946	2.39988410804203	0.0500105918537362	0.034895561127464	0.0530127430302189
7658.37081156478	3038.30103383093	2.18461713934238	1053162.46687968	732737.204614145	3.23139720665929	0.065764283274905	0.0537616986846249	0.0649816895190452
11589.8759372334	3190.49353814933	4.38164800060645	1246110.14575793	816248.743997951	3.92992175645807	0.0492796437615897	0.0286467237017506	0.0515994283468551
7242.91667787072	2816.75187028941	2.20804716771479	741868.740769688	623190.435124848	1.91573087207255	0.0706199712192831	0.0541729295214621	0.0748542086278511
8816.20144745555	2893.42500955877	3.67643113741964	870437.535966393	672597.057436012	2.86596831274134	0.0667333721372647	0.0435648651352162	0.0667132048688361
8071.53513641407	2987.8425179172	2.42741285713982	898956.361938703	687382.515026245	2.45839749528827	0.0728258825019206	0.0467295569739768	0.0725862999723853
9155.14169510211	3207.61221262227	2.57173114879759	1161823.24565685	782084.921111074	3.97526496499036	0.0778400487014433	0.0523667914929554	0.0802744258125906
8882.20570073747	2917.42266793688	4.84699018467196	882495.259618894	680350.808909308	2.43994757301105	0.0513041706421815	0.0275149909773174	0.0551551217259086
8698.73716303931	2941.64066298693	3.41099974887906	892089.205377367	698648.790951693	2.27549287461795	0.0741184596815101	0.0548775630660922	0.0740566506422076
7800.333813329	2837.68633641945	2.50659651683539	790311.73375141	638982.470341749	2.39798166708313	0.0469879645024138	0.0213292889811906	0.0524828120069126
7915.77954198005	2970.70553608483	2.42753797450726	906944.98920758	717808.319413035	2.49977913603773	0.067800993636128	0.0423882688462833	0.0677230242410922
8326.05793338814	2829.98883569462	2.73779245107058	884611.324371867	689759.466643279	2.69890706294586	0.0449880308396417	0.0270755467360193	0.0488711392728866
8931.3337890931	3122.17287323164	3.43488538473306	898627.711386274	775637.773606105	2.25225584161292	0.0438511576160902	0.0183357488455844	0.0485520389906751
9202.32619984917	3048.5219739746	2.54962424415809	1004156.38252597	685667.631203585	3.22296994619377	0.0412787925263009	0.0241795810143507	0.0448881481930952
8694.21967469711	3161.23941971092	1.95506206940914	1070639.1209	689262.73922613	2.19664142812394	0.0540641838600306	0.0360945470773256	0.0555469296607036
7699.0847692772	3054.0958238122	2.52738841502062	921951.460788643	719109.578178236	2.32761360225014	0.0592262384194561	0.0396892399505627	0.0595329764076957
7262.31673412185	2798.26201664896	2.28431075173542	785998.473475364	632052.332828092	2.48711681191785	0.054037204593412	0.0304253969361006	0.058594521033898
8779.9488163654	3044.39086081135	2.77395424389547	984827.318441694	724840.515074497	2.32299036933965	0.0543379756213726	0.0276717207380966	0.0588395975172717
7038.30178607239	2991.15545376713	1.77359000123741	826320.532241245	766082.174209758	2.17791122182251	0.0733078012313006	0.0472774427864091	0.0734392297659874
6888.41699542104	2891.24327162019	2.2666261801767	857003.672831222	736373.347500026	2.75970700943809	0.0503552812472609	0.030420409845429	0.0539070482085368
7422.92664520222	3002.36173266243	2.03547763904707	1026102.02643875	800105.517666869	2.95568283949684	0.0567667631906664	0.0404410314096426	0.0588668254063622
8434.39013369378	3166.27479197904	2.33029998892255	939062.742399771	724357.131070537	2.29624436035904	0.0595370669555729	0.0372392616487601	0.0612713243151586
8680.00192850294	2952.32374260121	2.58893283619509	1175874.74687609	721321.743070183	4.25531201587602	0.0508533413971395	0.0289633145863204	0.05537000060696
8473.05648823669	2903.66918199486	2.99753591157779	804181.706937085	654826.306522367	2.13290028648079	0.0664878964827482	0.0445627581121745	0.0678046355851639
7457.63405107364	2964.90336044241	2.02810909396116	882252.282668843	714896.667007194	2.53606873021428	0.0718725729347313	0.0498416320418466	0.0727818626118707
8379.47963449752	3108.84212429957	1.92413385992426	1035237.53136789	752373.44200594	2.32841117652894	0.0679535141389672	0.0437409728363672	0.0668842414589008
7260.72476353039	2758.82904617505	2.24099464115901	787810.096019535	649526.962904668	2.451325088168	0.0585952825220367	0.0556989000925028	0.0607300147268568
8831.93818056078	3239.95161544178	2.29716410157656	1047009.21284731	827663.958047337	2.64002912665045	0.0580699593228951	0.0283430648324404	0.0608348924129149
8508.27031413573	2798.83835235805	2.79757454186129	870156.453103098	671234.739194267	2.2443944782708	0.0946612458732124	0.0831102801530716	0.0937304053019088
8529.27806674948	2844.70606818606	3.20836372315596	825811.795660528	660769.472670019	2.32179178310488	0.0606645544425133	0.0401984675608142	0.0614768303893165
8754.5824583249	2833.30412585815	2.12489846644023	906032.898306096	688544.196528744	2.38211159821828	0.049546890589581	0.027263251932322	0.0560032423312651
10748.4175992942	3324.19167773784	2.71724953418702	1231614.64380381	834198.582660579	2.81978434624759	0.0576657952643935	0.0384924575602696	0.0587140244980173
6879.74921694679	2561.36422221061	2.52681712831034	769268.165880682	595178.231770296	3.03859842527983	0.0444256201387511	0.0231826279861143	0.0472067529874421
9794.62185377609	3392.26630740591	4.05567749748926	1067869.76730881	874951.22826707	2.0471581486965	0.0588223334615314	0.0328818592352397	0.0601296249355113
7506.80276523727	2924.3223126211	2.07201760380547	944228.829813245	715004.190382646	2.89973005925555	0.0643256519373482	0.040212427059214	0.0630004155796846
8533.57439206443	3026.13581486576	3.00500210590183	884617.217752824	738002.748824877	2.20274637741157	0.0665278438232258	0.0531008967887045	0.0660566488908147
8484.56902738366	3075.56576962087	3.36061898537983	868708.844198803	701300.448828163	2.52876334879585	0.0788336031454289	0.0512354910398756	0.0792863228426692
8274.53008480327	2916.31697148352	2.25420670526219	887485.608368694	710401.542797235	2.38708430783272	0.0936325095907522	0.0816289819790652	0.090386961482674
7474.39957368874	2859.28934283587	2.39951583806262	775854.062491873	644763.947282728	2.20242992595817	0.0381366543388427	0.0160025680972918	0.0433424136539232
8087.93133240474	3185.16204772675	1.99615106173745	980423.810846774	773778.407348708	2.31113252712246	0.0492961581935876	0.0282341000545406	0.0558395908606747
7921.58182235006	2973.88332866874	2.18319717130216	845072.028704522	712268.52031775	2.14906719559614	0.055300138794781	0.0366414284305967	0.0563695542990999
8387.88626972105	3157.94517746691	2.29619115140885	973857.405598473	775917.988386036	2.42732680628125	0.0567817930393846	0.0323655816096121	0.0567738955267141
8999.39982070251	2958.91390442329	2.79321733698546	910446.766341002	698555.004528937	2.04083620829304	0.0416408113402957	0.00948749709345858	0.0465589098771555
8225.46626781339	2839.35060532799	2.19226616708183	834317.309297686	639349.150377521	2.36498088792075	0.0556084759759624	0.0311917845963354	0.0624015392892531
7607.12588521207	2924.40891499149	2.0274317265386	860926.080285786	682369.09865381	2.70640023229501	0.0638852961232426	0.0418187151120046	0.0687620803994114
8215.95441261809	3010.01859800805	2.66174173201078	895418.989141253	686406.470411789	2.39134337200549	0.0730024888484222	0.0592245348738296	0.0739457696353558
8329.16737878289	3156.8354662284	2.04709054015648	996416.726771073	807214.31856383	2.15391161912211	0.0816239407905135	0.0724616780936452	0.0835933804817994
7099.67968448792	2929.36754465574	1.85281834332519	857058.184865184	710819.600607545	2.3308836783849	0.0663259197754436	0.0472927992550284	0.0680402039361167
7458.55935891421	3004.28079195432	2.05345432689874	897595.975136292	675702.986063922	2.73627995623512	0.0460371377072542	0.0277711877925196	0.050029041696465
7325.1219297687	2992.75139208723	2.38030401283637	925407.78043008	776229.503236021	3.58007409329821	0.0610986724981483	0.0475663814128883	0.0625745552158368
8321.57238661656	2814.45729363726	4.72086482739583	743353.254542354	643525.971907265	2.2831041841537	0.0611754914990649	0.0368511579814625	0.0619208998800801
7748.37104168725	3032.34158949715	2.10987344924872	901124.239583909	753014.40798811	2.08095653513932	0.0589777316003136	0.0330265081909198	0.0642887118390332
7448.28819115046	3009.07860251156	1.77920848134874	808969.601229857	705791.587674579	2.0475828178042	0.0626484782056506	0.0375584690419027	0.0647005292602363
8021.32043588895	3102.84855680482	2.28061568836264	967839.193745282	750791.247565007	2.42890248440309	0.0824700255052383	0.0794546278498754	0.084285073141347
9673.93524437901	3185.11548444553	3.99598768926008	1040156.30079618	751220.481604554	2.65613553199909	0.0497332012106928	0.0277665784509443	0.0532016335786441
8433.28631865597	2969.61927164477	2.57328648510757	965502.956418181	741344.173489482	2.21742830195261	0.0861086141083107	0.0817658785268462	0.0907487687673585
8053.57193196061	2958.33791159596	4.1049854272839	896053.996596811	720732.352535058	2.69164086343665	0.0863958880892457	0.0748916988217073	0.0860112628321926
6765.10866610162	2832.28582374197	2.2127922897419	810035.788908454	672436.412566478	2.35609192476798	0.059381233825599	0.0480369552491533	0.065192397149274
7633.8110852427	2888.84364843792	2.02827317554213	908489.429670697	680711.815190993	3.31150365952471	0.0623757100444666	0.0394529142815952	0.0631936580608276
7473.4819294416	2935.63581503736	2.53883858983026	1087620.63183032	745058.203396473	6.7633689516763	0.0298504091757985	0.0110847385202737	0.038500280002356
7678.09168126692	2961.22128443623	2.0141627279452	784158.993182911	680117.508493887	2.0584938349823	0.0516113469239426	0.0266117571369713	0.053258457129216
8779.14367884292	2972.63842696518	3.16118257364848	909238.97044884	683294.576240857	2.41664798666414	0.0638042803285126	0.0499250387518326	0.0670332423880159
7220.29831332849	3037.44932747448	1.96801963330487	907094.8535771	713125.657172921	2.46192707446466	0.0468726054275335	0.0272749999147315	0.05048119786073
8403.57673291642	3045.58312715279	3.52095415552126	944114.516009223	710634.239749135	2.6942945898787	0.0489632820509423	0.0342973223365165	0.0522140980290649
8055.34181121491	2861.08640111595	2.63519147680178	877559.412850351	654399.637763394	2.53245317133791	0.0714243796690311	0.0533895927686126	0.0745793271718944
7979.66351555139	3055.58215911827	2.46997680200202	909561.53863157	776726.328833859	2.53970052473459	0.0435275911698766	0.020042846295292	0.0489828353876798
13031.1415130396	2922.89875883771	9.71321119029859	1038808.23338475	715743.651891564	3.43505652802438	0.0488550401465567	0.026627257909304	0.0535084801466311
7869.40486980417	3051.24249976914	2.3098615033897	890457.180558377	748116.868582818	2.53785801045815	0.0482324814066354	0.0314322819270936	0.0498424014484898
8414.23650944166	3065.73246040994	2.80734788109623	953104.149996707	740081.014169687	3.07691803123012	0.0452032220647778	0.0243619406555838	0.0487932715619404
8896.20543432301	2953.85175363057	3.88794391492359	932193.5119815	708290.452418741	2.40650139749216	0.0464552634510291	0.0277684336778728	0.0470789615252285
8727.79303915598	3020.95579670686	2.64542009475899	980132.530203929	745874.364221908	2.62024467656181	0.049492725976728	0.0324541169468532	0.0507059212314297
7840.08614831226	3042.01239388708	2.139386169218	932621.65320896	709345.524513451	2.40120857394411	0.0460816406925589	0.0270590691327379	0.0482571637574937
9383.02795897814	2999.02742864001	3.11132186436742	926180.558753264	737123.653105037	2.50116682925471	0.0547901716631912	0.0328887852376912	0.0575595461861129
7440.61864323806	2891.92092330141	1.94144067668594	796908.716675555	656245.897074322	2.09083759442055	0.0749123692997099	0.0564151368950075	0.07647453267039
7060.85621009167	2834.5448982661	1.99381554685476	833559.697869163	678238.874386711	2.55410701608221	0.0568562286428434	0.0305648474725417	0.0614706738251974
7737.93406453541	3143.62534156015	2.03890326065745	867793.262842108	805833.408055058	2.1141332418581	0.101247862228679	0.0830730076952456	0.09729247857957
8463.40641521866	3092.46488500705	2.621988585567	893655.860885052	689732.594006415	2.29198543082493	0.0545962003960332	0.0275559452545693	0.0595492028259201
9861.77427071912	3184.22279693274	3.08608032395521	1121458.2582594	745142.466526993	2.71462618015622	0.0498733242288419	0.0297517380704588	0.0524118175284684
9330.79450198104	2937.04067886913	4.05246922296018	846910.425293694	670758.671483341	2.32533121775049	0.0751378750385961	0.0516426420383473	0.0755144524456932
7480.6570137563	3005.75240595531	2.18818093158367	777740.751886527	708334.80868266	2.18430024239167	0.0709382878374516	0.045696809202982	0.0736333175877515
7737.05907380864	2908.60504858039	2.31604975171243	813217.927400962	688057.15255247	2.42674710899826	0.0961972707104994	0.0772917895161375	0.0922013069639344
9784.5086275707	3065.86685640825	3.7757018965666	975970.499348867	867597.109034484	2.6054878219212	0.0546867022274706	0.0327737752468126	0.0567478640641415
9288.88420891053	2728.55994183909	4.8956048015984	801577.137453302	638249.146488072	2.26763890821761	0.0870522958677043	0.0691758694946894	0.0872614626443014
8093.36697564126	3002.0066697594	2.26511698569649	1009643.3618397	722940.520241874	2.82565073443772	0.0547416630953037	0.0349184102331474	0.0563243531743536
8011.20751684137	2932.36834073464	2.27446259719714	883411.819238874	680039.785846257	2.3700817192543	0.0540731613615179	0.0340244464854765	0.0566674954786622
8441.57761493334	3024.50192333204	2.45685347838723	947954.499621938	707965.493775071	2.81477085541324	0.076348230132264	0.0604491563443865	0.0795923081448958
6558.46857685043	2739.02414330455	1.82032053877038	708962.181671226	676541.282245419	2.13203551319007	0.0654973400060461	0.0369960536693807	0.0706035764013233
9379.07128379889	2877.52550560562	2.73910509521611	863805.722919036	660878.041352264	2.19312665710412	0.0369274682200348	0.0110951221861689	0.0421336193857584
10722.1124800014	3097.24068445882	3.47848852594868	915134.607218317	731297.113894077	2.16854484645014	0.0492766506174839	0.0282228224844486	0.0548431758420831
9074.34892267649	3178.59449630701	2.4366543185479	1025043.52283652	771402.854813958	2.28278018728634	0.0532384383500337	0.0351182790019915	0.0561411713586062
8780.17751564158	2848.77490638613	3.22793981507226	950708.968061878	687934.12761471	3.28315634543932	0.0741219010445617	0.0474052196299375	0.0732742212292339
8481.70449230596	2981.18573453089	2.14549820964809	896239.659641951	677022.495587777	2.65164870166974	0.0753492388304543	0.0548404838456551	0.0731612015688835
9709.23690040468	3145.91184735013	3.20589350261655	984215.162268768	774275.867612309	2.37636226989222	0.0697709633355931	0.0474635248299317	0.0689355955112986
8895.99884466994	2901.96486456622	3.5388221501762	872654.393736906	637650.314299876	2.70663354759435	0.0531502031363763	0.0343962371149377	0.0553313815031685
7619.48145375443	2880.13120073067	2.17652175967461	927802.100355004	696535.289962409	3.50749995406409	0.0542217841441542	0.0332600588511959	0.0554614984829793
8352.2991243264	2760.6582543538	4.95091183782736	822265.261250362	651283.264656736	2.76246943285797	0.0498625530077802	0.0238571996890869	0.0546185836887849
9013.37236562342	2984.40146754319	3.45041868865165	952289.738277375	730094.963651937	2.26241598151864	0.0770329982792169	0.0510456010123244	0.0787980541119347
8964.0660759217	3157.67282458785	2.31747858773596	1115219.10565442	788933.612403872	2.73638078684247	0.0281386841991747	0.00881132552859032	0.031781436455891
8947.16575381324	3066.09336319117	3.01275105737684	971821.82501512	748336.452707894	2.67745131005089	0.0773275410777132	0.0563947859995587	0.0753577992378327
10243.8685787183	3082.42633038128	4.4638652892926	950404.539691087	741641.287508029	2.24375646166837	0.0651819998947142	0.0354101293844988	0.0671415357866337
8747.27267646763	3038.37259756342	2.29215565249393	935517.255065573	740255.943061442	2.24130749209768	0.0676306419891676	0.0424794019232077	0.0666550577792812
8059.47848987865	2940.47057894119	2.85588731581233	899292.367735657	691545.64887427	2.69331925616959	0.0632191009277755	0.0370628042727464	0.0658568442254955
8369.50999126038	3029.90731546269	4.00477310150448	924802.794785989	694142.50451263	2.21582294668222	0.0511859825009044	0.028180041948539	0.0587945258043267
8352.93793163397	3063.75870148512	2.94268506132774	955370.157832661	774531.33248892	2.7644885842075	0.0478519432014258	0.0302503166517869	0.0490109837279306
9423.51049686713	3164.28070682046	2.30380410060449	1132792.5158576	800797.976909827	3.04737774991101	0.0636055067505225	0.0425427436700711	0.0655650742395336
8290.76897900842	3087.23412176634	2.37709757712896	924156.023332974	754524.951675204	2.52284726132404	0.0375646664426606	0.0239737024274522	0.0430888453134361
7714.24493719282	2984.50709820169	2.0172929355883	982512.243458518	728708.775567312	2.8988578449447	0.0903788259768432	0.0885629359972039	0.0892326267967511
7945.93159920788	3058.36134172362	2.04716253964086	1177211.81393894	814966.609507702	4.75408690178225	0.0553047337865809	0.029487570784456	0.0570624764960133
7678.24144215305	2905.18290459966	2.05682075348331	894295.195843351	689316.525745274	2.40302847714069	0.0546665887647279	0.0283317651183366	0.0576265949174916
8251.29580817329	2996.92593062784	2.82635841422916	837726.282720181	682212.501034132	2.27364897571333	0.0463511477212629	0.0214838398841094	0.0497979895547366
8421.69302924186	2802.60297459328	3.46529923466306	828904.377148371	641768.837119431	2.65743386966931	0.0630021298816855	0.046510609598911	0.065748934245163
7377.02356524002	2944.51011544858	2.21798577687082	856199.665477195	688340.434434187	2.49148396213067	0.0695350376678565	0.0479630623549079	0.0697089936184455
11634.2510217136	3083.16936809832	6.90157927285342	926672.037333313	744239.657145743	2.16891124439543	0.0427233182592693	0.0272208998301507	0.0474964928971362
7268.1662569292	3121.06563522415	1.91369669601373	836311.685585419	733181.393836179	2.01954111213094	0.087583663231562	0.0724709012246178	0.0855347376871513
8566.15080003155	2967.4649149692	3.77779417186252	900927.591071186	700505.741336677	2.62300111149311	0.0560903992496654	0.0432760851616879	0.0582480615461644
8713.6222234521	2959.20145647784	2.88072027092415	922523.826022156	740594.775957724	3.61847087779867	0.0497949598182714	0.0277129031642402	0.0543675682975715
7359.19006590291	2856.82680632376	3.25008869474625	782506.808534347	635675.356564623	2.71971350452834	0.0733433970353372	0.0580322525118827	0.0735879398153283
7830.67754760942	3076.28145276151	2.04431808372586	872401.25182394	717284.663307151	2.08820506304734	0.0785746670930509	0.0788378316329552	0.0779308766865262
7647.06680580755	3140.96087302464	1.95311537917975	941584.045463477	776298.427935337	2.14102035610786	0.0335779106953388	0.0144279572283645	0.0389617933328691
7512.12335019391	2926.62346244299	2.08808422987813	773458.760969746	698038.134206966	2.21050957530015	0.0735895938571254	0.043270639519506	0.0729997284560362
8709.66550876932	2893.81991403722	2.93492411409409	778179.473414458	668567.044738392	2.23775034872462	0.084465053032582	0.0640211963604388	0.0847957238133691
10292.7442135718	2848.35058306319	5.78635340774595	863104.060496693	640372.655641343	3.48638971688716	0.0537411071859144	0.0314206271959356	0.0563329038404597
10339.735360875	3261.82804056501	2.33720363213907	1251005.20652697	790519.544013768	3.14458206995457	0.0661662126973386	0.0535353019111536	0.0680928826287082
7353.49549776836	3068.03179215633	1.69247578267848	897800.570980196	736012.97870474	2.19310441817612	0.0649400908291122	0.0665640744599697	0.0640000072951678
7507.6136132165	2879.3644781953	2.1163357742697	843048.289630205	665157.529731389	2.41339742071991	0.0764607046164129	0.0572859299367432	0.0782069246339975
7621.91729374762	2900.59752554047	2.14122902299355	863872.586258734	670534.731965733	2.70804172750812	0.0554221331177869	0.0300513944459832	0.0577079642867911
8799.68556237058	2999.6308858432	3.6936936600967	901659.151904782	749196.774279196	2.36784253257327	0.0771873682602877	0.0529196699004826	0.078279091106142
9769.91915496817	3104.15990009029	3.9196787273083	1002005.29534709	688778.451246618	2.88328729876156	0.0606953582569492	0.0403906302786434	0.061764458083261
7919.26320546124	3205.27818103651	1.88575380448118	990738.220686287	770696.237114003	2.20367015512378	0.0419754029562672	0.0199689569170586	0.0449975506554698
7352.76176316085	3025.10543077457	1.91339666829762	860693.590409395	723282.908171912	2.08859465229781	0.0552195244914121	0.0360698452376252	0.0573457240495847
8996.68897889093	2896.87006394058	3.28220159751816	916219.884240918	696178.545279264	2.80593630259638	0.0560367394381133	0.0293909710484629	0.0597753533565688
9567.17202775979	2798.94159909526	2.90892606906267	964092.095014064	642632.296471848	2.54089565789185	0.0821073588695447	0.0657370443055685	0.0802653455548025
8605.73397735787	2921.84081681527	2.61088917199502	977685.973793462	711827.85900807	3.21248750823848	0.061481793169428	0.0299482247988262	0.0663668234675344
8023.47498455776	2994.28216765848	1.9335773637812	915421.009047434	709611.306748434	3.31869555150637	0.0556543857814244	0.0338910992252624	0.0579500160998021
8260.55445524643	3146.17714350454	2.01115588796047	970038.158652435	765853.068143236	2.35720198352418	0.0433325149658105	0.0301084497794799	0.0449462738280125
9145.00566984192	3077.0344684852	2.66133695775923	1165841.10329482	760477.772679135	3.22858994284483	0.0492281428181882	0.0286924807041755	0.0525462903871429
7774.43023831185	2980.66485705518	2.31428004962065	869057.593411468	736301.30784632	2.75170719355682	0.0851441496853436	0.0656127251490257	0.0853176320530448
9037.08355407192	2998.63644104975	2.93464649971642	1018588.46759741	737733.976013044	3.1587955360515	0.0623640839482325	0.0453847761136317	0.0648596726944364
7488.52715476859	2931.57347407875	1.98945157451105	780174.678465927	711433.064108576	2.0459728647825	0.0535038761410487	0.0348691396672577	0.0571053110939138
8146.45646718094	2881.99689248335	1.94243649951448	834710.089182606	624983.891974447	2.17525515693974	0.0312685264270563	0.0161591207226473	0.0346699088314365
9425.62126768861	3245.97831455809	3.03010392156907	1234290.13340124	773553.724921504	2.92438577352354	0.0591898432109925	0.0405258419498806	0.063386065772406
8178.89874464061	3003.45598218241	2.39231649705859	869317.729758361	694223.626358405	2.0463063367269	0.0579134582078362	0.0352560276212979	0.0618683479859022
9391.73199126452	2953.88342905118	3.58516902481243	1084336.26429134	689904.589280952	3.0249359342801	0.0447795922306224	0.024068629472833	0.0506737541005349
7218.18107901252	2791.83085768613	2.22554032734456	826532.518346413	685648.569528302	2.69842264097367	0.0639711616057642	0.0347919741679402	0.0666917930378205
8568.89931829563	3074.42580210548	2.74263161654765	946873.197960032	789256.544689132	2.74291575347743	0.0851807490825226	0.0754058997410453	0.0884646176293509
7688.93060883991	2826.9708533888	2.31525252286172	787587.317345201	656921.749104352	2.35760072337975	0.0687985319336879	0.0429671278828846	0.074929284475267
7743.52994166853	2978.30296374256	1.96543585072445	863654.084015097	732208.154118445	2.24153238233932	0.0401649773162728	0.0201068964201736	0.0466232093170362
8492.00268841356	3045.46385990901	2.13952306449304	924383.865447728	748103.159902721	2.3379007088433	0.0547610395977268	0.0330734076082835	0.0580075847016295
6925.59140528808	2825.46119513923	2.1120080649185	767552.510956197	660389.238594373	2.4366297040987	0.0654473635636751	0.0437929933503884	0.0657399933552946
7341.42149287572	2753.76924422892	2.50172094267746	763680.999254092	626911.75455174	2.13736301782273	0.063100249442788	0.0370387635277072	0.0637165911537556
7990.60808283488	3123.79661056848	2.17150343741302	960160.271545528	774414.388634922	2.22610913633098	0.0496102905061358	0.0299371016424699	0.051837821967898
9847.38314098537	2894.60536960121	4.90068656609134	1166782.32272865	704328.54254353	7.09648787906657	0.0451586753913226	0.0215435015699067	0.0502947560161957
6735.66576032252	2830.76612906299	2.02355180439742	731006.430130572	640519.388670199	2.19438940857866	0.0561121077629026	0.0312034606944846	0.0574741420399114
7471.13961089343	2869.92187745643	2.96951519582984	918527.065831435	670051.351046124	4.80279548663568	0.0615249665085782	0.0338585020477053	0.0641077601196168
8043.04894217765	3073.16282665466	2.14915107523096	884567.464807744	735627.932016382	2.24287372704313	0.044884940057704	0.0225694146204787	0.0473488750854667
10570.3332879292	3165.93699035454	3.34250390961325	1125613.15021222	819611.58984623	3.02429968593882	0.0500049619834685	0.0245462499894697	0.0511909254079227
10241.319378828	2954.0961759882	4.24968935268888	947796.460193188	684307.17064655	3.03821120966603	0.083869806016262	0.0610653047764501	0.0841545595763388
7496.35838983171	2850.16707287132	2.3526787052931	977844.646863791	687087.478091524	2.89829087968288	0.0611254944258271	0.0420563980863088	0.0610097297508268
7746.32575812272	2914.50056689753	2.13085689037954	920066.893568044	739370.625733582	2.81156596139681	0.0811245512543734	0.0550265532660707	0.0783307098230067
7645.43226965281	3070.32338048474	1.79944843024734	1107604.55372092	783972.197611069	4.19479854449987	0.0646339823398802	0.0381573007433011	0.0678571414095008
7581.94454799551	3056.38029596278	2.02806331288118	935150.89618704	796793.327037047	2.64155949608784	0.0563736749049492	0.0375668473998675	0.0616387026812035
7952.90523967869	2899.94740204318	2.73316369188057	868261.426610339	689938.828946421	2.4709828434701	0.0811213229942236	0.0620214164426365	0.0807277771186628
8593.67490480494	3027.17341096756	2.61514974976542	946757.324983684	720261.738287309	2.49767861824345	0.0741548279666583	0.0617314592170421	0.0758540844660273
8529.57524291826	2924.08549152622	2.33687134144511	1063050.35749596	690664.35727444	3.25957300166776	0.0817656394456071	0.0619638714789683	0.0851085577141501
7810.28193274594	2940.06101379873	3.30305908832969	911953.310930441	726927.919632997	2.85320516484343	0.0841115129657424	0.0621818228738231	0.0836569600789855
7014.80686703195	2683.73704200376	2.18192112438563	725594.837741741	608102.675310226	2.23611984744015	0.0766550131618015	0.0701188563505609	0.0804868830296427
8170.48913065507	2932.57704421543	2.2805150770558	933020.642359788	693722.40634069	2.68912273219475	0.0656931117096731	0.0501670662507205	0.0683301121765995
8257.85147161314	3018.01360995457	2.40528222858265	935278.5738877	745657.082137645	2.27364239936366	0.0349608517218147	0.0186191881779785	0.0436101486554658
8259.21679413592	2987.79417133184	2.34428734071099	873501.85818439	706975.643893526	2.43705533321648	0.0863779726191548	0.080950422093681	0.090624035850797
8269.6350129655	2940.54535291785	3.35866586383439	811807.62591891	726621.797980885	2.13558341803264	0.0484602551363126	0.0291014638889581	0.0534346844350559
7210.96918577274	2867.74695243602	2.07783338074323	844504.856048007	684726.223735117	2.38108130971788	0.0541813325224334	0.0277729544938877	0.0604082862809385
9351.01842729934	3225.61873409782	2.41534018130174	1114867.59259841	801061.063680238	2.61575365409361	0.0453725097695502	0.0258673535685879	0.0484960961908463
8414.71353311177	3077.99869806179	2.3676435289506	1034497.45563952	773148.510425642	2.98611246084174	0.0623680662114048	0.0358464248977856	0.0636594189917836
9168.04753535034	3069.2828506708	3.49497692196001	864261.289441019	689721.310327753	2.11547415360038	0.0796978760007194	0.0526715292186236	0.0787357417041191
6995.27175752793	2985.28559532135	1.98203065346241	816123.305796916	727075.344604678	2.4721609086346	0.0460152663691064	0.0267302852498079	0.0489931260285896
9509.93333135025	2994.83348349578	4.11397771498532	918553.557293315	710852.307032652	2.54923609545457	0.0695299546923109	0.0455869998944776	0.0752099102333711
9770.0596416576	2774.91192137463	8.2075239369702	794359.072494045	747560.482671082	2.51993094180287	0.0919841620610484	0.0802769439140922	0.0933050725526494
7545.74145024281	2861.53861498997	2.12279113547569	805075.929869232	697161.875103042	2.13409665564969	0.0532836865761786	0.0332390725835822	0.0589311786700024
8512.42702879942	2988.67217804106	5.09345893653047	914940.935918531	712981.472734194	3.24715811823127	0.0618893153248738	0.0389767636505025	0.0641638464350272
8584.83820584888	3167.41248398068	2.19146225429899	980084.391921943	768405.383013808	2.19153192612963	0.0780692782600312	0.0528524224125365	0.0768107273233307
7573.05500749136	2928.5574312962	2.07900384204605	865613.424530419	729597.82531747	2.27053136406514	0.0644073646713988	0.0346551241750999	0.0677087966207
7132.65649663677	2957.96919454249	1.98236408674172	782925.669496896	684080.214535799	2.16304917160855	0.0567828994406975	0.0344697465024886	0.0626134888145897
10162.4182267371	2988.08523633723	4.34827258086743	983270.754193637	709030.47690177	2.55433441389503	0.0388828144274468	0.0251680209771601	0.0432451962004653
10680.8055495153	2965.77294412271	4.52683181296445	994134.088563038	713060.832333036	2.4569198775991	0.0843600416429274	0.0617604500514302	0.0814045929735402
7843.84673513186	2968.77236911454	2.17409097017127	963297.228127689	711838.442556137	2.52387805095609	0.0442143639556924	0.0264522989684581	0.0482191186553004
8533.610746802	2947.4995204149	2.07226079871738	964619.512156163	736836.063694237	2.6461455650345	0.0677418382232185	0.044012659026621	0.0684763495760271
7258.66945626234	2915.91863018824	2.26058631629333	843265.586275011	680151.588546443	2.34526527644466	0.067312865674289	0.0462448587263255	0.0713528447670189
8582.19880193773	3089.95423683554	2.07864821206627	1056068.0070055	759031.29804414	2.34865068303415	0.0567207471034282	0.0388307886084554	0.0578470803681882
8134.48272108963	2896.53315232042	2.14355742877176	833224.443486999	670039.773541578	2.08145958816788	0.0705194735185331	0.0502500381245023	0.072796876033079
8124.6483853422	2965.71018393022	2.84019911079012	887401.42436714	689371.820991877	2.01158272052489	0.103500507882744	0.0835790914778529	0.0997353844181069
9106.92686848994	2884.73611912102	3.6092746421912	822389.247757301	650181.241695138	2.12434626796306	0.0517310255824178	0.0270269217569351	0.0524669100992361
7787.50279925691	3115.57041135666	2.309936905537	860587.725252149	745097.739614657	2.20457955694796	0.0510232736744124	0.0333243998855222	0.0546788272257404
7715.54371836612	2847.93140710601	3.40496256021876	804129.555973717	645381.673057701	2.35951968745034	0.0397035176724043	0.020446437478803	0.0442243384951867
7723.45415198606	2998.38135028964	2.38244219181071	986039.369346711	776498.641046411	3.24864885047302	0.0506648502807661	0.0280585586900109	0.053895937381942
7912.41313438629	2971.28230601681	2.32688694924089	888506.767729466	703447.38992013	2.29867149864922	0.0635617756967878	0.0354922695340304	0.0655581956065255
8787.60718729534	3052.64146297271	2.89442856971416	903071.195735525	749852.300514864	2.3896122761018	0.0539789813089237	0.0289069184775891	0.0574003153449093
11532.7178527463	3058.8752427087	8.04757844212528	939424.575794123	704757.145141949	2.12985305047728	0.0685976614543135	0.0447690851167098	0.0718651240701197
8631.15204575785	2946.61375850721	2.60250031544325	1055006.47858242	725701.288775197	3.1416740889112	0.0606468175973088	0.0301817944012765	0.0637437730773538
7690.56321474731	2878.76236792398	2.82802389920045	842948.462834279	685614.541395693	2.29179402184538	0.0890181665925732	0.0799782925739047	0.0893035235596707
8353.84447266621	2904.59483946919	2.40870934162914	847733.326283616	687149.601107773	2.11486316548682	0.0219560333723776	-0.00214750236340938	0.0270097841652787
6722.09048682886	2831.79868912539	1.90719265223574	828978.556518967	666661.483334638	2.60702068858651	0.0528386210397468	0.0299355933224169	0.0586244010184123
7557.67918888867	2924.2668969748	2.03223723858883	876164.161554812	698478.934038	2.26672795114604	0.0581895854599746	0.0455093854422421	0.0593435835790386
9067.92450662621	2962.22776115874	2.52535128148274	975491.789390538	663667.806165526	2.73923263415547	0.0510518660503809	0.0348579434517041	0.056077510864748
7433.45840834641	2856.97204470987	3.80631701781841	780047.311362431	673269.467057224	2.25910358359537	0.064456161468729	0.0409902816511047	0.0659351237744991
7900.67647173777	3043.90543207317	1.96318288330705	901140.998794534	724700.94033255	2.28203310992658	0.0630382142710333	0.065325567094177	0.0683118935889148
8296.62992054921	2796.04812217728	3.03973138528592	832439.053598458	632445.879508044	2.52867485479198	0.0656019118991672	0.0532603232958459	0.0676784612768034
8550.22763943119	2913.50059427645	4.96935109170675	904956.734712125	659063.624501026	2.7124490299521	0.0736942444172667	0.0552378174943608	0.076053049262144
7928.34359940126	3225.48416594569	2.00018497060573	976925.323230493	779198.950138452	2.14612502344447	0.0597039566098372	0.0342749634734475	0.0640187771826142
9181.48333626133	3135.64557815517	2.44503154898024	989296.452484114	788489.303748188	2.05227365384955	0.0513249889476959	0.0373999914275828	0.0563455860841388
7085.02067293294	2793.03340384006	3.94941714458653	705165.96275487	637271.710206575	1.99032950660059	0.0815778004444186	0.064074439643795	0.0821545389200088
8944.25060725026	2871.73188185929	3.80657852412843	884936.695536696	704086.884674631	2.26575854781436	0.0746217960408531	0.0546903848125701	0.0787087451672625
9233.60600839622	3109.69253399464	3.78694858565162	925313.901165097	726338.136576305	2.66932131594444	0.0538473609531413	0.0327402919521024	0.0573057665738875
9241.19095761667	3203.190298506	2.71875514953496	1092391.76005878	760091.618268797	3.11661162092017	0.0818185952688018	0.0644931755951717	0.0826001835344988
8337.38573967962	2865.20264433653	3.87231431767848	825924.85774843	652595.356526758	2.60036418696565	0.0827511298091276	0.0649154235697229	0.0811137988020204
10108.8717322881	3090.05662716285	3.10116090679735	1037701.37135985	773828.174277032	2.48142210117183	0.0663555391842895	0.0453329345545989	0.0710069937966761
9419.89996907719	3019.86173986888	2.93444784370618	999689.340585573	720876.048755298	3.12082346947203	0.081813185405253	0.068956502764875	0.0805218919212663
9006.53434478052	2862.52655018933	2.69963076502826	990858.338209395	706180.311382752	2.83325813963391	0.0720812804382706	0.0418845936481611	0.0738339305467995
7573.64775132223	3032.8062915919	1.94520017748397	869894.850720218	728728.459113161	2.3612163763853	0.0426534881574777	0.0293796531433992	0.0454169132688262
7403.67747015183	2635.71121763766	4.32747623059467	727240.285813338	583370.603175126	2.46661605948343	0.0952742231499779	0.0749956186142526	0.0950768219221423
6566.32559270528	2946.20521487023	2.0036075923893	713708.531911414	725162.749022109	2.1264204951454	0.0938098140357593	0.0765600657844279	0.0930428690944441
9332.27059004217	3312.34101728494	2.44637223892665	1150301.27186546	910836.523724108	2.87447605832771	0.0372923458841042	0.0209988492924429	0.0412945947332196
7571.19297166394	2950.28660751471	2.02040335496543	946679.106533976	754333.884424656	2.92828344985287	0.0531310128929553	0.0317255217842629	0.0568550444450712
8448.92573873102	3099.50502053081	2.23682685680609	930763.409988183	716523.072906494	2.18203477406292	0.0441814360949552	0.0179131275655987	0.0485414093701402
8897.03716230554	2982.0781724168	2.19863393671119	990002.223798489	736887.789925134	2.41259308283136	0.0654007204614463	0.0469029998069533	0.0677355277162116
9147.41442720311	3047.40348311951	2.44581623033983	1027473.7880663	781302.197555578	2.6137484815301	0.0572014003720925	0.0365384344754187	0.059043122117426
7464.18911271964	2827.60756608776	2.26425265692011	921460.383067548	702650.61301791	3.22847100499711	0.0524084076994872	0.0325869994187372	0.0544037448445546
9000.29076768667	3076.48503129685	3.05120008952502	1022811.99538591	766343.565483773	2.88714756712424	0.0667974575095455	0.0383009683329781	0.0699808696711793
8117.95962875836	2929.10381878044	2.18426693680088	848164.542508633	673285.784861444	2.08524451099949	0.0764805641427993	0.0580713288063458	0.0746693013152135
8879.22483879291	2941.9066542068	2.85954776391953	922478.574623615	718007.636807948	2.46252815662619	0.0391603192786447	0.00896006906895204	0.0442321384651141
9479.0320803278	2773.35609908444	6.81353112824582	844832.714530545	627755.219318766	2.65366898041363	0.0366063700180809	0.0120432102142495	0.0428477931959678
9886.30873378191	3038.96127302367	5.01903056222768	1039543.10897926	723925.643855262	4.56134061769907	0.073315739833662	0.0472416755698663	0.0760196975154176
7135.17118964892	2770.24323319759	2.21721649116578	746714.683610085	701241.282751525	2.22963972378519	0.0476280069881005	0.0200040477881335	0.0524981387534814
10368.7550652376	2806.35676782754	10.5022849584033	758401.646728819	649670.35453927	2.42757769081095	0.0691924766420595	0.0425412578058736	0.0714216976464601
6830.79622117249	2820.73996897139	1.89429401446761	895378.155230178	696642.314628686	3.27729720766552	0.0509929210281523	0.0279826468988597	0.0549220992313681
11220.4582221771	3004.90883217172	6.64744311113509	972788.694513682	729174.221627243	2.76767517698196	0.0227308276499402	0.0051371414529999	0.0283864682001298
7992.57997750266	2996.7369435039	2.1599541760759	941943.402535807	704085.423898773	2.48865941672377	0.0428164315226192	0.0293013901635097	0.0472008397783958
7434.57647053834	2953.39056409878	2.2095369896622	894727.744751263	724658.461895702	2.27089388192024	0.0723297185402583	0.0476672969029006	0.0739916266895225
7606.63455939348	2789.73166381131	2.45454278382181	812758.584414172	684360.514097903	2.56147949895808	0.0712423829660673	0.0427297836975255	0.0723512467633915
7783.65019835865	2928.27301846853	2.53645275946158	869743.6232149	683387.734252246	2.36588690830965	0.0889359356501494	0.0811295331182885	0.0893056129202202
8234.25311046103	3054.08368341666	2.26559384369043	1046348.74599889	745605.328804544	3.17193825141352	0.0382192291846787	0.0155478373506469	0.043132787370236
8050.99145808915	3004.16534250229	2.36712539648891	923208.715959295	723276.933043982	2.47437148250781	0.0721704965394058	0.0522146456440978	0.0731651907895957
10694.8732435677	2952.59405060708	5.75018438220176	913005.756649597	670517.362772873	2.54928027768724	0.0553448772587784	0.0363439243299638	0.0587069885183162
8420.15773138824	3129.43265079587	4.34708512509643	957772.319481339	841625.835592835	2.62449756280656	0.0639187882398477	0.0399355030015092	0.0661851808012487
7802.4603097223	2848.63450148177	2.20341993761369	955866.567139379	657381.198386377	4.17078824861512	0.0573654784927691	0.0356868843443666	0.0595608574887658
9979.14484788076	2975.09081184664	4.21959747346463	905079.333149889	694660.270481734	2.42415171788921	0.0467493009062667	0.0215258564646385	0.0502119083844012
8082.67364454145	3004.81732706519	2.30815154128142	945759.052634037	725997.47617684	2.6260610425355	0.0677145695801064	0.0518286996867296	0.0685499557528229
8296.97349718999	3066.22450080563	2.18244698436301	940524.512929395	726574.429338197	2.66042379488736	0.060838843686593	0.0463121700909847	0.0624772614186508
8422.98305663402	2807.74490640809	2.82863287957181	822575.922992586	662963.536165908	2.12598462556041	0.0430290652185466	0.0273982232574719	0.0484269744609874
7600.2992403869	2805.86386241695	2.96390284487608	761955.677196763	652033.280220011	2.23327679137785	0.0546516514757223	0.0331656246986738	0.0600426489835357
8706.50058743542	2847.79002034609	2.4995146427989	906259.827600141	697002.703977518	3.4743367923697	0.0415054151514859	0.0247153140124885	0.0467171290174795
9359.54585484563	3065.64250218287	2.32831747742982	946016.931590282	733089.500474792	2.07716848693643	0.0480030548313048	0.0305991410020744	0.0520264672620843
9669.84327200414	3172.89439966203	2.45224342326159	1060110.64822468	771324.437320866	2.2889497837052	0.0532095212720347	0.0317396468262027	0.0521568034731982
9089.58633919411	3044.21595108259	2.98359728843998	847033.777569787	694330.18714764	1.89340724661709	0.0652384949304179	0.0441520268659091	0.0668265850643195
7819.65311288061	2959.18104548995	2.19088094913061	930324.415885966	707302.779336504	2.95539561664497	0.0651994701717109	0.043354009453775	0.0681189489920555
7539.71445522589	2965.85353062589	2.73315861156561	864954.797928959	706990.153074458	2.95404476830177	0.0624716541853367	0.0331104076502089	0.0658417316047441
7585.79688443849	2914.51149060372	2.21109439506193	883630.830538303	668312.933544606	2.96372146506082	0.0424278089719237	0.0244606228561827	0.0440736487077178
8216.47194656468	3124.35546215214	2.12422620256973	960850.385107092	741202.419227841	2.25483794486662	0.0670253642370553	0.0488979474922351	0.0696000727990091
8177.63363218036	2864.2933952984	2.57880588862658	841597.106443569	638683.988070346	2.45465496696043	0.05541916619454	0.0362512304949972	0.0573879162134983
9821.11713243719	3232.55708386323	2.54563273243662	991006.966689635	791757.846279757	2.0833354120629	0.0493065257973234	0.0338658777176344	0.0550702203246437
9702.25471855097	2933.38002485088	4.18380965092078	914476.751779922	698865.708454219	2.37255418368574	0.0703258510733174	0.0487871518862669	0.0724942083686115
9118.62016837651	2951.02556598979	2.60841975403466	909926.868134657	700471.417643892	2.49603931985054	0.0695402782990624	0.0625628543384931	0.0724439687051769
9049.72790814688	2997.88158967701	2.4070203596288	948443.602944198	701190.743788273	2.37137524012787	0.0482560471812829	0.0261154650941258	0.0545744253174607
7942.50782797784	2986.74295636216	2.01579030195385	937490.220261874	728475.779343322	2.84677203182337	0.0380469294901359	0.0123774738473651	0.0459365163985736
8614.43019089764	3072.08954973424	2.77701927138958	855621.578540102	736850.820589429	2.07135375518957	0.0346438237631778	0.019689200008094	0.0416863847281018
7727.04482377406	2896.22722293229	2.29419444385928	888487.064953557	712845.168012969	2.90601254417945	0.0499062238422405	0.0314171173906318	0.0527669551976705
8748.79607295946	2808.82158905629	5.32553799787479	772666.650434233	613489.746290832	2.21322587674345	0.0442570747554136	0.0238539867515057	0.0481583643330411
7517.70830685685	2899.49436069174	2.55754526470764	817302.25702034	689572.232949491	2.00304994761423	0.0608591978001074	0.0427436474545204	0.0609587580897475
10671.2712786332	3181.60374230682	3.09749555033409	1216104.21342595	780939.183022292	3.13193603542603	0.0355238770908688	0.0184878321560517	0.0398807504661973
10336.4550780067	2957.73786376194	7.39671398831054	764536.101705543	676711.458024206	2.12866395529391	0.0738373526248077	0.0513931890311474	0.0718548827782097
9478.18340286931	2963.4871152461	3.63756734098383	917132.887477268	650247.622696229	3.04905025525457	0.0662748231903974	0.0484200129520494	0.0662996187810987
7240.58370211582	2928.5192610558	1.85315264494423	867024.567684604	697076.489796279	2.18569245216819	0.0619336977123899	0.0471533531659859	0.061768834624726
9777.22092799598	2882.12546930721	4.67788330082808	939538.96761339	685494.189860709	2.25538393239486	0.0703983298745552	0.0523885616328781	0.0695268446753514
6927.60864868254	2885.23373944097	2.18088957605594	831226.171833604	707002.279647477	3.19362416719157	0.0707811909732654	0.0500250842766933	0.074903424360225
6996.81366480751	2803.21236579731	2.3721992701028	820825.563462902	669381.401407087	2.69813007976974	0.033104371065282	0.0229932514704801	0.0371807746510022
15135.6117145386	2770.50164278785	15.1282998104962	723587.628510623	613899.837071546	2.04623325100074	0.0475787839808441	0.0289387167020794	0.0522868634989493
9203.741725942	3071.77720769109	5.19067232717488	933728.921165447	754352.179716309	2.57485583044628	0.0565684820970684	0.0393271792485321	0.0613493125247984
9026.1639451168	3054.98713433423	2.37013648673889	974140.337141886	700699.285973661	3.05091724406577	0.0809987799789967	0.0637984849995858	0.0828755328759105
8297.87050905557	2976.31822488273	2.23352938758795	883582.678625384	664828.686247905	2.18533105693021	0.0896135891430171	0.0716497788547896	0.0880033430214471
8595.54711485872	3130.15852856967	3.25327082244014	954638.063023269	791832.704821974	2.35072395515217	0.0922591862187922	0.0769076018689332	0.0907558813069319
8391.41270338722	3070.97894526091	3.38809187190863	897073.689895599	702761.45292237	2.49007984784718	0.0759878032732457	0.0619803857369549	0.0750258465679731
8271.04698588049	2999.88001145136	2.79267540196909	902906.733542189	669623.765726655	2.73172835599499	0.0422844286949504	0.0220380232133049	0.0457909946020275
8228.36668142715	3048.07331822297	2.10713436771526	929201.581089034	711979.681748166	1.99076843201928	0.0493274746284042	0.0309418868881873	0.0533552166548013
7943.98147921154	3042.37290829841	2.44803261098502	867744.498045139	740066.215530207	2.33266431594443	0.0576664849652459	0.032177897320303	0.0614772114098606
7539.55192234564	2971.84876330469	1.95661184934904	872512.470788866	728465.968737145	2.32450654019312	0.0578754264097482	0.0400991210466033	0.0596223080358764
11331.9717765211	2992.32650092791	8.51859450010356	977042.741237479	715937.23817766	2.77429209475357	0.0650519656857481	0.0403737584254922	0.0682666007266448
7671.25675230181	2990.20508910269	2.05723307174345	830065.260656362	700208.385277556	2.20899402653594	0.065749062834332	0.0385019415689215	0.0676272710876995
8623.30273732124	2947.68073900127	2.80109961422515	870945.757672129	708845.324532206	2.22849108569397	0.0629128490637304	0.0434363409438488	0.0654176202846162
8377.96167278356	2880.59216111218	2.94215907661544	896003.511359572	661629.126645203	2.70608936264018	0.0719935995715588	0.0551365467812991	0.073368947124664
8823.33975591929	3033.95966012745	2.71291145971084	1001647.65596154	771996.724751382	2.60320958783844	0.0786009489513102	0.0539850038394466	0.0793097976900867
7701.62020001639	3006.76921513096	3.2201450232788	844558.860629372	746651.083410398	2.32500078243117	0.0755302804090968	0.055848314484229	0.076828765202667
8597.29056555272	2993.50588461616	2.167891961366	916137.931746438	669815.780993633	2.09733272637041	0.0584406873987656	0.0365382884281974	0.0628931997445948
8266.29440250897	3068.34177456404	2.06592358155379	942135.284164671	759222.733768404	2.69570646036788	0.0515328836296955	0.0358351335137279	0.0558610093333315
7632.30268776693	2979.17646393022	2.28129369134738	868879.973767127	708381.545640933	2.10616643305331	0.042275127750784	0.0201807685518356	0.0470952077254051
8621.54392981833	3075.20219871143	2.83681210359642	959387.710824901	762702.699177381	2.29172801321183	0.0488572664935574	0.0272921225346365	0.0535866140482641
7553.60480442133	2859.47870934745	2.26536452968198	818662.623740658	640135.569234009	2.50380104272538	0.0593732095713109	0.0527345478326361	0.0622938094886804
7656.97675899359	2897.01231295448	2.89609848513532	846753.762163959	680410.809490593	2.95044433179999	0.0898134294013244	0.0786530038098211	0.090858513174682
9380.27930296535	2958.03185753109	2.74295969329073	1209256.79138852	715257.699428082	4.29778309400008	0.0477813770603435	0.0230483166676374	0.0512446950558543
10107.2156166793	2933.72201863311	3.09223789367506	1189363.2659437	744304.224190112	2.85922602694278	0.059814464955018	0.0367565812329992	0.0619535197828136
7442.49289424088	3119.36704579773	2.05319789726982	881639.26334946	794992.432888052	2.091368407557	0.0738387869648141	0.0479794393662774	0.0785965863346411
8744.84870671906	2996.16772199994	2.92237214502516	929408.581166746	698489.066792228	2.46854619666101	0.070889885144557	0.0435176997095722	0.0709795883384874
8577.53624957822	3004.89882884149	2.45752620672592	928935.993237739	687925.144387484	2.3235786809032	0.0460353624347074	0.0306417273331024	0.0492506757884209
9320.43614451125	2930.16258548244	2.48377898350957	893034.472474749	691930.26045227	2.11727789802033	0.0634568457650188	0.0428192240863575	0.065431984764098
8515.7316882579	3097.43749083348	3.00172715049331	951411.731126491	810003.18797214	2.11100644536066	0.0448191583697035	0.0233372995963054	0.0487084524261925
8287.46050816871	3148.97272889871	2.10716811945458	1044961.83737816	794014.661926893	2.71425855441385	0.0476360564881563	0.0312095727232089	0.0505384382066664
7156.98382609732	2882.86130660025	1.94867525109975	849617.259955487	680130.241851202	2.69167088932972	0.0578242431845258	0.0358188427186477	0.0575204783003897
9006.25766090006	3041.69626671029	5.2301336774328	958809.11403254	723294.206939282	2.59450641253614	0.0794264861596843	0.0669915947873443	0.0790110545369874
8481.81670691503	3115.80689172515	3.26385421527445	967595.999108007	744169.732067264	2.31683109644247	0.0496742175012939	0.0304226188401242	0.0544171194864612
7634.90714594437	2930.24860035174	2.47487940062177	889991.171482357	723786.796732007	2.53544425193273	0.0960445944060212	0.0656635671868686	0.0951122276853938
8496.47673701938	2946.48457427409	2.53619051897697	949724.370302977	696890.97274485	2.63947261494473	0.0821141050618431	0.0681114433995876	0.0870466266504185
8946.97491724079	2990.61451397302	2.83782282357112	909793.773092295	689294.479112667	2.26860693475357	0.055711467206166	0.0324704179612327	0.0608853323015996
8376.96338703548	2906.95632697146	3.0393450151463	871193.742454866	720346.031184663	2.2763382080156	0.0477572645105763	0.0309313046477926	0.0511246705831572
7030.82550761187	2945.58321784846	1.94341080674474	903849.785500836	704722.556956214	3.38998919361727	0.0470514930916549	0.0369018342069793	0.0519822489680542
7073.3866214676	2771.86033353398	3.16116626791737	797863.817636829	666847.695569945	2.49864791555787	0.0667578061703772	0.0448196809517188	0.0681448638436785
8554.22692375753	2891.97049951012	2.4711426593236	844477.33508251	664119.114723372	2.34737525165544	0.0671380048649806	0.0379938257914124	0.0717956996519595
7161.63981282638	2861.41392241898	2.15449048039635	795565.711190891	653130.848833031	2.16273133088307	0.0566765663931346	0.0389285696702651	0.0594371691598964
7704.32180612149	3088.6059749555	2.22980484066657	946680.500040621	777164.299290057	2.27535036428463	0.0631082296552657	0.044695816730373	0.0649064549564086
8191.72692854812	2863.26172134555	1.99119849132855	850280.655797177	670675.253582423	2.19685187322155	0.0561767945790497	0.0387529932444533	0.0578000144726226
8293.87044287695	2686.92211839441	4.46911900927227	705373.033197224	606538.51048655	2.10938146998914	0.0440219014801506	0.0189967679988833	0.05006515911339
7541.65688652926	2853.20649114848	2.49811266932303	749250.341546859	695254.602190189	2.12577726288511	0.0559586607025949	0.0403092284548362	0.0588604409019564
7438.61488181402	2954.32979539023	2.33952477314338	1031488.1176255	730354.674148039	3.85802266147198	0.0508159699231544	0.0245980779743364	0.054971379971372
7948.23367374491	3087.58974959589	2.1103403139374	852918.282587625	775339.616884073	2.10834495675707	0.0484309148360842	0.0331981826321873	0.0494798856640344
6422.18695415707	2733.82400575615	1.72022214076938	801237.685081932	688490.230861663	2.87535000508044	0.0442739113546977	0.0233995142793911	0.0468434666714949
9354.59763345169	3017.20531300975	2.47546129293962	1007296.26052522	739209.711077624	2.53317938649837	0.0475999451474897	0.0292237300706174	0.0503515724625182
7610.10593210993	3012.36050775089	2.30467863363771	876032.579617801	724715.130976566	2.33397178334377	0.0818879164530858	0.0724590243046354	0.0819068977127391
7852.88378725054	3026.20736132518	2.24282550228931	1005834.43482975	760344.605728888	2.62669420515114	0.0627413727366542	0.0410455108700036	0.0622330189170264
7498.17959978897	2682.55539750377	2.22440815701023	740532.283737781	623779.458842129	2.00715450454615	0.0546186548578088	0.0342669765245676	0.0576931449897842
7011.16024150618	2924.81403457718	2.0679205443053	815306.475308333	738601.522240163	2.30462517938242	0.0524605230421697	0.0364618950482542	0.0579084252284552
8094.69372242107	2679.27229205064	3.4236339606656	802752.269703674	651383.495874873	2.43611732960867	0.0884437222977797	0.0785345307011852	0.0892558857590763
8831.62814510686	2929.70754838234	3.5784673022455	897518.701860368	698129.490469539	2.39138491157954	0.0269660438713258	0.00881257601159503	0.0368131131026587
9487.32673786557	2839.26343269777	4.4674134159605	799951.965699884	682589.17240676	2.17813795846279	0.077839511441942	0.0545162735232738	0.0750876080783967
7434.69278624508	3072.57400202023	2.40164215860189	858596.650595199	739871.995854019	2.3482952284653	0.0654593506234681	0.0429752912701843	0.0673216166621951
9529.070137604	2897.31125939025	2.82843640673705	909821.868961792	679631.257371218	2.30909541062457	0.0801392085521253	0.0678585633909027	0.0808535663954498
7308.98777221007	2862.9659651213	1.9225015141634	851622.523107401	690715.432624226	2.42449060819162	0.0563990074334973	0.0309444549027275	0.0573087105663425
7874.2388654457	2927.00333010282	2.30836273327031	898135.375833182	737304.043875927	2.37338962855532	0.0510110240115843	0.0274119207853459	0.0550370419487849
8441.38785072767	2880.9618461513	2.73780250634197	819338.54201759	625144.85719012	2.2312064520155	0.0552472537051346	0.0281883700322708	0.0579408312380251
7843.16239017676	2875.31934809169	4.95757369406952	775394.385155861	714465.415649426	2.2722547443172	0.0726333622424467	0.0374431130273564	0.0735753506331211
8696.28680407597	3080.24282687843	2.36873755341019	916308.219934695	701147.564007902	2.21557574839659	0.0577472791689558	0.0405862613301593	0.0601006682689677
10166.6623076846	2966.91302013385	4.75975468193648	2019060.94765704	716472.485237655	16.335765952458	0.0467496430062096	0.0256721796456035	0.0517415738624828
7876.90764691383	3003.06315180443	2.00346498645942	926564.964057194	690324.40107265	2.2961960594888	0.069346858270116	0.0483939315808482	0.0699199174433138
8774.07131581364	2984.02281478104	3.1849410334534	874276.508180086	734954.48171299	2.3707408998223	0.0646121115932036	0.0395429703452635	0.0697540046602149
7705.5365022594	3102.62931954369	2.16735224791783	968235.119701973	726413.463434418	2.5355372825381	0.0358050885720742	0.0119617043549906	0.0385374594057507
8455.66458361542	3080.60977749951	2.25616346308975	953254.173060357	718508.317783316	2.28290718781265	0.0788395905542495	0.0592901057211585	0.0809313109055816
7319.76751880385	2889.08479389037	1.84886598545551	853210.564058191	674142.054541605	2.44371000977874	0.0607333075310918	0.0614242492044347	0.0616519787596099
7491.85292781663	3127.37583014238	2.02321150273104	932876.497069626	779947.470158131	2.45427592928704	0.0514198711073379	0.0264668405107903	0.0556331450570624
8163.13105338128	3156.64469243357	2.26731348104048	939519.055514878	742854.057749517	2.34282454896655	0.0749263215745018	0.0582739415257001	0.0768228744136656
9010.49510589452	3170.35454742039	2.38609580767008	1063164.20151336	775127.378710298	3.65263885751572	0.0525382642852542	0.0328506744819955	0.0554276786407426
9356.83806144254	3124.31779421993	3.14556692872082	970583.647041781	767371.394395854	2.34144982452015	0.0462087699339591	0.0234398097156389	0.050860800906398
8438.2811922678	2967.34112038555	2.64760989181419	926390.821036551	742807.330365941	2.75406047535351	0.0552498106771037	0.0337472887557596	0.0623355640692061
7829.59466278254	3045.9585444525	2.44505837827607	853942.49395836	730427.328184964	2.1969210796998	0.0661767823977101	0.0446443954362596	0.0649756870863479
8376.70263426257	3002.2084520051	3.65130398801067	885919.997971143	720997.987374017	2.63201559402774	0.0542410905136759	0.0335169521943917	0.0578623725354526
8334.14906958429	2956.78746165577	2.42793318940067	862382.357939428	708484.977804939	3.10264877268772	0.0730112561114378	0.0474409163543664	0.073767598720532
7280.42545147121	2812.36193175533	1.93132853668947	870626.608069443	678573.259224021	2.52468812980999	0.0383716388118225	0.0191272578146116	0.0449266601981845
10884.2431877295	3053.28971553358	7.98034058459164	937806.793491603	724233.039246565	3.56978388402179	0.0748777465819134	0.0567668331110684	0.0769556353597795
8378.78194694057	2963.33514860524	2.28489488681722	863145.717211978	685405.698191946	2.29676603996928	0.0696081953963409	0.0509236687084682	0.0724886923365275
6812.233256193	3053.53570427768	2.11972400785936	867577.884532172	736673.456415589	2.71993271514367	0.0539347994779735	0.0284417713261291	0.0582046103253517
7661.31630957592	2997.31887788217	2.03445209230966	931033.669975974	704361.12875863	2.67785965105276	0.058609487657467	0.031037817930482	0.0625487312277266
7901.52172152395	2817.2146955665	2.39150145461015	816090.225679387	624938.76368264	2.25471916695468	0.074407780047031	0.0528114132540638	0.076071548021109
9697.50983492274	3177.7472330455	2.59357691237794	1027478.45742258	741936.084467079	2.49695341508881	0.034277379231042	0.018870632873566	0.0393475523805714
9054.76493340245	3052.61366923034	2.71878971074477	1056649.07215107	720033.634170882	3.22853143017628	0.0333910308663034	0.017062716168112	0.0375538415801761
8609.994024906	2901.23997064273	2.87482424577161	932176.544761335	699155.113543379	2.45653966068427	0.0729591303497956	0.0500692382005576	0.0737003422593195
10359.8196772041	3215.16791916052	3.65003027063896	1093088.17942911	768051.591159691	2.21561583431039	0.0516134163776511	0.0263490935716257	0.0551104259270926
8412.6926545496	3008.83706173708	2.13890908173108	963197.988196672	776100.703419852	2.42153713828256	0.0462144115166267	0.0273133998717187	0.0494575805592227
8937.18501763341	3047.30335510175	2.20169846360769	989353.643858925	692839.181787019	2.12518801459397	0.0501359697562019	0.0307105614911711	0.055700132528363
8836.37776736989	2755.48212788002	2.3152138401407	886342.94622374	631342.848896611	2.27777161479384	0.051833332019988	0.0310209410145892	0.0552814172331651
7827.46370627442	2951.24837895395	2.50831826318573	805017.14749134	714799.425205983	2.04349814848164	0.0534816606997556	0.030164505621515	0.056816137689188
8946.07306255115	2931.64185759444	2.07422267180885	931711.682946996	678662.976691077	2.46222387427464	0.0613434145085126	0.0431686108400036	0.0661657816504793
8312.05499134874	3209.96528706296	2.13639200597735	996219.808210131	768298.066929491	2.2901203963544	0.0437936811832329	0.0256714866127406	0.0490679976139586
7786.20686602222	3060.31290093678	2.29811250438614	866668.576753898	720582.232579062	2.45392721199404	0.0897470880187615	0.0706987456060561	0.0859156914887933
9041.05588577216	2970.98385958792	2.74034623932362	854561.955917383	688045.531892933	2.37069445019585	0.0501107331394294	0.0281161673519747	0.0528384391337027
8826.38034286474	3166.94728377323	2.7242414983961	1088105.13624584	806633.991393407	3.46480653795508	0.0675425297931783	0.0378057563856399	0.0685405578870704
8228.4920819919	3093.62414898566	2.4379708862581	813774.881757368	726688.053144929	1.87659225448389	0.0753512661408842	0.0592750496839491	0.0744030780085202
7612.94195138707	2822.8920303706	2.59632077338516	866510.824609058	703234.891966744	3.35019579796409	0.0445552767514657	0.0235744875344027	0.0490726418044453
8282.43603131866	2911.6027537431	2.41144019082805	938323.739296008	642832.490509647	2.61150521482944	0.0523840875808212	0.0232140833997788	0.0558964323484625
7051.38989071483	3022.0302941267	2.02611112253967	897056.692235124	743300.009605904	2.98663321536056	0.0725541228352905	0.0496552786250009	0.0745450891226077
8714.2091431437	3057.25702503087	2.03818520212558	867314.358012439	727202.435177468	2.07520455663127	0.0377116265653314	0.0228009091388585	0.0420560138784604
7931.0395064553	2896.67709094583	2.31123624032624	909466.066860954	668123.043720123	2.70827132885144	0.0649618106208142	0.0420289595410454	0.0671843205907668
7440.77066865734	2656.96051841995	3.24941398207621	756767.2613973	608193.711314756	2.92616293086089	0.0631269303380965	0.0430885596353989	0.0643015722545972
6789.64498770638	2791.69085736119	1.95250715975456	881441.116746077	722013.362092074	2.55570036607502	0.0399902542833601	0.0160212950695228	0.0447499946169942
7626.5541138942	2876.79396499491	2.34252561935672	875598.608538148	696140.23654901	2.38439158398834	0.0460764208926207	0.0262950352091362	0.0521919780145523
7617.15941328173	2962.62735292688	2.0296768760961	878947.412050765	702672.306180104	2.38461136123459	0.056439710897636	0.0278474364430337	0.0606978139813408
7984.48280085137	3131.26922992525	1.88507371851862	883573.507629544	738844.958921935	2.30665920882861	0.0757196755727137	0.0532797463830803	0.075062987334523
8900.64816569897	3202.22149827409	2.04567188430673	1081175.84818362	824589.854538922	2.42839068899587	0.0651627947682929	0.0512893915276667	0.0660978848720729
8549.90514527614	3074.59676985701	2.2551296555935	948321.338961188	752562.941473539	2.20030558402785	0.0317420991634045	0.0153530554602058	0.0385781577234096
9293.66920439911	3195.55976389515	2.09604122331137	975865.39443028	770137.468677532	1.9589061810022	0.0532705429329187	0.0314645444284989	0.056476910321231
9961.66158682506	2936.54166405994	3.5991425209397	949602.690499947	672710.742397455	2.51107702428389	0.0780118098086552	0.0440883846462762	0.0791670377945023
7117.55599813393	2909.28203786532	2.85268709962762	762029.795895093	693836.257594976	2.04693546132413	0.0482283283009002	0.0341296052283624	0.0521887711152013
7568.89009841681	3118.60084991966	1.97827753674169	920667.286052571	775855.888050033	2.57097763749513	0.0762982406700246	0.0654343794352514	0.078315920604069
8573.5524407786	3104.15391975891	2.79115400612554	906267.573091099	734746.188317684	2.4313434146967	0.0937089749199657	0.0777781510934974	0.0898958255570105
8665.71085881822	3103.53301716969	2.21119681913122	988898.429442286	777660.744707554	2.45689585418477	0.0531672323874123	0.0395589221792272	0.0568530311678071
7316.53620882864	2872.38743366851	2.30364031454836	865356.746116309	667522.944917075	3.23704627713994	0.0505634598067426	0.0282550538326472	0.0572256991553321
7264.86332257714	2962.23505611807	2.21032869988992	893266.108192579	797326.277926293	2.81142251514449	0.0567426633643649	0.0347236114562851	0.0612111447479555
8970.37595039008	2958.39693395664	3.20933375153848	917251.24095519	722375.795586051	2.40516204455011	0.0680151306918103	0.050836244017482	0.0681826406707339
7817.26255968522	3011.8235275491	2.05183025862272	865383.753451908	746448.004800308	2.17369753800356	0.0578617783860179	0.0352567309199819	0.0597863586617715
7010.0596217497	2794.42127988263	2.85579048332903	776342.286737687	684699.9921598	2.40239695841321	0.069745332964668	0.0483371798948481	0.0712692195478842
7651.39239833035	3060.34678174875	2.10579458477137	978629.6367188	730163.563763473	4.0197370954438	0.031907163693394	0.0149114947675005	0.0361115328377604
7025.97250867566	3056.81606482148	1.69271804637483	870011.880144045	744981.846552056	2.16813557657958	0.0474348883412566	0.0223243162585504	0.0515164558606811
7968.20670078072	2905.31901368415	2.3767708482594	997016.989802209	732162.298824353	3.09097052980446	0.039704297462559	0.0157410611886458	0.0489184349880666
8274.78399477002	3121.30520759941	2.17037250170589	1054450.06947408	824023.779617622	3.05990404722057	0.0612121580673619	0.0401647958174935	0.0618924738473166
7957.60288684786	2989.99553996794	1.96496813876921	881170.49985622	689791.603562171	2.39670710178169	0.0638532021152008	0.0396088770586745	0.0669537120479752
7980.06058141009	3219.04952308526	1.9382258337478	983482.217139225	784536.038641638	2.33579263000321	0.076586243543606	0.0607850815553061	0.0781713346585152
10092.4700419831	3026.52741232575	5.06741317310685	1157965.48909436	764696.617895795	4.35306452092987	0.0543697504169181	0.0281166495420606	0.057101453698211
7955.62176423562	2887.12925141064	2.16401095627371	830532.377722573	663072.398439238	2.41246211626723	0.0550162430449127	0.0299334936064379	0.0579132184800306
8423.62512309197	3080.23405050073	2.45879094249962	970604.992334738	715611.731025112	2.48891691544995	0.0471069892206149	0.0287083909240009	0.0501577289086729
8588.69937241515	3066.52388502207	2.5519658426984	1311212.68235892	769085.717081169	6.98076262713167	0.0264782243579507	0.00842278886471077	0.0328054796475354
7845.06598417833	3067.39443360836	2.24964346586221	922147.43614764	712181.81556281	2.17093482569016	0.0401488718132956	0.0230028166979563	0.0418590491786626
7234.54423899496	2929.87470963087	2.1021686672572	817008.884099346	678098.264782285	2.09565250387077	0.0380629455542241	0.0214464601670622	0.0415372422761947
7262.42015355435	2898.86162365165	2.37390774870101	808976.293902768	689163.364305457	2.47321923341068	0.066718245167316	0.042378584447237	0.0704497821628725
7430.88418485957	2908.04499182933	2.19547805349683	889589.573412263	717114.879968208	2.571714677145	0.0490518633364135	0.0328521483939724	0.0547120656129887
7857.80323496709	2889.20138790652	3.59470915689529	952956.470206089	712365.517612847	3.12232983978297	0.0431109188572596	0.0217898293402496	0.0477704141414887
9170.06007050692	3097.85675839109	4.21896412702578	985761.569947476	758182.239384293	2.49721502330986	0.0802196077487221	0.0581546337143795	0.0810889343404409
8936.82965691381	2996.44391142512	2.63906351615539	872882.153120103	723181.211265126	2.35986766038813	0.0558488275591214	0.0399970990013029	0.0613602645272397
10979.1092817067	3016.6325560499	6.7698463572161	961995.357910122	716662.21154532	2.18301600298033	0.0660699546554487	0.0498213831118602	0.0677515679515499
8320.35639598191	2924.44228227442	2.35565228790187	967452.087611916	726292.484349543	2.62540889195379	0.0746597875322764	0.0513462744604658	0.07734110456075
6702.08004168382	2831.59157604939	2.07385732997423	770373.061761447	628803.003603324	2.48438603655493	0.052841337802803	0.0304094246722729	0.0564265775794481
8274.49743546535	3103.88644522938	2.43518277981363	994942.34462822	778596.052228756	2.64507015879222	0.0764607854492005	0.0523263523397465	0.0748417641019455
7548.62636666036	3047.21213521415	2.53005674038257	903607.243641644	757301.51856634	2.27401000466715	0.0314792906967362	0.0159823539653157	0.0369072526493252
7612.90927898484	2992.53166424912	2.3404911331225	949876.141813599	725591.019461276	2.88525605752841	0.0699057897648429	0.056794270265325	0.0705069080502493
8809.94655932753	2892.37536450125	3.83850913816015	863349.246167837	694939.718664383	2.60294580395027	0.0644453911008453	0.0503045910883668	0.0670492181780803
8699.33582819069	3195.21487695212	4.15971465598999	1050852.00331728	836584.738995395	3.06189457629596	0.0708722136015734	0.0457937564555954	0.0720229214774665
8239.6703165923	3055.33992064847	2.14279008245871	971037.759879992	789876.709824493	3.00469924752231	0.0759361771651437	0.0555893749349346	0.0761202631092058
6964.92604375578	2864.06572950454	2.33540282458329	828046.561527139	678491.884457602	2.39700825723516	0.0405699982413984	0.0170448634577972	0.045603448653859
6867.8958889058	2699.9539195504	2.29030884710235	694690.750440972	599830.690381369	2.24372550949183	0.0785418361364712	0.0530723326288538	0.0789837756572798
7537.25617189565	2921.57232465698	2.03148071839654	833966.932810152	673738.684855823	2.30183074541237	0.0798320522313622	0.0505883636425297	0.0788179319540614
8727.7234703829	2888.57437755181	2.41606671263628	859575.138082462	721295.566725798	2.06392876595142	0.0420828956222746	0.019858377613903	0.0457445716559345
8525.59424782063	3068.07404925546	2.21329444839971	1066667.78557204	767118.575548448	2.52798524189252	0.0267620349472978	0.0115953075907917	0.0326020593171504
7146.04263148665	2816.58237284528	1.99512221245333	1038752.94188543	716862.454962607	3.31411314896441	0.0421036034279157	0.0184291992893446	0.0489864968095906
7252.1183433818	2901.64793787391	2.12997446300632	926700.90942307	677448.524420383	4.9475381718521	0.047627030788875	0.0193440537001604	0.0521586053262695
8691.6198841059	2956.20376614651	3.51078364962365	906002.272164721	704953.734117851	4.41071223702665	0.0803915067347492	0.0668841340668753	0.0820522088895148
6269.23121045989	2825.23763021229	2.17840950393468	750102.626266266	682230.802366466	2.22822264024377	0.0788570350309214	0.062778271618698	0.0786669549004232
9059.2919152769	3108.99413184441	2.40847804740177	974042.072137094	772430.30523636	2.37533894842725	0.0626516197959102	0.0353620659843941	0.0660380656617927
10336.6532762661	2901.99519029141	4.24336773849249	1125472.50091007	653025.755947755	4.31635988283607	0.0328873315358123	0.0132478900887471	0.0371742969972871
8185.4775981287	3012.16314975537	2.07654884037816	942101.239943278	741143.727996168	2.46525111360904	0.0458289468931265	0.0298307601583363	0.0482415528067218
8297.58286201867	2937.64992180696	2.33919549220443	888643.52098151	719487.027849541	2.4553236225891	0.057088598926681	0.033678282982921	0.059220256316486
9978.07274351036	3170.27643852934	2.82028948821278	1104506.2875939	773847.969951172	2.55837481953807	0.0554782701201466	0.0315947821049341	0.057796857436608
7455.35530212145	2892.71191276107	2.31619532487005	840295.537303005	700274.344235823	2.10074950901554	0.0791683284490316	0.0625151825146237	0.0815578345549211
7296.87216593944	2944.70307283963	1.94874638707365	900810.159757501	718217.59664404	2.81650132198742	0.0558708203464197	0.0369207651557329	0.0588369807897794
8447.29319922864	2855.44758759419	2.19958431423099	828472.723636875	662689.10315443	1.9355888238876	0.0889307423200503	0.0672500134164355	0.0892688519940752
8293.14439308887	2951.46785583418	2.26359380578721	807865.83571966	658997.38531058	2.2485507793571	0.0805993903618678	0.0495215919024594	0.0816744085433017
8850.22150751906	3113.89802664849	3.14265704908883	931954.083758434	769465.824999095	2.16717430796451	0.073340413923068	0.0432599010968258	0.0748494415005007
7917.65422904097	3180.3664116716	2.25940466512815	938220.661112763	823392.18269285	2.14494097552995	0.0502592733685586	0.0235124246375262	0.0538095050047859
8184.77205486678	2970.11346980367	2.62822541130946	907700.12030543	746225.242014864	2.32520908229261	0.0376458033796956	0.014878644689497	0.0442948589293417
8345.14324965271	2915.80585868289	3.11383559205058	823127.826028396	692306.631466783	2.27647500964026	0.0408037557223407	0.0232508846535974	0.0446429384934735
9645.57573187144	2906.96469972051	3.31243417485398	889220.523350875	670445.057666848	2.20776867926784	0.0550062123317264	0.0366448495685116	0.0568961153502929
7603.26070394422	2941.23597998087	2.29409704569307	819407.149275839	708648.422688385	2.35082964815586	0.0557518363438775	0.039735886436047	0.0590294462510334
10082.6693413564	3088.47216666404	3.48812913784734	1063530.16383796	692060.728374605	2.41512868184102	0.0684596310213514	0.0519969207311805	0.0705646337529404
7412.38243411587	2851.12186875869	1.99320321622761	928977.333116177	721340.760666471	2.70332510027797	0.0584610577334009	0.0347648588356855	0.0628086669597165
8716.67528010443	3073.69399174091	3.08803232374956	984485.793618567	727564.50493993	2.87967856609062	0.0433240617551141	0.0313090071705571	0.0468455906996229
7872.91852710903	2714.11249506855	4.19216247967851	912374.83552745	669646.57267393	3.29564570501692	0.0540002496924134	0.0319755147300316	0.0583361943221203
6607.11530449622	2760.72060645808	2.03486802516881	780147.332447206	663115.280335196	2.4833338209109	0.0694763592516952	0.051005239138259	0.0709710205287438
6701.03461502858	2849.81164361806	1.6466129074288	773358.082594529	672570.874833465	2.17122749163127	0.0916847033582744	0.0877819785929706	0.0918701274428355
8698.2316281258	2824.21134804639	3.55015930833707	851505.621794012	637462.336217879	2.58782539985317	0.0658011267703208	0.0463172375646225	0.0687979475383268
7001.46473099238	2929.67918308649	2.28185258067384	821812.571867006	682802.96215937	2.31407091697451	0.0666592240252558	0.0568993448358986	0.0694738601949698
8063.50924745695	3056.92547563499	2.13185772915883	908849.809621764	732731.397225533	2.42613859833068	0.059520493724797	0.0443197580548898	0.0622747613097171
6870.45171005229	2845.89353826298	2.2035629697897	787661.602619675	673379.246795794	2.32371739284576	0.102807348000897	0.086299701529027	0.099886435580523
9476.0476683095	2763.59800810115	5.47256786124307	778886.85366263	646378.659736701	2.31422252307489	0.0506725853963347	0.0356361363189299	0.0571565479479667
7738.08011098173	2975.61641534823	2.29528341519117	934599.323970969	743098.98689443	2.59368817580736	0.0944640825269454	0.0821372968718386	0.0944437067270807
8183.09543205708	3109.17900216769	2.0503384700594	1028453.14270723	831861.975899407	2.40919160712863	0.0761132278047294	0.0629765879479411	0.0770062041205145
7586.79858368415	2954.8718624665	2.02726106870043	884318.82420391	742459.329715417	2.3790696607367	0.0543516111332176	0.0388541756249527	0.056677817530264
8738.0395502629	3102.52575405844	2.34524151479583	970229.719203652	797297.449083199	2.54392822650954	0.0507591451505322	0.0427254270287937	0.0539889120884698
7874.78228621766	2994.9725149014	2.73278558870588	875434.252542384	747103.686220347	2.35059279710126	0.0449334283437339	0.0309146577184949	0.0477338644969293
8984.73460017459	2912.94489662017	2.47494505657044	973886.07283909	689054.993010536	3.11569108728686	0.0598161529843117	0.0434860882056666	0.0604039377632107
8593.9940546272	3114.94821702714	2.32656312213478	1027265.75146917	795659.190327468	2.60484216779268	0.0478941629624408	0.0338071580591945	0.0516120243501639
6938.06134718857	3089.62492955087	1.63848255096944	942621.601751957	749202.957633154	2.87747375757119	0.0473358125787902	0.0221424337008501	0.0548160082320605
7611.06585198494	2911.31424026262	2.14233390060993	869382.86958901	718268.40667663	2.37484164683611	0.040685779022784	0.0279201031954335	0.046714916008018
9380.69068007195	2858.22911808073	3.94859467240205	813554.170161137	657000.502376058	2.06658197940353	0.0804058916082998	0.0642904146745653	0.0781793369489793
7232.20770993362	2892.76857635554	4.89845404967663	800345.772044639	721193.294304292	2.76679941329594	0.0325397371516598	0.0191279800999789	0.0424639595963228
7216.95661160771	2891.97402528398	2.51730128231882	904706.008782877	690892.080774219	4.31242727244102	0.104389625517212	0.0792165085629468	0.104177169302323
6666.17048272918	2856.20047753544	1.87816302936623	776473.181889282	694400.275691238	2.69294363282885	0.0769858157988941	0.0522512803774747	0.0798611856880729
7088.54735839508	2934.68546730433	1.76912224071826	827055.771107639	705554.961523526	2.3910363210753	0.0493548683866038	0.0263465052028008	0.0496705339440956
6910.34716494726	3019.33704749258	1.91828461242521	843519.990732224	738511.082717654	2.15342438905171	0.0681696254090251	0.0483682181187033	0.0692365771815629
7986.2851712856	3033.65271279467	2.15165379511855	900381.537036853	772535.145742038	2.1732880506298	0.0704297759514487	0.044916276008701	0.0742162653281156
8717.96856018248	2971.77160878923	3.30804739210348	900635.246495497	766101.530282681	2.3499542895132	0.0698944986964507	0.0569356083518045	0.072819537226789
8293.9174650538	2980.04796586528	3.42413457540066	991019.14619195	748855.857015752	2.80365408476328	0.0633818458405168	0.0418895544212113	0.0650408325262266
8976.56512498792	3097.92803776567	3.17947124908746	877734.577074424	735692.594544768	1.98298790123082	0.068135517985065	0.0482333391623382	0.0690322897389855
6993.32580400448	2860.91646192049	2.10529844156159	828048.293729421	687442.022260582	2.36953354021409	0.050442730381846	0.036828866814786	0.0552785345679901
17929.1375655794	2832.75456813597	15.8551425721175	878381.202414576	680809.603367083	2.45343962656476	0.0741693701244422	0.0694433142074424	0.078340217958719
7517.35207826123	2978.84161551535	2.44044979309066	913070.700919856	711416.171685732	2.4879909624726	0.0607540884255666	0.0354814931697275	0.0654988206854936
7977.7178858705	2853.53302080505	2.81948740646469	817840.990392412	691511.24842163	2.23316129620671	0.0425131464625949	0.0342447701023927	0.0487208996280667
8156.44822658981	2897.60207787086	3.30849736478623	846173.461905705	707440.739197067	2.26929394720854	0.0934515171217557	0.0873653605963202	0.0941928219980438
7411.57170489698	2867.6199484095	2.07975916358728	841354.155911624	681029.890199389	2.67597312548046	0.0592181623220409	0.0449655545688876	0.0607614399244268
8795.92373269575	3025.85668974664	3.10163944938211	1001649.41880146	727355.494450559	2.54791452606709	0.0477798484064359	0.0283693742170739	0.0511698831401064
8882.06619777104	3147.52600122585	2.62801948287529	962164.657066549	750841.434701896	2.47979404992947	0.0478960909123678	0.0225993581927809	0.0499768214180114
11210.7318445886	3326.97859332047	3.43309575013453	1101738.93645677	870892.535308318	2.20210752513676	0.0454555495382655	0.0270372944714742	0.0505471608238555
8655.2363913792	3066.1841655093	2.21850568074444	1051403.8061151	758074.94688861	2.54334274426212	0.0504477724002947	0.0322798746420257	0.0537434705518912
8535.93403946965	2688.21348549109	2.78153870906514	877906.41765309	632451.799239545	2.54669666523168	0.0548456114746016	0.0329602247281087	0.0564389705171551
8142.98324556677	3006.73071368527	2.62305223717505	884772.230367604	679253.830072861	2.33112442868195	0.0505071255184757	0.0262762363975772	0.0516694459634265
7578.94164856402	2932.96693711595	2.05258202370991	895261.257883463	693018.772057192	2.44081955394482	0.0431421485332338	0.0161886536824719	0.0468649189496448
9026.65309166972	2995.84734968785	2.54263656546068	899336.131779758	686640.054729938	2.35200689693216	0.0415697184774059	0.021467218874725	0.0495531762259766
7732.47345977565	2919.02042795685	2.23309670722778	937961.576327794	732629.880887615	2.73513086361387	0.0710613243323303	0.0579053320335593	0.0725254033188714
10227.1656874862	2887.29783566846	5.81973548197266	859817.665641782	710966.403736055	2.17729181144352	0.0571681825889296	0.0411337443032678	0.0593845814443375
7112.43299493289	2922.70240189218	2.00911815856704	794919.292080132	647204.533668941	2.17771350218227	0.0556756168400082	0.0338842796947225	0.0569251157991388
9098.6603018818	3051.54650098552	2.45677045648601	1142232.37036019	806634.32675711	3.32179575592084	0.0677101198164557	0.0374090801478298	0.0715104729134852
9066.21030012574	3256.76987591189	2.67674203953006	970046.987826875	779736.198079049	2.24424998473324	0.0558489744238098	0.0349917479186381	0.0589724883028476
8111.37765064557	3197.62669991382	2.07045932493655	949945.369970435	760913.906478686	2.55899318667624	0.0833241680248891	0.0694208679722368	0.0834686407529146
7356.57305687849	2931.67747124026	2.50821751562799	999725.27351746	737288.414387302	2.91808224904862	0.0626360507691781	0.0390650439038629	0.0634173758725644
8519.97446801354	2957.54732691221	2.80138567629415	928395.665729685	710696.544658435	2.12678760480894	0.0673955658187985	0.0466865715230979	0.0676769710323051
9047.29068709969	2936.99182750512	2.50785890217483	938531.806784317	664442.827541715	2.48834862493688	0.0732450854230186	0.0475905301799298	0.0734532450248379
6506.75352202433	2722.3000181747	2.31466852562547	755368.426884555	658552.284002917	2.65465251817464	0.0669226668804289	0.0387240538146774	0.0708915130937001
9120.94243732121	2931.12478091906	5.24021625671318	856821.515155403	717707.616656902	2.56367629121451	0.0343457064716441	0.0175219123994693	0.0401405079170215
9851.10249919112	3366.18058499488	2.59649626151584	1179741.87344485	946572.160765004	2.77248913461418	0.0451130882858947	0.0293722005530953	0.0495469680856996
7081.62548244501	2988.5916961042	1.86847108373238	791699.192817279	697610.351998167	2.24710259601532	0.088091013790162	0.0621845551634259	0.0857626393341758
7739.25912515094	2926.13401975018	2.54039933677453	827913.298193755	693818.990963535	2.25635042975991	0.0512647655870734	0.026391499397573	0.0550961302794632
9838.23339435611	2913.31025310552	5.19104455145002	1066383.59731772	757032.203111616	4.22478440235191	0.0591595989593151	0.0374872857522321	0.0592636643989947
8724.0810155342	3184.306882899	2.43740962963222	1032979.35105162	833306.832580332	2.3429119896059	0.0599796043201695	0.0402150800647389	0.0666333385345025
9030.21199068526	3207.30938361919	2.24403377067569	1171898.58866455	807818.572231388	3.42997255688963	0.043346479612912	0.0248773923289501	0.0468890297557141
8364.10154958514	2982.5933841034	2.7418227157631	863083.291444013	708271.865469139	2.3440684188423	0.0465229624258688	0.0283789438646756	0.0532716578767589
8279.34759859351	3031.67979537708	2.55048984023486	885899.105876066	713228.694510546	2.26758531447938	0.0389684166259141	0.0234217752239357	0.0419832460474628
6763.57635096177	3036.45364966953	1.71049056800302	918367.519058285	769754.277926926	2.59121447489559	0.0316035590868878	0.0146428578394641	0.0386524098943665
7444.23621496883	2966.53042418659	2.6492956424964	902734.548447508	743677.467035112	2.52215907406357	0.0742703468177551	0.0613787899613981	0.07408639489399
7793.63089767273	3052.45954470001	2.08855829972693	884109.160779253	776979.603855065	2.28483882519988	0.0531456743151584	0.0348628719182826	0.0554710505002221
7219.43637404765	2886.56395302165	2.18940070244684	849162.179740851	693560.098985813	2.78316642091898	0.056072998158406	0.0334434466997938	0.0582060917361219
7774.21984684735	2996.18329746512	2.87451717211836	927001.232295529	750189.339492157	2.37480320945158	0.0583813606891077	0.0342655578356909	0.0591409079735567
7546.21742084528	3025.79847737715	2.1870093764147	1155958.71746889	782846.498115664	7.34014996480462	0.0681919986253877	0.043468878881858	0.0703728253578159
8610.61122965685	2998.95347583593	2.37508971060642	894741.930983523	708053.957799226	2.30847278016779	0.0621826224904231	0.0392470348071154	0.0622213390100846
8214.3894433708	2896.69157485612	2.97945669054469	858333.468335778	633999.8752425	2.90165890467155	0.0658643225880352	0.0431830493347826	0.0638076784494984
8825.75961022669	2962.06811622893	2.52212734681309	1051224.600202	728426.358309288	3.49464020714165	0.0615271106467591	0.0336819106797131	0.0623317513460046
8181.61046529819	2772.25294665156	4.76798081200429	770000.51498876	671598.524301315	2.55619928804226	0.0727110900668538	0.0687448993040111	0.0759400976790668
9097.30759421303	3032.47466913548	2.32629981752847	980788.957341196	748017.986116316	2.51619956391803	0.04322613807336	0.0205162313076085	0.0470467775986127
8071.86565285298	3039.67299212776	3.14888684748618	929504.912674142	711543.905444022	4.01433920650377	0.0752123492886041	0.0570232880277996	0.0764186648715465
9010.51653308063	3065.64320725471	2.80821110213093	883081.858842819	726010.542365329	2.13513600113878	0.0780632626397382	0.0519153954832759	0.0799400938765036
8058.3571786799	2857.22482409365	3.3937632125656	825181.706133711	677263.137115062	2.42242225325614	0.0712183757706942	0.0581536014106328	0.0727310321988353
7474.09187134995	3000.91619455947	1.9470348199828	881578.332425899	717896.355522009	2.77967053149511	0.0442464006494777	0.0241584834491401	0.0489660496106848
8439.58062810487	2872.32519933968	2.72918717405461	936267.072340377	715096.346435335	3.15633188391131	0.0668484245991234	0.040367050694278	0.070901463019249
7638.66416965334	3027.06538084585	1.93887831082107	887828.692155897	709361.070293131	2.45283083191717	0.0606752293482081	0.0385935617458176	0.063146950222661
8902.86467171317	2935.35607409066	2.53329964368297	951638.967995306	704752.69056506	3.79230460375218	0.0544146125418049	0.0364892777607239	0.0595038427710772
11130.6798379845	2994.55368537722	5.74204607802965	906634.621256776	720641.225303673	2.11817329546358	0.0718394031661864	0.0443336445273179	0.0716837309454249
9954.48154223234	2871.20353081031	5.4281835130021	863903.718815158	691588.737631993	2.22047333588438	0.0717130650430941	0.0488792448809838	0.0716435483897122
8092.61834157673	2975.71128773044	2.48576781873567	895313.950430943	730693.467388217	2.31790426733059	0.025812210513655	0.017570942072754	0.0301999643931156
8429.39442256517	3068.53806579939	2.0842110316546	930470.747005421	712028.381051831	2.74300430371554	0.0347840354098157	0.0140378944011599	0.0403669518333824
8530.84387515343	3040.02715015541	2.51191457881639	941429.472734211	705885.353782404	2.3710495474908	0.0529658708801694	0.041603097611672	0.0573567854204548
8311.03203361119	2956.8312432312	3.4083967982017	980080.045551957	741028.37542233	4.98911517615823	0.0501735012599139	0.0321645679441964	0.0528582487290923
8227.42173760916	3020.24204532785	2.63060664026977	1017652.85912595	722362.036577247	3.98517059716254	0.0578480751559238	0.0385654845675564	0.0600237326985343
9833.15668338295	3003.40068367686	4.3973406751597	964619.137183498	745892.253916892	2.42327589713749	0.0478081701971416	0.0294035270178937	0.0506241841027286
7679.21907002182	2961.03183993691	2.07621061607131	933636.991842394	756936.687560618	2.62558959131839	0.0304297465968814	0.0178760604562601	0.034782929890758
9316.75374559909	3034.90490910389	3.54612141460257	926459.743272904	673060.715658006	2.56351523918074	0.0503463942950939	0.0314708767461249	0.0518136149472867
8678.04434623284	3048.16549573249	3.09250426164692	852478.871901555	730973.173918056	2.23009153569355	0.0871405417626166	0.0654280798050612	0.0851512473669241
7357.7227424498	2981.25312242401	2.06127543102944	884080.200770068	700042.006350258	2.14299235036371	0.0662686217185075	0.0459809927310364	0.0655132758287395
8265.95740910249	3191.31635658898	2.29333621970307	928972.888660028	816397.211803792	2.06966275701201	0.056488721256441	0.0435905014464349	0.0587200319309775
7874.927308108	3026.95050087689	2.18996481713173	953317.652413921	728068.412832431	2.65695088154302	0.0445482461690266	0.0184190524767151	0.0506268506828483
8015.316184389	3150.30397116447	2.05888931725937	927956.943477187	760705.054123322	2.08649068214231	0.0376025667875807	0.0196591748377163	0.0407078604457891
7380.72060991672	3014.31016449629	2.91403266698743	811028.13539031	710670.12010075	2.06626046228533	0.0478976167326337	0.0308260693700579	0.0492496584143446
8122.88007305861	3020.72404227024	2.17995974685409	1001910.02640092	757108.313350674	2.99698105977016	0.0702557922894519	0.0456250635315806	0.070759016971886
7826.4793061116	3146.31742662188	2.58479613400563	904751.262528754	779144.388478864	2.51658494577456	0.0537805172761707	0.0374601529292464	0.0539088213065686
7159.12279765893	2891.81658144346	2.04399012008712	800606.394765013	681977.254135913	2.21120115397418	0.0450087196828687	0.0264576257489692	0.0485125834666832
9968.29056619459	3140.18481788395	3.46395086785241	950616.169343276	773830.385695946	2.12440841221814	0.0653451604808184	0.045698415952688	0.0650191404082222
8036.4065389443	2900.83482952744	2.2474907312337	907613.692245447	667543.948961134	2.77858222178139	0.0608887255113649	0.0420225650420829	0.0600673919733802
10134.4693475094	2944.85612326534	3.58889437998664	964434.4930772	670084.546015816	2.44142316925723	0.0797150992617865	0.0613240251666384	0.080715461857796
7949.52145241695	2913.41692491089	3.11317188579017	805873.932135396	684418.214555695	2.19908245877452	0.0378504658039654	0.021246890328975	0.0420191191137033
8127.31199769808	3119.96799260487	2.24084983557091	955385.992465225	742171.452729096	2.65222382045531	0.0497558325866448	0.02846688882428	0.053156483696328
9591.61867932139	3091.73542400907	2.64485480236872	937583.004178732	728873.136841124	2.31220176600569	0.058804154193741	0.039707572155881	0.0596390317590026
7020.29015137903	2880.11147142526	2.42014582791114	787974.621339704	627825.979756321	2.55027620766748	0.0581280775326401	0.0288711242573272	0.0587550045933856
7562.90803405348	2807.16526348607	2.33608218604476	841977.061889104	697100.094705803	3.69177096272205	0.0744796934226058	0.0472981024452308	0.0748688679707338
7383.67817633267	3015.43486532179	1.98550096804464	860950.552706056	676804.365390043	2.43425484750315	0.0743522916299353	0.0555558022010469	0.0765617515535591
7769.56077832541	2938.43789675111	2.09014961462557	803021.544659688	674590.639721976	2.2491760524927	0.0730894044682979	0.0476963903640545	0.0742284366478483
8614.31843846227	3029.9333570552	2.01901626240207	998412.685827479	747032.118918016	3.6676897586957	0.0279365102953662	0.0102292462386916	0.034268544329176
7616.89723735727	3048.10623380274	2.65089410704583	870990.029602204	704463.777845732	2.36448770856087	0.0726176156660327	0.0550530667927509	0.0733549962348472
8402.79642023529	2942.83667420003	3.09113164524177	857108.349840724	708163.750421382	2.65743296010397	0.0676353271329126	0.0436280570416988	0.0711085344883618
7435.71709334425	2919.615680432	2.12663502197718	808166.284496947	691431.479030961	2.24858676106023	0.0583647674565617	0.039433404207265	0.0605927036989753
8455.58440153602	2979.2890449042	2.3036473172311	1056540.24752883	758379.422123339	4.42092607428565	0.0490812127746861	0.0249217573756261	0.0552457149481495
8179.7087069168	3092.90093395867	2.58479387496868	957828.794634516	775148.230476387	2.64730024087501	0.047855889040749	0.0336466007562712	0.0517418380249433
8203.23110721983	3043.6226350263	2.99933839730429	845418.042653722	757088.347241184	2.11418720428884	0.0443841865557392	0.0293854551733998	0.0481884345140272
10039.8606494658	3197.11763709658	5.04782266828714	1102840.2135183	795715.586981512	2.74831281539846	0.0482034049043369	0.022125218173808	0.0530746075958624
7927.93038200162	2786.54813358115	2.33358106901159	798720.047873375	620531.83032386	2.36021867029644	0.0954834360543327	0.0798777066274304	0.0950086055849325
6405.16643781866	2725.60415712857	2.04244915560884	712844.012735319	602700.420659521	2.27177835003851	0.0699947530332224	0.0447539404110385	0.0698065518181427
8465.64729720939	3012.85451944151	2.49868124402134	910495.9314044	707998.838734165	2.19948709229917	0.0828000784115924	0.0751671281105301	0.0819682111419183
9164.85874500234	2973.8356004592	2.72529309685768	968527.358359311	652981.266669953	2.49729170809151	0.0319571961427978	0.015288709998985	0.0360301406258329
7989.02191073	2924.80952773917	2.07605191543471	867119.868341504	707920.933096525	2.50778680825583	0.0419833164157917	0.0153638564655967	0.0461791485587579
8060.72101433473	3203.11910095202	2.04087406029275	1052682.90760076	803824.374614279	2.65315062303614	0.0577535606292938	0.0352624940965153	0.061010992341876
8380.33954684884	3050.8532929959	3.29173274689113	954670.380178021	757531.29058253	2.40314549038314	0.0714134805441754	0.0539017127005789	0.0739325116959504
8514.35658851242	2850.44812520769	2.32432688196809	906520.653895204	649997.964560969	2.65344492568841	0.100582235285465	0.0834301858651204	0.101290706986293
7272.82797074202	2918.41097405639	2.15662471256366	753459.690543439	715382.777020105	2.20818920321563	0.0602987586010038	0.0448881899088336	0.0618132202503564
8594.71920557462	3160.48354908313	2.5101709616446	943271.768120435	786239.139512284	2.49331634789267	0.0403882937755889	0.0176572843384174	0.0445305869040323
8494.83921907537	2923.96414440026	2.89970196192356	904001.154728014	712754.964105117	2.80751749956046	0.0694533864297487	0.0482909057535272	0.0706740339038977
8564.54734578209	2999.13512273841	2.5505871391849	893495.556425758	723299.418941453	2.52520665583913	0.042686822942735	0.0174398486590547	0.0490740832817687
11602.9566020565	3015.64338046001	10.763471473679	907271.551071439	702124.734055849	2.62434532755734	0.0518222033037109	0.0380719667859716	0.0549978090812392
9075.11930971971	2918.01568192417	6.593618672351	881180.756378635	717609.870562046	2.51309441849162	0.092023424089657	0.0774155311038627	0.0890156242239119
10003.8703956669	3074.0688143148	4.79027128084632	1051955.32365396	769584.228418091	2.31629587334101	0.0388193293566189	0.0232212729403564	0.0419091223984195
7144.9511934621	2818.09473237306	1.94843936119322	876610.308457168	695445.032953574	2.49568271058582	0.050192446640062	0.0339135552586276	0.052018021131913
8627.50823165576	2971.03214978382	2.52049460629499	893585.403537488	693082.15647335	2.42262709761591	0.0574359586691319	0.0370869259207456	0.0619679326435753
8175.16475642434	2994.47438332725	1.88337454245558	876016.310091846	708499.00175729	2.21937734608896	0.0517600391791716	0.0368265016572167	0.0528709343479026
8027.0879794243	2882.62563684409	2.38211547298798	999075.827699072	694187.589868992	4.3572839485582	0.055492650753906	0.0333150363085878	0.059138108636061
8082.11761712466	2998.20542177239	2.81746676411029	927880.634878202	706653.689441719	3.70050062856518	0.0884048632523076	0.0704924905338777	0.0868883820313567
8914.32600849734	3032.91379538001	2.55620323299552	917104.77382712	718294.048232111	2.08910442695562	0.0506354161083953	0.0323071801831309	0.0538858331247817
9444.16465350439	3015.08214318305	2.57290046785927	1070172.41952686	764982.798027287	2.54678210290702	0.0586129119075966	0.0383443106247477	0.0585466115429327
7621.79363082795	3026.54935379844	2.23936168285918	837319.433698797	764414.945369344	2.09977191485252	0.0463436021448129	0.0218319609909015	0.0498234348717613
8500.40042139215	2896.64182787841	2.25344011931769	854326.060710799	655459.292066495	2.2167905464895	0.0564905337783767	0.0395981161638487	0.0569421266093963
8990.25494114389	3075.31071158495	2.73278296284027	1020996.70976549	739103.911160126	2.83232880655562	0.0514952533897757	0.0302860196340376	0.0552137378291712
7546.57717926647	2825.60417721828	3.21818382914019	841923.334306031	676182.95364442	2.80142979238864	0.0684470296121098	0.0422393548316039	0.0684584153518976
7214.5424968344	2995.15124699271	1.76883011433178	881086.668461752	734350.970845626	2.37045870610411	0.0329292895778518	0.00737910732029981	0.0381819307804935
8030.3780983521	2897.56604578317	2.63660786080003	869024.435473309	682196.731232082	2.65651140787319	0.0448266359727394	0.0219127174607177	0.047954264985032
7934.49660546083	2946.29372094326	3.00792752562794	850755.156598524	721223.244427069	2.58939194040174	0.0439683178223086	0.0260887440325469	0.0465913342306495
7034.94073635045	2669.9667638545	1.88026786724582	776438.491543245	599153.750775097	2.46349216084585	0.0377426869331245	0.0175330973399103	0.0414935646215095
6974.07539242037	2910.7655929395	1.66970646660484	832237.495482533	667829.873695362	2.47592120036632	0.0551000325451149	0.0296937255581124	0.0580170686676274
7631.85978683054	2796.34001323919	2.55481829508577	787359.758063225	649534.555836688	2.27598438999042	0.0677005861521809	0.0409294920633278	0.0713889063243364
7897.7095834092	3032.3638948046	1.95692852448307	875591.433225269	729491.715110027	2.42266351522619	0.0648422616388497	0.0466986049339112	0.0642715301983629
7927.08769204058	2792.07882575656	2.8654175191187	833965.670978238	699941.99703642	2.3514210923708	0.0464270594551491	0.0219858149017721	0.0492459688475883
7628.44609143551	3006.87514611125	1.77221943145075	898051.35345845	679042.003902359	2.15697851719434	0.0288153913098758	0.00745808923478615	0.0372819643067208
9015.77011885355	3078.33003927709	4.24243355160307	1062146.62481895	716815.260489215	4.0296202706913	0.0541284463042194	0.0320534694908271	0.0557525294592385
11922.6712304134	2949.26314132775	11.7385011679734	823210.613674046	712985.770298554	2.5821147406468	0.0778395759263167	0.0505983022785383	0.0784382421256427
9832.3886646026	3014.62229993924	3.8963691150187	959276.311272216	737126.010311266	2.5205703579723	0.0399523596128252	0.0232475177392404	0.0431803783855663
7707.98602412231	2830.81381161568	2.34437512749652	824754.371826375	634731.644208148	2.03863319668864	0.0651809606901302	0.03726382679739	0.0662342766478893
8920.55057240876	3054.39042263021	2.14605759943714	920236.229178488	719884.642695933	2.20576056931198	0.0493997280672975	0.0267926461793688	0.0527397640538342
8499.07171137089	2819.93077344892	2.41915637379951	864582.567019817	643918.786428765	2.47744154984187	0.057420181506245	0.0344474176069804	0.0616493141754904
7731.43724892751	2837.70429317208	2.22227870606817	762740.132338632	691726.687003779	2.44888201034341	0.046159472903657	0.0259341765886744	0.0495453977212951
8039.36570991593	3059.70296848927	1.97970280432711	942501.246287875	714886.565570174	2.24013990551163	0.0499159843515734	0.0388255425557298	0.0540889657395159
10491.1157156753	3272.99808922446	3.09533121730518	1190752.14322808	835820.324110931	3.84065891167158	0.0561872108385446	0.0320848577192037	0.0561749480126979
6718.21479135926	2892.54772129269	1.80216159607325	771079.606229377	683353.955844085	2.38165998517748	0.0873377100047971	0.0697747974863611	0.0860981863635873
7543.49829444284	2836.4415369416	2.1599836909707	839016.747237257	641208.927822653	3.13561842266136	0.0609356260109839	0.0413754760999743	0.0597048186680434
9606.32357315456	2944.63276385183	3.76500410359157	875985.373969905	725049.423741766	2.24069467626652	0.0466215161016111	0.0254376258098019	0.0508181617568036
7097.68208722909	2899.97001749414	2.04505790632171	862170.853012011	659231.384416529	2.34467380191111	0.0733893513193918	0.0584045263031467	0.0733895560455686
9471.61582356048	3153.33254839738	4.39690190670512	933538.430188391	759424.608884123	2.13917128530259	0.0564732567474438	0.0490615767982112	0.059392191823536
8428.7019701431	3117.05455412783	2.02676544618582	952322.901799983	761782.221324715	2.23795038201207	0.0648689505369823	0.0560196397073162	0.0666066843469786
8435.85919345342	2924.93472531063	2.64519411383299	993463.993144378	711310.896097626	3.3910045068117	0.0674487773461488	0.0381977973649583	0.0681735053940572
8912.77981560251	3120.10155305111	2.6434849501329	975574.9044692	742371.850916629	2.20018946642873	0.0613674648197874	0.0418606428591067	0.0626411904537695
