time	distance_tree	NA	NA	NA	NA	NA	NA	NA	NA	NA	NA	NA	NA	NA	NA	NA	NA	NA	NA	NA	NA	NA	NA	NA	NA	NA	NA	NA	NA	NA	NA	NA	NA	NA	NA	NA	NA	NA	NA	NA	NA	NA	NA	NA	NA	NA	NA	NA	NA	NA	NA	NA	NA	NA	NA	NA	NA	NA	NA	NA	NA	NA	NA	NA	NA	NA	NA	NA	NA	NA	NA	NA	NA	NA	NA	NA	NA	NA	NA	NA	NA	NA	NA	NA	NA	NA	NA	NA	NA	NA	NA	NA	NA	NA	NA	NA	NA	NA	NA	NA	NA	NA	NA	NA	NA	NA	NA	NA	NA	NA	NA	NA	NA	NA	NA	NA	NA	NA	NA	NA	NA	NA	NA	NA	NA	NA	NA	NA	NA	NA	NA	NA	NA	NA	NA	NA	NA	NA	NA	NA	NA	NA	NA	NA	NA	NA	NA	NA	NA	NA	NA	NA	NA	NA	NA	NA	NA	NA	NA	NA	NA	NA	NA	NA	NA	NA	NA	NA	NA	NA	NA	NA	NA	NA	NA	NA	NA	NA	NA	NA	NA	NA	NA	NA	NA	NA	NA	NA	NA	NA	NA	NA	NA	NA	NA	NA	NA	NA	NA	NA	NA	NA	NA	NA	NA	NA	NA	NA	NA	NA	NA	NA	NA	NA	NA	NA	NA	NA	NA	NA	NA	NA	NA	NA	NA	NA	NA	NA	NA	NA	NA	NA	NA	NA	NA	NA	NA	NA	NA	NA	NA	NA	NA	NA	NA	NA	NA	NA	NA	NA	NA	NA	NA	NA	NA	NA	NA	NA	NA	NA	NA	NA	NA	NA	NA	NA	NA	NA	NA	NA	NA	NA	NA	NA	NA	NA	NA	NA	NA	NA	NA	NA	NA	NA	NA	NA	NA	NA	NA	NA	NA	NA	NA	NA	NA	NA	NA	NA	NA	NA	NA	NA	NA	NA	NA	NA	NA	NA	NA	NA	NA	NA	NA	NA	NA	NA	NA	NA	NA	NA	NA	NA	NA	NA	NA	NA	NA	NA	NA	NA	NA	NA	NA	NA	NA	NA	NA	NA	NA	NA	NA	NA	NA	NA	NA	NA	NA	NA	NA	NA	NA	NA	NA	NA	NA	NA	NA	NA	NA	NA	NA	NA	NA	NA	NA	NA	NA	NA	NA	NA	NA	NA	NA	NA	NA	NA	NA	NA	NA	NA	NA	NA	NA	NA	NA	NA	NA	NA	NA	NA	NA	NA	NA	NA	NA	NA	NA	NA	NA	NA	NA	NA	NA	NA	NA	NA	NA	NA	NA	NA	NA	NA	NA	NA	NA	NA	NA	NA	NA	NA	NA	NA	NA	NA	NA	NA	NA	NA	NA	NA	NA	NA	NA	NA	NA	NA	NA	NA	NA	NA	NA	NA	NA	NA	NA	NA	NA	NA	NA	NA	NA	NA	NA	NA	NA	NA	NA	NA	NA	NA	NA	NA	NA	NA	NA	NA	NA	NA	NA	NA	NA	NA	NA	NA	NA	NA	NA	NA	NA	NA	NA	NA	NA	NA	NA	NA	NA	NA	NA	NA	NA	NA	NA	NA	NA	NA	NA	NA	NA	NA	NA	NA	NA	NA	NA	NA	NA	NA	NA	NA	NA	NA	NA	NA	NA	NA	NA	NA	NA	NA	NA	NA	NA	NA	NA	NA	NA	NA	NA	NA	NA	NA	NA	NA	NA	NA	NA	NA	NA	NA	NA	NA	NA	NA	NA	NA	NA	NA	NA	NA	NA	NA	NA	NA	NA	NA	NA	NA	NA	NA	NA	NA	NA	NA	NA	NA	NA	NA	NA	NA	NA	NA	NA	NA	NA	NA	NA	NA	NA	NA	NA	NA	NA	NA	NA	NA	NA	NA	NA	NA	NA	NA	NA	NA	NA	NA	NA	NA	NA	NA	NA	NA	NA	NA	NA	NA	NA	NA	NA	NA	NA	NA	NA	NA	NA	NA	NA	NA	NA	NA	NA	NA	NA	NA	NA	NA	NA	NA	NA	NA	NA	NA	NA	NA	NA	NA	NA	NA	NA	NA	NA	NA	NA	NA	NA	NA	NA	NA	NA	NA	NA	NA	NA	NA	NA	NA	NA	NA	NA	NA	NA	NA	NA	NA	NA	NA	NA	NA	NA	NA	NA	NA	NA	NA	NA	NA	NA	NA	NA	NA	NA	NA	NA	NA	NA	NA	NA	NA	NA	NA	NA	NA	NA	NA	NA	NA	NA	NA	NA	NA	NA	NA	NA	NA	NA	NA	NA	NA	NA	NA	NA	NA	NA	NA	NA	NA	NA	NA	NA	NA	NA	NA	NA	NA	NA	NA	NA	NA	NA	NA	NA	NA	NA	NA	NA	NA	NA	NA	NA	NA	NA	NA	NA	NA	NA	NA	NA	NA	NA	NA	NA	NA	NA	NA	NA	NA	NA	NA	NA	NA	NA	NA	NA	NA	NA	NA	NA	NA	NA	NA	NA	NA	NA	NA	NA	NA	NA	NA	NA	NA	NA	NA	NA	NA	NA	NA	NA	NA	NA	NA	NA	NA	NA	NA	NA	NA	NA	NA	NA	NA	NA	NA	NA	NA	NA	NA	NA	NA	NA	NA	NA	NA	NA	NA	NA	NA	NA	NA	NA	NA	NA	NA	NA	NA	NA	NA	NA	NA	NA	NA	NA	NA	NA	NA	NA	NA	NA	NA	NA	NA	NA	NA	NA	NA	NA	NA	NA	NA	NA	NA	NA	NA	NA	NA	NA	NA	NA	NA	NA	NA	NA	NA	NA	NA	NA	NA	NA	NA	NA	NA	NA	NA	NA	NA	NA	NA	NA	NA	NA	NA	NA	NA	NA	NA	NA	NA	NA	NA	NA	NA	NA	NA	NA	NA	NA	NA	NA	NA	NA	NA	NA	NA	NA	NA	NA	NA	NA	NA	NA	NA	NA	NA	NA	NA	NA	NA	NA	NA	NA	NA	NA	NA	NA	NA	NA	NA	NA	NA	NA	NA	NA	NA	NA	NA	NA	NA	NA	NA	NA	NA	NA	NA	NA	NA	NA	NA	NA	NA	NA	NA	NA	NA	NA	NA	NA	NA	NA	NA	NA	NA	NA	NA	NA	NA	NA	NA	NA	NA	NA	NA	NA	NA	NA	NA	NA	NA	NA	NA	NA	NA	NA	NA	NA	NA	NA	NA	NA	NA	NA	NA	NA	NA	NA	NA	NA	NA	NA	NA	NA	NA
2024.24964883367	0	0	0	0	0	0	0	0	0	0	0	0	0	0	0	0	0	0	0	0	0	0	0	0	0	0	0	0	0	0	0	0	0	0	0	0	0	0	0	0	0	0	0	0	0	0	0	0	0	0	0	0	0	0	0	0	0	0	0	0	0	0	0	0	0	0	0	0	0	0	0	0	0	0	0	0	0	0	0	0	0	0	0	0	0	0	0	0	0	0	0	0	0	0	0	0	0	0	0	0	0	0	0	0	0	0	0	0	0	0	0	0	0	0	0	0	0	0	0	0	0	0	0	0	0	0	0	0	0	0	0	0	0	0	0	0	0	0	0	0	0	0	0	0	0	0	0	0	0	0	0	0	0	0	0	0	0	0	0	0	0	0	0	0	0	0	0	0	0	0	0	0	0	0	0	0	0	0	0	0	0	0	0	0	0	0	0	0	0	0	0	0	0	0	0	0	0	0	0	0	0	0	0	0	0	0	0	0	0	0	0	0	0	0	0	0	0	0	0	0	0	0	0	0	0	0	0	0	0	0	0	0	0	0	0	0	0	0	0	0	0	0	0	0	0	0	0	0	0	0	0	0	0	0	0	0	0	0	0	0	0	0	0	0	0	0	0	0	0	0	0	0	0	0	0	0	0	0	0	0	0	0	0	0	0	0	0	0	0	0	0	0	0	0	0	0	0	0	0	0	0	0	0	0	0	0	0	0	0	0	0	0	0	0	0	0	0	0	0	0	0	0	0	0	0	0	0	0	0	0	0	0	0	0	0	0	0	0	0	0	0	0	0	0	0	0	0	0	0	0	0	0	0	0	0	0	0	0	0	0	0	0	0	0	0	0	0	0	0	0	0	0	0	0	0	0	0	0	0	0	0	0	0	0	0	0	0	0	0	0	0	0	0	0	0	0	0	0	0	0	0	0	0	0	0	0	0	0	0	0	0	0	0	0	0	0	0	0	0	0	0	0	0	0	0	0	0	0	0	0	0	0	0	0	0	0	0	0	0	0	0	0	0	0	0	0	0	0	0	0	0	0	0	0	0	0	0	0	0	0	0	0	0	0	0	0	0	0	0	0	0	0	0	0	0	0	0	0	0	0	0	0	0	0	0	0	0	0	0	0	0	0	0	0	0	0	0	0	0	0	0	0	0	0	0	0	0	0	0	0	0	0	0	0	0	0	0	0	0	0	0	0	0	0	0	0	0	0	0	0	0	0	0	0	0	0	0	0	0	0	0	0	0	0	0	0	0	0	0	0	0	0	0	0	0	0	0	0	0	0	0	0	0	0	0	0	0	0	0	0	0	0	0	0	0	0	0	0	0	0	0	0	0	0	0	0	0	0	0	0	0	0	0	0	0	0	0	0	0	0	0	0	0	0	0	0	0	0	0	0	0	0	0	0	0	0	0	0	0	0	0	0	0	0	0	0	0	0	0	0	0	0	0	0	0	0	0	0	0	0	0	0	0	0	0	0	0	0	0	0	0	0	0	0	0	0	0	0	0	0	0	0	0	0	0	0	0	0	0	0	0	0	0	0	0	0	0	0	0	0	0	0	0	0	0	0	0	0	0	0	0	0	0	0	0	0	0	0	0	0	0	0	0	0	0	0	0	0	0	0	0	0	0	0	0	0	0	0	0	0	0	0	0	0	0	0	0	0	0	0	0	0	0	0	0	0	0	0	0	0	0	0	0	0	0	0	0	0	0	0	0	0	0	0	0	0	0	0	0	0	0	0	0	0	0	0	0	0	0	0	0	0	0	0	0	0	0	0	0	0	0	0	0	0	0	0	0	0	0	0	0	0	0	0	0	0	0	0	0	0	0	0	0	0	0	0	0	0	0	0	0	0	0	0	0	0	0	0	0	0	0	0	0	0	0	0	0	0	0	0	0	0	0	0	0	0	0	0	0	0	0	0	0	0	0	0	0	0	0	0	0	0	0	0	0	0	0	0	0	0	0	0	0	0	0	0	0	0	0	0	0	0	0	0	0	0	0	0	0	0	0	0	0	0	0	0	0	0	0	0	0	0	0	0	0	0	0	0	0	0	0	0	0	0	0	0	0	0	0	0	0	0	0	0	0	0	0	0	0	0	0	0	0	0	0	0	0	0	0	0	0	0	0	0	0	0	0	0	0	0	0	0	0	0	0	0	0	0	0	0	0	0	0	0	0	0	0	0	0	0	0	0	0	0	0	0	0	0	0	0	0	0	0	0	0	0	0	0	0	0	0	0	0	0	0	0	0	0	0	0	0	0	0	0	0	0	0	0	0	0
2024.25501322498	0	0	0	0	0	0	0	0	0	0	0	0	0	0	0	0	0	0	0	0	0	0	0	0	0	0	0	0	0	0	0	0	0	0	0	0	0	0	0	0	0	0	0	0	0	0	0	0	0	0	0	0	0	0	0	0	0	0	0	0	0	0	0	0	0	0	0	0	0	0	0	0	0	0	0	0	0	0	0	0	0	0	0	0	0	0	0	0	0	0	0	0	0	0	0	0	0	0	0	0	0	0	0	0	0	0	0	0	0	0	0	0	0	0	0	0	0	0	0	0	0	0	0	0	0	0	0	0	0	0	0	0	0	0	0	0	0	0	0	0	0	0	0	0	0	0	0	0	0	0	0	0	0	0	0	0	0	0	0	0	0	0	0	0	0	0	0	0	0	0	0	0	0	0	0	0	0	0	0	0	0	0	0	0	0	0	0	0	0	0	0	0	0	0	0	0	0	0	0	0	0	0	0	0	0	0	0	0	0	0	0	0	0	0	0	0	0	0	0	0	0	0	0	0	0	0	0	0	0	0	0	0	0	0	0	0	0	0	0	0	0	0	0	0	0	0	0	0	0	0	0	0	0	0	0	0	0	0	0	0	0	0	0	0	0	0	0	0	0	0	0	0	0	0	0	0	0	0	0	0	0	0	0	0	0	0	0	0	0	0	0	0	0	0	0	0	0	0	0	0	0	0	0	0	0	0	0	0	0	0	0	0	0	0	0	0	0	0	0	0	0	0	0	0	0	0	0	0	0	0	0	0	0	0	0	0	0	0	0	0	0	0	0	0	0	0	0	0	0	0	0	0	0	0	0	0	0	0	0	0	0	0	0	0	0	0	0	0	0	0	0	0	0	0	0	0	0	0	0	0	0	0	0	0	0	0	0	0	0	0	0	0	0	0	0	0	0	0	0	0	0	0	0	0	0	0	0	0	0	0	0	0	0	0	0	0	0	0	0	0	0	0	0	0	0	0	0	0	0	0	0	0	0	0	0	0	0	0	0	0	0	0	0	0	0	0	0	0	0	0	0	0	0	0	0	0	0	0	0	0	0	0	0	0	0	0	0	0	0	0	0	0	0	0	0	0	0	0	0	0	0	0	0	0	0	0	0	0	0	0	0	0	0	0	0	0	0	0	0	0	0	0	0	0	0	0	0	0	0	0	0	0	0	0	0	0	0	0	0	0	0	0	0	0	0	0	0	0	0	0	0	0	0	0	0	0	0	0	0	0	0	0	0	0	0	0	0	0	0	0	0	0	0	0	0	0	0	0	0	0	0	0	0	0	0	0	0	0	0	0	0	0	0	0	0	0	0	0	0	0	0	0	0	0	0	0	0	0	0	0	0	0	0	0	0	0	0	0	0	0	0	0	0	0	0	0	0	0	0	0	0	0	0	0	0	0	0	0	0	0	0	0	0	0	0	0	0	0	0	0	0	0	0	0	0	0	0	0	0	0	0	0	0	0	0	0	0	0	0	0	0	0	0	0	0	0	0	0	0	0	0	0	0	0	0	0	0	0	0	0	0	0	0	0	0	0	0	0	0	0	0	0	0	0	0	0	0	0	0	0	0	0	0	0	0	0	0	0	0	0	0	0	0	0	0	0	0	0	0	0	0	0	0	0	0	0	0	0	0	0	0	0	0	0	0	0	0	0	0	0	0	0	0	0	0	0	0	0	0	0	0	0	0	0	0	0	0	0	0	0	0	0	0	0	0	0	0	0	0	0	0	0	0	0	0	0	0	0	0	0	0	0	0	0	0	0	0	0	0	0	0	0	0	0	0	0	0	0	0	0	0	0	0	0	0	0	0	0	0	0	0	0	0	0	0	0	0	0	0	0	0	0	0	0	22.305866298867	0	0	0	0	0	0	0	0	0	0	0	0	0	0	0	0	0	0	0	0	0	0	0	0	0	0	0	0	0	0	0	0	0	0	0	0	0	0	0	0	0	0	0	0	0	0	0	0	0	0	0	0	0	0	0	0	0	0	0	0	0	0	0	0	0	0	0	0	0	0	0	0	0	0	0	0	0	0	0	0	0	0	0	0	0	0	0	0	0	0	0	0	0	0	0	0	0	0	0	0	0	0	0	0	0	0	0	0	0	0	0	0	0	0	0	0	0	0	0	0	0	0	0	0	0	0	0	0	0	0	0	0	0	0	0	0	0	0	0	0	0	0	0	0	0	0	0	0	0	0	0	0	0	0	0	0	0	0	0	0	0	0	0	0	0	0	0	0	0	0	0	0	0	0	0	0	0	0	0	0	0	0	0	0	0
2024.2603776163	0	0	0	0	0	0	0	0	0	0	0	0	0	0	0	0	0	0	0	0	0	0	0	0	0	0	0	0	0	0	0	0	0	0	0	0	0	0	0	0	0	0	0	0	0	0	0	0	0	0	0	0	0	0	0	0	0	0	0	0	0	0	0	0	0	0	0	0	0	0	0	0	0	0	0	0	0	0	0	0	0	0	0	0	0	0	0	0	0	0	0	0	0	0	0	0	0	0	0	0	0	0	0	0	0	0	0	0	0	0	0	0	0	0	0	0	0	0	0	0	0	0	0	0	0	0	0	0	0	0	0	0	0	0	0	0	0	0	0	0	0	0	0	0	0	0	0	0	0	0	0	0	0	0	0	0	0	0	0	0	0	0	0	0	0	0	0	0	0	0	0	0	0	0	0	0	0	0	0	0	0	0	0	0	0	0	0	0	0	0	0	0	0	0	0	0	0	0	0	0	0	0	0	0	0	0	0	0	0	0	0	0	0	0	0	0	0	0	0	0	0	0	0	0	0	0	0	0	0	0	0	0	0	0	0	0	0	0	0	0	0	0	0	0	0	0	0	0	0	0	0	0	0	0	0	0	0	0	0	0	0	0	0	0	0	0	0	0	0	0	0	0	0	0	0	0	0	0	0	0	0	0	0	0	0	0	0	0	0	0	0	0	0	0	0	0	0	0	0	0	0	0	0	0	0	0	0	0	0	0	0	0	0	0	0	0	0	0	0	0	0	0	0	0	0	0	0	0	0	0	0	0	0	0	0	0	0	0	0	0	0	0	0	0	0	0	0	0	0	0	0	0	0	0	0	0	0	0	0	0	0	0	0	0	0	0	0	0	0	0	0	0	0	0	0	0	0	0	0	0	0	0	0	0	0	0	0	0	0	0	0	0	0	0	0	0	0	0	0	0	0	0	0	0	0	0	0	0	0	0	0	0	0	0	0	0	0	0	0	0	0	0	0	0	0	0	0	0	0	0	0	0	0	0	0	0	0	0	0	0	0	0	0	0	0	0	0	0	0	0	0	0	0	0	0	0	0	0	0	0	0	0	0	0	0	0	0	0	0	0	0	0	0	0	0	0	0	0	0	0	0	0	0	0	0	0	0	0	0	0	0	0	0	0	0	0	0	0	0	0	0	0	0	0	0	0	0	0	0	0	0	0	0	0	0	0	0	0	0	0	0	0	0	0	0	0	0	0	0	0	0	0	0	0	0	0	0	0	0	0	0	0	0	0	0	0	0	0	0	0	0	0	0	0	0	0	0	0	0	0	0	0	0	0	0	0	0	0	0	0	0	0	0	0	0	0	0	0	0	0	0	0	0	0	0	0	0	0	0	0	0	0	0	0	0	0	0	0	0	0	0	0	0	0	0	0	0	0	0	0	0	0	0	0	0	0	0	0	0	0	0	0	0	0	0	0	0	0	0	0	0	0	0	0	0	0	0	0	0	0	0	0	0	0	0	0	0	0	0	0	0	0	0	0	0	0	0	0	0	0	0	0	0	0	0	0	0	0	0	0	0	0	0	0	0	0	0	0	0	0	0	0	0	0	0	0	0	0	0	0	0	0	0	0	0	0	0	0	0	0	0	0	0	0	0	0	0	0	0	0	0	0	0	0	0	0	0	0	0	0	0	0	0	0	0	0	0	0	0	0	0	0	0	0	0	0	0	0	0	0	0	0	0	0	0	0	0	0	0	0	0	0	0	0	0	0	0	0	0	0	0	0	0	0	0	0	0	0	0	0	0	0	0	0	0	0	0	0	0	0	0	0	0	0	0	0	0	0	0	0	0	0	0	0	0	0	0	0	0	0	0	0	0	0	0	0	0	0	0	0	0	0	0	0	44.6164096886793	0	0	0	0	0	0	0	0	0	0	0	0	0	0	0	0	0	0	0	0	0	0	0	0	0	0	0	0	0	0	0	0	0	0	0	0	0	0	0	0	0	0	0	0	0	0	0	0	0	0	0	0	0	0	0	0	0	0	0	0	0	0	0	0	0	0	0	0	0	0	0	0	0	0	0	0	0	0	0	0	0	0	0	0	0	0	0	0	0	0	0	0	0	0	0	0	0	0	0	0	0	0	0	0	0	0	0	0	0	0	0	0	0	0	0	0	0	0	0	0	0	0	0	0	0	0	0	0	0	0	0	0	0	0	0	0	0	0	0	0	0	0	0	0	0	0	0	0	0	0	0	0	0	0	0	0	0	0	0	0	0	0	0	0	0	0	0	0	0	0	0	0	0	0	0	0	0	0	0	0	0	0	0	0	0
2024.26574200761	0	0	0	0	0	0	0	0	0	0	0	0	0	0	0	0	0	0	0	0	0	0	0	0	0	0	0	0	0	0	0	0	0	0	0	0	0	0	0	0	0	0	0	0	0	0	0	0	0	0	0	0	0	0	0	0	0	0	0	0	0	0	0	0	0	0	0	0	0	0	0	0	0	0	0	0	0	0	0	0	0	0	0	0	0	0	0	0	0	0	0	0	0	0	0	0	0	0	0	0	0	0	0	0	0	0	0	0	0	0	0	0	0	0	0	0	0	0	0	0	0	0	0	0	0	0	0	0	0	0	0	0	0	0	0	0	0	0	0	0	0	0	0	0	0	0	0	0	0	0	0	0	0	0	0	0	0	0	0	0	0	0	0	0	0	0	0	0	0	0	0	0	0	0	0	0	0	0	0	0	0	0	0	0	0	0	0	0	0	0	0	0	0	0	0	0	0	0	0	0	0	0	0	0	0	0	0	0	0	0	0	0	0	0	0	0	0	0	0	0	0	0	0	0	0	0	0	0	0	0	0	0	0	0	0	0	0	0	0	0	0	0	0	0	0	0	0	0	0	0	0	0	0	0	0	0	0	0	0	0	0	0	0	0	0	0	0	0	0	0	0	0	0	0	0	0	0	0	0	0	0	0	0	0	0	0	0	0	0	0	0	0	0	0	0	0	0	0	0	0	0	0	0	0	0	0	0	0	0	0	0	0	0	0	0	0	0	0	0	0	0	0	0	0	0	0	0	0	0	0	0	0	0	0	0	0	0	0	0	0	0	0	0	0	0	0	0	0	0	0	0	0	0	0	0	0	0	0	0	0	0	0	0	0	0	0	0	0	0	0	0	0	0	0	0	0	0	0	0	0	0	0	0	0	0	0	0	0	0	0	0	0	0	0	0	0	0	0	0	0	0	0	0	0	0	0	0	0	0	0	0	0	0	0	0	0	0	0	0	0	0	0	0	0	0	0	0	0	0	0	0	0	0	0	0	0	0	0	0	0	0	0	0	0	0	0	0	0	0	0	0	0	0	0	0	0	0	0	0	0	0	0	0	0	0	0	0	0	0	0	0	0	0	0	0	0	0	0	0	0	0	0	0	0	0	0	0	0	0	0	0	0	0	0	0	0	0	0	0	0	0	0	0	0	0	0	0	0	0	0	0	0	0	0	0	0	0	0	0	0	0	0	0	0	0	0	0	0	0	0	0	0	0	0	0	0	0	0	0	0	0	0	0	0	0	0	0	0	0	0	0	0	0	0	0	0	0	0	0	0	0	0	0	0	0	0	0	0	0	0	0	0	0	0	0	0	0	0	0	0	0	0	0	0	0	0	0	0	0	0	0	0	0	0	0	0	0	0	0	0	0	0	0	0	0	0	0	0	0	0	0	0	0	0	0	0	0	0	0	0	0	0	0	0	0	0	0	0	0	0	0	0	0	0	0	0	0	0	0	0	0	0	0	0	0	0	0	0	0	0	0	0	0	0	0	0	0	0	0	0	0	0	0	0	0	0	0	0	0	0	0	0	0	0	0	0	0	0	0	0	0	0	0	0	0	0	0	0	0	0	0	0	0	0	0	0	0	0	0	0	0	0	0	0	0	0	0	0	0	0	0	0	0	0	0	0	0	0	0	0	0	0	0	0	0	0	0	0	0	0	0	0	0	0	0	0	0	0	0	0	0	0	0	0	0	0	0	0	0	0	0	0	0	0	0	0	0	0	0	0	0	0	0	0	0	0	0	0	0	0	0	0	0	0	0	0	0	0	0	0	0	0	0	0	0	0	0	0	0	0	0	0	0	0	0	0	0	0	0	0	0	0	0	0	0	0	0	0	0	0	0	0	0	0	66.9315651764368	0	0	0	0	0	0	0	0	0	0	0	0	0	0	0	0	0	0	0	0	0	0	0	0	0	0	0	0	0	0	0	0	0	0	0	0	0	0	0	0	0	0	0	0	0	0	0	0	0	0	0	0	0	0	0	0	0	0	0	0	0	0	0	0	0	0	0	0	0	0	0	0	0	0	0	0	0	0	0	0	0	0	0	0	0	0	0	0	0	0	0	0	0	0	0	0	0	0	0	0	0	0	0	0	0	0	0	0	0	0	0	0	0	0	0	0	0	0	0	0	0	0	0	0	0	0	0	0	0	0	0	0	0	0	0	0	0	0	0	0	0	0	0	0	0	0	0	0	0	0	0	0	0	0	0	0	0	0	0	0	0	0	0	0	0	0	0	0	0	0	0	0	0	0	0	0	0	0	0	0	0	0	0	0	0
2024.27110639893	0	0	0	0	0	0	0	0	0	0	0	0	0	0	0	0	0	0	0	0	0	0	0	0	0	0	0	0	0	0	0	0	0	0	0	0	0	0	0	0	0	0	0	0	0	0	0	0	0	0	0	0	0	0	0	0	0	0	0	0	0	0	0	0	0	0	0	0	0	0	0	0	0	0	0	0	0	0	0	0	0	0	0	0	0	0	0	0	0	0	0	0	0	0	0	0	0	0	0	0	0	0	0	0	0	0	0	0	0	0	0	0	0	0	0	0	0	0	0	0	0	0	0	0	0	0	0	0	0	0	0	0	0	0	0	0	0	0	0	0	0	0	0	0	0	0	0	0	0	0	0	0	0	0	0	0	0	0	0	0	0	0	0	0	0	0	0	0	0	0	0	0	0	0	0	0	0	0	0	0	0	0	0	0	0	0	0	0	0	0	0	0	0	0	0	0	0	0	0	0	0	0	0	0	0	0	0	0	0	0	0	0	0	0	0	0	0	0	0	0	0	0	0	0	0	0	0	0	0	0	0	0	0	0	0	0	0	0	0	0	0	0	0	0	0	0	0	0	0	0	0	0	0	0	0	0	0	0	0	0	0	0	0	0	0	0	0	0	0	0	0	0	0	0	0	0	0	0	0	0	0	0	0	0	0	0	0	0	0	0	0	0	0	0	0	0	0	0	0	0	0	0	0	0	0	0	0	0	0	0	0	0	0	0	0	0	0	0	0	0	0	0	0	0	0	0	0	0	0	0	0	0	0	0	0	0	0	0	0	0	0	0	0	0	0	0	0	0	0	0	0	0	0	0	0	0	0	0	0	0	0	0	0	0	0	0	0	0	0	0	0	0	0	0	0	0	0	0	0	0	0	0	0	0	0	0	0	0	0	0	0	0	0	0	0	0	0	0	0	0	0	0	0	0	0	0	0	0	0	0	0	0	0	0	0	0	0	0	0	0	0	0	0	0	0	0	0	0	0	0	0	0	0	0	0	0	0	0	0	0	0	0	0	0	0	0	0	0	0	0	0	0	0	0	0	0	0	0	0	0	0	0	0	0	0	0	0	0	0	0	0	0	0	0	0	0	0	0	0	0	0	0	0	0	0	0	0	0	0	0	0	0	0	0	0	0	0	0	0	0	0	0	0	0	0	0	0	0	0	0	0	0	0	0	0	0	0	0	0	0	0	0	0	0	0	0	0	0	0	0	0	0	0	0	0	0	0	0	0	0	0	0	0	0	0	0	0	0	0	0	0	0	0	0	0	0	0	0	0	0	0	0	0	0	0	0	0	0	0	0	0	0	0	0	0	0	0	0	0	0	0	0	0	0	0	0	0	0	0	0	0	0	0	0	0	0	0	0	0	0	0	0	0	0	0	0	0	0	0	0	0	0	0	0	0	0	0	0	0	0	0	0	0	0	0	0	0	0	0	0	0	0	0	0	0	0	0	0	0	0	0	0	0	0	0	0	0	0	0	0	0	0	0	0	0	0	0	0	0	0	0	0	0	0	0	0	0	0	0	0	0	0	0	0	0	0	0	0	0	0	0	0	0	0	0	0	0	0	0	0	0	0	0	0	0	0	0	0	0	0	0	0	0	0	0	0	0	0	0	0	0	0	0	0	0	0	0	0	0	0	0	0	0	0	0	0	0	0	0	0	0	0	0	0	0	0	0	0	0	0	0	0	0	0	0	0	0	0	0	0	0	0	0	0	0	0	0	0	0	0	0	0	0	0	0	0	0	0	0	0	0	0	0	0	0	0	0	0	0	0	0	0	0	0	0	0	0	0	0	0	0	0	0	0	0	0	0	0	0	0	0	0	0	0	0	0	0	0	0	0	0	0	0	0	89.2512677950328	0	0	0	0	0	0	0	0	0	0	0	0	0	0	0	0	0	0	0	0	0	0	0	0	0	0	0	0	0	0	0	0	0	0	0	0	0	0	0	0	0	0	0	0	0	0	0	0	0	0	0	0	0	0	0	0	0	0	0	0	0	0	0	0	0	0	0	0	0	0	0	0	0	0	0	0	0	0	0	0	0	0	0	0	0	0	0	0	0	0	0	0	0	0	0	0	0	0	0	0	0	0	0	0	0	0	0	0	0	0	0	0	0	0	0	0	0	0	0	0	0	0	0	0	0	0	0	0	0	0	0	0	0	0	0	0	0	0	0	0	0	0	0	0	0	0	0	0	0	0	0	0	0	0	0	0	0	0	0	0	0	0	0	0	0	0	0	0	0	0	0	0	0	0	0	0	0	0	0	0	0	0	0	0	0
2024.27647079024	0	0	0	0	0	0	0	0	0	0	0	0	0	0	0	0	0	0	0	0	0	0	0	0	0	0	0	0	0	0	0	0	0	0	0	0	0	0	0	0	0	0	0	0	0	0	0	0	0	0	0	0	0	0	0	0	0	0	0	0	0	0	0	0	0	0	0	0	0	0	0	0	0	0	0	0	0	0	0	0	0	0	0	0	0	0	0	0	0	0	0	0	0	0	0	0	0	0	0	0	0	0	0	0	0	0	0	0	0	0	0	0	0	0	0	0	0	0	0	0	0	0	0	0	0	0	0	0	0	0	0	0	0	0	0	0	0	0	0	0	0	0	0	0	0	0	0	0	0	0	0	0	0	0	0	0	0	0	0	0	0	0	0	0	0	0	0	0	0	0	0	0	0	0	0	0	0	0	0	0	0	0	0	0	0	0	0	0	0	0	0	0	0	0	0	0	0	0	0	0	0	0	0	0	0	0	0	0	0	0	0	0	0	0	0	0	0	0	0	0	0	0	0	0	0	0	0	0	0	0	0	0	0	0	0	0	0	0	0	0	0	0	0	0	0	0	0	0	0	0	0	0	0	0	0	0	0	0	0	0	0	0	0	0	0	0	0	0	0	0	0	0	0	0	0	0	0	0	0	0	0	0	0	0	0	0	0	0	0	0	0	0	0	0	0	0	0	0	0	0	0	0	0	0	0	0	0	0	0	0	0	0	0	0	0	0	0	0	0	0	0	0	0	0	0	0	0	0	0	0	0	0	0	0	0	0	0	0	0	0	0	0	0	0	0	0	0	0	0	0	0	0	0	0	0	0	0	0	0	0	0	0	0	0	0	0	0	0	0	0	0	0	0	0	0	0	0	0	0	0	0	0	0	0	0	0	0	0	0	0	0	0	0	0	0	0	0	0	0	0	0	0	0	0	0	0	0	0	0	0	0	0	0	0	0	0	0	0	0	0	0	0	0	0	0	0	0	0	0	0	0	0	0	0	0	0	0	0	0	0	0	0	0	0	0	0	0	0	0	0	0	0	0	0	0	0	0	0	0	0	0	0	0	0	0	0	0	0	0	0	0	0	0	0	0	0	0	0	0	0	0	0	0	0	0	0	0	0	0	0	0	0	0	0	0	0	0	0	0	0	0	0	0	0	0	0	0	0	0	0	0	0	0	0	0	0	0	0	0	0	0	0	0	0	0	0	0	0	0	0	0	0	0	0	0	0	0	0	0	0	0	0	0	0	0	0	0	0	0	0	0	0	0	0	0	0	0	0	0	0	0	0	0	0	0	0	0	0	0	0	0	0	0	0	0	0	0	0	0	0	0	0	0	0	0	0	0	0	0	0	0	0	0	0	0	0	0	0	0	0	0	0	0	0	0	0	0	0	0	0	0	0	0	0	0	0	0	0	0	0	0	0	0	0	0	0	0	0	0	0	0	0	0	0	0	0	0	0	0	0	0	0	0	0	0	0	0	0	0	0	0	0	0	0	0	0	0	0	0	0	0	0	0	0	0	0	0	0	0	0	0	0	0	0	0	0	0	0	0	0	0	0	0	0	0	0	0	0	0	0	0	0	0	0	0	0	0	0	0	0	0	0	0	0	0	0	0	0	0	0	0	0	0	0	0	0	0	0	0	0	0	0	0	0	0	0	0	0	0	0	0	0	0	0	0	0	0	0	0	0	0	0	0	0	0	0	0	0	0	0	0	0	0	0	0	0	0	0	0	0	0	0	0	0	0	0	0	0	0	0	0	0	0	0	0	0	0	0	0	0	0	0	0	0	0	0	0	0	0	0	0	0	0	0	0	0	0	0	0	0	0	0	0	0	0	0	0	0	0	0	0	0	0	0	111.575452605761	0	0	0	0	0	0	0	0	0	0	0	0	0	0	0	0	0	0	0	0	0	0	0	0	0	0	0	0	0	0	0	0	0	0	0	0	0	0	0	0	0	0	0	0	0	0	0	0	0	0	0	0	0	0	0	0	0	0	0	0	0	0	0	0	0	0	0	0	0	0	0	0	0	0	0	0	0	0	0	0	0	0	0	0	0	0	0	0	0	0	0	0	0	0	0	0	0	0	0	0	0	0	0	0	0	0	0	0	0	0	0	0	0	0	0	0	0	0	0	0	0	0	0	0	0	0	0	0	0	0	0	0	0	0	0	0	0	0	0	0	0	0	0	0	0	0	0	0	0	0	0	0	0	0	0	0	0	0	0	0	0	0	0	0	0	0	0	0	0	0	0	0	0	0	0	0	0	0	0	0	0	0	0	0	0
2024.28183518155	0	0	0	0	0	0	0	0	0	0	0	0	0	0	0	0	0	0	0	0	0	0	0	0	0	0	0	0	0	0	0	0	0	0	0	0	0	0	0	0	0	0	0	0	0	0	0	0	0	0	0	0	0	0	0	0	0	0	0	0	0	0	0	0	0	0	0	0	0	0	0	0	0	0	0	0	0	0	0	0	0	0	0	0	0	0	0	0	0	0	0	0	0	0	0	0	0	0	0	0	0	0	0	0	0	0	0	0	0	0	0	0	0	0	0	0	0	0	0	0	0	0	0	0	0	0	0	0	0	0	0	0	0	0	0	0	0	0	0	0	0	0	0	0	0	0	0	0	0	0	0	0	0	0	0	0	0	0	0	0	0	0	0	0	0	0	0	0	0	0	0	0	0	0	0	0	0	0	0	0	0	0	0	0	0	0	0	0	0	0	0	0	0	0	0	0	0	0	0	0	0	0	0	0	0	0	0	0	0	0	0	0	0	0	0	0	0	0	0	0	0	0	0	0	0	0	0	0	0	0	0	0	0	0	0	0	0	0	0	0	0	0	0	0	0	0	0	0	0	0	0	0	0	0	0	0	0	0	0	0	0	0	0	0	0	0	0	0	0	0	0	0	0	0	0	0	0	0	0	0	0	0	0	0	0	0	0	0	0	0	0	0	0	0	0	0	0	0	0	0	0	0	0	0	0	0	0	0	0	0	0	0	0	0	0	0	0	0	0	0	0	0	0	0	0	0	0	0	0	0	0	0	0	0	0	0	0	0	0	0	0	0	0	0	0	0	0	0	0	0	0	0	0	0	0	0	0	0	0	0	0	0	0	0	0	0	0	0	0	0	0	0	0	0	0	0	0	0	0	0	0	0	0	0	0	0	0	0	0	0	0	0	0	0	0	0	0	0	0	0	0	0	0	0	0	0	0	0	0	0	0	0	0	0	0	0	0	0	0	0	0	0	0	0	0	0	0	0	0	0	0	0	0	0	0	0	0	0	0	0	0	0	0	0	0	0	0	0	0	0	0	0	0	0	0	0	0	0	0	0	0	0	0	0	0	0	0	0	0	0	0	0	0	0	0	0	0	0	0	0	0	0	0	0	0	0	0	0	0	0	0	0	0	0	0	0	0	0	0	0	0	0	0	0	0	0	0	0	0	0	0	0	0	0	0	0	0	0	0	0	0	0	0	0	0	0	0	0	0	0	0	0	0	0	0	0	0	0	0	0	0	0	0	0	0	0	0	0	0	0	0	0	0	0	0	0	0	0	0	0	0	0	0	0	0	0	0	0	0	0	0	0	0	0	0	0	0	0	0	0	0	0	0	0	0	0	0	0	0	0	0	0	0	0	0	0	0	0	0	0	0	0	0	0	0	0	0	0	0	0	0	0	0	0	0	0	0	0	0	0	0	0	0	0	0	0	0	0	0	0	0	0	0	0	0	0	0	0	0	0	0	0	0	0	0	0	0	0	0	0	0	0	0	0	0	0	0	0	0	0	0	0	0	0	0	0	0	0	0	0	0	0	0	0	0	0	0	0	0	0	0	0	0	0	0	0	0	0	0	0	0	0	0	0	0	0	0	0	0	0	0	0	0	0	0	0	0	0	0	0	0	0	0	0	0	0	0	0	0	0	0	0	0	0	0	0	0	0	0	0	0	0	0	0	0	0	0	0	0	0	0	0	0	0	0	0	0	0	0	0	0	0	0	0	0	0	0	0	0	0	0	0	0	0	0	0	0	0	0	0	0	0	0	0	0	0	0	0	0	0	0	0	0	0	0	0	0	0	0	0	0	0	0	0	0	0	0	0	0	0	0	0	0	0	0	0	0	0	0	0	0	0	0	0	133.904054694889	0	0	0	0	0	0	0	0	0	0	0	0	0	0	0	0	0	0	0	0	0	0	0	0	0	0	0	0	0	0	0	0	0	0	0	0	0	0	0	0	0	0	0	0	0	0	0	0	0	0	0	0	0	0	0	0	0	0	0	0	0	0	0	0	0	0	0	0	0	0	0	0	0	0	0	0	0	0	0	0	0	0	0	0	0	0	0	0	0	0	0	0	0	0	0	0	0	0	0	0	0	0	0	0	0	0	0	0	0	0	0	0	0	0	0	0	0	0	0	0	0	0	0	0	0	0	0	0	0	0	0	0	0	0	0	0	0	0	0	0	0	0	0	0	0	0	0	0	0	0	0	0	0	0	0	0	0	0	0	0	0	0	0	0	0	0	0	0	0	0	0	0	0	0	0	0	0	0	0	0	0	0	0	0	0
2024.28719957287	0	0	0	0	0	0	0	0	0	0	0	0	0	0	0	0	0	0	0	0	0	0	0	0	0	0	0	0	0	0	0	0	0	0	0	0	0	0	0	0	0	0	0	0	0	0	0	0	0	0	0	0	0	0	0	0	0	0	0	0	0	0	0	0	0	0	0	0	0	0	0	0	0	0	0	0	0	0	0	0	0	0	0	0	0	0	0	0	0	0	0	0	0	0	0	0	0	0	0	0	0	0	0	0	0	0	0	0	0	0	0	0	0	0	0	0	0	0	0	0	0	0	0	0	0	0	0	0	0	0	0	0	0	0	0	0	0	0	0	0	0	0	0	0	0	0	0	0	0	0	0	0	0	0	0	0	0	0	0	0	0	0	0	0	0	0	0	0	0	0	0	0	0	0	0	0	0	0	0	0	0	0	0	0	0	0	0	0	0	0	0	0	0	0	0	0	0	0	0	0	0	0	0	0	0	0	0	0	0	0	0	0	0	0	0	0	0	0	0	0	0	0	0	0	0	0	0	0	0	0	0	0	0	0	0	0	0	0	0	0	0	0	0	0	0	0	0	0	0	0	0	0	0	0	0	0	0	0	0	0	0	0	0	0	0	0	0	0	0	0	0	0	0	0	0	0	0	0	0	0	0	0	0	0	0	0	0	0	0	0	0	0	0	0	0	0	0	0	0	0	0	0	0	0	0	0	0	0	0	0	0	0	0	0	0	0	0	0	0	0	0	0	0	0	0	0	0	0	0	0	0	0	0	0	0	0	0	0	0	0	0	0	0	0	0	0	0	0	0	0	0	0	0	0	0	0	0	0	0	0	0	0	0	0	0	0	0	0	0	0	0	0	0	0	0	0	0	0	0	0	0	0	0	0	0	0	0	0	0	0	0	0	0	0	0	0	0	0	0	0	0	0	0	0	0	0	0	0	0	0	0	0	0	0	0	0	0	0	0	0	0	0	0	0	0	0	0	0	0	0	0	0	0	0	0	0	0	0	0	0	0	0	0	0	0	0	0	0	0	0	0	0	0	0	0	0	0	0	0	0	0	0	0	0	0	0	0	0	0	0	0	0	0	0	0	0	0	0	0	0	0	0	0	0	0	0	0	0	0	0	0	0	0	0	0	0	0	0	0	0	0	0	0	0	0	0	0	0	0	0	0	0	0	0	0	0	0	0	0	0	0	0	0	0	0	0	0	0	0	0	0	0	0	0	0	0	0	0	0	0	0	0	0	0	0	0	0	0	0	0	0	0	0	0	0	0	0	0	0	0	0	0	0	0	0	0	0	0	0	0	0	0	0	0	0	0	0	0	0	0	0	0	0	0	0	0	0	0	0	0	0	0	0	0	0	0	0	0	0	0	0	0	0	0	0	0	0	0	0	0	0	0	0	0	0	0	0	0	0	0	0	0	0	0	0	0	0	0	0	0	0	0	0	0	0	0	0	0	0	0	0	0	0	0	0	0	0	0	0	0	0	0	0	0	0	0	0	0	0	0	0	0	0	0	0	0	0	0	0	0	0	0	0	0	0	0	0	0	0	0	0	0	0	0	0	0	0	0	0	0	0	0	0	0	0	0	0	0	0	0	0	0	0	0	0	0	0	0	0	0	0	0	0	0	0	0	0	0	0	0	0	0	0	0	0	0	0	0	0	0	0	0	0	0	0	0	0	0	0	0	0	0	0	0	0	0	0	0	0	0	0	0	0	0	0	0	0	0	0	0	0	0	0	0	0	0	0	0	0	0	0	0	0	0	0	0	0	0	0	0	0	0	0	0	0	0	0	0	0	0	0	0	0	0	0	0	0	0	0	0	0	0	0	0	0	0	0	0	0	0	0	0	0	0	156.237009176562	0	0	0	0	0	0	0	0	0	0	0	0	0	0	0	0	0	0	0	0	0	0	0	0	0	0	0	0	0	0	0	0	0	0	0	0	0	0	0	0	0	0	0	0	0	0	0	0	0	0	0	0	0	0	0	0	0	0	0	0	0	0	0	0	0	0	0	0	0	0	0	0	0	0	0	0	0	0	0	0	0	0	0	0	0	0	0	0	0	0	0	0	0	0	0	0	0	0	0	0	0	0	0	0	0	0	0	0	0	0	0	0	0	0	0	0	0	0	0	0	0	0	0	0	0	0	0	0	0	0	0	0	0	0	0	0	0	0	0	0	0	0	0	0	0	0	0	0	0	0	0	0	0	0	0	0	0	0	0	0	0	0	0	0	0	0	0	0	0	0	0	0	0	0	0	0	0	0	0	0	0	0	0	0	0
2024.29256396418	0	0	0	0	0	0	0	0	0	0	0	0	0	0	0	0	0	0	0	0	0	0	0	0	0	0	0	0	0	0	0	0	0	0	0	0	0	0	0	0	0	0	0	0	0	0	0	0	0	0	0	0	0	0	0	0	0	0	0	0	0	0	0	0	0	0	0	0	0	0	0	0	0	0	0	0	0	0	0	0	0	0	0	0	0	0	0	0	0	0	0	0	0	0	0	0	0	0	0	0	0	0	0	0	0	0	0	0	0	0	0	0	0	0	0	0	0	0	0	0	0	0	0	0	0	0	0	0	0	0	0	0	0	0	0	0	0	0	0	0	0	0	0	0	0	0	0	0	0	0	0	0	0	0	0	0	0	0	0	0	0	0	0	0	0	0	0	0	0	0	0	0	0	0	0	0	0	0	0	0	0	0	0	0	0	0	0	0	0	0	0	0	0	0	0	0	0	0	0	0	0	0	0	0	0	0	0	0	0	0	0	0	0	0	0	0	0	0	0	0	0	0	0	0	0	0	0	0	0	0	0	0	0	0	0	0	0	0	0	0	0	0	0	0	0	0	0	0	0	0	0	0	0	0	0	0	0	0	0	0	0	0	0	0	0	0	0	0	0	0	0	0	0	0	0	0	0	0	0	0	0	0	0	0	0	0	0	0	0	0	0	0	0	0	0	0	0	0	0	0	0	0	0	0	0	0	0	0	0	0	0	0	0	0	0	0	0	0	0	0	0	0	0	0	0	0	0	0	0	0	0	0	0	0	0	0	0	0	0	0	0	0	0	0	0	0	0	0	0	0	0	0	0	0	0	0	0	0	0	0	0	0	0	0	0	0	0	0	0	0	0	0	0	0	0	0	0	0	0	0	0	0	0	0	0	0	0	0	0	0	0	0	0	0	0	0	0	0	0	0	0	0	0	0	0	0	0	0	0	0	0	0	0	0	0	0	0	0	0	0	0	0	0	0	0	0	0	0	0	0	0	0	0	0	0	0	0	0	0	0	0	0	0	0	0	0	0	0	0	0	0	0	0	0	0	0	0	0	0	0	0	0	0	0	0	0	0	0	0	0	0	0	0	0	0	0	0	0	0	0	0	0	0	0	0	0	0	0	0	0	0	0	0	0	0	0	0	0	0	0	0	0	0	0	0	0	0	0	0	0	0	0	0	0	0	0	0	0	0	0	0	0	0	0	0	0	0	0	0	0	0	0	0	0	0	0	0	0	0	0	0	0	0	0	0	0	0	0	0	0	0	0	0	0	0	0	0	0	0	0	0	0	0	0	0	0	0	0	0	0	0	0	0	0	0	0	0	0	0	0	0	0	0	0	0	0	0	0	0	0	0	0	0	0	0	0	0	0	0	0	0	0	0	0	0	0	0	0	0	0	0	0	0	0	0	0	0	0	0	0	0	0	0	0	0	0	0	0	0	0	0	0	0	0	0	0	0	0	0	0	0	0	0	0	0	0	0	0	0	0	0	0	0	0	0	0	0	0	0	0	0	0	0	0	0	0	0	0	0	0	0	0	0	0	0	0	0	0	0	0	0	0	0	0	0	0	0	0	0	0	0	0	0	0	0	0	0	0	0	0	0	0	0	0	14.8176374860901	0	0	0	0	0	0	0	0	0	0	0	0	0	0	0	0	0	0	0	0	0	0	0	0	0	0	0	0	0	0	0	0	0	0	0	0	0	0	0	0	0	0	0	0	0	0	0	0	0	0	0	0	0	0	0	0	0	0	0	0	0	0	0	0	0	0	0	0	0	0	0	0	0	0	0	0	0	0	0	0	0	0	0	0	0	0	0	0	0	0	0	0	0	0	0	0	0	0	0	0	0	0	0	0	0	0	0	0	0	178.57425118536	0	0	0	0	0	0	0	0	0	0	0	0	0	0	0	0	0	0	0	0	0	0	0	0	0	0	0	0	0	0	0	0	0	0	0	0	0	0	0	0	0	0	0	0	0	0	0	0	0	0	0	0	0	0	0	0	0	0	0	0	0	0	0	0	0	0	0	0	0	0	0	0	0	0	0	0	0	0	0	0	0	0	0	0	0	0	0	0	0	0	0	0	0	0	0	0	0	0	0	0	0	0	0	0	0	0	0	0	0	0	0	0	0	0	0	0	0	0	0	0	0	0	0	0	0	0	0	0	0	0	0	0	0	0	0	0	0	0	0	0	0	0	0	0	0	0	0	0	0	0	0	0	0	0	0	0	0	0	0	0	0	0	0	0	0	0	0	0	0	0	0	0	0	0	0	0	0	0	0	0	0	0	0	0	0
2024.2979283555	0	0	0	0	0	0	0	0	0	0	0	0	0	0	0	0	0	0	0	0	0	0	0	0	0	0	0	0	0	0	0	0	0	0	0	0	0	0	0	0	0	0	0	0	0	0	0	0	0	0	0	0	0	0	0	0	0	0	0	0	0	0	0	0	0	0	0	0	0	0	0	0	0	0	0	0	0	0	0	0	0	0	0	0	0	0	0	0	0	0	0	0	0	0	0	0	0	0	0	0	0	0	0	0	0	0	0	0	0	0	0	0	0	0	0	0	0	0	0	0	0	0	0	0	0	0	0	0	0	0	0	0	0	0	0	0	0	0	0	0	0	0	0	0	0	0	0	0	0	0	0	0	0	0	0	0	0	0	0	0	0	0	0	0	0	0	0	0	0	0	0	0	0	0	0	0	0	0	0	0	0	0	0	0	0	0	0	0	0	0	0	0	0	0	0	0	0	0	0	0	0	0	0	0	0	0	0	0	0	0	0	0	0	0	0	0	0	0	0	0	0	0	0	0	0	0	0	0	0	0	0	0	0	0	0	0	0	0	0	0	0	0	0	0	0	0	0	0	0	0	0	0	0	0	0	0	0	0	0	0	0	0	0	0	0	0	0	0	0	0	0	0	0	0	0	0	0	0	0	0	0	0	0	0	0	0	0	0	0	0	0	0	0	0	0	0	0	0	0	0	0	0	0	0	0	0	0	0	0	0	0	0	0	0	0	0	0	0	0	0	0	0	0	0	0	0	0	0	0	0	0	0	0	0	0	0	0	0	0	0	0	0	0	0	0	0	0	0	0	0	0	0	0	0	0	0	0	0	0	0	0	0	0	0	0	0	0	0	0	0	0	0	0	0	0	0	0	0	0	0	0	0	0	0	0	0	0	0	0	0	0	0	0	0	0	0	0	0	0	0	0	0	0	0	0	0	0	0	0	0	0	0	0	0	0	0	0	0	0	0	0	0	0	0	0	0	0	0	0	0	0	0	0	0	0	0	0	0	0	0	0	0	0	0	0	0	0	0	0	0	0	0	0	0	0	0	0	0	0	0	0	0	0	0	0	0	0	0	0	0	0	0	0	0	0	0	0	0	0	0	0	0	0	0	0	0	0	0	0	0	0	0	0	0	0	0	0	0	0	0	0	0	0	0	0	0	0	0	0	0	0	0	0	0	0	0	0	0	0	0	0	0	0	0	0	0	0	0	0	0	0	0	0	0	0	0	0	0	0	0	0	0	0	0	0	0	0	0	0	0	0	0	0	0	0	0	0	0	0	0	0	0	0	0	0	0	0	0	0	0	0	0	0	0	0	0	0	0	0	0	0	0	0	0	0	0	0	0	0	0	0	0	0	0	0	0	0	0	0	0	0	0	0	0	0	0	0	0	0	0	0	0	0	0	0	0	0	0	0	0	0	0	0	0	0	0	0	0	0	0	0	0	0	0	0	0	0	0	0	0	0	0	0	0	0	0	0	0	0	0	0	0	0	0	0	0	0	0	0	0	0	0	0	0	0	0	0	0	0	0	0	0	0	0	0	0	0	0	0	0	0	0	0	0	0	0	0	0	0	0	0	0	0	0	0	0	0	0	0	0	0	0	0	0	32.4636592318192	0	0	0	0	0	0	0	0	0	0	0	0	0	0	0	0	0	0	0	0	0	0	0	0	0	0	0	0	0	0	0	0	0	0	0	0	0	0	0	0	0	0	0	0	0	0	0	0	0	0	0	0	0	0	0	0	0	0	0	0	0	0	0	0	0	0	0	0	0	0	0	0	0	0	0	0	0	0	0	0	0	0	0	0	0	0	0	0	0	0	0	0	0	0	0	0	0	0	0	0	0	0	0	0	0	0	0	0	0	200.915715878967	0	0	0	0	0	0	0	0	0	0	0	0	0	0	0	0	0	0	0	0	0	0	0	0	0	1.34006588277348	0	0	0	0	0	0	0	0	0	0	0	0	0	0	0	0	0	0	0	0	0	0	0	0	0	0	0	0	0	0	0	0	0	0	0	0	0	0	0	0	0	0	0	0	0	0	0	0	0	0	0	0	0	0	0	0	0	0	0	0	0	0	0	0	0	0	0	0	0	0	0	0	0	0	0	0	0	0	0	0	0	0	0	0	0	0	0	0	0	0	0	0	0	0	0	0	0	0	0	0	0	0	0	0	0	0	0	0	0	0	0	0	0	0	0	0	0	0	0	0	0	0	0	0	0	0	0	0	0	0	0	0	0	0	0	0	0	0	0	0	0	0	0	0	0	0	0	0	0	0	0	0	0	0	0	0	0	0	0
2024.30329274681	0	0	0	0	0	0	0	0	0	0	0	0	0	0	0	0	0	0	0	0	0	0	0	0	0	0	0	0	0	0	0	0	0	0	0	0	0	0	0	0	0	0	0	0	0	0	0	0	0	0	0	0	0	0	0	0	0	0	0	0	0	0	0	0	0	0	0	0	0	0	0	0	0	0	0	0	0	0	0	0	0	0	0	0	0	0	0	0	0	0	0	0	0	0	0	0	0	0	0	0	0	0	0	0	0	0	0	0	0	0	0	0	0	0	0	0	0	0	0	0	0	0	0	0	0	0	0	0	0	0	0	0	0	0	0	0	0	0	0	0	0	0	0	0	0	0	0	0	0	0	0	0	0	0	0	0	0	0	0	0	0	0	0	0	0	0	0	0	0	0	0	0	0	0	0	0	0	0	0	0	0	0	0	0	0	0	0	0	0	0	0	0	0	0	0	0	0	0	0	0	0	0	0	0	0	0	0	0	0	0	0	0	0	0	0	0	0	0	0	0	0	0	0	0	0	0	0	0	0	0	0	0	0	0	0	0	0	0	0	0	0	0	0	0	0	0	0	0	0	0	0	0	0	0	0	0	0	0	0	0	0	0	0	0	0	0	0	0	0	0	0	0	0	0	0	0	0	0	0	0	0	0	0	0	0	0	0	0	0	0	0	0	0	0	0	0	0	0	0	0	0	0	0	0	0	0	0	0	0	0	0	0	0	0	0	0	0	0	0	0	0	0	0	0	0	0	0	0	0	0	0	0	0	0	0	0	0	0	0	0	0	0	0	0	0	0	0	0	0	0	0	0	0	0	0	0	0	0	0	0	0	0	0	0	0	0	0	0	0	0	0	0	0	0	0	0	0	0	0	0	0	0	0	0	0	0	0	0	0	0	0	0	0	0	0	0	0	0	0	0	0	0	0	0	0	0	0	0	0	0	0	0	0	0	0	0	0	0	0	0	0	0	0	0	0	0	0	0	0	0	0	0	0	0	0	0	0	0	0	0	0	0	0	0	0	0	0	0	0	0	0	0	0	0	0	0	0	0	0	0	0	0	0	0	0	0	0	0	0	0	0	0	0	0	0	0	0	0	0	0	0	0	0	0	0	0	0	0	0	0	0	0	0	0	0	0	0	0	0	0	0	0	0	0	0	0	0	0	0	0	0	0	0	0	0	0	0	0	0	0	0	0	0	0	0	0	0	0	0	0	0	0	0	0	0	0	0	0	0	0	0	0	0	0	0	0	0	0	0	0	0	0	0	0	0	0	0	0	0	0	0	0	0	0	0	0	0	0	0	0	0	0	0	0	0	0	0	0	0	0	0	0	0	0	0	0	0	0	0	0	0	0	0	0	0	0	0	0	0	0	0	0	12.7350825209812	0	0	0	0	0	0	0	0	0	0	0	0	0	0	0	0	0	0	0	0	0	0	0	0	0	0	0	0	0	0	0	0	0	0	0	0	0	0	0	0	0	0	0	0	0	0	0	0	0	0	0	0	0	0	0	0	0	0	0	0	0	0	0	0	0	0	0	0	0	0	0	0	0	0	0	0	0	0	0	0	0	0	0	0	0	0	0	0	0	0	0	0	0	0	0	0	0	0	0	0	0	50.0964578309846	0	0	0	0	0	0	0	0	0	0	0	0	0	0	0	0	0	0	0	0	0	0	0	0	0	0	0	0	0	0	0	0	0	0	0	0	0	0	0	0	0	0	0	0	0	0	0	0	0	0	0	0	0	0	0	0	0	2.09838083645692	0	0	0	0	0	0	0	2.13194032505895	0	0	0	0	0	0	0	0	0	0	0	0	0	0	0	0	0	0	0	0	0	0	0	0	0	0	0	0	0	0	0	0	0	0	0	0	0	0	0	0	0	0	0	223.261338434952	0	0	0	0	0	0	0	0	0	0	0	0	0	0	0	0	0	0	0	0	0	0	0	0	0	9.6647596975226	0	0	0	0	0	0	0	0	0	0	0	0	0	0	0	0	0	0	0	0	0	0	0	0	0	0	0	0	0	0	0	0	0	0	0	0	0	0	0	0	0	0	0	0	0	0	0	0	0	0	0	0	0	0	0	0	0	0	0	0	0	0	0	0	0	0	0	0	0	0	0	0	0	0	0	0	0	0	0	0	0	0	0	0	0	0	0	0	0	0	0	0	0	0	0	0	0	0	0	0	0	0	0	0	0	0	0	0	0	0	0	0	0	0	0	0	0	0	0	0	0	0	0	0	0	0	0	0	0	0	0	0	0	0	0	0	0	0	0	0	0	0	0	0	0	0	0	0	0	0	0	0	0	0	0	0	0	0	0
2024.30865713812	0	0	0	0	0	0	0	0	0	0	0	0	0	0	0	0	0	0	0	0	0	0	0	0	0	0	0	0	0	0	0	0	0	0	0	0	0	0	0	0	0	0	0	0	0	0	0	0	0	0	0	0	0	0	0	0	0	0	0	0	0	0	0	0	0	0	0	0	0	0	0	0	0	0	0	0	0	0	0	0	0	0	0	0	0	0	0	0	0	0	0	0	0	0	0	0	0	0	0	0	0	0	0	0	0	0	0	0	0	0	0	0	0	0	0	0	0	0	0	0	0	0	0	0	0	0	0	0	0	0	0	0	0	0	0	0	0	0	0	0	0	0	0	0	0	0	0	0	0	0	0	0	0	0	0	0	0	0	0	0	0	0	0	0	0	0	0	0	0	0	0	0	0	0	0	0	0	0	0	0	0	0	0	0	0	0	0	0	0	0	0	0	0	0	0	0	0	0	0	0	0	0	0	0	0	0	0	0	0	0	0	0	0	0	0	0	0	0	0	0	0	0	0	0	0	0	0	0	0	0	0	0	0	0	0	0	0	0	0	0	0	0	0	0	0	0	0	0	0	0	0	0	0	0	0	0	0	0	0	0	0	0	0	0	0	0	0	0	0	0	0	0	0	0	0	0	0	0	0	0	0	0	0	0	0	0	0	0	0	0	0	0	0	0	0	0	0	0	0	0	0	0	0	0	0	0	0	0	0	0	0	0	0	0	0	0	0	0	0	0	0	0	0	0	0	0	0	0	0	0	0	0	0	0	0	0	0	0	0	0	0	0	0	0	0	0	0	0	0	0	0	0	0	0	0	0	0	0	0	0	0	0	0	0	0	0	0	0	0	0	0	0	0	0	0	0	0	0	0	0	0	0	0	0	0	0	0	0	0	0	0	0	0	0	0	0	0	0	0	0	0	0	0	0	0	0	0	0	0	0	0	0	0	0	0	0	0	0	0	0	0	0	0	0	0	0	0	0	0	0	0	0	0	0	0	0	0	0	0	0	0	0	0	0	0	0	0	0	0	0	0	0	0	0	0	0	0	0	0	0	0	0	0	0	0	0	0	0	0	0	0	0	0	0	0	0	0	0	0	0	0	0	0	0	0	0	0	0	0	0	0	0	0	0	0	0	0	0	0	0	0	0	0	0	0	0	0	0	0	0	0	0	0	0	0	0	0	0	0	0	0	0	0	0	0	0	0	0	0	0	0	0	0	0	0	0	0	0	0	0	0	0	0	0	0	0	0	0	0	0	0	0	0	0	0	0	0	0	0	0	0	0	0	0	0	0	0	0	0	0	0	0	0	0	0	0	0	0	0	0	0	0	0	0	0	0	0	0	0	0	0	0	0	0	0	0	0	0	0	0	0	0	35.4791072788561	0	0	0	0	0	0	0	0	0	0	0	0	0	0	0	0	0	0	0	0	0	0	0	0	0	0	0	0	0	0	0	0	0	0	0	0	0	0	0	0	0	0	0	0	0	0	0	0	0	0	0	0	0	0	0	0	0	0	0	0	0	0	0	0	0	0	0	0	0	0	0	0	0	0	0	0	0	0	0	0	0	0	0	0	0	0	0	0	0	0	0	0	0	0	0	0	0	0	0	0	0	67.7159914855564	0	0	0	0	0	0	0	0	0	0	0	0	0	0	0	0	0	0	0	0	0	0	0	0	0	0	0	0	0	0	0	0	0	0	0	0	0	0	0	0	0	0	0	0	0	0	0	0	0	0	0	0	0	0	0	0	0	7.92194173094457	0	0	0	0	0	0	0	5.94129033421188	0	0	0	0	0	0	0	0	0	0	0	0	0	0	0	0	0	0	0	0	0	0	0	0	0	0	0	0	0	0	0	0	0	0	0	0	0	0	0	0	0	0	0	245.611054053117	0	0	0	0	0	0	0	0	0	0	0	0	0	0	0	0	0	0	0	0	0	0	0	0	0	17.9928862835253	0	0	0	0	0	0	0	0	0	0	0	0	0	0	0	0	0	0	0	0	0	0	0	0	0	0	0	0	0	0	0	0	0	0	0	0	0	0	0	0	0	0	0	0	0	0	0	0	0	0	0	0	0	0	0	0	0	0	0	0	0	0	0	0	0	0	0	0	0	0	0	0	0	0	0	0	0	0	0	0	0	0	0	0	0	0	0	0	0	0	0	0	0	0	0	0	0	0	0	0	0	0	0	0	0	0	0	0	0	0	0	0	0	0	0	0	0	0	0	0	0	0	0	0	0	0	0	0	0	0	0	0	0	0	0	0	0	0	0	0	0	0	0	0	0	0	0	0	0	0	0	0	0	0	0	0	0	0	0
2024.31402152944	0	0	0	0	0	0	0	0	0	0	0	0	0	0	0	0	0	0	0	0	0	0	0	0	0	0	0	0	0	0	0	0	0	0	0	0	0	0	0	0	0	0	0	0	0	0	0	0	0	0	0	0	0	0	0	0	0	0	0	0	0	0	0	0	0	0	0	0	0	0	0	0	0	0	0	0	0	0	0	0	0	0	0	0	0	0	0	0	0	0	0	0	0	0	0	0	0	0	0	0	0	0	0	0	0	0	0	0	0	0	0	0	0	0	0	0	0	0	0	0	0	0	0	0	0	0	0	0	0	0	0	0	0	0	0	0	0	0	0	0	0	0	0	0	0	0	0	0	0	0	0	0	0	0	0	0	0	0	0	0	0	0	0	0	0	0	0	0	0	0	0	0	0	0	0	0	0	0	0	0	0	0	0	0	0	0	0	0	0	0	0	0	0	0	0	0	0	0	0	0	0	0	0	0	0	0	0	0	0	0	0	0	0	0	0	0	0	0	0	0	0	0	0	0	0	0	0	0	0	0	0	0	0	0	0	0	0	0	0	0	0	0	0	0	0	0	0	0	0	0	0	0	0	0	0	0	0	0	0	0	0	0	0	0	0	0	0	0	0	0	0	0	0	0	0	0	0	0	0	0	0	0	0	0	0	0	0	0	0	0	0	0	0	0	0	0	0	0	0	0	0	0	0	0	0	0	0	0	0	0	0	0	0	0	0	0	0	0	0	0	0	0	0	0	0	0	0	0	0	0	0	0	0	0	0	0	0	0	0	0	0	0	0	0	0	0	0	0	0	0	0	0	0	0	0	0	0	0	0	0	0	0	0	0	0	0	0	0	0	0	0	0	0	0	0	0	0	0	0	0	0	0	0	0	0	0	0	0	0	0	0	0	0	0	0	0	0	0	0	0	0	0	0	0	0	0	0	0	0	0	0	0	0	0	0	0	0	0	0	0	0	0	0	0	0	0	0	0	0	0	0	0	0	0	0	0	0	0	0	0	0	0	0	0	0	0	0	0	0	0	0	0	0	0	0	0	0	0	0	0	0	0	0	0	0	0	0	0	0	0	0	0	0	0	0	0	0	0	0	0	0	0	0	0	0	0	0	0	0	0	0	0	0	0	0	0	0	0	0	0	0	0	0	0	0	0	0	0	0	0	0	0	0	0	0	0	0	0	0	0	0	0	0	0	0	0	0	0	0	0	0	0	0	0	0	0	0	0	0	0	0	0	0	0	0	0	0	0	0	0	0	0	0	0	0	0	0	0	0	0	0	0	0	0	0	0	0	0	0	0	0	0	0	0	0	0	0	0	0	0	0	0	0	0	0	0	0	0	0	0	0	0	0	0	0	0	0	0	0	0	0	0	58.2141726491927	0	0	0	0	0	0	0	0	0	0	0	0	0	0	0	0	0	0	0	0	0	0	0	0	0	0	0	0	0	0	0	0	0	0	0	0	0	0	0	0	0	0	0	0	0	0	0	0	0	0	0	0	0	0	0	0	0	0	0	0	0	0	0	0	0	0	0	0	0	0	0	0	0	0	0	0	0	0	0	0	0	0	0	0	0	0	0	0	0	0	0	0	0	0	0	0	0	0	0	0	0	85.3222182962472	0	0	0	0	0	0	0	0	0	0	0	0	0	0	0	0	0	0	0	0	0	0	0	0	0	0	0	0	0	0	0	0	0	0	0	0	0	0	0	0	0	0	0	0	0	0	0	0	0	0	0	0	0	0	0	0	0	13.7454862149769	0	0	0	0	0	0	0	9.7515109560309	0	0	0	0	0	0	0	0	0	0	0	0	0	0	0	0	0	0	0	0	0	0	0	0	0	0	0	0	0	0	0	0	0	0	0	0	0	0	0	0	0	0	0	267.964797948499	0	0	0	0	0	0	0	0	0	0	0	0	0	0	0	0	0	0	0	0	0	0	0	0	0	26.3244405355988	0	0	0	0	0	0	0	0	0	0	0	0	0	0	0	0	0	0	0	0	0	0	0	0	0	0	0	0	0	0	0	0	0	0	0	0	0	0	0	0	0	0	0	0	0	0	0	0	0	0	0	0	0	0	0	0	0	0	0	0	0	0	0	0	0	0	0	0	0	0	0	0	0	0	0	0	0	0	0	0	0	0	0	0	0	0	0	0	0	0	0	0	0	0	0	0	0	0	0	0	0	0	0	0	0	0	0	0	0	0	0	0	0	0	0	0	0	0	0	0	0	0	0	0	0	0	0	0	0	0	0	0	0	0	0	0	0	0	0	0	0	0	0	0	0	0	0	0	0	0	0	0	0	0	0	0	0	0	0
2024.31938592075	0	0	0	0	0	0	0	0	0	0	0	0	0	0	0	0	0	0	0	0	0	0	0	0	0	0	0	0	0	0	0	0	0	0	0	0	0	0	0	0	0	0	0	0	0	0	0	0	0	0	0	0	0	0	0	0	0	0	0	0	0	0	0	0	0	0	0	0	0	0	0	0	0	0	0	0	0	0	0	0	0	0	0	0	0	0	0	0	0	0	0	0	0	0	0	0	0	0	0	0	0	0	0	0	0	0	0	0	0	0	0	0	0	0	0	0	0	0	0	0	0	0	0	0	0	0	0	0	0	0	0	0	0	0	0	0	0	0	0	0	0	0	0	0	0	0	0	0	0	0	0	0	0	0	0	0	0	0	0	0	0	0	0	0	0	0	0	0	0	0	0	0	0	0	0	0	0	0	0	0	0	0	0	0	0	0	0	0	0	0	0	0	0	0	0	0	0	0	0	0	0	0	0	0	0	0	0	0	0	0	0	0	0	0	0	0	0	0	0	0	0	0	0	0	0	0	0	0	0	0	0	0	0	0	0	0	0	0	0	0	0	0	0	0	0	0	0	0	0	0	0	0	0	0	0	0	0	0	0	0	0	0	0	0	0	0	0	0	0	0	0	0	0	0	0	0	0	0	0	0	0	0	0	0	0	0	0	0	0	0	0	0	0	0	0	0	0	0	0	0	0	0	0	0	0	0	0	0	0	0	0	0	0	0	0	0	0	0	0	0	0	0	0	0	0	0	0	0	0	0	0	0	0	0	0	0	0	0	0	0	0	0	0	0	0	0	0	0	0	0	0	0	0	0	0	0	0	0	0	0	0	0	0	0	0	0	0	0	0	0	0	0	0	0	0	0	0	0	0	0	0	0	0	0	0	0	0	0	0	0	0	0	0	0	0	0	0	0	0	0	0	0	0	0	0	0	0	0	0	0	0	0	0	0	0	0	0	0	0	0	0	0	0	0	0	0	0	0	0	0	0	0	0	0	0	0	0	0	0	0	0	0	0	0	0	0	0	0	0	0	0	0	0	0	0	0	0	0	0	0	0	0	0	0	0	0	0	0	0	0	0	0	0	0	0	0	0	0	0	0	0	0	0	0	0	0	0	0	0	0	0	0	0	0	0	0	0	0	0	0	0	0	0	0	0	0	0	0	0	0	0	0	0	0	0	0	0	0	0	0	0	0	0	0	0	0	0	0	0	0	0	0	0	0	0	0	0	0	0	0	0	0	0	0	0	0	0	0	0	0	0	0	0	0	0	0	0	0	0	0	0	0	0	0	0	0	0	0	0	0	0	0	0	0	0	0	0	0	0	0	0	0	0	0	0	0	0	0	0	0	0	0	0	0	0	0	0	0	0	0	0	0	80.9402325873828	0	0	0	0	0	0	0	0	0	0	0	0	0	0	0	0	0	0	0	0	0	0	0	0	0	0	0	0	0	0	0	0	0	0	0	0	0	0	0	0	0	0	0	0	0	0	0	0	0	0	0	0	0	0	0	0	0	0	0	0	0	0	0	0	0	0	0	0	0	0	0	0	0	0	0	0	0	0	0	0	0	0	0	0	0	0	0	0	0	0	0	0	0	0	0	0	0	0	0	0	0	102.91509626505	0	0	0	0	0	0	0	0	0	0	0	0	0	0	0	0	0	0	0	0	0	0	0	0	0	0	0	0	0	0	0	0	0	0	0	0	0	0	0	0	0	0	0	0	0	0	0	0	0	0	0	0	0	0	0	0	0	19.5690142670025	0	0	0	0	0	0	0	13.5626015865387	0	0	0	0	0	0	0	0	0	0	0	0	0	0	0	0	0	0	0	0	0	0	0	0	0	0	0	0	0	0	0	0	0	0	0	0	0	0	0	0	0	0	0	290.322505352909	0	0	0	0	0	0	0	0	0	0	0	0	0	0	0	0	0	0	0	0	0	0	0	0	0	34.6594173550941	0	0	0	0	0	0	0	0	0	0	0	0	0	0	0	0	0	0	0	0	0	0	0	0	0	0	0	0	0	0	0	0	0	0	0	0	0	0	0	0	0	0	0	0	0	0	0	0	0	0	0	0	0	0	0	0	0	0	0	0	0	0	0	0	0	0	0	0	0	0	0	0	0	0	0	0	0	0	0	0	0	0	0	0	0	0	0	0	0	0	0	0	0	0	0	0	0	0	0	0	0	0	0	0	0	0	0	0	0	0	0	0	0	0	0	0	0	0	0	0	0	0	0	0	0	0	0	0	0	0	0	0	0	0	0	0	0	0	0	0	0	0	0	0	0	0	0	0	0	0	0	0	0	0	0	0	0	0	0
2024.32475031207	0	0	0	0	0	0	0	0	0	0	0	0	0	0	0	0	0	0	0	0	0	0	0	0	0	0	0	0	0	0	0	0	0	0	0	0	0	0	0	0	0	0	0	0	0	0	0	0	0	0	0	0	0	0	0	0	0	0	0	0	0	0	0	0	0	0	0	0	0	0	0	0	0	0	0	0	0	0	0	0	0	0	0	0	0	0	0	0	0	0	0	0	0	0	0	0	0	0	0	0	0	0	0	0	0	0	0	0	0	0	0	0	0	0	0	0	0	0	0	0	0	0	0	0	0	0	0	0	0	0	0	0	0	0	0	0	0	0	0	0	0	0	0	0	0	0	0	0	0	0	0	0	0	0	0	0	0	0	0	0	0	0	0	0	0	0	0	0	0	0	0	0	0	0	0	0	0	0	0	0	0	0	0	0	0	0	0	0	0	0	0	0	0	0	0	0	0	0	0	0	0	0	0	0	0	0	0	0	0	0	0	0	0	0	0	0	0	0	0	0	0	0	0	0	0	0	0	0	0	0	0	0	0	0	0	0	0	0	0	0	0	0	0	0	0	0	0	0	0	0	0	0	0	0	0	0	0	0	0	0	0	0	0	0	0	0	0	0	0	0	0	0	0	0	0	0	0	0	0	0	0	0	0	0	0	0	0	0	0	0	0	0	0	0	0	0	0	0	0	0	0	0	0	0	0	0	0	0	0	0	0	0	0	0	0	0	0	0	0	0	0	0	0	0	0	0	0	0	0	0	0	0	0	0	0	0	0	0	0	0	0	0	0	0	0	0	0	0	0	0	0	0	0	0	0	0	0	0	0	0	0	0	0	0	0	0	0	0	0	0	0	0	0	0	0	0	0	0	0	0	0	0	0	0	0	0	0	0	0	0	0	0	0	0	0	0	0	0	0	0	0	0	0	0	0	0	0	0	0	0	0	0	0	0	0	0	0	0	0	0	0	0	0	0	0	0	0	0	0	0	0	0	0	0	0	0	0	0	0	0	0	0	0	0	0	0	0	0	0	0	0	0	0	0	0	0	0	0	0	0	0	0	0	0	0	0	0	0	0	0	0	0	0	0	0	0	0	0	0	0	0	0	0	0	0	0	0	0	0	0	0	0	0	0	0	0	0	0	0	0	0	0	0	0	0	0	0	0	0	0	0	0	0	0	0	0	0	0	0	0	0	0	0	0	0	0	0	0	0	0	0	0	0	0	0	0	0	0	0	0	0	0	0	0	0	0	0	0	0	0	0	0	0	0	0	0	0	0	0	0	0	0	0	0	0	0	0	0	0	0	0	0	0	0	0	0	0	0	0	0	0	0	0	0	0	0	0	0	0	0	0	0	0	0	0	0	0	0	0	0	0	0	103.657240961696	0	0	0	0	0	0	0	0	0	0	0	0	0	0	0	0	0	0	0	0	0	0	0	0	0	0	0	0	0	0	0	0	0	0	0	0	0	0	0	0	0	0	0	0	0	0	0	0	0	0	0	0	0	0	0	0	0	0	0	0	0	0	0	0	0	0	0	0	0	0	0	0	0	0	0	0	0	0	0	0	0	0	0	0	0	0	0	0	0	0	0	0	0	0	0	0	0	0	0	0	0	120.494583297666	0	0	0	0	0	0	0	0	0	0	0	0	0	0	0	0	0	0	0	0	0	0	0	0	0	0	0	0	0	0	0	0	0	0	0	0	0	0	0	0	0	0	0	0	0	0	0	0	0	0	0	0	0	0	0	0	0	25.3925258696556	0	0	0	0	0	0	0	17.3745616188914	0	0	0	0	0	0	0	0	0	0	0	0	0	0	0	0	0	0	0	0	0	0	0	0	0	0	0	0	0	0	0	0	0	0	0	0	0	0	0	0	0	0	0	312.684111516397	0	0	0	0	0	0	0	0	0	0	0	0	0	0	0	0	0	0	0	0	0	0	0	0	0	42.9978116487226	0	0	0	0	0	0	0	0	0	0	0	0	0	0	0	0	0	0	0	0	0	0	0	0	0	0	0	0	0	0	0	0	0	0	0	0	0	0	0	0	0	0	0	0	0	0	0	0	0	0	0	0	0	0	0	0	0	0	0	0	0	0	0	0	0	0	0	0	0	0	0	0	0	0	0	0	0	0	0	0	0	0	0	0	0	0	0	0	0	0	0	0	0	0	0	0	0	0	0	0	0	0	0	0	0	0	0	0	0	0	0	0	0	0	0	0	0	0	0	0	0	0	0	0	0	0	0	0	0	0	0	0	0	0	0	0	0	0	0	0	0	0	0	0	0	0	0	0	0	0	0	0	0	0	0	0	0	0	0
2024.33011470338	0	0	0	0	0	0	0	0	0	0	0	0	0	0	0	0	0	0	0	0	0	0	0	0	0	0	0	0	0	0	0	0	0	0	0	0	0	0	0	0	0	0	0	0	0	0	0	0	0	0	0	0	0	0	0	0	0	0	0	0	0	0	0	0	0	0	0	0	0	0	0	0	0	0	0	0	0	0	0	0	0	0	0	0	0	0	0	0	0	0	0	0	0	0	0	0	0	0	0	0	0	0	0	0	0	0	0	0	0	0	0	0	0	0	0	0	0	0	0	0	0	0	0	0	0	0	0	0	0	0	0	0	0	0	0	0	0	0	0	0	0	0	0	0	0	0	0	0	0	0	0	0	0	0	0	0	0	0	0	0	0	0	0	0	0	0	0	0	0	0	0	0	0	0	0	0	0	0	0	0	0	0	0	0	0	0	0	0	0	0	0	0	0	0	0	0	0	0	0	0	0	0	0	0	0	0	0	0	0	0	0	0	0	0	0	0	0	0	0	0	0	0	0	0	0	0	0	0	0	0	0	0	0	0	0	0	0	0	0	0	0	0	0	0	0	0	0	0	0	0	0	0	0	0	0	0	0	0	0	0	0	0	0	0	0	0	0	0	0	0	0	0	0	0	0	0	0	0	0	0	0	0	0	0	0	0	0	0	0	0	0	0	0	0	0	0	0	0	0	0	0	0	0	0	0	0	0	0	0	0	0	0	0	0	0	0	0	0	0	0	0	0	0	0	0	0	0	0	0	0	0	0	0	0	0	0	0	0	0	0	0	0	0	0	0	0	0	0	0	0	0	0	0	0	0	0	0	0	0	0	0	0	0	0	0	0	0	0	0	0	0	0	0	0	0	0	0	0	0	0	0	0	0	0	0	0	0	0	0	0	0	0	0	0	0	0	0	0	0	0	0	0	0	0	0	0	0	0	0	0	0	0	0	0	0	0	0	0	0	0	0	0	0	0	0	0	0	0	0	0	0	0	0	0	0	0	0	0	0	0	0	0	0	0	0	0	0	0	0	0	0	0	0	0	0	0	0	0	0	0	0	0	0	0	0	0	0	0	0	0	0	0	0	0	0	0	0	0	0	0	0	0	0	0	0	0	0	0	0	0	0	0	0	0	0	0	0	0	0	0	0	0	0	0	0	0	0	0	0	0	0	0	0	0	0	0	0	0	0	0	0	0	0	0	0	0	0	0	0	0	0	0	0	0	0	0	0	0	0	0	0	0	0	0	0	0	0	0	0	0	0	0	0	0	0	0	0	0	0	0	0	0	0	0	0	0	0	0	0	0	0	0	0	0	0	0	0	0	0	0	0	0	0	0	0	0	0	0	0	0	0	0	0	0	0	0	0	0	0	0	0	0	126.365151546814	0	0	0	0	0	0	0	0	0	0	0	0	0	0	0	0	0	0	0	0	0	0	0	0	0	0	0	0	0	0	0	0	0	0	0	0	0	0	0	0	0	0	0	0	0	0	0	0	0	0	0	0	0	0	0	0	0	0	0	0	0	0	0	0	0	0	0	0	0	0	0	0	0	0	0	0	0	0	0	0	0	0	0	0	0	0	0	0	0	0	0	0	0	0	0	0	0	0	0	0	0	138.060637198635	0	0	0	0	0	0	0	0	0	0	0	0	0	0	0	0	0	0	0	0	0	0	0	0	0	0	0	0	0	0	0	0	0	0	0	0	0	0	0	0	0	0	0	0	0	0	0	0	0	0	0	0	0	0	0	0	0	31.2160210042321	0	0	0	0	0	0	0	21.1873904471898	0	0	0	0	0	0	0	0	0	0	0	0	0	0	0	0	0	0	0	0	0	0	0	0	0	0	0	0	0	0	0	0	0	0	0	0	0	0	0	0	0	0	0	335.049551700245	0	0	0	0	0	0	0	0	0	0	0	0	0	0	0	0	0	0	0	0	0	0	0	0	0	51.3396183284118	0	0	0	0	0	0	0	0	0	0	0	0	0	0	0	0	0	0	0	0	0	0	0	0	0	0	0	0	0	0	0	0	0	0	0	0	0	0	0	0	0	0	0	0	0	0	0	0	0	0	0	0	0	0	0	0	0	0	0	0	0	0	0	0	0	0	0	0	0	0	0	0	0	0	0	0	0	0	0	0	0	0	0	0	0	0	0	0	0	0	0	0	0	0	0	0	0	0	0	0	0	0	0	0	0	0	0	0	0	0	0	0	0	0	0	0	0	0	0	0	0	0	0	0	0	0	0	0	0	0	0	0	0	0	0	0	0	0	0	0	0	0	0	0	0	0	0	0	0	0	0	0	0	0	0	0	0	0	0
2024.33547909469	0	0	0	0	0	0	0	0	0	0	0	0	0	0	0	0	0	0	0	0	0	0	0	0	0	0	0	0	0	0	0	0	0	0	0	0	0	0	0	0	0	0	0	0	0	0	0	0	0	0	0	0	0	0	0	0	0	0	0	0	0	0	0	0	0	0	0	0	0	0	0	0	0	0	0	0	0	0	0	0	0	0	0	0	0	0	0	0	0	0	0	0	0	0	0	0	0	0	0	0	0	0	0	0	0	0	0	0	0	0	0	0	0	0	0	0	0	0	0	0	0	0	0	0	0	0	0	0	0	0	0	0	0	0	0	0	0	0	0	0	0	0	0	0	0	0	0	0	0	0	0	0	0	0	0	0	0	0	0	0	0	0	0	0	0	0	0	0	0	0	0	0	0	0	0	0	0	0	0	0	0	0	0	0	0	0	0	0	0	0	0	0	0	0	0	0	0	0	0	0	0	0	0	0	0	0	0	0	0	0	0	0	0	0	0	0	0	0	0	0	0	0	0	0	0	0	0	0	0	0	0	0	0	0	0	0	0	0	0	0	0	0	0	0	0	0	0	0	0	0	0	0	0	0	0	0	0	0	0	0	0	0	0	0	0	0	0	0	0	0	0	0	0	0	0	0	0	0	0	0	0	0	0	0	0	0	0	0	0	0	0	0	0	0	0	0	0	0	0	0	0	0	0	0	0	0	0	0	0	0	0	0	0	0	0	0	0	0	0	0	0	0	0	0	0	0	0	0	0	0	0	0	0	0	0	0	0	0	0	0	0	0	0	0	0	0	0	0	0	0	0	0	0	0	0	0	0	0	0	0	0	0	0	0	0	0	0	0	0	0	0	0	0	0	0	0	0	0	0	0	0	0	0	0	0	0	0	0	0	0	0	0	0	0	0	0	0	0	0	0	0	0	0	0	0	0	0	0	0	0	0	0	0	0	0	0	0	0	0	0	0	0	0	0	0	0	0	0	0	0	0	0	0	0	0	0	0	0	0	0	0	0	0	0	0	0	0	0	0	0	0	0	0	0	0	0	0	0	0	0	0	0	0	0	0	0	0	0	0	0	0	0	0	0	0	0	0	0	0	0	0	0	0	0	0	0	0	0	0	0	0	0	0	0	0	0	0	0	0	0	0	0	0	0	0	0	0	0	0	0	0	0	0	0	0	0	0	0	0	0	0	0	0	0	0	0	0	0	0	0	0	0	0	0	0	0	0	0	0	0	0	0	0	0	0	0	0	0	0	0	0	0	0	0	0	0	0	0	0	0	0	0	0	0	0	0	0	0	0	0	0	0	0	0	0	0	0	0	0	0	0	0	0	0	0	0	0	0	0	0	0	0	0	0	0	0	0	0	0	0	0	0	149.063918027236	0	0	0	0	0	0	0	0	0	0	0	0	0	0	0	0	0	0	0	0	0	0	0	0	0	0	0	0	0	0	0	0	0	0	0	0	0	0	0	0	0	0	0	0	0	0	0	0	0	0	0	0	0	0	0	0	0	0	0	0	0	0	0	0	0	0	0	0	0	0	0	0	0	0	0	0	0	0	0	0	0	0	0	0	0	0	0	0	0	0	0	0	0	0	0	0	0	0	0	0	0	155.613215673904	0	0	0	0	0	0	0	0	0	0	0	0	0	0	0	0	0	0	0	0	0	0	0	0	0	0	0	0	0	0	0	0	0	0	0	0	0	0	0	0	0	0	0	0	0	0	0	0	0	0	0	0	0	0	0	0	0	37.0394996520833	0	0	0	0	0	0	0	25.001087464816	0	0	0	0	0	0	0	0	0	0	0	0	0	0	0	0	0	0	0	0	0	0	0	0	0	0	0	0	0	0	0	0	0	0	0	0	0	0	0	0	0	0	0	357.418761179362	0	0	0	0	0	0	0	0	0	0	0	0	0	0	0	0	0	0	0	0	0	0	0	0	0	59.6848323111098	0	0	0	0	0	0	0	0	0	0	0	0	0	0	0	0	0	0	0	0	0	0	0	0	0	0	0	0	0	0	0	0	0	0	0	0	0	0	0	0	0	0	0	0	0	0	0	0	0	0	0	0	0	0	0	0	0	0	0	0	0	0	0	0	0	0	0	0	0	0	0	0	0	0	0	0	0	0	0	0	0	0	0	0	0	0	0	0	0	0	0	0	0	0	0	0	0	0	0	0	0	0	0	0	0	0	0	0	0	0	0	0	0	0	0	0	0	0	0	0	0	0	0	0	0	0	0	0	0	0	0	0	0	0	0	0	0	0	0	0	0	0	0	0	0	0	0	0	0	0	0	0	0	0	0	0	0	0	0
2024.34084348601	0	0	0	0	0	0	0	0	0	0	0	0	0	0	0	0	0	0	0	0	0	0	0	0	0	0	0	0	0	0	0	0	0	0	0	0	0	0	0	0	0	0	0	0	0	0	0	0	0	0	0	0	0	0	0	0	0	0	0	0	0	0	0	0	0	0	0	0	0	0	0	0	0	0	0	0	0	0	0	0	0	0	0	0	0	0	0	0	0	0	0	0	0	0	0	0	0	0	0	0	0	0	0	0	0	0	0	0	0	0	0	0	0	0	0	0	0	0	0	0	0	0	0	0	0	0	0	0	0	0	0	0	0	0	0	0	0	0	0	0	0	0	0	0	0	0	0	0	0	0	0	0	0	0	0	0	0	0	0	0	0	0	0	0	0	0	0	0	0	0	0	0	0	0	0	0	0	0	0	0	0	0	0	0	0	0	0	0	0	0	0	0	0	0	0	0	0	0	0	0	0	0	0	0	0	0	0	0	0	0	0	0	0	0	0	0	0	0	0	0	0	0	0	0	0	0	0	0	0	0	0	0	0	0	0	0	0	0	0	0	0	0	0	0	0	0	0	0	0	0	0	0	0	0	0	0	0	0	0	0	0	0	0	0	0	0	0	0	0	0	0	0	0	0	0	0	0	0	0	0	0	0	0	0	0	0	0	0	0	0	0	0	0	0	0	0	0	0	0	0	0	0	0	0	0	0	0	0	0	0	0	0	0	0	0	0	0	0	0	0	0	0	0	0	0	0	0	0	0	0	0	0	0	0	0	0	0	0	0	0	0	0	0	0	0	0	0	0	0	0	0	0	0	0	0	0	0	0	0	0	0	0	0	0	0	0	0	0	0	0	0	0	0	0	0	0	0	0	0	0	0	0	0	0	0	0	0	0	0	0	0	0	0	0	0	0	0	0	0	0	0	0	0	0	0	0	0	0	0	0	0	0	0	0	0	0	0	0	0	0	0	0	0	0	0	0	0	0	0	0	0	0	0	0	0	0	0	0	0	0	0	0	0	0	0	0	0	0	0	0	0	0	0	0	0	0	0	0	0	0	0	0	0	0	0	0	0	0	0	0	0	0	0	0	0	0	0	0	0	0	0	0	0	0	0	0	0	0	0	0	0	0	0	0	0	0	0	0	0	0	0	0	0	0	0	0	0	0	0	0	0	0	0	0	0	0	0	0	0	0	0	0	0	0	0	0	0	0	0	0	0	0	0	0	0	0	0	0	0	0	0	0	0	0	0	0	0	0	0	0	0	0	0	0	0	0	0	0	0	0	0	0	0	0	0	0	0	0	0	0	0	0	0	0	0	0	0	0	0	0	0	0	0	0	0	0	0	0	0	0	0	0	0	0	0	0	0	0	0	0	0	0	171.753493993912	0	0	0	0	0	0	0	0	0	0	0	0	0	0	0	0	0	0	0	0	0	0	0	0	0	0	0	0	0	0	0	0	0	0	0	0	0	0	0	0	0	0	0	0	0	0	0	0	0	0	0	0	0	0	0	0	0	0	0	0	0	0	0	0	0	0	0	0	0	0	0	0	0	0	0	0	0	0	0	0	0	0	0	0	0	0	0	0	0	0	0	0	0	0	0	0	0	0	0	0	0	173.152276329508	0	0	0	0	0	0	0	0	0	0	0	0	0	0	0	0	0	0	0	0	0	0	0	0	0	0	0	0	0	0	0	0	0	0	0	0	0	0	0	0	0	0	0	0	0	0	0	0	0	0	0	0	0	0	0	0	0	42.8629617941355	0	0	0	0	0	0	0	28.8156520662852	0	0	0	0	0	0	0	0	0	0	0	0	0	0	0	0	0	0	0	0	0	0	0	0	0	0	0	0	0	0	0	0	0	0	0	0	0	0	0	0	0	0	0	379.791675239095	0	0	0	0	0	0	0	0	0	0	0	0	0	0	0	0	0	0	0	0	0	0	0	0	0	68.0334485186478	0	0	0	0	0	0	0	0	0	0	0	0	0	0	0	0	0	0	0	0	0	0	0	0	0	0	0	0	0	0	0	0	0	0	0	0	0	0	0	0	0	0	0	0	0	0	0	0	0	0	0	0	0	0	0	0	0	0	0	0	0	0	0	0	0	0	0	0	0	0	0	0	0	0	0	0	0	0	0	0	0	0	0	0	0	0	0	0	0	0	0	0	0	0	0	0	0	0	0	0	0	0	0	0	0	0	0	0	0	0	0	0	0	0	0	0	0	0	0	0	0	0	0	0	0	0	0	0	0	0	0	0	0	0	0	0	0	0	0	0	0	0	0	0	0	0	0	0	0	0	0	0	0	0	0	0	0	0	0
2024.34620787732	0	0	0	0	0	0	0	0	0	0	0	0	0	0	0	0	0	0	0	0	0	0	0	0	0	0	0	0	0	0	0	0	0	0	0	0	0	0	0	0	0	0	0	0	0	0	0	0	0	0	0	0	0	0	0	0	0	0	0	0	0	0	0	0	0	0	0	0	0	0	0	0	0	0	0	0	0	0	0	0	0	0	0	0	0	0	0	0	0	0	0	0	0	0	0	0	0	0	0	0	0	0	0	0	0	0	0	0	0	0	0	0	0	0	0	0	0	0	0	0	0	0	0	0	0	0	0	0	0	0	0	0	0	0	0	0	0	0	0	0	0	0	0	0	0	0	0	0	0	0	0	0	0	0	0	0	0	0	0	0	0	0	0	0	0	0	0	0	0	0	0	0	0	0	0	0	0	0	0	0	0	0	0	0	0	0	0	0	0	0	0	0	0	0	0	0	0	0	0	0	0	0	0	0	0	0	0	0	0	0	0	0	0	0	0	0	0	0	0	0	0	0	0	0	0	0	0	0	0	0	0	0	0	0	0	0	0	0	0	0	0	0	0	0	0	0	0	0	0	0	0	0	0	0	0	0	0	0	0	0	0	0	0	0	0	0	0	0	0	0	0	0	0	0	0	0	0	0	0	0	0	0	0	0	0	0	0	0	0	0	0	0	0	0	0	0	0	0	0	0	0	0	0	0	0	0	0	0	0	0	0	0	0	0	0	0	0	0	0	0	0	0	0	0	0	0	0	0	0	0	0	0	0	0	0	0	0	0	0	0	0	0	0	0	0	0	0	0	0	0	0	0	0	0	0	0	0	0	0	0	0	0	0	0	0	0	0	0	0	0	0	0	0	0	0	0	0	0	0	0	0	0	0	0	0	0	0	0	0	0	0	0	0	0	0	0	0	0	0	0	0	0	0	0	0	0	0	0	0	0	0	0	0	0	0	0	0	0	0	0	0	0	0	0	0	0	0	0	0	0	0	0	0	0	0	0	0	0	0	0	0	0	0	0	0	0	0	0	0	0	0	0	0	0	0	0	0	0	0	0	0	0	0	0	0	0	0	0	0	0	0	0	0	0	0	0	0	0	0	0	0	0	0	0	0	0	0	0	0	0	0	0	0	0	0	0	0	0	0	0	0	0	0	0	0	0	0	0	0	0	0	0	0	0	0	0	0	0	0	0	0	0	0	0	0	0	0	0	0	0	0	0	0	0	0	0	0	0	0	0	0	0	0	0	0	0	0	0	0	0	0	0	0	0	0	0	0	0	0	0	0	0	0	0	0	0	0	0	0	0	0	0	0	0	0	0	0	0	0	0	0	0	0	0	0	0	0	0	0	0	0	0	0	0	0	0	0	0	0	0	0	0	194.433832947792	0	0	0	0	0	0	0	0	0	0	0	0	0	0	0	0	0	0	0	0	0	0	0	0	0	0	0	0	0	0	0	0	0	0	0	0	0	0	0	0	0	0	0	0	0	0	0	0	0	0	0	0	0	0	0	0	0	0	0	0	0	0	0	0	0	0	0	0	0	0	0	0	0	0	0	0	0	0	0	0	0	0	0	0	0	0	0	0	0	0	0	0	0	0	0	0	0	0	0	0	0	190.677776674195	0	0	0	0	0	0	0	0	0	0	0	0	0	0	0	0	0	0	0	0	0	0	0	0	0	0	0	0	0	0	0	0	0	0	0	0	0	0	0	0	0	0	0	0	0	0	0	0	0	0	0	0	0	0	0	0	0	48.6864074126086	0	0	0	0	0	0	0	32.6310836461372	0	0	0	0	0	0	0	0	0	0	0	0	0	0	0	0	0	0	0	0	0	0	0	0	0	0	0	0	0	0	0	0	0	0	0	0	0	0	0	0	0	0	0	402.168229177617	0	0	0	0	0	0	0	0	0	0	0	0	0	0	0	0	0	0	0	0	0	0	0	0	0	76.3854618798636	0	0	0	0	0	0	0	0	0	0	0	0	0	0	0	0	0	0	0	0	0	0	0	0	0	0	0	0	0	0	0	0	0	0	0	0	0	0	0	0	0	0	0	0	0	0	0	0	0	0	0	0	0	0	0	0	0	0	0	0	0	0	0	0	0	0	0	0	0	0	0	0	0	0	0	0	0	0	0	0	0	0	0	0	0	0	0	0	0	0	0	0	0	0	0	0	0	0	0	0	0	0	0	0	0	0	0	0	0	0	0	0	0	0	0	0	0	0	0	0	0	0	0	0	0	0	0	0	0	0	0	0	0	0	0	0	0	0	0	0	0	0	0	0	0	0	0	0	0	0	0	0	0	0	0	0	0	0	0
2024.35157226864	0	0	0	0	0	0	0	0	0	0	0	0	0	0	0	0	0	0	0	0	0	0	0	0	0	0	0	0	0	0	0	0	0	0	0	0	0	0	0	0	0	0	0	0	0	0	0	0	0	0	0	0	0	0	0	0	0	0	0	0	0	0	0	0	0	0	0	0	0	0	0	0	0	0	0	0	0	0	0	0	0	0	0	0	0	0	0	0	0	0	0	0	0	0	0	0	0	0	0	0	0	0	0	0	0	0	0	0	0	0	0	0	0	0	0	0	0	0	0	0	0	0	0	0	0	0	0	0	0	0	0	0	0	0	0	0	0	0	0	0	0	0	0	0	0	0	0	0	0	0	0	0	0	0	0	0	0	0	0	0	0	0	0	0	0	0	0	0	0	0	0	0	0	0	0	0	0	0	0	0	0	0	0	0	0	0	0	0	0	0	0	0	0	0	0	0	0	0	0	0	0	0	0	0	0	0	0	0	0	0	0	0	0	0	0	0	0	0	0	0	0	0	0	0	0	0	0	0	0	0	0	0	0	0	0	0	0	0	0	0	0	0	0	0	0	0	0	0	10.105991378334	0	0	0	0	0	0	0	0	0	0	0	0	0	0	0	0	0	0	0	0	0	0	0	0	0	0	0	0	0	0	0	0	0	0	0	0	0	0	0	0	0	0	0	0	0	0	0	0	0	0	0	0	0	0	0	0	0	0	0	0	0	0	0	0	0	0	0	0	0	0	0	0	0	0	0	0	0	0	0	0	0	0	0	0	0	0	0	0	0	0	0	0	0	0	0	0	0	0	0	0	0	0	0	0	0	0	0	0	0	0	0	0	0	0	0	0	0	0	0	0	0	0	0	0	0	0	0	0	0	0	0	0	0	0	0	0	0	0	0	0	0	0	0	0	0	0	0	0	0	0	0	0	0	0	0	0	0	0	0	0	0	0	0	0	0	0	0	0	0	0	0	0	0	0	0	0	0	0	0	0	0	0	0	0	0	0	0	0	0	0	0	0	0	0	0	0	0	0	0	0	0	0	0	0	0	0	0	0	0	0	0	0	0	0	0	0	0	0	0	0	0	0	0	0	0	0	0	0	0	0	0	0	0	0	0	0	0	0	0	0	0	0	0	0	0	0	0	0	0	0	0	0	0	0	0	0	0	0	0	0	0	0	0	0	0	0	0	0	0	0	0	0	0	0	0	0	0	0	0	0	0	0	0	0	0	0	0	0	0	0	0	0	0	0	0	0	0	0	0	0	0	0	0	0	0	0	0	0	0	0	0	0	0	0	0	0	0	0	0	0	0	0	0	0	0	0	0	0	0	0	0	0	0	0	0	0	0	0	0	0	0	0	0	0	0	0	0	0	0	0	0	0	0	217.104888293036	0	0	0	0	0	0	0	0	0	0	0	0	0	0	0	0	0	0	0	0	0	0	0	0	0	0	0	0	0	0	0	0	0	0	0	0	0	0	0	0	0	0	0	0	0	0	0	0	0	0	0	0	0	0	0	0	0	0	0	0	0	0	0	0	0	0	0	0	0	0	0	0	0	0	0	0	0	0	0	0	0	0	0	0	0	0	0	0	0	0	0	0	0	0	0	0	0	0	0	0	0	208.189674114649	0	0	0	0	0	0	0	0	0	0	0	0	0	0	0	0	0	0	0	0	0	0	0	0	0	0	0	0	0	0	0	0	0	0	0	0	0	0	0	0	0	0	0	0	0	0	0	0	0	0	0	0	0	0	0	0	0	54.5098364888993	0	0	0	0	0	0	0	36.4473815990189	0	0	0	0	0	0	0	0	0	0	0	0	0	0	0	0	0	0	0	0	0	0	0	0	0	0	0	0	0	0	0	0	0	0	0	0	0	0	0	0	0	0	0	424.548358298966	0	0	0	0.0511434276920291	0	0	0	0	0	0	0	0	0	0	0	0	0	0	0	0	0	0	0	0	0	84.7408673275105	0	0	0	0	0	0	0	0	0	0	0	0	0	0	0	0	0	0	0	0	0	0	0	0	0	0	0	0	0	0	0	0	0	0	0	0	0	0	0	0	0	0	0	0	0	0	0	0	0	0	0	0	0	0	0	0	0	0	0	0	0	0	0	0	0	0	0	0	0	0	0	0	0	0	0	0	0	0	0	0	0	0	0	0	0	0	0	0	0	0	0	0	0	0	0	0	0	0	0	0	0	0	0	0	0	0	0	0	0	0	0	0	0	0	0	0	0	0	0	0	0	0	0	0	0	0	0	0	0	0	0	0	0	0	0	0	0	0	0	0	0	0	0	0	0	0	0	0	0	0	0	0	0	0	0	0	0	0	0
2024.35693665995	0	0	0	0	0	0	0	0	0	0	0	0	0	0	0	0	0	0	0	0	0	0	0	0	0	0	0	0	0	0	0	0	0	0	0	0	0	0	0	0	0	0	0	0	0	0	0	0	0	0	0	0	0	0	0	0	0	0	0	0	0	0	0	0	0	0	0	0	0	0	0	0	0	0	0	0	0	0	0	0	0	0	0	0	0	0	0	0	0	0	0	0	0	0	0	0	0	0	0	0	0	0	0	0	0	0	0	0	0	0	0	0	0	0	0	0	0	0	0	0	0	0	0	0	0	0	0	0	0	0	0	0	0	0	0	0	0	0	0	0	0	0	0	0	0	0	0	0	0	0	0	0	0	0	0	0	0	0	0	0	0	0	0	0	0	0	0	0	0	0	0	0	0	0	0	0	0	0	0	0	0	0	0	0	0	0	0	0	0	0	0	0	0	0	0	0	0	0	0	0	0	0	0	0	0	0	0	0	0	0	0	0	0	0	0	0	0	0	0	0	0	0	0	0	0	0	0	0	0	0	0	0	0	0	0	0	0	0	0	0	0	0	0	0	0	0	0	0	34.5193662113876	0	0	0	0	0	0	0	0	0	0	0	0	0	0	0	0	0	0	0	0	0	0	0	0	0	0	0	0	0	0	0	0	0	0	0	0	0	0	0	0	0	0	0	0	0	0	0	0	0	0	0	0	0	0	0	0	0	0	0	0	0	0	0	0	0	0	0	0	0	0	0	0	0	0	0	0	0	0	0	0	0	0	0	0	0	0	0	0	0	0	0	0	0	0	0	0	0	0	0	0	0	0	0	0	0	0	0	0	0	0	0	0	0	0	0	0	0	0	0	0	0	0	0	0	0	0	0	0	0	0	0	0	0	0	0	0	0	0	0	0	0	0	0	0	0	0	0	0	0	0	0	0	0	0	0	0	0	0	0	0	0	0	0	0	0	0	0	0	0	0	0	0	0	0	0	0	0	0	0	0	0	0	0	0	0	0	0	0	0	0	0	0	0	0	0	0	0	0	0	0	0	0	0	0	0	0	0	0	0	0	0	0	0	0	0	0	0	0	0	0	0	0	0	0	0	0	0	0	0	0	0	0	0	0	0	0	0	0	0	0	0	0	0	7.21171583141143	0	0	0	0	0	0	0	0	0	0	0	0	0	0	0	0	0	0	0	0	0	0	0	0	0	0	0	0	0	0	0	0	0	0	0	0	0	0	0	0	0	0	0	0	0	0	0	0	0	0	0	0	0	0	0	0	0	0	0	0	0	0	0	0	0	0	0	0	0	0	0	0	0	0	0	0	0	0	0	0	0	0	0	0	0	0	0	0	0	0	0	0	0	0	0	0	0	0	0	0	0	0	0	0	0	0	0	0	0	239.766613340159	0	0	0	0	0	0	0	0	0	0	0	0	0	0	0	0	0	0	0	0	0	0	0	0	0	0	0	0	0	0	0	0	0	0	0	0	0	0	0	0	0	0	0	0	0	0	0	0	0	0	0	0	0	0	0	0	0	0	0	0	0	0	0	0	0	0	0	0	0	0	0	0	0	0	0	0	0	0	0	0	0	0	0	0	0	0	0	0	0	0	0	0	0	0	0	0	0	0	0	0	0	225.687925958646	0	0	0	0	0	0	0	0	0	0	0	0	0	0	0	0	0	0	0	0	0	0	0	0	0	0	0	0	0	0	0	0	0	0	0	0	0	0	0	0	0	0	0	0	0	0	0	0	0	0	0	0	0	0	0	0	0	60.3332490043354	0	0	0	0	0	0	0	40.2645453196082	0	0	0	0	0	0	0	0	0	0	0	0	0	0	0	0	0	0	0	0	0	0	0	0	0	0	0	0	0	0	0	0	0	0	0	0	0	0	0	0	0	0	0	446.931997915372	0	0	0	0.107489568382067	0	0	0	0	0	0	0	0	0	0	0	0	0	0	0	0	0	0	0	0	0	93.0996598000655	0	0	0	0	0	0	0	0	0	0	0	0	0	0	0	0	0	0	0	0	0	0	0	0	0	0	0	0	0	0	0	0	0	0	0	0	0	0	0	0	0	0	0	0	0	0	0	0	0	0	0	0	0	0	0	0	0	0	0	0	0	0	0	0	0	0	0	0	0	0	0	0	0	0	0	0	0	0	0	0	0	0	0	0	0	0	0	0	0	0	0	0	0	0	0	0	0	0	0	0	0	0	0	0	0	0	0	0	0	0	0	0	0	0	0	0	0	0	0	0	0	0	0	0	0	0	0	0	0	0	0	0	0	0	0	0	0	0	0	0	0	0	0	0	0	0	0	0	0	0	0	0	0	0	0	0	0	0	0
2024.36230105126	0	0	0	0	0	0	0	0	0	0	0	0	0	0	0	0	0	0	0	0	0	0	0	0	0	0	0	0	0	0	0	0	0	0	0	0	0	0	0	0	0	0	22.0039590423185	0	0	0	0	0	0	0	0	0	0	0	0	0	0	0	0	0	0	0	0	0	0	0	0	0	0	0	0	0	0	0	0	0	0	0	0	0	0	0	0	0	0	0	0	0	0	0	0	0	0	0	0	0	0	0	0	0	0	0	0	0	0	0	0	0	0	0	0	0	0	0	0	0	0	0	0	0	0	0	0	0	0	0	0	0	0	0	0	0	0	0	0	0	0	0	0	0	0	0	0	0	0	0	0	0	0	0	0	0	0	0	0	0	0	0	0	0	0	0	0	0	0	0	0	0	0	0	0	0	0	0	0	0	0	0	0	0	0	0	0	0	0	0	0	0	0	0	0	0	0	0	0	0	0	0	0	0	0	0	0	0	0	0	0	0	0	0	0	0	0	0	0	0	0	0	0	0	0	0	0	0	0	0	0	0	0	3.45059682798482	0	0	0	0	0	0	0	0	0	0	0	0	0	0	0	0	0	0	58.9652029541237	0	0	0	0	0	0	0	0	0	0	0	0	0	0	0	0	0	0	0	0	0	0	0	0	0	0	0	0	0	0	0	0	0	0	0	0	0	0	0	0	0	0	0	0	0	0	0	0	0	0	0	0	0	0	0	0	0	0	0	0	0	0	0	0	0	0	0	0	0	0	0	0	0	0	0	0	0	0	0	0	0	0	0	0	0	0	0	0	0	0	0	0	0	0	0	0	0	0	0	0	0	0	0	0	0	0	0	0	0	0	0	0	0	0	0	0	0	0	0	0	0	0	0	0	0	0	0	0	0	0	0	0	0	0	0	0	0	0	0	0	0	0	0	0	0	0	0	0	0	0	0	0	0	0	0	0	0	0	0	0	0	0	0	0	0	0	0	0	0	0	0	0	0	0	0	5.4022244588112	0	0	0	0	0	0	0	0	0	0	0	0	0	0	0	0	0	0	0	0	0	0	0.277701056435234	0	0	0	0	0	0	0	0	0	0	0	0	0	0	0	0	0	0	0	0	0	0	0	0	0	0	2.55609316448128	0	0	0	0	0	0	0	0	0	0	0	0	0	0	0	0	0	34.4370305059342	0	0	0	0	0	0	0	0	0	0	0	0	0	0	0	0	0	0	0	0	0	0	0	0	0	0	0	0	0	0	0	0	0	0	0	0	0	0	0	0	0	0	0	0	0	0	0	0	0	0	0	0	0	0	0	0	0	0	0	0	0	0	0	0	0	0	0	0	0	0	0	0	0	0	0	0	0	0	0	0	0	0	0	0	0	0.468916580475825	0	0	0	0	0	0	0	0	0	0	0	0	0	0	0	0	0	0	0	0	0	0	0	262.418961303179	0	0	0	0	0	0	0	0	0	0	0	0	0	0	0	0	0	0	0	0	0	0	0	0	0	0	0	0	0	0	0	0	0	0	0	0	0	0	0	0	0	0	0	0	0	0	0	0	0	0	0	0	0	0	0	0	0	0	0	0	0	0	0	0	0	0	0	0	0	0	0	0	0	0	0	0	0	0	0	0	0	0	0	0	0	0	0	0	0	0	0	0	0	0	0	0	0	0	0	0	0	243.172489413002	0	0	0	0	0	0	0	0	0	0	0	0	0	0	0	0	0	0	0	0	0	0	0	0	0	0	0	0	0	0	0	0	0	0	0	0	0	0	0	0	0	0	0	0	0	0	0	0	0	0	0	0	0	0	0	0	0	66.1566449399181	0	0	0	0	0	0.93737176959186	0	44.0825742034987	0	0	0	0	0	0	0	0	0	0	0	0	0	0	0	0	0	0	0	0	0	0	0	0	0	0	0	0	0	0	0	0	0	0	0	0	0	0	0	0	0	0	0	469.319083344048	0	0	0	0.163835615746796	0	0	0	0	0	0	0	0	0	0	0	0	0	0	0	0	0	0	0	0	0	101.461834241119	0	0	0	0	0	0	0	0	0	0	0	0	0	0	0	0	0	0	0	0	0	0	0	0	0	0	0	0	0	0	0	0	0	0	0	0	0	0	0	0	0	0	0	0	0	0	0	0	0	0	0	0	0	0	0	0	0	0	0	0	0	0	0	0	0	0	0	0	0	0	0	0	0	0	0	0	0	0	0	0	0	0	0	0	0	0	0	0	0	0	0	0	0	0	0	0	0	0	0	0	0	0	0	0	0	0	0	0	0	0	0	0	0	0	0	0	0	0	0	0	0	0	0	0	0	0	0	0	0	0	0	0	0	0	0	0	0	0	0	0	0	0	0	0	0	0	0	0	0	0	0	0	0	0	0	0	0	0	0
2024.36766544258	0	0	0	0	0	0	0	0	0	0	0	0	0	0	0	0	0	0	0	0	0	0	0	0	0	0	0	0	0	0	0	0	0	0	0	0	0	0	0	0	0	0	49.7212023023438	0	0	0	0	0	0	0	0	0	0	0	0	0	0	0	0	0	0	0	0	0	0	0	0	0	0	0	0	0	0	0	0	0	0	0	0	0	0	0	0	0	0	0	0	0	0	0	0	0	0	0	0	0	0	0	0	0	0	0	0	0	0	0	0	0	0	0	0	0	0	0	0	0	0	0	0	0	0	0	0	0	0	0	0	0	0	0	0	0	0	0	0	0	0	0	0	0	0	0	0	0	0	0	0	0	0	0	0	0	0	0	0	0	0	0	0	0	0	0	0	0	0	0	0	0	0	0	0	0	0	0	0	0	0	0	0	0	0	0	0	0	0	0	0	0	0	0	0	0	0	0	0	0	0	0	0	0	0	0	0	0	0	0	0	0	0	0	0	0	0	0	0	0	0	0	0	0	0	0	0	0	0	0	0	0	0	26.7826868239719	0	0	0	0	0	0	0	0	0	0	0	0	0	0	0	0	0	0	83.4433586002806	0	0	0	0	0	0	0	0	0	0	0	0	0	0	0	0	0	0	0	0	0	0	0	0	0	0	0	0	0	0	0	0	0	0	0	0	0	0	0	0	0	0	0	0	0	0	0	0	0	0	0	0	0	0	0	0	0	0	0	0	0	0	0	0	0	0	0	0	0	0	0	0	0	0	0	0	0	0	0	0	0	0	0	0	0	0	0	0	0	0	0	0	0	0	0	0	0	0	0	0	0	0	0	0	0	0	0	0	0	0	0	0	0	0	0	0	0	0	0	0	0	0	0	0	0	0	0	0	0	0	0	0	0	0	0	0	0	0	0	0	0	0	0	0	0	0	0	0	0	0	0	0	0	0	0	0	0	0	0	0	0	0	0	0	0	0	0	0	0	0	0	0	0	0	0	25.8288987983596	0	0	0	0	0	0	0	0	0	0	0	0	0	0	0	0	0	0	0	0	0	0	1.60761854016038	0	0	0	0	0	0	0	0	0	0	0	0	0	0	0	0	0	0	0	0	0	0	0	0	0	0	19.8242146411164	0	0	0	0	0	0	0	0	0	0	0	0	0	0	0	0	0	61.6719426541519	0	0	0	0	0	0	0	0	0	0	0	0	0	0	0	0	0	0	0	0	0	0	0	0	0	0	0	0	0	0	0	0	0	0	0	0	0	0	0	0	0	0	0	0	0	0	0	0	0	0	0	0	0	0	0	0	0	0	0	0	0	0	0	0	0	0	0	0	0	0	0	0	0	0	0	0	0	0	0	0	0	0	0	0	0	2.2416111061178	0	0	0	0	0	0	0	0	0	0	0	0	0	0	0	0	0	0	0	0	0	0	0	285.061885302763	0	0	0	0	0	0	0	0	0	0	0	0	0	0	0	0	0	0	0	0	0	0	0	0	0	0	0	0	0	0	0	0	0	0	0	0	0	0	0	0	0	0	0	0	0	0	0	0	0	0	0	0	0	0	0	0	0	0	0	0	0	0	0	0	0	0	0	0	0	0	0	0	0	0	0	0	0	0	0	0	0	0	0	0	0	0	0	0	0	0	0	0	0	0	0	0	0	0	0	0	0	260.64332158665	0	0	0	0	0	0	13.4871174702371	0	0	0	0	0	0	0	0	0	0	0	0	0	0	0	0	0	0	0	0	0	0	0	0	0	0	0	0	0	0	0	0	0	0	0	0	0	0	0	0	0	0	0	0	0	0	0	0	0	0	71.9800242778826	0	0	0	0	0	17.1608798151679	0	47.9014676463414	0	0	0	0	0	0	0	0	0	0	0	0	0	0	0	0	0	0	0	0	0	0	0	0	0	0	0	0	0	0	0	0	0	0	0	0	0	0	0	0	0	0	0	491.70954990975	0	0	0	0.220181579894668	0	0	0	0	0	0	0	0	0	0	0	0	0	0	0	0	0	0	0	0	0	109.827385600592	0	0	0	0	0	0	0	0	0	0	0	0	0	0	0	0	0	0	0	0	0	0	0	0	0	0	0	0	0	22.8210717352098	0	0	0	0	0	0	0	0	0	0	0	0	0	0	0	0	0	0	0	0	0	0	0	0	0	0	0	0	0	0	0	0	0	0	0	0	0	0	0	0	0	0	0	0	0	0	0	0	0	0	0	0	0	0	0	0	0	0	0	0	0	0	0	0	0	0	0	0	0	0	0	0	0	0	0	0	0	0	0	0	0	0	0	0	0	0	0	0	0	0	0	0	0	0	0	0	0	0	0	0	0	0	0	0	0	0	0	0	0	0	0	0	0	0	0	0	0	0	0	0	0	0	0	0	0	0	0	0	0
2024.37302983389	0	0	0	0	0	0	0	0	0	0	0	0	0	0	0	0	0	0	0	0	0	0	0	0	0	0	0	0	0	0	0	0	0	0	0	0	0	0	0	0	0	0	77.4639057243436	0	0	0	0	0	0	0	0	0	0	0	0	0	0	0	0	0	0	0	0	0	0	0	0	0	0	0	0	0	0	0	0	0	0	0	0	0	0	0	0	0	0	0	0	0	0	0	0	0	0	0	0	0	0	0	0	0	0	0	0	0	0	0	0	0	0	0	0	0	0	0	0	0	0	0	0	0	0	0	0	0	0	0	0	0	0	0	0	0	0	0	0	0	0	0	0	0	0	0	0	0	0	0	0	0	0	0	0	0	0	0	0	0	0	0	0	0	0	0	0	0	0	0	0	0	0	0	0	0	0	0	0	0	0	0	0	0	0	0	0	0	0	0	0	0	0	0	0	0	0	0	0	0	0	0	0	0	0	0	0	0	0	0	0	0	0	0	0	0	0	0	0	0	0	0	0	0	0	0	0	0	0	0	0	0	0	50.1462378091022	0	0	0	0	0	0	0	0	0	0	0	0	0	0	0	0	0	0	107.953690578447	0	0	0	0	0	0	0	0	0	0	0	0	0	0	0	0	0	0	0	0	0	0	0	0	0	0	0	0	0	0	0	0	0	0	0	0	0	0	0	0	0	0	0	0	0	0	0	0	0	0	0	0	0	0	0	0	0	0	0	0	0	0	0	0	0	0	0	0	0	0	0	0	0	0	0	0	0	0	0	0	0	0	0	0	0	0	0	0	0	0	0	0	0	0	0	0	0	0	0	0	0	0	0	0	0	0	0	0	0	0	0	0	0	0	0	0	0	0	0	0	0	0	0	0	0	0	0	0	0	0	0	0	0	0	0	0	0	0	0	0	0	0	0	0	0	0	0	0	0	0	0	0	0	0	0	0	0	0	0	0	0	0	0	0	0	0	0	0	0	0	0	0	0	0	0	46.2619945851706	0	0	0	0	0	0	0	0	0	0	0	0	0	0	0	0	0	0	0	0	0	0	2.93762601500151	0	0	0	0	0	0	0	0	0	0	0	0	0	0	0	0	0	0	0	0	0	0	0	0	0	0	37.0886055972269	0	0	0	0	0	0	0	0	0	0	0	0	0	0	0	0	0	88.9163575116196	0	0	0	0	0	0	0	0	0	0	0	0	0	0	0	0	0	0	0	0	0	0	0	0	0	0	0	0	0	0	0	0	0	0	0	0	0	0	0	0	0	0	0	0	0	0	0	0	0	0	0	0	0	0	0	0	0	0	0	0	0	0	0	0	0	0	0	0	0	0	0	0	0	0	0	0	0	0	0	0	0	0	0	0	0	4.01430570442617	0	0	0	0	0	0	0	0	0	0	0	0	0	0	0	0	0	0	0	0	0	0	0	307.695338359604	0	0	0	0	0	0	0	0	0	0	0	0	0	0	0	0	0	0	0	0	0	0	0	0	0	0	0	0	0	0	0	0	0	0	0	0	0	0	0	0	0	0	0	0	0	0	0	0	0	0	0	0	5.76369930784586	0	0	0	0	0	0	0	0	0	0	0	0	0	0	0	0	0	0	0	0	0	0	0	0	0	0	0	0	0	0	0	0	0	0	0	0	0	0	0	0	0	0	0	0	0	0	0	0	278.100379485841	0	0	0	0	0	0	42.6868623108583	0	0	0	0	0	0	0	0	0	0	0	0	0	0	0	0	0	0	0	0	0	0	0	0	0	0	0	0	0	0	0	0	0	0	0	0	0	0	0	0	0	0	0	0	0	0	0	0	0	0	77.803386999423	0	0	0	0	0	33.3787671087502	0	51.7212250436277	0	0	0	0	0	0	0	0	0	0	0	0	0	0	0	0	0	0	0	0	0	0	0	0	0	0	0	0	0	0	0	0	0	0	0	0	0	0	0	0	0	0	0	514.103332937496	0	0	0	0.276527446362001	0	0	0	0	0	0	0	0	0	0	0	0	0	0	0	0	1.4360376651783	0	0	0	0	118.196308832677	0	0	0	0	0	0	0	0	0	0	0	0	0	0	0	0	0	0	0	0	0	0	0	0	0	0	0	0	0	72.3926707191449	0	0	0	0	0	0	0	0	0	0	0	0	0	0	0	0	0	0	0	0	0	0	0	0	0	0	0	0	0	0	0	0	0	0	0	0	0	0	0	0	0	0	0	0	0	0	0	0	0	0	0	0	0	0	0	0	0	0	0	0	0	0	0	0	0	0	0	0	0	0	0	0	0	0	0	0	0	0	0	0	0	0	0	0	0	0	0	0	0	0	0	0	0	0	0	0	0	0	0	0	0	0	0	0	0	0	0	0	0	0	0	0	0	0	0	0	0	0	0	0	0	0	0	0	0	0	0	0	0
2024.37839422521	0	0	0	0	0	0	0	0	0	0	0	0	0	0	0	0	0	0	0	0	0	0	0	0	0	0	0	0	0	0	0	0	0	0	0	0	0	0	0	0	0	0	105.23189940175	0	0	0	0	0	0	0	0	0	0	0	0	0	0	0	0	0	0	0	0	0	0	0	0	0	0	0	0	0	0	0	0	0	0	0	0	0	0	0	0	0	0	0	0	0	0	0	0	0	0	0	0	0	0	0	0	0	0	0	0	0	0	0	0	0	0	0	0	0	0	0	0	0	0	0	0	0	0	0	0	0	0	0	0	0	0	0	0	0	0	0	0	0	0	0	0	0	0	0	0	0	0	0	0	0	0	0	0	0	0	0	0	0	0	0	0	0	0	0	0	0	0	0	0	0	0	0	0	0	0	0	0	0	0	0	0	0	0	0	0	0	0	0	0	0	0	0	0	0	0	0	0	0	0	0	0	0	0	0	0	0	0	0	0	0	0	0	0	0	0	0	0	0	0	0	0	0	0	0	0	0	0	0	0	0	0	73.5411169494271	0	0	0	0	0	0	0	0	0	0	0	0	0	0	0	0	0	0	132.496056755143	0	0	0	0	0	0	0	0	0	0	0	0	0	0	0	0	0	0	0	0	0	0	0	0	0	0	0	0	0	0	0	0	0	0	0	0	0	0	0	0	0	0	0	0	0	0	0	0	0	0	0	0	0	0	0	0	0	0	0	0	0	0	0	0	0	0	0	0	0	0	0	0	0	0	0	0	0	0	0	0	0	0	0	0	0	0	0	0	0	1.80114234365966	0	0	0	0	0	0	0	0	0	0	0	0	0	0	0	0	0	0	0	0	0	0	0	0	0	0	0	0	0	0	0	0	0	0	0	0	0	0	0	7.00889381854683	0	0	0	0	0	0	0	0	0	0	0	0	0	0	0	0	0	0	0	0	0	0	0	0	0	0	0	0	0	0	0	0	0	0	0	0	0	0	0	0	0	0	0	0	0	66.7014730676676	0	0	0	0	0	0	0	0	0	0	0	0	0	0	0	0	0	37.2357447477277	0	0	0	0	4.26772343813917	0	0	0	0	0	0	0	0	0	0	0	0	0	0	0	0	0	0	0	0	0	0	0	0	0	0	54.3492534213319	0	0	0	0	0	0	0	0	0	0	0	0	0	0	0	0	0	116.170180425708	0	0	0	0	0	0	0	0	0	0	0	0	0	0	0	0	0	0	0	0	0	0	0	0	0	0	0	0	0	0	0	0	0	0	0	0	0	0	0	0	0	0	0	0	0	0	0	0	0	0	0	0	0	0	0	0	0	0	0	0	0	0	0	0	0	0	0	0	0	0	0	0	0	0	0	0	0	0	0	0	0	0	0	0	0	5.78700035063121	0	0	0	0	0	0	0	0	0	0	0	0	0	0	0	0	0	0	0	0	0	0	0	330.319273397477	0	0	0	0	0	0	0	0	0	0	0	0	0	0	0	0	0	0	0	0	0	0	0	0	0	0	0	0	0	0	0	0	0	0	0	0	0	0	0	0	0	0	0	0	0	0	0	0	0	0	0	0	16.6414758135826	0	0	0	0	0	0	0	0	0	0	0	0	0	0	0	0	0	0	0	0	0	0	0	0	0	0	0	0	0	0	0	0	0	0	0	0	0	0	0	0	0	0	0	0	0	0	0	0	295.543620017028	0	0	0	0	0	0	71.8467379452564	0	0	0	0	0	0	0	0	0	0	0	0	0	0	0	0	0	0	0	0	0	0	0	0	0	0	0	0	0	0	0	0	0	0	0	0	0	0	0	0	0	0	0	0	0	0	0	0	0	0	83.6267330859596	0	0	0	0	0	49.591014374801	0	55.5418457914568	0	0	0	0	0	0	0	0	0	0	0	0	0	0	0	0	0	0	0	0	0	0	0	0	0	0	0	0	0	0	0	0	0	0	0	0	0	0	0	0	0	0	0	536.500367755161	0	0	0	0.33287323761726	0	0	0	0	0	0	0	0	0	0	0	0	0	0	0	0	13.592631176979	0	0	0	0	126.568598897294	2.55596045356678	0	0	0	0	0	0	0	0	0	0	0	0	0	0	0	0	0	0	0	0	0	0	0	0	0	0	0	0	122.120055917633	0	0	0	0	0	0	0	0	0	0	0	0	0	0	0	0	0	0	0	0	0	0	0	0	0	0	0	0	0	0	0	0	0	0	0	0	0	0	0	0	0	0	0	0	0	0	0	0	0	0	0	0	0	0	0	0	0	0	0	0	0	0	0	0	0	0	0	0	0	0	0	0	0	0	0	0	0	0	0	0	0	0	0	0	0	0	0	0	0	0	0	0	0	0	0	0	0	0	0	0	0	0	0	0	0	0	0	0	0	0	0	0	0	0	0	0	0	0	0	0	0	0	0	0	0	0	0	0	0
2024.38375861652	0	0	0	0	0	0	0	0	0	0	0	0	0	0	0	0	0	0	0	0	0	0	0	0	0	0	0	0	0	0	0	0	0	0	0	0	0	0	0	0	0	0	133.025013692916	0	0	0	0	0	0	0	0	0	0	0	0	0	0	0	0	0	0	0	0	0	0	0	0	0	0	0	0	0	0	0	0	0	0	0	0	0	0	0	0	0	0	0	0	0	0	0	0	0	0	0	0	0	0	0	0	0	0	0	0	0	0	0	0	0	0	0	0	0	0	0	0	0	0	0	0	0	0	0	0	0	0	0	0	0	0	0	0	0	0	0	0	0	0	0	0	0	0	0	0	0	0	0	0	0	0	0	0	0	0	0	0	0	0	0	0	0	0	0	0	0	0	0	0	0	0	0	0	0	0	0	0	0	0	0	0	0	0	0	0	0	0	0	0	0	0	0	0	0	0	0	0	0	0	0	0	0	0	0	0	0	0	0	0	0	0	0	0	0	0	0	0	0	0	0	0	0	0	0	0	0	0	0	0	0	0	96.9671917913755	0	0	0	0	0	0	0	0	0	0	0	0	0	0	0	0	0	0	157.070315432345	0	0	0	0	0	0	0	0	0	0	0	0	0	0	0	0	0	0	0	0	0	0	0	0	0	0	0	0	0	0	0	0	0	0	0	0	0	0	0	0	0	0	0	0	0	19.8396208827222	0	0	0	0	0	0	0	0	0	0	0	0	0	0	0	0	0	0	0	0	0	0	0	0	0	0	0	0	0	0	0	0	0	0	0	0	0	0	0	0	0	0	0	3.86366744968162	0	0	0	0	0	0	0	0	0	0	0	0	0	0	0	0	0	0	0	0	0	0	0	0	0	0	0	0	0	0	0	0	0	0	0	0	0	0	0	15.1700402819839	0	0	0	0	0	0	0	0	0	0	0	0	0	0	0	0	0	0	0	0	0	0	0	0	0	0	0	0	0	0	0	0	0	0	0	0	0	0	0	0	0	0	0	0	0	87.147295538869	0	0	0	0	0	0	0	0	0	0	0	0	0	0	0	0	0	79.8113523706883	0	0	0	0	5.59791079266059	0	0	0	0	0	0	0	0	0	0	0	0	0	0	0	0	0	0	0	0	0	0	0	0	0	0	71.606145493345	0	0	0	0	0	0	0	0	0	0	0	0	0	0	0	0	0	143.433316850526	0	0	0	0	0	0	0	0	0	0	0	0	0	0	0	0	0	0	0	0	0	0	0	0	0	0	0	0	0	0	0	0	0	0	0	0	0	0	0	0	0	0	0	0	0	0	0	0	0	0	0	0	0	0	0	0	0	0	0	0	0	0	0	0	0	0	0	0	0	0	0	0	0	0	0	0	0	0	0	0	0	0	0	0	0	7.55969502511539	0	0	0	0	0	0	0	0	0	0	0	0	0	0	0	0	0	0	0	0	0	0	0	352.933643240474	0	0	0	0	0	0	0	0	0	0	0	0	0	0	0	0	0	0	0	0	0	0	0	0	0	0	0	0	0	0	0	0	0	0	0	0	0	0	0	0	0	0	0	0	0	0	0	0	0	0	0	0	27.5229133264868	0	0	0	0	0	0	0	0	0	0	0	0	0	0	0	0	0	0	0	0	0	0	0	0	0	0	0	0	0	0	0	0	0	0	0	0	0	0	0	0	0	0	0	0	0	0	0	0	312.972999985184	0	0	0	0	0	0	100.966524508522	0	0	0	0	0	0	0	0	0	0	0	0	0	0	0	0	0	0	0	0	0	0	0	0	0	0	0	0	0	0	0	0	0	0	0	0	0	0	0	0	0	0	0	0	0	0	0	0	0	0	89.4500625186487	0	0	0	0	0	65.7976023156713	0	59.3633292859412	0	0	0	0	0	0	0	0	0	0	0	0	0	0	0	0	0	0	0	0	0	0	0	0	0	0	0	0	0	0	0	0	0	0	0	0	0	0	0	0	0	0	0	558.900589690175	0	0	0	0.389218881885092	0	0	0	0	0	0	0	0	0	0	0	0	0	0	0	0	25.7475750639526	0	0	0	0	134.94425075939	5.48332790971476	0	0	0	0	0	0	0	0	0	0	0	0	0	0	0	0	0	0	0	0	0	0	0	0	0	0	0	0	172.001831505671	0	0	0	0	0	0	0	0	0	0	0	0	0	0	0	0	0	0	0	0	0	0	0	0	0	0	0	0	0	0	0	0	0	0	0	0	0	0	0	0	0	0	0	0	0	0	0	0	0	0	0	0	0	0	0	0	0	0	0	0	0	0	0	0	0	0	0	0	0	0	0	0	0	0	0	0	0	0	0	0	0	0	0	0	0	0	0	0	0	0	0	0	0	0	0	0	0	0	0	0	0	0	0	0	0	0	0	0	0	0	0	0	0	0	0	0	0	0	0	0	0	0	0	0	0	0	0	0	0
2024.38912300783	0	0	0	0	0	0	0	0	0	0	0	0	0	0	0	0	0	0	0	0	0	0	0	0	0	0	0	0	0	0	0	0	0	0	0	0	0	0	0	0	0	0	160.843079223475	0	0	0	0	0	0	0	0	0	0	0	0	0	0	0	0	0	0	0	0	0	0	0	0	0	0	0	0	0	0	0	0	0	0	0	0	0	0	0	0	0	0	0	0	0	0	0	0	0	0	0	0	0	0	0	0	0	0	0	0	0	0	0	0	0	0	0	0	0	0	0	0	0	0	0	0	0	0	0	0	0	0	0	0	0	0	0	0	0	0	0	0	0	0	0	0	0	0	0	0	0	0	0	0	0	0	0	0	0	0	0	0	0	0	0	0	0	0	0	0	0	0	0	0	0	0	0	0	0	0	0	0	0	0	0	0	0	0	0	0	0	0	0	0	0	0	0	0	0	0	0	0	0	0	0	0	0	0	0	0	0	0	0	0	0	0	0	0	0	0	0	0	0	0	0	0	0	0	0	0	0	0	0	0	0	0	120.424330264718	0	0	0	0	0	0	3.91943026036998	0	0	0	0	0	0	0	0	0	0	0	181.676325350629	0	0	0	0	0	0	0	0	0	0	0	0	0	0	0	0	0	0	0	0	0	0	0	0	0	0	0	0	0	0	0	0	0	0	0	0	0	0	0	0	0	0	0	0	0	50.5593599698587	0	0	0	0	0	0	0	0	0	0	0	0	0	0	0	0	0	0	0	0	0	0	0	0	0	0	0	0	0	0	0	0	0	0	0	0	0	0	0	0	0	0	0	5.92607837532336	0	0	0	0	0	0	0	0	0	0	0	0	0	0	0	0	0	0	0	0	0	0	0	0	0	0	0	0	0	0	0	0	0	0	0	0	0	0	0	23.3297445309585	0	0	0	0	0	0	0	0	0	0	0	0	0	0	0	0	0	0	0	0	0	0	0	0	0	0	0	0	0	0	0	0	0	0	0	0	0	0	0	0	0	0	0	0	1.41332013761762	107.599423338456	0	0	0	0	0	0	0	0	0	0	0	0	0	0	0	0	0	122.315893648493	0	0	0	0	6.92818805552973	0	0	0	0	0	0	0	0	0	0	0	0	0	0	0	0	0	0	0	0	0	0	0	0	0	0	88.8592691898411	0	0	0	0	0	0	0	0	0	0	0	0	0	0	0	0	0	170.70567234855	0	0	0	0	0	0	0	0	0	0	0	0	0	0	0	0	0	0	0	0	0	0	0	0	0	0	0	0	0	0	0	0	0	0	0	0	0	0	0	0	0	0	0	0	0	0	0	0	0	0	0	0	0	0	0	0	0	0	0	0	0	0	0	0	0	0	0	0	0	0	0	0	0	0	0	0	0	0	0	0	0	0	0	0	0	9.33238970706805	0	0	0	0	0	0	0	0	0	0	0	0	0	0	0	0	0	0	0	0	0	0	0	375.538400616026	0	0	0	0	0	0	0	0	0	0	0	0	0	0	0	0	0	0	0	0	0	0	0	0	0	0	0	0	0	0	0	0	0	0	0	0	0	0	0	0	0	0	0	0	0	0	0	0	0	0	0	0	38.4080028108718	0	0	0	0	0	0	0	0	0	0	0	0	0	0	0	0	0	0	0	0	0	0	0	0	0	0	0	0	0	0	0	0	0	0	0	0	0	0	0	0	0	0	0	0	0	0	0	0	330.388476096591	0	0	0	0	0	0	130.0460013222	0	0	0	0	0	0	0	0	0	0	0	0	0	0	0	0	0	0	0	0	0	0	0	0	0	0	0	0	0	0	0	0	0	0	0	0	0	0	0	0	0	0	0	0	0	0	0	0	0	0	95.2733752794946	0	0	0	0	0	81.998511619449	0	63.1856749239	0	0	0	0	0	0	0	0	0	0	0	0	0	0	0	0	0	0	0	0	0	0	0	0	0	0	0	0	0	0	0	0	0	0	0	0	0	0	0	0	0	0	0	581.303934071925	0	0	0	0.445564485619138	0	0	0	0	0	0	0	0	0	0	0	0	0	0	0	0	37.9008653782767	0	0	0	0	143.323259390146	8.4110506386244	0	0	0	0	0	0	0	0	0	0	0	0	0	0	0	0	0	0	0	0	0	0	0	0	0	0	0	0	222.036609748304	0	0	0	0	0	0	0	0	0	0	0	0	0	0	0	0	0	0	0	0	0	0	0	0	0	0	0	0	0	0	0	0	0	0	0	0	0	0	0	0	0	0	0	0	0	0	0	0	0	0	0	0	0	0	0	0	0	0	0	0	0	0	0	0	0	0	0	0	0	0	0	0	0	0	0	0	0	0	0	0	0	0	0	0	0	0	0	0	0	0	0	0	0	0	0	0	0	0	0	0	0	0	0	0	0	0	0	0	0	0	0	0	0	0	0	0	0	0	0	0	0	0	0	0	0	0	0	0	0
2024.39448739915	0	0	0	0	0	0	0	0	0	0	0	0	0	0	0	0	0	0	0	0	0	0	0	0	0	0	0	0	0	0	0	0	0	0	0	0	0	0	0	0	0	0	188.685926875846	0	0	0	0	0	0	0	0	0	0	0	0	0	0	0	0	0	0	0	0	0	0	0	0	0	0	0	0	0	0	0	0	0	0	0	0	0	0	0	0	0	0	0	0	0	0	0	0	0	0	0	0	0	0	0	0	0	0	0	0	0	0	0	0	0	0	0	0	0	0	0	0	0	0	0	0	0	0	0	0	0	0	0	0	0	0	0	0	0	0	0	0	0	0	0	0	0	0	0	0	0	0	0	0	0	0	0	0	0	0	0	0	0	0	0	0	0	0	0	0	0	0	0	0	0	0	0	0	0	0	0	0	0	0	0	0	0	0	0	0	0	0	0	0	0	0	0	0	0	0	0	0	0	0	0	0	0	0	0	0	0	0	4.71980607246298	0	0	0	0	0	0	0	0	0	0	0	0	0	0	0	0	0	0	0	0	0	0	0	143.912400676744	0	0	0	0	0	0	10.9179344154738	0	0	0	0	0	0	0	0	0	0	0	206.313945682676	0	0	0	0	0	0	0	0	0	0	0	0	0	0	0	0	0	0	0	0	0	0	0	0	0	0	0	0	0	0	0	0	0	0	0	0	0	0	0	0	0	0	0	0	0	81.303424732727	0	0	0	0	0	0	0	0	0	0	0	0	0	0	0	0	0	0	0	0	0	0	0	0	0	0	0	0	0	0	0	0	0	0	0	0	0	0	0	0	0	0	0	7.98837507959138	0	0	0	0	0	0	14.5713198844254	0	0	0	0	0	0	0	0	0	0	0	0	0	0	0	0	0	0	0	0	0	0	0	0	0	0	0	0	0	0	0	0	31.4880043345017	0	0	0	0	31.3601094921959	0	0	0	0	0	0	0	0	0	0	0	0	0	0	0	0	0	0	0	0	0	0	0	0	0	0	0	0	0	0	34.5949638779143	0	0	0	0	0	0	0	0	3.93769562437819	128.057817846793	0	0	0	0	0	0	0	0	0	0	0	0	0	0	0	0	0	164.748760967904	0	0	0	0	8.2585552058089	0	0	0	0	0	0	0	0	0	0	0	0	0	0	0	0	0	0	0	2.39049207659256	0	0	0	0	0	0	106.108611877632	0	0	0	0	0	0	0	0	0	0	0	0	0	0	0	0	0	197.987152581245	0	0	0	0	0	0	0	0	0	0	0	0	0	0	0	0	0	0	0	0	0	0	0	0	0	0	0	0	0	0	0	0	0	0	0	0	0	0	0	0	0	0	0	0	0	0	0	0	0	0	0	0	0	0	0	0	0	0	0	0	0	0	0	0	0	0	0	0	0	0	0	0	0	0	0	0	0	0	0	0	0	0	0	0	0	11.1050843782849	0	0	0	0	0	0	0	0	0	0	0	0	0	0	0	0	0	0	0	0	0	0	0	398.133498148445	0	0	0	0	0	0	0	0	0	0	13.5456687130702	0	0	0	0	0	0	0	0	0	0	0	0	0	0	0	0	0	0	0	0	0	0	0	0	0	0	0	0	0	0	0	0	0	0	0	0	0	0	0	0	0	49.2967352355659	0	0	0	0	0	0	0	0	0	0	0	0	0	0	0	0	0	0	0	0	0	0	0	0	0	0	8.59975755202127	0	0	0	0	0	0	0	0	0	0	0	0	0	0	0	0	0	0	0	0	0	347.790004954155	0	0	0	0	0	0	159.084946883012	0	62.5477803579786	0	0	0	0	0	0	0	0	0	0	0	0	0	0	0	0	0	0	0	0	0	0	0	0	0	0	0	0	0	0	0	0	0	0	0	0	0	0	0	0	0	0	0	0	0	0	0	0	101.096671349842	0	0	0	0	0	98.1937229544059	0	67.0088821021009	0	0	0	0	0	0	0	0	0	0	0	0	0	0	0	0	0	0	0	0	0	0	0	0	0	0	0	0	0	0	0	0	0	0	0	0	0	0	0	0	0	0	0	603.710336224739	0	0	0	0.501909981481075	0	0	0	0	0	0	0	0	0	0	0	0	0	0	0	0	50.0524981662573	0	0	0	0	151.70561976524	11.339128456491	0	0	0	0	0	0	0	0	0	0	0	0	0	0	0	0	0	0	0	0	0	0	0	0	0	0	0	0	272.223010980703	0	0	0	0	0	0	0	0	0	0	0	0	0	0	0	0	0	0	0	0	0	0	0	0	0	0	0	0	0	0	0	0	0	0	0	0	0	0	0	0	0	0	0	0	0	2.01999790124724	0	0	0	0	0	0	0	0	0	0	0	0	0	0	0	0	0	0	0	0	0	0	0	0	0	0	0	0	0	0	0	0	0	0	0	0	0	0	0	0	0	0	0	0	0	0	0	0	0	0	0	0	0	0	0	0	0	0	0	0	0	0	0	0	0	0	0	0	0	0	0	0	0	0	0	0	0	0	0	0	0	0	0
2024.39985179046	0	0	0	0	0	0	0	0	0	0	0	0	0	0	0	0	0	0	0	0	0	0	0	0	0	0	0	0	0	0	0	0	0	0	0	0	0	0	0	0	0	0	216.553387789782	0	0	0	0	0	0	0	0	0	0	0	0	0	0	0	0	0	0	0	0	0	0	0	0	0	0	0	0	0	0	0	0	0	0	0	0	0	0	0	0	0	0	0	0	0	0	13.9246918694641	0	0	0	0	0	0	0	0	0	0	0	0	0	0	0	0	0	0	0	0	0	0	0	0	0	0	0	0	0	0	0	0	0	0	0	0	0	0	0	0	0	0	0	0	0	0	0	0	0	0	0	0	0	0	0	0	0	0	0	0	0	0	0	0	0	0	0	0	0	0	0	0	0	0	0	0	0	0	0	0	0	0	0	0	0	0	0	0	0	0	0	0	0	0	0	0	0	0	0	0	0	0	0	0	0	0	0	0	0	0	0	0	0	0	0	14.7191131259565	0	0	0	0	0	0	0	0	0	0	0	0	0	0	0	2.21341890483642	0	0	0	0	0	0	0	167.431271714334	0	0	0	0	0	0	17.9145522518915	0	0	0	0	0	0	0	0	0	0	0	230.983036035085	0	0	0	0	0	0	0	0	0	0	0	0	0	0	0	0	0	0	0	0	0	0	0	0	0	0	0	0	0	0	0	0	0	0	0	0	0	0	0	0	0	0	0	0	0	112.071648940428	0	0	0	0	0	0	0	0	0	0	0	0	0	0	0	0	0	0	0	0	0	0	0	0	0	0	0	0	0	0	0	0	0	0	0	0	0	0	0	0	0	0	0	10.0505575176976	0	0	0	0	0	0	31.5017973750088	0	0	0	0	0	0	0	0	0	0	0	0	0	0	0	0	0	0	0	0	0	0	0	0	0	0	0	0	0	0	0	0	39.6448174593167	0	0	0	0	80.744747995188	0	0	0	0	0	0	0	0	0	0	0	0	0	0	0	0	0	0	0	0	0	0	0	0	0	0	0	0	0	0	71.7506280510803	0	0	0	0	0	0	0	0	6.46236857160235	148.522440487016	0	0	0	0	0	0	0	0	0	0	0	0	0	0	0	0	0	207.109344137002	0	0	0	0	9.58901222226857	0	4.43819025039322	0	0	0	0	0	0	0	0	0	0	0	0	0	0	0	0	0	20.6829649921641	0	0	0	0	0	0	123.354160916871	0	16.1595090519812	0	0	0	0	0	0	0	0	0	0	0	0	0	0	0	225.277663309496	0	0	0	0	0	0	0	0	0	0	0	0	0	0	0	0	0	0	0	0	0	0	0	0	0	0	0	0	0	0	0	0	0	0	0	0	0	0	0	0	0	0	0	0	0	0	0	0	0	0	0	0	0	0	0	0	0	0	0	0	0	0	0	0	0	0	0	0	0	0	0	0	0	0	0	0	0	0	0	0	0	0	0	0	0	12.8777790206724	0	0	0	0	0	0	0	0	0	0	0	0	0	0	0	0	0	0	0	0	0	0	0	420.71888836091	0	0	0	0	0	0	0	0	8.69040710625579	0	29.2938932308489	0	0	0	0	0	0	0	0	0	0	0	0	0	0	0	0	0	0	0	0	0	0	0	0	0	0	0	0	0	0	0	0	0	0	11.750793866935	0	0	0	0	0	0	60.1891015767126	0	0	0	0	0	0	0	0	0	0	0	0	0	0	0	0	0	0	0	0	0	0	0	0	0	0	74.3257571127038	0	0	0	0	0	0	0	0	0	0	0	0	0	0	0	0	0	0	0	0	0	365.177543059636	0	0	0	0	0	0	188.083138864052	0	129.40973765553	0	0	0	0	0	0	0	0	0	0	0	0	0	0	0	0	0	0	0	0	0	0	0	0	0	0	0	0	0	0	0	0	0	0	0	0	0	0	0	0	0	0	0	0	0	0	0	0	106.919950710757	0	0	0	0	0	114.383216971978	0	70.8329502173862	0	0	0	0	0	0	0	0	0	0	0	0	0	0	0	0	0	0	0	0	0	0	0	0	0	0	0	0	0	0	0	0	0	0	0	0	0	0	0	0	0	0	0	626.119731469328	0	0	0	0.558255385955795	0	0	0	0	0	0	0	0	0	0	0	0	0	0	0	0	62.2024694731017	0	0	0	0	160.091326865461	14.267561177165	0	0	0	0	0	0	0	0	0	0	0	0	0	0	0	0	0	0	0	0	0	0	0	0	0	0	0	0	322.55966360536	0	0	0	0	0	0	0	0	0	0	0	0	0	0	0	0	0	0	0	0	0	0	0	0	0	0	0	0	0	0	0	0	0	0	0	0	0	0	0	0	0	0	0	0	0	17.4763830855281	0	0	0	0	0	25.0037565253554	0	0	0	0	0	0	0	0	0	0	0	0	0	0	0	0	0	0	0	0	0	0	0	0	0	0	0	0	0	0	0	0	0	0	0	0	0	0	0	0	0	0	0	0	0	0	0	0	0	0	0	0	0	0	0	0	0	0	0	0	0	0	0	0	0	0	0	0	0	0	0	0	0	0	0	0	0
2024.40521618178	0	0	0	0	0	0	0	0	0	0	0	0	0	0	0	0	0	0	0	0	0	0	0	0	0	0	0	0	0	0	0	0	0	0	0	0	0	0	0	0	0	0	244.4452933631	0	0	0	0	0	0	0	0	0	0	0	0	0	0	0	0	0	0	0	0	0	0	0	0	0	0	0	0	0	0	0	0	0	0	0	0	0	0	0	0	0	0	0	0	0	0	143.3568849701	0	0	0	0	0	0	0	0	0	0	0	0	0	0	0	0	0	0	0	0	0	0	0	0	0	0	0	0	0	0	0	0	0	0	0	0	0	0	0	0	0	0	0	0	0	0	0	0	0	0	0	0	0	0	0	0	0	0	0	0	0	0	0	0	0	0	0	0	0	0	0	0	0	0	0	0	0	0	0	0	0	0	0	0	0	0	0	0	0	0	0	0	0	0	0	0	0	0	0	0	0	0	0	0	0	0	0	0	0	0	0	0	0	0	0	24.7200530444886	0	0	0	0	0	0	0	0	0	0	0	0	0	0	0	22.8300189773597	0	0	0	0	0	0	0	190.980812446886	0	0	0	0	0	0	24.909281390171	0	0	0	0	0	0	0	0	0	0	0	255.683456451209	0	0	0	0	0	0	0	0	0	0	0	0	0	0	0	0	0	0	0	0	0	0	0	0	0	0	0	0	0	0	0	0	0	0	0	0	0	0	0	0	0	0	0	0	0	142.863866751488	0	0	0	0	0	0	0	0	0	0	0	0	0	0	0	0	0	0	0	0	0	0	0	0	0	0	0	0	0	0	0	0	0	0	0	0	0	0	0	0	0	0	0	12.112625648367	0	0	0	0	0	0	48.4317853400207	0	0	0	0	0	0	0	0	0	0	0	0	0	0	0	0	0	0	0	0	0	0	0	0	0	0	0	0	0	0	0	0	47.8001816725048	0	0	0	0	130.277720462014	0	0	0	0	0	0	0	0	0	0	0	0	0	0	0	0	0	0	0	0	0	0	0	0	0	0	0	0	0	0	108.97954407197	0	0	0	0	0	0	0	0	8.98733884204261	168.993252727152	0	0	0	0	0	0	0	0	0	0	0	0	0	0	0	0	0	249.397030371457	0	0	0	0	10.9195590823307	0	31.2743363252162	0	0	0	0	0	0	0	0	0	0	0	0	0	0	0	0	0	38.9758151558999	0	0	0	0	0	0	140.595903662906	0	41.4544798666381	0	0	0	0	0	0	0	0	0	0	0	0	0	0	0	252.577110394372	0	0	0	0	0	0	0	0	0	0	0	0	0	0	0	0	0	0	0	0	0	0	0	0	0	0	0	0	0	0	0	0	0	0	0	0	0	0	0	0	0	0	0	0	0	0	0	0	0	0	0	0	0	0	0	0	0	0	0	0	0	0	0	0	0	0	0	0	0	0	0	0	0	0	0	0	0	0	0	0	0	0	0	0	0	14.6504736149478	0	0	0	0	0	0	0	0	0	0	0	0	0	0	0	0	0	0	0	0	0	0	0	443.294523677482	0	0	0	0	0	0	0	0	89.625323001921	0	45.0518222228192	0	0	0	0	0	0	0	0	0	0	0	0	0	0	0	0	0	0	0	0	0	0	0	0	0	0	0	0	0	0	0	0	0	0	39.0636895739795	0	0	0	0	0	0	71.0850928178464	0	0	0	0	0	0	0	0	0	0	0	0	0	0	0	0	0	0	0	0	0	0	0	0	0	0	139.908790715402	0	0	0	0	0	0	0	0	0	0	0	0	0	0	0	0	0	0	0	0	0	382.551046815502	0	0	0	0	0	0	217.040354116296	0	196.076235934062	0	0	0	0	0	0	0	0	0	0	0	0	0	0	0	0	0	0	0	0	0	0	0	0	0	0	0	0	0	0	0	0	0	0	0	0	0	0	0	0	0	0	0	0	0	0	0	0	112.743213344249	0	0	0	0	0	130.566974307791	0	74.6578786674245	0	0	0	0	0	0	0	0	0	0	0	0	0	0	0	0	0	0	0	0	0	0	0	0	0	0	0	0	0	0	0	0	0	0	0	0	0	0	0	0	0	0	0	648.532055124277	0	0	0	0.614600687435787	0	0	0	0	0	0	0	0	0	0	0	0	0	0	0	0	74.3507753447638	0	0	0	0	168.480375678088	17.1963486177284	0	0	0	0	0	0	0	0	0	0	0	0	0	0	0	0	0	0	0	0	0	0	0	0	0	0	0	0	373.045204087701	0	0	0	0	0	0	0	0	0	0	0	0	0	0	0	0	0	0	0	0	0	0	0	0	0	0	0	0	0	0	0	0	0	0	0	0	0	0	0	0	0	0	0	0	0	32.9313155677363	0	0	0	0	0	61.1251219476446	0	0	0	0	0	0	0	0	0	0	0	0	0	0	0	0	0	0	0	0	0	0	0	0	0	0	0	0	0	0	0	0	0	0	0	0	0	0	0	0	0	0	0	0	0	0	0	0	0	0	0	0	0	0	0	0	0	0	0	0	0	0	0	0	0	0	0	0	0	0	0	0	0	0	0	0	0
2024.41058057309	0	0	0	0	0	0	0	0	0	0	0	0	0	0	0	0	0	0	0	0	0	0	0	0	0	0	0	0	0	0	0	0	0	0	0	0	0	0	0	0	0	0	272.361475240966	0	0	0	0	0	0	0	0	0	0	0	0	0	0	0	0	0	0	0	0	0	0	0	0	0	0	0	0	0	0	0	0	0	0	0	0	0	0	0	0	0	0	0	0	0	0	272.324216570534	0	0	0	0	0	0	0	0	0	0	0	0	0	0	0	0	0	0	0	0	0	0	0	0	0	0	0	0	0	0	0	0	0	0	0	0	0	0	0	0	0	0	0	0	0	0	0	0	0	0	0	0	0	0	0	0	0	0	0	0	0	0	0	0	0	0	0	0	0	0	0	0	0	0	0	0	0	0	16.7650995823866	0	0	0	0	0	0	0	0	0	0	0	0	0	0	0	0	0	0	0	0	0	0	0	0	0	0	0	0	0	0	0	0	0	0	0	0	34.7226233070985	0	0	0	0	0	0	0	0	0	0	0	0	0	0	0	43.4509120383323	0	0	0	0	0	0	0	214.560892319589	0	0	0	0	0	0	31.9021194470943	0	0	0	0	0	0	0	0	0	0	0	280.415067403968	0	0	0	0	0	0	0	0	0	0	0	0	0	0	0	0	0	0	0	0	0	0	0	0	0	0	0	0	0	0	0	0	0	0	0	0	0	0	0	0	0	0	0	0	0	173.679912701125	0	0	0	0	0	0	0	0	0	0	0	0	0	0	0	0	0	0	0	0	0	0	0	0	0	0	0	0	0	0	0	0	0	0	0	0	0	0	0	0	0	0	0	14.1745794280747	0	0	0	0	0	0	65.3612595030992	0	0	0	0	0	0	0	0	0	0	0	0	0	0	0	0	0	0	0	0	0	0	0	0	0	0	0	0	0	0	0	0	55.954094739715	0	0	0	0	179.957701301601	0	0	0	0	0	0	0	0	0	0	0	0	0	0	0	0	0	0	0	0	0	0	0	0	0	0	0	0	0	0	146.281221623002	0	0	0	0	0	0	0	0	11.5126062873491	189.470216074161	0	0	0	0	0	0	0	0	0	0	0	0	0	0	0	0	0	291.611204265537	0	0	0	0	12.250195765388	0	58.1418310824186	0	0	0	0	0	0	0	0	0	0	0	0	0	0	0	0	0	57.2690414544997	0	0	0	0	0	0	157.833827461993	0	66.7492284654362	0	0	0	0	0	0	0	0	0	0	0	0	0	0	0	279.885399787513	0	0	0	0	0	0	0	0	0	0	0	0	0	0	0	0	0	0	0	0	0	0	0	0	0	0	0	0	0	0	0	0	0	0	0	0	0	0	0	0	0	0	0	0	0	0	0	0	0	0	0	0	0	0	0	0	0	0	0	0	0	0	0	0	0	0	0	0	0	0	0	0	0	0	0	0	0	0	0	0	0	0	0	0	0	16.4231681418307	0	0	0	0	0	0	0	0	0	0	0	0	0	0	0	0	0	0	0	0	0	0	0	465.860356416641	0	0	0	0	0	0	0	0	170.557774536725	0	60.8194288756121	0	0	0	0	0	0	0	0	0	0	0	0	0	0	0	0	0	0	0	0	0	0	0	0	0	0	0	0	0	0	0	0	0	0	66.3679693848687	0	0	0	0	0	0	81.9846999486195	0	0	0	0	0	0	0	0	0	0	0	0	0	0	0	0	0	0	0	0	0	0	0	0	0	0	205.347080513978	0	0	0	0	0	0	0	0	0	0	0	0	0	0	0	0	0	0	0	0	0	399.91047252047	0	0	0	0	0	0	245.956368658541	0	262.54497148675	0	0	0	0	0	0	0	0	0	0	0	0	0	0	0	0	0	0	0	0	0	0	0	0	0	0	0	0	0	0	0	0	0	0	0	0	0	0	0	0	0	0	0	0	0	0	0	0	118.566459231579	0	0	0	0	0	146.744975578338	0	78.4836668495159	0	0	0	0	0	0	0	0	0	0	0	0	0	0	0	0	0	0	0	0	0	0	0	0	0	0	0	0	0	0	0	0	0	0	0	0	0	0	0	0	0	0	0	670.947242498973	0	0	0	0.670945911873047	0	0	0	0	0	0	0	0	0	0	0	0	0	0	0	0	86.4974118236845	0	0	0	0	176.872761194631	20.1254905929181	0	0	0	0	0	0	0	0	0	0	0	0	0	0	0	0	0	0	0	0	0	0	0	0	0	0	0	0	423.678276930353	0	0	0	0	0	3.76920741951082	0	0	0	0	0	0	0	0	0	0	0	0	0	0	0	0	0	0	0	0	0	0	0	0	0	0	0	0	0	0	0	0	0	0	0	0	0	0	0	48.3847907171085	0	0	0	0	0	97.1966434402187	0	0	0	0	0	0	0	0	0	0	0	0	0	0	0	0	0	0	0	0	0	0	0	0	0	0	0	0	0	0	0	0	0	0	0	0	0	0	0	0	0	0	0	0	0	0	0	0	0	0	0	0	0	0	0	0	0	0	0	0	0	0	0	0	0	0	0	0	0	0	0	0	0	0	0	0	0
2024.4159449644	0	0	0	0	0	0	0	0	0	0	0	0	0	0	0	0	0	0	0	0	0	0	0	0	0	0	0	0	0	0	0	0	0	0	0	0	0	0	0	0	0	0	300.301765317966	0	0	0	0	0	0	0	0	0	0	0	0	0	0	0	0	0	0	0	0	0	0	0	0	0	0	0	0	0	0	0	0	0	0	0	0	0	0	0	0	0	0	0	0	0	0	400.813957260204	0	7.35491175127667	0	20.4606362136045	0	0	0	1.03655032814229	0	0	0	0	0	0	0	0	0	0	0	0	0	0	0	0	0	0	0	0	0	0	0	0	0	0	2.0320836195371	0	0	0	0	0	0	0	0	0	0	0	0	0	0	0	0	0	0	0	0	0	0	0	0	0	0	0	0	0	0	0	0	0	0	0	0	0	0	0	0	0	0	0	34.8115877638061	0	0	0	0	0	0	0	0	0	0	0	0	0	0	0	0	0	0	0	0	0	0	0	0	0	0	0	0	0	0	0	0	0	0	0	0	44.7268213950774	0	0	0	0	0	0	0	0	0	0	0	0	0	0	0	64.0760585171523	0	0	0	0	0	0	0	238.171381156994	0	0	0	0	0	0	38.8930640385639	0	0	0	0	0	0	0	0	0	0	0	305.177729799174	0	0	0	0	0	0	0	0	0	0	0	0	0	0	0	0	0	0	0	0	0	0	0	0	0	0	0	0	0	0	0	0	0	0	0	1.8478425870248	0	0	0	0	0	0	4.23964467092173	0	0	204.519621702288	0	0	0	0	0	0	0	0	0	0	0	0	0	0	0	0	0	0	0	0	0	0	0	0	0	0	0	0	0	0	0	0	0	0	0	0	0	0	0	0	0	0	0	16.2364188146822	0	0	0	0	0	0	82.2901955860467	0	0	0	0	0	0	0	0	0	0	0	0	0	0	0	0	0	0	0	0	0	0	0	0	0	0	0	0	0	0	0	0	64.1065544254005	0	0	0	0	229.783372736002	0	0	0	0	0	0	0	0	0	0	0	0	0	0	0	0	0	0	0	0	0	0	0	0	0	0	0	0	0	0	183.655172549413	0	0	0	0	0	0	0	0	14.0381707668565	209.953292076811	0	0	0	0	0	0	0	0	0	0	0	0	0	0	0	0	0	333.75124778161	0	0	0	0	13.5809222501807	0	85.0405221248981	0	0	0	0	0	0	0	0	0	0	0	0	0	0	0	0	0	75.5626427768552	0	0	0	0	0	0	175.067919653733	0	92.0437538137564	0	0	0	0	0	0	0	0	0	0	0	0	0	0	0	307.202437532756	0	0	0	0	0	0	0	0	0	0	0	0	0	0	0	0	0	0	0	0	0	0	0	0	0	0	0	0	0	0	0	0	0	0	0	0	0	0	0	0	0	0	0	0	0	0	0	0	0	0	0	0	0	0	0	0	0	0	0	0	0	0	0	0	0	0	0	0	0	38.0717532433049	0	0	0	0	0	0	0	0	0	0	0	0	0	0	0	18.1958625832834	0	0	0	0	0	0	0	0	0	0	0	0	0	0	0	0	0	0	0	0	0	0	0	488.416338794295	0	0	0	0	0	0	0	0	251.48771989045	0	76.5966864281758	0	0	0	0	0	0	0	2.57220784440832	0	0	0	0	0	0	0	0	0	0	0	0	0	0	0	0	0	0	0	0	0	0	0	0	0	0	93.6635209095696	0	0	0	0	0	0	92.887913965088	0	0	0	0	0	0	0	0	0	0	0	0	0	0	0	0	0	0	0	0	0	0	0	0	0	0	270.63883675729	0	0	0	0	0	0	0	0	0	0	0	0	0	0	6.82352452766708	0	0	0	0	0	0	417.255776372218	0	0	0	0	0	0	274.830957679579	0	328.813620987525	0	0	0	0	0	0	0	0	0	0	0	0	0	0	0	0	0	0	0	0	0	0	0	0	0	0	0	0	0	0	0	0	0	0	0	0	0	0	0	0	0	0	0	0	0	0	0	0	124.389688354192	0	0	0	0	0	162.917201382843	0	82.3103141615418	0	0	0	0	0	0	0	0	2.75019253390561	0	0	0	0	0	0	0	0	0	0	0	0	0	0	0	0	0	0	0	0	0	0	0	0	0	0	0	0	0	0	0	0	0	0	693.365228896032	0	0	0	0.727291027493903	0	0	0	0	0	0	0	6.58450737767441	0	0	0	0	0	0	0	0	98.6423749519308	0	0	0	0	185.268478412299	23.0549869179141	0	0	0	0	0	0	0	0	0	0	0	0	0	0	0	0	0	0	0	0	0	0	0	0	0	0	0	0	474.457534667389	0	0	0	0	0	10.1866361606758	0	0	0	0	0	0	0	0	0	0	0	0	0	0	0	0	0	0	0	0	0	0	0	0	0	0	0	0	0	0	0	0	0	0	0	0	0	0	0	63.8368039047032	0	0	0	0	0	133.217943262224	0	0	0	0	0	0	0	0	0	0	0	0	0	0	0	0	0	0	0	0	0	0	0	0	0	0	0	0	0	0	0	0	0	0	0	0	0	0	0	0	0	0	0	0	0	0	0	0	0	0	0	0	0	0	0	0	0	0	0	0	0	0	0	0	0	0	0	0.355236939839813	0	0	0	0	0	0	0	0	0
2024.42130935572	0	0	0	0	0	0	0	0	0	0	0	0	0	0	0	0	0	0	0	0	0	0	0	0	0	0	0	0	0	0	0	0	0	0	0	0	0	0	0	0	0	0	328.265995732329	0	0	0	0	0	0	0	0	0	0	0	0	0	0	0	0	0	0	0	0	0	0	0	0	0	0	0	0	0	0	0	0	0	0	0	0	0	0	0	0	0	0	0	0	0	0	528.813255515561	0	16.3642897946538	0	47.8860521617849	0	0	0	13.4788997442524	0	0	0	0	0	0	0	0	0	0	0	0	0	0	0	0	0	0	0	0	0	0	0	0	0	0	26.4108005564418	0	0	0	0	0	0	0	0	0	0	0	0	0	0	0	0	0	0	0	0	0	0	0	0	0	0	0	0	0	0	0	0	0	0	0	0	0	0	0	0	0	0	0	52.8621025625376	0	0	0	0	0	0	0	0	0	0	0	0	0	0	0	0	0	0	0	0	0	0	0	0	0	0	0	0	0	0	0	0	0	0	0	0	54.7326447890081	0	0	0	0	0	0	0	0	0	0	0	0	0	0	0	84.7054188697721	0	0	0	0	0	0	0	261.812149160596	0	0	0	0	0	0	45.8821127777738	0	0	0	0	0	0	0	0	0	0	0	329.971304972763	0	0	0	0	0	0	0	0	0	0	0	0	0	0	0	0	0	0	0	0	0	0	0	0	0	0	0	0	0	0	0	0	0	0	0	4.32453885579186	0	0	0	0	0	0	14.7612876741679	0	0	235.382829038621	0	26.0002668254336	0	0	0	0	0	0	0	0	0	0	0	0	0	0	0	0	0	0	0	0	0	0	0	0	0	0	0	0	0	0	0	0	0	0	0	0	0	0	0	0	0	18.2981437641713	0	0	0	0	0	0	99.2185693065608	0	0	0	0	0	0	0	0	0	0	0	0	0	0	0	0	0	0	0	0	0	0	0	0	0	0	0	0	0	0	0	0	72.2575584932038	0	0	0	0	279.753424783146	0	0	0	0	0	0	0	0	0	0	0	0	0	0	0	0	0	0	0	0	0	0	0	0	0	0	0	0	0	0	221.100910850887	0	0	0	0	0	0	0	0	16.5640321355507	230.442442323365	0	0	0	0	0	0	0	0	0	0	0	0	0	0	0	0	0	375.816540228982	0	0	0	0	14.9117385150925	0	111.970257506076	0	0	0	0	0	0	0	0	0	0	0	0	0	0	0	0	0	93.856618010561	0	0	0	0	0	0	192.298167569753	0	117.338054875796	0	0	0	0	0	0	0	0	0	0	0	0	0	0	0	334.528129761389	0	0	0	0	0	0	0	0	0	0	0	0	0	0	0	0	0	0	0	0	0	0	0	0	0	0	0	0	0	0	0	0	0	0	0	0	0	0	0	0	0	0	0	0	0	0	0	0	0	0	0	0	0	0	0	0	0	0	0	0	0	0	0	0	0	0	0	0	0	129.953488922133	0	0	0	0	0	0	0	0	0	0	0	0	0	0	0	19.968556919923	0	0	0	0	0	0	0	0	0	0	0	0	0	0	0	0	0	0	0	0	10.9263703837125	0	0	510.962422921021	0	0	0	0	0	0	0	0	332.415117217791	0	92.3835681706165	0	0	0	0	0	0	0	33.4237447009388	0	0	0	0	0	0	0	0	0	0	0	0	0	0	0	0	0	0	0	0	0	0	0	0	0	0	120.950231659057	0	0	0	0	0	0	103.794725869757	0	0	0	0	0	0	0	0	0	0	0	0	0	0	0	0	0	0	0	0	0	0	0	0	0	0	335.782257635803	0	0	0	0	0	0	0	0	0	0	0	0	0	0	88.6154721478117	0	0	0	0	0	0	434.586914465771	0	0	0	0	0	0	303.663895533825	0	394.879841365451	0	0	0	0	0	0	0	0	0	0	0	0	0	0	0	0	0	0	0	0	0	0	0	0	0	0	0	0	0	0	0	0	0	0	0	0	0	0	0	0	0	0	0	0	0	0	0	0	130.21290069328	0	0	0	0	0	179.083632302265	0	86.1378200015598	0	0	0	0	0	0	0	0	30.9582462703264	0	0	0	0	0	0	0	0	0	0	0	0	0	0	0	0	0	0	0	0	0	0	0	0	0	0	0	0	0	0	0	0	0	0	715.785949607974	0	0	0	0.783636063538595	0	0	0	0	0	0	0	14.5943464902311	0	0	0	0	0	0	0	0	110.785660769574	0	0	0	0	193.667522333191	25.9848374092419	0	0	0	0	0	0	0	0	0	0	0	0	0	0	0	0	0	0	0	0	0	0	0	0	0	0	0	0	525.381637843827	0	0	0	0	0	16.6039606637802	0	0	0	0	0	0	0	0	0	0	0	0	0	0	0	0	0	0	0	0	0	0	0	0	0	0	0	0	0	0	0	0	0	0	0	0	0	0	0	79.2873504997899	0	0	0	0	0	169.188642200536	0	0	0	0	0	0	0	0	0	0	0	0	0	0	0	0	0	0	0	0	0	0	0	0	0	0	0	0	0	0	28.3535743519274	0	0	0	0	0	0	0	0	0	0	0	0	0	0	0	0	0	0	0	0	0	0	0	0	0	0	0	0	0	0	0	0	0	0	0	0	4.61965206414212	0	0	19.227108932552	0	0	0	0	0	0
2024.42667374703	0	0	0	0	0	0	0	0	0	0	0	0	0	0	0	0	0	0	0	0	0	0	0	0	0	0	0	0	0	0	0	0	0	0	0	0	0	0	0	0	0	0	356.253998867453	0	0	0	0	0	0	0	0	0	0	0	0	0	0	0	0	0	0	0	0	0	0	0	0	0	0	0	0	0	0	0	0	0	0	0	0	0	0	0	0	0	0	0	0	0	0	656.309133379221	0	25.3775557000809	0	75.3125749847377	0	0	0	25.9207653098419	0	0	0	0	0	0	0	0	0	0	0	0	0	0	0	0	0	0	0	0	0	0	0	0	0	0	50.7633215557819	0	0	0	0	0	0	0	0	0	0	0	0	0	0	0	0	0	0	0	0	0	0	0	0	0	0	0	0	0	0	0	0	0	0	0	0	0	0	0	0	0	0	0	70.9166159350026	0	0	0	0	0	0	0	0	0	0	0	0	0	0	0	0	0	0	0	0	0	0	0	0	0	0	0	0	0	0	0	0	0	0	0	0	64.7400909722222	0	0	0	0	0	0	0	0	0	0	0	0	0	0	0	105.338953582655	0	0	0	0	0	0	0	285.483066912194	8.98876754046423	0	0	0	0	0	52.8692632768746	0	0	0	0	0	0	0	0	0	0	0	354.795654694109	0	0	0	0	0	0	0	0	0	0	0	0	0	0	0	0	0	0	0	0	0	0	0	0	0	0	0	0	0	2.50112662902246	0	0	0	0	0	6.80117126856597	0	0	0	0	0	191.708773289768	25.2829219736829	0	0	266.269370365436	0	65.2038464150124	0	0	0	0	0	0	0	0	0	0	0	0	0	0	0	0	0	0	0	0	0	0	0	0	0	0	0	0	0	0	0	0	0	0	0	0	0	0	0	0	0	20.3597542355749	0	0	0	0	0	0	116.146356381401	0	0	0	0	0	0	0	0	0	0	0	0	0	0	0	0	0	0	0	0	0	0	0	0	0	0	0	0	0	0	0	0	80.4071047068299	0	0	0	0	329.866555250762	0	0	0	0	0	0	0	0	0	0	0	0	0	0	0	0	0	0	0	0	0	0	0	0	0	0	0	0	0	0	258.617952682696	0	0	0	156.269049594584	0	0	0	0	19.0901902515248	250.937628444611	0	0	0	0	0	0	0	0	0	0	0	0	0	0	0	0	0	417.806458253814	0	0	0	0	16.2426445383009	0	138.930885733813	0	0	0	0	0	0	0	0	0	0	0	0	0	0	0	0	0	112.150966045798	0	0	0	0	0	0	209.524558536624	0	142.632130618994	0	0	0	35.1891276327558	0	0	0	0	0	0	0	0	0	0	0	361.862382693607	0	0	0	0	0	0	0	0	0	0	0	0	0	0	0	0	0	0	0	0	0	0	6.11006858448343	0	0	0	0	0	0	0	0	0	0	0	0	0	0	0	0	0	0	0	0	0	0	0	0	0	0	0	0	0	0	0	0	0	0	0	0	0	0	0	0	0	0	0	0	0	0	221.772253290055	0	0	0	0	0	0	0	0	0	0	0	0	0	0	0	21.7412511334401	0	0	0	0	0	0	0	0	0	0	0	0	0	0	0	0	0	0	0	0	27.3823683605032	0	0	533.498560805065	0	0	0	0	0	0	0	0	413.339924652783	0	108.18004744693	0	0	0	0	0	0	0	64.2291240423738	0	0	0	0	0	0	0	7.47690197903656	0	0	0	0	0	0	0	0	0	0	0	0	0	0	0	0	0	0	148.227989046055	0	0	0	0	0	0	114.705126672884	0	0	0	0	0	0	0	0	0	0	0	0	0	0	0	0	0	0	0	0	0	0	0	0	0	0	400.775529147452	0	0	0	0	0	0	0	0	0	0	0	0	0	0	170.1890698907	0	0	0	0	0	0	451.903842796269	0	0	0	0	0	0	332.454955743324	0	460.741269700232	0	0	0	0	0	0	0	0	0	0	0	0	0	0	0	0	0	0	0	0	0	0	0	0	0	0	0	0	0	0	0	0	0	0	0	0	0	0	0	0	0	0	0	0	0	0	0	0	136.036096230823	0	0	0	0	0	195.244248901665	0	89.9661837680539	0	0	0	0	0	0	0	0	59.194937360478	0	0	0	0	0	0	0	0	0	0	0	0	0	0	0	0	0	0	0	0	0	0	0	0	0	0	0	0	0	0	0	0	0	0	738.209339919714	0	0	0	0.839980998383772	0	0	0	0	0	0	0	22.6007180896067	0	0	0	0	0	0	0	0	122.927265316634	0	0	0	0	202.069887965776	28.9150418818458	0	0	0	0	0	0	0	0	0	0	0	0	0	0	0	0	0	0	0	0	0	0	0	0	0	0	0	0	576.449255006496	0	0	0	0	0	23.0211808037376	0	0	0	0	0	0	0	0	0	0	0	0	0	0	0	0	0	0	0	0	0	0	0	0	0	0	0	0	0	0	0	0	0	0	0	0	0	0	0	94.7364258723652	0	0	0	0	0	205.108359565651	0	0	0	0	0	0	0	0	0	0	0	0	0	0	0	0	0	0	0	0	0	0	0	0	0	0	0	0	0	0	70.9540129314801	0	0	0	0	0	0	0	0	0	0	0	0	0	0	0	0	0	0	0	0	0	0	0	0	0	0	0	0	0	0	0	0	0	0	0	0	8.88443381681468	0	0	39.5380521673902	0	0	0	0	0	0
2024.43203813835	0	0	0	0	0	0	0	0	0	0	0	0	0	0	0	0	0	0	0	0	0	0	0	0	0	0	0	5.36682027390166	0	0	0	0	0	0	0	0	0	0	0	0	0	0	384.265607341728	0	0	0	0	0	0	0	0	26.3653129715525	0	0	0	0	0	0	0	0	0	0	0	0	0	0	0	0	0	0	0	0	0	0	0	0	0	0	17.9510023221674	0	0	0	0	0	0	0	0	0	0	734.519377238413	0	34.3947028480283	0	102.740106113977	0	0	0	38.3621457655768	0	0	0	0	0	0	0	0	0	0	0	0	0	0	0	0	0	0	0	0	0	0	0	0	0	0	75.0895214375886	0	0	0	0	0	0	0	0	0	0	0	0	0	0	0	0	0	0	0	0	0	0	0	0	0	0	0	0	0	0	0	0	0	0	0	0	0	0	0	0	0	0	0	88.9750998556798	0	0	0	0	0	0	0	0	0	0	0	0	0	0	0	0	0	0	0	0	0	0	0	0	0	0	0	0	0	0	0	0	0	0	0	0	74.7491574269863	0	0	0	0	0	0	0	0	0	0	0	0	0.0459700456930725	0	0	115.07594637992	0	0	0	0	0	0	0	309.184005367321	34.5691966689877	0	0	0	0	0	59.8545131457303	0	0	0	0	0	0	0	0	0	0	0	379.650641158948	0	0	0	0	0	0	0	0	0	0	0	0	0	0	0	0	0	0	0	0	0	0	0	0	0	0	0	0	0	25.0348476539001	0	0	0	0	0	9.27773971836345	0	0	0	0	0	515.041324442302	35.8045475533911	0	0	297.179081697393	0	104.455065284636	0	0	0	0	0	0	0	0	0	0	0	0	0	0	0	0	0	0	0	0	0	0	0	0	0	0	0	0	0	0	0	0	0	0	0	0	0	0	0	0	0	22.4212501851288	0	0	0	0	0	0	133.073532521428	0	0	0	0	0	0	0	0	0	0	0	0	0	0	0	0	0	0	0	0	0	0	0	0	0	0	0	0	0	0	0	0	88.555190827624	0	0	0	0	380.121469707447	0	0	0	0	0	0	0	0	0	0	0	0	0	0	0	0	0	0	0	0	0	0	0	0	0	0	0	0	0	0	296.205816340348	0	0	0	163.564494204155	0	0	0	0	21.6166449713124	271.438812107734	0	0	0	0	0	0	0	0	0	0	0	0	0	0	0	0	0	459.720375811624	0	0	0	0	17.5736402991446	0	165.922255761677	0	0	0	0	0	0	0	0	0	0	0	0	0	0	0	0	0	130.445685770415	0	0	0	0	0	0	226.747079871217	0	167.925980007442	0	0	0	135.410443689908	0	0	0	0	0	0	0	0	0	0	0	389.205102629029	0	0	0	0.0432151425818969	0	0	0	0	0	0	0	0	0	0	0	0	0	0	0	0	0	0	23.4901112218691	0	0	0	0	0	0	0	0	0	0	0	0	0	0	0	0	0	0	0	0	0	0	0	0	0	0	0	0	0	0	0	0	0	0	0	0	0	0	0	0	0	0	0	0	0	0	313.524398693943	0	0	0	0	0	0	0	10.5815053348575	0	0	0	0	0	0	0	23.5139452046571	0	0	0	0	0	0	0	0	0	0	0	0	0	0	0	0	0	0	0	0	43.8357263207633	0	0	556.024704345889	0	7.81859803523845	0	0	0	0	0	0	472.604906989671	0	123.986097651411	0	0	0	0	0	0	0	94.9880780878105	0	0	0	0	0	0	0	49.196962141715	0	0	0	0	0	0	0	0	0	0	0	0	0	0	0	0	0	0	175.496680374818	0	0	14.5573503245055	0	0	0	125.619107390034	0	0	0	0	0	0	0	0	0	0	0	0	0	0	0	0	0	0	0	0	0	0	0	0	0	0	465.616824938284	0	0	0	0	0	0	0	0	0	0	0	0	0	0	251.540183557136	0	0	0	0	0	0	469.20651725445	0	0	0	0	0	0	361.203910988238	0	526.395523094224	0	0	0	0	0	0	0	0	0	0	0	0	0	0	0	0	0	0	0	0	0	0	0	0	0	0	0	0	0	0	0	0	0	0	0	0	0	17.7941603198068	0	0	0	0	0	70.8734963983919	0	0	0	0	141.859274948051	0	0	0	0	0	211.399031726094	0	93.7954048595456	0	0	0	0	0	0	0	0	87.4600786112232	0	0.398905345231148	0	0	0	0	0	0	0	0	0	0	0	0	0	0	0	0	0	0	0	0	0	0	0	0	0	0	0	0	0	0	0	0	760.635335101449	0	0	0	0.89632584607901	0	0	0	0	0	0	0	30.6036171707719	0	0	0	0	0	0	0	0	135.067184630421	0	0	0	0	210.475570322826	31.8456001518908	0	0	0	0	0	0	0	0	0	0	0	0	0	0	0	0	0	0	0	0	0	0	0	0	0	0	0	0	627.659062671776	0	0	0	0	0	29.4382964570149	0	0	0	0	0	0	0	0	0	0	0	0	0	0	0	0	0	0	0	0	0	0	0	0	0	0	0	0	0	0	0	0	0	0	0	0	0	0	0	110.18402538947	0	0	0	0	0	240.976713172367	0	0	0	0	0	0	0	0	0	0	0	0	0	0	0	0	0	0	0	0	0	0	0	0	0	0	0	0	0	0	113.67099948864	0.9530889042482	0	0	0	0	0	0	0	0	0	0	0	0	0	0	0	0	0	0	0	0	0	0	0	0	0	0	0	0	0	0	0	0	0	0	0	13.1495818995987	0	0	64.7273012775518	0	0	0	0	0	0
2024.43740252966	0	0	0	0	0	0	0	0	0	0	0	0	0	0	0	0	0	0	0	0	0	0	0	0	0	0	0	43.3242864416828	0	0	0	0	0	0	0	0	0	0	0	0	0	0	412.300654009889	0	0	0	0	0	0	0	0	57.4042896321327	0	0	0	0	0	0	0	0	0	0	0	0	0	0	0	0	0	0	0	0	0	0	0	0	4.29469613865393	0	66.3572863617841	0	0	0	0	11.5104302687737	0	0	0	0	0	734.519377238413	0	43.4157246260936	0	130.168546987615	0	0	0	50.8030398526761	0	0	0	0	0	0	0	0	0	0	0	0	0	0	0	0	0	0	0	0	0	0	0	0	0	0	99.3892746617199	0	0	0	0	0	0	0	0	0	0	0	0	0	0	0	0	0	0	0	0	0	0	0	0	0	0	0	0	0	0	0	0	0	0	0	0	0	0	0	0	0	0	0	107.037526319813	0	0	0	0	0	0	0	0	0	0	0	0	0	0	0	0	3.36676542075964	0	0	0	0	0	0	0	0	0	0	0	0	0	0	0	0	0	0	0	84.7598416372083	0	0	0	0	0	0	0	0	0	0	0	0	4.32148043466854	0	0	115.07594637992	0	0	0	0	0	0	0	332.91483585882	60.1848373357599	0	0	0	0	0	66.8378599920571	0	0	0	0	0	31.1587706135877	0	0	0	0	0	404.53612699268	0	0	0	0	0	0	0	0	0	0	0	0	0	0	0	0	0	0	0	0	0	0	0	0	0	0	0	0	26.5532213734716	47.5629692995326	0	0	0	0	0	11.7542441007212	0	0	0	21.8975179898436	0	678.418147520033	46.3261643952727	0	0	328.111799409428	0	143.753610277899	0	0	0	5.24646666531357	0	0	0	0	0	0	0	0	0	0	0	0	0	0	0	0	0	0	0	0	0	0	0	0	0	0	0	0	0	0	0	0	0	0	0	0	0	24.4826315700203	0	0	0	0	0	0	150.00007343424	0	0	0	0	0	0	0	0	0	0	0	0	0	0	0	0	0	0	0	0	0	0	0	0	0	0	0	0	0	0	0	0	96.7018146168235	0	0	0	0	430.516881473203	0	0	0	0	0	0	0	0	0	0	0	0	0	0	0	0	0	0	0	0	0	0	0	0	0	0	0	0	0	0	333.864022260216	0	0	0	170.981726493322	0	0	0	0	24.1433961513305	291.945955019472	0	0	0	0	0	0	0	0	0	0	0	0	0	0	0	0	0	501.557664157958	0	0	0	0	18.904725775807	0	192.944216992405	0	0	0	0	0	0	0	0	0	0	0	0	0	0	0	0	0	148.740776072841	0	0	0	0	0	0	243.965718883618	0	193.219602006108	0	0	0	235.88400736912	0	0	0	0	0	0	0	0	0	0	0	416.556195948488	0	0	0	0.116112870040166	0	0	0	0	0	0	0	0	0	0	0	0	0	0	0	0	16.3940592556809	0	40.8821299446048	0	0	0	0	0	0	0	0	0	0	0	0	0	0	0	0	0	0	0	0	0	0	0	0	0	0	0	0	0	0	0	0	0	0	0	0	0	0	0	0	0	0	0	0	0	0	405.206266719143	0	0	0	0	0	0	0	21.8028590469382	0	0	0	0	11.7697792457004	0	0	25.2866391149043	0	0	0	0	17.0308868866723	0	0	0	0	0	0	0	0	0	0	0	0	0	0	0	60.286434222777	0	0	578.540805337092	0	63.2367978300762	0	0	0	0	0	0	486.990825755241	0	139.801692230207	0	0	0	0	0	0	0	125.700338019542	0	0	0	0	0	0	0	90.8537149415306	0	0	0	0	0	0	0	0	0	0	0	0	0	0	0	0	0	0	202.756192842439	0	0	29.9836719115384	0	0	0	136.536659043639	0	0	0	0	0	0	0	0	0	0	0	0	0	0	0	0	0	0	0	0	0	0	0	0	0	0	530.304306173103	0	0	0	0	0	0	0	0	0	0	0	0	0	0	332.664642936043	0	0	0	0	0	0	486.494893629319	0	0	0	0	0	0	389.910533109513	0	591.840198577425	0	0	0	0	0	0	0	0	0	0	0	0	0	0	0	0	0	0	0	0	26.0575874287113	0	0	0	0	0	0	0	0	0	0	0	0	0	0	0	0	38.7660277386389	0	0	0	0	0	84.48612174838	0	0	0	0	147.682436826375	0	0	0	0	0	227.547961303196	0	97.6254826749445	0	0	0	0	0	0	0	0	115.753483145504	0	37.5382532015289	0	0	0	0	0	0	0	0	0	0	0	0	0	0	0	0	0	0	0	0	0	0	0	0	0	0	0	0	0	0	0	0	783.063870411043	0	0	0	0.95267059364426	0	0	0	0	0	0	0	38.603038722772	0	0	0	0	0	0	0	0	147.205414747206	0	0	0	32.7803088020247	218.884564422718	34.7765120350308	0	0	0	0	0	0	0	0	0	0	0	0	0	0	39.6984091524928	0	0	0	0	0	0	0	0	0	0	0	0	0	679.009745313302	0	0	0	0	0	35.8553075000453	0	0	0	0	0	0	0	0	0	0	0	0	0	0	0	0	0	0	0	0	0	0	0	0	0	0	0	0	0	0	0	0	0	0	0	0	0	0	0	125.630144417332	0	0	0	0	0	276.793319336184	0	0	0	0	0	0	0	0	0	0	0	0	0	0	0	0	0	0	0	0	0	0	0	0	0	0	0	0	0	0	156.503646697519	28.687813001444	0	0	0	0	0	0	0	0	0	0	0	0	0	0	0	0	0	0	0	0	0	0	0	0	0	0	0	0	0	0	0	0	0	0	0	17.4150960235396	0	0	89.9273960430775	0	0	0	0	0	0
2024.44276692097	0	0	0	0	0	0	0	0	0	0	0	0	0	0	0	0	0	0	0	0	0	0	0	0	0	0	0	81.2203482196054	0	0	0	0	0	0	0	0	0	0	0	0	0	0	440.358971957443	0	0	0	0	0	0	0	0	91.8382969251414	0	0	0	0	0	0	0	0	0	0	0	0	0	0	0	0	0	0	0	0	0	0	0	0	40.9756761436623	0	114.83625758936	0	0	0	0	34.1926789287347	0	0	0	0	0	734.519377238413	0	52.4406144278452	0	157.597799045084	0	0	0	63.2434463117342	0	0	0	0	0	0	0	0	0	0	0	0	0	0	0	0	0	0	0	0	0	0	0	0	0	0	123.662455323531	0	0	0	0	0	0	0	0	0	0	0	0	0	0	0	0	0	0	0	0	0	0	0	0	0	0	0	0	0	0	0	0	0	0	0	0	0	0	0	0	0	0	0	125.103867340909	0	0	0	0	0	0	0	0	0	0	0	0	0	0	0	0	14.7837121107375	0	0	0	0	0	0	0	0	0	0	0	0	0	0	0	0	0	0	0	94.772141086694	0	0	0	0	0	0	0	0	0	0	0	0	8.59606180042054	0	0	120.414358419948	0	0	0	0	0	0	0	356.675430094185	85.8355245138935	0	0	0	0	0	73.8193014218454	0	0	0	0	0	129.119327811778	0	0	0	0	0	429.451975247454	0	0	0	0	0	0	0	0	0	0	0	0	0	0	0	0	0	0	0	0	0	0	0	0	0	0	0	0	115.924802489245	70.0854660453125	0	0	0	0	0	14.2306843121166	0	0	0	77.8673417798421	0	678.418147520033	56.8477724816329	0	0	359.067360229601	0	183.099168966567	0	0	0	50.0766266214917	0	0	0	0	0	0	0	0	0	0	0	0	0	0	0	0	0	0	0	0	0	0	0	0	0	0	0	0	0	0	0	0	0	0	0	0	0	26.5438983476671	0	0	0	0	0	0	166.925954822491	0	0	0	0	0	0	0	0	0	0	0	0	0	0	0	0	0	0	0	0	0	0	0	0	0	0	0	0	0	0	0	0	104.846973834082	0	0	0	0	481.05151159611	0	0	0	0	0	0	0	0	0	0	0	0	0	0	0	0	0	0	0	0	0	0	0	0	0	0	0	0	0	0	371.592093010323	0	0	0	178.505065602282	6.69595904006894	0	0	0	26.6704436495193	312.459018923631	0	0	0	0	0	0	0	0	0	0	0	0	0	0	0	0	0	543.317691828766	0	0	0	0	20.2359009463693	0	219.996619274281	0	0	0	0	0	0	0	0	0	0	0	0	0	0	0	0	0	167.036235840847	0	0	0	0	0	0	261.180462875477	0	212.524459667575	0	0	0	336.605411522445	0	0	0	3.7583071557548	0	0	0	43.3177679484297	0	0	0	443.915569108886	0	0	0	0.189010485175795	0	0	0	0	0	0	0	0	0	0	0	0	0	0	0	0	58.229588356116	0	58.2860883448931	0	0	0	0	0	0	0	0	0	0	0	0	0	0	0	0	0	0	0	0	0	0	0	0	0	0	0	0	0	0	0	0	0	0	0	0	0	0	0	0	0	0	0	0	0	0	496.814186865089	0	0	0	0	0	0	0	33.0312871854799	0	0	0	0	25.2396145704172	0	0	27.0593328450187	0	0	0	0	50.6059459342932	0	0	0	0	0	0	0	0	0	0	0	0	0	0	0	76.7344820201623	0	0	601.046815463691	0	118.775781944492	0	0	0	0	0	0	501.377597462043	0	155.626804680785	0	0	0	0	0	0	0	156.36563397784	0	0	0	0	0	0	0	132.44659791233	0	0	0	0	0	0	0	0	0	0	0	0	0	0	0	0	0	0	230.006413533104	0	0	45.4081211964927	0	0	0	147.457772662134	0	0	0	0	0	0	0	0	0	0	0	0	0	0	0	0	0	0	0	0	0	0	0	0	0	0	594.836121392269	0	0	0	0	0	0	0	0	0	0	0	0	0	0	413.558241083628	0	0	0	0	0	0	503.76892760665	0	0	0	0	0	0	418.574593103968	0	657.072873000227	0	0	0	0	0	0	0	0	0	0	0	0	0	0	0	0	0	0	0	0	53.9444716235028	0	0	0	0	0	0	0	0	0	0	0	0	0	0	0	0	59.7474631384927	0	0	0	0	0	93.6700976382425	0	0	0	0	153.50558184711	0	0	0	0	0	243.691018141712	0	101.456416613195	0	0	0	0	0	0	0	0	144.074964397974	0	74.7454696829375	0	8.84033313473214	0	0	0	0	0	0	0	0	0	0	0	0	0	0	0	0	0	0	0	0	0	0	0	0	0	0	0	0	0	0	805.494881090783	0	0	0	1.00901525785772	0	0	0	0	0	0	0	46.5989777299531	0	0	0	0	0	0	0	0	159.341951701379	0	0	0	70.2797475176575	227.296865288781	37.7077773472814	0	0	0	0	0	0	0	0	0	0	0	0	0	0	118.253721992278	0	0	0	0	0	0	0	0	0	0	0	0	0	730.499995335252	0	0	0	0	0	42.2722138088717	0	15.3552480139878	0	0	0	0	0	0	0	0	0	0	0	0	0	0	0	0	0	0	0	0	0	0	0	0	0	0	0	0	0	0	0	0	0	0	0	0	0	141.074778320475	0	0	0	0	0	312.557792860266	0	0	0	0	0	0	0	0	0	0	0	0	0	0	0	0	0	0	0	0	0	0	0	0	0	0	0	0	0	0	199.4510714522	56.4165373097286	0	0	0	0	0	0	0	0	0	0	0	0	0	0	0	0	0	0	0	0	0	0	0	0	0	0	0	0	0	0	0	0	0	0	0	21.6809758962467	0	0	115.138260052754	0	0	0	0	0	0
2024.44813131229	0	0	0	0	0	0	0	0	0	0	0	0	0	0	0	0	0	0	0	0	0	0	0	0	0	0	0	119.0545946707	0	0	0	0	0	0	0	0	0	0	0	0	0	0	468.440394502104	0	0	0	0	0	0	0	0	136.841822684244	0	0	0	0	0	0	0	0	0	0	0	0	0	0	0	0	0	0	0	0	0	0	0	0	77.6537862162007	0	163.387319956735	0	0	0	0	56.8459860869212	0	0	0	0	0	734.519377238413	0.0266625607045144	61.4693656553667	0	185.027763727848	0	0	0	75.6833638849277	0	0	0	0	0	0	0	0	0	0	0	0	0	0	0	0	0	0	0	0	0	0	0	0	0	0	147.908937157567	0	0	0	0	0	0	0	0	0	0	0	0	0	0	0	0	0	0	0	0	0	0	0	0	0	0	0	0	0	0	0	0	0	0	0	0	0	0	0	0	0	0	0	143.174094954119	0	0	0	0	0	0	14.1324001738497	0	0	0	0	0	0	0	0	0	26.2003967810242	0	0	0	0	0	0	0	0	0	0	0	0	0	0	0	0	0	0	0	104.786053261492	0	0	0	0	0	0	0	0	0	0	0	0	12.8697133352868	0	0	135.222924654937	0	0	0	0	0	0	0	380.465660158977	111.521093687239	0	0	0	0	0	80.7988350397814	0	0	0	0	0	227.506085555969	0	0	0	0	0	454.398049405472	0	0	0	0	0	0	0	0	0	0	0	0	0	0	0	0	0	0	122.999020490735	0	0	0	0	0	0	0	0	0	205.021611115644	92.6023123552299	0	0	0	0	0	16.7070602470893	0	0	0	133.971608332645	0	678.418147520033	67.3693717956347	0	0	359.067360229601	0	222.49142965232	0	0	0	94.9389537387564	0	0	0	0	0	0	0	0	0	0	0	0	0	0	0	0	0	0	0	0	0	0	0	0	0	0	0	0	0	0	0	0	0	0	0	0	0	28.6050504753081	0	0	0	0	0	0	183.851152386377	0	0	0	0	0	0	0	0	0	0	0	0	0	0	0	0	0	0	0	0	0	0	0	0	0	0	0	0	0	0	0	0	112.990666239266	0	0	0	0	531.724088840161	0	0	0	0	0	0	0	0	0	0	0	0	0	0	0	0	0	0	0	0	0	0	0	0	0	0	0	0	0	0	409.389553290572	0	0	0	186.121164590354	33.0497951683706	0	0	0	29.197787322262	332.977965603979	0	0	0	0	0	0	0	0	0	0	0	0	0	0	0	0	0	584.999824631745	0	0	0	0	21.5671657898925	0	247.079312903919	0	0	0	0	0	0	0	0	0	0	0	0	0	0	0	0	0	185.332063964428	0	0	0	0	0	0	278.391299142976	0	212.524459667575	0	0	0	437.570301846871	0	0	0	36.6691974442425	0	0	0	103.520102740165	0	0	0	471.283128645038	0	0	0	0.261907995554593	0	0	0	0	0	0	0	0	0	0	0	0	0	0	0	0	100.069735169065	0	75.7019500979118	0	0	0	0	0	0	0	0	0	0	0	0	0	0	0	0	0	0	0	0	0	0	0	0	0	0	0	0	0	0	0	0	0	0	0	0	0	0	0	0	0	0	0	0	0	0	588.344475244826	0	0	0	0	0	0	0	44.2667753999364	0	0	0	0	35.070625899372	0	0	28.8320263767492	0	0	0	0	84.1571711115753	0	0	0	0	0	8.97693310260534	0	0	0	0	0	0	0	0	0	93.1798596639118	0	0	623.542686305212	0	174.434276837381	0	0	0	0	0	0	515.765123586048	0	171.461408554161	0	0	0	0	0	0	0	186.983695062961	0	0	0	0	0	0	0	173.975046823932	0	0	0	0	0	0	0	0	0	0	0	0	0	0	0	0	0	0	257.24722941936	11.0687732727174	0	60.8306924477794	0	0	0	158.382439281785	0	0	0	0	0	0	0	0	0	0	0	0	0	0	0	0	0	0	0	0	0	0	0	0	0	0	659.210406387641	0	0	0	0	0	0	0	0	0	0	0	0	0	0	494.216733630621	0	0	0	0	0	0	521.028574771654	2.0699750748066	0	0	0	0	0	447.195861127009	0	722.091102948394	0	0	0	0	0	0	0	0	0	0	0	0	0	10.2722336464542	0	0	0	0	0	0	81.8086477167299	0	0	0	0	0	0	0	0	0	0	0	0	0	0	0	0	104.006667457645	0	0	0	0	0	111.563242783195	46.9804146849495	0	0	0	159.328709992107	0	0	0	0	0	267.127782917394	0	105.288206073946	0	0	0	0	0	0	0	0	172.424336116306	0	112.020103381599	0	89.190480565573	0	0	0	0	0	0	0	0	0	0	0	0	0	0	0	0	0	0	0	0	0	0	0	0	0	0	0	0	0	0	827.928302369779	0	0	0	1.06535983074983	0	0	0	0	0	0	0	54.5914291720894	0	0	0	0	0	0	0	0	171.476791527377	0	0	0	145.054303449399	235.712467950704	40.6393959046252	0	0	0	0	0	0	0	0	0	0	0	0	0	0	197.138737017202	0	0	0	0	0	0	0	0	0	0	0	0	0	782.128513057248	0	8.08827224949315	0	0	0	48.6890152603695	0	75.9179187996543	0	0	0	0	0	16.8880724248936	0	0	0	0	0	0	0	0	0	0	0	0	46.6466118137368	0	0	0	0	0	0	0	0	0	0	0	0	0	0	0	0	0	0	156.517922463831	0	0	0	0	0	348.269747032072	0	0	0	0	0	0	0	0	0	0	0	0	0	0	0	0	0	0	0	0	0	189.114771193886	0	0	0	0	0	0	0	0	242.512394874483	84.1391839944961	0	0	0	0	0	0	0	0	0	0	0	0	0	0	0	0	0	0	0	0	0	0	0	0	0	0	0	0	0	0	0	0	0	0	0	25.9472212288564	0	0	140.359817010372	0	0	0	0	0	0
2024.4534957036	0	0	0	0	0	0	0	0	0	0	0	0	0	0	0	0	0	0	0	0	0	0	0	0	0	0	0	156.826612829644	0	0	147.802055631428	0	0	0	0	0	0	0	0	0	0	0	496.544755183344	0	0	0	0	0	0	0	0	181.789115547407	0	0	0	0	0	0	0	0	0	0	0	0	0	0	0	0	0	0	0	0	0	0	0	0	114.329005947829	0	212.009879151324	0	0	0	0	79.470232307109	0	0	59.887689122554	0	0	734.519377238413	0.686937329879928	70.5019717162277	0	212.458342469617	0	0	0	88.122791312829	0	0	0	0	0	0	0	0	0	0	0	0	0	0	0	0	0	0	0	0	0	0	0	0	0	0	172.128593529646	0	0	0	0	0	0	0	0	0	0	0	0	0	0	0	0	0	0	0	0	0	0	0	0	0	0	0	0	0	0	0	0	0	0	0	0	0	0	0	0	0	0	0	161.248181210923	0	0	0	0	0	0	39.7416378501796	0	0	0	0	0	0	0	0	0	37.6168188415826	0	0	0	0	0	0	0	0	0	0	0	0	0	0	0	0	0	0	0	114.801575646903	0	0	0	0	0	0	0	0	0	30.9549267586388	0	0	17.1424343025118	0	0	150.021768483644	0	0	0	0	0	0	0	404.285398510309	137.241380841976	0	0	0	0	0	87.7764584480745	0	78.5908339653884	0	0	0	326.311591183331	0	0	0	0	0	479.37421337186	0	0	0	0	0	0	0	0	0	0	0	0	0	0	0	0	0	61.0549767407556	216.285912010741	0	0	0	0	0	0	0	0	0	293.839067656881	115.113482674685	0	0	0	0	0	19.1833718013591	0	0	0	190.208650767571	0	678.418147520033	77.8909623192437	0	0	359.067360229601	0	261.930081351644	0	0	0	139.832948282423	0	0	0	0	0	0	0	0	0	0	0	0	0	0	0	0	0	0	0	0	0	0	0	0	9.40062982498011	0	0	0	0	0	0	0	0	0	0	0	0	28.6050504753081	0	0	0	0	0	0	200.775641819033	0	0	0	0	0	0	0	0	0	0	0	0	0	0	0	0	0	0	0	0	0	0	0	0	0	0	0	0	0	0	0	0	121.132889590348	0	0	0	0	582.533349650301	0	0	0	0	0	0	0	0	0	0	0	0	0	0	0	0	0	0	0	0	0	0	0	0	0	0	0	0	0	0	447.255929916674	0	0	0	193.818626738938	59.39113251743	0	0	0	31.7254270269063	353.502756878444	0	0	0	0	0	0	0	6.13741677025288	0	0	0	0	0	0	0	0	0	610.767257381711	0	0	0	0	22.8985202853468	0	274.192148618351	0	0	0	0	0	0	0	0	0	0	0	0	0	0	0	0	0	203.628259331066	0	0	0	0	0	0	295.598214972289	0	212.524459667575	0	0	0	538.774375792736	0	0	0	69.6004832303295	0	0	0	163.619065260883	0	0	0	498.658781159894	0	0	0	0.334805361682513	0	0	0	0	0	0	0	0	17.0188389056832	0	0	0	0	0	0	0	141.91446707709	0	93.1296789571457	0	0	0	0	0	0	0	0	0	0	0	0	0	0	41.039299868929	0	0	0	0	0	0	0	0	0	0	0	0	0	0	0	0	0	0	0	0	0	0	0	0	0	0	0	0	0	0	0	679.793433244928	0	0	0	0	0	0	0	55.5093093573972	0	0	0	0	51.4652742604064	0	0	30.6047196908691	0	0	0	0	117.68440230361	0	0	0	0	3.53135381581899	22.985511700531	0	0	0	0	0	0	0	0	0	109.622557098753	0	0	646.028369329064	0	230.21101571577	0	0	0	0	0	0	530.153316195316	0	187.30547745064	0	0	0	0	0	0	0	217.554249324239	0	0	0	0	0	0	0	215.43849565255	0	0	0	0	0	0	0	0	0	0	0	0	0	0	0	0	0	0	284.478527351996	31.1057253277427	0	76.2513799306236	0	0	0	169.310649943946	0	0	0	0	0	0	0	0	0	0	0	0	0	0	0	0	0	0	0	0	0	0	0	0	0	0	723.425284053745	0	0	0	0	0	0	0	0	0	0	0	0	85.4000070749794	0	574.635838064775	0	0	0	0	0	81.0228065981543	538.273790604527	4.17458336349666	0	0	0	0	0	475.774106483166	0	786.892424635489	0	0	0	0	0	0	0	0	0	0	0	0	0	133.238993497844	0	0	0	0	0	0	109.649974315746	0	0	0	0	0	0	0	0	0	0	0	0	0	0	0	0	153.036886564388	0	10.609717630272	0	0	0	146.864627599266	94.8175512113507	0	0	0	165.151821242636	0	0	0	0	0	295.016797395746	0	109.120850456668	0	0	0	0	0.53207547317118	0	0	0	200.801412351078	0	149.361704861769	0	169.959149867415	0	0	0	0	0	0	0	0	0	0	0	0	0	0	0	0	0	0	0	0	0	0	0	27.9518064025057	0	0	0	0	0	0	875.258065645013	0	0	0	1.12170430192573	0	0	0	0	0	0	0	62.5803880233146	0	0	0	0	0	0	0	0	183.60993025667	0	0	0	261.66078218569	244.131367442322	126.974106222696	0	0	0	0	0	0	0	0	0	0	0	0	0	0	276.348797723709	0	0	0	0	0	0	0	0	0	0	0	0	0	833.894006676054	0	16.309292469163	0	0	0	55.105711730483	0	136.654601881905	0	0	0	0	0	47.4294322047806	0	0	0	0	0	0	0	0	0	0	0	0	119.249131968903	0	0	0	0	0	0	0	0	0	0	0	0	0	0	0	0	0	0	171.95957220917	0	0	0	0	23.8990748173375	383.928793604377	20.4141007460056	0	0	0	0	0	0	0	29.9796127396069	0	0	0	0	0	0	0	0	0	0	0	0	337.506281351756	0	0	0	0	0	0	0	0	285.68674230268	111.855675134775	0	0	0	0	0	0	0	0	0	0	0	0	0	0	0	0	0	0	0	0	0	0	0	0	0	0	0	0	0	0	0	0	0	0	0	30.213831730518	0	0	165.591990726772	0	0	0	0	0	0
2024.45886009492	0	0	0	0	0	0	0	0	0	0	0	0	0	0	0	0	0	0	0	0	0	0	0	0	0	0	0	194.535987698863	0	0	472.705961100617	0	0	0	0	0	0	0	0	0	0	0	524.671887762573	0	0	0	0	0	0	0	0	226.674159937471	0	9.92410825743582	0	0	0	0	0	0	0	0	0	0	0	0	0	31.8824611494452	0	0	0	9.86589687596617	0	0	0	0	151.001314924402	0	260.703342587343	0	0	0	0	102.065297815751	0	0	140.449572758322	0	0	734.519377238413	1.34723600432655	79.5384260251594	0	239.889436696309	0	0	0	100.561727335482	0	0	0	0	0	0	0	0	0	0	0	0	0	0	0	0	0	0	9.23858504175005	0	0	0	0	0	0	0	196.321297438994	0	0	0	0	0	0	0	21.1465881258231	0	0	0	0	0	97.081750075105	0	0	0	0	0	0	0	0	0	0	0	0	0	0	0	0	0	0	0	0	0	0	0	0	0	0	0	0	0	179.326098181094	0	0	0	0	0	0	65.3811572525878	0	0	0	0	0	0	0	0	0	49.0329777065229	0	0	0	0	0	0	0	0	0	0	0	0	0	0	0	0	0	0	0	124.818705729102	0	0	0	0	0	0	0	0	0	80.5950155999432	0	0	21.4142239613847	0	0	164.810864417498	0	0	0	0	0	0	0	428.134517979065	162.996222469889	0	0	0	0	0	94.7521692466566	0	235.171379544138	0	0	0	425.528477315123	0	0	0	0	0	504.380331476845	0	0	0	0	0	0	0	0	0	0	0	0	0	0	0	0	0	132.725206091201	223.919030694838	0	0	0	0	0	0	0	0	0	382.372549453352	137.618951432144	0	0	0	0	0	21.6596188692607	0	0	0	246.576807954579	0	678.418147520033	88.4125440345723	0	0	360.099954313645	0	301.414813795674	0	0	0	184.758111418684	0	0	0	0	0	0	0	0	0	0	0	0	0	0	0	0	0	0	0	0	0	0	0	0	24.2557071230338	0	0	0	0	0	0	0	0	0	0	0	0	40.6096009686099	0	0	0	0	0.0244697114968946	0	217.699398808428	0	0	0	0	0	0	0	0	0	0	0	0	0	0	0	0	0	0	0	0	0	0	0	0	0	239.095235813619	0	0	0	0	0	0	129.273641644157	0	0	0	0	633.478038135468	0	0	0	0	0	0	0.557124380440993	0	0	0	0	0	0	0	0	0	0	0	0	0	0	0	0	0	0	0	0	0	0	0	485.190751818432	0	0	0	227.628775243401	85.7198700928568	0	0	0	34.2533626204003	374.033354601127	0	0	0	0	0	0	0	13.5577383667746	0	0	0	0	0	0	0	0	0	610.767257381711	0	0	0	0	24.2299644108935	0	301.334977596623	0	0	0	0	0	0	0	0	0	0	0	0	0	0	0	0	0	221.924820828406	0	0	0	0	0	0	312.801197641639	0	215.27734301589	0	0	0	640.21338151043	0	0	0	102.55197441611	0	0	0	223.613352745026	0	0	0	526.042433325273	0	0	0	0.407702594470672	0	0	0	0	0	0	0	21.5130384998863	54.7897252196136	0	0	0	0	0	0	0	183.763751466253	0	110.569238755469	0	0	0	0	0	0	0	0	0	0	0	0	0	0	90.7894813403258	0	0	0	0	0	0	0	0	0	0	0	0	0	0	0	0	2.8749622671649	0	0	0	0	0	0	0	0	0	0	0	0	0	0	771.15734621942	0	0	0	0	0	0	0	66.7588747454192	0	0	0	0	73.9301076422421	0	0	32.3774127685587	0	0	0	0	151.187479114903	0	0	0	0	13.2939268138606	37.0048462985243	0	0	0	0	0	0	0	0	0	126.062564264532	0	0	668.50381589264	0	286.104738479284	0	0	0	0	0	0	554.907699491741	0	203.158985022005	0	0	0	0	0	0	0	248.077023761207	0	0	0	0	0	0	0	256.836376568706	0	0	0	0	0	0	0	0	0	0	0	0	0	0	0	0	0	0	311.700194059972	51.1397838499196	0	91.6701779077611	0	0	0	180.242395696324	0	0	0	0	0	0	0	0	0	0	0	0	0	0	0	0	0	0	0	0	0	0	0	0	0	0	787.478864266642	23.8344863073736	0	0	0	0	0	0	0	0	0	0	0	185.545897201368	0	654.811233053834	0	0	0	0	0	189.795157635333	555.504530482382	6.27924091188076	0	0	0	0	0	504.309097627519	0	851.474353826047	0	0	0	0	0	0	0	0	0	0	0	0	0	257.064111921865	0	0	0	0	0	0	137.468309735751	0	0	0	0	0	0	0	0	0	0	0	0	0	0	0	0	202.022105475179	0	54.4270299468466	0	0	0	182.10134182503	142.726354826339	0	0	0	170.974915579927	0	0	0	0	0	322.903302254732	0	112.954349161115	0	0	0	0	3.02743236242407	0	0	0	229.206007456199	0	186.769826669954	133.141761831553	251.140209031922	0	0	0	0	0	0	0	0	0	0	0	0	0	0	0	0	0	0	0	0	0	0	0	72.8194460283201	0	0	0	0	0	0	942.611167114145	0	0	0	1.17804868215022	0	0	0	0	0	0	0	70.5658492526597	0	0	0	0	0	0	0	0	195.74136391922	0	0	0	378.234350094797	252.553558802899	353.498909144767	0	0	0	0	0	0	0	0	0	0	0	0	0	0	355.879291853093	0	0	0	0	0	0	0	0	0	0	0	0	0	885.795192245476	0	24.5279015673247	0	0	0	61.5223030950329	0	197.563623684497	0	0	0	0	0	77.9277994089036	0	0	0	0	0	0	0	0	12.5802771216127	0	0	0	191.674223929978	0	0	0	0	0	0	0	0	0	0	0	0	0	0	0	0	0	0	187.399722916809	0	0	0	0	122.584143066524	419.534542790638	82.4509987585886	0	0	0	0	0	0	0	77.4660471991134	0	0	0	0	0	0	0	0	0	0	0	0	352.117941196581	0	0	0	0	0	0	0	0	328.973243296106	139.565932720892	0	0	0	0	0	0	0	0	0	0	0	0	0	0	0	18.4715183063463	0	0	0	0	0	0	0	0	0	0	0	0	0	0	0	0	0	0	0	34.4808071111646	0	0	190.834705121052	0	0	0	0	0	0
2024.46422448623	0	0	0	0	0	0	20.4138928412399	0	0	0	0	0	0	0	0	0	0	0	0	0	0	0	0	0	0	0	0	232.182302246364	0	0	582.08976237066	0	0	0	0	0	0	0	0	0	0	0	552.821626223413	0	0	0	9.30785172463618	0	0	0	0	271.494584351465	0	29.9798004685919	0	0	0	0	0	0	0	0	0	0	0	0	0	67.3454860209821	0	0	0	38.7776881788087	0	0	0	0	187.670692730067	0	309.467119396209	0	0	0	0	124.631062505426	0	0	221.27456833458	0	0	734.519377238413	2.0075585180867	88.5787220045267	0	267.320947826472	0	0	0	113.000170694778	0	0	0	0	0	0	0	0	0	0	0	0	0	0	0	0	0	0	19.4924563840827	0	0	0	0	0	0	0	220.486921520266	0	0	0	0	0	0	0	69.7721247571041	0	0	0	0	0	216.444185056794	0	0	0	0	0	0	0	0	0	0	0	0	0	0	0	0	0	0	0	0	0	0	0	0	0	0	0	0	0	197.407817954647	0	0	0	0	0	0	91.0508173942714	0	0	0	0	0	0	0	0	0	60.4488727895451	0	0	0	0	0	0	0	0	0	0	0	0	0	0	0	0	0	0	0	134.837440996127	0	0	0	0	0	0	0	0	0	130.264720467039	0	0	25.6850815732567	0	0	179.590186924151	0	0	0	0	0	0	0	452.012891772521	188.785455569962	0	0	0	0	0	101.725965034938	0	390.885250214006	0	0	0	525.149460958082	0	39.3991091822236	0	0	0	529.416268478071	0	0	0	8.51949725711706	0	0	0	0	0	0	0	0	0	0	0	0	0	204.696558765124	235.969626500803	0	0	0	0	0	0	0	0	0	470.617390140036	160.118693042286	0	0	0	0	0	24.1358013474349	0	0	0	303.074424438738	0	678.418147520033	98.9341169249512	0	0	406.84637180157	0	340.945317429818	0	0	0	229.713945183869	0	0	0	86.4150284767895	0	0	0	0	0	0	0	0	0	0	0	0	0	0	0	0	0	0	0	0	39.1064438893718	0	0	0	0	0	0	0	0	0	0	0	0	81.8182077521394	0	0	0	0	1.08099636951916	0	234.622399039222	0	0	0	0	0	0	0	0	0	0	0	0	0	0	0	0	0	0	0	0	0	0	0	0	0	262.447924986992	3.21388005062083	0	0	0	0	0	137.412920157739	0	0	0	0	684.556906050212	0	0	0	0	0	0	24.6029181770739	0	0	0	0	0	0	0	0	11.6241208445389	0	0	0	0	0	0	0	0	0	0	0	0	0	0	706.331472874877	0	0	0	264.432565116839	112.035906765968	0	0	0	36.7815939602092	394.569720664273	0	0	0	0	0	0	0	20.9754784906772	0	0	0	0	0	0	0	0	0	610.767257381711	0	0	0	0	25.5614981449823	0	328.507651461962	0	0	0	0	0	0	0	0	0	0	0	0	0	0	0	0	0	240.221747346166	0	0	0	0	0	0	330.000234423487	0	220.023940201026	0	0	0	741.883116797669	0	0	0	135.523481249331	0	0	0	283.501656632777	0	0	0	553.433991882453	0	0	0	0.480599707609818	0	26.333661588461	0	0	0	0	0	55.0713872947551	61.6430100642143	0	0	0	0	0	0	0	225.617555729742	0	128.020593408295	0	0	0	0	0	0	0	0	0	0	0	0	0	0	140.666327934006	0	0	0	0	0	0	0	0	0	0	0	0	0	0	0	0	8.68708137351445	0	0	0	20.2273576910237	0	0	0	0	0	0	0	0	0	0	862.432482181871	0	0	0	0	0	0	0	78.0154572728796	3.57440992550639	0	0	0	98.3896344049302	0	0	34.1501055910356	0	0	0	0	184.666240870199	0	0	0	0	23.0563911462309	51.0349097342247	2.6231777555686	0	0	0	0	0	0	0	0	142.499871098693	0	0	690.968977245353	0	342.114191663041	0	0	0	0	0	0	608.501996018919	0	219.021904973208	0	0	0	0	0	4.32749525291224	0	278.551744324147	0	0	0	0	0	0	0	298.168119924668	0	0	0	0	0	0	0	0	0	0	0	0	0	0	0	0	0	0	338.912116150607	71.1709153265995	0	107.08708064253	0	0	0	191.177667594403	0	0	0	0	0	0	0	0	0	0	0	0	0	0	0	0	0	0	0	0	0	0	0	0	0	0	851.369243765506	58.5954739754798	0	0	0	0	0	0	0	0	0	0	0	286.00129792538	0	734.738557778305	0	0	0	0	0	298.667927770604	572.72074968139	8.38394766767339	0	0	0	0	0	532.800602167219	0	911.610661473653	0	0	0	0	0	0	0	0	0	0	0	0	0	381.72818469852	0	0	0	0	0	0	165.263512000531	0	0	0	0	0	0	0	1.09605283019468	0	0	0	0	0.163754514728152	0	0.534533359584622	0	250.961691511039	0	98.2350189469638	0	0	0	217.272970485509	190.706104695633	9.75864958413114	0	0	176.797992985936	0	0	0	0	0	350.784612388328	0	116.788701587845	0	0	0	0	5.52289119758858	0	0	0	257.637936089254	0	224.244023334543	295.722036098002	332.727582140462	0	0	0	0	0	0	0	0	0	0	0	0	0	0	0	0	0	0	0	0	0	0	0	117.767152471923	0	0	0	0	0	0	1010.06647742186	0	4.24734361333036	0	1.23439297290453	0	0	0	0	0	0	0	78.5478078248815	0	0	0	0	0	0	0	0	207.871088545081	0	0	0	494.707704219718	260.979037077943	536.488752708281	0	0	0	0	0	0	0	0	0	0	0	0	0	0	435.725651161932	0	0	0	0	0	0	0	0	0	0	0	0	0	937.830793655116	0	32.7440958115792	0	8.62586073332994	0	67.9387892310625	0	258.643317903645	0	0	0	20.4274657211441	0	108.382940927526	0	0	0	0	0	0	0	0	32.2185075067865	0	0	0	263.919570090898	112.784076360168	0	0	0	0	0	0	0	0	0	0	0	0	0	0	0	0	0	202.838369947678	0	0	0	0	221.219663110061	455.086603259966	144.318187695877	0	0	0	0	0	0	0	125.074974912056	0	0	0	0	0	0	0	0	0	0	0	0	367.686813773962	0	0	0	0	0	0	0	0	372.371031638788	167.269878655618	0	0	0	0	0	0	0	0	0	0	0	0	0	0	0	38.9741386026223	0	0	0	0	0	0	0	0	0	0	0	0	0	0	0	0	0	0	0	38.7481470807045	0	0	216.087884222268	0	0	0	0	0	0
2024.46958887754	0	0	0	0	0	0	43.1012095687138	0	0	0.959577407130775	0	0	0	39.9043892494858	0	0	0	0	0	0	0	0	0	0	0	0	0	269.765137388337	6.59860441005069	0	582.08976237066	0	0	0	0	0	0	0	0	0	0	0	580.993804761067	0	0	0	48.4663503786117	0	0	0	0	316.249069741791	0	50.0259291247499	0	0	0	0	0	0	0	0	0	0	0	0	0	102.873913741234	0	0	0	67.7314867395148	0	0	0	0	224.337118936971	0	358.300620397968	0	0	29.1269424425538	0	143.385954910401	0	0	302.358708880937	0	0	734.519377238413	2.66790486484233	97.622853082803	0	294.752777260723	0	0	0	125.438120130597	0	0	0	0	0	0	0	0	0	0	0	0	0	0	0	0	0	0	29.7419695602074	0	0	0	0	0	0	0	244.625338036016	0	0	0	0	0	0	0	118.371221296545	0	0	0	0	0	336.580974352459	0	0	0	0	0	0	0	0	0	0	0	0	0	0	0	0	0	0	0	0	0	0	0	0	0	0	0	0	0	215.493312636971	0	0	0	0	0	0	116.75047764061	0	0	0	0	11.2441337898983	0	0	0	0	71.8645035040773	0	0	0	0	0	0	0	0	0	0	0	0	0	0	0	0	0	0	0	144.85777893548	0	0	0	0	0	0	0	0	0	179.963477374899	0	0	29.9550063971327	0	0	210.640486416133	0	0	0	0	0	0	0	475.920393467487	214.608917641192	0	0	0	0	0	108.697843409146	0	713.084060604007	0	0	0	625.167342527323	0	110.563427579366	0	0	0	554.481889553284	0	0	0	27.3897147437476	0	0	0	0	0	0	0	0	0	0	0	0	0	276.965153893535	251.794408776192	0	0	0	0	0	0	0	0	7.98949768162972	558.568878987642	182.61268189949	0	0	0	0	0	26.6119191301803	0	0	0	359.699850340315	0	678.418147520033	109.455680972363	0	0	453.750404975733	0	380.521283398146	0	0	0	274.699952435644	0	0	0	194.397549267292	0	0	0	0	0	0	0	0	0	0	0	0	0	0	0	0	0	0	0	0	53.9528193283042	0	0	0	0	0	0	0	0	0	0	0	0	165.994251173744	0	0	0	0	2.1375059275115	0	251.544618188077	0	0	0	0	0	0	0	0	0	0	0	0	0	0	0	5.4815036756618	0	10.577581916945	0	57.8008664980986	0	0	0	0	0	281.80384809289	7.31471062293749	0	0	0	0	0	145.550722886222	0	0	0	0	735.768712755858	3.65682509279302	0	0	0	0	0	48.6309413722249	0	0	0	0	0	0	0	0	26.1042317865832	0	0	0	0	0	0	0	0	0	0	0	0	0	0	992.902301326531	0	0	0	301.529123236938	138.339141264373	0	0	0	39.3101209030414	415.111816992456	0	0	0	0	0	0	0	28.3906334941426	0	0	0	0	0	0	0	0	0	610.767257381711	0	0	0	0	26.8931214666183	0	355.710022273302	0	0	0	0	0	0	0	0	0	55.9189011938564	7.27585914826576	0	0	0	0	0	0	258.519037771699	0	0	0	0	0	0	347.195312579985	0	226.526716467044	0	0	0	843.779428008268	0	0	0	168.514814308517	0	0	0	343.282662458115	0	0	0	580.833363632443	0	0	0	0.553496666776896	0	59.0709003596955	0	0	0	0	0	88.6082906994573	124.758484307336	0	0	0	0	0	0	0	267.47584725535	0	145.483706908174	0	0	0	0	0	0	0	0	0	0	0	0	0	0	190.668699091144	0	0	0	0	0	0	0	0	0	0	0	0	0	0	0	0	14.4992364792478	0	0	0	56.6291771180885	0	0	0	0	0	0	0	0	0	0	884.034475205586	0	0	0	0	0	0	0	89.279042667355	10.1011595460829	0	0	0	123.664311789558	0	0	35.9227981399223	0	0	0	0	212.07220233985	0	0	0	0	32.8187466210753	65.0756748887717	24.8591675407574	0	0	0	0	8.17482252563913	12.5980717762737	0	0	158.934467531898	0	0	713.423804522111	0	398.238128357865	0	0	0	0	0	0	676.961747358346	0	234.894211058342	0	0	0	0	0	20.9522478126231	0	308.97813590366	0	0	0	0	0	0	0	339.433154227031	0	0	0	0	0	0	0	0	0	0	0	0	0	0	0	0	0	0	366.114180099428	91.19908622258	0	122.502082394394	0	0	0	202.116456698583	0	0	0	0	0	0	0	0	0	0	0	0	0	0	0	0	0	0	0	0	0	0	0	0	0	11.1031838503864	915.094506012929	93.4205334354061	0	0	0	0	16.1929945736494	0	0	0	0	0	0	386.759071120227	0	814.413411244579	0	0	0	0	0	407.632962923275	589.9224033722	10.4887035827533	0	0	0	9.33483359458934	0	561.248386852184	0	972.553216574219	0	0	1.25191824774426	0	0	0	0	1.09641553189819	0	0	0	59.2582887145212	0	507.212067396977	0	0	0	0	0	0	193.03543883289	0	1.3383848284782	0	0	0	0	0	7.91471425282247	0	0	0	0	44.0314325620677	0	2.77918565062484	0	299.855010138469	0	142.033601911949	0	0	0	252.379096707695	238.756082698048	30.5884910486307	0	0	182.621053441832	0	0	0	0	0	378.658812244433	0	120.623907136995	0	0	0	0	8.01845189905263	0	0	0	286.097013200851	0	261.783851349323	458.137706147374	414.71524926156	0	0	0	0	0	0	0	0	0	0	0	0	0	0	0	0	0	0	0	0	0	0	0	162.794231201546	0	0	0	0	0	0	1077.62210008164	18.309281801296	41.4014058721629	0	1.290737171912	0	73.3613491530136	0	0	0	0	0	86.4444618973894	0	0	0	0	0	0	0	0	219.999100161126	0	0	0	611.05961418585	269.407797317121	592.721831859641	0	0	0	0	0	0	0	0	0	0	0	0	0	0	497.712540344352	0	0	0	0	0	0	0	0	0	0	0	0	0	989.999542587991	0	40.9578714659316	0	62.3399409137673	0	74.3551700145703	0	319.892025517014	0	0	0	57.6742276980406	0	138.794622732236	0	0	0	0	0	0	0	0	51.8615377128959	0	0	0	335.982833555315	351.495547234295	0	0	0	0	0	0	0	0	0	0	0	0	0	0	0	0	0	218.275508659249	0	0	0	0	319.80227624549	490.584582118906	206.013798291623	0	0	0	0	0	0	0	172.805343361631	0	0	0	0	0	0	0	0	0	0	0	0	384.090558796815	0	0	0	0	0	0	0	0	415.879245325692	194.967434744521	0	0	0	0	0	0	0	0	0	0	0	0	0	0	0	59.4692176311502	0	0	0	0	0	0	0	0	0	0	0	0	0	0	0	0	0	0	0	43.0158513495334	0	0	241.351452161247	0	0	0	0	0	0
2024.47495326886	0	0	0	0	0	0	65.8192874241812	0	0	22.2160240622446	0	0	0	166.393476388362	0	0	0	0	0	0	0	0	0	0	0	0	0	307.284071988461	13.6139836245368	40.8108173437643	582.08976237066	0	0	0	0	0	0	0	0	0	0	0	609.188257783709	0	70.4653294366366	0	87.5904159462506	0	0	0	0	360.936692823844	0	70.0624527670446	0	0	0	0	0	0	0	0	0	0	0	0	0	138.46733179139	198.76473046444	0	0	96.7270718579985	0	0	0	0	261.000573110683	0	407.203258092586	0	0	68.8446492217784	0	143.385954910401	0	0	331.332250728339	0	0	734.519377238413	3.32827504282539	106.670812695494	0	322.184826383342	0	0	0	137.87557438318	0	0	0	58.264619669436	0	0	0	0	0	0	0	0	4.71583249455499	0	0	0	0	0	39.9871160641481	0	0	0	0	0	0	0	268.736418879823	0	0	0	0	0	0	0	166.943614014033	0	0	0	0	0	457.475501297733	0	0	0	0	0	0	0	0	0	0	0	0	0	0	0	0	0	0	0	0	0	0	0	0	0	0	0	0	40.5866943262731	233.582554351427	0	0	0	0	0	20.4967134365093	142.479997712129	0	0	0	0	23.2064266643058	0	0	0	0	83.2798692631714	0	0	0	0	0	0	0	0	0	0	0	0	0	0	0	0	0	0	0	154.879717035797	0	0	0	0	0	26.3259947661573	0	0	0	229.690723416876	0	0	34.223997692917	0	0	320.19885233446	0	0	0	0	0	6.89738726226663	0	499.856897013794	240.466446685867	0	0	0	0	0	115.667801964132	0	1205.91549969676	0.432561009845775	0	0	703.623567299534	0	208.803686126162	0	0	49.8756272350114	579.577060303721	0.570533602020854	0	0	33.9962884667421	0	0	0	0	0	0	0	0	115.26774704336	0	0	0	0	349.527143083908	270.723100402294	0	0	29.8256335237191	0	0	0	0	0	52.8853917803286	646.222260298304	205.100892381413	0	0	0	0	0	29.0879721133894	0	0	0	416.451441275587	0	678.418147520033	119.977236159307	0	0	500.790856951489	0	420.142403544482	0	0	0	319.715636822926	0	0	0	302.814639049284	0	0	0	0	0	0	0	0	0	0	0	0	0	0	0	0	0	0	0	0	68.7948126317449	0	0	0	0	0	0	0	0	0	0	0	0	251.057659946183	0	0	0	0	3.19399862266307	0	268.466031926281	0	0	0	0	0	0	0	0	0	0	0	0	0	0	0	32.4485225277032	0	44.0482311152347	0	57.8008664980986	0	0	0	0	0	301.159167925232	11.4152595718072	0	0	0	0	16.2604792679131	153.687047583877	0	0	0	0	787.112225201804	15.1342543598242	0	0	0	0	0	72.6411106057023	0	0	0	0	0	0	0	0	40.5939733460842	0	0	0	0	0	0	0	0	0	0	0	0	0	0	1282.96145337846	0	0	0	338.822190020184	164.629472173913	0	0	0	41.8389433067337	416.62996877435	0	0	0	0	0	0	0	35.8031997258081	0	5.92828785876848	0	0	0	0	0	0.807431222939049	0	610.767257381711	0	0	0	0	28.2248343537932	0	382.941942528394	0	0	0	0	0	0	0	0	0	285.348516082618	88.1034626456677	0	0	0	0	0	0	276.816690992998	0	0	0	0	0	0	364.386419365818	0	234.640707954113	0	0	0	894.062260304462	0	0	0	201.525784501143	0	0	0	394.319207092983	0	0	0	608.240455437813	0	0	0	0.626393504103102	0	91.7559792044414	0	0	0	0	0	122.12356831329	197.339276402671	0	0	0	0	0	0	0	309.338593431078	0	162.95854332806	0	0	0	0	0	0	0	0	0	0	0	0	0	0	240.795461499005	0	0	0	0	0	0	0	0	0	38.8733919132962	0	0	0	0	0	0	20.3114275441049	0	0	0	56.6291771180885	0	0	0	0	0	0	0	0	0	0	894.141929559534	0	0	0	0	0	0	0	100.549616676467	16.6296897497457	0	0	0	149.339523088015	0	0	62.5090320454157	0	0	0	0	212.07220233985	0	0	0	0	42.5809930475738	79.12711468891	47.1184578391325	0	32.696410841543	0	0	34.0648716797123	37.6266186179846	0	0	175.366343490556	0	0	735.868248746282	0	454.4753081529	0	0	0	0	0	0	755.998952375627	0	250.775877083215	0	0	0	0	0	37.5921488306734	0	339.355922332776	0	0	0	0	0	0	0	380.630906126573	15.9556550745986	0	0	8.30647477707661	0	12.1901610946765	13.2090325923643	0	0	0	0	0	0	0	0	0	0	0	393.306272251322	111.22426298249	0	137.915177421368	0	0	0	213.058754076106	0	0	0	0	0	0	0	0	0	0	0	0	0	0	0	0	0	0	0	0	0	0	0	0	0	45.9674316747371	978.652721085453	128.309256917803	0	0	0	0	41.4373296707336	0	23.2586115497676	0	0	0	0	487.81212324065	0	893.831351642943	0	0	0	0	0	516.682114779273	607.109446622684	12.5935086068252	0	0	0	38.6508224612037	0	589.652217577925	0	1035.70747023873	0	0	7.41718280588639	0	0	0	0	25.3759210052338	0	0	0	140.269063528129	0	633.496873363071	0	0	0	0	0	26.7903341080456	220.783947656387	0	53.5446455336245	0	0	0	0	0	14.7337383711874	0	0	0	0	87.8582191747089	0	5.02355644027712	0	348.701424909802	0	185.822696072399	0	0	0	287.419301721721	286.875573395898	30.5884910486307	0	0	188.444096929048	0	0	0	0	0	406.524491648323	0	124.459965209282	0	0	0	0	10.5141143838583	0	0	0	314.583054036547	0	299.388869173715	620.369080704594	497.097246346696	0	0	0	0	0	0	0	0	0	0	0	0	0	0	0	13.3918824940076	0	0	0	0	0	6.8290321193915	0	207.899990658504	0	0	0	0	0	0	1124.47931396863	43.2262814896576	78.4804497374969	0	1.34708127727707	0	304.142987474604	0	0	0	0	0	93.7015943123109	0	0	0	0	0	0	0	0	229.512879220078	0	0	0	727.277984338282	277.839834575843	651.089035132632	0	0	0	0	0	0	0	0	0	0	0	93.3821142921401	0	0	497.712540344352	2.60037855961624	0	0	0	0	0	0	0	8.6328310357584	0	147.565393690202	0	0	1042.30017849887	0	49.1692247916494	0	115.921920088175	0	80.7714453217273	0	381.308094814528	0	0	0	94.8622415135266	0	169.162609878702	0	0	19.3073844341756	0	0	0	50.5009265543469	0	71.5093498052181	0	0	0	407.861657927745	351.495547234295	0	0	0	0	0	0	0	0	0	0	0	0	0	0	0	0	0	233.711134408204	0	0	0	0	418.328612634685	526.028084908304	267.535946075037	0	0	0	29.9753863986535	0	0	0	220.65610584469	0	0	0	0	0	0	0	0	0	0	0	0	401.221059081182	0	0	0	0	0	0	0	0	459.497026566803	222.658522698014	0	0	0	0	0	0	0	0	0	0	0	0	0	0	0	79.956698801299	0	0	0	0	0	0	0	0	0	0	0	0	0	0	0	35.9605792104048	0	0	0	47.283919627241	0	0	266.625333173084	0	0	0	0	0	0
2024.48031766017	0	0	0	0	0	0	88.5679975957229	0	0	43.4927535895244	0	0	0	293.212594457458	0	0	0	0	0	0	0	0	0	0	0	0	0	344.738682847594	20.6276895856633	126.195900376048	582.08976237066	0	0	0	0	0	0	0	0	0	0	0	640.439859631631	0	147.270427129363	0	126.679757814311	0	0	0	0	405.556705423331	0	90.0893298654391	0	0	0	0	0	0	0	0	0	0	0	0	0	174.125329156956	405.377742171532	0	0	125.76422354381	0	0	0	0	297.661034806227	0	456.174446638751	0	0	108.623313436213	0	147.578478267726	0	0	371.427943317516	0	0	734.519377238413	3.98866904991961	115.722594284631	0	352.168558102807	0	0	0	150.312532192191	0	0	0	117.183271905563	0	0	0	0	0	0	0	0	10.8976136215606	0	0	0	0	0	50.2278873817644	0	0	0	0	0	0	0	292.820035573168	0	0	0	0	0	0	0	215.489038792528	0	0	0	0	0	579.111375020076	0	0	0	0	0	0	0	0	0	0	0	0	0	0	0	0	0	0	0	0	0	0	0	0	0.175260602396715	0	7.46938229117264	0	84.7056142220401	251.675515237483	0	0	0	0	0	41.6607659110666	168.239237681562	0	0	0	0	35.1740727467583	0	0	0	0	94.694969479789	0	0	0	0	0	0	0	0	0	0	0	46.3451625654739	0	0	0	0	0	0	0	164.903252785992	0	0	0	0	0	70.359608407995	0	0	0	279.445896704792	0	0	38.4920547195652	0	0	429.196526896116	0	0	0	0	0	16.3467268633307	0	523.822276731563	266.357881206395	0	0	0	0	0	122.635838292617	0	1687.29786066153	33.0464046654638	0	0	715.431997778054	0	312.084426904116	0	0	105.419702354321	604.701646750913	43.5929027332028	0	0	43.7780750626373	0	0	37.3192670002785	0	0	0	0	0	233.610605024772	0	0	0	0	422.378710320642	292.144352995558	0	0	84.3177085217477	0	0	0	0	0	72.5029771391126	733.572732796902	227.583298846893	0	0	0	0	0	49.348371344468	0	0	0	473.327558260552	0	678.418147520033	130.498782467712	0	0	547.953490016002	0	459.808370403222	0	0	0	364.76050274442	0	0	0	411.65612838458	0	0	0	0	10.4583191194	0	0	0	0	0	0	0	0	0	0	0	0	0	0	0	83.6324029761776	0	0	0	0	0	0	0	0	0	0	0	0	336.466506149748	0	0	0	0	4.2504744590914	0	285.38661591799	0	0	0	0	0	0	0	0	0	0	0	0	0	0	0	59.3759157710711	0	77.5199251561294	0	57.8008664980986	0	1.51478981195447	0	0	86.9916480398778	320.513418586763	15.5155266748172	0	0	0	0	71.3780700488581	161.821892004017	0	0	0	0	838.58621789274	26.6192653530972	0	0	0	0	0	96.633342366229	0	0	0	0	0	0	0	0	55.0933206613315	0	0	0	0	0	0	0	0	0	0	0	0	0	0	1576.3233563066	0	0	0	376.253237353467	190.906797934347	0	0	0	44.3680610280317	416.62996877435	0	0	0	0	0	0	0	43.2131735313459	0	101.74662747048	0	10.5242021257657	0	0	0	21.5891567198058	0	610.767257381711	0	0	0	0	29.5566367855499	0	400.429740823055	0	0	0	0	0	0	0	0	0	507.186544244717	169.198578380162	0	0	0	0	0	0	295.114705897177	0	0	0	0	0	0	381.5735420267	0	244.206313663139	0	0	0	894.062260304462	0	0	0	234.556203054062	0	0	0	402.744273501521	0	0	0	635.655174217452	0	0	0	0.699290225404326	0	124.388574500642	0	0	0	0	11.6648196578831	155.617039301288	271.726550209707	0	0	0	0	0	0	0	351.205761639487	0	180.445066819462	0	0	0	0	0	0	0	0	0	0	0	0	0	0	291.045489056693	0	0	0	0	0	0	0	0	0	81.1126101251867	0	0	0	0	0	0	26.1236545286982	0	0	0	56.6291771180885	0	0	0	0	0	0	0	0	0	0	904.261282401646	0	0	0	0	0	0	0	111.827165067774	23.1599984914502	68.58837148393	0	0	175.238174021144	0	0	95.7635482034626	0	0	0	0	212.07220233985	0	0	0	0	52.3431302353284	93.1892021064187	69.4009565797403	0	82.5563884118906	0	0	59.9898260863822	62.6279689640303	0	0	191.795488895579	0	0	758.302260827041	0	510.82449706263	0	0	0	0	0	0	842.402592891065	0	266.666876903951	0	0	0	0	0	54.2471522988801	0	369.684826381748	0	0	0	0	0	0	0	421.760800398442	39.2209341316472	0	23.8688459345732	19.1875383626136	0	53.4745173638355	57.9611755076559	0	0	0	0	0	0	0	0	0	0	0	420.488278814956	131.246412028179	0	153.326359978919	0	0	0	242.807840009518	0	0	0	0	0	0	0	0	0	0	0	0	0	0	0	0	0	0	0	0	0	0	0	0	0	80.877892861352	1042.0419455512	163.261238309187	0	0	0	0	66.6661761925861	0	65.6854582267593	0	0	0	0	589.15340353795	13.0955076348528	972.987895697163	0	0	0	0	0	546.981679113937	624.281834396413	14.6983626908295	0	0	0	68.012364778856	0	618.011859381128	0	1100.72705496677	0	0	13.5838661156494	0	0	23.8552069062319	0	49.6630164292619	0	0	0	221.637098504723	0	760.563971333093	0	0	0	0	0	56.4979269786415	248.508895590583	0	105.707150233309	0	0	0	0	0	21.553123435586	0	0	0	0	131.643764932314	0	17.5755521084434	0	397.500297402865	0	229.602218599623	0	0	0	322.393164853282	335.063863992849	34.9789700398777	0	0	194.26712342893	0	0	0	0	0	434.380583394489	0	128.296875205445	0	0	0	0	13.0098785672113	0	0	0	343.09587413082	0	337.058637222921	782.39635104614	579.86766507107	0	0	0	0	0	0	0	0	0	0	0	0	0	0	0	28.9545576655625	0	0	0	0	0	16.1866997250021	0	253.083742231194	0	0	0	0	0	0	1158.3652104202	68.1244795168336	115.483973235246	0	1.40342529062714	0	532.807868646515	0	0	0	0	0	101.234480997696	0	0	0	0	0	0	0	0	229.512879220078	0	0	0	843.353514406452	286.275143914338	710.989192143576	0	0	0	0	0	0	0	22.1069550960033	0	0	0	191.261546570064	0	0	497.712540344352	36.3390590327016	0	0	0	0	0	0	0	24.3675409205363	0	309.214005812987	0	0	1094.73144857833	0	57.3781520469734	0	169.370535932667	0	87.1876150285199	0	442.889881408913	0	0	0	131.99111194704	0	199.486666501789	0	0	70.8006711256303	0	0	0	115.643905248665	0	91.161925857931	0	0	0	479.553667089952	351.495547234295	0	0	0	0	0	0	0	0	0	0	0	0	0	0	0	0	10.7709701379247	249.14524254902	0	0	0	0	516.795289834159	561.416715591318	328.882731277065	0	0	0	51.4613179665507	0	0	0	268.626221451146	0	0	0	0	0	0	0	0	0	0	0	0	418.983669485257	0	0	0	0	0	0	0	0	503.223521779278	250.343064126605	0	0	0	0	0	0	0	0	0	0	0	0	0	0	0	100.436525478154	0	0	0	0	0	0	0	0	0	0	5.84149205772793	0	0	0	0	73.1613425000468	0	0	0	51.5523516237117	0	0	291.909451593288	0	0	0	0	0	0
2024.48568205149	0	0	0	0	0	0	111.347211589352	0	0	64.7896897661094	0	0	0	363.505880324869	0	0	0	0	0	0	0	0	0	0	0	0	0	382.128544702948	27.6397202568567	211.715787658601	582.08976237066	0	0	0	0	0	0	0	0	0	0	0	687.333618111135	0	191.453168947446	0	165.734084385503	0	0	9.35353289590376	0	450.108445744047	0	110.10651882237	0	0	0	0	24.9929049574032	0	0	0	0	48.8492535567357	0	0	0	209.847496331054	613.336016695579	0	0	154.842722519453	0	0	0	0	333.613649562457	0	505.213601844144	0	0	148.462501888664	0	164.997020404434	0	0	405.62333014903	0	0	744.444605290807	4.6490868809936	124.778191300283	0	383.553270051555	0	0	0	162.748992298608	0	0	0	176.087172109607	0	0	0	0	0	0	0	0	17.0812309391134	0	0	0	0	0	60.4642749916296	0	0	0	0	0	0	0	316.876059268256	0	0	0	0	0	0	0	264.007231119906	0	0	0	0	0	701.472428730276	31.2754896884658	0	0	0	0	0	0	0	0	0	0	0	0	14.5379698759767	10.2801196757144	0	0	0	0	0	0	0	0	0	0.949750315320624	0	36.1172721092957	0	128.833128180124	269.772167453383	0	0	0	0	0	62.8250805498762	194.028057977521	0	0	0	0	47.147060275961	0	0	0	0	104.917284158156	84.6363051034391	0	0	0	0	0	0	0	0	0	0	226.671034028636	0	0	0	0	0	0	0	174.928383676916	0	0	0	0	0	114.476517790031	0	0	0	279.445896704792	0	0	42.7591767359269	0	0	537.555288181417	0	0	0	0	0	25.7976034812894	0	547.816407314564	292.283060208711	0	0	0	0	0	129.601949986128	0	1863.83300915998	65.6174176381828	0	0	727.331826545774	0	416.675894354346	0	0	160.870056606375	629.855515340086	86.5701756598319	0	0	55.0735987048004	0	0	85.4755903363592	0	0	0	0	59.697259368458	352.774377410296	0	0	0	0	495.516071870008	315.542859240673	0	0	138.966359651284	0	0	0	0	0	88.5454409802382	820.615449063525	250.059875639222	0	0	0	0	0	77.8487521123553	10.4052565370026	0	0	530.326567626242	0	678.418147520033	141.02031988102	0	0	595.228307976286	0	499.518877200089	0	0	0	409.834055318552	33.312960953557	0	0	520.911922426715	0	0	0	0	23.0696887313155	0	0	0	0	56.6813722031554	0	0	0	0	0	0	0	0	0	2.38118439151437	98.4655695264053	0	0	0	0	0	0	0	0	0	0	0	0	422.112540552108	0	0	0	0	5.30693343047628	0	302.30634582276	0	0	0	0	0	11.885987335532	0	0	0	0	0	0	0	0	0	86.2634908215798	0	110.99249425093	0	57.8008664980986	0	15.519907754847	0	0	138.105782208949	339.866233627344	19.6155117128822	0	0	0	0	126.485646119857	169.955253899751	0	0	0	0	890.189472867812	38.1118424301555	0	0	0	0	0	120.607552997639	0	0	0	0	2.56551005396981	0	0	0	69.6022489153598	0	0	0	0	0	0	25.6542903226561	0	0	0	0	0	0	0	1725.99226830737	0	0	0	413.78472911232	217.171016840734	0	0	0	46.8974739247478	416.62996877435	0	0	0	0	0	0	0	50.6205512541445	0	198.015851864758	0	21.2032683437724	0	0	0	42.3797332692147	0	610.767257381711	0	0	0	0	30.8885287405883	0	400.429740823055	0	0	0	0	0	0	0	0	0	563.371585462413	250.557020600322	0	0	0	0	0	0	313.41308137359	0	0	0	0	0	0	398.756667802134	0	255.061160736382	0	0	17.8382698647477	894.062260304462	0	0	0	267.605881511656	0	0	0	411.359683021559	0	0	0	663.077426948519	0	0	0	0.772186805054262	0	156.968361359696	0	0	0	0	25.7387236029497	189.088522393121	346.614947983322	0	0	0	0	0	0	0	393.077319263348	0	197.943241615281	0	0	0	0	0	0	0	0	0	0	0	0	0	0	341.417662853367	0	0	0	0	0	0	0	0	0	123.342130146285	0	0	0	0	0	0	31.9359173944781	0	0	0	64.9485554785396	0	0	0	0	0	0	0	0	0	0	914.391887035962	0	8.27293571765149	0	0	0	0	0	123.111673629896	29.6920837266621	73.1034712752263	0	0	175.983947829798	0	0	129.266510937043	0	0	0	0	212.07220233985	0	0	0	0	60.7086412544162	107.261910160053	91.7065719544517	0	132.569689541914	0	0	85.949523171618	87.6020027935423	0	0	208.221893665016	0	0	780.725791562317	0	567.284467466922	0	0	0	0	0	0	933.909877827299	0	282.567184429484	0	0	0	0	0	70.9172123015079	0	399.964569760391	0	0	0	0	0	0	0	462.822259932845	62.5132582202578	0	50.3829053484115	30.0632812223602	0	94.695119206726	102.670902732375	0	0	0	0	0	0	0	0	0	0	0	447.66008586406	151.265499762216	0	168.735624322603	0	0	0	332.006966729195	0	0	0	0	0	0	0	0	0	0	0	0	0	0	0	0	0	0	0	0	0	0	0	0	0	115.834238635183	1105.26022236698	198.276073154012	0	0	0	0	91.8794565295954	0	108.14851411218	0	0	0	0	690.775902256791	134.623688987568	1051.87851804652	0	0	0	0	0	546.981679113937	641.439521555344	16.8032657845634	0	0	0	97.4192180626556	0	646.327076442547	0	1161.22660253634	0	0	19.7519665339117	0	16.023134603234	115.748936750811	0	73.9576677009748	0	0	0	303.35714210624	106.803089542816	888.39498275911	0	0	0	0	0	86.1625093831074	276.210139452954	0	157.825437573341	0	0	0	0	0	28.3728676907842	0	0	0	0	155.728708484238	0	48.04270978806	0	446.250987175512	0	273.372086608572	0	0	0	357.300263524978	383.320244303471	45.2729612279474	0	0	200.090132923284	0	0	0	0	0	462.226259655033	0	132.134636526984	0	0	0	0	15.5057443654457	0	0	0	371.635289308624	0	374.792717867491	944.19956830316	663.020652662238	0	0	0	0	0	0	0	0	77.3719101390289	0	0	0	0	0	0	44.5172115760812	0	0	0	0	0	25.5481687899785	0	253.083742231194	0	0	0	0	0	0	1193.29998173664	93.0037736694029	152.411472157872	0	1.45976920715014	0	669.456688295502	0	0	0	0	0	108.986276258989	6.04066752211408	0	0	0	0	0	0	0	229.512879220078	0	0	0	843.353514406452	294.713720399235	771.994876592094	3.98096846494964	0	0	0	0	0	0	79.7923810658937	0	0	0	289.62273768064	0	0	497.712540344352	70.1433618361648	0	0	0	0	0	0	0	40.0993055561733	0	447.092202148098	0	9.23115113007087	1147.29210772883	0	65.5846494873739	0	222.684517334091	0	93.603679011697	0	504.635748257589	0	0	0	169.060442475632	0	229.766555818227	0	0	122.437906916867	0	0	0	115.643905248665	0	110.819247957237	0	0	59.5030177817043	551.056464999279	351.495547234295	0	0	0	0	0	0	0	0	0	0	0	0	0	0	0	0	22.7573095681179	264.577828436624	0	0	0	0	615.198911346583	596.750076550518	390.052238755553	0	0	0	76.639901939739	0	0	0	316.714655054372	0	0	0	0	0	0	0	0	0	0	0	0	437.296063250505	0	0	0	0	0	0	0	0	547.057881590042	278.020980542775	0	0	0	0	0	0	0	0	0	0	0	0	0	0	0	120.908640985078	27.7762968525637	0	0	0	0	0	0	23.1149530053825	0	22.9656246639699	33.4855039542076	0	0	0	0	110.43256936158	0	0	0	55.8211470498008	0	0	317.203731860342	0	0	0	0	0	0
2024.4910464428	0	0	0	0	0	0	134.15680122197	0	0	86.1067565766117	0	0	0	364.029626130616	0	0	0	0	0	0	0	0	0	0	0	0	0	419.453230211901	34.6500735993971	297.367158036156	582.08976237066	49.9266995919099	0	0	0	0	0	0	0	0	0	0	734.604310091248	0	191.453168947446	0	204.753103055843	0	0	65.3787098728509	0	494.591297854966	0	130.113977966582	0	5.94569201598998	0	0	55.8836763990892	0	0	0	0	159.248210827888	0	0	0	237.83511825735	822.583784981025	0	0	183.962350211091	0	0	0	0	378.798382584749	0	554.320141134857	0	0	188.361783339692	0	182.430254783465	0	0	418.97011824298	0	0	760.299826787653	5.30952853488068	133.83759719822	52.284368765687	415.159933334614	0	0	0	175.184953441585	0	0	0	233.874150770317	0	0	0	0	0	0	26.0136045414937	0	23.2666823089742	0	0	0	0	0	70.6962703629147	0	0	0	0	0	0	0	340.904360740932	0	0	0	15.5946914794104	0	0	0	312.497926060236	0	0	0	0	0	824.542717723663	69.9646435249775	0	0	0	12.2478177537929	0	0	0	0	0	0	0	0	32.504927236879	113.519640940158	0	0	0	0	0	7.39287290241067	0	0	0	1.7242131214869	0	40.7966558044851	0	172.968840948498	287.87248317123	0	0	0	0	4.13770976947494	83.9896563337457	219.846319376887	0	0	0	0	59.1253775020729	0	0	0	0	160.249944480954	180.310173853228	0	0	0	0	0	0	0	38.3863691443387	0	0	283.101837311668	0	0	0	0	0	0	0	184.955107198748	0	0	0	0	0	132.181377752192	0	0	0	279.445896704792	0	0	47.0253630005526	0	0	615.28837683999	0	0	0	0.752100375486885	0	35.2500130217569	0	571.839163823568	318.241823194502	0	0	0	0	0	136.566134633542	0	1873.95975709452	98.1453147419147	0	21.233439929901	739.318226318105	0	522.0608772707	0	0	216.225614356849	655.038532932712	129.501919285257	0	0	67.1273304557885	9.53767780587913	0	133.560310390764	0	0	47.8237155857324	0	143.264277042154	472.741451945822	0	0	0	0	568.935476141013	336.389892505213	0	0	193.770053314316	0	0	0	0	0	107.090278636505	907.345514948672	272.530597080295	0	0	0	0	0	106.424844903935	32.9786277722309	0	0	587.446840907045	0	678.418147520033	149.862761151933	0	0	642.608018664683	0	539.273617835994	0	0	0	789.504460798176	81.733632144249	0	0	630.57199852756	0	0	0	0	35.6801283762405	0	0	0	0	150.673671863387	0	0	0	0	0	0	3.2930285069712	0	0	13.1570852908461	113.294291431294	0	0	0	0	0	0	0	0	0	0	0	0	507.957811541932	0	0	0	0	6.36337553369214	0	319.225197291035	0	0	0	0	0	49.7608434361748	0	0	0	0	0	24.8003793458327	0	0	0	113.111054473176	0	144.465768608897	0	60.7889736996117	0	29.5252079499743	0	0	207.960347219831	359.217319232536	23.7152144627587	19.6650793994501	55.1440346295543	0	0	181.583080308985	178.087131022341	0	0	0	0	941.920779656759	49.6119699656815	0	0	0	0	0	144.563658692686	0	0	0	0	28.348915626189	0	0	0	84.1207333322296	0	0	0	16.1661431031613	0	0	57.3667277330072	0	0	0	0	0	0	0	1725.99226830737	0	0	0	451.391525431525	243.42202703485	0	0	0	49.4271818541495	416.62996877435	0	0	0	0	0	0	0	58.0253292331212	20.0743975005486	294.728039438224	0	31.8862849765712	0	0	0	63.1791268118278	0	633.191320563226	0	5.14981962936125	0	0	32.2205101971983	0	400.429740823055	0	0	0	0	0	0	0	0	0	619.559627887315	332.174634218146	0	17.7236231715413	0	0	0	0	331.711816309019	14.1740852864157	0	0	0	0	0	415.935783921016	0	267.048925177232	0	0	58.3463703142033	941.561405808091	0	0	0	300.674631720492	0	0	0	420.153413804284	0	46.4626276565752	0	690.507120656509	0	0	0	0.845083258338312	0	189.495013614022	0	0	0	0	39.8199408472428	222.537835867855	421.616868430055	0	0	0	0	0	0	0	434.953233673071	0	215.453032025209	0	22.7182415804322	0	0	0	0	0	0	0	0	0	0	0	0	391.910871124048	0	0	0	0	0	0	0	0	0	211.117621026449	0	0	4.57299249992194	0	0	0	37.7482161021745	0	0	0	102.947247689193	0	0	0	0	0	0	0	0	0	0	924.533124204933	0	65.5122507826707	0	0	0	0	0	134.403128169986	36.2259434120062	77.7266910957036	0	0	246.040908908474	0	0	162.88805022817	0	0	0	0	217.079160618836	0	0	0	0	85.7800431186214	121.34521191215	92.5000830650572	0	182.734895973735	0	0	111.943800892221	112.548599697403	0	0	224.645547709736	0	0	807.026413747569	0	623.853998026012	0	0	0	0	0	0	1000.31173238321	0	298.476773617353	0	0	0	0	0	87.6022830127924	0	430.194873107654	0	0	0	0	0	0	0	503.81470570868	85.8325099937313	0	76.8642024342498	40.9336921027458	0	135.851460030137	147.337842187741	0	0	0	0	0	0	0	0	0	0	0	474.821579327202	171.281492561777	0	184.142964703841	0	0	26.3544269173671	421.414642014363	0	0	0	0	0	0	0	0	0	0	0	0	0	0	0	0	0	0	37.2493994070693	0	0	0	0	0	0	150.836141142433	1168.30558075205	233.353358641357	0	0	0	0	117.077092953066	0	150.64753880772	0	0	0	0	792.67264874545	256.957765000992	1130.49865060732	0	0	0	0	0	546.981679113937	658.582462855344	18.9082178394745	0	0	0	126.871140724277	0	650.93415306976	0	1217.18834684314	0	43.3123826474827	25.9214824143349	0	67.6672522085391	215.144468119863	0	98.2598407350228	0	0	0	385.423992930962	227.475880075511	1016.9717787801	0	0	0	0	0	115.783851311011	303.887535749193	0	209.899045207753	0	0	0	0	0	35.19296938221	0	0	0	0	184.379259515167	0	78.4625723455042	0	494.952851700787	0	317.132217141739	0	0	0	392.140173243213	431.644006701997	55.5715433785561	0	0	205.913125393404	0	0	9.56874443742806	0	0	490.060863763179	0	132.134636526984	0	0	0	0	18.0017116955189	0	0	0	400.201115674804	0	412.590675416866	1105.758620607	746.550411662132	0	0	0	0	0	0	0	0	211.937497143768	0	0	0	0	0	0	60.0798441696947	0	0	0	0	0	34.9134329833884	0	253.083742231194	0	0	0	0	0	0	1229.16917162102	117.864061536352	189.262440051776	0	4.38235389727845	0	695.2059346882	0	5.73974759812282	0	0	0	116.913740141159	26.3653823606618	0	0	0	0	0	0	0	229.512879220078	0	0	0	843.353514406452	303.155559101271	833.797205620334	31.2668063184106	0	0	0	0	9.24425904676889	0	137.552037346523	0	0	0	388.457153804298	0	0	497.712540344352	104.012882348741	0	0	0	89.1744704586916	0	0	0	55.8281154163058	0	550.505641876405	0	22.6360345923056	1147.29210772883	0	73.7887133648272	0	275.862584335438	0	100.019637147321	0	566.544065654238	0	0	0	206.069835259845	0	260.002040116877	0	0	174.21766802098	0	0	0	117.468718694253	0	130.481298196181	0	0	116.608833976444	622.367635460564	351.495547234295	0	0	0	16.7163076593137	0	0	0	0	0	0	0	0	0	55.6113807219633	0	0	34.7517716165247	280.008887422437	0	0	0	0	713.536065126252	632.0277685701	451.042537897058	0	0	0	88.4436256943856	29.7191539215884	0	0	364.920377280072	0	0	0	0	0	0	0	0	0	0	0	0	456.919605247175	0	0	0	0	0	0	0	0	590.999260819156	305.692193351605	0	0	0	0	0	0	0	0	0	0	0	0	0	0	29.1732684751886	128.290187162469	62.1333894436003	0	0	0	0	0	0	192.272880601841	1.24929118522323	51.3809778894736	61.0907484955726	0	0	0	0	147.773780635333	0	0	0	60.0903056151676	0	0	342.508098507558	0	0	0	0	0	0
2024.49641083411	0	0	0	0	0	0	156.996638625693	0	0	107.4438782101	0	0	0	364.553392787996	0	0	0	0	0	0	0	0	0	0	0	0	0	456.712309951507	41.6587475732317	383.146704452889	582.08976237066	112.364308218181	0	0	0	0	0	0	0	0	0	0	782.205485999105	0	191.453168947446	0	243.736520208407	0	0	121.289220047432	0	539.004671378394	0	150.11166555624	0	35.0098686102511	0	0	86.7481359616835	0	0	0	0	269.094526022447	0	0	0	244.9041915742	978.377644857203	0	0	213.122888752022	0	0	0	0	433.912798370082	0	603.49348354475	0	0	251.571373197204	0	199.878135337332	0	0	432.381152191701	0	0	776.372487054678	5.96999400915997	142.900805441309	137.077264978606	446.930208790462	0	0	0	187.62041436073	0	0	0	235.473257122253	0	0	0	0	0	7.93871845636537	73.3408902705456	0	36.8733239870279	8.21022542162634	0	0	0	0	81.1404886927336	0	0	0	0	0	0	0	364.904810393608	61.3997438479785	0	0	35.9714743643559	0	0	0	360.960858245666	0	84.4740497652271	9.49159137170819	0	0	914.825838474975	108.657564306451	0	0	0	37.1852358310623	0	0	0	0	0	0	0	0	50.4547377108385	216.753439008733	0	0	0	0	0	60.2812305427348	0	0	0	2.49864899894512	0	45.4837024683545	0	235.323565656521	305.976434579721	4.34895117323131	0	0	0	11.7045928365314	127.477647282199	245.693883008335	0	0	0	0	71.1090126861572	0	0	0	0	263.686951073435	275.519686108413	0	0	0	0	0	0	0	91.6203622297773	0	0	339.957236167053	0	0	0	0	0	0	0	194.983420842964	0	0	0	0	0	144.153485579981	0	0	0	279.445896704792	0	0	72.0967296864112	0	0	622.645114911885	0	0	0	6.2150041822001	0	44.7039513918883	0	595.890421689565	344.234010164598	0	0	0	0	0	143.528389822118	0	1884.09342231124	130.629809758813	0	59.8564491014028	751.386645467016	0	628.059683653185	0	0	271.485295324942	680.250566809887	172.387699298011	0	0	79.5992249704861	22.0269506557533	0	181.572748898511	0	0	110.28407735182	0	226.486126872136	593.494462309401	0	0	0	0	642.633203564452	336.389892505213	0	0	248.727265953937	0	0	0	0	0	127.03306691916	956.312263009402	294.99543747388	0	0	0	0	0	135.038318979399	55.5674477956942	0	0	644.68675475037	0	678.418147520033	155.947466960469	0	0	690.087119761145	0	579.07228688753	0	0	0	1311.60443259181	130.208265544896	0	0	740.62640379126	0	0	0	0	48.2896360172345	0	0	0	0	244.835880911101	0	0	0	0	0	0	65.4461888971839	0	0	23.9329574960674	128.118547825931	4.91966620002718	0	0	0	0	0	0	0	0	0	0	0	593.984150791045	0	0	0	0	7.4198007671417	0	336.143145966508	0	0	0	0	0	87.5799937787931	0	0	0	0	15.2619051185279	59.2235871559487	0	0	3.06352582174896	137.426953784035	0	177.939578434371	0	75.1882177808886	0	43.5306899775494	0	0	298.102516098882	378.566435643707	27.8146347036495	55.6303516075406	127.537468584999	0	0	236.670245360824	236.387288350514	0	0	0	0	993.778935256881	61.1196323554862	0	0	0	31.6902190135658	0	168.501575495886	0	0	0	0	54.1652119761044	0	0	0	98.6487491793138	0	0	0	133.296399515962	0	0	89.0568129584004	13.6244320233138	0	0	0	0	0	0	1725.99226830737	0	0	0	489.05617447817	269.659726506973	0	7.4837133676273	0	51.9571846735571	416.62996877435	0	0	0	0	0	0	0	65.4275038050483	92.6931513057735	391.875349827883	67.3600709237981	42.5732441383836	0	0	0	83.9873033169264	16.5978619757533	738.42120636021	0	23.7394472621093	0	0	33.5525811341508	0	400.429740823055	0	0	0	0	0	0	0	0	0	675.716241912534	394.732952855682	0	145.946454914119	0	0	0	0	350.010909590944	40.0086576503499	0	0	0	0	0	433.110877604348	0	271.139370842838	0	0	98.9244299459252	1016.98026170414	0	0	0	333.762265827524	0	0	10.8211802106752	429.114195888521	0	113.508218324535	0	717.944162417135	0	0	0	0.917979580926187	0	221.9682038183	0	0	0	0	53.9084523910346	255.964797552751	496.576879724342	0	0	0	0	0	0	0	476.833472232041	0	232.974402438559	0	48.3662152110968	0	0	0	0	0	0	0	1.96573381129191	0	0	0	0	442.524009225759	0	0	0	0	0	0	0	0	0	381.316262213081	0	0	91.2329811701631	0	0	0	43.5605506122104	0	0	0	141.806748001676	17.7216231987897	0	110.85838634321	0	0	0	0	0	0	0	934.684400676616	0	118.785599633295	0	0	0	0	0	145.701514515698	42.7615755044695	82.4397511810221	0	0	316.549412237202	0	0	196.58657380387	0	0	0	0	234.708983732762	0	0	0	0	125.543612326322	135.439080470918	92.5000830650572	0	233.050596955131	0	0	137.972497738597	137.467638882701	0	0	241.066440936199	0	0	833.826535673374	0	680.531873617996	0	0	0	0	0	0	1000.49371428145	0	314.395618476572	0	0	0	0	0	104.17755815497	0	460.375455994236	0	0	0	0	0	0	0	544.737556784992	109.178572437066	0	103.312570799887	51.7987597368424	0	176.943031401233	191.961620936276	0	0	0	0	0	0	0	0	0	0	0	501.972644989046	191.294356781562	0	199.548375372761	0	0	88.4551688644951	479.446930559705	0	0	0	0	0	0	0	0	0	0	0	0	0	0	1.19596802751832	0	0	0	103.649152134095	0	0	0	0	0	0	185.883273449684	1231.1760360924	268.492693606543	0	0	0	0	142.259007618892	0	193.182292278645	0	1.37355971852561	0	0	894.836709565918	380.080206117005	1208.84368198162	0	0	0	0	0	593.312579850573	675.710612948969	21.0132188052614	0	0	50.9778633753112	156.367892075291	0	655.134901478413	0	1274.91334950901	0	145.057131932395	33.3611360109575	0	119.335590168962	361.777053234248	0	122.569501470265	0	0	0	464.845820181358	347.496779927712	1146.27647696609	0	0	0	0	0	145.361721865511	331.54094067535	0	261.949707366901	0	0	0	0	0	42.0134267553532	0	25.1477074088153	0	0	184.379259515167	0	108.832132181699	0	543.605246322933	0	360.882527171986	0	0	0	426.912467599804	480.034446091216	65.8747078787386	0	0	211.736100820751	0	0	84.6035933436446	0	0	517.88386405721	0	132.134636526984	0	0	0	0	20.4977804728923	0	0	0	428.793169615449	0	755.745405656266	1225.87702288386	830.451199694098	0	0	0	0	0	0	0	0	345.57259976822	0	0	0	0	0	0	75.642455390132	0	0	0	0	0	44.2824859841339	0	261.786774929097	0	0	0	0	0	0	1265.8688437683	134.587777450334	226.0363682199	0	11.560164935703	0	721.068350891125	0	16.1969149076669	0	0	0	124.983725258028	46.7031983511379	0	0	0	0	0	0	0	229.512879220078	0	0	0	843.353514406452	311.600655096834	896.16897322501	58.5537001502786	0	0	19.9113983685639	0	75.3549980431908	0	195.384853808489	0	0	0	487.756367417101	0	0	497.712540344352	137.947217473592	0	0	0	233.3193777366	0	0	0	71.5539609700834	0	656.262327195007	0	36.041000025783	1147.29210772883	0	81.9903399282297	0	328.903448105328	80.616306772077	106.435489311536	0	628.613211242367	0	0	0	243.018891145582	19.5107276641284	290.192880761412	0	41.6370233219595	226.138537389553	0	0	5.31595166420828	148.926893052212	0	150.148058677681	0	0	153.2873565417	693.484741932325	351.495547234295	0	0	0	43.7416703295257	0	0	0	0	0	0	0	0	0	154.758887268176	0	0	46.7543385762649	295.438414856891	0	0	0	0	811.803322120824	667.249390833277	511.851682547556	0	28.9454130465449	0	105.536912908832	70.84501166063	0	0	413.242364494989	0	0	0	0	0	0	0	0	0	0	0	0	483.229100503991	0	0	0	0	0	0	0	0	635.04681848092	333.356623852689	0	0	0	0	0	0	0	0	0	0	0	0	0	0	72.7809073826051	128.290187162469	96.4902904680672	0	0	0	0	0	0	243.544822637306	11.0472736643352	79.8056684014324	88.6570339925465	0	0	0	0	185.184499135534	0	0	0	64.3598270301978	0	0	367.822476165568	0	0	0	0	0	0
2024.50177522543	0	0	0	0	0	0	179.866596245226	0	0	128.800979057886	0	0	0	365.077180204275	0	0	0	0	0	0	0	0	0	0	0	0	0	493.905352408779	48.6657401375407	400.401657007128	582.08976237066	175.001942568265	0	0	0	0	0	0	0	0	0	0	830.100714197845	0	191.753836345217	0	282.684041196988	0	0	177.083919862784	0	583.347990511181	0	170.099539776828	0	64.0406464829582	41.7402959616951	0	117.586103107796	0	0	0	0	378.377081796114	0	0	0	251.975735061798	978.377644857203	0	0	242.324120978433	0	0	0	0	495.492475410663	0	652.733049692037	0	0	339.985817607945	0	217.340616092091	0	0	445.851108095546	0	5.14987065334542	792.649647813952	6.63048329941887	142.900805441309	222.205338365649	478.820959682679	0	0	0	200.055373794833	66.3225104714529	0	0	237.083347824643	0	0	0	0	0	131.804288050833	120.584173818776	0.828247149003779	87.5733606914739	31.1685979897022	0	0	0	0	149.790268817369	0	0	0	15.668239464972	0	0	0	388.877278252184	124.023625963045	0	0	56.3678690179621	0	0	0	409.395761855909	0	282.744058665824	36.0369765546566	0	0	914.825838474975	147.353974362107	0	0	0	62.107156838675	0	0	0	0	0	0	0	0	68.3873448939478	319.981395115524	0	0	0	0	0	113.095229664046	0	0	0	3.27305794303544	0	50.1761345424068	0	261.263282797108	324.083993882092	116.74636868942	74.7796824872965	0	0	19.2685035835047	323.099875855063	271.570610349318	0	11.6044975667786	0	0	83.0979541008077	0	0	0	0	377.477321169605	370.256619085974	0	22.0295632753538	0	0	70.8096965606478	0	5.12054249456518	144.890031859891	0	0	398.771140454055	0	0	0	0	0	0	102.174200894047	205.013322101072	0	0	0	0	0	157.590532589681	0	0	0	295.6166084139	0	0	101.762368876992	0	0	630.451853915027	0	0	0	11.6764228275581	0	54.1594145004835	0	619.970056711089	370.259461615685	0	0	0	0	0	150.488713136954	0	1894.23382658285	163.070615427756	0	98.4011663522451	763.532791415178	0	734.590224186308	0	0	326.64801451379	701.136352746731	215.227080142381	0	0	92.3231240239256	44.6211734098811	0	229.512224491102	0	0	161.203894760883	0	309.357493677593	715.016286552684	0	0	0	0	716.60556644111	336.389892505213	0	0	303.836484012476	0	0	0	0	0	147.797554115677	966.859636407126	317.454371103552	0	0	0	0	0	163.677483879418	78.1716448088004	0	0	702.044690809056	0	736.32054226679	165.742497675633	0	0	737.661332053317	0	618.914579597116	0	0	0	1821.75841864356	178.736304943989	0	0	851.065252504349	0	101.168419187401	10.2883857329996	0	60.8982096157705	0	0	0	0	339.164241821221	0	19.4388648894866	0	0	0	0	127.446890337489	0	0	34.7088009496978	142.938317830582	44.2206784129651	0	0	0	0	0	0	0	0	0	0	225.409428067813	680.180744325466	0	0	0	0	8.47620912447422	0	353.060167484665	0	0	0	0	0	125.343002297497	0	0	0.132003604650173	0	50.8637168832563	93.7050337372737	0	0	27.3263483915807	168.27043374506	0	211.413753915839	0	89.5933374464657	0	57.5363534157883	0	0	433.049586375159	397.913383997391	31.9137722134803	91.5847252396424	186.07898442107	0	0	291.747013919594	339.205528446258	0	0	0	0	1045.76274409578	72.634814015645	0	0	0	264.053646112725	0	192.421219300676	0	18.3433926374242	0	0	80.0142438390049	0	0	0	113.186271766085	0	0	0	249.870766360069	0	0	120.724365780932	50.014153245552	0	0	0	0	0	0	1725.99226830737	0	0	0	526.7661914741	295.884013091184	0	24.66219144438	0	54.4874822403607	416.62996877435	0	0	0	0	0	0	0	72.8270713029692	165.613042757677	489.450023153558	160.792497107812	53.2641379487331	0	0	0	104.804228784268	44.0407747981573	852.957593039604	0	42.3448173267042	0	0	34.8847415298313	81.6627492927109	400.429740823055	0	0	0	0	0	0	0	0	0	731.817183938682	397.023905683131	0	273.216404213419	0	0	0	0	368.31036010589	65.8587634887669	0	0	0	0	0	450.281936063869	0	271.139370842838	0	0	139.571940748301	1092.26852777521	0	0	0	366.868596270302	0	0	38.0205788616926	438.231480267155	0	180.632810728434	0	745.388459351137	0	0	0	0.990875769762524	3.02036264572572	254.387603242613	0	0	0	0	68.0042392629893	289.369224813645	571.419776910333	0	0	0	0	0	0	0	518.718002291417	0	250.507317322517	1.51362003220843	74.0002532073104	0	0	0	0	0	0	0	5.88697122867373	0	0	0	0	493.255979600109	0	0	0	0	0	0	0	0	0	560.179546218553	0	0	178.340358380174	0	0.127165187921563	0	49.37292088519	0	0	0	181.025757578896	64.0507765605798	0	295.227469881197	0	43.2789075537231	0	0	0	0	0	944.845147912025	0	182.952571433319	0	0	0	0	0	157.00681851397	42.7615755044695	87.2280033121159	0	0	387.117550569614	0	0	230.344606698657	0	0	0	0	256.862327133589	0	0	0	0	169.961788282836	149.543488989103	120.463206976676	0	283.515389224483	0	0	179.485454004898	162.358999168864	0	0	257.484563245001	0	0	860.662324383609	0	737.316885260933	21.7969406548496	0	0	0	0	0	1000.88827630934	0	330.323693065884	0	0	0	0	0	104.286272630901	0	490.506036917443	0	0	0	0	0	0	0	587.377854286177	132.551328863764	0	129.727843547693	99.6346291961412	0	217.969323031326	236.541865163238	0	0	0	0	0	0	0	0	0	0	0.061193509779715	529.113168484779	211.30405875153	0	214.951850576635	0	0	150.776937418507	479.446930559705	0	0	0	0	0	0	0	0	0	0	0	0	0	0	4.20328206935246	0	0	0	169.824661269901	0	0	0	0	0	0	220.975309533805	1293.86958983267	301.447822166914	0	0	0	0	167.425122564037	0	235.752534843575	0	19.2376164665269	0	0	997.261186535033	503.973718355939	1286.90895686036	0	0	0	0	0	654.720983174482	692.823926383834	23.1182686322382	0	0	421.852034302738	185.909232323123	0	662.994798751878	0	1334.20253185053	0	246.721943559407	195.585801528952	0	171.027374380312	432.676761151999	0	146.886615866462	0	0	0	549.097333454216	466.851648024517	1276.2914377674	0	0	0	0	0	174.895889257788	386.996232323938	122.210347233903	314.277023801509	0	0	0	0	0	48.8342380559389	0	75.276543463353	0	0	184.379259515167	0	139.150767452909	0	592.207524201501	0	404.622933594152	0	0	0	461.616718265057	528.490859858553	76.1824461234546	0	0	217.559059186509	0	64.8625779231867	107.683670223932	0	0	545.694821878153	0	132.134636526984	0	0	0	0	22.9939506141314	0	0	0	457.411267792077	0	1132.62471505491	1225.89188235546	914.717329180035	18.4752344184929	0	0	0	0	0	0	0	478.254801699668	0	0	0	0	0	0	91.2050451812211	0	0	0	0	0	53.6553214770568	0	261.786774929097	0	51.8377535983997	0	0	0	0	1303.30484287645	229.394986331825	262.73274571484	0	18.7406787875985	0	747.031709254013	1.58810819452809	26.6546527519784	0	0	0	133.170581395262	67.0540677020917	0	0	0	0	0	0	0	229.512879220078	0	0	0	843.353514406452	320.049003467223	958.940044968661	210.107883619389	0	0	66.3433465213366	16.809105289683	141.332996522783	0	253.289764169854	0	0	0	587.512056341642	0	0	497.712540344352	171.945965634341	0	0	0	377.247080068567	0	0	0	87.2768326810407	0	763.381846854989	0	49.4460472273921	1147.29210772883	0	90.1895254230246	0	381.805810894902	181.34594313207	112.851235380321	0	690.841570009055	0	0	0	245.954132976358	45.5355627410667	320.338838185573	0	111.361239688945	278.1991046824	0	0	29.819674430111	180.351583170889	0	169.81951151307	0	0	193.626656908705	764.405327319165	351.495547234295	0	137.388214741002	0	70.733643590309	0	0	49.3455807855061	0	0	0	0	0	0	253.590490510117	0	0	58.7649927659886	310.866406088127	0	0	0	0	909.997234781853	702.414540910721	572.477710930535	0	96.5481717588411	0	140.435158235374	111.895653866727	0	0	461.679598782027	0	0	0	0	0	0	0	0	0	0	0	0	509.817287419483	0	1.0016363462554	0	0	0	0	0	0	679.199717773365	361.014193235356	0	0	0	0	0	16.3116691153913	0	0	0	0	0	0	0	0	116.314391667149	128.290187162469	130.846998728184	0	0	0	0	0	0	298.666419199596	35.6549873299784	108.239580519143	116.184168102736	0	0	0	0	222.664249642036	0	0	33.5768467458073	68.6297110049052	0	0	393.146789558474	0	0	0	0	0	0
2024.50713961674	0	0	0	0	0	0	202.766546841644	0	0	150.177983716902	0	0	0	365.600988287287	0	0	0	0	0	41.6898638105416	0	0	0	0	0	0	0	531.031923980549	55.6710492509528	402.789789566002	582.08976237066	237.837364308662	0	0	0	0	0	0	0	0	0	0	878.260997957547	0	223.495191058132	0	321.595370339447	0	0	232.761658259987	0	627.620687741111	0	190.077558743986	70.1645907361861	93.0378479134139	103.877014122482	0	148.397396876131	0	0	0	0	487.084626838116	0	0	0	263.63658357177	978.377644857203	0	0	271.565830432513	0	0	0	0	561.267901695469	0	702.038261767871	0	0	435.015446755658	0	234.817651170088	0	0	459.375260469188	0	27.4260838745502	809.119246885697	7.29099640325313	142.900805441309	307.663435898092	510.799650291634	0	0	3.17432146168539	212.489830484065	187.790942718082	0	0	250.748359649246	0	0	0	0	0	205.040056054056	167.742664357535	3.69142567924649	143.516381998405	54.1549911434817	0	0	0	0	218.63592496406	0	0	0	49.6180096052937	0	0	0	412.821633969071	186.862335514376	0	0	76.7838042582594	0	0	0	446.582521243385	0	482.367934520951	62.6204741680004	0	0	914.825838474975	186.053596070404	1.18428025121577	16.6220434444484	0	110.952271541582	0	0	0	0	0	15.3670264828215	0	0	86.3026922575679	423.203390405437	0	0	0	0	0	165.834021417311	0	0	0	4.04743995207762	0	82.1659326376152	0	305.421222160491	342.19513329903	227.941238453744	256.125581348143	0	0	26.8294378501233	359.265903662762	297.47636322952	0	51.707082785416	0	0	95.0921900314358	0	41.1839649628055	0	0	494.446326321163	464.512648355861	0	55.1844102218623	13.9509338009804	0	176.595291757376	0	17.5756453820027	198.194641502576	0	0	459.181216742228	0	0	0	0	0	0	255.342483578681	215.044808466681	0	0	0	0	17.0344731215673	172.146087468201	0	0	0	325.327920924044	0	15.6881385830398	132.540662327385	0	0	638.693427877365	0	0	0	17.1363548464153	0	54.1594145004835	3.38818700731304	644.077945057574	431.86298760572	0	0	0	0	0	157.447102161963	0	1904.38079525375	195.46744344357	0	136.867031439721	775.752614913509	0	841.607169369134	0	0	381.712682155982	720.079119477581	258.019625006629	32.3516838449698	0	105.210400699008	83.3269141633726	0	490.88013592078	0	0	196.215761619132	0	391.873004418074	837.290045315337	0	0	0	39.3567547977337	790.848908797149	341.53508121212	0	0	359.096203901565	0	0	0	0	0	169.071192068314	977.656319904999	339.907372236018	0	0	0	0	0	192.337501701868	100.791147139011	0	0	759.519035645709	0	856.137597898939	190.102174554992	0	0	785.327235407721	0	658.80019187342	0	0	0	2057.12330725996	227.317196393739	0	0	961.878723499458	0	251.74530099473	35.3260710681403	0	73.5058471351542	0	0	45.6492065289631	0	433.655022235163	0	39.3960957987026	0	0	3.52394000925373	20.4134927545288	189.293210439052	0	0	45.4846155960161	157.753580552697	83.4458945253374	0	0	0	0	0	0	0	0	0	0	617.36568263656	766.540032267538	33.0687776228591	0	0	0	26.0470633128725	0	369.976237475075	0	56.5608377362935	0	0	0	163.049431623885	0	0	74.5999853435356	0	86.4103397540738	128.244375266186	0	0	51.5856738967583	209.561286314765	0	273.797532780651	0	107.824404281018	0	71.5421978438451	0	0	568.91993664253	417.257996832526	36.0126267707293	127.528116646842	227.97970712171	0	0	336.227847649662	385.812866614983	0	0	0	27.7899372225867	1103.48520353525	84.1574993830865	0	0	0	264.053646112725	0	203.979000826532	0	95.4917574543806	0	0	105.895856470274	0	0	0	127.733276446825	0	0	0	365.876641312405	0	0	152.369205612913	86.4538507292172	0	0	0	0	0	0	1725.99226830737	0	3.44021758974145	0	564.512413641355	322.094784467461	0	41.8547241477584	0	57.0180744122703	416.62996877435	0	0	0	0	0	36.6915186958931	0	80.2240280577922	238.830123775443	587.444379228619	254.698035821221	63.9589585358057	0	0	0	125.629869247849	71.4545252445618	973.520608000378	0	60.9658748218534	0	0	36.216991363435	379.498823348256	400.429740823055	0	0	0	0	0	0	0	0	0	787.844753888112	573.114980780255	29.6004374468189	399.511261058654	0	0	0	10.9335513164269	371.493784194695	91.7243056888938	0	0	0	0	0	467.448946504706	0	271.139370842838	0	0	180.288397069203	1247.0631905445	0	0	0	401.953631465513	0	0	65.2056195906165	447.495404926172	0	247.835590669158	0	772.839918626096	0	0	0	1.06377182687609	23.8665980172048	286.75288187428	0	0	0	0	82.1072825211256	322.750934554048	646.103991328712	0	0	0	0	0	0	0	560.606791195317	0	294.161273080681	74.1989189207971	99.6202730648147	0	0	0	0	0	0	0	9.80895716291998	0	0	0	28.3297708169777	544.105691747959	0	0	29.3132840958233	0	0	0	0	0	14.4712260075613	739.662807689763	0	0	265.88812270971	0	71.8676728073514	0	55.1853268827312	0	0	0	220.455119949968	110.309290644391	0	480.705570750834	0	193.330338309187	0	0	0	0	0	955.014820812507	0	218.752554089493	0	0	0	0	0	168.319026033125	42.7615755044695	92.0796355809596	0	0	457.59307549791	0	0	264.153461666456	0	0	0	26.458941993837	282.45809508516	0	0	0	0	216.166490981153	163.658410666488	189.967654142783	0	334.127877006831	0	0	244.377833988803	187.222558991407	0	0	273.899904533519	0	0	887.530693212092	0	794.207830048018	54.2665104906985	0	0	0	0	0	1001.4955732137	0	346.260971496477	0	0	0	0	55.562843342267	104.395285520196	0	520.586333303871	0	0	0	135.71538513434	0	0	0	638.324345652614	155.95066291933	0	156.109853277976	156.450312331821	0	279.915041915797	263.967148137206	0	0	0	0	0	0	0	0	0	5.36601390272853	18.6198820797617	556.243035301369	231.310564779684	0	230.353384562662	0	0	213.317248473444	487.637138832786	0	0	0	0	24.7770879799916	0	0	0	0	0	0	0	0	0	7.21075018836314	0	0	0	235.773143979001	0	0	0	0	0	0	256.111924280608	1293.86958983267	301.447822166914	0	0	0	0	192.575359710349	0	278.358027175272	0	23.2426521893144	99.429527227137	0	1099.9392147489	628.621241666628	1364.68977546141	0	0	0	0	0	723.354414497501	709.508306551382	25.2233672712629	0	0	421.852034302738	215.494922573653	0	677.303222172308	0	1394.8844998636	0	348.301501312145	357.939199934299	0	222.741831474691	433.422726974869	0	171.211149908232	0	0	0	638.352441073755	585.526115261143	1406.99926075125	0	0	0	0	0	245.578651773628	544.255183552402	309.153117783689	366.670601239881	0	0	0	0	0	55.6554015306157	0	125.366882450867	4.11491594633363	0	188.061109706471	0	169.418101860259	0	640.759036267848	0	448.353353227677	0	9.45067233207604	0	496.252494989761	577.012547844188	86.4947495175424	86.205506509683	0	223.382000472587	0	178.026485384625	131.821455597536	0	0	573.493368914829	0	158.326425541177	0	0	0	0	25.4902220360295	0	0	0	486.055227143017	0	1512.18584359893	1225.90750341424	999.343167051602	43.3719576265434	0	0	20.3891417242901	0	0	0	0	609.961308965867	0	0	0	0	0	0	106.767613488521	0	0	0	0	0	83.5187603974017	0	261.786774929097	0	128.910004685852	0	0	0	23.8860521197893	1341.39201072086	443.47873298097	299.351059341793	0	25.9222668977395	0	773.085370589024	3.64880729787173	37.1129600645923	0	0	0	141.45425892892	87.4179426901495	0	0	0	0	0	0	0	229.512879220078	0	0	0	843.353514406452	328.500599300052	1021.98079583566	325.791468513372	0	0	112.680821224381	58.0749269046333	207.176485371301	0	311.265705894628	0	0	56.7915424283669	677.731729403141	0	0	529.996649838033	206.00872677895	0	0	0	520.945829002717	0	0	0	102.99672101061	0	871.35186520751	0	62.8511759946819	1147.29210772883	0	98.3862660926113	0	423.023693414476	282.258981331867	119.266875230486	0	753.227534290591	0	0	0	248.48834384746	66.7526231987186	350.439671896138	0	181.328604243764	330.397966247911	0	0	54.3543950552815	211.742590805091	84.3228747289641	189.495638824901	0	0	235.740946939941	835.126913786534	351.495547234295	0	296.079335770363	0	97.6920536716247	0	0	169.850006387142	0	0	0	10.6299885243176	0	0	352.099812172526	0	0	70.7837165311591	364.708812847812	0	0	0	0	1008.11433559296	737.522814758189	632.918645583834	0	164.159384480617	0	190.188860389133	152.870473835699	0	0	510.231067926981	0	0	0	0	0	0	0	0	0	0	0	0	536.64755101837	0	14.0527113820468	0	0	0	0	0	0	723.45712607813	388.664822580652	0	0	0	0	0	69.3487919535865	0	0	0	0	0	0	0	0	159.773152419223	128.290187162469	165.203513030223	54.0223996750971	4.48547146936863	20.6539092008774	0	0	0	355.888973974422	84.1527477121326	136.682598672469	143.671957834977	0	22.7475282100692	0	0	260.212558900791	0	0	83.5780511067929	72.8999572502642	0	0	418.480963506437	0	0	0	0	0	0
2024.51250400806	0	0	0	0	0	0	225.696363486343	0	0	171.574816983568	0	0	0	366.124816945263	0	0	0	3.93331098290776	0	92.995647651728	0	22.4184510688161	0	0	0	0	0	568.091588957767	62.6746728708165	405.196383608525	582.08976237066	300.868352594267	0	0	0	0	0	0	0	0	0	27.2659980852134	926.662942877481	0	255.290234740644	0.500866360488633	360.470210895158	0	0	275.17352105263	0	671.822200047991	0	210.045680498025	173.375326670317	122.001294621347	165.830281929844	0	179.181835869562	0	0	77.8155224768144	0	595.205774577258	0	0	0	278.193120832311	978.377644857203	0	0	300.847801353338	0	0	2.35998847084635	0	629.794020233101	0	751.408543503476	0	0	468.675638046143	61.2492163813891	252.309194785425	0	0	472.949402703527	0	49.7043012871842	825.770040893387	7.95153331829689	142.900805441309	393.446461321985	542.841297551049	0	0	22.7020011130176	224.92378316685	309.26117831621	0	0	286.859066995764	0	0	0	0	32.9283779459727	306.774448422588	214.815567573414	6.55429836092388	200.210073944769	77.1692877324206	0	0	0	0	287.49720468609	0	0	0	83.6212183957105	0	0	0	436.737746816084	249.913432148161	0	0	97.2192090776413	0	0	0	446.582521243385	0	683.291788967972	89.2418970338476	0	0	914.825838474975	224.7561518311	127.44654130537	139.636318055767	0	118.174949376485	0	0	0	0	0	31.9909259014374	0	0	104.200723142194	526.419305867412	0	0	0	0	0	218.496753233349	0	0	0	4.82179501748358	0	136.516401727948	0	556.256292292235	360.309825063514	227.941238453744	436.693457650018	0	0	34.3873914737581	395.479641988787	323.411003823179	0	91.7848016427976	0	0	107.091708773481	0	113.849415765756	0	0	595.12595352048	558.279347065754	0	88.2972461514882	38.5416448451096	18.2111787588019	282.516182416354	40.1750065169904	30.0325185675119	251.53345604315	0	0	519.679285393793	0	0	0	0	0	0	351.57036746727	225.077877432725	0	0	0	0	41.927003839037	187.556480507959	0	0	0	357.406570640402	0	48.7595476337012	163.803974860655	0	0	647.354541521048	0	0	0	22.5947987630653	0	76.4112255170702	14.2521059158469	668.213963262507	537.107279228318	0	16.2190993025489	0	0	0	163.71613046384	0	1914.5341571488	227.820004443621	0	175.253481557419	788.04229518103	0	912.485544331217	0	0	426.442743231748	739.645069771275	300.764895793228	104.0984392863	0	118.210087314522	122.198214646459	0	808.93199860813	0	0	232.684279131486	0	477.201727417557	960.299099747895	0	0	26.6675460531532	89.4563690461876	921.74248465058	397.763738633729	11.1424588176334	83.9974237471569	414.50493194672	0	0	0	87.6702765314066	0	190.674662819036	988.694911581597	362.354415115224	0	0	0	0	0	235.716178979165	123.425883233058	0	0	817.108180609941	0	976.789232729586	224.426908594003	0	0	833.082027661043	0	698.728820274425	0	0	0	2057.42371831442	275.950388160099	0	0	1073.05705737968	0	401.908493483527	60.3848536995744	0	86.1125465360122	0	0	92.4997713215281	0	528.304513846475	0	59.3737723447086	0	0	4.28569323399211	68.3671556690597	250.98321205581	0	0	56.2604013779671	172.56431508313	122.594782625035	0	0	0	0	0	0	0	0	0	0	763.569723933247	853.0560804436	69.6070910409408	0	0	0	57.8296511382733	0	386.891331556962	0	193.924038677442	0	0	0	200.698843067384	0	0	148.845816982966	0	121.901406042544	162.84126897739	0	0	53.3504166701667	256.396844000467	0	342.01049206942	0	146.8420613861	0	85.5482228392693	0	0	704.967312029058	436.600131115829	40.1111981536715	163.460442106176	274.229872407318	0	0	375.697044108066	602.273796838496	0	0	0	65.1703252861239	1170.57934424056	95.687672914381	61.385761911919	0	0	264.053646112725	0	206.472857558704	0	318.884421410675	0	0	131.809895636499	0	0	38.9247123401024	142.289738616214	0	0	0	481.301227789578	0	0	183.991151482501	107.190708972959	3.26166670192306	0	0	0	0	0	1725.99226830737	0	7.67624032318093	0	593.437372105267	348.291938152514	0	59.0612677838981	0	60.3600485356798	416.62996877435	0	0	0	11.0012502405316	0	196.133720757516	0	87.6183703963364	312.340480758505	685.850816676407	349.068732853651	74.6576980322602	0	0	0	146.46419077032	98.8389592927013	1098.12106069095	0	79.6025648515021	0	0	37.5493306131409	680.081067865597	405.724243992338	0	0	0	0	0	0	0	0	0	843.785606655157	770.768500474655	92.0875197674582	524.808463649257	0	0	0	161.767344528459	371.493784194695	117.605187302117	0	0	0	0	0	484.611896120986	0	271.139370842838	0	0	221.073295595094	1416.17847712077	2.53672275440379	0	0	458.748516325034	0	0	92.3761666166609	456.8967590882	0	338.111044238065	0	800.298447446527	0	0	75.8935520699471	1.59424981548876	82.7222420494758	319.063708405552	0	0	0	0	96.2175632494686	356.109743199776	720.60404688835	0	0	0	0	0	0	0	602.49980626846	0	364.742733897156	157.877335092594	125.226192110138	12.6399845399676	0	0	0	60.5948972995326	0	0	13.7316910824945	0	0	0	69.7706337986742	595.072062181631	0	0	112.112362718104	0	0	0	0	0	35.6480506220997	917.991387861056	0	0	353.869346103399	0	143.398372076043	0	60.9977685649351	0	0	0	296.224494197274	156.496556520352	0	667.249219895313	0	344.033270505295	0	0	0	0	0	965.192896535452	0	225.515993349231	0	0	0	0	0	208.447313586476	42.8122514554394	96.9850583444148	0	46.6824253694241	527.903531623506	0	0	298.008279507521	0	0	0	55.6636607290632	310.629278730815	0	0	0	0	263.203552834803	177.783818746292	259.967707504378	0	384.886671986255	0	0	309.96795375353	212.058196394613	0	0	290.312454691698	0	0	914.428906178998	0	851.203511057641	86.6835456270438	0	0	0	106.635850368125	0	1002.31562276634	0	362.207427927845	0	0	0	0	117.012970688755	104.504595878304	0	550.616061499269	0	0	0	274.853642348809	0	0	0	696.453686050622	179.376458574303	0	182.458432080686	214.604657127277	0	370.328769134456	271.15037552526	0	0	0	0	0	0	38.260974718523	0	0	124.223334035825	78.6417860432646	583.362130767336	251.313841146469	0	240.535625206773	0	0	276.07363671551	501.202699500479	0	0	16.0793058857797	0	65.1012624546376	0	0	0	0	0	0	0	0	0	10.2183722640475	0	0	0	301.491794297147	0	0	0	0	0	0	291.292793468475	1293.86958983267	301.447822166914	0	0	0	112.11074844125	217.709640856582	0	320.998530283039	0	33.7752342827722	210.742088526888	0	1171.86909688919	754.005947940576	1442.18139295061	19.2501851989876	0	0	0	0	797.380583697662	723.076506481013	27.3285146723751	0	0	421.852034302738	245.124724821917	0	692.765036843278	0	1456.81166857975	0	449.790472161135	519.411237348212	0	274.478188721587	434.485097115081	0	195.543069598347	0	0	0	670.35153198491	703.505582000626	1538.38278055406	0	0	0	0	0	334.806416263748	701.606334015032	311.828104755698	419.129755169532	0	0	0	0	0	62.4769154254524	0	175.418102089241	15.6190920994586	0	199.40276032274	0	199.63381716231	0	689.25913116138	0	492.073702800892	0	67.6623610578748	0	530.819365592705	625.598812288131	96.8116094719009	186.666719590296	0	229.204924660233	0	291.205873129302	171.374592105032	0	0	601.279190845014	0	252.943240428993	0	0	0	0	27.9865946543929	0	0	0	514.724864872545	0	1892.0773417399	1225.92388603284	1084.32313439963	68.2974803572522	0	0	78.151167207532	0	15.5052807915962	0	0	740.668947326397	0	0	0	0	0	0	122.330160255611	0	0	0	0	0	180.853583383675	0	261.786774929097	0	205.637528931171	0	0	0	32.7445755452234	1380.05339750664	468.160469798407	316.178905051005	0	33.1047122362756	0	799.220038972896	5.70963587644385	47.5718357786256	0	0	0	149.818925344138	107.794775654911	0	0	0	0	0	78.4410541879855	0	229.512879220078	0	0	0	843.353514406452	341.622140640845	1085.19081755845	356.485320355624	0	0	158.922996595104	99.3836356347951	272.883684821118	0	369.311620066293	0	1.75601709283945	121.948020930527	763.843835087866	0	0	578.407371634234	240.135102368156	0	0	0	664.403777211399	0	0	0	118.713616413296	0	979.879303828274	0	76.2563861232188	1147.29210772883	25.3285199790158	106.580558176298	32.4303539503484	424.549823286199	383.349737511798	125.682408737818	0	815.769503747823	0	0	0	251.030247754305	76.1797099881024	380.495140463248	0	251.53598029983	382.733725078904	0	0	78.9199739324981	243.099717224355	178.180510269378	209.176422741869	0	0	278.814924616673	905.647002550182	351.495547234295	16.6323661604717	453.464187509987	0	124.616726269588	0	0	290.578522424099	0	0	0	35.5804724156979	0	0	450.280422230951	0	0	82.8104922411739	517.38691938834	0	0.241090321528992	0	0	1106.15113554824	772.573806699314	693.17249327389	0	231.777806973615	0	241.739363400323	193.768861931877	0	0	558.895765383827	0	0	0	0	29.2483850258259	0	0	0	0	0	0	0	563.689874232559	0	27.0963445279658	356.420676126873	0	0	0	0	0	767.818214941036	416.308432851836	0	0	0	0	0	122.322959837603	0	0	0	0	0	0	25.1774923726269	0	203.156617686061	128.290187162469	199.559832176114	118.617787699472	24.4507917025586	41.8891110652213	0	0	0	414.372892469998	132.721956653933	165.134607390973	171.120209540864	0	99.7009844468718	0	0	297.828955608191	0	0	133.452585106233	77.1705654762893	0	0	438.350338809484	0	0	0	0	0	0
2024.51786839937	0	0	0	0	0	0	248.655919563359	0	0	192.991403856498	12.5652462317026	0	0	366.648666087056	0	0	0	39.0043422566098	0	144.265072452622	0	102.023545598978	0	0	0	38.3356619388667	0	605.083909524134	69.6766089530375	407.621121937711	582.08976237066	364.092703992341	0	15.0626555056146	0	11.04087235062	0	0	0	0	0	57.0108940557423	975.287435293447	0	287.101893525755	79.624048342375	399.308265056836	0	29.0989418057129	275.17352105263	0	715.951966531941	0	230.003863005843	277.247593512281	193.32005310195	227.597933350934	0	201.299721514508	0	0	162.515443986663	0	702.729002060454	0	0	0	294.963778706218	978.377644857203	0	0	330.169818678565	0	0	128.824582848808	0	700.143215239069	0	800.843320155615	0	0	494.060575584304	84.2182059938547	282.892530263953	0	0	486.569779483317	0	71.9844744376512	842.591550225668	8.61209404115931	145.10509564981	479.549374663453	574.926404943792	0	0	42.2403190463627	237.357230581288	391.355661778978	0	0	323.026594960389	0	0	0	12.3367033994296	126.432047166838	408.683153797124	261.802085645423	65.5618306229904	257.042171706819	100.211370946116	0	0	0	0	356.331921473324	0	0	0	117.677535118476	0	0	0	460.625485686406	313.17449346866	0	84.8857886728188	117.674012643439	0	0	0	446.582521243385	0	885.462609558637	115.90105849576	0	0	914.825838474975	263.461364051527	154.603367426964	300.608587587629	0	118.814112618465	0	7.07622149455565	0	0	0	48.6146833764128	0	0	122.081380759884	629.629022306177	0	0	0	0	0	271.082568768147	0	0	0	5.59612313902862	0	190.976023052746	0	829.956482506619	378.428041422904	227.941238453744	616.446644394016	0	0	41.9423602871581	431.739530078189	349.374394651569	33.6902984055858	152.722478745145	0	0	119.096498633466	0	186.526151239958	0	0	696.594356679291	651.548185261517	0	121.367826140132	63.1048776597392	59.9092516873231	388.566264686469	94.7717226070041	42.4911578927551	304.905741708103	0	0	580.234220688691	0	0	0	0	0	135.01400880823	374.473363097969	282.67164599719	0	0	0	0	66.7868849337869	242.144904536723	0	0	0	391.275033918617	0	81.8402066151348	195.318156213295	0	0	656.419877909016	103.035768366997	0	0	28.0517531060167	0	147.494929185584	25.9551703564237	692.377988225724	643.035158291492	0	63.8389928671895	0	0	0	163.71613046384	0	1924.6937444884	260.128008006104	0	213.559951332469	800.398225896303	0	993.453632580762	0	0	446.993008074401	759.781674939118	343.462453105573	107.238218270386	0	131.291002252275	155.322115099015	0	847.398054018711	0	0	341.404981642947	0	526.695862775042	1084.02704925804	0	0	119.189609676159	162.86517004549	1091.06425208813	488.794959721288	31.1471676492527	200.698425427173	470.061184351206	0	0	52.1867077807093	189.227683533761	0	212.499300418796	999.968154178419	384.795473964772	0	0	0	0	0	283.277576737332	146.075781658596	0	0	874.810521734862	0	1097.97459531945	255.996300614361	0	0	880.923360643839	21.1465478454729	738.700162005775	0	0	0	2058.23623511485	324.635330691063	0	0	1112.59710035321	0	551.637162052262	85.46463712478	0	98.7183057790814	56.4933298356435	0	139.232371229899	0	623.109031317017	0	79.371818965533	0	0	27.1741489572602	116.359133983236	312.514943144745	0	0	67.0361582383174	187.370500497887	161.666808147754	0	27.3830874217892	0	0	0	0	0	0	4.1193182734484	0	763.569723933247	939.723843933919	106.1775351232	0	0	0	89.8035184999647	0	403.805425340944	0	227.003994616497	0	15.0058737803658	0	238.290796610119	0	0	222.866549480961	0	157.336546746905	197.495373167482	0	0	53.8821534009056	306.324689793514	0	410.120979791865	0	383.857671576473	0	99.5544279795095	33.2396786492105	0	809.938683360454	495.142920930568	44.2094861404508	199.381617821356	287.023763116709	0	0	423.005499612005	678.751475252915	0	0	0	102.54649813748	1213.54272678362	107.225319085894	127.64382888606	0	0	264.053646112725	25.3235588953942	209.023382886188	0	497.022878016153	0	0	157.75620761706	0	0	145.068977903498	156.855633711718	0	0	0	596.131531907629	0	0	215.590022032736	125.550943943093	32.3196798192346	0	0	0	0	0	1725.99226830737	43.8747749438891	11.9118366957153	0	608.485265500456	374.475371500825	0	76.2817787433204	0	88.2572946131257	416.62996877435	0	0	0	71.8516381162371	0	219.365906142226	0	95.010094642376	386.140234462183	784.661812032974	415.835496530657	85.3603485774151	0	0	0	167.307159445083	126.193922534518	1225.51782090894	0	98.2548326267379	67.7013263444462	0	38.8817592575658	983.214972564992	411.100350967879	0	0	0	0	0	0	0	59.0858536687288	0	899.629384108852	969.706366294658	154.710018850246	626.26132697525	0	68.8529982949319	0	291.054078223696	371.493784194695	143.501311546101	0	0	0	0	0	501.770772097956	0	271.139370842838	0	0	261.926135344883	1416.17847712077	25.1314110668906	0	0	516.467235143708	0	0	119.532084015104	466.426946652911	0	429.644099149849	0	827.7639530546	0	0	129.785733230471	8.75891921896906	143.702122292958	351.319750234128	0	0	0	0	110.3350625599	389.445466696452	794.90294214133	0	0	0	0	0	0	0	644.3970148197	0	425.139885515592	241.752320728202	150.817927502267	35.338871111003	0	0	5.13094095017453	132.47700127587	0	0	17.6551724554687	0	0	3.72463652624644	111.207855597081	646.15401439577	0	0	194.556417069764	0	0	0	0	0	56.8328366120378	1094.98644859979	0	0	442.27717359186	0	214.716568741406	0	66.8102458925554	0	0	0	308.222318062296	202.611962283752	0	854.815523936744	0	451.788838334215	0	0	0	0	0	975.378873381578	0	232.471295476013	0	0	0	0	0	253.389678172201	44.2094407817861	102.604252866854	0	102.252570657966	598.009128707202	0	0	331.906086983705	0	0	0	84.8624207660419	340.721831983942	0	0	0	0	310.682072592825	191.919686516615	330.282901515413	0	384.886671986255	0	0	375.998275760597	236.865789033836	0	0	306.722203604049	0	0	941.354528853053	0	908.302737283923	119.047740612882	0	49.1488731662248	0	229.195211651956	0	1003.34830614211	0	378.163036569651	0	0	0	0	178.576485228345	104.614202762336	0	580.594936770163	0	0	0	413.480095986565	0	106.17593273214	0	760.227880882843	202.828600126839	0	208.773411537271	273.136371822325	0	463.063373471562	278.399272803913	0	93.6960470581921	0	0	0	0	92.7555239489449	0	0	218.216279858963	138.901871616951	610.470340052924	271.313854106743	24.2483135492727	328.25408448381	18.6268029167984	0	332.246076534886	514.772362148567	0	0	64.4518820970069	0	105.364072022592	0	0	0	0	0	0	19.3769260552731	0	0	13.2261481689955	29.8471134429286	0	0	366.977783012358	0	0	0	0	0	0	326.517593765463	1293.86958983267	301.447822166914	0	0	0	239.553796082745	242.827887680987	0	363.673805511376	0	44.5955975875227	210.742088526888	0	1223.4388019639	880.11123880795	1519.37901890938	40.3608475173971	0	0	0	0	875.46030810214	736.792914047523	29.4337107863216	0	0	421.852034302738	274.798401953561	0	709.304127711817	0	1519.85680354127	104.090067739614	543.586331307068	679.925374274928	0	326.235673948556	436.525429856462	0	219.882340960252	0	116.537482266373	0	695.200096539221	820.775215779163	1670.4250626687	0	0	0	0	0	423.614218606565	858.795645314035	314.877116623515	471.653804407054	0	0	0	0	0	69.2987779867513	0	225.42957842552	27.1234278607013	5.16391096876831	211.318270389766	0	229.797614178256	0	737.707155184438	0	535.783898951799	0	126.030831767851	0	562.122385087773	674.24895779549	107.133017406601	287.729253674083	0	235.027831730689	0	404.400504699769	236.253580281244	0	0	629.052015337486	0	316.683665303292	0	0	0	0	30.4830683856459	0	0	0	543.419998451052	0	2271.32124689687	1225.94103018252	1169.65170613074	93.251667160568	0	0	135.92082093754	0	40.2675482778393	0	0	870.354160235935	0	0	0	0	0	0	137.892685425976	0	0	0	0	0	280.24592852858	0	261.786774929097	0	282.015509072941	0	0	0	51.1813403788344	1419.21949569153	468.160469798407	319.83159507677	0	40.2879513411673	0	825.427559464908	7.77059387321579	58.0312788267676	0	0	0	158.251952574798	128.184519000847	0	0	0	0	82.0755141409277	194.897490038286	30.1921888560781	229.512879220078	0	0	0	843.353514406452	356.938534348378	1148.49110450825	441.500309429061	0	0	205.069042929912	140.73478094062	338.45280428772	0	427.426451282383	0	51.0846501585635	278.005013264049	850.514721367533	0	0	627.55481477554	274.324695377272	0	0	0	807.608968398912	0	0	0	134.427509338912	0	1088.78381016991	0	89.6616774090942	1147.29210772883	61.3020487947718	114.772397910289	127.389209966415	426.076040014281	484.612552131064	132.097835778501	0	878.465885361489	0	0	0	253.579612596342	114.310465419954	410.505001522013	0	321.980256553287	435.204990786591	0	0	103.516271885982	274.422763214246	272.331903273727	228.861845401274	0	0	322.453476541903	975.963073697554	351.495547234295	35.3682265780175	543.713293284937	0	151.507486548017	0	0	411.52146503689	0	0	0	60.5221374600787	0	0	548.125837801492	0	0	94.8453022911594	632.522218008473	0	38.2591811080515	0	38.9116517340778	1204.104122659	807.567109421966	753.237244936697	0	299.402195151902	0	294.089206698589	234.59020557761	0	39.2082530503997	607.672690257683	0	0	0	0	131.062801217922	0	0	0	0	0	0	0	590.919457095027	0	40.1325182170753	572.30479072043	0	26.9182001828814	0	0	0	812.282160068941	443.944944895259	0	0	0	0	0	175.233471795871	0	0	0	0	0	0	55.5244269157964	68.8983401073135	246.464212462077	128.290187162469	233.91595496749	183.081719411649	44.4075163524086	63.1096094105032	0	38.0665555271069	0	473.676692705088	181.279400500343	212.625565137817	198.52872891713	0	176.841757041434	0	0	335.512970409643	0	0	183.199308317919	81.4415353933819	0	0	442.44941046622	0	1.61995161342923	0	0	0	0
2024.52323279068	0	0.578917813352871	0	0	0	29.5039767989413	518.6437046436	0	0	214.427669538385	138.3406307816	0	0	367.172535622005	0	0	0	74.1280113031096	14.3046542282194	232.374119888617	0	168.267457017568	0	0	0	111.200744435864	0	642.00844575479	76.6768554535902	410.063692414359	582.08976237066	427.508232402833	0	104.399837034922	0	30.6695610804947	0	23.2335858110868	0	0	17.1686936166569	86.79684905095	1024.11867461364	0	318.907774117018	159.116044287012	438.109233942622	0	111.998693475814	275.17352105263	8.35567976590906	760.009426872897	0	249.952064163165	381.769064830796	459.834763729617	289.177787310106	0	222.702477728652	0	0	247.133595302489	0	802.676758432188	0	0	0	321.237187075678	978.377644857203	0	0	359.53166804635	0	0	176.845769912857	0	771.706193825607	0	850.342018491702	48.6213111437451	0	519.463512914724	97.7466748341673	336.585157029624	0	0	513.371293545075	0	94.2665548893585	859.574006562604	9.27267856876411	160.102678909126	565.967191718992	607.039532427537	0	0	61.7892292011067	249.790171466949	393.874554664938	0	0	359.25057290961	0	0	0	151.22498787156	219.538359391393	510.76314449863	311.462074337162	247.784836001908	313.841273988018	123.281124315995	0	85.0938161127453	0	0	356.331921473324	0	0	0	151.786630282825	17.0700116922112	0	0	484.484719096628	376.643114976081	0	184.625582560202	138.148144301162	0	0	0	446.582521243385	41.7810235783247	1088.82821432961	142.597772420464	0	0	914.825838474975	302.168955133354	166.704615024208	464.353913427899	0	120.59810655185	0	62.9105342051281	0	0	0	65.2382984037771	0	0	139.944608196551	732.832420313954	0	0	0	0	0	323.590607848162	0	0	0	6.37042431125956	0	245.500032390265	0	1102.06893525096	396.54975464074	227.941238453744	795.347964605108	0	0	49.4943401205261	468.044398607733	375.366398585262	102.04380914102	284.347647251597	0	0	131.106547931115	0	259.214030569635	0	0	812.880243705975	744.310529270561	0	154.395904276458	87.6405123105435	101.520142023804	494.739452030102	162.191677485606	54.9515592027415	358.3107659892	116.91712295545	0	640.82617988119	0	16.7329781808885	29.5771810689598	39.3257116118495	0	295.338613631413	397.414370941118	383.790524311851	0	0	0	0	91.6139660071162	280.254440214941	0	0	0	426.510962970637	0	114.929954190757	241.124801868318	20.3639864579282	0	665.874194600656	311.189985572411	0	0	33.5072164001025	0	150.280787803864	37.664717039485	716.569897215768	749.574303118868	0	111.444352535941	0	0	0	163.71613046384	0	1934.859392806	292.391162648867	0	244.194424178588	812.817002009194	0	1074.63665153202	45.2964659758409	0	469.168184826813	780.440471745667	386.111856234956	148.651392044562	0	144.433076385204	188.404200724935	0	885.779672546406	0	0	505.448794133477	0	526.695862775042	1208.45772905089	63.0377062341274	0	211.50913425799	236.283265018997	1232.90608101839	488.794959721288	51.1443362990585	317.660203023409	525.763487158102	0	0	107.768613261287	291.35646447604	0	257.255577423047	1011.46894431256	407.230522990469	0	0	38.21235604926	0	11.9927493237991	332.727155814952	161.652577732249	0	0	932.62445963103	42.8493078018629	1219.50647845282	278.648433538422	69.9622698518359	0	928.849226014601	52.2990890575632	778.713914918934	0	44.2615278604845	0	2059.56017277327	373.371476584834	0	0	1136.01462876436	0	589.298286164781	110.565325021755	0	111.323122826106	195.060997937624	13.5046742428443	185.845997599165	0	718.06491118736	0	99.3901602833394	0	0	50.1696003807978	164.389087354637	373.886436627515	0	0	77.8118861209408	202.172115859808	200.661433874211	0	190.410715791972	0	0	0	0	0	0	14.475943053375	0	1091.75866910325	1026.53880005139	142.779826274773	0	0	0	121.776590403856	0	420.718494430918	0	267.246279539118	0	45.1797262215881	0	275.824850901613	0	49.8094579456583	296.659208016946	0	192.715391550792	232.206347198392	0	7.69012504422617	71.739817776383	313.556557688124	16.4537092816734	478.118016467743	38.1651055047469	658.159028247294	0	113.560812843929	117.048450723795	0	816.652527406104	567.33176306949	48.3074905094898	235.291559924426	301.769445964883	0	0	475.760221122996	735.18814668113	70.6637023138119	0	0	139.918242931379	1257.5348044408	118.770422395595	194.112909689484	0	0	282.769544236678	65.2176260680159	211.628518890039	0	497.022878016153	0	0	183.734639206543	20.874318030718	0	250.729728909041	198.333544372936	0	0	0	710.354359539812	0	0	247.165635519561	144.023141703159	61.3776463655371	0	0	0	0	0	1725.99226830737	171.234900249383	17.1945290835349	0	624.160044245984	400.644981705398	0	93.5162135023576	0	126.975447085128	416.62996877435	0	0	0	132.571110434606	128.915653047946	297.186459773706	0	102.399197117577	460.225539859295	883.869918801953	431.274056101382	96.0669023188176	0	0	0	188.158741398934	145.965561033394	1354.90858536839	0	116.922623468078	162.961804312132	0	40.2142772753566	1288.70897819287	416.526340342119	16.1790233606988	0	0	0	0	0	0	171.867312975011	0	955.367830491531	1169.83564159415	217.466225043751	627.249355764696	0	113.990636824596	0	404.383866853016	371.493784194695	169.412581804971	14.9649480670216	0	0	6.94597152602225	0	518.925561614035	0	271.139370842838	0	0	302.846417663952	1416.17847712077	47.7174067200741	0	44.3078709703552	574.882471067392	0	0	146.673235717372	476.077949599543	0	521.397985852409	0	855.236342730712	0	0	132.541712338519	16.1283501722197	204.869197844493	383.520673463546	0	0	0	0	124.459761594102	422.757920507133	865.30356418342	0	0	28.7887237833156	0	0	0	38.9131901197555	686.298384145557	0	503.91473324231	325.51440268885	163.870973050353	58.0363976674759	0	0	11.7566110126564	204.237857712185	0	0	21.5794007516226	0	0	25.0367205817059	152.641407045001	697.350478837613	32.9574841888084	8.1763777398018	276.64014851685	0	0	0	0	0	78.0255560354039	1270.54372907627	0	0	531.104822971327	27.1284639884002	285.819546178212	0	72.6227588269443	0	0	0	320.242987371912	248.654893036079	0	1038.20424049796	0	466.971223577037	0	0	0	0	18.2855526085	985.572269746095	0	239.601115903078	0	0	0	0	0	300.372041135659	46.2312751992147	152.060047344965	0	157.938298900827	667.885444459143	0	0	348.087686466019	0	0	0	114.055089377007	372.255466100626	0	0	0	0	358.415008175056	206.065987312641	400.85679461193	0	415.790476053544	0	0	442.361913496016	261.645214177698	0	0	344.129384321383	0	0	968.305387189253	0	965.504323566175	131.839773226367	0	140.614206938135	0	234.377374693009	0	1004.59336872929	0	394.127771683714	25.9831896595544	73.2215343789523	0	0	240.251728868069	104.724105230745	0	610.522673305312	0	39.571461403823	0	551.581265923787	0	323.080532529328	0	828.441677856781	226.306972204565	0	235.054622722607	331.75587211057	12.2770641394871	556.705910611278	285.708511139333	0	119.77943427245	0	0	0	0	147.329727499205	38.5360306119524	0	234.817703899027	199.339564165509	637.567548170262	291.310569891592	50.5599633233202	427.946391170534	77.4047999207982	0	332.246076534886	528.346110902864	0	0	112.721670819081	0	117.784179316477	0	0	0	0	0	5.93945881034646	42.0804742430561	0	0	16.2340777761985	82.2771733266068	0	0	432.228257552997	0	0	0	0	0	0	361.786002726062	1293.86958983267	301.447822166914	0	0	0	282.019697446883	267.930021743545	0	406.383614538528	0	55.5391901994745	210.742088526888	0	1264.08317925282	1006.92074318672	1596.27781681982	61.4807406290008	31.7963667080631	0	0	0	919.876369665658	750.554906389219	31.5389555634646	0	0	421.852034302738	304.515717746585	0	726.846276962674	0	1583.91000190302	250.320256119331	565.30194502251	771.503756939699	0	378.013515461528	469.65102787573	0	244.228930040805	0	253.52365748163	22.0903061134479	720.631252337602	937.319949187667	1803.1093990319	0	0	0	0	0	511.994845466074	1015.71239972127	318.288664297362	524.242071055383	0	0	0	0	0	76.1209874618943	0	275.400685783649	38.6279229070176	25.7432892083354	223.713590080552	14.2706543371977	259.909201076545	0	786.102452257226	0	579.483858228969	0	184.554411487247	0	570.723186382255	722.962291301334	107.133017406601	389.382207351872	0	240.850721665857	18.6522681252615	517.610143461144	301.055641049591	0	0	656.811603111792	0	369.74764601002	0	0	0	0	32.9796431463369	0	0	1.14246242830376	572.140445615082	2.02441835843922	2353.87726446122	1225.95893583308	1255.32341060074	118.234382916992	0	0	193.698034910309	0	40.2675482778393	0	30.4383895585298	998.993007370867	0	0	159.697644149862	0	0	26.4531046940991	153.455188945248	0	0	0	0	0	379.927497948445	0	261.786774929097	0	358.03908195306	0	0	0	74.2864823000103	1458.82751349944	468.160469798407	405.075807722288	0	161.630857297931	0	851.700750460095	9.83168123631705	151.265190374717	0	0	70.4848130602526	166.743171018358	148.587125199562	0	0	0	0	238.308122015352	337.722388778876	63.2647767073951	229.512879220078	0	0	0	843.353514406452	373.131788241587	1211.81856329991	534.939309181004	0	0	251.118126690153	182.127913356339	403.882042208858	0	485.609147548647	0	99.23175958763	576.271888836352	920.058854165278	0	44.7502998749412	677.266170678225	308.577110297432	0	0	0	950.549327173703	0	0	29.0526178976295	150.138390234556	0	1197.94747204487	0	103.067049649745	1147.29210772883	97.2091854254563	122.961781528484	221.929506094311	427.602341667641	586.041787931834	138.513156229031	24.4745265366956	941.315093423795	0	21.0644489167276	0	256.136214847818	278.269967016314	440.469011774527	0	392.658346923691	487.810379572368	0	0	128.143150172499	305.711529077629	366.770966105693	248.55188895114	0	0	366.445280426106	1046.07258601414	351.495547234295	54.1122360277519	543.713293284937	0	178.364159140439	0	0	525.375364404383	0	0	0	85.4549443737553	0	20.5246399535524	645.629522072492	0	0	106.888129103322	632.522218008473	0	76.3219503055344	0	113.092860378284	1301.9697604505	842.502313974724	813.11087562222	0	367.031304834489	0	346.830109340429	275.333889242979	0	93.8387633680858	656.560847286835	0	0	0	0	233.178510437099	0	0	0	0	0	0	0	618.315657043905	0	53.1612148562214	727.733023466204	0	59.0509288624011	430.197224263015	0	0	856.848141325924	471.574279441221	0	0	0	0	0	228.079624711499	0	0	0	0	0	0	85.9005101964512	196.244807602552	289.695358678869	159.38932073629	268.271880209969	247.412422938604	64.355614756153	84.3153470230132	0	78.6125145407554	0	533.549111830612	229.811601958141	257.758339598143	225.897321008341	0	254.167189286823	0	0	373.264135897982	0	14.2246199785044	232.81707371071	85.7128667123249	0	0	446.932473376329	0	17.8676718152317	0	0	59.5363281727274	0
2024.528597182	0	4.73991838819194	0	14.9704804553889	22.4647856518015	50.9663187765614	821.958380445525	0	10.4291346201132	235.883539430429	263.65028690571	0	0	367.696425459943	0	0	0	109.303986871019	50.22804783137	282.810228922362	0	236.119668056375	23.7007994627792	57.4175073357647	0	183.817198216765	12.4155094738204	678.864755601209	83.6754103265142	412.523787943977	582.08976237066	491.112768950737	0	193.417152068108	0	50.2913377149832	15.0943504973212	83.3372524683903	0	0	36.4169655391078	116.623645539436	1073.14345476961	0	319.85142781455	238.971587194049	476.872817573299	0	195.221376617537	275.17352105263	20.7287118611417	781.24249984741	0	269.890241788946	486.927563214977	726.411513801373	350.567647581026	0	250.299068868897	49.7386894915888	0	331.668755743171	19.8494748777942	862.347308129829	0	0	0	347.41180828489	984.729940765851	0	0	388.933135786015	0	50.2827623770271	204.618791122897	0	844.071448115502	0	862.281231654887	99.7992432343991	29.3864085399866	544.881224252361	132.764377480712	390.803442103909	0	0	575.950407079232	0	116.550494215909	876.708303150073	9.93328689960937	179.790429725288	652.694983497601	641.57697357444	0	0	81.3486855814294	262.222604561497	398.83756105607	0	16.2455865612395	395.530631731062	0	0	0	278.336368474874	312.240115440898	580.319002937907	352.42505199114	428.807210749051	370.540167521045	146.378431709107	0	229.513977048517	0	0	367.335935226192	0	0	0	185.948175611412	57.6158031612697	0	0	508.315315179685	440.316909974827	0	253.623865069002	158.641533568323	0	0	0	446.582521243385	147.108258116296	1293.33720401417	169.331853190764	4.01289099353141	0	914.825838474975	340.878647444341	179.553639638303	628.343740838819	0	123.47941205806	0	118.758593857933	0	0	0	81.8617704769223	0	0	186.756379070762	822.059904394321	0	0	0	0	0	376.020006395745	40.8590196887155	0	0	45.1792209258774	0	300.075839979245	0	1112.9047001448	414.674936991869	227.941238453744	973.359697618055	0	0	57.0433267998733	504.393330164703	441.361148166044	167.122992660813	425.764695119873	0	0	143.121844995929	0	331.912912918391	0	0	938.854179401824	801.253021895252	0	187.381233648797	112.148428478643	143.043199472999	601.029672456524	231.532783104191	67.4137183420813	411.7477975467	192.318760019661	0	683.629772767153	0	84.9227483365327	108.345034415549	80.5539630413512	0	404.500573160934	420.386046687652	517.460719480244	0	0	0	2.7325417212716	116.408096203056	300.361405310819	0	0	0	462.805522710186	0	148.028629168428	301.986557371259	53.4289772677642	0	675.702408129942	520.759467594375	0	24.677488707519	38.9611871700862	7.40225136806211	202.651403137192	64.3711167576727	740.789567862912	856.682961729278	0	159.034610520551	0	0	0	163.71613046384	0	1945.030940864	311.803211485411	0	397.971009740748	825.295407337394	0	1156.03080074198	95.9845672420394	44.1482569577099	492.745022696447	801.576883327739	440.943394524657	195.719858238017	0	157.622839804726	221.843102838882	0	924.075630154893	0	0	675.131877031543	0	526.695862775042	1333.57520743096	221.962266663916	0	303.622205157069	236.283265018997	1244.87192468571	488.794959721288	71.1339368503534	434.874707299698	578.433580000361	0	0	163.44528072871	393.621570726113	0	414.932379856168	1023.19034004954	429.659536374253	0	0	193.776222814373	0	27.1870118773404	383.352923524715	161.652577732249	0	0	990.548399355708	151.050809298854	1341.2606468606	317.098049920932	215.274171262277	0	976.857874092135	83.7471142779614	818.769777493936	0	90.7762722417008	0	2061.394466515	422.158280539247	0	0	1159.53615858381	0	612.331868110042	135.686821240736	0	123.926995636983	332.864495680927	86.2169466060602	232.339635762887	0	813.168510744662	0	119.428721098174	0	0	73.1485550597461	212.456676011713	435.095710230301	0	3.39067676948832	88.5875849687075	216.969140214792	239.578119912892	0	353.904512225682	0	0	0	0	0	0	24.8371007269856	0	1366.90854298638	1113.49675099073	179.413681573296	0	0	0	153.716243881685	0	437.6305144195	0	311.91525402709	0	75.3781426324393	15.5784706883773	295.717118369621	0	181.980261564592	370.220791769798	102.289315579609	228.037568808679	266.973851487333	0	24.459520852026	113.171118846408	324.01562364777	53.5013304414103	545.995185139222	96.1923112534024	937.704995768109	0	175.25404000372	201.23113531711	31.9619054005255	825.419788667436	641.791310271686	52.4052110388454	271.190184463682	319.782603639622	0	0	532.289697957953	791.797600963325	89.6808794778994	0	0	177.285346692591	1302.43895282968	127.752013968612	260.790488166397	0	0	337.316218203094	105.111112618489	214.286264877251	0	517.242846570013	0	0	209.745037706729	42.0386694989002	0	355.896749541474	340.045409251366	0	0	0	823.956313439031	0	0	278.717809798297	162.575081528135	90.4354411464984	0	78.6102604434378	0	0	0	1725.99226830737	171.234900249383	87.1620992809316	0	640.411794403525	426.800665788748	0	110.764528619542	0	169.162259728151	416.62996877435	0	0	0	193.158001350362	141.714998729228	394.310584503992	0	107.063142253972	468.134708098745	983.467766425952	448.258782556753	106.777351408594	0	0	0	209.018902786285	159.016946212456	1485.75583962724	6.91641696506318	128.839838659682	257.770599794909	8.60857056944303	41.5468846455128	1596.3740050891	422.000287049038	68.945546058535	0	0	15.2919533368898	0	0	0	285.271745385404	0	1010.99420331943	1371.08778289942	280.354437654173	634.160740085372	0	185.019014535739	42.543940311161	462.677530778994	414.670784649468	195.33890162174	43.1981385173885	0	0	20.4713484368264	0	536.076251836361	0	271.139370842838	0	0	343.833646202201	1416.17847712077	70.2946739508503	0	93.294796113223	633.847287805289	0	4.78487338174417	173.799485500253	485.842291934483	0	613.356348223669	2.41838168770952	882.715523783619	0	0	274.523287652415	16.1283501722197	266.055324707027	438.178759822682	0	0	0	0	138.591641519524	455.678971507973	882.214280225846	0	0	70.4942613556412	0	80.1231517891659	0	102.001090862758	728.203881517765	0	586.258795120795	409.104935093844	173.548199293613	80.7325588731745	0	0	18.3842575565842	275.875215658352	0	0	25.5043754397711	47.8126722821492	0	46.3454950705204	194.071258959879	783.066763920632	83.1017005568963	17.3514581621603	358.358202355955	114.600488944313	0	0	0	0	99.2261809676824	1282.33452656392	0	0	620.345584409468	57.0177183382793	356.704565198978	0	78.4353073285825	48.3864696594623	0	28.3768814931602	332.284730150809	294.624730847994	0	1038.20424049796	0	486.944425057706	0	0	0	0	46.0838431763105	995.772623125381	0	246.889716719823	0	0	0	0	0	348.544280430444	48.7996067568867	204.353180366913	0	233.030252619379	737.516048529359	0	0	359.934953279964	0	0	0	149.709665577826	404.880053660953	0	0	0	0	406.302154103324	220.222694512656	471.664954492805	3.3985218696955	533.036872857841	0	0	509.005898999647	277.732438847357	0	0	390.855296906613	220.66719118081	0	995.279532872231	0	1022.80709049546	164.486453310983	0	232.547230306788	0	234.377374693009	0	1006.05042136508	0	410.101607579797	204.767843195282	147.647573131224	0	0	302.037049605032	104.834302343293	0	640.398984205958	0	103.864390905726	0	689.143465721503	0	381.007165989297	0	900.174443270268	249.811459758122	0	261.301896196828	390.346208568465	68.267246948508	650.642656211711	293.07325322502	0	196.725633569685	0	0	0	0	201.98276279664	122.43656321955	0	252.180117554761	259.948780686499	664.653639963102	311.303954702799	76.8706559918661	532.568329375653	136.012441699318	0	349.144937038712	541.923929922885	0	0	160.887706732051	7.35696991277139	117.784179316477	0	0	44.6876331329084	0	0	39.9518517934848	64.783586870097	7.63540385516459	0	19.2421609587987	88.7457334937858	25.5696764776187	19.4160336182997	497.24034185759	0	0	0	0	140.754069128084	0	398.94093449086	1293.86958983267	301.447822166914	135.021398853533	0	0	379.183264101324	293.015964478507	0	447.363448954193	0	96.935327940549	210.742088526888	0	1264.08317925282	1008.11853962436	1672.87290353892	82.6098167847682	113.814215332395	0	0	0	919.876369665658	750.554906389219	33.6442489543096	0	0	421.852034302738	309.99912859846	0	745.319990239181	0	1648.87609531748	395.571280313514	587.080851368577	771.503756939699	0	429.810941945434	513.067487192656	0	254.092710105444	0	284.681519115669	61.649356110394	746.578535399821	1053.12447790132	1860.3155083759	0	0	0	35.0953028721964	0	599.941254544928	1060.59921083442	322.050493373836	576.893880440472	0	0	0	0	340.388518554716	82.9435420974249	0	325.330796693957	50.1325769124357	48.7344762165935	266.787802856161	53.028634776452	329.15145482749	0	834.444363854559	0	623.173497075744	0	243.231437612234	0	579.49824872938	771.738122016649	107.133017406601	491.614810106238	0	246.673594446953	43.2838774086918	630.834552476895	365.729017449829	0	0	684.557741173105	0	428.12762922383	0	0	39.7508590937525	0	35.4763188524716	3.50905723336051	0	31.2882167940151	600.886024356412	46.4408353458717	2353.87726446122	1259.58917652842	1341.33282919298	143.245492830046	0	15.824336760627	251.482741115779	0	61.9222241213123	22.8299503043987	102.490312508052	1141.35767802991	0	0	361.909448487165	0	0	86.1784622000387	169.017670756999	0	0	0	1.00971637204432	0	479.58905511835	0	261.786774929097	0	433.703338381094	0	0	0	78.5819989672639	1498.82069804703	468.160469798407	495.718667040495	0	305.742449803591	0	878.033264113443	11.8928979100375	273.39924027953	0	0	225.802771910686	175.284315569124	169.002546784591	0	0	0	0	394.841916507877	508.830444440098	63.9598196771119	229.512879220078	0	0	0	843.353514406452	390.087447981535	1275.12209628943	630.315668880922	361.105255591193	0	297.06941047203	223.56258445711	403.882042208858	0	543.858660150239	19.6538070815539	165.539307487195	872.390709642095	920.058854165278	0	227.483460093099	727.414005391964	342.891953124242	0	0	0	1093.21264881973	53.8270050822411	0	78.2758241339759	164.701672899879	0	1307.28911112339	0	116.472502641074	1147.29210772883	133.049486183291	131.148705260879	316.043973494667	429.128726342128	687.631827844811	144.928369965438	72.0780866979639	1004.31554950265	0	67.0344573085503	5.29617412633472	258.699839197988	444.392000845623	444.815967638968	54.1551959117193	463.567190359699	540.548514177803	0	129.240277036052	152.800470474624	336.965814623993	461.491649645116	268.550528658316	0	0	410.667999703706	1115.97297678833	351.495547234295	72.8643664635193	543.713293284937	0	205.18656814148	0	0	565.085487224131	0	0	0	110.378853838444	0	53.8533229077414	742.784883242616	0	0	118.938955123949	632.522218008473	0	114.429041106102	0	187.567185393621	1399.74448641022	862.561952089177	873.52921131236	0	434.663891471501	0	372.261961487272	315.999294419711	0	148.526588177598	705.559246805572	0	0	0	0	335.588876587713	107.637843099867	0	0	0	0	0	0	645.861169782088	0	66.1824168246632	734.382413179724	0	82.6537633409131	687.285716116279	0	0	901.515342712039	499.196357094538	0	0	0	0	0	280.134671561956	0	0	0	0	0	0.461699639178334	116.305573531997	323.113423816231	332.849475179016	200.22407696641	302.627606704668	311.608116757016	84.2950562214779	105.506266554632	0	119.230678943545	0	593.837471504132	278.313999913212	303.327596938794	253.225790198362	0	290.888883787047	0	0	411.081986597193	0	71.5814551204423	282.304727615319	89.984559143677	0	0	451.788112924341	0	34.1153919300617	0	0	59.5363281727274	0
2024.53396157331	0	8.90053405127681	0	43.1887692039469	48.3067944167788	64.7833764413039	1128.8676286551	0	62.3280387922922	257.358939135141	329.868747092119	0	0	368.220335511194	0	0	0	144.531939251704	86.0835459768585	282.810228922362	0	311.685921642905	68.070824421788	80.42351134288	0	256.181536931659	29.0970996443223	711.059063346001	90.6722715252261	415.001106459467	582.08976237066	554.904161901808	0	282.109376183742	0	172.165240926678	44.5220210120137	115.469198361329	0	0	55.6537060575546	141.747422930915	1122.35062371159	0	326.778969694014	319.185459989192	515.598714866047	0	278.762011733931	275.17352105263	33.1055656680209	792.432141783769	0	289.818353628203	592.711059799714	991.978980569287	411.765302709031	0	281.230202860598	113.538991041404	74.785494777092	400.597282169942	39.9874960581901	924.53006298091	0	0	0	372.380277729901	1000.78784164447	0	0	418.374008920866	0	65.8684895719056	234.111521125832	0	916.953043497529	0	862.281231654887	151.102915357045	84.0928824342829	625.616329960134	167.729050051596	445.371470880051	0	0	638.619043219172	0	138.836244003499	893.985947930744	10.5939190290133	189.740111574137	739.727875685788	793.093680839256	0	0	100.918642259238	274.654528602938	405.15446476527	0	52.9710463793927	431.866403833633	0	0	0	299.829356615566	404.530031788076	589.488434056101	396.634034675261	608.582474666814	427.106530862133	169.503177331658	0	342.609154327583	0	0	420.654827316181	0	0	4.64244685271775	220.161844042361	98.214238693454	0	0	532.117141688002	504.193509503665	42.0966377607436	323.112824780867	192.264529888034	0	4.79396273586391	0	448.076463875783	252.807402864587	1396.96906117201	196.103115708811	12.174092724275	0	914.825838474975	379.59016330628	192.997180940317	792.119696457601	0	127.385613823016	0	174.620271288065	0	0	0	98.4850990904835	0	0	242.087798071188	839.810871454162	0	0	0	0	4.33819685594055	428.369896377498	102.515323408575	0	0	188.652309730522	0	354.698328500044	0	1112.9047001448	432.803560765095	227.941238453744	1150.44354631016	0	0	64.5893161474252	540.785575564377	542.084782735289	224.470816349685	569.237156741122	0	0	155.142378169212	0	378.320832921634	0	0	991.872736818072	889.368744352493	0	220.323566346869	126.431434482916	176.314831850434	707.430865781129	277.735856595264	79.8776311572168	465.216106135116	203.386848727699	0	685.812035589951	0	132.110507393097	187.347880445635	121.702069184166	0	427.617160169522	490.089948950486	667.283945975114	0	0	5.0304571486365	99.9035277263175	141.169124211725	322.888161901429	0	0	24.7068596968257	499.931233298156	0	181.136070498325	369.360564550124	86.5158863801368	0	685.889666954525	708.650930225768	0	53.0581409349031	44.4136639396755	24.1581066140455	256.25322922016	112.025249460362	765.036878162574	964.333346557953	0	206.609198459497	0	0	0	163.71613046384	0	1955.20823057632	325.674982713022	0	576.628913433608	837.830402924325	0	1237.6323935132	146.540770993152	117.651703329234	517.528225330154	823.150003256487	514.270880228599	242.793593230917	0	170.850929248011	264.377442123323	0	962.284799538136	0	61.306380481402	847.644282693255	0	526.695862775042	1459.36378298051	381.455647347709	0	395.524885207441	251.108548197824	1256.90760889827	488.794959721288	89.9455751760966	496.811277668206	585.758457580664	0	29.5072372193648	219.215739090542	418.536226788724	6.62242148807903	481.352676483737	1035.12556697237	452.082488277756	0	0	301.429402276608	0	42.386452090439	434.759900729225	170.239400240685	14.6370544439039	0	1048.58075030402	259.889486193079	1463.14992507156	368.772978721975	361.653588210535	0	1024.94775510103	115.559550332336	858.867448838973	0	137.315621522447	0	2063.73767552791	456.960356513262	0	0	1214.1118231655	0	635.923195184288	160.829029808168	0	136.529922171594	469.883712731288	231.883022891226	278.712265033622	0	908.416206924264	0	139.487426391558	0	0	96.1054967078889	222.031863289136	496.140766352327	0	47.6395673348432	99.3632547249188	231.761552593861	278.416323699245	0	517.842108813827	0	0	0	0	0	0	35.2027821349346	0	1366.90854298638	1200.59371103869	216.078818764111	0	0	0	185.612134526831	0	454.541460890461	0	359.384820937885	0	105.600984252986	50.8435314186614	295.717118369621	0	313.85023933041	443.548273719375	102.289315579609	263.302705546672	301.797547511613	0	41.2434164427036	131.055189109472	334.79969212088	90.5001424149877	613.748089615058	163.928288826545	1032.01282724633	0	252.161441764032	285.782105453247	83.3494819399869	836.175949988144	712.258364192388	216.502785182127	307.077407406604	340.548668278814	0	0	591.462657442905	848.53861541316	112.350167501662	0	0	214.647596308794	1348.15187563268	135.877063178591	343.4467144665	0	0	384.583244516416	115.179542148298	216.994678891767	0	729.481664422168	0	0	235.78725092964	63.2185964062216	0	460.559703880129	482.857818197208	0	0	0	936.923790527625	0	0	310.246362323537	181.187580859134	119.492938961027	0	161.8564473655	0	0	0.135460852663111	1725.99226830737	175.552414895817	195.100830018767	0	657.193910265295	452.942320604971	0	128.026680737774	0	212.698645849164	416.62996877435	17.489946024512	0	0	253.610635499289	154.824990901598	499.60929863342	0	154.19291580176	468.134708098745	1083.44805925607	466.621184996886	117.491688006255	0	0	0	229.887609792376	173.902324628464	1617.68710629548	75.6303664530893	209.765617950289	352.120031330604	21.612074143098	42.8795813461756	1678.13579256483	427.520347931811	121.856358672806	0	0	41.666556410111	0	85.1329865041323	0	379.834103577637	0	1066.50287089051	1573.40365250952	343.372964821777	738.012667977771	0	259.182445480552	85.6434495453832	506.561463174486	464.603998993771	221.280174700178	71.46948386471	0	0	33.9865004617918	0	553.222829923653	0	343.077490719781	0	0	384.887326909446	1416.17847712077	92.8631769677533	0	142.412967304755	693.262672861252	424.930515278342	30.741893811123	200.910696987303	495.713004626113	0	705.50985715025	14.4648206222868	910.201403552222	64.1813271100796	0	424.772096870804	46.5298965539189	327.217150051225	579.578216653732	0	0	0	0	152.730683531852	455.678971507973	899.117055677619	0	0	112.149098450327	0	159.008801137295	0	165.012020554111	770.11347418857	0	670.163681041273	492.502820318778	183.792393491761	100.486568742443	0	0	45.0189097398045	347.386813735983	0	58.2962026265018	29.4300959898394	98.7129860395257	0	67.6509130907278	235.497382149049	885.67727511714	133.988565543182	26.5298705357789	439.705167544622	246.157509347281	0	0	5.42956211741433	0	120.434683505513	1282.33452656392	0	0	709.992820050508	86.8647674426705	427.368863893181	0	84.2478913583082	97.3236406419069	0	83.6128887902765	344.346016540265	340.520854742644	0	1038.20424049796	0	511.124289147816	0	0	0	0	69.6525090898258	1005.97948918396	0	274.409125694229	0	0	0	0	0	397.450625921195	60.7683701890222	257.782828289935	0	357.514147084657	806.888992363254	0	0	372.290859401115	0	0	0	192.705766074547	438.339443818966	0	0	8.87996798453469	0	454.285069075401	234.389781540585	542.694268548297	175.296478364519	681.733679649397	0	0	575.90042736222	277.732438847357	0	0	441.283149573266	405.636992011479	0	1022.27521402315	0	1212.03996541903	210.315971481254	0	324.940241020724	0	234.377374693009	0	1007.71894198729	0	426.084518618174	223.025106457974	222.335535695904	0	0	363.930801377528	122.560345047341	0.461099746510546	670.223581488806	0	168.2492108845	0	720.303827081797	0	381.404364899088	0	974.729505720853	266.804964526993	0	287.515062008449	448.850650576641	124.261300338778	711.487629004987	300.489102866207	0	273.698281788963	0	0	0	0	256.713811806617	206.427415683599	0	275.033421065701	320.726630796632	675.178411077554	331.293974715661	103.180295781205	639.393962061318	245.532164934507	0	374.056337611397	555.505803400949	0	60.0396697958438	208.949019475828	77.3747768991645	117.784179316477	0	0	105.137238689137	0	0	74.0175731601269	87.4862136137121	15.8606444421606	0	22.2503975894328	124.777297075941	73.8811319750733	72.1673090462527	562.011136279878	0	0	0	0	355.537103835884	0	437.389845221141	1293.86958983267	301.447822166914	283.421407813877	0	0	475.854685578978	318.085637197712	0	462.758042667621	0	225.571061140828	210.742088526888	0	1264.08317925282	1008.34349545011	1749.15934882515	103.748028305101	131.822195619872	0	0	0	919.876369665658	750.554906389219	182.099969193475	0	30.8957607214389	421.852034302738	309.99912859846	0	764.657089945662	0	1714.67243693061	539.816267106601	608.917532938894	771.503756939699	0	481.627182386226	564.34226223218	0	254.092710105444	0	312.719038060468	180.706647132892	772.983235610253	1168.17325896799	1860.3155083759	0	0	0	198.010609743742	0	679.773869160226	1085.88703881169	326.149757932077	629.608561070269	52.9881606079443	0	0	0	713.163274804707	89.7664401404672	0	375.219281843382	80.7913163456737	193.064363181964	355.865876560496	91.7118532699472	406.162083159805	0	882.732228963248	0	664.81971373459	0	302.060257855285	0	588.440160775102	771.738122016649	107.133017406601	594.416421733777	0	249.719445347871	87.0495054099459	744.073494432179	430.251889743713	0	0	712.290237646018	0	490.046123297432	145.859541511469	0	93.5419420492311	0	37.9730954208929	7.28887579012914	0	61.3903879558182	629.656552923329	90.9666397209672	2353.87726446122	1259.58917652842	1427.67459591158	168.284862429475	0	91.5188160066089	309.274871540673	0	64.4170282333868	62.2056519425899	172.615622332122	1285.74524466739	0	0	564.026058469648	0	0	146.586550303051	184.580130805433	0	0	0	51.8521544887514	0	579.130684477546	12.4368234121454	261.786774929097	0	509.003323054795	0	0	0	86.9603661599105	1539.29478526347	468.160469798407	495.718667040495	0	449.82183196481	0	904.419469642775	13.9542438383353	404.223840853134	0	0	381.96257536338	183.868610590916	189.430736354402	0	0	0	0	533.430779869142	685.775347612623	171.116558012447	229.512879220078	0	0	0	843.353514406452	407.705339602173	1338.3597667793	727.061037068428	730.502909278671	0	406.790333269782	265.038346843169	442.379113362675	0	602.17394354673	51.9689591760447	240.941176925419	1164.68723174526	920.058854165278	0	342.751447299382	777.902617642404	377.268831359968	0	0	15.7167437486372	1235.58658907175	111.94522483507	26.8452128896942	127.415406526068	164.701672899879	0	1416.75025258215	0	126.436069070091	1147.29210772883	168.822505383961	131.148705260879	409.725251937217	430.65519216029	789.377072916841	151.343476863864	119.573603547036	1067.4656824287	0	113.093066076511	11.3361078502959	321.447328166625	609.973849862179	444.815967638968	141.431087347908	513.269020522255	593.418023854597	0	129.240277036052	177.488094903718	368.185419172133	564.93959381538	318.275293028831	0	0	455.04617638712	1185.66166165173	352.340482326424	91.6245898661773	543.713293284937	0	231.974537109773	0	0	587.770507890995	0	0	0	456.119083847497	0	87.207589793876	839.585273545789	0	0	130.997762825211	632.522218008473	0	152.580097782136	0	251.85624739325	1491.68913574451	868.688759947752	943.252552031105	0	502.298709898876	0	385.387877985369	356.585799613317	0	294.232760931084	754.666904726731	0	9.58952803135305	0	0	438.287313673516	141.901297169008	0	0	0	0	0	0	673.541391407995	0	81.7090529067933	741.032413970689	0	92.383503954052	690.123273355939	0	0	946.28295236023	526.811098336419	0	0	0	0	0	476.245265564215	65.6274943482297	0	11.921845116858	0	0	16.8577315830712	146.739448744767	449.492911998104	375.925977708809	200.22407696641	336.983133253652	375.667009542621	104.22581002752	179.405808209222	42.0478850731755	159.920494961373	0	654.443847193712	326.784325137489	349.136268145111	283.460995561571	0	294.907704108008	0	0	448.966058962012	0	132.130472466665	331.661109713608	94.2566123978577	0	0	457.004469373227	0	50.3631119545223	0	0	169.604685784834	0
2024.53932596463	0	13.0607643809821	0	71.3940524943956	74.1836046075913	83.1353067126839	1438.88339387495	0	114.10996566208	278.853794454555	334.833546991565	0	0	368.744265686605	0	0	0	179.811540271026	121.870702794503	288.560187679464	0	387.351257707891	75.3861450335277	82.30772149175	0	328.290244938643	166.637466032485	742.502451531184	97.6674370017841	424.019702746131	582.08976237066	600.492022517436	0	370.471234268706	0	353.122057213777	104.994264211641	268.447857545715	84.8809475386644	0	74.8788671652176	144.743397867356	1171.7306718956	0	350.897277746058	399.75249533955	554.286623618342	0	290.149359615353	275.17352105263	45.4862308311882	804.119118160569	0	309.73635735002	699.10767362912	1056.57140683775	472.768525922538	0	314.539346084158	177.339029914078	198.390717527519	400.597282169942	60.1383069141934	988.797717242232	0	0	0	397.914354106304	1016.90454015467	0	0	447.854075163834	6.3111612021089	126.18036252025	264.741696400549	0	990.146815419451	0	862.281231654887	285.222349581482	138.768411565055	770.115433792695	202.640365607725	500.188647623863	0	0	701.360364558036	0	161.123755848196	911.399019542056	11.254574955265	241.902227219595	829.821292879864	955.765736350079	0	0	120.499053371329	287.08594232848	413.823490938367	0	297.604569837617	468.257523138262	0	0	0	321.773077132849	496.400739620036	646.828500940109	534.636347000123	787.064362650719	483.522410148433	192.655245726108	30.6310506604847	356.18013264683	0	0	479.77402992972	0	0	28.7129027003823	228.449561814373	240.898478128686	0	0	555.890065990332	568.270562244737	102.40624641486	393.770635617594	228.656411571467	136.787808632001	204.944670627316	0	471.095433641012	358.870557404475	1481.68821888599	222.911375393109	23.8200328279485	0	914.825838474975	418.303224973422	206.915680750941	888.806901696561	0	132.227856127943	0	286.315319306847	0	0	0	115.108283738067	0	22.0914292072588	297.961484180417	858.367668392583	0	81.6206050047636	0	0	33.7480965311845	443.226357519478	190.737358428962	0	0	333.170257500849	106.487765455903	409.364878622918	0	1112.9047001448	450.935598261325	227.941238453744	1326.56060520539	6.61711588336853	0.644153397536555	72.1323039815119	577.220501552976	655.260587258577	281.81532203994	713.122760995481	0	0	167.168135803165	0	384.878497738151	0	0	991.872736818072	977.03268476922	0	253.222653455109	126.431434482916	181.304759454855	813.936980837567	449.826792301663	92.3432934951686	518.714962515042	214.468180327964	0	688.201778723724	0	143.949376354195	262.370604988831	162.769420571829	0	451.08610720616	559.22236479428	753.706833482613	0	0	215.588686850251	197.402743934372	165.89689826626	347.35434688633	0	0	239.202398379432	537.718683729113	0	214.252117262889	440.141456127148	119.624537721805	0	696.421413270684	708.650930225768	0	81.469861072075	49.8646452312723	52.330047056428	310.205699684769	163.48257911978	793.670267768972	1072.50482532496	0	254.167547358529	0	0	0	163.71613046384	0	1965.39110693044	340.226644610533	0	763.733638478498	850.419116114408	0	1319.4378292155	196.963830484279	190.981108566416	543.349123101851	845.122358694563	597.53315243995	289.87255768466	0	184.110640010511	306.961594452475	0	1000.40613062478	0	126.310908225276	1022.00915034394	86.8896419404447	526.695862775042	1470.84412960808	488.296546597362	0	435.043258387456	309.895827757474	1269.01110778338	488.794959721288	101.364461281896	506.84291726054	594.883780266851	0	90.2140423527366	275.079020862707	418.536226788724	79.137974821365	564.073419398366	1047.26802286576	474.499352839988	44.1523283346653	0	328.067906322429	0	57.5910562124523	473.300484251244	286.446957601806	196.65626631767	190.245280368744	1106.71992608287	369.352906005987	1585.11004443564	422.428533617941	509.07277069806	0	1073.1174759074	148.007357763145	899.006628679675	0	183.879071101068	0	2066.58798817848	456.960356513262	0	0	1288.84255223391	0	660.01805742569	185.991854923609	0	149.131900388871	621.412326044028	269.886919689732	324.962858681862	0	1003.80439517998	0	159.566201324122	0	0	136.626105842731	227.636654458058	545.771318587439	0	85.7672513669746	110.138895332332	246.549332011979	317.175499985609	0	682.201301996576	0	0	0	0	0	0	54.8682207636659	47.3507533654348	1366.90854298638	1287.82583869482	252.77495624593	0	0.0584299589723293	0	217.459822926257	0	471.451309417106	0	408.698171241836	0	135.848112759617	198.713209427059	317.13547343327	0	412.076258187047	516.638600436498	102.289315579609	298.510427454558	336.677097803936	0	58.0417681992734	141.88265670637	345.876709534656	199.389179817299	681.373337911399	201.812175684273	1033.80158146562	4.7401493872349	334.140493604458	370.695791843161	134.740030667842	848.845476111419	784.967321414566	447.447057609637	342.953144633867	363.599548218227	0	0	652.514390851724	905.3799894531	136.87714639082	0	0	252.004778514518	1394.58210057332	144.35373284686	466.073759116824	0	0	412.079319326075	115.179542148298	219.751878728115	0	943.88093777723	0	0	268.151416593666	84.4140381082969	0	564.708134155747	626.418930601613	0	0	0	1049.24297928766	0	0	341.751110140753	199.848517333495	148.550014593594	0	245.468050054828	0	0	21.4655118297243	1725.99226830737	175.552414895817	303.530130214472	0	674.463079489136	479.069842835061	0	145.302626582952	0	256.84449533107	416.62996877435	132.886806919816	0	0	313.927327872864	188.631253842083	608.854664561592	0	205.84664866423	494.460762971421	1183.80357545469	486.205500328426	128.209904277198	0	0	0	229.887609792376	190.194464848781	1750.43610783495	106.618949401938	305.504101421738	446.002328316353	34.6063994050306	44.212367356188	1720.0929475662	433.08475856948	174.910096265518	0	0	68.0427900251312	0	218.179750434824	35.1810938336961	379.834103577637	0	1121.88903095935	1776.72855605628	392.509647788047	882.375879359822	0	333.419093681364	85.6434495453832	506.561463174486	516.951114067467	250.451319414667	104.206500510922	0	0	47.491402377688	0	572.342042600431	0	343.077490719781	50.7466506530368	0	426.006968019905	1416.17847712077	115.422879946805	411.010901928316	191.661222849446	740.2846688119	618.323314253226	56.6865487372743	228.006733643025	508.999520960112	99.6843216811612	705.50985715025	26.503889417878	937.693889400389	187.396460458339	0	453.942791467684	89.2087358282233	388.33788028941	720.209759755283	0	0	0	0	166.876868853742	455.678971507973	916.01164758463	13.1244971210445	0	153.752786713203	0	211.551748267861	0	227.944746716453	812.027129385383	0	754.945534147765	575.697182304691	194.512757989822	101.708963777392	8.57171058487087	0	93.4930332424894	418.770379782204	0	170.412382506455	33.3565618714403	149.648605079387	0	88.9529277152197	276.919747404775	970.385738764714	185.903848074912	35.7116090445886	520.675576436817	275.386833031474	0	0	34.79618133523	0	141.651035764845	1282.33452656392	0	0	790.135804291499	116.669387244212	497.809657454491	0	90.0605108766656	146.137295433412	0	215.99752107088	356.425518775763	386.342640667298	0	1038.20424049796	0	538.923009125538	0	0	0	0	88.765281852233	1016.19244087124	3.98208898955236	444.483748450795	0	0	109.848991841455	0	0	446.828953923558	105.262645387367	311.78144370165	0	483.982229201931	875.994992234766	0	0	385.104159468042	0	0	0	238.787326174282	472.444490475119	7.16767349788342	0	26.2034833576133	0	502.327338706969	248.567221864664	613.936470356132	348.313263927284	846.693618666801	149.611061340618	0	643.02698487707	277.732438847357	0	0	494.227008416563	405.636992011479	0	1049.29085031761	0	1212.03996541903	247.340160652668	0	442.245619822945	0	234.377374693009	0	1009.59827768899	0	442.076479208274	241.598094764571	297.281925217824	0	0	425.931343898581	165.743338931194	19.7600573979945	699.996176081444	0	232.724254652448	28.8511040464761	753.656332783226	0	391.092264239609	0	1051.57952212917	266.804964526993	0	310.588441601835	507.237876544766	180.259188848886	778.382292383263	307.952059873601	0	350.690262870499	0	60.460941036627	0	0	311.522060968224	290.505237419391	0	292.452918632755	381.670895412788	675.178411077554	351.280596076621	129.488786900487	747.206594153086	469.415252350008	0	399.003014852754	569.091715558167	0	453.277608560367	256.904633615604	121.376137748172	189.261361015698	0	0	165.443104130155	0	0	181.148258505201	110.188304143939	24.0879882905966	0	25.2587875412966	163.225544309676	122.319081348926	124.918858237801	618.749059201984	0	0	228.880326239905	0	572.056219718665	0	476.224207681146	1293.86958983267	301.447822166914	369.615493464227	0	0	572.025066668233	343.138961087638	2.9572999350761	478.447621723387	0	356.637805318426	210.742088526888	0	1264.08317925282	1008.60551991985	1825.13217486585	124.895327578299	150.796292403256	0	0	0	919.876369665658	750.554906389219	402.014503207129	0	155.055119574754	421.852034302738	312.889622697476	0	784.793105978067	0	1781.22702707047	683.02782212752	630.807210840196	771.503756939699	25.4526094687029	533.461465979666	621.475266819385	0	254.092710105444	0	342.626629769314	325.608841479238	799.793499092421	1282.45050929347	1860.3155083759	0	0	0	360.612055606094	0	698.241978523371	1111.16757416414	326.759527783281	756.540621425257	118.503782346843	0	26.2621049906745	57.3831813089832	1091.91760245625	96.5896798380895	0	425.065510013268	122.472312623178	346.112608260151	426.242363551492	130.319771268504	483.658890993099	0	930.965384027259	0	689.609928130143	0	361.039230173722	8.41932052561229	597.541809680838	771.738122016649	107.133017406601	697.776531640336	10.7229901291162	249.719445347871	132.067067909598	921.070667761361	494.612747365793	0	0	740.008917769816	0	554.422585344952	266.602476104479	41.0400333653437	147.227921832477	0	40.4699727674715	11.0693359931238	0	91.4487277881462	658.451849814468	135.600948461821	2353.87726446122	1259.58917652842	1514.34339693286	193.352357568571	0	167.366832500954	367.07435815666	0	71.4740074808927	101.583825214055	175.329278007066	1429.48799559703	0	0	766.012191693826	0	0	306.663687107051	199.27423240769	0	0	64.5662894649054	102.584624407382	3.45187375039255	678.508117508289	41.1543537662006	261.786774929097	0	583.934034486012	0	0	0	99.9967739072616	1580.06745354599	468.160469798407	495.718667040495	0	593.110518132112	0	930.854355329397	13.9542438383353	537.526727313885	1.60427226395726	0	538.937126322466	192.490456108452	209.871646570506	0	222.293433687412	0	0	549.918795413716	865.380517644305	320.127251552405	229.512879220078	0	0	0	843.353514406452	425.898419086566	1401.4967184954	824.861380799894	1105.84994880856	0	553.296914711735	306.554754113927	467.607799452639	0	660.553955251726	84.2940459174057	318.78876537353	1284.5552393641	926.352625740366	0	350.479982858958	828.658903746931	411.70735400765	33.351258132356	0	40.9291489671402	1377.65865378751	170.214727877653	256.15460910897	176.470546172519	164.701672899879	0	1526.28703972266	0	127.160723718607	1147.29210772883	204.527795337384	131.148705260879	502.965888996911	432.18173727075	891.27194019123	157.758476800237	166.960018460075	1130.76392826301	0	159.239543974572	47.4461191490032	425.211637205441	774.773125473389	444.815967638968	228.962810823259	525.844886160763	646.417544319617	0	129.240277036052	202.20588599706	399.37014154497	671.052228835543	369.846474506392	17.5600781653909	158.968740397638	499.530807986349	1255.13603440744	379.629888546004	123.005837552208	543.713293284937	0	258.72788906405	0	0	605.853035400933	96.5705932560355	0	0	749.817914418886	0	120.587239516733	922.628367990775	0	0	141.230998859964	632.522218008473	129.164637298783	190.774765677855	0	251.85624739325	1509.40355733083	874.841242745537	1022.83931368399	0	569.934514075314	0	401.650515283119	397.092780324665	0	512.426082744792	803.882842511167	0	66.5016436229601	0	0	482.910258680254	167.351726675424	0	0	34.6666387381052	0	0	0	701.343918001007	0	107.905519605809	747.683015024272	0	132.807465285618	692.964736379447	0	0	991.150162521407	554.418423519719	0	0	0	0	0	839.978403609268	95.3850050156829	0	59.9891725117357	0	0	33.266582309184	177.20196815553	544.08691006398	418.924278899791	211.707754660002	371.338458657097	439.587300005657	124.147845423109	257.124031781863	85.5104169802461	200.681411131556	0	715.302533929384	375.221116960598	395.077651830428	315.960357291268	0	298.941377044975	0	0	486.915891367673	0	194.538075002968	380.885053016264	98.5290261854866	0	0	462.569355173219	0	66.6108318872115	0	0	304.494151125889	0
2024.54469035594	0	17.2206089421159	0	99.5862664798958	100.095050629632	103.643874706543	1642.52103695677	0	173.066604461629	298.496173608866	340.579067999312	0	0	505.829346368263	0	36.0626010243056	29.0507727625508	215.142463288612	206.713561095252	304.347780873783	0	463.093558580579	82.8356836223417	95.6073987526853	0	400.139777084301	309.38196319277	774.008120642641	104.660904708214	509.314531989915	582.08976237066	622.697848940208	0	458.497399976749	0	433.485631033336	211.426269272193	426.589669259986	190.435686634642	0	94.0924007866959	147.77885451234	1221.27541549225	0	375.068617292569	480.667575461975	592.936240501741	0	290.149359615353	275.17352105263	57.870697008522	816.281715871496	181.77047798616	331.534734349171	722.898740966952	1056.57140683775	533.575075064934	0	340.130033600297	195.440390453126	323.078628983637	400.597282169942	80.3018619879273	1054.81211106749	0	0	0	423.921087903146	1033.07787738958	197.206538030662	61.6974695956328	477.373122920337	29.6870479407335	199.138048534144	296.14920775415	0	1063.50322408507	0	862.281231654887	439.651923740712	192.16462937726	770.115433792695	237.497995785629	555.193293200172	0	0	764.162604389574	0	183.412981358609	928.940126156577	11.9152546746312	335.129730582154	829.821292879864	1119.73232170225	0	0	140.089873122675	345.171307177066	424.086520481742	0	314.46567144957	504.70362507781	0	0	10.4552585157407	344.074986476599	540.130195471536	729.89197951245	683.891311704328	964.205861550978	539.776645290383	215.834521774737	63.7296329787587	369.795765860459	0	0	542.889111213314	28.1813344588429	0	52.803832803537	228.449561814373	464.712574878999	0	0	560.954667500882	632.4516218583	163.141059980993	436.431183181482	265.408282282658	231.445749751809	399.517710953101	0	494.300609140115	465.289891039395	1566.87465696635	249.756448181768	58.8578168102385	0	927.662815272118	457.017554620567	243.704142457778	906.044970516556	0	137.909435684799	41.1688407686154	320.207884770832	0	0	0	131.731323915471	0	60.6196229920757	354.046657723214	877.672956832	0	239.560413170935	0	0	63.1207953548918	443.226357519478	279.302888609376	0	62.5396969000317	478.702773392748	160.202242015074	464.073901505991	0	1112.9047001448	469.071021796183	227.941238453744	1440.24114312126	16.1585369824296	52.2698501724049	79.6722861177011	613.697556983409	774.043876777334	339.15519412877	856.867959070563	0	0	179.199106262665	0	392.153152500834	0	0	991.872736818072	1007.44953613351	48.748571732152	286.078245054205	126.431434482916	186.298528850723	920.54197269501	450.950992608235	108.164076990686	572.243638378448	225.560706478176	0	690.796871535783	0	156.211599344211	331.929575856036	203.75540511511	0	474.858227683779	559.22236479428	868.057436894029	0	0	422.513490524152	295.223327224651	190.591266146043	444.965978206667	26.1464634004348	0	245.526912224036	575.246665415267	0	309.65921828339	512.811057232708	152.754755630692	20.5543830559876	707.283434298327	708.650930225768	0	109.91247489235	55.3141295675828	67.6634974585051	364.311679853928	215.947413344579	841.96488756831	1181.1807711442	0	301.709087543899	0	0	0	163.71613046384	0	1975.57941791425	355.374652122131	0	954.976702454635	863.058830316044	0	1401.44357496279	247.252491107065	264.134219660567	570.063244425127	867.459664720966	687.008372992519	336.956712261814	0	197.397047496091	349.567331711021	0	1019.66456567151	0	199.659005681302	1197.79002736682	188.665011464557	666.163385282748	1470.84412960808	490.392676324809	0	447.766471317576	387.174962571294	1281.18046014104	488.794959721288	112.822098642198	517.380698194758	605.718284032714	31.6223366514947	151.13134755459	331.034162132607	418.536226788724	151.639505592645	657.238837778699	1059.6112811463	496.910104180854	115.36146797528	0	354.810776466952	126.56197060144	72.8008105045568	557.079857034315	286.446957601806	196.65626631767	342.038956409693	1126.39357319778	479.428796251728	1609.7595512403	477.33898829348	657.504462210222	0	1121.36576769864	180.518340032126	939.18701735845	0	230.466117098387	0	2069.94322855127	456.960356513262	0	0	1363.83928715651	0	684.56865108798	211.175200963008	0	161.732928249143	649.555393190474	307.886587231846	371.09038392802	0	1099.32948837125	0	176.963199940579	0	0	136.626105842731	238.586198575856	559.233533235991	6.12778406756395	129.993489517768	171.118952070531	261.332457470396	346.999831719623	0	813.26583606042	0	61.721572589669	0	0	0	0	95.6923919515162	94.5119489843027	1366.90854298638	1375.18939401696	320.41224672333	0	12.99690013882	0	249.25698874794	0	512.517433237695	135.025460913279	437.829414485734	0	166.119390267454	567.136442024641	413.540203186726	0	455.430725047891	531.133372786856	102.289315579609	371.143288358576	371.612165957028	0	74.8545325947042	158.065728777651	357.217817655598	364.839866022788	708.281617163005	216.493045737472	1035.61203265525	26.128257910308	418.451872647288	455.966682557316	186.133526576343	863.344202302555	857.827736380782	649.172521312092	378.817311942377	388.531834683762	84.7696793934162	0	717.451040460222	962.297628483565	162.42942872001	0	0	289.35667988385	1441.6485921802	153.123639402943	591.513371069738	0	0	439.704442857784	160.784091238814	223.352426922619	0	1133.18409744744	0	0	469.156989052533	105.624934061706	0	668.331459126823	714.985958430551	0	0	44.3338847285846	1160.89985732089	0	0	373.231869886323	218.549854649571	177.606542814263	0	329.439591859385	0	23.5802998568982	42.7734663789942	1725.99226830737	398.71388780251	411.981917885024	0	692.179203187068	500.04995847022	0	162.592322966889	0	301.284855690496	416.62996877435	260.915795537571	0	0	374.106383710629	240.00566451509	720.247386731312	0	205.84664866423	565.727961866661	1284.52716588412	506.870401691723	223.168023726301	0	6.86972833032346	78.7092827248756	229.887609792376	207.565000825666	1883.80696333383	118.021743511629	406.079282941807	539.409630511243	47.5915248338167	50.8273671241229	1762.10468297329	438.69183014502	228.105402644639	0	0	94.4206471369421	0	352.049850561617	73.7474761205542	379.834103577637	0	1177.14851012452	1981.01024286176	426.810149723758	1037.42791393914	0	407.55058407777	85.6434495453832	506.561463174486	571.105863235992	324.9576909948	185.469099937135	0	0	60.9860289194448	0	604.518771536208	0	343.077490719781	240.836044342671	0	467.192080047302	1416.17847712077	137.973747034704	851.6417021753	241.038407766638	741.555577654647	618.323314253226	82.6187543031379	255.087458774103	526.706259763478	274.408401411004	705.50985715025	26.503889417878	944.05351683017	242.967808851105	0	453.942791467684	170.386791395294	449.409200291499	816.675103415209	0	0	0	0	181.030178737287	455.678971507973	932.897828267934	39.2283421514154	0	195.304876247153	0	264.056342285755	0	290.798031319647	812.027129385383	0	840.18930771464	651.978460021873	205.633657785035	103.115332991776	160.359250622295	0	143.326368479895	490.02363051445	0	254.434241159251	37.2837725546833	200.619233086959	1.66619469742319	110.251491994273	309.459956259032	970.385738764714	238.004077300389	44.8966678781842	601.263904566309	295.934820481594	27.3326747458218	0	64.1619664294042	0	187.351977937957	1284.68788263373	0	0	856.505655970571	146.431352843804	510.543892045882	0	96.196050907285	194.826351808239	0	427.302882780348	368.522078802154	432.089461476993	60.5570718187422	1038.20424049796	0	569.79024770093	0	0	0	0	107.879664219512	1026.41106759006	36.214224815526	594.237933470101	0	0	243.187207729241	25.6588151569471	0	496.519120633029	149.794688862027	366.110698678762	0	551.566055021439	944.826423956076	0	0	398.328493711085	0	0	17.4866285731776	286.404289966315	507.053831202745	35.9532110593656	0	61.5259158545971	0	551.594208645091	262.754988999846	685.38565902631	522.410052563341	1021.05553835203	330.004823174355	0	667.227124654307	277.732438847357	0	0	548.910026997459	405.636992011479	0	1076.32501177496	0	1212.03996541903	321.551081216006	0	650.28534044504	0	234.377374693009	0	1011.68764716113	0	458.077463811196	260.417561948956	372.48327055733	0	0	488.037042502673	215.64560134594	39.0458562465729	711.821066310328	0	297.287860681288	144.740121138839	788.65936833848	0	409.411244990229	0	1130.32297126512	266.804964526993	0	317.855108860537	565.488779864117	236.260877021682	833.140913036079	317.767816731632	0	427.698198885336	25.5308594194665	147.717716346359	151.235194711053	0	366.406701143411	374.666685030932	0	292.452918632755	501.049070416067	675.178411077554	371.263784906149	155.796033543216	786.276742060835	510.309587360874	0	496.641655558464	582.681650644293	0	708.624666453699	304.753568619125	172.922869488078	273.103959617023	0	0	225.603710563783	0	0	281.453977452901	132.889808126415	32.3663096225505	0	28.2673306878903	201.672587802	170.882412165671	208.640631709515	633.883908849568	0	0	483.100641743779	0	790.239090461654	0	515.348100399182	1293.86958983267	301.447822166914	453.45366935333	0	72.0159588489989	667.685399914459	368.175857212698	6.2040571801157	494.404756791791	0	488.834499727115	282.090633095102	0	1264.08317925282	1008.90454029715	1922.37238686546	146.051667062732	170.41626161509	0	0	0	919.876369665658	754.751677913217	596.315663293601	0	245.805229646339	421.852034302738	322.347620938016	0	805.667497380863	0	1848.47693156032	825.178022333248	652.745725250181	771.503756939699	68.7178642463974	585.313022052981	682.943713769221	0	254.092710105444	0	344.838932589746	470.304683152786	826.963506318666	1282.45050929347	1860.3155083759	0	0	0	365.661726501494	68.2018072248681	717.145946835005	1136.44058405122	326.773066289284	816.048403054885	183.801574383797	0	65.9461642462892	126.955422985986	1452.25933014646	103.413259438358	0	474.86884803005	164.098286218661	498.00636809436	445.723171755259	168.851847910125	561.487312066927	0	979.143162905344	0	730.617938550631	0	420.166722710401	37.7761104925386	606.796378289256	771.738122016649	107.133017406601	801.684758067529	59.1953101800144	249.719445347871	164.643826702936	972.54412199097	558.804405078206	0	0	767.713620772372	0	620.584073165351	391.526742977669	110.869170401961	200.807767457987	0	42.9669508089765	23.6719817296264	0	121.462987325269	687.271733780024	180.342883175222	2353.87726446122	1259.58917652842	1601.33397015957	214.48817416772	0	243.366408188161	424.881132923094	0	85.5941419868992	140.964453477235	181.512781513697	1488.8482460216	0	0	797.531960366599	0	0	487.488517809657	213.138753989746	0	177.880271553957	146.728390610769	153.206103619619	19.0266729622811	777.697043054857	245.345315356267	285.12531725601	93.5129849785112	658.490424971393	101.965018627295	0	17.5847389130489	116.499111730068	1620.77924740126	468.160469798407	495.718667040495	0	735.421213848532	0	1014.05036700753	28.6624284986099	671.902595459461	130.500892159531	0	696.699649611256	201.145188337041	230.325230160551	0	456.075645855024	0	0	568.04969437042	1046.58201679532	468.991600964254	229.512879220078	0	0	0	843.353514406452	444.591395030287	1464.50362857705	923.528351215106	1193.02123230498	10.8595858319519	711.015700419874	348.11136085182	479.685111267897	0	718.997655726494	99.3354431553527	397.432727835049	1284.5552393641	943.947280887333	0	420.590341689054	879.626134145021	446.207131573278	127.588477362502	0	66.1169950815096	1519.41618857958	227.408918987479	256.15460910897	225.440420756855	164.701672899879	0	1635.86535660089	0	154.665878939104	1147.29210772883	240.16490634805	131.148705260879	595.758339315411	433.708359848133	993.310860591324	164.173369651195	214.236269052508	1181.19383179711	0	240.668261196802	103.213948777641	534.043967305217	889.556631513175	448.881967381222	316.746004784571	538.504845785797	699.545717721229	0	137.119604295583	241.570650667105	430.51978007224	778.246755529411	422.643089504516	40.0024494164822	334.423696962219	544.088688102756	1324.39346688207	408.887783462122	159.85195924229	543.713293284937	0	285.446446486192	0	0	629.20561761811	126.224393507463	0	0	749.817914418886	0	153.992071454476	944.034274886788	0	0	141.352871599167	632.522218008473	208.945477416137	229.012691203267	84.7641427021613	251.85624739325	1527.13778825348	881.018856974354	1110.15936113059	62.3878305127609	637.570056835776	0	406.646624533721	437.519609042506	0	744.618944452558	853.206087148943	0	123.575830424172	0	0	498.029037411212	194.148892871202	0	54.222133390159	101.487063139016	0	0	0	729.258150180114	0	127.932132100067	754.334205852959	0	222.349354884197	695.810057274413	0	0	1036.11616956039	582.018252870905	0	0	0	0	0	1223.26997421861	157.083265980829	0	117.998974019535	0	0	49.6882121525789	207.692964585618	544.08691006398	461.843788261898	213.262501738116	405.693581719158	503.3671767452	144.061131630068	335.143862470773	129.065556559873	241.512878298385	0	776.367725200146	423.623259346479	441.089050635061	395.291447236903	0	302.989309578609	0	0	524.93102410912	0	256.981438520502	429.975383854801	98.5290261854866	0	0	468.47036542838	0	82.8585517296328	0	0	408.335948208066	0
2024.55005474725	0	21.3800673027342	0	127.765347244524	126.040967412409	125.256941026564	1701.4114015411	0	257.823537788306	298.496173608866	347.067418963389	0	114.777320831915	758.916841850925	0	72.8209277285639	269.298964556043	250.524383183004	353.551345437147	326.280051011182	0	463.093558580579	90.3871046571544	109.197278377801	0	471.726558464868	451.289579044191	805.565435088101	111.652672594582	615.040621241717	607.21261730257	634.372626757494	0	546.18249517468	0	515.472054633121	317.54540818512	584.705971364695	296.526416664057	5.50070138322377	113.294258772565	150.851370006191	1270.9777499549	0	399.284408167573	561.925631873681	631.547261039257	0	342.089860407561	275.17352105263	70.2589538653804	828.898650474854	258.779983257461	394.068912845354	723.07881749458	1075.17324503867	594.182692505409	0	408.056813425592	302.937468818983	448.549412130753	400.597282169942	100.478115879122	1122.30461427757	0	0	0	450.327251886341	1049.30581596886	725.002972873474	130.393818819114	506.930941278726	45.582109069805	335.326156834632	328.104143899753	0	1136.91011868012	0	862.281231654887	598.313416279931	241.92062066422	770.115433792695	272.301610783808	610.345409274913	0	108.980516244227	827.017152522758	0	205.703872148988	946.602367080036	12.5759581851202	443.564048566425	871.376052067944	1284.58595870438	232.818969236618	51.1299725711958	159.691055780813	413.235995424047	435.83268507594	0	393.431747031348	541.204346581456	0	0	57.2967115020641	366.663773040783	562.327779591495	813.112373084137	803.394508557215	1045.0344579723	595.86162452507	275.681756781964	80.8391651727909	383.452025694423	81.4112300745381	179.757543577846	608.835220991485	128.275058797787	0	52.803832803537	228.449561814373	787.95640006298	0	0	562.931716849625	658.287883427471	224.103187092947	440.593918116104	302.383275009749	326.392125289599	433.954136926476	0	517.662663727439	572.057640903063	1652.41872392804	276.638150524989	188.126418291414	0	992.094876423754	495.7328743147	288.584246932321	941.167806067377	27.4292935697705	233.403790350928	82.9537523037427	342.285719161215	0	0	0	148.35421911619	0	99.0701981922655	410.191855276642	897.67232342967	0	398.474070408376	0	0	92.4560984244531	443.226357519478	368.206410335158	0	176.189927177855	625.222927717003	160.202242015074	516.88622871392	0	1118.1549073709	487.209803695152	227.941238453744	1461.98989515552	25.6997856903743	104.040738218664	87.2092583670042	650.216250256161	896.059061707685	396.489354632688	948.479536961316	0	10.3868280707743	191.235277922491	0	400.107772452886	0	0	991.872736818072	1035.88588097797	72.1861943816864	318.890090209091	126.431434482916	191.295759530437	1027.2397998067	452.138135884585	131.403560915673	625.801406250847	236.662760817958	0	693.59503151962	0	168.804154192962	446.654640390346	244.65940808449	122.292535090836	498.893072321944	559.22236479428	868.196730172851	102.114992752826	0	502.989720819323	393.358462030346	215.25207516998	506.214674984405	89.414609244116	52.1563088710961	254.496202184185	602.067638700646	0	437.359859455143	586.570468919549	185.906364840442	63.5460919454624	718.461903770204	708.650930225768	0	138.385808637323	60.762115469238	96.9186607338154	418.475163889441	268.753295493798	890.66934968953	1290.34696639998	0	345.880308844877	0	0	87.2531798966592	163.71613046384	0	1985.77301444059	371.04594027973	0	1148.80258823368	875.746975407263	0	1483.64615304925	297.405490343998	337.108763486065	597.547451054303	890.130578628909	771.737169905252	384.046017611452	128.077250597853	210.706454129054	392.178586059614	0	1027.33718059998	0	273.294300173026	1291.96531156101	207.772052790838	818.920892008097	1470.84412960808	492.49667409151	0	460.682367936446	473.735601893339	1293.41376742816	488.794959721288	124.307568386138	528.392379880622	618.162345622158	279.031447899197	212.256843679731	387.080202497381	418.536226788724	188.287570916542	757.233339174977	1072.14909315136	519.314716395101	164.931042321957	0	369.375436649626	209.684549614341	144.578349904673	642.31028239804	286.446957601806	226.088644221273	359.452588874227	1133.7898221066	590.105043220964	1609.7595512403	533.063854075292	806.921893409673	0	1169.69146148117	213.083498231585	979.408315816676	0	277.076256301643	0	2073.80086425453	456.960356513262	0	0	1439.082604173	0	709.532816236968	236.378972471701	0	174.333003710389	652.977260323972	375.805540924447	498.160936140056	15.2660691705822	1194.98791560184	0	180.210826910113	27.0378890983799	0	136.626105842731	262.705271337254	724.80287919591	56.7431436105687	138.719942192057	321.098321976184	276.110907952692	374.437301722751	0	844.071673994323	13.8834303088197	260.057836736548	0	0	0	60.0932128167698	138.110436149459	141.927263987468	1366.90854298638	1437.66440017141	403.457636551288	45.0910601498655	25.9267752091164	0	281.002225776813	0	571.002562897727	294.769082257394	459.445517175442	0	196.414679319847	1120.19828128083	517.1992870795	0	494.485740278494	531.133372786856	103.892912741102	501.732332207618	406.602416612835	0	116.256561673723	178.144858686884	368.797092908676	480.04910546244	708.281617163005	344.119401588457	1037.44407122858	47.4997175177863	418.451872647288	541.589322637409	237.529944648767	879.581742300641	1014.86490436114	663.429556399696	414.66982503301	395.732223399744	97.4626331658865	0	825.253586088589	1019.27258356269	188.596723226413	0	0	326.703086807735	1489.27949546178	179.158663366095	718.259063520084	0	0	466.318372188116	208.145980211633	251.072149267855	30.4041077732164	1162.60600021919	0	56.009844381705	668.022800593508	126.85122381772	0	771.418972510112	714.985958430551	0	0	78.8831248889619	1271.88018901459	0	121.801467234746	404.688457773785	237.286051612317	206.662398366609	94.20680389353	413.76565330855	59.9989030438312	113.461716127471	64.0592370223971	1725.99226830737	659.179050735246	520.372783430105	0	700.885793741981	501.725623450426	71.656695190335	188.383229306447	10.3956929277368	345.864751010478	416.62996877435	584.335157364935	21.2097187768227	0	434.146098369699	295.346346450014	832.917502204291	0	205.84664866423	644.484388515673	1385.61175291499	506.870401691723	314.350276870564	0	50.3752964627205	160.079688933918	229.887609792376	243.272637024457	2008.1131580783	129.432689433365	508.925413633841	632.333987558249	60.5674288706091	92.4041851256137	1804.16320626657	444.339946364999	275.873473641564	0	0	120.800120697655	3.3472740782842	486.724401568266	112.246713627773	379.834103577637	142.590713358691	1232.27761814296	2186.19797130816	461.428024471263	1199.57094096011	0	481.506696729646	97.840712366666	506.561463174486	602.384323050625	400.466963594928	271.426397952942	0	0	74.4703547781483	0	643.021299658283	0	343.077490719781	429.410210607278	0	508.442175762109	1416.17847712077	160.515742342903	886.138292815526	290.54337375857	742.826537656768	618.323314253226	108.538426502105	282.152735519186	545.507510616548	449.869016132812	705.50985715025	143.870544418899	944.05351683017	451.888472068866	0	453.942791467684	276.573169764342	510.426189370061	816.675103415209	0	0	0	0	195.190594460167	463.585465102028	949.775383938327	65.2958601118215	0	236.804915583102	0	316.569837544357	0	353.570630601657	812.027129385383	0	925.629265296523	651.978460021873	217.092430391721	122.92433580929	311.060738831227	0	193.413165950917	561.144271168376	0	338.390422903116	95.0218852188236	251.624574111355	14.7018540800247	132.954352870721	349.389027986804	970.385738764714	290.19903547517	54.0850412303477	681.464570424651	571.441529396307	129.268160127998	76.2021821197003	93.5269128154487	0	266.486918710465	1291.8824073821	0	0	872.022549156412	193.509875084917	510.543892045882	26.8193241659437	108.407382424166	243.389721099603	110.399656896324	449.492908870193	380.634681882008	477.760686899053	276.176077324112	1038.20424049796	0	635.335505284415	0	0	0	0	126.993853315884	1036.63497440681	68.4119149981301	653.661785054463	0	0	376.519848524251	76.2154273233363	0	546.418183336221	194.362543903995	420.653710461196	0	568.186801790509	1013.37673567987	133.179359094701	0	411.922119518413	0	70.2734032950959	154.241269249204	334.84629536296	542.060416863046	78.9194206836622	0	114.669107374172	0	641.737124003694	276.953056504132	757.037206287172	697.548555322212	1201.54885332947	513.445810125261	0	667.227124654307	277.732438847357	0	0	604.815364543158	436.731240802175	0	1103.37640058965	0	1212.03996541903	397.224324954538	0	864.28263270464	0	234.377374693009	0	1013.98614350417	57.7469025103421	482.188012869644	279.432116343019	447.936126113498	6.21942472823327	0	550.246267963828	265.485478995303	60.2280408948936	720.667969010809	0	361.938372364262	224.801372714717	825.117857008181	0	424.872729666924	34.5865388725737	1210.65137780463	266.804964526993	0	327.335164816155	623.590712507961	292.266329386665	852.664349475919	368.851203322835	237.510785276565	504.71959942456	187.047786942282	235.061901498863	495.393398758322	0	404.756895988285	458.908421356582	0	292.452918632755	512.43370071267	675.178411077554	391.243507293035	182.101939877695	802.665861928605	554.977095161712	0	635.818440542554	596.275592932201	0	758.100948595278	352.494838815259	226.99686614803	356.644144077422	0	0	285.617527341034	0	0	323.642374386407	338.145915803196	41.3206175771611	37.1548196341314	31.2760269018997	240.118145933385	219.570018669201	422.70250957781	649.501133759919	157.717953511472	0	740.226778996231	0	1010.01476933755	0	554.691972121452	1293.86958983267	301.447822166914	541.036828062033	0	134.348708984443	762.826564796167	368.175857212698	9.45033062953126	510.604994246767	0	621.94056844035	417.753502881587	0	1264.08317925282	1009.24047980944	2022.86380206832	167.216999281253	190.484538076515	0	0	20.6515280358202	966.540067264967	761.466427444935	705.191137449975	0	295.328645267394	421.852034302738	336.612683469448	0	827.223738108682	0	1931.10881525202	966.238409018462	674.729438152274	771.503756939699	112.079674920215	637.181079964222	744.081502696558	7.04453802135278	254.092710105444	0	344.838932589746	614.766785114662	854.452732199927	1282.45050929347	1860.3155083759	0	0	0	366.744272365173	137.731392663326	736.453937333882	1161.70584738949	326.786642522715	819.330858053463	248.878986514065	0	105.553267680447	238.262399925719	1505.12684867099	110.237177188783	0	495.979838445537	205.668737694882	559.493759308814	465.299631071899	207.307540002756	639.566056492865	0	1027.26489680842	0	785.343393431051	97.2642475151098	479.441113707275	67.1191344499462	616.197340596804	771.738122016649	107.133017406601	906.13084718593	107.774970345478	249.719445347871	192.635405349004	991.653509741278	622.8217484518	0	0	767.713620772372	0	688.097338002231	517.698346224397	180.937752759947	254.280441854233	0	45.4640294616462	424.515485822772	64.4393265024643	151.432916748691	716.116023810677	225.191570073373	2353.87726446122	1259.58917652842	1688.33728304769	218.989732294563	0	319.515572845613	454.38210735493	0	103.91251430198	180.3475200856	196.617297274131	1565.93485466961	0	0	820.158118336153	1.16110888995233	34.7840630510211	599.507438217002	227.108520141152	0	364.162739571879	228.524876727006	203.715564005489	34.5886033359718	876.681737827301	454.154193200743	380.110440877508	366.800508670083	732.667400558219	208.20949191049	0	54.2411794262787	151.196858078255	1661.42903545127	468.160469798407	495.718667040495	652.139254189139	742.892671962504	0	1077.12509265747	59.168222041646	806.864434753585	260.380982150246	0	855.22367799327	209.828895273007	246.309639086838	0	604.81044169467	0	0	587.66278389353	1088.36372450764	617.568864870313	249.829892955908	0	0	90.0421879621888	843.353514406452	463.71930548977	1530.78845415828	1022.94109875558	1193.02123230498	59.6015905379226	873.945515457344	389.707722588838	491.760177521856	0	777.504008248165	111.864555826598	476.296367999613	1284.5552393641	961.671657199186	65.449710007176	478.99137636273	930.75963921047	446.207131573278	276.080653489451	0	91.2796287589821	1660.84636830146	269.903063188597	256.15460910897	274.324204501644	164.701672899879	0	1745.45776891311	0	196.813076515822	1147.29210772883	259.360382004371	164.509238902692	681.386797957651	433.708359848133	1095.48827673743	170.588155292712	261.401289143697	1182.74580381104	46.798081794434	520.067675692613	152.378878292309	645.279853761108	1057.80175728291	473.074984135905	404.776342201915	551.243524510328	752.801192581535	0	180.461072122083	367.111250240452	430.51978007224	778.246755529411	476.305527589075	62.4552716620878	510.790027086058	588.69649320311	1383.83611753602	439.728441639682	176.205240853759	543.713293284937	0	312.130031312798	0	0	657.267167094808	175.774712473144	0	34.103751573813	749.817914418886	2.4743717618632	187.421885443727	982.631426517414	0	29.7044724417793	141.476386147718	632.522218008473	305.634044533163	267.293521812534	229.669962712772	251.85624739325	1544.890310947	887.221072088142	1203.52044948528	191.712370656694	705.204089615911	0	410.159597951216	477.865655218971	0	983.400874457938	902.635671118937	0	180.810422985046	0	0	513.785537606116	221.81368012989	0	173.262081198328	168.386968371746	0	0	0	757.27497837048	0	139.090817451722	760.985976280662	0	312.067658584728	698.659188844123	0	0	1081.18017393228	613.205299151687	0	0	73.6616855402798	0	0	1606.22533705494	218.958218382713	0	198.314178629245	0	0	66.1225815144937	238.21227134576	545.520307282183	504.683912158385	215.873215452395	440.048501239083	567.004818079114	163.965637837827	413.104546587373	172.712584137125	282.414349590268	0	837.606414691514	471.989803000322	487.131179912493	395.291447236903	0	307.050937917646	0	0	563.010999383998	0	319.44800145964	478.930921853878	98.5290261854866	0	0	476.127495595753	0	165.455718338931	0	0	477.836847463065	73.2280290543986
2024.55541913857	0	94.1917170131002	0	155.931230807598	152.021190413069	147.492058408914	1760.38487188701	0	333.263077954686	298.496173608866	367.288777656789	0	144.027949557728	1012.94615960603	0	109.649792423046	509.542346776871	285.956976351493	500.739029590713	353.17717495665	0	463.093558580579	98.0176409437804	122.977658456447	0	543.046984229278	592.268634892552	837.165325826252	118.642738610339	721.045573560698	639.621440550817	637.776661981899	0	633.52108945259	0	598.47537965286	425.467335529721	600.139155518616	403.142725232423	73.0614914631803	132.484392902554	153.958686900901	1320.83145650464	0	423.53799929398	643.521645155066	670.119379599206	0	369.542459954265	275.17352105263	82.6509910784784	847.15914919543	258.779983257461	504.698255871463	723.264649459893	1089.21720598098	654.589105080874	0	502.699860260059	486.206289739549	467.990108239018	400.597282169942	120.667023247795	1191.06057413517	0	0	0	477.074649975318	1065.58643188543	787.984828131741	134.472124842774	536.527320013116	57.1803587862157	621.043762780611	360.454712576137	0	1210.28152257055	2.09138533438944	862.281231654887	758.737933876225	292.04513180362	770.115433792695	307.050879363858	665.61782716824	0	124.855168372751	889.917446491677	0	227.996379842304	964.379297019913	71.4336412971643	557.830587085119	926.729133142095	1450.09163770971	543.921210087265	72.0090255329828	179.302555678772	482.643169323909	448.947233795368	0	393.431747031348	577.759326074423	24.1871810382124	0	104.06558441389	389.483888443083	580.081458271175	896.484600908305	807.601018941707	1088.12821785049	595.86162452507	384.331327332387	88.7252642583262	397.145422514462	232.054899357771	365.706539802742	676.853184733266	228.535708020138	0	52.803832803537	228.449561814373	1294.40776567488	0	0	565.001070499706	684.269041283635	242.702851567494	444.763337879803	339.503435921865	434.095090071562	433.954136926476	0	541.15715803001	679.166110062646	1738.23118302683	303.556299388394	317.919565082925	0	1056.53253530419	534.448906003028	334.89554089249	977.766412204232	89.6289369598942	424.432455285275	124.639278376948	400.053623431972	0	11.1236047575296	0	164.976968834602	22.3687342506249	137.442617946673	466.31783901976	918.314400631711	28.7407755884146	558.332735217911	83.8922406602727	0	121.753810162012	443.226357519478	457.442473438209	0	258.554849056442	772.704395507009	160.202242015074	516.88622871392	0	1216.59672619841	505.351916296151	227.941238453744	1484.06680335638	35.2408616770395	155.955469918201	94.7432165368857	686.776133898203	1020.00999518729	477.5837948761	1027.20864459596	0	31.242658640569	203.276639169039	0	408.70468796801	40.6326291714087	0	991.872736818072	1064.28287834858	142.458427724566	351.657936970488	126.431434482916	196.740690825553	1134.02442117817	453.387778820328	156.843363947666	679.387539416028	247.772974175371	0	696.593833812996	0	181.657621441503	541.951894855541	285.480812107841	132.033493416174	523.157166207298	559.22236479428	868.36554060084	258.827463028657	0	564.892687619609	491.801378966964	288.683328056897	532.561102101115	152.588198044973	156.764570445871	263.761854865286	629.583533066314	0	566.32708586273	660.967115056279	219.079190479949	106.618314763685	729.943414466165	708.650930225768	0	166.88968901989	124.399503302424	113.379872982132	472.643711288718	321.667079691631	939.730126004033	1326.14257517531	25.4776257262323	368.042059385485	92.2397038345256	3.87295726681372	185.997495747389	163.71613046384	0	1995.97175027813	387.176940402355	0	1344.50706038582	888.481118758512	0	1566.04213212878	347.421557746118	409.902446583085	597.547451054303	913.106460428778	814.914450657154	431.140434374529	204.905583314085	223.852915974994	434.785499082282	65.5924184153302	1035.27192644751	0	347.212999180135	1375.11810961309	229.723770477676	904.165210544172	1470.84412960808	494.608443839995	0	473.7751209486	565.115701563786	1305.7091917842	488.794959721288	184.096135299444	539.847038307622	632.111307634036	526.41864391787	273.588238139557	443.216185024726	418.536226788724	201.583569327965	861.880435962392	1084.8753894137	541.713163555812	164.931042321957	20.1032074017418	369.375436649626	241.111613215634	220.756076498455	727.894340678199	287.720621618797	301.753528507501	377.564822612081	1141.33851709927	701.369690684884	1609.7595512403	589.323805425546	957.298775353274	0	1218.09346930479	245.698435466311	1019.67022559376	0	323.708986128207	0	2117.23409435624	456.960356513262	0	0	1514.55624353103	0	734.873345027485	261.603074167547	21.9632409263462	186.932124730913	656.426572894367	447.878628173117	637.38430353756	31.1728844516796	1290.77612109053	126.281684433373	183.461770671438	64.8209280936862	51.3602258620058	143.818199766814	296.736367971812	1129.71760548047	107.254709239836	138.719942192057	476.47294808235	328.582561537361	402.724056553363	0	875.733362410472	467.054947099422	551.090665982356	37.8636557243409	0	0	140.574406474479	180.942043098408	189.418666337005	1366.90854298638	1437.66440017141	423.212101806444	171.684046932322	38.8480349101772	0	312.694574751242	38.5805460853629	629.821077771601	351.394628352641	516.354251891174	0	226.733842889943	1138.51242979108	624.815175495401	0	541.281728697873	531.133372786856	133.612878028065	632.497948532449	441.647515466702	0	167.984244565067	200.950181616371	380.591281187478	503.465977139338	708.281617163005	489.032625546666	1039.29758701553	68.8544658513139	418.451872647288	627.558313719824	288.929259865992	897.463784473079	1026.22568227861	677.776831317141	450.510599513794	400.404707757436	149.979666030674	14.8729045337474	933.032373680258	1076.28970238791	215.159983301087	9.89661087913856	0	364.043785486919	1537.41101288362	263.450253210935	845.687806417328	0	12.129192281135	471.705889373883	255.465240732042	281.064736948663	178.153719019859	1192.04865026711	0	178.993484680295	864.662642932508	148.092847025673	8.10371109797339	845.569299683144	769.73358803035	31.4392332492812	137.536855920928	92.2911604199244	1319.29695243392	0	186.772852712423	436.120689593851	237.286051612317	235.717455968191	167.609308186065	495.221802323685	122.595993443072	202.987811358218	85.3227360429484	1725.99226830737	917.315649602781	628.672495861845	34.126590156739	708.612006808093	503.415275118478	159.987720539971	242.348623025412	72.9439142338382	412.437348996339	416.62996877435	927.576419019036	24.2660059783053	0	494.044757222021	387.574012506944	946.397606153035	0	205.84664866423	692.822276970135	1487.05032924094	506.870401691723	375.0805821688	0	93.8932835669241	241.638884998082	229.887609792376	281.474918380884	2022.78860661852	140.84968823441	554.350181683016	724.767358608711	73.5340899218679	178.344530814572	1846.26137671357	450.027560446945	327.300587777882	0	14.518250678431	147.181203660926	27.6165072910304	544.582134347247	140.915226370208	379.834103577637	361.994954162559	1287.27304044086	2253.30982600882	496.310575300476	1366.74026654762	21.7865744213834	555.253057706452	120.010854909163	506.561463174486	604.244723581489	476.423226624571	358.798230732542	0	1.60063377358432	87.944354603516	0	686.701951160354	84.8229009238457	343.077490719781	616.417788783938	0	549.756770186128	1416.17847712077	183.04882995121	966.556117542967	340.174979197829	744.097548805667	618.323314253226	134.445481180567	349.870824906021	565.293530063899	626.039067859227	705.50985715025	268.992991296777	944.05351683017	684.089960360757	0	453.942791467684	383.510344470606	571.385501864517	816.675103415209	0	0	0	7.0357127112601	209.358097327972	481.888154364236	966.644113464209	91.3268761151801	19.4144628731639	278.252451668462	0	369.058922375572	0	416.261294916539	812.027129385383	0	954.196177591013	651.978460021873	232.31323196607	300.703138134957	460.646666296264	0	243.550270265438	632.129995168952	175.859226366022	421.173848832512	159.209257407792	302.664332557306	27.7356218252929	154.757805049672	389.236318552044	970.385738764714	342.45326247896	63.276723300181	761.271935303764	866.965795314835	167.160830228338	183.851604420772	122.891015908481	151.666277095624	346.291348907959	1299.15119494281	0	0	872.022549156412	253.778749252175	510.543892045882	71.9430983759817	120.628412248608	291.826308189499	221.334373173984	473.189719967002	392.762434957676	523.355683517235	492.951275718603	1038.20424049796	0	716.264311091923	0	0	57.7064643977692	0	146.106971438122	1046.86378130941	87.014689659251	713.605611754519	12.6408522312314	0	509.836487418849	119.613695579942	0	596.457072389904	238.965286342829	475.346462781157	0	603.817612263539	1081.64008918057	318.234610766335	0	483.035250155086	0	430.777592218718	290.870858557318	350.171837578374	577.382095060854	89.9834946134899	0	167.956702156436	0	731.393693177776	291.161397980933	828.887222907257	811.846209180732	1299.55516591916	708.501581959007	0	667.227124654307	293.146694780175	0	0	661.591321115898	502.200049376514	31.5895116753373	1130.44383552962	0	1212.03996541903	473.514804658609	0	1081.7707508657	0	234.377374693009	0	1016.49273738954	398.803808845472	697.457662939108	320.916488744605	523.637071666563	43.1797518471166	96.6307456877684	612.55739633782	315.226476732242	238.696207276126	729.58216088992	0	426.674137803505	229.429295897885	909.479684836479	9.26763764764513	424.872729666924	218.771619295933	1277.64366922394	267.656984975383	0	338.851982748615	710.303085386431	315.424410915809	875.419702066839	423.651973161603	495.242666130034	581.75227383466	348.307920202728	322.492241739604	779.761966482569	0	418.373590136591	543.2271145451	0	312.84829273428	524.056800592746	700.743304435411	411.219729297253	208.40641004869	819.525665223543	602.618521531293	0	776.885645858022	609.873526718273	0	789.018880960639	400.127453373465	282.201743136208	439.856384834321	0	6.47896187411736	387.659709568859	0	0	366.819751008818	584.520074062897	63.3413041002696	90.6256977243807	43.8652903184822	278.561936989136	268.380801766164	599.28026085489	665.568087087452	164.993227609507	0	800.747591874001	0	1231.3136256902	0	594.20427397556	1293.86958983267	361.890525767249	630.800098200424	142.563215133031	222.417395955413	857.439327014675	368.175857212698	12.9863632250888	527.026524842013	0	755.876277256338	559.842560548274	0	1264.08317925282	1009.6132576821	2122.90916722313	188.391276823892	210.874871316946	0	0	42.5497506056683	1015.47240112671	770.363121767325	815.205676699542	0	328.424872641831	421.852034302738	355.091881174561	0	827.223738108682	0	2014.21249485756	1106.17998153593	696.755153659371	771.503756939699	155.537291874131	689.064869023362	767.916088479385	35.4709663216023	254.092710105444	21.6043674022526	344.838932589746	758.975014197148	882.225287965862	1282.45050929347	1860.3155083759	0	13.4255675313805	0	368.062114514027	207.405037157701	756.136670802839	1186.96315357906	326.800256479015	822.667584904566	282.389489092312	3.97954179613082	145.082838021997	405.858231740578	1558.23411384463	117.061431337157	525.783355032687	501.312728100187	247.183187261946	610.067194961535	484.962155391402	245.686302024134	717.847760124426	0	1075.32991425741	0	851.174604902995	395.980572177707	538.860791441564	96.4482718928161	625.738455848454	771.738122016649	107.133017406601	1011.10467214859	156.461010172895	249.719445347871	262.491235197408	1010.82262094764	686.660752545461	46.4280202792235	0	767.713620772372	0	756.673707699656	548.801135501021	251.242746640933	307.644901824067	12.532978140609	47.9612086418067	713.910417592004	118.828557235831	181.358265389543	744.984539138713	270.146139968661	2353.87726446122	1259.58917652842	1773.87318791252	222.552135626862	0	395.812363938634	469.674095123047	0	124.569884980879	219.733008393827	229.305725628497	1647.23266731454	0	0	843.744819174708	68.8348464373604	66.832134081731	599.507438217002	253.662004112	0	508.060776161139	322.86492535098	243.187759016657	50.1376284610342	975.450657808854	664.902650662778	480.829379921186	605.313800521052	806.459821070198	291.429271006923	4.66901297842508	90.9628887887317	193.726172375104	1702.01573788873	468.160469798407	495.718667040495	966.91715323213	742.892671962504	0	1136.76200780739	90.1367767905227	942.195561320714	391.219759624235	0	1014.48303763584	218.538273435986	254.974188483521	0	604.81044169467	0	0	608.606370338395	1088.36372450764	765.813711587195	298.246594774686	0	0	201.923815513371	843.353514406452	483.226155368982	1559.55006475107	1123.01753546181	1193.02123230498	108.413882436371	1039.66330223597	431.343395790233	503.832887727273	0	836.071978801731	124.834150434406	555.127187127501	1284.5552393641	979.518715225254	136.578166450356	478.99137636273	982.02376778182	446.207131573278	425.309948033362	0	121.321716407472	1801.9361864998	307.582419172411	256.15460910897	317.739167548492	166.341182965121	0	1855.0415398332	0	245.747674594765	1147.29210772883	287.249711397689	239.961881772666	686.021491494515	433.708359848133	1197.79864078233	177.002833600887	308.45400874264	1184.32627766735	136.59060253375	834.172524322785	216.672331871959	757.765888455945	1226.78601884735	497.26735831766	493.049529901864	564.114804179436	806.182623759113	0	203.662320448969	495.256431150939	430.51978007224	778.246755529411	515.767523227271	84.9184918245365	607.762925344104	633.337330385097	1407.7556225326	493.623840375209	177.965064417763	543.713293284937	0	338.778464938169	0	0	689.463317936457	232.681372387149	0	117.718484301286	749.817914418886	146.952900453454	220.876481778352	1036.77980799294	0	190.100302872245	141.601538276039	632.522218008473	407.170942567357	305.616905998243	375.585943760573	251.85624739325	1562.65967327031	893.447370203603	1255.11684784576	320.272609654253	782.297661119797	0	467.966413212505	518.130285262697	0	1226.82735760771	942.551089391082	0	238.203765759323	51.8578781396756	0	530.12411108675	250.065747395496	0	292.659095631693	235.365484728219	0	0	20.8803097161691	785.386530595814	81.5376839938224	150.254920903474	767.638316430385	0	401.930943183153	701.51208459606	0	0	1126.34138017732	671.097557870972	0	0	216.011086416966	15.1933566416871	0	1684.77206360891	281.007908644344	0	248.156225473054	0	0	82.5696508706418	268.759722238085	552.959530128871	504.683912158385	219.499502444615	474.40321601698	595.424751308139	183.861333206768	490.871898417288	216.450784019748	327.613389073741	0	898.994120755763	520.319886932547	533.178111021906	395.291447236903	0	311.125725851581	0	0	601.155361291473	0	381.932629711691	527.750479925976	98.5290261854866	0	0	486.594837735963	0	295.901772045492	0	0	735.715211450574	139.760598019395
2024.56078352988	0	169.417147423518	0	184.083853120462	178.035555613144	219.07843687862	1819.43778814145	0	333.263077954686	299.58063030131	399.030006104574	0	184.483895429841	1147.49622381183	0	146.548726522635	749.734826963109	321.439920700804	648.207135212354	383.962892386269	0	463.093558580579	105.710881332167	136.887835845344	0	564.142862843377	618.553248051751	868.800010800255	125.631100703553	819.691382104383	671.976523673228	643.744905548487	0	720.507699639482	0	682.176429452754	543.513024280694	600.139155518616	510.274319947985	81.7101301615441	151.662754883353	157.098702159351	1370.83104877957	0	447.824153360117	721.040412706138	708.652289379292	23.0665587591414	394.537303547665	275.17352105263	95.0467983336215	933.352304969169	275.613828437012	783.568394423807	783.519044158627	1097.74745384891	714.792024027772	172.181918268484	597.495914844151	676.786752751089	467.990108239018	400.597282169942	140.868538812896	1260.9072496122	236.702723586275	0	0	477.074649975318	1066.09285965551	833.949640397017	134.472124842774	558.642201908013	79.1749443361171	813.370899333468	388.299806939486	0.529222337935338	1283.55016297287	31.2713655227398	862.281231654887	862.90694354306	342.337468631162	770.115433792695	463.505163700842	720.991353516591	0	141.276301124892	921.009010956593	17.0122515918407	250.290456066735	982.264892892463	128.23854520192	632.873738940762	987.533673665527	1616.10003660058	549.16312429835	155.259224146664	198.924327213038	552.801928024529	463.315551713979	14.7712481771408	393.431747031348	614.368203468277	106.288353044202	14.1017751697325	150.761238439495	412.491590955881	596.993400778844	972.495080136592	812.306320463869	1131.14834905399	595.86162452507	493.489885276023	97.8498542707327	410.872919136329	317.441339583549	536.757283952992	725.777694743893	250.90466843004	0	52.803832803537	228.449561814373	1633.89732032941	0	0	567.161675200327	710.381159500617	261.786011756367	448.939261500763	376.721255935096	574.411910951547	448.362871699043	0	564.763592750394	687.26347199131	1824.23857781668	330.51071224958	448.20784900925	31.9292158064646	1120.97395847387	600.008426497058	382.08269613177	1015.66058824839	107.178561961766	626.35893199838	166.224662005498	475.443676000132	0	72.2143377174081	0	262.142659366807	52.3610127854538	175.73634279194	522.378868978805	918.314400631711	168.844513996618	719.108013277723	217.935477402775	0	151.013734310453	443.226357519478	547.005680638697	0	282.378995279758	897.837733999468	160.202242015074	573.212059424149	0	1346.05798333291	523.497331947748	227.941238453744	1506.45602439142	108.797045624476	208.012706202394	109.070253005475	686.776133898203	1145.1403434904	575.426180311544	1113.21998137135	17.9412989075779	52.0832226578258	215.323178399577	0	417.90624157408	72.5732775681159	0	991.872736818072	1092.63987616207	234.710245613767	378.651933933474	126.431434482916	219.95616777848	1240.8897934812	454.699457030134	183.583116605604	733.001311826741	258.890211319832	0	699.790721035857	0	194.719648485784	603.182975420383	326.218997158112	141.820494418812	547.622630797154	559.22236479428	869.418445543639	414.246394080118	0	623.271914560693	563.709479194339	352.124522089934	532.561102101115	215.666100421622	261.784148437773	273.294341463591	657.713474322474	19.050238722649	626.366557978291	735.727534168644	276.865021130978	178.617732917692	741.715002666163	708.650930225768	26.2468673648861	195.423943218922	203.499150463256	138.894401977857	526.786103232657	374.586376269233	989.103730526568	1326.14257517531	69.0684278586635	535.760789848882	253.312221288634	62.5676793800546	260.941559852011	163.71613046384	26.7390652660939	2006.17548198159	403.712518352882	0	1395.39054004735	901.258956828689	0	1648.62812081133	397.299414898767	482.512954924303	607.745273489605	1033.613448633	864.929581243931	478.239923177104	336.815397449224	244.419274152227	477.38165120886	128.408079228071	1043.46349141586	0	424.686899468537	1458.43659069528	256.411239187917	904.165210544172	1470.84412960808	496.727890775516	0	487.030399981539	659.126283336022	1318.06495409282	488.794959721288	236.863058224506	551.715191982954	647.45847543386	609.911404527737	335.123254846068	499.441156198383	418.536226788724	214.497071194124	969.846040655077	1097.78428002437	564.105419712133	164.931042321957	59.843521473509	369.375436649626	272.60046463039	297.031608486726	813.79920740401	424.049018438646	411.059828762131	441.51768169071	1149.0366615193	701.369690684884	1609.7595512403	645.934430497742	1102.16303463011	0	1297.48530307258	278.360673506369	1059.97244881588	0.561762980457708	370.363804577175	0	2213.87237264526	456.960356513262	42.9988704943051	0	1590.24638429942	0	760.557363446769	286.847410938212	350.825028700354	199.530289267953	659.902934722866	519.818488519316	776.653863220114	44.3974231520109	1343.93632126063	327.173220770083	214.925130923077	159.153827700955	123.459078486527	157.56251070119	337.638944960945	1129.71760548047	157.661485208452	138.719942192057	632.221169983857	554.507993315299	431.698190431	0	908.145104567109	467.054947099422	857.159681865323	77.1026606664379	0	62.0080201988041	222.952093658465	223.898516134566	236.950465329166	1366.90854298638	1456.62803303015	438.966856655726	420.773137197983	51.7606590186173	82.1335031549086	344.333315778576	114.971237352604	688.910822456052	417.326174721055	573.388493742118	0	257.076744375479	1138.51242979108	707.498990439426	0	711.44501376309	531.133372786856	266.276441427834	763.427559129387	476.747129262368	0	212.702497145412	225.651807041052	392.579539147937	530.581756504531	708.281617163005	601.564665796212	1041.17246929026	71.2298235842853	418.451872647288	713.868313615032	340.331447200061	916.89417741799	1037.65181296695	692.209136312382	469.940718914743	405.083430860782	375.567808667308	30.2476865680002	1033.22494745297	1133.33668122983	241.993469361355	84.4863215248043	0	401.378561915425	1585.98640977984	350.553908154947	973.494241312228	10.9264690706358	145.501581573895	477.208354544565	302.707343733258	312.683860121816	178.153719019859	1221.51191510042	0	301.247975455348	1058.9947253072	169.349743430927	64.8401355941906	864.085242145631	870.17361992919	349.196996125338	290.377136898826	116.382342026416	1365.627483109	0	186.772852712423	462.44167945224	237.286051612317	264.771590303298	167.609308186065	575.008000629246	185.219990038561	292.152907801773	98.3067891282043	1725.99226830737	1172.36107375328	736.864857901748	143.807670243788	723.592486349423	505.118779789969	248.625549798842	306.398697844051	128.954161421117	498.666297380843	416.62996877435	1248.40770436626	27.4344358924382	0	555.272024175201	486.163094243205	1025.35390976728	5.82722904813449	205.84664866423	758.635653841751	1588.83595663349	506.870401691723	435.99300213809	198.85011464659	137.42329759937	273.037762532901	229.887609792376	320.205323877017	2022.78860661852	198.541719745789	557.818341383787	724.767358608711	86.4914863587269	280.73834859838	1888.39263426192	455.753192179595	392.821920311882	0	59.2953760329702	173.563888979539	51.8810304639542	589.87385363638	157.7731309982	417.303514882254	361.994954162559	1342.13175761047	2253.30982600882	531.418399187809	1537.68793228335	92.1266330774162	628.769957610114	142.204705800581	506.561463174486	606.113686695287	516.048172827298	446.816500877638	0	23.9080506086593	122.198725522187	0	734.557463822547	356.577023390271	343.077490719781	801.806258931025	2.25694678651685	596.350009736957	1416.17847712077	205.572973905304	1049.04364405417	389.9320891013	777.739927034466	618.323314253226	160.339834033907	432.24954028084	585.964037610859	802.89171630965	742.029035298846	414.700152659565	944.05351683017	825.652686148229	25.7901990743567	453.942791467684	452.704508280859	632.284603213989	816.675103415209	180.768887296024	0	0	44.385994649635	223.532668673129	515.257004052465	983.50382726363	117.321214713467	79.325273162478	319.647029845001	72.1981154213445	421.506510553652	0	463.780886795505	812.027129385383	0	956.546254767705	651.978460021873	265.153362419071	359.608581989636	556.601036231616	13.4466124480278	293.672585393421	702.978483786747	361.724735409521	421.173848832512	193.594279962676	318.420484422461	76.6626650712976	174.015019010483	429.001206479813	970.385738764714	394.749950139373	72.4717082917862	764.943471485329	1168.58435640223	167.160830228338	291.062050166605	152.254271121545	279.057659572305	396.437061057562	1306.49292227811	2.33290512902753	0	877.626090470972	313.968799288782	510.543892045882	119.798842351832	200.83916672863	340.135011487071	270.475982150074	498.190542095793	404.904548796452	568.873814744654	590.00812867646	1038.20424049796	0	799.263972068274	0	0	95.0086036631014	0	165.218530874789	1057.09712250308	87.014689659251	773.989406178459	107.982284882238	0.227818857732855	643.126677933637	127.568759894446	0	646.587724868405	283.602214314009	530.150862840929	27.2657247387826	651.564866049174	1149.61113221536	517.013310262941	0	595.11848830588	0	430.777592218718	436.11351284466	363.403716125148	612.954994647012	166.388212527433	0	221.168243465754	0	820.554779155445	472.102811972865	900.932276692157	811.846209180732	1299.55516591916	719.317408069146	102.766239689885	667.227124654307	335.361495217221	64.9553600738618	0	718.992657659828	567.718541443706	98.7485108567013	1157.52623847553	31.5623988487121	1212.03996541903	550.039359175332	0	1301.8421140772	0	234.377374693009	0	1019.20628054742	546.375045765108	915.186637028622	344.45884254601	560.325611598155	66.300736737346	201.901827603655	674.968808786092	364.851413188053	491.541125546705	738.56119332124	0	496.744320939635	268.81877585605	998.388022902684	25.4162488465184	424.872729666924	308.107786227959	1296.05274609752	305.30063498966	12.0543135150197	352.214524874312	806.442615980447	317.606312710206	908.933353663651	423.651973161603	495.242666130034	658.794155213175	509.292993135081	406.072196924846	799.256579496268	91.3085739941781	419.167984824975	627.619437104243	0	420.868279620561	535.902922005943	871.82053193278	431.192416947625	234.709348172085	836.829482464148	652.618634289875	0	919.062856768901	623.475436319647	0	814.747157313567	447.650416272179	338.027449908955	522.728216647754	290.02921389993	97.0409449928603	593.384482712139	27.600680586373	0	410.644720813451	828.68224912676	123.968104261272	181.041187877837	48.3296877030679	317.003679137936	317.313668998443	616.302500771972	682.054255256287	164.993227609507	0	800.747591874001	0	1373.67342019185	0	633.846037448811	1293.86958983267	430.728927064401	721.924537076914	289.06177743471	315.757332987325	910.213712918456	406.159594070043	49.6513658512026	571.348182405495	0	890.598389101048	703.801404012979	0	1264.08317925282	1010.02278917459	2222.485350728	209.574452345481	231.503712233851	0	0	121.980750938869	1064.67031500989	903.404019859959	926.051549552083	0	328.424872641831	421.852034302738	377.152936173608	1.50039358696347	827.223738108682	67.5618208194603	2097.44329813821	1106.17998153593	718.820052353514	771.503756939699	199.089969580172	730.07093807358	815.429713014216	63.9304411958757	254.092710105444	91.2738036278809	344.838932589746	771.968478172232	910.249340773581	1282.45050929347	1860.3155083759	357.396811020259	59.019764596987	0	369.61273531652	277.220388581973	776.167254834776	1212.21230138372	326.813908153639	826.057872643924	297.299520780878	59.4111328544279	184.534295328018	461.190619674913	1611.55403240102	123.886020131351	1082.08095444254	506.646766559291	288.641159356503	712.742801347806	504.702596133799	283.98758611193	796.302497109757	15.6564590549001	1123.33754102914	0	925.770105430002	487.397485438872	598.424154144698	125.763402110156	635.413761521885	771.738122016649	107.133017406601	1021.19808201608	164.736597894429	249.719445347871	349.188839299028	1030.04862535735	750.318007133959	60.5845313983785	0	767.713620772372	0	826.114485080879	548.879412612151	321.781141951175	360.900097991774	205.911034835972	104.042777581613	738.672063294668	228.402711464661	211.23878172379	773.87709923176	315.205728256581	2353.87726446122	1259.58917652842	1859.71280085518	239.565849963286	0	472.25482645059	485.629419053711	0	146.562720916809	259.120901753183	285.437528363764	1732.22593922263	107.198079379816	177.825035643125	868.205337275701	136.342945049229	87.109773753669	599.507438217002	297.655196955717	0	619.482560862519	502.339387141594	262.057874982956	67.8622787020579	1073.9944791336	774.124599081166	480.829379921186	935.609180880628	879.862500143285	365.858303666769	25.9563788423523	127.749420687834	236.60560270869	1754.25520379254	468.160469798407	495.718667040495	969.716131845826	742.892671962504	0	1197.67458483085	121.213919494691	995.728126299003	522.992720161897	154.540302022424	1174.45183292853	227.270515629492	266.406940109618	0	617.893681416453	0	0	630.73975318745	1088.36372450764	913.698455837677	347.047225911193	23.3668543816804	0	313.810017506555	843.353514406452	503.063669623376	1564.09012405234	1223.69908583904	1193.02123230498	157.295774296201	1207.02747784036	473.017937827745	515.903141035119	0	894.70053595667	138.123248459121	555.127187127501	1284.5552393641	997.481869194758	140.041469714622	478.99137636273	1033.38970825464	446.207131573278	575.243727513987	0	160.144959212038	1857.81254724377	332.315133466524	300.606473024449	385.54283632871	200.552436130223	17.2779228967126	1964.59730478758	0	298.059652083193	1147.29210772883	346.041458298508	660.725387628479	714.033849473854	433.708359848133	1300.23641219521	183.41740445153	355.393354023184	1185.93510688459	174.563714076845	1099.42120284883	285.866038495687	870.929432910788	1396.44692018064	521.459031829475	581.561307863845	578.52693302436	859.688672396657	18.0997113796821	210.042646867883	624.132477495373	430.51978007224	778.246755529411	520.37648152548	224.817666342658	610.116128264522	677.998632806425	1431.91793806981	642.344547152207	180.353420793439	543.713293284937	0	349.285611435837	0	0	725.243961838777	292.664647152997	0	201.634121985546	749.817914418886	291.595482831657	254.355661199926	1104.44889462242	0	352.808359688223	144.548809390382	634.506357633195	510.512906975039	344.697091005321	414.482122048292	251.85624739325	1580.44448499045	899.697245803297	1260.1292786438	408.461445415132	960.304076904383	16.7959323230847	473.201652116414	558.312862521896	0	1474.10897620565	942.551089391082	14.0333969161137	295.754213059254	120.804738959581	0	546.993769246434	278.733215170443	0	412.40183342515	302.42174438238	0	57.1227364625303	122.074740580278	813.58596901743	190.633720359737	172.94196918124	774.291216710884	0	491.927516915938	704.368698729983	0	0	1171.59899690381	728.988526779504	0	0	357.488216894475	41.1476303338093	0	1684.77206360891	343.23039733573	0	434.679749508397	0	0	104.242019670451	299.335151549972	560.702654388267	504.683912158385	224.089395711371	502.275691325111	612.040578001914	241.87965426021	568.382902973573	260.27944447963	384.2537824582	14.037612657071	960.512210744759	568.612700105962	579.211973534175	491.631750545355	0	315.213163202262	0	0	639.363655821256	0	444.43239931019	576.432864255067	98.5290261854866	41.3873549753613	12.9407248530584	497.756267765625	0	377.254514883779	0	0	735.715211450574	178.683450018927
2024.5661479212	0	192.5734929279	0	190.972657087776	204.083899521757	369.092893414767	1878.56677569896	9.47761870152795	371.225521783385	333.673434972855	495.086911167124	0	233.807719841116	1240.99117290007	0	183.517263634956	989.830102252879	356.972895646722	795.926493887437	417.746554819078	30.5005728938318	463.093558580579	113.454740485954	150.889021485346	0	564.142862843377	618.553248051751	900.462772467374	177.301194828925	902.169582100833	704.277544298638	652.203014205671	0	807.136789370067	0	766.391692580108	661.64264252812	600.139155518616	614.909508540446	90.5181557736409	151.662754883353	160.269456625784	1420.97165031526	0	457.961752421596	721.040412706138	747.145682400447	93.3590141432272	419.562467184862	275.812277269083	113.660597547427	1018.81688474915	377.125589809528	800.734638882691	937.739572704347	1106.68279739237	774.789144934539	190.665730787032	692.423095388398	678.515725822261	467.990108239018	400.597282169942	276.933405567219	1331.70454682056	520.555987414142	0	0	477.074649975318	1067.36586464584	880.673272072815	134.472124842774	584.840602690077	126.493273321149	833.433403690521	408.366468229561	104.219022151235	1356.66238445962	60.4752129965311	924.357647760783	907.762288833007	392.698892706614	770.115433792695	517.477769994189	776.451959758388	0	158.078725338693	925.575663579896	45.2525863938491	272.586052458944	1000.25352304429	196.009304646774	703.290903395443	1052.70510506966	1782.50819105208	556.889521746549	239.745466487736	218.55632484624	623.381499635305	565.4675067401	40.5575884574326	425.533700880226	651.030620160524	188.127889130974	50.7057575549749	197.383032515279	435.65206949282	606.21987799195	1042.3496646184	817.501595640516	1135.98940709095	595.86162452507	588.4857865776	119.368916751939	424.63186043963	389.595687911172	621.818400534241	782.080043693234	250.90466843004	0	108.664408272145	246.941837005347	1659.15075531141	0	0	569.412449391494	736.612190975659	261.786011756367	453.121514377948	414.006179200247	715.071136812772	477.714644393693	0	588.464665367986	687.26347199131	1910.37977419572	357.501207101702	565.414518293381	80.646375067066	1178.06864576232	822.447927189563	439.762884559874	1043.11407246894	120.142253484939	655.375155945843	207.709142298755	525.345435731463	47.3442335153093	133.452232247144	0	383.158324573771	82.3878496768787	243.756006502024	578.346428345288	918.314400631711	309.610159827789	880.771945207943	352.693374791369	0	180.235673935718	443.226357519478	636.890686985371	0	306.945132232085	965.117039429272	167.2472483207	665.705452978612	29.513922904327	1384.8950341127	541.646023011748	227.941238453744	1577.09425692693	195.871650942859	260.211116532914	190.786731014494	686.776133898203	1270.98122756255	673.712800147843	1205.08747086226	66.4906135473006	72.9084609966016	217.672378720384	0	427.675335715423	76.3244092554089	0	991.872736818072	1120.95626595007	331.535157111232	378.651933933474	126.844737142862	255.637552374734	1347.82986816578	545.464842940323	211.139961262794	786.641998028722	270.013523157962	0	723.073309532864	0	207.950287536731	719.062916638319	366.873340551725	151.643501908658	572.26610375708	581.670877721321	906.826681185965	455.640672917888	152.844104239494	681.598515210765	581.917823661996	352.124522089934	560.138349606197	278.647183003699	367.20689521568	283.067295846558	686.388000684915	170.481530389072	626.366557978291	810.677183129602	288.781725014892	315.385474527201	913.829141483917	708.650930225768	159.326671596462	216.923049797199	285.695834493828	165.107509151781	580.88244761651	393.145495080105	1038.75449019077	1326.14257517531	112.744803941052	640.033598083358	307.950736796231	121.371405247614	260.941559852011	165.428939652571	127.009621676289	2016.38406882643	454.576414729259	0	1418.79035364351	914.078307306386	0	1731.40076292061	397.299414898767	581.66085868635	631.020450616943	1115.74687065277	918.29547301026	525.344444635722	535.463616412707	278.886534963852	519.962652002451	128.408079228071	1051.9065359564	0	505.639080357655	1541.91550299114	286.55236013966	904.165210544172	1470.84412960808	498.854921354277	69.4629250180175	500.435224576901	754.617173953181	1330.47933208799	488.794959721288	280.590861425435	571.630825826482	655.071053234132	642.438705027591	396.859634167591	555.754165876596	418.536226788724	221.669762398582	1080.28494120555	1110.87005419493	586.491458892823	164.931042321957	99.662048522007	413.78019373126	272.60046463039	649.137241338774	900.00254565261	504.461889509478	492.830192178239	522.670124251615	1156.88127968332	701.369690684884	1609.7595512403	702.769526221025	1139.9898084843	33.5517906433619	1379.18863660849	323.347368752384	1100.3146881948	110.97105772602	417.040210193006	0	2311.40763628621	456.960356513262	116.930083794911	0	1666.14110943225	0	786.555784571153	312.111887844168	461.609012731197	199.530289267953	663.405954558395	591.623306618761	915.846477196195	147.080354477285	1343.93632126063	528.081518533693	271.374706172171	251.361688655497	195.619309888318	182.49415877869	383.168024630373	1129.71760548047	207.962470843893	138.719942192057	763.77741088037	784.327029060066	461.234818216444	51.327675256089	958.671691136338	467.054947099422	873.535333005924	116.325951992472	0	157.646625346923	305.81401087907	266.875956190111	284.510698376237	1366.90854298638	1482.83006634053	454.713175493976	589.796163964534	64.6646272833007	224.223801507136	375.917866335325	191.674053920955	748.228560775886	488.740750938662	630.54684325491	0	303.820689242097	1138.51242979108	722.81687462114	0	815.119527431198	531.133372786856	458.518033477467	894.508778231701	511.900925795752	0	226.455471673747	251.687618139325	404.743188891787	560.851400932584	708.281617163005	606.820425993849	1105.05437906478	125.658906792329	418.451872647288	800.514035887353	391.736481620656	937.776741275347	1049.14138361086	706.721653320786	674.086345007198	409.768198031951	464.967822387625	45.6114009383706	1060.660717685	1190.40338597016	269.020461450116	159.081711273553	0	441.356854075771	1634.95513935706	439.060682354826	1101.50882903391	26.3264741035382	234.869866320701	482.822047792153	349.855943339096	345.489488441278	178.153719019859	1250.99566296674	0	317.049365354683	1250.93659228748	190.621852877886	90.6123215636527	882.585052820026	970.555398484315	514.998179743029	365.74635896318	151.369501229675	1411.90885264864	0	186.772852712423	462.44167945224	237.286051612317	293.82467602326	167.609308186065	655.666418776721	247.87059579363	380.951260527984	109.1760057774	1725.99226830737	1396.10857123402	844.93868087769	253.128052212181	745.339764793375	506.836004430302	337.565005721464	370.32663470342	190.19620211537	593.334447707229	416.62996877435	1291.82484831773	30.6803336701269	0	661.200258713091	585.01324664504	1043.11072702239	24.1726335947993	292.177716437381	825.534590870192	1690.96176468959	507.252528049421	497.076813233911	355.240635273021	180.964946825633	275.055520830352	229.887609792376	359.283086698627	2022.78860661852	268.89649820367	561.290480904565	724.767358608711	99.4395965182959	382.704895064859	1930.55093731385	461.515425065964	466.547714269623	0	91.2612760751696	200.89826589402	130.756550775125	656.423229417381	174.634251545078	425.57806458533	361.994954162559	1396.85098433245	2253.30982600882	566.721470668418	1604.73953251278	98.548631997353	658.230295320902	159.44175657569	506.561463174486	607.991137532163	548.973318028332	503.360867184129	20.5728391813524	46.1863808130265	145.163606719322	10.4433652330151	785.749478731936	626.053053543371	343.077490719781	985.521921982158	12.0754549937164	683.527806762976	1416.17847712077	228.08813822012	1133.22457885526	439.813575115485	902.360899797029	618.323314253226	186.221400608883	516.014179740742	607.428225314364	902.344091216619	795.385225549213	600.413505591131	944.05351683017	830.280674079639	121.113759199486	636.352350825826	455.328563137525	693.121410144102	816.675103415209	373.569947299787	0	0	92.4336380300666	351.010664178961	626.732929557348	1003.86717873855	214.917638040468	139.235899735703	360.988193837775	72.1981154213445	473.90274599526	14.9589668901187	463.780886795505	812.027129385383	0	1024.40601666383	651.978460021873	298.123265584302	370.081449356441	586.577569050433	67.6986593413984	343.752571432387	773.687405815336	549.010867960393	424.561192355941	193.594279962676	334.610905181998	189.695519793738	195.329662624175	468.683067329777	970.385738764714	454.86442049976	144.111072630072	766.818968443168	1473.37669262011	221.143568628338	397.698236604366	181.616673870533	312.930792269549	817.461687829694	1306.49292227811	6.20001581954476	0	893.378888805149	374.042338534706	528.20885137244	168.792219053707	228.765422154154	388.314722920579	315.446305525932	524.320383854383	460.799938312539	614.314440808513	618.193129885526	1038.20424049796	0	805.144026741429	48.8394696999149	0	129.79056431309	0	191.714483322155	1067.334645747	149.347712292983	830.231337672955	203.450724472292	44.9404664370049	776.379945599404	195.363367062605	0	696.775628358998	328.27269788433	582.916978645223	399.673967143367	708.76784191565	1217.28484932863	716.824959716816	0	706.794477352974	34.0254933216843	430.777592218718	591.381185188615	376.653529873715	648.728836527454	281.092925908694	195.350221905553	271.581475263961	0	909.211638671413	692.106607645494	973.169233742504	811.846209180732	1299.55516591916	738.773672995458	109.710816800025	667.227124654307	383.363337518744	132.778452749883	27.730026914883	776.844220354621	633.285210450493	181.780448880407	1184.62262277929	220.782782438352	1212.03996541903	626.599620590712	0	1432.6173759331	0	234.377374693009	11.0504280790615	1022.1255095575	696.236478371342	1132.27016443645	344.45884254601	572.442660968286	129.317615662649	307.342432256312	737.47889141348	414.350787526435	744.567253336962	747.602717612007	0	568.335285999864	326.182287653489	1086.85054783286	66.9737538997531	424.872729666924	397.040487450326	1314.50243132276	395.576744763228	270.866601943229	367.229663496225	926.479698666598	333.859236360324	942.667986407284	423.651973161603	495.242666130034	735.843234596397	669.984594861298	526.879640302429	819.29532588596	422.434699177228	532.894576053251	712.08206496471	0	540.638341377049	547.957667261767	964.421070565577	451.161536244641	336.546749322025	928.073082348507	704.508092186579	0	1061.97295408358	637.081306075078	0	840.464809496934	495.062726279972	394.247246841426	605.251185028246	396.271674800936	187.979913599478	774.781176184702	56.919517993142	0	454.903237468156	1070.52892554601	188.139607211946	275.146212692329	71.6296623516288	355.443090419773	363.951311520564	633.493862139114	698.931202914593	164.993227609507	74.4775043094036	800.747591874001	0	1428.7221166698	0	673.58727430877	1293.86958983267	501.058872587093	740.62929272667	346.186446807091	410.893155908093	910.936805590579	475.296339602917	88.3305604577558	706.883679283255	0	899.616483885384	785.968792785702	0	1264.08317925282	1010.46898561871	2321.57120496834	230.766478568485	252.313958224791	81.1727044789285	0	215.007152811784	1067.77863465559	1049.07089029464	1037.54661489227	0	328.424872641831	421.852034302738	402.194237458836	22.0766907355556	827.223738108682	133.920799817261	2180.72753701617	1224.73958209886	740.92163688523	771.503756939699	242.799764663078	791.169133435294	863.153316801308	92.4227966216539	254.092710105444	117.046563593511	344.838932589746	771.968478172232	938.496604967188	1282.45050929347	1860.3155083759	373.10165854201	104.504309555456	59.3248104991009	371.393218316466	347.175104887237	796.521011327172	1237.45309795486	326.827597541976	879.048051461747	312.211857079622	114.714104512345	223.907056980179	540.15611091818	1665.06274981411	130.710941820133	1551.54294882266	511.981876764239	330.042178876613	834.60859207676	524.513985664312	319.5383243765	874.910045512723	108.72559601242	1171.28710011445	0	956.977757293364	488.232756442369	658.129609934251	155.064404186844	645.217565446783	771.738122016649	135.610214476075	1026.56869380908	164.736597894429	262.958065472097	436.238339551944	1049.32888864849	813.790467615518	104.389092138307	0	908.857835062238	0	870.511893519335	548.957691607776	389.491540144927	414.044974764866	310.615920580186	272.269479679895	763.811576332823	353.625261977296	241.074213374836	802.793523793898	360.369474909361	2353.87726446122	1259.58917652842	1945.85013771174	256.574865378992	47.6834410927943	483.971476693559	541.600330623828	37.4405032051863	169.355979212775	279.724196790344	324.920260731191	1820.46844308032	124.531807083717	319.800301141972	893.459642445066	182.094990328688	108.64255301587	599.507438217002	342.298212928598	0	677.828924308632	714.111120714281	281.031740878086	88.6702577718637	1172.30513497555	852.408792019562	480.829379921186	975.200784022508	952.870205310782	443.265153691538	234.97431774755	164.60033065762	279.668609394989	1810.55788006056	468.160469798407	495.718667040495	972.515448673233	742.892671962504	0	1259.6269181379	155.537821460704	1034.67197189793	655.675635018817	327.851101369849	1335.10443075119	236.023222292725	319.359673630524	0	651.555666779191	0	0	653.934187824375	1088.36372450764	1061.20058173476	391.152781767811	91.511591213547	136.333347012172	396.428177007764	843.353514406452	516.259161102747	1568.66682637716	1324.94210246658	1193.02123230498	206.246581868207	1375.42977775219	514.730906963056	527.970845129818	0	953.388650757433	151.650647746684	555.127187127501	1284.5552393641	1015.55495491042	143.524386593917	478.99137636273	1084.83390389668	446.207131573278	713.3366466064	0	202.847336551561	1857.81254724377	358.109832574659	358.862054383275	600.619818270235	295.42165334887	38.0259331849466	2074.10816324603	0	352.17344490345	1147.29210772883	412.017870738827	668.130890789362	718.58358103643	433.708359848133	1402.79605554467	189.831867721429	402.218247312603	1187.57214369779	216.188294433511	1099.42120284883	356.95731882621	984.454150319682	1566.73899887065	545.649946550641	670.307448525277	594.441802649704	882.789772071156	54.0796554862056	216.92080046302	753.130738149909	430.51978007224	791.590616758719	520.37648152548	376.649800963667	620.876671125205	722.670828335234	1456.3125817491	789.32271310686	183.345514159221	543.713293284937	215.132490456248	471.214275910465	0	0	764.106011410839	354.148098833459	0	285.846206590649	749.817914418886	392.387973419539	287.859224896589	1183.55311943401	0	515.600212303164	169.97418679725	667.603732405111	551.595783439163	401.147970522719	448.39605187751	308.199620942265	1597.91966993508	899.697245803297	1265.1861543763	408.461445415132	1136.34474067841	550.698211701153	478.442940436167	598.41274727808	0	1699.51233179566	942.551089391082	32.2127581268671	353.460129021971	189.510293276835	0	564.348013522697	308.151860708695	0	532.479015895438	369.554881330565	0	87.2015626787696	222.771489167849	841.867324763359	300.133804616719	213.499494188887	918.215097920381	4.12738764775872	582.050218355445	717.030147127039	15.6318934945629	0	1216.95223678213	786.85111761278	3.36620361866991	0	498.07001524867	70.7849884769232	54.578930317921	1684.77206360891	405.623759100512	36.3251056324606	463.462484360501	129.598171511226	0	127.893312910857	329.938394056098	568.737089042777	504.683912158385	229.582495543656	502.275691325111	632.305976520279	503.18969372345	645.602663786236	304.197857745542	429.486920395774	37.1471778299768	1022.14617025589	616.867461141461	625.219987488096	740.000622038582	0	339.910309656333	0	0	677.635430852155	0	506.945234932182	624.976874294376	98.5290261854866	221.089564114201	26.6934714456266	509.563064775132	34.5265311023617	464.966046984432	0	0	735.715211450574	220.455888937166
2024.57151231251	141.074084319772	219.535322660717	3.26528050823485	230.587257194344	314.604991566372	517.8893503882	1937.76870255186	26.9643819436492	423.778938643812	383.663194138886	598.357804880124	0	286.361479143668	1334.65556839826	0	220.554939544961	1229.78153589553	366.484374271572	943.876843262542	453.829565749539	41.1664067062629	463.093558580579	224.921657459337	164.955386281129	0	564.142862843377	618.553248051751	932.147779408348	314.859180494898	984.856405286724	736.524178654905	663.051793480779	0	893.40276864526	0	851.008064433684	779.476487848795	600.139155518616	703.186315635373	100.015871675476	151.662754883353	167.311852832523	1471.2488958627	0	465.654365649582	721.040412706138	785.599249484368	121.764160439963	444.61279594433	370.470506178991	174.131395893525	1102.93428042669	479.120490211165	817.965639781	1093.58917326403	1116.01302124008	834.578147674402	201.922484167357	787.467938814629	680.267839132037	467.990108239018	451.1486339809	380.577375047909	1403.33793051302	809.64591034664	0	0	477.074649975318	1070.51951688757	928.053857062985	134.472124842774	620.932999760173	174.377234880075	854.19282106124	428.843727776441	207.335503634112	1375.66311136964	89.702792211063	1210.54991557045	952.823867422438	443.075138640896	770.115433792695	574.530364253194	831.989079444096	0	203.965555831148	930.302937320056	63.8101852790902	329.38179770095	1018.33991873782	303.196734892499	774.906773596742	1121.34810006467	1921.15146266713	579.841240534295	324.768579727992	238.19850310179	624.988147576579	734.426305020959	146.375029882095	460.275844925786	687.746219018479	269.70165637955	87.2613664679572	243.930323293504	458.937337494141	610.92200356128	1112.41537761615	823.177362637699	1135.98940709095	595.86162452507	599.643006001672	187.399816811881	438.419915546735	419.366749323164	707.072964802094	845.60313779447	250.90466843004	0	208.973341495298	302.378954502223	1660.56674530246	50.5724425738944	0	578.906437722745	762.951674074627	261.786011756367	457.309928013735	451.33767472583	856.032006893749	557.408100739436	0	611.76471990115	742.423163728278	1996.60335276551	384.527602445403	777.9406634721	129.380187854424	1228.41538906605	1048.93420015303	500.827770691688	1043.11407246894	133.725368390038	684.550314892338	354.413251044252	526.450746598055	258.093196809154	194.835583471767	0	512.373562184417	112.449050686332	370.743900944976	634.201578789095	918.314400631711	328.171252428242	996.421636870432	415.80624418597	28.2325190401919	201.388696198757	443.226357519478	820.606699909751	0	332.097871835064	1034.01173022773	176.282664802331	757.886309125337	161.956508110544	1520.02793925951	559.797961858337	227.941238453744	1672.73412969477	294.093132386408	314.943326392005	207.852516680339	686.776133898203	1397.22613026793	772.095365653283	1301.69099518531	190.68111020666	93.7183144322224	219.03035306089	0	437.975870606411	101.358376416321	0	991.872736818072	1149.23147724745	430.220497152505	378.651933933474	139.40652851777	317.428260836625	1454.83858849571	678.822011751348	239.240894873606	828.79828438864	281.14211015303	0	795.547091926699	0	221.318686626684	835.402075279216	381.538575163804	159.612866677226	597.067888790396	604.747061591704	944.378791210177	656.005746751657	357.768939093307	739.85221780835	593.592230592672	352.124522089934	620.044335517007	332.758449570281	473.024745367184	321.387030399623	715.547387496491	385.045897514579	626.366557978291	885.699330095746	288.781725014892	454.969651155384	917.537034449436	708.650930225768	187.099531488485	244.397581952167	369.179180161094	191.732790394376	634.919339892357	452.807658421647	1088.6528711477	1326.14257517531	156.506070866261	744.270742752143	334.88807703184	180.283071595526	260.941559852011	176.59637288847	227.163235635323	2026.59737274106	488.83172694092	0	1442.57125841207	926.937101754588	0	1814.35673384384	397.299414898767	691.19912185123	654.669997803533	1115.74687065277	935.603006209463	572.453959342704	739.108663891811	341.878936648448	562.525370892631	128.408079228071	1060.59570663679	0	587.119982723449	1625.55008660602	354.638308764074	904.165210544172	1470.84412960808	500.989443270752	111.33717434377	514.505903785703	850.93813902339	1342.95065849811	488.794959721288	327.472921319123	612.023102170161	707.710285557331	686.883074478901	458.795132853205	555.754165876596	418.536226788724	320.164170157884	1192.64180375797	1124.1271791084	608.871255100132	164.931042321957	139.55820842922	463.610600389512	287.630256186077	824.20981525737	986.4880090581	554.059801875052	574.509056331211	606.02197086098	1164.869419966	701.369690684884	1609.7595512403	759.739936996269	1179.15603249699	69.6980299539627	1450.20358581821	354.596559608928	1140.69664700951	221.45901472747	455.431059172459	0	2371.20858175749	456.960356513262	140.658782771205	0	1742.23000542567	102.978665758467	812.84282866341	337.396410111859	572.404366062025	199.530289267953	666.935246105838	602.489028715652	927.398662938643	312.437690840468	1343.93632126063	572.303795688346	394.45504214267	345.881772189873	265.298491529006	333.057925346414	431.81697445088	1129.71760548047	258.156660501027	138.719942192057	862.264767816	941.081771570487	491.236793570438	149.148760062899	1064.16708461895	467.054947099422	889.93401819022	155.533286075779	0	237.759989011782	388.939888110853	309.827734839251	332.094167350157	1366.90854298638	1509.06597938032	473.587097362004	696.061466794566	121.371563792955	224.223801507136	407.447727081679	268.684656257381	807.743194640485	563.49365433762	687.827909115163	27.2494848569066	363.20058872526	1138.51242979108	738.212954277003	0	832.758240744337	531.133372786856	653.997032352984	1025.729289593	546.172204245047	0	271.588908649984	278.679890776666	417.06548995731	593.784346391377	708.281617163005	612.404632998377	1208.0333852712	187.229585320123	418.451872647288	887.49024937807	443.144338080125	960.016773639155	1060.6925520167	721.309922308657	720.461414071958	414.458823096665	465.738377484823	93.7637234078342	1088.48969348363	1247.48135746654	296.191719419767	233.68269179688	0	468.770263943925	1684.27207645392	528.480167145615	1229.62773546373	45.060641515364	318.745764372601	488.543342122436	396.902023346967	379.179401912772	178.153719019859	1280.4997627807	0	356.623220123113	1440.40420398197	211.909115304273	114.928722970707	905.741141753805	1070.87375362539	534.310690420786	369.013346968882	186.305900468013	1458.13449915543	111.603734768191	186.772852712423	462.44167945224	338.210637242518	293.82467602326	278.00501003605	736.996201189019	264.588357899744	469.377056847457	129.700111555879	1977.06573594646	1396.10857123402	952.884914528537	362.080059887754	773.233954409068	508.566816679441	426.800953349213	370.32663470342	414.26338846745	692.927069455372	416.62996877435	1293.60424590487	33.9815518603437	0	767.155131136788	602.166802658703	1060.94778809807	46.7183755674768	410.600061712481	893.311565091044	1793.42094950455	518.376124533594	558.325167878554	356.782207484239	224.517839777943	336.586089758583	229.887609792376	398.596900431006	2022.78860661852	308.312082390023	585.603091491153	724.767358608711	129.280806947926	484.215057391412	1972.73070811714	467.312903550496	473.248707813818	0	212.531991191106	241.463688265993	222.193140776496	737.496241688761	290.579975496671	452.895146451075	361.994954162559	1396.85098433245	2253.30982600882	602.196515587095	1641.0360232644	98.548631997353	659.020946713819	177.357560107527	506.561463174486	609.877001794561	582.151711728294	503.360867184129	112.515526487484	68.4355069253228	153.419309571373	21.7188811802725	839.595867004253	893.143744408694	343.077490719781	1120.02964995045	21.896552818981	770.228926983138	1416.17847712077	233.031453690861	1218.81691022235	489.818315479604	902.360899797029	618.323314253226	186.221400608883	600.700195285381	607.428225314364	902.344091216619	849.054766785939	739.247150158699	965.927006941122	834.925873260586	216.463805357901	911.849339478478	458.001132835081	753.894105713741	879.348048569116	567.168907757716	36.4347107203123	1.06353186059302	205.476147627983	428.696160194082	707.570908953065	1029.78712799251	371.664250072722	199.146340700174	402.275485726281	167.191682428596	526.241391014581	74.9589203332464	463.780886795505	812.027129385383	0	1092.23786617342	651.978460021873	331.198808927265	380.892614119399	616.65651739881	121.910508473151	393.776335790969	842.300823954454	737.673046379421	429.482132374098	193.594279962676	352.878448931061	303.820288422222	218.113575162236	535.994052097353	970.385738764714	570.492932653726	223.386584443391	768.730069533447	1780.29390008192	280.535320787256	480.114370268793	210.978219566686	346.998644465163	825.43462985988	1306.49292227811	23.1413957238703	0	911.489426190713	416.373930185027	622.889505025924	218.18674708257	286.704845017114	436.364327909965	362.008382772045	551.429643044585	776.080158142181	659.676918715841	646.687667991987	1038.20424049796	0	805.144026741429	138.64312707672	0	137.858463133507	0	361.134144259615	1077.57601172239	233.777378691038	836.572762337899	299.043967749912	89.5610222773128	909.58577954585	241.747271548905	41.9916445470654	746.995311281969	358.197836803009	630.716635817248	495.680329307443	726.354047817752	1284.6564612516	915.855150040342	0	817.939088375994	170.652233188659	430.777592218718	750.690492657781	389.918405150616	684.663573538213	380.221549994862	268.190569790481	318.966272638554	0	997.355703167241	914.960750161271	1114.94285659127	811.846209180732	1299.55516591916	758.268403649558	116.845982722418	671.988098211978	435.148718253973	200.665728799879	119.657076869657	835.018051273678	640.96527095671	266.545751304935	1211.73208314623	286.398101918857	1212.03996541903	703.082092950878	10.4913053286051	1433.93088270394	0	234.377374693009	60.5395377779899	1025.24904991511	740.210531337352	1188.29273293595	356.787936357275	597.707958339488	344.877925404025	476.712464693006	800.086035076899	463.718645711359	997.671948230972	809.572271931276	18.1781241561892	621.471713407196	384.500154343568	1174.86012204804	154.472621661717	494.96981846899	485.553411774154	1332.99163328837	497.140043099706	527.002091930254	383.711343604203	1063.93846112911	430.030389092128	976.603966666514	423.651973161603	495.242666130034	812.897532233453	830.364149814792	664.381291270096	839.841778148966	613.174789557691	837.610795849894	796.611676501938	0	665.673889123229	560.207633575222	1063.2961165955	471.127053154851	553.50389629015	979.037667986774	757.928929714106	0	1205.40777417599	650.691120340271	26.591450421319	866.171724517283	542.363376917818	450.745560545173	687.418382236623	437.760789928127	279.289790262978	774.781176184702	86.2440170546963	183.492555257231	499.455318867378	1309.95515007428	253.204834118552	370.411164111829	115.71421755744	393.879888717712	397.786211601777	650.841462501988	698.931202914593	173.641245709681	161.617268803311	800.747591874001	0	1483.89391370843	0	713.404531453757	1293.86958983267	572.420359135745	740.62929272667	380.014495433578	506.895707518239	910.936805590579	578.091284580598	119.1965714411	848.737292460561	0	904.442345050614	790.123271140964	0	1264.08317925282	1010.95175445867	2323.09128961083	251.967308277017	273.265437469673	440.717770674897	234.078771759284	308.181887928289	1067.77863465559	1082.39433096233	1149.57504534784	0	328.424872641831	421.852034302738	429.683123575675	60.0041121949678	827.223738108682	201.801206559383	2211.23931930573	1327.28846971039	763.057686650927	771.503756939699	288.112061219873	905.710461966176	907.998707583935	92.4227966216539	285.589041872778	167.671953387356	351.272117885781	771.968478172232	966.94189798927	1286.71452382339	1860.3155083759	389.060668254129	149.878291327354	255.090441208235	373.400274565434	347.175104887237	817.175306755354	1262.68535796255	326.84132463943	879.048051461747	327.124812461293	169.887026360223	498.629984579353	626.830386743234	1718.73917541212	138.063544957179	1551.54294882266	517.317984784452	371.385769920731	956.602554716445	664.319974416636	328.625391095163	953.65593079198	176.161284960042	1219.17791165621	0	956.977757293364	489.068466261768	717.975576718353	184.351156991983	655.144437263527	771.738122016649	150.809851450249	1033.01530206266	164.736597894429	297.745888176285	523.492376446836	1068.66095617184	877.075315593265	148.272400282147	61.011453362633	918.037715964113	3.67310532440258	872.239275509373	549.035972486957	398.27166742271	467.078470274079	423.016007345006	315.311489013894	789.287843590563	478.661365513547	270.864307103619	831.733632754407	404.473335128301	2353.87726446122	1259.58917652842	2011.72866481901	273.579109770133	205.589068632817	490.44645564333	651.051295469311	79.3068658440746	192.652000495379	295.602876400161	377.331978128205	1901.38232082848	215.232835751404	334.12276830406	919.434237976873	185.153186767649	124.836400733231	599.507438217002	407.710043528766	0	736.37719071063	938.074889491757	344.011707234333	110.738545761519	1270.37530343191	875.441234864355	480.829379921186	1015.74508560388	1025.47765808892	507.358971752714	446.749681105147	206.508502514175	322.836887283434	1837.27736437797	468.160469798407	537.955781658241	975.315103537898	742.892671962504	0.294217891259243	1322.42373955102	211.990993854403	1074.63578556125	791.307961502822	440.277020121113	1496.41544409324	244.794330936674	411.419164627396	0	665.464782963187	0	144.791338495754	678.073082405266	1146.70421835246	1208.29944723778	391.152781767811	180.133756974452	257.834664309455	412.648077413621	843.353514406452	523.015342127961	1573.27989118843	1426.71278890218	1193.02123230498	255.265623834378	1544.51256468447	556.481862313602	540.035915268351	0	1012.1352965884	165.360407364704	555.127187127501	1284.5552393641	1033.73219986515	172.792609707692	478.99137636273	1136.33688392606	446.207131573278	845.268170405639	0	247.44179710275	1857.81254724377	384.7531513226	403.41798024602	697.566343729298	591.410292728727	56.0857891229711	2397.75574168191	353.593257575639	407.306895505767	1147.29210772883	482.326541969984	676.185752829295	718.58358103643	433.708359848133	1486.06706835401	196.246223286329	556.096890229623	1189.23723910184	392.475107253939	1099.42120284883	428.863866008686	1001.65097160693	1737.62571384262	569.840044329063	759.283756035675	611.732504415685	899.132141447358	66.2411220111423	263.17253322779	861.48762891285	430.51978007224	832.968481965534	543.370483720477	512.94538039111	693.257485882196	767.346469955404	1500.6512207457	789.32271310686	186.912121304054	543.713293284937	745.40062145256	755.021580321487	0	185.001561875929	776.235616200666	416.453458198166	0	370.350328735384	749.817914418886	403.328884658492	321.386974487788	1212.74353255773	0	633.695067258481	221.981038871449	670.109849210267	558.281037364647	459.545735175923	476.576390374821	390.548433590145	1615.14220497115	899.697245803297	1270.28693399954	408.461445415132	1310.35205780205	762.27663451014	491.848250700003	614.286519119915	0	1707.49301438118	984.23117790607	50.4004223663946	411.31988754881	192.985888092463	0	582.144592245066	383.976941084109	116.125447995285	652.879424054447	456.294770225503	101.812270457422	98.9053532230374	273.59159727885	870.225363006487	439.028544519826	254.135166784984	933.845486466305	98.5522578915189	672.293395945937	729.874667442319	36.8758468468573	0	1262.40031651894	844.665363507668	80.6701928566842	0	637.732977906976	216.039712874688	113.263536308552	1684.77206360891	468.186082552886	85.7317251929012	489.892618553951	282.30478744955	0	151.598865519365	348.115952502003	577.050489586931	504.683912158385	296.960636893422	502.275691325111	632.305976520279	503.18969372345	722.509191838166	348.205319976436	431.450237883369	60.345559163166	1083.8844507808	665.083406848619	671.192714203567	875.668138230422	0	432.300371378093	0	0	715.970236134253	0	569.469444206799	673.381302744857	204.40535189227	400.252949888806	40.4555458487651	521.968384172108	133.986825040154	575.210023589853	0	0	735.715211450574	263.780298955693
2024.57687670382	312.341845702176	234.425252016591	130.337993917094	269.088750869515	510.258823374606	665.428080549494	1997.04064401932	44.4649651637965	478.22965458846	433.927943689845	701.491920151155	0	341.392674110063	1396.68296689193	50.024053673665	257.661292214865	1469.54203226626	367.377666378517	1096.08393053321	491.678397842615	190.729022718192	467.603898181083	516.128903708518	179.069116543896	49.5326224596487	564.142862843377	618.553248051751	963.849942282515	468.995683058385	1067.73490500049	768.716101570656	676.172313620357	0	979.299993461585	0	952.710925056691	822.376174983137	600.139155518616	792.618419787584	149.349037898409	158.319965673515	299.472668352738	1521.65885135839	0	473.347446522405	721.040412706138	824.012680247561	157.842219317099	469.684229814704	371.992174018188	211.408912530192	1186.85734714268	581.587131736359	835.257131415534	1250.81722998229	1125.72782412364	886.613925778707	256.737388359208	882.620891005618	682.042891806643	467.990108239018	451.1486339809	380.577375047909	1475.71299726784	1096.23167117936	0	0	477.074649975318	1080.0431368805	946.881929891292	151.149772125499	657.183073569534	222.442246579815	875.591433132416	449.670267170423	309.867638944035	1394.58903884221	118.953967879597	1427.98868622537	998.075908759184	443.075138640896	773.977813686907	638.003540412244	887.594536285529	0	364.053659179811	935.188173273003	134.820230643362	575.682681387467	1048.66866008496	410.942652279054	847.450717231712	1192.73500236645	1921.15146266713	602.808581031002	410.200717651153	257.850816566769	626.100569817353	904.760019083426	252.369200629726	460.275844925786	726.340306487666	351.208083536468	123.768267119637	290.402465131308	691.131905866689	615.625750991822	1182.68176469822	829.323551520525	1136.24478159991	595.86162452507	612.554610344356	256.265993321917	452.235030069712	508.574246785568	792.38824566799	914.655196711683	250.90466843004	0	278.365026952086	313.356631862336	1661.98271885888	70.7137597264577	0	599.62418021667	789.735781864202	261.786011756367	461.504339760847	488.701438187185	996.617671321074	637.206585277379	0	612.289875360977	837.722732564302	2082.86562217397	411.58971729222	860.282924994051	178.130150888076	1280.83325703488	1162.12206939553	562.198709378175	1043.11407246894	147.760424047426	713.860812962176	420.882640987451	528.964826042614	467.175648216344	412.329692859943	0	643.74517520202	142.544422160638	499.851227473526	689.931047924886	918.314400631711	328.171252428242	1016.18726442074	455.99668847159	72.2248443128228	225.541328027593	443.226357519478	982.477951625499	29.9402455276568	395.055317534757	1104.25011974829	191.233057226045	849.664552608167	295.116933068434	1559.48011447399	582.874795048656	260.41722104012	1784.06094764786	392.089660191504	416.332483606696	255.347291272174	686.776133898203	1523.66509961573	853.795367879383	1402.15972711423	315.033537531195	114.512723643888	229.943048411126	8.39534905393264	448.773078055523	127.83366243274	36.3976046857786	991.872736818072	1184.69657133294	530.01944544597	378.651933933474	141.462053461054	387.994670573005	1544.00168719961	695.600460176215	267.722795565054	862.783147648381	316.142441252674	0	813.729639695032	117.627037635884	346.826743844496	952.190324955789	381.538575163804	162.717201159794	622.011283256218	627.826750804726	1086.58851599581	872.993548834955	361.171956029818	770.66732029851	608.338506798848	352.124522089934	682.559629269595	337.783306902404	579.229714149379	372.172321101353	745.14019023639	652.557104404963	626.366557978291	960.712695904369	309.251481268863	595.898651077216	919.762331158168	708.650930225768	187.099531488485	437.922146413745	412.542904009948	318.654687967838	677.438638154769	508.407048997728	1138.77420931261	1326.14257517531	200.351548712564	848.45734254983	420.328670608675	239.301618869134	260.941559852011	190.889140033932	326.895291852199	2036.81525824506	537.319850584909	160.67199835201	1466.71627806462	939.833378737683	0	1897.49273770505	397.299414898767	802.58290691476	767.007797860324	1115.74687065277	953.329563783175	619.568427871489	944.698717551835	406.765492897433	605.06749297551	130.314512116534	1069.52564914622	47.6114583475576	662.5022553336	1709.33595835812	400.95045581922	904.165210544172	1470.84412960808	521.217323708322	168.398426899977	530.897180356545	947.696674989812	1355.47731924003	504.847176025066	397.246610635147	667.023737001778	770.043492622008	741.03882005152	520.927523979085	572.025946977293	418.536226788724	427.067958244402	1192.64180375797	1137.55029816102	631.244782313363	170.046144471345	179.531423812981	523.92158072534	326.856029573916	853.314231268082	1073.2428788432	603.753528479581	655.974193706598	690.906815135522	1172.99815764556	701.369690684884	1609.7595512403	816.780880863358	1219.51023751663	105.785278596814	1454.20901328152	438.540846240158	1181.11802910481	332.018553155192	481.160643414739	79.4469216753257	2425.39932498878	456.960356513262	180.196939412346	0	1818.50385879083	272.880294898319	839.395604154405	362.700883136637	683.194362703687	277.072286819552	670.490428049697	602.489028715652	927.398662938643	478.862179662554	1343.93632126063	572.303795688346	567.390591188849	441.310835357592	328.303978751767	512.311152176084	482.601715046428	1129.71760548047	308.243043535767	138.719942192057	898.422984901577	970.875598282016	521.627838565391	279.326060603844	1170.60140999193	499.839818104675	906.353939811441	194.724418840768	0	382.36063109974	472.261396292738	352.729640781365	379.698206068657	1366.90854298638	1535.33279509384	510.492404726597	707.706132493078	162.088503574871	224.223801507136	438.922451251607	345.998743480514	867.431692415991	640.358898487467	745.230308097043	57.0078544088916	422.572374891764	1138.51242979108	753.683332862552	0	850.710003675648	688.706111218257	851.691211540416	1157.07680100426	579.826012403972	0	581.705077089131	402.787504796797	429.53143046729	628.95429645668	708.281617163005	618.307590839148	1310.65894220315	252.517558386914	418.451872647288	974.79177774599	494.55499151991	974.169698941104	1072.30354390632	735.969810712801	720.461414071958	419.15512793597	467.968389519878	177.978926577207	1116.68053906417	1304.56344562365	323.474281132514	308.28917475181	0	468.770263943925	1733.89684869034	618.596544914397	1357.78197238242	92.6271246776085	403.956505868756	494.368706211469	443.839984292387	474.5115749455	273.285970663966	1310.02408407311	0	447.313666668904	1513.77711173305	233.211470744511	165.916020369861	931.587371748468	1171.1235645488	554.052410430933	372.326710022544	221.191216809214	1572.38635954717	127.363996033996	186.772852712423	550.473312172815	483.65095403877	293.82467602326	413.882417006936	818.872883740303	325.758244210948	557.424415798686	211.598790926673	2019.30747468165	1434.94153191087	1060.69553333089	436.252766276118	806.589713047272	510.311084876288	476.892620804313	370.32663470342	672.739879843607	783.155289448826	416.62996877435	1295.38376367871	73.92240066704	56.5068197723179	872.911309286582	602.166802658703	1078.85996148486	74.0024756358945	533.80245521388	961.814094148254	1859.16572823388	529.618020322155	597.812011181589	422.742537236071	268.081585230234	357.42840995345	229.887609792376	438.0747687895	2022.78860661852	308.312082390023	784.262607312938	724.767358608711	213.102583750528	585.254024930473	2014.92678476061	473.14433033925	473.248707813818	0	268.557125074827	263.57730691855	335.405630726647	828.444586278501	384.641654429389	495.862604535968	361.994954162559	1396.85098433245	2253.30982600882	637.825211057333	1677.36362055331	148.566961146005	670.209703610257	197.331887394032	506.561463174486	611.771205749184	615.549599031827	503.360867184129	204.347849850765	90.655311164019	180.700911387037	33.0016768930672	861.123018273833	1013.6141509358	343.077490719781	1127.28283718477	86.191424264071	856.44289490178	1416.17847712077	276.419291168356	1461.42412940626	539.94519500886	902.360899797029	618.323314253226	371.283740759147	686.064988557049	613.273555548374	902.344091216619	903.007816891237	739.247150158699	1021.54357698158	839.588028062404	310.0611906238	1189.37701810262	460.721356570218	814.601037502702	969.568115294308	761.522805149952	123.358305913476	42.4319509960928	323.182350793852	446.285317523414	806.139544239337	1055.93501015769	401.89237401437	259.056594165024	443.50844593366	269.307262923073	578.518181335039	85.8017565085019	489.427439305996	812.027129385383	0	1160.0027540624	651.978460021873	364.364428122923	392.013408657534	646.819750222033	176.081756727485	443.735918083482	889.387795233701	927.667339068325	434.894211586746	278.424865965834	372.931731927311	418.154098344527	407.790371151826	624.450460713221	970.385738764714	700.459409696934	240.547925687455	770.676508738406	1848.4440851602	340.144680972406	493.97834635018	240.33890362151	381.222659356185	833.416235166856	1306.49292227811	54.7396370704626	0	1006.23034314023	422.596404389558	758.990490124288	267.783562884157	342.858342753622	492.086948474373	408.58634336699	579.391136502829	776.080158142181	701.300002204536	675.458569043504	1038.20424049796	113.49173466055	805.144026741429	228.11374753162	0	146.522926526524	0	530.931063104465	1087.82089343868	319.277907060518	842.930583682002	374.337327523002	134.088752675125	1042.73362410067	342.582860650613	218.886643360568	797.227512459571	383.016274400782	678.498927366186	527.792071297964	739.513273081327	1351.72135542846	938.579303123068	0	928.481282455024	236.680391930113	430.777592218718	912.502168873238	403.195841964516	720.726954336585	392.883873404062	340.007649092581	364.286152906309	0	1084.97846923065	1140.25000114033	1257.64833241433	811.846209180732	1299.55516591916	777.799294776965	124.138602974456	678.542162235945	489.434687159149	268.615805457896	211.474408048616	881.728150513196	646.794053440824	317.454633720491	1238.85378683386	413.821859423656	1212.03996541903	779.416497626616	173.313545500264	1435.24781928863	0	257.46777576853	110.139111478379	1028.57542034793	751.421431658384	1210.51973265464	376.345243909651	665.942982753429	643.777200709507	518.708791794068	862.788635218378	512.950854439375	1191.03869655981	872.544335515661	49.9220311082375	674.647861075436	418.628060961751	1178.65972524537	241.556850724391	567.892764005582	573.636084751127	1351.51931417239	603.961967813685	780.338419108105	401.48650410179	1213.34999386318	527.09377777047	1010.72413606851	423.651973161603	495.242666130034	889.955083527611	990.412897894201	802.205869149081	860.862027384107	613.174789557691	1145.76056198561	881.204951586806	101.185705948144	793.336389961504	572.64035572606	1166.57963582718	491.088933613617	783.71375550991	1034.51053091678	812.606778646384	0	1349.23969684193	664.304863488982	81.2400713896978	891.867790846639	542.363376917818	507.457301194166	769.223582783775	587.407180134475	370.964549272595	774.781176184702	115.574074119158	462.978238518889	539.059717587296	1463.33344891783	318.640420143902	466.33880938855	159.783703665151	432.313791746043	414.151715418448	668.333638600702	707.019397482127	210.786681658624	161.617268803311	800.747591874001	0	1539.1749774198	68.7305493183329	757.900181824367	1293.86958983267	659.523851958255	740.62929272667	417.269970937143	603.41814127292	910.936805590579	692.384482333325	132.278474556401	994.717768502705	0	909.27294356756	795.13119511972	36.3592388911355	1264.08317925282	1011.47099929324	2323.35260736965	273.176894319565	294.32915535528	794.25742653863	276.303249422179	401.499518302469	1067.77863465559	1082.39433096233	1262.05860640844	0	351.259994769789	455.964388861688	502.422284167588	102.276594988193	827.223738108682	225.131529087114	2239.35032219135	1327.28846971039	785.226219859686	771.503756939699	333.908799128003	1020.34667986798	945.338897806901	149.412679355012	337.176638451502	204.971294411132	361.712412300907	771.968478172232	995.562753823862	1340.14577778633	1860.3155083759	405.979739973592	195.140793532839	287.599220396703	375.63027141703	347.175104887237	838.10938840989	1287.90890283904	326.855089441406	879.048051461747	340.947096586492	224.92845912184	896.082545873764	741.122427206874	1734.37453142369	154.741448527814	1551.54294882266	522.655019659968	412.671455289083	1078.71684216444	856.097940543653	337.98617272201	1032.52925818333	325.222433284956	1267.00929290776	28.0819048689777	956.977757293364	489.90461287858	777.960482123596	213.623539180283	665.189199410991	771.738122016649	168.290140913358	1034.20640298942	164.736597894429	341.648216629167	610.885363424251	1088.04253823204	940.169876664564	192.233823478346	133.621790085618	920.545704376763	146.132118410037	873.970577421616	549.114255248753	407.609166993238	519.999516336683	538.595311306389	456.990285522518	815.064411240996	603.432584190134	300.608808811429	860.697246268805	425.683143785051	2353.87726446122	1272.28986977674	2043.93233542396	290.578520540251	363.038678067618	508.064817093854	786.782643735474	132.350588121652	216.276051756311	313.591162146827	431.328826391543	1939.77928901483	233.680999197924	348.933010584889	946.061879310465	313.773391609438	156.506136311217	599.507438217002	485.045545887957	0	795.115542854192	1168.42150009897	573.000440990535	133.450509864591	1366.03569902168	895.141218294522	480.829379921186	1057.14548367842	1047.78421671719	541.914509818351	584.247566469253	309.393442628037	366.068874725516	1863.71156306727	468.160469798407	739.28161439447	987.815872846171	742.892671962504	11.7460358301971	1385.90269207275	270.221138799933	1115.48242221755	968.898860905806	634.188473254224	1521.28808306311	253.582059567544	542.241924901304	0	665.710372038414	0	303.567705401925	703.051666212577	1215.37686598877	1354.97514139643	391.152781767811	215.834819951661	338.170054155948	428.914232443213	843.353514406452	532.55088344347	1577.92903862621	1528.98406893946	1193.02123230498	304.352221777441	1714.04766179428	598.270363835811	552.098273450457	47.2044526992947	1070.93944906284	179.213009927428	555.127187127501	1284.5552393641	1052.00819548168	172.792609707692	478.99137636273	1187.88238989094	446.207131573278	977.683051201294	56.1856320505316	332.262144309887	1857.81254724377	464.272551329792	504.079754260668	746.849404562332	892.424501123866	74.3944446202098	2660.67626805562	413.302866920451	463.038370201535	1147.29210772883	555.398874860807	684.867036036583	718.58358103643	433.708359848133	1487.62102230799	205.721820067928	715.615229199387	1216.27974233562	587.869227911014	1099.42120284883	465.436603082042	1001.65097160693	1909.075605311	594.029266983882	848.48606553492	630.276408795761	935.701443303427	94.7347772492223	374.558685655304	861.48762891285	430.51978007224	874.420671801522	613.690231918423	593.847349104363	696.456153955904	812.019651746018	1575.16901276636	789.32271310686	191.02083626142	543.713293284937	1156.00245904142	1050.87026258218	0	469.908575078908	778.416379144723	478.639646024305	30.1152551522394	455.142127261047	749.817914418886	414.280278881495	354.938712023054	1212.74353255773	165.193507760464	645.440637092205	295.40382000845	673.932553108764	578.331612328216	519.165624576116	478.84796957732	474.859324654014	1632.40365236329	899.697245803297	1275.43108052256	408.461445415132	1493.5005123235	860.276149232348	515.664881815336	614.286519119915	19.3603993993948	1714.56210475332	1121.28090015713	68.5963620329499	469.331872266097	192.985888092463	0	600.345214483551	460.050331251432	288.149038980249	773.591893671779	488.06120738306	256.528294370848	142.636587794091	317.081408212377	898.655472128951	604.131639835666	294.824840042445	950.175253909574	192.554434812217	762.652022454151	729.874667442319	50.2555645043673	305.798385450005	1307.94245685025	902.416127021308	158.192826633189	0	776.453152728891	396.842745178532	171.731489462452	1684.77206360891	530.91547019819	120.695152082563	500.540077699411	732.909017764847	0	164.71394363049	376.345151604696	603.011475049138	504.683912158385	383.826366233576	509.04115031907	632.305976520279	503.18969372345	799.087085483773	392.301131253278	433.42463191125	83.5702583798859	1145.71768277907	714.897126262217	717.12298037365	876.623999163054	0	523.096399144016	0	58.7133293462198	754.367623287132	0	632.00352809934	727.829537594299	340.568474392147	603.234907812925	54.2269241923986	536.252645441762	239.557960541354	697.759651549643	0	52.4517449020515	735.715211450574	308.047424649927
2024.58224109514	482.811618709548	234.425252016591	154.528636571349	307.679883321066	582.314056504669	811.672823314634	2056.37985337349	61.979323280299	533.76864312956	484.416865740678	804.235963628301	25.1200704316073	460.415647107606	1421.38388837918	103.456072678837	381.349708940608	1533.85468932391	367.377666378517	1260.04822218961	530.889753436867	317.349831626684	498.336982623781	744.873628377344	193.217551951013	102.900238798563	564.142862843377	628.627615553879	995.564796713372	579.437449440977	1150.79209402945	800.852986468799	691.822802126432	0	1064.82276545198	45.1259033035733	1129.73162577292	822.468348825529	600.139155518616	882.964637070296	172.868126132118	207.694515162133	407.004316751667	1572.19794854877	15.282709413358	503.813499255921	721.040412706138	862.385663085454	197.358130641412	494.77352846026	373.514022957894	333.553621422561	1270.5299183631	684.51570580181	852.605179708617	1406.67043434061	1135.81685774617	943.640164084025	256.737388359208	977.874415687783	683.840682718113	524.678151495875	451.1486339809	524.128290043126	1548.75130746716	1378.77166838076	0	0	489.533010547855	1089.61495447106	953.317937560869	289.904484543457	693.55435990534	270.575278839118	897.575530205463	470.794719821799	438.786509061618	1419.48658412564	133.341100172542	1477.05850227973	1043.50515557014	443.075138640896	799.447407710057	715.798264988112	943.261846615448	0	534.05729184845	940.228686762517	222.946399702242	833.525925594845	1146.41115830406	518.91427174698	920.733248912024	1266.27872283517	1921.15146266713	625.789868184865	495.997885391824	345.954387257676	627.61606954682	1076.39718102319	357.901645675301	460.275844925786	770.42358600893	450.336368727743	160.226123495418	336.798810067663	940.853329173714	620.331055974416	1253.14012775168	835.929581458275	1138.4242529072	595.86162452507	618.762627113489	275.483278204355	466.075386456273	692.922838150145	877.681703308897	987.899634036474	250.90466843004	276.728392486385	315.865058373452	324.421335178124	1663.39867596265	91.9798235469423	47.8975805038723	630.340031660344	819.36296401984	269.21807371945	465.704592580152	526.087194232893	1040.77155953641	717.10786682559	50.4841027693986	695.038269108385	933.540831428514	2169.12909052481	438.687371161019	907.48173083109	226.895761419757	1335.10184686101	1263.74171946604	623.829864803779	1043.11407246894	170.461599579414	743.286664236612	568.798958514712	627.484570412309	669.269789713517	444.232433930332	34.1189657517943	775.699676470403	172.673771026494	629.579133701284	745.525085683276	918.314400631711	328.171252428242	1043.52879789029	497.678286949254	98.4316454663351	246.65431859713	443.226357519478	982.477951625499	202.889472283589	463.914238022071	1175.61961931567	210.86613932169	912.540466002833	425.715884264056	1567.62308195343	729.922507809801	311.406540840613	1804.31766499249	489.855347574568	519.01016369255	307.483086364576	686.776133898203	1650.14821835324	853.795367879383	1505.81778695286	439.203982136535	114.512723643888	240.028856249971	56.6941249302667	460.033761405744	154.318961001831	37.9524932682842	991.872736818072	1322.53044687317	630.643978571623	378.651933933474	164.947400621974	463.371404194453	1626.45020890177	712.45113503265	296.483200630985	896.855850113585	426.976236078577	0	876.787549198389	137.400474275736	366.536469559691	1009.2242458488	381.538575163804	167.840831958076	647.082043556701	650.908770154598	1093.21927216632	879.098396439348	529.935525042536	798.209663429024	758.510809453234	373.950378414041	746.987086168157	346.704563951322	624.229370165874	427.562769038415	775.121994599502	686.149423206757	626.366557978291	1035.65865018451	366.409501893735	686.878641439202	921.987511832944	708.650930225768	187.099531488485	687.078848504071	448.947983303356	499.245870945162	685.815857383421	527.057380006699	1189.09773795215	1326.14257517531	244.280560724934	952.582348800333	744.837331464491	298.4259911931	271.357154240634	249.624431915253	426.178761291237	2047.03759238667	596.40120603578	331.65331306964	1474.73827603258	944.784834235664	86.463962151027	1980.805505078	397.299414898767	914.851581118433	898.396289113898	1115.74687065277	971.450270555496	666.687810769806	1146.44131259974	472.779643593542	676.639655627972	153.153755666133	1078.69102041678	90.1530628012559	758.578425997307	1789.71955115174	482.814513520044	904.165210544172	1511.25624225785	541.174940967935	210.833584136483	548.755546442435	1044.64205402277	1355.47731924003	548.761263647615	411.923076924835	722.8623356053	832.557306487596	802.881331604759	583.254596874758	718.374357743974	418.536226788724	536.923932001209	1192.64180375797	1151.13422867034	653.612014486609	193.9247362975	219.58112001258	587.165805754909	363.904003789379	882.454632095134	1160.25674047023	653.491505535536	737.155156182286	776.935258312285	1181.26459751095	701.369690684884	1609.7595512403	873.844088840807	1260.91646144038	149.616723304222	1459.47999315221	582.457777554373	1221.57853887944	468.527239762482	503.432862280748	169.625658584351	2479.94864423005	539.69322242259	235.766661926242	0	1894.95442309762	362.27009611582	866.193743059268	388.025212479932	706.142259117441	384.988779358025	674.07112407093	610.180529843357	927.398662938643	646.030209311005	1343.93632126063	572.303795688346	739.818285792629	537.227607032559	360.285545230734	698.420677213466	534.876264533089	1142.48707016405	380.774627164728	179.401663778601	902.170374586815	1001.03856226629	521.990471937191	312.156221053867	1255.08098426913	542.661921267136	922.793424549817	233.89910574407	0	526.197192126719	555.748901843126	395.567693216882	427.084664246689	1366.90854298638	1561.62772604409	547.426481794152	719.541686341535	162.088503574871	224.223801507136	470.341626449417	423.100081827005	927.27654753808	718.605819371644	802.752664976819	86.7236580372535	481.871988095054	1138.51242979108	769.224402064632	0	868.954007871408	688.706111218257	939.574734897144	1288.5390210892	613.53300027081	0	594.960218575941	619.044591144378	578.170947171214	665.999221149955	713.454650754461	624.519469731824	1412.90164564674	319.308643151746	418.451872647288	1062.41349896828	545.968416864182	982.922621544755	1083.97265029252	750.69748568673	738.853996393796	424.222247809152	471.643068963762	263.249442509678	1145.20462669459	1361.64353481463	350.84528695115	382.901071759076	0	468.770263943925	1783.79325377503	709.298395946316	1473.80281039526	162.870663020608	489.676801527953	500.294706408693	490.665993021323	584.308572044312	377.174322905238	1339.56849693961	0	555.004369851538	1513.77711173305	254.528859327318	230.052870807051	957.660289455257	1271.29972861633	574.18083820187	375.685159316828	256.025126086502	1630.1838268583	127.363996033996	209.84984765444	651.84816620626	508.922950434853	293.82467602326	550.262036072752	901.214821938845	453.050447484786	645.087387638966	220.035618323629	2023.54862347216	1434.94153191087	1168.3630401734	493.681872756833	844.713876872808	512.068678081476	476.892620804313	370.32663470342	688.547857596646	787.646456358188	456.747780089159	1297.16340147056	119.473960177596	189.950551842874	978.336905285012	652.092553667896	1096.8424304	106.937407398863	658.836946842456	1030.92787090261	1859.16572823388	540.970234312842	597.812011181589	638.173022622975	311.655792162612	357.42840995345	229.887609792376	477.668160018241	2022.78860661852	308.312082390023	837.023964545034	724.767358608711	324.112549530357	685.810591504117	2057.13437885455	479.008463811379	473.248707813818	0	332.225978862435	290.316332757406	463.402939828041	895.367975929256	431.178777291962	550.594920146418	391.54916456109	1396.85098433245	2253.30982600882	673.59292673142	1713.72167326097	225.811108020581	694.435810595065	218.803810007216	506.561463174486	613.673676228229	710.91493242497	503.360867184129	293.784652808173	90.655311164019	212.129342773343	149.58277383265	920.743710557906	1037.85503744779	343.077490719781	1134.55827023287	136.314537978175	942.16014526579	1416.17847712077	301.282392541998	1634.00318980203	590.193105063831	902.360899797029	618.323314253226	516.462851211265	771.969041423453	631.575529429738	902.344091216619	957.220715639934	739.247150158699	1077.23438707616	844.266887434314	400.028165550882	1468.82090234807	463.488378853139	875.240658323237	1059.5088794701	956.589019258255	210.666429362583	75.751854121874	328.362392292578	470.749759066354	916.918311806161	1082.29098371212	499.463596775299	318.966658236059	456.874545895359	480.495076562525	630.730002651061	131.861413113952	530.424123257434	812.027129385383	26.0506884889003	1227.66972552664	651.978460021873	397.609603444338	403.417565385231	677.052302516233	230.212000256427	493.626274426035	936.453144692951	1079.38051704164	440.780128082214	412.021769223928	394.511438031161	532.564601109261	424.644681422148	716.618642644214	970.385738764714	838.656392499912	257.729790784283	772.658017844835	1850.98112698609	391.004550737771	521.892990197003	257.157101451736	415.576681663036	841.406271418568	1306.49292227811	86.5941728262357	22.7663566542062	1142.36457662492	593.155933682717	872.045483164374	317.50707887783	387.948410484	574.521546586528	425.650859080314	608.09704183606	776.080158142181	718.328764631266	767.431099159039	1038.20424049796	761.926858602147	816.350340264514	317.245380066488	0	179.956168048353	52.6396686395878	701.079007578179	1098.06897566867	389.646940162793	897.011760829931	389.4312296612	178.522919986406	1175.8128702997	347.272185543518	287.585273042252	847.457346376051	773.556743502333	726.262351941686	560.356753415565	755.732705851211	1363.15989421289	953.21896625388	0	944.905451258731	285.659211406961	430.777592218718	1076.15986391098	445.219146889811	756.892736018366	405.549360655764	469.263627303005	405.414868048828	6.27224563673804	1172.07143961344	1367.77136861184	1400.12579235503	811.846209180732	1299.55516591916	797.364257637563	131.562236483493	685.098122569018	545.399211877788	296.486708407992	303.176871383395	885.742562237876	652.623373600724	324.900620881942	1265.98696595741	541.235797763485	1212.03996541903	855.556378977624	251.069461259926	1436.56817331034	0	307.460066049817	159.848135363867	1032.10303735344	751.421431658384	1232.90597308904	395.961775684232	711.587007493528	652.542229532412	624.622897158138	925.585091679828	562.044291758926	1234.68397996907	935.729640475989	81.6929577093874	714.772081293957	454.117128447809	1178.65972524537	312.835230257551	640.903865558962	661.279887245637	1369.34349992935	713.369747658558	880.595322832098	420.398238448701	1371.18538390961	624.775341543676	1045.01344146082	423.651973161603	495.242666130034	931.16063355861	1150.11187451234	939.987887334568	882.324579143113	613.174789557691	1372.98758717534	965.858570607668	215.961932717833	922.397669249336	585.244248288041	1272.94415593786	511.0471435228	1018.82710074914	1089.84430769686	868.329691606991	0	1493.38335375538	677.922519910933	205.349559605879	917.552898189173	542.363376917818	564.342905613304	850.66088527718	615.986204236973	462.998216227904	814.76946101649	144.909585605322	741.380539833382	539.059717587296	1567.72094191759	421.494496421687	562.763685042834	203.834310564671	470.744517028532	433.423847680457	685.959817880921	720.666774855739	305.433369700221	265.650013601108	800.747591874001	0	1594.55323718781	140.839046809678	805.132062115132	1293.86958983267	747.325436720247	740.62929272667	467.801426734638	700.301769462754	910.936805590579	813.266547526882	148.930361959105	1143.67541157147	101.38931049586	914.108219057088	800.978812322709	189.722590981672	1264.08317925282	1012.02661991964	2323.61922617141	294.395189606724	315.48370468192	1132.74043915165	276.303249422179	496.509295801113	1067.77863465559	1082.39433096233	1374.94163021625	0	452.491493210077	512.31111456284	570.994702811316	144.631167011307	827.223738108682	277.17291957706	2270.94968858941	1327.28846971039	807.425461621004	771.503756939699	380.0377432684	1135.00741952033	982.852609181515	249.663727932315	486.147212587588	233.449022567414	417.851384325374	771.968478172232	1024.33908707237	1393.53965248196	1860.3155083759	479.409365078769	229.701960856106	298.520511415103	378.07926322799	404.252915806687	859.304228667061	1313.12356010374	326.868891943255	879.048051461747	380.78019190989	248.88139174685	907.602351534666	933.912287486924	1734.37453142369	173.659267327619	1551.54294882266	527.992913252273	412.671455289083	1200.94361411792	1047.48684528389	347.5985994831	1111.52145704961	511.877139086788	1313.6671784834	211.622349191094	956.977757293364	490.741194286841	820.961063493496	242.881429185852	675.34691779315	771.738122016649	187.41937587019	1035.15773281512	164.736597894429	390.622442762463	698.382603294177	1107.47149673676	1003.07156975115	216.806350855532	205.923010754456	923.58445133519	323.434789770396	875.705776148354	549.221450256239	417.464236085002	572.80703840745	597.299590748693	599.92906696176	841.10891812929	727.90701039068	330.307463535242	881.368211671516	448.268581873727	2353.87726446122	1293.51664330411	2076.56007098695	307.573041959535	520.012186834678	525.691693330801	793.379718206369	221.949223880073	240.120172531173	333.357216498935	486.371706992034	1979.84798345399	233.680999197924	364.171570785924	973.281216361822	521.317703472799	205.059486869168	599.507438217002	709.754254205588	0	854.034915130882	1291.52552274491	786.24824593477	156.53228824276	1550.80774894301	914.855964538348	498.122220829217	1100.90192516198	1049.89399434016	576.46854920127	613.480486915399	309.393442628037	409.34048394195	1903.96804022695	468.160469798407	867.83798320649	1012.30265008655	742.892671962504	414.415349922391	1449.92807673697	329.231863509936	1182.50945729188	1149.95563821157	842.9744836628	1522.53009542094	253.582059567544	677.597509593056	66.4643982406133	667.756737275509	25.8646266159105	462.782223740483	728.776322895676	1284.34312254714	1481.95634082649	391.152781767811	253.032334378411	449.198578840809	445.221950337113	843.353514406452	705.804052180873	1582.61398956149	1631.73358576698	1193.02123230498	353.505700137854	1883.8789080114	640.095972297526	564.157847692859	101.595557468478	1136.09019768007	224.059547082661	563.521955447977	1284.5552393641	1070.37787134302	172.792609707692	478.99137636273	1239.45671468503	446.207131573278	1110.43730564614	106.100201844697	432.546860025593	1857.81254724377	487.456796680887	653.702604521979	855.639892582428	972.409405073093	100.284906270694	2661.94009344533	456.94039387273	463.038370201535	1147.29210772883	750.318022981042	694.151212041263	724.922582738773	433.708359848133	1489.21839279683	223.269381120321	742.699471082132	1331.03318667106	782.721782415431	1099.42120284883	501.491963419558	1001.65097160693	2081.06030880619	618.217556301792	921.291218620218	649.957080316282	972.776151169508	160.373665197117	384.107127415987	861.48762891285	430.51978007224	915.939280350673	683.784936178663	645.52372887947	699.749602894069	856.685606903395	1653.48129970941	789.32271310686	197.512595022939	543.713293284937	1372.87679388805	1349.92776152186	53.7575011385131	792.548693479051	780.598747666708	478.639646024305	208.105847971439	540.217288767444	749.817914418886	425.241539801167	388.514239972269	1212.74353255773	415.649151918951	657.291883255803	371.537712124944	679.054820816875	672.609836210672	579.568697902042	478.84796957732	488.424061088263	1661.28936253519	899.697245803297	1280.61806110898	408.461445415132	1553.02695136696	912.447365383649	539.93929466252	614.286519119915	131.188447552924	1722.30165689071	1262.08905093474	86.8005495525284	527.494476469137	196.120184633711	69.7137093944944	633.760229353088	536.368362125993	385.209036245132	894.605310203863	488.06120738306	410.243895515434	258.782975640643	360.70103059131	927.153572150433	630.884980795395	335.555880059212	967.163718312836	286.126781319684	862.775523470298	729.874667442319	57.7328684730035	305.798385450005	1332.77606706055	960.091636508545	235.930510375845	29.8846389208566	914.206132643405	580.684926079855	265.94120060486	1684.77206360891	593.810038334801	169.304860105451	516.608326620242	836.385791384018	0	164.888489051077	424.175618189004	781.850550857065	504.683912158385	477.023701772833	521.881821332972	632.305976520279	503.18969372345	875.324579212379	436.484595559316	435.409959986217	106.813003855956	1207.63812605783	766.29793875281	763.005191771496	877.581114635373	0	565.482886653038	0	122.745838753932	792.827145788182	94.0181906154706	694.546093513625	786.081991892671	476.363723323394	715.293355321857	68.0075826421726	574.646961881997	345.310381070983	827.471615561609	0	108.561892289441	735.715211450574	352.941576180427
2024.58760548645	652.453596189007	234.425252016591	191.470718697161	346.323933052326	637.008193056283	873.459873407432	2115.78373726466	79.5074112933723	590.105261811097	484.416865740678	836.308988767238	33.3084966988042	479.968851725938	1447.64678819376	156.930922745809	580.316208506725	1580.84234550616	380.829987503575	1260.04822218961	571.158919880902	505.920762918371	564.653628622768	751.872638837237	300.944578760336	156.327682282554	564.142862843377	729.871483017573	1027.28840747443	659.666224252333	1234.01763485805	832.934505368281	714.940888080945	0	1149.96533158352	136.002015249019	1306.86212580671	822.565546633109	600.139155518616	974.068341757116	172.868126132118	259.366403783136	605.241359355587	1622.86293126211	53.460052254185	567.839140865899	721.040412706138	900.717885166401	238.549413957998	519.878074818112	395.341457491715	488.355769884593	1316.65143119558	787.897029400563	870.006151908661	1406.67043434061	1146.2697630254	1008.74191626979	446.880812326346	1073.22210422624	685.661010554857	648.037683679777	508.759159631368	866.060314739803	1622.38716870092	1623.39449147981	0	69.7636195905578	507.333799068259	1099.23339128124	959.903636232792	432.287241767143	730.017504293562	388.602825096358	920.095303727675	492.173908299574	596.738960084638	1448.27330276096	267.219135155621	1526.7013924425	1089.10036445415	443.075138640896	824.916877552433	793.688857468177	998.98575230756	56.8564195942263	706.670404906415	945.421772454166	314.49833065772	1094.29031230374	1255.4729965681	627.002813279331	994.6181033282	1341.50637300363	1921.15146266713	648.783654726376	535.748119023316	480.976633684471	629.530850944633	1249.28392435908	451.853520284527	464.513788206613	814.582632757259	549.769703949478	189.524091338053	406.187893925025	946.358511182738	625.037856100423	1323.78307182217	842.984437699993	1141.97130322648	646.894541634789	629.670593301942	275.483278204355	479.939370900336	879.264318256164	962.898786292916	1064.30310836006	253.200455189008	538.518405323129	358.670746342683	335.565119792316	1664.81461659591	113.747035510174	132.432224409313	669.580148837917	849.186278715365	285.654316148293	520.702479524986	563.487366021321	1086.06038910952	797.109723648479	98.750283265118	695.038269108385	1029.80981400749	2255.36127815567	465.820384081357	954.043199308999	275.676517190545	1391.02678881759	1365.81838694826	685.691017551839	1106.27040050962	196.9203267321	772.810841021788	708.346619460152	706.003961753474	669.269789713517	458.652308259525	114.502324349881	790.253165640129	202.836904792506	759.438343762539	800.976222905248	918.314400631711	384.438193079731	1071.01574906629	540.472525238758	306.416783117496	275.886619682193	443.226357519478	982.477951625499	367.537264916483	532.838769218405	1247.95226604812	234.026110418357	912.540466002833	430.457844136318	1575.8445437844	878.805100853415	362.694920596199	1817.48184659007	587.38508719772	622.5056726995	363.546021439447	686.776133898203	1776.56433290026	853.795367879383	1612.13872049324	563.143692800831	141.289476615922	256.087612107016	104.89022996301	494.370691918971	180.814189768434	78.4896005506263	991.872736818072	1372.76496431965	731.95689130592	378.651933933474	247.076601814672	541.574830475076	1673.36108882612	729.369886761765	325.454898462701	931.010646272081	484.140095769836	0	940.471109986306	157.583394641329	451.689452660234	1013.60897033369	381.538575163804	174.801714194886	672.267957710281	673.992097791631	1099.91078585778	1217.63763826468	726.134842608208	823.309290522037	914.581020035843	452.712809410967	812.832469020708	393.896692178718	648.250407392202	486.068172597583	805.454353779038	707.289262146999	626.366557978291	1110.49354585833	426.409901951999	686.878641439202	924.212574826635	708.650930225768	187.099531488485	782.536621704572	486.973223952876	574.786457558995	736.125036393394	569.244306568817	1239.60583574478	1326.14257517531	244.280560724934	1056.63663952408	779.386038698136	358.053296246562	284.184337326479	333.298750158532	426.178761291237	2057.26424468442	663.086405176162	502.085844832603	1482.23267549466	947.992095010072	257.541837539303	2064.2917911248	397.299414898767	1027.45341165837	898.396289113898	1115.74687065277	989.941569259648	862.038430390011	1230.48811253158	539.51860539524	696.480013508374	279.675628379861	1088.08649985848	170.778823366053	967.748026979898	1798.59704257519	564.945466746832	904.165210544172	1616.83292169488	543.856630751415	254.227007435243	567.93508409287	1141.60607878568	1367.48997538408	548.761263647615	455.673226043245	779.389095152252	855.11983569872	870.715152909877	645.77415706105	864.708005928663	418.536226788724	647.841523729228	1192.64180375797	1164.87395913374	675.972925552207	224.750274661161	240.652441007498	651.149350855889	376.967518763143	911.630146076753	1247.52070286459	703.236447267528	818.007298330732	863.865489051656	1189.66587624161	714.306927765375	1609.7595512403	930.892773362158	1271.31626196131	349.140451048143	1465.99716939202	722.875227163291	1262.07788128446	842.243209931385	517.906490117688	259.364035257348	2534.83861590275	539.69322242259	298.699893804261	0	1971.57423821001	362.27009611582	893.219084479813	413.369303872537	728.7508383222	499.180194876626	677.676962859295	629.935092817117	927.398662938643	813.861277489342	1343.93632126063	572.303795688346	911.706714174992	633.461466269338	390.192661835836	886.982682177212	588.208562097413	1179.80299815208	456.78805062168	222.475998365508	905.921917273526	1031.54356142466	521.990471937191	334.046154214779	1255.08098426913	586.726596149535	939.250912873761	273.057101765461	63.7891646256591	668.981887506683	639.386346141966	438.333118832652	427.084664246689	1366.90854298638	1587.94815923602	584.389052347553	731.558167887991	218.004010464528	264.693266052734	510.88280978769	450.289349826161	987.264138249429	797.778750794806	857.95015706559	116.396670088142	541.062696852516	1138.51242979108	784.832816737398	0	908.707009417658	688.706111218257	939.574734897144	1420.10364397341	647.292595459287	95.1337985008472	620.60839454541	834.049355830638	789.641543259711	704.616046729238	746.911537727195	631.030361215822	1514.73772399601	386.871740959324	442.078233954561	1150.35034484661	597.384589026321	991.797641733255	1108.42059818888	765.489388901744	775.909410025527	436.934048948614	726.92315961435	348.704419534646	1174.03579663102	1418.71633520237	366.005247925999	457.518294400064	0	468.770263943925	1833.92875246865	800.52090934839	1513.72738276367	352.366289596135	543.066106688989	545.744049549198	537.377203004037	584.308572044312	481.457359173105	1369.13287200272	80.7750930159341	671.965248966078	1513.77711173305	404.541213898205	294.267566822107	998.5354481583	1371.39714295235	594.658403148179	379.087435252647	290.807302899289	1630.1838268583	296.697255189387	370.868275477686	755.015175167456	508.922950434853	307.972928157904	686.747536149183	983.965816425316	531.633344616785	702.477607823729	227.134385711385	2027.79121186634	1434.94153191087	1275.8802209702	556.836248694685	886.946873658228	513.839466099499	476.892620804313	376.260729452233	704.559022462798	794.460779085486	518.008262291307	1298.94315911262	165.428397515498	294.904009216913	1083.34757989398	712.977057324414	1114.89067065219	150.083661613875	660.550385119213	1100.56559746742	1859.16572823388	552.425370341875	597.812011181589	854.176410146259	334.95922985926	357.42840995345	229.887609792376	517.343196177126	2022.78860661852	308.312082390023	866.252231279919	724.767358608711	440.843804077934	785.874759126488	2099.34903815927	484.904115526629	504.366540721955	0	400.039591667923	332.841446508723	594.708398099739	896.488602856112	520.236109765591	575.483430429911	437.253021617368	1396.85098433245	2253.30982600882	709.48782832373	1750.1095615525	358.987810018458	720.69075019081	241.375897007307	506.561463174486	749.267736712443	810.530193880024	503.360867184129	295.081069363397	112.411069817583	246.154487690208	329.364776200877	982.745702634116	1062.07460516417	352.951780988688	1141.85541891443	149.290318488549	1027.37159860642	1416.17847712077	326.499803748089	1710.85976034794	678.403182148248	902.360899797029	618.323314253226	522.10322791682	858.325731228559	650.01170805496	902.344091216619	1011.67440071571	739.247150158699	1132.99593864097	848.962204828348	494.509490597456	1695.30901398101	466.301350219608	935.81149007258	1149.09991290893	1152.32522001618	298.352919908871	112.757012627135	333.570505298392	501.024754556875	1036.14969598038	1108.83694694648	597.156623693099	378.876531025805	456.874545895359	692.646045822915	682.874446949095	204.548509413802	561.188021684225	812.027129385383	72.1283999507658	1295.21378233079	651.978460021873	430.926940000519	415.081083637946	707.414646326538	284.300834460654	631.497405335905	982.224527513217	1086.76074758326	447.121944649203	552.55540778712	417.393003876881	647.008230910915	424.644681422148	763.766121919525	970.385738764714	950.720943903955	345.553386439662	774.674326593927	1851.91679492686	425.330133328524	561.888830198965	299.705076909919	450.042329055274	849.40451463808	1306.49292227811	118.51809307487	52.5819262313199	1282.62834967194	688.19504796543	913.141499912188	317.50707887783	435.218778067017	675.150418218945	443.137755090547	637.456018002118	776.080158142181	735.616473405074	792.187542269767	1038.20424049796	815.490769149352	881.552360122343	406.032027543735	0	213.395840424884	145.628262086461	871.552786392356	1108.31995441613	389.709864396637	995.568621421012	404.596786938627	222.862782619847	1308.81284736622	353.691425714785	476.109590826088	897.673079768933	1155.50413423947	774.005648884424	560.356753415565	774.81494688009	1370.07334462126	971.809723727704	0	944.905451258731	364.624476427042	430.777592218718	1241.32874740119	532.782569664415	793.139357223149	418.217218745866	598.736201375552	416.526575448702	280.195768047955	1258.62608963271	1597.38801575028	1542.32838987503	811.846209180732	1299.55516591916	816.961395028789	139.095661497868	699.5124698926	646.79638442473	315.657194248261	394.759303325589	945.21544385401	658.453210397194	332.360527128805	1293.13091075541	668.629578432417	1212.03996541903	931.469261414337	283.200474301873	1437.89193241214	128.556928030189	336.192326945105	209.665600687604	1035.83021992994	751.421431658384	1255.44379605339	415.628029730895	752.620789265368	661.354336057715	730.683221326663	988.473808531492	610.996432692421	1278.32373481321	999.049269938556	113.490747102978	766.865760712281	490.661606817132	1178.65972524537	333.356986104641	713.983895157033	748.476907559166	1387.0856499758	824.055365256774	903.415641879258	440.306892553789	1535.1684393992	722.943891685093	1079.45862700305	423.651973161603	499.666062843876	965.413460201242	1225.28432023337	1077.53934447283	952.200460775605	613.174789557691	1391.91859333134	1027.34907764436	330.090430634039	993.328928516417	598.00854854447	1381.43800866065	531.001648753665	1256.528197837	1145.0375635586	924.932402122535	0	1637.77722793297	691.544074013219	329.597908596065	943.22693729183	542.363376917818	564.342905613304	850.66088527718	617.309204256973	555.384867612015	890.032815188985	174.250448004381	1018.57807440115	566.144904549153	1672.37138653537	486.302751450384	659.612767008055	247.86467068741	509.171781886411	468.691704997559	703.71040394639	727.186347057924	407.026147224214	363.874152217658	800.747591874001	0	1650.01809743858	213.25932882154	898.024149576652	1293.86958983267	835.510600381824	740.62929272667	491.715098300673	773.327214766177	910.936805590579	921.60691794106	289.456408138854	1206.00108046638	209.672817435527	918.948112322119	807.650107373769	348.36812186679	1264.08317925282	1039.23486410029	2323.89114290061	315.622147113938	674.479270863423	1133.37298665378	276.303249422179	630.219341583139	1078.49993344442	1082.39433096233	1488.18264731188	0	482.972027418612	576.757886889523	649.513492168386	187.033399641484	849.986091679455	330.429428226756	2302.52696808644	1327.28846971039	829.653816985238	771.503756939699	426.411228825323	1249.64494687933	1020.52238848571	282.92708881556	688.255742412525	261.943066315645	560.410303993311	771.968478172232	1053.25290129524	1446.8811007389	1860.3155083759	559.855841901151	252.80739314094	310.996649165355	406.902302040556	497.217676794273	880.742378559272	1338.32916277091	326.8827321404	879.048051461747	443.90296256463	266.285001613946	907.602351534666	1165.13956942834	1734.37869424751	222.899024756684	1551.54294882266	533.331600105047	412.671455289083	1323.27503204507	1238.35708551511	422.439740826112	1190.62551911251	619.429179410252	1337.60653983003	394.180562600928	956.977757293364	491.578208493108	831.641024381061	272.124705223344	685.612892261852	771.738122016649	207.747357779556	1036.38647275966	170.800496712018	442.915196531884	785.963172667483	1126.94583308278	1063.3983877885	237.596610832888	301.394858336192	927.147363916666	383.275396677302	877.444848712723	598.140706544689	427.798753614477	625.49995554394	655.323638314094	743.226422222683	867.392594376419	852.065070737218	359.960015450607	881.542013503477	472.032429785546	2353.87726446122	1314.77743373725	2076.56007098695	324.562623359644	676.489295266123	543.326761511978	821.816655435501	248.675201993577	264.114570393605	387.298910783785	542.131681709044	2021.50271776273	233.680999197924	379.786941720068	1001.0363928246	730.10462862164	254.40866455015	599.507438217002	934.949701885681	0	913.128128083902	1319.03172937632	814.945512045993	179.846799996494	1664.401027281	934.585309328753	545.916743521529	1390.35072550931	1050.61004482574	611.020191934693	613.480486915399	392.558375080708	452.636788458026	1944.15573025747	468.160469798407	981.818900830885	1037.49584000003	749.451264127243	414.415349922391	1514.38582863957	388.620482018249	1250.69168770481	1333.72450848824	898.836669318646	1523.77256306189	253.582059567544	815.460530525375	117.978485719723	671.586753037203	72.5146835977918	554.77344821571	755.163735546358	1353.58682050554	1501.96368207873	391.152781767811	291.119995954196	561.549986416542	461.567188750583	843.353514406452	879.41131659694	1587.33446564961	1734.94238309763	1193.02123230498	402.725386182889	2053.89262979756	681.958249261102	576.214571397914	155.866012177454	1208.67801101739	247.306787579593	575.811219687037	1284.5552393641	1088.83647130175	224.566920911862	478.99137636273	1291.04819673829	446.207131573278	1243.44244807261	155.766225689742	532.487651919337	1857.81254724377	510.804666153095	806.553065615733	1018.67801909208	1050.8123948891	173.206564381028	2663.20389603911	502.171916968405	463.038370201535	1147.29210772883	953.351277571431	701.268986650508	785.804723851784	433.708359848133	1490.8590004533	245.040472117405	771.16126378199	1446.08709070092	975.991493512092	1099.42120284883	602.649036363976	1001.65097160693	2253.55345195288	642.404854039665	954.676678637221	670.665501190995	998.940102081572	203.413377528221	395.549960262758	861.48762891285	480.60875882186	957.517683902423	753.648212541509	700.573744836583	703.136637475801	901.340425009144	1704.31785238596	789.32271310686	208.764788633553	543.713293284937	1561.70764889533	1349.92776152186	508.31827600586	894.659912147396	782.782709093464	479.891611498324	389.94683563866	625.571547159824	749.817914418886	434.289651291799	399.261235007493	1212.74353255773	493.132093247346	669.242302252084	449.164846037244	685.452651774458	767.212589749522	640.476665680207	478.84796957732	488.424061088263	1716.79991943153	943.992888424421	1285.84734717343	408.461445415132	1604.53846495003	966.354655718218	564.611212500028	614.286519119915	236.173199534947	1730.70790487102	1405.3313751786	131.570544511962	626.015146923913	229.738855916378	314.118697964394	735.287603159533	612.927490226673	416.200393981387	985.62946270963	519.29046764202	562.930964603598	292.42783680733	404.387819690558	955.716038682201	659.638237754309	376.320959754062	984.771598337143	379.262073049323	928.112461345802	729.874667442319	73.2037129477275	305.798385450005	1359.1478581291	1017.682522261	313.879669738661	200.095126223833	966.052115076388	648.223790645618	359.442084343149	1684.77206360891	657.449560639653	301.537961977902	537.639031506407	939.918139211662	29.8830921978908	168.150996514595	485.782940574119	1064.48035110292	504.683912158385	573.758763394902	534.819816861699	632.305976520279	503.18969372345	951.21203795611	480.755020771086	437.406081370544	130.071379209096	1269.63927815292	906.833812230133	808.834881576464	878.539479969888	52.4444057252369	608.486829525324	0	136.051449937239	831.348358970538	207.538210725803	757.095809083037	845.604370409785	611.283965572111	885.59450116676	81.7974974029987	613.344610350471	450.822699408752	961.707173649953	0	164.80390638191	744.522223167034	398.284903862613
2024.59296987777	652.453596189007	234.425252016591	266.988560259087	488.933474238339	693.991607741883	873.459873407432	2175.24983501618	200.305348262297	628.455457279782	484.416865740678	836.308988767238	55.9119080662384	578.854421303303	1475.36968028144	202.458883504676	787.458531664777	1627.98028858829	436.560327997185	1260.04822218961	612.254468758551	692.41498021962	662.819058988575	758.873589397818	491.955806712006	209.814200252609	564.142862843377	839.210774107268	1060.31314117538	740.30285405347	1317.40301808299	864.960328872351	718.533140282675	44.5828304003111	1202.31504508513	169.36743622112	1483.72679582998	822.667765100485	600.139155518616	1065.82292712808	172.868126132118	312.181464398738	803.781574327353	1673.6508109545	157.686614086544	632.679126041754	721.040412706138	939.009032409443	280.627530534038	544.995732438142	420.845628791085	643.559096604566	1367.15455416448	891.722242120273	878.602896157592	1406.67043434061	1157.07620360017	1080.57156573908	763.250455626413	1168.6582179585	687.503673889983	661.767099950939	589.537060517791	1083.48346069982	1622.38716870092	1623.39449147981	217.039371420584	117.65255091221	525.149196133698	1166.13714318666	966.636005819513	575.388534795059	766.548617405183	591.127922181162	943.104688747221	574.066758417437	596.738960084638	1480.76205521477	401.497456081756	1576.85682669883	1134.8519200694	443.075138640896	850.385669910518	871.589998742197	1020.732334309	236.029587652834	880.183295859041	950.764709281284	407.475147472451	1355.82119133228	1350.78385610237	735.159434584624	1069.00488274528	1341.50637300363	1921.15146266713	721.85488039698	579.943018294403	618.303736145448	631.840399744632	1423.37396783097	465.770368681696	464.513788206613	858.815321161587	649.087098446491	200.528695370767	447.830575768921	951.958444278215	629.746090791129	1405.07425385079	850.47674723912	1146.87954393075	847.411353779468	648.87453481811	350.211494093905	493.825545589213	1065.27035168073	1048.00151831834	1143.07297356961	301.052644375504	585.680477162522	405.031346181709	389.128852060985	1666.23054074065	135.779196011899	216.856721283454	715.849512590162	879.187121922175	315.833346680695	605.878900544093	780.821648519747	1132.31517321437	877.209942941674	153.011995107962	695.038269108385	1126.48283703023	2341.53378721856	492.988576585402	1001.38344180613	324.471916366657	1448.43724087314	1426.59247020919	747.7612323166	1196.41020937274	329.643831425961	802.418754373964	708.346619460152	751.266856403187	669.269789713517	458.985340079752	153.954008746622	790.253165640129	233.033631538978	889.217833191391	856.278518544985	918.314400631711	482.169258017876	1098.63510850953	584.103494053617	511.257170264659	319.583685676757	443.226357519478	982.477951625499	430.143044457112	601.827243284312	1318.38747990018	325.149525357044	912.540466002833	436.18802576426	1584.14342916229	954.913280006941	448.152284117874	1832.90621046837	684.67396079047	726.608701062049	442.320046095188	686.776133898203	1902.82814166602	853.795367879383	1670.16275246167	652.038305509181	293.787240385082	366.971830259313	203.760469771944	520.886710273773	207.319266485382	127.168291228963	991.872736818072	1390.82997784804	833.88218745825	378.651933933474	435.710731022508	621.555789587059	1690.28456826038	746.352919521174	354.592130625454	965.242550594112	541.662181408392	18.3386720824372	1004.64683380301	157.583394641329	566.093703186462	1018.4301721085	381.538575163804	221.984370230163	873.084221224861	697.075839845068	1106.66195442463	1448.50596675595	922.915706255322	882.999774641472	1016.44713642273	535.418630201349	879.740072869857	441.186351175937	672.396015885508	546.761155320398	836.103889984269	728.610917315337	748.773658138741	1185.1839500519	575.846266513522	686.878641439202	926.437518506626	708.650930225768	293.036549428733	782.650595275883	558.062554040697	691.478010020396	756.339929981175	598.163105208302	1290.28344002633	1326.14257517531	244.280560724934	1160.61213899742	787.145084963834	404.744545334744	311.417355121786	427.88750606911	523.593324701114	2067.4950870661	750.374748674226	635.339232600268	1489.7498135569	951.202350152999	257.541837539303	2147.94837399468	397.299414898767	1038.54713198747	898.396289113898	1115.74687065277	990.93297904088	1061.32918458506	1315.07552435259	596.569985347649	716.617873004552	409.71191913228	1097.70679970402	206.841776867146	1036.75293342614	1807.55013034824	647.335912323967	904.165210544172	1724.53307608573	546.539360908552	299.687069253253	588.299257801722	1238.47097154049	1381.18573469577	548.761263647615	471.728428446738	871.705067922731	855.11983569872	943.191962170749	708.48402615754	1010.93411112317	472.989989001077	668.589079873253	1192.64180375797	1178.76464609877	743.12950450906	260.081074466559	255.99276911297	715.697643658197	436.000869621918	940.839987471727	1335.02691719666	752.960645999884	898.499974398699	927.810298640804	1198.19916456208	747.693663903693	1609.7595512403	987.898315252591	1271.31626196131	349.140451048143	1473.73829148298	804.888404245608	1302.61576180429	930.561257818155	532.384126433656	380.311505657585	2590.05257377857	539.69322242259	365.33345111504	0	1987.820956405	362.27009611582	920.45540018129	438.733063207284	752.283530738223	616.108135744525	779.037993531738	697.015348969023	927.398662938643	982.31186403494	1343.93632126063	572.303795688346	1083.0262696558	729.929010984008	432.980424450129	1076.60113500676	642.302708311173	1217.54758112029	533.387773930342	266.436457750391	909.677557928895	1062.36622207334	521.990471937191	356.131817246742	1259.24155693051	636.70287984067	955.724949554659	312.081663349993	264.244261474688	767.498897976302	723.163445051574	481.020021045861	427.084664246689	1366.90854298638	1614.29164232028	621.379840704586	743.746120948312	273.092498993663	322.964959937729	615.260285408468	479.731003463236	1047.38363756206	818.907510517157	882.956281867097	146.026664086326	600.121547849309	1138.51242979108	800.505472243915	69.5663559767058	976.781119099144	688.706111218257	939.574734897144	1551.75833702981	681.104278908116	205.335961240073	657.096320061261	1047.74462684492	789.641543259711	744.553124229856	780.365893107497	637.83032919853	1555.06385072218	454.901493640452	466.408887897431	1238.59730046049	648.803482893819	1000.79171863614	1309.69517971472	780.342213654683	828.980565044145	450.134422134674	991.355467107282	434.154823362879	1203.15013441815	1475.77722222868	366.005247925999	532.140754181799	0	491.841392567675	1884.27402754513	892.222616532012	1554.06885497825	352.366289596135	567.891493597673	585.588336978222	583.971352822843	584.308572044312	586.125011381183	1398.71708036633	333.569948230503	794.439111417848	1513.77711173305	524.783960432868	358.540505363254	1136.76818381627	1401.13217491624	615.451885432135	382.53230762053	325.537420599172	1643.78362672755	309.297128861321	663.534070639593	859.442245196092	508.922950434853	329.829543441496	823.196198846163	1067.08553530708	536.097082388558	725.903585015744	243.660414176944	2032.03523067738	1434.94153191087	1383.2400128337	624.083839557447	932.687363001325	515.623319499153	476.892620804313	403.60046774888	720.761319549989	803.52472021377	538.403178142247	1300.72303643759	211.595536803421	387.48154203666	1112.94853166058	821.367290838183	1133.00043013684	195.616012417333	660.550385119213	1170.65944621152	1859.16572823388	563.97657233074	597.812011181589	1070.69728957119	339.70614661586	357.42840995345	229.887609792376	557.075509893228	2022.78860661852	308.312082390023	890.459216443232	724.767358608711	559.461184751323	885.436987969501	2141.56661348502	490.830147825168	538.357156947258	0	470.321389054903	385.233250002546	749.018685892877	897.612221544526	594.29736655771	600.125181965157	473.831993381008	1396.85098433245	2253.30982600882	745.500228312757	1786.52669376708	519.525681580249	748.771799202839	264.768647067472	506.561463174486	826.659253906736	911.779745535532	946.738601401667	297.356180756307	385.738235129734	281.86634649515	531.556980989855	1046.72033008852	1086.27241002543	459.654372258632	1151.83185614995	182.919185247503	1036.2412556841	1416.17847712077	351.997354729289	1787.83147673065	827.546811151982	906.553672502314	651.940490946152	527.912498932137	916.379826239079	668.570940949054	902.344091216619	1066.35328425885	739.247150158699	1188.82522851025	853.673738122681	591.587100501516	1786.3571851515	469.159427892176	996.312100776862	1256.14468676949	1348.68931281674	327.490269926547	130.71423180635	338.805323095819	536.071292303692	1161.36123422723	1135.5563679121	694.920671628311	438.786210637937	456.874545895359	904.954354119642	724.713677940911	221.021247252054	592.471254069956	812.027129385383	118.275042871644	1362.61438259725	651.978460021873	464.311061499433	415.081083637946	773.887742550767	338.347853948813	1101.41808164814	1025.74501556324	1094.33640952081	499.165423989248	696.050054075491	505.151573384119	761.463555836257	429.790679486305	773.762534252451	996.671335380709	957.101580236109	386.970215379511	776.725162828368	1852.76767743074	462.360926422297	611.709433219423	348.303548237124	534.439478876401	857.410748833904	1306.49292227811	150.482532394097	82.3975624053559	1426.10328814125	711.411998184694	954.619031947293	317.50707887783	483.998291790694	745.446206687553	461.002111085163	667.390628507124	776.080158142181	753.143301576988	809.302878147088	1038.20424049796	815.490769149352	902.589960475526	494.467646021972	12.2878459865182	246.821693763184	238.605272224705	1042.3274539697	1118.57353640707	390.236623730565	1094.60942186318	419.827329564312	267.107595011091	1441.7228140603	361.740643548201	693.224419068035	947.865295222202	1164.88443055211	821.727727690534	560.356753415565	804.05703309644	1376.98377201906	994.132312412835	159.415643595629	944.905451258731	394.272638515453	468.040177586138	1407.8131076303	619.944839913132	861.690094271859	430.886746491477	727.859021940849	598.07593861992	323.840066618329	1283.6551823088	1828.99020616013	1684.21976283582	811.846209180732	1299.55516591916	877.090867803163	182.874578758325	722.076362277595	846.824221452827	385.927701364243	486.216524143249	1091.57582630303	664.283543490047	339.833615791715	1320.28496366261	795.992837051329	1383.94104092676	1007.13129763499	355.200837907232	1439.21908425687	188.725746858703	568.584987426534	259.590503731127	1039.75519447021	751.421431658384	1278.12602097941	435.336195739646	808.393427456407	670.211602670152	836.883987945081	1051.45319387146	659.805121885813	1321.95749052544	1062.44258999439	145.315242717459	819.336578478594	528.032546085652	1178.65972524537	354.679160226544	787.119995693101	834.256048042294	1405.5210397733	935.31419535898	911.063349678216	461.089783828761	1703.80133053838	821.52717592607	1114.04797702182	425.889808151048	507.995928161824	1000.79533127093	1225.28432023337	1214.74896672681	1131.46068260573	613.174789557691	1391.91859333134	1171.68914474267	511.810268885069	994.987996637843	610.923260898824	1491.36913933213	550.952415141158	1495.90507628585	1200.0888693243	982.284743611789	0	1782.37406458125	705.169510216011	453.9660724387	968.889799774755	551.923822672824	564.342905613304	850.66088527718	618.640395003279	648.118630286751	973.06528194548	203.596557868462	1285.33054024121	633.643112053722	1777.21132596915	515.900960134781	695.848680652298	291.874014648545	547.595303410159	721.843165915848	721.576674577727	728.951736600251	503.229583185323	397.955697503831	800.747591874001	0	1705.56020343028	301.222652764356	1070.25562041899	1293.86958983267	923.998599423964	740.62929272667	542.796711414266	798.675889841923	910.936805590579	1008.56471213363	557.699763621006	1206.00108046638	318.55978535312	923.792565318448	815.127046289924	508.004992455132	1264.08317925282	1066.88937854667	2324.16835440564	336.85771987548	1045.52825051871	1134.41903526266	334.492155483339	765.148598363766	1098.80237787469	1082.39433096233	1601.74947873548	440.235426170082	611.809945308585	688.675206603678	758.76331762615	229.473947701369	923.61574806999	375.974068028651	2334.08177998256	1327.28846971039	982.376487375127	771.503756939699	457.54627798548	1364.22463523768	1058.3331499185	327.516296024643	890.342810737187	290.449083640217	706.743172663056	771.968478172232	1082.28803582369	1500.15703031772	1860.3155083759	638.850424995166	276.142191201126	360.005405346683	489.665837078765	692.18188638939	902.407831272091	1363.52554881303	326.896610028139	879.048051461747	478.558313254777	375.769345528772	907.602351534666	1297.74170773886	1745.48302505897	275.438251815038	1551.54294882266	538.671017311051	412.671455289083	1445.70325411898	1428.62967102276	613.676954212437	1269.83551787388	691.788555033024	1362.1031688481	423.547293446162	956.977757293364	491.578208493108	842.325203156785	301.353245276618	695.982647020099	771.738122016649	228.959358598913	1093.93411768201	189.344155166526	497.41405601397	919.645632333575	1146.4636771403	1122.60085915077	259.632352441471	411.482153672474	928.221682530742	449.853650790888	879.187772267992	650.016929770844	458.974244105	678.077180350342	713.521799744609	886.551645009734	893.889820330956	975.891568820483	376.596962786167	881.716133600981	496.805803069195	2353.87726446122	1336.07040724193	2076.56007098695	341.547217861894	832.449469326243	569.60618412268	905.942940258383	278.164904326501	288.212327575542	467.97284682264	542.131681709044	2033.31631553684	233.680999197924	395.734564687918	1029.27662720953	951.49716593476	304.152333509276	599.507438217002	1160.35681926153	0	972.389331083661	1347.13573251403	843.773086118018	206.63764913918	1664.401027281	954.329097660119	651.699247452224	1548.75715294115	1072.39378182231	645.568692026223	613.480486915399	559.154235454407	495.948037515253	1984.27377536859	468.160469798407	1099.20894336344	1063.336980147	759.752007478899	414.415349922391	1579.17949356769	402.831693745033	1319.13610125853	1519.77761828436	910.44372885821	1525.01548439987	253.582059567544	954.932328152943	176.138909630301	677.169487617967	141.20144573077	554.77344821571	844.45479785509	1423.09437049008	1522.00668012777	391.152781767811	415.688384783759	674.796955310051	477.946447329914	843.353514406452	1039.46085828699	1592.09018937989	1838.59401193901	1193.02123230498	452.010609954508	2224.00142892891	723.856757048411	588.268382795375	210.01465501923	1281.43110324059	360.779305971127	588.255008681457	1284.5552393641	1107.37953133507	370.159424712032	478.99137636273	1370.80525927531	446.207131573278	1376.63890971076	206.175117380574	632.031567741862	1857.81254724377	530.629216772264	961.408321877512	1187.58598152547	1063.68533808271	196.919031170246	2664.46767568576	548.591049367096	463.038370201535	1147.29210772883	1075.23609203982	706.089696261972	1009.32135426449	433.708359848133	1492.54266287774	269.987085963423	800.868578924656	1449.39226118659	1110.5852875875	1099.42120284883	709.680349149946	1001.65097160693	2253.55345195288	861.161916361271	986.893657632082	692.300727011115	1013.65839331877	353.845640963411	411.323574326896	861.48762891285	584.053200859914	979.716469969343	821.147311135844	711.31141799901	844.734317709643	1102.99673004078	1704.31785238596	797.709215143991	237.892088204697	543.713293284937	1606.41734372571	1349.92776152186	729.584969861345	913.937043652782	784.968250881983	479.891611498324	389.94683563866	625.571547159824	749.817914418886	438.476893740035	399.261235007493	1212.74353255773	536.994190708294	681.285799299002	518.505388528367	693.095770674814	831.459871485728	701.705619879558	478.84796957732	488.424061088263	1770.66233092751	1054.45954511365	1291.11841446909	408.461445415132	1666.00866131987	1014.64261991967	589.629549009003	614.286519119915	259.675531022715	1739.7763589956	1550.14761655115	347.045354074066	802.294940020978	263.913599949833	314.144831481749	837.541972696833	632.663901336861	424.944729566656	993.100894755021	563.85468121112	709.797170668851	327.272715346212	448.10331584168	984.339639437281	695.299647051952	417.115474928303	1002.96114521693	471.952997704573	993.668671623619	729.874667442319	88.6815580684639	305.798385450005	1359.1478581291	1075.18116442228	392.036750157001	213.888393960341	966.093816508115	682.324523336618	364.109339039556	1684.77206360891	723.450345971259	347.656906202639	563.102318065146	1043.4968691219	186.774147257918	206.102886253451	568.181651104336	1348.35998495753	504.683912158385	672.744792951125	547.847280366418	632.305976520279	503.18969372345	1097.9144469316	525.11171863061	439.41285707665	170.896209102095	1331.71559019949	1093.37643358509	854.608404877161	879.499090503902	175.441297651655	651.990445647093	0	149.865366002319	869.930820004522	321.657711492016	819.651381067386	906.158808160825	745.171629689419	1022.43572543015	95.596644714752	652.298320652957	680.130921388652	1099.02531469743	0	183.872424150327	757.181205872509	443.970143506881
2024.59833426908	652.453596189007	234.425252016591	351.909707663379	755.341084657775	752.669947609759	873.459873407432	2234.77580113092	265.816516472365	680.333570662725	512.9494290019	836.308988767238	77.652474522402	678.262528656437	1503.18399345436	231.877945414757	998.75796780359	1675.25998428783	522.391778371792	1260.04822218961	653.999157232729	794.341557631368	763.974546970252	765.876476070255	682.425122727461	263.359042902596	564.142862843377	953.768968443656	1090.74834313537	821.267166458003	1400.94102925344	942.049645224343	720.451252452577	142.964379739995	1241.69879191948	242.700246866432	1660.09742460486	822.775000831333	622.505064268001	1156.34599448162	208.936921727188	365.630828351719	1002.29610493354	1724.55882975216	271.744731886194	698.148312592094	721.040412706138	969.060620004823	347.279848480677	614.014307219922	452.399463052753	798.534954822854	1404.15624269624	995.982689058471	879.874228950826	1406.67043434061	1168.22589655256	1157.9788303239	1083.73074059466	1264.17743591439	689.368471248482	661.767099950939	679.726820850268	1122.79815253189	2260.16569843044	1623.39449147981	251.03818353022	182.164502652092	542.977215049849	1252.616777778	973.512042488136	718.587328718927	803.128058995391	800.78635176397	966.561173074712	649.409334267252	596.738960084638	1516.75307651267	506.25977984825	1627.47105373799	1191.48886292983	443.075138640896	875.853286816163	949.443473868083	1029.63600785719	416.078086691233	1053.98331835403	956.254765175399	449.160025310187	1617.29219156018	1449.00808588152	843.356883774143	1143.81797353298	1341.50637300363	1999.41638766916	802.734315012441	727.587428650003	702.627662966444	668.568919697769	1565.23330931016	480.232560538678	593.628517729197	933.30453651026	667.202069747725	222.528082071387	498.997955158582	957.651290650554	753.560387743787	1648.38172305571	858.394852224951	1220.16994037653	906.681660170382	675.757583826634	469.062974029273	507.732625328368	1250.90728497901	1132.96223015711	1223.60081545068	415.358723876504	632.954578718681	453.793524868837	472.523065525122	1667.64644837885	157.969432950472	266.667920457788	722.92290395981	909.349221821945	348.377238063513	691.170898245706	886.084392255332	1179.39042490281	957.406320344676	228.88867690461	695.038269108385	1223.52584714863	2406.63216535122	538.719495149138	1049.41002812547	373.281457494232	1507.1833185743	1456.69941872061	818.342415707827	1287.82286042743	519.30052181801	832.097837581947	708.346619460152	798.680311603837	669.269789713517	503.875216897925	227.964214962304	790.253165640129	263.263759918605	1018.80781757239	911.427085128949	918.314400631711	590.685607796198	1126.37507609742	628.367455722282	568.00422106897	375.181442245974	443.226357519478	982.477951625499	492.925768394713	670.878013578024	1353.98331202212	441.964554298653	912.540466002833	442.86551774366	1592.51867775383	994.00265250634	731.953515105894	1850.53642087125	781.717091308602	831.209373935873	521.732370395915	686.776133898203	2028.87206792442	853.795367879383	1676.36851183143	674.118378035476	459.198775967368	478.498619233217	242.727570804987	550.617114849746	243.787468890865	177.417260078549	991.872736818072	1409.15403129212	936.372532264925	378.651933933474	628.705228212214	702.721130118756	1707.40300660423	763.396755293453	383.862733541162	999.547211719777	599.397933679711	51.5765586049924	1069.2120483993	182.833313937362	685.517976789652	1044.36313129551	381.538575163804	293.149530959472	1077.60038591779	720.159209917064	1113.4716922475	1448.50596675595	1120.18138981033	962.43713529185	1059.86368905306	618.466087705205	947.449501081831	488.572719516698	696.6563142972	607.720464860337	867.041537334519	750.095812183327	834.984005709119	1259.70357622339	701.059744049101	686.878641439202	928.662341254958	708.650930225768	419.501437319942	782.823520810616	668.832926962308	715.380843455735	777.818728745838	649.337190298764	1341.11758502115	1326.14257517531	300.047868778575	1264.50137130226	787.145084963834	440.368980375121	347.174734297723	478.241265811989	662.617579489745	2082.9283363474	778.820780892928	738.408527811799	1497.28920653732	954.41556242889	257.541837539303	2231.77205347256	397.299414898767	1038.54713198747	902.539820622006	1115.74687065277	990.93297904088	1262.60049563479	1400.13502588957	596.569985347649	737.025452891768	541.135570520134	1107.54667448087	269.321760893224	1077.08547793791	1816.577724419	729.979946072288	904.165210544172	1833.88179478409	549.223120490672	405.093715661903	609.722254900827	1335.15104837983	1395.21238369748	569.209471135237	471.728428446738	904.614383146674	855.11983569872	1019.26768810629	741.81392900809	1156.99809911858	543.302344978974	685.564376514546	1192.64180375797	1194.82583417888	824.483091064809	271.427715981086	272.935127020251	780.691771987007	436.873110242286	970.083443833053	1422.76826914539	802.643003051226	978.610649728317	937.633429521863	1206.86166918606	797.179305644058	1609.7595512403	1044.83802640807	1271.31626196131	349.140451048143	1482.67846322365	807.915931838045	1343.19188645307	1148.99152618285	546.865424908214	548.950345299484	2645.57499928808	539.69322242259	422.368681968309	0	1987.820956405	362.27009611582	951.65317969339	438.733063207284	861.502726327452	734.410388779558	889.589129965352	731.453463364319	927.398662938643	1151.34874458982	1343.93632126063	572.303795688346	1253.7476500867	826.583609781966	475.751241864355	1266.68670288599	696.951020477173	1240.03303971225	610.194641711682	310.854075960023	913.437242366674	1093.48459225861	526.052528908312	372.538977922012	1271.00962824693	878.87815224688	962.772773616983	324.023271090377	312.65624839141	795.161509144074	807.072714337836	523.624196955972	427.084664246689	1366.90854298638	1640.6558710568	658.39857171074	802.475996871144	312.640715651085	381.341034902571	727.034823678013	511.036799189973	1073.85674171863	818.907510517157	908.362605333157	304.137449778479	658.210011436439	1138.51242979108	816.239483971042	247.921780187198	1019.87389678751	789.772503037527	939.574734897144	1653.57761943696	714.967572686867	315.004847437639	657.096320061261	1260.07224656201	789.641543259711	785.602304827138	813.81754536363	644.909456652783	1555.06385072218	523.248345737041	548.84939883971	1327.14940363912	700.225073332609	1009.90187604169	1417.04647661658	795.252884075728	895.455350715754	463.781799094033	994.879901751924	651.107840680454	1221.06738562829	1524.78147184921	366.005247925999	606.768362530383	190.786439047118	530.115483169798	1934.80260016025	967.271251670235	1594.80206818459	352.366289596135	592.765157334402	619.625790507858	665.119134114369	584.308572044312	691.168778829011	1428.0512360182	498.955293018174	844.092658507474	1513.77711173305	548.135108003794	422.863238317756	1441.715216701	1411.35274419784	647.559688694748	386.01857568335	360.215151289573	1658.95266424116	322.108263268732	748.855413224436	964.818111818087	508.922950434853	351.690304019979	939.336291384338	1150.5439496882	545.14352744303	871.59027163229	304.187668712494	2036.2806707881	1434.94153191087	1490.43542822648	694.328053919873	981.403217089173	517.420109633481	507.15963183297	431.013682650344	720.761319549989	806.692319202245	553.531768925867	1302.50303327882	257.919898541702	403.591441012094	1112.94853166058	970.214659855798	1151.16770986156	241.75863616733	660.550385119213	1233.21046933005	1859.16572823388	563.97657233074	598.342866327601	1266.78314651694	397.950330235718	357.42840995345	254.60857397637	596.847113462523	2022.78860661852	323.190263910998	915.099556552274	724.767358608711	678.749439889161	984.487908438669	2166.27720208446	496.785471524419	572.86510841728	0	542.208914973663	439.890944862438	758.804032735453	995.406322761434	638.110508224648	629.256171609543	569.789496807585	1396.85098433245	2253.30982600882	781.622108410764	1822.97250368339	682.485105286355	1024.33677806391	288.784268513614	506.561463174486	886.129312042546	1014.30701799921	1026.31625152537	344.048854620149	700.851417590085	318.723762476122	735.76285964588	1112.34026341992	1110.44803715329	540.746769322044	1171.67914494909	218.787147598938	1036.2412556841	1416.17847712077	389.736180562787	1864.90648196963	865.600091847045	957.280351130639	695.791191652405	533.88498711577	930.233561090502	687.243211677623	902.344091216619	1128.96085383162	739.247150158699	1244.71963966177	938.055934787263	594.137852217831	1880.00207205207	472.061776394256	1056.74108953887	1456.70817781851	1452.66608690112	353.305257115062	159.851304096051	395.745742446698	574.9651611303	1290.92266184189	1162.43413113085	792.727702853366	498.695695174722	456.874545895359	1117.1920033779	745.031625360777	265.425081897889	675.039751565467	812.027129385383	164.489935957847	1429.85436812776	651.978460021873	497.75794242955	436.287312813461	840.160404909725	392.352652517023	1104.77310278699	1070.03751451399	1102.10312574451	559.493835053936	841.159126520742	603.187038754765	875.916815152455	563.467878180517	786.995653006621	1026.31398544281	963.489164001909	413.899094913974	778.810252638305	1853.61876129276	462.360926422297	639.109329282313	400.660935233422	694.838407720686	865.424765652262	1306.49292227811	269.686099883625	112.213138312202	1572.17383112621	734.864809982085	996.419490822073	362.031575482986	533.843333138693	760.287615317036	479.204725407802	697.835106019475	776.080158142181	770.890981310387	826.8601010413	1038.20424049796	815.490769149352	902.589960475526	582.546144164033	359.208142890575	280.230848693534	273.534879446839	1213.37815966992	1128.82943861125	391.225867312696	1193.98008817541	435.117086737308	341.611059324097	1574.53194999562	412.641445608168	909.657108816937	998.026306562587	1174.46791000988	869.427620764326	560.356753415565	814.725975710763	1383.89116628464	1019.94399438847	248.540346086489	960.654629836131	425.991589988934	527.512619140086	1575.48535964976	706.699429202224	955.605048054339	443.557321452214	856.396776589061	823.119643203795	378.868382051348	1283.6551823088	1828.99020616013	1825.76983713438	811.846209180732	1299.55516591916	881.73091177419	218.352237756995	737.945124847933	907.79467255809	525.130938733452	577.543336261554	1236.79284870755	670.114353208516	357.198513324312	1347.44851409866	923.315175907642	1576.50574188551	1064.37993174835	435.541050453056	1440.54961652748	344.290886455565	768.559876698123	309.621845781896	1094.97542619285	751.421431658384	1300.94591173076	560.12886419454	887.031795187913	679.112202201495	943.219435542294	1114.52165964679	708.468441726553	1365.5847814746	1114.17304800962	177.166288269125	872.084622493456	566.056966563454	1196.88628819123	450.238002876225	860.302983556398	839.679865931568	1424.62275965084	1046.73426751056	911.063349678216	482.640100641342	1876.0707501569	920.480830625735	1148.77110050394	443.76044795298	518.305721925237	1037.16959327949	1225.28432023337	1351.54292791287	1159.71116048312	613.174789557691	1391.91859333134	1339.4531086386	553.941529921381	1015.48454941155	623.979103370706	1602.22547260547	570.899408485865	1736.50369991761	1254.9967980531	1040.28314261277	0	1927.13553736305	718.798812953623	578.443654813888	994.541377996579	583.036608709879	670.210747274717	850.66088527718	619.979718316341	741.193680985481	1062.1981159289	358.685526792496	1339.228667567	633.643112053722	1882.18207959338	566.801618334474	706.436831250637	383.954863350007	586.014798445864	1018.50228976889	739.550691034281	732.829738787253	536.78383735119	478.771518596129	800.747591874001	0	1761.1712497639	327.192010778702	1419.82951214152	1293.86958983267	1012.7352012066	761.818111675825	606.932885496255	824.197661211409	910.936805590579	1096.7904620578	781.929050006256	1206.00108046638	428.03847392622	928.641521128167	963.45191335333	538.268595369573	1264.08317925282	1094.58305960273	2396.92013833684	356.78035564029	1068.74185271104	1135.878287792	566.609732306138	901.026033767417	1119.15003437222	1082.39433096233	1715.6162295993	530.29311174273	636.098993910183	800.886964670253	894.17282221125	271.949014273593	997.117364796194	442.199677116554	2365.61375352602	1327.28846971039	1179.95415501103	771.503756939699	476.243956476747	1478.71985739063	1096.27178892936	379.353250461284	1092.19014494517	318.964243244772	854.863563488651	771.968478172232	1111.42994592457	1553.35596295429	1903.6302947315	717.836740006181	299.646912612342	414.960524242757	573.223002641311	927.138891126631	924.285895778506	1388.71256069157	326.910525601816	879.048051461747	513.514534641863	474.194322221329	907.602351534666	1432.32672629283	1866.22726019392	328.194100810544	1551.54294882266	544.0111043885	466.185525433265	1568.22043017109	1610.36253195938	805.603119248206	1349.1462951651	765.249372103446	1387.13100805803	484.443231037862	956.977757293364	491.578208493108	888.328204347855	330.566927098855	706.451921046606	771.738122016649	250.835147008704	1206.97324907737	207.891934183432	553.40674215342	1070.81234813222	1179.21310334791	1181.68415183707	313.058124798654	524.656622797139	928.221682530742	520.667040557623	880.93452409745	704.255440862425	507.920518234536	730.537618942528	771.87149006504	1057.97348617195	920.577740246041	1099.37313937686	392.87286781254	926.767401539755	517.201523701632	2353.87726446122	1357.3938387163	2076.56007098695	358.526781473074	987.87192352777	596.695493553978	911.070243809777	309.602195927953	317.749862544725	548.892066030506	542.131681709044	2033.31631553684	235.500454984814	597.422865322855	1057.63857659322	1009.43078559546	354.111684304398	599.507438217002	1385.84006462914	57.4384887381184	1031.81363246321	1375.80304617676	860.609980559201	261.154791187187	1664.401027281	974.087182877814	659.605245790487	1573.99782703788	1096.6652876409	680.113416779244	613.480486915399	726.274140818126	562.816969111145	2024.32133644198	468.160469798407	1218.82369572689	1089.77187076503	770.071634886707	414.415349922391	1644.22700766749	407.653276422211	1387.81954246572	1707.84446280665	922.181808203648	1526.25885785345	253.582059567544	1095.55376826828	235.924603214505	684.461385470544	210.466915820085	554.77344821571	989.064401083114	1492.85418957651	1542.08429317914	391.934004441969	684.689156712075	788.748316103812	494.356680664881	843.353514406452	1051.36169783657	1596.88088412545	1942.67391108882	1193.02123230498	501.360704235835	2339.21521994623	765.791058721724	600.319224455958	342.405482914627	1354.30274512993	499.48725862862	600.843620104672	1284.5552393641	1134.47465031483	522.671115895237	478.99137636273	1462.20254031758	446.207131573278	1509.98336504949	229.847075745344	731.150367560639	1857.81254724377	539.957391204745	1110.98069932565	1288.12555699687	1063.68533808271	309.722714889153	2665.73143223434	595.908910651868	463.038370201535	1147.29210772883	1083.15314879399	711.510458313249	1133.25507008631	433.708359848133	1494.26919470755	298.098993899545	821.378920328886	1449.39226118659	1112.47128484002	1099.42120284883	818.420013727973	1001.65097160693	2253.55345195288	1080.29880448713	1237.81586522565	714.770103061342	1042.53678685611	555.470417404793	474.367120483568	866.054148482439	693.154718883464	998.582805150948	821.147311135844	719.511746071675	903.12082130085	1358.36776940148	1704.31785238596	909.050855830343	267.556926492604	543.713293284937	1651.83752530375	1349.92776152186	737.478582133499	943.54800858945	787.155360618181	489.085935998967	389.94683563866	625.571547159824	749.817914418886	442.678008272756	443.609987430536	1212.74353255773	568.612472473628	693.416661578582	557.876889062922	701.948455746843	838.058193192828	763.1294781557	488.279090906621	488.424061088263	1804.23672447165	1166.39654104415	1296.43074317087	408.461445415132	1736.50861083108	1046.43697050199	614.950877507069	614.286519119915	284.839404972893	1749.50184008441	1695.95684336966	569.258613837881	914.3062897074	299.957704819116	315.568111999928	940.411399297023	632.663901336861	436.261530796119	1000.63410383286	608.339889403304	745.259009184607	362.982776978961	491.822549780915	1013.02148098628	732.348846626901	457.936335654985	1021.69623290213	564.192154478713	1059.426700756	741.017290539712	104.166384002977	305.798385450005	1359.1478581291	1132.58124128513	470.398216419898	386.103865597861	1088.36588006858	812.269920475814	367.110540320994	1684.77206360891	795.143577092196	353.67736584415	653.379598443386	1147.11420032001	345.464237004986	341.658777967276	673.830242532567	1437.26368148255	504.683912158385	773.320734033818	560.957037001442	632.305976520279	503.18969372345	1123.44365643356	569.55400473389	441.430149861601	227.115901689894	1393.86225745938	1279.26011012553	1021.7765198688	880.45994158957	298.736505807146	695.904012707348	0	164.062588313622	908.574087893682	450.297714729608	882.21153942248	967.562647038192	818.390643844285	1038.41970369946	118.345536745229	691.471077137074	962.102412935286	1167.43086208736	50.4809193499627	183.872424150327	769.836364541917	489.928897366771
2024.60369866039	652.453596189007	234.425252016591	440.932835768626	1023.42599403031	785.036545264359	873.459873407432	2294.35939042344	275.225324233986	774.664666814703	651.403144441529	836.308988767238	116.375163001457	778.135104482447	1526.25385054987	367.917038715271	1117.86093179621	1722.67374883514	719.877587543456	1260.04822218961	696.255883688843	864.427621605542	867.219092254759	772.881294926222	872.224385798506	316.961463218869	595.430992075326	1071.7831896831	1122.47879870891	902.506119362636	1432.95778854076	948.40293131363	722.520858385445	245.149729660055	1281.76685855441	316.251336330891	1835.82164055642	822.887250338717	654.827031421894	1156.34599448162	303.064358553686	538.551182835361	1200.64842563541	1775.5844295465	377.881767843483	764.122494924711	721.040412706138	969.060620004823	443.02514147111	764.4502748816	490.965247437703	953.049860282833	1465.7664284822	1096.16365290828	881.787188406845	1406.67043434061	1179.70864033047	1240.01160407316	1404.03801753447	1359.77470753262	691.255201173021	661.767099950939	776.185705741284	1162.67594230202	2351.01261340627	1623.39449147981	291.311567893345	212.457563351321	571.368476289789	1457.56937722473	980.528762550762	861.663966821295	839.739527750661	863.171684019246	990.425586455089	657.214975245791	596.738960084638	1556.03991404429	618.853847915063	1678.49624415788	1347.45058262238	443.075138640896	901.319277804887	1027.2078908992	1038.6028493581	596.964370546232	1227.78550374689	961.889201589951	494.627965011188	1878.28422325598	1549.51113608754	951.577237835256	1218.9992800907	1341.50637300363	2104.67556702742	883.580080370742	874.94994674902	703.602371993632	668.568919697769	1648.25774782587	495.191419158067	773.711563269124	1039.38672496132	667.202069747725	232.334058928334	557.103138385767	963.435228309386	817.085818573648	1894.35306244361	866.726880311473	1450.99951592466	912.26215194085	709.531913429131	591.750805527175	521.659457763443	1436.14112757847	1217.75992515308	1305.41691673365	542.39239958463	680.339299490066	504.201701878732	563.560793482173	1669.06233949268	180.262822089116	358.721877905065	722.92290395981	939.658296031325	370.980253536401	776.523596601452	886.084392255332	1227.16080105507	1037.69665945048	311.26227981769	711.74604888341	1273.98321950577	2406.63216535122	637.395958472118	1098.04513877785	422.104639453472	1567.13361624361	1486.87332753615	929.363301309319	1380.30181488363	568.18062895843	861.837210209431	708.346619460152	847.823608205153	669.269789713517	566.096061258603	408.119183954648	790.253165640129	293.527099157492	1148.14242034509	966.417779515991	918.314400631711	705.260158624576	1154.22492930327	673.111787109873	605.939859332754	414.508165392529	443.226357519478	982.477951625499	555.868526957718	739.989446108891	1390.93910721536	514.133477572724	912.540466002833	450.4456703256	1600.96923993647	1033.4433472035	1028.21592726009	1870.312126304	898.874655381388	880.804019705663	601.57640852136	686.776133898203	2154.64097887262	853.795367879383	1682.25914960032	696.254129306873	572.192914321793	590.173258131578	264.138997826375	583.08968978754	378.213604430592	312.557594966754	991.872736818072	1427.72619363534	948.108055515785	413.768254543549	823.075003946273	784.714265382198	1724.71104390713	780.498202107562	413.243467366993	1033.92081068424	657.252807923715	84.8183246327766	1134.08659001075	224.549125048387	807.989106913283	1142.81245978755	381.538575163804	366.760632628126	1131.02563880763	766.986567406947	1140.46527273706	1448.50596675595	1317.86991692113	1002.08386013347	1113.09442439251	701.767127795248	1015.76678557368	536.054980696706	721.022677997464	635.288098707243	898.241904897469	848.38806791926	834.984005709119	1334.03125209784	702.546254197427	686.878641439202	930.887041468385	708.650930225768	548.116953355787	800.616102177733	781.780466527552	738.463261815196	825.688028717666	700.681858268151	1392.09703545687	1344.43414858638	405.544109138896	1368.29721652561	787.145084963834	585.443747292927	429.762683065364	516.059220846369	801.567806857634	2100.85966368424	811.704701611292	844.798321061961	1504.85037920941	1141.96436584846	257.541837539303	2315.75964979033	397.299414898767	1038.54713198747	911.510598487461	1129.95412670598	990.93297904088	1465.70709633161	1485.61249254078	596.569985347649	864.763220640744	673.448572023033	1117.6009296246	360.259795077738	1117.54961814004	1825.67874686574	790.473456968166	925.906171883676	1944.50263745003	620.724842362719	528.935393810576	628.979101753193	1347.5536121438	1482.16770674596	661.251849405432	471.728428446738	906.4631732832	855.11983569872	1042.98112290285	741.81392900809	1318.30615725899	613.848751946044	703.178392990917	1192.64180375797	1224.66738012912	906.908367447653	271.427715981086	291.192825110951	846.04800049247	452.216999249903	999.359865551577	1510.73817569642	852.267093587499	1058.32173909017	947.51225057414	1215.65063455592	846.820692025037	1609.7595512403	1101.69360423283	1271.31626196131	349.140451048143	1492.79041321032	811.789664127042	1383.80596177089	1431.67168922656	561.350073356161	706.156103296068	2645.57499928808	595.766769765006	422.368681968309	157.34739490281	2076.93529755328	479.40836779752	987.980221187088	479.026061224804	1059.21635991717	853.461558895434	1005.74641528619	747.407583076003	927.398662938643	1320.94258390978	1417.27335918837	572.303795688346	1423.84142367903	923.396309777803	518.48880283637	1456.93640936957	752.004242649502	1303.34857202563	686.996467589533	355.51054927631	917.200917232774	1124.87887011732	572.636803357369	372.538977922012	1282.99441261569	1122.18668247932	962.83919148064	345.353011718721	312.65624839141	822.783583659718	891.108163513007	566.142492960732	427.084664246689	1366.90854298638	1667.03867790168	695.444970732098	822.166659453679	406.5296525705	439.819071297991	818.179336903948	544.267176540203	1081.97642722233	818.907510517157	934.137673910285	634.990285748893	718.130662726474	1138.51242979108	832.032168791361	426.945753667039	1019.87389678751	829.218047762414	939.574734897144	1658.018527919	748.882031059034	424.123864570405	667.674502974567	1470.97283298825	789.641543259711	894.17300274331	847.266322790965	669.515610936702	1555.06385072218	591.830191274322	708.908816533843	1416.00174441977	751.649335191477	1019.12520297951	1437.28410494458	810.21853623151	987.769244897483	562.84597179064	998.424288606157	681.707759085687	1230.72264141352	1557.69011182268	384.336491510653	688.530006421897	385.095345637414	540.135091226088	1985.49049597036	971.635037136419	1635.90401275741	387.308870451308	723.322445182443	653.885515620358	789.311622241861	584.308572044312	796.580753606969	1457.33423307725	605.114243522396	866.224261182919	1513.77711173305	571.475901217586	487.231125606733	1791.25350330737	1421.65323655082	686.460390445215	389.545068168638	420.468232286163	1674.11686849507	413.039488805593	834.403100250954	1070.94821606499	508.922950434853	373.555155870847	939.336291384338	1250.71819914829	555.096611647301	1016.36605982102	343.276141298265	2040.52752315092	1438.31997452438	1597.45950857143	710.734719109063	1032.63307161816	519.229708658714	601.883331886704	458.493169819782	720.761319549989	810.601308254209	568.686048503698	1304.28314947061	304.071415954546	422.495573796099	1112.94853166058	1040.4477805717	1157.81344282013	288.205818308858	660.550385119213	1269.09074643009	1859.16572823388	563.97657233074	721.565447620111	1344.32103003296	399.68165296607	357.42840995345	381.629246737389	636.644422499373	2022.78860661852	587.519625635566	940.142879133118	724.767358608711	798.208227616839	1083.01819394652	2174.55907261465	502.769043709765	607.79220352223	14.0165217663373	615.223229290288	496.033910478116	768.634176317492	1106.62984334377	739.78583493557	667.228781365601	703.94011826318	1396.85098433245	2253.30982600882	817.846763371667	1859.44644809795	723.560526724246	1389.98946086045	313.280988861582	590.478771081701	888.881158698472	1117.87834610621	1026.31625152537	399.401898422733	772.200710141896	356.393964927688	941.90562859878	1179.34258062766	1134.60109764675	595.936765462114	1191.52465741211	263.884707338197	1036.2412556841	1416.17847712077	462.959858132061	1942.07433105137	906.042885862707	1008.5986966515	740.959826487914	540.015114619972	991.761713406182	706.019505623458	902.344091216619	1198.535765901	739.247150158699	1300.67685968824	1030.63281714339	607.197376207652	1975.68504423649	475.00756811688	1117.09707635799	1489.59533313707	1455.1527991034	469.333135619703	319.343196684241	511.060693145038	621.255992126115	1423.73956296375	1189.4563996672	851.93606643036	558.604982744387	464.659766326495	1329.24774438753	765.451500212607	344.764829684009	862.352392008951	812.027129385383	210.772400268068	1496.91918424811	651.978460021873	531.264488745959	543.326070482117	906.217011023021	417.185485666757	1108.17972376738	1115.02345220482	1142.38600336226	619.965038398503	987.305491402263	622.202730645786	939.13376690168	698.002829696434	803.280172738301	1056.01540825313	969.883595146876	436.53542733193	780.929320505269	1854.47004608391	462.360926422297	660.68315938807	484.77458112228	868.86955344139	873.446364046745	1306.49292227811	506.138491850701	133.7837101895	1720.41195574774	758.532343269386	1038.49327120298	467.519045097554	584.453506468227	775.302907631146	565.537001242356	728.733450853597	783.645349597955	788.84268411882	844.832579818429	1038.20424049796	815.490769149352	902.589960475526	670.261382684317	454.890092462561	313.621574419158	390.041524233953	1384.68008648888	1139.08738778861	392.674619026098	1293.57169133517	450.338194539642	428.207345873359	1707.22934686421	467.118645436677	1125.32038124673	1048.14974208121	1184.24848390163	917.104450945503	560.356753415565	814.725975710763	1390.79551741034	1048.98938202729	259.183862268652	997.752021250818	459.321376410303	799.47957551867	1697.82491024262	746.695087764226	1061.33832861304	456.228389016561	958.90368823538	1048.00657418319	441.203544859964	1283.6551823088	1828.99020616013	1966.95245351522	811.846209180732	1299.55516591916	886.185424097788	318.528575349444	737.945124847933	976.475996177659	666.219678564545	668.734522612141	1249.71900563769	687.526907366939	386.719148110375	1405.65358498622	1014.8681437737	1769.51393826312	1097.32928177019	518.462398061783	1441.88351692742	499.742406143501	768.559876698123	359.758633109631	1152.6101199893	751.421431658384	1323.89714572287	575.718450180907	1225.19623058686	717.28584099434	965.826422171148	1177.6776214724	821.452249722194	1409.20514603367	1162.24322718054	209.043727762717	925.032132887465	604.602758164539	1241.43944640544	585.48594695251	897.87893605685	845.260403927878	1444.36437566478	1158.05750353602	911.063349678216	504.865389095279	1936.60592741616	1019.77507928741	1183.61874981794	462.51639504067	530.480195970113	1074.41488788634	1225.28432023337	1441.58333329456	1375.96055216242	814.719650950678	1391.91859333134	1379.78086760715	622.400715919346	1049.67592388993	637.167456563684	1671.87760108808	590.842594555982	1760.47511187541	1309.75992254383	1098.84435002394	0	2072.02911784299	732.431966675532	630.280284069508	1020.18156494015	614.172025067853	848.629805526381	850.66088527718	621.327116214747	834.604245770189	1174.65155225512	515.209201040099	1393.15438839731	633.643112053722	1987.23588115465	573.747848106292	717.295701131614	518.829113386909	624.429983581546	1318.0120756161	757.625217423193	740.54761970117	627.231054653251	594.112499749327	800.747591874001	16.6748920512736	1816.843822863	384.94444691136	1783.34534945163	1293.86958983267	1101.68217646674	932.969055773977	682.670973262919	849.880365293561	910.936805590579	1185.99221622823	781.929050006256	1206.00108046638	538.097295782361	933.494923933832	1212.34403524195	683.339350906404	1304.16504678085	1122.31511037055	2407.82586815155	380.442854999415	1077.04560396344	1137.74999374348	732.00929790502	1037.71129244844	1139.54024186922	1082.39433096233	1829.76137774985	535.172176116976	663.376793630654	913.022984753378	1032.99251180356	290.508451963493	1070.48129155399	493.631937205263	2397.122527192	1327.28846971039	1379.6133779967	771.503756939699	553.738243756126	1593.10907829423	1134.32686762591	435.682917645224	1293.68979559117	347.486605809722	1003.9286071775	771.968478172232	1140.66551178664	1606.46776133115	1995.86316800763	797.123707434171	323.279033920203	470.087044039984	657.360962079718	1162.56899056636	946.363080480269	1413.89004493843	326.924478856788	879.048051461747	548.723957615463	490.440426010965	907.602351534666	1568.55006040744	1899.09388176692	375.134437599457	1551.54294882266	549.351803164636	611.512350422565	1690.81869659737	1611.3529919544	934.723786849553	1428.55325067302	839.489866509151	1412.66520082231	583.624787030427	956.977757293364	491.578208493108	991.742854834545	359.765628212356	717.016658613965	771.738122016649	329.933841725894	1368.1280658403	226.443799610938	610.426433746776	1222.26721293003	1294.59179706246	1261.97559494634	366.317049997191	626.283410041082	928.221682530742	594.268515142718	882.685081614406	760.404389040938	575.052443120335	782.88017091412	830.356086141808	1325.21390889925	947.435924838185	1222.49725523296	409.456656843647	1027.32232361103	527.959556176419	2353.87726446122	1378.74610378434	2076.56007098695	375.501272427873	1142.73560395998	623.833439927109	916.512711859851	342.426106357691	397.056385547539	629.863160385674	542.131681709044	2033.31631553684	258.605917880082	723.797419592223	1088.33683333088	1067.40036619258	404.195368114518	656.778517704737	1611.30563972186	129.129442293862	1091.39684750516	1405.00126814179	1020.89432650253	315.588086669162	1664.401027281	993.859425874579	689.430655785339	1599.25418614696	1122.40455841565	714.65381933294	637.472787737624	893.83654593525	914.697504898122	2064.29759090528	468.160469798407	1339.88022370021	1116.75038393246	780.409502487132	414.415349922391	1709.45811646758	438.941631540327	1456.72276631403	1814.85949265275	934.045024558614	1527.50268184595	275.820297990847	1237.06343329252	274.489168687656	730.370363622288	279.96707312746	556.312944980691	1133.7581488774	1564.29881465575	1562.19552794057	489.127074335679	807.560314894917	903.302989709656	494.356680664881	843.353514406452	1063.2676384608	1601.70627419135	2047.16896824009	1193.02123230498	550.775004517213	2339.21521994623	807.760718064536	612.367042862757	592.7644052571	1427.25524943959	607.100687304878	613.568038393592	1284.5552393641	1189.9840958509	678.10324186131	617.347629214889	1554.59034665269	503.94923784131	1643.44216377279	290.472115853867	829.825551465343	1857.81254724377	611.994545293313	1110.98069932565	1327.62927077588	1063.68533808271	484.50479347653	2666.99516553428	643.916716895729	463.038370201535	1147.29210772883	1091.07314010412	727.282171654613	1143.49126808391	558.566062468851	1496.03840768734	396.744634938947	914.737716699776	1449.39226118659	1114.35945642399	1099.42120284883	928.285548203383	1001.65097160693	2253.55345195288	1106.10905512237	1246.75849886838	724.012488407911	1077.81299233716	762.3968680973	539.604341082582	993.301991058326	805.598761570371	1017.51574749586	821.147311135844	728.001221365275	909.320911797275	1613.27281271523	1704.31785238596	922.874153113208	297.22465922167	543.713293284937	1697.88596992097	1349.92776152186	745.373910094159	1020.66942469491	789.344026015567	537.296092333119	389.94683563866	625.571547159824	749.817914418886	446.892612801236	532.202103980398	1212.74353255773	569.584237543115	705.629532961946	598.241909518778	711.970445627865	844.662761931103	824.658954762961	504.451743423829	488.424061088263	1860.53082326558	1279.19764648364	1318.80296496642	408.461445415132	1815.1052904473	1096.64666551187	640.538157822882	614.286519119915	311.24430618676	1759.87851651089	1842.35208293499	791.82542009228	970.16017099845	381.772597588603	318.37060158489	1038.3477051969	632.663901336861	449.957179930836	1008.22738977489	621.068952398188	780.68976288932	401.561831465728	535.528546908085	1042.25183572182	753.650378000381	498.781348800789	1040.942412201	655.972053523333	1125.37265416178	937.04198927728	151.943770440541	306.982204631394	1389.33547711813	1189.87740973782	548.960552230294	396.170592888237	1210.29177778922	943.05308562525	367.110540320994	1684.77206360891	936.486526636302	393.204299839648	768.728322166801	1250.76317431934	505.43936698352	471.899027402074	790.087699558367	1493.20430750165	504.683912158385	875.114306519456	574.142527051012	632.305976520279	503.18969372345	1176.69478361375	614.081198519296	522.735470144933	332.913785312305	1444.98208377383	1365.79775790403	1216.44022050652	921.606127934371	422.320940444146	740.158190302085	26.3178034890594	217.163932090651	947.277723470611	634.428636342931	944.775029318496	1029.67391942846	880.864249824163	1054.47789560785	173.568000492326	730.83350883193	962.102412935286	1167.43086208736	301.717352809896	220.143196756045	782.487391547575	536.115492049497
2024.60906305171	720.203501743247	234.425252016591	532.082659478866	1292.94053092139	824.564316428185	873.459873407432	2353.99844530202	284.837365447903	869.566360209514	789.976630800877	847.970263022843	155.153954957544	878.437072430765	1549.31135135166	531.334953084433	1117.86093179621	1770.21464151278	981.211721386342	1260.04822218961	738.91746313786	948.017023595758	972.013394092211	779.888042093567	967.408201343909	370.620716898605	690.278293622781	1192.14156022642	1154.20617213669	983.982806920645	1432.95778854076	960.700311810797	735.999107671484	346.835591135355	1322.46491845143	385.167756982925	2010.78907173125	823.004510045313	687.419764377838	1156.34599448162	354.069438424017	553.094755071155	1398.75764968371	1826.72522599903	378.61518891294	830.515281010811	721.040412706138	969.060620004823	539.418457556943	915.442743601375	566.143196970352	1106.98851428873	1527.15313592107	1198.54823898436	884.418086184114	1406.67043434061	1191.51433989211	1325.89545902959	1722.93120993897	1455.44516236632	693.163662287219	661.767099950939	876.959653021605	1203.05233183569	2442.06135432523	1623.39449147981	387.285490478859	216.956720494016	603.997979842916	1666.11133917914	987.683206056915	1004.5144770641	876.369372220808	863.171684019246	1017.23653160746	665.427785985508	596.738960084638	1598.41456976411	735.201472287932	1729.88974453529	1680.42249805428	443.075138640896	926.783233364341	1104.85273056427	1047.63140997096	778.651277698636	1354.45884796909	967.665277807481	654.276015992599	2097.68564082243	1651.79915700757	1039.03571809929	1233.22949060132	1341.50637300363	2209.89964983666	964.38877577538	1021.92191056593	704.793127834106	668.568919697769	1688.01502728286	510.602419623022	835.238195767216	1148.16396876629	667.202069747725	232.334058928334	625.542183714129	969.308452347169	874.233800476681	2142.67798109347	919.615101398038	1474.53099672287	917.88256414477	724.396511389741	715.140076045824	586.720334846528	1620.93747839999	1302.37807394074	1388.15542506512	668.936749501766	727.833354765033	555.753789809903	659.146952035201	1670.47821406417	208.470566592312	451.0512428987	722.92290395981	970.101765149064	393.368609753335	861.90268002259	999.32213141863	1275.51813970707	1118.07877128151	396.348848734829	741.493694740251	1325.40174311235	2406.63216535122	736.574348675353	1147.22295103637	470.940961394717	1628.17290651742	1517.10763510332	1043.11940660599	1473.68858323595	602.770903047993	891.627405523423	708.346619460152	898.35566262337	669.269789713517	628.450703611043	517.773322943049	790.253165640129	371.910986131189	1277.17725912531	1021.24699548769	964.984213653934	823.563222298425	1182.17490723069	718.220465929816	682.778279336866	456.378066779878	443.226357519478	982.477951625499	634.990505702484	809.159915178506	1429.13112065487	569.184689870106	912.540466002833	478.055441744363	1609.49407701267	1073.17872533748	1325.69957854944	1892.16793271469	1048.98824336967	891.381967695403	683.94950837619	686.776133898203	2280.08865643114	853.795367879383	1686.82450489283	718.441274694155	572.192914321793	701.810372179541	519.136062613537	617.890216708906	512.991308640398	405.64482212071	991.872736818072	1446.53595948425	948.108055515785	488.068991688098	1018.07114821588	867.309108396408	1758.92829323319	807.876129147116	442.717132260768	1068.3599780122	715.162337528345	118.063948301923	1199.20698366394	340.937063500671	932.518099761966	1376.7877453692	381.538575163804	495.988488938529	1139.78411710664	822.234692988247	1240.41305306931	1448.50596675595	1414.03804982479	1006.59766114942	1174.86962782664	785.269567603636	1084.54496869097	601.640898278345	745.487547444605	656.716851667616	929.682740987429	876.237612576002	834.984005709119	1408.14953856134	705.083711123639	686.878641439202	933.873464043279	729.17674284447	677.653074179576	932.252411489584	895.9116009174	783.245871872731	881.509700123635	752.145310593137	1443.21199359441	1352.26567042625	489.770533021884	1471.99276918425	787.45986377435	789.750443411715	587.08997643432	554.035404579161	940.416172360194	2108.08357483538	846.174602083583	953.590047536554	1512.43286465862	1226.00388258484	257.541837539303	2399.11436757032	423.554223780641	1038.54713198747	942.432742120285	1154.85326681469	990.93297904088	1670.54302055792	1554.23084153313	596.569985347649	1184.60743232646	806.467781155416	1127.8644292528	523.617367706308	1158.13873406359	1834.85213203064	818.24731568032	972.734445177152	2056.09418983501	643.039939154157	660.286846508294	633.095930728027	1347.5536121438	1601.69546627794	759.52497550198	471.728428446738	946.034841985486	855.11983569872	1042.98112290285	741.81392900809	1516.6609808734	684.606169486927	721.383631605974	1216.17541353789	1254.51964415974	990.163195080956	277.947974818125	310.527158905071	911.705619057302	482.400489497137	1008.47522450703	1598.93044712553	901.819870248128	1089.71591718123	957.444758358996	1224.56334438298	896.608224219412	1646.02585504528	1153.53716430723	1271.31626196131	349.140451048143	1528.2156933762	816.500065091817	1424.45769480443	1574.75056401486	575.837789450409	862.175627730334	2645.57499928808	688.450641452535	489.545180384097	532.056913759346	2173.81287745586	604.004271307436	1024.38591604092	521.289004263028	1257.61627489141	972.934378188968	1126.01980882343	764.351260323541	927.398662938643	1491.06583839379	1552.44897889768	572.303795688346	1593.27785604722	1020.34751360247	561.181594482216	1647.16905066531	807.352711392567	1366.5131673497	863.486156605872	397.158001823193	920.968529989628	1156.53116378813	621.594655804261	431.131700016652	1295.19038614446	1365.15273871444	962.905616096926	367.578438906711	358.672925334951	843.108834336188	975.264659489499	608.572433172827	427.084664246689	1366.90854298638	1693.43802159519	732.518763633968	841.889331745131	602.662327152266	498.397231192404	876.907081001277	681.172253068837	1090.25666625746	916.324872441493	960.252946385488	893.593721189506	780.459183827524	1138.51242979108	912.600948278169	606.600651859534	1019.87389678751	938.070346751864	966.845109602045	1753.82638787625	782.847233817792	532.681120080502	829.391506094747	1627.23412981645	790.208590812703	1072.25748508764	880.71205349484	687.275620411694	1555.06385072218	660.597866438243	834.322688503082	1505.14946445938	803.076243286831	1019.12520297951	1457.5257419448	825.23650093665	1097.03791920235	804.880859996833	1004.89651581876	729.165033732035	1241.5348904448	1590.76165096502	454.182723861453	890.172444248304	597.241735589876	540.135091226088	2036.31595428609	1016.8792409945	1677.35361982608	526.025899546198	954.649202467853	688.325954432114	902.56717643362	584.308572044312	902.353320975508	1490.01260233134	613.648181773561	889.467875990633	1513.77711173305	594.803446125639	570.287828531956	2154.5824672382	1432.03211959967	703.344190341428	506.943882901919	488.621168624156	1689.27602866688	511.315005524383	920.026068541884	1177.70400062213	508.922950434853	395.424044986122	939.336291384338	1333.02055755179	565.911934956465	1166.49642232149	360.910642764769	2044.77577878605	1451.77077872853	1704.30529421336	720.946936499557	1085.982262772	621.841613371284	641.484873175924	486.033293655702	720.761319549989	1002.53622744276	583.863585785068	1306.06338484769	961.210389684844	443.85589790895	1112.94853166058	1044.76130166687	1157.81344282013	334.819741082762	660.550385119213	1308.71194018986	1859.16572823388	563.97657233074	866.782296990278	1387.39546897823	403.377999481979	477.837205707168	508.835478509781	810.578797312004	2022.78860661852	856.238341625294	965.561408476374	724.767358608711	917.591750891117	1181.01849850609	2182.85246458695	508.779865615367	638.121844358343	29.0985914938941	684.136471340007	553.180647616616	788.34540686056	1221.75789550172	801.750228364715	709.345955852742	814.142587203247	1396.85098433245	2253.30982600882	854.168531830615	1895.9480046614	751.341189710635	1403.15934904625	338.155594644849	702.051559862934	891.633453687778	1222.33377599987	1026.31625152537	454.774241340086	851.05212345676	394.664408718732	1149.91302079231	1247.51508544152	1158.73122577669	671.889358944745	1211.36784849748	306.360779331523	1036.2412556841	1416.17847712077	538.17954425487	2019.32572394104	946.410289539516	1122.92482780017	787.177267176445	625.699571514233	1081.50549049749	724.891694513158	902.344091216619	1269.4429132677	739.247150158699	1356.69481910893	1123.41232745837	652.693312152613	2072.21688548844	498.752744617142	1177.37869503571	1505.78449617769	1457.10313127666	469.333135619703	522.072025564428	627.279399528905	716.922246137427	1559.0592932633	1216.61049117785	886.884974033747	618.514071445694	473.116999780571	1541.04633817702	775.724684952197	424.235893686247	1048.97985679757	812.027129385383	257.12175916919	1563.79630354443	651.978460021873	564.828265577744	633.668215325341	972.045383383915	508.44082900532	1111.63738094893	1160.63494735183	1142.38600336226	680.512954133922	1134.19806129628	622.202730645786	960.42647216222	833.038893661546	822.409831175555	1075.96073118315	976.28477604037	446.246170368278	783.08208944306	1854.47004608391	462.360926422297	682.255524691378	578.38105662367	958.50746188378	881.475349961721	1336.12805485928	525.537114163629	144.938080018437	1870.50967346972	782.395820984723	1080.79815245987	602.297939048367	635.620147289831	790.483151635614	694.581104366916	760.037833402411	800.263604738267	806.982907037694	862.31300349859	1038.20424049796	815.490769149352	937.865168110172	757.60717380338	550.616074949838	346.992734828326	537.27907051047	1429.36450616237	1149.34712005504	394.578332572052	1393.30457116124	473.144090452236	492.376698855457	1839.80399950874	499.09255676934	1348.50798698582	1098.2302420595	1194.22015974372	964.757408665675	575.422134669937	814.725975710763	1397.69681549783	1081.00987435442	270.605844479281	1035.74218443466	601.605039611362	963.780504976471	1782.81751351508	761.697003782759	1128.65326439956	732.544030180677	1090.17994700748	1265.0482698459	442.49191818218	1283.6551823088	1828.99020616013	2107.74395380555	811.846209180732	1299.55516591916	895.639313602833	318.528575349444	769.143791447023	1010.55944061514	808.149323825615	776.614947389764	1249.71900563769	759.654758536944	420.211294125457	1543.03775609542	1076.26543450854	1962.67610526601	1130.21714233976	575.309395910409	1443.22077318049	655.051631116765	768.559876698123	409.99987692275	1192.4570839922	751.421431658384	1347.03190254993	583.440048933304	1575.59727389918	825.132281623799	977.541398052108	1240.91949842349	966.030545391639	1452.81812579382	1210.25162963973	240.947405481028	978.117727115183	616.586632894769	1286.43336500782	722.02840854619	914.765729158027	850.994894210576	1464.72001648454	1269.1123754266	911.063349678216	527.685897445266	1936.60592741616	1119.38838289714	1218.58266766151	502.247087085533	544.394385777099	1112.42367621092	1225.28432023337	1455.74972457912	1411.23208368082	1078.15909774953	1465.92301775972	1420.0673211897	768.402228376063	1083.95597539438	650.480315341992	1674.24601941488	626.847240139051	1760.47511187541	1339.00310220508	1157.90079359947	0	2217.02615280642	791.171325666132	652.853398207257	1045.81025410565	645.326764974107	1027.90816996243	863.834266549209	622.682530900492	870.957734460469	1195.60332362699	532.044858705767	1447.10344101891	633.643112053722	2092.33315286818	581.072143512507	728.41318154907	580.488952063174	662.840575118836	1618.68755623288	775.793649019668	748.313364774111	736.022436928243	690.693978330207	800.747591874001	30.6926859918724	1872.57127063241	453.276270980427	2151.73862401089	1293.86958983267	1190.81140973702	1114.53508018454	770.177727290828	875.713153825447	910.936805590579	1272.68442958087	781.929050006256	1206.00108046638	648.72481514068	1026.19800646852	1458.92072709567	966.559719724077	1350.50350824662	1261.59740797155	2419.63559327381	407.302920503981	1085.37302672548	1140.03295492942	732.00929790502	1175.12028550197	1195.91841003583	1082.39433096233	1915.10886408833	541.545529840546	693.305468421765	975.38096268989	1174.24798053386	290.508451963493	1143.69976865067	531.085285537849	2428.60774800634	1327.28846971039	1580.65522220856	771.503756939699	658.587385739343	1707.37411631965	1172.48835708328	499.075244090074	1494.76921529317	376.014786203522	1153.51911757109	771.968478172232	1169.98287237505	1685.16153444125	2089.01735271965	876.704714117881	347.007413140178	525.32120310707	741.960260787304	1398.29410989637	968.626986509474	1439.05785177207	496.997304366609	879.048051461747	584.149960409581	509.370830029151	907.602351534666	1706.16664064628	1911.12079691521	414.96608699111	1627.23086851647	554.69305766396	636.653063247207	1813.49017115793	1612.34389109485	966.758534852599	1508.05219693696	914.289261399756	1438.68207668362	583.624787030427	956.977757293364	491.578208493108	1097.85821585897	388.949225897479	727.672999957793	771.738122016649	582.680222729415	1659.85686766745	279.089492344326	837.980673072964	1373.98221485967	1295.72847026672	1363.4854488365	419.407518793103	696.332838068192	928.221682530742	669.795982863818	884.439422361384	818.11960236293	588.730319871574	835.103729283627	888.962997527853	1591.16886586225	974.446077054676	1345.25178203194	431.95173722445	1128.15003221491	538.765221713315	2353.87726446122	1400.1256714594	2076.56007098695	392.470650696057	1286.32189987825	651.014585644208	922.265788150791	376.250995613578	561.513157145952	710.779131351701	542.131681709044	2033.31631553684	328.595579789098	744.894367701885	1106.60684708583	1125.8001587989	454.351843848507	882.640348910115	1836.67548089966	201.057096195314	1151.13532268364	1434.69999555948	1132.77150794579	369.931478345596	1664.401027281	1013.6456943717	737.286836451466	1624.52402237276	1149.52518873019	749.189418787257	638.029414200993	979.768285597518	1035.11598262546	2104.20173084113	520.05961334887	1461.84368944155	1144.22624322952	790.764998476858	414.415349922391	1737.00159735404	526.944373097656	1525.82958733082	1863.92923412677	946.027736339667	1528.74695480516	400.227590302621	1379.29895548865	274.489168687656	854.477514370697	349.629016493538	612.982401985875	1278.51099790752	1641.51072855444	1582.33943675321	612.599054902594	849.942766970036	1018.40029372431	535.698822530603	843.353514406452	1075.17861365935	1606.56608485935	2152.06720302908	1193.02123230498	600.252848943244	2339.21521994623	849.765299546084	624.41178802815	644.115498451849	1500.25779857317	673.705532091035	626.419885982049	1284.5552393641	1245.62631872595	835.341582408981	810.135628362293	1624.90428862557	794.097612532692	1776.98769239343	369.348833481274	928.043060378143	1857.81254724377	700.596620246244	1153.96978583741	1369.28422480863	1121.8704320936	622.539251026237	2668.25887543512	643.916716895729	463.038370201535	1147.29210772883	1155.43579653771	783.594853370428	1154.34023529076	751.021068893717	1497.85011073895	396.744634938947	1017.69278861947	1449.39226118659	1116.24979241377	1099.42120284883	938.536229062752	1001.65097160693	2253.55345195288	1136.37015203261	1255.70339553091	725.076110967575	1089.21860068402	971.198945999616	593.042622382828	1123.35439126663	920.139820065726	1036.51266017783	831.24708629356	736.769368135742	915.525958038594	1866.90419328945	1704.31785238596	936.736237022693	326.880955708334	543.713293284937	1744.48813959501	1349.92776152186	746.547879673636	1046.23549547325	791.534234913213	597.86062670913	389.94683563866	700.426359074888	749.817914418886	451.120338272451	620.915043299111	1212.74353255773	572.863737094945	790.313318743115	639.417465880365	723.11787827789	851.273476482998	886.228978108816	809.120587324147	488.424061088263	1919.8606099367	1392.44602562085	1390.56562258869	423.449653616003	1900.9043984214	1147.72300966907	694.352477819158	614.286519119915	388.493610070516	1825.26007987753	1989.03827973116	1013.88452612068	1026.81757147242	385.674259307427	342.138970405023	1109.28159850352	632.663901336861	572.341897770205	1015.87909179678	634.253381666478	816.082513368229	436.178928642014	652.934341998753	1076.77464139677	753.650378000381	539.648879863	1060.66693458049	710.924038781385	1191.49523709547	1138.68141038636	235.800301458544	310.055817799637	1423.73542304943	1247.06507489397	721.144459520543	406.410955740931	1304.40278753149	1062.59652030614	367.110540320994	1684.77206360891	1104.11606968194	443.54527630077	885.286056376667	1354.43733445448	605.02828577133	606.131692008455	913.186520355805	1497.75879597705	517.830330731325	977.899420774405	587.397746140103	632.305976520279	503.18969372345	1251.10578367562	658.69262323863	662.956278304031	470.590510595037	1495.35446608164	1369.58641204399	1412.59779305941	1010.35745443799	476.436747738533	784.698657418762	79.8250716262287	269.181392253498	986.041289377941	800.641443499555	1007.34060571627	1092.38094917022	943.073098479084	1096.7612382004	241.262992587031	786.010619970375	964.464395354428	1167.43086208736	539.074429858172	311.040093774961	795.133997607149	582.498219696024
2024.61442744302	844.152593503175	234.425252016591	624.494302873134	1563.7337299548	867.289956993096	873.459873407432	2413.69088488275	294.632518088501	964.799377425603	928.530617338366	925.586595119877	193.911503162846	979.14478998729	1572.35631977097	631.824104809271	1117.86093179621	1817.87637288139	1267.82338627926	1260.04822218961	781.899191841374	1042.14494439136	1078.01668162276	791.383906964534	1042.72603906549	424.336062290691	789.449831840805	1314.11817130438	1192.8447431043	1065.67039843567	1432.95778854076	992.500031428059	881.026854689473	448.012643202524	1363.74411104562	445.381691076838	2184.91394571121	823.126776283682	720.253414824587	1156.34599448162	361.533425008171	568.865653488783	1596.56364481217	1826.72522599903	397.827604125965	897.264654463634	721.040412706138	969.060620004823	636.260654296776	1066.66913072061	641.736584745262	1260.28084965138	1588.3128985868	1302.57907605706	912.59739406486	1444.17220079507	1203.63302914048	1415.00582955672	2039.82617942284	1551.18405239134	695.093653358096	661.767099950939	980.816155285932	1235.00869486007	2533.22904884498	1623.39449147981	454.595210638679	240.968987897878	639.36726222811	1875.74526783349	994.972440099209	1147.07826779842	890.982667881592	863.171684019246	1051.96430970021	674.033936530846	604.230345960571	1643.671726328	849.481396984717	1781.61342949636	2148.00476328072	443.075138640896	952.2447794427	1182.35474463945	1056.72027894933	961.101997131185	1467.52787849658	973.580255029259	723.110972995532	2100.27573343577	1755.48461824333	1092.33256193379	1233.32855421645	1486.80394765337	2315.07946090213	1045.15721302343	1136.3668314559	706.198776744007	680.229617185653	1727.83882828382	526.425001920482	835.238195767216	1258.79395166494	667.202069747725	232.334058928334	691.328529786377	975.269176102871	935.028395059848	2202.54244778936	1109.30062313968	1474.53099672287	923.542044278843	741.105080595589	836.987219133707	700.961051571967	1805.26146639588	1377.18113539888	1467.81420781411	668.936749501766	775.435549283111	579.350552737083	685.115636636043	1671.89407207539	254.234040249022	498.773269955952	722.92290395981	1000.66851263875	416.154865556257	947.28514610397	1136.75276652604	1324.36889202748	1198.55047379613	482.916681421173	785.766778279742	1383.72139684596	2406.63216535122	836.129706052633	1196.88752156991	519.789922694593	1690.20005918007	1524.18665565303	1158.74342679157	1538.33479115289	637.377964941274	921.460148111069	708.346619460152	950.000172422627	669.269789713517	690.937516461698	517.773322943049	790.253165640129	492.163166351928	1292.13609648472	1075.91152113544	995.884929998625	944.359392897131	1232.68416420038	763.604016889819	863.945141445469	500.142737604149	490.925579835376	982.477951625499	728.124489944181	878.387800951736	1468.44494334872	626.355530452885	912.540466002833	900.12621334098	1618.09216140658	1095.51884093692	1393.04329632755	1916.03438387441	1198.62479391183	902.005584557566	862.961945171665	686.776133898203	2405.17537931878	876.247967315701	1691.39221078686	740.676024654089	572.192914321793	813.322044409831	536.319805629188	644.174783579727	623.050971740137	405.64482212071	1016.42898760573	1500.37747476834	948.108055515785	703.333920361755	1213.40418866251	950.355631577876	1799.72280701608	873.816335317236	472.270727681528	1103.14089319973	846.347805129651	151.313407753887	1264.52230424226	490.538386959653	1058.55942740183	1673.53619485005	381.538575163804	642.277277325146	1148.56070208368	841.298444757965	1341.05019503708	1448.50596675595	1491.57228512063	1012.29824648922	1243.97579337688	802.423407599998	1153.67089265363	650.564898298434	770.044269788746	856.829522533902	961.344482398407	1202.35450804236	834.984005709119	1482.04376936767	741.999753509238	686.878641439202	937.476964146076	797.100833822492	807.653852626609	1056.33958855591	1010.66937748391	849.218148132319	931.451438925835	803.688751123916	1494.45386328315	1377.26285242976	501.56691779626	1575.5812516402	812.211222487303	1003.16478254081	752.425185101931	687.2014185762	1079.14352732948	2115.81339572081	882.023368478617	1010.46043179076	1520.03620414329	1226.00388258484	257.541837539303	2399.11436757032	474.743088620064	1038.54713198747	1044.54163479392	1179.86522733258	990.93297904088	1811.8731200818	1563.89677025147	632.99996501038	1536.74697362284	940.105279730698	1138.33210313541	688.702310814896	1266.18795657494	1844.09682663974	846.094658789214	1045.31515477483	2168.41251468496	649.139120637878	794.886715390565	637.423784320152	1347.5536121438	1722.98616361703	861.897987330874	471.728428446738	986.360872735916	855.11983569872	1042.98112290285	810.244871509754	1649.35069944653	755.559288667954	740.135756784681	1307.73147833731	1263.22312791084	1074.07730556353	374.151665525017	330.742969522088	977.6194591632	524.210669246035	1008.47522450703	1687.33919095108	951.290773368681	1119.0198696699	967.429021905427	1305.55265351372	946.534087817548	1700.56887550825	1206.46653377834	1271.31626196131	349.140451048143	1657.80304776456	822.035228748497	1465.14679310469	1574.75056401486	575.837789450409	961.228975431885	2645.57499928808	783.994637853866	579.590979809136	532.056913759346	2270.64060015253	716.173363481588	1060.86680233072	563.639925269352	1456.43702564368	1092.63947916458	1249.43483396865	782.224459750951	927.398662938643	1646.30589697512	1687.32530873313	572.303795688346	1762.02682059286	1117.42295162376	603.821197064185	1821.31414086896	862.914195190792	1429.52365882546	1051.60977367166	464.286050605199	924.740028902485	1188.42527952873	672.410629329928	492.818990035489	1307.59212449436	1607.13896644717	962.972047464195	389.809014440387	427.742329825072	843.108834336188	1059.53759070723	650.911994844332	427.084664246689	1366.90854298638	1719.85197767171	769.61967677511	861.640679445096	785.719647219045	557.07395733023	960.810449364015	819.976870801212	1098.69392602437	1098.08315024061	986.682516463734	921.220601595361	844.661160041047	1138.51242979108	959.975123271738	786.849066193406	1019.87389678751	1159.43801943301	1131.94739102344	1849.70581179509	836.977914308295	640.665274971261	992.310400538602	1627.23412981645	809.083144733522	1252.24936952471	914.154565387534	687.275620411694	1555.06385072218	729.519817305997	947.872342753072	1594.58775647171	854.505772409248	1019.12520297951	1477.76965760574	899.609664313215	1127.13591368287	1514.95888636228	1011.91675398258	780.539113239589	1299.12405246586	1623.98816709136	553.700832436844	902.455233498775	779.350145727202	540.135091226088	2087.2591744723	1038.40338433894	1719.13157348198	660.653214580715	1157.2718999984	722.9132515936	1015.46170014589	584.308572044312	1008.47904509701	1525.84227035093	647.915906595241	913.742445082861	1513.77711173305	618.115267898698	700.826020628041	2313.07737887788	1442.48789148323	720.395363412696	698.344821642201	557.219093275297	1717.38494348035	609.418686757842	1005.62323767291	1284.99638008176	508.922950434853	417.296917375218	939.336291384338	1402.74288801834	577.544409339968	1320.23096827372	378.5673398707	2049.0254287816	1465.27326055388	1810.96580397726	731.234600685189	1141.11598074543	799.473601608307	641.484873175924	513.629574733398	720.761319549989	1041.95342704978	599.062191684831	1307.84373924554	968.693891419219	467.353520142292	1112.94853166058	1049.0752032072	1157.81344282013	364.708464047621	714.458341642286	1351.65914660572	1859.16572823388	563.97657233074	1017.80405643208	1404.24234456927	438.955032652435	622.06530709471	636.184715413464	1012.26278270093	2022.78860661852	911.361236089941	990.541386433268	724.767358608711	1036.76251054374	1263.1096892215	2191.15708470923	514.81698059827	638.121844358343	56.2608977065591	768.174096294514	611.02235446896	864.131667499208	1339.946476253	886.915369844688	751.35421170639	910.332284690889	1396.85098433245	2253.30982600882	890.582590493911	1932.47666996709	779.754763276138	1413.59973378821	363.331707733588	774.476159106173	894.38619594073	1327.55953162781	1026.31625152537	508.731079177692	937.327449967145	433.394287400491	1240.50010539445	1316.68549768834	1182.83807653947	797.05159119198	1231.20820520041	341.449073907982	1036.2412556841	1416.17847712077	614.734081837103	2097.13041517578	985.532580000244	1142.67742285835	800.043401953308	817.268508021339	1174.96795376126	743.852435525726	902.344091216619	1341.48139748385	739.247150158699	1412.77164414088	1126.7856178326	736.885605505094	2072.21688548844	541.404575593261	1237.58458814524	1521.9975619802	1459.11336727604	469.333135619703	727.734273914528	743.557723534812	817.407232849	1696.35070466148	1243.88476664125	922.557886123473	639.94814449262	539.658071267248	1739.72127119655	776.53840146212	523.97088528502	1234.88611162121	816.739916879583	387.952555684084	1630.47479421035	651.978460021873	598.447315209887	792.002546828966	1037.6356662114	677.068117686379	1115.14551047894	1206.8131911182	1142.38600336226	695.448626857015	1281.67106824616	746.571878021201	981.828139611667	968.410271949992	844.166608217249	1080.03752004136	982.692611404501	458.393029203498	785.268281137305	1856.7910708209	462.360926422297	703.826362838582	674.379918027872	961.600739602102	894.616687146905	1428.39372276341	611.499502727472	175.271124552901	1985.7646114803	806.438530424575	1123.29801171274	765.097980261263	687.194689224139	890.866916419846	823.992330106118	791.70726215827	818.401416916523	825.297365458853	862.31300349859	1040.4746911681	939.180353699791	1016.95389506261	818.772133452733	646.366178773217	522.727393479518	695.442402975578	1466.41558683321	1162.03173256944	475.729577106764	1493.11866906212	510.17449761641	708.941328660435	1972.2447969404	572.16205733688	1707.63778606976	1115.26221676742	1204.37704703692	1012.38573558255	610.893815011813	817.520263524558	1404.59505075626	1115.7512665541	300.313488307796	1074.53114420313	776.128975209933	1037.96223238117	1868.34315394951	776.776422556207	1156.41583649048	777.715612078077	1203.39667586943	1351.54649269688	481.261863136624	1283.6551823088	1828.99020616013	2248.12230071522	811.846209180732	1299.55516591916	986.316919259996	439.493157525543	788.591102316764	1010.55944061514	950.48632708516	903.705130078993	1249.71900563769	833.110093905179	456.823123606303	1680.11888417222	1195.59517103529	2044.07419044012	1163.04282300247	591.880766372226	1444.56137303124	810.199044494847	838.086421290176	458.987364920959	1278.31207671754	751.421431658384	1377.34083382561	678.439606459481	1929.75787699175	933.280424025184	989.300416196919	1304.24571285245	1119.08064345241	1496.42326492592	1258.19013688426	272.877165987634	1031.29230114579	692.319727018323	1331.83142908578	859.446338134624	931.802635202653	856.880558285714	1485.66444524302	1379.77880875828	911.063349678216	551.032942893891	1936.60592741616	1188.78655065182	1253.65545740085	521.062862035559	559.918678171053	1151.10077325424	1226.75015136764	1470.00855534547	1433.37333306848	1340.25216468295	1510.43803623299	1460.31119718731	916.537852938221	1099.29820491492	663.910243354195	1676.70551412945	663.22059347754	1760.47511187541	1363.43694209143	1203.04235519665	444.919846010755	2313.7344075486	943.549378277452	675.455552310087	1071.42733942869	676.498128765252	1207.98374107391	954.79293744375	624.045904764667	1006.28876767454	1210.72265185624	548.908262707555	1501.07204507695	638.688849806343	2197.44054639445	613.311866507224	801.555112014652	632.527700723612	701.246289060927	1919.80554686923	794.049948546169	756.125517027563	845.368697068065	847.560353987326	827.483478438904	141.938348403973	1928.34759405649	535.743362922755	2520.93295397167	1293.86958983267	1280.10142651676	1301.36568027432	831.251749261459	909.845243042426	910.936805590579	1272.68442958087	781.929050006256	1206.00108046638	714.117820874531	1125.08945367308	1458.92072709567	1047.28986197091	1357.84152771413	1450.0521139168	2419.63559327381	436.74888325624	1284.82589692058	1152.39396762457	732.00929790502	1313.19642495087	1264.80017047532	1082.39433096233	1940.93630272439	547.981561745661	725.571040006808	991.672956921598	1317.35737363352	293.348628946593	1216.76634521939	600.634525009166	2460.06907093452	1327.28846971039	1782.6739112806	771.503756939699	764.980926479875	1821.4990591471	1210.74742517262	660.672872790092	1695.36979141038	404.547758343854	1303.4003280546	771.968478172232	1199.37128076027	1894.78889490356	2095.9106778825	956.573927674844	370.808761690511	681.1125318602	826.948149252161	1634.19449211634	991.066210231136	1464.21583476328	1072.00246335961	879.048051461747	614.831133587798	543.591538429538	907.602351534666	1844.99626355362	1934.27838547225	454.906579740947	1703.95563856263	560.034814004855	636.653063247207	1936.22694776002	1613.33522869953	987.447984215243	1587.63925721418	989.491485784042	1465.15912805489	583.624787030427	956.977757293364	491.578208493108	1205.75812558156	418.117597193765	738.417272154571	771.738122016649	838.713643894528	1925.0404979653	352.845686376704	1089.12796147063	1525.93291521326	1296.86520542833	1468.69509012276	472.327914231234	919.73378281665	963.645355443343	746.714658242438	886.197524010108	877.137156963095	615.29968285175	887.207180464916	947.68243957092	1825.53253641316	1001.59177578196	1467.6247562893	470.371056528504	1137.51438046117	538.765221713315	2353.87726446122	1421.53109743079	2087.35315386392	409.434877619119	1420.33576190066	678.234351579878	939.210350372411	404.989506583623	736.226302685751	791.575249579189	542.131681709044	2033.31631553684	400.397299277096	766.24925685359	1127.05017422909	1184.58721545207	504.549741768281	1106.99819895478	2061.87819604604	273.09363890595	1211.02581057978	1464.87073294218	1245.39093971011	424.181481785018	1695.3120789878	1033.44586228898	785.143810609414	1649.805255053	1177.94354749074	783.719785595742	638.586107208109	991.549014430442	1169.34012312438	2144.03296132964	520.05961334887	1584.33692549507	1172.15678675212	801.137541183074	414.415349922391	1756.95988065917	615.95642935972	1595.12624041132	1913.24165134157	958.124535455193	1529.99167516351	501.942116736191	1435.80862273174	274.489168687656	977.707508518623	419.426981332084	862.218745501425	1423.30281765259	1719.16944520454	1602.51511492644	736.235668046438	892.620978132155	1133.99986828404	588.096612197005	843.353514406452	1087.09455941275	1611.46004243303	2257.35753424006	1193.02123230498	760.854195074474	2339.21521994623	891.804368303646	636.453413159115	696.340417902236	1573.28486288318	718.371369545383	639.391377105572	1284.5552393641	1301.39638256829	993.946205423052	1006.51880012293	1675.36027057845	1104.69549307814	1910.59624557194	428.1437122656	1025.79106853118	1857.81254724377	790.730628265497	1264.81053085547	1412.92237679042	1235.3610516677	727.695666929441	2669.52256178669	643.916716895729	578.713207993286	1147.29210772883	1193.16847001583	808.626254461028	1165.78687260258	802.210776105067	1499.70411003268	396.744634938947	1121.40022366576	1449.39226118659	1118.14228293763	1099.42120284883	989.210994907871	1054.68004955642	2253.55345195288	1136.37015203261	1264.65046010603	726.230269790829	1100.65401787573	1180.8158137229	699.288938240021	1252.90780211662	1036.06055665485	1055.57108017185	942.588594666656	745.805880655697	921.735872427581	2118.78799604045	1792.18562074641	975.436310540174	356.516182057343	543.713293284937	1781.51707231209	1349.92776152186	746.547879673636	1055.56689617104	793.725975274633	667.602604941227	432.855862681315	782.118340076539	749.817914418886	455.36082817443	709.713082609492	1212.74353255773	576.143192538501	882.341919991711	692.68867462739	735.344219719497	857.890238555655	947.790888902098	814.904598682449	488.424061088263	1953.94614458324	1392.44602562085	1402.96079206628	474.1192400496	1931.20650341359	1199.56884821864	702.487243112519	650.332322728449	488.646156292496	1913.55709142032	2135.79454968456	1235.14988689912	1084.15326206339	454.811346139411	503.751086391797	1180.70214325932	632.663901336861	719.514102799123	1023.58758800048	647.867696673664	851.431421986203	473.406339275943	799.15971571716	1120.85806834079	797.898432440688	580.537657098049	1117.69914128116	710.924038781385	1257.7850896059	1322.51621226354	360.07509106941	324.850388852296	1459.95658517531	1304.14022122692	730.850217550172	416.812629114461	1420.67238855558	1062.59652030614	367.110540320994	1684.77206360891	1286.62779061432	495.512116142034	1002.7598176667	1458.13054069919	605.02828577133	740.86381307696	1040.93680297687	1502.35975945445	518.158339906836	1081.52985608242	600.717191585956	632.305976520279	503.18969372345	1319.75876064187	703.387605946807	762.036101839881	562.158212461692	1669.33994074597	1373.37470544534	1609.92641022555	1098.90238684764	478.208065974719	829.482316038356	133.295007498917	354.972474554284	1024.86435006554	830.595404781584	1069.90702979114	1155.59485442685	946.826206401067	1545.33640690447	294.441333825223	894.091213390598	1024.55333363352	1219.10528712142	648.263891738015	336.385144820573	807.775910333488	629.05432180683
2024.61979183434	970.447849683093	241.736948189304	717.73563851162	1835.68122610759	910.393508995404	873.459873407432	2470.07568337125	319.801964844586	1060.20796965772	1036.25296071516	1007.67733677591	232.621729719686	1069.13238610779	1595.38858542025	653.961950361373	1117.86093179621	1831.66070348529	1566.05526072571	1260.04822218961	825.133418971955	1144.4619567933	1185.00319969171	844.078671742686	1119.99294071428	434.1759243796	891.57398708085	1437.22242577899	1335.51364763468	1147.5486131116	1432.95778854076	1031.44453074068	1029.96227482627	548.671462517755	1405.56046193647	507.154689198366	2358.12551893663	823.25404529659	753.303038068814	1156.34599448162	372.371288106162	585.755752907214	1794.01524127751	1826.72522599903	728.78392606967	964.324841328627	741.720374492813	969.060620004823	733.453690139709	1167.23042018418	730.824479288236	1412.87701834613	1649.24236955886	1407.81511092138	1011.08320189619	1550.93133594915	1216.05489072673	1506.8402876172	2295.36701568879	1646.98671368567	697.044973356483	661.767099950939	1086.95584444936	1248.68186547614	2624.44322431667	1623.39449147981	531.897986501597	265.605508050991	677.064445196239	2084.92673696536	1002.39356183486	1289.31393204156	890.982667881592	921.792242219328	1087.4669918077	683.019594276905	647.723386410508	1691.61203945045	849.481396984717	1833.63313958923	2570.67227902494	443.075138640896	977.703572808601	1204.31594917562	1065.86808283495	1144.28003300319	1580.56352238039	979.631400240043	723.110972995532	2102.87024304692	1860.26048539526	1146.51347245832	1233.5624999642	1641.64188182144	2513.90350800313	1112.65070657611	1169.59465063371	707.817977593543	693.541786006969	1767.72824958066	542.622332193714	972.79027283066	1370.69232816994	667.202069747725	266.616747162727	694.347533437326	981.315632225031	947.126644004889	2204.5282859429	1211.81820955749	1474.53099672287	929.239755417119	742.496512197511	865.919953980832	778.040182370858	1848.58342591878	1377.18113539888	1475.44992224247	683.881975703107	823.144753268231	598.717580054127	697.631287262102	1673.30991350835	300.539503546735	638.017623018818	722.92290395981	1031.34868287921	439.269934647039	1032.65462925125	1275.97548755695	1373.63192309933	1279.10959137134	570.458697587507	846.905992305614	1409.94890230312	2406.63216535122	1022.06794836796	1328.20134743339	568.65102289992	1753.12619087967	1562.15778250903	1257.4103941879	1543.95564921362	671.996929711645	951.328171427159	728.237720991864	961.933351949083	669.269789713517	753.55488147917	525.264959728886	790.253165640129	611.934743961805	1295.54531865264	1130.40843858507	1030.07397552362	1066.94339691372	1274.00392449733	809.192480376496	1009.38745504484	560.261863935672	692.19127294625	982.477951625499	826.529474020223	947.671487942918	1508.77521765574	638.803826425813	912.540466002833	1088.14920801898	1631.73721541885	1095.51884093692	1393.04329632755	1941.83892073249	1347.75747334238	912.67346232021	1046.00239589046	686.776133898203	2503.22289393622	959.340442797109	1695.96225337192	762.955015212838	572.192914321793	924.658937154873	553.510151171101	661.581994510042	719.371458442773	405.64482212071	1048.12130395757	1559.34808575365	948.108055515785	1047.95297437029	1408.92752949633	1033.75029914264	1840.51560069875	941.753878645747	509.801976413832	1144.10460952152	1030.3402927163	258.202649479237	1329.99118938138	719.056237574624	1185.78745362453	1935.30126199258	381.538575163804	789.307324721342	1157.35502284783	860.356400772129	1358.39945589002	1448.50596675595	1569.25476231266	1019.16713100961	1319.31573321837	815.059938202301	1223.0560836154	702.430718023459	794.686967328929	1144.69154804944	995.023911137165	1440.59605943866	959.753362009552	1555.7013696877	806.102248960752	686.878641439202	994.922637021821	912.193004042658	937.908245221051	1085.79169962947	1039.16058856313	905.353825688402	967.032825816887	855.282521600916	1620.50276229618	1402.84647430134	513.390458299126	1679.0559585832	837.459958824597	1205.88289486472	921.542654416032	759.959910160883	1217.73440017326	2125.50485493723	904.499351598434	1056.42989593061	1527.65994695442	1226.00388258484	257.541837539303	2399.11436757032	528.952165995522	1038.54713198747	1171.80529496428	1204.97992302743	990.93297904088	1823.16141632477	1573.56918096082	758.841134387648	1637.63403201849	1073.90898383174	1157.65250107393	854.221180856939	1379.59210680981	1853.41178990383	874.008708373587	1119.45692805327	2281.25800980137	655.297264765841	930.84450061612	641.958000256063	1347.5536121438	1845.65868747645	967.064500959877	523.204440801753	1027.32850885922	855.11983569872	1042.98112290285	904.676113031114	1649.59817174046	826.697263788264	755.987829127957	1398.97056227418	1264.57418362886	1158.52762412697	572.483862985726	345.943644777618	1043.75512926106	575.243103333385	1037.60637578297	1775.95874354559	1000.67110690885	1148.70125032192	977.463180069112	1350.04552905717	982.39950558676	1755.29463164855	1260.88775090332	1271.31626196131	451.946800651507	1693.72432522172	828.38106576903	1505.87296471415	1574.75056401486	579.713141982098	967.518163585489	2645.57499928808	881.24213741037	669.891551993765	532.056913759346	2367.39364009535	806.443738397111	1097.41982290506	606.077635381872	1579.01642320405	1212.45805010633	1375.33473328773	800.969096543739	927.398662938643	1678.83371798076	1821.82833744564	572.303795688346	1930.05774045481	1214.61156905198	646.401256226529	1824.4390750008	918.625869359274	1485.02258367305	1241.47286135973	531.656624523538	959.339573555983	1220.54653485522	724.696188139444	554.499773169029	1320.19430685034	1847.79378404509	1195.1510994694	412.041718269169	486.720566520699	843.108834336188	1143.92267806865	693.159467146709	427.084664246689	1366.90854298638	1746.27872978459	806.747436992622	930.826302698135	960.961537833469	615.847842984933	1101.22199178882	929.714642714204	1107.28471310142	1280.2362753381	1001.61195078483	948.915524519714	901.028734349823	1138.51242979108	959.975123271738	967.653762965113	1019.87389678751	1277.68304345462	1533.25745967329	1945.6515454429	1068.68561550634	748.06502302612	1156.28408427414	1627.23412981645	857.786517194344	1433.15410863726	947.593686176722	770.911098485248	1555.06385072218	798.574587351831	1061.65731227729	1611.93823077714	905.937897316952	1019.12520297951	1498.01420955914	988.869863758268	1157.2613827964	1738.98954614676	1018.97239816724	841.792842958354	1356.84284458881	1657.36230756884	662.258692882867	914.817920642382	857.54701477323	540.135091226088	2138.30209450893	1186.02488918056	1758.07528551239	660.653214580715	1200.0829981241	757.619578434167	1122.37598644799	584.308572044312	1114.95061821734	1564.58102079363	699.484189805505	938.971674864929	1513.77711173305	641.409234064587	832.202696567357	2472.590864738	1453.01908056715	737.60082659524	893.273929158001	626.059285009013	1864.18673152892	707.265415919612	1091.12393873808	1392.76099954613	737.918781506081	439.173719061858	939.336291384338	1469.44849702887	621.821922255316	1476.50321913973	396.24516287319	2053.27646429259	1552.02308411948	1917.43402048484	741.594110895734	1197.75147818226	949.810665585578	683.397107192045	548.508404102587	720.761319549989	1086.88407383275	614.279890018667	1309.62421250022	976.186778652316	497.358325160657	1112.94853166058	1080.83615583183	1176.27859069449	364.911996244845	773.545723757826	1397.54148283184	1859.16572823388	563.97657233074	1172.79706409316	1421.13551458219	438.955032652435	703.848361544625	763.656195051114	1214.01618938539	2022.78860661852	928.58810890276	1154.25985288738	726.152908479751	1155.63523761869	1263.1096892215	2199.47264369399	659.138982301113	638.121844358343	176.767537034925	816.189654862728	669.353525167392	940.524995804295	1460.59680460256	973.435479272742	793.252653483622	1006.27331175324	1415.63759943787	2253.30982600882	927.084795010031	1958.64066455086	808.73455814298	1425.55204240755	388.751893771564	848.141922833306	897.139384398236	1433.47187799758	1026.31625152537	508.731079177692	963.389495656611	472.487166608073	1302.61683875698	1316.68549768834	1206.92132350341	927.530262260583	1251.04524399635	465.527002846947	1036.2412556841	1416.17847712077	692.242649345529	2125.16404433565	1024.68179646228	1165.0672315106	800.043401953308	1009.34091509769	1271.44073955128	762.895083054045	986.893183982192	1414.48796059805	739.247150158699	1468.90562009501	1126.7856178326	829.296896426951	2072.21688548844	584.08530621919	1308.73708757457	1538.23388148865	1461.18326385107	469.333135619703	933.871541691324	859.499762349651	920.959643449887	1730.28146666227	1271.26853050593	1292.3918174675	653.675859365515	732.516140567557	1745.29506125285	777.816770026387	693.193354656625	1420.03569210664	932.24693072997	583.551607352256	1696.94499249285	680.90525096076	632.120032265971	954.127417055557	1102.97961132851	677.068117686379	1118.70354855125	1253.50707852141	1142.38600336226	695.448626857015	1429.62051821022	770.961324324295	1003.33315164794	1104.02605401299	868.328875715149	1085.41519199958	989.107008243977	532.503472840489	787.487616081986	1868.49512071572	462.360926422297	725.395613982415	771.837376102863	964.90559789701	915.194596541626	1620.0743655116	611.499502727472	246.404198301107	2000.38788133511	830.645564656312	1165.96178439797	935.069997049849	742.253598971259	908.782468091651	953.709484253373	823.706477976577	837.970185526775	843.772892972409	862.31300349859	1061.31908265869	978.633827354498	1096.30111590477	843.989087375184	742.12864164649	522.727393479518	858.026107176292	1503.78700662505	1178.68355013867	597.793113079164	1592.9674269905	606.245347493193	934.12293468772	2104.54051320287	661.218038621425	1727.7841934038	1117.98626662917	1214.71336220903	1059.98871262044	650.334208912532	823.195197920576	1411.49021349897	1152.96942337616	333.046119423587	1114.03607424949	963.288861800993	1111.99411780201	1954.30009628695	791.929117044388	1184.1852797775	817.003889987008	1203.39667586943	1437.96439717843	692.784150897651	1283.6551823088	1828.99020616013	2378.65277452287	811.846209180732	1299.55516591916	1112.33661335444	686.106734775327	808.17275277902	1222.81186008685	1093.01517653318	1035.33030665957	1249.71900563769	907.638565337434	496.710227240665	1816.77213923468	1330.94813709559	2046.09314268438	1195.80566696091	608.513774756812	1445.90530424507	965.166823419464	950.85966781175	461.474493407645	1364.66725228178	937.011675469151	1413.41457345192	780.928801326041	2112.23841522879	1041.60787610402	1001.10145843447	1381.98880424186	1277.93002119484	1540.02010963448	1306.05168508107	304.832854121279	1084.51607858625	780.331711648163	1377.60137657305	997.54113801724	948.982616475648	862.914612252985	1507.17311744548	1489.96875776714	911.063349678216	587.329333833287	1936.60592741616	1239.53462126081	1288.83047282038	541.382611291514	590.539112814067	1190.3619531688	1248.19489630503	1484.3576216592	1438.90785271964	1600.86482152178	1510.43803623299	1500.51130840213	1065.53568947679	1179.76056945982	754.444057557163	1679.25568141017	705.405524703697	1760.47511187541	1387.88893008261	1245.46742224263	578.030112861721	2339.7675067065	1097.31046686909	698.082393400354	1199.69988022218	707.683890946405	1388.81026552838	1045.77568790498	740.555546937445	1012.05338513455	1230.59029502965	565.795449592753	1555.05681813588	650.202430262374	2302.52951154168	655.733474785778	904.320376799061	688.452313201898	739.646841090709	2220.95625564073	855.708772679866	763.982670210451	955.16079207167	1005.54138088327	976.980289481546	227.72615365944	1984.16735654638	627.091076772554	2888.73010298409	1293.86958983267	1369.53525622695	1326.92430810543	874.184335730895	1091.47287026779	997.983837762384	1326.96082384667	956.400291760811	1206.00108046638	731.507417456499	1224.26357208747	1458.92072709567	1109.6486964539	1357.84152771413	1646.91719905042	2419.63559327381	468.272356398186	1358.1345437906	1172.92802812462	732.00929790502	1388.26954721711	1336.58848297992	1082.39433096233	1967.14573953533	592.712257603252	763.978232771817	1007.9562087868	1461.95109624301	311.637442225831	1289.67549755919	689.941380103383	2491.50615830977	1327.28846971039	1985.41096218948	771.503756939699	872.248211034533	1935.46956311866	1249.0962609541	890.490666929139	1842.49150928968	433.084737056725	1453.4277400745	771.968478172232	1228.82097795183	2028.7482340413	2124.34953903751	1011.89013869715	394.665335796116	774.69114306742	901.195086675385	1870.17158074422	1013.67025437124	1489.36385052899	1670.46981582657	880.822861986064	621.798188006797	564.195780240711	907.602351534666	1984.90233764646	1985.23235865389	504.8692840303	1709.52911207369	565.377020300807	636.653063247207	2003.9246180077	1614.32700408848	1008.2198543122	1633.10850803516	1221.02776419703	1492.07498009419	583.624787030427	956.977757293364	508.779709596326	1314.81250205224	447.270618893664	757.699890798477	907.82088889299	1097.77263154817	1988.17737184275	367.396082492303	1191.60477475982	1678.09682357334	1302.9720243073	1576.96968193316	525.076610325359	1068.90321541027	1070.27963694711	824.679011992667	887.959364361062	937.252822420687	649.743423544035	939.189404225533	1006.50662814742	1871.96061774269	1028.85825265947	1589.60426474562	510.314481071354	1137.51438046117	538.765221713315	2353.87726446122	1442.96101790169	2118.67889750439	426.3939156298	1554.05963718099	705.488854382713	977.217926864853	410.223520180995	766.485279786686	872.209396251149	542.131681709044	2033.31631553684	476.086737376879	807.766042841962	1149.55731449958	1243.72606871115	554.768782745612	1329.28366253429	2328.62045525146	665.130370212103	1271.06537918453	1495.48679560896	1358.48599286098	478.335716412598	1696.86920813841	1053.25980917956	832.99813722253	1675.0959213023	1207.57939517869	818.24453065046	639.142866594408	1003.36401307424	1312.2669015203	2183.79049896857	520.05961334887	1707.08584663778	1200.50272328663	811.526577264616	414.415349922391	1834.14080707517	747.320644102403	1664.60089470983	1962.78363735979	970.330239404095	1531.23684135795	522.022989121456	1437.24964650459	274.489168687656	1100.01704903938	515.615065182676	1114.03468357237	1568.1160933151	1797.22976078719	1622.72169824791	859.577794863049	935.565915318243	1250.07250333784	641.31866307608	843.353514406452	1099.01541404992	1616.3878742801	2302.69273701473	1193.02123230498	1034.4751211728	2339.21521994623	933.877490113843	641.754678974556	722.163108468273	1646.31503197666	763.263072513737	707.649498002342	1284.5552393641	1479.56009871548	1153.69942692052	1182.81717664595	1725.82164085388	1425.45044641832	2044.24672205437	487.779577789933	1092.66696594521	1857.81254724377	881.97258849005	1378.98452895636	1458.38692959774	1348.39890473447	728.33847298384	2670.78622443899	685.349065799799	807.776030106628	1147.29210772883	1193.16847001583	833.926344266247	1177.81572982798	859.976057233682	1501.60020905846	424.909915207613	1225.79207167203	1449.39226118659	1120.03691817733	1099.42120284883	1042.43462656819	1237.94081602087	2253.55345195288	1136.37015203261	1425.45716503711	727.846308803782	1112.11818032823	1390.79653313197	805.735699226942	1381.80321128121	1123.2965755642	1074.68870433511	964.893443747044	752.429490418175	927.950569613114	2368.60185840934	2017.09069939061	985.874167625199	386.123593992292	543.713293284937	1781.51707231209	1349.92776152186	746.547879673636	1064.89882216658	795.919235186098	744.101945098077	536.325367577578	863.420786361429	749.817914418886	455.36082817443	798.574931070956	1212.74353255773	579.422592229183	977.49214813403	765.963257306123	779.616934541541	864.512952675507	1009.30744549604	820.69720352771	579.708530868616	1969.39600668372	1392.44602562085	1402.96079206628	527.166163473164	1931.20650341359	1252.10136050827	736.142389764848	779.716530637091	588.911087892433	1927.61847827353	2282.45048551188	1455.47078562699	1142.06551070983	529.870701803395	578.650409366342	1236.69365371007	655.398192915142	866.645729366343	1031.35129483768	662.784933641476	886.7315117347	510.941053522633	945.725049638269	1172.1847406825	853.455744545452	621.446652662897	1186.14844239594	710.924038781385	1324.23431569647	1328.11906255361	375.705702047697	380.812485285801	1551.19838756019	1361.09928686114	740.583880949775	427.364294215743	1576.42444219278	1062.59652030614	501.22045125561	1749.72315291058	1477.44905593298	548.692722369368	1186.71255955272	1546.34849920339	605.02828577133	876.022537286325	1172.02011604004	1507.00682244984	521.352488234893	1185.90584224051	614.095814275631	632.305976520279	503.18969372345	1328.46673808639	748.165477479833	790.946267217528	562.158212461692	1844.24969219953	1377.16263765535	1808.22431869289	1187.21972732425	480.025656084963	874.474566149407	186.726815705139	513.257970416538	1063.74647177777	860.641782802533	1132.47306645781	1219.24409527381	949.713079949496	1857.06850308909	388.581297700302	1024.90195552225	1038.0300501547	1290.52383411786	784.017894710957	351.532487759869	820.412872916073	675.76698199988
2024.62515622565	1060.19584162277	314.63917135802	811.567663926333	1954.97306878463	953.81525811183	873.459873407432	2513.93055675909	393.301261865572	1155.68588832706	1060.98252249271	1093.17211347121	437.239598291594	1173.69106042095	1618.29242058708	676.323165381671	1117.86093179621	1831.66070348529	1870.4061525918	1260.04822218961	868.565556600096	1253.1842809852	1292.81708437201	897.208928632576	1233.68748033894	558.582138218167	995.802922455686	1561.1117613207	1490.39532631327	1229.60157580132	1432.95778854076	1093.6146986537	1174.40526894757	648.802522621736	1447.87435700067	551.813795130607	2530.36251262438	823.386313237302	856.986779992677	1156.34599448162	386.291699229691	636.459554000387	1991.0654434596	1826.72522599903	750.981501507918	1031.66120804792	801.476903365651	969.060620004823	830.942240847778	1167.23042018418	911.018729566905	1564.73720247362	1709.93829538423	1513.93166393479	1139.00200300348	1550.93133594915	1216.05489072673	1600.9940851463	2359.89929807348	1742.8485401103	699.017421516064	751.637965391627	1194.84365532923	1263.30678740437	2715.64008062173	1623.39449147981	615.328718566883	290.71641951048	716.738453972064	2105.72160767152	1205.3626111864	1431.18955241377	890.982667881592	1077.83536523453	1301.79243609653	692.371001340139	698.699058729494	1742.04455310839	849.481396984717	1885.91819386621	2570.67227902494	464.242445153693	1003.15929712347	1204.31594917562	1076.41391596642	1328.14916822448	1693.55654361055	1057.05407314829	737.623887928031	2105.46915552758	1879.95188191233	1201.481437822	1233.93126546917	1797.08924014598	2525.27170833907	1176.20734189859	1177.10563422736	709.649207769846	707.082273798239	1807.68243124764	569.560673407618	1253.5393674647	1483.44316361574	759.272816371621	356.228399112612	749.940461047084	1008.15969775832	951.019250902427	2206.54341674414	1314.0267132614	1474.53099672287	1009.1273707761	743.921634697426	895.2424905888	789.238608384904	1850.42862547455	1377.18113539888	1547.62956908764	765.02717677714	870.959886197327	620.249359488084	710.149161981403	1674.72573834529	426.435561294177	787.174921628232	722.92290395981	1080.37204412492	462.657695675915	1197.04553030399	1598.33311065956	1423.23664335975	1359.75395430225	658.728715059341	914.370002168126	1409.94890230312	2406.63216535122	1225.96483274774	1341.05200520415	687.731611004324	1778.06342633051	1570.75957641135	1317.81589826477	1549.58416615789	706.623827769158	981.22506731714	814.255774853525	961.933351949083	806.352284814803	816.301189384717	620.266632756461	796.120442953152	611.934743961805	1298.96110364405	1184.73505211377	1067.20194772091	1190.88551448389	1285.51672698129	854.930436823504	1022.5253257653	661.807891440936	700.969255681477	1068.56298178801	928.226292834871	1064.337081026	1550.02521878757	683.240329150784	912.540466002833	1091.43081479169	1657.64670132545	1095.51884093692	1393.04329632755	1969.50679608496	1496.36308462774	923.384251064648	1230.79639923708	686.776133898203	2503.22289393622	1042.15395912729	1700.53461887228	785.27524969789	572.192914321793	1035.78944607727	642.976323041601	680.807122554976	886.800099256793	405.64482212071	1086.51527561948	1560.32641967445	948.108055515785	1048.45547246745	1416.07786967327	1117.41918029715	1881.30035119445	1011.23578694344	554.152065032108	1185.54318458411	1030.3402927163	278.973336340263	1395.57965329199	945.751038687438	1313.9946204934	1976.21360965048	381.538575163804	936.767829351541	1166.1667187063	879.407310217368	1367.93605551945	1448.50596675595	1647.07959055878	1027.18228059914	1399.93347838137	827.70321822527	1292.63036577578	756.557826895728	824.134280178331	1253.78682989586	1072.17407644863	1440.59605943866	1084.70324488908	1629.11136366551	870.229534233058	686.878641439202	1060.04707766578	1039.06453673484	1068.30203560459	1115.35969649696	1043.4370232748	962.004238164381	1004.74002895429	906.903527090219	1765.4281030161	1428.97997887358	601.011392743431	1782.41021991798	863.256616453886	1299.2877938694	1092.73326789514	786.876903648841	1356.1750604058	2137.12974000707	904.499351598434	1941.07183878404	1549.37549332116	1267.32696440814	266.891512493691	2399.11436757032	585.259035793744	1038.54713198747	1558.08278851826	1307.43218929523	1015.95966984111	1834.76403373159	1583.24799917135	948.726102859751	1643.63771927098	1115.94721943855	1171.22538322457	912.997922910449	1494.82356686846	1862.79599360562	901.983493330106	1119.45692805327	2394.46552928253	681.645725925096	977.512742713367	650.084028793267	1347.5536121438	1969.41977433895	1074.19671324949	555.194589638273	1068.8407750378	855.11983569872	1042.98112290285	994.597631280373	1649.84578553975	898.011974319868	765.648440437279	1483.36858794498	1285.7410770018	1243.42296005792	771.542652053734	371.47557293396	1110.08589051732	633.384438996129	1143.60215779321	1864.78362047491	1049.95359221202	1178.73193500398	987.545438962453	1353.22291833046	984.231946875243	1810.19473796239	1316.63084129453	1297.55666472816	477.371317424191	1697.31181021007	835.521513523302	1546.63591816433	1574.75056401486	592.818892250839	975.146948725745	2645.57499928808	979.477813216754	760.15736479671	532.056913759346	2464.04996216166	811.520680290949	1134.04226230873	623.399595906473	1579.01642320405	1332.31030123735	1503.26306928414	820.52946216658	927.398662938643	1711.50080930398	1955.90031731092	572.303795688346	2097.3395441371	1311.90434394675	688.916838621364	1827.56399575265	974.438905842428	1575.70199319064	1432.86550920233	599.243165353462	974.729724754724	1252.88159381311	778.156900679362	616.121627632558	1332.99171921881	1992.19694750983	1209.40072891994	434.274137807791	546.910758287834	915.412461837835	1228.41586275364	761.931940012891	427.084664246689	1366.90854298638	1772.71656177952	858.034431376713	975.748107716635	961.869735611387	674.717569294908	1118.65499840655	949.147586194939	1116.02557681876	1441.43965403126	1105.65093140253	1060.18416592637	901.028734349823	1138.51242979108	959.975123271738	1148.9776411781	1119.1914473559	1396.32916387466	2035.91902182917	2041.65840451731	1307.7095607479	854.868966589517	1321.2238841433	1627.23412981645	914.342756737638	1524.11370741861	981.029243362479	891.232435198377	1555.06385072218	867.746843181735	1175.60917213709	1611.93823077714	957.372592742345	1019.8152137928	1518.25783726282	1002.53749049223	1187.40990937978	1748.51763645057	1026.06280278117	922.279935912243	1364.00058632101	1690.87723996134	776.038468139519	927.25663787947	921.088671551173	541.812509670127	2189.42819737655	1229.06453354545	1790.49635082879	663.399954739721	1243.36178700563	792.421865439733	1166.79610786643	584.308572044312	1162.0091489379	1605.99285574141	751.075054075445	965.08422358515	1513.77711173305	664.683493948928	964.260552270543	2632.98671534459	1463.62424513241	756.825789230149	950.087831499775	695.018076788255	1888.15939868114	804.808576981026	1176.47681794823	1481.5015870863	767.870243009417	461.054396086774	939.336291384338	1469.44849702887	685.649500744312	1540.44796976809	413.943214809083	2057.52887654098	1621.27452317342	2023.70287912116	772.403906230698	1255.65039737218	1098.6937893058	825.81109158726	704.261301423636	720.761319549989	1136.74073203809	666.682333758493	1311.40480444874	983.68883232014	547.092843458873	1114.86198656175	1103.75343762116	1202.8326894466	365.516176505873	849.482834404394	1474.9653846516	1859.16572823388	617.952442516262	1344.5422094696	1438.07237558085	438.955032652435	712.476350973289	891.235400916106	1415.52349032829	2022.78860661852	976.616887852784	1257.32286392148	733.744486245823	1274.15229316867	1263.1096892215	2207.79885619925	816.071830001732	638.121844358343	176.767537034925	904.861319482543	728.03273351772	1017.38366423653	1580.09370188409	1060.90858245431	835.04038980692	1101.93562757442	1477.43546411531	2253.30982600882	963.671555689551	1971.96666664872	829.740390480638	1438.98244355502	414.37229858861	894.258748458378	1077.49591520152	1511.06971004525	1026.31625152537	508.731079177692	967.322179641104	538.331504929249	1328.91084277494	1316.68549768834	1230.98065691884	1061.60373626027	1270.87850852782	681.805934016265	1036.2412556841	1416.17847712077	770.471852339809	2140.44913097733	1040.977290348	1217.80069572274	800.043401953308	1201.35298786709	1370.38926166866	832.814698180104	1229.47968186149	1488.32904715015	739.247150158699	1525.095162728	1126.7856178326	923.281320283533	2072.21688548844	626.768021202651	1380.93230821547	1554.49283065966	1463.31257180672	469.333135619703	1032.05716593017	974.890919181095	1026.49023583109	1738.36344374348	1298.75194111768	1820.96273080554	705.021658758364	962.069275745822	1750.88003526514	779.557498018927	862.789637981	1604.39300276763	1099.48031621819	780.993799955587	1763.19825120602	770.064658316654	665.845076190774	1116.18558240238	1136.52647814937	677.068117686379	1122.31093165823	1300.67205522311	1143.6511221568	695.448626857015	1577.9756828554	782.024125925224	1024.93632326342	1239.82955114285	894.678064604199	1139.67972382792	995.527875779889	606.350055292132	789.739813714165	1880.38388776976	678.97157442721	746.963220418109	846.973387467746	968.419976399481	927.079870433199	1738.90517090996	611.499502727472	318.241234328642	2015.08387397872	855.003598734231	1208.76262165424	1109.22801919447	881.931050404785	914.811386046208	1083.69534154172	923.154816558862	858.881854562566	862.397348317802	862.31300349859	1082.20839957013	978.633827354498	1175.90054679021	871.768916166143	837.895192404847	522.727393479518	997.313284794344	1541.44193888826	1195.34978229216	721.614508863124	1683.03795012093	607.437706902288	1163.55340678904	2236.67979814074	750.72566723842	1748.13267390337	1119.71425940524	1227.59925406428	1107.56565110629	693.105489505551	828.9399308212	1418.38229414186	1207.83452059997	336.491096482943	1154.18397112762	1156.71172012489	1185.8687844901	2040.60262903853	807.15115457373	1211.95763775397	841.222089987721	1214.64221530487	1524.29733330905	755.264133197889	1283.6551823088	1828.99020616013	2408.35655792939	860.226902185198	1299.55516591916	1241.11242408787	973.971464441362	845.885150013736	1342.08484336726	1235.61348591486	1170.27768320372	1249.71900563769	935.891652521513	559.238708442482	1952.90270285925	1466.52070891553	2048.12652142643	1228.50504625438	625.204423843032	1447.25255460864	1119.9375697449	1062.86161776974	525.044616284595	1364.82326370884	1141.71600129763	1453.53399233989	888.247878826098	2113.84143052638	1150.03557047043	1012.94259412031	1703.84375262244	1440.97334180909	1583.60820770597	1353.83007440426	380.165734944255	1137.75645683988	780.331711648163	1423.7146929684	1136.20291728178	966.299065723956	869.094271788192	1529.22222614699	1599.61489409866	938.973975548779	630.182384516837	1936.60592741616	1291.47443880268	1324.10172406886	627.697224774676	624.253733403426	1201.15992070739	1265.07846048599	1498.79478570801	1444.476670565	1859.87992097724	1510.43803623299	1529.25252215914	1117.79847593055	1271.76000559604	884.319036675282	1681.89610516573	778.88813058548	1760.47511187541	1412.35523546623	1245.46742224263	613.982133604628	2365.81231295287	1241.39761692128	720.730103614185	1382.50056871216	736.787623657972	1606.52731699127	1136.76379207837	897.976474929256	1013.10621174135	1251.59173668759	627.824993709613	1609.05470886757	667.668913553668	2337.2047977119	700.100144242116	1008.33071142167	747.420865274581	778.041946558608	2366.89892722218	975.547848315958	771.883467066534	1065.33161207036	1164.43919280335	1126.37682838112	227.72615365944	2040.0256077803	724.219742476677	2924.7161227944	1293.86958983267	1459.09906846418	1326.92430810543	953.358605972698	1274.34233237585	1169.76617877501	1396.97607337955	1176.65141371961	1298.84146676646	749.331014722446	1323.69722056897	1458.92072709567	1174.74117493598	1357.84152771413	1849.36645870551	2419.63559327381	501.462073960772	1382.36424747918	1193.7815361238	732.00929790502	1452.08419413552	1408.54900677154	1082.39433096233	1993.71303401025	645.807853689586	805.475721821853	1024.23066456027	1495.2687659396	322.932110284267	1362.4223716817	783.155816539216	2522.91867931208	1327.28846971039	2188.68812280325	771.503756939699	980.005009249918	2049.27238606744	1287.52792863135	1123.8252591201	1843.23177675241	461.625103692612	1554.738308596	771.968478172232	1258.32308271305	2029.66625753224	2179.73791748118	1011.89013869715	480.205262552603	782.421009053702	919.099600106998	2080.27185159879	1017.71024329579	1514.50175846262	2229.9649184386	913.506816388966	661.314946978334	579.290837084007	907.602351534666	2124.78167934	2036.18107796636	558.903996529899	1730.83971961589	570.719626568281	636.653063247207	2067.52280627798	1615.31921658313	1112.66792908008	1637.77367419649	1462.80491169358	1519.40935538455	594.592579276494	956.977757293364	706.985933046647	1424.57612783995	476.408167543824	808.245649409572	1053.53065933039	1273.70765664135	2051.46507162381	392.297950230292	1211.53930948835	1830.45256750634	1317.23772931232	1687.81460095569	577.651971476506	1068.90321541027	1072.2310692709	903.457232861035	889.7249213434	998.30693494165	684.250428977025	991.049273659409	1065.4292364399	1918.87638509484	1056.23219770103	1711.17837375012	551.458939377555	1142.22939479739	540.00600550424	2353.87726446122	1608.52854898875	2150.04941116354	443.347728040281	1687.47284701816	764.570408639433	1017.98410880278	447.942397885213	854.918947601029	952.652415151597	578.616070780688	2033.31631553684	567.127749693843	876.056097858921	1174.01579085386	1390.93552028104	604.995189184446	1477.37073943555	2365.4486916096	1097.58792380056	1331.25134506443	1526.52321108217	1471.86856013729	532.392338099712	1698.43250113269	1073.08741973094	880.847013618938	1700.3941673693	1238.35631079931	851.425947403464	919.006427838951	1015.21171497061	1460.53298594066	2223.47357056707	544.59673518121	1829.88558988713	1229.22788897029	821.931580039037	414.415349922391	1910.94162863259	978.77692520715	1706.79309428111	2012.54323204667	982.639883279458	1532.48245183014	664.404681682417	1438.69238456348	277.933337215873	1221.37156260489	559.387814904185	1281.73433073154	1712.93478499506	1875.65326790332	1642.95836066534	911.024033825279	978.753307214068	1349.15494420575	695.206386814393	843.353514406452	1150.65817031288	1621.34930887444	2302.69273701473	1238.99715682701	1307.66084248331	2339.21521994623	975.98423137464	641.754678974556	748.312154924901	1719.33013946065	808.31830059957	829.825093381305	1294.76505613929	1727.38887525053	1314.4740306198	1182.81717664595	1776.28610220424	1753.09097077855	2177.91979362946	526.668195942497	1092.66696594521	1988.27624462842	974.050706154148	1381.08494730401	1505.53269272235	1460.86253685717	733.533333756768	2672.04986324245	736.275252841142	1054.1263300336	1147.29210772883	1193.16847001583	859.474826763213	1190.41109913885	923.163383337281	1503.53820869783	482.056392119597	1330.81810933123	1449.39226118659	1123.04944093776	1099.42120284883	1097.87299453321	1439.00741436984	2253.55345195288	1136.37015203261	1657.54573642363	788.230705382307	1331.41458373807	1600.90307710661	912.186091621627	1516.17825087341	1130.86493613298	1093.86337675823	964.893443747044	752.429490418175	934.169966421037	2512.18177188528	2243.95211171175	996.255786240936	415.698303112499	543.713293284937	1781.51707231209	1349.92776152186	746.547879673636	1074.23106968839	798.114002855542	825.620405013591	632.324705608314	940.85372877034	749.817914418886	455.36082817443	887.48652671319	1212.74353255773	676.016009468302	1014.53097329813	842.993026530472	906.350738866558	871.14152608891	1070.74953394028	826.498239886543	682.138775940856	1984.8851876947	1392.44602562085	1402.96079206628	581.14967497137	1931.20650341359	1305.24967977287	776.634250500071	926.930747937599	689.166372308478	1941.71706071854	2428.87084467712	1674.74128038465	1200.47101213736	608.376758214634	957.049987825576	1283.75739490226	803.238921418082	1013.65650602326	1042.57439702078	684.952061455244	921.978499589358	548.726675868089	1035.97230909917	1222.04624243717	909.245293927114	666.504058029281	1254.65155660769	846.99148103949	1390.83614374212	1333.72540699749	475.321479542396	477.928945604807	1688.18749043861	1417.9390687111	750.344548542061	512.209769669692	1754.96857716449	1062.59652030614	817.68154102189	1844.03058096092	1635.44575337715	602.810662925905	1416.72747830534	1546.34849920339	610.686040310101	1011.56839826263	1305.60794484584	1511.69960974652	569.605276031816	1290.95605987561	614.095814275631	632.305976520279	529.652950272338	1337.35234277402	793.025572444023	820.574628732582	562.158212461692	1950.85947465466	1380.95020822232	1925.47747687779	1275.29279047577	481.888967288707	919.647323147599	269.469576695074	687.433330543603	1102.68722255042	890.768282944906	1169.67376547714	1283.27046889155	952.629407510263	1858.15575825686	487.412548549623	1098.15796151831	1243.87784364851	1362.01958913985	784.017894710957	522.655350301726	834.682705545149	722.623451259466
2024.63052061696	1134.28182445796	388.253870294988	905.847242108737	2051.44448668584	997.505438809902	873.459873407432	2560.65153941414	493.730716868748	1346.65925457978	1260.68238691964	1111.927906191	558.029981730719	1278.94100845416	1630.16690918297	698.883512810825	1117.86093179621	1831.66070348529	2178.27968604909	1260.04822218961	912.151122323261	1356.35767501825	1469.88875547062	950.699855889202	1444.20024068131	592.444003580721	1101.59129564675	1685.53965248593	1622.08289159347	1261.20623129105	1432.95778854076	1156.89354800095	1308.24524672064	748.396193258793	1490.65006893225	551.813795130607	2701.56972379739	823.523576169842	967.172587890731	1156.34599448162	424.458719419436	690.889088079871	2187.66920506077	1826.72522599903	773.187781587359	1099.24695825407	871.150399199536	969.060620004823	928.691548506141	1167.23042018418	1092.41048186061	1688.50224346564	1770.39749560566	1640.66413386791	1273.81304590322	1550.93133594915	1216.05489072673	1697.13986009416	2424.45511396117	1838.76496457898	706.644021769292	878.253499272878	1304.11008203268	1280.73975997852	2806.76308081021	1623.39449147981	702.609025500409	316.196768316698	1126.11891315286	2105.72160767152	1301.44532974467	1572.67828726207	890.982667881592	1234.62634192856	1526.69492007488	702.074542805033	750.855106103184	1847.50388927803	849.481396984717	1938.44096718221	2570.67227902494	737.105144015385	1028.61165958672	1213.02017719802	1103.37842599976	1449.65210832162	1806.4977619248	1222.31169536226	766.00482726803	2108.07245678912	1885.25432997693	1257.1545361841	1234.43474422234	1797.08924014598	2630.26763638661	1239.71649087695	1184.66223835231	711.690769791482	720.836905011432	1847.70055058999	1015.70600975667	1534.35179972699	1596.74288266795	1256.86598917383	447.215101679884	787.593059407042	1260.3048678217	960.453244359454	2208.58769226014	1415.88280119823	1474.53099672287	1175.7672087557	745.380261948282	987.485869551919	800.447617365939	1852.27407582512	1377.18113539888	1620.42682818821	1246.45263016081	918.879905513219	643.73908273295	722.669180316702	1676.14154656825	568.45076445813	974.427548368314	722.92290395981	1167.39157412647	486.272265354665	1306.39123159951	1939.67494170691	1473.12142877161	1440.48139826352	747.591951759381	971.017087703267	1409.94890230312	2406.63216535122	1431.74037593273	1349.8353666082	790.203345789767	1801.9041730142	1607.54639257345	1368.41360744445	1555.22021019799	741.255391602418	1011.14516125681	900.653366352979	961.933351949083	971.210767045684	879.174839814186	686.772887588759	990.662352685999	663.31487728676	1302.38340740632	1238.88883567901	1106.94050947214	1315.90883727919	1297.03595061046	900.773440801121	1037.58459620087	790.343626045399	709.836233023322	1130.84617830791	1031.962543201	1332.72006941585	1592.10635175718	931.887567950625	912.540466002833	1094.71560754427	1683.74529395133	1095.51884093692	1393.04329632755	1998.96192595237	1644.42026935131	998.68334927041	1416.21976716584	810.121263350659	2503.22289393622	1124.67480031031	1705.10929364424	807.634049665332	634.965276081658	1157.22214757393	870.49782951207	701.710886974975	1081.25533809793	434.591063444021	1131.94834333293	1561.30492248618	948.108055515785	1048.96759749136	1418.85080966591	1201.30787116435	1922.07122183482	1081.91652041656	598.62763877349	1185.54318458411	1030.3402927163	278.973336340263	1461.2594654183	1170.52954881223	1443.04106423675	2017.11458336697	381.538575163804	1084.50740838905	1174.99543883441	898.450022702737	1488.49434095664	1500.25689174447	1725.04148160446	1045.07570637525	1485.01596097439	840.352938287077	1362.33731995127	812.422973191225	855.992371859245	1363.81088591783	1081.02487307032	1440.59605943866	1209.49231510944	1687.12608498178	934.321300232285	883.98893097143	1126.69029775454	1167.78581351176	1123.64364165491	1145.03059876135	1048.29639216515	1019.48236930868	1044.36575522015	958.533479117025	1911.56244871235	1465.53147356647	693.305903059059	1885.63737488143	889.558615947564	1568.30532965684	1265.18001790459	814.751774298367	1397.87433114055	2150.65511195066	904.499351598434	1982.66445843647	1578.65078063585	1361.18042161315	345.975002228117	2399.11436757032	643.035644125059	1038.54713198747	1651.09315366724	1432.38730131347	1042.0946549005	1846.67234991993	1592.93315199637	1143.49005737188	1649.65668959484	1158.0272454353	1203.6347967485	943.670184724044	1611.32841846523	1872.24842216752	930.013732386318	1128.38737551812	2507.89691464102	716.966995046645	977.512742713367	682.413273324254	1396.0529161039	2094.04003205636	1182.75096518601	623.642823674317	1110.81409200333	855.11983569872	1042.98112290285	1084.54607915569	1650.09354075766	969.497042091061	776.32294024702	1501.17700510243	1399.39596958709	1328.69422150117	971.234844908385	396.804710558511	1176.59055377019	859.819125907354	1160.12146905621	1953.80847970493	1064.51107979009	1209.08624486353	997.674069451123	1353.22291833046	986.189635313302	1865.26160958044	1339.8165228364	1382.66972401553	531.711451365114	1700.89972302399	842.874487647622	1587.43536245577	1574.75056401486	606.319714711009	984.086668166695	2645.57499928808	1078.23902935455	850.218776998587	601.551813863676	2560.58977713994	830.202055273129	1173.24357609816	634.251945153466	1579.01642320405	1452.13939317523	1632.8931186315	840.852519212725	927.398662938643	1744.30174010062	2089.4943749265	572.303795688346	2219.3483796164	1409.29359018272	731.364014014265	1830.68889826164	1030.31475123755	1678.65693530342	1625.65373666226	667.028950706672	996.14641560669	1285.41832172658	832.567733456991	711.048891474789	1364.19700680009	2133.34740642886	1209.40072891994	456.504320056055	607.986607170984	961.615240806562	1313.01323655968	892.29507455108	439.38610605461	1366.90854298638	1799.16385042731	937.913332140156	1036.16385480886	962.780940166564	733.681872456456	1136.10876569353	968.652773993372	1124.91311228083	1471.20302504538	1225.95731641668	1213.87989707386	944.139443391063	1143.28758841418	959.975123271738	1330.78368917542	1245.10755962501	1462.9458418397	2104.75004742289	2137.72125426069	1549.80586208525	961.06557560893	1487.06803029039	1627.23412981645	977.366934055728	1539.95132389248	1014.46106422	1012.24133022	1555.06385072218	937.025138190163	1289.68068623654	1611.93823077714	1248.94290331076	1037.33526486888	1535.09604665734	1018.93147697768	1217.57749760481	1758.06487159201	1033.18733624039	1017.69786985733	1484.50954298953	1724.52660741605	893.012048337993	939.767701146365	985.01568227004	565.97938341892	2240.62234147411	1273.97501487665	1823.56170264811	739.257324806665	1287.07134675377	827.300834597792	1174.83211583298	586.513956438176	1176.32214109609	1649.8512595015	802.677977299862	992.013734346306	1513.77711173305	687.936430465325	1096.91106899356	2794.15497248904	1474.30197303534	781.263707329004	951.898919235244	764.015595030176	1912.11665956291	902.019023660434	1261.64324091135	1551.46767798267	795.767643149134	482.93889450101	939.336291384338	1469.44849702887	749.301676202182	1604.04335263611	431.660736546731	2061.78265681404	1621.27452317342	2129.76525929007	819.042758346691	1298.24007089669	1190.09621429586	1011.35521351766	890.663927593888	720.761319549989	1177.45261287624	708.337272057453	1313.18551492847	991.199839641521	596.806642238249	1254.66870801467	1103.75343762116	1229.62040781421	406.156775413934	925.598025417428	1588.39583928705	1859.16572823388	711.727012663281	1583.21156446376	1455.05043803325	457.494021083331	721.625815040937	1018.91015914399	1616.60519347896	2022.78860661852	1082.31627364338	1267.8788805293	741.335336819722	1392.27172306732	1263.1096892215	2216.13544076688	974.692968808385	809.358572334631	222.703737658982	994.657402103157	776.943882312444	1123.71815109333	1656.56510373538	1149.05078596279	937.303251618197	1197.29685781499	1539.27157941118	2253.30982600882	1000.33973950064	1985.53541132223	851.0295419226	1476.88699835275	440.158954870314	894.258748458378	1317.49997523564	1573.52453953957	1026.31625152537	521.55315716696	971.270427257199	625.421024896268	1355.25724691129	1316.68549768834	1255.01578204009	1198.26884056937	1306.91150757726	907.370003984943	1036.2412556841	1416.17847712077	849.270956954417	2155.73978626948	1060.86217965638	1311.10140871064	800.043401953308	1393.03159950083	1471.40603588671	920.332822409828	1229.47968186149	1562.89464895937	739.247150158699	1581.33879556791	1208.47345756946	1022.81533319153	2072.21688548844	669.432508576778	1408.06069544261	1570.77380925625	1465.50103614609	469.333135619703	1065.1252143624	1089.600755177	1133.29679801371	1746.44451724276	1321.31070296638	2126.77351778543	849.812394295153	1208.99797477195	1756.47610483637	781.757489945334	1032.62376361826	1787.92202899349	1184.29763891409	942.338507820346	1829.22674450094	859.009840579773	699.621308636359	1278.03347967921	1161.77910447979	677.068117686379	1125.9670968336	1348.26914749711	1208.10617614992	695.448626857015	1675.23874867887	793.258748321995	1046.63286260827	1375.78150004014	923.003705151005	1383.25809526914	1001.95512538312	767.999971290076	792.024592545089	1892.45388071346	1066.08615195171	768.529126272075	868.442057060726	972.141707913438	927.079870433199	1744.4659587593	611.499502727472	390.528000549321	2029.8501257895	879.500695987114	1251.67720444338	1145.57291911681	1026.0287661438	920.843382633871	1213.92392328499	1091.82571924428	888.075652855066	881.159529334766	862.31300349859	1103.1383901546	982.792067527043	1255.74660720223	901.893928667263	933.659256113164	522.727393479518	997.313284794344	1579.34680322543	1212.02988069896	846.252929531896	1760.66117059364	608.661933836919	1262.75462487285	2368.65116797341	840.653840244966	1768.67733305587	1121.44435586691	1259.03973331676	1155.11588607567	738.665748944656	840.827034017127	1425.27128319896	1341.99702282762	366.909494164035	1194.91044847377	1353.46796168245	1199.14471418129	2127.1779799159	822.438873132126	1239.72929105013	875.452801893773	1238.89630513922	1610.54085284339	789.203120112025	1311.78597637762	1828.99020616013	2414.69305955672	1173.41744497019	1299.55516591916	1323.88076999868	1222.80913372933	901.780941076024	1363.45407753322	1378.20395202361	1230.98785960498	1249.71900563769	957.171710075211	593.630299823866	2088.43568981804	1602.29393456737	2050.17428324808	1261.14035769806	641.949112354014	1448.60311192967	1274.49395491628	1174.06936135998	632.295694665949	1364.82326370884	1345.82206688947	1501.23757204674	965.40454122482	2115.48423121513	1258.5092060742	1030.89568282827	2027.28037311966	1607.20037625959	1627.18710810648	1401.51981785223	518.082819379242	1190.9864142394	828.039143783564	1470.14609796799	1275.36304752836	983.74577797132	875.416756832279	1551.78873562696	1708.66372938135	987.716804772858	675.066009938033	1936.60592741616	1344.47919215527	1359.46379713092	1028.81881058773	660.43526597287	1203.77506317764	1273.25375170196	1513.31797392498	1450.07943488922	2082.77776445866	1510.43803623299	1544.62126718915	1144.38307380193	1367.31202941049	1015.55745678291	1684.62635735076	854.311212095386	1760.47511187541	1436.83227472608	1245.46742224263	660.423373370295	2391.86868983771	1385.5002868443	743.395319932399	1543.1085059652	745.059368340963	1922.20154260652	1490.88781823936	904.901077627547	1014.29594013087	1273.66251910451	628.520229484742	1663.06294309837	695.93945248526	2348.51601017352	746.033995273349	1194.23422755591	808.794720919725	816.431320454204	2366.89892722218	1096.29606078754	779.826597636003	1122.37182996972	1231.88926607046	1275.65695505828	244.635971804185	2095.91781938569	825.308339922532	2924.7161227944	1327.50182000787	1548.781274919	1326.92430810543	1034.64389114239	1458.40357457488	1258.57209499859	1467.17298251697	1247.70241208919	1369.97249851597	964.728672529444	1423.3721273413	1458.92072709567	1242.19125401287	1357.84152771413	2055.59629991086	2419.63559327381	535.99006643229	1406.61206048634	1214.93794872033	732.00929790502	1573.39656647813	1480.67368349933	1082.39433096233	2020.61505894547	699.779495735423	846.992376521364	1040.49627219857	1514.71522652094	376.732024030206	1435.00260529018	877.099111339716	2554.30630947315	1327.28846971039	2319.85343743877	807.480394164978	1088.01522647859	2162.89506699823	1326.03624549081	1358.32704897276	1843.9728599977	490.168357680567	1567.12733658032	806.07337267694	1287.86949515541	2030.59130892458	2222.54144701147	1011.89013869715	636.93326586827	790.156978900325	937.530067669999	2207.18819298303	1017.71024329579	1514.50175846262	2280.78902400386	946.368014732529	850.585820710423	638.544753028605	907.602351534666	2141.28478963979	2075.83530143349	616.010275246225	1754.23472811181	576.06258463757	695.681010773764	2131.31478838916	1616.31186550607	1225.36222383667	1647.37483890315	1663.81773303528	1547.14303477798	617.039912954428	996.007600330971	905.965904252768	1534.72593468818	505.53011943382	858.834524229691	1199.50696880837	1304.01700420308	2114.89955644302	425.713007681689	1231.78596355594	1982.97943302542	1331.65871496012	1800.84121506376	630.052352165915	1068.90321541027	1076.29862163446	982.888455092648	891.147705597126	1060.17333034971	718.818046567434	1042.78565513889	1124.44501950472	1966.25249314897	1083.70158989351	1771.35893209112	623.43640404414	1191.62801705739	607.484656542574	2353.87726446122	1857.04968551314	2181.46387307534	460.296278870832	1820.55673151954	834.035296063064	1047.25805871902	587.332560390284	894.800189248173	988.17004091495	618.376093599415	2033.31631553684	657.723054317673	944.567044694542	1229.75148057126	1390.93552028104	655.219196787363	1568.51378424669	2402.2561314416	1529.75129170798	1391.58122333785	1557.9566203616	1585.40152661434	741.291596339466	1700.00193731884	1092.92858331115	979.84238782216	1762.79927307367	1270.20195720315	881.790342016518	1215.19788901627	1027.09062171506	1611.9082991547	2263.08141196534	707.425282195036	1952.57893165905	1258.29900967922	832.352047919146	429.211297913151	1987.35715960611	1582.05388685757	1734.87651731613	2062.50949740429	1008.42692740545	1533.72850502615	812.404688412184	1440.13683015029	419.130417660835	1341.74098525177	629.539186615548	1287.41759416717	1857.74371338182	1954.40707331284	1663.22431211385	1179.04183336286	1022.16270522366	1390.66144241424	749.64435873704	843.353514406452	1225.51777718081	1626.34407583444	2302.69273701473	1397.56141301091	1469.67616950919	2339.21521994623	1018.1241590692	641.754678974556	774.747994998954	1792.31459917321	853.48754487632	1067.13626764567	1406.05664749768	1974.67918265499	1476.185315623	1182.81717664595	1827.48138697768	1898.43315241401	2311.59735675769	657.081303525932	1092.66696594521	2163.11676154299	1066.78296077121	1381.08494730401	1554.22602988968	1572.66046781851	739.081820690419	2673.31347804754	788.294010976986	1308.90396467761	1181.73992715947	1193.16847001583	885.253508594608	1203.55710290976	990.80905215633	1505.51790729552	539.122934448322	1436.43963922475	1449.39226118659	1130.32656870752	1099.42120284883	1155.24145818852	1652.20276359967	2253.55345195288	1136.37015203261	1768.96485677196	848.66082982113	1585.75545736672	1695.77781450107	1018.52243504819	1658.80557805986	1138.516459964	1113.09307724777	964.893443747044	752.429490418175	940.393981784817	2521.79201383583	2472.19068323936	1006.64525390294	460.540300153733	543.713293284937	1781.51707231209	1349.92776152186	746.547879673636	1083.5634416801	834.742612233262	910.934174115299	645.872137120855	983.487934636753	749.817914418886	455.36082817443	976.437752781655	1212.74353255773	880.071624356396	1025.5144914223	922.84604410522	1069.54643819276	877.775868664146	1151.08606497422	832.307550008785	784.789218326425	2000.88193207533	1392.44602562085	1402.96079206628	635.789178812157	1931.20650341359	1358.95292542035	817.524585868002	1084.23110170717	789.349061739739	1955.85209387462	2574.94538842885	1892.87316646284	1259.30101006307	790.419369730722	998.517110547903	1330.88171124984	897.216622486299	1160.49799070726	1071.16305322978	780.011236409955	957.168666277572	631.444246975309	1043.22997493323	1222.04624243717	965.206311394134	892.600697522168	1323.16721831669	1072.32816862584	1457.58467739847	1339.33521421533	575.904096346772	575.843188150268	1827.83922372789	1481.76521443461	760.131362041466	731.294356288949	1994.93681490551	1062.59652030614	1138.88710724893	1937.77614666452	1654.81535453754	679.010997460999	1649.63608927062	1546.34849920339	746.115959579536	1147.47579557886	1441.15711442767	1516.43774650354	746.973064539669	2118.92767048439	633.57715892055	632.305976520279	716.581413079126	1346.41251678235	837.967229185918	951.77148940201	564.258059577446	1969.45460563206	1427.13649488653	1961.22469735	1363.10790836222	485.885392905259	964.977556402499	269.469576695074	846.944097754327	1141.68617219108	920.964174134885	1189.91830692607	1347.62613728269	955.57491917465	1859.24425920231	579.137924025752	1098.15796151831	1343.70623916361	1433.58466331382	818.473759016782	693.672668285208	853.53218876746	769.61383906949
2024.63588500828	1217.83207846717	462.370187400018	1000.48295967597	2173.31257453768	1041.42230254284	874.692956045912	2607.41618625609	522.73949890319	1623.3153868864	1529.111460272	1130.48101545063	585.139638527741	1311.3316248674	1642.04388670054	721.621592850678	1165.41132249547	1831.66070348529	2488.27232373994	1260.04822218961	990.500405884427	1356.35767501825	1648.68847803288	1249.31435679806	1654.78625914504	627.707037477216	1208.57477673645	1810.32368259714	1667.90935528333	1285.48388471231	1432.95778854076	1221.07005256492	1442.30410271734	847.44273984022	1533.85533337232	551.813795130607	2871.69587732381	823.665830069352	1077.36294558199	1156.34599448162	494.522980740609	745.341971885166	2383.78227695074	1826.72522599903	795.402397478234	1167.06093373697	998.511790014186	969.060620004823	1026.67775109967	1167.23042018418	1274.51855412353	1707.16022275057	1830.61684655882	1793.89217038662	1418.44991732173	1563.13899838614	1216.05489072673	1795.01134574	2489.03099991118	1934.73144536191	731.681231424137	1006.11141791197	1414.49233651722	1298.63078382935	2894.02787552686	1623.39449147981	792.378442865541	341.944853555792	1144.63334895054	2105.72160767152	1401.55849437323	1713.75615809146	890.982667881592	1392.09227418945	1526.69492007488	712.116805980668	803.96515770219	1998.68637311606	872.073877873086	1991.17652346143	2570.67227902494	986.505911647047	1054.06038807682	1270.9278377777	1130.34014664301	1496.40305114926	1919.378015286	1386.72315376143	794.717979903731	2110.68013278297	1890.55515598909	1313.46324913637	1235.07278576313	1797.08924014598	2735.18612827535	1303.16693837466	1192.26369407223	854.701292662329	734.792365344776	1887.78181856495	1026.45340990045	1814.18600692425	1710.36455605036	1328.34330692913	538.925995417163	792.284134075162	1515.75045523578	970.649981007244	2210.6609638642	1517.35259384112	1474.53099672287	1349.03658798122	746.872204721277	1081.08977124268	886.866642968969	1852.27407582512	1377.68085650401	1693.76407924568	1782.60050418476	966.903798635132	668.990427935378	735.191267143644	1677.55733815934	721.814144795035	1161.04130811406	722.92290395981	1180.42516468861	599.899868996004	1450.34859904505	2125.97384696486	1508.74481486143	1521.28976380096	836.967446084386	971.017087703267	1409.94890230312	2406.63216535122	1580.85980690445	1358.65669043186	803.892022576824	1833.55675689569	1655.05883914202	1419.07859486838	1560.86365128044	790.323295524396	1041.08340842394	987.412164513506	961.933351949083	1145.1499510607	942.174241204372	753.754361236821	1031.85635820999	742.202725642168	1305.81218624377	1292.86739404388	1146.25648698155	1397.0207086062	1323.1404370961	946.685432349135	1206.72374827461	935.539841445789	718.78919101613	1172.64716059615	1159.05110168755	1600.99597072072	1634.93760201833	962.530053294398	912.540466002833	1098.0035466887	1710.02593950516	1095.51884093692	1393.04329632755	2030.12766429701	1791.90860781298	1081.59898356613	1601.6473147018	824.072272897888	2503.22289393622	1161.41918204461	1709.68626417532	830.02901340953	779.871594456122	1280.28031482416	1033.86175310086	724.157663202032	1276.39381060619	479.035183882912	1177.57768220329	1562.28359369996	948.108055515785	1049.4893351297	1421.64420153394	1271.05480921084	1962.82281145062	1153.52988212243	643.190457302731	1185.54318458411	1030.3402927163	278.973336340263	1527.00693299802	1206.33051755179	1572.82788677993	2058.0025371367	406.708678901793	1232.43922359528	1183.84084196078	917.483477740997	1609.99779579579	1612.07090113085	1803.13562343051	1075.62514149639	1485.01596097439	853.008806618234	1432.1310062688	869.623742697846	887.924286278267	1410.32843113231	1090.21778245644	1440.59605943866	1264.18720895784	1724.75002657229	999.672812578336	1177.83308589407	1194.63808304782	1297.6284773771	1150.92862605599	1174.79268365966	1053.73061956398	1077.66888514389	1085.72177682785	1010.15767069996	2058.62243485006	1519.63429767989	785.742274834604	1988.73075334275	916.32734897259	2073.94855469322	1438.43913705741	843.478226570234	1399.27748608081	2166.04372337725	1268.02408295545	1982.66445843647	1607.97112340124	1456.53521615852	439.179006345238	2399.11436757032	706.23378136491	1038.54713198747	1676.15546738567	1477.2307285752	1554.74089275804	1858.87779759374	1602.62456810841	1341.58414591373	1655.69079452666	1200.14867669611	1236.07327601076	974.475247010055	1728.69417478373	1881.76807270892	958.09473660051	1193.92646548219	2621.43530877343	753.371740712632	977.512742713367	722.100486762886	1602.36225958393	2219.33713325141	1292.35768341116	712.929220426326	1153.17623486025	855.11983569872	1571.00273880886	1174.51654684248	1650.34143730746	1041.14724687406	787.974559646821	1519.01273990842	1512.2588411205	1414.28798826429	1171.50481338092	396.804710558511	1243.25203047849	1405.07963573476	1189.68766530223	2043.02809391621	1064.51107979009	1239.74072006993	1074.0314721851	1353.22291833046	1095.47676071668	1920.48835449719	1360.4511427731	1468.53114990589	710.8489690677	1986.85039761658	847.205576640087	1628.27100705533	1574.75056401486	620.187988181565	994.30440430151	2645.57499928808	1177.21387835916	939.968367219008	628.328826425502	2656.99511534788	908.921381534428	1228.45012970616	645.252652457107	1579.01642320405	1594.1304012395	1763.98444036178	861.888084812497	927.398662938643	1777.23143129332	2222.57109308309	572.303795688346	2322.33712505281	1506.77252793762	773.73957626112	1833.81377769556	1086.22251737839	1785.94038734369	1819.74080373077	735.002622474836	1035.49157563085	1444.06996228518	887.754936506385	1382.61542495576	1404.23510019885	2278.54130797129	1209.40072891994	478.730664828358	669.735866047696	963.434977818374	1390.77551709954	1024.38816799048	552.682016694863	1366.90854298638	1825.6190587746	999.590612955701	1082.00886416282	963.69514351714	792.739525403157	1153.58106851969	988.226795727845	1133.9439630593	1501.2711595644	1346.27926726521	1379.62242005073	991.007545095845	1203.23649606869	959.975123271738	1513.03494016866	1377.55354846362	1462.9458418397	2173.47559623465	2233.83499380247	1549.80586208525	1066.64317096623	1519.36463300457	1627.23412981645	1045.66744940563	1660.38614280617	1047.88897579656	1133.74607854354	1555.06385072218	1006.40058865949	1403.83724373362	1611.93823077714	1248.94290331076	1055.03845340351	1538.32949286227	1079.06452820128	1247.76052275094	1767.63101180981	1040.34538070158	1123.75484106142	1484.50954298953	1758.30448833329	1023.33343774244	952.347600990971	1072.61743053872	590.166106073982	2291.87061187821	1320.53658291523	1857.21913573834	816.139699949566	1331.17906426709	827.300834597792	1182.89282269759	644.906971155224	1190.64299416901	1695.941463282	854.284818895924	1019.69875171551	1515.1313536366	711.166621438684	1230.09809563019	2956.00509101648	1485.05088135069	810.492788586546	953.860854814434	832.997727034303	1930.37054251321	998.87644664294	1346.59321087397	1622.1010931281	806.939057769263	504.827160368601	939.336291384338	1510.74109830664	812.768839307151	1669.82284829024	449.397079988249	2066.03779646437	1621.27452317342	2218.60418200222	819.042758346691	1326.10010513466	1263.45802385298	1197.42337108551	937.472810357923	720.761319549989	1194.82026721475	711.883903650042	1314.96634377757	998.719593902627	646.497021909531	1394.819596797	1103.75343762116	1256.62929906344	447.337001803178	1001.8869389106	1702.08990622195	1859.16572823388	807.306698991893	1821.79150981234	1472.06732048078	548.016618056934	731.278793876907	1036.54679693044	1817.14186082864	2022.78860661852	1194.48157301017	1278.44020955711	748.9253554991	1509.96098101492	1263.1096892215	2224.48211976497	1134.54586910689	906.66202615926	349.367553530119	1084.09294939222	812.000025580825	1244.69356457554	1727.90721105097	1215.01615469505	1043.33495944813	1292.3393995723	1583.72173861574	2253.30982600882	1037.08659212877	1999.3420094252	873.120167073249	1664.74040306594	618.767494739741	894.258748458378	1561.09137340035	1636.20273048616	1030.70330998256	571.767437532345	975.234007493975	727.380054062429	1361.53707026053	1316.68549768834	1279.02641765026	1269.05338975946	1312.26628904412	1137.52356870363	1068.26443522812	1416.17847712077	928.538186002501	2171.035924559	1084.75023920173	1502.09869618157	800.043401953308	1584.21782980363	1574.17679000801	1009.99304613689	1229.47968186149	1638.09352854771	739.247150158699	1637.63513184257	1292.00234461811	1169.88686220166	2072.21688548844	712.063249317668	1435.16912475043	1587.07623971494	1467.74839621583	517.285778832811	1098.48016612271	1203.54203461173	1240.90986686585	1754.52462069742	1336.33536250772	2164.3852288307	1025.60806450447	1465.63887963373	1767.18502479315	784.412874520795	1202.62270587707	1936.39702134298	1184.29763891409	977.876971259883	1895.02331482593	947.736645300504	795.921991065761	1439.5808424939	1186.9921414916	677.068117686379	1129.6714818889	1396.26414670196	1258.93296402296	773.020958572169	1727.16353282865	880.205028147121	1208.63993774082	1511.85225463655	953.106912833174	1627.50682316207	1008.38867051261	1068.07581978849	794.341670289679	1904.70164398024	1458.0745484733	790.093277249769	890.044899154803	976.068524966309	927.079870433199	1751.44133954557	611.499502727472	463.165482123652	2044.68423400823	904.126140250541	1294.68518287259	1148.14788595635	1141.25027774009	926.878400609358	1344.37510056656	1265.19204985482	891.056872314212	900.049093701751	862.31300349859	1124.10510759841	1042.87931027086	1335.83422457596	934.155508526878	1029.41515950222	573.736899650679	997.313284794344	1617.47094352204	1228.72332492728	971.239912338839	1838.41717212626	629.797329769543	1309.85622804057	2414.49783610936	930.981009250138	1789.41247493204	1123.17654752822	1290.85820382954	1202.63877118	786.564332884982	860.211104300951	1433.67255286996	1477.91450625117	399.8152836245	1236.15865792669	1552.04983207607	1199.14471418129	2164.57022191194	837.78885973864	1267.49692052384	909.675286034312	1274.86853626435	1696.69065075994	826.910691508543	1410.96505015594	1828.99020616013	2433.29470434508	1173.41744497019	1299.55516591916	1340.42786956439	1271.25615423339	1029.58031596231	1385.4206916811	1520.7331964687	1230.98785960498	1249.71900563769	978.463868794893	622.372841143351	2223.30981447912	1738.25081048035	2052.23638460075	1293.71101946909	658.744587864674	1449.95696403741	1428.81858433677	1190.51625553006	666.298446062069	1370.36946596646	1506.23504104181	1661.0383113662	1030.7725624818	2117.16666489436	1352.06896456133	1058.74109829977	2199.34722609573	1775.94551574548	1670.75636065311	1449.11602040099	657.304130792008	1281.61540567981	926.546508734747	1516.87310952782	1361.43415372859	1109.76277068546	890.7830962163	1574.85040482633	1782.75252262445	1036.34971109236	721.600223307123	1936.60592741616	1398.43848040891	1464.35789110939	1036.15619829643	698.692714859743	1206.95151264598	1274.83724719166	1527.92517513917	1455.71579691219	2085.14818725488	1510.43803623299	1633.7993052068	1170.92557902244	1464.7656821121	1147.94622575479	1687.44599828814	931.180219919564	1760.47511187541	1461.31669117359	1245.46742224263	715.118713852901	2417.93650229589	1529.59373256802	766.075067792173	1589.36136871961	745.059368340963	2184.67940812565	1922.82399693172	909.290752070101	1015.62184010545	1296.73974663313	629.49759695073	1717.07897995447	730.955514622386	2359.82079448122	793.233350212178	1382.50041306571	872.090501774048	854.81467739402	2366.89892722218	1217.76291881647	787.81079760024	1137.39115870147	1231.88926607046	1424.80441422704	244.635971804185	2151.83983041859	929.254408240628	2924.7161227944	1368.26603482844	1690.17704845273	1326.92430810543	1117.595641127	1643.60949740477	1316.26059179512	1537.51722411981	1247.70241208919	1413.28776183133	1187.96080882557	1523.27332901536	1458.92072709567	1311.68519813913	1357.84152771413	2264.40958795253	2419.63559327381	571.596336520598	1430.8769309566	1236.38162400256	732.00929790502	1696.39944575438	1552.95549435877	1082.39433096233	2047.82967419324	959.002354796345	961.015485280189	1056.75298120866	1534.21479631842	437.953873982065	1539.8133713811	884.203550271522	2585.66873023044	1327.28846971039	2346.6283938234	994.133607781824	1196.12504107692	2194.75528108114	1364.61567944742	1592.97897806064	1844.71475811159	518.714084065285	1577.89858130693	847.712169050258	1317.45281226555	2031.52337858543	2244.75685001509	1011.89013869715	654.40268245485	802.097026897315	992.469996585703	2271.2021525721	1045.76989677821	1514.50175846262	2331.65557010626	979.379811194059	1142.33181157574	657.529034928864	907.602351534666	2157.79568637024	2090.51103210206	675.472698488771	1778.25405694747	611.575739276802	772.218305052423	2195.25060655866	1625.14387220519	1300.61416362521	1656.99238000147	1664.13621635801	1575.25781559336	675.452618304966	1038.75866226131	1105.66585051126	1550.70722105816	660.81338696419	909.428247582088	1345.69340584575	1334.42058514884	2178.47704693301	465.788941703698	1252.33144433561	2036.47115603503	1346.2297029387	1915.74114436963	682.27609680717	1068.90321541027	1198.01177281918	1062.85763124447	891.746613529173	1122.75123949474	753.444048269807	1094.39740828983	1184.09921131435	2014.06374602862	1111.2555494551	1783.97980788763	787.773546514687	1243.62476634021	678.274332058649	2453.02326105325	1860.38190658703	2212.92149493038	828.277630008441	1953.29388844042	903.606862591216	1171.22117555429	730.765966723515	935.950065633114	988.17004091495	658.227024332957	2033.31631553684	747.827795828924	1013.27935062886	1288.51933458744	1405.10122854043	705.433626096558	1660.05746816853	2439.04027089385	1858.25956335921	1452.05268976077	1589.76518059863	1698.98193044946	970.16156801385	1701.57749605248	1308.63570090475	1029.11207895762	1953.33890210721	1303.0482134477	912.700405256969	1516.43711368146	1038.99929963389	1764.88072642563	2302.61326699588	877.01787224491	2075.04216885655	1287.68547279814	842.78750295917	450.640220556044	2053.34249060178	1881.50603869771	1734.87651731613	2062.50949740429	1076.22599081236	1534.97499939665	900.68021686418	1514.37063519438	696.416810847163	1461.09769965295	699.799575463075	1293.1031926148	2002.52820592121	2033.46279030088	1683.51879649451	1489.3372259402	1065.77675412852	1432.41238041001	804.546766673906	843.353514406452	1235.97746167146	1631.37190596197	2302.69273701473	1558.02604793205	1469.67616950919	2339.21521994623	1060.29684074753	702.170202239607	786.96604065185	1865.25489599911	898.730991515751	1463.06100878771	1522.7267785767	2174.41465843725	1503.05093125682	1182.81717664595	1877.21594495045	1905.34690698035	2445.26215935517	813.623653859093	1092.66696594521	2311.57451312367	1160.04271512266	1381.08494730401	1584.80552968149	1683.72086011075	744.976395647641	2674.57706870506	841.228067794974	1421.15863086212	1221.20461808496	1193.16847001583	911.246052331027	1217.23777537668	1019.06440206715	1507.53910073193	572.013904383073	1542.62572893623	1449.39226118659	1137.60191861527	1099.42120284883	1214.29848706936	1874.06235740036	2253.55345195288	1142.31417832771	1811.80145383661	909.134768676494	1585.75545736672	1743.52233211005	1124.66870305715	1747.47482677044	1146.24952091443	1132.37591084334	964.893443747044	752.429490418175	1026.8284705957	2531.4384065381	2765.19606470563	1017.04246062283	529.101255229696	588.470906761382	1808.67878559739	1349.92776152186	746.547879673636	1092.89574751585	1009.40136798812	1147.65672438638	739.017138137127	1026.02549446245	749.817914418886	455.36082817443	1069.59629390561	1212.74353255773	1084.62016842088	1037.54972928805	1004.85533055326	1254.75706636588	884.415892800233	1254.78457562843	838.124980237985	887.622083524263	2018.16744772478	1392.44602562085	1420.35690959475	690.889895803772	1931.20650341359	1413.1585795351	914.679983063163	1084.23110170717	948.16486032772	2139.27118193073	2742.6149467152	2109.78587624628	1318.49831717489	1031.23636085281	998.517110547903	1378.06337775014	995.527598212979	1307.13556479952	1099.78564531942	924.61326385144	992.29875412595	724.041464783609	1051.18270980898	1252.32093446773	1021.29096250427	1119.13207048599	1391.66181464518	1298.10718372873	1524.47471013923	1344.9484533053	676.844969881634	575.843188150268	1969.64081565102	1577.67693378332	769.943503633476	952.901128576624	2078.91940138841	1062.59652030614	1233.77320226393	2030.93013926076	1674.19974226967	801.965845834887	1885.11388554292	1546.34849920339	752.895768320803	1171.96413804643	1578.29723643451	1521.22085836292	941.752179937204	2128.1505408412	658.909545026288	666.78559337767	905.053189641214	1355.64421402303	882.989789780908	1263.50652886654	616.456382521319	1988.54502667324	1505.23022675699	1997.03586238319	1450.65348676641	650.554873805354	1010.44619855968	320.236372135288	906.529392669628	1180.74289227583	951.220049723034	1210.62985257975	1412.2713981737	958.54934566794	1860.33400299184	643.151658636162	1098.15796151831	1366.2033454112	1505.21232563643	821.960356613475	882.11477174993	873.189777875391	816.730310722896
2024.64124939959	1309.72928714404	536.890201722012	1239.13552226085	2313.92842897834	1085.53060087901	941.94362047901	2654.21645757395	661.650641474697	1650.16770030151	1721.93725644606	1151.57759561846	612.643890900299	1492.37784503055	1653.92303830384	744.518467644055	1246.3219841136	1831.66070348529	2625.41241192436	1260.04822218961	1171.00081841185	1356.35767501825	1726.51111194785	1647.72628501219	1865.37918631896	664.147772557159	1242.30267547524	1935.32535344165	1746.62986963192	1310.50823394929	1432.95778854076	1285.97254528761	1576.53140121147	950.573747533519	1577.46097095519	551.813795130607	3040.69221638532	840.0990771235	1187.52283266078	1156.34599448162	685.918107291037	806.875361643525	2579.36055095088	1826.72522599903	817.625014638806	1228.69653999914	1128.38566376657	969.060620004823	1124.88319833256	1167.23042018418	1457.08765614763	1725.93255025181	1888.86977998232	1884.37401256905	1583.97693357563	1658.81442772884	1216.05489072673	1894.39052508312	2553.6236829953	2030.74345571065	756.760007776583	1134.92716458489	1525.79837225794	1316.9612755357	2919.13921430115	1623.39449147981	875.737417496593	368.326649978245	1163.42424619566	2105.72160767152	1505.0326316357	1854.40085270553	936.590504812842	1550.18078905063	1526.69492007488	722.484630968894	857.854855900212	2150.51885461307	897.206893701727	2044.10229721135	2570.67227902494	986.505911647047	1079.50522869101	1328.73593410457	1157.298905907	1544.00473859249	2032.18813309916	1549.83350669613	848.096436007916	2113.29216950056	1895.85435231407	1370.3482862602	1235.84519593294	1797.08924014598	2840.01939607592	1366.54925260191	1199.9092466281	1061.29975464581	748.936159613827	1927.92547661922	1037.20440189032	2092.48209095397	1824.13466624247	1328.34330692913	631.08172006722	797.604375635533	1772.72342294924	981.588457096443	2212.76308225866	1618.40860380951	1474.53099672287	1435.69665053739	898.826823491937	1175.05738514622	923.221911934399	1852.27407582512	1380.6442887654	1767.57556423861	1823.51949031638	1015.0305771719	695.821051881059	747.715352243595	1678.97311310064	853.096682754824	1346.95360404352	722.92290395981	1356.41271226336	768.754738537578	1594.02450461812	2125.97384696486	1650.41818813313	1571.86620356902	926.80276963826	1070.0592909361	1411.4970889051	2406.63216535122	1580.85980690445	1367.51528238841	817.58002940349	2207.77693662164	1655.05883914202	1469.80967269882	1566.51436106053	841.150327196411	1071.03530669654	1070.96681242755	961.933351949083	1191.48643684205	1005.29781066153	897.34592042686	1073.3149299824	821.26345471957	1309.24739681491	1373.86437335619	1176.87241680343	1397.0207086062	1351.52856099373	992.636833805169	1376.05307268076	1091.3744956189	727.825232137389	1172.64716059615	1295.67266274799	1868.98182119326	1679.00484441175	1021.86096918156	912.540466002833	1101.2945930745	1736.48194111065	1095.51884093692	1393.04329632755	2062.92749260982	1938.80813093441	1164.79383315613	1786.69571473935	1122.53349332326	2503.22289393622	1187.61987403832	1714.26551708228	852.457980726174	925.144466538775	1403.37793961904	1172.55983255277	748.017895893045	1472.08090620534	534.402858527263	1223.3785211461	1563.26243282802	948.108055515785	1050.02067083425	1424.45792948581	1341.43670761002	2003.55010955014	1225.86854118163	693.209670090057	1201.39100457176	1030.3402927163	342.309956635556	1592.8019761625	1235.59936722441	1703.28212819446	2098.87591740996	607.096635694041	1380.50656912436	1183.84084196078	936.506695507899	1781.18538996977	1724.56232514402	1881.35758452858	1106.65423250287	1485.01596097439	931.517921168592	1501.9735657791	911.241019660087	919.926812336655	1456.96900766991	1099.74441564141	1440.59605943866	1268.88798652765	1764.58353608797	1096.83945729658	1368.95712446736	1263.71717915391	1428.11979414771	1182.00604180147	1239.31724308773	1059.73085104041	1136.46713480278	1128.63864390049	1180.15653399569	2075.10228571916	1573.91622621322	878.259404121318	2091.68366172512	943.527824532692	2107.57915085531	1612.24375549956	1041.40982253685	1400.9569754129	2183.25447271541	1276.86147380367	1983.85832563878	1637.33536368253	1553.16680472648	539.320015291894	2399.11436757032	789.349661908046	1038.54713198747	1701.3500469639	1522.16633860088	1555.15456617493	1984.08775246392	1612.32217769439	1384.66100791464	1661.7398873042	1242.31113207464	1268.53695112909	1005.39302594819	1846.60768439198	1891.35395508703	1027.96285600287	1259.3760240917	2734.98079441367	790.699816195786	977.512742713367	852.975844695202	1806.51522583725	2345.16388760906	1402.75749740028	802.907835552257	1195.86460075053	855.11983569872	2046.42025955934	1264.50548793745	1650.58947510243	1112.95816389949	845.534296337848	1536.8734227586	1582.78238193707	1500.16218425807	1372.30739582268	396.804710558511	1310.05631315565	1498.38411725184	1219.28369902315	2132.43732927861	1064.51107979009	1270.67391251166	1172.57287669778	1353.22291833046	1199.05937295185	1975.86868262945	1381.08377539552	1555.06337503714	981.730079339446	2070.50167020698	851.5368086677	1669.14256188278	1574.75056401486	634.397827939688	1005.76359668531	2736.49649198809	1276.18394412469	1013.23084028864	681.155248700424	2753.24948949088	997.678985168312	1283.63487974616	656.39400907802	1579.01642320405	1691.56659819465	1843.17060428534	883.5889221131	927.398662938643	1810.28512743324	2355.09627178619	572.303795688346	2409.97383109984	1604.33500885871	816.040852174389	1836.93862925233	1142.13711952948	1896.87429906651	1819.74080373077	776.034505571563	1055.75479019652	1665.49012739138	943.582893629663	2089.39172313874	1445.27537777506	2427.20397932544	1209.40072891994	500.951846363523	732.015186541685	986.922847276621	1454.01445942598	1157.23871876433	666.501900184997	1366.90854298638	1852.08073003762	1047.89130061603	1100.85153285607	964.612337683258	851.889326981101	1171.06980944333	1010.74893107441	1143.11482356608	1531.61730423639	1466.33513957271	1549.30589986625	1038.12622359512	1263.6145729064	959.975123271738	1690.79260315085	1514.8308530088	1462.9458418397	2242.06811111658	2329.99454381474	1549.80586208525	1171.58991648078	1519.36463300457	1627.23412981645	1118.25514948365	1814.3502064302	1081.31280489988	1255.62472631148	1555.06385072218	1075.86605595505	1518.05212399503	1611.93823077714	1248.94290331076	1072.91681774833	1541.56280751764	1213.39619476253	1292.93317570479	1810.49025283324	1047.53633179382	1237.25518323797	1484.50954298953	1792.2053598602	1193.08486055567	964.992993822206	1232.40103545875	614.366576836412	2343.16018962925	1368.55247032994	1891.41942932131	893.676102744556	1375.65604803406	914.813706718695	1196.48609471894	703.823904276934	1204.97165895776	1744.06185304147	905.889141909791	1048.08255449991	1515.1313536366	734.37280832753	1363.78236403704	2956.00509101648	1495.86961599306	844.052864580675	955.972549107198	901.926280131725	1930.37054251321	1095.36537828187	1431.30275342523	1693.34339453732	874.488470171139	526.719139763634	939.336291384338	1542.2117191174	914.127235458704	1737.78554795578	449.397079988249	2070.294286909	1621.27452317342	2263.59796092893	819.042758346691	1354.87507559829	1278.35382929451	1383.9391866	937.472810357923	727.461962093624	1212.28518243754	720.242619160564	1405.91589397124	1006.24789424807	696.16185627546	1461.2228103824	1103.75343762116	1283.84782878215	488.911829112935	1078.34577818429	1816.03738341921	1859.16572823388	918.38935026186	2060.08777059899	1489.12074401702	676.395558382731	741.417205109185	1051.65453562241	2017.04361077238	2022.78860661852	1311.61163660928	1289.00680597238	756.514441609513	1627.1934142512	1263.1096892215	2232.8386193289	1295.38476160858	1095.31601501024	477.577445092667	1150.10551890336	847.29634251726	1367.39727344908	1727.90721105097	1218.67585760687	1149.15294423523	1351.1947634421	1583.72173861574	2253.30982600882	1084.06164211949	2013.38161918565	895.954412454865	1867.79272256737	878.610759246289	909.158095750173	1841.25781107514	1699.06981059527	1039.57986673824	605.72951955056	979.212692312666	828.873939241726	1361.53707026053	1316.68549768834	1303.01229474672	1308.17370780258	1312.26628904412	1370.5916740069	1100.82518882478	1416.17847712077	999.625992698398	2186.33746190819	1112.35955153971	1690.93913829884	805.185174986756	1774.80474078187	1678.45609012788	1045.15707772532	1229.47968186149	1713.84950144416	799.953801071794	1693.98285992438	1376.43166141867	1317.80381520008	2072.21688548844	754.648085927572	1462.25672504812	1603.39956607103	1470.05438585273	575.274379494177	1132.1005660597	1316.65145475736	1294.47656788432	1762.60368875115	1351.52215836227	2202.12741314432	1220.16863127063	1686.28367480601	1872.87295330977	813.965275051987	1372.73749295533	1936.39702134298	1184.29763891409	1052.11179396	1960.58135180944	1036.24089703086	860.874318187568	1600.7635294505	1212.16537846554	677.068117686379	1202.73406036495	1444.62692329913	1311.20581512437	795.265265674187	1779.07116188904	1033.0841664522	1333.05112256322	1648.0178144375	984.802524250365	1872.13398711845	1014.82842665411	1371.90095509768	796.690763992667	1917.12375981609	1854.54035531464	811.655620418733	911.773120633956	980.198066481782	969.164691784811	1759.81660782817	611.499502727472	536.106134042281	2059.58385536364	928.87029041499	1327.58086450652	1215.33330634449	1142.69610301111	932.916384174394	1475.03203172157	1389.3255345519	1003.02403580027	919.056486134231	862.31300349859	1145.10488349076	1104.05693797792	1416.15870340704	968.357540411998	1125.15774108514	655.894534493101	1015.17062726291	1655.78633712661	1260.40061181395	1096.3143510224	1916.29988424316	799.049265547668	1356.90556013484	2439.91548479427	1021.69106917965	1810.33259701438	1124.9108259431	1323.02032024686	1233.50872097137	836.431047570995	879.687632615624	1682.85479296992	1615.08716826465	433.434633775489	1249.56095306896	1643.35594477421	1200.0797252575	2205.15494282677	871.685431321809	1295.25747500233	943.884944907359	1321.6865231228	1782.74252346974	867.836666511277	1515.67336979991	1828.99020616013	2451.97702560294	1173.41744497019	1299.55516591916	1357.16893865871	1450.9337870921	1177.43466532863	1407.94983885223	1663.1614529736	1230.98785960498	1249.71900563769	999.767355244799	724.340685960573	2357.47327855376	1874.37556888166	2054.31278180894	1326.21646820485	723.498753761001	1451.31409878266	1582.89393059354	1212.27980588374	680.222604455853	1406.51139586807	1506.83757077516	1672.21530425127	1098.86914096774	2118.88857734516	1389.70836858392	1088.29994242882	2199.34722609573	1946.75097025871	1714.31551571967	1496.61428162778	785.154760367172	1401.55350869648	1026.49354580038	1563.87567303117	1464.65655761049	1364.63685208769	959.835063881542	1598.38580175165	1825.74252778204	1036.34971109236	754.999366425644	1936.60592741616	1453.25609362411	1539.42588407309	1043.63251864278	738.695932714193	1210.68495849823	1276.42072464693	1542.61443874754	1461.38541081294	2087.51884395856	1510.43803623299	1769.91380009251	1197.42579270481	1563.82869176038	1281.35060938033	1690.35457699578	1009.14245322566	1760.47511187541	1485.80533648096	1245.46742224263	776.142834238229	2444.01561657069	1673.65549253433	788.766705875051	1635.6848518448	765.003376300387	2191.32907945275	2045.95030836602	914.38309541525	1017.0831298594	1320.76244974729	679.030979833777	1765.35781851245	766.018383884001	2371.11906160959	841.457148979892	1388.20877683962	936.940800665284	893.191731599594	2366.89892722218	1339.82197113757	795.834846666329	1152.42009724938	1231.88926607046	1573.80281735171	262.657648300068	2207.78780091926	1035.36343951108	2924.7161227944	1409.10867731007	1728.46226721816	1326.92430810543	1201.88269247894	1829.91480923837	1331.30736811981	1607.98009665954	1251.79246264849	1485.10506649898	1361.14100742669	1623.38817424137	1497.13228109466	1382.96145220255	1357.84152771413	2474.97939815106	2419.63559327381	608.074872735574	1455.15787126667	1332.48085985662	732.00929790502	1696.39944575438	1625.3882360314	1082.39433096233	2075.33569758443	1231.03958259534	1100.07573771538	1073.00074252461	1553.76399067554	499.248901824511	1675.26673741371	892.570853361469	2617.0056285059	1422.82469639144	2375.30884434996	1182.94748303914	1304.22907734833	2213.47176202301	1403.26126264831	1827.24841023469	1845.45747018051	547.261931184653	1592.36779937019	889.426742645545	1347.06625373912	2032.46245682667	2273.46044751538	1126.65149695276	654.40268245485	832.580215602025	1119.39774149846	2303.4649487465	1212.28508227235	1586.70266301913	2382.5504938067	1012.51890469533	1387.12513101877	844.49574555094	1023.83652098093	2174.31388562623	2105.35161098651	736.778150352431	1802.86534805782	703.895966279071	849.252898540479	2259.28553870773	1803.14979955894	1347.38925280389	1666.6260857314	1664.73430264334	1603.7364681261	897.698667758813	1083.40831955251	1408.30333227155	1599.96073368106	951.558827298936	959.996342268843	1492.04900884557	1364.91400087422	2242.1939906666	510.938871629667	1273.16309016615	2045.28981767703	1360.94558662981	2032.2670782834	734.321539653585	1068.90321541027	1399.44026316989	1143.28023873158	892.350599368851	1185.9593239455	788.126539203461	1145.88338595504	1246.26183445818	2062.28690546565	1138.88420882526	1796.5950085567	963.636544776555	1297.92098907153	751.377164107303	2585.3970503028	1863.71754303471	2244.421519687	1438.38951111479	2085.66770277361	973.235716030781	1394.12045966439	747.000380778404	978.228254800459	988.17004091495	744.038204261206	2033.31631553684	837.412672010144	1082.17775049234	1348.50701545691	1451.07905080647	755.633022659241	1751.04075499906	2475.79872832697	1870.60749138422	1512.66355160196	1621.92847027056	1812.53031120822	1200.30357018674	1703.15915669728	1318.67523015472	1037.76267323251	1990.35697384285	1336.83120105824	944.108978087312	1821.93325650137	1050.93637654093	2091.67953194897	2342.06838654431	1050.51146657612	2120.00638542298	1317.35911071259	853.237489495648	720.433502503523	2053.34249060178	1897.0842418557	1734.87651731613	2062.50949740429	1147.45373277919	1536.22193339674	907.984763767468	1671.03798639189	1070.27426251239	1579.41544363126	770.166200325878	1298.79110962995	2141.73301935152	2112.79574059822	1703.84108977979	1503.70623700856	1139.87728444028	1474.37882397208	859.848558882901	843.353514406452	1422.14849183589	1636.43253127851	2302.69273701473	1720.11890113881	1469.67616950919	2339.21521994623	1102.50184449723	779.067761079475	876.208646223345	1938.13919102786	944.016244074292	1808.01203716802	1581.87889278922	2178.68166933414	1528.54590553677	1182.81717664595	1927.67750105239	1912.7803733101	2578.89753936311	846.097033655206	1092.66696594521	2322.52712935464	1253.73885569649	1381.08494730401	1607.57331373217	1793.98513335093	751.209270150274	2675.84063506597	894.938578179467	1421.15863086212	1260.92847717353	1193.16847001583	937.437760176477	1231.43713771283	1020.38158792022	1509.60158249543	630.175842555494	1649.35084131463	1485.21813521724	1144.87547609984	1099.42120284883	1274.8394319915	2102.40214232703	2253.55345195288	1317.58093347524	1854.68080255934	969.650809143641	1585.75545736672	1792.58818159415	1187.51210979114	1747.47482677044	1154.06251873339	1304.04129915282	964.893443747044	754.623731057161	1197.14781173164	2541.12060538628	3140.00289634231	1027.44730039656	597.858846079171	634.018676029654	1822.70761708995	1372.3737645592	801.228575288956	1102.88446910796	1235.46072474457	1389.55130906409	840.426977208735	1068.46415396219	749.817914418886	522.316095267031	1267.50543039897	1212.74353255773	1354.73528699332	1050.60046335276	1088.53774758777	1453.29126970605	891.061513337769	1360.44188839591	843.950380884986	990.61280562621	2035.47237590336	1392.44602562085	1447.5608708791	753.41894354767	1931.20650341359	1467.82114772374	1084.32797114301	1084.23110170717	1132.93408580289	2182.44109924375	2774.9266202418	2325.40206782884	1378.01501157218	1031.23636085281	998.517110547903	1425.299521846	1097.08738982648	1432.55186535214	1175.26685467455	1161.64894809022	1027.36588617674	856.764160424501	1059.81484632942	1293.11275204435	1077.46105626843	1346.03433241521	1396.54963684119	1390.86437864553	1591.50158521792	1350.56509383399	777.846355938554	579.997923523934	2113.20320078905	1663.32523455053	779.780193704298	1175.22143257624	2196.62224047728	1062.59652030614	1252.4994891221	2123.46599612917	1700.83898253409	928.325134939915	2122.93657714349	1546.34849920339	760.049279717854	1191.62099067417	1716.76653637603	1526.04857155262	1021.33051066053	2137.47407465113	684.288805588723	702.301478378585	1094.83643990717	1365.04440371117	928.092600010262	1573.47797543268	709.332725079098	2008.10904305361	1583.75719120106	2032.90914360121	1561.16520197142	841.048911147839	1056.03732189703	371.442887814557	966.763706645624	1219.85695613591	981.527629974559	1285.52555631855	1477.17299599129	961.552418420857	1861.42498669594	753.400898607659	1176.89035450775	1388.83705570053	1576.89674193242	903.455235189649	1035.75993454311	893.601876544057	863.966540408097
2024.64661379091	1404.12929552342	1116.00026149514	1501.08361825147	2502.60623707264	1129.80038812351	1032.5755616583	2701.04479661377	804.337244416905	1650.16770030151	1746.80489971687	1363.28593898717	665.047750434962	1735.90710454351	1665.80405758019	767.557338421039	1329.02625474237	1831.66070348529	2625.41241192436	1260.04822218961	1365.42597102435	1356.35767501825	1764.66678579069	2043.62052586878	2075.91788988082	703.817950562756	1258.19594829898	2043.29864507118	1835.38203333809	1335.56771112044	1461.29862050919	1351.46042892422	1658.6797495131	1183.90750226717	1621.44055130717	551.813795130607	3090.68972608955	898.355931126126	1297.62687097843	1156.34599448162	936.8763738607	870.096742154903	2774.35965154004	1854.86563058812	839.855328315095	1290.06882678842	1260.23975969773	969.060620004823	1223.29399292681	1167.23042018418	1463.55790993873	1744.81617338027	1917.83185373249	1966.59837675649	1752.45481616779	1723.78609706978	1216.05489072673	1995.09759133087	2618.23005642093	2126.79647579558	781.876145063327	1264.52494959026	1637.88427842204	1335.71322356102	2944.23812542417	1623.39449147981	875.737417496593	395.999952856781	1182.47878036433	2105.72160767152	1611.34273015093	1994.59103602629	1131.6983350704	1671.51120005712	1526.69492007488	782.156989100463	912.388423669909	2302.8298323473	922.432981234045	2097.19781664036	2570.67227902494	1078.59697401268	1104.94594363109	1386.43629263033	1184.25453776265	1592.39043579789	2144.91891623087	1711.34113156696	895.246194097586	2115.9085529737	1921.63391481276	1427.75882289642	1236.75173719905	1797.08924014598	2944.75975371723	1429.85538422006	1207.59815527143	1282.15933543306	796.342934144291	1968.13079390502	1047.95889312217	2195.00611750806	1937.91766473064	1328.34330692913	723.541982036366	803.541283881895	2030.2918940351	993.246885078555	2214.89389749796	1719.02777685329	1474.53099672287	1461.50089300646	1117.07561223106	1269.36975386026	1083.57625078761	1852.27407582512	1400.63267148743	1841.80520648965	1825.46045638182	1015.0305771719	733.892151922436	760.241369903574	1680.38887137438	996.389473895844	1532.11298525244	729.650587184781	1563.53817344472	937.274513720808	1737.36105887093	2125.97384696486	1831.96141670542	1594.79844545284	932.8955129887	1076.13600295524	1414.27701981382	2406.63216535122	1580.85980690445	1391.0351610075	831.266851204941	2501.00035577829	1655.05883914202	1520.60571330218	1572.17221287864	891.900090561438	1100.99682350212	1070.96681242755	961.933351949083	1191.48643684205	1068.54397384395	1050.85834220054	1114.99439795074	900.49300780456	1312.6889961305	1516.36955073807	1251.35355129442	1397.0207086062	1379.96817017605	1038.60313345442	1545.48014396148	1254.40001248375	745.263721467903	1172.64716059615	1431.85756240138	2136.53751744657	1728.18890434709	1139.80900819355	912.540466002833	1107.98051422971	1944.97075131689	1112.57417712415	1393.04329632755	2097.2856203549	2085.09903706591	1248.2594101414	1971.10940979801	1288.46615359309	2503.22289393622	1213.89689751923	1894.03081142902	874.919002877509	1070.65280495263	1526.48928130349	1313.65538513574	775.008688760676	1668.22983410808	591.205761080662	1269.32950758803	1567.00513206543	948.108055515785	1050.56158982285	1427.29187776039	1618.47459712687	2044.24845679415	1298.76917048551	748.592730031202	1220.87832658221	1109.69695028527	343.329543477011	1658.62741760834	1258.99596237468	1834.34789408817	2139.73325403196	809.021409563189	1528.66831095707	1183.84084196078	955.51876871144	2088.08195324657	1837.6197524049	1959.70324048298	1145.91959177253	1485.01596097439	1018.41189594046	1571.83344195079	919.268834049932	952.297356214874	1503.72240276155	1109.59636403216	1440.59605943866	1273.5885410709	1806.50166999774	1257.15848038343	1560.6352287908	1333.78646984317	1558.93922299437	1299.73109936242	1359.57145574089	1066.28752058422	1307.78231947483	1172.96476582889	1418.84407958499	2089.63422870232	1628.36889128791	970.817722678489	2134.62322095238	1070.91532861419	2141.34546624307	1786.41915253683	1330.94576947233	1407.91818167373	2202.24288250127	1285.72555009782	2113.67899238	1666.74241199346	1650.67796765305	643.23623841291	2399.11436757032	876.156739395969	1038.54713198747	1726.67116912161	1567.17708277807	1557.16005124576	2134.57463527789	1622.02591241472	1398.36608792253	1742.85953448183	1242.31113207464	1301.02231610919	1036.40574650794	1964.8266443436	1930.67926951476	1189.12876121555	1324.71515365153	2846.92656768385	828.816363080807	977.512742713367	1015.99750464196	2011.33940874274	2549.25004384079	1513.76300371089	873.852777182496	1238.82474705933	913.537187883581	2122.38452850874	1319.06992270743	1669.55791163443	1184.92593085449	916.376268088586	1554.75678713238	1627.16755798512	1583.85757475775	1456.9686062994	423.025781118363	1376.99174439762	1532.42509696714	1248.90893407703	2222.03112895178	1064.51107979009	1304.08306045733	1270.64891817753	1353.22291833046	1233.86442874048	2031.39682876748	1641.86611751552	1609.55280720431	1215.56694621569	2154.19224054589	851.5368086677	1710.04973730785	1574.75056401486	648.92504192886	1018.42467636836	2889.12940357563	1374.99089315627	1041.4044825248	750.800251701232	2849.33762571395	1085.96540168864	1288.221183607	667.668727224438	1579.01642320405	1811.10371734746	1848.93516152882	905.910758254997	927.398662938643	2014.89607148575	2487.03941978671	611.999690427874	2440.22098355671	1701.97533441668	858.265567633121	1840.06344816027	1198.03792633275	2010.90535214193	1819.74080373077	812.981779773964	1172.40041471871	1887.82242737561	999.944585659258	2348.5953496201	1487.24412518945	2487.01382799721	1265.64729150028	523.166754910194	965.653069894118	1032.01628403263	1517.54582135642	1290.39894801676	780.788276362936	1366.90854298638	1878.54748200124	1099.52497708934	1100.85153285607	965.532514687453	911.13009527161	1188.5730096408	1058.07097696833	1214.36913170483	1549.65831171732	1585.92303658863	1705.41312864393	1085.46179597292	1369.94785139489	976.054751362876	1740.0680908834	1655.74331346686	1499.24081336446	2310.50286435935	2426.19483660385	1549.80586208525	1275.89381458595	1519.36463300457	1627.23412981645	1198.61119632353	1968.67636826747	1163.11559232691	1367.26031859646	1555.06385072218	1096.12952988494	1632.30373314246	1611.93823077714	1248.94290331076	1090.96282604217	1544.79598803887	1352.04123398543	1349.81250381075	1873.11301688071	1054.75959835305	1418.11911746832	1563.49479000011	1826.22406483401	1236.43363178283	977.700693540584	1392.75559499696	642.802427820423	2356.0128899144	1417.84728898742	1926.11623247739	896.026039723579	1420.4766290054	1064.81561308717	1217.5441484475	763.128117433565	1204.97165895776	1794.0246790771	957.485753607301	1077.11293151063	1515.1313536366	757.553870759335	1497.93413567826	2956.00509101648	1506.75685132426	881.484718417026	958.232851638066	970.773313052389	1930.37054251321	1191.47316810233	1515.75218949303	1765.14451093495	1013.16643893583	656.676705410472	939.336291384338	1567.25586775457	986.591196412607	1814.00149644815	544.864779262475	2074.55211962943	1621.27452317342	2308.77031144539	819.042758346691	1384.50787144054	1293.98837944619	1414.13228444747	945.867161183961	805.073038901085	1229.8437289183	782.286446690083	1615.87656213948	1014.37029008385	745.799400505733	1475.29297837271	1234.40179690986	1311.2652999456	530.780400853285	1114.32943165804	1887.03280150369	1899.18830832426	1024.45640780577	2168.2949700322	1516.60347233739	833.234168966096	800.341533248571	1066.77301807518	2216.23621752062	2022.78860661852	1432.62793638006	1314.1439519685	764.102498304441	1743.9461909565	1263.1096892215	2241.2046693052	1452.23455778076	1283.92924904935	606.837728219101	1155.50216865472	882.811513201551	1491.46692794435	1727.90721105097	1219.00889251432	1254.57796412554	1401.91318339519	1583.72173861574	2253.30982600882	1159.32443220359	2027.64945021474	919.478260921267	1958.37992394254	1141.44461434431	1020.77236059327	2265.19637295807	1762.09594241651	1050.43399757299	637.260625514942	983.206256622708	929.803633366658	1361.53707026053	1316.68549768834	1326.97315537845	1347.51783020405	1322.42551695892	1605.81179845046	1133.61445569565	1416.17847712077	1063.72346763155	2216.39554367347	1143.39693383759	1690.93913829884	987.47227389096	1876.2043117985	1778.00636055787	1111.55972247901	1229.47968186149	1790.09853018282	952.763786940923	1809.96016386674	1461.49582707048	1466.53572650138	2072.21688548844	798.72838640133	1489.32267717542	1619.74325294646	1472.41873353239	633.349183149031	1165.96720471136	1428.87977474217	1323.3693468277	1770.68165712969	1366.86600258093	2239.99549025774	1426.72718321772	1775.53984158874	1925.38690050398	849.146340333429	1542.9299175347	1936.39702134298	1184.29763891409	1133.19580425081	2025.89469560798	1128.51060408684	920.84147370107	1715.6639387477	1237.29860659856	677.068117686379	1321.84358316784	1493.33084918249	1364.77386074543	800.519079999058	1830.95708567885	1192.82739800075	1359.35853169634	1784.25765519299	1017.92014544162	2116.95063659561	1270.24175982121	1535.58222479904	799.071590152589	1929.71685019895	2255.10766836338	833.216104030384	933.618687208935	984.527884536198	1160.39144032446	1769.57395261098	611.499502727472	609.32348299137	2096.2368063497	972.238013781435	1349.65501913079	1393.770739424	1144.14264334666	948.104994997824	1605.87983568053	1411.07369698116	1115.4882378056	930.584005342413	924.478120829123	1166.13430390059	1161.26594899502	1496.71563529775	1009.48034085413	1220.88214390059	728.141171054987	1033.09234915219	1703.48581098945	1297.13946407676	1200.11276145366	1994.30374410183	967.89967374929	1403.90197386009	2465.31695972678	1112.77121205111	1831.43238490735	1126.6471827055	1355.49466496238	1244.05146694965	887.96360488807	899.250262261285	1890.25161604157	1753.16204818464	502.442740390458	1257.45504746847	1692.43271505748	1269.9426057669	2251.87076935782	1029.51580930747	1323.00814302835	978.077785918067	1378.32335173564	1868.69233834912	1151.20305750055	1612.15686029344	1828.99020616013	2470.73596753085	1173.41744497019	1299.55516591916	1374.09742435869	1652.05408869365	1325.27019337353	1431.0081268042	1805.4571275732	1230.98785960498	1249.71900563769	1024.79965535735	737.329050794065	2490.88102395103	2010.6532478118	2056.40343107429	1358.65615654003	843.320711292234	1452.6745040382	1736.70229248332	1444.69032662969	690.625319772448	1442.6086027014	1561.80105517969	1680.78188097798	1169.11672251283	2120.64981256676	1427.38222093385	1119.41493923703	2199.34722609573	2119.28918531641	1757.86412399107	1544.01061669467	805.2779447866	1515.27459847424	1127.52435308317	1563.87567303117	1568.58530216693	1623.05176449527	1138.84196012251	1622.37431002508	1871.19566047512	1036.34971109236	754.999366425644	2019.56305031888	1508.84805794936	1573.28918243314	1051.24481000894	780.168915966359	1214.97037135779	1278.0041839338	1572.51389618699	1467.08793375258	2089.88973100613	1510.43803623299	1955.12857560628	1223.8835153641	1605.75867266247	1415.67869618206	1693.35163151858	1087.94129063106	1760.47511187541	1510.29525393134	1245.46742224263	841.949866948001	2466.39012291074	1817.66442250865	811.467879966722	1682.06061577201	872.126130855678	2198.34130408026	2087.44641915987	920.168563669674	1018.67897735729	1385.59412293011	779.457227440253	1792.21241218845	814.972995221611	2382.41072384523	890.512066068532	1592.47372416545	1003.06417113902	931.562196885177	2366.89892722218	1462.38479842948	977.205283492108	1167.45832282261	1231.88926607046	1722.63562532039	363.529270652267	2263.75817221014	1143.17992182782	2924.7161227944	1520.14112074171	1827.52003248665	1326.92430810543	1287.25474010895	2017.27548089507	1341.11567637211	1678.53736674666	1266.01815412475	1557.18969182152	1747.91928394391	1751.49851156972	1582.0513934761	1455.80167487527	1495.61781133117	2686.7119346145	2546.28827751546	645.261954415366	1479.45395286403	1450.32686927106	732.00929790502	1696.39944575438	1717.01349045692	1082.39433096233	2223.15921455717	1508.49903999819	1100.07573771538	1089.23950839966	1572.99318597955	560.602345881312	1810.36873680393	902.167291531036	2648.3166963227	1624.71549146035	2405.7819957643	1372.97201954123	1412.25189942329	2232.20203122506	1441.96851832674	1998.36387065495	1846.20099529128	575.811594985767	1620.2283789033	931.216510268987	1376.70359675875	2033.4085339056	2314.41954703819	1394.73264458646	707.833829253887	832.580215602025	1245.25727164697	2335.70680309783	1380.87796019296	1708.80680318628	2433.46079076706	1045.76484228283	1387.12513101877	1054.49257232958	1172.26738761754	2190.83891684994	2129.91553706487	978.372585833492	1828.03733776246	797.776454635101	926.721424107782	2323.37940195276	1982.68426773177	1396.59403743748	1676.27574856421	1665.33238180024	1632.5626912906	1128.48006448399	1129.75239616194	1712.11450759584	1695.81296399009	1036.33652825178	1010.51416941389	1561.52212151983	1600.52062350521	2306.04703304456	636.579256647295	1294.26884894001	2054.1086506742	1375.80142749257	2150.21850195785	786.187004756903	1074.39962101966	1615.49793692294	1317.49948871065	892.959654462751	1249.73125541858	1054.40007158809	1197.24243417196	1323.95757066342	2110.90051606499	1166.57859987814	1809.20450980926	1146.26962329284	1354.25288146772	826.121476492873	2717.60972785492	1867.05657990502	2275.96321955989	2058.88798420584	2217.66204386917	1038.41934921445	1447.99339729355	747.000380778404	1046.12349968525	988.17004091495	744.038204261206	2033.31631553684	926.456220337512	1151.24999801024	1851.67850688499	1506.05508449343	805.813118429865	1842.090003652	2512.5292350914	1882.97199472549	1573.41172503757	1654.42739768348	1903.07072024125	1276.27383074468	1704.74689862587	1329.40513439445	1072.14631008917	2001.44324260985	1371.49122830819	975.974109592887	1821.93325650137	1062.90053867051	2091.67953194897	2381.44602771641	1226.58462453756	2132.93367921261	1347.29399742813	863.70157288104	989.682869324829	2053.34249060178	1912.73484979223	1734.87651731613	2062.50949740429	1221.34185697014	1537.46930548621	915.339607550732	1831.25986451327	1224.06832735062	1579.41544363126	906.115128181942	1304.48132902374	2145.5106879321	2192.38431755363	1724.1904982467	1520.28453524284	1223.36551572042	1516.53486259429	915.499534096902	843.353514406452	1621.52779923714	1641.52568506118	2302.69273701473	1883.64805540304	1469.67616950919	2339.21521994623	1144.73873892471	858.4083120466	955.255070489193	2006.17902807966	1066.04996499357	1861.4306654614	1589.16326999289	2182.49015920459	1554.05555100493	1182.81717664595	1978.13446108945	1943.39543392438	2691.44258923932	879.916336330004	1092.66696594521	2333.5134434101	1347.80383767358	1381.08494730401	1630.32638809798	1903.40387862681	757.772450275545	2677.10417698164	949.315677150977	1421.15863086212	1300.89286408767	1284.68969962543	1045.66648765535	1246.13926630392	1022.65419998513	1511.70514375527	761.419750683103	1756.59329143336	1533.59260797046	1152.14722689181	1119.78130353026	1476.19719106264	2335.78719936476	2253.55345195288	1498.16178070927	1897.60078176879	1030.20738057061	1585.75545736672	1794.31104254002	1245.05490576065	1747.47482677044	1161.95387931381	1356.96071856456	964.893443747044	790.32443090151	1237.84605909575	2550.838269279	3273.37905420572	1037.85967101466	666.809083142787	864.537956072473	1833.00554579505	1427.19149055905	934.479647752769	1125.28468284755	1278.30502721876	1389.55130906409	942.667291412186	1110.80187755511	749.817914418886	629.62963748107	1454.64181027087	1212.74353255773	1373.12246001222	1064.62926767053	1173.53802076394	1660.07928449017	897.712647475186	1428.78978282371	849.783606107235	1101.28292266653	2054.84842169169	1392.44602562085	1474.76236404712	859.92647777721	1931.20650341359	1514.62749311313	1258.04609389873	1084.23110170717	1317.75717993572	2182.44109924375	2774.9266202418	2539.64545098348	1437.81064461741	1031.23636085281	998.517110547903	1472.5875680033	1206.26534827002	1479.17624334284	1258.4934999773	1393.37751950738	1062.36750161119	1022.35722541903	1069.109907034	1334.68367529411	1133.68569601062	1516.82871367721	1415.75341941806	1391.65289308097	1658.66108861267	1356.18510582842	878.744062576543	800.371133528478	2232.15713319152	1749.00603852635	797.441072427322	1397.55582282273	2232.44771904027	1147.40730285791	1285.5378409043	2215.35957734882	1761.43019948856	1056.71197569583	2362.93292030124	1546.34849920339	767.564662382125	1211.55961901204	1856.37388764829	1530.92051298765	1022.13719383372	2146.89621415967	709.704970288353	737.874507033957	1285.80969529949	1374.61007360288	973.275009349386	1573.47797543268	835.361551514907	2028.12540889683	1662.68434939071	2068.84281652389	1624.89652433508	929.820812771088	1101.73750945484	461.643304409025	1027.48106003323	1259.02793885424	1011.87959816715	1363.47948204012	1542.30282929861	964.583869639315	1862.5172073894	890.254489937508	1307.25155717354	1411.60170478758	1648.63278099938	993.25694961197	1057.84189916895	914.717710435058	1078.89054157044
2024.65197818222	1478.5779736241	1402.9236830018	1553.97587255447	2505.65740008223	1174.20607074112	1123.50662640505	2747.89408903704	946.402417230423	1650.16770030151	1771.6767616689	1526.10962882522	773.553358024386	1764.17557005528	1677.68664624275	976.326786681289	1413.26398852087	1831.66070348529	2625.41241192436	1260.04822218961	1568.72847657708	1363.55526737687	1802.8431833251	2322.86334516413	2124.16493096524	770.949858493277	1296.72285599623	2094.14459053516	1923.86845960905	1360.66131530984	1583.96488932938	1407.8847039103	1714.05452738682	1428.56262769075	1665.77009492623	551.813795130607	3097.48330176724	1074.99563970603	1407.65552994075	1156.34599448162	1187.55989833095	933.616439615378	2796.40154923743	2013.36459838315	862.093059722029	1351.89991069356	1393.72670719855	969.060620004823	1389.40194254672	1167.23042018418	1463.55790993873	1763.80814542455	1949.13273565637	1966.59837675649	1923.20905591722	1788.92112712502	1227.38198436758	2096.9831274426	2682.84715855683	2222.88598619581	797.150598212923	1394.78869881032	1708.83620623719	1354.86920682038	2969.32437801666	1623.39449147981	875.737417496593	431.807339385778	1201.78475824203	2105.72160767152	1720.07447528936	2045.31519483064	1330.41706019962	1736.24887321605	1526.69492007488	958.467324420029	967.458944944854	2455.48489728742	952.509438558639	2134.04277994571	2570.67227902494	1289.69590675889	1131.81307754052	1444.02180466938	1211.20688145197	1641.49995681856	2257.56112135811	1770.43486726569	895.246194097586	2118.52926927407	1989.71913394055	1485.65107015667	1376.86346078617	1853.77336212333	3049.39958364157	1493.07836797262	1249.35309214614	1502.92098660442	1149.37948217624	2008.39706479829	1058.71679446949	2195.85213525467	2051.60549197054	1328.34330692913	779.85976117079	810.08129749969	2287.89786475965	1005.60289452296	2214.89389749796	1819.19019901062	1549.60772764049	1487.38729058543	1333.84616720759	1339.969887083	1229.58201923686	1852.27407582512	1669.55244681711	1916.4048757127	1874.62989231475	1043.84179189938	847.280669753626	772.769258549734	1681.80461296267	1345.09089503468	1545.99342902668	741.861701887489	1729.42953601765	1105.37688187843	1880.31278341002	2125.97384696486	1963.77217143489	1617.75983262132	1042.48382549674	1082.24143098614	1417.20531819157	2406.63216535122	1580.85980690445	1418.34441768186	862.044524480687	2501.00035577829	1655.05883914202	1571.46564000352	1577.83708173436	942.567736463364	1130.96433402658	1129.71412463727	1038.07544751376	1191.48643684205	1131.91116481584	1200.70597594049	1156.85711307668	979.88773200806	1316.13694155022	1662.9084518578	1453.35554115632	1449.14274779821	1408.45436281392	1044.47921996628	1714.93986443971	1422.58109611785	913.807277779874	1172.64716059615	1567.58951792169	2208.62859097698	1777.50676017482	1256.83331845454	912.540466002833	1167.86655841399	2079.01719707986	1113.53838601813	1393.04329632755	2133.12749597063	2230.76151753701	1331.98836256216	2154.70503217999	1319.41133737994	2503.22289393622	1240.24066204355	2034.9434056616	897.410316880919	1216.32057564273	1649.59317476272	1456.44474953022	852.204597430695	1864.77670192136	647.994479514507	1300.06511610746	1584.14292100961	948.108055515785	1051.11207708124	1445.08306713572	1815.22980255677	2084.9135100398	1372.10163611023	803.792016511389	1240.43599202069	1186.15031472669	467.404031881385	1724.46843143423	1258.99596237468	1843.31614422161	2180.57315218013	1012.25374051979	1676.89199201001	1196.4657618503	974.518855408558	2398.51182966525	1837.6197524049	2038.16871695126	1217.09920757775	1485.01596097439	1105.61743043478	1607.18986345365	967.578186761665	985.474809594629	1523.85965017023	1119.76522498346	1440.59605943866	1278.28886665497	1850.38315452886	1427.07896307072	1752.77841846265	1404.73015935984	1689.86067781757	1427.74734422983	1478.78520400397	1073.39042047666	1545.21666055669	1218.56512570201	1661.40695063362	2104.32471746623	1643.63990983631	1063.38985018779	2137.25130368387	1303.94493068168	2175.24329670243	1960.84224650755	1623.97529158843	1415.48182310647	2222.96158991013	1294.61564778909	2244.11086211299	1696.1912416515	1748.22226291302	657.696168372756	2399.11436757032	965.487613346995	1038.54713198747	1752.11340565109	1612.24771759364	1559.38122862131	2285.75460242513	1631.73570535967	1411.86849761109	1833.89132226295	1242.31113207464	1333.52618512095	1067.49762559865	2083.16006787188	1955.22397787144	1351.19309201755	1389.92647230805	2890.3769390302	867.607721246465	977.512742713367	1180.27090137205	2216.82855844561	2610.64155721098	1625.23515589481	917.501584787455	1282.00916178671	987.636097212893	2200.83357373357	1330.25672204554	1778.92791366052	1257.04709338554	986.976393435931	1572.66066408758	1627.16755798512	1662.45180819132	1456.9686062994	435.572487246693	1434.70382618834	1565.52919960201	1278.56277834672	2311.80450000673	1143.33351049531	1338.22369547018	1402.62948587529	1353.22291833046	1268.79874594151	2087.06748699222	1644.90102671235	1609.92937135973	1251.01440742379	2237.88717340731	868.958802847062	1750.99224412968	1638.21972878097	799.460334712094	1032.2457006192	2906.02371755558	1473.51624064237	1079.92836814069	820.319100840643	2945.24524717087	1173.76933119227	1318.11881101596	679.069920242677	1579.01642320405	1930.49071134306	1854.70574409706	928.812245409883	927.398662938643	2433.31462504369	2618.37271257871	867.495805647373	2470.45458711908	1799.6881323034	900.411751878703	1843.18822967707	1253.90776608267	2127.5813818103	1819.74080373077	850.479080458258	1578.46315504077	2110.28206303664	1157.84107551053	2364.83431905412	1530.07381687858	2497.26166326812	1398.02053271745	545.374452587556	973.744747810245	1220.56064159812	1625.99635713947	1423.58135002882	816.95758693952	1366.90854298638	1905.0180018593	1154.14644120618	1158.49878422992	966.455666554647	970.460663274772	1239.43470839313	1108.23920654664	1361.51576725396	1554.55241277139	1704.89235577478	1865.73781030579	1115.16913038362	1502.88101370182	1199.39578398435	1789.57335331572	1799.43529223271	1553.76222631968	2378.75753607029	2454.9076515648	1549.80586208525	1368.18974307799	1519.36463300457	1627.23412981645	1265.56689010722	2123.19478487161	1218.65516874338	1386.45217480204	1555.06385072218	1108.28796365711	1746.573916659	1671.38035174909	1248.94290331076	1109.16935323023	1548.02903186034	1481.73829210062	1371.24023533815	1926.72151553855	1062.01460215484	1441.50752732968	1754.94897790454	1860.3557818015	1250.80849373386	1106.03058573148	1553.64266668778	667.755520303925	2365.25537846596	1468.265178719	1963.1521827415	934.378196962903	1465.61793457346	1216.0866526811	1239.22867681107	822.721491420559	1204.97165895776	1845.65622261877	1009.07038667586	1106.74192165043	1515.1313536366	780.708805646135	1633.98564374046	2956.00509101648	1517.71128974139	922.350335656404	960.640553046247	1039.51771858809	1930.37054251321	1287.18888123137	1578.04342487836	1837.46127793509	1151.86410124383	793.410143013024	939.336291384338	1876.57366411181	1026.7248106599	1890.09961358019	794.149292455635	2078.81128617002	1621.27452317342	2354.11382587622	867.032224470911	1414.94452999305	1310.33842487274	1414.13228444747	1013.41880690902	886.344741502692	1247.49245717487	808.063550841148	1676.14891475445	1048.6780642841	795.408171164439	1489.43705827317	1531.55950801251	1338.87178417783	704.814512398301	1124.64449070328	1887.03280150369	1941.07164264123	1089.15461068438	2293.73367200285	1567.88679347242	1224.60593229361	800.341533248571	1081.90201699515	2349.46514365506	2022.78860661852	1556.74772508551	1371.27818256759	771.689432374033	2037.04743200864	1263.1096892215	2249.58000319258	1601.30445366863	1472.0862927056	736.984344635841	1155.50216865472	918.527292654453	1616.64383630933	1727.90721105097	1219.34203710925	1359.48216524779	1453.13557460208	1583.72173861574	2253.30982600882	1234.9521063061	2042.14076714434	943.641478803241	2022.08139309376	1308.55059309348	1056.02322555774	2269.21711594176	1825.25515263965	1063.21066486826	703.153807094895	1046.1291272018	1030.104112315	1361.53707026053	1350.7619426634	1350.90875160006	1387.07170070777	1339.41621102279	1842.76941008406	1166.6167687995	1416.17847712077	1127.83911247405	2257.92274575657	1177.56814480245	1690.93913829884	1197.02944859823	1876.2043117985	1922.55358308068	1196.38905075682	1248.947351968	1866.78644101635	1106.73563729773	1932.09707071811	1546.98496599045	1466.53572650138	2072.21688548844	846.039994669325	1516.36620913287	1636.10678458576	1507.72298159798	691.502789087111	1230.62302011731	1540.18640529534	1352.67306597718	1778.75846261397	1382.36197617852	2277.98513924025	1641.49545107088	1864.85354936287	1930.27283982299	885.065694206929	1735.69908209258	1936.39702134298	1184.29763891409	1219.86004292689	2090.95755912222	1192.15866416977	988.837948617613	1789.02601081948	1262.39161874048	684.601650406355	1445.90338050745	1542.35231036813	1378.0987762471	805.775065168311	1882.81717165368	1357.24797813817	1385.92006067508	1936.81482753427	1052.30437979065	2361.81717743522	1687.13279380094	1575.43169625227	801.483864841964	1942.47757856694	2255.10766836338	872.869693478301	955.574247375053	989.055451156685	1352.99330120565	1780.69266934711	611.499502727472	682.800993120136	2325.04848596449	1052.62216458764	1371.72151875387	1571.06608848152	1145.58989510748	995.294087790132	1736.90485583611	1432.83759040251	1228.43668850228	975.715717536354	983.489901916727	1224.85600539332	1191.32265838573	1577.50083566316	1071.73852855202	1266.40651521799	764.499511095579	1051.16465187546	1832.78513424337	1335.18360167353	1209.9406765103	2072.42360294324	1136.23175426864	1450.84482239445	2490.70187188154	1204.21073121197	1852.70670695592	1128.38560944879	1371.56018529326	1254.62397135008	940.155832408933	918.893147855471	2098.39048078558	1891.88188472405	612.010074530889	1265.3461202723	1722.06069591241	1342.68550428577	2298.80507674623	1187.13138613899	1350.7463280351	1006.93220654886	1443.69559271756	1954.53601102729	1449.39076759559	1612.15686029344	1828.99020616013	2489.56758073182	1173.41744497019	1299.55516591916	1391.20701198895	1852.4531871075	1472.90755209843	1454.56363086593	1914.13070298612	1230.98785960498	1259.39499732172	1171.38444251551	850.796087359073	2623.49285086633	2147.06941932083	2058.50828847873	1391.02955098788	964.783497613773	1454.03816769859	1830.51389602546	1495.61631146458	701.132009212394	1478.66057780641	1674.3384624074	1689.35028809946	1241.05350378987	2122.45021281234	1465.07783719918	1218.40217091223	2205.32661920785	2293.31712139231	1801.40173623023	1591.30139176412	825.801700838588	1529.76039610756	1229.39465922046	1563.87567303117	1672.94858788236	1883.85428843338	1342.24728878711	1691.24159317224	1918.95730366357	1036.34971109236	754.999366425644	2136.33597816502	1565.14093416229	1607.15430598348	1058.99014277452	864.695750189384	1259.49232631501	1279.5876249187	1628.411286835	1472.82302589254	2092.26084484857	1510.43803623299	2140.00405437236	1250.29854690358	1620.40130948551	1550.86360075112	1696.43668926338	1167.38633070157	1760.47511187541	1534.78366319402	1245.46742224263	886.454484969526	2466.39012291074	1961.60014761528	834.17648419866	1806.03062471063	1025.34652048459	2205.7103188639	2129.08164842028	926.636270264843	1020.28297653126	1514.85154785777	879.829483307287	1819.23307629594	843.391730369337	2393.69569475081	940.242225926978	1797.09042873613	1071.255643816	969.925786629219	2366.89892722218	1585.38668125284	1119.48102904174	1257.91740957633	1231.88926607046	1871.28613123564	498.584368277115	2319.7476327906	1252.39358237098	2924.7161227944	1643.39708165252	2028.30063462978	1326.92430810543	1357.73004819033	2205.64845386244	1374.27730909396	1749.16838229946	1291.15204643474	1629.52437584659	1946.50169247019	1868.64414183207	1673.90960660434	1651.40529022134	1666.95958384023	2899.16461226864	2563.29973685189	683.0268038826	1503.76430157962	1510.55130795977	787.626679513005	1696.39944575438	2019.05682930242	1157.50246115192	2382.51836597472	1788.37428630528	1447.23934343279	1105.46923230125	1585.09533844346	622.004755211276	1945.07764976547	912.955461527362	2679.60163043609	1812.06716891413	2437.93605565347	1563.69540570112	1427.98309623261	2250.94587743897	1441.96851832674	2032.23615847268	1846.94533253104	604.362807769611	1648.37570741725	973.080891654528	1449.24874799144	2034.36160002514	2355.42171707081	1451.38196403186	804.7325886801	832.580215602025	1370.01428621772	2367.92644204415	1550.82157564081	1832.81918559779	2484.37440777802	1086.27896348401	1477.90738274939	1267.17892135683	1322.19042993833	2207.37032234082	2175.88359941604	1311.496721614	1850.69137220108	892.671209601662	1004.57855205361	2387.49595768267	2163.40135726208	1447.91449727842	1743.83815738031	1665.93045382715	1663.59110441912	1363.18505100841	1177.61063915244	1845.0229930616	1791.49004959082	1036.33652825178	1060.9615290562	1768.01381297251	1637.76591651807	2370.0329926131	946.023403413459	1315.63725555001	2062.92760069194	1452.64957161428	2269.43104603586	1083.90817274011	1130.4373696806	1841.58652339345	1402.76301483974	893.573770093956	1314.01241197487	1340.61752681447	1248.47339213009	1323.95757066342	2159.88474641989	1194.33055516043	1821.80828758761	1333.3342561603	1412.38887185591	912.62572104734	2849.6462280273	1870.39900233148	2307.54589414978	2242.66705131011	2349.26106301392	1249.52629925701	1449.89105554706	851.89087595456	1214.18133447602	1152.87437486759	931.289427944822	2033.31631553684	1064.49993449864	1220.48603080507	1874.93088062541	1568.86003138095	855.901226768501	1933.1648017197	2549.22962708289	1895.35285251086	1711.94477554808	1687.24411334483	1905.85728370585	1287.18159748018	1706.34070122017	1496.86768732864	1140.87305007641	2012.68556882651	1406.97267334982	1008.25844565632	1821.93325650137	1076.54300282198	2091.67953194897	2420.74545307344	1404.54348161835	2145.85778115044	1377.466258962	874.179338296212	1179.5108738387	2053.34249060178	1941.39225767008	1734.87651731613	2062.54402722946	1297.27466160586	1538.7171141292	922.743679735008	1831.25986451327	1273.86019981397	1579.41544363126	993.857958791416	1310.17383485629	2149.29048006945	2272.20947427812	1924.00596634537	1810.96908867426	1307.51586973461	1558.85723617615	971.460312562156	843.353514406452	1820.49950227955	1646.65110187507	2302.69273701473	2016.58801809909	1490.3581545347	2339.21521994623	1275.24201512196	1313.31399600314	1000.24411949459	2006.62256004598	1257.72800313308	1915.26112420877	1596.59555814731	2186.29907776435	1579.5791292908	1182.81717664595	2028.58518618608	1985.65921393126	2722.24932246949	918.371718246653	1146.49364004619	2344.53305948311	1442.18621987388	1381.08494730401	1653.06419186577	2011.93416463641	777.083908339376	2678.36769430352	1083.0604588841	1421.15863086212	1341.08116419552	1392.46105179396	1264.49638645714	1261.32835413912	1090.91292871891	1513.84957343361	892.173451708579	1758.72396624377	1582.80649151019	1159.41715700234	1173.95437214144	1729.06539949916	2573.23351642843	2401.05571222468	1682.32319795637	1940.55942330879	1080.07665451718	1585.75545736672	1794.31104254002	1302.54335330254	1747.47482677044	1169.92205488249	1393.71823639641	964.893443747044	795.876748148055	1250.55197520184	2560.59106059825	3337.42274401097	1048.88982156101	735.948595705382	1204.86246583647	1875.42473309634	1481.9835263068	1074.29054290297	1168.202248372	1278.30502721876	1467.84901457131	1045.44036440089	1153.03680628334	749.817914418886	741.133825381601	1468.1300357474	1349.90454806846	1391.55362346434	1079.59793191403	1259.5906604784	1872.09399334577	904.369214685513	1462.02611188721	855.62451378992	1240.38808245126	2106.5679982818	1392.44602562085	1501.95997947778	1008.52212957007	1931.20650341359	1527.69206589505	1434.75797875847	1084.23110170717	1502.57759565193	2182.44109924375	2774.9266202418	2666.38798687985	1580.25021329094	1031.23636085281	998.517110547903	1519.92519238257	1304.2086946125	1525.79081467654	1342.1720469983	1399.95227805128	1097.30130376081	1208.3786848598	1079.05073922222	1376.97113167083	1234.16080259328	1535.00673610923	1435.05593422021	1425.77446109405	1695.41326669819	1361.80845976591	979.438658001652	1205.35702556959	2234.74908965388	1834.69163619579	941.708440141351	1619.55643133996	2268.30554345491	1179.50918840918	1390.89126476992	2306.58862400108	1822.19469907564	1186.32225561072	2407.91636408092	1546.34849920339	775.430021030364	1231.76742929728	1996.97554751188	1550.56822303229	1048.16700293291	2156.414921676	847.687394239719	773.50194314157	1446.0370681448	1384.33823299843	1018.53637093675	1573.47797543268	962.009889546555	2048.57335400982	1741.98379147168	2104.83525221206	1711.57655939103	982.984893819169	1147.53536984518	645.439944118251	1081.23747176015	1298.25541724511	1042.26946393174	1441.62018534104	1607.63695211149	967.643432370539	1863.61066215102	1027.44129930323	1419.07161579889	1434.49194395121	1720.41586855631	993.25694961197	1081.03452049303	936.4894157273	1280.82231054385
2024.65734257353	1525.08799670571	1604.90517426281	1580.1249562595	2534.62115545353	1273.18563823679	1214.58848032692	2794.7576262083	1057.76207610015	1726.86303437406	1796.55122696185	1531.99436551072	882.228865098012	1792.46236020836	1687.56666460905	1203.98536683497	1498.827109567	1831.66070348529	2625.41241192436	1260.04822218961	1777.94567798655	1379.98583826848	1841.04001180348	2451.75574129962	2124.16493096524	838.061573482449	1335.34552926358	2144.97004336531	2012.0166157164	1385.78810807154	1706.70313595866	1461.57404330122	1770.23808228477	1680.08413790839	1788.02810930292	599.058603509119	3104.2845339385	1248.23884128363	1517.5929821704	1156.34599448162	1437.82068815945	997.384730458993	2798.6450298088	2305.50014959968	884.337952803747	1414.14993453118	1528.60862801625	969.060620004823	1562.55879444777	1167.23042018418	1463.55790993873	1782.90562176534	2042.23157020572	1966.59837675649	2095.76650737146	1854.2168935765	1245.56703429388	2199.92201303188	2747.47215485742	2319.00746255185	812.241192264712	1525.63727059269	1775.15856794092	1374.41240675154	2994.39774493964	1623.39449147981	875.737417496593	529.082510786821	1221.33059441973	2105.72160767152	1830.89819408353	2045.31519483064	1531.77498695124	1801.51690930549	1526.69492007488	1136.30638458563	1022.98130359315	2608.37604253043	1147.1762381953	2161.7430213723	2570.67227902494	1502.04906228694	1163.97429119957	1501.48621609132	1238.15578089817	1691.27899758516	2370.10544825307	1824.79583203464	895.246194097586	2281.56725261946	2057.84736922809	1543.98711153049	1623.2178396279	1931.82298515526	3129.6862786912	1556.21209760363	1367.21669124897	1723.5217810073	1302.6467658579	2048.72360670944	1069.47802011268	2196.73971162247	2165.11032367362	1328.34330692913	936.204134376532	817.209933730907	2545.16811345357	1085.73539852815	2214.90885645372	1918.87822023889	1570.08791595469	1527.70227465773	1549.04370637295	1379.46036234745	1352.05121482695	1852.27407582512	1806.19138542146	1991.33300061755	1924.79956513177	1240.39605252868	975.625370535198	811.028603633039	1772.15240095997	1426.68143727139	1557.66044900395	754.083869487318	1772.30135341312	1273.00930926681	2022.84207354853	2125.97384696486	1978.21560575761	1640.7481582485	1265.55333956098	1088.37509178291	1420.28067803274	2406.63216535122	1719.89349707103	1445.76735746127	992.591203741525	2501.00035577829	1690.83367880567	1622.3884195499	1592.1887344143	993.149214673259	1280.8761278584	1235.11187573487	1115.81626211378	1191.48643684205	1195.3978259234	1267.53009542125	1198.87046509531	1059.44423437019	1319.5911907806	1812.70271142014	1566.04777399348	1576.39772010522	1499.73181872622	1145.91492522491	1897.53910012878	1594.6609264184	1113.24566463284	1174.02014967183	1702.85254936012	2213.35693151386	1826.95428505856	1372.86752742336	912.540466002833	1292.8539252033	2190.52335107868	1114.50768195277	1409.33735292676	2170.3802311735	2375.77564326471	1405.95837939332	2270.31687234712	1350.35710957968	2503.22289393622	1266.64234047392	2049.66546599793	1047.38516330353	1362.0974757713	1772.67141669517	1600.46118810812	855.438317148754	1928.9386282887	704.726564419497	1300.06511610746	1601.26971097996	1145.65033514918	1051.67211736505	1447.27143841243	1815.22980255677	2125.54121138784	1445.76108778636	858.803109454622	1260.06152790033	1203.21433382128	603.641017084553	1775.72332255373	1258.99596237468	1848.26132698391	2221.39428520246	1216.68158802967	1825.1502722613	1213.97334443976	993.506172656726	2709.80726863435	1837.6197524049	2135.20543901775	1288.44248797812	1592.7318101777	1193.12809937413	1722.23570078182	1015.97553210066	1078.62096541035	1563.91043412439	1130.24262541188	1440.59605943866	1282.98895742495	1896.11127742362	1603.99550759147	1945.31719533099	1476.45250787089	1820.71887451817	1556.4277849755	1596.9348056948	1093.12465691632	1783.12200763685	1265.31981870453	1905.95744345608	2119.17045826906	1648.31819901134	1155.95571635465	2139.87965763309	1541.38913498927	2209.26865380092	2029.04283898562	1737.92790252319	1423.06838962908	2364.41129213805	1303.53111910525	2396.0179578609	1725.68088369023	1845.93790340196	814.769824528231	2693.76020943946	1023.82934539252	1038.54713198747	1777.67160617711	1657.36456562486	1561.6104445099	2437.57341752287	1641.45149101077	1425.5025942335	1899.4050790858	1242.31113207464	1356.37848693366	1139.01979214231	2201.45469390882	2087.84091513783	1482.96437688338	1454.99530948709	2934.35256642791	906.977904628023	977.512742713367	1345.29389943916	2422.81890124164	2630.09914930875	1699.02869884495	1026.59511448314	1325.37623077705	1097.22599031411	2281.53689013884	1341.4491031845	1888.55452948095	1329.31849990536	1057.32565776539	1586.46473877357	1627.16755798512	1741.66475854018	1456.9686062994	482.285842037908	1512.91003297162	1598.6766685973	1308.24467889263	2368.40075026307	1274.09768602989	1372.42397286972	1578.99265570688	1374.59697326062	1303.85084813953	2142.87575466807	1710.98729117411	1610.30604776645	1286.74357601214	2321.55597490295	969.921483620075	1791.96979357181	1702.80871648281	1059.26414523287	1047.18296895315	2906.02371755558	1571.66867535851	1097.69820278783	889.674286764137	3040.95889851586	1315.78899857665	1338.06325893224	690.591082847799	1586.88970638359	2044.76014894199	1865.55961713966	952.254879289388	927.398662938643	2510.98175968655	2685.14130692833	1124.16847596934	2500.67444814584	1897.46827019129	993.404626413259	1846.31296908992	1309.73218517379	2160.60199735537	1819.74080373077	888.449307068662	1987.87610739922	2332.35223525247	1326.30712428237	2381.30360446648	1557.53235078002	2502.32962730711	1529.55872516203	567.57413962938	973.744747810245	1464.7636340723	1743.22340692537	1556.59056480914	1028.90268418731	1366.90854298638	1931.49104147651	1208.81528671218	1257.39736279531	967.381785312508	1029.87987605005	1338.33765705057	1164.70277129962	1509.64623739413	1561.2961662366	1823.12655655225	2029.39036835921	1132.27623445958	1635.73679400556	1316.09641666409	1839.297214529	1945.28313795642	1608.23427350312	2442.44776776386	2454.9076515648	1549.80586208525	1454.44290304506	1519.36463300457	1627.23412981645	1427.20315769739	2277.77661641016	1291.8758042096	1434.16432876703	1555.06385072218	1120.46391099765	1860.84688871859	1802.28252096866	1266.03332625396	1127.52965890041	1551.26193643563	1617.28263932843	1416.42308624236	1980.49112763822	1195.1359141791	1465.05512352338	1947.70485109502	1894.59599782857	1590.15286695728	1250.29359021993	1715.0301192047	696.30030423143	2374.50992369247	1519.6678812393	1972.90809716307	1007.05156772279	1572.62644503134	1362.80992992407	1261.51108616825	882.531881451517	1204.97165895776	1898.79655970773	1060.63947335528	1136.92553485469	1515.1313536366	803.836709964726	1856.75479657532	2956.00509101648	1528.73166125647	966.24540572317	963.194387634704	1039.51771858809	1930.37054251321	1382.50266358401	1590.8059648669	1910.25626404386	1290.55390345252	930.546938128589	939.336291384338	2068.82398472918	1069.43835358348	1966.07716414521	1044.65229081743	2083.07177813789	1621.27452317342	2399.62157182957	955.04939339922	1446.13422485407	1327.38065649453	1490.47835967497	1081.15763214233	970.379619746379	1663.23132331306	964.855304493276	1702.69105236653	1193.96591268382	842.791363884104	1503.65271152303	1830.72904684132	1372.09067293054	908.050199187052	1135.58272176787	1887.03280150369	1990.40401379497	1153.93284111542	2521.13798997733	1619.2091272476	1606.79706165743	800.341533248571	1097.04131632194	2352.2507915626	2022.78860661852	1697.29209002597	1490.50729690047	779.27515406765	2146.23308850192	1263.1096892215	2257.9643580869	1752.44072354785	1659.54012015595	867.940153445748	1264.22874701282	954.427979188012	1742.73796916673	1727.90721105097	1280.51091649835	1463.77021767787	1504.81985211032	1583.72173861574	2257.09789733245	1310.85517464516	2056.85089291778	968.397502047452	2072.56299094051	1406.32234810207	1107.24599212155	2273.24139654054	1888.52470635128	1077.84688683549	797.386942666219	1173.60653014897	1129.72885976648	1361.53707026053	1428.63061890369	1374.81884454627	1426.822679742	1356.40394866765	2081.20559621559	1199.81821359927	1441.00908558031	1191.95611640771	2299.48785877304	1214.58596730114	1690.93913829884	1416.631065482	1876.2043117985	2094.78446637934	1286.20051895959	1277.68784235445	1943.867119813	1261.79660199852	2054.43348927771	1632.73111454492	1466.53572650138	2072.21688548844	893.961856909092	1543.38659182974	1652.4896639497	1562.89326178669	749.729870377291	1299.28046974667	1650.53627581836	1382.36500596993	1786.8340430168	1398.00532530611	2316.09227980854	1862.24848931893	1954.21815904314	1935.15911642131	921.645549213788	1794.01777522496	1936.39702134298	1184.29763891409	1219.86004292689	2127.99986496299	1241.87940966143	1063.46201230331	1921.8523505979	1319.27224955695	725.24416836909	1573.90543534928	1591.67029509517	1378.0987762471	811.033202934933	1934.64764795927	1357.24797813817	1415.71519824128	2164.03197495255	1087.81447595257	2519.12797428306	1768.07586657024	1615.83093995267	864.745698896966	2021.32089077939	2255.10766836338	980.065764131513	977.633064702179	993.778165127023	1546.91887950182	1793.14939687947	611.499502727472	806.583858816212	2554.81319748325	1059.79173010735	1460.04609127724	1747.07997107568	1147.037854671	1042.68553610169	1868.0942274873	1461.88338434234	1341.85768756565	1075.55490011477	1008.20390752983	1358.84009809693	1221.38282878393	1658.51029832031	1113.4723114845	1291.2182224239	801.767681052723	1097.31505373125	1938.46110193391	1361.85275365063	1374.84807287221	2150.65465232256	1303.97433739195	1497.73345884216	2516.069842846	1296.00031883068	1874.15060882499	1130.12609784586	1445.44754922169	1265.22512931958	973.304224634346	938.610907241829	2306.94695332269	2038.2119606326	744.545335076062	1273.23414529215	1728.85116463292	1417.92238964003	2345.94888913514	1344.50999920544	1389.54396650188	1031.00830197444	1485.84481305059	2040.2694881797	1750.2680107093	1612.15686029344	1828.99020616013	2508.46801945816	1381.59381594202	1379.34222945248	1408.49161907399	1946.21468293864	1526.41462429767	1478.58589051574	1969.34345669406	1230.98785960498	1330.86880906606	1459.32131333068	1059.55912286874	2755.27209968764	2283.61001040056	2060.6273099883	1404.87389280986	1087.51874848438	1455.40507768054	1889.92356512837	1544.55778351057	711.738513276065	1514.66682989103	1710.53197006754	1697.92049424358	1277.14330684532	2124.28961862578	1502.78373987061	1436.57695238166	2205.49816319975	2468.64831849533	1844.92790308757	1638.48327090356	944.172903223673	1544.50451716589	1481.25009307946	1563.87567303117	1777.53530885046	2146.3897233527	1342.24728878711	1897.35207079274	1968.87897485782	1036.34971109236	754.999366425644	2237.73826938485	1622.07034885275	1641.02094589956	1066.86562186999	958.070239027034	1377.07026515896	1281.17104746859	1648.13752406818	1478.59035041274	2094.63218195169	1510.43803623299	2324.4825395218	1276.67068661166	1635.20996443955	1686.85388992182	1780.52022780375	1247.3336535744	1760.47511187541	1560.24536075054	1432.40418628702	886.454484969526	2520.63464748624	2105.44273197218	880.360941154734	1954.77698757595	1122.17139082108	2213.43025208447	2170.85091383623	933.774107758247	1020.28297653126	1643.81763039243	980.092873658291	1846.41413725736	912.655119086348	2404.97388913451	1101.26476787593	2001.60056436415	1155.85952652204	1008.28221376042	2366.89892722218	1585.38668125284	1181.12721377441	1356.49382179968	1231.88926607046	2019.73744322718	636.805632264494	2388.6399415752	1362.78564605101	2924.7161227944	1766.07424578846	2229.53798441324	1326.92430810543	1410.34549589054	2394.9914662421	1409.23820991571	1819.85538612098	1316.25318865333	1702.09425486127	1956.03983007976	1959.52924261267	1771.74525437981	1794.41397884472	1792.81365302557	3111.99556328633	2568.85469469856	725.10946435639	1528.08809338275	1512.59424385162	847.369781725147	1696.39944575438	2324.45567318609	1251.02970143515	2400.76214645785	2069.19347853293	1528.08926798763	1121.68986882107	1597.21384346427	683.449613185138	2079.35879007602	940.609137049908	2710.86013200138	1823.16560207319	2466.30205268778	1754.81000097923	1433.71754004583	2269.70309477671	1441.96851832674	2066.09381437809	1847.69048098727	632.915329987211	1676.7887803559	1015.01930942833	1585.2856418248	2035.32164533441	2456.67526855781	1847.62947556659	902.36059784569	832.580215602025	1370.01428621772	2400.12264427791	1721.66085910678	1958.47012126782	2535.28014755153	1220.32072651202	1630.76622724389	1268.76682971944	1472.87854123754	2223.90765679188	2221.83897153415	1511.28260469676	1890.41620701798	988.237341532902	1084.26406791561	2451.60240259008	2345.04994560358	1523.89878469268	1900.10650084442	1666.52851872251	1716.57476351536	1540.54987230812	1277.29993273927	1971.61001491255	1886.98350370316	1036.33652825178	1143.53047256852	1778.40462048049	1675.13620197252	2434.14884008346	1322.13762050892	1337.25740862299	2071.746614221	1535.63637212182	2389.7684970882	1205.25852604756	1216.00919491337	1841.58652339345	1490.04577355972	905.529294189351	1378.75738684257	1629.26003016208	1316.94726715118	1339.18511716025	2209.22124488177	1222.13262129569	1834.40631805797	1523.5655735294	1472.12649899426	1010.05778338682	2981.49161724128	1873.74479553229	2339.16886872609	2261.60559316723	2480.4490535409	1417.20413293565	1451.79047364985	1089.17855868232	1435.10361761773	1381.17673914785	1189.19785604856	2033.31631553684	1339.5059491911	1289.87739784547	1875.95104371688	1638.3746788968	902.653174997154	2024.23116361834	2585.89783702992	1895.35285251086	1946.7642780853	1720.36192659445	1909.01338668272	1611.29956635003	1707.94054387228	1539.81761628526	1249.50140302471	2024.08025543625	1443.22382373149	1040.92868343656	1821.93325650137	1092.28479667934	2091.67953194897	2459.96592995753	1436.85963748045	2158.77852865387	1407.85389766843	884.670389644231	1364.0978476224	2053.34249060178	1972.84622960429	1734.87651731613	2117.09704195593	1374.7589279827	1539.9653577943	930.195937668919	1831.25986451327	1493.70456792725	1579.41544363126	1023.67465883748	1426.07823803781	2153.07237267579	2352.25430946646	2170.32642877711	1849.01584166716	1392.16397414372	1674.44905583581	1027.69953507964	843.353514406452	2018.98688190539	1651.80851760615	2302.69273701473	2100.09391023204	1756.5202796561	2368.64507551831	1528.06359080986	1863.2526746166	1041.41239749774	2007.21043456686	1288.30342896379	1969.47921920331	1604.17388267431	2190.10842369289	1605.11594253437	1182.81717664595	2079.02812280367	2028.12229774106	2753.05391682206	960.925730038168	1217.02646462858	2355.58558748102	1492.22017585029	1381.08494730401	1675.78618937126	2119.537714371	854.185204494755	2679.63118688328	1237.84667719578	1451.93120572143	1381.47852362498	1499.78147447721	1295.74566440132	1276.98876538518	1169.58556234046	1516.03465827853	1022.16490208689	1758.72396624377	1632.78171062343	1166.68525271505	1355.70709951611	1982.42694552783	2682.50661389389	2568.31943617362	1868.97010294014	1983.55489581216	1108.49359893936	1585.75545736672	1794.31104254002	1359.94721630361	1747.47482677044	1177.96552413857	1467.82832486163	964.893443747044	1069.28721009599	1263.29975715749	2570.37864519138	3401.25352268875	1063.05104344862	805.27437730484	1555.92412659904	1922.85682052838	1536.73398967346	1218.05225390678	1216.63917405992	1278.30502721876	1553.3760983099	1148.5518460367	1195.16722490229	749.817914418886	855.04645185337	1664.1445659646	1349.90454806846	1449.23468913261	1175.96303827931	1346.49404385063	1971.16017089614	911.03113663905	1495.26676541074	861.472965433224	1381.01583679288	2156.75942783314	1392.44602562085	1529.15239923633	1156.30818051485	1931.20650341359	1549.5399482637	1590.57036415708	1084.23110170717	1687.34816434998	2182.44109924375	2774.9266202418	2699.58689033428	1763.08500896728	1076.7962586484	1056.91572402368	1567.31028555712	1367.68967329764	1572.39496944799	1426.24097544182	1416.75424738395	1132.16521796424	1407.57280949879	1089.61964670647	1543.53020621271	1341.03420685055	1553.23954064056	1454.45406110179	1622.22265274866	1725.50801161826	1367.43512656623	1079.86509660367	1610.28683976041	2234.74908965388	1920.35866530594	1177.70858783038	1841.01424682069	2304.19312217497	1182.43260978625	1497.59764664937	2397.13234852151	1883.08342721241	1316.65704489075	2420.83289544452	1546.34849920339	785.954311307908	1280.53193048048	2043.59808180317	1614.61564417632	1105.66360618434	2166.02818005999	1026.60664043331	809.181479281368	1464.18701639324	1394.22591552334	1063.87604155975	1573.47797543268	989.082811831829	2069.43260550359	1821.63168569318	2140.88490971201	1797.95172152379	1038.48970731631	1236.99463310001	829.795568815081	1088.84873068891	1337.53896984884	1072.69144881783	1519.93441443437	1673.15479526265	1058.23298967413	1864.70534806377	1164.46732835179	1419.62488805332	1457.50272099395	1792.2418758189	993.25694961197	1109.03986577088	1035.50781345899	1291.66920028511
2024.66270696485	1571.6744528329	1816.97843740724	1606.2640393908	2596.56639073388	1409.24817203967	1305.71245859017	2841.629071899	1152.12676865713	1821.47525431628	1821.42676163571	1537.88084287003	990.971924059163	1820.76731407079	1696.27420199024	1205.95128668051	1585.54769320115	1831.66070348529	2625.41241192436	1260.04822218961	1991.26091268218	1436.86078924298	1875.69362290698	2580.16019185091	2124.16493096524	905.09364927502	1374.05735042229	2195.77114306601	2099.76450879228	1410.94720809932	1824.24246526243	1516.40972684987	1827.17103291359	1936.15821023253	1791.87393320907	675.189753334637	3111.09338337736	1360.89251858891	1627.42582857853	1156.34599448162	1687.5503154463	1061.363258543	2801.18133219909	2441.82660223213	906.589771467266	1498.72065371807	1734.23279547174	969.060620004823	1736.44753397105	1167.23042018418	1463.55790993873	1802.10585619015	2160.88823425069	1966.59837675649	2170.05988917227	1854.2168935765	1277.46051813703	2303.80866530965	2812.10232220488	2415.15637102487	827.44056234016	1577.79398169213	1841.67623216204	1394.32661368018	3019.45800262042	1623.39449147981	1012.97338660278	793.238288484205	1241.10528697982	2105.72160767152	1943.54908721744	2045.31519483064	1735.21221769497	1867.27706752846	1690.42402861556	1315.17626037602	1078.88701776758	2761.41440005615	1341.964837545	2189.48834318298	2570.67227902494	1700.88150957097	1200.36092538066	1554.84556753	1347.14756868044	1741.67852508475	2482.54252901601	1878.9546492327	895.246194097586	2281.56725261946	2126.00900710712	1602.73395330735	1869.20318397587	2010.22162267727	3164.37125265614	1619.25115391231	1484.23202892435	1943.9016031552	1302.6467658579	2089.1097581357	1080.24248737826	2204.44195399542	2278.35945681538	1328.34330692913	1141.61984949077	824.911929435036	2563.95059025993	1183.09322373155	2269.11245833161	2018.07584614493	1583.96223469528	1634.62645452765	1762.5837094615	1425.99675821497	1365.80907267121	1852.27407582512	1814.68613375382	2066.55345337998	1975.85635939057	1491.94785940429	1108.04182142795	878.984302894894	1898.20913985544	1426.68143727139	1763.0581398976	827.62419522859	1787.29954763033	1440.13138363647	2164.91647019927	2125.97384696486	1993.28502352321	1640.7481582485	1491.43196278015	1124.41871193347	1423.50175771987	2406.63216535122	1871.59032988459	1473.29674169713	1139.55954353498	2501.00035577829	1740.44722469197	1828.64587408695	1613.44862703682	1043.64107635187	1456.24861093799	1307.40059885474	1193.59517876722	1191.48643684205	1259.00240766913	1504.281935811	1241.00607717278	1131.54169845324	1323.05170187292	1965.18483823261	1621.70528863182	1704.72426753208	1698.33820538246	1303.86456352943	1897.53910012878	1725.76702488052	1176.4654832788	1236.47328257871	1837.63078355427	2218.0629981116	1876.52768695086	1487.85874601119	912.540466002833	1423.2869227392	2301.03354355558	1115.48205068275	1499.8979625205	2208.97294352423	2520.12128715854	1433.96611542704	2371.01659938284	1381.30287452399	2503.22289393622	1354.42139754632	2224.49583778454	1241.45840326658	1507.94650947151	1895.70777636073	1745.38213682669	859.541913818451	1934.90971602489	761.371769964794	1300.06511610746	1719.27510762675	1349.33774519076	1060.92193694446	1449.4597561559	2056.305187557	2166.12776070521	1951.61166794725	913.622171427886	1302.09622585519	1220.28899758457	745.461914200009	1817.0909621567	1258.99596237468	1853.22260289656	2262.19538822964	1249.67728426248	1973.41895910908	1222.87898726719	1008.37570578758	3020.27369488012	1837.6197524049	2196.87479525733	1359.94641744534	1760.27756144533	1280.93793681513	1843.51221459037	1064.46010596197	1293.049264474	1604.1286045217	1228.78065300754	1440.59605943866	1287.68880760286	1943.57451999596	1786.21159655092	2138.19277467994	1548.87375793052	1951.38893357754	1685.96616900121	1713.99627135945	1163.44517655901	2021.16935689821	1317.17210013055	2151.41404911275	2134.168214032	1653.00013663782	1248.49984553646	2142.50828210066	1760.87994151759	2243.41775086855	2109.63661380734	1775.51208364493	1517.38039067078	2405.68263409003	1312.47133212736	2603.05234600744	1755.21042225748	1943.80099965995	972.750007030268	2744.10827947061	1083.32522214044	1038.54713198747	1803.34088193698	1702.51531239084	1577.04303424812	2589.98388576247	1726.5458086747	1439.2638443803	1899.4050790858	1242.31113207464	1403.55013536114	1609.07230223608	2319.58538732335	2227.68705283665	1571.24943771194	1519.90911034493	2978.783962338	946.845625155713	977.512742713367	1510.77417339528	2629.18061357458	2649.7122971718	1770.69120687455	1182.98374569048	1399.76886563189	1359.10573781138	2364.28773054604	1352.64696600685	1998.41865296524	1378.08132806855	1127.41645647585	1598.55208068655	1627.16755798512	1821.32795450371	1456.9686062994	529.306648554369	1638.20240389941	1632.04847112036	1337.95411773496	2401.66580094018	1381.47087331005	1406.67667965805	1757.0671399576	1703.88648877716	1339.01039639795	2198.81708441569	1839.66370934863	1717.22583116327	1322.72207859161	2356.52966389389	1058.09361734547	1832.98209727702	1767.20455375215	1328.67363649637	1063.19160482367	2906.02371755558	1669.37587459521	1125.81374399822	958.83827695805	3136.46580246805	1337.99091664138	1356.31030329466	702.226071597808	1656.40120191573	2086.10695584215	1877.19459386313	976.20288723516	927.398662938643	2511.52034755943	2685.14130692833	1299.16485557759	2530.88037407097	1967.41996241998	1209.70512396067	1849.43766171567	1365.49888763889	2160.60199735537	1838.23857025034	926.827107540055	2205.41577409408	2553.6668999404	1495.98196321449	2397.99505816568	1581.94548273813	2502.40035108096	1660.23726728027	603.54698402397	1305.0586674562	1709.99730338125	1861.73881878658	1689.28699323092	1146.1665733713	1366.90854298638	1957.96541302448	1263.52872290657	1335.17427828802	968.310862991785	1089.38658875035	1338.33765705057	1415.82021772399	1658.30479089849	1569.86565240561	1940.5323471494	2195.71782197078	1149.43974772506	1768.47692654395	1419.35236553749	1889.22950686697	2092.82318044828	1662.64106780548	2487.24257403147	2454.9076515648	1549.80586208525	1541.29597029864	1519.36463300457	1627.23412981645	1597.44097163136	2432.32099485547	1369.90566085944	1482.47536336657	1555.06385072218	1363.15368869819	1927.00679993461	1934.22688431243	1317.48530449142	1146.03736599372	1700.99235195181	1757.462754145	1519.44555585947	2034.41510343448	1383.34581997075	1488.75566792887	1947.70485109502	1928.9404838068	2353.01192022234	1395.71782949444	1859.17383691849	725.134620103495	2383.77642361547	1569.25299169162	1982.66608646636	1080.21564341649	1685.07783837128	1516.64730464543	1284.36387913529	942.50510896333	1204.97165895776	1984.86806700379	1112.18998238309	1167.6234662605	1515.1313536366	826.936766468773	2079.26106210729	2956.00509101648	1540.0980943571	1012.80549163982	965.893035995546	1039.51771858809	2042.28375988279	1477.40535822139	1608.20012182954	1983.49682172066	1429.2142992536	1067.93861877597	939.336291384338	2189.74860818648	1171.70723278869	2003.89024388757	1296.22016176688	2087.33358720286	1621.27452317342	2445.28705287605	1043.19415984581	1619.97188177419	1345.09183122306	1610.70200428949	1135.44771492017	1056.53687395196	1898.50848883989	1215.01998379426	1729.28649033547	1440.03582919499	861.518132037692	1517.93767547878	2131.23450666406	1480.00727273838	1115.63228285371	1147.12637910278	1887.03280150369	2041.36356074644	1376.87229246954	2747.01130686056	1670.55513417066	1688.13438017626	807.005410965527	1112.19071048675	2355.03611577857	2022.78860661852	1840.560729773	1609.89160028428	786.859576926786	2160.94968407291	1263.1096892215	2266.35747462682	1820.92799992589	1846.12543941066	999.659091810899	1375.17689516644	990.49998670092	1869.60602574492	1727.90721105097	1370.47043856605	1567.36811669468	1556.92894622362	1583.72173861574	2264.9295255356	1353.55756778491	2071.7752117424	993.703279612759	2072.56299094051	1452.9974512494	1271.67907661715	2277.26920021374	1951.88459616158	1094.27328749135	904.50935380783	1358.63484859795	1228.64208787442	1361.53707026053	1509.50101245557	1398.70320360387	1466.75937110339	1373.38844484798	2283.57658758065	1233.2062437134	1460.53730575282	1256.06080310611	2341.0893923005	1254.17610770622	1690.93913829884	1660.38736901562	1876.2043117985	2267.32249456173	1379.93653739837	1306.38284932471	2021.30107812922	1342.93591487443	2176.95960959954	1718.5981522452	1466.53572650138	2072.21688548844	1059.40700574475	1648.77205260254	1668.89141185766	1618.44063017653	808.026432615998	1368.02392959095	1743.31464928814	1424.67324348037	1794.90833716038	1414.56696504403	2354.31305500017	2064.4202647628	2043.62754335383	1940.04571578083	958.818432060108	1853.48663773939	1936.39702134298	1184.29763891409	1219.86004292689	2254.68335116575	1291.56894654205	1143.54189184472	2056.56053758165	1333.55710771161	784.065898665702	1705.10630671735	1641.26604484343	1378.0987762471	816.293475480085	1986.44505539132	1357.24797813817	1450.8733272203	2390.58474417412	1124.32359492406	2648.31320580906	1798.27830159582	1656.74409476535	1006.02122729622	2097.80341844207	2255.10766836338	997.186878885049	999.78895750615	1021.74573348389	1583.77065235098	1806.91837349659	611.499502727472	943.011517133826	2781.46751939908	1078.91001272839	1480.3648812448	1865.35051065448	1179.03996898698	1191.54557273242	1901.63167839474	1542.86329240186	1455.74025665905	1244.60355534093	1034.83408164477	1492.87089425946	1251.44219317942	1739.74016228311	1167.70723384578	1316.16957817941	808.403624907023	1159.62560388723	2044.09240313441	1382.36472101535	1539.49850882743	2228.99236536367	1471.07540007783	1544.56723577971	2541.42050425772	1388.13163448095	1895.75930806349	1131.86863960915	1465.47513978354	1275.85386996455	1013.19409892065	958.398578386324	2515.68820228382	2291.23578019428	889.914277818335	1382.19982414824	1953.33487839664	1495.32997837258	2393.29383174792	1501.62945262477	1506.20043319549	1055.10954377201	1494.54791087581	2125.88873423138	1750.2680107093	1612.15686029344	1828.99020616013	2527.43353887747	1647.8101846683	1418.69404017257	1513.67128040491	1947.09511975062	1526.41462429767	1504.40113802603	2024.59111503096	1230.98785960498	1405.52551833975	1882.82645915619	1271.88462297078	2886.18470932804	2418.13731265113	2062.76045145713	1419.00266111889	1211.29815007776	1469.21051520433	1949.27521685192	1593.81305377604	722.440873020301	1550.62688285084	1754.47863754236	1706.49246860172	1294.08312496283	2126.16786887847	1540.48951203022	1559.01406667609	2205.66972739712	2612.82518036762	1888.44217493225	1661.14094324176	962.106903666033	1583.09899641747	2231.03824428101	1563.87567303117	1777.53530885046	2410.23773629424	1342.24728878711	2124.95536931574	2020.81924698715	1090.84813712117	754.999366425644	2264.70985489026	1622.07034885275	1681.64756431626	1166.02320946675	1051.45675571135	1457.75024740555	1282.75445145118	1665.95014213392	1484.38957352757	2097.00373879635	1510.43803623299	2508.51060231119	1302.99973315961	1650.18064073462	1820.64944418254	1875.15244862805	1327.67255794051	1760.47511187541	1617.65471983384	1780.57020062396	886.454484969526	2636.69725898892	2249.17246832144	981.813476460463	2103.55989680495	1122.17139082108	2221.4951346381	2238.73140162243	941.568876649371	1234.4968092136	1772.48090174049	1080.21097992695	1873.7501972363	992.114025204276	2416.24522302023	1298.89130039884	2169.86230673288	1240.15808405141	1167.13697133883	2366.89892722218	1585.38668125284	1380.23667526641	1457.80494421068	1269.41515313138	2167.97246712207	776.719782671391	2463.85187503611	1474.19693301042	2924.7161227944	1887.97876964157	2431.1615338574	1364.87455630776	1462.9002744427	2483.92050032615	1445.60888541799	1890.58297945272	1341.3208016912	1774.88639462754	1965.58346500968	1968.73717401645	2004.89318088258	1814.80105130334	1919.56049263881	3179.63992015068	2574.42716946057	929.82352349542	1552.42455052315	1514.70887173976	963.950050193263	1751.97068199434	2632.67484375103	1344.91760571173	2403.35665325111	2219.24349433114	1530.11097418806	1137.90137359325	1609.34844907751	877.86988822346	2213.18225684772	978.297490740043	2742.09190626506	1834.31063017093	2466.30205268778	1946.11309958686	1557.22590969505	2281.3325493229	1441.96851832674	2099.9309584155	1848.43643974795	661.468944158333	1705.44781902092	1057.03118907956	1721.94041777585	2036.28865992932	2487.30321709041	1926.23576802434	1039.46740618141	837.393959643978	1488.3057076231	2432.29423716528	1893.09349802137	2085.5471666353	2586.16758422832	1349.30083972794	1769.42659827071	1270.40404511377	1623.86294859619	2240.45048684513	2267.77458550589	1535.26994478606	1930.23762841466	1084.24916674187	1239.43738562556	2594.13269503567	2562.09244882667	1629.6375554198	2057.01833565517	1667.12657648486	1769.54150890626	1561.5599278176	1404.05352784279	2098.19123822571	1982.28532027411	1036.33652825178	1388.99698767093	1890.38353366425	1712.62671412342	2498.39168040161	1405.67420866173	1406.47786086231	2080.56563856111	1618.98584091412	2442.76196838709	1325.87649370171	1301.78031126885	1841.58652339345	1578.91596017699	1009.95727197947	1451.45973345077	1919.85903267437	1402.1299188789	1384.36937996882	2258.89300875293	1260.17000252251	1846.99857760346	1716.21935357473	1533.2891608825	1106.92453572894	3113.13101456735	1877.09394481021	2370.83149263831	2280.5493763761	2611.21035097849	1586.76135726448	1453.69164327214	1302.20447078042	1453.14650933246	1629.44484940797	1449.80515897323	2033.31631553684	1616.22082833478	1359.41685801199	1876.97148519635	1713.56837059177	950.624522459892	2115.26014199133	2622.53188742976	1895.35285251086	2092.06272988423	1801.97689751287	1912.53650920072	1938.29913376601	1719.11516321053	1582.84951968486	1361.61485175706	2035.62364957887	1480.19668661006	1073.95508800463	1821.93325650137	1182.4856656309	2091.67953194897	2499.10672988352	1436.85963748045	2171.69576248001	1438.43663024855	895.17434851575	1552.38999883336	2053.34249060178	1994.5474557324	1734.87651731613	2189.53889439618	1419.43536447916	1541.21403495475	937.695364051685	1973.50311884702	1518.40582624537	1579.41544363126	1053.50941247919	1626.24452582363	2156.85634281037	2432.50373004531	2374.80520871229	1890.37990546825	1477.18154003353	1790.25920820588	1084.19187998712	1017.04987497409	2216.92453807593	1656.99766949274	2302.69273701473	2122.16152955013	2021.80366645456	2482.77142481079	1644.46643506415	1907.31117195347	1083.94306426977	2007.94241836482	1288.30342896379	2024.06299381729	1632.18171988006	2193.91819567709	1630.66533026659	1182.81717664595	2136.24890463516	2070.77618329846	2783.8534239637	1007.07669693723	1284.02422783783	2366.67064294869	1495.90391726322	1381.08494730401	1969.41295051378	2226.1796422933	931.612607930781	2680.89465457301	1398.58082677346	1606.72815651006	1422.07162317791	1606.55233744697	1414.77337954442	1293.10508330315	1252.40465672526	1518.26018293685	1151.23405739999	1758.72396624377	1683.44811110501	1173.95150057826	1566.38395832658	2153.21875764796	2682.50661389389	2735.82377200883	2057.37776386377	2026.58549047764	1137.1649989845	1660.79433137953	1833.13981605315	1417.24079354118	1747.47482677044	1186.08279234097	1543.43467889256	1021.07505884646	1474.4084989994	1276.08833977724	2580.20069235234	3464.85725307435	1077.24091756166	871.644248917535	1776.33870239467	1971.25882568353	1591.42899864516	1302.00322276832	1275.88375527709	1278.30502721876	1639.11210357454	1310.86984145336	1237.19153588546	749.817914418886	1210.49128669822	1859.59344537803	1413.72669515731	1523.4551229127	1346.60296409707	1434.09263145346	2267.83642107442	934.278572217523	1528.51110467272	1034.10228456918	1522.93903678609	2219.59645469882	1392.44602562085	1556.33838900753	1302.99047291841	1931.20650341359	1553.8063874374	1600.00814335129	1084.23110170717	1872.02628555716	2182.44109924375	2774.9266202418	2732.84438252389	1921.9010908244	1149.66945282861	1068.45204675227	1801.71525249721	1441.8970132978	1618.98810196458	1464.53271875531	1434.8038637927	1166.95735715876	1615.75738929617	1100.79851669744	1713.61754104439	1450.91195947365	1602.67996635471	1473.94482134427	1818.56916275345	1755.6976106943	1378.6402484426	1179.97791922755	2014.62587934799	2234.74908965388	2005.98717679158	1416.24279713022	2003.26180535356	2340.10800619979	1185.44087443698	1605.48454420423	2486.97112129211	1944.05309662812	1447.38980352305	2430.90635758976	1546.34849920339	798.590624056072	1452.72820077569	2052.30380433478	1678.64745135631	1203.04002780803	2175.73399316406	1216.03195733681	844.911147891968	1489.12235993111	1404.27018168969	1109.29338164045	1588.51584914458	989.082811831829	2090.68340461526	1901.60747416159	2176.99032920142	1825.95051406896	1096.00922933588	1384.18680840042	1014.64950464785	1096.46642396674	1376.87817692622	1097.13404515729	1629.00839624205	1738.83855403934	1179.14553647325	1931.59968520174	1301.03757812559	1420.24376981723	1480.62926153197	1885.1988782203	1061.72240723814	1147.19675292364	1173.10208250992	1303.06852984855
2024.66807135616	1618.33627947191	2036.6244171327	1632.3929932208	2659.02126898044	1546.78469798924	1396.79671870318	2877.63167668292	1195.47076675749	1915.86589713479	1853.61698670932	1543.76905292249	1075.07472143607	1849.09027215712	1708.30925204941	1208.20153446068	1771.79086934981	1831.66070348529	2625.41241192436	1295.81844178488	2207.50610802597	1571.36463018217	1894.46651908692	2708.05397385816	2124.16493096524	1035.93705730979	1412.85237831637	2246.54430648438	2187.05847117565	1493.23768677103	1937.59583886938	1572.27100908722	1957.50854193236	2195.45673077569	1800.6501354468	751.709956931818	3117.90981111989	1483.3093606901	1737.14230720319	1169.88517886067	1796.47788266946	1125.52189420946	2804.00891691247	2451.14007953947	932.690324035845	1500.36107412221	1984.94109053625	969.060620004823	1911.02972029384	1167.23042018418	1463.55790993873	1821.40619730343	2278.58930476494	1966.59837675649	2205.88525257984	1854.2168935765	1282.47643157568	2408.55330733133	2876.7350352693	2511.32816430277	974.818133531418	1577.79398169213	1908.37530491525	1414.5962282261	3044.50493087786	1623.39449147981	1194.58702475996	1057.76229986419	1261.09839274187	2105.72160767152	2057.81233163018	2045.31519483064	1940.37435666774	1927.26859769233	1913.14234665853	1494.79965186196	1135.12042810972	2914.52519597629	1536.78370997108	2217.27584938013	2570.67227902494	1719.42414056959	1240.57439909682	1590.34439816128	1490.69204777229	1845.20149183021	2594.86291859609	1932.89952066896	895.246194097586	2281.56725261946	2194.19544832563	1661.86274666967	2114.65809334001	2088.94587104417	3172.50085654654	1682.19067185971	1600.30872557172	2164.00125216072	1338.72118536452	2129.55487690894	1091.01011658348	2215.45239769099	2391.29164199728	1328.34330692913	1304.20494258525	961.618045050421	2563.95059025993	1289.77596033288	2346.11194588415	2116.76830683935	1595.75132591345	1741.84819597042	1851.76271630903	1564.42693913964	1379.91351178227	1852.27407582512	1823.18913342497	2142.03464772758	2027.69687305721	1654.95196440217	1242.6890946152	930.171126240021	2024.03791471296	1664.00976105139	2067.2679752849	1095.79473764204	1963.11288358057	1606.70824874999	2306.50695047742	2125.97384696486	2008.34800207319	1640.7481582485	1556.72184984205	1167.06904300121	1426.86718178381	2406.63216535122	2023.4590374137	1500.92582660873	1285.06741125392	2501.00035577829	1790.0800771991	2058.62387499971	1635.95208339505	1094.04033191816	1631.57150768824	1381.10236336372	1271.34352647296	1191.48643684205	1322.72336856005	1738.41246861776	1283.23914351915	1239.22546525409	1326.51843321991	2119.93198440644	1677.65602561987	1833.98651430575	1898.27009735	1456.7743724197	1897.53910012878	1806.84325531794	1231.31794591525	1299.01453655487	1971.90833614044	2222.78170141929	1926.22346834999	1601.76240363393	912.540466002833	1557.99899151432	2410.467215695	1116.46147794261	1593.41709274318	2254.31997635094	2663.77806832012	1462.29899443398	2471.49240298005	1412.2480763249	2503.22289393622	1506.89012583841	2447.00369768945	1380.30691648328	1653.83809709329	2018.68736488267	1890.97618184339	884.561263858054	1940.88646706551	859.608568391758	1379.54791923452	1843.96344974399	1662.18462467465	1161.4480747308	1451.64801918095	2056.305187557	2206.6695911679	2130.67078358631	968.245774745232	1502.46274707625	1500.87304109674	757.817180212869	1964.60165329778	1258.99596237468	1858.19978593663	2302.97525244983	1300.31530974895	2121.6758533188	1222.87898726719	1134.19835511787	3047.27259184971	1860.83503700615	2274.24820065137	1431.60817476919	1927.80861184218	1502.33536798258	1970.03380962718	1113.03114883687	1506.69895602373	1644.39423940466	1228.78065300754	1440.59605943866	1297.65889778021	1992.666966554	1972.58899927661	2211.86966820476	1621.92697035312	2012.11897956328	1775.7819093694	1829.94529343184	1234.53490376295	2259.13919219662	1408.26692401684	2397.09774420154	2147.2804216456	1656.64447358392	1321.94640940614	2145.13717638964	1786.52992874622	2277.68699003906	2190.31086326606	1855.18313925503	1822.80674005425	2405.68263409003	1321.43567037265	2610.16822481016	1784.77899043519	2041.79121925168	1131.34080080308	2760.93697924116	1243.54708036573	1038.54713198747	1829.11659052034	1747.68883311351	1782.2709922905	2701.59133327286	1908.33743310222	1440.70728849236	1899.4050790858	1242.31113207464	1484.16520724549	1676.14551997278	2437.4482566761	2350.88155502452	1662.33603188568	1584.65698877092	3023.60514074669	987.141810957802	1015.08614653648	1676.52710451271	2835.80537067211	2669.47759947103	1842.61311127181	1372.01361875531	1595.9287980185	1620.08862410909	2448.90101929888	1363.8502135029	2108.5036341832	1446.69146800147	1197.24216389351	1610.70901116686	1630.18199922283	1901.29942744874	1456.9686062994	586.653339990018	1797.88802405107	1701.42587158643	1367.69060816095	2459.48464924353	1490.26674441311	1406.67667965805	1936.40945466664	1727.3215249551	1374.2680526314	2290.73908571201	1971.4545562762	2021.16902020607	1361.01164615153	2358.69493955087	1157.39550516883	1874.02886728639	1831.37782837462	1603.86293196131	1080.22609110087	2906.02371755558	1706.81619986771	1161.67550566358	1059.36585494935	3231.75374169798	1346.65119831935	1374.60693441051	736.99209596197	1725.8795780799	2127.76792074264	1908.33789523288	1000.62309581716	927.398662938643	2512.06050697894	2685.14130692833	1362.57256943541	2561.07217329323	2095.32058462485	1407.37291283231	1904.89044900489	1421.19730652903	2230.66458686023	2040.87388136997	965.556870000119	2205.41577409408	2773.94925880876	1666.42457970205	2414.90067935422	1606.77755031948	2502.47116189688	1790.03249571881	941.933540029935	1554.80297509455	1828.79580319885	1981.40422457056	1821.56624861274	1146.1665733713	1366.90854298638	1984.88443112802	1318.28427966528	1335.17427828802	969.242891626333	1118.46137811624	1338.33765705057	1668.40421770617	1807.17756746783	1580.23108447289	2015.75865332949	2364.23041918565	1166.65740489119	1901.06994904839	1523.81676950317	1939.36095304227	2241.70376459673	1716.9685369678	2532.19141313931	2454.9076515648	1549.80586208525	1628.6226179289	1519.36463300457	1627.23412981645	1768.31563058812	2586.74658987103	1450.60722963636	1531.30086914079	1555.06385072218	1363.15368869819	1978.70771011878	2067.09231781437	1368.93964963814	1177.62456228849	2192.36404942697	1901.37642860233	1635.72425475806	2115.88494867956	1706.51595337961	1512.60325804812	1947.70485109502	1963.38527199316	3110.19897096721	1541.67194160734	1910.63394464908	754.223413247108	2393.05477756102	1619.09972318959	1992.42613326559	1153.7425391529	1765.756210119	1677.6664900313	1307.76068418859	1002.59970994236	1204.97165895776	2072.70404700441	1163.71929927493	1198.79881258922	1515.1313536366	850.008231758933	2301.39354983765	2956.00509101648	1552.51822651363	1061.70763051491	968.735127698309	1039.51771858809	2170.20753876627	1571.88826401027	1630.07721162965	2057.15431637476	1497.40487633914	1205.49816326133	939.336291384338	2207.09555298386	1212.86285114868	2003.89024388757	1396.09284948653	2091.59670509585	1621.27452317342	2491.1041728966	1131.4612895838	1619.97188177419	1363.44888390043	1731.57023682094	1222.75441215435	1144.35251576669	2010.22238235511	1448.40734966426	1729.28649033547	1594.92202281818	880.3073050974	1550.8142130255	2432.65894677824	1588.6195020642	1300.7445013901	1159.25745617357	1887.03280150369	2079.74964721733	1620.72947468592	2971.16821405012	1721.91117304286	1769.75075108061	822.821741584587	1127.35000372297	2357.82111600323	2022.78860661852	1977.2851998125	1729.35979101395	794.442617624618	2175.66474323091	1263.1096892215	2274.75909693698	1823.18010317559	2031.7201971203	1062.92007877969	1386.22124208629	1026.73149857706	1997.13729273772	1727.90721105097	1576.58482181242	1670.21626469039	1609.4301000559	1585.37791354273	2272.76311638338	1372.80386266268	2086.90917171292	1019.51908892131	2072.56299094051	1496.67946757183	1390.3103711966	2281.30051250183	2015.3171228423	1112.41565345808	964.969140605495	1546.36661308358	1448.15729837568	1361.53707026053	1592.03069087752	1422.56160566047	1506.87147257409	1402.54858168999	2315.65015822058	1266.7695208242	1471.23517135037	1320.14186787324	2382.72592622188	1296.08109844964	1690.93913829884	1673.78666548959	1892.92711142037	2407.58937120301	1476.7677265922	1335.03204331697	2099.05430662522	1404.34394870793	2299.66596912898	1804.47439320191	1466.53572650138	2072.21688548844	1234.12382063972	1761.59795605377	1685.31156616918	1674.33393410711	969.838432586122	1436.83924936615	1865.0065038866	1451.88249909171	1802.98128485116	1439.92984459577	2392.64381525483	2204.25760837163	2133.07597657297	1944.93262351746	1026.67642678135	1914.01455674149	1936.39702134298	1331.88607986038	1235.82657258133	2420.01289509471	1341.21168662181	1228.12466875526	2192.88475723205	1348.19641390885	807.955120031068	1838.95003423218	1691.12275789326	1378.0987762471	821.555865398465	2038.20620666434	1357.24797813817	1489.19735678094	2616.39404607238	1191.0062321028	2799.81429397193	1828.51322436714	1785.86797185078	1178.98418533653	2102.77043452442	2255.10766836338	1000.53871084739	999.78895750615	1050.2067486918	1583.77065235098	1885.0805732208	621.173501962814	1060.36326719348	2824.90980853343	1113.39879128572	1514.56559432627	1865.35051065448	1223.55279747749	1407.95079415743	1915.83988552234	1623.99066919288	1546.11343948437	1419.03458934653	1206.67843213575	1626.93129437162	1281.4968629572	1821.18668703734	1167.70723384578	1341.25446166081	928.739364201272	1224.8370346695	2149.67027173431	1493.49984178932	1739.27692559448	2307.43244952783	1637.49194932908	1591.34550485827	2566.75349726607	1508.52613797182	2025.59946406577	1199.98919513076	1485.51681747692	1633.09255102698	1077.89601331756	978.251580710057	2724.43788531692	2547.71192483921	1042.80620417293	1587.30657935353	1953.33487839664	1574.63760315596	2440.83208005481	1658.46741332699	1675.69837379443	1095.55397071127	1552.56154853258	2213.08517374731	1750.2680107093	1637.0389141908	1828.99020616013	2546.46049235657	1826.3718309664	1458.12152161633	1561.85576826389	1947.97562429945	1526.41462429767	1532.14718520965	2079.87036657248	1230.98785960498	1480.30209278292	1882.82645915619	1353.56945733419	2910.25925763396	2471.32335201089	2064.90766863046	1435.36235779066	1323.10008897981	1491.33696770889	2008.55384684673	1643.36241537013	733.235320838719	1586.54027387814	1805.6090677199	1715.06618091271	1314.15940617376	2128.0848008057	1578.18567113121	1626.63945262808	2205.84131179144	2613.61248885548	1931.94410168494	1674.99383577758	1113.19021731624	1670.00156682649	2253.59213875603	1563.87567303117	1777.53530885046	2675.09913597627	1343.84425660734	2355.2683954315	2074.64432802329	1129.64874408837	754.999366425644	2291.80849825468	1740.62886225739	1741.74990658018	1173.54106832244	1144.76235285356	1492.20075472087	1284.33783673452	1683.77954245005	1490.22036449758	2099.37551187776	1510.43803623299	2692.0373112733	1329.28548458998	1665.30943463262	1949.20138541708	1969.76614177099	1412.89668663038	1760.47511187541	1675.61796927276	2131.31144807512	886.454484969526	2766.46432889281	2392.76973696172	1076.25164972518	2252.35107207862	1331.85745676672	2229.89891107014	2312.28020796536	1066.39666341641	1532.07570566342	1900.83018944367	1180.1579509781	1901.23611891976	1020.31964898891	2427.50961361454	1496.66827141773	2292.89180300652	1386.35903452247	1396.10696376033	2366.89892722218	1585.38668125284	1584.8693905417	1543.37819225232	1334.09944212397	2315.97388885393	956.719712268219	2539.54958424595	1569.93735653491	2924.7161227944	2013.85245591307	2633.10800335091	1486.34426818602	1751.08767668314	2511.31527791318	1478.80648062795	1961.33769891568	1366.35415027639	1847.88942705541	1975.85792206241	2028.15757530979	2112.05275450371	1814.80105130334	2047.12934004549	3203.85066047881	2580.017047809	1087.41657599684	1576.77293801093	1516.8948309585	1114.3836030466	1953.26144477022	2834.17682012383	1439.05192493392	2403.35665325111	2303.42144398342	1675.96734406135	1154.10370321339	1677.83457878375	1164.36225446906	2346.52146649814	1041.48246932946	2773.29666226522	1845.4108024933	2466.30205268778	2137.46011807675	1685.4029618767	2285.975990778	1550.48502614119	2149.82417481172	1849.1832079013	690.023450287697	1734.33419949467	1099.11595891964	1859.12508709108	2037.26263385282	2516.02677376914	1980.12302131512	1219.22448718065	1073.90366380157	1629.931446437	2464.44009341715	2064.90781993453	2213.88037586791	2637.02698825416	1482.55717923581	1907.9499329482	1272.09038574649	1794.81364226182	2256.99839065912	2313.68385838656	1557.421162895	1970.15189654646	1180.55193972593	1313.34660082186	2746.59893770153	2733.35597421329	1734.94193189667	2109.65622150844	1667.72462711263	1822.4859401259	1584.94237643203	1530.63418131992	2224.68494763864	2077.38784810069	1066.27223629979	1642.65377036979	2060.17974445971	1793.71851211269	2523.5974790334	1456.00238223217	1444.27033627926	2089.38462180165	1702.6869235486	2487.87924147736	1467.43549634097	1301.78031126885	1841.58652339345	1800.264827124	1114.88777787848	1530.72116696247	2150.04887362118	1487.51033716131	1429.59438517122	2308.88426571677	1412.25621974138	1924.09631340517	1910.8248319206	1595.7229633136	1203.16142992332	3244.54952868874	1880.44643555125	2402.53313783295	2299.49834888832	2741.5292595045	1800.72684388538	1455.59455612027	1487.35544224743	1453.14650933246	1892.97026520264	1712.38696616838	2040.59546343395	1843.32933286828	1437.3109926037	1877.99220428669	1793.51770553108	999.663084121695	2206.22677832397	2659.12988405737	1895.35285251086	2110.15613944288	2053.96171243315	1922.56649141651	2267.22172432942	1821.69717901879	1701.3172901014	1491.82091677146	2181.45652438939	1517.84678107562	1162.88469556612	1821.93325650137	1372.3422865259	2091.67953194897	2538.16712797473	1436.85963748045	2184.60932662115	1469.19573893958	905.690853216714	1743.505454191	2192.76962516956	1994.5474557324	1734.87651731613	2263.07925579546	1459.37338656102	1542.46314408805	945.240966445422	2181.6346454758	1529.43556575749	1579.41544363126	1083.35911918612	1827.92822918377	2160.64236767735	2512.94417465475	2384.82513298564	1981.80373796094	1562.46695230605	1945.28263914556	1140.91663538932	1227.21091463795	2414.25331186693	1665.1699840281	2302.69273701473	2144.24673735087	2108.34758481382	2596.53216753005	1712.58413752995	1911.11594929305	1146.92962829538	2014.68572505038	1288.30342896379	2149.46122596998	1699.00499424257	2197.72839241015	1630.66533026659	1182.81717664595	2196.3220643889	2113.6129624371	2814.64500788726	1056.36987156213	1348.19631737448	2377.78784698791	1499.5882918855	1429.73051564487	2288.46918906098	2331.82756181897	1009.34458275382	2682.15809722485	1558.31136952514	1775.94960424407	1462.84848491664	1712.69582598599	1690.71675351346	1309.66215175412	1338.69476551152	1520.52593002616	1279.27500931182	1788.87620756853	1734.74261322541	1181.21588739488	1777.48650633993	2292.74795689945	2682.50661389389	2903.46862555223	2102.05165538178	2069.64960855211	1166.06543539415	1780.57314722318	1983.23876850128	1474.40202036732	1747.47482677044	1360.20314223932	1639.14899643169	1147.17067623838	1879.96764851597	1339.76293168936	2590.05687479859	3528.22051559818	1130.42083149914	936.911830843648	1784.37386461957	2020.57234997424	1646.05633490261	1364.63829415234	1392.1520674103	1278.30502721876	1725.04386226929	1750.99105670828	1330.11484443976	749.817914418886	1506.07203288261	2054.37249438131	1550.51482044908	1597.53390455756	1349.22740712227	1522.26462187289	2572.52000605797	964.092494932501	1581.35288050017	1431.01855397823	1665.99875714748	2248.22139382881	1392.44602562085	1583.5167908437	1448.37864164863	1931.20650341359	1566.85609482423	1609.45547294945	1084.23110170717	2056.57167708085	2182.44109924375	2774.9266202418	2766.15882375776	1927.11829960431	1224.87045995619	1068.45204675227	2060.35091723527	1495.22758667461	1665.56960987739	1465.03059253362	1452.95262250207	1201.67599359068	1643.82370472704	1112.56894032972	1738.1745255078	1563.29069909086	1659.67779948181	1493.5253703502	2014.61590391463	1785.97905802999	1453.98293826882	1279.74346155565	2258.54211516718	2234.74908965388	2091.55992816762	1548.46331235766	2003.26180535356	2376.0478785258	1188.53314573504	1697.68438255029	2576.08622832626	2005.0653344423	1578.29650310684	2447.56174331102	1546.34849920339	811.347132540798	1623.7050777148	2061.00936835948	1742.65412697725	1257.66717207234	2209.45681113817	1412.37478799599	1055.41132061147	1514.59724697501	1414.46812124009	1205.79329743573	1836.89141913938	1037.59510901706	2112.30651914696	1981.89325080891	2213.15012574922	1833.28118919264	1155.27009696338	1531.55063818684	1185.36777711364	1104.09032527266	1416.27262043788	1140.27800830259	1763.90327222974	1804.67270259483	1296.58064930451	2346.07381131831	1436.96074334272	1420.92815357946	1503.8670514943	2159.95734769812	1124.19316194366	1211.56865201884	1311.04768525766	1315.00212258836
2024.67343574748	1665.07246696074	2143.59451608267	1658.51169108366	2721.95760773102	1821.85423725756	1487.77803085957	2912.29614163175	1335.45214018725	1991.26805949948	1853.61698670932	1549.65898778525	1118.3100347257	1877.43107633339	1759.01019518187	1210.73360537112	1868.17779829958	1981.4755398581	2625.41241192436	1378.64320993742	2425.89476814111	1705.11972580411	1913.47143207871	2712.29519866212	2135.18864552205	1035.93705730979	1451.72526162985	2297.28619636487	2273.85146810511	1522.2239869351	2051.44216365507	1629.05137972227	2106.54327752631	2457.14660965786	1846.18012269647	828.5738256389	3124.73377846342	1613.52434611507	1835.91414148525	1278.73601395491	1844.51649185711	1189.83657216318	2807.12615756705	2460.48316015839	975.98453199497	1500.36107412221	2235.74787193021	1035.8781192198	2086.26925396307	1200.96727202868	1463.55790993873	1840.80408504969	2395.26421361559	1966.59837675649	2243.63691859078	1875.38407487417	1301.18767392618	2459.97101151772	2928.0907525788	2607.51827807255	1141.86316698718	1577.79398169213	1975.24349008876	1435.20625847034	3069.53831276651	1623.39449147981	1376.40435221604	1322.53083108355	1281.3000023975	2105.72160767152	2173.51186177524	2045.31519483064	2147.01840589128	2002.82354653735	2135.46386443702	1643.57108709212	1191.63585839636	3055.86311099962	1731.56744404388	2265.70353075224	2570.67227902494	1738.13066198571	1274.14652437572	1625.80065712808	1633.95924084114	2177.87091487033	2707.05708627886	1986.61964132821	895.246194097586	2281.56725261946	2262.3989548821	1721.34814797338	2139.01072279648	2167.9752364994	3180.63383755172	1757.45803905854	1715.37448699533	2383.76152549608	1405.43102996932	2170.05833864533	1101.78083089423	2226.47083462549	2484.3426293171	1328.34330692913	1502.16774044743	1166.71851665063	2563.95059025993	1364.52830803771	2423.22908577397	2214.94174565354	1607.54705662833	1849.34020673439	1923.55595440815	1737.3710940566	1495.46988423229	1852.27407582512	1831.70012506553	2217.74880577657	2059.79288067889	1656.49357954923	1378.41372990394	982.383983910562	2149.57338535354	1692.08185960053	2321.98667556733	1146.64711795599	2198.8161169319	1772.70776275621	2447.58681780611	2144.24780894081	2008.34800207319	1640.7481582485	1558.7829895795	1228.12204357758	1438.61465895806	2406.63216535122	2175.71503512969	1528.64832325801	1429.05849078084	2501.00035577829	1839.71673603605	2289.01231565046	1664.00373800619	1144.34434704691	1806.79067514628	1404.5630151734	1271.34352647296	1191.48643684205	1386.55917498108	1969.68551965497	1407.11391019066	1305.49234321162	1329.99134355378	2185.62392351801	1741.6997620908	1983.08517342776	1898.27009735	1520.54176466916	1897.53910012878	1888.10743888143	1310.36852667197	1361.64172166977	2105.66923615496	2227.51296855187	1976.03839177761	1714.53924040227	912.540466002833	1696.14895210515	2518.75323876607	1129.64294637406	1689.47047491236	2302.10598448471	2806.72531010992	1490.93992921569	2571.73710574559	1443.19219458539	2503.22289393622	1659.14146646472	2667.64563899368	1391.58306291834	1786.44475419454	2141.59621919876	2037.07151849997	936.89587920121	1946.86884220052	975.439096915054	1501.15377797283	1967.76950846492	2012.89489236541	1261.48017608254	1453.83622630901	2056.305187557	2258.29716262189	2143.20064218006	1045.23459657822	1702.68561150011	1723.95656739812	897.640523659921	2119.77996381587	1258.99596237468	1980.60929900979	2343.73271999625	1506.27560376339	2269.90003900162	1229.86494069483	1260.51293327531	3048.1251034067	1978.85690492606	2353.15783176995	1503.42509119347	2024.14380415424	1919.41171692216	2101.00185166648	1161.68790579285	1719.4765094099	1684.70591978636	1228.78065300754	1440.59605943866	1344.0512943907	2043.28852867428	2162.33907578507	2211.86966820476	1695.55555428734	2067.34992116107	1777.60682913551	1944.75724084076	1306.30154113367	2496.86875073514	1499.46200492651	2642.54616935906	2155.22702150805	1706.4917890521	1360.46965985936	2147.76633980594	1812.37850643809	2312.07295024031	2271.02669115113	1992.70392418053	2130.39395151127	2405.68263409003	1354.08442521339	2610.16822481016	1814.04988146762	2139.89097920095	1290.38058906705	2777.75539615174	1404.63346015798	1063.40992020047	1854.99432153889	1792.87504454724	2006.98832796655	2742.3388400395	2091.72232443737	1441.08878634467	1915.08668141226	1242.31113207464	1484.23604780178	1749.06625043389	2554.9556493717	2388.33007351998	1725.87744534146	1649.229387652	3068.75346724802	1084.04681024405	1300.05302246079	1717.72778466277	3042.59882961964	2689.39172725796	1842.61311127181	1541.91253782059	1957.47286349742	1630.41139076027	2458.65735712632	1375.05875164974	2218.79468119091	1693.20473961794	1266.7968483283	1622.93330271691	1633.22080955183	1981.45866744951	1509.51387348968	694.600797764495	1950.42904266419	1774.14975027254	1397.4536915033	2517.35303759665	1600.20357870424	1406.67667965805	2014.43115036548	1750.78038519752	1409.61536156141	2394.32140706707	2105.90338288042	2127.25553753165	1405.84802398985	2358.69493955087	1265.38807008587	1915.10981603563	1895.30256342253	1883.08989976078	1098.24075123606	2906.02371755558	1707.98838476423	1200.45993088638	1271.07748020026	3326.81096095289	1372.514155427	1392.95179403683	1251.49952749072	1795.32258994599	2169.72915213731	2064.7252839511	1025.48478590922	927.398662938643	2512.60223634848	2685.14130692833	1426.337864347	2591.2496550853	2398.66658515764	1581.69993478511	2050.462632477	1476.81827257359	2460.79409334926	2243.60853177596	1004.59107500068	2205.41577409408	2980.14045535171	1837.34562077371	2432.01261636344	1632.00185117496	2502.54205974408	1940.76207019663	1358.79454859113	1554.80297509455	1839.38464026438	2102.10828335286	1953.34698720158	1146.1665733713	1366.90854298638	2012.80529161079	1373.07974408521	1485.84240661736	970.177863253457	1187.97120752377	1338.33765705057	1922.36147707477	1956.03930916718	1601.1769940638	2019.80485877581	2534.55282706717	1183.92706306268	2033.48892125036	1629.29373724443	1989.68306409571	2391.6529397334	1771.3511216909	2577.28824156563	2454.9076515648	1549.80586208525	1716.3209147764	1519.36463300457	1627.23412981645	1939.7574892102	2740.98599336577	1533.60157285918	1575.94634449138	1602.55640570359	1363.15368869819	2030.42302439993	2200.78226538873	1368.93964963814	1241.08882031105	2344.70253872954	2048.34402130838	1762.7731891843	2289.91157451392	1799.78409066364	1536.59230691147	1947.70485109502	1997.92663558649	3347.40605700939	1687.73358012322	1980.87136695355	885.032606360418	2401.90353300068	1686.45925947426	2002.18822040531	1227.53399118305	1825.45922728878	1793.06239921608	1396.66403374241	1062.78340517277	1204.97165895776	2160.54043773531	1282.42947393113	1219.11216963949	1582.16772240336	873.050426285678	2523.05869715663	2956.00509101648	1564.95060248246	1112.66898434151	971.719244031204	1039.51771858809	2297.83746536652	1665.94297858059	1642.12734841242	2115.2312628253	1528.40340104686	1343.16869595774	939.336291384338	2224.54718986549	1254.33766253475	2007.78615015629	1499.56503866725	2095.86112360894	1621.27452317342	2537.06720375826	1219.84619055208	1619.97188177419	1419.48592781432	1852.75672169372	1233.62887418084	1233.48505793559	2094.40953953831	1690.89188760088	1780.28840535961	1725.01813255148	899.152890789672	1662.22169057733	2616.40368366344	1697.83926658983	1419.37393956373	1424.66239580276	1902.15633271405	2108.24121961764	1865.98182354268	3193.44761972167	1773.26505613022	1851.63097997535	1209.31605555872	1142.51900943607	2360.60579193747	2093.17849195463	2117.97996632704	1848.85668999674	814.961724253555	2190.37823878202	1263.1096892215	2283.16897257549	1825.43285339185	2126.8590348062	1062.92007877969	1397.26425132754	1068.87470195361	2120.07789696667	1727.90721105097	1620.803153212	1772.26504793505	1662.29427461224	1709.13521662854	2280.5986643006	1392.09935049338	2102.24828713232	1045.80833505986	2072.56299094051	1543.04902114721	1390.3103711966	2285.33531902663	2054.10507801226	1182.14812776464	992.878713963745	1736.27734299308	1696.97781634454	1361.53707026053	1676.89188961639	1459.58101554389	1557.44856325667	1435.74685963603	2452.21951125515	1300.49777547364	1509.57267774016	1384.18982586344	2424.39610479569	1340.06252389598	1696.59334930952	1687.1956463586	2053.71112750412	2471.46470105926	1576.04410538554	1363.63510197218	2177.09735279386	1466.35464399231	2422.5433631331	1890.26708554835	1466.53572650138	2072.21688548844	1251.56362225135	1874.77591980758	1701.74968101545	1730.54571490575	1482.40489881944	1505.7145104872	2011.8429075299	1491.6529550703	1828.08253824215	1466.10468929779	2431.08110380566	2343.84426696401	2222.55805035613	1949.81982538025	1272.08287955612	1975.5194207112	1936.39702134298	1350.79886483711	1330.50757010126	2586.46406295717	1390.7941020778	1316.44656804833	2229.30073906627	1377.83713020482	1071.64832989345	1975.01436435374	1741.22533688439	1731.46822477313	826.820355686489	2089.92815176358	1476.04229887786	1603.3216501573	2701.85344330219	1199.8952420261	2818.87800652607	1858.78037913138	1968.47407337712	1531.95199145037	2107.7372423782	2255.10766836338	1000.53871084739	999.78895750615	1101.37541421696	1656.33976936131	2052.51509396675	644.540629334871	1280.65188888099	2868.57946809347	1703.52034405659	1564.62304365847	1865.35051065448	1268.21791653682	1607.66627236413	1937.44758622002	1705.25430447622	1546.11343948437	1597.23088960046	1476.44907511424	1761.00512450666	1311.54328445465	2047.13753317237	1167.70723384578	1366.46715148312	1100.20439243633	1292.51205452418	2205.97902750604	1603.82109379826	1839.55911614621	2352.28345800951	1803.18556662248	1638.06761648511	2592.06847203637	1573.38936850375	2186.36883951608	1275.03591818811	1506.5481405307	1633.09255102698	1145.61181136295	1001.9458330336	2831.41576913297	2585.77682184752	1200.37248739297	1695.94629790841	1953.33487839664	1587.20876190959	2451.84389311627	1815.00134883455	1844.46717573627	1200.99261020016	1763.68853288491	2306.69637512078	1750.2680107093	1738.17153090601	1828.99020616013	2565.54532878394	1828.46087519638	1542.8456660496	1561.85576826389	1948.85619632547	1598.28919199792	1561.70000947048	2135.17815555916	1230.98785960498	1555.13420602416	1882.82645915619	1396.06748747236	2912.87635035003	2525.61624199624	2067.06891714857	1453.88703344536	1451.90812927216	1547.79871926368	2067.74595331635	1693.18821327727	849.25277862581	1689.11571836837	1863.32861320538	1751.33490080135	1405.38203573599	2130.04025004386	1615.37417492127	1661.66142431381	2206.01291637421	2614.63880362305	1975.43323268455	1695.9233198865	1263.94665035128	1757.74987190548	2256.06129528075	1563.87567303117	1777.53530885046	2940.74190085012	1375.68339840702	2587.95671837136	2138.02259175686	1195.57359562525	754.999366425644	2322.41915520476	1867.91626348372	1801.85959775046	1211.87428903262	1537.64701639647	1573.88298265732	1285.9212031873	1701.62554823006	1496.08239564163	2101.7474977058	1539.20810330375	2875.01312099795	1355.52773831674	1753.37909663572	2078.79529800108	2064.18132749397	1500.62570803841	1760.47511187541	1734.0444009446	2483.06053919509	1009.53569654075	2869.39221863355	2536.21490642811	1182.24662623409	2401.12442539574	1634.3317891268	2236.59575571247	2386.49522989744	1222.54013120702	1835.79938314638	2028.8544712893	1274.76251628232	1928.86701114321	1020.31964898891	2438.76697927918	1694.53373077371	2415.62505694316	1625.02032089392	1627.66116733917	2366.89892722218	1585.38668125284	1793.17651522528	1612.37548095847	1399.55571827392	2391.4110439906	1214.57308745912	2615.61916373596	1637.37824902068	2924.7161227944	2142.39787190684	2835.31864008982	1615.89501759812	2058.04456323458	2545.94829568321	1504.21064668534	2032.10768008504	1391.35253883742	1913.55557629515	2001.93914522363	2087.51276204491	2112.05275450371	1814.80105130334	2175.46224677413	3228.38786886463	2663.27536169523	1115.09340093067	1601.13256041827	1519.15175267095	1268.84529126249	2156.23533374005	2876.40911364343	1533.34520136245	2403.35665325111	2387.57581669261	1675.96734406135	1174.16806015906	1851.04104684684	1417.26310780031	2479.35216572712	1208.51533919281	2804.47411256479	1846.20371543613	2466.30205268778	2328.74057839532	1685.4029618767	2290.62488294745	1601.28142744348	2223.37961130444	1849.93078453598	1106.10354114936	1763.43038396171	1142.45326946394	1996.77090201547	2038.24355709549	2544.81299943561	2034.31694009302	1399.85986935026	1232.68881934079	1769.98963427851	2496.5591280322	2236.94843227549	2341.85098710955	2687.84925951503	1529.62399162394	2046.20379742939	1273.82566505886	1982.57291263935	2273.5509575009	2359.56064427671	1591.14481875799	2050.17015571698	1277.03566682758	1434.88958111889	2894.51219466287	2733.35597421329	1839.67078043825	2133.39974532034	1668.3226706043	1875.40316393119	1657.60763017394	1567.56371618463	2351.02416870836	2172.28369803483	1247.69153904314	1901.25478133122	2229.745913313	1878.70694209453	2576.88388932238	1506.45525289563	1463.29889539045	2098.20351280642	1786.72969782518	2533.22570798802	1515.99852713552	1317.24407669265	1841.58652339345	2149.33860317382	1220.31048762949	1610.81517396716	2304.12648594198	1573.04162625575	1474.85618634581	2359.18036644209	1563.58538678245	2022.44407375552	1974.61990462866	1659.29379533108	1298.7193043283	3375.73220678843	1883.80225322476	2434.27319749156	2318.45245900598	2839.32575157955	2231.71506908112	1457.49920393696	1559.56470125642	1453.14650933246	1947.40406745676	1712.38696616838	2061.10158956988	1863.01402173883	1537.95605727538	1879.01320021232	1877.410999129	1049.64127241239	2297.10930059408	2695.6900100215	1895.35285251086	2161.11078273891	2180.85446923861	1945.05457392297	2597.49407412157	1924.05792007924	1822.04624984009	1635.01352533954	2363.82720614149	1556.13292153103	1369.59392438402	1821.93325650137	1573.08736625592	2091.67953194897	2570.28765781061	1436.85963748045	2186.36753427659	1500.11393524804	916.219557862269	1936.87601944794	2337.92626949708	1994.5474557324	1734.87651731613	2337.58397964578	1501.53140111637	1543.71268367623	952.831776784292	2389.4548152736	1540.49604153069	1579.41544363126	1124.54230189683	2030.71411067504	2160.64236767735	2593.56338570078	2394.84894414157	2100.39737145987	1647.93858786335	2100.15767483916	1197.85665513039	1379.82277837991	2610.91749909899	1678.45767166311	2302.69273701473	2166.34871537026	2113.46413617428	2709.91616497789	1781.12709308447	1914.92124978382	1299.17492810362	2036.667256711	1288.30342896379	2338.30159056608	1786.99599349653	2201.53901259222	1632.63323998204	1223.79370149893	2256.36445339416	2156.62526911702	2845.42593878825	1108.40158499197	1412.30260309316	2388.93682618186	1519.23255094686	1494.47429920252	2292.8661466037	2436.45094328495	1148.04911916617	2683.42151469124	1684.74101213331	2014.67402503887	1503.79830631015	1712.69582598599	1964.91228217701	1326.64511062733	1427.91289335899	1522.8316802076	1406.21045959842	1788.87620756853	1786.60844188177	1188.47840021551	1881.57990544148	2432.2805721181	2721.92677569372	3031.88032717659	2102.05165538178	2112.74575031508	1469.03471180515	1900.70311065562	1983.23876850128	1571.28926626683	1747.47482677044	1602.33526161246	1837.91086543001	1265.03462944352	1899.12286517704	1684.88972490862	2590.05687479859	3591.33053780123	1260.48919773572	1002.34138972671	1792.46093667624	2021.79938679604	1700.60517218075	1527.89033081	1509.10236923899	1278.30502721876	1811.1600901034	1780.93446480609	1490.7914549385	871.609157646869	1689.52451437114	2248.39825614121	1686.0965100505	1671.43457562464	1349.22740712227	1696.85533706827	2880.70570506652	994.164337158907	1595.0084649793	1839.89716016142	1810.07868136009	2265.61964319652	1397.51009021498	1610.68651665393	1592.33700016264	1931.20650341359	1579.90080599522	1618.91209646203	1132.50532695504	2240.94520910678	2182.44109924375	2774.9266202418	2799.52863638616	2003.97548350303	1302.05037131757	1147.61636043831	2279.6291970294	1560.62722529575	1712.13889346281	1474.55396387532	1471.19733385999	1236.31953543768	1643.82370472704	1124.91232566025	1763.15516385685	1677.78594529304	1719.19067990712	1513.19299072887	2100.60754547008	1816.34952133817	1549.52304561305	1386.79423533198	2282.64901945768	2234.74908965388	2177.06184263892	1600.75591207181	2067.16076471026	2412.01054450716	1206.16610903791	1759.55872032823	2576.08622832626	2066.08596954049	1669.96797801626	2466.37362026887	1546.34849920339	978.141521708343	1709.09321447054	2069.7147475274	1806.62729888158	1306.90344849611	2391.21139845664	1492.92077478509	1346.54182050699	1540.09008605515	1424.81685528906	1391.78897695941	2001.77993864568	1122.37947960919	2169.95326285522	2062.47327559625	2273.73164181726	1838.37591857975	1216.04343559972	1679.0567920099	1354.13431016117	1111.72021425547	1529.52882303924	1366.08712008478	1900.51327066845	1929.81207387719	1414.38811763044	2447.9415594088	1564.05050610938	1421.67792294239	1527.21182077941	2464.81213266416	1273.35579645694	1303.93883045817	1448.82190858253	1327.45177582814
2024.67880013879	1711.61289311847	2148.87053213338	1684.62000819185	2764.47661727918	1871.47083861468	1578.60638012178	2946.97212828185	1651.74982263234	2131.77818765105	1853.61698670932	1562.7263815968	1294.56047407251	1905.78956972319	1809.90782049106	1213.5448146801	1915.49739968309	2137.27172968648	2625.41241192436	1461.60183930494	2538.51613795802	1883.36694659785	1932.69822729362	2713.4855954396	2196.33724527692	1035.93705730979	1490.6711650019	2347.99369395988	2360.1017916837	1537.39447860653	2165.74404394128	1686.65682392812	2255.1661869053	2592.06521828903	1891.96868510679	905.750027063525	3131.23885488658	1750.02482254307	1835.91414148525	1299.80826355211	1983.55412686786	1254.28777239888	2810.53134301537	2476.71872400923	1019.32695271453	1500.36107412221	2486.54996452866	1227.73862522626	2135.51672146395	1300.90941884834	1483.83295872588	1860.29704733738	2510.85050347042	1985.67926424235	2333.07473141769	1950.49186695878	1320.06170270293	2459.97101151772	2930.59764420863	2703.50161087709	1311.08804468896	1577.79398169213	2042.26983847997	1456.14231351923	3094.55793442205	1736.09926726912	1558.12708834695	1587.43649380735	1303.71338875997	2114.20366514743	2241.42083138614	2045.31519483064	2354.96588272777	2194.17062042786	2357.07421653637	1767.5841480845	1248.39547988525	3095.91880758636	1926.26335129521	2328.1004978178	2570.67227902494	1756.99650564681	1296.01070495891	1661.21298929288	1776.89756377836	2512.87980644235	2818.54457397965	2040.10505912099	922.604972452579	2281.56725261946	2330.61252333016	1828.26506336313	2186.89502830857	2232.63388762872	3188.77000722657	1840.23161022028	1829.3690422003	2603.12269993035	1472.44049112382	2210.61953534687	1112.55455618824	2227.7988803571	2484.3426293171	1465.01516262657	1707.68249272169	1266.35136222688	2563.95059025993	1681.83951800182	2500.41769868832	2296.88486737113	1619.34926362379	1957.07977224808	1996.18417106351	1910.70817242275	1750.59762208335	1852.27407582512	1840.21885375742	2293.67135877359	2132.26061627465	1658.05264454581	1514.45939632327	1088.33653513341	2274.76153299904	1720.18907789848	2338.96684197244	1200.52232750551	2358.60588866799	1938.09912041826	2550.3895269715	2179.51532828729	2008.34800207319	1640.7481582485	1626.91689120199	1300.11934002533	1470.24133427615	2406.63216535122	2328.15870362388	1571.84904508283	1571.48136115407	2501.00035577829	1889.34320507343	2519.60021390714	1707.91052954378	1194.55076535775	1981.86082750386	1414.114384766	1271.34352647296	1191.48643684205	1386.55917498108	2123.4909957355	1626.87088136461	1371.880681773	1556.34773190767	2185.62392351801	1948.75176747711	2159.6604286101	1898.27009735	1561.91894029095	1904.77305312762	1930.48456830714	1457.69265794618	1462.4219548881	2238.89737496933	2232.25672701355	2025.96945002882	1826.15347609815	1017.50732618156	1837.12017022513	2625.82774171266	1129.64294637406	1780.11319262321	2350.16585297999	2948.94200717898	1519.87291176285	2671.74352473367	1474.13474064046	2503.22289393622	1811.14584787861	2886.34571626831	1402.86940701649	1850.79478352613	2264.42101903105	2183.53649546301	1008.25918912782	2127.50761541947	1090.79744808212	1698.7361752165	2090.56892122261	2368.43006579013	1359.53118791788	1456.02437636798	2056.305187557	2321.40291863248	2155.74045946129	1147.88167875015	1902.71685809029	1723.95656739812	1452.15072618753	2174.64915457131	1258.99596237468	2121.45529908568	2384.46667934869	1681.35687616401	2417.10719409749	1268.42770126033	1387.16828200317	3048.9775989771	2100.30900000005	2432.17037962252	1575.39461966387	2075.17356759306	2135.69886907781	2235.76943998577	1210.42962644114	1931.3021752502	1725.06232650804	1362.98989107234	1440.59605943866	1392.10638521658	2095.3450198379	2352.93003237499	2211.86966820476	1769.7113282535	2122.77255940201	1779.43177301285	2058.40715709766	1378.67038885031	2734.22660144019	1557.57707070824	2887.42072979331	2165.38792861549	1927.35428234735	1410.66696547203	2150.39577165809	1838.41856156558	2346.57237603876	2351.74995456501	2135.98773680782	2467.36570677479	2405.68263409003	1556.89856624581	2610.16822481016	1876.34585030318	2238.08484587908	1452.452793466	2794.5634706601	1566.1583434917	1229.7998252284	1880.96988315909	1838.0647778285	2006.98832796655	2783.07844257959	2275.33226666152	1441.47301470685	2059.03752657903	1242.31113207464	1507.64796502553	1822.68687359815	2672.03246237816	2425.77435950493	1784.11943253487	1713.61781760627	3129.05355542857	1182.30888779518	1591.9881248053	1717.72778466277	3240.99035956018	2709.45142316786	1842.61311127181	1704.66625507352	2324.0823426628	1630.41139076027	2460.31267367308	1417.52167042247	2329.27842675478	1940.13859138386	1336.07507856604	1622.93330271691	1636.26581295603	2043.49552560866	1565.21354309405	784.617182793599	1985.38047090429	1847.12600905885	1427.24293430434	2575.26301876597	1711.0675328999	1537.92898237197	2060.41596303024	1774.26263827976	1445.04464846218	2394.32140706707	2242.64853031515	2158.5270379319	1450.81608150586	2358.69493955087	1380.19129652444	1956.22465634082	1958.95562854997	2042.15866820815	1232.06630415016	2906.02371755558	1710.85572799768	1305.39465922666	1426.9437117946	3421.62608535855	1398.40870295847	1411.34358708195	1791.63669851953	1831.77109511103	2211.97763532374	2410.57387133843	1124.87889102907	938.662967864799	2513.14553406977	2685.14130692833	1490.43110015947	2621.41262950157	2699.16136358399	1732.34032854705	2196.33326947552	1532.35375541734	2699.97184283634	2446.07605326575	1206.65745802857	2205.41577409408	2981.45074770673	2008.54391850693	2449.32316834263	1657.59296886545	2502.61304461173	2331.08870616087	1444.89163206164	1554.80297509455	1850.03248531735	2223.75998100651	2050.75099863503	1146.1665733713	1366.90854298638	2041.05301582146	1427.91311151539	1662.92361346208	1036.22254850653	1274.77313843158	1338.33765705057	2140.37023138394	2104.7221037007	1671.69726797048	2023.85804681353	2706.39124847171	1340.25704749275	2165.70997930362	1735.63122076729	2029.52123714257	2542.45637929822	1910.18797528443	2622.5273592634	2454.9076515648	1549.80586208525	1804.30766086676	1539.99739223779	1722.82830094707	2111.70995389275	2894.98188464609	1618.57524559585	1624.57224741916	1674.35802674562	1386.37470469739	2082.14007589834	2273.59997215416	1368.93964963814	1379.33874587664	2496.08729920668	2197.84640394533	1898.54684209083	2463.58138266203	2006.48097988895	1560.71752415602	1947.70485109502	2032.56107011727	3355.67662696631	1833.60714648226	2051.17726385264	1115.22233757672	2407.24431715054	1816.58245459618	2053.02054207635	1301.51323492069	1825.45922728878	1793.06239921608	1559.58406651189	1085.95395888474	1204.97165895776	2248.3009540682	1429.77904337779	1219.11216963949	1668.83522191587	1226.86259778347	2588.4558183491	3000.9098057165	1577.39502908714	1314.53090523557	974.843920781606	1154.64322686575	2392.2590825209	1802.80802244933	1642.12734841242	2162.00675196788	1560.3641831146	1480.90951053533	939.336291384338	2242.10148960844	1296.10889310746	2013.0503450056	1607.60359078249	2099.51967066342	1630.86487524201	2602.58527370855	1308.34470041267	1619.97188177419	1559.90726740081	2000.56657825936	1283.5719171326	1323.67887075892	2185.05422926204	1924.73320706789	1984.06772016284	1840.61489860859	918.049370513673	1777.50475760312	2628.4637368579	1802.27691106009	1533.05376110265	1925.92140190765	2137.74530044997	2136.85131011422	2112.37189903747	3371.23443095951	1824.60584461252	1918.98377674902	1420.4469859706	1270.46345383743	2363.39014328254	2307.2264435456	2261.39033860147	1935.32436165003	880.39128395721	2205.09014377187	1263.1096892215	2291.58685247999	1865.85556125095	2204.63963894392	1062.92007877969	1408.30591433316	1134.041054182	2203.5327616523	1727.90721105097	1653.74390584677	1873.47192250489	1715.49564422868	1832.94301455168	2288.43616374906	1392.09935049338	2117.78814053538	1072.5373426761	2072.56299094051	1591.80050241636	1390.3103711966	2289.37360549043	2054.10507801226	1337.75113621094	1027.35554882218	1928.0237894822	1948.84842312741	1418.60070614381	1764.31449758833	1531.84450550342	1697.72994416049	1472.14511884654	2452.21951125515	1334.38168580922	1554.22885290021	1448.19660641796	2466.0986312923	1385.90193386762	1696.59334930952	1700.61379969011	2284.72157359763	2515.30397408203	1677.25437049762	1392.19170927513	2255.40457468983	1549.0221548939	2545.58277917808	1967.31149865021	1466.53572650138	2104.75557249495	1590.09602302409	1988.27554732269	1718.20532606702	1787.05168149002	1512.56832450699	1574.63954196666	2184.93952339236	1627.4577808234	1887.96417194863	1501.06288209725	2460.77567916338	2483.14264198132	2312.06860858957	1954.70730724938	1517.44632432828	2037.92719428962	1936.39702134298	1350.79886483711	1424.94458427556	2753.81472043969	1440.30436541572	1384.93849352515	2245.24945295052	1381.883089924	1596.17147032151	2112.97340565052	1791.56017322869	1996.41997883408	832.086929729652	2141.60814832045	1630.9764226846	1726.29038528757	2734.93824445028	1250.94224187385	2838.49596359906	1889.07951575305	2152.11870075418	1559.43939332602	2123.0111658436	2255.10766836338	1009.30145674122	1038.66413813784	1267.98832219004	1733.69983616183	2217.70412838347	837.202973871311	1462.4397201733	2912.44415509667	1885.87932590404	1615.06514200315	1865.35051065448	1313.02560529673	1607.66627236413	2025.90471727813	1786.64452891181	1825.86178777228	1778.17753150271	1635.66289446551	1895.07677202294	1333.00816420992	2424.1646347796	1167.70723384578	1391.80229509825	1101.8975016753	1362.15523110724	2213.04694193743	1713.25930244381	1846.2136013734	2392.56858864835	1968.12022531031	1684.7329195406	2617.36508727704	1666.50190131261	2348.3214407377	1349.88405196592	1525.64054920543	1633.09255102698	1217.96917259247	1039.70004388959	2861.6581079651	2624.02989817891	1309.8242977981	1826.30037546007	1953.33487839664	1593.99716606305	2458.98058810098	1971.20848319697	2012.46209243894	1306.26928787617	1780.56109205236	2400.16707411526	1750.2680107093	1838.37253829879	1828.99020616013	2679.25029302819	1830.55004684111	1720.19578885324	1598.18421651439	1949.73683556939	1737.88035109973	1581.54621052033	2190.51164962834	1230.98785960498	1629.96870562459	1882.82645915619	1429.98833270947	2915.49503727602	2580.87475407464	2067.06891714857	1474.50418699374	1579.28347295551	1604.59785969012	2126.83932226083	1743.27458207766	1200.90158233587	1838.19802264106	1918.45916291406	1850.17654612745	1545.12538867932	2132.03405066735	1653.37475937322	1696.98826681609	2206.18454113693	2615.90320694866	2018.90911655681	1776.52853725964	1356.74110261002	1919.45364881512	2258.53078180246	1563.87567303117	1777.53530885046	3127.69268073915	1480.21711211919	2822.76667180739	2232.13983062011	1267.73191894339	754.999366425644	2357.8949881883	1996.12590843095	1861.97497964089	1251.23515487577	1571.98779436694	1655.78783346324	1287.56455764564	1719.48798812557	1565.05934962964	2104.11969280478	1967.5215335879	3057.38914032572	1381.72629111931	1904.83558332963	2111.16605545354	2158.2469619185	1589.28966786473	1760.47511187541	1792.85431353326	2834.90466788302	1159.78352820084	2869.65198447196	2679.48826002674	1304.54362171932	2549.85535228713	1905.24755167904	2241.88153203962	2461.32733526658	1377.60587314706	2141.6840774526	2156.54277956998	1284.44897029934	1956.63821530566	1020.31964898891	2455.31126342874	1892.43052777686	2538.0077678368	1635.40905686102	1867.68284969181	2366.89892722218	1585.38668125284	2004.02596941351	1685.84912488916	1465.6889094637	2391.4110439906	1360.06885888005	2691.95841209306	1645.98888161991	2924.7161227944	2269.33153620322	3037.7375202643	1751.97978921047	2280.48608292321	2580.67240874202	1514.6915031299	2102.88238778648	1416.31530782885	1941.02451774371	2028.04929135709	2146.79717668638	2112.05275450371	1814.80105130334	2304.51074678378	3253.23074260207	2754.50448197383	1148.62727286123	1669.59239198907	1540.89468123955	1426.1569401489	2360.76398554852	2918.62878850031	1604.16708019761	2403.35665325111	2471.67925764648	1675.96734406135	1466.41491233859	2005.08990311277	1430.38192251154	2611.65175036557	1375.94323807274	2826.5215822631	1847.00080375319	2466.30205268778	2519.86491982656	1716.08581856784	2295.2791993644	1679.40731791595	2297.12073133734	1871.30697691435	1561.42528637328	1784.73901760065	1397.0409061742	2134.82230035549	2110.07741049329	2613.77981888442	2257.73267806683	1581.15232390024	1382.43303310655	1908.42338613057	2569.49326764456	2343.92405848426	2468.67897298914	2738.62586769746	1607.32216468795	2184.08449026043	1275.60969182976	2182.56613372321	2284.5052746726	2405.39919178443	1854.01678354567	2223.67974443215	1373.61961667034	1559.18527351783	2894.51219466287	2733.35597421329	1943.70955493178	2170.65409435407	1668.92070695832	1928.28872355944	1733.71832413155	1598.2480893181	2477.15283799063	2266.96567336103	1427.44631885579	2163.00158265973	2399.05301415259	1963.84910679526	2631.14044870346	1557.01664136308	1482.37484312972	2107.02226119668	1871.10514054098	2578.76100967627	1575.98245945224	1405.46263871401	1841.58652339345	2497.89457016033	1403.81819163215	1672.59661427639	2460.51652256344	1658.68589892502	1520.15125022358	2409.76768729669	1713.83283228206	2121.20580323442	2042.96467785844	1764.86162963373	1393.55886957831	3506.66399205898	1957.85801905054	2466.05108475939	2376.87279426678	2840.39644344323	2310.47374451285	1460.23452299711	1609.03234951577	1542.42566586778	2099.47689679309	1712.38696616838	2093.30182907442	1882.71596993947	1638.68041657737	1880.03447219911	1953.19416285174	1100.45179505992	2387.8885030224	2732.21052029354	1895.35285251086	2257.26014627098	2308.76340049192	1968.32741148745	2731.70785623625	1996.31246586775	1964.20188912983	1778.54143401624	2402.82832251245	1595.01699888196	1557.57656606005	1821.93325650137	1774.32766574791	2121.14645637609	2570.28765781061	1436.85963748045	2186.36753427659	1531.17523544819	926.760131525069	2132.11369793738	2481.25894790831	1994.5474557324	1734.87651731613	2412.933419481	1545.74299742001	1544.96265220568	960.466850877297	2537.93825549524	1551.58643580191	1651.73840855246	1166.58739949186	2234.31833632789	2160.64236767735	2674.3502203391	2404.87644675159	2219.24652877746	1733.53000358615	2254.72722937662	1469.84330292356	1531.10485741852	2806.86321675395	1691.77464862487	2302.69273701473	2188.46667510117	2118.58692870066	2822.91228018592	1850.06732946311	1918.72707209915	1380.23891904217	2059.4610456622	1288.30342896379	2527.75760911594	1975.05828307329	2205.35005493	1662.64823336229	1324.44946777555	2316.36843571471	2199.80623274357	2876.1935873062	1162.81871640545	1449.36217604371	2400.11721251731	1712.52443367771	1559.60052137693	2297.26799956227	2540.02064483383	1500.24813397746	2684.6849068248	1856.09701717798	2014.67402503887	1544.9113176227	1712.69582598599	2235.54067807585	1344.0394255514	1519.62257435971	1535.3904211972	1531.97927466996	1801.69907685877	1838.99443255848	1195.73902633019	1940.77021283512	2571.56942942048	2726.50297803542	3042.28202489038	2102.05165538178	2155.87250533546	1527.50320010068	1946.54616156579	1983.23876850128	1783.16942553148	1747.47482677044	1602.77070553072	2037.2437423362	1371.73982638103	1918.73847607939	2005.81584318556	2590.05687479859	3654.17513153815	1390.61104620819	1067.92685163054	1800.59924671839	2021.79938679604	1755.06585543122	1603.47446126777	1626.60672843316	1355.05277952714	1941.43309572566	1811.49019238325	1650.40069999751	1044.55832175137	1829.87452510448	2432.16053045113	1820.41622108726	1745.12613385811	1460.92894217883	1716.26650197574	3191.44537416046	1024.46798491989	1628.26037695925	2249.91233389505	1955.09019812509	2305.85878237859	1412.46220372069	1637.84654233199	1734.76066680461	1945.32472000092	1592.9405006855	1628.37776301425	1319.41874429491	2425.1082440965	2182.44109924375	2774.9266202418	2832.95230143066	2176.30188211305	1355.96888521878	1395.07045127731	2446.42454727199	1626.7577000347	1758.69535499881	1496.4792451571	1489.53494312859	1270.8865073604	1643.82370472704	1142.48537661574	1788.54413221665	1822.1117588819	1780.86230513546	1532.94508574353	2116.22713171003	1846.80632911632	1722.13275737197	1508.78873309088	2306.74815061981	2347.41744286146	2262.47959042437	1653.38205521832	2067.16076471026	2447.99392301595	1333.15670045492	2023.98189100696	2576.08622832626	2127.08443505762	1683.25793217246	2485.27087397706	1546.34849920339	1124.59687270764	1741.26184886892	2090.47833026906	1870.5595418765	1479.8054999542	2572.91550463703	1492.92077478509	1658.18639429371	1565.59993512844	1435.31353826272	1577.46103348576	2014.05143079176	1220.83711416229	2232.62389732981	2143.33359157222	2353.12042071099	1842.2034846634	1278.13749932605	1752.31121318073	1523.15651201411	1119.35587634186	1581.15029034151	1378.06052574751	2038.62334698451	2120.75067066399	1532.45251355875	2456.12179962302	1564.05050610938	1431.33560723388	1550.65952798444	2716.58972566529	1273.52391505124	1472.62533863091	1586.07367640497	1355.32513949878
2024.6841645301	1751.21076658306	2154.14748920722	1832.96551509144	2764.47661727918	1888.54931438804	1669.24132573967	2981.65936127676	1977.05466395691	2168.75170241125	1853.61698670932	1603.59472648914	1477.73321446127	1934.16559662855	1860.95929984322	1416.71824363679	1963.80481316513	2291.23493407093	2625.41241192436	1536.39919745133	2546.25101866727	1970.28858700705	1952.13707430869	2714.6958940674	2257.5064846509	1070.35663089647	1529.68570583658	2398.66387512358	2445.77204359083	1556.57123116287	2280.4697822272	1745.00426168381	2403.32237728887	2605.00401449226	1938.00194912364	1371.60256769497	3131.23885488658	1891.82197841381	1835.91414148525	1304.55860900125	2158.18155512295	1318.85943302023	2814.22267957318	2620.18487877949	1062.71683218263	1513.46616813393	2726.08512758417	1418.51695931159	2168.44991772641	1401.20382814845	1513.79900546878	1885.25967348946	2625.29182412876	2047.62429312523	2379.60924623179	2006.8289482997	1339.09268707668	2459.97101151772	2933.10952650181	2723.2294294767	1426.31807487407	1624.96091686041	2109.444542198	1477.39059406718	3119.56358492049	1888.2254763938	1685.96030750548	1852.37587248547	1308.65646432512	2238.88028656833	2302.39837611764	2045.31519483064	2564.0777289899	2389.52896555509	2577.73917270797	1891.28866283213	1305.3676893369	3135.89083620053	2120.82540976057	2390.66691597231	2570.67227902494	1776.01724976425	1318.90373439674	1696.58012217442	1919.46521821027	2849.84393494649	2845.27751183537	2093.34655727207	956.639794654169	2281.56725261946	2422.82446262004	1986.59004754168	2234.88178771971	2250.70677398534	3196.90917881512	1923.22937541592	1942.24032343212	2822.02419052476	1539.71921970303	2349.52192566566	1255.12868534391	2231.4392083086	2484.3426293171	1631.17734903909	1918.77856616267	1349.88404577328	2569.82386250178	1995.41312415465	2577.63654453117	2342.65150481603	1721.26255817278	2065.0475882988	2069.57870128228	2084.4042951215	1777.37022765741	1859.09334132846	1848.74506894384	2342.93158102066	2405.32783443249	1659.62911096214	1650.30775368727	1275.91972295261	2618.28212831533	1748.32995021363	2356.01527081332	1257.0719522063	2422.84535855052	2061.00000815342	2551.90668993164	2214.81530051432	2008.34800207319	1640.7481582485	1767.84169638186	1381.33902032358	1502.00763823348	2406.63216535122	2480.60189841655	1652.6430882024	1712.28706053749	2501.00035577829	1938.94679955621	2750.21960033731	1766.71216092465	1244.65745015492	2156.74176848994	1423.68323121013	1271.34352647296	1191.48643684205	1386.55917498108	2124.98292368958	1843.82312991946	1438.38838549995	1556.34773190767	2192.93507586023	2160.58404870161	2304.44239720535	1898.27009735	1603.48735946686	1916.69330033734	2048.06417517605	1603.28479177445	1619.96431983892	2371.57646983117	2237.01290469856	2076.013840468	1936.57165353389	1248.99532069496	1980.45237740833	2731.63249647697	1164.73057700339	1870.09300377489	2398.47237025697	3054.20405463425	1549.08294455864	2771.50445542361	1505.07525426765	2522.30709137464	1962.87666946283	3103.02618303446	1432.80679123299	1896.18504019848	2387.14888894887	2330.267214959	1081.70558270944	2349.04269054711	1116.50060586714	1944.93351483638	2212.2582547247	2473.23872349041	1449.63479545077	1586.85239369922	2056.305187557	2384.37092664778	2168.66938383765	1253.94709811031	2102.5111113	1723.95656739812	1566.32946271056	2174.64915457131	1258.99596237468	2264.11454178166	2425.1760612079	1707.62453520662	2421.28902598744	1309.2760655096	1514.06020246234	3049.83007854114	2224.71641919189	2511.2827896683	1647.51431190331	2082.47036646133	2206.38673439748	2373.81101926467	1259.25556491635	1931.3021752502	1765.46222918356	1572.52818243368	1458.39712960047	1585.60644031305	2188.34969971247	2529.09188984419	2211.86966820476	1837.11154245594	2178.34169380161	1781.25674092681	2170.86976090296	1451.58032998893	2772.60058438807	1597.3203248558	2991.00970494329	2175.94194308801	2151.52064305859	1460.86264393603	2331.32629187607	1868.40898623563	2381.18216728859	2432.4504752056	2284.11569110008	2649.04581557736	2556.2154123327	1731.73983745078	2610.16822481016	1903.31399487599	2336.35908279734	1617.90437010614	2819.60225726442	1727.84495899083	1395.07742543356	1950.33255303011	1883.24966904937	2006.98832796655	2823.80921537613	2458.17809369143	1441.8599701683	2203.39004862491	1242.31113207464	1630.73734288455	1896.94655140101	2742.51977767636	2463.2134318806	1846.6570882273	1777.81465392263	3251.47569492942	1256.47216333994	1595.39486890575	1717.72778466277	3247.749383598	2729.65350056408	1842.61311127181	1866.90712607493	2482.08176395922	2013.33892929291	2461.97982228619	1667.06172584115	2475.05368048505	2186.56135515794	1363.74314646914	1622.93330271691	1764.46013690379	2054.05840838103	1621.70346431076	784.617182793599	2020.44474658484	1920.34274253868	1493.50392161126	2633.20720988658	1822.69341256225	1688.9459937685	2116.34890865944	1797.76787162516	1480.54893038612	2423.8323459286	2381.40025144814	2189.94693836138	1495.90909807757	2358.69493955087	1572.73114844585	1997.37310139448	2022.31626572043	2060.23865173879	1252.00114154586	2906.02371755558	1997.83459856892	1474.95635188837	1550.71009100583	3516.18805182541	1424.33093761686	1429.7810779913	2333.11148175055	1908.95147990246	2254.50116786449	2754.13007984519	1330.90851107864	984.879299552387	2513.69039854284	2685.14130692833	1638.25604097126	2651.56090729924	2968.31566983861	1732.34032854705	2342.43510854325	1557.53487706568	2945.85350133858	2593.13005419659	1438.63841879418	2205.41577409408	2982.76136397252	2179.87216875121	2466.82478645043	1743.11828436564	2502.68411648903	2749.07334683079	1472.40314475566	1554.80297509455	1902.33564413779	2311.02290570617	2129.34154580863	1183.73895393998	1366.90854298638	2069.6047353143	1482.78254732123	1838.67287281654	1116.92889588745	1309.26116933292	1384.00863253435	2187.30434240446	2253.09631594392	1726.15314891293	2027.91815638654	2879.51092808238	1520.44854539785	2191.40908136659	1842.70925410628	2059.78649957219	2693.94205379142	2051.18072681007	2667.90338363717	2454.9076515648	1602.55236777978	1892.51419015673	1759.36909453959	1847.76645226207	2248.44465772639	3048.68435111515	1705.26834290125	1673.60420753375	1748.50846723204	1421.72202343834	2133.84730287715	2311.61607647168	1368.93964963814	1548.03173144643	2646.34262883601	2349.48108080349	2041.40293797666	2636.86451548368	2212.08900273868	1584.97389823859	1947.70485109502	2115.37420588672	3363.945296312	1979.07700433639	2121.54881201626	1342.3918217776	2412.67054235848	1947.87057319779	2171.21534371112	1413.82628706484	1825.45922728878	1793.06239921608	1720.49222575173	1322.38537542784	1233.73166089414	2335.91962892921	1449.44188436594	1219.11216963949	1763.38620716906	1824.49542265012	2603.49086389223	3058.37445590766	1589.85131856631	1516.07554925086	978.107651045443	1310.38333109345	2392.2590825209	1820.79490096088	1703.06251604734	2239.70686500956	1593.2109766336	1618.68918192476	957.840348177504	2259.75646971714	1338.15633387547	2018.72947749116	1718.93000216956	2128.0588132023	1722.44056309955	2687.01788573863	1448.8696366655	1619.97188177419	1700.50948380481	2161.0305991913	1333.84766333908	1414.73935679143	2281.44543010909	2105.2904933431	2021.03049278164	1956.91731732388	983.194516649905	1895.9975231613	2640.5298013785	1888.55927916514	1646.50411871389	2433.09407276747	2377.82417769646	2165.57631488542	2359.71222100639	3377.94453338065	1875.92367693962	1920.29248610461	1514.06398888047	1445.39528576505	2366.17416974056	2519.45287346885	2406.53413445769	2143.97790213895	1029.80220319492	2219.80043147923	1263.1096892215	2300.01249091649	1961.68664931145	2282.22680052036	1165.04244119932	1470.43265998923	1296.16909258242	2223.48395177425	1727.90721105097	1789.25059554299	1973.79944356455	1769.11239074662	1956.77652123806	2684.7821586804	1392.09935049338	2133.5243844382	1239.37710557067	2072.56299094051	1642.65231747478	1432.37518773641	2360.54884857045	2054.10507801226	1509.80946070163	1067.65290437195	2121.36622638132	2201.84711784002	1513.80605640565	1853.99676813347	1603.81385321483	1797.1165765513	1511.53494427264	2452.21951125515	1378.69157329516	1604.74402567681	1512.15525042263	2507.83226315333	1433.40079419117	1696.59334930952	1768.84019122471	2515.10696735785	2562.03823950032	1746.14256153475	1420.70155480947	2333.95353361179	1617.65017810872	2668.7753480446	2012.41415154198	1466.53572650138	2257.28068432262	1928.04775003101	2067.44831192649	1734.67808584361	1843.83026805031	1541.86565313988	1677.00685234085	2436.95137278391	1766.94044571206	1948.10868852412	1586.61327743215	2478.25019754876	2622.11941827651	2401.60269639026	2060.20265870044	1762.69232465029	2101.17106840692	1960.122567431	1350.79886483711	1447.40852419192	2921.8862823836	1489.73206132914	1387.47950538992	2261.22414303366	1558.67946283919	2121.07254839749	2180.16810767349	1842.11496250791	2045.65524351617	1903.6928326153	2193.24363620571	1786.21077335036	1849.98178259241	2749.23614973568	1627.37989136085	2858.50057824435	1919.41038933455	2336.62072859724	1583.73613451326	2164.12380310196	2255.10766836338	1079.88900932385	1095.16307589244	1552.0278462066	1903.06921461758	2380.53671615332	1037.70703005927	1643.92378845857	2956.47323327602	2080.58799266383	1665.85344002014	1922.96872739629	1508.66032654632	1607.66627236413	2150.34615979896	1862.99879826196	2036.18950741436	1961.20654814327	1778.34907055117	2029.13096073877	1343.06044558119	2799.81248480095	1167.70723384578	1417.25488074056	1167.57997356562	1432.81212205838	2220.13281014781	1821.75696874534	1852.8698002426	2432.8427644632	2132.26112758711	1731.34076114541	2642.64300980071	1759.92818304592	2511.31527296614	1349.88405196592	1545.72171471866	1633.09255102698	1293.74812577477	1079.46950724757	2891.86951134657	2662.46472594638	1390.09694518128	1835.55347275561	1965.40912850948	1600.86474928852	2490.22339005742	2127.065761595	2179.64284875395	1411.25966940978	1784.96833093493	2493.49183007751	1817.47436485655	1937.62407180423	1828.99020616013	2760.53049709941	1832.63934583477	1899.3321368454	1686.13573873633	1950.61754177249	1875.79952525054	1591.98826218938	2245.86821222895	1309.42865417211	1704.76116866189	1953.1044537647	1463.97524981647	2918.11530835217	2636.96747502265	2145.22609204438	1497.13620058726	1705.19137048581	1784.57048095342	2185.82284768689	1899.16286878711	1318.89097517414	1985.80255252645	1924.65644073524	1850.17654612745	1693.32240788584	2134.06603522604	1693.15986399431	1732.59310286848	2206.35618607111	2617.40471607509	2062.37130110508	1856.67246586291	1358.01195577371	2166.494115911	2261.00059749313	1594.33623144509	1777.53530885046	3127.69268073915	1603.38109639752	2993.41717875552	2370.70725708686	1388.43298618069	834.459302679227	2393.53261497993	2125.18492704521	1922.09447413811	1291.50641891601	1637.67849007598	1737.88913261282	1368.87437267786	1737.36669596755	1637.89204039198	2106.49209371369	2016.18606598352	3239.11662785675	1407.88093914373	2054.89649490939	2111.16605545354	2251.83476104372	1678.74898423293	1760.47511187541	1851.97746240836	3186.22239691808	1308.28592732798	2869.91183397787	2822.56993893286	1426.47782259383	2640.81032753821	1905.24755167904	2247.16773204053	2536.73242559441	1531.24810590015	2447.60451219988	2247.12197734507	1294.21986589926	1984.54529255337	1069.131022132	2486.12309186306	2090.30377342984	2659.99256332764	1647.37751231309	1986.73369064901	2366.89892722218	1710.41113189936	2216.68305917166	1744.33891902139	1532.41903142811	2391.4110439906	1373.1087697791	2768.47535176422	1654.68680558525	2924.7161227944	2394.60477867374	3240.31044414439	1893.40868340324	2343.01769077435	2580.67240874202	1514.6915031299	2173.65239828804	1441.2418304561	1968.52236819436	2054.1877627091	2206.005693357	2112.05275450371	1814.80105130334	2434.23351833111	3278.35894614152	2845.18422217592	1182.23691117935	1737.32852212281	1580.79407337072	1585.57725545397	2534.70561707164	2960.83398597828	1609.56342423078	2403.35665325111	2555.70738758571	1704.45848444115	1502.13834235382	2159.63030434996	1446.04428273335	2743.39878426825	1543.71999870881	2827.25645579306	1847.80206339977	2466.30205268778	2608.33578534264	1783.17915433555	2362.79592824565	1758.49578743168	2371.02700702238	2029.63921723022	1727.81993433702	1784.73908561124	1599.44390633095	2273.23298377504	2267.59666048544	3045.00383895837	2405.66453249138	1630.82567851375	1534.8969839578	2045.17894952984	2799.49676782879	2435.25064715741	2595.1821423065	2789.34879903099	1766.85826157546	2321.50830301248	1478.26794444598	2392.2446623447	2295.11218779426	2451.19410621548	2118.48335666041	2420.81325120791	1507.49238411786	1685.28507952179	2894.51219466287	2733.35597421329	2046.96320821558	2184.1436298266	1674.81507012456	1981.13853930807	1810.65740248707	1628.96604177121	2603.02308203847	2361.42671676473	1454.45608882968	2426.80653990354	2495.25259138446	2049.13863511077	2686.10001552783	1607.67228164058	1501.49672578736	2115.84081733677	1955.80495156895	2624.44732434748	1637.80044704391	1487.53210790983	1841.58652339345	2751.77873155875	1708.33613699517	1705.44941461005	2618.31061763743	1838.64623636691	1565.47639761159	2460.63354224146	1862.764391671	2220.33548060651	2111.6981906723	1979.29119893146	1487.64738315799	3571.9998674198	1957.85801905054	2497.86623157251	2483.88777255185	2841.46737912363	2389.49393389764	1478.55360816259	1660.10516316354	1752.0877463197	2256.372758969	1712.38696616838	2136.65729899731	1902.4341552778	1739.47516264838	1881.05601947454	2019.1616800535	1152.0040880538	2478.54726172705	2740.63767542479	1930.43165669536	2419.01712593073	2437.58740197974	1992.3585287477	2731.70785623625	2117.86009668628	2137.74851473858	1921.88758721751	2441.82283033211	1634.46376457463	1725.99476880159	1821.93325650137	1975.9380442557	2196.45734315308	2570.28765781061	1436.85963748045	2186.36753427659	1531.17523544819	993.400808068833	2312.39340383851	2622.67479643866	1994.5474557324	1734.87651731613	2489.02069195569	1591.85161449007	1546.21304816735	973.869137846136	2544.09655950617	1562.70595180591	1777.58057439528	1208.53851910994	2438.53477327296	2160.64236767735	2674.3502203391	2414.90744835052	2338.30560295498	1819.18642328486	2408.86755756997	1778.33498138754	1680.90389662626	3002.03738685061	1834.64910621645	2302.69273701473	2224.46721734251	2123.71592659038	2935.50934425966	1919.38034103321	1922.53341492089	1482.72155489417	2100.21796891978	1288.30342896379	2717.63112646438	2161.80416178944	2209.16151813735	1671.95531911112	1488.16505074245	2376.3269831169	2508.54522217525	2906.94541912214	1219.31540064405	1451.0227181961	2411.32864331003	1906.38864182785	1625.08137699522	2299.76770032838	2642.50856505336	1884.90857518599	2685.94827347856	2027.04468795085	2014.67402503887	1645.43317680764	1712.69582598599	2353.0832558869	1361.8309123023	1613.47190726314	1579.85873815639	1656.5299263192	1840.27858463884	1891.85440970388	1202.99775326211	2000.00471812303	2710.41218476535	2731.07861747664	3052.73665145073	2102.05165538178	2337.68305031883	1586.01245205513	1969.69220848918	1983.23876850128	2005.9360931956	1747.47482677044	1605.42053770488	2236.73115982104	1502.37465478593	1942.57888872291	2075.04421933854	2590.05687479859	3716.74263697456	1520.31581118304	1133.66314397983	1808.78813045664	2021.79938679604	1755.06585543122	1679.45754980042	1733.21111226469	1616.87224543016	2285.51638007899	1842.63106015799	1808.65920578959	1217.80487686722	1908.45329117932	2534.41390634561	1953.42403632501	1818.58189337722	1591.35952281902	1789.34332101971	3262.42516088421	1054.98013936005	1674.03986798886	2340.89221645561	1955.09019812509	2465.9649372743	1440.71035186206	1664.99590246439	1875.56302486404	2125.17708094831	1605.97515878687	1637.85222719951	1509.12527286137	2609.02223147127	2244.01477862472	2774.9266202418	2866.42835543163	2350.57511760788	1355.96888521878	1642.44923149858	2446.42454727199	1693.55585658054	1805.23839824029	1520.06764361166	1507.96252424131	1330.46394396614	1643.82370472704	1185.37875994831	1922.76093698067	2039.0961508207	1844.37403311492	1619.8936622934	2131.85383059132	1877.34695891765	2021.93111405451	1619.95844872308	2330.83815446251	2416.08997561557	2289.96412092932	1848.04528692861	2067.16076471026	2510.4213332308	1464.84307496307	2050.43553767212	2576.08622832626	2188.03326586874	1699.01228898072	2504.25162113891	1546.34849920339	1358.36716653042	1912.82156014704	2115.23064955404	1934.44421855376	1651.40408969256	2701.03443075766	1507.41507699576	1981.90032529451	1591.12590645788	1445.95535964961	1655.37627450004	2057.91777027009	1366.19608100193	2295.46916679711	2224.46172043269	2371.1826714691	1846.09467481976	1341.39131230737	1818.97060850107	1692.12926938883	1126.99710255341	1704.85887265806	1501.90377759935	2131.85243672245	2316.42762183006	1688.83449867781	2557.19017886355	1564.05050610938	1921.26749521285	1619.52035756302	2745.98517457548	1454.37676861118	1573.41411308073	1683.83942562997	1397.42734157239
2024.68952892142	1790.87661879651	2159.42538538355	2299.10628676286	2764.47661727918	1900.56575712018	1714.80448332221	3016.35756494007	2308.6002263165	2188.9251532834	1853.61698670932	1644.82727856131	1661.80700477232	2000.64765102169	1912.12609532385	1417.10399933517	2032.47733464379	2443.2485248485	2625.41241192436	1607.85730063652	2553.98997971115	2101.65665796166	1961.71255950446	2715.9260677227	2279.38154395106	1274.98591413106	1568.7649000446	2449.2939893541	2530.82833574372	1593.87644483858	2395.59207737832	1803.49226251753	2550.96436617596	2617.96014177589	1984.26717077063	1501.75230137334	3131.23885488658	2037.83245064484	1835.91414148525	1434.1367894087	2332.5541506855	1383.53815894	2819.28492043328	2763.95562748458	1123.56380467258	1637.0863166344	2806.47796570138	1607.53580111104	2203.70363891737	1501.84081011125	1543.77218900801	2061.06370420701	2738.53647013163	2110.38348577138	2384.40866058217	2128.37855261863	1358.27506215985	2459.97101151772	2935.62637186836	2734.34362766862	1511.08538429793	1731.2473432428	2174.91065319016	1577.80244731363	3144.55505613366	2038.31184357262	1765.78807510892	2117.24618919036	1415.62171542526	2366.09916007922	2364.32416771859	2045.31519483064	2569.29432798548	2588.14684650176	2657.00999402996	2014.65293498676	1362.52586538633	3180.2289116507	2189.89695307778	2453.3724487112	2570.67227902494	1795.18861511449	1342.77895952221	1696.58012217442	2061.62667097484	3188.44759980575	2871.99849235837	2283.72133024674	1032.04597922974	2281.56725261946	2527.54027115014	2146.95787224626	2243.57617453251	2378.52727623497	3273.53718815877	2043.332425241	2053.94198079029	3040.40429514196	1607.24158394456	2566.01679465858	1399.58270328345	2269.36012734298	2484.3426293171	1795.05793070264	2134.18588103355	1444.51917805232	2584.11458788501	2301.59448057342	2642.20744791895	2388.4751460959	1887.19836748008	2167.30268448935	2143.67897260587	2258.42711237666	1781.87689662055	1893.39172528505	1857.27852433759	2342.93158102066	2678.38397154273	1661.2229300038	1785.5883770752	1465.27623514818	3130.59538914035	1776.50309372838	2373.1307212763	1315.98904203296	2487.10842716293	2161.84848536056	2553.42384784069	2250.14679672859	2104.25404163697	1640.7481582485	1908.46142993643	1470.24232035193	1533.90742435241	2406.63216535122	2632.89320003685	1733.69351663478	1851.4278209501	2501.00035577829	1988.51598137563	2897.09931664284	2011.5572790112	1294.66243993147	2331.39630325622	1472.19113691465	1271.34352647296	1191.48643684205	1386.55917498108	2126.48069674204	2057.60830759224	1505.01344989964	1723.80655471565	2238.29678478381	2375.9171746578	2304.44239720535	1898.27009735	1645.23656713611	1952.98793807743	2229.07838468717	1747.08772571136	1779.25218844195	2457.48595154462	2350.64509003857	2126.16894271554	2045.76188483421	1485.55450762645	2027.17063386898	2836.11370360467	1413.72265466551	1960.34259047141	2527.70207882082	3054.20405463425	1578.55597504961	2871.0126584818	1568.69053603806	2609.12806859426	2114.30912353479	3317.60721919576	1604.95796265082	1941.69162229236	2509.76725624068	2424.01919163611	1156.72676478419	2571.81561877701	1116.77021340683	2189.65091236193	2332.74911935095	2484.89841975061	1541.69069573015	2031.21062165065	2056.305187557	2447.19407188635	2182.25807608372	1347.61265270395	2302.02415282378	1846.88835948571	1680.88947702095	2174.64915457131	1258.99596237468	2408.33127780452	2470.95612222296	1749.04883009008	2425.55479819076	1351.22849273833	1641.1135067536	3050.68254207898	2351.68850274267	2576.26562394473	1719.78180103045	2082.47036646133	2277.89021051459	2455.16645877237	1308.16497983516	1931.3021752502	1805.90447656559	1628.35037096739	1609.56790143679	1799.04504787497	2311.48628933176	2706.76759133834	2211.86966820476	1967.03175683546	2234.01627981712	1783.08173280272	2282.1194486256	1524.98084114704	2772.60058438807	1637.2994209875	3008.57219860434	2186.87947845725	2378.39652439297	1511.05295133887	2544.71299191228	1937.18601894479	2415.89936950087	2513.10139817113	2421.97534031588	2649.04581557736	2738.99264608083	1731.73983745078	2610.16822481016	2310.76139619921	2428.40143750198	1761.37656707056	2860.37080778185	1889.5024303109	1395.07742543356	2041.58560858161	1928.42206477434	2006.98832796655	2864.53025704853	2574.14331704036	1442.24964930607	2347.97739472649	1399.41382049672	1840.07709399172	1971.79255123983	2788.80515632744	2500.64634772919	1909.4109965144	1841.81297713192	3373.49537101554	1321.10373932633	1599.3005115316	1717.72778466277	3254.56272746008	2749.99484261751	1842.61311127181	2028.52980304419	2594.37071760773	2199.79122564156	2463.65877975338	1915.95930323279	2536.38846706009	2431.87665112005	1466.07265641498	1623.33952991998	1934.1778829225	2064.61880700962	1680.01948246192	836.015350242018	2055.61662018404	1993.78938399577	1657.03378306709	2681.18940969957	1934.95146516336	1838.04189676331	2177.6544525985	1821.29569015003	1516.12183888475	2480.38060733796	2521.923770781	2221.51048159348	1543.9937479367	2358.69493955087	1572.73114844585	2038.55486474407	2085.36570458848	2171.2142856532	1738.68131263801	2906.02371755558	2285.31271550309	1644.18358705997	1719.83025362297	3610.48605104148	1450.27722220408	1448.26308736075	2495.09074654032	1987.67128142234	2297.28829990718	3094.94015778494	1534.01062966678	1328.18326651491	2514.236828166	2685.14130692833	1801.06662796343	2674.49346400756	2968.31566983861	1732.34032854705	2488.71215947166	1579.11788328827	3196.72753289245	2593.13005419659	1573.89137483585	2205.41577409408	2984.07230381224	2351.21732335019	2480.09804697564	1920.38655681059	2502.75527536514	3018.76017313602	1500.3050933031	1558.89107902294	2047.02624925362	2390.71769730835	2208.44972800592	1474.74188868626	1455.28531721863	2098.43862704057	1561.59373431675	2013.04597489088	1175.57707282928	1341.02094922416	1535.53337138435	2204.49055058364	2401.05854282331	1807.71285080949	2027.91815638654	3053.72051351933	1699.61515494613	2191.40908136659	1916.63248044806	2090.73390881049	2841.00533868692	2096.60700643455	2685.42682385999	2454.9076515648	1693.64013628524	1980.88322682163	2076.05868838889	1972.45179558092	2361.87911652112	3097.40213216146	1793.46453311504	1712.50335027848	1824.76484880926	1576.0998144952	2185.53411754259	2349.6144739215	1368.93964963814	1714.54446278085	2646.34262883601	2402.8245365282	2190.03817064021	2809.73057803315	2416.55113599846	1609.35667971458	1968.12721723809	2256.45928103823	3372.21205940853	2028.37518632697	2182.55639699463	1399.9107070025	2418.18163719867	2080.21561919534	2289.54804664016	1759.77731215415	1889.13199649054	1793.06239921608	1879.32338120584	1709.14960442823	1407.24122416617	2372.40061888992	1469.16749637776	1358.68795055491	1864.78401577235	1978.67307006261	2618.91376189533	3115.59890863287	1602.31928837445	1715.05150793808	1041.49290747431	1464.6730135194	2409.71992329368	1838.90133287184	2004.65492311868	2241.43445691792	1626.87199525628	1756.48189931885	1101.97896853259	2277.51019350708	1489.1989315224	2087.93399030209	1742.32876925934	2239.82008634452	1933.80847583767	2771.24650153073	1572.8688512863	1805.42113436638	1840.75016161967	2210.50692795612	1405.82757080892	1677.13409421802	2349.81672007715	2286.37416496108	2058.07122032798	2073.87571591742	1081.86646085806	2017.1698543401	2652.60182537853	1976.19412123541	1759.71410791036	2455.79118445438	2621.61500878732	2194.41279191967	2607.85248090238	3389.82199458266	1927.20962414748	1921.60705095361	1597.76166273942	1618.79186354173	2368.9578710138	2729.77913373501	2552.63430681321	2507.34175658669	1180.86170346058	2225.78996325776	1432.81805085405	2308.44564542548	2058.87512036742	3131.21037476045	1312.02089112593	1538.73139970989	1680.67086193568	2243.43644379101	1806.91046717806	2017.57558795813	2073.2139015474	1824.01707045371	2080.61494066257	3057.77698850489	1392.09935049338	2149.4527428183	1545.22215024209	2072.56299094051	1695.34718035114	1469.02153294179	2464.3080723692	2088.65328521235	1683.52174462181	1113.07748606902	2121.36622638132	2454.7883487559	1683.22466410652	1945.68263953203	1675.48235937575	1849.61125096912	1553.71053989827	2452.21951125515	1849.26816506629	1660.64758543088	1576.05968143325	2549.59580758926	1466.87328369884	1696.59334930952	1768.84019122471	2744.73301153567	2593.64486296645	1746.14256153475	1449.1643330922	2412.72449703948	1623.76388103108	2792.11230598418	2014.74903200792	1824.29131943855	2409.45205615617	2265.20853054783	2231.44885330052	1751.16755905278	1900.86226122081	1572.12735249397	1866.95495871728	2581.51456609163	1909.38694475963	2054.97495896226	1819.85880343818	2495.71999380606	2760.74439112302	2491.15551966629	2289.22607334751	2007.75062228232	2202.0913198974	2100.91991982662	1381.36078946167	1450.70163195053	3090.53227966192	1527.57873587311	1419.13365688411	2277.22441591445	1770.51245218414	2437.73288823415	2193.5591574019	1892.87854593128	2063.6726997902	2110.45985466215	2244.83221562628	1844.57826783955	1974.21055475447	2763.53904685754	2022.96852366178	2875.19917218431	1949.77275985819	2521.83991326464	1643.48343794625	2205.54343165764	2255.10766836338	1191.1000197603	1152.38878327259	1836.97466458751	2341.6395371565	2540.91064880234	1239.4730236568	1825.05969082016	3000.63766911885	2238.97111246975	1716.95367357441	2046.61963245383	1890.87172459267	1625.07302644655	2274.43280448109	1906.71225131309	2080.30290051843	2145.85861123114	1920.79422959662	2163.15260506817	1353.18328249821	3173.68549968202	1167.70723384578	1535.33917003132	1233.24901830443	1504.37448046631	2227.23630700136	2152.89290899607	1859.52770259328	2473.10324059424	2190.4948614219	1777.89048643914	2667.90191410025	1853.66201086997	2616.27784650611	1349.88405196592	1643.75726140977	1633.09255102698	1372.44613747675	1300.27442674996	2922.04978718528	2701.07518625731	1470.05191527698	1949.1741806428	1992.75413751324	1607.81051019909	2526.41186723498	2210.0262685385	2345.97178068085	1515.87094068958	1789.43185455673	2586.66519720464	1916.99404850307	2035.90812906715	1828.99020616013	2914.71385199019	1834.72877211134	2050.56729101168	1814.22170615389	1951.49831467637	2011.98107808363	1604.44153236405	2301.24537891193	1439.43085264389	1779.47405979279	2438.95650555648	1498.02615429372	2920.73715354852	2677.12206527409	2227.09346785898	1521.70173277331	1829.59679538842	1862.95363280416	2244.68638037291	2107.54957468954	1326.17438749983	2131.83114367212	1930.92062354672	1850.17654612745	1918.66017627356	2136.13603478195	1734.61999833633	1752.13348035974	2269.25162454725	2619.1422842618	2105.81933319205	1936.33515485274	1359.28278110171	2464.12645579109	2263.47074152754	1724.12391504195	1777.53530885046	3127.69268073915	1727.83734571531	3056.56091565564	2508.66754643785	1509.20928432978	1121.59013958947	2429.32675605599	2255.03347070539	1982.2165704579	1332.58274049605	1704.47685699321	1820.16486798345	1474.12385261976	1962.21714131528	1711.77295575452	2108.8646969856	2016.18606598352	3420.14662822556	1433.99147789308	2203.36508069105	2111.16605545354	2344.83448288622	1768.89019364285	1762.32569602534	1911.35173614943	3276.76845402916	1454.98801035414	2870.17176710228	2965.43989601663	1548.03826402351	2728.00079418396	1915.30188994286	2252.45435478447	2557.82060105922	1683.22897654674	2481.45442233244	2265.28209787418	1304.0729369829	2012.5840116776	1141.9189767804	2517.06718178426	2256.19922087441	2694.38907199896	1659.48757388613	1986.73369064901	2366.89892722218	1873.81785166273	2430.64494678798	1768.404454444	1599.6783904215	2421.10334548014	1388.26339387909	2845.08693939181	1696.90592639508	2924.7161227944	2518.17025502596	3258.92267685166	2039.26555587123	2343.01769077435	2580.67240874202	1514.6915031299	2244.40922211671	1466.13150973469	2036.72249737066	2080.35398501621	2376.2461502627	2112.05275450371	1814.80105130334	2564.59471137982	3303.75261338918	2935.30336659158	1215.90734234506	1805.66928316309	1944.49062122757	1746.61648447211	2626.84479520527	3003.02291736999	1766.70655107597	2566.93189253209	2639.63831843738	1751.13694574907	1537.87949443499	2314.31172699264	1464.14870127621	2817.05800342413	1590.14462036622	2827.99462714918	1848.60749030897	2466.30205268778	2620.44800762708	1914.75245012167	2523.39583554519	1838.45689697185	2445.08004359867	2048.55167280009	1738.11515639903	1784.73915362184	1952.91258194552	2411.96330228359	2422.85961069699	3482.41215665921	2424.25803523795	1630.82567851375	1688.65260663671	2180.20442957855	2863.71524836058	2526.46391572147	2721.33818553261	2840.01050862294	1925.7027379811	2458.40573165585	1518.63189297833	2609.72117549988	2305.7896439984	2518.26995318141	2330.52047180298	2626.85134528103	1570.74410278551	1812.48891994917	2894.51219466287	2733.35597421329	2149.35121441377	2211.02512792572	1698.96917174625	2033.94885835522	1888.33300678562	1720.44474500843	2725.25570215967	2455.65986927686	1476.07773488344	2691.9581734339	2560.50855420864	2199.38076329884	2741.72404351996	1607.67228164058	1636.02635783804	2124.65913231635	2040.82141941723	2670.24917760802	1699.8260117688	1590.08484074938	1841.58652339345	2760.1820350257	2016.57900142367	1816.03999718224	2776.78941780228	1853.94812061641	1610.82875407454	2505.99392595023	2010.20133664981	2319.79374381609	2180.79701998449	2195.53323712063	1580.95656435029	3588.05289823916	1964.23122870283	2529.71808755468	2590.7857403413	2842.53855840387	2468.76679739943	1500.0928977887	1712.64476075302	1963.96557423746	2414.64416451167	1712.38696616838	2190.49516274869	1937.6815378381	1750.39890832886	1926.78826042614	2086.41134247635	1204.2213854456	2710.15058921284	2742.6985698513	1979.95734304623	2590.07124149437	2525.94688017417	2017.12181709449	2731.70785623625	2242.87500540135	2312.10598003592	1954.15188943518	2480.81043722541	1779.09347771643	1800.26890532046	1835.55086858968	2177.82366603277	2365.67374818499	2570.28765781061	1470.29853522804	2186.36753427659	1531.17523544819	1215.55737084307	2450.00278450804	2762.08800816697	1994.5474557324	1898.66915165978	2565.7501299952	1721.83479745946	1547.46387005643	1221.26104036802	2550.25669714331	1573.85381318174	1903.12124745943	1250.39239363552	2643.20537559647	2170.46276605047	2674.3502203391	2424.94175937575	2457.5360949059	1904.8621392411	2530.2613852133	1814.2348838038	1829.10119949713	3091.69085733254	1979.10904345688	2302.69273701473	2261.37857639773	2128.85109431703	3047.69612932754	1989.04453699382	1926.34027693826	1594.5260666219	2327.70790887534	1297.31054179855	2907.76249254457	2347.18675167934	2212.97340093422	1711.18539850093	1649.64771228195	2436.23359813708	2858.6956992	2937.67898986823	1277.62836556285	1455.77183026908	2422.57076112606	2081.2346226597	1690.89287399119	2397.67573970059	2743.88738276954	1951.09336640639	2687.2116145056	2162.24939444037	2014.67402503887	1752.95573526216	1712.69582598599	2407.13302451336	1677.0695373716	1709.17573578702	1624.40320535695	1779.81681271128	1878.92834952584	1935.16517900491	1210.25456875863	2059.26681849746	2741.87548847869	2735.65368637121	3063.24373395939	2102.05165538178	2558.55166764895	1653.06532199239	1992.86850858988	2099.45188254504	2236.81467893047	1747.71171555363	1608.0705608265	2436.07426941639	1788.44280985437	2006.32751511936	2145.26202007688	2590.05687479859	3776.71274119108	1649.27176932408	1266.82701746049	1817.02693117335	2021.79938679604	1755.06585543122	1679.45754980042	1869.63747782238	1887.40632738553	2635.24519187065	1874.33109265403	1965.35759161669	1391.2459882655	1987.2967369689	2636.46427835737	2085.07359094403	1891.77861448306	1721.62752444684	1879.00878619323	3262.42516088421	1085.6799714029	1899.01581884007	2431.97453879583	2070.52039588376	2641.12043449784	1508.33910672087	1692.13368553616	2014.66871328727	2302.16582576545	1619.00476033716	1647.33524893301	1699.5661805187	2729.58330414097	2351.10769448216	2774.9266202418	2899.95538747597	2460.11383048404	1355.96888521878	1888.8805421265	2446.42454727199	1796.93641070433	1851.76742794644	1545.21575964281	1641.166647724	1396.20795407343	1643.82370472704	1228.20311268573	2196.90117656221	2255.32197819099	1909.4421837948	1743.81133326092	2147.48673935748	1907.96902659491	2141.21397323027	1629.4678001355	2354.91772549923	2466.05611590835	2315.25141213659	1848.04528692861	2067.16076471026	2550.09088456224	1509.71981343042	2086.15785472206	2576.08622832626	2248.90767461037	1738.05207161682	2523.31402578576	1546.34849920339	1592.90693208198	2175.09525029761	2139.97931811723	1998.27535061196	1821.31794336062	2701.03443075766	1614.89439919432	2219.82642176844	1725.95115945992	1456.73954556372	2174.09101525557	2103.52144874923	1510.06129860552	2358.48251736637	2247.1498429313	2371.1826714691	1850.04901978846	1405.66931113665	1885.80975028118	1860.84758625421	1206.36071200801	1827.06414399955	1626.40944081383	2153.36152187861	2516.03693903499	1847.25382195919	2738.10133372381	1564.05050610938	1987.05069189216	1769.90055799308	2775.37868002642	1653.89661130696	1669.39543282854	1780.46516052228	1494.90267819924
2024.69489331273	1830.60909525304	2164.70421875235	2762.37441600148	2764.47661727918	1913.16431272398	1714.80448332221	3051.06646326304	2644.84333763172	2231.0778739519	1853.61698670932	1686.40296496529	1846.36214478356	2298.31025232594	2027.83214553811	1417.49005968563	2123.96510844276	2593.20797819118	2625.41241192436	1679.54935746906	2561.73298990046	2232.18395857615	2024.73713504782	2717.17608919333	2279.38154395106	1363.98368303807	1845.9795514632	2492.77283788819	2615.23965716266	1720.26201258505	2588.07255782167	1968.4102496847	2698.04988987363	2630.9334177287	2217.35111308081	1547.59776354379	3131.23885488658	2185.72283366523	1835.91414148525	1800.50661697494	2506.61956883237	1448.31263709447	2862.61149045408	2907.99518922865	1458.29925190218	1760.16681510669	2886.68859995525	1794.36737051938	2382.41604579007	1602.81150805036	1573.75144198779	2454.42998676039	2850.53629849979	2173.89824622799	2601.95457493501	2290.19320908948	1482.0625857091	2459.97101151772	2938.14815277817	2745.45577853745	1513.19404301625	1839.53946427269	2175.7618166357	1732.17474054257	3169.53214260182	2186.29931908644	1845.52938594532	2381.94397140901	1556.64301075406	2492.247851128	2427.13841375054	2045.31519483064	2572.92652946046	2789.45552112301	2657.00999402996	2137.64961064529	1419.8474062555	3246.62356407006	2249.15117875555	2516.18949479355	2570.67227902494	1851.62516459484	1578.0083929198	1808.64282708786	2203.35050728034	3231.19238188253	2898.70736465505	2559.81945070284	1228.3892290645	2281.56725261946	2631.90133329855	2308.54733574321	2245.35231511874	2505.85417118225	3399.68814719798	2188.39588141991	2164.43172003972	3230.54843860873	1674.98576170086	2782.4530348105	1545.26904571346	2307.2736648634	2484.3426293171	1956.58465178627	2353.04947779448	1556.72855729891	2598.44972939843	2589.1616046145	2703.84538253792	2412.49649088448	2052.9763177358	2219.0442800268	2195.10294542295	2432.74521113533	1786.38403364425	1928.04828546442	1929.24075556657	2342.93158102066	2950.76226170983	1662.8340525188	1920.02591281789	1656.00224751919	3176.06561601991	1804.70720231934	2419.00514991733	1387.10174445705	2551.393492725	2262.80657763143	2554.94100014008	2285.50892977556	2104.25404163697	1640.7481582485	2048.72809462136	1565.51009680021	1565.93499317103	2406.63216535122	2741.2954500219	1814.99311208562	1988.85636948146	2501.00035577829	2041.69784456238	2897.09931664284	2257.01693659753	1294.66243993147	2505.78900808379	1684.76759643083	1271.34352647296	1191.48643684205	1386.55917498108	2127.98430453185	2267.94446136943	1571.75394415189	1944.86972887662	2287.21929686674	2593.85740428721	2304.44239720535	1898.27009735	1694.63822418913	1989.39100021513	2426.68065522942	1889.0462779538	1939.25821440288	2461.63994063195	2498.38349216901	2128.36862985751	2153.69334747195	1725.9465338945	2027.17063386898	2939.22106942576	1898.37006655721	2050.85279542549	2688.35612139444	3054.20405463425	1661.46393064862	2949.40036559615	1719.67793912988	2696.3687413827	2265.41948536386	3392.87882197939	1774.7695662259	1987.28893399862	2632.26374639809	2424.01919163611	1265.12817447336	2710.46795823853	1277.57378184815	2432.74204731819	2451.96411908719	2496.59331667934	1635.40755955821	2130.09766551536	2194.71226101805	2509.86571632868	2196.26534046929	1545.44811908678	2460.20043725003	2056.43891285208	1787.1420539434	2174.64915457131	1258.99596237468	2538.39683372907	2681.00501201239	1790.66606291211	2429.90382196482	1393.29256630849	1768.27167276833	3051.53498957082	2480.90211835838	2589.64813545306	1792.19478824953	2082.64290224437	2350.15268504147	2469.99645179082	1357.15713427554	1931.3021752502	1846.38798815431	1700.8158460786	1762.10345456768	1932.97612626309	2434.61794227508	2884.88563045078	2211.86966820476	2095.37698053	2289.75894893787	2055.99144211067	2392.13029843291	1625.76327300374	2772.60058438807	1692.73012072122	3026.16681613138	2198.19091507743	2555.36933611821	1561.23452087934	2790.70766436053	2007.58065396105	2450.72116490547	2593.67866770941	2421.97534031588	2649.69527995501	2919.73485466842	1731.73983745078	2610.16822481016	2498.43268346209	2500.13141557112	1874.7130285734	2901.12220689804	2050.99191125753	1622.54985555503	2132.57298648973	1973.57494025443	2020.25696166693	2905.24068849279	2655.47757878299	1442.64204868511	2470.65843896544	1626.09553854859	2045.998574547	2047.17893593348	2835.29175490958	2662.73651601143	1972.372487669	1905.60644672568	3495.09390884951	1386.51826048997	1599.3005115316	1717.72778466277	3261.42950978341	2749.99484261751	2076.32117042816	2189.4513790036	2706.30483511471	2370.7982778546	2473.21266509536	2161.93110879227	2586.5102954335	2589.33259803775	1731.82855145257	1930.72492235179	2101.72012025125	2075.17671112379	1739.99425023228	1197.86668159449	2090.89116252801	2067.45648099127	1820.76882024365	2722.00291085831	2044.04116988123	1985.15815532165	2533.81242386552	1844.84571520223	1551.75755260194	2537.04014116056	2664.02669842758	2313.70623670403	1899.75854762665	2379.12893489939	1572.73114844585	2079.76966028779	2148.08684869786	2282.11217529387	1875.94590366788	2906.02371755558	2563.48002262097	1812.38599203752	1889.18180744626	3625.23400308678	1476.36924088575	1466.78848877617	2574.20121739282	2067.79105829645	2340.32827907715	3432.61024085519	1734.04971772705	1441.66664235206	2591.04488935012	2685.14130692833	1963.93723361973	2674.49346400756	2968.31566983861	1732.34032854705	2635.11655217817	1600.71741510996	3451.31921880697	2593.13005419659	1646.57096945286	2205.41577409408	2985.38356688954	2522.48885142159	2480.09804697564	2053.16596506334	2502.82652122923	3051.24645001023	1528.56836744051	1632.61178254257	2181.84149756066	2473.2436251901	2288.03838503019	1629.78091455571	1644.27808164114	2127.53387366559	1654.38853349151	2185.99837216863	1202.9393969118	1461.45680136494	1759.27571447082	2229.4941770462	2548.52376645861	1946.05023620321	2027.91815638654	3182.16474076097	1727.13232624531	2191.40908136659	2080.31797834443	2122.33448911073	2841.00533868692	2111.6661434914	2685.42682385999	2454.9076515648	1785.05816760399	2069.36650579711	2396.29891921424	2030.71673617369	2381.15813116436	3113.88393926478	1882.98290113247	1721.2994572616	1902.91473119657	1737.81451590012	2237.19079257703	2387.59376525044	1368.93964963814	1878.77729704622	2646.34262883601	2421.23310857115	2332.63421384423	2974.48021168603	2619.80904301032	1657.16167755813	2013.07884480125	2397.22883433894	3380.47691062627	2031.88264338044	2182.55639699463	1612.35118096853	2423.77702646772	2213.53062376322	2407.99950402945	2112.63309181657	1992.73599923379	1793.06239921608	2036.01216644583	2096.49943776458	1578.57236600994	2373.10546490808	1488.95397101375	1561.88734403744	1972.12099035395	1978.67307006261	2634.71777754924	3172.5797089487	1767.40476275031	1911.08428536476	1280.7741620466	1617.30609685143	2614.93816289408	1857.12438566082	2427.16456627255	2279.10369908644	1807.0043256784	1887.63944362149	1308.29703261307	2295.360769191	1639.02176282744	2184.67877114666	1742.32876925934	2351.50752424326	2142.82242376529	2855.26413057002	1696.50913229223	2240.58863861432	1980.22982686727	2277.31470046859	1633.03463537382	2028.20740851066	2349.81672007715	2286.37416496108	2121.91117206683	2191.44848938496	1265.58764419178	2112.38838931357	2664.67975772724	2065.05077434543	1872.67341956724	2478.51001679523	2868.55642200566	2238.84266667699	2649.78427657456	3426.46210912065	1978.45556742825	1922.92745918978	1663.21358736987	1790.23456202013	2374.59114575586	2938.12631648078	2699.06808310984	2874.45972062861	1327.33552593451	2288.54408321477	1625.13282321188	2316.88607677221	2157.2824882553	3132.84904706027	1464.56273704553	1607.19221330392	2064.90850876938	2263.38903197071	1902.90187149122	2245.00579461747	2171.68435907433	1922.14054448156	2204.44032629094	3062.21624847143	1417.71096911345	2165.56901235399	1871.23879981267	2072.56299094051	1715.7622763595	1506.30092566848	2567.97514814742	2225.48472287284	1858.36595220163	1187.58455495791	2129.43199698892	2706.88183165238	1731.90829818095	2039.1544052648	1746.84371818248	1902.22444909375	1598.47212834941	2452.21951125515	1904.7683180011	1721.47495462157	1670.61032903095	2591.38811760145	1687.55286656106	1696.59334930952	1855.81724070901	2973.48330751768	2619.08017824626	1746.14256153475	1477.57974299898	2491.70002965018	1629.88393854377	2915.58496507124	2017.08396513062	2035.28617263922	2561.24711415957	2534.64581420941	2465.24790447548	1947.09306355914	1900.86226122081	1602.66938124828	2057.31134280613	2777.52778087395	2054.25971950886	2184.46908688969	2049.8613838725	2513.18502542931	2898.98963002809	2580.72241275696	2463.13354926642	2213.29190154389	2343.85924532954	2240.91871230788	1570.99936206887	1483.83756610834	3229.54477384145	1527.57873587311	1450.86391197575	2293.24988746375	1979.9550315829	2472.00670585867	2206.96912587429	2081.74351155276	2082.46833541732	2120.30065122955	2296.37162821206	2255.42200920089	2101.3876832902	2777.84688316574	2428.39868308929	2892.23657551269	1980.16639187175	2707.66322909777	1799.74486903064	2247.24039417894	2387.65460060261	1405.59064200481	1210.19486709789	2007.94716851867	2777.07718189753	2698.72924359732	1441.91567573834	2005.80696482994	3044.90993281812	2238.97111246975	1777.41850083889	2170.73340725285	2031.02840870052	1699.21090925081	2398.11175985176	1950.49247589067	2124.63442639167	2331.80489140514	2062.93259384604	2281.66413604392	1417.71690371889	3279.67924657636	1167.70723384578	1744.92546240363	1298.87722642178	1576.75147949396	2234.35711083434	2509.28278363019	1912.618850106	2505.27962624727	2198.37371000049	1824.38143840433	2693.14148195943	1947.69738064131	2730.49044823217	1349.88405196592	1774.1459115724	1808.24971568105	1453.64838687284	1680.92857196832	2952.1987426088	2752.65111258492	1549.65788245134	2071.91028050798	2020.35804262522	1614.83345307189	2565.48101548203	2250.67028145025	2511.41272297975	1620.03141060295	1793.95129764695	2679.68171451589	2158.54083267532	2133.20655947352	1851.01214819864	3188.0008444734	1836.81832560494	2107.056039826	1940.7163454522	1952.37915402309	2146.36423104094	1617.65418135524	2356.64083691471	1589.43603951472	1854.07532819407	2498.89036408914	1532.13911917507	2926.02265849459	2694.79879312828	2308.9606734252	1548.11702728398	1952.46438319919	1886.33225077111	2303.4206001423	2316.94933209494	1333.45663520876	2276.19808346877	1937.25106381626	1850.17654612745	2193.17703166891	2138.2438789469	1777.65073842448	1765.48612540022	2397.69589317542	2621.32287441123	2149.25275864807	2015.49849476965	1528.23620262887	2760.87775870716	2265.94121308365	1852.98987556055	1913.50989844828	3127.69268073915	1853.41878700127	3085.7705194213	2645.94818767636	1630.02991850027	1422.7643290661	2605.56568115654	2385.62141851753	2085.06802182767	1374.36960323202	1771.84831887034	1902.59631122523	1670.34104308519	2217.7035452273	1786.59717516873	2111.8104568809	2016.18606598352	3579.65107755193	1475.87442417238	2350.0802851933	2111.16605545354	2437.15029705292	1859.62012263825	1805.78413307153	1970.92202858886	3276.76845402916	2494.58619914796	3035.70469947082	3037.56833874494	1701.67234801926	2888.730914257	1915.30188994286	2257.74139934284	2557.82060105922	1833.37164398535	2503.18399559136	2348.55569084044	1314.00596871984	2089.70243993507	1216.82289838801	2548.13011457022	2298.5293165959	2694.38907199896	1739.14056287458	1986.73369064901	2398.26599281128	2036.83076608882	2645.55026982979	1793.94969500399	1635.85895831389	2508.45374283113	1548.90124283047	2921.71794476837	1967.3991665382	2924.7161227944	2639.98148573757	3258.92267685166	2188.84069210721	2343.01769077435	2580.67240874202	1514.6915031299	2315.14515901009	1518.58515096565	2103.53909719386	2106.54740612453	2572.79003814311	2112.05275450371	1814.80105130334	2695.56273022192	3329.39234815153	3024.85077306396	1319.08269298164	1874.56310061594	2037.15175604033	1908.93642584946	2658.18839405151	3045.19385886247	1944.35485046874	2846.57425127671	2671.99166413995	1797.94621493895	1573.63811963123	2468.86356111241	1484.58605391379	2819.90775840724	1617.04065065417	2874.58844406563	1849.41708039199	2466.30205268778	2623.67428703975	2260.31561739142	2684.14982574604	1935.86109318951	2519.26327552823	2067.45210545634	1748.41694066436	1784.73922163244	2308.2481707372	2550.97846390613	2575.79808865151	3798.85633141058	2602.80470608953	1630.82567851375	1842.7249954409	2313.44899986083	2863.71524836058	2617.55633281838	2847.12609188136	2884.94000157117	2083.41476982553	2594.71754374344	1549.13383738286	2672.78041624276	2316.53591974454	2668.24568516489	2396.32490189868	2837.9510339937	1663.42726401101	1940.27018499239	2894.51219466287	2733.35597421329	2250.80401281547	2406.67318229813	1723.32745330853	2086.71621223015	1966.66641981011	1899.35962283912	2787.91050677453	2552.05770211868	1498.04739346075	2957.95684634447	2625.8989447685	2698.07043800958	2797.97647022552	1851.31146717665	2084.48429684242	2124.65913231635	2126.14731732901	2707.07943027806	1762.04102784209	1692.73403048049	1841.58652339345	2768.61238786546	2309.57603042863	1926.99321353541	2935.37465066146	1899.99906739458	1653.83443555132	2550.52266820818	2156.0002080162	2419.54657545073	2259.14367093786	2388.38273187079	1870.43620290692	3604.09949229495	2135.48368885148	2561.60611900377	2697.52190680523	2843.60998106739	2586.45097313454	1524.65644091719	1732.28874697761	2020.78763430292	2574.06987730464	1712.38696616838	2190.49516274869	1975.50878844414	2042.85912877454	1994.10269935998	2154.74436123511	1257.03832449597	2710.15058921284	2744.76374794351	2029.70480917485	2761.63595865384	2583.24610202754	2135.94057781919	2731.70785623625	2338.86915355878	2487.11379095059	1986.41799784742	2519.79084986524	2011.97830676686	1874.8804807034	1904.40305313488	2379.90706891171	2535.03731314464	2616.58631206358	1531.52812960461	2186.36753427659	1531.17523544819	1438.57096340879	2587.62012139169	2899.41775442274	1994.5474557324	2207.31383358403	2645.20480052403	1915.07259958596	1647.15473518676	1350.62989600359	2556.41860917408	1585.0292633992	2028.33393416439	1324.55414401481	2815.30873780948	2232.93207208127	2788.61189929493	2434.97919311189	2576.90498067774	1950.46355605285	2543.38913336932	1923.25597584374	1975.59874332818	3098.30657285868	2121.58923297641	2302.69273701473	2298.49880934638	2133.99239662902	3159.46132648425	2059.0407901884	1930.14765684847	1685.76141984331	2556.25783188698	1350.14058064479	2970.71107875458	2531.15845704173	2216.7857020473	1768.23471382543	1808.82541178964	2496.08224821199	3214.53392778758	3013.88236251799	1337.53181239438	1460.58972890775	2433.84321370827	2181.30642109471	1757.01417104059	2677.92694583771	2844.13036037214	2270.79066184175	2728.77709184899	2162.24939444037	2014.67402503887	1921.50799914696	1712.69582598599	2461.71166022142	1849.53036740853	1734.87169507726	1669.02028388342	1901.79808763576	1917.6471492121	1975.36539631792	1217.50946078555	2118.54157829727	2744.36017201996	2740.22817711574	3073.80280297359	2102.05165538178	2778.75803131784	2001.70746243976	2062.40616191121	2474.90634224065	2376.52436644783	1749.16442578822	1610.72077440684	2635.04705582414	2089.7135696505	2100.01245986459	2216.39589879603	2590.05687479859	3789.5757141855	1777.2345718907	1438.98213637892	1825.31499973484	2156.86800171054	1860.23144937614	1679.45754980042	2004.15328704908	2164.28864230921	2794.7631777249	1926.49600000683	2120.33161212386	1564.81225324841	2066.39543684521	2738.20029146856	2215.32078353226	1956.49158492152	1851.71300611842	1968.91329053519	3262.42516088421	1116.54882147627	2125.13941069713	2523.14419351956	2239.87005045309	2813.67342501556	1600.32249633635	1719.25902960167	2152.00950527349	2476.13238429938	1632.93252031847	1656.82659331363	1889.47220850223	2738.70488339199	2458.63336086967	2774.9266202418	2915.57086703586	2494.73934144521	1562.77925463738	2133.84438430062	2504.30206067188	1907.18592405502	1908.59194561286	1571.82170462577	2084.71927552688	1462.03514842527	1643.82370472704	1270.95749564803	2472.99986387588	2470.70421432246	2084.70570954825	1867.54451241408	2163.12497918747	1938.6702764509	2155.00775799038	1639.03820714974	2378.98560443709	2476.26852936106	2340.50502104301	1848.04528692861	2067.16076471026	2598.60228788628	1509.71981343042	2278.55489265396	2576.08622832626	2309.6851928585	1870.6888548829	2542.45629810784	1546.34849920339	1828.09921166229	2441.29113102218	2164.72398577666	2062.04751413603	1989.2725472134	2701.03443075766	1860.91103620769	2235.3602951895	1923.21085408453	1574.13526264725	2915.8792753068	2103.52144874923	1652.33308702244	2430.94928408345	2247.1498429313	2371.1826714691	1854.06604772167	1550.441085303	2177.51290255453	2029.16465903653	1377.10347266301	1947.72806383599	1751.42343083595	2279.27386205866	2718.97356858133	2005.31768225578	2918.91282550963	1564.05050610938	2053.53003742224	1921.79309319095	2804.76999939781	1850.44683818594	1766.05493212351	1878.01305714872	1663.64632553725
2024.70025770405	2072.14219529115	2169.98398741361	3222.07789187278	2764.47661727918	1930.11879116663	1714.80448332221	3085.78577988366	2700.66385657075	2273.47937795049	2163.88146785773	1895.46498839894	2031.11755620779	2449.41305374929	2226.63804875252	1561.76744776366	2216.01987829893	2741.01698137098	2625.41241192436	1751.46453940549	2569.48001836791	2361.84825329972	2171.36107364877	2718.44593088052	2279.38154395106	1452.38998864898	2197.35765746756	2518.5177847995	2698.97736864544	1848.59437689215	2794.46886459511	2190.22773608155	2780.1028201117	2643.92366285463	2631.20886604985	1640.83198056048	3131.23885488658	2335.26166382643	1911.09290058075	2172.09906071435	2622.27727277324	1541.82642045034	2906.12214164145	3052.27026229697	1793.93720222029	1882.47175153065	2966.69967773744	1978.7105134613	2596.6661270946	1704.10767818263	1603.73576661469	2978.56894265235	2961.24591782962	2238.11560740471	2908.71299971375	2566.08287673596	1781.26269876046	2459.97101151772	2940.67484176099	2756.56584594685	1515.59630454224	1949.58245720679	2176.61374190226	1884.16040677601	3194.49464140605	2332.12801723867	1925.16728113167	2542.68020563434	1696.10867441173	2617.0929970308	2490.78613353616	2045.31519483064	2576.72745703424	2949.1261129481	2657.00999402996	2260.25442304358	1477.31297854442	3304.6550694782	2309.01497097346	2579.09286816959	2570.67227902494	1987.83898329943	1600.29608029751	1994.98528269425	2344.60806861539	3231.19238188253	2925.4039778704	2797.02336923364	1427.35736977222	2281.56725261946	2735.8105403093	2470.73684297596	2247.14751888391	2524.92597133262	3525.97146925848	2335.63404786237	2273.67016418017	3250.74117599506	1820.81983650489	2998.73174257503	1692.00776659877	2345.17928798388	2484.3426293171	2115.68426388423	2574.76962978855	1732.07526405156	2612.82871060362	2589.53978015967	2765.58122999078	2421.98649974057	2217.99564285103	2239.5419662296	2208.9881147114	2605.27813311907	1790.89162644301	1963.04764859085	2098.31557329587	2342.93158102066	3221.96645911384	1664.46242900426	2053.40797426182	1829.6068113713	3221.50132483227	1891.9249753659	2502.97716712587	1611.65884838914	2615.6989523634	2363.85229268753	2556.45814627232	2320.90085114958	2104.25404163697	1822.45114326085	2188.60130131639	1656.28454979437	1598.08505233191	2406.63216535122	2779.1071488449	1896.53530293951	2124.52552432583	2501.00035577829	2108.97767679892	2897.09931664284	2502.68718973253	1294.66243993147	2679.88546513689	1903.75543300144	1322.04062154005	1311.87711411107	1386.55917498108	2129.49373667738	2474.59215274151	1612.1094882305	1944.86972887662	2313.63491523797	2813.75899706757	2304.44239720535	1898.27009735	1770.22270772978	2025.89778926461	2630.58108127593	2029.10624597387	2099.25049679528	2465.79334667393	2646.4086898574	2304.05258706288	2260.33594003164	1793.37943118156	2027.17063386898	3040.90709839967	2156.2648072975	2141.61533513874	2861.86982686509	3054.20405463425	1752.40363071086	3022.60395381976	1966.75979363556	2784.00155009177	2395.2142793241	3409.70360573338	1942.1184389432	2017.98887297416	2754.62610435513	2424.01919163611	1413.32518402582	2735.33114155221	1511.65336812661	2674.07816444651	2569.83400821759	2508.32299059246	1730.55049663704	2229.32728305018	2347.51450042458	2568.85421177354	2251.62159344193	1740.10378656666	2764.34145306544	2268.63274681157	1838.64643002758	2497.27542136757	1264.79164604823	2657.86020649279	2896.26931735456	1832.46703749868	2434.33540440021	1467.77794772309	1895.49060334881	3052.38742099685	3017.98355217344	2603.09845427385	1864.75103249301	2104.19529699116	2364.00601842399	2484.94085762117	1406.23129574329	1931.3021752502	1886.9117468431	1861.31363178652	1915.7767298303	1932.97612626309	2557.71868857238	3062.59878374932	2327.59217798988	2222.10444533741	2392.06668149779	2549.78040416957	2500.87607581545	1791.37833903169	2772.60058438807	1792.85827727811	3043.79310337639	2214.06650250375	2617.77588342368	1611.40430362846	3014.8970017053	2007.58065396105	2485.64486413034	2674.16059612709	2421.97534031588	2651.12782487271	3098.13551620724	1731.73983745078	2610.16822481016	2527.16443481495	2571.69093512947	2000.87669037092	2941.85586849973	2158.5795108104	1875.54817489258	2223.27611868631	2000.89521471984	2043.37125477521	2945.93965116203	2737.44418259749	1517.06570396851	2585.62893711585	1848.66161625861	2248.24065415422	2123.06548963351	2881.97275787625	3175.6319199277	2165.8767083936	1969.1892002429	3616.25262458354	1452.62358829457	1603.493704126	1717.72778466277	3268.34885303831	2749.99484261751	2495.30286482244	2349.60334203378	2817.86859847834	2541.71443933368	2581.54087944285	2403.53747805689	2637.01641661358	2643.46595336236	1995.71517805789	2237.72883599536	2266.85983942627	2092.61117036252	1801.47745379434	1407.70228423743	2126.2637407097	2067.45648099127	1984.68387997193	2762.85049442186	2152.3852837631	2130.23638070492	2894.82607242466	1875.90676919805	1587.45073831905	2620.62006803186	2664.02669842758	2439.71612660671	2251.68785044702	2466.89848498937	1572.73114844585	2121.01720225975	2210.46401791905	2392.82127923246	2011.81771398918	2976.20426721311	2563.92510272624	1979.08605762744	2057.98384071484	3625.23400308678	1560.58443850812	1485.3562058515	2653.39258816807	2149.18851501449	2383.61099959852	3642.91054923299	1930.89575505464	1555.72555909137	2785.85982757943	2685.14130692833	2126.45989081304	2674.49346400756	2970.90887276546	1732.34032854705	2781.60636292353	1622.3308720849	3649.01655269296	2699.43263196938	1848.02510918247	2205.41577409408	2986.69515286848	2693.61142260776	2480.09804697564	2097.48361285878	2502.89785407046	3083.94732884095	1557.16565089715	1653.29630774123	2279.41813347753	2558.32967098535	2368.07453458934	1783.13248670247	1830.09745086183	2156.87062297447	1747.12987970765	2357.48494172449	1202.9393969118	1635.82567783328	1979.2048669608	2239.94236755605	2695.42010019129	2086.5439045519	2027.91815638654	3207.13910825004	1748.99348237416	2191.40908136659	2263.96721519695	2374.54128089572	2841.00533868692	2180.83349234465	2685.42682385999	2454.9076515648	1876.7994852603	2131.05226600827	2719.20891235578	2030.71673617369	2395.88609852734	3130.36679622847	1973.67134381643	1750.77296447698	1982.77242093862	1900.4215935247	2299.89319108498	2425.55261395706	1368.93964963814	2040.63844896983	2646.34262883601	2439.63211661628	2476.1126613087	3129.03540650558	2716.69960627506	1710.72176149079	2061.48736373469	2537.40289246399	3388.73984434295	2035.42408772679	2531.26085788516	1831.23510390867	2429.45613142722	2284.22243311616	2526.55230820374	2468.96271165645	2096.36252480237	1793.06239921608	2190.49262925422	2483.16709797391	1747.53679928774	2373.81857119965	1508.79948960304	1761.79425155111	2084.61524259344	1978.67307006261	2650.89616621343	3229.31344938084	1934.25824845196	2103.89313711501	1516.47448830398	1768.12915265315	2817.0509570281	1875.46121565606	2857.37846367697	2303.56216755824	2076.9890894736	2001.43649757625	1472.04916976227	2313.30634895811	1786.77816165704	2284.54613966532	1742.32876925934	2463.08201628292	2349.00989147199	2939.06403762594	1819.65260668763	2693.67858228592	2118.64393597523	2349.01643448422	1920.00040627207	2050.85693550248	2349.81672007715	2286.37416496108	2240.65148841215	2270.08164080501	1314.01587698578	2190.22145659187	2676.76354799377	2355.09762534505	1985.37213873919	2607.3378033452	2897.19368556261	2353.44261796174	2652.34595057203	3464.81880458913	2029.65409408751	1924.25369868667	1730.16115928194	1959.42414608358	2399.00616854309	3144.4145726255	2701.93404824005	2925.8015138539	1436.29582693083	2405.51130689438	1814.68771432953	2325.33354889567	2256.79118785497	3134.48771602677	1635.31172793668	1675.81288732426	2423.19663222811	2283.34054871857	1999.43863850559	2471.47015672612	2269.1819585584	2075.20824112697	2204.44032629094	3066.65552761271	1502.05935001599	2178.26344288912	2209.56058254441	2072.56299094051	1735.51332028604	1657.07618360603	2671.54270429045	2225.48472287284	2033.98621418861	1263.81880997601	2141.69361722054	2957.56191333145	1795.05686985985	2110.76209848176	1913.46549685568	1954.95061937475	1645.6284454294	2452.21951125515	1964.29662039536	1857.82416319383	1845.69835357945	2684.7238527025	1908.62544716292	1696.59334930952	1945.60085735972	2983.15994853026	2628.8613540263	1746.14256153475	1505.94748725029	2570.86465499676	1636.01029245348	2947.40178296949	2051.50842751511	2290.39311056371	2712.64356310473	2688.58963454686	2698.21294882452	2144.24489920773	1900.86226122081	1602.66938124828	2247.9469608118	2971.89152732001	2201.14732026886	2312.29894550317	2276.15056177484	2537.24667070124	2950.0017073305	2643.75690560909	2636.89616963742	2234.04247851184	2489.48089486592	2380.06886134344	1762.12982233255	1596.45948703654	3301.50674813932	1627.68507567852	1482.66684022084	2309.30018254405	2186.40454149781	2506.28669466293	2285.09113523657	2379.58682478711	2102.01038563188	2215.76028733388	2347.85974059894	2363.81564179708	2262.41607791787	2792.15960672746	2640.39443543305	2909.60693677509	2010.59105419388	2826.05897675667	1957.06461387283	2312.79953083569	2679.35261132027	1622.78612366926	1268.46017602678	2025.41721753384	2875.75240248914	2853.89931185026	1644.71403734315	2186.12720920156	3086.51064264789	2238.97111246975	1873.35458793319	2295.23510849714	2065.34356347942	1895.86660853212	2521.33755755515	1994.33237329219	2169.17424698482	2518.80108971315	2204.71044678793	2299.1695906382	1548.21278006307	3279.67924657636	1265.62009463396	2027.8330713384	1364.44208791286	1674.01728748709	2241.49490342506	2850.72179030064	2183.6280606039	2505.59699023555	2206.28776882065	1870.69032572546	2719.43455089682	2042.02845446809	2844.38889363182	1349.88405196592	1905.154496565	2070.42748483425	1537.01275544628	2063.24189270438	2982.31618395523	2816.37985208147	1628.88842170048	2183.18487338549	2048.21131000983	1621.93258820307	2637.91057625239	2291.51906515934	2675.93031196019	1620.03141060295	1798.52629322288	2772.53589742954	2596.74912454083	2229.50105810673	2157.97275818109	3462.6293492001	2038.43915604489	2164.62793570475	2065.55695528744	1953.26005955511	2278.89132782735	1761.09216314574	2412.05240748646	1741.61029568132	1928.53732773807	2715.17872101952	1566.31235870457	3100.26008331836	2712.48361960643	2390.71055378945	1619.37849487524	2073.75839917022	1928.94869679893	2362.4182730546	2527.10328930166	1340.73769598851	2418.82588394568	1937.25106381626	1850.17654612745	2468.78739293757	2285.07343784484	2024.75621214268	2055.28281435459	2526.31381090182	2624.10104969156	2192.67112217524	2094.1458334643	1735.03035733505	3056.57751629852	2356.03707796717	1988.5870052326	2310.37126012997	3127.69268073915	1979.99599495958	3129.08710233127	2782.48627256702	1750.87046248954	1696.10037260077	2868.5350545065	2516.90604151795	2202.7650678437	1486.80043430719	1826.6440525005	1985.1673506644	1854.05749155427	2477.99092921265	1862.27460777468	2140.35911523116	2016.18606598352	3650.23168271094	1617.98826147094	2494.90529437597	2111.16605545354	2528.69797020109	1950.86150358121	1850.35848356678	2093.63387786836	3276.76845402916	2494.58619914796	3382.17667012559	3037.56833874494	1895.44498953203	3050.10553328084	1915.30188994286	2282.93898814747	2557.82060105922	1981.53561394146	2524.91217405226	2466.54272464879	1324.01679699695	2180.46837501254	1293.52026932504	2579.29905068336	2340.95962277683	2694.38907199896	1821.1109424185	1986.73369064901	2401.32012146116	2199.3513306301	2861.12735560858	1820.91301542497	1777.2692243423	2596.16607306328	1707.59648593967	2998.29997762881	2338.99899171675	2924.7161227944	2759.99253847972	3258.92267685166	2279.40237148242	2355.82464177791	2580.67240874202	1514.6915031299	2426.21190672807	1584.32034604206	2175.99129683072	2230.27121076556	2768.63555037617	2159.14292507346	1853.02393012015	2827.1093331896	3331.4885025768	3113.81534267657	1678.8392591283	1943.96489261955	2037.15175604033	1994.56308457156	2720.1389283868	3079.24984254442	2125.92711166612	3126.68861307898	2671.99166413995	1844.86316112173	1609.41397301379	2623.07151404159	1507.2417644715	2822.75785840606	1643.96547035885	3021.84917721577	2087.94072060896	2466.30205268778	2626.52438441487	2522.87987767998	2845.01967689744	2041.13777352877	2625.28040171943	2086.34006670718	1758.72521725998	1784.73928964305	2349.67214266198	2690.24728012452	2726.342702138	3829.15702399853	2781.08209865475	1703.89212325656	1996.42311161359	2444.86240014952	2863.71524836058	2708.5207517006	2971.51846583624	2884.94000157117	2239.66165940462	2730.39204496261	1580.49459052424	2681.73774351193	2356.01679796518	2818.662265023	2527.54935422111	2958.4770970917	1759.9203460381	2068.2247732247	2894.51219466287	2733.35597421329	2351.26042685838	2735.66123219872	1747.88297517291	2139.43738058247	2458.92909321108	2078.84821233368	2850.52604831955	2660.82135033846	1519.28954907829	3061.29831309888	2691.4171612003	3011.77925162789	2854.82355678105	2204.41375996171	2538.728597929	2307.86434035976	2314.58406349931	2710.65723721588	1824.42960984209	1795.47185829392	2141.09037499445	2777.06957473691	2487.73397236248	2038.30062477395	3041.05127043455	1997.50366269744	1684.6374558049	2597.53758087274	2300.04069207533	2519.56428244976	2414.43887917175	2407.5956352705	1870.43620290692	3620.13960799768	2303.79280903425	2593.52980794047	2804.05670284423	2844.68164689781	2822.61510301329	1552.04152468421	1746.73079596895	2049.52319094119	2726.76554577673	1797.21584402278	2190.49516274869	2013.42229193745	2504.10451892038	2061.87005698018	2223.98350809531	1310.39899263374	2710.15058921284	2746.83320022549	2067.43170099207	2909.75348158702	2640.50737563518	2405.59130811729	2731.70785623625	2342.06211497751	2662.64514596903	2076.43632185749	2670.52180356314	2227.16642633257	1949.79899440304	1973.40502675982	2582.1212021558	2704.46157536381	2756.84800751941	1593.63085441564	2242.70329187358	1537.58533397414	1660.3060291311	2725.22924956608	3034.58674294148	1994.5474557324	2356.87341219377	2730.16618513357	2110.10403618117	1814.76581542685	1534.78035451655	2563.09955524488	1611.14650717699	2153.19545993575	1447.95826165525	2914.09293771747	2298.22352436692	3033.07678185949	2445.01956563413	2696.38349994011	1993.22899053534	2555.92528096516	2033.58657569654	2120.31135018513	3104.92328030657	2262.03512115446	2302.69273701473	2335.80949434308	2139.13979854681	3270.79352743079	2129.35206615858	1954.19398097282	1744.45222808475	2785.60802111421	1416.28868623368	2990.78542591133	2713.67079586619	2220.59842020961	1826.40706131484	1965.62616164143	2555.86730903791	3214.53392778758	3123.19609089002	1398.83238460442	1590.76829687898	2502.08457817876	2282.1659991913	1823.42704683279	2867.96064874307	2943.21119405202	2587.96702871667	2778.83863050588	2162.24939444037	2014.67402503887	2053.26539087208	1712.69582598599	2516.79131996267	1986.27927607518	1764.96863270974	1713.70674190317	2022.43432499628	1956.81176320471	2322.62169965376	1267.79155134247	2177.81550280836	2746.84630930999	2766.83232890941	3084.41339252615	2102.05165538178	2998.19167737534	2350.00581586104	2147.59345264086	2846.90273557063	2474.60808170013	1750.94389220139	1613.37117795962	2833.47020299875	2400.9757659709	2193.59290516554	2288.38006106665	2590.05687479859	3807.96194567742	1904.01676162405	1608.29966614582	1833.65169459587	2364.66546498632	2048.44130748274	1734.45114420778	2136.71058669048	2446.10026272565	2806.59097813797	2053.77330734185	2273.44561738729	1738.45098317072	2066.39543684521	2839.52430637743	2344.12294759984	2008.86689183515	1981.59798110443	2059.01987548823	3262.42516088421	1297.28625576976	2352.1502950024	2614.38756989809	2411.25136430239	2983.35871603513	1863.70427218532	1746.3711183532	2287.52178186946	2646.93119519364	1687.72716290132	1689.01828487811	2078.00506648121	2747.82414818699	2566.57857924657	2840.36044544593	2924.03143804076	2740.85171483143	1809.82036541092	2294.29021623007	2556.2719379876	2309.02021315655	2059.31704543311	1599.78594493636	2565.484044464	1567.28446116417	1643.82370472704	1313.64101415417	2750.56677586269	2685.16315533442	2087.81330841188	1991.07863465659	2205.85958039635	1969.44857219223	2197.03254032364	1686.88652943295	2418.1684404224	2486.54195504556	2365.72472166819	1866.83886087034	2067.16076471026	2761.84326021169	1509.71981343042	2475.19562620873	2576.08622832626	2370.34536644127	1949.54089884666	2603.55360107284	1777.92415748983	2063.84850304592	2583.69183935977	2189.46431442198	2089.23000890217	2155.05604989639	2701.03443075766	2022.6939673281	2251.3571052859	2119.30231314336	1805.67094265391	2915.8792753068	2103.52144874923	1911.28834267028	2540.17719975585	2247.1498429313	2371.1826714691	1858.14528437106	1703.4194385373	2353.59120848572	2196.96919768449	1556.01291615088	2066.81299530134	1876.82988358524	2404.85224322104	2899.94106118178	2163.00418019211	3071.68825995292	1564.05050610938	2120.65631680941	2078.16258084756	2822.16684626583	2043.91427241	1863.29112999035	2024.09548224969	1834.43019899113
2024.70562209536	2269.29300882762	2182.37655978507	3234.81467526467	2764.47661727918	2007.53034454552	1714.80448332221	3120.5152380746	2700.66385657075	2316.09937377027	2470.99385428141	2018.79863317018	2215.8733679122	2602.53275933462	2421.75435862327	1774.04217468715	2308.60006947171	2886.58485465831	2625.41241192436	1823.59335169311	2577.23103456502	2490.62729301721	2317.64143723115	2719.73556480204	2279.38154395106	1540.19465131153	2537.24301797983	2544.3289973777	2782.01479666257	1978.6194780339	3003.80126158014	2409.82263008664	2780.1028201117	2656.93070051537	3039.90034895977	1734.49574093916	3155.39655967819	2486.26534002844	2227.77841684244	2547.06733626271	2625.38823802461	1662.76665329907	2949.81077489251	3144.18985489267	2129.65290197303	2003.81601395118	3046.49509163208	2160.3331371515	2721.64685205797	1805.72154103238	1645.81279898001	3180.46429983218	3070.62207424623	2412.23849330758	3210.85126621622	2864.00685202557	1983.29542126282	2459.97101151772	2943.20641140712	2756.56584594685	1650.84968149441	2111.93432645639	2177.46642814303	2033.69133970462	3342.0830414916	2475.73718778429	2005.52202228608	2632.63218175243	1833.82279674937	2740.43597482781	2723.48814702537	2069.64925878667	2580.69559689537	2992.27500442806	2657.00999402996	2382.44533009329	1589.33844018667	3309.4225583887	2369.45288975027	2642.0595193428	2582.92238402602	2122.74827849888	1603.58962060185	2178.17611270428	2485.37255824487	3231.19238188253	2952.08818116667	2810.7271039953	1627.85057111137	2281.56725261946	2839.18239465256	2633.04547345372	2248.96173925161	2631.43000611495	3652.36193989356	2484.77535257806	2381.62005769482	3275.66364276224	1990.32507026528	3082.71346936553	1860.93686241921	2383.07647554409	2494.79648393636	2272.28242149037	2623.1049415952	1955.73733063323	2627.25096480375	2589.91887899793	2827.370455388	2431.47203202989	2381.80403936471	2438.02330411312	2275.0839678305	2777.72076449114	1795.39966284633	1998.37530363714	2266.83526053307	2342.93158102066	3459.59821209807	1666.10800961357	2185.5649948585	1997.33657755562	3266.90185215422	2337.41412043146	2605.27697685375	1841.06954124377	2680.02320137336	2464.96623000131	2585.6263523737	2355.48562019302	2104.25404163697	2008.57396420663	2328.04585882412	1801.80103305949	1684.04572535588	2406.63216535122	2817.03613718626	2024.91203074993	2258.3879541324	2501.00035577829	2186.93284622768	2897.09931664284	2748.27819324235	1294.66243993147	2753.08135621866	1905.45036639991	1451.6416247511	1576.89140989793	1435.95122342858	2131.00898277697	2677.33533369202	1773.60944889109	1944.86972887662	2313.63491523797	3035.13984580007	2304.44239720535	1898.27009735	1864.5245645605	2062.70814128304	2833.0407041384	2167.21380632121	2099.25049679528	2469.94616173859	2748.59609425609	2621.01216860983	2365.66004316503	2036.42298499404	2071.93706890334	3141.12654636599	2199.10967487049	2189.74451175592	3027.81128188639	3054.20405463425	1844.68991164833	3095.93039840453	2318.16528626312	2872.0015545101	2494.34791255294	3426.51630568734	2106.89415449601	2025.5842469218	2876.84213379178	2424.01919163611	1833.42251088055	2761.03226818051	1741.43662888699	2913.53927426506	2686.29565960071	2508.32299059246	1826.92860015134	2328.87860051044	2499.65891599834	2613.83414574835	2962.88023143588	1931.45925706077	2968.37707357796	2483.09287369367	1872.23558536651	2599.29609356684	1312.25129201899	2776.84865240543	3115.90429025946	1874.44327404915	2438.84884869514	1584.26085376425	1974.69169488068	3120.98956320035	3100.22989872649	2616.61560528833	1937.4483422959	2319.19791519374	2365.81792223356	2499.99606169824	1455.38673615091	1931.3021752502	1915.07863929267	2022.78202756458	2070.4190674898	1932.97612626309	2680.76529873626	3239.22325135543	2571.13513231754	2347.1717102761	2408.06184264641	2843.95508761548	2608.33024046869	1954.65348891001	2772.60058438807	1943.57262197357	3048.82941006609	2276.43124049388	2681.38355955625	1661.55951998847	3026.09089062245	2007.58065396105	2583.0257199639	2754.52750741881	2421.97534031588	2651.12782487271	3273.93177905189	1858.7122139228	2610.16822481016	2555.86915145401	2643.06730908205	2000.87669037092	3069.04311741308	2215.74293690394	2125.89676621502	2313.67839560214	2015.25243501171	2061.84520833816	2986.6263054941	2819.99924132945	1664.65571012574	2730.47400136577	2066.89625963387	2446.57895904967	2199.41683401917	2928.84169677556	3261.8177028777	2371.84117050759	2032.55577201504	3736.95277175652	1660.94202240392	1681.91144741284	1781.98088278001	3275.31988364032	2749.99484261751	2916.45971716241	2508.92666601137	2929.04721726538	2712.48160917021	2689.96885829402	2639.77619118477	2687.89044522216	2986.30319847593	2257.18874003712	2355.89136401131	2429.40837298015	2122.48032571236	1864.33435737667	1633.49110487478	2161.72999605197	2067.45648099127	2122.76424317093	2803.72561893496	2260.43715665345	2273.21798374184	3257.90190541854	1955.13882458352	1623.19649928826	2741.16782926275	2664.02669842758	2569.31208320355	2452.19242751279	2488.15933937189	1718.99935280935	2162.29720522551	2337.80620178368	2503.24778260356	2146.15892725463	3118.87884158302	2564.37017207831	2143.93345673369	2225.67182633038	3625.23400308678	1880.81641280727	1520.26890306521	2724.35652837076	2231.75616713058	2598.73687612709	3642.91054923299	2124.42020245322	1670.284027174	2981.68554918218	2685.14130692833	2288.33115186327	2674.49346400756	2992.03854686542	1811.13285037586	2928.14407628389	1735.05372697759	3650.03324828874	2860.61647902535	2295.72643087253	2205.41577409408	2988.00706141372	2864.52018340871	2480.09804697564	2142.13826268898	2502.96927387797	3116.85744672049	1679.57527712509	2156.33742041358	2376.70213470467	2645.73124804639	2448.52875478677	1936.64348501309	2012.6294375424	2186.42994689913	1839.7736173767	2527.45984336876	1404.7811382229	1811.5179341477	2194.96776946425	2250.39566923066	2841.68518362333	2228.87695755925	2157.59496700848	3232.26839398713	1839.68480702041	2191.40908136659	2446.95378523273	2409.30167253959	2841.00533868692	2332.71787731845	2712.5195560488	2454.9076515648	1968.85739025268	2175.5156717164	2821.71535704149	2104.75092478126	2410.63628155583	3146.84979152426	2065.40125174622	1750.77296447698	2064.17554303799	2063.8412540994	2390.69099500262	2463.48974126018	1408.95566066203	2200.0403919713	2646.34262883601	2458.02084343754	2622.61660256532	3212.02572026197	2717.7453691058	1741.951448316	2113.14671687649	2676.75241927514	3397.00085494492	2167.40831370195	2950.45798651245	2046.04482946064	2434.68785535472	2288.13123628874	2645.19038812044	2826.91331432882	2176.73094289429	1822.97746350198	2342.69804230598	2566.04120875896	1913.98435125677	2424.51652396416	1528.7023181166	1958.20504357638	2201.59994299605	2107.25708708343	2667.44218324814	3285.79676391191	2100.51897508896	2293.24807947429	1748.18285784003	1917.01934659965	3015.74512122499	2017.06341670671	3051.40823069424	2335.18953231684	2346.10743229347	2115.21191313367	1500.8968538107	2331.34512805757	1932.40183491268	2387.20400683566	1742.32876925934	2537.33412236651	2552.00661681265	3022.63969824084	1942.19175693129	2835.00507699015	2255.75259973621	2420.84584666415	2208.16793466789	2142.78858672683	2349.81672007715	2286.37416496108	2321.07010222196	2278.75301414839	1457.44947449285	2269.45036315937	2688.85314643445	2674.39013099103	2097.80060793614	3321.25855916133	2897.19368556261	2538.74103837707	2654.91212313025	3504.83344694486	2080.79840880854	1927.05813690297	1872.72822370958	2126.13025240715	2423.70697532708	3348.56267810304	2707.61593122351	2935.83764044135	1600.65924949741	2522.38515357728	2001.21864225306	2346.41268002303	2357.30079958157	3136.1263805659	1803.41089721747	1744.5912382605	2428.12950306284	2303.28986293171	2096.48672008176	2696.89703990037	2365.67941657857	2227.88588255565	2303.46187528912	3071.09482502102	1628.07016976158	2181.6037779554	2556.0451298812	2303.87463565683	1755.27287748253	2158.69517699428	2775.00329889737	2225.48472287284	2195.78869967522	1361.34468029869	2153.98821809191	3206.39660298053	1896.84368924587	2139.58268046387	2271.60916478249	2007.7846976791	1694.99843242081	2452.21951125515	2027.51516813531	2083.66055183825	2021.03035222047	2803.07722962854	2130.00268468961	1780.65995224618	2037.55545687035	2989.51235902314	2751.59702268907	1865.46133883617	1714.90366839823	2650.20457425629	1682.84028589584	2986.0375197784	2107.13804237645	2747.85579038443	2863.61919995724	2702.32378775904	2930.26300432775	2339.90219552888	1900.86226122081	1602.66938124828	2259.4971112255	3066.36524772907	2272.57685492578	2438.42254686961	2498.42858901459	2548.1006259786	2951.8696464549	2696.91388677145	2810.47877881041	2254.87829619315	2638.45178388924	2518.3258261068	1952.86271918664	1709.70223760069	3373.12476131708	1837.33201078634	1514.53927466454	2325.37493474276	2389.41609172461	2540.57238630557	2403.46881162258	2678.32370525682	2106.19093267108	2678.62003413857	2468.62477639311	2363.81564179708	2426.1724157427	2806.47716631187	2812.07206413019	2980.34147793293	2133.19817072718	2880.88015798651	2115.20557011942	2382.77286088722	2940.00090115223	1841.66086129541	1327.08379019132	2043.49236855405	2906.07867292746	3006.32985021205	1847.66754544702	2365.98304837423	3119.11728636495	2238.97111246975	1971.46197293793	2420.06271443614	2099.66689409977	2092.37438056843	2644.07031845039	2101.8978512058	2213.91320261782	2706.65936314772	2239.17387894696	2316.69277276447	1679.02151399655	3279.67924657636	1368.11060611646	2316.23622718309	1429.92485878221	1783.16371294367	2292.17527880401	3176.21319924611	2461.08186602014	2505.91560185473	2434.13020218454	1941.60658544524	2753.06621999838	2136.6495363515	2957.93078139154	1426.11160905767	2247.20575948176	2330.82602194777	1719.96249814153	2446.66485341955	3012.40191677198	2880.51397424573	1707.72081486648	2318.65804268633	2081.205393873	1629.10693224502	2690.06017818804	2332.56490588775	2839.48952992507	1693.57204934799	1803.15647272567	2865.22223061244	3127.58466254151	2324.77316294238	2472.15841988548	3738.10911128479	2341.29219320119	2459.7493213386	2188.68575085973	2077.22858247205	2409.50673009885	1987.5787439177	2467.47803055686	1895.284284136	2002.83597787533	3038.46165364706	1600.54421400308	3142.63862646203	2730.17642150466	2472.24012896115	1767.65184140922	2193.44272358371	2087.0400580615	2421.66798617659	2737.81458025305	1497.16354911115	2559.64257172413	2053.20640166437	1964.10834624434	2744.67273745503	2431.67028877343	2303.76978317878	2405.33656484521	2655.08650864879	2626.88943324968	2236.07396726846	2241.04248735406	1941.69401724023	3351.05023451733	2471.76852171466	2192.42569300688	2707.01172159643	3127.69268073915	2099.0415961998	3129.08710233127	2918.22605677342	1871.7108569365	1973.55821725146	3133.42252625543	2648.85031636572	2322.18151941457	1732.00486754545	1826.6440525005	2114.50237767072	1862.09258602312	2742.26742179958	1941.4180585298	2169.12759169981	2016.18606598352	3721.44396782899	1758.04222610456	2699.40609790213	2278.86304839938	2619.40266796978	2060.77463397152	2178.5785084847	2302.88087094129	3276.76845402916	2494.58619914796	3453.77362232563	3037.56833874494	2085.87031784723	3212.09261218181	1915.30188994286	2290.55990271047	2603.8744678725	2127.60296270655	2546.6388882785	2585.46576084217	1445.63803162252	2309.96227241045	1519.60817356448	2585.09286363863	2383.48710949859	2694.38907199896	1947.79514972437	1986.73369064901	2442.87806825516	2361.29924508705	2976.5966124203	1849.23299019657	2039.76532482059	2684.21308587739	1864.24561901024	3074.52446868224	2615.30783152825	2924.7161227944	2878.15780828733	3258.92267685166	2609.54211084549	2355.82464177791	2580.67240874202	1514.6915031299	2592.61870215034	1655.51468009398	2248.69104047195	2377.51354462195	2963.72909514331	2330.11968115718	1894.96705865447	2884.50816062992	3331.4885025768	3202.18599508232	2041.51409445632	2082.8989585397	2037.15175604033	2036.80066910541	2782.22480023698	3079.24984254442	2309.46133148151	3407.06258198825	2671.99166413995	1912.06303345075	1650.12713997097	2776.76170315941	1664.37420622749	2825.60830234707	1671.33740421431	3279.30654124037	2384.00736267933	2772.92306007624	2629.42669356358	2569.33854749061	3005.96963472948	2167.83239878076	2747.12624375961	2105.2151214792	1769.03991772697	2015.69002590289	2349.67214266198	2791.36952436705	2874.42287307184	3859.55301762502	2959.03048220199	1889.08978990352	2149.23861243927	2574.39461057688	2863.71524836058	2799.35033764848	3065.65568690001	2884.94000157117	2394.18172261429	2865.38314016671	1684.45448293217	2690.69244717638	2798.55815237947	2969.47288681857	2620.73630148895	3024.21158282346	1856.31171663186	2196.03628595103	2894.51219466287	2815.5536876055	2450.66576374871	3063.9123212703	1772.62910450991	2192.10936021327	3445.71288204953	2257.87122606355	2913.10087375254	2770.50731572802	1633.66922795872	3082.54702880297	2757.05704809932	3019.84172195724	2912.23373441636	2563.66459773309	2995.6940037377	2603.41827469408	2493.91691865942	2714.3261809128	1886.977758342	1898.29093187061	2490.26080486572	2850.74289589799	2520.44562946937	2127.83093454076	3041.05127043455	2095.54070694341	1729.59762200018	2784.04359653319	2442.21805174132	2619.8206967445	2569.85292529334	2426.84606342485	1870.43620290692	3636.17320387154	2469.06091944281	2737.77722987237	2910.3547848651	2845.75355567913	3060.35984716345	1621.96856587823	2260.83793041864	2376.5481025876	2772.11551270404	2341.06124567635	2190.49516274869	2051.02893161288	2964.8180110413	2130.06131970842	2293.97068992019	1438.83332717627	2710.15058921284	2748.90691722946	2528.15800349876	3045.58899794315	2697.72010181093	2674.67809946422	2731.70785623625	2345.35055689333	2838.59669051441	2295.78264108918	2970.281310156	2338.38081719643	2194.61791875789	2201.52279135357	2653.29382327978	2873.87301985825	2894.58822325778	1746.27206757065	2331.32542704133	1558.73225108848	1879.57090103535	2734.45722838922	3167.52020341089	2120.65415719557	2505.79267619638	2820.16560142103	2306.63903294367	1979.60495129408	1715.97913910774	2605.36904121348	1831.53914154846	2153.19545993575	1669.45124161636	3012.45618845763	2745.6806069327	3257.94204789547	2455.06269575526	2800.0314371793	2036.14915701637	2568.46201429278	2145.0875527353	2263.16205116772	3111.54097323182	2400.39152815529	2302.69273701473	2365.76043618345	2148.06646377611	3381.68120898336	2199.96311660634	2027.45227083823	1895.8467907009	3015.55467042571	1534.50653013643	3010.9632984571	2894.67428712018	2224.4115541611	1885.60837848545	2119.97753867844	2615.58351571861	3214.53392778758	3232.41535181746	1506.34228470325	1807.78789291112	2613.61249207746	2383.57914940844	1857.9522022659	2936.62908304774	3041.10389927353	2902.34617706175	2828.95534743723	2162.24939444037	2014.67402503887	2085.87141286547	1712.69582598599	2572.34609690952	2129.65104808171	1940.7560373773	1830.55735393412	2141.68766832327	2190.42200014493	2832.84272554044	1446.68853568382	2219.62679406671	2749.33389716851	2766.83232890941	3095.07504014629	2278.41287288946	3178.88381669806	2697.122284908	2233.04707916991	3084.28976316198	2557.11401557317	1977.98774418679	1737.2712489043	3031.19517127569	2719.14518062944	2287.0550246725	2361.15537543386	2610.80426086317	3826.33631657828	2029.46903909227	1631.55370297358	1957.39389461216	2568.02211231768	2233.6036841208	1795.0537692234	2267.26081038872	2711.36098244923	2818.46895937411	2179.69019216403	2424.58263319138	1912.11852920265	2076.45799487889	2940.34993320314	2471.43830448845	2061.08769495391	2113.65976654069	2149.29700752961	3262.42516088421	1490.65967983119	2579.85486349496	2705.69229982058	2583.61813163608	3149.9438408743	2129.85838531797	1773.46917755773	2421.14492955462	2814.42477852546	1858.70255768347	1900.00029168934	2264.57432459832	2756.9410868723	2640.4831796225	2840.36044544593	2932.49254426829	2993.93654733239	2058.80904841908	2314.35058092082	2564.53401464608	2548.09929133936	2209.77208826807	1855.59244927753	2568.87697001134	1771.3052435618	1643.82370472704	1356.25281042554	3029.24577460161	2898.62174079524	2099.38671993989	2114.39984044086	2296.8173395631	2078.93954694142	2333.06429351819	2176.4730135511	2457.40699676273	2496.8756347824	2390.91029054948	2377.96508804292	2067.16076471026	2871.42922786315	1669.01595889306	2597.36321474995	2576.08622832626	2430.86949591961	1958.22771603571	2681.22074730862	2028.96096996762	2111.52293525372	2583.69183935977	2201.39685956797	2136.55575665543	2318.49500312952	2701.03443075766	2103.20730749125	2267.80732310422	2313.99158988874	2040.75836366914	2915.8792753068	2103.52144874923	1935.42063246658	2649.42054991906	2247.1498429313	2375.2758018806	1951.36748814493	1856.07652728009	2375.7397653464	2364.17244522779	1739.27992634505	2184.28147308833	2002.53947447772	2529.99513368857	2977.04276133171	2320.29108436198	3217.2023980268	1581.70782071834	2188.38548644004	2232.3793556549	2922.61534528628	2234.18316716625	1961.02105193696	2144.12230596634	2006.98836356876
2024.71098648667	2313.16762255966	2204.17219705414	3234.81467526467	2764.47661727918	2292.01164805384	1714.80448332221	3155.25456071662	2700.66385657075	2358.90955877658	2774.11378946698	2104.62954068493	2400.47957018092	2756.70968601685	2612.8594306688	1982.40339893085	2401.66946739363	3029.8248065765	2625.41241192436	1956.21743651249	2584.98600825587	2618.49873786575	2467.17758485917	2721.04496259477	2294.24915493035	1627.38748237247	2770.02333562458	2570.20472260898	2864.32690483876	2110.13785107397	3215.64808229851	2626.39105704142	2780.1028201117	2669.95435686879	3442.86961816706	1834.06318746892	3185.22256937541	2638.5857114498	2543.98445216375	2793.19840708576	2628.4988548329	1784.37497405654	2993.67157789347	3144.18985489267	2307.53812495707	2124.05005873791	3084.40633965423	2339.04289713122	2959.7241058071	1880.37057959285	1824.95257165593	3180.46429983218	3178.62318216456	2741.68707195624	3507.6685017664	3055.88485119426	2150.33674202858	2459.97101151772	2945.74283436693	2756.56584594685	1841.99191963644	2470.82934972162	2178.31987451164	2180.69857521774	3447.18900254978	2617.06521204671	2106.34531376464	2724.64196093367	2013.50252481164	2862.1047023431	2980.49307305649	2300.34184549629	2584.82940982393	3037.68785239436	2657.00999402996	2489.82113545415	1875.92947191977	3314.19151916966	2430.43243017913	2836.29937824755	2784.28027421516	2256.20936762632	1879.00349122911	2358.10365139047	2625.61843541	3231.19238188253	2978.75982369192	2813.23983090462	1829.22212376612	2281.56725261946	2941.94083814062	2795.09285719377	2250.79492931095	2737.81923786636	3778.83586061625	2771.38749415257	2488.24570053594	3300.61881827273	2164.44421010611	3087.41874921208	2123.01003138723	2420.96471707248	2532.15162559944	2426.30364115256	2626.75118073285	2184.14862851343	2649.25119443515	2590.01702122245	2889.17194433539	2440.95308007814	2544.04809448264	2657.66505123523	2462.63744318794	2950.33527735016	1799.90813079622	2063.29254402503	2411.7578325608	2342.93158102066	3497.82415512392	1919.27093841809	2316.35720746472	2165.22524774517	3310.26021348696	2427.66868822582	2690.88399451284	2071.77599446284	2747.10034584525	2566.13106584518	2622.24223443549	2355.9500187001	2241.31091679684	2194.67907383568	2401.45607049863	2443.92188399603	1894.64252233474	2406.63216535122	2855.07941732731	2544.46311342681	2390.39603278496	2582.62969656259	2273.80262503177	2897.09931664284	2993.56667199616	1471.93944107361	2762.66892259519	1914.22125953496	1855.46916391149	1845.93628026219	1668.01022960809	2132.53003240895	2875.9710290236	1962.68734139895	1944.86972887662	2313.63491523797	3257.62843472005	2304.44239720535	1898.27009735	2145.90315317158	2111.99296020293	3033.87202439467	2303.31515766971	2099.25049679528	2474.09837793902	2841.69832602463	2936.19274193778	2469.63635154449	2256.63470946238	2232.84885992358	3239.83599548853	2353.95254651371	2336.21216203327	3027.82230274788	3054.20405463425	1949.89754170227	3169.371957081	2676.12408726083	2960.34607526521	2547.64366318528	3443.31688085703	2268.99351991205	2033.18616915192	2993.21342658495	2424.01919163611	2243.55630547998	2780.22228398927	1966.61286117688	3337.9370123227	2801.29059003433	2604.87438314314	1924.38541492399	2428.73335100289	2651.03587493648	2660.48437466999	3052.51284112902	2119.39248458371	3046.2095993757	2483.09287369367	1906.35293785595	2616.5478510204	1588.41992179746	2895.34781569224	3276.25312844731	1916.5869389775	2443.44345442518	1837.62805942357	2027.0854840602	3558.64488695746	3457.7533245362	2814.85344338756	2071.64840644434	2567.73451637288	2403.63450012692	2515.1585152965	1748.42122532985	1986.22242594406	1921.0128929536	2184.24364240221	2210.45393701842	2098.00148889428	2803.73664933675	3298.48780736037	2702.64735469426	2470.53643782872	2424.07504096038	2960.3351453663	2714.46595441328	2115.36597944994	2772.60058438807	2118.040319155	3050.6914787424	2445.49911468809	2745.99882838631	1828.40785733	3037.289680791	2156.35901862368	2642.84068067843	2834.76144108443	2421.97534031588	2697.69986709952	3446.89172197257	2145.19230908115	2738.55800616465	2584.54463309696	2714.24880396109	2000.87669037092	3087.58635959195	2272.7315141065	2372.41179207589	2561.62369551018	2029.77613649713	2061.84520833816	3027.29982944549	2903.10296779413	1811.16489400529	2876.14711400755	2280.59404965276	2640.80972580146	2235.28631004459	2975.89242718933	3347.52994029711	2579.22118678595	2081.77166158358	3965.16293092362	1894.96226448661	1785.85913173615	1964.40694124963	3283.47365717161	2749.99484261751	3201.31865794839	2667.36869785895	3039.82645950752	2798.78329143532	2710.9639018788	2869.88719730691	2739.11698801604	3039.73965472914	2497.38018931067	2415.20178022729	2589.20191950696	2152.30917572253	2028.50471455417	1834.22766666844	2188.44481114569	2067.45648099127	2134.30833991849	2844.62207139099	2368.06432478661	2414.04397323374	3379.73510818024	2129.05024949728	1658.99032982724	2861.76660518438	2664.02669842758	2702.0349505359	2452.19242751279	2653.14390227716	1975.08584315178	2162.29720522551	2484.09200642163	2613.31136306999	2278.85385510525	3258.97897558721	2564.81523067624	2306.65708357751	2391.81978872236	3625.23400308678	2193.20466342024	1805.67689876358	2724.35652837076	2281.71529624297	2815.07762301006	3642.91054923299	2314.49415838626	1845.41373451015	3044.11219559374	2685.14130692833	2449.31682891663	2813.15089601045	3013.19970738082	1856.83671896964	3074.69547453951	1973.73639449709	3651.7497323364	2917.32791567787	2665.49902043204	2227.29258680785	2989.31929219022	3035.15761109656	2480.09804697564	2187.08325366845	2509.00920452741	3149.97160829454	1848.77823929784	2433.76153225235	2473.66692161665	2735.2282763717	2529.37467000228	2012.65252122595	2191.75863571546	2239.20437925895	1932.28297234463	2527.45984336876	1640.86095200708	2001.86399222615	2406.27293464679	2378.82134590889	2960.35381251352	2307.93169188884	2296.44944671274	3257.54965853867	2093.70983923992	2191.40908136659	2615.31484926031	2457.75106008171	2841.00533868692	2509.70604357033	3035.82729501584	2470.51068905024	2130.55286884292	2303.04115930073	2886.85788638259	2302.85743440387	2425.40840226566	3163.33202995163	2158.06323582209	1948.04750754347	2183.47965531062	2228.00874001501	2481.78019956371	2501.40392150945	1793.17414569874	2356.89784546152	2646.34262883601	2476.39859020037	2771.70428909395	3294.74444321	2724.75276390027	1913.9731825604	2153.34317262656	2815.08615785332	3405.2599368249	2167.40831370195	3217.66221621522	2256.59657592332	2440.02198592083	2292.04403253177	2763.89870718852	2899.27821858705	2212.54912384344	1823.71619315611	2492.56080306782	2594.36240058976	2077.78615369646	2630.75137925064	1736.22494991421	2150.94055056133	2322.50949029963	2116.47862542594	2684.34909331874	3342.02632263765	2266.09445205849	2478.94800463469	1975.59298296942	2063.87239455803	3210.74667959662	2017.06341670671	3051.40823069424	2385.37781466094	2614.22586758616	2228.95629390098	1733.67218913086	2349.47534387606	2075.82797368336	2540.52106209084	1742.32876925934	2580.6475400982	2751.51269453396	3105.98476143967	1994.82046462832	2939.12752233039	2391.3609777623	2492.79388376967	2497.13425270539	2352.68330921118	2389.4564728955	2286.37416496108	2404.12160674022	2287.84130943232	1666.59951856878	2269.45036315937	2700.94850397539	2994.34767388647	2209.94933146831	3321.25855916133	2897.19368556261	2723.60415374809	2657.48276707185	3546.44760021447	2181.59416787171	2165.92120804287	2564.7547312836	2290.16415764826	2483.47050906682	3413.35266596826	2991.06844142826	2945.96940809379	1885.63016496273	2639.05920151453	2184.51253547877	2444.27455789664	2357.30079958157	3137.7650395855	1968.77001954504	1813.52510943971	2433.51773127998	2316.38828884385	2194.01683754672	2921.21364613321	2461.15064949663	2380.15354046438	2497.59914847102	3075.53413978959	1789.59952160811	2184.94431775058	2709.04818400339	2541.7834583371	1877.08161704565	2270.17526419675	2876.94003446426	2277.53714180837	2294.36000063561	1672.62880739468	2465.02762664783	3252.05169696	2112.93656364153	2171.86021144474	2429.4367534914	2151.06211779994	1746.41225377412	2452.21951125515	2094.10546336471	2310.06267572197	2196.55288851918	2922.38123195428	2351.60449368535	1969.32958504326	2131.44419750803	2995.87316988247	2955.18156828078	2141.78503576988	1988.93105794173	2729.70743123677	1703.19576987244	3031.89689929066	2107.13804237645	2747.85579038443	3014.15177766666	2702.32378775904	3161.31564561713	2533.99287099648	1900.86226122081	1602.66938124828	2265.64585364754	3066.36524772907	2343.51636057818	2562.79758217844	2716.43219299985	2565.55111108984	2953.73797679395	2728.84485813357	2983.84753912981	2275.79751523888	2786.70913977608	2628.33914825264	2141.94043364481	1823.5307205902	3444.37687746488	2043.12662695765	1615.8025228824	2341.47378610765	2588.63540879637	2574.86332546281	2520.21967844017	2946.75252656544	2134.67396681371	2884.42198149742	2585.76221617198	2363.81564179708	2494.67937138612	2820.79951136923	2940.61638146668	3394.85160877143	2343.07324227446	2935.61432156483	2163.48782753127	2452.91007173366	3011.67795812965	2061.59506302357	1635.79977501103	2084.10585840092	3001.39167629066	3155.93118656294	2050.63652186139	2545.33751897289	3158.34727697603	2312.13166129227	2115.39414621842	2545.16402679824	2133.99734221308	2288.69339543842	2766.27441687117	2593.73610881027	2296.60677157872	2781.97406865281	2244.05724591616	2334.23343722024	1810.10411505497	3279.67924657636	1563.81547978098	2608.47980347556	1447.75936461597	1858.62825359	2441.51010701125	3484.73447905917	2743.5424788466	2506.23546018654	2767.24341140593	2094.16599374097	2786.68307319756	2682.40783762946	3044.65928155265	1591.89542685484	2624.69628579263	2589.32775607416	1954.01367573759	2771.72455742323	3042.45574580169	2944.9980744683	1794.66212278714	2453.78418918271	2135.53704048725	1738.01323741593	2695.40119970089	2373.80053653295	3002.05539590282	1960.59428045327	1807.84146615214	2957.7351617565	3352.29997529493	2419.00425441363	2788.51068467371	3808.20218320326	2643.30658468922	2651.12807283778	2310.04831025727	2219.79224543273	2538.15609741123	2214.40708617146	2522.91575135889	2049.97608163822	2076.95010554942	3331.0675723818	1676.88425400322	3173.52602160302	2747.87707783474	2553.45830192089	1958.16287021423	2311.48084847389	2375.23912800364	2495.64229581206	2906.59375361876	1692.79461811136	2698.57990067547	2171.63578651925	2282.73854310362	2876.78401750152	2656.71760360168	2580.70729870496	2588.13449404994	2783.99602497415	2629.68799272967	2279.46083612329	2477.4429791643	2148.15945830177	3472.36649836695	2606.03116572073	2392.69898813341	3033.82292984372	3127.69268073915	2301.7279783912	3129.08710233127	3053.11719404397	2286.61706686143	2253.55211353283	3285.84250782412	2843.759673316	2372.30675317684	1972.43015027188	1926.68053416983	2555.28304199682	1921.12011951698	2918.9981042197	2025.45703557236	2251.98220727671	2016.18606598352	3793.26039784879	2247.29148407597	2935.47341727554	2469.18508056299	2709.19722603235	2254.81356596362	2569.43390656593	2507.84010556427	3276.76845402916	2494.58619914796	3470.98072326854	3037.56833874494	2272.74896046243	3374.66269835218	2921.91265595613	2293.45455744863	2786.5599475145	2271.47025016542	2568.36406885119	2705.221464031	1807.50163490462	2439.25212911851	1832.2304078204	2585.09286363863	2426.10890993985	2694.38907199896	2218.58089695024	1986.73369064901	2442.87806825516	2522.6063022808	2976.5966124203	1878.8488326762	2296.13309255914	2772.57032421581	2018.75731140409	3081.21819711803	2723.37472705088	2935.81140895784	2994.43186593313	3258.92267685166	2933.38781178745	2355.82464177791	2580.67240874202	1584.41101429477	2757.74612132101	1731.4920345203	2290.45995862478	2524.37761525012	3158.01696342974	2398.67387052227	1905.11201237649	3135.03111013133	3331.4885025768	3450.58699511055	2405.14550749126	2084.05632991911	2271.54261770187	2079.6083637946	2844.44312734028	3079.24984254442	2493.53180512254	3615.84210594133	2671.99166413995	2028.69923373606	1736.16307126741	2929.78971161499	1854.19851800453	2839.23760393142	2167.59510923815	3477.56256419455	2672.33583905248	2774.99080506247	2632.38103638231	2617.45289775759	3062.90168329679	2465.25317134624	2765.99242791342	2124.0768474913	1772.71940604312	2312.50364361771	2349.67214266198	2793.32934201885	3019.96687906051	3890.04236643035	3136.59366532169	2071.10233822269	2300.78389462469	2701.99563840334	2863.71524836058	2890.03850888201	3132.24774571037	2884.94000157117	2546.76117309478	2995.99316417111	1939.61951868023	2699.64446671706	3235.47097408358	3120.63498349311	2665.40827587429	3069.48385062002	1952.57984310876	2323.45200139535	2913.23282725673	3199.80660767589	2548.9703968078	3295.60496060525	1821.94635943034	2292.89503990112	3445.71288204953	2435.66939439228	2975.63352461231	2881.04120923571	1873.59490475051	3103.78326940085	2815.23181885261	3027.94025051509	2970.1774583216	2927.27390752072	3034.25100394097	2891.82901642332	2640.64564219594	2718.08587965767	1889.93082380572	2001.18417096767	2846.69114032255	2927.24050562532	2540.21532448504	2191.11041639079	3041.05127043455	2194.05061376427	2078.09519324281	2969.18237434226	2582.43824630095	2720.29254333563	2725.34091441876	2446.13343131223	1989.60842845403	3652.20023854582	2631.18972843595	3073.92269014059	3016.384249125	2846.82570719547	3131.22571641116	1744.70989023686	2782.72148459446	2570.72018612491	2817.3682450122	2823.72105740515	2190.49516274869	2372.29431791616	3056.49989458896	2198.65058764763	2364.56471604298	1636.0626942896	2710.15058921284	2793.36681159514	2873.84773203607	3180.28969378567	2754.8744166154	2943.0664605085	2731.70785623625	2355.85097561149	2938.02326726368	2560.02832581059	3266.13915825159	2449.43829575913	2448.57446501737	2591.04186269748	2667.02795199692	3039.80774239361	3029.6498374133	2026.68601450715	2420.42451910955	1577.60050006633	2468.17611680188	2749.31298048673	3298.14516665329	2630.83019727403	2654.01376740474	2914.74222270462	2504.45997156075	2141.53402162615	1894.12525172296	2681.50243018187	2039.15242596765	2153.19545993575	1968.2735003167	3110.33993692756	3134.65935198052	3268.39368537826	2680.02532031515	2800.0314371793	2109.88846462877	2580.99931680318	2244.30142389806	2404.07922872182	3118.15964522675	2536.60261258591	2302.69273701473	2617.57475326041	2197.77974403352	3608.52645135269	2342.78136030395	2167.51587665009	2046.30838674472	3206.2823532973	1583.84766788943	3031.24303600031	3113.50207014836	2228.22510264762	2007.43024095227	2271.80642988351	2675.22592044984	3222.74590247901	3341.53155831582	1776.8364672977	2024.19467599653	2721.39052377227	2485.34689837632	2006.78468056026	3005.30514260062	3137.78272298757	3037.18386417336	2879.1255032581	2344.44277040398	2210.28606182547	2178.94898335632	1712.69582598599	2629.1353451745	2325.19488158847	2116.1500349599	2040.94451810183	2352.18598173571	2333.30180557059	2841.19510826688	1821.98861606832	2258.48852261853	2751.82293242354	2766.83232890941	3104.83799210129	2458.67882130463	3178.88381669806	2864.12208577093	2318.75930674893	3119.57773605717	2606.77616229871	2207.91971266055	1923.53810529031	3225.89175237385	3042.27091050749	2380.38639098998	2434.66858973568	2643.53582275487	3844.69877588718	2153.46836535409	1837.54545749593	2241.28557849248	2766.76448283363	2415.52764031273	1881.08429438192	2395.7548049119	2810.92083318305	2830.39567295401	2304.18898888959	2573.63818039017	2085.7764071835	2076.45799487889	3008.99200110175	2597.22559420037	2113.15162906024	2244.24927076983	2200.11991243044	3262.42516088421	1648.96049992857	2651.23085043438	2797.04705200913	2738.44466975646	3313.21944775995	2392.47416267714	1897.7529271071	2552.82029545785	2978.48070116095	2267.39730678872	2107.03281644249	2448.73871321523	2766.05568786247	2681.08074524518	2840.36044544593	2940.9541766296	3247.82344366404	2398.46105306913	2334.4871430249	2728.78901526972	2573.62249185723	2359.93642847375	2039.61731830539	2572.27259644507	2040.62269891616	1789.82434378671	1457.99059450823	3247.30484334559	2986.4864517017	2162.10152260543	2213.58466890957	2387.42739861076	2195.0655661635	2468.55332652018	2627.2115982534	2496.63271159189	2517.0597728333	2416.06150656904	2377.96508804292	2067.16076471026	3217.73124384932	1825.32376653615	2616.23241002119	2576.08622832626	2491.2404148064	2127.17938500057	2758.88592999447	2187.77888065586	2154.92700877459	2583.69183935977	2208.79685468532	2243.28454973793	2479.44030595571	2701.03443075766	2395.0786038594	2373.92642811034	2641.3024796223	2218.73799033059	2915.8792753068	2103.52144874923	2068.81013981157	2758.6684707331	2557.58489432179	2384.58150235668	2108.21782928252	2008.36237144981	2397.91414729522	2530.70038683596	1924.45307936614	2300.09605583614	2128.48172827852	2654.6165470505	3054.88608554965	2477.15580633754	3362.48232546468	1906.47959330553	2251.05190230768	2384.34765461069	3069.27602882362	2421.13522644297	2059.17607261637	2239.95529580867	2181.12518133009
2024.71635087799	2403.77584861282	2302.04020803512	3284.7611859782	2764.47661727918	2634.8890137177	1944.35310780539	3190.00347028681	2700.66385657075	2358.90955877658	2906.65709584727	2190.19115895619	2541.71408399208	2887.66875348362	2799.67529147434	2186.53308111466	2495.19629868461	3170.65273340404	2625.41241192436	2034.32198038384	2591.82752720931	2745.44010244332	2648.73057015596	2722.37409551792	2572.76803233147	1713.95825877613	2914.97517542687	2616.14288686545	2945.89002668969	2183.75744811037	3226.97924896137	2839.32196727142	2780.1028201117	2682.99446081417	3691.55398077393	2096.65787361585	3215.04538990518	3015.32460642457	2859.21173853873	2987.87186708054	2631.60912041452	1906.56732132012	3151.07999926699	3359.38692696644	2420.76709708835	2398.1920941187	3267.30334407044	2514.67124475749	3210.6417122599	1982.90658908547	2070.42105096103	3180.46429983218	3285.20896318173	3070.0965963198	3674.06110354416	3164.90276611388	2380.16407240092	2459.97101151772	3011.9100273109	2756.56584594685	2154.18464142008	2517.19885073707	2178.31987451164	2325.11229540849	3606.57893570456	2756.04961650422	2207.21740262453	2818.53959474033	2424.66436751926	2981.94760096064	3088.94985481761	2540.2424030707	2589.12733238554	3148.46434454888	2657.00999402996	2586.96176649885	2037.51698454411	3486.2880127167	2491.9237403379	3117.88958794751	2967.375954864	2388.10099565025	2396.43951657883	2534.65416268738	2763.62305366878	3231.19238188253	3005.41875456098	2813.9166843369	1877.28608916347	2496.97843770328	3044.01753071552	2956.57151846772	2254.11394636283	2737.81923786636	3889.89706689808	3338.00286555555	2593.51253974845	3325.60620756585	2342.25991922069	3092.12923417678	2145.8461253154	2458.84351185829	2569.81214218714	2577.67129941934	2631.89501865825	2310.87082560882	2678.6587723037	2590.01702122245	2955.62907845662	2506.62076390987	2704.44183838458	2797.51679085741	2651.49729916207	3054.13955730765	1825.47906175544	2278.67782027267	2542.80863303205	2508.87174641176	3497.82415512392	2006.59156971979	2445.66600409043	2333.23844034406	3342.15430635581	2563.89182455816	2702.13453692366	2301.56089858337	2817.05261115964	2582.46426379968	2658.04959237836	2356.67918045089	2457.76121225253	2379.72202572108	2580.68410017772	2685.25089607878	2168.9676217407	2406.63216535122	2893.23411585256	2717.01426441512	2520.50175296449	2750.35694953657	2528.21381651506	2905.65686756644	3217.48658398299	1825.28236534575	2772.25404609757	1933.21121958064	2258.53810572185	2016.1607126309	1894.99625440372	2312.47417013839	3070.30348849016	2148.22069113596	1944.86972887662	2319.13185747658	3308.44971410258	2542.68490900116	2001.40615157761	2441.54692784648	2201.1843106938	3209.70810107318	2437.35630558958	2099.25049679528	2478.24998743366	3068.76198484383	3143.25719700606	2572.23575501455	2444.08855160612	2368.63837376724	3336.993522426	2420.46953701638	2604.0212609589	3271.36635805246	3054.20405463425	2098.05790004689	3189.47223584817	2676.12408726083	3135.18593169915	2600.96278240072	3460.10529023279	2428.31747552383	2040.79445276644	3001.1733219846	2424.01919163611	2271.7489129309	2919.24538264999	2186.91430271416	3778.51025323502	2914.7638754703	2826.9676170308	2022.79163696335	2528.8753852998	2801.55261541681	2708.72447998128	3081.44066490828	2457.4925233073	3124.86677431412	2483.09287369367	1940.95761709272	2633.81655443136	1869.48924904746	2997.1068104277	3307.28521998486	1958.89078255952	2448.11851781164	2150.76656791753	2300.54053005014	3751.81389381447	3680.9917521465	3016.1815581797	2338.29284261935	2814.82365641446	2403.63450012692	2605.76138726471	2040.98323709788	2149.16224669249	2057.94385443552	2344.97120480121	2275.49199696851	2327.37879815244	2926.61324589452	3298.48780736037	2702.64735469426	2592.15624762117	2440.10600899581	3062.38411355387	2819.25609143281	2273.33206627176	2772.60058438807	2271.89887467672	3052.55329440551	2614.19163460466	2811.44330678864	2041.72079131765	3106.41354265794	2317.30079840949	2803.14620549422	2834.76144108443	2532.2105212211	2758.78180545662	3616.80562588456	2426.60561333732	2897.37879049192	2613.18876103464	2785.22450905444	2520.33814638069	3147.7311070234	2329.53332373939	2614.26668198498	2987.7090983992	2045.37328547963	2316.50520387284	3074.54818596577	2986.71918163974	2153.81785706241	3008.82660500992	2489.55316616893	2830.7410142461	2235.29364061969	2979.57387301369	3418.52291409537	2785.5866076153	2431.05963258642	4062.02039311911	2124.25696054712	1898.44176053864	2196.63011587468	3365.0312653159	3274.61569595728	3201.31865794839	2688.00770093658	3150.19251864244	2954.07800839705	2710.9639018788	3093.25208005409	2790.68157367424	3039.73965472914	2535.48085740551	2437.38595953829	2746.0932143309	2335.70456264624	2424.67483078805	2070.95606538746	2286.94031530239	2347.69595362669	2145.9439530524	2885.53394440404	2475.15409968372	2552.65484123307	3477.13507183168	2179.00465874733	1796.96372239399	2982.25922017165	2664.02669842758	2861.26007639816	2452.19242751279	3275.09255472953	2231.52778397529	2162.29720522551	2629.86360454647	2722.94236016817	2409.80221549303	3396.2118928282	2565.26027851908	2467.03694291368	2556.09305285112	3625.23400308678	2497.06195655422	2084.53869881316	2724.35652837076	2281.71529624297	3185.52693163899	3642.91054923299	2571.94370844223	2054.9907102952	3044.11219559374	2738.42800860112	2588.08808220354	2988.05846204466	3034.39185566731	1900.7076822647	3207.52464968656	2438.93656438472	3653.68083453957	2918.04955483755	2793.9062610186	2353.45708676522	3074.18729490857	3109.16924523189	2480.09804697564	2232.27533856772	2724.2621772635	3183.28478052421	2019.17961650551	2575.65904280753	2545.63093110332	2895.09878219191	2611.01477621225	2074.59324677717	2367.36795311063	2308.17652884078	2116.66369870133	2635.95689839222	1871.51440167199	2193.10318236938	2612.86187026582	2586.21389261023	3011.36851202993	2372.05826787479	2433.34199472596	3281.36024401576	2481.02401654389	2191.40908136659	2759.46746818247	2530.33360040954	2841.00533868692	2672.16304406817	3107.02816042326	2517.01276047169	2316.08985946376	2560.98656518686	2951.93043864147	2497.30052477095	2440.20218823252	3179.81263222813	2494.36903829265	2259.83496342031	2337.84417546476	2321.66611237894	2573.14274951048	2546.1870033372	1889.85659780864	2511.12660176012	2648.25071626637	2499.92693603392	2786.07778468711	3366.04619019041	2731.75790650312	2016.28725177282	2187.49101630249	2892.80043735395	3413.51708438316	2389.29380869404	3217.66221621522	2462.70751747989	2501.89103089941	2292.04403253177	2882.66303304218	2909.36704693031	2781.97780111876	1831.82953737895	2640.01238743348	2622.64636397185	2238.82573803839	2729.93854152232	2084.38386810992	2339.83403705975	2476.00314660127	2126.28703003644	2701.61017918152	3508.93644433879	2430.9084810539	2660.80879311635	2198.44353894416	2208.59564503446	3401.8074345434	2194.13403943653	3051.40823069424	2423.35435401695	2881.21767433167	2342.66051200853	1961.26788799922	2356.4541850866	2216.99245106049	2651.21863612903	1814.83109898674	2580.6475400982	2947.26779267622	3167.84533922172	1995.85598746354	3044.20356450661	2525.30626738299	2567.09068883915	2703.87899780736	2519.49998032026	2900.89359918818	2356.79621981544	2489.32576026982	2287.84130943232	1872.79582016233	2463.42372407463	2715.85892935725	3314.6211138626	2299.36023168649	3321.25855916133	3008.86812657371	2907.97754307789	2660.05785529286	3589.60327937707	2286.98884171754	2338.68120839159	3037.9993394524	2451.36326922684	2540.93128867465	3413.35266596826	3288.44199859921	2960.24805214394	2183.23511024029	2755.44241961615	2364.3852296139	2564.06721329366	2357.30079958157	3139.4036919956	2131.29924630088	1907.69300520104	2441.94512968068	2317.7762875333	2292.00353999747	3144.34561404206	2555.57049302635	2531.99103700631	2688.62675273694	3079.97347101335	2226.28272991238	2188.28506199536	2715.17877978282	2781.71242199221	1940.1767873561	2383.50443894423	3000.87887816227	2570.61219136107	2392.60137222326	1710.92878477579	2970.48365832998	3254.22143638443	2336.30351618037	2171.86021144474	2551.43628838362	2662.8978350072	2068.05827653649	2452.21951125515	2142.48607161025	2584.98381838455	2372.2199117103	3042.56189315163	2573.35513683495	2154.44676708651	2227.06353696226	3002.24233889005	3166.76675667493	2412.79800099307	2257.75698713596	2809.36211517183	1713.23592857993	3077.37035626247	2262.35241380393	2747.85579038443	3094.05236385768	2702.32378775904	3388.52372484264	2726.44747991411	1900.86226122081	1932.33275201576	2368.44199567631	3066.36524772907	2414.50147277076	2685.38137965817	2929.91673132744	2591.57110831742	2955.60669552329	2748.44181379851	3039.9147044352	2296.79835127684	2825.96858766449	2732.56166420468	2328.47630026487	1939.64668114111	3515.24237264287	2244.91651912794	1911.98392386168	2519.10062614143	2783.76259610295	2611.64316028249	2635.30683058749	2971.7204259195	2497.53452160805	3177.35536561065	2599.3574299228	2363.81564179708	2494.67937138612	2835.12659201653	3121.47142084206	3509.01647277208	2553.71350674803	2990.258826299	2185.36490915024	2523.2033380256	3083.21601121243	2282.18402709478	2088.07458787399	2154.19157203385	3123.75446080861	3302.61442226356	2135.55694232872	2677.89638932682	3222.23740450191	2717.81900831196	2321.65285686486	2569.14228050235	2213.58318357619	2484.78240805449	2887.91749241654	3058.37759215247	2351.64301132219	2781.97406865281	2247.62883644293	2392.38325769483	2016.14384362168	3279.67924657636	1574.88967391269	2932.59644902014	1458.88884542747	1879.818491609	2590.29792649931	3718.75868674254	3030.02786084207	2506.55656431121	2798.0586895194	2245.6312391589	2812.65807789137	3198.82270761454	3085.60557713287	1803.28127590333	3001.43524434865	2845.81225351676	2184.8753730506	2771.72455742323	3072.35942561327	3093.33315528362	1979.91070457429	2588.23572271414	2190.8896770706	1937.6767321063	2732.97764017083	2415.21910458833	3011.89646809064	2221.07487467236	1807.84146615214	2991.36883161718	3367.52346896867	2512.1755568981	2996.8084279451	3808.49969585486	2944.18016098468	2656.20761390784	2429.5925404006	2368.30190923965	2664.78590977944	2576.77461276797	2578.36370875961	2200.92467162684	2239.14566478298	3332.0402468694	2009.72364376849	3204.51875559744	2841.25421633276	2634.28397378359	2163.54934415167	2427.83588239331	2665.56195962129	2656.26695423497	2906.59375361876	1899.46593926929	2835.57214545039	2288.75775595188	2591.69980595119	2884.40950770696	2811.30135835243	2789.42759910343	2599.62209145599	2913.02508225514	2632.49669579245	2378.16278332051	2707.99115508993	2344.5667830042	3497.99869022835	2778.44111968121	2589.25188095007	3130.30324528927	3127.69268073915	2535.29423309255	3129.08710233127	3058.81595891265	2356.54208975514	2535.1306359971	3339.7696224154	3149.02926490798	2372.51809607132	2207.84812773325	2099.71847586054	2990.13876093493	2282.46592556997	3034.53013853436	2111.52188215149	2339.09482075417	2319.85936172885	3865.65496548734	2247.29148407597	2975.6279569616	2528.79441919752	2798.02078092822	2445.10447868776	2853.15158802298	2708.32452826018	3276.76845402916	2494.58619914796	3488.25542749755	3037.56833874494	2455.90115156599	3537.78839731009	3233.68319891237	2342.37806476691	2904.96069207049	2413.04357396834	2590.08764636589	2825.72161987732	2169.34946480503	2568.32430114505	2140.16225047978	2610.42251418801	2468.8223074075	2694.38907199896	2482.06629326175	2097.47834199636	2513.2803024685	2683.21248022491	2976.5966124203	2030.88075398461	2545.96354769111	2861.21571875187	2171.0473959345	3100.51309248802	2831.3005861236	3103.02066597029	3108.76935522467	3441.44905513069	2933.38781178745	2367.33768316196	2580.67240874202	1973.87049267	2853.30586471277	1811.6479031521	2306.85120274611	2670.80954743136	3342.64638657981	2449.88498218526	1946.73313693417	3463.52346072872	3331.4885025768	3704.12805564908	2705.22032584115	2210.27807380191	2592.81144160286	2193.26290299445	2844.44312734028	3088.51299029297	2677.07391921934	3615.84210594133	2671.99166413995	2441.11089451703	1998.38890690343	3082.03291411545	2040.26750693132	2888.8839187299	2833.7183254044	3570.19582732519	2952.43540387956	2780.77647749727	2635.38723246081	2667.05403365189	3130.40370258021	2860.46168519201	3031.81147195575	2129.14249485926	1799.15427355692	2617.61517506616	2381.8777343893	2795.29021034591	3162.90190321114	3920.62317404081	3255.69347182532	2249.80148813934	2450.75313736273	2827.61537933955	2863.71524836058	2943.79125206179	3138.40630197495	2884.94000157117	2697.2192806992	3064.51122940049	2190.50340453995	2708.59374228023	3525.30773078893	3272.10922950366	2744.45897808099	3095.3727362652	2048.70613957865	2377.2480580912	2947.9213999041	3234.49061036657	2646.12869548291	3295.60496060525	1996.1080274722	2441.6622948098	3445.71288204953	2611.66597198037	3038.1225363178	2992.35744189488	2114.03214686183	3125.0069645471	2846.20637000671	3036.07408798906	3059.74316939296	3030.51001505002	3034.25100394097	3095.3523933372	2752.71755139983	2855.18746666252	1915.27037495811	2226.47580484644	3207.48241309967	2976.97304917036	2560.0827866051	2255.63079363918	3041.05127043455	2292.98277559322	2081.80466630334	3061.06952775076	2720.61469743215	2820.95893658034	2863.46562750596	2465.45716871894	2187.72551800006	3668.22067075311	2790.08009134777	3158.34831117678	3144.31634719896	2851.01672741471	3131.22571641116	1870.15060482098	2820.27841347581	2713.9106631209	2884.29152850932	3006.04227085344	2190.49516274869	2690.92438317662	3068.12739668362	2490.83819363521	2435.63927776574	1855.05958841611	2714.3109365492	2859.30727580966	2942.89234821429	3269.30285957395	2845.5655480357	3210.62529235349	2739.75224005423	2559.89933605685	2954.63571045617	2824.80810305094	3557.63861026231	2555.31401344284	2691.9999252208	2799.67224120948	2682.06147193288	3143.37071770304	3161.89010134468	2306.26486111559	2640.78223313305	1653.00000002301	3381.90718355338	2749.31298048673	3426.38995032931	3132.39641444454	2801.48532536756	3013.47062643665	2703.39634176186	2300.42751204368	2069.11584614424	2758.68255202879	2324.5803211444	2299.69247339409	2259.89978781253	3207.69108638058	3271.57273044195	3278.94478041753	3433.81731962836	2810.03188226439	2214.03494508965	2593.537172039	2260.51689998873	2602.19788366739	3302.94986478282	2670.61186201553	2302.69273701473	2822.23271034872	2386.35105940286	3862.89464854658	2436.54160222175	2207.68139433982	2229.40203392975	3206.2823532973	1714.69947741651	3059.1124989566	3196.24273482315	2232.03906442152	2195.52994983499	2421.03890452146	2710.26135237343	3276.47754681653	3405.03596410037	2182.68630849123	2238.5841169275	2830.5055845409	2587.29897149937	2155.03493574227	3073.98513719701	3233.22207653745	3132.97676651781	2929.34742314963	2597.9187937536	2593.66812430441	2283.29072703626	1920.65640104419	2652.28324041414	2670.96825712219	2290.37386811507	2250.44901848669	2614.46803931725	2464.52430893	2841.19510826688	2214.60341323144	2297.33568519244	2754.31341191184	2767.89832693411	3112.32596971937	2635.37801318201	3205.88961861255	2952.20235825816	2416.84792491012	3167.15717944156	2657.95589104229	2432.38245095469	2374.84785572034	3225.89175237385	3097.58675270057	2629.05439131216	2508.87164244578	2676.2223627144	3883.12846922554	2275.91018386646	2039.77644548179	2769.35250731262	2960.71559391308	2717.22133608441	2193.87085387345	2522.14286136287	2911.37384389603	2842.3696900493	2427.2163559672	2720.5162987916	2351.17250448666	2089.71408523385	3043.41339663477	2742.42162113665	2234.92960439853	2372.95752149946	2200.11991243044	3445.35257809233	1880.89922933002	2651.23085043438	2888.44136416656	2784.24066827354	3472.99277942217	2650.55371131878	2290.93571129805	2682.49049166047	3138.96966811558	2648.47760621793	2309.95153802524	2630.15023289896	2775.1679396406	2721.79744807116	2956.56229041455	2966.14547485849	3502.2938693032	2814.69118980649	2354.69841681367	2728.78901526972	2599.25848153118	2509.78917553112	2039.61731830539	2575.67091489036	2313.04640998754	2112.69155846164	1750.93566742012	3334.71624473682	2986.4864517017	2224.57816820832	2354.44103162374	2477.68378183274	2312.93081201627	2603.4685884112	2661.98259102671	2535.84517652203	2587.43957791413	2441.17815080253	2377.96508804292	2101.62739296593	3564.52294491128	1872.97163432825	2644.68580365927	2688.09904463748	2687.60752776254	2370.11772830516	2836.50206954993	2305.11421917612	2198.39575077499	2583.69183935977	2237.18858752476	2451.92267084574	2637.75870344085	2902.01699655266	2582.12759137241	2577.19103597965	2870.81651777285	2362.45706517769	2915.8792753068	2117.37866752782	2303.60309055196	2867.9105655522	2932.99416814513	2513.48426409497	2262.60331319752	2160.23513133541	2420.11393808327	2696.48888004473	2109.89435179179	2414.21923266624	2254.59982683503	2727.88546068775	3125.53169045488	2633.57537567178	3507.50623009366	2231.72824735893	2284.94970873316	2533.97779662173	3215.01837651238	2604.64965501651	2157.69880712949	2608.24938829524	2387.11892905616
2024.7217152693	2524.73009654675	2410.21229776622	3284.7611859782	2764.47661727918	2975.84198630663	2231.94921982413	3206.00930923846	2700.66385657075	2358.90955877658	2989.1738208591	2267.55228296767	2552.31876559034	3219.92112904148	2981.95160263447	2386.16217833293	2589.15249251442	3308.98638387876	2625.41241192436	2329.65384699061	2595.22474646664	2745.44010244332	2829.55548644998	2728.77267373515	2621.41215055903	2310.91946257321	2988.20174035176	2675.08494492862	3026.68164698736	2332.40066068358	3237.35805147508	3048.123494571	2780.1028201117	2695.51076963299	3857.50711311362	2310.11358517391	3465.53833954314	3056.08489890033	2907.33206530436	3062.20744350016	2949.92763725034	2185.45026542365	3361.35815994026	3468.18575180384	2518.60313528736	2720.83729234034	3483.87745660272	2687.06427202901	3399.56052595594	2209.34979990619	2312.31620611005	3183.40520386954	3390.34016665371	3388.00508464817	3722.53522323695	3184.09893339765	2604.63201685574	2587.73621387564	3124.3306665361	2756.56584594685	2675.42735158676	2517.19885073707	2201.68967694404	2466.86185842265	3769.97940581122	2892.62709969734	2308.12899194061	2818.53959474033	2663.36360068636	3099.82910304671	3257.71406943027	2787.54699918914	2590.59151257523	3170.70019855449	2676.90669856088	2717.84770894634	2529.3834613436	3486.2880127167	2555.87134471227	3345.98565272511	2967.375954864	2518.31784968032	2621.28011099214	2707.71186024137	2768.41945853003	3231.19238188253	3032.06482283055	2814.59351177294	1908.44709756796	2646.38702863329	3107.02703247301	3041.56594703977	2276.54216496663	2831.80267697069	3945.68566174403	3391.37616497387	2697.38687139086	3388.34336495303	2447.53613457566	3094.97426022261	2167.91057709589	2677.07136868859	2607.76760478222	2726.30765697771	2676.99385356952	2459.35784301131	2781.91106698192	2700.97306896408	3054.72984758102	2639.38181301697	2862.74626456907	2872.97503777179	2832.61430315111	3192.96665676196	2075.73209410934	3134.0360214752	2720.36661705829	2653.70800836934	3497.82415512392	2097.62470157159	2573.38806568847	2421.96461375686	3385.70436211418	2563.89182455816	2713.43770458077	2528.94471699057	2901.74322312714	2584.82167052162	2680.88799838395	2357.4083407558	2911.33555128492	2562.93060317917	2734.77666670001	2744.32423839553	2436.82385353086	2406.63216535122	2931.49747671177	2724.34955611674	2648.6566775981	2868.00018211325	2797.2005868834	3088.75811539154	3218.86193094769	2168.64707672584	2781.83663952235	2047.63963591399	2298.09393379604	2220.00848560844	2116.68693597896	2430.61580525622	3260.14076216677	2330.0674550314	1964.46476933895	2326.03856492593	3346.48654306027	2962.01256711453	2167.98561341018	2809.95640428482	2643.84937862843	3241.88205646867	2569.28293396144	2244.0839128847	2505.25333733047	3294.36791715551	3178.69339871367	2673.42925449692	2531.0186390819	2383.24745938008	3432.55843859585	2465.5188001885	2719.83247591009	3534.93248562682	3054.20405463425	2243.725981757	3202.61113260199	2676.12408726083	3325.5678072365	2677.58097414105	3476.8814927761	2584.76927495784	2117.39241613253	3009.74884762377	2633.69770671402	2299.91934842411	3101.27268994554	2402.09266791119	3782.37720121138	3026.66334374512	3048.56535874052	2122.03950331183	2528.8753852998	2877.18441483225	2814.08804861803	3128.86792180446	2653.60494455212	3204.30090321465	2652.88628278382	1959.37238687105	2901.56745757976	2143.36896511632	3086.46153292591	3307.28521998486	2001.3480834116	2452.87333198552	2455.93965456102	2566.37754036833	3751.81389381447	3707.61229139296	3146.46573753894	2596.98816274271	3060.27747518009	2464.70013151623	2685.35342045826	2325.83234258187	2644.58856185237	2195.38961710663	2504.40675555414	2376.25946394712	2551.24594335479	3015.69112950075	3298.48780736037	2702.64735469426	2711.98862154379	2615.01727900901	3062.38411355387	2922.67324776189	2428.39283571646	2772.60058438807	2426.07245205736	3098.33323706731	2733.56892868079	2877.5526756031	2250.36405433968	3207.53835853896	2474.94500912656	2963.37251135798	2834.76144108443	2532.2105212211	2819.60532078297	3783.47989259345	2701.9943388119	2897.37879049192	2700.6315794576	2856.21490468433	2823.99772778221	3170.00680936424	2379.22700155191	2850.82795438031	3195.0417348617	2061.01483659419	2599.59986751427	3116.25770754116	2997.6547267305	2498.14349198832	3008.82660500992	2693.57217191989	3016.18771435447	2353.46731252137	2979.57387301369	3470.30533544605	2933.31343083735	2548.71441138852	4168.94456975497	2348.44979710876	2161.77004059817	2429.09880923922	3511.05701992176	3364.8496253612	3201.31865794839	2741.97864521687	3260.13190760892	3015.52055872292	2710.9639018788	3287.36584679447	2979.17259328398	3039.73965472914	2573.70403214338	2521.67139954547	2899.94621906435	2567.22133278088	2928.21551663114	2302.07421341782	2377.13412534419	2784.00878391255	2288.95346243651	2885.53394440404	2799.46824810558	2688.99050283148	3477.13507183168	2179.00465874733	2095.79357578298	3097.1054669016	2896.74157098602	3033.08234729532	2531.25209508163	3467.5388909585	2515.24900235401	2162.29720522551	2774.54043942521	2832.07960747696	2538.91466082045	3530.31724614075	2700.30366310948	2624.88700723724	2718.21864861246	3641.72464315805	2791.76421436907	2355.5622238814	2907.30774847977	2281.71529624297	3185.52693163899	3642.91054923299	2683.7682742018	2263.60916394854	3044.11219559374	2844.57780609592	2588.08808220354	3163.29071652354	3055.61450410125	1954.05246931027	3215.53230435866	2754.28681092949	3655.82611910628	2921.8731108092	2854.91166814058	2477.92369456682	3300.75578618822	3109.29359291211	2531.92287346235	2399.72421439507	2984.1100717709	3209.31184127512	2122.49253943845	2581.25960863494	2569.63416818535	3069.41520418154	2680.32314874637	2257.62297522223	2539.33852363213	2357.20898314339	2332.28155894666	2760.00092660611	2096.48128145706	2383.55389273503	2814.49437836158	2801.14922015067	3056.670390585	2436.0326382582	2698.02930601838	3281.36024401576	2685.64265382503	2488.31387448982	2861.74960848002	2616.6471769681	2841.00533868692	2810.1899814396	3116.87777584139	2579.63053609372	2502.60070253276	2612.02344503973	3016.93094321752	2687.82965729096	2455.01737244781	3190.80649632472	2527.00161147386	2571.29443759445	2732.97175285644	2354.78632544937	2656.78215394866	2674.57903956464	1973.27898758483	2662.64282442766	2778.02542589165	2581.03919797441	2787.25287669417	3366.04619019041	2738.76077678148	2295.56578662203	2486.73414608029	2965.08142943397	3421.7722920267	2618.84099565268	3217.66221621522	2664.19379034301	2616.73367401833	2377.76595451295	2955.53824282994	2909.36704693031	3190.94516900255	1838.91799860145	2784.9833381936	2622.64636397185	2396.99403755564	2844.16116281249	2422.34795782693	2524.72509745798	2661.61394340292	2202.21856316412	2701.61017918152	3802.95873614601	2521.90058483116	2838.65652845593	2416.49366226854	2351.10392370588	3588.69637675148	2656.92361766035	3066.541399198	2548.27374451887	3146.95830392685	2459.76873258788	2183.4570113981	2402.26442959421	2355.83135142979	2861.93943064169	2056.23301351337	2611.42632307046	3139.03650976723	3167.84533922172	2238.52115203197	3089.38097248766	2657.44887417226	2680.87013747388	2816.69609387126	2642.48303791395	3034.19205114704	2480.0159556487	2570.56098150649	2514.41203878814	2075.44572529618	2817.89839514853	2730.71149473755	3594.60514215478	2312.72187060889	3321.25855916133	3064.81399554001	3021.57408723563	2666.24256327653	3589.60327937707	2392.45419897042	3232.97949013159	3135.73439748849	2609.5818856341	2598.80712655317	3413.35266596826	3516.025011702	3051.01341307098	2489.6587412448	2945.17491977701	2540.66956372267	2776.16381727348	2357.30079958157	3141.0423367083	2290.90843838986	2091.48372066988	2464.92018405191	2319.2675926571	2313.33169602542	3366.21671656831	2648.91449003939	2683.37790229301	2876.1870566271	3079.97347101335	2847.57910257469	2191.62601041086	2715.17877978282	3013.79178978506	2050.0417147272	2562.02508196085	3128.91648593198	2789.99354996226	2471.56228408184	2041.92979650206	2970.48365832998	3256.39536771734	2479.92533150942	2469.28914354935	2815.63852837134	3034.20910273163	2474.26988757383	2753.36042342114	2328.84407186312	2949.91254903114	2453.1300389252	3159.33878278179	2659.6619544207	2335.87821191667	2306.75693749008	3008.61982409262	3366.10179947385	2677.71065613709	2520.56091588537	2889.1585944395	1836.08401818971	3090.50863031535	2538.82718522671	2747.85579038443	3112.19737130804	2702.32378775904	3411.13761422848	2829.60842549752	1900.86226122081	2172.84229162756	2519.02104644113	3066.36524772907	2482.99857873963	2806.13088295173	3138.64750207104	2816.57328908703	2957.47579982476	2768.0377205553	3088.64979230358	2317.87907306999	2865.29833335264	2839.35259346334	2511.81015214631	2292.65887958403	3585.701599456	2556.88346744687	2204.20417944499	2704.55119392395	2974.53152031329	2749.17397291117	2748.69306094667	2979.48186741472	2702.57162417811	3443.93186457077	2612.95439668418	2363.81564179708	2494.67937138612	2849.45835902	3121.47142084206	3645.97952785133	2742.76084023838	3045.64136747539	2268.63897396579	2593.64543751204	3083.21601121243	2503.14478655306	2320.59268416879	2318.41517302602	3151.80264132952	3446.29107415203	2207.56695939716	2677.89638932682	3311.17022635772	2874.23720446707	2494.94758562116	2610.03828881199	2619.15578289117	2680.59961850962	2946.78796482857	3162.32009471664	2401.19516852168	2781.97406865281	2450.30153833469	2463.66681226391	2311.26122704702	3279.67924657636	1700.29728427924	3327.64207489348	1840.05870585036	2073.94968989009	2666.8160687028	3719.10166942675	3101.81935067294	2556.10445162139	2828.94067059527	2395.90326676447	2824.69782832048	3300.32098491428	3127.95798309624	2010.19023572013	3038.02453149575	3006.51013042261	2411.7228224907	2771.72455742323	3100.53164983965	3093.33315528362	2127.60689323367	2721.74136206238	2392.42191423138	2133.78451966412	2821.72959075443	2446.08039643211	3011.89646809064	2474.5972844943	1988.04583503056	2991.36883161718	3382.76260036461	2604.26814170524	2996.8084279451	3808.49969585486	3200.31066395949	2685.31315452805	2547.26797515307	2527.20844219598	2789.34314836808	2932.99241770024	2578.36370875961	2323.16835249715	2648.9957465322	3338.09421900027	2091.54583530496	3235.61434790517	2984.04505027486	2714.64448993754	2544.19532246467	2542.47056111613	2942.45600687195	2928.45641530279	2906.59375361876	1899.46593926929	2970.55527191508	2404.48196035141	2890.30619426406	2892.04246648261	2844.60761333779	2935.32206736271	2611.62120126383	3134.90561232195	2681.99960251877	2627.35914572026	2932.39785891315	2470.81235045419	3561.37657635038	2966.38085812107	2781.93021435243	3217.51824459106	3127.69268073915	2535.29423309255	3129.08710233127	3058.81595891265	2632.75635653612	2760.46456057608	3378.16873131523	3152.52468532862	2372.73238776931	2438.0269794094	2269.57494638015	3165.22321195467	2630.66145262248	3091.93793922338	2426.74490605318	2445.45474324109	2661.24560566837	3938.60309156655	2393.69398898394	3053.06282462158	2588.74013347267	2885.8176787871	2631.49773160882	2853.77511209059	2904.14740583176	3276.76845402916	2494.58619914796	3505.59404462593	3037.56833874494	2635.15844272928	3537.78839731009	3284.80846368152	2342.37806476691	3024.95131089005	2552.23544129013	2611.80955142394	2825.72161987732	2522.58750587422	2697.16510896471	2441.42816213434	2793.27777396766	2532.66859324576	2694.95379643315	2737.872718949	2342.03268524203	2549.99056109511	2842.50244792385	3019.2368428369	2257.52587275488	2788.87361494164	2950.12924924582	2321.03598714282	3148.71709945949	2894.86812139168	3152.62388354698	3221.1249261326	3691.99873338188	2933.38781178745	2519.10144811171	3169.47953456483	2350.61805699879	2871.29944078571	1895.44944173539	2606.86122362487	2816.76167176217	3465.08109956481	2567.41208389779	2080.65798971967	3750.82662066212	3331.4885025768	3953.17747927239	2746.23816887325	2663.66555935294	2904.8708295976	2346.77124622556	2844.44312734028	3153.20382763692	2859.26930109407	3615.84210594133	2806.14770700617	2888.6507406477	2102.51294606519	3233.38500000686	2222.44926563086	2938.52143894302	2859.74377972752	3639.185079952	3223.81731751872	2786.60085996891	2659.27534596324	2748.16346520081	3216.20097284116	2912.6019750063	3056.09915909496	2138.69753132235	1954.9009315131	2841.01740212279	2513.95206369277	2889.31400807267	3303.15409251789	3951.2935921009	3343.22208600332	2425.06179939931	2598.897165223	2951.2035298026	2863.71524836058	2968.27099809282	3168.20406219782	3092.04850333272	2845.39858346082	3064.51122940049	2436.73275833078	2717.54021466524	3556.41661213412	3401.16821195469	2824.76079575862	3117.74981655113	2152.9369836428	2377.2480580912	3089.96401893234	3298.72902973855	2742.09820917493	3295.68645102501	2365.81603514535	2588.21004879041	3445.71288204953	2785.40617216708	3100.56643750194	3167.54937712258	2271.86650938935	3193.24384600007	2907.14271447932	3044.2424910207	3059.74316939296	3030.62366217797	3426.57648177576	3206.72712004912	2756.14499833563	3038.27122081585	2057.55514688174	2387.24428862143	3365.18904151535	2976.97304917036	2579.62741286752	2402.76043770601	3041.05127043455	2361.08519557727	2108.83196325666	3236.41030676181	2856.66609617357	2921.80097540794	2925.09452053618	2484.40899597162	2294.07471890137	3718.97432055441	2945.63191087088	3243.29592705233	3184.06745243631	2876.66633838801	3131.22571641116	1997.85297948437	2950.59766843762	2910.66832708192	3030.18684145958	3121.96225522786	2190.49516274869	2801.4326391322	3180.28009847112	2535.66366747208	2613.14424054237	2069.38018355519	2832.20666093717	2914.89250828266	3021.60363023885	3358.90431729354	2941.18635681847	3451.89018243868	2768.77002488908	2657.49099770676	3069.04741259409	3089.85033134252	3789.80779833226	2639.3607260894	2917.27168862964	2869.15239811812	2698.37287865129	3268.14634025339	3291.17726142798	2522.74935657725	2872.60008499653	1832.24653442037	3381.90718355338	2749.31298048673	3552.18379294428	3204.51756608393	2893.51516534145	3115.96140536488	2812.25856768293	2456.16763084708	2658.07752695525	2836.82539829481	2338.36993666781	2453.56425938951	2543.43651519328	3304.46112309151	3315.78396966167	3325.21389148085	3457.87797605196	2828.39709394361	2318.94826367801	2606.07556363102	2306.55371623304	2679.8430067163	3380.46942461114	2886.96206198573	2302.69273701473	2822.23271034872	2570.92478476792	4099.61983523055	2441.17756443012	2329.26011701252	2519.87520066687	3206.2823532973	2088.67482103417	3087.66462389666	3241.1265023272	2436.33206699128	2195.52994983499	2567.60016006115	2776.56743381339	3313.0827185562	3407.34446264672	2463.3403378225	2449.99006152	2941.00898973232	2680.90468854043	2300.97933282801	3142.66554472596	3327.39648467623	3136.77457410183	2979.61949150922	2597.9187937536	2997.7782723416	2386.44257209697	2260.21011776874	2655.75963043996	2755.85975805056	2462.84675326407	2458.60909600757	2714.29397516127	2576.78851177	2841.19510826688	2534.02544512009	2336.16667687552	2756.80533247861	2884.53302336636	3131.18487731736	2808.3871649526	3243.6817992611	2960.85528423913	2487.26023627879	3214.85539445134	2710.5775275558	2651.07833103127	2860.14700086326	3517.33425662047	3180.43256502387	2846.51120312498	2583.72105859979	2715.93857454759	3930.7466693808	2419.26984345193	2237.96591086055	3124.68045381984	3149.6951818355	3020.70238624251	2497.51538233665	2646.37475105379	3012.41204654015	2883.62412052692	2548.72202642314	2865.12692033976	2888.65187222672	2133.57984193197	3091.89316666536	2881.60491866779	2375.32556085171	2499.73585916564	2200.11991243044	3617.78995969915	2297.82619764333	2709.21787930264	2945.97103542375	3021.48313970099	3629.08318163528	2903.3508862707	2670.0368791403	2810.09892513699	3295.76431242087	2960.66599082954	2508.59078835288	2808.52110287396	2790.92151034234	2762.62673826746	3383.96945452587	3077.2980855122	3541.49521018945	3004.32717985727	2374.98295730169	2750.29175185879	2625.00476010561	2659.30915976124	2113.19464406203	2579.07191650866	2587.76034554808	2609.43851116607	2221.13518178587	3362.38128130179	3031.04441321873	2312.5638823325	2414.80520352596	2703.3929882754	2489.06461479171	2919.36430517724	2661.98259102671	2566.97880226232	2604.96152955327	2639.25865907808	2792.86135565258	2217.54855399772	3654.5428085949	2025.03913357253	2659.04940348205	2963.35766113009	2981.88286281687	2391.86964922377	2914.02643997605	2422.28512849357	2236.71924711593	2583.69183935977	2272.89425155986	2693.87679005899	2793.32745927767	3130.45482878115	2857.45533301002	2691.23608230882	2871.87612859852	2505.67444003504	2915.8792753068	2257.71962934383	2659.83264471286	2977.13680401746	3133.94003132215	2636.39322925252	2414.40730060431	2494.22609532043	2442.33873400582	2797.80780482023	2294.46271269083	2526.61336558396	2380.84702254165	2808.10014301313	3125.53169045488	2760.90578116747	3652.25242942653	2523.8732715102	2395.51534000627	2681.18400895681	3340.39587508372	2784.60323434874	2313.12904313354	2616.87600790782	2608.26691338528
2024.72707966062	2686.87095385838	2448.99736136399	3324.30542985408	2764.47661727918	3118.18231927078	2510.80258821617	3213.96204282051	2700.66385657075	2517.45800896993	3053.0255510824	2311.71312759222	2560.89785155755	3314.45931474082	3159.4560027649	2581.04872869217	2713.59878335295	3444.74477549778	2768.01493823278	2615.6030900175	2742.22658720048	2745.44010244332	3065.52875579377	2749.72460565636	2689.50709965941	2699.30346060551	3080.53545325997	2733.83195938915	3106.68022208753	2483.1859740401	3313.72845364612	3252.3798046114	2807.03209130335	2695.51076963299	3857.50711311362	2397.32133401519	3465.53833954314	3056.08489890033	2907.41029912189	3080.10650415187	3196.85363501653	2531.52266523963	3413.50471950521	3700.33994281696	2521.04483690345	2767.48557661331	3637.82552464746	2856.07723216916	3463.98817465496	2435.31803863255	2549.63815903336	3341.66345319926	3493.97835285762	3388.00508464817	3769.81528512443	3203.29387290169	2829.89193605677	2696.64764422947	3205.44485836723	2756.56584594685	2855.66287929508	2517.19885073707	2455.38459504492	2605.87584688955	3807.04530323267	3026.73357025919	2391.93964915555	2818.53959474033	2680.6759254992	3215.62627669049	3265.85236004921	2940.69072829121	2592.15387685729	3302.60132998999	2740.48504315611	2729.2915032345	2813.9175221237	3486.2880127167	2555.87134471227	3345.98565272511	2994.07249191299	2646.76614069263	2757.99216845746	2877.15897430653	2777.74826376237	3231.19238188253	3085.82291819489	2855.92519404078	2230.91588197704	2646.38702863329	3159.04853845971	3041.56594703977	2278.61955218719	3014.70348362249	4017.46805308607	3409.14390732306	2799.83562120216	3503.05628770976	2677.56256271878	3094.97426022261	2452.33361659402	2865.54768073913	2646.00805195324	2872.13390258659	2815.72282039589	2609.68003466891	2825.88080898331	2977.84653799044	3136.11364726591	2817.50915059686	3018.7556700228	2910.59747618757	2870.21642415693	3269.82446821	2318.70200490152	3322.09865340717	2776.66688492274	2664.75383660443	3497.82415512392	2194.36370219302	2699.43128975266	2507.25393809536	3422.94013455511	2681.05409264131	2713.43770458077	2752.87241436231	2923.91321498847	2587.18481927812	2730.75724777285	2465.19834355649	3011.25491781616	2743.71030818823	2748.34731214386	2804.49853902383	2696.91371992336	2406.63216535122	2931.49747671177	2738.94853126524	2774.81191705712	3105.13697185553	3056.60262509632	3094.18681012442	3328.31330447092	2500.64412270023	2791.41661668277	2114.83640720536	2433.33630247868	2491.64680824259	2332.85640885986	2708.88152729312	3445.29266878066	2508.08798817391	2174.51834738993	2326.03856492593	3384.42524658121	3330.7022649221	2367.38630351084	2809.95640428482	2917.63328190355	3241.88205646867	2699.04033203142	2544.45839587162	2534.28170429816	3379.98159650173	3270.01918525117	2773.18790306712	2617.86500835091	2409.00624260288	3526.491086876	2579.14385397943	2819.80680003769	3794.67614472371	3054.20405463425	2386.82477840635	3202.61113260199	2695.78947464403	3390.00538857737	2752.65825084842	3476.8814927761	2738.25338702626	2367.96139326969	3018.33505155373	2757.41577827338	2401.50535650473	3289.02983167782	2611.90843917476	3782.37720121138	3136.93896821295	3099.86255972222	2284.99465087934	2811.25228124228	2907.08090046581	2906.33731847092	3193.33309105818	2661.40744012738	3204.30090321465	2652.88628278382	1974.18113710203	2940.75524884278	2409.5377528368	3168.45051562405	3649.88302760278	2249.48435795302	2544.30814240596	2751.49167456798	2824.1609759809	3751.81389381447	3834.2969643606	3315.10899888305	2847.3314814988	3084.72884056064	2618.74348960204	2756.69247314213	2602.26545313915	2644.58856185237	2838.77392467209	2662.10918840645	2415.86601634379	2769.32451657652	3041.32929295473	3303.43347700385	2801.36057844802	2829.99084431221	2831.47952107513	3062.38411355387	3024.68975409695	2580.40566020335	2849.02976654022	2580.5214822903	3112.6398639665	2755.1192301229	2894.5642527108	2454.05425274728	3308.00117630584	2629.16181088244	3151.08120193211	2834.76144108443	2532.2105212211	2880.16031764083	3946.73275139961	2970.61532000894	2897.37879049192	2967.9136599911	2969.59291427033	2832.40036555731	3209.4789633099	2482.71275781363	3081.57206518029	3195.0417348617	2151.55424688669	2878.868131768	3138.6586643864	3052.68419139004	2644.12990627324	3147.11190523409	2892.44844982771	3196.96863793984	2566.50193167672	2979.57387301369	3522.14249091782	3116.06459377629	2636.35486627006	4276.59663853625	2567.21483157942	2438.56592970367	2659.88734563836	3526.92751308959	3389.79527948802	3201.31865794839	2845.45413697371	3369.63137372214	3051.09365702385	2710.9639018788	3287.36584679447	3189.19512309751	3085.06344286831	2667.91775410135	2567.13055229731	3050.63265173833	2813.49183231188	3001.11195129358	2527.33237493701	2467.15673648399	3120.01824248337	2453.19479986513	2885.53394440404	2939.37043606027	2822.99027226348	3477.13507183168	2204.25880891702	2386.07428131537	3401.5196997998	3004.30515522284	3071.66742740942	2638.01363570273	3523.07949643378	2817.62908889895	2162.29720522551	2917.64495331586	2911.37730424426	2666.10973304881	3661.06020498151	2878.76955770846	2780.04440250767	2877.9662373523	3851.95097586085	3076.7089100689	2617.8097522122	2972.10692061727	2281.71529624297	3185.52693163899	3642.91054923299	2862.70286374462	2471.19861346272	3053.0254709177	2949.38733145028	2601.39119040801	3260.53779577335	3085.63464342099	2162.34285443207	3233.14419285967	2848.8963704773	3739.77858149772	2940.76745817522	2861.41164107927	2640.17578970261	3364.45532228599	3109.41794111051	2600.48615024518	2778.39369627263	2987.92037648297	3209.31184127512	2349.53377846551	2584.20865602664	2650.48191245226	3171.62019347768	2734.61338093387	2574.75536817575	2707.54972278625	2481.86726375747	2542.43705218736	2882.4380271708	2315.50481831033	2539.23809914025	3010.9405738738	2928.81531567629	3056.670390585	2506.09903375201	2803.14392267838	3281.36024401576	2825.52027941762	2632.43213254543	2871.29326888987	2757.44669968019	2841.00533868692	2947.49472419863	3126.90349802304	2765.24224634084	2652.09387257436	2649.45987388982	3081.85733862167	2874.21922701455	2496.44065343924	3190.80649632472	2558.71952778151	2708.52875609848	2903.85472447532	2388.5657521246	2656.78215394866	2720.27816328616	2056.79458839207	2811.36262572494	2905.78447126027	2614.47806980348	3019.51817501027	3366.04619019041	2745.76135476105	2640.5474579222	2808.251400856	3005.83198015352	3430.02555417044	2843.30810730663	3217.66221621522	2860.86954570644	2814.32364644382	2412.22726813016	2955.53824282994	2909.36704693031	3208.94909152427	1992.98173553598	2875.25954157879	2739.65888237027	2552.18645504674	2865.65826703319	2748.62756353135	2705.45638582458	2843.0334397657	2202.21856316412	2701.61017918152	3802.95873614601	2579.13743697914	3012.32348451664	2629.51172183367	2491.31694458432	3771.19407640402	2974.81574094028	3143.86266425434	2764.06164901229	3146.95830392685	2578.13749383235	2400.0085874883	2402.26442959421	2492.28069195034	2935.76601407979	2291.54509750749	2611.42632307046	3326.59940598401	3185.627099408	2518.08101649182	3089.38097248766	2787.66629926895	3292.24308588715	2856.03420005638	2711.07879793856	3038.204880513	2601.7116309443	2642.9299711096	2717.32100176105	2274.11361635546	3159.76153920219	2746.74561672686	3602.28989788228	2325.57239314022	3321.25855916133	3064.81399554001	3034.28097153107	2984.95579810463	3589.60327937707	2462.82675282806	3232.97949013159	3176.42408737713	2764.68548736301	2657.07695860545	3413.35266596826	3519.86003575136	3151.16135315252	2681.1491309862	3088.80858705161	2713.2086264335	2981.77915317385	2357.30079958157	3142.68097263798	2447.50681968432	2381.15894046089	2488.07011868857	2400.90048766295	2521.73703707319	3537.32382337801	2741.15872875898	2838.2207180668	3059.97498990458	3216.49987546998	2877.84591263709	2194.9671627192	2715.17877978282	3139.97612500902	2247.4816424172	2868.5540581122	3190.91563296984	2850.72900916511	2656.91691736764	2361.67931590855	2970.48365832998	3258.57348250784	2620.89839848847	2965.71329987885	3073.58118117452	3162.49016040559	2862.53086572029	3073.07728225486	2332.42165850222	3053.02592514332	2496.92020861757	3159.33878278179	2676.53459301004	2513.49051945717	2428.402377831	3015.00558380131	3391.32977730599	2935.88987447751	2776.70321471418	2889.1585944395	1992.94610784324	3168.16841787334	2579.36431111226	2747.85579038443	3112.19737130804	2702.32378775904	3433.96594996677	2892.62302503396	2310.25616873003	2253.69013926171	3082.61509505854	3136.05562247709	2556.10624578455	2925.00264439405	3342.39478377575	2921.55953075786	3018.47402781656	2794.56457000271	3163.35006452815	2365.79358228507	2904.6961110379	3004.09099300171	2691.42516993934	2631.71423364576	3698.4150391932	2648.80527251621	2490.31502446556	2846.63401185834	3160.69758988903	2840.89886070679	2860.34086036718	3000.89538433615	2845.88431851883	3443.93186457077	2629.95599733872	2363.81564179708	2494.67937138612	2863.79476378171	3121.47142084206	3684.4202268795	2839.7172665829	3052.43554589036	2453.01407160286	2664.22967487745	3083.21601121243	2677.78895072212	2696.7929675759	2482.04976892942	3180.07123485346	3586.87285588948	2368.28365481149	2696.60574140216	3449.16435880643	2961.55730495081	2727.11245681721	2850.63561599844	2755.1743155023	2784.64533863196	2954.71441868585	3182.08911765893	2466.28921751834	2815.21168618694	2660.87923503216	2534.87399195303	2596.74648641704	3283.06233813239	1951.46621539398	3328.68682893852	2271.40709508117	2401.74371005181	2672.00773385828	3719.46975204868	3101.81935067294	2584.35710968849	2859.88779223025	2850.73165001896	2836.74215229455	3375.32589270826	3174.41153533538	2212.43967287406	3088.99111950605	3027.89496025008	2633.94296633916	2771.72455742323	3100.53164983965	3093.33315528362	2262.08734056936	2854.07230256669	2542.43841621093	2326.05700172099	2874.31507662634	2476.76099232824	3011.89646809064	2720.76625000715	2584.23733279202	3011.20851179845	3382.76260036461	2695.26293137055	2996.8084279451	3816.06055884726	3200.31066395949	2729.62353768184	2663.02529210421	2556.68991783981	2911.77508253713	2966.99240891056	2634.59763092612	2362.18626794166	3056.45563016528	3338.09421900027	2131.20568877938	3235.61434790517	3080.93960595112	2809.55977150808	2583.47181911133	2655.34726312809	3016.74316495015	3029.03250144108	2922.45910323809	2153.32376202377	3103.46635919101	2518.72846364414	3177.88754255121	2960.41210156924	2888.25409154035	2999.07933196026	2669.41080721395	3262.56458046021	2786.28266320242	2868.43738320563	3150.37583255838	2588.41010803888	3626.97957381539	3114.88307282971	2970.57936191791	3304.40780077623	3127.69268073915	2599.53158418508	3167.49755433693	3058.81595891265	2900.80487477989	2763.59846774179	3463.09178041056	3152.52468532862	2489.85507615708	2662.73036344498	2436.145269571	3210.64125035324	2964.77147637976	3188.36465434611	2769.14271358078	2710.83241287375	2989.95508076967	4012.08153138693	2642.99803200125	3186.83031222293	2629.64093434702	2972.53660037874	2813.84389940677	2873.46057164646	3095.12112864107	3276.76845402916	2526.74587097553	3522.99294431504	3042.45756318569	2810.35899962583	3614.45342065398	3338.83855626222	2342.37806476691	3056.60369465977	2688.96273615623	2708.5179527767	2870.99884032328	2692.27238288083	2760.76282455842	2734.71851818872	2793.27777396766	2627.3228991152	2750.58360126821	2985.6141388807	2478.4115093433	2573.654796415	2997.58650414684	3075.74002882275	2479.5787419435	3024.49132293875	3015.31700425019	2468.64575366865	3232.05884736952	2967.86052747593	3154.06065378626	3331.45319491564	3691.99873338188	2933.38781178745	2602.01812153675	3223.78811934574	2713.70531518033	2917.56567876968	2260.57939055578	2960.0897396266	3009.91674099499	3546.6822950957	2741.5880549341	2176.47834516756	3826.47733521764	3331.4885025768	4196.75301214425	2777.94633778356	2688.73535010965	3206.85269877041	2497.5261045916	2844.44312734028	3187.11500135951	3039.47011527308	3615.84210594133	2930.68547476783	3096.17796796893	2314.30001199537	3253.2585834124	2400.609540672	2988.14790014145	2933.36219665085	3639.185079952	3485.98856750205	2788.3460680792	2686.90995567198	2886.41174742557	3301.76363617391	3102.01415782109	3068.59318239394	2313.62252816835	2149.09497325529	2849.30349529583	2513.95206369277	2901.14822792561	3440.64862535248	3982.05181885536	3399.22352438118	2596.75891956976	2745.00683065577	3072.70953527338	2863.71524836058	2992.74358611712	3292.93878104639	3207.27472399217	2991.15827956212	3088.03500549636	2677.98250711256	2736.26558270722	3568.98065211335	3528.39814185437	2842.27530709274	3140.47748017192	2301.80334979471	2543.68292621816	3270.01512047994	3358.35319071891	2836.83903890172	3295.68645102501	2494.06065375167	2732.38175821551	3445.71288204953	2956.51857803553	3332.71722492006	3310.52143691052	2476.17330639346	3197.86109735315	3055.13590113497	3058.73519230876	3059.74316939296	3032.85805006806	3571.738648904	3228.59125687628	2887.85966728333	3109.10541627677	2078.45059057571	2388.82682537762	3365.18904151535	2976.97304917036	2579.62741286752	2550.68464943554	3041.05127043455	2384.28378436534	2233.78337847476	3236.41030676181	2990.51488754982	2945.70554673477	2964.27097284366	2547.7391403827	2352.09350430757	3765.31664174528	3097.74412361204	3328.73993736034	3197.70861578838	2892.92323669292	3131.22571641116	2247.43467017948	2950.59766843762	2998.49177680175	3030.18684145958	3135.31144233025	2578.03669927514	3008.58433172843	3246.88953143665	2714.53631657561	2659.5631055693	2278.78068414529	2948.44691289463	2922.40647215145	3100.15599579977	3466.2389239128	2975.99635495064	3537.35859058786	2835.10030146161	2756.69504439397	3202.55966011898	3218.46216879307	3820.57368102245	2771.37772673937	2919.43356072412	2873.95886823412	2698.37287865129	3313.99287076177	3417.38812209829	2659.92229823053	2872.60008499653	2115.64876542984	3381.90718355338	2749.31298048673	3675.45659675132	3204.51756608393	3037.39800143012	3115.96140536488	2901.46177197208	2608.6414095076	2720.19289792669	2915.85474567663	2338.36993666781	2605.32488781116	2818.15598799935	3304.46112309151	3370.05774713163	3361.8853191125	3547.34540240956	2846.95527111222	2547.30759107085	2618.61447529786	2353.03051858611	2814.55965939426	3412.05699574609	2962.53223991605	2302.69273701473	2822.23271034872	2751.33975494463	4100.68152752423	2445.81222412961	2474.69870733121	2826.9758748715	3254.0034013252	2475.52425199699	3322.18327321026	3287.81708864906	2640.24403817422	2195.52994983499	2711.41451483037	2877.13493279887	3384.87418719112	3409.65533428658	2534.19242326892	2657.70129524758	3038.55401485661	2755.43790694863	2444.54350408526	3211.34299172414	3420.28054738546	3156.71801487787	3043.978312286	2715.6729829591	3067.15304467915	2488.2812769236	2588.74601660367	2664.89905065487	2907.29726943434	2633.11667123932	2565.17424265475	2814.80502377798	2769.57577550938	2841.19510826688	2612.48214446375	2374.97996943265	2759.29869097797	3007.92504951145	3173.56770982137	2977.58111114737	3281.42592039923	2995.97391480019	2487.58248715673	3254.99619017068	2728.5018454939	2863.72200399901	2942.72050768013	3607.90171268126	3180.43256502387	2878.71674726198	2642.87337246393	2803.38435717472	3974.87397585047	2598.11795886418	2431.87189406777	3124.68045381984	3333.52000614384	3312.78486644268	2791.47221591054	3806.22607233323	3152.23409825411	2914.67967192274	2668.65793601665	3007.38409621817	2888.65187222672	2205.51580437752	3117.16208133562	2965.00945038619	2513.46856746107	2624.5355169345	2537.25574948228	3617.78995969915	2568.91320237241	2813.6358907047	3023.67598101416	3117.2781132384	3781.31897788753	3150.25897304014	3033.77779376028	2935.58947808219	3448.73843583215	2960.66599082954	2702.78280376746	2983.60346960192	2801.78993957219	2803.56238594165	3384.76475507441	3127.93630750939	3687.64652282664	3004.32717985727	2395.33935898087	2931.2268050762	2642.5085586135	2766.98366162296	2376.42499436499	2582.47559249816	2702.53936882862	2728.29468615382	2481.34866094923	3362.38128130179	3135.24909434744	2425.97128578982	2545.28671536474	3058.49788468784	2498.2213671754	2919.36430517724	2661.98259102671	2594.65474392498	2731.86159025288	3089.37735307132	2857.62751772139	2373.88771787115	3654.78739274568	2137.99308010338	2672.75279591796	3230.59235309812	3281.53012844685	2438.92305412846	2982.26605960505	2495.50490846725	2424.53165253113	2616.24599909581	2334.73071503654	2929.6040761924	2946.0309202514	3130.45482878115	3046.25516267902	2697.76382513182	2882.14057899494	2648.34828156857	2915.8792753068	2387.8663833973	2794.23341562933	3270.98716885864	3248.00170535581	2703.58423529989	2563.52193393821	2574.00510915183	2464.58814338475	2843.24630101918	2477.32911951122	2637.24065658503	2380.84702254165	2869.57213223314	3137.20391415016	2764.60944453624	3796.69925709028	2523.8732715102	2532.9393453881	2825.88302174306	3384.05933441888	2960.87042401641	2540.84646873746	2825.04276325793	2824.72789304901
2024.73244405193	2845.53995666142	2448.99736136399	3357.58542306815	2951.15093758431	3121.93691421253	2780.27015928359	3221.93313162119	2700.66385657075	2576.2427756694	3116.80194836075	2576.40494350902	2782.14809782157	3314.45931474082	3331.96814203131	2770.96628141463	2852.4797505167	3577.8477883826	3026.22229086973	2891.51914964965	2863.89382303717	2780.94530839855	3077.76222592197	2794.67832995022	2689.50709965941	2770.06959761242	3172.35058204017	2841.10642602455	3185.86503161049	2610.41723691956	3363.09327978274	3451.72486981138	2859.92682759634	2695.51076963299	3857.50711311362	2473.47064513736	3465.53833954314	3059.92688364	2907.48913624142	3121.40201157008	3203.38993283608	2861.87042811565	3432.35828796089	3700.33994281696	2822.5126954691	2868.31327370288	3637.82552464746	3021.57115410699	3529.50386089262	2659.06007495773	2781.64214750695	3341.66345319926	3596.08572459364	3439.22613272004	3802.18724039579	3291.66356452875	3058.52783944871	2872.44402056194	3286.22914188408	2756.56584594685	2859.68867581462	2517.19885073707	2701.1906368333	2742.08213101332	3807.04530323267	3158.30419470587	2535.08900785861	2818.53959474033	2698.11603797516	3329.22626832392	3551.90282267541	3030.04886216159	2597.44972722129	3433.72804150209	2803.95512377881	2731.5211840684	2839.44710066084	3486.2880127167	2658.10242928849	3355.72907369751	3113.611140753	2773.360531355	2757.99216845746	3042.87585522891	2824.29422582801	3231.19238188253	3173.5189163007	2857.80520173124	2581.60329348425	2832.7505068828	3185.32880749021	3079.47776435194	2636.17639142926	3020.11863027628	4143.80961714647	3409.14390732306	2900.82618240633	3503.05628770976	2930.33870026939	3094.97426022261	2727.97429522246	2889.25258319503	2682.16563900424	3015.07021328612	2927.42698862075	2761.62595550483	2857.38547999856	3245.94154208261	3150.13721153155	2942.78304483441	3172.28834688694	2964.94538350738	2883.52316760552	3324.21252467432	2554.03884229218	3322.09865340717	2785.0374061165	2706.19596531756	3497.82415512392	2402.08711917102	2823.71191259719	2658.60808181392	3469.36247382475	2805.56229151251	2713.43770458077	2972.54348350909	2946.22526633721	2589.55369533838	2746.48445462431	2667.90300289342	3081.65217215453	2921.58560936394	2917.47418452718	2916.6413249181	2948.24699645064	2406.63216535122	2931.49747671177	2757.48954635356	2898.91812464002	3169.59464987303	3305.81286530129	3094.18681012442	3343.05104376607	2820.17331809219	2800.99389238837	2288.36248029613	2678.80302274918	2755.90071281642	2543.27489539336	2979.43600595924	3625.56960946838	2682.14348086684	2380.23826563216	2449.96330435387	3422.2643680919	3367.94916194063	2519.91848692015	2809.95640428482	2967.15111232504	3241.88205646867	2826.57335880636	2662.1547253423	2801.68264957369	3386.04061631693	3354.28483040605	2871.48276555406	2761.05337013138	2601.03550328836	3618.75268285239	2860.79372903898	2856.72336306478	4049.33767614789	3054.20405463425	2527.27818723152	3202.61113260199	2748.07034480451	3390.00538857737	2827.59619564905	3476.8814927761	2888.67482572368	2611.40559511295	3026.9318651784	2870.6447887633	2783.47632294409	3289.02983167782	2816.12563433578	3782.37720121138	3245.54240896449	3111.78142586856	2685.10025297824	3402.87406877269	2937.69941138418	2939.91603343974	3259.78595950943	2834.38976045646	3204.30090321465	2652.88628278382	2102.81029515805	2994.5150647732	2667.51750305862	3219.23853825031	3668.66328341514	2391.43975536614	2637.54195604182	3036.17595465709	3073.45745675926	3751.81389381447	3959.14397700535	3333.18262086117	3088.91301694542	3101.51831695201	2769.67053682644	2914.52331498758	2869.66777145041	2857.06695501196	2846.98119737709	2817.71957904817	2641.14716669612	2981.34173861502	3041.32929295473	3371.13784393088	2864.05121693059	2946.11996916425	2861.47273252797	3062.38411355387	3125.27768888584	2729.2388667014	3116.94715823595	2629.06689498004	3112.6398639665	2765.22107514593	2995.76790753275	2652.5333878281	3407.71091380447	2779.82682852427	3213.60870794807	2968.5259553928	2532.2105212211	2940.43722310941	4106.39120025646	3231.83796828532	2897.37879049192	3111.97414748531	3083.18451677059	2840.80454604936	3249.23972261857	2734.04574767979	3306.04059895104	3195.0417348617	2496.62163621175	3152.62080963664	3161.06966526793	3075.65005522662	2647.43223382845	3269.46043420326	3085.97749057864	3372.90482295686	2707.09669205017	2979.57387301369	3574.0312353196	3155.63596740468	2823.24803115012	4307.63330270339	2780.25276958363	2708.98561042648	2887.61735931693	3529.82499465343	3429.31318585823	3213.6005224314	2882.22433435251	3478.67782950797	3450.52347716415	2710.9639018788	3287.36584679447	3229.3808616962	3311.87156875006	2796.55541905805	2687.07529463569	3198.02967841136	3053.01252707861	3155.02664975155	2746.47537189967	2627.01995893707	3135.64492119964	2613.88982307156	2885.53394440404	2965.18924120564	2954.59286453632	3480.61170852517	2316.20013041189	2666.26259982382	3499.59547525265	3092.71313390967	3110.28651544006	2744.71633593792	3578.75685305189	2964.59607281735	2421.26518543592	3058.77722476677	2967.05675453242	2791.31174896304	3788.22629388319	3053.20902697033	2932.36238828845	3035.13550213514	3851.95097586085	3351.29801051062	2870.51557182146	2982.54511883876	2281.71529624297	3238.44048780145	3651.55054490044	3037.65559838389	2613.43754103605	3102.88056765226	3052.81496322204	2603.23572708388	3348.12137614348	3364.27836554587	2406.20890353816	3250.81228616343	2874.43872040091	3928.08094004944	2993.3421744778	2861.41164107927	2836.31669016529	3469.07818818441	3109.54228982703	2668.8426844666	3138.11847418745	2987.92037648297	3209.31184127512	2768.54655886492	2587.03268796632	2746.43601793464	3171.62019347768	2789.1861532756	2889.68097631454	2871.87924993267	2616.85906175916	2746.89374057035	3109.69807960785	2528.32792322931	2692.89811365842	3201.97641007056	2976.43106697958	3056.670390585	2671.36882665842	2831.58627531212	3296.98743800329	3057.55257809208	2674.76672044354	2918.15390632035	2899.04081764069	2934.72813567047	3084.05528449939	3137.10154037667	2942.41523026471	2699.64896869995	3098.66600565545	3142.53148139045	3056.25935029301	2538.15412609494	3190.80649632472	2708.46656114907	2778.8775274599	2904.66887774256	2422.97768859271	2656.78215394866	2787.11108826032	2239.56632932605	2957.20181754673	3031.46678164049	2773.37101402144	3246.61978730735	3366.04619019041	2776.33804505147	2992.91482436273	3123.15498129038	3012.01092268025	3438.27686523501	3062.26078967359	3217.66221621522	3052.54655056117	2968.53747735786	2447.05104946966	2955.53824282994	2919.93029651802	3227.03965942217	2446.80925467699	3051.36575890986	2980.33885412481	2704.30108608803	3029.79406511069	3062.02685988296	2881.87181366718	3020.11148610225	2419.17832626485	2735.60892763452	3802.95873614601	2661.15191418978	3181.64570367508	2837.26978089368	2629.15764970552	3949.08897618782	3028.74567955402	3160.85988185399	2838.47647639496	3146.95830392685	2696.27948015714	2610.68743922585	2402.26442959421	2626.27626116724	2935.76601407979	2520.4591652698	2653.33206061858	3509.74736045532	3293.93608362554	2788.95468892029	3089.38097248766	2915.84883200509	3292.24308588715	2902.32294460555	2754.94084051384	3042.2175858301	2721.81706663614	2730.028205334	2717.69213255567	2468.45182903195	3487.79924110604	2789.36479623414	3609.98381534513	2536.508284331	3321.25855916133	3064.81399554001	3046.98265259783	3046.1633307604	3708.29747282481	2503.3640127747	3240.9623676581	3213.34920856614	2916.54710672357	2819.39460037533	3447.13369558792	3541.46365054212	3160.63949028913	2691.14966138955	3117.88619576678	2881.85177383721	3180.40997528819	2419.48910288326	3144.31959870094	2601.00280811246	2660.3013137581	2562.22672179618	2872.50739552667	2541.34605256506	3545.14492855127	2832.27971859767	3048.37300618267	3239.72077010045	3436.59948886919	2901.11032993951	2198.30851864261	2715.17877978282	3190.23432366296	2527.34013159706	3055.76030183593	3282.10070522166	2866.94731276055	2860.51357309592	2669.35016368665	2970.48365832998	3258.57348250784	2762.10626491564	3313.12664526813	3324.93496060763	3201.54056274779	3231.47617227342	3269.46399038309	2336.02486173836	3194.67318365375	2548.30890545112	3159.33878278179	2676.53459301004	2687.14949451866	2550.22664512733	3015.00558380131	3416.55550226433	3186.78532203436	3025.63752829756	2889.1585944395	2237.91654436736	3549.94139963276	2620.35764041651	2747.85579038443	3112.19737130804	2702.32378775904	3457.00485575279	2956.58986298059	2731.80764892934	2594.76925952524	3082.61509505854	3151.23528846989	2677.78102371107	3041.95282952439	3540.93095007035	2941.69724792392	3079.93182625153	2818.04147575184	3173.0923800026	2549.71628815764	2944.15974838223	3091.13483871579	2866.89823622179	2955.14496580691	3753.41349884904	2824.68701753478	2768.88266306938	2854.63257129118	3342.03028296409	2840.89886070679	2970.21242534911	3063.80874933584	2923.1314959072	3443.93186457077	2711.25215920253	2448.41361803258	2586.08855154431	2878.13575832053	3126.96655613308	3684.4202268795	2925.57661348637	3052.43554589036	2633.79712641869	2828.8558776368	3083.21601121243	2946.00190438371	3081.78404149545	2693.90156836078	3208.55512672141	3724.27155972106	2742.21689350975	2777.2361504583	3590.74561735662	2974.38392584657	2952.55831087395	2964.47856651295	2829.63329039577	2793.92050306255	2954.71441868585	3231.79857531048	2601.49539615075	2973.49773312636	2865.48873152873	2620.31431152801	2872.0223328316	3565.28115241653	2133.81187961328	3328.68682893852	2689.53383695052	2642.19065486452	2691.3717113363	3719.86292357432	3101.81935067294	2612.60038742848	2890.89854555192	2881.35372428089	2848.79061930701	3439.93095633194	3288.0669780537	2409.84584628984	3134.03000697711	3049.41623644942	2851.04347968977	2771.72455742323	3100.53164983965	3093.33315528362	2351.73237061412	3322.97399488723	2738.55573502046	2514.25400393678	2874.31507662634	2656.39693378531	3052.69183979273	2959.19451866086	3141.70984697894	3042.22584641428	3382.76260036461	2785.14070502886	2996.8084279451	3831.54369421029	3200.31066395949	2774.00467684712	2776.81597706555	2579.43619410013	3032.0291304202	3001.84393263671	2808.45181037414	2455.49290940256	3447.30192415722	3349.41369574553	2346.29683122686	3235.61434790517	3080.93960595112	3006.90961472399	2830.82552707594	2766.42802909022	3077.1918199807	3055.81741779465	2999.91219284704	2426.68420346387	3234.24319396726	2631.42520045872	3453.77517875194	3115.66242430963	2932.19936926528	3023.87551870665	2679.0031114651	3357.47677285881	2890.14274410737	3100.9879020756	3361.63741699121	2715.4556167371	3692.83384232728	3114.88307282971	3155.04351307977	3390.93624876472	3127.69268073915	2766.27071525082	3245.12832305177	3058.81595891265	3160.22500340223	2822.21436300988	3601.74712147322	3152.52468532862	2603.30869916235	2881.71719234318	2599.32359233838	3251.03664457392	3283.84456620925	3285.77942603761	3097.31712602153	2803.13578245808	3305.10013275859	4086.06828691075	2885.43428920658	3318.11242643711	2658.96117589709	3058.12985570843	2991.99293015205	2880.53052141826	3281.05663133788	3280.31801590001	2614.64764941104	3540.44855555212	3086.49039875316	2981.34485112165	3667.7495495051	3393.36574595821	2568.74058679607	3056.60369465977	2823.1453711906	2836.04080255711	2943.72621142711	2989.45351601287	2783.27291924736	3019.03422053711	2843.19214674518	2724.82894524542	2750.58360126821	3224.89696732847	2478.4115093433	2599.34397793382	3154.3119648094	3120.61332393719	2696.61507853182	3252.44869207796	3015.31700425019	2613.80085011236	3249.98528336249	3050.13867857346	3155.49746571932	3439.70872498502	3691.99873338188	3010.12681953254	2735.40330961429	3278.03286356851	3062.14589749758	2963.76769217408	2634.38140509821	2994.47636851499	3255.44431831137	3546.6822950957	2924.77516644431	2294.67675393704	3830.1452560458	3331.4885025768	4434.01121560737	2828.08854037903	2743.11424432704	3497.96049676534	2645.44790816326	2907.81480323565	3187.11500135951	3217.14856595737	3615.84210594133	2940.39862561414	3125.78760371501	2644.63768014627	3260.92117951858	2574.61189836151	3089.13570320925	2987.0079125842	3639.185079952	3738.44945492823	2803.06943294189	2714.82586152557	3024.58920278577	3387.06994553961	3170.17981068511	3093.49169222492	2712.33112073043	2340.05606863953	2857.75662423849	2513.95206369277	2913.0090997169	3575.30978840495	4012.89609775911	3399.22352438118	2764.76861547811	2888.90178285977	3192.08256501907	2910.94873039973	3017.20628090596	3296.24381394516	3328.22943172395	3134.36967556209	3160.43048808105	2913.95163088529	2827.42695749554	3603.08525800839	3732.96538730567	2842.27530709274	3163.54816973653	2583.40072137708	2789.49414727459	3450.07514967211	3404.75972910849	2930.31334960006	3295.68645102501	2555.5730629168	2874.03798703488	3445.71288204953	3124.68995572368	3357.44519923873	3310.52143691052	2675.89122535223	3197.86109735315	3055.13590113497	3077.76962994088	3093.85544382477	3032.85805006806	3571.738648904	3228.59125687628	3026.10015116123	3180.96567125167	2266.31502218247	2390.4324856227	3365.18904151535	2976.97304917036	2579.62741286752	2699.33931868547	3041.05127043455	2623.88047950978	2453.53083817097	3236.41030676181	3122.08620799624	2959.24538728811	3066.27253229768	2564.457781257	2472.81639826059	3765.31664174528	3246.31474718101	3414.65670314364	3218.10943853498	2892.92323669292	3249.7564340347	2415.66895896207	2950.59766843762	3086.61727680275	3030.18684145958	3148.6624495937	3087.91931302405	3036.18101094471	3378.83045322108	2879.94608931821	2705.96402018428	2483.03024870022	3062.97593387457	2929.94958660833	3178.47073833711	3490.60520282869	3002.69562782072	3635.1576498649	2978.26479744829	2857.38178417238	3202.55966011898	3265.14699351371	3844.79555520005	2878.66905072302	2941.69499819141	2952.74334991476	2806.50444435658	3351.92308646163	3540.40627688936	2705.30827997001	2872.60008499653	2551.21221731067	3381.90718355338	2792.76439449387	3796.13875219769	3204.51756608393	3077.01297796549	3115.96140536488	2990.56054750725	2757.7389351803	2753.0401371333	2995.70137466248	2402.57956652947	2754.78344711338	3083.40927504838	3304.46112309151	3415.76192194639	3365.38606162271	3612.0118978974	2866.50790531238	2824.21560921578	2699.54105410978	2422.83218969189	2947.08156165065	3443.58495737303	3058.85368620486	2302.69273701473	2822.23271034872	2927.43691292251	4100.68152752423	2450.44557405874	2617.93577103856	3146.76062538877	3254.0034013252	2847.24125856715	3352.01693852098	3336.24529960294	2838.70555776201	2210.48595627705	2852.40543266213	2977.38482275089	3420.46454035607	3411.96856219112	2700.13335700058	2861.1613502942	3077.3779975579	2821.29251219758	2585.65433008934	3299.75998758894	3511.84891190668	3156.71801487787	3305.12465105768	2930.95954192152	3077.50314124147	2588.69868363603	2905.14506726616	2670.58035265894	3142.69750240102	2800.8183614451	2651.03804027324	2814.80502377798	2785.95675642679	2841.19510826688	2800.10588765883	2506.56385871436	2774.81899656422	3119.74337603388	3219.59024736228	3142.83289466115	3325.49582166745	3031.98849794968	2487.90474470794	3294.50757811104	2808.40061666801	3070.03407992224	2984.43554393925	3607.90171268126	3180.43256502387	2908.21879666887	2648.56668842324	2803.38435717472	4019.3162126242	2633.02362268591	2621.27441912081	3162.96097151238	3512.00421692693	3592.82639663605	3075.17874578406	3806.83062081718	3259.73871744193	2914.67967192274	2786.97760500626	3147.20478072896	2897.58379557867	2682.64463464298	3166.26046460543	3084.27486973891	2649.27906953877	2747.30753159979	2802.42857072682	3640.85840191771	2571.13684554323	2917.80767076502	3024.17469038894	3117.2781132384	3929.53528610345	3390.75167676907	3380.93116699916	3058.90629123034	3597.76655166517	3067.12096153379	2892.35742075293	3155.17654697577	2834.52749530461	2821.0564504974	3385.56023488177	3127.93630750939	3839.2823221944	3177.11428500418	2513.31617721217	3111.11784053742	2654.51621875871	2849.51850519596	2631.69788100626	2585.88193409276	2715.59232839272	2746.65470656754	2825.21651657838	3362.38128130179	3137.31595757249	2547.25567619515	2757.61451762342	3133.9491347062	2590.59046534549	2919.36430517724	2661.98259102671	2875.80455568653	3004.62991755742	3114.53296109697	2939.29577882153	2535.38829695251	3655.03233963542	2309.11842604573	2715.5305990307	3489.0973408045	3296.26828463097	2549.84666725813	2982.26605960505	2617.81321517502	2643.5617052061	2784.05575876187	2462.58786661072	3158.68776737901	3095.75825110051	3130.45482878115	3156.30549148925	2698.16021589509	2935.41769771053	2833.99036823978	2915.8792753068	2504.58897792829	2897.52126506404	3270.98716885864	3361.49588115996	2703.58423529989	2709.84519220376	2873.40386818393	2485.11897721879	2888.82821801057	2657.8660366317	2746.06313228722	2873.50145076267	2891.64174697116	3174.95531651595	2768.31471156309	3909.74266052062	2719.36959717068	2671.15772182005	2967.99314253968	3427.60297924015	3133.3234892442	2765.0105030571	3028.73800862083	3035.45564593739
2024.73780844324	2918.0915574766	2448.99736136399	3390.9488756999	3189.05234291161	3125.19540850315	2780.27015928359	3265.77294428101	2700.66385657075	2679.35616938465	3180.45538166446	2576.40494350902	2782.14809782157	3314.45931474082	3331.96814203131	2770.96628141463	2992.42358039048	3577.8477883826	3026.22229086973	2891.51914964965	2950.38878039815	2780.94530839855	3077.76222592197	2839.82371958645	2689.50709965941	2828.73158195537	3263.60602072807	3095.7560154163	3185.86503161049	2958.25270002125	3411.95360543889	3451.72486981138	2912.92539001092	2695.51076963299	3857.50711311362	2549.84495766861	3465.53833954314	3097.72905643556	2907.56857658045	3162.72640496141	3244.1146447528	2861.87042811565	3432.99587747773	3700.33994281696	2822.5126954691	2937.03187765514	3693.86154607235	3021.57115410699	3594.88290319239	2659.06007495773	2781.64214750695	3341.66345319926	3596.08572459364	3492.19358637018	3834.61146556798	3384.35549678281	3279.55867736579	2872.44402056194	3366.63362012803	2756.56584594685	2982.36149340497	2517.19885073707	2701.1906368333	2742.08213101332	3807.04530323267	3158.30419470587	2536.38617339383	2818.53959474033	2715.68157495024	3329.22626832392	3551.90282267541	3253.50907869679	2718.15648551253	3564.04865525122	2849.69616243627	2733.75127998262	2869.74715681693	3486.2880127167	2942.38918503551	3418.04550893591	3202.1431496415	2773.360531355	2757.99216845746	3042.87585522891	2871.21738869238	3236.44726132167	3261.76758532358	2908.06426272756	2581.60329348425	2832.7505068828	3185.32880749021	3199.01157913535	2983.45468581442	3025.53601940594	4269.98233407875	3409.14390732306	2900.82618240633	3503.05628770976	2930.33870026939	3094.97426022261	2727.97429522246	3065.64495341738	2752.68838785249	3015.07021328612	2935.1977827412	2909.99361657322	2857.38547999856	3245.94154208261	3150.13721153155	2942.78304483441	3172.28834688694	3028.67310874431	2897.26718835345	3378.73760594369	2554.03884229218	3322.09865340717	2793.47842695091	2706.19596531756	3497.82415512392	2402.08711917102	2823.71191259719	2658.60808181392	3480.60534702156	2982.00385043701	2713.43770458077	2972.54348350909	2968.67656020211	2591.92828398567	2779.30856955923	2667.90300289342	3164.67930068757	2921.58560936394	3088.39066409742	2929.49625195069	2948.24699645064	2406.63216535122	2931.49747671177	2777.60672748372	2898.91812464002	3210.73609357171	3305.81286530129	3094.18681012442	3348.76844009637	2820.17331809219	2810.56838242859	2334.31035010174	2678.80302274918	2755.90071281642	2543.27489539336	2979.43600595924	3625.56960946838	2682.14348086684	2380.23826563216	2689.99850956912	3460.00247863739	3428.84650902422	2519.91848692015	2819.91343749728	3033.67029554163	3251.05589165809	2826.57335880636	2760.33828427298	2801.68264957369	3392.18043273026	3354.28483040605	2871.48276555406	2791.29161462236	2601.03550328836	3618.75268285239	2938.30854875771	2856.72336306478	4049.33767614789	3069.86880347331	2527.27818723152	3202.61113260199	2822.87577307537	3390.00538857737	2902.37020891037	3476.8814927761	2888.67482572368	2611.40559511295	3035.5392205077	2921.62214693	2995.73640002229	3289.02983167782	2816.12563433578	3782.37720121138	3245.54240896449	3123.72849201261	2685.10025297824	3692.6860155225	2968.99509661082	2973.47736117415	3325.95637181123	2834.38976045646	3204.30090321465	2652.88628278382	2499.74436601724	3072.24260989633	2667.51750305862	3270.2688116685	3669.72056695673	2627.51327695425	2637.54195604182	3036.17595465709	3073.45745675926	3751.81389381447	3959.14397700535	3351.23604444774	3088.91301694542	3119.2349541252	2769.67053682644	2914.52331498758	2869.66777145041	3008.91621840883	2855.31031681513	2817.71957904817	2641.14716669612	2981.34173861502	3041.32929295473	3438.51921018537	2918.29840046589	2946.11996916425	2891.52900694286	3062.38411355387	3125.27768888584	2729.2388667014	3386.04978337348	2629.06689498004	3123.44458773778	2785.37429214377	3120.78486069856	2652.5333878281	3506.58447263004	2779.82682852427	3264.4220933158	3090.14826721737	2532.2105212211	3000.42692750383	4106.39120025646	3231.83796828532	2897.37879049192	3255.12646176562	3196.96439395796	2849.21022677803	3289.28075966697	2734.04574767979	3306.04059895104	3218.32469042987	2496.62163621175	3152.62080963664	3183.49059439905	3125.58500736599	2655.57998709358	3270.84110270535	3085.97749057864	3543.81858176284	2707.09669205017	2979.57387301369	3625.96854029205	3193.97504706684	2823.24803115012	4307.63330270339	2780.25276958363	2708.98561042648	2887.61735931693	3532.7296266002	3468.84238190345	3213.95768490579	2919.07532197132	3538.32025205632	3450.52347716415	2710.9639018788	3287.36584679447	3269.89813017326	3535.89106542966	2796.55541905805	2687.07529463569	3198.02967841136	3053.01252707861	3185.84100651316	2746.47537189967	2646.60468105004	3151.28053613012	2613.88982307156	2953.16520489897	3011.76418634756	2954.59286453632	3537.66227601325	2316.20013041189	2666.26259982382	3499.59547525265	3158.28958915162	3153.63285848387	2845.7765007465	3634.56603289238	3022.40602694915	2421.26518543592	3058.77722476677	3001.64277462185	2791.31174896304	3788.22629388319	3053.20902697033	2932.36238828845	3106.56353673241	3851.95097586085	3351.29801051062	2870.51557182146	2992.97907040771	2281.71529624297	3364.52012292282	3668.33874753869	3037.65559838389	2678.31670649868	3153.48815568042	3052.81496322204	2605.08019144412	3435.39053611182	3374.55880599181	2448.36552892144	3268.53586349385	2899.75047525395	3928.08094004944	3063.95493858919	2861.41164107927	2883.51995361748	3469.07818818441	3109.6666390616	2689.81786005092	3138.11847418745	2987.92037648297	3209.31184127512	2768.54655886492	2666.40152902132	2842.07479205538	3171.62019347768	2844.03039110562	3100.64139210328	2871.87924993267	2723.38056701817	2746.89374057035	3109.69807960785	2528.32792322931	2753.30748770261	3201.97641007056	2976.43106697958	3056.670390585	2671.36882665842	2841.99262418337	3296.98743800329	3057.55257809208	2717.03642359672	2964.98612816689	3011.8299453867	2934.72813567047	3168.1782637877	3147.46813035953	3118.41193051364	2788.48650029106	3098.66600565545	3220.69085319869	3056.25935029301	2579.85049599689	3190.80649632472	2708.46656114907	2778.8775274599	2929.08443308121	2437.33138674369	2664.31586555352	2853.82177478803	2346.66595178964	2957.20181754673	3031.46678164049	2773.37101402144	3246.61978730735	3366.04619019041	2776.33804505147	3280.4664251996	3123.15498129038	3045.49315580914	3446.5262196476	3062.26078967359	3219.94961075649	3052.54655056117	3004.48687575329	2505.61268692287	2968.75151784592	2931.88486194627	3331.04805729566	2446.80925467699	3051.36575890986	2980.33885412481	2704.30108608803	3212.07137438045	3062.02685988296	2881.87181366718	3020.11148610225	2479.65811942444	2780.29834353349	3802.95873614601	2776.1606748208	3181.64570367508	2837.26978089368	2629.15764970552	3949.08897618782	3028.74567955402	3160.85988185399	2890.18599705189	3184.57869639676	2814.09687937834	2610.68743922585	2498.0783164337	2626.27626116724	2935.76601407979	2520.4591652698	2726.42413998312	3509.74736045532	3334.59727086462	2788.95468892029	3089.38097248766	2915.84883200509	3292.24308588715	2952.39869154498	2798.92831052323	3046.23016678846	2721.81706663614	2794.96832040404	2718.06428095823	2468.45182903195	3487.79924110604	2835.28322851466	3616.83701286847	2536.508284331	3321.25855916133	3138.96156371263	3059.67898847414	3046.1633307604	3734.85666912585	2576.5489014874	3250.39597673094	3250.29926636111	2916.54710672357	2819.39460037533	3512.42967403205	3563.01325110328	3170.15576941105	2701.15239136979	3142.54350699543	2881.85177383721	3180.40997528819	2419.48910288326	3145.95821381557	2601.00280811246	2660.3013137581	2660.71231697489	2887.29795168569	2560.96853740649	3552.99348822744	2832.27971859767	3095.55315077899	3239.72077010045	3436.59948886919	2924.70767989003	2201.65007790392	2715.17877978282	3190.23432366296	2581.24798759787	3241.90890803347	3282.10070522166	2883.50824222851	2860.51357309592	2669.35016368665	2970.61399904518	3258.57348250784	2862.05324646565	3328.65268138139	3324.93496060763	3202.19924138449	3231.47617227342	3294.47236569298	2373.34472746928	3194.67318365375	2586.45989437784	3159.33878278179	2676.53459301004	2687.14949451866	2620.25519949807	3055.44337528015	3441.77885752511	3186.78532203436	3025.63752829756	3035.20354970299	2374.41651306512	3910.01606533082	2661.79021095346	2747.85579038443	3112.19737130804	2702.32378775904	3480.2505145904	3021.46051785994	2731.80764892934	2594.76925952524	3082.61509505854	3160.96504078367	2772.94739498336	3041.95282952439	3540.93095007035	2961.85108178362	3134.85757656548	2924.84488726333	3173.0923800026	2735.63248691017	2983.68716075452	3177.89519137474	2866.89823622179	2955.14496580691	3795.12166484116	2824.68701753478	2768.88266306938	2862.62961153775	3342.03028296409	2857.11475950963	2970.21242534911	3100.46339547048	2966.85294816174	3443.93186457077	2792.34903581463	2659.11723302175	2586.08855154431	2892.48129525903	3208.9248900833	3684.4202268795	3017.25743714982	3052.43554589036	2633.79712641869	3008.22950706071	3083.74057179447	2946.00190438371	3081.78404149545	2693.90156836078	3237.24933083291	3724.27155972106	2742.21689350975	2857.74105042108	3590.74561735662	2987.32581325616	2952.55831087395	3003.85952209526	2829.63329039577	2803.19320411359	2995.41782213754	3281.42892809859	2601.49539615075	2973.49773312636	2865.48873152873	2676.8742358672	2872.0223328316	3565.28115241653	2133.81187961328	3328.68682893852	2689.53383695052	2721.88552326397	2816.01692378596	3720.28117245225	3101.81935067294	2640.83401879458	2919.66901838268	2911.98428090499	2860.84280529947	3504.43201671129	3342.17711980983	2435.53152567325	3179.08696842313	3088.83864476845	2851.04347968977	2771.72455742323	3100.53164983965	3173.69804014088	2472.25852876155	3397.5020977522	2933.61649219543	2564.9281753441	2874.31507662634	2656.39693378531	3100.30875500527	2959.19451866086	3141.70984697894	3081.4288411326	3382.76260036461	2785.14070502886	2996.8084279451	3847.00398084818	3212.33014189202	2818.44679487816	2776.81597706555	2756.48735308026	3032.0291304202	3037.52178668612	2808.45181037414	2568.7190324459	3447.30192415722	3371.33692063941	2351.18691893552	3235.61434790517	3080.93960595112	3174.08370305992	2830.82552707594	2766.42802909022	3138.89764634004	3086.78111115762	3077.46582157645	2426.68420346387	3234.24319396726	2631.42520045872	3453.77517875194	3115.66242430963	2976.43345852258	3048.76772888598	2694.37676823394	3454.3533656049	2993.55914230681	3100.9879020756	3361.63741699121	2801.66149638047	3758.92981141352	3161.89768059881	3155.04351307977	3477.07052924945	3127.69268073915	2766.27071525082	3323.48583593103	3058.81595891265	3160.22500340223	2880.69601566299	3739.3032751584	3152.52468532862	2621.6246901825	2881.71719234318	2599.32359233838	3291.70609703973	3283.84456620925	3285.77942603761	3097.31712602153	2835.50364314051	3305.10013275859	4159.05934898325	2885.43428920658	3318.11242643711	2698.11890384669	3058.12985570843	2991.99293015205	2887.60200613688	3281.05663133788	3385.78141245886	2645.16631708113	3557.95736590657	3130.63325590115	2981.34485112165	3721.75137479856	3430.76502052297	3031.45624505336	3056.60369465977	2823.1453711906	2963.21291087591	3016.2423920604	2989.45351601287	2806.17337598492	3019.03422053711	2927.80996978731	2814.52906809677	2760.6837816067	3224.89696732847	2478.4115093433	3189.09275810593	3312.51661957201	3165.75880658083	2696.61507853182	3252.44869207796	3015.31700425019	3017.25628466286	3249.98528336249	3133.12461360346	3166.68104662719	3439.70872498502	3691.99873338188	3098.8757519903	2909.16547897037	3332.21016885702	3062.14589749758	3009.90448042826	2634.38140509821	3029.00699497788	3403.92530159931	3546.6822950957	2924.77516644431	2333.33617079742	3851.88542383878	3331.4885025768	4434.01121560737	2878.25660441102	2792.91791370645	3497.96049676534	2661.71697984352	3204.43785940397	3215.0212870182	3217.14856595737	3615.84210594133	2988.52955121712	3160.01351981383	2644.63768014627	3268.58371885272	2574.61189836151	3196.87797499158	3061.62755349129	3639.185079952	3738.44945492823	2817.96641439343	2742.83441552397	3146.40982902381	3472.09958705082	3194.03667087005	3156.25589039734	2712.33112073043	2340.05606863953	2901.16439806433	2513.95206369277	2924.89636386438	3575.30978840495	4012.89609775911	3409.06658393448	2764.76861547811	2888.90178285977	3192.08256501907	2980.46118067399	3041.65642359085	3299.57559368343	3449.65751579417	3134.36967556209	3160.43048808105	2983.37230353174	2918.61368668693	3634.55914568016	3937.07846995712	2842.27530709274	3163.54816973653	2583.40072137708	2887.96433382986	3450.07514967211	3404.75972910849	2930.31334960006	3334.66135831129	2604.19350780849	2874.03798703488	3445.71288204953	3124.68995572368	3382.30125343475	3310.52143691052	2675.89122535223	3197.86109735315	3055.13590113497	3153.71458364336	3160.42829541473	3032.85805006806	3571.738648904	3287.69553360653	3070.83186702321	3253.79799222122	2266.31502218247	2392.0611799449	3365.18904151535	2976.97304917036	2579.62741286752	2848.66904986554	3041.05127043455	2623.88047950978	2763.9866466976	3236.41030676181	3122.08620799624	2984.722701748	3109.13108617598	2608.90670000532	2593.547030406	3765.31664174528	3246.31474718101	3501.02434179193	3238.49961599775	2893.35424798368	3302.50952939671	2601.54304310357	2950.59766843762	3175.0296605287	3030.18684145958	3162.01464987527	3087.91931302405	3063.79407048535	3387.30100507678	3043.91174739122	2760.0303903693	2483.03024870022	3062.97593387457	2937.5216480171	3226.22506073681	3490.60520282869	3044.74334698251	3757.74545903001	3120.81054073532	2959.43577682012	3202.55966011898	3311.75981886906	3874.47549213752	2985.39790163498	2941.69499819141	3053.01049738047	2931.20228492418	3392.01994981399	3540.40627688936	2751.41580728323	2872.60008499653	2649.77623987084	3381.90718355338	2853.61465617046	3796.13875219769	3204.51756608393	3116.75361592224	3115.96140536488	3079.54914468964	2757.7389351803	2785.84830758587	3076.30236011833	2402.57956652947	2754.78344711338	3083.40927504838	3426.0873138771	3482.84264452504	3365.38606162271	3676.73251094259	2886.13101047752	2824.21560921578	2858.06589361995	2815.64225441562	2947.08156165065	3475.05243425226	3058.85368620486	2302.69273701473	3266.90082495919	2927.43691292251	4100.68152752423	2466.57740470267	2617.93577103856	3146.76062538877	3254.0034013252	2847.24125856715	3381.82782737674	3418.80065556756	2838.70555776201	2210.48595627705	2852.40543266213	3077.24914919071	3423.92538676689	3414.2841295668	2700.13335700058	2861.1613502942	3119.3291059549	2888.04918137989	2585.65433008934	3405.0002028551	3511.84891190668	3156.71801487787	3349.17529957294	3160.64119543984	3087.92108673829	2588.69868363603	2905.14506726616	2676.4433720945	3142.69750240102	2800.8183614451	2736.5998692188	2814.80502377798	2785.95675642679	2898.18317121946	2800.10588765883	2506.56385871436	2831.29015182703	3134.01383887415	3266.09002724975	3142.83289466115	3413.2274545029	3051.33930843299	2488.22700892728	3331.50159090629	2890.99263426467	3070.03407992224	3026.07267905762	3607.90171268126	3180.43256502387	2937.67503149996	2654.27757297987	2803.38435717472	4040.65650098886	2633.02362268591	2621.27441912081	3267.60656257367	3512.00421692693	3860.17203167405	3075.17874578406	3807.43506945964	3367.58134088805	2914.67967192274	2786.97760500626	3147.20478072896	2929.25948626517	3010.446286962	3215.39392876817	3084.27486973891	2724.73579192244	2747.30753159979	3002.52704862941	3668.5610001864	2640.75296045796	3021.72452496745	3024.69036503026	3117.2781132384	3929.53528610345	3390.75167676907	3380.93116699916	3058.90629123034	3597.76655166517	3067.12096153379	2892.35742075293	3155.17654697577	2863.41481956094	2821.0564504974	3386.3558938247	3158.03242125181	3842.25994468573	3177.11428500418	2513.31617721217	3289.63017253212	2706.32145734428	2903.34546235928	2631.69788100626	2589.29093256231	2731.99624725963	2762.54289643057	2825.21651657838	3362.38128130179	3305.05571991349	2632.50928638264	2757.61451762342	3210.41577038576	2711.39162237084	2919.36430517724	2672.64283323408	2906.31066646708	3279.03824905613	3247.81787563753	3020.85680270892	2701.29387156807	3655.27764918464	2495.06654460086	2762.71876083802	3489.0973408045	3296.26828463097	2662.64834782692	3003.79857064702	2617.81321517502	2643.5617052061	2784.05575876187	3108.10790533677	3158.68776737901	3095.75825110051	3130.45482878115	3266.16750479235	2723.42204518062	3012.9046988237	2833.99036823978	2915.8792753068	2625.0381039723	2972.60358176355	3316.66849048139	3474.33820842145	2703.58423529989	2709.84519220376	2873.40386818393	2485.11897721879	2934.54891330218	2657.8660366317	2746.06313228722	2873.50145076267	2913.7010977907	3174.95531651595	2772.02157750168	3916.26790435721	2719.36959717068	2809.95233274048	2967.99314253968	3471.02067063	3133.3234892442	2765.0105030571	3028.73800862083	3035.45564593739
2024.74317283456	2918.0915574766	2745.34917681569	3424.3939265741	3410.32182812215	3126.86575248298	2780.27015928359	3342.17749639663	2700.66385657075	2818.4964637173	3243.94143893954	2576.40494350902	2782.14809782157	3314.45931474082	3331.96814203131	2770.96628141463	3132.7579219324	3577.8477883826	3026.22229086973	2891.51914964965	3049.89199338464	2780.94530839855	3077.76222592197	2885.15438617914	2697.39155669444	2887.24783256259	3342.46818872679	3095.7560154163	3185.86503161049	3201.66128741218	3411.95360543889	3451.72486981138	2966.02332768084	2695.51076963299	3857.50711311362	2626.43279165995	3465.53833954314	3136.79978283016	2907.6486200561	3204.07876059867	3283.20744011835	2861.87042811565	3433.63367279202	3700.33994281696	2822.5126954691	2945.45259441901	3808.03553973468	3021.57115410699	3690.49393786817	2683.00072960274	2781.64214750695	3341.66345319926	3596.08572459364	3545.05129991475	3867.08672773655	3476.63399454146	3492.40659961539	2872.44402056194	3446.61209308426	2756.56584594685	3107.91577089211	2592.866760201	2997.70423637358	2742.08213101332	3807.04530323267	3158.30419470587	2607.63859449029	2818.53959474033	2733.37021630404	3329.22626832392	3551.90282267541	3497.79117414663	2781.73866565689	3651.09134147323	2851.77638750032	2767.64585845354	2904.04851921427	3486.2880127167	3197.45782109736	3779.52750851113	3234.25417320561	2773.360531355	2782.17039248286	3042.87585522891	2918.50372695446	3308.50231580114	3350.53909594238	2908.06426272756	2581.60329348425	2832.7505068828	3187.38541207131	3199.01157913535	2985.45754010001	3030.95561559156	4340.56329847987	3409.14390732306	2900.82618240633	3503.05628770976	2930.33870026939	3094.97426022261	2727.97429522246	3287.6440616538	2752.68838785249	3015.07021328612	2942.96592263871	2993.29237917245	2857.38547999856	3245.94154208261	3150.13721153155	2942.78304483441	3172.28834688694	3092.24041476889	2911.92243414579	3433.39513734333	2554.03884229218	3322.09865340717	2803.21176663653	2799.32212269091	3497.82415512392	2402.08711917102	2823.71191259719	2658.60808181392	3494.40698614114	2990.57011704287	2713.43770458077	2972.54348350909	2991.26434114252	2591.92828398567	2779.30856955923	2667.90300289342	3205.13520766452	2921.58560936394	3088.39066409742	3016.40569858856	2948.24699645064	2508.16309995102	2931.49747671177	2797.72941749444	2898.91812464002	3220.26010234126	3305.81286530129	3094.18681012442	3386.34244462897	2820.17331809219	2868.77488989299	2496.27264888914	2678.80302274918	2755.90071281642	2640.52330438177	2979.43600595924	3625.56960946838	2682.14348086684	2380.23826563216	2899.85492278034	3497.63817506368	3489.54461706848	2519.91848692015	2819.91343749728	3114.89605729221	3335.47133098508	2826.57335880636	2861.75775616306	2801.68264957369	3398.40059711992	3354.28483040605	2871.48276555406	2791.29161462236	2601.03550328836	3618.75268285239	3115.88776314062	2856.72336306478	4049.33767614789	3101.01016317847	2527.27818723152	3202.61113260199	2897.90306306876	3393.55088283444	2976.95767781094	3476.8814927761	2888.67482572368	2611.40559511295	3042.63704340883	2921.62214693	3014.79188949865	3289.02983167782	2816.12563433578	3782.37720121138	3245.54240896449	3135.7034977209	2685.10025297824	3706.01189890255	2998.6368095337	3007.01459585717	3325.95637181123	2834.38976045646	3204.30090321465	2652.88628278382	3017.80683879313	3153.05811770578	2667.51750305862	3321.53262245974	3676.23098593058	2863.43773727934	2637.54195604182	3036.17595465709	3073.45745675926	3751.81389381447	3959.14397700535	3369.26888646261	3088.91301694542	3156.19618118733	2769.67053682644	2914.52331498758	2869.66777145041	3024.5953317151	2960.72613374349	2817.71957904817	2641.14716669612	2981.34173861502	3041.32929295473	3505.56358100093	2918.29840046589	2946.11996916425	2958.1212849711	3062.38411355387	3125.27768888584	2729.2388667014	3656.01465852225	2629.06689498004	3145.28883101593	2806.61912300977	3246.2420264729	2652.5333878281	3604.5455277061	2779.82682852427	3315.23095419219	3199.86310063153	2532.2105212211	3060.1207326302	4106.39120025646	3231.83796828532	3073.46318493836	3397.32612678262	3310.90936384061	2849.21022677803	3329.59404803581	2734.04574767979	3306.04059895104	3218.32469042987	2496.62163621175	3152.62080963664	3205.92133711113	3337.95384365784	2664.25964724183	3272.29938988189	3085.97749057864	3709.533029912	2707.09669205017	2979.57387301369	3677.9514860186	3245.17915265822	2950.24544302526	4307.63330270339	2780.25276958363	2708.98561042648	3007.49763831641	3545.5062347744	3508.38234991206	3213.95768490579	2956.005020784	3675.55866685172	3450.52347716415	2710.9639018788	3287.36584679447	3310.70722552657	3535.89106542966	2796.55541905805	2715.97715728296	3198.02967841136	3053.01252707861	3219.9906845822	2746.47537189967	2735.99303219213	3166.92385512718	2613.88982307156	2974.92157747926	3075.46123007998	2954.59286453632	3595.407601015	2316.20013041189	2666.26259982382	3528.41642671161	3244.04160585198	3211.05108128663	2872.22076903224	3649.1777566459	3050.80549882476	2421.26518543592	3058.77722476677	3001.64277462185	2791.31174896304	3788.22629388319	3053.20902697033	2932.36238828845	3245.31646419593	3879.93818274006	3351.29801051062	2870.51557182146	3003.40875037832	2281.71529624297	3441.6444655992	3685.1720270975	3037.65559838389	2743.14776330874	3204.81735716126	3052.81496322204	2606.92458344294	3517.09562182076	3376.87229309067	2479.78085894907	3296.49713199768	2925.53992441322	3928.08094004944	3134.49809227677	2861.41164107927	2930.43714684413	3469.07818818441	3109.79098881417	2701.53040215188	3138.11847418745	2987.92037648297	3209.31184127512	2768.54655886492	2916.06146776452	2937.29982130294	3171.62019347768	2899.13569053061	3100.64139210328	2871.87924993267	2787.76085832149	2746.89374057035	3109.69807960785	2528.32792322931	2810.78050218801	3201.97641007056	2976.43106697958	3056.670390585	2696.47524195085	2862.93469786109	3296.98743800329	3057.55257809208	2724.81735446225	3011.77518287718	3027.80519968585	2935.63375601579	3189.63504502567	3157.99951136316	3221.66341432773	3084.2991054509	3098.66600565545	3265.82124911454	3056.25935029301	2622.55055923678	3190.80649632472	2759.23936774375	2778.8775274599	2929.08443308121	2437.33138674369	2704.13596117203	2911.71665503193	2538.46191650223	2957.20181754673	3031.46678164049	2773.37101402144	3246.61978730735	3366.04619019041	2776.33804505147	3325.21123430679	3123.15498129038	3085.84943746774	3454.77361184287	3062.26078967359	3223.09139182869	3052.54655056117	3036.26292714793	2564.26677668928	2983.27293683424	2995.88365711676	3390.96794591475	2446.80925467699	3051.36575890986	2980.33885412481	2704.30108608803	3394.37143761649	3062.02685988296	2881.87181366718	3020.11148610225	2660.86145848751	2780.29834353349	3802.95873614601	2891.52560516323	3181.64570367508	2837.26978089368	2629.15764970552	3949.08897618782	3066.20085638559	3160.85988185399	3093.63149087866	3245.45981616701	2881.6857818803	2610.68743922585	2691.41744837403	2626.27626116724	2935.76601407979	2520.4591652698	2799.45435973332	3509.74736045532	3334.59727086462	2788.95468892029	3089.38097248766	2915.84883200509	3292.24308588715	3002.43538313543	2843.00842524752	3052.32777570983	2753.29769792378	2816.57597814016	2718.43744654956	2506.87301955745	3487.79924110604	2894.54636316877	3620.70164013007	2536.508284331	3321.25855916133	3262.90630438132	3072.36983907574	3046.1633307604	3804.62864929545	2672.8191667662	3259.84190743603	3287.27336735907	2916.54710672357	2834.0615146904	3512.42967403205	3584.506997036	3214.03588920922	2730.12755702266	3167.24672782782	2881.85177383721	3180.40997528819	2419.48910288326	3147.59681690256	2601.00280811246	2660.3013137581	2758.78811795788	2925.8560386288	2578.2115910498	3560.86933644845	2832.27971859767	3131.62763051075	3239.72077010045	3436.59948886919	2948.61922590585	2204.99184022691	2798.12656195102	3190.23432366296	2757.64777997355	3315.02350033407	3375.88530349316	2900.40612168748	2860.51357309592	2669.35016368665	2991.75862604615	3258.57348250784	2862.05324646565	3328.65268138139	3324.93496060763	3202.90687647474	3231.47617227342	3312.49383779805	2411.05373487996	3194.67318365375	2664.88791400227	3159.33878278179	2676.53459301004	2687.14949451866	2620.25519949807	3055.44337528015	3466.99972606406	3186.78532203436	3025.63752829756	3180.50951646429	2374.41651306512	3910.01606533082	2703.6458305972	2747.85579038443	3112.19737130804	2702.32378775904	3503.69916912343	3087.18957877567	2731.80764892934	2594.76925952524	3082.61509505854	3170.69392079835	2879.7019610583	3041.95282952439	3540.93095007035	2993.38394280708	3157.93062530631	3078.98350432498	3173.0923800026	2923.20761622076	3004.61463231014	3264.36637901142	2866.89823622179	2955.14496580691	3836.70838897065	2824.68701753478	2768.88266306938	2870.62509287771	3342.03028296409	2857.11475950963	2970.21242534911	3100.46339547048	3010.66759949535	3443.93186457077	2873.22400051826	2872.36392141696	2586.08855154431	2906.83132781074	3290.62073349139	3684.4202268795	3093.58014997712	3052.43554589036	2633.79712641869	3120.64528575775	3085.76864764654	2946.00190438371	3081.78404149545	2693.90156836078	3266.14898730889	3724.27155972106	2742.21689350975	2896.61360502471	3590.74561735662	3000.38160055535	2952.55831087395	3043.18128501784	2829.63329039577	2809.96233520581	3053.89028227282	3330.97898069824	2601.49539615075	2973.49773312636	2865.48873152873	2747.585295306	2872.0223328316	3565.28115241653	2133.81187961328	3328.68682893852	2689.53383695052	2753.57003592181	2930.76768622634	3720.28117245225	3101.81935067294	2669.05774239269	2935.98561724145	2961.44500935879	2872.89829253617	3504.43201671129	3342.17711980983	2690.63447878317	3224.13739814222	3092.85870028879	2851.04347968977	2771.72455742323	3100.53164983965	3249.14595744745	2607.51465258827	3421.23001556581	3023.09274071941	2571.72804355938	2874.31507662634	2656.39693378531	3147.76345875421	3091.65327496046	3141.70984697894	3121.00093995338	3382.76260036461	2785.14070502886	2996.8084279451	3862.4412088233	3229.34956290827	2862.94064810493	2776.81597706555	2866.76405544095	3032.0291304202	3074.00119607267	2910.6966254625	2568.7190324459	3447.30192415722	3393.53620289345	2440.11024042213	3235.61434790517	3080.93960595112	3174.08370305992	2830.82552707594	2766.42802909022	3196.63005786031	3220.89502360206	3155.11240623351	2581.13819071085	3234.24319396726	2631.42520045872	3453.77517875194	3115.66242430963	3020.94682726584	3073.75417312991	2723.66452847425	3553.05635951449	3032.46706570012	3100.9879020756	3361.63741699121	2832.5169218028	3825.25838309763	3161.89768059881	3155.04351307977	3562.77984319408	3142.91226188054	2766.27071525082	3402.53277632312	3058.81595891265	3160.22500340223	2939.04171440288	3875.63295910328	3152.52468532862	2621.6246901825	2881.71719234318	2599.32359233838	3332.64175396287	3283.84456620925	3285.77942603761	3097.31712602153	2898.08489841837	3305.10013275859	4290.63605023764	2885.43428920658	3318.11242643711	2767.98333311417	3058.12985570843	2991.99293015205	2894.67493707607	3281.05663133788	3417.36739484024	2677.15877891841	3576.13885108852	3174.88302142264	2981.34485112165	3776.43221348386	3430.76502052297	3045.91252165339	3056.60369465977	2823.1453711906	3103.61572735965	3088.54418854664	2989.45351601287	2829.97521705186	3019.03422053711	2927.80996978731	2888.15278265481	2840.42995879544	3224.89696732847	2506.9169537883	3439.2655917492	3437.8728104416	3211.16766852154	2696.61507853182	3252.44869207796	3015.31700425019	3206.4777459765	3274.15546108959	3216.77947316136	3305.20418695316	3439.70872498502	3691.99873338188	3188.98029528024	2966.38219212727	3389.11290823123	3062.14589749758	3055.97505572839	2634.38140509821	3063.67794340629	3493.5112681722	3546.6822950957	2924.77516644431	2719.36684988955	3938.65897404737	3331.4885025768	4434.01121560737	2928.44801157726	2830.9923359114	3497.96049676534	2678.60814789875	3207.15036277769	3219.68820191166	3217.14856595737	3615.84210594133	3036.55463970218	3211.20778018876	2644.63768014627	3276.24609546658	2574.61189836151	3304.03994606472	3136.54713388501	3639.185079952	3738.44945492823	2833.03438192439	2770.94842289718	3146.40982902381	3556.83349084636	3213.08113553481	3218.87942012836	2774.03552303144	2751.23642894516	2906.35497780036	2513.95206369277	2936.8097640395	3575.30978840495	4012.89609775911	3434.0987088547	2764.76861547811	2888.90178285977	3192.08256501907	3050.40144834033	3234.24762047616	3302.934036173	3571.52308013405	3134.36967556209	3197.14656822323	3319.98796318338	2942.12899919218	3667.49259308106	4140.66681949628	2842.27530709274	3163.54816973653	2583.40072137708	2987.22958727134	3450.07514967211	3404.75972910849	2930.31334960006	3393.09482336981	2690.88011643743	2874.03798703488	3445.71288204953	3124.68995572368	3407.28301011771	3329.48954980952	2675.89122535223	3197.86109735315	3055.13590113497	3274.50955207651	3226.91411051189	3051.87921938527	3571.738648904	3287.69553360653	3115.60890922604	3289.50810551661	2506.11783307699	2392.0611799449	3365.18904151535	2976.97304917036	2579.62741286752	2848.66904986554	3041.05127043455	2623.88047950978	2855.95791811413	3236.41030676181	3122.08620799624	3128.29548972382	3208.50071713249	2654.52832090421	2714.27199020731	3765.31664174528	3246.31474718101	3501.02434179193	3245.04723728609	2929.96879656382	3302.50952939671	2793.16037114694	2950.59766843762	3263.71483720365	3030.18684145958	3173.80667467547	3087.91931302405	3088.66128488841	3457.54891441801	3206.26954890022	2831.67241492434	2483.03024870022	3062.97593387457	2979.82241939411	3265.07797414866	3490.60520282869	3105.59173532603	3880.26219240411	3174.22577223805	3062.75404005917	3202.55966011898	3358.29978980917	3895.07738150798	3091.52426528697	2941.69499819141	3061.51558095094	3104.42329247613	3427.48210915351	3540.40627688936	2798.21423277863	2879.58704368395	2649.77623987084	3381.90718355338	2914.62423651114	3796.13875219769	3204.51756608393	3156.5940605493	3115.96140536488	3168.42186186085	2757.7389351803	2818.61594600886	3076.30236011833	2402.57956652947	2754.78344711338	3083.40927504838	3426.0873138771	3482.84264452504	3365.38606162271	3735.35521193154	2953.97926498284	2824.21560921578	3018.50134561387	2967.8617088488	2947.08156165065	3506.45856678748	3058.85368620486	2386.56069744508	3349.98551610226	2927.43691292251	4100.68152752423	2471.47446345112	2617.93577103856	3146.76062538877	3254.0034013252	2847.24125856715	3411.61570150563	3505.70434337352	2838.70555776201	2443.95894497219	2852.40543266213	3176.66677436362	3427.39072786944	3416.60201965562	2700.13335700058	2861.1613502942	3194.91331044285	2955.52082420997	2585.65433008934	3509.67387127675	3511.84891190668	3156.71801487787	3360.41165919407	3264.64572333942	3098.40625264681	2588.69868363603	2905.14506726616	2712.91547565166	3142.69750240102	2800.8183614451	2821.84936997972	2814.80502377798	2785.95675642679	3037.54039365367	2800.10588765883	2506.56385871436	3063.8022176704	3169.9317881042	3313.05087592999	3142.83289466115	3500.7173799304	3056.4437227209	2488.5492798097	3374.2624732903	2890.99263426467	3070.03407992224	3061.99536003791	3607.90171268126	3180.43256502387	2967.08306061356	2660.00592289945	2803.38435717472	4098.21988605062	2633.02362268591	2621.27441912081	3368.63678877638	3512.00421692693	4114.15823420556	3075.17874578406	3808.03941824905	3475.7401777398	2914.67967192274	2924.65333369361	3147.20478072896	2929.25948626517	3010.446286962	3264.56025584804	3084.27486973891	2784.42097777099	2747.30753159979	3005.99363344656	3696.77010407438	2710.25394292696	3032.21135540105	3025.22298555303	3117.2781132384	3929.53528610345	3390.75167676907	3380.93116699916	3058.90629123034	3597.76655166517	3067.12096153379	2892.35742075293	3155.17654697577	2871.67330804469	2821.0564504974	3387.1517317801	3216.00455603461	3849.94616028162	3177.11428500418	2668.85800404923	3466.48211555776	2758.29825905038	2903.34546235928	2631.69788100626	2712.19054135286	2755.64122788762	2901.77322079816	2825.21651657838	3362.38128130179	3305.05571991349	2744.52693645728	2757.61451762342	3257.29377008188	2832.2651126725	2925.16076623919	2689.2884459972	2921.23315647782	3554.86475110919	3260.59533935836	3102.29157705167	2989.3909819124	3655.52332131379	2633.66555594879	2831.63466078583	3489.0973408045	3296.26828463097	2711.58160946657	3003.79857064702	2617.81321517502	2643.5617052061	2799.16706355874	3212.41100902245	3158.68776737901	3095.75825110051	3130.45482878115	3325.87823811994	2748.73146585871	3065.27017152045	2833.99036823978	2915.8792753068	2748.78551403232	3019.19593634944	3496.97748437669	3586.45215027428	2703.58423529989	2709.84519220376	2873.40386818393	2543.14017146029	2980.40397120056	2657.8660366317	2746.06313228722	2873.50145076267	2944.87860656045	3174.95531651595	2775.73003762663	3916.26790435721	2719.36959717068	2949.14212774552	2967.99314253968	3514.30649377147	3133.3234892442	2765.0105030571	3028.73800862083	3035.45564593739
2024.74853722587	2918.0915574766	2955.77014190507	3457.91877062754	3447.16968337857	3128.5480548347	2780.27015928359	3419.47416756836	2700.66385657075	2950.42113499561	3307.21861031889	2576.40494350902	2831.56730180509	3320.85106569037	3331.96814203131	2770.96628141463	3220.44533521705	3577.8477883826	3026.22229086973	2891.51914964965	3049.89199338464	2780.94530839855	3077.76222592197	2930.66426269172	2705.83010881558	2945.61656146834	3342.46818872679	3095.7560154163	3185.86503161049	3241.10183685181	3411.95360543889	3451.72486981138	3016.58172571318	2695.51076963299	3857.50711311362	2703.22357498887	3465.53833954314	3152.83353062474	2907.72926658512	3245.45817829185	3305.21107088979	2861.87042811565	3476.46935596615	3700.33994281696	2822.5126954691	2992.82518519126	3808.03553973468	3021.57115410699	3690.49393786817	2988.29375310493	2781.64214750695	3419.6204425976	3596.08572459364	3597.78667031285	3899.61182376131	3568.47621960499	3696.54406237532	2872.44402056194	3608.17769496449	2756.56584594685	3107.91577089211	2663.65415571057	3301.35169043095	2742.08213101332	3807.04530323267	3158.30419470587	2612.62793250557	2818.53959474033	2751.17968462985	3329.22626832392	3551.90282267541	3672.50511487659	2797.73283975376	3651.09134147323	2853.96128023994	2812.57747500987	3005.70160815625	3486.2880127167	3374.21326237839	3779.52750851113	3266.70387509787	2773.360531355	2822.13818632903	3042.87585522891	2966.13991527579	3380.33616094004	3439.80594882649	2908.06426272756	2581.60329348425	2832.7505068828	3222.24541162759	3199.01157913535	2987.46611890441	3070.93375359008	4340.56329847987	3409.14390732306	2900.82618240633	3503.05628770976	2930.33870026939	3094.97426022261	2727.97429522246	3287.6440616538	2828.60121170694	3015.07021328612	2950.73138662241	3057.0357063146	2857.38547999856	3245.94154208261	3150.13721153155	2942.78304483441	3172.28834688694	3155.64467619598	2911.92243414579	3488.18074616753	2554.03884229218	3322.09865340717	2830.19361703267	2925.37312294376	3497.82415512392	2411.92473560452	2823.71191259719	2658.60808181392	3494.40698614114	2993.6350786644	2713.43770458077	2972.54348350909	3013.98591421616	2591.92828398567	2779.30856955923	2667.90300289342	3205.13520766452	2921.58560936394	3088.39066409742	3103.15351696728	2948.24699645064	2793.38575321078	2931.49747671177	2817.85654372892	2898.91812464002	3254.87594321136	3305.81286530129	3100.53811098437	3435.14372201306	2820.17331809219	3028.85163653767	2590.85724453496	2678.80302274918	2755.90071281642	2741.14633205341	2979.43600595924	3625.56960946838	2682.14348086684	2380.23826563216	2973.57248460814	3535.17007831394	3550.03615974667	2519.91848692015	2819.91343749728	3195.99148713763	3419.65511835326	2826.57335880636	3022.27513821356	2801.68264957369	3404.7006582864	3512.11213779245	2871.48276555406	2791.29161462236	2601.03550328836	3618.75268285239	3269.84367053017	2856.72336306478	4049.33767614789	3133.70212375331	2527.27818723152	3202.61113260199	2915.98163921641	3610.12773531321	3051.33772004623	3476.8814927761	2888.67482572368	2611.40559511295	3047.56190981948	2921.62214693	3044.8224866739	3289.02983167782	2816.12563433578	3782.37720121138	3245.54240896449	3171.94641695959	2685.10025297824	3722.56608032872	2998.6368095337	3040.52128997686	3325.95637181123	2834.38976045646	3346.88735271996	2652.88628278382	3324.10010867259	3234.40143990924	2667.51750305862	3373.02167543635	3676.23098593058	2939.48136497996	2670.46976533603	3036.17595465709	3073.45745675926	3751.81389381447	3959.14397700535	3387.28076965875	3088.91301694542	3156.19618118733	2769.67053682644	3046.65339739036	2869.66777145041	3024.5953317151	3029.899592576	2817.71957904817	2641.14716669612	2981.34173861502	3041.32929295473	3572.25760524454	2918.29840046589	2946.11996916425	3033.4648290471	3062.38411355387	3125.27768888584	2729.2388667014	3656.01465852225	2629.06689498004	3167.10316686432	2833.81276072837	3272.06280603933	2652.5333878281	3701.52352411052	2779.82682852427	3366.00755651199	3309.4455935219	2532.2105212211	3119.51030648679	4106.39120025646	3231.83796828532	3286.82151424688	3538.53072104142	3424.99801930043	2849.21022677803	3370.17185128852	2734.04574767979	3306.04059895104	3218.32469042987	2601.42157479569	3152.62080963664	3305.66827082449	3337.95384365784	2672.95016436467	3273.83517806209	3085.97749057864	3869.87194168108	2707.09669205017	3012.97757325305	3683.93428504508	3282.79558614542	3017.6720915973	4307.63330270339	2780.25276958363	2708.98561042648	3267.24947888171	3559.59114138985	3547.93257461669	3288.35346354902	2993.0114329369	3675.55866685172	3450.52347716415	2710.9639018788	3287.36584679447	3351.77007574124	3535.89106542966	2796.55541905805	2769.05484919667	3198.02967841136	3053.01252707861	3294.63827363649	2746.47537189967	2787.14648155197	3182.57366753555	2613.88982307156	2974.92157747926	3180.8131499773	2954.59286453632	3653.82061324093	2316.20013041189	2666.26259982382	3528.41642671161	3329.39623217817	3211.05108128663	3004.8521720399	3663.16050667	3050.80549882476	2421.26518543592	3058.77722476677	3180.83527353501	2791.31174896304	3788.22629388319	3053.20902697033	2932.36238828845	3253.16502845008	3937.55612471261	3351.29801051062	2870.51557182146	3013.83413398641	2479.96118931684	3441.6444655992	3702.04989761292	3037.65559838389	2807.92876099445	3256.8386562116	3052.81496322204	2608.76890303428	3530.00540549053	3418.14921300289	2511.20615426449	3296.49713199768	2957.93202607395	3928.08094004944	3204.93461492624	2861.41164107927	2977.06351491711	3469.07818818441	3109.9153390847	2710.47071200526	3138.11847418745	2987.92037648297	3209.89384928968	2768.54655886492	3168.54023218831	3032.02310786881	3171.62019347768	2954.49226568324	3100.64139210328	2871.87924993267	2852.34763064154	2746.89374057035	3109.69807960785	2528.32792322931	2868.2234084281	3201.97641007056	3113.63293397308	3056.670390585	2769.92961086414	2888.04023328125	3296.98743800329	3057.55257809208	2727.9483411394	3058.50710560174	3106.47891150478	2981.80682881331	3299.5254232435	3168.69194450194	3226.39147851629	3431.40259268387	3098.66600565545	3327.66148680289	3056.25935029301	2712.24771383374	3190.80649632472	2828.6469521805	2778.8775274599	2929.08443308121	2437.33138674369	2756.66523962126	2911.71665503193	2610.34736695735	2957.20181754673	3108.41320420412	2796.97329512867	3246.61978730735	3366.04619019041	2776.33804505147	3325.21123430679	3123.15498129038	3132.12469817791	3463.01903626069	3062.26078967359	3223.09139182869	3052.54655056117	3036.26292714793	2871.04801900511	2983.27293683424	3060.99559479568	3390.96794591475	2492.92371705691	3051.36575890986	2980.33885412481	2704.30108608803	3394.37143761649	3062.02685988296	2881.87181366718	3020.11148610225	2844.67531425378	2780.29834353349	3802.95873614601	3007.21294780469	3181.64570367508	2837.26978089368	2629.15764970552	3949.08897618782	3167.41900623042	3160.85988185399	3163.8457185918	3268.48499951303	2909.38316262409	2610.68743922585	2729.4724460659	2626.27626116724	2974.17478346293	2529.37557575206	2872.37676459065	3509.74736045532	3334.59727086462	2788.95468892029	3089.38097248766	2915.84883200509	3461.53977585103	3052.40980545379	2843.00842524752	3058.63126616054	2853.60034697537	2900.68768841777	2780.92852503918	2605.32647234435	3487.79924110604	2983.96341898774	3624.56874153301	2536.508284331	3321.25855916133	3387.27889983287	3085.05506615201	3046.1633307604	3804.62864929545	2736.06286321874	3335.11930662097	3324.27064225268	2916.54710672357	2835.60360819182	3512.42967403205	3605.94308613017	3298.7806875095	2807.91774211474	3191.99510701204	2881.85177383721	3180.40997528819	2419.48910288326	3149.23540688448	2601.00280811246	2660.3013137581	2856.39784196559	3100.04330623431	2578.2115910498	3568.77230801925	2832.27971859767	3162.03339719811	3239.72077010045	3436.59948886919	2972.82667132525	2336.52720827229	3000.96029125954	3190.23432366296	2769.25263394477	3315.02350033407	3427.77204738223	2921.25491141477	2860.51357309592	2669.35016368665	3061.43715912531	3258.57348250784	2862.05324646565	3328.65268138139	3324.93496060763	3203.66349787589	3231.47617227342	3313.71200101464	2448.46116936765	3245.87105588116	2664.88791400227	3159.33878278179	2676.53459301004	2687.14949451866	2620.25519949807	3055.44337528015	3492.21799064336	3186.78532203436	3025.63752829756	3292.00343544412	2374.41651306512	3910.01606533082	2745.90904481895	2765.26719468153	3112.19737130804	2702.32378775904	3503.69916912343	3233.2782504696	2731.80764892934	2594.76925952524	3082.61509505854	3214.78699259473	2984.85015524529	3041.95282952439	3540.93095007035	3020.91190369112	3181.54437161848	3157.76353409788	3210.72736172767	3112.17433759689	3008.42721714381	3350.54269873297	2866.89823622179	2955.14496580691	3836.70838897065	2824.68701753478	2768.88266306938	2878.61897595666	3342.03028296409	2857.11475950963	2970.21242534911	3100.46339547048	3054.57341600513	3443.93186457077	2953.85629764826	3087.82301000126	2586.08855154431	2936.75254356681	3372.04945930706	3686.14646904597	3169.93451184425	3052.43554589036	2633.79712641869	3232.58842151655	3087.80024244455	2946.00190438371	3081.78404149545	2693.90156836078	3295.24936007078	3724.27155972106	2742.21689350975	2941.55086979208	3590.74561735662	3013.54993080111	2952.55831087395	3082.44331846393	2829.63329039577	2823.30020479478	3075.15949718933	3330.97898069824	2601.49539615075	2973.49773312636	2865.48873152873	2747.585295306	2872.0223328316	3565.28115241653	2133.81187961328	3328.68682893852	2689.53383695052	2850.34847982495	3044.91591208014	3720.28117245225	3143.7464410572	2669.05774239269	2952.30060252528	2961.44500935879	2884.9566694764	3504.43201671129	3342.17711980983	2710.87650161436	3230.7836986235	3147.57621522576	2851.04347968977	2771.72455742323	3117.57052616005	3329.89916946805	2740.85083405607	3445.38762239143	3023.09274071941	2919.79866368719	2874.31507662634	2656.39693378531	3195.0541110797	3290.64054302661	3141.70984697894	3121.00093995338	3382.76260036461	2785.14070502886	2996.8084279451	3877.85517018788	3246.43100922882	2906.89781864192	2776.81597706555	2906.72797364455	3077.31221319335	3111.25785365681	2924.0603820206	2650.47920045878	3447.30192415722	3393.53620289345	2550.95850271261	3235.61434790517	3080.93960595112	3174.08370305992	2830.82552707594	2766.42802909022	3206.98064249236	3320.75662378049	3155.11240623351	2673.83289904061	3234.24319396726	2631.42520045872	3453.77517875194	3115.66242430963	3065.73037544348	3073.75417312991	2753.04416242212	3627.87185145605	3032.46706570012	3100.9879020756	3361.63741699121	2913.44298848751	3891.81089686546	3161.89768059881	3155.04351307977	3648.03535713916	3149.81879452208	2766.27071525082	3482.23445776177	3058.81595891265	3160.22500340223	2997.24974601501	4010.62006651825	3166.57945066325	2621.6246901825	2881.71719234318	2599.32359233838	3373.83604941395	3283.84456620925	3290.11649884026	3097.31712602153	2960.73654833353	3305.10013275859	4310.58780888659	2885.43428920658	3318.11242643711	2837.75463092212	3058.12985570843	2991.99293015205	2901.74922628053	3281.05663133788	3417.36739484024	2710.52737072689	3602.95128613937	3200.99232291565	2981.34485112165	3776.43221348386	3430.76502052297	3060.39642917689	3064.45926030022	2823.1453711906	3335.00269693854	3144.10013877282	2989.45351601287	2853.88059503596	3019.03422053711	2927.80996978731	2962.4005114818	2873.19419383886	3224.89696732847	2642.90122082361	3449.7885611921	3437.8728104416	3211.16766852154	2696.61507853182	3252.44869207796	3015.31700425019	3235.3007060916	3309.44579519874	3301.06751917839	3481.13082274258	3439.70872498502	3691.99873338188	3244.80496653784	3088.60611472947	3404.76134533849	3062.14589749758	3101.97844164834	2634.38140509821	3098.48567128969	3584.90871393801	3546.6822950957	2924.77516644431	2919.86650215229	4078.42936965622	3331.4885025768	4434.01121560737	2978.66035754294	2890.58359626735	3497.96049676534	2695.63162335635	3207.15036277769	3219.68820191166	3217.14856595737	3615.84210594133	3084.47080724555	3211.20778018876	2644.63768014627	3283.90820427265	2574.61189836151	3410.6096366606	3211.75427310955	3647.43452990388	3738.44945492823	2848.27072798911	2799.16547484783	3146.40982902381	3641.25366906927	3232.11318643814	3281.36032605023	2880.01917897562	2795.85195917721	2931.95333432664	2628.57709602352	2948.74904712187	3575.30978840495	4012.89609775911	3459.12661187347	2764.76861547811	2888.90178285977	3192.08256501907	3083.48516976499	3437.54374512255	3306.31905701281	3571.52308013405	3134.36967556209	3253.36270988903	3349.50878178318	2942.12899919218	3710.99117828998	4331.46270643902	3150.88542713034	3163.54816973653	2583.40072137708	3035.25752705501	3450.07514967211	3404.75972910849	2949.88222924133	3451.71548746499	2777.37212925636	2874.03798703488	3445.71288204953	3124.68995572368	3432.3881432232	3373.85304466978	2675.89122535223	3197.86109735315	3055.13590113497	3395.64049934002	3293.30129071425	3088.85152310541	3571.738648904	3287.69553360653	3115.60890922604	3293.25560761491	2797.95494410892	2434.89351587426	3365.18904151535	2978.35463017129	2579.62741286752	2848.66904986554	3041.05127043455	2623.88047950978	2892.99166527908	3236.41030676181	3122.08620799624	3128.94989064388	3363.75650033841	2701.26594541514	2815.41505281687	3765.31664174528	3246.31474718101	3501.02434179193	3245.04723728609	3002.80910045633	3302.50952939671	2989.51761632037	2950.59766843762	3352.6596593947	3030.18684145958	3173.80667467547	3087.91931302405	3103.95400899236	3457.54891441801	3366.87560956034	2903.23588524559	2540.15747017683	3062.97593387457	2998.01312451857	3304.17814384853	3490.60520282869	3115.97755873559	4002.6926812029	3222.60850572493	3211.1959506712	3202.55966011898	3404.76605125202	3915.2153242304	3197.01138743654	2941.69499819141	3061.51558095094	3272.50479001522	3467.33464665499	3592.83765867827	2845.67432668667	2903.53567022568	2649.77623987084	3381.90718355338	2956.32329496867	3796.13875219769	3204.51756608393	3196.50959866333	3115.96140536488	3263.93779034687	2757.7389351803	2851.34163824401	3076.30236011833	2402.57956652947	2754.78344711338	3083.40927504838	3462.74923971506	3482.84264452504	3365.38606162271	3746.44540143385	3005.92990695874	2824.21560921578	3084.2737502318	3042.10269835389	2947.08156165065	3537.80251019499	3058.85368620486	2472.56974163443	3429.23510791934	2927.43691292251	4100.68152752423	2501.82040579284	2617.93577103856	3146.76062538877	3254.0034013252	2847.24125856715	3441.38032258904	3505.70434337352	2838.70555776201	2581.79064443112	2852.40543266213	3275.582273997	3430.8605504182	3418.92221573459	2700.13335700058	2861.1613502942	3292.87800305434	3022.59425219651	2604.18720394058	3540.1149446842	3511.84891190668	3156.71801487787	3371.77535709968	3297.09658918977	3108.95801417821	2588.69868363603	2905.14506726616	2760.52943199502	3142.69750240102	2856.63606328635	2906.77666506775	2814.80502377798	2785.95675642679	3136.71350055783	2852.08450872865	2506.56385871436	3295.63439251216	3280.16687155367	3360.45727064206	3142.83289466115	3578.7241765407	3080.22782998088	2488.87155735005	3416.9562224772	2890.99263426467	3070.03407992224	3081.87660958153	3607.90171268126	3180.43256502387	2996.44056746075	2665.75163546124	2803.38435717472	4155.80207607483	2633.02362268591	2621.27441912081	3408.63467520083	3512.00421692693	4354.11773884311	3075.17874578406	3808.64366717382	3584.19505246599	2914.67967192274	3099.03625917806	3147.20478072896	2929.25948626517	3010.446286962	3321.65006894859	3084.27486973891	2784.42097777099	2747.30753159979	3016.11606985565	3702.95674042889	2779.63589615622	3032.21135540105	3025.77253229362	3238.58468126128	3929.53528610345	3390.75167676907	3380.93116699916	3058.90629123034	3597.76655166517	3067.12096153379	2892.35742075293	3155.17654697577	2893.98205319231	2821.0564504974	3387.94774862486	3274.37531919684	3922.89124945281	3177.11428500418	2669.69378526182	3583.56949280966	2811.4758718093	2903.34546235928	2631.69788100626	2712.19054135286	2779.47973591035	2934.02610746755	2825.21651657838	3362.38128130179	3305.05571991349	2744.52693645728	2757.61451762342	3257.29377008188	2953.19331494181	2985.33162360919	2705.91895825528	2936.17563207202	3685.44065381205	3273.48661321455	3183.58249289045	3235.21556016833	3835.81389254391	2675.66257538171	3015.65579763139	3489.0973408045	3296.26828463097	2711.58160946657	3003.79857064702	2617.81321517502	2643.5617052061	2824.11265585514	3286.40276412474	3158.68776737901	3095.75825110051	3130.45482878115	3353.95848681747	2774.08240678541	3108.0371655788	2863.54365841365	3038.80044232179	2748.78551403232	3019.19593634944	3496.97748437669	3697.76768313351	2703.58423529989	2709.84519220376	2873.40386818393	2693.69842538863	3026.38918762901	2657.8660366317	2746.06313228722	2873.50145076267	2998.02023625447	3185.25626685861	2779.44008723248	3916.26790435721	2733.38317454884	3175.01667329007	2967.99314253968	3557.45474286166	3133.3234892442	2765.0105030571	3028.73800862083	3035.45564593739
2024.75390161719	2918.0915574766	3015.86290419709	3491.52165663126	3447.16968337857	3130.24227557805	2968.78478444454	3497.34420599855	2700.66385657075	3065.46061919003	3370.24800465506	2576.40494350902	2839.85959052335	3327.38826746097	3380.87999536813	2770.96628141463	3279.55515319754	3577.8477883826	3026.22229086973	2891.51914964965	3049.89199338464	2780.94530839855	3158.90586651681	3044.85814482522	2714.354562928	3003.83597606962	3342.46818872679	3130.5066154524	3185.86503161049	3241.10183685181	3411.95360543889	3451.72486981138	3063.401976535	2746.07025870185	3857.50711311362	2780.20752475327	3465.53833954314	3161.70669224863	2907.8105160839	3245.45817829185	3327.18565411838	2861.87042811565	3534.17816426832	3700.33994281696	2822.5126954691	2992.82518519126	3808.03553973468	3021.57115410699	3690.49393786817	3290.40254446386	2781.64214750695	3533.21622753807	3596.08572459364	3650.38767018853	3932.18557915825	3659.86050320827	3888.18040836345	2872.44402056194	3608.17769496449	2756.56584594685	3107.91577089211	2778.36750042966	3588.56384990954	2742.08213101332	3807.04530323267	3158.30419470587	2617.61704492274	2818.53959474033	2751.17968462985	3329.22626832392	3551.90282267541	3672.50511487659	2813.77213049358	3651.09134147323	2853.96128023994	2858.04824439557	3107.44926635916	3486.2880127167	3553.75636041516	3779.52750851113	3299.48346588833	2773.360531355	2863.32373817117	3042.87585522891	2966.13991527579	3451.89929639813	3529.54272087643	2908.06426272756	2610.73800007205	2832.7505068828	3257.00433363244	3228.27924027526	2989.48041074102	3155.5526590562	4340.56329847987	3409.14390732306	2900.82618240633	3503.05628770976	2930.33870026939	3094.97426022261	2727.97429522246	3287.6440616538	2957.96742390161	3015.07021328612	2958.49415316698	3121.13730807173	2857.38547999856	3245.94154208261	3280.21661700082	2942.78304483441	3172.28834688694	3218.88328570185	2954.93961984568	3488.18074616753	2554.03884229218	3322.09865340717	2857.12096394336	2925.37312294376	3497.82415512392	2532.85468176465	2823.71191259719	2658.60808181392	3494.40698614114	2996.71261045351	2713.43770458077	2972.54348350909	3040.18925629243	2621.219702428	2803.40099824273	2667.90300289342	3205.13520766452	2921.58560936394	3088.39066409742	3189.73017439714	2948.24699645064	3077.25237394984	2931.49747671177	2837.9870604674	2898.91812464002	3273.57316496215	3305.81286530129	3131.56417016305	3459.08832115979	2820.17331809219	3209.38223159548	2650.25206455269	2678.80302274918	2755.90071281642	2842.07850222057	2979.43600595924	3625.56960946838	2682.14348086684	2380.23826563216	3049.30365166615	3572.59683185895	3610.31409439598	2519.91848692015	2819.91343749728	3276.95182930146	3503.602409227	2826.57335880636	3123.05612352494	2801.68264957369	3411.08016258251	3541.69673681919	2871.48276555406	2791.29161462236	2625.83956905508	3618.75268285239	3269.84367053017	2856.72336306478	4049.33767614789	3167.86975564553	2645.93317609073	3202.61113260199	2931.08497554086	3828.17382250078	3125.490964543	3515.25806109595	2888.67482572368	2611.57876493363	3052.50691317394	2921.62214693	3074.82293553113	3289.02983167782	2816.12563433578	3782.37720121138	3245.54240896449	3207.96470517797	2772.30044209868	3739.16903716094	3044.76482335559	3073.9912400779	3360.44201005076	2834.38976045646	3512.68543251718	2688.68524022289	3325.76010139818	3316.24547227384	2667.51750305862	3424.72806779611	3676.23098593058	2967.12679090316	2752.06246997635	3036.17595465709	3073.45745675926	3751.81389381447	3959.14397700535	3405.22113560214	3088.91301694542	3156.19618118733	2769.67053682644	3265.61278586956	2869.66777145041	3024.5953317151	3062.3419814255	2817.71957904817	2641.14716669612	2981.34173861502	3046.76482549667	3613.42648989942	2918.29840046589	2946.11996916425	3033.4648290471	3062.38411355387	3125.27768888584	2729.2388667014	3656.01465852225	2824.82683387179	3188.88630139725	2860.99958157195	3297.95615702903	2652.5333878281	3797.45284336432	2779.82682852427	3416.7256162085	3666.22369362539	2787.48058069015	3178.58764355992	4106.39120025646	3231.83796828532	3498.74724763788	3538.53072104142	3539.21043281257	2849.21022677803	3411.00671202911	2734.04574767979	3306.04059895104	3218.32469042987	2744.31268728033	3152.62080963664	3305.66827082449	3337.95384365784	2681.65146028534	3275.44834423668	3085.97749057864	4024.65983952488	2707.09669205017	3079.91351735798	3683.93428504508	3282.79558614542	3019.53360464546	4307.63330270339	2780.25276958363	2744.65006562129	3267.24947888171	3573.90088368852	3587.4925429752	3419.72205282705	3030.09263732589	3675.55866685172	3450.52347716415	2710.9639018788	3287.36584679447	3393.05017717209	3535.89106542966	2796.55541905805	2769.05484919667	3198.02967841136	3125.71566842642	3368.93269505438	2746.47537189967	2787.14648155197	3198.22878371882	2613.88982307156	2974.92157747926	3288.59545845091	2954.59286453632	3730.04713764885	2387.02487199959	2666.26259982382	3528.41642671161	3414.34597391514	3211.05108128663	3004.8521720399	3678.96050505909	3050.80549882476	2421.26518543592	3058.77722476677	3180.83527353501	2791.31174896304	3788.22629388319	3053.20902697033	2932.36238828845	3261.0177676065	3937.55612471261	3351.29801051062	2870.51557182146	3024.25519664762	2687.41623973453	3441.6444655992	3718.97187946301	3037.65559838389	2807.92876099445	3309.52385679046	3052.81496322204	2610.61315017218	3565.88345156765	3439.92228234641	2542.64109301559	3296.49713199768	2990.4575026743	3928.08094004944	3275.23018361956	2861.41164107927	3023.39442205762	3469.07818818441	3110.03968987311	2733.37308601153	3138.11847418745	2987.92037648297	3210.65629639459	2768.54655886492	3423.38076912628	3044.15002892618	3299.95701009157	2954.49226568324	3100.64139210328	2871.87924993267	2917.1313591886	2746.89374057035	3109.69807960785	2533.17346970084	2868.2234084281	3201.97641007056	3317.46333809019	3056.670390585	2769.92961086414	2951.132910292	3321.5531759727	3057.55257809208	2731.09489928092	3105.16865797908	3186.59661106272	3027.83059769817	3409.05285906583	3179.5417103141	3231.70270945324	3431.40259268387	3098.66600565545	3389.62545969776	3283.42278345121	2712.24771383374	3190.80649632472	2902.79747960773	2778.8775274599	2929.08443308121	2437.33138674369	2756.66523962126	2911.71665503193	2614.8487310701	2957.20181754673	3233.01235702547	2876.74388910904	3246.61978730735	3366.04619019041	2776.33804505147	3325.21123430679	3123.15498129038	3178.71219669732	3463.01903626069	3062.26078967359	3223.09139182869	3052.54655056117	3036.26292714793	3151.55908572152	2983.27293683424	3127.16391931881	3390.96794591475	2609.80453169994	3051.36575890986	2980.33885412481	2704.30108608803	3394.37143761649	3062.02685988296	2881.87181366718	3020.11148610225	2893.1417540937	2790.24800284171	3813.44924360953	3123.19245614899	3181.64570367508	2837.26978089368	2629.15764970552	3949.08897618782	3269.29444779296	3160.85988185399	3234.27108320952	3268.48499951303	2937.24387977455	2610.68743922585	2793.56372474888	2626.27626116724	3050.25842079673	2618.72409243028	2945.14935288675	3509.74736045532	3346.04872923931	2788.95468892029	3089.38097248766	2915.84883200509	3461.53977585103	3102.3000544488	2843.00842524752	3092.7637112445	2954.03631669257	2985.45182384051	2894.72243612134	2704.92832591657	3487.79924110604	3073.0139783107	3628.43827777403	2536.508284331	3321.25855916133	3492.87584549432	3102.47173682935	3046.1633307604	3804.62864929545	2811.94792692223	3500.13258368799	3361.29024450141	2916.54710672357	2835.60360819182	3512.42967403205	3627.31975315669	3370.13975375571	2885.42468769697	3216.78791129889	2881.85177383721	3180.40997528819	2419.48910288326	3150.87398268604	2601.00280811246	2660.3013137581	2953.49093924046	3149.63449034684	2578.2115910498	3584.46980941981	2832.27971859767	3192.53755338732	3286.79492858837	3450.53267784888	2997.31216150484	2551.2713736038	3040.7267631696	3257.56775187683	2769.25263394477	3315.02350033407	3460.07794559981	3144.00902471747	2860.51357309592	2669.35016368665	3201.50258091571	3258.57348250784	2863.21252085253	3328.65268138139	3324.93496060763	3204.46913309638	3231.47617227342	3313.71200101464	2646.59568523317	3332.60738555729	2702.53222021707	3162.41270729022	2676.53459301004	2687.14949451866	2755.00427932295	3055.44337528015	3565.22921725299	3186.78532203436	3025.63752829756	3403.64946822292	2791.38968027925	3910.01606533082	2788.56510456988	2782.86119426027	3112.19737130804	2702.32378775904	3503.69916912343	3233.2782504696	2731.80764892934	2594.76925952524	3082.61509505854	3311.13233627372	3088.35337429877	3041.95282952439	3540.93095007035	3048.45193944385	3205.67024711912	3157.76353409788	3254.61961879096	3256.13889113392	3012.26445789768	3405.94286837236	2866.89823622179	2955.14496580691	3898.50610853188	2824.68701753478	2768.88266306938	2899.02060926445	3342.03028296409	2857.11475950963	2970.21242534911	3118.91682504257	3098.56844064431	3443.93186457077	3034.22677605042	3305.22786673729	2586.08855154431	2975.68153819248	3453.20640427875	3708.43412625892	3246.31657589622	3054.33217245207	2633.79712641869	3343.95170808618	3089.83533855578	2946.00190438371	3081.78404149545	2693.90156836078	3316.97271439814	3724.27155972106	2742.21689350975	3011.83087426174	3590.74561735662	3091.33384658293	2952.55831087395	3121.64508529474	2829.63329039577	2823.67946979408	3098.47958596374	3330.97898069824	2601.49539615075	2973.49773312636	2865.48873152873	2747.585295306	2872.0223328316	3565.28115241653	2133.81187961328	3377.43684420574	2689.53383695052	2963.270464618	3158.42881992342	3720.28117245225	3148.24046495531	2669.05774239269	2968.61311801391	2969.63665697513	2897.01753065429	3504.43201671129	3381.11452532995	2739.22750504447	3230.7836986235	3209.8505034453	2851.04347968977	2804.59395603133	3117.57052616005	3411.12507914354	2876.10155877061	3469.9566995017	3023.09274071941	3124.86392658997	2874.31507662634	2656.39693378531	3237.9506375924	3484.13157274702	3141.70984697894	3121.00093995338	3382.76260036461	2785.14070502886	2996.8084279451	3893.24565894069	3263.57366299727	2913.08393563069	2776.81597706555	2906.72797364455	3402.86894756219	3149.26795430648	2937.50457103243	2864.18819470745	3447.30192415722	3393.53620289345	2662.34965779358	3235.61434790517	3080.93960595112	3174.08370305992	2830.82552707594	2766.42802909022	3217.35106879988	3501.62628847515	3209.95396414663	2716.02462807369	3247.2792499438	2631.42520045872	3453.77517875194	3115.66242430963	3117.64988438016	3073.75417312991	2782.50520309318	3627.87185145605	3032.46706570012	3100.9879020756	3361.63741699121	3039.28042367325	3958.57909756049	3161.89768059881	3155.04351307977	3732.80995116158	3149.81879452208	2766.27071525082	3496.03345891891	3058.81595891265	3160.22500340223	3055.31839420615	4144.15756848686	3192.14330659282	2621.6246901825	3031.27426755224	2658.07484318852	3415.28169397798	3283.84456620925	3308.74750221141	3097.31712602153	3023.39503824677	3305.10013275859	4316.42104290263	2885.43428920658	3418.56176458608	2907.39700368025	3058.12985570843	2991.99293015205	2912.83985743617	3281.05663133788	3417.36739484024	2785.92407108809	3637.58636705352	3200.99232291565	2981.34485112165	3776.43221348386	3430.76502052297	3074.90647261078	3072.67365921925	2823.1453711906	3335.00269693854	3164.89587464859	2989.45351601287	2877.88154282962	3019.03422053711	2927.80996978731	2962.4005114818	2878.22226572546	3224.89696732847	2778.12263239404	3468.55372446152	3437.8728104416	3211.16766852154	2696.61507853182	3252.44869207796	3015.31700425019	3264.08835871946	3340.41035020601	3385.95582018488	3582.14568579258	3439.70872498502	3691.99873338188	3244.80496653784	3154.44679074068	3404.76134533849	3062.14589749758	3147.91367189036	2644.08958628387	3203.08985816544	3588.01466913675	3546.6822950957	2929.33901104308	2920.28724497245	4078.42936965622	3331.4885025768	4434.01121560737	2978.66035754294	2929.46323446602	3497.96049676534	2712.78522254019	3207.15036277769	3219.68820191166	3217.14856595737	3615.84210594133	3132.27507774201	3211.20778018876	2644.63768014627	3294.61030057721	2574.61189836151	3516.57494077527	3287.23746484873	3751.66352177385	3738.44945492823	2863.67286894751	2827.48323974981	3146.40982902381	3725.34307665159	3251.13274067115	3343.69664009183	2986.06892753833	2834.7238432256	2957.53001807061	2628.57709602352	2960.71396315914	3575.30978840495	4012.89609775911	3484.15017264312	2764.76861547811	2888.90178285977	3192.08256501907	3100.00872918781	3633.97523515356	3309.73057149777	3571.52308013405	3134.36967556209	3309.67920934032	3378.98607950249	2949.4420350821	3754.70734199992	4331.46270643902	3445.77562174733	3230.05635249342	2583.40072137708	3048.07333619958	3450.07514967211	3404.75972910849	3171.57575628238	3510.516318261	2863.66031384803	2874.03798703488	3445.71288204953	3124.68995572368	3457.61437700886	3428.51295146478	2848.46448501656	3197.86109735315	3055.13590113497	3517.09645277431	3359.57889367843	3126.39110033971	3571.738648904	3287.69553360653	3115.60890922604	3302.4616906437	2971.48433169785	2498.33119508098	3365.18904151535	2986.48666220746	2579.62741286752	2848.66904986554	3041.05127043455	2623.88047950978	2930.13429671818	3331.69269774572	3122.08620799624	3129.61468953704	3517.48143578102	2800.13938020072	2857.6430030517	3765.31664174528	3246.31474718101	3501.02434179193	3245.04723728609	3276.69545233295	3302.50952939671	3088.23861231894	2950.59766843762	3441.85180923038	3030.18684145958	3173.80667467547	3087.91931302405	3152.67484920202	3486.42478857383	3366.87560956034	3031.35438147795	2637.03121126074	3062.97593387457	3043.16831524934	3343.51883865075	3514.86235959677	3153.64876599701	4125.02192819193	3271.05965278817	3470.04491926699	3217.42405463243	3492.06911580938	3915.2153242304	3301.82518913313	2941.69499819141	3061.51558095094	3272.50479001522	3502.6217756114	3698.7960616585	2893.76823095167	2927.48377824854	2649.77623987084	3381.90718355338	3017.24380025912	3796.13875219769	3204.51756608393	3273.52677532401	3115.96140536488	3385.53230858436	2805.25603518834	2884.02401626127	3076.30236011833	2402.57956652947	2850.30448919241	3083.40927504838	3503.54314890702	3482.84264452504	3365.38606162271	3757.55067043678	3046.66811946586	2824.21560921578	3084.2737502318	3042.10269835389	2947.08156165065	3578.04710585844	3058.85368620486	2558.33491496344	3471.79927977178	2927.43691292251	4100.68152752423	2555.06362116362	2617.93577103856	3147.3226676988	3254.0034013252	2847.24125856715	3471.12145222204	3505.70434337352	2838.70555776201	2644.99391199959	2852.40543266213	3391.74944156619	3434.33484120211	3421.24470111612	2700.13335700058	2878.65112942285	3315.34601982167	3073.858518795	2978.02727896792	3554.57615819409	3511.84891190668	3156.71801487787	3383.26269008424	3339.0986476161	3119.57575035071	2588.69868363603	2905.14506726616	2773.68399874102	3142.69750240102	3191.08651864537	2991.37227752767	2814.80502377798	2785.95675642679	3136.71350055783	2912.22078834581	2513.1889666187	3526.71214068395	3320.70737404033	3360.45727064206	3142.83289466115	3651.51586783601	3103.9905379621	2489.19384154324	3459.58187336022	2890.99263426467	3070.03407992224	3117.94686793311	3607.90171268126	3180.43256502387	3025.74530619355	2693.41374856046	2803.38435717472	4213.40013594537	2633.02362268591	2621.27441912081	3408.63467520083	3512.00421692693	4447.53745517434	3075.17874578406	3809.24781622234	3692.92717671878	3106.39430817783	3129.19348498982	3147.20478072896	2950.19971716427	3131.1461094037	3362.98303189782	3084.27486973891	2812.06493642477	2747.30753159979	3169.02238016194	3705.12991737827	2848.89506087189	3032.21135540105	3026.33898531134	3238.58468126128	3929.53528610345	3390.75167676907	3380.93116699916	3058.90629123034	3597.76655166517	3067.12096153379	2892.35742075293	3155.17654697577	2991.49549585529	2825.88971802675	3388.743944236	3333.12912310097	3922.89124945281	3177.11428500418	2692.42474912484	3619.43745032503	2870.09812620521	2903.34546235928	2631.69788100626	2712.19054135286	2799.96018546172	2937.70135711248	2825.21651657838	3362.38128130179	3305.05571991349	2744.52693645728	2798.52106240043	3257.29377008188	2999.45503380452	3045.62659312875	2722.53424846871	2953.67104138986	3685.44065381205	3286.49044962442	3264.71315872275	3235.21556016833	4230.02414021158	2675.66257538171	3186.426877734	3489.0973408045	3296.26828463097	2711.58160946657	3003.79857064702	2617.81321517502	2643.5617052061	2849.07937936647	3331.90942625601	3158.68776737901	3095.75825110051	3130.45482878115	3382.18019750732	2799.46899451931	3150.75104249741	2881.24089395035	3128.03081713102	2748.78551403232	3019.19593634944	3496.97748437669	3808.22023658827	2815.52613866459	2709.84519220376	2873.40386818393	2921.17288541197	3072.50055611906	2657.8660366317	2746.06313228722	2873.50145076267	3051.96981466375	3281.95883040798	2783.15172163418	3916.26790435721	3002.35430851386	3228.12179948869	2967.99314253968	3600.4599071891	3133.3234892442	2765.0105030571	3028.73800862083	3035.45564593739
2024.7592660085	2918.0915574766	3088.91001581167	3525.2008850067	3447.16968337857	3131.94837466867	2968.78478444454	3575.49370533653	2700.66385657075	3154.65080557697	3380.60634687223	2635.25846584508	2842.3701272288	3333.9297875853	3604.65701459427	2770.96628141463	3279.55515319754	3577.8477883826	3026.22229086973	2891.51914964965	3049.89199338464	2814.72785071219	3158.90586651681	3109.12426122002	2722.96337867913	3003.83597606962	3342.46818872679	3197.29713216674	3185.86503161049	3241.10183685181	3411.95360543889	3451.72486981138	3110.15685525808	2814.33760699077	3857.50711311362	2798.27163285527	3465.53833954314	3161.70669224863	2912.14404935753	3245.45817829185	3349.13099050159	2861.87042811565	3592.33448373488	3700.33994281696	2822.5126954691	2992.82518519126	3808.03553973468	3021.57115410699	3690.49393786817	3290.40254446386	2781.64214750695	3533.53042200897	3596.08572459364	3702.84280409413	3932.18557915825	3684.71038722937	3888.18040836345	2872.44402056194	3608.17769496449	2756.56584594685	3107.91577089211	2893.10761059377	3588.56384990954	2978.28318590755	4108.58813137144	3158.30419470587	2617.61704492274	2818.53959474033	2751.17968462985	3329.22626832392	3551.90282267541	3672.50511487659	2829.85450372515	3651.09134147323	2853.96128023994	2896.44641928038	3209.27975326957	3486.2880127167	3735.78657501882	3779.52750851113	3332.58438658734	2773.360531355	2905.6794935611	3042.87585522891	2978.2478982176	3523.14557780015	3619.72584254836	2908.06426272756	2816.25438026396	2832.7505068828	3274.54274933822	3228.27924027526	2991.50040412028	3239.78168821037	4340.56329847987	3429.15959599743	2900.82618240633	3503.05628770976	2930.33870026939	3094.97426022261	2727.97429522246	3287.6440616538	2992.61822140323	3015.07021328612	2966.25420090957	3185.58129952575	2857.38547999856	3245.94154208261	3458.21909628697	3019.88960596364	3172.28834688694	3281.95365009192	3208.36764027592	3488.18074616753	2554.03884229218	3322.09865340717	2883.99326502853	2925.37312294376	3497.82415512392	2819.39258634034	2823.71191259719	2658.60808181392	3494.40698614114	2999.80267293116	2753.65992823743	2972.54348350909	3067.14204093727	2868.97429036188	2864.34492742933	2667.90300289342	3205.13520766452	2921.58560936394	3088.39066409742	3276.1266239422	2948.24699645064	3359.49101385767	2931.49747671177	2858.11994799485	2898.91812464002	3341.39169214554	3305.81286530129	3162.71143370245	3472.35173857282	2820.17331809219	3273.26747888928	2778.07456980622	2678.80302274918	2755.90071281642	2842.07850222057	2979.43600595924	3625.56960946838	2682.14348086684	2380.23826563216	3126.92434337727	3609.91710022693	3670.37163505322	2524.49763997968	2819.91343749728	3357.77239627539	3587.30831120619	2826.57335880636	3140.79346847586	2801.68264957369	3417.5386540408	3541.69673681919	2871.48276555406	2791.29161462236	2702.44045212756	3618.75268285239	3269.84367053017	2856.72336306478	4049.33767614789	3203.43898789235	2702.18154833407	3202.61113260199	2931.08497554086	3828.17382250078	3199.39936320229	3570.95084183215	2888.67482572368	2664.27680288167	3057.47195758855	2921.62214693	3104.79293375447	3289.02983167782	2816.12563433578	3782.37720121138	3245.54240896449	3207.96470517797	2913.0448000489	3755.82025189068	3166.31509455793	3107.4184733489	3401.58212665857	2834.38976045646	3679.77157993485	2896.56599618604	3368.01047662656	3398.56514487296	2829.58721033538	3424.72806779611	3676.23098593058	2997.59658351607	2817.39065230645	3036.17595465709	3073.45745675926	3751.81389381447	3959.14397700535	3423.19632847764	3088.91301694542	3156.19618118733	2769.67053682644	3477.99527947721	2869.66777145041	3046.7793953501	3062.3419814255	2817.71957904817	2641.14716669612	2981.34173861502	3253.07950825083	3613.42648989942	2918.29840046589	2946.11996916425	3050.05147624015	3062.38411355387	3125.27768888584	2729.2388667014	3656.01465852225	2945.18026533659	3210.63696901677	2888.17945060539	3297.95615702903	2652.5333878281	3872.36615774656	2779.82682852427	3467.36019467376	3666.22369362539	3188.07689769208	3200.50524134393	4106.39120025646	3231.83796828532	3619.88518120664	3538.53072104142	3653.52791332676	2963.95026754183	3452.09144123061	2734.04574767979	3306.04059895104	3218.32469042987	2887.14956017585	3152.62080963664	3360.57654956495	3337.95384365784	2690.36345764101	3277.13876009929	3085.97749057864	4173.72225920891	2866.12449512512	3146.77001639294	3683.93428504508	3282.79558614542	3030.66238096851	4307.63330270339	2780.25276958363	2856.34341862386	3267.24947888171	3588.43266645465	3587.4925429752	3550.0073584788	3030.09263732589	3675.55866685172	3450.52347716415	2997.57751804633	3287.36584679447	3434.51253083552	3535.89106542966	2796.55541905805	2769.05484919667	3198.02967841136	3269.36811688202	3442.86704812849	2746.47537189967	2787.14648155197	3213.8880345911	2613.88982307156	2974.92157747926	3288.59545845091	2954.59286453632	3815.28181270434	2654.01372751516	2666.26259982382	3528.41642671161	3498.88336997704	3211.05108128663	3004.8521720399	3725.40584164211	3050.80549882476	2421.26518543592	3058.77722476677	3180.83527353501	2791.31174896304	3788.22629388319	3053.20902697033	2932.36238828845	3268.87465169436	3937.55612471261	3351.29801051062	2870.51557182146	3034.67191395298	2897.50913739229	3441.6444655992	3735.93749928073	3037.65559838389	2807.92876099445	3362.84603788904	3052.81496322204	2610.61315017218	3601.84510684608	3462.01247924566	2748.80771777586	3296.49713199768	3023.1131616401	3928.08094004944	3345.35288055685	2861.41164107927	3069.42534091616	3469.07818818441	3116.730439062	2798.79439749334	3138.11847418745	3021.46906727088	3258.61281129466	2768.54655886492	3680.21703398979	3050.46775830768	3370.41717875231	2954.49226568324	3100.64139210328	2871.87924993267	2982.10315448675	2746.89374057035	3109.69807960785	2533.17346970084	2868.2234084281	3201.97641007056	3321.59674068152	3056.670390585	2769.92961086414	3048.30584624362	3360.02064047114	3057.55257809208	2734.25697583331	3143.432522958	3266.9487208077	3073.7032499259	3518.2047227672	3190.54511036893	3237.59532421043	3431.40259268387	3098.66600565545	3451.70858066335	3520.67135522744	2775.29441624373	3190.80649632472	2978.64511938444	2778.8775274599	2929.08443308121	2437.37628548756	2801.61034720182	2911.71665503193	2647.83838067359	2957.20181754673	3356.85136040897	2876.74388910904	3246.61978730735	3366.04619019041	2777.57308752025	3325.21123430679	3123.15498129038	3224.64397338969	3463.01903626069	3062.26078967359	3223.09139182869	3052.54655056117	3036.26292714793	3205.76547052768	2983.27293683424	3194.33523166362	3390.96794591475	2650.00661936719	3051.36575890986	2980.33885412481	2704.30108608803	3394.37143761649	3062.02685988296	3045.47859166325	3020.11148610225	2926.44796616309	2818.84510731466	3828.16714797878	3239.43678055002	3181.64570367508	2837.26978089368	2683.5996121642	3949.08897618782	3371.78043909007	3160.85988185399	3304.89770066112	3268.48499951303	2937.24387977455	2610.68743922585	2879.57039139052	2626.27626116724	3219.86348645173	2707.73127197067	3017.73358707061	3509.74736045532	3362.92289914468	2788.95468892029	3089.38097248766	2915.84883200509	3461.53977585103	3152.08543057648	2843.00842524752	3312.78308858276	3054.58191099575	2985.45182384051	3012.21926009979	2745.32848688584	3487.79924110604	3161.67577243557	3632.31020969058	2734.15233961355	3321.25855916133	3517.98719702125	3128.33373218427	3046.1633307604	3804.62864929545	2912.60468430216	3500.13258368799	3398.33134907475	2916.54710672357	2835.60360819182	3512.42967403205	3648.6352686998	3385.84846340705	2962.63873233611	3241.62442485316	2881.85177383721	3180.40997528819	2419.48910288326	3152.51254323398	2601.00280811246	2660.3013137581	2953.49093924046	3198.25879145327	2578.2115910498	3725.8565172595	2832.27971859767	3223.13803461177	3679.5056564746	3523.56623308176	3022.05828411162	2764.69742806276	3080.44815408475	3349.40582315349	2780.36274781048	3315.02350033407	3492.49593294381	3407.47497913064	2860.51357309592	2669.35016368665	3316.25708217979	3258.57348250784	2880.5811777511	3328.65268138139	3324.93496060763	3205.32380729413	3231.47617227342	3313.71200101464	3392.04426815244	3332.60738555729	2744.23196052477	3162.41270729022	2676.53459301004	2796.5448993676	2921.45258328692	3055.44337528015	3703.98878806869	3186.78532203436	3025.63752829756	3469.3141198812	3024.15909669563	3910.01606533082	2831.59993468457	2800.49976229555	3112.19737130804	2781.81601059233	3503.69916912343	3233.2782504696	2911.59777361397	2686.48444740899	3082.61509505854	3407.89917217015	3190.17354298649	3041.95282952439	3540.93095007035	3076.0037356184	3230.28018689468	3157.76353409788	3254.92196385118	3390.68952266375	3016.126259359	3405.94286837236	2866.89823622179	2955.14496580691	3898.50610853188	2824.68701753478	2768.88266306938	2960.27381509476	3342.03028296409	2869.92032308081	2970.21242534911	3150.30643922475	3142.65078841908	3443.93186457077	3114.3176648583	3305.22786673729	2651.74562911379	3050.15692490672	3470.07934552122	3730.75882443375	3322.72248745109	3058.50874281489	2633.79712641869	3404.48578774035	3091.87391837636	2946.00190438371	3081.78404149545	2693.90156836078	3316.97271439814	3724.27155972106	2800.27784196738	3082.44912244361	3590.74561735662	3091.33384658293	2952.55831087395	3189.34789240486	2829.63329039577	2824.05874124019	3122.52365288015	3330.97898069824	2734.59539241347	3221.17860541479	2865.48873152873	2747.585295306	2872.0223328316	3565.28115241653	2133.81187961328	3377.43684420574	2689.53383695052	3076.4697764525	3271.27583906954	3720.28117245225	3152.7567290859	2669.05774239269	3002.70057515467	3004.31473754371	2916.63183340453	3504.43201671129	3397.10311662112	2767.6409962499	3230.7836986235	3271.86097496405	2851.04347968977	2880.42757263067	3117.57052616005	3492.62206919565	3011.85730164959	3494.91933927613	3023.09274071941	3124.86392658997	2874.31507662634	2720.00685622017	3278.84372997749	3671.91210497956	3141.70984697894	3121.00093995338	3382.76260036461	2785.14070502886	2996.8084279451	3908.61247098121	3280.77671906964	2976.54458315489	2776.81597706555	2906.72797364455	3710.77048217935	3154.78869481038	2937.50457103243	3079.17514501282	3447.30192415722	3393.53620289345	2725.90721741934	3284.62532441652	3080.93960595112	3174.08370305992	2907.27480417044	2766.42802909022	3227.74118236998	3690.9467351437	3209.95396414663	2758.2953359211	3247.2792499438	2631.42520045872	3705.94343483687	3115.66242430963	3179.88700222295	3073.75417312991	2812.03757448588	3627.87185145605	3032.46706570012	3100.9879020756	3361.63741699121	3337.96005024741	3968.37297466427	3161.89768059881	3290.81794467068	3767.94804556663	3149.81879452208	2810.52173917279	3496.03345891891	3058.81595891265	3160.22500340223	3232.76155847134	4276.14584818015	3217.75373496045	2621.6246901825	3209.30350306982	2756.30856665842	3415.28169397798	3283.84456620925	3327.44992162899	3097.31712602153	3086.00138957038	3305.10013275859	4342.86279605837	2885.43428920658	3571.45701712505	2976.87752491697	3058.12985570843	2991.99293015205	2963.37832606123	3281.05663133788	3450.23687606631	2826.35940929613	3672.24504562639	3200.99232291565	2981.34485112165	3776.43221348386	3430.76502052297	3089.44118141604	3080.98851632694	2823.1453711906	3335.00269693854	3185.76816443812	2989.45351601287	2901.97032302653	3019.03422053711	2927.80996978731	2962.4005114818	2924.9042430129	3224.89696732847	2912.53581760295	3477.06500855078	3437.8728104416	3211.16766852154	2696.61507853182	3252.44869207796	3015.31700425019	3292.84040651331	3340.41035020601	3471.41397109372	3614.95777340392	3439.70872498502	3691.99873338188	3244.80496653784	3231.94959249939	3411.18347806347	3062.14589749758	3193.77978913192	2973.14409939103	3203.08985816544	3588.01466913675	3582.62557418615	3003.08929632045	3025.95767516818	4078.42936965622	3331.4885025768	4434.01121560737	2996.33431063758	2929.46323446602	3497.96049676534	2721.682794751	3207.15036277769	3219.68820191166	3217.14856595737	3615.84210594133	3179.96457365747	3211.20778018876	2799.80964743909	3322.83431573122	2574.61189836151	3621.92361806534	3287.23746484873	3751.66352177385	3738.44945492823	2879.23824592906	2855.89946016893	3146.40982902381	3809.08549125904	3270.13971573731	3405.8863808506	2986.06892753833	2873.53969837499	2983.08490932105	2628.57709602352	2977.10808869497	3575.30978840495	4012.89609775911	3509.16927070646	2764.76861547811	2888.90178285977	3192.08256501907	3116.55666077301	3823.27620314259	3313.16849462693	3571.52308013405	3134.36967556209	3366.09201783997	3408.41615506255	3098.95175977057	3754.71710039069	4331.46270643902	3529.40109322072	3461.40694427954	2583.40072137708	3050.3429206312	3450.07514967211	3404.75972910849	3385.39518546413	3569.49062018133	2863.66031384803	2874.03798703488	3445.71288204953	3124.68995572368	3482.95948504575	3520.79348035696	3153.82825633124	3197.86109735315	3055.13590113497	3517.09645277431	3425.73656514302	3164.44144058669	3571.738648904	3287.69553360653	3115.60890922604	3352.77967680889	2993.09928629833	2561.90033352743	3365.18904151535	2994.76443313077	2579.62741286752	2848.66904986554	3064.33998900329	2693.36195321578	2967.38280029446	3499.26158937809	3122.08620799624	3130.28986531341	3590.27336017861	2800.13938020072	2959.31968193515	3765.31664174528	3246.31474718101	3501.02434179193	3245.04723728609	3440.70688429721	3302.50952939671	3088.23861231894	2950.59766843762	3531.27970023213	3053.09504035807	3173.80667467547	3087.91931302405	3152.67484920202	3550.59742252492	3366.87560956034	3165.20192734269	2733.87392680648	3062.97593387457	3088.97941594704	3383.09356191299	3514.86235959677	3191.27066264282	4185.03322572726	3319.57703901463	3665.48722184447	3232.56897198706	3498.22512220391	3915.2153242304	3405.9337967932	2941.69499819141	3061.51558095094	3272.50479001522	3540.02806208651	3802.65506863451	2942.46941031622	2951.43125402782	2649.77623987084	3381.90718355338	3078.66895576632	3848.62177762722	3204.51756608393	3358.88161529081	3165.37997257333	3515.00204202371	2894.456654921	2916.66175536783	3076.30236011833	2402.57956652947	3079.54678856495	3083.40927504838	3577.49824928536	3482.84264452504	3365.38606162271	3768.67091595104	3087.45047873003	2824.21560921578	3084.2737502318	3042.10269835389	2947.08156165065	3622.32552127737	3058.85368620486	2703.74951734758	3514.27294946814	2927.43691292251	4100.68152752423	2609.61080703535	2933.76888427516	3187.0289048943	3254.0034013252	2847.24125856715	3500.83885186816	3505.70434337352	2838.70555776201	2708.14467020786	2852.40543266213	3515.44001182429	3437.81358704428	3423.56945914782	2700.13335700058	2948.44300153849	3377.51038284638	3125.49023018203	2978.02727896792	3623.17140177842	3511.84891190668	3156.71801487787	3394.86998453138	3368.44044678326	3130.25884405625	2588.69868363603	2905.14506726616	2804.27736413224	3142.69750240102	3510.13680019726	3075.62706342223	2814.80502377798	2785.95675642679	3136.71350055783	2972.33844356646	2529.21070192802	3713.87778528579	3361.47839912478	3360.45727064206	3142.83289466115	3695.18133418611	3199.99490216806	2489.51613238414	3498.87489791352	2890.99263426467	3070.03407992224	3144.82110555283	3607.90171268126	3180.43256502387	3054.99509799453	2727.29082640991	2803.38435717472	4271.01120972908	2633.02362268591	2632.43546823794	3408.63467520083	3512.00421692693	4447.53745517434	3075.17874578406	3809.85186538301	3801.91895695619	3300.94576236174	3129.19348498982	3147.20478072896	2995.25108900027	3327.08143575995	3362.98303189782	3084.27486973891	2840.01479457804	2747.30753159979	3321.18180823659	3707.4359553486	2918.02779563401	3032.21135540105	3094.07441786045	3238.58468126128	4018.05829259576	3390.75167676907	3380.93116699916	3058.90629123034	3597.76655166517	3067.12096153379	2892.35742075293	3155.17654697577	3089.35121602571	2871.04876197078	3389.54031849057	3392.25122413704	3922.89124945281	3177.11428500418	2720.31245805326	3656.2252364667	2928.69366258631	2903.34546235928	2631.69788100626	2712.19054135286	2799.96018546172	2941.47920066947	2825.21651657838	3363.03237171846	3305.05571991349	2744.52693645728	2798.52106240043	3257.29377008188	3145.63451102306	3106.0395554668	2739.13419668045	3052.89223482498	3685.44065381205	3299.60560809714	3345.66824162411	3235.21556016833	4230.02414021158	2675.66257538171	3186.426877734	3617.5730759776	3296.26828463097	2711.58160946657	3003.79857064702	2730.34826492606	2643.5617052061	2874.06685265424	3377.46394243329	3158.68776737901	3095.75825110051	3130.45482878115	3410.54051749446	2824.88554546743	3193.4105889232	2916.01465605582	3217.02510442315	2756.14810440479	3019.19593634944	3496.97748437669	3883.67945695551	3036.32789875386	2709.84519220376	2873.40386818393	3278.20720274532	3118.73425484775	2667.81261508131	2746.06313228722	2873.50145076267	3106.60599187285	3378.68374166686	2793.56437414133	3916.26790435721	3260.22971660792	3251.24332040864	2967.99314253968	3643.31665825122	3133.3234892442	2765.0105030571	3028.73800862083	3035.45564593739
2024.76463039981	2918.0915574766	3161.69942142903	3558.95480574782	3569.37492641996	3133.66631200017	2968.78478444454	3575.49370533653	2700.66385657075	3223.69554688931	3380.66936758871	2682.41282369217	2898.54526018413	3333.9297875853	3819.57121655758	2770.96628141463	3279.55515319754	3577.8477883826	3026.22229086973	2891.51914964965	3049.89199338464	2814.72785071219	3185.33010441886	3127.9985818787	2731.65502558691	3003.83597606962	3342.46818872679	3264.4903294279	3185.86503161049	3245.53764520979	3411.95360543889	3451.72486981138	3126.5637119358	2814.33760699077	3857.50711311362	3059.35945734634	3465.53833954314	3161.70669224863	2919.65120919892	3245.45817829185	3371.04688231852	2861.87042811565	3650.92175901922	3700.33994281696	2822.5126954691	2992.82518519126	3808.03553973468	3021.57115410699	3690.49393786817	3290.40254446386	2781.64214750695	3533.6600871543	3596.08572459364	3755.14106847577	3932.18557915825	3684.71038722937	3888.18040836345	2872.44402056194	3608.17769496449	2775.69185576158	3107.91577089211	3007.85490187286	3588.56384990954	3242.49626315872	4119.75538912397	3158.30419470587	2672.86401129774	2818.53959474033	2751.17968462985	3329.22626832392	3551.90282267541	3672.50511487659	2845.97796526977	3651.09134147323	2873.26526563173	2900.03274275389	3248.92185549242	3486.2880127167	3917.42909331875	3779.52750851113	3365.99830575485	2773.360531355	2949.15909540395	3042.87585522891	2978.2478982176	3594.03186399302	3619.72584254836	2908.06426272756	3021.27740649533	2904.36983489128	3274.54274933822	3228.27924027526	2993.52608755023	3343.17573539661	4340.56329847987	3429.15959599743	2900.82618240633	3503.05628770976	2930.33870026939	3094.97426022261	2727.97429522246	3287.6440616538	2992.61822140323	3015.07021328612	2974.01150864888	3185.58129952575	2857.38547999856	3245.94154208261	3610.30700890418	3173.27729386115	3172.28834688694	3344.85318682826	3453.43869399413	3488.18074616753	2554.03884229218	3322.09865340717	2883.99326502853	2925.37312294376	3497.82415512392	3093.06941785581	2823.71191259719	2658.60808181392	3494.40698614114	3002.90522662104	2879.47948722381	3033.12398906114	3094.13450883295	3108.05231412477	2883.01983625711	2730.09819616982	3205.13520766452	2921.58560936394	3088.39066409742	3362.33423179956	2948.24699645064	3639.85944417936	2931.49747671177	2878.25421170882	2898.91812464002	3341.39169214554	3305.81286530129	3193.97726784491	3485.9674427465	2820.17331809219	3273.26747888928	2778.07456980622	2722.59813738926	2790.66693354759	2842.07850222057	2979.43600595924	3625.56960946838	2682.14348086684	2465.69148229799	3208.79279579881	3609.91710022693	3730.20222829387	2628.2212802079	2819.91343749728	3357.77239627539	3670.76788173809	2826.57335880636	3140.79346847586	2801.68264957369	3424.07567450133	3541.69673681919	2871.48276555406	2791.29161462236	2778.98345235822	3618.75268285239	3269.84367053017	2856.72336306478	4049.33767614789	3232.67749259915	2703.04030357342	3344.38656198048	2931.08497554086	3828.17382250078	3273.04602881746	3619.94156966746	2888.67482572368	2716.83846557782	3067.77181375022	2921.62214693	3134.73218100353	3289.02983167782	2816.12563433578	3782.37720121138	3245.54240896449	3207.96470517797	3052.89414714477	3772.5192134199	3166.31509455793	3107.4184733489	3481.91880478236	2834.38976045646	3847.97283853645	3144.48465601824	3368.01047662656	3481.33721850944	2864.50931895728	3424.72806779611	3676.23098593058	3038.33655836284	2817.39065230645	3036.17595465709	3073.45745675926	3751.81389381447	3959.14397700535	3441.27537655636	3088.91301694542	3156.19618118733	2769.67053682644	3683.23236310197	2869.66777145041	3107.78684668993	3062.3419814255	2817.71957904817	2641.14716669612	2981.34173861502	3452.31913407754	3613.42648989942	2918.29840046589	2946.11996916425	3093.16567764314	3062.38411355387	3125.27768888584	2729.2388667014	3656.01465852225	2999.10691211997	3232.35393139039	2888.17945060539	3297.95615702903	2652.5333878281	3947.2418450005	2779.82682852427	3517.8876019864	3666.22369362539	3564.11666303785	3200.50524134393	4106.39120025646	3231.83796828532	3721.45401740249	3538.53072104142	3693.34787596857	2988.07398042494	3493.41910786926	2734.04574767979	3306.04059895104	3218.32469042987	3064.0743616182	3152.62080963664	3427.47927049775	3337.95384365784	2690.36345764101	3278.90629208974	3085.97749057864	4316.88615294699	2866.12449512512	3213.54490451096	3683.93428504508	3282.79558614542	3089.94055219511	4307.63330270339	2780.25276958363	2947.2180595264	3267.24947888171	3588.43266645465	3587.4925429752	3550.0073584788	3030.09263732589	3675.55866685172	3450.52347716415	3132.7523037323	3287.36584679447	3476.12357838187	3535.89106542966	2796.55541905805	2769.05484919667	3387.34071948166	3410.01631910247	3516.43454665069	2746.47537189967	2787.14648155197	3229.55027116177	2613.88982307156	2974.92157747926	3288.59545845091	2954.59286453632	3995.70619854048	2922.50100166807	2666.26259982382	3528.41642671161	3583.00097875913	3260.33769996272	3004.8521720399	3771.78069708419	3050.80549882476	2421.26518543592	3058.77722476677	3180.83527353501	2791.31174896304	3788.22629388319	3053.20902697033	2932.36238828845	3268.87465169436	3937.55612471261	3351.29801051062	2870.51557182146	3045.08426166728	3109.84483451137	3745.87361450685	3735.93749928073	3037.65559838389	2807.92876099445	3362.84603788904	3052.81496322204	2610.61315017218	3622.21149486058	3484.4026904797	2858.81660915009	3296.49713199768	3055.89591914715	3928.08094004944	3415.27293534743	2861.41164107927	3115.15184300524	3469.07818818441	3168.8834143068	3049.29442161218	3138.11847418745	3021.46906727088	3307.2717215386	2812.78339594365	3938.74599046745	3182.23974681363	3440.72485520878	2954.49226568324	3100.64139210328	2871.87924993267	3047.25469992925	2746.89374057035	3109.69807960785	2533.17346970084	2868.2234084281	3201.97641007056	3374.730690393	3159.46903145496	2769.92961086414	3048.30584624362	3360.02064047114	3057.55257809208	2737.43451771733	3143.432522958	3266.9487208077	3119.42299778157	3518.2047227672	3201.69846878721	3244.06723609626	3431.40259268387	3098.66600565545	3513.90647022685	3748.32262000656	2850.35832225235	3190.80649632472	3056.08739657815	2780.9473777452	2929.08443308121	2455.70246884407	2866.43418996106	2911.71665503193	2726.50967026437	2957.20181754673	3356.85136040897	2876.74388910904	3246.61978730735	3366.04619019041	2782.11299294645	3325.21123430679	3123.15498129038	3268.38316031099	3463.01903626069	3062.26078967359	3223.09139182869	3052.54655056117	3093.64756013596	3273.21793334216	2983.27293683424	3194.33523166362	3390.96794591475	2685.45921998946	3051.36575890986	2980.33885412481	2704.30108608803	3394.37143761649	3062.02685988296	3290.81547362314	3020.11148610225	2961.77858572513	2847.62401410106	3841.75618948686	3355.92097421992	3181.64570367508	2837.26978089368	2683.5996121642	3949.08897618782	3474.83462506193	3160.85988185399	3375.71628873018	3339.39120922369	2937.24387977455	2694.94892899522	2991.45450514839	2626.27626116724	3318.08638608314	2721.08031087491	3090.09397125102	3509.74736045532	3379.80894985977	2788.95468892029	3089.38097248766	2915.84883200509	3461.53977585103	3201.74634253443	2843.00842524752	3525.65228524155	3155.21559084444	2985.45182384051	3012.21926009979	2945.38888436159	3487.79924110604	3249.92802806794	3632.31020969058	3047.44197677202	3321.25855916133	3545.99883037443	3176.93420194549	3046.1633307604	3804.62864929545	2912.60468430216	3500.13258368799	3435.39315128044	2916.54710672357	2835.60360819182	3512.42967403205	3669.8879380386	3401.69190226346	3039.55067738245	3332.87457187805	2881.85177383721	3180.40997528819	2471.04045310416	3154.15108745732	2601.00280811246	2660.3013137581	2953.49093924046	3198.25879145327	2578.2115910498	3802.80266724693	2832.27971859767	3253.83283789867	4046.66146208384	3596.86438012011	3047.04806781223	2976.71820650795	3120.11564978916	3349.40582315349	2780.36274781048	3590.04848399788	3492.49593294381	3593.60551289337	2860.51357309592	2669.35016368665	3322.59259268532	3258.57348250784	2899.20451854836	3328.65268138139	3324.93496060763	3287.82065571985	3231.47617227342	3313.71200101464	3438.34489565471	3378.63445785189	2811.82223346446	3162.41270729022	2676.53459301004	2993.23848122329	2988.13222556038	3055.44337528015	3845.47154375616	3186.78532203436	3025.63752829756	3496.59134558209	3085.36698227625	3910.01606533082	2831.59993468457	2810.70819622465	3112.19737130804	2998.11536085784	3503.69916912343	3233.2782504696	3123.18211835294	2738.62715928917	3082.61509505854	3407.89917217015	3290.27299967885	3041.95282952439	3540.93095007035	3229.91516651217	3255.3466562844	3157.76353409788	3286.15216402853	3454.51090002733	3020.01252618787	3405.94286837236	2866.89823622179	2955.14496580691	3898.50610853188	2824.68701753478	2943.71383359601	2960.27381509476	3342.03028296409	2902.39367972185	2970.21242534911	3150.30643922475	3186.8186419511	3443.93186457077	3194.11238406028	3305.22786673729	2693.66109745542	3159.98054912104	3470.07934552122	3753.11512885547	3369.31631506294	3062.6896058911	2633.79712641869	3404.48578774035	3093.91596433177	2946.00190438371	3081.78404149545	2693.90156836078	3316.97271439814	3724.27155972106	2990.1577094425	3153.38889994008	3590.74561735662	3091.33384658293	2952.55831087395	3266.02464328879	2829.63329039577	2824.43801913189	3139.09902769346	3330.97898069824	2750.72333913103	3330.14113635432	2865.48873152873	2747.585295306	2872.0223328316	3581.78637428394	2156.36770579613	3377.43684420574	2689.53383695052	3189.93298515458	3279.68438151213	3720.28117245225	3157.29501771415	2669.05774239269	3002.70057515467	3044.02765099594	2998.22914143563	3504.43201671129	3397.10311662112	2796.10873263215	3230.7836986235	3333.59666407187	2851.04347968977	2896.8246723747	3117.57052616005	3574.20481838386	3148.03633136536	3520.25795562342	3023.09274071941	3124.86392658997	2874.31507662634	2807.7400508721	3278.84372997749	3853.76831770012	3141.70984697894	3121.00093995338	3382.76260036461	2995.87053519581	2996.8084279451	3923.95540406875	3298.0393848368	2976.54458315489	2776.81597706555	2906.72797364455	3999.78346831023	3154.78869481038	2937.50457103243	3079.17514501282	3447.30192415722	3393.53620289345	2747.54177562711	3413.4880938014	3080.93960595112	3174.08370305992	3130.80105462043	2766.42802909022	3238.15083028769	3690.9467351437	3209.95396414663	2872.78777725182	3247.2792499438	2631.42520045872	3974.79084205829	3115.66242430963	3179.88700222295	3073.75417312991	2841.63157446349	3627.87185145605	3032.46706570012	3100.9879020756	3361.63741699121	3482.10119066477	3968.37297466427	3161.89768059881	3290.81794467068	3767.94804556663	3149.81879452208	2863.57125687267	3496.03345891891	3058.81595891265	3160.51583495598	3462.87915104493	4406.49137192823	3243.41000324049	2675.04314081402	3382.55145947386	2854.60769258519	3415.28169397798	3283.84456620925	3327.44992162899	3097.31712602153	3129.26915810096	3305.10013275859	4573.14274245949	2885.43428920658	3571.45701712505	3046.16579658331	3058.12985570843	2991.99293015205	3013.83880385522	3281.05663133788	3450.23687606631	2826.35940929613	3706.92692354587	3200.99232291565	2981.34485112165	3776.43221348386	3430.76502052297	3103.99910909986	3080.98851632694	2823.1453711906	3335.00269693854	3299.63693175052	2989.45351601287	3089.15144567528	3019.03422053711	2927.80996978731	2962.4005114818	2972.10113942759	3224.89696732847	3046.09897846013	3477.06500855078	3437.8728104416	3211.16766852154	2696.61507853182	3252.44869207796	3015.31700425019	3292.84040651331	3340.41035020601	3557.41384370946	3614.95777340392	3439.70872498502	3691.99873338188	3244.80496653784	3628.24243660808	3529.79132737122	3062.14589749758	3239.5758439808	2977.28861357377	3203.08985816544	3588.01466913675	3721.28463307838	3076.49662349223	3025.95767516818	4078.42936965622	3331.4885025768	4464.84966039229	3035.70545718106	2929.46323446602	3497.96049676534	2721.682794751	3207.15036277769	3219.68820191166	3329.96001627843	3615.84210594133	3179.96457365747	3211.20778018876	3082.43995550849	3355.98568931889	2574.61189836151	3713.44215563893	3327.50825851107	3751.66352177385	3738.44945492823	2879.23824592906	2884.41195000851	3146.40982902381	3855.30366841877	3289.13402953788	3467.92755302521	2986.06892753833	2947.52060226525	2996.05281201876	2628.57709602352	3007.83344145588	3575.30978840495	4101.67855325245	3534.18378549031	2764.76861547811	2888.90178285977	3192.08256501907	3133.1268941491	3947.16584149969	3313.16849462693	3571.52308013405	3134.36967556209	3422.59726949387	3436.97083039259	3247.23575617458	3784.64861136065	4331.46270643902	3551.79044932666	3691.45593256625	2587.91552290815	3052.61286087358	3450.07514967211	3404.75972910849	3590.85334588841	3628.6320099886	2863.66031384803	2874.03798703488	3445.71288204953	3125.60992467611	3508.42128921923	3638.07459442319	3445.86570351247	3197.86109735315	3055.13590113497	3517.09645277431	3491.76447869232	3202.94818686897	3571.738648904	3287.69553360653	3115.60890922604	3378.31414734072	3004.76933708148	2625.55859326436	3365.18904151535	3013.41453544712	2579.62741286752	2848.66904986554	3114.90676310461	2843.91201494148	3004.73428319897	3499.26158937809	3122.08620799624	3133.67735398032	3782.3418648161	2800.13938020072	2959.31968193515	3765.31664174528	3246.31474718101	3501.02434179193	3245.04723728609	3455.90711271117	3302.50952939671	3088.23861231894	2950.59766843762	3620.93239234742	3053.09504035807	3173.80667467547	3087.91931302405	3152.67484920202	3550.59742252492	3366.87560956034	3165.20192734269	2874.23795209376	3062.97593387457	3135.42141212866	3383.09356191299	3514.86235959677	3191.27066264282	4185.03322572726	3368.15857280576	3831.30715128063	3242.24040128289	3520.91807202026	3915.2153242304	3405.9337967932	2941.69499819141	3061.51558095094	3272.50479001522	3577.32209376976	3904.14123927466	2991.75260141609	2975.3779845229	2649.77623987084	3381.90718355338	3140.57626776214	4062.8489985245	3204.51756608393	3444.24668575573	3318.47562184488	3570.29722642172	2894.456654921	2949.25357161556	3076.30236011833	2402.57956652947	3301.45064131288	3083.40927504838	3663.86427987622	3482.84264452504	3365.38606162271	3779.80603589619	3087.45047873003	2824.21560921578	3084.2737502318	3042.10269835389	2947.08156165065	3662.32294786855	3058.85368620486	2785.32770592422	3540.85204500148	2927.43691292251	4100.68152752423	2665.38109597143	3042.56765310038	3266.09842102704	3254.0034013252	2847.24125856715	3530.53228282342	3513.4516107425	2838.70555776201	2770.67323773477	2852.40543266213	3515.44001182429	3441.2967748026	3423.56945914782	2700.13335700058	3017.95515394851	3484.58974490565	3177.47590387393	2978.02727896792	3707.8744737985	3511.84891190668	3156.71801487787	3406.59359734315	3416.98199671018	3141.00668212593	2588.69868363603	2905.14506726616	2804.27736413224	3142.69750240102	3697.94188292135	3159.53215560888	2814.80502377798	2819.22201171057	3136.71350055783	3032.38800503767	2581.28759795545	3713.87778528579	3402.44401524901	3360.45727064206	3142.83289466115	3695.18133418611	3199.99490216806	2489.8384298677	3535.49629908114	2890.99263426467	3070.03407992224	3169.08304177703	3607.90171268126	3245.63462970323	3084.18782762833	2761.26241141416	2803.38435717472	4328.63251467921	2633.02362268591	2696.10371243186	3408.63467520083	3512.00421692693	4447.53745517434	3075.17874578406	3810.45581464428	3801.91895695619	3300.94576236174	3132.81885327893	3147.20478072896	3041.14494858186	3327.08143575995	3362.98303189782	3084.27486973891	3106.59595292778	2747.30753159979	3472.55161288302	3707.4359553486	2971.16783546773	3032.21135540105	3094.07441786045	3238.58468126128	4212.5496162519	3390.75167676907	3380.93116699916	3058.90629123034	3597.76655166517	3067.12096153379	2892.35742075293	3155.17654697577	3089.35121602571	2871.04876197078	3390.33687126582	3451.72766726678	3922.89124945281	3177.11428500418	2748.16648175565	3693.90551244143	2976.05101437428	2903.34546235928	2631.69788100626	2712.19054135286	2799.96018546172	2941.47920066947	2825.21651657838	3363.03237171846	3305.05571991349	2744.52693645728	2798.52106240043	3257.29377008188	3147.9134997638	3149.2457768351	2755.71868446511	3152.54734953962	3685.44065381205	3312.83085551504	3426.43333100828	3235.21556016833	4230.02414021158	2675.66257538171	3186.426877734	3786.61417631633	3296.26828463097	2711.58160946657	3003.79857064702	2754.10486968454	2643.5617052061	2874.06685265424	3377.46394243329	3246.59458113266	3095.75825110051	3130.45482878115	3439.03666506345	2850.32655830981	3236.01461877737	2916.01465605582	3305.71273693927	2948.9243302576	3019.19593634944	3496.97748437669	3883.67945695551	3211.6564400177	2709.84519220376	2873.40386818393	3278.20720274532	3158.33578218313	2667.81261508131	2746.06313228722	2873.50145076267	3161.81449981823	3378.68374166686	3024.96097315383	3916.26790435721	3506.450158328	3393.48794324418	2967.99314253968	3686.01983784804	3133.3234892442	2765.0105030571	3028.73800862083	3035.45564593739
2024.76999479113	2918.0915574766	3234.21067442341	3592.7818164219	3741.88052417238	3181.74913772574	2968.78478444454	3575.49370533653	2766.09300779034	3311.84262047693	3380.66936758871	2747.13253761164	2956.38204635894	3349.06344377851	3819.57121655758	2770.96628141463	3279.55515319754	3577.8477883826	3026.22229086973	2891.51914964965	3049.89199338464	2814.72785071219	3241.33175931796	3127.9985818787	2740.42798336033	3003.83597606962	3342.46818872679	3264.4903294279	3185.86503161049	3295.32525978596	3411.95360543889	3451.72486981138	3172.98609962778	2814.33760699077	3857.50711311362	3059.35945734634	3465.53833954314	3161.70669224863	2927.15967342895	3245.45817829185	3392.93313335743	2861.87042811565	3709.92423236363	3700.33994281696	2822.5126954691	2992.82518519126	3808.03553973468	3021.57115410699	3690.49393786817	3290.40254446386	2781.64214750695	3533.78977385712	3596.08572459364	3807.27191497467	3932.18557915825	3684.71038722937	3888.18040836345	2872.44402056194	3608.17769496449	2815.86032228366	3107.91577089211	3122.59124799457	3588.56384990954	3492.55188151145	4389.43983676791	3158.30419470587	2895.56145411631	2818.53959474033	2751.17968462985	3329.22626832392	3551.90282267541	3672.50511487659	2862.14056010552	3651.09134147323	2910.39198400236	2921.32192953165	3248.92185549242	3486.2880127167	3932.8914311643	3779.52750851113	3399.71711623068	2773.360531355	2993.71747711868	3042.87585522891	2978.2478982176	3594.03186399302	3619.72584254836	2908.06426272756	3021.27740649533	2918.23479211929	3274.54274933822	3228.27924027526	3016.0835856543	3484.24284176603	4340.56329847987	3475.6424100307	2900.82618240633	3503.05628770976	2930.33870026939	3094.97426022261	2727.97429522246	3287.6440616538	2992.61822140323	3015.07021328612	3031.80240099973	3185.58129952575	2857.38547999856	3245.94154208261	3762.16837420712	3376.42580129125	3172.28834688694	3407.57932091433	3682.25730469556	3488.18074616753	2554.03884229218	3322.09865340717	2883.99326502853	2925.37312294376	3497.82415512392	3352.9707883539	2823.71191259719	2658.60808181392	3494.40698614114	3002.90522662104	3005.36041203301	3391.67837821862	3106.15828756009	3186.259084896	2929.25052207136	2755.1741673444	3205.13520766452	2921.58560936394	3088.39066409742	3362.33423179956	2948.24699645064	3639.85944417936	2939.94388234824	2878.25421170882	2898.91812464002	3341.39169214554	3305.81286530129	3225.35911837371	3590.56442517117	2820.17331809219	3273.26747888928	2778.07456980622	2856.61893990427	2790.66693354759	2842.07850222057	2979.43600595924	3625.56960946838	2682.14348086684	2747.03444261046	3285.00238369481	3679.58871167599	3789.79953151262	2731.80747903995	2819.91343749728	3357.77239627539	3753.97612594389	2826.57335880636	3140.79346847586	2801.68264957369	3424.07567450133	3541.69673681919	2871.48276555406	2817.88283631335	2778.98345235822	3618.75268285239	3269.84367053017	2856.72336306478	4049.33767614789	3234.14605960443	2703.04030357342	3347.7950028719	2931.08497554086	3828.17382250078	3346.41509506989	3707.46915792864	2888.67482572368	2716.83846557782	3071.36531203696	2921.62214693	3234.60062491793	3334.31344624187	2816.12563433578	3782.37720121138	3245.54240896449	3207.96470517797	3191.79845020052	3789.26541698144	3166.31509455793	3107.4184733489	3659.1203423912	2834.38976045646	4017.13704461001	3222.74674992326	3368.01047662656	3481.33721850944	2864.50931895728	3424.72806779611	3676.23098593058	3079.37901045793	2817.39065230645	3036.17595465709	3171.03142474132	3751.81389381447	3959.14397700535	3459.45687241248	3088.91301694542	3156.19618118733	2769.67053682644	3683.23236310197	2869.66777145041	3161.00391266291	3062.3419814255	2829.38843179533	2641.14716669612	2981.34173861502	3452.31913407754	3613.42648989942	2918.29840046589	2946.11996916425	3138.84883111182	3062.38411355387	3125.27768888584	2729.2388667014	3656.01465852225	3168.01868080295	3254.03597646102	2907.75770471233	3297.95615702903	2695.82374131417	3947.2418450005	2779.82682852427	3517.8876019864	3666.22369362539	3700.0327753589	3200.50524134393	4106.39120025646	3231.83796828532	3722.15963772586	3569.90616304371	3693.34787596857	2988.07398042494	3493.41910786926	2734.04574767979	3306.04059895104	3218.32469042987	3276.42824313642	3152.62080963664	3478.52835350183	3337.95384365784	2690.36345764101	3278.90629208974	3085.97749057864	4426.89999172716	2866.12449512512	3280.23599804858	3683.93428504508	3282.79558614542	3149.57812177471	4307.63330270339	2780.25276958363	2947.2180595264	3267.24947888171	3588.43266645465	3587.4925429752	3550.0073584788	3030.09263732589	3675.55866685172	3450.52347716415	3132.7523037323	3287.36584679447	3517.85113834225	3535.89106542966	2818.18828191048	2769.05484919667	3692.52619452421	3410.01631910247	3582.59855255261	2746.47537189967	2787.14648155197	3245.21436408277	2613.88982307156	2974.92157747926	3497.17242436902	2954.59286453632	3995.70619854048	2922.50100166807	2666.26259982382	3528.41642671161	3666.69136647998	3406.48899060292	3004.8521720399	3818.08416106868	3050.80549882476	2421.26518543592	3058.77722476677	3180.83527353501	2791.31174896304	3788.22629388319	3053.20902697033	2932.36238828845	3268.87465169436	3937.55612471261	3351.29801051062	2870.51557182146	3055.49221572303	3324.10755755515	3745.87361450685	3735.93749928073	3037.65559838389	2807.92876099445	3362.84603788904	3052.81496322204	2610.61315017218	3628.05356725475	3507.07610550306	2858.81660915009	3296.49713199768	3055.89591914715	3928.08094004944	3484.96249771381	2861.41164107927	3160.56959012399	3469.07818818441	3301.4029528285	3313.32120892683	3138.11847418745	3021.46906727088	3307.2717215386	2812.78339594365	3938.74599046745	3182.23974681363	3510.87412149816	2954.49226568324	3100.64139210328	2871.87924993267	3112.5781963294	2746.89374057035	3109.69807960785	2533.17346970084	2868.2234084281	3201.97641007056	3437.89564283141	3508.27887095286	2806.22669931896	3048.30584624362	3360.02064047114	3057.55257809208	2740.7543860712	3143.432522958	3266.9487208077	3119.42299778157	3518.2047227672	3212.99813366865	3244.06723609626	3431.40259268387	3098.66600565545	3513.90647022685	3965.94199960968	2925.52834634924	3190.80649632472	3135.02884031976	2823.35074266635	2929.08443308121	2474.04078481015	2866.43418996106	2911.71665503193	2726.50967026437	2957.20181754673	3356.85136040897	2939.01099264183	3246.61978730735	3366.04619019041	2782.11299294645	3325.21123430679	3123.15498129038	3268.38316031099	3463.01903626069	3062.26078967359	3223.09139182869	3052.54655056117	3093.64756013596	3350.14462264601	3086.04827940265	3194.33523166362	3390.96794591475	2743.41254192033	3051.36575890986	2980.33885412481	2704.30108608803	3507.53254637972	3062.02685988296	3525.75782708134	3020.11148610225	2961.77858572513	2847.62401410106	3841.75618948686	3472.62209238555	3181.64570367508	2837.26978089368	2724.07288331068	3949.08897618782	3474.83462506193	3160.85988185399	3446.71810969878	3362.81083798622	2937.24387977455	2694.94892899522	2991.45450514839	2626.27626116724	3348.93331702912	2721.08031087491	3090.09397125102	3509.74736045532	3396.70675339577	2841.37553754145	3089.38097248766	2915.84883200509	3461.53977585103	3251.26421928932	2843.00842524752	3607.53192681957	3255.91763603816	2985.45182384051	3012.21926009979	2945.38888436159	3487.79924110604	3249.92802806794	3632.31020969058	3177.52782115894	3321.25855916133	3576.68337291935	3354.71094550144	3046.1633307604	3804.62864929545	2912.60468430216	3500.13258368799	3450.60192679776	2916.54710672357	2835.60360819182	3512.42967403205	3691.07610006177	3417.66839082793	3116.1517202908	3469.35734211072	2892.93722502575	3180.40997528819	2471.04045310416	3155.78961428691	2601.00280811246	2660.3013137581	2953.49093924046	3198.25879145327	2632.77474893213	3879.4786170014	2832.27971859767	3284.62001948716	4341.0275589063	3670.41580017725	3072.264979523	3141.96442932729	3159.72081488868	3349.40582315349	2780.36274781048	3737.87923105939	3492.49593294381	3650.20031397394	2860.51357309592	2679.05605711637	3322.59259268532	3258.57348250784	2899.20451854836	3328.65268138139	3324.93496060763	3384.21083625969	3231.47617227342	3313.71200101464	3439.74684700335	3432.52993561549	2993.57159201789	3162.41270729022	2676.53459301004	2993.23848122329	3116.80469745492	3055.44337528015	3845.47154375616	3186.78532203436	3025.63752829756	3512.72551165672	3148.1098611636	3910.01606533082	2831.59993468457	2810.70819622465	3112.19737130804	2998.11536085784	3503.69916912343	3233.2782504696	3170.33075683932	2791.95440545978	3082.61509505854	3407.89917217015	3388.61441334119	3041.95282952439	3540.93095007035	3389.15861623322	3280.84267301194	3157.76353409788	3286.15216402853	3454.51090002733	3020.01252618787	3405.94286837236	2866.89823622179	2955.14496580691	3898.50610853188	2824.68701753478	3155.27633100943	2960.27381509476	3342.03028296409	2934.81775755559	3016.98472677729	3150.30643922475	3231.07024734572	3443.93186457077	3278.51263786303	3305.22786673729	2754.5824512245	3205.43952270567	3470.07934552122	3775.49771574013	3413.69407999681	3066.87470506663	2633.79712641869	3404.48578774035	3095.96145887634	2946.00190438371	3081.78404149545	2693.90156836078	3319.77649881105	3724.27155972106	2990.1577094425	3246.72500601261	3590.74561735662	3091.33384658293	2952.55831087395	3266.02464328879	2829.63329039577	2824.43801913189	3160.45501731864	3330.97898069824	2766.83684484676	3330.14113635432	2865.48873152873	2747.585295306	2872.0223328316	3663.77155926516	2254.57801003848	3377.43684420574	2689.53383695052	3303.64753170912	3279.68438151213	3720.28117245225	3161.8551156952	2669.05774239269	3002.70057515467	3075.14070046031	3079.41981129625	3504.43201671129	3397.10311662112	2979.00741033159	3230.7836986235	3333.59666407187	2851.04347968977	2896.8246723747	3117.57052616005	3655.70269726976	3284.56710298341	3545.9552925581	3023.09274071941	3142.67239697029	2992.29052992028	2807.7400508721	3278.84372997749	3868.80781527342	3141.70984697894	3121.00093995338	3382.76260036461	3229.14419428395	2996.8084279451	3923.95540406875	3315.36088003982	2984.55997071678	2776.81597706555	2906.72797364455	4025.45995875577	3154.78869481038	2937.50457103243	3079.17514501282	3447.30192415722	3393.53620289345	2769.28397947174	3542.19547869881	3080.93960595112	3174.08370305992	3346.72362730059	2766.42802909022	3261.53869862254	3690.9467351437	3387.74216988378	2872.78777725182	3247.2792499438	2631.42520045872	4229.56720304106	3115.66242430963	3179.88700222295	3073.75417312991	2871.27785821293	3627.87185145605	3032.46706570012	3100.9879020756	3361.63741699121	3534.00580490359	3968.37297466427	3161.89768059881	3290.81794467068	3767.94804556663	3149.81879452208	2863.57125687267	3496.03345891891	3058.81595891265	3458.2463573376	3683.9614663343	4535.10562506189	3243.41000324049	2903.94900171744	3550.84849544586	2952.96444152753	3415.28169397798	3283.84456620925	3327.44992162899	3097.31712602153	3131.43144585976	3305.10013275859	4798.50997586648	2885.43428920658	3571.45701712505	3115.23365483315	3058.12985570843	2991.99293015205	3064.20466196985	3281.05663133788	3450.23687606631	2826.35940929613	3741.6316078513	3200.99232291565	2981.34485112165	3776.43221348386	3430.76502052297	3118.57883278442	3080.98851632694	2823.1453711906	3335.00269693854	3426.29278030318	2989.45351601287	3090.79252205353	3019.03422053711	2927.80996978731	2962.4005114818	2972.10113942759	3224.89696732847	3178.77300777351	3477.06500855078	3437.8728104416	3211.16766852154	2804.69084572689	3252.44869207796	3041.71556933904	3292.84040651331	3340.41035020601	3643.92936444623	3647.71061930542	3439.70872498502	3691.99873338188	3244.80496653784	3738.5729759693	3651.3686806707	3062.14589749758	3285.30089399792	2981.43463727678	3203.08985816544	3588.01466913675	3858.56695163148	3148.5786487353	3085.69899362481	4078.42936965622	3331.4885025768	4690.0596990502	3035.70545718106	2929.46323446602	3497.96049676534	2721.682794751	3207.15036277769	3219.68820191166	3590.1864828201	3615.84210594133	3179.96457365747	3211.20778018876	3082.43995550849	3417.45505914096	2574.61189836151	3723.03580132917	3358.88027405169	3751.66352177385	3738.44945492823	2879.23824592906	2913.01859175673	3146.40982902381	3855.30366841877	3289.13402953788	3529.81814686117	2986.06892753833	3129.54503310144	3003.54444035594	2628.57709602352	3012.94367298425	3575.30978840495	4294.71671572548	3534.18378549031	2764.76861547811	2888.90178285977	3192.08256501907	3149.71739762549	3948.25441148921	3313.16849462693	3571.52308013405	3134.36967556209	3479.19126703795	3436.97083039259	3247.23575617458	3814.53604981775	4331.46270643902	3551.79044932666	3958.93304534039	2645.66977993204	3054.88315635455	3450.07514967211	3404.75972910849	3787.49333592411	3687.93439432575	2863.66031384803	2874.03798703488	3445.71288204953	3321.65264601171	3533.99765872412	3638.07459442319	3723.64520952028	3197.86109735315	3055.13590113497	3517.09645277431	3557.65328222811	3207.72526736501	3571.738648904	3287.69553360653	3115.60890922604	3404.61935870103	3035.08617804137	2692.84303165266	3365.18904151535	3025.56886174454	2678.12331241664	2848.66904986554	3138.02479716992	3004.97300132346	3042.18596560583	3499.26158937809	3122.08620799624	3133.67735398032	3847.77401719646	2800.13938020072	2959.31968193515	3765.31664174528	3246.31474718101	3501.02434179193	3245.04723728609	3455.90711271117	3302.50952939671	3095.69397414775	2950.59766843762	3620.93239234742	3053.09504035807	3308.56173820937	3087.91931302405	3152.67484920202	3550.59742252492	3366.87560956034	3165.20192734269	2924.18037344666	3062.97593387457	3182.47029934225	3383.09356191299	3514.86235959677	3191.27066264282	4185.03322572726	3379.56092560915	3963.01521920372	3251.94552824218	3520.91807202026	3915.2153242304	3405.9337967932	2941.69499819141	3061.51558095094	3272.50479001522	3577.32209376976	4003.00539707928	3041.59376068905	2999.32385733445	2649.77623987084	3381.90718355338	3202.94462918162	4062.8489985245	3204.51756608393	3444.24668575573	3318.47562184488	3570.29722642172	2894.456654921	2981.79821937021	3076.30236011833	2402.57956652947	3515.6310022868	3083.40927504838	3749.74640921557	3482.84264452504	3365.38606162271	3790.95592908866	3092.47090465731	2824.21560921578	3084.2737502318	3104.22566298125	2947.08156165065	3685.21946601073	3058.85368620486	2920.0973629551	3540.85204500148	2927.43691292251	4100.68152752423	2665.38109597143	3042.56765310038	3266.09842102704	3254.0034013252	2847.24125856715	3560.20150616954	3542.8756828676	2838.70555776201	2828.49479381251	2852.40543266213	3515.44001182429	3444.78439136882	3423.56945914782	2700.13335700058	3087.18247602065	3674.97661557601	3225.94097674677	2978.02727896792	3798.93361851272	3511.84891190668	3156.71801487787	3418.42991679232	3416.98199671018	3151.81865538728	2588.69868363603	2905.14506726616	2804.27736413224	3142.69750240102	3805.57717300642	3159.53215560888	2814.80502377798	2819.40619351392	3136.71350055783	3092.32338694027	2646.03066501726	3713.87778528579	3402.44401524901	3360.45727064206	3142.83289466115	3695.18133418611	3199.99490216806	2490.16073398879	3572.51583980949	2890.99263426467	3070.03407992224	3193.39173317379	3607.90171268126	3327.87985808201	3113.32144018139	2866.50652888669	2803.38435717472	4386.26133564737	2633.02362268591	2760.30437755737	3408.63467520083	3512.00421692693	4447.53745517434	3075.17874578406	3811.05966399456	3801.91895695619	3300.94576236174	3163.14061083454	3147.20478072896	3041.14494858186	3327.08143575995	3362.98303189782	3084.27486973891	3363.86115443361	2747.30753159979	3623.09041713091	3707.4359553486	2971.16783546773	3196.22680590758	3094.07441786045	3238.58468126128	4399.08806596076	3390.75167676907	3380.93116699916	3058.90629123034	3597.76655166517	3067.12096153379	2892.35742075293	3155.17654697577	3089.35121602571	2871.04876197078	3391.13360243898	3511.54523429164	3922.89124945281	3177.11428500418	2775.98622912791	3693.90551244143	2976.05101437428	2903.34546235928	2631.69788100626	2712.19054135286	2799.96018546172	2941.47920066947	2825.21651657838	3363.03237171846	3305.05571991349	2744.52693645728	2798.52106240043	3257.29377008188	3147.9134997638	3185.6727444186	2772.28759487293	3252.60984192681	3685.44065381205	3326.16496639554	3506.9948213344	3235.21556016833	4230.02414021158	2680.27205922475	3186.426877734	3838.44033963066	3364.03279451595	2711.58160946657	3003.79857064702	2806.75181403062	2643.5617052061	2874.06685265424	3377.46394243329	3331.58062688354	3095.75825110051	3130.45482878115	3467.66592768726	2875.78670668337	3278.56197111817	2916.01465605582	3394.02921639509	3142.47275644196	3019.19593634944	3496.97748437669	3883.67945695551	3247.80160711688	2709.84519220376	2873.40386818393	3278.20720274532	3158.33578218313	2667.81261508131	2746.06313228722	2873.50145076267	3164.91492276196	3378.68374166686	3248.33656418729	4086.74376226126	3586.08646526682	3563.66430795199	2967.99314253968	3686.01983784804	3133.3234892442	2789.77019624501	3028.73800862083	3035.45564593739
2024.77535918244	2918.0915574766	3234.21067442341	3592.7818164219	3912.44144152206	3247.27745484343	2968.78478444454	3575.49370533653	2766.09300779034	3408.38427403544	3380.66936758871	2747.13253761164	3014.07606327474	3349.12537122087	3819.57121655758	2770.96628141463	3279.55515319754	3577.8477883826	3026.22229086973	2891.51914964965	3049.89199338464	2814.72785071219	3241.33175931796	3127.9985818787	2749.28074220457	3003.83597606962	3342.46818872679	3264.4903294279	3185.86503161049	3295.32525978596	3411.95360543889	3451.72486981138	3172.98609962778	2814.33760699077	3857.50711311362	3059.35945734634	3465.53833954314	3161.70669224863	2934.92452440018	3245.45817829185	3392.93313335743	2861.87042811565	3769.32689972581	3700.33994281696	2822.5126954691	2996.00018065907	3808.03553973468	3021.57115410699	3690.49393786817	3290.40254446386	2781.64214750695	3533.919482115	3596.08572459364	3859.22521680888	3932.18557915825	3684.71038722937	3888.18040836345	2872.44402056194	3608.17769496449	2856.99748276847	3107.91577089211	3237.29970050731	3588.56384990954	3727.64038294781	4389.43983676791	3158.30419470587	3146.93353466134	2818.53959474033	2751.17968462985	3329.22626832392	3551.90282267541	3672.50511487659	2862.14056010552	3651.09134147323	2947.53737272768	3076.62008485552	3248.92185549242	3486.2880127167	3932.8914311643	3779.52750851113	3433.73293156428	2773.360531355	3039.31093387925	3042.87585522891	2978.2478982176	3594.03186399302	3619.72584254836	2908.06426272756	3021.27740649533	2918.23479211929	3274.54274933822	3228.27924027526	3056.77964977358	3625.91180434281	4340.56329847987	3553.62201594132	2900.82618240633	3503.05628770976	3023.1306647443	3094.97426022261	2727.97429522246	3287.6440616538	2992.61822140323	3015.07021328612	3031.80240099973	3185.58129952575	2857.38547999856	3245.94154208261	3912.58912258012	3574.66036794027	3172.28834688694	3470.12948213993	3682.25730469556	3488.18074616753	2554.03884229218	3322.09865340717	2883.99326502853	2925.37312294376	3497.82415512392	3352.9707883539	2823.71191259719	2658.60808181392	3494.40698614114	3002.90522662104	3131.28234531049	3732.71880001814	3106.15828756009	3186.259084896	2985.01426607418	2763.37064032261	3205.13520766452	2921.58560936394	3088.39066409742	3362.33423179956	2948.24699645064	3639.85944417936	2961.14264926307	2880.42873432544	2898.91812464002	3341.39169214554	3305.81286530129	3225.35911837371	3808.20105493783	2820.17331809219	3273.26747888928	2778.07456980622	3000.22174936376	2790.66693354759	2842.07850222057	2979.43600595924	3633.46498707885	2682.14348086684	2894.41833110462	3285.00238369481	3679.58871167599	3849.15739341661	2731.80747903995	2819.91343749728	3357.77239627539	3753.97612594389	2826.57335880636	3140.79346847586	2801.68264957369	3424.07567450133	3541.69673681919	2871.48276555406	2990.55864546354	2778.98345235822	3618.75268285239	3269.84367053017	2860.51938193231	4049.33767614789	3234.14605960443	2703.04030357342	3351.20923323077	2931.08497554086	3828.17382250078	3419.49159530504	3707.46915792864	2888.67482572368	2716.83846557782	3072.48638152392	2921.62214693	3256.11788705806	3430.95018372168	2816.12563433578	3782.37720121138	3245.54240896449	3207.96470517797	3294.20490409272	3806.05836406652	3166.31509455793	3107.4184733489	3659.1203423912	2834.38976045646	4017.13704461001	3256.37404241867	3368.01047662656	3481.33721850944	2864.50931895728	3424.72806779611	3676.23098593058	3120.7145340766	2817.39065230645	3036.17595465709	3394.61282890564	3751.81389381447	3959.14397700535	3477.73942732866	3088.91301694542	3156.19618118733	2974.7540335136	3683.23236310197	2869.66777145041	3214.75022139609	3062.3419814255	2829.38843179533	2641.14716669612	3105.23565117618	3452.31913407754	3613.42648989942	2918.29840046589	2946.11996916425	3186.99038600971	3062.38411355387	3125.27768888584	2729.2388667014	3656.01465852225	3340.24273061233	3275.68191750594	2928.01897315526	3297.95615702903	2766.52247996945	3947.2418450005	2779.82682852427	3517.8876019864	3791.43998763353	3700.0327753589	3200.50524134393	4106.39120025646	3231.83796828532	3722.15963772586	3594.55608375115	3693.34787596857	2988.07398042494	3493.41910786926	2745.79769546956	3306.04059895104	3218.32469042987	3276.42824313642	3152.62080963664	3530.08208863577	3337.95384365784	2690.36345764101	3278.90629208974	3085.97749057864	4426.89999172716	2866.12449512512	3346.84109506417	3683.93428504508	3282.79558614542	3209.55978759929	4307.63330270339	2780.25276958363	2947.2180595264	3267.24947888171	3588.43266645465	3587.4925429752	3550.0073584788	3030.09263732589	3675.55866685172	3450.52347716415	3132.7523037323	3287.36584679447	3559.66434319384	3535.89106542966	2843.46103612274	2769.05484919667	3979.72835457741	3410.01631910247	3635.40195313804	2746.47537189967	2787.14648155197	3260.87920321145	2613.88982307156	2974.92157747926	3702.5501024619	2954.59286453632	3995.70619854048	2922.50100166807	2666.26259982382	3528.41642671161	3749.94709725715	3526.72573017002	3004.8521720399	3864.31531954347	3050.80549882476	2478.80576168946	3058.77722476677	3180.83527353501	2791.31174896304	3788.22629388319	3053.20902697033	2932.36238828845	3268.87465169436	3937.55612471261	3351.29801051062	2870.51557182146	3065.89575221897	3365.42853397698	3745.87361450685	3735.93749928073	3037.65559838389	2807.92876099445	3362.84603788904	3052.81496322204	2610.61315017218	3634.49857930623	3514.21961163173	2858.81660915009	3296.49713199768	3055.89591914715	3928.08094004944	3484.96249771381	2861.41164107927	3205.67432670072	3469.07818818441	3401.94376765289	3313.32120892683	3138.11847418745	3021.46906727088	3307.2717215386	2879.98519888241	3938.74599046745	3182.23974681363	3580.85924734393	2954.49226568324	3100.64139210328	2871.87924993267	3178.06631263379	2746.89374057035	3109.69807960785	2533.17346970084	2868.2234084281	3201.97641007056	3511.71078407889	3508.27887095286	2806.22669931896	3225.93869418825	3360.02064047114	3057.55257809208	2934.72367891893	3143.432522958	3266.9487208077	3119.42299778157	3518.2047227672	3224.44047843739	3244.06723609626	3431.40259268387	3098.66600565545	3513.90647022685	3965.94199960968	2925.52834634924	3190.80649632472	3215.38060488546	2823.35074266635	2929.08443308121	2500.82838102133	2866.43418996106	2911.71665503193	2726.50967026437	2957.20181754673	3356.85136040897	3020.65232181782	3246.61978730735	3366.04619019041	2782.11299294645	3325.6862837784	3123.15498129038	3268.38316031099	3463.01903626069	3062.26078967359	3223.09139182869	3052.54655056117	3093.64756013596	3350.14462264601	3246.81969617927	3194.33523166362	3390.96794591475	2801.90904786107	3051.36575890986	2980.33885412481	2704.30108608803	3507.53254637972	3062.02685988296	3525.75782708134	3020.11148610225	2961.77858572513	2847.62401410106	3841.75618948686	3589.51886474734	3181.64570367508	2837.26978089368	3024.46448143943	3949.08897618782	3474.83462506193	3160.85988185399	3517.89491921069	3362.81083798622	2937.24387977455	2694.94892899522	2991.45450514839	2626.27626116724	3538.41192305245	2721.08031087491	3090.09397125102	3509.74736045532	3413.61618358276	2944.37783800749	3089.38097248766	2915.84883200509	3461.53977585103	3251.26421928932	2843.00842524752	3611.06836151746	3357.5793382386	2985.45182384051	3303.74428520291	2945.38888436159	3487.79924110604	3249.92802806794	3632.31020969058	3204.43228392904	3329.68429636994	3576.68337291935	3470.63487778838	3046.1633307604	3804.62864929545	2912.60468430216	3500.13258368799	3510.66548989724	2916.54710672357	2835.60360819182	3512.42967403205	3712.19812623216	3417.66839082793	3116.1517202908	3469.35734211072	3057.62310842847	3180.40997528819	2471.04045310416	3157.42812265576	2601.00280811246	2681.83381948996	2953.49093924046	3198.25879145327	2711.66697731199	3955.77638420095	2832.27971859767	3315.49769264839	4380.07841839531	3744.20979234458	3097.69292041103	3280.76142536708	3199.25556854837	3349.40582315349	2780.36274781048	3738.93111917195	3492.49593294381	3706.35541274654	2860.51357309592	2679.05605711637	3334.4660868478	3258.57348250784	2899.20451854836	3328.65268138139	3324.93496060763	3482.51145187258	3231.47617227342	3313.71200101464	3441.17686344816	3487.30285400595	3175.36303427328	3162.41270729022	2676.53459301004	3009.7617546303	3301.92718289924	3055.44337528015	3845.47154375616	3186.78532203436	3025.63752829756	3528.85278022141	3148.1098611636	3910.01606533082	2831.59993468457	2810.70819622465	3112.19737130804	2998.11536085784	3541.71539923627	3233.2782504696	3170.33075683932	3046.28597071963	3082.61509505854	3407.89917217015	3485.16072511581	3041.95282952439	3540.93095007035	3492.04528614069	3306.74182501995	3157.76353409788	3286.15216402853	3454.51090002733	3041.44644215248	3405.94286837236	2866.89823622179	2955.14496580691	3898.50610853188	2824.68701753478	3360.45146767481	2960.27381509476	3342.03028296409	3056.60030773097	3016.98472677729	3150.30643922475	3275.40391037639	3443.93186457077	3342.48760097206	3305.22786673729	2815.33060606513	3251.84249169096	3470.07934552122	3797.90136974466	3413.69407999681	3071.06398398765	2633.79712641869	3404.48578774035	3101.90851517862	2946.00190438371	3081.78404149545	2693.90156836078	3319.77649881105	3724.27155972106	2990.1577094425	3246.72500601261	3590.74561735662	3091.33384658293	2952.55831087395	3266.02464328879	2829.63329039577	2824.43801913189	3181.83185634706	3330.97898069824	2766.83684484676	3330.14113635432	2865.48873152873	2747.585295306	2872.0223328316	3663.77155926516	2254.57801003848	3377.43684420574	2689.53383695052	3417.6015896464	3279.68438151213	3720.28117245225	3165.06856285972	2669.05774239269	3002.70057515467	3111.01464339733	3160.19103266731	3504.43201671129	3397.10311662112	3244.73591268869	3230.7836986235	3426.13339249978	2851.04347968977	2896.8246723747	3117.57052616005	3736.9582926379	3339.76496052434	3571.83286250293	3052.01723900611	3142.67239697029	3169.27447809187	2807.7400508721	3278.84372997749	3868.80781527342	3240.05602914074	3121.00093995338	3382.76260036461	3453.27424718486	2996.8084279451	3923.95540406875	3332.54388054352	3122.06140892598	2776.81597706555	2906.72797364455	4025.45995875577	3154.78869481038	2937.50457103243	3079.17514501282	3447.30192415722	3393.53620289345	2838.90621828316	3640.73592815453	3080.93960595112	3174.08370305992	3554.64989259401	2766.42802909022	3294.62832147285	3690.9467351437	3387.74216988378	2872.78777725182	3247.2792499438	2631.42520045872	4229.56720304106	3115.66242430963	3179.88700222295	3073.75417312991	2900.9674223145	3627.87185145605	3032.46706570012	3100.9879020756	3361.63741699121	3585.80518030298	3968.37297466427	3161.89768059881	3290.81794467068	3767.94804556663	3149.81879452208	2863.57125687267	3496.03345891891	3071.36194732147	3743.62588092021	3895.60771151308	4661.90425777692	3243.41000324049	3135.4464985016	3714.02417149842	2952.96444152753	3415.28169397798	3283.84456620925	3327.44992162899	3097.31712602153	3131.43144585976	3305.10013275859	4798.50997586648	2885.43428920658	3571.45701712505	3184.05491401973	3058.12985570843	2991.99293015205	3120.53849492885	3447.78304072064	3450.23687606631	2826.35940929613	3776.35871069201	3200.99232291565	2981.34485112165	3776.43221348386	3430.76502052297	3133.17895278487	3080.98851632694	2823.1453711906	3335.00269693854	3552.61000590567	2989.45351601287	3092.43354845076	3019.03422053711	2927.80996978731	2962.4005114818	2972.10113942759	3224.89696732847	3251.699141578	3477.06500855078	3437.8728104416	3211.16766852154	2930.68284899272	3252.44869207796	3125.58836798663	3292.84040651331	3340.41035020601	3716.61638058898	3647.71061930542	3439.70872498502	3691.99873338188	3244.80496653784	3850.53578114684	3775.66034360517	3062.14589749758	3330.95400281781	2985.58216546382	3203.08985816544	3588.01466913675	3993.53443581024	3219.45306612536	3190.53986976551	4078.42936965622	3331.4885025768	4906.19500154724	3035.70545718106	2929.46323446602	3497.96049676534	2721.682794751	3207.15036277769	3219.68820191166	3842.08759486016	3615.84210594133	3179.96457365747	3211.20778018876	3082.43995550849	3417.45505914096	2574.61189836151	3732.73618734376	3361.74770517512	3751.66352177385	3738.44945492823	2879.23824592906	2913.01859175673	3146.40982902381	3855.30366841877	3289.13402953788	3591.55613765744	2986.06892753833	3129.54503310144	3011.09983715199	2628.57709602352	3012.94367298425	3575.30978840495	4481.03078511417	3534.18378549031	2764.76861547811	2888.90178285977	3192.08256501907	3149.71739762549	3948.25441148921	3313.16849462693	3571.52308013405	3134.36967556209	3535.87046888844	3436.97083039259	3247.23575617458	3844.37898115225	4331.46270643902	3551.79044932666	4142.34596494396	2676.21017686986	3054.88315635455	3450.07514967211	3404.75972910849	3974.88027550518	3747.39194908894	2863.66031384803	2874.03798703488	3445.71288204953	3512.04851958341	3559.68650907687	3638.07459442319	3986.27248118521	3197.86109735315	3055.13590113497	3517.09645277431	3623.39405035698	3207.72526736501	3571.738648904	3287.69553360653	3115.60890922604	3404.61935870103	3125.77180177277	2776.54187496394	3365.18904151535	3025.56886174454	2951.46608094309	2848.66904986554	3161.18612850141	3168.71118903453	3042.18596560583	3499.26158937809	3140.11857941124	3133.67735398032	3847.77401719646	2800.13938020072	2959.31968193515	3765.31664174528	3246.31474718101	3501.02434179193	3245.04723728609	3455.90711271117	3302.50952939671	3129.49773996708	2950.59766843762	3620.93239234742	3053.09504035807	3553.84775461635	3087.91931302405	3152.67484920202	3550.59742252492	3366.87560956034	3165.20192734269	2946.04013107317	3062.97593387457	3230.1030568417	3383.09356191299	3514.86235959677	3191.27066264282	4185.03322572726	3379.56092560915	4126.20594529601	3251.94552824218	3520.91807202026	3915.2153242304	3405.9337967932	2941.69499819141	3064.01104252622	3272.50479001522	3577.32209376976	4003.00539707928	3091.97001183407	2999.32385733445	2649.77623987084	3381.90718355338	3202.94462918162	4062.8489985245	3204.51756608393	3444.24668575573	3318.47562184488	3570.29722642172	2894.456654921	3014.29448905645	3076.30236011833	2402.57956652947	3515.6310022868	3083.40927504838	3835.13238029193	3482.84264452504	3365.38606162271	3802.12049523443	3092.47090465731	2824.21560921578	3084.2737502318	3234.93571361167	2947.08156165065	3685.21946601073	3058.85368620486	2920.0973629551	3540.85204500148	2927.43691292251	4100.68152752423	2665.38109597143	3042.56765310038	3266.09842102704	3254.0034013252	2847.24125856715	3589.84628274124	3542.8756828676	2838.70555776201	2914.84707064362	2852.40543266213	3515.44001182429	3448.27642366915	3423.56945914782	2700.13335700058	3156.11995389264	3867.38796334775	3226.16399219451	2978.02727896792	3889.2945941303	3511.84891190668	3156.71801487787	3430.37536330955	3416.98199671018	3151.81865538728	2588.69868363603	2905.14506726616	2804.27736413224	3142.69750240102	3805.57717300642	3202.25074066211	2814.80502377798	2819.40619351392	3136.71350055783	3092.32338694027	2710.74915767994	3713.87778528579	3402.44401524901	3360.45727064206	3142.83289466115	3695.18133418611	3199.99490216806	2490.48304474232	3572.51583980949	2890.99263426467	3070.03407992224	3217.74640551648	3607.90171268126	3327.87985808201	3142.39393800186	2978.51672758203	2803.38435717472	4443.89501991516	2633.02362268591	2825.01074189782	3408.63467520083	3512.00421692693	4447.53745517434	3075.17874578406	3811.66341342224	3801.91895695619	3300.94576236174	3163.14061083454	3147.20478072896	3041.14494858186	3327.08143575995	3362.98303189782	3084.27486973891	3608.74380597257	2747.30753159979	3623.09041713091	3707.4359553486	2971.16783546773	3458.19759701989	3094.07441786045	3238.58468126128	4577.32396545761	3390.75167676907	3380.93116699916	3058.90629123034	3597.76655166517	3067.12096153379	2892.35742075293	3155.17654697577	3089.35121602571	2871.04876197078	3391.9305118874	3571.69139567479	3922.89124945281	3177.11428500418	2803.77112304237	3693.90551244143	2976.05101437428	2903.34546235928	2631.69788100626	2712.19054135286	2799.96018546172	2941.47920066947	2845.81679224527	3363.03237171846	3305.05571991349	2744.52693645728	2798.52106240043	3257.29377008188	3147.9134997638	3247.67852178337	2853.58049845005	3353.05548494794	3685.44065381205	3339.60672314387	3587.33981083807	3235.21556016833	4230.02414021158	2767.36102191091	3186.426877734	3838.44033963066	3492.87116835723	2711.58160946657	3003.79857064702	3042.42628237504	2643.5617052061	2874.06685265424	3377.46394243329	3331.85669466338	3095.75825110051	3130.45482878115	3496.42566027315	2901.26083214368	3321.0515081874	2916.01465605582	3474.63125772616	3336.61986232156	3019.19593634944	3496.97748437669	3883.67945695551	3247.80160711688	2709.84519220376	2873.40386818393	3278.20720274532	3158.33578218313	2667.81261508131	2746.06313228722	2873.50145076267	3164.91492276196	3378.68374166686	3463.28213733371	4344.19547157834	3615.34826563105	3563.66430795199	2967.99314253968	3686.01983784804	3133.3234892442	2897.00322861808	3028.73800862083	3035.45564593739
2024.78072357376	2918.0915574766	3258.6923266042	3592.7818164219	3912.44144152206	3314.26106906584	2968.78478444454	3575.49370533653	2766.09300779034	3475.63291413988	3380.66936758871	2747.13253761164	3075.6295859362	3349.18730265057	3819.57121655758	2770.96628141463	3279.55515319754	3577.8477883826	3026.22229086973	2891.51914964965	3049.89199338464	2814.72785071219	3241.33175931796	3127.9985818787	2749.28074220457	3003.83597606962	3342.46818872679	3264.4903294279	3185.86503161049	3295.32525978596	3411.95360543889	3451.72486981138	3172.98609962778	2814.33760699077	3857.50711311362	3059.35945734634	3465.53833954314	3161.70669224863	2934.92452440018	3245.45817829185	3392.93313335743	2861.87042811565	3829.11546908114	3700.33994281696	2822.5126954691	3004.42746446444	3808.03553973468	3021.57115410699	3690.49393786817	3290.40254446386	2781.64214750695	3533.919482115	3596.08572459364	3910.99123792836	3932.18557915825	3684.71038722937	3888.18040836345	2872.44402056194	3608.17769496449	2899.013099864	3107.91577089211	3237.29970050731	3588.56384990954	3769.43655908456	4389.43983676791	3158.30419470587	3387.43598300768	2818.53959474033	2751.17968462985	3329.22626832392	3551.90282267541	3672.50511487659	2862.14056010552	3651.09134147323	2947.53737272768	3232.06867009154	3248.92185549242	3486.2880127167	3932.8914311643	3779.52750851113	3433.73293156428	2773.360531355	3039.31093387925	3042.87585522891	2978.2478982176	3594.03186399302	3619.72584254836	2908.06426272756	3021.27740649533	2918.23479211929	3274.54274933822	3228.27924027526	3056.77964977358	3750.08010559671	4340.56329847987	3631.56487093032	2900.82618240633	3503.05628770976	3265.82247718864	3094.97426022261	2727.97429522246	3287.6440616538	2992.61822140323	3015.07021328612	3031.80240099973	3185.58129952575	2857.38547999856	3245.94154208261	3912.58912258012	3767.56626707654	3172.28834688694	3532.50110260061	3682.25730469556	3488.18074616753	2554.03884229218	3322.09865340717	2883.99326502853	2925.37312294376	3497.82415512392	3352.9707883539	2823.71191259719	2658.60808181392	3494.40698614114	3002.90522662104	3257.2264721993	3732.71880001814	3106.15828756009	3186.259084896	3040.66101046358	2763.37064032261	3205.13520766452	2921.58560936394	3088.39066409742	3362.33423179956	2948.24699645064	3639.85944417936	2961.14264926307	2880.42873432544	2898.91812464002	3341.39169214554	3305.81286530129	3225.35911837371	3808.20105493783	2820.17331809219	3273.26747888928	2778.07456980622	3140.84776674385	2790.66693354759	2842.07850222057	2979.43600595924	3633.46498707885	2682.14348086684	2937.47821250616	3285.00238369481	3679.58871167599	3849.15739341661	2731.80747903995	2819.91343749728	3357.77239627539	3753.97612594389	2826.57335880636	3140.79346847586	2801.68264957369	3424.07567450133	3541.69673681919	2871.48276555406	3118.53787253569	2778.98345235822	3618.75268285239	3269.84367053017	2860.51938193231	4049.33767614789	3234.14605960443	2703.04030357342	3354.62923607347	2931.08497554086	3828.17382250078	3492.26135724097	3707.46915792864	2888.67482572368	2716.83846557782	3072.48638152392	2921.62214693	3268.48343370762	3528.08139795211	2816.12563433578	3782.37720121138	3245.54240896449	3207.96470517797	3294.20490409272	3822.89756234822	3166.31509455793	3107.4184733489	3659.1203423912	2834.38976045646	4017.13704461001	3256.37404241867	3368.01047662656	3481.33721850944	2864.50931895728	3424.72806779611	3676.23098593058	3135.49336234326	2817.39065230645	3036.17595465709	3609.81192098934	3751.81389381447	3959.14397700535	3477.73942732866	3088.91301694542	3156.19618118733	2974.7540335136	3683.23236310197	2869.66777145041	3214.75022139609	3062.3419814255	2829.38843179533	2641.14716669612	3269.32340867083	3452.31913407754	3613.42648989942	2918.29840046589	2946.11996916425	3186.99038600971	3062.38411355387	3125.27768888584	2729.2388667014	3656.01465852225	3340.24273061233	3275.68191750594	2946.59987447443	3297.95615702903	2766.52247996945	3947.2418450005	2779.82682852427	3517.8876019864	3894.04795204274	3700.0327753589	3200.50524134393	4106.39120025646	3231.83796828532	3722.15963772586	3594.55608375115	3693.34787596857	2988.07398042494	3493.41910786926	2745.79769546956	3306.04059895104	3218.32469042987	3276.42824313642	3171.57793564809	3530.08208863577	3337.95384365784	2690.36345764101	3278.90629208974	3085.97749057864	4426.89999172716	2866.12449512512	3346.84109506417	3683.93428504508	3282.79558614542	3209.55978759929	4307.63330270339	2780.25276958363	2947.2180595264	3366.21839787081	3588.43266645465	3587.4925429752	3550.0073584788	3030.09263732589	3675.55866685172	3450.52347716415	3155.8789286126	3287.36584679447	3559.66434319384	3535.89106542966	2868.71968799713	2769.05484919667	4247.90875960533	3410.01631910247	3635.40195313804	2746.47537189967	2787.14648155197	3276.5436971786	2613.88982307156	2974.92157747926	3702.5501024619	2954.59286453632	3995.70619854048	2922.50100166807	2666.26259982382	3528.41642671161	3749.94709725715	3526.72573017002	3004.8521720399	3910.47325450701	3050.80549882476	2533.25796960512	3058.77722476677	3180.83527353501	2791.31174896304	3788.22629388319	3053.20902697033	2932.36238828845	3268.87465169436	3937.55612471261	3351.29801051062	2870.51557182146	3076.29484741592	3365.42853397698	3745.87361450685	3735.93749928073	3037.65559838389	2807.92876099445	3362.84603788904	3052.81496322204	2610.61315017218	3641.5376921058	3514.21961163173	2858.81660915009	3296.49713199768	3055.89591914715	3928.08094004944	3484.96249771381	2861.41164107927	3205.67432670072	3469.07818818441	3401.94376765289	3313.32120892683	3138.11847418745	3021.46906727088	3307.2717215386	2879.98519888241	3938.74599046745	3182.23974681363	3580.85924734393	2954.49226568324	3100.64139210328	2871.87924993267	3243.71214198862	2746.89374057035	3109.69807960785	2605.17095224032	2868.2234084281	3201.97641007056	3511.71078407889	3508.27887095286	2806.22669931896	3225.93869418825	3360.02064047114	3057.55257809208	3006.793634128	3143.432522958	3266.9487208077	3119.42299778157	3518.2047227672	3224.44047843739	3244.06723609626	3431.40259268387	3098.66600565545	3513.90647022685	3965.94199960968	2925.52834634924	3190.80649632472	3215.38060488546	2823.35074266635	2929.08443308121	2500.82838102133	2866.43418996106	2911.71665503193	2726.50967026437	2957.20181754673	3356.85136040897	3020.65232181782	3246.61978730735	3444.63424209584	2782.11299294645	3340.46312642642	3123.15498129038	3268.38316031099	3463.01903626069	3062.26078967359	3223.09139182869	3052.54655056117	3093.64756013596	3350.14462264601	3246.81969617927	3194.33523166362	3393.56039414438	2841.36050747858	3051.36575890986	2980.33885412481	2704.30108608803	3507.53254637972	3062.02685988296	3525.75782708134	3020.11148610225	2961.77858572513	2847.62401410106	3841.75618948686	3706.59142584139	3181.64570367508	2837.26978089368	3323.72690521158	3949.08897618782	3474.83462506193	3160.85988185399	3517.89491921069	3362.81083798622	2937.24387977455	2694.94892899522	2991.45450514839	2626.27626116724	3622.36876199735	2721.08031087491	3090.09397125102	3509.74736045532	3430.53711602716	2944.37783800749	3089.38097248766	2915.84883200509	3461.53977585103	3251.26421928932	2843.00842524752	3611.06836151746	3357.5793382386	2985.45182384051	3461.95296396877	2945.38888436159	3487.79924110604	3249.92802806794	3632.31020969058	3216.7008912829	3362.84376112965	3576.68337291935	3470.63487778838	3046.1633307604	3804.62864929545	2912.60468430216	3500.13258368799	3510.66548989724	2916.54710672357	2835.60360819182	3512.42967403205	3712.19812623216	3417.66839082793	3116.1517202908	3469.35734211072	3218.09828827942	3180.40997528819	2471.04045310416	3157.42812265576	2601.00280811246	2681.83381948996	2953.49093924046	3198.25879145327	2790.75286140992	3955.77638420095	2832.27971859767	3346.46402558335	4380.07841839531	3818.23622005504	3123.3162207874	3452.99015020988	3199.25556854837	3349.40582315349	2780.36274781048	3739.98535193342	3492.49593294381	3762.05078532179	2860.51357309592	2679.05605711637	3354.3513710363	3258.57348250784	2899.20451854836	3328.65268138139	3324.93496060763	3582.59485057081	3231.47617227342	3313.71200101464	3441.17686344816	3487.30285400595	3357.12844952686	3162.41270729022	2676.53459301004	3105.60201770503	3301.92718289924	3055.44337528015	3845.47154375616	3186.78532203436	3025.63752829756	3544.9725300886	3148.1098611636	3910.01606533082	2831.59993468457	2810.70819622465	3112.19737130804	2998.11536085784	3621.0354073563	3233.2782504696	3170.33075683932	3324.39481259469	3082.61509505854	3407.89917217015	3563.16769545022	3041.95282952439	3540.93095007035	3492.04528614069	3306.74182501995	3157.76353409788	3286.15216402853	3454.51090002733	3095.02917660099	3405.94286837236	2866.89823622179	2955.14496580691	3898.50610853188	2824.68701753478	3558.92803496886	2960.27381509476	3342.03028296409	3056.60030773097	3016.98472677729	3150.30643922475	3319.81799293069	3443.93186457077	3365.87314987887	3305.22786673729	2815.33060606513	3299.07893148156	3470.07934552122	3797.90136974466	3413.69407999681	3071.06398398765	2633.79712641869	3404.48578774035	3110.39582414594	2946.00190438371	3081.78404149545	2693.90156836078	3319.77649881105	3724.27155972106	2990.1577094425	3246.72500601261	3590.74561735662	3091.33384658293	2952.55831087395	3266.02464328879	2829.63329039577	2824.43801913189	3198.97781211816	3330.97898069824	2766.83684484676	3330.14113635432	2865.48873152873	2747.585295306	2872.0223328316	3663.77155926516	2323.94016636905	3377.43684420574	2689.53383695052	3417.6015896464	3279.68438151213	3720.28117245225	3199.76545390917	2669.05774239269	3002.70057515467	3147.184617664	3160.19103266731	3504.43201671129	3397.10311662112	3496.68367917036	3230.7836986235	3437.19899592958	2851.04347968977	2896.8246723747	3117.57052616005	3800.40489492068	3428.15113444349	3571.83286250293	3134.10424278349	3142.67239697029	3183.50813121496	2807.7400508721	3278.84372997749	3868.80781527342	3362.42336031377	3121.00093995338	3382.76260036461	3667.84045464577	2996.8084279451	3923.95540406875	3332.93772629458	3122.06140892598	2776.81597706555	2906.72797364455	4025.45995875577	3154.78869481038	2937.50457103243	3079.17514501282	3447.30192415722	3393.53620289345	3043.96427019507	3640.73592815453	3080.93960595112	3174.08370305992	3554.64989259401	2766.42802909022	3294.62832147285	3690.9467351437	3387.74216988378	2872.78777725182	3247.2792499438	2631.42520045872	4229.56720304106	3115.66242430963	3179.88700222295	3073.75417312991	2930.69158940586	3627.87185145605	3032.46706570012	3100.9879020756	3361.63741699121	3637.46619708139	3968.37297466427	3161.89768059881	3290.81794467068	3767.94804556663	3149.81879452208	2863.57125687267	3496.03345891891	3134.39430796848	4015.843579533	3895.60771151308	4786.80639885418	3243.41000324049	3259.29574929648	3871.90744771848	2952.96444152753	3415.28169397798	3283.84456620925	3327.44992162899	3097.31712602153	3131.43144585976	3305.10013275859	4798.50997586648	2885.43428920658	3571.45701712505	3184.05491401973	3058.12985570843	2991.99293015205	3120.53849492885	3665.00467987415	3450.23687606631	2826.35940929613	3811.10784908907	3200.99232291565	2981.34485112165	3776.43221348386	3430.76502052297	3192.67710767765	3097.80621175924	2823.1453711906	3335.00269693854	3637.46648492834	2989.45351601287	3094.07452470862	3019.03422053711	2927.80996978731	2962.4005114818	2972.10113942759	3224.89696732847	3251.699141578	3477.06500855078	3437.8728104416	3211.16766852154	2930.68284899272	3252.44869207796	3212.46660687553	3292.84040651331	3340.41035020601	3778.17898208514	3647.71061930542	3439.70872498502	3691.99873338188	3244.80496653784	3850.53578114684	3775.66034360517	3062.14589749758	3376.53423932811	2985.58216546382	3203.08985816544	3588.01466913675	3993.53443581024	3219.45306612536	3190.53986976551	4078.42936965622	3331.4885025768	4906.19500154724	3035.70545718106	2929.46323446602	3497.96049676534	2742.72756453426	3207.15036277769	3219.68820191166	4024.27046883338	3615.84210594133	3179.96457365747	3211.20778018876	3082.43995550849	3417.45505914096	2574.61189836151	3742.54251902353	3361.74770517512	3751.66352177385	3738.44945492823	2879.23824592906	2913.01859175673	3146.40982902381	3855.30366841877	3289.13402953788	3591.55613765744	2986.06892753833	3129.54503310144	3011.09983715199	2628.57709602352	3012.94367298425	3575.30978840495	4481.03078511417	3534.18378549031	2764.76861547811	2888.90178285977	3192.08256501907	3250.72931511192	3948.25441148921	3313.16849462693	3571.52308013405	3134.36967556209	3535.87046888844	3436.97083039259	3247.23575617458	3844.37898115225	4331.46270643902	3551.79044932666	4142.34596494396	2676.21017686986	3054.88315635455	3450.07514967211	3404.75972910849	3974.88027550518	3747.39194908894	2863.66031384803	2874.03798703488	3445.71288204953	3512.04851958341	3559.68650907687	3642.44746323655	3999.14058980836	3197.86109735315	3055.13590113497	3517.09645277431	3688.97824191743	3207.72526736501	3571.738648904	3287.69553360653	3115.60890922604	3404.61935870103	3125.77180177277	2956.36266279509	3365.18904151535	3025.56886174454	3210.4610767528	2848.66904986554	3184.92127793903	3205.89441640557	3042.18596560583	3499.26158937809	3179.64624230904	3133.67735398032	3867.83946302271	2800.13938020072	2959.31968193515	3765.31664174528	3246.31474718101	3501.02434179193	3245.04723728609	3455.90711271117	3302.50952939671	3129.49773996708	3032.3092574211	3620.93239234742	3053.09504035807	3553.84775461635	3087.91931302405	3152.67484920202	3550.59742252492	3366.87560956034	3165.20192734269	2968.21483434209	3062.97593387457	3278.29761907599	3383.09356191299	3514.86235959677	3191.27066264282	4185.03322572726	3379.56092560915	4126.20594529601	3251.94552824218	3522.90074154415	3915.2153242304	3405.9337967932	2941.69499819141	3064.01104252622	3272.50479001522	3577.32209376976	4003.00539707928	3142.85959335963	2999.32385733445	2649.77623987084	3381.90718355338	3202.94462918162	4062.8489985245	3204.51756608393	3444.24668575573	3318.47562184488	3570.29722642172	2894.456654921	3014.29448905645	3076.30236011833	2402.57956652947	3515.6310022868	3083.40927504838	3920.01020058801	3482.84264452504	3365.38606162271	3813.29963491907	3092.47090465731	2824.21560921578	3084.2737502318	3365.57882023046	2947.08156165065	3685.21946601073	3058.85368620486	2920.0973629551	3540.85204500148	2927.43691292251	4100.68152752423	2665.38109597143	3042.56765310038	3266.09842102704	3254.0034013252	2847.24125856715	3619.46637308749	3542.8756828676	2838.70555776201	2996.48904936184	2852.40543266213	3515.44001182429	3451.77285866398	3423.56945914782	2700.13335700058	3156.11995389264	3867.38796334775	3226.38700503696	2978.02727896792	3978.93074692084	3511.84891190668	3156.71801487787	3442.42639020011	3416.98199671018	3151.81865538728	2588.69868363603	2905.14506726616	2804.27736413224	3142.69750240102	3805.57717300642	3430.93195776775	2814.80502377798	2819.40619351392	3136.71350055783	3092.32338694027	2775.44039567128	3713.87778528579	3402.44401524901	3360.45727064206	3142.83289466115	3695.18133418611	3199.99490216806	2490.48304474232	3572.51583980949	2890.99263426467	3070.03407992224	3242.14630293389	3607.90171268126	3327.87985808201	3171.40337780814	2978.51672758203	2803.38435717472	4443.89501991516	2633.02362268591	2890.19802325878	3408.63467520083	3512.00421692693	4447.53745517434	3075.17874578406	3812.26706291572	3801.91895695619	3300.94576236174	3163.14061083454	3147.20478072896	3041.14494858186	3327.08143575995	3362.98303189782	3084.27486973891	3608.74380597257	2747.30753159979	3623.09041713091	3707.4359553486	2971.16783546773	3458.19759701989	3094.07441786045	3238.58468126128	4577.32396545761	3390.75167676907	3380.93116699916	3058.90629123034	3597.76655166517	3067.12096153379	2892.35742075293	3155.17654697577	3089.35121602571	2874.1246584802	3392.72759948845	3632.15426566025	3922.89124945281	3177.11428500418	2831.5205995864	3768.70263891935	2976.05101437428	2903.34546235928	2631.69788100626	2712.19054135286	2799.96018546172	2941.47920066947	2845.81679224527	3363.03237171846	3305.05571991349	2744.52693645728	2798.52106240043	3257.29377008188	3147.9134997638	3247.67852178337	3030.28228540048	3353.05548494794	3685.44065381205	3339.60672314387	3667.45601376089	3235.21556016833	4230.02414021158	2767.36622039427	3186.426877734	3838.44033963066	3492.87116835723	2711.58160946657	3003.79857064702	3269.29574466301	2643.5617052061	2874.06685265424	3377.46394243329	3331.85669466338	3095.75825110051	3130.45482878115	3496.42566027315	2926.74393738298	3363.48211359638	2916.01465605582	3477.28785808391	3336.61986232156	3019.19593634944	3496.97748437669	3883.67945695551	3247.80160711688	2709.84519220376	2873.40386818393	3278.20720274532	3158.33578218313	2667.81261508131	2746.06313228722	2873.50145076267	3164.91492276196	3378.68374166686	3463.28213733371	4603.01449119651	3615.34826563105	3563.66430795199	2967.99314253968	3686.01983784804	3133.3234892442	2897.00322861808	3028.73800862083	3035.45564593739
2024.78608796507	2918.0915574766	3258.6923266042	3592.7818164219	3912.44144152206	3314.26106906584	2968.78478444454	3575.49370533653	2766.09300779034	3475.63291413988	3380.66936758871	2747.13253761164	3075.6295859362	3349.18730265057	3819.57121655758	2770.96628141463	3279.55515319754	3577.8477883826	3026.22229086973	2891.51914964965	3049.89199338464	2814.72785071219	3241.33175931796	3127.9985818787	2749.28074220457	3003.83597606962	3342.46818872679	3264.4903294279	3185.86503161049	3295.32525978596	3411.95360543889	3451.72486981138	3172.98609962778	2814.33760699077	3857.50711311362	3059.35945734634	3465.53833954314	3161.70669224863	2934.92452440018	3245.45817829185	3392.93313335743	2861.87042811565	3829.11546908114	3700.33994281696	2822.5126954691	3004.42746446444	3808.03553973468	3021.57115410699	3690.49393786817	3290.40254446386	2781.64214750695	3533.919482115	3596.08572459364	3910.99123792836	3932.18557915825	3684.71038722937	3888.18040836345	2872.44402056194	3608.17769496449	2899.013099864	3107.91577089211	3237.29970050731	3588.56384990954	3769.43655908456	4389.43983676791	3158.30419470587	3387.43598300768	2818.53959474033	2751.17968462985	3329.22626832392	3551.90282267541	3672.50511487659	2862.14056010552	3651.09134147323	2947.53737272768	3232.06867009154	3248.92185549242	3486.2880127167	3932.8914311643	3779.52750851113	3433.73293156428	2773.360531355	3039.31093387925	3042.87585522891	2978.2478982176	3594.03186399302	3619.72584254836	2908.06426272756	3021.27740649533	2918.23479211929	3274.54274933822	3228.27924027526	3056.77964977358	3750.08010559671	4340.56329847987	3631.56487093032	2900.82618240633	3503.05628770976	3265.82247718864	3094.97426022261	2727.97429522246	3287.6440616538	2992.61822140323	3015.07021328612	3031.80240099973	3185.58129952575	2857.38547999856	3245.94154208261	3912.58912258012	3767.56626707654	3172.28834688694	3532.50110260061	3682.25730469556	3488.18074616753	2554.03884229218	3322.09865340717	2883.99326502853	2925.37312294376	3497.82415512392	3352.9707883539	2823.71191259719	2658.60808181392	3494.40698614114	3002.90522662104	3257.2264721993	3732.71880001814	3106.15828756009	3186.259084896	3040.66101046358	2763.37064032261	3205.13520766452	2921.58560936394	3088.39066409742	3362.33423179956	2948.24699645064	3639.85944417936	2961.14264926307	2880.42873432544	2898.91812464002	3341.39169214554	3305.81286530129	3225.35911837371	3808.20105493783	2820.17331809219	3273.26747888928	2778.07456980622	3140.84776674385	2790.66693354759	2842.07850222057	2979.43600595924	3633.46498707885	2682.14348086684	2937.47821250616	3285.00238369481	3679.58871167599	3849.15739341661	2731.80747903995	2819.91343749728	3357.77239627539	3753.97612594389	2826.57335880636	3140.79346847586	2801.68264957369	3424.07567450133	3541.69673681919	2871.48276555406	3118.53787253569	2778.98345235822	3618.75268285239	3269.84367053017	2860.51938193231	4049.33767614789	3234.14605960443	2703.04030357342	3354.62923607347	2931.08497554086	3828.17382250078	3492.26135724097	3707.46915792864	2888.67482572368	2716.83846557782	3072.48638152392	2921.62214693	3268.48343370762	3528.08139795211	2816.12563433578	3782.37720121138	3245.54240896449	3207.96470517797	3294.20490409272	3822.89756234822	3166.31509455793	3107.4184733489	3659.1203423912	2834.38976045646	4017.13704461001	3256.37404241867	3368.01047662656	3481.33721850944	2864.50931895728	3424.72806779611	3676.23098593058	3135.49336234326	2817.39065230645	3036.17595465709	3609.81192098934	3751.81389381447	3959.14397700535	3477.73942732866	3088.91301694542	3156.19618118733	2974.7540335136	3683.23236310197	2869.66777145041	3214.75022139609	3062.3419814255	2829.38843179533	2641.14716669612	3269.32340867083	3452.31913407754	3613.42648989942	2918.29840046589	2946.11996916425	3186.99038600971	3062.38411355387	3125.27768888584	2729.2388667014	3656.01465852225	3340.24273061233	3275.68191750594	2946.59987447443	3297.95615702903	2766.52247996945	3947.2418450005	2779.82682852427	3517.8876019864	3894.04795204274	3700.0327753589	3200.50524134393	4106.39120025646	3231.83796828532	3722.15963772586	3594.55608375115	3693.34787596857	2988.07398042494	3493.41910786926	2745.79769546956	3306.04059895104	3218.32469042987	3276.42824313642	3171.57793564809	3530.08208863577	3337.95384365784	2690.36345764101	3278.90629208974	3085.97749057864	4426.89999172716	2866.12449512512	3346.84109506417	3683.93428504508	3282.79558614542	3209.55978759929	4307.63330270339	2780.25276958363	2947.2180595264	3366.21839787081	3588.43266645465	3587.4925429752	3550.0073584788	3030.09263732589	3675.55866685172	3450.52347716415	3155.8789286126	3287.36584679447	3559.66434319384	3535.89106542966	2868.71968799713	2769.05484919667	4247.90875960533	3410.01631910247	3635.40195313804	2746.47537189967	2787.14648155197	3276.5436971786	2613.88982307156	2974.92157747926	3702.5501024619	2954.59286453632	3995.70619854048	2922.50100166807	2666.26259982382	3528.41642671161	3749.94709725715	3526.72573017002	3004.8521720399	3910.47325450701	3050.80549882476	2533.25796960512	3058.77722476677	3180.83527353501	2791.31174896304	3788.22629388319	3053.20902697033	2932.36238828845	3268.87465169436	3937.55612471261	3351.29801051062	2870.51557182146	3076.29484741592	3365.42853397698	3745.87361450685	3735.93749928073	3037.65559838389	2807.92876099445	3362.84603788904	3052.81496322204	2610.61315017218	3641.5376921058	3514.21961163173	2858.81660915009	3296.49713199768	3055.89591914715	3928.08094004944	3484.96249771381	2861.41164107927	3205.67432670072	3469.07818818441	3401.94376765289	3313.32120892683	3138.11847418745	3021.46906727088	3307.2717215386	2879.98519888241	3938.74599046745	3182.23974681363	3580.85924734393	2954.49226568324	3100.64139210328	2871.87924993267	3243.71214198862	2746.89374057035	3109.69807960785	2605.17095224032	2868.2234084281	3201.97641007056	3511.71078407889	3508.27887095286	2806.22669931896	3225.93869418825	3360.02064047114	3057.55257809208	3006.793634128	3143.432522958	3266.9487208077	3119.42299778157	3518.2047227672	3224.44047843739	3244.06723609626	3431.40259268387	3098.66600565545	3513.90647022685	3965.94199960968	2925.52834634924	3190.80649632472	3215.38060488546	2823.35074266635	2929.08443308121	2500.82838102133	2866.43418996106	2911.71665503193	2726.50967026437	2957.20181754673	3356.85136040897	3020.65232181782	3246.61978730735	3444.63424209584	2782.11299294645	3340.46312642642	3123.15498129038	3268.38316031099	3463.01903626069	3062.26078967359	3223.09139182869	3052.54655056117	3093.64756013596	3350.14462264601	3246.81969617927	3194.33523166362	3393.56039414438	2841.36050747858	3051.36575890986	2980.33885412481	2704.30108608803	3507.53254637972	3062.02685988296	3525.75782708134	3020.11148610225	2961.77858572513	2847.62401410106	3841.75618948686	3706.59142584139	3181.64570367508	2837.26978089368	3323.72690521158	3949.08897618782	3474.83462506193	3160.85988185399	3517.89491921069	3362.81083798622	2937.24387977455	2694.94892899522	2991.45450514839	2626.27626116724	3622.36876199735	2721.08031087491	3090.09397125102	3509.74736045532	3430.53711602716	2944.37783800749	3089.38097248766	2915.84883200509	3461.53977585103	3251.26421928932	2843.00842524752	3611.06836151746	3357.5793382386	2985.45182384051	3461.95296396877	2945.38888436159	3487.79924110604	3249.92802806794	3632.31020969058	3216.7008912829	3362.84376112965	3576.68337291935	3470.63487778838	3046.1633307604	3804.62864929545	2912.60468430216	3500.13258368799	3510.66548989724	2916.54710672357	2835.60360819182	3512.42967403205	3712.19812623216	3417.66839082793	3116.1517202908	3469.35734211072	3218.09828827942	3180.40997528819	2471.04045310416	3157.42812265576	2601.00280811246	2681.83381948996	2953.49093924046	3198.25879145327	2790.75286140992	3955.77638420095	2832.27971859767	3346.46402558335	4380.07841839531	3818.23622005504	3123.3162207874	3452.99015020988	3199.25556854837	3349.40582315349	2780.36274781048	3739.98535193342	3492.49593294381	3762.05078532179	2860.51357309592	2679.05605711637	3354.3513710363	3258.57348250784	2899.20451854836	3328.65268138139	3324.93496060763	3582.59485057081	3231.47617227342	3313.71200101464	3441.17686344816	3487.30285400595	3357.12844952686	3162.41270729022	2676.53459301004	3105.60201770503	3301.92718289924	3055.44337528015	3845.47154375616	3186.78532203436	3025.63752829756	3544.9725300886	3148.1098611636	3910.01606533082	2831.59993468457	2810.70819622465	3112.19737130804	2998.11536085784	3621.0354073563	3233.2782504696	3170.33075683932	3324.39481259469	3082.61509505854	3407.89917217015	3563.16769545022	3041.95282952439	3540.93095007035	3492.04528614069	3306.74182501995	3157.76353409788	3286.15216402853	3454.51090002733	3095.02917660099	3405.94286837236	2866.89823622179	2955.14496580691	3898.50610853188	2824.68701753478	3558.92803496886	2960.27381509476	3342.03028296409	3056.60030773097	3016.98472677729	3150.30643922475	3319.81799293069	3443.93186457077	3365.87314987887	3305.22786673729	2815.33060606513	3299.07893148156	3470.07934552122	3797.90136974466	3413.69407999681	3071.06398398765	2633.79712641869	3404.48578774035	3110.39582414594	2946.00190438371	3081.78404149545	2693.90156836078	3319.77649881105	3724.27155972106	2990.1577094425	3246.72500601261	3590.74561735662	3091.33384658293	2952.55831087395	3266.02464328879	2829.63329039577	2824.43801913189	3198.97781211816	3330.97898069824	2766.83684484676	3330.14113635432	2865.48873152873	2747.585295306	2872.0223328316	3663.77155926516	2323.94016636905	3377.43684420574	2689.53383695052	3417.6015896464	3279.68438151213	3720.28117245225	3199.76545390917	2669.05774239269	3002.70057515467	3147.184617664	3160.19103266731	3504.43201671129	3397.10311662112	3496.68367917036	3230.7836986235	3437.19899592958	2851.04347968977	2896.8246723747	3117.57052616005	3800.40489492068	3428.15113444349	3571.83286250293	3134.10424278349	3142.67239697029	3183.50813121496	2807.7400508721	3278.84372997749	3868.80781527342	3362.42336031377	3121.00093995338	3382.76260036461	3667.84045464577	2996.8084279451	3923.95540406875	3332.93772629458	3122.06140892598	2776.81597706555	2906.72797364455	4025.45995875577	3154.78869481038	2937.50457103243	3079.17514501282	3447.30192415722	3393.53620289345	3043.96427019507	3640.73592815453	3080.93960595112	3174.08370305992	3554.64989259401	2766.42802909022	3294.62832147285	3690.9467351437	3387.74216988378	2872.78777725182	3247.2792499438	2631.42520045872	4229.56720304106	3115.66242430963	3179.88700222295	3073.75417312991	2930.69158940586	3627.87185145605	3032.46706570012	3100.9879020756	3361.63741699121	3637.46619708139	3968.37297466427	3161.89768059881	3290.81794467068	3767.94804556663	3149.81879452208	2863.57125687267	3496.03345891891	3134.39430796848	4015.843579533	3895.60771151308	4786.80639885418	3243.41000324049	3259.29574929648	3871.90744771848	2952.96444152753	3415.28169397798	3283.84456620925	3327.44992162899	3097.31712602153	3131.43144585976	3305.10013275859	4798.50997586648	2885.43428920658	3571.45701712505	3184.05491401973	3058.12985570843	2991.99293015205	3120.53849492885	3665.00467987415	3450.23687606631	2826.35940929613	3811.10784908907	3200.99232291565	2981.34485112165	3776.43221348386	3430.76502052297	3192.67710767765	3097.80621175924	2823.1453711906	3335.00269693854	3637.46648492834	2989.45351601287	3094.07452470862	3019.03422053711	2927.80996978731	2962.4005114818	2972.10113942759	3224.89696732847	3251.699141578	3477.06500855078	3437.8728104416	3211.16766852154	2930.68284899272	3252.44869207796	3212.46660687553	3292.84040651331	3340.41035020601	3778.17898208514	3647.71061930542	3439.70872498502	3691.99873338188	3244.80496653784	3850.53578114684	3775.66034360517	3062.14589749758	3376.53423932811	2985.58216546382	3203.08985816544	3588.01466913675	3993.53443581024	3219.45306612536	3190.53986976551	4078.42936965622	3331.4885025768	4906.19500154724	3035.70545718106	2929.46323446602	3497.96049676534	2742.72756453426	3207.15036277769	3219.68820191166	4024.27046883338	3615.84210594133	3179.96457365747	3211.20778018876	3082.43995550849	3417.45505914096	2574.61189836151	3742.54251902353	3361.74770517512	3751.66352177385	3738.44945492823	2879.23824592906	2913.01859175673	3146.40982902381	3855.30366841877	3289.13402953788	3591.55613765744	2986.06892753833	3129.54503310144	3011.09983715199	2628.57709602352	3012.94367298425	3575.30978840495	4481.03078511417	3534.18378549031	2764.76861547811	2888.90178285977	3192.08256501907	3250.72931511192	3948.25441148921	3313.16849462693	3571.52308013405	3134.36967556209	3535.87046888844	3436.97083039259	3247.23575617458	3844.37898115225	4331.46270643902	3551.79044932666	4142.34596494396	2676.21017686986	3054.88315635455	3450.07514967211	3404.75972910849	3974.88027550518	3747.39194908894	2863.66031384803	2874.03798703488	3445.71288204953	3512.04851958341	3559.68650907687	3642.44746323655	3999.14058980836	3197.86109735315	3055.13590113497	3517.09645277431	3688.97824191743	3207.72526736501	3571.738648904	3287.69553360653	3115.60890922604	3404.61935870103	3125.77180177277	2956.36266279509	3365.18904151535	3025.56886174454	3210.4610767528	2848.66904986554	3184.92127793903	3205.89441640557	3042.18596560583	3499.26158937809	3179.64624230904	3133.67735398032	3867.83946302271	2800.13938020072	2959.31968193515	3765.31664174528	3246.31474718101	3501.02434179193	3245.04723728609	3455.90711271117	3302.50952939671	3129.49773996708	3032.3092574211	3620.93239234742	3053.09504035807	3553.84775461635	3087.91931302405	3152.67484920202	3550.59742252492	3366.87560956034	3165.20192734269	2968.21483434209	3062.97593387457	3278.29761907599	3383.09356191299	3514.86235959677	3191.27066264282	4185.03322572726	3379.56092560915	4126.20594529601	3251.94552824218	3522.90074154415	3915.2153242304	3405.9337967932	2941.69499819141	3064.01104252622	3272.50479001522	3577.32209376976	4003.00539707928	3142.85959335963	2999.32385733445	2649.77623987084	3381.90718355338	3202.94462918162	4062.8489985245	3204.51756608393	3444.24668575573	3318.47562184488	3570.29722642172	2894.456654921	3014.29448905645	3076.30236011833	2402.57956652947	3515.6310022868	3083.40927504838	3920.01020058801	3482.84264452504	3365.38606162271	3813.29963491907	3092.47090465731	2824.21560921578	3084.2737502318	3365.57882023046	2947.08156165065	3685.21946601073	3058.85368620486	2920.0973629551	3540.85204500148	2927.43691292251	4100.68152752423	2665.38109597143	3042.56765310038	3266.09842102704	3254.0034013252	2847.24125856715	3619.46637308749	3542.8756828676	2838.70555776201	2996.48904936184	2852.40543266213	3515.44001182429	3451.77285866398	3423.56945914782	2700.13335700058	3156.11995389264	3867.38796334775	3226.38700503696	2978.02727896792	3978.93074692084	3511.84891190668	3156.71801487787	3442.42639020011	3416.98199671018	3151.81865538728	2588.69868363603	2905.14506726616	2804.27736413224	3142.69750240102	3805.57717300642	3430.93195776775	2814.80502377798	2819.40619351392	3136.71350055783	3092.32338694027	2775.44039567128	3713.87778528579	3402.44401524901	3360.45727064206	3142.83289466115	3695.18133418611	3199.99490216806	2490.48304474232	3572.51583980949	2890.99263426467	3070.03407992224	3242.14630293389	3607.90171268126	3327.87985808201	3171.40337780814	2978.51672758203	2803.38435717472	4443.89501991516	2633.02362268591	2890.19802325878	3408.63467520083	3512.00421692693	4447.53745517434	3075.17874578406	3812.26706291572	3801.91895695619	3300.94576236174	3163.14061083454	3147.20478072896	3041.14494858186	3327.08143575995	3362.98303189782	3084.27486973891	3608.74380597257	2747.30753159979	3623.09041713091	3707.4359553486	2971.16783546773	3458.19759701989	3094.07441786045	3238.58468126128	4577.32396545761	3390.75167676907	3380.93116699916	3058.90629123034	3597.76655166517	3067.12096153379	2892.35742075293	3155.17654697577	3089.35121602571	2874.1246584802	3392.72759948845	3632.15426566025	3922.89124945281	3177.11428500418	2831.5205995864	3768.70263891935	2976.05101437428	2903.34546235928	2631.69788100626	2712.19054135286	2799.96018546172	2941.47920066947	2845.81679224527	3363.03237171846	3305.05571991349	2744.52693645728	2798.52106240043	3257.29377008188	3147.9134997638	3247.67852178337	3030.28228540048	3353.05548494794	3685.44065381205	3339.60672314387	3667.45601376089	3235.21556016833	4230.02414021158	2767.36622039427	3186.426877734	3838.44033963066	3492.87116835723	2711.58160946657	3003.79857064702	3269.29574466301	2643.5617052061	2874.06685265424	3377.46394243329	3331.85669466338	3095.75825110051	3130.45482878115	3496.42566027315	2926.74393738298	3363.48211359638	2916.01465605582	3477.28785808391	3336.61986232156	3019.19593634944	3496.97748437669	3883.67945695551	3247.80160711688	2709.84519220376	2873.40386818393	3278.20720274532	3158.33578218313	2667.81261508131	2746.06313228722	2873.50145076267	3164.91492276196	3378.68374166686	3463.28213733371	4603.01449119651	3615.34826563105	3563.66430795199	2967.99314253968	3686.01983784804	3133.3234892442	2897.00322861808	3028.73800862083	3035.45564593739
