node1,node2,length,startLon,startLat,endLon,endLat,endNodeL,startNodeL,startYear,endYear,tipLabel
527,528,0.180705615463083,-99.6231732664632,48.9720150241869,-105.58307121618,42.9833288151229,0.180705615463083,0,2022.55477417499,2022.73547979046,NA
528,529,0.0101241908845373,-105.58307121618,42.9833288151229,-98.595764624136,40.3536294633094,0.19082980634762,0.180705615463083,2022.73547979046,2022.74560398134,NA
529,530,0.0692854771922748,-98.595764624136,40.3536294633094,-99.1082888781084,46.5835004525869,0.260115283539895,0.19082980634762,2022.74560398134,2022.81488945853,NA
530,531,0.00677611514605214,-99.1082888781084,46.5835004525869,-98.8197772198369,46.4144345267109,0.266891398685947,0.260115283539895,2022.81488945853,2022.82166557368,NA
528,526,0.15493116844643,-105.58307121618,42.9833288151229,-105.370790303732,39.5759315304943,0.335636783909513,0.180705615463083,2022.73547979046,2022.8904109589,GenBank|A/Red-tailed_hawk/CO/22-038652-002-original/2022|H5N1|USA-CO|2022-11-22|wild_avian|B3.6
531,3,0.120800179744039,-98.8197772198369,46.4144345267109,-94.010890553852,52.4207435481054,0.387691578429986,0.266891398685947,2022.82166557368,2022.94246575342,GenBank|A/Coopers_Hawk/ON/FAV-1675-5-2022/2022|H5N1|Canada-ON|2022-12-11|wild_avian|B3.6
531,525,0.142717987963353,-98.8197772198369,46.4144345267109,-93.9886013371943,44.7405986629639,0.4096093866493,0.266891398685947,2022.82166557368,2022.96438356164,GenBank|A/Canada_goose/MN/22-041306-002-original/2022|H5N1|USA-MN|2022-12-19|wild_avian|B3.6
530,532,0.292445458114365,-99.1082888781084,46.5835004525869,-97.9236038524976,46.079656419645,0.55256074165426,0.260115283539895,2022.81488945853,2023.10733491665,NA
532,533,0.0560075835145306,-97.9236038524976,46.079656419645,-97.9350484279716,46.0055089488368,0.608568325168791,0.55256074165426,2023.10733491665,2023.16334250016,NA
529,1,0.426998758383797,-98.595764624136,40.3536294633094,-91.999767041865,43.4466462580837,0.617828564731417,0.19082980634762,2022.74560398134,2023.17260273973,EPI_ISL_17964905|A/red-tailed_hawk/Iowa/23-008517-001/2023|H5N1|USA-IA|2023-03-05|wild_avian|B3.6
527,2,0.639746372950504,-99.6231732664632,48.9720150241869,-92.2346451633632,43.1279556872294,0.639746372950504,0,2022.55477417499,2023.19452054795,EPI_ISL_19490440|A/chicken/Iowa/23-008211-001-original/2023|H5N1|USA-IA|2023-03-13|domestic_avian|B3.6
532,524,0.188555494310059,-97.9236038524976,46.079656419645,-101.164679163011,46.0718731674966,0.741116235964319,0.55256074165426,2023.10733491665,2023.29589041096,GenBank|A/Snow_goose/ND/23-012938-001-original/2023|H5N1|USA-ND|2023-04-19|wild_avian|B3.6
533,534,0.167365399299585,-97.9350484279716,46.0055089488368,-101.286281507118,45.8757718327797,0.775933724468376,0.608568325168791,2023.16334250016,2023.33070789946,NA
533,523,0.195561609425658,-97.9350484279716,46.0055089488368,-100.037970539546,51.1552174407764,0.804129934594449,0.608568325168791,2023.16334250016,2023.35890410959,GenBank|A/Swainsons_Hawk/MB/FAV-0200-1-2023/2023|H5N1|Canada-MB|2023-05-12|wild_avian|B3.6
534,535,0.0439122107506738,-101.286281507118,45.8757718327797,-99.8551917628122,45.2935042740256,0.81984593521905,0.775933724468376,2023.33070789946,2023.37462011021,NA
535,578,0.0100838590903078,-99.8551917628122,45.2935042740256,-108.877256601233,48.203394324338,0.829929794309357,0.81984593521905,2023.37462011021,2023.3847039693,NA
535,536,0.0363530894517898,-99.8551917628122,45.2935042740256,-102.012449852314,45.3100762070128,0.856199024670839,0.81984593521905,2023.37462011021,2023.41097319967,NA
578,579,0.027143418100136,-108.877256601233,48.203394324338,-106.397311622608,47.8309753983696,0.857073212409493,0.829929794309357,2023.3847039693,2023.4118473874,NA
534,853,0.0814060419071161,-101.286281507118,45.8757718327797,-103.230120106414,46.4995489741321,0.857339766375492,0.775933724468376,2023.33070789946,2023.41211394137,NA
536,537,0.00923672899450922,-102.012449852314,45.3100762070128,-108.188436075216,45.89110765349,0.865435753665349,0.856199024670839,2023.41097319967,2023.42020992866,NA
579,674,0.0158804139911428,-106.397311622608,47.8309753983696,-110.972443984929,46.8773187279038,0.872953626400636,0.857073212409493,2023.4118473874,2023.4277278014,NA
578,828,0.0466299635990457,-108.877256601233,48.203394324338,-115.608536295906,46.6754428532072,0.876559757908403,0.829929794309357,2023.3847039693,2023.4313339329,NA
828,832,0.0227651182113788,-115.608536295906,46.6754428532072,-116.718966830853,47.2329582969233,0.899324876119782,0.876559757908403,2023.4313339329,2023.45409905111,NA
674,675,0.0324675800676144,-110.972443984929,46.8773187279038,-110.046655672669,44.8605899658037,0.90542120646825,0.872953626400636,2023.4277278014,2023.46019538146,NA
579,580,0.0495838440029643,-106.397311622608,47.8309753983696,-103.285769059769,47.8331413245954,0.906657056412458,0.857073212409493,2023.4118473874,2023.46143123141,NA
675,676,0.0124787064419265,-110.046655672669,44.8605899658037,-111.89582834779,46.6350942619879,0.917899912910177,0.90542120646825,2023.46019538146,2023.4726740879,NA
580,581,0.0150817353316501,-103.285769059769,47.8331413245954,-103.792357078792,47.6552665325079,0.921738791744108,0.906657056412458,2023.46143123141,2023.47651296674,NA
581,651,0.00381142986096972,-103.792357078792,47.6552665325079,-103.836824233248,45.3296681479871,0.925550221605077,0.921738791744108,2023.47651296674,2023.4803243966,NA
581,582,0.0241385473514679,-103.792357078792,47.6552665325079,-105.27870922291,48.7144830660925,0.945877339095576,0.921738791744108,2023.47651296674,2023.50065151409,NA
675,776,0.0575855098929088,-110.046655672669,44.8605899658037,-106.49480939318,45.2507961667416,0.963006716361159,0.90542120646825,2023.46019538146,2023.51778089136,NA
776,818,0.00155980285440349,-106.49480939318,45.2507961667416,-105.490257031987,44.8484807661829,0.964566519215563,0.963006716361159,2023.51778089136,2023.51934069421,NA
853,854,0.113501515826178,-103.230120106414,46.4995489741321,-100.464829725494,44.8804177921979,0.97084128220167,0.857339766375492,2023.41211394137,2023.5256154572,NA
582,621,0.0250599280284327,-105.27870922291,48.7144830660925,-99.2468301806275,46.4433616234556,0.970937267124008,0.945877339095576,2023.50065151409,2023.52571144212,NA
854,855,0.00408879392683636,-100.464829725494,44.8804177921979,-103.856791008964,45.0343767272325,0.974930076128506,0.97084128220167,2023.5256154572,2023.52970425112,NA
832,833,0.077846585781407,-116.718966830853,47.2329582969233,-116.785103029013,47.2906960408651,0.977171461901189,0.899324876119782,2023.45409905111,2023.5319456369,NA
854,996,0.00784240886192888,-100.464829725494,44.8804177921979,-100.418216474362,45.2061311901361,0.978683691063599,0.97084128220167,2023.5256154572,2023.53345786606,NA
536,551,0.123054949255486,-102.012449852314,45.3100762070128,-101.859968143696,45.5320214221702,0.979253973926325,0.856199024670839,2023.41097319967,2023.53402814892,NA
818,819,0.0147090747845624,-105.490257031987,44.8484807661829,-115.144533493417,50.1307012868976,0.979275594000125,0.964566519215563,2023.51934069421,2023.53404976899,NA
582,583,0.0340288274760481,-105.27870922291,48.7144830660925,-102.227149105957,45.3554169656422,0.979906166571624,0.945877339095576,2023.50065151409,2023.53468034157,NA
776,777,0.0177567606641464,-106.49480939318,45.2507961667416,-109.947752524437,48.3830954046761,0.980763477025306,0.963006716361159,2023.51778089136,2023.53553765202,NA
996,997,0.00220048668906703,-100.418216474362,45.2061311901361,-100.227644471282,45.0400304426799,0.980884177752666,0.978683691063599,2023.53345786606,2023.53565835275,NA
651,653,0.0566716238141334,-103.836824233248,45.3296681479871,-103.878245616289,45.2808095305431,0.982221845419211,0.925550221605077,2023.4803243966,2023.53699602041,NA
855,872,0.00820051397167032,-103.856791008964,45.0343767272325,-102.320608032975,44.2896324181206,0.983130590100176,0.974930076128506,2023.52970425112,2023.53790476509,NA
551,552,0.0042560670642624,-101.859968143696,45.5320214221702,-100.861770188216,45.5887499558335,0.983510040990587,0.979253973926325,2023.53402814892,2023.53828421599,NA
855,856,0.00873391698739456,-103.856791008964,45.0343767272325,-106.909885908369,44.4552939854243,0.983663993115901,0.974930076128506,2023.52970425112,2023.53843816811,NA
583,584,0.0045823467467887,-102.227149105957,45.3554169656422,-101.530453127327,45.3206940372238,0.984488513318412,0.979906166571624,2023.53468034157,2023.53926268831,NA
997,998,0.00449489288082061,-100.227644471282,45.0400304426799,-100.227026670174,45.0277756339318,0.985379070633486,0.980884177752666,2023.53565835275,2023.54015324563,NA
997,1022,0.00486166210502326,-100.227644471282,45.0400304426799,-101.527600680623,44.9612963748021,0.985745839857689,0.980884177752666,2023.53565835275,2023.54052001485,NA
872,873,0.00317631874019364,-102.320608032975,44.2896324181206,-103.285054121311,45.5401866399032,0.98630690884037,0.983130590100176,2023.53790476509,2023.54108108384,NA
676,677,0.06922410789388,-111.89582834779,46.6350942619879,-109.967594112933,45.8428338401656,0.987124020804057,0.917899912910177,2023.4726740879,2023.5418981958,NA
777,807,0.00730223317949052,-109.947752524437,48.3830954046761,-112.406089063734,49.419134475151,0.988065710204796,0.980763477025306,2023.53553765202,2023.5428398852,NA
873,928,0.00208586985000636,-103.285054121311,45.5401866399032,-103.037958670477,46.095106455996,0.988392778690376,0.98630690884037,2023.54108108384,2023.54316695368,NA
819,820,0.00999406857963159,-115.144533493417,50.1307012868976,-114.937570198679,50.1382195891274,0.989269662579757,0.979275594000125,2023.53404976899,2023.54404383757,NA
928,929,0.0011114595777233,-103.037958670477,46.095106455996,-103.857441127761,45.7652407805824,0.9895042382681,0.988392778690376,2023.54316695368,2023.54427841326,NA
537,538,0.12442317941503,-108.188436075216,45.89110765349,-107.328709667526,45.5036332833758,0.989858933080378,0.865435753665349,2023.42020992866,2023.54463310808,NA
777,778,0.0092124701948475,-109.947752524437,48.3830954046761,-110.404880240121,48.4848019589758,0.989975947220153,0.980763477025306,2023.53553765202,2023.54475012221,NA
538,547,0.000362127755706432,-107.328709667526,45.5036332833758,-106.666031734221,46.214800095508,0.990221060836085,0.989858933080378,2023.54463310808,2023.54499523583,NA
873,874,0.00444648200449649,-103.285054121311,45.5401866399032,-103.21828242422,45.5050311463921,0.990753390844866,0.98630690884037,2023.54108108384,2023.54552756584,NA
677,678,0.00427498646950841,-109.967594112933,45.8428338401656,-110.528518188761,46.0277638449267,0.991399007273565,0.987124020804057,2023.5418981958,2023.54617318227,NA
678,690,2.07057937617883e-05,-110.528518188761,46.0277638449267,-110.795890203887,46.2176652425121,0.991419713067327,0.991399007273565,2023.54617318227,2023.54619388806,NA
928,958,0.00305588018424641,-103.037958670477,46.095106455996,-100.967817561827,48.0904679759438,0.991448658874623,0.988392778690376,2023.54316695368,2023.54622283387,NA
690,712,0.00113950160642129,-110.795890203887,46.2176652425121,-111.962957023341,46.8785374978378,0.992559214673749,0.991419713067327,2023.54619388806,2023.54733338967,NA
538,539,0.00365474000578447,-107.328709667526,45.5036332833758,-108.180902210146,45.3136142528248,0.993513673086163,0.989858933080378,2023.54463310808,2023.54828784808,NA
676,740,0.0757081399114727,-111.89582834779,46.6350942619879,-102.486365425969,44.5463289558357,0.99360805282165,0.917899912910177,2023.4726740879,2023.54838222782,NA
621,627,0.0233363358976968,-99.2468301806275,46.4433616234556,-98.0380596852245,44.356629454678,0.994273603021705,0.970937267124008,2023.52571144212,2023.54904777802,NA
712,713,0.00173895875226093,-111.962957023341,46.8785374978378,-112.82080015253,47.4280070291353,0.99429817342601,0.992559214673749,2023.54733338967,2023.54907234842,NA
929,938,0.00497722771224396,-103.857441127761,45.7652407805824,-104.511850745842,44.3895414490978,0.994481465980344,0.9895042382681,2023.54427841326,2023.54925564097,NA
653,654,0.0126530895850072,-103.878245616289,45.2808095305431,-100.49726412033,43.5048552012276,0.994874935004218,0.982221845419211,2023.53699602041,2023.54964911,NA
872,993,0.0119102519263246,-102.320608032975,44.2896324181206,-104.044507156456,45.2912087796521,0.995040842026501,0.983130590100176,2023.53790476509,2023.54981501702,NA
833,834,0.018423959711648,-116.785103029013,47.2906960408651,-116.892640374517,47.2488491583421,0.995595421612837,0.977171461901189,2023.5319456369,2023.55036959661,NA
929,930,0.00650200932881639,-103.857441127761,45.7652407805824,-102.031950729666,49.3469857099701,0.996006247596916,0.9895042382681,2023.54427841326,2023.55078042259,NA
740,756,0.0025006358587496,-102.486365425969,44.5463289558357,-100.762547049617,42.934723115967,0.996108688680399,0.99360805282165,2023.54838222782,2023.55088286368,NA
828,829,0.119737627298488,-115.608536295906,46.6754428532072,-119.061254898706,51.0605021508693,0.996297385206891,0.876559757908403,2023.4313339329,2023.5510715602,NA
938,939,0.00293352510824119,-104.511850745842,44.3895414490978,-104.694251583819,44.5369658323406,0.997414991088585,0.994481465980344,2023.54925564097,2023.55218916608,NA
998,1011,0.0121284239893604,-100.227026670174,45.0277756339318,-98.5781344776868,45.4225251370564,0.997507494622847,0.985379070633486,2023.54015324563,2023.55228166962,NA
820,821,0.0082639643122917,-114.937570198679,50.1382195891274,-114.487631916432,48.5441025087411,0.997533626892048,0.989269662579757,2023.54404383757,2023.55230780189,NA
820,824,0.00845334108118179,-114.937570198679,50.1382195891274,-114.586222786352,49.3948697546631,0.997723003660939,0.989269662579757,2023.54404383757,2023.55249717866,NA
778,779,0.00817506191026984,-110.404880240121,48.4848019589758,-112.892994978066,49.6697315116654,0.998151009130423,0.989975947220153,2023.54475012221,2023.55292518413,NA
958,963,0.00685098096547265,-100.967817561827,48.0904679759438,-101.084030421961,48.1037231908513,0.998299639840095,0.991448658874623,2023.54622283387,2023.55307381483,NA
1022,1023,0.0125988685967349,-101.527600680623,44.9612963748021,-101.698542933135,43.1528672853608,0.998344708454424,0.985745839857689,2023.54052001485,2023.55311888345,NA
690,691,0.00701055458736555,-110.795890203887,46.2176652425121,-110.528839281247,45.8635338013547,0.998430267654693,0.991419713067327,2023.54619388806,2023.55320444265,NA
621,622,0.0275579648939142,-99.2468301806275,46.4433616234556,-99.4732718767408,46.5318540993848,0.998495232017923,0.970937267124008,2023.52571144212,2023.55326940701,NA
1023,1027,0.000426724145340618,-101.698542933135,43.1528672853608,-100.975779474397,42.9460131601021,0.998771432599764,0.998344708454424,2023.55311888345,2023.55354560759,NA
930,931,0.00279139143102758,-102.031950729666,49.3469857099701,-100.227148436472,47.5221885428183,0.998797639027944,0.996006247596916,2023.55078042259,2023.55357181402,NA
779,780,0.000953502706563691,-112.892994978066,49.6697315116654,-112.260359750381,49.3183558864692,0.999104511836987,0.998151009130423,2023.55292518413,2023.55387868683,NA
627,628,0.00512679845331387,-98.0380596852245,44.356629454678,-98.1163793237584,44.2347842120092,0.999400401475019,0.994273603021705,2023.54904777802,2023.55417457647,NA
678,679,0.00822402211506779,-110.528518188761,46.0277638449267,-110.796063642863,46.01089386984,0.999623029388633,0.991399007273565,2023.54617318227,2023.55439720438,NA
713,714,0.00533367950649888,-112.82080015253,47.4280070291353,-109.321516244783,45.4106423639989,0.999631852932508,0.99429817342601,2023.54907234842,2023.55440602793,NA
1027,1038,0.00091555166989421,-100.975779474397,42.9460131601021,-100.266041092698,42.4642108003825,0.999686984269659,0.998771432599764,2023.55354560759,2023.55446115926,NA
679,683,0.000164001514695311,-110.796063642863,46.01089386984,-110.599118169583,45.9458444781433,0.999787030903329,0.999623029388633,2023.55439720438,2023.5545612059,NA
829,830,0.0037649816975065,-119.061254898706,51.0605021508693,-115.222195835916,52.9392179025833,1.0000623669044,0.996297385206891,2023.5510715602,2023.5548365419,NA
874,875,0.00931423976559542,-103.21828242422,45.5050311463921,-103.374201555307,46.3467663177653,1.00006763061046,0.990753390844866,2023.54552756584,2023.5548418056,NA
778,804,0.0101104986826315,-110.404880240121,48.4848019589758,-110.465210389139,48.5723911269065,1.00008644590278,0.989975947220153,2023.54475012221,2023.5548606209,NA
654,655,0.00540751324135402,-100.49726412033,43.5048552012276,-101.015490794187,43.6553248815408,1.00028244824557,0.994874935004218,2023.54964911,2023.55505662324,NA
821,822,0.00284778073407788,-114.487631916432,48.5441025087411,-114.459353246692,48.4692226300229,1.00038140762613,0.997533626892048,2023.55230780189,2023.55515558262,NA
622,623,0.00209596335951256,-99.4732718767408,46.5318540993848,-100.77089228961,47.6546090264998,1.00059119537744,0.998495232017923,2023.55326940701,2023.55536537037,NA
691,709,0.00219226605091594,-110.528839281247,45.8635338013547,-110.539744654783,45.6606593202406,1.00062253370561,0.998430267654693,2023.55320444265,2023.5553967087,NA
963,964,0.00243327271960658,-101.084030421961,48.1037231908513,-99.9891224371558,47.3214038268302,1.0007329125597,0.998299639840095,2023.55307381483,2023.55550708755,NA
691,692,0.00231702836643266,-110.528839281247,45.8635338013547,-110.138213160185,45.7388218857887,1.00074729602113,0.998430267654693,2023.55320444265,2023.55552147102,NA
628,629,0.0014124435545797,-98.1163793237584,44.2347842120092,-98.1338784767695,44.2358292475154,1.0008128450296,0.999400401475019,2023.55417457647,2023.55558702002,NA
780,781,0.00177655317811021,-112.260359750381,49.3183558864692,-112.486209137931,49.8976423294866,1.0008810650151,0.999104511836987,2023.55387868683,2023.55565524001,NA
804,805,0.000912237584535847,-110.465210389139,48.5723911269065,-110.429315450753,48.9449834537353,1.00099868348732,1.00008644590278,2023.5548606209,2023.55577285848,NA
1011,1017,0.00353867506108219,-98.5781344776868,45.4225251370564,-97.6148157824433,45.171605801756,1.00104616968393,0.997507494622847,2023.55228166962,2023.55582034468,NA
627,639,0.00686646724661633,-98.0380596852245,44.356629454678,-95.5240811216342,43.3758768316172,1.00114007026832,0.994273603021705,2023.54904777802,2023.55591424526,NA
714,715,0.00164433689789023,-109.321516244783,45.4106423639989,-108.652711788772,45.0310922303891,1.0012761898304,0.999631852932508,2023.55440602793,2023.55605036483,NA
875,877,0.00137355560723984,-103.374201555307,46.3467663177653,-103.226997255773,46.5916447970898,1.0014411862177,1.00006763061046,2023.5548418056,2023.55621536121,NA
993,994,0.00640164826457457,-104.044507156456,45.2912087796521,-106.112010369122,42.7964324722226,1.00144249029108,0.995040842026501,2023.54981501702,2023.55621666529,NA
692,693,0.000704003517010721,-110.138213160185,45.7388218857887,-110.346161832919,45.741193464629,1.00145129953814,1.00074729602113,2023.55552147102,2023.55622547453,NA
583,592,0.0216793673800066,-102.227149105957,45.3554169656422,-109.056008730767,49.1711576921632,1.00158553395163,0.979906166571624,2023.53468034157,2023.55635970895,NA
712,732,0.00923490765272295,-111.962957023341,46.8785374978378,-111.535310870846,46.5796737263724,1.00179412232647,0.992559214673749,2023.54733338967,2023.55656829732,NA
877,878,0.000629618932368903,-103.226997255773,46.5916447970898,-103.4648891288,47.114367632056,1.00207080515007,1.0014411862177,2023.55621536121,2023.55684498014,NA
714,725,0.00245956119588353,-109.321516244783,45.4106423639989,-110.401049153354,45.8978069608048,1.00209141412839,0.999631852932508,2023.55440602793,2023.55686558912,NA
584,585,0.0176925924547022,-101.530453127327,45.3206940372238,-106.82099096137,46.8042237477479,1.00218110577311,0.984488513318412,2023.53926268831,2023.55695528077,NA
709,710,0.00160536123439181,-110.539744654783,45.6606593202406,-111.338556598072,45.1527773389965,1.00222789494,1.00062253370561,2023.5553967087,2023.55700206993,NA
807,808,0.0141874103210655,-112.406089063734,49.419134475151,-109.486427871353,47.4928357898185,1.00225312052586,0.988065710204796,2023.5428398852,2023.55702729552,NA
756,757,0.00615580993712705,-100.762547049617,42.934723115967,-100.421711300509,42.7049713422311,1.00226449861753,0.996108688680399,2023.55088286368,2023.55703867361,NA
878,879,0.000477667862810449,-103.4648891288,47.114367632056,-102.720257451669,46.4473821235807,1.00254847301288,1.00207080515007,2023.55684498014,2023.55732264801,NA
781,782,0.00167290513504614,-112.486209137931,49.8976423294866,-112.367524650326,49.9554674879389,1.00255397015014,1.0008810650151,2023.55565524001,2023.55732814514,NA
833,845,0.0254506685826899,-116.785103029013,47.2906960408651,-115.614778844153,47.4440357410865,1.00262213048388,0.977171461901189,2023.5319456369,2023.55739630548,NA
655,658,0.00237145047673271,-101.015490794187,43.6553248815408,-101.165614347169,43.857257536587,1.0026538987223,1.00028244824557,2023.55505662324,2023.55742807372,NA
757,758,0.000407226244552028,-100.421711300509,42.7049713422311,-99.9540965727866,42.3370020539015,1.00267172486208,1.00226449861753,2023.55703867361,2023.55744589986,NA
693,694,0.00149264789085257,-110.346161832919,45.741193464629,-110.548176462271,45.5557792585712,1.00294394742899,1.00145129953814,2023.55622547453,2023.55771812242,NA
878,880,0.000877882907657002,-103.4648891288,47.114367632056,-104.112996844774,47.2944161871973,1.00294868805773,1.00207080515007,2023.55684498014,2023.55772286305,NA
808,813,0.000777040745258972,-109.486427871353,47.4928357898185,-109.315951483333,47.4971774810176,1.00303016127112,1.00225312052586,2023.55702729552,2023.55780433627,NA
592,593,0.00147725138257648,-109.056008730767,49.1711576921632,-109.269372669323,49.0714987733618,1.00306278533421,1.00158553395163,2023.55635970895,2023.55783696033,NA
1038,1039,0.00364128163365529,-100.266041092698,42.4642108003825,-100.200482391247,42.3698118156008,1.00332826590331,0.999686984269659,2023.55446115926,2023.5581024409,NA
808,809,0.0010836291723626,-109.486427871353,47.4928357898185,-108.631853983201,47.3630380372299,1.00333674969822,1.00225312052586,2023.55702729552,2023.55811092469,NA
758,759,0.000807323823152517,-99.9540965727866,42.3370020539015,-99.6465236429814,42.38124762751,1.00347904868523,1.00267172486208,2023.55744589986,2023.55825322368,NA
930,936,0.00754209175432741,-102.031950729666,49.3469857099701,-96.8200401182604,48.9652290064279,1.00354833935124,0.996006247596916,2023.55078042259,2023.55832251435,NA
822,823,0.00320452126264836,-114.459353246692,48.4692226300229,-115.135514954235,48.9527439013574,1.00358592888877,1.00038140762613,2023.55515558262,2023.55836010388,NA
683,685,0.00385258409213973,-110.599118169583,45.9458444781433,-110.342949795881,45.8789164208907,1.00363961499547,0.999787030903329,2023.5545612059,2023.55841378999,NA
1027,1028,0.00499589226774266,-100.975779474397,42.9460131601021,-99.9948177134887,43.078974453385,1.00376732486751,0.998771432599764,2023.55354560759,2023.55854149986,NA
539,543,0.0102787180412971,-108.180902210146,45.3136142528248,-108.214821109547,45.3281411271531,1.00379239112746,0.993513673086163,2023.54828784808,2023.55856656612,NA
807,815,0.0157989003545604,-112.406089063734,49.419134475151,-113.01700396904,49.8027975980025,1.00386461055936,0.988065710204796,2023.5428398852,2023.55863878555,NA
939,947,0.00650837688584649,-104.694251583819,44.5369658323406,-104.611482173253,45.0592145697247,1.00392336797443,0.997414991088585,2023.55218916608,2023.55869754297,NA
628,632,0.00459136626609835,-98.1163793237584,44.2347842120092,-97.9576864842185,44.0971135469638,1.00399176774112,0.999400401475019,2023.55417457647,2023.55876594274,NA
963,973,0.00572306077482732,-101.084030421961,48.1037231908513,-99.8007519418001,48.5598972680179,1.00402270061492,0.998299639840095,2023.55307381483,2023.55879687561,NA
710,711,0.00185338812900326,-111.338556598072,45.1527773389965,-111.339760397908,45.1674252703906,1.004081283069,1.00222789494,2023.55700206993,2023.55885545806,NA
1028,1037,0.000323846049934184,-99.9948177134887,43.078974453385,-100.615353018279,43.1599872969061,1.00409117091744,1.00376732486751,2023.55854149986,2023.55886534591,NA
593,606,0.00103757481414246,-109.269372669323,49.0714987733618,-109.640395112623,48.6716199015221,1.00410036014835,1.00306278533421,2023.55783696033,2023.55887453514,NA
880,881,0.00130636390067607,-104.112996844774,47.2944161871973,-103.664918605081,45.9856037867156,1.0042550519584,1.00294868805773,2023.55772286305,2023.55902922695,NA
881,882,8.02073121697333e-07,-103.664918605081,45.9856037867156,-103.631017719883,45.9572554418578,1.00425585403153,1.0042550519584,2023.55902922695,2023.55903002903,NA
834,835,0.00869244397064883,-116.892640374517,47.2488491583421,-117.133128291236,47.3591584613025,1.00428786558349,0.995595421612837,2023.55036959661,2023.55906204058,NA
692,706,0.00358998893299001,-110.138213160185,45.7388218857887,-108.271594910862,44.6798872356406,1.00433728495412,1.00074729602113,2023.55552147102,2023.55911145995,NA
939,940,0.0069778338023978,-104.694251583819,44.5369658323406,-101.147462831377,42.6798514902885,1.00439282489098,0.997414991088585,2023.55218916608,2023.55916699989,NA
585,586,0.00224043315756339,-106.82099096137,46.8042237477479,-106.794893462493,46.7278962102714,1.00442153893068,1.00218110577311,2023.55695528077,2023.55919571393,NA
694,695,0.00149281915814226,-110.548176462271,45.5557792585712,-109.851193308442,44.335791752375,1.00443676658713,1.00294394742899,2023.55771812242,2023.55921094158,NA
715,716,0.00325061872730026,-108.652711788772,45.0310922303891,-108.63912570474,45.0154780688115,1.0045268085577,1.0012761898304,2023.55605036483,2023.55930098355,NA
593,594,0.00157579514280748,-109.269372669323,49.0714987733618,-108.905103857963,48.7924478885616,1.00463858047701,1.00306278533421,2023.55783696033,2023.55941275547,NA
938,952,0.0101638053759163,-104.511850745842,44.3895414490978,-104.550172066125,44.3798937059467,1.00464527135626,0.994481465980344,2023.54925564097,2023.55941944635,NA
586,587,0.000266588987471561,-106.794893462493,46.7278962102714,-106.796030046729,46.3666857339473,1.00468812791815,1.00442153893068,2023.55919571393,2023.55946230291,NA
725,726,0.00261686842749409,-110.401049153354,45.8978069608048,-110.23563875025,45.7988628074724,1.00470828255589,1.00209141412839,2023.55686558912,2023.55948245755,NA
947,951,0.000800374770549839,-104.611482173253,45.0592145697247,-105.15810201738,45.5381060078318,1.00472374274498,1.00392336797443,2023.55869754297,2023.55949791774,NA
759,760,0.00132503156918529,-99.6465236429814,42.38124762751,-99.7036942877408,42.2698123681907,1.00480408025442,1.00347904868523,2023.55825322368,2023.55957825525,NA
653,666,0.02258496987367,-103.878245616289,45.2808095305431,-98.7260439163225,44.7452740508108,1.00480681529288,0.982221845419211,2023.53699602041,2023.55958099029,NA
716,717,0.000288308215699251,-108.63912570474,45.0154780688115,-108.604194494433,45.0903288215094,1.0048151167734,1.0045268085577,2023.55930098355,2023.55958929177,NA
726,727,0.000134325829045379,-110.23563875025,45.7988628074724,-110.231340000411,45.8013582888754,1.00484260838493,1.00470828255589,2023.55948245755,2023.55961678338,NA
964,967,0.00416432910208941,-99.9891224371558,47.3214038268302,-98.7151644060667,46.889504553979,1.00489724166179,1.0007329125597,2023.55550708755,2023.55967141666,NA
685,686,0.00125908482722736,-110.342949795881,45.8789164208907,-108.807772382123,47.1949112793693,1.0048986998227,1.00363961499547,2023.55841378999,2023.55967287482,NA
686,687,2.12151708711694e-05,-108.807772382123,47.1949112793693,-108.917509437462,47.1476461570943,1.00491991499357,1.0048986998227,2023.55967287482,2023.55969408999,NA
758,766,0.0022563377728273,-99.9540965727866,42.3370020539015,-100.125183764316,42.2115722726403,1.00492806263491,1.00267172486208,2023.55744589986,2023.55970223763,NA
835,844,0.00064178259067571,-117.133128291236,47.3591584613025,-117.152960724248,47.3418870139281,1.00492964817416,1.00428786558349,2023.55906204058,2023.55970382317,NA
958,959,0.0135212806572897,-100.967817561827,48.0904679759438,-97.0237870640304,44.8717888085964,1.00496993953191,0.991448658874623,2023.54622283387,2023.55974411453,NA
940,945,0.000589635665058763,-101.147462831377,42.6798514902885,-100.9762643561,42.9145070471324,1.00498246055604,1.00439282489098,2023.55916699989,2023.55975663555,NA
1023,1024,0.00667390545130031,-101.698542933135,43.1528672853608,-101.978750689762,44.7569232696663,1.00501861390572,0.998344708454424,2023.55311888345,2023.5597927889,NA
947,948,0.00110282553900043,-104.611482173253,45.0592145697247,-104.034822175231,44.808402322498,1.00502619351343,1.00392336797443,2023.55869754297,2023.55980036851,NA
845,847,0.00244314807147128,-115.614778844153,47.4440357410865,-115.608562373327,47.4476900238886,1.00506527855535,1.00262213048388,2023.55739630548,2023.55983945355,NA
551,558,0.0258299542101643,-101.859968143696,45.5320214221702,-102.745459305274,42.877092860483,1.00508392813649,0.979253973926325,2023.53402814892,2023.55985810313,NA
558,559,6.41644922327878e-06,-102.745459305274,42.877092860483,-102.810759217362,42.9110926245306,1.00509034458571,1.00508392813649,2023.55985810313,2023.55986451958,NA
587,588,0.000437059590959965,-106.796030046729,46.3666857339473,-106.796765351218,46.3665770133391,1.00512518750911,1.00468812791815,2023.55946230291,2023.5598993625,NA
717,718,0.000521225449425344,-108.604194494433,45.0903288215094,-108.636928236094,44.9913041184965,1.00533634222282,1.0048151167734,2023.55958929177,2023.56011051722,NA
940,941,0.00134877857641857,-101.147462831377,42.6798514902885,-101.136874871141,42.673044006283,1.0057416034674,1.00439282489098,2023.55916699989,2023.56051577846,NA
740,741,0.0142046162033249,-102.486365425969,44.5463289558357,-102.554368723332,44.4783236866348,1.00781266902497,0.99360805282165,2023.54838222782,2023.56258684402,NA
666,667,0.00318534790113034,-98.7260439163225,44.7452740508108,-99.7444523516742,44.7872257224675,1.00799216319401,1.00480681529288,2023.55958099029,2023.56276633819,NA
835,836,0.00427960022020102,-117.133128291236,47.3591584613025,-117.168927716878,47.3202635063114,1.00856746580369,1.00428786558349,2023.55906204058,2023.5633416408,NA
1011,1012,0.0110620606297624,-98.5781344776868,45.4225251370564,-98.1693056589777,43.910847123785,1.00856955525261,0.997507494622847,2023.55228166962,2023.56334373025,NA
667,668,0.00166133946367331,-99.7444523516742,44.7872257224675,-99.6453194073453,43.2135796559944,1.00965350265768,1.00799216319401,2023.56276633819,2023.56442767765,NA
936,937,0.00647458587027239,-96.8200401182604,48.9652290064279,-96.597846699776,46.6662125260337,1.01002292522152,1.00354833935124,2023.55832251435,2023.56479710022,NA
693,703,0.0085753885083999,-110.346161832919,45.741193464629,-109.217759556718,45.5557920660374,1.01002668804654,1.00145129953814,2023.55622547453,2023.56480086304,NA
685,688,0.00652555438364577,-110.342949795881,45.8789164208907,-108.49703686389,43.9415425589337,1.01016516937911,1.00363961499547,2023.55841378999,2023.56493934437,NA
856,857,0.0279136184866806,-106.909885908369,44.4552939854243,-98.547283527466,44.1308283705705,1.01157761160258,0.983663993115901,2023.53843816811,2023.5663517866,NA
632,633,0.00765644093888129,-97.9576864842185,44.0971135469638,-97.8190490976356,43.1219551268133,1.01164820868,1.00399176774112,2023.55876594274,2023.56642238367,NA
782,783,0.00962501690461881,-112.367524650326,49.9554674879389,-114.290689914769,50.062683047241,1.01217898705476,1.00255397015014,2023.55732814514,2023.56695316205,NA
845,846,0.0098968558198751,-115.614778844153,47.4440357410865,-112.326988886269,49.4921643722596,1.01251898630375,1.00262213048388,2023.55739630548,2023.5672931613,NA
973,976,0.00875522346702184,-99.8007519418001,48.5598972680179,-97.8864956284327,44.061344607406,1.01277792408194,1.00402270061492,2023.55879687561,2023.56755209908,NA
606,607,0.00896357198285447,-109.640395112623,48.6716199015221,-85.0786437934566,40.2750696181486,1.0130639321312,1.00410036014835,2023.55887453514,2023.56783810713,NA
588,589,0.00898371994947,-106.796765351218,46.3665770133391,-107.910558836343,45.4049862606757,1.01410890745858,1.00512518750911,2023.5598993625,2023.56888308245,NA
964,965,0.0134502512327961,-99.9891224371558,47.3214038268302,-100.02616306261,47.4357349297019,1.0141831637925,1.0007329125597,2023.55550708755,2023.56895733879,NA
633,634,0.00290455956923075,-97.8190490976356,43.1219551268133,-98.408660723336,43.4847377449879,1.01455276824923,1.01164820868,2023.56642238367,2023.56932694324,NA
941,942,0.00950502886260951,-101.136874871141,42.673044006283,-101.33398204007,43.4756336510926,1.01524663233001,1.0057416034674,2023.56051577846,2023.57002080732,NA
830,831,0.0152662985544343,-115.222195835916,52.9392179025833,-117.100896202024,54.1748790167878,1.01532866545883,1.0000623669044,2023.5548365419,2023.57010284045,NA
882,883,0.0111671648995515,-103.631017719883,45.9572554418578,-100.740538081531,45.08850291236,1.01542301893108,1.00425585403153,2023.55903002903,2023.57019719393,NA
639,641,0.0145964669349454,-95.5240811216342,43.3758768316172,-95.8701149080121,44.5595929164265,1.01573653720327,1.00114007026832,2023.55591424526,2023.5705107122,NA
717,720,0.0114764713616744,-108.604194494433,45.0903288215094,-109.912315273359,49.834560369653,1.01629158813507,1.0048151167734,2023.55958929177,2023.57106576313,NA
679,680,0.0169851903226077,-110.796063642863,46.01089386984,-112.934396991344,46.8349410736028,1.01660821971124,0.999623029388633,2023.55439720438,2023.57138239471,NA
880,925,0.0137208198084806,-104.112996844774,47.2944161871973,-100.856297817651,46.1911732458013,1.01666950786621,1.00294868805773,2023.55772286305,2023.57144368286,NA
741,742,0.00900718528629141,-102.554368723332,44.4783236866348,-102.401517099879,44.5370418180721,1.01681985431127,1.00781266902497,2023.56258684402,2023.57159402931,NA
847,849,0.0121410469552714,-115.608562373327,47.4476900238886,-114.927526316914,46.0679444418707,1.01720632551062,1.00506527855535,2023.55983945355,2023.57198050051,NA
766,767,0.012695208551782,-100.125183764316,42.2115722726403,-102.168316114494,41.8866710793737,1.01762327118669,1.00492806263491,2023.55970223763,2023.57239744618,NA
836,837,0.00935614154826947,-117.168927716878,47.3202635063114,-115.53305711891,46.2056448717302,1.01792360735196,1.00856746580369,2023.5633416408,2023.57269778235,NA
1012,1013,0.0109460810174784,-98.1693056589777,43.910847123785,-98.7836542485431,44.8532552508382,1.01951563627009,1.00856955525261,2023.56334373025,2023.57428981126,NA
1028,1029,0.0164997574086905,-99.9948177134887,43.078974453385,-94.1952537648269,41.6661725852314,1.0202670822762,1.00376732486751,2023.55854149986,2023.57504125727,NA
658,662,0.0179002570006404,-101.165614347169,43.857257536587,-101.137827531298,43.8448291925435,1.02055415572295,1.0026538987223,2023.55742807372,2023.57532833072,NA
695,696,0.0187297626431466,-109.851193308442,44.335791752375,-108.737299284869,40.1891256488226,1.02316652923028,1.00443676658713,2023.55921094158,2023.57794070422,NA
703,704,0.0144341341235936,-109.217759556718,45.5557920660374,-117.254503239518,46.7077617359577,1.02446082217013,1.01002668804654,2023.56480086304,2023.57923499716,NA
959,960,0.0199077109994112,-97.0237870640304,44.8717888085964,-94.5611617674439,40.9021783734508,1.02487765053132,1.00496993953191,2023.55974411453,2023.57965182553,NA
1039,1040,0.0218291680004661,-100.200482391247,42.3698118156008,-99.0162328986708,44.3463732050046,1.02515743390378,1.00332826590331,2023.5581024409,2023.5799316089,NA
641,642,0.0106936055489906,-95.8701149080121,44.5595929164265,-97.8639470566292,46.2851082640452,1.02643014275226,1.01573653720327,2023.5705107122,2023.58120431775,NA
639,640,0.0260987458376976,-95.5240811216342,43.3758768316172,-96.948024916042,43.2205528866933,1.02723881610602,1.00114007026832,2023.55591424526,2023.5820129911,NA
965,966,0.0134436714076394,-100.02616306261,47.4357349297019,-97.9575239507583,45.2514990106204,1.02762683520014,1.0141831637925,2023.56895733879,2023.58240101019,NA
815,816,0.0243233367154056,-113.01700396904,49.8027975980025,-113.341564324164,49.0011473857871,1.02818794727476,1.00386461055936,2023.55863878555,2023.58296212227,NA
629,630,0.0287504471825339,-98.1338784767695,44.2358292475154,-98.3064901899604,44.5765628415072,1.02956329221213,1.0008128450296,2023.55558702002,2023.58433746721,NA
1029,1030,0.0106432372169505,-94.1952537648269,41.6661725852314,-94.5026152292303,42.4242229886475,1.03091031949315,1.0202670822762,2023.57504125727,2023.58568449449,NA
760,765,0.0262460379971456,-99.7036942877408,42.2698123681907,-99.1718131560666,41.8615955871537,1.03105011825156,1.00480408025442,2023.55957825525,2023.58582429325,NA
994,995,0.0302797380993927,-106.112010369122,42.7964324722226,-106.417952061772,42.7288457182961,1.03172222839047,1.00144249029108,2023.55621666529,2023.58649640339,NA
741,754,0.0245351647777199,-102.554368723332,44.4783236866348,-98.9653922306397,42.9145570605734,1.03234783380269,1.00781266902497,2023.56258684402,2023.5871220088,NA
623,624,0.0328750418441599,-100.77089228961,47.6546090264998,-101.215041122913,47.6696546538494,1.0334662372216,1.00059119537744,2023.55536537037,2023.58824041222,NA
658,659,0.0319314939965489,-101.165614347169,43.857257536587,-103.683284958218,44.0628155477856,1.03458539271885,1.0026538987223,2023.55742807372,2023.58935956771,NA
688,689,0.0248769742734847,-108.49703686389,43.9415425589337,-113.008455846454,48.9844433147291,1.0350421436526,1.01016516937911,2023.56493934437,2023.58981631865,NA
720,721,0.0189722754262776,-109.912315273359,49.834560369653,-99.6354548299867,45.1060712267087,1.03526386356135,1.01629158813507,2023.57106576313,2023.59003803856,NA
662,663,0.0152388971773674,-101.137827531298,43.8448291925435,-101.486318260527,43.7345635311641,1.03579305290031,1.02055415572295,2023.57532833072,2023.5905672279,NA
558,560,0.0317855630187882,-102.745459305274,42.877092860483,-96.898157449218,44.1312965385203,1.03686949115528,1.00508392813649,2023.55985810313,2023.59164366615,NA
973,974,0.0330377021214592,-99.8007519418001,48.5598972680179,-97.7928276631576,49.5302550632746,1.03706040273638,1.00402270061492,2023.55879687561,2023.59183457773,NA
756,772,0.0409892629473654,-100.762547049617,42.934723115967,-102.531190031876,40.99048957947,1.03709795162776,0.996108688680399,2023.55088286368,2023.59187212662,NA
732,735,0.0356738754300361,-111.535310870846,46.5796737263724,-99.6516983765557,45.8676110327324,1.03746799775651,1.00179412232647,2023.55656829732,2023.59224217275,NA
883,884,0.022868701465929,-100.740538081531,45.08850291236,-92.8802760314434,43.4398710401329,1.03829172039701,1.01542301893108,2023.57019719393,2023.59306589539,NA
655,656,0.0381538759736946,-101.015490794187,43.6553248815408,-97.2469491193702,35.2000154752429,1.03843632421927,1.00028244824557,2023.55505662324,2023.59321049921,NA
884,885,0.000305739289246487,-92.8802760314434,43.4398710401329,-92.8955940362079,43.4312278586353,1.03859745968625,1.03829172039701,2023.59306589539,2023.59337163468,NA
967,970,0.0337293651284987,-98.7151644060667,46.889504553979,-103.301714833827,43.6737718049012,1.03862660679029,1.00489724166179,2023.55967141666,2023.59340078178,NA
732,733,0.0371139646154985,-111.535310870846,46.5796737263724,-112.97684714682,47.4563131653289,1.03890808694197,1.00179412232647,2023.55656829732,2023.59368226194,NA
772,775,0.00256394909979796,-102.531190031876,40.99048957947,-102.627217214856,40.9354416776178,1.03966190072756,1.03709795162776,2023.59187212662,2023.59443607572,NA
960,961,0.0147975961675029,-94.5611617674439,40.9021783734508,-94.7005603916968,41.5248370012318,1.03967524669883,1.02487765053132,2023.57965182553,2023.59444942169,NA
948,949,0.0348072932789452,-104.034822175231,44.808402322498,-98.7761846798589,37.1771944619239,1.03983348679238,1.00502619351343,2023.55980036851,2023.59460766179,NA
607,608,0.0274125506493801,-85.0786437934566,40.2750696181486,-89.9306320892435,41.874418637587,1.04047648278058,1.0130639321312,2023.56783810713,2023.59525065778,NA
925,926,0.0240299176372232,-100.856297817651,46.1911732458013,-96.2086936568638,43.4766495148168,1.04069942550343,1.01666950786621,2023.57144368286,2023.5954736005,NA
713,731,0.0466148767872807,-112.82080015253,47.4280070291353,-114.439469137831,48.0670764535724,1.04091305021329,0.99429817342601,2023.54907234842,2023.59568722521,NA
594,603,0.0363976587527346,-108.905103857963,48.7924478885616,-117.420059899959,52.9830436385594,1.04103623922975,1.00463858047701,2023.55941275547,2023.59581041422,NA
856,858,0.0574045364867493,-106.909885908369,44.4552939854243,-107.327769645185,44.2042993731854,1.04106852960265,0.983663993115901,2023.53843816811,2023.5958427046,NA
742,743,0.0258294801318675,-102.401517099879,44.5370418180721,-103.908258357694,44.2083732924013,1.04264933444313,1.01681985431127,2023.57159402931,2023.59742350944,NA
809,810,0.039690086252351,-108.631853983201,47.3630380372299,-104.838719339632,46.6706495631412,1.04302683595058,1.00333674969822,2023.55811092469,2023.59780101095,NA
594,595,0.0386037073052388,-108.905103857963,48.7924478885616,-118.612435474516,50.8082364724226,1.04324228778225,1.00463858047701,2023.55941275547,2023.59801646278,NA
607,610,0.0312573823424078,-85.0786437934566,40.2750696181486,-84.8172204676437,40.3148954554041,1.04432131447361,1.0130639321312,2023.56783810713,2023.59909548947,NA
942,943,0.0294735589975439,-101.33398204007,43.4756336510926,-101.084110844352,43.155157525027,1.04472019132755,1.01524663233001,2023.57002080732,2023.59949436632,NA
742,749,0.0292288863179215,-102.401517099879,44.5370418180721,-102.51970984137,44.5801488273214,1.04604874062919,1.01681985431127,2023.57159402931,2023.60082291562,NA
547,548,0.0560385024908046,-106.666031734221,46.214800095508,-98.228120219749,47.5757754621273,1.04625956332689,0.990221060836085,2023.54499523583,2023.60103373832,NA
976,977,0.0335724827034563,-97.8864956284327,44.061344607406,-90.7178504542184,38.7704498272811,1.0463504067854,1.01277792408194,2023.56755209908,2023.60112458178,NA
706,707,0.0423827856688996,-108.271594910862,44.6798872356406,-105.861251395573,40.1257971999948,1.04672007062302,1.00433728495412,2023.55911145995,2023.60149424562,NA
772,773,0.00986819280213602,-102.531190031876,40.99048957947,-103.549510864603,40.6086002257136,1.0469661444299,1.03709795162776,2023.59187212662,2023.60174031942,NA
766,771,0.0424157935234712,-100.125183764316,42.2115722726403,-96.6266586067438,42.5099176161122,1.04734385615838,1.00492806263491,2023.55970223763,2023.60211803115,NA
881,907,0.0433214147032106,-103.664918605081,45.9856037867156,-90.6711080780742,44.1085982248792,1.04757646666161,1.0042550519584,2023.55902922695,2023.60235064166,NA
780,793,0.0488125348599682,-112.260359750381,49.3183558864692,-111.787817755243,52.1055816915491,1.04791704669695,0.999104511836987,2023.55387868683,2023.60269122169,NA
642,646,0.0224235299617843,-97.8639470566292,46.2851082640452,-102.986579374385,49.4433748969303,1.04885367271404,1.02643014275226,2023.58120431775,2023.60362784771,NA
560,561,0.0137997181276581,-96.898157449218,44.1312965385203,-97.0716792979216,44.9411957056896,1.05066920928294,1.03686949115528,2023.59164366615,2023.60544338428,NA
595,596,0.00763282489558459,-118.612435474516,50.8082364724226,-121.718874392896,51.2956484187097,1.05087511267784,1.04324228778225,2023.59801646278,2023.60564928767,NA
749,750,0.0049248769626351,-102.51970984137,44.5801488273214,-104.061569485569,44.9105172713448,1.05097361759182,1.04604874062919,2023.60082291562,2023.60574779259,NA
718,719,0.0457337143525924,-108.636928236094,44.9913041184965,-108.979334099216,45.1852100671306,1.05107005657542,1.00533634222282,2023.56011051722,2023.60584423157,NA
646,647,0.00243939724658615,-102.986579374385,49.4433748969303,-101.533705877365,49.5192645331674,1.05129306996063,1.04885367271404,2023.60362784771,2023.60606724496,NA
683,684,0.0535142279233329,-110.599118169583,45.9458444781433,-110.30042198847,46.1677972445715,1.05330125882666,0.999787030903329,2023.5545612059,2023.60807543382,NA
849,850,0.036947113380914,-114.927526316914,46.0679444418707,-100.409256856303,44.0917656581713,1.05415343889154,1.01720632551062,2023.57198050051,2023.60892761389,NA
560,565,0.0175878611866305,-96.898157449218,44.1312965385203,-98.8241488878625,46.0149636182162,1.05445735234191,1.03686949115528,2023.59164366615,2023.60923152734,NA
680,681,0.0380006585431529,-112.934396991344,46.8349410736028,-113.083978329743,46.343147084851,1.05460887825439,1.01660821971124,2023.57138239471,2023.60938305325,NA
750,751,0.00369289928840732,-104.061569485569,44.9105172713448,-104.026476438055,44.8283810904214,1.05466651688023,1.05097361759182,2023.60574779259,2023.60944069187,NA
793,794,0.00691879347458624,-111.787817755243,52.1055816915491,-108.334860427037,50.5424388643346,1.05483584017154,1.04791704669695,2023.60269122169,2023.60961001517,NA
976,985,0.0426780094439454,-97.8864956284327,44.061344607406,-97.8193289294613,44.7390280255456,1.05545593352589,1.01277792408194,2023.56755209908,2023.61023010852,NA
704,705,0.0312865760430101,-117.254503239518,46.7077617359577,-110.026645623954,45.3600871456656,1.05574739821314,1.02446082217013,2023.57923499716,2023.61052157321,NA
850,851,0.00207657575618492,-100.409256856303,44.0917656581713,-99.759974404846,44.0160902630662,1.05623001464772,1.05415343889154,2023.60892761389,2023.61100418964,NA
610,611,0.0139129667081521,-84.8172204676437,40.3148954554041,-88.7462654243252,42.4635246911252,1.05823428118176,1.04432131447361,2023.59909548947,2023.61300845618,NA
552,553,0.0766131211665566,-100.861770188216,45.5887499558335,-106.094725954717,43.0841848743636,1.06012316215714,0.983510040990587,2023.53828421599,2023.61489733715,NA
760,761,0.0560015898169746,-99.7036942877408,42.2698123681907,-110.757100234268,43.1545764920499,1.06080567007139,1.00480408025442,2023.55957825525,2023.61557984507,NA
553,554,0.000714223875881714,-106.094725954717,43.0841848743636,-106.207445002332,42.9907258225698,1.06083738603303,1.06012316215714,2023.61489733715,2023.61561156103,NA
666,671,0.0573562624280837,-98.7260439163225,44.7452740508108,-102.672862844967,46.539565165469,1.06216307772096,1.00480681529288,2023.55958099029,2023.61693725272,NA
622,626,0.0636722461552222,-99.4732718767408,46.5318540993848,-101.800294787543,48.0639019429177,1.06216747817314,0.998495232017923,2023.55326940701,2023.61694165317,NA
794,803,0.00741751080093,-108.334860427037,50.5424388643346,-108.915611820869,51.1270373267255,1.06225335097247,1.05483584017154,2023.60961001517,2023.61702752597,NA
837,838,0.0445293330679108,-115.53305711891,46.2056448717302,-116.850364989858,46.9280122366583,1.06245294041987,1.01792360735196,2023.57269778235,2023.61722711541,NA
1017,1018,0.0623650917013083,-97.6148157824433,45.171605801756,-98.1150079373453,45.2739010042594,1.06341126138524,1.00104616968393,2023.55582034468,2023.61818543638,NA
565,570,0.00921084698567776,-98.8241488878625,46.0149636182162,-98.912557462705,46.1400235965144,1.06366819932759,1.05445735234191,2023.60923152734,2023.61844237432,NA
624,625,0.0304662102060276,-101.215041122913,47.6696546538494,-101.317313352359,47.8768670964406,1.06393244742762,1.0334662372216,2023.58824041222,2023.61870662242,NA
967,968,0.0593175768547778,-98.7151644060667,46.889504553979,-98.539020461379,46.9045230486086,1.06421481851657,1.00489724166179,2023.55967141666,2023.61898899351,NA
941,944,0.0600650456616134,-101.136874871141,42.673044006283,-100.520993637121,44.5219429510406,1.06580664912901,1.0057416034674,2023.56051577846,2023.62058082412,NA
783,784,0.053699802145788,-114.290689914769,50.062683047241,-124.042616403108,47.5979195134543,1.06587878920055,1.01217898705476,2023.56695316205,2023.6206529642,NA
931,933,0.0671086989483334,-100.227148436472,47.5221885428183,-100.124956028536,46.7210015537605,1.06590633797628,0.998797639027944,2023.55357181402,2023.62068051297,NA
783,792,0.0539852535634731,-114.290689914769,50.062683047241,-114.019883720761,51.1497027649004,1.06616424061824,1.01217898705476,2023.56695316205,2023.62093841561,NA
565,566,0.0127678609411732,-98.8241488878625,46.0149636182162,-98.8543843139804,46.690758018222,1.06722521328308,1.05445735234191,2023.60923152734,2023.62199938828,NA
1038,1046,0.0676329264090085,-100.266041092698,42.4642108003825,-108.772644298677,43.2071495542721,1.06731991067867,0.999686984269659,2023.55446115926,2023.62209408567,NA
882,904,0.06375063809768,-103.631017719883,45.9572554418578,-88.387177636094,40.88930067477,1.06800649212921,1.00425585403153,2023.55903002903,2023.62278066712,NA
907,908,0.021124561124719,-90.6711080780742,44.1085982248792,-91.5501907552409,45.1746450267433,1.06870102778633,1.04757646666161,2023.60235064166,2023.62347520278,NA
543,544,0.0658537188678554,-108.214821109547,45.3281411271531,-120.403619942024,43.304994805051,1.06964610999532,1.00379239112746,2023.55856656612,2023.62442028499,NA
1030,1031,0.0390306983880488,-94.5026152292303,42.4242229886475,-96.9004588321638,40.8933499478924,1.0699410178812,1.03091031949315,2023.58568449449,2023.62471519288,NA
784,786,0.00436053030148953,-124.042616403108,47.5979195134543,-125.083080819618,47.0357248968468,1.07023931950204,1.06587878920055,2023.6206529642,2023.6250134945,NA
554,555,0.00951814687177599,-106.207445002332,42.9907258225698,-104.581899992403,41.6446162547531,1.0703555329048,1.06083738603303,2023.61561156103,2023.6251297079,NA
1046,1047,0.00322572478521943,-108.772644298677,43.2071495542721,-108.400001157593,43.0625799935292,1.07054563546389,1.06731991067867,2023.62209408567,2023.62531981046,NA
952,953,0.0659187179548606,-104.550172066125,44.3798937059467,-112.895441146828,50.8998391842131,1.07056398931112,1.00464527135626,2023.55941944635,2023.62533816431,NA
663,664,0.0354723422651206,-101.486318260527,43.7345635311641,-100.955106202519,43.5957577999978,1.07126539516543,1.03579305290031,2023.5905672279,2023.62603957016,NA
749,753,0.0253591015945258,-102.51970984137,44.5801488273214,-106.205829612823,45.8185161697887,1.07140784222371,1.04604874062919,2023.60082291562,2023.62618201722,NA
727,729,0.0672647021167467,-110.231340000411,45.8013582888754,-108.753436191803,48.6302767014873,1.07210731050168,1.00484260838493,2023.55961678338,2023.6268814855,NA
721,722,0.0369445642179991,-99.6354548299867,45.1060712267087,-96.2250806206293,46.2436607719092,1.07220842777935,1.03526386356135,2023.59003803856,2023.62698260277,NA
786,787,0.00234336622588605,-125.083080819618,47.0357248968468,-124.297232617142,46.2248302020506,1.07258268572793,1.07023931950204,2023.6250134945,2023.62735686072,NA
1039,1043,0.0692887892467042,-100.200482391247,42.3698118156008,-97.9646651664452,39.6099744291502,1.07261705515002,1.00332826590331,2023.5581024409,2023.62739123014,NA
1031,1032,0.00327502818276693,-96.9004588321638,40.8933499478924,-94.6797928147159,39.0578105368471,1.07321604606396,1.0699410178812,2023.62471519288,2023.62799022106,NA
794,795,0.018421758452515,-108.334860427037,50.5424388643346,-111.847500024604,52.1897569730059,1.07325759862406,1.05483584017154,2023.60961001517,2023.62803177362,NA
858,859,0.0321938675024289,-107.327769645185,44.2042993731854,-109.429129468842,43.6335077593089,1.07326239710508,1.04106852960265,2023.5958427046,2023.6280365721,NA
847,848,0.0682665178493813,-115.608562373327,47.4476900238886,-111.948248697296,48.7963052380692,1.07333179640473,1.00506527855535,2023.55983945355,2023.6281059714,NA
961,962,0.0341918160925392,-94.7005603916968,41.5248370012318,-87.9822898701575,38.9860210765512,1.07386706279137,1.03967524669883,2023.59444942169,2023.62864123779,NA
885,886,0.0358318642716715,-92.8955940362079,43.4312278586353,-92.5173298033428,42.4307073723452,1.07442932395792,1.03859745968625,2023.59337163468,2023.62920349895,NA
1012,1015,0.0661744703099856,-98.1693056589777,43.910847123785,-92.7993609281214,43.5732957241073,1.07474402556259,1.00856955525261,2023.56334373025,2023.62951820056,NA
681,682,0.0202452135726732,-113.083978329743,46.343147084851,-112.596907741948,46.3117135105624,1.07485409182707,1.05460887825439,2023.60938305325,2023.62962826682,NA
953,956,0.00458251776023388,-112.895441146828,50.8998391842131,-111.228928692751,50.191892320382,1.07514650707135,1.07056398931112,2023.62533816431,2023.62992068207,NA
761,762,0.0146882503396339,-110.757100234268,43.1545764920499,-108.994295017163,44.0514354628701,1.07549392041102,1.06080567007139,2023.61557984507,2023.63026809541,NA
1030,1033,0.044660215521561,-94.5026152292303,42.4242229886475,-91.1902598325348,42.2093787231747,1.07557053501471,1.03091031949315,2023.58568449449,2023.63034471001,NA
729,730,0.00408569202697873,-108.753436191803,48.6302767014873,-109.641530332193,48.9406481238009,1.07619300252866,1.07210731050168,2023.6268814855,2023.63096717752,NA
754,755,0.0445137555674706,-98.9653922306397,42.9145570605734,-100.435578891933,43.5325827975661,1.07686158937017,1.03234783380269,2023.5871220088,2023.63163576436,NA
1033,1034,0.00150564803622122,-91.1902598325348,42.2093787231747,-88.3161245973345,40.5766708808686,1.07707618305093,1.07557053501471,2023.63034471001,2023.63185035805,NA
651,652,0.151626770540768,-103.836824233248,45.3296681479871,-104.165780876969,45.5909832354579,1.07717699214585,0.925550221605077,2023.4803243966,2023.63195116714,NA
998,999,0.0922639575084578,-100.227026670174,45.0277756339318,-87.5533436989824,44.2821486588581,1.07764302814194,0.985379070633486,2023.54015324563,2023.63241720314,NA
787,788,0.005251686003372,-124.297232617142,46.2248302020506,-124.234614047646,47.0283644703528,1.0778343717313,1.07258268572793,2023.62735686072,2023.63260854673,NA
816,817,0.0497789747918707,-113.341564324164,49.0011473857871,-105.170396609178,48.7840019111933,1.07796692206663,1.02818794727476,2023.58296212227,2023.63274109706,NA
810,811,0.0349534375868348,-104.838719339632,46.6706495631412,-99.2639649480088,41.7249076625236,1.07798027353741,1.04302683595058,2023.59780101095,2023.63275444853,NA
668,669,0.0685110361555219,-99.6453194073453,43.2135796559944,-97.3907112926578,47.6970547937588,1.07816453881321,1.00965350265768,2023.56442767765,2023.63293871381,NA
767,768,0.0610381337911572,-102.168316114494,41.8866710793737,-102.869584273175,41.3543049619968,1.07866140497784,1.01762327118669,2023.57239744618,2023.63343557997,NA
795,796,0.00557988477901383,-111.847500024604,52.1897569730059,-112.490217836711,52.8033896274453,1.07883748340307,1.07325759862406,2023.62803177362,2023.6336116584,NA
608,609,0.0384978084911576,-89.9306320892435,41.874418637587,-94.4610036450746,45.1778393746986,1.07897429127174,1.04047648278058,2023.59525065778,2023.63374846627,NA
570,571,0.0155872675197126,-98.912557462705,46.1400235965144,-96.8965645897842,46.0430668058917,1.0792554668473,1.06366819932759,2023.61844237432,2023.63402964184,NA
907,916,0.032382694489304,-90.6711080780742,44.1085982248792,-93.2457311428333,44.9668692825745,1.07995916115092,1.04757646666161,2023.60235064166,2023.63473333615,NA
886,890,0.00579268091365059,-92.5173298033428,42.4307073723452,-92.0423198390096,41.9785649558898,1.08022200487157,1.07442932395792,2023.62920349895,2023.63499617987,NA
886,887,0.00701650396741682,-92.5173298033428,42.4307073723452,-95.1568966113532,44.7646261702174,1.08144582792534,1.07442932395792,2023.62920349895,2023.63622000292,NA
566,568,0.0146993902786208,-98.8543843139804,46.690758018222,-98.8521697199637,46.6945025938458,1.0819246035617,1.06722521328308,2023.62199938828,2023.63669877856,NA
805,806,0.0822955185916363,-110.429315450753,48.9449834537353,-98.8365027349904,43.8222614102971,1.08329420207896,1.00099868348732,2023.55577285848,2023.63806837707,NA
859,870,0.0107435363305357,-109.429129468842,43.6335077593089,-119.220185062299,42.9843188700339,1.08400593343561,1.07326239710508,2023.6280365721,2023.63878010843,NA
1024,1025,0.079338274186648,-101.978750689762,44.7569232696663,-103.587790938536,48.967564206198,1.08435688809237,1.00501861390572,2023.5597927889,2023.63913106309,NA
953,954,0.0140519238718326,-112.895441146828,50.8998391842131,-111.345873585033,53.2130625758694,1.08461591318295,1.07056398931112,2023.62533816431,2023.63939008818,NA
762,763,0.00930885553696625,-108.994295017163,44.0514354628701,-108.412997815734,44.1916028006111,1.08480277594799,1.07549392041102,2023.63026809541,2023.63957695094,NA
571,572,0.00562350968496705,-96.8965645897842,46.0430668058917,-98.8379001934886,45.8937841096191,1.08487897653227,1.0792554668473,2023.63402964184,2023.63965315153,NA
1033,1035,0.00932567461831835,-91.1902598325348,42.2093787231747,-89.2900972384554,42.3611251918204,1.08489620963303,1.07557053501471,2023.63034471001,2023.63967038463,NA
561,562,0.0343176416500732,-97.0716792979216,44.9411957056896,-96.8806218701641,44.687122135929,1.08498685093301,1.05066920928294,2023.60544338428,2023.63976102593,NA
890,891,0.00488641174026738,-92.0423198390096,41.9785649558898,-90.0652289749257,42.0142437939439,1.08510841661184,1.08022200487157,2023.63499617987,2023.63988259161,NA
1018,1019,0.0227421242011545,-98.1150079373453,45.2739010042594,-94.94698868021,45.0410958878949,1.08615338558639,1.06341126138524,2023.61818543638,2023.64092756058,NA
677,738,0.0993901413133222,-109.967594112933,45.8428338401656,-115.518280721829,51.7476771803154,1.08651416211738,0.987124020804057,2023.5418981958,2023.64128833711,NA
773,774,0.0400608543449548,-103.549510864603,40.6086002257136,-106.618592062595,41.0545725139609,1.08702699877486,1.0469661444299,2023.60174031942,2023.64180117377,NA
743,744,0.0443868387571962,-103.908258357694,44.2083732924013,-104.271825674112,38.6562460568649,1.08703617320033,1.04264933444313,2023.59742350944,2023.6418103482,NA
784,785,0.0211932491037758,-124.042616403108,47.5979195134543,-124.951274347412,47.4609937312906,1.08707203830433,1.06587878920055,2023.6206529642,2023.6418462133,NA
875,876,0.0870961279201061,-103.374201555307,46.3467663177653,-103.159389169232,49.1137996794848,1.08716375853057,1.00006763061046,2023.5548418056,2023.64193793353,NA
544,545,0.0181205939165958,-120.403619942024,43.304994805051,-117.200523434518,37.9232923558551,1.08776670391191,1.06964610999532,2023.62442028499,2023.64254087891,NA
836,840,0.079730210845115,-117.168927716878,47.3202635063114,-119.433429848928,46.9742409308962,1.0882976766488,1.00856746580369,2023.5633416408,2023.64307185164,NA
722,723,0.0161942366829191,-96.2250806206293,46.2436607719092,-97.9866297380343,46.0438246995305,1.08840266446227,1.07220842777935,2023.62698260277,2023.64317683946,NA
945,946,0.0834709921811412,-100.9762643561,42.9145070471324,-108.953429103531,42.9789170638939,1.08845345273718,1.00498246055604,2023.55975663555,2023.64322762773,NA
916,918,0.00904426335549302,-93.2457311428333,44.9668692825745,-93.3440163231523,45.3272598216857,1.08900342450641,1.07995916115092,2023.63473333615,2023.6437775995,NA
933,934,0.0231321730296365,-100.124956028536,46.7210015537605,-98.0326951341886,45.4492719872161,1.08903851100591,1.06590633797628,2023.62068051297,2023.643812686,NA
918,919,8.39799620060422e-05,-93.3440163231523,45.3272598216857,-93.3444581839673,45.3273355206004,1.08908740446842,1.08900342450641,2023.6437775995,2023.64386157946,NA
744,745,0.00241418848100405,-104.271825674112,38.6562460568649,-104.374014302863,38.9517099409773,1.08945036168133,1.08703617320033,2023.6418103482,2023.64422453668,NA
596,597,0.0386967904832822,-121.718874392896,51.2956484187097,-127.270640983036,49.1275573834862,1.08957190316112,1.05087511267784,2023.60564928767,2023.64434607816,NA
735,736,0.0540192165694211,-99.6516983765557,45.8676110327324,-101.172276416913,46.8620459569689,1.09148721432593,1.03746799775651,2023.59224217275,2023.64626138932,NA
830,478,0.0917388005666695,-115.222195835916,52.9392179025833,-112.660761323276,51.8838411768346,1.09180116747107,1.0000623669044,2023.5548365419,2023.64657534247,GenBank|A/Ring-Billed_Gull/AB/FAV-0271-1-2023/2023|H5N1|Canada-AB|2023-08-25|wild_avian|B3.6
996,1049,0.113136792230819,-100.418216474362,45.2061311901361,-96.0231090374487,45.4193346350815,1.09182048329442,0.978683691063599,2023.53345786606,2023.64659465829,NA
562,563,0.00687757830384528,-96.8806218701641,44.687122135929,-99.2794758891773,45.7259933411679,1.09186442923685,1.08498685093301,2023.63976102593,2023.64663860423,NA
566,567,0.0248536849419854,-98.8543843139804,46.690758018222,-100.040965793056,48.4608856315351,1.09207889822507,1.06722521328308,2023.62199938828,2023.64685307322,NA
904,905,0.0241564168092216,-88.387177636094,40.88930067477,-93.7126281231286,44.8666206720643,1.09216290893843,1.06800649212921,2023.62278066712,2023.64693708393,NA
811,812,0.0179592901543304,-99.2639649480088,41.7249076625236,-97.7676430005228,41.6945860296049,1.09593956369174,1.07798027353741,2023.63275444853,2023.65071373869,NA
859,860,0.0233768934784095,-109.429129468842,43.6335077593089,-119.527457604327,39.042007885165,1.09663929058349,1.07326239710508,2023.6280365721,2023.65141346558,NA
891,892,0.0115790375373692,-90.0652289749257,42.0142437939439,-90.2585629528167,41.9962738129993,1.09668745414921,1.08510841661184,2023.63988259161,2023.65146162914,NA
1049,1051,0.00524470583911696,-96.0231090374487,45.4193346350815,-96.3921860144024,45.6761934405762,1.09706518913353,1.09182048329442,2023.64659465829,2023.65183936413,NA
572,573,0.0125151196804434,-98.8379001934886,45.8937841096191,-98.6929004287984,45.7059945514389,1.09739409621271,1.08487897653227,2023.63965315153,2023.65216827121,NA
1043,1045,0.0253231141809105,-97.9646651664452,39.6099744291502,-99.4599619739408,42.5265572884167,1.09794016933093,1.07261705515002,2023.62739123014,2023.65271434433,NA
786,789,0.0282424390298206,-125.083080819618,47.0357248968468,-120.604411286817,44.8575512545697,1.09848175853186,1.07023931950204,2023.6250134945,2023.65325593353,NA
1013,1014,0.0794707760893831,-98.7836542485431,44.8532552508382,-98.4894236809506,44.9227245901581,1.09898641235947,1.01951563627009,2023.57428981126,2023.65376058735,NA
851,852,0.0441932633573665,-99.759974404846,44.0160902630662,-96.5494793651847,44.1783869423849,1.10042327800509,1.05623001464772,2023.61100418964,2023.655197453,NA
563,564,0.00874818327834381,-99.2794758891773,45.7259933411679,-101.696919053075,48.4659857770802,1.1006126125152,1.09186442923685,2023.64663860423,2023.65538678751,NA
840,841,0.0123808574191866,-119.433429848928,46.9742409308962,-116.241010257032,43.9806607730024,1.10067853406799,1.0882976766488,2023.64307185164,2023.65545270906,NA
668,670,0.0925099421634656,-99.6453194073453,43.2135796559944,-99.8456153765184,43.6351098493367,1.10216344482115,1.00965350265768,2023.56442767765,2023.65693761982,NA
977,978,0.0558698187061579,-90.7178504542184,38.7704498272811,-90.7263009372062,38.7726699724574,1.10222022549156,1.0463504067854,2023.60112458178,2023.65699440049,NA
634,635,0.0879391460443733,-98.408660723336,43.4847377449879,-98.6132059741132,45.2888671200318,1.1024919142936,1.01455276824923,2023.56932694324,2023.65726608929,NA
696,697,0.0802190797083855,-108.737299284869,40.1891256488226,-117.501054583675,37.6420953045403,1.10338560893866,1.02316652923028,2023.57794070422,2023.65815978393,NA
697,698,0.000532421286851825,-117.501054583675,37.6420953045403,-117.559620363386,37.6467357314982,1.10391803022551,1.10338560893866,2023.65815978393,2023.65869220522,NA
1040,1041,0.079159014372927,-99.0162328986708,44.3463732050046,-93.8145208373148,41.2597598649524,1.10431644827671,1.02515743390378,2023.5799316089,2023.65909062327,NA
970,971,0.0659019401143659,-103.301714833827,43.6737718049012,-101.591084943842,43.172479939083,1.10452854690466,1.03862660679029,2023.59340078178,2023.6593027219,NA
796,797,0.0262505774827666,-112.490217836711,52.8033896274453,-118.257476011745,49.0729126552802,1.10508806088584,1.07883748340307,2023.6336116584,2023.65986223588,NA
860,861,0.0096749172473316,-119.527457604327,39.042007885165,-121.511927254295,38.9150409665286,1.10631420783082,1.09663929058349,2023.65141346558,2023.66108838283,NA
978,980,0.00442005933854994,-90.7263009372062,38.7726699724574,-91.036888849843,38.6548190595669,1.10664028483011,1.10222022549156,2023.65699440049,2023.66141445982,NA
544,546,0.0371965925041691,-120.403619942024,43.304994805051,-121.219751599276,40.718556564959,1.10684270249948,1.06964610999532,2023.62442028499,2023.66161687749,NA
861,862,0.000684757663759195,-121.511927254295,38.9150409665286,-121.014817919073,38.9097048074623,1.10699896549458,1.10631420783082,2023.66108838283,2023.66177314049,NA
733,734,0.0694856926778322,-112.97684714682,47.4563131653289,-97.7587993838164,45.0591878007584,1.1083937796198,1.03890808694197,2023.59368226194,2023.66316795461,NA
1019,1020,0.0230976448479125,-94.94698868021,45.0410958878949,-95.5426046807714,43.6151592273153,1.1092510304343,1.08615338558639,2023.64092756058,2023.66402520543,NA
721,724,0.0740864170824029,-99.6354548299867,45.1060712267087,-110.606544804362,50.8023688756272,1.10935028064375,1.03526386356135,2023.59003803856,2023.66412445564,NA
570,576,0.0457360188807991,-98.912557462705,46.1400235965144,-98.4178818964717,45.5275751945995,1.10940421820838,1.06366819932759,2023.61844237432,2023.6641783932,NA
656,657,0.0710158794649478,-97.2469491193702,35.2000154752429,-94.082326435259,32.9018372374154,1.10945220368421,1.03843632421927,2023.59321049921,2023.66422637868,NA
824,825,0.112336015680662,-114.586222786352,49.3948697546631,-113.260932029096,50.7925776253048,1.1100590193416,0.997723003660939,2023.55249717866,2023.66483319434,NA
554,557,0.0495480671136102,-106.207445002332,42.9907258225698,-107.146862905618,43.2421538194478,1.11038545314664,1.06083738603303,2023.61561156103,2023.66515962814,NA
571,574,0.0315655487061643,-96.8965645897842,46.0430668058917,-96.533707048183,43.7824106527695,1.11082101555346,1.0792554668473,2023.63402964184,2023.66559519055,NA
657,415,0.00152704597880948,-94.082326435259,32.9018372374154,-93.8679651650225,32.9558869833585,1.11097924966302,1.10945220368421,2023.66422637868,2023.66575342466,EPI_ISL_19070499|A/blue-winged_teal/Louisiana/UGAI23-893/2023|H5N1|USA-LA|2023-09-01|wild_avian|B3.6
574,575,0.000840912358487378,-96.533707048183,43.7824106527695,-97.3702983669288,44.3448512837358,1.11166192791195,1.11082101555346,2023.66559519055,2023.66643610291,NA
576,577,0.00245770036487181,-98.4178818964717,45.5275751945995,-97.8580187635476,45.4076772346314,1.11186191857326,1.10940421820838,2023.6641783932,2023.66663609357,NA
974,975,0.075396654867306,-97.7928276631576,49.5302550632746,-96.7175985058591,49.9645236000588,1.11245705760369,1.03706040273638,2023.59183457773,2023.6672312326,NA
892,893,0.0161429782355711,-90.2585629528167,41.9962738129993,-88.6288135541734,42.090246927012,1.11283043238478,1.09668745414921,2023.65146162914,2023.66760460738,NA
870,871,0.0291445006567936,-119.220185062299,42.9843188700339,-124.250558232961,44.472095435599,1.11315043409241,1.08400593343561,2023.63878010843,2023.66792460909,NA
671,672,0.0514381407116224,-102.672862844967,46.539565165469,-103.845218184796,47.5595600995763,1.11360121843259,1.06216307772096,2023.61693725272,2023.66837539343,NA
647,648,0.062637278372002,-101.533705877365,49.5192645331674,-101.507648205165,49.1844537762993,1.11393034833263,1.05129306996063,2023.60606724496,2023.66870452333,NA
698,699,0.0110345755718637,-117.559620363386,37.6467357314982,-119.394314017835,38.4101459370591,1.11495260579738,1.10391803022551,2023.65869220522,2023.66972678079,NA
934,935,0.0266650766150682,-98.0326951341886,45.4492719872161,-95.8978229191962,46.09141441724,1.11570358762098,1.08903851100591,2023.643812686,2023.67047776262,NA
603,604,0.0764024441595017,-117.420059899959,52.9830436385594,-117.846413997258,53.9750746225645,1.11743868338925,1.04103623922975,2023.59581041422,2023.67221285838,NA
916,917,0.0375734202290015,-93.2457311428333,44.9668692825745,-93.9728348506776,42.6862632167593,1.11753258137992,1.07995916115092,2023.63473333615,2023.67230675637,NA
887,889,0.0373672661352642,-95.1568966113532,44.7646261702174,-98.0625183243285,44.6188184152842,1.1188130940606,1.08144582792534,2023.63622000292,2023.67358726906,NA
971,972,0.0143196429500978,-101.591084943842,43.172479939083,-100.340409632004,43.6209359395364,1.11884818985475,1.10452854690466,2023.6593027219,2023.67362236485,NA
738,739,0.0323479737101342,-115.518280721829,51.7476771803154,-118.072353032555,52.2372275021301,1.11886213582751,1.08651416211738,2023.64128833711,2023.67363631082,NA
919,920,0.030633621023298,-93.3444581839673,45.3273355206004,-93.7299452911357,45.3981752388893,1.11972102549172,1.08908740446842,2023.64386157946,2023.67449520049,NA
1020,1021,0.0106402612050096,-95.5426046807714,43.6151592273153,-95.5522217989125,43.6198429366754,1.11989129163931,1.1092510304343,2023.66402520543,2023.67466546663,NA
862,863,0.0140513560679383,-121.014817919073,38.9097048074623,-120.318854257636,39.1336002291603,1.12105032156252,1.10699896549458,2023.66177314049,2023.67582449656,NA
863,868,0.000417393661990673,-120.318854257636,39.1336002291603,-120.610313045946,39.3638962169569,1.12146771522451,1.12105032156252,2023.67582449656,2023.67624189022,NA
789,790,0.0237253875058749,-120.604411286817,44.8575512545697,-120.592004919659,44.4861118975906,1.12220714603773,1.09848175853186,2023.65325593353,2023.67698132103,NA
568,569,0.040457726306977,-98.8521697199637,46.6945025938458,-98.8497681790085,46.693078234281,1.12238232986868,1.0819246035617,2023.63669877856,2023.67715650486,NA
813,814,0.119699384722771,-109.315951483333,47.4971774810176,-110.416591420351,46.8748550506754,1.12272954599389,1.00303016127112,2023.55780433627,2023.67750372099,NA
659,660,0.0882051911735642,-103.683284958218,44.0628155477856,-100.150965800297,40.0724734773691,1.12279058389242,1.03458539271885,2023.58935956771,2023.67756475889,NA
1035,1036,0.0381860105914715,-89.2900972384554,42.3611251918204,-89.8194441651924,42.5414122427517,1.1230822202245,1.08489620963303,2023.63967038463,2023.67785639522,NA
980,981,0.0167281853768759,-91.036888849843,38.6548190595669,-90.5712504231173,38.5233999730195,1.12336847020698,1.10664028483011,2023.66141445982,2023.6781426452,NA
980,982,0.0168288279261886,-91.036888849843,38.6548190595669,-96.0569445293542,41.2517943340673,1.1234691127563,1.10664028483011,2023.66141445982,2023.67824328775,NA
768,770,0.0452998645105014,-102.869584273175,41.3543049619968,-96.8197005306323,41.0536266830447,1.12396126948835,1.07866140497784,2023.63343557997,2023.67873544448,NA
635,636,0.0218035764803923,-98.6132059741132,45.2888671200318,-98.4559261335503,45.3661109008111,1.124295490774,1.1024919142936,2023.65726608929,2023.67906966577,NA
750,752,0.0733835514530552,-104.061569485569,44.9105172713448,-112.105237254444,51.2903077062054,1.12435716904488,1.05097361759182,2023.60574779259,2023.67913134404,NA
908,909,0.0572051079633196,-91.5501907552409,45.1746450267433,-93.4093713605492,46.9237204882237,1.12590613574965,1.06870102778633,2023.62347520278,2023.68068031074,NA
790,791,0.00481041049463626,-120.592004919659,44.4861118975906,-120.841480079127,43.8674774942055,1.12701755653237,1.12220714603773,2023.67698132103,2023.68179173153,NA
893,902,0.0142298153386595,-88.6288135541734,42.090246927012,-88.6252074413857,42.1082355066107,1.12706024772344,1.11283043238478,2023.66760460738,2023.68183442272,NA
841,843,0.0267219702187373,-116.241010257032,43.9806607730024,-115.155076032096,42.4737558352375,1.12740050428673,1.10067853406799,2023.65545270906,2023.68217467928,NA
672,673,0.0139710405579263,-103.845218184796,47.5595600995763,-105.121173906257,47.9924791991324,1.12757225899051,1.11360121843259,2023.66837539343,2023.68234643399,NA
648,649,0.0142918418462634,-101.507648205165,49.1844537762993,-104.263787484573,49.6688247427887,1.12822219017889,1.11393034833263,2023.66870452333,2023.68299636517,NA
954,955,0.0436065620647699,-111.345873585033,53.2130625758694,-105.412484591056,49.5188760046763,1.12822247524772,1.08461591318295,2023.63939008818,2023.68299665024,NA
768,769,0.0495822206203695,-102.869584273175,41.3543049619968,-100.858888540114,39.4700922549312,1.12824362559821,1.07866140497784,2023.63343557997,2023.68301780059,NA
1041,1042,0.0242566429872149,-93.8145208373148,41.2597598649524,-95.4799502690249,40.9245766251637,1.12857309126392,1.10431644827671,2023.65909062327,2023.68334726626,NA
1024,1026,0.124966451180788,-101.978750689762,44.7569232696663,-103.135766214635,45.4947329708769,1.12998506508651,1.00501861390572,2023.5597927889,2023.68475924008,NA
887,888,0.0486378575979902,-95.1568966113532,44.7646261702174,-93.3207039699722,41.549564183296,1.13008368552333,1.08144582792534,2023.63622000292,2023.68485786052,NA
860,869,0.0338407894670463,-119.527457604327,39.042007885165,-120.243979633966,38.7059331764447,1.13048008005053,1.09663929058349,2023.65141346558,2023.68525425505,NA
948,950,0.125790033338155,-104.034822175231,44.808402322498,-106.217749667094,43.7619875959872,1.13081622685159,1.00502619351343,2023.55980036851,2023.68559040185,NA
926,927,0.0901607171917709,-96.2086936568638,43.4766495148168,-96.252386239594,43.4857160556723,1.1308601426952,1.04069942550343,2023.5954736005,2023.68563431769,NA
1049,1050,0.0390765643668636,-96.0231090374487,45.4193346350815,-96.5205393421928,45.4076469864097,1.13089704766128,1.09182048329442,2023.64659465829,2023.68567122266,NA
1043,1044,0.0588348138717347,-97.9646651664452,39.6099744291502,-98.2933542864575,39.4188012017751,1.13145186902175,1.07261705515002,2023.62739123014,2023.68622604402,NA
736,737,0.0404525742220592,-101.172276416913,46.8620459569689,-102.923393922565,49.914077052098,1.13193978854799,1.09148721432593,2023.64626138932,2023.68671396354,NA
999,1000,0.0544089433725905,-87.5533436989824,44.2821486588581,-87.762058942935,43.5204442949588,1.13205197151453,1.07764302814194,2023.63241720314,2023.68682614651,NA
707,708,0.0856198688281133,-105.861251395573,40.1257971999948,-105.481800257139,39.673764708694,1.13233993945113,1.04672007062302,2023.60149424562,2023.68711411445,NA
968,969,0.0681902164547987,-98.539020461379,46.9045230486086,-82.423982364143,44.9865289006163,1.13240503497137,1.06421481851657,2023.61898899351,2023.68717920997,NA
825,826,0.0290967871457626,-113.260932029096,50.7925776253048,-112.710104353152,46.5469950334132,1.13915580648736,1.1100590193416,2023.66483319434,2023.69392998148,NA
831,476,0.128527296532935,-117.100896202024,54.1748790167878,-112.108843225713,50.0364346113336,1.14385596199177,1.01532866545883,2023.57010284045,2023.69863013699,GenBank|A/Peregrine_Falcon/AB/FAV-0270-1-2023/2023|H5N1|Canada-AB|2023-09-13|wild_avian|B3.6
902,903,0.022710661464501,-88.6252074413857,42.1082355066107,-85.7463003743779,40.6972235790119,1.14977090918794,1.12706024772344,2023.68183442272,2023.70454508418,NA
942,202,0.147787411853486,-101.33398204007,43.4756336510926,-107.535476969579,50.9861259294932,1.1630340441835,1.01524663233001,2023.57002080732,2023.71780821918,GenBank|A/Turkey/SK/FAV-0267-2-2023/2023|H5N1|Canada-SK|2023-09-20|domestic_avian|B3.6
696,262,0.139867514953219,-108.737299284869,40.1891256488226,-106.241648230573,47.5415678905932,1.1630340441835,1.02316652923028,2023.57794070422,2023.71780821918,GenBank|A/Swainsons_Hawk/MT/23-029229-001-original/2023|H5N1|USA-MT|2023-09-20|wild_avian|B3.6
624,426,0.129567806961902,-101.215041122913,47.6696546538494,-90.9237219849668,30.5655641891419,1.1630340441835,1.0334662372216,2023.58824041222,2023.71780821918,GenBank|A/Blue-winged_teal/LA/23-028760-020-original/2023|H5N1|USA-LA|2023-09-20|wild_avian|B3.6
920,921,0.0447162712786962,-93.7299452911357,45.3981752388893,-95.5700989893026,48.3907659646442,1.16443729677041,1.11972102549172,2023.67449520049,2023.71921147176,NA
611,380,0.110279215056448,-88.7462654243252,42.4635246911252,-114.586327438059,51.3834443410235,1.16851349623821,1.05823428118176,2023.61300845618,2023.72328767123,GenBank|A/Domestic_bird/AB/FAV-0273-3-2023/2023|H5N1|Canada-AB|2023-09-22|domestic_avian|B3.6
751,213,0.116586705385339,-104.026476438055,44.8283810904214,-112.014401521976,47.9706060040409,1.17125322226557,1.05466651688023,2023.60944069187,2023.72602739726,GenBank|A/Gadwall/MT/23-029480-008-original/2023|H5N1|USA-MT|2023-09-23|wild_avian|B3.6
806,317,0.0879590201866118,-98.8365027349904,43.8222614102971,-96.3466116235086,44.4023303785645,1.17125322226557,1.08329420207896,2023.63806837707,2023.72602739726,GenBank|A/Green_winged_teal/MN/23-029312-002-original/2023|H5N1|USA-MN|2023-09-23|wild_avian|B3.6
632,438,0.170001180552036,-97.9576864842185,44.0971135469638,-104.540590089139,39.6764635323682,1.17399294829315,1.00399176774112,2023.55876594274,2023.72876712329,GenBank|A/Green_winged_teal/CO/23-029294-001-original/2023|H5N1|USA-CO|2023-09-24|wild_avian|B3.6
982,983,0.0515861580387786,-96.0569445293542,41.2517943340673,-96.7365418648516,43.7817039915635,1.17505527079508,1.1234691127563,2023.67824328775,2023.72982944579,NA
731,270,0.135819624107221,-114.439469137831,48.0670764535724,-113.069931374224,52.225540115677,1.17673267432051,1.04091305021329,2023.59568722521,2023.73150684932,GenBank|A/Turkey/AB/FAV-0277-2-2023/2023|H5N1|Canada-AB|2023-09-25|domestic_avian|B3.6
652,360,0.099555682174665,-104.165780876969,45.5909832354579,-111.15893876212,51.1544952646649,1.17673267432051,1.07717699214585,2023.63195116714,2023.73150684932,GenBank|A/Domestic_bird/AB/FAV-0278-1-2023/2023|H5N1|Canada-AB|2023-09-25|domestic_avian|B3.6
821,313,0.184678499483177,-114.487631916432,48.5441025087411,-115.871678151338,47.7147541777229,1.18221212637523,0.997533626892048,2023.55230780189,2023.73698630137,GenBank|A/Great_horned_owl/ID/23-030180-001-original/2023|H5N1|USA-ID|2023-09-27|wild_avian|B3.6
792,319,0.116047885756991,-114.019883720761,51.1497027649004,-113.418909716683,52.8713811926943,1.18221212637523,1.06616424061824,2023.62093841561,2023.73698630137,GenBank|A/Black-Billed_Magpie/AB/FAV-0316-4-2023/2023|H5N1|Canada-AB|2023-09-27|wild_avian|B3.6
555,556,0.116243777023147,-104.581899992403,41.6446162547531,-104.389220471574,43.1018338543382,1.18659930992795,1.0703555329048,2023.6251297079,2023.74137348492,NA
978,979,0.0851715378173865,-90.7263009372062,38.7726699724574,-85.9145342575982,26.1414852355068,1.18739176330895,1.10222022549156,2023.65699440049,2023.7421659383,NA
1022,64,0.204685464599836,-101.527600680623,44.9612963748021,-106.295976603086,48.7994333573037,1.19043130445753,0.985745839857689,2023.54052001485,2023.74520547945,EPI_ISL_19186543|A/mallard/Montana/23-030714-0012/2023|H5N1|USA-MT|2023-09-30|wild_avian|B3.6
874,178,0.199677913612659,-103.21828242422,45.5050311463921,-105.384142154056,45.4981011373552,1.19043130445753,0.990753390844866,2023.54552756584,2023.74520547945,GenBank|A/Mallard/MT/23-030445-013-original/2023|H5N1|USA-MT|2023-09-30|wild_avian|B3.6
822,312,0.190049896831399,-114.459353246692,48.4692226300229,-109.516531012817,46.8415154089554,1.19043130445753,1.00038140762613,2023.55515558262,2023.74520547945,GenBank|A/American_wigeon/MT/23-030445-012-original/2023|H5N1|USA-MT|2023-09-30|wild_avian|B3.6
805,321,0.189432620970205,-110.429315450753,48.9449834537353,-105.72414017889,37.4308824909203,1.19043130445753,1.00099868348732,2023.55577285848,2023.74520547945,GenBank|A/Redhead_Duck/CO/23-029854-022-original/2023|H5N1|USA-CO|2023-09-30|wild_avian|B3.6
592,362,0.188845770505895,-109.056008730767,49.1711576921632,-107.450046007562,48.7564147894796,1.19043130445753,1.00158553395163,2023.55635970895,2023.74520547945,GenBank|A/Mallard/MT/23-030714-044-original/2023|H5N1|USA-MT|2023-09-30|wild_avian|B3.6
686,304,0.18553260463483,-108.807772382123,47.1949112793693,-111.04028768855,46.9591028245098,1.19043130445753,1.0048986998227,2023.55967287482,2023.74520547945,GenBank|A/American_wigeon/MT/23-030445-008-original/2023|H5N1|USA-MT|2023-09-30|wild_avian|B3.6
688,296,0.180266135078411,-108.49703686389,43.9415425589337,-107.951655652944,38.6669673068418,1.19043130445753,1.01016516937911,2023.56493934437,2023.74520547945,GenBank|A/Green_winged_teal/CO/23-029854-015-original/2023|H5N1|USA-CO|2023-09-30|wild_avian|B3.6
731,269,0.149518254244235,-114.439469137831,48.0670764535724,-114.174212243047,47.6044368635092,1.19043130445753,1.04091305021329,2023.59568722521,2023.74520547945,GenBank|A/Gadwall/MT/23-030444-001-original/2023|H5N1|USA-MT|2023-09-30|wild_avian|B3.6
943,140,0.145711113129971,-101.084110844352,43.155157525027,-106.207604876129,46.2318666622927,1.19043130445753,1.04472019132755,2023.59949436632,2023.74520547945,GenBank|A/Mallard/MT/23-030714-006-original/2023|H5N1|USA-MT|2023-09-30|wild_avian|B3.6
630,631,0.163753610117966,-98.3064901899604,44.5765628415072,-95.2161861368283,44.1949394830611,1.1933169023301,1.02956329221213,2023.58433746721,2023.74809107732,NA
1017,191,0.194864586828311,-97.6148157824433,45.171605801756,-98.4486247299117,43.9501729327423,1.19591075651224,1.00104616968393,2023.55582034468,2023.75068493151,EPI_ISL_18690639|A/turkey/South_Dakota/23-029852-001/2023|H5N1|USA-SD|2023-10-02|domestic_avian|B3.6
1040,68,0.17075332260846,-99.0162328986708,44.3463732050046,-112.505614482904,53.5446653731829,1.19591075651224,1.02515743390378,2023.5799316089,2023.75068493151,GenBank|A/chicken/AB/FAV-0279-1-2023/2023|H5N1|Canada-AB|2023-10-02|domestic_avian|B3.6
826,827,0.058971745934657,-112.710104353152,46.5469950334132,-112.42132018823,48.3017117466376,1.19812755242202,1.13915580648736,2023.69392998148,2023.75290172742,NA
846,466,0.186131496235844,-112.326988886269,49.4921643722596,-114.868036544166,55.2997575440472,1.1986504825396,1.01251898630375,2023.5672931613,2023.75342465753,GenBank|A/Green-Winged_Teal/AB/FAV-0293-2-2023/2023|H5N1|Canada-AB|2023-10-03|wild_avian|B3.6
689,298,0.163608338886999,-113.008455846454,48.9844433147291,-111.889668757681,49.3088031485037,1.1986504825396,1.0350421436526,2023.58981631865,2023.75342465753,GenBank|A/Striped_Skunk/AB/FAV-0292-1-2023/2023|H5N1|Canada-AB|2023-10-03|other_mammal|B3.6
803,333,0.136397131567126,-108.915611820869,51.1270373267255,-110.187062253265,51.4988292436287,1.1986504825396,1.06225335097247,2023.61702752597,2023.75342465753,GenBank|A/Canada_Goose/AB/FAV-0316-3-2023/2023|H5N1|Canada-AB|2023-10-03|wild_avian|B3.6
724,282,0.0893002018958444,-110.606544804362,50.8023688756272,-111.872910874269,52.5421885292772,1.1986504825396,1.10935028064375,2023.66412445564,2023.75342465753,GenBank|A/Ring-Billed_Gull/AB/FAV-0293-1-2023/2023|H5N1|Canada-AB|2023-10-03|wild_avian|B3.6
752,214,0.0742933134947195,-112.105237254444,51.2903077062054,-112.647611266379,56.5503350229032,1.1986504825396,1.12435716904488,2023.67913134404,2023.75342465753,GenBank|A/Gadwall_Duck/AB/FAV-0293-3-2023/2023|H5N1|Canada-AB|2023-10-03|wild_avian|B3.6
970,103,0.162763601776665,-103.301714833827,43.6737718049012,-113.431860074463,56.2441858529153,1.20139020856695,1.03862660679029,2023.59340078178,2023.75616438356,GenBank|A/Striped_Skunk/AB/FAV-0314-1-2023/2023|H5N1|Canada-AB|2023-10-04|other_mammal|B3.6
557,503,0.091004755420319,-107.146862905618,43.2421538194478,-100.780862055805,37.877799988307,1.20139020856695,1.11038545314664,2023.66515962814,2023.75616438356,EPI_ISL_19116124|A/great_horned_owl/Kansas/W24-005/2023|H5N1|USA-KS|2023-10-04|wild_avian|B3.6
735,279,0.166661936838032,-99.6516983765557,45.8676110327324,-94.0571063248239,41.8390389829911,1.20412993459454,1.03746799775651,2023.59224217275,2023.75890410959,EPI_ISL_19159886|A/cackling_goose/Iowa/23-032227-002/2023|H5N1|USA-IA|2023-10-05|wild_avian|B3.6
775,227,0.164468033866977,-102.627217214856,40.9354416776178,-111.984352502784,39.1505395124306,1.20412993459454,1.03966190072756,2023.59443607572,2023.75890410959,EPI_ISL_18691762|A/turkey/Utah/23-030331-002/2023|H5N1|USA-UT|2023-10-05|domestic_avian|B3.6
933,135,0.138223596618263,-100.124956028536,46.7210015537605,-111.995581394064,55.4170081150801,1.20412993459454,1.06590633797628,2023.62068051297,2023.75890410959,GenBank|A/Turkey/AB/FAV-0291-2-2023/2023|H5N1|Canada-AB|2023-10-05|domestic_avian|B3.6
840,457,0.118571983973095,-119.433429848928,46.9742409308962,-116.414527915151,54.9739150394823,1.2068696606219,1.0882976766488,2023.64307185164,2023.76164383562,GenBank|A/Ring-Billed_Gull/AB/FAV-0315-1-2023/2023|H5N1|Canada-AB|2023-10-06|wild_avian|B3.6
763,764,0.12284935872814,-108.412997815734,44.1916028006111,-103.880238930613,36.7728110300363,1.20765213467613,1.08480277594799,2023.63957695094,2023.76242630967,NA
654,409,0.214734451645036,-100.49726412033,43.5048552012276,-101.899514957439,39.5925225463195,1.20960938664925,0.994874935004218,2023.54964911,2023.76438356164,GenBank|A/Ring-necked_duck/KS/23-030994-012-original-repeat/2023|H5N1|USA-KS|2023-10-07|wild_avian|B3.6
829,479,0.213312001442363,-119.061254898706,51.0605021508693,-105.897983756603,39.684177325611,1.20960938664925,0.996297385206891,2023.5510715602,2023.76438356164,GenBank|A/pintail/CO/23-030893-007-original/2023|H5N1|USA-CO|2023-10-07|wild_avian|B3.6
765,233,0.178559268397692,-99.1718131560666,41.8615955871537,-94.8324690682957,37.3422956678353,1.20960938664925,1.03105011825156,2023.58582429325,2023.76438356164,GenBank|A/Blue-winged_teal/KS/23-030994-014-original/2023|H5N1|USA-KS|2023-10-07|wild_avian|B3.6
626,424,0.14744190847611,-101.800294787543,48.0639019429177,-97.1108024014563,37.7010368345553,1.20960938664925,1.06216747817314,2023.61694165317,2023.76438356164,GenBank|A/Blue-winged_teal/KS/23-030993-003-original/2023|H5N1|USA-KS|2023-10-07|wild_avian|B3.6
825,306,0.0995503673076541,-113.260932029096,50.7925776253048,-113.64078027088,46.1952062063406,1.20960938664925,1.1100590193416,2023.66483319434,2023.76438356164,EPI_ISL_19134614|A/chicken/Montana/23-030330-004/2023|H5N1|USA-MT|2023-10-07|domestic_avian|B3.6
814,355,0.0868798406553626,-110.416591420351,46.8748550506754,-99.8561152035809,38.9782232391188,1.20960938664925,1.12272954599389,2023.67750372099,2023.76438356164,GenBank|A/Blue-winged_teal/KS/23-030994-006-original/2023|H5N1|USA-KS|2023-10-07|wild_avian|B3.6
826,307,0.0704535801618915,-112.710104353152,46.5469950334132,-113.291416371446,48.4030132226951,1.20960938664925,1.13915580648736,2023.69392998148,2023.76438356164,EPI_ISL_18691740|A/chicken/Montana/23-030330-002/2023|H5N1|USA-MT|2023-10-07|domestic_avian|B3.6
827,309,0.0114818342272345,-112.42132018823,48.3017117466376,-113.905999952353,47.0977679212658,1.20960938664925,1.19812755242202,2023.75290172742,2023.76438356164,EPI_ISL_19134615|A/chicken/Montana/23-030330-003/2023|H5N1|USA-MT|2023-10-07|domestic_avian|B3.6
827,308,0.0114818342272345,-112.42132018823,48.3017117466376,-112.764635299272,48.532860495132,1.20960938664925,1.19812755242202,2023.75290172742,2023.76438356164,EPI_ISL_18691735|A/chicken/Montana/23-030330-001/2023|H5N1|USA-MT|2023-10-07|domestic_avian|B3.6
764,239,0.00195725197312369,-103.880238930613,36.7728110300363,-103.172139420065,37.9528518278003,1.20960938664925,1.20765213467613,2023.76242630967,2023.76438356164,GenBank|A/Mallard/CO/23-030893-003-original/2023|H5N1|USA-CO|2023-10-07|wild_avian|B3.6
764,240,0.00195725197312369,-103.880238930613,36.7728110300363,-105.88287692409,38.0790011914823,1.20960938664925,1.20765213467613,2023.76242630967,2023.76438356164,EPI_ISL_19186544|A/mallard/Colorado/23-030893-0012/2023|H5N1|USA-CO|2023-10-07|wild_avian|B3.6
753,216,0.140941270452898,-106.205829612823,45.8185161697887,-103.752871213066,48.4232460162981,1.21234911267661,1.07140784222371,2023.62618201722,2023.76712328767,EPI_ISL_18691817|A/chicken/North_Dakota/23-030824-001/2023|H5N1|USA-ND|2023-10-08|domestic_avian|B3.6
737,290,0.0804093241286239,-102.923393922565,49.914077052098,-98.1628551557662,44.259161982403,1.21234911267661,1.13193978854799,2023.68671396354,2023.76712328767,EPI_ISL_19131364|A/gadwall/South_Dakota/23-031573-004/2023|H5N1|USA-SD|2023-10-08|wild_avian|B3.6
1029,77,0.197561482455129,-94.1952537648269,41.6661725852314,-114.250841467354,51.0831551517918,1.21782856473133,1.0202670822762,2023.57504125727,2023.77260273973,GenBank|A/chicken/AB/FAV-0295-1-2023/2023|H5N1|Canada-AB|2023-10-10|domestic_avian|B3.6
1037,86,0.21647711984147,-100.615353018279,43.1599872969061,-114.358330496631,48.2420672218188,1.22056829075891,1.00409117091744,2023.55886534591,2023.77534246575,EPI_ISL_18691835|A/domestic_duck/Montana/23-030959-002/2023|H5N1|USA-MT|2023-10-11|domestic_avian|B3.6
680,301,0.20396007104767,-112.934396991344,46.8349410736028,-118.965941441264,51.5729523010573,1.22056829075891,1.01660821971124,2023.57138239471,2023.77534246575,GenBank|A/Canada_Goose/BC/FAV-0432-2-2023/2023|H5N1|Canada-BC|2023-10-11|wild_avian|B3.6
763,238,0.13576551481092,-108.412997815734,44.1916028006111,-104.126621764102,40.8572079770529,1.22056829075891,1.08480277594799,2023.63957695094,2023.77534246575,EPI_ISL_18691824|A/chicken/Colorado/23-030833-001/2023|H5N1|USA-CO|2023-10-11|domestic_avian|B3.6
876,129,0.133404532228343,-103.159389169232,49.1137996794848,-104.177927577474,53.2865246695481,1.22056829075891,1.08716375853057,2023.64193793353,2023.77534246575,GenBank|A/Ross_s_goose/SK/FAV-0187-2-2024/2023|H5N1|Canada-SK|2023-10-11|wild_avian|B3.6
871,20,0.107417856666503,-124.250558232961,44.472095435599,-121.029416347163,44.1532203324351,1.22056829075891,1.11315043409241,2023.66792460909,2023.77534246575,GenBank|A/Canada_goose/OR/23-031492-001-original/2023|H5N1|USA-OR|2023-10-11|wild_avian|B3.6
952,201,0.218662745430009,-104.550172066125,44.3798937059467,-91.1762430092716,43.3186012955036,1.22330801678627,1.00464527135626,2023.55941944635,2023.77808219178,GenBank|A/Sharp-shinned_Hawk/IA/23-031647-001-original/2023|H5N1|USA-IA|2023-10-12|wild_avian|B3.6
687,297,0.218388101792702,-108.917509437462,47.1476461570943,-103.857921933771,47.0768125907507,1.22330801678627,1.00491991499357,2023.55969408999,2023.77808219178,EPI_ISL_18691842|A/chicken/North_Dakota/23-030961-001/2023|H5N1|USA-ND|2023-10-12|domestic_avian|B3.6
844,454,0.218378368612107,-117.152960724248,47.3418870139281,-119.078653043135,47.7982519697404,1.22330801678627,1.00492964817416,2023.55970382317,2023.77808219178,EPI_ISL_19490381|A/mallard/Washington/23-031856-003-original/2023|H5N1|USA-WA|2023-10-12|wild_avian|B3.6
705,254,0.167560618573129,-110.026645623954,45.3600871456656,-109.479489180815,44.1727476090969,1.22330801678627,1.05574739821314,2023.61052157321,2023.77808219178,EPI_ISL_19660891|A/great_horned_owl/Wyoming/23-032058-001-original/2023|H5N1|USA-WY|2023-10-12|wild_avian|B3.6
577,494,0.111446098213012,-97.8580187635476,45.4076772346314,-94.2633115419451,43.8193327528126,1.22330801678627,1.11186191857326,2023.66663609357,2023.77808219178,GenBank|A/Peregrine_falcon/MN/23-031335-001-original/2023|H5N1|USA-MN|2023-10-12|wild_avian|B3.6
816,347,0.197859795538864,-113.341564324164,49.0011473857871,-113.016818798854,49.5048111529724,1.22604774281363,1.02818794727476,2023.58296212227,2023.78082191781,GenBank|A/Lesser_Scaup/AB/FAV-0330-33-2023/2023|H5N1|Canada-AB|2023-10-13|wild_avian|B3.6
951,145,0.224063726096002,-105.15810201738,45.5381060078318,-112.123020292662,47.6687980591432,1.22878746884098,1.00472374274498,2023.55949791774,2023.78356164384,EPI_ISL_19159885|A/blue-winged_teal/Montana/23-032220-005/2023|H5N1|USA-MT|2023-10-14|wild_avian|B3.6
965,90,0.214604305048485,-100.02616306261,47.4357349297019,-119.09137204748,39.4471740064073,1.22878746884098,1.0141831637925,2023.56895733879,2023.78356164384,EPI_ISL_19239881|A/mallard/Nevada/23-034303-020-original/2023|H5N1|USA-NV|2023-10-14|wild_avian|B3.6
707,287,0.182067398217968,-105.861251395573,40.1257971999948,-111.332110243034,49.3748492912948,1.22878746884098,1.04672007062302,2023.60149424562,2023.78356164384,GenBank|A/Lesser_Scaup/AB/FAV-0330-45-2023/2023|H5N1|Canada-AB|2023-10-14|wild_avian|B3.6
723,284,0.140384804378715,-97.9866297380343,46.0438246995305,-99.3269634983465,45.9297669316067,1.22878746884098,1.08840266446227,2023.64317683946,2023.78356164384,EPI_ISL_18695152|A/turkey/South_Dakota/23-031328-001/2023|H5N1|USA-SD|2023-10-14|domestic_avian|B3.6
946,79,0.140334016103801,-108.953429103531,42.9789170638939,-119.249070831179,45.2928736439261,1.22878746884098,1.08845345273718,2023.64322762773,2023.78356164384,EPI_ISL_19159880|A/American_wigeon/Oregon/23-031857-002/2023|H5N1|USA-OR|2023-10-14|wild_avian|B3.6
806,318,0.148232992789384,-98.8365027349904,43.8222614102971,-95.6981586117429,46.7540357839514,1.23152719486834,1.08329420207896,2023.63806837707,2023.78630136986,EPI_ISL_18695159|A/turkey/Minnesota/23-031337-003/2023|H5N1|USA-MN|2023-10-15|domestic_avian|B3.6
575,500,0.119865266956391,-97.3702983669288,44.3448512837358,-106.443728582386,49.7409662089971,1.23152719486834,1.11166192791195,2023.66643610291,2023.78630136986,GenBank|A/Ross_s_goose/SK/OTH-0008-34-2024/2023|H5N1|Canada-SK|2023-10-15|wild_avian|B3.6
711,293,0.230185637826694,-111.339760397908,45.1674252703906,-100.164186542968,47.0300149092632,1.2342669208957,1.004081283069,2023.55885545806,2023.78904109589,EPI_ISL_19159884|A/gadwall/North_Dakota/23-031936-004/2023|H5N1|USA-ND|2023-10-16|wild_avian|B3.6
640,440,0.207028104789679,-96.948024916042,43.2205528866933,-95.3307655363828,44.5039661158693,1.2342669208957,1.02723881610602,2023.5820129911,2023.78904109589,EPI_ISL_18695300|A/turkey/Minnesota/23-031508-001/2023|H5N1|USA-MN|2023-10-16|domestic_avian|B3.6
762,237,0.158773000484673,-108.994295017163,44.0514354628701,-121.709066532841,47.4263270184887,1.2342669208957,1.07549392041102,2023.63026809541,2023.78904109589,EPI_ISL_18695160|A/Muscovy_duck/Washington/23-031346-002/2023|H5N1|USA-WA|2023-10-16|wild_avian|B3.6
904,906,0.168580026243767,-88.387177636094,40.88930067477,-88.8810044792047,41.6587895844328,1.23658651837297,1.06800649212921,2023.62278066712,2023.79136069337,NA
709,292,0.236384113217674,-110.539744654783,45.6606593202406,-98.601987994407,29.5191610986537,1.23700664692328,1.00062253370561,2023.5553967087,2023.79178082192,EPI_ISL_18697747|A/peregrine_falcon/Texas/23-032452-001/2023|H5N1|USA-TX|2023-10-17|wild_avian|B3.6
809,348,0.233669897225059,-108.631853983201,47.3630380372299,-118.047919329206,45.6107323351406,1.23700664692328,1.00333674969822,2023.55811092469,2023.79178082192,EPI_ISL_18697719|A/chicken/Oregon/23-031852-001/2023|H5N1|USA-OR|2023-10-17|domestic_avian|B3.6
646,444,0.188152974209241,-102.986579374385,49.4433748969303,-111.175788795076,54.2008516743617,1.23700664692328,1.04885367271404,2023.60362784771,2023.79178082192,GenBank|A/chicken/AB/FAV-0312-3-2023/2023|H5N1|Canada-AB|2023-10-17|domestic_avian|B3.6
1025,85,0.152649758830911,-103.587790938536,48.967564206198,-99.8979502829728,45.1428338373779,1.23700664692328,1.08435688809237,2023.63913106309,2023.79178082192,EPI_ISL_19273311|A/mallard/South_Dakota/23-032221-008-original2/2023|H5N1|USA-SD|2023-10-17|wild_avian|B3.6
945,131,0.234763912394599,-100.9762643561,42.9145070471324,-110.638081198539,49.619363229852,1.23974637295064,1.00498246055604,2023.55975663555,2023.79452054795,GenBank|A/Striped_Skunk/AB/FAV-0322-1-2023/2023|H5N1|Canada-AB|2023-10-18|other_mammal|B3.6
883,23,0.224323354019563,-100.740538081531,45.08850291236,-114.931713908436,51.0101415697826,1.23974637295064,1.01542301893108,2023.57019719393,2023.79452054795,GenBank|A/Canada_Goose/AB/FAV-0321-3-2023/2023|H5N1|Canada-AB|2023-10-18|wild_avian|B3.6
905,142,0.147583464012213,-93.7126281231286,44.8666206720643,-111.960487455834,57.8817273336735,1.23974637295064,1.09216290893843,2023.64693708393,2023.79452054795,GenBank|A/Canada_Goose/AB/FAV-0025-4-2024/2023|H5N1|Canada-AB|2023-10-18|wild_avian|B3.6
548,517,0.196226535651108,-98.228120219749,47.5757754621273,-111.669605926924,50.0751720788035,1.242486098978,1.04625956332689,2023.60103373832,2023.79726027397,GenBank|A/Great_Horned_Owl/AB/FAV-0022-3-2024/2023|H5N1|Canada-AB|2023-10-19|wild_avian|B3.6
730,242,0.166293096449341,-109.641530332193,48.9406481238009,-94.0141213336578,44.2359741846019,1.242486098978,1.07619300252866,2023.63096717752,2023.79726027397,EPI_ISL_18697730|A/turkey/Minnesota/23-032150-002/2023|H5N1|USA-MN|2023-10-19|domestic_avian|B3.6
723,283,0.15408343451573,-97.9866297380343,46.0438246995305,-98.508851831066,46.7465144865254,1.242486098978,1.08840266446227,2023.64317683946,2023.79726027397,EPI_ISL_19175585|A/pintail/North_Dakota/23-032882-004/2023|H5N1|USA-ND|2023-10-19|wild_avian|B3.6
557,502,0.132100645831362,-107.146862905618,43.2421538194478,-93.5463477862162,43.2358936276906,1.242486098978,1.11038545314664,2023.66515962814,2023.79726027397,EPI_ISL_19175588|A/green-winged_teal/Iowa/23-032986-006/2023|H5N1|USA-IA|2023-10-19|wild_avian|B3.6
837,462,0.227302217653399,-115.53305711891,46.2056448717302,-118.181646403735,45.2950455437919,1.24522582500536,1.01792360735196,2023.57269778235,2023.8,EPI_ISL_18697737|A/chicken/Oregon/23-032327-001/2023|H5N1|USA-OR|2023-10-20|domestic_avian|B3.6
944,198,0.179419175876341,-100.520993637121,44.5219429510406,-92.8928183362989,46.3907537066277,1.24522582500536,1.06580664912901,2023.62058082412,2023.8,EPI_ISL_18697736|A/guinea_fowl/Minnesota/23-032247-002/2023|H5N1|USA-MN|2023-10-20|domestic_avian|B3.6
564,484,0.144613212490157,-101.696919053075,48.4659857770802,-107.107206761565,50.9420235933558,1.24522582500536,1.1006126125152,2023.65538678751,2023.8,GenBank|A/Great_Horned_Owl/SK/FAV-0187-7-2024/2023|H5N1|Canada-SK|2023-10-20|wild_avian|B3.6
636,637,0.121928959797693,-98.4559261335503,45.3661109008111,-100.612315807904,48.1327166146033,1.24622445057169,1.124295490774,2023.67906966577,2023.80099862557,NA
823,310,0.244379622143938,-115.135514954235,48.9527439013574,-120.77628020929,42.7391862574944,1.24796555103271,1.00358592888877,2023.55836010388,2023.80273972603,EPI_ISL_19175583|A/gadwall/Oregon/23-032795-038/2023|H5N1|USA-OR|2023-10-21|wild_avian|B3.6
858,22,0.206897021430063,-107.327769645185,44.2042993731854,-120.088182227074,42.2556599524398,1.24796555103271,1.04106852960265,2023.5958427046,2023.80273972603,EPI_ISL_19175584|A/mallard/Oregon/23-032795-043/2023|H5N1|USA-OR|2023-10-21|wild_avian|B3.6
810,352,0.204938715082137,-104.838719339632,46.6706495631412,-97.0919368191569,46.1053433800194,1.24796555103271,1.04302683595058,2023.59780101095,2023.80273972603,EPI_ISL_19175586|A/mallard/North_Dakota/23-032886-002/2023|H5N1|USA-ND|2023-10-21|wild_avian|B3.6
682,303,0.173111459205646,-112.596907741948,46.3117135105624,-120.474817323395,42.9262843310165,1.24796555103271,1.07485409182707,2023.62962826682,2023.80273972603,EPI_ISL_19175582|A/American_wigeon/Oregon/23-032795-007/2023|H5N1|USA-OR|2023-10-21|wild_avian|B3.6
657,416,0.138513347348498,-94.082326435259,32.9018372374154,-93.6645380145443,41.23240490181,1.24796555103271,1.10945220368421,2023.66422637868,2023.80273972603,EPI_ISL_19159890|A/green-winged_teal/Iowa/23-032693-002/2023|H5N1|USA-IA|2023-10-21|wild_avian|B3.6
818,316,0.286138757844735,-105.490257031987,44.8484807661829,-122.152479098026,38.7917503432765,1.2507052770603,0.964566519215563,2023.51934069421,2023.80547945205,EPI_ISL_19175590|A/American_wigeon/California/23-032991-005/2023|H5N1|USA-CA|2023-10-22|wild_avian|B3.6
623,423,0.250114081682862,-100.77089228961,47.6546090264998,-94.543562170252,41.7737340760269,1.2507052770603,1.00059119537744,2023.55536537037,2023.80547945205,EPI_ISL_18697724|A/chicken/Iowa/23-032138-001/2023|H5N1|USA-IA|2023-10-22|domestic_avian|B3.6
559,480,0.245614932474585,-102.810759217362,42.9110926245306,-96.8550585811044,19.9428796215303,1.2507052770603,1.00509034458571,2023.55986451958,2023.80547945205,GenBank|A/Aves/Veracruz/CPA-18079-23/2023|H5N1|Mexico-Veracruz|2023-10-22|wild_avian|B3.6
563,483,0.158840847823443,-99.2794758891773,45.7259933411679,-105.444543980163,49.0329599265753,1.2507052770603,1.09186442923685,2023.64663860423,2023.80547945205,GenBank|A/Canada_Goose/SK/FAV-0187-5-2024/2023|H5N1|Canada-SK|2023-10-22|wild_avian|B3.6
697,247,0.147319668121634,-117.501054583675,37.6420953045403,-122.273727338971,38.881806140373,1.2507052770603,1.10338560893866,2023.65815978393,2023.80547945205,EPI_ISL_19175591|A/American_wigeon/California/23-032991-008/2023|H5N1|USA-CA|2023-10-22|wild_avian|B3.6
861,10,0.144391069229477,-121.511927254295,38.9150409665286,-121.644412039574,38.665481491116,1.2507052770603,1.10631420783082,2023.66108838283,2023.80547945205,EPI_ISL_19186547|A/green-winged_teal/California/23-032991-030/2023|H5N1|USA-CA|2023-10-22|wild_avian|B3.6
975,88,0.138248219456609,-96.7175985058591,49.9645236000588,-97.5912360846386,45.0566224771399,1.2507052770603,1.11245705760369,2023.6672312326,2023.80547945205,EPI_ISL_18697738|A/turkey/South_Dakota/23-032354-001/2023|H5N1|USA-SD|2023-10-22|domestic_avian|B3.6
871,19,0.137554842967889,-124.250558232961,44.472095435599,-121.974796289502,38.5772395432705,1.2507052770603,1.11315043409241,2023.66792460909,2023.80547945205,EPI_ISL_19186546|A/northern_shoveler/California/23-032991-016/2023|H5N1|USA-CA|2023-10-22|wild_avian|B3.6
889,40,0.131892182999692,-98.0625183243285,44.6188184152842,-94.507865405672,42.7705274922507,1.2507052770603,1.1188130940606,2023.67358726906,2023.80547945205,EPI_ISL_18697726|A/turkey/Iowa/23-032139-001/2023|H5N1|USA-IA|2023-10-22|domestic_avian|B3.6
931,932,0.252837038331084,-100.227148436472,47.5221885428183,-90.7574154111743,29.5151126460768,1.25163467735903,0.998797639027944,2023.55357181402,2023.80640885235,NA
919,149,0.164357598619237,-93.3444581839673,45.3273355206004,-93.5525916402362,45.5698533417225,1.25344500308765,1.08908740446842,2023.64386157946,2023.80821917808,EPI_ISL_19159889|A/redhead_duck/Minnesota/23-032692-005/2023|H5N1|USA-MN|2023-10-23|wild_avian|B3.6
577,488,0.141583084514398,-97.8580187635476,45.4076772346314,-94.673120624716,44.3782257342255,1.25344500308765,1.11186191857326,2023.66663609357,2023.80821917808,EPI_ISL_18697746|A/chicken/Minnesota/23-032411-001/2023|H5N1|USA-MN|2023-10-23|domestic_avian|B3.6
718,263,0.250848386892189,-108.636928236094,44.9913041184965,-97.8653382786779,43.7403057981695,1.25618472911501,1.00533634222282,2023.56011051722,2023.81095890411,EPI_ISL_18697742|A/turkey/South_Dakota/23-032362-001/2023|H5N1|USA-SD|2023-10-24|domestic_avian|B3.6
966,114,0.228557893914875,-97.9575239507583,45.2514990106204,-110.917491328576,32.1373291588546,1.25618472911501,1.02762683520014,2023.58240101019,2023.81095890411,EPI_ISL_18698945|A/king_vulture/Arizona/23-033233-001/2023|H5N1|USA-AZ|2023-10-24|wild_avian|B3.6
977,100,0.209834322329611,-90.7178504542184,38.7704498272811,-89.5121824257657,42.1893582319123,1.25618472911501,1.0463504067854,2023.60112458178,2023.81095890411,EPI_ISL_19194242|A/pintail/Illinois/23-033982-003/2023|H5N1|USA-IL|2023-10-24|wild_avian|B3.6
781,345,0.258043390127273,-112.486209137931,49.8976423294866,-109.043779694957,27.5921432235695,1.25892445514237,1.0008810650151,2023.55565524001,2023.81369863014,GenBank|A/Gallus_gallus_domesticus/Sonora/CPA-18486-23/2023|H5N1|Mexico-Sonora|2023-10-25|domestic_avian|B3.6
844,455,0.253994806968208,-117.152960724248,47.3418870139281,-119.094434599277,47.9051966719243,1.25892445514237,1.00492964817416,2023.55970382317,2023.81369863014,EPI_ISL_19194233|A/mallard/Washington/23-033638-008/2023|H5N1|USA-WA|2023-10-25|wild_avian|B3.6
995,172,0.227202226751901,-106.417952061772,42.7288457182961,-122.109051530333,38.7615330496357,1.25892445514237,1.03172222839047,2023.58649640339,2023.81369863014,EPI_ISL_19239876|A/American_wigeon/California/23-034302-009-original/2023|H5N1|USA-CA|2023-10-25|wild_avian|B3.6
949,132,0.219090968349993,-98.7761846798589,37.1771944619239,-122.06276957451,38.6120624104222,1.25892445514237,1.03983348679238,2023.59460766179,2023.81369863014,EPI_ISL_19239877|A/green-winged_teal/California/23-034302-012-original/2023|H5N1|USA-CA|2023-10-25|wild_avian|B3.6
862,18,0.15192548964779,-121.014817919073,38.9097048074623,-121.301833165197,39.74958347662,1.25892445514237,1.10699896549458,2023.66177314049,2023.81369863014,EPI_ISL_19224077|A/pintail/California/23-034302-003-original/2023|H5N1|USA-CA|2023-10-25|wild_avian|B3.6
869,8,0.128444375091835,-120.243979633966,38.7059331764447,-121.833339749767,38.8927680142728,1.25892445514237,1.13048008005053,2023.68525425505,2023.81369863014,EPI_ISL_19239879|A/northern_shoveler/California/23-034302-025-original/2023|H5N1|USA-CA|2023-10-25|wild_avian|B3.6
1050,169,0.128027407481088,-96.5205393421928,45.4076469864097,-95.6395363897648,51.6392759338839,1.25892445514237,1.13089704766128,2023.68567122266,2023.81369863014,GenBank|A/Mallard/MB/FAV-0436-33-2023/2023|H5N1|Canada-MB|2023-10-25|wild_avian|B3.6
585,392,0.259483075396612,-106.82099096137,46.8042237477479,-110.991361222727,52.2061249621489,1.26166418116973,1.00218110577311,2023.55695528077,2023.81643835616,GenBank|A/Snow_Goose/AB/FAV-0026-15-2024/2023|H5N1|Canada-AB|2023-10-26|wild_avian|B3.6
782,335,0.259110211019584,-112.367524650326,49.9554674879389,-113.206840500454,53.7682060105011,1.26166418116973,1.00255397015014,2023.55732814514,2023.81643835616,GenBank|A/Canada_Goose/AB/FAV-0026-5-2024/2023|H5N1|Canada-AB|2023-10-26|wild_avian|B3.6
694,275,0.258720233740738,-110.548176462271,45.5557792585712,-110.562642959164,58.0759470311752,1.26166418116973,1.00294394742899,2023.55771812242,2023.81643835616,GenBank|A/Great_Horned_Owl/AB/FAV-0026-3-2024/2023|H5N1|Canada-AB|2023-10-26|wild_avian|B3.6
543,512,0.257871790042267,-108.214821109547,45.3281411271531,-116.5962518894,51.892450506344,1.26166418116973,1.00379239112746,2023.55856656612,2023.81643835616,GenBank|A/Trumpeter_Swan/AB/FAV-0026-18-2024/2023|H5N1|Canada-AB|2023-10-26|wild_avian|B3.6
815,354,0.25779957061037,-113.01700396904,49.8027975980025,-114.931950722557,54.9091026735984,1.26166418116973,1.00386461055936,2023.55863878555,2023.81643835616,GenBank|A/Canada_Goose/AB/FAV-0026-10-2024/2023|H5N1|Canada-AB|2023-10-26|wild_avian|B3.6
937,147,0.251641255948211,-96.597846699776,46.6662125260337,-101.218553610814,20.8696557980414,1.26166418116973,1.01002292522152,2023.56479710022,2023.81643835616,GenBank|A/Aves/Guanajuato/CPA-18539-23/2023|H5N1|Mexico-Guanajuato|2023-10-26|wild_avian|B3.6
720,280,0.245372593034654,-109.912315273359,49.834560369653,-111.350878652515,50.0266560030881,1.26166418116973,1.01629158813507,2023.57106576313,2023.81643835616,GenBank|A/Canada_Goose/AB/FAV-0026-13-2024/2023|H5N1|Canada-AB|2023-10-26|wild_avian|B3.6
595,389,0.218421893387474,-118.612435474516,50.8082364724226,-117.398743983256,53.4832905631252,1.26166418116973,1.04324228778225,2023.59801646278,2023.81643835616,GenBank|A/Snow_Goose/AB/FAV-0026-16-2024/2023|H5N1|Canada-AB|2023-10-26|wild_avian|B3.6
719,267,0.210594124594311,-108.979334099216,45.1852100671306,-110.776180378506,56.0122202395195,1.26166418116973,1.05107005657542,2023.60584423157,2023.81643835616,GenBank|A/Canada_Goose/AB/FAV-0026-12-2024/2023|H5N1|Canada-AB|2023-10-26|wild_avian|B3.6
705,255,0.205916782956587,-110.026645623954,45.3600871456656,-115.477822876446,50.9694677522969,1.26166418116973,1.05574739821314,2023.61052157321,2023.81643835616,GenBank|A/Striped_Skunk/AB/FAV-0024-1-2024/2023|H5N1|Canada-AB|2023-10-26|other_mammal|B3.6
669,405,0.18349964235652,-97.3907112926578,47.6970547937588,-117.35529684281,56.4147486602285,1.26166418116973,1.07816453881321,2023.63293871381,2023.81643835616,GenBank|A/Peregrine_Falcon/AB/FAV-0026-2-2024/2023|H5N1|Canada-AB|2023-10-26|wild_avian|B3.6
955,123,0.133441705922004,-105.412484591056,49.5188760046763,-111.555545833001,53.4206963820261,1.26166418116973,1.12822247524772,2023.68299665024,2023.81643835616,GenBank|A/Canada_Goose/AB/FAV-0026-8-2024/2023|H5N1|Canada-AB|2023-10-26|wild_avian|B3.6
1047,1048,0.193184778130526,-108.400001157593,43.0625799935292,-92.2792413437479,30.9043426816759,1.26373041359441,1.07054563546389,2023.62531981046,2023.81850458859,NA
943,139,0.21968371586953,-101.084110844352,43.155157525027,-93.3884517117593,41.2074582480603,1.26440390719708,1.04472019132755,2023.59949436632,2023.81917808219,EPI_ISL_19224068|A/green-winged_teal/Iowa/23-034037-002-original/2023|H5N1|USA-IA|2023-10-27|wild_avian|B3.6
773,235,0.217437762767184,-103.549510864603,40.6086002257136,-114.813007986113,43.7218575594986,1.26440390719708,1.0469661444299,2023.60174031942,2023.81917808219,EPI_ISL_18698985|A/gyrfalcon/Idaho/23-034082-001/2023|H5N1|USA-ID|2023-10-27|wild_avian|B3.6
609,384,0.185429615925343,-94.4610036450746,45.1778393746986,-94.4360112495945,45.2111937192142,1.26440390719708,1.07897429127174,2023.63374846627,2023.81917808219,EPI_ISL_18698956|A/turkey/Minnesota/23-033106-001/2023|H5N1|USA-MN|2023-10-27|domestic_avian|B3.6
812,351,0.168464343505344,-97.7676430005228,41.6945860296049,-93.6699955778943,41.3173708224643,1.26440390719708,1.09593956369174,2023.65071373869,2023.81917808219,EPI_ISL_19210880|A/green-winged_teal/Iowa/23-034037-001-original/2023|H5N1|USA-IA|2023-10-27|wild_avian|B3.6
852,471,0.163980629191997,-96.5494793651847,44.1783869423849,-93.382931531135,41.2142956735461,1.26440390719708,1.10042327800509,2023.655197453,2023.81917808219,EPI_ISL_19224069|A/mallard/Iowa/23-034037-004-original/2023|H5N1|USA-IA|2023-10-27|wild_avian|B3.6
927,196,0.133543764501882,-96.252386239594,43.4857160556723,-95.5423489673886,35.9976496320901,1.26440390719708,1.1308601426952,2023.68563431769,2023.81917808219,EPI_ISL_18698952|A/chicken/Oklahoma/23-033090-001/2023|H5N1|USA-OK|2023-10-27|domestic_avian|B3.6
932,4,0.0127692298380571,-90.7574154111743,29.5151126460768,-93.0048356281439,29.8575293524657,1.26440390719708,1.25163467735903,2023.80640885235,2023.81917808219,EPI_ISL_19064389|A/greater_white-fronted_goose/Louisiana/W23-857B/2023|H5N1|USA-LA|2023-10-27|wild_avian|B3.6
932,5,0.0127692298380571,-90.7574154111743,29.5151126460768,-91.5835475276242,30.648177649878,1.26440390719708,1.25163467735903,2023.80640885235,2023.81917808219,EPI_ISL_18914306|A/greater_white-fronted_goose/Louisiana/23-034209-003/2023|H5N1|USA-LA|2023-10-27|wild_avian|B3.6
1048,59,0.000673493602671771,-92.2792413437479,30.9043426816759,-92.414645753815,31.498946279286,1.26440390719708,1.26373041359441,2023.81850458859,2023.81917808219,EPI_ISL_18914304|A/greater_white-fronted_goose/Louisiana/23-034209-001/2023|H5N1|USA-LA|2023-10-27|wild_avian|B3.6
1048,60,0.000673493602671771,-92.2792413437479,30.9043426816759,-92.7723666253316,29.8012636688486,1.26440390719708,1.26373041359441,2023.81850458859,2023.81917808219,EPI_ISL_19064390|A/greater_white-fronted_goose/Louisiana/W23-857A/2023|H5N1|USA-LA|2023-10-27|wild_avian|B3.6
637,638,0.0191242665263298,-100.612315807904,48.1327166146033,-101.71910184298,47.0098145832282,1.26534871709802,1.24622445057169,2023.80099862557,2023.82012289209,NA
921,924,0.101168046185605,-95.5700989893026,48.3907659646442,-93.4506973715126,48.0620341424267,1.26560534295602,1.16443729677041,2023.71921147176,2023.82037951795,NA
937,146,0.257120708003153,-96.597846699776,46.6662125260337,-90.1465069326154,38.6923891349704,1.26714363322467,1.01002292522152,2023.56479710022,2023.82191780822,EPI_ISL_19210878|A/wood_duck/Illinois/23-033983-015-original/2023|H5N1|USA-IL|2023-10-28|wild_avian|B3.6
925,197,0.250474125358461,-100.856297817651,46.1911732458013,-113.184810887435,47.9056342380634,1.26714363322467,1.01666950786621,2023.57144368286,2023.82191780822,EPI_ISL_19660883|A/snow_goose/Montana/23-036870-001-original/2023|H5N1|USA-MT|2023-10-28|wild_avian|B3.6
944,199,0.201336984095654,-100.520993637121,44.5219429510406,-97.9862636115277,44.286568535194,1.26714363322467,1.06580664912901,2023.62058082412,2023.82191780822,EPI_ISL_18698955|A/turkey/South_Dakota/23-033096-002/2023|H5N1|USA-SD|2023-10-28|domestic_avian|B3.6
722,285,0.19493520544532,-96.2250806206293,46.2436607719092,-97.9789273857192,44.1362835327466,1.26714363322467,1.07220842777935,2023.62698260277,2023.82191780822,EPI_ISL_19210871|A/American_wigeon/South_Dakota/23-033792-006-original/2023|H5N1|USA-SD|2023-10-28|wild_avian|B3.6
906,143,0.0305571148516963,-88.8810044792047,41.6587895844328,-90.1455978069238,38.7781449296905,1.26714363322467,1.23658651837297,2023.79136069337,2023.82191780822,EPI_ISL_19210879|A/northern_shoveler/Illinois/23-033983-049-original/2023|H5N1|USA-IL|2023-10-28|wild_avian|B3.6
684,295,0.216582100425365,-110.30042198847,46.1677972445715,-90.1572228258614,38.9782346143803,1.26988335925203,1.05330125882666,2023.60807543382,2023.82465753425,EPI_ISL_19371779|A/green-winged_teal/Illinois/23-033978-005-original/2023|H5N1|USA-IL|2023-10-29|wild_avian|B3.6
817,356,0.191916437185393,-105.170396609178,48.7840019111933,-90.6823937760608,39.0718429448973,1.26988335925203,1.07796692206663,2023.63274109706,2023.82465753425,EPI_ISL_19210875|A/gadwall/Illinois/23-033982-067-original/2023|H5N1|USA-IL|2023-10-29|wild_avian|B3.6
811,350,0.191903085714616,-99.2639649480088,41.7249076625236,-90.6814033080848,39.1545997538799,1.26988335925203,1.07798027353741,2023.63275444853,2023.82465753425,EPI_ISL_19210876|A/gadwall/Illinois/23-033982-069-original/2023|H5N1|USA-IL|2023-10-29|wild_avian|B3.6
920,155,0.150162333760311,-93.7299452911357,45.3981752388893,-88.8690838862109,39.7676762932603,1.26988335925203,1.11972102549172,2023.67449520049,2023.82465753425,EPI_ISL_19210873|A/green-winged_teal/Illinois/23-033982-037-original/2023|H5N1|USA-IL|2023-10-29|wild_avian|B3.6
1000,56,0.137831387737492,-87.762058942935,43.5204442949588,-88.3773602134672,42.4889327022701,1.26988335925203,1.13205197151453,2023.68682614651,2023.82465753425,EPI_ISL_19210874|A/mallard/Illinois/23-033982-047-original/2023|H5N1|USA-IL|2023-10-29|wild_avian|B3.6
813,358,0.269592924008263,-109.315951483333,47.4971774810176,-93.7819789057114,36.1229950820118,1.27262308527938,1.00303016127112,2023.55780433627,2023.82739726027,EPI_ISL_18698960|A/chicken/Arkansas/23-033113-002/2023|H5N1|USA-AR|2023-10-30|domestic_avian|B3.6
831,477,0.257294419820552,-117.100896202024,54.1748790167878,-105.777823677873,41.6640170126632,1.27262308527938,1.01532866545883,2023.57010284045,2023.82739726027,EPI_ISL_19194240|A/American_wigeon/Wyoming/23-033721-004/2023|H5N1|USA-WY|2023-10-30|wild_avian|B3.6
771,232,0.225279229121007,-96.6266586067438,42.5099176161122,-95.3474056726247,42.6246613727626,1.27262308527938,1.04734385615838,2023.60211803115,2023.82739726027,EPI_ISL_18698946|A/turkey/Iowa/23-033286-001/2023|H5N1|USA-IA|2023-10-30|domestic_avian|B3.6
1034,73,0.195546902228454,-88.3161245973345,40.5766708808686,-99.2407756037383,56.3605009616247,1.27262308527938,1.07707618305093,2023.63185035805,2023.82739726027,GenBank|A/Canada_Goose/MB/FAV-0329-3-2023/2023|H5N1|Canada-MB|2023-10-30|wild_avian|B3.6
796,331,0.193785601876314,-112.490217836711,52.8033896274453,-114.328776330945,53.3893774952315,1.27262308527938,1.07883748340307,2023.6336116584,2023.82739726027,GenBank|A/Canada_Goose/AB/FAV-0027-2-2024/2023|H5N1|Canada-AB|2023-10-30|wild_avian|B3.6
569,493,0.150240755410705,-98.8497681790085,46.693078234281,-106.575512935666,53.112730472736,1.27262308527938,1.12238232986868,2023.67715650486,2023.82739726027,GenBank|A/Turkey/SK/FAV-0325-2-2023/2023|H5N1|Canada-SK|2023-10-30|domestic_avian|B3.6
631,436,0.0793061829492847,-95.2161861368283,44.1949394830611,-95.2878407009956,43.064399827304,1.27262308527938,1.1933169023301,2023.74809107732,2023.82739726027,EPI_ISL_18698970|A/mallard/Iowa/23-033661-002/2023|H5N1|USA-IA|2023-10-30|wild_avian|B3.6
863,864,0.152274548884388,-120.318854257636,39.1336002291603,-116.627879533818,35.0191626813716,1.27332487044691,1.12105032156252,2023.67582449656,2023.82809904544,NA
1047,61,0.204817175842855,-108.400001157593,43.0625799935292,-97.9908055567833,35.0405615417689,1.27536281130674,1.07054563546389,2023.62531981046,2023.8301369863,EPI_ISL_18698950|A/guinea_fowl/Oklahoma/23-033516-001/2023|H5N1|USA-OK|2023-10-31|domestic_avian|B3.6
1015,189,0.200618785744147,-92.7993609281214,43.5732957241073,-93.8895275425194,44.987908057027,1.27536281130674,1.07474402556259,2023.62951820056,2023.8301369863,EPI_ISL_18698972|A/chicken/Minnesota/23-033671-001/2023|H5N1|USA-MN|2023-10-31|domestic_avian|B3.6
567,491,0.183283913081675,-100.040965793056,48.4608856315351,-103.255852240669,59.2351518144888,1.27536281130674,1.09207889822507,2023.64685307322,2023.8301369863,GenBank|A/Domestic_bird/SK/FAV-0327-2-2023/2023|H5N1|Canada-SK|2023-10-31|domestic_avian|B3.6
699,248,0.160410205509363,-119.394314017835,38.4101459370591,-114.927300101478,34.7633480669862,1.27536281130674,1.11495260579738,2023.66972678079,2023.8301369863,EPI_ISL_18914315|A/greater_white-fronted_goose/California/23-034300-001/2023|H5N1|USA-CA|2023-10-31|wild_avian|B3.6
638,430,0.0100140942087237,-101.71910184298,47.0098145832282,-104.051462408153,51.4958934914605,1.27536281130674,1.26534871709802,2023.82012289209,2023.8301369863,GenBank|A/chicken/SK/FAV-0328-1-2023/2023|H5N1|Canada-SK|2023-10-31|domestic_avian|B3.6
908,910,0.207239279441334,-91.5501907552409,45.1746450267433,-85.0920487582409,44.6377346897672,1.27594030722767,1.06870102778633,2023.62347520278,2023.83071448222,NA
956,957,0.202807774026592,-111.228928692751,50.191892320382,-121.927482687716,39.4720229783874,1.27795428109795,1.07514650707135,2023.62992068207,2023.83272845609,NA
711,272,0.274021254265095,-111.339760397908,45.1674252703906,-117.563632829519,36.9423650067108,1.2781025373341,1.004081283069,2023.55885545806,2023.83287671233,EPI_ISL_18914311|A/peregrine_falcon/California/23-034297-001/2023|H5N1|USA-CA|2023-11-01|wild_avian|B3.6
846,467,0.265583551030345,-112.326988886269,49.4921643722596,-87.4143919464231,41.5493077530765,1.2781025373341,1.01251898630375,2023.5672931613,2023.83287671233,EPI_ISL_19660956|A/mallard/Indiana/23-034359-010-original/2023|H5N1|USA-IN|2023-11-01|wild_avian|B3.6
596,390,0.227227424656261,-121.718874392896,51.2956484187097,-124.000870447385,41.9829682103529,1.2781025373341,1.05087511267784,2023.60564928767,2023.83287671233,EPI_ISL_19660850|A/wild_duck/California/23-035717-001-original/2023|H5N1|USA-CA|2023-11-01|wild_avian|B3.6
791,339,0.151084980801727,-120.841480079127,43.8674774942055,-121.551189977448,43.4976355992167,1.2781025373341,1.12701755653237,2023.68179173153,2023.83287671233,EPI_ISL_19660944|A/cackling_goose/Oregon/23-034181-001-original/2023|H5N1|USA-OR|2023-11-01|wild_avian|B3.6
903,26,0.128331628146156,-85.7463003743779,40.6972235790119,-97.1951582080801,37.5776120884624,1.2781025373341,1.14977090918794,2023.70454508418,2023.83287671233,EPI_ISL_19288878|A/wood_duck/Kansas/23-034999-001-original/2023|H5N1|USA-KS|2023-11-01|wild_avian|B3.6
924,153,0.0124971943780821,-93.4506973715126,48.0620341424267,-96.0542961542343,49.6096615555537,1.2781025373341,1.26560534295602,2023.82037951795,2023.83287671233,GenBank|A/Canada_Goose/MB/FAV-0329-4-2023/2023|H5N1|Canada-MB|2023-11-01|wild_avian|B3.6
879,133,0.278293790348575,-102.720257451669,46.4473821235807,-99.252662444815,47.7833585356351,1.28084226336146,1.00254847301288,2023.55732264801,2023.83561643836,EPI_ISL_19260823|A/mallard/North_Dakota/23-034422-006-original/2023|H5N1|USA-ND|2023-11-02|wild_avian|B3.6
775,210,0.241180362633893,-102.627217214856,40.9354416776178,-98.5191076185691,47.37208433625,1.28084226336146,1.03966190072756,2023.59443607572,2023.83561643836,EPI_ISL_19371781|A/mallard/North_Dakota/23-034416-006-original/2023|H5N1|USA-ND|2023-11-02|wild_avian|B3.6
771,231,0.233498407203079,-96.6266586067438,42.5099176161122,-93.5812182634173,42.5418759826535,1.28084226336146,1.04734385615838,2023.60211803115,2023.83561643836,EPI_ISL_18698978|A/chicken/Iowa/23-033841-002/2023|H5N1|USA-IA|2023-11-02|domestic_avian|B3.6
956,118,0.205695756290102,-111.228928692751,50.191892320382,-101.241996246686,48.739316756601,1.28084226336146,1.07514650707135,2023.62992068207,2023.83561643836,EPI_ISL_19260819|A/mallard/North_Dakota/23-034416-008-original/2023|H5N1|USA-ND|2023-11-02|wild_avian|B3.6
1014,180,0.181855851001985,-98.4894236809506,44.9227245901581,-99.5015671083538,45.7209339481326,1.28084226336146,1.09898641235947,2023.65376058735,2023.83561643836,EPI_ISL_18698967|A/turkey/South_Dakota/23-033623-002/2023|H5N1|USA-SD|2023-11-02|domestic_avian|B3.6
1026,63,0.150857198274944,-103.135766214635,45.4947329708769,-102.772855886039,46.0273768655461,1.28084226336146,1.12998506508651,2023.68475924008,2023.83561643836,EPI_ISL_19260821|A/mallard/North_Dakota/23-034421-008-original/2023|H5N1|USA-ND|2023-11-02|wild_avian|B3.6
1015,1016,0.206513348369113,-92.7993609281214,43.5732957241073,-95.9074767234982,46.2130560825125,1.28125737393171,1.07474402556259,2023.62951820056,2023.83603154893,NA
819,311,0.304306395388916,-115.144533493417,50.1307012868976,-100.70325206268,46.0894499259478,1.28358198938904,0.979275594000125,2023.53404976899,2023.83835616438,EPI_ISL_19273315|A/mallard/North_Dakota/23-034423-014-original/2023|H5N1|USA-ND|2023-11-03|wild_avian|B3.6
974,87,0.246521586652659,-97.7928276631576,49.5302550632746,-117.590655745151,49.2120723021882,1.28358198938904,1.03706040273638,2023.59183457773,2023.83835616438,GenBank|A/chicken/BC/FAV-0346-2-2023/2023|H5N1|Canada-BC|2023-11-03|domestic_avian|B3.6
681,302,0.228973111134647,-113.083978329743,46.343147084851,-115.166780771469,49.0157005731877,1.28358198938904,1.05460887825439,2023.60938305325,2023.83835616438,GenBank|A/American_Wigeon/BC/FAV-0432-13-2023/2023|H5N1|Canada-BC|2023-11-03|wild_avian|B3.6
968,116,0.219367170872472,-98.539020461379,46.9045230486086,-99.2203548598406,46.1439349234099,1.28358198938904,1.06421481851657,2023.61898899351,2023.83835616438,EPI_ISL_19273314|A/mallard/North_Dakota/23-034423-011-original/2023|H5N1|USA-ND|2023-11-03|wild_avian|B3.6
962,128,0.209714926597675,-87.9822898701575,38.9860210765512,-86.4894037770712,41.2516924720716,1.28358198938904,1.07386706279137,2023.62864123779,2023.83835616438,EPI_ISL_19273321|A/green-winged_teal/Indiana/23-034643-006-original/2023|H5N1|USA-IN|2023-11-03|wild_avian|B3.6
1025,84,0.199225101296669,-103.587790938536,48.967564206198,-102.734957621388,48.2662451113583,1.28358198938904,1.08435688809237,2023.63913106309,2023.83835616438,EPI_ISL_19490399|A/mallard/North_Dakota/23-034424-002-original/2023|H5N1|USA-ND|2023-11-03|wild_avian|B3.6
909,159,0.157675853639388,-93.4093713605492,46.9237204882237,-94.6707384718233,42.4146835860852,1.28358198938904,1.12590613574965,2023.68068031074,2023.83835616438,EPI_ISL_19560379|A/green-winged_teal/Iowa/23-039013-005-original/2023|H5N1|USA-IA|2023-11-03|wild_avian|B3.6
823,315,0.282735786527623,-115.135514954235,48.9527439013574,-122.648758568267,41.9237624124527,1.2863217154164,1.00358592888877,2023.55836010388,2023.84109589041,EPI_ISL_19288886|A/green-winged_teal/California/23-036804-011-original/2023|H5N1|USA-CA|2023-11-04|wild_avian|B3.6
951,179,0.281597972671417,-105.15810201738,45.5381060078318,-128.71697912108,57.1427032136572,1.2863217154164,1.00472374274498,2023.55949791774,2023.84109589041,GenBank|A/Turkey/BC/FAV-0334-1-2023/2023|H5N1|Canada-BC|2023-11-04|domestic_avian|B3.6
949,192,0.246488228624021,-98.7761846798589,37.1771944619239,-95.095910712396,37.4688968454789,1.2863217154164,1.03983348679238,2023.59460766179,2023.84109589041,EPI_ISL_19288881|A/green-winged_teal/Kansas/23-035001-003-original/2023|H5N1|USA-KS|2023-11-04|wild_avian|B3.6
797,324,0.181233654530562,-118.257476011745,49.0729126552802,-114.977662566528,34.8124726560154,1.2863217154164,1.10508806088584,2023.65986223588,2023.84109589041,EPI_ISL_19288888|A/green-winged_teal/California/23-036805-003-original/2023|H5N1|USA-CA|2023-11-04|wild_avian|B3.6
957,119,0.00836743431845166,-121.927482687716,39.4720229783874,-122.125418640197,39.5701664635887,1.2863217154164,1.27795428109795,2023.83272845609,2023.84109589041,EPI_ISL_19288887|A/American_wigeon/California/23-036805-001-original/2023|H5N1|USA-CA|2023-11-04|wild_avian|B3.6
957,120,0.00836743431845166,-121.927482687716,39.4720229783874,-122.196049332822,39.6129253569435,1.2863217154164,1.27795428109795,2023.83272845609,2023.84109589041,EPI_ISL_19371787|A/mallard/California/23-036805-002-original/2023|H5N1|USA-CA|2023-11-04|wild_avian|B3.6
804,346,0.288974995540971,-110.465210389139,48.5723911269065,-110.914947668804,51.4939899628002,1.28906144144376,1.00008644590278,2023.5548606209,2023.84383561644,GenBank|A/chicken/AB/FAV-0029-1-2024/2023|H5N1|Canada-AB|2023-11-05|domestic_avian|B3.6
608,382,0.248584958663172,-89.9306320892435,41.874418637587,-93.6919053399355,53.650168524011,1.28906144144376,1.04047648278058,2023.59525065778,2023.84383561644,GenBank|A/Trumpeter_Swan/ON/FAV-0457-3-2023/2023|H5N1|Canada-ON|2023-11-05|wild_avian|B3.6
1031,69,0.219120423562559,-96.9004588321638,40.8933499478924,-99.4754013921434,38.5023028533964,1.28906144144376,1.0699410178812,2023.62471519288,2023.84383561644,EPI_ISL_19288879|A/green-winged_teal/Kansas/23-035000-006-original/2023|H5N1|USA-KS|2023-11-05|wild_avian|B3.6
682,300,0.214207349616688,-112.596907741948,46.3117135105624,-119.757192653301,45.2974032405177,1.28906144144376,1.07485409182707,2023.62962826682,2023.84383561644,EPI_ISL_19325221|A/American_wigeon/Oregon/23-035568-002-original/2023|H5N1|USA-OR|2023-11-05|wild_avian|B3.6
769,206,0.160817815845541,-100.858888540114,39.4700922549312,-105.54046586718,37.6207140073877,1.28906144144376,1.12824362559821,2023.68301780059,2023.84383561644,EPI_ISL_19224070|A/American_wigeon/Colorado/23-034259-003-original/2023|H5N1|USA-CO|2023-11-05|wild_avian|B3.6
710,273,0.289573272531112,-111.338556598072,45.1527773389965,-105.426727768659,39.7148115330808,1.29180116747111,1.00222789494,2023.55700206993,2023.84657534247,EPI_ISL_19661008|A/Canada_goose/Colorado/23-035011-001-original/2023|H5N1|USA-CO|2023-11-06|wild_avian|B3.6
689,299,0.256759023818514,-113.008455846454,48.9844433147291,-114.681425246725,49.1038572012206,1.29180116747111,1.0350421436526,2023.58981631865,2023.84657534247,GenBank|A/American_Wigeon/BC/FAV-0432-9-2023/2023|H5N1|Canada-BC|2023-11-06|wild_avian|B3.6
729,241,0.219693856969435,-108.753436191803,48.6302767014873,-105.400859261739,49.8375230716626,1.29180116747111,1.07210731050168,2023.6268814855,2023.84657534247,GenBank|A/chicken/SK/FAV-0378-1-2023/2023|H5N1|Canada-SK|2023-11-06|domestic_avian|B3.6
652,359,0.214624175325267,-104.165780876969,45.5909832354579,-96.6743975541797,32.366742754358,1.29180116747111,1.07717699214585,2023.63195116714,2023.84657534247,EPI_ISL_18749460|A/domestic_goose/Texas/23-034913-001/2023|H5N1|USA-TX|2023-11-06|domestic_avian|B3.6
870,21,0.207795234035498,-119.220185062299,42.9843188700339,-121.625278430705,44.2003280380846,1.29180116747111,1.08400593343561,2023.63878010843,2023.84657534247,EPI_ISL_18749457|A/chicken/Oregon/23-034934-001/2023|H5N1|USA-OR|2023-11-06|domestic_avian|B3.6
785,336,0.204729129166787,-124.951274347412,47.4609937312906,-122.58475035501,44.9653373193856,1.29180116747111,1.08707203830433,2023.6418462133,2023.84657534247,EPI_ISL_18749456|A/chicken/Oregon/23-034937-001/2023|H5N1|USA-OR|2023-11-06|domestic_avian|B3.6
975,89,0.179344109867425,-96.7175985058591,49.9645236000588,-109.934984595628,45.9614198391955,1.29180116747111,1.11245705760369,2023.6672312326,2023.84657534247,EPI_ISL_18698990|A/chicken/Montana/23-034345-002/2023|H5N1|USA-MT|2023-11-06|domestic_avian|B3.6
790,342,0.169594021433378,-120.592004919659,44.4861118975906,-120.316935471968,45.6945547145306,1.29180116747111,1.12220714603773,2023.67698132103,2023.84657534247,EPI_ISL_19660988|A/cackling_goose/Oregon/23-034939-001-original/2023|H5N1|USA-OR|2023-11-06|wild_avian|B3.6
791,337,0.164783610938742,-120.841480079127,43.8674774942055,-121.807160155153,45.9127524603508,1.29180116747111,1.12701755653237,2023.68179173153,2023.84657534247,EPI_ISL_18914322|A/Canada_goose/Washington/23-034450-001/2023|H5N1|USA-WA|2023-11-06|wild_avian|B3.6
708,289,0.159461228019985,-105.481800257139,39.673764708694,-111.513001564835,40.2040057361018,1.29180116747111,1.13233993945113,2023.68711411445,2023.84657534247,EPI_ISL_18698989|A/chicken/Utah/23-034218-001/2023|H5N1|USA-UT|2023-11-06|domestic_avian|B3.6
877,200,0.293099707280769,-103.226997255773,46.5916447970898,-109.766234182949,46.6703237774781,1.29454089349847,1.0014411862177,2023.55621536121,2023.84931506849,EPI_ISL_18698992|A/chicken/Montana/23-034346-005/2023|H5N1|USA-MT|2023-11-07|domestic_avian|B3.6
849,474,0.277334567987849,-114.927526316914,46.0679444418707,-111.884599507457,50.742141776626,1.29454089349847,1.01720632551062,2023.57198050051,2023.84931506849,GenBank|A/Black-Billed_Magpie/AB/FAV-0408-2-2023/2023|H5N1|Canada-AB|2023-11-07|wild_avian|B3.6
603,385,0.253504654268721,-117.420059899959,52.9830436385594,-119.071983487216,54.191845863568,1.29454089349847,1.04103623922975,2023.59581041422,2023.84931506849,GenBank|A/Canada_Goose/AB/FAV-0408-6-2023/2023|H5N1|Canada-AB|2023-11-07|wild_avian|B3.6
1018,182,0.231129632113233,-98.1150079373453,45.2739010042594,-112.715566135487,50.9996223328134,1.29454089349847,1.06341126138524,2023.61818543638,2023.84931506849,GenBank|A/Snow_Goose/AB/FAV-0408-13-2023/2023|H5N1|Canada-AB|2023-11-07|wild_avian|B3.6
1046,58,0.227220982819803,-108.772644298677,43.2071495542721,-99.3967905734423,45.8907792435532,1.29454089349847,1.06731991067867,2023.62209408567,2023.84931506849,EPI_ISL_18699005|A/turkey/South_Dakota/23-034372-002/2023|H5N1|USA-SD|2023-11-07|domestic_avian|B3.6
1034,74,0.21746471044754,-88.3161245973345,40.5766708808686,-92.8477011103892,41.1778495985565,1.29454089349847,1.07707618305093,2023.63185035805,2023.84931506849,EPI_ISL_19371785|A/Canada_goose/Iowa/23-035642-002-original/2023|H5N1|USA-IA|2023-11-07|wild_avian|B3.6
890,44,0.214318888626896,-92.0423198390096,41.9785649558898,-99.7207235969075,48.0954614838863,1.29454089349847,1.08022200487157,2023.63499617987,2023.84931506849,EPI_ISL_19661004|A/snow_goose/North_Dakota/23-035010-002-original/2023|H5N1|USA-ND|2023-11-07|wild_avian|B3.6
738,266,0.208026731381091,-115.518280721829,51.7476771803154,-113.163078580238,50.0470726863892,1.29454089349847,1.08651416211738,2023.64128833711,2023.84931506849,GenBank|A/Canada_Goose/AB/FAV-0408-7-2023/2023|H5N1|Canada-AB|2023-11-07|wild_avian|B3.6
876,130,0.207377134967902,-103.159389169232,49.1137996794848,-103.503176696306,48.7337742719399,1.29454089349847,1.08716375853057,2023.64193793353,2023.84931506849,EPI_ISL_19661018|A/mallard/North_Dakota/23-035118-004-original/2023|H5N1|USA-ND|2023-11-07|wild_avian|B3.6
812,349,0.19860132980673,-97.7676430005228,41.6945860296049,-97.0001908016513,45.4740137435965,1.29454089349847,1.09593956369174,2023.65071373869,2023.84931506849,EPI_ISL_18699001|A/turkey/South_Dakota/23-034369-001/2023|H5N1|USA-SD|2023-11-07|domestic_avian|B3.6
789,341,0.19605913496661,-120.604411286817,44.8575512545697,-124.197768497748,42.7534587945717,1.29454089349847,1.09848175853186,2023.65325593353,2023.84931506849,EPI_ISL_19660859|A/cackling_goose/Oregon/23-036199-001-original/2023|H5N1|USA-OR|2023-11-07|wild_avian|B3.6
734,277,0.186147113878668,-97.7587993838164,45.0591878007584,-100.841126984572,46.0498876578993,1.29454089349847,1.1083937796198,2023.66316795461,2023.84931506849,EPI_ISL_19661002|A/snow_goose/North_Dakota/23-035010-001-original/2023|H5N1|USA-ND|2023-11-07|wild_avian|B3.6
695,258,0.292843852938924,-109.851193308442,44.335791752375,-113.483751214614,33.4726137589896,1.29728061952606,1.00443676658713,2023.55921094158,2023.85205479452,EPI_ISL_19660832|A/osprey/Arizona/23-035586-001-original/2023|H5N1|USA-AZ|2023-11-08|wild_avian|B3.6
669,406,0.219116080712849,-97.3907112926578,47.6970547937588,-104.444608382693,47.1036267737717,1.29728061952606,1.07816453881321,2023.63293871381,2023.85205479452,EPI_ISL_18749466|A/red-tailed_hawk/Montana/23-034855-001/2023|H5N1|USA-MT|2023-11-08|wild_avian|B3.6
954,121,0.212664706343102,-111.345873585033,53.2130625758694,-111.674700021299,52.588495033383,1.29728061952606,1.08461591318295,2023.63939008818,2023.85205479452,GenBank|A/Blue_Jay/AB/FAV-0411-3-2023/2023|H5N1|Canada-AB|2023-11-08|wild_avian|B3.6
905,141,0.205117710587628,-93.7126281231286,44.8666206720643,-96.275144927815,38.7164604605239,1.29728061952606,1.09216290893843,2023.64693708393,2023.85205479452,EPI_ISL_19116112|A/red-tailed_hawk/Kansas/W23-889/2023|H5N1|USA-KS|2023-11-08|wild_avian|B3.6
1020,186,0.188029589091751,-95.5426046807714,43.6151592273153,-114.09142734151,53.7568986796426,1.29728061952606,1.1092510304343,2023.66402520543,2023.85205479452,GenBank|A/Blue_Jay/AB/FAV-0411-4-2023/2023|H5N1|Canada-AB|2023-11-08|wild_avian|B3.6
576,487,0.18787640131767,-98.4178818964717,45.5275751945995,-99.2677739532584,46.1278977032195,1.29728061952606,1.10940421820838,2023.6641783932,2023.85205479452,EPI_ISL_18833040|A/chicken/North_Dakota/23-034577-001/2023|H5N1|USA-ND|2023-11-08|domestic_avian|B3.6
672,403,0.183679401093468,-103.845218184796,47.5595600995763,-101.601961714626,51.5612562623164,1.29728061952606,1.11360121843259,2023.66837539343,2023.85205479452,GenBank|A/Canada_Goose/SK/FAV-0187-35-2024/2023|H5N1|Canada-SK|2023-11-08|wild_avian|B3.6
972,102,0.178432429671301,-100.340409632004,43.6209359395364,-92.5414122235281,36.1953616179072,1.29728061952606,1.11884818985475,2023.67362236485,2023.85205479452,EPI_ISL_19661000|A/Ross_s_goose/Arkansas/23-034986-001-original/2023|H5N1|USA-AR|2023-11-08|wild_avian|B3.6
972,101,0.178432429671301,-100.340409632004,43.6209359395364,-100.265078525806,43.3780708631531,1.29728061952606,1.11884818985475,2023.67362236485,2023.85205479452,EPI_ISL_19661010|A/snow_goose/South_Dakota/23-035080-001-original/2023|H5N1|USA-SD|2023-11-08|wild_avian|B3.6
888,42,0.167196934002724,-93.3207039699722,41.549564183296,-93.4227666953634,41.6546772501942,1.29728061952606,1.13008368552333,2023.68485786052,2023.85205479452,EPI_ISL_18749473|A/American_white_pelican/Iowa/23-034843-001/2023|H5N1|USA-IA|2023-11-08|wild_avian|B3.6
737,291,0.165340830978067,-102.923393922565,49.914077052098,-107.826755802148,49.5990919188968,1.29728061952606,1.13193978854799,2023.68671396354,2023.85205479452,GenBank|A/Canada_Goose/SK/FAV-0187-38-2024/2023|H5N1|Canada-SK|2023-11-08|wild_avian|B3.6
708,288,0.164940680074927,-105.481800257139,39.673764708694,-108.106688068503,38.5239465585491,1.29728061952606,1.13233993945113,2023.68711411445,2023.85205479452,EPI_ISL_18833042|A/chicken/Colorado/23-034666-001/2023|H5N1|USA-CO|2023-11-08|domestic_avian|B3.6
853,203,0.442680579177921,-103.230120106414,46.4995489741321,-112.686897050515,53.474367154675,1.30002034555341,0.857339766375492,2023.41211394137,2023.85479452055,GenBank|A/Canada_Goose/AB/FAV-0410-1-2023/2023|H5N1|Canada-AB|2023-11-09|wild_avian|B3.6
674,260,0.427066719152776,-110.972443984929,46.8773187279038,-111.427863012763,53.8911823104753,1.30002034555341,0.872953626400636,2023.4277278014,2023.85479452055,GenBank|A/Canada_Goose/AB/FAV-0410-2-2023/2023|H5N1|Canada-AB|2023-11-09|wild_avian|B3.6
884,25,0.261728625156407,-92.8802760314434,43.4398710401329,-80.8937598167049,45.5531096646914,1.30002034555341,1.03829172039701,2023.59306589539,2023.85479452055,GenBank|A/Northern_Shoveler/ON/FAV-0390-53-2023/2023|H5N1|Canada-ON|2023-11-09|wild_avian|B3.6
719,268,0.248950288977997,-108.979334099216,45.1852100671306,-111.990462862168,43.450157339521,1.30002034555341,1.05107005657542,2023.60584423157,2023.85479452055,EPI_ISL_18914328|A/chicken/Idaho/23-034565-002/2023|H5N1|USA-ID|2023-11-09|domestic_avian|B3.6
751,211,0.245353828673182,-104.026476438055,44.8283810904214,-93.156461750402,40.494847879399,1.30002034555341,1.05466651688023,2023.60944069187,2023.85479452055,EPI_ISL_19660838|A/wild_duck/Missouri/23-035628-003-original/2023|H5N1|USA-MO|2023-11-09|wild_avian|B3.6
788,340,0.222185973822115,-124.234614047646,47.0283644703528,-122.087779028844,43.1253196158566,1.30002034555341,1.0778343717313,2023.63260854673,2023.85479452055,EPI_ISL_19660856|A/Canada_goose/Oregon/23-036197-001-original/2023|H5N1|USA-OR|2023-11-09|wild_avian|B3.6
573,497,0.202626249340704,-98.6929004287984,45.7059945514389,-94.5593732137056,40.7402729491062,1.30002034555341,1.09739409621271,2023.65216827121,2023.85479452055,EPI_ISL_18749475|A/chicken/Iowa/23-034842-002/2023|H5N1|USA-IA|2023-11-09|domestic_avian|B3.6
1041,67,0.195703897276706,-93.8145208373148,41.2597598649524,-93.5045028951227,40.433985105414,1.30002034555341,1.10431644827671,2023.65909062327,2023.85479452055,EPI_ISL_19660834|A/snow_goose/Missouri/23-035628-001-original/2023|H5N1|USA-MO|2023-11-09|wild_avian|B3.6
893,894,0.189261821507692,-88.6288135541734,42.090246927012,-83.3431971171562,39.9314169374736,1.30209225389247,1.11283043238478,2023.66760460738,2023.85686642889,NA
894,895,1.452312823913e-05,-83.3431971171562,39.9314169374736,-83.3306079770848,39.9168671227827,1.30210677702071,1.30209225389247,2023.85686642889,2023.85688095202,NA
667,408,0.294767908386759,-99.7444523516742,44.7872257224675,-93.352914524749,42.961383021991,1.30276007158077,1.00799216319401,2023.56276633819,2023.85753424658,EPI_ISL_19372787|A/mallard/Iowa/23-038177-001-original/2023|H5N1|USA-IA|2023-11-10|wild_avian|B3.6
640,433,0.275521255474751,-96.948024916042,43.2205528866933,-93.2813612990648,43.116540913882,1.30276007158077,1.02723881610602,2023.5820129911,2023.85753424658,EPI_ISL_18749468|A/chicken/Iowa/23-034847-001/2023|H5N1|USA-IA|2023-11-10|domestic_avian|B3.6
733,276,0.2638519846388,-112.97684714682,47.4563131653289,-83.3888126902245,40.4654260564094,1.30276007158077,1.03890808694197,2023.59368226194,2023.85753424658,SRR28834932|A/American_Wigeon/OH/24-008552-021-original/2023|H5N1|USA-OH|2023-11-10|wild_avian|B3.6
755,224,0.225898482210605,-100.435578891933,43.5325827975661,-91.0140211485019,43.8101573319479,1.30276007158077,1.07686158937017,2023.63163576436,2023.85753424658,EPI_ISL_19371786|A/mallard/Wisconsin/23-036678-011-original/2023|H5N1|USA-WI|2023-11-10|wild_avian|B3.6
724,281,0.193409790937017,-110.606544804362,50.8023688756272,-103.743762530766,49.0755267770988,1.30276007158077,1.10935028064375,2023.66412445564,2023.85753424658,GenBank|A/chicken/SK/FAV-0379-2-2023/2023|H5N1|Canada-SK|2023-11-10|domestic_avian|B3.6
935,136,0.187056483959788,-95.8978229191962,46.09141441724,-91.1923581780326,43.8172814967378,1.30276007158077,1.11570358762098,2023.67047776262,2023.85753424658,EPI_ISL_19288885|A/American_black_duck/Wisconsin/23-036678-012-original/2023|H5N1|USA-WI|2023-11-10|wild_avian|B3.6
903,27,0.152989162392827,-85.7463003743779,40.6972235790119,-89.2907522293911,43.2616890418758,1.30276007158077,1.14977090918794,2023.70454508418,2023.85753424658,EPI_ISL_19660907|A/tundra_swan/Wisconsin/23-037500-001-original/2023|H5N1|USA-WI|2023-11-10|wild_avian|B3.6
556,505,0.116160761652821,-104.389220471574,43.1018338543382,-106.592176219106,50.4243257121948,1.30276007158077,1.18659930992795,2023.74137348492,2023.85753424658,GenBank|A/Canada_Goose/SK/FAV-0187-27-2024/2023|H5N1|Canada-SK|2023-11-10|wild_avian|B3.6
841,842,0.202093416385726,-116.241010257032,43.9806607730024,-116.167982721897,43.039944744775,1.30277195045371,1.10067853406799,2023.65545270906,2023.85754612545,NA
910,911,0.0288354882622361,-85.0920487582409,44.6377346897672,-84.1270908028159,42.347509226698,1.3047757954899,1.27594030722767,2023.83071448222,2023.85954997048,NA
716,259,0.300972989050428,-108.63912570474,45.0154780688115,-101.733834022328,49.9048875255332,1.30549979760813,1.0045268085577,2023.55930098355,2023.8602739726,GenBank|A/Cackling_Goose/SK/FAV-0187-34-2024/2023|H5N1|Canada-SK|2023-11-11|wild_avian|B3.6
573,496,0.208105701395419,-98.6929004287984,45.7059945514389,-97.5862714640815,57.2560234556979,1.30549979760813,1.09739409621271,2023.65216827121,2023.8602739726,GenBank|A/Blue_Jay/MB/OTH-0008-4-2024/2023|H5N1|Canada-MB|2023-11-11|wild_avian|B3.6
673,401,0.177927538617614,-105.121173906257,47.9924791991324,-103.193942963003,51.3762452522155,1.30549979760813,1.12757225899051,2023.68234643399,2023.8602739726,GenBank|A/Canada_Goose/SK/FAV-0187-33-2024/2023|H5N1|Canada-SK|2023-11-11|wild_avian|B3.6
589,590,0.291753737935869,-107.910558836343,45.4049862606757,-115.964379173942,55.8382384377693,1.30586264539445,1.01410890745858,2023.56888308245,2023.86063682039,NA
966,91,0.280612688435347,-97.9575239507583,45.2514990106204,-95.1540500409541,45.377652540561,1.30823952363548,1.02762683520014,2023.58240101019,2023.86301369863,EPI_ISL_18749461|A/turkey/Minnesota/23-034904-001/2023|H5N1|USA-MN|2023-11-12|domestic_avian|B3.6
730,243,0.232046521106828,-109.641530332193,48.9406481238009,-115.332219290086,54.7716897385832,1.30823952363548,1.07619300252866,2023.63096717752,2023.86301369863,GenBank|A/chicken/AB/FAV-0030-1-2024/2023|H5N1|Canada-AB|2023-11-12|domestic_avian|B3.6
1016,188,0.026982149703777,-95.9074767234982,46.2130560825125,-95.521043544669,44.200346365821,1.30823952363548,1.28125737393171,2023.83603154893,2023.86301369863,EPI_ISL_18749463|A/turkey/Minnesota/23-034899-001/2023|H5N1|USA-MN|2023-11-12|domestic_avian|B3.6
993,175,0.315938407636341,-104.044507156456,45.2912087796521,-130.37528964879,57.2808579604722,1.31097924966284,0.995040842026501,2023.54981501702,2023.86575342466,EPI_ISL_18665545|A/Cooper_s_Hawk/BC/AIVPHL-1393/2023|H5N1|Canada-BC|2023-11-13|wild_avian|B3.6
684,294,0.257677990836181,-110.30042198847,46.1677972445715,-104.131012959992,44.0684669129229,1.31097924966284,1.05330125882666,2023.60807543382,2023.86575342466,EPI_ISL_19660868|A/Canada_goose/Wyoming/23-036565-002-original/2023|H5N1|USA-WY|2023-11-13|wild_avian|B3.6
568,492,0.22905464610114,-98.8521697199637,46.6945025938458,-98.4352021290926,46.4048375413714,1.31097924966284,1.0819246035617,2023.63669877856,2023.86575342466,EPI_ISL_18749452|A/turkey/North_Dakota/23-035082-001/2023|H5N1|USA-ND|2023-11-13|domestic_avian|B3.6
744,221,0.223943076462512,-104.271825674112,38.6562460568649,-104.959588703921,38.4987967659532,1.31097924966284,1.08703617320033,2023.6418103482,2023.86575342466,EPI_ISL_19660846|A/Canada_goose/Colorado/23-035698-001-original/2023|H5N1|USA-CO|2023-11-13|wild_avian|B3.6
785,344,0.223907211358516,-124.951274347412,47.4609937312906,-122.853526434605,44.4893489946813,1.31097924966284,1.08707203830433,2023.6418462133,2023.86575342466,EPI_ISL_18749445|A/chicken/Oregon/23-035545-002/2023|H5N1|USA-OR|2023-11-13|domestic_avian|B3.6
834,465,0.31812355407759,-116.892640374517,47.2488491583421,-99.943066256405,45.4592761994301,1.31371897569043,0.995595421612837,2023.55036959661,2023.86849315069,EPI_ISL_18749404|A/chicken/South_Dakota/23-035815-001/2023|H5N1|USA-SD|2023-11-14|domestic_avian|B3.6
759,228,0.310239927005196,-99.6465236429814,42.38124762751,-111.430923032901,54.757684355713,1.31371897569043,1.00347904868523,2023.55825322368,2023.86849315069,GenBank|A/chicken/AB/FAV-0407-1-2023/2023|H5N1|Canada-AB|2023-11-14|domestic_avian|B3.6
995,173,0.281996747299959,-106.417952061772,42.7288457182961,-121.823687971075,53.3439447147173,1.31371897569043,1.03172222839047,2023.58649640339,2023.86849315069,GenBank|A/Cackling_Goose/BC/FAV-0432-27-2023/2023|H5N1|Canada-BC|2023-11-14|wild_avian|B3.6
659,421,0.279133582971573,-103.683284958218,44.0628155477856,-107.023691220758,54.3690365879048,1.31371897569043,1.03458539271885,2023.58935956771,2023.86849315069,GenBank|A/Black-billed_Magpie/SK/FAV-0187-44-2024/2023|H5N1|Canada-SK|2023-11-14|wild_avian|B3.6
553,507,0.253595813533283,-106.094725954717,43.0841848743636,-111.020807885317,40.9655145150292,1.31371897569043,1.06012316215714,2023.61489733715,2023.86849315069,EPI_ISL_19660852|A/falcon/Utah/23-036044-001-original/2023|H5N1|USA-UT|2023-11-14|wild_avian|B3.6
838,456,0.25126603527056,-116.850364989858,46.9280122366583,-128.227839292279,53.8332181461655,1.31371897569043,1.06245294041987,2023.61722711541,2023.86849315069,EPI_ISL_18665548|A/Canada_Goose/BC/AIVPHL-1395/2023|H5N1|Canada-BC|2023-11-14|wild_avian|B3.6
792,322,0.247554735072192,-114.019883720761,51.1497027649004,-109.852457438141,51.6237061490707,1.31371897569043,1.06616424061824,2023.62093841561,2023.86849315069,GenBank|A/chicken/SK/FAV-0380-1-2023/2023|H5N1|Canada-SK|2023-11-14|domestic_avian|B3.6
787,338,0.241136289962501,-124.297232617142,46.2248302020506,-122.554875686252,53.5629442071026,1.31371897569043,1.07258268572793,2023.62735686072,2023.86849315069,EPI_ISL_18665602|A/Cackling_Goose/BC/AIVPHL-1412/2023|H5N1|Canada-BC|2023-11-14|wild_avian|B3.6
788,343,0.235884603959129,-124.234614047646,47.0283644703528,-122.496936099334,44.7788996565709,1.31371897569043,1.0778343717313,2023.63260854673,2023.86849315069,EPI_ISL_18749446|A/chicken/Oregon/23-035544-004/2023|H5N1|USA-OR|2023-11-14|domestic_avian|B3.6
609,383,0.234744684418685,-94.4610036450746,45.1778393746986,-94.4167471457174,45.4120552967079,1.31371897569043,1.07897429127174,2023.63374846627,2023.86849315069,EPI_ISL_18749410|A/turkey/Minnesota/23-035616-001/2023|H5N1|USA-MN|2023-11-14|domestic_avian|B3.6
852,470,0.21329569768534,-96.5494793651847,44.1783869423849,-92.1930174812681,42.0210638805464,1.31371897569043,1.10042327800509,2023.655197453,2023.86849315069,EPI_ISL_18749443|A/chicken/Iowa/23-035546-002/2023|H5N1|USA-IA|2023-11-14|domestic_avian|B3.6
1021,184,0.193827684051113,-95.5522217989125,43.6198429366754,-108.756149252447,36.3411753787051,1.31371897569043,1.11989129163931,2023.67466546663,2023.86849315069,EPI_ISL_18749394|A/chicken/New_Mexico/23-036561-001/2023|H5N1|USA-NM|2023-11-14|domestic_avian|B3.6
1044,80,0.182267106668674,-98.2933542864575,39.4188012017751,-80.4531492562072,27.4228408058686,1.31371897569043,1.13145186902175,2023.68622604402,2023.86849315069,EPI_ISL_18749440|A/domestic_goose/Florida/23-035656-001/2023|H5N1|USA-FL|2023-11-14|domestic_avian|B3.6
590,591,0.00875768453199455,-115.964379173942,55.8382384377693,-118.344593376872,56.313441917136,1.31462032992644,1.30586264539445,2023.86063682039,2023.86939450492,NA
625,422,0.252526254290162,-101.317313352359,47.8768670964406,-102.928100082336,50.7220120402037,1.31645870171778,1.06393244742762,2023.61870662242,2023.87123287671,GenBank|A/chicken/SK/FAV-0381-1-2023/2023|H5N1|Canada-SK|2023-11-15|domestic_avian|B3.6
545,508,0.228691997805873,-117.200523434518,37.9232923558551,-121.682586353464,38.5622768748994,1.31645870171778,1.08776670391191,2023.64254087891,2023.87123287671,EPI_ISL_19175593|A/northern_pintail/California/23-037849-010/2023|H5N1|USA-CA|2023-11-15|wild_avian|B3.6
734,278,0.208064922097982,-97.7587993838164,45.0591878007584,-81.4762493062416,30.4410968304241,1.31645870171778,1.1083937796198,2023.66316795461,2023.87123287671,EPI_ISL_18749411|A/chicken/Florida/23-035663-001/2023|H5N1|USA-FL|2023-11-15|domestic_avian|B3.6
868,17,0.194990986493276,-120.610313045946,39.3638962169569,-118.934258751919,37.1521987438778,1.31645870171778,1.12146771522451,2023.67624189022,2023.87123287671,EPI_ISL_18749401|A/domestic_duck/California/23-036543-001/2023|H5N1|USA-CA|2023-11-15|domestic_avian|B3.6
955,122,0.188236226470061,-105.412484591056,49.5188760046763,-103.172719424322,43.0725985081068,1.31645870171778,1.12822247524772,2023.68299665024,2023.87123287671,EPI_ISL_18749406|A/domestic_goose/South_Dakota/23-035811-003/2023|H5N1|USA-SD|2023-11-15|domestic_avian|B3.6
1050,168,0.185561654056503,-96.5205393421928,45.4076469864097,-95.6049225102798,45.3167859059528,1.31645870171778,1.13089704766128,2023.68567122266,2023.87123287671,EPI_ISL_18749409|A/turkey/Minnesota/23-035802-003/2023|H5N1|USA-MN|2023-11-15|domestic_avian|B3.6
745,746,0.229666767432289,-104.374014302863,38.9517099409773,-94.3846128663564,37.3758954590213,1.31911712911362,1.08945036168133,2023.64422453668,2023.87389130411,NA
629,434,0.318385582715543,-98.1338784767695,44.2358292475154,-99.0368290565228,45.3415555173723,1.31919842774514,1.0008128450296,2023.55558702002,2023.87397260274,EPI_ISL_18749397|A/turkey/South_Dakota/23-036553-002/2023|H5N1|USA-SD|2023-11-16|domestic_avian|B3.6
959,124,0.314228488213229,-97.0237870640304,44.8717888085964,-106.905032232244,55.4215255436296,1.31919842774514,1.00496993953191,2023.55974411453,2023.87397260274,GenBank|A/Great_Horned_Owl/SK/FAV-0187-43-2024/2023|H5N1|Canada-SK|2023-11-16|wild_avian|B3.6
664,414,0.247933032579708,-100.955106202519,43.5957577999978,-97.7864989360615,45.3173614142597,1.31919842774514,1.07126539516543,2023.62603957016,2023.87397260274,EPI_ISL_18749400|A/chicken/South_Dakota/23-036549-001/2023|H5N1|USA-SD|2023-11-16|domestic_avian|B3.6
895,900,0.0173219406850762,-83.3306079770848,39.9168671227827,-81.80179786687,38.5585001664038,1.31942871770579,1.30210677702071,2023.85688095202,2023.8742028927,NA
699,700,0.205296496208144,-119.394314017835,38.4101459370591,-121.9032495491,38.0365681846664,1.32024910200552,1.11495260579738,2023.66972678079,2023.875023277,NA
895,896,0.0184342410749587,-83.3306079770848,39.9168671227827,-84.4757702998062,40.3434924869161,1.32054101809567,1.30210677702071,2023.85688095202,2023.87531519309,NA
765,234,0.290888035520937,-99.1718131560666,41.8615955871537,-84.0311776586961,41.0212685042744,1.3219381537725,1.03105011825156,2023.58582429325,2023.87671232877,SRR32499024|A/Gadwall/OH/24-008552-023-original/2023|H5N1|USA-OH|2023-11-17|wild_avian|B3.6
803,334,0.259684802800028,-108.915611820869,51.1270373267255,-117.928263835271,53.8566015808534,1.3219381537725,1.06225335097247,2023.61702752597,2023.87671232877,GenBank|A/Canada_Goose/AB/FAV-0447-1-2023/2023|H5N1|Canada-AB|2023-11-17|wild_avian|B3.6
795,332,0.248680555148443,-111.847500024604,52.1897569730059,-112.804012456693,56.7322289813518,1.3219381537725,1.07325759862406,2023.62803177362,2023.87671232877,GenBank|A/Canada_Goose/AB/FAV-0447-2-2023/2023|H5N1|Canada-AB|2023-11-17|wild_avian|B3.6
934,138,0.232899642766585,-98.0326951341886,45.4492719872161,-96.486437443474,45.4453365574571,1.3219381537725,1.08903851100591,2023.643812686,2023.87671232877,EPI_ISL_18741789|A/turkey/Minnesota/23-036744-001/2023|H5N1|USA-MN|2023-11-17|domestic_avian|B3.6
1045,82,0.22399798444157,-99.4599619739408,42.5265572884167,-80.3729076527948,26.265182034217,1.3219381537725,1.09794016933093,2023.65271434433,2023.87671232877,EPI_ISL_18741786|A/chicken/Florida/23-036761-002/2023|H5N1|USA-FL|2023-11-17|domestic_avian|B3.6
670,400,0.219774708951349,-99.8456153765184,43.6351098493367,-98.6217482967951,44.4258073057911,1.3219381537725,1.10216344482115,2023.65693761982,2023.87671232877,EPI_ISL_18741799|A/turkey/South_Dakota/23-036674-001/2023|H5N1|USA-SD|2023-11-17|domestic_avian|B3.6
1036,76,0.198855933548,-89.8194441651924,42.5414122427517,-100.184637805558,49.7203650061048,1.3219381537725,1.1230822202245,2023.67785639522,2023.87671232877,GenBank|A/American_Crow/MB/FAV-0413-13-2023/2023|H5N1|Canada-MB|2023-11-17|wild_avian|B3.6
769,205,0.193694528174285,-100.858888540114,39.4700922549312,-95.945974088421,36.7630135630106,1.3219381537725,1.12824362559821,2023.68301780059,2023.87671232877,EPI_ISL_19490413|A/gadwall/Oklahoma/23-038107-003-original/2023|H5N1|USA-OK|2023-11-17|wild_avian|B3.6
969,115,0.189533118801131,-82.423982364143,44.9865289006163,-97.5785757513732,44.8470972525057,1.3219381537725,1.13240503497137,2023.68717920997,2023.87671232877,EPI_ISL_18741798|A/turkey/South_Dakota/23-036675-002/2023|H5N1|USA-SD|2023-11-17|domestic_avian|B3.6
900,901,0.00454813440733459,-81.80179786687,38.5585001664038,-82.2350843252266,39.3708068124817,1.32397685211312,1.31942871770579,2023.8742028927,2023.87875102711,NA
857,6,0.313100268197275,-98.547283527466,44.1308283705705,-120.990111732407,56.3256575274536,1.32467787979986,1.01157761160258,2023.5663517866,2023.87945205479,GenBank|A/chicken/BC/FAV-0388-2-2023/2023|H5N1|Canada-BC|2023-11-18|domestic_avian|B3.6
817,357,0.246710957733223,-105.170396609178,48.7840019111933,-97.6619193384445,44.7093218568828,1.32467787979986,1.07796692206663,2023.63274109706,2023.87945205479,EPI_ISL_18741796|A/turkey/South_Dakota/23-036676-002/2023|H5N1|USA-SD|2023-11-18|domestic_avian|B3.6
736,271,0.233190665473928,-101.172276416913,46.8620459569689,-91.5720104046061,32.7421750762174,1.32467787979986,1.09148721432593,2023.64626138932,2023.87945205479,EPI_ISL_19372784|A/gadwall/Louisiana/23-038130-006-original/2023|H5N1|USA-LA|2023-11-18|wild_avian|B3.6
1045,83,0.226737710468928,-99.4599619739408,42.5265572884167,-80.6832595865818,27.9149048338902,1.32467787979986,1.09794016933093,2023.65271434433,2023.87945205479,EPI_ISL_19371790|A/blue-winged_teal/Florida/23-038112-033-original/2023|H5N1|USA-FL|2023-11-18|wild_avian|B3.6
1021,185,0.204786588160543,-95.5522217989125,43.6198429366754,-81.9882137151221,33.682364141142,1.32467787979986,1.11989129163931,2023.67466546663,2023.87945205479,EPI_ISL_19341005|A/green-winged_teal/South_Carolina/23-037141-002-original/2023|H5N1|USA-SC|2023-11-18|wild_avian|B3.6
649,443,0.196455689620963,-104.263787484573,49.6688247427887,-80.8301217005093,28.3145203749018,1.32467787979986,1.12822219017889,2023.68299636517,2023.87945205479,EPI_ISL_19371789|A/blue-winged_teal/Florida/23-038112-025-original/2023|H5N1|USA-FL|2023-11-18|wild_avian|B3.6
1026,62,0.194692814713344,-103.135766214635,45.4947329708769,-80.8414553569215,28.6169526951065,1.32467787979986,1.12998506508651,2023.68475924008,2023.87945205479,EPI_ISL_19371795|A/ring-necked_duck/Florida/23-038112-067-original/2023|H5N1|USA-FL|2023-11-18|wild_avian|B3.6
1044,81,0.193226010778104,-98.2933542864575,39.4188012017751,-80.7047337893811,28.1965071106159,1.32467787979986,1.13145186902175,2023.68622604402,2023.87945205479,EPI_ISL_19341013|A/blue-winged_teal/Florida/23-038112-008-original/2023|H5N1|USA-FL|2023-11-18|wild_avian|B3.6
979,99,0.137286116490911,-85.9145342575982,26.1414852355068,-80.7033393923605,28.0067426491602,1.32467787979986,1.18739176330895,2023.7421659383,2023.87945205479,EPI_ISL_19372783|A/ring-necked_duck/Florida/23-038112-112-original/2023|H5N1|USA-FL|2023-11-18|wild_avian|B3.6
894,29,0.0225856259073827,-83.3431971171562,39.9314169374736,-83.3442462563634,40.1268902906589,1.32467787979986,1.30209225389247,2023.85686642889,2023.87945205479,EPI_ISL_18741785|A/chicken/Ohio/23-036779-002/2023|H5N1|USA-OH|2023-11-18|domestic_avian|B3.6
900,28,0.00524916209406734,-81.80179786687,38.5585001664038,-82.2231242458899,39.2822867135688,1.32467787979986,1.31942871770579,2023.8742028927,2023.87945205479,GenBank|A/chicken/Ohio/OH23-28257/2023|H5N1|USA-OH|2023-11-18|domestic_avian|B3.6
901,30,0.000701027686732747,-82.2350843252266,39.3708068124817,-83.2785599539062,40.1154701598843,1.32467787979986,1.32397685211312,2023.87875102711,2023.87945205479,EPI_ISL_18741784|A/chicken/Ohio/23-036779-001/2023|H5N1|USA-OH|2023-11-18|domestic_avian|B3.6
889,39,0.208604511766609,-98.0625183243285,44.6188184152842,-97.2692713577966,44.2425722481005,1.32741760582721,1.1188130940606,2023.67358726906,2023.88219178082,EPI_ISL_18741801|A/turkey/South_Dakota/23-036673-001/2023|H5N1|USA-SD|2023-11-19|domestic_avian|B3.6
631,435,0.134100703497115,-95.2161861368283,44.1949394830611,-84.3185486718017,31.9980175923626,1.32741760582721,1.1933169023301,2023.74809107732,2023.88219178082,EPI_ISL_19224078|A/mallard/Georgia/23-036743-002-original/2023|H5N1|USA-GA|2023-11-19|wild_avian|B3.6
911,912,0.0232149491932467,-84.1270908028159,42.347509226698,-85.3033245223755,40.1258663274613,1.32799074468315,1.3047757954899,2023.85954997048,2023.88276491968,NA
779,320,0.332006322724375,-112.892994978066,49.6697315116654,-96.0336206448916,30.6048488515149,1.3301573318548,0.998151009130423,2023.55292518413,2023.88493150685,EPI_ISL_18741794|A/chicken/Texas/23-036713-001/2023|H5N1|USA-TX|2023-11-20|domestic_avian|B3.6
994,174,0.328714841563723,-106.112010369122,42.7964324722226,-118.50294670489,50.933026308499,1.3301573318548,1.00144249029108,2023.55621666529,2023.88493150685,EPI_ISL_18665648|A/Dunlin/BC/AIVPHL-1429/2023|H5N1|Canada-BC|2023-11-20|wild_avian|B3.6
725,274,0.328065917726407,-110.401049153354,45.8978069608048,-123.190050322934,51.3833356386057,1.3301573318548,1.00209141412839,2023.55686558912,2023.88493150685,GenBank|A/Canada_Goose/BC/FAV-0015-43-2024/2023|H5N1|Canada-BC|2023-11-20|wild_avian|B3.6
857,7,0.318579720252217,-98.547283527466,44.1308283705705,-91.3589116813904,44.0772839383506,1.3301573318548,1.01157761160258,2023.5663517866,2023.88493150685,EPI_ISL_18741782|A/turkey/Wisconsin/23-036896-001/2023|H5N1|USA-WI|2023-11-20|domestic_avian|B3.6
611,381,0.271923050673035,-88.7462654243252,42.4635246911252,-119.9488200757,53.35225902659,1.3301573318548,1.05823428118176,2023.61300845618,2023.88493150685,EPI_ISL_18665637|A/American_Crow/BC/AIVPHL-1425/2023|H5N1|Canada-BC|2023-11-20|wild_avian|B3.6
962,127,0.256290269063433,-87.9822898701575,38.9860210765512,-104.038897521578,46.0180559140976,1.3301573318548,1.07386706279137,2023.62864123779,2023.88493150685,EPI_ISL_19660901|A/snow_goose/North_Dakota/23-037497-002-original/2023|H5N1|USA-ND|2023-11-20|wild_avian|B3.6
1051,170,0.233092142721264,-96.3921860144024,45.6761934405762,-94.706049688997,44.2412925942584,1.3301573318548,1.09706518913353,2023.65183936413,2023.88493150685,EPI_ISL_18741792|A/turkey/Minnesota/23-036742-003/2023|H5N1|USA-MN|2023-11-20|domestic_avian|B3.6
648,446,0.216226983522169,-101.507648205165,49.1844537762993,-99.2398574836424,43.6238801286179,1.3301573318548,1.11393034833263,2023.66870452333,2023.88493150685,EPI_ISL_18741780|A/turkey/South_Dakota/23-036898-001/2023|H5N1|USA-SD|2023-11-20|domestic_avian|B3.6
746,747,0.011943175334048,-94.3846128663564,37.3758954590213,-93.531910027778,36.4000338530707,1.33106030444767,1.31911712911362,2023.87389130411,2023.88583447944,NA
921,922,0.167819256792744,-95.5700989893026,48.3907659646442,-96.0618940267146,47.1331719543198,1.33225655356316,1.16443729677041,2023.71921147176,2023.88703072856,NA
983,984,0.157657257745982,-96.7365418648516,43.7817039915635,-100.186657399976,49.1276427576725,1.33271252854106,1.17505527079508,2023.72982944579,2023.88748670354,NA
814,353,0.210167511888264,-110.416591420351,46.8748550506754,-113.89928921884,50.3417590007344,1.33289705788216,1.12272954599389,2023.67750372099,2023.88767123288,GenBank|A/Great_Horned_Owl/AB/FAV-0446-1-2023/2023|H5N1|Canada-AB|2023-11-21|wild_avian|B3.6
981,96,0.209528587675171,-90.5712504231173,38.5233999730195,-90.6059994007706,30.648585527427,1.33289705788216,1.12336847020698,2023.6781426452,2023.88767123288,EPI_ISL_19064284|A/Canada_goose/Louisiana/W23-902/2023|H5N1|USA-LA|2023-11-21|wild_avian|B3.6
922,923,0.00176818242732479,-96.0618940267146,47.1331719543198,-95.9085979928014,47.0950536107003,1.33402473599048,1.33225655356316,2023.88703072856,2023.88879891099,NA
1000,1001,0.20310178728339,-87.762058942935,43.5204442949588,-86.706344568925,43.6378407246515,1.33515375879792,1.13205197151453,2023.68682614651,2023.88992793379,NA
1037,78,0.331545612992072,-100.615353018279,43.1599872969061,-118.210832097774,53.9580224098515,1.33563678390951,1.00409117091744,2023.55886534591,2023.8904109589,GenBank|A/Canada_Goose/AB/FAV-0451-1-2023/2023|H5N1|Canada-AB|2023-11-22|wild_avian|B3.6
587,394,0.330948655991364,-106.796030046729,46.3666857339473,-96.232928629035,42.9681599508174,1.33563678390951,1.00468812791815,2023.55946230291,2023.8904109589,EPI_ISL_19131447|A/chicken/Iowa/23-037208-002/2023|H5N1|USA-IA|2023-11-22|domestic_avian|B3.6
1051,167,0.238571594775979,-96.3921860144024,45.6761934405762,-91.5202175880605,44.1658756296839,1.33563678390951,1.09706518913353,2023.65183936413,2023.8904109589,EPI_ISL_19131446|A/turkey/Wisconsin/23-037129-002/2023|H5N1|USA-WI|2023-11-22|domestic_avian|B3.6
638,429,0.0702880668114958,-101.71910184298,47.0098145832282,-97.1388163838193,41.6850167252606,1.33563678390951,1.26534871709802,2023.82012289209,2023.8904109589,EPI_ISL_19131389|A/chicken/Nebraska/23-037257-001/2023|H5N1|USA-NE|2023-11-22|domestic_avian|B3.6
700,251,0.0153876819039911,-121.9032495491,38.0365681846664,-122.790830958948,38.457107506715,1.33563678390951,1.32024910200552,2023.875023277,2023.8904109589,EPI_ISL_18737542|A/Pekin_duck/California/23-037131-002/2023|H5N1|USA-CA|2023-11-22|domestic_avian|B3.6
864,865,0.0637976539298033,-116.627879533818,35.0191626813716,-121.111924462013,37.3391465011061,1.33712252437671,1.27332487044691,2023.82809904544,2023.89189669937,NA
700,701,0.016959682679895,-121.9032495491,38.0365681846664,-122.942433437091,38.4257216076156,1.33720878468542,1.32024910200552,2023.875023277,2023.89198295968,NA
701,702,0.00254908710526425,-122.942433437091,38.4257216076156,-123.775075761734,38.5241215839457,1.33975787179068,1.33720878468542,2023.89198295968,2023.89453204679,NA
539,540,0.347422268357986,-108.180902210146,45.3136142528248,-106.778233484745,44.5880650800856,1.34093594144415,0.993513673086163,2023.54828784808,2023.89571011644,NA
586,393,0.33669469703355,-106.794893462493,46.7278962102714,-117.175727757658,58.2546866061449,1.34111623596423,1.00442153893068,2023.55919571393,2023.89589041096,GenBank|A/chicken/AB/FAV-0417-2-2023/2023|H5N1|Canada-AB|2023-11-24|domestic_avian|B3.6
985,113,0.285660302438338,-97.8193289294613,44.7390280255456,-95.2726447307328,45.7610407173228,1.34111623596423,1.05545593352589,2023.61023010852,2023.89589041096,EPI_ISL_19159896|A/turkey/Minnesota/23-037474-001/2023|H5N1|USA-MN|2023-11-24|domestic_avian|B3.6
562,482,0.256129385031219,-96.8806218701641,44.687122135929,-98.856611393988,45.7336705864669,1.34111623596423,1.08498685093301,2023.63976102593,2023.89589041096,EPI_ISL_19131387|A/turkey/South_Dakota/23-037251-002/2023|H5N1|USA-SD|2023-11-24|domestic_avian|B3.6
1016,187,0.0598588620325204,-95.9074767234982,46.2130560825125,-96.1710546038299,46.5519260274236,1.34111623596423,1.28125737393171,2023.83603154893,2023.89589041096,EPI_ISL_19159895|A/turkey/Minnesota/23-037473-001/2023|H5N1|USA-MN|2023-11-24|domestic_avian|B3.6
1035,75,0.258959752358786,-89.2900972384554,42.3611251918204,-80.8651917651788,28.6630058055527,1.34385596199181,1.08489620963303,2023.63967038463,2023.89863013699,EPI_ISL_19341009|A/green-winged_teal/Florida/23-038109-005-original/2023|H5N1|USA-FL|2023-11-25|wild_avian|B3.6
774,229,0.256828963216957,-106.618592062595,41.0545725139609,-100.592517025346,46.443754962494,1.34385596199181,1.08702699877486,2023.64180117377,2023.89863013699,EPI_ISL_19131390|A/chicken/North_Dakota/23-037267-001/2023|H5N1|USA-ND|2023-11-25|domestic_avian|B3.6
982,95,0.220386849235516,-96.0569445293542,41.2517943340673,-80.7169004191846,28.0718791794315,1.34385596199181,1.1234691127563,2023.67824328775,2023.89863013699,EPI_ISL_19341012|A/ring-necked_duck/Florida/23-038109-032-original/2023|H5N1|USA-FL|2023-11-25|wild_avian|B3.6
888,41,0.213772276468482,-93.3207039699722,41.549564183296,-80.6791818365428,28.2086652267433,1.34385596199181,1.13008368552333,2023.68485786052,2023.89863013699,EPI_ISL_19341010|A/blue-winged_teal/Florida/23-038109-006-original/2023|H5N1|USA-FL|2023-11-25|wild_avian|B3.6
906,144,0.10726944361884,-88.8810044792047,41.6587895844328,-80.4444817878288,32.9452294990642,1.34385596199181,1.23658651837297,2023.79136069337,2023.89863013699,EPI_ISL_19341006|A/green-winged_teal/South_Carolina/23-037736-011-original/2023|H5N1|USA-SC|2023-11-25|wild_avian|B3.6
896,897,0.0235294651982483,-84.4757702998062,40.3434924869161,-83.8799158516067,39.9146349231019,1.34407048329392,1.32054101809567,2023.87531519309,2023.89884465829,NA
747,748,0.0134335850035185,-93.531910027778,36.4000338530707,-93.8379808427961,35.9099241443644,1.34449388945119,1.33106030444767,2023.88583447944,2023.89926806445,NA
1013,190,0.327080051749083,-98.7836542485431,44.8532552508382,-110.987180406265,52.1021504615261,1.34659568801917,1.01951563627009,2023.57428981126,2023.90136986301,GenBank|A/Domestic_bird/AB/FAV-0453-3-2023/2023|H5N1|Canada-AB|2023-11-26|domestic_avian|B3.6
865,866,0.0108762641522553,-121.111924462013,37.3391465011061,-121.345963364412,37.4783192785833,1.34799878852896,1.33712252437671,2023.89189669937,2023.90277296352,NA
824,314,0.351612410385589,-114.586222786352,49.3948697546631,-115.271565771861,49.1973333497091,1.34933541404653,0.997723003660939,2023.55249717866,2023.90410958904,EPI_ISL_18665680|A/Canada_Goose/BC/AIVPHL-1448/2023|H5N1|Canada-BC|2023-11-27|wild_avian|B3.6
745,222,0.259885052365194,-104.374014302863,38.9517099409773,-103.934779064368,40.2820432165457,1.34933541404653,1.08945036168133,2023.64422453668,2023.90410958904,EPI_ISL_19159891|A/chicken/Colorado/23-037463-001/2023|H5N1|USA-CO|2023-11-27|domestic_avian|B3.6
746,220,0.0302182849329049,-94.3846128663564,37.3758954590213,-93.6583273249482,36.3996199327796,1.34933541404653,1.31911712911362,2023.87389130411,2023.90410958904,EPI_ISL_19131394|A/chicken/Arkansas/23-037422-002/2023|H5N1|USA-AR|2023-11-27|domestic_avian|B3.6
747,218,0.0182751095988569,-93.531910027778,36.4000338530707,-93.3972165130052,36.2777631859049,1.34933541404653,1.33106030444767,2023.88583447944,2023.90410958904,EPI_ISL_19131393|A/chicken/Arkansas/23-037422-001/2023|H5N1|USA-AR|2023-11-27|domestic_avian|B3.6
923,151,0.0153106780560475,-95.9085979928014,47.0950536107003,-95.7471720122257,46.9502545981652,1.34933541404653,1.33402473599048,2023.88879891099,2023.90410958904,EPI_ISL_19159894|A/turkey/Minnesota/23-037472-003/2023|H5N1|USA-MN|2023-11-27|domestic_avian|B3.6
923,152,0.0153106780560475,-95.9085979928014,47.0950536107003,-96.0696812779702,47.1121029277489,1.34933541404653,1.33402473599048,2023.88879891099,2023.90410958904,EPI_ISL_19159893|A/turkey/Minnesota/23-037472-001/2023|H5N1|USA-MN|2023-11-27|domestic_avian|B3.6
663,411,0.316282087173573,-101.486318260527,43.7345635311641,-90.0879767276212,32.5693681642497,1.35207514007389,1.03579305290031,2023.5905672279,2023.90684931507,EPI_ISL_19372785|A/snow_goose/Mississippi/23-038133-001-original/2023|H5N1|USA-MS|2023-11-28|wild_avian|B3.6
1042,66,0.223502048809963,-95.4799502690249,40.9245766251637,-103.278843687937,38.1753374642363,1.35207514007389,1.12857309126392,2023.68334726626,2023.90684931507,EPI_ISL_18737537|A/pheasant/Colorado/23-037672-002/2023|H5N1|USA-CO|2023-11-28|domestic_avian|B3.6
748,219,0.00758125062269577,-93.8379808427961,35.9099241443644,-94.1467284069198,36.0270040988943,1.35207514007389,1.34449388945119,2023.89926806445,2023.90684931507,EPI_ISL_19159898|A/chicken/Arkansas/23-037636-002/2023|H5N1|USA-AR|2023-11-28|domestic_avian|B3.6
897,898,0.00916899685708628,-83.8799158516067,39.9146349231019,-83.8447848200867,39.8571947937243,1.35323948015101,1.34407048329392,2023.89884465829,2023.90801365515,NA
757,209,0.352550367483716,-100.421711300509,42.7049713422311,-93.6229687694241,35.5222936801826,1.35481486610124,1.00226449861753,2023.55703867361,2023.9095890411,EPI_ISL_19186553|A/chicken/Arkansas/23-037987-001/2023|H5N1|USA-AR|2023-11-29|domestic_avian|B3.6
753,215,0.283407023877529,-106.205829612823,45.8185161697887,-112.658364367253,50.9637186288516,1.35481486610124,1.07140784222371,2023.62618201722,2023.9095890411,GenBank|A/chicken/AB/FAV-0439-3-2023/2023|H5N1|Canada-AB|2023-11-29|domestic_avian|B3.6
755,225,0.277953276731077,-100.435578891933,43.5325827975661,-88.4100939559117,31.956691650606,1.35481486610124,1.07686158937017,2023.63163576436,2023.9095890411,EPI_ISL_19560367|A/Canada_goose/Alabama/23-038669-001-original/2023|H5N1|USA-AL|2023-11-29|wild_avian|B3.6
770,207,0.230853596612896,-96.8197005306323,41.0536266830447,-89.4025438066115,32.0496711196629,1.35481486610124,1.12396126948835,2023.67873544448,2023.9095890411,EPI_ISL_19175600|A/snow_goose/Mississippi/23-038132-001/2023|H5N1|USA-MS|2023-11-29|wild_avian|B3.6
770,208,0.230853596612896,-96.8197005306323,41.0536266830447,-116.484048831133,43.5887137561641,1.35481486610124,1.12396126948835,2023.67873544448,2023.9095890411,EPI_ISL_18737519|A/chicken/Idaho/23-037837-001/2023|H5N1|USA-ID|2023-11-29|domestic_avian|B3.6
910,166,0.0788745588735746,-85.0920487582409,44.6377346897672,-84.0286815955624,43.5342526811236,1.35481486610124,1.27594030722767,2023.83071448222,2023.9095890411,EPI_ISL_18737521|A/chicken/Michigan/23-037817-001/2023|H5N1|USA-MI|2023-11-29|domestic_avian|B3.6
898,36,0.00157538595023632,-83.8447848200867,39.8571947937243,-84.7084998132897,40.0875455417407,1.35481486610124,1.35323948015101,2023.90801365515,2023.9095890411,EPI_ISL_18737532|A/turkey/Ohio/23-037782-002/2023|H5N1|USA-OH|2023-11-29|domestic_avian|B3.6
706,286,0.353217307174484,-108.271594910862,44.6798872356406,-111.373554938418,57.987045574185,1.3575545921286,1.00433728495412,2023.55911145995,2023.91232876712,GenBank|A/Striped_Skunk/AB/FAV-0455-1-2023/2023|H5N1|Canada-AB|2023-11-30|other_mammal|B3.6
572,495,0.272675615596335,-98.8379001934886,45.8937841096191,-98.8397710089351,45.8162222752615,1.3575545921286,1.08487897653227,2023.63965315153,2023.91232876712,EPI_ISL_19175595|A/turkey/South_Dakota/23-037957-002/2023|H5N1|USA-SD|2023-11-30|domestic_avian|B3.6
892,38,0.260867137979389,-90.2585629528167,41.9962738129993,-94.925935465695,41.2019319106374,1.3575545921286,1.09668745414921,2023.65146162914,2023.91232876712,EPI_ISL_19560370|A/mallard/Iowa/23-038797-002-original/2023|H5N1|USA-IA|2023-11-30|wild_avian|B3.6
935,137,0.241851004507618,-95.8978229191962,46.09141441724,-85.8597106202264,42.7985893987277,1.3575545921286,1.11570358762098,2023.67047776262,2023.91232876712,EPI_ISL_19560364|A/mallard/Michigan/23-038500-005-original/2023|H5N1|USA-MI|2023-11-30|wild_avian|B3.6
917,157,0.24002201074868,-93.9728348506776,42.6862632167593,-92.5614451326614,41.4823967454442,1.3575545921286,1.11753258137992,2023.67230675637,2023.91232876712,EPI_ISL_19560371|A/green-winged_teal/Iowa/23-038797-013-original/2023|H5N1|USA-IA|2023-11-30|wild_avian|B3.6
660,661,0.236037041169005,-100.150965800297,40.0724734773691,-91.4841944903992,36.605624957387,1.35882762506142,1.12279058389242,2023.67756475889,2023.91360180006,NA
793,323,0.31237727145923,-111.787817755243,52.1055816915491,-112.586694326381,52.5033966861009,1.36029431815618,1.04791704669695,2023.60269122169,2023.91506849315,GenBank|A/Great_Horned_Owl/AB/FAV-0450-2-2023/2023|H5N1|Canada-AB|2023-12-01|wild_avian|B3.6
1032,70,0.287078272092221,-94.6797928147159,39.0578105368471,-86.8898694771204,33.8061992569059,1.36029431815618,1.07321604606396,2023.62799022106,2023.91506849315,EPI_ISL_19560368|A/snow_goose/Alabama/23-038674-001-original/2023|H5N1|USA-AL|2023-12-01|wild_avian|B3.6
1042,65,0.231721226892263,-95.4799502690249,40.9245766251637,-97.7409016383401,44.4123863550682,1.36029431815618,1.12857309126392,2023.68334726626,2023.91506849315,EPI_ISL_19186556|A/chicken/South_Dakota/23-038240-001/2023|H5N1|USA-SD|2023-12-01|domestic_avian|B3.6
866,13,0.0122955296272202,-121.345963364412,37.4783192785833,-121.395657755571,37.4540422998094,1.36029431815618,1.34799878852896,2023.90277296352,2023.91506849315,EPI_ISL_19175605|A/chicken/California/23-038158-003/2023|H5N1|USA-CA|2023-12-01|domestic_avian|B3.6
715,261,0.361757854353143,-108.652711788772,45.0310922303891,-118.477908562645,38.4463972641173,1.36303404418354,1.0012761898304,2023.55605036483,2023.91780821918,EPI_ISL_19372788|A/northern_shoveler/Nevada/23-039034-004-original/2023|H5N1|USA-NV|2023-12-02|wild_avian|B3.6
703,257,0.353007356137006,-109.217759556718,45.5557920660374,-87.2512018127794,31.5603723222609,1.36303404418354,1.01002668804654,2023.56480086304,2023.91780821918,EPI_ISL_19560378|A/gadwall/Alabama/23-039008-001-original/2023|H5N1|USA-AL|2023-12-02|wild_avian|B3.6
630,437,0.333470751971409,-98.3064901899604,44.5765628415072,-87.4306753736293,38.8591195547302,1.36303404418354,1.02956329221213,2023.58433746721,2023.91780821918,EPI_ISL_19559153|A/mallard/Indiana/23-039805-003-original/2023|H5N1|USA-IN|2023-12-02|wild_avian|B3.6
891,43,0.2779256275717,-90.0652289749257,42.0142437939439,-89.3805320004237,30.9765761423738,1.36303404418354,1.08510841661184,2023.63988259161,2023.91780821918,EPI_ISL_19560375|A/snow_goose/Mississippi/23-038979-025-original/2023|H5N1|USA-MS|2023-12-02|wild_avian|B3.6
637,428,0.116809593611854,-100.612315807904,48.1327166146033,-95.5372246009023,46.2494727304914,1.36303404418354,1.24622445057169,2023.80099862557,2023.91780821918,EPI_ISL_19159899|A/turkey/Minnesota/23-038114-001/2023|H5N1|USA-MN|2023-12-02|domestic_avian|B3.6
922,150,0.0307774906203866,-96.0618940267146,47.1331719543198,-95.0577074583395,46.4037606371082,1.36303404418354,1.33225655356316,2023.88703072856,2023.91780821918,EPI_ISL_19194247|A/turkey/Minnesota/23-038363-001/2023|H5N1|USA-MN|2023-12-02|domestic_avian|B3.6
556,504,0.17917446028295,-104.389220471574,43.1018338543382,-98.1455533955639,44.6324407361493,1.3657737702109,1.18659930992795,2023.74137348492,2023.92054794521,EPI_ISL_19186557|A/turkey/South_Dakota/23-038246-001/2023|H5N1|USA-SD|2023-12-03|domestic_avian|B3.6
896,899,0.0467019508611639,-84.4757702998062,40.3434924869161,-84.2839068115698,40.233528324616,1.36724296895684,1.32054101809567,2023.87531519309,2023.92201714395,NA
1019,183,0.282360110651865,-94.94698868021,45.0410958878949,-96.0639601251958,39.1557389697143,1.36851349623826,1.08615338558639,2023.64092756058,2023.92328767123,EPI_ISL_19064386|A/snow_goose/Kansas/W23-930A/2023|H5N1|USA-KS|2023-12-04|wild_avian|B3.6
1014,181,0.269527083878786,-98.4894236809506,44.9227245901581,-97.1797246675424,37.434086821426,1.36851349623826,1.09898641235947,2023.65376058735,2023.92328767123,EPI_ISL_19064370|A/Ross_s_goose/Kansas/W23-930G/2023|H5N1|USA-KS|2023-12-04|wild_avian|B3.6
575,498,0.256851568326307,-97.3702983669288,44.3448512837358,-100.139645279839,39.5185845017229,1.36851349623826,1.11166192791195,2023.66643610291,2023.92328767123,EPI_ISL_19064369|A/Ross_s_goose/Kansas/W23-930J/2023|H5N1|USA-KS|2023-12-04|wild_avian|B3.6
636,431,0.244218005464262,-98.4559261335503,45.3661109008111,-97.426435306045,44.7203942695199,1.36851349623826,1.124295490774,2023.67906966577,2023.92328767123,EPI_ISL_19186561|A/turkey/South_Dakota/23-038305-001/2023|H5N1|USA-SD|2023-12-04|domestic_avian|B3.6
843,460,0.241112991951531,-115.155076032096,42.4737558352375,-118.541981407979,36.6574710496615,1.36851349623826,1.12740050428673,2023.68217467928,2023.92328767123,EPI_ISL_19372789|A/Canada_goose/California/23-039035-001-original/2023|H5N1|USA-CA|2023-12-04|wild_avian|B3.6
842,459,0.0657415457845427,-116.167982721897,43.039944744775,-96.4052372060223,39.3366683755236,1.36851349623826,1.30277195045371,2023.85754612545,2023.92328767123,EPI_ISL_19064384|A/snow_goose/Kansas/W23-930E/2023|H5N1|USA-KS|2023-12-04|wild_avian|B3.6
702,249,0.0287556244475753,-123.775075761734,38.5241215839457,-122.965118387074,38.5505166801087,1.36851349623826,1.33975787179068,2023.89453204679,2023.92328767123,EPI_ISL_19210883|A/domestic_duck/California/23-038546-002-original/2023|H5N1|USA-CA|2023-12-04|domestic_avian|B3.6
661,419,0.0096858711768335,-91.4841944903992,36.605624957387,-95.8736138173798,39.0889138884718,1.36851349623826,1.35882762506142,2023.91360180006,2023.92328767123,EPI_ISL_19159901|A/chicken/Kansas/23-038155-002/2023|H5N1|USA-KS|2023-12-04|domestic_avian|B3.6
899,33,0.0012705272814213,-84.2839068115698,40.233528324616,-84.2750337119798,40.1976212763887,1.36851349623826,1.36724296895684,2023.92201714395,2023.92328767123,GenBank|A/turkey/Ohio/OH23-29523/2023|H5N1|USA-OH|2023-12-04|domestic_avian|B3.6
588,395,0.366128034756505,-106.796765351218,46.3665770133391,-117.970139269772,52.8759940882877,1.37125322226561,1.00512518750911,2023.5598993625,2023.92602739726,GenBank|A/Snow_Goose/AB/FAV-0047-4-2024/2023|H5N1|Canada-AB|2023-12-05|wild_avian|B3.6
634,451,0.356700454016385,-98.408660723336,43.4847377449879,-111.271281333391,51.6200239864402,1.37125322226561,1.01455276824923,2023.56932694324,2023.92602739726,GenBank|A/Snow_Goose/AB/FAV-0047-2-2024/2023|H5N1|Canada-AB|2023-12-05|wild_avian|B3.6
960,125,0.34637557173429,-94.5611617674439,40.9021783734508,-95.8024933136129,40.9597854658405,1.37125322226561,1.02487765053132,2023.57965182553,2023.92602739726,EPI_ISL_19210884|A/chicken/Iowa/23-038644-001-original/2023|H5N1|USA-IA|2023-12-05|domestic_avian|B3.6
848,468,0.297921425860883,-111.948248697296,48.7963052380692,-112.14747348752,51.6804687206005,1.37125322226561,1.07333179640473,2023.6281059714,2023.92602739726,GenBank|A/Snow_Goose/AB/FAV-0047-3-2024/2023|H5N1|Canada-AB|2023-12-05|wild_avian|B3.6
567,489,0.279174324040548,-100.040965793056,48.4608856315351,-92.2135289521167,56.9009780754127,1.37125322226561,1.09207889822507,2023.64685307322,2023.92602739726,GenBank|A/Snow_Goose/MB/OTH-0008-32-2024/2023|H5N1|Canada-MB|2023-12-05|wild_avian|B3.6
927,195,0.240393079570412,-96.252386239594,43.4857160556723,-90.883627953696,48.2918507784635,1.37125322226561,1.1308601426952,2023.68563431769,2023.92602739726,GenBank|A/Great_Horned_Owl/ON/FAV-0230-2024/2023|H5N1|Canada-ON|2023-12-05|wild_avian|B3.6
901,31,0.0472763701524905,-82.2350843252266,39.3708068124817,-83.8261086296116,40.6346133496437,1.37125322226561,1.32397685211312,2023.87875102711,2023.92602739726,EPI_ISL_19210881|A/chicken/Ohio/23-038542-001-original/2023|H5N1|USA-OH|2023-12-05|domestic_avian|B3.6
748,217,0.0267593328144249,-93.8379808427961,35.9099241443644,-93.7617626340752,35.9921949129632,1.37125322226561,1.34449388945119,2023.89926806445,2023.92602739726,EPI_ISL_19194249|A/turkey/Arkansas/23-038491-003/2023|H5N1|USA-AR|2023-12-05|domestic_avian|B3.6
898,34,0.018013742114608,-83.8447848200867,39.8571947937243,-84.6358161515967,40.196440161705,1.37125322226561,1.35323948015101,2023.90801365515,2023.92602739726,EPI_ISL_19194253|A/turkey/Ohio/23-038540-001/2023|H5N1|USA-OH|2023-12-05|domestic_avian|B3.6
899,32,0.00401025330877869,-84.2839068115698,40.233528324616,-84.4850919339412,40.2223193777702,1.37125322226561,1.36724296895684,2023.92201714395,2023.92602739726,EPI_ISL_19194254|A/turkey/Ohio/23-038540-002/2023|H5N1|USA-OH|2023-12-05|domestic_avian|B3.6
850,473,0.319839509401436,-100.409256856303,44.0917656581713,-87.720031140978,32.0066568572922,1.37399294829297,1.05415343889154,2023.60892761389,2023.92876712329,EPI_ISL_19560377|A/wild_bird/Alabama/23-038981-001-original/2023|H5N1|USA-AL|2023-12-06|wild_avian|B3.6
918,148,0.28498952378656,-93.3440163231523,45.3272598216857,-91.8717506071357,45.2223911334042,1.37399294829297,1.08900342450641,2023.6437775995,2023.92876712329,EPI_ISL_19210889|A/turkey/Wisconsin/23-038683-002-original/2023|H5N1|USA-WI|2023-12-06|domestic_avian|B3.6
698,253,0.270074918067457,-117.559620363386,37.6467357314982,-122.098821194416,39.6136202981323,1.37399294829297,1.10391803022551,2023.65869220522,2023.92876712329,EPI_ISL_19372790|A/gadwall/California/23-039481-004-original/2023|H5N1|USA-CA|2023-12-06|wild_avian|B3.6
673,402,0.246420689302458,-105.121173906257,47.9924791991324,-98.2203593427774,42.9265298087114,1.37399294829297,1.12757225899051,2023.68234643399,2023.92876712329,EPI_ISL_19210887|A/turkey/South_Dakota/23-038677-002-original/2023|H5N1|USA-SD|2023-12-06|domestic_avian|B3.6
865,11,0.0368704239162625,-121.111924462013,37.3391465011061,-121.160770161611,37.3700936402428,1.37399294829297,1.33712252437671,2023.89189669937,2023.92876712329,EPI_ISL_19239887|A/chicken/California/23-038717-005-original/2023|H5N1|USA-CA|2023-12-06|domestic_avian|B3.6
727,728,0.370259755116711,-110.231340000411,45.8013582888754,-119.367856425457,45.2844938397331,1.37510236350164,1.00484260838493,2023.55961678338,2023.9298765385,NA
642,643,0.349683414151201,-97.8639470566292,46.2851082640452,-99.4725788660873,45.2176667797465,1.37611355690346,1.02643014275226,2023.58120431775,2023.9308877319,NA
832,475,0.477407798200775,-116.718966830853,47.2329582969233,-102.67199100216,48.1015246526674,1.37673267432056,0.899324876119782,2023.45409905111,2023.93150684932,EPI_ISL_19560381|A/snow_goose/North_Dakota/23-039129-003-original/2023|H5N1|USA-ND|2023-12-07|wild_avian|B3.6
633,452,0.365084465640558,-97.8190490976356,43.1219551268133,-98.5588853656611,38.5158639622794,1.37673267432056,1.01164820868,2023.56642238367,2023.93150684932,EPI_ISL_19239888|A/chicken/Kansas/23-038719-001-original/2023|H5N1|USA-KS|2023-12-07|domestic_avian|B3.6
754,226,0.344384840517862,-98.9653922306397,42.9145570605734,-98.411812898354,39.2327080592984,1.37673267432056,1.03234783380269,2023.5871220088,2023.93150684932,EPI_ISL_19134618|A/Ross_s_goose/Kansas/W23-949B/2023|H5N1|USA-KS|2023-12-07|wild_avian|B3.6
885,24,0.338135214634304,-92.8955940362079,43.4312278586353,-90.6880497748486,38.4713472420435,1.37673267432056,1.03859745968625,2023.59337163468,2023.93150684932,EPI_ISL_19210891|A/domestic_goose/Missouri/23-039017-001-original/2023|H5N1|USA-MO|2023-12-07|domestic_avian|B3.6
743,223,0.334083339877423,-103.908258357694,44.2083732924013,-111.242185900288,53.9866111903368,1.37673267432056,1.04264933444313,2023.59742350944,2023.93150684932,GenBank|A/chicken/AB/FAV-0441-4-2023/2023|H5N1|Canada-AB|2023-12-07|domestic_avian|B3.6
626,425,0.314565196147412,-101.800294787543,48.0639019429177,-112.087753392481,51.0625028715585,1.37673267432056,1.06216747817314,2023.61694165317,2023.93150684932,GenBank|A/Black-Billed_Magpie/AB/FAV-0044-1-2024/2023|H5N1|Canada-AB|2023-12-07|wild_avian|B3.6
590,398,0.0708700289261073,-115.964379173942,55.8382384377693,-111.865339801044,53.1313879560435,1.37673267432056,1.30586264539445,2023.86063682039,2023.93150684932,GenBank|A/chicken/AB/FAV-0435-1-2023/2023|H5N1|Canada-AB|2023-12-07|domestic_avian|B3.6
552,501,0.395962359357326,-100.861770188216,45.5887499558335,-96.9310769461163,44.0565307515132,1.37947240034791,0.983510040990587,2023.53828421599,2023.93424657534,EPI_ISL_19210890|A/turkey/South_Dakota/23-038978-001-original/2023|H5N1|USA-SD|2023-12-08|domestic_avian|B3.6
561,485,0.328803191064978,-97.0716792979216,44.9411957056896,-90.3960914311653,32.2589185418938,1.37947240034791,1.05066920928294,2023.60544338428,2023.93424657534,EPI_ISL_19559157|A/snow_goose/Mississippi/23-040173-002-original/2023|H5N1|USA-MS|2023-12-08|wild_avian|B3.6
597,369,0.289900497186794,-127.270640983036,49.1275573834862,-88.5126062462757,32.8929457109108,1.37947240034791,1.08957190316112,2023.64434607816,2023.93424657534,EPI_ISL_19559158|A/snow_goose/Mississippi/23-040173-003-original/2023|H5N1|USA-MS|2023-12-08|wild_avian|B3.6
546,509,0.272629697848429,-121.219751599276,40.718556564959,-121.162979131235,38.210808051179,1.37947240034791,1.10684270249948,2023.66161687749,2023.93424657534,EPI_ISL_19224079|A/Muscovy_duck/California/23-039033-001-original/2023|H5N1|USA-CA|2023-12-08|wild_avian|B3.6
574,499,0.268651384794451,-96.533707048183,43.7824106527695,-89.558863145588,34.9134585516162,1.37947240034791,1.11082101555346,2023.66559519055,2023.93424657534,EPI_ISL_19559159|A/snow_goose/Mississippi/23-040173-004-original/2023|H5N1|USA-MS|2023-12-08|wild_avian|B3.6
656,417,0.343775802156004,-97.2469491193702,35.2000154752429,-80.6327317390412,26.8938879690225,1.38221212637527,1.03843632421927,2023.59321049921,2023.93698630137,EPI_ISL_19560351|A/green-winged_teal/Florida/23-040586-005-original-kf/2023|H5N1|USA-FL|2023-12-09|wild_avian|B3.6
981,97,0.258843656168287,-90.5712504231173,38.5233999730195,-82.1602768696715,28.6978104992478,1.38221212637527,1.12336847020698,2023.6781426452,2023.93698630137,EPI_ISL_19559152|A/ring-necked_duck/Florida/23-039641-016-original/2023|H5N1|USA-FL|2023-12-09|wild_avian|B3.6
537,522,0.522255824764637,-108.188436075216,45.89110765349,-97.6195666070352,38.493452413425,1.38769157842999,0.865435753665349,2023.42020992866,2023.94246575342,EPI_ISL_19224084|A/chicken/Kansas/23-039162-001-original/2023|H5N1|USA-KS|2023-12-11|domestic_avian|B3.6
868,16,0.266223863205478,-120.610313045946,39.3638962169569,-120.748264672707,36.8815178475783,1.38769157842999,1.12146771522451,2023.67624189022,2023.94246575342,EPI_ISL_19239895|A/chicken/California/23-039242-001-original/2023|H5N1|USA-CA|2023-12-11|domestic_avian|B3.6
950,176,0.2568753515784,-106.217749667094,43.7619875959872,-85.3002570157166,47.1074288285404,1.38769157842999,1.13081622685159,2023.68559040185,2023.94246575342,GenBank|A/Tundra_Swan/ON/FAV-0464-2-2023/2023|H5N1|Canada-ON|2023-12-11|wild_avian|B3.6
643,644,0.0116786799771447,-99.4725788660873,45.2176667797465,-100.025262160633,45.3947493318124,1.3877922368806,1.37611355690346,2023.9308877319,2023.94256641188,NA
580,453,0.483774248044886,-103.285769059769,47.8331413245954,-94.1339711934536,34.7144849767208,1.39043130445734,0.906657056412458,2023.46143123141,2023.94520547945,EPI_ISL_19260827|A/chicken/Arkansas/23-039417-006-original/2023|H5N1|USA-AR|2023-12-12|domestic_avian|B3.6
606,361,0.386330944308994,-109.640395112623,48.6716199015221,-100.293933009637,39.6017880085668,1.39043130445734,1.00410036014835,2023.55887453514,2023.94520547945,EPI_ISL_19134590|A/snow_goose/Kansas/W23-968E/2023|H5N1|USA-KS|2023-12-12|wild_avian|B3.6
739,264,0.27156916862983,-118.072353032555,52.2372275021301,-129.440719513174,58.8892606368837,1.39043130445734,1.11886213582751,2023.67363631082,2023.94520547945,GenBank|A/chicken/BC/FAV-0456-2-2023/2023|H5N1|Canada-BC|2023-12-12|domestic_avian|B3.6
660,418,0.267640720564925,-100.150965800297,40.0724734773691,-100.052399142833,39.7318820820777,1.39043130445734,1.12279058389242,2023.67756475889,2023.94520547945,EPI_ISL_19137669|A/crow/Kansas/W23-968A/2023|H5N1|USA-KS|2023-12-12|wild_avian|B3.6
752,212,0.266074135412465,-112.105237254444,51.2903077062054,-117.650679622726,48.2120833624255,1.39043130445734,1.12435716904488,2023.67913134404,2023.94520547945,SRR28834898|A/Western_Sandpiper/WA/24-004707-001-original/2023|H5N1|USA-WA|2023-12-12|wild_avian|B3.6
902,37,0.263371056733902,-88.6252074413857,42.1082355066107,-100.114636789955,39.6463996831909,1.39043130445734,1.12706024772344,2023.68183442272,2023.94520547945,EPI_ISL_19134617|A/Ross_s_goose/Kansas/W23-968B/2023|H5N1|USA-KS|2023-12-12|wild_avian|B3.6
897,35,0.0463608211634234,-83.8799158516067,39.9146349231019,-84.5106821172735,40.0139175909226,1.39043130445734,1.34407048329392,2023.89884465829,2023.94520547945,EPI_ISL_19224087|A/chicken/Ohio/23-039418-002-original/2023|H5N1|USA-OH|2023-12-12|domestic_avian|B3.6
761,236,0.332365360413537,-110.757100234268,43.1545764920499,-116.773767279713,46.8963062710585,1.39317103048493,1.06080567007139,2023.61557984507,2023.94794520548,EPI_ISL_19260830|A/chicken/Idaho/23-039649-001-original/2023|H5N1|USA-ID|2023-12-13|domestic_avian|B3.6
555,506,0.322815497580127,-104.581899992403,41.6446162547531,-98.3457657685489,38.4431763347049,1.39317103048493,1.0703555329048,2023.6251297079,2023.94794520548,EPI_ISL_19224088|A/chicken/Kansas/23-039580-008-original/2023|H5N1|USA-KS|2023-12-13|domestic_avian|B3.6
917,156,0.275638449105008,-93.9728348506776,42.6862632167593,-93.7267317936849,44.0961981155687,1.39317103048493,1.11753258137992,2023.67230675637,2023.94794520548,EPI_ISL_19260829|A/chicken/Minnesota/23-039634-001-original/2023|H5N1|USA-MN|2023-12-13|domestic_avian|B3.6
644,645,0.0068870055721777,-100.025262160633,45.3947493318124,-99.3026505144859,45.1474125131987,1.39467924245278,1.3877922368806,2023.94256641188,2023.94945341745,NA
662,410,0.37535660078934,-101.137827531298,43.8448291925435,-79.255939533675,43.9950196438873,1.39591075651229,1.02055415572295,2023.57532833072,2023.95068493151,GenBank|A/Waterfowl/ON/FAV-0051-4-2024/2023|H5N1|Canada-ON|2023-12-14|domestic_avian|B3.6
946,193,0.307457303775103,-108.953429103531,42.9789170638939,-84.1111893726208,46.0903267076919,1.39591075651229,1.08845345273718,2023.64322762773,2023.95068493151,EPI_ISL_19372791|A/tundra_swan/Michigan/23-039967-001-original/2023|H5N1|USA-MI|2023-12-14|wild_avian|B3.6
983,94,0.22085548571721,-96.7365418648516,43.7817039915635,-94.153282978647,45.9360496400407,1.39591075651229,1.17505527079508,2023.72982944579,2023.95068493151,EPI_ISL_19559155|A/Canada_goose/Minnesota/23-040073-002-original/2023|H5N1|USA-MN|2023-12-14|wild_avian|B3.6
924,154,0.130305413556269,-93.4506973715126,48.0620341424267,-91.5270772464188,47.1591091916451,1.39591075651229,1.26560534295602,2023.82037951795,2023.95068493151,EPI_ISL_19559156|A/Canada_goose/Minnesota/23-040073-003-original/2023|H5N1|USA-MN|2023-12-14|wild_avian|B3.6
643,450,0.0197971996088266,-99.4725788660873,45.2176667797465,-99.5188787145366,45.2464079236607,1.39591075651229,1.37611355690346,2023.9308877319,2023.95068493151,EPI_ISL_19260832|A/pheasant/South_Dakota/23-039759-001-original/2023|H5N1|USA-SD|2023-12-14|domestic_avian|B3.6
912,915,0.0701237375464105,-85.3033245223755,40.1258663274613,-85.8678743757816,40.9456670705299,1.39811448222956,1.32799074468315,2023.88276491968,2023.95288865722,NA
701,252,0.0614416978542256,-122.942433437091,38.4257216076156,-122.952326663427,38.4911146261875,1.39865048253964,1.33720878468542,2023.89198295968,2023.95342465753,EPI_ISL_19260834|A/chicken/California/23-039773-001-original/2023|H5N1|USA-CA|2023-12-15|domestic_avian|B3.6
985,986,0.344110335649986,-97.8193289294613,44.7390280255456,-80.277357114331,30.0238993938105,1.39956626917588,1.05545593352589,2023.61023010852,2023.95434044417,NA
797,798,0.297466040118066,-118.257476011745,49.0729126552802,-120.198661033223,47.3753669710542,1.4025541010039,1.10508806088584,2023.65986223588,2023.957328276,NA
969,117,0.27172489962299,-82.423982364143,44.9865289006163,-86.1409037924379,43.4262847817851,1.40412993459436,1.13240503497137,2023.68717920997,2023.95890410959,EPI_ISL_19273328|A/turkey/Michigan/23-039966-002-original/2023|H5N1|USA-MI|2023-12-17|domestic_avian|B3.6
798,802,0.00283937676856572,-120.198661033223,47.3753669710542,-121.692271090062,47.9652904502878,1.40539347777247,1.4025541010039,2023.957328276,2023.96016765277,NA
604,386,0.289430977232692,-117.846413997258,53.9750746225645,-127.680296037542,54.5409108105952,1.40686966062194,1.11743868338925,2023.67221285838,2023.96164383562,EPI_ISL_19303631|A/Canada_Goose/BC/AIVPHL-1568/2023|H5N1|Canada-BC|2023-12-18|wild_avian|B3.6
645,449,0.0121904181691612,-99.3026505144859,45.1474125131987,-99.3965131451029,45.4175456485481,1.40686966062194,1.39467924245278,2023.94945341745,2023.96164383562,EPI_ISL_19260836|A/pheasant/South_Dakota/23-040343-001-original/2023|H5N1|USA-SD|2023-12-18|domestic_avian|B3.6
726,244,0.404901104093414,-110.23563875025,45.7988628074724,-114.907310438698,54.0872463476673,1.4096093866493,1.00470828255589,2023.55948245755,2023.96438356164,GenBank|A/Striped_Skunk/AB/FAV-0043-1-2024/2023|H5N1|Canada-AB|2023-12-19|other_mammal|B3.6
670,407,0.30744594182815,-99.8456153765184,43.6351098493367,-116.536512322214,54.3861941301464,1.4096093866493,1.10216344482115,2023.65693761982,2023.96438356164,GenBank|A/chicken/AB/FAV-0004-1-2024/2023|H5N1|Canada-AB|2023-12-19|domestic_avian|B3.6
798,799,0.00796685052975055,-120.198661033223,47.3753669710542,-119.831465381709,46.3133228546698,1.41052095153365,1.4025541010039,2023.957328276,2023.96529512653,NA
767,204,0.39472584148997,-102.168316114494,41.8866710793737,-111.509786892918,50.0225235708136,1.41234911267666,1.01762327118669,2023.57239744618,2023.96712328767,GenBank|A/Great_Horned_Owl/AB/FAV-0041-1-2024/2023|H5N1|Canada-AB|2023-12-20|wild_avian|B3.6
569,490,0.289966782807978,-98.8497681790085,46.693078234281,-100.390315415286,37.3020397243015,1.41234911267666,1.12238232986868,2023.67715650486,2023.96712328767,EPI_ISL_19064383|A/snow_goose/Kansas/W23-949C/2023|H5N1|USA-KS|2023-12-20|wild_avian|B3.6
728,245,0.039986475202372,-119.367856425457,45.2844938397331,-119.9642257381,46.4559688827595,1.41508883870401,1.37510236350164,2023.9298765385,2023.9698630137,GenBank|A/Striped_Skunk/ID/W233560055-1-3/2023|H5N1|USA-WA|2023-12-21|other_mammal|B3.6
728,246,0.0427262012297294,-119.367856425457,45.2844938397331,-116.277344095507,43.1214106754816,1.41782856473137,1.37510236350164,2023.9298765385,2023.97260273973,EPI_ISL_18914519|A/skunk/Idaho/24-000208-001/2023|H5N1|USA-ID|2023-12-22|other_mammal|B3.6
702,250,0.0808104189680479,-123.775075761734,38.5241215839457,-122.680721723544,37.9985240253152,1.42056829075873,1.33975787179068,2023.89453204679,2023.97534246575,EPI_ISL_19288900|A/chicken/California/23-040996-002-original/2023|H5N1|USA-CA|2023-12-23|domestic_avian|B3.6
986,987,0.0219144402809812,-80.277357114331,30.0238993938105,-73.2241872942937,26.2268378403707,1.42148070945686,1.39956626917588,2023.95434044417,2023.97625488445,NA
984,93,0.0905954882452564,-100.186657399976,49.1276427576725,-95.0195523228373,46.3510193945343,1.42330801678631,1.33271252854106,2023.88748670354,2023.97808219178,EPI_ISL_19288893|A/turkey/Minnesota/23-040874-001-original/2023|H5N1|USA-MN|2023-12-24|domestic_avian|B3.6
625,427,0.367594747440764,-101.317313352359,47.8768670964406,-102.277146898572,56.4685010071513,1.43152719486839,1.06393244742762,2023.61870662242,2023.98630136986,GenBank|A/Great_Horned_Owl/SK/FAV-0187-48-2024/2023|H5N1|Canada-SK|2023-12-27|wild_avian|B3.6
986,988,0.0341373383145192,-80.277357114331,30.0238993938105,-78.234679293847,26.5646536782023,1.4337036074904,1.39956626917588,2023.95434044417,2023.98847778249,NA
979,98,0.246875157586798,-85.9145342575982,26.1414852355068,-91.653051718929,47.957924256532,1.43426692089574,1.18739176330895,2023.7421659383,2023.98904109589,EPI_ISL_19559098|A/trumpeter_swan/Minnesota/24-000301-001-original/2023|H5N1|USA-MN|2023-12-28|wild_avian|B3.6
661,420,0.08365847391662,-91.4841944903992,36.605624957387,-83.0636863771057,30.3200233278274,1.44248609897804,1.35882762506142,2023.91360180006,2023.99726027397,EPI_ISL_19159900|A/bottlenose_dolphin/Florida/038155-001/2023|H5N1|USA-FL|2023-12-31|other_mammal|B3.6
866,12,0.102691517350689,-121.345963364412,37.4783192785833,-120.881774252111,36.9911970625631,1.45069030587965,1.34799878852896,2023.90277296352,2024.00546448087,EPI_ISL_18914524|A/domestic_goose/California/24-000492-001/2024|H5N1|USA-CA|2024-01-03|domestic_avian|B3.6
851,472,0.397192531669059,-99.759974404846,44.0160902630662,-85.7197320411891,44.2160908488432,1.45342254631678,1.05623001464772,2023.61100418964,2024.00819672131,EPI_ISL_19372792|A/Canada_goose/Michigan/24-000650-001-original/2024|H5N1|USA-MI|2024-01-04|wild_avian|B3.6
848,469,0.380090749912048,-111.948248697296,48.7963052380692,-103.72259260748,39.5956109695554,1.45342254631678,1.07333179640473,2023.6281059714,2024.00819672131,EPI_ISL_18914527|A/chicken/Colorado/24-000499-001/2024|H5N1|USA-CO|2024-01-04|domestic_avian|B3.6
546,510,0.346579843817295,-121.219751599276,40.718556564959,-121.426928632871,38.2688785583323,1.45342254631678,1.10684270249948,2023.66161687749,2024.00819672131,EPI_ISL_18914526|A/chicken/California/24-000494-002/2024|H5N1|USA-CA|2024-01-04|domestic_avian|B3.6
984,92,0.120710017775721,-100.186657399976,49.1276427576725,-93.9732175096434,45.3972068576415,1.45342254631678,1.33271252854106,2023.88748670354,2024.00819672131,EPI_ISL_18914531|A/chicken/Minnesota/24-000764-001/2024|H5N1|USA-MN|2024-01-04|domestic_avian|B3.6
961,126,0.427408501803811,-94.7005603916968,41.5248370012318,-80.4991161980861,33.5502343338968,1.46708374850264,1.03967524669883,2023.59444942169,2024.0218579235,SRR28834905|A/Red-tailed_Hawk/SC/24-005993-001-original/2024|H5N1|USA-SC|2024-01-09|wild_avian|B3.6
584,391,0.485327475621351,-101.530453127327,45.3206940372238,-98.3916025361877,39.5477703299057,1.46981598893976,0.984488513318412,2023.53926268831,2024.02459016393,EPI_ISL_19372793|A/pheasant/Kansas/24-001018-001-original/2024|H5N1|USA-KS|2024-01-10|domestic_avian|B3.6
647,445,0.418522918979136,-101.533705877365,49.5192645331674,-111.216162131109,47.1506801630316,1.46981598893976,1.05129306996063,2023.60606724496,2024.02459016393,EPI_ISL_19341024|A/chicken/Montana/24-001136-002-original/2024|H5N1|USA-MT|2024-01-10|domestic_avian|B3.6
644,448,0.08202375205916,-100.025262160633,45.3947493318124,-98.593392670939,45.0516825320853,1.46981598893976,1.3877922368806,2023.94256641188,2024.02459016393,EPI_ISL_19372794|A/pheasant/South_Dakota/24-001107-001-original/2024|H5N1|USA-SD|2024-01-10|domestic_avian|B3.6
671,404,0.413117392093279,-102.672862844967,46.539565165469,-103.579872462587,57.4258120780469,1.47528046981424,1.06216307772096,2023.61693725272,2024.03005464481,GenBank|A/chicken/SK/FAV-0013-1-2024/2024|H5N1|Canada-SK|2024-01-12|domestic_avian|B3.6
1001,1009,0.140208708117752,-86.706344568925,43.6378407246515,-83.8428761860403,42.5017569104171,1.47536246691568,1.33515375879792,2023.88992793379,2024.03013664191,NA
1001,1002,0.142944520873165,-86.706344568925,43.6378407246515,-79.2355170036847,40.6386803467304,1.47809827967109,1.33515375879792,2023.88992793379,2024.03287245467,NA
645,447,0.0915301891099667,-99.3026505144859,45.1474125131987,-99.2783644719581,45.4118798478762,1.48620943156275,1.39467924245278,2023.94945341745,2024.04098360656,EPI_ISL_19372799|A/pheasant/South_Dakota/24-001637-001-original/2024|H5N1|USA-SD|2024-01-16|domestic_avian|B3.6
799,800,0.0796828482009355,-119.831465381709,46.3133228546698,-121.872878238245,46.2664290405898,1.49020379973459,1.41052095153365,2023.96529512653,2024.04497797473,NA
545,511,0.403907208525089,-117.200523434518,37.9232923558551,-121.286808247711,38.9485338926324,1.491673912437,1.08776670391191,2023.64254087891,2024.04644808743,EPI_ISL_19372812|A/guinea_fowl/California/24-003250-002-original/2024|H5N1|USA-CA|2024-01-18|domestic_avian|B3.6
843,461,0.367005648587628,-115.155076032096,42.4737558352375,-118.996028762239,51.2954059915884,1.49440615287435,1.12740050428673,2023.68217467928,2024.04918032787,GenBank|A/American_Crow/BC/OTH-0049-6-2024/2024|H5N1|Canada-BC|2024-01-19|wild_avian|B3.6
800,801,0.00728119303860231,-121.872878238245,46.2664290405898,-117.150350203538,45.2008676104128,1.49748499277319,1.49020379973459,2024.04497797473,2024.05225916777,NA
649,650,0.370134302692323,-104.263787484573,49.6688247427887,-104.164174933263,49.8584218416423,1.49835649287122,1.12822219017889,2023.68299636517,2024.05313066787,NA
564,486,0.404722502107661,-101.696919053075,48.4659857770802,-86.9271939971236,38.7133098336049,1.50533511462286,1.1006126125152,2023.65538678751,2024.06010928962,EPI_ISL_19372806|A/turkey/Indiana/24-002432-002-original/2024|H5N1|USA-IN|2024-01-23|domestic_avian|B3.6
802,326,0.0999416368503898,-121.692271090062,47.9652904502878,-121.775799743786,48.416590419994,1.50533511462286,1.40539347777247,2023.96016765277,2024.06010928962,EPI_ISL_19559123|A/northern_shoveler/Washington/24-003120-031-original/2024|H5N1|USA-WA|2024-01-23|wild_avian|B3.6
799,327,0.094814163089205,-119.831465381709,46.3133228546698,-120.94185052829,45.7364101497058,1.50533511462286,1.41052095153365,2023.96529512653,2024.06010928962,EPI_ISL_19559125|A/northern_shoveler/Washington/24-003120-032-original/2024|H5N1|USA-WA|2024-01-23|wild_avian|B3.6
987,111,0.0838544051660008,-73.2241872942937,26.2268378403707,-82.0373086584258,27.2783634874019,1.50533511462286,1.42148070945686,2023.97625488445,2024.06010928962,EPI_ISL_19372809|A/chicken/Florida/24-002738-001-original/2024|H5N1|USA-FL|2024-01-23|domestic_avian|B3.6
800,328,0.0151313148882695,-121.872878238245,46.2664290405898,-122.636725108168,45.7369806069721,1.50533511462286,1.49020379973459,2024.04497797473,2024.06010928962,EPI_ISL_19559116|A/northern_shoveler/Washington/24-003120-012-original/2024|H5N1|USA-WA|2024-01-23|wild_avian|B3.6
801,329,0.00785012184966716,-117.150350203538,45.2008676104128,-81.8369063159247,35.5105387307324,1.50533511462286,1.49748499277319,2024.05225916777,2024.06010928962,EPI_ISL_19559110|A/mallard/North_Carolina/24-003120-002-original/2024|H5N1|USA-NC|2024-01-23|wild_avian|B3.6
801,330,0.00785012184966716,-117.150350203538,45.2008676104128,-117.187673780558,46.0162026677438,1.50533511462286,1.49748499277319,2024.05225916777,2024.06010928962,EPI_ISL_19559119|A/northern_shoveler/Washington/24-003120-021-original/2024|H5N1|USA-WA|2024-01-23|wild_avian|B3.6
591,397,0.201643746445147,-118.344593376872,56.313441917136,-121.575723261674,39.1284723054596,1.51626407637159,1.31462032992644,2023.86939450492,2024.07103825137,SRR36615123|A/red-tailed_hawk/California/24-003714-001/2024||USA-CA|2024-01-27|wild_avian|B3.6
547,513,0.528775255972632,-106.666031734221,46.214800095508,-119.574692095979,46.8974638660668,1.51899631680872,0.990221060836085,2023.54499523583,2024.0737704918,EPI_ISL_19387821|A/mallard/Washington/24-003952-017-original/2024|H5N1|USA-WA|2024-01-28|wild_avian|B3.6
650,442,0.0261043048117529,-104.164174933263,49.8584218416423,-113.588625722488,46.2654371182154,1.52446079768297,1.49835649287122,2024.05313066787,2024.07923497268,EPI_ISL_19094507|A/mountain_lion/Montana/24_005908-001/2024|H5N1|USA-MT|2024-01-30|feline|B3.6
1009,53,0.0545628116415446,-83.8428761860403,42.5017569104171,-93.7208225183539,49.7472781654938,1.52992527855722,1.47536246691568,2024.03013664191,2024.08469945355,GenBank|A/Turkey/ON/FAV-0038-1-2024/2024|H5N1|Canada-ON|2024-02-01|domestic_avian|B3.6
936,134,0.529109179643331,-96.8200401182604,48.9652290064279,-110.980581812766,51.2824321332848,1.53265751899457,1.00354833935124,2023.55832251435,2024.08743169399,GenBank|A/Great_Horned_Owl/AB/FAV-0069-1-2024/2024|H5N1|Canada-AB|2024-02-02|wild_avian|B3.6
774,230,0.445630520219719,-106.618592062595,41.0545725139609,-110.691487659886,37.7868924409355,1.53265751899457,1.08702699877486,2023.64180117377,2024.08743169399,SRR28834963|A/Harris_s_Hawk/UT/24-004080-001-original-repeat2/2024|H5N1|USA-UT|2024-02-02|other|B3.6
911,163,0.230613963941797,-84.1270908028159,42.347509226698,-89.2437546710456,51.9892100016801,1.5353897594317,1.3047757954899,2023.85954997048,2024.09016393443,GenBank|A/Herring_Gull/ON/FAV-0056-1-2024/2024|H5N1|Canada-ON|2024-02-03|wild_avian|B3.6
1002,1003,0.0606092180441482,-79.2355170036847,40.6386803467304,-79.0172104739435,40.1248800449411,1.53870749771524,1.47809827967109,2024.03287245467,2024.09348167271,NA
869,9,0.413106400692545,-120.243979633966,38.7059331764447,-120.449401113327,39.6575260588456,1.54358648074308,1.13048008005053,2023.68525425505,2024.09836065574,SRR28834913|A/Mute_Swan/CA/24-005918-001-original/2024|H5N1|USA-CA|2024-02-06|wild_avian|B3.6
842,458,0.243546770726492,-116.167982721897,43.039944744775,-116.081964356121,42.8659405785638,1.54631872118021,1.30277195045371,2023.85754612545,2024.10109289617,EPI_ISL_19372820|A/chicken/Idaho/24-004163-001-original/2024|H5N1|USA-ID|2024-02-07|domestic_avian|B3.6
915,165,0.148204238950644,-85.8678743757816,40.9456670705299,-79.0803691468835,42.837416700936,1.54631872118021,1.39811448222956,2023.95288865722,2024.10109289617,GenBank|A/Mallard/ON/FAV-0062-9-2024/2024|H5N1|Canada-ON|2024-02-07|wild_avian|B3.6
987,112,0.124838011723348,-73.2241872942937,26.2268378403707,-80.4623471019606,25.34605151494,1.54631872118021,1.42148070945686,2023.97625488445,2024.10109289617,EPI_ISL_19372825|A/chicken/Florida/24-004649-001-original/2024|H5N1|USA-FL|2024-02-07|domestic_avian|B3.6
704,256,0.527322379884556,-117.254503239518,46.7077617359577,-114.496477685747,42.3598909853508,1.55178320205469,1.02446082217013,2023.57923499716,2024.10655737705,EPI_ISL_19372824|A/chicken/Idaho/24-004368-003-original/2024|H5N1|USA-ID|2024-02-09|domestic_avian|B3.6
1002,45,0.0736849223835958,-79.2355170036847,40.6386803467304,-80.163268715095,42.3802864582841,1.55178320205469,1.47809827967109,2024.03287245467,2024.10655737705,GenBank|A/Rough-Legged_Hawk/ON/FAV-0127-2-2024/2024|H5N1|Canada-ON|2024-02-09|wild_avian|B3.6
548,549,0.506781680006628,-98.228120219749,47.5757754621273,-84.2906926514512,41.0032201494609,1.55304124333352,1.04625956332689,2023.60103373832,2024.10781541833,NA
597,598,0.466988604759521,-127.270640983036,49.1275573834862,-125.16465104149,49.6117447264796,1.55656050792064,1.08957190316112,2023.64434607816,2024.11133468292,NA
864,867,0.288743425406394,-116.627879533818,35.0191626813716,-122.209530338269,37.8374204501825,1.5620682958533,1.27332487044691,2023.82809904544,2024.11684247085,NA
912,913,0.236018777606155,-85.3033245223755,40.1258663274613,-84.1894242049643,40.1526913064987,1.56400952228931,1.32799074468315,2023.88276491968,2024.11878369728,NA
598,599,0.00967255822649515,-125.16465104149,49.6117447264796,-125.505311792853,48.6733928912981,1.56623306614714,1.55656050792064,2024.11133468292,2024.12100724114,NA
635,432,0.46568473038384,-98.6132059741132,45.2888671200318,-106.746818227559,34.687441608924,1.56817664467744,1.1024919142936,2023.65726608929,2024.12295081967,SRR28834917|A/Canada_Goose/NM/24-005749-001-original/2024|H5N1|USA-NM|2024-02-15|wild_avian|B3.6
549,550,0.0170185796221858,-84.2906926514512,41.0032201494609,-85.0097414091502,41.1835022972467,1.5700598229557,1.55304124333352,2024.10781541833,2024.12483399795,NA
610,612,0.526062112795329,-84.8172204676437,40.3148954554041,-82.6486750060337,39.5014379649093,1.57038342726894,1.04432131447361,2023.59909548947,2024.12515760226,NA
838,839,0.50800160855041,-116.850364989858,46.9280122366583,-117.496027525517,47.6433201693593,1.57045454897028,1.06245294041987,2023.61722711541,2024.12522872396,NA
612,614,0.00015609084546786,-82.6486750060337,39.5014379649093,-82.7319821967012,39.5202894369088,1.57053951811441,1.57038342726894,2024.12515760226,2024.12531369311,NA
1036,72,0.447826664890297,-89.8194441651924,42.5414122427517,-76.9413595703275,38.3520979321473,1.5709088851148,1.1230822202245,2023.67785639522,2024.12568306011,SRR28834923|A/chicken/MD/24-005539-001-original/2024|H5N1|USA-MD|2024-02-16|domestic_avian|B3.6
1003,1004,0.0331816057878922,-79.0172104739435,40.1248800449411,-79.4393198465528,38.8246353201022,1.57188910350313,1.53870749771524,2024.09348167271,2024.1266632785,NA
614,616,0.00144417759994053,-82.7319821967012,39.5202894369088,-81.0134654784084,38.052359173719,1.57198369571435,1.57053951811441,2024.12531369311,2024.12675787071,NA
913,914,0.00799734710018107,-84.1894242049643,40.1526913064987,-82.914319432837,39.8556636292662,1.57200686938949,1.56400952228931,2024.11878369728,2024.12678104438,NA
604,605,0.458932345194974,-117.846413997258,53.9750746225645,-115.050859017094,51.4405257846121,1.57637102858422,1.11743868338925,2023.67221285838,2024.13114520358,NA
913,161,0.0123638436997426,-84.1894242049643,40.1526913064987,-82.8704501286647,39.8142173643768,1.57637336598905,1.56400952228931,2024.11878369728,2024.13114754098,SRR28834962|A/chicken/OH/24-005334-002-original/2024|H5N1|USA-OH|2024-02-18|domestic_avian|B3.6
914,160,0.00436649659956156,-82.914319432837,39.8556636292662,-82.9548880251743,40.5539202702858,1.57637336598905,1.57200686938949,2024.12678104438,2024.13114754098,GenBank|A/chicken/Ohio/OH24-3895-2/2024|H5N1|USA-OH|2024-02-18|domestic_avian|B3.6
914,162,0.00436649659956156,-82.914319432837,39.8556636292662,-83.0073391152934,39.8354896655929,1.57637336598905,1.57200686938949,2024.12678104438,2024.13114754098,SRR28834884|A/chicken/OH/24-005334-001-original/2024|H5N1|USA-OH|2024-02-18|domestic_avian|B3.6
599,600,0.0140762725420824,-125.505311792853,48.6733928912981,-123.573139074419,49.0956548603949,1.58030933868922,1.56623306614714,2024.12100724114,2024.13508351368,NA
867,14,0.0197695510100004,-122.209530338269,37.8374204501825,-121.822687215725,37.6026863753408,1.5818378468633,1.5620682958533,2024.11684247085,2024.13661202186,EPI_ISL_19094497|A/turkey_vulture/California/24_007419-001/2024|H5N1|USA-CA|2024-02-20|wild_avian|B3.6
867,15,0.0197695510100004,-122.209530338269,37.8374204501825,-121.553233424607,37.3389957481269,1.5818378468633,1.5620682958533,2024.11684247085,2024.13661202186,SRR36614497|A/turkey_vulture/California/24-007419-001/2024||USA-CA|2024-02-20|wild_avian|B3.6
540,541,0.241017962532409,-106.778233484745,44.5880650800856,-95.7755514272273,45.3089084662619,1.58195390397656,1.34093594144415,2023.89571011644,2024.13672807897,NA
664,665,0.513171001243841,-100.955106202519,43.5957577999978,-99.2518673839801,44.2272322423214,1.58443639640927,1.07126539516543,2023.62603957016,2024.1392105714,NA
591,399,0.269949757373983,-118.344593376872,56.313441917136,-117.150093527414,43.4716662937583,1.58457008730043,1.31462032992644,2023.86939450492,2024.1393442623,SRR28834903|A/Great-horned_Owl/OR/24-006223-001-original/2024|H5N1|USA-OR|2024-02-21|wild_avian|B3.6
549,516,0.0315288439669097,-84.2906926514512,41.0032201494609,-84.9439150546229,41.0203205950411,1.58457008730043,1.55304124333352,2024.10781541833,2024.1393442623,SRR28834921|A/chicken/IN/24-005716-002-original/2024|H5N1|USA-IN|2024-02-21|domestic_avian|B3.6
550,514,0.0145102643447239,-85.0097414091502,41.1835022972467,-85.0699701472754,41.2526366293715,1.58457008730043,1.5700598229557,2024.12483399795,2024.1393442623,SRR28834918|A/chicken/IN/24-005716-006-original/2024|H5N1|USA-IN|2024-02-21|domestic_avian|B3.6
550,515,0.0145102643447239,-85.0097414091502,41.1835022972467,-85.3333597391885,41.695126226505,1.58457008730043,1.5700598229557,2024.12483399795,2024.1393442623,SRR28834919|A/chicken/IN/24-005716-003-original/2024|H5N1|USA-IN|2024-02-21|domestic_avian|B3.6
600,601,0.00468448170072633,-123.573139074419,49.0956548603949,-123.437595398013,48.9263074753771,1.58499382038994,1.58030933868922,2024.13508351368,2024.13976799538,NA
601,602,0.00177393330762232,-123.437595398013,48.9263074753771,-122.554548255297,48.6235503630955,1.58676775369757,1.58499382038994,2024.13976799538,2024.14154192869,NA
616,620,0.0152492518100271,-81.0134654784084,38.052359173719,-75.2070150778305,36.9218338118617,1.58723294752438,1.57198369571435,2024.12675787071,2024.14200712252,NA
616,617,0.0158349135110618,-81.0134654784084,38.052359173719,-75.6620818284682,37.0078086985026,1.58781860922541,1.57198369571435,2024.12675787071,2024.14259278422,NA
598,363,0.0334740602542654,-125.16465104149,49.6117447264796,-122.583840086582,47.3525506661085,1.59003456817491,1.55656050792064,2024.11133468292,2024.14480874317,SRR28834907|A/Skunk/WA/24-005959-005-original/2024|H5N1|USA-WA|2024-02-23|other_mammal|B3.6
599,368,0.0238015020277702,-125.505311792853,48.6733928912981,-124.641175378416,48.213539212509,1.59003456817491,1.56623306614714,2024.12100724114,2024.14480874317,SRR28834910|A/Skunk/WA/24-005959-003-original/2024|H5N1|USA-WA|2024-02-23|other_mammal|B3.6
600,365,0.00972522948568777,-123.573139074419,49.0956548603949,-120.045602675158,46.3800575385347,1.59003456817491,1.58030933868922,2024.13508351368,2024.14480874317,SRR28834912|A/Skunk/WA/24-005959-001-original/2024|H5N1|USA-WA|2024-02-23|other_mammal|B3.6
601,364,0.00504074778496144,-123.437595398013,48.9263074753771,-117.580739760778,48.7455128883016,1.59003456817491,1.58499382038994,2024.13976799538,2024.14480874317,EPI_ISL_19094500|A/skunk/Washington/24_005959-002/2024|H5N1|USA-WA|2024-02-23|other_mammal|B3.6
602,366,0.00326681447733912,-122.554548255297,48.6235503630955,-123.276391490291,46.3043367575343,1.59003456817491,1.58676775369757,2024.14154192869,2024.14480874317,SRR28834911|A/skunk/Washington/24-005959-002/2024|H5N1|USA-WA|2024-02-23|other_mammal|B3.6
602,367,0.00326681447733912,-122.554548255297,48.6235503630955,-121.964527833379,48.7929320948152,1.59003456817491,1.58676775369757,2024.14154192869,2024.14480874317,SRR28834906|A/Skunk/WA/24-005959-006-original/2024|H5N1|USA-WA|2024-02-23|other_mammal|B3.6
541,518,0.010812904635475,-95.7755514272273,45.3089084662619,-95.9275409230506,45.4921221556436,1.59276680861203,1.58195390397656,2024.13672807897,2024.14754098361,SRR28834916|A/chicken/MN/24-005907-001-original/2024|H5N1|USA-MN|2024-02-24|domestic_avian|B3.6
617,618,0.00541455443140726,-75.6620818284682,37.0078086985026,-75.7022640451359,36.9820911586122,1.59323316365682,1.58781860922541,2024.14259278422,2024.14800733865,NA
540,542,0.253456664281463,-106.778233484745,44.5880650800856,-102.873264341637,45.3323747529148,1.59439260572561,1.34093594144415,2023.89571011644,2024.14916678072,NA
1004,1005,0.0254129977335549,-79.4393198465528,38.8246353201022,-79.5313243859906,37.5687003356198,1.59730210123668,1.57188910350313,2024.1266632785,2024.15207627623,NA
614,615,0.0267851158699393,-82.7319821967012,39.5202894369088,-77.1832914372406,37.0041546954239,1.59732463398435,1.57053951811441,2024.12531369311,2024.15209880898,NA
612,613,0.0272823183324202,-82.6486750060337,39.5014379649093,-77.5916539206144,36.8951641927272,1.59766574560136,1.57038342726894,2024.12515760226,2024.1524399206,NA
618,619,0.00453624199225877,-75.7022640451359,36.9820911586122,-75.962958035567,37.0251872173153,1.59776940564908,1.59323316365682,2024.14800733865,2024.15254358064,NA
650,441,0.0998747966150688,-104.164174933263,49.8584218416423,-107.995645990804,48.1502208555952,1.59823128948628,1.49835649287122,2024.05313066787,2024.15300546448,EPI_ISL_19083124|A/Mountain_Lion/Montana/01/2024|H5N1|USA-MT|2024-02-26|feline|B3.6
926,194,0.56026410441998,-96.2086936568638,43.4766495148168,-102.149803853626,39.0265181395109,1.60096352992341,1.04069942550343,2023.5954736005,2024.15573770492,SRR28834937|A/Snow_Goose/CO/24-007706-001-original/2024|H5N1|USA-CO|2024-02-27|wild_avian|B3.6
641,439,0.58795923315727,-95.8701149080121,44.5595929164265,-95.8650655276129,47.6521278731859,1.60369577036054,1.01573653720327,2023.5705107122,2024.15846994536,SRR28834900|A/Mallard/MN/24-006961-018-original/2024|H5N1|USA-MN|2024-02-28|wild_avian|B3.6
1005,1008,0.00798510740854708,-79.5313243859906,37.5687003356198,-79.4566943190491,37.5560901917712,1.60528720864523,1.59730210123668,2024.15207627623,2024.16006138364,NA
1032,71,0.535944205171053,-94.6797928147159,39.0578105368471,-91.7679644455907,42.1345377052056,1.60916025123502,1.07321604606396,2023.62799022106,2024.16393442623,SRR28834901|A/American_Crow/IA/24-006634-001-original-repeat/2024|H5N1|USA-IA|2024-03-01|wild_avian|B3.6
615,378,0.0145678576877952,-77.1832914372406,37.0041546954239,-76.7464733126638,37.0016672600573,1.61189249167214,1.59732463398435,2024.15209880898,2024.16666666667,EPI_ISL_19184039|A/sanderling/Virginia/W24-190I/2024|H5N1|USA-VA|2024-03-02|wild_avian|B3.6
988,989,0.180208733146592,-78.234679293847,26.5646536782023,-85.651838766557,29.3667161388071,1.61391234063699,1.4337036074904,2023.98847778249,2024.16868651563,NA
1005,1006,0.022870132162637,-79.5313243859906,37.5687003356198,-79.0395906391233,37.5353805720007,1.62017223339932,1.59730210123668,2024.15207627623,2024.17494640839,NA
589,396,0.611444786399194,-107.910558836343,45.4049862606757,-122.20757730072,42.0819200525448,1.62555369385777,1.01410890745858,2023.56888308245,2024.18032786885,SRR28834938|A/chicken/OR/24-007557-001-original/2024|H5N1|USA-OR|2024-03-07|domestic_avian|B3.6
665,412,0.0411172974484999,-99.2518673839801,44.2272322423214,-93.3526136327954,44.0252710485047,1.62555369385777,1.58443639640927,2024.1392105714,2024.18032786885,SRR28834944|A/chicken/MN/24-007263-003-original/2024|H5N1|USA-MN|2024-03-07|domestic_avian|B3.6
665,413,0.0411172974484999,-99.2518673839801,44.2272322423214,-96.7227840101427,46.6454761619034,1.62555369385777,1.58443639640927,2024.1392105714,2024.18032786885,SRR28834946|A/Turkey/MN/24-007263-001-original/2024|H5N1|USA-MN|2024-03-07|domestic_avian|B3.6
541,519,0.0463320303185699,-95.7755514272273,45.3089084662619,-95.7785576778136,44.8640898011226,1.62828593429513,1.58195390397656,2024.13672807897,2024.18306010929,SRR28834955|A/goat/MN/24-007234-035/2024|H5N1|USA-MN|2024-03-08|other_mammal|B3.6
542,520,0.0338933285695164,-102.873264341637,45.3323747529148,-97.7823495508326,43.3697327442147,1.62828593429513,1.59439260572561,2024.14916678072,2024.18306010929,SRR28834943|A/Turkey/SD/24-007379-001-original/2024|H5N1|USA-SD|2024-03-08|domestic_avian|B3.6
542,521,0.0338933285695164,-102.873264341637,45.3323747529148,-102.635924967781,45.6256719448373,1.62828593429513,1.59439260572561,2024.14916678072,2024.18306010929,SRR28834942|A/Turkey/SD/24-007379-002-original/2024|H5N1|USA-SD|2024-03-08|domestic_avian|B3.6
613,373,0.0306201886937665,-77.5916539206144,36.8951641927272,-76.3066837389282,36.9564413808208,1.62828593429513,1.59766574560136,2024.1524399206,2024.18306010929,EPI_ISL_19184046|A/sanderling/Virginia/W24-190G/2024|H5N1|USA-VA|2024-03-08|wild_avian|B3.6
620,370,0.0437852272078774,-75.2070150778305,36.9218338118617,-76.6663619676387,37.2258849887175,1.63101817473225,1.58723294752438,2024.14200712252,2024.18579234973,EPI_ISL_19437974|A/sanderling/Virginia/W24-190D/2024|H5N1|USA-VA|2024-03-09|wild_avian|B3.6
1009,1010,0.156277926688648,-83.8428761860403,42.5017569104171,-77.4545389465296,38.8001417874934,1.63164039360433,1.47536246691568,2024.03013664191,2024.1864145686,NA
618,376,0.0405172515125616,-75.7022640451359,36.9820911586122,-76.3326950921616,36.9326608598663,1.63375041516938,1.59323316365682,2024.14800733865,2024.18852459016,EPI_ISL_19178101|A/sanderling/Virginia/W24-190B/2024|H5N1|USA-VA|2024-03-10|wild_avian|B3.6
615,379,0.0364257811850319,-77.1832914372406,37.0041546954239,-76.2488737129888,36.9173512022358,1.63375041516938,1.59732463398435,2024.15209880898,2024.18852459016,EPI_ISL_19178095|A/sanderling/Virginia/W24-190A/2024|H5N1|USA-VA|2024-03-10|wild_avian|B3.6
559,481,0.631392311020794,-102.810759217362,42.9110926245306,-107.211230110749,48.2906417509572,1.63648265560651,1.00509034458571,2023.55986451958,2024.1912568306,SRR28834936|A/Skunk/MT/24-007939-001-original/2024|H5N1|USA-MT|2024-03-11|other_mammal|B3.6
839,463,0.0660281066362287,-117.496027525517,47.6433201693593,-124.338551383164,48.2083704958041,1.63648265560651,1.57045454897028,2024.12522872396,2024.1912568306,SRR36628403|A/bald_eagle/Washington/24-007953-001/2024||USA-WA|2024-03-11|wild_avian|B3.6
839,464,0.0660281066362287,-117.496027525517,47.6433201693593,-117.391984119944,47.5707855482244,1.63648265560651,1.57045454897028,2024.12522872396,2024.1912568306,EPI_ISL_19094517|A/bald_eagle/Washington/24_007953-001/2024|H5N1|USA-WA|2024-03-11|wild_avian|B3.6
620,371,0.0492497080821297,-75.2070150778305,36.9218338118617,-76.2721178253358,36.9403077107536,1.63648265560651,1.58723294752438,2024.14200712252,2024.1912568306,EPI_ISL_19184038|A/sanderling/Virginia/W24-190J/2024|H5N1|USA-VA|2024-03-11|wild_avian|B3.6
1010,54,0.00484226200218085,-77.4545389465296,38.8001417874934,-79.1402575258246,37.1715568135824,1.63648265560651,1.63164039360433,2024.1864145686,2024.1912568306,SRR29740503|A/bald_eagle/Virginia/24-014128-001/2024||USA-VA|2024-03-11|wild_avian|B3.6
1010,55,0.00484226200218085,-77.4545389465296,38.8001417874934,-77.6344711672002,38.8736708101503,1.63648265560651,1.63164039360433,2024.1864145686,2024.1912568306,EPI_ISL_19736786|A/bald_eagle/Virginia/014128-001/2024|H5N1|USA-VA|2024-03-11|wild_avian|B3.6
999,57,0.561571867901688,-87.5533436989824,44.2821486588581,-94.5578505996999,48.8158733618852,1.63921489604363,1.07764302814194,2023.63241720314,2024.19398907104,GenBank|A/American_Crow/ON/FAV-0097-2-2024/2024|H5N1|Canada-ON|2024-03-12|wild_avian|B3.6
915,164,0.241100413814071,-85.8678743757816,40.9456670705299,-87.2621915722288,38.4642058147778,1.63921489604363,1.39811448222956,2023.95288865722,2024.19398907104,SRR28834931|A/Canada_Goose/IN/24-008719-001-original/2024|H5N1|USA-IN|2024-03-12|wild_avian|B3.6
739,265,0.523085000653245,-118.072353032555,52.2372275021301,-113.934703797178,50.6998631667924,1.64194713648076,1.11886213582751,2023.67363631082,2024.19672131148,GenBank|A/Striped_Skunk/AB/FAV-0104-1-2024/2024|H5N1|Canada-AB|2024-03-13|other_mammal|B3.6
605,388,0.065576107896534,-115.050859017094,51.4405257846121,-115.36956715849,54.9956214193797,1.64194713648076,1.57637102858422,2024.13114520358,2024.19672131148,GenBank|A/Canada_Goose/AB/FAV-0115-2-2024/2024|H5N1|Canada-AB|2024-03-13|wild_avian|B3.6
619,375,0.0441777308316813,-75.962958035567,37.0251872173153,-76.0048962171962,36.8116070635143,1.64194713648076,1.59776940564908,2024.15254358064,2024.19672131148,EPI_ISL_19178071|A/American_crow/Virginia/W24-190M/2024|H5N1|USA-VA|2024-03-13|wild_avian|B3.6
802,325,0.239285899145416,-121.692271090062,47.9652904502878,-120.607330027646,45.4244569332563,1.64467937691788,1.40539347777247,2023.96016765277,2024.19945355191,SRR28834933|A/Red-tailed_Hawk/OR/24-008306-001-original/2024|H5N1|USA-OR|2024-03-14|wild_avian|B3.6
619,377,0.0469099712688075,-75.962958035567,37.0251872173153,-76.2268092682231,36.8821535958717,1.64467937691788,1.59776940564908,2024.15254358064,2024.19945355191,EPI_ISL_19178104|A/American_crow/Virginia/W24-190R/2024|H5N1|USA-VA|2024-03-14|wild_avian|B3.6
909,158,0.529702202916964,-93.4093713605492,46.9237204882237,-85.2470222961721,47.2577442606164,1.65560833866662,1.12590613574965,2023.68068031074,2024.21038251366,GenBank|A/Striped_Skunk/ON/FAV-0096-1-2024/2024|H5N1|Canada-ON|2024-03-18|other_mammal|B3.6
950,177,0.527524352252156,-106.217749667094,43.7619875959872,-108.963995736608,46.2988288259238,1.65834057910374,1.13081622685159,2023.68559040185,2024.2131147541,SRR28834930|A/cat/MT/24-009038-001-original/2024|H5N1|USA-MT|2024-03-19|feline|B3.6
617,374,0.0869154125013161,-75.6620818284682,37.0078086985026,-76.2013778703301,36.8522401409589,1.67473402172673,1.58781860922541,2024.14259278422,2024.22950819672,EPI_ISL_19437972|A/peregrine_falcon/Virginia/W24-219E/2024|H5N1|USA-VA|2024-03-25|wild_avian|B3.6
1008,51,0.0721790535186213,-79.4566943190491,37.5560901917712,-85.147878625724,49.5629252846258,1.67746626216385,1.60528720864523,2024.16006138364,2024.23224043716,SRR33764563|A/Horned_Grebe/ON/FAV-0117-2-2024/2024|H5N1|Canada-ON|2024-03-26|wild_avian|B3.6
1006,50,0.0654907500761372,-79.0395906391233,37.5353805720007,-79.1536128717798,37.5657386456322,1.68566298347546,1.62017223339932,2024.17494640839,2024.24043715847,EPI_ISL_19437849|A/horned_grebe/Virginia/W24-219D/2024|H5N1|USA-VA|2024-03-29|wild_avian|B3.6
971,104,0.589331157882182,-101.591084943842,43.172479939083,-111.902781798634,47.7467656934262,1.69385970478684,1.10452854690466,2023.6593027219,2024.24863387978,SRR28834885|A/Mountain_Lion/MT/24-010315-001-original/2024|H5N1|USA-MT|2024-04-01|feline|B3.6
988,110,0.284746261230805,-78.234679293847,26.5646536782023,-80.8687268137338,25.9319700644941,1.7184498687212,1.4337036074904,2023.98847778249,2024.27322404372,EPI_ISL_19387859|A/chicken/Florida/24-010928-001-original/2024|H5N1|USA-FL|2024-04-10|domestic_avian|B3.6
1006,1007,0.108912403690896,-79.0395906391233,37.5353805720007,-77.0372604067842,37.2174083088476,1.72908463709022,1.62017223339932,2024.17494640839,2024.28385881208,NA
1003,47,0.198868054066073,-79.0172104739435,40.1248800449411,-78.5021410254051,37.3284979971854,1.73757555178131,1.53870749771524,2024.09348167271,2024.29234972678,EPI_ISL_19437859|A/horned_grebe/Virginia/W24-248A/2024|H5N1|USA-VA|2024-04-17|wild_avian|B3.6
1004,46,0.165686448278181,-79.4393198465528,38.8246353201022,-78.997668369005,37.8265505989096,1.73757555178131,1.57188910350313,2024.1266632785,2024.29234972678,EPI_ISL_19437879|A/horned_grebe/Virginia/W24-248C/2024|H5N1|USA-VA|2024-04-17|wild_avian|B3.6
613,372,0.13990980617995,-77.5916539206144,36.8951641927272,-76.2416831206533,36.9197536668468,1.73757555178131,1.59766574560136,2024.1524399206,2024.29234972678,EPI_ISL_19437973|A/red-tailed_hawk/Virginia/W24-248F/2024|H5N1|USA-VA|2024-04-17|wild_avian|B3.6
1008,52,0.132288343136079,-79.4566943190491,37.5560901917712,-78.348284878917,36.686816962064,1.73757555178131,1.60528720864523,2024.16006138364,2024.29234972678,EPI_ISL_19437869|A/horned_grebe/Virginia/W24-248B/2024|H5N1|USA-VA|2024-04-17|wild_avian|B3.6
1007,48,0.0084909146910932,-77.0372604067842,37.2174083088476,-76.3528534660216,37.0507801830155,1.73757555178131,1.72908463709022,2024.28385881208,2024.29234972678,EPI_ISL_19430013|A/horned_grebe/Virginia/24-012236-004-original/2024|H5N1|USA-VA|2024-04-17|wild_avian|B3.6
1007,49,0.0084909146910932,-77.0372604067842,37.2174083088476,-79.7624675865219,37.5760408883509,1.73757555178131,1.72908463709022,2024.28385881208,2024.29234972678,EPI_ISL_19437883|A/horned_grebe/Virginia/W24-248D/2024|H5N1|USA-VA|2024-04-17|wild_avian|B3.6
605,387,0.183062446694323,-115.050859017094,51.4405257846121,-116.452066703938,51.7255196371211,1.75943347527855,1.57637102858422,2024.13114520358,2024.31420765027,GenBank|A/Striped_Skunk/AB/FAV-0182-2-2024/2024|H5N1|Canada-AB|2024-04-25|other_mammal|B3.6
989,990,0.149224344593225,-85.651838766557,29.3667161388071,-80.7780731147974,26.0404975820473,1.76313668523021,1.61391234063699,2024.16868651563,2024.31791086022,NA
990,992,0.0304012586717304,-80.7780731147974,26.0404975820473,-81.0099772189117,26.473422739662,1.79353794390194,1.76313668523021,2024.31791086022,2024.3483121189,NA
687,305,0.814622849902439,-108.917509437462,47.1476461570943,-111.095037309981,59.1360093386015,1.81954276489601,1.00491991499357,2023.55969408999,2024.37431693989,GenBank|A/Red_Fox/AB/FAV-0396-2024/2024|H5N1|Canada-AB|2024-05-17|other_mammal|B3.6
990,991,0.18011719336192,-80.7780731147974,26.0404975820473,-80.2252641469823,26.6507021103162,1.94325387859213,1.76313668523021,2024.31791086022,2024.49802805359,NA
992,108,0.189939247223679,-81.0099772189117,26.473422739662,-80.3679998082333,25.896376661433,1.98347719112562,1.79353794390194,2024.3483121189,2024.53825136612,EPI_ISL_19430022|A/chicken/Florida/24-020698-001-original/2024|H5N1|USA-FL|2024-07-16|domestic_avian|B3.6
991,106,0.0566167551564731,-80.2252641469823,26.6507021103162,-81.0734590434111,26.4139328393666,1.99987063374861,1.94325387859213,2024.49802805359,2024.55464480874,EPI_ISL_19430026|A/chicken/Florida/24-021103-002-original/2024|H5N1|USA-FL|2024-07-22|domestic_avian|B3.6
991,107,0.217818940948736,-80.2252641469823,26.6507021103162,-80.9767516445506,26.2426126061372,2.16107281954087,1.94325387859213,2024.49802805359,2024.71584699454,SRR31167898|A/Duck/FL/24-027844-002-original-repeat2/2024|H5N1|USA-FL|2024-09-19|domestic_avian|B3.6
879,171,1.1776500295881,-102.720257451669,46.4473821235807,-110.635475325781,55.2199884520594,2.18019850260098,1.00254847301288,2023.55732264801,2024.7349726776,GenBank|A/Ferruginous_Hawk/AB/FAV-0355-2024/2024|H5N1|Canada-AB|2024-09-26|wild_avian|B3.6
989,105,0.596340806772834,-85.651838766557,29.3667161388071,-86.23076281907,30.4132031646374,2.21025314740982,1.61391234063699,2024.16868651563,2024.7650273224,SRR31167899|A/Duck/FL/24-029493-001-original/2024|H5N1|USA-FL|2024-10-07|domestic_avian|B3.6
992,109,0.991413908500776,-81.0099772189117,26.473422739662,-82.5579836874475,29.5166626368036,2.78495185240272,1.79353794390194,2024.3483121189,2025.3397260274,SRR33682399|A/chicken/FL/25-014787-002-original/2025|H5N1|USA-FL|2025-05-05|domestic_avian|B3.6
