mean_branch_dispersal_velocity	weighted_branch_dispersal_velocity	branch_dispersal_velocity_variation_among_branches	original_diffusion_coefficient	weighted_diffusion_coefficient	diffusion_coefficient_variation_among_branches	isolation_by_distance_signal_rS	isolation_by_distance_signal_rP1	isolation_by_distance_signal_rP2
15011.8621437449	2343.71817482295	15.0329494098823	270579.615584723	356982.36822492	9.43347762905853	0.325415366240138	0.318930193453075	0.225930433033205
5653.01433981784	2655.372180745	1.93866619654619	224045.219341164	411725.462069891	4.20578122214385	0.316587124994915	0.332392298702132	0.23499676481995
5739.51026155458	2718.29150427286	2.25943143849176	208411.951279788	542856.43236566	4.93853640768347	0.332404176332948	0.349991466689616	0.255097845180244
7402.54734180335	2860.98886631139	4.22131208100637	279449.364588746	483233.160157723	4.1018143163112	0.292097833715874	0.309980733794709	0.217185518797022
8283.26970276319	2942.30848813886	4.35317079528281	231038.341479497	478716.66265784	3.20608761375175	0.418850876518537	0.415804501302008	0.312039576254354
5182.47906732857	2412.28019410695	3.13980603475953	196886.582496824	453979.508329078	5.30625859637917	0.314147084883737	0.330126563315007	0.223996905501236
9116.05560036799	2590.16514186253	9.75069278497762	228887.379179026	437910.1162987	5.13103553809752	0.288387390945109	0.325055873792182	0.237910937338516
4792.18267404629	2360.34606017895	3.16393513961925	152877.03363671	440869.574274872	4.38621473195788	0.381925107413726	0.389766732414507	0.288539420372041
5259.53514508711	2717.88596737544	2.36392628319452	211968.539055519	501546.459131626	4.34171441714391	0.287149523939125	0.312263927797183	0.21736180462955
5586.03074989422	2622.26849051206	2.23335844258615	178818.091883043	428728.315130586	3.47705559706812	0.31401571258982	0.360374793832707	0.252724148128803
6671.81303539345	2240.10328765363	8.81191378025418	162685.182608578	376324.314725673	4.78004921747126	0.288905921766066	0.296835738719122	0.216050324169532
5855.02170024177	2495.78985546787	5.6410004680811	190231.865775938	431595.734976176	4.30230738924172	0.3202086206125	0.318037013378866	0.229756196417694
7635.78971675476	2558.82600463351	3.27463223489252	207420.13608533	406004.467415749	3.08151139509328	0.298596635790242	0.316956603719499	0.220006725948035
4833.46552523039	2674.89518096899	2.679452425303	209282.810770682	544769.618151524	4.51408485949723	0.320890685658536	0.319074520181017	0.228384220226568
17096.7939808968	2631.52424762496	14.0309674937001	246587.795285754	433876.874843441	4.03805101182571	0.311067680728937	0.322710094457025	0.226057223816863
8391.95636616616	2591.6223722075	4.64530291736409	227690.181955828	450146.949630667	3.58457126896287	0.283341618228194	0.281314862910875	0.190960473412329
5208.89720156836	2570.33316480993	2.03749552050386	185651.012352897	329709.019127162	4.03959577074058	0.278008494858508	0.275060578617566	0.18380236231241
6017.27322083751	2163.27419136446	3.54411760278618	185307.89681893	353021.51329247	4.53624523280767	0.3376132403084	0.346771482025903	0.235373947846713
6100.035747497	3204.77018806639	1.90644729065516	261727.247601515	708156.80914931	3.18986430287961	0.325648078929446	0.353497567835116	0.251010055455603
10096.0706033485	2499.20598469673	5.28882228055061	259478.092000042	394100.031962712	3.94094804620786	0.257185710766882	0.270911609071345	0.196027877850412
14599.2047788501	2662.75053844434	6.63861772371295	353338.206515145	439797.663871933	5.05055436670858	0.264304693225644	0.283215374575502	0.196121552214017
4795.62996500656	2187.73150713634	2.27049375661743	166855.535925553	301601.979339693	4.42957786510229	0.292407181976643	0.273534095555363	0.17921459180217
5159.72470783457	2572.52082242273	2.7111581953722	218147.536773269	417774.063154026	5.00048335912561	0.298906263976317	0.303465037233588	0.216215718620607
7538.17829328667	2971.5804532296	3.47915636581123	284939.098334294	547420.370450114	3.92598596638094	0.277769938593007	0.29890568802894	0.210899461533615
8866.67985000342	3122.8743925297	4.1234463986303	293830.467382478	582645.996313195	3.34289408777658	0.283830902079289	0.282463907516492	0.19313940381448
10619.0622518666	2335.87032322376	12.8530898408378	244585.852026572	366931.004409127	9.03544221224408	0.276734339344477	0.297688749748871	0.205454809403827
6639.32572783386	2656.91149199223	2.98768582837687	221988.833066546	419845.71125504	3.69075815770605	0.318035493768624	0.295534106121094	0.200481761455797
13468.8275052126	2361.31881396019	12.8389145850489	317153.682786929	347497.83315245	12.0739609291039	0.284400459195064	0.275273685771283	0.185533348079032
9992.51530073208	3085.21153614598	6.53475444927686	296499.751705484	536573.42813114	3.43124757887921	0.252803363459044	0.27334644475483	0.193171129330068
5973.11045236707	2358.95150863191	3.40003381418875	145752.358600506	287612.878694066	3.29256512785975	0.294721672040089	0.30010627734937	0.212020307420761
4792.85038698892	2425.66665829172	2.96642654514527	188591.305958663	501022.260200029	5.11759293478612	0.301527831076147	0.330524682868177	0.244495223828002
6922.22722746377	2277.00932694154	4.15858774439352	168349.879687503	376031.533801175	4.34689017868982	0.351989751717052	0.36668140985458	0.256818305403625
4421.326074712	2453.54903861659	2.11788074621966	193718.94301497	478424.250876014	4.83094085416955	0.306479921052673	0.310170409450917	0.214740763660701
11817.1431616084	2845.53471092485	9.103540755462	253689.913227912	450020.668098564	3.63235790775483	0.333645029816208	0.349690541560543	0.251024575197865
6438.53545109761	2728.24668111081	2.15167740186797	276931.730162116	416246.997870693	3.2031160914742	0.330512806662727	0.340178322659491	0.237396849040499
6014.0160741935	2392.13110085969	4.22454293925289	169634.832305668	355060.205481328	3.59068512929538	0.294652973965806	0.314781957618054	0.228012349115384
4335.41473146071	2458.69674165116	1.62088493354248	191264.1819803	484884.180617457	4.77208900332103	0.326271799802222	0.340301891215015	0.240767381480573
5811.56345161658	2053.58432741728	3.4146597120239	136929.963372866	301705.728461348	4.85566944219798	0.301378751669871	0.308195905129901	0.211835051940617
13206.5628978697	2821.17306458249	13.8818129703195	265425.261012114	437372.399105508	6.57741825646268	0.311999735078497	0.285327136259073	0.191901414079625
4971.84201669642	2327.97247366678	2.54805006448475	141457.296972701	331385.181922623	4.63020823214401	0.421382984974735	0.39259362433847	0.280527447273608
6485.44548916797	3016.88088951705	2.6034255239296	251178.358982314	525444.942982599	3.73008104929759	0.280551157605793	0.28793406093959	0.201760111866572
7193.99730184967	2262.07433517965	6.10145591429304	196459.343832946	367025.400711096	4.32799919188805	0.402612759696013	0.405129264806017	0.301838030905033
11649.0824404118	3271.56822160326	6.67429106961188	301283.50988972	567797.874387689	3.01522316240397	0.291320620263685	0.323661870023874	0.245203527265089
6076.41616812723	2393.08580668255	2.57015715911015	156784.391436122	279138.054947014	3.43672359529386	0.397641936535383	0.396742551192759	0.283019660826583
8879.23768161955	2721.68565218093	5.86341226067692	262578.42669823	470229.900418941	4.1013803543604	0.291149661559047	0.305663102656928	0.21736184403438
5171.37408710454	2541.85115323572	2.32413422567696	208186.161588246	420869.726791371	4.97843603123143	0.30630843103279	0.340445140914471	0.242890980265612
6052.61971747968	2505.45006957834	1.88741293787567	222838.389186064	347977.063570517	6.30128374500598	0.324981920616195	0.293765387463639	0.198146216849045
4516.36511782616	1906.08896624766	2.83394440471077	118768.582584439	235732.40492513	4.04741185524937	0.241688311173583	0.265949911846033	0.178384839355224
5274.91087487465	2211.73855813883	2.76863385841109	159670.928386589	323248.467889812	4.18138352007251	0.316903389266938	0.303079042999526	0.205076665530385
6231.567151105	2579.97362601775	3.78331816262803	226487.665188346	556800.47888088	4.54980663525907	0.284891842371011	0.291070484811348	0.188957507005951
7557.28379032935	2958.56909974164	2.99246967124439	279290.234202954	554689.689982594	3.64850941018013	0.295276399158921	0.293133609306697	0.205386793612269
15713.6831443504	2131.85268410131	9.9899707228648	179032.828263335	378570.145038544	4.57651337542563	0.267999057457056	0.301919734591367	0.202541368062767
5523.95335455002	2471.1172674564	2.11194552169046	192968.312034512	399080.652736059	3.93762071336306	0.397056100478429	0.408505619869782	0.3032987886939
7113.06326671459	2437.01166928725	3.45211678077614	192954.880236501	324675.323728099	3.53273687059939	0.328283424706775	0.320527125505572	0.221830116047534
53395.9606534444	2604.02995715838	21.1634024923776	996463.308667671	363057.120426106	19.6616755473158	0.364675469937934	0.382022070253313	0.292637683357101
5628.61993316872	2249.76056580601	3.63427309463286	166389.374187746	357524.691248866	4.14754126065957	0.252908653657634	0.260296264101605	0.178648125153677
4659.7536058413	2377.38408650823	2.6218225148462	171293.469798413	422566.786931602	4.44798249030002	0.292939580930619	0.308413457881735	0.216060001873641
8590.97078660857	2164.82599817629	4.23215613584082	158710.368966226	273372.037104305	3.2148699587113	0.382862200286	0.388525374510379	0.294942937228176
5178.06765317546	2453.98591291318	2.43827388447761	177175.940604458	375404.066731839	4.02758428375942	0.296001704556022	0.28408432757764	0.188770117983716
5057.14558709112	2710.48264622902	1.68543681314575	216499.661866006	408598.990562713	3.83820510767927	0.342520462109943	0.361238512924935	0.269942521085966
5813.76591768566	2933.08343818994	2.1288876436805	278550.751701165	482136.263343055	3.90153213613171	0.295846055512749	0.312658831834634	0.225881522949878
18308.5448174139	2861.60100945752	10.9348548790222	336210.838936838	461455.044906353	6.68210083312022	0.322120623744085	0.323450488341106	0.225209886777808
6308.23530172549	2861.00441950773	3.40084059460195	358428.833753236	596653.783186728	5.33341553471125	0.250430065058055	0.260599553092712	0.189243497281645
7752.29406621542	2416.73615348353	5.00511346073858	158660.033601291	323394.761868175	3.47818912345598	0.345483581850774	0.369553838430901	0.260125500511737
6025.26475909283	2446.57673483136	2.49309412308282	221895.039213894	427529.350879515	4.3811786232387	0.326585850720057	0.313263325617285	0.220511868566686
8216.24735231977	2044.74259452404	7.37831280817741	166511.001187143	312293.922834774	5.04956485951055	0.336432006132905	0.343030525425538	0.235298803129187
8123.94395396822	2846.70374660165	6.68152277876691	243365.05338309	448065.619454686	3.55665218770685	0.271016572727191	0.274599985137415	0.187689272170854
4551.79575916064	2630.82498290211	1.86621038216383	199047.75925842	473272.642164459	4.50397229607934	0.286432998720164	0.321715824190642	0.234493842222461
12203.1000393042	2619.10179556473	10.9231259346641	199774.217328389	374375.852743595	4.21796009627905	0.26683303104605	0.289676505265522	0.207207436246487
11823.6445148263	2924.29389524065	6.84616182124126	309200.384590499	428061.863449955	4.2592809759636	0.287296926651473	0.301988597964422	0.209449926210737
4842.80509954407	2530.32422524422	2.11945020267181	200136.226186869	442685.790305161	3.69591832566005	0.319171652765411	0.328415278135666	0.239086521157649
6635.44842576324	2963.71557813096	2.16836613301213	242608.962247567	576172.989608532	3.51907670771472	0.277585803134777	0.267330799746453	0.170491628359598
5225.37661585914	2166.76848313122	2.52346046423254	144897.451415575	278711.876862678	4.32385215763245	0.38928953043676	0.398554839787333	0.287295025441288
5912.64010445699	2619.0888990777	2.19564922730478	216231.920191567	414689.526735105	3.1636316267126	0.293196663008084	0.285195847671376	0.194938055652466
6826.16766719842	3391.96087746732	1.96678338536248	314150.887348403	587456.836172404	3.47190593829103	0.285091422629012	0.323472110695067	0.240750619711628
8303.10744417201	2246.61120057717	4.66852409060605	167792.221302732	343775.743529225	4.03853259025332	0.304246647634874	0.334481018722837	0.237637528961705
5526.34195460144	2613.47854897695	2.01774658998444	178052.60983805	394716.848615606	3.30910088951592	0.284892433347753	0.32317691750636	0.240975196285436
6257.17322330746	3082.69514739374	2.08826269025978	256566.213795707	467956.191536792	3.15226739951137	0.275285258570171	0.272972449226872	0.186014082747234
5541.11256802128	2286.98344518632	3.02781645119993	172110.11944567	346736.542500804	3.92276729919099	0.297163112729493	0.300265513851175	0.204245636462947
6269.85397838421	2550.56793566172	4.99641586896852	218997.710641931	476701.091269681	4.21522669332854	0.312666675006943	0.343780349968275	0.253246539530849
7734.34961838904	2759.31784426916	2.83170971517967	283875.798071304	482580.564133656	4.02964560042564	0.285493546484514	0.300752343477143	0.214602340538943
5472.06233605849	2587.7717249441	2.90717288136974	226953.969769737	624200.638366481	5.14213284196023	0.284505735365379	0.288214852774777	0.19140111635064
9979.09664436812	2412.18492759902	6.06898911913249	204536.533243645	362621.630912131	4.57894537798895	0.267285825819731	0.285729801205895	0.196295742011683
6650.56579902122	2610.55428082557	4.03500409138568	236039.385029478	412079.058703997	4.32674540693128	0.257343769204906	0.268427776961508	0.185293919773468
10368.3790317984	2856.89524822237	6.33381216106637	315384.76673593	487939.264965542	4.750667320603	0.27537592251677	0.279823215531545	0.206805270958726
4703.73924276615	2577.43227621667	1.92281779081659	236117.575557326	520361.040340751	4.77113857037048	0.259414374069935	0.267196767879854	0.169683942664466
5019.26857082018	2417.36510869431	2.59003983642993	190822.528943764	424668.536160814	4.77293374231622	0.308786938013261	0.327330483912119	0.227947818647378
4670.57842219173	2721.70274597636	1.86986023272837	224259.498722331	509352.073087676	4.32783057675476	0.332496863485542	0.323257278347346	0.229178283936285
6571.01140342536	2671.40292306367	2.98613780424233	235013.164870177	437873.631264257	3.48562333205625	0.287503979835909	0.317644766952227	0.241568546745084
5382.80918947269	2721.59666452052	2.80045932130596	217692.068237282	565222.758158162	4.6404957179334	0.298359317248992	0.299595266181593	0.204639512345988
7119.19521553329	2656.3668340917	3.58616393574258	211069.556498987	407123.638771142	3.39719383396145	0.312778645505443	0.339013136628603	0.236524062062554
5934.80455887449	2640.22351498724	2.45021334416075	222340.727143206	503093.35882795	4.68459831684802	0.276530860990467	0.297080996030645	0.210432555947228
5987.0336327214	2587.62626414385	3.6183609784759	197111.015742259	356619.830129821	3.55841089241598	0.377173729904264	0.388092260113218	0.28471671628094
4517.82416344913	2601.0629673608	3.2924019247296	217510.78137104	607838.52736865	4.41073363289819	0.308861811399698	0.325951301179276	0.231742373768415
7154.86861530811	2592.4908024303	3.09654188813343	223608.965830669	429282.817591247	3.77633242910982	0.291141552395504	0.313333958501978	0.227400966317983
6764.76672492982	2484.27868189258	3.56176154715917	195106.851090471	405320.481064359	3.98757152507071	0.285744237326758	0.306279081244947	0.214078419477389
5542.76506114689	2023.81760021912	4.41599865555402	140581.982206021	287162.198383054	4.34391834500614	0.306386931023444	0.31950685451933	0.229967546574656
5421.61785019658	2449.27690446956	3.07526313020594	174966.325476422	320506.780829555	3.62566303561907	0.281073114181223	0.305120727541217	0.206153012594717
5694.51125251258	2402.26092888398	2.67452191182817	182319.375523323	338527.03649741	4.09205932528017	0.305173109844276	0.34653434091625	0.232180128960765
18638.0962583675	1953.80859480435	17.813488736621	191050.678211518	265522.577920838	9.30864978049505	0.362261829545155	0.379992431031312	0.290730763279979
6400.18995645565	2631.74514268498	3.22503051288438	216537.982353402	427750.216443475	3.38216448381666	0.389140403732856	0.384342022343824	0.275973159256639
7580.97314465352	2496.17654270752	3.97004644901457	182319.158378182	389435.899000148	3.28604915851174	0.26245800114312	0.253361233344785	0.161683788032457
6987.16653880169	2789.4805550389	2.58691658569308	245640.810188411	500879.455756398	4.4756092545561	0.327321397710115	0.330969643958465	0.235929953494684
7040.99994814215	3006.34390965002	3.54309476324889	268708.589509695	588510.429031389	3.41769682085467	0.25118615059773	0.297104415353762	0.209205120634822
6929.09486877948	2693.22269870673	2.91188616806678	219373.100062912	403894.262579886	3.25803752967048	0.254222570775784	0.272213197593325	0.193287928728708
5025.04916809866	2441.63284769214	2.64727015283025	181302.006060253	427789.976045805	4.08080742375668	0.280805546282127	0.257932686615152	0.168830698873627
5255.90023485252	2782.97780354434	2.20604506891008	256188.574698725	544125.739904221	4.83734332673123	0.361954367476416	0.383382312864833	0.2812091728532
5442.12000298215	2160.43180117024	3.43882329536239	207302.420538288	352717.706298314	6.86769431091342	0.264837766160907	0.27790022068839	0.197541982024216
6005.28062361684	2534.22973587701	2.82966188491126	169826.173000295	425885.908667535	3.66234432640099	0.326232387508274	0.353884112651036	0.250406808884993
4768.77362953159	2424.83031240371	2.11897373948179	157885.676663404	386889.752947153	3.94355850511989	0.281169633352588	0.306442099240677	0.222356156370348
5016.64219838222	2218.40196744284	3.2581333901483	182749.732852685	443790.919895218	5.5727073754944	0.336114811704442	0.332561863071447	0.232259730391528
5157.70433452342	2608.88392248032	2.61450333358256	189744.22897929	469227.423818227	3.92901392234488	0.315694565024071	0.345609929325114	0.247339131850655
6952.21398215956	2624.94770934507	3.9258392812151	232558.966986008	508101.68659723	4.70078645184053	0.286243452813995	0.28147780706642	0.20995590576284
9129.55619323836	2906.48380079308	8.08851484760997	289663.643751669	601962.244518224	4.58586134372293	0.317024010188931	0.341592242941672	0.243641408120596
4585.95481940642	2088.08318743945	1.73124179990752	124631.531864465	258158.201136404	4.02467624442071	0.372960607417956	0.394521817421951	0.287908080139541
6613.19371633815	2607.75462094423	3.38918245563228	217899.754699977	438119.699737228	4.36322106461372	0.283448338347585	0.2797267931227	0.208338049610208
7613.35645208012	2494.59630985755	5.65153874324432	209865.198952302	475900.234246513	4.41102186758383	0.325868843004066	0.345341335519422	0.26209678781567
5917.75028918931	2786.95804142234	1.95710925816488	197358.269437366	413247.926191303	3.00474945141748	0.352378493859015	0.368958109210329	0.263999226631867
7738.26430934761	2448.39342646575	6.12200030117575	236510.072248008	390109.532605581	4.50314746361141	0.371947984606867	0.386449728463641	0.294768866016897
6930.52319588576	2412.75952501484	4.5421011231679	191123.217564416	353933.073087005	3.67779749416304	0.266347128373625	0.276306340665842	0.198246227651732
5660.4722907268	2663.63305354462	2.97704898237971	229961.211187244	463454.070401186	4.40387662967236	0.404647985599464	0.401856158159421	0.290598621748885
11744.8190829937	2319.13643642809	15.3051247597624	214901.412497864	386368.444193264	7.09519393493627	0.327577411721579	0.344243866503145	0.240860628200221
6891.99914981617	2793.48208481766	2.79338395583943	253944.361083389	509262.114398042	3.54397899524241	0.318031088033966	0.291581098668619	0.194263680733252
4963.47937372159	2466.75965238141	2.54078806719105	232657.676136903	400293.09955222	8.26089220230374	0.345290758129717	0.35600431961476	0.261134905732852
6545.96277066869	2880.41147756703	3.31460141338513	236481.893020278	494077.529882849	3.40867604972414	0.387775678252668	0.398209356217482	0.295079419248791
6886.97640860174	2756.08670564725	3.18288639298564	271117.231813476	549847.767796673	4.34385604807113	0.350829912077724	0.343280121236445	0.243857799521907
5502.21320433766	2445.08133950684	2.38771764952253	200771.710729384	415354.831255756	4.4423871610627	0.309478748956594	0.325812600395117	0.228430123740728
5021.78743866676	2259.60475736711	5.16422196277505	192535.384868531	439539.663340531	5.31659326096564	0.318716961303389	0.314391847501869	0.213125416799043
5711.68473024638	2563.85623984018	2.67908598958361	200859.911857734	484883.267407451	4.11300439007204	0.386536523985779	0.388018701625065	0.289721009420191
6256.13451261061	2468.12055611335	2.14563288148296	200045.648186995	339468.50560219	3.43895893001575	0.281142060165057	0.269706705888531	0.185556583097656
5644.49716654574	2347.71531688014	2.73197865175775	184043.85084305	382060.104881201	4.27436925023208	0.338205339970449	0.315553639947067	0.214272118584756
6759.86170608277	2270.26475801714	4.25451333570988	184572.967049734	339331.458876327	4.05007480508497	0.350393743335056	0.371103983323472	0.275909370924236
8361.39511691319	2409.57712747531	9.32042639900035	199746.940463524	451943.076690922	4.98068110340022	0.299354579664319	0.324782729039803	0.239047487782121
7414.43643170598	2862.69260817814	2.37760461784624	248216.512382585	368857.747838045	2.60356464665094	0.309004175717546	0.340200472664312	0.251962074596716
11691.6762208356	2765.11329735258	10.3308686423431	326928.340331671	480339.885331121	6.42347946354515	0.294234595063149	0.300326584927367	0.212330784332664
4828.14308951158	2400.07613181862	2.28968917914127	151062.497790912	353930.650991068	3.65215871446817	0.318857817465908	0.350945554547301	0.256734525688653
7895.43400286676	2763.92698341255	3.52434627704267	222473.949085852	485501.109284159	3.23236964764929	0.285062945834387	0.325576800945462	0.240226987370423
4970.88214041665	2174.47836206662	2.4199958289873	139212.43522478	291869.322697638	3.99613968919213	0.303070907523286	0.293239221294	0.19823695671204
9878.18526295233	2935.72024370102	7.75738761133082	255133.412955353	481595.307791933	3.83683693678377	0.398911421975443	0.392160366115838	0.293596379177971
4510.33867863578	2146.03104538468	2.12386410084347	118998.363322527	289815.645750449	4.14490461682161	0.310347566228591	0.271363335204624	0.181481417931483
7157.48013653356	2490.20448900154	3.9637723436969	201716.605266061	370371.063211946	3.31980838833082	0.191227678333498	0.231494956781962	0.162944212350727
28842.8770415141	2460.51581299621	16.2816894692848	404595.210919608	410236.556930301	7.83204032068714	0.279112483488478	0.305915211455965	0.220787812171227
60675.922213488	2314.37615088032	21.5822637775359	1117823.25797576	358055.985795048	19.9025326458469	0.31905246964028	0.3133308602537	0.228013789124648
5489.33534744248	2343.91655597763	3.66108629108268	172034.345574027	302458.75327754	3.74424884790546	0.315509211850201	0.333976692951974	0.23749796488695
27586.1495103144	2750.70525538429	19.0649860258381	630312.270739321	435614.44949588	16.1510914239008	0.264492142732481	0.29745541245751	0.217867157249416
5924.80196465014	2458.11183798681	3.07373921264609	217979.882682161	387392.926463234	5.07908884038389	0.277454870034103	0.294413212214643	0.209415450531725
5362.58006272842	2415.37848954363	2.10881076483179	189762.082993794	373709.229735626	3.48667441651662	0.320653489406305	0.32063478360743	0.225295861475472
6996.80772087285	2468.8084571512	7.61850321881186	202635.465187197	410532.938580325	3.80909227302271	0.327079020888457	0.368058290238117	0.258668622406371
12784.4363511828	2507.21865740823	8.04493037613902	275801.892330128	358052.31781107	4.80717499603609	0.296581080181075	0.290598833619804	0.203227620299091
7306.9502917078	2293.08562036376	6.97957326692982	176426.848446259	384215.527155648	4.30115020586952	0.291452785738565	0.30935928721834	0.222634100735175
5126.6202014678	2013.64770563372	3.33106792201694	141365.020836141	282657.600347731	5.03452187014502	0.275429625352787	0.266425310423214	0.187728680108635
5756.86017982486	2304.1210855427	3.02229535274829	187109.335279446	428443.593789966	4.63895670223638	0.287572409354773	0.32296309485584	0.22703883056282
5240.82732832211	2441.64152340098	2.11979856784128	162873.721773128	362938.67528746	3.86771325400451	0.344922578349629	0.350873350627851	0.250247760329922
5312.66744812995	2710.69617921326	3.52687579615989	269661.615412297	518761.269433173	5.0022622481423	0.333222838740174	0.318892052996834	0.224596921377495
5123.22568408885	2509.76821317248	1.97484141148312	165641.640233588	379371.691309839	3.35569597627159	0.321239400477441	0.333199128123473	0.241470836632494
5727.02810038905	2177.22484199954	3.6505327446733	160750.189097323	385010.054006577	4.39681464777487	0.322024503521237	0.332258402611552	0.233119461554578
6055.83531088304	2493.47371399744	2.72253296403328	200837.954389417	425264.416642804	4.05710736014748	0.285699351821373	0.283438043785112	0.190604474582938
5928.66567748972	2434.21503412788	2.99274700074764	209255.513721622	362867.027861611	4.54732513973848	0.311094790274144	0.339646734746132	0.239746755870472
4862.45981576665	2199.99489447933	2.14920450588241	155241.514512532	289769.715396334	3.70599788222146	0.268938625578366	0.289720975604247	0.206656289681958
8251.77694255314	2638.70774462823	6.17262294123167	240246.768447872	521781.878743218	4.10615725997833	0.279174025697494	0.285635669583106	0.206434376383504
5016.87427836452	2505.20750377908	1.94904504067848	165123.473356653	441239.412585912	4.20593710703946	0.34441037968545	0.326702521366409	0.223849151579109
5198.58719495957	2217.5553231761	2.59978765322436	146671.45806167	257623.448763846	3.42646480262215	0.392445049341003	0.401120293136535	0.289833121511886
5405.28929411501	2493.75236028573	3.06836094079676	188171.97832906	416245.40953654	3.87750709002121	0.262837612753791	0.27899885826667	0.194979628593441
12574.3380736058	2678.13407849406	10.2512351230291	275831.15496497	516917.754475928	5.0141182163692	0.35387616221118	0.376741363393616	0.280684606818496
5860.56435011822	2752.92301241921	2.72401278819043	228859.219638	476844.500060445	3.87109721255758	0.291034859414064	0.303677065211401	0.212390461261284
7624.69497759331	2274.27478053264	8.65824521462176	166023.769400438	344420.070842228	4.86460445087598	0.293644879355834	0.289387488379301	0.190089446152392
5247.24460561023	2568.42990326713	2.59050638645341	174562.162320946	392449.993474295	3.05230158356009	0.377257101644279	0.392114672608547	0.282643266561724
5574.68908783393	2543.87326912163	2.34667573007543	181389.673737714	463167.75640543	3.37690836701219	0.273596784431848	0.31085396370858	0.224435956399917
7677.36136599423	2756.17760262599	3.19042943448133	255081.83706367	517079.83888305	3.8268036320409	0.261117755218584	0.287879278775247	0.203571322514181
7409.12768669649	2485.56679731332	10.1630819036035	214203.987058424	444132.202953788	4.26536256459075	0.286057634630297	0.257470846715844	0.17504192250922
7300.7891074536	3215.59825146497	4.14463908848519	304026.498681801	660616.609382341	3.78619921492699	0.30688286584473	0.335233767699375	0.246882781315991
4344.23204432437	2178.46830989768	2.00588181639152	135608.819360713	334848.553637386	3.96003714893627	0.285581329210429	0.294029267612932	0.202249623343147
5442.92170092342	2470.59779302695	2.350008102504	192040.223614576	428026.989892086	3.52386198917942	0.321842265022922	0.329820804068816	0.232018114128569
5829.73203082576	2108.20048148259	3.86602632848984	149108.074454539	261735.117522964	4.38929591626353	0.385626441907312	0.395763884830981	0.285329746246549
5439.28027404716	2094.09864487782	3.20734208390768	134820.684344498	282718.609104934	4.51397121878149	0.319999919992002	0.329102655895305	0.228954954444801
8765.44918529787	3033.94736761019	3.98072148130079	300101.479998128	480752.628033682	3.65364848086656	0.274882282144498	0.267434252404347	0.185263757124738
5214.43289201789	2347.1206030069	1.97276368819074	167521.493634671	325506.535835653	3.62375371834333	0.28887921525981	0.279846274781499	0.186165931811409
6111.80388056038	2621.4144597824	2.21479537356814	199265.412665757	399960.810617004	3.73528283565347	0.3224430237657	0.350126463039351	0.253437683062337
6854.73691638575	2576.56811292429	3.3689716861805	250796.324398948	463807.401411886	4.7786857111663	0.334874501929089	0.339604412024987	0.233627151748882
7621.40262574899	2743.54799071446	7.16159839901558	216615.33968909	479230.735213548	3.34902348753434	0.254768532380811	0.256423540107359	0.168109547528557
4918.47981376192	2126.3281375496	2.09756583301639	139050.066414082	287746.092022284	4.17391044993953	0.367672615391717	0.390364522035298	0.28629154104409
9158.86961678868	2995.06790048453	5.19824314925642	293670.909361968	628882.519934904	3.74599343489166	0.326182434062907	0.33558231141267	0.23066203968105
6868.85221074945	2569.80796685752	3.19906974439101	228532.107848323	436704.889723395	3.82360236526059	0.302035502065384	0.316895746659339	0.229375753287289
9538.47656414388	2531.52398089253	10.6660360447023	256409.133831497	460365.050474729	5.77291453539536	0.401202652731373	0.391835578626164	0.292506739521944
5532.56958875615	2533.72018540084	3.29405445033396	215627.110665503	485249.642084994	4.23374563429792	0.275603779588308	0.276715781940993	0.188879343933048
5088.45443148153	2391.27528084056	1.88680189379022	155663.950925029	367130.179338951	3.91244020870661	0.31913080077076	0.291508902025944	0.195953307997082
4684.59371475008	2459.24428779929	2.13731840095214	183153.272186527	482437.864618198	4.75867614888809	0.323625622360717	0.328449579464052	0.245582091686342
6588.13108783628	2590.61363256341	2.65108132343789	209203.92160338	341163.225659608	3.22555484371805	0.370088053211003	0.386208177035983	0.282705932358878
5668.76528781255	2091.45600504096	2.33961533815863	155144.716943285	310372.322205106	3.82470617176513	0.324837647604969	0.352101054923542	0.243600389554281
7404.06406862558	2890.79040160468	5.2845709407739	293113.325522298	573898.738476263	4.89680720608782	0.294552973503199	0.328311099433531	0.236777665534698
6769.98543538486	2463.15181899836	4.13542987367207	213189.077000141	422296.99639149	3.91711244757021	0.273208887433218	0.290603289240819	0.207211623655838
5731.85148896954	2585.4830430938	2.66668969890504	197433.972042763	438443.952276461	3.57560245885873	0.311459743827584	0.34673875381118	0.248518641222888
6595.9307480105	2492.1726004333	2.91829937643526	226319.763331317	360417.191330735	3.89982510815454	0.288753433892796	0.3237074923042	0.2204846927626
6278.33814371261	2361.22504783855	2.77630769549147	171533.552711917	277130.434208202	3.64021288913298	0.396184859879554	0.392745586335859	0.279943232385352
6993.19119634376	2488.21092551667	2.28501238752779	208295.821383663	328493.659289799	3.73953362800302	0.248451358036189	0.269179048274224	0.178083191424625
5846.99831416737	2671.99995841735	2.079502664402	224897.234495797	407316.879317529	3.65298956377485	0.256427517183665	0.264307755338984	0.178095726402213
6835.4522200216	2455.60742076127	4.20521141104133	186684.581709184	402785.307236576	3.60369556359874	0.284986396387708	0.309236815261388	0.209803334650085
3992.7220058194	2173.28613446071	1.81741662104101	140992.390302612	314702.773796492	4.02120732105008	0.285228920434121	0.321800159095626	0.231954607212265
7693.83236728702	2811.92904026475	4.16354333878991	263807.232968589	440950.161878886	4.95195772346476	0.329042408515674	0.320614267029088	0.217573243375437
15841.4188851436	3039.56314680568	13.2603857865483	342838.388968002	628588.336037848	4.62763152574665	0.350640793144258	0.366437244320772	0.271643422476242
6105.84223399889	2850.26923406827	2.44982500838819	234944.642440491	468711.451877932	3.14371471036206	0.257325576281218	0.268925681141248	0.186532864126515
4961.36111203767	2751.09545567792	2.07941844137747	228120.175174811	477148.84546118	3.73194619497768	0.383943342926815	0.395548417175767	0.291034859881367
9237.41509650927	2595.62669884895	10.0091307363858	265806.054975062	403534.629139896	6.02724022397643	0.272308984735906	0.275102979144335	0.189638299440813
8020.27012522332	2515.11419754991	4.84996936705308	201155.194442936	443045.064546368	4.2484497308691	0.290388153054467	0.305917598059299	0.220629041873518
4918.22135101845	2382.84381132293	2.75588434868985	193643.445478543	484101.943968686	5.28264501990273	0.281270055007573	0.316990895258174	0.23143063908179
5509.34941064552	2355.75662277443	2.76363907775574	241735.766310756	321363.99673607	7.59647824703539	0.278715815503445	0.297489837141384	0.206814356371556
6876.20404880073	2568.33658399646	3.49285712816726	206541.653678065	445529.949123559	3.87001631616027	0.258386580007648	0.30477918405342	0.212962931154887
5023.94955730275	2942.81229005115	2.42937977494948	270889.883989604	728609.159817752	4.66889280895394	0.300654745732305	0.331859081911887	0.238777081235564
8475.56199559483	2687.56851627434	3.89241113887486	223538.498878165	395266.356324651	3.23886650193316	0.346484845962868	0.369699138747677	0.256755732239048
6022.23483964311	2526.72346311472	2.92313633492538	210887.960819644	387065.649646436	4.12081436493199	0.319807541441751	0.318868898638675	0.229534096455365
9374.41508443679	2452.09334393466	12.4094553211247	242803.756476067	380590.346571153	8.64205626383515	0.349716847724774	0.35967302318744	0.283298315252967
6625.57533236214	2357.94270582445	3.58038557520866	191186.457838807	433925.389079947	4.45274866425492	0.336945311817455	0.356475294785397	0.250764423937227
30428.5001276636	2649.68555771442	18.6553911387275	358790.451878096	388262.712618456	11.4295952732169	0.305360757700132	0.312448986140494	0.212361802141515
15204891.3505617	3716.84307379236	24.1039466401879	126302373.679675	726575.067448662	24.0945001668688	0.324590606432075	0.312538135649635	0.218807409159974
22508.2287192639	2321.61536801625	18.8331454433108	243474.233282623	298832.813043953	9.29604644990489	0.276135198285604	0.31499626244024	0.215389059059194
5863.08185468129	2440.07752935341	3.41188694803193	191759.414598809	394151.599610037	3.99135962956488	0.277945240493651	0.285024132746975	0.191312364515746
5607.34364877559	2377.32661690974	2.66973759896781	156876.854716189	326148.864887382	3.72212128465352	0.350780336061371	0.364234891368508	0.273650000057112
6605.09765576618	2569.60808108652	3.61130608995575	220624.105716129	500346.624453454	3.62656082186917	0.283618057909866	0.300102708084988	0.213620097095668
4999.89991944584	2432.82617243909	1.98637411227475	196413.524094915	450223.506383392	4.62358446045973	0.306870610977218	0.305479694205141	0.209353777959594
6481.61490786605	2724.17333699516	2.90130806903009	223530.791688215	422936.605020837	3.36349494667979	0.300320800048057	0.295031707696868	0.208084254868364
5295.50869158295	2692.51620566808	1.94295731880871	210778.75188092	457698.906981002	3.70563358863421	0.288399667527862	0.298454937502696	0.215571288683167
7083.81713689865	2754.65600934337	3.09475857352307	265066.364386338	421026.697383975	3.23550523639053	0.301455408890263	0.300633555879585	0.208360003718595
6539.10949772007	2756.29519195738	2.20314646919126	222804.228190088	535492.410437746	3.75422925028109	0.319989550161905	0.333666593426707	0.240941886285957
6590.37562292259	2846.12215385296	6.79227495132934	267756.880039892	528599.139169392	4.04721270151009	0.248714263801056	0.261639514203788	0.189171767258777
8366.00400629932	2913.22873983092	3.59845859053158	274467.059828859	530126.865160369	3.36288038485834	0.327874498599383	0.358706765393995	0.262594818372954
6714.68475130893	2781.68426267075	2.78095773244729	236966.605834472	380785.258982488	2.97664564126686	0.330114516728918	0.325486220266306	0.228208568250088
7882.53839235614	2912.14573168669	6.00946776498926	225289.125666629	462219.719018852	3.39518023770242	0.301632540946595	0.334030595726876	0.236611778485619
6432.57666131531	2766.57383117713	2.69512350830539	235006.745861464	441796.672294425	3.81698643417031	0.300701164348953	0.331450054292069	0.241197822492158
6935.10385599256	2779.02180648282	5.13177554365832	222784.584133122	401357.964628957	4.26285862029988	0.321110751259603	0.332499969864752	0.232727232539818
4877.86136812475	2651.81286954624	1.72496700498816	248405.689652797	413224.063744166	4.74291046976598	0.304354436913905	0.292071825951685	0.189697074730862
15330.7777871277	2637.65086092787	12.2146573503775	250601.358692177	437393.426931761	5.70872532530116	0.260788268019235	0.246739397984601	0.167757866958758
6319.15257711421	2551.74058499298	2.6627793489441	201029.485829552	378751.840345824	3.47723449810893	0.286246916241774	0.30083341870255	0.19894477839143
4986.47180967608	2539.51872141013	2.73885565852224	281968.819361144	523150.546020889	7.41273347149008	0.307361158818795	0.313368118557049	0.220627246844872
6886.33028460939	2646.68103298304	2.73567870093864	227830.298831578	457859.716439003	3.91536963498597	0.323747725674275	0.32093359878831	0.232668537839236
6826.26652294401	2873.15167284939	2.44248775740574	240243.341488645	507234.103256115	3.10529523591582	0.325542007424165	0.329637840922766	0.234372378525254
5093.23025802791	2243.99771880352	1.97689782006744	167176.430156553	313959.052365019	3.70613309651308	0.274668580259274	0.300756380408539	0.204478825121102
5138.96864105901	2402.49777563458	1.9395155349743	168439.252421805	356936.15387247	3.58035251575943	0.274367203988832	0.265478606872485	0.168844696337828
5545.92260085229	2447.40090310192	2.76243438732594	205091.673830579	463032.981078854	4.07324975096437	0.295292553276385	0.304324945091979	0.204668437230187
7967.87026707143	2669.92746441749	2.79743439023281	244671.845187176	488622.374101187	4.12468753493356	0.323753797765919	0.332063481987272	0.237369258941414
5646.82800906802	2886.59414871879	2.54629256304282	206485.283035037	471210.611655274	3.57031078608571	0.29095157212487	0.305480213520138	0.213939655604088
6627.60700206803	2763.60593953174	2.49218377177848	229975.228236213	495503.13454254	3.20461865435998	0.232272295888447	0.279104878163141	0.194497706363441
6441.64352120339	2601.52573714347	2.5106752601548	238673.26351225	378849.107507721	3.65975179454697	0.288232725812945	0.278736357828844	0.185401982804182
42236.8482039428	2980.86856829996	14.0882709359927	402642.920062554	553935.895644941	9.66012937660553	0.287918498842433	0.286934224438619	0.199624657850037
5663.37874626369	2781.15844053179	2.73149981600202	245528.297439407	487751.878586543	4.73341509317016	0.291666009222558	0.301614138585387	0.207507396194667
6447.50658028266	2698.31397956798	2.37678563823998	207727.338726976	389918.53057342	2.99728280583239	0.348237303522807	0.339117059891827	0.240549857086758
8877.89052080438	2436.97601539894	7.28318541357769	256652.117942421	438665.607682229	5.16577864549932	0.313888433689699	0.349342242860121	0.246949973695796
5061.46440606778	2585.73828533881	2.34703093878447	186860.035602519	421689.891958106	3.61201842563574	0.302058158079426	0.297873975867332	0.209233310935801
7510.96793966593	2837.51206654383	4.80504207421995	240608.170715937	564035.653313534	4.32070310713769	0.338772166703438	0.351798831282259	0.254045711254073
4390.62425302326	2210.38019896862	2.0371502903443	155662.590740794	312638.88500489	4.09789461206742	0.307088647599074	0.293668938230154	0.193624090891109
5400.48969900387	2553.68529736913	2.68700712463472	198312.220564035	459235.771317259	4.29242591081921	0.260891637773074	0.298027151204572	0.211171624619483
5824.86195500381	2750.28497151908	1.95658451001487	214112.962083612	419759.82958827	3.03242811531662	0.380293982660262	0.391235010617437	0.289506126240591
7095.96064143954	3090.89942532611	3.30704296074447	262367.934461086	513148.239554723	4.43816308321293	0.308190647546386	0.322891259875599	0.229409694988888
4913.63223646788	2234.61004382004	2.52786277493226	153002.116362118	315409.121758084	3.45627781451588	0.298364523062085	0.282711601052722	0.194274764344469
6335.33353697871	2257.10027792742	4.0924878657771	144049.155093897	305559.599822584	4.76711099071919	0.286139497117257	0.330809290582371	0.235149563229793
5104.08825021855	2041.08592638487	3.0292839558787	141931.361788063	299534.000660552	4.11268420030761	0.291650465843395	0.261581021737598	0.179384404190174
8425.76544285982	3062.86577731143	4.96101798648351	295018.018676719	614952.564066872	3.92880990514235	0.309210046823587	0.321990854213237	0.233940303869344
5045.58551390875	2654.89067063588	4.76721250938707	212886.891682122	481185.243074174	4.03829939718638	0.298814366094515	0.3036887365249	0.221272405892075
10031.755355453	2394.63698459674	10.8177192024547	164195.225400788	363078.267462713	3.70737775777994	0.360697077641171	0.377187010736885	0.289319037892525
8168.93254152302	3265.94289078928	6.19949124614488	304311.094956824	721624.276653011	3.83143447180841	0.377450087949971	0.381072346672508	0.278146675813182
12639.7828122242	3175.82219807074	7.1270520244734	377372.126567111	526958.129585662	6.27687426305614	0.325325202154944	0.29679273141451	0.198637236484647
6139.0127919725	2840.66215187033	2.54384768046017	293789.228012197	584017.61776612	4.48966928674135	0.299239288367585	0.33051285862085	0.230112653831631
7116.91690282337	2671.96013155615	3.93008737526875	258564.709643592	502510.118667069	3.63253492065058	0.315342581251223	0.301768963233157	0.199712149110508
6317.73822224594	2061.30512762341	4.18899872968903	146891.615798116	288198.178533698	4.35105382321818	0.419163809550661	0.404800363604687	0.293780093440945
6686.86744800151	2211.02464634483	4.67271600343575	146626.122925234	286659.644446028	4.18720469124916	0.351509232533433	0.37469315862417	0.262534773419084
5309.63184623005	2623.90118943169	2.62843160747459	177795.297114504	389061.491139826	3.85962896363391	0.327790585952751	0.341101533860324	0.230865360493757
9137.49752574821	2609.59429094983	5.86609787963772	266146.280773831	496547.432439981	4.33891246485925	0.372018538514971	0.386644328300177	0.294424055992129
5706.77159081589	2455.35247632777	3.39031926677941	218892.131005483	496931.481161593	4.45067380331013	0.395216578249402	0.393317919893537	0.289106629970717
6731.18898299194	2669.62184139531	2.45423015078763	212880.137148119	435452.272635343	3.23165805800621	0.297001676790295	0.277721052080924	0.183867803890103
5407.32118460356	2653.50770251784	2.20773580883397	235475.560292839	596279.072767596	4.95632250164477	0.287926247205703	0.310737922881957	0.225124738741616
8516.77415683217	2858.56023234249	3.93960233891627	271647.681171595	394667.520761526	3.03804135068139	0.333094462762954	0.354136632601253	0.245842812265806
6135.38131290225	2875.05539502336	2.3138847541853	244139.215717265	452612.256788126	3.33826433500598	0.313915046467956	0.33149506209054	0.227804993603332
4843.25289048962	2056.87296795057	3.69649684530902	145449.120729995	325066.31739391	5.02934013654704	0.340688917219971	0.351993875542449	0.237817895582021
5305.94722648805	2899.49460027678	2.03981650515476	264427.550535758	536982.603787894	3.48632388330682	0.317785090530561	0.32730931724782	0.239733221182148
7059.65745302691	2323.68863324718	3.310181713367	184091.513011279	366728.279880507	4.01834032756092	0.310722135942431	0.33763100503592	0.241968234520471
8214.95295868242	2984.16431110281	3.76279215163281	328507.791281406	563022.311800622	3.76480244792463	0.341981030877686	0.359269897047498	0.253098220047145
4968.81191013286	2517.08272802696	1.8919229158328	196315.705181722	339581.135257299	4.5725982513102	0.249136391289601	0.279101173561315	0.190165397976102
5127.09695051922	2534.02686854219	1.96401877943095	193544.55645106	446665.276399013	4.09298155873283	0.267459640263426	0.267623407331003	0.184498622414859
5946.51268893329	2680.38008104886	2.12333523074675	197619.270274086	384191.134825633	3.12974374352209	0.229437201192584	0.251713752857762	0.180600277514344
5562.2821169799	2494.91247858947	2.43447255839084	178794.6205413	422617.736956642	4.52277670492698	0.373262260748317	0.389048353720428	0.296538121860007
6316.3325884992	2240.55574961977	3.26694765959834	140079.752118613	378972.516196094	3.88930820267033	0.341375378378202	0.349895908349175	0.24326912992122
7440.70762191632	2840.57573931929	4.51948676365171	266379.328519046	495564.770985299	3.99715098652273	0.326128273844923	0.327958433774144	0.246109250904704
8115.50043388755	2683.52523041366	2.99825816760453	278207.032109227	381184.076544153	4.44781877899452	0.293825154469183	0.306029229894102	0.218354221564964
5180.23777178626	2240.48791729206	2.01442503287547	145691.946349741	327009.898928751	3.91391114410542	0.282214287697963	0.307737184696205	0.20792326580337
5303.52289907165	2698.1484365436	1.81139041720923	227387.453414102	475574.544605	3.75204506723674	0.260589891922679	0.261046773692686	0.184847123800083
7195.77259461344	3033.2494650119	2.94628304551748	277452.504997418	547467.810698642	3.75041137178113	0.262519859221754	0.274381651351998	0.174857296374881
5773.74095303852	2084.54287739073	4.1592510361568	142092.54346881	288267.565599791	3.77996392563141	0.327717698882293	0.34047191317747	0.232283893119576
6203.24612003569	2494.25559226045	2.86274339393046	191521.809584162	357275.338768637	3.43537856944357	0.361570030428813	0.376135663487685	0.272628447738802
5204.85285490791	2321.0778495972	2.42190229595707	154290.321882761	308776.346676337	3.44985985695732	0.313650979194037	0.343677059183019	0.24439984037208
5469.01911527227	2560.3656170134	2.60482132528374	204338.694477434	434223.867062484	3.46817605753421	0.325499022632255	0.337656363688429	0.234805578452981
6858.0049984739	2838.89803405562	7.65329709731294	297390.209526565	703769.56871845	4.33431979493335	0.316368491733556	0.300178487859794	0.210201379543762
5344.14569570011	2345.54014505925	2.6934519628681	177176.455853559	359853.636893136	4.06164357860453	0.325876274971142	0.328734139372399	0.232592266909851
10317.9053629049	2470.4156860109	9.80366920134217	242698.552863283	420222.063366006	4.44368887761334	0.26064406535826	0.279494618203023	0.189575610541885
6314.99460366567	2237.42064008722	3.64845743317494	164817.088616602	288511.850055956	3.55492173433876	0.297267338337328	0.33676762364291	0.241163410733144
6267.14652008895	2800.31240393262	2.072923251981	259157.486926164	435107.059258255	3.39667593068865	0.246783100197471	0.286507243644397	0.20911478961047
7493.22506449587	2823.51300452071	2.89904886519903	260529.251391137	514882.074854774	3.80920180538591	0.333483771158855	0.34855169465278	0.253333692379413
6430.74782576445	2715.76331887519	2.493737260022	217443.316773423	415338.422249778	3.50887347993936	0.357006484686842	0.368920084288997	0.287751540706947
6160.76509753558	3160.07408220293	2.59119605871478	252486.10952165	574831.430991501	3.11381267025382	0.317214747826485	0.346977430156731	0.242582461002285
6613.62720226444	2709.41968422177	3.75624200020679	273695.989653089	470551.262885681	6.25286811549365	0.331410367099437	0.352234744798902	0.257226860699147
5032.51872157405	2477.32399251332	2.98243797314616	155973.215211988	359852.139196708	3.66656349624352	0.266780858504838	0.284759747177821	0.198017536445307
6073.20886084694	2814.15502058484	2.8098353219554	229563.697246536	443812.755407046	2.91921015486261	0.256700647543096	0.258139664448878	0.182439301999869
5583.58634095417	2542.15447292464	2.88389598539205	181530.255767478	360286.734621231	4.41097966309796	0.343106129271672	0.327626416194223	0.223358981876029
9018.72841755224	2584.6158987934	4.34829139291133	222456.65848	421046.908312022	3.7988083136069	0.321515204361468	0.313508419709051	0.22059285193843
6753.5072969808	2862.38870906022	1.96456653095472	222523.891319542	430099.60188469	3.33553308023327	0.37467519001423	0.375619879791457	0.264413560780371
4957.13925997344	2436.61704727045	3.05813581900249	202386.581072598	401811.038893857	4.61828384939398	0.250675912997913	0.28923754991463	0.210518266967198
6526.35898582127	2649.23121525009	2.21460648858739	214591.737767089	455098.827108117	3.82037669414321	0.289130077374528	0.266568029168925	0.176985769108985
5185.2224077241	2172.84712584078	3.16720447253861	142601.405884556	328937.375874439	3.60412289480647	0.289965204149288	0.32680860952542	0.23481433988858
4776.56184778709	2510.76827489289	1.85227389682068	174197.386616841	338138.109172881	3.31794870852474	0.359128784986532	0.37529317681854	0.285536174931689
5185.14551072641	2355.72392803959	2.71563483859679	163054.844156469	338080.971605726	3.78258859744889	0.286998198894115	0.303102787407165	0.211854849816517
4875.31026749129	2360.20806148873	2.7516728149246	166000.150716308	435231.909573827	4.50326912282795	0.326009862233185	0.298978897969968	0.201951250196021
5888.63874453573	2882.04195087539	2.83562621156561	235181.875998415	578173.011952854	4.0426814672796	0.291681668620547	0.300992572087062	0.209613482531095
8216.67884437346	3468.4709464889	2.71403519642055	479577.714999301	766459.084785541	5.39923246706935	0.320944157933502	0.350792900101398	0.24702225783966
6000.04029034651	2386.30990758642	2.30801410192103	174198.297909973	397960.490972343	4.36636247849852	0.322307123382457	0.306191058213237	0.205695549026597
6056.1350686373	2609.25762456364	4.93947760258128	228606.447872593	523077.924409422	4.37645086183478	0.323884559821609	0.33698161159585	0.232970489957499
5835.95200307037	2865.1695875203	2.61021352488255	252198.15119903	480204.649813931	4.87987518376668	0.42161345965036	0.41419039080447	0.314544482939422
6514.87031159093	2348.57819805666	3.18867981351896	185565.867547655	299505.815119235	3.76098446042177	0.314128922735227	0.307111575003516	0.199872639216633
7028.36301062649	2371.4072956926	4.20883890419867	186950.185853412	428011.868845452	4.29138150559434	0.316616105603556	0.296766728712007	0.199006322101012
6860.13809333213	2682.83303869006	3.0727800586914	258300.867423143	495986.697822436	4.19231120153597	0.290551916069257	0.324781960909948	0.229881856886359
8154.50636712984	2912.72552022136	4.22060990919208	250926.681579525	416803.919903066	3.39161964941655	0.32738235169361	0.334746727025565	0.233163487627993
5210.6759471147	2368.50176415692	3.07139539130489	177854.975085155	410556.789854	4.47421620870263	0.297750879446317	0.317128377603613	0.229058421312694
20794.5218604313	3057.59657022416	13.9359741833964	507217.842152208	659034.858089286	9.31308003268034	0.349802749096962	0.364707526970731	0.255824523694673
8667.57495262001	2497.42607615677	4.34491257433321	243249.385235947	392825.823759631	4.69339001513953	0.282621359363422	0.280550322793586	0.180631921428305
24391.7140943547	2333.04886563685	17.875350896287	442066.440874421	424367.495673036	13.8264912805913	0.289635958412979	0.323303854532453	0.222287527380836
4555.18362390411	2232.42127798874	1.91589236088812	152332.880047115	317835.829847747	3.76977277364852	0.351154466114865	0.366317289625332	0.273165589712691
6506.07782582118	2806.73834490108	2.00369425491553	257347.385369583	420007.394292512	4.04119336592822	0.324676631464094	0.327907020382241	0.232012092898594
5267.53789855692	2537.83441338099	1.67252918320687	197794.569046557	371838.674565205	3.50897139737672	0.307259010514929	0.294227614422671	0.194079989816723
6257.22601540551	2952.72325077552	2.18751641315676	246654.202636798	496715.068248707	3.80754200351233	0.34017264231423	0.307629778584118	0.211063024612255
5500.08603932857	2404.48474098163	2.32203498043704	186674.593157532	317868.61566682	3.57377358413372	0.294192240251679	0.307168589399169	0.20025610048587
8430.78158915424	3105.83309291923	5.29941403606924	301631.054814324	448947.029850187	3.87075225992828	0.333153290612504	0.365369187727172	0.251654892927624
7571.08099637549	2336.56829748217	5.06301862010071	199560.183585794	346153.881260614	3.66845736523436	0.256774101688558	0.273563037618676	0.194608987714166
5969.36080122237	2972.68217227852	2.20659771983993	247853.255032083	502957.420268686	3.61311505075489	0.341060234894701	0.34633319224486	0.251773440601957
5921.71228227466	2635.84222935104	3.33186022417832	255818.195668794	539416.164235432	4.22935559062704	0.264895121967716	0.293670715328221	0.205771334862664
7527.24187166902	2816.68635108771	5.03908260720624	250430.550538247	461750.723330265	3.33784468293898	0.271689178558957	0.275991214351674	0.196529866045261
4928679.23724529	3035.41426679731	23.6493757284911	13052604.0230054	602021.695033108	23.573750388595	0.328067250229049	0.314288433293161	0.219826484389578
7078.97004812051	2615.45590806166	4.658897407555	175028.346369716	414973.343643796	3.39801795272023	0.310851303697194	0.336100833243965	0.247734456110673
4880.30729204612	2132.2040254843	2.53298271708655	137189.246190651	332177.868586809	3.82213315749491	0.276256168272233	0.256963804580821	0.16796901575737
5281.30503061914	2318.98662515326	2.54246112806885	171185.04565992	383034.586575778	3.92749585967655	0.334273117696014	0.356518142247297	0.246433380454337
5116.3111012456	2064.66317762189	3.27699810794128	147398.954393907	300952.32163545	3.91137590144478	0.255450132125345	0.270780080078014	0.172247681446452
5456.76070027598	2383.69961629998	2.81851348109552	176178.035652061	342294.265354224	3.59263283939574	0.266046806862313	0.289086799469874	0.207424760042329
4989.40305031018	2335.58411330048	5.08432267358123	157967.09079468	383256.390335573	4.02457704561007	0.25546919347877	0.257831228223227	0.1670603909653
5365.65501585606	2350.21749354118	3.68685838688237	190748.25782746	409628.849766852	4.2902218326259	0.305111758812758	0.300676593771951	0.216631682744085
4831.24040600143	2394.74031875558	2.01729042918145	173604.04114633	393042.910254884	4.13259624051964	0.351353005877443	0.348710390052198	0.240749376654665
5321.77985027602	2366.23381080057	3.17180377463696	191158.015981475	304458.070185261	4.780733747908	0.359488078023962	0.359143706318496	0.25573256643441
5415.33095862759	2838.02193017111	2.57092584759075	198361.002014603	497461.215018793	3.62316554642415	0.347339273458611	0.363578141197362	0.267441317991957
6315.81808528554	2763.85903922479	2.8188448091218	240145.895006367	577699.672494652	4.6290774051583	0.294050905347851	0.322395749512182	0.230519423598084
6129.78540285505	2435.2701060693	3.23349023896349	175447.573766236	410509.072526987	3.29562894775311	0.329370808907441	0.319939909652063	0.222877659206911
8644.16871912545	2888.04384875031	6.07969239426552	322638.187187888	534846.432006428	3.74244177997845	0.283950870852867	0.296475693203724	0.208058586677401
4807.79969652829	2443.33384320596	2.05214168470731	190727.534323117	398251.595536547	4.37028843967935	0.301375444281758	0.342930912758677	0.248110374259213
14546.2428240383	2667.62529324701	11.1973661056009	236286.715599461	459217.269929384	4.29490291130254	0.263077057995155	0.263888960510275	0.175742995717195
8526.77078155787	2864.03517499493	3.27365724177794	241345.819464538	435797.561352169	2.95159762052776	0.319301586347537	0.348875901508774	0.249794791471233
5555.32309180377	2439.12366322419	2.15392452653691	178528.568032919	349030.166764379	3.78668938481554	0.249935148441437	0.24950226468218	0.167357383833475
5830.40879350949	2271.60925937925	3.39863249246566	151015.238245293	363132.954879634	3.77789038338797	0.418829518588857	0.415464559185332	0.310790386952047
7034.02510333517	2633.69408088296	3.98519876655068	214906.963465768	409827.011867387	4.00295285327844	0.28463800613827	0.305457503170384	0.213212682486735
6962.34363600828	2687.97031144221	6.53124041649128	277865.199864957	537474.737857297	5.18659651294714	0.252550492392875	0.270826289220435	0.191417690374083
5390.83586048624	2403.84726146211	2.07014726028606	159577.973987217	313433.564950205	3.29989047294969	0.296338160536188	0.284947804486599	0.196263989365206
7222.89706648451	2296.12404533312	7.13607521653893	167984.230365598	332687.245864846	3.80528776277817	0.283545468825919	0.295500228559696	0.207180140189007
4688.82632243485	2335.71543615557	1.9517387139315	187631.258569279	338687.791767139	4.70036913401827	0.254905897510898	0.280645838478773	0.18280191304732
5901.08562141204	2597.80240827539	2.2781585509072	210624.754200225	374358.435856164	3.36683077476488	0.311858534822909	0.308968103938973	0.216704413490684
4868.92101738632	2256.63386072159	2.99493664764024	162317.063531965	345855.320604178	3.94275738613538	0.320096627673245	0.327849151224795	0.242062977547115
9528.42296116821	2764.80008272047	4.80215247974248	239328.913345807	367478.914487701	3.30155509873804	0.304982784655672	0.269071171898038	0.17803568128107
6538.79255062016	2361.75200457539	3.10644669215788	190933.46744945	427338.474278583	4.6400506908671	0.24148477947699	0.267179090617017	0.167264041217367
6497.57109061076	2734.12006586005	2.91592633945669	244706.257627329	506176.571239038	3.96855715965069	0.390179552367098	0.396943304692713	0.284512901543646
6922.46100547437	2866.50128937883	3.14523902283055	226627.469759067	475353.380391425	3.43091774726894	0.366598697386361	0.384390677695352	0.275222319749862
9882.01718900022	2261.09132382686	8.21419415951462	224164.343165527	370855.232973079	6.67466378916665	0.319885144920917	0.3126850659664	0.219031204741154
5942.35763888905	2616.96172432123	2.02680109653133	219855.494030787	393764.658453454	3.6470321833117	0.388315596717694	0.393318827773189	0.275573701320712
6370.3369191906	2354.91782544874	4.49549755714448	175735.954404455	413834.983471247	4.89837072834351	0.292015276626164	0.280805065363158	0.191434047668342
7579.77957371656	2958.29919165367	4.45468949150266	328467.236497014	545865.290225455	4.33142657370876	0.291889410158571	0.335206826911568	0.230772986653937
6096.63740421344	2671.09335050853	2.49502000360635	207230.865289299	487206.419749109	4.06988290175377	0.303714021556721	0.296798555367568	0.20991380729611
7087.48747123644	2768.16012967396	2.8503629061159	224168.6383659	469027.755136905	3.43584303539442	0.312335571524851	0.288662466152638	0.1921269277004
7072.46978066897	2283.31605095283	7.06126663542679	183516.999125301	311895.489804505	4.70665999602474	0.348490395134932	0.37173496510104	0.27489234213575
4993.46824822375	2225.0430681259	2.03029166399772	167493.785960733	326252.145327172	4.34641020602364	0.326385978976787	0.338065901917474	0.226991181192307
11827.9100470698	2656.70258363751	6.75908762388209	247617.205220185	372285.148375685	4.33834678242348	0.28927561683349	0.311443508099916	0.225552606688892
7969.91838714554	2591.23276275199	6.66603364010937	209926.849781264	339397.413149823	3.39504266231518	0.283151415291038	0.29639507626189	0.208824710295432
5590.04138603722	2660.08791237381	2.0071552802936	223220.533799362	448699.100269414	4.12143297158503	0.245156441090209	0.271786458079435	0.198808284552259
5553.94228707069	2540.40938840158	2.10767275231258	187801.031712581	434645.031501422	3.71272858311755	0.316781417752489	0.329970508705511	0.237794733961225
8207.49947595913	2420.81555015769	10.1121883662721	200445.410848513	361390.610370113	4.92373603301418	0.252791184592735	0.26709561831367	0.179535243430641
5459.38001894007	2340.96617974315	2.28778768968789	173085.321417667	399036.051619632	5.18941015283025	0.371469320716779	0.371006837488696	0.268070284618551
5871.96438114933	2639.7133944547	2.5938673869687	225452.087807151	425014.204836169	3.60680608343386	0.290567634263814	0.27859736569655	0.191811969782703
4785.22257533111	2145.77064911038	1.89298158707143	180958.009075429	365476.136763143	5.22655645191883	0.276428094825714	0.293150229900404	0.210574934471411
7651.01494489752	2309.40694313775	8.56981552113941	157138.080855079	324851.615192055	3.44394066240108	0.415870735320532	0.417034290497804	0.315020586116798
6202.30569801877	2693.93104549616	2.27163226698781	304229.26585195	550194.855145248	5.08645764012744	0.298608602885924	0.309638883740493	0.220224787175071
8122.80679273219	2748.25586752706	3.37887738544173	213046.206447226	470732.94261279	3.6383857777959	0.382511803385458	0.389668857519945	0.289134674773353
6451.71868529284	2547.14035555983	2.8527085984366	212281.327079801	414492.54181946	3.75122458515936	0.335159344524315	0.331027750536063	0.231754221359111
5460.91952941106	2488.07590639851	2.33053020144234	187176.857803581	435297.523027479	4.07755963116944	0.280541258024431	0.325321087720767	0.224677093994892
5007.41002630694	2598.75171482376	3.58759590463961	204341.851025114	459035.916787129	3.83350230344368	0.28683652595325	0.272720876499704	0.186918454209554
6631.7091578868	2862.50952771911	2.5558278808965	273380.904115363	458206.956067174	3.88638597232972	0.302406414794898	0.340542657872496	0.241236900199556
6619.8776264742	2530.73653921877	2.81968733334216	197451.699219232	329928.156104015	3.74440267073935	0.277595022345071	0.268319596559594	0.189960293912676
4528.38345177729	2254.29496691005	2.0778808812816	147757.997188042	355912.839806912	4.39248165893808	0.301250590520623	0.33120470147376	0.231724650533927
5486.09862464175	3063.62082121807	1.8695822747425	304463.318346976	610585.187326616	4.33233406612676	0.287843204482188	0.27487420643595	0.196081243711016
6131.69798348429	2384.78386551427	3.22357939973505	167296.532622093	306878.420705121	3.93302484252896	0.295058294335382	0.315290899280717	0.214831842817442
6352.36584486705	2597.57896039173	2.44989463740009	212704.12158627	438266.768104416	3.88310717662625	0.27726976252234	0.322285592063739	0.234043920074274
5106.25073455752	2518.53089351717	2.07207094692383	245949.481116875	445439.384340822	5.8152718987049	0.317762132463948	0.302327595445825	0.205805330833671
6230.07050999071	2946.7099904042	2.61178132814522	297850.589618346	630618.751933391	4.88450411034511	0.400864418558413	0.395083031633274	0.305611802661964
6045.55558915807	2498.75493995525	2.59300858154132	220716.716529042	426288.915848557	5.42373754057382	0.390165212072234	0.393657044976929	0.29619817271054
7602.89872357039	2624.54124675999	3.85235991921559	228326.518140605	492023.377982001	3.9239413919261	0.348984686635862	0.349290767198766	0.253667026529269
6128.55969975779	3023.38438723346	2.96438864437703	234773.577120747	572660.17061008	3.62152442181657	0.384730885525997	0.385511901131771	0.280473480350455
5506.86418108372	2669.6410867435	2.2903766328594	246719.089749516	471394.617188774	4.2261865747352	0.302372930287278	0.308784035041189	0.212663681193875
7551.95280454271	2979.60319269107	2.53952828200795	258701.135631339	562136.054377306	4.04687308874681	0.327311019940166	0.298091005361515	0.199280586992344
7423.00565380773	2815.79798444731	3.91180365719345	240880.44674164	500540.450992421	3.703860455687	0.309997139220182	0.329321155629646	0.235482450230974
8399.00275400051	2393.24596337121	10.6710368451839	232626.347548635	480616.969687936	5.69365753849358	0.321807079707012	0.346005336286546	0.244793694288592
6031.26214911442	2624.95998339234	2.67832706824774	206043.276989651	449883.750389772	3.51068178029704	0.299259322889054	0.301004506794434	0.210157085028549
4562.65787990139	2294.28731598548	2.47576294593968	200630.088236383	435213.123632117	5.70821086183813	0.298400475729088	0.303950447657799	0.216323081303846
12621.1394482884	2557.25927809322	13.1088769330694	278034.257325391	484479.26161682	7.16050083451528	0.300098013609822	0.287548020424198	0.197414974600182
8101.92989030953	2934.88032201251	2.89842419573947	262409.789772672	524070.987124864	3.22513566442533	0.287239092933464	0.286996027079069	0.194427555716989
4648.04349926711	2532.94716004488	1.66673783489106	230714.357810252	461755.816374704	5.82241913280225	0.252632737388319	0.28233581778701	0.210234057978081
8056.2387636806	2831.01565209882	4.53912344060952	291791.983754509	489023.240681475	4.24921925892473	0.294212342729159	0.318284348505268	0.241724812834614
9161.901059905	2917.42705786109	4.32045281861311	279855.836817732	497309.104507494	3.46627465657691	0.297763759144569	0.333935504507334	0.239282202052139
6417.20631098597	3042.48339771116	2.88507634893612	217480.670165655	518523.529303866	3.71280421719208	0.439896766737412	0.432707053283619	0.320284370933534
7299.64439081599	2487.636794376	4.24930885997353	203451.837330418	376536.279730144	3.96261189633407	0.28914776925244	0.319666306043689	0.222469956376145
5880.85350619191	2421.64328857843	2.62896932788452	171975.442524887	366124.484719926	3.84529069774806	0.287022425515977	0.265072698214095	0.176156880097363
5841.81228588357	3109.11673382686	2.25244253095828	353207.086772557	769282.857136768	7.26283398068507	0.399962725032687	0.400689160403569	0.306470468005701
5822.2424520451	3004.81616736892	2.38194498077802	269862.507818391	558483.838088567	3.69640782265803	0.297325257490064	0.31360454684811	0.226640719586168
5594.27595125574	3014.77738702854	1.79047523060387	243197.179770627	500952.237895866	3.64454004459659	0.310848093801807	0.346340981234734	0.25038859117121
6259.2572567134	2755.58974707656	2.62201060428254	185519.630045543	437975.932508909	3.42034426494151	0.287450214291574	0.310209796767934	0.224205186261433
5337.79689979817	2474.98674354734	3.11169791254103	182088.65326549	394396.223016172	3.90303781518173	0.351493067960454	0.377116173937004	0.278922542376101
5086.41576187807	2768.29554149192	2.03505928840394	239686.891053258	491341.412247084	6.70996589266762	0.351513675371955	0.370623240184507	0.273967438387795
7000.89835025027	2653.57643715292	4.73157792493072	241667.715359098	465289.241583648	4.24552209906173	0.302920149170081	0.307995383797686	0.21944454060346
7175.90403920527	2734.8711518198	3.14122544404435	224196.484315177	441617.386052669	3.45021901973628	0.334539020817362	0.367368045456116	0.252742952558857
5634.86884302436	2552.35613191003	2.4936246620084	189223.046958859	383415.297327524	3.99774794042679	0.315514392504726	0.350187385710955	0.25742084711519
5812.40626116053	2598.60786340986	2.1215009046981	202726.332084376	463558.517724912	3.84377473493424	0.355975535231656	0.338624773210017	0.228080063555324
5924.25447399435	3090.35446243758	2.23688634430818	278868.997628466	532636.189873738	3.12351788489539	0.33346256849834	0.323574614734599	0.229545670804834
5438.66254397526	2379.13482765892	3.26455280170494	149326.361638989	355939.639869597	4.1490630662706	0.421169727355639	0.405145518398741	0.296468087907104
5010.46191936961	2502.19592890673	1.4883163186841	173262.348145727	327881.738324749	3.57935642937642	0.253019152797671	0.252955726187482	0.165169292448253
13277.0835122602	2442.04982532462	16.8598325464875	299787.005519071	524075.846863162	9.78332408435669	0.345373082956381	0.36220766243085	0.255071210704902
8781.09131451673	2212.29926317312	6.97814671126108	208488.597101351	356085.25786044	4.77799476419233	0.383845543018134	0.395879731826716	0.284509774094862
6418.66505297118	2930.05031537936	3.74116943436427	291455.133525096	592105.190496284	4.3138662584119	0.342212693056636	0.344634094076832	0.249716894279324
5241.32865460631	2380.05097907374	2.74047377964691	167457.554780813	335886.907724913	3.91633714279286	0.279131142257132	0.304483414506971	0.206267737958896
11166.7268242121	2799.82355789101	11.1264568208214	341826.086898735	529454.66758383	5.02894582893831	0.311461087741756	0.312265015620622	0.226449954796365
4688.87117152161	2450.76571237779	2.01599186273993	162601.520012072	386680.997253125	3.67819850650449	0.30737953776092	0.332854193167908	0.240125384170689
9511.64259757073	2683.29010253948	9.43886261886719	255903.456445318	479694.95776627	4.80640325433614	0.319861541580188	0.344517993110549	0.244657665224419
7297.07419661405	2466.02144529168	3.66919652799093	190409.334098292	353949.549998551	3.40788973815749	0.265416458682595	0.291820664426802	0.205305575292442
5533.52351044428	2627.29983114529	2.47802216258797	187156.575655555	458731.980998154	3.17435860564135	0.317029458203667	0.346863977838375	0.259284217418616
7539.33193228076	2582.34609027905	4.01472047195962	193579.750444367	408035.941779055	3.22885504666112	0.371698816952392	0.340484408163567	0.231012589652896
8625.92890328633	2876.44359391146	6.05882619723689	311487.695761653	424668.491173809	5.46808678160866	0.311069289984451	0.311064258196902	0.222860869246531
5339.11024177676	2703.00327088222	2.27721747255329	244806.528631889	483821.742364895	5.31979588761	0.314774060898512	0.333567576814295	0.227641019257511
4180.77896115459	2376.50225169984	1.7030646169878	176218.766003715	447928.641655719	4.46298170545653	0.294924108107501	0.334055483960873	0.252409536386841
9472.77845582262	3124.78051242711	8.36782294975967	318404.723953457	557006.362735878	4.85953209233878	0.314582848768988	0.344132435090896	0.260204323600813
5271.64988182595	2269.52256921992	2.64274884170155	157661.090780177	276705.782950339	3.79219980234811	0.291928421807902	0.307438204198607	0.215939122356055
15821.411923798	3349.28604077046	9.76682459359613	430566.133732469	638693.795998493	4.75579597469527	0.314557394826602	0.338417474601732	0.238128789509824
5706.9861016239	2051.40374092163	4.03066426990366	153377.91823156	305939.876264436	4.16298763525316	0.227762290035251	0.250310484099984	0.170212994635174
5825.80639101933	2341.58165254919	5.97359224690857	190425.815797095	376173.696925098	4.0912994048739	0.288153268743867	0.297346032622952	0.205886022924017
5111.17513574607	2455.04345748415	2.69552000869929	182064.368566512	371325.577847797	3.71379740995532	0.32400378631795	0.352297729103786	0.253630637879586
7622.76230108092	2630.03781480777	3.66578117841763	237723.451272383	397481.894661052	3.99933935649573	0.385332172728087	0.393400311375302	0.289220651539898
4375.31193739547	2373.46088471144	1.89028058753827	166640.232181494	358833.888833255	3.82272409607604	0.321482621123232	0.329421660427681	0.240391361374643
6731.79881033708	2328.04040095235	3.83985675587194	190714.909921638	388707.359520026	4.27619730878676	0.332609997971478	0.318238610251079	0.220926244951626
8648.70355688975	2592.84886748893	8.89767238516389	200727.883821565	455654.630749601	4.26184247185358	0.253246834200398	0.300438533090264	0.216416679395688
7231.27163277961	2786.22667705715	3.92667018521461	246733.152785943	492869.768550929	3.63817081568367	0.31820653538146	0.331346215858645	0.243098011442223
25000.7039388544	2941.7697114089	17.0689494149529	557681.268077874	502248.147103915	12.6356600518673	0.265325832599875	0.249778340561499	0.170602100056484
8181.24192519323	2972.36719469275	3.14281059733856	280064.803305028	526099.355190174	4.28943446000113	0.326861571032208	0.298576139653914	0.199897985535847
4927.59001877823	2639.3297143006	1.91663205667147	197585.860764568	445532.225153091	3.36651850198226	0.314198988607016	0.292312677888318	0.205202256508616
5833.40037086171	2853.48433175321	2.63618285678242	275953.837293946	487069.798019566	4.06989607999915	0.303364777997516	0.302623617836949	0.208687523565484
4965.02099300552	2553.81119211779	2.03894026514122	209896.929063843	482708.475022337	4.29340799241218	0.297989916460775	0.280427210081821	0.193586864378042
6493.70865974301	2690.03158388918	3.37710842006252	179239.113331277	384108.235249262	3.17296927929215	0.312657186024191	0.338943071979611	0.236234917720116
4444.15048092719	2114.39113821375	2.33356908653866	171499.229318787	412662.904168565	5.25981198662415	0.289373928094996	0.312617234342066	0.230197285342427
4884.59317394023	2839.30373513316	1.90899635854105	237652.167202863	476707.515000965	3.95702434250372	0.275721586012225	0.297549359283035	0.199296536330977
5813.52316692942	2550.91885822175	2.68471302012564	221987.402589012	487914.634556435	3.70193226384507	0.327210839126074	0.33251570040717	0.235320561108991
8585.28021249344	2538.64449410159	7.61781384716631	217883.180806646	404384.271074417	4.10503366572934	0.32814988543681	0.328151601036999	0.236695857945008
7344.07417511112	2784.25216275865	4.69751612482023	288198.550242092	443766.151908519	5.36638428512674	0.293238125098948	0.270253177055044	0.181107465937837
5792.81294403333	2550.49596244082	2.26225788732507	219357.822144261	527765.25622163	4.35943496806844	0.295163971010499	0.271036252381353	0.176515177230238
5399.31817478152	2557.51222128558	2.50224764565192	199741.547282454	377690.776308109	3.917564082368	0.25131898117405	0.294549578533113	0.206948586856009
4986.35997041515	2473.65545557613	1.91674865153422	177847.073908973	389061.197174374	3.65167486920017	0.310478083089302	0.329590813633208	0.231734163782795
7420.16774272658	2813.65934835296	7.13167461670948	263538.963286282	508268.001169852	4.89807859009062	0.297751551679849	0.306414725829813	0.217568516768804
5844.18101756831	2618.78971567975	3.20722114315963	270384.874616932	516246.980050034	4.5098930265161	0.306796716159617	0.311938493547542	0.220798303392896
13501.9637522149	2679.38950678447	12.372441778011	199629.404437767	434377.36491949	3.15985332139267	0.297571257222207	0.328824852403432	0.248715769793113
4740.26688181656	2809.3357849749	1.64399020885654	231151.529741993	526956.37489476	3.45699451970512	0.296151928478585	0.306027778505651	0.212465080280555
6065.66155840518	2398.39220765594	2.52181927836435	179920.400502507	334620.321497433	3.34042851242821	0.392632047140848	0.397490318429627	0.288832347442576
6547.03387991284	2658.57999671242	2.44129616469833	214788.941143181	394983.047303141	3.43706938563317	0.272943831739379	0.268000049213291	0.175549229452856
5854.07778993966	2845.51858266202	2.3207876512786	245286.259756695	579182.940960144	3.81204479169007	0.237627769083162	0.261137509992662	0.192539761256773
7970.2336305402	2949.23161371219	4.67336081874556	265138.766055303	533166.464876819	3.57497679897587	0.295458303660364	0.308315547139229	0.213593459460258
5649.67328238553	2212.44972040977	3.28163688774814	171394.844408403	390460.019609686	5.10588037164415	0.291972372936788	0.299116208585348	0.21868153552503
5230.63293787379	2728.2823002655	3.35704728784064	193130.138145086	501642.893927262	4.13102477277831	0.36462872945544	0.376450378393905	0.266857708758996
4904.99830778299	2609.05771729197	2.04086936830824	173907.235721403	437369.057214701	3.52476540445316	0.274912466467495	0.264632960447151	0.185647314775718
4746.86093066668	2665.91998909542	1.88214252756148	187120.044001109	441284.497831695	3.78462079115533	0.385576525296932	0.386505693003893	0.289009508850403
5194.29145826605	2828.42383628235	2.54888114513431	215277.129009624	523962.824401843	3.91144756511186	0.387136140376208	0.388936490928202	0.272561001537408
4751.53739275485	2385.27125907225	2.29862760976312	186783.828070232	492955.167341725	4.54356420241931	0.285991900590335	0.298210080786821	0.200250438510351
6595.8881437191	2447.04429601604	5.98453750150928	197275.445544223	447771.387607933	4.30038928088733	0.285312347185993	0.324282578405958	0.239910631642544
5891.32355177348	2710.7530816418	2.01825581685499	232025.484827629	431814.911506575	3.3573082467808	0.249032214041692	0.289095743258183	0.208456961823568
5511.42549839411	2834.82557400557	1.65482990779303	259542.329991694	454301.225050677	3.98934561271689	0.289782475184468	0.275262714376658	0.182083065381957
5037.97076100709	2709.86238168936	1.89667751351954	208387.932537224	537290.369444811	3.66766176469888	0.332109706622477	0.356381859153279	0.254724535381237
8081.81137181593	2945.60027891729	2.68409825032694	409972.080588916	673724.558457277	5.34125246949509	0.313003197924685	0.305101147111196	0.201659754075722
5104.29356252852	1995.85692128165	2.73172455749002	120302.963409801	237885.669942466	3.68279170210449	0.303180184706452	0.308364126533815	0.214533578508234
5004.96722110661	2385.57361501156	1.8887892258015	165967.010644188	321795.933120413	3.37214724751234	0.385014046858214	0.388417563032203	0.281048314520924
4751.28455244518	2202.03785194124	2.4590206375572	147504.762130722	315867.019980254	3.70860883365829	0.287908967535633	0.261659345603007	0.178839548786381
48154.0146391556	2885.06381017068	14.8138524562582	345285.879141678	472883.806189169	9.8577994374291	0.281695685705064	0.285296155516632	0.197601247407713
6012.17506483477	2787.42448572182	2.88248208733031	247062.178000893	530505.636699409	4.64599844806309	0.325681350929447	0.344865822179801	0.244326997115569
7040.80549832465	2684.3563529295	5.2349008085626	257418.161198038	580192.844916961	4.30020444821559	0.294261292189268	0.328752960245527	0.240674509889655
6790.010094138	2859.23765277913	1.92350953577053	223782.705105309	382654.701547145	2.94286070837469	0.430057803414289	0.424872097018761	0.316579967238289
6696.86932831617	2575.88898295781	3.20030811948565	207478.193617023	380162.491793622	3.58777142417841	0.312597436874613	0.305972590371955	0.199080275924305
6508.40725262229	3034.69356522983	3.61682481422355	270501.246028613	551781.53463074	4.06433779712258	0.295628888463564	0.281338965983117	0.192722090870526
4989.25950300359	2760.40332534773	2.23349904022404	243928.012546463	527706.206947791	3.97664269257062	0.259774050149441	0.286790432731862	0.199608250373357
5823.28296352336	2662.79970010991	3.78494106219157	284179.153981878	482779.658384127	5.01141457997815	0.261733927945644	0.267790410277805	0.179043445956025
5308.50109946694	2725.96921346469	1.74749332626145	236202.991173065	435067.568560989	3.93798447692567	0.313979695052955	0.329994086812938	0.23326429481548
6874.28449211397	3144.23627420759	2.95432228557278	323755.442805623	639753.291111397	3.92996481696812	0.398753425086343	0.405568195047367	0.305437507979928
6611.28897251762	2833.52742830027	2.06231059855573	266798.668977975	490375.337866314	3.64196383561377	0.210706305819372	0.23462045974234	0.164782243475192
8578.86532132722	2370.00794583656	5.27156051650442	187772.135510762	335906.716334225	3.94833885909751	0.221654669844987	0.246791661854905	0.167632265801149
7426.88136314838	2398.51512528501	5.07011648487725	253199.887013924	393619.9087075	5.72765120919748	0.335072679524554	0.319494312629815	0.219755679283687
7304.61114574757	2582.38423191177	3.25974917663178	215200.046589066	405900.632403014	3.31752522439168	0.278123942383928	0.325065309024019	0.230170083756282
5573.03229005476	2509.1133529705	2.55940891895864	205514.517257419	402038.419542091	3.97021307365184	0.2598313078635	0.262751837214238	0.16926965409051
5156.71555116853	2747.67379066411	2.10363978130239	206706.655863246	497256.733718606	3.70148513609173	0.292629328627296	0.327342478703489	0.244623966651015
5731.32302972247	2646.99177535431	3.13654632604268	199076.886608236	365601.481176751	3.72323437525664	0.285710758415696	0.273182197884297	0.187414571968242
7121.70141237707	2940.83001293235	5.04694524843766	261994.230302289	459981.843593719	3.27590254823351	0.269760948454082	0.29558187615992	0.210521362788143
5643.12729197606	2647.35517417828	3.1386213050042	189780.167420742	471896.699475631	3.52332286190251	0.293488390063867	0.317064196740927	0.225223358745426
6495.92505382144	2760.31582479726	2.67428519199663	209660.61763896	423947.010699535	3.10158544420144	0.358499162253239	0.37469623393639	0.268592101061867
11533.3140436388	3123.228359986	7.79901459734276	309140.017555465	605137.167613315	3.25542896125689	0.224969478201095	0.281908525990557	0.208200503056046
5653.79804933215	2334.83860237939	3.81198949553317	169969.658670643	396358.290095049	3.99965091229002	0.27734720592571	0.273501487837827	0.195733358285509
6358.06155336756	2272.50683569694	3.1232564901826	164294.353014608	356887.283303722	4.34639936651426	0.335842675510253	0.340363682987738	0.235058993932007
19339.6446807155	3117.68760472153	15.1868543591589	389241.131948711	508345.101005767	5.82492902666878	0.257077235513056	0.259231753659497	0.17293369162709
6212.22817807893	2869.65897279346	3.06898926529549	207610.559973734	475487.050633423	3.03827099733773	0.366369634938602	0.375046983853922	0.284759468574731
7042.50417131184	2527.17730495212	3.42299478030713	190520.683490282	367010.428730263	3.43552824912469	0.283607855205238	0.306738536262059	0.222443634503478
8092.69208422254	2298.6135357179	5.6603905610894	188463.452375238	323866.646481605	4.4407687215218	0.30626670303171	0.334776788160547	0.239788897239423
6890.93981617431	2582.87632467567	6.08870900380876	258065.924107107	513463.024402592	5.51707805906907	0.271737166709537	0.28059478431138	0.190026824846556
5925.54579271061	2482.44362827799	5.7841856063929	214862.125468045	475638.21218681	4.26597456490768	0.391962845284117	0.39197284951096	0.290276263615433
8990.37412614183	3113.73341570469	3.39175614282198	542777.112475545	622038.773244085	7.38346916368792	0.246859506875773	0.29121066161474	0.206398789164644
5642.10745196538	2654.46379858619	2.7543380855767	202966.767901879	433594.382212793	3.91774165388872	0.303509742578138	0.316314126748507	0.216243964726083
5940.68811248513	2546.01658273801	2.61425326244045	221450.343171777	358439.502683145	4.5449940985549	0.296045768794654	0.315433893425173	0.216068085036415
4655.1165897143	2351.71396990664	2.4547265528105	178484.749659708	381588.06146586	4.37380900114028	0.277649819081342	0.321308337162132	0.24233496107122
5897.58221937286	2779.48002238927	2.35857765911762	256149.23292741	372011.319875196	5.33764130412573	0.301362490529625	0.313921249281475	0.214338116563153
6129.39503005662	3046.56126531046	2.57376312563858	257022.249552237	539930.67829699	3.8827443728234	0.379329225687183	0.387368148417028	0.285004189783559
5088.20261959346	2378.05091171479	2.39947488909799	166485.422283035	371127.488798404	3.84861978966211	0.297828139008097	0.288677903260597	0.197653226285286
5301.92976030254	2776.02855607759	1.78656551408717	251724.834024594	497111.112227146	4.66231013476804	0.420063798677288	0.408037184260253	0.305651997166279
6700.45640881152	2376.79369938855	4.41190087755705	182191.149844593	436667.363247964	4.16436145639662	0.308357547334299	0.334320476899371	0.244981593166256
6919.81276839031	2244.76456572196	4.89797919226176	151019.29767868	315739.611404131	3.81052804287119	0.378959924863681	0.384657594850913	0.293761274948311
6351.36081468179	3042.66406135098	2.50801632598142	248232.478550399	503002.031443346	3.41247692811622	0.411775629957273	0.404013471504356	0.30313405948906
8979.12282858803	2820.1923821181	4.80005544993955	245108.650154927	513678.573189012	3.11917055736567	0.27405700600086	0.282819647504005	0.202128881115687
6163.05611624408	2824.2318424921	2.55983397730964	212746.433587907	413005.983699016	3.31226087974768	0.311796643358274	0.311868729311246	0.228881663082834
6867.98421000298	2560.21964086724	3.66724487841521	171926.389404603	348947.285679848	3.17176383743925	0.350573623513353	0.365897766330647	0.256243479842209
4375.8970434841	2453.50381031722	2.27583442789926	273287.37828453	484492.037062487	6.50663692030233	0.290281482690077	0.276106278096868	0.180281418060843
5910.38026275587	3013.07455060647	2.86819363382528	244076.688345274	553039.782174263	3.73985682793628	0.367828627781451	0.375040921509815	0.275748448873083
6014.71433318772	2976.35301008109	1.80239503061295	247504.626148104	517547.390508171	3.84562397751217	0.262446754183901	0.264052205260985	0.197340197061468
6063.41193061584	2957.17314396867	2.84282894550507	268459.629611245	635298.800210057	3.68605228545159	0.248438681036504	0.271511272295356	0.189483603551763
8298.13029376013	2852.43816393416	6.68157094358359	253140.413648341	476802.760880231	3.37581564624939	0.324326851105268	0.320447960603659	0.225671771463658
7358.40461585916	2632.04393879442	4.4077732851565	231179.593470473	382602.53252842	3.72377770992514	0.279265056087291	0.333711196464691	0.224728964823977
5989.40987670951	2722.79139268075	2.48233895179781	215578.830441529	426221.342303961	3.30655989704496	0.277150668607862	0.266892475467789	0.187870877793397
7981.61985570127	2439.80751879992	6.03015201472456	190244.328363228	306312.302460839	3.48302881339059	0.323883343066865	0.353548005878376	0.253506254575725
7485.12344334219	3299.92681916174	3.03521978841319	272139.844518252	589304.105422651	3.22007429623956	0.251788670524948	0.27805948723393	0.195465033334909
6371.1246990261	2852.79982061124	2.00433068896812	221240.161110842	411465.307292251	3.21026982640391	0.370564939366356	0.385429698542645	0.294140237920344
7484.66865132687	2537.74390155679	6.17973172222599	258824.998149762	364319.112393058	4.41014243696046	0.262643606430549	0.302945007706546	0.218437488114951
53065.3245269695	2417.19948961952	19.2304106877454	341393.19767792	364574.549208685	10.3616632158542	0.309800635823104	0.31159519800031	0.222421949515497
5944.41821903293	2561.04731266942	1.85564625137511	184673.28895185	290378.536565955	3.75213209183594	0.385507145260113	0.388303834949607	0.288652440302443
5000.57184346359	2388.54584361233	3.2396164741527	163503.142744044	357950.164943346	4.50068392464323	0.282772162274398	0.277567974633608	0.199781314028124
9903.08024633152	2389.6714224043	11.1131562554502	210924.38486668	424583.161287145	5.20038639392949	0.350554032531348	0.372411500906508	0.277367086547621
5989.47951388142	2280.52426235013	5.20992247908829	145292.221673509	364169.723706026	4.49834703083995	0.338781362365183	0.352387339999271	0.249376516855291
7399.97897956443	3066.06272650861	4.11073715274212	309491.549694519	607065.609681045	5.06388341718199	0.363803644044619	0.375701599199426	0.264629691567193
7744.14537678538	2684.55300674369	3.92724940101112	306777.722295549	483928.808729751	4.48291133367806	0.297854411191151	0.287341269939114	0.199658059737259
6421.87562282776	2928.55924022863	4.38596903296939	245895.162993897	454490.734531929	4.12661985638081	0.362857992903202	0.380426807226201	0.271208953082968
4168.82080946948	2066.4223751581	1.87544040244528	140259.430575738	308630.431226467	4.39738590770228	0.312557281679802	0.334270303570028	0.234366441856964
13666.21740456	2966.98322509512	9.75524369813409	323197.209087468	496279.34610914	4.35392717834101	0.28642442432249	0.256442898885687	0.174820150875682
5674.89600385069	2414.77587468959	2.50565727066133	170536.031747617	324259.264968846	3.39416049684245	0.438775514056878	0.430422319595343	0.311344738126595
11607.7242151412	2550.92773430938	9.62578933042981	261904.388337491	499761.971481881	5.18111136631941	0.298362318750444	0.288023081376811	0.196646532790839
4965.98514924218	2255.309269298	3.49352617867736	158655.781659128	358658.811924743	4.40946103520795	0.29220960782651	0.328766652732133	0.243375668944191
5125.89781779451	2383.64465572564	2.18222463092799	176427.651421346	456884.908315036	5.87309081887173	0.325497743424778	0.309238327550537	0.207139103373823
6008.42735862038	2422.9825560267	3.62298466651445	188702.531910791	416478.006420374	3.66254562913523	0.273671322289115	0.311781837070631	0.224241246725236
6275.84534333002	2482.1198400156	2.70272943887034	232285.287046632	415457.401503421	5.21929605281823	0.284244160723472	0.299220050530087	0.210820543519866
5388.19651553478	2607.44446440971	2.22734760579006	201384.342508563	367481.800763684	3.72389765502819	0.394522146110403	0.394848735806359	0.287986732737112
6596.73061497031	2746.42020712064	3.32567647904129	265481.259751757	551153.58555649	4.86462223988666	0.308662459204864	0.288164739722987	0.201816663037831
9003.44045820814	2514.09383143814	10.3683560534475	224868.296138089	415808.807101844	4.1666693942794	0.265748356613897	0.314470117118637	0.212292688934777
4729.73293899364	2355.04685277634	2.43172926405606	175227.845115244	396497.752132779	4.8443446148554	0.27645225432502	0.276973844234309	0.189773239424492
6370.99867104027	2767.8562699116	2.4657654252169	209332.795034151	464171.263332691	3.51939583349254	0.373939441841491	0.376533594540649	0.266192451532375
5804.38471036028	2556.81564104022	2.51408948202656	191871.691720033	362003.6408589	3.37158860210865	0.329979707325209	0.322135738919759	0.220226779341698
6485.47116099724	2778.26201287758	5.50985238678849	218121.040752611	534689.114763241	3.67977200406714	0.287227193105177	0.303510636270397	0.21127234881997
6471.70272556387	2611.36543602526	3.2567447150376	198912.036960153	446439.341140853	3.83638922131737	0.367440457194659	0.373979993790733	0.285556052749365
4366.11069335672	2012.87985663249	2.41896004426839	139824.093005493	261533.555037321	4.42397818982357	0.255190846615887	0.280573913583059	0.184304871043309
7816.19722574926	2383.56225901985	9.57728785290151	197997.912185786	372792.746127015	4.27691619853391	0.309930113671681	0.336762860555679	0.228848623614403
7316.19790346736	2426.64522697255	6.04667716889587	193367.4146231	386127.655915184	3.73345242965407	0.344047693277834	0.346735800552543	0.244644971460509
5104.04549880352	2315.3849685155	2.08308551054569	163678.025009597	369651.854219543	4.17956293566129	0.267797281381414	0.310812857102913	0.215868482519196
4875.59811554653	2290.33907016975	1.76784061894457	162881.594439641	314183.736249875	3.89615313682429	0.249569754066574	0.238068497857138	0.164446968500262
5091.51280485269	2469.81111975706	2.08080222720232	190158.203274442	366686.253793856	4.36887628356986	0.277449333656073	0.274164613966042	0.182435248193888
5449.84389661684	2409.22082561873	3.12112188449803	176651.917478375	397677.83570919	3.66880735685986	0.268830150527791	0.267373722122379	0.18361947622391
6783.89057755315	2707.19501493715	3.20756922117028	254563.605920488	395881.6701576	5.1544899708211	0.297531861711525	0.304091380369352	0.214375951980891
6332.07294789244	2631.6859945822	5.5160735121627	224226.152386889	470140.164857181	4.16484086787662	0.352648558788169	0.334242838748548	0.224359284977124
6374.96217245236	2829.10040923269	2.76226638646975	214558.480382495	446756.397188635	3.95048698236277	0.280597859888345	0.298145805446424	0.220103136228691
5544.90553940725	2756.59680150779	1.83238904263946	204765.199819804	367293.881461119	2.9200271596637	0.329598613702495	0.305475702069342	0.208620574535958
6945.17392954953	2494.63206881731	5.18389637180267	202687.711702176	365262.304024492	3.95557491970723	0.311393718840599	0.342963292559359	0.25563380477102
7831.94858768054	2763.03516798052	2.99173567837129	217474.408684925	421332.276870497	2.99317218223085	0.316372329496655	0.346644160193029	0.246038603908338
6466.2700458061	2646.70458750119	3.40358033703387	230704.771970441	408642.040912668	4.1121236768811	0.298016291248149	0.272372550106957	0.19257418703704
6532.06698934394	2505.57454288044	3.16128279560901	205882.609957428	384052.674486412	4.51058478482828	0.35042530279329	0.373935075668353	0.267701186787169
5494.65002501846	2773.3535541498	1.9241779258332	215205.490333976	499349.238632948	3.89427374472339	0.41867839857896	0.412228360432088	0.314169666727885
7516.3742767004	2832.83899320972	5.21653259879674	264585.743722379	474047.82728444	3.62115549613633	0.256936451105899	0.256886973813666	0.168520634836046
8710.06054993265	2874.70613826485	2.90059707183531	332927.470049761	423452.63211714	5.98085621857407	0.304727371351922	0.327875813600739	0.225429001282584
31036.7191631989	2669.97201736837	17.6621205978549	725899.762657917	478673.059367599	15.8523778966346	0.376077052759136	0.386137163241638	0.285967405785431
6234.96951428966	2827.03855783992	2.24856859420679	262256.565842889	502622.651377936	4.19706808411911	0.324195299463071	0.318696607631275	0.222420593948283
6224.54667111547	3066.61675835877	2.97774721604844	234830.975029413	569455.236883293	3.4599059703458	0.38596338797658	0.384943718341248	0.273130279357061
6252.79383008494	2795.70513986791	2.34146734626647	246496.072378778	470993.406346114	4.22543671675402	0.322902710550161	0.320892354676686	0.23123728094601
4773.19190323627	2723.26881486156	2.24970580716509	234949.087308035	593514.787403572	4.91584270381661	0.324638030375974	0.336648455528851	0.239201862251056
5206.67703353022	2394.50610004618	2.12851830026823	173667.957624156	384728.62567975	3.84170093952589	0.318230196397437	0.301353289362482	0.205094826891386
6697.56566312433	2877.41783901386	1.97020927862024	242492.251685712	427516.733317297	2.9912621944805	0.296860221967806	0.314986241951708	0.224838773423934
6581.14543808048	2915.18343380296	3.95496717687661	268385.955937833	598824.960660092	4.25938317589056	0.357402805214679	0.370407830236763	0.261751090079688
6782.62949498745	2559.66773469756	4.84079519908606	178873.03790406	436863.760901084	3.76537600333779	0.340145869210548	0.355418986620237	0.254999589077635
6923.55687878299	2542.82457040603	6.19986719095733	190465.212253358	369233.566282631	3.43528051430794	0.304045410769213	0.309047675332206	0.210250818250952
4776.33997639721	2268.97006678989	3.6719430316208	182379.984109534	344037.537139938	5.22608632052291	0.30827884052069	0.280237997206362	0.185119085813895
5846.76436573992	2369.20049536801	2.97236424642726	158608.777478474	318968.241932132	3.16559791286687	0.305570557362335	0.316450253353258	0.218209465417205
7183.07790721714	2581.83939487767	4.43934744202578	186305.154308926	401248.172461264	3.06168442892713	0.293260118884837	0.30078554915684	0.210445070109952
4372.46568350898	2176.04064470825	2.06329085552667	165337.32813895	346135.058529336	4.22038836138822	0.403346260590075	0.406510949738069	0.304039096558698
34322.7268941386	2303.36639478817	16.7841014775816	268873.452911938	424999.814399555	7.47260752406116	0.359678242549274	0.377872226755177	0.267050144754674
7836.71542499661	2359.55005721919	6.64350832293098	198975.626542935	380846.888543839	3.8685050373323	0.314549794786396	0.307625243078582	0.22704444962645
7041.28671691898	2390.61006563902	4.42780619521322	171584.073118037	338407.29461455	4.20725831904964	0.30942804301517	0.336524371801721	0.23324087459427
6297.62781441466	2377.54250420062	2.19577355461858	197741.496134417	327979.011801236	3.58222550434211	0.273703700246529	0.265008900104445	0.189171831978211
5543.1076690225	2457.48431168151	2.09947113581646	176950.658489565	332435.283175138	3.47820333139238	0.289460898459505	0.301362260608187	0.217457314880988
5269.32978707803	2385.28069973011	4.77454693802989	240072.062487401	465454.748075645	5.70040563816492	0.301898630101456	0.287818882091466	0.207817191798458
4712.42849713177	2227.36167282703	2.29463193629203	155302.067075145	335938.796061648	3.90423043083202	0.30586104163213	0.33527759415563	0.238236254730017
5366.95896623019	2461.89481043167	3.01723635646106	191128.593032253	434262.065500202	4.18973621466371	0.317705876409425	0.292522063911306	0.19958219336242
5088.05483986251	2534.15270049809	2.54129104824832	195129.536968572	391396.227652783	3.72660052258112	0.330587325030023	0.309653763518045	0.209748535404387
5489.3621867737	2676.48100870756	4.09545848654616	213060.663898536	501724.589165744	4.62824936346604	0.267477165990427	0.303538093763923	0.217981564926457
8989.38538095455	2947.30277240906	8.12961083668776	299246.742547442	635816.270033115	4.46699527065427	0.313034193624613	0.314696743298464	0.227288350520348
7177.19255190623	2461.02131069805	5.50698625156461	227014.40411251	405747.072016495	5.3830145463832	0.332477385613139	0.35418005148794	0.247025988754037
6075.05451150057	3008.34062307976	1.88252760440948	289868.76511008	580199.502196081	4.53442269646381	0.207413510276655	0.230733842871993	0.162535842874475
5828.92338127936	2329.44774314726	5.2732443449083	163373.599902796	471759.225797609	5.24564355359589	0.277153508089265	0.312802027418901	0.224695364971382
8152.4365688845	2480.89714481183	5.57029576829649	194229.919421194	324354.433383008	3.71673953490354	0.376140171997354	0.380220348887823	0.287589521511882
6414.20408434774	2363.92451986298	6.47830519315745	218767.856747765	419814.995631668	5.94056655694878	0.355435590603331	0.378313816166716	0.279093731982964
6458.91938359086	2425.83251091951	2.91483686751596	188129.343543265	395366.148252677	4.11571738260367	0.309478411111939	0.285921246025788	0.190647936805844
7054.65851830002	2808.95667523266	3.19002439027992	227069.444212744	523273.334341912	3.45360818722522	0.271457368393967	0.267632289716441	0.206662585400509
7683.1049283278	2782.2520463619	5.50835676051231	248075.944677181	513592.775962095	4.17673476223047	0.304335867216441	0.321167656367768	0.231264257219766
6773.9555986413	2901.82133932013	2.55437889760668	296493.001648901	551822.476648078	4.18119580982036	0.267180361300393	0.281400108144878	0.198037187375046
6512.25226358465	2509.61647515166	3.40718422433519	253419.179773147	390898.221060385	6.11523850572275	0.293853291015114	0.299245941884544	0.211803921927968
4838.98633531292	2016.29329004884	3.53170558171846	137835.658577906	322873.055866176	4.06028729338872	0.370275634376764	0.390050304345412	0.287776245323601
21271.5065400543	2417.88710559094	19.2410011593423	380272.952350808	433406.984378746	12.485710012116	0.350202071930549	0.366995946568375	0.271843647070321
5164.6366447619	2654.83154155016	2.1722436760229	210246.83913737	427195.928750628	3.57993860662202	0.292062676734453	0.281006176306788	0.191963900441228
4946.89855679602	2390.59076384237	2.32206994643807	157394.501794157	320712.100799039	3.79956774357614	0.345054618198456	0.366586169942866	0.255794059730592
5465.67618346758	2717.95690740226	2.11923683276473	187178.575804069	397969.575998503	3.59386882185832	0.332471551093756	0.349671543365136	0.236560683022943
6716.36579264668	2781.51405079283	3.62791443058467	243773.253851931	509560.689353631	3.44571592122477	0.388627265234959	0.398567275132622	0.294008199993282
6099.9949332632	2218.32410969848	3.03841108721755	154746.563939174	299837.109230944	3.39896983261131	0.43336853782442	0.411216508133314	0.301281058250611
5924.46147599405	2713.22399918735	2.11504870199559	239814.597147955	411430.337143513	3.79766956636379	0.300083370870577	0.273141998632535	0.18009787404535
7071.16627068829	3114.81946221925	1.95874052075122	408039.574427428	565394.703030198	4.4314586946115	0.275200008834617	0.270947905603854	0.180702762342357
4977.59406869198	2607.65004137821	1.94056055370305	181643.1370588	453003.271490628	4.01898636872685	0.250004777156872	0.240742229640469	0.167268743912304
6718.17309298856	2749.32218331677	3.46228750361561	209683.955216955	548768.967719882	4.29244600192489	0.303494686947781	0.339106889903151	0.241161189844538
49784.2813310434	2253.75564262264	16.9992872391171	562658.960777294	365551.959933606	13.9672109688644	0.269499037751677	0.30314826642168	0.20292264551498
6680.56160520172	2781.51498511764	3.77026092010949	224840.225872313	525083.735103521	3.96240933142485	0.385647128498672	0.385892031970718	0.272785050317414
5078.24724275492	2392.56609676331	2.21677049069739	161159.118256198	306755.931361153	4.0666282284561	0.36574834270782	0.365758960586304	0.256105468413475
4777.82638525078	2380.55234472977	1.89789406542921	169261.432307316	381755.154224924	3.75649864238802	0.306032260122687	0.308873021060589	0.214084348433407
4495.99521387655	2251.38345279033	1.87580459396582	153816.195377737	329617.764884091	3.53496504568651	0.261415992632766	0.311421560287668	0.218627534115668
3995.94776469664	2293.75487084746	1.69599582200548	173520.089669628	417491.368566716	4.57408162712273	0.294270702501498	0.286259631356587	0.204196030300482
6772.47507244837	2580.8453397803	2.62265580136355	232192.651033512	390089.395037515	3.80458662678148	0.315377611427269	0.299999408648349	0.206374294348382
6255.341185373	2622.17964440686	2.66064434184758	255195.287494185	420318.574435672	4.29382411957892	0.314747843478133	0.355545300030497	0.264894624111205
6153.52158425586	2111.11149079159	8.22361046366858	157544.276800319	322778.761820898	4.96735353737075	0.303731629695242	0.30961901597843	0.218406508792125
4686.54362524384	2495.72811381895	2.36066978331706	188342.992512065	432432.114179756	3.97432790699501	0.280275985040427	0.285725117319218	0.204376751732194
8134.16887218049	3137.95702165716	4.36019315275421	390657.675663863	613612.974212328	3.80121338241212	0.315097204205696	0.29834967049028	0.210103621722778
5472.63149553247	2662.98557855861	2.57958882892751	205944.41565799	433553.88862426	3.88707634320575	0.279694581938642	0.320797691152959	0.224697821407214
6049.43028081308	2887.91709632492	2.0725597184044	235544.080266333	489189.782228302	3.58371237546823	0.285055558221765	0.291688455157934	0.209118419735447
14916.4388816354	2600.32454495989	16.0585610776711	329866.040247088	408301.757511855	8.20624666642452	0.32496434718773	0.34208399468773	0.238425225036778
5095.41081684315	2411.40752253759	2.23620098924662	155776.930486188	334701.249225604	3.28846420851046	0.278950518752989	0.26023714746535	0.16817633799596
5423.96321133006	2721.4555630533	3.06264161451909	191574.689228895	468618.504936534	4.05917769750294	0.337928904144709	0.372883115794957	0.266235209845597
5478.33608063514	2625.36568739723	1.98114869118047	212882.115922238	479506.79906095	3.60996720188202	0.270590907578892	0.311987902301594	0.231477764473321
5576.79868909528	2520.78858859867	2.4205158088136	204786.18989017	390619.732241143	3.64431779772503	0.284629082938214	0.297093198210637	0.210105344454028
5614.1824561947	2560.31018166166	2.30109220772226	205139.763185798	337198.120064006	6.6214237724751	0.348586096322989	0.370769895131253	0.267172417795831
5456.14939299958	2448.37296903783	2.9259689112005	166397.747784217	386448.847961498	4.04005568713855	0.363422404092114	0.371386783434321	0.282263810402711
5547.94427370966	2521.78865048117	1.9128798753348	212175.571435239	398305.245275289	3.82117712311665	0.29899841089664	0.339282990026621	0.249803544043127
7512.62674664083	2673.15024802154	4.31099756182775	232817.204430984	550281.490993349	3.99222197815023	0.29838404423911	0.327840242478843	0.229399276040378
4595.0393622395	2604.98060992193	2.25319671328508	219295.785496925	469188.609475766	5.38161117791047	0.318448721574987	0.315742420844969	0.22861428656221
6025.22427647746	2662.41244941436	2.59629729885326	202958.282522885	407771.139715175	3.19446315278742	0.283997323163604	0.310351082721579	0.214864782329726
6364.28293372856	2491.66355731936	6.01316514559386	179322.928006069	410975.52739854	4.27452019548647	0.260334034712176	0.268699991638192	0.187471989810466
4995.41966408539	2105.00720007028	2.2028056505258	156233.09933221	375643.462398801	4.96291745143552	0.288566746874503	0.323339966728418	0.230044665275012
5059.88874518145	2280.62969738713	3.91866751001461	146225.946730442	307243.066975793	3.65802222180307	0.385897754670686	0.3920660158709	0.290838078726177
4472.98301641073	2524.48257705959	1.64180197702253	184269.444041057	430945.930562701	3.72956884543415	0.275456840758564	0.273020590981084	0.200006901971253
8163.71799296069	2687.85149439679	6.56706716669076	232271.357918514	484651.016567743	3.64434050775971	0.284912811445766	0.272542684594554	0.184695625236896
5033.10110747905	2137.82918529872	2.99974619150654	146453.194225671	339751.87031303	4.41282681461353	0.314406086204122	0.3351552451744	0.236637887623125
6722.51641295467	3065.40027154662	2.67190259999609	285164.863200137	662878.113071624	3.76852516936782	0.288894285419554	0.298384505132984	0.206861036532283
17644.9544616282	2994.6097737368	14.6841593615839	327992.915093872	694284.779141139	5.29884171621929	0.312220275627645	0.305439243404731	0.215880047461715
5874.829948008	2330.13178646222	2.19584984412669	188812.290750152	271013.467186962	4.153031243486	0.313692169592859	0.284657300486009	0.192544916711206
6447.49046942204	2881.63674938922	2.98101540072413	228713.976487747	482563.0887011	3.12289047310247	0.335848973412552	0.35588116727142	0.248351625467029
6791.75800599853	2819.04463136105	3.58020626041857	240934.095412084	556968.508169658	3.76818762373624	0.25430570778099	0.297380362368709	0.219051138054095
6314.25926584442	2416.18311571352	2.54191262357331	171884.386098339	283156.025202652	3.09082388772561	0.275483139706531	0.311642062974778	0.218879307257446
6473.97740801536	2471.25399189326	3.82860786152273	188088.508215249	363480.952372889	3.67875945757329	0.308412754645123	0.334526647991334	0.239958953619123
5783.53674527233	2280.43422344508	4.19623875183981	189771.462272232	325656.338466193	4.3492011202516	0.26606630812266	0.310154948801721	0.207867495198106
4700.80237289009	2679.88864312869	1.81835415529494	202328.238074543	471857.471119883	3.92771295801662	0.294463474543133	0.305488488052552	0.209979361111769
7432.20724083019	2701.07901581335	4.25953802894466	209037.907280299	424276.038514225	3.31998596053961	0.252418127794068	0.279650819919185	0.186281923630558
7511.92026324363	2679.17759743321	2.83939716155832	230613.977785396	395580.005101536	3.48739178226311	0.338697463096913	0.35999471653189	0.27273323575563
7663.83835919083	3003.54568478935	3.10343693861285	229269.346391563	397196.701077339	2.67179904494192	0.291721024038368	0.315797819436166	0.231386169805794
6549.55047698448	2767.49740360638	2.3500651425888	256542.518796846	479548.053914178	3.63204644141721	0.269963484304425	0.288748344107742	0.209333222290995
7034.46427114887	2213.0673430927	4.83605853755277	156558.224415438	333394.060594337	4.09937090591291	0.317171558819859	0.295915956036142	0.201317409126086
5490.53831936107	2202.12110154637	3.84693997163814	141588.5363669	282764.352638197	4.04102224519422	0.285239105533768	0.319108177242936	0.220140379320155
8617.11459062332	2548.67923741643	3.31304205768632	232620.554659658	307877.182518359	2.96715629163974	0.286058992860395	0.313850015975035	0.224849913340611
7539.93903648878	2434.1150164854	6.32061369996181	194581.398976766	366517.193434761	3.88936126651428	0.256840089192232	0.295126074123512	0.205005909925612
40931.1623370776	2566.27886526224	15.2296332210462	383013.040594947	356761.622464079	12.3639484682295	0.283625429288168	0.28468221709781	0.198996951132013
7647.14772046756	2362.3767294607	6.86593917711333	188245.660047317	311542.328145142	4.74236298028598	0.347907109380303	0.370532779427379	0.275402168872994
6339.8950598524	2658.43500818617	3.57328457010246	223577.616165315	508843.083723542	4.55898699696141	0.340920367870248	0.335682795319166	0.234273849688795
7611.77437584347	2533.05739324772	4.78151873829922	251934.20197929	638013.959676698	5.46011148299855	0.295368045416672	0.314576879604736	0.218237252046227
5894.31360674752	2761.24960580266	4.02326796916629	225266.711249801	565181.026433009	4.33282043143283	0.306268671076642	0.276975676166245	0.184113746896033
5771.24265851575	2531.78477322291	3.89548784745556	240722.389861214	530054.807810877	5.08846506785302	0.403511350437129	0.399412101971985	0.293202239102296
6422.86839491918	2544.26996921539	3.04868238772591	186111.10473804	393261.322855954	3.27261409607001	0.282979374165182	0.322515295728976	0.237308328381402
8317.55695425074	2566.1643265924	5.77236362110999	347375.789039294	379039.226279493	7.32482969135651	0.343155333150023	0.358686087583874	0.249183849899151
8022.06913006351	2854.88304471245	3.62239481428737	334991.003794377	498480.857011613	5.48453643426306	0.340249001821836	0.353124837672387	0.251872672518614
6492.72438755303	2212.25107732237	7.21080012490875	179038.101628438	411705.972144868	5.14102837824085	0.338925655164369	0.315912847190922	0.215003643191837
13046.7421025178	2537.98524506124	10.4321205601245	296251.327525069	322529.031044419	9.103608450511	0.346250050557913	0.367670720689536	0.259418301304236
5103.12312437731	2333.65435555235	1.75340035374648	191069.758014676	370874.324009413	4.03300487511928	0.266898816387309	0.286573040656807	0.204531418398089
8686.04246628334	2822.06728354385	4.24521720449075	264192.021110542	470228.945447513	3.91551496092787	0.323630712300607	0.331825570332366	0.229968209297492
5279.67019607276	2651.46337228334	1.79474730170243	215762.975051046	417613.09894601	3.58178674801217	0.40371212429225	0.395067706243881	0.293327470192059
5718.05662750967	2300.00145809511	2.06239352555218	159572.257045215	303104.688411875	2.96354014847523	0.336165078301799	0.344424603756694	0.233085482317132
7597.75562834028	2808.79723875093	7.73634309961622	253136.628491008	577632.669149162	4.63839430572608	0.402637296145622	0.393148516662918	0.294479865869454
7123.31001253442	1971.3731985624	7.00176121928677	141071.997746447	244451.334241283	4.43419142224455	0.303657844637271	0.336980098346243	0.235833657540722
4612.6715378356	2324.17110100488	1.90542823645085	163005.400358036	358091.381122707	3.60790363515307	0.278742640294435	0.30257495358297	0.206447133447195
8309.06160675532	2481.05006839337	5.33018359034015	227850.979172371	472009.507586495	4.34440586890906	0.320239986522176	0.342775368223123	0.243941644336488
8261.26113994144	2153.79914275407	6.47646199564979	171594.186641459	294590.927760053	4.42972829774478	0.258003701684161	0.277120930029721	0.186972331373277
6932.90241246026	2657.5263627583	4.61187860242718	237616.20721106	465481.408109497	4.0098643581725	0.283548174495099	0.289255502022385	0.206159555228001
7837.21364913395	2408.29737904015	6.48746565249541	201543.982005393	329307.45574391	6.1415056146499	0.339888819711279	0.354409334730129	0.255004917040458
5958.0161857163	2515.63292275166	3.54931169277685	218562.301271423	401942.099866795	3.99880265181341	0.342163873351409	0.354037809596032	0.257671816215543
4048.068075264	2213.94767219638	1.70366559419538	151018.822117261	359301.23471347	4.08138166823491	0.314192470148169	0.323737565791647	0.223700059766308
5760.37402653785	2792.41605652979	2.49838682329461	253885.991180155	480603.912133394	4.67492870706509	0.265322986477924	0.288558347096843	0.206079400063763
4609.13394601607	2552.27156877028	2.29234249281461	180875.823758984	485874.215012396	4.34657136280003	0.299234903627872	0.282502858074949	0.194104484208985
6779.59610463519	2310.95755927389	2.45704438093249	184529.764631953	389883.178475993	3.9953727588003	0.301836414681644	0.307338709123014	0.208396550964876
6054.17887008882	2559.43376107752	4.17731524698294	186320.159600744	427834.706130113	3.78661525705109	0.304577590066277	0.324967486970274	0.22460082017726
6127.90711465306	2819.90226272107	3.01627936967092	235858.387922512	506086.944391059	4.45465985551228	0.283741128368056	0.285666019174443	0.19815539001337
10030.8055192986	2425.60919879402	6.00802079701861	218122.443442366	378258.486948243	3.92206141800033	0.328055028808812	0.298710320254131	0.205923072857094
5617.20295437315	2518.88260109185	3.0805909877225	183893.203953199	437812.250605541	3.76764580767618	0.288877769249388	0.326522242872179	0.234182440230277
5678.58526026962	2270.48089118698	3.66850045961158	142988.391943252	333915.734022378	3.88946875121398	0.307079837143834	0.28555062731572	0.188626353155627
6277.4922560896	2827.44293191078	2.10023574850752	265964.767962822	513847.745374871	3.61904086531619	0.302368728340932	0.334931674175538	0.25025763949626
5197.91498830342	2207.86666071505	3.95412481717433	164794.650259396	325175.34434595	4.6397505699656	0.345448011999596	0.366920827665892	0.256029269413055
6559.51321903321	2538.43098365283	2.88537412543669	190311.697648498	367672.257288108	3.53263701669765	0.261299661601376	0.277380293193944	0.196291662077138
6181.6836097308	2409.5868857843	2.92650265495486	192305.946428361	465157.668555543	4.25007554725754	0.288857410667699	0.267356789941819	0.175955882920955
7126.62220449903	2926.50852289972	3.74382748080899	233686.863603592	478743.320075276	3.28431379806676	0.3196573871863	0.337180771997642	0.242847007585917
6707.1922281815	2562.58622139079	3.28895630026918	227944.69337278	400242.470749345	3.52084686266508	0.25086282090583	0.269917895016191	0.190136453632006
5671.05559355335	2340.38237313987	2.37059895772679	172975.370384268	344139.579037562	3.40312892228471	0.313788076984151	0.322382151792837	0.221740968664406
4667.90727169871	2500.35790336188	2.11736825446509	192260.282710387	378997.360523277	3.83181426273395	0.296572758635821	0.32140282675803	0.22870041540742
10308.8779613463	2581.45700894164	10.4717623706977	257129.728740163	384800.643131596	4.52440998118005	0.255838893474285	0.263599932406873	0.177708643839711
5557.48598731156	2591.73125319399	1.7638021730876	178919.42211584	373778.975577818	3.67547457722459	0.278883419320064	0.280991710839972	0.196306802006316
5977.68108052216	2248.14061283573	3.07258473203472	164910.619004768	338120.128426733	3.96988626860874	0.241429863306337	0.275442363701944	0.190983488870645
9412.43264662925	2758.12778447652	9.18640698453073	261221.828892914	493158.311776525	5.46444605575681	0.239581762248535	0.259531595927163	0.176085186235897
5724.64498368071	2701.71320991018	3.09404895014776	219209.057322057	418873.167962384	3.22904005107546	0.331080233796677	0.308882003546542	0.208943689928435
6435.22880427194	2296.31307712465	5.1686589300459	189532.930780491	333428.833982257	3.84617250952265	0.367543544077733	0.388539569993555	0.28599069917609
4704.64528570426	2655.05881602241	2.63128591817114	182068.482135717	487251.250482092	3.84574859770075	0.388112352765238	0.388482165157523	0.283037326500303
6135.12607715282	2407.00729648985	3.80645507686973	179636.930139269	350932.688325151	4.12652104664685	0.319923820668422	0.349677955447831	0.248378155955964
4105.24110567636	2240.95135013955	1.90469486682477	218249.288083703	424067.288944234	5.87296317098691	0.292799395461681	0.301083331757091	0.208470822947813
5169.60817620655	2653.84599138714	1.77141935535894	245396.210516176	530767.056768746	4.02972319987889	0.287374917317067	0.279233212437549	0.191103974949188
5781.46469910232	2609.40349171749	2.68419159625497	199005.668131485	435718.209829561	4.16924903311079	0.402618501642965	0.398252393552866	0.29616416093757
5820.44995303999	2691.64405989248	2.52603143878808	229798.461713363	509731.788433536	4.36032936181799	0.294988467464986	0.331133668463937	0.244776943906014
6968.03259913266	2665.85115431428	4.1825363464095	244929.906592947	483916.837513515	4.0036071623686	0.283471107483518	0.272546788296867	0.189129270037583
8493.90404954262	2356.21572174628	4.86278042456553	194646.777585423	277126.1494569	3.57000998503633	0.310845996097188	0.283242787219216	0.19124925736282
5344.09999723343	2717.77947791116	3.12144004466822	279206.024974624	508187.476641713	4.72354838893985	0.26453262965797	0.28944910984938	0.20223518449312
6944.39854868073	2824.06430217076	3.30187578984499	306123.569673375	497592.662539161	5.69877947779204	0.269560850086474	0.267947463571925	0.184615521902095
8562.71685163406	2463.8666974659	7.24225451522051	185512.407601456	311697.209488011	2.97799551984018	0.336525985533189	0.348572380905321	0.246936966443484
13039.9833239701	2439.32150974229	12.4347987601343	223276.114097913	444766.765464935	4.17350506678137	0.262487320545027	0.261215608482679	0.174898792306753
5428.90571879913	2480.64760624532	3.4281324321207	188108.683649007	389867.454266154	3.50586173807982	0.252494891406093	0.268975840095732	0.172209869203728
7572.38300332708	2820.98449356531	2.76450634843453	232555.823414592	405937.238971693	2.97392440076163	0.246161568820495	0.283848370055389	0.198559888363073
4741.28278722307	2807.11014568421	1.95093892497257	208563.139818907	529456.862619894	3.39568968554952	0.312324439245143	0.345260943089883	0.26241286012267
6707.65557477549	2764.88577145243	4.30281844341413	219709.158994826	466973.943394602	3.43806976347947	0.306864406054719	0.326158701753605	0.236077030970723
13777.9820705923	2603.94235433302	13.312449893005	302326.171844796	496268.449688931	7.8920063081077	0.291591791964487	0.281582971386039	0.194340243508526
5068.55446158753	2932.08809905044	1.82743040969201	231654.646800765	625409.806735399	4.36755019196856	0.357143885670316	0.370152284150794	0.289995379883721
5230.78342194452	2726.16934149305	2.00538243179858	238235.459363759	405895.848046358	4.24774953339064	0.27341295683509	0.261901010327621	0.184936671649373
6073.2033492508	2944.18940885888	2.27460890170691	279688.087309251	508490.061449129	4.20752638818371	0.313907227899619	0.342584824236637	0.260811699084406
6086.27306928101	2842.25653349784	2.48700389212763	222790.004744967	525690.272937435	3.96771617438935	0.353897949540762	0.376810886417763	0.269799707145341
6879.11253582129	2759.31133355151	2.1594946013538	230357.746624518	385681.49954219	3.19734384498963	0.313200041709343	0.30464317694994	0.200854595745621
57170.9949811677	2561.90609365842	15.5667225932588	629140.068744299	374213.844751841	11.5489005953526	0.325732322514256	0.34241386855063	0.247879082689116
6728.95090345442	2947.78994062475	4.27397772491398	222614.693449509	471611.35717652	3.12487624363068	0.299574097563929	0.306176390571781	0.20956091908734
7724.96941390723	2744.2792365997	5.60213787572238	339244.932406643	522342.409835729	7.94121461633038	0.330702148951302	0.327514219071562	0.237880825668495
6924.18820253721	3074.23090275425	3.32948036558634	280740.940920962	528604.148152773	3.37452090884166	0.374941922737131	0.383922227297859	0.270934522625078
7993.67233865785	3094.59365555432	4.05919056055025	265953.703127289	581363.387396855	3.97265583437171	0.282215483059293	0.30218312485364	0.206663685166847
5816.16055432232	2658.55236427163	1.8409573925254	199408.380965023	397750.437193602	3.33204179304889	0.368938826490986	0.378031443118592	0.265837235332112
6036.18825028372	3160.46151450191	2.90901257108331	287652.745405207	657047.714874586	5.23681603460749	0.291131181422372	0.324969783337106	0.244310436071709
9054.35259042559	2819.59303927086	4.81799550050482	249449.600758009	488629.883099049	3.04772051602088	0.347735077774192	0.339366990406852	0.244821240452436
5308.55184309969	2428.28433714347	2.24394530954314	189990.705095933	446270.733671611	4.96697927987522	0.294609945778907	0.332358011672321	0.244055980387344
6414.76321028734	2978.2313207194	2.13292305210042	262655.384278824	445235.04131743	3.72165134838807	0.349335464984514	0.371836858805405	0.26766970819199
4416.43795788171	2325.02962315015	2.25386766557228	177243.238499745	424869.116484413	4.49234986863173	0.307959449848131	0.309758813422799	0.206189798055745
5001.28858840695	2320.5586503986	2.37463888989077	206678.95913477	458925.859847907	5.84839422287561	0.319167144075172	0.333291505035985	0.240043210943801
6487.33987007343	2761.84170494691	3.05906043859732	231745.660879342	446785.112244332	3.6713089682706	0.380529547378806	0.380741816532691	0.272145214665422
7375.16395268168	2794.82350928296	2.49219473733164	231924.436545445	379561.012031253	2.99508307458135	0.299285543297572	0.329496441516902	0.232266341624634
7536.1447132975	2601.09913498446	5.35829826097441	236805.52195035	352075.461041957	4.57878467681273	0.373835750740386	0.378285497453726	0.265231490627083
5461.03637655936	2147.43119250035	2.522141372779	151427.215949085	337861.64502008	4.31646060463657	0.39905972896787	0.391460215540077	0.281281711955883
5976.07734145042	2816.79869326518	2.78760457351777	242458.613351023	452756.55511611	3.70571600148543	0.266658476015372	0.280835178151664	0.196801879434985
9088.32906099581	2202.01045040401	5.37757685971196	173520.829081014	269599.673213654	4.15398996125108	0.312219017541714	0.297153999981597	0.207858423401833
6881.92076015892	2513.17399746924	3.14057510424425	215538.214145868	438585.298476806	3.96226506529669	0.252800062639362	0.271674796680477	0.178805515143234
6170.58048883287	2540.58558464431	2.33360901150507	185805.175598048	345196.614977073	3.30516200922681	0.317149551552721	0.350559844451414	0.246272005885022
6865.87904340777	2694.91575584446	3.10010648819145	241928.549794615	507739.344285769	4.22926405664414	0.304000666201623	0.313581722087193	0.223919465304714
5991.29706583859	2485.67532968895	2.78105798480646	206847.423440299	378470.539433289	4.08477858442287	0.210952866931982	0.235198444991636	0.164662613754738
5223.66145907086	2502.80064754591	2.03937123022242	184389.499418674	397687.688792576	3.3856558187512	0.191861761366088	0.231919448632356	0.162131951418125
11005.9956051407	2782.35339502049	6.19898606330142	245378.450352823	446835.768830929	3.52389774852175	0.292647118089188	0.325438850502742	0.246688061548917
7301.26598460636	2828.86931305012	3.48970321050722	244691.74827196	471903.3925669	3.33633447164626	0.32022274702663	0.33694070071652	0.243675517801526
9461.67242552641	2791.17789250675	6.2159186271853	298823.572103206	513369.261019871	3.93266126356346	0.304511861038547	0.313336123280244	0.212228475307514
7070.89764495194	3070.51320282033	3.16645462440887	280954.562303181	544547.921250524	3.52548478316413	0.317262627800922	0.310795310122183	0.212322649771658
4497.96011930893	1908.67183091772	2.21876179734839	124912.087669974	292454.135532076	4.6111194647344	0.311570361119952	0.283951958957962	0.191377576650217
6170.08094033984	2222.51907759875	4.24559055282448	189866.298300163	360335.399467771	4.13236113916115	0.232077913040084	0.268522641326905	0.188368205937076
6739.8324808678	2648.66689564888	2.66529287916505	220046.693081513	437934.380894795	3.79123574890256	0.263765633370385	0.276612414111385	0.183201668464612
44939.6353829742	2280.90691657007	19.7495092663964	675652.88718319	413647.6568414	17.2620238211382	0.287640390408534	0.276165383525346	0.189710204045788
4995.06469156799	2737.39245368689	1.88278199100957	247397.848543237	602123.988439495	4.69610733557506	0.304667324481582	0.304294696577025	0.210821573132858
5033.81033107226	2610.92100715275	1.8444008447938	204509.780041184	471826.325656361	4.09470931525207	0.276819750057975	0.275193038543058	0.199926681411192
7172.03076697562	2491.22859889365	3.21736516847474	305261.730181323	426862.044723325	8.11700541724343	0.22000769697015	0.243325482855682	0.166512908556337
4169.24944833802	2236.86277254359	2.64522275016594	138703.035814165	401313.152625405	4.29988576945213	0.278594878768487	0.30235466185591	0.220275341182549
6256.02832220854	2832.6372283863	2.12946830742509	227197.412986845	524000.443913355	3.25665335903444	0.320408488054102	0.311154952041091	0.223355288817199
9114.68514805303	2795.63568422224	5.17102847524604	236550.300124024	485147.311517967	4.05128628340961	0.31586180352858	0.318225811758919	0.223666990639299
5779.40368880128	2341.52124259525	2.71016162509906	201150.759591854	455876.114456114	4.53376462135396	0.33362691964101	0.353975776455154	0.258353610899266
8920.54366231427	3084.99128370262	9.40625599163336	326669.692441886	614126.523110765	4.8906285100921	0.375425554810458	0.379171441099965	0.276712685471463
5476.73510458913	2470.54427310585	2.53360464159716	202938.197008371	451386.739714122	5.3919751319063	0.283700158132899	0.283952724222647	0.197401648470139
5078.48564711359	2715.39443836309	2.0335305397095	225028.40304841	513948.14172811	4.04698143622437	0.312056981709239	0.329410338015104	0.214652955966656
6015.00427725795	2680.77607326062	3.13093591943523	216267.719205852	509751.236556581	4.69629133863852	0.409209873342103	0.406844135358749	0.302879661798192
8916.72313855464	2434.09688008529	8.6626606833953	190908.806299961	383539.262383361	3.91229009435492	0.265567964203389	0.283208570387529	0.20079729080866
6408.3639522594	2979.77701293386	2.03763321124703	302932.243056912	588121.380883006	4.05970370114001	0.353423945761824	0.350565805080171	0.242651415471977
4656.3261713477	2268.70978487127	1.86085061522509	175850.081859368	451852.618592739	4.4141848582113	0.302684996904544	0.293338715761469	0.202364192697209
6740.08549292609	2621.03532396544	2.60242149116967	212403.251158249	419187.20618214	3.50096225747511	0.343183812228663	0.354986875987485	0.247518731758323
7236.43084862046	2614.17439330682	5.41644037398736	203202.835286838	331161.804462559	3.50585134358861	0.341632657307182	0.360241109341727	0.243983268984737
9972.69590233671	2955.10883193206	9.44410737946192	272788.75007967	564442.02937048	4.11611882843238	0.394353421973514	0.394192033449702	0.278751574941963
6266.23683641515	2632.27146276412	3.2305598757802	204597.596835636	450134.893259996	3.68770039312251	0.395869230720215	0.402955649682256	0.299915930496795
10532.2807967072	2755.47458116349	5.84938647357298	211752.272116921	393129.2527943	3.5298173210212	0.299427656723432	0.315828014858436	0.215441632689922
5197.99822209224	2248.12466939554	2.42777548563585	161491.53460951	328169.369508775	3.92247729497431	0.309664039787724	0.346178131182511	0.232933261561575
14885.4737064461	2448.4234242531	13.9321637407618	307663.186329142	432057.474306094	6.48518580509518	0.27964405066576	0.285618250623473	0.198887076445282
8923.35485165677	2766.48537295893	6.02565386489672	291799.165626752	510892.794170787	5.04416277568857	0.317979989664584	0.338526429891434	0.243244468610447
4752.74066217664	2236.22152293205	3.03109380808262	127907.088770544	364747.807311054	3.74233878281976	0.476626918469264	0.454160651266485	0.346586220305672
5085.76478307299	2297.27478378325	2.86901015801425	174023.578235932	323566.482598854	3.88285244245408	0.341719156699513	0.351119544486129	0.251313036518625
5326.53960099957	2847.867688636	2.03764082712233	248366.586176223	514681.175597524	3.76240097082756	0.318098011584034	0.345747575902924	0.238029284591322
6758.69081967282	2929.78722908871	2.56841568459121	229104.712869632	470956.511051353	3.21432998767567	0.289643695857278	0.297329363408701	0.207264211420493
6901.58177332947	2336.98897678357	5.03168545678544	167870.337101234	351284.142022427	3.78745610183357	0.317334206120894	0.339651923764419	0.242821582148938
7582.32357186441	2957.15845750857	2.65121473332043	298571.091796053	492664.767886494	3.49762210647214	0.329088513337855	0.341283061506395	0.23227366726437
5735.21199307965	2374.36836483549	2.52595948029478	165702.635522768	394500.191953751	3.42678195835598	0.339815717132224	0.348284677514056	0.237690299591706
5153.44853153042	3211.12299162263	2.73314769025863	336569.702731973	904339.848125162	5.88433810665931	0.371458642517864	0.37565071952522	0.27336761391325
7084.9888847875	2967.23913722609	2.94646230444189	307598.406375061	472976.891669545	3.62279783758054	0.297796688974786	0.331509287083179	0.241559261696864
4727.88336887181	2246.79687952418	1.91962131906393	165365.904319885	343000.819731103	4.89595503921492	0.374946487494221	0.376511649955635	0.265143096911623
4809.17121271387	2835.23897951169	1.86382797289124	229811.788174273	517256.56183107	3.89951830703885	0.273628513809091	0.292620312488395	0.196068758747171
8513.98777149066	2822.81904153811	5.03456773818246	224979.639875869	450339.212691906	3.54568046679116	0.333276598961997	0.333761672580738	0.233674442063564
4852.45299469261	2751.65362302478	1.6144271893883	212094.035962653	531688.934863499	3.91471020831876	0.372300517965174	0.390479159934026	0.28316527796186
5485.49714824047	2282.2730989702	2.66910134745992	168348.191185371	311107.658971603	3.8289325614438	0.272977248734329	0.296730424380109	0.203131597418482
6048.27675729993	2677.51674704631	4.73426851025117	220823.503308655	419858.645267537	4.28018214114362	0.286857313516294	0.30282450555184	0.219047528511923
8627.89385655859	2716.13121420747	6.03045196654997	207686.56541625	456037.897524997	3.66661798961673	0.27056217030754	0.295391670114857	0.209053876668485
6330.0011026377	3050.4077165128	1.88708764753806	283430.686636622	537456.823960159	3.76021796963214	0.38045460023784	0.3915685560395	0.287799632632527
4973.17994089897	2319.95793171191	3.51194909154706	205466.130773576	435601.610875466	5.13238272590781	0.308256671324858	0.313448346115404	0.222106337744963
9016.02102432403	2530.00725755352	5.34714352742093	232167.586361506	460277.270471351	4.0768981156232	0.328344647263013	0.335846365858112	0.232608231014435
6045.22472925983	2401.33468727947	4.15363495282537	167382.773074031	426795.249086171	3.80743795078163	0.258586161896945	0.303883811315147	0.220725604273415
5494.02671510809	2271.09751718812	2.08950191023234	194446.824557559	357655.002414722	4.34935344491533	0.272596235000337	0.265485574662876	0.186818050878209
7043.17975041095	2610.36278470404	3.30067226018054	219932.929341236	447379.065533397	3.55628463858833	0.323837225883219	0.307526239721336	0.212415068157191
6975.13065408421	2485.24082675806	3.92124173046243	209486.02893278	428635.981753993	3.79803502288085	0.271520418169528	0.262492927519355	0.180954567992383
5133.15068113528	2718.18033812522	1.84718073542261	192354.695314446	473978.958581273	3.82522337267134	0.392006289600655	0.397740934908859	0.292651005903154
6550.14079602495	2841.61610342109	3.17556242699476	254551.087737672	574968.408136407	3.94835797785575	0.351695578611722	0.325789670747185	0.219242378417043
7952.15986421256	2542.33854193821	3.8919508254452	202346.704491226	388109.653741568	3.29897762031721	0.331333568414714	0.348488934361081	0.241482248735973
4778.49246434017	2484.79708084674	2.63341652774304	196678.847944591	500417.141255444	4.08931897668102	0.269110873398545	0.274755225976602	0.194414939858649
4636.89082386871	2356.89337936534	3.2601476135681	182950.175112299	482994.073759283	5.31237504965198	0.308390092714445	0.3070007725295	0.211052594995576
6793.11101578409	2606.59934208244	2.87327452537166	206988.926950838	457401.600478597	3.60778601567722	0.320603301630435	0.295675630311662	0.208847567038852
6789.39522683189	2610.80329668551	3.01756996103585	233176.224168132	405382.174607775	3.50999177386661	0.193444423609407	0.230422213946945	0.162525748710303
6873.18259984278	2876.52528317744	6.21590967926892	242585.287383578	458978.148379086	3.46612327667874	0.320659090410984	0.340064595553132	0.243613348099135
5458.75780934965	2338.84980794712	3.6440012991948	181453.589476641	402621.734653575	3.77908287057081	0.368122464035614	0.388256903145842	0.283910311553106
98612.6900543923	2642.13435053264	21.3110426717662	893638.692631513	451763.040166019	16.463699494624	0.312550360864715	0.313916593734153	0.222204083277963
7539.42181192629	2736.866290809	4.32266018214064	258628.333884262	469402.091137336	3.72346209277819	0.316211078601388	0.348662810672334	0.249295309242793
15162.7817474263	2232.46226832568	16.2574203269412	255074.281799928	417698.072973302	9.51195076328762	0.262201360332565	0.247386431908508	0.170486152061754
6842.6618819406	2874.74294200582	2.96317419323695	233565.677768777	504558.647298696	3.60078276360314	0.332901918925927	0.355702035470827	0.255735257196769
8818.21006314904	2738.39941848545	5.03697856038557	236016.588915002	505853.07387454	3.47732059809338	0.28412985497902	0.297649726496156	0.21199452151331
6876.86068260711	2831.99242589979	2.26821108224636	263304.30910472	527501.619693958	3.67546640612539	0.23297024128996	0.267921488970625	0.184139667619568
7428.68462882497	2845.42482447482	5.84375997540357	280333.1112302	465129.94820809	4.07505675279679	0.32756001916211	0.339046232472327	0.231435827325243
7718.3222840988	2592.82799329463	6.1144932073202	212725.976608758	425191.338819421	3.71242759980905	0.263283842955094	0.269147691286129	0.187522877438715
5664.24266269832	2701.49057276821	2.59919607994699	191049.77656767	461952.216678444	4.02225532294949	0.427335105998853	0.395918699811805	0.283847877674031
7095.26855418212	2473.51947023323	4.6045510061938	171257.817864164	383892.803757553	3.91611797019807	0.292818261789706	0.283763308679253	0.188894328346723
6347.17614707229	2800.29844223958	1.99661718480111	222537.99470752	385078.950391122	3.11027225614765	0.30553412376653	0.277442406098234	0.190222128796256
7024.67646652454	2568.44164226585	6.07274752400814	209465.558211862	442809.342861994	4.06666220425395	0.392044446164724	0.391037233947351	0.2918768992158
7309.89699650093	2893.58620258016	5.19544042043603	283764.797212388	449089.24375085	4.66859974345289	0.289012743394886	0.312603174914582	0.2170788290085
8953.1002833465	2829.24203028028	5.08858783670037	272152.275545032	395062.766648954	3.07311849852895	0.30507412344391	0.331169037143125	0.22585440963676
11168.9896864772	2730.28650732662	8.50104109010798	279550.393585206	423209.571932008	5.47826108440777	0.293323180839019	0.312068104535282	0.226078786676531
5457.15922306249	2474.95479923196	2.25503961868904	168056.989421921	349906.610758688	3.66665727188793	0.294245890082031	0.309012899435415	0.204669646051977
5966.7785786005	2290.45163953712	2.49313387453957	175394.159484147	293163.072594663	4.06282878336662	0.283174971084275	0.318402781874188	0.220202589670813
5832.82354666874	2128.41696232486	5.9321636851942	153651.587947521	340771.54555726	4.58995292170389	0.347419076421844	0.359309734068593	0.260277709485956
6153.6002958545	2612.37401396304	2.56109092803099	204302.769043264	389371.118792241	3.34913586106299	0.32683784497747	0.332486784043425	0.237499039434008
4761.12797614298	2045.87476862748	2.68777515309394	124449.615074722	290018.331043201	4.05900254517424	0.365508895480586	0.384815175027107	0.274401486779237
5787.99150221095	2899.03318592107	1.94159757855867	237942.281904507	482950.509889071	3.21893608614749	0.305751040161877	0.309288387300578	0.218083158514678
5251.60129635481	2741.5814617788	2.49566512080444	200951.738140019	461483.319879358	4.6238918895887	0.421909603329166	0.416151630504611	0.315335775511556
5355.09160945505	2104.92492518339	2.4251996896541	133846.174124523	327531.788039867	4.12227989982294	0.369389324203778	0.377526067664629	0.2632021454216
6694.87659026026	2715.29726204452	7.66068406670615	207028.184305026	457092.852500231	3.83598727934825	0.308074039369151	0.339821598179194	0.238713343426411
4747.71868655076	2160.8668169254	2.39078727510319	157929.188363525	388265.724929039	4.69842924236599	0.255141541830056	0.250578205125617	0.170425909572717
5916.7340375175	2608.45125607241	3.19745444863801	251301.887608543	543006.792444018	5.22171509371575	0.345679979198823	0.362036999474589	0.252003330405955
6511.5223404932	2249.08479960245	6.83766402092186	143004.197896967	371222.263645285	3.8845811462531	0.331787852844883	0.330267605569484	0.239105298108947
18311.5888947862	2797.08796047142	15.2439765407248	283696.891611416	442947.97929119	5.96162288218784	0.28901318620369	0.321803052735134	0.230126069343273
5790.44697867745	2705.85309056219	3.56827444203106	286518.587065477	568022.202973936	6.55612664462389	0.273376598188166	0.274941083709032	0.188174616731041
8912.65341654285	2309.00359170066	8.06016306131869	196492.643020501	335083.903729589	5.1006544431272	0.273697254265993	0.2693050470508	0.176071000223912
6360.28537708864	3179.8506836877	2.21352966976586	307630.949724447	692706.239632283	3.77335358817225	0.26720284054899	0.266090456509281	0.182928533911735
6403.36696469076	2233.22330938783	3.01787581042858	167999.258686643	286955.777135195	3.67755001471423	0.287304065034298	0.270244737893041	0.173129588294166
4846.57190087008	2332.7525645063	3.67097641012626	182108.627354988	422869.473375862	4.48867230309578	0.2867623512747	0.317066499914465	0.217513980927359
5217.17955556816	2845.1508013928	1.66865646184269	230628.615346614	442695.017102958	3.48601238093269	0.296119147359087	0.305984175763583	0.212563843013162
6434.36527136182	2802.75707046912	2.93877880270087	229326.586123888	468283.764330055	3.53624279448151	0.266802525684851	0.267263437080365	0.184481845205419
5678.21464962355	2949.51404039183	2.35570959461869	293376.521367989	620293.303939661	4.54839599258048	0.261148522417236	0.287421507288335	0.200486779099706
6535.90759925518	2485.00786252523	4.20503105654715	213060.308947021	466917.556630578	4.25539438870134	0.322058911109496	0.345198841699137	0.249382911409486
5748.38715091622	2180.736761203	3.9450808615909	145721.750612761	333311.687844346	3.72797042630352	0.334580514038959	0.317647060960938	0.21787924384024
9273.47272868395	2465.91306608931	7.86472090308386	263316.495449529	421008.747777009	5.98307494590043	0.285052530985987	0.303207077115427	0.209549392814937
5942.85114458944	2593.51376927812	4.05193444849507	203640.058178341	429131.401195298	3.39984972255359	0.404489803639812	0.401484425268885	0.289627596152073
5155.92920715373	2721.25708036331	2.297888834296	246759.016647204	563859.646032577	4.58008177188391	0.330159804758012	0.357760393645515	0.249035682429783
11555.3970582844	2423.45142308677	10.4622425344966	232411.950379348	429760.973267159	5.77650071298866	0.27939455375868	0.316170406688993	0.227775425954215
7498.94400869148	2599.18263396414	7.20264253437898	231060.542597841	387139.427132493	5.15031682415648	0.260073877491214	0.301759684385667	0.218550618379023
6122.35157034791	2745.6880846145	5.69733285434611	251437.240297117	571664.683395182	5.49930081176506	0.328071984386796	0.366158138726666	0.262255789977268
5859.4360962399	2408.20250132791	2.83125328597879	190286.678112237	406103.858758388	3.46882554212525	0.32354031593129	0.320158440565792	0.225490766174205
7695.80872914682	2738.63941723043	6.62926691512111	223892.490368248	426593.614383631	3.62435874835459	0.329613082606821	0.368802818901461	0.257883390505797
10546.8720702229	2707.97719281152	9.04893200747739	240721.032542716	485629.952704641	4.85523206051208	0.283570201431945	0.266582516465489	0.184238632862705
4909.00722078801	2430.35504396558	2.01547348131329	208653.683728812	394666.503593465	4.9316695024394	0.307745449875745	0.334896794123894	0.235162531596454
8955.49891038106	2747.71423380989	3.91436236075855	256633.446545756	442597.115093463	3.23129281601203	0.296779575766087	0.316422469857669	0.218646724899183
4119.93925639292	2293.78085571606	1.98567280596908	179267.170464028	425436.842532493	4.96984285993637	0.332087686787202	0.362646019137288	0.274658628524047
5487.70607834696	2060.56749254557	4.11033773588344	127867.178963163	301959.291005612	4.4004243269214	0.351063679849075	0.372103244569799	0.259953670291877
4188.69725326964	2043.50852350567	1.78780153150558	141168.949419183	327946.218845291	4.58480574411863	0.292879185265039	0.262834375790514	0.1809743937701
6204.15411796882	2603.39975856288	2.53567274257371	216501.999041724	366695.495788536	3.66655814173471	0.307523007929068	0.319247740573398	0.228664014627863
8005.13947249264	2627.64435696003	4.69316349668305	206057.35334597	401687.217477015	3.91761754335421	0.274586439684104	0.260051574038385	0.18227852527821
9803.59775609664	2752.17450838767	6.65670079192761	292488.190459295	524132.197034385	4.69585285167496	0.270486574130495	0.275324688068379	0.203886350996867
5497.6165563399	2771.71368111902	2.28452569245203	260815.751829626	449215.485519883	4.19548533050119	0.283452210740457	0.310293896741407	0.21376817061388
4981.88336767679	2302.51411124523	3.27828115009702	150817.600062616	354447.047009442	3.9990491904522	0.306260220431669	0.324660404361311	0.223632426879239
5323.31227723079	2353.30619173946	2.67408149280356	173408.166153962	352706.292902639	3.91058174618347	0.310872431307279	0.337897599003071	0.240104869218258
9789.96975374015	2575.30094250113	11.9742534497249	258031.180704589	424065.163788966	6.66505793742677	0.251706055781061	0.265413517558886	0.177935294026971
5495.22975206616	2300.30290020501	4.01877249816951	169401.471214414	337473.654914483	4.19619222424573	0.361786022344835	0.38016219413498	0.273707920758145
8007.46374714926	2542.18114077464	4.95843794793763	224881.015783995	423417.103284316	4.46819231328426	0.307692370097471	0.331690451539991	0.224592884075671
4519.16959801397	2297.12767485908	2.00143178370781	152144.193321563	368427.343048052	3.98346245341293	0.312003065388458	0.340627288768689	0.242681962877043
11983.4288731584	2320.37124571166	10.6020620820226	250105.984011838	390441.721796376	5.84524705047676	0.29562704756959	0.284966700876147	0.195721214119468
7960.06101366184	2625.62947481107	3.06888890452253	222360.382947878	428490.537721365	3.19586810556843	0.281007438392162	0.274859223788308	0.190901006102309
6340.0570076068	2603.83269919099	2.58554445144997	176691.499645479	414840.05121537	3.2645513717934	0.302403957521042	0.294981495253527	0.209360072189151
4942.60391398475	2392.77611002457	1.9547796835847	170686.99110814	411633.432973531	4.26324807674991	0.348381610619279	0.363362801862463	0.253585039834321
5613.92520421005	2679.93018188669	2.2119286524451	226894.242182021	484138.333358111	4.19093904093336	0.309195237691107	0.32610591091168	0.229060422413174
13317.8225755683	2180.92598431432	15.2860006638816	236370.938305136	366665.534240144	9.46961719106204	0.272202156245638	0.283734311115739	0.191827979015795
4950.19478460639	2503.92168678702	1.58783762913722	202308.316307324	302050.623718174	3.62711635951183	0.251935778466287	0.277703019793824	0.181439507783695
4968.73758841955	2423.74296841126	1.89828209375083	186046.086395764	366742.271264405	4.00396767816268	0.281419065268867	0.293476089343454	0.210008921794902
6072.22112279114	2680.94761103756	2.82296775571253	251040.064414706	538445.417644786	5.00090584850517	0.248324380759616	0.284359387667674	0.206098357042133
9856.08984121837	2847.5716282381	8.73362566949876	254748.60800789	520631.320753088	3.76434084429858	0.325026319000858	0.338799697522734	0.236599235746266
3919.26271451029	2366.72010315708	1.44218099430173	152389.250360025	341664.548377947	3.41152666769373	0.305761929147953	0.322101200181113	0.230104352813556
6805.07231017967	3009.66235040641	3.39810450882166	291099.169885232	598343.105897826	4.06100444881306	0.308624267665259	0.299149064262431	0.210751164343521
4152.97222631025	2064.38783987023	1.99905010805609	124607.65795739	303546.774927604	4.25219849939648	0.315303176194524	0.288812219312358	0.19826524181711
5833.38719676635	2679.07901205397	4.26248462925159	228397.958665132	527233.671917158	3.94471901471416	0.371761855663146	0.376595375522326	0.274628168571386
5777.94886940496	2234.05170123448	7.02213256951998	169005.78286659	418096.617771012	4.28150626134603	0.266327423299293	0.297428744253122	0.210780264163883
7413.33810044288	2352.73129624049	5.66373995266053	196806.977652126	409138.206106902	3.84182708390005	0.27383320801442	0.263714598800664	0.190990828347102
5078.39330471029	2592.00428931216	2.65400246968006	248195.680360463	568167.09817191	4.68715312440766	0.317520082092963	0.301583480340804	0.212533988664588
5485.56584633688	2202.85046653513	2.66198771885941	157117.95851845	268808.942949995	3.69028868621342	0.2780041764304	0.271709803061249	0.175229465312143
5657.86645236139	2223.56382448812	3.09194297843742	150165.696470941	285109.42374991	3.76823045014852	0.359802464284065	0.355170556208237	0.247610678886006
7733.2491877581	2549.7650090498	8.25790798388027	227074.09090438	460045.044512741	4.95363830244717	0.251424985188277	0.264248468952517	0.189391397464599
4725.22108044914	2488.62186501427	1.76096067886178	187805.930043457	438785.819099273	4.01645804692638	0.294843962634801	0.271701267121525	0.180839133717462
5433.58786327448	2340.65634338359	2.26005241921345	183751.928102308	342490.99908228	4.20466617648222	0.305247884438012	0.338515911903893	0.249517551865964
5219.70697513737	2459.17426700404	2.30691024083331	233356.850240053	484225.453012641	4.45821409080237	0.307932924532424	0.313771646397376	0.219648977909941
4058.36167176519	2060.43902100205	2.51635431485165	134193.90645793	337161.172621391	4.64766514127747	0.36976271713901	0.375598474157824	0.272382467570334
25434.4616118728	2613.87399153692	15.1354633302081	218833.158765839	419921.799199485	4.03455559959612	0.308933588097009	0.313087110819368	0.222973889765086
6731.4127281823	2600.19445484705	3.47254194224783	240243.549461441	448082.364265948	3.93568759892605	0.311860315401864	0.312436214183558	0.223844788370453
5012.27707642146	2700.68955033444	1.92929896557889	214095.680265153	494384.22367114	3.54253871453228	0.375457773683807	0.393231622357367	0.283781126170127
4284.03207248925	2066.37833852483	3.21399462399942	170708.363128064	484686.538899045	6.12488277603107	0.321992101386853	0.344352186742717	0.243213942034255
10392.0708321387	2375.38573528312	8.79116576075425	216153.954510563	318396.155917842	5.36724883387317	0.297085689205216	0.302950497253036	0.21432052742233
5650.13170339238	2326.02336997371	3.73617804963853	165741.165191033	396349.634664393	4.05228287340266	0.304947519986087	0.308529579018878	0.21441553410341
4865.08328818251	2291.1822282289	2.14830013527159	164433.367770269	400646.797545157	3.86774463518093	0.307392558862473	0.294565743074383	0.214440109515161
7184.98262309494	2886.2622531008	2.70227130572517	227709.364745054	446968.314812903	3.14708118488528	0.296170623485279	0.333746375456772	0.25109231320557
6054.36414884629	2334.90592647894	3.27294826403834	168525.546647048	310821.472719306	4.02087886737172	0.303807973083065	0.312776754227249	0.22342509925592
6739.7824413536	2768.80947374742	2.41921962343994	230370.250343895	433630.350183415	2.79041045393952	0.190741878872991	0.231393484346711	0.162585255803258
4644.14054736223	1902.62413349417	3.65413320903649	110445.671860552	220732.180097614	4.71821625931038	0.318325565218647	0.291352887748457	0.200693350405064
5261.22350377355	2719.94287412469	4.11648789597991	219464.60376276	555106.248865808	4.39372957969256	0.37165633680517	0.378109506643384	0.277675512118186
4673.76965194033	2543.11398613549	2.00259954463409	217930.575763097	496871.625882654	4.69648206369966	0.283893239017364	0.274326294810797	0.183839275932163
4693.86096596924	2235.09845695361	2.0360014461076	156426.979506016	320128.601097951	3.78741847914773	0.296243750306048	0.28379146092412	0.19264282496941
4866.86490887055	2368.82395039451	2.24254063708906	169256.801977795	312169.026868691	3.46453866166635	0.410968608190505	0.401998824704992	0.296400300946105
6174.98374345871	2571.03119591677	2.62826021708952	193940.347705529	399766.336970206	3.33359814218745	0.209369650614772	0.233285080427629	0.163571873212646
6488.52775237759	2639.93007624937	2.67494142221209	208994.238931957	404724.662510084	3.82684894265439	0.247887163693485	0.286704653324749	0.207796190615627
6816.05225620562	2489.34314779604	3.35424203776578	179391.377434658	328741.6427591	3.35325841862424	0.333884367691189	0.335890755176388	0.233020998032458
9050.07291991059	2911.37143240307	4.26440305430666	234318.465809076	513480.441515676	3.14438499928317	0.388530984779915	0.389764784255677	0.28553491026084
5279.12157496067	2720.08581308281	1.88715594554567	198184.060995254	422999.180066594	3.50769843877481	0.280347558614976	0.305847051065349	0.219575014835878
9637.43744291235	2464.22189178309	8.86314911700678	189838.013410768	387947.745994874	4.33647141901181	0.254171518125136	0.258669026783079	0.168426487868102
3915.85638161396	2689.30023810499	1.76785616930115	293357.761758927	531062.584102764	5.95668067528604	0.292229429568103	0.298184819477778	0.202161045094646
5583.83631078141	2571.63586155302	1.80715764442283	188557.919630387	343156.722243985	3.08047559748706	0.310980718252163	0.333390053360652	0.232490581133949
6315.17897372249	2198.12482943139	3.38793869917986	188403.164328502	283499.431489426	4.56561271288015	0.306760515660552	0.312457533925641	0.214542205663608
5780.98955671557	2704.98888264499	2.17335907033813	196909.944227985	416992.941884644	3.19857654150234	0.229225029825768	0.252226774333597	0.18145890578775
13525.6148261963	2624.2216284701	11.7988849642346	251273.372434404	434191.165499461	5.48469568998694	0.253784892749315	0.257230337356294	0.16826184051007
6883.37712856516	3094.12225010366	2.74081262293288	271950.206543412	561051.948917546	3.54025272322253	0.300129307939538	0.2834146354927	0.189619993664324
6422.11925053742	2977.06919382163	2.45559216671124	265942.532900004	589238.912194463	3.89388866718475	0.241795445527214	0.240721057887039	0.169242496919759
6719.80951782656	2853.08678316794	2.99487805624787	293455.479019266	569374.664842807	4.35293710479988	0.298714072205012	0.339923737126834	0.246606145261639
6078.80658231512	2687.14062106281	3.37284864203998	215662.982153403	438465.976570777	3.73317294425101	0.332771290250554	0.354537326440728	0.249324924942125
5308.28095326315	2645.96824181841	2.5651801853322	201824.635575665	481439.422966963	4.07497484828896	0.319167634040296	0.342782814694325	0.233614405004094
5620.31210196642	2844.84509915708	3.09545035266611	225545.615542524	509320.397651097	3.99761657242532	0.288321771063456	0.304739658580695	0.212794639975636
4479.59693847615	2646.63896320112	2.19832805978377	340303.878822155	491821.641255056	11.4508258659778	0.313117803016429	0.330297022324912	0.235920796458312
6378.61883455486	2935.99042271639	2.01458781838671	220667.864915374	434002.564465234	3.56520004022163	0.350979713972391	0.37314039245288	0.269862566138386
6243.64218891009	2781.96858847	4.74624753181721	293985.260603164	591845.492183958	5.46738051527859	0.315662245123113	0.33505217581955	0.240518647132696
6278.38596939886	2230.98738550855	4.40459825461171	172666.425797135	288932.166337944	4.16645356169816	0.249432582232399	0.256947807371954	0.170901382713968
9200.67466098582	2475.14041862963	10.2338578663111	192720.107631383	422850.511206007	4.18596348524126	0.316105831345613	0.352414536860428	0.247329018348706
6374.89056288484	2899.36804733572	2.37004780515643	235505.511692242	450702.833841002	3.00334073316187	0.305097904356829	0.333571267686467	0.237364531281462
11134.6307709339	2726.20096138969	10.6707447230153	288515.714194555	523801.265792647	5.20476538496221	0.27201473733478	0.294837990460089	0.208196151141751
10962.5104977339	2542.9703899135	6.78067567273759	231124.727090068	391538.332918899	4.01115974924847	0.321653904733668	0.302360245833714	0.21526767857696
7829.04565060735	2782.3333817583	3.24511102212077	236033.325727891	527181.981308606	3.65056793514029	0.276086999101499	0.289751458512419	0.196155835315533
5042.9273104933	2468.80030631055	2.07225363661639	177446.420652154	365139.858004554	4.32766625312842	0.260930117456624	0.256077306027539	0.177633226946506
5287.82741512826	2746.23332893299	3.01802642942737	231446.196197107	557356.285266894	3.77863141070577	0.28912990182654	0.294011270607555	0.203024862687227
11392.2454566105	2820.85795175052	7.6729860630738	276125.162888086	427863.830282477	3.78814710390487	0.408304295711159	0.405057746660535	0.295448185483746
6597.64572369316	2339.97960301013	6.37003441135294	145962.201583683	296725.929321018	3.03330280759703	0.337389705101243	0.357624437248209	0.243436105423062
4919.23800628882	2467.72461232669	2.50763098244762	185872.824278069	425977.610393162	4.65207702371028	0.312257035619252	0.330736193198808	0.23596587029703
7191.89297437871	2895.39226286491	2.75594313897601	238505.346897212	451187.322905412	3.82284583387768	0.320682093542035	0.341161408868119	0.244025460598759
4330.48934026358	2349.68369695878	2.17975146321753	169484.592508877	388124.256915906	4.03746468107671	0.256518322838912	0.295979023127957	0.207925682809861
6727.68717106923	2351.83122183009	4.89977737812278	181023.216728786	342806.389121866	4.49680528277421	0.273484112963637	0.269068487538525	0.176098672003213
5730.1895724466	2670.87874654996	2.10592836517796	239965.504552079	440356.727503601	4.02263009034045	0.262989362874073	0.276834274458891	0.182581042558986
9209.37124735059	2516.51522673512	7.48527862287888	220667.855990821	420450.80832872	5.69424308891571	0.331265803059142	0.344212708336838	0.23845710076131
5695.94610813812	2718.0460053839	2.12546085462611	220337.523431733	450143.316677635	3.41407532021797	0.349642308059135	0.347864467340865	0.242269251525161
7547.37408964123	2654.19244500582	3.64727910418116	202009.211421879	428813.570047476	3.78112156013757	0.272455206486736	0.294781408830997	0.208707090108234
10765.4028454325	3062.9359423414	11.651748149386	280948.702988512	606878.420048651	3.80075774521311	0.270157328325919	0.291632742295644	0.204031883221919
6769.18773596137	2552.85002106713	7.50284522906139	172048.79030777	426040.164172558	3.91739377550665	0.296436300588823	0.33139706985605	0.236680189281109
17206.9506441547	2630.49984272675	12.7251853236308	227975.476906428	383323.938800224	3.84231469054481	0.303554071619262	0.318708368392877	0.222059998129351
8153.7977806475	2656.80270792421	4.12691737843464	239688.207935822	414029.84664671	3.87450315537467	0.346301934242271	0.36783440574753	0.273585595505723
6685.56616336567	2632.22704292658	1.98647770965804	201310.079503176	468082.47433583	3.42925926600592	0.298422948321254	0.282626043975224	0.193129802154574
6140.97409486671	2657.72963406253	3.99581634735029	223947.066765352	484188.9419106	3.83211029472539	0.368160548652025	0.387999960874758	0.284305821906388
4573.98245168684	2451.6959654049	1.79048133366651	147199.9616538	353531.487939274	3.47955995983052	0.253192336467567	0.252692637730303	0.165622283622621
6955.61384394335	2848.49965287855	2.57704304572891	242676.313966106	471988.660329728	3.04678586062986	0.280066454288398	0.29769650876452	0.212291056142639
22397.2571928426	2137.38740367668	18.7257855188322	235918.470282342	319622.265468618	11.5980366987268	0.355058709539946	0.374289023658757	0.288361097233792
5846.51167451313	2431.9042230166	3.17258368124529	160713.878279704	377718.137432908	4.46370036934768	0.278028087346348	0.295959730950971	0.210858069946046
22989.5429582847	2713.09846615252	17.9509032330784	256419.474971952	493616.595493371	4.2933442236932	0.3295684416611	0.353558088140152	0.251107947975688
7654.61293594915	2814.60508366939	3.91707699182787	265065.372226113	466481.035296556	4.02212571786026	0.286151212326533	0.318101368799928	0.219315533736129
5507.48754089995	2401.15208494787	3.18106713549439	182254.188324081	389422.057620527	4.68490731463431	0.318500026130324	0.349955626015939	0.248577887589452
7329.67520643598	2696.217052851	2.39332194901032	232188.964914037	364106.76575003	3.31886394946	0.288615361224459	0.310930055002712	0.21701857611294
5374.48285041407	2463.03355106083	2.34030304861564	201299.487601163	393100.619708375	3.54887179268568	0.278565328876086	0.299862787450504	0.215250400612092
5534.62463341338	2929.44708551052	2.0827435097212	251695.763121268	560928.703746142	4.01764762311177	0.272021190630572	0.267155823395952	0.182732243067928
6024.63616706013	2621.76289094439	2.3840899978178	199435.743456658	444597.278647182	3.31045828242691	0.289446409990312	0.294696706209264	0.200747446756291
6561.85611964646	2620.74726968697	2.58941899123679	224399.130485666	486063.810355556	3.82678303517066	0.273726547930124	0.27961070691038	0.204079614379019
7699.02215824102	2826.29933660391	3.4175996030626	234631.207153637	448923.121881726	3.93906646428841	0.301813929240126	0.316851095389161	0.228486214372385
6932.22057245691	3003.27113229669	2.91062798811234	273956.289028793	493763.641278686	3.39888518638466	0.305725112909176	0.322712684213514	0.228157906778369
4679.28795507907	2617.65102843193	2.75540435342382	190121.711375543	438910.425368727	4.28538852850131	0.418125832373369	0.415463017788457	0.297677763695828
6410.47002632597	2577.40330240707	3.67285964423695	224636.303074482	463772.250262876	3.88529021162902	0.240174791416569	0.238688791615142	0.156011039034723
4961.81507291512	2299.20284125378	1.67005394342455	162151.812373905	319869.426818654	3.10403677062153	0.28143623945347	0.304260311587304	0.217118542051228
5450.34448336467	2494.88485065666	1.84903523218423	180070.467655437	399107.989410684	3.50101434490593	0.289605344180338	0.297224673234221	0.209305047630611
12122.4158717435	3044.33112121881	11.6534787655604	285220.422518249	550835.490489951	4.32844007527471	0.354710917733147	0.371321073449909	0.276423517305333
8053.58494613053	3116.6423554891	3.41334328757789	269686.302059773	510235.475715731	3.75488595257705	0.31273775632048	0.312503352183884	0.223865280045583
5899.55234137234	2412.95553705387	2.38368656404375	181743.788201278	356201.880885011	3.6074807891757	0.275271287096833	0.283209181253965	0.183057454535444
6424.32963015561	2840.34291814722	2.44462700262928	285523.138010064	529444.050612981	3.85277640582307	0.297012781634409	0.303389504487992	0.206342612390011
4918684.20703652	2863.67702335301	24.0402060199755	13353766.7078453	484264.539259911	23.7217297543995	0.32689646435405	0.313883620785486	0.218421548643115
6347.06270618274	2364.3357630035	3.67616086411334	160137.759562251	363651.119774522	3.35710043753303	0.285391442274834	0.284163326207225	0.186868601834154
6796.80032584989	2405.33033166125	4.68515882980456	209942.698397329	519768.396994959	4.8213286269881	0.276953201416442	0.290842075227128	0.204588447413535
5102.74183017771	2663.71916756883	1.91477863862015	196821.597868458	495920.258398697	3.46917640922015	0.285197584839403	0.283220707773094	0.205095537627993
5377.72594747795	2901.45609333577	2.11996394918291	288737.584602744	640036.01092332	6.02189775440903	0.330583574656195	0.336491916422248	0.247405558168857
4949.01110275831	2370.62532829428	2.04570506990545	147479.874840291	313550.072555329	3.40074017391374	0.335644843859712	0.335900832588965	0.235434508717725
6210.63871896122	2720.61927509467	3.14399503233001	233980.640298483	537258.113698176	4.12902712726391	0.349951741319939	0.353705311367914	0.257513257523952
5376.17131051304	2677.08782557845	1.97646315863935	196875.625350049	492915.159708808	3.54954888780697	0.313212577500347	0.34223261215785	0.245882447575595
7952.00006871664	2695.64293476449	5.52156525149422	210681.016913771	456588.651233648	3.50511441974272	0.275926693725408	0.277472103186672	0.189259658057919
