mean_branch_dispersal_velocity	weighted_branch_dispersal_velocity	branch_dispersal_velocity_variation_among_branches	original_diffusion_coefficient	weighted_diffusion_coefficient	diffusion_coefficient_variation_among_branches	isolation_by_distance_signal_rS	isolation_by_distance_signal_rP1	isolation_by_distance_signal_rP2
12567.66853665	2860.50607730824	13.3550872061827	624396.627301492	722446.269154674	4.98649691967986	0.181113717579481	0.250807192197373	0.243682088949301
7522.18259719254	2853.12597803225	2.22217551624934	457960.073346865	680669.577369227	2.63883067848804	0.179047779809115	0.236232833184738	0.233097547607303
7508.94360263911	2846.196123006	2.94965268277048	550505.304339794	752172.573818887	4.84470673865113	0.170215463449665	0.235512101164523	0.231794433142108
9398.14164464308	2994.40015015118	3.65004539569096	617270.159019925	746094.807041141	3.44517603157162	0.17137426581041	0.235074411918319	0.233558945755522
9394.02495322785	2851.70717571508	3.36895276581301	518116.189489042	682240.477970581	3.10696282412834	0.176222483815478	0.237461432945402	0.236108054648788
6264.78588102404	2731.0203917818	2.52107445825493	453650.726471369	714731.536008862	3.47365967839122	0.16034362964256	0.221513113738739	0.220364904966983
8930.86338940527	2782.00268404788	7.60438989382135	458904.83070587	702339.744056427	3.48788410732139	0.174357825905652	0.235078327461748	0.232778895699061
5719.04757774689	2701.31716216628	2.54075976973446	415390.182840445	704059.752537261	3.80463948424753	0.174638792952748	0.23325557176248	0.232169986864397
8817.71897163133	2985.34388001793	3.56061924739115	581871.322375256	784364.5903721	3.36188433432294	0.169041066178371	0.226861776353086	0.226097390569154
7238.14757317489	2906.5788262532	2.4568598286251	456079.669627406	681402.888893469	3.02216770143906	0.181331019847561	0.250895667471231	0.242705709697968
7790.32509932195	2675.4872300314	6.16999692393583	433247.897472721	685507.01952106	3.41171084873357	0.1763856435808	0.220190000008862	0.218080143919948
7055.20049366514	2755.58552023085	4.03597099697884	505492.751382024	700886.146765878	5.93238628262032	0.17567358479398	0.235263432498491	0.23489670029684
9334.22621947966	2950.8427797633	2.69884895215002	475640.93170344	726174.363472852	2.49201250427417	0.180713477704899	0.252645567649184	0.251530333795397
6365.72196626746	2706.16881011194	2.37236617929093	441521.234765146	689636.460495706	3.53013921189129	0.175620475363587	0.234118368245547	0.233845958252444
13823.4501833221	2915.13239137213	12.9669848468353	509167.182770604	728838.996361322	2.69334982301748	0.168570805564491	0.225610936631607	0.226674885723827
8343.41038041753	2834.32478519972	3.82400980886537	466889.836548473	716386.270957895	2.72543036321355	0.171304737694025	0.223483133815024	0.222774426825306
6834.55866676016	2748.02663007335	2.30683573512508	434300.8840848	674494.758514161	2.81876007918018	0.183912330789317	0.240570648213641	0.238343695728472
7195.92183804699	2687.21659322782	2.89890514760381	473954.602200203	665458.851540501	3.13968512883794	0.176136694998789	0.231123793589546	0.226870199514348
7758.09883787337	3005.33225278741	2.29642189191477	497467.493495197	752017.371810079	2.76365768015297	0.17129325396153	0.23475843815188	0.23447734572687
10264.661837855	2748.3487518459	4.40176590862183	518276.357906701	677562.109311895	4.20493582390435	0.152766042367157	0.209527156442102	0.210508544828147
13373.9780114243	3112.2560284542	5.95191193198194	580192.379883226	748983.328316167	2.88662105515514	0.186398251682432	0.243987154425794	0.241445742595643
6832.29598299857	2662.00533185309	3.15972758011297	400109.477963869	627164.642379509	2.72239780720159	0.174533370865109	0.239754167095413	0.234973670100427
6703.45879917034	2754.47381236553	2.5622847478409	435557.148225106	705076.980595357	2.95772531758714	0.175398849012035	0.231047112889672	0.228258421107145
8827.73495733964	3020.03967097296	2.84458654857611	626512.167888959	737745.253899278	5.27527945184163	0.176617836467621	0.234581963478359	0.227540608403341
8465.56976709689	2976.88794799484	3.59256418928878	487495.457223503	691193.171227233	2.70713891838019	0.175951272009902	0.22834815983896	0.224864608642602
9269.51536498248	2711.64178072603	10.8985254063648	498246.227295399	697442.988403163	4.29473660093137	0.17597927737643	0.234265570013355	0.236091623023138
7869.2317912624	2820.20434398282	2.55801155087898	485661.513181299	672078.878565069	3.18772615272458	0.165188350115359	0.224473617278311	0.222216665275225
10717.7030284015	2751.04966244156	12.0745780464427	517208.834598507	684616.588488851	6.01579463902382	0.177906357614881	0.244745841576393	0.242508533001256
9848.40962324125	3205.19555757276	5.20726119559823	529829.128432678	864185.364651778	2.6711658145299	0.184782366742929	0.246974148575728	0.240614559734516
7732.37208348124	2884.57400877937	3.13059598040634	468937.380772763	713876.572114577	2.85418530164287	0.167135744525441	0.226460772171577	0.220834713389913
5809.71235976654	2644.59064857635	2.54241633036889	451913.64158204	688127.056657745	3.49076236177585	0.181478330082153	0.236612135137369	0.24049899284824
7125.99836104029	2728.45112021447	3.28220181650342	422909.532971705	716164.092615532	2.86038771512577	0.166360369191701	0.231212107018068	0.227007903070231
6192.28409634562	2753.33728178085	2.51043237170543	397663.5311483	698519.442737961	2.77247565152499	0.176300148770458	0.232032578961187	0.230829511242266
10676.8527332489	2920.81532680576	7.55617835203658	502138.660091653	708307.423660146	2.85580259899114	0.179784753548557	0.243257278968331	0.242339647200971
7454.0979352113	2979.35741122993	2.16441933654587	569836.385900995	710108.903203319	4.53203311598477	0.175268694121971	0.234218775735931	0.233166508709706
6700.69350118925	2880.84666745861	3.04865639118082	460891.765807198	714147.555662408	2.90544568376708	0.176187267250127	0.234975289331206	0.232035336940913
6917.48694769846	2734.7125538763	2.99057748581646	479812.732407653	682206.518461091	4.25540451991575	0.175492692336012	0.231739626448482	0.228584639250296
6402.67604267302	2709.8233719096	3.01633560072136	406643.442721994	717919.589417252	2.84782407032137	0.178259538501224	0.244376554410216	0.242103556277635
10561.0463219486	2960.38709151121	12.8226355068513	484159.785663794	730597.744131597	3.31928925550002	0.176137130070803	0.22660900284085	0.22520049133883
7483.12944436618	2732.49441474491	2.65402756421087	489060.022513352	666906.88378705	3.3848630357637	0.179403135914382	0.241557287897399	0.236752059498476
11197.4473389765	2997.75496734705	8.70996617155455	517823.270075685	767232.498694359	2.71954432828034	0.172866019511384	0.234363392236577	0.229643807319853
7524.08094681366	2731.01279212607	4.52219439190644	467773.428257009	724907.203042439	3.80953055519581	0.177230616816258	0.232832461978884	0.2318649101094
11136.5422636216	3165.09331282808	5.39704042282792	582742.588882543	757063.339409693	2.4594707631322	0.174098263191937	0.23192811789479	0.233005801055026
6933.28666070782	2709.26031855395	2.19689297559699	462628.269160842	643214.355885786	3.10908291871039	0.16523462272651	0.225998196316849	0.23528403928482
9315.09259726732	2971.2646456754	4.42672273217498	534291.655976424	730412.089501275	2.81881123384025	0.171526381857967	0.227520222727325	0.227783559515169
6888.65477279041	2900.04546813725	2.20956908181441	517768.73728135	720789.941816059	3.28845670219958	0.182724080614463	0.248001507809899	0.240220735063043
7719.13180378365	2937.32883688783	2.21512079238166	504929.40277323	762048.7094808	3.23998305569924	0.170634985458006	0.228550441920912	0.228949587789736
5620.02126638714	2623.18309899189	2.40188502699613	393257.342774916	657212.501672895	2.90647763469991	0.181208162074453	0.240944781619872	0.237036023440389
6814.71364275149	2685.55830734407	2.42994772901251	457954.303141917	627915.784676174	3.67511944335034	0.162946798075427	0.2207694978403	0.217819510305618
7837.56771618409	2876.99098003736	3.71618350005616	529796.080009146	798390.205933312	3.16675862496838	0.18478777536452	0.248441341764168	0.241510298457702
8609.56542074799	2937.11965256175	2.68723115836584	635366.70299746	754798.568556737	7.19352618830999	0.172723437103106	0.227097659325114	0.223691769924934
12036.0517779311	2586.31560508496	9.69846869510738	399390.258583341	659292.69662141	2.80185252583187	0.173507198337028	0.228122979528676	0.227290368111082
7222.37814619343	2803.15593054807	2.55433259962976	446768.678013918	717145.283597425	2.64009907355343	0.177452597212416	0.241436017210732	0.236397376085635
7388.94537693856	2822.43255110131	2.87978149890834	460501.05923324	675690.643224705	2.62737621211914	0.183922498758956	0.24585597524279	0.245052851099305
32891.8567514598	2872.12508212613	25.246177834951	881402.180655449	663259.975625569	16.3570052761773	0.176202892028565	0.231800621019352	0.228565437650877
7956.54393744558	2746.02084212639	3.19901320359116	568354.326012768	708398.425813677	7.01837061290968	0.163436787263697	0.221150433311767	0.217489200941423
6806.90645694409	2704.46770835935	4.84998250915104	400005.991018329	701096.677295642	2.83649999676091	0.171301825095553	0.230559784264393	0.222780954072595
8464.96358881625	2678.96171003027	3.38529851393413	412778.91969416	643233.466296118	2.62665994162279	0.173559970762982	0.231412471009203	0.229893585454448
7575.38625524302	2739.26254295508	3.08695373597061	416662.868231154	638190.15529983	2.65040956027593	0.158846755740208	0.20725890408888	0.208415061118566
6523.95293393339	2866.33349171556	1.89090524681467	475680.693640183	688206.427402773	2.77569551917935	0.178994913174807	0.236588516169012	0.234448999051664
7522.79216970921	3099.77158405457	2.06527752702058	566497.160393209	787251.142016583	2.60512489208828	0.18611836636168	0.248620936815188	0.241817238161083
14248.1768992272	2986.38418626145	10.4241590934172	560763.732720946	737689.04435499	3.79458204665071	0.170452032677372	0.236320748144145	0.23103182624311
7658.59545466034	2916.81968304412	3.11446324252536	522927.410836301	768850.105527975	3.36336025921098	0.174465383128057	0.235654959867929	0.229564839188749
8391.16747922614	2849.81704697838	4.0505054421084	446573.577996782	709642.152367286	2.76291252689942	0.171827542751033	0.232789138277777	0.229379841527369
7155.8411653125	2805.09795816235	2.22830100072943	456991.077900844	697914.172846685	2.69745551381026	0.174380491284613	0.230752803430475	0.223922522220388
7988.02371168833	2692.44563884353	5.68355740141684	415152.391281967	654348.348662854	2.713653348812	0.18522728137824	0.242758188741578	0.234672216232494
8379.23920822968	2931.29933000682	5.07022984080581	512812.590001065	694767.687945558	3.29958740215279	0.18436928954722	0.246741886940793	0.236797197448333
7152.79431909631	2818.66592346661	3.23201945406918	454420.864860761	705732.022981304	3.32531159178534	0.170914420487799	0.227147047786431	0.223270388926643
11716.1529791456	2898.79351690174	8.57096992696786	602937.374330511	731784.180374476	7.91120105371648	0.183309611414572	0.232969155081127	0.229551951715856
11192.7588812708	3090.66262044065	5.53777463877279	613200.724365185	758982.075777629	3.24885753606249	0.163868528866815	0.211642547353628	0.211851778541524
6425.34997542786	2875.0767499215	2.4423793093836	450670.511081008	732538.101393264	2.73017328623062	0.165531604985136	0.224294950431914	0.222575951194282
8070.25881588699	2929.66949841416	2.26342832279782	461291.978838769	731283.209973731	2.48061700424844	0.180496183209905	0.248230857857426	0.243366628828257
6511.82519285314	2785.13746319568	2.24575421030238	473613.749716937	697995.748030159	3.67175259994474	0.167930268759374	0.218861750152019	0.21291604003134
7510.34757056935	2888.07114113938	2.45297494631685	483334.702136797	693515.511245306	2.46044647822245	0.168812785889566	0.22374823608969	0.22738942689969
9820.42886476158	3180.41675689689	3.8684268299663	617542.752992571	741642.312548689	2.98949059892943	0.180088977896622	0.242736618239312	0.236278861287566
7932.9927526394	2711.77812590557	3.77366602076496	445193.937096789	701304.43511328	2.99783926824077	0.171903865424164	0.227828682380433	0.229477525569904
7549.63284068587	2811.01302511439	3.12847124970346	519777.840848648	695893.369726069	4.87615525453041	0.18177432307194	0.243851531432661	0.23864078146554
9014.47990198275	3128.01489555571	3.22645061515198	565180.880876451	735540.677940207	2.84450605869777	0.184268263391584	0.246941141222726	0.243030861309388
8104.06889050755	2891.59128172962	3.16696197734903	482810.22893392	721695.882928344	4.21870183591967	0.178524193163322	0.233764613110106	0.231225729958564
8195.75486569831	2758.58907099404	3.61436610414562	502478.371717223	711000.960983506	3.30692775514907	0.175650665533251	0.229952066629563	0.227042853829716
9434.37247498959	2925.86029161507	4.19202154386502	567053.107456595	707425.632215695	3.03890523671943	0.166182480880752	0.223973987801045	0.224753278410435
6859.99245052345	2776.41747564462	2.45632023151918	464024.903207029	755285.263907482	3.06098557879867	0.179657901859338	0.243284124842965	0.23662157345495
10196.3511664726	2902.33883481484	4.77563267652486	526350.944159177	716589.061212818	3.62694087740701	0.191059583960713	0.248104471172194	0.245376124742884
8001.17759805569	2945.15574331909	3.0977996882151	557935.259467846	718270.720563104	3.84779308802241	0.182379772818231	0.240803524571307	0.243130714600883
9469.54784940168	2942.22003783721	5.34221862033309	487201.575375178	740856.993468016	3.08050025460823	0.172418455865756	0.234459355937463	0.227618821641589
5915.06581633958	2684.09879084693	1.95011009943082	457830.800167923	676501.592560656	4.32093711748117	0.167528470694165	0.224503944478036	0.216474129808017
7137.56218608508	2743.22621773091	3.42349197404865	419111.80463136	677215.324428101	2.8083127318704	0.175465764947374	0.236883761934704	0.231880430068602
6442.1288881965	2729.08448703749	2.13767840448149	457217.400637503	660172.239377977	3.07210620730592	0.172552185322219	0.229681091463964	0.227399318515464
7749.07443105435	2895.77534945901	2.74412911590126	470369.638255638	705113.240074325	2.45594692912166	0.17889339606133	0.245087644024694	0.237802316070833
6906.88604235682	2844.12822335272	2.54579352963892	498040.025036093	741362.163519633	3.69672176855706	0.174309290582668	0.236153670683666	0.237690654885599
7432.53732187334	2860.69038689255	2.86074659389852	479928.059507301	723887.157062153	2.83528056035472	0.173023244227997	0.22804416305166	0.225410984719796
7472.53526666004	2855.7066784318	2.43315911092414	510153.602128475	728538.530108959	3.24189393150121	0.179159466334882	0.24141106680019	0.242340642225501
7698.84937257759	2987.09670771524	2.77879068597193	526524.322490712	767091.811968066	2.7976674706967	0.166531317775344	0.220958941324481	0.224181338787762
6390.52593684176	2762.86603064335	2.92397170278405	432351.932164463	718415.009345078	2.81826022973184	0.175774022977307	0.238537033527863	0.232148987505522
8245.4679905923	2941.82625698777	2.57068489712656	518983.945248514	771269.057162301	3.43332177348347	0.175914907879915	0.232645673649844	0.230434682824563
6793.96576850831	2854.59752199097	2.92526327077679	437087.419612983	730561.774913055	2.82804645601858	0.178942522689726	0.24277157774643	0.241346730714419
7830.5802215271	2580.9076227298	4.14621373381894	433250.14571581	668909.795735306	4.45764221707515	0.176613852803244	0.230096572217979	0.228489696170915
7497.2332500505	2862.17033450817	2.93991421852791	460811.943220489	693199.992664155	2.53722543133137	0.169482487641425	0.228524639812546	0.227576889830922
6683.65908805199	2767.65001706838	2.22878283977712	452525.691625101	698326.750737184	2.98950509909584	0.174638685158822	0.236167571762341	0.231620361210192
13383.6491637174	2682.68402394653	18.2356264125243	473031.396925419	694617.469854531	4.14525226961214	0.171730996571722	0.22796959208965	0.224333675835229
7199.12438885757	2948.86519821307	2.61265946705975	523160.47281196	763424.799507299	3.20574664797437	0.180855634247208	0.246180613524023	0.243365942362637
8984.386496196	2912.44517501534	3.25803788649269	475049.259615573	737470.98144774	2.46416393253052	0.171424848794865	0.233611399732179	0.233347450440927
9318.15770601186	3054.26235062713	3.56856773056835	534429.846511909	756781.743271243	2.50186947159973	0.181123807442519	0.248003052271533	0.242745755796444
7335.00600777692	3019.31536532853	2.80518638114279	495887.767088404	780379.052630844	2.71667843826197	0.164593011348413	0.227914849323509	0.237411914447253
8531.57285035264	3015.52106983561	2.60888748852237	488412.091859501	721031.620514949	2.52962052296858	0.181732929147845	0.243540596555783	0.237572831487127
6535.1965415709	2670.86869894803	2.34850346118694	437419.305834048	659131.731490326	2.70462775007147	0.17946178281393	0.243414829800361	0.238118966442589
7483.31947605659	3014.80002746737	2.53389365964311	544357.270963399	790341.820444001	2.95338228413836	0.178390044350025	0.236443882486278	0.232356940453755
7799.69408767893	2621.33599718148	2.89350226113275	475463.56588545	661645.062780203	3.55305449399994	0.159453173020681	0.216698802138224	0.213209832249564
7610.80323054973	2746.31051830356	2.53366420731075	465004.495985991	725501.093971729	3.22547292033274	0.175143334793168	0.234381810974354	0.227122812043587
7395.28474741124	2858.22746103762	2.51061322164638	522142.051576114	700426.501184209	3.7617606938269	0.176274766489469	0.23937112828041	0.231143413891415
5875.41920327434	2681.16393326136	2.58707518081208	407067.713211093	653413.776799234	3.06003176683093	0.167361338108959	0.226944561189595	0.222285135521808
7106.47857271741	2804.94378419678	2.66851211082879	448138.808076103	679950.025196408	2.83754941910303	0.178878521724433	0.241385537599659	0.238607458605504
7364.12889857255	2826.98029631173	2.99047395224044	497764.240899055	667243.758595271	3.25985005463758	0.171189989714962	0.23898975581453	0.241195982807564
10322.9407967514	2920.74185246567	6.720570556084	484517.574061724	698196.209516082	2.97490741828602	0.16495351888747	0.224115074809335	0.225901254579832
6766.67443330164	2846.72823244998	2.66531802617701	456762.434362855	690848.745671755	2.51951867631815	0.173635657850252	0.231484569863969	0.227045107050485
7757.42502944512	2852.98235777223	2.87736214569859	476251.086645257	682372.939765686	3.29674913243192	0.169418634673068	0.236410600635475	0.241458882580879
8183.5313952153	2730.39996802667	4.22209074491118	491799.754813298	678163.968142706	3.0426485012581	0.163488246831654	0.219116485112127	0.218394256332573
7615.75421591462	3012.4601919944	2.23403749863456	508085.306293523	710464.575164766	2.9778648450838	0.184509214099783	0.246430349725786	0.248272429489832
8045.90324560997	2724.93252467438	4.6488926542387	519851.944309539	670912.576642177	3.59360842838665	0.173726357395019	0.229720716364636	0.227797577571235
7645.32467593916	2734.0067110182	3.55173808872814	466025.477171609	676774.548383822	3.24043972404853	0.181430542790287	0.246145096180184	0.243859302687797
7915.55374576853	2901.87617664283	2.48874788839277	504377.556082203	698204.006554224	2.61758534939534	0.174444012438526	0.23398096310336	0.22908873599645
10681.663876751	2769.80103562082	12.5201763637519	571073.295596551	664423.742327049	4.74309599610551	0.177363797641985	0.24104033054117	0.237707894139931
9075.79530853245	3005.50037657151	2.78638341246167	594706.413690609	748808.143677078	3.66146661067738	0.179632747844996	0.235582928597327	0.226755912599376
6045.06903703264	2757.62133779448	2.27836725059655	480826.362769223	689463.387714917	4.33744227969668	0.180922598882433	0.243277964696293	0.235814685142655
8900.60798238511	2977.48224244927	3.08892496623133	527130.336928321	727341.171395772	2.80320451002826	0.181012173248213	0.242235218452343	0.236290939542105
7646.26420048201	2834.77649021337	2.57978480307786	483976.751971708	714062.56678997	3.03749390812356	0.17271082731946	0.226012205767024	0.22721941801251
6781.97235698271	2852.78911146396	2.19042377385921	476037.559495303	724604.789586215	3.11620711021639	0.177839342257918	0.23825391655649	0.235521675340631
6220.28413579668	2642.39318148167	3.47055691154428	426522.337371725	698176.592507431	3.13936898473222	0.168420100792363	0.221539831441454	0.222941707598482
8189.96231490443	2852.12733282444	4.04833682490512	469361.955836748	702360.394678098	2.9346933367235	0.181112336550803	0.243875384567129	0.238238404346093
7114.43807099061	2897.39024472106	1.98038844382687	467450.165079114	721246.534841317	2.64723543597528	0.173715647129056	0.235132090405943	0.231776959031889
6278.01069956186	2774.86566604447	2.48208485759425	422987.874864911	684176.503152233	2.82302746454359	0.167637383548535	0.224361106444506	0.2219684872913
7825.68484090788	2763.65042367004	3.76045422913937	446686.656271162	707012.57877081	2.99444390285205	0.181850444087092	0.236974467068896	0.230907926932623
8260.68482447268	2851.65430833874	7.18154151370688	435723.840748663	708715.612044823	2.82471671512269	0.19187559255298	0.260595273892819	0.253631257119658
9962.68761156502	3088.72557890622	3.17573130453016	772637.276525817	773546.625186653	8.37586409515779	0.178176677894129	0.241693971568043	0.234163160462804
11507.7477028672	2904.07448259271	8.16486821793464	560949.50087923	697191.850329082	3.60806416457165	0.166349147643179	0.223123401035805	0.216215031557579
6093.20194460781	2763.38088559806	2.24079745881431	414860.636184497	700318.802603016	2.98463288068129	0.175721625190798	0.231278895172193	0.232780533739695
8590.94818759238	2919.94284278572	2.95131112197649	521723.782581071	698789.033894753	2.98450416729619	0.177643998440461	0.243592359777919	0.236542538756218
8172.05027563898	2707.72690473221	6.42626449284311	420781.134466416	702479.574613839	3.68018888864125	0.171639032437209	0.227395068183821	0.224776524323208
9388.82083550898	2840.99113995988	6.16113069848219	531805.755842535	657015.906256706	4.63487041773613	0.172928289283738	0.235626070327016	0.235955592029886
6115.44306444782	2710.15953591781	2.2677271577864	424820.563952967	684137.286926442	3.47259640982665	0.174936962412544	0.237317140300438	0.238414445294388
7737.20805211495	2874.41764497281	3.08426737610451	437034.388185826	717454.918468053	2.42860865873659	0.185434684303827	0.249167505852342	0.241261099020387
19439.3181233134	2762.83065355543	17.9702868694678	554534.205636009	650370.745729068	4.73477282576755	0.17589046618707	0.24203214741273	0.240637756294919
37558.1571894514	2820.78972817038	26.0138751777985	1021802.90447761	732408.941338194	16.3121938699509	0.177867909062346	0.234294922306906	0.23274675079398
7346.891905378	2924.89327348064	3.2041072846792	476262.667753277	739098.810432838	2.80285205575226	0.175375096329942	0.223860825847007	0.222602516339199
20319.3709501691	2880.63130062426	19.3319371043072	760465.511344291	668972.542058422	10.2301238052345	0.187011614809517	0.248748689664085	0.240942558950195
8385.91320576085	2825.89709369793	5.51811496572082	557962.24079663	705646.184984512	4.42818418918632	0.172025758483355	0.226549810545134	0.226020963570276
7168.48100280814	2764.40964027232	2.59675068795819	497615.073100005	660888.711143369	5.25008586770149	0.166652173655296	0.222444141475753	0.2182312608645
7913.45394690406	2755.25925341193	5.47040582307449	443726.893116272	669797.971889907	2.91321408446128	0.17400132147218	0.226917810469986	0.226267516148819
11152.8489868558	3059.42952486097	6.96898742125022	676264.900962934	773478.452728168	6.17374607128828	0.172024900328206	0.230581743812479	0.228633092208797
8590.94249883754	2895.16356801778	4.74079169886141	469348.411556786	717782.537244387	3.06840276891944	0.180457251868561	0.242290334829675	0.230153876966024
5994.81519087756	2659.26073358738	2.49773227167047	448200.357026206	684703.754300772	4.12077524143991	0.166027996967135	0.215550119230557	0.216269163144002
6928.09769390047	2733.33638222515	3.0048152385306	403408.949026026	724928.654153724	2.84584570207724	0.169828454898871	0.219074248287116	0.217970645610954
7400.14791173278	2869.98170505542	2.8042418006218	461366.127199059	711928.363021053	2.90440285227154	0.178487355856201	0.24483791054345	0.242741874097137
7670.58548479339	2798.6987324393	3.46683074060848	506237.48730726	709162.684985344	3.10885328734269	0.191334365155458	0.254150655729809	0.244950321024123
6222.42872278093	2789.77682829696	2.06681079382807	385969.185042952	661183.319142497	2.33655986611557	0.172805461377673	0.234291812850907	0.23293224567372
6042.68446129968	2619.02728363675	2.80366684749007	402133.870338152	657092.298871802	3.26882559893	0.184905093114684	0.248145543438541	0.245348453058149
7057.01442437925	2968.89864758063	2.39325426831422	475289.81524475	767232.555528522	2.58375918660358	0.177930632562635	0.234977878193442	0.232120660572672
7364.6321519371	2813.31354945911	3.04396117990748	452195.13235124	699363.247811561	2.75896089095861	0.164228764077966	0.218016501764246	0.218930211489841
7550.43261759675	2782.97901498532	2.79505084825853	436641.023106104	689141.238295412	2.91554419626351	0.167237901366404	0.220586287299706	0.219668395340291
8335.47171675233	2854.4560381557	4.86347624339535	451498.01613377	717168.592903279	2.71866434155818	0.172148789274175	0.2329843729518	0.227855304144751
6418.24863755738	2693.65807562037	2.19882748575526	401573.15299567	643861.437884143	2.7638035414074	0.174938487471357	0.230880220366914	0.229310774031247
6141.80103111424	2804.6318472043	2.15946840196329	457374.432088723	690166.796471466	3.33247052966254	0.167379179209899	0.218690258304644	0.213070149276216
7023.32700147108	2752.17554995845	2.52119226274631	449128.258399795	670844.396902493	3.16021651577008	0.174919933307259	0.231943192259756	0.229828848385786
12691.9813041041	2859.16195713628	7.76971297166727	602190.584976178	723579.390045334	3.93404515621105	0.183330130224514	0.244504333217378	0.234395130954436
7403.83231956811	2798.56270441636	2.5199862888065	510421.374578053	727901.125054641	3.35037569054114	0.169274493607996	0.220028125858557	0.220290694570921
8027.76621528656	2710.61277502386	6.17546245930637	490549.195687198	657825.025584589	4.41528178359102	0.188010558759156	0.246284770284106	0.244329335781079
6643.93670226254	2895.80978860255	2.17296101905222	454937.713317737	694684.45655741	2.70972544543935	0.172210109886548	0.22832333545217	0.228446737406517
7973.62647420557	2786.61397501446	3.610415733067	458501.362830979	712077.003022885	3.3752615349745	0.17151173215685	0.226628598645726	0.219990260096929
7950.08508608706	2948.24444495577	2.70928678234686	497459.478135271	733475.407323948	3.16840224253337	0.18603193623347	0.243953086542189	0.235111044139793
7142.95520359888	2653.42906867878	7.97523292278553	390712.467334438	672702.438104832	2.75109200750535	0.169686940820639	0.220929901246299	0.217654885342329
8208.9903654972	2987.75843729353	3.18837955724188	576768.179123946	715757.54390864	2.95567206879291	0.185840160669554	0.240746296637868	0.242670344225983
5391.0182454867	2623.79975562236	2.49238277448585	372302.518056072	671923.364461419	2.96503648202768	0.165953628078567	0.226211449319975	0.22814378267448
6788.56466945276	2727.97408983248	2.80522006612335	398049.439176282	677485.674565126	2.61033197896596	0.17409744011152	0.235248498235975	0.23320892183322
6372.60185305889	2754.37779242681	2.90068688292548	443529.827012915	692066.035002453	3.21988093310296	0.164615870094126	0.216298325173152	0.209975265676436
6982.11185849072	2719.72691909875	2.47474970875242	395821.032695467	669357.491091221	2.59751956752457	0.175717272583543	0.233792658104481	0.228366406641229
10700.719234784	3109.03799405188	4.61118617011954	598491.263056609	732224.142485987	3.20109252159851	0.159138560924528	0.215809103227241	0.211306145238236
7411.01071099868	2753.44793744724	2.98314999203664	435551.016643341	655329.649584065	2.49670597365411	0.157348135562063	0.206052596683242	0.209691575193809
7466.29330710015	2942.48160059591	2.15897504431502	482760.977796429	706923.537416741	2.70311947291997	0.179912189797632	0.244215567535273	0.23871208786018
7413.76790864617	2829.80511794926	2.85111433637	449993.030711146	695844.327642168	2.81679073305048	0.182033686263694	0.239974081947751	0.23454697446696
9764.72692968138	2867.06643911293	5.62538105997287	524389.943644381	719983.945309702	3.51847650021895	0.166686559957418	0.225978054689833	0.222405481596403
6504.48625923144	2772.8650675223	2.5752060438139	408186.453722796	686855.343585971	2.64653927628611	0.173083405721053	0.230919531914049	0.227163224663755
9951.7194295907	3121.13266467883	3.91077601383839	616382.59833389	806464.722206323	2.98351086674727	0.174851011709611	0.219960252097684	0.221728238805118
9673.00527679897	2863.35851337713	3.41218539608591	531624.639786441	721952.580083348	3.05407746525678	0.176283605487241	0.230152071035737	0.229022996362721
8749.83595917855	2764.50495970473	8.60425187190309	493777.016485175	679226.915587847	3.45208261893211	0.172005691739168	0.233629056132889	0.234202022513219
6725.62532003808	2890.47183584482	2.53572109073934	514028.048901196	755733.822295849	3.41435504428417	0.172911019576362	0.234439796098074	0.226158447968325
6684.86951949924	2869.26604120387	1.87728197549782	462754.818626803	722336.48720094	3.02490427592218	0.170768563498163	0.230417488519673	0.229940663083177
5854.0584874698	2853.28355404447	2.03612024269334	516412.069607376	773336.506498571	4.29461904592647	0.176672179017277	0.234425837640102	0.230826369983554
8560.95260783287	2814.55496558015	2.60026224974381	437865.177869978	664273.235238829	2.25379470088877	0.166398831999584	0.223848057434704	0.22365333573884
6674.27054967132	2706.01203367967	2.45041950222145	385886.717189183	655488.07412257	2.62348514408178	0.172153668956799	0.236551539213362	0.234966371233001
9495.2971946716	2895.62526733236	4.23532072014995	585231.446357614	721913.426384246	3.28587922149207	0.181972074340872	0.245821336768821	0.240950045186255
7281.84267693083	2832.81447847403	3.13632383250332	470171.196373527	691728.968981137	2.86337279561133	0.167129770527508	0.222127145942957	0.222979729694145
7596.1945717526	2866.16273338108	3.37393339170993	456338.54781569	720056.323852501	2.60469586774433	0.175153410083532	0.239568117062393	0.239441257402319
8169.32525257572	2976.32013385033	2.69495063837774	633739.229804512	808270.947557983	4.16323665161768	0.167450056927838	0.218276943834226	0.220060951418665
8097.91297405716	2829.49179364884	2.4422441806882	483837.644770848	679614.357123032	2.72308106435372	0.181192231249387	0.249485472196365	0.244951459725916
8831.82139002456	2905.97208645065	2.49718603558691	499279.709215461	704025.559275443	2.6574511017585	0.163769713746913	0.223036827469525	0.22535148616234
7413.05577345568	2984.10018121042	2.0881310331649	532169.329851412	750074.607259403	2.67127339691353	0.17191516595911	0.2278672746689	0.226203982302668
7553.06822850535	2790.17401825387	3.12989457546939	452203.471733037	671163.554659235	2.70330947644036	0.167691375356342	0.23064481993618	0.230942450586257
5368.01747204017	2691.30635489821	1.85635805365681	408596.433503299	667120.382157208	3.2748893202001	0.169097297163612	0.225354480495151	0.222814600259815
8163.94813791381	2920.4889082479	3.39526545679953	499100.278327055	703526.507046486	3.27321286083358	0.165238932473006	0.222052659054747	0.21526385357671
13127.492347581	2973.06178481432	12.1973935150012	506984.587061068	722626.875766919	2.94718618249507	0.172551510217584	0.237881489157984	0.233797251885637
7560.6379718198	2894.64235554668	2.26351362989346	487063.598722497	712889.431967089	2.48749455073903	0.184006655721073	0.243097178755968	0.244838337598846
6471.39142377726	2807.12909175018	2.01248974776215	455964.196325273	678988.827057145	2.6311208886491	0.191556732809411	0.25631733370881	0.24878844393464
9045.31148225241	2996.54006886252	7.7857831469161	480055.971453523	739629.084921776	3.09498534031801	0.183683002010639	0.245705315900219	0.237679208880899
9011.41740015463	2957.01266663988	3.68292705872344	467975.39793212	750106.996532975	2.63757623882924	0.179799908849335	0.240890093364939	0.231115203418644
6577.16505296388	2762.64500462885	3.67846357873426	458488.599978785	708885.063205713	3.64619741542447	0.181543174761286	0.243550667605945	0.236951235086114
6447.03619686154	2754.42732126446	2.46875964554799	460715.402214062	689877.932909684	3.71742372428598	0.176434695999919	0.234767001466591	0.23124005779807
7574.06930691582	2868.54601066199	3.00535041966541	491244.777426391	719246.816106693	3.74917746892805	0.168893012779345	0.231352226723024	0.239070872534215
7294.91426808838	2752.23703102	3.91837884107773	470096.12228157	761387.636586384	3.64845394255613	0.181757363814022	0.244960093104277	0.239268206278327
9365.67180829971	3028.67424781356	3.98790988759881	523561.946479566	769094.439816102	2.47799061840591	0.168977891157827	0.229228749562328	0.228207915284013
7070.71707939578	2805.7013079052	2.49040964492991	449777.956058861	680982.355591733	2.74010366481215	0.174493633095548	0.233816449413439	0.232977702939739
9123.41302497917	2892.64303131428	9.52700669244619	571523.353377846	725158.521188208	4.5418392992767	0.167130047654592	0.22813141150071	0.227677110329739
7429.05499224369	2718.42549482001	3.08173488402651	421867.571307143	660446.823257328	2.99356005943464	0.180064634123711	0.243601623952199	0.237353030295074
20573.5596571143	2959.48905147082	20.3192915194242	603402.262232267	720466.683306678	5.55680939060846	0.179648659255398	0.241062173145133	0.239499527128034
8243752.03967921	3278.69751094009	32.7223254198116	68928915.1096802	799432.537888505	32.4954955577912	0.176137612202266	0.236897764867023	0.242062732292841
19728.2992149813	2792.10898508223	17.2473572906136	520424.23272069	708665.910008705	4.29122268940546	0.181296566907121	0.245515104168684	0.244077643211702
7172.03565367184	2793.04376774754	2.67978862484101	490317.565324781	693808.461878152	3.95457199156814	0.16462843993079	0.215801603271916	0.215046608230386
6634.11578722767	2858.50627924259	2.34211348831074	457984.005233843	714816.617530794	2.89874169801718	0.165148344523666	0.22032231512886	0.22549924721293
7550.60375141404	2731.99702869163	2.86364359156186	507658.664048808	702718.941219659	4.02475059405242	0.171598613289304	0.233513341432513	0.229841042435366
6404.15008709822	2785.36849009699	2.05848940695323	435135.115316121	695775.101719253	2.6760791158155	0.17187578708751	0.230582288061254	0.228295086051126
7730.88397141462	2950.10170188354	2.97496720582946	468684.928145596	717614.771188377	2.43201336035817	0.18625368212813	0.255199171627218	0.250370996372675
6899.38330475209	2819.04544854801	2.1365136670923	485928.486719296	685696.504480708	3.20466845578737	0.171116720227506	0.230456461628212	0.229342653417119
9604.04838047452	3003.12444619784	2.70525508338466	662643.512334422	721535.423735457	3.82263520281679	0.172502595261338	0.233466563957056	0.231462257710804
7659.7535510253	2914.21185927187	2.32253508645173	506348.620234594	740255.294350122	2.7382389816494	0.173598447339939	0.234328529370187	0.232859439338009
7972.90188977421	2935.6216857676	4.84573921923121	564294.214095604	756370.936991566	5.65991285709879	0.175094516559242	0.237221326751766	0.230515529908861
10286.2146802582	3053.52314326494	3.93253023745731	885468.761312542	761999.031568255	12.9253217499647	0.175865235090313	0.237101724815003	0.231409980185478
8603.53494280941	3039.78701562346	2.49518389058866	597366.987199125	721409.186931765	4.46788476934857	0.172016829685927	0.23768111971351	0.235860719411921
8492.39819412954	3120.83621178234	4.46555642543746	512720.256865147	756295.76345967	3.56004732059453	0.178513508682192	0.245607576716255	0.240435580851878
8501.72923955929	2939.03349528437	3.60288396920154	534376.331542769	730870.708885706	3.11912075305587	0.174309553133522	0.238537426402478	0.236738584216849
7915.54078037826	2966.00450078914	3.70501125807314	502485.12706364	726859.98618619	3.04144696767761	0.182732931318422	0.246734672118205	0.244021759472783
7262.55924702771	2851.6602252268	2.94812389006297	496074.55204087	702633.732252644	2.99798295681918	0.176435175082641	0.237429973851466	0.23155188785349
13494.3091849891	2898.28707189354	10.343599767948	542119.473335202	684873.382622764	3.18943290845828	0.175738685647362	0.230443558340246	0.225570121953561
7414.10484938197	3008.25102638958	2.25263393519552	474328.961668207	736089.545329877	2.23793919819922	0.173837868086336	0.22590458746663	0.224167074834742
6085.34345784596	2784.1782129546	2.21718262413725	504190.540435089	709894.351277921	4.12341741690306	0.182599943170299	0.251627871767289	0.246268179159704
7414.81328468913	2895.94298023353	2.50320026856896	484428.501530018	721467.324949962	2.69129832341119	0.169398685092895	0.224903311429518	0.219961308559503
9439.0577221372	2987.90067571531	4.69826951487924	526984.833192293	741357.554630775	2.60682017177017	0.176431026231052	0.23702233628146	0.232220475312152
7357.82406275943	2815.45137233463	2.84451013276208	504111.360134477	707587.946867526	3.64470841725845	0.173516465421105	0.234651333695303	0.235066225081983
7261.6683597609	2803.10593981915	2.4744192476825	489441.18669051	689798.804388944	3.24835147253067	0.179734856605737	0.248782991928203	0.243595050000091
7135.60376068993	2942.8770590699	2.6581107725017	513824.868144848	780491.429646004	4.58708050284253	0.177071356474573	0.234288350173738	0.232972310859081
8266.14384169892	2992.07825418338	2.39816519517542	494251.115341916	712579.780049937	2.6626769385686	0.184053859573985	0.252273755494161	0.245521036654856
6807.34666653091	2901.13343834693	2.21517048468313	434765.212212031	711595.218023315	2.68262033957808	0.168699378146428	0.227315049077437	0.221366383770192
8119.0410559565	2974.75336627909	2.45597982740363	531385.855709562	756352.56096466	3.44383826115026	0.171885522684488	0.228098036859089	0.223887826045309
7178.03804835294	2866.29972826117	2.22141113474468	479664.871191654	673698.67133233	2.59037723308878	0.179351259814903	0.246152331683366	0.245032578496208
27283.2296579219	3013.45760688782	16.1212114610779	600170.112354486	753703.982353033	5.23575563640182	0.168758644164472	0.219949689668814	0.219283283518307
7510.16504150801	3051.48305669182	2.31544870313434	522607.033896339	784247.243111582	2.57646565876331	0.173137965968573	0.234084571485828	0.225883623225986
7674.84997315545	2948.28576852934	2.13238883643551	493366.432006386	714042.603992227	2.61958345485596	0.178504874632846	0.230847921491314	0.230552402162963
7868.07568054924	2736.43320928516	6.19432947071829	432606.704280613	658505.431587994	3.04936797022336	0.182700833445856	0.244557199210991	0.243174063240459
6652.5425064903	2854.37824032852	2.32738478935676	458799.589951251	704983.862277712	3.00018157878002	0.18835758836283	0.256406020105866	0.250273805536032
9129.46080866115	2883.15190639495	3.65207966124318	485094.691079226	684966.598390386	3.0297230435725	0.184393961175586	0.243632767827427	0.234120905441628
6067.04324750059	2740.19821538612	2.06615326109838	430200.730723088	667702.239369311	3.6137772870524	0.1735790126733	0.234434554799425	0.231397491118476
7403.88151958642	2861.07001262497	2.68117340008862	425601.608976034	711058.276123859	2.65100193170093	0.173952721397191	0.231447469434604	0.227302985625848
7702.05921824085	2882.45101446249	2.032807123496	492712.375793125	672630.609720522	2.49830934099013	0.186097008670741	0.252190377553325	0.245434397635515
8344.06104886869	2989.70552737073	2.81755043617301	503888.518206519	729020.11883472	2.75601697448378	0.16801341702794	0.231013431677878	0.22340920406266
6546.19130456445	2867.19929903951	2.10710803241793	462630.375542521	711798.801436767	2.53292952230286	0.176964669105889	0.238366784123419	0.236262137582222
7442.6617006464	2699.48993548309	2.95119463713087	434890.880855394	656276.187115061	2.99652169481683	0.186156688079274	0.242387779676275	0.241255562043385
6787.76288946944	2666.40861060259	3.29953752595572	391155.38915888	651551.988732433	3.13564414350553	0.175414954341589	0.241705993513033	0.237156059226711
8827.11151798174	2956.31622691763	3.83866779757084	556577.956983345	736309.836052082	2.95427814854102	0.169081477439281	0.224398611146192	0.225232510213629
7617.46183161188	2813.03641062952	4.37713863888398	496338.413247381	708870.591956971	3.89428322991053	0.186053593045815	0.251595044935284	0.247550063813205
9376.70068350034	2770.98839608446	8.6277605408533	457405.625265313	683778.529209077	2.84120411144754	0.17037511344521	0.227314486619068	0.224444980696855
8642.45736617097	3076.39209838572	4.76083367192171	537385.215902639	797973.500942341	2.60226166761928	0.171673201433955	0.230831106799634	0.226623470254474
11626.1424826684	3043.25999958646	5.88554646310795	663988.603290688	691158.323891286	4.01369696761621	0.174506986919728	0.231563934106965	0.230029561354519
6979.28405143144	2851.90354960127	2.14319448531785	495573.513602406	689878.229743733	2.77282156118638	0.180262088712833	0.243006977537634	0.238443369353349
8164.06338350951	2772.75018750094	3.13626881105616	471770.256081774	677869.728258357	2.84270498790239	0.176745859327831	0.233146137021594	0.229149438615566
6903.48797450065	2578.64576059515	3.29718160734987	409803.214219576	646203.139905438	3.27096786970887	0.179317042626407	0.240304307201342	0.233753430892859
7443.09303107981	2743.94078827531	3.62917264411625	433137.048367111	677499.273783621	2.74876787318584	0.174787496695192	0.236165853267641	0.231773433180946
8007.6171333383	2896.78013050844	2.6318168242059	467261.182458763	697492.882663391	2.39381982850637	0.181028135130378	0.245567262849693	0.238601719235735
9663.07791184987	2782.78561284105	5.03754117605384	497119.573417836	700380.635480765	3.07091965555113	0.174207052703013	0.229371522899785	0.227042246274928
6965.26013423586	2731.90641073534	2.79395741200233	460657.392027699	651062.950552038	3.21750578672598	0.185237949200875	0.244724892045973	0.236338854850414
7937.53643687317	2891.26111865101	2.2935454659995	486185.1900298	722032.365803849	2.43422002049069	0.161210071750852	0.216750153409839	0.21841788180287
6919.68471786902	2778.40924203183	2.36512170192106	500480.525465963	729728.641146691	3.57887197877198	0.17660326292743	0.233275764835583	0.23122408516884
9284.88071784579	2965.30600746807	3.26772074852147	516791.520973439	693819.526687328	2.44815177502967	0.172840476252793	0.232149695549599	0.232616145879234
7033.31642887076	2923.15548468306	2.1188366959664	501703.126145184	715212.257139596	2.48501802772354	0.180824952678731	0.244907574438948	0.242326192869764
6059.33944389836	2604.02183578634	2.78167336448982	387738.15732303	674956.105339467	2.93885293464647	0.177960666392404	0.231955823181092	0.228652637185487
6286.79491578373	3069.37183020343	1.83177933206533	490542.151743219	782164.523878477	2.68078311832357	0.178730034827268	0.24106328386496	0.23872411241519
7902.67160745744	2797.50716532694	2.93311073752875	473064.342791796	689661.115522664	3.1462131616033	0.174609917367032	0.229866372760043	0.231114069853278
8668.97158564185	2861.57061904779	3.06542184754018	532715.023796519	705552.283560547	2.89278782385805	0.182289608841809	0.231560551025356	0.22634473960629
7179.59053439158	2915.86564797786	2.43069731195812	445369.778016925	715345.930705925	2.5853835713441	0.189961913237053	0.247119255430608	0.247714487541702
6376.36142327392	2834.37937060062	2.06794348611997	419823.112026719	718089.393908724	2.57437313079443	0.175822393354573	0.23495328253799	0.233791340798712
7246.56558452183	2848.57167368465	2.23503527813127	486727.591270591	700218.067331286	3.32809854356498	0.173166837520592	0.228153343771248	0.227265543079942
6715.07901258899	2690.27275450755	2.28974769676218	427725.742486114	693433.404074329	3.11616407622988	0.176890665141285	0.240025917321029	0.234467788726488
8192.60926073355	2827.78078880981	2.79033245854889	489659.735641923	714229.585760894	3.22281481447935	0.186516053669702	0.252567799276693	0.244137142437283
8117.246452701	2944.46610247169	3.43217849890426	528550.791759829	702921.480314157	2.96899785945242	0.179345497973938	0.236205720103185	0.229665326740931
9106.30577529187	2892.17580579858	2.81733293625169	510671.211229251	705095.246336411	2.67084781399827	0.168731535049046	0.224368696606757	0.226325968795711
6537.9292444484	2755.18466750716	2.15404209445463	435595.459646011	715548.986471888	4.10317202983878	0.175228312302115	0.232704014059387	0.234690245700189
6400.75244927291	2855.98266967529	2.17337875355501	443102.577308184	736418.779016038	3.11013524852164	0.175335619728762	0.231340211463299	0.223300637195078
9216.43479498487	3087.78166490629	2.79056312648441	564350.580310033	777073.065319026	2.8189643229102	0.159453365214014	0.219034183327267	0.218612362881618
6849.56260378741	2603.69199541694	3.16906830746927	369016.518482259	629611.616705751	2.64343354238861	0.17874086333804	0.243701746091814	0.237461696692163
7499.51683270715	2958.92861125093	2.28889626442347	484338.927083342	728728.362479624	2.67752367054811	0.178381044830063	0.240408656457568	0.234042134964731
7012.04233064642	2805.22979401338	2.78486088451147	472648.889598027	707538.899032538	2.92289521932312	0.169421560293882	0.231037467669962	0.231047137233435
6545.02630243441	2855.63291119277	2.30960244170252	449184.18176411	736993.470046574	2.58464314961565	0.172574124049958	0.232404008539247	0.232474795871815
7521.91368622731	2874.82265987444	5.44516508076044	501966.194416599	748705.292140438	2.9246923183507	0.17313295013565	0.230568348593214	0.227565130379935
6339.7020534183	2736.56087740972	2.23715438250087	460049.387465813	708151.013610039	2.78273638640747	0.178340962835903	0.234732081844297	0.235110404274591
9241.97495365119	2787.43114122993	8.17302169869312	458326.70204944	705719.849029121	3.17397771238467	0.162931614746181	0.22067093601716	0.227741906809687
6832.11895501015	2785.60707970521	2.90088572346998	421931.675205673	687917.881466811	2.77993892790261	0.173591122833156	0.238351305753966	0.234412063412642
8014.8929407437	3077.47525629048	2.63558706583296	587163.022537771	767605.476539593	3.62656919178508	0.165631722564205	0.225131048478347	0.222915612117323
9283.31658516447	3086.100467122	3.12722071436861	557627.362535275	733336.88408763	2.80968680363494	0.181728159332716	0.241475709364327	0.23209362576555
7936.23529599464	2889.2179258296	2.66303663829839	459619.262401364	709824.966673218	2.6059355636853	0.177707824079324	0.240958598827529	0.23852197767834
7817.03670776036	3037.06856375641	2.32154066149402	580149.100037372	747104.04872702	3.16949823104816	0.16785720796127	0.228202770698363	0.226916473961175
7772.60138579007	2805.14593580295	3.0537964463562	550992.829809586	699085.037020957	3.64475587555652	0.174079456870229	0.233729865072712	0.226289247794599
6397.04730984206	2792.6803290155	2.53979210581234	463678.576577017	689875.553710694	4.28349847467046	0.176546173502478	0.238519902261051	0.235411142836792
8011.03800344855	3023.04796972345	2.83154163065889	495336.14490619	755177.091786036	2.43582346790719	0.169321109375679	0.224735442600856	0.220660413924744
6377.90553603788	2791.45212967574	2.33956417241315	442670.45985559	720912.057103547	2.77723220778822	0.173746808114975	0.2289955488455	0.229372014589937
10273.0679438555	2898.88461061047	3.48175324852323	515539.615104347	756338.563562993	4.31410147319176	0.171758223886618	0.233335733836587	0.231428518243188
8666.88734326813	3057.4379415891	2.48033263887206	533880.160132125	760378.336441434	2.43153271563675	0.178805536276668	0.235059257848795	0.233235073552743
6315.00505136344	2839.64478688735	2.58500952552881	476950.25372599	746329.419416579	3.20208273561711	0.172218527145787	0.231439303621431	0.227385486713898
7556.37986267569	3011.47117380498	2.24498962687489	480822.248966782	758249.744644423	2.49432231476268	0.179323108600299	0.244016396571816	0.239083868342686
6877.21389760827	2720.72165071155	2.5328947948389	442785.782708434	715324.815958163	3.08072313587945	0.171131643477656	0.227988753059292	0.224036349926568
6603.30472698944	2788.40860063372	2.73478426000031	457793.408952042	700779.772360905	2.6945886800126	0.195552482896748	0.261064131123145	0.253672317547026
6253.23488527737	2687.57555774423	2.27624488544107	411368.728879752	657330.78030875	2.80433338480504	0.1648489613032	0.217164122219706	0.216272576604295
5858.80851332071	2654.4601597694	2.41963024056015	408891.802546026	655101.538134468	3.08287700618343	0.164082222215081	0.213677274437236	0.215869599892957
8131.56243833393	2929.71740643788	3.00386512728251	609112.699807124	738144.699492633	6.0017930500944	0.179749822147972	0.23985409279932	0.235068168235805
10209.5270644193	3151.41800395899	2.57502197137194	706973.979279735	793274.009715028	3.45080487065906	0.17306565481497	0.238122847143217	0.234030484236685
6862.62961490548	2829.52392727869	2.13505474156322	470602.905076196	693694.045791309	3.49428325047502	0.171910755254508	0.221864078624231	0.217666932841858
6851.82023107297	2793.64354418518	3.55996846655732	432488.873075547	718347.252113013	2.65140609893922	0.176889891064254	0.226538338346359	0.22592886054954
8048.95500365452	2954.97685868816	2.88365190312229	556504.598335266	699164.307319727	3.05795237881776	0.179489785739117	0.235144713019474	0.236537460449286
8737.82048798895	2874.90875629485	2.5897602358609	515687.747691158	714996.22686018	2.84266135292184	0.182898596292339	0.243119794661134	0.239393758428216
7894.17694414722	2670.7332401068	3.73871009481073	425895.81037964	678701.212918153	3.97946299703396	0.167604121118328	0.22767661955102	0.224320683079172
10236.8085757641	2917.04609320062	3.51931518218596	631588.525857306	772807.937447086	4.13535950189924	0.172319775497297	0.221177698119784	0.21873072903983
10969.3084960895	3117.89630810597	4.39625587272955	648403.755559431	758624.172669147	3.39696610732803	0.178802385112383	0.235134158230803	0.229108506585578
6416.58340334396	2902.30057910958	2.41808358269295	515297.220572288	783861.679686869	4.45710308624454	0.176602339341229	0.235101630217566	0.234376003547306
15645.8267749508	3000.61913624287	13.8557476938817	653213.937969287	787539.939114013	5.88978471557426	0.175704669891594	0.23329441521442	0.228800052493731
9097.83245462174	2957.12497150417	3.64566044104307	530532.95531207	749553.764884531	3.44221734106314	0.179361454668129	0.244063791599459	0.235057168007653
17387.5269653802	2769.43910171884	18.6237097461716	579210.560838091	724244.848903839	8.07045056133829	0.174676102391931	0.237202370891675	0.231559272706174
7014.61345325508	2872.93173049835	2.61199695114375	458099.416676236	727143.513432998	2.61604955582427	0.181866931163941	0.240340588681902	0.235772065969288
7694.65303415992	2915.51030000731	2.2573437711022	537752.580973252	700391.966263045	2.89429861448268	0.180290797898315	0.237130064381966	0.235153395586209
7581.70377873942	2821.15880655556	2.39585195334382	595156.246731931	684590.371163965	7.16944467886587	0.176080388438672	0.236335472504115	0.231155695365739
8178.91290747199	3047.87022954992	2.13571183598184	593899.411256061	750652.45009192	4.05846920443334	0.183167542295897	0.250001827983652	0.248714173350646
6965.71793160368	2804.086107076	2.28264588771181	438539.847305533	680496.030037227	2.75314276514743	0.174172483788334	0.227089509239193	0.225133164530859
9142.36472247963	3012.8037671111	3.98822633452768	524331.8838598	693258.118399574	2.66982864339047	0.175823308331395	0.229528842602952	0.225901874821731
8362.80560999905	2925.40676880531	4.00541347596351	488279.792297761	756940.105356325	3.23168521342835	0.184570570563283	0.246509669561876	0.238945260168415
6867.24778356337	3070.0321390087	1.96034686872021	530996.890377548	751608.188954653	3.01622609579758	0.178645179152655	0.244358217922972	0.241057460211044
7780.98032389146	2906.2662134947	2.78867526343439	498864.708301141	745005.714160963	2.96804341300879	0.154368216445679	0.208920618936393	0.212505427335912
8116.8318069612	2943.25709518058	3.77371335857952	507213.025205087	723058.095060412	2.54203900178665	0.195515830262159	0.260942339579181	0.259838515713416
2675712.56393803	3136.33166492668	32.0637622319639	7496840.73892948	769496.611226933	30.2088479974533	0.179105256629024	0.238556533869298	0.243058775611696
7074.05191847955	2840.15653983915	3.58933585307936	437873.300041959	704871.427822745	2.4818859640862	0.17717734733213	0.242467709279136	0.242897673763387
5734.30116442161	2568.68301789854	2.22834576533851	403332.969334775	633924.240522992	3.5911485450992	0.180580277072338	0.245757996019859	0.240902651849826
7385.49369919957	2765.36841653763	3.18821352294465	448584.596178383	702537.561411472	3.10996188485397	0.172671745768335	0.231910566079296	0.233770165095952
6969.01847888846	2747.45579382688	2.73790135433547	485330.105337065	701917.875057847	3.58763357859563	0.158034938411942	0.218090776726083	0.219696494545801
7461.91504558934	2813.44650702117	3.04713751507615	745000.768297857	747534.895779644	11.6101972242661	0.174157110507074	0.233450884653526	0.231596135128092
5888.1102286463	2721.35721539663	3.52570251115599	410395.923231387	710193.806555276	3.04412843462272	0.165769967163013	0.224324675543335	0.219905377835106
7251.04532369631	2746.79874593783	3.33263706149716	500653.526925461	724942.464773516	3.78788291976749	0.179494382967941	0.240227895288507	0.235097608086996
6770.22491315174	2762.9500549913	2.08400494592894	494861.278285328	685168.9560874	3.61324829756251	0.173519406242002	0.236385273265712	0.23443186128834
6618.44397100415	2723.55458782796	2.56634002135655	449342.985792557	649972.886288538	2.92264053567204	0.173510641772219	0.234926523227756	0.232252673381995
7280.52289966989	2844.2513947865	2.9792095158888	456178.972344179	708929.159881987	3.60641232141512	0.175576166889156	0.232943147497952	0.231190488588335
7408.69582695857	2769.48374520992	2.40169397647198	455959.78137537	685059.685276184	3.06774855837318	0.173628210419606	0.235489846247933	0.233510905038941
7077.72931226711	2870.8693778799	2.55156354535598	468194.030053914	691889.342094323	2.46481477752368	0.180338976411613	0.243385822560504	0.243408254677138
10644.5740677863	2967.59003705444	5.91848178428124	576430.095015461	769362.110616939	2.75980081704056	0.172496388191446	0.234326403512281	0.227701043029623
6843.17750005577	2722.02256542923	2.56586346296341	528116.603835571	711291.262759864	4.96598743098979	0.163281681901128	0.217451476887541	0.22044873974238
11779.286478849	2805.53187980097	10.4016660034127	454254.780105359	686747.252405654	2.88405233241391	0.183292412032063	0.238986149113941	0.235552654243159
11688.0553247263	3036.59406772979	3.91377626854373	578286.601803144	745526.600224274	2.76500827139624	0.172687340785712	0.23218656231542	0.226308623491537
6579.06982764061	2899.91720861185	2.13658746585785	508302.168950366	732602.347685306	4.99333433066386	0.174772368801303	0.241156205567762	0.239673229906684
7068.18050693034	2642.78385925093	2.82267105206295	460818.333904127	688660.086228577	4.09632594010066	0.175680353837622	0.237598496827153	0.235853423509773
7677.21273359301	2845.81373065241	3.06328517256508	489111.774110087	706517.393919654	2.85505157110799	0.179072221011558	0.242845558699052	0.240175862559336
7346.71940379075	2850.18549884444	4.88660488204351	455872.309970237	718072.042971372	3.14902066451595	0.180557505536985	0.243262338312811	0.238102781432429
7173.87863217352	2791.54686926441	2.19483390282203	446750.479526434	655228.608511213	2.76686940662882	0.163973217774475	0.224139865833947	0.220882028170879
8711.71656295477	2727.68653175658	5.92804785591209	453619.682657002	724651.671427226	3.6192183260428	0.172589848015817	0.233471121360502	0.229407471078995
6297.56039167623	2846.11964344242	1.90210972829116	479584.374180816	693895.637357997	3.59406484737718	0.17889761576148	0.243687078006908	0.235353930626465
7358.42968253367	2818.67715578384	2.48146523011701	496614.540530037	688248.829400632	3.16534106466203	0.173175317598704	0.232395288366694	0.22840504880448
6232.25053042192	2802.87007485203	2.74658774424232	450265.490936937	698609.476621056	2.99353516051141	0.178978740733125	0.243693704170332	0.239619874484533
10746.4919252748	3008.451478789	3.79803652744595	707029.445284185	716989.099488634	6.54090665118042	0.170125423813332	0.2264966807339	0.223906101890679
7273.45104305309	2806.26148965649	2.58185152153417	471961.945508629	702890.775984303	3.1968824422472	0.17537161664812	0.237195046713104	0.23206905496239
7591.42214358383	2869.53200762017	2.89473239620178	493293.919805727	691079.542602093	3.64699688611307	0.151405424835651	0.206779793710415	0.207837540622874
8381.89659525693	2983.91406300382	3.26397922573436	538134.048996139	769623.918314314	3.73729248234733	0.17893367349723	0.22867818964409	0.224934880936645
9540.49392365964	2610.90234043157	6.51606311062218	421189.711463654	645666.785226871	3.76598018286433	0.171754069122709	0.233248988268689	0.230608358724934
7773.88874473831	2839.48784772948	2.03070116209649	477504.511304357	678648.304384894	2.53615493311701	0.175693625730608	0.236180443862507	0.233828396670872
8223.7308153763	2742.67538209225	4.56424953395793	473474.942571428	716603.406073393	3.65235639865687	0.17513690013929	0.23604251981081	0.234032077650809
9139.7401394268	2910.15971738513	3.74565617013963	558273.84096499	738234.436398958	2.69718698166822	0.165458238363673	0.221313975406378	0.223651512113692
7941.12418297857	3050.65651765856	2.55825909978862	559396.095118071	784961.680027324	3.13905537872377	0.178097257535814	0.241063978875964	0.241387180248447
8285.87544943565	2977.30599935771	2.42802393258838	476921.437331145	712270.393299975	2.41911035366539	0.177282328547538	0.23319336930235	0.227066169573254
8360.19737104521	2740.55711280868	5.03168621522844	438448.399169658	665483.91843537	2.65268470415104	0.182749676743385	0.238429287709157	0.228861278575225
6226.20556438394	2703.20759835201	2.43220704528583	402832.157251546	657855.469925838	2.70302556317403	0.176153273202337	0.236501471862282	0.23149263768008
11271.9828739234	2952.98937741022	5.51406897656408	521138.464740916	691009.009694968	2.58097784734947	0.172821669663479	0.234896147668156	0.233068675933194
10790.8212355976	2865.91395763323	6.81656440645187	509838.875538998	721320.174356084	2.87158162383778	0.175086887068624	0.236424669206426	0.229636150711006
7487.18421703841	2986.01984195303	2.60239487518815	525910.170510572	793175.100168431	3.37072375170673	0.173320467908795	0.23064614301151	0.230071655059129
7642.72032029048	2817.77982935475	3.35928245312911	470365.73895495	710780.508835066	2.77716954981472	0.170087265651319	0.230451110941981	0.230681206174954
7859.69663104085	2957.32386489703	7.88328942875757	503483.438284835	756598.27105773	3.50424308002655	0.179132669215662	0.246192677990775	0.241368405988516
7731.73119943347	2761.909316898	3.03487487885729	449615.522427953	692237.134397947	3.03163230581947	0.178081126922273	0.242299627176371	0.236417179177088
7271.09472299005	3001.47658336587	2.65425961450427	541520.97041613	758339.130040104	2.90656507508507	0.174483215848188	0.232034900143298	0.229326727658956
6163.12234652095	2734.25547388231	2.1073501777932	446829.425749705	727175.83656	3.05913952822212	0.170979707114173	0.225641384989257	0.225751905700798
7943.00499217745	2681.43319051682	6.6178530211257	444783.737165335	660971.830504729	3.64485447125461	0.179933551000583	0.244057036248998	0.237047824866507
7587.89593718491	2733.05308992793	2.93124334264103	480120.605153934	689487.431809191	3.22313990705793	0.169711685065747	0.228622923361985	0.228576773327881
8249.26280471857	2878.29360189453	2.87146455304865	459834.442766062	701257.130561702	2.4595371475307	0.169948039378744	0.227901884426426	0.226227155696227
7261.59451312212	2806.92196618374	2.34381989933666	451253.77280841	699040.371409687	2.58466405401778	0.162392895262341	0.221232873640837	0.217849636918721
7082.39594737531	2810.23888907557	2.46304892856874	415957.514344322	700524.728691964	2.66387119822859	0.179748535530599	0.247538884294427	0.24108778998149
6817.20438330484	2784.31800181364	2.82954599477962	519655.802512151	714276.496180571	3.83042737334165	0.188479505715871	0.239683475845941	0.23752406440231
7475.13146399805	2969.46367487068	2.32848832865059	490600.109858478	712767.387787155	2.53978651766152	0.175403311924418	0.2403675202824	0.235522191749798
7358.18023097852	2885.98302674597	2.29297187755367	498205.590674625	712201.569906813	2.88265699778998	0.166586172047376	0.215952855208863	0.218210272843118
6549.7920942399	2827.29091078634	2.43756472556852	442373.23377463	713142.242929331	2.99074044666432	0.169312901274791	0.230041434388213	0.233835520339633
7163.80075717879	2964.53907793694	1.98724468588186	519772.670316384	744300.08581438	3.05463349261905	0.174577242295296	0.231118246323406	0.230864988084662
7277.55634897147	2793.47087738847	2.72640133132499	454947.183688615	705790.06005226	2.78232072435478	0.180291917714405	0.240692544632959	0.23616616764548
8092.39205524076	2900.47762519264	2.6858275908889	490085.34854372	691934.34445039	2.70680114238866	0.187774556150533	0.253260762655202	0.254101863724674
6663.09838617052	2709.23666173984	2.39876256804758	503083.882734596	671877.78022029	4.01648034280048	0.16316693295088	0.219953847025102	0.219519579928765
7428.77025955083	2924.86736066625	2.50750563882847	504327.789351396	743098.387343035	2.91432048812795	0.171442970386871	0.235334596084653	0.235731778130227
8112.43047454635	2698.85256008425	3.20450379532382	457767.604254136	697513.92128937	3.00622118341413	0.175661488888939	0.23421369013609	0.231418564556093
9092.10874764588	2851.69723006418	3.43397016039224	484753.366224116	735570.971630014	2.85255470800803	0.166786694033618	0.221382891013599	0.219856324761483
6725.40577863532	2911.93823856529	2.42489714591616	447457.220756914	711831.253783049	2.47383564789276	0.171773052394204	0.230851495519186	0.225775677952604
6270.19323012148	2751.4388443055	2.2749778784063	458848.774909897	651448.193599589	2.97856709454134	0.179700936321966	0.242500497896723	0.236034032232557
8227.40075480034	3056.50964701349	2.41385056977891	549749.105231096	784712.480319699	3.06509191371261	0.172073210004714	0.228832986020943	0.231193147700895
8056.96634929569	3083.34551764335	3.02570172855276	500521.753000617	758754.27427732	2.48282667915185	0.169601355938335	0.230695027921968	0.226572848768672
8231.92411803407	2742.32683377447	8.18271928665764	466254.407433654	667585.729514913	3.50111340851645	0.164298609372938	0.223009376208349	0.226473132516295
8697.06275287676	2908.27988274668	3.01562149021903	499606.767342081	701583.076610809	2.70085246562317	0.177414981406909	0.228745864390325	0.228563823332567
6991.66384771039	2767.27761352042	2.89011541375453	483494.808598688	704899.417081418	4.09580761112276	0.173819028124076	0.230218389827746	0.228930375785528
11648.9871540222	2692.0553725269	10.653090774283	511683.711487414	645696.433471928	4.03121584180058	0.180486285955712	0.240654857214069	0.234925072295062
9212.43629300221	2986.75252791424	2.85083466288621	517809.446415132	711650.936294434	2.6128917778375	0.178085018802584	0.239990036567646	0.235955288650258
6964.16735673106	2795.63114279678	2.54662318771233	439108.56653702	699008.936821865	3.12722975616441	0.174623559671011	0.223858156849408	0.220498950164743
8945.67125208323	2933.5526432445	3.44403564655421	530610.044112719	680627.867089033	3.02289093139775	0.180272583259108	0.241129589898112	0.232030528628333
10043.7985542117	3017.12166568543	3.66150864944975	509286.897609644	749110.220976659	2.59686082811483	0.1707067416662	0.231739955856333	0.22733425187271
7516.10659152029	2915.91383916492	2.44945867593274	476682.222561425	697642.475292116	2.71450892417953	0.180156510136096	0.242097245210711	0.237536299668826
7699.89729419511	2785.02340415933	3.44605398427372	566327.878896705	699106.833185413	5.35997670027436	0.178160488692551	0.238718329611004	0.236601831242556
6578.85549363577	2808.5709262108	2.73641166854555	421009.878543316	694789.940877838	2.86339486439514	0.176659578794948	0.241381435851038	0.235296961661194
7744.67302769487	3127.51382445899	2.55089779664926	679360.497442976	788227.352292311	4.57955111601862	0.183880185535436	0.243890189379013	0.238586187218698
8461.14948466765	2888.95691822998	3.1282036346513	513525.409204965	677395.322450247	3.15330380070369	0.186806611287589	0.249117384029306	0.242646423943958
7413.8796934301	2976.36518088837	2.23220097341395	517072.952178276	726153.496017371	2.81090839648616	0.173780530787657	0.232817693893516	0.230406467135079
8612.96322150396	2977.40067768907	2.57486270845085	530985.722678606	726646.693148498	2.89973808347066	0.176927202152496	0.234097063132393	0.230984524515257
7178.65831419209	2850.02427082008	2.74999071141738	551092.47582648	713528.401227165	4.637411164529	0.182124363541242	0.244730281561417	0.243514262304007
7749.0458236621	3011.32928561602	3.06881613189003	605108.802872666	752289.177129968	6.11088187193624	0.187626571701505	0.248985349525167	0.242636481022431
8596.0533126553	2893.66077233231	5.29056586632292	494094.414923503	740673.864325222	3.09930570583124	0.184102191481077	0.245309342786	0.241716737130357
8199.04440509968	2905.68783943161	3.00342093491006	458435.794698703	705811.135583041	2.49028646307106	0.17681348117832	0.230558386592963	0.227725494492364
7974.09960675863	2900.7899935028	2.66874469901477	474923.66860803	711324.845439398	2.64053694957869	0.1745332594197	0.231868982446046	0.229243861558345
6562.34081497109	2863.69850261903	1.92359033746598	475372.166402254	741749.208420476	3.52358791292026	0.183369911938282	0.237560528716639	0.23268142002423
8216.34272108727	2965.58730703535	2.62875953057692	516729.470236362	714793.112604597	2.5759041236474	0.173780017368558	0.230875531795693	0.227491844330321
7148.18534155367	2735.03279707302	2.77432817663013	449479.020993296	693832.191486261	3.70895801073304	0.174192737301945	0.226122258582787	0.225563013390223
7312.23190961994	2962.33546002981	2.25207572906877	554843.236801482	775952.355943928	3.66236301190108	0.173516897198207	0.232109401843097	0.230851940782108
10706.9040733578	2750.22123305589	15.6209121985724	469393.224479734	701594.0273159	5.12675580971007	0.174527549548165	0.232547191949617	0.229357811017755
8412.30654564858	2693.88276240805	5.60910471335052	405637.056951525	672694.960203524	2.85677125614791	0.176682958194341	0.236922987493247	0.232374282015811
8510.073741525	2914.12659967906	3.26318856601655	509258.05924045	706891.938886986	2.64375112099138	0.162768497499689	0.218675212215498	0.21722267308247
6377.63509032585	2733.71025110736	2.66337366751352	409004.756569863	670584.104403932	2.91825896212233	0.171252881495385	0.230410710314126	0.229377752231853
10534.7849264076	2998.16357257681	8.90358603080168	641463.035192172	757820.35853509	4.55363979428602	0.169548296151706	0.224196233009955	0.22648476694351
7883.98856205585	2808.43116948824	6.7592248473845	450353.397874696	705833.915704632	3.46211256640921	0.167972243687198	0.222962248589194	0.221076837705832
10292.3993439127	2881.01502265457	7.21730998446874	494989.034598715	688251.107923346	3.44797012192141	0.165922880992279	0.225141139560685	0.227579608420824
8000.09519030161	2908.88853685648	2.83476068426977	442693.70572963	693527.08205072	2.44745302519597	0.186336358760747	0.244310669966221	0.235956622669349
6614.86951591172	2806.17181450616	2.17326697019648	441292.618650609	716948.841566803	2.65649430994045	0.17251776536225	0.230765345421484	0.228481678899905
8249.34680442455	2951.65862503008	3.12966229398041	481750.158852724	714780.364961819	2.53774526746885	0.177641913213776	0.238930506557115	0.237410461748889
9526.47656743044	3177.7272274488	4.43353369840025	626918.397875068	787988.104373715	3.29523637393099	0.17684830358235	0.239461303106468	0.236132854119101
5878.06372134919	2698.93910178115	2.3504949595146	441516.405412582	676397.932677728	3.23573327740689	0.180243852000643	0.245485502215985	0.240311724546155
5493.66219554092	2668.86989676483	1.86120844648509	433591.246613213	701821.926077227	4.03785647176084	0.178114104063632	0.238394187037593	0.232224765805062
9326.11298591911	3028.8121629627	6.45782547423469	533053.65232938	733629.973065958	3.32742193083325	0.180172004949601	0.244045505398163	0.23811065458336
6495.94626661758	2757.02059925219	2.22153603964674	432257.975636249	707614.069793287	2.72489969710697	0.184000538463016	0.237704925901	0.236884393380307
13329.8177431169	3184.84784739268	8.74986233683436	685978.662841875	787004.113087241	3.10081852133639	0.179789502647537	0.241675327443491	0.239914891737655
6763.93124976661	2675.37156901051	3.2425459885508	406909.689469513	674490.716911552	2.89185454221565	0.182102369727601	0.237021397825103	0.236343964021492
7201.83522431358	2807.60977221912	4.21050203061684	444975.751368399	712873.472560318	2.64276367118275	0.170862690010583	0.23108874483897	0.225109116266577
6305.00137244994	2823.19845849554	2.13835566538631	419297.999072393	711514.812111201	2.52089955834847	0.172224891949553	0.233514792793592	0.233277409536214
8284.21383714581	2911.81626324031	2.86695010317013	524007.55727174	706094.764557637	3.01998401700298	0.177025249650175	0.231837712453204	0.227441462173014
6062.28485055231	2909.03607130675	2.08528361655305	465736.872312507	732529.059009522	3.33937131362462	0.179971332823768	0.24077728527015	0.239058647330885
7564.88460134492	2756.10104564679	2.93733555712119	475967.474327457	672833.311208625	2.96107542231281	0.176953452664408	0.235615577579422	0.231306642898855
8673.54632840715	2837.87626980778	6.70516007105755	472783.924643435	729145.351517923	2.87076093476251	0.176852948918822	0.237639683353243	0.231239727895816
8096.1127274433	2960.66327603539	3.17789152316009	466880.448603426	734317.373079106	2.41555750855579	0.183192913543216	0.234015358884809	0.227690471387337
18790.726716342	3152.4342774043	16.8225991991704	705025.805537121	774505.975212108	7.53394713797801	0.176728000442521	0.230812242586566	0.226127755752617
8525.55371712681	3069.03338885632	2.5624561983169	530765.538301433	739314.962503843	3.00692446282596	0.17526981708301	0.231755376029823	0.230400791017126
6159.48063982781	2812.45177098167	1.92064068383454	411499.660006431	679216.994581006	2.55972394213024	0.167471595802752	0.219131892937825	0.221855194577274
7309.95383346831	2830.80543119478	2.3929777928996	513481.348648861	658197.161299623	3.31729273060791	0.176965874278999	0.237150857613354	0.234086220354137
7114.44827779051	2861.83428940368	2.30729492865097	487512.66862383	730293.567468068	3.07228382054772	0.181687546043147	0.245721251844608	0.237509546543656
7365.29881507919	2836.01094156541	2.62032618797044	468985.21804013	698778.583487487	3.12622727654487	0.172912490318881	0.227218794120267	0.225967865808872
5421.9525532941	2613.67830411338	2.08163413531459	413028.980167713	671706.264065741	2.99706249604981	0.171063555376328	0.220145849455713	0.222574487490717
6282.12941264936	2818.85513735789	2.29036007621217	490247.732789884	739269.873796662	3.7208246259805	0.181941615733048	0.245789292374322	0.240635822799771
6931.81102867452	2728.01828993557	2.4947839052305	425626.517618596	687977.844348051	2.85208946978196	0.178658990098017	0.239803259514293	0.235220795668488
9785.60049410295	2811.88199993602	5.44593226610382	449807.683238043	705688.737443749	2.8098098336632	0.178027376958667	0.239135082934973	0.230103157469867
7851.63441027212	2900.55976251562	3.51334997278358	485429.71376282	694651.603053901	2.98664566638882	0.176439276125704	0.231995679261565	0.229703266360235
7503.61071837336	2798.92882641504	2.77024480043528	463119.919782821	732727.322512875	2.80167691843924	0.171626955908641	0.231152563019768	0.228595513425366
6952.09423846614	2984.61442309228	2.48523944602839	504342.572908638	784508.122810107	2.98656231756421	0.171001159513992	0.23314408466604	0.229528387743649
6340.15180519423	2857.44384209382	2.03022476535056	450816.574081367	708473.5761026	2.8314126411902	0.180984146942856	0.238789166721692	0.234730144235179
8172.96751526566	2908.90386773772	5.43490866321551	484147.565703479	742298.092665134	2.87691207074538	0.18477592286537	0.247474164713259	0.243054559694575
7551.8341059435	2852.94433024818	2.61953645624982	530360.69284023	689237.964104626	2.95786409198719	0.184216539941081	0.252257279845723	0.247838106898707
11843.6255965576	2971.0634351808	10.6494001902363	460328.264896271	709746.472949526	2.45107548835104	0.177543784332674	0.233728582359974	0.234717370532666
8143.66810083327	3026.29249190502	5.86781826195219	550193.749930246	778836.072440023	4.34834493987196	0.183395204145218	0.249689266430204	0.243582051496647
6702.69409450401	2842.56697148119	2.08811219627265	442635.095546727	676890.920738863	2.69310636690595	0.164489168872449	0.21547286017101	0.210841683668173
7804.00129631591	3034.0116959448	2.26471646165452	512880.53170167	743450.801474996	2.36690536778934	0.182674552071014	0.241610444261654	0.234933959754244
7343.61734462779	2935.25648527239	2.12890573030979	516369.765903229	729581.216404479	3.20453641533306	0.171841797179768	0.226370506486721	0.225039340887662
8606.69084356081	2920.90066210705	3.57346805123667	559338.974142298	715616.146809322	3.22978221478225	0.165019144580536	0.211722503958381	0.212151246406812
7422.87876990223	2710.36252353786	2.87709109028931	409119.749955384	671854.931921571	2.69762851249063	0.174551404630602	0.218514708166397	0.216800708062741
7496.69674537798	2891.49811357458	2.8692406868894	464749.951423514	669759.150567392	2.78505865319128	0.179788399802242	0.245350343386966	0.237177537564379
6305.57121723491	2995.85544638468	1.89021506478077	477895.220372874	778969.018071983	2.62098663372924	0.185817942842926	0.24921379005734	0.243918581942184
7158.0046556834	2805.83467938796	4.8806832221998	408855.43748175	664179.255539971	2.55513408939724	0.179780281002683	0.243233598625419	0.237467907939863
6527.51949510199	2896.47812188398	2.33002778262193	499428.042540012	724296.644437925	3.5234212058013	0.179874776670813	0.242826322070282	0.238142706587763
5994.47913206423	2737.2205085885	2.20367029201475	433619.639773376	690639.224007156	2.96153247792588	0.173637544645013	0.224452598312467	0.224956272558318
7275.17191344283	2869.63434078724	4.29852590952338	519452.625568567	747866.989842232	3.73318830066116	0.175855036980023	0.240974471962863	0.235682361068721
7440.83372413201	2918.68128023173	2.04129317057985	536019.101133251	727057.994807908	3.29466076303817	0.173994419750008	0.237566022236477	0.236095992758715
6878.82142704805	3014.28398227023	1.96691953176067	484354.632245424	749011.751883037	2.45523696218395	0.183811723775717	0.241428477622138	0.238107208408401
6182.68934150551	2790.82760592482	1.99855233762746	446334.64787666	702056.987420655	2.66700216206303	0.164028243714694	0.218700335640934	0.223585587873083
11273.4105281084	3074.62851083545	2.8875520673478	684540.643163676	853294.588860897	3.35410004312006	0.17973465093724	0.240110842701851	0.238350074994445
7195.13504835612	2672.48477922189	2.94436029983288	399720.742829995	653374.12191814	3.00621626243798	0.179374282221116	0.234546749562217	0.231209803177286
7159.99847373424	2825.42015144258	2.19390055187061	512509.090312684	696782.370610768	3.61978512964837	0.178879904564961	0.239943545882676	0.234758985286828
6250.10923798288	2734.83490387428	2.55131753705298	408552.192326088	670003.177463936	2.76776728452906	0.178979186477646	0.244965398631604	0.240729872980312
31135.747296246	3030.53515055676	16.9330318877181	579494.140305186	741436.116127289	4.73908994255565	0.172321583542733	0.224358036982439	0.220298724422787
8112.11380955288	2988.90427683188	2.73655234344274	507180.573897393	720493.921448415	2.523815922551	0.185622001125366	0.250279258035797	0.239899161256141
7869.41131098872	2784.4292181914	4.2151556613888	470687.293359033	728570.074592997	2.95983365701305	0.172729361550596	0.240102758448954	0.23684043487232
8384.49803871151	3073.48973447367	1.96641868085072	587158.401879131	763159.079442348	2.80255319801803	0.177913850306315	0.239985099708798	0.236972777349503
8402.81578332801	2872.61590606693	2.65567340762314	490020.492082533	737928.519186101	2.70628883576358	0.178603558098448	0.2391966362336	0.235712386392844
7695.44968837853	2920.7650386971	2.97854568162313	489570.821566678	686759.911060478	2.63292172537033	0.17331199459686	0.229571642161862	0.231284993307522
6267.7824272015	2861.00781935676	2.26912949263345	481174.298906611	729687.67939997	3.51703618798114	0.17981400810068	0.241001573928842	0.238890310643026
6994.98185776514	2873.38514396869	3.08779663252709	573563.175261259	729289.53954553	4.1263041689092	0.17431682301614	0.23035702427355	0.225936127776
7333.354046691	2874.62833590429	2.64516745701676	478215.840106533	705649.381352701	2.74016678348175	0.179300859578491	0.237385033999678	0.233863964843468
8299.07181783584	2957.85322982805	2.93657164603687	504268.55637131	727992.498811777	2.60477266556341	0.170615038334669	0.226152612519622	0.221599918657273
8289.2789808563	3070.38678912624	2.26540544707575	628390.668897217	762950.507815048	4.64245015714417	0.18404231573211	0.245677930918756	0.242461800129388
9401.34219892124	2891.59120462277	4.7589180752498	467871.566223924	693189.046568498	2.61826640210325	0.180239881867232	0.236100198307065	0.23476880793278
7732.29757331282	2733.22310180835	3.95154948260234	464989.474290725	659731.595978648	3.15503270868353	0.165386162808143	0.214172205128768	0.215536187391824
8686.36869230223	2891.79949653039	2.86005129912524	483095.519827578	704526.609467701	2.73195621607856	0.183515800977556	0.2479887702138	0.242322274420104
6966.993152014	2822.35212546534	2.54168894928304	479667.093952713	694321.857667179	4.04668578849311	0.170539915180508	0.230584082573189	0.223304672919565
6993.59994877389	2772.40994525558	3.62750295355831	440588.244520572	681629.2859096	3.24977875501641	0.178999091527457	0.240851146364873	0.233366130198225
7152.71708476143	2902.32461939952	2.47866062471985	479159.681387823	679170.017936789	2.98364721442232	0.186570476805836	0.237788479142579	0.235761932781582
8673.643658578	3031.69570020131	3.99325982362561	501186.277904963	704346.333058116	2.26831257551402	0.177673202891805	0.230282470096324	0.220093727210496
6770.81169455432	2753.91695891967	2.48093601493926	436775.322975986	655163.559849082	2.94454607575549	0.180309999551309	0.242039254110328	0.236242929873592
7779.42810506369	2985.62793622319	2.25891183050195	463537.587232404	706197.904658477	2.34495087151945	0.189591430299947	0.251833810956903	0.250129744311729
10366.2821321645	3120.48578104143	6.64176474937167	547251.619665228	801463.20436879	2.48968448846637	0.178400560988012	0.242242073653818	0.234587715590128
6961.28790897058	2694.77120881041	2.81314547038006	474449.720022905	679972.507050838	3.92990086420388	0.177309365578441	0.238935665377737	0.232507991634551
6782.43121722248	2637.78380838219	2.54300352596396	446312.603644779	620137.535242863	3.32984705711746	0.182627390767529	0.2408750877571	0.235989437091604
15465.0789053542	3174.62658816161	14.262342702977	623491.209844823	789782.846994754	3.2616238139969	0.180243632625311	0.236698753266081	0.235044792839642
7671.08234710828	2892.64278677638	2.54302305740351	511660.552578929	725075.026717324	3.12995387303042	0.170586410112466	0.236457533543768	0.231717398455199
9389.42041687375	2819.3898196699	4.73743041837879	435123.191792578	680983.789874129	2.65419057177924	0.172006682552843	0.230815851711804	0.227048499675198
8125.14801657538	2768.0088949348	4.32879713168982	453574.586101107	659268.934613102	2.63595645059966	0.173414183594895	0.22924384465737	0.231137305230826
7969.39477619222	2831.38363356138	4.54688872649474	488876.274996308	734899.468902262	3.14335588567851	0.165776242004364	0.222773234697322	0.222625353282842
7024.5364065638	2710.00366407147	3.96058964068399	472404.58222228	688870.306916342	3.39939878764873	0.160704842163032	0.215544695632707	0.209919992710221
10358.7234114921	3019.11746512879	2.88684976412772	747321.791079563	769281.108365968	4.66094471133409	0.168568647838606	0.222542962550599	0.216047682323077
7983.11487050209	2879.86499821563	2.91476759714941	540931.32001727	708125.273873958	3.7594958885592	0.173164581015548	0.227013866466204	0.226647920664191
7406.19946908517	2752.79874848886	2.51089297752661	497832.790615009	659103.577764223	3.17179457857297	0.181564139217876	0.24189770715787	0.236252560894169
5838.27340064354	2816.47617362957	2.14926357448149	441869.420746112	778975.613138037	3.52170714718255	0.17646440153591	0.23445170940243	0.229956215818092
7400.10454477848	2887.33886894551	2.26532580475491	521697.082966168	725710.399904333	3.20466410642916	0.171263175699249	0.225481699317467	0.225039911449863
7724.04094959515	3027.59636886695	2.39199106739862	526716.135714153	708752.819177384	2.73263562877043	0.171474691591284	0.234173847503895	0.231349168043558
6741.56484205792	2821.2022151922	2.09340675809034	449878.700563633	702546.978103439	2.90192981246478	0.168227609160213	0.228366415595035	0.22510988720567
7212.4550057704	2768.53788300411	2.91605558468423	502962.015402851	641702.080235148	2.98104920920901	0.178392626042768	0.228580894465267	0.222141408098478
6873.02283001353	2705.77581595334	3.39656051247187	436318.737650341	662371.071675828	2.83474774506181	0.179177288485113	0.245499931529313	0.244279190349851
7544.03761398469	2635.68925179012	3.89597837054204	438263.580413146	643565.852434793	3.35645138025957	0.168438252305619	0.226962842859372	0.228914974943968
7791.34760716789	2964.13597767511	2.63364347048735	547308.399267774	757662.521713604	3.55530910511798	0.174469374903012	0.2315874869778	0.231862158700324
9444.01423973721	3016.74075589723	3.83450638139824	540121.380511501	765796.085845912	2.67160160864494	0.181851256683086	0.246109796715427	0.245563155771947
7506.07528157309	3003.2613130973	2.1423271992717	481914.618749663	729406.914631948	2.38201129314528	0.175245922491585	0.23958879362358	0.235749750391356
7722.72465123927	2807.39279599053	3.11686166920035	510572.02365609	705534.552443894	4.58175470307638	0.167837787347395	0.232913535858886	0.227437530962944
6719.41143320543	2769.23255492328	3.20306963549736	497816.978237229	683039.174555963	3.7725151895615	0.17637594428857	0.241973657477831	0.237098245343694
6709.10580183035	2860.65474361516	2.33818325469205	472076.491188088	684536.454645431	2.69139397810448	0.168066361363064	0.226920873902489	0.224046054682856
6922.5594344225	2924.05831976624	1.79258069477115	483518.672727096	717638.056294893	2.8655359369328	0.155599714110445	0.210983186813094	0.208426732184289
7532.90715390871	2941.84170201793	2.51811652836121	477972.507471511	733988.882519825	2.41454477770223	0.167460346784456	0.219533120863283	0.21842331481589
8920.1209702297	2998.72590287044	4.99753339730261	529451.395460175	729326.515481406	2.76766254755561	0.183723600957099	0.250599142515521	0.243006423664943
8522.21804590237	2948.28571632445	3.25781128269309	512837.633256457	685562.637529644	2.69673499626297	0.171583976009408	0.231867622620732	0.227913366988031
7410.21498308125	2909.14671630448	2.23984790674548	487945.494237017	709879.731582043	2.42803140590129	0.187062330122935	0.249887991597252	0.245926129834165
9145.7292703875	2768.64467992226	4.4314222172374	511972.370350845	679696.670168955	3.09815301512892	0.174667755878568	0.233708403852187	0.231359074104391
8373.35023359913	3166.81095655143	2.52841165336087	546522.376464942	762998.840288159	2.69659248675783	0.183480713919241	0.244671443215628	0.243561083433835
7978.00845629341	2951.44798162757	2.437524117895	557641.236034249	763958.745726037	4.25686797697669	0.173704212737165	0.236476391703505	0.230785466247294
8558.91234131301	3092.30883485257	4.23023320620589	582560.610589094	804647.764027444	2.66553095458711	0.171077851006152	0.228749462225056	0.225283363805499
33209.3623156342	2707.170545525	22.7378335137172	586482.496399216	639681.403332526	5.75385514048583	0.173226433765814	0.230461226224177	0.229512642151849
7379.91799613627	2954.99132989616	2.1483257792787	521602.750642872	737613.507032193	2.69975674731402	0.181865427652721	0.24256182191554	0.240093891515591
6543.38651007712	2765.4676817219	2.52828186106258	427073.179294605	680406.281844491	2.97077710509951	0.177391008792788	0.238698758247397	0.233936229913578
10495.5839534517	2815.89159804032	8.0451716098628	508639.418453407	794343.826366286	3.06413337678964	0.180561960363688	0.242581139945026	0.234293640261053
6875.60116578033	2750.48765613098	3.90753822299292	439707.187828748	699906.628489728	3.1817392244921	0.180907819523546	0.235462946116666	0.235488915483379
8382.04716841396	2930.00631370796	3.2067346339693	529188.745711038	711696.098470656	3.07702131982364	0.177628884252926	0.243701656382729	0.236808247459913
8201.11856623711	2682.96224630264	3.52664391898647	577482.878820951	635133.913327869	5.4961088240619	0.176694040659463	0.239161975566955	0.237391059882439
9298.34973035129	3035.36711386249	3.86933544154109	575275.404127427	749956.078413806	3.06805705149683	0.173594113926246	0.231780880122615	0.2263638818692
6180.00513604357	2734.42731927405	2.98154286463591	449459.654097612	724457.542408903	3.24890541806193	0.179964429134867	0.240249569712106	0.233066742066773
12068.9405863819	2924.96151193755	8.34184330075347	543878.213717757	699041.005154564	3.39603035429816	0.167334154659461	0.218719208059812	0.215037074123232
7690.62037966695	2805.21405558862	2.35953289111383	467902.731546112	685537.267071959	2.78690050578461	0.184253101912993	0.250883334412267	0.244267338756601
10564.0861308875	2830.32819331028	8.10094111436974	521284.197044053	759914.823551106	3.33519947721829	0.180537719104788	0.240011505753098	0.237055646982599
7259.14694780692	2731.26193254035	4.71356137241461	464384.953007611	737040.566725899	5.04566857303898	0.183179469479967	0.244078881349638	0.23773400547716
7182.26926414329	2880.19162282664	3.03861935688335	474868.181890791	697821.794117825	3.04100452789121	0.177288742160605	0.225984116415972	0.221233012427174
9159.31567253447	2671.11270343182	8.87313745363937	411342.92642358	665971.253579331	2.92231812600088	0.168997489986047	0.224534266704468	0.219870232699194
6705.11485054893	2763.63777634925	2.50264627076907	466152.372182669	689758.005999057	4.4163710168201	0.182145368542893	0.244697225125126	0.239127760921721
7188.63970907311	2954.0372601988	2.24141494978739	490235.286289278	755677.527494723	2.66914988394794	0.177489910935978	0.236091624086331	0.232291226702846
7856.41946489075	2949.85584451111	3.08010482263666	501910.416264522	745426.671890624	2.96513895976651	0.174481994822336	0.233973318245017	0.229866091799264
8512.23837911999	2860.47571064504	8.17796816631489	462746.399243719	697917.478198874	2.60090308163587	0.173353491212511	0.235401750478291	0.235820028741601
6126.85473437355	2651.07544669798	2.70555275533664	376154.617102977	671872.36564526	2.87714116998084	0.18193617650972	0.236169653838136	0.228246801602
7313.27692963124	2804.20791191786	2.45535849626781	472630.602940776	709265.972523964	4.38286750315808	0.177821306963121	0.235368142586375	0.230772557704239
7262.36014864081	2918.31189837064	2.15294461971915	513074.776977831	722023.288733309	2.8975943012235	0.175018055317612	0.234478035742088	0.232525250393984
7286.45132652154	2863.09933706543	3.9451568766679	472392.467138925	742378.019035962	2.95484922049738	0.181073987520096	0.238678326966074	0.2376045956767
7134.05850670142	2806.9164914767	2.62367725609931	500212.994968468	754381.685510981	3.54176767690836	0.172343459168594	0.236063566657129	0.231413264043753
5834.53508364857	2879.78521553757	2.02234308836274	453857.572097097	767207.276762812	3.25599430233051	0.177550651055633	0.242761578563855	0.235149280413351
7985.74712371147	2704.97568683001	7.12737760323953	434594.657187188	667906.149562657	2.75679529672802	0.181633811397996	0.245204640984222	0.238474118135913
7327.36078450527	2774.6258970671	4.63401787023737	412786.454132108	682899.521966376	2.83945448127614	0.15941700767967	0.218656457065083	0.2151705346135
6261.17134180603	2782.97550893148	2.10472722670597	453740.190766538	706335.992553159	3.52873073838262	0.18048497876892	0.233911253604395	0.23202361061867
6607.64649672043	2725.9581160237	2.02698230989209	452323.584385766	672075.071259953	2.91538496118817	0.178193014114993	0.239759289527282	0.238012559399903
7176.71813724163	2673.9086712538	3.44838125087351	431448.213929656	658921.289677669	2.92095214564314	0.182132182927841	0.238549246679308	0.236338979104116
6587.19229985612	2669.14252740989	2.59948642542066	407789.771723405	689971.530532378	2.91644171059338	0.162337633870118	0.222450391551711	0.222240967614317
7872.72410769909	3003.60847466351	2.94080672634803	709553.301943639	745872.195179699	8.1832795759858	0.167833303407481	0.228496368005854	0.223155471985757
8072.1861583914	2922.82668722496	4.1232061944233	509139.413889511	735521.347713247	3.00699495151358	0.172314386432245	0.228889412718832	0.22683317204269
6884.35264402064	3008.28728444638	2.18796252299543	440280.641390872	748514.940616062	2.49718811282263	0.17695079730324	0.239492167716061	0.235340456958711
8004.966122698	3037.02943683122	3.4721626733077	555581.055330276	764362.458150898	3.18595027247784	0.176705631315468	0.236188888882618	0.232907351710571
7977.76009749535	2903.69049240099	3.73550518528775	476887.933853215	732799.324502983	2.83427877926176	0.167812879978397	0.225192237176652	0.225192668424863
10485.7384329379	2924.74979312462	3.96426660508182	543038.179903374	728992.475496446	4.01880098092052	0.170064826796043	0.229872050477264	0.225902353693562
8981.21300874785	2773.80049549234	3.18198376067098	550623.885175599	652306.723712183	4.27477995751337	0.17358472526556	0.235672949380345	0.23228638736521
7489.05353012171	2861.55313953128	2.4862909107703	512566.36516269	720094.947363837	3.27535149299649	0.172311548892153	0.231723619191266	0.23077270333454
7064.53695397764	2856.54422588548	2.77141155771986	473736.547728487	710881.40365708	2.83398209154102	0.177338336916028	0.233218568007938	0.233756890218805
8605.84854714201	2904.70501399707	3.90468182641137	485279.270706192	684680.932680434	2.54887451693604	0.165907902346868	0.225127042489948	0.221688225399013
9672.27835112733	3014.17766198645	2.51334867505219	585937.204393147	716704.411523759	3.22214934760903	0.180214120111384	0.246677804474294	0.24105355479154
21786.7885894123	2850.80302591596	18.7545022008303	760146.952562036	726578.957345134	11.3765741950722	0.174287538354553	0.229364855859621	0.229403095557858
8795.30020480127	2891.58979551044	2.6028380455942	591417.519798271	718290.532473992	3.2161200713698	0.159601709942991	0.216596567136982	0.215065116268047
7292.44245253277	2914.62428165015	2.52745425252706	478616.443061668	722397.051244686	2.65831610781139	0.169231342800316	0.230340093849876	0.226699719283759
7536.5772963622	2836.2834302279	2.11657022743104	481322.42093225	664582.85053821	2.78906587877424	0.178390136563027	0.237493670605298	0.236505669420786
6620.35221324181	2869.77077214079	2.81209579367898	464575.04352803	753614.841011739	3.33614453250727	0.170402135154823	0.226847913962973	0.224485106120661
6439.78196020883	2754.16013486343	2.11450866749088	421426.796018286	682388.149329308	2.59858874163157	0.162505952122588	0.219095018312675	0.217399260947041
9135.79771510479	3068.18949472959	2.51797549331361	558610.085308243	745716.991238165	2.67126416471797	0.169901654751545	0.222418257838693	0.224122159191408
7200.93525067349	2912.2095297656	2.95970307046722	467514.969487602	716896.624239913	2.66271347638774	0.173018335513508	0.238929293478498	0.23427885249064
7430.55066889929	2894.82359013917	3.64200326380263	486695.813987094	803511.12089944	3.05338411527788	0.171044327346295	0.232426240918146	0.232289643081853
8151.42196276574	2884.47015578892	4.33062366041699	471134.303502671	673569.499859664	2.48815132127373	0.172569274840581	0.221665252426534	0.225002055905375
6152.56855867251	2726.55992278638	2.64859077398744	455517.457077783	704982.522327152	3.8018401041773	0.179241723185954	0.244939933467849	0.240006185311205
7094.28199116118	2789.18520720442	2.50226105274061	474854.155493255	734800.320292178	3.17460966596889	0.15704703327234	0.212736982895648	0.217436830865936
7565.32824056431	2972.89738184171	3.37326121041528	514987.031522544	742290.840446712	2.9346375129413	0.168422417149305	0.227414981239123	0.221722931584692
5693.24394132404	2711.45453929279	1.84832917111243	428345.99598642	692721.311744054	2.89643947410155	0.177961107293924	0.234324240087853	0.23431609911303
21507.1570353269	2586.78973093126	19.4515868308518	447976.649895325	646966.107648036	3.9506599448447	0.172641815287873	0.234652856516755	0.231245861090447
8055.03528544987	2730.57703128269	4.99310600545638	493299.731317952	714763.813411302	3.20172824856322	0.165138313436774	0.216506091568503	0.220238170692152
7173.04939823759	2785.62184716194	3.39460818702658	465345.51507057	672270.152140245	3.33892508459502	0.174087151255112	0.229144812586025	0.225684616465441
7513.4972149553	2854.973183188	2.26229582686854	505796.677281752	711332.59282137	2.79397636402481	0.165214453843358	0.214747620647183	0.218662704640468
7952.9630620219	2868.06952025649	4.9343784109268	450968.571507821	716262.968746741	2.48148759380342	0.173990057700414	0.232254587480017	0.229925508698082
7039.43152844776	2707.02550481983	3.37250804067681	494075.555786708	684241.934616676	4.47310196879128	0.171728307816726	0.228920813558989	0.227632093689513
5689.56626226874	2654.82182368881	2.21738984669986	416486.679148377	683554.011946049	3.13926256599201	0.178287836196502	0.245550402461342	0.246113668520833
7072.95608184817	2802.12772693319	3.02046435333449	486799.066014159	664710.55190029	3.79122665712087	0.164655734375089	0.216108727820855	0.216372043550853
6635.24391215978	2891.94154199601	2.18898313806086	525915.732154979	720348.223208524	4.23879200863718	0.18004981959224	0.241689153708692	0.236669649121146
6242.59816442318	2725.38290222495	3.24382989492774	418878.068081057	685689.720349796	2.78123738754675	0.171342001399618	0.231585248313385	0.235239542666664
11088.8755549295	3104.96121838846	6.96060990646031	593525.174743927	806205.763137109	4.45491091891018	0.170649966802918	0.225463611859394	0.227803890314122
7971.17711763559	2691.17587106783	4.43604772209278	425096.709647945	684579.123053905	3.18421832055219	0.172448151778714	0.231405328658893	0.233217292848175
7469.80279466109	2972.93901496628	2.45136806881584	515838.043972642	753811.814655034	2.86142884975406	0.18064062222313	0.243028726906348	0.241045323391214
6457.17427380625	2748.5156392242	3.73195411371626	415252.424466416	700556.837007549	3.02633002964464	0.184087176189615	0.246728112453947	0.243583174804035
8376.41520627163	2821.56722037291	4.30773619059959	519508.105918943	689813.537482535	4.44064318935919	0.173487034294294	0.234909351565373	0.233206602289952
6810.33752174083	2763.00122931624	4.78509655421803	449279.000273982	688110.230835238	3.25526398572946	0.174584852332146	0.23301821913101	0.229533856907914
7556.56030143901	2825.10248276033	2.60061544106674	428970.331649814	687164.162414687	2.50237366770605	0.173597385398286	0.229370198347004	0.224115182026641
7629.71859205691	2959.67778457732	2.64797954640391	465207.643715926	786061.261275429	2.56567986118161	0.165313584442819	0.21865808815805	0.216167212809443
8521.1322867654	3046.26047111873	4.13259657347185	604747.302077494	797348.687396179	3.40375432790151	0.175839339998933	0.235231329928801	0.236650563689525
8991.99721162257	2969.85658304804	3.20001855834582	566024.40867875	721808.784090925	2.67096717662027	0.175732567753122	0.231010039924912	0.224981767171903
8031.53049406474	2913.70709878133	3.41707466581576	523412.258024985	726165.191170943	3.4295528882116	0.164979843039336	0.223463896783503	0.218014292015115
5927.08871664402	2673.99715384091	2.84694464004799	433847.59073957	691484.494469047	3.40340460232658	0.17030269158185	0.231020614799992	0.226821272175942
16119.9145323952	2788.45863673437	19.3286495426161	520484.898122484	698905.883598122	7.16902304140916	0.174582604130851	0.239200248673606	0.236069193628102
7058.82989815671	2891.47955320209	2.3540786888657	517747.448408773	737556.636049784	2.74573649285588	0.179818033715193	0.241349478205047	0.238318843256132
6566.78974072375	2854.7944349466	2.05606699364637	416273.39155112	671281.630594966	2.46877603985585	0.180342812398565	0.240649932044268	0.236537509274692
7437.63406527871	2822.68366712043	2.62905018320566	471628.565740206	666295.073649823	2.99691901547468	0.171673482332698	0.229395859057696	0.228823579710458
8152.50372190772	2899.03829913827	2.89249984840072	505511.547659883	724193.882278267	3.25825800312761	0.181029433168986	0.24230446517986	0.236845646958473
7162.30511027371	2668.64717319746	2.67468732242179	399092.544687434	645465.112336276	2.61784290009814	0.160706025654954	0.213716409886117	0.213972986947395
7419.20231875326	2993.86138502898	2.07465729691538	560030.070272194	744668.634955243	3.08487726237653	0.17066794622345	0.225092058156235	0.225288876951849
9035.49788099082	3072.15381978905	2.53392279642704	663109.694219021	768422.117660336	3.21302380249469	0.183867815108861	0.242406231345061	0.236483911114817
6612.00105132274	2794.33320762304	2.02372621439673	509586.112798668	685628.228813136	3.54725369312362	0.177739141845161	0.237100849494688	0.234813025938457
7841.58575296241	2925.05876556709	2.89838308803389	436863.537345596	732588.063426625	2.6365879150332	0.177532333488225	0.238639290017594	0.231595774865699
31395.1111423177	2607.16322507255	19.9851729172004	625186.483066264	630839.556372378	9.47713838047839	0.174459610324809	0.23110373418094	0.230854227318918
8874.61647470254	2952.49380323056	3.69447669456611	538385.793398382	755453.704937039	2.83834205241873	0.180312157581435	0.241560726694186	0.23698958876285
6870.29194518597	2729.91467202668	2.64160742763499	440198.259647384	688168.871117278	3.35756764622277	0.173673807717711	0.231416139352013	0.228604522464919
8081.31608455105	2862.47836112581	4.52184700558159	488955.365264776	723289.633767206	4.10218639261976	0.175926122490503	0.231290784914081	0.227866473093386
5813.03042119465	2749.99533180287	2.22264714539532	456634.105994168	685845.97475843	3.22841702697457	0.159914065166834	0.212541087318463	0.212282797429486
5397.23187637195	2755.97939987859	1.94029931033809	433820.808412973	710962.850816142	2.81265166571185	0.166281697402067	0.225815418262134	0.227718168821696
7674.50115536564	2908.18059773917	2.2383873877044	575213.625418253	697616.245938607	4.82927306822888	0.183663552088142	0.248216910017087	0.244547676943457
7537.83917331795	2885.14950260881	2.59619985345158	512904.33724089	708613.861792325	2.99923282761684	0.184166356166026	0.254539615311576	0.250882687625809
6423.80328277873	2778.84144644442	5.91128959497081	439242.462397174	714132.679234175	2.95107046679843	0.171227054171785	0.230903200482889	0.225044811287284
6520.37898561214	2849.80099098447	2.09630167197748	481468.627213203	716317.168273905	3.08530500715973	0.178695051115577	0.238869961481578	0.240802345919332
8842.98977929759	3149.65785535828	3.43396829147592	603555.291226241	768401.737614677	2.55931711389069	0.17483688928765	0.231492252896527	0.225584541116752
7855.49999668828	2999.50239022218	2.66605981781268	516597.894421434	744035.326054511	2.68193730211261	0.177988261778588	0.23609642880259	0.232655388615835
7904.26049897148	2923.90926563082	2.31555845952314	494414.129574849	668616.550012247	3.1226360684371	0.183598582528827	0.248320884058063	0.244668078127061
11992.1114491791	2986.20634585048	14.7932681974032	566723.777361958	702094.723210578	3.96340419893525	0.175354724353671	0.239318095383032	0.235427423535245
6321.42332692539	2719.71390543439	2.03358426381522	408866.391802062	674723.066795399	2.97698037318023	0.181779025955	0.246269123670371	0.241048636973712
7008.46046039646	2906.85405163816	3.24489417724166	536060.766382923	690493.919058075	4.88184840609748	0.174523474513371	0.236563668794502	0.233831097450027
7421.59555107277	2860.01183314897	3.40888569310877	456997.705992701	737227.435581223	2.983570339424	0.169548893328585	0.228237891225657	0.222190783821322
6791.79978583879	2766.83138338317	2.83247541837319	476250.262050461	729674.963932032	2.92829475533962	0.165948103269201	0.216368039370288	0.217408110918192
7815.09498437912	2930.05190023925	2.76798278179977	476583.183261004	748359.204202914	3.14249372485946	0.177874983233284	0.238001299100812	0.235030422451313
6949.83896539854	2845.26094429916	2.68880748678204	510994.534103303	748197.749456933	4.94287923776734	0.173563127883175	0.237948990410584	0.233879749842547
6445.10951004432	2767.14059715762	1.99118155978628	424094.114127161	688325.747601203	2.72580985624239	0.167036985383341	0.228125737332686	0.223664757269551
8001.48263249545	2828.76276172129	3.36154672240884	453098.768841083	759265.285901065	2.7958417130507	0.174572235146661	0.231675081182919	0.227120905745153
6616.82779982819	2746.00742308751	2.32541631729065	462842.841553484	672028.33224899	3.37561030680662	0.171392814734622	0.230708037487326	0.229533369206726
9109.20085478055	3011.17715997555	4.36021643697941	616787.36025898	752111.841667536	3.07508963745678	0.174175687853386	0.231922176042535	0.234012591582034
7881.28021055767	2665.47799237907	4.11172850973799	448276.133795812	618640.289723764	3.97248773398218	0.173666971993097	0.230695495681071	0.227049599552163
6902.49399264973	2571.53439535699	2.52669713898557	515783.31281283	663845.913690404	6.87555208127499	0.173585399895661	0.223041984755158	0.220857192455692
6796.11537931786	2817.7102832434	2.91373664396297	428888.184277761	732473.008163855	2.65144074398712	0.173327754134606	0.232190304558447	0.229939224436378
5791.28119442488	2807.28778284324	2.06940661536447	442309.360782021	710370.238622969	3.08590032549281	0.16864699689298	0.228564286563678	0.227759555566728
7615.67531965095	2946.00588771707	5.33089042321946	480945.597813732	752107.100555096	2.79692442234618	0.172327331829829	0.239150445688615	0.239011032272551
5617.48203501762	2570.79798278092	2.43045510238781	383738.408381573	633980.564741036	3.64605327736703	0.160949711588901	0.220679347143106	0.217614153947927
8576.73554812301	2957.6965991125	2.49203822191627	563970.532188514	764688.247241497	2.95988410593179	0.179991660524176	0.239381404894382	0.234701864093905
13414.6835553787	2989.77528302718	14.3430158055744	504613.728728807	776976.248581342	3.12601686854422	0.173167785502514	0.234540942455587	0.230343351763612
6728.00105009171	2870.75372040934	2.24652550608683	456798.351718023	675485.966170622	2.64651892708792	0.179282959890292	0.228828563840959	0.227968020853687
7720.65381978784	2986.98498909017	2.78018319441109	494602.838491041	743597.859561176	2.76590935026699	0.172901219664612	0.231297826170571	0.23384722917029
7272.49659937144	2993.23255279668	2.79019056810192	538785.394971978	749858.579643697	3.2399284300418	0.177525271761561	0.243639030865873	0.239828383632669
7712.98074829989	2871.41141502183	2.3700587752445	472465.170037478	717121.952013231	2.41988807516956	0.173481376746505	0.234528670681695	0.236647148163642
6910.35347057384	2777.55041458429	2.94250097867099	447340.875355073	647283.986506373	3.06561754985228	0.173350247746459	0.228883670855903	0.229675784614775
7050.63093828897	2717.82941476997	3.1005250847665	443943.573963381	641956.002804516	2.98163942320385	0.185815301335259	0.248457732156719	0.245439127159537
6825.85943062457	2904.18110305806	2.40759279114339	515320.752456927	756134.002518529	3.35655407228171	0.17163152318488	0.224834493884451	0.221316839847597
7735.39848375595	2839.35660785993	3.31535318034783	424699.07753286	678436.947778626	2.3911250586619	0.169348893370204	0.219036626714192	0.22048124238598
8145.88855247958	2854.84111468413	2.75011115213778	494433.385606398	691072.564821488	3.09899156227157	0.172544815317767	0.232677707722827	0.233939515065936
8970.71191939409	2970.82714349316	2.81407378531035	532318.905007071	708266.315050408	2.86286233937932	0.175720630805912	0.240041804066428	0.235153591807914
7968.27292889561	2873.87104953017	2.62625515678871	497180.125079098	681827.913221029	2.94105954224146	0.164940395310914	0.225934577140886	0.222500574314259
8173.63476417077	2685.42166238807	3.55232070293212	492653.253212533	674598.80995004	3.1567901862796	0.176746089110268	0.235687520870995	0.234209545479973
6479.06102415627	2780.76230823942	2.89629821400701	507356.869916316	733968.504588878	4.89305339517594	0.175547027327486	0.235960032908078	0.237722757191086
9481.66910331956	2927.96514464136	2.95169048453417	523761.118143133	685585.297373628	2.37896780955977	0.174091778221724	0.233994744005587	0.234683058424337
7511.72993560836	2937.12674169279	4.95401414775476	467002.552396416	789102.62686616	2.97659892284387	0.187948751401551	0.250841973049265	0.239246894016557
26064.7063522266	2824.75152186522	17.6719002838573	571180.036837189	689592.5021092	6.43395373586776	0.17129944737538	0.222911756201634	0.219699164788905
8039.05380090329	2758.42382513285	5.02726809538637	434723.815828709	683066.418450889	2.7898058925807	0.183339528551973	0.239355919763974	0.231278552588168
7003.25777797483	2846.79698641777	2.81372386913512	473624.71474615	728823.605008906	3.16492689442777	0.166260395179475	0.224796778216171	0.22062577138454
8883.61549903714	2835.5783096557	3.88137129441275	526998.443541924	747155.713354795	5.13317660856394	0.183691363087701	0.255587663451206	0.252230140329317
8027.63612684691	2882.82246919361	3.11226153552726	548788.032654138	781259.517359816	3.13774956386513	0.17331183124144	0.228744305528138	0.226328306750142
6482.06356410366	2770.17889623203	2.89820824826194	484754.567317164	732060.782187663	3.10731980263414	0.186056033776482	0.244465757060714	0.236858620710947
7850.33391656394	2973.05946095717	3.30386382119984	487456.505155171	743822.122307055	2.80374176356772	0.177000829857382	0.242122647895658	0.235269933687828
10029.4713442587	2989.76426745472	4.41487890078043	641673.5242887	720632.592603573	6.08865053334924	0.177439105532228	0.241370110946824	0.232723843962784
8487.41799870264	2986.84795029018	3.05905113698407	546859.540194625	736680.372862395	3.07164719391237	0.174050912462418	0.235202718865399	0.228709528910341
6739.8787342069	2713.92419507443	5.23245081277071	431905.328002117	706979.67709354	3.13096638708362	0.178278895530938	0.242437999631279	0.238528501713188
11930.0790825947	2936.95136713529	8.77827868242357	526806.562813235	713128.688759631	4.14455577199186	0.167551572166538	0.229132978837508	0.226718607722422
7975.50319460901	2809.38784451775	3.69066318979928	634196.91680684	718013.69578573	8.56671541032213	0.165220913672757	0.219200606211283	0.218227985508075
9212.75149875699	3024.56141056621	3.26722620810292	575153.840910554	737652.582970093	3.17972706847852	0.170883522706245	0.216614054710053	0.219985071470501
7136.07587221823	2845.26713333754	2.20703694255354	492026.07374561	671242.167546971	2.45932774183958	0.166397086340802	0.22444032184514	0.222673730994379
7281.99387854542	2748.62016555233	2.37966475926365	424887.490730067	655838.574465347	2.45806389443671	0.177142346614452	0.238143494847645	0.233116224309369
8556.2442841722	3003.56992385117	5.3706182335923	588904.745594515	751717.84031239	4.4592355803494	0.172220287628569	0.234443455255764	0.233801445424786
8339.58642873704	2774.68590697742	4.73700533335054	534450.952320946	729971.835991675	4.15411362749382	0.183166570646432	0.234078040074337	0.231595156645844
6420.05373726687	2730.81090148477	2.38049606759453	477488.282713533	701579.374949043	4.71360091019807	0.174973939342669	0.235817319535883	0.23464960618773
8259.62703338189	2827.02764622865	4.35516324988647	573238.766164257	722240.25305947	6.44117307970561	0.173219511198599	0.235186684995867	0.229277080153976
7822.78907977152	2682.10708808328	5.19023749476253	449513.558447006	682728.453395703	3.43879298438006	0.170218694908253	0.226238456362737	0.22649327752909
8279.79515276328	2893.41633494785	4.12695533597197	458621.111963703	722052.237780614	2.92898833627862	0.184384719267113	0.25334175935462	0.247304504452738
8254.40778509017	2803.26906328694	4.79108829170418	492878.965452771	680955.61184428	3.341008182917	0.178068048440015	0.235823379468033	0.230515071920116
7365.90059692343	2867.70537395562	2.93302360540784	503133.409487398	733578.380467206	3.06028752084807	0.180836936564166	0.242292713133107	0.236449850083017
5907.96873873342	2596.28084436203	5.5930292347998	393058.476187638	693487.775418471	2.97615303474149	0.182047581127981	0.242538804564999	0.240390019164785
6337.69064938933	2898.99264402832	2.29226819578136	435088.581116378	702529.360267043	2.91154027928708	0.179440381689325	0.242794711201627	0.234441055385876
6706.38118819062	2728.95836800356	2.73905670223818	424738.869199072	696699.695933022	3.07186760030901	0.184529149071726	0.246416678731438	0.239409792064292
7302.16634896846	2750.3149398389	2.17988590808855	478103.690945236	705578.299625821	3.11303243765185	0.17906131147802	0.234995916805966	0.233442166979185
7072.66030886717	2687.62088914606	3.57287532387885	440430.800948845	650637.801047335	3.20344893664688	0.16905387070062	0.226520869699404	0.224338902922283
7694.58370391963	2891.52150137015	2.83403801255465	482144.108934559	692221.875458169	2.99290700051035	0.181700562545509	0.246830364978514	0.238956183882909
9003.58555160022	2830.35816552197	5.05340122485208	433891.490621116	692941.101237658	2.55107518721583	0.184869419499168	0.250065764146321	0.244952758696593
7579.71896474001	2814.90747673715	3.19588610412943	451701.233488357	679820.961140199	2.92314211319482	0.168563013772587	0.226767411425408	0.221488505491888
6435.83962206483	2810.39769525908	2.69142928996698	417167.444692185	706444.500216323	2.78207261364591	0.172843770879805	0.226243151718163	0.226276563322497
7751.61622074734	3015.94697140571	2.26424597300212	518984.657288706	781047.332107864	2.72460895319988	0.17264715861704	0.238493376070058	0.233246896593188
6529.67839482737	2715.72238071327	3.5367694921109	432270.089618953	682633.648636355	2.98923495400493	0.178454573657449	0.239488963619415	0.234678423538911
8259.95951138285	2836.98659818605	2.48213045870964	489544.91998373	678245.013856727	3.46486625526669	0.171537612772208	0.228187835158439	0.221225128255244
7159.21067579606	2852.06715877124	2.68664098540876	430971.78697046	712407.06836326	2.60540845548912	0.175954124837198	0.241197728233754	0.235552653809796
8983.31545329441	3003.98800872722	3.16097459760213	536352.20265443	690656.500932398	2.63214676224164	0.175008150024516	0.238465357589898	0.231876520891918
7990.37823630859	2938.07839352834	2.74767632575262	478685.53946399	720965.130863383	2.44595917084718	0.179599286911266	0.242667935358603	0.236018342149452
8029.7358743158	2872.16743171215	3.84370794369496	466701.634167672	730278.387786107	2.88161314105272	0.17817700241053	0.238953279946585	0.237644480834938
6332.52313686307	2771.73359319428	2.408957462717	583417.559979946	698734.663107267	5.67394971823751	0.174908060494728	0.240204873419121	0.240068797380244
9809.94811754369	2840.50777382891	8.28449488464988	469272.446932459	695914.224464556	2.77314993932985	0.168071713554816	0.221532708835962	0.223556628843295
7903.45081833466	2926.27497445094	3.94657883925446	614036.56981155	731936.332848681	7.7238716703123	0.17666301244761	0.242312095354784	0.235559358501007
7269.31679181433	2894.08439332625	2.65847892465126	465738.915232534	721911.37385923	2.71177758805296	0.176616711955658	0.245462482068576	0.243378942986873
8406.13308747688	2819.44369109643	7.65852731018014	466966.515490166	672718.172454685	3.32870176615342	0.183304194158118	0.246629127643975	0.240936254850558
7992.63106302764	2928.91623693139	3.85654419669097	463570.750981995	681308.446515997	2.35388458857439	0.179107219550928	0.240435635840591	0.235236299871138
7944.24445477931	2813.81029704115	3.57234901586395	476325.095779715	685267.000185256	3.25212823155618	0.171302723228652	0.234532906421716	0.233520423068652
6489.39299234463	2856.27089113079	2.57334215765417	461211.690196529	763035.542914826	3.09663412792265	0.175474587514751	0.235638912678171	0.231191962107728
6610.40506541768	2821.34102590777	3.12725660128568	436084.387677759	699777.846372329	2.80626300041754	0.169064378252003	0.225858711024905	0.227255463778265
5759.68623978155	2755.41913614939	2.17308127070528	442966.631452552	727638.754134998	3.13048543304349	0.174188015390622	0.235060556329334	0.22750647748776
6868.66442158607	2845.34635710019	2.04089629045383	500507.261173867	706235.413328288	3.45962538125003	0.169563749205154	0.224063758445031	0.22634369870721
7837.41097962611	2867.42184890436	3.72251938661645	591441.285384694	756479.424567429	6.60415571584809	0.163480271235994	0.217669073762771	0.211407241864184
8175.58830126751	2896.01036406104	4.13669358236021	488026.335170708	726507.203663171	3.04543540535212	0.176162740752167	0.237207843689594	0.23320539606163
7816.03827049999	2903.13981971156	3.28468495127013	495212.249708638	694809.096308865	3.01311510824448	0.162004588506804	0.218369474524117	0.212168508078794
8428.94888803788	2903.80321460651	3.89361116926404	544542.156453816	682432.949018809	4.74417232475881	0.180129879233247	0.229940145630754	0.228465989517009
6170.44816636033	2791.40993681215	2.50318919770335	459952.535000336	671417.854136765	3.30573526317889	0.181536658401729	0.242922042282686	0.238411985520715
8922.72311889129	2882.00409806032	3.60607358226434	649975.007620149	696568.961978551	8.69463833397513	0.164628959514803	0.224825069352269	0.222531947299027
8293.78082702635	2892.36827447686	5.58753365306915	463748.542717904	696315.510406464	2.50479704847657	0.17583526062485	0.22971229205177	0.229445543805376
11752.313131544	2859.1505276025	10.4437499684029	573034.901160834	772208.63495163	3.47932992648872	0.180650649407999	0.236147615548955	0.233304089158788
7044.61902088644	2747.00936372733	2.76827442168933	436231.55907035	679340.156019684	2.80153383821168	0.157443410632894	0.218304954034852	0.218054636621416
9681.62309099503	3120.19981123104	2.62786618152138	704344.500330362	787572.010377772	5.12782068941395	0.181813841370881	0.244579247320672	0.237657239551979
6011.82174696555	2915.59990463842	1.95758144395716	435715.609631533	718790.755211623	2.55820451488302	0.167556122976023	0.221884081500532	0.222174628501032
7427.38491939742	3014.45726240889	3.28492547332639	462611.948510103	725625.492735093	2.43133469737744	0.167138420108901	0.228585707110173	0.226601684392835
11198.0862429186	2814.5054135663	12.0569221950059	494757.103931807	716444.284195289	4.13415516875469	0.173643913056423	0.235339413786715	0.233122411152608
7102.15186216293	2819.34562083259	2.77254523101793	460297.019546803	712992.433308478	3.62162209566711	0.183279768852261	0.239236895548899	0.242617234389454
6777.21186676642	2910.58794197711	1.94260346291033	480886.195908885	666613.553674447	2.54985338315406	0.182999965837603	0.24634799440651	0.242541380498378
7389.63413744772	2990.27700861692	2.15744878349583	550993.664683168	749419.184222991	3.12393754940078	0.177412294818482	0.241196931304881	0.2361964662294
7882.72614815245	2862.01248391879	3.49109713590009	449795.197736824	703371.711165351	2.61262799866237	0.176894606193829	0.236238361066619	0.233052328315982
8696.56314244496	2963.64988065804	2.25591363863433	476206.967352596	692683.821857648	2.27287909344175	0.18074885337261	0.241451293710212	0.237832710082672
35900.6034991433	2831.88907716076	18.4160688474802	701493.488916505	697424.337903907	7.8359510826419	0.180480477216874	0.241552576044149	0.236635081252498
9320.27408113776	2974.14925665048	4.73557054325339	572625.616599364	716022.893716499	3.58225190610934	0.172747405976758	0.229415851679266	0.22626504341103
9038.31145674421	2830.89105119269	4.03898571921671	530356.263522841	735030.294702778	4.34161589267741	0.178671763231222	0.238603672164322	0.230621843730767
9164.26395043721	3011.44822436262	3.42874938009884	502999.585285743	712626.744666489	2.44544730480053	0.18594587439203	0.246395011677858	0.24033701372013
8707.87946770093	2983.47570475072	3.43020366753183	621026.123086212	738581.196155418	7.44080783512723	0.179639073979426	0.234661643376531	0.228178048303187
8039.33153631502	2891.23795310731	2.58748607630878	544740.123403211	723652.770757316	3.35541094336064	0.170347157726588	0.230826391119089	0.228711378565451
7323.87654177304	2979.17636768073	2.66633452852403	505235.94054067	765221.687986138	3.47715085612868	0.174954039497514	0.233264491415573	0.232719671983971
9631.56407593337	2896.02876616127	3.88105331668751	466882.299921341	705186.875098973	2.41097860774337	0.164848449688335	0.211325401096104	0.212129205295364
7375.42527799775	2773.88817971119	3.63536470282072	452194.810114616	704465.559847893	2.96583477923136	0.176901427014075	0.237901311405644	0.231979010946481
8818.38369475791	3121.11318848783	2.93073166380893	544466.171528	767516.658461192	2.49885948284624	0.177661695406855	0.238166031953047	0.235892449270956
5169.37042052315	2591.13549478688	2.07773300685284	422471.808030769	663357.417719071	4.14666936587737	0.176014248723869	0.235918645554162	0.231824300101433
6555.30901273582	2743.926445106	2.62181845046968	474183.069316148	719943.649583546	3.24453150175067	0.175434936315	0.236988722938258	0.233796951836129
9847.00151339604	2997.83740890139	4.46744534866587	580702.993723189	757826.736782866	3.18294608785412	0.184266565490713	0.246949067186803	0.238782925388722
8942.33718753052	2980.57420223848	2.71613739307325	474905.36100463	699086.125344123	2.31930468799459	0.186096135629119	0.247420178183541	0.239795002822769
8732.28936103625	2888.88314492148	3.84397486981449	523202.966398963	743907.108181459	2.69456673937989	0.1771485454517	0.234660620034875	0.232607509429408
6872.48703522985	2802.38685915146	2.17170073277587	422170.238278813	713212.649016404	2.91713875729502	0.177996078634667	0.244233653912652	0.238258825543416
8086.9662093258	2845.04105037395	2.9441685422613	482354.405388639	676023.887194661	3.01584668049167	0.178916731682796	0.234031984873429	0.227372267717303
8735.85836615815	2835.09967021085	4.29694927678756	442724.616863119	718663.787213123	2.67664522010747	0.164637082065727	0.226743279927865	0.222336970667363
7610.88590881552	2884.26184119962	2.75195862272644	456975.215767599	744928.915351947	2.79207103924524	0.165533415882231	0.225734392579466	0.228556159311135
7347.83240675092	2801.40570554329	2.43950964947372	478404.584281513	647872.452101635	4.07441005446687	0.172639126212685	0.23056798667202	0.229633853601078
7830.00402065276	3026.59112381684	2.53678062128434	507821.353207854	772614.793223739	2.9067568878572	0.170836852499956	0.233416866853034	0.229787236770619
6955.46880204918	2812.50657339726	2.23037287656005	482490.553847766	708396.583500122	2.96620760731692	0.18056910910167	0.242847606759035	0.239320058166905
6856.4600925389	2888.15424684675	2.17313998916092	440183.016264673	728388.970226061	2.63612732921586	0.186599451614165	0.250065132071073	0.241141958134632
10597.8678339406	2974.56346474072	5.05489427801486	511406.115812615	741097.288806121	2.82153315162388	0.177032597784883	0.23474863512	0.235730051063356
9171.71858574756	3003.39691015636	3.25819612563816	559355.951938999	710598.880864811	2.88989925521687	0.179870014421225	0.242588913725086	0.234360294802783
9533.93533141547	2895.64513024404	4.88917988385092	529269.045229979	720342.930258545	2.82325409301088	0.176388828706317	0.233346391541695	0.229821796328152
7880.61566325691	2971.99622061368	2.58099529777284	529726.188190882	728986.708366151	2.60789829296919	0.164790737094693	0.218452113298042	0.219665161386734
5855.11925803834	2629.56030520529	2.35638596665725	409822.329727291	683007.427152544	3.70843809846602	0.180804387790112	0.244074750598386	0.241954278918642
7149.57937309736	2673.31761674434	3.67889398366312	442657.814119743	683723.532100176	3.92518081933426	0.177862136769411	0.243487406294612	0.239170770811538
8973.46082620912	2986.10765819747	2.8396408922309	516304.291584215	737572.774661476	2.62149459751792	0.167283538682117	0.223594069848108	0.225813639192337
28435.1110768693	2738.65331851104	23.1871655801577	686087.120822373	699738.433692302	12.6973678980795	0.171090325338874	0.224103426715331	0.224135671513521
6006.92310683961	2757.50341209688	1.87165109220273	445858.792344525	707831.111897567	3.41787436160702	0.171590433956757	0.23079546943626	0.229653859299457
6438.41151623458	2919.341362528	1.8946449083039	469342.703957424	754530.682328634	2.76880510083124	0.168686420670729	0.22862691244496	0.227906072793184
7794.7234623305	2856.24857893344	2.59219904308752	533184.597787367	711657.779467911	4.11324278644898	0.174438115184695	0.229849220011702	0.232088622678603
5972.20359125392	2720.5673172422	2.44565775931079	416451.46855584	723418.703060996	3.22235666218614	0.172508535002493	0.23550049278629	0.228474237136704
8891.78385406106	2873.02686522295	3.22630308770538	497490.858477774	729485.887871937	2.84376346198441	0.175375054108132	0.244610330408477	0.237288542482987
9097.78763629742	2945.67832047058	4.25815133755546	527401.126275863	732790.780022771	3.81980055144709	0.166151691165864	0.222175873067334	0.218662136354497
7222.87128851504	2834.46836186908	3.81420239688503	433488.545068664	708046.996252239	2.6760499175343	0.174450528586992	0.234800609632219	0.226562936010671
8869.50350657202	2816.81152903777	7.16610245325344	502593.394770949	665021.226493215	3.29872762981504	0.169746527846953	0.22940752668997	0.225814317933821
6637.78956274163	2828.59973479474	2.19618501768379	453607.779958984	732675.292230605	3.00397133213596	0.177023404318889	0.241929586023479	0.237842910655635
6928.6750785199	2806.43100878742	2.05193607375617	505085.788976782	679349.620686036	2.81176368500661	0.179038912219414	0.238980059271348	0.234572635559922
8375.72597272113	2853.07216717562	4.19940376904674	475666.780449689	685008.615819472	2.79794321034451	0.180207585857012	0.244077704596034	0.241174112384446
8393.38010772754	2822.0029146304	7.01649750212594	463620.220164732	701990.448298935	3.03898805142407	0.181092260642624	0.244498308668565	0.240604591447054
7294.48877949793	2964.31360728863	1.99898834840305	499414.925666659	719362.507126658	2.56079559163383	0.173642681991661	0.236069126596404	0.234463988675615
6724.26501090791	2712.02862910459	2.99955494092689	431711.068419052	682081.819525602	2.95022470544512	0.173126056275839	0.239951484454682	0.23605010573234
7618.01001730998	2854.35071956722	2.47190653053492	504709.003896849	702392.496632081	4.4724210491501	0.166414438690701	0.228798934907976	0.225056517887399
9053.44161287505	3038.89320046556	3.88788007848182	504231.883781955	738035.34478541	2.49494113688777	0.176163566938042	0.229657184477798	0.22536177158103
9840.90477915678	2942.21433288682	7.2206203282304	496783.708525239	723940.776423532	2.64347182685491	0.181347930501553	0.231445815723679	0.231730560753889
7575.32561073435	2830.17123388633	2.66824178172508	487270.807327158	663676.599357776	3.63234997309256	0.186667745371912	0.245699780177315	0.238272218619153
11398.9069850567	2967.12289424152	4.62361373821289	499307.808635698	745913.945834846	2.80636575049712	0.181561055102256	0.245563820213075	0.23582127963095
6975.78359374125	2699.82965420053	3.24957762695543	426932.820029	665293.611444058	3.0399535632318	0.176782193506596	0.237770069255622	0.231243794896232
13206.77865348	2835.45641981151	11.8672831149495	523248.047406204	702274.582460438	3.74327856969991	0.177717900942729	0.235414135864461	0.231898583839779
9287.53272355763	2917.36797647551	5.05877962837527	533918.445957451	703469.396899834	3.2426483017761	0.172020137645337	0.233218911252216	0.228015035325121
6381.8624161506	2800.73874013133	2.66124039462854	463138.057648381	721453.702553418	2.99961696716383	0.184455352030002	0.250939714117502	0.245643303193102
6483.0715320902	2626.66928699665	2.67710199476268	465357.63698186	643817.711313467	4.76423248258826	0.17930584121793	0.241786461224705	0.234360116909256
6899.03973682618	2847.03570122264	2.07639610503269	483116.606210635	694501.87414571	3.03042972937233	0.165622184436213	0.226624223765147	0.224124591866498
8154.52292078615	2969.92073204717	2.33673065613307	525546.159601332	742337.976588459	2.39364133952513	0.17217879957261	0.233781678797526	0.232441672681026
7052.62949328617	2825.11030814669	3.86401667691134	486885.250535264	730799.04655553	4.15486710333376	0.170120215161314	0.231628469582102	0.225767391572814
9014.61799449844	2961.09029415682	2.52759915071284	561581.596467758	747496.330163728	2.7190624343961	0.17900431815394	0.24306019711068	0.236228274187997
6799.24816569535	2760.94574521612	2.34541387102997	421572.425289523	675115.004913803	2.51346086288072	0.182890127146601	0.249580383768869	0.247037963253247
6533.30487457635	2812.33420502073	2.53802290736154	484713.228350392	740724.761848056	3.62320975274053	0.168118739316641	0.227164475548506	0.224736041339143
8565.97891931291	2952.81941066931	3.11729659094065	509413.112426496	692115.826591452	2.54076388174871	0.1728235930683	0.240984914927834	0.237426993345522
6727.35282368405	2704.670936528	2.69708428302212	511680.734086471	707292.409980387	4.64775052407418	0.177771490123865	0.235187598143814	0.233682491075086
7117.52948654414	2831.49354105116	2.32072715288131	603994.900482126	704437.714160982	4.6990413802395	0.179605082085378	0.243506292666445	0.241176747325763
9005.1303342565	2988.00075002953	3.91868310887462	478942.399818126	710798.912184265	2.33324107033192	0.176081033120282	0.236066761989508	0.232744320611173
6158.10826546773	2811.31178891034	2.11196484634363	409011.7724979	693660.523361572	2.6767215384728	0.182134254931006	0.250338901387742	0.245024824206234
6983.75871132326	2739.78868163399	2.65206116605684	429804.08680196	672461.654020938	3.22260277236532	0.167875933487205	0.22677294544794	0.230196165036158
7301.2555391108	2895.31826235795	3.40771803118447	463629.961572464	682221.213699307	2.73036899726831	0.179645850958768	0.240051054407434	0.233356119040851
8577.34746220048	2895.25975613434	4.7180990058738	487409.441298476	716458.94866353	3.50779564868013	0.175720142712382	0.236574899939378	0.229583630718938
7961.44828587627	2892.98775265963	2.13001519886018	556932.786272301	695690.818430432	4.65376071050635	0.168233512731787	0.224646073603418	0.22283032367405
6106.85457503716	2677.04272512069	2.59128088377865	449511.386296452	683330.013502144	3.33982521545752	0.182333547049506	0.251329816132157	0.246102890742374
8592.24161288521	2903.00726081463	4.35974773643956	496704.697010353	744700.559245074	2.99447004979905	0.172786540182232	0.217745540302057	0.218846181091321
5833.23588170693	2722.08066374702	3.3292271970797	368896.039604455	663640.168127027	2.71541693212888	0.18054292564729	0.2477695430268	0.241901772107737
7142.96774534854	2709.48641343156	2.12095510925975	471631.247216788	656856.104996563	2.7475558903901	0.175833968941573	0.240694642300047	0.233830919696759
8456.4637646658	2902.03194165067	3.37971287956789	492510.200633445	750136.326417359	2.7999871795132	0.173771863895358	0.232862348429412	0.227200973053897
8235.9499055655	2778.12170445096	3.8917940968082	522667.901301634	682007.065033805	5.62785252136949	0.175074855550064	0.237487822533801	0.23401791667866
8706.25593191492	2950.94396733408	3.72746153544342	570671.524370127	750333.787332698	3.66659451103339	0.175601711621677	0.233401708858338	0.23061447268018
7195.44441453264	2835.5794472713	2.73434903652424	479908.888317368	699297.936868631	2.88589125080462	0.179308948259866	0.237288501211761	0.230857324734131
8656.69246758483	2788.49665702876	3.48456976351121	441203.192660035	669713.386489775	2.78487812563059	0.169757339471847	0.222675735416246	0.218865668433242
5739.45189335829	2750.7767872342	2.16684224585666	404496.843572869	701994.592158103	2.64971285549867	0.199196555617449	0.263249267438497	0.262573821501418
5990.68920546704	2665.47278400106	2.65154133753163	417125.997030357	675460.852780401	3.09216853906769	0.171041929246841	0.230155437473286	0.227508749284164
8361.18321193876	2941.55620723917	3.00225906599259	500855.582739005	708873.956876335	3.55524212270521	0.177672467303591	0.238014048152591	0.231407545884744
7823.18494501914	2990.05081519018	2.48466876905259	462504.245253893	727231.809544284	2.41556740720977	0.18237002354755	0.245626946210777	0.237860848782749
9208.27459202293	3162.94957339223	4.25712488039999	560906.360005323	775428.472275947	2.40298965297447	0.179782759409051	0.244695832055722	0.237616648377296
7568.53793402868	2670.02809206481	3.27076791288134	433971.925761208	664319.054894683	2.72155553028908	0.171758486645713	0.235494160181818	0.234671218845804
58168.649827162	2975.21470783093	26.7293074098578	912599.527595221	791370.211830357	12.0665971124346	0.173716712196261	0.230728410447133	0.22727757534947
10292.2349675182	3010.94531294252	4.8573958015558	528909.672990823	736754.285486142	2.43743088272609	0.177257850003869	0.240583679014496	0.239624498964247
12000.9201610325	2726.64068311693	15.234797533459	502714.583745279	692098.689690153	5.37947667202694	0.175857487752217	0.230170486016273	0.225330027779707
8210.04480741199	2941.899312354	2.80182565507202	481117.243260261	717016.504940887	2.68241768101066	0.178764301079644	0.241037154200357	0.234870260816746
9239.41271450567	2870.70383203934	4.02387542438096	561363.812396811	722732.983381279	6.35261778541534	0.180635983184065	0.243232987093903	0.239027903454824
8911.83741809201	3014.07640186484	2.31384069154853	561237.506328441	743084.222467813	2.67816331661233	0.179534090817413	0.235890688288007	0.231766401607396
9637.21381953301	2911.13911918141	4.47752688329858	539997.221351956	691196.224301649	3.28777491172158	0.179113367198405	0.243584851916948	0.237104228437289
8952.55250622979	2789.70436111547	4.53569531739299	504887.206409233	714882.235083877	3.77947271337329	0.171023370290986	0.228255368612965	0.225135669480552
6758.09902428606	2664.55113379602	2.20290360496324	452846.825814992	644794.898960438	3.07562155551424	0.183741371619451	0.243907086172853	0.237727568513999
7356.04917648358	2818.14490752827	3.53484927381442	406515.466569858	701347.645356884	2.63675353702946	0.187751469272438	0.25573043251767	0.250276931998736
8522.38830223234	2989.73059368839	2.34146051664217	522749.030903505	711526.148965094	2.31743572431317	0.183075881191487	0.236708638320807	0.232142749254651
8718.61059079611	2817.15364698293	4.32277458925099	572920.247509781	706552.895818885	5.36868686941724	0.159605916386669	0.214156744170969	0.209231515850042
9877.88148733439	3002.0033394338	4.79264521592518	566940.855958654	736117.023594525	2.99738164547762	0.169798298515627	0.228685508227722	0.224052207924678
9232.38477280336	2984.43637550281	3.8843805760164	526226.341220876	699808.523373744	2.36976480093168	0.179555443281019	0.242342893913855	0.238944634894441
10758.6817664063	2957.76467510093	6.90383501598377	517721.523820223	699817.64238696	3.12807818813532	0.174520109997044	0.235898855198201	0.232488419012066
6659.71878120406	2766.04268923708	2.43769635690505	458829.601679946	623793.065376011	2.77122042282962	0.188248734164964	0.255011865169637	0.24957021423754
7111.36671475288	2782.07383467572	2.19069012237733	451249.598440997	707323.272943471	3.08858240497906	0.177415732634958	0.237770508719805	0.238995760925074
6501.14570198481	2598.50385505386	4.31461753661441	402797.965835122	635212.548304624	3.43975472379742	0.180507382081262	0.24337886271309	0.239279289420384
7477.91497616565	2936.23292800115	2.39866085716487	473308.687111749	691920.035045597	2.55311420684898	0.185239410114448	0.253209324381547	0.245127333881146
5894.27695928069	2577.78909802047	2.35926813299856	386124.980784606	627914.251794302	3.26374528468663	0.177201059667608	0.227537096967005	0.2241603849254
9424.98408201334	2970.48770879581	4.96090290870302	541388.067839296	710479.173296791	3.69620076127642	0.17347075647602	0.237066300725015	0.233048156735619
7292.41342899831	2770.50978532652	4.71797305286804	446696.252597814	671243.749959426	3.11491475758073	0.179029688518473	0.235780146017493	0.235313975020994
6658.31472833023	2648.66703433945	2.32344023429759	380239.19294764	648201.698467971	2.72424818407141	0.170280229135479	0.225365820526957	0.224487221890949
7827.58574362255	2770.85488120218	5.17597964843299	489411.575341976	671141.734085274	3.33391446194506	0.169991267131457	0.226834602048353	0.22415662479457
5695.44032865135	2726.59884640824	2.09908089986681	395466.311695969	679201.810354951	2.86940613563818	0.173558135595314	0.231256278336135	0.234794848085857
6693.81955360405	2778.37832571464	2.54960919922334	514327.464156134	750160.633023231	3.4460566228432	0.178477553901312	0.237063731498264	0.233904507100171
8401.9698390096	2774.0004837873	4.53980303931233	606758.031735883	752170.166883557	7.42568396214708	0.177864879911599	0.237036950355247	0.230371683773852
13841.2351881342	2877.39199725431	14.8210644927978	507495.456359263	656610.645890365	3.56008026659155	0.182532517442556	0.247351465426205	0.24085201194828
7352.7914945821	2720.61846424497	2.98965333233343	463085.457370308	683772.216450393	3.56207278853054	0.183600661685314	0.238291433158266	0.230825522677015
7783.40704946646	2650.90048851914	6.89699321105849	420077.000485589	671023.743012793	3.51855097322845	0.173086266944936	0.230201061203694	0.227695105033872
7823.57253718478	2966.92512631194	1.95922861147133	507711.857773415	720888.560522716	2.73031735678398	0.163315530442245	0.223593643791936	0.221863268163752
8140.35699605423	2700.70711924277	2.89083827749647	478882.08683771	647497.826116815	2.83679988093153	0.167615899177614	0.221838504507157	0.22729026000177
6220.99777753582	2678.94321445168	3.03329240827576	401197.285081571	669632.348898504	2.74670758628339	0.176580121078964	0.23274006064413	0.227429672665705
7373.85598073399	3051.35699727119	2.05396916735053	502556.033412657	746000.574631811	2.53247136209712	0.181400681280183	0.248325692570021	0.240748956613751
8021.1147948642	2850.72210707044	2.55728400929552	480607.004297655	675838.57118294	2.90513350841742	0.165608101486356	0.22619557661863	0.223394964366307
6912.61177526692	3019.48141293336	2.04363193524855	517323.015239991	770672.597880536	3.00653009044996	0.179102257019641	0.240555968723982	0.236912814794299
6698.06478374773	2835.64798305886	3.27419200077745	440545.248420055	737805.622044329	2.9932717353136	0.16859010854987	0.233830501694714	0.23433957525353
6782.04032565262	2809.36546926112	2.88738112323906	509251.622108	764633.943936417	4.85579384433459	0.160861944445694	0.208918822017945	0.213572667816904
8879.73017792893	2887.84658573942	6.32311668254441	479471.946600121	714032.159827401	3.18160932624229	0.176100711278645	0.242573305077141	0.237489442598822
7485.83250166938	2855.30223159882	3.00964490885034	476663.898646809	699556.561861191	2.89474421081665	0.174094178929246	0.233449946527755	0.227826192698505
6789.02791179774	2827.02421454987	2.11672265265474	477386.900650148	698100.469434473	2.74957281848838	0.177833367345826	0.238709976530745	0.232846628650594
10014.2922955496	2716.54833453948	8.9808866515751	431209.037762005	650289.663440879	3.1512604599952	0.184740225642649	0.247815346608601	0.244054692023064
8482.86004315391	3138.67234180105	5.04548070591842	601478.801379061	870544.512141587	3.10297731206789	0.173600749723158	0.230156865697361	0.22557649790209
6924.46860370234	2845.45584814263	3.93590541621703	489901.163922949	716404.442302509	3.16294570327048	0.170994258480385	0.232301446118158	0.232940359643227
7410.35288757417	2777.44771579231	2.56694065155075	518072.918195771	651420.196681852	4.80865311489035	0.179082922889586	0.245227082458895	0.239094631684723
8513.8160053106	2888.1122233245	4.74236366244398	493438.714234399	669279.460227447	3.05657770887917	0.17890430182794	0.230457505315223	0.227310327179341
10185.2288241834	3059.96995520018	7.21627052421858	528656.172431028	807493.013951428	2.89636329718334	0.180532101778723	0.24784995141289	0.242926516778818
6398.32604958832	2837.79171690551	2.0292228716315	459118.976025552	754048.292327601	3.13651348051968	0.187211391620394	0.248359801265895	0.239224372238148
9972.34449605078	2970.86977870273	3.32539591999966	528866.451729687	734246.53455082	2.42717526357039	0.169597182480795	0.222838664215626	0.212706517135409
5644.71851950884	2737.6385405155	1.94065380092848	440539.286900275	698432.85430829	3.25449118916294	0.1709497907401	0.223509819616385	0.218327371685571
6396.88064644196	2624.54082609157	3.17592552263284	426324.393274554	669559.879125955	3.64483076158349	0.175287670122048	0.235726266582002	0.231436823794266
6003.52587854228	2678.05195972756	2.25163817222268	437062.815200477	695679.522727514	3.51114958351388	0.179439639191016	0.244777228353512	0.240000946247314
7479.07387324572	2936.87045794947	2.33204046842592	489569.630259407	731022.309599633	2.70121458903108	0.170745727304393	0.23093031677778	0.228183024664284
8038.91564088479	2827.34368110378	3.85139949458292	410598.187566474	676396.113387558	2.54723866936907	0.177063797773789	0.246807834224279	0.242721005389485
9707.37314021267	2883.98845066454	5.31953051025055	500978.578851432	722316.562908491	3.24658742840647	0.170626010075816	0.233537605789889	0.226678167691933
7305.9882003911	2944.25768880886	2.55551156840804	535004.43922141	724217.324563392	3.49435255991814	0.175370725526925	0.232677249619923	0.234132046118396
7327.46784778405	2713.43709031708	5.73454180727362	417686.495590906	686062.738640687	2.77328182996551	0.167964820605257	0.225089492104186	0.225820542516969
7106.2985040888	2831.2105385799	2.54279665936106	472307.794633501	724266.152736441	2.79381113443357	0.171878753320289	0.227492719754274	0.224202084509611
9419.28025726481	2864.21683650228	9.32341643404381	647797.970671786	722355.497234004	5.86185838414652	0.178857998324142	0.246525794628187	0.240959787045972
6343.22822799298	2719.27547174753	2.98214612049808	443481.164131515	690877.003828419	3.33259759987188	0.179282720074245	0.229856505734458	0.226964035513697
9204.09982063895	2841.81664889213	3.79041875110255	471090.780900356	746506.127682103	2.76051389902213	0.183871777590473	0.249475911178382	0.243643502876504
5789.27161572896	2773.16682011282	2.05056418943137	386010.45587256	700816.38740517	2.75490718712617	0.168644798742178	0.228582776705712	0.229777211503102
11008.0881157086	2787.06449395567	8.53979291026452	502926.586114631	692470.063030455	3.08550723319277	0.177765481883831	0.23821436908135	0.234839757582056
8481.64672898554	2886.21249136508	2.60950880120843	502570.421559044	720611.705329915	3.10589748871947	0.184998425090986	0.251640864664136	0.24803862864291
6874.54679964723	2880.93473958791	2.20469298502139	425914.595173527	721454.672462803	2.68370352752494	0.179132759885993	0.241686681501462	0.241459681287216
6361.26216927296	2755.19515115099	2.22677187658846	440741.807931934	687766.678828013	3.55520774080302	0.181241204167299	0.239599217127345	0.236984548906547
7172.91169964389	2803.58086219228	2.33014943578118	472673.625708411	665724.82281353	3.05509896273131	0.17754941111401	0.237727746731281	0.233947800380576
11528.5701094514	2742.14882288464	13.1770277918954	460931.469905448	652734.68878731	4.5864404894854	0.169994146615387	0.22673560180128	0.226804238065421
6913.4660932014	3013.35926337258	2.43633177685742	466650.213841084	702322.931184858	2.52413171114654	0.175119998923262	0.241072346963339	0.2325012399315
6473.73804197319	2804.5732000946	2.15408797829254	428793.974889262	713165.57234836	2.87789725170607	0.186496950237834	0.244782115087345	0.240515536535973
7459.36575173919	2903.86610507081	2.56355923149896	543598.345502846	783666.419283487	3.48337441574137	0.17621841233807	0.244587334184946	0.238352318978673
9466.80721146529	2953.82991954394	6.85143466667084	505764.050880533	757107.538682227	2.62779243921586	0.170452921822463	0.233409120204939	0.231400308629205
5667.46156660298	2747.31950994177	1.83976765475335	383884.142458304	637183.057179063	2.75296154079556	0.171154892334987	0.234185246709124	0.227185976764831
8590.20905566394	3005.79648309799	3.64936214972008	574783.891003615	771358.434991739	3.08032419817788	0.171714585003469	0.217750178620596	0.215936079294861
5610.70172974012	2765.52509580921	2.01614735407324	481080.486374571	735673.591847093	4.27825022412658	0.173964537570569	0.237490991597066	0.234558209269325
6442.43798440794	2703.15384943683	3.21587960011763	450731.584125351	687525.254553288	2.94677128633015	0.170863675268503	0.230332145161055	0.227806321815816
6800.46544763611	2687.61138258176	4.7670327584331	464363.28409328	689412.986290482	3.48816921864753	0.179138694742261	0.232756639980759	0.22124453391022
7866.67349585737	2677.02522685328	4.26475729360361	460273.980101298	663765.088291388	2.88009034939856	0.169511871963727	0.227974611225588	0.227246287434516
6131.73842143934	2819.92816233656	2.13902564873417	463354.141370662	720009.012697448	3.07284044939892	0.173062673583819	0.230238585983501	0.226792057234506
7614.77414791003	2814.56997894822	3.21862404675707	484295.151416768	690064.762575582	4.16233341645918	0.176975322273199	0.237665133529836	0.235076611879197
6882.41301749609	2755.41355479133	2.48567350315997	484378.195873756	683605.146851507	4.11594705268697	0.162174233521604	0.213573856403829	0.214759213097026
8969.97006985304	2878.43651568094	5.6542337566129	474275.874748438	716441.671728184	2.80463857650759	0.177324959448101	0.239534075902316	0.231651024004191
6407.58816901559	2751.104419218	2.11098300846454	440345.827660524	701943.989823239	3.09598577204787	0.177531833469529	0.232641708292291	0.231482890766283
6432.47427563944	2840.26068576799	2.07559246824257	455461.241979445	743620.234225774	2.96580098427064	0.175889413104192	0.240851063373984	0.235095483369274
6588.67111841164	2819.36241048023	2.01274837563326	459630.430372725	711815.406273428	2.65269819466498	0.182328264967221	0.251161456063898	0.246106525092784
5277.50197766657	2640.76405195962	2.51442389671073	399725.190559476	686154.612689905	3.27033389169992	0.172642813045459	0.234479052120387	0.232676019731973
17795.0961772012	2839.97796603228	16.016196104765	502666.693969225	692405.534613809	3.44153503174068	0.172684137977045	0.229751967102891	0.226499916533732
8146.95471879962	2993.27733006972	2.9056634769771	566549.950697462	719194.241412121	3.59237157909159	0.17641128497992	0.239506177338943	0.234837668669049
6916.55045667694	2860.98263088547	2.32753061527635	556068.91328858	693555.760094734	5.37461766697125	0.174422006548972	0.236861697772917	0.235967310578472
5710.8667332765	2600.60178972719	2.41448400314932	410029.947617807	708118.96267153	3.22102615827651	0.177491705623066	0.225369001710284	0.229043464910701
13115.8334961058	2710.28098967782	9.90772245115482	441093.195568238	628378.311856896	3.14900944331559	0.166137737743445	0.223611605857691	0.218418411552448
7644.64734392771	2832.16819917259	3.2323411431831	434785.699841534	751734.388645896	2.78193946276588	0.175014894190545	0.230049994133771	0.229442543431475
6601.02041916153	2673.37606617685	2.96301846211396	444817.832699695	699624.96474848	3.71747673496315	0.178497806824801	0.24308642356159	0.24248486150942
8456.43073687838	2996.27237425365	2.54734064913716	524760.257929589	707351.879804719	2.74980566010668	0.186093581145121	0.247011185068817	0.236571385495672
7334.48976722649	2877.33442399221	3.33853410968865	476087.090368128	793060.187552898	3.29388977808572	0.168169306936919	0.230558010498452	0.228549176712772
8159.18373085666	2952.74870621342	2.31240227638722	507957.358501626	710350.376566913	2.64987079611042	0.184763320185265	0.249128421841842	0.239695509783955
5870.33862599235	2722.40090540482	2.8096126884231	396447.320289898	685924.151667142	2.76604815835966	0.175829331422928	0.238499005157096	0.23465210336012
6623.22118063592	2772.87335169253	3.60204854682746	438185.18160642	703109.631134466	2.80323571312732	0.170263838595446	0.229840358269079	0.227977633656958
5648.11439186317	2733.53144893229	1.85882112453205	460446.316679038	726564.539005693	3.42907095015669	0.177122889872423	0.238285575576536	0.23699610975799
6199.26523772214	2764.18986725254	1.82966630717179	459837.979260027	717769.311757161	2.79829893941008	0.179921926116269	0.241109245859391	0.237095556710196
5964.09933563426	2693.53758232171	1.94958831320243	439655.047713065	661816.36273005	3.32998050627864	0.168886723278423	0.22649202910819	0.224287743059671
7609.98720826879	2917.41406070603	2.23580385951654	492893.66533393	706713.158226292	2.9706188057766	0.181236877189165	0.243750048054207	0.240931438051871
7699.28364083622	2959.90315845113	2.25771486004934	548906.831018495	729030.127169267	3.49852285875747	0.179280560662124	0.247413096159061	0.241071962169392
7553.25817577358	2861.63622266758	2.68530703725825	420103.743764187	714940.671316842	2.45950594412806	0.176733198984599	0.236395501948889	0.232996688478128
9993.94697631934	2866.28754348338	4.24624431350723	540270.127377585	712180.659483045	3.45356168340147	0.178028928777693	0.232871159471726	0.233699391364126
7074.40515558931	2904.01871458104	2.03044740484785	473008.553751859	720239.858989309	3.22742028892603	0.174413339998894	0.237717799069345	0.232824666488969
8970.18491407631	2774.83318625153	7.14587056653975	443687.193393378	681320.353862552	2.98814933579225	0.165526379844217	0.221669773053022	0.217754516126661
6395.45740030295	2819.77624922748	2.82764129194696	500984.326538905	737441.358479488	3.35091404664834	0.178216067426081	0.239416076878423	0.233699777520089
8164.05738880959	2945.361382511	2.97460743656199	489468.852885823	716351.063541803	2.60323816791025	0.178498849824244	0.239848788312072	0.23228847945195
6241.10130519793	2726.15211681022	2.74563571577671	407366.592301881	691173.786264382	2.82206556746151	0.185614580499005	0.250553394839432	0.246133896383518
7059.2156081226	2794.57346336777	2.01392484007332	442077.93763625	700358.676037898	2.77690611899487	0.171263565071809	0.225859934785751	0.226508402176436
11590.5542515504	2871.00603169934	10.3147603202764	525520.283801881	705821.501331788	3.29324945611763	0.162007090237199	0.217945068145724	0.21533835138005
9446.21098331716	2958.2060612983	3.01861164750188	577965.857857833	716227.979310349	2.62098464211456	0.173604323159152	0.225876435907677	0.225781644166568
8204.05451550131	2867.96504685781	2.66344354200388	497242.391169683	696381.114965891	3.25038542875748	0.173168170875436	0.231899517058238	0.23064742264359
7479.39201760337	2969.98089536076	2.56005186809716	527429.800308387	741902.837844488	3.48201909502714	0.178918164760627	0.245155812025132	0.239204123636762
7201.6670197258	2857.55584585764	2.76373945524708	517072.932512913	728686.122435682	3.85010855809507	0.171966246241127	0.225686938672933	0.227580351801481
6192.47884323908	2884.05224693961	2.10066550590587	451956.716391102	733734.42636157	2.61572465047683	0.179234750144745	0.228321332225543	0.225105386617734
7606.33470231703	2846.4106669712	2.85116989276461	530152.623937974	722553.405303912	3.55990145865837	0.168574366947481	0.219099456203679	0.216797774073989
6752.01771274141	2857.96875446864	2.67396700921821	543268.987192472	728573.892671575	5.82082704593609	0.177409563414756	0.240078180335428	0.232485716165328
8482.67833181452	3167.82376022507	2.80663839402888	523957.935334157	762271.323544185	2.40290052716935	0.181074885584766	0.241716468643714	0.235714203860479
6922.73595581683	2868.09964980707	3.44262293600865	502292.844807078	701776.10082242	3.55946167713021	0.180643456999796	0.239095559913078	0.242588666903105
7421.7904768527	2717.76334670245	3.40950275301631	463114.151918925	672472.880050971	3.20504858985666	0.173142065311101	0.230899515565061	0.228169699088603
8900.95149107111	2857.88679860173	8.04911739427149	449006.153066361	696921.910802922	2.74524142215942	0.175808615375197	0.235576752514694	0.235253102169436
7905.81816068896	3029.02871311548	2.21721418734653	529633.334224975	738999.143563464	2.4475907981823	0.182066911312991	0.246650007245131	0.247644358542897
10294.3116152623	2997.51735842273	8.77647028800437	504958.136998075	763469.087620914	2.98777589909385	0.173656494520332	0.233664984458042	0.22723156731551
10270.6580359581	2942.93382880648	6.01634282889557	488691.111120467	743031.170638541	2.6097395997147	0.182230232560399	0.244404651663896	0.242057183441377
8086.60249795817	2898.27274509463	2.79831418841025	454080.941098723	724732.35531021	2.78424640958373	0.175665556906456	0.231557810660887	0.226782218691536
7042.07026530279	2824.2650488287	2.35612550605293	493670.617540473	690539.232541946	3.66552263887862	0.16200607292263	0.223922389506669	0.227663336217117
6920.32328591206	2855.37214822093	2.83201487236126	488895.988591801	729547.691297365	3.78003773150995	0.179370779888178	0.246781532529873	0.242544869706058
10833.7344546059	2864.10557101556	6.33996453871525	505369.225353599	689675.434147705	2.81534768112672	0.183997333783208	0.243961726107447	0.237988462373174
8515.1546108249	2889.48141859721	4.78864992628216	457877.558069015	743961.871144194	2.75828319668552	0.170727086837126	0.223868152111466	0.22203676523523
6557.11235827598	2767.92246489746	2.26201906438246	504461.293866637	708410.53245034	3.81083872451657	0.173226471854148	0.221479653119091	0.221516018294178
7787.96876347171	2944.28439435844	2.38093936528013	469680.377180188	718909.885944714	2.45215046347153	0.175920769642206	0.223763039128655	0.226827797114943
5912.69838516449	2750.64105075336	2.18072064543324	412747.151287961	728213.594641802	2.80911596841361	0.175254122288329	0.232257605969914	0.228452834215741
6961.44813531586	2760.73450332992	3.89588889875382	416772.385676452	706133.141331711	2.70959232781766	0.173396081374383	0.23032687073665	0.22702438971929
7505.66771838764	2715.3659571006	2.80484919016871	481933.766378708	648090.986652339	2.63637708549637	0.165548514972371	0.228401562516458	0.233860462896355
8917.9990951543	2834.46170878769	5.86768016375989	443076.801857222	687395.004879316	2.97995816789699	0.180621464014824	0.247997432244661	0.240686303803784
7313.70179297262	2915.46832372945	2.21419594634128	513781.71370336	711535.339561946	2.70250788680923	0.171465362749695	0.234530190917128	0.235326544657106
7935.3319128814	2861.90861944473	2.92707823434819	430665.347216019	696763.721772906	2.43715874050355	0.175924980209133	0.239120400048915	0.240387266122582
10544.5538711091	3010.42337290954	8.96435079988041	547129.541083207	739139.406229731	2.5335024980602	0.167386793132188	0.230310800473688	0.227747971917421
8264.11380583242	2819.75624575087	5.30121673206462	643332.191895259	720653.845531877	7.42523523058014	0.180735081766442	0.248746998608253	0.24197511017666
14001.3358335648	3021.59595493278	11.729139020178	478913.951832967	728177.186975064	2.40868366884983	0.173846087206168	0.232119037708306	0.227730890372102
9130.0415747278	2909.89700471691	3.40258344902519	528203.134092302	725008.283007055	3.03171343053649	0.181666683581967	0.237605412980673	0.23116684778024
8156.63929232287	2965.43594516906	2.63332700246812	486995.916294576	710510.949633418	2.39644959026063	0.179100952150364	0.247564913792785	0.242287508150087
7998.08492704005	2825.57266361716	3.26225633237186	520418.451773478	691456.182423365	5.49095322621389	0.171920173481327	0.2347107593721	0.236335866691481
6797.66789181526	2909.89704049332	3.75576033507393	443760.347435213	744009.24135642	2.59916403487282	0.175808835327528	0.234548898994043	0.231884930340383
7729.11854994421	2935.08667293388	2.23125043277131	489473.302250771	716112.878983308	2.94513022174807	0.168120850884475	0.230594034894407	0.228664536144188
15175.1694950195	2626.23603148119	20.315082166283	434058.138995568	659243.320671128	5.19017368532948	0.169364487747433	0.225606616069585	0.224263608576782
6814.98169059895	2816.32357027409	2.56076208020735	464972.692067223	756983.143445502	3.27028823049485	0.175488999056682	0.236279979710389	0.238384717531718
16952.7439468435	2958.49975162267	17.9083546365187	551502.801553011	767110.812017316	2.95626224639129	0.173721859548941	0.232338184488007	0.232035999647316
9932.54717711159	3068.52284455363	5.71857630666703	561643.874306917	798356.909925797	2.80612180120595	0.183851531616692	0.245633245196767	0.244333666983939
6595.41147993561	2732.5056082691	2.64123267354914	438400.31866346	686769.675377582	2.99682554355708	0.17107288780561	0.227919812772628	0.228159729099585
8809.65726588253	2972.91092207142	2.21973979393054	490068.50277425	695522.271457903	2.28789560571026	0.16683573685361	0.220699266067289	0.211353149970475
7201.09430535567	2796.54609123969	2.19417858208185	464508.499485552	667680.32581215	2.88928686448555	0.174635623818456	0.232065290729446	0.231831434031196
7454.36038264647	2993.97151799488	2.81202436696966	522105.528521717	760474.46333444	2.86626257271785	0.177886423398067	0.240961740169447	0.236801310425242
7511.51159083131	2940.36281308969	2.33640344540714	482522.923598399	735948.530156674	2.63697837144234	0.169205001609111	0.231870364619667	0.228438289356395
7412.21304682785	2882.38516258738	2.26240674995509	477266.812003198	736618.813835387	2.57331463336696	0.166274990282344	0.228358429041222	0.225527403725028
8244.68331057819	2875.38198703542	2.76937910522981	536736.38263222	716676.669095343	3.43021781283808	0.164686345483452	0.226952597603351	0.22252978825783
8654.1671268589	3029.55175047859	2.94665186475299	526859.870565302	743359.256080341	2.57837235804855	0.174824668344636	0.236540315871622	0.233161329182781
5717.60390997409	2770.82219013867	2.49641479739027	420979.139273675	665930.221992174	3.05223895159372	0.172010076353967	0.235008945870025	0.229903315789228
8072.8339876905	2813.11990953498	2.88300207425607	485815.979714203	703109.902697023	3.34763587493028	0.180610402099159	0.240116528721816	0.236619101227691
7016.68748085884	2793.55563410106	2.24330480766982	438740.749605262	671527.887828166	2.60819009357791	0.179785665925289	0.237475615639795	0.234217189681738
6634.61882707325	2868.84635659231	1.86062032754132	459794.670677798	733635.231953443	3.31010964952842	0.184794832906265	0.249971967586742	0.243194446858959
10405.2456952334	2871.38041171486	10.2160318179302	549988.45559732	719325.14121152	3.45364969662446	0.175505997687307	0.237012391364983	0.235753510070725
9482.83342956977	3091.23496917523	2.80851165605805	566644.992148421	757430.711926203	2.74145240786641	0.173101210361801	0.238167376956156	0.231980037780571
7805.04238440877	2880.63709642636	2.42083009265662	477618.310374933	727739.489693104	2.97611811909749	0.175741410221575	0.239049191745883	0.235516377117321
8530.93710573933	2889.53112624341	2.9866183777585	547569.247173145	709659.162297286	2.89031584001609	0.169417482548014	0.225703008373919	0.223994729817809
2670964.96128942	3069.08464991624	32.5849342251352	7870709.96919549	745599.011445281	29.6369849721591	0.17850506500018	0.239773682312552	0.244493596823247
7048.66984566472	2770.73954521187	2.99722834416267	484005.485817021	694925.514139563	3.86362000651429	0.183646498614357	0.242409957533739	0.242553386584153
10966.0264596741	2666.8542911075	9.53412066025257	434648.560032105	692043.575761524	2.92807262601367	0.173046329825983	0.228883538990977	0.223704384553516
6299.44291432633	2932.3188167348	1.92619202634002	446317.633976871	738007.36944125	2.66304857923011	0.171676902275708	0.231727650862961	0.227528379679503
7057.90190834655	2942.02646894865	2.45015622075748	503718.949652472	773661.026474856	3.68194641187972	0.166564309682491	0.223182405602705	0.223029803734022
6521.81116840297	2816.5658585118	2.22501960847816	445912.277562441	699832.314569905	3.21209554644409	0.177778063856951	0.237108158241836	0.233258958162448
7181.83627069788	2899.78009800167	2.54154349261424	518507.797526738	756758.580563165	3.21453884291266	0.163417572129126	0.224276473937671	0.224591709870726
6723.76923944087	2828.45890425366	2.10626746258627	414730.721019381	668363.61816353	2.37035088277088	0.176535445881727	0.239868319559019	0.23740275197164
8603.66226824707	2858.0555856069	4.16829550300088	467034.968211674	707277.110609782	2.6994141960699	0.173686868904105	0.236636348976161	0.234661407553676
