# BEAST v10.5.0-beta5 Prerelease #fb0d1ded5
# Generated Sat Feb 28 15:48:01 CET 2026 [seed=1772290069829]
# -overwrite D11_RRW_pols.xml
state	joint	prior	likelihood	Current Tree	location.precision.col11	location.precision.col12	location.precision.col21	location.precision.col22	correlation	location.varCovar.location.precision.col11	location.varCovar.location.precision.col12	location.varCovar.location.precision.col21	location.varCovar.location.precision.col22	location.diffusionRate	location.traitLikelihood
0	-1748692.5101743124	-1920.8272652771782	-1746771.6829090351	36.0	0.05	0.002	0.002	0.05	-0.04	20.03205128205128	-0.8012820512820512	-0.8012820512820512	20.03205128205128	3035.843975934295	-1746771.6829090351
10000	-5841.656157420539	-1507.118731032297	-4334.537426388241	290.0	5.6402473149869504E-5	1.2756462018978995E-5	1.2756462018978995E-5	1.847584613483805E-5	-0.3951654788641744	21010.653473180002	-14506.594234900469	-14506.59423490047	64140.65205640094	3480.39411964269	-4334.537426388241
20000	-5498.372813822021	-1225.0880247424666	-4273.284789079555	388.0	5.514566947953884E-5	1.4055234886769682E-5	1.4055234886769682E-5	1.6855099363920707E-5	-0.4610167900253068	23028.101926075633	-19202.816582635543	-19202.816582635543	75342.18992946381	3546.578976626086	-4273.284789079555
30000	-5387.29515258565	-1054.06484623293	-4333.23030635272	230.0	4.5334751010385746E-5	1.001290457927237E-5	1.001290457927237E-5	1.296137245771441E-5	-0.4130655392829307	26596.032247958396	-20545.93631614671	-20545.93631614671	93024.44658225644	3327.0017439696985	-4333.23030635272
40000	-5239.684551730271	-1003.0771572081173	-4236.607394522153	980.0	5.3393248673883096E-5	1.1047702194389731E-5	1.1047702194389731E-5	1.322455330223128E-5	-0.41575576504351597	22642.839051938317	-18915.67427378483	-18915.674273784833	91418.94690528963	3284.5674543260106	-4236.607394522153
50000	-5541.000500590981	-1158.6900998537408	-4382.310400737239	798.0	4.929066826689093E-5	1.340971724628368E-5	1.340971724628368E-5	1.5041567349359164E-5	-0.492482407394376	26783.971361218926	-23878.19529337863	-23878.195293378623	87770.09845932016	3471.817348341304	-4382.310400737239
60000	-5265.490169944226	-969.2310408600757	-4296.25912908415	766.0	4.459490117162451E-5	1.201723374660934E-5	1.201723374660934E-5	1.3446661566463984E-5	-0.49074362721982767	29537.610566682873	-26397.65779347183	-26397.657793471826	97959.3944233952	3420.9443681243297	-4296.25912908415
70000	-5442.622390214772	-1054.9112356479172	-4387.711154566855	259.0	4.368362720883283E-5	1.0652710236399458E-5	1.0652710236399458E-5	1.5008904205662004E-5	-0.41603155779339684	27683.37254507816	-19648.53276748637	-19648.532767486366	80572.84593009984	3554.2517196662616	-4387.711154566855
80000	-5241.9181332966145	-1109.1241263661996	-4132.794006930415	989.0	5.8768313031867E-5	1.3773271607893164E-5	1.3773271607893164E-5	1.9187242042148766E-5	-0.4101655893481466	20457.68830331254	-14685.24224858257	-14685.242248582566	62659.5436424064	3191.7182847772788	-4132.794006930415
90000	-5402.6785696736315	-1086.8075011020114	-4315.8710685716205	712.0	4.139204938781203E-5	1.004511001199591E-5	1.004511001199591E-5	1.3613815582295887E-5	-0.4231616491854785	29428.946257031173	-21714.485619551735	-21714.485619551735	89477.07492720943	3511.3320783429617	-4315.8710685716205
100000	-5459.871988051555	-1151.509514752489	-4308.362473299066	240.0	5.094344600881398E-5	1.2353633503164237E-5	1.2353633503164237E-5	1.5076109721425917E-5	-0.445764941062136	24497.400232680233	-20073.607173657438	-20073.607173657438	82778.78107614467	3507.5960471911358	-4308.362473299066
110000	-5293.438728744419	-1081.3728149374786	-4212.06591380694	606.0	5.634389524120786E-5	1.5550022596912658E-5	1.5550022596912658E-5	1.8096771003009332E-5	-0.4869754247737502	23265.434708822344	-19991.30316612964	-19991.303166129637	72436.41507963283	3268.185050248676	-4212.06591380694
120000	-5283.271591753133	-1048.0067026734275	-4235.264889079705	435.0	5.5152235308178504E-5	1.4062210679807564E-5	1.4062210679807564E-5	1.7963814807639722E-5	-0.44675843008137617	22653.01717941379	-17732.953914373575	-17732.95391437358	69548.95423370234	3327.800882913104	-4235.264889079705
130000	-5406.336847162889	-1168.0799223985819	-4238.256924764307	867.0	5.203254038891668E-5	1.2696899688620843E-5	1.2696899688620843E-5	2.0040923028847075E-5	-0.3931889584456628	22733.24704628686	-14402.617929716456	-14402.617929716456	59022.66045353853	3401.6429944158117	-4238.256924764307
140000	-5246.640321602047	-989.5938138579371	-4257.04650774411	417.0	4.665974562832105E-5	1.165718155048984E-5	1.165718155048984E-5	1.5370945988620937E-5	-0.4352833733518239	26441.701891614248	-20053.13919407848	-20053.139194078478	80265.91760558961	3391.880544970824	-4257.04650774411
150000	-5492.40937560726	-1146.4827127553315	-4345.926662851928	721.0	4.435982338898974E-5	9.856004401191336E-6	9.856004401191336E-6	1.3745058650856996E-5	-0.3991468312850675	26815.04576441393	-19227.943349352863	-19227.94334935286	86540.96897599736	3629.6990333769427	-4345.926662851928
160000	-5439.6625871428	-1101.01249151508	-4338.65009562772	612.0	4.677521488031042E-5	1.03187662271036E-5	1.03187662271036E-5	1.3651813627932476E-5	-0.4083426120987649	25656.98362423697	-19392.91169119351	-19392.91169119351	87908.53398033409	3418.547898062303	-4338.65009562772
170000	-5343.410836355351	-1073.1292536461883	-4270.281582709164	597.0	4.487564243876796E-5	1.1540691440127725E-5	1.1540691440127725E-5	1.5665535180762794E-5	-0.43526512564917347	27492.395366406872	-20253.457555878387	-20253.45755587839	78754.97964238987	3554.4516854155863	-4270.281582709164
180000	-5300.513976978755	-1100.9919811769191	-4199.521995801835	112.0	5.7198867771590774E-5	1.4244682638512367E-5	1.4244682638512367E-5	1.9598839549206188E-5	-0.42544544970505377	21346.69757524031	-15515.047795363767	-15515.04779536377	62299.960612502815	3446.0422140172186	-4199.521995801835
190000	-5370.192290209867	-1133.3678693856195	-4236.824420824247	914.0	5.6571424160936346E-5	1.2501848139553376E-5	1.2501848139553376E-5	1.6172629184887093E-5	-0.41331897977946297	21318.697054651017	-16479.88772038685	-16479.88772038685	74572.23187706363	3364.286748552459	-4236.824420824247
200000	-5483.78784267219	-1152.378257574259	-4331.409585097931	352.0	4.952805581792587E-5	1.0673258739561581E-5	1.0673258739561581E-5	1.4024820619764251E-5	-0.4049698953226494	24151.42509853858	-18379.872084964813	-18379.872084964813	85289.72760458605	3518.686856926179	-4331.409585097931
210000	-5406.380365969635	-1064.3290507543393	-4342.051315215296	122.0	4.3818435768904095E-5	9.770029540618617E-6	9.770029540618617E-6	1.2515241469406959E-5	-0.41720338666240686	27630.82988673685	-21570.021232520307	-21570.021232520307	96741.22130149085	3493.423336166548	-4342.051315215296
220000	-5409.268138372954	-1073.5864257459157	-4335.681712627038	234.0	4.906945771390201E-5	1.3911424511034092E-5	1.3911424511034092E-5	1.4790808163224448E-5	-0.5163807239557869	27789.25371386886	-26137.05086241771	-26137.05086241771	92192.63714095202	3499.4570425817633	-4335.681712627038
230000	-5395.951523662707	-1127.1476730027846	-4268.803850659922	275.0	5.498117653058951E-5	1.280940587590676E-5	1.280940587590676E-5	1.564515769132715E-5	-0.436749081081683	22475.177693874433	-18401.455510643835	-18401.455510643835	78983.6533912529	3444.2149855688303	-4268.803850659922
240000	-5314.247698365672	-1049.8425241930245	-4264.405174172647	270.0	5.634786183028651E-5	1.1139418275367678E-5	1.1139418275367678E-5	1.5613193987690594E-5	-0.3755587745513963	20661.023900542845	-14740.852346225025	-14740.852346225023	74565.42978572428	3282.0793506707673	-4264.405174172647
250000	-5518.626017353741	-1158.1491883478013	-4360.47682900594	929.0	5.0959646755135814E-5	1.2636722089333701E-5	1.2636722089333701E-5	1.4269512318880121E-5	-0.4686155165807712	25145.287758648952	-22268.03594695723	-22268.035946957232	89799.49371090742	3356.2455407785346	-4360.47682900594
260000	-5586.302161297175	-1171.5867468117626	-4414.715414485413	999.0	4.6890219130828324E-5	1.0607458421468585E-5	1.0607458421468585E-5	1.2334226186898893E-5	-0.4410768382667931	26477.592414868337	-22770.780783931976	-22770.780783931972	100658.12735854213	3586.1445655402617	-4414.715414485413
270000	-5562.780840758643	-1205.5735952142634	-4357.2072455443795	374.0	5.039395259942563E-5	1.1163482294195991E-5	1.1163482294195991E-5	1.4190048989942855E-5	-0.4174635182812556	24031.814232057972	-18906.117439561203	-18906.1174395612	85345.59028984781	3399.669093424156	-4357.2072455443795
280000	-5581.957590928718	-1230.5932496913676	-4351.36434123735	895.0	4.836993012327279E-5	1.2006713075768807E-5	1.2006713075768807E-5	1.4845267743639186E-5	-0.44806640739833364	25867.188844451674	-20921.13930819028	-20921.13930819028	84282.35438378896	3506.104106049656	-4351.36434123735
290000	-5278.566769409511	-1095.8297145669212	-4182.73705484259	367.0	5.50123149921448E-5	1.2398334943327208E-5	1.2398334943327208E-5	1.7880220848502072E-5	-0.39531834165946345	21544.676647483822	-14939.307494267463	-14939.307494267463	66286.79523466731	3322.354178827938	-4182.73705484259
300000	-5349.687382623157	-1005.4213283485695	-4344.266054274587	874.0	4.796110655270558E-5	9.059673521050139E-6	9.059673521050139E-6	1.2245429886911617E-5	-0.3738358373810971	24237.496339995578	-17931.89833561557	-17931.89833561557	94929.87631049343	3479.9926541946106	-4344.266054274587
310000	-5435.750284153961	-1105.2031116916282	-4330.547172462332	396.0	4.899436180559235E-5	1.0856087949165587E-5	1.0856087949165587E-5	1.350016273186282E-5	-0.42211501317632344	24835.777585617798	-19971.56561076347	-19971.565610763475	90133.21520051612	3397.285152843103	-4330.547172462332
320000	-5565.9117050063705	-1168.5996859881936	-4397.312019018177	870.0	4.0378810298342644E-5	7.331909795334072E-6	7.331909795334072E-6	1.2696071481644746E-5	-0.32382149557299256	27666.593673578285	-15977.302069549918	-15977.302069549918	87991.32386438179	3595.0879160102604	-4397.312019018177
330000	-5529.147713892846	-1199.1815575443077	-4329.966156348538	206.0	5.0709615528646064E-5	1.2923632797389565E-5	1.2923632797389565E-5	1.4919115234885067E-5	-0.4698593966448595	25307.125630786886	-21922.211448902657	-21922.211448902654	86018.14455267417	3494.173879127826	-4329.966156348538
340000	-5514.785085805859	-1119.4765139912793	-4395.308571814579	839.0	4.409395398214005E-5	1.3041736628937523E-5	1.3041736628937523E-5	1.4441302403013354E-5	-0.5168240585731597	30944.28451494235	-27945.347140613758	-27945.347140613758	94482.88106808196	3386.394328712319	-4395.308571814579
350000	-5431.55335983815	-1092.7830795066125	-4338.770280331537	127.0	4.2699136089032864E-5	9.188404622574382E-6	9.188404622574382E-6	1.4165352469618228E-5	-0.3736086088237049	27218.99760502627	-17655.69645741437	-17655.696457414368	82047.21241047945	3434.1211707435727	-4338.770280331537
360000	-5579.215204968469	-1173.6780660090974	-4405.537138959372	197.0	4.311147596115555E-5	8.454697400217332E-6	8.454697400217332E-6	1.3763461740855424E-5	-0.3470865485072337	26372.784911682396	-16200.424008693746	-16200.424008693746	82607.82818712996	3597.1674123799203	-4405.537138959372
370000	-5388.750711700132	-1140.634512554653	-4248.116199145479	755.0	5.314397231122903E-5	1.3491063628895296E-5	1.3491063628895296E-5	1.7394062686359633E-5	-0.4437298740976754	23430.108872447705	-18172.700382298754	-18172.70038229875	71585.86694889284	3219.494910998307	-4248.116199145479
380000	-5409.081315382813	-1105.855478386749	-4303.225836996065	224.0	4.967940817978543E-5	1.444399341397955E-5	1.444399341397955E-5	1.6533298156977493E-5	-0.5039869905030434	26982.764283377677	-23572.96565389705	-23572.96565389705	81078.06125102351	3397.711375165257	-4303.225836996065
390000	-5387.921887980654	-1128.9817934070093	-4258.940094573645	182.0	4.9424410848180156E-5	1.4867425403432495E-5	1.4867425403432495E-5	1.9556156015787993E-5	-0.47821508428855214	26231.875913368833	-19942.592911370484	-19942.59291137048	66296.00476771312	3414.738327019571	-4258.940094573645
400000	-5521.692725493999	-1153.5025018369859	-4368.190223657013	573.0	4.848670509474056E-5	1.094880301882631E-5	1.094880301882631E-5	1.3153984180950752E-5	-0.4335374795412633	25397.85824552159	-21140.07005063849	-21140.070050638493	93618.66685015446	3543.524305679408	-4368.190223657013
410000	-5477.42931865669	-1169.1113282393885	-4308.317990417302	12.0	4.502559542227357E-5	9.066906623438524E-6	9.066906623438524E-6	1.493606947030093E-5	-0.34963205943131154	25302.650949257677	-15359.916070191875	-15359.916070191877	76276.22026113466	3438.662804343758	-4308.317990417302
420000	-5395.173534779677	-1120.419413415617	-4274.75412136406	468.0	4.652582218740451E-5	1.0828557833629778E-5	1.0828557833629778E-5	1.5395407417474043E-5	-0.40460197548919397	25700.719350530264	-18076.931535909065	-18076.93153590907	77669.07793774684	3359.9981402733783	-4274.75412136406
430000	-5416.356527016106	-1141.3717210344782	-4274.984805981628	863.0	5.540157574220397E-5	1.1783156411414513E-5	1.1783156411414513E-5	1.4835458317112026E-5	-0.41100783434898197	21718.95570350782	-17250.417659953677	-17250.41765995368	81107.32703562995	3343.317741810433	-4274.984805981628
440000	-5385.77850309809	-1063.723801398256	-4322.054701699834	99.0	4.3793252479626614E-5	9.737110055887267E-6	9.737110055887267E-6	1.3155883096426126E-5	-0.405664006318235	27332.492790206936	-20229.694080535613	-20229.694080535613	90984.29568626014	3510.110077844129	-4322.054701699834
450000	-5355.623804421217	-1120.4548857645927	-4235.168918656624	583.0	4.905538763302473E-5	1.1939048395027937E-5	1.1939048395027937E-5	1.5702258818156522E-5	-0.4301751224017496	25013.972207306208	-19019.112357872466	-19019.112357872466	78146.0882209031	3383.930447512006	-4235.168918656624
460000	-5378.59574084227	-1066.5119071025285	-4312.083833739742	394.0	4.8584802896137346E-5	9.706164887572954E-6	9.706164887572954E-6	1.2952399930236996E-5	-0.38692101591101774	24206.46639270287	-18139.646352687036	-18139.646352687036	90799.11096289958	3439.288257514586	-4312.083833739742
470000	-5481.378787378273	-1068.8895965085596	-4412.489190869714	606.0	4.453734554467147E-5	1.0580403551395468E-5	1.0580403551395468E-5	1.2471848084714487E-5	-0.44892589989476545	28120.270565677547	-23855.63138184322	-23855.631381843217	100418.33403408602	3524.0698398434365	-4412.489190869714
480000	-5354.618834468434	-1062.374988086034	-4292.2438463824	182.0	4.537710703977434E-5	1.0491405015656509E-5	1.0491405015656509E-5	1.3832520697283067E-5	-0.4187594169562292	26723.818196520384	-20268.930471908563	-20268.930471908563	87666.56384278239	3556.6844876318414	-4292.2438463824
490000	-5344.168858134158	-1103.534913180055	-4240.633944954103	694.0	6.030187371302956E-5	1.0837052013651004E-5	1.0837052013651004E-5	1.6626696885523504E-5	-0.3422494545714328	18783.42305385255	-12242.776423394354	-12242.776423394354	68123.91016029289	3295.594510285382	-4240.633944954103
500000	-5488.447849101138	-1061.8240045345074	-4426.62384456663	964.0	4.0833442996549844E-5	1.0403841265267516E-5	1.0403841265267516E-5	1.1571601978502014E-5	-0.4786179405466224	31766.6885538851	-28560.918864286323	-28560.918864286316	112097.12092276262	3471.599518343695	-4426.62384456663
510000	-5358.23978816517	-1102.9223586836852	-4255.317429481484	418.0	5.2097607180485936E-5	1.23895553757142E-5	1.23895553757142E-5	1.3962167504462526E-5	-0.4593782307126953	24328.807943903867	-21588.5616004659	-21588.561600465902	90779.07703269464	3475.884809262397	-4255.317429481484
520000	-5560.625094634754	-1030.6627639733065	-4529.962330661448	228.0	4.913634081147194E-5	9.736410017772907E-6	9.736410017772907E-6	1.363793405253857E-5	-0.3761171666264187	23704.93343860319	-16923.45413265103	-16923.45413265103	85406.9013580288	3415.7080236337615	-4529.962330661448
530000	-5366.155236977373	-1108.1693854674463	-4257.985851509927	176.0	5.090507743550359E-5	1.271538422374395E-5	1.271538422374395E-5	1.607440669873705E-5	-0.44450992320210914	24481.72767992203	-19365.8515518171	-19365.8515518171	77529.71955097158	3312.324330996097	-4257.985851509927
540000	-5442.170466559678	-1173.402844646365	-4268.767621913313	85.0	4.81418146038598E-5	1.054846641516081E-5	1.054846641516081E-5	1.757828662842712E-5	-0.3626100407147728	23916.671657454746	-14352.036297616334	-14352.036297616332	65500.80774155632	3249.0913201447925	-4268.767621913313
550000	-5450.822520365386	-1081.256900096299	-4369.565620269087	261.0	4.478770907468773E-5	1.000356935385628E-5	1.000356935385628E-5	1.2445503833460643E-5	-0.42371059295179375	27213.148924669604	-21873.652223933703	-21873.652223933703	97932.12178099064	3528.574600384298	-4369.565620269087
560000	-5397.973337283776	-1110.962943665492	-4287.010393618284	853.0	5.373604458231999E-5	1.3288549855790801E-5	1.3288549855790801E-5	1.611460268285892E-5	-0.45158025164885884	23376.536619113478	-19276.942685607533	-19276.942685607533	77951.82038717566	3413.94421912768	-4287.010393618284
570000	-5295.423390155244	-1017.2041681905456	-4278.219221964699	452.0	4.192114435147854E-5	1.184348491505692E-5	1.184348491505692E-5	1.5721205384515043E-5	-0.4613388469359472	30304.022854754094	-22829.371461512237	-22829.371461512237	80806.73748947647	3400.083277194627	-4278.219221964699
580000	-5506.615681845195	-1109.0975750311154	-4397.518106814079	971.0	4.602414573547622E-5	1.0683068847146914E-5	1.0683068847146914E-5	1.3362636421351723E-5	-0.43078153862427543	26678.533861591517	-21328.77113448334	-21328.77113448334	91887.3111366536	3534.2721392025996	-4397.518106814079
590000	-5331.640185237644	-1024.5107625237717	-4307.129422713872	383.0	5.179707922443466E-5	1.2816886549862814E-5	1.2816886549862814E-5	1.4088541736391713E-5	-0.47445702694614694	24914.626202076233	-22665.790643143966	-22665.79064314397	91599.60564993408	3490.071628102804	-4307.129422713872
600000	-5396.6801815298895	-1093.0492269048295	-4303.63095462506	393.0	5.213567615513554E-5	1.2473860899133408E-5	1.2473860899133408E-5	1.5397670773325524E-5	-0.44025660155459806	23792.283980272645	-19274.450351071086	-19274.450351071086	80559.38010672323	3323.2226684116686	-4303.63095462506
610000	-5346.354392781801	-1105.979759918004	-4240.374632863797	704.0	5.235514429071641E-5	1.1101078439212786E-5	1.1101078439212786E-5	1.5652136530822623E-5	-0.3877918496862534	22481.081470985173	-15944.420642912915	-15944.420642912914	75197.41869788818	3492.8416866603225	-4240.374632863797
620000	-5365.109279238624	-1087.4323560550336	-4277.676923183591	343.0	4.276937231913101E-5	9.178364915434122E-6	9.178364915434122E-6	1.4457823665204879E-5	-0.3691028685262481	27069.017334674416	-17184.42033553001	-17184.42033553001	80076.01334120265	3415.9993944896273	-4277.676923183591
630000	-5272.763571773489	-1025.0645706550265	-4247.699001118463	308.0	5.072931364031649E-5	1.2977999401289649E-5	1.2977999401289649E-5	1.5405734294089514E-5	-0.46423411803164094	25127.856172273878	-21168.046659390733	-21168.046659390737	82743.14437326734	3378.2737991959925	-4247.699001118463
640000	-5363.3730676705345	-1074.997848809258	-4288.375218861276	54.0	4.827616714230479E-5	9.702854217100933E-6	9.702854217100933E-6	1.4751599466566334E-5	-0.3635913638554957	23869.697283533194	-15700.276669887258	-15700.27666988726	78116.1051930521	3436.7310298683647	-4288.375218861276
650000	-5321.028541189922	-1045.9966848385334	-4275.031856351389	912.0	5.0955918818741E-5	1.0956103134859512E-5	1.0956103134859512E-5	1.4397172235482732E-5	-0.40450155286563083	23464.024634496138	-17855.886534499343	-17855.886534499343	83046.23400209221	3312.9047884638962	-4275.031856351389
660000	-5516.293201608113	-1114.0673651610753	-4402.225836447038	13.0	4.561768180010519E-5	1.0977303476197422E-5	1.0977303476197422E-5	1.2145374070557756E-5	-0.4663624952874859	28014.25641657423	-25320.010117286067	-25320.010117286067	105220.75546242528	3537.631255029431	-4402.225836447038
670000	-5423.955853193376	-1148.0785614054398	-4275.877291787936	831.0	5.5418768328564925E-5	1.4050357890685088E-5	1.4050357890685088E-5	1.7004798928516268E-5	-0.4576918735724037	22826.077399791575	-18860.23810429928	-18860.238104299282	74390.35889731137	3425.360575432326	-4275.877291787936
680000	-5334.731953550021	-1077.2786944706927	-4257.453259079328	948.0	5.1824175396779935E-5	1.2755967050747076E-5	1.2755967050747076E-5	1.564937048509283E-5	-0.44791824451917966	24139.04940806488	-19675.993943586724	-19675.993943586727	79938.44427331741	3413.9586936896667	-4257.453259079328
690000	-5285.619617194034	-991.5248031509647	-4294.094814043069	875.0	4.649328407601731E-5	8.913924083301847E-6	8.913924083301847E-6	1.3534603858197721E-5	-0.35534568374714687	24616.86841784828	-16212.73134731778	-16212.73134731778	84562.4348081484	3389.525332461141	-4294.094814043069
700000	-5487.6280301885145	-1148.2340256706518	-4339.394004517862	406.0	5.461756977079322E-5	9.456392059229985E-6	9.456392059229985E-6	1.3190903179224986E-5	-0.3523076043257226	20903.708448424433	-14985.604844061447	-14985.60484406145	86552.81136838885	3453.934938748089	-4339.394004517862
710000	-5354.776512773988	-1152.4969639146088	-4202.279548859378	373.0	5.200006209716182E-5	1.0429031249770209E-5	1.0429031249770209E-5	1.784295510397878E-5	-0.34238020395025986	21784.405909461664	-12732.770365868017	-12732.770365868017	63486.7068509961	3353.1092998434506	-4202.279548859378
720000	-5507.834227749298	-1136.763729694482	-4371.070498054816	414.0	4.2711774634384955E-5	1.3885516871557241E-5	1.3885516871557241E-5	1.6678986677048375E-5	-0.5202396051984441	32100.80680627724	-26724.422959851094	-26724.422959851094	82204.18017231008	3465.0355034685426	-4371.070498054816
730000	-5370.173901724344	-1184.1858561093868	-4185.988045614958	684.0	6.0248706323143206E-5	1.5977670629723205E-5	1.5977670629723205E-5	1.91900534411078E-5	-0.4698957413828024	21301.218593057503	-17735.43027048295	-17735.43027048295	66876.87802833514	3507.413235614162	-4185.988045614958
740000	-5256.50835203964	-1027.7344503970437	-4228.773901642597	310.0	4.602531967421119E-5	9.314419759720554E-6	9.314419759720554E-6	1.5811957483571783E-5	-0.3452745596065841	24667.948925762794	-14531.25782463209	-14531.257824632086	71803.26889918257	3176.916863455762	-4228.773901642597
750000	-5416.604704221407	-1072.8779005738427	-4343.726803647564	85.0	3.861173668258667E-5	9.212763787935709E-6	9.212763787935709E-6	1.442172762956302E-5	-0.3904106206929456	30556.259940525935	-19519.68670506348	-19519.686705063476	81809.21822498793	3403.5388373679266	-4343.726803647564
760000	-5420.428591099268	-1094.6506531486934	-4325.777937950574	830.0	4.753397074633075E-5	1.2226018181173829E-5	1.2226018181173829E-5	1.3860908290997878E-5	-0.47630719833700463	27210.878533167535	-24001.36330808005	-24001.363308080046	93315.75370263326	3634.473143514419	-4325.777937950574
770000	-5269.479824737971	-1056.7511076343665	-4212.728717103605	894.0	5.9360317138231564E-5	1.4632875630481636E-5	1.4632875630481636E-5	1.6902500469036E-5	-0.46196183396579255	21416.804323356788	-18541.010227459843	-18541.010227459843	75214.21455073117	3490.688437653196	-4212.728717103605
780000	-5318.565783597363	-1023.1193044442917	-4295.446479153072	668.0	4.7226774775443954E-5	1.2737645025098972E-5	1.2737645025098972E-5	1.5204282778222103E-5	-0.47534839161832787	27355.59190464211	-22917.609742953457	-22917.609742953453	84970.55708408494	3542.388271425059	-4295.446479153072
790000	-5256.483656437388	-962.2185122392168	-4294.265144198172	501.0	4.4138865883403264E-5	1.1757943508893475E-5	1.1757943508893475E-5	1.4579329435458543E-5	-0.4635024237889082	28854.770180632368	-23270.806743747107	-23270.806743747107	87357.70988216912	3546.833003411826	-4294.265144198172
800000	-5579.703835221594	-1193.6751484185963	-4386.028686802998	418.0	4.6089532386485746E-5	1.3111831527138483E-5	1.3111831527138483E-5	1.7422632284278147E-5	-0.46270620561212533	27607.607351535557	-20776.7856518084	-20776.7856518084	73032.69060497759	3640.7422709682814	-4386.028686802998
810000	-5436.4916987556535	-1128.6720073434592	-4307.8196914121945	171.0	5.128064968995497E-5	1.2362428504873326E-5	1.2362428504873326E-5	1.5143739032172143E-5	-0.44361934384309537	24278.49524473906	-19819.48850487705	-19819.48850487705	82213.31647354215	3501.36453890767	-4307.8196914121945
820000	-5732.006928625103	-1220.4729707809738	-4511.533957844129	206.0	5.543795912004351E-5	9.950668668928646E-6	9.950668668928646E-6	1.6752636216345992E-5	-0.3265179564328161	20190.80395183282	-11992.858776933766	-11992.858776933765	66815.57156899007	3445.7662216254093	-4511.533957844129
830000	-5585.240734779136	-1064.695786044983	-4520.544948734153	381.0	4.138507537095053E-5	9.74580743783884E-6	9.74580743783884E-6	1.1655890915528232E-5	-0.44373451804337327	30087.548130522187	-25157.01738132546	-25157.017381325462	106827.99419904598	3509.0970366138345	-4520.544948734153
840000	-5444.050365291772	-1106.147746254433	-4337.90261903734	232.0	4.793046079522137E-5	9.751175014988618E-6	9.751175014988618E-6	1.3326222323470026E-5	-0.38583144721270285	24512.65812001209	-17936.60751028047	-17936.60751028047	88164.7454536816	3549.8186061455153	-4337.90261903734
850000	-5417.256473172114	-1053.362958579151	-4363.893514592964	1.0	4.297924735373624E-5	9.305910783511723E-6	9.305910783511723E-6	1.2289919760921412E-5	-0.40490669515961575	27829.7078800729	-21072.617535440688	-21072.617535440688	97323.65402117162	3465.8248084401057	-4363.893514592964
860000	-5397.700477597597	-1172.7123715993653	-4224.988105998232	549.0	5.1746513041648135E-5	1.2769909614371905E-5	1.2769909614371905E-5	1.698590664130228E-5	-0.4307278089968674	23726.950399283873	-17837.788610400054	-17837.78861040005	72282.68553470331	3419.738982496337	-4224.988105998232
870000	-5430.152511199358	-1127.1858670832228	-4302.966644116135	943.0	4.694141441412376E-5	8.801491161709693E-6	8.801491161709693E-6	1.3491911037378533E-5	-0.349736884571968	24272.001599955256	-15833.917594561744	-15833.917594561746	84447.79116963048	3320.0834187264586	-4302.966644116135
880000	-5416.69046137753	-1102.3805765132395	-4314.30988486429	829.0	4.2720563246865216E-5	8.533970019409746E-6	8.533970019409746E-6	1.2726473507051058E-5	-0.3659978961248812	27028.522166264494	-18124.470829099377	-18124.470829099377	90730.05888343364	3556.28258464096	-4314.30988486429
890000	-5333.289461699409	-1151.8549798416245	-4181.434481857785	889.0	5.3177219399961993E-5	1.448304654236831E-5	1.448304654236831E-5	1.974583738394071E-5	-0.44695040584415013	23499.393382056558	-17236.180033901615	-17236.180033901615	63285.86493171277	3375.7937120423685	-4181.434481857785
900000	-5492.103555962422	-1217.5580060890568	-4274.545549873365	968.0	6.274614081424499E-5	1.4459987550892377E-5	1.4459987550892377E-5	1.6897079245566873E-5	-0.44408754062089334	19852.401571514307	-16989.05919818822	-16989.05919818822	73720.52686762346	3348.4837892370556	-4274.545549873365
910000	-5503.833155807343	-1179.6132290574096	-4324.219926749934	524.0	4.9974857182536146E-5	1.0756553971323256E-5	1.0756553971323256E-5	1.4874330008771283E-5	-0.39452876540445875	23698.859502572934	-17138.120584114342	-17138.120584114342	79623.56074738635	3436.089060252367	-4324.219926749934
920000	-5350.032755631546	-1036.2340507789584	-4313.798704852587	871.0	5.066777828866434E-5	1.0310715347340241E-5	1.0310715347340241E-5	1.3357248520784597E-5	-0.39633676780100874	23414.41113659281	-18074.03133057982	-18074.031330579823	88817.40804496403	3448.688472321947	-4313.798704852587
930000	-5448.122882807083	-1071.1687277814128	-4376.954155025671	821.0	4.801511506768968E-5	1.1793463197987065E-5	1.1793463197987065E-5	1.2009058017131199E-5	-0.49113162218445733	27447.36021635098	-26954.606442209275	-26954.606442209275	109741.17680274523	3567.2424532114937	-4376.954155025671
940000	-5277.131383775538	-987.345439216341	-4289.785944559197	545.0	4.162747917352498E-5	9.573341161074439E-6	9.573341161074439E-6	1.4088496943668703E-5	-0.39531304761135716	28471.97769134405	-19347.128161335168	-19347.128161335168	84126.55112283802	3393.9388882116264	-4289.785944559197
950000	-5330.1810717298395	-1125.791226227144	-4204.389845502696	446.0	5.469369699896627E-5	1.2929272429453394E-5	1.2929272429453394E-5	1.823183448663299E-5	-0.4094399933782766	21966.056500404255	-15577.430175922003	-15577.430175922005	65895.99304316392	3312.316384341858	-4204.389845502696
960000	-5391.050201158373	-1182.0900827050493	-4208.960118453324	730.0	5.2247837831109215E-5	1.5843636885699205E-5	1.5843636885699205E-5	1.8626744097810733E-5	-0.5078696319595907	25792.16019193554	-21938.435318217624	-21938.435318217627	72346.76097690231	3358.0205755919974	-4208.960118453324
970000	-5520.080411698931	-1108.242080071289	-4411.838331627642	585.0	6.111408393692081E-5	1.535738325063216E-5	1.535738325063216E-5	1.651210728344522E-5	-0.4834430469310937	21353.526319410572	-19860.232362251587	-19860.232362251587	79032.9893957314	3590.1202838538493	-4411.838331627642
980000	-5337.716610542253	-1170.0983226853843	-4167.618287856869	935.0	6.59764577030295E-5	1.4784633054719534E-5	1.4784633054719534E-5	1.8152622322888614E-5	-0.42721487608033965	18540.861580346667	-15100.839432886536	-15100.839432886536	67387.52936489288	3381.879053427579	-4167.618287856869
990000	-5563.894838774537	-1142.5471754503592	-4421.347663324177	201.0	3.943464130224376E-5	8.699722523272795E-6	8.699722523272795E-6	1.3393453008636686E-5	-0.3785473188182626	29600.04431029218	-19226.72010048988	-19226.720100489885	87152.0681898976	3481.5214104738934	-4421.347663324177
1000000	-5416.602200044735	-1086.3260031909133	-4330.276196853822	116.0	4.8726584869430936E-5	1.149003993798999E-5	1.149003993798999E-5	1.3033936451493332E-5	-0.4559327108647886	25908.370975302558	-22839.471278869107	-22839.471278869107	96856.88140762279	3481.7281011295313	-4330.276196853822
1010000	-5552.436662693066	-1206.31219544383	-4346.124467249236	594.0	5.323567149040737E-5	1.0436239055314645E-5	1.0436239055314645E-5	1.3723485584229412E-5	-0.38610945363698007	22075.410721423286	-16787.591032833487	-16787.59103283349	85634.1711417694	3459.9303466548026	-4346.124467249236
1020000	-5265.799360811711	-1053.5759417420238	-4212.223419069687	110.0	5.7021339312805726E-5	1.228184042323312E-5	1.228184042323312E-5	1.606540302765015E-5	-0.4057877486994779	20994.29185666506	-16049.926786060703	-16049.9267860607	74515.56848779989	3391.4747239289713	-4212.223419069687
1030000	-5383.979563584405	-1018.3062203526066	-4365.673343231798	793.0	4.101373939312004E-5	1.2332169738680427E-5	1.2332169738680427E-5	1.3372589038675173E-5	-0.526583274503074	33737.005769076	-31112.18631005685	-31112.18631005685	103471.41892383707	3503.0409067723176	-4365.673343231798
1040000	-5446.608649581848	-1152.6032355982088	-4294.005413983639	238.0	4.7690075801155696E-5	1.2146127052361091E-5	1.2146127052361091E-5	1.4892704999288334E-5	-0.45576085360660784	26466.23557129439	-21585.216376878587	-21585.216376878594	84751.34507979493	3403.09810165128	-4294.005413983639
1050000	-5472.149142703952	-1151.1305835099558	-4321.018559193996	585.0	5.405679302999553E-5	1.0478816903098555E-5	1.0478816903098555E-5	1.392002438125812E-5	-0.38200330065455257	21659.80223392574	-16305.223004653888	-16305.223004653888	84113.31865240124	3520.557020662084	-4321.018559193996
1060000	-5402.505737544409	-1101.6267604018815	-4300.878977142528	551.0	5.2146287827422464E-5	1.3050340160334245E-5	1.3050340160334245E-5	1.5241014917282631E-5	-0.46291706295267604	24407.064112215638	-20898.902777026506	-20898.90277702651	83507.41713235396	3417.5337486742787	-4300.878977142528
1070000	-5486.4527344368835	-1180.3472201902703	-4306.105514246613	85.0	4.9655278324908136E-5	1.2305795084498807E-5	1.2305795084498807E-5	1.592036772670231E-5	-0.43767367062188023	24910.694844378748	-19254.95135726382	-19254.95135726382	77695.91174014282	3381.131747781697	-4306.105514246613
1080000	-5465.178076434612	-1108.2095674251739	-4356.968509009438	510.0	4.455497777688147E-5	1.208610888715306E-5	1.208610888715306E-5	1.4021443185977375E-5	-0.4835507136980451	29293.663616838123	-25250.35429525655	-25250.35429525655	93084.46456902185	3563.3308702144395	-4356.968509009438
1090000	-5297.359177111048	-1029.4513343336716	-4267.907842777376	478.0	4.292702542475531E-5	8.742985918340805E-6	8.742985918340805E-6	1.3417095710714796E-5	-0.3643049918719375	26860.181013913563	-17502.907442270927	-17502.907442270927	85937.20266726559	3560.1539732954916	-4267.907842777376
1100000	-5366.716951712149	-1093.356551904707	-4273.360399807442	286.0	4.419397822098413E-5	1.2464989499418811E-5	1.2464989499418811E-5	1.8962498871620523E-5	-0.4305886563405247	27777.68257928682	-18259.64626356278	-18259.646263562776	64738.63530590162	3252.1226191201786	-4273.360399807442
1110000	-5362.934642201537	-1088.9956303299546	-4273.939011871583	230.0	4.584893118917958E-5	1.210720835951747E-5	1.210720835951747E-5	1.5166232449550273E-5	-0.4591351628304457	27636.72089991534	-22062.40339663449	-22062.403396634487	83548.37755848543	3379.7847262194405	-4273.939011871583
1120000	-5295.100768806716	-1035.5830559521162	-4259.517712854599	693.0	4.52863407584688E-5	9.952638141341607E-6	9.952638141341607E-6	1.4937916566760487E-5	-0.3826569313937674	25869.721801418564	-17236.137232123503	-17236.137232123507	78427.60612498841	3550.877937913402	-4259.517712854599
1130000	-5453.984327829581	-1033.7325199794789	-4420.2518078501025	432.0	4.2644644486966657E-5	1.0635065306261344E-5	1.0635065306261344E-5	1.1288718050466813E-5	-0.4847140393879876	30650.980842872035	-28876.191389280888	-28876.191389280888	115788.18563610528	3614.139506082821	-4420.2518078501025
1140000	-5326.293503129547	-1024.1390960272265	-4302.154407102321	718.0	4.713600490960486E-5	1.0717488536993705E-5	1.0717488536993705E-5	1.4058567461435175E-5	-0.4163380539141712	25663.679731738837	-19564.59604411999	-19564.59604411999	86045.98848012906	3372.2894376684385	-4302.154407102321
1150000	-5479.272915809969	-1152.419425455142	-4326.853490354827	805.0	4.901899812551002E-5	1.1369956073035642E-5	1.1369956073035642E-5	1.5391174259017215E-5	-0.41394314392705683	24618.629472982633	-18186.574394878346	-18186.574394878346	78407.30873940603	3770.2783662962224	-4326.853490354827
1160000	-5384.320802959319	-1128.7918188529222	-4255.528984106397	457.0	4.489844594947254E-5	9.846391228056978E-6	9.846391228056978E-6	1.634938289780047E-5	-0.3634216121165927	25661.771103027208	-15454.763000213688	-15454.763000213688	70471.99579575623	3476.197066690263	-4255.528984106397
1170000	-5423.293403925098	-1221.2433337996931	-4202.050070125405	218.0	5.6775001283842394E-5	1.3971951774922792E-5	1.3971951774922792E-5	1.7424883932592423E-5	-0.4442153428351095	21943.421191075406	-17595.091241041653	-17595.091241041653	71497.62208544297	3357.916792768338	-4202.050070125405
1180000	-5521.5928302541515	-1161.3579044433554	-4360.234925810796	299.0	5.3763821894302054E-5	1.4869882981067555E-5	1.4869882981067555E-5	1.4026611382820666E-5	-0.5414845899819677	26315.81002482575	-27897.900992710955	-27897.900992710955	100868.16299137425	3550.9192219415263	-4360.234925810796
1190000	-5391.651420890756	-1083.6068508624335	-4308.044570028323	944.0	4.3552126155557896E-5	9.60159973690522E-6	9.60159973690522E-6	1.4245616890610588E-5	-0.38547683672472677	26968.271495464945	-18176.71712527335	-18176.71712527335	82448.20644741369	3503.995243672216	-4308.044570028323
1200000	-5447.741416317072	-1092.2334079424822	-4355.508008374591	443.0	4.0895056480742135E-5	1.0772153557397664E-5	1.0772153557397664E-5	1.3511085760997777E-5	-0.45827060829515437	30953.421814025696	-24678.62456103332	-24678.624561033324	93689.13466680086	3525.5239237459637	-4355.508008374591
1210000	-5357.063736387202	-1123.3461998384935	-4233.717536548708	840.0	5.65464479340917E-5	1.460014314384969E-5	1.460014314384969E-5	1.616224836219269E-5	-0.4829515464810644	23064.097543230713	-20834.918389361752	-20834.918389361756	80693.77240396343	3245.6618006538088	-4233.717536548708
1220000	-5458.0337015063415	-1085.540149503755	-4372.4935520025865	466.0	4.9760326444023754E-5	1.3109642452631848E-5	1.3109642452631848E-5	1.4816364683104988E-5	-0.4828123907520601	26204.8972532868	-23186.310599541146	-23186.310599541146	88008.37922426107	3613.7620622683917	-4372.4935520025865
1230000	-5381.978733612676	-1057.1117903866082	-4324.866943226068	165.0	5.7565279468671514E-5	1.1208199147223142E-5	1.1208199147223142E-5	1.6313426835887376E-5	-0.36574881727491787	20054.288746968024	-13778.371907578858	-13778.371907578856	70765.67957659601	3361.6337650629976	-4324.866943226068
1240000	-5309.60173550309	-1009.8062125599525	-4299.795522943137	582.0	3.9581920877997933E-5	1.0334020148753766E-5	1.0334020148753766E-5	1.4773288834397344E-5	-0.4273485909848217	30908.843056392532	-21620.954582281298	-21620.954582281298	82813.74540244635	3409.6225473183613	-4299.795522943137
1250000	-5422.274641469639	-1075.0601246794743	-4347.214516790165	213.0	5.1437932936982444E-5	1.013362934744551E-5	1.013362934744551E-5	1.3019706802174573E-5	-0.3915819450074343	22961.783264033445	-17871.846447051237	-17871.846447051237	90716.84067813323	3481.4084695927427	-4347.214516790165
1260000	-5326.312107802261	-1114.462089738561	-4211.8500180637	901.0	4.747790217072037E-5	1.1598995578505985E-5	1.1598995578505985E-5	1.6932849923373732E-5	-0.4090812672672243	25295.582208612766	-17327.4639249254	-17327.4639249254	70926.1100692875	3383.0475611936827	-4211.8500180637
1270000	-5357.562921068355	-1012.6116540001854	-4344.95126706817	662.0	4.344013173338523E-5	7.857104890509953E-6	7.857104890509953E-6	1.2379498353061957E-5	-0.33881720921841907	26005.5497447658	-16505.380610148917	-16505.380610148914	91254.46560864172	3549.3208578178214	-4344.95126706817
1280000	-5358.033794018462	-1004.5851011798326	-4353.4486928386295	364.0	4.489675315851657E-5	1.0936465551686017E-5	1.0936465551686017E-5	1.2040695038324463E-5	-0.47037447159045837	28601.459871455867	-25978.473802093322	-25978.473802093322	106647.72089441304	3339.6387635048886	-4353.4486928386295
1290000	-5383.418458162101	-1127.1854777520143	-4256.232980410086	144.0	4.7308508084715985E-5	1.0904948361804832E-5	1.0904948361804832E-5	1.656827481083222E-5	-0.3895070677383759	24918.35375305049	-16400.824107561515	-16400.82410756151	71151.049426901	3459.9360375129368	-4256.232980410086
1300000	-5443.187101159451	-1107.8366821251939	-4335.350419034257	659.0	4.894430034396443E-5	1.3374717142122832E-5	1.3374717142122832E-5	1.5495702354343298E-5	-0.4856550519980296	26737.784135773494	-23078.03103373852	-23078.031033738516	84453.23144107629	3438.6183079677558	-4335.350419034257
1310000	-5438.871821324412	-1036.070720291296	-4402.801101033116	94.0	4.457660188224469E-5	1.0102376732366119E-5	1.0102376732366119E-5	1.2389191350343102E-5	-0.42988134624307356	27518.692148147	-22439.25268414613	-22439.252684146133	99012.90161072783	3527.1315717252737	-4402.801101033116
1320000	-5283.480991478379	-1034.3362353326265	-4249.144756145753	2.0	4.3816520114338305E-5	9.073089603759263E-6	9.073089603759263E-6	1.5013000924656849E-5	-0.35375493134702696	26087.041140296766	-15765.672895825575	-15765.672895825577	76136.90084905598	3312.425227452256	-4249.144756145753
1330000	-5450.187132929681	-1138.045174644705	-4312.141958284976	373.0	4.7846816315894495E-5	9.948018159125207E-6	9.948018159125207E-6	1.4019290444785423E-5	-0.3841024080890288	24517.16355136126	-17397.256243443033	-17397.256243443033	83675.29195923443	3539.1854942481305	-4312.141958284976
1340000	-5390.114388207565	-997.8391850223251	-4392.27520318524	753.0	3.7881482489431856E-5	9.891990188893545E-6	9.891990188893545E-6	1.115655931526818E-5	-0.48117721501722666	34351.59999222081	-30457.928873358538	-30457.928873358534	116638.96518780799	3708.688260842919	-4392.27520318524
1350000	-5467.820041988168	-1135.7701610342565	-4332.049880953911	332.0	5.3832110786082994E-5	1.1700809080728346E-5	1.1700809080728346E-5	1.4036640756397178E-5	-0.4256607403580861	22686.834176226774	-18911.527334002047	-18911.527334002047	87006.58454933649	3441.716923080056	-4332.049880953911
1360000	-5461.86477857056	-1221.7380161516603	-4240.1267624188995	495.0	5.880623984034953E-5	1.4577976915665765E-5	1.4577976915665765E-5	1.9731314086874996E-5	-0.4279643053025983	20817.86118176426	-15380.744455493012	-15380.744455493012	62044.53146038894	3324.3966099398413	-4240.1267624188995
1370000	-5385.3808512835385	-1105.6709529318555	-4279.709898351683	437.0	4.519067958361183E-5	8.86246729215681E-6	8.86246729215681E-6	1.502360511239597E-5	-0.34012858260236567	25023.34366632256	-14761.341443952215	-14761.341443952213	75269.67710315713	3310.1135103885354	-4279.709898351683
1380000	-5378.737289413266	-1047.813224818085	-4330.924064595181	902.0	4.948933287015321E-5	1.0750914183094183E-5	1.0750914183094183E-5	1.2587123077436933E-5	-0.4307510612530153	24809.733214221957	-21190.490555358447	-21190.490555358443	97545.49454269276	3362.1745073020425	-4330.924064595181
1390000	-5343.078587884736	-986.2172713099343	-4356.861316574802	667.0	4.8234018242390386E-5	1.1786839447245318E-5	1.1786839447245318E-5	1.2404063053565677E-5	-0.4818797358806605	27002.44058765901	-25658.804741324355	-25658.804741324355	105000.773236138	3481.12322598286	-4356.861316574802
1400000	-5342.044779390617	-1019.970673752589	-4322.0741056380275	867.0	3.852487296351182E-5	8.50790879480043E-6	8.50790879480043E-6	1.400109786445927E-5	-0.366328891946374	29980.55213214969	-18217.98587706252	-18217.985877062518	82493.31398496134	3527.860453613869	-4322.0741056380275
1410000	-5530.236856163626	-1142.9258315965926	-4387.311024567033	49.0	4.818047050542723E-5	9.099090843498597E-6	9.099090843498597E-6	1.4614668916578242E-5	-0.34290040018605644	23520.90117966305	-14644.109817084794	-14644.109817084794	77541.8240410713	3449.594863526591	-4387.311024567033
1420000	-5519.7679940499875	-1088.5903094067917	-4431.177684643196	855.0	5.5680724141303896E-5	1.2752170563274556E-5	1.2752170563274556E-5	1.5948278168746985E-5	-0.42793201087915805	21985.682341624848	-17579.651433456354	-17579.65143345635	76759.3028268913	3515.1493773781594	-4431.177684643196
1430000	-5357.001720449037	-1099.3726311540734	-4257.629089294964	782.0	4.734724315513442E-5	1.2087733759239957E-5	1.2087733759239957E-5	1.602592954823747E-5	-0.43881950458950547	26157.511119057734	-19729.590677397107	-19729.590677397104	77280.13751460474	3294.2692648454367	-4257.629089294964
1440000	-5335.645194978555	-1120.870982597847	-4214.774212380708	675.0	5.565943102598397E-5	1.3719865815063108E-5	1.3719865815063108E-5	1.6673596708370677E-5	-0.4503662486839292	22537.729346195105	-18545.166217842565	-18545.16621784256	75234.94864170931	3510.127377981157	-4214.774212380708
1450000	-5436.17879888931	-1125.2173632610934	-4310.961435628216	56.0	4.9279016044131776E-5	9.406350058631565E-6	9.406350058631565E-6	1.3699545602027645E-5	-0.3620237327893247	23353.32772899035	-16034.807433344187	-16034.807433344185	84004.90390502082	3547.4078119587766	-4310.961435628216
1460000	-5370.11766743132	-1081.195894174908	-4288.921773256412	580.0	5.027712928170405E-5	7.9396264856687E-6	7.9396264856687E-6	1.1533840919496315E-5	-0.3297067641377632	22315.612566104934	-15361.546063486488	-15361.546063486488	97275.91578707795	3397.5601689462414	-4288.921773256412
1470000	-5354.413292817893	-1081.3144814317504	-4273.098811386143	211.0	4.6987967024226383E-5	1.076846647209245E-5	1.076846647209245E-5	1.4392225319893474E-5	-0.4140917306327731	25686.57112110739	-19219.055688235323	-19219.055688235323	83861.92753220272	3481.5208421594652	-4273.098811386143
1480000	-5417.224783344676	-1148.764156099333	-4268.460627245344	566.0	5.3874546994088234E-5	9.2735814631536E-6	9.2735814631536E-6	1.5739365520264893E-5	-0.3184652607898133	20656.63994366563	-12170.823088514933	-12170.823088514931	70705.97083167838	3292.738321426065	-4268.460627245344
1490000	-5255.66028358142	-979.2576584567386	-4276.402625124681	438.0	4.174356237996935E-5	1.024659673073762E-5	1.024659673073762E-5	1.4782632783340903E-5	-0.4124857934810213	28867.42393118647	-20009.4838323693	-20009.483832369304	81516.54236980672	3385.7889023855796	-4276.402625124681
1500000	-5046.60114105537	-889.2976098622605	-4157.30353119311	634.0	5.194681257433728E-5	9.216518871222209E-6	9.216518871222209E-6	1.4025808527851216E-5	-0.34144716518079926	21790.986906451504	-14319.10621388149	-14319.106213881492	80706.385688319	3297.3951061185967	-4157.30353119311
1510000	-5255.982965858109	-987.2234304591309	-4268.759535398978	853.0	4.93258596837221E-5	1.2029956520100323E-5	1.2029956520100323E-5	1.556416893298341E-5	-0.4341739454354834	24982.768686410105	-19309.84059240921	-19309.84059240921	79175.22278528358	3381.6971825872847	-4268.759535398978
1520000	-5355.466319692876	-1024.203579945908	-4331.262739746968	40.0	4.1738924649108134E-5	9.373807896976914E-6	9.373807896976914E-6	1.3911504023720763E-5	-0.38900786162782974	28230.490119883943	-19022.184141274454	-19022.18414127445	84700.42476443012	3556.979447585556	-4331.262739746968
1530000	-5280.263197883617	-1047.1510161761587	-4233.112181707458	499.0	5.203911748102918E-5	1.4340956693104636E-5	1.4340956693104636E-5	1.7909486458061252E-5	-0.46975520017461525	24657.477963344696	-19744.386555223846	-19744.38655522385	71646.5765517705	3315.3283810535227	-4233.112181707458
1540000	-5365.622302119067	-1046.032621967738	-4319.589680151329	430.0	4.87792470335684E-5	9.812883980804182E-6	9.812883980804182E-6	1.3391282869135909E-5	-0.3839441246276101	24045.081184168648	-17619.789998841963	-17619.789998841967	87586.90011156886	3386.179764999633	-4319.589680151329
1550000	-5348.254867733895	-963.5665865005826	-4384.6882812333115	547.0	4.0282442502187864E-5	1.0478560701586755E-5	1.0478560701586755E-5	1.2914610716733761E-5	-0.4594127836402774	31465.909308440863	-25530.57524931036	-25530.57524931036	98146.48774925651	3374.572698423559	-4384.6882812333115
1560000	-5233.6865606636575	-1019.4119556786147	-4214.274604985043	599.0	4.954616455401781E-5	1.0610131203480594E-5	1.0610131203480594E-5	1.4514584914201797E-5	-0.39565205317957036	23929.066106165898	-17492.097256929577	-17492.097256929577	81682.90405328931	3215.4107810098417	-4214.274604985043
1570000	-5479.193582338554	-1162.7430928625731	-4316.45048947598	967.0	5.176651310654769E-5	1.4511005393849115E-5	1.4511005393849115E-5	1.5955213639221045E-5	-0.5049190254508558	25927.564149541995	-23580.69479549389	-23580.69479549389	84121.69336728785	3376.2639623196633	-4316.45048947598
1580000	-5429.135289947647	-1076.7439499145885	-4352.391340033058	60.0	4.906517979906173E-5	1.3229208009408666E-5	1.3229208009408666E-5	1.3100070807794329E-5	-0.5218075111650169	28006.841387759745	-28282.925782717364	-28282.925782717368	104897.1970042049	3658.8138292587396	-4352.391340033058
1590000	-5390.269216329059	-1079.0628185580438	-4311.206397771016	382.0	5.107152156760628E-5	9.901255124473512E-6	9.901255124473512E-6	1.2912520129238566E-5	-0.38556299649148923	22999.456016534703	-17635.866543833683	-17635.86654383368	90967.30942025101	3535.8253349256606	-4311.206397771016
1600000	-5434.347009385169	-1086.2107673046758	-4348.1362420804935	194.0	4.440285104400291E-5	1.0111514947351978E-5	1.0111514947351978E-5	1.261840396430604E-5	-0.4271777132786683	27548.070244872597	-22075.11542978651	-22075.11542978651	96938.79377240862	3496.329881134614	-4348.1362420804935
1610000	-5482.119294542099	-1135.6394813579557	-4346.4798131841435	885.0	4.62017298766723E-5	1.0239202988970542E-5	1.0239202988970542E-5	1.4463394075420737E-5	-0.39609733904651334	25671.9655211448	-18174.18959382174	-18174.18959382174	82006.28498582022	3474.146928054123	-4346.4798131841435
1620000	-5487.746570371047	-1128.8329099892105	-4358.913660381836	855.0	4.766789431390658E-5	1.0115987359512716E-5	1.0115987359512716E-5	1.3013499632126449E-5	-0.406161020923335	25122.92930570912	-19529.199867426993	-19529.199867426993	92024.21891524686	3536.9195332311574	-4358.913660381836
1630000	-5353.927720760787	-1099.1548000420723	-4254.772920718715	528.0	4.8118290741139825E-5	1.2979786418094962E-5	1.2979786418094962E-5	1.715161386505206E-5	-0.45181428184334915	26112.654767384014	-19761.212230920577	-19761.212230920573	73258.19739215432	3431.001846071184	-4254.772920718715
1640000	-5415.599507625333	-1013.3346586963025	-4402.26484892903	488.0	3.45429696197168E-5	5.929510033659702E-6	5.929510033659702E-6	9.917077669857779E-6	-0.32036651407044364	32260.497394298385	-19288.841870398322	-19288.841870398322	112369.12914328153	3702.6311774108644	-4402.26484892903
1650000	-5312.12678826975	-931.3420716091939	-4380.784716660556	234.0	3.713837046156184E-5	8.502020920977972E-6	8.502020920977972E-6	1.1248644141675201E-5	-0.4159687052243827	32560.22384743491	-24609.873052788298	-24609.873052788298	107500.39207634969	3638.213198561634	-4380.784716660556
1660000	-5399.971531229856	-1052.5897441239415	-4347.381787105915	212.0	4.529344888331398E-5	1.0593136550637358E-5	1.0593136550637358E-5	1.2015491207541696E-5	-0.45408390633091	27813.09013864672	-24520.66724903786	-24520.66724903786	104843.88484185304	3589.643250242907	-4347.381787105915
1670000	-5294.33417182041	-1049.8235212877428	-4244.510650532668	11.0	4.6561736442491154E-5	1.249898156977949E-5	1.249898156977949E-5	1.7226852175777996E-5	-0.44132352669092517	26671.59409280496	-19351.635435250562	-19351.635435250562	72089.53336213341	3518.893055846747	-4244.510650532668
1680000	-5407.018974550084	-1059.4089071224755	-4347.610067427609	305.0	3.7550400688959034E-5	6.942465849901976E-6	6.942465849901976E-6	1.2526625104323754E-5	-0.32010276408125377	29671.152003181218	-16444.25037021626	-16444.250370216265	88943.64103208405	3428.934242792518	-4347.610067427609
1690000	-5439.998184432852	-1117.272161853286	-4322.726022579566	393.0	4.73523979376957E-5	1.0760545772258621E-5	1.0760545772258621E-5	1.3154115082614475E-5	-0.43115407219591834	25940.41855326116	-21220.208234519552	-21220.208234519552	93380.74163786815	3319.857906594394	-4322.726022579566
1700000	-5419.9769664674695	-1031.3887207204134	-4388.588245747056	468.0	4.032214794310575E-5	1.0690130229314248E-5	1.0690130229314248E-5	1.2661452044348103E-5	-0.4731179324824871	31952.541488434672	-26977.69801382365	-26977.698013823647	101757.2945458502	3533.662975170127	-4388.588245747056
1710000	-5339.065220692708	-1055.2577085815672	-4283.807512111141	483.0	5.443245752206746E-5	1.2635158502222645E-5	1.2635158502222645E-5	1.361936411276895E-5	-0.46405911527351856	23413.51166006159	-21721.53034965525	-21721.530349655244	93576.68745223264	3487.9379875443933	-4283.807512111141
1720000	-5207.02756769606	-930.3107106952608	-4276.716857000799	242.0	4.7739187978303745E-5	1.1879798856968E-5	1.1879798856968E-5	1.4458843049084877E-5	-0.45217318280035546	26330.752568437543	-21634.09916019729	-21634.09916019729	86937.021323736	3481.0660255828716	-4276.716857000799
1730000	-5364.043522549323	-1043.3145439557384	-4320.7289785935845	314.0	4.5148070355411074E-5	9.971103213155494E-6	9.971103213155494E-6	1.4091660740677979E-5	-0.39531430094938	26251.798604793283	-18575.48221152899	-18575.482211528986	84107.76218476192	3324.193586714874	-4320.7289785935845
1740000	-5341.129300896759	-1074.5642429073016	-4266.565057989457	732.0	4.827680758914332E-5	1.180417307761903E-5	1.180417307761903E-5	1.602995242146889E-5	-0.4243265244624696	25262.46208691859	-18602.82969033606	-18602.82969033606	76082.01130808103	3334.875426629626	-4266.565057989457
1750000	-5319.681855199597	-967.7764339419865	-4351.90542125761	397.0	3.881218876165849E-5	8.31830870661839E-6	8.31830870661839E-6	1.1913414444202575E-5	-0.3868413062847147	30299.272876048042	-21155.874879488176	-21155.874879488176	98710.66802166389	3487.7104505464986	-4351.90542125761
1760000	-5255.534536111315	-1077.2169363816893	-4178.317599729626	924.0	5.754938688931567E-5	1.4496400166472009E-5	1.4496400166472009E-5	1.8766009480972952E-5	-0.44111705844286164	21574.422815446935	-16665.84826201246	-16665.84826201246	66161.89801985874	3275.0979638851413	-4178.317599729626
1770000	-5363.124076386139	-1124.460241361334	-4238.663835024805	5.0	5.072433379670464E-5	1.1430399681454102E-5	1.1430399681454102E-5	1.6708693273028262E-5	-0.39262865945885306	23307.4104521737	-15944.575237256833	-15944.575237256835	70756.75209271416	3350.5045228307126	-4238.663835024805
1780000	-5536.696174662189	-1158.3511302496177	-4378.345044412571	611.0	4.556135206842553E-5	7.477841396163221E-6	7.477841396163221E-6	1.3039096266570092E-5	-0.3067991852435293	24228.999270184246	-13895.181845900384	-13895.181845900383	84661.23291417879	3534.811046881183	-4378.345044412571
1790000	-5365.030401829812	-1084.7741338463634	-4280.256267983449	119.0	4.852280866966817E-5	1.1312634181475424E-5	1.1312634181475424E-5	1.576552128143621E-5	-0.40901252766639934	24749.187121285246	-17758.91169051641	-17758.911690516412	76172.5571884509	3398.2289080368564	-4280.256267983449
1800000	-5409.191842428399	-1049.303018876598	-4359.888823551801	701.0	4.8535552066340486E-5	1.0664143489912452E-5	1.0664143489912452E-5	1.2445838428090122E-5	-0.43389426888774363	25381.971119635367	-21748.392737100807	-21748.392737100803	98983.12499726532	3463.1733447917572	-4359.888823551801
1810000	-5456.5463531628475	-1181.3452091607905	-4275.201144002057	54.0	4.822922655652271E-5	1.0060231283957716E-5	1.0060231283957716E-5	1.638588104762013E-5	-0.35786392235798864	23779.700599151976	-14599.72077152862	-14599.720771528622	69991.75474969964	3504.04451922234	-4275.201144002057
1820000	-5364.7533102942125	-1141.762481610052	-4222.990828684161	454.0	5.200979212960534E-5	1.2640914517486654E-5	1.2640914517486654E-5	1.6995517063020546E-5	-0.4251760026490484	23469.91358269004	-17456.436908125215	-17456.436908125215	71822.78257314555	3440.2754358294064	-4222.990828684161
1830000	-5344.512747167575	-1115.9184590479122	-4228.594288119662	673.0	5.0631053949710974E-5	7.930709889129324E-6	7.930709889129324E-6	1.4405776085861671E-5	-0.2936535459158264	21614.60381613328	-11899.334767701781	-11899.334767701781	75967.45676134212	3203.9788266800642	-4228.594288119662
1840000	-5318.839557388417	-1068.869733187608	-4249.969824200809	57.0	4.873399124820343E-5	1.0566353443777575E-5	1.0566353443777575E-5	1.5216868926747913E-5	-0.38801319378098315	24156.408510339472	-16773.828537345056	-16773.828537345056	77364.02321647026	3318.140285904402	-4249.969824200809
1850000	-5293.765905878293	-1057.4588124575614	-4236.307093420732	962.0	4.716862754214291E-5	1.4805504391771503E-5	1.4805504391771503E-5	1.8674812880965943E-5	-0.4988482558068903	28224.083421714742	-22376.2237253704	-22376.2237253704	71288.06522040894	3429.543821940611	-4236.307093420732
1860000	-5314.239394598857	-1035.5480539172663	-4278.69134068159	688.0	4.559564005166544E-5	1.1688808318580878E-5	1.1688808318580878E-5	1.5145909472972196E-5	-0.4447960278254712	27341.200514132102	-21100.48608040837	-21100.48608040837	82308.66158598133	3476.66465316409	-4278.69134068159
1870000	-5271.48901230219	-1013.9941733371826	-4257.494838965007	33.0	4.875687197980855E-5	1.026745322659053E-5	1.026745322659053E-5	1.4724236275447375E-5	-0.38320258180667793	24040.07545533733	-16763.541801687334	-16763.541801687334	79604.73191504845	3238.844776904488	-4257.494838965007
1880000	-5421.2250284325655	-1016.6163892762102	-4404.608639156356	73.0	4.5521147596693656E-5	1.1559845954558146E-5	1.1559845954558146E-5	1.1900710233054991E-5	-0.49665979537094196	29160.97792213174	-28325.73905780908	-28325.73905780908	111543.02172405059	3661.3565139102625	-4404.608639156356
1890000	-5372.971582810962	-1119.033600805239	-4253.937982005723	282.0	5.4431329288990404E-5	1.2145440117761783E-5	1.2145440117761783E-5	1.5888164504332097E-5	-0.41300177950607037	22149.88960365132	-16932.110548253062	-16932.110548253062	75883.39952059257	3321.524117412749	-4253.937982005723
1900000	-5386.188689037817	-1043.3488473610707	-4342.839841676747	909.0	3.940653023704997E-5	9.314359722975626E-6	9.314359722975626E-6	1.3464905842652338E-5	-0.4043591246427794	30336.7553836078	-20985.475559417646	-20985.475559417646	88783.85651471028	3330.649997484567	-4342.839841676747
1910000	-5291.054938423121	-1049.8176490891592	-4241.237289333962	529.0	5.5951045159439393E-5	1.4218256004530871E-5	1.4218256004530871E-5	1.9210005592094832E-5	-0.4336890751462605	22013.134179326826	-16292.987304103453	-16292.987304103452	64115.43498327545	3392.5185713566493	-4241.237289333962
1920000	-5137.201663196464	-973.4919299248832	-4163.709733271581	610.0	5.351847281035878E-5	1.0408186726530325E-5	1.0408186726530325E-5	1.5751701023159632E-5	-0.3584755081060552	21440.31855277833	-14167.031144478053	-14167.031144478053	72846.29792205965	3282.505494405616	-4163.709733271581
1930000	-5398.947029448892	-1130.060186414163	-4268.886843034729	389.0	5.50808370188325E-5	1.1157194273402773E-5	1.1157194273402773E-5	1.617248154235667E-5	-0.3738233263003289	21104.336234371283	-14559.61960824608	-14559.619608246076	71877.93051249038	3447.869708499393	-4268.886843034729
1940000	-5279.590318345246	-1066.319132718143	-4213.271185627103	6.0	5.295626426330701E-5	1.1765084959942066E-5	1.1765084959942066E-5	1.606320526853176E-5	-0.40338550898131326	22553.39228148939	-16518.656886395976	-16518.656886395973	74352.74478078983	3282.563276190118	-4213.271185627103
1950000	-5347.86154461399	-1050.4126879882456	-4297.448856625744	470.0	4.537766084108512E-5	1.0900211578905923E-5	1.0900211578905923E-5	1.4753197916081462E-5	-0.42127995096963133	26792.283943469996	-19795.13630381194	-19795.136303811945	82407.29778454352	3481.038717991505	-4297.448856625744
1960000	-5515.904536384428	-1130.0970859534802	-4385.807450430948	899.0	5.03625922598231E-5	1.321257703389776E-5	1.321257703389776E-5	1.4254687429426807E-5	-0.49312230271503166	26235.74244819915	-24317.738979161295	-24317.73897916129	92692.31655158906	3605.0064443089077	-4385.807450430948
1970000	-5380.327307854988	-1073.1180135529235	-4307.209294302064	268.0	4.9428339394906434E-5	1.357696237094095E-5	1.357696237094095E-5	1.644944783920969E-5	-0.47614468632470885	26162.76853147971	-21594.094059792107	-21594.094059792107	78615.53865667552	3481.1610175571373	-4307.209294302064
1980000	-5427.59940244594	-1211.6688860713805	-4215.930516374559	449.0	5.6788514778865984E-5	1.2948952116394041E-5	1.2948952116394041E-5	1.822207917334155E-5	-0.4025366287211724	21014.254724377515	-14933.1245682307	-14933.124568230702	65490.23871699751	3385.772970518905	-4215.930516374559
1990000	-5385.837744967028	-1169.5258155402148	-4216.311929426814	26.0	5.1576866867705706E-5	1.51427423771894E-5	1.51427423771894E-5	1.9835762885527237E-5	-0.4734265409382281	24989.501303153436	-19077.137720989303	-19077.137720989307	64977.59573157171	3411.2256016416313	-4216.311929426814
2000000	-5333.177317691916	-1068.647869951163	-4264.529447740753	101.0	5.2384703879517604E-5	1.2314123511316754E-5	1.2314123511316754E-5	1.5510547106429854E-5	-0.43200393243772783	23469.61509616668	-18632.981614004664	-18632.981614004664	79265.34303031019	3348.533847616022	-4264.529447740753
2010000	-5461.298537615125	-1089.31699039167	-4371.981547223455	958.0	4.8142154181149585E-5	1.041044967665262E-5	1.041044967665262E-5	1.2914089703590432E-5	-0.41751764099163413	25157.25380547076	-20280.045342399695	-20280.045342399695	93783.17940137611	3442.2011059378956	-4371.981547223455
2020000	-5412.128982829501	-1035.6786312156055	-4376.450351613896	961.0	3.7468227825375055E-5	7.649494046737219E-6	7.649494046737219E-6	1.2458264969987868E-5	-0.3540563216508896	30514.444364326293	-18736.161180286355	-18736.161180286355	91772.18145236021	3608.0281597916683	-4376.450351613896
2030000	-5308.12051168629	-1070.3325378790805	-4237.78797380721	642.0	5.305021862725446E-5	1.3681145381793845E-5	1.3681145381793845E-5	1.661374951156527E-5	-0.4608345584154577	23932.59215535493	-19708.09012214012	-19708.09012214012	76420.39175290753	3443.488899447447	-4237.78797380721
2040000	-5295.007476246912	-1042.2451072930587	-4252.762368953853	340.0	4.5470394054575886E-5	1.0147108371769766E-5	1.0147108371769766E-5	1.3584399885554158E-5	-0.40827962857938327	26391.608725750935	-19713.68011113395	-19713.68011113395	88339.33472248667	3487.7680260838106	-4252.762368953853
2050000	-5322.220180512508	-1034.0919314470993	-4288.128249065408	724.0	4.342666344144917E-5	1.0695568163807895E-5	1.0695568163807895E-5	1.5738717081678166E-5	-0.4091108185009396	27656.18993977648	-18794.331400520827	-18794.33140052083	76309.65385263825	3357.37470023463	-4288.128249065408
2060000	-5476.394856812639	-1141.9764212840055	-4334.418435528633	453.0	3.858901000229547E-5	7.562704666658017E-6	7.562704666658017E-6	1.5072622886208958E-5	-0.313581841265539	28740.244794330254	-14420.448588669211	-14420.44858866921	73580.92896038607	3444.7922735661855	-4334.418435528633
2070000	-5562.430050574483	-1175.9055798320646	-4386.524470742418	624.0	4.486605530874289E-5	1.0208974590675504E-5	1.0208974590675504E-5	1.3314808161520725E-5	-0.41769158169372833	26998.975417069712	-20701.150978930556	-20701.150978930556	90976.71627311595	3689.926498693066	-4386.524470742418
2080000	-5605.36366774193	-1167.5856218146307	-4437.778045927299	731.0	4.1868572916586066E-5	1.0334623416827048E-5	1.0334623416827048E-5	1.3673019395199579E-5	-0.43193496545930854	29362.32823809706	-22193.240293986335	-22193.240293986335	89911.28771960294	3490.7138981230673	-4437.778045927299
2090000	-5492.496100900187	-1225.772319703062	-4266.723781197125	405.0	5.080229371103231E-5	1.3182358624679719E-5	1.3182358624679719E-5	1.909020875488379E-5	-0.42329790898062664	23981.113335681963	-16559.674138145554	-16559.674138145554	63817.82299186204	3334.7681088005174	-4266.723781197125
2100000	-5596.690895029131	-1240.5860302382825	-4356.104864790848	686.0	5.88008391153838E-5	1.3569990579804074E-5	1.3569990579804074E-5	1.498611777805092E-5	-0.45713367351343315	21499.292982097188	-19467.69720886651	-19467.69720886651	84356.50156082079	3493.462455120154	-4356.104864790848
2110000	-5349.384155763903	-1112.8501032932656	-4236.534052470638	775.0	5.430118971631432E-5	1.2118981052894892E-5	1.2118981052894892E-5	1.7428707322805493E-5	-0.39393887975398933	21798.69521711188	-15157.634437313203	-15157.634437313205	67916.4015224261	3144.604158708239	-4236.534052470638
2120000	-5310.26473630387	-1104.9617458790067	-4205.302990424863	950.0	6.013850394242773E-5	1.376473914543329E-5	1.376473914543329E-5	1.986223026744178E-5	-0.398270068979323	19763.083433205993	-13696.02932322424	-13696.029323224242	59838.30893908303	3219.438897462818	-4205.302990424863
2130000	-5379.419286124919	-1137.6287836153072	-4241.790502509612	689.0	5.506313701294223E-5	1.0657596277841906E-5	1.0657596277841906E-5	1.638111027639536E-5	-0.3548600608092529	20777.375104557013	-13517.818502005637	-13517.81850200564	69840.65382919015	3227.401991666504	-4241.790502509612
2140000	-5479.2216272229625	-1119.358512576191	-4359.8631146467715	938.0	4.8172014454485296E-5	9.854219003764126E-6	9.854219003764126E-6	1.319707942704215E-5	-0.3908281984199779	24501.457124940116	-18295.163392421226	-18295.163392421226	89435.2840189811	3681.7081760411506	-4359.8631146467715
2150000	-5337.611288185386	-1073.9696133488926	-4263.641674836494	470.0	5.30801881425541E-5	1.3405710362205419E-5	1.3405710362205419E-5	1.5423291954853767E-5	-0.4685274770361184	24138.187313343537	-20980.575919754276	-20980.575919754276	83073.02538024446	3506.5009286075983	-4263.641674836494
2160000	-5505.441757548479	-1127.1651012084606	-4378.276656340018	872.0	4.0283941882301015E-5	7.991757086205429E-6	7.991757086205429E-6	1.321921153226931E-5	-0.34631676686408824	28206.77532402226	-17052.582601048805	-17052.582601048805	85956.72253721571	3534.2353321522705	-4378.276656340018
2170000	-5564.746170848642	-1209.9377429172118	-4354.80842793143	305.0	4.950003073425861E-5	1.1938869126471792E-5	1.1938869126471792E-5	1.4046237725989783E-5	-0.45277292613436504	25411.43659342798	-21598.937859582227	-21598.93785958223	89551.87267327217	3532.9942056806867	-4354.80842793143
2180000	-5344.135208039508	-1091.8137778872956	-4252.321430152213	441.0	5.198874324899105E-5	1.1411798648058951E-5	1.1411798648058951E-5	1.6032867605182107E-5	-0.39526998527908824	22796.643327573813	-16226.086930438045	-16226.086930438045	73921.20150190676	3341.176036690402	-4252.321430152213
2190000	-5446.476023315459	-1056.575418304018	-4389.900605011441	675.0	4.360762399220419E-5	8.473464984411194E-6	8.473464984411194E-6	1.1535290894109657E-5	-0.3778031298999727	26749.926101439924	-19649.661567865747	-19649.66156786575	101124.51692453625	3623.0932785538025	-4389.900605011441
2200000	-5402.82946677924	-1103.4564233817716	-4299.373043397468	428.0	5.232026644575183E-5	1.541636931287992E-5	1.541636931287992E-5	1.583596035858526E-5	-0.535580713167617	26800.76292169856	-26090.64747019581	-26090.647470195807	88546.76478477656	3438.679366301908	-4299.373043397468
2210000	-5510.7690906775915	-1194.8448160159255	-4315.9242746616665	552.0	5.27305348888675E-5	1.3025537028539498E-5	1.3025537028539498E-5	1.5563631383126835E-5	-0.454683381647824	23906.754011627905	-20008.075361399526	-20008.07536139953	80997.54456125216	3377.4148700183423	-4315.9242746616665
2220000	-5453.273151152607	-1134.7897417442912	-4318.483409408316	344.0	4.808765066367782E-5	1.0194058413345532E-5	1.0194058413345532E-5	1.4488113221789933E-5	-0.3862108070913357	24440.94097356135	-17197.020491729225	-17197.020491729225	81122.18709476544	3511.2230217586875	-4318.483409408316
2230000	-5351.955394271726	-1011.4898920758794	-4340.465502195846	723.0	4.4735576993811004E-5	1.079468661622282E-5	1.079468661622282E-5	1.3950325346802966E-5	-0.4321070469523879	27485.585669732904	-21268.198152533172	-21268.198152533176	88140.13317833564	3443.056235699206	-4340.465502195846
2240000	-5294.127914674458	-1067.819439637468	-4226.308475036991	67.0	4.595551316188508E-5	1.0686314990110877E-5	1.0686314990110877E-5	1.6346994557748056E-5	-0.38988829952381265	25660.973446339907	-16775.02517247034	-16775.02517247034	72139.45039218946	3421.104479699888	-4226.308475036991
2250000	-5391.442335051681	-1045.1701725535197	-4346.272162498161	449.0	4.2967268360335477E-5	1.0928078368992183E-5	1.0928078368992183E-5	1.3014463843417557E-5	-0.46212747344202065	29593.590235611406	-24849.358160703083	-24849.35816070308	97703.27450273297	3517.030465906401	-4346.272162498161
2260000	-5222.002555297149	-1006.1226116262158	-4215.879943670933	768.0	5.150688824716071E-5	1.161794255608865E-5	1.161794255608865E-5	1.5348915173549247E-5	-0.41319753814335397	23412.073966286054	-17721.13060654262	-17721.13060654262	78564.71052064007	3245.8340471467213	-4215.879943670933
2270000	-5301.72977603826	-1082.3412660860552	-4219.388509952205	885.0	5.255373183698957E-5	1.1646075234462662E-5	1.1646075234462662E-5	1.7589822090935308E-5	-0.38304260965607	22300.043391764193	-14764.673669218342	-14764.673669218344	66626.6261423961	3366.4264713199996	-4219.388509952205
2280000	-5408.965303025589	-1007.0835095699292	-4401.881793455659	456.0	4.54444164709946E-5	1.4163765991789405E-5	1.4163765991789405E-5	1.3493873613366992E-5	-0.5719659274262827	32703.783496709417	-34327.33622424648	-34327.33622424647	110139.19353220213	3523.8572513693107	-4401.881793455659
2290000	-5421.817452126697	-1117.5324215883643	-4304.285030538334	15.0	4.8631096015520244E-5	8.995061626676026E-6	8.995061626676026E-6	1.3200613621389102E-5	-0.3550177396531657	23528.443163069645	-16032.572598642939	-16032.572598642939	86678.8477699982	3653.98960493721	-4304.285030538334
2300000	-5399.171776376895	-1083.3105031503258	-4315.861273226569	386.0	5.1122520737083936E-5	1.0108676574986005E-5	1.0108676574986005E-5	1.5441320343114384E-5	-0.3597874043915803	22469.453618475498	-14709.651402776763	-14709.651402776763	74390.99008613518	3341.264275679567	-4315.861273226569
2310000	-5505.602405724205	-1161.248319364003	-4344.354086360202	896.0	5.424310163777564E-5	1.247753354395398E-5	1.247753354395398E-5	1.6835181063688257E-5	-0.41290257656047413	22224.55601909808	-16471.9133212	-16471.9133212	71607.71520293158	3562.7632627388225	-4344.354086360202
2320000	-5309.68724409529	-1084.1640461272123	-4225.523197968078	675.0	4.842570538566639E-5	1.1783714992342256E-5	1.1783714992342256E-5	1.688162926111403E-5	-0.41213269866565977	24875.351756522337	-17363.493232748326	-17363.493232748326	71356.05437686747	3507.040299712002	-4225.523197968078
2330000	-5429.99100621955	-1071.3294809128934	-4358.6615253066575	989.0	4.194935177488506E-5	9.412622084902262E-6	9.412622084902262E-6	1.2769645244426993E-5	-0.40668539759713423	28562.27060373538	-21053.510409539813	-21053.510409539813	93829.44585468936	3388.944057198272	-4358.6615253066575
2340000	-5221.988269058187	-1004.6393619805617	-4217.348907077626	944.0	4.7336852461518355E-5	1.1819259856025449E-5	1.1819259856025449E-5	1.6678930347436783E-5	-0.4206360542466107	25666.48077517415	-18188.14513594302	-18188.145135943018	72844.6242266089	3416.34366753079	-4217.348907077626
2350000	-5454.539422287724	-1085.4071345477025	-4369.132287740022	469.0	4.819975282031182E-5	1.2258403470938232E-5	1.2258403470938232E-5	1.3119378437397709E-5	-0.4874778377588015	27213.978379722965	-25428.02836429232	-25428.028364292324	99982.40674427409	3649.900644656407	-4369.132287740022
2360000	-5492.318161135314	-1128.0197856539457	-4364.298375481369	950.0	4.545757886008575E-5	1.2016655389604332E-5	1.2016655389604332E-5	1.546018321318216E-5	-0.45328686879086794	27687.44268752021	-21520.473128136317	-21520.473128136317	81409.39159950595	3491.3055456429734	-4364.298375481369
2370000	-5504.699064264449	-1133.3725468044847	-4371.326517459964	716.0	4.6496025985643E-5	1.2639580136911922E-5	1.2639580136911922E-5	1.424652057276138E-5	-0.49110044231934935	28342.959240270273	-25146.006900770346	-25146.006900770346	92502.23327268135	3588.485852144915	-4371.326517459964
2380000	-5531.154148746253	-1190.1541724000854	-4340.999976346167	670.0	4.5114224311104266E-5	1.0421754327391644E-5	1.0421754327391644E-5	1.3872883204378238E-5	-0.41658220945029356	26820.38785226077	-20148.3346355433	-20148.3346355433	87219.14369579946	3657.0580394305107	-4340.999976346167
2390000	-5458.700266662044	-1134.865983543791	-4323.834283118253	97.0	4.6739604666005614E-5	1.2374616445725764E-5	1.2374616445725764E-5	1.542324170035336E-5	-0.46089436367121384	27165.78626251228	-21796.078410510392	-21796.078410510392	82324.98297176656	3445.213677289903	-4323.834283118253
2400000	-5445.870522216053	-1193.3587097505215	-4252.511812465532	382.0	5.882973787511346E-5	1.4781979200614943E-5	1.4781979200614943E-5	1.850213441358662E-5	-0.44804662922203714	21267.583654509122	-16991.389868913535	-16991.38986891354	67622.81278818588	3475.7953093264687	-4252.511812465532
2410000	-5537.700022776168	-1190.5689227939265	-4347.131099982242	979.0	4.775834038484229E-5	1.161100174679824E-5	1.161100174679824E-5	1.505193557943227E-5	-0.4330608277522391	25772.09261180807	-19880.487180880977	-19880.487180880977	81772.36508149031	3327.592095321463	-4347.131099982242
2420000	-5458.46096554377	-1190.61923171726	-4267.84173382651	355.0	5.207558093559667E-5	1.3626888420389403E-5	1.3626888420389403E-5	1.6732386183559095E-5	-0.4616370938443122	24403.44793008685	-19874.21628738323	-19874.216287383228	75949.94006530537	3401.802692426971	-4267.84173382651
2430000	-5449.580164119993	-1192.4655108190193	-4257.114653300974	658.0	4.8284717632786956E-5	1.1036313955243316E-5	1.1036313955243316E-5	1.681438093732739E-5	-0.38732787875997954	24365.934449407847	-15992.86369202995	-15992.86369202995	69970.00181772122	3595.5312187666577	-4257.114653300974
2440000	-5250.319657051453	-1018.1828956178637	-4232.1367614335895	623.0	4.7208063659881E-5	1.1754328354715232E-5	1.1754328354715232E-5	1.650126001796633E-5	-0.4211445365025148	25749.892851288194	-18342.39902548231	-18342.399025482315	73667.25811454383	3321.7102919677523	-4232.1367614335895
2450000	-5308.069475009301	-1011.6104449775381	-4296.459030031762	457.0	4.690750082714548E-5	1.1468571690374957E-5	1.1468571690374957E-5	1.3413340615374786E-5	-0.45721419959349247	26952.92065794488	-23045.079648265684	-23045.07964826568	94256.4708009698	3493.0961211579333	-4296.459030031762
2460000	-5385.570282178024	-1082.5841940601265	-4302.986088117897	99.0	5.646808536663823E-5	1.3944972829888107E-5	1.3944972829888107E-5	1.5693464912466E-5	-0.4684429645651209	22687.67456167948	-20159.920521098582	-20159.920521098582	81634.58809544134	3351.9483139613285	-4302.986088117897
2470000	-5399.918730169956	-1045.981556586653	-4353.937173583303	837.0	4.964209987759308E-5	1.223572834067729E-5	1.223572834067729E-5	1.2400467317705547E-5	-0.49315759742339077	26617.745399213178	-26264.1312945573	-26264.131294557294	106557.33705595338	3560.9220123256396	-4353.937173583303
2480000	-5566.725603042435	-1206.13504764357	-4360.590555398865	811.0	4.729119877698225E-5	1.1058049652453854E-5	1.1058049652453854E-5	1.4577479991531457E-5	-0.42116002922752704	25705.033831889916	-19499.086302719927	-19499.086302719927	83390.39842408667	3610.5267106058186	-4360.590555398865
2490000	-5406.706730721614	-1055.569726632528	-4351.137004089086	21.0	4.20731710979778E-5	9.660113211294877E-6	9.660113211294877E-6	1.3053203341035259E-5	-0.4122123898248762	28633.491539539584	-21190.41301050236	-21190.41301050236	92291.65877530894	3687.3030999636712	-4351.137004089086
2500000	-5501.786563195311	-1111.6387505182647	-4390.147812677046	411.0	4.173235160250939E-5	8.271696916404888E-6	8.271696916404888E-6	1.1418950606507427E-5	-0.3789178696729371	27979.48449042367	-20267.870801555462	-20267.87080155546	102255.4282480125	3511.2284393045684	-4390.147812677046
2510000	-5595.083830887849	-1210.9950563844131	-4384.088774503436	311.0	4.73511422238662E-5	1.1333815339009427E-5	1.1333815339009427E-5	1.5082271758675134E-5	-0.4241090322000678	25750.521703851828	-19350.643095708812	-19350.643095708816	80844.36052125276	3542.39503158247	-4384.088774503436
2520000	-5382.180937921544	-1088.2733535792884	-4293.907584342255	972.0	4.622919241687205E-5	1.2029532028562601E-5	1.2029532028562601E-5	1.4447614972329436E-5	-0.4654708620312988	27614.36883313029	-22992.57939548495	-22992.579395484954	88359.91080204057	3511.652375328666	-4293.907584342255
2530000	-5197.251658330219	-1074.504164772882	-4122.747493557336	382.0	5.886483682808149E-5	1.4101252052782838E-5	1.4101252052782838E-5	2.0018167166090605E-5	-0.4107878098489809	20436.693599174934	-14396.071587194132	-14396.071587194134	60095.54341512012	3334.452151682406	-4122.747493557336
2540000	-5283.546708034619	-1020.6831934315871	-4262.863514603032	312.0	4.83323494587926E-5	8.538232438832057E-6	8.538232438832057E-6	1.3063816078150008E-5	-0.33979265851844503	23390.75014948753	-15287.696986870957	-15287.696986870958	86539.02531735836	3280.4379542243432	-4262.863514603032
2550000	-5388.509064652697	-1085.1234885481022	-4303.385576104594	446.0	5.420396203880094E-5	1.3934484500824803E-5	1.3934484500824803E-5	1.4169569615767597E-5	-0.5028020746423776	24690.9541949796	-24281.310432863145	-24281.31043286315	94452.2367424034	3520.530402128215	-4303.385576104594
2560000	-5340.691622743147	-1096.0983255851356	-4244.593297158011	183.0	5.72891129797262E-5	1.3844100445291343E-5	1.3844100445291343E-5	1.4863604340894441E-5	-0.4744239712540114	22525.268159045234	-20980.245961806828	-20980.245961806828	86819.63020986313	3524.4871607627924	-4244.593297158011
2570000	-5420.60835784921	-1083.1517172391302	-4337.456640610079	974.0	4.549976022636957E-5	9.16049997804529E-6	9.16049997804529E-6	1.3372690011737045E-5	-0.37136864687677446	25494.15595011222	-17463.892067812216	-17463.892067812216	86742.3070366307	3481.5218514781222	-4337.456640610079
2580000	-5501.901673495967	-1120.8584538971363	-4381.043219598831	297.0	4.987434474150181E-5	8.879598991394799E-6	8.879598991394799E-6	1.4173660064619029E-5	-0.33397483614232343	22567.555638314792	-14138.256693798612	-14138.25669379861	79410.82576743653	3337.438967921505	-4381.043219598831
2590000	-5442.760319910148	-1149.7018785912012	-4293.058441318946	836.0	4.764571981213955E-5	1.0477006311586062E-5	1.0477006311586062E-5	1.4830095514829405E-5	-0.3941425165921574	24848.401688628517	-17554.631463044992	-17554.631463044992	79832.25620172336	3491.5254135217974	-4293.058441318946
2600000	-5438.535571177592	-1176.8984416116775	-4261.637129565915	704.0	5.905327312717316E-5	1.2024774438209801E-5	1.2024774438209801E-5	1.76511985916776E-5	-0.3724498905112504	19661.24972201047	-13394.10985903032	-13394.109859030323	65778.03449579186	3386.4520282197886	-4261.637129565915
2610000	-5327.120809794262	-1127.9919875768667	-4199.128822217395	851.0	5.8139346515140475E-5	1.3686645793239044E-5	1.3686645793239044E-5	1.7258195954866282E-5	-0.43208009233067796	21148.299581433937	-16771.700023418496	-16771.700023418496	71244.31318235745	3269.3925317823896	-4199.128822217395
2620000	-5424.630862998138	-1101.0791415706403	-4323.551721427498	371.0	5.116313287072812E-5	1.1364123815321394E-5	1.1364123815321394E-5	1.3022717860806038E-5	-0.4402573104674032	24244.56250878574	-21156.736492568616	-21156.736492568616	95251.06711886502	3535.403549862544	-4323.551721427498
2630000	-5424.039657408886	-1165.9916866367325	-4258.047970772154	903.0	5.2267906476049956E-5	1.213863728341885E-5	1.213863728341885E-5	1.6194216990152613E-5	-0.41722699949429365	23164.666614492842	-17363.450545070216	-17363.450545070213	74765.49368774256	3316.7501022757765	-4258.047970772154
2640000	-5265.871406290914	-1088.9923425388904	-4176.879063752023	143.0	5.131509451825748E-5	1.3472347551170258E-5	1.3472347551170258E-5	1.7146533312123584E-5	-0.45418474959836297	24552.154882702805	-19291.081041790356	-19291.081041790356	73478.18509424131	3332.708404620498	-4176.879063752023
2650000	-5267.619263564861	-1022.0460669937637	-4245.5731965710975	806.0	4.181747184550134E-5	9.998899866915322E-6	9.998899866915322E-6	1.4406360190915011E-5	-0.4073767115872848	28671.680764000088	-19899.90956606718	-19899.90956606718	83225.54671844725	3280.0492936835167	-4245.5731965710975
2660000	-5418.321834855567	-1079.721585410516	-4338.600249445051	964.0	4.6489138796493865E-5	1.078926249083909E-5	1.078926249083909E-5	1.4407180701861771E-5	-0.4168948276635084	26035.384164533963	-19497.4019979282	-19497.401997928202	84011.06455815109	3429.7212953346993	-4338.600249445051
2670000	-5511.529827987894	-1147.7651395723735	-4363.764688415521	837.0	4.78440927578098E-5	1.206959468091879E-5	1.206959468091879E-5	1.5954758960355866E-5	-0.4368510665864522	25830.72856003476	-19540.65397083873	-19540.653970838728	77459.50761769105	3485.7979044788563	-4363.764688415521
2680000	-5443.0084393308625	-1110.5089697503952	-4332.499469580467	56.0	4.6686750190556485E-5	1.0937065624406607E-5	1.0937065624406607E-5	1.2788922535803744E-5	-0.44759684583506265	26785.673940029257	-22907.06452055669	-22907.064520556694	97782.75413138645	3642.672775138089	-4332.499469580467
2690000	-5374.127577359655	-1078.5273881320486	-4295.600189227607	308.0	4.2634504367846084E-5	7.053360559234596E-6	7.053360559234596E-6	1.3736391709425196E-5	-0.29146012198913773	25632.648536067205	-13161.848907451133	-13161.848907451134	79557.66616793362	3391.328553914637	-4295.600189227607
2700000	-5413.260996250883	-1016.7157533087324	-4396.545242942151	731.0	4.271254869826748E-5	9.151088768059942E-6	9.151088768059942E-6	1.2045706541251424E-5	-0.40343993515460047	27963.82048188366	-21244.034349289803	-21244.034349289803	99156.16323805769	3457.9487498156336	-4396.545242942151
2710000	-5567.058777081089	-1118.1676726145483	-4448.89110446654	236.0	4.3241420631655566E-5	1.0373545738891298E-5	1.0373545738891298E-5	1.0912201584228173E-5	-0.4775524299561349	29958.111466987448	-28479.29789005811	-28479.29789005811	118714.01836512673	3569.5369058417177	-4448.89110446654
2720000	-5256.115551704915	-1058.2888176447566	-4197.826734060158	253.0	5.8509056714326654E-5	1.2476600585290304E-5	1.2476600585290304E-5	1.6238211247316497E-5	-0.4047768165556534	20440.416174149697	-15705.357229178731	-15705.357229178731	73650.32089944054	3275.259108992567	-4197.826734060158
2730000	-5374.900667372967	-1207.3820560614865	-4167.5186113114805	770.0	5.589219280189299E-5	1.2971721878300615E-5	1.2971721878300615E-5	2.0488718185215262E-5	-0.383322807091197	20973.331794564307	-13278.538190677415	-13278.538190677415	57214.19435627541	3401.4980191399754	-4167.5186113114805
2740000	-5382.19411842624	-1063.9992587739066	-4318.1948596523325	532.0	4.818056043235457E-5	1.3264995679724694E-5	1.3264995679724694E-5	1.4540023269252012E-5	-0.5011741222290033	27717.120370954002	-25286.581401325926	-25286.58140132593	91844.8594141964	3403.0397477010924	-4318.1948596523325
2750000	-5417.057198021423	-1079.9733928657947	-4337.0838051556275	393.0	4.653956581184741E-5	9.711365991547999E-6	9.711365991547999E-6	1.2696340048746164E-5	-0.39951205205457435	25567.998644789128	-19556.832249107214	-19556.832249107214	93721.77738134075	3372.485550704617	-4337.0838051556275
2760000	-5526.125812355145	-1164.3636653306207	-4361.762147024524	424.0	4.771147059467181E-5	1.2617299613072333E-5	1.2617299613072333E-5	1.4436624466170296E-5	-0.48075320128414684	27259.67597298159	-23824.371127222243	-23824.37112722224	90090.25840167275	3554.869891626047	-4361.762147024524
2770000	-5405.263619747119	-1149.670972138333	-4255.592647608786	781.0	5.088524667140724E-5	1.2013563564833443E-5	1.2013563564833443E-5	1.4737806251288874E-5	-0.43869177015525795	24335.425641275804	-19837.089579948646	-19837.089579948642	84022.96213533904	3365.8500131314368	-4255.592647608786
2780000	-5389.747908029603	-1112.3225381001334	-4277.4253699294695	686.0	5.432694655024957E-5	1.1926467084493803E-5	1.1926467084493803E-5	1.4922301044045673E-5	-0.41887676152805814	22323.988248792684	-17842.175295752433	-17842.175295752433	81273.93441539578	3315.7922514683555	-4277.4253699294695
2790000	-5383.036324568199	-1045.8288120156012	-4337.207512552598	714.0	4.902023206903542E-5	1.0638438692986201E-5	1.0638438692986201E-5	1.2716906344870777E-5	-0.42608817072782057	24924.880409903042	-20851.125657437617	-20851.125657437613	96078.66794420566	3539.0867298888584	-4337.207512552598
2800000	-5511.806505921321	-1149.012984948338	-4362.793520972983	966.0	5.052329914854193E-5	1.2459852539492707E-5	1.2459852539492707E-5	1.4086373111972386E-5	-0.46705438917105546	25315.07352301349	-22392.001164237125	-22392.001164237125	90797.04352595107	3451.5073802928596	-4362.793520972983
2810000	-5415.146573965541	-1133.0146500694923	-4282.131923896049	144.0	5.128481576170402E-5	1.5071513123619346E-5	1.5071513123619346E-5	1.6614695634123113E-5	-0.5163168058045319	26586.444044677115	-24117.079792107215	-24117.079792107215	82064.75247068709	3459.8369960517743	-4282.131923896049
2820000	-5517.098822632353	-1158.5519966068218	-4358.546826025531	371.0	4.551369310461177E-5	1.0802961382280968E-5	1.0802961382280968E-5	1.5531116289080447E-5	-0.40632210475325214	26316.143216475914	-18304.690635665615	-18304.690635665615	77119.04564733709	3465.800209313499	-4358.546826025531
2830000	-5429.80948817079	-1179.4570232267463	-4250.352464944044	343.0	5.1150277977729095E-5	1.375852497265507E-5	1.375852497265507E-5	1.7861046225140222E-5	-0.45519180020088384	24659.719226722496	-18995.604094119084	-18995.604094119084	70620.24684333427	3389.1264609628965	-4250.352464944044
2840000	-5430.481900845296	-1149.9568527285048	-4280.525048116791	758.0	4.786744196703562E-5	1.1312860344449812E-5	1.1312860344449812E-5	1.6748578792087056E-5	-0.39954282481196157	24859.45193450106	-16791.365492303285	-16791.365492303285	71048.31923824141	3466.671587868067	-4280.525048116791
2850000	-5433.736143908224	-1128.8501091905212	-4304.886034717703	31.0	4.720321103910145E-5	1.1290135833681612E-5	1.1290135833681612E-5	1.277624500596533E-5	-0.459739458348504	26862.712238204716	-23738.091269291337	-23738.09126929134	99247.17898495126	3613.0208205381855	-4304.886034717703
2860000	-5502.243849227081	-1143.8537672077757	-4358.390082019306	735.0	4.5785971441843894E-5	1.1743925643377917E-5	1.1743925643377917E-5	1.5181880887914792E-5	-0.445434946420175	27246.86361110991	-21076.778472083228	-21076.778472083224	82171.90797295468	3473.542508096423	-4358.390082019306
2870000	-5339.901393457924	-1036.793781342831	-4303.107612115094	337.0	4.756186126725178E-5	1.0564246423973125E-5	1.0564246423973125E-5	1.3662758781008937E-5	-0.4144192322207028	25384.943465572986	-19628.0123602633	-19628.012360263296	88368.32873495654	3626.936548071081	-4303.107612115094
2880000	-5336.219601600325	-990.4503625669518	-4345.769239033373	224.0	4.222238226615953E-5	9.726379949077557E-6	9.726379949077557E-6	1.3019444740811414E-5	-0.4148428724502219	28607.279290257302	-21371.515700221727	-21371.515700221724	92774.11639543966	3357.3738554771257	-4345.769239033373
2890000	-5382.958700859714	-1057.5536503591256	-4325.405050500588	112.0	5.201246623620107E-5	1.0674474647082067E-5	1.0674474647082067E-5	1.3047808424522736E-5	-0.4097547538935879	23105.559395658638	-18902.768951762	-18902.768951761995	92105.66930738732	3643.2677265563148	-4325.405050500588
2900000	-5267.38838284519	-1006.0852056022569	-4261.303177242933	343.0	4.902204149033661E-5	1.1059042159351168E-5	1.1059042159351168E-5	1.4825718419202588E-5	-0.4102172731287246	24526.21482050334	-18294.994956732666	-18294.994956732666	81097.2585972189	3363.9758244644454	-4261.303177242933
2910000	-5247.374233536032	-1029.210302691217	-4218.163930844815	968.0	4.7845975073290936E-5	1.2467999643194992E-5	1.2467999643194992E-5	1.592104141116051E-5	-0.45173978450831764	26259.05417453195	-20563.848156892505	-20563.8481568925	78913.81091453812	3395.951152181861	-4218.163930844815
2920000	-5308.86004855188	-1098.3548722370986	-4210.505176314781	967.0	5.681401490053138E-5	1.3405680512430115E-5	1.3405680512430115E-5	1.7535648105822018E-5	-0.42471755643205816	21475.07170800326	-16417.297413914046	-16417.297413914046	69577.4137714018	3219.2246201906282	-4210.505176314781
2930000	-5505.67018648967	-1115.029510415915	-4390.6406760737555	640.0	4.080672099861763E-5	9.60173631047948E-6	9.60173631047948E-6	1.1584901249035558E-5	-0.4416088390689018	30442.64125462125	-25231.3082034887	-25231.308203488705	107231.32993833284	3481.6598497326377	-4390.6406760737555
2940000	-5578.08400693532	-1083.572771038698	-4494.511235896622	236.0	3.968121644105268E-5	7.439341112151956E-6	7.439341112151956E-6	9.550393735157478E-6	-0.382147784179486	29510.456826202964	-22987.361651633208	-22987.361651633208	122613.87928794029	3619.4094004780063	-4494.511235896622
2950000	-5482.658293436685	-1121.2363443860738	-4361.421949050611	778.0	4.6792773579089046E-5	9.225532857576789E-6	9.225532857576789E-6	1.1741992884345269E-5	-0.39357831262022713	25288.03641594721	-19868.485116351516	-19868.485116351512	100774.83217084718	3667.8396523429383	-4361.421949050611
2960000	-5360.340381408399	-1084.8568753210882	-4275.48350608731	551.0	4.6036625560720226E-5	1.022648564114275E-5	1.022648564114275E-5	1.299055794515121E-5	-0.418177603375073	26325.42915951523	-20724.023127674023	-20724.023127674023	93293.44667557016	3447.995075045071	-4275.48350608731
2970000	-5286.207780133737	-1053.6554209349151	-4232.552359198822	408.0	4.542842689548403E-5	8.843943293053543E-6	8.843943293053543E-6	1.5340561637954045E-5	-0.33501285358583605	24795.541878844615	-14294.806896410515	-14294.806896410517	73427.71980330409	3397.75235327032	-4232.552359198822
2980000	-5475.5706352386005	-1111.8285421194869	-4363.742093119114	964.0	4.231020250218883E-5	7.741679925318873E-6	7.741679925318873E-6	1.2016284779167195E-5	-0.3433424909402333	26793.48645819964	-17262.123863972138	-17262.123863972138	94341.79187825882	3509.9795690913343	-4363.742093119114
2990000	-5361.90445861128	-1069.697509810699	-4292.206948800581	742.0	5.219949012982212E-5	1.1222018020512805E-5	1.1222018020512805E-5	1.3575652639405568E-5	-0.42155813326962993	23297.504034110112	-19258.37505188268	-19258.37505188268	89580.80058324705	3490.952368304635	-4292.206948800581
3000000	-5285.651900711031	-1031.1253493636016	-4254.52655134743	503.0	4.6803103557831485E-5	7.287578768961999E-6	7.287578768961999E-6	1.2132321026145103E-5	-0.3058257074111477	23570.65259739461	-14158.295603057473	-14158.295603057477	90928.98976743048	3498.088502415455	-4254.52655134743
3010000	-5568.985024148904	-1152.554722439941	-4416.430301708963	477.0	4.713226096886936E-5	9.649073375775391E-6	9.649073375775391E-6	1.2942594077913107E-5	-0.39067516738075686	25038.433180325057	-18666.866743792787	-18666.866743792783	91180.94562824788	3380.930592854074	-4416.430301708963
3020000	-5490.832025411679	-1275.0357201243326	-4215.7963052873465	479.0	6.41860423120027E-5	1.5530060775034414E-5	1.5530060775034414E-5	1.9762414319396037E-5	-0.4360465515372861	19237.45544023037	-15117.528016330169	-15117.528016330169	62481.03642124376	3324.8545516240547	-4215.7963052873465
3030000	-5366.550737383137	-1079.041060037643	-4287.509677345494	688.0	4.848717315710587E-5	1.3635061620125768E-5	1.3635061620125768E-5	1.662007738031637E-5	-0.4803161082042118	26808.925900544684	-21993.96237807132	-21993.96237807132	78211.97233625552	3493.6976423987744	-4287.509677345494
3040000	-5389.252914356171	-1141.8584410294352	-4247.394473326735	191.0	5.23352806545459E-5	1.2516601656442998E-5	1.2516601656442998E-5	1.78923650915844E-5	-0.4090301077091386	22946.677591011463	-16052.345303450555	-16052.345303450556	67119.1765687708	3232.7655265903927	-4247.394473326735
3050000	-5355.80580623278	-1068.038505410225	-4287.767300822555	886.0	5.1630538670312036E-5	1.0826014138433518E-5	1.0826014138433518E-5	1.2687584216060534E-5	-0.4229858047690446	23588.823382377508	-20127.78249175025	-20127.78249175025	95991.76936215514	3634.523530584987	-4287.767300822555
3060000	-5363.514268698866	-1087.7533023667052	-4275.76096633216	734.0	6.0461913841940694E-5	1.1857526402213665E-5	1.1857526402213665E-5	1.4980549465524743E-5	-0.39399370575565607	19578.53366340725	-15496.960266026434	-15496.960266026435	79019.50580869429	3316.4455897503435	-4275.76096633216
3070000	-5383.250018681765	-1132.8357633175897	-4250.414255364175	916.0	5.159405026537167E-5	1.2526960559807298E-5	1.2526960559807298E-5	1.6375189965135603E-5	-0.4309756421540117	23803.305957551096	-18209.442184068088	-18209.442184068088	74998.15065783527	3360.592397562858	-4250.414255364175
3080000	-5359.630973678966	-1159.2587724533687	-4200.372201225598	277.0	5.815884052000221E-5	1.5377965534802303E-5	1.5377965534802303E-5	1.886187951677873E-5	-0.464299835928348	21919.59205512696	-17870.89833019121	-17870.89833019121	67587.01101147487	3340.64413607481	-4200.372201225598
3090000	-5418.255206719121	-1090.993770535109	-4327.2614361840115	896.0	4.949475720776673E-5	9.947699724169551E-6	9.947699724169551E-6	1.3031262337373061E-5	-0.39169662038476266	23865.800167614965	-18218.48164805865	-18218.48164805865	90646.01373862776	3584.2255942609404	-4327.2614361840115
3100000	-5368.9399406780185	-1083.6123917450584	-4285.32754893296	229.0	4.770516583692274E-5	1.1145963757539497E-5	1.1145963757539497E-5	1.5550910105981333E-5	-0.40922015558996816	25178.512769349974	-18046.454444359395	-18046.454444359395	77239.53897250824	3377.458747882295	-4285.32754893296
3110000	-5296.479433566521	-1046.6834159869798	-4249.7960175795415	547.0	4.895966293743225E-5	1.0541611709031174E-5	1.0541611709031174E-5	1.3807763367997481E-5	-0.40543957491073107	24442.93786993603	-18661.09326946036	-18661.093269460365	86669.93831066968	3397.23233261275	-4249.7960175795415
3120000	-5426.629677256888	-1097.7431380470741	-4328.886539209813	841.0	5.212740084496332E-5	1.3663070133919674E-5	1.3663070133919674E-5	1.4971712858887192E-5	-0.4890795653552652	25215.219457516334	-23011.21555946196	-23011.215559461958	87792.48336141069	3358.937857143142	-4328.886539209813
3130000	-5501.2493567945385	-1131.06109026159	-4370.188266532949	522.0	4.1083677924682705E-5	8.428774476454917E-6	8.428774476454917E-6	1.3499601411615444E-5	-0.35790626699355443	27916.595913815974	-17430.343602990866	-17430.343602990863	84959.28141181183	3589.853183246882	-4370.188266532949
3140000	-5460.740108713702	-1208.760311750636	-4251.979796963066	134.0	5.607506622844369E-5	1.3265768653333241E-5	1.3265768653333241E-5	1.6639501218698952E-5	-0.43428754034411693	21978.509407641064	-17522.26928648718	-17522.26928648718	74067.5068583763	3382.363834358584	-4251.979796963066
3150000	-5375.502096745302	-1168.994598649041	-4206.507498096261	61.0	5.828998289842596E-5	1.4814878506345367E-5	1.4814878506345367E-5	2.0179141900292594E-5	-0.43196621710990685	21091.09531810134	-15484.405444360858	-15484.405444360855	60924.27475240525	3213.3521606353115	-4206.507498096261
3160000	-5445.8432814190555	-1133.9025638013375	-4311.940717617718	717.0	5.027779894595041E-5	9.255694288740247E-6	9.255694288740247E-6	1.3667529966194654E-5	-0.3530822258834507	22722.204819984243	-15387.548584133026	-15387.548584133028	83586.60623928005	3345.434457596504	-4311.940717617718
3170000	-5326.322843807244	-1081.7353329936552	-4244.587510813589	942.0	5.4282151600284524E-5	1.266175605234386E-5	1.266175605234386E-5	1.5898695105590457E-5	-0.4310073484529941	22625.304085921503	-18018.84236683697	-18018.84236683697	77248.48978094269	3255.222834499301	-4244.587510813589
3180000	-5448.563363028792	-1036.062168190812	-4412.50119483798	760.0	3.926657363577177E-5	9.87183693264185E-6	9.87183693264185E-6	1.0768715682296154E-5	-0.48006994110356355	33094.04312108175	-30337.786489268372	-30337.786489268376	120672.67067471499	3775.5151758018587	-4412.50119483798
3190000	-5269.553250256706	-1048.684997244103	-4220.8682530126025	677.0	4.998147455327412E-5	1.0851821691553639E-5	1.0851821691553639E-5	1.4294870966021089E-5	-0.40598313900058464	23955.87567113916	-18185.88582339544	-18185.88582339544	83760.81135006687	3408.5759230498015	-4220.8682530126025
3200000	-5317.121582537792	-1146.921541714006	-4170.200040823786	929.0	5.9865472637272836E-5	1.2517015689136712E-5	1.2517015689136712E-5	1.8527051335832436E-5	-0.37584557056633977	19451.891456125453	-13141.844653326049	-13141.844653326045	62853.85918144852	3209.371229122038	-4170.200040823786
3210000	-5377.1829660548865	-1086.0377857090064	-4291.14518034588	330.0	5.118913479055159E-5	1.0342277576386225E-5	1.0342277576386225E-5	1.4767823099895116E-5	-0.37615691880445484	22755.107425525297	-15935.973479865248	-15935.97347986525	78875.14993235318	3468.095189519865	-4291.14518034588
3220000	-5463.675754671485	-1182.8404565600506	-4280.835298111435	909.0	5.611570956704793E-5	1.0316059585315281E-5	1.0316059585315281E-5	1.5135121237880407E-5	-0.35397994745677025	20373.10905671795	-13886.25856799955	-13886.25856799955	75536.32725076766	3275.9889288038153	-4280.835298111435
3230000	-5524.793928975911	-1132.327450605255	-4392.466478370656	669.0	4.553363007170545E-5	1.186549879105463E-5	1.186549879105463E-5	1.2736176781317884E-5	-0.49272014931582103	29002.91953055952	-27020.204927722367	-27020.204927722363	103689.53191989906	3580.0342284717754	-4392.466478370656
3240000	-5247.50167413441	-1048.7320114463732	-4198.769662688037	406.0	4.613436764803792E-5	9.745365202932452E-6	9.745365202932452E-6	1.6255874555857986E-5	-0.35586121975206075	24818.797864339642	-14878.821084319321	-14878.821084319325	70436.0470623323	3190.97639099218	-4198.769662688037
3250000	-5254.275152362515	-1050.4060660539444	-4203.86908630857	585.0	5.57241081641504E-5	1.231823388471704E-5	1.231823388471704E-5	1.594595828481404E-5	-0.4132392556880185	21641.139786210155	-16717.754847776516	-16717.754847776516	75626.26169608951	3446.089385072133	-4203.86908630857
3260000	-5342.0580524638035	-1130.6108606825612	-4211.4471917812425	384.0	4.8951776583248445E-5	1.0808128950248935E-5	1.0808128950248935E-5	1.7061851728377373E-5	-0.3739841587937963	23750.04808518968	-15044.884128983993	-15044.884128983991	68140.73092511744	3479.1256895801894	-4211.4471917812425
3270000	-5321.262023330148	-1089.4248354193032	-4231.8371879108445	958.0	4.940396843159312E-5	1.191175049210054E-5	1.191175049210054E-5	1.7316499326396045E-5	-0.4072533074097737	24265.919193432615	-16692.14830580891	-16692.14830580891	69230.66164813802	3271.74147507593	-4231.8371879108445
3280000	-5306.771133617952	-1097.6574113813492	-4209.113722236602	23.0	5.3348787111939766E-5	1.5265297654059295E-5	1.5265297654059295E-5	1.9034976278030414E-5	-0.4790345435707064	24326.98038726954	-19509.275515343976	-19509.27551534398	68180.53665003381	3353.250692270195	-4209.113722236602
3290000	-5295.944112432614	-1023.4571625713759	-4272.486949861238	227.0	5.041657624449562E-5	1.311117115628941E-5	1.311117115628941E-5	1.4685523289170973E-5	-0.48184804225175687	25832.464199392958	-23063.111394655636	-23063.111394655636	88684.91610729799	3385.453521997337	-4272.486949861238
3300000	-5368.15483027819	-1112.9371860249714	-4255.217644253219	118.0	5.045582083683665E-5	1.0945367404858401E-5	1.0945367404858401E-5	1.541911542490362E-5	-0.39241443674909127	23426.788708987446	-16629.67054009577	-16629.67054009577	76659.25192919986	3406.5660165976715	-4255.217644253219
3310000	-5415.737225545253	-1072.0920111927733	-4343.645214352479	235.0	4.856458634994325E-5	1.0580974414927581E-5	1.0580974414927581E-5	1.3341633422975914E-5	-0.41568209231794717	24892.31975759271	-19741.585616473603	-19741.585616473603	90609.9855986271	3489.0278894444573	-4343.645214352479
3320000	-5397.583788283199	-1069.9969865506837	-4327.586801732516	579.0	4.31660557538663E-5	1.0588575127074731E-5	1.0588575127074731E-5	1.5064683580968204E-5	-0.41522771320846674	27992.68297484283	-19675.330390740233	-19675.33039074023	80209.69756835146	3476.9788223257588	-4327.586801732516
3330000	-5495.868383441517	-1164.099928987182	-4331.7684544543345	730.0	5.492970919227989E-5	1.0083513760474467E-5	1.0083513760474467E-5	1.3806067160795337E-5	-0.3661619856369156	21023.848638065745	-15355.152526134443	-15355.152526134445	83646.84006976346	3420.278163347981	-4331.7684544543345
3340000	-5345.07722894789	-991.9782362629353	-4353.098992684955	241.0	4.44296326379037E-5	8.845133959017265E-6	8.845133959017265E-6	1.2263525877268084E-5	-0.37893121081597125	26281.186677911042	-18955.447160506814	-18955.44716050681	95214.33567096398	3478.047925288763	-4353.098992684955
3350000	-5520.275860860228	-1110.1947725351038	-4410.081088325124	149.0	4.549532775809158E-5	1.2670371188958347E-5	1.2670371188958347E-5	1.4032826255091672E-5	-0.5014566152954899	29364.151511866417	-26513.16937449885	-26513.169374498855	95200.47302558838	3552.6127518839035	-4410.081088325124
3360000	-5413.466886334492	-1201.4634390607605	-4212.003447273732	303.0	5.55215559442875E-5	1.057442925554313E-5	1.057442925554313E-5	1.6723242878449837E-5	-0.3470290834897373	20477.05802456659	-12948.039026656934	-12948.039026656934	67984.30967898386	3249.1939116892418	-4212.003447273732
3370000	-5326.447096272806	-1132.5533606779402	-4193.8937355948665	279.0	5.23697937061309E-5	1.365974654597317E-5	1.365974654597317E-5	1.8929596807669512E-5	-0.433841934259796	23522.32035202955	-16973.892124935726	-16973.89212493573	65075.82157408721	3286.665593445196	-4193.8937355948665
3380000	-5471.109676354845	-1098.980120248389	-4372.129556106455	406.0	4.259598208290614E-5	7.350518418505938E-6	7.350518418505938E-6	1.1688172727194273E-5	-0.3294278727315666	26334.258032401056	-16561.224172746992	-16561.22417274699	95971.6809031152	3390.50770643467	-4372.129556106455
3390000	-5347.430278094509	-1053.398809671923	-4294.031468422586	976.0	4.881210898717386E-5	1.276469588964275E-5	1.276469588964275E-5	1.4469148841479462E-5	-0.48031394336574196	26630.39039570578	-23493.35393172235	-23493.35393172235	89838.4232968652	3353.7009291807126	-4294.031468422586
3400000	-5490.465014515733	-1131.0409506135484	-4359.424063902185	128.0	5.0787964440979275E-5	1.2028518634636853E-5	1.2028518634636853E-5	1.666715164761515E-5	-0.4134291061398731	23748.96315531917	-17139.392015307876	-17139.39201530788	72367.5839605781	3443.7443564051023	-4359.424063902185
3410000	-5319.662502415781	-1107.9982774318148	-4211.664224983966	805.0	5.73340854491627E-5	1.2234009618298408E-5	1.2234009618298408E-5	1.725293566008053E-5	-0.38898322399883756	20551.19007044284	-14572.792824528677	-14572.792824528677	68294.67812292614	3462.350748540148	-4211.664224983966
3420000	-5391.536228717221	-1117.2027916949291	-4274.333437022292	405.0	5.437060627662919E-5	1.1746612716814683E-5	1.1746612716814683E-5	1.463986456177451E-5	-0.41635332093292293	22249.189771951078	-17852.119765945765	-17852.11976594577	82630.67817057238	3355.7150787119617	-4274.333437022292
3430000	-5437.11536904793	-1123.3609961377601	-4313.754372910169	502.0	4.942194398486759E-5	1.15309031939378E-5	1.15309031939378E-5	1.430912664315008E-5	-0.4336075647349125	24919.10543354457	-20080.87562571712	-20080.87562571712	86067.49130137895	3436.430757856397	-4313.754372910169
3440000	-5382.595065810877	-1047.4981954025586	-4335.096870408318	332.0	4.2946144613979054E-5	9.88978882540241E-6	9.88978882540241E-6	1.4498110932107903E-5	-0.39634119820693825	27624.392030621602	-18843.793159834513	-18843.793159834513	81828.66999541152	3573.1375585751184	-4335.096870408318
3450000	-5421.359210973895	-1098.2959464725695	-4323.063264501325	609.0	4.984737794217411E-5	1.3076099625666381E-5	1.3076099625666381E-5	1.580079188014142E-5	-0.4659267392534077	25623.86159580166	-21205.276897678523	-21205.276897678526	80836.60129143187	3396.751428957849	-4323.063264501325
3460000	-5429.3191688245	-1019.5029391972997	-4409.8162296272	49.0	4.3560555152675454E-5	1.1382544234835038E-5	1.1382544234835038E-5	1.1730473730921009E-5	-0.5035410348731446	30754.449029435	-29842.26251432375	-29842.262514323746	114205.18078528321	3619.73357117791	-4409.8162296272
3470000	-5491.04251215839	-1107.1922893130509	-4383.85022284534	845.0	4.540454631554036E-5	9.086986665565176E-6	9.086986665565176E-6	1.2671104641209319E-5	-0.378846240415067	25714.951052205528	-18441.28226651212	-18441.28226651212	92144.74342311855	3616.940369109623	-4383.85022284534
3480000	-5545.991558650089	-1173.6341454638625	-4372.357413186227	256.0	5.646863939397604E-5	1.531612502492511E-5	1.531612502492511E-5	1.6093037596920772E-5	-0.5080731308181552	23870.951460874065	-22718.54985963753	-22718.549859637526	83760.45491207457	3480.926312766698	-4372.357413186227
3490000	-5387.936846295718	-1159.6797256441841	-4228.257120651534	754.0	5.484295299980272E-5	1.2203854342603805E-5	1.2203854342603805E-5	1.521446137870736E-5	-0.4224820958133236	22195.60090510534	-17803.58001181402	-17803.58001181402	80007.5840308513	3460.2711025846966	-4228.257120651534
3500000	-5326.643488939064	-1070.443259017121	-4256.200229921943	128.0	4.9038125422320194E-5	1.0261094811600947E-5	1.0261094811600947E-5	1.5601463352025743E-5	-0.3709745381288863	23646.59022687446	-15552.381133371704	-15552.381133371702	74325.36494758466	3436.5834712357564	-4256.200229921943
3510000	-5299.456316858488	-1001.6377260766014	-4297.818590781887	355.0	4.2826046764794544E-5	1.0530187067902326E-5	1.0530187067902326E-5	1.3442072274655163E-5	-0.4388832233573191	28920.993670170323	-22655.991376472877	-22655.99137647288	92141.43489901858	3415.524648106613	-4297.818590781887
3520000	-5459.953155305115	-1094.7771127329736	-4365.176042572141	434.0	4.3773260143281946E-5	8.884253463384104E-6	8.884253463384104E-6	1.160039682166295E-5	-0.3942575972592117	27049.554158889016	-20716.109880856282	-20716.109880856282	102069.54030621743	3542.963542422391	-4365.176042572141
3530000	-5441.808497837899	-1107.1489018357224	-4334.659596002177	366.0	4.402341008526907E-5	9.541463334671835E-6	9.541463334671835E-6	1.2851000275471346E-5	-0.4011480442244453	27071.531313969568	-20099.760167205128	-20099.760167205128	92738.39383116606	3610.92136182662	-4334.659596002177
3540000	-5491.471969766793	-1195.3711785011835	-4296.10079126561	578.0	5.440282802826965E-5	1.3741775285322135E-5	1.3741775285322135E-5	1.6284530172996713E-5	-0.46168364243065924	23360.79187184658	-19713.11109253949	-19713.11109253949	78042.97264379697	3501.4531425445675	-4296.10079126561
3550000	-5493.892691897357	-1266.969921297997	-4226.92277059936	941.0	5.001598123700124E-5	1.0870775552137282E-5	1.0870775552137282E-5	1.7098856172898808E-5	-0.3717257125905226	23199.28717486704	-14749.187974765075	-14749.187974765073	67860.39371973027	3284.8496505416774	-4226.92277059936
3560000	-5369.5028093763685	-1112.314477219791	-4257.188332156577	262.0	5.1159223168329536E-5	1.1906635029758039E-5	1.1906635029758039E-5	1.5468210344151654E-5	-0.42325981356795583	23812.86545826334	-18329.922577725563	-18329.922577725563	78758.15437933354	3416.214424847726	-4257.188332156577
3570000	-5274.102447944877	-968.1631128245276	-4305.93933512035	90.0	4.450397394603767E-5	1.115810433324726E-5	1.115810433324726E-5	1.4084410672612613E-5	-0.4456784979157177	28039.33829940571	-22213.628205854428	-22213.62820585443	88598.80687570249	3289.1432152972393	-4305.93933512035
3580000	-5510.797453050745	-1175.7733173445765	-4335.024135706169	885.0	5.490370028646136E-5	1.3901927742429215E-5	1.3901927742429215E-5	1.6483887276944047E-5	-0.4621089727790379	23159.242105740173	-19531.68599822602	-19531.685998226018	77137.63544195284	3451.4346249746654	-4335.024135706169
3590000	-5355.850578395133	-1129.034372333481	-4226.816206061652	578.0	5.432947378829211E-5	1.3949654273324276E-5	1.3949654273324276E-5	1.8212414823655E-5	-0.44346763324041694	22912.21226628375	-17549.426742495798	-17549.426742495798	68349.44447542682	3362.948566796826	-4226.816206061652
3600000	-5391.988453351638	-1024.8147422735642	-4367.173711078073	834.0	3.975886476200471E-5	9.461402506780967E-6	9.461402506780967E-6	1.301878544504724E-5	-0.415865885937719	30411.044475611263	-22101.22700384758	-22101.227003847584	92874.14787507095	3419.795225863867	-4367.173711078073
3610000	-5508.15446672145	-1098.2773283457066	-4409.877138375744	889.0	4.7978877934392835E-5	1.1121785750200625E-5	1.1121785750200625E-5	1.1474205120297508E-5	-0.4740107339734742	26882.669036911506	-26056.993254651683	-26056.99325465168	112408.68389140462	3605.5465083292706	-4409.877138375744
3620000	-5523.421040026914	-1131.3425838164094	-4392.078456210505	767.0	4.26888887287128E-5	1.0816692364583108E-5	1.0816692364583108E-5	1.2972366211716529E-5	-0.4596501998591006	29700.336121363438	-24764.903619460347	-24764.903619460347	97736.55192875455	3541.4593468433745	-4392.078456210505
3630000	-5445.561231639831	-1185.0674288855548	-4260.493802754277	944.0	5.4224010248744976E-5	1.2726659888998606E-5	1.2726659888998606E-5	1.705390457420684E-5	-0.4185108358549449	22358.058211017524	-16684.941644414383	-16684.941644414383	71088.91528628925	3414.616472504186	-4260.493802754277
3640000	-5305.959053091626	-1085.031048390185	-4220.928004701441	736.0	5.063422495162963E-5	1.1448292428600182E-5	1.1448292428600182E-5	1.7206387809012623E-5	-0.3878589142315906	23246.57546867329	-15467.139116177284	-15467.139116177284	68409.03184916553	3371.973602855123	-4220.928004701441
3650000	-5506.657478985473	-1059.7885827915386	-4446.868896193934	407.0	4.382221486834302E-5	8.95502294740879E-6	8.95502294740879E-6	1.1707010419613197E-5	-0.39536346899111624	27047.301632172526	-20689.244999373193	-20689.24499937319	101244.69196236618	3512.3855028228036	-4446.868896193934
3660000	-5230.064496679488	-942.2743697808723	-4287.790126898616	339.0	4.447233592835169E-5	8.74973823105762E-6	8.74973823105762E-6	1.3492734501767791E-5	-0.35719066649641956	25774.308363615582	-16714.06572467934	-16714.06572467934	84952.66098339502	3281.189439765748	-4287.790126898616
3670000	-5259.941118958652	-1012.6677579491513	-4247.2733610095	313.0	4.9441979620479526E-5	1.0170437446427881E-5	1.0170437446427881E-5	1.4255421260419002E-5	-0.38309076218023114	23704.576161986268	-16911.87546445616	-16911.87546445616	82214.41864837475	3485.654594678008	-4247.2733610095
3680000	-5282.179387505792	-1083.5221881351138	-4198.657199370678	285.0	5.3519360085056045E-5	9.65145548902779E-6	9.65145548902779E-6	1.6007343157785575E-5	-0.3297446275874407	20964.308398411886	-12640.20439688722	-12640.204396887222	70092.60431597977	3253.434441238462	-4198.657199370678
3690000	-5262.456975269025	-1042.4672666174577	-4219.9897086515675	59.0	4.886422409319795E-5	1.1913441105253689E-5	1.1913441105253689E-5	1.5365888915731092E-5	-0.4347733084236496	25234.98447725001	-19565.122656452913	-19565.122656452913	80248.39586223492	3234.0600275570414	-4219.9897086515675
3700000	-5379.330164742289	-1030.9097475980645	-4348.420417144224	106.0	4.2238945143809155E-5	7.5470148967237555E-6	7.5470148967237555E-6	1.094465823921615E-5	-0.3510084511271659	27001.620494781615	-18619.277793400794	-18619.277793400794	104207.91055735304	3536.938460420287	-4348.420417144224
3710000	-5350.030325299935	-1120.329598263184	-4229.70072703675	130.0	5.623085016329615E-5	1.1719874628058667E-5	1.1719874628058667E-5	1.583919622870793E-5	-0.3927073877203689	21026.523503394408	-15558.126546665908	-15558.126546665908	74646.41990049038	3374.641753668202	-4229.70072703675
3720000	-5402.669776353372	-990.1870978430344	-4412.482678510338	380.0	3.97167864784195E-5	9.672060692008785E-6	9.672060692008785E-6	1.1599238964426838E-5	-0.4506270047304276	31593.87039975513	-26344.644932228213	-26344.644932228213	108180.11496635612	3605.4513814618927	-4412.482678510338
3730000	-5499.988321437266	-1215.289295123901	-4284.699026313365	682.0	6.083000959248089E-5	1.4677072115223622E-5	1.4677072115223622E-5	1.91670855753877E-5	-0.429835662140721	20164.893856088755	-15441.137368410686	-15441.137368410686	63996.72406494311	3400.648664126342	-4284.699026313365
3740000	-5242.911636264878	-1033.6413434429135	-4209.270292821965	319.0	4.35687966078853E-5	1.088437212183579E-5	1.088437212183579E-5	1.8302499276461275E-5	-0.3854432102468726	26957.132016565603	-16031.223483401973	-16031.223483401975	64171.00660521065	3405.102515188427	-4209.270292821965
3750000	-5388.659522875898	-1088.2835372447967	-4300.375985631101	640.0	5.408917010811947E-5	1.0261580454569073E-5	1.0261580454569073E-5	1.338466644043337E-5	-0.3813777209740496	21634.739879546472	-16586.638514725066	-16586.638514725066	87428.78508011713	3409.4931438411595	-4300.375985631101
3760000	-5502.229132841948	-1170.0145141245087	-4332.214618717439	459.0	5.3655651173527365E-5	1.2330138305199926E-5	1.2330138305199926E-5	1.4167600944800373E-5	-0.44721056538092874	23296.628369414608	-20275.179330566174	-20275.179330566178	88229.17656834277	3443.395741536153	-4332.214618717439
3770000	-5206.628750549738	-1002.4655253927921	-4204.163225156945	694.0	4.9631861296700085E-5	1.2156874101974294E-5	1.2156874101974294E-5	1.6083683915393632E-5	-0.43027773431744304	24726.113984999618	-18689.2664844657	-18689.2664844657	76301.11771441529	3190.169763983681	-4204.163225156945
3780000	-5248.424974823035	-996.1590096520227	-4252.265965171012	593.0	4.338321329251291E-5	1.0424224059021755E-5	1.0424224059021755E-5	1.4035099901791626E-5	-0.42244981610614796	28057.670068062107	-20839.141966225092	-20839.141966225092	86727.69653020495	3327.314342384109	-4252.265965171012
3790000	-5534.805117027152	-1202.068319632897	-4332.736797394255	127.0	4.5838229478607514E-5	1.1034057740881266E-5	1.1034057740881266E-5	1.3690996100104912E-5	-0.44045729941741957	27066.90148477222	-21814.1727355713	-21814.1727355713	90621.51741642409	3416.030822730317	-4332.736797394255
3800000	-5466.40194537585	-1238.2454235934654	-4228.1565217823845	827.0	5.480495187759695E-5	1.4300693783551468E-5	1.4300693783551468E-5	1.7382584918821573E-5	-0.4633295796553038	23234.34259470323	-19114.9486834495	-19114.9486834495	73254.75662894889	3248.921310275587	-4228.1565217823845
3810000	-5418.879909561599	-1110.8581296164923	-4308.021779945107	581.0	5.269736216520411E-5	1.152709475556481E-5	1.152709475556481E-5	1.4891760736858036E-5	-0.41148347607597685	22844.237357581835	-17682.777294944503	-17682.777294944506	80838.73161088457	3457.3013776574708	-4308.021779945107
3820000	-5401.079305048992	-1146.9195952216915	-4254.1597098273005	503.0	4.867507873392774E-5	1.1027221847406872E-5	1.1027221847406872E-5	1.4979283408478873E-5	-0.40838262998710073	24656.518867170707	-18151.262388103445	-18151.26238810345	80121.18900726397	3366.227061200009	-4254.1597098273005
3830000	-5263.629336997112	-1121.0140057522963	-4142.615331244815	499.0	5.595491059396606E-5	1.346059147486969E-5	1.346059147486969E-5	1.807998367257049E-5	-0.4232003553490339	21770.618436053373	-16208.27796252748	-16208.277962527482	67376.88651858855	3285.9758928758006	-4142.615331244815
3840000	-5431.23416104413	-1085.063367168683	-4346.170793875447	197.0	4.247622404326696E-5	9.21792172344119E-6	9.21792172344119E-6	1.1139524023582678E-5	-0.42376662271933085	28695.70368880751	-23745.60617154784	-23745.606171547835	109419.85819004265	3558.2674537678745	-4346.170793875447
3850000	-5446.937969528568	-1118.248599314383	-4328.689370214185	6.0	5.192750976495924E-5	1.0990911800041396E-5	1.0990911800041396E-5	1.4840381516301695E-5	-0.39592455908983226	22837.54290769499	-16913.67702052774	-16913.677020527743	79910.12434851065	3267.3857949395633	-4328.689370214185
3860000	-5282.127885000329	-1039.877216212041	-4242.250668788288	535.0	5.025159480418263E-5	1.1738408459343387E-5	1.1738408459343387E-5	1.4880467428734204E-5	-0.42926552015273917	24395.129253117728	-19244.01857421568	-19244.018574215683	82382.77166321612	3395.7921665437398	-4242.250668788288
3870000	-5368.040119562433	-1048.1039225734505	-4319.936196988982	549.0	5.331157651516766E-5	9.167000414888876E-6	9.167000414888876E-6	1.2453549600287345E-5	-0.35577048089911434	21475.915177729374	-15808.322097968037	-15808.322097968039	91934.82436560521	3417.2535243395814	-4319.936196988982
3880000	-5513.444256557305	-1193.4439344076702	-4320.000322149635	598.0	4.93067598017221E-5	1.1376184821407894E-5	1.1376184821407894E-5	1.5747215461153697E-5	-0.40826440995025415	24337.81814232213	-17582.252431858586	-17582.252431858586	76205.15234593443	3578.3858240961567	-4320.000322149635
3890000	-5371.700075319219	-1121.4378021792525	-4250.262273139966	803.0	4.968041995659212E-5	1.1386803815697662E-5	1.1386803815697662E-5	1.5067612171208361E-5	-0.4161855452220469	24345.558435277762	-18398.276683536347	-18398.276683536347	80271.34979313423	3457.7336174977213	-4250.262273139966
3900000	-5291.605956072657	-1050.0804640229112	-4241.5254920497455	944.0	4.871193173165732E-5	1.0787499621518897E-5	1.0787499621518897E-5	1.4681766123224408E-5	-0.4033796329822461	24518.359200404782	-18014.98459890623	-18014.98459890623	81348.29485215023	3391.5104312376066	-4241.5254920497455
3910000	-5271.0857068943515	-1028.1803439784144	-4242.905362915937	461.0	4.682658612673657E-5	1.2327141041976937E-5	1.2327141041976937E-5	1.595241675283725E-5	-0.451027344919319	26809.035755272173	-20716.532803461567	-20716.53280346157	78695.01162234464	3411.555400957607	-4242.905362915937
3920000	-5279.693904673813	-1129.8503079469142	-4149.843596726899	203.0	5.94832935201647E-5	1.2488429379328222E-5	1.2488429379328222E-5	1.761083212119378E-5	-0.3858516664900098	19752.176922869956	-14006.928513752528	-14006.928513752528	66716.01486401842	3220.1972975934195	-4149.843596726899
3930000	-5376.531913933971	-1105.3299591324246	-4271.201954801546	741.0	5.102495930932245E-5	1.0741888890195937E-5	1.0741888890195937E-5	1.4854907342144143E-5	-0.3901704268521612	23117.496799214205	-16716.737191090153	-16716.737191090153	79406.03777223147	3473.060687826112	-4271.201954801546
3940000	-5462.012705723069	-1094.8915386312867	-4367.121167091783	414.0	4.205535179948592E-5	1.14431596562481E-5	1.14431596562481E-5	1.3472773815800873E-5	-0.48073618508811716	30925.233011762713	-26266.482581726537	-26266.48258172654	96533.31760572169	3474.4432134785793	-4367.121167091783
3950000	-5432.405839515215	-1057.5064384897682	-4374.899401025447	846.0	4.3290531019834604E-5	8.728499136047157E-6	8.728499136047157E-6	1.152968321284096E-5	-0.39069191974905304	27260.839014859463	-20637.70577183886	-20637.70577183886	102356.34190583289	3407.4161488936966	-4374.899401025447
3960000	-5225.9249542249245	-1058.3734776289568	-4167.551476595968	187.0	5.112717031324881E-5	1.0814464920239097E-5	1.0814464920239097E-5	1.793869711550653E-5	-0.35709495058759977	22417.70612868477	-13514.665806544272	-13514.665806544272	63892.8162894769	3285.0181627534917	-4167.551476595968
3970000	-5425.594014290004	-1016.7364171424922	-4408.857597147512	121.0	4.090998617768005E-5	1.0299481837832414E-5	1.0299481837832414E-5	1.2689541462467477E-5	-0.45204091482446485	30721.58947190428	-24935.215644403164	-24935.215644403164	99043.75224032538	3585.8945462249767	-4408.857597147512
3980000	-5371.267973779954	-1018.9284237403091	-4352.3395500396455	924.0	4.850771183510303E-5	1.0938167974671727E-5	1.0938167974671727E-5	1.3941645828352108E-5	-0.4206124960575953	25046.35064340827	-19650.56305855884	-19650.56305855884	87144.74420664585	3387.3326646221035	-4352.3395500396455
3990000	-5334.438277931208	-1096.6866971675297	-4237.751580763678	479.0	5.7348120223181976E-5	1.3364547421122478E-5	1.3364547421122478E-5	1.5660689508465852E-5	-0.4459531369398995	21766.073676768865	-18574.771159824857	-18574.771159824857	79705.52058561677	3368.9755669286665	-4237.751580763678
4000000	-5320.183329595545	-983.0035501964354	-4337.179779399109	90.0	4.231042270812476E-5	1.0055160579471764E-5	1.0055160579471764E-5	1.2440341924188139E-5	-0.43827749416024486	29254.193281816235	-23645.2995314888	-23645.2995314888	99495.43921555876	3379.9321558439538	-4337.179779399109
4010000	-5518.873695505253	-1085.1382167954873	-4433.735478709766	5.0	4.273285902028626E-5	9.890194446311874E-6	9.890194446311874E-6	1.12074159210179E-5	-0.4519299363017625	29407.37835560308	-25951.092753481214	-25951.092753481218	112127.66281561089	3555.2478339631975	-4433.735478709766
4020000	-5472.15830792657	-1147.5083582101322	-4324.649949716438	342.0	4.949465397763648E-5	1.0451780006665262E-5	1.0451780006665262E-5	1.3101420691230474E-5	-0.41044211573942996	24297.410354255688	-19383.484718137104	-19383.484718137104	91790.95507111608	3350.852356861637	-4324.649949716438
4030000	-5246.02976715041	-972.6718252675528	-4273.357941882858	954.0	5.0113242096257286E-5	9.911364196939105E-6	9.911364196939105E-6	1.2714707873904166E-5	-0.3926485438886995	23592.06157480636	-18390.474774841925	-18390.474774841925	92984.80979453694	3405.0130331440887	-4273.357941882858
4040000	-5423.098238518711	-1040.4548389440406	-4382.64339957467	88.0	4.282698141592614E-5	8.898148123037729E-6	8.898148123037729E-6	1.1160000164275975E-5	-0.40701348465741055	27985.91158883568	-22313.86944534636	-22313.869445346358	107397.14138710103	3563.0458414929985	-4382.64339957467
4050000	-5324.593047328492	-1035.4292644750476	-4289.163782853444	656.0	4.912917239715112E-5	1.120044955731749E-5	1.120044955731749E-5	1.48156077120139E-5	-0.4151509109487275	24593.139804570987	-18592.164910912827	-18592.164910912823	81551.87615194828	3434.2238913187584	-4289.163782853444
4060000	-5436.093935792095	-1152.8329611666875	-4283.2609746254075	719.0	4.932421480633649E-5	1.1083676684488483E-5	1.1083676684488483E-5	1.5773984102318796E-5	-0.3973590046616156	24075.37996163229	-16916.698141702745	-16916.698141702745	75282.1357666486	3474.1692104506487	-4283.2609746254075
4070000	-5440.684992807925	-1118.7078215888423	-4321.977171219082	321.0	4.883300635275744E-5	1.1384650120782993E-5	1.1384650120782993E-5	1.54643932409212E-5	-0.41428242985734476	24720.77830945617	-18199.059438159682	-18199.059438159686	78062.54700225603	3442.6021109607173	-4321.977171219082
4080000	-5546.511431155838	-1052.3720959988843	-4494.139335156954	236.0	4.4985519740792414E-5	7.677832054507011E-6	7.677832054507011E-6	1.166411941151848E-5	-0.33517858122891986	25042.80073730055	-16484.263530910383	-16484.263530910383	96583.66544327963	3539.002204488708	-4494.139335156954
4090000	-5407.0453338564985	-1091.3768294685763	-4315.668504387922	175.0	4.568212920158444E-5	7.174743492988605E-6	7.174743492988605E-6	1.1928748579349275E-5	-0.30735180474914037	24173.998148474097	-14539.85175071437	-14539.851750714372	92576.32511839717	3574.6747592675483	-4315.668504387922
4100000	-5479.645995439252	-1177.6448710825905	-4302.001124356661	533.0	4.728062693632854E-5	1.0272164057347562E-5	1.0272164057347562E-5	1.4578597046983984E-5	-0.3912573125263657	24973.27825054886	-17596.31673834475	-17596.31673834475	80992.1728775405	3573.3177550857176	-4302.001124356661
4110000	-5354.748839999278	-1016.3005287506877	-4338.4483112485905	136.0	4.414962363751666E-5	1.0728862573409173E-5	1.0728862573409173E-5	1.3080741825676088E-5	-0.44645119784859955	28288.7197687781	-23202.4904108385	-23202.490410838498	95479.01392925612	3449.3894792025008	-4338.4483112485905
4120000	-5360.668172100942	-1045.3982069014455	-4315.269965199496	902.0	4.6321247580192234E-5	9.252830150582432E-6	9.252830150582432E-6	1.216888961607446E-5	-0.38972565030077877	25454.558113300583	-19354.82284837081	-19354.82284837081	96893.54785937705	3513.9091165181167	-4315.269965199496
4130000	-5438.579463323455	-1130.7340694051202	-4307.845393918335	39.0	4.489285779425799E-5	1.2334791454420926E-5	1.2334791454420926E-5	1.591622613030466E-5	-0.4614483894181182	28301.661697301523	-21933.283178548594	-21933.283178548598	79826.86746948319	3504.2694597631294	-4307.845393918335
4140000	-5317.536179926835	-1087.5426223547793	-4229.993557572056	872.0	5.5264103441781E-5	1.0661327686867912E-5	1.0661327686867912E-5	1.5980595949040685E-5	-0.35875110063629984	20767.792199016392	-13855.067650326537	-13855.067650326537	71819.18746983598	3326.2326521473633	-4229.993557572056
4150000	-5379.129079830167	-1124.5182174227468	-4254.61086240742	865.0	4.70851126076636E-5	1.2063461527259215E-5	1.2063461527259215E-5	1.6298992385369815E-5	-0.43546149413245683	26207.84248875042	-19397.35243138692	-19397.35243138692	75710.15346288386	3203.2086500826626	-4254.61086240742
4160000	-5477.7601772616445	-1100.881888212836	-4376.878289048808	974.0	4.205187989695412E-5	8.177840946694147E-6	8.177840946694147E-6	1.1647774853866175E-5	-0.3695085298387583	27540.4243466442	-19335.985863133596	-19335.985863133596	99429.00094362858	3627.462191373544	-4376.878289048808
4170000	-5495.073398312479	-1180.2567504640872	-4314.816647848392	897.0	5.144305282943322E-5	1.3368718841695978E-5	1.3368718841695978E-5	1.70328282055913E-5	-0.45163026754792557	24419.89408403164	-19166.675916231416	-19166.67591623142	73753.68824782866	3436.4971718173174	-4314.816647848392
4180000	-5403.464891590144	-1137.7567128247117	-4265.708178765432	445.0	4.848519097385304E-5	1.1414043730284455E-5	1.1414043730284455E-5	1.5398677448610434E-5	-0.4177276913783211	24984.572947533485	-18519.44812516111	-18519.448125161114	78667.9112413409	3495.9841886435206	-4265.708178765432
4190000	-5326.999345916407	-1049.1345399814088	-4277.864805934998	283.0	5.151607465485698E-5	1.1135884054570127E-5	1.1135884054570127E-5	1.4262147035120861E-5	-0.41082878372785153	23352.931377173078	-18233.968245463984	-18233.968245463984	84352.75230816644	3515.657252835976	-4277.864805934998
4200000	-5484.427185570328	-1163.3221760772867	-4321.1050094930415	355.0	4.787572453974926E-5	1.2036301236070362E-5	1.2036301236070362E-5	1.5559067737086805E-5	-0.44100507055052696	25930.52220675242	-20059.52938588604	-20059.529385886035	79789.00531316607	3403.4697408006014	-4321.1050094930415
4210000	-5431.1313043385235	-1166.567549578407	-4264.563754760116	219.0	4.5811523621080366E-5	1.0883988216944828E-5	1.0883988216944828E-5	1.612202799069822E-5	-0.40048924664364843	25998.512947734012	-17551.607573469406	-17551.607573469406	73876.03412580969	3437.897695254832	-4264.563754760116
4220000	-5349.636702318034	-1156.0618227727978	-4193.574879545236	641.0	5.691425760504659E-5	1.2508430497267714E-5	1.2508430497267714E-5	1.676095820014197E-5	-0.4049886579783596	21017.490614514194	-15685.011408023229	-15685.01140802323	71367.92901470143	3213.7164160283774	-4193.574879545236
4230000	-5357.906763467834	-1090.2657464367103	-4267.641017031124	218.0	5.01974929152023E-5	1.3045450644984924E-5	1.3045450644984924E-5	1.749173944743228E-5	-0.44025223836838234	24710.81381403287	-18429.482269454864	-18429.482269454867	70914.66832596155	3268.6601854968108	-4267.641017031124
4240000	-5484.477578670586	-1181.5907311841765	-4302.886847486409	176.0	5.0728082815070014E-5	1.2502829792495927E-5	1.2502829792495927E-5	1.436526685054836E-5	-0.4631559476049313	25096.478592368967	-21842.754714955343	-21842.754714955347	88623.22278069808	3382.1138810467173	-4302.886847486409
4250000	-5416.775183194541	-1061.0210065937442	-4355.754176600796	977.0	4.810904113447113E-5	1.3476318960354808E-5	1.3476318960354808E-5	1.40459983477192E-5	-0.5184198527758223	28425.810104547298	-27272.912483117303	-27272.912483117303	97361.4287675317	3530.438645972361	-4355.754176600796
4260000	-5455.790997573	-1162.9253980390367	-4292.865599533963	381.0	4.7024250104509005E-5	1.2778227874348779E-5	1.2778227874348779E-5	1.6473681893452273E-5	-0.4591074620713237	26945.103299252794	-20900.650642803237	-20900.650642803237	76915.00205181894	3474.518909301199	-4292.865599533963
4270000	-5368.404102639756	-1049.880143386449	-4318.523959253307	541.0	4.572662979789362E-5	1.20361424346509E-5	1.20361424346509E-5	1.3580209841740865E-5	-0.4830026141883779	28523.35076459598	-25280.250932571475	-25280.25093257148	96042.45561797221	3454.9743203349603	-4318.523959253307
4280000	-5388.783560608864	-1158.112747471	-4230.670813137864	139.0	5.89133144014988E-5	1.2771778549250554E-5	1.2771778549250554E-5	1.6251717884028502E-5	-0.41275753874782267	20459.803575761493	-16078.797472087113	-16078.797472087113	74167.84177851854	3386.3048847716714	-4230.670813137864
4290000	-5447.912321565323	-1030.9475494953392	-4416.964772069983	753.0	3.854595318215183E-5	9.252338347405563E-6	9.252338347405563E-6	1.165253078521153E-5	-0.43656808300722616	32051.883250016857	-25449.82493219936	-25449.824932199364	106025.92809477127	3691.9130700361	-4416.964772069983
4300000	-5300.07677416667	-1024.218920554847	-4275.857853611822	809.0	4.596027841309311E-5	9.530212462774589E-6	9.530212462774589E-6	1.3897769105624385E-5	-0.377084526118032	25364.57743554988	-17393.42553125748	-17393.42553125748	83881.30727373727	3248.321861674827	-4275.857853611822
4310000	-5309.765001622767	-1067.6134295998395	-4242.151572022927	345.0	5.4006572932348514E-5	1.264705368222909E-5	1.264705368222909E-5	1.6493513842553782E-5	-0.4237497526100621	22568.806560826044	-17305.524513654305	-17305.524513654305	73899.58920570403	3368.2339728731513	-4242.151572022927
4320000	-5337.921651861321	-986.4897562475802	-4351.431895613741	892.0	4.712022076540916E-5	9.801809079154956E-6	9.801809079154956E-6	1.0729041281516093E-5	-0.43593538535104587	26201.6674062323	-23937.24981875688	-23937.249818756885	115073.50192887218	3596.678184556161	-4351.431895613741
4330000	-5305.692911329698	-1014.1436881972825	-4291.549223132416	962.0	4.731149254035791E-5	1.1666536640643216E-5	1.1666536640643216E-5	1.377236788965915E-5	-0.45704011180211035	26717.394080913164	-22632.234303116034	-22632.234303116034	91780.8615689113	3442.914561767416	-4291.549223132416
4340000	-5398.656241389766	-1054.6232502572836	-4344.0329911324825	251.0	5.213710834247541E-5	1.123036842706511E-5	1.123036842706511E-5	1.2728872987415414E-5	-0.4359388331353544	23680.50269742741	-20892.71926062466	-20892.71926062466	96994.67784466795	3404.9655343011473	-4344.0329911324825
4350000	-5336.526968457383	-1071.6292862000732	-4264.8976822573095	556.0	4.940695476524194E-5	8.897660571220751E-6	8.897660571220751E-6	1.431522769542503E-5	-0.3345666600082448	22791.194415775983	-14165.915921063917	-14165.915921063915	78660.53796028325	3385.201685142029	-4264.8976822573095
4360000	-5421.179480304664	-1123.7064638996137	-4297.473016405051	520.0	4.8873789754760325E-5	1.1952226832583724E-5	1.1952226832583724E-5	1.5217828024124002E-5	-0.4382626724500253	25325.17707824323	-19890.634887887503	-19890.634887887503	81334.69362789596	3347.9068330189393	-4297.473016405051
4370000	-5497.40985929146	-1108.557375055071	-4388.852484236389	589.0	3.8287010340836004E-5	6.115866646467965E-6	6.115866646467965E-6	1.1040969153650774E-5	-0.29746007369342703	28653.886168399607	-15872.098207163226	-15872.098207163226	99363.70809186612	3485.810205211439	-4388.852484236389
4380000	-5310.162071064153	-1066.7993052816869	-4243.362765782466	100.0	4.9749572656592957E-5	1.1202341801411954E-5	1.1202341801411954E-5	1.607990565793692E-5	-0.39607040649039676	23840.590771966563	-16608.95606332946	-16608.95606332946	73760.33342587556	3317.973588959752	-4243.362765782466
4390000	-5307.429007813736	-1010.8557625877041	-4296.573245226032	511.0	4.5193057788184705E-5	1.0717619123688446E-5	1.0717619123688446E-5	1.4098271946686066E-5	-0.4245995348189608	26993.87709657458	-20520.961326806322	-20520.961326806322	86530.87783850048	3425.9088343221256	-4296.573245226032
4400000	-5541.8836273360785	-1187.7185002369995	-4354.165127099079	564.0	5.002080846388716E-5	1.222064611057515E-5	1.222064611057515E-5	1.5820265052189338E-5	-0.43442212613020853	24642.224317564767	-19035.326005533232	-19035.326005533232	77914.24344957287	3444.1475662107923	-4354.165127099079
4410000	-5301.926362188942	-1069.9329058025053	-4231.993456386437	809.0	5.4276096881963335E-5	1.1719227897310065E-5	1.1719227897310065E-5	1.520439521249569E-5	-0.40795298987526757	22102.787298243566	-17036.363360313433	-17036.363360313433	78901.72598085091	3291.1889444637236	-4231.993456386437
4420000	-5350.936273047003	-1070.173252508184	-4280.763020538819	792.0	5.3819106727971534E-5	1.065651474778542E-5	1.065651474778542E-5	1.3565488310151362E-5	-0.3943930307310382	22003.281095353614	-17284.913313208082	-17284.913313208082	87294.82541002473	3422.3912316301116	-4280.763020538819
4430000	-5228.219684854851	-1028.7765153378605	-4199.443169516991	954.0	4.7648503993385087E-5	1.1664242202455742E-5	1.1664242202455742E-5	1.8721187543469726E-5	-0.39053970793287857	24764.064117412134	-15429.258486510693	-15429.258486510693	63028.619592166346	3349.8199741403328	-4199.443169516991
4440000	-5470.468302391992	-1195.885408895837	-4274.5828934961555	863.0	5.064766142061244E-5	1.1257968532014203E-5	1.1257968532014203E-5	1.530080392539221E-5	-0.40441122993634504	23604.771938145233	-17367.831192451482	-17367.831192451482	78134.88120385204	3356.0266750569485	-4274.5828934961555
4450000	-5268.482161662563	-1119.4773458285472	-4149.004815834016	581.0	5.5028622178219436E-5	1.5214540725950312E-5	1.5214540725950312E-5	1.77814382953529E-5	-0.4863860204087447	23803.614763996564	-20367.366252161224	-20367.36625216122	73665.58888918362	3313.485333680322	-4149.004815834016
4460000	-5442.850725976254	-1139.3732251685271	-4303.477500807727	189.0	5.191619846166821E-5	1.1146308604364766E-5	1.1146308604364766E-5	1.482055614719027E-5	-0.4018346384832585	22970.955937491468	-17276.09688014887	-17276.09688014887	80466.93359284854	3295.5940016522554	-4303.477500807727
4470000	-5442.292993999302	-1149.2374612026306	-4293.055532796671	224.0	5.171029203914374E-5	1.2611221571275301E-5	1.2611221571275301E-5	1.572667993511743E-5	-0.44223197113111157	24039.989509836614	-19277.66289709384	-19277.66289709384	79044.96583514409	3403.3479000308853	-4293.055532796671
4480000	-5527.03032786887	-1140.2514090471643	-4386.778918821706	355.0	4.124166285371139E-5	1.20440242527819E-5	1.20440242527819E-5	1.475340224672107E-5	-0.4882670818106654	31837.547195940097	-25990.763632992705	-25990.763632992705	88998.68420763125	3573.4303267410414	-4386.778918821706
4490000	-5369.386597431652	-1143.484035879321	-4225.9025615523315	616.0	5.268989644286696E-5	1.4271443298910137E-5	1.4271443298910137E-5	1.8253507472102354E-5	-0.4601835180574082	24077.92583922782	-18825.245169734262	-18825.24516973426	69502.44608971174	3281.536365688548	-4225.9025615523315
4500000	-5343.827326817533	-994.5501524262149	-4349.277174391317	669.0	3.901823986509006E-5	9.40423443425602E-6	9.40423443425602E-6	1.4036671428411536E-5	-0.4018440505354445	30564.56338123806	-20477.52708922441	-20477.527089224415	84961.41492398336	3438.5233503777736	-4349.277174391317
4510000	-5480.145465410216	-1102.0916519562006	-4378.053813454016	958.0	4.671465315954282E-5	1.1001956035034875E-5	1.1001956035034875E-5	1.2573307071154782E-5	-0.4539610372602764	26963.14018604231	-23593.417484718626	-23593.417484718626	100178.39656304626	3470.906517913449	-4378.053813454016
4520000	-5448.367048557194	-1133.4402448972553	-4314.926803659939	945.0	5.306227336281525E-5	1.1152189656799405E-5	1.1152189656799405E-5	1.3822674583717058E-5	-0.41178562165750127	22693.932387340967	-18309.55626636414	-18309.55626636414	87117.12315305867	3403.1056822386404	-4314.926803659939
4530000	-5412.069578236528	-1219.8199167313326	-4192.249661505196	373.0	6.019882592957109E-5	1.6142458320263346E-5	1.6142458320263346E-5	1.9778285917431755E-5	-0.46782275021572545	21265.81636382864	-17356.537150518343	-17356.537150518343	64726.39655836151	3410.766838702232	-4192.249661505196
4540000	-5444.581964594263	-1128.4328381323928	-4316.14912646187	477.0	5.162966921587945E-5	1.0369865247732934E-5	1.0369865247732934E-5	1.3601128397173001E-5	-0.3913235380385231	22871.045474357496	-17437.49876614319	-17437.49876614319	86818.12846556531	3319.557556477642	-4316.14912646187
4550000	-5466.804913632072	-1070.5194631827799	-4396.2854504492925	922.0	5.8114065998445735E-5	1.5017038924026852E-5	1.5017038924026852E-5	1.8743369604697163E-5	-0.45500884671800296	21700.195739556173	-17386.024549089172	-17386.024549089176	67281.74463740636	3224.998911260125	-4396.2854504492925
4560000	-5459.868460853503	-1128.4532265075468	-4331.415234345956	732.0	4.457572646657284E-5	9.304804366650715E-6	9.304804366650715E-6	1.459488914390978E-5	-0.36480235336817063	25877.536341388684	-16497.926827213487	-16497.926827213487	79035.19993941727	3389.914781236485	-4331.415234345956
4570000	-5267.767057500514	-1013.0011839673219	-4254.7658735331925	469.0	4.812739308966768E-5	1.254737755075601E-5	1.254737755075601E-5	1.7838915681286933E-5	-0.42822554501626126	25444.042770190106	-17896.604073870894	-17896.604073870894	68645.17272626709	3459.770315054666	-4254.7658735331925
4580000	-5411.884976183133	-1036.7985246230214	-4375.0864515601115	778.0	4.836050297459782E-5	1.2454792237382453E-5	1.2454792237382453E-5	1.2369507541080367E-5	-0.5092310515639169	27917.49084207149	-28109.97503920505	-28109.97503920504	109147.74856052078	3737.6981093387058	-4375.0864515601115
4590000	-5402.07818746255	-1136.4349616282004	-4265.643225834349	11.0	5.2049461121876776E-5	1.146063474065936E-5	1.146063474065936E-5	1.7230990060264098E-5	-0.3826885221113331	22508.940476814507	-14971.092450392845	-14971.092450392845	67992.50757763124	3403.3613787441996	-4265.643225834349
4600000	-5382.433684469852	-1176.9740570840988	-4205.459627385753	905.0	5.498038100253721E-5	1.237015486492292E-5	1.237015486492292E-5	1.9588708917273943E-5	-0.3769366424382485	21200.499164119447	-13387.990958534436	-13387.990958534438	59504.25453815313	3311.601820258486	-4205.459627385753
4610000	-5275.488024785779	-1014.6562182796941	-4260.831806506085	937.0	5.122311505112258E-5	1.1493969079057025E-5	1.1493969079057025E-5	1.4589157777437376E-5	-0.42045732311437034	23714.851068854132	-18683.584690639407	-18683.584690639407	83263.78830440795	3432.1705031418387	-4260.831806506085
4620000	-5319.469638675436	-1054.7539473493878	-4264.715691326048	199.0	5.3536350660882415E-5	9.695993422217446E-6	9.695993422217446E-6	1.3655104255367618E-5	-0.3586083685364462	21435.502138345382	-15220.57128590773	-15220.571285907728	84040.26345089654	3370.5527968806364	-4264.715691326048
4630000	-5317.782261055491	-1066.0431185313482	-4251.739142524143	784.0	5.073134599127853E-5	1.2494712109118005E-5	1.2494712109118005E-5	1.3559891235852639E-5	-0.476387062311184	25498.40502858045	-23495.411912407315	-23495.411912407315	95396.66544746679	3475.909484942564	-4251.739142524143
4640000	-5397.1019002519715	-1090.9022223466814	-4306.19967790529	718.0	4.634634937790747E-5	1.1170644817433223E-5	1.1170644817433223E-5	1.4384124393409808E-5	-0.43264208459899034	26545.422739836784	-20615.05315479536	-20615.053154795358	85530.6449691431	3299.5077854836163	-4306.19967790529
4650000	-5452.786864332665	-1057.4298498522521	-4395.3570144804125	861.0	4.272220590702332E-5	1.0134405966713772E-5	1.0134405966713772E-5	1.3068475675703312E-5	-0.4289029131684955	28683.60047209907	-22243.69995283559	-22243.69995283559	93769.67260245205	3517.3114898844547	-4395.3570144804125
4660000	-5222.32712008078	-990.015044548737	-4232.312075532043	939.0	4.7307278716150826E-5	1.2607586114560016E-5	1.2607586114560016E-5	1.519195746115235E-5	-0.4702849623165913	27141.14817417057	-22524.046932654666	-22524.04693265467	84516.68355675098	3294.750553258107	-4232.312075532043
4670000	-5329.880664337393	-1080.015317867863	-4249.86534646953	29.0	4.6782276605638426E-5	1.196137223172145E-5	1.196137223172145E-5	1.632371073572848E-5	-0.43284348421033814	26303.707629811524	-19274.320840904453	-19274.320840904453	75384.04386193436	3350.1945760347785	-4249.86534646953
4680000	-5304.798005247012	-1069.1235547122926	-4235.67445053472	248.0	5.2013571722732285E-5	1.3122024124671001E-5	1.3122024124671001E-5	1.6759038660985356E-5	-0.44444491506251266	23958.256556911667	-18758.88151369465	-18758.881513694647	74357.1586045424	3273.5651140968916	-4235.67445053472
4690000	-5456.26890564574	-1151.958013441376	-4304.310892204365	520.0	4.7403443389209205E-5	1.0987722213544016E-5	1.0987722213544016E-5	1.5543663274228747E-5	-0.40478651543837274	25229.40559318823	-17834.515286393507	-17834.515286393507	76942.01030222961	3347.1174716478067	-4304.310892204365
4700000	-5488.71620958264	-1114.4994582028621	-4374.216751379778	752.0	3.972566820913667E-5	8.360961267981802E-6	8.360961267981802E-6	1.2130632850348806E-5	-0.3808718512555946	29443.86803131338	-20293.99811422865	-20293.998114228652	96423.43863139246	3660.5564581437816	-4374.216751379778
4710000	-5582.896220097549	-1226.7100843517942	-4356.186135745756	486.0	4.735253382989609E-5	1.2796980930678852E-5	1.2796980930678852E-5	1.7416014364456534E-5	-0.44561676772537423	26350.782343735722	-19362.091239971116	-19362.09123997112	71645.34239949286	3498.327274573532	-4356.186135745756
4720000	-5456.276481520434	-1104.7893607947985	-4351.487120725635	239.0	4.668048506710593E-5	1.253855338302738E-5	1.253855338302738E-5	1.4525575001675425E-5	-0.48151862104812626	27888.448994070433	-24073.457088043335	-24073.45708804334	89624.4263419721	3416.9013994862494	-4351.487120725635
4730000	-5406.258168082517	-1180.7785552490548	-4225.479612833462	583.0	6.402803313211067E-5	1.423693736455009E-5	1.423693736455009E-5	1.68649436737228E-5	-0.4332504738082365	19227.22370474427	-16231.11140330371	-16231.111403303708	72996.46771569195	3317.4301293092058	-4225.479612833462
4740000	-5364.270522363893	-1111.1063975942186	-4253.164124769674	532.0	4.568643675563844E-5	1.1812054416744266E-5	1.1812054416744266E-5	1.4753796976623184E-5	-0.45496699656088163	27601.75963666661	-22098.276622810303	-22098.276622810303	85471.2890507406	3378.9733665317053	-4253.164124769674
4750000	-5358.7799248947995	-1188.649713541742	-4170.130211353057	578.0	6.243623027801681E-5	1.302412379966291E-5	1.302412379966291E-5	1.8708481465359834E-5	-0.38107539621448705	18737.35092310514	-13044.221603560049	-13044.221603560049	62532.57695987472	3283.371395305263	-4170.130211353057
4760000	-5427.248084357598	-1082.459018653379	-4344.789065704219	471.0	4.828166218426885E-5	1.1380310403120345E-5	1.1380310403120345E-5	1.2745664270991336E-5	-0.45875600691928786	26232.642463425727	-23422.52295216315	-23422.52295216315	99371.48466262849	3406.8164681616436	-4344.789065704219
4770000	-5488.953453630014	-1102.9513439973257	-4386.002109632688	348.0	4.781318669466984E-5	1.0968809421840767E-5	1.0968809421840767E-5	1.2753032092777135E-5	-0.44420037375959265	26055.931670655817	-22410.55669935914	-22410.556699359142	97687.91581558192	3583.927621507722	-4386.002109632688
4780000	-5437.366457477077	-1091.1138712925303	-4346.252586184547	720.0	3.777123783632775E-5	7.77440263502284E-6	7.77440263502284E-6	1.2583874820383341E-5	-0.3565982645999455	30332.29681823511	-18739.497307141708	-18739.497307141708	91044.16672898411	3573.3513356697417	-4346.252586184547
4790000	-5374.589169096849	-1040.8785300754353	-4333.710639021414	298.0	4.553320843087998E-5	1.2305776843764575E-5	1.2305776843764575E-5	1.36947694859414E-5	-0.4927964213009074	29006.067432246742	-26064.125672421196	-26064.1256724212	96441.14970379589	3538.9769532992655	-4333.710639021414
4800000	-5448.743529000045	-1138.6562487869455	-4310.087280213099	412.0	5.339978799726791E-5	1.2969638376616784E-5	1.2969638376616784E-5	1.2801046698612975E-5	-0.4960613144888516	24838.95812685915	-25166.09087850572	-25166.090878505725	103616.14399789758	3508.016047407943	-4310.087280213099
4810000	-5225.116528594056	-1044.5821344295075	-4180.534394164549	858.0	5.347956908041157E-5	1.2596511839708503E-5	1.2596511839708503E-5	1.518334989923777E-5	-0.44205117509693015	23240.050143290617	-19280.565140639734	-19280.565140639734	81857.28942021771	3483.3727691100216	-4180.534394164549
4820000	-5451.342974347979	-1174.8446092684646	-4276.498365079515	249.0	5.336612597123825E-5	1.2451994887416799E-5	1.2451994887416799E-5	1.5161347607196107E-5	-0.4377611258835953	23180.709040568614	-19038.28590559161	-19038.285905591605	81593.31682194606	3445.3074015470165	-4276.498365079515
4830000	-5436.478546326071	-1101.3273725668203	-4335.151173759251	159.0	4.527128795116329E-5	9.946978570538813E-6	9.946978570538813E-6	1.3512324519085434E-5	-0.4021746789080517	26351.219819975875	-19398.218159032094	-19398.218159032094	88286.33879015753	3494.441269494931	-4335.151173759251
4840000	-5555.685945577019	-1158.5441031059004	-4397.141842471119	420.0	5.1408390151279115E-5	1.2305199349979E-5	1.2305199349979E-5	1.5371716365533678E-5	-0.43773419131588237	24062.77553825914	-19262.471598551187	-19262.471598551183	80474.32853803724	3415.8522301424177	-4397.141842471119
4850000	-5343.89289154293	-1045.3226460839314	-4298.570245458998	774.0	4.727687694622996E-5	1.0567125676676064E-5	1.0567125676676064E-5	1.537213023175693E-5	-0.39198139585403446	24991.99476741966	-17180.022913972545	-17180.022913972545	76862.70174963774	3519.15699276498	-4298.570245458998
4860000	-5516.150055365979	-1246.4364059979548	-4269.713649368025	876.0	6.0331406769332494E-5	1.6030097851449393E-5	1.6030097851449393E-5	1.8211373094263213E-5	-0.4836075824080716	21635.037236130273	-19043.691111032647	-19043.691111032647	71673.46609212052	3462.294411553548	-4269.713649368025
4870000	-5270.757335419331	-996.9333516366685	-4273.823983782662	565.0	4.338958012852786E-5	1.0066003416385884E-5	1.0066003416385884E-5	1.304071525042934E-5	-0.42316880365381393	28074.32978145727	-21670.306732875626	-21670.30673287563	93410.01304105244	3412.3686005745853	-4273.823983782662
4880000	-5337.1074788596625	-1028.6002944950858	-4308.5071843645765	983.0	5.1800311540655854E-5	1.2798482697655668E-5	1.2798482697655668E-5	1.448427457955853E-5	-0.4672442065776649	24696.592952642954	-21822.21248701843	-21822.21248701843	88322.76700588914	3488.239594789544	-4308.5071843645765
4890000	-5505.164466702035	-1105.7941390246824	-4399.370327677352	402.0	4.3198941318951675E-5	7.775815804993705E-6	7.775815804993705E-6	1.1840406216690356E-5	-0.3438160222113556	26251.94342288267	-17240.141329923925	-17240.14132992392	95778.48451136504	3589.741397474861	-4399.370327677352
4900000	-5360.068230318331	-1035.6688288789596	-4324.399401439371	7.0	4.215356007664315E-5	9.954075922798059E-6	9.954075922798059E-6	1.4454290872813695E-5	-0.4032602587792353	28329.737711660408	-19509.525755097053	-19509.525755097053	82619.01680905881	3351.5096773122305	-4324.399401439371
4910000	-5516.904664724112	-1168.4709971345146	-4348.4336675895975	863.0	4.086486942529316E-5	8.077960575327433E-6	8.077960575327433E-6	1.3748618749666925E-5	-0.3407980780849718	27686.498921519567	-16267.121143518416	-16267.121143518416	82292.2785097104	3370.902781629714	-4348.4336675895975
4920000	-5468.732285899055	-1145.7732053706577	-4322.959080528397	264.0	4.676640651373935E-5	1.0413022986758164E-5	1.0413022986758164E-5	1.3495983497252073E-5	-0.4144837968529674	25818.38690866723	-19920.553134620248	-19920.553134620248	89466.11248788088	3526.5434673634923	-4322.959080528397
4930000	-5496.090804083123	-1062.7923884218499	-4433.298415661273	123.0	3.281953275393111E-5	7.950618842865556E-6	7.950618842865556E-6	1.1486982050422656E-5	-0.4094791239956688	36607.806147556534	-25337.787773597447	-25337.787773597447	104592.40622432118	3672.4079222047544	-4433.298415661273
4940000	-5507.757712086611	-1146.548398841661	-4361.20931324495	962.0	5.1444702471514576E-5	9.89105681440934E-6	9.89105681440934E-6	1.3069159381929256E-5	-0.3814595915157749	22748.51634369662	-17216.628937140365	-17216.62893714036	89545.9777304439	3439.9950361827287	-4361.20931324495
4950000	-5592.700665106812	-1207.1429786463598	-4385.557686460453	772.0	5.21070126759944E-5	1.4055092958399935E-5	1.4055092958399935E-5	1.5563580172285285E-5	-0.4935496871459362	25371.567849058523	-22912.449492429805	-22912.44949242981	84944.24758867179	3459.495311215454	-4385.557686460453
4960000	-5381.338632452708	-1091.9411270867388	-4289.39750536597	312.0	4.645631509091707E-5	1.102298106452448E-5	1.102298106452448E-5	1.458380260914868E-5	-0.42348818006080496	26229.690140970142	-19825.376515373453	-19825.37651537345	83553.97989010227	3302.5325531272993	-4289.39750536597
4970000	-5331.006496618362	-1072.9292195179153	-4258.077277100447	856.0	5.3642090566133015E-5	1.5904686581856214E-5	1.5904686581856214E-5	1.7217261780975465E-5	-0.5233475873517667	25673.997835980852	-23716.714892244345	-23716.714892244345	79989.89239009879	3451.1337814488625	-4258.077277100447
4980000	-5336.292712808749	-1083.9711910255135	-4252.321521783235	831.0	4.9271079693129974E-5	1.2790852217970477E-5	1.2790852217970477E-5	1.7532227738778676E-5	-0.43519599494002925	25037.95988956383	-18266.751354051994	-18266.751354051994	70364.55009898411	3372.395565413428	-4252.321521783235
4990000	-5301.91883322511	-1029.2968763342026	-4272.621956890907	35.0	4.901795994553748E-5	1.0778847909159014E-5	1.0778847909159014E-5	1.5272952617378517E-5	-0.3939428527239612	24148.280992445034	-17042.58859475709	-17042.588594757086	77502.9884591122	3536.7655249738073	-4272.621956890907
5000000	-5406.069082728768	-1113.8848666358617	-4292.184216092906	656.0	4.5639812269532344E-5	1.1226339422559954E-5	1.1226339422559954E-5	1.3872622997233519E-5	-0.4461562200551034	27356.066962311503	-22137.737978349964	-22137.73797834996	89999.25687028575	3509.7002442602857	-4292.184216092906
5010000	-5401.714377598117	-1037.0251731544836	-4364.689204443633	266.0	3.991175091344255E-5	1.033648997960835E-5	1.033648997960835E-5	1.3709830954495544E-5	-0.44188234263953874	31134.624576371032	-23473.866017800847	-23473.866017800847	90638.41742470198	3668.0570940920934	-4364.689204443633
5020000	-5329.890433018725	-1029.340185041308	-4300.550247977417	266.0	4.764889214410206E-5	1.2101842103213158E-5	1.2101842103213158E-5	1.4768159762177964E-5	-0.45620693984966915	26502.71919750281	-21717.785302904565	-21717.785302904565	85509.99101468257	3513.0967266866683	-4300.550247977417
5030000	-5245.572363446563	-1037.126480694585	-4208.445882751978	644.0	5.1077812378464526E-5	1.1742690427394363E-5	1.1742690427394363E-5	1.7057124775361026E-5	-0.3978309384782807	23259.192043056948	-16012.399237851683	-16012.399237851681	69649.9945269816	3364.3008495292556	-4208.445882751978
5040000	-5353.849842079742	-1050.271603898263	-4303.578238181479	384.0	4.858824052029743E-5	1.0406647098354035E-5	1.0406647098354035E-5	1.3265241011534673E-5	-0.4099092026905377	24737.672770874644	-19406.82648262499	-19406.82648262499	90609.73663867214	3536.5514834067767	-4303.578238181479
5050000	-5432.030152722282	-1082.180540244049	-4349.849612478232	297.0	4.567979916253449E-5	9.531051436002807E-6	9.531051436002807E-6	1.3676017071101778E-5	-0.38132818231069515	25616.430226359378	-17852.53066187777	-17852.53066187777	85562.4398476203	3503.1205279410838	-4349.849612478232
5060000	-5478.517754190689	-1155.1852785292829	-4323.332475661406	769.0	5.637578794605754E-5	1.1393689517888477E-5	1.1393689517888477E-5	1.563845230849851E-5	-0.3837259616449659	20800.961639397436	-15154.933104474061	-15154.93310447406	74986.35922043736	3332.310462756339	-4323.332475661406
5070000	-5321.251788197118	-1140.4066714237304	-4180.845116773387	382.0	6.454477582275567E-5	1.745194505246923E-5	1.745194505246923E-5	2.0975729594503026E-5	-0.47430177583176386	19990.14777676158	-16631.934494531637	-16631.934494531637	61512.025176610005	3390.109794420362	-4180.845116773387
5080000	-5400.723283728442	-1081.7019126817313	-4319.021371046711	87.0	4.13454975121247E-5	8.545464510822541E-6	8.545464510822541E-6	1.1818621219970971E-5	-0.3865789096647806	28435.998593475673	-20560.673896522665	-20560.67389652267	99478.65213876594	3657.3806870901035	-4319.021371046711
5090000	-5425.513672110265	-1184.0882697835668	-4241.4254023266985	299.0	5.272307070926071E-5	1.2720849790630478E-5	1.2720849790630478E-5	1.522784291567733E-5	-0.44894855913653825	23754.953999498302	-19844.123904105403	-19844.123904105403	82246.32512602174	3462.8871105574617	-4241.4254023266985
5100000	-5320.203854029617	-1084.033531925648	-4236.170322103969	963.0	5.1080122791921154E-5	1.1487270185223258E-5	1.1487270185223258E-5	1.642841386445471E-5	-0.3965455239895851	23229.959747066765	-16243.127681594577	-16243.127681594578	72227.86119960833	3448.294007602375	-4236.170322103969
5110000	-5729.909253518356	-1140.7281343328611	-4589.181119185495	721.0	5.9935462850086804E-5	1.563702569183619E-5	1.563702569183619E-5	1.9410681444979064E-5	-0.45844984139072265	21124.476322092745	-17017.63948429508	-17017.63948429508	65227.24456733744	3534.232736410034	-4589.181119185495
5120000	-5407.070912051666	-1050.875353344399	-4356.195558707267	872.0	4.4223065167959746E-5	1.1888046434781124E-5	1.1888046434781124E-5	1.311512385534712E-5	-0.49362810005070634	29897.78993492426	-27100.492451605918	-27100.492451605915	100812.76602897415	3460.827901356107	-4356.195558707267
5130000	-5235.705722967237	-1039.4567786370985	-4196.248944330139	531.0	4.748653269337285E-5	9.597504562950475E-6	9.597504562950475E-6	1.5988917396923144E-5	-0.34830809488672626	23966.13887426811	-14385.910033305712	-14385.910033305716	71178.60508841286	3283.338531544172	-4196.248944330139
5140000	-5473.5611095250915	-1096.5827936009805	-4376.9783159241115	620.0	4.784257168849968E-5	1.2147711353039394E-5	1.2147711353039394E-5	1.3216557076222097E-5	-0.483089989100436	27264.8452550796	-25059.89028261107	-25059.890282611068	98695.92407229703	3586.4518020156397	-4376.9783159241115
5150000	-5455.83941643626	-1108.477200875532	-4347.362215560728	55.0	4.364199353658379E-5	8.267884480943856E-6	8.267884480943856E-6	1.225121385120004E-5	-0.35756298099255224	26272.7101340056	-17730.46614217774	-17730.46614217774	93590.19112579606	3311.2057559396803	-4347.362215560728
5160000	-5328.473319355051	-1026.432289433421	-4302.04102992163	534.0	4.662474171566802E-5	1.1960190770760624E-5	1.1960190770760624E-5	1.4130136813312864E-5	-0.46596865568298496	27396.313561007802	-23189.098657312097	-23189.098657312097	90398.70318452797	3374.463426983258	-4302.04102992163
5170000	-5330.025285122814	-1024.3915905117224	-4305.633694611091	443.0	3.950436187391058E-5	9.33987245320897E-6	9.33987245320897E-6	1.2629866297477713E-5	-0.41813742797807	30677.23459823532	-22686.02466693633	-22686.024666936326	95953.8722196577	3293.5396540035017	-4305.633694611091
5180000	-5548.500148614665	-1141.5738967152524	-4406.926251899413	921.0	4.440042322120245E-5	1.0615484290697022E-5	1.0615484290697022E-5	1.2637888453913735E-5	-0.44813513815799966	28181.95103162812	-23672.07619757039	-23672.07619757039	99011.04583780278	3840.0056707722943	-4406.926251899413
5190000	-5251.063687384077	-1057.6979327464044	-4193.365754637673	936.0	5.127332799018514E-5	1.0412162084865088E-5	1.0412162084865088E-5	1.5360674277219998E-5	-0.37101376829729704	22616.507338970998	-15330.495000218547	-15330.495000218549	75493.01403410529	3123.11953994362	-4193.365754637673
5200000	-5346.684752694511	-993.4336959444539	-4353.251056750058	243.0	3.593609177410419E-5	1.0630870275940549E-5	1.0630870275940549E-5	1.3517930635548157E-5	-0.4823344590678331	36263.83209123919	-28518.86912754682	-28518.86912754682	96403.83822391405	3869.5195845002054	-4353.251056750058
5210000	-5487.819413687787	-1081.3411445019995	-4406.478269185788	132.0	4.9778959355172726E-5	1.0475563758367563E-5	1.0475563758367563E-5	1.3128401364230981E-5	-0.4097779401575293	24142.822348498445	-19264.316180011258	-19264.316180011258	91542.33931935075	3480.2008479623423	-4406.478269185788
5220000	-5492.14162603691	-1102.0502681517694	-4390.0913578851405	273.0	5.114466767226067E-5	1.17077000823497E-5	1.17077000823497E-5	1.3056805135178708E-5	-0.4530571062370751	24602.258206045037	-22060.20978660793	-22060.20978660793	96369.23480960715	3498.125038065404	-4390.0913578851405
5230000	-5453.699009086967	-1119.7017593978069	-4333.99724968916	561.0	4.0890884636761925E-5	9.967745286673699E-6	9.967745286673699E-6	1.4595527759451043E-5	-0.4080127897257941	29339.625766750934	-20036.953871704416	-20036.953871704412	82198.00423024259	3499.185563524062	-4333.99724968916
5240000	-5474.274120340739	-1120.8440513077871	-4353.430069032951	279.0	4.265048211800453E-5	1.180556051438523E-5	1.180556051438523E-5	1.419024600799135E-5	-0.4798767147585496	30461.00454539041	-25342.001279403696	-25342.001279403696	91554.19355858852	3303.5639301834854	-4353.430069032951
5250000	-5392.365959117968	-1108.7274335907935	-4283.638525527174	737.0	4.8585395284160984E-5	1.1338178679540562E-5	1.1338178679540562E-5	1.5961214610900613E-5	-0.40715283024079774	24672.334255452148	-17526.19340376637	-17526.193403766374	75101.74768062032	3354.4465403457643	-4283.638525527174
5260000	-5478.375505995964	-1132.8545384210242	-4345.52096757494	98.0	4.095308655416608E-5	1.0073668354336481E-5	1.0073668354336481E-5	1.2914878166208739E-5	-0.4380252765469865	30215.519020467185	-23568.253130155987	-23568.253130155983	95813.42927120293	3571.288346891744	-4345.52096757494
5270000	-5335.529956079233	-1065.9198406966389	-4269.610115382594	665.0	5.210682040251583E-5	1.1415070941769655E-5	1.1415070941769655E-5	1.4549766530060175E-5	-0.4145751972932478	23174.38777579057	-18181.548133173703	-18181.548133173703	82994.02325642563	3445.3245618285505	-4269.610115382594
5280000	-5434.019371634563	-1089.1705914624254	-4344.848780172138	276.0	4.5157942768192433E-5	7.597855608083907E-6	7.597855608083907E-6	1.2595087460736267E-5	-0.31858356488390177	24645.95145667948	-14867.414067226298	-14867.414067226298	88364.64763090426	3640.7891952939467	-4344.848780172138
5290000	-5401.534087967638	-1042.214903787908	-4359.31918417973	113.0	4.246942706859424E-5	8.787650257808407E-6	8.787650257808407E-6	1.1621138035015661E-5	-0.39555805523617943	27913.93711056289	-21107.908356907752	-21107.908356907752	102011.43061397076	3443.5548888646017	-4359.31918417973
5300000	-5340.261953799756	-1043.4588020788144	-4296.803151720942	925.0	4.9948469435393244E-5	1.0400246658919144E-5	1.0400246658919144E-5	1.2764414735857926E-5	-0.4118908019671661	24111.19494822194	-19645.426750225306	-19645.426750225306	94349.58898185054	3283.7917078806754	-4296.803151720942
5310000	-5429.87834092234	-1237.0172669113122	-4192.861074011028	706.0	5.540226894545724E-5	1.651612502691553E-5	1.651612502691553E-5	2.0220518339551226E-5	-0.4934557842424184	23859.575853493287	-19488.50822061646	-19488.50822061646	65372.93536012837	3423.112646063279	-4192.861074011028
5320000	-5455.172585510479	-1133.8164474394346	-4321.356138071044	932.0	5.819588479365146E-5	1.3825313240070798E-5	1.3825313240070798E-5	1.549004071097409E-5	-0.46047129540526893	21807.21189229096	-19463.57281617243	-19463.572816172426	81929.41610898478	3570.130921942127	-4321.356138071044
5330000	-5535.746293608577	-1151.0895555221423	-4384.656738086434	763.0	4.8020785248101756E-5	9.161226042194503E-6	9.161226042194503E-6	1.3131945772117159E-5	-0.3648164642439499	24021.341485915407	-16757.984156199887	-16757.984156199887	87841.03291956313	3593.160798605609	-4384.656738086434
5340000	-5297.0331404933	-1006.9522563190898	-4290.080884174211	618.0	4.985207088776535E-5	1.279893208549628E-5	1.279893208549628E-5	1.620872782582367E-5	-0.45025409128971516	25160.003130809484	-19867.146564646595	-19867.146564646595	77382.8935306818	3450.6911230507776	-4290.080884174211
5350000	-5339.833791136058	-1074.6097986030964	-4265.223992532961	467.0	5.507535836976531E-5	1.1996667159346834E-5	1.1996667159346834E-5	1.5096718401893745E-5	-0.41604534459724396	21957.676512928778	-17448.75473633863	-17448.75473633863	80105.28319619661	3434.4770732986035	-4265.223992532961
5360000	-5400.468642868507	-1086.6670546617245	-4313.801588206783	577.0	4.572178740398288E-5	1.0564685516059825E-5	1.0564685516059825E-5	1.4570042050299126E-5	-0.40932151337844147	26273.3568802472	-19050.717350902894	-19050.717350902894	82447.5889308069	3435.21636330022	-4313.801588206783
5370000	-5349.782336751666	-1121.575777909847	-4228.206558841819	162.0	5.055886590915767E-5	1.309076632764253E-5	1.309076632764253E-5	1.782711086174943E-5	-0.4360395936386454	24422.36104765172	-17933.776489274256	-17933.776489274253	69263.43180165128	3265.4244020881674	-4228.206558841819
5380000	-5325.3780982575	-1004.602197678614	-4320.775900578886	954.0	4.2378296854308326E-5	1.055435523377992E-5	1.055435523377992E-5	1.2031888035408548E-5	-0.46740469127530493	30193.208169517307	-26485.43966921406	-26485.43966921406	106345.46590079571	3574.5794661114955	-4320.775900578886
5390000	-5465.716891818107	-1141.139266007705	-4324.577625810402	129.0	4.464263703124887E-5	7.42956396581874E-6	7.42956396581874E-6	1.3386176104403623E-5	-0.30392060068458643	24679.720214520497	-13697.680245814967	-13697.680245814965	82306.38705008279	3515.95661493527	-4324.577625810402
5400000	-5320.733160613119	-1116.9875500945752	-4203.745610518544	257.0	5.613916341436557E-5	1.6052673784521105E-5	1.6052673784521105E-5	1.8636499409143623E-5	-0.4962862490380891	23633.909700036165	-20357.226662501373	-20357.22666250137	71192.97941327587	3505.634622931768	-4203.745610518544
5410000	-5410.329600617884	-1101.5804053131994	-4308.749195304685	473.0	5.420706010605726E-5	1.0700466542750934E-5	1.0700466542750934E-5	1.288709086298981E-5	-0.40485298066564035	22064.241671288157	-18320.479176012817	-18320.479176012817	92808.97350580247	3524.2330589739463	-4308.749195304685
5420000	-5346.189845860494	-1028.3342713753154	-4317.855574485178	762.0	4.512399434766382E-5	1.1666748027069146E-5	1.1666748027069146E-5	1.4624393354769199E-5	-0.45415815852315555	27919.908854204277	-22273.37118462504	-22273.371184625037	86147.69712232525	3397.8253134313372	-4317.855574485178
5430000	-5283.384925788778	-1081.8891968449611	-4201.495728943816	511.0	5.332609058318736E-5	1.3287621581568651E-5	1.3287621581568651E-5	1.6233861167489416E-5	-0.45161303080933646	23557.124072649654	-19281.805295605995	-19281.805295605995	77382.04233834612	3410.357386028084	-4201.495728943816
5440000	-5477.408046587628	-1152.6949470587126	-4324.713099528915	291.0	5.1180683958432684E-5	1.0376002217380368E-5	1.0376002217380368E-5	1.3844298559546946E-5	-0.38979973090093983	23039.30088837716	-17267.457507974894	-17267.457507974894	85173.48656701153	3202.521551291115	-4324.713099528915
5450000	-5467.501465402281	-1147.3210565648085	-4320.180408837472	618.0	4.973918955474166E-5	9.7173295410645E-6	9.7173295410645E-6	1.4281186683613503E-5	-0.36459896428497307	23187.201688254518	-15777.237909678044	-15777.237909678046	80757.4780420348	3395.651018935546	-4320.180408837472
5460000	-5350.393183702837	-1069.173885067227	-4281.219298635609	497.0	4.915588429286849E-5	1.078490847459056E-5	1.078490847459056E-5	1.3096923022171781E-5	-0.42505396305019133	24829.392379582692	-20446.231824083126	-20446.23182408313	93190.64766638658	3415.8029953760083	-4281.219298635609
5470000	-5402.895815037862	-1121.309238380737	-4281.586576657125	728.0	5.332042200792448E-5	1.039005514180269E-5	1.039005514180269E-5	1.6053084931655384E-5	-0.3551336391627608	21461.22823108758	-13890.373450408117	-13890.373450408117	71283.60380337006	3403.239984200912	-4281.586576657125
5480000	-5448.034383076323	-1105.2424704875489	-4342.791912588775	403.0	4.037505622429001E-5	8.15839330878097E-6	8.15839330878097E-6	1.2766261113606312E-5	-0.35934880658200197	28440.308967290952	-18175.033732555792	-18175.033732555792	89946.38785561992	3442.33896484643	-4342.791912588775
5490000	-5506.851338734146	-1226.343294049798	-4280.5080446843485	361.0	5.3865374196894506E-5	1.2782157453259763E-5	1.2782157453259763E-5	1.7065600050792457E-5	-0.42158829124912073	22577.684776586142	-16910.716346653688	-16910.71634665369	71263.56151384597	3414.420836500111	-4280.5080446843485
5500000	-5557.6100648946085	-1227.640284434817	-4329.969780459792	600.0	4.94266625426269E-5	9.232479078858111E-6	9.232479078858111E-6	1.3904516531478982E-5	-0.35217598877389167	23096.621272606168	-15335.957363845435	-15335.957363845433	82102.02080248349	3502.575417492395	-4329.969780459792
5510000	-5441.897858744948	-1145.15084825958	-4296.747010485368	221.0	5.247884566499692E-5	1.3078500634033518E-5	1.3078500634033518E-5	1.5042813518422965E-5	-0.4654802780775066	24326.073484183547	-21149.538754622146	-21149.53875462215	84864.72656517228	3295.6932893070148	-4296.747010485368
5520000	-5402.862779740139	-1109.0929705922176	-4293.769809147921	88.0	5.118633880713473E-5	1.1877228593161446E-5	1.1877228593161446E-5	1.3669862920773029E-5	-0.4490099880931493	24469.822985973093	-21260.90677887818	-21260.90677887818	91626.42355449473	3487.324957282267	-4293.769809147921
5530000	-5305.040960411992	-1007.5304143247924	-4297.5105460872	372.0	4.6877305220438996E-5	1.0931863801826346E-5	1.0931863801826346E-5	1.5437315334917332E-5	-0.40637502154404487	25551.950111540125	-18094.49586474448	-18094.495864744476	77591.6367819995	3440.7440004518216	-4297.5105460872
5540000	-5337.874459005327	-1070.471617134647	-4267.402841870679	985.0	4.729752681385456E-5	1.0343702037295331E-5	1.0343702037295331E-5	1.5036889189892627E-5	-0.3878624942500636	24886.632739736844	-17119.22662464435	-17119.22662464435	78279.23478384424	3497.9895232310923	-4267.402841870679
5550000	-5419.228933182659	-1083.8560003203286	-4335.37293286233	633.0	4.943962353821687E-5	9.52173386479037E-6	9.52173386479037E-6	1.327642656346749E-5	-0.3716531878426046	23468.271920497915	-16831.2337981367	-16831.2337981367	87392.68230764719	3526.511941400638	-4335.37293286233
5560000	-5424.450365201685	-1038.2077375415925	-4386.242627660093	700.0	3.8149860355951585E-5	1.0116424861423426E-5	1.0116424861423426E-5	1.2985184944758369E-5	-0.4545236798834774	33037.74139355981	-25738.85776913789	-25738.857769137885	97063.32455042299	3479.1576434646076	-4386.242627660093
5570000	-5287.4392437264705	-1041.1739475549457	-4246.265296171525	352.0	5.028512445436175E-5	1.1420265062340582E-5	1.1420265062340582E-5	1.4478229556628522E-5	-0.4232516795467647	24226.597677520524	-19109.668482172965	-19109.668482172965	84142.71058177338	3485.3814450930267	-4246.265296171525
5580000	-5411.72508622458	-1128.1302160030332	-4283.594870221547	996.0	5.279646062371237E-5	1.1108360587463972E-5	1.1108360587463972E-5	1.4329520929460805E-5	-0.4038608255747682	22632.02809975676	-17544.531334668638	-17544.531334668634	83386.66632929238	3483.3001052734344	-4283.594870221547
5590000	-5591.5156664320275	-1181.134266083934	-4410.381400348094	445.0	6.270987684059666E-5	1.1658348510338038E-5	1.1658348510338038E-5	1.672058110117447E-5	-0.36003388478597664	18321.344616824008	-12774.473532258802	-12774.473532258802	68713.47697326502	3416.461505228892	-4410.381400348094
5600000	-5401.52932444048	-1123.233484951285	-4278.295839489196	157.0	4.6739624394144117E-5	1.0904361668861158E-5	1.0904361668861158E-5	1.5542348716811386E-5	-0.4045752526885736	25582.4944550824	-17948.430897584713	-17948.430897584716	76932.7856221936	3443.775553922344	-4278.295839489196
5610000	-5366.082734739705	-1078.2265115997131	-4287.856223139992	970.0	4.815148512545535E-5	1.112034896311901E-5	1.112034896311901E-5	1.59789118832781E-5	-0.4009036144051627	24744.880352658678	-17220.92884560923	-17220.92884560923	74567.2012547439	3264.0861301409313	-4287.856223139992
5620000	-5415.018974973262	-1207.4999882703064	-4207.518986702955	760.0	5.6051238968978255E-5	1.2303162322759062E-5	1.2303162322759062E-5	1.6652378185147894E-5	-0.4027040643884537	21294.094070474854	-15732.569423556279	-15732.56942355628	71675.06899624791	3540.7136163591836	-4207.518986702955
5630000	-5447.2364098838925	-1120.6602188104225	-4326.57619107347	384.0	4.295869211107146E-5	1.0633430039895094E-5	1.0633430039895094E-5	1.338420914195293E-5	-0.4434569805299094	28976.529181625254	-23021.150714537627	-23021.15071453763	93004.65812799495	3566.381381608278	-4326.57619107347
5640000	-5379.817849000783	-1096.8101206641736	-4283.00772833661	921.0	4.422658936979575E-5	1.0228155540809063E-5	1.0228155540809063E-5	1.4602861064300828E-5	-0.40247288108553225	26981.398607558163	-18898.347416406592	-18898.347416406592	81716.53702550568	3647.9058411294686	-4283.00772833661
5650000	-5449.3481274226015	-1198.4019916688617	-4250.94613575374	507.0	5.656543555805291E-5	1.31920973753111E-5	1.31920973753111E-5	1.689729862758921E-5	-0.4267068756229361	21614.11097618208	-16874.61782873489	-16874.617828734892	72355.44737142787	3386.127328959651	-4250.94613575374
5660000	-5446.662565709598	-1227.7488368549568	-4218.913728854642	868.0	5.14404710680772E-5	1.0972043026217828E-5	1.0972043026217828E-5	1.7250797074756993E-5	-0.36832436623728093	22491.16116368059	-14305.07743660182	-14305.077436601818	67066.80973140313	3436.3977036950964	-4218.913728854642
5670000	-5429.382188969717	-1152.583292350991	-4276.798896618727	725.0	5.317634088644311E-5	1.3515765035267804E-5	1.3515765035267804E-5	1.5975988923509985E-5	-0.46371114380593526	23956.7222762123	-20267.50461900751	-20267.50461900751	79740.34260921502	3416.810657787209	-4276.798896618727
5680000	-5442.66602517885	-1106.7256706247153	-4335.9403545541345	206.0	4.897981321137692E-5	1.1615661318071568E-5	1.1615661318071568E-5	1.3699947086111925E-5	-0.4484106651935602	25554.965622535823	-21667.07825953956	-21667.078259539565	91363.66987021641	3508.271045770277	-4335.9403545541345
5690000	-5256.800043317275	-1059.8167093966226	-4196.9833339206525	405.0	4.7548678918656455E-5	1.1180137123417863E-5	1.1180137123417863E-5	1.648218375674248E-5	-0.39936548346779194	25021.889470235812	-16972.76037526298	-16972.76037526298	72184.47542617955	3255.111006483112	-4196.9833339206525
5700000	-5338.061726708706	-1036.8929780707124	-4301.168748637994	300.0	4.542262676557955E-5	9.79734986155128E-6	9.79734986155128E-6	1.3432384981761394E-5	-0.3966394697558827	26125.616431928218	-19055.573889509633	-19055.57388950963	88345.74990364486	3440.2923990170266	-4301.168748637994
5710000	-5448.794281046314	-1072.1845156589466	-4376.609765387367	837.0	4.1556181947860634E-5	9.169815339801476E-6	9.169815339801476E-6	1.1925147635663086E-5	-0.41191811199867895	28981.245614144016	-22285.06335673178	-22285.063356731782	100992.45331062438	3598.4452057065373	-4376.609765387367
5720000	-5301.499770771232	-1020.1336806959848	-4281.3660900752475	611.0	4.31136982626667E-5	1.2456844129274681E-5	1.2456844129274681E-5	1.5220745311014956E-5	-0.4862755478065868	30377.718373405998	-24861.496270269618	-24861.49627026962	86046.7577045318	3518.0579993295864	-4281.3660900752475
5730000	-5085.028079616957	-969.7282686836309	-4115.299810933327	571.0	4.3861867819170385E-5	1.0108645870972546E-5	1.0108645870972546E-5	1.748031840644531E-5	-0.3650688283765975	26304.598636206043	-15211.614926501039	-15211.614926501037	66003.87942545621	3197.6555563483303	-4115.299810933327
5740000	-5390.402262799104	-1120.1125566300095	-4270.289706169095	414.0	4.945199666914955E-5	9.90955806764038E-6	9.90955806764038E-6	1.3496916731550303E-5	-0.38357040133327813	23709.99281236929	-17408.09069439385	-17408.09069439385	86872.17302319147	3414.84804523603	-4270.289706169095
5750000	-5424.321821950967	-1150.4618220758216	-4273.859999875145	118.0	5.047103722048157E-5	9.569368610796926E-6	9.569368610796926E-6	1.4726605556170059E-5	-0.3510030106815891	22597.415501478827	-14683.831773737378	-14683.83177373738	77445.88489938738	3495.603468425867	-4273.859999875145
5760000	-5522.466481595048	-1160.2172757101919	-4362.249205884857	921.0	4.44620069802248E-5	8.600388595071046E-6	8.600388595071046E-6	1.2310432759850117E-5	-0.3676096328871274	26005.400131989187	-18168.04909043197	-18168.04909043197	93924.58451689067	3660.322772404676	-4362.249205884857
5770000	-5307.164933747746	-1082.6773953810714	-4224.487538366674	451.0	5.8165422443184346E-5	1.3644909180122756E-5	1.3644909180122756E-5	1.589714871742361E-5	-0.44872326551366315	21526.826689660065	-18476.998632762246	-18476.99863276225	78763.61922015277	3358.21379985495	-4224.487538366674
5780000	-5301.9566309723905	-1070.2428867601732	-4231.7137442122175	462.0	5.017308319887978E-5	1.1883490734000649E-5	1.1883490734000649E-5	1.6218336783440094E-5	-0.4165867759807655	24116.248929351903	-17670.444541725592	-17670.44454172559	74606.08200051302	3409.4277204904715	-4231.7137442122175
5790000	-5400.773664760948	-1168.8474342079974	-4231.926230552951	722.0	4.8742073564909246E-5	1.210431660420003E-5	1.210431660420003E-5	1.4955074360988783E-5	-0.44832606196943514	25677.171738735397	-20782.55237812948	-20782.55237812948	83687.88837941294	3538.624805539873	-4231.926230552951
5800000	-5490.187614050653	-1255.6303764033707	-4234.557237647282	488.0	5.5787493705537864E-5	1.3750019774126407E-5	1.3750019774126407E-5	1.822153094438016E-5	-0.4312632643364926	22020.7620268363	-16616.930500217684	-16616.930500217684	67419.31436568798	3443.0609561181222	-4234.557237647282
5810000	-5353.192339577165	-1096.3569962817965	-4256.835343295368	235.0	5.600136875525474E-5	1.1496740634796016E-5	1.1496740634796016E-5	1.5073762058111621E-5	-0.39569866502573986	21171.719979766363	-16147.645986551783	-16147.645986551785	78656.23015668217	3359.151309597011	-4256.835343295368
5820000	-5266.703686217228	-1023.7388783284541	-4242.964807888774	299.0	5.363654514184548E-5	9.946467907909214E-6	9.946467907909214E-6	1.3356140005328996E-5	-0.37161908204233873	21631.303815641146	-16109.075610368232	-16109.075610368232	86868.54159373057	3338.065660619875	-4242.964807888774
5830000	-5559.848198536115	-1196.3776546509082	-4363.470543885207	689.0	5.419533089033646E-5	1.1715887768426357E-5	1.1715887768426357E-5	1.3624022712153122E-5	-0.43116310135876895	22665.287758665294	-19490.863545224096	-19490.863545224092	90160.79874190337	3461.639802483683	-4363.470543885207
5840000	-5562.773111259834	-1258.4405855757957	-4304.332525684038	596.0	5.5197400774522856E-5	1.568231493813573E-5	1.568231493813573E-5	1.6159588722497468E-5	-0.5250923677960949	25013.592805471653	-24274.81582891838	-24274.81582891839	85440.62170172331	3628.266390494394	-4304.332525684038
5850000	-5509.11136248097	-1090.905123476429	-4418.20623900454	51.0	4.3955147844675144E-5	9.259889569169055E-6	9.259889569169055E-6	1.125598619623148E-5	-0.41630263420434727	27519.875104665116	-22639.598164383093	-22639.598164383096	107466.38791166422	3568.125155560948	-4418.20623900454
5860000	-5423.201043308761	-1065.9113465878188	-4357.289696720942	550.0	4.1873188737210936E-5	9.921605014433017E-6	9.921605014433017E-6	1.2913111716916391E-5	-0.4266762426682361	29197.024723909533	-22433.117071834688	-22433.117071834688	94676.83341015998	3541.53820187029	-4357.289696720942
5870000	-5224.019997592334	-918.673708169354	-4305.346289422981	66.0	3.4244403491416114E-5	7.117622575620198E-6	7.117622575620198E-6	1.1544618620843648E-5	-0.3579730706218588	33493.92103326889	-20650.06184457339	-20650.06184457339	99351.8611608385	3539.9389805739493	-4305.346289422981
5880000	-5343.126947987713	-1040.4587030857772	-4302.668244901935	866.0	4.635368586728982E-5	1.1017104357868123E-5	1.1017104357868123E-5	1.480894018711261E-5	-0.4204974215469565	26207.15662975666	-19496.80232784568	-19496.80232784568	82031.41416883923	3424.927049071446	-4302.668244901935
5890000	-5922.235764245659	-1134.703751650491	-4787.5320125951675	360.0	5.083649963673689E-5	1.3874396921023626E-5	1.3874396921023626E-5	1.5606162089762815E-5	-0.49258166041818563	25972.879441502668	-23090.75328582463	-23090.75328582463	84605.70053665442	3518.1714577420053	-4787.5320125951675
5900000	-5286.645330111025	-1051.2735971099253	-4235.3717330010995	972.0	5.167137127014467E-5	1.2439875115569181E-5	1.2439875115569181E-5	1.6233113518373773E-5	-0.4295266492488812	23731.34732057338	-18185.975023090003	-18185.975023090006	75538.88271366831	3504.5053925731263	-4235.3717330010995
5910000	-5539.359836082416	-1142.4066827100312	-4396.953153372385	254.0	4.667067156824106E-5	1.2131213168907965E-5	1.2131213168907965E-5	1.3368009392721062E-5	-0.4856784547097559	28041.187857909623	-25446.84233981174	-25446.842339811737	97897.97646405322	3578.344152246056	-4396.953153372385
5920000	-5352.356889588265	-1070.0972424258975	-4282.259647162368	478.0	4.873041997998256E-5	1.0746210311914478E-5	1.0746210311914478E-5	1.5923118925553805E-5	-0.3857813151262269	24109.162297972474	-16270.815391720165	-16270.815391720163	73782.63075460253	3580.3833771627756	-4282.259647162368
5930000	-5428.327350042949	-1099.930266694889	-4328.39708334806	988.0	5.3140725508096745E-5	1.327341490371291E-5	1.327341490371291E-5	1.2863211793816324E-5	-0.5076848691160682	25352.381453518734	-26160.859606736827	-26160.85960673683	104736.20161067831	3518.1106747949048	-4328.39708334806
5940000	-5384.492203014828	-1116.7913958609417	-4267.700807153887	79.0	5.291473134720789E-5	1.2069717344856209E-5	1.2069717344856209E-5	1.6407741054385984E-5	-0.40962306722362984	22708.63480471065	-16704.72507287375	-16704.72507287375	73235.0240030093	3462.1271442464517	-4267.700807153887
5950000	-5326.1430845509585	-1002.2960023590816	-4323.847082191877	566.0	4.183417935562255E-5	8.826167877585754E-6	8.826167877585754E-6	1.2278593605043209E-5	-0.3894325460099609	28177.18657743492	-20254.484108697023	-20254.484108697023	96001.99460409657	3404.8208989406303	-4323.847082191877
5960000	-5522.125290582065	-1215.4089418103115	-4306.7163487717535	35.0	5.409397780633595E-5	1.191856268816476E-5	1.191856268816476E-5	1.6234133835369633E-5	-0.40219333081105507	22053.74905733956	-16191.131187811307	-16191.131187811305	73485.59671567263	3465.3136945499473	-4306.7163487717535
5970000	-5303.837956784714	-1080.5702525144663	-4223.267704270248	527.0	4.329794848683768E-5	1.2102398632415653E-5	1.2102398632415653E-5	1.7310534551398102E-5	-0.4420613590025052	28705.327131902515	-20068.895665392527	-20068.895665392527	71799.15627472963	3265.903007669722	-4223.267704270248
5980000	-5430.840434452011	-1196.1569442216237	-4234.683490230388	83.0	5.534000285981843E-5	1.0007735894545014E-5	1.0007735894545014E-5	1.6010459622191395E-5	-0.33621288035506863	20373.063930502645	-12734.690195686268	-12734.690195686266	70419.30355419511	3359.6224321469017	-4234.683490230388
5990000	-5339.773191144291	-1004.2973797732558	-4335.475811371035	656.0	4.048034293937333E-5	7.812315540928892E-6	7.812315540928892E-6	1.1735710645541001E-5	-0.3584288741884408	28344.846056355265	-18868.808889339583	-18868.808889339587	97770.73784287315	3544.5955321834444	-4335.475811371035
6000000	-5474.550072534175	-1090.036910062699	-4384.513162471476	244.0	4.5637871605879373E-5	9.916185268118033E-6	9.916185268118033E-6	1.4853095213419985E-5	-0.38086709958151826	25629.424401697954	-17110.65047592487	-17110.650475924875	78749.40296083657	3568.3440907306936	-4384.513162471476
6010000	-5439.842142396855	-1170.5356531307807	-4269.306489266074	431.0	4.9761797027003173E-5	1.2520231320599925E-5	1.2520231320599925E-5	1.7630397536142547E-5	-0.42270099743103035	24467.494614929714	-17375.597560205588	-17375.597560205588	69059.50352460513	3452.4657621851115	-4269.306489266074
6020000	-5425.337192859619	-1114.3266789885195	-4311.0105138711	793.0	4.61796469816373E-5	1.0301321036753383E-5	1.0301321036753383E-5	1.626067072384544E-5	-0.3759225603422141	25218.364438643956	-15976.122542310553	-15976.122542310552	71619.1347213657	3477.5075112071913	-4311.0105138711
6030000	-5424.938392918338	-1219.5705294903353	-4205.367863428002	103.0	5.7054632035196416E-5	1.4483647893421391E-5	1.4483647893421391E-5	1.873138350395309E-5	-0.44304473109409287	21807.655652694466	-16862.31055959903	-16862.31055959903	66424.76614459208	3319.9805995708984	-4205.367863428002
6040000	-5426.450669769482	-1058.8952638214926	-4367.55540594799	533.0	4.1629528324883446E-5	9.5436171534397E-6	9.5436171534397E-6	1.2483010854629531E-5	-0.41865144052682146	29126.359507935318	-22267.930986705258	-22267.930986705258	97133.34565327642	3548.019777042685	-4367.55540594799
6050000	-5478.464876917745	-1129.0774750773305	-4349.387401840414	562.0	5.0555293525122766E-5	1.0411471398208748E-5	1.0411471398208748E-5	1.3595106719164917E-5	-0.3971343764147629	23484.140219252513	-17984.739601903617	-17984.739601903617	87329.03878538871	3491.8484072300735	-4349.387401840414
6060000	-5450.628827952962	-1171.1221594754556	-4279.5066684775065	94.0	5.895397627430743E-5	1.18294454242686E-5	1.18294454242686E-5	1.6711011277077992E-5	-0.37688293007287177	19770.61746749833	-13995.289480575191	-13995.289480575191	69747.81440702303	3386.798617999414	-4279.5066684775065
6070000	-5459.750196576677	-1179.7397636622725	-4280.010432914404	53.0	4.951514641418162E-5	1.0382050450070235E-5	1.0382050450070235E-5	1.5699348621884253E-5	-0.37236879927516325	23446.961565723508	-15505.582030127745	-15505.582030127745	73950.82196443043	3363.117355436316	-4280.010432914404
6080000	-5462.341900028717	-1053.3636007183143	-4408.978299310403	372.0	5.348386249030786E-5	1.4037913839155284E-5	1.4037913839155284E-5	1.5922699549512746E-5	-0.4810418272982945	24326.383934185298	-21446.845782928474	-21446.845782928474	81711.58220857185	3386.998607393638	-4408.978299310403
6090000	-5431.37724226977	-1087.8720867926486	-4343.505155477122	887.0	4.427870414306953E-5	1.0848700951418606E-5	1.0848700951418606E-5	1.2577102094958383E-5	-0.45971639619216714	28636.16283855978	-24700.854353102044	-24700.85435310204	100815.92504760105	3719.019621944594	-4343.505155477122
6100000	-5400.889913479649	-1098.5449130211703	-4302.345000458479	395.0	4.8674505349587475E-5	1.0025607255881093E-5	1.0025607255881093E-5	1.536381729135966E-5	-0.3666150988898343	23734.742934155525	-15488.026605924555	-15488.026605924555	75194.65052278017	3505.3971815801865	-4302.345000458479
6110000	-5380.054755038233	-1187.5498964269984	-4192.504858611235	637.0	5.1697015743798724E-5	1.0273376333037082E-5	1.0273376333037082E-5	1.6909606190215358E-5	-0.3474671193956314	21999.55770201269	-13365.759846253546	-13365.759846253544	67258.30679224552	3401.4825735706827	-4192.504858611235
6120000	-5348.800060547002	-1093.426728186902	-4255.3733323601	426.0	5.682992041669709E-5	1.2076744463778571E-5	1.2076744463778571E-5	1.5163934514879706E-5	-0.4113915840178806	21181.121979859287	-16868.906770593072	-16868.906770593072	79380.55095599347	3342.350762362255	-4255.3733323601
6130000	-5409.1338500440725	-1088.8204336867386	-4320.313416357334	929.0	5.399329110021945E-5	1.4581614752780792E-5	1.4581614752780792E-5	1.5056615106827353E-5	-0.5114133321205847	25080.450830880796	-24289.222328339496	-24289.222328339496	89938.94530932406	3373.8377291150327	-4320.313416357334
6140000	-5584.988944744588	-1209.4022049414948	-4375.586739803093	803.0	4.915264681085386E-5	1.2044924620807845E-5	1.2044924620807845E-5	1.3139689304404643E-5	-0.4739560636139455	26238.954955473273	-24052.793581770926	-24052.79358177092	98154.07775128653	3641.52199705746	-4375.586739803093
6150000	-5523.089169457796	-1114.9429657984267	-4408.146203659369	67.0	4.574801964173359E-5	1.17794387993297E-5	1.17794387993297E-5	1.3543228311811845E-5	-0.473235537849446	28166.899664217784	-24498.61016314256	-24498.610163142555	95145.6956508315	3662.19300243123	-4408.146203659369
6160000	-5380.375438138569	-1093.2745525021999	-4287.100885636369	235.0	4.938940890281552E-5	1.286369757335583E-5	1.286369757335583E-5	1.544793956933929E-5	-0.4657079224322748	25854.729691576922	-21529.56529254042	-21529.56529254042	82661.49741700948	3481.848338598267	-4287.100885636369
6170000	-5309.152911316602	-1074.3011420160153	-4234.851769300586	413.0	5.475318364593123E-5	1.3195583475970483E-5	1.3195583475970483E-5	1.683686157243679E-5	-0.43460362010732045	22516.748532921625	-17647.09138905161	-17647.09138905161	73224.07814711746	3344.5673673812457	-4234.851769300586
6180000	-5297.119877648158	-1033.8121984537825	-4263.307679194375	906.0	4.56206610263634E-5	1.0117599900011873E-5	1.0117599900011873E-5	1.5387787490642767E-5	-0.3818639181868074	25661.914529840426	-16872.924976323637	-16872.924976323637	76080.69092228267	3271.162095284031	-4263.307679194375
6190000	-5489.34149738889	-1146.9948056118287	-4342.346691777062	59.0	4.577526048703511E-5	9.949007845914937E-6	9.949007845914937E-6	1.3038454868762659E-5	-0.40724081427067577	26189.213755752342	-19983.709400916927	-19983.70940091693	91944.79665626006	3395.2680118679755	-4342.346691777062
6200000	-5399.162380905089	-1103.6618089935641	-4295.500571911524	400.0	4.836977495439624E-5	1.0364642096154598E-5	1.0364642096154598E-5	1.3661209271339117E-5	-0.40320202488402396	24687.572566582872	-18730.249189015918	-18730.249189015918	87410.44116213052	3534.218681777078	-4295.500571911524
6210000	-5346.356391868327	-1045.7842263762452	-4300.572165492082	359.0	4.481133385764188E-5	9.071302670570075E-6	9.071302670570075E-6	1.2573266477493959E-5	-0.3821656614549692	26132.441524317575	-18853.914136981453	-18853.914136981453	93136.46249028697	3552.1070837601555	-4300.572165492082
6220000	-5521.965412257734	-1159.110011082039	-4362.855401175695	237.0	4.62975008386661E-5	1.235916663439292E-5	1.235916663439292E-5	1.3690221348165186E-5	-0.4909137298561673	28457.61851140828	-25690.77886002313	-25690.77886002313	96237.78778967247	3519.55153908188	-4362.855401175695
6230000	-5371.408130847033	-1107.4762721757907	-4263.9318586712425	70.0	4.854935319552991E-5	1.1072779452208955E-5	1.1072779452208955E-5	1.7713179170255866E-5	-0.3775866820200095	24022.529716984147	-15016.85106234144	-15016.851062341439	65842.40291761977	3397.613320667908	-4263.9318586712425
6240000	-5457.395677856486	-1043.3097189932887	-4414.085958863197	161.0	4.388916674751797E-5	1.2303854245876609E-5	1.2303854245876609E-5	1.3819010247126984E-5	-0.49960185298197735	30363.44210290295	-27034.30704198957	-27034.30704198957	96434.27059184448	3493.1670808263316	-4414.085958863197
6250000	-5299.295576285924	-1037.961928254483	-4261.333648031441	79.0	4.860961266654011E-5	1.163058168152803E-5	1.163058168152803E-5	1.526787782033958E-5	-0.4269244400537175	25157.35484468436	-19164.069417853036	-19164.069417853036	80095.56331959266	3367.8729845060843	-4261.333648031441
6260000	-5243.792373743437	-995.9112680628931	-4247.881105680543	690.0	4.925731744700225E-5	1.0177810584481438E-5	1.0177810584481438E-5	1.5261431597396072E-5	-0.37121143725393035	23546.164994676314	-15702.878578419346	-15702.878578419346	75996.86283691457	3434.5578580281563	-4247.881105680543
6270000	-5446.539430572526	-1032.8280211533454	-4413.71140941918	884.0	4.872735505322152E-5	1.1843661580258289E-5	1.1843661580258289E-5	1.0686180324753524E-5	-0.5190250524893391	28089.225801143388	-31131.73035921748	-31131.73035921748	128082.59239383496	3665.0844538757697	-4413.71140941918
6280000	-5458.16026393659	-1124.7175913987949	-4333.442672537795	380.0	5.489685272066219E-5	1.3802973433028734E-5	1.3802973433028734E-5	1.5644851611346107E-5	-0.4709916465215986	23408.835883489468	-20652.89897435683	-20652.898974356838	82140.2112197793	3469.855917525641	-4333.442672537795
6290000	-5522.164428797531	-1167.8954325414754	-4354.268996256056	765.0	5.005863959107985E-5	1.196709026015952E-5	1.196709026015952E-5	1.2908966171059284E-5	-0.4707640753626873	25664.2529601071	-23791.71403529719	-23791.714035297195	99521.33829156082	3445.026356805378	-4354.268996256056
6300000	-5225.434433332048	-985.9000469451755	-4239.534386386872	547.0	4.99077069775081E-5	1.3219286179195562E-5	1.3219286179195562E-5	1.685789791730711E-5	-0.4557456021119162	25289.774075271416	-19831.224660874977	-19831.224660874977	74870.22642249124	3258.9772289134976	-4239.534386386872
6310000	-5360.847215149317	-1112.053194449439	-4248.794020699878	763.0	5.216695873299971E-5	8.018473916522767E-6	8.018473916522767E-6	1.4090427934868213E-5	-0.29575484639933625	21006.69706116612	-11954.331922058223	-11954.331922058222	77773.04591258525	3465.800885560541	-4248.794020699878
6320000	-5433.772762912815	-1166.4313301172062	-4267.341432795609	861.0	5.6546797066443206E-5	1.3068242917818037E-5	1.3068242917818037E-5	1.671255920749473E-5	-0.4251005961503207	21585.127055757624	-16878.30572651666	-16878.30572651666	73033.08751947193	3299.1089198508603	-4267.341432795609
6330000	-5447.915094106538	-1172.1142266320103	-4275.800867474528	49.0	5.9714853097473195E-5	1.0877564444842018E-5	1.0877564444842018E-5	1.59655402313064E-5	-0.3522886664327196	19119.068411573862	-13026.110971455719	-13026.110971455722	71509.78576465326	3421.123848744512	-4275.800867474528
6340000	-5447.991211910756	-1196.8387664881047	-4251.152445422651	572.0	5.277713866807067E-5	1.2990443568789024E-5	1.2990443568789024E-5	1.6231539503136204E-5	-0.4438346491395154	23595.694810501805	-18884.13245354621	-18884.13245354621	76721.82030193218	3538.4218553971014	-4251.152445422651
6350000	-5324.530873168021	-1024.9141071258352	-4299.616766042185	140.0	4.302294111005151E-5	8.920552236960824E-6	8.920552236960824E-6	1.4686797735921552E-5	-0.3548772309333202	26592.403340069588	-16151.84789542126	-16151.847895421264	77898.76482579362	3312.0241142094396	-4299.616766042185
6360000	-5377.464395953675	-1072.1631313326839	-4305.301264620991	416.0	4.8142521513647765E-5	1.1281077301047114E-5	1.1281077301047114E-5	1.468134824116671E-5	-0.42432946370088337	25333.00486230936	-19465.758963347318	-19465.758963347318	83071.03077694941	3330.1953617093664	-4305.301264620991
6370000	-5370.065973015283	-1015.9999263429665	-4354.066046672317	688.0	4.460136546370092E-5	1.1520210258567491E-5	1.1520210258567491E-5	1.2371604671188993E-5	-0.4904258023409514	29521.203287548185	-27489.600419456663	-27489.600419456663	106428.06747797604	3633.3101917980825	-4354.066046672317
6380000	-5330.228471972025	-1084.8273678811872	-4245.401104090837	215.0	5.2748778234579865E-5	1.2136882729596237E-5	1.2136882729596237E-5	1.7165430491705555E-5	-0.4033421448416681	22641.159510428904	-16008.51769915936	-16008.517699159358	69575.50540701284	3327.3787920653663	-4245.401104090837
6390000	-5326.2481184602975	-1068.3428726171544	-4257.905245843143	758.0	5.137145206421883E-5	1.3247771308427762E-5	1.3247771308427762E-5	1.6903865768097727E-5	-0.44956126431241417	24396.784755892997	-19120.065761346767	-19120.065761346763	74142.70059892112	3397.285262435766	-4257.905245843143
6400000	-5416.8203635186965	-1106.4133115979444	-4310.407051920753	547.0	5.6715205773371624E-5	1.0875777209573165E-5	1.0875777209573165E-5	1.372420257861074E-5	-0.38982257548416666	20791.460168172467	-16476.242415947214	-16476.242415947214	85920.61615328674	3325.026490398943	-4310.407051920753
6410000	-5389.255105454371	-1075.5227168112494	-4313.732388643121	56.0	4.21761389396062E-5	9.343634557105725E-6	9.343634557105725E-6	1.393451028911372E-5	-0.38542206977024945	27846.724526136208	-18672.318738598366	-18672.318738598366	84284.79352767843	3534.372696621557	-4313.732388643121
6420000	-5470.008054873788	-1095.0673691177033	-4374.940685756084	73.0	5.2795158526882083E-5	1.020850934110147E-5	1.020850934110147E-5	1.3879245874236134E-5	-0.3771224152959395	22081.60577325355	-16241.536524777894	-16241.536524777892	83996.05338003983	3582.3014614333097	-4374.940685756084
6430000	-5372.260627045692	-1090.6568313792657	-4281.603795666426	693.0	4.800151676911712E-5	9.832182323377841E-6	9.832182323377841E-6	1.3112931843036132E-5	-0.3918975433529846	24612.79946093365	-18454.876047964273	-18454.87604796427	90098.21146034214	3489.0065289192544	-4281.603795666426
6440000	-5332.296278870219	-1092.4388611245288	-4239.85741774569	641.0	5.526697707478995E-5	1.3702694061260691E-5	1.3702694061260691E-5	1.6541136589409653E-5	-0.45320055400376796	22770.924777906614	-18863.45681489659	-18863.456814896592	76081.84424751466	3346.652696872596	-4239.85741774569
6450000	-5232.278943224035	-1020.7439196256269	-4211.535023598408	289.0	4.611773162826365E-5	1.1160192734339015E-5	1.1160192734339015E-5	1.631493254809325E-5	-0.40686008425515363	25985.076709877907	-17775.03299164506	-17775.03299164506	73452.51293644171	3338.576119016223	-4211.535023598408
6460000	-5428.597923983665	-1098.3523382925243	-4330.245585691141	922.0	4.5289788009092406E-5	1.2788447134741152E-5	1.2788447134741152E-5	1.4044393392074358E-5	-0.5070679669401779	29722.12331095299	-27064.166609636617	-27064.166609636617	95846.69315036498	3581.5196679095197	-4330.245585691141
6470000	-5334.362280695587	-1103.0915451134554	-4231.270735582132	602.0	6.090160472381722E-5	1.6864357863725337E-5	1.6864357863725337E-5	1.8372784158943945E-5	-0.5041594996230786	22015.845851661757	-20208.320083828705	-20208.320083828705	72977.52643905568	3456.5073385754504	-4231.270735582132
6480000	-5424.62415735268	-1133.8420239142501	-4290.78213343843	430.0	4.938649627216469E-5	1.0124121019091709E-5	1.0124121019091709E-5	1.5075586377023445E-5	-0.3710360544478066	23481.03074880048	-15768.859068472702	-15768.8590684727	76922.10495438003	3339.60469921974	-4290.78213343843
6490000	-5389.156651905327	-1096.7685693815342	-4292.388082523792	528.0	4.926823307987987E-5	1.0692266642051267E-5	1.0692266642051267E-5	1.358970251284374E-5	-0.41321997966043206	24476.421650744684	-19257.84810121457	-19257.848101214575	88737.0452525058	3513.90442614734	-4292.388082523792
6500000	-5277.804969427274	-992.6930304692326	-4285.111938958042	383.0	5.270911976873935E-5	1.3727026527930668E-5	1.3727026527930668E-5	1.536531331526856E-5	-0.48235066425853895	24724.50599458209	-22088.319496899054	-22088.319496899057	84814.86325412843	3465.135747402418	-4285.111938958042
6510000	-5416.895010410028	-1111.9521791444427	-4304.9428312655855	437.0	4.865601446856357E-5	1.070987169013791E-5	1.070987169013791E-5	1.3841067765528567E-5	-0.4126968978000277	24771.492945629205	-19167.56102311546	-19167.561023115464	87080.1400288085	3340.07763965479	-4304.9428312655855
6520000	-5511.493658952624	-1148.998920722044	-4362.49473823058	609.0	5.7067971025507425E-5	1.486898941897792E-5	1.486898941897792E-5	1.8307706474384208E-5	-0.46001105201017395	22226.268345945566	-18051.53197762007	-18051.531977620067	69282.73837830569	3190.661820916628	-4362.49473823058
6530000	-5466.504492948384	-1103.0834343003282	-4363.421058648056	252.0	4.027918670611059E-5	7.594036305901904E-6	7.594036305901904E-6	1.2572845082921524E-5	-0.3374547459559908	28017.195688149368	-16922.470597714957	-16922.470597714957	89757.71582818036	3376.1627778311245	-4363.421058648056
6540000	-5554.68706218757	-1182.0106760194622	-4372.6763861681075	441.0	5.140377380781439E-5	1.1151288841954654E-5	1.1151288841954654E-5	1.3906137712519292E-5	-0.4170847397463255	23550.69618639176	-18885.230466770423	-18885.230466770423	87054.70093913826	3383.5731731135947	-4372.6763861681075
6550000	-5548.106830583684	-1130.3347293580819	-4417.7721012256025	762.0	4.3661888361928474E-5	1.0459200393048148E-5	1.0459200393048148E-5	1.2045850856828947E-5	-0.45606682866840914	28918.158402083947	-25109.12822350246	-25109.128223502456	104817.9509103383	3535.120869924601	-4417.7721012256025
6560000	-5419.796671309057	-1120.1944794630595	-4299.602191845998	712.0	5.019636158555661E-5	1.1285174808233115E-5	1.1285174808233115E-5	1.354995789921475E-5	-0.43271624353601623	24511.34981036164	-20414.44478670396	-20414.44478670396	90803.27682068152	3401.048743567163	-4299.602191845998
6570000	-5502.255952210176	-1163.7935042781162	-4338.462447932059	686.0	4.647141790384779E-5	1.2211828340243511E-5	1.2211828340243511E-5	1.4679260910392236E-5	-0.46755815282687585	27538.89914585079	-22909.89383602573	-22909.89383602573	87182.29743520194	3422.989025853243	-4338.462447932059
6580000	-5565.663521833251	-1141.8141420565146	-4423.849379776737	510.0	4.708136803143936E-5	1.2405849352624994E-5	1.2405849352624994E-5	1.2501020258094875E-5	-0.511362924282779	28760.454569167447	-28541.499760154908	-28541.499760154904	108317.68274638592	3722.8989527375825	-4423.849379776737
6590000	-5353.3066949887325	-1032.1151765856669	-4321.191518403066	838.0	5.2226088758642E-5	1.3318750452978638E-5	1.3318750452978638E-5	1.3674646302624516E-5	-0.4983812322624524	25475.129233010273	-24812.114441799138	-24812.114441799135	97294.38926736404	3526.084575692069	-4321.191518403066
6600000	-5268.5360705980465	-1045.8935054083815	-4222.642565189665	692.0	4.7296038314491705E-5	1.2785518258319622E-5	1.2785518258319622E-5	1.596418849773335E-5	-0.46529944135140394	26985.981227937667	-21612.73376078315	-21612.73376078315	79949.56976935668	3503.5928345051043	-4222.642565189665
6610000	-5330.1322768448545	-1042.4509209409214	-4287.681355903933	67.0	4.738991779894541E-5	1.0593705433314299E-5	1.0593705433314299E-5	1.4721682252756802E-5	-0.4010755569342123	25146.668139564077	-18095.513157130245	-18095.513157130245	80948.52990242619	3502.297437824504	-4287.681355903933
6620000	-5529.553906219276	-1188.7361438194857	-4340.81776239979	861.0	5.0273216457083714E-5	1.1835637477381145E-5	1.1835637477381145E-5	1.625329943963573E-5	-0.41404977219521855	24007.000654867155	-17481.875463227636	-17481.87546322764	74256.25454634067	3398.084932265964	-4340.81776239979
6630000	-5366.33311974011	-1102.9539497789965	-4263.379169961114	997.0	5.6172734288276264E-5	1.3137307979143964E-5	1.3137307979143964E-5	1.49262606170844E-5	-0.45369927884610456	22416.514551065524	-19729.834754408446	-19729.834754408446	84361.17711257312	3223.816158680126	-4263.379169961114
6640000	-5200.426186670462	-958.671144416239	-4241.755042254223	560.0	4.829120641765142E-5	1.1060682052862743E-5	1.1060682052862743E-5	1.4133605245923424E-5	-0.42337128831279275	25230.01336487477	-19744.513247874067	-19744.513247874067	86205.02427536616	3319.8489011388037	-4241.755042254223
6650000	-5309.981005852751	-989.8521122218657	-4320.128893630886	448.0	4.5409339366499886E-5	1.016006928470517E-5	1.016006928470517E-5	1.2399021732638063E-5	-0.42818393313468134	26965.862726153337	-22096.50402486024	-22096.50402486024	98757.95351008044	3388.0332885368753	-4320.128893630886
6660000	-5444.661050446167	-1097.7823649658785	-4346.878685480288	858.0	3.8750921409863874E-5	6.9159731960282216E-6	6.9159731960282216E-6	1.2532463535191042E-5	-0.31382971314120023	28625.09779337334	-15796.607627603105	-15796.607627603105	88510.04527768362	3608.6539690947243	-4346.878685480288
6670000	-5360.71670036724	-1019.116776998309	-4341.599923368931	924.0	4.197292370600356E-5	1.0359419488574751E-5	1.0359419488574751E-5	1.2890409620281886E-5	-0.44536640022053753	29719.85237062716	-23884.45572446493	-23884.45572446493	96771.87404062836	3394.7199034642795	-4341.599923368931
6680000	-5305.743234617566	-1107.246981876272	-4198.496252741294	515.0	5.1015807863406114E-5	1.2540192720754557E-5	1.2540192720754557E-5	1.760975795085263E-5	-0.4183840633145895	23761.020593091227	-16920.6060816273	-16920.6060816273	68836.13418189465	3411.4526219442964	-4198.496252741294
6690000	-5394.059593910415	-1056.8867520065382	-4337.172841903876	329.0	4.902615753486873E-5	1.0110246031081092E-5	1.0110246031081092E-5	1.2685267706820722E-5	-0.40541328645035063	24409.16304255659	-19454.271638297938	-19454.271638297934	94336.79290624904	3404.945228033547	-4337.172841903876
6700000	-5345.568208190557	-1074.4815468061515	-4271.0866613844055	77.0	4.99818094516555E-5	1.0955370184595398E-5	1.0955370184595398E-5	1.4247460523906572E-5	-0.4105370323922333	24062.846833043364	-18502.763654538394	-18502.76365453839	84415.36814616634	3462.983220896707	-4271.0866613844055
6710000	-5428.36686320679	-1179.2668256756385	-4249.100037531151	74.0	5.566409591954229E-5	1.286153913131063E-5	1.286153913131063E-5	1.6304294291214416E-5	-0.42692772651976885	21969.16074925529	-17330.233103732477	-17330.233103732477	75004.37917618718	3442.9993556640197	-4249.100037531151
6720000	-5235.417957068427	-1026.7504244122792	-4208.667532656148	595.0	4.96085652309525E-5	1.3045318269139198E-5	1.3045318269139198E-5	1.5781881748114973E-5	-0.4662264983372464	25756.405817919393	-21290.26922939653	-21290.269229396534	80962.35661414426	3432.089019029473	-4208.667532656148
6730000	-5346.71692501412	-1163.4340267699633	-4183.282898244156	36.0	5.926191813352991E-5	1.6324065043576673E-5	1.6324065043576673E-5	1.8137799118693678E-5	-0.49790692964397515	22436.506645457845	-20192.912681098904	-20192.912681098907	73307.15327281039	3351.306494652583	-4183.282898244156
6740000	-5352.410698907542	-1009.541037546103	-4342.869661361438	743.0	4.353126131043061E-5	1.1530645786884691E-5	1.1530645786884691E-5	1.1729766986605626E-5	-0.5102797254841098	31059.415063171175	-30532.159236429565	-30532.159236429572	115267.03938858793	3588.1771846553106	-4342.869661361438
6750000	-5177.556078260957	-964.3801443551345	-4213.175933905823	70.0	3.915265648285959E-5	7.838109647660412E-6	7.838109647660412E-6	1.3804910682334285E-5	-0.33714282146643104	28816.484997164967	-16361.335054269848	-16361.33505426985	81727.57970692654	3346.6861106482775	-4213.175933905823
6760000	-5492.55481368691	-1129.5238927719208	-4363.030920914989	346.0	4.964926810452592E-5	1.1205070309475883E-5	1.1205070309475883E-5	1.3238172571092637E-5	-0.43706309969971796	24897.26224909909	-21073.57133444508	-21073.57133444508	93376.245235953	3395.2816235978007	-4363.030920914989
6770000	-5385.572112908021	-1089.1424082765311	-4296.4297046314905	303.0	4.935037952151988E-5	1.147959913769931E-5	1.147959913769931E-5	1.4965504307734719E-5	-0.42241156145034586	24664.126433777226	-18919.127529498735	-18919.127529498735	81332.64172357839	3321.6719583813924	-4296.4297046314905
6780000	-5368.819532090181	-1019.1425735313595	-4349.676958558822	207.0	3.544863115098701E-5	9.237620583057112E-6	9.237620583057112E-6	1.3448765846612893E-5	-0.4230767598062928	34360.0803052786	-23601.078989971134	-23601.078989971134	90567.25553496607	3571.3756774380813	-4349.676958558822
6790000	-5361.0449737321	-1172.213200605887	-4188.831773126212	737.0	5.565011051107057E-5	1.3976881362320044E-5	1.3976881362320044E-5	1.872225906037403E-5	-0.43301021137533763	22116.14590343088	-16510.547497885032	-16510.547497885036	65738.11203210117	3362.0666459983486	-4188.831773126212
6800000	-5347.643521780248	-1062.1057257530135	-4285.537796027234	426.0	4.525710261905414E-5	1.0478713391409021E-5	1.0478713391409021E-5	1.586151354839492E-5	-0.3911040158200772	26086.183149632907	-17233.515317866237	-17233.515317866237	74430.79527942305	3429.1201699262974	-4285.537796027234
6810000	-5377.165053242351	-1067.0977532524266	-4310.067299989924	264.0	5.038998810538235E-5	1.1888879236139094E-5	1.1888879236139094E-5	1.402752312843606E-5	-0.44717579833193233	24805.46688564305	-21023.611759486525	-21023.611759486525	89106.76317347599	3531.016483470931	-4310.067299989924
6820000	-5392.66907728857	-1048.7412935000896	-4343.927783788481	380.0	4.334297310058187E-5	8.851281468457468E-6	8.851281468457468E-6	1.2077134230441903E-5	-0.3868698237544494	27132.693681691682	-19885.43839884962	-19885.43839884962	97375.05520370952	3529.967303025321	-4343.927783788481
6830000	-5497.388318074367	-1082.7595841349453	-4414.628733939422	564.0	4.419721859156895E-5	1.2276008355232105E-5	1.2276008355232105E-5	1.4866387987894213E-5	-0.4789133839401128	29359.753355240886	-24243.991061580226	-24243.991061580226	87285.45480534952	3545.8859589682233	-4414.628733939422
6840000	-5394.802880769918	-1073.9041255644615	-4320.898755205457	57.0	5.080232602387927E-5	1.2235049069768433E-5	1.2235049069768433E-5	1.480720454622181E-5	-0.4460950240690334	24574.478164676402	-20305.65224314992	-20305.652243149925	84313.05501936511	3333.443199538984	-4320.898755205457
6850000	-5314.044921673009	-1105.6698688175645	-4208.375052855445	141.0	5.5350292541624446E-5	1.287325377088709E-5	1.287325377088709E-5	1.702100324035786E-5	-0.41940711438331	21923.0710774014	-16580.76515416078	-16580.76515416078	71291.23826660415	3378.14196003653	-4208.375052855445
6860000	-5435.966894133957	-1062.8368307337637	-4373.130063400194	612.0	4.528848372500363E-5	1.0196924300594462E-5	1.0196924300594462E-5	1.3521537476448876E-5	-0.4120617160424121	26596.641560858137	-20057.18218941331	-20057.18218941331	89081.70173448494	3429.475785802579	-4373.130063400194
6870000	-5349.554030452073	-1073.3571465694329	-4276.19688388264	322.0	4.5989841692766235E-5	1.1264619298711442E-5	1.1264619298711442E-5	1.6198417838596635E-5	-0.41271405854383225	26208.020124413993	-18225.444745044842	-18225.444745044842	74408.66809415836	3319.7324599654517	-4276.19688388264
6880000	-5328.803860408534	-1098.2774106402517	-4230.526449768283	671.0	5.3097285559449097E-5	1.2357254164204642E-5	1.2357254164204642E-5	1.6043394748143057E-5	-0.4233871616547904	22946.70477763575	-17674.455289522455	-17674.45528952246	75944.50896170367	3432.1213779580403	-4230.526449768283
6890000	-5282.127336991291	-1032.182632899569	-4249.944704091721	272.0	4.419094031311445E-5	1.1976305316073266E-5	1.1976305316073266E-5	1.4542885901882222E-5	-0.47242289790402087	29130.52130386791	-23989.462580212174	-23989.462580212177	88517.85931033987	3551.469328004179	-4249.944704091721
6900000	-5579.02301592589	-1165.3583718026198	-4413.664644123271	365.0	5.9323480907325167E-5	1.4959742335214171E-5	1.4959742335214171E-5	2.0681761656439566E-5	-0.4270876722985591	20617.431106261956	-14913.210106919203	-14913.210106919201	59138.95541918664	3359.230808411207	-4413.664644123271
6910000	-5520.679517947085	-1160.2719172673642	-4360.40760067972	663.0	5.245209259014195E-5	1.1697739721123233E-5	1.1697739721123233E-5	1.3529082077258383E-5	-0.43912319593454385	23619.55592585815	-20422.332865704124	-20422.332865704124	91572.74139416005	3508.5379904375422	-4360.40760067972
6920000	-5320.206887662147	-1118.6721573521813	-4201.534730309965	668.0	5.291925102182528E-5	1.3844913124553035E-5	1.3844913124553035E-5	1.766817603457708E-5	-0.452780309151736	23769.751961907114	-18626.153048324853	-18626.15304832485	71194.52898459848	3316.545943995322	-4201.534730309965
6930000	-5472.336399986068	-1173.3141558579912	-4299.022244128077	543.0	5.332348050498623E-5	1.2208428268879408E-5	1.2208428268879408E-5	1.3542885015122167E-5	-0.4543022794656219	23630.596621495897	-21302.140827617022	-21302.140827617026	93042.63137880323	3497.2284579882953	-4299.022244128077
6940000	-5353.2005064001205	-1064.235612618075	-4288.964893782046	515.0	4.5814226825272614E-5	9.727358946795384E-6	9.727358946795384E-6	1.272019799713209E-5	-0.4029469059984911	26058.262186540895	-19927.211028895763	-19927.211028895763	93853.81695754838	3585.1850139131334	-4288.964893782046
6950000	-5439.354195465114	-1083.6455732999718	-4355.708622165142	146.0	4.6343807039132266E-5	1.3049885889662429E-5	1.3049885889662429E-5	1.5081599988316286E-5	-0.49361363958422677	28529.096792596272	-24685.806410920442	-24685.806410920442	87666.22624794957	3579.686737896785	-4355.708622165142
6960000	-5323.436465640404	-1096.608832673485	-4226.827632966919	718.0	4.957965599029508E-5	1.2098508943577368E-5	1.2098508943577368E-5	1.755170141153608E-5	-0.41012900488381077	24248.26130819609	-16714.493907160006	-16714.493907160006	68495.94952845825	3273.710321849373	-4226.827632966919
6970000	-5442.609587769263	-1115.6308709446057	-4326.978716824658	859.0	4.3566028368969896E-5	1.0617922930946754E-5	1.0617922930946754E-5	1.4335403557938239E-5	-0.42487445655407324	28009.978301368035	-20746.384271597777	-20746.384271597777	85123.76399867015	3443.942552847985	-4326.978716824658
6980000	-5415.566657886582	-1133.865559196439	-4281.701098690143	709.0	5.262099058845248E-5	1.1604526466395346E-5	1.1604526466395346E-5	1.6410038631505063E-5	-0.3949054359578429	22515.05242180993	-15921.749338210348	-15921.74933821035	72197.53640993792	3503.169164676303	-4281.701098690143
6990000	-5505.061365625356	-1143.7229654893717	-4361.338400135985	295.0	5.262105991630092E-5	1.304321271514767E-5	1.304321271514767E-5	1.3288400288208405E-5	-0.4932515177431174	25113.947784033902	-24650.564097992676	-24650.564097992676	99449.33343490315	3679.223888926415	-4361.338400135985
7000000	-5394.180196269322	-1143.8866534534675	-4250.293542815854	121.0	6.052758162201299E-5	1.3057474608287664E-5	1.3057474608287664E-5	1.7651546921650598E-5	-0.3994764145033621	19658.52935547163	-14542.110616973916	-14542.110616973916	67409.57296340921	3276.1306025676136	-4250.293542815854
7010000	-5387.07483354305	-1070.9637273611368	-4316.111106181913	582.0	4.734516160564083E-5	1.2172658943277979E-5	1.2172658943277979E-5	1.4360131484236521E-5	-0.4668404125331629	27007.495156156863	-22893.455245100646	-22893.455245100646	89043.35062220297	3540.7677756971493	-4316.111106181913
7020000	-5363.554853429486	-987.187807601743	-4376.367045827743	309.0	3.8062085503599016E-5	8.952819108158505E-6	8.952819108158505E-6	1.2313590531790618E-5	-0.4135434680631743	31692.932347349713	-23042.920712718085	-23042.92071271808	97964.85417882304	3572.7841218416775	-4376.367045827743
7030000	-5300.281102623114	-947.815554994976	-4352.465547628138	586.0	4.104047291103966E-5	9.439423684486712E-6	9.439423684486712E-6	1.2170601559337127E-5	-0.4223604841288615	29656.580217488914	-23001.41240685657	-23001.412406856572	100004.92343093507	3395.9800795423125	-4352.465547628138
7040000	-5293.835654455881	-991.8334063989898	-4302.002248056891	359.0	4.749520226421201E-5	9.903788530813126E-6	9.903788530813126E-6	1.3149975943311648E-5	-0.39629081684758843	24977.36352478288	-18811.481288869778	-18811.481288869778	90213.46789913283	3522.6144927541877	-4302.002248056891
7050000	-5367.468756990004	-1141.6007308513708	-4225.8680261386335	364.0	5.567999613984177E-5	1.1498271304662339E-5	1.1498271304662339E-5	1.7859833050031392E-5	-0.3646231646027073	20713.65254665247	-13335.577999230034	-13335.577999230034	64577.09266423439	3155.3449853949714	-4225.8680261386335
7060000	-5378.6611035224305	-1081.3767380252318	-4297.284365497198	321.0	5.8363408971286236E-5	1.0605355377162452E-5	1.0605355377162452E-5	1.630512084335326E-5	-0.3437897226414545	19430.54606828918	-12638.228701661936	-12638.228701661936	69550.72075907153	3450.887218991577	-4297.284365497198
7070000	-5482.717717299984	-1120.4231086071488	-4362.294608692835	447.0	4.302063836680797E-5	1.1393480519362953E-5	1.1393480519362953E-5	1.4094482425604197E-5	-0.46269352576093337	29576.565198163164	-23908.648025469778	-23908.648025469778	90276.65416156284	3720.1968948878393	-4362.294608692835
7080000	-5356.944495695518	-1056.494522615921	-4300.449973079597	37.0	5.183825058698779E-5	1.0569162893278327E-5	1.0569162893278327E-5	1.3704476975650074E-5	-0.39653743241429673	22890.05025166231	-17653.25814148187	-17653.25814148187	86583.39628741126	3483.3517244805626	-4300.449973079597
7090000	-5419.923935960182	-1065.7815322378672	-4354.142403722314	11.0	4.266024032867733E-5	1.0386498728321762E-5	1.0386498728321762E-5	1.3138773956480343E-5	-0.43871259517522976	29028.01639962719	-22947.305160975437	-22947.30516097544	94250.96740187879	3596.111650519865	-4354.142403722314
7100000	-5425.477584078677	-1127.9020695652655	-4297.575514513412	120.0	5.151720012166782E-5	1.2269710025286652E-5	1.2269710025286652E-5	1.444776854883961E-5	-0.4497361370624557	24332.559331931363	-20664.32931609077	-20664.329316090767	86763.94035092318	3454.950766469282	-4297.575514513412
7110000	-5477.80941069049	-1163.7019023343714	-4314.107508356118	837.0	4.925921025531243E-5	1.1618835969419175E-5	1.1618835969419175E-5	1.489399986902281E-5	-0.4289564725509074	24878.508596497388	-19407.76910759118	-19407.769107591183	82281.16668258484	3566.1719110348045	-4314.107508356118
7120000	-5381.839450081388	-1104.4290732645236	-4277.410376816865	909.0	5.402340312472214E-5	1.2426253426591533E-5	1.2426253426591533E-5	1.4465379815231266E-5	-0.44451284649339073	23068.67408575442	-19816.775920615273	-19816.775920615273	86153.85808088563	3291.34565977527	-4277.410376816865
7130000	-5389.4960629348025	-1130.9571006121137	-4258.538962322688	561.0	4.918775783827436E-5	1.2438430223308017E-5	1.2438430223308017E-5	1.734205976103646E-5	-0.425879486603191	24834.595352640765	-17812.381324618953	-17812.381324618953	70439.04121249668	3502.23355394637	-4258.538962322688
7140000	-5341.373470275331	-1101.718735151873	-4239.654735123458	189.0	5.4873928931063115E-5	1.3112973065150782E-5	1.3112973065150782E-5	1.572782924757988E-5	-0.4463584370035037	22757.750101432986	-18974.122837036957	-18974.122837036954	79401.11391335762	3341.7717728955613	-4239.654735123458
7150000	-5352.437111737152	-1052.697834501414	-4299.739277235738	848.0	4.55459237519336E-5	1.0501594129499215E-5	1.0501594129499215E-5	1.4207655242377244E-5	-0.41282811543021225	26466.462910694652	-19562.696784937914	-19562.696784937918	84844.36602307232	3454.5728868137976	-4299.739277235738
7160000	-5347.993460149447	-1088.0079621142434	-4259.985498035204	790.0	4.800792080887327E-5	1.1099774962844427E-5	1.1099774962844427E-5	1.609957459143606E-5	-0.3992551483359032	24779.933211767304	-17084.406838379546	-17084.406838379546	73892.20532028851	3264.1972415490527	-4259.985498035204
7170000	-5425.993875747319	-1125.1280980049746	-4300.865777742345	561.0	4.918605365356747E-5	1.1665199668229107E-5	1.1665199668229107E-5	1.4761091037541268E-5	-0.4329242944862977	25020.370307063262	-19772.767112039957	-19772.767112039957	83371.43055519885	3498.017753769463	-4300.865777742345
7180000	-5213.819362255679	-1026.1851456151774	-4187.634216640502	660.0	5.4565795690083886E-5	9.737790496682849E-6	9.737790496682849E-6	1.6492554136405667E-5	-0.32460575949118303	20484.97864509294	-12095.059911588125	-12095.059911588125	67774.77583029342	3234.4133946332863	-4187.634216640502
7190000	-5235.3374806416805	-1006.0805113418016	-4229.256969299879	564.0	4.965153795194413E-5	1.0023185667912643E-5	1.0023185667912643E-5	1.4337453187405427E-5	-0.37566731958506533	23449.72780519438	-16393.495593760403	-16393.495593760403	81207.94082906912	3329.3766650557786	-4229.256969299879
7200000	-5307.92865854864	-1091.6808077389778	-4216.247850809662	494.0	5.9979450782627476E-5	1.236945201392241E-5	1.236945201392241E-5	1.6809266809825482E-5	-0.3895604263069368	19655.196849015727	-14463.68940410811	-14463.689404108109	70134.40415731214	3292.7837976178894	-4216.247850809662
7210000	-5510.034007711344	-1069.284204334882	-4440.749803376462	896.0	5.195765099932252E-5	1.157524917414161E-5	1.157524917414161E-5	1.1769886158259184E-5	-0.4680793298006527	24646.434497307822	-24238.85980921782	-24238.859809217818	108800.61410705987	3542.7302493048046	-4440.749803376462
7220000	-5417.606839027029	-1105.7368941344814	-4311.869944892548	449.0	4.631468587792855E-5	1.00974178236357E-5	1.00974178236357E-5	1.3561397326693856E-5	-0.40290137158619777	25775.557281702317	-19191.722301219128	-19191.722301219128	88028.30638114126	3516.042588210335	-4311.869944892548
7230000	-5471.94204854754	-1164.2999156493916	-4307.642132898149	949.0	5.394514382913405E-5	1.1820071415477868E-5	1.1820071415477868E-5	1.56829876423963E-5	-0.4063773769074643	22204.210164298125	-16735.03517638309	-16735.03517638309	76376.34730306795	3468.095882821538	-4307.642132898149
7240000	-5207.3665454419715	-1053.137454840988	-4154.229090600984	929.0	5.983855762959559E-5	1.3196932782623373E-5	1.3196932782623373E-5	1.9279695197193892E-5	-0.3885369839009495	19682.997507920943	-13472.992825653319	-13472.992825653319	61090.29051830341	3165.5206171660534	-4154.229090600984
7250000	-5375.994917127911	-1027.3743546975359	-4348.620562430376	141.0	4.320433383097266E-5	9.866383342722993E-6	9.866383342722993E-6	1.1869167963110811E-5	-0.43569662005325005	28569.152507054252	-23748.438920687073	-23748.438920687073	103993.06893448313	3485.6113961863357	-4348.620562430376
7260000	-5563.766250518307	-1146.2586215771153	-4417.507628941192	39.0	5.517316978011205E-5	1.2166168765915514E-5	1.2166168765915514E-5	1.4866227022394373E-5	-0.42480487157653857	22115.739916245155	-18098.998743851887	-18098.99874385189	82078.35595230058	3501.0526942118054	-4417.507628941192
7270000	-5396.283362821342	-1116.3131113541576	-4279.970251467184	241.0	5.058917613238395E-5	1.2137923485226636E-5	1.2137923485226636E-5	1.5663337208233835E-5	-0.43119472888573207	24281.75388208629	-18816.556573457143	-18816.556573457143	78424.78953324993	3349.594843816458	-4279.970251467184
7280000	-5474.839273110294	-1147.7452306573073	-4327.094042452986	419.0	4.389853334443516E-5	9.189543630850676E-6	9.189543630850676E-6	1.2804914636018563E-5	-0.387597167793056	26807.072819783876	-19238.298129677438	-19238.298129677438	91901.52480484507	3458.25952171577	-4327.094042452986
7290000	-5422.789726490729	-1091.788862604374	-4331.000863886355	536.0	4.8498180053721684E-5	1.094684982427194E-5	1.094684982427194E-5	1.4232286165229353E-5	-0.41666699999732765	24951.130929469986	-19191.314737469875	-19191.314737469875	85023.89751814825	3566.337963748064	-4331.000863886355
7300000	-5334.935382442383	-1129.2171222587117	-4205.718260183671	539.0	5.200687037332055E-5	1.4345195191385611E-5	1.4345195191385611E-5	1.8795241052007875E-5	-0.458830365607805	24355.72521215206	-18589.154096469985	-18589.154096469985	67392.85973782661	3297.8704842864126	-4205.718260183671
7310000	-5484.511783575911	-1172.834284202537	-4311.677499373374	590.0	5.2083569879333924E-5	1.1702788069668355E-5	1.1702788069668355E-5	1.59295865635444E-5	-0.4062905455154253	22995.89062730939	-16894.100384284877	-16894.10038428488	75187.64354914267	3367.792535152137	-4311.677499373374
7320000	-5363.170435857914	-1073.535841663981	-4289.634594193933	750.0	5.096783174436217E-5	1.2749689035369798E-5	1.2749689035369798E-5	1.5658372630795254E-5	-0.45131337181719416	24638.727174492164	-20061.861925822384	-20061.861925822384	80198.7876157078	3466.5900428871673	-4289.634594193933
7330000	-5342.639613180856	-1021.3456116098406	-4321.2940015710155	554.0	4.8465227104919815E-5	1.0854878377731383E-5	1.0854878377731383E-5	1.2382124745619243E-5	-0.4431107111572051	25674.454967348855	-22507.694907831865	-22507.69490783187	100493.11538618078	3526.2289944931304	-4321.2940015710155
7340000	-5408.59245905822	-1082.7668393720646	-4325.825619686155	775.0	4.701228472098838E-5	9.3196553186952E-6	9.3196553186952E-6	1.203268457083729E-5	-0.3918437333914707	25129.449666626482	-19463.471169938788	-19463.47116993878	98181.9838835004	3311.4232133768437	-4325.825619686155
7350000	-5272.538106847358	-1072.926630912053	-4199.611475935305	65.0	5.952915086521035E-5	1.6415742754268702E-5	1.6415742754268702E-5	1.918306918650914E-5	-0.48577666316999474	21986.950434712355	-18815.13947418418	-18815.139474184183	68230.19177840311	3259.0522883502026	-4199.611475935305
7360000	-5343.852113358881	-1138.4340641227511	-4205.41804923613	720.0	5.7188193585375305E-5	1.2482702068952828E-5	1.2482702068952828E-5	1.7519977485175196E-5	-0.3943561735015676	20706.304811032456	-14752.909021929494	-14752.909021929494	67588.90923079693	3308.9000680737213	-4205.41804923613
7370000	-5432.997322275642	-1168.3851931235763	-4264.612129152066	720.0	5.5453949840865634E-5	1.2796036030427517E-5	1.2796036030427517E-5	1.5910955153509842E-5	-0.43078550899463497	22142.009563213236	-17807.2246086651	-17807.2246086651	77170.84712061027	3513.6149038488843	-4264.612129152066
7380000	-5469.5441261347005	-1077.928284289694	-4391.615841845007	574.0	4.464696317737852E-5	9.29791656770359E-6	9.29791656770359E-6	1.0589394817949242E-5	-0.4276161630173595	27410.01403933012	-24067.09996545689	-24067.09996545689	115565.98923208324	3633.998183146861	-4391.615841845007
7390000	-5453.776913740759	-1092.755994262972	-4361.020919477786	293.0	4.2682781325565115E-5	9.456632094062642E-6	9.456632094062642E-6	1.296280814391816E-5	-0.4020319708710371	27945.469265899002	-20386.788002222413	-20386.78800222241	92016.3548263496	3466.0959239401664	-4361.020919477786
7400000	-5300.60702697712	-1056.1206238846735	-4244.486403092446	129.0	5.204025478135145E-5	1.0743962920747467E-5	1.0743962920747467E-5	1.5312286624800627E-5	-0.38060524495980735	22471.059176266826	-15766.961035636727	-15766.961035636727	76370.02058502004	3482.89769394959	-4244.486403092446
7410000	-5313.517309857368	-1046.3645414588875	-4267.1527683984805	253.0	4.6887219425584677E-5	9.63933824733058E-6	9.63933824733058E-6	1.423538804721736E-5	-0.3731086569759783	24776.978494717805	-16777.461609422455	-16777.461609422455	81608.14608857202	3395.3211926360423	-4267.1527683984805
7420000	-5476.786271384823	-1157.5478855998024	-4319.23838578502	329.0	5.8327811690044014E-5	1.105396366148513E-5	1.105396366148513E-5	1.4198450641681367E-5	-0.3841136254974975	20111.847941126285	-15657.739137669607	-15657.739137669609	82620.28787881171	3403.755955674351	-4319.23838578502
7430000	-5558.967303795139	-1135.984704351059	-4422.98259944408	247.0	4.6189948433387675E-5	1.0712924189553054E-5	1.0712924189553054E-5	1.2055562461788712E-5	-0.45398400741875666	27270.15018400969	-24233.050302298056	-24233.050302298056	104483.45606126568	3579.3857481144623	-4422.98259944408
7440000	-5385.946605299682	-1149.7167970299395	-4236.2298082697425	994.0	5.1673465699879685E-5	1.2531379116797892E-5	1.2531379116797892E-5	1.8163839944245665E-5	-0.4090357249854719	23240.69854769315	-16033.944657865237	-16033.944657865237	66116.38524297398	3362.654045723981	-4236.2298082697425
7450000	-5584.38716832907	-1202.1966491462456	-4382.190519182825	92.0	5.1675508406372525E-5	1.0781129991938931E-5	1.0781129991938931E-5	1.2376361385049494E-5	-0.42630989432964905	23649.61021454091	-20601.331364616795	-20601.33136461679	98745.14757828841	3678.749295184731	-4382.190519182825
7460000	-5447.674300122525	-1129.1842194580877	-4318.490080664437	90.0	4.583490071398948E-5	8.93469918012981E-6	8.93469918012981E-6	1.2127414606146515E-5	-0.37896375487380085	25476.156407754333	-18769.19369556775	-18769.193695567752	96285.7408150015	3360.3163941144057	-4318.490080664437
7470000	-5351.870774843089	-1088.538775006886	-4263.331999836203	50.0	5.238078471336765E-5	1.029742013461923E-5	1.029742013461923E-5	1.3485465539078E-5	-0.38744446447798403	22462.956823131495	-17152.57832243968	-17152.57832243968	87251.51549040031	3486.6800093627917	-4263.331999836203
7480000	-5597.822379920201	-1252.641346979572	-4345.181032940629	413.0	5.303823151867349E-5	1.2973192166667217E-5	1.2973192166667217E-5	1.5140896730329109E-5	-0.4578007872183617	23853.598343935908	-20438.50643023631	-20438.50643023631	83558.63553212541	3409.048466014417	-4345.181032940629
7490000	-5431.99090306608	-1060.380225333639	-4371.610677732441	601.0	4.1518702360189795E-5	1.1840026912738904E-5	1.1840026912738904E-5	1.4316403360016638E-5	-0.48563931831054163	31519.19235025093	-26067.167591618592	-26067.167591618592	91408.15139914573	3422.753908929215	-4371.610677732441
7500000	-5280.314738147638	-1016.2711231868617	-4264.043614960777	424.0	4.8008615879622575E-5	1.0057305206003735E-5	1.0057305206003735E-5	1.3205486146592976E-5	-0.39943382592667104	24783.781988143142	-18875.341418469652	-18875.341418469652	90101.5726573649	3524.5652220731213	-4264.043614960777
7510000	-5327.121572882493	-1119.036412672752	-4208.085160209741	871.0	6.266048367057734E-5	1.364310263519708E-5	1.364310263519708E-5	1.8429888461325228E-5	-0.4014716856176888	19025.550371899386	-14084.053571980798	-14084.0535719808	64685.697415036055	3322.545787006605	-4208.085160209741
7520000	-5368.137260034203	-1061.52911946336	-4306.608140570843	74.0	4.313892331299578E-5	9.300411128304361E-6	9.300411128304361E-6	1.4439357646788533E-5	-0.37264350802884466	26918.976391745193	-17338.551597690464	-17338.551597690468	80422.94447122552	3360.7609006809007	-4306.608140570843
7530000	-5607.759722893126	-1238.6245112290967	-4369.135211664029	850.0	4.713980399277546E-5	1.04560167239812E-5	1.04560167239812E-5	1.534870889025069E-5	-0.3887196172481772	24989.478817707135	-17023.60832496394	-17023.60832496394	76749.07002090443	3412.4914601094606	-4369.135211664029
7540000	-5441.817097698016	-1114.608394041364	-4327.208703656653	711.0	4.1033668941635034E-5	1.1502234841459051E-5	1.1502234841459051E-5	1.3081204352386049E-5	-0.49646448935142506	32341.72131762205	-28437.907072712078	-28437.907072712078	101450.86414064442	3692.518984153579	-4327.208703656653
7550000	-5411.2298937069945	-1118.1277803592454	-4293.102113347749	152.0	4.876514985308149E-5	1.1216389720676462E-5	1.1216389720676462E-5	1.4740122335799332E-5	-0.4183576985203957	24856.998287169714	-18914.753468358078	-18914.753468358078	82235.08725077944	3411.2683571500847	-4293.102113347749
7560000	-5419.403248470029	-1162.782009219837	-4256.621239250192	72.0	5.411465295948459E-5	1.2133765665310412E-5	1.2133765665310412E-5	1.6976698766593895E-5	-0.40032392232232833	22005.93825051421	-15728.31689176533	-15728.316891765331	70145.77615158733	3454.1270352904185	-4256.621239250192
7570000	-5469.293458002775	-1105.9711985284666	-4363.322259474308	186.0	4.298951806253378E-5	8.543803694131011E-6	8.543803694131011E-6	1.2635773838446078E-5	-0.36658023982741744	26872.66135938394	-18170.216270796387	-18170.216270796383	91426.35628556478	3418.2577255337274	-4363.322259474308
7580000	-5389.517120652088	-1029.889467942697	-4359.627652709391	460.0	4.0344464838616775E-5	8.98374761705736E-6	8.98374761705736E-6	1.2291782966979345E-5	-0.4034206468976836	29604.652017080534	-21637.27774292279	-21637.27774292279	97169.29151541193	3356.721650919892	-4359.627652709391
7590000	-5251.5828475735525	-1132.638804376246	-4118.944043197306	338.0	6.00330914316527E-5	1.516352766410685E-5	1.516352766410685E-5	2.331748516957027E-5	-0.40528827451266064	19931.37994517674	-12961.519176901953	-12961.519176901955	51315.240297410506	3234.1728085985574	-4118.944043197306
7600000	-5408.195472081643	-1170.4511742343143	-4237.744297847328	990.0	5.418672844514435E-5	1.2430425142135141E-5	1.2430425142135141E-5	1.7734643574953478E-5	-0.4009851457231389	21990.54264579825	-15413.436026398556	-15413.436026398555	67190.27409110825	3307.08602022585	-4237.744297847328
7610000	-5276.090068079553	-1016.363496817657	-4259.7265712618955	917.0	4.8558454488358764E-5	1.2289073577097201E-5	1.2289073577097201E-5	1.5608208775640094E-5	-0.4463856078583758	25718.384258053586	-20249.28811335159	-20249.288113351588	80012.06348917524	3263.725965293591	-4259.7265712618955
7620000	-5418.492517474441	-1100.3430050759025	-4318.149512398539	709.0	4.884735668103471E-5	1.218966565001502E-5	1.218966565001502E-5	1.4032626837745085E-5	-0.46558799283910873	26137.90812484109	-22705.111773913748	-22705.11177391375	90985.65335151412	3520.6973460540667	-4318.149512398539
7630000	-5310.102780683026	-1024.3296849637993	-4285.773095719227	611.0	4.5667405328179056E-5	1.092521320848292E-5	1.092521320848292E-5	1.3987213750189483E-5	-0.43227602242362984	26929.587714369627	-21034.31695909021	-21034.316959090207	87923.47206792409	3566.7795562667657	-4285.773095719227
7640000	-5309.582302129211	-1045.836158608372	-4263.746143520839	777.0	4.5510319744616746E-5	9.468929476684716E-6	9.468929476684716E-6	1.4558762058378654E-5	-0.36786097239890264	25411.80714238966	-16527.683380052284	-16527.683380052284	79436.6625198821	3448.276877559862	-4263.746143520839
7650000	-5487.724705164554	-1167.7114476788745	-4320.013257485679	244.0	5.129312500277648E-5	1.3385327622072753E-5	1.3385327622072753E-5	1.646609036670334E-5	-0.4605790490622858	24745.02882114969	-20115.298192368336	-20115.298192368336	77082.64853733177	3595.3621306126747	-4320.013257485679
7660000	-5424.0555851973695	-1085.2871240701345	-4338.768461127235	185.0	4.2191000250193586E-5	7.64740191223528E-6	7.64740191223528E-6	1.3181935495801566E-5	-0.3242757059215648	26486.967169418727	-15366.21715720274	-15366.21715720274	84775.99050820277	3552.919911492971	-4338.768461127235
7670000	-5358.960524729522	-1063.8211569868943	-4295.139367742628	702.0	4.2333997372578585E-5	8.934867790140097E-6	8.934867790140097E-6	1.5105738537403552E-5	-0.35332348846287054	26991.18892533131	-15964.972778350566	-15964.972778350566	75643.10200513713	3428.402685638838	-4295.139367742628
7680000	-5625.030707429712	-1106.0820141233926	-4518.948693306319	456.0	3.6145413174417484E-5	4.789366140767542E-6	4.789366140767542E-6	9.75363556138662E-6	-0.2550751675557441	29591.33902637133	-14530.35191861607	-14530.35191861607	109660.76892669943	3556.44564114052	-4518.948693306319
7690000	-5247.995645233721	-921.8172358886725	-4326.178409345049	998.0	3.963689117414265E-5	1.0149202845929131E-5	1.0149202845929131E-5	1.2922489379439187E-5	-0.44844485783859667	31579.809911348795	-24802.488685819433	-24802.488685819433	96864.11433603875	3403.485916995549	-4326.178409345049
7700000	-5380.316389363146	-1113.2173051200393	-4267.0990842431065	434.0	5.011238989723019E-5	1.3165072807578961E-5	1.3165072807578961E-5	1.7848032123841702E-5	-0.4402055748568818	24751.517370155685	-18257.224438814832	-18257.224438814832	69495.48725567434	3339.711924345452	-4267.0990842431065
7710000	-5367.1957746104545	-1033.1423431838048	-4334.05343142665	866.0	4.581669335067897E-5	1.0898395283171085E-5	1.0898395283171085E-5	1.3256275092686455E-5	-0.44222157853364064	27132.04692576735	-22306.09806835527	-22306.09806835527	93774.50794302985	3513.3159409453233	-4334.05343142665
7720000	-5371.75471420859	-1098.2290734916646	-4273.5256407169245	818.0	4.625532850018688E-5	1.1865555248713389E-5	1.1865555248713389E-5	1.6586046842219922E-5	-0.42838646158026594	26478.293927170685	-18942.407583509837	-18942.407583509834	73842.92323401263	3515.991467442613	-4273.5256407169245
7730000	-5353.288929452602	-1032.3109730842482	-4320.977956368354	238.0	4.629109902187741E-5	1.2170703234721846E-5	1.2170703234721846E-5	1.455891181991144E-5	-0.4688160476430771	27687.90864987029	-23146.051266468152	-23146.05126646815	88035.68129775499	3401.2236212437024	-4320.977956368354
7740000	-5538.342641175424	-1157.9132063241823	-4380.429434851242	819.0	4.369704998958028E-5	8.607367690686288E-6	8.607367690686288E-6	1.3742569422111415E-5	-0.3512451422208129	26105.56596099964	-16350.669085087657	-16350.669085087657	83007.4919591582	3388.2681076767976	-4380.429434851242
7750000	-5340.579011374341	-1032.7951800079993	-4307.7838313663415	708.0	4.333518262455469E-5	8.873726404420423E-6	8.873726404420423E-6	1.3700678966753281E-5	-0.3641788110960493	26604.375715451606	-17231.259255997982	-17231.259255997982	84149.51427145021	3476.660648088175	-4307.7838313663415
7760000	-5367.48042647512	-1026.878548020204	-4340.601878454916	935.0	4.2172594429409004E-5	9.129143164171246E-6	9.129143164171246E-6	1.3581571993481027E-5	-0.38145194885577094	27749.838142117096	-18652.64531260173	-18652.64531260173	86166.95254503448	3455.369146559335	-4340.601878454916
7770000	-5290.574009232331	-1003.3493437832919	-4287.224665449039	546.0	4.7655870901415746E-5	1.2516407502205453E-5	1.2516407502205453E-5	1.3299386145195898E-5	-0.49717088860568504	27873.519047978756	-26232.513224004066	-26232.51322400407	99879.55916284601	3417.76659347036	-4287.224665449039
7780000	-5406.975526629682	-1080.9937350245077	-4325.981791605174	352.0	5.0217296191780186E-5	1.0208110109855557E-5	1.0208110109855557E-5	1.2680433821303004E-5	-0.4045308315247211	23809.820280510194	-19167.582950592187	-19167.582950592187	94292.10499807428	3561.2716655568943	-4325.981791605174
7790000	-5448.63710529224	-1087.0555727315543	-4361.581532560686	88.0	5.508185227129435E-5	1.2049528900508206E-5	1.2049528900508206E-5	1.659784625227139E-5	-0.3985106488423838	21582.300907626362	-15668.090580747488	-15668.090580747488	71623.33547377045	3455.5032163038823	-4361.581532560686
7800000	-5480.407104481094	-1184.19221126371	-4296.214893217384	482.0	4.86251841430553E-5	9.567570485934089E-6	9.567570485934089E-6	1.3453359984534476E-5	-0.37407239422074284	23911.400875161802	-17004.97225626367	-17004.972256263674	86424.22948689044	3437.1709266719627	-4296.214893217384
7810000	-5212.372524212619	-981.201931861646	-4231.1705923509735	849.0	4.5212441518158555E-5	1.1302116760740558E-5	1.1302116760740558E-5	1.4834307414821969E-5	-0.4364124907680183	27321.309286295917	-20815.843906638333	-20815.843906638333	83270.69567615545	3424.2248834864304	-4231.1705923509735
7820000	-5245.569666309237	-1047.5112459138898	-4198.058420395347	774.0	5.174127452808411E-5	1.1717200514169531E-5	1.1717200514169531E-5	1.5854267698936807E-5	-0.4091025695770873	23211.765230906505	-17154.80731516846	-17154.80731516846	75752.87234328149	3469.04041077082	-4198.058420395347
7830000	-5410.971394675829	-1124.8884371123527	-4286.082957563476	206.0	5.019563723891878E-5	1.2210118115135924E-5	1.2210118115135924E-5	1.4440441077282243E-5	-0.45352021485886074	25080.65361797895	-21206.95215896892	-21206.95215896892	87181.50532836671	3414.4507749462864	-4286.082957563476
7840000	-5347.720804284048	-1039.1987379888212	-4308.522066295227	200.0	4.851723823386772E-5	1.0207096267649079E-5	1.0207096267649079E-5	1.172240409383666E-5	-0.4280020320950648	25233.681509826663	-21971.82542900199	-21971.82542900199	104438.34963627406	3421.402336419127	-4308.522066295227
7850000	-5383.647441934931	-1100.5524180538819	-4283.095023881048	807.0	4.685517413617321E-5	1.2217905618512409E-5	1.2217905618512409E-5	1.3753687063067449E-5	-0.4812917512849843	27776.574427509557	-24674.951756915132	-24674.951756915132	94627.44249883137	3498.3805268779697	-4283.095023881048
7860000	-5415.548404239082	-1098.537219857793	-4317.011184381288	442.0	4.6748683299233385E-5	9.524903742290633E-6	9.524903742290633E-6	1.2170841316666643E-5	-0.39931498093007456	25448.85997721923	-19916.284776641372	-19916.284776641372	97750.0786056911	3512.3248417396994	-4317.011184381288
7870000	-5423.003817170971	-1109.9528534225196	-4313.050963748452	125.0	4.547164391562876E-5	1.0346652601150703E-5	1.0346652601150703E-5	1.4374608597797963E-5	-0.4046984356907196	26298.999214477597	-18929.67079965007	-18929.67079965007	83192.43751800788	3540.8249179852396	-4313.050963748452
7880000	-5435.843492405768	-1074.833089339232	-4361.010403066536	120.0	4.2817659105714804E-5	9.567841001012078E-6	9.567841001012078E-6	1.2542956694496145E-5	-0.41285973365396966	28153.744586798406	-21475.841649663955	-21475.84164966395	96107.91678774284	3432.987976420641	-4361.010403066536
7890000	-5505.516366685244	-1141.3021317060793	-4364.214234979165	854.0	4.5183849874517255E-5	9.268255571511608E-6	9.268255571511608E-6	1.3675629947374248E-5	-0.3728487698861087	25705.247546878356	-17420.97473463616	-17420.97473463616	84929.32688402101	3475.193169165814	-4364.214234979165
7900000	-5386.9645022078275	-1123.8521701934665	-4263.1123320143615	352.0	4.72652241502916E-5	1.2450401888111861E-5	1.2450401888111861E-5	1.735304604465248E-5	-0.43473504373030936	26087.623009543626	-18717.255168838976	-18717.25516883898	71055.96019981503	3567.567633692712	-4263.1123320143615
7910000	-5327.43892677927	-1109.5050758792054	-4217.933850900065	130.0	5.431403898851657E-5	1.1266746152257722E-5	1.1266746152257722E-5	1.6715710294319755E-5	-0.3739211595310229	21404.104468322883	-14426.824072378608	-14426.82407237861	69547.9488539485	3320.7354234507075	-4217.933850900065
7920000	-5354.068405327176	-1069.0422062421437	-4285.026199085032	603.0	5.1832727961181035E-5	1.0734976678169322E-5	1.0734976678169322E-5	1.4082864544912878E-5	-0.3973320253522677	22909.636946322928	-17463.38023345834	-17463.38023345834	84320.13073342563	3579.8767679580646	-4285.026199085032
7930000	-5427.62918277435	-1074.8344818728872	-4352.794700901462	731.0	4.6655027326248814E-5	9.647297992899693E-6	9.647297992899693E-6	1.2843953496769064E-5	-0.3941006101423762	25375.0507455271	-19059.604676132767	-19059.604676132767	92173.61976865801	3494.4795661154362	-4352.794700901462
7940000	-5333.94837751206	-1093.2424664427842	-4240.705911069275	154.0	5.59266829805603E-5	1.3762918486673702E-5	1.3762918486673702E-5	1.6815276233348513E-5	-0.4487960269976348	22390.374229634628	-18326.00851346324	-18326.00851346324	74469.15197702477	3247.7454373514247	-4240.705911069275
7950000	-5397.403467648576	-1071.3020891849328	-4326.101378463643	147.0	4.725818878436364E-5	1.312969637941126E-5	1.312969637941126E-5	1.5222614710411655E-5	-0.4895212161625182	27829.059969829596	-24002.913749001375	-24002.913749001378	86394.5514462817	3463.4419653003242	-4326.101378463643
7960000	-5486.1455606368945	-1184.235683076806	-4301.909877560089	313.0	5.5375581845481366E-5	1.1779953207581472E-5	1.1779953207581472E-5	1.5563424257302334E-5	-0.401265513218108	21524.198565907434	-16291.662281076393	-16291.662281076395	76584.36855793836	3399.9386224789773	-4301.909877560089
7970000	-5449.050358415457	-1112.3195592692603	-4336.730799146197	248.0	4.4919093698690315E-5	9.967554635176751E-6	9.967554635176751E-6	1.3933946383290846E-5	-0.39841535209383594	26462.81781680033	-18929.99837475981	-18929.99837475981	85308.62401405968	3367.064526907254	-4336.730799146197
7980000	-5262.469461362216	-1045.4827240911172	-4216.986737271099	449.0	4.935669524641527E-5	1.0698242117680607E-5	1.0698242117680607E-5	1.5624388998438334E-5	-0.38524575713334214	23791.704843718624	-16290.519829987377	-16290.519829987377	75156.85416443818	3440.5542555457696	-4216.986737271099
7990000	-5293.284994798658	-1089.2795023843323	-4204.005492414326	170.0	5.661099218484686E-5	1.0835599152763504E-5	1.0835599152763504E-5	1.7593717125917784E-5	-0.34333947977259366	20025.001095175343	-12332.975649661139	-12332.975649661139	64434.091578665444	3277.514694435779	-4204.005492414326
8000000	-5563.6654911454	-1177.8164641951187	-4385.849026950281	153.0	4.4789951843708765E-5	1.0845451109682785E-5	1.0845451109682785E-5	1.4718375579549461E-5	-0.42240337806905576	27175.15218338667	-20024.4098141251	-20024.4098141251	82697.56068261742	3393.9000714081517	-4385.849026950281
8010000	-5450.666389683643	-1120.9019685673047	-4329.764421116338	837.0	5.175792357939382E-5	1.043723335352585E-5	1.043723335352585E-5	1.4348461355327734E-5	-0.3829960586567585	22641.97331892279	-16470.027918788343	-16470.027918788343	81674.36881950694	3493.859962930465	-4329.764421116338
8020000	-5421.344665547977	-1132.9866792171556	-4288.357986330821	723.0	4.3868376841631516E-5	1.2437781074280811E-5	1.2437781074280811E-5	1.5574373114354087E-5	-0.4758409764616168	29467.670395319554	-23533.04562918524	-23533.045629185235	83001.66305605289	3524.5397429215027	-4288.357986330821
8030000	-5347.015896165696	-1066.008835342626	-4281.00706082307	434.0	4.984118882089917E-5	1.2410757097719581E-5	1.2410757097719581E-5	1.4936393415487747E-5	-0.4548636241802657	25297.881818896203	-21020.19259988035	-21020.19259988035	84416.39620960825	3305.041129413082	-4281.00706082307
8040000	-5413.343862981748	-1139.30914584452	-4274.034717137229	33.0	5.5730252059350446E-5	1.200522395086843E-5	1.200522395086843E-5	1.4838638536151311E-5	-0.4174723671862274	21730.907338911675	-17581.424914665415	-17581.424914665415	81615.90704736247	3167.6939553374064	-4274.034717137229
8050000	-5378.380842625537	-1087.5592167535985	-4290.8216258719385	883.0	4.8914016493294773E-5	1.1137589176139702E-5	1.1137589176139702E-5	1.579889636209104E-5	-0.40064631851668675	24353.142665346702	-17167.990215150217	-17167.99021515022	75398.30597627064	3264.8926637482427	-4290.8216258719385
8060000	-5435.911732263693	-1141.7350838148802	-4294.176648448813	563.0	5.116865733399032E-5	1.2882813393437409E-5	1.2882813393437409E-5	1.6487208779219668E-5	-0.4435423945352248	24329.56551638857	-19010.692269882104	-19010.692269882104	75507.69919054033	3421.9680615119637	-4294.176648448813
8070000	-5538.930422025769	-1110.0404646604004	-4428.889957365369	815.0	5.1132438096435524E-5	1.0687523800757195E-5	1.0687523800757195E-5	1.5831597950162696E-5	-0.3756353607089397	22769.939095439426	-15371.427874202664	-15371.427874202662	73541.69205927811	3470.6840141120438	-4428.889957365369
8080000	-5442.1742136913235	-1207.238172720784	-4234.93604097054	980.0	5.1822265357502E-5	1.0043924898852283E-5	1.0043924898852283E-5	1.8433643366178567E-5	-0.3249673054224709	21575.140687434305	-11755.630096671752	-11755.630096671754	60653.91651663724	3213.3519642302626	-4234.93604097054
8090000	-5278.289204619552	-1021.963516456806	-4256.325688162746	402.0	4.199244358804475E-5	1.1049690794472789E-5	1.1049690794472789E-5	1.618032824477597E-5	-0.4239072923233501	29030.516351452385	-19825.199120481542	-19825.199120481542	75342.24904329522	3442.0555631005836	-4256.325688162746
8100000	-5294.615402237013	-999.5181692307975	-4295.097233006215	774.0	4.9898614175560306E-5	1.2693293292115179E-5	1.2693293292115179E-5	1.4352557352555107E-5	-0.47431343623035993	25857.99311064486	-22868.613755476625	-22868.61375547663	89898.82359554991	3532.5350284978495	-4295.097233006215
8110000	-5233.107230758262	-1011.430112392651	-4221.677118365611	743.0	5.7810353894591756E-5	1.1617292342889689E-5	1.1617292342889689E-5	1.4874779444030393E-5	-0.3961656682340559	20518.21686744477	-16024.850963392148	-16024.850963392148	79743.39269070646	3502.1624943995544	-4221.677118365611
8120000	-5329.427839286908	-1081.0486156786465	-4248.379223608262	376.0	5.7664128311820196E-5	1.341699430210945E-5	1.341699430210945E-5	1.709686084484315E-5	-0.42731110675000056	21215.675439901028	-16649.290128509958	-16649.290128509958	71556.02668178637	3147.041635369235	-4248.379223608262
8130000	-5293.417918314039	-1087.072110158679	-4206.34580815536	146.0	5.479471530027451E-5	1.2247159048742355E-5	1.2247159048742355E-5	1.7644293887925825E-5	-0.39387995446739915	21601.17152838282	-14993.684928831623	-14993.684928831623	67082.87968724566	3389.0257110639313	-4206.34580815536
8140000	-5291.231652701635	-1039.114069708051	-4252.117582993584	55.0	4.5073115452331804E-5	1.0191788479167018E-5	1.0191788479167018E-5	1.554646276272488E-5	-0.38501337564181876	26047.304356533805	-17075.821072995554	-17075.82107299555	75517.70292718965	3156.7747693629544	-4252.117582993584
8150000	-5423.581230092089	-1036.4247436596445	-4387.156486432445	497.0	4.129898241448272E-5	7.483286552677707E-6	7.483286552677707E-6	1.0941051091799896E-5	-0.3520409442254456	27639.05826873696	-18904.12459787622	-18904.124597876216	104328.64007452964	3469.556916201654	-4387.156486432445
8160000	-5331.078685463087	-1125.9976562046893	-4205.081029258397	152.0	5.970565447741069E-5	1.4975177184837303E-5	1.4975177184837303E-5	1.848856337245463E-5	-0.45072604555683965	21018.906699017258	-17024.678754559063	-17024.67875455906	67876.96564537585	3273.10913538484	-4205.081029258397
8170000	-5539.501608232744	-1132.9273631994533	-4406.57424503329	199.0	4.890185619569013E-5	1.1151703205095159E-5	1.1151703205095159E-5	1.297420096693258E-5	-0.4427292544035309	25434.521559834153	-21861.71127777154	-21861.711277771537	95866.81437224982	3428.545867972045	-4406.57424503329
8180000	-5233.459976346918	-1011.9951232137852	-4221.464853133132	791.0	4.860566521989874E-5	1.1337044536986536E-5	1.1337044536986536E-5	1.5163686875561192E-5	-0.41759376259398634	24919.26895963647	-18630.75018252046	-18630.75018252046	79876.19729399607	3412.9687709387604	-4221.464853133132
8190000	-5174.403346588606	-941.8849974362579	-4232.518349152348	137.0	4.8659881815090826E-5	9.615954310812936E-6	9.615954310812936E-6	1.2606071007263858E-5	-0.3882549413424826	24198.544917112948	-18458.733270424313	-18458.733270424313	93407.24283445539	3363.534713105435	-4232.518349152348
8200000	-5351.120160704967	-1105.4286500137894	-4245.691510691177	964.0	5.549859141736493E-5	1.2594000183719496E-5	1.2594000183719496E-5	1.5491578362028464E-5	-0.42951158357284264	22094.467030576307	-17961.87033622747	-17961.87033622747	79153.44515959539	3292.261371987721	-4245.691510691177
8210000	-5374.921852636774	-1091.0125922131022	-4283.909260423672	683.0	4.988366532130734E-5	9.604812564137829E-6	9.604812564137829E-6	1.3082218197952742E-5	-0.3759837035519373	23347.071923832154	-17141.148875268333	-17141.148875268336	89024.46851583551	3284.377748179979	-4283.909260423672
8220000	-5402.796723403695	-1089.5732769160418	-4313.223446487653	286.0	5.005643675638236E-5	8.79469336240962E-6	8.79469336240962E-6	1.2833766169523337E-5	-0.34698737631546134	22711.978382288235	-15564.011599357345	-15564.011599357345	88585.11947997878	3356.7815002989432	-4313.223446487653
8230000	-5391.646682858865	-1103.2931044034042	-4288.353578455461	921.0	4.8164856303419335E-5	1.077935279808254E-5	1.077935279808254E-5	1.3504081850439556E-5	-0.42266376851028487	25277.76352477671	-20177.449603595334	-20177.449603595334	90157.91383129504	3565.8058002358543	-4288.353578455461
8240000	-5488.849398147797	-1153.3498278232908	-4335.499570324506	456.0	5.121736268058575E-5	1.1580132175416878E-5	1.1580132175416878E-5	1.308984087769884E-5	-0.4472370013882093	24406.424833528927	-21591.524919386753	-21591.524919386753	95496.40244786981	3465.9313908695503	-4335.499570324506
8250000	-5405.951331813596	-1104.3056441835452	-4301.645687630051	367.0	5.9360310027144684E-5	1.56737473129671E-5	1.56737473129671E-5	1.5078282580363667E-5	-0.5239005104846216	23219.320656408316	-24136.287591615343	-24136.287591615343	91410.01738348104	3483.4436284582694	-4301.645687630051
8260000	-5352.78299408402	-1112.647630063932	-4240.135364020089	454.0	4.9657722765113244E-5	1.1758589286611488E-5	1.1758589286611488E-5	1.704638496185271E-5	-0.4041528777307686	24069.32770569458	-16603.012282632433	-16603.012282632433	70116.21555108513	3396.104544408172	-4240.135364020089
8270000	-5539.993301541272	-1179.7690115908922	-4360.22428995038	337.0	4.766783058995654E-5	9.115666958316934E-6	9.115666958316934E-6	1.5099122095934792E-5	-0.3397816396346775	23716.630814297398	-14318.24357090924	-14318.243570909244	74873.24975833176	3543.5617230111475	-4360.22428995038
8280000	-5406.506727966642	-1055.0818893967696	-4351.424838569872	436.0	4.557367129756641E-5	1.0127815680293738E-5	1.0127815680293738E-5	1.3019483923067215E-5	-0.4157783737333612	26528.523612194167	-20636.45525446652	-20636.455254466517	92860.99374260308	3551.8739211067614	-4351.424838569872
8290000	-5392.96530550684	-1133.5928739733592	-4259.372431533481	395.0	4.861311117738656E-5	9.017735889366108E-6	9.017735889366108E-6	1.5978819792717704E-5	-0.32355525220097703	22975.881300647674	-12966.566497551501	-12966.566497551501	69900.59882744652	3325.6952320896035	-4259.372431533481
8300000	-5447.0774665991885	-1116.2058452467577	-4330.87162135243	642.0	4.655683610257028E-5	1.2517039336191982E-5	1.2517039336191982E-5	1.6975383127241317E-5	-0.44524607030333874	26790.101345959683	-19754.060915999027	-19754.06091599903	73474.76921057192	3616.7807307034896	-4330.87162135243
8310000	-5593.934293466444	-1217.2525923446149	-4376.681701121829	295.0	4.448200477960757E-5	1.0745092977563887E-5	1.0745092977563887E-5	1.4358510286652318E-5	-0.42517068202046626	27441.627044200977	-20535.75392982626	-20535.75392982626	85012.89903835506	3677.5329270946045	-4376.681701121829
8320000	-5468.268095232676	-1124.8158431246147	-4343.452252108062	317.0	4.6020189807126054E-5	1.2186902896069793E-5	1.2186902896069793E-5	1.414242717489743E-5	-0.4777021241561555	28154.410420841683	-24261.39881447765	-24261.398814477652	91615.90831980076	3580.6144653081124	-4343.452252108062
8330000	-5452.678474500493	-1110.219760719753	-4342.45871378074	457.0	4.6591337081729095E-5	1.2799109817689297E-5	1.2799109817689297E-5	1.4795431875901708E-5	-0.4874873550741502	28153.795937642175	-24355.05289829438	-24355.052898294383	88657.29690509346	3494.319253798768	-4342.45871378074
8340000	-5411.7926372186885	-1099.150843045741	-4312.641794172948	912.0	4.350429782336018E-5	9.769531935171814E-6	9.769531935171814E-6	1.3251652313364068E-5	-0.4068859173753151	27546.772246134948	-20308.340786915905	-20308.340786915902	90434.23080603752	3378.240404103991	-4312.641794172948
8350000	-5418.022029162136	-1153.0987672804667	-4264.9232618816695	951.0	5.280737283971465E-5	1.2458809615875636E-5	1.2458809615875636E-5	1.599775302056379E-5	-0.4286469862088393	23199.359036642738	-18067.31214542089	-18067.31214542089	76579.32965433552	3408.473102623599	-4264.9232618816695
8360000	-5564.561868075394	-1262.8080081502521	-4301.753859925142	233.0	4.757918002018487E-5	1.1517591337993476E-5	1.1517591337993476E-5	1.7165741626935728E-5	-0.40301564227257286	25093.288630352996	-16836.688449115147	-16836.68844911515	69552.37489818556	3450.007618062828	-4301.753859925142
8370000	-5418.5980856852975	-1131.2455366073582	-4287.352549077939	9.0	5.159952220237397E-5	1.1926110280187784E-5	1.1926110280187784E-5	1.5252777160045147E-5	-0.42511019285105633	23654.90808493447	-18495.71651958751	-18495.71651958751	80023.58797459012	3356.082392520499	-4287.352549077939
8380000	-5402.414198969751	-1102.2128866071453	-4300.201312362606	860.0	4.043559268834152E-5	8.679995009772866E-6	8.679995009772866E-6	1.4576940256550788E-5	-0.35752332609213383	28355.122083882587	-16884.360768302893	-16884.360768302893	78655.47549986141	3271.397702148464	-4300.201312362606
8390000	-5407.357546269083	-1081.6823866191187	-4325.675159649964	611.0	4.35747127039699E-5	1.1303800950205311E-5	1.1303800950205311E-5	1.3931019036136538E-5	-0.45879195338272044	29067.512203917526	-23585.738503295444	-23585.738503295448	90920.01741001935	3531.420670400352	-4325.675159649964
8400000	-5365.731114040002	-1100.5708046749673	-4265.160309365034	661.0	4.559508971985715E-5	1.131458598144088E-5	1.131458598144088E-5	1.5675614884351966E-5	-0.4232211248234624	26717.769469650415	-19284.761849976574	-19284.76184997657	77713.00233327539	3417.4421285948815	-4265.160309365034
8410000	-5438.417378871789	-1191.8662865700467	-4246.551092301742	515.0	5.6418528191244005E-5	1.2886356522421352E-5	1.2886356522421352E-5	1.8443718793166887E-5	-0.399479980912383	21090.363618905143	-14735.528546520989	-14735.528546520987	64514.49882426214	3425.801521845049	-4246.551092301742
8420000	-5541.423109743364	-1179.569036946699	-4361.854072796665	998.0	5.3330705628692236E-5	1.4909787666178452E-5	1.4909787666178452E-5	1.795254427949392E-5	-0.4818587951152566	24421.240313336093	-20282.111657703306	-20282.111657703314	72546.93028250778	3371.9134658529188	-4361.854072796665
8430000	-5294.409475950478	-1028.733555019342	-4265.675920931136	787.0	5.296121239502183E-5	1.1849379681273154E-5	1.1849379681273154E-5	1.556196897050247E-5	-0.41274743566539346	22758.971500713622	-17329.407029303653	-17329.40702930365	77454.3841994709	3272.7092202436074	-4265.675920931136
8440000	-5366.097425423715	-1020.5746911378806	-4345.522734285835	108.0	4.131882389279608E-5	1.0089591357251922E-5	1.0089591357251922E-5	1.3147490928363475E-5	-0.4328906060974252	29783.255837997927	-22856.139040613994	-22856.139040613994	93600.3005919173	3630.5872918513555	-4345.522734285835
8450000	-5295.274446252376	-1036.3507724352714	-4258.923673817105	690.0	4.0036011619932454E-5	9.640145006479105E-6	9.640145006479105E-6	1.4785859045907447E-5	-0.3962186212522571	29628.935784393423	-19317.59503877244	-19317.595038772444	80226.95290596191	3566.9841021121456	-4258.923673817105
8460000	-5369.417003155493	-1129.9315305548248	-4239.485472600668	915.0	4.8417884958444E-5	1.163714519945805E-5	1.163714519945805E-5	1.526237410165224E-5	-0.42808745270468607	25287.724864807427	-19281.202521687144	-19281.202521687144	80221.99857049002	3412.2224221450706	-4239.485472600668
8470000	-5512.529191521534	-1055.6936521576288	-4456.835539363905	453.0	4.048257875227396E-5	1.2910150318713987E-5	1.2910150318713987E-5	1.3324060756579704E-5	-0.5558772650556449	35748.143303539546	-34637.63128186871	-34637.63128186871	108613.81173291845	3602.8316799557133	-4456.835539363905
8480000	-5314.13906631473	-1000.3324817371143	-4313.806584577616	800.0	4.2962550309852585E-5	1.0071358356607952E-5	1.0071358356607952E-5	1.328943244250581E-5	-0.4214924555943398	28304.556879378244	-21450.527454087438	-21450.527454087438	91503.97913449796	3398.784733188661	-4313.806584577616
8490000	-5372.976512133484	-1083.5228038581768	-4289.453708275308	84.0	4.3658394573860606E-5	1.1995551432995067E-5	1.1995551432995067E-5	1.6050479421861318E-5	-0.45315036257524444	28823.967225928995	-21541.997112600824	-21541.99711260082	78403.14929282661	3435.1561668383856	-4289.453708275308
8500000	-5304.919848058087	-1027.5589306919828	-4277.360917366104	918.0	4.819400655571182E-5	8.963732923811157E-6	8.963732923811157E-6	1.2490472063449072E-5	-0.3653448298075244	23945.65908399901	-17184.498041648003	-17184.498041648003	92393.40555047181	3260.608960560556	-4277.360917366104
8510000	-5478.322851542547	-1125.9646973962513	-4352.358154146295	942.0	4.784928436776567E-5	1.095702953015581E-5	1.095702953015581E-5	1.3657654283777275E-5	-0.4286146894476179	25602.381850117097	-20539.841479753253	-20539.841479753253	89697.36853666822	3391.0477246016194	-4352.358154146295
8520000	-5345.35385388874	-1062.6932783268167	-4282.660575561923	40.0	4.226336051047256E-5	9.376703764842533E-6	9.376703764842533E-6	1.3814224027731206E-5	-0.3880654111288239	27856.14660666753	-18907.962853100136	-18907.962853100136	85223.34400447109	3432.6329006527735	-4282.660575561923
8530000	-5637.889447408068	-1193.0956761149296	-4444.793771293138	326.0	4.6916609862704516E-5	1.3660691219876473E-5	1.3660691219876473E-5	1.3043143371084035E-5	-0.5522277534603419	30666.25627975687	-32118.197737217633	-32118.197737217637	110307.51873944083	3702.74264748892	-4444.793771293138
8540000	-5430.836589990689	-1179.54913281279	-4251.287457177899	643.0	5.548321017232073E-5	1.4013596525476779E-5	1.4013596525476779E-5	1.8780281779455312E-5	-0.4341279693823226	22209.1677738653	-16572.18565751447	-16572.185657514467	65613.28194221799	3491.0834817289897	-4251.287457177899
8550000	-5427.7800069080295	-1138.9572847394477	-4288.822722168582	12.0	5.171108987768513E-5	1.1768315910637125E-5	1.1768315910637125E-5	1.5733867858071164E-5	-0.41257672425066	23305.214910058276	-17431.386477938722	-17431.386477938722	76595.15598477452	3383.4214825604968	-4288.822722168582
8560000	-5508.549717614729	-1165.3526757430363	-4343.197041871693	268.0	4.8459198501649625E-5	1.14120483296985E-5	1.14120483296985E-5	1.472797900348233E-5	-0.4271731139788005	25241.997765036154	-19558.888450657323	-19558.888450657327	83053.28110427536	3535.9895715413318	-4343.197041871693
8570000	-5360.266195118775	-1140.1255033242774	-4220.140691794498	475.0	4.9955351257565235E-5	1.275527340476745E-5	1.275527340476745E-5	1.6480821829047765E-5	-0.4445384504350195	24947.95059311062	-19308.377579987606	-19308.377579987606	75620.23593014185	3545.740324618819	-4220.140691794498
8580000	-5254.661391971531	-1068.274722734342	-4186.386669237189	265.0	6.107052685008742E-5	1.2231277616528394E-5	1.2231277616528394E-5	1.620337696873373E-5	-0.38882414198000004	19291.006404680073	-14562.004901396102	-14562.004901396102	72707.80201408168	3280.572869963338	-4186.386669237189
8590000	-5548.675376572165	-1198.812646360989	-4349.862730211176	563.0	4.831354885003819E-5	1.0025470293759385E-5	1.0025470293759385E-5	1.3233836157734864E-5	-0.39648559011681506	24558.78955706014	-18604.84082017962	-18604.84082017962	89658.22644474395	3441.7358801007636	-4349.862730211176
8600000	-5347.318163801023	-1016.1802846826208	-4331.1378791184015	366.0	4.736175852159731E-5	1.069594968799694E-5	1.069594968799694E-5	1.2570977230108763E-5	-0.43834991022207	26136.161051326006	-22237.814811470278	-22237.814811470274	98469.23797059248	3478.304884270771	-4331.1378791184015
8610000	-5376.437443623958	-1063.8748115554156	-4312.562632068542	605.0	4.5937326862383294E-5	9.339451886923686E-6	9.339451886923686E-6	1.326139754818362E-5	-0.3783936869596586	25406.54374552481	-17892.774276784345	-17892.774276784345	88007.97202866971	3477.5972424241504	-4312.562632068542
8620000	-5416.781003850883	-1103.7336185185761	-4313.047385332307	29.0	5.208043215161993E-5	1.1447563281390497E-5	1.1447563281390497E-5	1.389560289889487E-5	-0.42553674379794	23446.86318320378	-19316.14281098786	-19316.14281098786	87878.35807241415	3309.618357136217	-4313.047385332307
8630000	-5251.324678037106	-1073.0745407325344	-4178.2501373045725	628.0	5.109868872166672E-5	1.2050393670101542E-5	1.2050393670101542E-5	1.7083725964529643E-5	-0.4078543127267829	23474.9112114062	-16558.561174269777	-16558.561174269777	70215.19680489886	3122.5758729337235	-4178.2501373045725
8640000	-5344.597447791131	-1152.4784533404938	-4192.118994450638	969.0	5.6167141522485604E-5	1.0572332130495586E-5	1.0572332130495586E-5	1.9313049083210582E-5	-0.32099939572809577	19849.28639995096	-10865.87868489613	-10865.87868489613	57726.65276947861	3131.177720168966	-4192.118994450638
8650000	-5405.846713156385	-1193.3447446891323	-4212.5019684672525	109.0	6.430422000774717E-5	1.669239412855854E-5	1.669239412855854E-5	1.8471667502445075E-5	-0.48433498632503064	20317.063332758822	-18360.033204387404	-18360.033204387404	70728.47701963667	3314.931111807034	-4212.5019684672525
8660000	-5396.018853941218	-1148.2220486761337	-4247.796805265085	739.0	4.96222740600835E-5	1.2439255139574179E-5	1.2439255139574179E-5	1.6508097216669012E-5	-0.43461782618426303	24845.343344147168	-18721.574075545035	-18721.57407554504	74683.49745937056	3369.7341179165687	-4247.796805265085
8670000	-5549.7274420092535	-1254.4516391353238	-4295.27580287393	692.0	5.094840433849216E-5	1.23352369443987E-5	1.23352369443987E-5	1.714768362647752E-5	-0.41732987153148493	23767.074031966586	-17096.915014613944	-17096.915014613944	70615.63089802893	3600.0549193774364	-4295.27580287393
8680000	-5548.168376441097	-1174.3613170459887	-4373.807059395109	813.0	4.621036629472595E-5	1.0527476778633754E-5	1.0527476778633754E-5	1.2760447583243307E-5	-0.4335324725580252	26648.823150916538	-21985.503648602087	-21985.503648602087	96505.38283189511	3724.996171149796	-4373.807059395109
8690000	-5494.757716532097	-1155.1711071841228	-4339.586609347974	960.0	4.161966935590536E-5	1.0293731495466218E-5	1.0293731495466218E-5	1.4576086950063178E-5	-0.4179295196761875	29111.94054247431	-20559.049920795707	-20559.049920795707	83124.45883710273	3460.987726453783	-4339.586609347974
8700000	-5541.0470327963885	-1184.4922869639463	-4356.554745832443	793.0	4.597892989875748E-5	1.0079420761914867E-5	1.0079420761914867E-5	1.3804626017395568E-5	-0.400077218857336	25893.681251684047	-18906.220862611237	-18906.220862611237	86243.82533736818	3621.709193036493	-4356.554745832443
8710000	-5366.091033535213	-1078.536180512378	-4287.554853022834	586.0	4.512960074053062E-5	1.0353792095726104E-5	1.0353792095726104E-5	1.3478164863763648E-5	-0.41981051509121226	26899.13204499767	-20663.645501040337	-20663.645501040337	90067.68367415374	3416.2220385646883	-4287.554853022834
8720000	-5419.88973455362	-1091.2994404742315	-4328.5902940793885	885.0	4.726281502935191E-5	9.327333001266853E-6	9.327333001266853E-6	1.4390676199138225E-5	-0.35764906072612873	24261.660869408213	-15725.22284299104	-15725.22284299104	79681.75880744043	3449.093732083835	-4328.5902940793885
8730000	-5511.291083306767	-1148.395642292161	-4362.895441014606	791.0	4.8871434165020837E-5	1.0337112980145628E-5	1.0337112980145628E-5	1.3513684142589684E-5	-0.4022396138394808	24411.561117419773	-18673.29905227016	-18673.299052270162	88282.9574398161	3580.168256422976	-4362.895441014606
8740000	-5444.239018983007	-1115.4482493618661	-4328.7907696211405	777.0	5.130951159519915E-5	1.3137791149225664E-5	1.3137791149225664E-5	1.5194719904188529E-5	-0.4705188900673269	25031.163728302636	-21642.662935422843	-21642.662935422846	84525.2030743019	3504.6610550724135	-4328.7907696211405
8750000	-5340.363956944412	-1013.1835118216851	-4327.180445122727	175.0	3.4402937253794764E-5	8.00263152190135E-6	8.00263152190135E-6	1.3921232242016365E-5	-0.36567579935442246	33554.099056638224	-19288.600759724162	-19288.600759724162	82920.78922217163	3605.807368167985	-4327.180445122727
8760000	-5439.480590777803	-1105.8575321273834	-4333.623058650419	509.0	4.934466140543785E-5	1.1312617655140493E-5	1.1312617655140493E-5	1.4412879343894458E-5	-0.42419705288260845	24712.453242333417	-19396.716518651938	-19396.716518651934	84606.80261347136	3382.0589310651194	-4333.623058650419
8770000	-5319.974771490383	-1091.3364570353476	-4228.6383144550355	998.0	5.441662264089636E-5	1.1469815054438971E-5	1.1469815054438971E-5	1.6856812252510263E-5	-0.37870662126415255	21453.582739304413	-14597.577678916252	-14597.577678916254	69255.77023295884	3364.1950886471823	-4228.6383144550355
8780000	-5410.072908288066	-1104.746454180262	-4305.326454107804	672.0	5.15054534413452E-5	1.2089430121408516E-5	1.2089430121408516E-5	1.5383100230661395E-5	-0.4294941837652641	23806.98048958423	-18709.676379596076	-18709.676379596076	79710.15639235513	3420.0797262751107	-4305.326454107804
8790000	-5446.523198534843	-1195.1265568206964	-4251.396641714146	41.0	5.461196668049256E-5	1.2165270133107443E-5	1.2165270133107443E-5	1.8098374024527243E-5	-0.3869528673079514	21535.582103205223	-14475.67463265801	-14475.67463265801	64983.765429501174	3477.0375969446386	-4251.396641714146
8800000	-5250.397840690905	-964.8149467821421	-4285.582893908762	545.0	4.123888454118121E-5	7.788300952796533E-6	7.788300952796533E-6	1.406979225422349E-5	-0.32332957225441133	27079.951083312553	-14990.044274501375	-14990.044274501379	79371.95915386274	3265.4191987979802	-4285.582893908762
8810000	-5311.331659185834	-1018.3396231369761	-4292.992036048858	894.0	4.782054206606359E-5	1.3690276935551412E-5	1.3690276935551412E-5	1.5818316543815248E-5	-0.4977655716831908	27799.384563185307	-24059.53075055272	-24059.53075055272	84040.65219154136	3508.3249228876375	-4292.992036048858
8820000	-5422.960378523274	-1053.6475912198748	-4369.312787303399	677.0	4.880908864942239E-5	1.0373627491855902E-5	1.0373627491855902E-5	1.2280553243712079E-5	-0.42371255549525394	24971.108892458444	-21093.592167076768	-21093.592167076768	99247.73285197439	3497.867249730139	-4369.312787303399
8830000	-5303.321548747589	-1002.9408377521737	-4300.380710995415	97.0	4.11823688322418E-5	9.369206687670505E-6	9.369206687670505E-6	1.4417024795826834E-5	-0.38451150164438513	28495.22998602049	-18518.224330793404	-18518.224330793404	81396.8962294866	3429.1067576999535	-4300.380710995415
8840000	-5507.254231398316	-1158.5086964823201	-4348.745534915995	232.0	5.905096764177245E-5	1.4416828917870616E-5	1.4416828917870616E-5	1.6546273310471755E-5	-0.4612178836357174	21510.21893209122	-18741.933032959136	-18741.933032959136	76766.48501402911	3495.0920672406296	-4348.745534915995
8850000	-5397.258266548137	-1055.5445927222222	-4341.713673825914	417.0	4.4588921367613275E-5	8.499673484326037E-6	8.499673484326037E-6	1.2708552319862807E-5	-0.3570596037200095	25704.1588801472	-17191.33321967937	-17191.33321967937	90184.99434716848	3418.7706522831127	-4341.713673825914
8860000	-5435.239727820455	-1050.0988582004682	-4385.140869619987	295.0	4.241217181394455E-5	7.432999407516529E-6	7.432999407516529E-6	1.1524986586708928E-5	-0.33620071121812284	26582.81730835548	-17144.49416635288	-17144.49416635288	97825.27784291517	3658.171588787121	-4385.140869619987
8870000	-5380.591058678525	-1055.6846167361778	-4324.906441942347	920.0	4.769039739469701E-5	1.0360963081634062E-5	1.0360963081634062E-5	1.3552611279347612E-5	-0.407542743382202	25144.930716672443	-19223.284242107366	-19223.284242107366	88482.70740027876	3391.137859476054	-4324.906441942347
8880000	-5284.734563359877	-1060.8661676396762	-4223.868395720201	572.0	4.819982345272109E-5	1.1351546798828325E-5	1.1351546798828325E-5	1.6228670913007318E-5	-0.40587363715787594	24838.733155270093	-17374.06860654665	-17374.06860654665	73772.06422453804	3435.9810296541655	-4223.868395720201
8890000	-5470.529094460133	-1134.6843177780804	-4335.844776682053	740.0	4.098606894742912E-5	9.93217537821621E-6	9.93217537821621E-6	1.565257989003999E-5	-0.3921329005972309	28831.975373362908	-18295.018324159442	-18295.018324159442	75496.13794306031	3481.501142781136	-4335.844776682053
8900000	-5521.907235565497	-1194.14194491036	-4327.7652906551375	823.0	4.858419417087644E-5	9.055859816873963E-6	9.055859816873963E-6	1.4100839708367546E-5	-0.3459869364587896	23381.788519613634	-15016.282964748874	-15016.282964748872	80561.53938301816	3495.9520339635783	-4327.7652906551375
8910000	-5454.794704998121	-1111.5182387838975	-4343.276466214224	985.0	5.0199340153403117E-5	1.0755555768369868E-5	1.0755555768369868E-5	1.5121214455153136E-5	-0.39038265715047515	23502.298385664937	-16716.92982872442	-16716.92982872442	78022.82512081621	3441.034558094812	-4343.276466214224
8920000	-5398.402999781169	-1119.6340980846394	-4278.76890169653	344.0	4.365196519127516E-5	9.964596394462691E-6	9.964596394462691E-6	1.620080107285194E-5	-0.3747050687204878	26650.278851135252	-16391.73713431069	-16391.737134310693	71807.37788929237	3377.474156145468	-4278.76890169653
8930000	-5424.782018161106	-1156.8496935143464	-4267.932324646759	304.0	4.902179299637364E-5	1.0336132593011107E-5	1.0336132593011107E-5	1.6317775183263455E-5	-0.36545423862648596	23543.482919185186	-14913.096817486736	-14913.096817486736	70729.23441559103	3373.4706042895073	-4267.932324646759
8940000	-5312.4055670995285	-1118.8223826016203	-4193.583184497908	146.0	5.285987696312143E-5	1.2691483071298608E-5	1.2691483071298608E-5	1.8199546440910827E-5	-0.4091843532416738	22722.392180215506	-15845.496844160938	-15845.49684416094	65996.30704279644	3414.6161307637135	-4193.583184497908
8950000	-5366.341213005225	-1087.2525211653328	-4279.088691839892	565.0	4.833367105054354E-5	1.1224933517105783E-5	1.1224933517105783E-5	1.3967159545361935E-5	-0.43202098165460995	25437.15544758339	-20442.981111232788	-20442.981111232788	88025.8509163595	3353.5414211568586	-4279.088691839892
8960000	-5501.46366044139	-1125.4813540552252	-4375.982306386165	197.0	4.585780656800051E-5	8.569239701674173E-6	8.569239701674173E-6	1.1484574429409298E-5	-0.3734033404854789	25339.64622579511	-18907.231068868623	-18907.231068868623	101180.98866148794	3586.4064278997234	-4375.982306386165
8970000	-5424.763973457135	-1119.8867190218004	-4304.877254435334	492.0	5.202739932118584E-5	1.3443736063668695E-5	1.3443736063668695E-5	1.547441467405098E-5	-0.4738019060019596	24784.462113092908	-21532.043320976325	-21532.04332097633	83329.23309086436	3519.5180071739383	-4304.877254435334
8980000	-5360.259631721735	-1098.692571822288	-4261.567059899447	963.0	4.6989625459591034E-5	1.2211430331213657E-5	1.2211430331213657E-5	1.5492114370577503E-5	-0.4525954640545002	26763.62531031102	-21096.032347157692	-21096.032347157692	81177.60424366564	3485.1551371919913	-4261.567059899447
8990000	-5399.659831170356	-1086.8929916920576	-4312.766839478298	784.0	4.800480686374664E-5	1.0005214663598485E-5	1.0005214663598485E-5	1.2190780731697875E-5	-0.41358834103286	25129.83993729163	-20624.556258379613	-20624.556258379613	98956.18166356244	3474.3621493485625	-4312.766839478298
9000000	-5386.086369318414	-1034.3570513880234	-4351.729317930391	681.0	4.0740091907022784E-5	7.218293014228202E-6	7.218293014228202E-6	1.1817941483264034E-5	-0.3289671919361651	27524.534429884134	-16811.7395805756	-16811.7395805756	94885.56564267086	3407.8108431332294	-4351.729317930391
9010000	-5502.530570018568	-1162.4469334285593	-4340.083636590009	249.0	4.781137037021661E-5	1.1822845523945305E-5	1.1822845523945305E-5	1.4239208289532452E-5	-0.4531202777898535	26319.366073981408	-21853.026731099697	-21853.026731099693	88373.23913559788	3677.8521178523474	-4340.083636590009
9020000	-5401.03021495501	-1059.2049980237566	-4341.825216931254	369.0	5.0645804272163456E-5	1.1683792428622024E-5	1.1683792428622024E-5	1.5170707307319592E-5	-0.4215112612963306	24011.05895710728	-18492.23132206179	-18492.231322061794	80158.38468667219	3544.4971230898855	-4341.825216931254
9030000	-5417.39479517457	-1078.1161750177685	-4339.2786201568015	557.0	4.477714206063255E-5	1.028150621191639E-5	1.028150621191639E-5	1.361790630930602E-5	-0.4163642048662946	27016.35576759656	-20397.322711646895	-20397.322711646888	88832.6863682108	3459.623034796598	-4339.2786201568015
9040000	-5312.0132109770075	-1096.8427598006242	-4215.170451176383	668.0	5.648307945823502E-5	1.2166457529237917E-5	1.2166457529237917E-5	1.5944327944129696E-5	-0.4054169032696504	21186.728553242687	-16166.71671767909	-16166.71671767909	75054.38150332673	3448.018172384188	-4215.170451176383
9050000	-5426.693965889204	-1068.0255297908006	-4358.668436098404	29.0	4.320017256154422E-5	1.1073367657289816E-5	1.1073367657289816E-5	1.4107004238543567E-5	-0.44855900565048357	28978.7253861006	-22747.0039005999	-22747.003900599895	88742.15362271667	3603.5970832702674	-4358.668436098404
9060000	-5386.096685857287	-1064.1017164801917	-4321.994969377096	23.0	4.4623291981433514E-5	1.206893897161053E-5	1.206893897161053E-5	1.4880421170188111E-5	-0.4683609479869274	28707.05842736713	-23283.194222248738	-23283.194222248734	86086.50491014839	3556.4489488682125	-4321.994969377096
9070000	-5392.375232348259	-1123.7912797454196	-4268.583952602839	111.0	4.939254612814786E-5	1.1448011860711055E-5	1.1448011860711055E-5	1.7687798363573542E-5	-0.38731335684089696	23819.11414588487	-15416.361926382197	-15416.361926382197	66514.02678838244	3296.989796475101	-4268.583952602839
9080000	-5386.773020593297	-1245.391676380666	-4141.38134421263	717.0	6.122730315334042E-5	1.5023806787431608E-5	1.5023806787431608E-5	2.0954025316380133E-5	-0.4194437159554415	19819.48486967634	-14210.353705914156	-14210.353705914156	57912.195396180396	3179.9773738273884	-4141.38134421263
9090000	-5412.811279308056	-1110.3010566164673	-4302.510222691589	345.0	5.1397133295193354E-5	1.09371879725303E-5	1.09371879725303E-5	1.4521430552323774E-5	-0.40034234321119333	23169.864760079297	-17450.97807450801	-17450.978074508013	82007.39060896671	3361.738153686873	-4302.510222691589
9100000	-5410.402767214239	-1069.2555014682714	-4341.147265745968	967.0	4.530762207277841E-5	1.0589301201559531E-5	1.0589301201559531E-5	1.266938269451698E-5	-0.4419813453591149	27429.656627616052	-22926.207447414537	-22926.207447414537	98092.58635844613	3405.5625593168284	-4341.147265745968
9110000	-5343.116411143228	-1022.0838952659032	-4321.032515877325	369.0	4.441003197678398E-5	1.0153416078971728E-5	1.0153416078971728E-5	1.2368800321007812E-5	-0.43321935501774067	27719.87314897054	-22754.947806844488	-22754.94780684449	99527.87828964417	3582.4266844979466	-4321.032515877325
9120000	-5304.285256638898	-1028.7112314595431	-4275.574025179355	941.0	4.5587509675115123E-5	1.3850281317419197E-5	1.3850281317419197E-5	1.672332600614823E-5	-0.5016194091810607	29311.168884604096	-24275.54989030886	-24275.549890308856	79901.7608473678	3274.4748311934927	-4275.574025179355
9130000	-5379.669597651753	-1092.2315721632535	-4287.4380254885	652.0	5.099252239567582E-5	1.078669084203981E-5	1.078669084203981E-5	1.4919123204140895E-5	-0.3910779533529456	23151.564188430748	-16738.836592014268	-16738.83659201427	79130.43140804752	3319.168412292028	-4287.4380254885
9140000	-5346.259881854445	-1032.6064425854715	-4313.653439268973	339.0	3.9778042021146875E-5	8.902817403523124E-6	8.902817403523124E-6	1.282523589106434E-5	-0.39416048544391513	29763.65299240663	-20660.857243010963	-20660.85724301096	92313.29930232823	3321.2356240340737	-4313.653439268973
9150000	-5454.782168317342	-1097.1801918529177	-4357.601976464424	991.0	5.382552181946906E-5	1.3917930011448084E-5	1.3917930011448084E-5	1.8190668808470506E-5	-0.44479120414931617	23160.627641058883	-17720.51362835905	-17720.51362835905	68531.44772037833	3292.6364102958382	-4357.601976464424
9160000	-5638.449091647999	-1202.1038697294493	-4436.345221918549	454.0	4.4217696642563305E-5	9.72358961969981E-6	9.72358961969981E-6	1.1795306862746703E-5	-0.42576890584927196	27622.821662549777	-22771.173748187033	-22771.173748187033	103551.14647706825	3618.6914453353415	-4436.345221918549
9170000	-5499.140649337305	-1126.2079429992987	-4372.932706338006	512.0	4.460680059886325E-5	1.012985031180412E-5	1.012985031180412E-5	1.2815616747903055E-5	-0.42367489920296547	27322.50802770333	-21596.535064064545	-21596.53506406454	95100.35228324248	3373.077116774341	-4372.932706338006
9180000	-5371.75074179446	-1098.632929430082	-4273.117812364378	900.0	5.1394336047989975E-5	1.1025087822342077E-5	1.1025087822342077E-5	1.3908584368929161E-5	-0.4123661072658155	23443.940822064447	-18583.59554135926	-18583.59554135926	86628.92936753535	3532.326120495502	-4273.117812364378
9190000	-5358.5556766576865	-993.9039427013205	-4364.651733956366	862.0	4.0362528675728484E-5	9.944132088282445E-6	9.944132088282445E-6	1.1481648413399285E-5	-0.4619293732982102	31496.040250580267	-27278.381398974034	-27278.381398974034	110721.02036344906	3453.562522269359	-4364.651733956366
9200000	-5628.330207446301	-1206.2237228277038	-4422.106484618597	793.0	3.732581839582181E-5	8.681167235940987E-6	8.681167235940987E-6	1.2119644800367394E-5	-0.40815818248929964	32146.490759021162	-23026.175017871363	-23026.175017871363	99004.06289941883	3639.5299465559187	-4422.106484618597
9210000	-5282.956642931914	-1015.5552584296387	-4267.4013845022755	718.0	5.023162038761968E-5	1.2785132033464855E-5	1.2785132033464855E-5	1.472390676670358E-5	-0.47011606680760465	25555.85625686553	-22190.78140396463	-22190.781403964625	87185.5609055072	3341.84748264992	-4267.4013845022755
9220000	-5410.507109968356	-1179.250604261192	-4231.256505707164	155.0	5.2742950778842475E-5	1.1438990989241422E-5	1.1438990989241422E-5	1.7535382145814634E-5	-0.37613858703349634	22084.38346509833	-14406.476081304474	-14406.476081304476	66425.44430426222	3375.9008763376637	-4231.256505707164
9230000	-5445.752150328767	-1193.2041602948682	-4252.547990033899	405.0	5.273947158237297E-5	1.1897580608302896E-5	1.1897580608302896E-5	1.5456120186909174E-5	-0.4167163358895716	22945.710545861413	-17662.805253377406	-17662.805253377406	78295.49942913657	3306.0159797282618	-4252.547990033899
9240000	-5250.357711662666	-1078.7683703055336	-4171.589341357132	770.0	5.157055208932227E-5	9.528332165554084E-6	9.528332165554084E-6	1.614826169950853E-5	-0.33018178323068015	21763.57661539792	-12841.66624004539	-12841.666240045388	69503.43525386965	3389.3112556980445	-4171.589341357132
9250000	-5353.770012330696	-1092.5621395035794	-4261.207872827116	104.0	4.62166876724661E-5	9.780265412372833E-6	9.780265412372833E-6	1.5145990701428322E-5	-0.36965994061564333	25061.872792165792	-16183.2773088519	-16183.2773088519	76474.14884609514	3470.0046492433917	-4261.207872827116
9260000	-5375.010620469791	-1077.4214177030992	-4297.589202766692	421.0	4.214045763320616E-5	9.07449027830569E-6	9.07449027830569E-6	1.3789866606940583E-5	-0.3764372424061945	27648.028505399878	-18193.922612731687	-18193.922612731683	84489.61886890716	3568.9893113118783	-4297.589202766692
9270000	-5352.344651188876	-1088.7857396741288	-4263.558911514748	43.0	5.003684777507541E-5	1.1004210158930075E-5	1.1004210158930075E-5	1.4376683935895702E-5	-0.4102839635229218	24030.37523349213	-18393.344421174468	-18393.344421174465	83635.71411165444	3462.72704482923	-4263.558911514748
9280000	-5371.724551460994	-1117.313455244613	-4254.411096216381	508.0	4.8148749266090606E-5	1.0380333689144718E-5	1.0380333689144718E-5	1.4849138258985372E-5	-0.38821131028981315	24454.45382494095	-17094.957731642367	-17094.957731642367	79294.25567465398	3377.3448382799606	-4254.411096216381
9290000	-5408.515186096611	-1152.3594372343775	-4256.155748862233	48.0	4.6198350255669764E-5	1.13643632620058E-5	1.13643632620058E-5	1.5523462034182283E-5	-0.42436306941152324	26400.01533924055	-19326.833394317553	-19326.833394317557	78567.34230493676	3452.5077517066784	-4256.155748862233
9300000	-5393.047954137062	-1080.262868540999	-4312.785085596063	588.0	4.8425368468750186E-5	1.0437837179324471E-5	1.0437837179324471E-5	1.2193048649312328E-5	-0.4295541287440167	25322.81724656599	-21677.55177097177	-21677.55177097177	100570.97212524776	3524.959517878342	-4312.785085596063
9310000	-5491.111960218613	-1127.1800474472748	-4363.931912771338	675.0	5.411835892193237E-5	1.2765797872195053E-5	1.2765797872195053E-5	1.2477618908084063E-5	-0.4912581809578539	24355.951673270527	-24918.468686720345	-24918.468686720345	105637.47332316054	3666.0608620574435	-4363.931912771338
9320000	-5345.120383513051	-1087.879460322271	-4257.2409231907795	616.0	4.507925911514302E-5	1.14966385713946E-5	1.14966385713946E-5	1.5561905243553066E-5	-0.4340613433795555	27332.927008562914	-20192.693503640152	-20192.693503640152	79177.20097317446	3266.934925320549	-4257.2409231907795
9330000	-5300.216965464409	-1007.5486790536862	-4292.668286410723	996.0	4.61347970788032E-5	1.1728407591797999E-5	1.1728407591797999E-5	1.4818066930766637E-5	-0.44856870067809634	27135.690365430935	-21477.729745558278	-21477.729745558278	84484.67498841445	3446.5269278049536	-4292.668286410723
9340000	-5315.090308899351	-1111.7455717300577	-4203.344737169294	542.0	5.1971440372400025E-5	1.0660596187089139E-5	1.0660596187089139E-5	1.7299841738146556E-5	-0.35553147226886106	22025.406255827245	-13572.607513062558	-13572.60751306256	66167.778019526	3157.894205275398	-4203.344737169294
9350000	-5368.7974517457205	-1093.2798427625196	-4275.517608983201	191.0	5.0796274634498485E-5	1.2348825708709195E-5	1.2348825708709195E-5	1.5320339474432474E-5	-0.4426653569956148	24484.232528629724	-19735.301597731537	-19735.301597731534	81180.17239857987	3273.7402716099023	-4275.517608983201
9360000	-5394.298137755654	-1111.0694891917208	-4283.228648563933	824.0	5.535144633982731E-5	1.3065092633338288E-5	1.3065092633338288E-5	1.659120248044456E-5	-0.4311308246008919	22191.12341334883	-17474.868586226545	-17474.86858622655	74033.86091407346	3343.5682758827234	-4283.228648563933
9370000	-5391.665482116724	-1092.557864647468	-4299.107617469256	835.0	5.0876523544421336E-5	1.1422155982268705E-5	1.1422155982268705E-5	1.4500275803347171E-5	-0.4205341232226495	23878.279702856842	-18809.396390330276	-18809.396390330276	83780.74155129144	3419.1416704669814	-4299.107617469256
9380000	-5525.18506283833	-1201.851209820655	-4323.333853017675	810.0	5.563187401488419E-5	1.5259299477240198E-5	1.5259299477240198E-5	1.871551211408321E-5	-0.47290280931278655	23153.226382072684	-18877.496542695724	-18877.496542695724	68822.9830567293	3376.95345250625	-4323.333853017675
9390000	-5473.6247044077845	-1161.7754368832989	-4311.849267524486	978.0	5.255888385828778E-5	1.18328308233449E-5	1.18328308233449E-5	1.516211625933935E-5	-0.4191656418299913	23081.736530902468	-18013.467170913864	-18013.467170913864	80011.93822979965	3465.165187163286	-4311.849267524486
9400000	-5386.289915402676	-1108.0211008826032	-4278.268814520073	346.0	5.074347195709957E-5	1.2496920460217563E-5	1.2496920460217563E-5	1.6609440523789715E-5	-0.43046258978751606	24189.175218640645	-18199.902535708377	-18199.90253570838	73900.30582995209	3280.766747929904	-4278.268814520073
9410000	-5286.723642836502	-1085.3803300425368	-4201.343312793965	349.0	5.675717725485742E-5	1.4870116954542572E-5	1.4870116954542572E-5	1.9674261325240047E-5	-0.4449946322627346	21969.27850810715	-16604.727131654377	-16604.72713165438	63377.94409827751	3227.1840287067525	-4201.343312793965
9420000	-5372.57761703669	-1061.5259394432928	-4311.0516775933975	511.0	4.664140630670775E-5	9.558375691603712E-6	9.558375691603712E-6	1.3558419411337723E-5	-0.38009639109363075	25060.79122535474	-17667.284835611412	-17667.284835611415	86209.94161988547	3440.9628421222383	-4311.0516775933975
9430000	-5443.998506871477	-1044.380515694423	-4399.617991177054	524.0	3.930394544242134E-5	1.1463809311109648E-5	1.1463809311109648E-5	1.3629896613854964E-5	-0.49529574659527953	33713.18540693391	-28355.426290050615	-28355.426290050615	97217.259782985	3552.1522034963473	-4399.617991177054
9440000	-5394.107205747193	-1085.4914228567877	-4308.615782890405	150.0	5.3602138117684166E-5	1.107812704772222E-5	1.107812704772222E-5	1.3792025687811642E-5	-0.4074377417440944	22369.419134191343	-17967.720823730564	-17967.72082373056	86937.82343393695	3409.592544838015	-4308.615782890405
9450000	-5455.7336583191645	-1099.0504605062017	-4356.683197812963	724.0	4.576267835514474E-5	1.0104738309364355E-5	1.0104738309364355E-5	1.2693987858050229E-5	-0.4192473384189258	26511.803256845342	-21104.072023346325	-21104.07202334633	95576.83043539993	3572.1977872867888	-4356.683197812963
9460000	-5420.376563267467	-1092.7443933836337	-4327.632169883833	469.0	4.782297414743099E-5	1.0172397453036295E-5	1.0172397453036295E-5	1.4424271998593676E-5	-0.38730943613475494	24600.78051399411	-17349.154055584717	-17349.154055584713	81562.69450839999	3457.864858712839	-4327.632169883833
9470000	-5209.8843897602455	-1023.830091216417	-4186.054298543829	195.0	5.0725398682695825E-5	1.2261203349312698E-5	1.2261203349312698E-5	1.7452091019189227E-5	-0.4120943175065087	23746.6946352801	-16683.562529960313	-16683.56252996031	69020.98731013709	3322.906542159207	-4186.054298543829
9480000	-5381.934132358841	-1084.4526428739196	-4297.481489484921	704.0	4.937735143402449E-5	1.2853323305898472E-5	1.2853323305898472E-5	1.4638126983440547E-5	-0.47808903261606533	26252.773480073334	-23051.814320071506	-23051.814320071506	88555.89405050635	3557.7936061032206	-4297.481489484921
9490000	-5377.236861429731	-1085.0855876122284	-4292.151273817502	45.0	4.6029614490254405E-5	1.0120408939305119E-5	1.0120408939305119E-5	1.4167799239440518E-5	-0.39630376263116324	25772.95912888486	-18410.26129409016	-18410.261294090164	83733.49684919028	3494.4050270646953	-4292.151273817502
9500000	-5380.30800797904	-1139.8805995587825	-4240.427408420257	64.0	4.704118272628163E-5	1.2086425192203883E-5	1.2086425192203883E-5	1.8824527365013202E-5	-0.4061595896925456	25457.59698708795	-16345.235956870874	-16345.235956870873	63616.76170778065	3329.7198741412094	-4240.427408420257
9510000	-5305.524464464812	-1106.202949463257	-4199.321515001555	833.0	5.575376142681183E-5	1.1740585203495508E-5	1.1740585203495508E-5	1.549318630718817E-5	-0.39946826818101633	21341.59193801458	-16172.449847210752	-16172.44984721075	76799.82682635046	3283.889313743262	-4199.321515001555
9520000	-5305.593082539106	-1070.5471779067764	-4235.045904632329	370.0	5.107898486184187E-5	1.2209074996514266E-5	1.2209074996514266E-5	1.8097132137053025E-5	-0.40156583297810655	23341.451502820168	-15747.110081710349	-15747.110081710352	65881.02683545512	3312.7736957190327	-4235.045904632329
9530000	-5259.582058244552	-1020.8959612398634	-4238.686097004689	154.0	5.5537323601088146E-5	1.3321188134374265E-5	1.3321188134374265E-5	1.4294478863812524E-5	-0.4727878693573315	23189.3972466408	-21610.46417909441	-21610.464179094408	90096.11831748715	3274.696944330041	-4238.686097004689
9540000	-5289.515790330065	-1042.685320426419	-4246.830469903646	336.0	5.288610839312035E-5	1.0429079468277768E-5	1.0429079468277768E-5	1.4450088087956324E-5	-0.3772592734937818	22046.284875555033	-15911.491718800422	-15911.491718800422	80687.55044932826	3371.0522673845962	-4246.830469903646
9550000	-5479.165631096492	-1176.5499685679422	-4302.615662528549	574.0	5.777444331528863E-5	1.1891790097218679E-5	1.1891790097218679E-5	1.4590334982735784E-5	-0.4095875229999511	20797.764528387554	-16951.128987484724	-16951.128987484728	82354.46747808276	3468.9777105996804	-4302.615662528549
9560000	-5388.264844207424	-1068.388030190084	-4319.876814017341	503.0	5.024187659525861E-5	1.0082309056333132E-5	1.0082309056333132E-5	1.4757336126534198E-5	-0.37027389538415395	23066.147584008806	-15758.943666182247	-15758.943666182246	78529.52121623597	3456.8975648803257	-4319.876814017341
9570000	-5428.021059043223	-1109.5482375790984	-4318.4728214641245	57.0	5.243336088567811E-5	1.0164650341589412E-5	1.0164650341589412E-5	1.332384846852786E-5	-0.3845685398102688	22381.961862984866	-17075.007782730143	-17075.007782730143	88079.76812881268	3432.8762340425747	-4318.4728214641245
9580000	-5359.422442074698	-1082.2375586009357	-4277.184883473762	292.0	4.8844445183164396E-5	1.3273463776860297E-5	1.3273463776860297E-5	1.4991239286295018E-5	-0.4905213449526317	26960.045806133952	-23870.821123998914	-23870.821123998907	87841.20207574655	3463.94297617187	-4277.184883473762
9590000	-5298.488948165055	-1019.1080683826228	-4279.380879782432	184.0	4.991644093433006E-5	1.0648496319711236E-5	1.0648496319711236E-5	1.3467224611657508E-5	-0.41070257633032703	24098.298840409967	-19054.456572386833	-19054.456572386833	89320.6540599243	3485.97926776608	-4279.380879782432
9600000	-5290.850873604528	-1003.2980825221521	-4287.552791082376	785.0	4.7733662651412575E-5	1.1263527641528524E-5	1.1263527641528524E-5	1.3896971311387531E-5	-0.4373226478391452	25903.684188028903	-20994.996415528887	-20994.996415528884	88974.61862405232	3479.5625870140802	-4287.552791082376
9610000	-5352.8038214133685	-1160.2739509494465	-4192.529870463922	885.0	5.278776682274252E-5	1.2602962946508114E-5	1.2602962946508114E-5	1.7629392307833233E-5	-0.4131305807030503	22842.46329673347	-16329.701756525614	-16329.701756525614	68397.28818271568	3312.9818265955055	-4192.529870463922
9620000	-5418.341926268587	-1177.850234348575	-4240.491691920011	749.0	5.845269999357925E-5	1.481585823479651E-5	1.481585823479651E-5	1.7240643449896034E-5	-0.46671073499571847	21871.98056656364	-18795.827680688177	-18795.827680688177	74154.7913822468	3341.102969637866	-4240.491691920011
9630000	-5325.608474418576	-1045.7432823032905	-4279.865192115286	998.0	5.054524424763721E-5	1.081141693029317E-5	1.081141693029317E-5	1.3918838749804414E-5	-0.40760637165304936	23726.195126075603	-18429.25205819326	-18429.25205819326	86159.94116114338	3320.187667776674	-4279.865192115286
9640000	-5454.392988105523	-1081.6408102872024	-4372.752177818321	61.0	4.038046659896452E-5	1.1643940005938251E-5	1.1643940005938251E-5	1.4942896761054734E-5	-0.47402024964009576	31941.565130975145	-24889.797074030754	-24889.797074030757	86316.28288108115	3369.554132464663	-4372.752177818321
9650000	-5513.5820967318	-1220.9385683495411	-4292.643528382259	910.0	5.405945389428384E-5	1.3883974235613209E-5	1.3883974235613209E-5	1.5717628544416075E-5	-0.476304255365958	23926.18350313932	-21134.900495670245	-21134.90049567024	82292.08434968692	3331.5046484040568	-4292.643528382259
9660000	-5353.732586734319	-1142.7089252775472	-4211.023661456771	130.0	5.5017446184918824E-5	1.2939279052721203E-5	1.2939279052721203E-5	1.8420710600538928E-5	-0.40644957674837806	21772.9756549576	-15294.014108194026	-15294.014108194026	65029.712607673835	3366.9965674397827	-4211.023661456771
9670000	-5393.398753450463	-1091.8113908995663	-4301.587362550897	565.0	4.698436884150611E-5	1.3045180092615847E-5	1.3045180092615847E-5	1.4039012088559797E-5	-0.5079314526060912	28683.97905811644	-26653.419074328667	-26653.41907432867	95996.68718903672	3442.7246919689064	-4301.587362550897
9680000	-5346.574124448358	-1046.4836087637632	-4300.090515684595	56.0	5.04383079543E-5	1.0803176950762382E-5	1.0803176950762382E-5	1.3345019411217044E-5	-0.4164008719836529	23984.941927524083	-19416.500179760453	-19416.500179760453	90652.53859350765	3536.825052102799	-4300.090515684595
9690000	-5380.329196695746	-1037.110042351006	-4343.21915434474	699.0	4.67107376254419E-5	1.1464747178726604E-5	1.1464747178726604E-5	1.2856347610984407E-5	-0.46783996253601684	27407.051071695427	-24440.44925970827	-24440.44925970827	99577.54802796798	3698.6820309810964	-4343.21915434474
9700000	-5358.19628958833	-1063.5024070137536	-4294.6938825745765	342.0	4.046480389335022E-5	1.1075597815931801E-5	1.1075597815931801E-5	1.4786716088595956E-5	-0.4527855826514696	31085.904437446006	-23284.0728956157	-23284.0728956157	85068.58584231586	3482.3678431083763	-4294.6938825745765
9710000	-5237.908788036797	-1030.4244501440694	-4207.484337892727	376.0	5.361159919844826E-5	1.2565614143785783E-5	1.2565614143785783E-5	1.7667132018061788E-5	-0.4082924144267664	22384.183683423526	-15920.581495738606	-15920.581495738606	67925.67592709944	3137.504005575265	-4207.484337892727
9720000	-5352.397008243123	-1069.2966520379714	-4283.100356205152	994.0	4.8509939561512E-5	9.907082507161683E-6	9.907082507161683E-6	1.4074932289630244E-5	-0.37914667870405744	24075.194245837713	-16946.08051117838	-16946.08051117838	82976.3293893565	3458.1888801148634	-4283.100356205152
9730000	-5416.286826363803	-1185.5409709518212	-4230.745855411982	563.0	5.690262586642105E-5	1.4485994150338897E-5	1.4485994150338897E-5	1.6409961651671094E-5	-0.47405460354067136	22668.013485484647	-20010.327733891732	-20010.327733891732	78602.83392972873	3460.1972588924546	-4230.745855411982
9740000	-5468.0124475196135	-1091.1276798240392	-4376.884767695574	730.0	4.2017483886974456E-5	8.536764783272372E-6	8.536764783272372E-6	1.1967756273976417E-5	-0.3806904008353503	27833.373071491373	-19853.92696817025	-19853.92696817025	97719.92993327914	3515.325422534834	-4376.884767695574
9750000	-5393.45051649893	-1168.5778619800653	-4224.872654518865	81.0	5.438629351987977E-5	1.0923720956998036E-5	1.0923720956998036E-5	1.6698260013580157E-5	-0.36248518129036106	21168.421091918186	-13848.025178688535	-13848.025178688531	68945.62438967796	3456.591516619167	-4224.872654518865
9760000	-5412.887405699852	-1159.5157825562885	-4253.371623143564	198.0	5.362989433970133E-5	1.2285473199647406E-5	1.2285473199647406E-5	1.549438400820805E-5	-0.4261880424952299	22784.87622173959	-18066.093239407117	-18066.093239407113	78864.09060648987	3278.0924906956584	-4253.371623143564
9770000	-5422.253794485199	-1160.995641068435	-4261.258153416765	568.0	4.9911735109408706E-5	1.1465654413310125E-5	1.1465654413310125E-5	1.6579698899815867E-5	-0.3985742101147289	23819.342513888234	-16472.214077394445	-16472.214077394445	71706.04974295825	3410.7353735767183	-4261.258153416765
9780000	-5478.778260286796	-1081.0313638090515	-4397.7468964777445	571.0	4.1861507735154E-5	9.671220985510977E-6	9.671220985510977E-6	1.1894935524896842E-5	-0.43340391255504135	29413.247464535416	-23914.548804038972	-23914.548804038972	103513.20389047056	3618.8057579106435	-4397.7468964777445
9790000	-5459.49846050553	-1123.7620233799405	-4335.736437125589	243.0	4.588330465358766E-5	8.737938620139745E-6	8.737938620139745E-6	1.2823464357270157E-5	-0.36022923880342356	25044.29532489656	-17065.24143840521	-17065.24143840521	89610.34243255558	3717.569991237663	-4335.736437125589
9800000	-5485.606976225283	-1136.809406217964	-4348.797570007319	993.0	4.7509594568208214E-5	1.3080685509593402E-5	1.3080685509593402E-5	1.4157977921273568E-5	-0.5043583634036587	28229.26616313741	-26081.277630173798	-26081.277630173798	94728.28661171228	3537.6315183955776	-4348.797570007319
9810000	-5321.836260246944	-1072.3647114329501	-4249.471548813995	905.0	4.561525647832008E-5	1.0674047841376844E-5	1.0674047841376844E-5	1.527311145501454E-5	-0.4043992336693263	26208.61355551062	-18316.634156154774	-18316.63415615477	78275.64362357068	3381.3714655904987	-4249.471548813995
9820000	-5367.638083711578	-1135.7399508061005	-4231.898132905477	140.0	5.2653840621377004E-5	1.2176955970568016E-5	1.2176955970568016E-5	1.532561180579094E-5	-0.4286618145892727	23267.36792329244	-18487.073687060318	-18487.073687060318	79939.14356156778	3454.887884146732	-4231.898132905477
9830000	-5442.590834753219	-1198.4634632731206	-4244.127371480098	595.0	5.090973222440545E-5	1.1418039921099322E-5	1.1418039921099322E-5	1.7567354464517362E-5	-0.3818017973862095	22994.591354522985	-14945.515136363594	-14945.515136363594	66637.72230661572	3383.905202782726	-4244.127371480098
9840000	-5292.843238207492	-1129.45375678822	-4163.389481419272	570.0	6.587953128068917E-5	1.5062137111437029E-5	1.5062137111437029E-5	2.041846235067114E-5	-0.4106764787115635	18258.63467399806	-13468.891741417423	-13468.891741417427	58910.91471482885	3140.9638769606654	-4163.389481419272
9850000	-5389.860291324421	-1144.7770034183322	-4245.083287906089	424.0	4.833344530461838E-5	9.5263828712453E-6	9.5263828712453E-6	1.6215218628224075E-5	-0.3402849572714675	23399.07643945731	-13746.873607230478	-13746.873607230478	69746.69951699315	3398.412499106664	-4245.083287906089
9860000	-5515.01674774518	-1034.689849083368	-4480.326898661811	752.0	3.828428105809633E-5	8.369767568943652E-6	8.369767568943652E-6	1.0588577758173744E-5	-0.41570412558389863	31577.241356299022	-24960.30880225049	-24960.308802250485	114171.3278906308	3801.9241515432227	-4480.326898661811
9870000	-5236.471219649288	-969.3471340501635	-4267.124085599125	354.0	4.628457540626687E-5	8.136119094922868E-6	8.136119094922868E-6	1.404200770367333E-5	-0.3191424329874978	24055.57580498195	-13938.108693323029	-13938.108693323029	79290.80625668612	3417.133039618816	-4267.124085599125
9880000	-5354.6520692112335	-1134.9185708964746	-4219.733498314759	216.0	5.945485249504395E-5	1.5863008230647538E-5	1.5863008230647538E-5	1.9599341221878464E-5	-0.464698381190858	21451.90849179555	-17362.41015022422	-17362.41015022422	65074.639023741875	3307.227941124837	-4219.733498314759
9890000	-5299.122812778085	-1040.4184562637377	-4258.704356514348	406.0	4.80133009568628E-5	1.1272631575997975E-5	1.1272631575997975E-5	1.8078086995596496E-5	-0.3826205526094614	24399.631019240318	-15214.444489463123	-15214.444489463121	64802.588219016136	3260.525721374181	-4258.704356514348
9900000	-5469.689439560958	-1083.8761051245183	-4385.81333443644	458.0	4.195868133484881E-5	1.2052335041578515E-5	1.2052335041578515E-5	1.3172758186985368E-5	-0.512651132227141	32329.53297386313	-29579.709701475254	-29579.709701475254	102978.02119339221	3496.782420380511	-4385.81333443644
9910000	-5378.651928811671	-1023.1257628869521	-4355.526165924719	584.0	4.449938963461151E-5	1.258889363125985E-5	1.258889363125985E-5	1.206313267078086E-5	-0.5433510177174429	31885.90436041384	-33275.62328001743	-33275.62328001743	117623.11836483899	3642.978202561391	-4355.526165924719
9920000	-5418.429813406843	-1153.1655199975316	-4265.264293409311	13.0	4.943809254331273E-5	1.0512133081845654E-5	1.0512133081845654E-5	1.547952697275146E-5	-0.37999786332169927	23641.046308894318	-16054.613647473716	-16054.613647473716	75504.13118548368	3395.086996714875	-4265.264293409311
9930000	-5408.67351136423	-1179.7271016657226	-4228.9464096985075	707.0	6.059192750550014E-5	1.6508924531034546E-5	1.6508924531034546E-5	1.7825515276269383E-5	-0.5023314296550072	22073.90984838893	-20443.533112170437	-20443.533112170433	75032.93591053187	3475.1951322695018	-4228.9464096985075
9940000	-5377.354587061091	-1041.9551536873157	-4335.399433373775	562.0	4.7791350687919835E-5	1.2432861164048317E-5	1.2432861164048317E-5	1.4904187247506601E-5	-0.46584590532727466	26723.652456122578	-22292.491047362204	-22292.4910473622	85691.31781448243	3464.854780870208	-4335.399433373775
9950000	-5319.234592467155	-1036.0431687278456	-4283.191423739309	557.0	5.109437227457857E-5	1.1506370112758949E-5	1.1506370112758949E-5	1.46345002035956E-5	-0.42078752693758187	23782.63061847692	-18699.084105652906	-18699.084105652903	83033.82866404238	3450.228655337121	-4283.191423739309
9960000	-5410.568006802256	-1154.136413705579	-4256.431593096677	352.0	4.999051856515325E-5	1.2652047164189946E-5	1.2652047164189946E-5	1.646543423021992E-5	-0.4409916709994316	24833.195574395195	-19081.838793425166	-19081.838793425162	75395.78410361204	3495.214314962859	-4256.431593096677
9970000	-5271.802841546376	-1022.6165547505954	-4249.186286795781	448.0	4.7521192600150144E-5	1.2173315808583798E-5	1.2173315808583798E-5	1.555707228816586E-5	-0.4477146324360137	26318.805087286335	-20594.307212663294	-20594.307212663294	80394.36870844546	3333.382799888471	-4249.186286795781
9980000	-5439.87902567403	-1109.048610844251	-4330.830414829779	365.0	5.1633550799496486E-5	9.917295889602328E-6	9.917295889602328E-6	1.2546689469365342E-5	-0.3896392512920263	22833.860222591407	-18048.5974951538	-18048.597495153805	93968.47547956518	3521.9326612032514	-4330.830414829779
9990000	-5388.811805146153	-1146.887689197527	-4241.924115948626	366.0	5.34219125064514E-5	1.1687317264728488E-5	1.1687317264728488E-5	1.5979525965993643E-5	-0.4000121398790783	22284.67494000088	-16298.86059945705	-16298.860599457048	74500.95562364887	3436.5040662274823	-4241.924115948626
10000000	-5461.3129408166915	-1121.197417963566	-4340.115522853125	63.0	5.1900146970014285E-5	1.095047028876857E-5	1.095047028876857E-5	1.3554125092527853E-5	-0.41286943466563647	23227.08410840728	-18765.319981004144	-18765.319981004144	88938.90757846006	3507.0983053814016	-4340.115522853125
10010000	-5305.445857941898	-1008.7859804684879	-4296.65987747341	410.0	4.740672283912836E-5	1.1866949531552288E-5	1.1866949531552288E-5	1.463178949275764E-5	-0.45057843901978994	26467.513874392338	-21466.18166756292	-21466.18166756292	85754.24729184118	3331.4855066296022	-4296.65987747341
10020000	-5320.224817534005	-1037.2815295631112	-4282.943287970894	891.0	4.5610004930091924E-5	1.1444470445902077E-5	1.1444470445902077E-5	1.5573342524549568E-5	-0.4294125416568419	26881.9067974608	-19754.859137533324	-19754.859137533324	78729.65611779744	3484.0842570626683	-4282.943287970894
10030000	-5193.154926332755	-989.6951692672875	-4203.459757065468	749.0	5.387515425175046E-5	1.306617900117786E-5	1.306617900117786E-5	1.7587407798619166E-5	-0.4244762768645283	22640.865381054726	-16820.53450956305	-16820.534509563055	69355.30970591406	3286.3485647030984	-4203.459757065468
10040000	-5288.863743970845	-1034.3428205087612	-4254.520923462083	995.0	4.478493730344229E-5	9.543465703022615E-6	9.543465703022615E-6	1.2296303578691405E-5	-0.40668002673357867	26753.69304508614	-20764.203678854366	-20764.20367885437	97440.86570341763	3516.9431803962125	-4254.520923462083
10050000	-5327.753407842198	-1013.6457639974195	-4314.107643844778	185.0	4.6995021184490577E-5	1.1269714232646779E-5	1.1269714232646779E-5	1.4011508060978513E-5	-0.43918200633166166	26363.950672294788	-21205.01153960788	-21205.01153960788	88425.48674698708	3611.310320949183	-4314.107643844778
10060000	-5404.032542346504	-979.8459394967017	-4424.1866028498025	698.0	4.040643677639113E-5	7.0608115130392955E-6	7.0608115130392955E-6	1.0750578565086555E-5	-0.33877661361749367	27957.164586344436	-18361.827541474835	-18361.82754147483	105078.01012439674	3533.3409598439366	-4424.1866028498025
10070000	-5340.436724222171	-1055.0382934590164	-4285.3984307631545	386.0	4.378828821701985E-5	1.0963245543006476E-5	1.0963245543006476E-5	1.5967183689783875E-5	-0.41461594162441884	27577.98892602215	-18935.35328786505	-18935.35328786505	75629.67590277563	3354.193038803599	-4285.3984307631545
10080000	-5294.3964775719305	-1024.664253261665	-4269.732224310265	326.0	4.8447035580003217E-5	9.156942265971622E-6	9.156942265971622E-6	1.3665820700802425E-5	-0.3558762558249013	23634.337208720775	-15836.462811344616	-15836.462811344616	83786.6675357051	3499.3825435237386	-4269.732224310265
10090000	-5307.617831239539	-1077.3216459133396	-4230.296185326199	696.0	4.992455870948959E-5	1.0652341679136873E-5	1.0652341679136873E-5	1.591916755442812E-5	-0.37785727991819723	23366.383831116495	-15635.660817306718	-15635.660817306716	73279.98762602074	3346.0188189011756	-4230.296185326199
10100000	-5478.156603203942	-1183.085722601538	-4295.070880602404	219.0	5.20735160026234E-5	1.1851022810862449E-5	1.1851022810862449E-5	1.7031792804124267E-5	-0.39793963784003367	22816.795135049542	-15876.329798397337	-15876.329798397337	69760.75626670787	3459.4099308248183	-4295.070880602404
10110000	-5361.565498890912	-1145.3437473033375	-4216.2217515875745	492.0	4.9214907083866495E-5	1.1056933079903509E-5	1.1056933079903509E-5	1.7095172780404528E-5	-0.3811971096940589	23773.621065703363	-15376.465658877429	-15376.465658877429	68441.34112155816	3374.1652304479235	-4216.2217515875745
10120000	-5364.754574732835	-1010.4975309834912	-4354.257043749344	929.0	4.0725350191323565E-5	9.378967761501874E-6	9.378967761501874E-6	1.203637891568671E-5	-0.42361829089769115	29924.811461173264	-23317.963311838223	-23317.963311838223	101251.25128599227	3492.6345431532645	-4354.257043749344
10130000	-5470.713943629434	-1139.1000803727459	-4331.613863256688	708.0	4.4127674045966855E-5	1.1241310918760339E-5	1.1241310918760339E-5	1.702609130363644E-5	-0.41011340290015424	27243.719134739124	-17987.4001563455	-17987.4001563455	70609.39215807396	3347.226014379876	-4331.613863256688
10140000	-5430.353507004019	-1170.8537646389568	-4259.499742365062	435.0	5.723621485451438E-5	1.474432465229437E-5	1.474432465229437E-5	1.7758538808547057E-5	-0.4624723983877731	22224.94252895852	-18452.631241700637	-18452.63124170064	71631.54578373673	3434.660518630373	-4259.499742365062
10150000	-5443.826523038997	-1105.739163829374	-4338.087359209623	556.0	4.795946941532098E-5	1.0359775897134304E-5	1.0359775897134304E-5	1.4540426560060233E-5	-0.39230568562833623	24643.69700669293	-17558.16290613421	-17558.16290613421	81283.62864672595	3484.6351309393112	-4338.087359209623
10160000	-5371.384031555671	-1009.261720111909	-4362.122311443762	554.0	3.967930310135271E-5	8.557954436117287E-6	8.557954436117287E-6	1.1921101101424658E-5	-0.3934864360942536	29818.974292376777	-21406.531255356622	-21406.531255356625	99252.25103386315	3595.4110642067217	-4362.122311443762
10170000	-5301.336417284638	-1002.3659503579358	-4298.970466926702	206.0	4.138090353274761E-5	1.0941756563642227E-5	1.0941756563642227E-5	1.5352822698990694E-5	-0.434103159167494	29777.09791356775	-21221.749441776363	-21221.749441776363	80259.06638832827	3420.3448885660428	-4298.970466926702
10180000	-5439.619552579727	-1130.8916479119423	-4308.727904667784	184.0	5.452328796898235E-5	1.3602766520814203E-5	1.3602766520814203E-5	1.4507063009362803E-5	-0.483667021540135	23941.516413467387	-22449.124107095362	-22449.124107095362	89981.70015413313	3512.9879416108533	-4308.727904667784
10190000	-5328.219698495906	-976.9510654548262	-4351.268633041081	580.0	4.6599578282857586E-5	1.0267373548022748E-5	1.0267373548022748E-5	1.0773898612770935E-5	-0.4582283210141063	27162.90322246297	-25885.863980864968	-25885.863980864968	117485.77563227156	3462.8061658385095	-4351.268633041081
10200000	-5357.8762917446065	-1006.3700607584082	-4351.506230986199	82.0	5.044381596718845E-5	1.1261640308090567E-5	1.1261640308090567E-5	1.3104406817211442E-5	-0.43801501906676715	24530.360814182455	-21080.85501086326	-21080.855010863255	94426.63248931894	3376.379858314702	-4351.506230986199
10210000	-5418.1058637793	-1144.046634328427	-4274.059229450873	996.0	5.250319154484851E-5	1.140200554743494E-5	1.140200554743494E-5	1.544325188012305E-5	-0.4004230032134505	22683.501669023444	-16747.60043241581	-16747.60043241581	77118.22887312381	3425.4660087114216	-4274.059229450873
10220000	-5399.341943139628	-1157.9817586528115	-4241.360184486816	643.0	5.1779530064630894E-5	1.1637451152409063E-5	1.1637451152409063E-5	1.6632638205498946E-5	-0.39655026858424564	22916.285509734633	-16033.965863937718	-16033.965863937716	71341.32780743511	3456.1196442555465	-4241.360184486816
10230000	-5477.39059905354	-1138.6803873307506	-4338.71021172279	440.0	4.156676251498891E-5	8.863321396771477E-6	8.863321396771477E-6	1.3902672601244428E-5	-0.36870094426981254	27842.619556356844	-17750.406179739603	-17750.406179739603	83244.96937305984	3500.2901711565355	-4338.71021172279
10240000	-5597.415725546776	-1195.4711793604165	-4401.94454618636	953.0	4.530728056857997E-5	9.388968348800861E-6	9.388968348800861E-6	1.2494022612661825E-5	-0.39462330845978694	26142.63680387249	-19645.585502383063	-19645.585502383063	94801.47564925774	3649.278151812945	-4401.94454618636
10250000	-5552.39499535521	-1153.9967792906816	-4398.398216064528	652.0	4.403254035938747E-5	8.765116498111495E-6	8.765116498111495E-6	1.2365679328154789E-5	-0.3756313506055859	26441.318351158538	-18742.297091909255	-18742.297091909255	94154.01989293983	3450.9371339593245	-4398.398216064528
10260000	-5457.583620707253	-1058.708648313616	-4398.874972393637	469.0	4.773143906358831E-5	1.1156130645697217E-5	1.1156130645697217E-5	1.24404825984883E-5	-0.4578178414144419	26506.17057860068	-23769.680922823496	-23769.680922823492	101698.43941064579	3626.386214849334	-4398.874972393637
10270000	-5367.80457071742	-1148.3338006663882	-4219.470770051032	145.0	5.8058019623701256E-5	1.7672134675949323E-5	1.7672134675949323E-5	2.1137010608280758E-5	-0.5044709018395237	23103.87508469976	-19316.5816869661	-19316.581686966096	63460.498644285115	3413.572483118097	-4219.470770051032
10280000	-5351.91279131898	-1054.4431023779525	-4297.469688941028	315.0	4.055296949052925E-5	8.614529673995051E-6	8.614529673995051E-6	1.4783114139759893E-5	-0.3518335706231656	28142.817738090158	-16399.598638189884	-16399.59863818988	77201.24584851728	3422.013906484559	-4297.469688941028
10290000	-5333.161094647282	-1022.9092258052922	-4310.25186884199	778.0	4.3276277117623164E-5	1.0839996575608548E-5	1.0839996575608548E-5	1.4725305925326391E-5	-0.4294098827024914	28331.468194251865	-20856.138389589716	-20856.138389589716	83263.4972027852	3627.0262965431425	-4310.25186884199
10300000	-5456.457433194862	-1113.5866519481149	-4342.870781246746	371.0	5.415422531387367E-5	1.2412987338643571E-5	1.2412987338643571E-5	1.5041432813118685E-5	-0.434926164107395	22773.66348159251	-18794.0337841342	-18794.0337841342	81992.86056903162	3392.5629267273484	-4342.870781246746
10310000	-5472.315901287813	-1175.6284667662458	-4296.687434521567	786.0	5.358422916104389E-5	1.5053045408812249E-5	1.5053045408812249E-5	1.4894004688851244E-5	-0.5328440674819812	26061.725529554435	-26340.017075598396	-26340.017075598393	93762.38978581809	3593.803723597651	-4296.687434521567
10320000	-5430.9724920350745	-1123.7846247600987	-4307.187867274976	381.0	4.132102448022801E-5	7.829635492093697E-6	7.829635492093697E-6	1.3498832326914275E-5	-0.3315186019694564	27188.944912017443	-15770.217965539743	-15770.217965539741	83227.57339988837	3346.6962570990167	-4307.187867274976
10330000	-5410.417714219434	-1048.985118557518	-4361.432595661916	738.0	4.5387947212229616E-5	9.267933735785725E-6	9.267933735785725E-6	1.1319861695178815E-5	-0.40887644229078485	26455.031570445462	-21659.58261463855	-21659.58261463855	106073.69672446154	3479.2338893528995	-4361.432595661916
10340000	-5373.948767001269	-1082.5985261702153	-4291.350240831053	489.0	4.602275340615925E-5	1.260293375234787E-5	1.260293375234787E-5	1.5922335039713527E-5	-0.46556677069604463	27741.397767737835	-21958.022952808147	-21958.022952808144	80185.19302742583	3408.626523976119	-4291.350240831053
10350000	-5397.231106716672	-1049.9244968078185	-4347.306609908854	379.0	4.6605432815117844E-5	1.0023122069358621E-5	1.0023122069358621E-5	1.2328220392048015E-5	-0.41815235973773285	26003.46877076174	-21141.408364520794	-21141.40836452079	98303.15148628072	3644.906765734008	-4347.306609908854
10360000	-5256.16608550601	-953.5303459566384	-4302.6357395493715	751.0	4.62566102265083E-5	1.0158911930115118E-5	1.0158911930115118E-5	1.2494529044807165E-5	-0.42257164106834727	26318.06409050354	-21398.397195104288	-21398.397195104288	97433.39890483046	3528.7238530268055	-4302.6357395493715
10370000	-5271.311051708969	-1018.0518350551156	-4253.259216653853	407.0	4.369723990123225E-5	8.996185361354748E-6	8.996185361354748E-6	1.547900258554505E-5	-0.34590744211783747	25995.10593514894	-15108.001319092624	-15108.001319092624	73384.21025699125	3401.696752501754	-4253.259216653853
10380000	-5319.644725551717	-1083.9635095517149	-4235.681216000002	310.0	4.72626546449741E-5	1.1271007837189108E-5	1.1271007837189108E-5	1.650091330532104E-5	-0.40359864990758626	25275.53336700714	-17264.54344662286	-17264.543446622858	72395.31427070523	3240.533630714503	-4235.681216000002
10390000	-5346.845676559346	-973.2987721639419	-4373.546904395404	185.0	4.683619919039154E-5	9.06052765921639E-6	9.06052765921639E-6	1.1118287922142062E-5	-0.39704863752912706	25346.882330037628	-20655.709767045075	-20655.709767045075	106774.67951705464	3550.110695863339	-4373.546904395404
10400000	-5455.600586404347	-1143.9909898946003	-4311.6095965097475	294.0	4.751837068190327E-5	7.802893832045631E-6	7.802893832045631E-6	1.4286705735830227E-5	-0.29947383043637404	23117.802929585996	-12626.127060020279	-12626.12706002028	76891.08666977241	3432.9015844751652	-4311.6095965097475
10410000	-5379.336086329498	-1126.5497592902236	-4252.7863270392745	183.0	5.603150094270356E-5	1.1297427325147319E-5	1.1297427325147319E-5	1.389830466926991E-5	-0.40483915922136415	21345.52252935726	-17351.00037243436	-17351.00037243436	86055.21998453997	3515.0260090025354	-4252.7863270392745
10420000	-5332.4181445759095	-1086.254028802889	-4246.164115773021	185.0	5.031212819626497E-5	8.75102750358781E-6	8.75102750358781E-6	1.444228783671335E-5	-0.32464200094085344	22217.477157209207	-13462.254447583242	-13462.254447583242	77398.30223363554	3491.325472244045	-4246.164115773021
10430000	-5343.802272186039	-1105.973749880058	-4237.828522305981	278.0	5.357741410030776E-5	1.317583872795704E-5	1.317583872795704E-5	1.619273228329199E-5	-0.4473292824211816	23333.74501573297	-18986.398086985846	-18986.398086985846	77205.11259911716	3401.042341909898	-4237.828522305981
10440000	-5387.043550328412	-1090.5486977495052	-4296.494852578907	446.0	4.6520750121852425E-5	1.1606858711984422E-5	1.1606858711984422E-5	1.4545514624070267E-5	-0.44619715597735127	26839.26425113082	-21416.880471247117	-21416.880471247117	85839.70646284588	3496.1468944555622	-4296.494852578907
10450000	-5368.13711195557	-1077.5478598950024	-4290.589252060568	285.0	4.731468686421381E-5	1.0840967248516366E-5	1.0840967248516366E-5	1.450126641389813E-5	-0.4138729871433818	25503.623913726413	-19066.193508602973	-19066.193508602973	83213.14462743289	3334.6769972214943	-4290.589252060568
10460000	-5358.746637313936	-1099.79755867654	-4258.949078637396	379.0	5.00734892950453E-5	1.3142745259266042E-5	1.3142745259266042E-5	1.6298323635054223E-5	-0.46005599434311223	25332.25835809638	-20427.586658440167	-20427.58665844017	77828.5298609019	3540.100680084739	-4258.949078637396
10470000	-5237.973559448297	-924.1910007044166	-4313.782558743881	874.0	4.115049755600773E-5	9.219065077451985E-6	9.219065077451985E-6	1.2977637699533934E-5	-0.39893442340679147	28900.52259734086	-20530.377312569413	-20530.377312569417	91640.01276996132	3541.8912253533754	-4313.782558743881
10480000	-5516.3052687694835	-1130.049565187225	-4386.255703582258	1.0	4.341439891775782E-5	9.657869116318598E-6	9.657869116318598E-6	1.3221779977029965E-5	-0.4031061800286252	27502.906198720622	-20089.539294035192	-20089.539294035196	90307.21606192898	3514.9176087284063	-4386.255703582258
10490000	-5434.029687731516	-1066.9669520097655	-4367.062735721751	755.0	4.650257614324318E-5	9.769062391188977E-6	9.769062391188977E-6	1.2536497739261862E-5	-0.40460035889118284	25713.526590363304	-20037.258473876303	-20037.258473876303	95381.12262684315	3329.5983881481416	-4367.062735721751
10500000	-5260.881541397979	-1023.3351194553718	-4237.546421942608	191.0	5.661322286142289E-5	1.1353817721987689E-5	1.1353817721987689E-5	1.4670346062187399E-5	-0.39396967920279385	20909.056704933286	-16182.141686378205	-16182.141686378203	80688.5592228503	3279.8778275229693	-4237.546421942608
10510000	-5413.927612795869	-1085.2336030877732	-4328.694009708096	551.0	4.5924048883927914E-5	8.730915173216194E-6	8.730915173216194E-6	1.1618299894186945E-5	-0.37797962716208766	25404.603637934975	-19091.04097777396	-19091.04097777396	100417.64027188453	3528.4935371361667	-4328.694009708096
10520000	-5254.909260584638	-1040.1138889964918	-4214.795371588146	158.0	4.871347137743572E-5	1.2582499978611609E-5	1.2582499978611609E-5	1.4781673146520485E-5	-0.4689003980219003	26313.741050579916	-22398.861273972252	-22398.861273972252	86717.76589799755	3513.58975376299	-4214.795371588146
10530000	-5474.776432716133	-1163.4838883683462	-4311.292544347787	193.0	4.640933184157263E-5	1.1187260511100766E-5	1.1187260511100766E-5	1.5883969086610363E-5	-0.4120420856822409	25953.790966410816	-18279.550860914733	-18279.550860914733	75831.05273872131	3434.573405846046	-4311.292544347787
10540000	-5471.666017705452	-1090.8888444260758	-4380.777173279376	828.0	4.4765137842191196E-5	8.805004357039856E-6	8.805004357039856E-6	1.3130288022900951E-5	-0.36318046952485555	25732.995519851105	-17256.219915114754	-17256.219915114754	87731.59351337049	3584.249770155754	-4380.777173279376
10550000	-5392.537831107784	-1021.8687392541108	-4370.669091853673	179.0	3.941457726447158E-5	8.58316487886678E-6	8.58316487886678E-6	1.1687165656368453E-5	-0.3999119841342911	30201.42549288923	-22180.2122263087	-22180.2122263087	101853.30246756761	3510.4613684865612	-4370.669091853673
10560000	-5415.677704161079	-1030.5351969883295	-4385.14250717275	755.0	3.5943870887553124E-5	7.1082531053588944E-6	7.1082531053588944E-6	1.1756184753268559E-5	-0.34579384550894354	31599.629532705585	-19106.382680111827	-19106.382680111823	96614.08253237016	3352.608813918976	-4385.14250717275
10570000	-5273.26414927228	-1067.45768717323	-4205.80646209905	751.0	5.3715878190200474E-5	9.490632077435846E-6	9.490632077435846E-6	1.80206710012767E-5	-0.30504107188384655	20526.457347313524	-10810.31081044268	-10810.310810442681	61185.106951152025	3406.6676588523856	-4205.80646209905
10580000	-5304.048922538501	-982.5484492768724	-4321.500473261629	664.0	4.247026147469967E-5	8.535743525785996E-6	8.535743525785996E-6	1.2284023625103843E-5	-0.37370470732223005	27367.96660503677	-19017.054256185962	-19017.054256185966	94620.84519044831	3573.6694820345333	-4321.500473261629
10590000	-5342.753999264928	-1091.3341979623544	-4251.419801302573	579.0	5.0349118038190396E-5	1.1834202997545879E-5	1.1834202997545879E-5	1.669308304700325E-5	-0.408201695202434	23832.497326006767	-16895.537540925678	-16895.537540925678	71882.78028889255	3418.3820538301625	-4251.419801302573
10600000	-5390.96983463314	-1064.2096375042702	-4326.76019712887	414.0	4.523207497113344E-5	1.1973093406835916E-5	1.1973093406835916E-5	1.4116319030860305E-5	-0.473829812953332	28508.864153137733	-24180.474575708966	-24180.474575708966	91349.24465064293	3381.8384791101425	-4326.76019712887
10610000	-5348.522724336389	-1040.6895055868993	-4307.83321874949	231.0	5.316746366084247E-5	8.941607367091686E-6	8.941607367091686E-6	1.3547231893860465E-5	-0.3331711146897379	21156.98399950128	-13964.287721472883	-13964.287721472887	83032.69529742766	3552.282254662975	-4307.83321874949
10620000	-5354.491706994208	-1046.372967845513	-4308.118739148695	927.0	4.781819012635463E-5	8.77674198674678E-6	8.77674198674678E-6	1.3427107332345652E-5	-0.3463741985587509	23763.581631342957	-15533.265616850971	-15533.265616850971	84629.65524922145	3362.5777479799935	-4308.118739148695
10630000	-5488.434266150195	-1145.6356809858678	-4342.798585164327	158.0	4.532935712643419E-5	1.1087174230652445E-5	1.1087174230652445E-5	1.4413916428019578E-5	-0.43375060404242394	27173.092962463263	-20901.523715989788	-20901.523715989784	85454.83396385485	3564.3752621135736	-4342.798585164327
10640000	-5370.639133492722	-1019.7702326965745	-4350.8689007961475	980.0	4.5083425446977095E-5	9.315881322464133E-6	9.315881322464133E-6	1.1541893650888024E-5	-0.4083917497205726	26621.06338209266	-21486.826568211367	-21486.826568211367	103983.69302367349	3304.0907944293326	-4350.8689007961475
10650000	-5497.421751410472	-1173.4827917592256	-4323.9389596512465	546.0	5.223507683589274E-5	1.3639750018277886E-5	1.3639750018277886E-5	1.501431507010249E-5	-0.48704885800096104	25097.850227062536	-22800.134504635458	-22800.134504635458	87315.88013873954	3425.353903692209	-4323.9389596512465
10660000	-5546.638087842155	-1178.7883961328534	-4367.849691709302	28.0	5.1583504037657956E-5	1.2584015285865188E-5	1.2584015285865188E-5	1.5346851612307442E-5	-0.4472539348379722	24233.646091814127	-19870.95337567971	-19870.95337567971	81453.60446580342	3493.5212430493625	-4367.849691709302
10670000	-5316.654450533914	-1073.70625651137	-4242.948194022544	229.0	5.074143088994105E-5	1.2130609869138368E-5	1.2130609869138368E-5	1.552818910451324E-5	-0.432156326326035	24233.60766694091	-18931.276425786138	-18931.276425786138	79188.10882388295	3328.554012943825	-4242.948194022544
10680000	-5399.014914060331	-1158.2253776970113	-4240.78953636332	801.0	5.168739535423931E-5	1.3525926162735365E-5	1.3525926162735365E-5	1.8413928607320048E-5	-0.43843120887295356	23950.980165722525	-17593.159838684252	-17593.159838684252	67229.7480536076	3471.396743426788	-4240.78953636332
10690000	-5448.672106165587	-1066.783674337352	-4381.888431828235	37.0	3.8261501348585536E-5	7.612348663692069E-6	7.612348663692069E-6	1.2113186504843249E-5	-0.35359691401202703	29870.6873306263	-18771.781206699026	-18771.781206699026	94351.50223493773	3519.3633470563514	-4381.888431828235
10700000	-5469.485998440491	-1118.3346522124532	-4351.151346228038	587.0	3.798593226624588E-5	1.0398253621084345E-5	1.0398253621084345E-5	1.4612168868385277E-5	-0.4413586778355462	32694.30324344551	-23265.790325317714	-23265.790325317717	84992.41965267975	3487.1078011825703	-4351.151346228038
10710000	-5330.961860937559	-1045.1815336108634	-4285.780327326696	305.0	4.785718083283828E-5	1.3219681183564697E-5	1.3219681183564697E-5	1.46521489227148E-5	-0.49922550341574895	27831.9556630407	-25110.96375836827	-25110.96375836827	90905.36426590498	3522.5889277647984	-4285.780327326696
10720000	-5400.080636312267	-1185.1734928656022	-4214.907143446665	382.0	5.899477188207042E-5	1.303551724167483E-5	1.303551724167483E-5	1.7637328028182278E-5	-0.4041151286508189	20259.158196227985	-14973.277445810769	-14973.277445810769	67764.4830554543	3345.458041357843	-4214.907143446665
10730000	-5459.882807592735	-1139.7109031174107	-4320.1719044753245	91.0	5.085509345757511E-5	1.1422364202943593E-5	1.1422364202943593E-5	1.3817421070492118E-5	-0.4308987943753654	24147.21894022973	-19961.635953365218	-19961.635953365218	88873.97074179011	3535.0277694683377	-4320.1719044753245
10740000	-5327.159305750713	-1109.7651686319368	-4217.394137118777	375.0	5.0509430167970974E-5	1.136503015970715E-5	1.136503015970715E-5	1.7936447612848356E-5	-0.37758622436784367	23090.298304810523	-14630.652752155149	-14630.65275215515	65022.786839296416	3270.5031123276485	-4217.394137118777
10750000	-5433.66459443409	-1155.6634532175085	-4278.001141216581	39.0	4.974202083993798E-5	1.0116948219448155E-5	1.0116948219448155E-5	1.5721382817784377E-5	-0.3617782412539626	23131.22205737655	-14885.292122160525	-14885.292122160525	73186.54745368076	3425.6615891209594	-4278.001141216581
10760000	-5431.6395338906195	-1145.8197086667285	-4285.819825223891	126.0	5.0785790060617015E-5	1.0971092689926908E-5	1.0971092689926908E-5	1.4968199588139042E-5	-0.397918375548823	23394.868075560862	-17147.504254885538	-17147.504254885538	79376.73810300803	3353.3661928500114	-4285.819825223891
10770000	-5401.805689258977	-1142.5533300155275	-4259.252359243449	319.0	4.563445317398142E-5	1.1012993541074769E-5	1.1012993541074769E-5	1.6443806494357793E-5	-0.4020293690659339	26137.869402544144	-17505.447233670857	-17505.447233670853	72537.18156603898	3369.409183061906	-4259.252359243449
10780000	-5396.03995989987	-1193.4976539176948	-4202.542305982175	444.0	5.5757795881503295E-5	1.2251620584687327E-5	1.2251620584687327E-5	1.766518271338221E-5	-0.39037470868094587	21159.215754471294	-14674.893970778936	-14674.893970778936	66786.24570108474	3186.223632726352	-4202.542305982175
10790000	-5429.293670982295	-1136.0460285225254	-4293.24764245977	448.0	5.199673475810469E-5	1.3255154807528505E-5	1.3255154807528505E-5	1.4891772223238107E-5	-0.47634715505983777	24876.65418992888	-22142.690435884168	-22142.690435884164	86860.36626079702	3306.8304919391408	-4293.24764245977
10800000	-5396.34840694639	-1151.9068599471518	-4244.441546999238	739.0	5.350923402506676E-5	1.1433707690203653E-5	1.1433707690203653E-5	1.6060605400384794E-5	-0.3900243861441331	22041.257770782733	-15691.394701069092	-15691.39470106909	73435.01635594491	3289.1906273946806	-4244.441546999238
10810000	-5505.865652219587	-1214.8570963656243	-4291.008555853962	382.0	5.359360066974292E-5	1.2382362964609797E-5	1.2382362964609797E-5	1.5686903790326065E-5	-0.42704972435363947	22820.80843183897	-18013.467598565814	-18013.467598565814	77966.26475206156	3498.6984035251767	-4291.008555853962
10820000	-5225.194528652738	-1050.3021278707101	-4174.892400782028	250.0	5.102528668854942E-5	1.3066957204289662E-5	1.3066957204289662E-5	1.7669872699875543E-5	-0.4351760958646644	24176.659049732214	-17878.75750501464	-17878.757505014637	69814.93189775995	3206.1223690620927	-4174.892400782028
10830000	-5514.323399911148	-1120.5183788061706	-4393.805021104978	25.0	4.4541738807915656E-5	1.1223751183905122E-5	1.1223751183905122E-5	1.2280125163658952E-5	-0.479902541904468	29168.559761010485	-26659.39090908283	-26659.39090908283	105798.46320482423	3501.990980058832	-4393.805021104978
10840000	-5288.264343414047	-1043.9737941658443	-4244.290549248203	225.0	4.767907277629174E-5	9.818110109401761E-6	9.818110109401761E-6	1.6155380278173375E-5	-0.3537572956726334	23973.73694313194	-14569.560418178859	-14569.560418178859	70753.2431146524	3527.599279080861	-4244.290549248203
10850000	-5227.690073400023	-1081.7749607700766	-4145.915112629946	934.0	5.560240023624059E-5	1.2181685604297506E-5	1.2181685604297506E-5	1.8355026951133968E-5	-0.3813143098187695	21044.755204613688	-13966.778267583508	-13966.77826758351	63750.32326979756	3451.0499766986136	-4145.915112629946
10860000	-5343.544429441837	-1081.8658701042539	-4261.678559337583	269.0	5.274961161129932E-5	1.2351871304321327E-5	1.2351871304321327E-5	1.5011604595102582E-5	-0.43894445444264385	23481.770790621486	-19321.306324438676	-19321.30632443868	82513.11718901373	3478.5244867598353	-4261.678559337583
10870000	-5359.618062797142	-992.5448900942707	-4367.073172702871	393.0	4.7253888281303225E-5	1.0903439469987689E-5	1.0903439469987689E-5	1.2435212365709088E-5	-0.4497986406729996	26529.746645339856	-23261.805121980913	-23261.805121980917	100813.21068284652	3400.3710687418607	-4367.073172702871
10880000	-5472.88296491474	-1237.3617337222734	-4235.521231192467	540.0	5.2822913495711654E-5	1.3980075510306582E-5	1.3980075510306582E-5	1.902756323466362E-5	-0.44096767466992426	23501.00793119407	-17266.83871153169	-17266.838711531687	65241.75974094161	3579.8549833733346	-4235.521231192467
10890000	-5326.076203126813	-1070.3086336893625	-4255.767569437451	925.0	4.951581452321518E-5	1.0668016247087938E-5	1.0668016247087938E-5	1.3782516330303045E-5	-0.4083639978112333	24237.429794206393	-18760.383709014754	-18760.383709014754	87076.70279125184	3293.1301024371464	-4255.767569437451
10900000	-5451.843696454858	-1143.924441903342	-4307.919254551516	967.0	4.8147691307930705E-5	1.1287969856865924E-5	1.1287969856865924E-5	1.4732261473084682E-5	-0.4238316629409291	25317.248116109356	-19398.26645865256	-19398.266458652564	82741.33942624714	3300.1938521293537	-4307.919254551516
10910000	-5339.98225730851	-1014.5228468047364	-4325.459410503774	449.0	4.8027252932623664E-5	1.2151042131993093E-5	1.2151042131993093E-5	1.303067726345665E-5	-0.4857201932985689	27250.580320580095	-25411.031437731544	-25411.031437731544	100437.64319814788	3549.217225616353	-4325.459410503774
10920000	-5481.103747029378	-1114.9509317512386	-4366.152815278139	722.0	5.0337876254868574E-5	1.2932004478808908E-5	1.2932004478808908E-5	1.2681672445951765E-5	-0.5118351837325646	26917.46691922245	-27448.80884135235	-27448.80884135235	106844.59204013506	3836.980294157326	-4366.152815278139
10930000	-5248.14232061705	-1107.200701197309	-4140.941619419741	244.0	5.648053116858192E-5	1.4703797890106661E-5	1.4703797890106661E-5	1.8939174833873324E-5	-0.44957236939152695	22190.193980106284	-17227.790032445435	-17227.790032445435	66175.74174819271	3372.8905568936143	-4140.941619419741
10940000	-5262.4119544466785	-1104.8521943674787	-4157.5597600792	501.0	5.0527355796328346E-5	1.091235091194296E-5	1.091235091194296E-5	1.8961424822293768E-5	-0.3525490537740338	22600.265124618265	-13006.513279150655	-13006.513279150655	60223.936109501614	3339.378266655922	-4157.5597600792
10950000	-5344.904147598199	-1076.5091944352882	-4268.394953162911	655.0	4.6455662494463505E-5	9.87851906587869E-6	9.87851906587869E-6	1.4035173841380163E-5	-0.3868687189231488	25314.684302953952	-17817.491565094824	-17817.491565094824	83790.22899343567	3348.3529298505746	-4268.394953162911
10960000	-5450.833624102279	-1086.4961521080227	-4364.337471994256	230.0	3.936955260724675E-5	1.0122796242325979E-5	1.0122796242325979E-5	1.425854479190875E-5	-0.42725057247299875	31072.3879668527	-22059.716243234172	-22059.716243234172	85794.59058037771	3407.476223845221	-4364.337471994256
10970000	-5473.370982077388	-1113.7222129068869	-4359.6487691705015	4.0	4.4799263111028586E-5	1.100777026483221E-5	1.100777026483221E-5	1.3117828087079793E-5	-0.45408060704924447	28119.79336241353	-23596.606326383768	-23596.606326383768	96033.12477553252	3614.4644089239105	-4359.6487691705015
10980000	-5526.703166348294	-1193.407842727254	-4333.29532362104	805.0	5.3160813508935575E-5	1.1359562421579704E-5	1.1359562421579704E-5	1.4094364088610827E-5	-0.4149951777164662	22724.481139920535	-18315.13365087058	-18315.133650870583	85711.69982353618	3585.7861597973097	-4333.29532362104
10990000	-5446.77018250867	-1131.2487172559227	-4315.521465252747	789.0	5.1387407092662654E-5	1.0850452338945708E-5	1.0850452338945708E-5	1.4487127517091765E-5	-0.39767505510575973	23115.6564701281	-17312.97860922792	-17312.97860922792	81993.73187287794	3345.5233239087684	-4315.521465252747
11000000	-5512.378814500674	-1097.028956970843	-4415.349857529831	963.0	3.869162221453539E-5	8.841717189875373E-6	8.841717189875373E-6	1.2358973964484636E-5	-0.4043309083760089	30896.447095614258	-22103.586282840675	-22103.586282840675	96725.9630314089	3665.1873972728026	-4415.349857529831
