state	flyway.rates.Atlantic.Central	flyway.rates.Atlantic.Mississippi	flyway.rates.Atlantic.Pacific	flyway.rates.Central.Mississippi	flyway.rates.Central.Pacific	flyway.rates.Mississippi.Pacific	flyway.rates.Central.Atlantic	flyway.rates.Mississippi.Atlantic	flyway.rates.Pacific.Atlantic	flyway.rates.Mississippi.Central	flyway.rates.Pacific.Central	flyway.rates.Pacific.Mississippi	flyway.indicators.Atlantic.Central	flyway.indicators.Atlantic.Mississippi	flyway.indicators.Atlantic.Pacific	flyway.indicators.Central.Mississippi	flyway.indicators.Central.Pacific	flyway.indicators.Mississippi.Pacific	flyway.indicators.Central.Atlantic	flyway.indicators.Mississippi.Atlantic	flyway.indicators.Pacific.Atlantic	flyway.indicators.Mississippi.Central	flyway.indicators.Pacific.Central	flyway.indicators.Pacific.Mississippi	flyway.nonZeroRates
100000	0.38447388992087944	0.38366426509945833	8.160863421300919	2.1526563942632952	0.8760804407237673	2.6204114293426026	1.0164866563379016	1.6874461642933898	0.2207250443733307	0.2276742279606276	3.1501681188654977	0.8055750707424927	0.0	1.0	0.0	1.0	1.0	0.0	1.0	1.0	1.0	1.0	1.0	1.0	9.0
200000	0.2973770192805526	0.3246235109747097	2.0356723246811192	2.2338369925342243	0.4568069193975896	0.9236653110344437	1.2353953830554505	1.6356263191120024	0.2278476399495906	1.6304373074978638	3.2881229971426627	0.533115938107322	0.0	1.0	0.0	1.0	1.0	0.0	1.0	1.0	1.0	1.0	1.0	1.0	9.0
300000	1.5104896509274879	0.2614071137361079	0.16528940487428753	1.936630012016938	0.2077432779649304	1.5154870710588058	0.8168905030810125	1.5417281733425043	0.18261134593071712	0.9007508860475285	3.963733322003476	1.0303212755163988	0.0	1.0	0.0	1.0	1.0	0.0	1.0	1.0	1.0	1.0	1.0	1.0	9.0
400000	0.03376897592404364	0.22662009712140413	1.219974817851637	0.7987295618862883	0.0393729212490164	0.16701644073995256	0.0052554300198443555	1.0328881787135877	0.6719900975337156	0.5922394356424177	1.6985897142083992	0.7217802721245591	1.0	1.0	0.0	1.0	1.0	1.0	1.0	1.0	1.0	1.0	1.0	1.0	11.0
500000	0.6635953370556027	0.12755219253497543	0.02152659314501806	0.6646928710737873	0.18951765329341233	0.068397328516835	0.7327084420745358	0.694219607822345	0.31972752387768827	0.40975434213205025	1.4936986739019584	0.4696406348623737	0.0	1.0	0.0	1.0	1.0	0.0	0.0	1.0	1.0	1.0	1.0	1.0	8.0
600000	0.407176959442165	0.24849390941612542	4.572734807368722	3.4007079981804296	4.868984899986236	2.4578151018518164	0.8829062569962066	1.8869843481067643	0.0779998414171191	1.2663448313865118	0.07383949483932736	0.5296202850536387	0.0	1.0	0.0	1.0	1.0	0.0	1.0	1.0	0.0	1.0	1.0	0.0	7.0
700000	4.5685103780729355	0.1480465115011227	0.06166876518075751	1.4063644395109258	1.612788150976044	0.0034657264269346367	0.4238728054403785	0.7126217145104861	0.17541057700832446	0.4132877285195569	0.0559688355348847	2.009331817921193	0.0	1.0	0.0	1.0	1.0	0.0	1.0	1.0	0.0	1.0	1.0	0.0	7.0
800000	0.1480516996938347	0.14941795936195126	0.9021717691384715	1.9510575199721845	2.014990304676426	1.393197127408322	0.5655872605267185	1.3042422034831889	3.426077989607673	0.6697013918782437	0.2668798445392692	1.8946198899529738	0.0	1.0	0.0	1.0	1.0	0.0	1.0	1.0	0.0	1.0	1.0	0.0	7.0
900000	0.5666580467144621	0.5264278898503205	0.2931424580348433	2.5758306317668542	3.4433347490379242	0.18379581105552803	1.0700289870789659	1.8487081049346201	1.5944743666208119	1.1802259939722868	0.3585523096544507	0.1627528291732761	0.0	1.0	0.0	1.0	1.0	0.0	1.0	1.0	0.0	1.0	1.0	1.0	8.0
1000000	0.13348759407925764	0.4323681937094655	6.231066915289333	1.4439005714279602	0.14279433102890718	0.04765369301187617	0.8894911948136147	1.9267687854954472	0.2667066429101175	0.500718823091509	3.550236705589944	0.4926132115879196	0.0	1.0	0.0	1.0	1.0	0.0	1.0	1.0	1.0	1.0	1.0	1.0	9.0
1100000	0.09111683811307354	0.4761760127439835	0.9407353833365898	1.8318832237234683	0.12156737636471018	1.9398451197378763	1.3040207741572272	1.4741941901908875	0.4655487102314436	0.7849041415696328	2.679554196428622	1.269851738904559	1.0	1.0	0.0	1.0	1.0	0.0	0.0	1.0	1.0	1.0	1.0	1.0	9.0
1200000	0.020170661821488488	0.16547438912275705	0.2938258528177135	1.102945919531431	0.06021265677477903	0.16557786174598443	0.22565360487550212	1.157042547326096	0.22646121012362022	0.3179036217065278	1.9354510570863765	0.3949802021144514	0.0	1.0	0.0	1.0	1.0	0.0	1.0	1.0	1.0	1.0	1.0	1.0	9.0
1300000	0.30596312432020534	0.38041648343367024	0.1733345183153897	1.9939758957322797	0.1334184783486075	0.6578105036995903	0.1398095822275074	0.7612051912626134	0.5707039143827414	0.42714370134264407	3.5853325870385957	0.682876773018549	0.0	1.0	0.0	1.0	1.0	0.0	1.0	1.0	1.0	1.0	1.0	1.0	9.0
1400000	0.31736851565834817	0.2808190057858917	2.9701728213353116	1.9180127294246938	0.21632657056768137	1.7071693952303852	0.31115220338459365	1.1378797450406293	0.28089815725568695	0.7557751717501872	2.884881235234148	1.315824852041096	0.0	1.0	0.0	1.0	1.0	0.0	1.0	1.0	1.0	1.0	1.0	1.0	9.0
1500000	2.554556056260388	0.6257289293315248	0.6155912379596569	2.2322435346889558	0.03477557895043363	1.3281549608541257	0.47143578356268034	1.6130088838909067	0.39214799837539577	0.47062474562412354	3.48433966203024	1.4308014336178931	0.0	1.0	0.0	1.0	1.0	0.0	1.0	1.0	1.0	1.0	1.0	1.0	9.0
1600000	0.07766987702329319	0.588057037057301	0.44727339621113293	1.1955301157907428	0.28330724898730036	0.5831089182617795	0.1735269434393937	0.9524500678503545	0.42011460848417503	0.48260399994390113	2.0384413964643864	0.6019853579995182	0.0	1.0	0.0	1.0	1.0	0.0	1.0	1.0	1.0	1.0	1.0	1.0	9.0
1700000	3.2752746311012766	0.1317616259533135	1.361006258332123	1.4365274837820636	0.26552285075528864	2.810424635285078	0.46065321959747846	0.8952521624951147	1.3031372462598594	0.17289654586509987	2.0452790796853866	0.6904596560199254	0.0	1.0	0.0	1.0	1.0	0.0	1.0	1.0	0.0	1.0	1.0	1.0	8.0
1800000	0.8344049057172416	0.13002085602755795	3.096585724212323	0.8652095905672567	0.07453789532990387	0.18294703004191648	0.3816034377112718	0.7430980818164142	4.458664549437748	0.31752774639835113	2.2267611967921597	0.5619758242331289	0.0	1.0	0.0	1.0	1.0	0.0	1.0	1.0	0.0	1.0	1.0	1.0	8.0
1900000	0.3911994081099863	0.34148038027612904	4.147313853491592	1.6012409024925474	0.30535057661912396	0.5526392287010423	0.33216062419082015	1.770383994994704	0.834269236571484	0.6714606941194656	3.4574683757714757	1.8196086188645288	0.0	1.0	0.0	1.0	1.0	0.0	1.0	1.0	1.0	1.0	1.0	1.0	9.0
2000000	0.6559037523567693	0.28449184022522106	0.09507158390788863	2.759665860627672	0.3632962431193344	0.7077992154898923	0.4286952509723985	1.218747874649387	0.5668788086955702	0.7594901107095537	3.2897334298172543	1.0091259619106505	0.0	1.0	0.0	1.0	1.0	0.0	1.0	1.0	1.0	1.0	1.0	1.0	9.0
2100000	0.5042060921292196	0.2635308332281883	0.7721438949898117	1.7758807766092881	0.34158580329208277	0.2415420526840642	0.5308241195716459	1.7754934722517464	0.22967426127645854	0.7244911225326535	3.0506600406237436	1.2309020235256471	0.0	1.0	0.0	1.0	1.0	0.0	1.0	1.0	1.0	1.0	1.0	1.0	9.0
2200000	1.867941806718592	0.42296990203187046	1.7457083676369902	2.316424994600327	0.32404185191430984	1.6335933002348735	0.5537500820850932	1.7862863349974796	0.25687848547802117	0.7119212611229289	2.845640554586608	1.1125203810100757	0.0	1.0	0.0	1.0	1.0	0.0	1.0	1.0	1.0	1.0	1.0	1.0	9.0
2300000	1.9832872592889628	0.16140707283410935	0.10708812887810881	1.8678558812810744	0.33229311365747827	1.732880723102012	0.7072274034685421	1.3113017725092604	0.1340713711380348	0.911502430711178	3.42705476187698	0.6812089674148599	0.0	1.0	0.0	1.0	1.0	0.0	1.0	1.0	1.0	1.0	1.0	1.0	9.0
2400000	1.3542813019810989	0.3438898281656784	0.7574976099062574	1.6199629868414442	0.07160843693257402	1.1931005994026114	0.3189007639793015	1.4401547319084662	0.5408096498715839	0.2938365719992575	2.600911451733451	0.6296461518620463	0.0	1.0	0.0	1.0	1.0	0.0	1.0	1.0	1.0	1.0	1.0	1.0	9.0
2500000	0.9375662974027879	0.43660699119239593	0.5371603221825546	2.612455208850153	3.2014760486999667	1.6291952348832583	1.1683342691224734	1.440651261943062	0.5046846178446994	0.5075767130135631	0.3521142344213755	1.721330585977823	0.0	1.0	0.0	1.0	1.0	0.0	1.0	1.0	0.0	1.0	1.0	0.0	7.0
2600000	0.2945890461110124	0.5389420092215043	1.2058607742749154	1.974606068420376	0.13892044642455448	0.9706301950533717	0.18655510756669452	1.47330571178357	0.3154158129043419	0.8588870535255122	2.82996236244486	0.9923935600334147	0.0	1.0	0.0	1.0	1.0	0.0	1.0	1.0	1.0	1.0	1.0	1.0	9.0
2700000	0.9543385930550412	0.46795860728070376	0.4493813367820042	2.2667849831963567	3.3143095125079385	1.548340940075746	0.9965374816936902	1.4107470809855085	0.5381415477797482	0.3590985376183109	0.4567837601039298	0.04020255528194011	0.0	1.0	0.0	1.0	1.0	0.0	1.0	1.0	0.0	1.0	1.0	0.0	7.0
2800000	0.6291147119533741	0.2315182303652672	1.1982937809579781	1.9756956885552743	1.8214990968399234	0.5967326741976673	0.4135726580224534	1.2143457504436392	0.5201557253795103	0.499764729735823	0.0816274243289993	0.32655239921472584	0.0	1.0	0.0	1.0	1.0	0.0	1.0	1.0	0.0	1.0	1.0	1.0	8.0
2900000	1.3262618100914634	0.21680710147671603	0.07241583857672453	1.8159843237387894	2.3100681185458094	1.2309204116843044	0.9891859377545323	0.8752277663161726	1.8033548559320955	0.8688108690890002	0.13987910102677967	0.3619914848168644	0.0	1.0	0.0	1.0	1.0	0.0	1.0	1.0	0.0	1.0	1.0	0.0	7.0
3000000	0.3228120440077795	0.33507604956868886	1.0549934446521265	2.005788358958937	2.6562645306854105	1.8371860614995732	0.7693210044715476	0.8878063258762778	0.7595775641293895	0.9588368905602869	0.14834210858217825	0.5051021750021827	0.0	1.0	0.0	1.0	1.0	0.0	1.0	1.0	0.0	1.0	1.0	0.0	7.0
3100000	1.75481843184339	0.23342525602400582	0.07848054791177528	1.4203771639312852	0.16405927011547725	0.2874867661051886	0.7743454700640187	1.1876646390067707	0.052677555355343235	0.7948965237135256	1.9379563655277048	0.8546200635647918	0.0	1.0	0.0	1.0	1.0	0.0	1.0	1.0	1.0	1.0	1.0	1.0	9.0
3200000	0.9723167496522529	0.1300049630809663	3.3028444052581825	3.339856085916918	0.33398364510380657	0.041081664220188725	1.3758870562763539	2.2875427958423624	0.9233231959709952	1.4970457535384474	5.213238153438557	1.1192198429223177	0.0	1.0	0.0	1.0	1.0	0.0	0.0	1.0	1.0	1.0	1.0	1.0	8.0
3300000	1.3333350328162035	0.41279300565366805	0.10095529267043893	1.9442443237867462	0.43887711871419066	0.2840919655528944	1.1648168033519517	1.544381396324907	0.3360518898188509	0.46675997703011135	3.3478509472909144	1.1351289027442744	0.0	1.0	0.0	1.0	1.0	0.0	1.0	1.0	1.0	1.0	1.0	1.0	9.0
3400000	0.395196952834329	0.09895936615173713	1.777549783081198	1.2915858901278947	0.11226949737473897	0.925706706216942	0.1493077756194046	2.224968891582778	0.4868309321456863	0.9062842083196345	2.832984919505648	0.7462116188202219	0.0	1.0	0.0	1.0	1.0	0.0	0.0	1.0	1.0	1.0	1.0	1.0	8.0
3500000	1.2852538047994966	0.2990836763377616	0.24607032295582923	2.6897060399525636	0.10417716496069351	4.616030176173139	0.6926985311332	1.9813023140890484	0.24213770197425336	0.9309278650176197	3.3800808100240944	1.1655917797340543	0.0	1.0	0.0	1.0	1.0	0.0	1.0	1.0	1.0	1.0	1.0	1.0	9.0
3600000	0.06599335455672986	0.1681332193972705	0.004980959487145082	1.984073358501331	0.42614995897445523	1.5983131045286294	0.02885160764824152	1.5811260547231683	0.36480576036796475	0.567833312669209	2.9977171068009723	1.3550009974405455	1.0	1.0	0.0	1.0	1.0	0.0	1.0	1.0	1.0	1.0	1.0	1.0	10.0
3700000	0.6509295262129449	0.23041523403241781	1.4343483323811697	1.2901869245853166	0.34878448323808847	1.346466382256973	0.47786333870906256	1.0310639247431836	0.137120010870464	0.4647437663109956	2.092539483213517	0.9465416431941168	0.0	1.0	0.0	1.0	1.0	0.0	1.0	1.0	1.0	1.0	1.0	1.0	9.0
3800000	0.03475693824196681	0.5162194282016743	0.00870531824930212	2.3272134733779524	0.2315650843193967	0.1372432674579701	0.5112959053135322	2.0511048965925465	0.4800443792381976	0.8566697805301099	4.261104043357694	1.3358043053742128	1.0	1.0	1.0	1.0	1.0	1.0	1.0	1.0	1.0	1.0	1.0	1.0	12.0
3900000	3.945978054771894	0.1907088636290249	0.06350702084729413	3.8475388762851916	0.4023847548896797	0.4730688194805483	0.9766671891349009	1.6968592460384535	0.26491565205089096	0.8547352389619542	4.187383962451261	0.798566353229267	0.0	1.0	0.0	1.0	1.0	0.0	1.0	1.0	1.0	1.0	1.0	1.0	9.0
4000000	3.067336754195766	0.29829494334284323	3.225662525561455	2.107445079746848	0.1330512667718221	0.0869843530894285	0.8581847865158838	1.6166115206126939	2.7732053443162044	1.0855384468233213	3.521181706886895	0.8480616792422108	0.0	1.0	0.0	1.0	1.0	0.0	1.0	1.0	0.0	1.0	1.0	1.0	8.0
4100000	0.11822517960443794	0.1068033154709854	0.1471403577674673	1.6516829775471646	1.3417530999939604	1.02177207938629	0.5770671581612307	0.9033562206419712	2.0007616026281347	0.1897709521509622	0.11105384952556013	1.0918431137100484	0.0	1.0	0.0	1.0	1.0	0.0	1.0	1.0	0.0	1.0	1.0	0.0	7.0
4200000	1.5566809316153079	0.09593459232158022	1.2601490247398934	1.4704750094987922	1.5496026243973182	0.0014633573551435374	0.6680613578345196	0.7338727235493989	0.9937564507937812	0.45720650313289934	0.06941296058681883	0.07228431020326652	0.0	1.0	0.0	1.0	1.0	0.0	1.0	1.0	0.0	1.0	1.0	0.0	7.0
4300000	2.7039989821667962	0.23313259513255669	1.0362446916656585	1.5828201069776409	1.9991247591052475	0.4050980639036105	0.4465839958680781	1.0594155355572656	0.4421903232522575	0.434970654388879	0.13698510005891062	0.24667991321578603	0.0	1.0	0.0	1.0	1.0	0.0	1.0	1.0	0.0	1.0	1.0	0.0	7.0
4400000	0.5174983710158473	0.14003066572504938	0.28038420538441206	1.1387646858307778	1.3161616570567884	1.5119572756590172	0.47655477291478227	0.5668750314222627	2.757259783840789	0.28797233441252745	0.13322228798892619	1.6127933358315738	0.0	1.0	0.0	1.0	1.0	0.0	1.0	1.0	0.0	1.0	1.0	0.0	7.0
4500000	1.6560890698157038	0.1517412403976962	0.4676717346514253	0.6209318357526191	0.11681355640743175	0.4176788954948446	1.2365915635878837	0.8242739696646673	0.23426372643773694	0.6114527318153093	1.0573293537142607	0.4616074595828026	0.0	1.0	0.0	1.0	1.0	0.0	0.0	1.0	1.0	1.0	1.0	1.0	8.0
4600000	0.031393645690909786	0.13842500661937743	0.38269701526357897	2.0458500537397324	0.10924913660536605	0.0029457712189883815	0.4656522657335748	1.4595987994286463	0.2724755168455608	0.632365363431469	2.5711878721605874	0.5264449568201693	0.0	1.0	0.0	1.0	1.0	0.0	1.0	1.0	1.0	1.0	1.0	1.0	9.0
4700000	1.154108261877622	0.244281548301487	0.5428159620086704	1.5011383992673548	0.2801663163043584	1.351566181625415	0.4859567814213561	1.530363912563227	0.6239311027715391	1.0178933164015533	3.6007555257731028	0.7651011316800777	0.0	1.0	0.0	1.0	1.0	0.0	1.0	1.0	1.0	1.0	1.0	1.0	9.0
4800000	0.002799952862332084	0.7427226143298549	0.03532876256905578	1.8248464808877667	0.16378474246507888	0.5006610270397496	1.0652689522350272	2.0361880325709287	0.13360780717852094	0.3328659195464777	3.7514378196981255	1.5062051888631218	1.0	1.0	0.0	1.0	1.0	0.0	1.0	1.0	1.0	1.0	1.0	1.0	10.0
4900000	0.6910450071015686	0.07138189283023084	1.4775820951681093	1.3515729281341171	0.08143360251077322	0.3766837880291226	1.7320803542380205	1.572215773892849	0.606021538073176	1.1660023042881198	2.6612186565545612	1.2791593330364897	0.0	1.0	0.0	1.0	1.0	0.0	0.0	1.0	1.0	1.0	1.0	1.0	8.0
5000000	0.20007316836367248	1.1004472681549102	0.15634150447237574	2.955967557618484	0.3912132994411376	1.0046760054287869	1.1222588184517657	1.6533212168003777	0.38563406536848255	1.0665511249391542	4.301539588989988	1.976410049344047	1.0	1.0	0.0	1.0	1.0	0.0	1.0	1.0	1.0	1.0	1.0	1.0	10.0
5100000	0.13488952185320568	0.139141551185555	1.3623844213372416	1.7585549658344757	0.14425427501635446	1.692546207254999	0.7506038558351777	1.0933769177118098	0.28997115144739405	0.4686480667175404	3.676163374766855	0.8731117541919546	1.0	1.0	0.0	1.0	1.0	0.0	1.0	1.0	1.0	1.0	1.0	1.0	10.0
5200000	0.7240299167502448	0.3483593709599476	0.29009268114563735	1.473780676278906	0.326257425719388	0.12951726700532662	0.4486739878275298	1.8419383100048368	0.44679357113855367	0.6594326773131689	3.077878640605353	1.0947937321374006	0.0	1.0	0.0	1.0	1.0	0.0	1.0	1.0	1.0	1.0	1.0	1.0	9.0
5300000	1.8692571900420676	0.16122179140190843	1.3854176602091488	0.7010373631168391	0.03165916373721908	0.23714113319507585	1.0627074453511254	0.7850201553131422	0.2395988316840846	0.4554439325427451	1.6199997329697533	0.5203734515360323	0.0	1.0	0.0	1.0	1.0	0.0	0.0	1.0	1.0	1.0	1.0	1.0	8.0
5400000	4.291722839480382	0.5501270362424631	0.18115053185169933	2.5274517357958644	0.6734709798390641	1.318555311563468	0.3238652242116782	2.2236665488972736	0.5811596975595119	0.7748654885261963	2.8819721911889653	1.5863284911045774	0.0	1.0	0.0	1.0	1.0	0.0	1.0	1.0	1.0	1.0	1.0	1.0	9.0
5500000	1.2759908699630005	0.0776389665120449	0.0069182037378624885	1.2431765300587958	0.19305631293270614	0.2208132026975232	0.1969458134179199	0.9950379819904674	0.2230994490377249	0.5435106415755699	1.5996245646452294	0.51479241289211	0.0	1.0	0.0	1.0	1.0	0.0	1.0	1.0	1.0	1.0	1.0	1.0	9.0
5600000	2.4177576363538256	0.2459840463735458	1.3080584924478524	1.0301706561792272	1.1164170643767621	0.23859174302110323	0.35220572036334385	0.734086710116619	2.7591834430362034	0.3543797423561505	0.3771258334893236	0.0669258039288978	0.0	1.0	0.0	1.0	1.0	0.0	1.0	1.0	0.0	1.0	0.0	1.0	7.0
5700000	0.787241778290448	0.19941326877362725	1.9714736032822924	1.8388569610540546	2.6429112489279674	1.2553044382948515	0.5706077052920135	1.299452162742036	2.0340758453786547	0.24345278013432667	0.0403399925724744	0.10026028960906953	0.0	1.0	0.0	1.0	1.0	0.0	1.0	1.0	0.0	1.0	1.0	1.0	8.0
5800000	2.755186348408681	0.06804085224204288	0.5824334232082746	0.5890963229193827	0.03342974298882065	1.2839063969146585	0.12054798021955532	0.4496137599061898	0.0994315094327781	0.23965298481475436	0.7616670816083705	0.2923792370781037	0.0	1.0	0.0	1.0	1.0	0.0	1.0	1.0	1.0	1.0	1.0	1.0	9.0
5900000	0.02429512843535643	0.19333694587709924	0.272712563183299	1.0089269442288453	0.13497099038008317	0.7220291807075211	0.1749952284897949	0.6867346392327582	0.18813303503329395	0.11346038975367942	1.2891779533377659	0.296853752889521	1.0	1.0	0.0	1.0	1.0	0.0	1.0	1.0	1.0	1.0	1.0	1.0	10.0
6000000	0.9081091338571635	0.24810354467632872	0.22113619712914276	1.2597120458705127	0.1224002637222065	0.43104573555248765	1.8111268361435298	1.9620363272439754	0.41794908290632876	1.118532370448129	2.0613114213231873	1.4092432303152256	0.0	1.0	0.0	1.0	1.0	0.0	0.0	1.0	1.0	1.0	1.0	1.0	8.0
6100000	0.19668897708736324	0.30873700709176527	0.8871129960990838	2.447445790728705	0.27683066365835574	1.0614362012338572	0.8408152356248472	2.3132529412116956	0.008411063956477833	0.49241307516581323	3.7594934686067494	0.463544519888491	0.0	1.0	0.0	1.0	1.0	0.0	1.0	1.0	1.0	1.0	1.0	1.0	9.0
6200000	0.3526587869228351	0.2692434259403148	1.8842007155799219	1.8349319736036902	0.3003694059549079	0.30199947125547694	0.15360842247859205	1.3123827820285443	0.9167900501119005	0.6253717566199072	3.834490479721531	1.3517393603503052	0.0	1.0	0.0	1.0	1.0	0.0	0.0	1.0	1.0	1.0	1.0	1.0	8.0
6300000	1.6317802771340548	0.3875444242377814	0.42152671449131107	2.071720629123114	0.23624325113206085	0.29816571245149515	0.874469196733834	1.0635537869828082	0.3089321652203897	0.6458000233231531	2.9218494874977816	0.6404407937452514	0.0	1.0	0.0	1.0	1.0	0.0	1.0	1.0	1.0	1.0	1.0	1.0	9.0
6400000	0.15971689281582732	0.4335884976776002	0.14568937298096346	1.7632767799792435	0.10549550507683053	0.030322620564032985	1.2366871128999093	1.6580474950166697	0.47089016742311246	1.0048960330632055	3.991343916979251	1.4571947913928853	1.0	1.0	0.0	1.0	1.0	0.0	0.0	1.0	1.0	1.0	1.0	1.0	9.0
6500000	0.43363006517483815	0.20075401823968064	1.966344324316493	2.6522961307234514	0.37754062794452126	1.2893150848099302	0.592550698440764	2.322751720932481	1.2231767890300496	0.9365623234453961	3.6037511259480506	1.659808613954868	0.0	1.0	0.0	1.0	1.0	0.0	0.0	1.0	1.0	1.0	1.0	1.0	8.0
6600000	0.8366000198133191	0.15283120435854222	0.014674017469319458	1.1337279777988376	0.037052836340846135	1.0919946899258006	0.8609443660876406	0.9451676443577172	0.2411687947062377	0.44049676037148205	1.5874001649922131	0.6012732385942856	0.0	1.0	0.0	1.0	1.0	0.0	0.0	1.0	1.0	1.0	1.0	1.0	8.0
6700000	2.400070450468942	0.38534684722467155	0.1888469194460068	2.095990602546217	0.25093579793416937	0.795560263563535	0.643007306834633	1.8078353813795385	0.30286351940476763	0.5624986698016626	3.4898156119718613	1.3024501010228673	0.0	1.0	0.0	1.0	1.0	0.0	1.0	1.0	1.0	1.0	1.0	1.0	9.0
6800000	0.47662205876940933	0.14120239639127355	1.2481805884499622	1.1952361381988266	1.5641892588839972	0.4987538097506176	0.27177324221278837	0.7976056465318077	0.37969268790884037	0.3671937267139643	0.1831732469882601	0.3163249063081045	0.0	1.0	0.0	1.0	1.0	0.0	1.0	1.0	0.0	1.0	1.0	0.0	7.0
6900000	0.3143228018170533	0.5190375879805891	1.0095821677819925	2.679714363837651	3.217746238735146	0.261283220788601	0.6493889303077895	1.4819704872869752	0.05893831739713094	0.5439119038898118	0.10743461110168323	0.10435140250001643	0.0	1.0	0.0	1.0	1.0	0.0	1.0	1.0	0.0	1.0	1.0	0.0	7.0
7000000	1.1957274149214339	0.16362926172086414	0.17556547018746374	1.397500941277439	0.09436392285715267	0.6365540121696718	3.8488708776924794	1.299908642940841	1.2180231840758942	0.578069082896943	3.2431107117519766	1.4155144547185543	0.0	1.0	0.0	1.0	1.0	0.0	0.0	1.0	1.0	1.0	1.0	1.0	8.0
7100000	0.11168303652873778	0.37220271564031004	1.374695474541002	1.2670392629504004	0.18229705110754882	1.331008409089059	0.3799181537083118	1.0616378769091501	0.520699652784111	0.550004265162229	2.5749270199229812	0.5828887317564945	0.0	1.0	0.0	1.0	1.0	0.0	0.0	1.0	1.0	1.0	1.0	1.0	8.0
7200000	0.2703566726818754	0.3431723461611015	1.3254377079903952	1.4267519857188564	0.17100852563935506	0.7301103646273435	0.5153038792151708	0.9290965356178623	0.13448601773416222	0.6309564877077221	2.3464828837134104	0.7460804643991775	0.0	1.0	0.0	1.0	1.0	0.0	1.0	1.0	1.0	1.0	1.0	1.0	9.0
7300000	0.4415360783771595	0.10020940824866759	1.514943604614039	1.1477167497682548	0.14977529796252936	0.6731035325750777	0.16140515856531498	0.9373567895518264	0.1068814329668267	0.23833335744060083	1.5250679309804622	0.41396146360835395	0.0	1.0	0.0	1.0	1.0	0.0	1.0	1.0	1.0	1.0	1.0	1.0	9.0
7400000	1.1557846081053298	0.3170635927285137	3.702891069531945	2.1399190283531913	0.1756114945283285	0.017754820219654036	0.7701202082595466	1.6511600083913378	0.5545739062986045	1.3985226771704318	3.537861570542942	1.370342141393185	0.0	1.0	0.0	1.0	1.0	0.0	0.0	1.0	1.0	1.0	1.0	1.0	8.0
7500000	0.7667849712254234	0.41013508901583806	1.4122935362833475	1.1619971343438225	0.2623696863990797	0.028481994841759693	0.4051774291562721	0.9285002940197872	0.2985129883515274	0.6929130317646729	2.6059371082241998	0.636607588572926	0.0	1.0	0.0	1.0	1.0	0.0	1.0	1.0	1.0	1.0	1.0	1.0	9.0
7600000	0.17093946762920167	0.4040492617103657	0.1317497344510608	2.768601747087218	0.3245158787679666	0.46349934024581246	1.321781155598478	1.9090789555850904	0.23702367849729455	0.6586656787802324	3.4536275952417967	0.8619503129733401	0.0	1.0	0.0	1.0	1.0	0.0	1.0	1.0	1.0	1.0	1.0	1.0	9.0
7700000	0.029178671032438628	0.32745851148280164	0.7913219499758459	1.5894488434362446	0.09818858735457126	0.05404379864109419	0.5120065844631638	0.9650665377192491	0.5974604394261951	0.4111381519409419	3.0686682148253315	0.3735117786941144	1.0	1.0	0.0	1.0	1.0	1.0	1.0	1.0	1.0	1.0	1.0	1.0	11.0
7800000	1.5173599465982766	0.57964386391344	1.1060945873179222	2.6749349943000276	0.1953309313760312	1.0010678198744531	0.7848174222401891	1.7942509029730518	0.22800059191738198	1.2352438772866916	5.236096910380116	1.7680720694803447	0.0	1.0	0.0	1.0	1.0	0.0	1.0	1.0	1.0	1.0	1.0	1.0	9.0
7900000	0.9690580112930356	0.2786203392800257	0.6999381124423448	1.5049154294754692	0.5210465468028136	1.4799358197570545	0.6291151170093682	1.1020298275421112	0.7674911710168101	0.2694458532301792	2.7161532981139014	0.7555716165097752	0.0	1.0	0.0	1.0	1.0	0.0	1.0	1.0	0.0	1.0	1.0	1.0	8.0
8000000	0.7086599468438152	0.17044409495263932	1.3547312679726993	1.4033486465081242	0.5591421459339022	0.5454485475032155	0.7974025090265681	0.6290883471746848	0.22329506050267042	0.41112428487897595	1.0970816815463826	0.3213880066450191	0.0	1.0	0.0	1.0	1.0	0.0	1.0	1.0	0.0	1.0	1.0	1.0	8.0
8100000	0.6774387367581711	0.18649884807787726	1.2700375100087453	1.0660187805174577	0.07648759222468403	4.39959415723588	2.573896612604972	0.9312693819058292	0.4513052800907466	0.2640577058107517	2.522792869096167	0.7228943613096617	0.0	1.0	0.0	1.0	1.0	0.0	0.0	1.0	1.0	1.0	1.0	1.0	8.0
8200000	0.7338302116628591	0.24511788454689432	0.2067683245438983	1.9156468840481442	0.16445631558619772	0.33553377530230577	0.7148875686017065	1.7108249940706646	0.45965823142451695	0.9688988955605427	3.1854532214873004	0.7297472712704893	0.0	1.0	0.0	1.0	1.0	0.0	1.0	1.0	1.0	1.0	1.0	1.0	9.0
8300000	0.7604235699131285	0.12371905502146674	0.40130110479073033	1.4367146021418822	0.07910112763367934	0.04815234784734473	1.8164046705493486	1.3544555645739895	0.4095623108432347	0.35423672728958233	1.9302877187039718	0.7830273066538521	0.0	1.0	0.0	1.0	1.0	1.0	0.0	1.0	1.0	1.0	1.0	1.0	9.0
8400000	0.22264071831938248	0.10319591718594882	2.407762409204309	1.5051139713679287	0.05685447803438463	0.2123627058353197	0.7188989215811212	1.1459992950879698	0.7342919067533078	0.4288545440415575	2.0938350391583764	0.8899935014160332	0.0	1.0	0.0	1.0	1.0	0.0	1.0	1.0	0.0	1.0	1.0	1.0	8.0
8500000	0.07537552851841751	0.2113024590991992	1.0959960823703916	0.9391255092801962	0.18380225648788676	0.2821747509888524	0.3488627064649775	1.1098439054336668	0.31921283452151106	0.17148704655398578	1.5388838041029045	0.3927928047701441	0.0	1.0	0.0	1.0	1.0	0.0	1.0	1.0	1.0	1.0	1.0	1.0	9.0
8600000	0.046587841718873535	0.31407235294874164	2.865479355096781	2.471518866047032	0.3426862537908422	0.7088335670706215	0.5485761952847451	2.2757789662456496	0.9480506399397386	1.083540860963787	6.067788377218599	1.7121220052848056	1.0	1.0	0.0	1.0	1.0	0.0	1.0	1.0	1.0	1.0	1.0	1.0	10.0
8700000	0.6842052930678669	0.23057067304295004	0.37005789778317005	1.1298047355013903	0.0509939657905423	2.0893197383397384	0.5739913452643397	0.8865154917058133	0.2902671208841688	0.3683003587082788	2.019321714795309	0.5554030569413634	0.0	1.0	0.0	1.0	1.0	0.0	1.0	1.0	0.0	1.0	1.0	1.0	8.0
8800000	0.20707406066456363	0.21087604625226108	0.025651688641455204	0.8690459181693889	0.08732264465028346	3.357575945694318	0.25665311602833624	1.0498146284425347	0.20573251678261398	0.40314850743069786	1.6924795416396161	0.553198808975627	0.0	1.0	1.0	1.0	1.0	0.0	1.0	1.0	1.0	1.0	1.0	1.0	10.0
8900000	0.3890478012594841	0.20358464117577918	0.03734590875755749	2.253168458690398	0.407527967349271	0.8806226402231742	0.4654125695343807	1.385960359968457	0.2592710596669349	0.790242228839143	4.12683496127696	1.3760925931476795	0.0	1.0	1.0	1.0	1.0	0.0	1.0	1.0	1.0	1.0	1.0	1.0	10.0
9000000	0.268791572813889	0.2924294457518681	1.1297986124873947	2.131592473949387	0.031188327641764158	0.6959072550405758	0.5994951774092974	1.5922317419623813	0.9965258922657275	0.48615027011344836	4.668255346952909	2.3013722210380414	0.0	1.0	0.0	1.0	1.0	0.0	1.0	1.0	1.0	1.0	1.0	1.0	9.0
9100000	0.03519630866141355	0.1931710136558558	0.9993338854750051	3.62472416254477	3.19811935330209	0.12949878182957403	0.6535270820235964	1.7532010243468512	0.1287091945034045	1.2963241995989347	0.4537519407353236	0.08319236533118947	1.0	1.0	0.0	1.0	1.0	0.0	1.0	1.0	1.0	1.0	1.0	1.0	10.0
9200000	0.28691418911647404	0.20856180375238628	0.5732461607341792	2.0532511048199975	2.2130191218962407	0.2863832403461817	0.3556086927632238	1.1595664796353156	0.006744181282065939	0.4892919683531335	0.11025512744180521	0.21202728716936084	0.0	1.0	0.0	1.0	1.0	0.0	1.0	1.0	0.0	1.0	1.0	0.0	7.0
9300000	1.562224722350529	0.17753469907665445	2.7815193036906094	0.9365938163566548	0.15441112664967724	1.172674826801726	0.5302504496384904	0.8119842231292177	0.3145031677731737	0.6513529253309824	1.5850289048192276	0.5432802322424901	0.0	1.0	0.0	1.0	1.0	0.0	0.0	1.0	1.0	1.0	1.0	1.0	8.0
9400000	1.7074843804628796	0.28578732332266243	1.013246513776714	2.1118052827874245	0.27882868885335504	1.0227514166714795	0.8215553064602082	1.2356170735411751	0.18313031440447114	0.3605418480178027	3.5633671824131192	0.7745594038143329	0.0	1.0	0.0	1.0	1.0	0.0	1.0	1.0	1.0	1.0	1.0	1.0	9.0
9500000	0.3609567795315125	0.4008579821271822	0.218769803511748	1.5184117133470467	0.1640747661899638	0.7047042571481201	0.6411547635756865	1.3511901259085086	0.29273939520791653	0.7131018973864388	2.8692613970569716	1.0181034298845761	0.0	1.0	0.0	1.0	1.0	0.0	1.0	1.0	1.0	1.0	1.0	1.0	9.0
9600000	0.09253922052641234	0.20864938380007378	0.7988124603972095	1.480653452410411	0.12073844017683383	0.8437817062193135	0.2939550892112575	1.1740235401072565	0.21752041983725917	0.25245865352650393	2.5358261549025736	0.7265145957986902	0.0	1.0	0.0	1.0	1.0	0.0	1.0	1.0	1.0	1.0	1.0	1.0	9.0
9700000	0.1982087092718843	0.5520229739705564	0.6193248244779391	3.0546789992370953	0.3420933158924019	1.3189539915820123	0.5054086092927756	1.9891152133604615	0.14710563855736358	0.11561596569823869	3.2165963156744315	0.5772672184362546	0.0	1.0	0.0	1.0	1.0	0.0	1.0	1.0	1.0	1.0	1.0	1.0	9.0
9800000	0.2980388685606295	0.09751336612863312	1.8073729721119118	1.4745344798207118	0.35012403916144597	1.0170544686354699	0.4941569514542213	1.2870138644542353	0.09674050216358748	0.8035915982772351	2.89412365604965	1.0763481022938453	0.0	1.0	0.0	1.0	1.0	0.0	1.0	1.0	1.0	1.0	1.0	1.0	9.0
9900000	0.02478910812866466	0.2365153537826491	0.0840855738249942	1.489651881194793	1.4868244730474833	1.7231964886255444	0.2973788325100244	1.5470067274763128	0.1708070274623273	0.679291518287805	0.8078851930246992	0.3724201518168728	1.0	1.0	0.0	1.0	1.0	0.0	1.0	1.0	1.0	1.0	1.0	1.0	10.0
10000000	0.02274482599517379	0.3788085957453803	0.5721978070318104	2.4833636876532545	0.45977144271848525	0.004241921284794443	0.7975748474601309	1.4774042642891194	0.39497294282874185	0.5560512474534368	3.032340587662908	0.9224516794725343	1.0	1.0	0.0	1.0	1.0	1.0	1.0	1.0	1.0	1.0	1.0	1.0	11.0
10100000	0.018220925843197566	0.28573188750151796	0.1402388414473814	1.2804819731989099	0.1480465177824257	0.1799262346991829	1.6422726512353047	1.1092514520035206	0.5413269869666923	1.124503366211758	2.4924720495003903	1.252251725842036	0.0	1.0	1.0	1.0	1.0	0.0	0.0	1.0	1.0	1.0	1.0	1.0	9.0
10200000	0.5406790629989343	0.31541959998668695	0.2904833912126795	1.8939573955790532	0.1721776500342391	0.02770459879339978	1.2735966536137413	1.7526702238760818	0.3998237282779408	0.36911395913857686	3.0133905713004108	1.213660458226911	0.0	1.0	0.0	1.0	1.0	0.0	0.0	1.0	1.0	1.0	1.0	1.0	8.0
10300000	1.0119962294333216	0.09687358955139104	0.7186444818414544	1.0342844290595878	0.12680136238866552	0.29896933778914764	0.41475380255446165	0.8002942606479526	0.12284535719439155	0.26636494922415366	1.3322306186737634	0.40466720030594855	0.0	1.0	0.0	1.0	1.0	0.0	1.0	1.0	1.0	1.0	1.0	1.0	9.0
10400000	0.37580950996164203	0.5129605157664464	1.5763703724276443	1.9109102899245975	0.3323438203504929	0.5619325169682335	0.8377253065033307	1.4228126514028123	0.8163394453404689	0.8435780459002322	3.630540473719269	0.34934768012299955	0.0	1.0	0.0	1.0	1.0	0.0	1.0	1.0	1.0	1.0	1.0	1.0	9.0
10500000	0.18675215337812173	0.2692031888875828	0.030282653525295793	3.158378020725447	0.4926492066631305	0.07034781831539283	0.8794535259030148	1.8708065611247546	0.737151396845024	0.6546167464169371	3.4208194314556666	0.6466785955912522	0.0	1.0	1.0	1.0	1.0	0.0	1.0	1.0	1.0	1.0	1.0	1.0	10.0
10600000	0.8848750348087252	0.26548651848960086	0.8911355117525013	1.017083688976127	0.2695050472848057	3.064785622674876	0.8691242603387591	1.1212434568748926	0.155375106397083	0.6127466177587485	2.3498041690400564	0.8730264574305591	0.0	1.0	0.0	1.0	1.0	0.0	1.0	1.0	1.0	1.0	1.0	1.0	9.0
10700000	0.02599094898532226	0.16526764905036914	1.907746776375111	1.6982213031640536	0.16078518085554075	0.6113945917866227	0.49903817435494435	0.9280112692319398	0.11455089956412151	0.6533276599955344	2.0757183797551533	0.6146277996994031	0.0	1.0	0.0	1.0	1.0	0.0	1.0	1.0	1.0	1.0	1.0	1.0	9.0
10800000	0.5410679199217427	0.3774728574686051	0.033437384033004565	1.590525939065464	0.21920908106276352	1.213868378855134	0.16272528534907096	1.6782104913837073	0.5793102621213694	1.176498724005157	2.456667761380877	0.5845077078335862	0.0	1.0	0.0	1.0	1.0	0.0	0.0	1.0	1.0	1.0	1.0	1.0	8.0
10900000	1.793359337990979	0.18192990263448341	2.1413968061290434	1.3750306806321024	0.13717904206995502	0.013625969499355052	0.2524939076748773	0.717553024421828	0.355570997162249	0.7078137545272175	2.028432337453464	0.7560623518061282	0.0	1.0	0.0	1.0	1.0	1.0	1.0	1.0	1.0	1.0	1.0	1.0	10.0
11000000	2.364099666910325	0.09627626599415462	0.36274304963314147	1.0381177780263253	0.14764638183485346	1.6211451172353584	0.06199224577539431	1.1869224835390304	0.15516676299382234	0.3181306351879182	1.3744470134989821	0.7977155721151942	0.0	1.0	0.0	1.0	1.0	0.0	1.0	1.0	1.0	1.0	1.0	1.0	9.0
11100000	0.5150087275563487	0.30830009806657555	2.5465393869013786	1.2610406650509478	0.3464114676175857	2.2983974055155927	0.6871730089345639	1.3388602763823023	0.7751752850362563	0.4552046233342747	2.6676986881693767	1.103027745734689	0.0	1.0	0.0	1.0	1.0	0.0	0.0	1.0	1.0	1.0	1.0	1.0	8.0
11200000	3.670586546071624	0.24240128276139897	0.20595236503896655	2.247679449423571	0.18975688587773512	0.8363575944547864	0.009359754305662193	1.6092116688916869	1.0604973162376672	0.31487690624412223	3.2521344550282705	0.4884491384296949	0.0	1.0	0.0	1.0	1.0	0.0	0.0	1.0	1.0	1.0	1.0	1.0	8.0
11300000	0.7601999134583146	0.15542935782660622	0.5771680413421159	1.1480650673564416	0.15148465583109375	0.20544282983029702	3.0757607768058386	1.2624838098732802	0.5342656506028197	0.3515675043007568	3.0826733744713404	1.2795454658605783	0.0	1.0	0.0	1.0	1.0	0.0	0.0	1.0	1.0	1.0	1.0	1.0	8.0
11400000	0.37576099699762416	0.12171928068424516	1.3046600000538837	1.9605619643285794	0.15738715830720137	0.6104802031492153	0.7120076922856987	1.789695009119971	0.4757949020156776	0.5746533519388822	3.117982009130551	1.0287285680738176	0.0	1.0	0.0	1.0	1.0	0.0	1.0	1.0	1.0	1.0	1.0	1.0	9.0
11500000	0.9367468597372948	0.4083787413966555	0.5105674415133383	1.676524790406109	0.25644679413629884	0.5793512859564294	0.575794362768366	1.8731810968408782	0.11509160138076092	0.5539675917497535	3.2221263163027642	1.132387055493615	0.0	1.0	0.0	1.0	1.0	0.0	1.0	1.0	1.0	1.0	1.0	1.0	9.0
11600000	0.20591201092779227	0.13933124700923663	0.23696201845858123	2.1856358426632387	0.6452447763188287	0.7516609448757213	0.7303112344422303	1.2953080599327618	0.27400183301256537	0.6760388250165091	3.2665830240501643	1.797908680279122	0.0	1.0	1.0	1.0	1.0	0.0	1.0	1.0	1.0	1.0	1.0	1.0	10.0
11700000	0.6226365139842492	0.23817280555268716	1.8545293930478262	1.7623984550875016	0.3912867250961999	1.1460588727016254	0.11442124249481378	1.4413607266817043	0.5971535106802893	1.0557209136286194	2.655801146912603	0.8551057085883397	0.0	1.0	0.0	1.0	1.0	0.0	1.0	1.0	1.0	1.0	1.0	1.0	9.0
11800000	3.2390344788886423	0.06944691078066602	2.7633071341742013	1.514832646225511	0.07805682120692062	0.4361416609616184	0.7200555360047801	0.9697206940619376	0.27999682820418526	0.5330324181560535	2.3316779202086777	0.6918993672787025	0.0	1.0	0.0	1.0	1.0	0.0	1.0	1.0	1.0	1.0	1.0	1.0	9.0
11900000	0.19701589956664395	0.8034132834491742	0.4097319432128056	2.7199107270823726	0.3992526048823061	0.08149596225737961	1.0680249049243107	2.1843057154232106	1.2322313600467638	1.1956800079995304	4.022688139955516	1.7060746489938607	0.0	1.0	0.0	1.0	1.0	1.0	0.0	1.0	1.0	1.0	1.0	1.0	9.0
12000000	1.1844803874195053	0.2625109705572966	0.705516915703505	1.952960951725288	0.35604612775581423	0.6861520127085701	0.4061865753624662	0.7683200682572894	0.09833122994006885	0.6054520176443868	2.2254432222903495	0.6669135275508805	0.0	1.0	0.0	1.0	1.0	0.0	1.0	1.0	1.0	1.0	1.0	1.0	9.0
12100000	0.21602090233451945	0.12346214224102778	0.31430409152776	1.32858211972416	0.23565531716949156	0.47326913309881774	0.3999121363805059	1.3322297244723031	0.583331913881095	0.27243876535433226	1.2341624712428483	0.6881208226285827	0.0	1.0	0.0	1.0	1.0	0.0	1.0	1.0	0.0	1.0	1.0	1.0	8.0
12200000	3.2845942350583592	0.13533757670415358	0.8581075699857655	1.9917225271571783	0.30309995760167224	0.8255837637954825	0.5161791890570262	1.22554326223947	0.4045750325468458	0.6231056770574702	3.5141822656293185	0.5882575355295029	0.0	1.0	0.0	1.0	1.0	0.0	1.0	1.0	1.0	1.0	1.0	1.0	9.0
12300000	4.36070999374277	0.21234815865661066	1.212605026628297	1.3071166406872732	1.9012794907552435	2.3338173534985844	0.3496504259118525	1.1407850103043649	1.087536798123329	0.5222601483931165	0.2721201598845267	2.321735015389873	0.0	1.0	0.0	1.0	1.0	0.0	1.0	1.0	0.0	1.0	1.0	0.0	7.0
12400000	0.9101382435058085	0.1418188022331348	0.12038103840092339	1.5852110220511666	2.024783120488939	0.007415237648008347	0.43902884192507036	1.0811240297231177	0.04799254551518472	0.39539223392959805	0.19222170980360362	0.010422247739699712	0.0	1.0	0.0	1.0	1.0	0.0	1.0	1.0	1.0	1.0	1.0	0.0	8.0
12500000	1.2256456539699776	0.4173964572836732	3.40712427930191	3.0258732556230417	3.120153929908544	0.34785245806066856	0.6995029170457664	1.7050666029950425	0.15937191365335462	0.3505182571334062	1.0037722407901535	0.5558225012958762	0.0	1.0	0.0	1.0	1.0	0.0	1.0	1.0	1.0	1.0	1.0	0.0	8.0
12600000	0.06595624217658048	0.21200598455942204	0.3017206948209508	2.7134486616397306	0.29424116682533685	0.022724402266055734	1.0423868836643755	1.3308394236796643	0.20463341604774887	0.7286706202552918	4.255880979427309	0.8531874288068088	0.0	1.0	0.0	1.0	1.0	0.0	1.0	1.0	1.0	1.0	1.0	1.0	9.0
12700000	1.0277525020140725	0.19353539175313347	0.5215930203383511	1.6932454334034213	0.09196106672269709	0.17390759549801124	0.9580300744364247	1.3723916632651791	0.10407812927813191	0.5407104191435586	2.499750827124739	1.254846345152939	0.0	1.0	0.0	1.0	1.0	0.0	1.0	1.0	1.0	1.0	1.0	1.0	9.0
12800000	0.18111637464097563	0.13862174809920844	0.3724687366019305	3.264457348355946	5.065722549543746	0.012219110875592281	0.7729735832800051	2.136903977236726	0.11814508084522377	0.4071345050629127	0.44536711543831425	0.535619567344007	1.0	1.0	0.0	1.0	1.0	0.0	1.0	1.0	0.0	1.0	1.0	0.0	8.0
12900000	0.31726976001701385	0.4206391512269343	0.8095313091722197	2.2253633428435933	0.19967443585288308	3.649944598266591	0.19853470545944835	1.469086132172187	0.896481833595449	0.783744714594129	3.1576192065116957	1.4794726573886323	0.0	1.0	0.0	1.0	1.0	0.0	1.0	1.0	1.0	1.0	1.0	1.0	9.0
13000000	1.9099619879441228	0.3377707982102795	0.9863596705468544	1.8027325524958067	0.14202632279682795	1.3784167244636207	0.36892913299152047	0.8765202462550864	0.33216379856829364	0.27406126958732685	2.4395277714924957	0.6616076059564178	0.0	1.0	0.0	1.0	1.0	0.0	1.0	1.0	1.0	1.0	1.0	1.0	9.0
13100000	0.36623732544608334	0.1951956060649719	1.207944363284012	1.595635683080532	0.2622505539390092	0.02791981298366905	0.29255059458391885	1.505298376700758	0.47575035135409643	0.6101505935584228	2.5424311342802617	0.8117016520923238	0.0	1.0	0.0	1.0	1.0	1.0	1.0	1.0	1.0	1.0	1.0	1.0	10.0
13200000	0.728515053098275	0.12730212864461027	2.0733450688530226	0.5368009402886011	0.1663794572036232	1.8030367849889675	0.06939682615779728	0.5688747616240694	0.18792557432738916	0.4825346392410572	0.9899886104703998	0.4468098958439793	0.0	1.0	0.0	1.0	1.0	0.0	0.0	1.0	1.0	1.0	1.0	1.0	8.0
13300000	0.7270088526862157	0.16678198192187202	0.02015810253349557	1.8577791168142401	0.08408327206630117	0.5474614398012831	0.9962546746762062	1.1621816899816149	0.20000635151194093	0.3111905843174744	2.914211237504077	0.36776653792208464	0.0	1.0	0.0	1.0	1.0	0.0	1.0	1.0	1.0	1.0	1.0	1.0	9.0
13400000	0.4741586826491204	0.25491497723798595	1.4433808105960044	1.2306801978546784	0.11605996923657835	0.025060466961659117	6.608806957995658	1.0608709858561338	0.6080852070389766	0.9464778360674285	2.8337869021769384	1.1993882315793019	0.0	1.0	0.0	1.0	1.0	0.0	0.0	1.0	1.0	1.0	1.0	1.0	8.0
13500000	0.05347331172072175	0.07451281700042496	0.26685251395515	1.481646353200809	0.23952831229695484	0.9706560122839858	0.4040847303003508	0.9557996034045836	0.12754532755762457	0.3228472117599759	2.527245084012288	0.3213435127299479	0.0	1.0	0.0	1.0	1.0	0.0	1.0	1.0	0.0	1.0	1.0	1.0	8.0
13600000	0.5839430533214416	0.13698426612674808	2.067081216863717	1.2432398577120938	0.127002059440797	1.4276459721020998	0.5082649082631139	0.4175267339238094	1.7223399983578107	0.3144340489657057	1.7901054432311807	0.17468497023520832	0.0	1.0	0.0	1.0	1.0	0.0	1.0	1.0	0.0	1.0	1.0	1.0	8.0
13700000	0.14736242571472583	0.16564389690947226	4.207890279094895	1.5422646561679012	0.22530813159963578	0.08190626688621258	0.452348733016807	1.2425412469923347	0.4290191824806923	0.5467744914745631	2.192310855191318	0.8850459252831588	1.0	1.0	0.0	1.0	1.0	0.0	0.0	1.0	1.0	1.0	1.0	1.0	9.0
13800000	0.9716425858998692	0.21437437703891876	1.6089011695416693	2.0513735524915915	0.27999157640792577	1.983403745057208	0.7166037649934416	1.1345452083732024	0.195220938270401	0.5875627320383484	2.4628656011533137	0.46529956847118337	0.0	1.0	0.0	1.0	1.0	0.0	1.0	1.0	1.0	1.0	1.0	1.0	9.0
13900000	1.4442117455175765	0.06068942864324723	1.9719518513541052	0.790573523909587	0.05634065576153051	1.2254229882260699	0.24018587567475805	0.5005392320937929	0.09905681365032007	0.14604625776043934	1.0390961998621222	0.17496392653006082	0.0	1.0	0.0	1.0	1.0	0.0	1.0	1.0	1.0	1.0	1.0	1.0	9.0
14000000	0.09050292740797287	0.30525998944536076	0.9015002088343662	2.620744233421103	0.4610717962553266	4.0718747271453	1.2598469262634882	1.0416201435779875	0.07738304571497963	0.2560753331482906	3.299011283723477	0.9372360967690133	1.0	1.0	0.0	1.0	1.0	0.0	1.0	1.0	1.0	1.0	1.0	1.0	10.0
14100000	0.6371082435239546	0.46041464117336534	0.43527933924448375	1.8552411824820803	0.08935049566111875	3.1664372703511905	0.3372291794588822	2.160940565827228	0.35533866302222805	0.7596694018812459	3.4114194720274993	1.0453562225420165	0.0	1.0	0.0	1.0	1.0	0.0	1.0	1.0	1.0	1.0	1.0	1.0	9.0
14200000	0.5260789903815374	0.38244494976799015	0.7580362114640107	1.0467625246928505	0.13858167853813247	0.17584221664838234	0.49673897876702344	0.9689358622523317	0.47588459441535946	0.6040558962941708	2.4968416845821153	1.4793185249566545	0.0	1.0	0.0	1.0	1.0	0.0	1.0	1.0	1.0	1.0	1.0	1.0	9.0
14300000	0.39645779630902545	0.658125884841996	0.0776229107588323	1.6763714846843163	0.2459235343551093	0.3466730708428616	0.8017917816021528	2.3875243317113735	0.3860922169724129	1.2300047395103255	3.3031370052526383	1.1737638029390014	0.0	1.0	0.0	1.0	1.0	0.0	1.0	1.0	0.0	1.0	1.0	1.0	8.0
14400000	0.9529819233615918	0.7249690013908392	0.2030755378861962	1.0674619428137777	0.11440364572961546	0.11457638422878938	0.573742459249944	1.2316799623868604	0.19145981604308634	1.050922063592838	2.35502791373937	0.829050382129769	0.0	1.0	0.0	1.0	1.0	0.0	1.0	1.0	1.0	1.0	1.0	1.0	9.0
14500000	0.3918230665449831	0.3325320754340827	0.8037363964213371	2.633626505812056	0.09336574237734564	0.8901457655972099	0.6571630127298533	2.635912448238571	1.1125464453350002	1.7884045368893915	4.652800745827015	1.9354395707562018	1.0	1.0	0.0	1.0	1.0	0.0	0.0	1.0	1.0	1.0	1.0	1.0	9.0
14600000	0.13085922882440218	0.1899588865598096	1.1423509112090662	1.809507111459445	3.239003849047036	0.08350604199872315	0.852283895601523	1.155771909006515	0.15732730258854602	0.6213284906323816	0.2940108300307916	0.012955214559369117	0.0	1.0	0.0	1.0	1.0	0.0	1.0	1.0	0.0	1.0	1.0	0.0	7.0
14700000	0.15236865977723765	0.11665301947490073	0.22814662574131672	0.8392459770160766	0.07606866674818145	0.6598595207624204	0.19480770054412846	0.5841148503841074	0.2657434763562796	0.17536073079042272	1.5442400355814565	0.36068287592711856	0.0	1.0	0.0	1.0	1.0	0.0	1.0	1.0	1.0	1.0	1.0	1.0	9.0
14800000	0.9703728517779443	0.2073956060578211	0.8363908481240357	1.7154976863518183	0.5845708727370266	0.8993932652784977	0.10368835894087987	1.4193702993578279	0.2709157874970052	0.6215948276410181	2.9213468707951518	1.3247099002197231	0.0	1.0	0.0	1.0	1.0	0.0	1.0	1.0	1.0	1.0	1.0	1.0	9.0
14900000	0.031275460216115394	0.6055825817255553	0.3929912226110474	1.5980387997580467	0.3145013174284527	3.717087524290104	0.5756634019427753	1.6979687151143088	0.37019423943393104	0.5456627577854711	3.370187143802638	1.1920587721667897	0.0	1.0	0.0	1.0	1.0	0.0	1.0	1.0	1.0	1.0	1.0	1.0	9.0
15000000	0.09579023427871178	0.19609225702305005	1.176844133056744	1.9776202719685838	0.07613052222023947	0.5379452806728825	1.428382975501359	1.4637785161819243	0.39913710655881113	0.9529292450396336	4.050042722910033	0.9240724774268905	0.0	1.0	0.0	1.0	1.0	0.0	1.0	1.0	0.0	1.0	1.0	1.0	8.0
15100000	1.7470590548271454	0.278019066903067	1.9935899332588511	1.652515770320576	1.7116639214751155	0.2074963004472522	0.7161134366770466	0.6527179945930582	0.31310281821086106	0.4264208479811706	0.24915139494448915	0.1906566746839092	0.0	1.0	0.0	1.0	1.0	0.0	1.0	1.0	0.0	1.0	1.0	1.0	8.0
15200000	0.0943669741731777	0.2037572672692356	0.6797097451033952	3.573636072818483	3.8352468410596106	0.6279199169312639	0.7079816786423841	2.0489909068195358	0.026465225980301266	0.6549820131412153	0.1258568974496242	0.16688521023850872	1.0	1.0	0.0	1.0	1.0	0.0	1.0	1.0	1.0	1.0	1.0	1.0	10.0
15300000	1.6444769122705238	0.09655801079361044	1.5636509457887544	1.277704862489703	1.413170214939467	2.655846054814732	0.5492019377457926	0.5898695812301227	0.6200051053756244	0.14213312733464212	0.07310812927303162	1.3665235906214133	0.0	1.0	0.0	1.0	1.0	0.0	1.0	1.0	0.0	1.0	1.0	0.0	7.0
15400000	0.43475362372668885	0.260781850298394	0.04348992272580784	2.205100103346284	2.1432456353883778	0.09510738468773983	0.8617249925511957	1.352470449297438	1.4358664216142396	0.35431338355563574	0.1377676736565662	1.4290133773189788	0.0	1.0	0.0	1.0	1.0	0.0	1.0	1.0	0.0	1.0	1.0	0.0	7.0
15500000	0.811366081892725	0.16745329317169866	0.0036741846809626496	1.6125033634122752	1.8446679303725035	0.7494741026638598	0.620440384082245	1.0820162160068827	1.5966499887139278	0.20816186986266597	0.2700188974006975	2.46050992726098	0.0	1.0	0.0	1.0	1.0	0.0	1.0	1.0	0.0	1.0	1.0	0.0	7.0
15600000	0.6177944623264658	0.4961396881066557	0.00158635238172361	2.8763803771118215	0.40035345067368616	0.15954454572105173	0.9864381589769822	2.5579750522201645	0.4765884563920676	0.9687207749459613	4.283091146959051	1.1762886034402602	0.0	1.0	1.0	1.0	1.0	0.0	1.0	1.0	1.0	1.0	1.0	1.0	10.0
15700000	0.580978262479439	0.19987283172237544	0.5298129780243274	2.056800760027536	0.10493298755326123	1.0662147205388688	0.8382411392652106	1.695828038928967	0.3121449722379023	0.5203287795517254	3.1084107575709083	1.1115444032540611	0.0	1.0	0.0	1.0	1.0	0.0	1.0	1.0	1.0	1.0	1.0	1.0	9.0
15800000	1.7980668063048153	0.44652181862227	0.422624481997695	2.723290151335426	0.2523244010155463	0.2978733587958443	0.791025076063518	2.3727657761548757	0.6198506663918482	1.1644372347613248	5.162372561939314	1.8042489735766574	0.0	1.0	0.0	1.0	1.0	0.0	1.0	1.0	1.0	1.0	1.0	1.0	9.0
15900000	3.2765969275090097	0.1139675546961614	1.1376643832815154	0.9944794374617452	0.10007884638492053	0.5523490487313422	0.14535459837136716	0.6882019606113199	0.3975241429851388	0.518845889096955	2.059486719576971	0.5092737153473399	0.0	1.0	0.0	1.0	1.0	0.0	1.0	1.0	1.0	1.0	1.0	1.0	9.0
16000000	0.7126057630416514	0.10198472962392244	0.3108599636315919	1.5136492969615263	0.1852691131884398	0.21520656567399898	0.6383528987727534	0.9354550837647305	0.10338986279936256	0.2818337438817531	1.751522997585742	0.6530542332156377	0.0	1.0	0.0	1.0	1.0	0.0	1.0	1.0	1.0	1.0	1.0	1.0	9.0
16100000	0.24619596613404718	0.15438318949355317	0.19658264885997678	1.397823427524202	0.20991627803198498	0.11652646458279621	0.16519397233632388	1.2390511866929328	0.5556098316047924	0.5015313005993502	2.5303697636723723	0.8677710025114289	0.0	1.0	0.0	1.0	1.0	0.0	1.0	1.0	1.0	1.0	1.0	1.0	9.0
16200000	1.1547782692932433	0.2902256544319603	0.4839777931205598	2.9731014191974507	0.27332502669504416	2.4974357441291217	1.0866585813580345	2.6189463527752608	0.17669447831601048	1.0013879562962937	4.197866997823016	2.0878845246546547	0.0	1.0	0.0	1.0	1.0	0.0	1.0	1.0	1.0	1.0	1.0	1.0	9.0
16300000	0.23640479733775202	0.22104399277722248	0.8327722160150763	2.210040311929931	0.21008455017690347	3.2722460467719885	0.4185196768387235	1.822844585776636	0.5166504960271526	0.6288139988956316	3.2552797942898457	1.2303572967070664	0.0	1.0	0.0	1.0	1.0	0.0	1.0	1.0	1.0	1.0	1.0	1.0	9.0
16400000	0.2058033726788405	0.17854380186817304	0.882441204341666	0.9722342054359138	0.09674713930028825	1.831496935725043	0.5916812022370528	0.8774011419323472	0.1760326817618876	0.7423266645177622	1.4758217975654742	0.981089777418997	0.0	1.0	0.0	1.0	1.0	0.0	1.0	1.0	1.0	1.0	1.0	1.0	9.0
16500000	0.0900588104145042	0.36121809552793555	0.43937671586068977	2.4257182419094874	0.11702161822851384	0.34271947038082623	0.4037649192228282	2.1619775392132143	0.21504896078207592	0.7379741687751074	3.552424310940285	1.171562797251319	1.0	1.0	0.0	1.0	1.0	0.0	1.0	1.0	1.0	1.0	1.0	1.0	10.0
16600000	2.42606429884921	0.3032162478417466	0.456648286653517	2.1140263214389843	0.17160845612524553	0.325508352664802	0.3414851653377265	1.6989170077403317	0.2874038441962205	0.8058801747899842	2.9224035456302744	0.9164512330217572	0.0	1.0	0.0	1.0	1.0	0.0	1.0	1.0	1.0	1.0	1.0	1.0	9.0
16700000	0.12739506917666232	0.31035418026305794	0.7878520225092297	1.1861550771276999	0.1546257761965402	0.3790473534967423	0.5403907795818367	0.7677874848342946	0.8163954787441249	0.45805772372987164	2.491906467030526	0.8203869956365046	1.0	1.0	0.0	1.0	1.0	0.0	1.0	1.0	0.0	1.0	1.0	1.0	9.0
16800000	0.3310176056384239	0.0765724346364316	0.5025035090146959	0.9816735210519091	0.15401704891811768	2.5138502279385277	0.6294824108283614	0.6015586837080411	0.04350917402901512	0.5578183499326698	2.1541985222806326	0.8996301127125871	0.0	1.0	0.0	1.0	1.0	0.0	1.0	1.0	1.0	1.0	1.0	1.0	9.0
16900000	5.515439281708085	0.5025841795116528	2.6704068300333548	2.2136356429669886	0.46064482945314306	0.03857014617401058	0.747179887847697	2.652274451828537	0.5047529357995724	1.3424342225073411	4.0648033523520475	1.039556437883831	0.0	1.0	0.0	1.0	1.0	1.0	1.0	1.0	1.0	1.0	1.0	1.0	10.0
17000000	0.43616853229487695	0.3070103489114255	0.869149488649968	1.577311266288769	0.18096512466477524	0.6108026842782877	0.5526016218958453	1.801182204971833	0.08122457414483479	0.6458754362274125	2.629996229156778	0.8873110094418689	0.0	1.0	0.0	1.0	1.0	0.0	1.0	1.0	1.0	1.0	1.0	1.0	9.0
17100000	0.03103651111370737	0.319000841736075	0.459964109026515	2.0765128263984587	0.283029449446486	0.0491548386309549	2.4127357054955825	1.6565281053580132	0.6571435768187411	1.2372439334338836	2.5644822084405035	0.8888746856313026	1.0	1.0	0.0	1.0	1.0	0.0	0.0	1.0	1.0	1.0	1.0	1.0	9.0
17200000	2.2302343937635225	0.20951472378020983	0.6368267246024353	1.1429140354547285	0.11980897097212012	0.7731190067555148	0.6336451802694736	1.03324241302353	0.2983581053778679	0.5298084224622394	2.3413425329216113	0.698495400302659	0.0	1.0	0.0	1.0	1.0	0.0	1.0	1.0	0.0	1.0	1.0	1.0	8.0
17300000	0.15837111248597477	0.38344293145488645	0.1682039053748213	4.018913333391485	0.6920229729009512	0.19947116058009062	1.4171272987374621	2.2295024792145965	0.19125031222603892	0.5411178452390142	4.801525921987589	0.9906484993671472	0.0	1.0	0.0	1.0	1.0	0.0	1.0	1.0	1.0	1.0	1.0	1.0	9.0
17400000	0.8790224017711724	0.3852529090426464	1.0359043368062075	3.132302509240427	0.23265263644693307	0.18356321217911262	0.4707376956584315	1.759682608099426	0.8436895881111467	1.1414879844155046	4.4576913452972695	1.4477455025797774	0.0	1.0	0.0	1.0	1.0	0.0	1.0	1.0	1.0	1.0	1.0	1.0	9.0
17500000	0.797233841471037	0.22284988195553196	0.6142586254422188	2.0653433533330614	0.3232852268519563	0.6027594089710018	0.62893672088446	1.653122330832109	0.27707608488957913	0.47027004416019785	4.0390747419199515	0.976124482084566	0.0	1.0	0.0	1.0	1.0	0.0	1.0	1.0	1.0	1.0	1.0	1.0	9.0
17600000	0.04779139970839029	0.5685954986789267	1.2878179657836728	1.1443294803730513	0.20193417208930634	0.09690755109326904	0.3531146598264758	1.5014203696772088	0.6830772091403221	0.7922947407368384	3.543701842337549	1.3229496289950877	0.0	1.0	0.0	1.0	1.0	0.0	0.0	1.0	1.0	1.0	1.0	1.0	8.0
17700000	0.0494550128464014	0.23589346519300236	0.5960803122423195	0.7844566480149788	0.1262631805447764	0.764174071757316	0.8426587476985534	0.9298988483668267	0.2787106727552784	0.4814754135008353	1.9494971060938315	0.7740896469660893	1.0	1.0	0.0	1.0	1.0	0.0	0.0	1.0	1.0	1.0	1.0	1.0	9.0
17800000	2.0853551919566296	0.12632149483925945	0.34482221783566525	1.023706656365037	0.17566945907762296	0.6511131148626395	0.38157334366495477	1.1193824193736324	0.32468439094553087	0.38927427991902175	1.8907691264554582	0.5214819726568108	0.0	1.0	0.0	1.0	1.0	0.0	1.0	1.0	1.0	1.0	1.0	1.0	9.0
17900000	0.20269242968105544	0.12720817894953637	1.0547229905764373	1.8486020224831603	0.24196861663099342	2.3663758449211802	0.30700342711537226	0.6192017025053221	0.2537445277520711	0.5024010983736912	2.3449874638548707	0.5411632245285782	0.0	1.0	0.0	1.0	1.0	0.0	1.0	1.0	1.0	1.0	1.0	1.0	9.0
18000000	0.8915510763701051	0.16522779233568352	0.06558714916662135	1.0990183088268364	0.07654429163125942	0.07687259071955248	0.20294868551162892	1.4064109942284448	0.48949185579611465	0.7506387435204798	2.206380010562959	1.1151881080151314	0.0	1.0	0.0	1.0	1.0	0.0	1.0	1.0	1.0	1.0	1.0	1.0	9.0
18100000	0.09726789650494044	0.33999218023276523	0.8649947016582266	3.2448102831115593	0.4367517797954943	1.7903337555482808	0.37336133462958565	1.9134823699414245	0.8064782450725697	1.0933962981087872	3.519691376622249	1.1996539211408848	1.0	1.0	0.0	1.0	1.0	0.0	1.0	1.0	1.0	1.0	1.0	1.0	10.0
18200000	0.5933765106822462	0.15574504527479816	0.028259971038878232	1.026820758418597	0.11291309000572722	0.009790356120688012	0.46662397227658176	0.7646286350741542	0.160078355988595	0.38790153994334525	1.599461701071891	0.5103745973266203	0.0	1.0	0.0	1.0	1.0	0.0	1.0	1.0	1.0	1.0	1.0	1.0	9.0
18300000	0.2553065649300579	0.2466138218299809	0.27152596344742513	1.318125876753072	0.16534337665716506	0.535003792924409	0.378186763218548	1.1126533331699087	0.13258930532723298	0.41599328761708143	2.11130393520355	0.5081949649187775	0.0	1.0	0.0	1.0	1.0	0.0	1.0	1.0	1.0	1.0	1.0	1.0	9.0
18400000	0.2762363869301372	0.06330862784253298	0.8204914725287598	1.3066898429238594	0.29867528597914106	1.0666806635661066	0.5337725056303908	1.2610395687954226	0.1396301727609211	0.6479791828139561	2.170886886562606	0.7643728404890737	0.0	1.0	0.0	1.0	1.0	0.0	1.0	1.0	1.0	1.0	1.0	1.0	9.0
18500000	1.2230576274425238	0.3337027676360304	0.029263486723536108	1.9745768821169372	0.6064263494473876	0.2861497698628607	0.6797566269806768	1.2974536105021197	0.4089176275044854	0.3185206369977778	2.6259591071431156	0.48338365754525614	0.0	1.0	0.0	1.0	1.0	0.0	1.0	1.0	1.0	1.0	1.0	1.0	9.0
18600000	2.0146453148468764	0.17326273484010965	0.2289717903418924	2.300954580686648	0.2527891933099191	0.2453385176532796	0.6842496695997227	1.23071531720611	0.29495440165541964	0.7261516218939106	3.154822408783658	0.5002003712828597	0.0	1.0	0.0	1.0	1.0	0.0	1.0	1.0	1.0	1.0	1.0	1.0	9.0
18700000	0.4108158635248886	0.4125406823812355	0.46162085719454155	1.7086690241093674	0.06826748965603573	1.2780136975958372	0.8446210952945218	1.3774504375592793	0.285698433410036	0.5413291602316749	2.8900311227722333	0.9567466275354501	0.0	1.0	0.0	1.0	1.0	0.0	1.0	1.0	1.0	1.0	1.0	1.0	9.0
18800000	2.9779032467475224	0.13660176882434263	0.756613537809587	0.9591373438612812	0.13998357994648034	1.3383753959730422	0.1865488428959963	0.4102136103318534	0.1904495605490695	0.2050499871604125	1.717865164245248	0.350308166764975	0.0	1.0	0.0	1.0	1.0	0.0	1.0	1.0	1.0	1.0	1.0	1.0	9.0
18900000	0.38544518998579574	0.2935272430185023	0.9650886627146784	0.6183664710883968	0.12147453431192752	1.356235887252399	0.3406490472964559	1.0252680282075943	0.28423053303455653	0.8849882733884439	2.2777810691093365	1.0154501066047146	0.0	1.0	0.0	1.0	1.0	0.0	1.0	1.0	1.0	1.0	1.0	1.0	9.0
19000000	0.07141596035785706	0.32639631049126805	0.7779897820262393	1.21031359082088	0.030889893371083818	3.1540464819496075	0.3144358201819931	1.3028726896461922	0.3745736847653047	0.6965917344612105	2.5646190652746954	1.0134244455285997	1.0	1.0	0.0	1.0	1.0	0.0	1.0	1.0	1.0	1.0	1.0	1.0	10.0
19100000	0.3767475921320036	0.05909349970152287	1.2348279904679562	0.6851061422148804	0.07969586969520087	3.5685775482040905	2.7220028401863043	0.7018235161195089	0.22843490419638052	0.471628591628355	1.1525066169695317	0.47609999379168433	0.0	1.0	0.0	1.0	1.0	0.0	0.0	1.0	1.0	1.0	1.0	1.0	8.0
19200000	2.822974432492506	0.10825731943900499	0.24026723198536123	1.508779830482825	0.087839432565218	1.6576142622525512	0.4084885587480462	0.6284315724042414	0.15863492659604497	0.30550412050845716	1.8886218097253946	0.26694575367270496	0.0	1.0	0.0	1.0	1.0	0.0	1.0	1.0	1.0	1.0	1.0	1.0	9.0
19300000	0.45225530707372863	0.1825377327968043	3.3881066424479136	1.096486017889716	0.0803988859849934	0.5233020522478	0.7508724994866973	1.0982578922969446	0.6695149933753506	0.3163018826813926	2.372414644535313	1.005148913922872	0.0	1.0	0.0	1.0	1.0	0.0	0.0	1.0	1.0	1.0	1.0	1.0	8.0
19400000	0.0027490308649883335	0.49361724575886334	0.05347112927428223	2.767702664855025	0.5353219467007606	0.8544640460826355	3.1028806533293376	2.089562634138718	0.7613010428355927	1.3435983693490814	4.662750935445365	1.9508384061637656	1.0	1.0	1.0	1.0	1.0	0.0	0.0	1.0	1.0	1.0	1.0	1.0	10.0
19500000	2.541861002114224	0.356404313292318	0.5487087510850206	2.1719355423052775	0.48053592194565314	0.2161803875337902	0.3772064976752604	1.2766374916572265	0.42959289935420236	0.45534348840662725	3.0406679407018276	1.278404355106089	0.0	1.0	0.0	1.0	1.0	0.0	1.0	1.0	1.0	1.0	1.0	1.0	9.0
19600000	1.280216172130232	0.19523507188130612	1.541492593216496	2.4094834647136967	0.6000054368646479	0.2799331165705582	0.41676217931545007	1.7333174011954655	0.29327977918584663	0.584880736446845	2.7238806172528762	1.0828380954621393	0.0	1.0	0.0	1.0	1.0	0.0	1.0	1.0	1.0	1.0	1.0	1.0	9.0
19700000	0.03075270969187632	0.24213698696897407	0.7516343335963149	0.7152039804170521	0.05905644395649319	0.994984121462801	0.25563311278602024	1.1665091993408019	0.42075677057152716	0.8646204061144105	1.915984639195224	0.7571933550772951	0.0	1.0	0.0	1.0	1.0	0.0	0.0	1.0	1.0	1.0	1.0	1.0	8.0
19800000	1.8647594930721396	0.11348141772193164	0.3473022043702805	1.651504885365098	0.1350425331682721	0.5967038411035523	0.5547403446283223	0.9891921825873116	0.08925079670713337	0.5065350865048069	2.613105433011302	0.2576384592105862	0.0	1.0	0.0	1.0	1.0	0.0	1.0	1.0	1.0	1.0	1.0	1.0	9.0
19900000	2.915750325186258	0.1949790718772313	2.290974901682864	1.613787754692284	0.13110290935105817	1.448381225332147	0.7651477065162618	0.6905381927985041	0.2460864638251741	0.42838133418063506	2.701070580577624	0.46994446262731143	0.0	1.0	0.0	1.0	1.0	0.0	1.0	1.0	1.0	1.0	1.0	1.0	9.0
20000000	1.262700046748548	0.2572766347935024	2.5903347768257716	2.5909779821414394	0.2988595298173293	1.203719735781448	0.8586405578360089	1.6693128047951347	0.5717516264847098	0.920675966649775	2.7728228444718535	1.2059643862657987	0.0	1.0	0.0	1.0	1.0	0.0	1.0	1.0	1.0	1.0	1.0	1.0	9.0
20100000	2.43842356852588	0.20757249431024144	0.28465646745130757	1.4375656438958253	0.3165606714969119	2.169397491343782	0.658802239428965	1.258061289139419	0.3338923878339758	0.4016722797521783	2.8043945094783242	0.7612710845780549	0.0	1.0	0.0	1.0	1.0	0.0	1.0	1.0	1.0	1.0	1.0	1.0	9.0
20200000	0.2700493294762427	0.23181682480528726	0.6343353812409116	2.8000546207924506	2.7508619209761824	0.029967144178343508	0.8916977956690204	1.8048146419017008	1.1800535126833283	0.4259384846895807	0.10461449888664535	1.8053829277262352	1.0	1.0	0.0	1.0	1.0	0.0	1.0	1.0	0.0	1.0	1.0	0.0	8.0
20300000	0.2953967821417299	0.4879509077276796	0.6434477906798294	3.1080539574699895	3.4070992550714414	1.0595794852340985	0.739638111746748	2.1866676625574466	4.4260292231200875	0.3198084716836337	0.3033288562738067	0.17031690631859436	0.0	1.0	0.0	1.0	1.0	0.0	1.0	1.0	0.0	1.0	1.0	0.0	7.0
20400000	0.19799204119063704	0.15309445752378328	1.566310510133894	1.7413615754724665	2.24087961851402	0.6890128966495483	0.7796492061760869	0.6790773232521836	0.15896288864847874	0.3842889256762489	0.2300229067453957	1.0154608445294955	1.0	1.0	0.0	1.0	1.0	0.0	1.0	1.0	1.0	1.0	1.0	0.0	9.0
20500000	0.9559934447429518	0.31985531793236693	0.6392706905211281	1.9797740901566923	0.23570106329743154	0.9401554536772895	1.338135375828797	1.59862056803298	0.30069784807757366	0.8825032949100424	4.261015080666612	1.3358002275928509	0.0	1.0	0.0	1.0	1.0	0.0	1.0	1.0	1.0	1.0	1.0	1.0	9.0
20600000	1.3010020162436047	0.16784877940814602	0.4446302387730041	1.9096469007041759	0.32664583509769796	1.3249035828993634	0.3640618614444792	1.2011718668280356	0.2091733804771204	0.5792321322660785	2.8297645202504786	0.6702492266351429	0.0	1.0	0.0	1.0	1.0	0.0	1.0	1.0	1.0	1.0	1.0	1.0	9.0
20700000	1.6820262607674625	0.1577835197327682	0.9683516612973218	0.77416487394616	0.21426454398100034	0.9243464352778793	0.7987154784626656	0.4894497786303789	0.47015546913353395	0.4336344228568118	1.3466426213022025	0.6706368228771461	0.0	1.0	0.0	1.0	1.0	0.0	0.0	1.0	1.0	1.0	1.0	1.0	8.0
20800000	8.813187573468752E-4	0.6750666178030207	1.1055731447514385	2.968537744364977	0.6380980109244238	0.11957189321929095	1.4139189404205366	2.475497192110349	0.752505524208003	1.741890570099264	5.722813571639374	1.8122978528001814	1.0	1.0	0.0	1.0	1.0	1.0	1.0	1.0	1.0	1.0	1.0	1.0	11.0
20900000	2.9587372565643797	0.3516776259740605	0.7331877005496755	1.3651987284686107	0.058218917337191575	0.49324388241683065	0.8346093586584916	1.5032099329291209	0.5037206707780871	0.6973623267122881	2.1346915848923054	0.8546382701499874	0.0	1.0	0.0	1.0	1.0	0.0	0.0	1.0	1.0	1.0	1.0	1.0	8.0
21000000	0.903995876673291	0.3301673080542675	1.0440686999272193	1.5063988549972793	0.32257503205892024	0.199851406017546	0.8500425942443123	1.4057107055229736	0.18441224752778096	0.6248212622617723	2.612849310916143	0.630518508082249	0.0	1.0	0.0	1.0	1.0	0.0	1.0	1.0	1.0	1.0	1.0	1.0	9.0
21100000	0.4997451514910495	0.743128490672998	0.35287382496304415	2.772399440643557	0.48868311105815393	1.6112505702112394	0.9537692442467725	2.1955578185527544	0.49497408727559	1.0587574319690478	4.793589115284324	1.1512910485556918	0.0	1.0	0.0	1.0	1.0	0.0	1.0	1.0	1.0	1.0	1.0	1.0	9.0
21200000	0.5465371855408624	0.1148011947805773	0.7340519694568394	0.7332763666228761	0.021174025502767622	0.4171878475161856	0.3371252564653716	1.0515288927567845	0.09186309877712985	0.37881890694071574	1.4726606218269198	0.880327129177586	0.0	1.0	0.0	1.0	1.0	0.0	1.0	1.0	1.0	1.0	1.0	1.0	9.0
21300000	5.163870494485998	0.0805905282731986	0.5752000314916748	1.3372937644363059	0.2214863583125127	1.103756525844948	0.21643363385467004	0.9061848790101198	0.422149885216599	0.4669363926562753	1.2214431623313378	0.8489783035967314	0.0	1.0	0.0	1.0	1.0	0.0	1.0	1.0	0.0	1.0	1.0	1.0	8.0
21400000	1.3425472599820956	0.20883228113570193	0.3563628344851874	1.7059672448910452	0.1016497263389192	2.85562752922443	2.1055137877045857	1.357391664814068	0.5545906940048789	0.5287972041143277	3.33836881536286	0.6448695487951844	0.0	1.0	0.0	1.0	1.0	0.0	0.0	1.0	1.0	1.0	1.0	1.0	8.0
21500000	1.3929195517711008	0.29641314167211646	0.20326832522007365	1.9085592723162033	0.17925788516101435	0.28368454608024635	0.7691935765155773	0.8359202311626321	0.3681603043371506	0.37327392941761156	2.5120637275900473	0.5967947055746042	0.0	1.0	0.0	1.0	1.0	0.0	1.0	1.0	1.0	1.0	1.0	1.0	9.0
21600000	0.13834979807213038	0.4984666007643036	0.3672713793906009	1.56514247823566	0.058888239707792646	0.07212856886143584	0.4635453328946455	1.181781382695246	0.16365598116185606	0.6148188240613902	2.6247706478033086	1.0997629193944642	0.0	1.0	0.0	1.0	1.0	0.0	1.0	1.0	1.0	1.0	1.0	1.0	9.0
21700000	2.176203982572407	0.26230620906866386	2.2584502719768973	1.2090383268593963	1.3567393860917751	2.3276709373518485	0.4888269525350249	0.6043854195241085	0.3362893310387598	0.3413314246367534	0.8468510881549229	0.051834302667598704	0.0	1.0	0.0	1.0	1.0	0.0	1.0	1.0	0.0	1.0	0.0	1.0	7.0
21800000	1.3863532630758315	0.188293601869441	1.8279172894039069	3.601337229786937	4.029371852418531	0.40642385126560393	1.5935293894626688	2.1476022219748603	0.2938878615326845	0.8272544725877855	0.8709207977788097	3.013689187128526	0.0	1.0	0.0	1.0	1.0	0.0	1.0	1.0	0.0	1.0	1.0	0.0	7.0
21900000	0.2734752972289917	0.2430714333952767	0.023523404035749117	1.4869024900546322	0.11355341918160403	0.647883738569835	0.654954322397955	1.6754307346614985	0.5440083581744581	0.7023173228249843	3.0793131942058607	2.069463158354834	0.0	1.0	0.0	1.0	1.0	0.0	1.0	1.0	1.0	1.0	1.0	1.0	9.0
22000000	0.31139705184042177	0.1271468155995302	0.8337368033491432	2.7751920411478372	0.5177985434946093	1.6285151996166545	0.13798568637790118	1.7553739042411731	0.8075253010715895	0.34790361649824003	3.576701823456217	1.042037086900365	1.0	1.0	0.0	1.0	1.0	0.0	1.0	1.0	1.0	1.0	1.0	1.0	10.0
22100000	0.136849329551867	0.2887446312524196	2.4528172146879177	1.626200747750015	0.689276907872778	0.8678676520421565	0.09134226665272296	2.631568908590521	1.544596434466329	1.0014116140958214	4.099791838281068	1.5977831993040061	0.0	1.0	0.0	1.0	1.0	0.0	0.0	1.0	1.0	1.0	1.0	1.0	8.0
22200000	1.1445778673506828	0.07796725026776273	0.20122958557008014	0.5673305105601981	0.04832039000158755	1.3332372211832084	0.14417111577139854	0.5105283367050528	0.5993905065711336	0.208201167914653	0.7605009085200082	0.22971159708500372	0.0	1.0	0.0	1.0	1.0	0.0	1.0	1.0	0.0	1.0	1.0	1.0	8.0
22300000	1.093915529156051	0.44241486048768786	1.22958088092616	1.5383405969460622	0.22524046966763553	0.008434994160248038	0.3049839228999504	1.1415401784784813	0.37560351773110046	0.7704058917050749	3.3260668806313283	1.0358456158983116	0.0	1.0	0.0	1.0	1.0	0.0	0.0	1.0	1.0	1.0	1.0	1.0	8.0
22400000	0.7542012671127978	0.2880240062905123	0.017890968156562655	1.615854119526879	0.22151890069590346	0.0637308215715512	0.4030413734761971	1.7658960312468277	0.7188761431456303	0.6406133882792013	2.9925831801119505	1.2812148938777177	0.0	1.0	0.0	1.0	1.0	1.0	1.0	1.0	1.0	1.0	1.0	1.0	10.0
22500000	2.429801276518741	0.22521136468187822	2.441264337119132	1.5698252274206614	0.2854006303697963	0.25887479217142434	0.9145600756138726	0.6801747831313367	0.3995442536156128	0.5335581947149989	2.5369227463510344	0.5317709468592	0.0	1.0	0.0	1.0	1.0	0.0	1.0	1.0	0.0	1.0	1.0	1.0	8.0
22600000	0.41220081883523974	0.3521449398617887	0.9905866828374315	1.764400530969221	0.25170100118862115	0.052637676052477315	0.2915844327439107	1.5588795398678683	0.22687204639658462	0.7571699440625469	2.2569225083883673	1.1429272733025841	0.0	1.0	0.0	1.0	1.0	0.0	1.0	1.0	1.0	1.0	1.0	1.0	9.0
22700000	0.4609108382598886	0.2135497760184536	0.1526908257043678	1.4980565586769667	0.14027459371296147	1.1251628913536103	0.45276726194236383	1.4053342912992324	0.3473794841018178	0.6749992222526752	2.574639319779125	0.641484895912497	0.0	1.0	0.0	1.0	1.0	0.0	1.0	1.0	1.0	1.0	1.0	1.0	9.0
22800000	2.1312102210817025	0.24110517784601193	0.2254961298919055	1.607553938758476	0.04572468403493191	0.43874040474449083	0.7052348607217379	0.9635987429496543	0.15012336458930123	0.41533391418200455	2.863845922552876	0.8222485820647718	0.0	1.0	0.0	1.0	1.0	0.0	1.0	1.0	1.0	1.0	1.0	1.0	9.0
22900000	3.0147597610422388	0.20495852007419962	1.0517300119590554	1.865031045193287	0.07620020284882667	0.7227706199484459	0.15482748528424334	1.5470554604475302	0.7139410780737933	0.4169027486999795	3.6891156709388473	1.0071377075008017	0.0	1.0	0.0	1.0	1.0	0.0	0.0	1.0	1.0	1.0	1.0	1.0	8.0
23000000	0.6228148505813693	0.1725528877777229	1.2727079443859168	1.6541229253465388	0.10848333505949476	1.0282845313031324	0.10214197183511646	2.054886831851239	0.6128092729505221	1.081799916027138	3.654444092694384	1.1550912261069544	0.0	1.0	0.0	1.0	1.0	0.0	0.0	1.0	1.0	1.0	1.0	1.0	8.0
23100000	0.10612988042950137	0.030877251763804035	5.121806633974022	0.9363422644921117	1.2644637775760477	0.0012712341842342734	0.2695047345702459	0.5574245505165119	0.3362369009481304	0.3507130008714644	0.03329332773225504	0.7679185444199776	0.0	1.0	0.0	1.0	1.0	1.0	1.0	1.0	0.0	1.0	1.0	0.0	8.0
23200000	0.0265657847113808	0.38347039457292953	1.1861252288124082	1.1205804913056046	0.12013880422419823	0.09354273284922379	0.43523576450146684	1.1384604019812063	0.5024498887145763	0.8428727710340266	3.068312358076626	0.7576269855596014	1.0	1.0	0.0	1.0	1.0	0.0	1.0	1.0	1.0	1.0	1.0	1.0	10.0
23300000	0.052553721782335	0.43955812250668175	0.1376330369374349	2.6077213946576974	0.1351131212737541	0.9437810278279999	0.7979672443969735	1.3701951306914826	0.18541590073365743	0.8994690347371249	4.332043530072717	1.2061948454473035	1.0	1.0	0.0	1.0	1.0	0.0	1.0	1.0	1.0	1.0	1.0	1.0	10.0
23400000	1.301293623112663	0.24248908786754672	1.3305001951984405	2.43234913390001	0.17152680756402355	2.3686806656447006	0.6456193219042304	1.5922218317810395	0.1683859898847832	0.7456644606441902	3.169210772442576	1.2311279106176207	0.0	1.0	0.0	1.0	1.0	0.0	1.0	1.0	1.0	1.0	1.0	1.0	9.0
23500000	0.7635328572049479	0.20491149746016069	0.2572866988124445	1.5734831127970812	0.4226928513286689	0.017297015231050705	0.41677584971263043	0.8724952544459609	0.023780906563434696	0.2656404260243398	2.03952629952828	0.44832565670072616	0.0	1.0	0.0	1.0	1.0	0.0	1.0	1.0	1.0	1.0	1.0	1.0	9.0
23600000	0.004081460239358466	0.1265299333845644	2.359672445422147	2.4302313414851433	0.25052037574985125	0.34628484579677177	0.7359921146215894	2.0421427373978993	0.756504375493203	1.1114317143340517	3.7571062183354336	2.027045106214435	1.0	1.0	0.0	1.0	1.0	0.0	0.0	1.0	1.0	1.0	1.0	1.0	9.0
23700000	0.47220556467961183	0.58592835317045	0.6765324533177463	3.3965881890601164	0.11603028888033456	0.22967769338803887	1.2955130630495348	2.4990829296267605	0.8453239270690771	1.3017393247342461	6.757816637022429	2.2764943991979876	0.0	1.0	0.0	1.0	1.0	0.0	1.0	1.0	1.0	1.0	1.0	1.0	9.0
23800000	0.717553261729277	0.41394613557086174	0.14426972293753937	1.7800470034764897	0.06672409672234474	1.8435836405061912	0.35168773750919924	1.9177895753489247	0.43771391889783323	0.5629463495325459	2.7228157664639423	1.2198877828401877	0.0	1.0	0.0	1.0	1.0	0.0	1.0	1.0	1.0	1.0	1.0	1.0	9.0
23900000	0.011253445818241586	0.4395990897724592	0.28869702078203285	2.0363169129310155	0.8630026721014163	0.3400042630428579	0.48052327596878247	2.694329306488487	0.6263265111351816	1.743345067832938	5.0167731869683205	1.8348457314603897	1.0	1.0	0.0	1.0	1.0	0.0	0.0	1.0	1.0	1.0	1.0	1.0	9.0
24000000	1.347498394330196	0.14333456738683423	0.018013771315725107	1.8587492165004031	0.2583037129346868	0.5454618122399861	0.3003980417096975	1.9614165400773174	0.35371400106172124	1.0827408022190936	3.4269466975600995	1.146633551023307	0.0	1.0	1.0	1.0	1.0	0.0	1.0	1.0	1.0	1.0	1.0	1.0	10.0
24100000	1.7382484251500714	0.35319333819388543	2.264199062060505	2.353270972403941	0.3966380435785268	0.46038650313710305	0.8404774845844024	1.7294863031505767	0.14602479448104463	0.9249350518271979	3.3111072901047844	1.0323893145978442	0.0	1.0	0.0	1.0	1.0	0.0	1.0	1.0	1.0	1.0	1.0	1.0	9.0
24200000	0.45971012893298385	0.2637673602144191	0.5409004191065957	2.1429636382954773	0.16957234472222238	0.24984010990959693	0.7918864749173474	1.591964379461382	0.22678720031538058	0.5442746303534681	2.5745250336323156	0.6865670985582132	0.0	1.0	0.0	1.0	1.0	0.0	1.0	1.0	1.0	1.0	1.0	1.0	9.0
24300000	2.139223389809867	0.09882280697702514	3.3604550063028356	0.6315811202358815	0.1542724683443392	0.0129004657174359	0.17566657589489165	0.5630411446868392	0.20577345755942386	0.2977564520850338	1.0313773004795823	0.4027557235704836	0.0	1.0	0.0	1.0	1.0	0.0	1.0	1.0	0.0	1.0	1.0	1.0	8.0
24400000	0.09400811051525394	0.13691510419589106	0.2808715190914603	1.1397011130527206	0.10134672889994806	1.151841740539673	1.575010807659755	0.7404244225883396	0.4889984844843249	0.39312320454954947	1.9860643483160632	0.7289033676072099	1.0	1.0	0.0	1.0	1.0	0.0	0.0	1.0	1.0	1.0	1.0	1.0	9.0
24500000	0.6314490761951344	0.2492609765192789	0.9328651381586995	2.397335751286177	0.28678330290958953	0.02960791822697536	0.7867057902993231	1.6244013715057952	0.4327704349354305	1.0832564751002718	3.9337952609763045	1.1979696848906793	0.0	1.0	0.0	1.0	1.0	0.0	1.0	1.0	1.0	1.0	1.0	1.0	9.0
24600000	0.4244968801250222	0.22343676852003802	1.5161807420992934	1.9026051494929288	0.27321252871959417	0.16277401998004729	0.642090784211909	0.9910419937080089	0.08750322883018978	0.3279707703964051	2.574198910414041	0.5358466031410617	0.0	1.0	0.0	1.0	1.0	0.0	1.0	1.0	1.0	1.0	1.0	1.0	9.0
24700000	0.1526202395950831	0.24959550763361	1.3552205099939334	1.9274549210354268	0.2390877990051479	0.18252992654576583	0.7110204358416395	1.1496845663635957	0.22283083307514967	0.7663056550189412	3.600635476768268	0.9099423255028235	0.0	1.0	0.0	1.0	1.0	0.0	1.0	1.0	1.0	1.0	1.0	1.0	9.0
24800000	0.4347777768615908	0.18128130865025657	0.44432519338218757	1.0964290466377238	0.09419046662053968	1.3684454786022862	0.42440570213061435	0.9604709350050483	0.2876435107318507	0.2026352585222314	2.5360029463113003	0.5636505095201221	0.0	1.0	0.0	1.0	1.0	0.0	1.0	1.0	1.0	1.0	1.0	1.0	9.0
24900000	0.42352472578451855	0.1423806929834152	0.9428597727454396	1.1416028618677185	1.2102045023049797	3.206373157679055	0.2665069504013144	0.6394863762687614	2.3992954977254852	0.2687390887178403	0.05833499776927406	1.089202529022498	0.0	1.0	0.0	1.0	1.0	0.0	1.0	1.0	0.0	1.0	1.0	0.0	7.0
25000000	0.11997345069412146	0.20471676654777657	0.6677332665930313	2.199618665565127	2.5456144393980145	0.45333272402131425	1.1727788157013863	1.2114582705188397	3.154016551750385	0.4733199643672868	0.1834435483562114	0.23193159773664354	0.0	1.0	0.0	1.0	1.0	0.0	1.0	1.0	0.0	1.0	1.0	0.0	7.0
25100000	0.8441131754697057	0.1549352803034718	0.08747488426344513	1.668714939479532	1.6113220611777528	0.17232554359286065	0.7306372513280894	0.775831869487362	0.16427433074671816	0.5252393309296535	0.5550752208983311	2.012016660840709	0.0	1.0	0.0	1.0	1.0	0.0	1.0	1.0	0.0	1.0	1.0	0.0	7.0
25200000	0.24035063374998025	0.06370348427216381	2.2260482593872872	3.0961305695024652	3.895051523257826	0.5158458168969126	0.8069522104967282	1.625065998960986	0.3715598316377451	0.46021855920252863	0.15102175627033484	2.4097762350491387	0.0	1.0	0.0	1.0	1.0	0.0	1.0	1.0	0.0	1.0	1.0	0.0	7.0
25300000	1.701320505229839	0.06183878817450746	0.5400074578327825	0.6222594661764144	0.05972838289429726	1.1377928846371832	0.1599824195989638	0.5805218200789928	0.1944009819433844	0.21754212213878474	1.1010254534177308	0.3702211473758726	0.0	1.0	0.0	1.0	1.0	0.0	1.0	1.0	1.0	1.0	1.0	1.0	9.0
25400000	2.057247938760843	0.11617747373030762	0.271435212185837	1.6787283727757243	0.42386881815591027	1.2060506755388019	0.6649064430383653	1.4166148584956255	0.23798156229304213	0.4325755956102005	3.26841483982165	0.7645817887375211	0.0	1.0	0.0	1.0	1.0	0.0	1.0	1.0	1.0	1.0	1.0	1.0	9.0
25500000	0.4031816061160893	0.4562202582266881	0.4220047174689363	1.6514775739795058	0.46171224805934474	1.1997771742906078	0.5383941633031976	1.355700672534846	0.10507663368002848	0.62708151254851	2.3293769355986034	1.104097250575448	0.0	1.0	0.0	1.0	1.0	0.0	1.0	1.0	1.0	1.0	1.0	1.0	9.0
25600000	0.3546050121845892	0.3634304754043587	0.7126845403446103	3.0841129501185884	0.2002286578634605	2.028646861215246	1.0849002805729047	1.5796297103316324	0.4727693860635662	0.8293734590450696	4.830116289874914	0.9639584075824069	0.0	1.0	0.0	1.0	1.0	0.0	1.0	1.0	1.0	1.0	1.0	1.0	9.0
25700000	0.6878376034025375	0.18005651603132034	1.2648683566588879	2.3295075093123314	0.5714163900948398	0.3366841471902563	1.0108983950307318	1.000893224224528	1.1052707246081062	0.5118514828829411	2.9121595318041744	0.7615608544665431	0.0	1.0	0.0	1.0	1.0	0.0	1.0	1.0	0.0	1.0	1.0	1.0	8.0
25800000	0.2900254128102183	0.33713509625853016	1.1001329379732347	2.180014486788012	0.072664521472203	1.1154654551612966	0.32062716036414257	1.702071247989739	0.6861715420446394	0.6074533202768888	3.062151659803571	1.0759340657265182	0.0	1.0	0.0	1.0	1.0	0.0	1.0	1.0	1.0	1.0	1.0	1.0	9.0
25900000	0.123941473661938	0.1802072192506375	0.46823732399641427	2.3724498613317335	3.2045881408624535	0.0448182580780071	1.0167174926993783	1.359474181427671	0.8240285157688244	1.0459190274786034	0.031112900803643796	0.45363822495893813	0.0	1.0	0.0	1.0	1.0	0.0	1.0	1.0	0.0	1.0	1.0	0.0	7.0
26000000	0.022564281805112316	0.20218753195979058	0.9567263421608087	1.7487148691932406	2.20518192320272	0.26750752715855086	0.6179520016094353	1.1205939739529864	0.04120118979618348	0.43071772534179675	0.20174543241678447	0.2666855244678894	0.0	1.0	0.0	1.0	1.0	0.0	1.0	1.0	1.0	1.0	1.0	0.0	8.0
26100000	1.135607379970645	0.16042890051507525	0.5494729796897405	1.9763174115753983	2.3830871998349115	1.6392349480431605	0.6206230318762131	1.5073382186080495	0.39305525471911085	0.34677401622861126	0.22599015302343006	0.7353654517320366	0.0	1.0	0.0	1.0	1.0	0.0	1.0	1.0	0.0	1.0	1.0	0.0	7.0
26200000	0.8516330797537318	0.11075077894329041	0.22480722761856547	0.648654370171982	0.030794069316432523	0.5210009212320087	0.13222120385849168	0.8326908883189351	0.22994969977368	0.27046171126527946	1.2292535090352186	0.5479430746842133	0.0	1.0	0.0	1.0	1.0	0.0	1.0	1.0	1.0	1.0	1.0	1.0	9.0
26300000	0.42064116769110493	0.1427449496854176	1.4372005698308274	2.735661242418352	0.062059179975548474	0.02171465793099332	1.0952956915501237	1.9765847768670906	0.105623373847244	0.940244563195024	3.3792401479096235	0.8421670532634965	0.0	1.0	0.0	1.0	1.0	0.0	1.0	1.0	1.0	1.0	1.0	1.0	9.0
26400000	0.5054896023953803	0.20704238367967312	0.5359337966633493	1.777236851288415	0.10060080559649391	0.01538907821151634	0.6424095289639467	0.9281062254117342	0.13864276684171029	0.5500059869749673	2.803665204287429	0.9316106500664348	0.0	1.0	0.0	1.0	1.0	1.0	1.0	1.0	1.0	1.0	1.0	1.0	10.0
26500000	0.7992763750891505	0.3858368157962945	2.0529051407765513	1.1522448788039894	0.2901945302581892	1.80254969991306	1.0145285437052134	1.3433077805846865	0.5558010191995001	0.9825333576638572	2.3517219993847718	1.0074766650361484	0.0	1.0	0.0	1.0	1.0	0.0	0.0	1.0	1.0	1.0	1.0	1.0	8.0
26600000	1.5636242903251145	0.07297467652700788	0.7020434334369052	0.8834793728747725	0.10387397560464366	0.012361262577071812	0.0802111447324758	1.2097238169280398	0.27135498101230837	0.8376420441757061	1.7986759756245911	0.8636481553680023	0.0	1.0	0.0	1.0	1.0	0.0	1.0	1.0	1.0	1.0	1.0	1.0	9.0
26700000	0.13755336125970524	0.2714430975761036	0.791924833544816	2.4403713162355385	0.10809023756983448	0.318646379982639	0.7648258221533832	2.6035948652664156	0.44694757807225516	0.27852045711956336	3.673460078474986	1.0226111351562754	0.0	1.0	0.0	1.0	1.0	0.0	1.0	1.0	1.0	1.0	1.0	1.0	9.0
26800000	0.5501666039201945	0.24312504849998656	0.2844035314498328	2.159116486823618	0.18772655220229498	0.11814753768425604	0.5924126649393658	1.1203934656681993	0.2726470979440962	1.1146706797727377	3.4098233865295495	0.755607139921662	0.0	1.0	0.0	1.0	1.0	1.0	1.0	1.0	1.0	1.0	1.0	1.0	10.0
26900000	0.5054498656372904	0.3087745587179925	1.5136621952798206	1.7821954935161048	0.209516416999735	0.7383240372842654	0.4934752840831359	1.9836371320510648	0.3260503676609662	0.5332366560739494	2.625720734739636	1.4704170935350311	0.0	1.0	0.0	1.0	1.0	0.0	1.0	1.0	1.0	1.0	1.0	1.0	9.0
27000000	0.23401378693581923	0.40043184993458075	0.41675535726931867	3.432154483529718	0.39022988965992694	1.633411417839169	1.970511280710101	2.5732855798750855	0.8198433584069484	1.4738936473288413	6.338833645783233	1.9171026059423666	0.0	1.0	0.0	1.0	1.0	0.0	1.0	1.0	1.0	1.0	1.0	1.0	9.0
27100000	0.037303807326473905	0.1077912666993061	1.4560063245794697	0.9085439393029806	1.0211678684137342	0.021512397226034145	0.2548545600672056	0.5568899140068871	4.396448985272304	0.14955284236633634	0.07538438222374787	0.8790394873904496	0.0	1.0	0.0	1.0	1.0	0.0	1.0	1.0	0.0	1.0	1.0	0.0	7.0
27200000	0.1270238040271445	0.16347774599421766	0.009907381064870699	1.624228124228607	2.1437836160398867	0.9346673717087991	0.6362059658551649	1.2300362850729902	1.153172389682475	0.31613104574314493	0.1920172092706225	2.55722303456609	0.0	1.0	0.0	1.0	1.0	0.0	1.0	1.0	0.0	1.0	1.0	0.0	7.0
27300000	1.7846273276394231	0.23536484595134513	1.120971695967345	2.190936248899058	2.2608147001654637	4.2990089262461675	0.5321283856272472	1.149078472468634	0.42184764180773837	0.4882827184453331	0.11116676239907693	0.17862096153594562	0.0	1.0	0.0	1.0	1.0	0.0	1.0	1.0	0.0	1.0	1.0	0.0	7.0
27400000	2.133438560781793	0.2926320216394436	0.0037008932076981805	2.0274953137227056	2.221874986272631	0.8357623158488375	0.8258852322786389	1.6385346191608205	2.4067905840918624	0.6797900300413313	0.07802498774383773	0.1802179551018902	0.0	1.0	0.0	1.0	1.0	0.0	1.0	1.0	0.0	1.0	1.0	1.0	8.0
27500000	0.35672984577253863	0.24173114629490397	3.966663763272693	1.511522408836705	1.9406276673015188	1.3254762652022465	0.8123116300126159	1.3874632024576636	1.284923642509671	0.689907317788858	0.37896428085587935	0.12676883795868535	0.0	1.0	0.0	1.0	1.0	0.0	1.0	1.0	0.0	1.0	1.0	1.0	8.0
27600000	0.40817674051041486	0.10142411616146434	0.25045760155087277	2.003965094198536	0.45005497937204847	1.8509947415395815	0.714967101002764	1.5870308692772819	0.41013024005099863	0.6931677827225405	2.190544115945919	0.7274604745111756	0.0	1.0	0.0	1.0	1.0	0.0	1.0	1.0	0.0	1.0	1.0	1.0	8.0
27700000	3.23025221214505	0.1376989310568833	0.8066298002703579	0.6677045274061193	0.03847819932519487	0.6227038197652284	0.24218087408215697	0.7515201744399381	0.11921465527558278	0.43118933361950207	1.8139308831263092	0.7135758350102016	0.0	1.0	0.0	1.0	1.0	0.0	1.0	1.0	1.0	1.0	1.0	1.0	9.0
27800000	0.08957587014118101	0.32917679241257297	0.2761276113684096	2.110827405321414	0.07697646485504452	0.7081114083727446	2.150016337761786	2.335527310805444	0.4669550822762971	1.1952278355232957	2.8756976832459595	1.4900173767196399	1.0	1.0	0.0	1.0	1.0	0.0	0.0	1.0	1.0	1.0	1.0	1.0	9.0
27900000	0.2137581246507613	0.32424039375592817	0.11203029752723362	2.191239669465694	0.40284763737200024	0.0972840806929396	0.9754688422167325	2.547186354607738	0.6803871733234543	1.075188449230155	2.3768707197792116	0.9152324232727616	0.0	1.0	0.0	1.0	1.0	1.0	1.0	1.0	0.0	1.0	1.0	1.0	9.0
28000000	0.599026676245942	0.4758019948257099	1.4017187647992995	3.618277813081883	3.816413423399913	1.0732864246074876	1.8185424233816108	1.1839877211183947	2.55585177761672	0.6690445761704991	0.2850942151530921	1.3430116482271695	0.0	1.0	0.0	1.0	1.0	0.0	1.0	1.0	0.0	1.0	1.0	0.0	7.0
28100000	0.05070193179276298	0.23469193305323746	0.3226032529318566	2.010443604519031	0.19577196830357974	0.2780194003520772	0.7482037435924137	1.6551153564930936	0.4871288172855932	0.8544773208356867	3.8222711972750827	1.4877875201678328	1.0	1.0	0.0	1.0	1.0	0.0	0.0	1.0	1.0	1.0	1.0	1.0	9.0
28200000	1.1173608567038111	0.17465208938374158	0.6283869318768738	1.6737106329347617	0.17798697957894477	0.011137180078003404	0.3523933244166701	1.1989422729068617	0.3206631554465448	0.603641061133482	2.561972928743972	0.7292013949115381	0.0	1.0	0.0	1.0	1.0	0.0	1.0	1.0	1.0	1.0	1.0	1.0	9.0
28300000	0.23482199488059505	0.20694761151190655	0.1333209074647399	1.2480159200369259	0.22290365888077074	0.4552129469689259	0.40256086593585166	1.5908629404837524	0.35823860524987655	0.5978132381743984	2.1724590334956115	0.6646105443187459	1.0	1.0	0.0	1.0	1.0	0.0	1.0	1.0	1.0	1.0	1.0	1.0	10.0
28400000	0.37475904321642123	0.44874327569469585	1.0427789086154218	2.5168114231416396	0.3328205750218646	2.6001477620687665	0.3899222144397127	2.7036113262556905	0.38475723550985413	0.6151648402355637	4.123742807989285	1.8880054577768268	0.0	1.0	0.0	1.0	1.0	0.0	1.0	1.0	1.0	1.0	1.0	1.0	9.0
28500000	0.8388881758676139	0.12057334703374813	0.082384840460274	1.577731847939731	1.550586362447581	1.198897722592249	0.37338692375657306	1.0869082569195	2.1227564378564265	0.29925093957788074	0.12445990785282617	0.059727076416757646	0.0	1.0	0.0	1.0	1.0	0.0	1.0	1.0	0.0	1.0	1.0	1.0	8.0
28600000	2.5991970900825345	0.04418612509116937	0.9302357120076115	1.1589988548428722	1.900700606954342	0.10192361426459426	0.42296848080279115	1.2904869267980976	0.2245357541749619	0.2850182190195505	0.27040317812344095	0.4984124361368298	0.0	1.0	0.0	1.0	1.0	0.0	1.0	1.0	0.0	1.0	1.0	0.0	7.0
28700000	2.223767300821462	0.36835885225331616	0.9478814247049384	3.83001138711673	4.296476009311049	0.6253223465438522	0.4615960324969687	2.9267794239862353	2.4781929800422744	0.7989399203100076	0.2965558672705506	1.1055515232096293	0.0	1.0	0.0	1.0	1.0	0.0	1.0	1.0	0.0	1.0	1.0	0.0	7.0
28800000	1.2944492864840755	0.7388081432331794	0.5366471209144233	2.5202209659668093	4.192960396331104	0.6916896991955105	1.4017491884556892	1.6722670569486424	0.8397772914693694	0.5132292823304884	0.5669603213070777	0.11998391322772776	0.0	1.0	0.0	1.0	1.0	0.0	1.0	1.0	0.0	1.0	1.0	1.0	8.0
28900000	0.1244898491998145	0.256325440911844	0.3852768785791385	3.81743708610712	4.137191136981469	1.305438776934552	1.2938294767684027	2.0779028209567825	0.33483607853248376	1.2692668360078727	0.4449217538455326	0.8096200570080004	1.0	1.0	0.0	1.0	1.0	0.0	1.0	1.0	0.0	1.0	1.0	0.0	8.0
29000000	0.24335844827638764	0.16063211613608938	0.1981693551071537	1.4892738626990814	0.17374281698302557	1.4400014412860211	3.0124885714836838	0.946230102545058	0.6699876030630646	0.45320089924721546	2.354834748762283	0.42933269604376006	0.0	1.0	0.0	1.0	1.0	0.0	0.0	1.0	1.0	1.0	1.0	1.0	8.0
29100000	0.29838613497380184	0.33211646605046324	2.787470060381774	1.686355287764859	0.0797456314587994	0.16560251532048156	0.6186369346270486	1.6262900052414153	1.0161882540280995	0.9276361736406555	2.810518708793108	1.3619497804849727	0.0	1.0	0.0	1.0	1.0	0.0	0.0	1.0	1.0	1.0	1.0	1.0	8.0
29200000	0.28921859866436134	0.3552764115356929	1.0574965094584088	1.690401146362133	0.18285769568304183	0.7385288577935876	0.6068713061068558	1.0135199331522076	0.3150960340579822	0.3588516237274823	2.6340026439934943	0.6442743279599503	0.0	1.0	0.0	1.0	1.0	0.0	1.0	1.0	1.0	1.0	1.0	1.0	9.0
29300000	3.3166857695036183	0.34091779969292246	1.718977754623572	2.5343258569578255	0.2251578258226145	0.47854139287551645	0.2680336939135205	1.939522244213302	0.9115110446447454	1.0491165635624857	4.661895060155952	1.744602279204667	0.0	1.0	0.0	1.0	1.0	0.0	1.0	1.0	1.0	1.0	1.0	1.0	9.0
29400000	0.1960689466722584	0.5780857025297537	0.06005157148818931	3.124676130851562	0.3817763792898183	1.0385569983643392	0.23855752523591073	2.589799149048536	1.2071852766138542	0.521943307839073	5.408284398227315	1.3560418149610034	1.0	1.0	0.0	1.0	1.0	0.0	1.0	1.0	1.0	1.0	1.0	1.0	10.0
29500000	0.3304416696573009	0.1425179668376238	0.030340130098349245	0.7195573523800268	0.7800035572667561	2.043254791526512	0.27390442675043986	0.3137050277980255	1.0618658216744112	0.13185723071608516	0.090297375991171	0.5511183907369389	0.0	1.0	0.0	1.0	1.0	0.0	1.0	1.0	0.0	1.0	1.0	0.0	7.0
29600000	0.71134242162648	0.26240451879396626	1.2841433464689758	2.388472498907864	3.3822593974143413	0.030076797363038577	1.0715327332860665	1.3849133092882315	0.2585899384182289	0.3248178210788505	0.1686310791624123	0.9962742819883421	0.0	1.0	0.0	1.0	1.0	0.0	1.0	1.0	0.0	1.0	1.0	0.0	7.0
29700000	0.3668421985818827	0.13518538002743102	0.05220702196434793	2.6875859505046824	0.20193033774608937	0.1200441855029495	0.5897615933291774	1.2553308625067705	0.15962439152950003	0.986071766929902	3.3253892504072806	0.32462728800742147	0.0	1.0	0.0	1.0	1.0	0.0	1.0	1.0	1.0	1.0	1.0	1.0	9.0
29800000	0.04422453714950756	0.41058901843109324	0.6170530949567298	3.990342027542818	0.055740737219467894	1.7949785582950513	0.8181609028755494	2.125268508540267	1.1525742307830469	0.9525161071339858	3.9614167077843834	0.8485258346206457	0.0	1.0	0.0	1.0	1.0	0.0	1.0	1.0	1.0	1.0	1.0	1.0	9.0
29900000	2.7041965755102053	0.36616175327169553	0.05376374895663356	3.1553248378482395	0.18388324352708066	2.1014842190707896	0.17919721532979183	2.1389702010115346	0.2789534602650328	0.6661717760130877	3.5826305972367662	1.1137241557312987	0.0	1.0	0.0	1.0	1.0	0.0	1.0	1.0	1.0	1.0	1.0	1.0	9.0
30000000	0.1600503825188429	0.2884683075850434	1.8619415905289252	1.9882069686918418	0.09969982803236845	0.5063152644044205	0.6784460880093007	1.6305669128803821	0.42390919092325136	0.7543539279093593	2.580111314794435	0.5673548417623886	0.0	1.0	0.0	1.0	1.0	0.0	0.0	1.0	1.0	1.0	1.0	1.0	8.0
30100000	1.9524538962534252	0.1206892295186618	0.07247221010117427	2.2455406777711775	0.1490070272590705	0.5531129424056506	1.197601268614632	1.7597452363888584	0.41391869964249495	1.2997100388090481	3.2487860691524677	1.7465271380411485	0.0	1.0	0.0	1.0	1.0	0.0	0.0	1.0	1.0	1.0	1.0	1.0	8.0
30200000	1.0514261402597587	0.13056069703616324	0.6489428462515129	1.0012092823856755	0.07962436963394738	0.07974927144410164	0.3555013150843624	1.1433202024168518	0.21361672225927925	0.4523376194392462	2.245718565120167	0.6810167527162106	0.0	1.0	0.0	1.0	1.0	1.0	1.0	1.0	1.0	1.0	1.0	1.0	10.0
30300000	1.7772645838842598	0.21260670805727153	0.9879706381020631	3.699072792842326	0.17516597983378898	0.0036189380233371707	0.8656760355658032	2.2393624174371616	0.35206744513105326	0.956389090330999	3.535370676053193	0.8451166809167349	0.0	1.0	0.0	1.0	1.0	0.0	1.0	1.0	1.0	1.0	1.0	1.0	9.0
30400000	0.574538953610915	0.3743271198111504	0.7149915691117406	2.5536034355991553	0.3962383303768318	2.444233420449531	0.8775201783019504	1.891723348904434	0.4059181408001947	1.2710025484864427	3.6124510677431703	1.6720497878371832	0.0	1.0	0.0	1.0	1.0	0.0	1.0	1.0	1.0	1.0	1.0	1.0	9.0
30500000	0.6661635602456437	0.47207603212077887	1.845968432238107	2.6459176340220103	3.9035226070664826	0.3360095100145403	0.5763066444386505	1.6393081680343973	0.08384332555173192	0.9467648885195787	0.6454645464136899	0.12734911632039472	0.0	1.0	0.0	1.0	1.0	0.0	1.0	1.0	1.0	1.0	0.0	1.0	8.0
30600000	0.16712019339315867	0.20902506679956115	0.5940886184986167	1.5928189717716392	0.17656989981617405	2.035613875838636	1.1330658033054914	1.9452686188756465	0.26163942388870387	0.5537068855487685	2.6367945283837178	1.0477733981680275	0.0	1.0	0.0	1.0	1.0	0.0	1.0	1.0	0.0	1.0	1.0	1.0	8.0
30700000	1.1073426736427932	0.22174182247190605	1.0742708821247953	2.712115333130029	0.27658036003852726	0.13767218711510124	0.7421109917777169	1.3378103039270732	0.1264098390294729	0.46559924639184636	2.8182101111873896	0.3105048592981035	0.0	1.0	0.0	1.0	1.0	0.0	1.0	1.0	1.0	1.0	1.0	1.0	9.0
30800000	0.10419028804669443	0.12388389832948876	3.1505361409136055	0.9414472749902517	0.11380532969513843	0.5572219498140594	0.343216996561661	0.8620439998473084	0.1258602693401514	0.5105849929855506	1.7154020914017092	0.7097305677155217	0.0	1.0	0.0	1.0	1.0	0.0	1.0	1.0	1.0	1.0	1.0	1.0	9.0
30900000	1.942153312915566	0.1706835433017999	0.4563957651345741	0.8229065596631031	0.07170037861433412	1.249422299889482	0.7505462713399158	0.5215990665267755	0.17159539983858713	0.6311650834415409	1.8707840984124364	0.8640890862333654	0.0	1.0	0.0	1.0	1.0	0.0	1.0	1.0	1.0	1.0	1.0	1.0	9.0
31000000	0.027426358420200806	0.37126651950687634	0.9484959251983309	2.6790986158537438	0.5331419411416741	1.929885564214511	1.2713525146310982	1.1698821081273225	0.43099433826441547	0.5798745203237239	5.344543176067172	1.6640693130780848	1.0	1.0	0.0	1.0	1.0	0.0	1.0	1.0	1.0	1.0	1.0	1.0	10.0
31100000	0.1583990031547696	0.3056579910839182	0.8574654864934299	2.419005218886763	0.12879910421145302	0.27402214836259775	1.1415477877846074	1.5430454899766892	0.35962246595947117	0.9823970497148452	3.2157433249838063	0.5311971796411279	0.0	1.0	0.0	1.0	1.0	0.0	1.0	1.0	1.0	1.0	1.0	1.0	9.0
31200000	3.3813021504139593	0.211209806047549	3.0002238359686215	1.532849832123562	0.2280943717532741	2.5499577247625727	0.6127919282922505	1.0366852684229282	0.0498515736727283	0.22153944818831478	2.4061822385988227	0.4912167791531645	0.0	1.0	0.0	1.0	1.0	0.0	1.0	1.0	1.0	1.0	1.0	1.0	9.0
31300000	3.0760608229982376	0.27747815599904313	0.3966849635138053	1.1940611621166703	0.15444137257056492	1.236023324773024	0.9590439202648257	1.4264660345928242	0.3567583980077573	1.0499002116839757	2.360298145534523	1.3118254793152264	0.0	1.0	0.0	1.0	1.0	0.0	0.0	1.0	1.0	1.0	1.0	1.0	8.0
31400000	0.18818746773195902	0.5336746880695422	0.7640460394291594	2.6796281215773123	0.1421117455154017	0.40386327035400144	0.4116756959116493	2.0061694531819687	0.8826143200471657	1.0233977551685296	3.5753643894336844	0.9936302680613067	0.0	1.0	0.0	1.0	1.0	0.0	0.0	1.0	1.0	1.0	1.0	1.0	8.0
31500000	0.11643961960205759	0.2323995565398228	0.6733932915823135	2.333040311125714	0.3515812558561418	1.7404131445340982	0.22722762176697733	2.0608393349445593	0.3295672138556233	0.9284076988068881	3.091387032927566	0.9854425993821841	0.0	1.0	0.0	1.0	1.0	0.0	1.0	1.0	1.0	1.0	1.0	1.0	9.0
31600000	0.8304090197718982	0.3372558463338283	0.2940199246560028	2.070255774696305	0.41322496183791246	2.5745579715036047	0.7535323756483089	0.8932804130569616	0.1357908325505225	0.7214321448611076	3.3287896381968305	1.1020264623294964	0.0	1.0	0.0	1.0	1.0	0.0	1.0	1.0	1.0	1.0	1.0	1.0	9.0
31700000	0.09224342737619616	0.3026826793137984	0.055984478862206345	1.645828525192103	0.13361270732700925	0.002889480483443263	0.15772273136045206	1.0713708827699706	0.5827603268103199	0.9524509288045779	2.8957597602811265	0.825676231462823	0.0	1.0	0.0	1.0	1.0	0.0	0.0	1.0	1.0	1.0	1.0	1.0	8.0
31800000	0.13331064881155974	0.17572924635961015	3.7754519413904952	1.5381756107631974	2.0481141990284284	3.0260297720249474	0.5420954376633194	1.0632240376181825	0.051578745003603925	0.4290858426858363	0.2933342839287069	0.647674033316606	0.0	1.0	0.0	1.0	1.0	0.0	1.0	1.0	0.0	1.0	1.0	0.0	7.0
31900000	0.053517523349414044	0.38442570584589003	0.8246355333177771	2.2846301422192274	0.27349258204932064	2.983121054576267	0.6275805232637549	1.4813113496839343	0.45086439589326777	1.2846254279257392	3.4332357449806516	1.7177367493178544	0.0	1.0	0.0	1.0	1.0	0.0	1.0	1.0	1.0	1.0	1.0	1.0	9.0
32000000	0.0961819231983857	0.19324414237043788	1.6590625703630022	1.0138279876561787	0.32297864194153286	0.04175859925685346	0.1401049726666447	1.035286789647602	0.20236738620072695	0.7077025316277049	1.6737688039340894	0.9287283646516991	1.0	1.0	0.0	1.0	1.0	1.0	1.0	1.0	1.0	1.0	1.0	1.0	11.0
32100000	3.1416654040206677	0.18567929933734212	0.20489702382624614	1.1671608291539326	0.2894511964613797	0.5113603257219405	0.6964346296634132	1.005304508949893	2.002630550515818	0.435602819227035	2.1043667639600443	0.33575426622165366	0.0	1.0	0.0	1.0	1.0	0.0	1.0	1.0	0.0	1.0	1.0	1.0	8.0
32200000	3.541795174707352	0.07788329647746722	0.43675786154019197	0.9596511016623995	1.4822098464394176	1.453254423454242	0.2685648100753145	0.6122564326094845	0.5484866015691239	0.18435649593217582	0.10510728280308863	0.683847769539845	0.0	1.0	0.0	1.0	1.0	0.0	1.0	1.0	0.0	1.0	1.0	0.0	7.0
32300000	1.0076645901941261	0.33769085215789546	2.027647313925748	2.304508704328676	2.930993672530138	0.04038103781145851	0.8221642488372249	1.6957936421172566	1.383381245174077	0.7231894653162657	0.14226919418567394	0.1447521225982171	0.0	1.0	0.0	1.0	1.0	0.0	1.0	1.0	0.0	1.0	1.0	1.0	8.0
32400000	0.16430190744833134	0.5268966948416297	0.4472200066612237	2.710526803667757	3.427751577976266	0.2875382977280262	1.287746811627608	2.107408099639242	0.32606607537745075	0.1900126473465198	0.31734547364279364	0.21532340044991755	0.0	1.0	0.0	1.0	1.0	0.0	1.0	1.0	0.0	1.0	1.0	1.0	8.0
32500000	1.9565569375120206	0.2774279889414456	0.3421467001220522	1.6026449418124242	0.2662017301018986	0.4274324983298091	0.8926597629308273	1.2169858284108486	0.47173756905358877	0.9150162227793798	3.3971669517625993	1.2770832490126962	0.0	1.0	0.0	1.0	1.0	0.0	1.0	1.0	1.0	1.0	1.0	1.0	9.0
32600000	1.4441158936121588	0.25950180256322214	1.378146139774339	1.3551438732859071	0.022703682995017162	2.270710553774803	0.7078147840829315	1.1173309838713945	0.9937119342460955	0.6235938529218615	1.7879616621131331	0.7745531239409025	0.0	1.0	0.0	1.0	1.0	0.0	1.0	1.0	0.0	1.0	1.0	1.0	8.0
32700000	0.5021609476627482	0.527776923821114	0.04743449604815979	3.4543056438021322	0.2320430466569418	0.023911157512710595	0.7887906611080756	2.9530750367713665	0.6403188389954877	1.0355328794076342	4.910400464682796	2.251070627261495	0.0	1.0	0.0	1.0	1.0	0.0	0.0	1.0	1.0	1.0	1.0	1.0	8.0
32800000	0.4225393491338607	0.2885168472991181	0.3362864833510067	2.5482978715320765	0.10355184465820529	0.8208118724843564	0.9156744864962995	1.6539645845080153	1.0164359265572878	0.7080805631635637	4.5631867414188685	0.9287269597417843	0.0	1.0	0.0	1.0	1.0	0.0	1.0	1.0	1.0	1.0	1.0	1.0	9.0
32900000	4.6320910691504675	0.1393380115454021	0.49985841517314195	0.6711288607151412	0.059481355314920534	0.2122393114548935	0.22383898974714395	1.055807332884508	0.4754695334390678	0.5818485560685758	1.3150649330083088	0.540639213487038	0.0	1.0	0.0	1.0	1.0	0.0	0.0	1.0	1.0	1.0	1.0	1.0	8.0
33000000	0.35763489030449686	0.5291037015672042	0.43722789850599914	2.796273326940379	0.3937536615683757	2.0266886112091607	0.7765779637991445	1.8425967445927405	0.41120294670197954	1.0265612830938253	5.648254950197484	1.3805252936215218	0.0	1.0	0.0	1.0	1.0	0.0	1.0	1.0	1.0	1.0	1.0	1.0	9.0
33100000	0.8707258604569704	0.5089828762159369	1.9338635507799622	1.4811504845881485	0.45600507037423216	0.7360257124858499	0.6635946099741636	1.1001425881788998	1.9156618774906182	0.4748811570589971	1.964745992768539	0.26794969136679453	0.0	1.0	0.0	1.0	1.0	0.0	1.0	1.0	0.0	1.0	1.0	1.0	8.0
33200000	0.943015555057474	0.21237455396085672	1.3284245386009224	1.4599343726004443	0.18121346166237126	1.5673255174868943	0.661878285764473	0.9063086967292355	0.29204259421142736	0.6763165642727385	2.928733654681557	1.222982781069157	0.0	1.0	0.0	1.0	1.0	0.0	1.0	1.0	1.0	1.0	1.0	1.0	9.0
33300000	0.49089926148973256	0.23529579383883162	0.02364688869697534	2.506744359397824	0.1834169871252405	0.3443525416076616	0.5188105854016088	1.927421879244022	0.23560429217440615	0.4002163044156443	3.315181495045183	0.8458227414479602	0.0	1.0	1.0	1.0	1.0	0.0	1.0	1.0	1.0	1.0	1.0	1.0	10.0
33400000	0.7392409472737433	0.1790325367464552	0.47072685329036246	0.9682147795492406	0.08299946559053674	0.16190915333393724	0.3539797296496687	0.6806181362239565	0.20867699659248654	0.3356251905945225	2.087889504588152	0.6671747241624695	0.0	1.0	0.0	1.0	1.0	0.0	1.0	1.0	1.0	1.0	1.0	1.0	9.0
33500000	1.033473310758344	0.4212964593188565	0.43931790077927874	2.646914674148752	0.37971425795686037	0.23304952605919463	0.7881328903407715	2.08950962519546	1.1965470648123957	1.9207195397131949	4.048516266635868	1.12228776149859	0.0	1.0	0.0	1.0	1.0	0.0	0.0	1.0	1.0	1.0	1.0	1.0	8.0
33600000	0.22642366585509174	0.3953383770186782	0.08677963189636925	2.5479584486963245	0.4821535628779321	2.0718896843581174	1.2032227591810034	1.7807228387234852	0.22765810094817823	0.8873552219773688	5.452604295631597	0.5765956088589574	1.0	1.0	1.0	1.0	1.0	0.0	1.0	1.0	1.0	1.0	1.0	1.0	11.0
33700000	2.453458639005004	0.2570734752337559	0.9850936839549403	1.167872596837581	0.30261752856060936	0.3473866574820403	0.3465039523078771	0.684158208104455	0.14815837784507227	0.4160039326917719	1.895455229114472	0.3527446055348045	0.0	1.0	0.0	1.0	1.0	0.0	1.0	1.0	1.0	1.0	1.0	1.0	9.0
33800000	5.89262588100071	0.2180487023077166	1.7027928891958246	1.3242961937048452	0.34961170667924896	0.4903767224734774	0.4163777737143183	0.9513624915761544	2.3072526731769103	0.18231738625772592	1.9714912032025027	0.3545752810661796	0.0	1.0	0.0	1.0	1.0	0.0	1.0	1.0	0.0	1.0	1.0	1.0	8.0
33900000	1.3220456733439603	0.08706287733585709	1.1886486174965982	1.6052658340060235	0.07175252032761266	0.20113476263449795	0.4601205706390249	0.8765734729301017	0.680011395039224	0.16776631365088815	2.6783436124581392	0.618257807885806	0.0	1.0	0.0	1.0	1.0	0.0	0.0	1.0	1.0	1.0	1.0	1.0	8.0
34000000	0.23655951964848995	0.23354988391020634	1.1324938687555035	1.4869589325469341	2.3692763506734886	2.000389119430579	0.8656764355751755	0.5508787464094937	1.5657367279531518	0.8389963792194085	0.14859279313836063	1.089191376035305	0.0	1.0	0.0	1.0	1.0	0.0	1.0	1.0	0.0	1.0	1.0	0.0	7.0
34100000	0.9680323143396647	0.10599030794897672	0.5529901281798035	0.9161787137312295	0.05549874625551562	0.8842893543712335	0.19469853471638993	0.7968780154795785	0.15602266668266954	0.2401264587776706	1.7190778922321173	0.5517626037849122	0.0	1.0	0.0	1.0	1.0	0.0	1.0	1.0	1.0	1.0	1.0	1.0	9.0
34200000	1.5336261602165886	0.05426062762592117	4.710404926163061	1.1529209946629753	0.08467721775907236	0.2606777593207776	0.2249729992762211	0.6527761273442814	0.20205164625358177	0.4814029165702674	1.6281453387345517	0.5308967972540035	0.0	1.0	0.0	1.0	1.0	0.0	1.0	1.0	1.0	1.0	1.0	1.0	9.0
34300000	0.032552125138371406	0.1126342286214797	0.33508276603759635	3.2885637178362543	0.5776990706988798	0.3971469125425109	0.6699350772586976	2.016080858070879	0.5088385750230683	0.615517163051902	2.5237977292955596	0.7586328900985703	0.0	1.0	0.0	1.0	1.0	0.0	1.0	1.0	0.0	1.0	1.0	1.0	8.0
34400000	2.74953832288004	0.1818837696276636	0.010770111744683652	1.8618991956072337	0.2749781296132298	0.9179556416144954	0.6715661872830128	0.9670969859166648	3.792577431174087	0.6763672214920695	2.4706921743860475	0.5229931752754433	0.0	1.0	0.0	1.0	1.0	0.0	1.0	1.0	0.0	1.0	1.0	1.0	8.0
34500000	0.5648172870821045	0.21412724104989664	2.584339147520428	0.8343071009717443	0.13863588646506336	0.5308843830428719	0.3403649491499423	1.0320736371379693	0.0017460647377077962	0.2956831658602602	1.3936059645689018	0.24613313656845742	0.0	1.0	0.0	1.0	1.0	0.0	1.0	1.0	0.0	1.0	1.0	1.0	8.0
34600000	0.22586497424908564	0.503674252186632	0.2468852730659055	3.234827070856152	0.1438459117231562	1.8122974259687608	0.8614596645190685	2.0962887244975446	1.282026920951795	1.9978284793684375	4.71787190004414	1.1294586158165723	0.0	1.0	0.0	1.0	1.0	0.0	0.0	1.0	1.0	1.0	1.0	1.0	8.0
34700000	1.158848812327099	0.12749848545919004	2.083866490173739	1.546229740910521	0.2526918502209547	1.9902280422511516	0.8501454038280682	0.7493435807911238	0.320796584776759	0.6564400277088571	2.816708445932222	0.8857518490616961	0.0	1.0	0.0	1.0	1.0	0.0	1.0	1.0	1.0	1.0	1.0	1.0	9.0
34800000	1.174734038932455	0.36221179433487777	0.7544604357096464	1.581540855620925	0.2933037960264156	0.17522775379609498	0.2747119670902742	1.9182135705947763	0.5235853156248002	0.54634515824944	2.962909475116426	1.548607583716339	0.0	1.0	0.0	1.0	1.0	0.0	1.0	1.0	1.0	1.0	1.0	1.0	9.0
34900000	0.35689943830916454	0.698607002153382	0.03714226180672326	1.593664923324192	0.18344041622374807	1.742711931389589	0.4335071882307049	1.5995382401330493	0.3376845444803559	1.748460349552305	3.0492816927177877	1.1456862019247287	0.0	1.0	1.0	1.0	1.0	0.0	1.0	1.0	1.0	1.0	1.0	1.0	10.0
35000000	2.1941713157269813	0.08911425330207506	0.6315655173222274	0.7009804034120724	0.012589411418688502	0.9092249673675498	0.3606557500269045	0.8478071631700554	0.24053325094382716	0.3266817704855658	1.974643116914447	0.4132950440585464	0.0	1.0	0.0	1.0	1.0	0.0	1.0	1.0	1.0	1.0	1.0	1.0	9.0
35100000	0.06054915726386158	0.5192720466624363	0.13299370784563208	1.9704169868120853	0.2951121821835281	0.8721353672142463	0.8965914033686897	1.3436085069881112	0.32900390308485916	0.6290571521889701	3.863089634981373	1.1475574133601807	0.0	1.0	0.0	1.0	1.0	0.0	1.0	1.0	1.0	1.0	1.0	1.0	9.0
35200000	0.05745499830948006	0.3407460419189462	0.449309151351608	1.6567471989116072	0.2066991201469345	0.7674602687726361	0.3117043413786963	0.9699871938896892	0.8751228479117804	0.9986574891082046	3.114358580640884	2.3463456727050174	1.0	1.0	0.0	1.0	1.0	0.0	1.0	1.0	1.0	1.0	1.0	1.0	10.0
35300000	1.604834815283955	0.4385537134111913	0.04940471656385887	1.1691788143905213	0.17724355264083522	0.5120941093738297	0.16738655100225744	1.8835299388744975	0.9356932015632087	0.9216398775738437	4.165434539766228	1.2191723439441404	0.0	1.0	1.0	1.0	1.0	0.0	0.0	1.0	1.0	1.0	1.0	1.0	9.0
35400000	0.037378923806607296	0.454312426219566	0.48099502311717857	3.0848873162988393	0.12902907431918018	0.7134878858743475	1.2897627575941162	1.7145624025041206	0.45085504759913214	0.6048334524551732	4.635600236815034	1.2572507532370238	0.0	1.0	0.0	1.0	1.0	0.0	1.0	1.0	1.0	1.0	1.0	1.0	9.0
35500000	0.09660158350849699	0.4417670382513238	0.12085808463209083	2.1158653682800392	0.29893572535348584	0.29905705185849657	0.5520556207475121	1.3320048966409705	0.14577595936003535	0.7975152812985732	3.263915429264937	0.8948912539038796	1.0	1.0	0.0	1.0	1.0	0.0	1.0	1.0	1.0	1.0	1.0	1.0	10.0
35600000	0.7749664319636193	0.2265387187388085	1.345315137888323	1.1329848729533072	0.07932425123512478	0.3697252822111251	0.05618752138764703	1.7640851151759787	0.39605214098972064	0.4789399955883183	3.6349851537317504	1.2794976605600183	0.0	1.0	0.0	1.0	1.0	0.0	1.0	1.0	1.0	1.0	1.0	1.0	9.0
35700000	0.2272083075615645	0.15296318958326538	0.6901719768998775	0.5482834372439627	0.07010347893385872	0.14575257381143875	0.8195518901135552	0.6143441719153503	0.30861805989541	0.4240236612375295	1.5068578551149232	0.7883166600313609	0.0	1.0	0.0	1.0	1.0	0.0	0.0	1.0	1.0	1.0	1.0	1.0	8.0
35800000	0.08345894584171243	0.626356600482317	0.939113534789243	1.6639382607989397	0.3539732366595346	0.47947809314718076	0.7361706258715934	1.778659731610811	0.12144671390940283	0.611069278708867	3.6531385751941947	1.3601191184427996	1.0	1.0	0.0	1.0	1.0	0.0	1.0	1.0	1.0	1.0	1.0	1.0	10.0
35900000	0.9182395160410142	0.3077160626553118	2.5879168584660603	2.2464019486535127	2.5675222747204014	0.6329389805712105	1.058932027229277	1.2347297965133042	0.3955152642982725	0.7672325669097616	0.21090302338344566	0.3453913033126839	0.0	1.0	0.0	1.0	1.0	0.0	1.0	1.0	0.0	1.0	1.0	0.0	7.0
36000000	0.5149147611005814	0.3048121423447345	1.5651621479016842	1.8379038100156426	2.5462460827178024	0.34102897754386774	0.8627276192630114	0.4424885459275043	2.8424686197600955	0.19661445738111194	0.15355794871357872	0.17880689062721236	0.0	1.0	0.0	1.0	1.0	0.0	1.0	1.0	0.0	1.0	1.0	0.0	7.0
36100000	0.20909708009834665	0.24065895357144793	0.520383999474414	2.8263629666607866	0.5119697416043841	0.11814077613377356	1.0340806580616706	1.9085829477727247	0.5791953577696515	0.7472170982316357	4.331601163099927	1.3121413540126043	0.0	1.0	0.0	1.0	1.0	0.0	1.0	1.0	1.0	1.0	1.0	1.0	9.0
36200000	0.10602256447319933	0.16573770656090164	1.274000733970448	0.42259900403014133	0.042646742014503	0.6261127501650445	0.30608244779826616	0.5631488855223825	0.09033099772034318	0.4154496871110216	1.4326370690289738	0.6755749558878806	0.0	1.0	0.0	1.0	1.0	0.0	0.0	1.0	1.0	1.0	1.0	1.0	8.0
36300000	0.15095800953204222	0.2364089245516499	0.12360701182065832	2.695735868914249	0.34878614039631556	0.5206747953185721	1.1034794037871858	1.5862781694497399	0.6457204260228715	0.961878981283575	3.9186592104211506	1.3217366839159364	1.0	1.0	0.0	1.0	1.0	0.0	1.0	1.0	1.0	1.0	1.0	1.0	10.0
36400000	1.537186884562303	0.20196654532429417	0.06445996087453858	0.9295578679634395	0.06369831150895641	0.15397210848809417	0.40784906106785485	0.7958066019088016	0.21851061778303704	0.41670494619524895	1.702848739423659	0.4658221405451615	0.0	1.0	0.0	1.0	1.0	0.0	1.0	1.0	1.0	1.0	1.0	1.0	9.0
36500000	0.2094158548834747	0.6781594827625351	1.5721610931511578	5.918752945051143	0.7226706723851095	0.08974994574674408	1.5133716486425843	2.9697091874072687	0.7909292502306426	1.999756296588492	8.338917023949639	2.7451889323905814	1.0	1.0	0.0	1.0	1.0	1.0	1.0	1.0	1.0	1.0	1.0	1.0	11.0
36600000	0.15207929683833019	0.11698211770792989	2.398821130469081	0.42857088345973543	0.12037052863470099	0.5747730478890424	5.0103966992489735	1.0223840409780398	0.4058637205681202	0.31402886521601936	1.7456861823794068	0.6621840740296788	0.0	1.0	0.0	1.0	1.0	0.0	0.0	1.0	1.0	1.0	1.0	1.0	8.0
36700000	0.4781873659491751	0.6127137381936175	0.9285596007245553	3.068844565231745	0.19482178449912838	1.4975880250145395	0.8384765704693085	1.7696287937713393	0.24111520488133822	1.9207825824503226	5.051792859829919	1.609242231134167	0.0	1.0	0.0	1.0	1.0	0.0	1.0	1.0	1.0	1.0	1.0	1.0	9.0
36800000	0.9078289959412412	0.20493215443403598	0.4355478808254415	2.270124881240022	2.394794038401886	0.07439657371604147	0.6471200444585676	0.6603879776972911	0.7248090474446381	0.3244421215594964	0.23214663420671167	0.16074275056849696	0.0	1.0	0.0	1.0	1.0	0.0	1.0	1.0	0.0	1.0	1.0	0.0	7.0
36900000	2.128930713835939	0.4157231700845161	0.8656151609327275	3.0577246200759025	3.8111169284904163	0.506224293892918	0.5835947029886168	1.2873836075521115	0.40593936278080744	0.8107628499261335	0.08321422957891006	0.4260687165546525	0.0	1.0	0.0	1.0	1.0	0.0	1.0	1.0	0.0	1.0	1.0	0.0	7.0
37000000	0.06861058268484968	0.302955122548698	0.30952349834946213	2.9976349433975376	3.772134374199249	1.8615404724919125	1.1275017122300974	1.637530557673859	0.24214221256625953	0.6421676205044315	0.7653734939669211	0.2268115965442252	1.0	1.0	0.0	1.0	1.0	0.0	1.0	1.0	0.0	1.0	1.0	0.0	8.0
37100000	1.0537620099794254	0.47032463804709923	1.1805823981417753	4.884183472751939	6.0875797455659235	1.4987218037710932	1.3153625974834022	2.419262435735732	0.04838934556855591	1.3268087987471393	1.8756072638879622	0.14613222947478732	0.0	1.0	0.0	1.0	1.0	0.0	1.0	1.0	1.0	1.0	0.0	1.0	8.0
37200000	1.087735631184664	0.1848383680672895	0.2022852304199898	1.981374013796717	1.834585608892818	0.05756297497130356	0.829316759864181	1.0594080164151563	0.24611102415352556	0.2544719643125608	0.6684665494768339	0.5006958102120687	0.0	1.0	0.0	1.0	1.0	1.0	1.0	1.0	1.0	1.0	1.0	0.0	9.0
37300000	1.019925474587945	0.2735055824062534	1.5631132110028194	2.164866481502249	2.0781263167618595	0.8853749768193369	0.4443132258366116	1.5825324405362506	0.06006830072553501	0.20947679644917871	0.06778671459816665	0.12370369247682479	0.0	1.0	0.0	1.0	1.0	0.0	1.0	1.0	0.0	1.0	1.0	0.0	7.0
37400000	1.8459335333259024	0.18846616815736525	1.0877524991606833	1.244469712612982	0.24766969136357872	0.6078207396972014	0.5164336163839675	1.0599866029188076	0.16092655272449669	0.48935206721040553	2.0070340363834913	0.5964255982739334	0.0	1.0	0.0	1.0	1.0	0.0	1.0	1.0	1.0	1.0	1.0	1.0	9.0
37500000	0.08489917270529275	0.2698014217839408	0.37561167759874664	1.9090351103910865	0.2882137741783195	0.3831138641233052	0.16658977434081962	0.8459805443108963	0.4467551876014058	0.4694957436340283	2.8284356037369	0.6099529266188657	1.0	1.0	0.0	1.0	1.0	0.0	1.0	1.0	1.0	1.0	1.0	1.0	10.0
37600000	0.5885775830601292	1.0511383796489255	2.3337385402418995	2.474027649331232	0.10009125327687675	0.5262065286830209	1.1220374927423116	2.021832475497801	0.5143855783326579	0.6638525958199716	4.057080314093574	0.8126166086227823	0.0	1.0	0.0	1.0	1.0	0.0	1.0	1.0	1.0	1.0	1.0	1.0	9.0
37700000	0.09262687739270867	0.3066723817957647	4.168304334973893	1.5372849769482364	0.09449307056607344	1.762025642886622	0.06809547566277553	1.0440023793522455	0.7344243556997706	0.43825721640554816	3.0301725557140085	0.870394483122305	0.0	1.0	0.0	1.0	1.0	0.0	0.0	1.0	1.0	1.0	1.0	1.0	8.0
37800000	0.09517793655255438	0.2699181044893139	0.10549318308606946	1.9419981383557638	0.30587026462255085	2.0719652483918516	0.4268708596743804	1.2910714673009724	0.14334079353678414	0.23387627066377914	2.199318629971335	0.6362130452282422	1.0	1.0	0.0	1.0	1.0	0.0	1.0	1.0	1.0	1.0	1.0	1.0	10.0
37900000	0.49458156857713576	0.12470552232240911	0.09229366148441513	1.0089658279660814	0.14416037962685274	0.5060048953167048	0.2643953664451098	0.8483644586475335	0.16848235855949678	0.5253696194027145	1.7369286949298701	0.6231499609278289	0.0	1.0	0.0	1.0	1.0	0.0	1.0	1.0	1.0	1.0	1.0	1.0	9.0
38000000	1.921506100849745	0.06427646151028589	3.578546993779294	0.9434076505932035	0.11744351426582436	0.04550031177900766	0.39174852167727825	0.5519707135602955	0.06537748821265052	0.2970157059535225	1.271004866462297	0.42212551240143115	0.0	1.0	0.0	1.0	1.0	0.0	1.0	1.0	1.0	1.0	1.0	1.0	9.0
38100000	0.8465747609130077	0.323944979108848	0.06606501793893953	1.845957698173754	0.10676651336646895	5.2722487499490445	0.3421059990703144	1.622925717155601	0.10861431500161627	0.39029652219237704	2.78966660770165	0.5762104092832881	0.0	1.0	0.0	1.0	1.0	0.0	1.0	1.0	1.0	1.0	1.0	1.0	9.0
38200000	1.148071103899681	0.20584604934490572	0.3213096159346403	3.1516287411412374	0.4303616583934777	0.3795622541058923	0.6226201054529115	2.083231399565223	0.5196647507311651	1.1759171287542944	4.510926087821936	0.677919043345364	0.0	1.0	0.0	1.0	1.0	0.0	1.0	1.0	1.0	1.0	1.0	1.0	9.0
38300000	0.29589894112380893	0.2663972458941002	0.6363793869638006	1.4249719756134267	0.2952038327065117	0.17204994462722878	0.6250178553636239	0.9286744653493617	0.2675582444910424	0.30262032144459833	1.9257565261455518	0.9182625018237215	0.0	1.0	0.0	1.0	1.0	0.0	1.0	1.0	0.0	1.0	1.0	1.0	8.0
38400000	1.242695247198791	0.14050549193486936	0.9046200173423165	1.50330633170551	0.11262431684365841	2.003503989126214	0.6131787506808328	0.9331779253826289	2.9297109485335375	0.3583774438149398	1.6811834115406135	0.39751376417167117	0.0	1.0	0.0	1.0	1.0	0.0	1.0	1.0	0.0	1.0	1.0	1.0	8.0
38500000	0.41580943008687776	0.2806974609499647	1.175573296801777	2.419630791581225	0.25691436201090434	3.7924002477272496	0.5285103706364248	1.965351860069946	0.41032241107997686	1.4339914846509103	3.4962263322439897	1.5063022445795	0.0	1.0	0.0	1.0	1.0	0.0	0.0	1.0	1.0	1.0	1.0	1.0	8.0
38600000	0.21647663646571305	0.18529671410848655	0.20641904934580352	3.493491541549109	0.19140944153110362	1.0224030289986048	1.1427701345962673	1.6762713357123151	0.3243194341166676	0.7280274935151705	4.2807663911618	1.7255502492462058	1.0	1.0	0.0	1.0	1.0	0.0	1.0	1.0	1.0	1.0	1.0	1.0	10.0
38700000	0.05210152845389736	0.1953400856114808	0.7357504886723357	2.1241228314617473	0.29304114285385086	0.0253064885426866	1.1511702952420009	1.1430530653543112	0.6106713063020307	0.7188782532050451	3.5766765748667013	0.3658155768029421	0.0	1.0	0.0	1.0	1.0	0.0	1.0	1.0	0.0	1.0	1.0	1.0	8.0
38800000	0.05490148623675644	0.3113803258553453	1.7098333547949753	1.8746795709103117	0.35148090380539376	0.15320857610390132	0.6897520023959076	1.319425233655067	0.30602469201161625	0.5357330329700903	2.7278897245488922	0.6715227136938173	1.0	1.0	0.0	1.0	1.0	0.0	1.0	1.0	1.0	1.0	1.0	1.0	10.0
38900000	0.044035685740799184	0.3671341318884239	0.5669963374503006	1.3318177193224556	0.15841980486494325	0.24327614494247246	1.0772542397704257	1.1234306294704048	1.0618002572466145	0.6852138069982292	3.3089635702019957	1.8502850611000838	0.0	1.0	0.0	1.0	1.0	0.0	0.0	1.0	1.0	1.0	1.0	1.0	8.0
39000000	0.024262347265786723	0.21399884865200117	2.2435959395717995	2.8456460800646552	0.4290397048801169	0.9058145627507562	1.1369363217911836	2.3494586241158815	0.5075275605243446	0.6926480794432588	4.08731712040251	1.8786042777076835	0.0	1.0	0.0	1.0	1.0	0.0	1.0	1.0	1.0	1.0	1.0	1.0	9.0
39100000	1.204103796050467	0.1518837372552593	0.7106726563974817	1.4982965426155244	0.19396295020895093	0.002702853402446424	0.9640639041425445	1.2050991642459354	0.533448930773978	0.38416381071726946	2.215586664605739	0.7076739942478191	0.0	1.0	0.0	1.0	1.0	1.0	0.0	1.0	1.0	1.0	1.0	1.0	9.0
39200000	1.659277967493159	0.35574341190576236	0.20787087721111766	1.4834284374997138	0.12733645574836916	0.3397794327610281	0.7422628927564493	1.3117831205115056	0.6852089637377853	0.8098230339457896	3.095386120926542	1.682553457083179	0.0	1.0	0.0	1.0	1.0	0.0	0.0	1.0	1.0	1.0	1.0	1.0	8.0
39300000	0.17409332529361166	0.1763930839750031	0.07353815325506188	1.2180521353927705	0.03428195284581243	1.1820417162479608	0.7299309324209173	1.0277793953159697	0.6755926434453033	0.5259102322924178	2.660248734925879	0.8462576789342019	1.0	1.0	0.0	1.0	1.0	0.0	0.0	1.0	1.0	1.0	1.0	1.0	9.0
39400000	1.0485921976519543	0.22240296286629974	0.46988787339177357	2.098599824707294	0.5666347418243481	2.0373550099770443	0.63133426756282	1.5861624475458191	0.14453811752110432	0.6606932725216282	2.8083805282223597	1.0879184464287737	0.0	1.0	0.0	1.0	1.0	0.0	1.0	1.0	1.0	1.0	1.0	1.0	9.0
39500000	0.1403481242303016	0.14710368292233936	0.9331866049250448	2.531989789679377	2.6627375813811685	2.10784293961538	0.5978791194008426	1.7162049761125997	0.08134449542423039	0.5682513133905006	0.3441588616784373	1.3592044833230688	1.0	1.0	0.0	1.0	1.0	0.0	1.0	1.0	0.0	1.0	1.0	0.0	8.0
39600000	0.39107928701842054	0.2817952060780982	1.6005483211128455	2.7187727389749705	2.2547226471197517	2.3990634985207477	0.7610788813296427	1.2964599952293283	0.32974844794295555	0.42313934207699516	0.8339597604667168	2.1548734983242968	0.0	1.0	0.0	1.0	1.0	0.0	1.0	1.0	1.0	1.0	1.0	0.0	8.0
39700000	3.0310360620612324	0.12503288860903897	0.1870183807525379	0.6990998392850734	0.12249654422144075	1.2478232632757589	0.00981722379532695	0.8427885051113803	0.4630696647828705	0.9521194452932017	2.1249011112188927	0.5949668198541432	0.0	1.0	0.0	1.0	1.0	0.0	1.0	1.0	1.0	1.0	1.0	1.0	9.0
39800000	2.6836319881255584	0.23606940117723604	0.9911116182863952	1.3794823856951843	0.08158534403175438	1.044096654604188	0.2051778295183102	1.0536530279384577	0.4830548944438529	0.661806767318321	2.4255549033650268	0.5974731863252146	0.0	1.0	0.0	1.0	1.0	0.0	0.0	1.0	1.0	1.0	1.0	1.0	8.0
39900000	0.08617423393440686	0.4507863566761384	0.8292580781421849	2.204109746234012	0.1901312894219839	1.515032184336208	0.9754529286152084	1.1026443917548696	0.3668174484294744	0.8922850638067473	3.570038787906844	1.5948325499130698	1.0	1.0	0.0	1.0	1.0	0.0	1.0	1.0	1.0	1.0	1.0	1.0	10.0
40000000	1.0411035141496745	0.2467495667163237	1.5043874117040015	2.5602481140336666	0.2546279023070047	0.12825135712609997	0.9320632382777618	2.613154641382258	1.2152152416115887	0.8381346077832204	5.0900316793991305	1.9731340162627555	0.0	1.0	0.0	1.0	1.0	1.0	0.0	1.0	1.0	1.0	1.0	1.0	9.0
40100000	0.013054169446299375	0.1954018066177646	0.6966497082190036	2.6633627778098967	0.4589963148162908	0.2822712403774714	0.7790026939716508	1.4889837514273927	0.11564509799585192	0.6784191492403391	3.629523678561172	0.9422226453803695	1.0	1.0	0.0	1.0	1.0	0.0	1.0	1.0	1.0	1.0	1.0	1.0	10.0
40200000	0.1621671400860337	0.32160286071963323	1.2680111438909574	2.891629501182962	0.3384805479102001	0.03458547881404727	0.44400518016324914	1.927094365107097	0.34140739421566824	0.5332313954318159	3.369279272940003	1.2446923002467667	0.0	1.0	0.0	1.0	1.0	1.0	1.0	1.0	1.0	1.0	1.0	1.0	10.0
40300000	0.5132304720414583	0.33434904277689387	0.6048630098882015	2.030384012935788	2.8000918547493225	0.1977323891919235	0.5176357206557888	1.4677321530116572	0.8558596536203333	0.32910986952047494	0.2488960834486647	2.341098914251411	0.0	1.0	0.0	1.0	1.0	0.0	1.0	1.0	0.0	1.0	1.0	0.0	7.0
40400000	0.4323386456584075	0.24695645956971138	0.5181663361386379	1.940401388824098	2.958138048650332	0.323307059024206	0.6353204457849942	1.1892339601689454	0.46757752215858905	0.5396701893501231	0.20056641031528274	0.19202840579413424	0.0	1.0	0.0	1.0	1.0	0.0	1.0	1.0	0.0	1.0	1.0	0.0	7.0
40500000	1.1948282120599543	0.2951526551988941	0.13684339020859554	2.6496981878705426	3.170548531145706	1.2769947678591302	0.8723156031608688	1.3987319208062556	0.37285247431703794	0.5224820656129202	0.05107297938332699	1.2885361480179467	0.0	1.0	0.0	1.0	1.0	0.0	1.0	1.0	0.0	1.0	1.0	0.0	7.0
40600000	0.4549881204663446	0.2874725726264995	0.38253210751625955	1.4897136899198626	1.6812972368409145	1.5315632895011162	0.6040881454501311	0.7166293363926256	0.0014984615349304847	0.4641436205645173	0.37748009184301223	0.5740920523643902	0.0	1.0	0.0	1.0	1.0	0.0	1.0	1.0	0.0	1.0	1.0	0.0	7.0
40700000	1.0315373103070828	0.14430613927030653	0.0882488178120859	1.2097892230814424	1.6376295228121318	3.501437619708411	0.3869403106277912	0.804628589089562	0.6208747460759487	0.49257004067574944	1.329805222438377	0.039508950173483416	0.0	1.0	0.0	1.0	1.0	0.0	1.0	1.0	0.0	1.0	0.0	1.0	7.0
40800000	0.7096997348299766	0.14001668248901686	0.03488405681916024	1.8160328972906181	2.4187297831070946	1.4349641852248236	0.31568200440996286	0.9001929776767761	0.5528622062617679	0.49788904726891076	0.14612152581321905	0.7442626658731203	0.0	1.0	0.0	1.0	1.0	0.0	1.0	1.0	0.0	1.0	1.0	0.0	7.0
40900000	0.01712810151600515	0.8989405423254607	0.2667873444193136	3.619391004352609	4.816827544672708	1.3199565675179126	1.1477761655998098	2.1670831033270135	0.13184067719674558	0.8217479289603611	0.26578642438889166	0.7721491473983977	1.0	1.0	0.0	1.0	1.0	0.0	1.0	1.0	0.0	1.0	1.0	0.0	8.0
41000000	0.21600604215677668	0.5888308930690386	0.2689302495420233	2.1659092302811787	2.245964538002202	0.5081150592681527	0.5661494323151645	1.5392840871339961	4.2327174709358015	0.29366431201584786	0.11975684703902433	1.24005801940863	0.0	1.0	0.0	1.0	1.0	0.0	1.0	1.0	0.0	1.0	1.0	0.0	7.0
41100000	0.5791042703341214	0.1982094098049295	2.373057927940761	1.4488824474247715	2.00974967116271	0.6657684894944567	0.3815968983367432	0.8556666041353792	0.22022770656044519	0.5523117951714135	0.11037191988010836	1.2343636121112136	0.0	1.0	0.0	1.0	1.0	0.0	1.0	1.0	0.0	1.0	1.0	0.0	7.0
41200000	2.6382387791842774	0.21753492876566213	1.0047555722559676	2.4329216119370436	2.8676998627145873	0.14262290846156206	0.441191976496385	0.9856665365213825	0.06390170583961889	0.6874540035889832	0.13945526938418176	0.40820316112714505	0.0	1.0	0.0	1.0	1.0	0.0	1.0	1.0	1.0	1.0	1.0	0.0	8.0
41300000	1.8169843968780328	0.15131465611699454	0.07434229113591125	1.6243355297987307	1.9008576535437136	0.6800307174423397	0.3802066188466447	0.7692269816249148	3.3398446287694066	0.29225104694022513	0.13455606012164378	0.0894120102729962	0.0	1.0	0.0	1.0	1.0	0.0	1.0	1.0	0.0	1.0	1.0	0.0	7.0
41400000	0.09000401700618868	0.34246691652387795	1.9587613105025765	1.3836465506776856	1.8322273282006853	1.0442877705907665	0.7171986580527764	0.724356449251096	0.07647459415688469	0.4640038028080027	0.3870555614810449	1.6679152955875747	0.0	1.0	0.0	1.0	1.0	0.0	1.0	1.0	0.0	1.0	1.0	0.0	7.0
41500000	0.9917020801115063	0.13808710303322116	1.036331584599698	1.7877885416835477	2.10225705869643	0.37542363639824744	0.6551458688043629	1.2564562040728589	0.024715360140638225	0.31255654343575073	0.20322474621987086	2.8609261581255803	0.0	1.0	0.0	1.0	1.0	0.0	1.0	1.0	0.0	1.0	1.0	0.0	7.0
41600000	0.6153197968752817	0.18222404707328305	0.04228685009065447	1.4117679363576188	2.237290199238645	1.4606089787232752	0.36190211891089663	1.027930247198212	0.8675511182963224	0.5831536500461724	0.24197605269668507	0.19761927669666937	0.0	1.0	1.0	1.0	1.0	0.0	1.0	1.0	0.0	1.0	1.0	0.0	8.0
41700000	0.34670864864024037	0.15918043964449735	0.5795889345109264	3.0114803530885785	3.799742091962734	0.39986635144236	0.8856744730315538	1.5113542356235585	0.06627334470166159	0.5936730194779846	0.19346618185514938	0.23677802717502575	0.0	1.0	0.0	1.0	1.0	0.0	1.0	1.0	1.0	1.0	0.0	1.0	8.0
41800000	0.01961824351594682	0.22634142307585192	0.16956748102272093	2.269914020886385	1.8036979628332972	1.0054098221234036	0.7698969656932504	1.2518207622728121	2.203787800094301	0.7388431496684417	0.1611381324254169	1.1257198884013795	0.0	1.0	0.0	1.0	1.0	0.0	1.0	1.0	0.0	1.0	1.0	0.0	7.0
41900000	1.068243041888154	0.378901173217262	1.2046469510036517	2.4031622923409532	2.444005250042215	1.7047987900136417	0.5009521425197428	1.021970384388652	0.9054828557444322	0.7933841886488366	0.07328890364705962	0.3309436447165056	0.0	1.0	0.0	1.0	1.0	0.0	1.0	1.0	0.0	1.0	1.0	0.0	7.0
42000000	0.15049175523758287	0.1452918877864718	5.910183493601737	2.2918662025693814	3.038435032770062	0.21770298310771904	0.41141959784727433	1.7626433786645113	1.0521506377079464	0.41963979671569945	0.19223667991686869	0.07202433810429357	0.0	1.0	0.0	1.0	1.0	0.0	1.0	1.0	0.0	1.0	1.0	1.0	8.0
42100000	1.8371385236922466	0.5625714782099615	0.10716285330150609	1.6739098893611681	0.16737669325971058	1.016437878433049	0.6305846609554275	1.2463808313893048	0.6191545884441173	1.2194567760150787	3.2840344108771102	0.7662441425673173	0.0	1.0	0.0	1.0	1.0	0.0	0.0	1.0	1.0	1.0	1.0	1.0	8.0
42200000	4.074415430470734	0.08966454032236547	0.8043321213845824	1.4183333427996896	0.14817007944238583	0.24041724938064943	0.2681172389913552	1.4575045886405447	0.27677815418012774	0.8869290370363125	2.5136107802425274	0.602775126804656	0.0	1.0	0.0	1.0	1.0	0.0	1.0	1.0	1.0	1.0	1.0	1.0	9.0
42300000	2.2588988406390322E-4	0.17044272485345188	1.743377539970575	0.9373470790885319	0.22574330534059048	0.6926003877531599	0.3565635341823457	0.7831915019462374	0.24442384058906927	0.2229877615418979	1.9331341512177938	0.39046366858549597	1.0	1.0	0.0	1.0	1.0	0.0	1.0	1.0	1.0	1.0	1.0	1.0	10.0
42400000	1.5121137129488085	0.180858638016205	0.47022667565773824	2.475844617436098	2.216551769295934	0.36060129679516345	0.6416073387209357	1.9331874353783767	4.466866296640856	0.5715854484584793	0.1352969107269414	0.5104084721370973	0.0	1.0	0.0	1.0	1.0	0.0	1.0	1.0	0.0	1.0	1.0	0.0	7.0
42500000	0.3480777249862237	0.13976832472798129	3.0287472966383273	2.381382969433922	0.14756026240786807	0.4945421811187225	0.2355090890275168	1.6861236629476042	0.5139120714159705	0.6349517841100369	4.139136511060789	1.0458523297629325	0.0	1.0	0.0	1.0	1.0	0.0	0.0	1.0	1.0	1.0	1.0	1.0	8.0
42600000	2.2208160544264923	0.32479373835996733	0.6663366645733104	1.1238876803180753	0.17432467513886643	0.20252950343865006	0.22241559374139494	1.1029156997241	0.27433239463634984	0.6346913750075844	2.274848657953755	0.7741177624243545	0.0	1.0	0.0	1.0	1.0	0.0	1.0	1.0	1.0	1.0	1.0	1.0	9.0
42700000	0.5506873117008069	0.2415917625270248	0.23262537968896915	1.5036342928607145	0.16776348785333203	0.8743146201437622	0.7733365105039791	1.57759408150001	0.6215984646679024	0.5754882403457574	4.0418568002608435	1.508134520963555	0.0	1.0	0.0	1.0	1.0	0.0	0.0	1.0	1.0	1.0	1.0	1.0	8.0
42800000	0.19923130304133463	0.4191000443070688	0.8692327587244432	3.5990856914786167	3.498168456578084	0.101082030728771	0.9739372979498666	0.9195107536248532	0.6084924242087948	0.6328177132416221	0.6930679255819076	0.3684397890036451	0.0	1.0	0.0	1.0	1.0	0.0	1.0	1.0	0.0	1.0	1.0	1.0	8.0
42900000	0.10534993691681116	0.3244806579937278	1.4945877138296095	2.0470066284477015	2.9958441099800615	0.17162807488835286	1.1208851355919116	1.043196736231923	0.002257285366675662	0.7043189390128773	0.20016419073234817	0.12346806416746274	0.0	1.0	0.0	1.0	1.0	0.0	1.0	1.0	0.0	1.0	0.0	1.0	7.0
43000000	0.13033739017002616	0.23517801932801582	0.985790868429457	2.5792992862416937	3.3652956242707526	0.37914686994931357	0.8316961548449251	1.7354539875610062	0.7514608414511234	0.3282445872127254	0.4752939879546224	0.19036152438833145	1.0	1.0	0.0	1.0	1.0	0.0	1.0	1.0	0.0	1.0	0.0	1.0	8.0
43100000	0.19482960785464926	0.382536159940626	0.46475935678339886	2.5187558670655243	0.4149685698151094	0.37316505542011796	0.4708603513267482	2.7048526058766114	0.7885380499632303	0.9435642359165703	3.3724621978464167	1.2192930765247696	1.0	1.0	0.0	1.0	1.0	0.0	1.0	1.0	1.0	1.0	1.0	1.0	10.0
43200000	0.9555279026709069	0.22132318267819756	0.6224555284631802	1.231194560384484	0.05845838785170613	1.5196742846634466	0.636619318200603	1.6446478860439002	0.12969360877675246	0.5778836939185619	2.3123443329961595	0.9037733027269407	0.0	1.0	0.0	1.0	1.0	0.0	1.0	1.0	1.0	1.0	1.0	1.0	9.0
43300000	1.49971166827424	0.38186452185469044	0.08250408366846304	2.3772820112238726	0.6091399254902806	1.9400305212788624	0.8806803265789844	1.7068668024611575	0.2646480814913893	0.636629642635257	3.1696892890290824	1.6978163636974293	0.0	1.0	0.0	1.0	1.0	0.0	1.0	1.0	1.0	1.0	1.0	1.0	9.0
43400000	1.9094889523465777	0.20739599611830956	1.261650575439279	1.6641640716264883	0.1423294527305706	0.3955384733847456	0.49140756810035635	0.9305274173588707	3.072898415087769	0.5724652265250871	2.0192582407571322	0.8540661834908372	0.0	1.0	0.0	1.0	1.0	0.0	1.0	1.0	0.0	1.0	1.0	1.0	8.0
43500000	0.5021129078007958	0.3798120982048672	1.1262234855572852	1.122717305637376	0.12698674491512257	1.5776988000734464	0.9332262725457348	1.8837851507414953	0.4310669052011715	0.7582817047968302	4.222768398093452	1.8748160804715328	0.0	1.0	0.0	1.0	1.0	0.0	1.0	1.0	1.0	1.0	1.0	1.0	9.0
43600000	0.28651459685349284	0.3138654425684929	1.3951985979182961	1.4038474860704377	0.03930065821674189	0.2405955296024428	0.19042108978944053	1.0940333437665377	0.240682009359381	0.6122422484936078	2.0056804455658144	0.7791752185705033	0.0	1.0	0.0	1.0	1.0	0.0	1.0	1.0	1.0	1.0	1.0	1.0	9.0
43700000	0.6310447906160598	0.22930055944194813	0.3623317387869293	1.8357774598264107	0.23225065601336145	2.26433804166646	0.6140195139657157	1.1739395183889652	0.2601052139896545	0.7046611539270964	2.3610652503452636	0.6914714164571352	0.0	1.0	0.0	1.0	1.0	0.0	1.0	1.0	1.0	1.0	1.0	1.0	9.0
43800000	0.23966664384547665	0.17727466903066966	0.7168866604869691	0.9223969546458838	0.09405568542960197	0.7856196422166504	0.2198333813886332	1.0821679430237126	0.5236189223892624	0.3909413603573386	1.7329475818666327	0.6382639555915883	0.0	1.0	0.0	1.0	1.0	0.0	0.0	1.0	1.0	1.0	1.0	1.0	8.0
43900000	0.11075944857952806	0.35451627186492035	0.02079327661665674	0.8756128460439626	0.15234001347172785	3.350132411901442	3.455263784682774	1.019461595032392	0.33298272375679194	0.49315565481047907	1.9537459669251551	0.9069953290574355	0.0	1.0	0.0	1.0	1.0	0.0	0.0	1.0	1.0	1.0	1.0	1.0	8.0
44000000	1.1503555602965752	0.2590151664772291	0.7675946866087678	1.1264319081133989	0.2015269490800823	0.5984971996809656	0.537391200352137	0.7780960508530194	0.11540138003387654	0.28166006999958304	1.9409387822311484	0.7067370107651837	0.0	1.0	0.0	1.0	1.0	0.0	1.0	1.0	1.0	1.0	1.0	1.0	9.0
44100000	1.0301798419529826	0.1846120626209901	0.35872005668597945	1.0981558037510202	0.11496283316848636	0.8596258150313838	0.790992744082231	0.8334219866401602	2.831403228726019	0.41611769925352055	1.75500207187684	0.589402141776505	0.0	1.0	0.0	1.0	1.0	0.0	1.0	1.0	0.0	1.0	1.0	1.0	8.0
44200000	1.0608013338078044	0.5845358711365074	0.6455905604142921	3.5007914194696923	0.364112296265511	0.7564013367229284	1.431741774622768	2.31140349367276	0.6189368946923085	1.0108552686050432	5.221031604622352	1.3173715856532833	0.0	1.0	0.0	1.0	1.0	0.0	1.0	1.0	0.0	1.0	1.0	1.0	8.0
44300000	0.1403511467250352	0.266986493473579	0.42099820773716506	1.916886289693432	0.17922514147083796	1.2875613814630273	1.8766024196740363	1.6637540941529436	1.0130439813226022	0.7548824414793469	2.5188968879242895	0.7131203340323152	1.0	1.0	0.0	1.0	1.0	0.0	0.0	1.0	1.0	1.0	1.0	1.0	9.0
44400000	1.565091353854367	0.2281372223441911	1.007992128087383	1.9155070953613547	0.1718415135144283	1.2801333518914433	0.22509219829939622	1.004875378044018	0.051226769985036835	0.3196706461085873	1.9102149909535757	0.6619920128805117	0.0	1.0	0.0	1.0	1.0	0.0	1.0	1.0	1.0	1.0	1.0	1.0	9.0
44500000	6.479033803192591	0.1359425895601219	0.6909670620264426	1.4073469838857502	0.0862961224742664	0.6874298563481751	0.29004806820967943	1.6909324586724523	0.271391315997218	0.6023680088967224	3.0844126988596394	1.0285512309237994	0.0	1.0	0.0	1.0	1.0	0.0	1.0	1.0	1.0	1.0	1.0	1.0	9.0
44600000	0.920980136655545	0.07853320156238368	1.3438337724351574	1.4610682983777712	0.2283861133324224	1.2421426570921879	0.5228179149290209	1.2165123787476977	0.23554547065326956	0.5971523604548039	2.9015026950367613	0.766660610771206	0.0	1.0	0.0	1.0	1.0	0.0	1.0	1.0	1.0	1.0	1.0	1.0	9.0
44700000	0.2535721691393511	0.30434523405004155	0.3287150442866571	0.8419596842175192	0.13719727006901322	0.19691773462457515	0.25532118364048906	1.3117620459993256	0.26493160704468177	0.4062289576604251	2.552936655626069	0.7784515377077021	0.0	1.0	0.0	1.0	1.0	0.0	1.0	1.0	1.0	1.0	1.0	1.0	9.0
44800000	1.0676925284883472	0.445075958590174	0.05668403383161502	2.8570468472186694	0.4030710339872292	0.5615484332863783	0.4845523517196591	2.334277066918995	0.13646811509681728	0.84646619746789	3.846939634791763	0.45437895408354834	0.0	1.0	0.0	1.0	1.0	0.0	1.0	1.0	1.0	1.0	1.0	1.0	9.0
44900000	0.8941130965660983	0.09495412189534337	0.158261153212622	0.7577116632692188	0.057657952645168375	0.1303724867200001	0.2256619995538584	0.920011586657363	0.34235200459145965	0.24117959594358265	1.543580358428676	0.9642476197603239	0.0	1.0	0.0	1.0	1.0	0.0	1.0	1.0	1.0	1.0	1.0	1.0	9.0
45000000	1.0400928436089418	0.14748980388859417	0.13212157146964082	1.1018944486372355	0.029168750612298466	3.0114467448183637	0.3504454224812448	1.0607279389620596	0.48722790069225397	0.5783564064204967	2.142451257822008	0.8954901655314219	0.0	1.0	0.0	1.0	1.0	0.0	0.0	1.0	1.0	1.0	1.0	1.0	8.0
45100000	0.051024865822744715	0.5759534318281117	0.5084943198281581	2.9708490532199345	3.553603080590217	1.1822217518756049	0.7071137046213052	1.3481337934166056	0.24302456840481448	0.8864374826288408	1.0356367852531656	0.18769500706025247	1.0	1.0	0.0	1.0	1.0	0.0	1.0	1.0	1.0	1.0	0.0	1.0	9.0
45200000	0.5830715937784893	0.23782215127638776	0.2100243868800732	1.758900056807686	2.421633095594796	2.8430894823262975	0.7077008614394926	1.0439262864317207	0.7325390595293554	0.5200154738028645	0.18366838564028343	0.5341398093758294	0.0	1.0	0.0	1.0	1.0	0.0	1.0	1.0	0.0	1.0	0.0	1.0	7.0
45300000	3.3587333155061985	0.3513711966087629	1.9940530640269059	2.756261926065392	3.2672138397919395	3.0224086712722715	0.5807460307136368	2.0278752854078896	0.4561258525974119	0.4375635611655716	0.3757483270518473	0.4630636787906465	0.0	1.0	0.0	1.0	1.0	0.0	1.0	1.0	0.0	1.0	1.0	0.0	7.0
45400000	0.17670443969578709	0.587865127058327	0.09970114865604822	3.2314981702514043	2.853758974686171	1.3161057541224503	0.8274766217775076	1.6921780228953285	0.9869439103683311	0.4643679475832731	1.3451511091563901	0.3310343984719626	0.0	1.0	0.0	1.0	1.0	0.0	1.0	1.0	0.0	1.0	0.0	1.0	7.0
45500000	0.6532684470097994	0.18414411038445283	3.763874728536283	1.3494350492376253	2.1323558557448448	0.6090485772672438	0.5816767037037819	0.8827596498965373	0.31148540807283454	0.1542431776267929	0.11315130321459119	0.27562676488959276	0.0	1.0	0.0	1.0	1.0	0.0	1.0	1.0	0.0	1.0	1.0	0.0	7.0
45600000	0.19387117806123827	0.7425164753810858	3.176129456762453	3.0668003836492317	3.7997742338014393	0.10955619861584895	1.1117035476708148	1.7357339616218057	0.25012881652486735	0.2770706850814441	0.3567369281680444	0.5374101247950166	0.0	1.0	0.0	1.0	1.0	0.0	1.0	1.0	0.0	1.0	1.0	1.0	8.0
45700000	0.47091195413971243	0.3815781415104255	0.11079048083467705	1.5554151088772472	1.942419184784375	0.4062106110941216	0.6221543833786688	0.6347302684849478	0.7969717310720411	0.3076004562307648	0.09176925055752036	2.8133740691215157	0.0	1.0	0.0	1.0	1.0	0.0	1.0	1.0	0.0	1.0	1.0	0.0	7.0
45800000	1.2535880751439874	0.28978821005744193	1.5619778465881076	2.4612512145513548	2.031185784438823	1.376299475987249	0.504557910253476	2.0945538786372997	0.3504640809500607	0.3698598995747459	0.06899991764397997	2.4517685124470736	0.0	1.0	0.0	1.0	1.0	0.0	1.0	1.0	0.0	1.0	1.0	0.0	7.0
45900000	0.25396243426934395	0.2872831027042796	0.17598195979443682	2.3741135865969776	2.3051357317748957	0.3609961020260289	0.8796948471167286	1.6069696916629663	0.23783272389096569	0.70365362531997	0.016081234019457727	0.26758301605413143	0.0	1.0	0.0	1.0	1.0	0.0	1.0	1.0	0.0	1.0	1.0	1.0	8.0
46000000	0.05714353958628809	0.13697535460033808	0.1739897010130056	2.1811810442542474	0.15585320616234963	0.8236996381396456	1.9612484373743773	1.2741848384492993	0.9957829019294376	0.7358261806064074	3.5218743269041966	1.4247573752492275	0.0	1.0	0.0	1.0	1.0	0.0	0.0	1.0	1.0	1.0	1.0	1.0	8.0
46100000	1.786352889521001	0.3927601128718022	0.24145247998706565	3.185945408493588	0.7174193520977967	0.3846417989075011	1.0340321104128103	2.2184772528036154	0.20446759565014397	0.8283501933923245	4.868759192899065	1.1176256486326568	0.0	1.0	1.0	1.0	1.0	0.0	1.0	1.0	1.0	1.0	1.0	1.0	10.0
46200000	0.16784866027567352	0.2896389047742002	1.8736854128328961	1.2357280178573262	0.24357281821901586	0.7585696887076143	0.3368563881191622	0.7000561311787714	0.1697719942406736	0.5485417459786641	2.019972241887092	0.5705053255899226	0.0	1.0	0.0	1.0	1.0	0.0	1.0	1.0	1.0	1.0	1.0	1.0	9.0
46300000	0.10131072059137029	0.28390827314662526	0.17893793969049376	1.931619292410192	0.5010234339141917	3.424424862472134	0.9431850089653327	1.708670662237916	0.34479374083700504	0.639559525012267	2.9946705266755043	1.571282487083733	0.0	1.0	0.0	1.0	1.0	0.0	1.0	1.0	0.0	1.0	1.0	1.0	8.0
46400000	4.039057753842984	0.19919789418513978	0.8441506937329873	1.070753607004572	0.16818425879566967	0.14832194178767105	0.2589575780004498	1.026761422741561	0.5074583478487793	0.7361679015127457	1.8012464767227405	0.5705896342957864	0.0	1.0	0.0	1.0	1.0	0.0	0.0	1.0	1.0	1.0	1.0	1.0	8.0
46500000	1.6723184821701456	0.38985251224355383	2.0183390144662985	1.0537505858246095	0.09591894604780041	0.6138993243486155	0.26825694937723804	0.7289261073764535	0.2860158199989787	0.5018463440837173	2.1551277599610574	0.5924159230760355	0.0	1.0	0.0	1.0	1.0	0.0	1.0	1.0	1.0	1.0	1.0	1.0	9.0
46600000	0.0804947919633963	0.2921633677147726	1.0031327402057606	1.3176882191023613	0.3007744170484304	0.12103252993252327	0.22729392858156025	2.385374400499836	0.4703119906085017	0.6648219193080229	2.8999247755334348	1.2626150637636635	0.0	1.0	0.0	1.0	1.0	0.0	1.0	1.0	1.0	1.0	1.0	1.0	9.0
46700000	2.9494385415074067	0.05779835164538155	1.944404692680751	1.7399139490442879	0.055884707803080295	0.5080538069206694	1.2585548489651246	1.5617457785342392	0.43923806662542775	0.4571628241134849	1.8868067490017375	0.7034073020038637	0.0	1.0	0.0	1.0	1.0	0.0	0.0	1.0	1.0	1.0	1.0	1.0	8.0
46800000	0.19436851964949614	0.1598967747666763	1.9713123516119064	1.523580957771649	0.08592162145644336	2.421179050585773	0.7231029247712109	0.7865751382683537	0.02727417485043656	0.17939035730477138	2.420953627918292	0.5673898966116007	0.0	1.0	0.0	1.0	1.0	0.0	1.0	1.0	1.0	1.0	1.0	1.0	9.0
46900000	2.1320486084044847	0.3628335724349343	1.8693087125512242	2.282362856539821	2.6140411915947963	0.43369930520067135	0.6823494400844572	1.2235418703426297	0.42083196800214673	0.42096341743011595	0.11085785525195711	1.6822966891567699	0.0	1.0	0.0	1.0	1.0	0.0	1.0	1.0	0.0	1.0	1.0	0.0	7.0
47000000	7.657935500736134	0.1258251729128086	0.7900050628201533	1.3135445099520051	1.8316534871741708	0.05754754921843026	0.5338602525301273	0.8549982604251837	1.3187845458494831	0.12613272082791827	0.053726556306059776	0.06361544589425576	0.0	1.0	0.0	1.0	1.0	0.0	1.0	1.0	0.0	1.0	1.0	1.0	8.0
47100000	1.4690466002617877	0.31404389916267633	0.21457169939876486	1.8554723567310212	2.363917261487254	1.5878791645113912	1.0141955358504278	0.939646153471283	0.24746602990756972	0.1673614525783952	0.29066050987434633	0.08861987691711656	0.0	1.0	0.0	1.0	1.0	0.0	1.0	1.0	0.0	1.0	1.0	0.0	7.0
47200000	2.247340294234759	0.11166295633991967	0.30526238547534723	0.626938461243306	0.9166447311489567	1.5062142212720049	0.22536831065203547	0.43078400741024475	0.02697732797109196	0.08724966100795217	0.03685004260667068	0.0352386432006944	0.0	1.0	0.0	1.0	1.0	0.0	1.0	1.0	1.0	1.0	1.0	1.0	9.0
47300000	0.03769997055187985	0.211815261451235	0.804660654211806	1.8415248759133098	0.15175605700920802	0.009292784588308229	0.17039871282462243	1.6590088640093683	0.7356975086347788	0.3663323961038849	3.688287908104165	0.9731473537348504	1.0	1.0	0.0	1.0	1.0	0.0	1.0	1.0	1.0	1.0	1.0	1.0	10.0
47400000	0.9383127639035234	0.19729707106811373	0.2569460885894375	1.045149821359899	1.625889906565662	2.2554935201144533	0.4368354584224692	0.5291969097427119	0.8717204786631584	0.35046673106054654	0.039902588377231735	1.2121074940057244	0.0	1.0	0.0	1.0	1.0	0.0	1.0	1.0	0.0	1.0	1.0	0.0	7.0
47500000	0.4029606830048531	0.15784820713490744	2.5290370546149235	1.8806264501449328	0.09967258364786286	0.18410856388939362	0.5028069310028801	1.0786380406991667	0.18715335954462833	0.7318953977862857	2.498169541231421	0.43609694267342575	0.0	1.0	0.0	1.0	1.0	0.0	1.0	1.0	1.0	1.0	1.0	1.0	9.0
47600000	2.0780244206719423	0.3033908496347519	0.40735027456037787	1.5563665238243618	0.5393112876700356	1.3978079070738474	0.26584284221383403	0.9359065293907628	0.34121198411819637	0.3573350386515258	2.096324984170365	0.6084965013954633	0.0	1.0	0.0	1.0	1.0	0.0	1.0	1.0	1.0	1.0	1.0	1.0	9.0
47700000	0.06212360122314211	0.4369396645826277	0.3795724406125089	1.9382301870309735	4.035743949361557	0.1993610488760204	1.1491333455959825	1.9579054150963549	0.6186535974212798	0.8907768422329904	0.8167251299620746	0.23826991097455477	1.0	1.0	0.0	1.0	1.0	0.0	1.0	1.0	0.0	1.0	1.0	0.0	8.0
47800000	1.2286733678115216	0.2086445486491496	0.9949934476419964	2.0960433391984825	0.25077890387767504	1.0889140693193804	0.49351399319167083	1.3991040694843748	0.1521757420539985	0.5597186526490658	4.055148949438109	0.8182823589865449	0.0	1.0	0.0	1.0	1.0	0.0	1.0	1.0	1.0	1.0	1.0	1.0	9.0
47900000	0.26408348868674875	0.11392023957794735	0.5450999872847241	0.7936035538738426	0.18518944058105227	1.2109864713856193	0.32586619678476053	0.7313620855604068	0.19842727199425161	0.6399974114394346	1.4916920354081535	0.7967076946216409	0.0	1.0	0.0	1.0	1.0	0.0	1.0	1.0	1.0	1.0	1.0	1.0	9.0
48000000	1.3301707323253058	0.11865773953850801	0.13174309085671043	1.1635289641481414	0.12693319641695852	0.3038527941641897	0.1983002729760166	1.2615618560975683	0.27078819633232415	0.3722339374088103	2.157070453377357	0.6263233050539097	0.0	1.0	0.0	1.0	1.0	0.0	1.0	1.0	1.0	1.0	1.0	1.0	9.0
48100000	1.0024599968620131	0.5013999495068846	1.1549958055977887	2.021244814620698	0.03658720196246235	0.6441886985375188	0.9735914545492964	1.758860392087019	0.4317946268250848	0.5809762115972297	2.38603185006348	0.9062549017790751	0.0	1.0	0.0	1.0	1.0	0.0	0.0	1.0	1.0	1.0	1.0	1.0	8.0
48200000	0.029213910320158288	0.38527210509169885	1.9224418015759326	1.6951860926592448	0.13846241514059132	0.7399919658165475	0.2987788411622554	1.4866817251427875	0.3132074305875689	0.6746423407299292	3.194493827647616	1.1366599033898077	0.0	1.0	0.0	1.0	1.0	0.0	1.0	1.0	1.0	1.0	1.0	1.0	9.0
48300000	0.4024062098113891	0.15608256970530723	0.5676696616527399	0.7671444491511074	0.15256622252076357	0.9758624337803194	0.504557988931925	0.704807852252549	0.6338349914184938	0.40215066322020443	1.4505351285767802	0.3568462695476854	0.0	1.0	0.0	1.0	1.0	0.0	1.0	1.0	0.0	1.0	1.0	1.0	8.0
48400000	0.40474669513678335	0.2955087809385719	1.754060878619637	1.7780866931079176	0.5843175583184019	1.190093670020317	0.9331620754972583	1.6685736569105059	0.4045181489416847	0.6811713215868783	3.2012031719125047	0.6656425572938772	0.0	1.0	0.0	1.0	1.0	0.0	1.0	1.0	1.0	1.0	1.0	1.0	9.0
48500000	1.0271589207191125	0.7040815694734541	1.5405340567572627	2.326678472118948	0.33663607922081584	0.4233306116369847	0.9599058346936041	1.7568708406438318	0.15915690945224645	0.7941656419182612	4.180482206419072	1.2449730130596774	0.0	1.0	0.0	1.0	1.0	0.0	1.0	1.0	1.0	1.0	1.0	1.0	9.0
48600000	0.23158876590892405	0.4931081542859045	1.5978898973418998	2.405182133104924	0.9025720107161661	0.6130611941636648	0.7386076993146743	1.6520355916501634	0.41992473034938255	0.89948848321526	2.91107175527054	0.7299389316507959	0.0	1.0	0.0	1.0	1.0	0.0	1.0	1.0	1.0	1.0	1.0	1.0	9.0
48700000	1.6344222070092636	0.17286730775495307	0.8531384734050863	0.8944941223416324	0.04471601498379562	0.8341455140529526	0.36685058176438295	0.6472791679607327	0.09487183157597934	0.4254693226633778	1.7868494507594663	0.5660319184339798	0.0	1.0	0.0	1.0	1.0	0.0	1.0	1.0	1.0	1.0	1.0	1.0	9.0
48800000	0.5964564079198087	0.08804565092599323	0.6361551949646833	1.038591168730309	0.18788199870190958	0.6012246773471421	0.19898350978680365	0.9851038032258909	0.3599474800077773	0.68710574736744	1.6499626881339058	0.7630519371481995	0.0	1.0	0.0	1.0	1.0	0.0	1.0	1.0	1.0	1.0	1.0	1.0	9.0
48900000	1.032361833523351	0.3712341088627283	0.07039402046721728	2.2651719634836525	0.4891567401277658	0.16332008607532034	1.0625627334748056	1.830657695988907	0.23752311183607644	0.683366221579146	3.70549367703657	1.4917229729107373	0.0	1.0	0.0	1.0	1.0	0.0	1.0	1.0	1.0	1.0	1.0	1.0	9.0
49000000	0.49524653592691753	0.37206146836252746	0.9099182059164389	4.118963654518354	0.7610153990556523	0.86471292586066	1.4011698787883542	2.6310114912905482	0.6796445309465519	1.1103554674233782	7.245692297472608	3.442850809625229	0.0	1.0	0.0	1.0	1.0	0.0	1.0	1.0	1.0	1.0	1.0	1.0	9.0
49100000	1.0017075292207018	0.24758213509071583	1.529131326585325	2.4015116862609744	0.3190585700302997	0.37348237064463596	0.5117443179051038	1.1349103299077976	0.21483725803432802	0.46158776578078364	4.1539246778183525	0.8957563637144057	0.0	1.0	0.0	1.0	1.0	0.0	1.0	1.0	1.0	1.0	1.0	1.0	9.0
49200000	0.4133393643697715	0.3944784788871852	0.7841419320127969	2.172978142967429	0.24061484880484088	2.059010607162103	0.20229306504020386	1.3036417599038845	0.5659678853617204	0.8169518275476473	2.94188713987291	1.351214690574024	0.0	1.0	0.0	1.0	1.0	0.0	1.0	1.0	1.0	1.0	1.0	1.0	9.0
49300000	2.8910422579582375	0.28866037947636375	1.304472563252426	1.7068442685944964	0.12452974565631651	0.6242249509997091	1.073973765638345	2.535901742116129	0.39186336943165506	1.7103059147203818	4.316544429508825	1.9876505842296226	0.0	1.0	0.0	1.0	1.0	0.0	1.0	1.0	1.0	1.0	1.0	1.0	9.0
49400000	0.5996486041402411	0.21649771144788313	1.4195085732250834	1.5200806637363544	0.21223910270636326	0.41143770397742824	0.37620773557586956	2.011372845099823	0.7429373041328141	0.8620539999991095	3.171838737893302	0.8559031996486938	0.0	1.0	0.0	1.0	1.0	0.0	1.0	1.0	1.0	1.0	1.0	1.0	9.0
49500000	0.004267514026006208	0.10865314373903441	0.41358861619581083	1.3179467378443583	1.3992711396695126	0.00927327619498572	0.30408051442484185	0.6472368908837607	0.6267165153952657	0.16488066052405165	0.007408997694371513	4.098710717986567	0.0	1.0	0.0	1.0	1.0	0.0	1.0	1.0	0.0	1.0	1.0	0.0	7.0
49600000	1.3899321643350457	0.3121151520683299	1.0964806857904414	2.270998191412566	2.592127048669306	0.8555223547931619	0.665229206196473	1.3814276446271998	0.8172650676691193	0.6731160757966581	1.3487804504660486	0.07275941529182484	0.0	1.0	0.0	1.0	1.0	0.0	1.0	1.0	0.0	1.0	0.0	1.0	7.0
49700000	0.3198180088925119	0.19004359102172283	0.026594100986659385	1.3196300076806315	1.4888915701492573	0.8350828544527241	0.30663418204632	0.8308287651782699	0.002819772793969933	0.2527288236729573	0.13808728121564784	0.02332576264390036	0.0	1.0	0.0	1.0	1.0	0.0	1.0	1.0	1.0	1.0	1.0	0.0	8.0
49800000	1.4301704284150776	0.5985647658165166	0.8125644763213634	2.298349631371912	2.5814339512189934	1.5923780681485529	0.4233176474657873	1.385263732042141	0.192176419433134	0.7522853373593753	0.7793505953721862	0.2120772049475557	0.0	1.0	0.0	1.0	1.0	0.0	1.0	1.0	0.0	1.0	0.0	1.0	7.0
49900000	1.1276044544711799	0.34985317096352153	0.4590263654106639	4.393670613458256	5.102542628480733	0.8058386215487116	1.2851124468342825	2.730028621588411	0.6128040888336561	0.36165611065115316	0.326414765895272	0.24922159269499905	0.0	1.0	0.0	1.0	1.0	0.0	1.0	1.0	0.0	1.0	1.0	1.0	8.0
50000000	0.047832531310131	0.23882685837513318	2.472694546598433	1.376688357144497	2.2123935177962752	2.638153877775497	0.5905098236019793	0.8298323613436728	0.6387329796664886	0.2335453254812683	0.062111110752302086	0.17859617051696705	1.0	1.0	0.0	1.0	1.0	0.0	1.0	1.0	0.0	1.0	1.0	0.0	8.0
50100000	0.37299889305909656	0.13327338650597337	5.975287049849147	1.0779397307737106	0.29542586526791637	1.4375695143920368	0.3589661785702562	1.217479233692548	0.39154308637810276	0.42876953523545225	2.2544241516718304	0.7265710055861189	0.0	1.0	0.0	1.0	1.0	0.0	0.0	1.0	1.0	1.0	1.0	1.0	8.0
50200000	0.1604338347206474	0.5969425379409274	1.3041314072322099	3.2915397380411595	4.307156564949623	1.0042016487367262	1.4826542167527175	1.6879808930205942	0.32308043130635694	1.102576691042475	0.18963617910946448	2.493485899159155	0.0	1.0	0.0	1.0	1.0	0.0	1.0	1.0	0.0	1.0	1.0	0.0	7.0
50300000	0.48067508500051204	0.08769559305207286	0.6873395015258559	0.8591539201600124	1.6266181010544243	1.0447863323333986	0.40432580691644465	0.645604785992482	0.32335754157573476	0.2925363231068022	0.04639902626438561	1.0835474706706594	0.0	1.0	0.0	1.0	1.0	0.0	1.0	1.0	0.0	1.0	1.0	0.0	7.0
50400000	0.2647798859667946	0.1809301834468929	0.8734076142492305	2.52686397043231	3.582918926118271	0.8459585418004126	1.1629481012338474	1.423433132232785	1.459116990110819	0.26996191562053545	0.0837228512826164	0.157579793235335	0.0	1.0	0.0	1.0	1.0	0.0	1.0	1.0	0.0	1.0	1.0	0.0	7.0
50500000	1.893961598522747	0.11456025381471917	0.0781407507184755	1.4902929642218379	1.7698219557466681	2.5634081626660157	0.7016341833162661	0.9288689425567594	0.10620997482072944	0.4377602885736731	0.18959205387559505	1.0207465400113986	0.0	1.0	0.0	1.0	1.0	0.0	1.0	1.0	0.0	1.0	1.0	0.0	7.0
50600000	0.28249375486418854	0.07546954737964455	0.08402889956605257	1.764798440725361	1.4748766528861457	0.2848722305279671	0.4023760405430425	0.8257302308747027	0.5249426110758042	0.252232120176111	0.20719406578985788	0.7311119685828319	0.0	1.0	0.0	1.0	1.0	0.0	1.0	1.0	0.0	1.0	1.0	0.0	7.0
50700000	3.336547626460321	0.18930837636901543	0.011025921003897897	2.3432231220972395	3.06349775303507	1.16923229124107	0.8014033556481384	1.1299883393953045	1.0346302363171516	0.5262052452043935	0.7631122121069157	0.42762144247743694	0.0	1.0	0.0	1.0	1.0	0.0	1.0	1.0	0.0	1.0	1.0	0.0	7.0
50800000	0.5853232099504174	0.5283807094896112	0.9123129858148994	1.7238523730561788	0.12610885947422773	0.23373883042110702	0.5096468957091153	1.3243296054757157	0.30905695634546604	0.6493179663099375	3.1030046473950517	1.229846255616725	0.0	1.0	0.0	1.0	1.0	0.0	1.0	1.0	1.0	1.0	1.0	1.0	9.0
50900000	1.5767762516186137	0.2873481351632881	1.393774073786223	2.6016862945986734	0.6542241420086843	0.7317385571326033	3.263715848276114	3.3254739293377167	0.24552135326559724	2.02705337124285	4.6610989840885235	2.2274828849471118	0.0	1.0	0.0	1.0	1.0	0.0	0.0	1.0	1.0	1.0	1.0	1.0	8.0
51000000	1.7417768925630237	0.4285250309937794	0.045121080279385196	3.4219483713596572	0.3287690014438145	0.018903282343349325	1.0585971698995749	2.124615426806097	0.3330224693141171	0.4986359615527581	4.20104678681756	1.2302783695709643	0.0	1.0	1.0	1.0	1.0	1.0	1.0	1.0	0.0	1.0	1.0	1.0	10.0
51100000	0.5150660317064972	0.5972763945786076	1.9061045359722852	1.4273243364810169	0.19040503942983364	1.6994914375345176	0.4500291879531024	1.1691789477010863	0.417122368107019	0.9607728585524911	3.021590670551386	1.4108586637401825	0.0	1.0	0.0	1.0	1.0	0.0	1.0	1.0	1.0	1.0	1.0	1.0	9.0
51200000	0.2250506980852153	0.2687197497257754	0.22602229741054536	1.17703480721837	0.05436480231468108	0.6556161134135934	0.3550685204627385	1.3164511232046106	0.3449010134535519	0.7517969217863824	1.875399350237721	0.6502035847889837	0.0	1.0	0.0	1.0	1.0	0.0	1.0	1.0	1.0	1.0	1.0	1.0	9.0
51300000	0.7491925909817272	0.2448737524565608	0.04990219149680768	3.827413839387016	0.07016835854338416	0.34699305433407285	0.5078964071189589	2.087976964960692	0.5833047639852056	0.9492607284457767	4.859363470864915	1.3475725615231033	0.0	1.0	0.0	1.0	1.0	0.0	1.0	1.0	1.0	1.0	1.0	1.0	9.0
51400000	0.4371873319161674	0.35607767864218354	0.02635650358941045	2.57516529093661	0.20410931622824724	1.9810928304025865	0.7813897635554026	1.880938367452196	0.48836003993436305	0.9804718853519613	4.3950568501177845	0.9936236643919261	0.0	1.0	0.0	1.0	1.0	0.0	1.0	1.0	1.0	1.0	1.0	1.0	9.0
51500000	0.030086372448673758	0.11861872446147602	0.10890399143011155	1.9571900405160125	0.678637942462113	0.5719189499967211	0.46215299333041854	1.1444902816880587	0.7180212101915933	0.11950401730295733	2.011353985988894	0.4325500691555646	1.0	1.0	0.0	1.0	1.0	0.0	1.0	1.0	0.0	1.0	1.0	1.0	9.0
51600000	0.1694667197037032	0.23080822461837464	0.31060886333255566	0.978312400136563	0.18955015324869118	0.23373642458332627	0.5035965103777438	0.8451945830475192	0.1603622758825515	0.5180691465183866	2.2509043005145823	0.7325428335228025	0.0	1.0	0.0	1.0	1.0	0.0	1.0	1.0	1.0	1.0	1.0	1.0	9.0
51700000	0.2564939345347921	0.2648645866393526	0.27965304833902926	1.3961728492608774	0.06678012030165319	0.2736256701168021	0.6822520218612501	2.0508515622345556	0.249359689258116	0.4652115633671741	2.3037733277313004	0.7724221253143068	0.0	1.0	0.0	1.0	1.0	0.0	1.0	1.0	1.0	1.0	1.0	1.0	9.0
51800000	0.24150836281262975	0.1444381371375376	0.4964680498741638	0.9862520798131378	0.23548806393442193	0.9959473183751686	0.2126021643162813	1.2805404574845252	0.40389035363327547	0.30418128017412116	2.526326565571188	0.6859895497827783	0.0	1.0	0.0	1.0	1.0	0.0	1.0	1.0	1.0	1.0	1.0	1.0	9.0
51900000	0.4079983376623947	0.3620366207923843	2.8498956784333034	1.1358959365076589	0.08544042693495718	1.9508040954475467	0.30388609722887955	0.9817161514240901	0.2048230960190306	0.38863238232178543	1.9861587118224748	0.9107801855326494	0.0	1.0	0.0	1.0	1.0	0.0	1.0	1.0	1.0	1.0	1.0	1.0	9.0
52000000	0.918928363593237	0.9997904935246986	1.219845474999206	4.471541450236486	0.5803376331247343	0.2900295735021497	1.0709256616961624	3.187863750341433	0.8523427255621796	0.7817920276975233	4.961953629055556	2.4113032990176633	0.0	1.0	0.0	1.0	1.0	0.0	1.0	1.0	1.0	1.0	1.0	1.0	9.0
52100000	2.138986707413029	0.0826311335228293	1.976175649836735	0.6439099354299697	0.057927240845545146	4.3600047542401565	0.2539259508431486	0.5762017155700131	0.3293451405613481	0.29310347753284194	0.9147669514842414	0.5089699219743655	0.0	1.0	0.0	1.0	1.0	0.0	1.0	1.0	0.0	1.0	1.0	1.0	8.0
52200000	0.13112176375540052	0.2631857871051732	0.5858646765250548	1.3350621548261175	0.10771766483363981	0.12916295259002403	0.017743030506365814	1.636833039907331	0.6734328568153084	0.6065556462897762	3.4070084798804183	0.9125601514664173	0.0	1.0	0.0	1.0	1.0	1.0	0.0	1.0	1.0	1.0	1.0	1.0	9.0
52300000	0.6298364075019046	0.17594763086892892	0.12027915678416362	0.8888507724459584	0.05142829564709168	0.8054799423667146	0.3009373313731417	0.6756092505628862	0.08878426145493439	0.3044795702901259	1.3233493543704646	0.4275617137901252	0.0	1.0	0.0	1.0	1.0	0.0	1.0	1.0	1.0	1.0	1.0	1.0	9.0
52400000	0.10582972878009278	0.20961717162656174	0.03442097255184129	0.9021100690768867	0.18427809991557736	0.21471541105658343	1.2710639747759411	1.0508796442597748	0.3464327586933461	0.6311838570898313	2.006417432698355	0.694693611325051	0.0	1.0	1.0	1.0	1.0	0.0	0.0	1.0	1.0	1.0	1.0	1.0	9.0
52500000	0.5114681702478362	0.23258386312966392	0.01864817508001655	2.6823399512761315	0.09701081818924864	1.5270370710920493	0.7928228193765613	1.5496063472130517	0.13791376080279763	0.6199696023374542	3.504346491085189	1.3624665799075613	0.0	1.0	0.0	1.0	1.0	0.0	1.0	1.0	1.0	1.0	1.0	1.0	9.0
52600000	0.3813415606440174	0.09794801392754729	0.3245886359213306	2.2780574549271146	0.18525358660490424	0.5623057303556886	1.3559423143762175	1.7875600133430354	0.48965714761695606	1.4145507274709432	3.540196951225041	1.6396859430653015	0.0	1.0	0.0	1.0	1.0	0.0	0.0	1.0	1.0	1.0	1.0	1.0	8.0
52700000	0.2011698688872787	0.1789079963541828	1.8911786894316471	1.9958010686719778	0.20768758300119355	0.7894476955069545	0.6796976095386347	0.9798102983131778	0.34234781723428814	0.5861426609817578	2.620448081870448	1.1976233100620401	0.0	1.0	0.0	1.0	1.0	0.0	1.0	1.0	1.0	1.0	1.0	1.0	9.0
52800000	0.7551301275933326	0.2376419448258778	0.3765887710949521	1.1504299605027104	0.20903083572715972	0.07455758552460087	0.1024706602450351	1.4469415115937179	0.21276121260083733	1.3645275947179116	2.47432542897336	0.930858579887622	0.0	1.0	0.0	1.0	1.0	1.0	0.0	1.0	1.0	1.0	1.0	1.0	9.0
52900000	0.8430009550680048	0.2647597842593691	3.102968157645022	2.2790397655566186	0.543471372953957	0.05096215543682549	0.35230705440332	1.7134523226972969	0.47503820989483014	0.8689991503917135	2.69372891905658	0.7258928317747017	0.0	1.0	0.0	1.0	1.0	0.0	1.0	1.0	1.0	1.0	1.0	1.0	9.0
53000000	0.0019698407069075625	0.24988868593699187	0.4441976227927069	2.496794297390419	0.1255256894077318	1.0767267942870744	0.591571054714476	1.986405862345026	0.1863442631235361	0.8675508150946702	3.2484578005092466	1.132239476812714	0.0	1.0	0.0	1.0	1.0	0.0	1.0	1.0	1.0	1.0	1.0	1.0	9.0
53100000	0.7513431619446408	0.12269718039783693	0.08135741909681128	1.1496294148285537	1.8702701433382811	0.28718040147869717	0.5076758798062737	0.7036648536513113	0.49411539625037293	0.26359372195368924	0.14654807869126454	0.8236864807382296	0.0	1.0	0.0	1.0	1.0	0.0	1.0	1.0	0.0	1.0	1.0	0.0	7.0
53200000	0.4601777940861962	0.16629699094442513	2.9790774635371244	0.886409238111742	0.04523389325611454	0.632015400083495	0.7201419225119902	0.8342435407027537	1.9966007450072767	0.41630158681215673	2.0438848860032626	0.6408178290308744	0.0	1.0	0.0	1.0	1.0	0.0	1.0	1.0	0.0	1.0	1.0	1.0	8.0
53300000	0.09812596656362543	0.40080876207136057	2.0351077558303654	2.255113041892042	0.4345813161653891	0.6870858953702009	0.4236711643501766	1.694668555699298	0.39956713753328593	0.6623831824700526	3.1043174981817225	1.0715141903215724	0.0	1.0	0.0	1.0	1.0	0.0	1.0	1.0	1.0	1.0	1.0	1.0	9.0
53400000	0.47856262075579425	0.13938155121824966	2.9282191916016234	1.1645917124711525	0.05863211602258084	0.33238237641992524	0.3311482386040767	0.8017661530780122	0.23129167825934555	0.36452398049294493	2.1370792311925446	0.5869443942723956	0.0	1.0	0.0	1.0	1.0	0.0	1.0	1.0	1.0	1.0	1.0	1.0	9.0
53500000	1.4326148969758814	0.5137499133977698	0.782429029028951	2.8924817608302624	0.30590779047651195	0.06295571939010615	0.3078143146563803	2.295988786345155	0.7204639970106349	0.7020602666152402	3.9538009360518886	1.3913070390286393	0.0	1.0	0.0	1.0	1.0	0.0	1.0	1.0	1.0	1.0	1.0	1.0	9.0
53600000	3.094336549108852	0.20957412278699183	0.41882603364532867	1.621927531878672	0.13589532530828696	1.3765242558496786	0.2961947594235506	1.1786289713208478	0.2918177127444504	0.7392253547289627	2.6391253168654636	0.5273231750993651	0.0	1.0	0.0	1.0	1.0	0.0	1.0	1.0	1.0	1.0	1.0	1.0	9.0
53700000	0.5363675281147176	0.11819653084024066	2.1259020036536813	4.016466653517835	4.515363996399325	1.0360173812958635	1.1287113547824008	2.1016151575232067	0.007989737206560196	0.7424119178417499	0.5793291149494522	0.3000953755062585	0.0	1.0	0.0	1.0	1.0	0.0	1.0	1.0	0.0	1.0	1.0	0.0	7.0
53800000	0.4191908018111836	0.1515343705763841	0.024440346549788727	1.0155438790630618	1.358229268551193	0.4718298261633128	0.5436796567026906	0.7610158134145557	0.6795378646091612	0.32594076316518944	0.017174089604524382	0.3415843825270133	0.0	1.0	0.0	1.0	1.0	0.0	1.0	1.0	0.0	1.0	1.0	0.0	7.0
53900000	0.11516623207440528	0.10253179478140668	4.662318529585571	1.8162240576573008	1.9203347744433263	1.630507284218975	0.3687928068482512	0.9832571009841303	1.0906826377575998	0.33758418974811705	0.020153746185180094	3.074917771305122	0.0	1.0	0.0	1.0	1.0	0.0	1.0	1.0	0.0	1.0	1.0	0.0	7.0
54000000	1.2477554384801126	0.28304091772579726	2.4171639801300144	0.7835167360686093	0.3087894509468539	0.47352759085546703	0.5529123740595107	0.4516842548082847	0.08125527005040337	0.23476508874751964	1.1141077711126783	0.4506328711574785	0.0	1.0	0.0	1.0	1.0	0.0	1.0	1.0	1.0	1.0	1.0	1.0	9.0
54100000	0.5280745383996145	0.3337996273844011	1.1471819689348273	2.3387002206622203	2.8032262244563233	2.676166328397902	0.9306039567320685	1.3156219704930647	0.3035610255600721	0.30118112799617186	0.1110391133828319	0.1388109608666629	0.0	1.0	0.0	1.0	1.0	0.0	1.0	1.0	0.0	1.0	1.0	1.0	8.0
54200000	1.8216057762945452	0.3000330370556178	0.3159770815119217	2.578467880445632	0.6994093258511923	0.026480211446517722	0.44913202809207664	1.6671847000488265	0.37940153114542763	0.5412160578599877	3.092187944273747	0.9075328698925547	0.0	1.0	0.0	1.0	1.0	1.0	1.0	1.0	1.0	1.0	1.0	1.0	10.0
54300000	0.1337534656309219	0.3865916316397665	0.5092036751452754	1.4967299167576276	0.1946947080585638	0.8729682296211804	0.528384158955709	1.0643471120861825	0.18746381999930284	0.617316525201261	3.2873450549463583	0.4445837845241999	0.0	1.0	0.0	1.0	1.0	0.0	1.0	1.0	1.0	1.0	1.0	1.0	9.0
54400000	0.6304110287915455	0.296909174075224	3.8988466563772577	1.2189182198402462	0.28713976527095125	2.3729379075625223	0.46086716179976084	1.0552170982430036	0.24134234644833039	0.3795299523673507	2.4432443091337355	0.39904295580667604	0.0	1.0	0.0	1.0	1.0	0.0	1.0	1.0	1.0	1.0	1.0	1.0	9.0
54500000	0.07362903639722689	0.16947761681808501	0.16470076211265255	1.4207035745602499	0.0573967594453047	0.35877827540451973	1.7505169556093196	1.1815617166692913	0.38337245540463044	0.7481359233275842	1.5561879269345615	0.7298803805836696	1.0	1.0	0.0	1.0	1.0	0.0	0.0	1.0	1.0	1.0	1.0	1.0	9.0
54600000	2.993862454678013	0.18496300882662428	1.7130052754632026	1.9162510671762765	0.07350984634912776	0.7711632891038073	0.3336898901789513	1.0291202813999496	0.4289460278354213	0.3301085652626448	2.161257385075736	0.7642340891559819	0.0	1.0	0.0	1.0	1.0	0.0	1.0	1.0	1.0	1.0	1.0	1.0	9.0
54700000	0.4566186900531216	0.1650199599198952	1.8894683935922119	1.362275770715528	0.3647737337622106	1.2778895318534347	0.16659032955605205	1.2094055472943874	0.27953820625521425	0.3381124639888096	1.2351631144981783	0.601400918642797	0.0	1.0	0.0	1.0	1.0	0.0	1.0	1.0	1.0	1.0	1.0	1.0	9.0
54800000	0.48671330291995624	0.28491126499495195	1.5357923461412213	1.0409790720239698	0.11528648573421771	0.11941690334443268	0.71364771088103	0.5390720059716919	0.07467617855559984	0.38042292602768857	2.011584324307257	0.4388408330746986	0.0	1.0	0.0	1.0	1.0	0.0	1.0	1.0	1.0	1.0	1.0	1.0	9.0
54900000	1.7141022428144808	0.6237878603287228	0.35225121481879385	2.1428175150990234	0.22235453922005105	0.06118399999034859	0.034828168796438345	1.5848611471341858	0.6255822258315676	0.7156423335010424	3.574169846585245	1.4643433366577927	0.0	1.0	0.0	1.0	1.0	0.0	1.0	1.0	1.0	1.0	1.0	1.0	9.0
55000000	0.3821215915168847	0.10973929733040468	0.700314054861018	2.259357096692247	1.742604388418375	3.357103984495435	0.7180441839129957	0.8533590482082931	0.8186869061594821	0.4364354606357474	0.11915515666777667	0.8160150167102974	0.0	1.0	0.0	1.0	1.0	0.0	1.0	1.0	0.0	1.0	1.0	0.0	7.0
55100000	0.033273571813955745	0.24212343982255474	0.3576351973629158	1.5909796431690029	2.0151998334778267	0.8910499101583051	0.6406644833765329	1.2787622352044576	1.1092809451827306	0.4155104747529895	0.12746567008676749	3.193231660333128	0.0	1.0	0.0	1.0	1.0	0.0	1.0	1.0	0.0	1.0	1.0	0.0	7.0
55200000	0.0550301507782113	0.1442116464636888	0.3799777211639962	2.3831951979169412	2.572886882395225	2.6523252884048993	0.5981350847856731	1.8343427026550425	0.988877803162059	0.5239691039884217	0.20920775393690383	2.7976408684720346	1.0	1.0	0.0	1.0	1.0	0.0	1.0	1.0	0.0	1.0	1.0	0.0	8.0
55300000	0.04965222345163609	0.2682878392531882	0.20915860638077652	1.1809271419351295	0.35523192645113844	0.8425583493183288	0.7740444181095327	0.6669128061051528	0.3999522103087587	0.5873245699127941	2.918308562120453	0.2969257266069845	0.0	1.0	0.0	1.0	1.0	0.0	1.0	1.0	1.0	1.0	1.0	1.0	9.0
55400000	0.5079243484270508	0.13764861136078604	0.7718258426619565	1.877791386898328	1.525326990652864	2.253076929398236	0.48786133488959493	0.6148015165317297	2.5514294858032467	0.47315686867139856	0.12402735532199087	2.6955727850266102	0.0	1.0	0.0	1.0	1.0	0.0	1.0	1.0	0.0	1.0	1.0	0.0	7.0
55500000	0.6299041386093208	0.16933410618139869	0.1599842190364879	1.4120639590510486	1.733030530184086	1.8798256369095678	0.7800143503392615	1.051913796997028	0.21226357872585705	0.5093515701758191	0.13734008285603574	1.0088817002593378	0.0	1.0	0.0	1.0	1.0	0.0	1.0	1.0	0.0	1.0	1.0	0.0	7.0
55600000	1.0617286307480172	0.2980910382144865	0.7347235102006892	1.5856059150646997	0.08294918373241994	1.7484567434869074	0.4794476062765172	0.9687020819401557	0.24007680902683376	0.7621855660346035	3.3664987023400617	0.6123824952659261	0.0	1.0	0.0	1.0	1.0	0.0	1.0	1.0	1.0	1.0	1.0	1.0	9.0
55700000	1.5879904510242278	0.22736000169067197	1.275354482195269	2.606663976390691	0.15854808756240774	0.03422641732454861	1.1630415332252857	1.554520176967309	0.4100720119603481	0.8331992769923123	3.1716126019243402	1.2321767582883711	0.0	1.0	0.0	1.0	1.0	1.0	1.0	1.0	0.0	1.0	1.0	1.0	9.0
55800000	0.030180611432486168	0.2765880484125693	0.7471559146302704	0.8813514783653978	0.08188381437520867	0.3785466661260754	0.6764332041233162	1.0248013743886355	0.43200468780115636	0.4368392933686567	2.499932468176772	1.0255252830193635	1.0	1.0	0.0	1.0	1.0	0.0	0.0	1.0	1.0	1.0	1.0	1.0	9.0
55900000	1.6940205859615425	0.26089081038219647	0.0563591048565949	0.9810650887791356	0.27038113569219646	3.510226422485255	0.13207028452371242	1.0954611051621859	0.20601871562185547	0.5021601709074937	2.5147418650722417	0.5439226443372897	0.0	1.0	0.0	1.0	1.0	0.0	1.0	1.0	1.0	1.0	1.0	1.0	9.0
56000000	0.08552734770294097	0.47921682083025846	2.6273333688632556	3.1487049692985174	0.8105814627011657	0.03808493889231816	0.313858681112111	2.4268465393266836	0.6181502529424673	0.8276111362152152	4.334602665844101	1.2540192331502458	0.0	1.0	0.0	1.0	1.0	1.0	1.0	1.0	1.0	1.0	1.0	1.0	10.0
56100000	0.1731407980892927	0.36288187677566325	3.3672452974245064	1.9368483380208712	0.05488363927538597	0.5674604885475603	0.8660957931552405	1.6882019320273773	0.2802911844718766	1.0808058239661449	3.1153198014263714	1.174286414686218	0.0	1.0	0.0	1.0	1.0	0.0	1.0	1.0	1.0	1.0	1.0	1.0	9.0
56200000	0.19374246515922036	0.2586545267727943	0.23241032101456394	1.7747721008900745	2.032100201308392	0.23179195926664187	0.47442213191258076	0.8512293120272701	1.8498466212311917	0.36381258907026004	0.10263380084604118	0.07937735880545904	0.0	1.0	0.0	1.0	1.0	0.0	1.0	1.0	0.0	1.0	1.0	0.0	7.0
56300000	1.4892245653564975	0.8296922458813653	0.15300490115460963	3.7584245227221764	5.247724840834644	1.011467472666448	1.562944602877674	2.39935891863817	1.5195719018604208	0.5214527592042222	0.10298805260604076	0.5109087632146202	0.0	1.0	0.0	1.0	1.0	0.0	1.0	1.0	0.0	1.0	1.0	0.0	7.0
56400000	0.19036503387462075	0.12816203421201877	0.5025119433416689	1.7752696824774457	0.17972119324033498	1.3196978621647473	0.4933945111877786	1.1933166995602928	0.5389524259131293	0.3936751742604086	3.5520398475151396	1.1604943113002812	0.0	1.0	0.0	1.0	1.0	0.0	1.0	1.0	1.0	1.0	1.0	1.0	9.0
56500000	0.1329588109033411	0.11254932225647353	0.24459469730057584	1.5809450591139649	0.0781703596123415	0.8525338278362621	1.0526652296123873	1.2157863245072529	0.43800904185794237	0.6148859268758207	2.108809231852065	0.7096323345074843	0.0	1.0	0.0	1.0	1.0	0.0	0.0	1.0	1.0	1.0	1.0	1.0	8.0
56600000	0.6292550556128849	0.36539603112751495	0.808986406025876	1.3854029858081418	0.32919121588296274	0.5299723701600069	0.8684042076713285	1.7380159792630674	0.20112597735495608	0.8965534354089637	3.3317856526539202	1.2920926461705746	0.0	1.0	0.0	1.0	1.0	0.0	1.0	1.0	1.0	1.0	1.0	1.0	9.0
56700000	2.6552319022364923	0.29682254665741287	0.09048694608877174	1.0607898261552988	0.02569370145735485	2.3900799116503233	0.36362186729908674	0.7226395638522282	0.3866507778772015	0.42168925824368686	1.8845286409274422	0.5290404655505784	0.0	1.0	0.0	1.0	1.0	0.0	1.0	1.0	1.0	1.0	1.0	1.0	9.0
56800000	0.9391450286967534	0.06959720560220865	0.33104434997026616	0.9571151213236191	1.2226301786872737	1.1720941582561162	0.26438049303284394	0.6962591564293591	0.3533679829488099	0.29297701131790665	0.09977812407408988	0.5377687317515745	0.0	1.0	0.0	1.0	1.0	0.0	1.0	1.0	0.0	1.0	1.0	0.0	7.0
56900000	0.174487785291553	0.24399808341965365	0.1946443233611594	1.2833958063218434	0.25717671517618995	0.5180938372213576	0.06836317258821142	1.6422568545891607	0.375941487310475	0.8536968409212695	2.5559074523694876	1.9330182049162519	0.0	1.0	0.0	1.0	1.0	0.0	1.0	1.0	1.0	1.0	1.0	1.0	9.0
57000000	1.4523014641649759	0.5185264265392856	0.44238166286973185	1.2992745519942868	0.08315646511559556	0.42783732683115044	0.460587624945869	1.2697597655585038	0.5617653975716115	0.5059929871631755	2.9303105324336833	1.1900162807420482	0.0	1.0	0.0	1.0	1.0	0.0	1.0	1.0	1.0	1.0	1.0	1.0	9.0
57100000	0.02413410164095	0.5294671302256	1.5951058710190218	1.803912351454153	0.19671887808187907	2.0439893985722177	0.39755865857238387	1.240566835707003	0.2549650518967634	0.5413326949957435	3.252109300521998	0.8884174790154847	1.0	1.0	0.0	1.0	1.0	0.0	1.0	1.0	1.0	1.0	1.0	1.0	10.0
57200000	0.3530943447335071	0.38484689969221775	1.0829226724709047	3.4685468937074484	0.41785096208951944	1.3952097440500695	0.9166747258849415	1.9058649568163946	0.7949043566252318	0.5572744331660632	3.9652787047270075	1.208299092121532	1.0	1.0	0.0	1.0	1.0	0.0	1.0	1.0	1.0	1.0	1.0	1.0	10.0
57300000	0.5730684960872576	0.3013867615752736	0.2930437118485014	3.199605327519064	0.4637871251609035	0.21200815802449496	0.9895493587715052	2.3858188206381854	0.105158680925931	0.6934424452798306	5.773316466173234	1.388015261370382	0.0	1.0	0.0	1.0	1.0	0.0	1.0	1.0	1.0	1.0	1.0	1.0	9.0
57400000	2.879482107194808	0.24975157568538492	2.853375154508068	1.2343705292343707	0.11960037079794994	0.4647885873989052	0.42805428508968374	0.9162678700103543	0.1988994689931689	0.3832969299759041	1.600007137203073	0.4334953773469228	0.0	1.0	0.0	1.0	1.0	0.0	1.0	1.0	1.0	1.0	1.0	1.0	9.0
57500000	0.3597726903761432	0.22229105243300534	0.5658103633119845	2.610655996854592	0.13117693687923487	0.6617357408790596	0.5088469901408749	1.2505577219822521	0.3300580634212232	0.874557424420244	4.291910086572119	0.9850100657371066	0.0	1.0	0.0	1.0	1.0	0.0	1.0	1.0	1.0	1.0	1.0	1.0	9.0
57600000	1.1360442840537142	0.22354635034068618	0.8594939292095265	1.3854355309924111	0.21438584737920474	0.5589418228699341	0.3731850068709446	1.3595662505837471	0.574268321673789	0.8884315927650054	3.3889353693163864	1.124613525075971	0.0	1.0	0.0	1.0	1.0	0.0	0.0	1.0	1.0	1.0	1.0	1.0	8.0
57700000	0.5025461189786096	0.1661810320625236	0.9318979200763351	1.8841376832151286	0.39058878844551703	0.94941360320159	0.4205942316317164	1.5209734901761605	0.15125040737761225	0.5514406526534154	2.6322524802987624	0.27794511862579974	0.0	1.0	0.0	1.0	1.0	0.0	1.0	1.0	1.0	1.0	1.0	1.0	9.0
57800000	2.505595339973066	0.29980331054844356	4.643100723269517E-4	1.645580983317336	1.954613495990642	0.8863612637702053	0.9830727882259859	0.7416158207639961	0.8570165077540588	0.2159468521005732	0.20809885217056667	0.40526025669145854	0.0	1.0	0.0	1.0	1.0	0.0	1.0	1.0	0.0	1.0	1.0	0.0	7.0
57900000	1.391667799402574	0.16614105125400613	0.8831082974238692	2.954067792339802	3.123885135458997	3.407698038090216	0.821889018367106	1.952674326090195	2.3952683966655073	0.5868515287208491	0.5144476411074691	0.6664772984750317	0.0	1.0	0.0	1.0	1.0	0.0	1.0	1.0	0.0	1.0	1.0	0.0	7.0
58000000	0.9699061264353696	0.36656158613489126	0.88707906806301	2.582395640312851	3.7596368726582243	1.1849928663745077	0.4465897541263612	1.0725168560748792	0.39044734527597996	0.5388348764975661	0.1929502258339341	0.010961982808780888	0.0	1.0	0.0	1.0	1.0	0.0	1.0	1.0	0.0	1.0	1.0	0.0	7.0
58100000	0.6669730458160551	0.28823364808449164	2.089759053523242	2.3012307952221724	4.267658994818959	0.09549129346608469	0.982549428581847	1.472532179154749	1.0686725688994962	0.5240673138627686	3.172791188418671	0.3103625445233869	0.0	1.0	0.0	1.0	1.0	0.0	1.0	1.0	0.0	1.0	0.0	1.0	7.0
58200000	0.706950756821318	0.12960349113253206	0.8247943367007289	1.4725208942634882	0.26958325179729303	0.598277582162604	0.41134004713451194	1.109171771191225	0.18562445968812766	0.6192602515103951	1.526277428688969	0.4419224615408609	0.0	1.0	0.0	1.0	1.0	0.0	1.0	1.0	1.0	1.0	1.0	1.0	9.0
58300000	0.8051175836785633	0.27132962352855	0.8006916409682765	1.456030961632943	0.20675557523367072	2.4201406696578616	0.31760794027057526	0.9601684723849505	0.36563296469721923	0.5806523459598627	2.599346734160891	0.4243082233583311	0.0	1.0	0.0	1.0	1.0	0.0	1.0	1.0	1.0	1.0	1.0	1.0	9.0
58400000	0.47647886332656963	0.18511968625205194	0.06368740228176807	0.6304358427173034	0.08991952645656957	0.35591054645080444	0.09634164055651473	0.5303968864830646	0.19777091402760105	0.37770514212534995	1.2184557988952396	0.639743774510008	0.0	1.0	0.0	1.0	1.0	0.0	1.0	1.0	1.0	1.0	1.0	1.0	9.0
58500000	1.4005348992065558	0.06763592783827214	1.5928372735772962	1.3194522923146985	1.3923283754539235	1.8052923751476002	0.2967825298411173	0.6932236359584416	0.2665082977264046	0.3942064984437943	0.08684249316804588	0.0946608752823012	0.0	1.0	0.0	1.0	1.0	0.0	1.0	1.0	0.0	1.0	1.0	0.0	7.0
58600000	0.5076442339737682	0.21489221878625767	0.12895699966088323	2.652828650822951	3.2580528650667593	0.48554644524080304	0.7952656999716622	1.4990394973938297	1.1170901750905782	0.4565495580596357	0.3617818577705405	0.4088295282547365	0.0	1.0	0.0	1.0	1.0	0.0	1.0	1.0	0.0	1.0	1.0	0.0	7.0
58700000	0.5977357157165615	0.3119175727690852	0.20448128824758824	1.14774845955401	0.09561105980520239	0.32488333909324874	0.34145082376168234	0.8451801315980618	0.27401601021393607	0.43895991721172484	2.1212442162442127	1.140932090734231	0.0	1.0	1.0	1.0	1.0	0.0	1.0	1.0	1.0	1.0	1.0	1.0	10.0
58800000	0.042905485418717436	0.1647193148695467	1.2453450066548293	1.1737308939202236	0.14496974034729226	0.37762254603842477	0.4417178621843417	0.8700632718992511	0.15349718769129506	0.5041050843536965	2.3619955517391102	0.9406729846663845	0.0	1.0	0.0	1.0	1.0	0.0	1.0	1.0	1.0	1.0	1.0	1.0	9.0
58900000	0.559975522375561	0.5671554458804139	0.34057265307593726	1.873368050230448	0.11058921099064373	1.9980864203025828	0.40232971332672657	1.4266114678155704	0.5010691815733972	0.7910535247030789	3.2488106964721744	1.0170922286221848	0.0	1.0	0.0	1.0	1.0	0.0	1.0	1.0	1.0	1.0	1.0	1.0	9.0
59000000	2.8458101651509344	0.12467452211986382	0.3112216069745733	0.41152536314036214	0.0666461140504611	0.5158233625291013	0.1237543240284479	0.3166817345898891	0.057140144547388604	0.13218815442662915	0.6473491601419935	0.3115557856669922	0.0	1.0	0.0	1.0	1.0	0.0	1.0	1.0	1.0	1.0	1.0	1.0	9.0
59100000	2.717290313517725	0.07526247200944011	0.9668768206970129	0.7224791117651094	0.03853853571258256	0.2313897149109574	0.8158809708317389	1.1005684820685815	0.13187287118038693	0.5771382599980257	1.4312037046337551	0.6579572323674213	0.0	1.0	0.0	1.0	1.0	0.0	0.0	1.0	1.0	1.0	1.0	1.0	8.0
59200000	1.8230547577983982	0.05904091802898799	0.01078426852928577	0.9168081665881834	1.3591571425827949	1.8982973937758838	0.26225305177875885	0.407880403917183	1.3059831996681606	0.20086893537278236	0.8895550892989313	0.21947941974776453	0.0	1.0	0.0	1.0	1.0	0.0	1.0	1.0	0.0	1.0	0.0	1.0	7.0
59300000	0.8369639094887361	0.6474257194773023	0.12341269380897087	3.2787423352877054	3.664243448837639	0.048612911929200885	1.2819720321565828	1.39242845500072	0.018967289752998988	0.24725704613850807	0.08268424582683893	1.775628270041008	0.0	1.0	0.0	1.0	1.0	0.0	1.0	1.0	0.0	1.0	1.0	0.0	7.0
59400000	0.11240825036364178	0.5642001019117978	1.280689070750119	3.316906039389575	0.27393020748622543	0.3748064502387982	1.166640247941395	1.434576985938695	0.3723294987112042	1.0010142019860393	3.8067051644609546	2.1535360738389193	0.0	1.0	0.0	1.0	1.0	0.0	1.0	1.0	1.0	1.0	1.0	1.0	9.0
59500000	0.08662166729673798	0.20784879641832824	1.2731293678799007	2.1351888763048175	0.44922675388606026	1.1368791994292609	0.3774390704683873	2.0429474921616433	0.6685687476014998	0.8312317101886773	3.497972104302869	1.0679630396464592	1.0	1.0	0.0	1.0	1.0	0.0	0.0	1.0	1.0	1.0	1.0	1.0	9.0
59600000	0.3216367175218705	0.08483665634829707	0.01560351044726624	1.0433499983555072	0.038531772464075915	0.7441626886916999	4.336041815633057	1.4193471550631682	0.27907467503150196	0.832782137371413	2.167911934802961	0.9666128445967893	0.0	1.0	1.0	1.0	1.0	0.0	0.0	1.0	1.0	1.0	1.0	1.0	9.0
59700000	0.1673291608547007	0.5305319875041048	0.016910107913307593	0.9352673871638257	0.13927597943543063	0.7412847545771449	3.7052336070947405	1.4008258253355375	0.4439847446769198	1.0286398336807228	1.887042394448238	1.1173718754993127	0.0	1.0	1.0	1.0	1.0	0.0	0.0	1.0	1.0	1.0	1.0	1.0	9.0
59800000	2.8033793288535223	0.16759541322445787	1.7322300121656489	0.9916417675399467	0.16137119783245457	0.07094842528956379	0.557668020224459	0.8129666021090426	0.3727625754210507	0.6160304890841345	1.8157994717910628	0.6301540403612074	0.0	1.0	0.0	1.0	1.0	0.0	1.0	1.0	0.0	1.0	1.0	1.0	8.0
59900000	0.7225748468933915	0.21444173593811772	0.0793685997922003	2.0300524349631703	0.09408182702270312	0.24574542731665677	0.6791803908444334	1.243112662191531	0.2403343348283529	1.0318002270639024	4.216121584663844	1.2575179864317025	0.0	1.0	0.0	1.0	1.0	0.0	1.0	1.0	1.0	1.0	1.0	1.0	9.0
60000000	0.11379265670029284	0.09018566930452013	0.07069291081140999	1.691541158612369	0.058222436304192444	0.04785451699988846	0.29911810846765663	0.7303802570602637	0.22547157128248788	0.391871722647947	1.8954370138070389	0.4029007203727403	0.0	1.0	0.0	1.0	1.0	0.0	1.0	1.0	1.0	1.0	1.0	1.0	9.0
60100000	0.8138531634688244	0.14866354266194004	2.2552272432056535	2.635876587198914	0.34366174668296556	0.12395666361271201	1.146192070989421	1.9247883758354845	0.41393822250721213	0.9986887857624166	3.0113055784365255	0.9401315535612221	0.0	1.0	0.0	1.0	1.0	1.0	1.0	1.0	1.0	1.0	1.0	1.0	10.0
60200000	0.10592367025380549	0.24227411352591163	0.3793497963687054	1.6880082596052655	2.053096258669903	0.36992737117794827	0.5847956136873705	1.016534329127353	1.77742265013931	0.6850381467822922	0.18502159087537406	1.497165065291741	0.0	1.0	0.0	1.0	1.0	0.0	1.0	1.0	0.0	1.0	1.0	0.0	7.0
60300000	0.9284335133997028	0.4106773535420085	0.04367986702690856	2.1305646036125268	0.23578218531846531	1.7747888782301988	0.2435582181331115	2.215624626022038	0.8889815330526604	1.1133482632791012	4.016001986033207	1.1320224478931502	0.0	1.0	0.0	1.0	1.0	0.0	0.0	1.0	1.0	1.0	1.0	1.0	8.0
60400000	0.056651579900243	0.167402933480337	0.46321417007335514	2.160723929727184	0.5363535455507156	1.062627425226532	0.9179017888309836	1.5663664307904313	0.23196494017620486	1.0303340004626471	2.4245938499356403	0.47617932698530574	0.0	1.0	0.0	1.0	1.0	0.0	1.0	1.0	1.0	1.0	1.0	1.0	9.0
60500000	1.1640295431855698	0.18113959179875944	2.3860572442530255	0.8632969020824935	0.09088033455376192	0.2321789046173896	1.0403770632955742	0.5648183465807197	0.6034215222862801	0.3103772173137296	1.809249431715715	0.6613219422903958	0.0	1.0	0.0	1.0	1.0	0.0	0.0	1.0	1.0	1.0	1.0	1.0	8.0
60600000	3.025541966669483	0.3015049939434245	1.1426905668489364	2.364189957747429	0.2972830046113594	4.69263696162758	0.6595750997059104	1.2230691095187247	0.4698453306415391	1.2973424691751483	4.183698007128412	0.8318098264573515	0.0	1.0	0.0	1.0	1.0	0.0	1.0	1.0	1.0	1.0	1.0	1.0	9.0
60700000	0.4422770411593749	0.3222653967040419	0.7455140915377784	2.9325785166676686	3.071479213073177	0.10660009142131141	0.8348703261192041	2.523071632771724	0.9769408407070143	0.31754426668801644	0.18839337199829612	0.10807534968380993	0.0	1.0	0.0	1.0	1.0	0.0	1.0	1.0	0.0	1.0	1.0	1.0	8.0
60800000	0.9850087744837289	0.10607947999364148	0.22550204524632414	0.6710234404820226	0.08597961167456743	0.5452809209179296	0.07055159558924701	0.718688200144196	0.15511929820874965	0.2870844222449091	1.2080264503210472	0.4028863337492077	0.0	1.0	0.0	1.0	1.0	0.0	1.0	1.0	1.0	1.0	1.0	1.0	9.0
60900000	1.2291144323125927	0.40643515054277835	0.23662012912833263	1.304651172055885	0.20795396687928838	0.20874662445798806	0.9881415568149675	1.4313403147171768	0.08834600085536114	0.6668233469910532	2.1722745019409615	0.9994187763520764	0.0	1.0	0.0	1.0	1.0	0.0	1.0	1.0	1.0	1.0	1.0	1.0	9.0
61000000	0.17275011844087138	0.3735113253456141	1.26692856140102	1.9185784678371811	0.2702046478777368	0.2558509401729538	0.3333028331007735	1.6340353745619158	0.45902856765141226	1.1073881643053012	3.1449299716002157	1.3379499533803816	0.0	1.0	0.0	1.0	1.0	1.0	1.0	1.0	1.0	1.0	1.0	1.0	10.0
61100000	0.9768681676238975	0.1765836588007043	1.1713756991316928	1.870159520165723	0.04308255571142353	0.021613554151301954	0.6141081842417125	1.7243890276140277	0.2204180368889105	0.7361700051204159	2.570496363308413	1.164372096207983	0.0	1.0	0.0	1.0	1.0	0.0	1.0	1.0	1.0	1.0	1.0	1.0	9.0
61200000	5.072434536535447	0.25019207443734254	0.5358579944668864	1.704831609181802	0.23159029473972023	0.6023710286895566	0.6734264661970284	0.899387401905352	0.4816609069489802	0.2452495541948148	2.4545319673196646	0.5865235654095486	0.0	1.0	0.0	1.0	1.0	0.0	1.0	1.0	1.0	1.0	1.0	1.0	9.0
61300000	1.9354344200378661	0.2355385024613355	0.4508596807261795	2.092562376374375	0.3103794827884716	0.6891073385862567	1.0325607910851053	2.0081147282027976	0.17544369941766463	1.1836093791277087	3.463006842135483	1.3002656409513904	0.0	1.0	0.0	1.0	1.0	0.0	1.0	1.0	1.0	1.0	1.0	1.0	9.0
61400000	0.036785500519641565	0.15881074684655636	1.0745468060952594	1.6735723882170932	0.38932446195203163	1.0937172766601178	0.508982787014613	1.396191699439192	0.414735675570374	1.287704599340434	2.4155578441167034	1.063276541277798	1.0	1.0	0.0	1.0	1.0	0.0	1.0	1.0	1.0	1.0	1.0	1.0	10.0
61500000	1.7674660842211845	0.4883994975970538	0.48869504542650644	2.0045478640885785	0.28993494851405355	1.663265471796659	0.9873123867985037	1.7310282795710972	0.7140836643179782	1.0313065101849876	3.1530082193004167	0.6140877244238533	0.0	1.0	0.0	1.0	1.0	0.0	1.0	1.0	1.0	1.0	1.0	1.0	9.0
61600000	3.6843706140871784	0.12760489792569468	0.5950767580027978	2.4777953482823656	0.182612729179218	1.6655565347732548	1.4782370830006384	2.024648488329118	0.27746468996994245	1.173549458990682	2.953972021210246	1.7134609839449515	0.0	1.0	0.0	1.0	1.0	0.0	1.0	1.0	1.0	1.0	1.0	1.0	9.0
61700000	1.108776412816791	0.2601206137659308	0.19831109434010136	2.174838470280265	2.819746742224608	0.2984519225671742	0.7957878155073463	0.9634454650137021	0.0035455334272733565	0.7550493172568261	0.17762020461539793	2.6301142582571946	0.0	1.0	0.0	1.0	1.0	0.0	1.0	1.0	0.0	1.0	1.0	0.0	7.0
61800000	0.09545095859277035	0.3803043626176544	0.008805541718507214	3.600270813634742	3.72680724084042	0.15111812354306386	1.0377302375198667	1.3667407257890467	0.4213367507345826	0.9459810878870911	0.4915884982176251	0.3923958876398891	0.0	1.0	1.0	1.0	1.0	0.0	1.0	1.0	0.0	1.0	1.0	0.0	8.0
61900000	0.15832711824438594	0.14234722496890442	0.1160246244275329	1.9940580641468246	0.5707492389363892	0.39961201159889825	0.821277316871368	1.1512778857383843	0.2047103252891418	0.5512902162251224	2.77354147776778	0.7598948468162009	1.0	1.0	0.0	1.0	1.0	0.0	1.0	1.0	1.0	1.0	1.0	1.0	10.0
62000000	2.0880267432321826	0.05519164889435382	0.2081864274051824	1.2879310321135158	0.07683318801792355	1.3120468207099034	0.6570074429242307	0.6526313715302084	0.5663044719619057	0.1816102288528256	1.413460586952398	0.45011904342553066	0.0	1.0	0.0	1.0	1.0	0.0	1.0	1.0	0.0	1.0	1.0	1.0	8.0
62100000	0.619197905690371	0.24632198058407842	0.19007708109211202	2.1088063060745976	0.13500802071902787	0.7052288059347196	0.8100394680481788	1.953074759923866	0.38468344095728424	0.8486454559159463	3.4009608710712897	1.4287971597096771	0.0	1.0	0.0	1.0	1.0	0.0	1.0	1.0	1.0	1.0	1.0	1.0	9.0
62200000	0.5434467900366531	0.3593723009114233	4.0027070799966555	1.905456783398039	0.5290267161670876	1.7216351565993944	0.45070092700523656	1.6980048445701479	0.44339756602906155	1.1688369652176847	3.570158295743181	0.9635083255639001	0.0	1.0	0.0	1.0	1.0	0.0	1.0	1.0	1.0	1.0	1.0	1.0	9.0
62300000	0.16523121205685387	0.06528903050347905	0.9976561129288498	1.4480315114496094	0.1457533743102511	1.8863525992420866	0.5326082481653828	0.6865249779278021	0.2271282928729853	0.29491953201645726	1.6804582839600284	0.49474387462190617	0.0	1.0	0.0	1.0	1.0	0.0	1.0	1.0	0.0	1.0	1.0	1.0	8.0
62400000	0.3958715979182504	0.2651148681346619	0.09448545601519558	3.8974305025491973	0.6338679910833953	0.02920325776224952	0.9468530907934575	2.970666666381233	0.4975209836136794	2.1919841533243667	5.182035157249941	0.6779715120929916	0.0	1.0	0.0	1.0	1.0	0.0	1.0	1.0	1.0	1.0	1.0	1.0	9.0
62500000	0.12205130815241459	0.5276828057001866	0.7150821793874962	1.8151164754969087	0.32719384286627257	0.02782221799524514	0.9717054237481196	1.4478594859441947	0.12358628503793767	0.6674185915421281	3.7895753558284153	1.0536453529372938	1.0	1.0	0.0	1.0	1.0	1.0	1.0	1.0	1.0	1.0	1.0	1.0	11.0
62600000	0.5102395873990311	0.08308968595193564	0.01182313606583221	1.5962009017898937	0.14812257408270105	0.3885555575922389	0.28458910599001525	0.9778156172192027	0.1814463454609732	0.4030334300233958	2.217974200613977	0.6756540028582042	0.0	1.0	0.0	1.0	1.0	0.0	1.0	1.0	1.0	1.0	1.0	1.0	9.0
62700000	0.01775971851008512	0.36549875901675194	0.009327454401802117	1.8913727792987842	0.47554362634442854	1.3626384612418967	0.32276724671049345	1.4175629565310133	0.5335638821969672	0.7757470989220541	3.039510481879636	0.6363015638174554	1.0	1.0	1.0	1.0	1.0	0.0	1.0	1.0	1.0	1.0	1.0	1.0	11.0
62800000	0.3384757405764342	0.1293750202495714	0.07853930273220416	2.9801515418065128	0.09045712101316607	0.2701372810418462	0.4546167869133212	2.0305218352412844	0.8407045402120841	0.36648906184887614	3.689710751306801	1.591406529239949	1.0	1.0	1.0	1.0	1.0	0.0	1.0	1.0	1.0	1.0	1.0	1.0	11.0
62900000	2.2676721063071357	0.28129051672938576	1.1755711122204535	0.8226277250922894	0.09387278690590299	1.702727521473502	1.599172247294595	0.7151385197370025	0.3207888191527692	0.6565639747496764	1.6345889801682563	1.080032541615739	0.0	1.0	0.0	1.0	1.0	0.0	0.0	1.0	1.0	1.0	1.0	1.0	8.0
63000000	0.10985557946329302	0.2514153284459772	0.47534023496531674	1.3587374621252386	0.3211863024569042	0.2272770979440822	0.8733235096873206	1.5333537364356014	0.33387347294955405	0.7617452474432296	3.027397857742086	1.3515815557486506	0.0	1.0	0.0	1.0	1.0	0.0	1.0	1.0	1.0	1.0	1.0	1.0	9.0
63100000	0.6213415326505376	0.11526818003995291	0.9522824379173984	0.56368759407475	0.18658445043625135	1.6816152993944748	0.7383952823424972	0.6819171427730227	0.33071793626590784	0.33324732440373905	1.6690026098187665	0.37112188109029215	0.0	1.0	0.0	1.0	1.0	0.0	0.0	1.0	1.0	1.0	1.0	1.0	8.0
63200000	1.071304773708494	0.2264543887112311	1.9417690746460317	1.8109986916949468	0.21069204244955322	0.48446888968120033	2.969308506640566	0.9909479396909181	0.9462843899994999	0.3409686212151409	3.6342407726888957	0.6859794701726379	0.0	1.0	0.0	1.0	1.0	0.0	0.0	1.0	1.0	1.0	1.0	1.0	8.0
63300000	1.2722176686943354	0.3174654925229904	0.34154973523152937	1.6372787056798397	0.1526997056807559	2.03249602342143	0.45084324034321244	1.571351288596523	0.25936629785257403	0.8228609773559991	2.794426976835295	0.9448123920592341	0.0	1.0	0.0	1.0	1.0	0.0	1.0	1.0	1.0	1.0	1.0	1.0	9.0
63400000	0.2382383823672367	0.29587832311920415	0.4387076321587711	2.461726764199494	0.40151374776298854	1.6531045497922983	0.3247850870103951	1.6722103070007623	0.5072365596435537	1.6214931343489318	2.7397115604145474	0.8897324539894242	0.0	1.0	0.0	1.0	1.0	0.0	1.0	1.0	1.0	1.0	1.0	1.0	9.0
63500000	0.5894148392110955	0.596669775036082	1.0609002996042924	3.0015642470880812	0.5633178848992373	0.43407813719949684	1.7690239778934724	2.065620573706699	0.7228580441355111	1.5970711545214413	4.213035494261344	1.2794665885380578	0.0	1.0	0.0	1.0	1.0	0.0	1.0	1.0	1.0	1.0	1.0	1.0	9.0
63600000	0.6733838149877291	0.5146882357134543	0.10171856497757263	1.6079316285659577	0.29741054883977025	0.3871659676210111	0.14894911549714235	1.0303066118865354	0.47756476313918517	0.49968106839644505	2.4344797394037	0.9003936618227802	0.0	1.0	0.0	1.0	1.0	0.0	1.0	1.0	1.0	1.0	1.0	1.0	9.0
63700000	0.3041311395950854	0.16224274274559514	0.1682733886857834	1.1810737151110922	0.2796619287565629	0.8559265234008216	0.7877477498352259	1.4825608783475928	0.42463609113002465	0.8219526535555672	3.0131046792477347	0.882740941978092	0.0	1.0	0.0	1.0	1.0	0.0	1.0	1.0	1.0	1.0	1.0	1.0	9.0
63800000	0.3048102320766495	0.09377154654931506	0.814497467275962	3.737922336966838	0.3792302879801581	0.02102605116123131	0.8343799998593064	2.140703309951382	0.36748884534305215	0.9490473959551253	3.983978643365154	0.3576264660692187	0.0	1.0	0.0	1.0	1.0	1.0	1.0	1.0	1.0	1.0	1.0	1.0	10.0
63900000	0.8639192733025363	0.2221877696715143	1.283719640214305	1.410009751440795	0.09458166202671983	2.456005598413701	0.02673873165029876	1.341675585488762	0.4713414261591061	1.6243654159466496	2.300647449582466	0.9657157309128354	0.0	1.0	0.0	1.0	1.0	0.0	0.0	1.0	1.0	1.0	1.0	1.0	8.0
64000000	0.7163865170815096	0.242996716904816	1.0195907613697204	0.8656884923133716	0.09949946383466482	0.8078852977539153	0.4205924986253839	0.8038778146462632	0.10764013466955855	0.27109061910614485	1.6638255421217056	0.3579899784255942	0.0	1.0	0.0	1.0	1.0	0.0	1.0	1.0	1.0	1.0	1.0	1.0	9.0
64100000	0.1444328381819607	0.21506359296107272	2.0698156614284686	1.0190549473865111	0.10071693622648993	0.06492598741021423	0.2960506540111922	1.0219151117712113	0.08127539758973522	0.13035351158685424	1.9278680112863649	0.5525604848265692	0.0	1.0	0.0	1.0	1.0	0.0	1.0	1.0	1.0	1.0	1.0	1.0	9.0
64200000	0.20130085932281852	0.5492048363163895	0.0970080471464099	2.468147931053929	0.47856333029747467	0.8479954827024924	0.4592606385727048	2.019032938081738	0.15800164208277198	0.8415494155969274	4.846513098183754	1.727827312925117	1.0	1.0	0.0	1.0	1.0	0.0	1.0	1.0	1.0	1.0	1.0	1.0	10.0
64300000	1.2767864542938507	0.20883769096395527	1.004505859887195	1.276382364930181	0.11965419564891526	0.2660786241822533	0.4128597764578749	0.8703576716845736	0.2911612974047008	0.37968665757027303	2.3126882210162893	0.8105736604953926	0.0	1.0	0.0	1.0	1.0	0.0	1.0	1.0	1.0	1.0	1.0	1.0	9.0
64400000	2.229094992818141	0.5719948725581696	1.0661245080739055	3.038726737791333	0.5094375554456634	0.0034474489156352288	1.731006406420659	2.582047493782247	1.0141006980588652	1.0178353014847483	5.852570686575895	1.8773674545405254	0.0	1.0	0.0	1.0	1.0	1.0	1.0	1.0	1.0	1.0	1.0	1.0	10.0
64500000	0.644693151740114	0.2813401981204773	0.22211476483398723	1.4061006720623481	0.04681291538996953	0.4404905555043657	0.6629186583447217	1.1810738865342116	0.37343808550732666	0.7624362790182218	2.773880288783183	1.2213583979613554	0.0	1.0	0.0	1.0	1.0	0.0	1.0	1.0	1.0	1.0	1.0	1.0	9.0
64600000	0.757189908937498	0.24190140973696886	1.0202992048301518	1.4110314756092017	0.2152608393233682	1.5363210931647575	0.2697656327468905	1.1106776281491062	0.23223455204145635	0.17880784411442707	2.5237488351336728	0.7593321700028739	0.0	1.0	0.0	1.0	1.0	0.0	1.0	1.0	1.0	1.0	1.0	1.0	9.0
64700000	0.659867353709253	0.17107166867032383	1.3070039526331652	0.7938600147452768	0.10375952331567904	0.14129577135832785	0.3382969389733087	0.7190427586800775	0.3924688995708174	0.5286400474916452	2.084038525217293	0.6050173057617333	0.0	1.0	0.0	1.0	1.0	0.0	1.0	1.0	1.0	1.0	1.0	1.0	9.0
64800000	0.050773197450962905	0.13293472568748593	1.514168875096243	1.8270612490494993	0.29653034687489804	0.4088833708547808	0.4172717364083249	1.4878670394413207	0.7078920179786067	0.6119224581317015	3.8252471786182607	0.8859029548340764	1.0	1.0	0.0	1.0	1.0	0.0	1.0	1.0	1.0	1.0	1.0	1.0	10.0
64900000	2.2155032323650534	0.16110782974565924	0.19011614010902983	0.6888642468479804	0.27547846274118637	1.2645078269096686	0.2595565615742593	1.0119361712561348	0.038519775959800114	0.2512524518327973	1.267636169058813	0.6057749098618286	0.0	1.0	0.0	1.0	1.0	0.0	1.0	1.0	1.0	1.0	1.0	1.0	9.0
65000000	0.28042715797352485	0.26035004993465877	0.01966899037284549	1.605734202007084	0.2290923136525601	0.3578817113700881	0.3807662498205333	1.088215683331449	0.3110243627485237	0.5929790759020983	2.0593629915554343	0.6548698340207569	0.0	1.0	1.0	1.0	1.0	0.0	1.0	1.0	1.0	1.0	1.0	1.0	10.0
65100000	1.0104856171048506	0.13237423542958995	1.7432837614735956	1.460282722448289	0.11288641094562236	0.8111345369167432	0.5602213381484821	1.4848343751273025	0.46354481224984506	0.8256200557216833	2.563676156970922	1.012108598880052	0.0	1.0	0.0	1.0	1.0	0.0	1.0	1.0	1.0	1.0	1.0	1.0	9.0
65200000	0.16041744361951338	0.2652039954080021	1.0981361044215718	2.9676649611688433	0.23749401178668728	1.577175970088257	1.0622182972916119	1.4465303789820279	0.04613794815132129	0.3999875810687443	3.2115592672205806	0.7730276318632258	0.0	1.0	0.0	1.0	1.0	0.0	1.0	1.0	0.0	1.0	1.0	1.0	8.0
65300000	0.5863842789717505	0.36098263576991896	0.07940039934820653	2.094578439354204	0.1279739542621074	1.9825192003748124	0.388080294417744	1.2740704360080513	0.7195593638987444	0.9233899518062366	3.8013156228044824	0.747581226920654	0.0	1.0	0.0	1.0	1.0	0.0	0.0	1.0	1.0	1.0	1.0	1.0	8.0
65400000	0.2631625134130949	0.20400441398518973	2.4039238830972627	1.4716582868067423	0.16873266735606235	1.602060949305109	0.4274746332541898	0.7257700793823545	0.06312361605105744	0.12735645113190558	1.4208966599121635	0.22347497324868798	0.0	1.0	0.0	1.0	1.0	0.0	1.0	1.0	1.0	1.0	1.0	1.0	9.0
65500000	1.0460376504211482	0.13572642878681213	1.528228685741915	2.042250779278142	0.1693531548650581	1.1658647444685208	0.3654034567360083	0.8492018612408024	0.16814323667680373	0.5961256001719382	3.0243547922571024	0.7459341331693558	0.0	1.0	0.0	1.0	1.0	0.0	1.0	1.0	1.0	1.0	1.0	1.0	9.0
65600000	0.368070443875545	0.29675879960388785	0.19476050951494042	1.8422731331528832	0.25263920000968515	0.0610750489160053	0.44449637760764604	1.6769974652277828	0.2537775330680064	0.5549107438834552	3.2153867345987446	1.133615937971415	0.0	1.0	0.0	1.0	1.0	1.0	1.0	1.0	1.0	1.0	1.0	1.0	10.0
65700000	0.14230756190643218	0.5058509816561548	0.2785680268599999	3.0721183900523936	2.8248668059409807	0.8888939305337284	0.7943558633279456	1.7512255164108943	1.881655740976032	0.8409865322650575	0.21285999344056972	0.4650128836464039	0.0	1.0	0.0	1.0	1.0	0.0	1.0	1.0	0.0	1.0	1.0	1.0	8.0
65800000	0.1327692405736392	0.40620644670681	0.09529473759644545	2.180065378958746	0.12327711654892554	0.04020812034175312	0.4424363911659854	0.9690129119958251	0.2863915752149137	0.4973697464020102	2.4158041335684524	0.8377828375421075	0.0	1.0	0.0	1.0	1.0	1.0	1.0	1.0	1.0	1.0	1.0	1.0	10.0
65900000	0.4178348497630948	0.24426860448493487	0.26473367118124524	1.8374064773917946	0.3777166252061565	3.7516975942052655	1.000469449191246	1.5740384956683748	0.2447250038827405	1.168620630935931	3.2624262761571527	0.643052559660479	0.0	1.0	0.0	1.0	1.0	0.0	1.0	1.0	1.0	1.0	1.0	1.0	9.0
66000000	1.3805391272101437	0.5076307676318003	0.25053590036397927	2.7502082444291807	0.6001316035480933	1.7377863538758223	0.8469579587113808	1.5552770420003825	0.5621194777975852	0.7466559705587866	4.720571295566917	1.1142811890036641	0.0	1.0	0.0	1.0	1.0	0.0	1.0	1.0	1.0	1.0	1.0	1.0	9.0
66100000	0.6671004601276367	0.2379169740297097	0.7234815926789496	1.47890455882067	0.33821313407048487	0.009384461422716555	0.4257237740522542	0.8746228943972739	0.058154136795625616	0.2733344475614123	1.6965538663418873	0.543303852549977	0.0	1.0	0.0	1.0	1.0	0.0	1.0	1.0	1.0	1.0	1.0	1.0	9.0
66200000	0.10093604742080985	0.2841600330296532	0.9773777056767786	2.5004800057379875	0.13162956071673884	1.4746855002064458	0.8584816948146923	2.4625537308176106	0.8292062639489691	1.1607944024194503	3.427608337456325	1.4829505807507077	0.0	1.0	0.0	1.0	1.0	0.0	1.0	1.0	1.0	1.0	1.0	1.0	9.0
66300000	0.8110507042339564	0.22334076412572992	2.8928859976322188	2.228569253107331	0.40669593104325863	0.744347788653111	0.5308601770531534	1.7065305736280676	0.11096319285368698	0.6835417391378904	2.380193666571998	0.6950812556708672	0.0	1.0	0.0	1.0	1.0	0.0	1.0	1.0	1.0	1.0	1.0	1.0	9.0
66400000	1.1029326319236825	0.3448960748009432	0.053265222097498295	1.965388622762599	0.19467418752069363	0.68853294986523	0.37635162708588465	1.400747655040558	0.5582518469173255	0.8759298698545195	3.606763291313633	1.7958637588917463	0.0	1.0	0.0	1.0	1.0	0.0	0.0	1.0	1.0	1.0	1.0	1.0	8.0
66500000	0.27091812744839744	0.06560861729631802	0.12808998629306217	1.4472513058648422	0.18851693576736667	1.1712465028351147	0.12311292919432429	1.4575744917757238	0.9851487929342538	0.8545081105375251	2.325005465396383	0.8377618569792922	1.0	1.0	0.0	1.0	1.0	0.0	1.0	1.0	1.0	1.0	1.0	1.0	10.0
66600000	0.36213451962286	0.4638876233521488	5.315749326303589	1.9493667287337502	0.5830117713265366	1.4468120732980219	0.3542148589275013	1.2589561948169457	0.3004659157459619	0.5688709281941308	2.7875008337411358	0.4053401667506803	0.0	1.0	0.0	1.0	1.0	0.0	1.0	1.0	1.0	1.0	1.0	1.0	9.0
66700000	0.1403408394272005	0.6154466076333857	0.5821155767965583	1.7561998380377264	0.23050840289708638	3.7412864056657282	0.4580389072760756	1.3605726432771708	0.9406976252464705	0.9509667054972796	2.9441105526810682	1.4335881668397374	1.0	1.0	0.0	1.0	1.0	0.0	0.0	1.0	1.0	1.0	1.0	1.0	9.0
66800000	0.872110522353427	0.21581443773038694	2.511293123825729	1.7358370393553872	0.14079266088341244	0.32379247939071704	0.5369417982493677	1.3381148750593097	0.3731359318907035	0.4184342031136252	2.2447101491410133	0.6518455116641432	0.0	1.0	0.0	1.0	1.0	0.0	1.0	1.0	1.0	1.0	1.0	1.0	9.0
66900000	0.4059604859529349	0.26054630089843533	0.02942845540186929	1.2615316829548757	0.13159452769864408	0.8569542064568014	0.2715806960212451	0.7821903164157619	0.17639652689203159	0.6386141334376083	1.6456143588716796	0.7422977371734442	0.0	1.0	0.0	1.0	1.0	0.0	1.0	1.0	1.0	1.0	1.0	1.0	9.0
67000000	0.5755948675803596	0.10872885733141899	0.009686007007677255	1.2915771289340023	0.22312936962074986	0.2557809363000908	0.44931889589592416	0.5976128784137835	0.33245595683729084	0.3977285611849034	1.6202209857281218	0.27735960657941083	0.0	1.0	1.0	1.0	1.0	0.0	1.0	1.0	1.0	1.0	1.0	1.0	10.0
67100000	0.19645416959949205	0.14169418752660365	0.10531840569151149	1.086849023653437	0.23234115036090872	0.1525313575207783	0.4293498315936227	0.8680893176281386	0.4703305509647103	0.38468529989849604	1.6902205000987995	0.4075504177313807	0.0	1.0	0.0	1.0	1.0	0.0	1.0	1.0	1.0	1.0	1.0	1.0	9.0
67200000	0.31302481971367335	0.18237993340337352	0.42066864611989435	2.65817276913835	0.7602606359785989	2.032784093237921	0.8185987327469944	1.843042706072046	0.29875131015084416	1.0816628334168914	3.7226074813400443	1.5988821112657126	0.0	1.0	0.0	1.0	1.0	0.0	1.0	1.0	1.0	1.0	1.0	1.0	9.0
67300000	0.6916822204754374	0.06101030468504353	0.9271007278795279	0.8137099430562467	0.05055629356354315	0.5070570684068502	1.689121985757669	0.5503399011746579	0.24127146650364106	0.1922095000493375	1.3623505585613922	0.33608993132167014	0.0	1.0	0.0	1.0	1.0	0.0	0.0	1.0	1.0	1.0	1.0	1.0	8.0
67400000	0.35842573668707295	0.18720659711141843	3.324799273288764	0.37292495848590984	0.09819158660005942	0.7473651871935306	0.9256408242651785	0.5913639512702805	0.3756071658656343	0.37142784733183204	1.2675391214240548	0.40063711379176203	0.0	1.0	0.0	1.0	1.0	0.0	0.0	1.0	1.0	1.0	1.0	1.0	8.0
67500000	0.6218936764433102	0.28789272117518416	1.2207806260813365	0.9347607314751829	0.13055028235382268	4.539437187899963	0.06762027154250926	0.8475343098615326	0.340185487031897	0.3215469320803198	1.9233106662639416	0.9777495234506515	0.0	1.0	0.0	1.0	1.0	0.0	1.0	1.0	1.0	1.0	1.0	1.0	9.0
67600000	0.0216018953939849	0.17992462789198543	1.667136516714868	1.0456113496433102	0.15789111092102162	0.8139151694192428	0.2744730646642276	1.0318974305826611	0.22654034045445512	0.2934637412234983	1.5874821874261238	0.4547412491522937	1.0	1.0	0.0	1.0	1.0	0.0	1.0	1.0	1.0	1.0	1.0	1.0	10.0
67700000	2.233433601442237E-4	0.4126026378379437	0.016544580300321247	1.7593757955351916	0.23524835095774244	0.0859177850218514	0.4584378272661747	1.7336697324080472	0.7872912715171422	1.0786249996804602	4.107610898635636	0.9776323341218295	1.0	1.0	1.0	1.0	1.0	1.0	1.0	1.0	1.0	1.0	1.0	1.0	12.0
67800000	0.16444298311363276	0.1225152322698651	0.2743425414426967	1.0415441798774483	0.052013722718708515	1.349254554109493	0.8513489171588342	0.7737022482018228	0.30855063226597157	0.3784094755955473	1.5163151578478529	0.45965876825397184	0.0	1.0	0.0	1.0	1.0	0.0	0.0	1.0	1.0	1.0	1.0	1.0	8.0
67900000	2.2793737338210365	0.3373244855040207	0.675233197426662	3.361605753223613	0.26771842395557655	0.15106290146222265	0.933736692278324	1.1500521255533012	0.13486229879097789	0.5646347361719424	3.069804609969346	0.5662434054076729	0.0	1.0	0.0	1.0	1.0	0.0	1.0	1.0	1.0	1.0	1.0	1.0	9.0
68000000	1.838829101567678E-4	0.3268477260602057	0.7063164156191997	1.6226480255606714	1.4100871335752816	1.085123800860114	0.43093298050841466	0.7308509676686136	2.2997612288905516	0.333076713590086	0.13809676901869397	0.2513882652162616	0.0	1.0	0.0	1.0	1.0	0.0	1.0	1.0	0.0	1.0	1.0	0.0	7.0
68100000	0.10047300520957157	0.31509729533978287	1.4101432723437262	2.4504832835219137	4.3266266671142	3.304750982949494	0.9868005823821928	1.8922462439044325	2.0381532003399223	0.6187798013101221	0.14713039550968282	0.25364808606626144	0.0	1.0	0.0	1.0	1.0	0.0	1.0	1.0	0.0	1.0	1.0	0.0	7.0
68200000	2.5990851475924233	0.310714712039552	0.3504604925450247	1.3965825240758618	0.09009418477802283	0.3478581745413754	1.5973913895246334	1.9613208826675679	0.6744341044422222	1.1553963589787553	2.736966023296631	1.743273961005402	0.0	1.0	0.0	1.0	1.0	0.0	0.0	1.0	1.0	1.0	1.0	1.0	8.0
68300000	0.5627327172840693	0.23405132501226256	0.0784516636632105	2.1950956435178655	0.3008070610651031	1.756762878839669	1.1087100705547133	1.7322678611102809	0.0762265686881642	0.6856806307211697	3.625059635336444	0.9805615973956553	0.0	1.0	0.0	1.0	1.0	0.0	1.0	1.0	1.0	1.0	1.0	1.0	9.0
68400000	2.295307567580492	0.48723973248681507	1.7108597073639782	2.791993353639899	0.3436328104194346	2.981625205157447	0.8036125323122755	1.4286416666250352	0.26451044749114816	0.9756670484791724	2.893703621596756	1.1760553487828367	0.0	1.0	0.0	1.0	1.0	0.0	1.0	1.0	1.0	1.0	1.0	1.0	9.0
68500000	1.3868503206175051	0.17630532155401482	0.8892170227701982	1.47942189645294	0.24359214403435903	0.08701234333872192	0.798722759337782	0.8824917723741058	0.38074737071724696	1.161309934317021	2.6461372096480313	1.0405037725645405	0.0	1.0	0.0	1.0	1.0	0.0	1.0	1.0	1.0	1.0	1.0	1.0	9.0
68600000	0.0993891668132369	0.0771020472964157	0.2687184723388497	1.0085539718835441	0.1355626916264536	0.0036592834512887873	0.05575444563279005	0.8454577345924646	0.4277104583077076	0.5902259480697715	1.748215634502007	0.870622806031232	0.0	1.0	0.0	1.0	1.0	0.0	0.0	1.0	1.0	1.0	1.0	1.0	8.0
68700000	0.056762454239423624	0.7348171121836472	1.2187744647125398	2.307768512001229	0.3988152168280113	0.11129755815261266	2.0268773522844405	1.5832214220611522	1.115854419566078	0.3324162757915574	4.751668171364299	1.4510793621552782	1.0	1.0	0.0	1.0	1.0	0.0	0.0	1.0	1.0	1.0	1.0	1.0	9.0
68800000	0.06129837497502687	0.2896826840288186	3.1704990643139483	2.339386590647849	0.065449721599576	0.12112662025136836	0.6484823959464852	1.0971452256254912	0.3470020761809763	0.707815083285085	3.3054547212844616	1.4233752054529085	0.0	1.0	0.0	1.0	1.0	1.0	1.0	1.0	1.0	1.0	1.0	1.0	10.0
68900000	0.2212939518428966	0.8700371796515419	0.20013805768772608	2.084574781928987	0.2193421009299918	1.0147015652089562	0.36347912396326704	1.9949316533562875	0.8091607440735912	0.9459272754220682	3.43555503177891	1.471690430298338	1.0	1.0	0.0	1.0	1.0	0.0	0.0	1.0	1.0	1.0	1.0	1.0	9.0
69000000	0.9833666574984955	0.32476375969116567	1.4012802464409673	0.8207656006210831	0.11040970267058123	0.17257725047580058	0.3990331931907825	1.1251763328696749	0.482147953275497	0.6301761623692448	2.415347434085078	1.0766651631719053	0.0	1.0	0.0	1.0	1.0	0.0	0.0	1.0	1.0	1.0	1.0	1.0	8.0
69100000	2.25468710558755	0.11774746302021986	1.1306820182745483	1.4841654446645256	0.12060080392738547	0.1946065139357811	1.0302935542554679	0.8560366046778017	0.16321033412790284	0.4398135793697093	2.8422711970821406	0.9041292592461593	0.0	1.0	0.0	1.0	1.0	0.0	1.0	1.0	1.0	1.0	1.0	1.0	9.0
69200000	0.2888913795007374	0.1897424499176007	1.2525709752058736	1.1598540345455361	0.1893912403062106	3.7635589927473037	0.5246041338575802	1.678420780457647	0.5217990592430963	0.7538497165411003	2.283928090383328	1.4364035740760974	0.0	1.0	0.0	1.0	1.0	0.0	1.0	1.0	1.0	1.0	1.0	1.0	9.0
69300000	0.04906041628351323	0.3516326889832052	1.882503657276069	2.624371902760839	0.3361463248683203	0.603205307790932	0.7158194901613701	1.6069147468225702	0.7157865898997304	0.8143110767178431	3.4221654348623285	0.9589333070358974	1.0	1.0	0.0	1.0	1.0	0.0	1.0	1.0	1.0	1.0	1.0	1.0	10.0
69400000	0.3911472391235384	0.32182122109034966	2.1943007503192686	1.3993582550761743	0.11407605608382711	3.40336891664509	2.3955203126170375	1.3877156645577515	0.3694895594527124	0.9119588622320295	3.294513168696294	0.8909596465897941	0.0	1.0	0.0	1.0	1.0	0.0	0.0	1.0	1.0	1.0	1.0	1.0	8.0
69500000	0.44052857393767236	0.22498107201558312	0.26246079972361525	1.6709563837930674	0.05443316572293534	0.9378599584270438	0.6632273485736802	1.097864137003195	0.32854678953475513	0.6797939809361986	2.6135340471665076	0.7952935725939845	0.0	1.0	0.0	1.0	1.0	0.0	1.0	1.0	0.0	1.0	1.0	1.0	8.0
69600000	0.828026116530711	0.36965107308666145	0.38459307048990593	1.2239740838992592	0.5569102480497816	1.1194274407730356	2.070271973665232	1.4690889728159855	0.44279865052515244	0.8030633622510861	2.617855361493495	1.6710573326483742	0.0	1.0	0.0	1.0	1.0	0.0	0.0	1.0	1.0	1.0	1.0	1.0	8.0
69700000	0.4663160769392854	0.47576519934582884	1.1526067732537937	1.5074443849426737	0.21211829105742266	0.6068214028998555	0.2237131524386847	1.9619083277677722	0.6867566818084168	0.42416457253363465	3.5358830951307008	0.9769774315917574	0.0	1.0	0.0	1.0	1.0	0.0	1.0	1.0	1.0	1.0	1.0	1.0	9.0
69800000	3.763881654502567	0.396211309913234	0.12975511545578755	1.3588202018320967	2.2013878063484658	0.032578967099187686	0.8086225585701292	0.7508914979412774	0.9508936979616485	0.3959693855420601	0.0675485971798389	0.06516354836843116	0.0	1.0	0.0	1.0	1.0	0.0	1.0	1.0	0.0	1.0	1.0	1.0	8.0
69900000	0.8279688475192734	0.1855257536222001	0.78292760040719	2.0797896804461917	3.0549471873102307	0.33536336606826606	0.8027530935032279	1.0129683741363253	0.02386478393060875	0.6269215325677938	0.09022531381545823	0.10077563546298338	0.0	1.0	0.0	1.0	1.0	0.0	1.0	1.0	1.0	1.0	0.0	0.0	7.0
70000000	2.733218314879037	0.3051879775957739	2.030008349153826	3.0373509811425285	3.4271169166315074	2.446195851160277	0.9362736755232429	1.986072715411515	0.6235263169332752	0.42370121137868477	0.48851485131971495	0.05653940136075006	0.0	1.0	0.0	1.0	1.0	0.0	1.0	1.0	0.0	1.0	1.0	0.0	7.0
70100000	0.3382454764835928	0.15890463165093038	0.7743688844669127	1.440469129241676	1.5958574044966582	0.9705873053831134	0.7951134137685294	0.5928834782329819	0.3669269472898459	0.12411788870529697	0.1373191462035129	0.20513086666103034	0.0	1.0	0.0	1.0	1.0	0.0	1.0	1.0	0.0	1.0	1.0	1.0	8.0
70200000	1.9360036164153145	0.13686087010823064	1.085520918777623	1.0623731693733645	1.1925875016660925	0.3676632537977942	0.20910384917695873	0.7687811931417556	0.3927163010612832	0.44752994061193807	0.09802014655559638	1.4633672799830342	0.0	1.0	0.0	1.0	1.0	0.0	1.0	1.0	0.0	1.0	1.0	0.0	7.0
70300000	1.533396444697551	0.27564239743617674	3.341203917848514	1.7734605324314672	0.11479663506245286	0.052076338423518824	0.3823777063964036	2.332372561660758	0.2856439205578263	0.8857757710911214	3.7533557682064704	1.2790996749682135	0.0	1.0	0.0	1.0	1.0	0.0	1.0	1.0	1.0	1.0	1.0	1.0	9.0
70400000	1.670412454953233	0.10894489171000911	0.31395716681543906	0.8887686209877727	0.15267883150715253	0.04966782145324027	0.43668524768889544	0.8139173285630883	0.10379483691596444	0.3700238597166644	1.580965830704109	0.6858435791291552	0.0	1.0	0.0	1.0	1.0	0.0	1.0	1.0	1.0	1.0	1.0	1.0	9.0
70500000	0.566695570149333	0.22729208344806515	0.7110756579261032	0.8722595763219649	0.1788935468592893	0.12510628063934603	0.27558955323881335	0.6929575367908765	0.03968035637579085	0.41331668063165444	1.410518001737394	0.6068326383256512	0.0	1.0	0.0	1.0	1.0	0.0	1.0	1.0	1.0	1.0	1.0	1.0	9.0
70600000	1.3484181830614344	0.13819029503443583	0.03258807303323429	2.8116715261966494	3.529207813591593	0.2662145668810939	0.44095549293550035	1.7266401243678295	1.2138658149210368	1.0307128262083978	0.2293420888275691	0.719197269814576	0.0	1.0	0.0	1.0	1.0	0.0	1.0	1.0	0.0	1.0	1.0	0.0	7.0
70700000	0.11835445141507706	0.3034686642666981	1.543911499965298	2.4141811256332	0.22307281115817043	2.1033183331682697	0.8980351418767601	1.9036784079246287	0.41496108597127923	1.0566410997263855	4.504739006560357	1.2929390357738069	1.0	1.0	0.0	1.0	1.0	0.0	1.0	1.0	1.0	1.0	1.0	1.0	10.0
70800000	1.39412798911552	0.1044855048589656	0.18753029823546483	0.8308218342061767	0.11820529469973057	0.48340102422540143	0.7968552629480724	0.6273135517413087	0.38448635652884683	0.2577325946311131	1.2917494827886997	0.6981902204220746	0.0	1.0	0.0	1.0	1.0	0.0	0.0	1.0	1.0	1.0	1.0	1.0	8.0
70900000	0.30377545974979125	0.13393407181446773	0.0507709282426883	1.5182629716536082	0.21751213543522738	0.0710571554419604	0.45282125283403224	0.8806784443407203	0.22505546454671796	0.788130573042945	2.1131066822970066	1.445910802538991	0.0	1.0	1.0	1.0	1.0	0.0	1.0	1.0	1.0	1.0	1.0	1.0	10.0
71000000	1.3726257888474118	0.35724141217959443	0.32630066582150213	1.7616199999657756	0.3233435490286797	1.2317742806850946	0.6307951888560497	1.613436170852542	0.5104854508842157	0.8315407560091078	3.133200299428296	1.3607455952513514	0.0	1.0	0.0	1.0	1.0	0.0	1.0	1.0	1.0	1.0	1.0	1.0	9.0
71100000	3.448400876085126	0.11059869714330824	0.460857385567111	1.1417180435780465	0.1516789144489434	0.05940492313092919	0.2543886552464732	0.9728297795280153	0.13062872469055162	0.32757794952431524	1.7631614105453366	0.6151641918228181	0.0	1.0	0.0	1.0	1.0	0.0	1.0	1.0	1.0	1.0	1.0	1.0	9.0
71200000	0.365440269515063	0.4006259743324088	0.9103107856763737	2.6094057473122105	0.2586303615834488	0.4011874031709602	1.0335677159230663	1.5915608020065728	0.5944907706332624	0.8330964352197595	4.6423507237876205	1.2438226108756887	0.0	1.0	0.0	1.0	1.0	0.0	1.0	1.0	1.0	1.0	1.0	1.0	9.0
71300000	1.935658711486763	0.3098810456219533	0.18913175922518066	2.5211045217453067	0.27990076243427475	2.9291134492638173	0.5637100051507066	1.9827189184518925	0.3955923180825847	1.2696248542236686	3.932740259510168	0.972311221892546	0.0	1.0	0.0	1.0	1.0	0.0	1.0	1.0	1.0	1.0	1.0	1.0	9.0
71400000	0.2949300223532586	0.5354908500239915	1.1901154115708579	3.011283116054595	0.4932551100773154	1.1375420978232618	1.266877313368466	2.5113470704504564	0.45370273584341264	1.1856952418930076	5.460504123193313	1.2405376854677024	0.0	1.0	0.0	1.0	1.0	0.0	1.0	1.0	1.0	1.0	1.0	1.0	9.0
71500000	1.7198474824426033	0.10819575901146598	2.3880017035762884	1.5122852126149213	1.7386115286076556	0.012683805466015465	0.48100057039631394	1.032394987008864	0.1652004568449637	0.24407650599709285	0.11326074218212298	0.2475583729100789	0.0	1.0	0.0	1.0	1.0	0.0	1.0	1.0	0.0	1.0	1.0	0.0	7.0
71600000	2.0836372759682353	0.2719035786055182	0.06736516217177706	3.7108872912273116	3.544962978866795	0.3433496808100995	1.3098217791081814	2.3365460495665795	0.6353667611617719	0.8439752078652079	0.3835634641366804	0.10423795579784564	0.0	1.0	0.0	1.0	1.0	0.0	1.0	1.0	0.0	1.0	1.0	0.0	7.0
71700000	0.6833106271854985	0.24116620066071331	1.4042464422028276	1.903393680322444	2.1670647031997956	0.7360738037471801	0.5034138660954812	0.9320447495836351	1.0492262691273015	0.31807328634868026	0.1338100150627352	0.6046076038704262	0.0	1.0	0.0	1.0	1.0	0.0	1.0	1.0	0.0	1.0	1.0	0.0	7.0
71800000	1.0649569549325355	0.3958705050948206	4.2703059079766446	3.7427032178391486	4.3295430684651	0.6368889217444526	0.9010034218345705	2.0574413179935687	0.5790402950926838	0.8191069441392635	0.518657654387911	0.6614424011874045	0.0	1.0	0.0	1.0	1.0	0.0	1.0	1.0	0.0	1.0	1.0	0.0	7.0
71900000	1.9113058636043767	0.17780155460543287	1.662837656439965	1.236819601767145	0.09206518393948333	3.2362518416006196	1.0157268183829598	1.5492099227314788	0.34395665850465007	0.5019130352775948	2.216593679991282	0.7932000094819194	0.0	1.0	0.0	1.0	1.0	0.0	0.0	1.0	1.0	1.0	1.0	1.0	8.0
72000000	0.26727594792716924	0.2005491794854874	1.9096747379609125	2.3318524148353768	0.4281304257500391	0.5513503113743294	0.5661087445521484	1.5805288451895108	0.5414226741394261	0.4474527264303036	3.305881087869099	0.4857514388486381	0.0	1.0	0.0	1.0	1.0	0.0	1.0	1.0	1.0	1.0	1.0	1.0	9.0
72100000	0.6330962380203641	0.3578077385175486	1.18006868028965	2.0243150367816214	3.300370249676357	0.3446668551902187	0.8609170744785614	1.7975132291154772	2.0225742839035905	0.40641562873461623	0.11623443643021553	0.3561976004080251	0.0	1.0	0.0	1.0	1.0	0.0	1.0	1.0	0.0	1.0	1.0	0.0	7.0
72200000	0.07056225036503541	0.10159955525587624	0.694847174932467	1.103892724506656	1.4938602578004914	2.3503398104637334	0.2691692358787347	0.41777302902970465	2.328285423502972	0.13253860503994983	0.02092931232328364	0.28864334075778364	0.0	1.0	0.0	1.0	1.0	0.0	1.0	1.0	0.0	1.0	1.0	0.0	7.0
72300000	0.6064375752992658	0.2171229555834534	0.4772395465266767	0.7432838573947533	0.17671830939701919	0.04612992334995777	1.3796574145720406	1.033921720358708	0.5628927171085567	0.5344632596644107	1.8993017867222122	0.8189834469701722	0.0	1.0	0.0	1.0	1.0	0.0	0.0	1.0	1.0	1.0	1.0	1.0	8.0
72400000	0.8556312205495848	0.43595948671178303	0.06451463870954287	2.680789158407768	0.1495029015555635	0.8140255303603093	1.4375714614729702	1.5836346975298907	0.5556005137368283	0.7233125043669453	4.392499096816956	1.4901822764312875	0.0	1.0	0.0	1.0	1.0	0.0	1.0	1.0	1.0	1.0	1.0	1.0	9.0
72500000	0.8862404986711303	0.13990691155280255	4.425138247048532	2.951711090861234	0.2998346348987723	0.7897562325665162	1.2292033603299608	2.2425765070342343	0.1511844021260008	0.6037735191388323	3.719199811041342	0.9599305440466731	0.0	1.0	0.0	1.0	1.0	0.0	1.0	1.0	1.0	1.0	1.0	1.0	9.0
72600000	0.5497087499224748	0.19931026941529	1.1465307754508478	1.2691537175709486	0.08675506265950667	0.882904257663401	0.549387640060211	1.2273226971288884	0.20412523149857467	0.9138538688504999	2.155713966819626	0.6979410116525968	0.0	1.0	0.0	1.0	1.0	0.0	1.0	1.0	1.0	1.0	1.0	1.0	9.0
72700000	0.1080409518661827	0.10697309820651957	2.483029187156554	1.3045112095464737	1.3649507045432125	0.5205980946297549	0.28676608617462723	0.6695739844363557	0.045299238655732724	0.23373136748911438	0.21868320628794025	1.9164411449361936	0.0	1.0	0.0	1.0	1.0	0.0	1.0	1.0	1.0	1.0	1.0	0.0	8.0
72800000	1.3598586983157661	0.08394606159289027	3.1328748639553003	1.804403110330883	2.7015008519673223	1.7339863876183017	0.5067100783659018	1.3304383443540386	0.6456166212054454	0.45707227232218056	0.18293731959404033	0.10883397897211525	0.0	1.0	0.0	1.0	1.0	0.0	1.0	1.0	0.0	1.0	1.0	0.0	7.0
72900000	0.24930475742693037	0.3186700876398491	0.3796497245256368	2.9572729873605486	2.541308600268147	0.271461817720123	0.5839076280311503	1.1709902143364834	0.3565624430059864	0.24919412109960087	2.0315233775325607	0.16560112837111982	1.0	1.0	0.0	1.0	1.0	0.0	1.0	1.0	0.0	1.0	0.0	1.0	8.0
73000000	0.3204510075768692	0.1057096717110572	5.321487574406626	0.7205034915956854	0.050393392529240924	2.570673303831798	0.43497530682384994	0.4737348522761952	0.11612697263829772	0.28477606140263106	0.9459974876916201	0.29744427110819754	0.0	1.0	0.0	1.0	1.0	0.0	0.0	1.0	1.0	1.0	1.0	1.0	8.0
73100000	1.4482208582431588	0.39464473199569033	4.069328835898116	2.5879223186724736	3.190936716273178	0.6142923749137278	0.7405093049247524	1.5012996802221652	1.2652444676300239	0.5678126328430922	0.25209904033162417	0.5549596019173749	0.0	1.0	0.0	1.0	1.0	0.0	1.0	1.0	0.0	1.0	1.0	0.0	7.0
73200000	2.7882627868183056	0.47566770971013717	0.044219424688726625	2.8820940616917254	2.605853822841709	0.29285337709376286	0.7997878703661375	1.5754560418572543	0.5803889735791726	0.7383024436854768	0.23320675072077307	0.7706397456604667	0.0	1.0	1.0	1.0	1.0	0.0	1.0	1.0	0.0	1.0	1.0	0.0	8.0
73300000	1.0552110261019947	0.34762970183985376	1.0290523716671984	1.6276735259169097	0.25272510586165764	2.397257023449357	0.9279430772466937	1.9140440426040182	0.37558142451640014	0.9181207048760247	2.8472181556705065	0.9919892273140287	0.0	1.0	0.0	1.0	1.0	0.0	0.0	1.0	1.0	1.0	1.0	1.0	8.0
73400000	0.12604294678586925	0.363468729607111	1.2185601853216064	1.7295220118038799	0.07549027708521935	0.1674333232614537	0.5994769408697481	0.933958445633356	0.5026629605524124	0.3484635539841584	2.5160738437793495	0.6623427988933988	1.0	1.0	0.0	1.0	1.0	0.0	1.0	1.0	1.0	1.0	1.0	1.0	10.0
73500000	2.7980356986084787	0.1958575292115295	0.388935610689463	2.2005616187103514	0.277222046024864	1.6800730531834738	1.1567480567574715	0.985712805894454	0.280350650056066	0.7027527180342689	3.241692900642548	1.4677399397494801	0.0	1.0	0.0	1.0	1.0	0.0	1.0	1.0	1.0	1.0	1.0	1.0	9.0
73600000	0.4101376721503036	0.11079025094088532	3.5913268923839263	1.2667225710443264	0.07904380907838059	0.11821008417722284	1.0394485657439196	0.9785358930950915	0.3920405324315635	0.3883234982524535	1.746036787874731	0.4140172469596495	0.0	1.0	0.0	1.0	1.0	0.0	0.0	1.0	1.0	1.0	1.0	1.0	8.0
73700000	0.04467353028213919	0.07994434147854829	0.8194449436392295	1.819645716234512	0.32129484967019334	0.22927277396016035	1.5093235197149788	2.1317628956443686	0.6101060391666681	0.6949769886828597	3.4563140812585322	1.46789978542191	1.0	1.0	0.0	1.0	1.0	0.0	1.0	1.0	0.0	1.0	1.0	1.0	9.0
73800000	0.24373684285787683	0.21596647076366376	0.07127213064057353	1.501790783785142	0.19405395017677024	1.39502411428706	0.44755794724547443	1.2033496002785762	0.29508878715455394	0.731103128277517	2.4102308639294883	0.9213474626673354	1.0	1.0	0.0	1.0	1.0	0.0	1.0	1.0	1.0	1.0	1.0	1.0	10.0
73900000	1.5621644337707423	0.44860079956486587	1.6802416261846105	1.7736193881097444	0.3951766245678019	3.0466697690207405	0.9150706307436005	0.9453820280263247	0.3959472605605996	0.8037346672954142	2.6032771677294413	1.0891685372172606	0.0	1.0	0.0	1.0	1.0	0.0	1.0	1.0	1.0	1.0	1.0	1.0	9.0
74000000	1.3107848878138506	0.1387289890275737	0.2018464876308338	2.342620644877734	0.24708809925545552	0.17783630061966582	1.0650608946042324	1.768820433681977	0.1943768512305534	0.9510668388681218	3.1957796683749167	0.9958014537093535	0.0	1.0	0.0	1.0	1.0	0.0	1.0	1.0	1.0	1.0	1.0	1.0	9.0
74100000	0.1987819259772817	0.18336824431980406	2.1001125545107824	1.119174106312727	0.16322347700051126	1.094427024846118	0.341440819581276	0.9719572588971179	0.9200124166393786	0.39388256618551093	1.0889959804472609	1.0162656783925756	0.0	1.0	0.0	1.0	1.0	0.0	1.0	1.0	0.0	1.0	1.0	1.0	8.0
74200000	0.026264285095843793	0.10918997878794504	1.8809664166485127	1.503439900414272	0.11041909079919558	0.322601841815294	0.33326502393374124	0.8770963578584791	0.35307256827762507	0.4401956159750386	2.6744500749404048	0.6791885129105204	1.0	1.0	0.0	1.0	1.0	0.0	1.0	1.0	1.0	1.0	1.0	1.0	10.0
74300000	0.4104076426293288	0.23180876579356777	1.9253904951492007	1.204721193749224	0.06277116288190267	0.6165627717779033	0.5922352515124216	1.2014233686797562	0.12026739813461876	0.36026013044994426	3.2842165669911436	0.9540800936448278	0.0	1.0	0.0	1.0	1.0	0.0	1.0	1.0	1.0	1.0	1.0	1.0	9.0
74400000	1.4747434810576452	0.2738962914839893	1.7549203120408174	1.9049139544010742	0.11025423551352313	0.1527626631877858	0.45274815549907316	1.7145774971373802	0.20905045695930674	0.731271040288348	3.0840277827866394	1.135099045214417	0.0	1.0	0.0	1.0	1.0	0.0	1.0	1.0	1.0	1.0	1.0	1.0	9.0
74500000	0.6661493709177638	0.3267074172665934	2.799848322175701	2.4445280090141623	0.259053741368248	0.035458103167009536	1.1511093577704972	1.6298868293869846	0.5033714552049106	0.7294556928019954	3.822136225331199	1.5359856095510265	0.0	1.0	0.0	1.0	1.0	0.0	1.0	1.0	1.0	1.0	1.0	1.0	9.0
74600000	0.24838008159899588	0.1774378177033143	1.584476592904566	3.0390884408805747	3.702951351523627	1.3965799423897545	0.6744190184023536	1.8488202405656229	1.6744105444043056	0.47702632726491745	0.16611239342775935	0.47532440060886827	0.0	1.0	0.0	1.0	1.0	0.0	1.0	1.0	0.0	1.0	1.0	1.0	8.0
74700000	0.1580544429148897	0.21946536824502286	0.7384098438213467	1.8743883999802293	0.12540757297643906	0.36823083722794614	1.0151630188766274	2.058095459919919	0.4488372917027879	0.48507170459841936	2.920034623527896	1.5433002965225817	0.0	1.0	0.0	1.0	1.0	0.0	1.0	1.0	0.0	1.0	1.0	1.0	8.0
74800000	0.34381198616270986	0.20593580738205985	2.3089225226534063	1.9098712514484804	2.1113869461022627	0.424471391250959	0.5567358744991336	1.0175529358574276	0.11448811815389165	0.4508183380540056	0.2778869543269213	0.22998023962522776	0.0	1.0	0.0	1.0	1.0	0.0	1.0	1.0	0.0	1.0	1.0	0.0	7.0
74900000	0.1965120342886986	0.08822719182068971	0.021004310695343528	1.877090507135058	2.8725401008784552	0.6619116088380386	0.5774181921415822	1.6451902916314087	1.1004977343609623	0.25204421558536266	0.28386720216070843	0.4833679384418537	0.0	1.0	0.0	1.0	1.0	0.0	1.0	1.0	0.0	1.0	1.0	0.0	7.0
75000000	0.771472162661883	0.49420800691199435	1.159058940638548	3.137145875944928	3.276515892904902	0.02585593094053478	0.8511980539712972	1.4032421631420062	0.3379368742684085	0.4229005324747525	0.4819909661857109	0.0143976874009917	0.0	1.0	0.0	1.0	1.0	1.0	1.0	1.0	0.0	1.0	1.0	1.0	9.0
75100000	0.022566346594111265	0.2951872063060612	0.40568575037037063	2.5896408803996738	0.13752811514534305	0.767382527425602	0.9459548462927185	2.247037386941085	0.6910071320346407	1.293350345575365	5.252619128264224	1.2901774848533045	1.0	1.0	0.0	1.0	1.0	0.0	0.0	1.0	1.0	1.0	1.0	1.0	9.0
75200000	1.1605314044126105	0.17768566356089713	0.48567177229939984	1.4575757009184205	0.02801976437843163	0.3917162363722396	0.8424187843417449	1.0486533392424706	0.1752443200380567	0.5367795828634716	3.281534093792642	1.2249456773795153	0.0	1.0	0.0	1.0	1.0	0.0	1.0	1.0	1.0	1.0	1.0	1.0	9.0
75300000	2.006118558750335	0.14070401555412188	0.3085259287040163	1.4291928936638527	0.14763082967910182	0.11328466065614448	0.9575626984950436	0.9740826249326169	0.3241007999902935	0.521716680869623	2.098740669151367	0.7287961557495577	0.0	1.0	0.0	1.0	1.0	0.0	0.0	1.0	1.0	1.0	1.0	1.0	8.0
75400000	0.911852866217354	0.1358534615307161	0.6059533551228216	0.664709149120198	0.12101061953550708	0.7072141667351933	0.2961460134445593	0.5295065496923645	0.1254752013392487	0.13082404291147925	1.0464921729323866	0.26861071284209564	0.0	1.0	0.0	1.0	1.0	0.0	1.0	1.0	1.0	1.0	1.0	1.0	9.0
75500000	1.8449548780530634	0.16925549325840283	0.8438976491736957	1.3889911181181256	0.27279713389975896	1.8191949422979652	0.32892533727764245	0.7884829585746954	0.12180379153168891	0.35444419566006485	1.5248769211588493	0.6002818340998991	0.0	1.0	0.0	1.0	1.0	0.0	1.0	1.0	1.0	1.0	1.0	1.0	9.0
75600000	0.2334248571146863	0.35531907742258023	0.15714659631195155	2.2817035581043497	0.28891940913295633	0.4201860583000271	0.5864716957238273	1.6911163048732134	0.6967780998020532	0.9899494645735499	3.7547862076108767	2.2489342837036723	1.0	1.0	0.0	1.0	1.0	0.0	1.0	1.0	1.0	1.0	1.0	1.0	10.0
75700000	0.33775889163898726	0.11450692434141259	3.746974241269145	0.9667172171693493	0.26179024198703243	2.7362961234370804	1.3154163055800148	1.3075636492458667	0.10033117313827777	1.1894365430947578	2.0422006099754726	1.116027502610106	0.0	1.0	0.0	1.0	1.0	0.0	0.0	1.0	1.0	1.0	1.0	1.0	8.0
75800000	1.0526132098901972	0.36858955816994515	0.1720705778653077	1.9431880631351757	0.18410063350913994	2.491751672705294	0.6103716313960414	1.5642719532021656	0.1479677282731011	0.8282295982872269	3.3537200583955316	0.8632903064751661	0.0	1.0	0.0	1.0	1.0	0.0	1.0	1.0	0.0	1.0	1.0	1.0	8.0
75900000	0.18987100445282526	0.6385670994704198	2.0583052312684598	3.105816354825225	0.514868574257564	0.648158125612451	1.1695321981319011	1.6668997594856254	0.5382210542861683	0.9454685145265652	4.508915893270093	0.8285955964131906	0.0	1.0	0.0	1.0	1.0	0.0	1.0	1.0	1.0	1.0	1.0	1.0	9.0
76000000	0.13716311455931576	0.20818512242333448	1.177898622504196	1.4326920030923045	0.06442760248622695	0.2724397234597616	0.4472341756687934	0.9298035582796744	0.2059564186607629	0.4393877972468022	2.0002350493638525	0.6148105568146071	0.0	1.0	0.0	1.0	1.0	0.0	1.0	1.0	1.0	1.0	1.0	1.0	9.0
76100000	0.014956992279660178	0.22130083407191128	1.256670187041118	2.7740923146649092	0.44111317741421974	0.39457956763346075	0.8127040582493289	1.5718890134005894	0.06387403374563916	0.5385907736089396	3.6868505453739395	0.6583982829090991	1.0	1.0	0.0	1.0	1.0	0.0	1.0	1.0	0.0	1.0	1.0	1.0	9.0
76200000	0.03218608485372455	0.14407892069406142	0.4299008959911613	1.1634603888963975	0.025167480359058112	2.07314079868469	0.9989559638015558	1.2965582737673644	0.22246869245379733	0.6605624288285058	1.894550486497901	0.6201060716080851	1.0	1.0	0.0	1.0	1.0	0.0	0.0	1.0	1.0	1.0	1.0	1.0	9.0
76300000	2.1357100733499905	0.21475916971068548	3.4232810646510763	1.312082194729757	0.11500990580941123	2.5307694157576566	0.9728270881823657	1.274339443887405	0.6301441548994676	0.6609096854994817	2.120955937612857	0.5958198382765904	0.0	1.0	0.0	1.0	1.0	0.0	0.0	1.0	1.0	1.0	1.0	1.0	8.0
76400000	1.2900915542208506	0.3398963101192588	2.0786895827091008	1.1264885358411114	0.12271480785474582	0.8279793956356457	0.3625729611484135	1.374362197284274	0.24912392809270126	0.5118354275092817	2.642857380433148	0.898718734562151	0.0	1.0	0.0	1.0	1.0	0.0	1.0	1.0	1.0	1.0	1.0	1.0	9.0
76500000	0.05289873438849731	0.1988648907955696	2.234785863731364	2.183441129593973	0.14070577809596752	0.9998844774100059	0.5594674886141443	2.104397452499349	0.3538942679017612	0.8459881575331585	3.4643390782341807	0.7155297738280432	1.0	1.0	0.0	1.0	1.0	0.0	1.0	1.0	1.0	1.0	1.0	1.0	10.0
76600000	0.47394168684358134	0.20231514451532218	1.7504182946368603	2.5049994667179227	0.3058251282112928	2.359167082568798	0.7632298117112307	1.581738011005062	0.5089447517981758	0.6892893737718555	3.4411910551269984	0.8193845037204959	0.0	1.0	0.0	1.0	1.0	0.0	1.0	1.0	1.0	1.0	1.0	1.0	9.0
76700000	0.6720932599758778	0.12256684939630515	0.18673148573202464	0.9806025420064618	0.15442426959464278	0.21985241605934866	0.3158767388656749	1.157255152535156	0.14655689311867406	0.48131467598014044	1.9829630409032326	0.803407266308154	0.0	1.0	0.0	1.0	1.0	0.0	1.0	1.0	1.0	1.0	1.0	1.0	9.0
76800000	0.2390551592208656	0.07068848176272419	1.518543005425973	0.6137984941574919	0.10423259204718599	0.3596374386784994	0.23012840227580483	0.5828545043759019	0.10118204111843854	0.2199641997568609	1.0332507859594473	0.31318481391249997	0.0	1.0	0.0	1.0	1.0	0.0	1.0	1.0	1.0	1.0	1.0	1.0	9.0
76900000	1.8607547697425566	0.13362131703426208	0.7233805615964257	1.6538135234931566	0.16243533592861203	0.22549246910931367	0.9279639027260993	1.627141782817104	0.1467889605364682	0.40918953286852966	2.145352359241856	0.888728159745666	0.0	1.0	0.0	1.0	1.0	0.0	1.0	1.0	0.0	1.0	1.0	1.0	8.0
77000000	0.07564964822334398	0.4186760536616502	0.46308680112440365	2.1775611436250735	0.004815546986016999	0.09717348032412972	0.5045433364428683	2.4133739339028146	0.5254429873730184	0.9165335744304289	2.9245714918545462	1.4293938648100573	0.0	1.0	0.0	1.0	1.0	0.0	1.0	1.0	1.0	1.0	1.0	1.0	9.0
77100000	0.16548805155423563	0.20078807277353233	0.08368504567781902	0.6864991707646896	0.18401662078821737	2.3455565571091395	0.4278768552408783	0.9846222259276909	0.33390906282840305	0.2452315912598851	1.4179255251544733	0.5894911281707232	0.0	1.0	0.0	1.0	1.0	0.0	1.0	1.0	1.0	1.0	1.0	1.0	9.0
77200000	0.5612222961876298	0.3640523166272693	0.9961838972254419	2.2400958234007367	0.752333400342945	2.5285878591020463	0.38910044183925335	1.619482952772437	0.22736927913753321	0.39674747145852385	2.511587975719892	0.6746284379216015	0.0	1.0	0.0	1.0	1.0	0.0	1.0	1.0	1.0	1.0	1.0	1.0	9.0
77300000	0.5874620396919573	0.1159283199959185	0.3593495824452013	1.259531815047672	0.09181924743476962	0.06599570044685439	0.33764377060305695	1.0829595298661314	0.38105508982289293	0.6336440543487217	1.6402774108990514	0.5629883302582824	0.0	1.0	0.0	1.0	1.0	1.0	1.0	1.0	1.0	1.0	1.0	1.0	10.0
77400000	0.09447101039215967	0.230295454948936	0.018459507706077995	1.638550227115576	0.42139848214640635	0.5000962698546906	0.1928309965293328	1.3022686168080886	0.45669641356571683	0.5516576210164366	2.9898831397730623	1.2394661712907284	1.0	1.0	1.0	1.0	1.0	0.0	1.0	1.0	1.0	1.0	1.0	1.0	11.0
77500000	1.0944869527520789	0.17347289807268795	1.6087763924323433	1.0212039392141326	0.19844669542175344	0.9598394214333943	0.37489453915950066	1.1539543968310975	0.3283834402697634	0.350748642013491	2.0818640620883078	0.924435134751275	0.0	1.0	0.0	1.0	1.0	0.0	1.0	1.0	1.0	1.0	1.0	1.0	9.0
77600000	1.4461347113759753	0.15851583490997606	1.712413561755677	0.8632108950013418	0.2776554600411515	0.2260188140917096	0.2647634346051218	0.7191253862034636	0.09928595577627682	0.33689485375995615	1.471440370679291	0.4666032210872108	0.0	1.0	0.0	1.0	1.0	0.0	1.0	1.0	1.0	1.0	1.0	1.0	9.0
77700000	0.7524162957547528	0.21064974537730485	0.7326213310055576	1.7780154307429206	0.14057918988813264	1.5242336741343416	0.36207551366113183	0.9904061719302545	0.30894684510902454	0.8593188689622666	2.5942517163447403	0.6880168357998707	0.0	1.0	0.0	1.0	1.0	0.0	1.0	1.0	1.0	1.0	1.0	1.0	9.0
77800000	1.314235429907466	0.23135937432208542	0.7043583525921769	2.307786415711653	0.27242407002417107	0.9446636284551645	0.3761005064420595	1.3751167955837276	0.1713616247926817	1.0298464634055235	3.6422443445534594	1.3169026343735617	0.0	1.0	0.0	1.0	1.0	0.0	1.0	1.0	1.0	1.0	1.0	1.0	9.0
77900000	2.418951336214597	0.4422807294827254	1.3022617767742775	3.0986650221113594	0.7048828848466252	0.8692313513767819	0.7328664577132089	2.7524506456906193	0.3979000016189318	1.09769997074765	3.486698377310591	2.1126505395332367	0.0	1.0	0.0	1.0	1.0	0.0	1.0	1.0	1.0	1.0	1.0	1.0	9.0
78000000	1.8746405259432133	0.1844793335380428	0.18553504681883823	1.4374400011742534	0.5315439482621571	0.01532050922426586	0.48169668397820986	1.2161798533963586	0.4090768271112549	0.6465002159372192	2.0683949747553068	0.7114428496221624	0.0	1.0	0.0	1.0	1.0	1.0	1.0	1.0	1.0	1.0	1.0	1.0	10.0
78100000	0.12402887682394763	0.13519014524423012	0.020483101196898865	0.7699528895516398	0.3081465564494778	0.013027018156135717	0.5132601440454317	0.9375312073848292	0.1997164780193959	0.5276716239578523	1.6151998403582528	0.9078216163230096	0.0	1.0	0.0	1.0	1.0	0.0	0.0	1.0	1.0	1.0	1.0	1.0	8.0
78200000	0.0388868878128795	0.261307513591825	5.522628616145639	1.4110786609205885	0.6042359442033625	0.9230225581274404	1.2902920350854727	1.6657601965064615	0.6626014815813714	0.7817845130912358	2.876309219101431	1.4312105532131831	1.0	1.0	0.0	1.0	1.0	0.0	0.0	1.0	1.0	1.0	1.0	1.0	9.0
78300000	0.052057198159601005	0.2578549268269412	0.04439210137144533	3.0138625378510753	0.5670898283877341	0.13332257263808373	1.177589074460298	1.6554572686703373	0.708765337474104	0.5314382006557933	3.1207409955843093	0.6476714245937576	1.0	1.0	0.0	1.0	1.0	0.0	1.0	1.0	1.0	1.0	1.0	1.0	10.0
78400000	0.3947962207563507	0.18060897597845332	0.22959354259382092	1.643538261672281	0.12346399383501779	0.6016971100372773	0.26471092680788805	0.9896956810015614	0.15329618113690482	0.1604311110392544	2.4535623064943044	0.6867425587706742	0.0	1.0	0.0	1.0	1.0	0.0	1.0	1.0	1.0	1.0	1.0	1.0	9.0
78500000	0.2413225202549942	0.2808166161217836	0.07429571399224984	2.659735915882505	0.49999360623289124	0.07498923401093906	0.33220331188313057	1.9877087247303997	0.6989640563568292	0.9419715038360779	3.8480051229867036	0.8709672562793276	0.0	1.0	1.0	1.0	1.0	0.0	1.0	1.0	1.0	1.0	1.0	1.0	10.0
78600000	0.1484090427434789	0.34729580771831176	0.17756106669289412	2.0400211969255935	0.33175258225467913	0.2369335488376005	0.8255279171766639	1.9495854603963318	0.5755888833822915	0.7727590298399488	3.8126039141875214	1.4092316535079328	1.0	1.0	0.0	1.0	1.0	0.0	1.0	1.0	1.0	1.0	1.0	1.0	10.0
78700000	0.037174965421610986	0.7958306625983166	0.857883822061221	2.439743591015211	0.5242713679043809	0.5310921784314606	0.9124669437884645	1.973006361322083	0.4372424734908313	0.7613027253851545	3.9410017593095654	1.2796199791337495	1.0	1.0	0.0	1.0	1.0	0.0	1.0	1.0	1.0	1.0	1.0	1.0	10.0
78800000	0.30574485382028216	0.19044313055257384	1.2608286875512982	1.1239600499334057	0.09753700355873735	0.1593828200012197	0.14762382989852038	0.8530625246491459	0.3949670747693561	0.4436600016391142	2.028962623572685	0.8053494538873496	0.0	1.0	0.0	1.0	1.0	0.0	1.0	1.0	1.0	1.0	1.0	1.0	9.0
78900000	0.5742864836570285	0.19686915493182278	2.108535289542658	1.7178113968316868	1.7964713429841481	0.7818841768621559	0.47614181993168647	0.849338086835771	2.17918794342457	0.24017262617128776	0.19686280899502823	0.02731629993178563	0.0	1.0	0.0	1.0	1.0	0.0	1.0	1.0	0.0	1.0	1.0	1.0	8.0
79000000	1.5210385846001901	0.263205450361262	0.40635761177688506	1.801837492267826	1.9204261582237396	0.05241883466627248	0.37441584042862536	0.7162775634104135	3.748394283171821	0.2580615967186907	0.05460546290997188	1.2597345736221375	0.0	1.0	0.0	1.0	1.0	0.0	1.0	1.0	0.0	1.0	1.0	0.0	7.0
79100000	0.4848114951375714	0.13343780558101323	0.6439456123438831	1.532308775395887	1.9710609110576318	0.8898268750778804	0.3992439795929129	1.0180642177247217	1.1949433806291219	0.3286036648946695	0.3240500192775778	0.11528309584029449	0.0	1.0	0.0	1.0	1.0	0.0	1.0	1.0	0.0	1.0	1.0	1.0	8.0
79200000	0.048393879235686325	0.3642907750071051	0.41765109715650317	1.649050471825867	1.6857571145728516	0.003318756528200615	0.47560106584917633	0.9009936250160919	0.11014122150534818	0.1698185677809932	0.26509303926559546	0.6705183084917719	0.0	1.0	0.0	1.0	1.0	0.0	1.0	1.0	0.0	1.0	1.0	0.0	7.0
79300000	0.34787325753174897	0.3277562948485538	1.0763267265638767	2.0849419509607436	2.714016535981199	0.38109723569241466	0.9200791104893494	1.2182239810659425	0.501389193751951	0.30904435961644744	0.2135701814016771	0.08152214656319316	0.0	1.0	0.0	1.0	1.0	0.0	1.0	1.0	0.0	1.0	1.0	0.0	7.0
79400000	1.1224618529601476	0.2301587223884793	0.3457082184530053	2.1185009171266325	0.2728907649070618	0.0747588121699973	0.500789603895367	1.1881892877578446	0.21168346581153913	0.38729561819020847	2.9043335414964986	0.6770727711775543	0.0	1.0	0.0	1.0	1.0	0.0	1.0	1.0	1.0	1.0	1.0	1.0	9.0
79500000	0.20079937714229562	0.2665667456312368	0.5834730337307996	1.3993868300099348	0.4047218849344854	0.8799112544394245	0.4380091293128308	1.049099830622712	0.3486192066554054	0.6434158303849867	2.0873188697833043	0.5218746956378484	0.0	1.0	0.0	1.0	1.0	0.0	1.0	1.0	1.0	1.0	1.0	1.0	9.0
79600000	0.11261902501942792	0.3071663044189767	1.041393658856024	2.389962754634718	0.20590248638944464	0.2204349051223411	0.3526371186095775	1.0260931578687662	0.5045976684815652	0.5539878186059849	2.8209927032382156	0.8618471898727932	1.0	1.0	0.0	1.0	1.0	0.0	1.0	1.0	1.0	1.0	1.0	1.0	10.0
79700000	3.603135690156833	0.5074205416766198	0.20306703872067774	1.684516259853141	0.4106185212309062	0.22973600737055305	1.0005670741489499	1.6743108867304644	0.7861553358994186	1.557467928196087	4.163220703915226	1.512422217296409	0.0	1.0	0.0	1.0	1.0	0.0	1.0	1.0	1.0	1.0	1.0	1.0	9.0
79800000	1.002388326102971	0.45226484429335895	0.9055568216266093	3.6527835908746495	0.22941670489710642	0.3907442518762142	1.252208415027634	1.9229180932405718	0.4264523682981047	0.653567052084752	5.169970406739432	1.376274307086187	0.0	1.0	0.0	1.0	1.0	0.0	1.0	1.0	1.0	1.0	1.0	1.0	9.0
79900000	1.3914452733640006	0.19195296636140938	0.65930245247365	1.865890826043114	0.2938481808218328	1.824299951577336	0.7884373190872085	1.7178250691875996	0.18777960306401106	0.6404934844066804	3.376117906721383	0.28909046056903237	0.0	1.0	0.0	1.0	1.0	0.0	1.0	1.0	1.0	1.0	1.0	1.0	9.0
80000000	0.4785840727292409	0.16736020877060453	0.08523962641877426	1.6910410609462516	1.6144499679336304	1.8606563924906985	0.7044091974418171	1.0006599603176753	0.3034808130910681	0.34761600537617243	0.21771915122223096	0.022012922022219845	0.0	1.0	0.0	1.0	1.0	0.0	1.0	1.0	0.0	1.0	1.0	1.0	8.0
80100000	0.15092069309581943	0.2561822441733863	0.4150472635907326	1.5723953011146259	2.1080046461909197	1.6182673608374585	0.4269153939217978	0.9442330327111917	1.0213962063837387	0.6510271021028343	0.27274002981651796	0.08396048597819779	0.0	1.0	0.0	1.0	1.0	0.0	1.0	1.0	0.0	1.0	1.0	0.0	7.0
80200000	0.9076290361166726	0.45350106885398256	0.18302855200386023	1.4358301173082388	0.18186445744281812	0.01258890680968535	0.03213616082508567	1.5997549858323705	1.0784921612620453	1.3437953277675438	2.9198434977395564	1.6125429691083868	0.0	1.0	0.0	1.0	1.0	1.0	0.0	1.0	1.0	1.0	1.0	1.0	9.0
80300000	1.1868988436430516	0.17546253017009716	0.013309064524097781	1.523639849202431	0.2932095749850615	1.433468012736918	0.7734338622875412	0.8923740002802263	0.27234736837148465	0.2909672674275442	2.1102603453745523	0.41651108676651166	0.0	1.0	1.0	1.0	1.0	0.0	1.0	1.0	1.0	1.0	1.0	1.0	10.0
80400000	0.9557126202503683	0.3495368745382443	0.5750994081989653	1.2781643145006836	0.22398169289614475	0.4292432189652694	0.7856487142328052	1.2729551290102776	0.3607120564541002	0.8689260995187738	2.5109737075904315	1.0093247271675245	0.0	1.0	0.0	1.0	1.0	0.0	1.0	1.0	1.0	1.0	1.0	1.0	9.0
80500000	2.4722175597912424	0.19140771552892358	0.20454163162948255	1.4367814487345307	0.32755411839840676	0.17109225339447115	0.4786636010147986	1.0873143749097907	1.1447210978523616	0.650518755949619	2.6850139315354684	0.7883041309795915	0.0	1.0	0.0	1.0	1.0	0.0	1.0	1.0	0.0	1.0	1.0	1.0	8.0
80600000	0.07882766707832126	0.12643734453884317	0.9666248500914622	1.310914945632543	0.25245990236264015	0.41909323385110514	1.240663015511787	1.5885568540479313	0.4430153527096814	0.8842382387636276	2.321864655799651	1.2615362643254346	0.0	1.0	0.0	1.0	1.0	0.0	0.0	1.0	1.0	1.0	1.0	1.0	8.0
80700000	0.7717255603526229	0.28451635870250863	0.2981658088001306	3.2252879892218895	2.6162654306037068	0.21975218434768132	0.9364959221231928	1.8572358238444218	0.11824306742545954	0.6263597064204004	0.5422763653984042	1.3483989719494514	0.0	1.0	0.0	1.0	1.0	0.0	1.0	1.0	0.0	1.0	1.0	0.0	7.0
80800000	1.4561230823335123	0.11285282173051432	0.40719948552235957	2.736978274545365	2.352649007541573	0.12136734837466033	0.5925369637911528	1.1095750901892312	1.1566523200176537	0.23662222013300774	0.10271408835145109	3.4140524473147207	0.0	1.0	0.0	1.0	1.0	0.0	1.0	1.0	0.0	1.0	1.0	0.0	7.0
80900000	0.3687179932493073	0.21369054381608182	0.09888791942946762	2.004404593838088	0.1292841017243699	0.009820163412716605	0.6824311733915845	1.1014383711723217	0.2975462313442868	0.5357572447466435	2.511850599464953	1.1117361365200293	0.0	1.0	0.0	1.0	1.0	1.0	1.0	1.0	1.0	1.0	1.0	1.0	10.0
81000000	1.2589280142074157	0.1571049853306399	0.08714412476676854	0.6246116670059771	0.14288235107603675	0.15998983005684217	0.35623641158077585	0.9512852565445041	0.13720124499219039	0.44590919633267473	1.823608898380056	0.9800929566197223	0.0	1.0	0.0	1.0	1.0	0.0	1.0	1.0	1.0	1.0	1.0	1.0	9.0
81100000	1.2917338400477119	0.1318685659520546	1.786411817018255	1.339213913215995	1.7655629383989244	0.22267978479135284	0.6514988803142336	0.6949376253175072	0.6363473708930585	0.22336819355742354	1.251088817540952	0.05054853000236319	0.0	1.0	0.0	1.0	1.0	0.0	1.0	1.0	0.0	1.0	0.0	1.0	7.0
81200000	0.0928509774338512	0.11638566107936854	0.6910524898791084	0.8235945124642134	0.07216151312308204	1.6519838477096085	0.1926474011775664	0.7387329672691322	0.2017073286001554	0.4274670651973975	1.4493972888103381	0.43748263787288266	0.0	1.0	0.0	1.0	1.0	0.0	1.0	1.0	1.0	1.0	1.0	1.0	9.0
81300000	0.3194498497811271	0.22224156686852298	5.068319348261625	2.3486081393243694	0.40639559595132985	0.7862291303886728	0.01894233494068126	1.9691222493178295	1.2171447406670473	0.6873461838951956	5.22605706610515	1.669708085545059	1.0	1.0	0.0	1.0	1.0	0.0	1.0	1.0	1.0	1.0	1.0	1.0	10.0
81400000	2.3120468636084976	0.3038363335623031	1.4998135663050787	0.7415710897149154	0.10514123706197993	0.02029502478508071	2.2432937534442345	0.9026178727078206	0.18458055637319343	0.5500421808263973	1.5703394734683702	1.0778575059945246	0.0	1.0	0.0	1.0	1.0	0.0	0.0	1.0	1.0	1.0	1.0	1.0	8.0
81500000	2.0934251334867153	0.29746559029929254	0.36036200200521695	2.1435325561718352	2.9090966774685376	4.022942372740424	0.6286882427351147	1.0243640426244005	2.5250507843244883	0.2257975456776468	0.020415684591922424	0.30582257276027053	0.0	1.0	0.0	1.0	1.0	0.0	1.0	1.0	0.0	1.0	0.0	1.0	7.0
81600000	0.04006547712442669	0.2905815911208528	0.09328696747373293	1.983383026718873	0.2219002995618001	0.5560950965840753	0.5420498019602992	1.5511580573008488	0.7912928975433338	1.1289515328536412	3.9351151108167093	1.5353357483171806	1.0	1.0	0.0	1.0	1.0	0.0	1.0	1.0	1.0	1.0	1.0	1.0	10.0
81700000	1.7515304719224234	0.18401280095979794	1.5713235702393298	1.1439887014491534	1.5489678469495243	0.7667227960446434	0.5187907868502794	0.6178014454859656	0.12120828807635203	0.3492217004289373	0.3366500638173972	3.6832785134244124	0.0	1.0	0.0	1.0	1.0	0.0	1.0	1.0	0.0	1.0	1.0	0.0	7.0
81800000	0.12742610129186974	0.2176127287180776	0.19920855706666937	2.9251655951298683	2.4166444883466767	0.31090573976304914	0.5148507654771386	0.915251238443585	0.21723380086319127	0.29765283535981624	0.43498969652623615	0.8034339581365927	0.0	1.0	0.0	1.0	1.0	0.0	1.0	1.0	1.0	1.0	1.0	0.0	8.0
81900000	0.021642644753759537	0.23678779146936035	0.8678679456515292	2.2064004135928927	1.9090899740728706	2.068536682421814	0.6429838482796372	0.7443273022455787	1.3751605604976271	0.4111386422226239	0.3157476158755428	2.0990612042559325	0.0	1.0	0.0	1.0	1.0	0.0	1.0	1.0	0.0	1.0	1.0	0.0	7.0
82000000	0.862102874415741	0.1329365213330748	0.14007098241302451	1.055204979875234	0.8864605263670965	0.3489308213816588	0.1777184613111211	0.6308532743872461	0.18535991988203349	0.22436848220115962	0.03675335964331037	0.2566250992528792	0.0	1.0	0.0	1.0	1.0	0.0	1.0	1.0	0.0	1.0	1.0	0.0	7.0
82100000	1.1952006865804798	0.2364050315204035	0.6742466523663652	2.721009184233091	3.1131457557793114	1.9024354494569957	0.9314748061751309	1.3900685528501955	0.03120414038053902	0.3764775300908593	0.753288983676973	1.0589541264466982	0.0	1.0	0.0	1.0	1.0	0.0	1.0	1.0	1.0	1.0	1.0	0.0	8.0
82200000	1.5974642922718563	0.7462504081445431	1.184068163863536	3.246643799954461	6.125082016619273	2.617156239313394	1.265428843475013	1.653406535118937	1.2338104609525755	0.6374402717621241	0.6226191605437221	0.38228452065581814	0.0	1.0	0.0	1.0	1.0	0.0	1.0	1.0	1.0	1.0	0.0	0.0	7.0
82300000	0.3046914151054766	0.16723857891124155	2.600782625731406	1.6619356728136054	1.6328769639078342	0.40833836348105745	0.5367936664691646	0.8994357153663292	3.9833547001049268	0.26185661022901646	0.1666465262999768	0.8574949241953356	0.0	1.0	0.0	1.0	1.0	0.0	1.0	1.0	0.0	1.0	1.0	0.0	7.0
82400000	0.13283521066595322	0.9025123520007486	0.03284551672549023	1.829263932861341	0.10992853245426819	0.16248434191441183	0.14748485398342112	1.947200186545745	0.7665434112494607	1.0818130481925563	3.3994721130631063	2.457000388076369	0.0	1.0	0.0	1.0	1.0	0.0	1.0	1.0	1.0	1.0	1.0	1.0	9.0
82500000	0.1748436061125902	0.15604582404493245	0.5597844846153174	1.4540620419186865	0.11751979601340476	0.2315377381898623	0.31592932166068605	1.0693201937529941	0.37307467387245385	0.4219233320263483	1.835376358216337	0.32972137803438023	0.0	1.0	0.0	1.0	1.0	0.0	1.0	1.0	1.0	1.0	1.0	1.0	9.0
82600000	1.9399608616221986	0.5205827088142576	1.051764363507292	2.9510842241209687	0.41532637722012306	2.4498627724190207	1.1012055922169919	2.782985721294111	0.2281420536488012	0.6279448405142307	5.0225215213628776	1.0107081871002657	0.0	1.0	0.0	1.0	1.0	0.0	1.0	1.0	1.0	1.0	1.0	1.0	9.0
82700000	0.297015698645922	0.19676430590111546	1.1437940500056256	3.0206165928524067	0.4919543490923422	0.8923092045072275	0.9091153362162757	1.9179662749144422	0.14964898995650383	0.94987072242432	2.948470569184579	0.9209985651699001	0.0	1.0	0.0	1.0	1.0	0.0	1.0	1.0	1.0	1.0	1.0	1.0	9.0
82800000	2.1734370284342575	0.21273206181759777	1.4624537369386448	1.8209401303516637	0.1521261211444342	1.1022599940548647	0.6340439325726155	1.4975687594594593	0.6923861988309848	0.3109280848593827	3.966739691877192	1.0594713391757211	0.0	1.0	0.0	1.0	1.0	0.0	1.0	1.0	1.0	1.0	1.0	1.0	9.0
82900000	0.006002363715340434	0.48977766265057243	0.07790483436636113	2.4901724087433035	0.28848739912468324	4.030516582651612	0.6328838419367167	1.4205686994978137	0.12746301103899713	0.7728748784672226	4.2974201762038575	0.9551738322058946	0.0	1.0	1.0	1.0	1.0	0.0	1.0	1.0	1.0	1.0	1.0	1.0	10.0
83000000	0.13773884972176914	0.8104808614250065	4.768364111818579	2.4099338844783897	0.23743296701291403	2.354041952963244	0.18674036511437156	2.124804645684254	0.46944954477098644	0.8473284390695275	3.8582913857288546	1.3058724616076538	1.0	1.0	0.0	1.0	1.0	0.0	0.0	1.0	1.0	1.0	1.0	1.0	9.0
83100000	0.7649748592000206	0.648302263393703	0.06852769424550799	3.86997501173124	0.567695511266715	0.3086578648573706	0.8896000704310861	2.402741352650763	0.44402639485448864	0.9866298722253114	4.371552504196607	1.1995765909049039	0.0	1.0	0.0	1.0	1.0	0.0	1.0	1.0	1.0	1.0	1.0	1.0	9.0
83200000	0.4107090281096688	0.04882574566933567	1.2379116025010322	0.6944693853491453	0.11675686528619757	0.2888147937020502	0.14393024167237256	0.5726889040212318	0.2796315972057774	0.305425932875422	1.16422014443369	0.47744608574647535	0.0	1.0	0.0	1.0	1.0	0.0	1.0	1.0	1.0	1.0	1.0	1.0	9.0
83300000	0.22517471098296557	0.22466472104924706	0.30857255132229056	2.7452418433290373	0.26053778182919396	1.0094782331949528	1.3878053776262906	1.8458796058116682	0.3097705202966037	0.5398839229100637	4.448745856792691	1.1770914035255864	0.0	1.0	0.0	1.0	1.0	0.0	1.0	1.0	1.0	1.0	1.0	1.0	9.0
83400000	4.979801154322096	0.21979790112130446	1.8378478826430105	1.6988144848566744	0.22755529391020743	1.091612703802446	0.48433777027709174	1.3509704327724257	0.2912543597543106	0.42701154034191163	2.644152480663981	1.1445273914173046	0.0	1.0	0.0	1.0	1.0	0.0	1.0	1.0	1.0	1.0	1.0	1.0	9.0
83500000	0.8847482680407927	0.2827729848804955	1.2731083544401476	1.8913019321242244	0.16330886350753088	0.23408306600287052	0.6355451034098448	1.2543184905893772	0.7866267552061673	0.7636217913437093	3.592975177142237	1.2021982031079856	0.0	1.0	0.0	1.0	1.0	0.0	0.0	1.0	1.0	1.0	1.0	1.0	8.0
83600000	0.5756617038697791	0.20658361876809525	1.456670430255904	1.117349900562126	0.077039252219264	0.5902852148892149	0.4024934386420215	0.8559880329090098	0.6612032252328812	0.7280627635475156	2.396510138996372	0.7737624966590998	0.0	1.0	0.0	1.0	1.0	0.0	0.0	1.0	1.0	1.0	1.0	1.0	8.0
83700000	1.4258091000617694	0.1563244283202035	0.4791615594030148	1.3299183209877905	0.3850312837999233	3.2744739001791277	0.7760209986089098	1.5739724958711976	0.23598810074011609	0.7297788608757715	2.8160149989676935	1.375709425939486	0.0	1.0	0.0	1.0	1.0	0.0	1.0	1.0	1.0	1.0	1.0	1.0	9.0
83800000	2.5584528840086564	0.10136303616791126	0.13739410965584378	1.2455391065869676	0.09804728157577916	1.8937383507243946	0.6015800101621301	1.0983289746456573	0.38811662200935804	0.6214253808686071	2.1455651646225844	0.8880198155883936	0.0	1.0	0.0	1.0	1.0	0.0	0.0	1.0	1.0	1.0	1.0	1.0	8.0
83900000	1.7801850136731574	0.2586048315368312	0.07542395119436583	2.4300282882721027	3.2867211631496924	3.6616401293359995	0.4443670700580557	1.4870420889460527	0.20082167005343537	0.5162302088024397	0.2572747403744547	0.3180053351851153	0.0	1.0	0.0	1.0	1.0	0.0	1.0	1.0	1.0	1.0	0.0	0.0	7.0
84000000	0.5732385327715604	0.1689555372846514	2.4138777224419163	2.1212137005609963	0.2861774339289369	3.0731603970559855	0.591596076642995	1.0557081229035	0.17288638600564188	0.6248646108201806	2.5046771276679145	1.2156953116938147	0.0	1.0	0.0	1.0	1.0	0.0	1.0	1.0	1.0	1.0	1.0	1.0	9.0
84100000	0.7886900649794737	0.578626030965178	0.32023475400958656	1.7650094230245028	0.695174633784861	0.9746172846439098	0.9636714307412673	1.32120520945464	0.318175757881295	0.3566359082210613	2.7715081983585943	0.9413826641717539	0.0	1.0	0.0	1.0	1.0	0.0	1.0	1.0	1.0	1.0	1.0	1.0	9.0
84200000	0.4132971460519765	0.13447050017505974	0.5736254447974507	0.9489925866163509	0.21289326769350644	0.7545759174188309	0.2657319024975213	0.7401445123507002	0.12298115295190805	0.1804043253026711	1.474146763133507	0.4942062479027442	0.0	1.0	0.0	1.0	1.0	0.0	1.0	1.0	1.0	1.0	1.0	1.0	9.0
84300000	1.7398633319981482	0.2296558633058048	0.7837911679942813	1.6094528152177885	0.32028360058490707	2.2877767363995307	0.6719604193483247	0.9717637801923517	0.2587245819401132	0.438314077234652	1.9821515809688177	0.7219734904331827	0.0	1.0	0.0	1.0	1.0	0.0	1.0	1.0	1.0	1.0	1.0	1.0	9.0
84400000	0.023403722802770373	0.20407532598661562	0.25566816898363703	1.1420391825505978	0.03418146510358237	0.27805933438756003	0.22308949624057092	0.8118687712027276	0.219558090486277	0.5932246741202396	2.1731181357655136	0.7384022549561445	1.0	1.0	0.0	1.0	1.0	0.0	1.0	1.0	1.0	1.0	1.0	1.0	10.0
84500000	0.12145245513301521	0.17173112311937727	0.08605900531164154	0.8515464730743741	0.1963831652880128	3.3849789198778835	0.036917154375822145	0.8539881861119001	0.5455063131646909	0.33843225216239753	2.0873857968219105	0.7146701749724027	0.0	1.0	0.0	1.0	1.0	0.0	0.0	1.0	1.0	1.0	1.0	1.0	8.0
84600000	0.4331434843722491	0.18036916801166608	0.18841442218681342	2.352907910528747	0.5032468245293646	0.7502773363216461	1.3410507306468133	1.6330777335512177	0.21958381141252817	0.4301059296378335	4.471881975967571	0.8890580648685308	0.0	1.0	0.0	1.0	1.0	0.0	1.0	1.0	1.0	1.0	1.0	1.0	9.0
84700000	0.5576624507332473	0.3776312427046794	0.261186385784119	1.6001566449971405	0.1924941345326167	2.318836229410835	0.032567496108012815	1.5552724578384998	1.2919971684668783	1.5285057030871403	3.5619837053068464	1.58386203937219	0.0	1.0	0.0	1.0	1.0	0.0	0.0	1.0	1.0	1.0	1.0	1.0	8.0
84800000	0.20237533232677615	0.2571594298362247	0.31473840320370977	0.653241252817978	0.21726121457363987	0.593965701947984	0.5059802694698484	0.7419030260299414	0.16472088303735108	0.3019955177883179	1.6556503285565622	0.7963933504090464	0.0	1.0	0.0	1.0	1.0	0.0	1.0	1.0	1.0	1.0	1.0	1.0	9.0
84900000	0.037662141948118726	0.37427515684506923	1.0482311683868346	2.3051797949632244	0.28876586977558	0.7735113989945076	0.2920102829810846	1.7844812650581723	0.9616201600125405	0.572307504197721	3.1502474750888383	0.8279767407566908	1.0	1.0	0.0	1.0	1.0	0.0	1.0	1.0	1.0	1.0	1.0	1.0	10.0
85000000	0.4483539568189974	0.26664559070895694	1.0696652235906192	1.820003900533576	0.64731996182025	1.8930608162204428	0.9754177624385593	1.3889645144430576	0.8361773710905384	0.35327005296330893	2.8950217406122802	0.9257461420041205	0.0	1.0	0.0	1.0	1.0	0.0	0.0	1.0	1.0	1.0	1.0	1.0	8.0
85100000	0.30416788614278184	0.0783076704865698	0.5947123086827861	1.0845411624518362	0.0923866199678929	2.8088470393392475	0.2668082509365059	0.782264304263695	0.07939473977246658	0.5033046892392881	1.4804102671831243	0.6098596615009119	0.0	1.0	0.0	1.0	1.0	0.0	1.0	1.0	1.0	1.0	1.0	1.0	9.0
85200000	0.5058707193453608	0.35607427805321673	0.19697318687690174	1.5904165578703606	0.08222567837184477	4.319858269070736	0.24618237750602615	1.0857790185666576	0.25000001144509637	0.4333219959268665	2.1321146518551966	0.41615500238992464	0.0	1.0	0.0	1.0	1.0	0.0	1.0	1.0	1.0	1.0	1.0	1.0	9.0
85300000	0.04298918067343724	0.3119003751170443	0.5350845023229699	1.392226985116917	0.23354840650125724	2.752532617958277	0.26397461969805647	1.671667747782083	0.4252371135883307	0.7710041320167379	2.6649764857146963	0.6539406175250196	1.0	1.0	0.0	1.0	1.0	0.0	1.0	1.0	1.0	1.0	1.0	1.0	10.0
85400000	0.31022505726871563	0.20090092038500035	1.1532928389848551	1.728956333653879	0.5171073298938897	1.6602821533353769	0.38217002732335337	1.466292088902841	0.37466268267096514	0.5027962848165306	2.853831445684974	0.7798143594180404	0.0	1.0	0.0	1.0	1.0	0.0	1.0	1.0	1.0	1.0	1.0	1.0	9.0
85500000	0.023332454885293126	0.23454598599465526	0.631797840021464	1.4709104089715916	0.16851946061094122	0.014558146904730809	0.14888604520758678	1.2688418317543397	0.32676802084670065	0.7890199057047186	2.2180826809558445	0.7584278965335521	1.0	1.0	0.0	1.0	1.0	0.0	1.0	1.0	1.0	1.0	1.0	1.0	10.0
85600000	2.4771031394966934	0.34149420214560694	1.0564400859451892	1.303813456060496	0.17497397552936494	1.5023193093511018	0.4857069852901128	1.2291572823795118	0.19616044578448505	0.5631445462227695	2.3055711362431492	0.6546938968272682	0.0	1.0	0.0	1.0	1.0	0.0	1.0	1.0	0.0	1.0	1.0	1.0	8.0
85700000	1.0339497753519948	0.11346216102053575	0.29662542370213024	1.5025661654271913	0.39074108569719745	1.9172206276305372	0.627735524427085	0.8314172828604831	0.4300373808697938	0.4484885814392536	1.8095844542716062	0.5358021373493929	0.0	1.0	0.0	1.0	1.0	0.0	1.0	1.0	1.0	1.0	1.0	1.0	9.0
85800000	0.06607084722273086	0.3913739834885117	2.7464893129384116	2.048200913813928	0.16154884534560898	0.4359059340998963	0.7844124412486997	1.3249566591413788	0.5427047824970904	0.54645035570586	2.716746172499441	1.2873622992444302	0.0	1.0	0.0	1.0	1.0	0.0	0.0	1.0	1.0	1.0	1.0	1.0	8.0
85900000	0.028508287805496253	0.17612139932061088	3.1793589792873904	1.9845538470289397	0.3974471134316359	2.9881073286750017	0.4873064999075229	1.0182076655072674	0.4267698093539837	0.4913948306462283	2.395290322462682	0.44560598559469056	1.0	1.0	0.0	1.0	1.0	0.0	1.0	1.0	1.0	1.0	1.0	1.0	10.0
86000000	3.6647742505098826	0.20852727788100775	1.8115096170850622	1.45952696387877	0.1293758907492131	2.462494768407593	0.6468071987035631	0.8378145531252089	0.3286898757709584	0.11747373132506915	1.8552151884724655	0.6920711739260652	0.0	1.0	0.0	1.0	1.0	0.0	1.0	1.0	0.0	1.0	1.0	1.0	8.0
86100000	0.3072462775486332	0.4001933305236482	0.8445743242910744	1.9243661277967399	0.19073769516514935	1.7751641109067278	0.6187520328205972	1.0824127794224783	0.358330698589831	0.6170385029235878	2.4929587664618467	0.8805883501300356	0.0	1.0	0.0	1.0	1.0	0.0	1.0	1.0	1.0	1.0	1.0	1.0	9.0
86200000	5.9793392061765696	0.27838124706125467	1.579285447132033	2.0057924990004916	0.195679048934986	1.782380196203514	0.493758996033319	1.6449907448777397	0.3409603463064526	0.8975590231820432	2.5763388828575944	1.045709234041149	0.0	1.0	0.0	1.0	1.0	0.0	1.0	1.0	1.0	1.0	1.0	1.0	9.0
86300000	0.5250910487090137	0.5412991688108337	0.12983486603828162	3.3533127192382937	3.3523096978088534	1.4777543573409162	1.0734455138277899	1.7951885282061824	0.27655500567475694	0.7823913390651829	0.5295242921773985	0.1675636005158547	0.0	1.0	0.0	1.0	1.0	0.0	1.0	1.0	0.0	1.0	1.0	0.0	7.0
86400000	1.0758804370608948	0.03949939269532821	1.8143572358153064	0.9022227384653506	0.1271528413775829	0.9133213144574607	0.23900324245716825	1.0325178155469665	0.19759826537021666	0.5015000241250818	1.862911570451907	0.5211824572411355	0.0	1.0	0.0	1.0	1.0	0.0	1.0	1.0	1.0	1.0	1.0	1.0	9.0
86500000	0.9709398298717484	0.30713218758700805	1.2162644569030931	0.7460139905921603	0.17001356155516437	0.1364317881862653	2.552990391680477	0.8472444782752615	0.32357423289053955	0.34895981617492955	1.3188962798372186	0.5387512832586874	0.0	1.0	0.0	1.0	1.0	0.0	0.0	1.0	1.0	1.0	1.0	1.0	8.0
86600000	0.6039355398132292	0.3595683903244554	1.2853170479370315	1.971841756734807	0.2113816862100412	2.046371447083948	0.5017370919498367	1.25682967050169	0.16856670080997496	0.7308347373231954	3.655311997806823	0.7444145969894976	0.0	1.0	0.0	1.0	1.0	0.0	1.0	1.0	1.0	1.0	1.0	1.0	9.0
86700000	0.8996027220802535	0.32578946693268235	0.08792742099737247	2.611159371482801	0.4514742149720805	1.047636836556351	0.719179924839935	1.6140091012164923	0.06763759443060273	1.0128787829333061	4.596163952419253	1.0064463053878445	0.0	1.0	0.0	1.0	1.0	0.0	1.0	1.0	0.0	1.0	1.0	1.0	8.0
86800000	1.2196944515245183	0.19544681915138912	1.5520415322916084	2.1934101018450565	0.25797899106611194	1.2998017230161074	0.5106151470499107	1.3868377943622512	0.45225693682620705	0.7774744663430344	2.6695521502613637	0.9258031684959035	0.0	1.0	0.0	1.0	1.0	0.0	1.0	1.0	1.0	1.0	1.0	1.0	9.0
86900000	0.05020775336039634	0.21300637453506308	0.24922356305100402	1.4368953629764996	0.08720894823918669	1.0845864198859432	1.722253017473298	1.3187995054235262	0.4625762448671877	0.8899273183545366	2.4403782570541748	0.6481875440381764	0.0	1.0	0.0	1.0	1.0	0.0	0.0	1.0	1.0	1.0	1.0	1.0	8.0
87000000	0.7626076952818162	0.46135128674616194	0.3094285798153305	1.7993468502722862	0.36582553866465223	0.39463585714417715	0.40426566752583487	1.8112391088509727	0.37791763494805153	0.9386642386627736	2.4043293302913784	0.9155481781068591	0.0	1.0	0.0	1.0	1.0	0.0	1.0	1.0	1.0	1.0	1.0	1.0	9.0
87100000	0.5682274474486799	0.1865945010845031	1.2242761503815813	1.5030920626110849	0.09968441647043305	1.507812046741777	0.23396287360053306	1.0621383148631705	0.3675002092502731	0.4642764150549807	2.6743080410781688	0.4508151475742172	0.0	1.0	0.0	1.0	1.0	0.0	1.0	1.0	1.0	1.0	1.0	1.0	9.0
87200000	0.4875602151666604	0.46194891661432963	0.08071687244434489	3.1822358027905286	0.4020035001906178	1.3269757591717422	0.6705361633194906	2.2919555070816693	0.3824193573746699	0.6767101128304528	5.299768116711304	1.7004198631311338	0.0	1.0	0.0	1.0	1.0	0.0	1.0	1.0	1.0	1.0	1.0	1.0	9.0
87300000	0.926453872694707	0.16985907164096145	0.07061644093136897	1.7581186542900593	0.26712181066147883	4.362635201926807	1.0866021452180386	1.1964474037588213	0.3063999540825859	0.7160785933777604	2.7660101273132813	0.9867381748621893	0.0	1.0	0.0	1.0	1.0	0.0	0.0	1.0	1.0	1.0	1.0	1.0	8.0
87400000	1.827563602311831	0.293682523028935	0.24012250359972345	1.0194625731449591	0.011819651863391688	0.26899673365292154	1.7676758256877	1.0578833704323092	0.19153132390467964	0.6753587777468212	2.2682341060925086	0.8297280971716721	0.0	1.0	0.0	1.0	1.0	0.0	0.0	1.0	1.0	1.0	1.0	1.0	8.0
87500000	1.7639306197366904	0.20655871977662066	1.458768700171706	1.7576645785558551	0.17224564539275763	0.16463537338913606	0.6708291780668111	0.9052468996338059	3.0758711764941435	0.5079815597406939	2.1513511972699613	0.6531539505944334	0.0	1.0	0.0	1.0	1.0	0.0	1.0	1.0	0.0	1.0	1.0	1.0	8.0
87600000	2.2207416954296053	0.13223823198034654	0.43522222107714725	2.5673730926275296	0.07053004849845486	0.018395179041734624	0.43273763722342057	1.5748063301064672	1.0159730320659508	0.6184863015767957	3.6290911065586435	1.0741173858047797	0.0	1.0	0.0	1.0	1.0	1.0	1.0	1.0	1.0	1.0	1.0	1.0	10.0
87700000	1.5520990110664912	0.23084156005995468	0.48963565123162367	1.9433123343712326	0.25094610248629373	1.0400665826226505	0.8745350666277849	1.7071976125097164	2.499658761078085	0.5673511981837985	2.6288031698945287	0.581307451448762	0.0	1.0	0.0	1.0	1.0	0.0	1.0	1.0	0.0	1.0	1.0	1.0	8.0
87800000	1.3616866025921714	0.28174066315343876	0.08249475804395717	3.1392346096057544	0.33692666984619185	0.29470863686901944	1.4749793397542095	2.0497029226283545	1.339666314041564	0.68149656787724	4.393959744317242	1.3363465572239974	0.0	1.0	0.0	1.0	1.0	0.0	1.0	1.0	0.0	1.0	1.0	1.0	8.0
87900000	0.14407186918965945	0.22956672364272393	1.6650692075825024	0.6241126165759573	0.30228873241788334	1.864978089053587	0.11916339408310392	0.9332186822584352	0.2373386505918544	0.49540635908689945	1.7216862082619506	0.541521248072611	0.0	1.0	0.0	1.0	1.0	0.0	1.0	1.0	1.0	1.0	1.0	1.0	9.0
88000000	0.5485139019196574	0.3652613271015912	1.6169549780577404	1.396089435104314	0.20940916027732095	1.556452432368114	0.4660594898092088	1.107997277621372	0.26034468612984524	0.7032032996490186	2.2054911236446935	1.194479891037248	0.0	1.0	0.0	1.0	1.0	0.0	1.0	1.0	1.0	1.0	1.0	1.0	9.0
88100000	1.6782314210849616	0.2822060501794685	2.0276812347860287	2.5166239423178096	2.708688105609718	1.7199894816765962	0.48991122895595035	1.6819705139035208	0.4749690452587087	0.2996621154854375	0.1275055978997453	0.5969718102522612	0.0	1.0	0.0	1.0	1.0	0.0	1.0	1.0	0.0	1.0	1.0	0.0	7.0
88200000	0.005835844438850949	0.202742935892678	0.45930544559107783	0.887712993018484	0.11239124949545257	1.0471031950349992	0.13745890234561906	0.7494046255309743	0.18677810637764827	0.3854583093708569	1.4612769046606118	0.34468601856811476	1.0	1.0	0.0	1.0	1.0	0.0	1.0	1.0	1.0	1.0	1.0	1.0	10.0
88300000	1.9124688152418645	0.26967503458810677	3.141932635525716	1.6688930970057472	0.22806794934349217	0.26185003859679873	0.5456322456492806	1.345526885096925	0.3451743707479422	0.5133995346042789	2.5850988229575886	0.5763878325136389	0.0	1.0	0.0	1.0	1.0	0.0	1.0	1.0	1.0	1.0	1.0	1.0	9.0
88400000	0.9856775476761928	0.03049965211940818	0.5248014113765408	0.7673518425520847	0.11569683230057695	2.1011076114486995	0.2292074952187035	0.6761366917319713	0.06881615888778067	0.19336220392696873	1.5316591166836064	0.5616605778128589	0.0	1.0	0.0	1.0	1.0	0.0	1.0	1.0	1.0	1.0	1.0	1.0	9.0
88500000	0.110315341971191	0.16212640398472533	0.12071194879601727	0.6339447690136025	0.16247923436577297	0.9127050844182648	0.04273969584952427	0.5360378828862628	0.37813017028844753	0.2778037986913132	1.4155770599194724	0.7209876640326778	0.0	1.0	0.0	1.0	1.0	0.0	1.0	1.0	1.0	1.0	1.0	1.0	9.0
88600000	0.41860123086137696	0.2314485994810002	2.387634977307001	1.283934124898318	0.26312165699588225	2.4823985292207023	0.14740114636194798	0.995542700405534	0.5499694590264375	0.38296118336008933	2.108696797128312	0.906754222998982	0.0	1.0	0.0	1.0	1.0	0.0	1.0	1.0	1.0	1.0	1.0	1.0	9.0
88700000	0.09243891889864685	0.18552198241347875	0.6526142728398472	1.238370603442941	0.12544145210727609	0.5106774364420713	1.3671445714605288	1.0354581698274334	0.21186481506608376	0.8262401147462516	1.7923669505908175	0.6457102087523907	0.0	1.0	0.0	1.0	1.0	0.0	0.0	1.0	1.0	1.0	1.0	1.0	8.0
88800000	0.1020691637303681	0.36543428898377334	0.5456571730503352	1.2836420181379178	0.21961866101250035	0.7643537642843673	0.2788024945580961	1.444817387049475	0.248657770736961	0.523180138135348	2.3740280396040516	0.9565496780276438	0.0	1.0	0.0	1.0	1.0	0.0	0.0	1.0	1.0	1.0	1.0	1.0	8.0
88900000	1.0009356922397368	0.23475836351205262	0.9053881134890454	1.420036466868818	0.2106891426813687	0.42794087407359926	0.23494470022585462	1.327447703705778	0.3454627819267692	0.2988527616947972	2.952978673350433	0.5996934993233936	0.0	1.0	0.0	1.0	1.0	0.0	1.0	1.0	1.0	1.0	1.0	1.0	9.0
89000000	1.9396117965553044	0.24406212708184916	0.1442695464922512	1.5319739342881848	0.26364546732991256	0.5610689790822372	0.12692724294651686	1.8015909205399052	0.7617816857550822	0.41353199825366416	3.2852298714925583	0.8839944442565	0.0	1.0	0.0	1.0	1.0	0.0	1.0	1.0	1.0	1.0	1.0	1.0	9.0
89100000	4.04832908227268	0.15333824958801745	0.6102694189711018	0.5345112531904493	0.04232741492955061	0.5963521054488868	0.15516586019445802	0.9844291271519944	0.35436915277911174	0.2927933374564794	1.4212944632024018	0.6716644654240491	0.0	1.0	0.0	1.0	1.0	0.0	0.0	1.0	1.0	1.0	1.0	1.0	8.0
89200000	0.12285906829760096	0.5398665039353037	1.033518742005403	3.2056684301840477	0.28286297367075086	3.7318442114565027	0.9393470564495866	1.7842015787289829	0.4015659842898482	0.8287458805847604	3.960258106912326	1.5731153972390235	0.0	1.0	0.0	1.0	1.0	0.0	1.0	1.0	1.0	1.0	1.0	1.0	9.0
89300000	1.6811433513372287	0.2357711243594381	0.41451182664849073	1.2829072493775493	0.28297780314573917	1.3754852046393187	0.609308281922175	0.8710060724737295	0.4256142221982436	0.5215006018971858	2.5091213917950004	0.9680393837143185	0.0	1.0	0.0	1.0	1.0	0.0	1.0	1.0	1.0	1.0	1.0	1.0	9.0
89400000	0.9199137777236019	0.3035429118630474	0.8401291183743579	3.1012750856516056	0.21904659271098667	1.389320260778099	1.6798479363022836	1.6251011481138342	0.4550107766344566	0.4717739723080185	5.011182328136649	1.10289907097366	0.0	1.0	0.0	1.0	1.0	0.0	1.0	1.0	1.0	1.0	1.0	1.0	9.0
89500000	0.5174787650755965	0.1981453708670056	0.5832043217138113	2.319710117741211	0.31178223852848114	0.7745922907707233	1.0423648844887607	1.6769072378666177	0.12120603316738127	0.8572604926645956	2.7453656574479113	0.8466935078171315	0.0	1.0	0.0	1.0	1.0	0.0	1.0	1.0	1.0	1.0	1.0	1.0	9.0
89600000	0.0062820903242446925	0.3655560212203907	1.1663743893201886	2.5481778277037037	0.1383603181635149	0.3901133443907043	0.7394787989590722	1.6860087436366318	0.5028154548968647	0.25820690121894907	3.4253041278585554	1.275803118994651	0.0	1.0	0.0	1.0	1.0	0.0	1.0	1.0	1.0	1.0	1.0	1.0	9.0
89700000	1.2230217243913477	0.42912488697206674	1.3021955569636863	1.7689593753723871	0.23098978155910108	0.41408015193340497	0.7554049190738054	1.099799282113263	0.2515342720295111	0.5597331455655462	2.5143537389420163	0.8202172489641287	0.0	1.0	0.0	1.0	1.0	0.0	1.0	1.0	1.0	1.0	1.0	1.0	9.0
89800000	1.5085165559721598	0.23185005527401628	0.8327758971203085	1.535846863036649	0.28807001415094974	2.1142390422603583	2.1010218425507925	1.0845000794379662	0.6687831129118972	0.44225612579092427	2.3309093519652486	0.6355954304317886	0.0	1.0	0.0	1.0	1.0	0.0	0.0	1.0	1.0	1.0	1.0	1.0	8.0
89900000	2.1358719957325327	0.14231144399486687	0.20071585829561486	1.3063909121182586	0.11849347958334772	0.512834749964253	0.609986497946159	0.967653738037729	0.18304711510550714	0.4058648890959241	1.986448481545602	0.592556324059688	0.0	1.0	0.0	1.0	1.0	0.0	1.0	1.0	1.0	1.0	1.0	1.0	9.0
90000000	1.1430459755679787	0.16551977755621852	0.9081994058866777	1.5970938894777624	0.3065124018184507	2.886505308174306	0.5631663348475152	1.1679393642095455	0.5281590772070323	0.8908173939193458	2.6961977889207516	0.7014914498575843	0.0	1.0	0.0	1.0	1.0	0.0	1.0	1.0	1.0	1.0	1.0	1.0	9.0
90100000	0.7099228911377585	0.27672187513416546	0.42439288115958457	1.8134908454722611	1.9412125913204943	0.9840593474183749	0.6510227062534275	1.0174830273475708	1.0423036973552233	0.276565594811931	0.08669174595391967	0.09758089807123498	0.0	1.0	0.0	1.0	1.0	0.0	1.0	1.0	0.0	1.0	1.0	1.0	8.0
90200000	1.774534044672522	0.27751608781318776	0.05656952831466883	1.704260932176001	0.09043935413977819	0.5199067717517251	0.6206155774870763	1.3321555171480812	0.4620084793425357	1.1141564822412973	2.698726950064633	0.9555608999531439	0.0	1.0	0.0	1.0	1.0	0.0	0.0	1.0	1.0	1.0	1.0	1.0	8.0
90300000	2.6849671501849643	0.36647209010687665	0.4866468472598911	1.5352049724966907	0.0958255263120844	0.8005488825621386	0.604964645604075	1.8635307909749503	0.6978554326418235	0.9298554153459804	2.7451193866742543	0.9512096720644057	0.0	1.0	0.0	1.0	1.0	0.0	1.0	1.0	0.0	1.0	1.0	1.0	8.0
90400000	1.2012108395144467	0.16744469473018364	4.058665245902349	1.7868051129859606	0.2240923355056981	0.6651360742557102	0.45473023242621907	1.8781497240694496	0.16566282805151034	0.6969983283447565	2.619323545092374	1.2427526215561449	0.0	1.0	0.0	1.0	1.0	0.0	1.0	1.0	1.0	1.0	1.0	1.0	9.0
90500000	0.23197783944588254	0.0873954771866604	0.07268539408484768	0.8905219752909496	0.09083570171008483	0.27066456590444493	1.7687874776948411	0.6843305479058828	0.21462102529305255	0.33757762407069264	1.6804591346269064	0.593363835139586	0.0	1.0	0.0	1.0	1.0	0.0	0.0	1.0	1.0	1.0	1.0	1.0	8.0
90600000	0.12794845647156539	0.33668632217560396	1.356911201087364	1.7486909098955896	0.4782815223956194	2.7057877520639724	0.43998056971685545	1.2036241128528842	0.23615562563854273	0.3876543887730982	2.729846313394397	0.6516209058224846	0.0	1.0	0.0	1.0	1.0	0.0	1.0	1.0	1.0	1.0	1.0	1.0	9.0
90700000	1.008630220626946	0.21678295781329757	0.03170493058929609	1.9984666845430412	0.24515833118703714	1.6086738526278852	1.1891749819845923	1.8937670432155236	0.8118822973747486	0.9184868377111616	4.304480692774439	0.9982196916644882	0.0	1.0	0.0	1.0	1.0	0.0	1.0	1.0	1.0	1.0	1.0	1.0	9.0
90800000	1.1096051679413044	0.3686170846079992	0.6747181406902314	1.8787774495275442	0.10696167326511724	0.8793339332596416	0.17968958327723802	1.572357516235871	0.35316623699609256	0.6809034764995956	2.263936185171783	0.6297667499971922	0.0	1.0	0.0	1.0	1.0	0.0	1.0	1.0	1.0	1.0	1.0	1.0	9.0
90900000	0.7567592472137182	0.32172662962950666	0.7322854052628285	1.8156248274566218	2.5059764195013763	0.3025908274661442	0.6983925025106836	1.1934721706597944	0.32936720311636686	0.7761276048623342	0.0932309156268399	1.8070193874203189	0.0	1.0	0.0	1.0	1.0	0.0	1.0	1.0	0.0	1.0	1.0	0.0	7.0
91000000	2.7735854643747277	0.24294319027519556	1.3718126922854523	2.2499092465967716	0.2985345882715533	2.124674038967624	0.7372478520582831	1.2170690074502306	0.37156149770810887	0.4296864142231991	2.22241424358132	0.3638151327319407	0.0	1.0	0.0	1.0	1.0	0.0	1.0	1.0	1.0	1.0	1.0	1.0	9.0
91100000	0.6524941227883814	0.2116706353924936	0.9581083412195875	1.1050883344936555	0.09595888614418442	0.3716949415918884	0.31412551642483283	1.1061886426844507	0.11533334735314474	0.3382320921680824	1.8480932582945535	0.4081395974420511	0.0	1.0	0.0	1.0	1.0	0.0	1.0	1.0	1.0	1.0	1.0	1.0	9.0
91200000	1.3634259918352047	0.2519514747467501	1.2423026266126684	2.2247384189717496	0.24368232052571034	1.5776511753072469	0.4799543038510225	1.2787519118349213	0.03091502406502624	0.6144320518036723	2.713774210287775	0.8335653017125252	0.0	1.0	0.0	1.0	1.0	0.0	1.0	1.0	1.0	1.0	1.0	1.0	9.0
91300000	0.6337448197406372	0.36203221316529766	1.843719099147945	3.5614611629648647	0.4074321094956053	0.9425589492425205	0.5212119547232592	2.4170890593929744	0.2834478760008143	1.1469284929789147	4.609121527925562	1.422221858547378	0.0	1.0	0.0	1.0	1.0	0.0	1.0	1.0	1.0	1.0	1.0	1.0	9.0
91400000	0.057382136779641824	0.33894804725078304	0.2088442602731672	1.3489887245215244	0.18400504175675406	1.0474990806293407	2.3314250362887274	1.3360144899878588	1.4052800300117527	0.6641309183911931	3.4858114731701577	1.4271660821653744	0.0	1.0	0.0	1.0	1.0	0.0	0.0	1.0	1.0	1.0	1.0	1.0	8.0
91500000	0.17199971111169352	0.5203110237907611	0.622582227150285	2.6621180415321644	0.3118370983997976	0.9973063566532635	1.6343469364722676	1.6538957242725298	0.32513790116462804	0.8036112464274057	4.636715244871739	1.2404089050760305	0.0	1.0	0.0	1.0	1.0	0.0	1.0	1.0	1.0	1.0	1.0	1.0	9.0
91600000	1.0219929425495728	0.3023721382260243	0.12355123081905295	4.3240742886691566	0.7821379160153608	1.3527568136559964	0.7541764667401722	2.4762942020812497	0.589660338161334	0.8282919990160715	4.478231727439756	0.33771597602957043	0.0	1.0	0.0	1.0	1.0	0.0	1.0	1.0	1.0	1.0	1.0	1.0	9.0
91700000	0.10102315575708425	0.1513441415198115	3.3600196935591935	1.067142428471355	0.07608876575964117	0.06186107148122611	0.3431967384639209	0.7574564475568456	0.10704167551089822	0.6322947015981931	2.136717816489007	0.8250830167569263	1.0	1.0	0.0	1.0	1.0	0.0	1.0	1.0	1.0	1.0	1.0	1.0	10.0
91800000	0.05383398730870606	0.5522503177512604	1.0681395141763328	1.72917310317043	0.27008457993810087	0.16953541423012103	0.6388490920492977	1.153232629876462	0.1498401496070388	0.611144690247514	3.2544013019662748	1.1314220836041358	0.0	1.0	0.0	1.0	1.0	1.0	1.0	1.0	1.0	1.0	1.0	1.0	10.0
91900000	1.935921561828662	0.13239162898876955	1.6451883793451678	1.2141071790605233	0.26493270906757527	0.18634740323739585	0.3969589585862787	0.9788513063863383	0.18182072796280493	0.23296433287625543	1.5785985637233884	0.7149441129235719	0.0	1.0	0.0	1.0	1.0	0.0	1.0	1.0	1.0	1.0	1.0	1.0	9.0
92000000	0.5822532171195858	0.08583287396424438	0.5939158773505283	1.574804135673462	0.6151941616112938	2.5698366696050168	0.4181115326252223	1.5134845698192214	0.1804507153484634	1.2996391892910149	3.386750265256657	0.9992501752841332	0.0	1.0	0.0	1.0	1.0	0.0	1.0	1.0	1.0	1.0	1.0	1.0	9.0
92100000	0.0028677670908312104	0.3717851989394454	1.7241001638456113	1.2709781739225903	0.2815349658381165	0.35974198293588755	0.6186066849763893	0.8493903272038922	0.07177348583276254	0.4347912673585533	1.9794585982246875	0.6347999480952937	0.0	1.0	0.0	1.0	1.0	0.0	1.0	1.0	0.0	1.0	1.0	1.0	8.0
92200000	0.8713061125651116	0.7947490409746877	0.4354010807583431	1.9133955053950293	0.3694162367036048	0.32511113423098337	0.49435468441393143	2.6082789238758415	0.3117185585736786	1.8538602283818326	5.619633182365499	1.7255208229259333	0.0	1.0	0.0	1.0	1.0	0.0	1.0	1.0	1.0	1.0	1.0	1.0	9.0
92300000	1.097031372821718	0.06914061985798414	2.4056905118958976	0.6884711787104703	0.11069159972459104	0.9068595625903133	0.5309853417666617	0.6198158855910298	3.673304506870782	0.21609337845017496	1.661137539059141	0.3772187331791058	0.0	1.0	0.0	1.0	1.0	0.0	1.0	1.0	0.0	1.0	1.0	1.0	8.0
92400000	2.2886614154827734	0.08139666971862118	0.37267143265381686	2.814607318487423	0.40074448379411814	0.028636137086626306	1.6589856004715364	2.201905343376532	0.6261449897112502	1.717557566355527	5.482733057292732	1.9712584441315464	0.0	1.0	0.0	1.0	1.0	0.0	1.0	1.0	1.0	1.0	1.0	1.0	9.0
92500000	1.5383029541485123	0.14439205998998053	1.9252389814866246	2.6399881780183034	0.2195211821076277	3.7218271562688816	0.5679100951920099	1.726199448141908	0.34506332861927724	0.7899457154999591	2.960391995138185	0.721663635508257	0.0	1.0	0.0	1.0	1.0	0.0	1.0	1.0	1.0	1.0	1.0	1.0	9.0
92600000	0.2520034318636392	0.8402561075735456	0.519813012986175	2.3070888686648527	0.5854992909985934	0.048595105355726274	1.077086621248313	2.186177370174293	0.6098519190674231	1.052507732524942	3.7165902311883277	2.1092684169600795	0.0	1.0	0.0	1.0	1.0	1.0	1.0	1.0	1.0	1.0	1.0	1.0	10.0
92700000	2.792484407043106	0.12478477676267084	0.18573217418563662	0.7128633581448713	0.15895528158095742	0.010825456074278646	0.10322072260581083	0.5038858153293414	0.11109336775900064	0.275936744450585	1.035204272680039	0.21703779382969246	0.0	1.0	0.0	1.0	1.0	0.0	1.0	1.0	1.0	1.0	1.0	1.0	9.0
92800000	0.5274253164424694	0.13166699294300485	0.34269922625520693	1.1701876010323384	0.13991195352487656	0.8020645993223776	0.22315806188003826	0.7080375788870964	0.37423246362408663	0.4079497531839194	1.4754187429937506	0.6368232906966648	0.0	1.0	0.0	1.0	1.0	0.0	1.0	1.0	1.0	1.0	1.0	1.0	9.0
92900000	0.07363091380096962	0.17340016718563803	1.0967210405859924	1.8646813106665305	0.3188632237311251	0.7145415508540723	0.21705817398187066	2.0843706481137594	0.4673383767274645	1.0111222784738851	3.3152312033043208	1.7742579194622348	0.0	1.0	0.0	1.0	1.0	0.0	0.0	1.0	1.0	1.0	1.0	1.0	8.0
93000000	0.8123205226751774	0.1148686777463449	0.28711171194410023	1.3747632348883099	0.22680628874586625	1.0012494189656318	0.7052067344350783	0.8544967066104937	2.9672632922018907	0.30780992003898666	2.284889377516135	0.6993711372025012	0.0	1.0	0.0	1.0	1.0	0.0	1.0	1.0	0.0	1.0	1.0	1.0	8.0
93100000	2.406244648917718	0.3165539352957608	0.02471311328800172	1.0335332580006307	0.025002617421593862	0.9890713225343803	0.3394378859857243	0.8666328561434101	0.4414413887293017	0.6966786609721818	2.602321071034277	0.6724111101701262	0.0	1.0	0.0	1.0	1.0	0.0	1.0	1.0	1.0	1.0	1.0	1.0	9.0
93200000	1.6388212120376542	0.14832194537310728	0.5076697604706255	1.6841724727859386	0.2159155554163631	0.4813330605890888	0.7302208194738483	2.2821434019121054	0.7173492067094506	0.6423151495987873	4.50750078352044	1.426845400869784	0.0	1.0	0.0	1.0	1.0	0.0	0.0	1.0	1.0	1.0	1.0	1.0	8.0
93300000	0.12512532066329657	0.3034753985609666	1.402558901721527	5.095933974606816	0.32146642550357696	0.2337342766439103	1.2926515328492427	2.643905637819702	0.07042669310717158	0.5723831428200887	4.432464740629133	1.1303950530163018	0.0	1.0	0.0	1.0	1.0	1.0	1.0	1.0	0.0	1.0	1.0	1.0	9.0
93400000	0.5489563190176017	0.2686716005219046	1.0230755588808478	3.336539607659122	3.2490655778873174	0.06013986100702401	0.9194074059010353	1.9363417164910175	1.9887960518493806	0.7696683501633785	0.4716123328451714	0.17125207485489496	0.0	1.0	0.0	1.0	1.0	0.0	1.0	1.0	0.0	1.0	1.0	0.0	7.0
93500000	0.27960090905463636	0.3101828882422932	0.1705072681619297	2.9440174468054376	3.5413528755208867	0.11087044325076675	0.8205997126991046	1.3167926411275712	1.5496395623668904	0.7565509270966981	0.29326368151465815	0.5529988693042217	0.0	1.0	0.0	1.0	1.0	0.0	1.0	1.0	0.0	1.0	1.0	0.0	7.0
93600000	0.8708141225504896	0.23801051420084282	1.3230258599113294	1.678850357431036	0.11941752299739328	0.24986688852888725	0.5144955405254469	0.8086773105875721	0.22997714371262518	0.4482812037964397	2.910445255088223	0.6667127344198334	0.0	1.0	0.0	1.0	1.0	0.0	1.0	1.0	1.0	1.0	1.0	1.0	9.0
93700000	0.14384538478296433	0.4005768720851592	1.8360795573003739	3.699904112027166	4.244371691771169	0.9067107215858358	0.9154564723692372	1.7638461309786295	1.6370693590258147	0.7163521865119917	0.3173019715358565	3.5588450260162054	0.0	1.0	0.0	1.0	1.0	0.0	1.0	1.0	0.0	1.0	1.0	0.0	7.0
93800000	0.01652141509020074	0.3354808464771655	2.941201853019585	2.7158710138160003	3.598048617897714	0.08417238328868028	1.9338645143647841	1.4711767927166202	1.9373855739455068	0.7560307456791284	0.08050806491546193	1.5953509834917832	1.0	1.0	0.0	1.0	1.0	0.0	1.0	1.0	0.0	1.0	1.0	0.0	8.0
93900000	1.6725852507540975	0.12106558387759256	2.4819303699363133	2.1309864673335173	2.6037440426483474	1.822371769182255	0.6426145486496525	0.9363199534093859	1.761639018237771	0.728887515133614	0.27995760677051407	0.476930018138253	0.0	1.0	0.0	1.0	1.0	0.0	1.0	1.0	0.0	1.0	1.0	0.0	7.0
94000000	0.6257890460587808	0.05143526710774526	0.36688099189483525	1.1770428179601253	1.276378637352172	0.3514003842715569	0.4225396203120358	1.0672748928709073	0.22852139281087297	0.33023023857090983	0.19666929328337363	0.6951908989220267	0.0	1.0	0.0	1.0	1.0	0.0	1.0	1.0	0.0	1.0	1.0	0.0	7.0
94100000	1.0153523627266468	0.14904763426796278	0.05393643776124562	1.2320664690745755	0.04858821315022896	0.4917337192287832	0.30055775733963136	1.14508572758813	0.34555529950200453	0.5060848514360288	2.3347510274105363	0.677390058737358	0.0	1.0	1.0	1.0	1.0	0.0	1.0	1.0	1.0	1.0	1.0	1.0	10.0
94200000	0.40705641908411455	0.27321839341006593	0.016972808602703695	1.8429675444860634	0.4348646331025473	0.9402125023275211	1.32133281196917	1.6431100482056622	1.026410230357304	0.8659822696823387	2.8014809234224987	0.9845392701881023	0.0	1.0	0.0	1.0	1.0	0.0	0.0	1.0	1.0	1.0	1.0	1.0	8.0
94300000	0.668826072217634	0.21415677595755495	0.08063960233589836	1.6354357401723931	0.17040465489642054	1.7006833429647699	0.5715896808898528	1.1514278701673117	0.11481665432379859	0.710074936511929	2.649379484510021	0.769305851953077	0.0	1.0	0.0	1.0	1.0	0.0	1.0	1.0	1.0	1.0	1.0	1.0	9.0
94400000	0.2394338811862033	0.2568889894860651	0.28512887932198966	1.7219094889451865	0.27018308344875563	0.5567984853995877	0.4461461016677794	1.0890017146684114	0.6967190342662537	0.7739589088213452	2.6718930011357482	1.2499890859829839	0.0	1.0	0.0	1.0	1.0	0.0	0.0	1.0	1.0	1.0	1.0	1.0	8.0
94500000	1.3167722240142192	0.14428145926044791	0.3562954717873324	1.497494595874828	0.3064790439708956	0.5047989857690293	0.15677633930607296	1.1252841837722134	0.28464120692812245	0.4561099743517031	2.059599299765732	0.4560860744009385	0.0	1.0	0.0	1.0	1.0	0.0	1.0	1.0	1.0	1.0	1.0	1.0	9.0
94600000	0.48827109458814444	0.29459209519502316	2.1605043952145473	1.629798283025809	0.06546434700868908	2.7179005169512127	1.2287914447208097	1.4449277872608863	0.5459774450395578	0.5148156776527693	2.712381878407333	1.138199389332664	0.0	1.0	0.0	1.0	1.0	0.0	0.0	1.0	1.0	1.0	1.0	1.0	8.0
94700000	0.18761507624100893	0.27907507887165817	0.7842839581092194	2.1287094427453273	0.19706332380699268	0.06292863219163113	0.44487145987965915	1.3849422619416734	0.3185128140786753	0.7070170133958862	2.933360800221606	0.6249417790409078	1.0	1.0	0.0	1.0	1.0	0.0	1.0	1.0	1.0	1.0	1.0	1.0	10.0
94800000	1.029817145989311	0.16284598154548352	0.24787275725704253	1.8427159279852559	0.13731294915264153	0.37401168202172996	0.5926164895833712	1.0028425361990396	0.1999028886035675	0.7547262799419564	3.133366145378072	1.237813492671117	0.0	1.0	0.0	1.0	1.0	0.0	1.0	1.0	1.0	1.0	1.0	1.0	9.0
94900000	0.7004155272591664	0.14869691551104422	0.21741335609932302	1.3589184475896274	0.17889810105733622	0.775867847538497	0.6098283258842913	0.8168572922341659	0.186123520600124	0.42613139428381586	1.9363393212427815	0.38997025439595084	0.0	1.0	0.0	1.0	1.0	0.0	1.0	1.0	1.0	1.0	1.0	1.0	9.0
95000000	0.5755473469999486	0.44412471344675125	0.6229820004259596	2.4568354009840134	0.74724377075375	0.944134893719718	0.9639283519037865	2.873322997313262	0.4262726049776124	0.9112715859471687	3.9734159987639877	2.360048456963375	0.0	1.0	0.0	1.0	1.0	0.0	1.0	1.0	1.0	1.0	1.0	1.0	9.0
95100000	0.38142629930807287	0.2625244156604388	1.2748463524413851	0.7582180829276177	0.15028401402432853	2.0727135027402137	2.6790843035574206	1.106581497072644	0.4417326326187448	0.4926179372918833	2.4790212281043265	0.7556918079627583	0.0	1.0	0.0	1.0	1.0	0.0	0.0	1.0	1.0	1.0	1.0	1.0	8.0
95200000	0.057648957792981625	0.07103377236954231	0.9757307930873552	2.7324334193781197	0.305388067764672	1.3190360507636192	1.4097036391785107	2.7390477629852334	0.991931796560281	0.5186557812334327	4.996194771139037	0.9801126209153814	1.0	1.0	0.0	1.0	1.0	0.0	1.0	1.0	1.0	1.0	1.0	1.0	10.0
95300000	0.09672301238159928	0.125546276608595	0.28144563903528624	1.6127212578688073	0.3748597612948481	0.07847617194734376	0.6420236292913616	1.3363133087015875	0.08953971208943055	0.8801716213696117	3.488445618250589	0.8793782404714688	0.0	1.0	0.0	1.0	1.0	0.0	1.0	1.0	1.0	1.0	1.0	1.0	9.0
95400000	2.9245901245370045	0.3574253303209826	1.089348552464834	3.91088564743747	3.378664517428001	1.5920887314881622	0.7678967478482915	1.7633521352284336	0.09466973460483202	0.8051824121841102	0.2929526410995756	1.020404877483136	0.0	1.0	0.0	1.0	1.0	0.0	1.0	1.0	0.0	1.0	1.0	0.0	7.0
95500000	1.2347820218941445	0.09946359929428983	0.08475020486349588	1.9638937536479661	2.580004651551359	0.29437607322960524	0.6930468371349178	1.195396091534044	0.811537336857553	0.5622000983778666	0.7414976915859405	0.018800741616222395	0.0	1.0	0.0	1.0	1.0	0.0	1.0	1.0	0.0	1.0	1.0	0.0	7.0
95600000	4.625029504369273	0.2274702871758106	1.252766107596244	1.30986014954507	1.3546584738958756	1.8426668571316058	0.4427645143189709	0.613179310480025	0.7357053507830145	0.46592999791705647	0.14528243372818603	1.2327015265592667	0.0	1.0	0.0	1.0	1.0	0.0	1.0	1.0	0.0	1.0	1.0	0.0	7.0
95700000	0.05246942872175249	0.19909489086619694	3.0232642768181788	2.3909891670223273	3.269630112385615	0.16645295655914197	1.3726424582355397	1.643910470028535	0.06340297207439335	0.286620788087111	0.20339823626210016	0.63245171442059	1.0	1.0	0.0	1.0	1.0	0.0	1.0	1.0	1.0	1.0	0.0	0.0	8.0
95800000	1.205772076950837	0.15888115413656792	0.6840231530646548	1.636918483723447	1.6733317627694961	0.9927149533822532	0.5568993204423085	0.8218155630524211	1.6602591277184264	0.5342197837049014	1.3622843765246175	0.16366324280647349	0.0	1.0	0.0	1.0	1.0	0.0	1.0	1.0	0.0	1.0	0.0	1.0	7.0
95900000	5.071931801218737	0.24517168474216958	3.552967529210369	2.392870549211505	3.0089959966509263	0.22055520185670024	0.6298818085803397	1.2335599251339178	1.212933315318788	0.7226782331115364	0.04006445892836021	3.29799719059945	0.0	1.0	0.0	1.0	1.0	0.0	1.0	1.0	0.0	1.0	1.0	0.0	7.0
96000000	1.2954585347248586	0.6051743343341542	1.2661903217497723	3.6723726782586303	5.3978698604533575	0.02078447264830017	1.1874571836344194	1.915919808729398	0.39736527141770245	0.5276597857123608	0.05153523204924446	3.317160449406689	0.0	1.0	0.0	1.0	1.0	0.0	1.0	1.0	0.0	1.0	1.0	0.0	7.0
96100000	0.07428730027541208	0.18665300621392025	0.3772209110077891	1.6429221868634354	0.22108448689742907	0.5911587861834581	0.3909258330767172	1.1751741936913394	0.31540030341723463	0.9377447268203765	3.846687130932789	0.6917714594791894	0.0	1.0	0.0	1.0	1.0	0.0	1.0	1.0	1.0	1.0	1.0	1.0	9.0
96200000	1.4774103527043718	0.34352481454313266	2.213373454686144	1.9638298132529362	2.1334287735171364	1.2335193202112835	0.5383744508366426	1.0572300036292046	0.4744853593456658	0.4156744631104987	0.02494232605723299	3.820037582094091	0.0	1.0	0.0	1.0	1.0	0.0	1.0	1.0	0.0	1.0	1.0	0.0	7.0
96300000	2.9326187706674753	0.10423259019620992	1.430166006559893	2.310042594601773	2.4582982236504556	0.32238442388664024	0.9031715182077388	1.2513613966123778	1.1801071297320684	0.2419846711153306	0.2388194623268767	0.17725497050040093	0.0	1.0	0.0	1.0	1.0	0.0	1.0	1.0	0.0	1.0	1.0	0.0	7.0
96400000	0.36056858414052195	0.2332447525672406	0.034761347966495604	1.843568977981006	2.57739133815943	0.13123187758878607	0.6629891178448956	1.726856236770435	2.451136375086615	0.3461527624192237	0.1751424593957953	1.6172919041617844	0.0	1.0	0.0	1.0	1.0	0.0	1.0	1.0	0.0	1.0	1.0	0.0	7.0
96500000	0.7897340314492033	0.18444719854999472	0.018261537750411026	2.198798896391713	2.185359107705769	0.44372561149684475	0.6824869607757413	1.265326592692836	0.188826215049666	0.4179186881945963	0.21409232457571425	0.16834090124271556	0.0	1.0	1.0	1.0	1.0	0.0	1.0	1.0	0.0	1.0	1.0	0.0	8.0
96600000	0.05900629861506525	0.4354661640221259	2.6050430850095765	3.204983120182949	2.5656322220190213	0.5996731598285163	0.723788064308598	1.5424897402520301	0.1898099017480252	0.6360819896956301	0.08367191679518403	0.1591670926330121	1.0	1.0	0.0	1.0	1.0	0.0	1.0	1.0	0.0	1.0	1.0	1.0	9.0
96700000	0.7206035705500502	0.43070731997030176	1.3075757460083983	2.639023161728509	0.16767032293030878	0.17105332975084234	0.25124223173883836	1.5785308893562087	0.4227917583759859	0.9068344800574302	4.398038020791552	1.0252176194420644	0.0	1.0	0.0	1.0	1.0	0.0	1.0	1.0	1.0	1.0	1.0	1.0	9.0
96800000	0.6956265059249889	0.5126574092470987	0.12134698297732836	2.6963865841821586	0.19385147600572789	0.5593361595648715	1.3632659758252788	3.2265581851664096	0.3960903109403318	1.4228199239011126	4.1724307426254335	0.81909132095295	0.0	1.0	0.0	1.0	1.0	0.0	1.0	1.0	1.0	1.0	1.0	1.0	9.0
96900000	0.333310103729213	0.27614355962963294	1.2608607675083838	2.8763146462676032	0.7927449274414943	0.9055045476325464	1.4327726233399716	1.6345221263322187	0.1760728377085424	0.920284107988525	3.894749076282465	1.1557662286094823	0.0	1.0	0.0	1.0	1.0	0.0	1.0	1.0	0.0	1.0	1.0	1.0	8.0
97000000	0.12914031118258737	0.48390739944629035	0.6130355176728839	2.2708099588016255	0.24674418303457432	0.5868140713482931	1.7365325685510387	2.9472592907888733	0.836774419956855	1.4751311352148377	3.584272351799166	1.4222133963700667	1.0	1.0	0.0	1.0	1.0	0.0	0.0	1.0	1.0	1.0	1.0	1.0	9.0
97100000	1.8527836144746788	0.13349137173587297	0.4291938938666247	1.1523483369943968	0.28153907924190025	0.9572398708035964	0.9845701545236059	0.9784244138749327	0.34826150355570523	0.6301381138959653	2.6270595074545215	0.7584428438422943	0.0	1.0	0.0	1.0	1.0	0.0	0.0	1.0	1.0	1.0	1.0	1.0	8.0
97200000	0.20413004106502514	0.04453846460854521	0.3002825179554238	0.8877882206758924	0.11016013354949511	0.24108006228367418	0.3819235457412226	0.5696785406800514	0.1093184985284749	0.3198278605036707	1.896262615332863	0.4368327958776463	0.0	1.0	0.0	1.0	1.0	0.0	1.0	1.0	1.0	1.0	1.0	1.0	9.0
97300000	1.9955021971602585	0.7624507332021683	0.7990663483791964	3.4339016541839755	0.24486924867537674	0.04232798437301128	1.0452847321025545	1.7383553278648787	0.34482169247988137	0.8170525802067072	4.1455735596768255	1.2250466009966419	0.0	1.0	0.0	1.0	1.0	1.0	1.0	1.0	1.0	1.0	1.0	1.0	10.0
97400000	2.3579367846508585	0.4894502896207547	1.581352915848756	3.4043871339005367	0.2824842934243638	0.8137918192710691	0.6595660250066093	2.215526772166972	0.6315343296551599	1.1490802480627014	4.508566944573083	2.0767605326687297	0.0	1.0	0.0	1.0	1.0	0.0	1.0	1.0	1.0	1.0	1.0	1.0	9.0
97500000	0.21032890517154007	0.17199810713098596	0.667105149614496	1.088268502882016	0.2254073979492562	0.35655831132280025	2.1006600989293323	0.8171590120833148	0.35421665104352773	0.17311001519577127	1.3368528288058716	0.4680335113477728	0.0	1.0	0.0	1.0	1.0	0.0	0.0	1.0	1.0	1.0	1.0	1.0	8.0
97600000	0.14309689464980038	0.27847459776264694	2.106000481707297	2.157528952243967	0.49107061470717106	1.0259377189510437	0.8366681528254543	1.265507677061333	0.3262768556146755	0.9494235070379988	3.6686733539475957	1.2197710647708162	1.0	1.0	0.0	1.0	1.0	0.0	1.0	1.0	1.0	1.0	1.0	1.0	10.0
97700000	1.7549513107700654	0.31657669700274205	1.5103817384586409	2.4235288909957244	0.04530738915251239	0.47493659024448764	1.0015044999328886	1.2735188641960575	0.9010697623726676	0.7711495147356777	3.0300263207517086	1.1297552032502107	0.0	1.0	0.0	1.0	1.0	0.0	0.0	1.0	1.0	1.0	1.0	1.0	8.0
97800000	0.3068083645865539	0.07072764157143825	1.807307761135863	1.2874857459261908	0.14530866458394975	0.660129643878809	0.45891299371794464	0.9067309655120527	1.327399798367998	0.3745988576410588	2.007931663625271	0.6158972289552472	0.0	1.0	0.0	1.0	1.0	0.0	1.0	1.0	0.0	1.0	1.0	1.0	8.0
97900000	1.2918809315542112	0.31880702181232967	0.41261686776829787	1.1624969412843518	0.10181705214738959	0.20372448544476443	0.6341257718420982	1.1005941313935517	0.10879162917182097	0.4494038152996375	2.311783165745125	1.0694065975765659	0.0	1.0	0.0	1.0	1.0	0.0	1.0	1.0	1.0	1.0	1.0	1.0	9.0
98000000	0.7425950189714707	0.2733081612073826	1.4706373582245318	1.5847423502515554	0.3444657234738616	9.161248033308341	0.9255143769317575	1.0009037454367942	0.03842437391242975	0.24886334380397046	2.7209078760022694	0.861403481567092	0.0	1.0	0.0	1.0	1.0	0.0	1.0	1.0	1.0	1.0	1.0	1.0	9.0
98100000	0.02158430056992685	0.08537501501425612	1.5139623989490107	0.7292122387130514	0.99698119087566	1.3609338991253692	0.27808415475245907	0.3667568604943492	0.4585812942330249	0.23750406868457466	0.03366714507601977	3.4198406581288547	1.0	1.0	0.0	1.0	1.0	0.0	1.0	1.0	0.0	1.0	1.0	0.0	8.0
98200000	1.4370812646483873	0.09486554618220704	0.028557371101933588	1.207779514313871	0.046410244834355845	0.3025431002491837	0.37719460798451154	0.8037978046689036	0.2045515057993762	0.4441286470508634	1.8840351082170401	0.2781938972864617	0.0	1.0	0.0	1.0	1.0	0.0	1.0	1.0	1.0	1.0	1.0	1.0	9.0
98300000	0.8338121366099248	0.148393555219109	1.481223213798882	1.4828324587754054	0.06441129551295213	0.5664684960642759	0.7123397931679448	1.2527864933831387	0.363240832104449	0.6673738475511216	2.626734059561245	0.6774811852465017	0.0	1.0	0.0	1.0	1.0	0.0	0.0	1.0	1.0	1.0	1.0	1.0	8.0
98400000	0.3660130343165989	0.2805758540907093	4.271182861969009	2.02633307026449	0.3998856601368589	0.37876649735993273	0.6690688340408437	2.168648510749081	3.400339959556651	0.6569205291630258	3.203557020597152	0.7240905939117775	0.0	1.0	0.0	1.0	1.0	0.0	1.0	1.0	0.0	1.0	1.0	1.0	8.0
98500000	0.11245034039142923	0.3856677924981503	0.5800701288257916	3.3613459309034384	0.2050669518147434	0.7125086273691766	1.2395809397370527	2.6326569191811764	1.5920795691552563	1.5109805962650515	5.7717354241883045	3.461534526303416	0.0	1.0	0.0	1.0	1.0	0.0	1.0	1.0	0.0	1.0	1.0	1.0	8.0
98600000	0.10658467382433032	0.11024194307630213	0.10550633600364517	1.0927414832428044	0.1205354780345299	0.40692562268619614	0.35753383357232965	0.6905511764388018	0.10195302279870143	0.6182760917486625	2.0027945141041594	0.7210175986823889	0.0	1.0	1.0	1.0	1.0	0.0	1.0	1.0	1.0	1.0	1.0	1.0	10.0
98700000	0.693811558078282	0.24302873932521377	0.15516488632878173	0.9507563292205903	1.0125279695392415	1.2102318088879969	0.2731262482314123	0.5389413058377157	8.32855798027964	0.28735003958049976	0.30964894458027	0.35016649545990747	0.0	1.0	0.0	1.0	1.0	0.0	1.0	1.0	0.0	1.0	1.0	0.0	7.0
98800000	0.16549983333364168	0.17175332505883123	1.6187053909272946	1.1765176443901	1.3219898176880103	0.14236057342790692	0.18599415718719747	0.6521053647874737	0.6850077555916574	0.35556166021361163	0.21429980987512287	0.8082070224889075	0.0	1.0	0.0	1.0	1.0	0.0	1.0	1.0	0.0	1.0	1.0	0.0	7.0
98900000	0.19278140742080555	0.1700275461178655	0.5980581174367364	1.8547301778778482	1.7690888638669537	0.2607641695846106	0.38023992893236064	0.9418094256774542	0.036750458193550536	0.3876331063683253	0.36332523147671014	5.261952767482998	0.0	1.0	0.0	1.0	1.0	0.0	1.0	1.0	0.0	1.0	1.0	0.0	7.0
99000000	0.17278721948989736	0.21910674848481737	0.26740903829926665	0.9541242900323307	0.3015787017970157	0.02819398313243284	0.8790247417902642	1.8754255683694583	0.3826611908929745	0.9310608363684252	2.6399051727698937	1.2260983693325542	0.0	1.0	0.0	1.0	1.0	0.0	0.0	1.0	1.0	1.0	1.0	1.0	8.0
99100000	1.7970877507559802	0.3678479093439024	0.8912748496047779	2.622562696358684	0.6361077900317803	0.39844790494221116	0.9004329994979856	1.782194468623801	0.426003426209801	1.104829118510526	3.0675977437944053	1.0427858261986704	0.0	1.0	0.0	1.0	1.0	0.0	1.0	1.0	1.0	1.0	1.0	1.0	9.0
99200000	0.06900700528710178	0.2568811124315556	1.4790837669083412	2.176577321407001	0.35861665719642155	4.224447141135448	0.02058460657699962	1.8587822210757272	0.7418839428137607	0.7118729570396161	2.8787776652062256	1.0636256071252663	0.0	1.0	0.0	1.0	1.0	0.0	0.0	1.0	1.0	1.0	1.0	1.0	8.0
99300000	0.08087479026961596	0.5837799001218814	0.9885597935865295	2.8204682138381876	0.33851906155030065	0.3117967065218312	0.7000854557970212	1.7555741938057956	0.6105952020894619	0.9564498465024516	3.5611514012076246	1.4657589723581352	1.0	1.0	0.0	1.0	1.0	0.0	1.0	1.0	1.0	1.0	1.0	1.0	10.0
99400000	0.0731654427122702	0.23646789710458746	3.6203687649075142	1.301035548377644	0.045952838485166375	0.11190970382276494	0.45312730380776406	0.9539856207932622	1.6616164072061008	0.4553946559680374	1.8845422878321036	0.40722860009031875	0.0	1.0	0.0	1.0	1.0	0.0	1.0	1.0	0.0	1.0	1.0	1.0	8.0
99500000	0.18427998717520153	0.39171647435251195	2.5285363687672895	1.516296916926895	0.07916859983395345	2.5963779637647546	0.9675723606494023	1.164082883304559	0.6532859925572101	0.8381975536275291	2.044328238915634	0.9314643043837404	0.0	1.0	0.0	1.0	1.0	0.0	1.0	1.0	1.0	1.0	1.0	1.0	9.0
99600000	0.07818885424289884	0.35010708621365183	2.729505574500593	1.0477163598392356	0.15546218849526594	0.3884852445770114	0.2161872466248647	1.7362921808216008	0.5120859499793265	0.8818944589273533	2.164237219091471	1.1788856581054072	0.0	1.0	0.0	1.0	1.0	0.0	1.0	1.0	1.0	1.0	1.0	1.0	9.0
99700000	0.047178803492429776	0.2652804314343446	1.5168701404700622	1.7507508173927562	0.14450028572864462	0.2727609751718255	0.1472422345322668	1.1057337880422413	0.5626642455305282	0.781683747144431	2.6838757343164517	0.7888708732220132	1.0	1.0	0.0	1.0	1.0	0.0	1.0	1.0	1.0	1.0	1.0	1.0	10.0
99800000	0.9705288107279157	1.0029319224426223	1.6377566895004947	2.1392438598902253	0.31282452252777976	0.8214488070715605	0.9478117457488647	1.1659437919201783	0.2920559142674945	0.7109736925233234	4.160601912659007	1.4575762562088521	0.0	1.0	0.0	1.0	1.0	0.0	1.0	1.0	1.0	1.0	1.0	1.0	9.0
99900000	1.3169080961126567	0.3792396261983012	1.1933460206033544	5.0796042347569434	5.65434806986344	1.5176089879564	1.2847919700860915	3.3617637722860665	0.35845689978538586	1.8308517573748853	1.4174236267767	0.7650485698122428	0.0	1.0	0.0	1.0	1.0	0.0	1.0	1.0	0.0	1.0	1.0	1.0	8.0
100000000	2.1391824672091393	0.07907795841435104	1.570893177221916	0.9598683372159036	0.112475699588426	0.9217280065165093	0.49763827815029144	0.49367897955304063	2.3328740193472277	0.2443747770985874	1.5908104410771584	0.3766557425452887	0.0	1.0	0.0	1.0	1.0	0.0	1.0	1.0	0.0	1.0	1.0	1.0	8.0
