node1,node2,length,startLon,startLat,endLon,endLat,endNodeL,startNodeL,startYear,endYear,tipLabel
583,584,0.00259728999349296,-96.5019467804225,43.62879094797,-96.0143982575694,43.5954466246629,0.00259728999349296,0,2021.70642195771,2021.7090192477,NA
584,1052,0.0938567292112684,-96.0143982575694,43.5954466246629,-94.4459178401929,43.3537087215542,0.0964540192047614,0.00259728999349296,2021.7090192477,2021.80287597691,NA
1052,1053,0.000855228490551418,-94.4459178401929,43.3537087215542,-94.756149390861,43.7689472655525,0.0973092476953128,0.0964540192047614,2021.80287597691,2021.8037312054,NA
1053,1054,0.0140343055201519,-94.756149390861,43.7689472655525,-92.9944784608722,44.5266028272623,0.111343553215465,0.0973092476953128,2021.8037312054,2021.81776551092,NA
1054,1059,0.00213153091789708,-92.9944784608722,44.5266028272623,-92.8976027659995,44.437064858908,0.113475084133362,0.111343553215465,2021.81776551092,2021.81989704184,NA
584,585,0.111297612232035,-96.0143982575694,43.5954466246629,-104.265502262034,53.9282116970497,0.113894902225528,0.00259728999349296,2021.7090192477,2021.82031685993,NA
1053,1152,0.0341046559919596,-94.756149390861,43.7689472655525,-92.7981201098053,42.2615607878723,0.131413903687272,0.0973092476953128,2021.8037312054,2021.83783586139,NA
1054,1055,0.0229180531451685,-92.9944784608722,44.5266028272623,-92.9122610068377,43.4603063892903,0.134261606360633,0.111343553215465,2021.81776551092,2021.84068356407,NA
585,586,0.0921765688355047,-104.265502262034,53.9282116970497,-105.076690651866,52.2953879906699,0.206071471061033,0.113894902225528,2021.82031685993,2021.91249342877,NA
1059,1062,0.0939585261113267,-92.8976027659995,44.437064858908,-96.4632126934052,46.1374458591067,0.207433610244689,0.113475084133362,2021.81989704184,2021.91385556795,NA
1062,1063,0.000113595704720471,-96.4632126934052,46.1374458591067,-96.7884281098892,46.3156847920998,0.207547205949409,0.207433610244689,2021.91385556795,2021.91396916366,NA
1063,1064,0.0165406269539625,-96.7884281098892,46.3156847920998,-96.9237604442432,46.3245260567796,0.224087832903372,0.207547205949409,2021.91396916366,2021.93050979061,NA
1064,1065,0.0037432779487383,-96.9237604442432,46.3245260567796,-99.1017045713219,47.7797590434307,0.22783111085211,0.224087832903372,2021.93050979061,2021.93425306856,NA
1152,1162,0.107240260841491,-92.7981201098053,42.2615607878723,-89.381221397931,42.3931471259353,0.238654164528763,0.131413903687272,2021.83783586139,2021.94507612224,NA
1065,1142,0.0349371879835165,-99.1017045713219,47.7797590434307,-98.5721792515851,47.466022014846,0.262768298835626,0.22783111085211,2021.93425306856,2021.96919025654,NA
1142,1143,0.00255697009026434,-98.5721792515851,47.466022014846,-99.4880566481038,48.4598828287483,0.265325268925891,0.262768298835626,2021.96919025654,2021.97174722663,NA
1065,1066,0.0392375473603606,-99.1017045713219,47.7797590434307,-98.7183355408987,47.6325241623977,0.26706865821247,0.22783111085211,2021.93425306856,2021.97349061592,NA
1066,1067,0.00798617297450299,-98.7183355408987,47.6325241623977,-98.8049109001904,47.403075739529,0.275054831186973,0.26706865821247,2021.97349061592,2021.98147678889,NA
586,587,0.069714975622587,-105.076690651866,52.2953879906699,-111.90182478762,49.9569167874263,0.27578644668362,0.206071471061033,2021.91249342877,2021.98220840439,NA
1066,1070,0.0251269871632949,-98.7183355408987,47.6325241623977,-89.882271827962,43.9218605977893,0.292195645375765,0.26706865821247,2021.97349061592,2021.99861760308,NA
1055,1057,0.169587370574909,-92.9122610068377,43.4603063892903,-92.5566932242672,42.643439994681,0.303848976935542,0.134261606360633,2021.84068356407,2022.01027093464,NA
1057,1058,0.00381518921203083,-92.5566932242672,42.643439994681,-97.2689945633685,42.4168354378191,0.307664166147573,0.303848976935542,2022.01027093464,2022.01408612386,NA
1162,1163,0.0693654987086081,-89.381221397931,42.3931471259353,-106.366881834311,54.4984683032505,0.308019663237371,0.238654164528763,2021.94507612224,2022.01444162094,NA
1055,1056,0.19542002378176,-92.9122610068377,43.4603063892903,-91.8185909360779,42.7217705590689,0.329681630142393,0.134261606360633,2021.84068356407,2022.03610358785,NA
1143,1146,0.0674589860932722,-99.4880566481038,48.4598828287483,-99.9190305098893,49.9568776989795,0.332784255019163,0.265325268925891,2021.97174722663,2022.03920621273,NA
1146,1147,0.00341060421932626,-99.9190305098893,49.9568776989795,-99.987276590077,49.805410269946,0.336194859238489,0.332784255019163,2022.03920621273,2022.04261681695,NA
1146,1149,0.024085716494989,-99.9190305098893,49.9568776989795,-101.063963589494,49.0028865246803,0.356869971514152,0.332784255019163,2022.03920621273,2022.06329192922,NA
1070,1071,0.0732570888512853,-89.882271827962,43.9218605977893,-84.7057236136553,40.3853036090826,0.365452734227051,0.292195645375765,2021.99861760308,2022.07187469193,NA
1147,1148,0.0366250625167748,-99.987276590077,49.805410269946,-99.656978956016,47.6918062286833,0.372819921755264,0.336194859238489,2022.04261681695,2022.07924187946,NA
587,596,0.098323424602897,-111.90182478762,49.9569167874263,-115.594048976578,55.4139652209834,0.374109871286517,0.27578644668362,2021.98220840439,2022.08053182899,NA
596,614,0.00830534538482519,-115.594048976578,55.4139652209834,-115.013070482194,54.6767026380968,0.382415216671342,0.374109871286517,2022.08053182899,2022.08883717438,NA
614,615,0.000633234920856651,-115.013070482194,54.6767026380968,-115.037749235174,54.6769071793024,0.383048451592198,0.382415216671342,2022.08883717438,2022.0894704093,NA
1067,1068,0.114068067547688,-98.8049109001904,47.403075739529,-104.707433540912,51.3836363772817,0.389122898734661,0.275054831186973,2021.98147678889,2022.09554485644,NA
1143,1144,0.131994776367988,-99.4880566481038,48.4598828287483,-103.17376605344,47.9412610037327,0.397320045293879,0.265325268925891,2021.97174722663,2022.103742003,NA
1152,1153,0.267378619851707,-92.7981201098053,42.2615607878723,-112.226246735671,43.7597796987774,0.39879252353898,0.131413903687272,2021.83783586139,2022.10521448125,NA
587,588,0.135298342840407,-111.90182478762,49.9569167874263,-118.075569148209,45.6701721088975,0.411084789524026,0.27578644668362,2021.98220840439,2022.11750674723,NA
615,616,0.0311259379274493,-115.037749235174,54.6769071793024,-111.231994902842,47.6626461527152,0.414174389519648,0.383048451592198,2022.0894704093,2022.12059634723,NA
1071,1072,0.0508158746679137,-84.7057236136553,40.3853036090826,-90.915990383594,45.5688748508537,0.416268608894964,0.365452734227051,2022.07187469193,2022.1226905666,NA
1072,1083,0.00368878033861586,-90.915990383594,45.5688748508537,-90.9613852762724,44.941446049295,0.41995738923358,0.416268608894964,2022.1226905666,2022.12637934694,NA
1083,1095,0.00894671608817088,-90.9613852762724,44.941446049295,-91.0243874416606,44.9789964162356,0.428904105321751,0.41995738923358,2022.12637934694,2022.13532606303,NA
615,989,0.0466573311582086,-115.037749235174,54.6769071793024,-115.22964447564,53.9556067474771,0.429705782750407,0.383048451592198,2022.0894704093,2022.13612774046,NA
1072,1073,0.0214315515977246,-90.915990383594,45.5688748508537,-93.2080059912722,44.3359626745668,0.437700160492689,0.416268608894964,2022.1226905666,2022.1441221182,NA
1095,1096,0.00999563339878806,-91.0243874416606,44.9789964162356,-90.3243955714862,42.9195952745957,0.438899738720539,0.428904105321751,2022.13532606303,2022.14532169643,NA
989,990,0.0138872159435963,-115.22964447564,53.9556067474771,-115.6002089107,54.5522274655106,0.443592998694003,0.429705782750407,2022.13612774046,2022.1500149564,NA
616,639,0.0399525106092211,-111.231994902842,47.6626461527152,-108.918837177675,45.8335655912048,0.454126900128869,0.414174389519648,2022.12059634723,2022.16054885784,NA
588,589,0.050326124947162,-118.075569148209,45.6701721088975,-121.403795924165,47.8275119073907,0.461410914471188,0.411084789524026,2022.11750674723,2022.16783287218,NA
1083,1084,0.0456789668430906,-90.9613852762724,44.941446049295,-92.6402867919681,46.5920594536041,0.465636356076671,0.41995738923358,2022.12637934694,2022.17205831378,NA
1068,1069,0.0782225251070936,-104.707433540912,51.3836363772817,-102.898621378246,51.8414317097587,0.467345423841755,0.389122898734661,2022.09554485644,2022.17376738155,NA
588,593,0.0585410604207302,-118.075569148209,45.6701721088975,-117.794209141295,45.9240802948606,0.469625849944757,0.411084789524026,2022.11750674723,2022.17604780765,NA
639,640,0.0168344255680606,-108.918837177675,45.8335655912048,-107.140921253638,45.9002461294938,0.470961325696929,0.454126900128869,2022.16054885784,2022.1773832834,NA
990,993,0.0346209635618084,-115.6002089107,54.5522274655106,-122.749112137553,55.5684667669406,0.478213962255812,0.443592998694003,2022.1500149564,2022.18463591996,NA
596,597,0.108102224221625,-115.594048976578,55.4139652209834,-131.858008694304,63.4242936195376,0.482212095508141,0.374109871286517,2022.08053182899,2022.18863405322,NA
586,1050,0.277712590700226,-105.076690651866,52.2953879906699,-100.113833937224,46.4791650716345,0.483784061761258,0.206071471061033,2021.91249342877,2022.19020601947,NA
993,994,0.00636473054532471,-122.749112137553,55.5684667669406,-122.19207238744,53.7151587256583,0.484578692801136,0.478213962255812,2022.18463591996,2022.19100065051,NA
1153,1154,0.0870923295360528,-112.226246735671,43.7597796987774,-111.199528617034,41.9009053243042,0.485884853075032,0.39879252353898,2022.10521448125,2022.19230681078,NA
1142,1150,0.224429030375902,-98.5721792515851,47.466022014846,-98.5986451178306,47.6452897671639,0.487197329211528,0.262768298835626,2021.96919025654,2022.19361928692,NA
1154,1155,0.00232915419413171,-111.199528617034,41.9009053243042,-111.493128894217,41.6410467477626,0.488214007269164,0.485884853075032,2022.19230681078,2022.19463596498,NA
990,991,0.046028669345088,-115.6002089107,54.5522274655106,-114.227239337858,57.7597456951897,0.489621668039091,0.443592998694003,2022.1500149564,2022.19604362575,NA
640,641,0.0204609493781516,-107.140921253638,45.9002461294938,-102.29952633771,39.9263776210349,0.491422275075081,0.470961325696929,2022.1773832834,2022.19784423278,NA
641,642,0.000621110414753989,-102.29952633771,39.9263776210349,-102.752836256777,40.258609080998,0.492043385489835,0.491422275075081,2022.19784423278,2022.1984653432,NA
642,649,0.0000314031540566972,-102.752836256777,40.258609080998,-102.618767460918,40.3271489299439,0.492074788643892,0.492043385489835,2022.1984653432,2022.19849674635,NA
642,643,0.00245980830934611,-102.752836256777,40.258609080998,-102.577584409713,40.1897118447474,0.494503193799181,0.492043385489835,2022.1984653432,2022.20092515151,NA
649,850,0.00315031871378979,-102.618767460918,40.3271489299439,-103.176081472082,40.4568050228574,0.495225107357681,0.492074788643892,2022.19849674635,2022.20164706507,NA
1050,1051,0.0127734551216001,-100.113833937224,46.4791650716345,-100.115471400117,46.5193431447673,0.496557516882858,0.483784061761258,2022.19020601947,2022.20297947459,NA
993,1048,0.0233852937691919,-122.749112137553,55.5684667669406,-123.625426557347,55.6540422116818,0.501599256025004,0.478213962255812,2022.18463591996,2022.20802121373,NA
1084,1085,0.0366764106623325,-92.6402867919681,46.5920594536041,-94.1572861331621,48.9580113162169,0.502312766739003,0.465636356076671,2022.17205831378,2022.20873472445,NA
1150,1151,0.0154189948416232,-98.5986451178306,47.6452897671639,-95.7116265461393,45.3254709504018,0.502616324053151,0.487197329211528,2022.19361928692,2022.20903828176,NA
1144,1145,0.106715176070208,-103.17376605344,47.9412610037327,-89.3867307516893,43.6600264580737,0.504035221364087,0.397320045293879,2022.103742003,2022.21045717907,NA
1153,1161,0.107246563764734,-112.226246735671,43.7597796987774,-114.963834379726,41.3374626894182,0.506039087303713,0.39879252353898,2022.10521448125,2022.21246104501,NA
1149,570,0.150406700915402,-101.063963589494,49.0028865246803,-95.8682447315792,48.096272857088,0.507276672429553,0.356869971514152,2022.06329192922,2022.21369863014,SRR24839471|A/haliaeetus_leucocephalus/Minnesota/AH0144539/2022|H5N1|USA-MN|2022-03-20|wild_avian|B3.2
1144,577,0.112696353163032,-103.17376605344,47.9412610037327,-97.9243302283718,43.604249066117,0.510016398456911,0.397320045293879,2022.103742003,2022.21643835616,OQ966412|A/Turkey/South_Dakota/22-008485-001/2022|H5N1|USA-SD|2022-03-21|domestic_avian|B3.2
1085,1086,0.00822778839458493,-94.1572861331621,48.9580113162169,-92.5018368047957,47.2104005001444,0.510540555133588,0.502312766739003,2022.20873472445,2022.21696251284,NA
1148,579,0.139936202729004,-99.656978956016,47.6918062286833,-97.1333873492454,44.2897032156031,0.512756124484268,0.372819921755264,2022.07924187946,2022.21917808219,EPI_ISL_11971487|A/chicken/South_Dakota/22-008704-002/2022|H5N1|USA-SD|2022-03-22|domestic_avian|B3.2
593,594,0.0448977796726342,-117.794209141295,45.9240802948606,-118.061267142058,46.7717441146815,0.514523629617391,0.469625849944757,2022.17604780765,2022.22094558732,NA
1067,493,0.240441019324652,-98.8049109001904,47.403075739529,-99.2201265427458,47.3429917681336,0.515495850511626,0.275054831186973,2021.98147678889,2022.22191780822,OQ963444|A/Ross_s_goose/North_Dakota/22-009481-019/2022|H5N1|USA-NC|2022-03-23|wild_avian|B3.2
1149,573,0.158625878997474,-101.063963589494,49.0028865246803,-98.8608817193541,47.3541795373369,0.515495850511626,0.356869971514152,2022.06329192922,2022.22191780822,OQ964276|A/Snow_Goose/North_Dakota/22-009481-003/2022|H5N1|USA-NC|2022-03-23|wild_avian|B3.2
1086,1087,0.00677585413075166,-92.5018368047957,47.2104005001444,-90.2134196085939,45.3310459299801,0.51731640926434,0.510540555133588,2022.21696251284,2022.22373836697,NA
1073,549,0.0942340461833084,-93.2080059912722,44.3359626745668,-92.828182235712,44.74211524132,0.531934206675997,0.437700160492689,2022.1441221182,2022.23835616438,OQ957668|A/American_Crow/Minnesota/22-009668-001/2022|H5N1|USA-MN|2022-03-29|wild_avian|B3.2
597,598,0.0516321948698022,-131.858008694304,63.4242936195376,-129.948626655554,61.9174704507047,0.533844290377943,0.482212095508141,2022.18863405322,2022.24026624809,NA
994,995,0.049626885638677,-122.19207238744,53.7151587256583,-129.635660637879,49.3990202744457,0.534205578439813,0.484578692801136,2022.19100065051,2022.24062753615,NA
995,996,0.00050198588096606,-129.635660637879,49.3990202744457,-128.882203236173,49.5994328688887,0.53470756432078,0.534205578439813,2022.24062753615,2022.24112952203,NA
996,997,0.000706887052900562,-128.882203236173,49.5994328688887,-128.06453945658,50.1949412554024,0.53541445137368,0.53470756432078,2022.24112952203,2022.24183640908,NA
1073,1074,0.0995207351744844,-93.2080059912722,44.3359626745668,-93.5681670486873,45.3172009994987,0.537220895667173,0.437700160492689,2022.1441221182,2022.24364285337,NA
1096,1097,0.0995792689844794,-90.3243955714862,42.9195952745957,-91.5872246681983,45.7924994324858,0.538479007705019,0.438899738720539,2022.14532169643,2022.24490096541,NA
1059,1060,0.425544837048912,-92.8976027659995,44.437064858908,-93.0861253649633,44.1313541722273,0.539019921182274,0.113475084133362,2021.81989704184,2022.24544187889,NA
598,599,0.00764597671773126,-129.948626655554,61.9174704507047,-129.39988757233,61.6155009761885,0.541490267095674,0.533844290377943,2022.24026624809,2022.2479122248,NA
1087,563,0.0283164275486718,-90.2134196085939,45.3310459299801,-89.8418075416837,45.3727529078506,0.545632836813012,0.51731640926434,2022.22373836697,2022.25205479452,SRR24843021|A/lophodytes_cucullatus/Wisconsin/AH0211463/2022|H5N1|USA-WI|2022-04-03|wild_avian|B3.2
850,851,0.061698062846165,-103.176081472082,40.4568050228574,-104.961454770982,43.0413673822977,0.556923170203846,0.495225107357681,2022.20164706507,2022.26334512791,NA
1163,490,0.251311803712655,-106.366881834311,54.4984683032505,-96.9163038120808,55.8448280321888,0.559331466950026,0.308019663237371,2022.01444162094,2022.26575342466,PV317784|A/Snow_Goose/MB/FAV-0227-3-2022/2022|H5N1|Canada-MB|2022-04-08|wild_avian|B3.2
851,852,0.00630678646005789,-104.961454770982,43.0413673822977,-104.49132988132,43.4910002190537,0.563229956663904,0.556923170203846,2022.26334512791,2022.26965191437,NA
852,857,0.00241842373425527,-104.49132988132,43.4910002190537,-103.297275161049,44.2160808265032,0.56564838039816,0.563229956663904,2022.26965191437,2022.27207033811,NA
1155,1157,0.0788331638608226,-111.493128894217,41.6410467477626,-112.569561302687,41.8696718923243,0.567047171129987,0.488214007269164,2022.19463596498,2022.27346912884,NA
1051,475,0.0792123062315393,-100.115471400117,46.5193431447673,-95.6527451420312,47.4591599240455,0.575769823114398,0.496557516882858,2022.20297947459,2022.28219178082,SRR24843342|A/anser_rossii/Minnesota/AH0218392/2022|H5N1|USA-MN|2022-04-14|wild_avian|B3.2
1097,503,0.0372908154093792,-91.5872246681983,45.7924994324858,-91.7145686310328,46.0881950900334,0.575769823114398,0.538479007705019,2022.24490096541,2022.28219178082,PQ719833|A/Wood_Duck/WI/22-014367-001-original/2022|H5N1|USA-WI|2022-04-14|wild_avian|B3.2
1157,1158,0.0101415587217368,-112.569561302687,41.8696718923243,-111.86418658704,41.1045234692655,0.577188729851724,0.567047171129987,2022.27346912884,2022.28361068756,NA
857,858,0.0120538016647536,-103.297275161049,44.2160808265032,-103.202428199831,43.689733619847,0.577702182062913,0.56564838039816,2022.27207033811,2022.28412413977,NA
1056,8,0.248827918999362,-91.8185909360779,42.7217705590689,-91.3994964760286,41.1704672371343,0.578509549141755,0.329681630142393,2022.03610358785,2022.28493150685,OQ962748|A/Peregrine_Falcon/Iowa/22-012093-001/2022|H5N1|USA-IA|2022-04-15|wild_avian|B3.2
594,595,0.0649798447761945,-118.061267142058,46.7717441146815,-116.234883582831,46.9755354388714,0.579503474393585,0.514523629617391,2022.22094558732,2022.2859254321,NA
1074,1075,0.0422987650639386,-93.5681670486873,45.3172009994987,-92.991711367475,50.8417651143902,0.579519660731112,0.537220895667173,2022.24364285337,2022.28594161844,NA
1075,1076,0.00393636835074984,-92.991711367475,50.8417651143902,-92.7888514741987,50.5181963474975,0.583456029081862,0.579519660731112,2022.28594161844,2022.28987798679,NA
1155,1156,0.0961231456251226,-111.493128894217,41.6410467477626,-108.277674865841,41.9641867888022,0.584337152894287,0.488214007269164,2022.19463596498,2022.2907591106,NA
1048,1049,0.0838855786573638,-123.625426557347,55.6540422116818,-124.250780987166,59.0670987087143,0.585484834682367,0.501599256025004,2022.20802121373,2022.29190679239,NA
1060,3,0.0477088060417805,-93.0861253649633,44.1313541722273,-94.6721410661454,45.4872488643324,0.586728727224055,0.539019921182274,2022.24544187889,2022.29315068493,OQ966052|A/Turkey/Minnesota/22-012036-001/2022|H5N1|USA-MN|2022-04-18|domestic_avian|B3.2
1051,476,0.0929109363685536,-100.115471400117,46.5193431447673,-97.1408957478366,45.9451714939451,0.589468453251412,0.496557516882858,2022.20297947459,2022.29589041096,EPI_ISL_16171251|A/turkey/North_Dakota/22-012099-002/2022|H5N1|USA-ND|2022-04-19|domestic_avian|B3.2
996,1044,0.0569692255997927,-128.882203236173,49.5994328688887,-137.716078533101,55.9792616137097,0.591676789920572,0.53470756432078,2022.24112952203,2022.29809874763,NA
589,590,0.131442182262931,-121.403795924165,47.8275119073907,-117.66206245383,46.6560858682319,0.59285309673412,0.461410914471188,2022.16783287218,2022.29927505444,NA
1058,4,0.290023465185911,-97.2689945633685,42.4168354378191,-98.7309769393218,53.0550160185995,0.597687631333484,0.307664166147573,2022.01408612386,2022.30410958904,PV301952|A/American_Crow/MB/FAV-0364-9-2022/2022|H5N1|Canada-MB|2022-04-22|wild_avian|B3.2
1068,574,0.208564732598823,-104.707433540912,51.3836363772817,-105.319570125042,49.3513951118307,0.597687631333484,0.389122898734661,2022.09554485644,2022.30410958904,PV304560|A/Black-billed_Magpie/SK/FAV-0802-32-2022/2022|H5N1|Canada-SK|2022-04-22|wild_avian|B3.2
1087,562,0.0803712220691444,-90.2134196085939,45.3310459299801,-87.5136477011511,45.4012187200455,0.597687631333484,0.51731640926434,2022.22373836697,2022.30410958904,OQ958516|A/Backyard_bird/Michigan/22-012454-001/2022|H5N1|USA-MI|2022-04-22|domestic_avian|B3.2
1156,479,0.0133504784391976,-108.277674865841,41.9641867888022,-108.179648682319,41.9042534789716,0.597687631333484,0.584337152894287,2022.2907591106,2022.30410958904,OQ961660|A/Great_Horned_Owl/Wyoming/22-013016-001/2022|H5N1|USA-WY|2022-04-22|wild_avian|B3.2
858,859,0.0207257411197896,-103.202428199831,43.689733619847,-103.989897123503,44.1980379620169,0.598427923182703,0.577702182062913,2022.28412413977,2022.30484988089,NA
1070,566,0.313711164040019,-89.882271827962,43.9218605977893,-87.6361450848526,41.8928225432364,0.605906809415784,0.292195645375765,2021.99861760308,2022.31232876712,PQ702001|A/American_white_Pelican/IL/22-013436-001-original/2022|H5N1|USA-IL|2022-04-25|wild_avian|B3.2
1156,480,0.0215696565214971,-108.277674865841,41.9641867888022,-107.614105599187,41.1543487820994,0.605906809415784,0.584337152894287,2022.2907591106,2022.31232876712,OQ961668|A/Great_Horned_Owl/Wyoming/22-013016-002/2022|H5N1|USA-WY|2022-04-25|wild_avian|B3.2
997,1009,0.0714048699367127,-128.06453945658,50.1949412554024,-121.831304594564,48.2388888457387,0.606819321310393,0.53541445137368,2022.24183640908,2022.31324127902,NA
1162,491,0.369992370914378,-89.381221397931,42.3931471259353,-76.5635251939071,38.717426495827,0.608646535443141,0.238654164528763,2021.94507612224,2022.31506849315,OQ960380|A/Black_Vulture/Maryland/22-012990-001/2022|H5N1|USA-MD|2022-04-26|wild_avian|B3.2
1058,5,0.300982369295568,-97.2689945633685,42.4168354378191,-96.2695195240982,41.6731171490197,0.608646535443141,0.307664166147573,2022.01408612386,2022.31506849315,SRR24842963|A/gallus_gallus/Nebraska/22-013105-001/2022|H5N1|USA-NE|2022-04-26|domestic_avian|B3.2
1161,487,0.102607448139428,-114.963834379726,41.3374626894182,-111.364056375256,37.8420465114886,0.608646535443141,0.506039087303713,2022.21246104501,2022.31506849315,OQ966732|A/Turkey/Utah/22-012960-001/2022|H5N1|USA-UT|2022-04-26|domestic_avian|B3.2
991,474,0.121764593431407,-114.227239337858,57.7597456951897,-111.555524032402,57.1518648794307,0.611386261470499,0.489621668039091,2022.19604362575,2022.31780821918,PV317584|A/Snow_Goose/AB/FAV-0505-21-2022/2022|H5N1|Canada-AB|2022-04-27|wild_avian|B3.2
1056,7,0.28444435735569,-91.8185909360779,42.7217705590689,-96.5675369807447,41.5372042834812,0.614125987498083,0.329681630142393,2022.03610358785,2022.32054794521,PQ715265|A/Peregrine_falcon/NE/22-013518-001-original/2022|H5N1|USA-NE|2022-04-28|wild_avian|B3.2
1148,580,0.241306065742819,-99.656978956016,47.6918062286833,-99.3387196572656,48.6046646301698,0.614125987498083,0.372819921755264,2022.07924187946,2022.32054794521,PQ718233|A/Snow_goose/ND/22-013421-001-original/2022|H5N1|USA-ND|2022-04-28|wild_avian|B3.2
1151,568,0.111509663444932,-95.7116265461393,45.3254709504018,-105.9795157695,49.881187032503,0.614125987498083,0.502616324053151,2022.20903828176,2022.32054794521,PV303016|A/American_Crow/SK/FAV-0575-14-2022/2022|H5N1|Canada-SK|2022-04-28|wild_avian|B3.2
614,468,0.234450496854099,-115.013070482194,54.6767026380968,-115.076721360319,54.7495122562056,0.616865713525441,0.382415216671342,2022.08883717438,2022.32328767123,PV317592|A/Snow_Goose/AB/FAV-0505-32-2022/2022|H5N1|Canada-AB|2022-04-29|wild_avian|B3.2
1044,473,0.0251889236048686,-137.716078533101,55.9792616137097,-148.765693960502,61.3132192071574,0.616865713525441,0.591676789920572,2022.29809874763,2022.32328767123,SRR24842838|A/anser_sp/Alaska/22-013831-003/2022|H5N1|USA-AK|2022-04-29|wild_avian|B3.2
641,921,0.128944457762163,-102.29952633771,39.9263776210349,-97.6631417194419,39.3554730792273,0.620366732837244,0.491422275075081,2022.19784423278,2022.32678869054,NA
991,992,0.131825465025707,-114.227239337858,57.7597456951897,-117.650793262862,55.9328645771465,0.621447133064799,0.489621668039091,2022.19604362575,2022.32786909077,NA
583,9,0.625084891607513,-96.5019467804225,43.62879094797,-99.1269045624021,46.94329818743,0.625084891607513,0,2021.70642195771,2022.33150684932,PQ711641|A/Great_horned_owl/ND/22-014030-001-original/2022|H5N1|USA-ND|2022-05-02|wild_avian|B3.2
1097,502,0.0920853359574365,-91.5872246681983,45.7924994324858,-91.807524696767,45.296273046297,0.630564343662455,0.538479007705019,2022.24490096541,2022.33698630137,EPI_ISL_16240162|A/turkey/Wisconsin/22-014125-001/2022|H5N1|USA-WI|2022-05-04|domestic_avian|B3.2
1163,489,0.325284406452441,-106.366881834311,54.4984683032505,-117.487384002718,57.7738547924251,0.633304069689812,0.308019663237371,2022.01444162094,2022.3397260274,PV304264|A/Black-Billed_Magpie/AB/FAV-0505-53-2022/2022|H5N1|Canada-AB|2022-05-05|wild_avian|B3.2
1147,582,0.297109210451323,-99.987276590077,49.805410269946,-98.7456725005986,46.8519884570572,0.633304069689812,0.336194859238489,2022.04261681695,2022.3397260274,PQ701529|A/American_crow/ND/22-014532-001-original/2022|H5N1|USA-ND|2022-05-05|wild_avian|B3.2
1154,488,0.14741921661478,-111.199528617034,41.9009053243042,-111.292406346976,43.0801839319372,0.633304069689812,0.485884853075032,2022.19230681078,2022.3397260274,PQ719065|A/Turkey_Vulture/ID/22-014968-007-original/2022|H5N1|USA-ID|2022-05-05|wild_avian|B3.2
1150,569,0.146106740478285,-98.5986451178306,47.6452897671639,-102.535347228632,57.6529201765555,0.633304069689812,0.487197329211528,2022.19361928692,2022.3397260274,PV313464|A/Great_Horned_Owl/SK/FAV-0802-45-2022/2022|H5N1|Canada-SK|2022-05-05|wild_avian|B3.2
1052,478,0.539589776512408,-94.4459178401929,43.3537087215542,-93.8325666225017,43.1041305762887,0.63604379571717,0.0964540192047614,2021.80287597691,2022.34246575342,EPI_ISL_13052721|A/fox/Iowa/22-014421-001/2022|H5N1|USA-IA|2022-05-06|other_mammal|B3.2
1057,6,0.332194818781628,-92.5566932242672,42.643439994681,-101.486152515696,51.4801907120632,0.63604379571717,0.303848976935542,2022.01027093464,2022.34246575342,PV301984|A/American_Crow/MB/FAV-0469-14-2022/2022|H5N1|Canada-MB|2022-05-06|wild_avian|B3.2
1161,486,0.138223886495529,-114.963834379726,41.3374626894182,-111.835447341016,41.4430130776505,0.644262973799242,0.506039087303713,2022.21246104501,2022.35068493151,EPI_ISL_16240508|A/guinea_fowl/Utah/22-014481-002/2022|H5N1|USA-UT|2022-05-09|domestic_avian|B3.2
1086,561,0.133722418665654,-92.5018368047957,47.2104005001444,-87.5745942624691,44.7761515093142,0.644262973799242,0.510540555133588,2022.21696251284,2022.35068493151,PQ703545|A/Bald_eagle/WI/22-014416-001-original/2022|H5N1|USA-WI|2022-05-09|wild_avian|B3.2
992,12,0.0255555667620282,-117.650793262862,55.9328645771465,-114.876335363845,55.1563306044799,0.647002699826827,0.621447133064799,2022.32786909077,2022.35342465753,PV304312|A/Black-Billed_Magpie/AB/FAV-0918-11-2022/2022|H5N1|Canada-AB|2022-05-10|wild_avian|B3.2
593,392,0.180116575909428,-117.794209141295,45.9240802948606,-118.558424146817,46.1010637465825,0.649742425854184,0.469625849944757,2022.17604780765,2022.35616438356,PQ719521|A/Western_screech_owl/WA/22-015526-006-original/2022|H5N1|USA-WA|2022-05-11|wild_avian|B3.2
594,391,0.135218796236793,-118.061267142058,46.7717441146815,-118.674794218523,47.2372697674056,0.649742425854184,0.514523629617391,2022.22094558732,2022.35616438356,PQ708929|A/Canada_goose/WA/22-015526-002-original/2022|H5N1|USA-WA|2022-05-11|wild_avian|B3.2
859,860,0.051354478613642,-103.989897123503,44.1980379620169,-105.197908893508,44.0533870164309,0.649782401796345,0.598427923182703,2022.30484988089,2022.3562043595,NA
857,911,0.0886862253976548,-103.297275161049,44.2160808265032,-105.360390485647,43.6308098384626,0.654334605795814,0.56564838039816,2022.27207033811,2022.3607565635,NA
1064,581,0.431134045005527,-96.9237604442432,46.3245260567796,-96.4293754920038,46.740643250169,0.655221877908899,0.224087832903372,2021.93050979061,2022.36164383562,EPI_ISL_16243992|A/chicken/Minnesota/22-015398-002/2022|H5N1|USA-MN|2022-05-13|domestic_avian|B3.2
1096,560,0.21632213918836,-90.3243955714862,42.9195952745957,-93.4937801625763,47.0382850626098,0.655221877908899,0.438899738720539,2022.14532169643,2022.36164383562,EPI_ISL_15078249|A/fox/Minnesota/22-016487-001/2022|H5N1|USA-MN|2022-05-13|other_mammal|B3.2
1157,485,0.0881747067789123,-112.569561302687,41.8696718923243,-112.137378878739,40.678008724278,0.655221877908899,0.567047171129987,2022.27346912884,2022.36164383562,EPI_ISL_16243660|A/chicken/Utah/22-015245-001/2022|H5N1|USA-UT|2022-05-13|domestic_avian|B3.2
921,922,0.0357001093783942,-97.6631417194419,39.3554730792273,-96.3844517465347,38.958653650003,0.656066842215639,0.620366732837244,2022.32678869054,2022.36248879992,NA
1076,1077,0.0740173358941587,-92.7888514741987,50.5181963474975,-92.8172724972453,41.8823516412153,0.65747336497602,0.583456029081862,2022.28987798679,2022.36389532268,NA
1009,1012,0.0510332350978331,-121.831304594564,48.2388888457387,-122.098771981148,48.5785836104461,0.657852556408226,0.606819321310393,2022.31324127902,2022.36427451412,NA
1145,575,0.15392638257217,-89.3867307516893,43.6600264580737,-88.8566417689489,42.2139051630113,0.657961603936256,0.504035221364087,2022.21045717907,2022.36438356164,EPI_ISL_16243651|A/chicken/Illinois/22-015233-006/2022|H5N1|USA-IL|2022-05-14|domestic_avian|B3.2
1075,559,0.0839213952600866,-92.991711367475,50.8417651143902,-92.9876823903462,50.8370995445808,0.663441055991199,0.579519660731112,2022.28594161844,2022.3698630137,PV303360|A/American_White_Pelican/ON/FAV-0803-1-2022/2022|H5N1|Canada-ON|2022-05-16|wild_avian|B3.2
589,390,0.204769867547367,-121.403795924165,47.8275119073907,-116.389605024031,43.6865371854235,0.666180782018556,0.461410914471188,2022.16783287218,2022.37260273973,EPI_ISL_16244005|A/chicken/Idaho/22-015408-001/2022|H5N1|USA-ID|2022-05-17|domestic_avian|B3.2
860,861,0.017600522234523,-105.197908893508,44.0533870164309,-105.699262314799,44.831178937198,0.667382924030868,0.649782401796345,2022.3562043595,2022.37380488174,NA
1063,571,0.466852754151219,-96.7884281098892,46.3156847920998,-101.726303048705,49.2310934553875,0.674399960100628,0.207547205949409,2021.91396916366,2022.38082191781,PV303168|A/American_Crow/SK/FAV-0802-76-2022/2022|H5N1|Canada-SK|2022-05-20|wild_avian|B3.2
861,862,0.00722250065187469,-105.699262314799,44.831178937198,-106.174443242433,45.1903735651548,0.674605424682742,0.667382924030868,2022.37380488174,2022.38102738239,NA
1095,1098,0.246085899067531,-91.0243874416606,44.9789964162356,-73.8328431117146,51.1424299478101,0.674990004389282,0.428904105321751,2022.13532606303,2022.3814119621,NA
1069,578,0.209794262286458,-102.898621378246,51.8414317097587,-101.806602373926,58.5837938168758,0.677139686128213,0.467345423841755,2022.17376738155,2022.38356164384,PV302000|A/American_Crow/MB/FAV-0687-5-2022/2022|H5N1|Canada-MB|2022-05-21|wild_avian|B3.2
597,14,0.197667316647429,-131.858008694304,63.4242936195376,-154.051816340709,68.3328938700665,0.67987941215557,0.482212095508141,2022.18863405322,2022.38630136986,PQ702593|A/Bald_eagle/AK/22-016934-004-original/2022|H5N1|USA-AK|2022-05-22|wild_avian|B3.2
850,914,0.186834973600706,-103.176081472082,40.4568050228574,-102.668008421406,38.5409687203305,0.682060080958387,0.495225107357681,2022.20164706507,2022.38848203867,NA
911,912,0.0295914845512311,-105.360390485647,43.6308098384626,-105.871770971893,41.933874633606,0.683926090347045,0.654334605795814,2022.3607565635,2022.39034804805,NA
862,863,0.0106710255247022,-106.174443242433,45.1903735651548,-105.877505617407,45.300628268758,0.685276450207445,0.674605424682742,2022.38102738239,2022.39169840791,NA
599,600,0.143840150901959,-129.39988757233,61.6155009761885,-131.622713745085,62.4173049888104,0.685330417997633,0.541490267095674,2022.2479122248,2022.39175237571,NA
1158,1159,0.109546601924758,-111.86418658704,41.1045234692655,-115.537321438583,48.067051616836,0.686735331776482,0.577188729851724,2022.28361068756,2022.39315728948,NA
1049,394,0.108093207610217,-124.250780987166,59.0670987087143,-123.354802579596,57.6651895866352,0.693578042292585,0.585484834682367,2022.29190679239,2022.4,PV303304|A/American_White_Pelican/BC/FAV-0585-3-2022/2022|H5N1|Canada-BC|2022-05-27|wild_avian|B3.2
1049,395,0.108093207610217,-124.250780987166,59.0670987087143,-132.08353912005,56.5222452508855,0.693578042292585,0.585484834682367,2022.29190679239,2022.4,PQ717337|A/Snow_goose/AK/22-017364-001-original/2022|H5N1|USA-AK|2022-05-27|wild_avian|B3.2
1077,1082,0.0372729174123396,-92.8172724972453,41.8823516412153,-92.6369447542644,43.2518419463211,0.69474628238836,0.65747336497602,2022.36389532268,2022.4011682401,NA
1084,1088,0.23310626752714,-92.6402867919681,46.5920594536041,-93.0675399086748,44.8881834023322,0.698742623603811,0.465636356076671,2022.17205831378,2022.40516458131,NA
1009,1010,0.094141371116887,-121.831304594564,48.2388888457387,-129.096323044761,55.0231765502258,0.70096069242728,0.606819321310393,2022.31324127902,2022.40738265013,NA
598,15,0.167952929996714,-129.948626655554,61.9174704507047,-127.76302128989,61.1555629114514,0.701797220374657,0.533844290377943,2022.24026624809,2022.40821917808,PV318784|A/Snow_Goose/YT/FAV-0795-3-2022/2022|H5N1|Canada-YT|2022-05-30|wild_avian|B3.2
1077,1078,0.0455229116726974,-92.8172724972453,41.8823516412153,-88.4936467536767,41.7067653066294,0.702996276648718,0.65747336497602,2022.36389532268,2022.40941823436,NA
600,601,0.0202348388504467,-131.622713745085,62.4173049888104,-131.294954517358,62.7130719516121,0.70556525684808,0.685330417997633,2022.39175237571,2022.41198721456,NA
1088,1089,0.00701887490372544,-93.0675399086748,44.8881834023322,-92.9332552981872,44.4584415003768,0.705761498507536,0.698742623603811,2022.40516458131,2022.41218345621,NA
863,875,0.023501971822061,-105.877505617407,45.300628268758,-106.93654349305,45.1922374932159,0.708778422029506,0.685276450207445,2022.39169840791,2022.41520037974,NA
1089,1090,0.00327596796528029,-92.9332552981872,44.4584415003768,-92.9206071451899,44.4734649555515,0.709037466472816,0.705761498507536,2022.41218345621,2022.41545942418,NA
1078,1079,0.00720475956498401,-88.4936467536767,41.7067653066294,-89.3071919519219,41.0337416223986,0.710201036213702,0.702996276648718,2022.40941823436,2022.41662299392,NA
862,36,0.0381506998015713,-106.174443242433,45.1903735651548,-102.7592140264,49.1980423670944,0.712756124484314,0.674605424682742,2022.38102738239,2022.41917808219,PV310840|A/Domestic_bird/SK/FAV-1051-1-2022/2022|H5N1|Canada-SK|2022-06-03|domestic_avian|B3.2
922,986,0.0570882186361028,-96.3844517465347,38.958653650003,-86.7056993899428,37.9167562447426,0.713155060851741,0.656066842215639,2022.36248879992,2022.41957701856,NA
595,385,0.135992376118086,-116.234883582831,46.9755354388714,-116.202660776128,43.6746602153397,0.715495850511671,0.579503474393585,2022.2859254321,2022.42191780822,PQ707841|A/Canada_goose/ID/22-018980-001-original/2022|H5N1|USA-ID|2022-06-04|wild_avian|B3.2
590,591,0.125660176337628,-117.66206245383,46.6560858682319,-117.412546991911,47.902284851683,0.718513273071748,0.59285309673412,2022.29927505444,2022.42493523078,NA
591,592,0.00173700837294399,-117.412546991911,47.902284851683,-117.145540076067,46.7847914890926,0.720250281444692,0.718513273071748,2022.42493523078,2022.42667223915,NA
914,915,0.0384066423932867,-102.668008421406,38.5409687203305,-105.979144928084,40.6531542310393,0.720466723351674,0.682060080958387,2022.38848203867,2022.42688868106,NA
1069,492,0.253629878724631,-102.898621378246,51.8414317097587,-102.620426854989,51.6767735426436,0.720975302566386,0.467345423841755,2022.17376738155,2022.42739726027,PV311152|A/Double-Crested_Cormorant/SK/FAV-0912-7-2022/2022|H5N1|Canada-SK|2022-06-06|wild_avian|B3.2
1088,495,0.0222326789625753,-93.0675399086748,44.8881834023322,-93.5540266353687,43.7421637942796,0.720975302566386,0.698742623603811,2022.40516458131,2022.42739726027,PQ709577|A/Common_tern/MN/22-017940-009-original/2022|H5N1|USA-MN|2022-06-06|wild_avian|B3.2
592,388,0.000725021121693814,-117.145540076067,46.7847914890926,-116.365847705145,46.7035498729557,0.720975302566386,0.720250281444692,2022.42667223915,2022.42739726027,EPI_ISL_17260680|A/skunk/Idaho/22-018976-004/2022|H5N1|USA-ID|2022-06-06|other_mammal|B3.2
591,389,0.00520175552222257,-117.412546991911,47.902284851683,-117.315770402751,46.9350151144006,0.723715028593971,0.718513273071748,2022.42493523078,2022.4301369863,EPI_ISL_17260682|A/skunk/Washington/22-019274-004/2022|H5N1|USA-WA|2022-06-07|other_mammal|B3.2
592,387,0.00346474714927858,-117.145540076067,46.7847914890926,-118.025467455972,46.7354975395735,0.723715028593971,0.720250281444692,2022.42667223915,2022.4301369863,EPI_ISL_15078254|A/skunk/Washington/22-019274-001/2022|H5N1|USA-WA|2022-06-07|other_mammal|B3.2
1151,567,0.223838430568177,-95.7116265461393,45.3254709504018,-92.2078922441967,56.4010773262423,0.726454754621328,0.502616324053151,2022.20903828176,2022.43287671233,PV303336|A/American_White_Pelican/MB/FAV-0798-3-2022/2022|H5N1|Canada-MB|2022-06-08|wild_avian|B3.2
1159,481,0.0397194228448461,-115.537321438583,48.067051616836,-112.12968550429,40.674315462157,0.726454754621328,0.686735331776482,2022.39315728948,2022.43287671233,PQ720145|A/goose/UT/22-018176-003-original/2022|H5N1|USA-UT|2022-06-08|domestic_avian|B3.2
1089,494,0.020693256113792,-92.9332552981872,44.4584415003768,-94.1884755617318,44.9131323103821,0.726454754621328,0.705761498507536,2022.41218345621,2022.43287671233,PQ702057|A/American_white_Pelican/MN/22-018423-001-original/2022|H5N1|USA-MN|2022-06-08|wild_avian|B3.2
1090,496,0.0174172881485117,-92.9206071451899,44.4734649555515,-89.906499763986,48.7116960581832,0.726454754621328,0.709037466472816,2022.41545942418,2022.43287671233,PV303368|A/American_White_Pelican/ON/FAV-0803-2-2022/2022|H5N1|Canada-ON|2022-06-08|wild_avian|B3.2
1098,1099,0.0519096373718573,-73.8328431117146,51.1424299478101,-73.7451919617961,51.2743180249141,0.726899641761139,0.674990004389282,2022.3814119621,2022.43332159947,NA
649,650,0.241975969219748,-102.618767460918,40.3271489299439,-105.698985348731,41.7169064510912,0.73405075786364,0.492074788643892,2022.19849674635,2022.44047271557,NA
650,662,0.002763815634093,-105.698985348731,41.7169064510912,-103.900324428981,41.3790250559912,0.736814573497733,0.73405075786364,2022.44047271557,2022.44323653121,NA
1071,565,0.371960924503707,-84.7057236136553,40.3853036090826,-86.9785237809516,48.5125864349514,0.737413658730758,0.365452734227051,2022.07187469193,2022.44383561644,PV315664|A/Peregrine_Falcon/ON/FAV-0853-3-2022/2022|H5N1|Canada-ON|2022-06-12|wild_avian|B3.2
861,884,0.0741045324730134,-105.699262314799,44.831178937198,-102.464326222795,37.6472064651099,0.741487456503881,0.667382924030868,2022.37380488174,2022.44790941421,NA
585,10,0.631737934587529,-104.265502262034,53.9282116970497,-98.5299409597877,52.8899340484748,0.745632836813057,0.113894902225528,2021.82031685993,2022.45205479452,PV309736|A/Domestic_bird/MB/FAV-0716-5-2022/2022|H5N1|Canada-MB|2022-06-15|domestic_avian|B3.2
599,31,0.204142569717383,-129.39988757233,61.6155009761885,-161.605837669351,63.1748561198799,0.745632836813057,0.541490267095674,2022.2479122248,2022.45205479452,EPI_ISL_17260681|A/red_fox/Alaska/22-019272-001/2022|H5N1|USA-AK|2022-06-15|other_mammal|B3.2
601,602,0.0419619613940778,-131.294954517358,62.7130719516121,-128.824229862879,57.0062823021469,0.747527218242158,0.70556525684808,2022.41198721456,2022.45394917595,NA
662,663,0.0110579671970594,-103.900324428981,41.3790250559912,-104.214374206865,39.5374825740782,0.747872540694792,0.736814573497733,2022.44323653121,2022.4542944984,NA
1048,393,0.246773306815411,-123.625426557347,55.6540422116818,-127.460120992846,53.8914539907216,0.748372562840415,0.501599256025004,2022.20802121373,2022.45479452055,PV309608|A/Domestic_bird/BC/FAV-0772-1-2022/2022|H5N1|Canada-BC|2022-06-16|domestic_avian|B3.2
1012,1013,0.0906126985051556,-122.098771981148,48.5785836104461,-124.413329265005,51.5490445207782,0.748465254913381,0.657852556408226,2022.36427451412,2022.45488721262,NA
1044,1045,0.157183354772297,-137.716078533101,55.9792616137097,-123.311819135211,39.047513144906,0.748860144692869,0.591676789920572,2022.29809874763,2022.4552821024,NA
643,644,0.256348486625055,-102.577584409713,40.1897118447474,-100.02361042696,28.3170377130559,0.750851680424236,0.494503193799181,2022.20092515151,2022.45727363813,NA
851,913,0.195024329066891,-104.961454770982,43.0413673822977,-103.391240067088,48.7508418252989,0.751947499270738,0.556923170203846,2022.26334512791,2022.45836945698,NA
863,864,0.0671304400358155,-105.877505617407,45.300628268758,-102.522644679668,46.5349749855585,0.75240689024326,0.685276450207445,2022.39169840791,2022.45882884795,NA
858,87,0.189848462969231,-103.202428199831,43.689733619847,-112.807378822982,55.8035020813013,0.767550645032144,0.577702182062913,2022.28412413977,2022.47397260274,PV321824|A/Western_Grebe/AB/FAV-0833-72-2022/2022|H5N1|Canada-AB|2022-06-23|wild_avian|B3.2
859,34,0.169122721849441,-103.989897123503,44.1980379620169,-118.387675019788,54.723149995887,0.767550645032144,0.598427923182703,2022.30484988089,2022.47397260274,PV321872|A/Western_Grebe/AB/FAV-0833-78-2022/2022|H5N1|Canada-AB|2022-06-23|wild_avian|B3.2
864,865,0.0165713718281619,-102.522644679668,46.5349749855585,-99.9015159430897,44.5722508520269,0.768978262071422,0.75240689024326,2022.45882884795,2022.47540021978,NA
602,603,0.0229942662022191,-128.824229862879,57.0062823021469,-129.187453229517,58.5175003523865,0.770521484444377,0.747527218242158,2022.45394917595,2022.47694344215,NA
603,604,0.00458033797744006,-129.187453229517,58.5175003523865,-129.811164570084,58.1465257279554,0.775101822421817,0.770521484444377,2022.47694344215,2022.48152378013,NA
995,32,0.24156424467463,-129.635660637879,49.3990202744457,-164.742279023269,68.5864556904489,0.775769823114443,0.534205578439813,2022.24062753615,2022.48219178082,PQ715385|A/Raven/AK/22-020951-001-original/2022|H5N1|USA-AK|2022-06-26|wild_avian|B3.2
1079,1080,0.068156455682411,-89.3071919519219,41.0337416223986,-89.3522862378363,41.1093873983657,0.778357491896113,0.710201036213702,2022.41662299392,2022.4847794496,NA
1158,484,0.201320819290077,-111.86418658704,41.1045234692655,-111.718142112864,40.6518706552522,0.778509549141801,0.577188729851724,2022.28361068756,2022.48493150685,EPI_ISL_19546785|A/chicken/Utah/22-020377-001-original/2022|H5N1|USA-UT|2022-06-27|domestic_avian|B3.2
663,672,0.030934894168364,-104.214374206865,39.5374825740782,-102.484713251291,38.8862251008135,0.778807434863156,0.747872540694792,2022.4542944984,2022.48522939257,NA
922,923,0.123255220858322,-96.3844517465347,38.958653650003,-93.6664924947465,37.6337710631555,0.779322063073961,0.656066842215639,2022.36248879992,2022.48574402078,NA
997,998,0.246892545112793,-128.06453945658,50.1949412554024,-134.282102870494,62.9786617518223,0.782306996486473,0.53541445137368,2022.24183640908,2022.48872895419,NA
852,853,0.219714945558154,-104.49132988132,43.4910002190537,-107.650972493063,49.7806171309572,0.782944902222058,0.563229956663904,2022.26965191437,2022.48936685993,NA
1099,1119,0.0611298954296915,-73.7451919617961,51.2743180249141,-80.3763321279001,42.0566422961142,0.788029537190831,0.726899641761139,2022.43332159947,2022.4944514949,NA
1082,552,0.0947221708630974,-92.6369447542644,43.2518419463211,-88.7538355636777,39.4728563216908,0.789468453251458,0.69474628238836,2022.4011682401,2022.49589041096,PQ702009|A/American_white_Pelican/IL/22-021276-001-original/2022|H5N1|USA-IL|2022-07-01|wild_avian|B3.2
1082,553,0.0947221708630974,-92.6369447542644,43.2518419463211,-92.4736552571514,43.2188018490586,0.789468453251458,0.69474628238836,2022.4011682401,2022.49589041096,PQ701977|A/American_white_Pelican/IA/22-022114-001-original/2022|H5N1|USA-IA|2022-07-01|wild_avian|B3.2
1010,433,0.0885077608241778,-129.096323044761,55.0231765502258,-156.093569462867,66.713747800082,0.789468453251458,0.70096069242728,2022.40738265013,2022.49589041096,PQ710529|A/Glaucous_Gull/AK/22-024502-001-original/2022|H5N1|USA-AK|2022-07-01|wild_avian|B3.2
1079,554,0.0792674170377556,-89.3071919519219,41.0337416223986,-91.0446594428568,41.7822508462288,0.789468453251458,0.710201036213702,2022.41662299392,2022.49589041096,PQ701969|A/American_white_Pelican/IA/22-021277-001-original/2022|H5N1|USA-IA|2022-07-01|wild_avian|B3.2
1119,1121,0.00211610479052426,-80.3763321279001,42.0566422961142,-81.0976763244125,43.2505992695397,0.790145641981355,0.788029537190831,2022.4944514949,2022.49656759969,NA
1121,1122,0.0000605992797755306,-81.0976763244125,43.2505992695397,-81.1027594123411,43.2442708296798,0.790206241261131,0.790145641981355,2022.49656759969,2022.49662819897,NA
663,664,0.0435648297878064,-104.214374206865,39.5374825740782,-103.740905758197,39.7146739935579,0.791437370482599,0.747872540694792,2022.4542944984,2022.49785932819,NA
865,866,0.0243859143079512,-99.9015159430897,44.5722508520269,-99.4117788687394,47.4636977697962,0.793364176379373,0.768978262071422,2022.47540021978,2022.49978613409,NA
644,646,0.0435347320664734,-100.02361042696,28.3170377130559,-99.8244539128531,28.4617781760536,0.79438641249071,0.750851680424236,2022.45727363813,2022.5008083702,NA
1062,572,0.590254021088841,-96.4632126934052,46.1374458591067,-100.1468518293,53.9536461432745,0.79768763133353,0.207433610244689,2021.91385556795,2022.50410958904,PV321880|A/Western_Grebe/MB/FAV-0846-2-2022/2022|H5N1|Canada-MB|2022-07-04|wild_avian|B3.2
1076,551,0.214231602251668,-92.7888514741987,50.5181963474975,-91.2781413855645,56.9026320560081,0.79768763133353,0.583456029081862,2022.28987798679,2022.50410958904,PV321888|A/Western_Grebe/MB/FAV-0846-3-2022/2022|H5N1|Canada-MB|2022-07-04|wild_avian|B3.2
604,605,0.0236007113072332,-129.811164570084,58.1465257279554,-128.994961265842,59.8672651156127,0.79870253372905,0.775101822421817,2022.48152378013,2022.50512449144,NA
923,924,0.0219104673906068,-93.6664924947465,37.6337710631555,-95.1210041881992,37.0540151247418,0.801232530464568,0.779322063073961,2022.48574402078,2022.50765448817,NA
875,876,0.0936391980588232,-106.93654349305,45.1922374932159,-108.016348912623,45.940691938096,0.802417620088329,0.708778422029506,2022.41520037974,2022.5088395778,NA
884,885,0.0616391740757085,-102.464326222795,37.6472064651099,-108.72399757708,43.3580948229425,0.80312663057959,0.741487456503881,2022.44790941421,2022.50954858829,NA
1145,576,0.299131862024385,-89.3867307516893,43.6600264580737,-86.0737865028762,43.3015106340506,0.803167083388472,0.504035221364087,2022.21045717907,2022.5095890411,EPI_ISL_17260684|A/red_fox/Michigan/22-021733-002/2022|H5N1|USA-MI|2022-07-06|other_mammal|B3.2
1098,504,0.130916805026547,-73.8328431117146,51.1424299478101,-82.0966576363999,51.5775843643266,0.805906809415829,0.674990004389282,2022.3814119621,2022.51232876712,PV303384|A/American_White_Pelican/ON/FAV-0867-2-2022/2022|H5N1|Canada-ON|2022-07-07|wild_avian|B3.2
601,611,0.100508757018255,-131.294954517358,62.7130719516121,-127.09457513118,53.0060459515371,0.806074013866335,0.70556525684808,2022.41198721456,2022.51249597157,NA
1159,1160,0.120978089794747,-115.537321438583,48.067051616836,-111.506808482013,40.4265666926957,0.807713421571229,0.686735331776482,2022.39315728948,2022.51413537928,NA
672,673,0.0293307605634445,-102.484713251291,38.8862251008135,-102.573361213362,38.9841343782532,0.808138195426601,0.778807434863156,2022.48522939257,2022.51456015313,NA
924,925,0.00878156068299463,-95.1210041881992,37.0540151247418,-94.1293188042296,36.5926935914457,0.810014091147562,0.801232530464568,2022.50765448817,2022.51643604885,NA
925,926,0.00264392208034092,-94.1293188042296,36.5926935914457,-94.1548305256038,36.6414723861188,0.812658013227903,0.810014091147562,2022.51643604885,2022.51907997094,NA
673,674,0.00786590729726289,-102.573361213362,38.9841343782532,-99.3160882501531,39.854371826517,0.816004102723864,0.808138195426601,2022.51456015313,2022.52242606043,NA
603,607,0.0478536960487976,-129.187453229517,58.5175003523865,-127.217107493524,56.1050832872972,0.818375180493175,0.770521484444377,2022.47694344215,2022.5247971382,NA
925,927,0.0091046239524033,-94.1293188042296,36.5926935914457,-91.633512917855,38.6039148232613,0.819118715099965,0.810014091147562,2022.51643604885,2022.52554067281,NA
876,877,0.0189049214670747,-108.016348912623,45.940691938096,-111.620495468189,48.112786761583,0.821322541555404,0.802417620088329,2022.5088395778,2022.52774449926,NA
885,895,0.0202809285678294,-108.72399757708,43.3580948229425,-107.10253163687,46.2780637950215,0.823407559147419,0.80312663057959,2022.50954858829,2022.52982951685,NA
998,999,0.0416751337774866,-134.282102870494,62.9786617518223,-135.057184859607,62.4785024955169,0.823982130263959,0.782306996486473,2022.48872895419,2022.53040408797,NA
1013,1016,0.0759139907446467,-124.413329265005,51.5490445207782,-126.809178480001,54.4853285404783,0.824379245658028,0.748465254913381,2022.45488721262,2022.53080120337,NA
924,978,0.0237599473109262,-95.1210041881992,37.0540151247418,-94.9121902204753,39.7653635558706,0.824992477775494,0.801232530464568,2022.50765448817,2022.53141443548,NA
1050,477,0.344040555873657,-100.113833937224,46.4791650716345,-141.656073248142,63.4790926032908,0.827824617634916,0.483784061761258,2022.19020601947,2022.53424657534,PQ710513|A/Glaucous_Gull/AK/22-023553-001-original/2022|H5N1|USA-AK|2022-07-15|wild_avian|B3.2
865,874,0.0631005736531405,-99.9015159430897,44.5722508520269,-102.425382553449,45.0131496118293,0.832078835724563,0.768978262071422,2022.47540021978,2022.53850079343,NA
1090,1091,0.123407384074307,-92.9206071451899,44.4734649555515,-93.8876205417166,48.7466078907193,0.832444850547124,0.709037466472816,2022.41545942418,2022.53886680825,NA
866,871,0.0404894323498457,-99.4117788687394,47.4636977697962,-98.3130548718726,49.3760797810678,0.833853608729219,0.793364176379373,2022.49978613409,2022.54027556644,NA
927,930,0.015465806748058,-91.633512917855,38.6039148232613,-93.8794544331736,40.771128668477,0.834584521848023,0.819118715099965,2022.52554067281,2022.54100647956,NA
978,982,0.0108031710827188,-94.9121902204753,39.7653635558706,-95.0021216142212,39.7151362860679,0.835795648858213,0.824992477775494,2022.53141443548,2022.54221760657,NA
982,983,0.000815485579731767,-95.0021216142212,39.7151362860679,-95.4855878181047,39.7000780171089,0.836611134437944,0.835795648858213,2022.54221760657,2022.54303309215,NA
611,612,0.0314102880684914,-127.09457513118,53.0060459515371,-130.672095451336,53.8225899831846,0.837484301934827,0.806074013866335,2022.51249597157,2022.54390625964,NA
914,296,0.156723440786185,-102.668008421406,38.5409687203305,-113.289073984266,54.2650936489113,0.838783521744573,0.682060080958387,2022.38848203867,2022.54520547945,PV319064|A/Striped_Skunk/AB/FAV-0897-2-2022/2022|H5N1|Canada-AB|2022-07-19|other_mammal|B3.2
1121,548,0.0486378797632177,-81.0976763244125,43.2505992695397,-96.436933764562,46.2080114401565,0.838783521744573,0.790145641981355,2022.49656759969,2022.54520547945,PQ702081|A/American_white_Pelican/MN/22-023116-001-original/2022|H5N1|USA-MN|2022-07-19|wild_avian|B3.2
930,931,0.0042094421316432,-93.8794544331736,40.771128668477,-94.1584165977316,40.809952291564,0.838793963979667,0.834584521848023,2022.54100647956,2022.54521592169,NA
978,979,0.0150677689034664,-94.9121902204753,39.7653635558706,-95.4037725556924,39.5076548229002,0.84006024667896,0.824992477775494,2022.53141443548,2022.54648220439,NA
877,878,0.0227567518758418,-111.620495468189,48.112786761583,-104.743293056026,41.9492706834955,0.844079293431245,0.821322541555404,2022.52774449926,2022.55050125114,NA
931,941,0.00681501824897257,-94.1584165977316,40.809952291564,-95.1329317059112,40.3695701491308,0.845608982228639,0.838793963979667,2022.54521592169,2022.55203093994,NA
590,386,0.254149603092525,-117.66206245383,46.6560858682319,-116.349635408554,43.4274601169939,0.847002699826645,0.59285309673412,2022.29927505444,2022.55342465753,EPI_ISL_17260689|A/skunk/Idaho/22-023547-001/2022|H5N1|USA-ID|2022-07-22|other_mammal|B3.2
866,867,0.0558646191307988,-99.4117788687394,47.4636977697962,-98.1932282194462,45.6750928122815,0.849228795510172,0.793364176379373,2022.49978613409,2022.55565075322,NA
941,942,0.00455522243892537,-95.1329317059112,40.3695701491308,-93.4859055632019,40.5122441065597,0.850164204667565,0.845608982228639,2022.55203093994,2022.55658616237,NA
1099,1100,0.127092439093889,-73.7451919617961,51.2743180249141,-72.3408396976624,49.807392856086,0.853992080855028,0.726899641761139,2022.43332159947,2022.56041403856,NA
941,958,0.0115436504281545,-95.1329317059112,40.3695701491308,-94.661141873048,40.4065785831929,0.857152632656794,0.845608982228639,2022.55203093994,2022.56357459036,NA
674,845,0.0421946742065273,-99.3160882501531,39.854371826517,-99.2933243400504,42.1649556249195,0.858198776930391,0.816004102723864,2022.52242606043,2022.56462073464,NA
927,928,0.0395439971613856,-91.633512917855,38.6039148232613,-93.2665753391306,39.3606568379871,0.858662712261351,0.819118715099965,2022.52554067281,2022.56508466997,NA
942,943,0.00981372193361096,-93.4859055632019,40.5122441065597,-95.0472706640627,41.7623253463325,0.859977926601176,0.850164204667565,2022.55658616237,2022.56639988431,NA
605,606,0.0678718620870367,-128.994961265842,59.8672651156127,-129.037490195877,59.6097112200687,0.866574395816087,0.79870253372905,2022.50512449144,2022.57299635352,NA
931,932,0.03003662801075,-94.1584165977316,40.809952291564,-92.9082114867246,41.0978308891138,0.868830591990417,0.838793963979667,2022.54521592169,2022.5752525497,NA
650,651,0.13681093963823,-105.698985348731,41.7169064510912,-94.4755248836394,35.3358720578017,0.87086169750187,0.73405075786364,2022.44047271557,2022.57728365521,NA
1122,1140,0.0822545145891382,-81.1027594123411,43.2442708296798,-88.3013368421937,41.8239537255259,0.872460755850269,0.790206241261131,2022.49662819897,2022.57888271356,NA
616,617,0.460795630241218,-111.231994902842,47.6626461527152,-104.380734108832,40.9953600138323,0.874970019760866,0.414174389519648,2022.12059634723,2022.58139197747,NA
928,929,0.0174452727884811,-93.2665753391306,39.3606568379871,-93.2662542562287,39.36055723338,0.876107985049832,0.858662712261351,2022.56508466997,2022.58252994276,NA
943,944,0.0177854270121971,-95.0472706640627,41.7623253463325,-95.6367344913362,41.4476274544024,0.877763353613373,0.859977926601176,2022.56639988431,2022.58418531132,NA
853,856,0.0948281018450996,-107.650972493063,49.7806171309572,-108.163131576717,58.5409453456308,0.877773004067158,0.782944902222058,2022.48936685993,2022.58419496177,NA
875,883,0.169420479239057,-106.93654349305,45.1922374932159,-93.6894958294135,38.0935231906841,0.878198901268563,0.708778422029506,2022.41520037974,2022.58462085898,NA
944,947,0.00301840305648415,-95.6367344913362,41.4476274544024,-95.684488005802,41.5912742281115,0.880781756669857,0.877763353613373,2022.58418531132,2022.58720371438,NA
674,675,0.0648716945930947,-99.3160882501531,39.854371826517,-79.1101155317681,-4.99439016457012,0.880875797316958,0.816004102723864,2022.52242606043,2022.58729775502,NA
944,945,0.0041269637773369,-95.6367344913362,41.4476274544024,-98.1992362124216,45.0012306464549,0.88189031739071,0.877763353613373,2022.58418531132,2022.5883122751,NA
1016,1017,0.0580572160597019,-126.809178480001,54.4853285404783,-124.424177034967,52.4141886176128,0.88243646171773,0.824379245658028,2022.53080120337,2022.58885841943,NA
947,948,0.00175107785462814,-95.684488005802,41.5912742281115,-95.4714842230323,40.9534658186126,0.882532834524485,0.880781756669857,2022.58720371438,2022.58895479223,NA
986,987,0.169845150220334,-86.7056993899428,37.9167562447426,-86.4144513310166,36.058108946897,0.883000211072076,0.713155060851741,2022.41957701856,2022.58942216878,NA
943,954,0.0283646285449835,-95.0472706640627,41.7623253463325,-82.3372207663186,39.9882413996769,0.888342555146159,0.859977926601176,2022.56639988431,2022.59476451285,NA
948,953,0.0069327903403269,-95.4714842230323,40.9534658186126,-95.8283119687462,41.5555236233761,0.889465624864812,0.882532834524485,2022.58895479223,2022.59588758257,NA
1100,1113,0.0363327436706107,-72.3408396976624,49.807392856086,-74.9675249902701,49.9659547811865,0.890324824525639,0.853992080855028,2022.56041403856,2022.59674678223,NA
1113,1114,0.00038959198976718,-74.9675249902701,49.9659547811865,-75.4009452845869,50.1184557618874,0.890714416515406,0.890324824525639,2022.59674678223,2022.59713637422,NA
1080,1081,0.118359496138892,-89.3522862378363,41.1093873983657,-97.5057026078711,43.1265713918755,0.896716988035005,0.778357491896113,2022.4847794496,2022.60313894574,NA
1081,556,0.00234050631234028,-97.5057026078711,43.1265713918755,-109.143763401419,39.1220056782807,0.899057494347345,0.896716988035005,2022.60313894574,2022.60547945205,PQ701857|A/American_green-winged_teal/UT/22-027017-012-original/2022|H5N1|USA-UT|2022-08-10|wild_avian|B3.2
1013,1014,0.15367463312815,-124.413329265005,51.5490445207782,-124.005865463024,52.9520908964211,0.902139888041531,0.748465254913381,2022.45488721262,2022.60856184575,NA
915,919,0.183844460145403,-105.979144928084,40.6531542310393,-102.450180055506,35.306078879625,0.904311183497077,0.720466723351674,2022.42688868106,2022.6107331412,NA
867,868,0.0573168935302171,-98.1932282194462,45.6750928122815,-98.366294117681,45.9825106923465,0.906545689040389,0.849228795510172,2022.55565075322,2022.61296764675,NA
1119,1120,0.118894566001585,-80.3763321279001,42.0566422961142,-86.5550301960147,45.2684663150504,0.906924103192416,0.788029537190831,2022.4944514949,2022.6133460609,NA
958,959,0.0509605587975854,-94.661141873048,40.4065785831929,-95.535763449823,42.6705488032214,0.908113191454379,0.857152632656794,2022.56357459036,2022.61453514916,NA
646,647,0.115232632353223,-99.8244539128531,28.4617781760536,-91.7126130898623,39.3903013477163,0.909619044843933,0.79438641249071,2022.5008083702,2022.61604100255,NA
932,933,0.0409086404232935,-92.9082114867246,41.0978308891138,-94.8239381193639,42.0118590036608,0.90973923241371,0.868830591990417,2022.5752525497,2022.61616119012,NA
954,955,0.0216496017214451,-82.3372207663186,39.9882413996769,-81.7914016127974,40.7845247289661,0.909992156867604,0.888342555146159,2022.59476451285,2022.61641411458,NA
955,956,0.00172086996257548,-81.7914016127974,40.7845247289661,-81.6161126205239,40.446010918062,0.91171302683018,0.909992156867604,2022.61641411458,2022.61813498454,NA
868,869,0.00537750202865084,-98.366294117681,45.9825106923465,-98.9559663725863,46.4593273649357,0.91192319106904,0.906545689040389,2022.61296764675,2022.61834514878,NA
664,665,0.122956304305341,-103.740905758197,39.7146739935579,-107.500473067789,42.0023183553203,0.91439367478794,0.791437370482599,2022.49785932819,2022.6208156325,NA
651,661,0.0462300399409776,-94.4755248836394,35.3358720578017,-99.6870602706308,37.8661500427785,0.917091737442848,0.87086169750187,2022.57728365521,2022.62351369515,NA
895,896,0.0949807444340216,-107.10253163687,46.2780637950215,-106.735526557535,45.7954689977824,0.918388303581441,0.823407559147419,2022.52982951685,2022.62481026129,NA
895,901,0.0972638161932746,-107.10253163687,46.2780637950215,-105.105656691761,45.3405624327859,0.920671375340694,0.823407559147419,2022.52982951685,2022.62709333305,NA
617,620,0.046482388091988,-104.380734108832,40.9953600138323,-105.417815520926,40.5006019925533,0.921452407852854,0.874970019760866,2022.58139197747,2022.62787436556,NA
651,652,0.0512921784971123,-94.4755248836394,35.3358720578017,-95.3019493873099,34.9928749487033,0.922153875998982,0.87086169750187,2022.57728365521,2022.62857583371,NA
665,666,0.0103714031103417,-107.500473067789,42.0023183553203,-107.303063816474,42.005310697148,0.924765077898281,0.91439367478794,2022.6208156325,2022.63118703561,NA
853,854,0.144189062146438,-107.650972493063,49.7806171309572,-103.905116601878,48.7484358819055,0.927133964368496,0.782944902222058,2022.48936685993,2022.63355592208,NA
643,648,0.434234882793108,-102.577584409713,40.1897118447474,-99.1462004302195,34.3377813691999,0.928738076592289,0.494503193799181,2022.20092515151,2022.6351600343,NA
675,676,0.0482105239945403,-79.1101155317681,-4.99439016457012,-78.9919993374599,-5.35783548400184,0.929086321311499,0.880875797316958,2022.58729775502,2022.63550827902,NA
1122,1123,0.138893937508869,-81.1027594123411,43.2442708296798,-80.137747385429,43.8801580878375,0.92910017877,0.790206241261131,2022.49662819897,2022.63552213648,NA
901,902,0.0110674241624538,-105.105656691761,45.3405624327859,-105.533738173804,45.710103572717,0.931738799503147,0.920671375340694,2022.62709333305,2022.63816075721,NA
652,653,0.0146502997150213,-95.3019493873099,34.9928749487033,-94.3664773483552,34.3255219144533,0.936804175714004,0.922153875998982,2022.62857583371,2022.64322613342,NA
896,897,0.020020858395088,-106.735526557535,45.7954689977824,-106.709818452053,45.7956603944346,0.938409161976529,0.918388303581441,2022.62481026129,2022.64483111968,NA
666,667,0.0144428927973657,-107.303063816474,42.005310697148,-107.427338545042,42.5919563587321,0.939207970695647,0.924765077898281,2022.63118703561,2022.6456299284,NA
1080,558,0.161795892862048,-89.3522862378363,41.1093873983657,-95.7158727250352,44.225223883254,0.94015338475816,0.778357491896113,2022.4847794496,2022.64657534247,PQ719721|A/Wood_Duck/MN/22-032745-002-original-repeat/2022|H5N1|USA-MN|2022-08-25|wild_avian|B3.2
897,74,0.00174422278163178,-106.709818452053,45.7956603944346,-110.017330256098,50.4096350207849,0.94015338475816,0.938409161976529,2022.64483111968,2022.64657534247,PV309264|A/Domestic_bird/AB/FAV-0906-1-2022/2022|H5N1|Canada-AB|2022-08-25|domestic_avian|B3.2
923,984,0.1626857593574,-93.6664924947465,37.6337710631555,-100.050300813506,44.3599274660766,0.942007822431361,0.779322063073961,2022.48574402078,2022.64842978014,NA
992,11,0.321445977720947,-117.650793262862,55.9328645771465,-116.23251222549,53.4405399168133,0.942893110785745,0.621447133064799,2022.32786909077,2022.64931506849,PV317648|A/Snow_Goose/AB/FAV-0937-5-2022/2022|H5N1|Canada-AB|2022-08-26|wild_avian|B3.2
984,985,0.00284098208478767,-100.050300813506,44.3599274660766,-99.2459198545334,43.8032797133999,0.944848804516148,0.942007822431361,2022.64842978014,2022.65127076222,NA
915,916,0.224570507374592,-105.979144928084,40.6531542310393,-107.507298373915,51.696819174939,0.945037230726266,0.720466723351674,2022.42688868106,2022.65145918843,NA
666,671,0.0204671278074993,-107.303063816474,42.005310697148,-102.203831301328,44.6548969637471,0.945232205705781,0.924765077898281,2022.63118703561,2022.65165416341,NA
948,949,0.063291189241339,-95.4714842230323,40.9534658186126,-96.3536555136277,36.9953251752032,0.945824023765824,0.882532834524485,2022.58895479223,2022.65224598147,NA
999,1003,0.121905364261488,-135.057184859607,62.4785024955169,-137.741021907873,62.7531636771202,0.945887494525447,0.823982130263959,2022.53040408797,2022.65230945223,NA
845,846,0.0898612656230413,-99.2933243400504,42.1649556249195,-95.644558121786,38.8089835710066,0.948060042553432,0.858198776930391,2022.56462073464,2022.65448200026,NA
676,677,0.0191900233220745,-78.9919993374599,-5.35783548400184,-79.5977252301433,-5.53303264072708,0.948276344633573,0.929086321311499,2022.63550827902,2022.65469830234,NA
999,1000,0.125480083608435,-135.057184859607,62.4785024955169,-140.865488051768,62.5421345118145,0.949462213872394,0.823982130263959,2022.53040408797,2022.65588417158,NA
620,621,0.0286804523434068,-105.417815520926,40.5006019925533,-115.962687186618,44.7558471245947,0.95013286019626,0.921452407852854,2022.62787436556,2022.6565548179,NA
1081,557,0.0543953008328129,-97.5057026078711,43.1265713918755,-96.1263926339458,43.8810132632559,0.951112288867817,0.896716988035005,2022.60313894574,2022.65753424658,PQ718753|A/Trumpeter_Swan/MN/22-026969-002-original/2022|H5N1|USA-MN|2022-08-29|wild_avian|B3.2
667,668,0.012698585016865,-107.427338545042,42.5919563587321,-108.15522354361,42.7097484264102,0.951906555712512,0.939207970695647,2022.6456299284,2022.65832851342,NA
1017,1018,0.0694914044668287,-124.424177034967,52.4141886176128,-124.297555477943,50.9783936973281,0.951927866184559,0.88243646171773,2022.58885841943,2022.65834982389,NA
1100,1101,0.0988198618955702,-72.3408396976624,49.807392856086,-72.1963265295707,49.7318022494884,0.952811942750599,0.853992080855028,2022.56041403856,2022.65923390046,NA
1160,483,0.146138593323946,-111.506808482013,40.4265666926957,-111.632349273756,40.5508385777624,0.953852014895175,0.807713421571229,2022.51413537928,2022.6602739726,PQ720177|A/goose/UT/22-027791-006-original/2022|H5N1|USA-UT|2022-08-30|domestic_avian|B3.2
949,950,0.00807708233585247,-96.3536555136277,36.9953251752032,-95.3036366343213,36.9243474673784,0.953901106101676,0.945824023765824,2022.65224598147,2022.66032306381,NA
677,678,0.00578319318565335,-79.5977252301433,-5.53303264072708,-79.2154423676737,-10.6197800138194,0.954059537819226,0.948276344633573,2022.65469830234,2022.66048149553,NA
916,917,0.0125859489342437,-107.507298373915,51.696819174939,-107.658784183889,50.5539325249718,0.95762317966051,0.945037230726266,2022.65145918843,2022.66404513737,NA
621,622,0.00765613904636719,-115.962687186618,44.7558471245947,-116.481342401287,44.2027546108004,0.957788999242628,0.95013286019626,2022.6565548179,2022.66421095695,NA
621,627,0.0082408832438361,-115.962687186618,44.7558471245947,-116.093965653244,45.5195123593136,0.958373743440097,0.95013286019626,2022.6565548179,2022.66479570115,NA
1120,529,0.0524073637577009,-86.5550301960147,45.2684663150504,-83.102882868813,41.7961478662084,0.959331466950117,0.906924103192416,2022.6133460609,2022.66575342466,OR136556|A/chicken/OH/OH22-20542-1/2022|H5N1|USA-OH|2022-09-01|domestic_avian|B3.2
917,918,0.00450577822393683,-107.658784183889,50.5539325249718,-107.801613473629,51.253045478096,0.962128957884447,0.95762317966051,2022.66404513737,2022.66855091559,NA
627,628,0.00770476371876638,-116.093965653244,45.5195123593136,-115.940497702436,45.3910683276793,0.966078507158863,0.958373743440097,2022.66479570115,2022.67250046487,NA
677,737,0.0178326260895059,-79.5977252301433,-5.53303264072708,-80.6748125487198,-4.57083010104724,0.966108970723079,0.948276344633573,2022.65469830234,2022.67253092843,NA
605,19,0.168848111303139,-128.994961265842,59.8672651156127,-130.41855646121,55.2553711241185,0.967550645032189,0.79870253372905,2022.50512449144,2022.67397260274,PQ714457|A/Northern_pintail/AK/22-029100-001-original/2022|H5N1|USA-AK|2022-09-04|wild_avian|B3.2
653,654,0.0329845011765806,-94.3664773483552,34.3255219144533,-94.2974248655796,34.1196359161465,0.969788676890584,0.936804175714004,2022.64322613342,2022.6762106346,NA
654,656,0.00194936222355935,-94.2974248655796,34.1196359161465,-94.3455810150673,35.3194902629882,0.971738039114144,0.969788676890584,2022.6762106346,2022.67815999682,NA
628,629,0.00794226970387291,-115.940497702436,45.3910683276793,-116.956820589585,46.4003281576076,0.974020776862736,0.966078507158863,2022.67250046487,2022.68044273457,NA
846,847,0.0279370087814517,-95.644558121786,38.8089835710066,-96.7877858335876,37.6430214289201,0.975997051334884,0.948060042553432,2022.65448200026,2022.68241900904,NA
854,855,0.0540060869982586,-103.905116601878,48.7484358819055,-96.9898433887006,45.0829225341427,0.981140051366755,0.927133964368496,2022.63355592208,2022.68756200907,NA
678,679,0.0284207525393962,-79.2154423676737,-10.6197800138194,-77.4566935013836,-12.9330690868858,0.982480290358623,0.954059537819226,2022.66048149553,2022.68890224807,NA
933,934,0.0740530667357313,-94.8239381193639,42.0118590036608,-95.8793412216369,42.276909256885,0.983792299149441,0.90973923241371,2022.61616119012,2022.69021425686,NA
1078,555,0.280992724547843,-88.4936467536767,41.7067653066294,-86.6220090855509,41.4834964852656,0.983989001196561,0.702996276648718,2022.40941823436,2022.6904109589,PQ701713|A/American_green-winged_teal/IN/22-029725-007-original-repeat/2022|H5N1|USA-IN|2022-09-10|wild_avian|B3.2
648,289,0.0552509246042723,-99.1462004302195,34.3377813691999,-99.0332147808431,34.2997873385785,0.983989001196561,0.928738076592289,2022.6351600343,2022.6904109589,PQ706369|A/Blue-winged_teal/OK/22-029332-011-original/2022|H5N1|USA-OK|2022-09-10|wild_avian|B3.2
648,290,0.0552509246042723,-99.1462004302195,34.3377813691999,-99.0755389927226,34.233798980377,0.983989001196561,0.928738076592289,2022.6351600343,2022.6904109589,PQ706345|A/Blue-winged_teal/OK/22-029332-005-original/2022|H5N1|USA-OK|2022-09-10|wild_avian|B3.2
913,292,0.234781227953181,-103.391240067088,48.7508418252989,-106.787826870879,44.226582532345,0.986728727223918,0.751947499270738,2022.45836945698,2022.69315068493,PQ712073|A/Great_horned_owl/WY/22-029194-001-original/2022|H5N1|USA-WY|2022-09-11|wild_avian|B3.2
959,960,0.0791512302946149,-95.535763449823,42.6705488032214,-94.8963350780162,40.6608182582006,0.987264421748994,0.908113191454379,2022.61453514916,2022.69368637946,NA
846,848,0.0398176167749695,-95.644558121786,38.8089835710066,-92.6618639851724,38.8476288418761,0.987877659328402,0.948060042553432,2022.65448200026,2022.69429961704,NA
653,657,0.0525160217615546,-94.3664773483552,34.3255219144533,-81.017366216116,17.0084879051492,0.989320197475558,0.936804175714004,2022.64322613342,2022.69574215518,NA
945,946,0.108658670775887,-98.1992362124216,45.0012306464549,-96.1433606562933,40.6822639825795,0.990548988166597,0.88189031739071,2022.5883122751,2022.69697094587,NA
934,935,0.00742697050901198,-95.8793412216369,42.276909256885,-95.4129313638334,42.4769763383696,0.991219269658453,0.983792299149441,2022.69021425686,2022.69764122737,NA
679,680,0.00889196169166784,-77.4566935013836,-12.9330690868858,-78.0428324086736,-12.7372236036769,0.99137225205029,0.982480290358623,2022.68890224807,2022.69779420976,NA
657,658,0.00240660290100303,-81.017366216116,17.0084879051492,-81.0358206469816,17.3319506546965,0.991726800376561,0.989320197475558,2022.69574215518,2022.69814875808,NA
919,306,0.0878969957817834,-102.450180055506,35.306078879625,-98.9579581864346,53.1093331753206,0.99220817927886,0.904311183497077,2022.6107331412,2022.69863013699,PV309744|A/Domestic_bird/MB/FAV-0929-1-2022/2022|H5N1|Canada-MB|2022-09-13|domestic_avian|B3.2
871,872,0.158433121601181,-98.3130548718726,49.3760797810678,-89.3398942350012,49.100394096995,0.9922867303304,0.833853608729219,2022.54027556644,2022.69870868804,NA
628,638,0.0263835257722955,-115.940497702436,45.3910683276793,-116.489666537681,43.7572595808971,0.992462032931158,0.966078507158863,2022.67250046487,2022.69888399064,NA
1018,1019,0.0420768045690196,-124.297555477943,50.9783936973281,-121.555669890196,47.4939026706694,0.994004670753578,0.951927866184559,2022.65834982389,2022.70042662846,NA
664,270,0.203510534823619,-103.740905758197,39.7146739935579,-108.443043735765,44.7045229431163,0.994947905306218,0.791437370482599,2022.49785932819,2022.70136986301,PQ718785|A/Trumpeter_Swan/WY/22-030049-002-original/2022|H5N1|USA-WY|2022-09-14|wild_avian|B3.2
856,298,0.11717490123906,-108.163131576717,58.5409453456308,-113.451955066862,59.384589045107,0.994947905306218,0.877773004067158,2022.58419496177,2022.70136986301,PV301481|A/Striped_Skunk/AB/OTH-0136-1-2022/2022|H5N1|Canada-AB|2022-09-14|other_mammal|B3.2
675,844,0.114759387003017,-79.1101155317681,-4.99439016457012,-79.3399615125924,0.934533081944567,0.995635184319975,0.880875797316958,2022.58729775502,2022.70205714203,NA
629,630,0.0225560427521105,-116.956820589585,46.4003281576076,-115.848208430736,47.6367730023935,0.996576819614846,0.974020776862736,2022.68044273457,2022.70299877732,NA
935,936,0.00654833442126046,-95.4129313638334,42.4769763383696,-95.7652004345689,42.4321657326598,0.997767604079714,0.991219269658453,2022.69764122737,2022.70418956179,NA
885,886,0.194698374564077,-108.72399757708,43.3580948229425,-108.592678433828,47.6549959684461,0.997825005143667,0.80312663057959,2022.50954858829,2022.70424696285,NA
934,937,0.0158483302771439,-95.8793412216369,42.276909256885,-95.460064347975,42.1517213212894,0.999640629426585,0.983792299149441,2022.69021425686,2022.70606258713,NA
869,870,0.0883433219987055,-98.9559663725863,46.4593273649357,-93.8235849535057,35.898014432397,1.00026651306775,0.91192319106904,2022.61834514878,2022.70668847078,NA
595,384,0.420923882967347,-116.234883582831,46.9755354388714,-112.430269763637,45.282959727907,1.00042735736093,0.579503474393585,2022.2859254321,2022.70684931507,PQ718777|A/Trumpeter_Swan/MT/22-030263-001-original/2022|H5N1|USA-MT|2022-09-16|wild_avian|B3.2
982,376,0.16463170850272,-95.0021216142212,39.7151362860679,-106.344558582975,59.9096521708333,1.00042735736093,0.835795648858213,2022.54221760657,2022.70684931507,PV309064|A/Coopers_Hawk/SK/FAV-1470-23-2022/2022|H5N1|Canada-SK|2022-09-16|wild_avian|B3.2
1003,1004,0.0566654472480805,-137.741021907873,62.7531636771202,-139.458437247639,60.4037934427186,1.00255294177353,0.945887494525447,2022.65230945223,2022.70897489948,NA
658,660,0.0110992355008106,-81.0358206469816,17.3319506546965,-81.083860400673,17.3665630000676,1.00282603587737,0.991726800376561,2022.69814875808,2022.70924799358,NA
1019,1024,0.00887655542094867,-121.555669890196,47.4939026706694,-121.137388486129,46.9570531295756,1.00288122617453,0.994004670753578,2022.70042662846,2022.70930318388,NA
672,88,0.224359648525134,-102.484713251291,38.8862251008135,-94.4917289599621,32.5192409294287,1.00316708338829,0.778807434863156,2022.48522939257,2022.7095890411,PQ706441|A/Blue-winged_teal/TX/22-031351-010-original-repeat/2022|H5N1|USA-TX|2022-09-17|wild_avian|B3.2
855,300,0.0220270320215352,-96.9898433887006,45.0829225341427,-96.2837476498768,45.6633726457366,1.00316708338829,0.981140051366755,2022.68756200907,2022.7095890411,PQ701745|A/American_green-winged_teal/MN/23-013078-030-original/2022|H5N1|USA-MN|2022-09-17|wild_avian|B3.2
1123,1124,0.0756056365648803,-80.137747385429,43.8801580878375,-75.2589663365526,42.2228290689833,1.00470581533488,0.92910017877,2022.63552213648,2022.71112777304,NA
1004,1005,0.00362762786570947,-139.458437247639,60.4037934427186,-139.622264637415,60.5664349682437,1.00618056963924,1.00255294177353,2022.70897489948,2022.71260252735,NA
1024,1028,0.00413905042924734,-121.137388486129,46.9570531295756,-122.107372004653,47.8571778708982,1.00702027660377,1.00288122617453,2022.70930318388,2022.71344223431,NA
1091,1092,0.175299959262567,-93.8876205417166,48.7466078907193,-90.4009984463078,49.8511143275612,1.00774480980969,0.832444850547124,2022.53886680825,2022.71416676752,NA
954,365,0.120303980297073,-82.3372207663186,39.9882413996769,-102.135232218209,37.4904320892744,1.00864653544323,0.888342555146159,2022.59476451285,2022.71506849315,PQ715737|A/Red-tailed_hawk/CO/22-029818-001-original-repeat/2022|H5N1|USA-CO|2022-09-19|wild_avian|B3.2
1000,1001,0.0601748104116697,-140.865488051768,62.5421345118145,-140.462146729848,62.4020197513523,1.00963702428406,0.949462213872394,2022.65588417158,2022.71605898199,NA
622,623,0.0522371736887299,-116.481342401287,44.2027546108004,-111.011408871323,42.502728560252,1.01002617293136,0.957788999242628,2022.66421095695,2022.71644813064,NA
629,631,0.0372698616018647,-116.956820589585,46.4003281576076,-114.648199764063,44.2895468255419,1.0112906384646,0.974020776862736,2022.68044273457,2022.71771259617,NA
950,951,0.0573964393982953,-95.3036366343213,36.9243474673784,-95.5491600295726,38.8803479093407,1.01129754549997,0.953901106101676,2022.66032306381,2022.71771950321,NA
930,326,0.176801739622566,-93.8794544331736,40.771128668477,-92.9114377516374,30.2268311366512,1.01138626147059,0.834584521848023,2022.54100647956,2022.71780821918,PQ705761|A/Blue-winged_teal/LA/22-033477-003-original/2022|H5N1|USA-LA|2022-09-20|wild_avian|B3.2
1085,564,0.514552946786301,-94.1572861331621,48.9580113162169,-98.758627922962,32.9203270275886,1.0168657135253,0.502312766739003,2022.20873472445,2022.72328767123,PQ706497|A/Blue-winged_teal/TX/22-033479-004-original/2022|H5N1|USA-TX|2022-09-22|wild_avian|B3.2
854,299,0.0897317491568081,-103.905116601878,48.7484358819055,-110.369952436506,51.0030127414213,1.0168657135253,0.927133964368496,2022.63355592208,2022.72328767123,PV320424|A/Turkey/AB/FAV-0962-1-2022/2022|H5N1|Canada-AB|2022-09-22|domestic_avian|B3.2
919,920,0.11313618519288,-102.450180055506,35.306078879625,-103.809740444575,36.5875370988349,1.01744736868996,0.904311183497077,2022.6107331412,2022.7238693264,NA
911,295,0.365270833756847,-105.360390485647,43.6308098384626,-90.0272255230442,30.4673140157434,1.01960543955266,0.654334605795814,2022.3607565635,2022.72602739726,EPI_ISL_17690225|A/duck/Louisiana/UGAI22-3889/2022|H5N1|USA-LA|2022-09-23|domestic_avian|B3.2
673,266,0.211467244126061,-102.573361213362,38.9841343782532,-90.4939719927324,36.5229510533805,1.01960543955266,0.808138195426601,2022.51456015313,2022.72602739726,PQ701273|A/American_Blue-winged_teal/MO/22-032511-101-original-repeat/2022|H5N1|USA-MO|2022-09-23|wild_avian|B3.2
671,269,0.074373233846881,-102.203831301328,44.6548969637471,-117.686896337401,41.9950883971122,1.01960543955266,0.945232205705781,2022.65165416341,2022.72602739726,PQ708353|A/Canada_goose/NV/22-033403-003-original-repeat/2022|H5N1|USA-NV|2022-09-23|wild_avian|B3.2
631,632,0.00919968403124516,-114.648199764063,44.2895468255419,-110.778694549553,43.5829736176964,1.02049032249585,1.0112906384646,2022.71771259617,2022.7269122802,NA
661,286,0.105253428137399,-99.6870602706308,37.8661500427785,-110.839128344434,45.0831584401583,1.02234516558025,0.917091737442848,2022.62351369515,2022.72876712329,PQ706313|A/Blue-winged_teal/MT/22-031163-004-original-repeat/2022|H5N1|USA-MT|2022-09-24|wild_avian|B3.2
878,879,0.178323879179294,-104.743293056026,41.9492706834955,-109.701394547914,40.4005329935979,1.02240317261054,0.844079293431245,2022.55050125114,2022.72882513032,NA
879,880,0.0024004405893101,-109.701394547914,40.4005329935979,-109.543587367134,40.0933592601614,1.02480361319985,1.02240317261054,2022.72882513032,2022.73122557091,NA
632,633,0.00497805587393785,-110.778694549553,43.5829736176964,-109.840217885846,41.8979768295968,1.02546837836978,1.02049032249585,2022.7269122802,2022.73189033608,NA
872,873,0.0337132874804436,-89.3398942350012,49.100394096995,-89.0614916146483,49.2805862884917,1.02600001781084,0.9922867303304,2022.69870868804,2022.73242197552,NA
1113,1115,0.13655339406236,-74.9675249902701,49.9659547811865,-76.6156886101474,46.4815965060921,1.026878218588,0.890324824525639,2022.59674678223,2022.7333001763,NA
1124,1125,0.0236354492489217,-75.2589663365526,42.2228290689833,-75.5404257394425,43.5416361740484,1.0283412645838,1.00470581533488,2022.71112777304,2022.73476322229,NA
1019,1020,0.0363699246965083,-121.555669890196,47.4939026706694,-121.736557860915,49.8687049989633,1.03037459545009,0.994004670753578,2022.70042662846,2022.73679655316,NA
1101,1102,0.07769044944928,-72.1963265295707,49.7318022494884,-74.2361592173227,47.4459328008192,1.03050239219988,0.952811942750599,2022.65923390046,2022.73692434991,NA
1114,523,0.139849927146912,-75.4009452845869,50.1184557618874,-66.7145460503924,45.1194732812827,1.03056434366232,0.890714416515406,2022.59713637422,2022.73698630137,PV301592|A/American_Black_Duck/NB/FAV-1206-8-2022/2022|H5N1|Canada-NB|2022-09-27|wild_avian|B3.2
880,41,0.00576073046246961,-109.543587367134,40.0933592601614,-109.526356464915,40.066008824916,1.03056434366232,1.02480361319985,2022.73122557091,2022.73698630137,PQ710001|A/Eared_grebe/UT/22-030915-001-original/2022|H5N1|USA-UT|2022-09-27|wild_avian|B3.2
933,940,0.122106961453765,-94.8239381193639,42.0118590036608,-95.1644164443048,46.0829448761504,1.03184619386748,0.90973923241371,2022.61616119012,2022.73826815158,NA
668,669,0.0810757593327955,-108.15522354361,42.7097484264102,-104.305560297131,40.2619418190007,1.03298231504531,0.951906555712512,2022.65832851342,2022.73940427275,NA
874,57,0.201225233965113,-102.425382553449,45.0131496118293,-99.5801111495293,47.210635830265,1.03330406968968,0.832078835724563,2022.53850079343,2022.7397260274,PQ711673|A/Great_horned_owl/ND/22-032264-001-original/2022|H5N1|USA-ND|2022-09-28|wild_avian|B3.2
845,265,0.175105292759285,-99.2933243400504,42.1649556249195,-104.283148043707,40.6173066897252,1.03330406968968,0.858198776930391,2022.56462073464,2022.7397260274,PQ716913|A/Ring-billed_gull/CO/22-030941-001-original/2022|H5N1|USA-CO|2022-09-28|wild_avian|B3.2
620,430,0.111851661836822,-105.417815520926,40.5006019925533,-103.378569381712,46.5343125396666,1.03330406968968,0.921452407852854,2022.62787436556,2022.7397260274,PQ702113|A/American_white_Pelican/ND/22-032266-001-original-repeat/2022|H5N1|USA-ND|2022-09-28|wild_avian|B3.2
916,305,0.0882668389634098,-107.507298373915,51.696819174939,-105.843765122704,53.5226753796463,1.03330406968968,0.945037230726266,2022.65145918843,2022.7397260274,PV310832|A/Domestic_bird/SK/FAV-0986-2-2022/2022|H5N1|Canada-SK|2022-09-28|domestic_avian|B3.2
960,961,0.0482004899400734,-94.8963350780162,40.6608182582006,-92.7652762201689,38.8853379228138,1.03546491168907,0.987264421748994,2022.69368637946,2022.7418868694,NA
880,881,0.0108080449562449,-109.543587367134,40.0933592601614,-110.708531222537,40.7899331565276,1.03561165815609,1.02480361319985,2022.73122557091,2022.74203361586,NA
1114,524,0.145329379201855,-75.4009452845869,50.1184557618874,-96.582808817286,49.1983322647061,1.03604379571726,0.890714416515406,2022.59713637422,2022.74246575342,PV320960|A/Turkey/MB/FAV-0994-2-2022/2022|H5N1|Canada-MB|2022-09-29|domestic_avian|B3.2
1120,528,0.129119692524845,-86.5550301960147,45.2684663150504,-96.6636183573379,48.397198496494,1.03604379571726,0.906924103192416,2022.6133460609,2022.74246575342,PQ719105|A/Turkey_Vulture/MN/22-031157-002-original/2022|H5N1|USA-MN|2022-09-29|wild_avian|B3.2
881,42,0.00043213756116689,-110.708531222537,40.7899331565276,-110.818017847964,40.744701740037,1.03604379571726,1.03561165815609,2022.74203361586,2022.74246575342,PQ712361|A/Gull/UT/22-031729-002-original-repeat/2022|H5N1|USA-UT|2022-09-29|wild_avian|B3.2
1014,466,0.136643633703087,-124.005865463024,52.9520908964211,-160.113771681019,56.2118390745193,1.03878352174462,0.902139888041531,2022.60856184575,2022.74520547945,PQ714633|A/Northern_pintail/AK/23-002693-016-original/2022|H5N1|USA-AK|2022-09-30|wild_avian|B3.2
668,273,0.0896166920594634,-108.15522354361,42.7097484264102,-111.438364101633,44.2114865371751,1.04152324777198,0.951906555712512,2022.65832851342,2022.74794520548,PQ701705|A/American_green-winged_teal/ID/22-034533-007-original-repeat2/2022|H5N1|USA-ID|2022-10-01|wild_avian|B3.2
870,53,0.0412567347042301,-93.8235849535057,35.898014432397,-97.2008690932647,46.1410783720637,1.04152324777198,1.00026651306775,2022.70668847078,2022.74794520548,PQ701793|A/American_green-winged_teal/ND/22-032267-001-original-repeat/2022|H5N1|USA-ND|2022-10-01|wild_avian|B3.2
676,748,0.115844264543907,-78.9919993374599,-5.35783548400184,-71.6387141256102,-27.8812262978525,1.04493058585541,0.929086321311499,2022.63550827902,2022.75135254356,NA
901,59,0.129071050513354,-105.105656691761,45.3405624327859,-112.046415081783,40.8255136624536,1.04974242585405,0.920671375340694,2022.62709333305,2022.75616438356,PQ709897|A/Duck/UT/22-031728-004-original-repeat/2022|H5N1|USA-UT|2022-10-04|domestic_avian|B3.2
877,46,0.231159610326229,-111.620495468189,48.112786761583,-98.3122552274463,56.113142168859,1.05248215188163,0.821322541555404,2022.52774449926,2022.75890410959,PV324056|A/chicken/MB/FAV-1061-1-2022/2022|H5N1|Canada-MB|2022-10-05|domestic_avian|B3.2
929,366,0.1763741668318,-93.2662542562287,39.36055723338,-115.672477229525,58.6309541249882,1.05248215188163,0.876107985049832,2022.58252994276,2022.75890410959,PV305552|A/Canada_Goose/AB/FAV-1258-5-2022/2022|H5N1|Canada-AB|2022-10-05|wild_avian|B3.2
953,322,0.163016527016821,-95.8283119687462,41.5555236233761,-115.240753871018,53.6210447871782,1.05248215188163,0.889465624864812,2022.59588758257,2022.75890410959,PV305560|A/Canada_Goose/AB/FAV-1258-6-2022/2022|H5N1|Canada-AB|2022-10-05|wild_avian|B3.2
1045,1046,0.304597087167656,-123.311819135211,39.047513144906,-122.877634280927,38.8734338031228,1.05345723186052,0.748860144692869,2022.4552821024,2022.75987918957,NA
748,749,0.0102895337697997,-71.6387141256102,-27.8812262978525,-70.6800706396938,-27.682329139126,1.05522011962521,1.04493058585541,2022.75135254356,2022.76164207733,NA
926,372,0.242563864681087,-94.1548305256038,36.6414723861188,-93.7131984757964,35.8303067025048,1.05522187790899,0.812658013227903,2022.51907997094,2022.76164383562,EPI_ISL_16297378|A/chicken/Arkansas/22-031676-001/2022|H5N1|USA-AR|2022-10-06|domestic_avian|B3.2
660,276,0.0551355680589753,-81.083860400673,17.3665630000676,-87.4806011988388,39.589091363312,1.05796160393635,1.00282603587737,2022.70924799358,2022.76438356164,PQ715137|A/Peregrine_falcon/IN/22-032710-001-original/2022|H5N1|USA-IN|2022-10-07|wild_avian|B3.2
1125,1126,0.0311724649669172,-75.5404257394425,43.5416361740484,-74.8656876175464,42.9569881511926,1.05951372955072,1.0283412645838,2022.73476322229,2022.76593568726,NA
667,670,0.120911723069328,-107.427338545042,42.5919563587321,-117.686273489788,37.2989753463552,1.06011969376497,0.939207970695647,2022.6456299284,2022.76654165147,NA
632,636,0.0396774312005128,-110.778694549553,43.5829736176964,-110.61883883244,44.7865177388095,1.06016775369636,1.02049032249585,2022.7269122802,2022.7665897114,NA
654,655,0.0907675556078922,-94.2974248655796,34.1196359161465,-107.77292429224,46.9251748787944,1.06055623249848,0.969788676890584,2022.6762106346,2022.76697819021,NA
883,37,0.187981880749856,-93.6894958294135,38.0935231906841,-98.9029598010456,34.5691498127302,1.06618078201842,0.878198901268563,2022.58462085898,2022.77260273973,PQ701297|A/American_Blue-winged_teal/OK/22-032994-002-original/2022|H5N1|USA-OK|2022-10-10|wild_avian|B3.2
665,267,0.15178710723048,-107.500473067789,42.0023183553203,-108.568525333317,42.5562554503128,1.06618078201842,0.91439367478794,2022.6208156325,2022.77260273973,EPI_ISL_16297368|A/chicken/Wyoming/22-032216-001/2022|H5N1|USA-WY|2022-10-10|domestic_avian|B3.2
669,271,0.0331984669731118,-104.305560297131,40.2619418190007,-105.969595921581,40.8822691358023,1.06618078201842,1.03298231504531,2022.73940427275,2022.77260273973,EPI_ISL_16297358|A/chicken/Colorado/22-032670-001/2022|H5N1|USA-CO|2022-10-10|domestic_avian|B3.2
669,272,0.0331984669731118,-104.305560297131,40.2619418190007,-104.123322329469,40.762756647767,1.06618078201842,1.03298231504531,2022.73940427275,2022.77260273973,EPI_ISL_16297365|A/chicken/Colorado/22-032233-001/2022|H5N1|USA-CO|2022-10-10|domestic_avian|B3.2
1024,1025,0.0635860241528703,-121.137388486129,46.9570531295756,-121.259217173106,44.5025473901729,1.0664672503274,1.00288122617453,2022.70930318388,2022.77288920803,NA
902,903,0.134849415517864,-105.533738173804,45.710103572717,-118.420030684154,48.0819347433338,1.06658821502101,0.931738799503147,2022.63816075721,2022.77301017273,NA
612,27,0.231436206111177,-130.672095451336,53.8225899831846,-129.372736565562,53.9809078559316,1.068920508046,0.837484301934827,2022.54390625964,2022.77534246575,PV309680|A/Domestic_bird/BC/FAV-1128-2022/2022|H5N1|Canada-BC|2022-10-11|domestic_avian|B3.2
1005,399,0.0627399384067671,-139.622264637415,60.5664349682437,-147.950250937323,62.6710564829711,1.068920508046,1.00618056963924,2022.71260252735,2022.77534246575,PP802398|A/domestic_turkey/USA/22-032677-004/2022|H5N1|USA-AK|2022-10-11|domestic_avian|B3.2
631,426,0.0603695956087611,-114.648199764063,44.2895468255419,-101.597066204881,53.6164598223685,1.07166023407336,1.0112906384646,2022.71771259617,2022.77808219178,PV303768|A/Bald_Eagle/MB/OTH-0142-1-2022/2022|H5N1|Canada-MB|2022-10-12|wild_avian|B3.2
949,952,0.126496924336551,-96.3536555136277,36.9953251752032,-96.2405421585772,36.8569629316063,1.07232094810237,0.945824023765824,2022.65224598147,2022.77874290581,NA
961,962,0.0372181931400655,-92.7652762201689,38.8853379228138,-93.9342868624984,35.4363981613668,1.07268310482913,1.03546491168907,2022.7418868694,2022.77910506254,NA
612,26,0.236915658165892,-130.672095451336,53.8225899831846,-93.1744010099503,35.5286643845863,1.07439996010072,0.837484301934827,2022.54390625964,2022.78082191781,EPI_ISL_16297360|A/chicken/Arkansas/22-032566-001/2022|H5N1|USA-AR|2022-10-13|domestic_avian|B3.2
987,988,0.191475867448356,-86.4144513310166,36.058108946897,-87.7389898797518,38.0598419208366,1.07447607852043,0.883000211072076,2022.58942216878,2022.78089803623,NA
961,977,0.0404254493959217,-92.7652762201689,38.8853379228138,-92.3568957091588,41.8473835160928,1.07589036108499,1.03546491168907,2022.7418868694,2022.78231231879,NA
1045,469,0.328279541435208,-123.311819135211,39.047513144906,-159.868735629238,56.2003327019305,1.07713968612808,0.748860144692869,2022.4552821024,2022.78356164384,PQ713065|A/Mallard/AK/23-003641-008-original/2022|H5N1|USA-AK|2022-10-14|wild_avian|B3.2
956,364,0.165426659297897,-81.6161126205239,40.446010918062,-116.97291009207,37.5491203612483,1.07713968612808,0.91171302683018,2022.61813498454,2022.78356164384,EPI_ISL_16297353|A/chicken/Nevada/22-032799-001/2022|H5N1|USA-NV|2022-10-14|domestic_avian|B3.2
870,54,0.0768731730603309,-93.8235849535057,35.898014432397,-91.9811846297296,32.5127586788494,1.07713968612808,1.00026651306775,2022.70668847078,2022.78356164384,EPI_ISL_16297332|A/goose/Louisiana/22-033391-001/2022|H5N1|USA-LA|2022-10-14|domestic_avian|B3.2
647,312,0.170260367311501,-91.7126130898623,39.3903013477163,-119.925455234253,45.594492723124,1.07987941215543,0.909619044843933,2022.61604100255,2022.78630136986,PQ702361|A/American_wigeon/OR/22-033876-019-original/2022|H5N1|USA-OR|2022-10-15|wild_avian|B3.2
956,363,0.168166385325254,-81.6161126205239,40.446010918062,-83.5825021472432,39.0200997292638,1.07987941215543,0.91171302683018,2022.61813498454,2022.78630136986,PQ702337|A/American_wigeon/OH/22-034080-032-original/2022|H5N1|USA-OH|2022-10-15|wild_avian|B3.2
985,379,0.135030607639286,-99.2459198545334,43.8032797133999,-97.4785055066227,40.7621147775341,1.07987941215543,0.944848804516148,2022.65127076222,2022.78630136986,EPI_ISL_16297351|A/pheasant/Nebraska/22-032910-001/2022|H5N1|USA-NE|2022-10-15|domestic_avian|B3.2
950,353,0.125978306053757,-95.3036366343213,36.9243474673784,-75.2585118815119,43.6763007343856,1.07987941215543,0.953901106101676,2022.66032306381,2022.78630136986,PQ701809|A/American_green-winged_teal/NY/22-033592-029-original/2022|H5N1|USA-NY|2022-10-15|wild_avian|B3.2
670,274,0.0197597183904592,-117.686273489788,37.2989753463552,-112.052881577358,33.4785720650856,1.07987941215543,1.06011969376497,2022.76654165147,2022.78630136986,PQ714969|A/Pelican/AZ/22-038234-003-original/2022|H5N1|USA-AZ|2022-10-15|wild_avian|B3.2
670,275,0.0197597183904592,-117.686273489788,37.2989753463552,-110.594273592373,32.5133456881199,1.07987941215543,1.06011969376497,2022.76654165147,2022.78630136986,PQ714961|A/Pelican/AZ/22-038234-002-original/2022|H5N1|USA-AZ|2022-10-15|wild_avian|B3.2
749,750,0.0271666041908976,-70.6800706396938,-27.682329139126,-70.5179917948479,-27.6300662605414,1.0823867238161,1.05522011962521,2022.76164207733,2022.78880868152,NA
1115,1116,0.0557145637293086,-76.6156886101474,46.4815965060921,-77.0416330627633,46.2349159403274,1.08259278231731,1.026878218588,2022.7333001763,2022.78901474002,NA
912,294,0.398693047835746,-105.871770971893,41.933874633606,-94.4244565577081,41.0703859712575,1.08261913818279,0.683926090347045,2022.39034804805,2022.78904109589,PQ701697|A/American_green-winged_teal/IA/22-034928-001-original-repeat2/2022|H5N1|USA-IA|2022-10-16|wild_avian|B3.2
661,287,0.165527400739943,-99.6870602706308,37.8661500427785,-120.102788206026,36.4159121757609,1.08261913818279,0.917091737442848,2022.62351369515,2022.78904109589,EPI_ISL_16297067|A/Muscovy_duck/California/22-034335-001/2022|H5N1|USA-CA|2022-10-16|wild_avian|B3.2
607,608,0.265015583101181,-127.217107493524,56.1050832872972,-100.533088838132,45.4595239745879,1.08339076359436,0.818375180493175,2022.5247971382,2022.7898127213,NA
886,888,0.0856721037635704,-108.592678433828,47.6549959684461,-112.909354241257,45.9035746823312,1.08349710890724,0.997825005143667,2022.70424696285,2022.78991906661,NA
962,966,0.0125773057475409,-93.9342868624984,35.4363981613668,-93.8430855592513,34.0312852496594,1.08526041057667,1.07268310482913,2022.77910506254,2022.79168236828,NA
860,35,0.435576462414031,-105.197908893508,44.0533870164309,-97.2992788576379,38.8422064379216,1.08535886421038,0.649782401796345,2022.3562043595,2022.79178082192,PQ715033|A/Pelican/KS/22-036624-001-original-repeat/2022|H5N1|USA-KS|2022-10-17|wild_avian|B3.2
611,28,0.279284850344041,-127.09457513118,53.0060459515371,-96.3431047405791,32.8968019112717,1.08535886421038,0.806074013866335,2022.51249597157,2022.79178082192,EPI_ISL_16297342|A/chicken/Texas/22-033221-001/2022|H5N1|USA-TX|2022-10-17|domestic_avian|B3.2
1126,1127,0.0266585973657558,-74.8656876175464,42.9569881511926,-74.9104474091885,43.0882429580147,1.08617232691647,1.05951372955072,2022.76593568726,2022.79259428462,NA
888,889,0.00319275876222447,-112.909354241257,45.9035746823312,-112.532967050772,45.3586938173555,1.08668986766946,1.08349710890724,2022.78991906661,2022.79311182538,NA
647,313,0.1784795453938,-91.7126130898623,39.3903013477163,-97.9796856807783,44.723162641855,1.08809859023773,0.909619044843933,2022.61604100255,2022.79452054795,EPI_ISL_16297337|A/chicken/South_Dakota/22-033350-001/2022|H5N1|USA-SD|2022-10-18|domestic_avian|B3.2
655,284,0.0275423577392568,-107.77292429224,46.9251748787944,-110.065077943929,48.8070550166388,1.08809859023773,1.06055623249848,2022.76697819021,2022.79452054795,EPI_ISL_16297340|A/chicken/Montana/22-033348-001/2022|H5N1|USA-MT|2022-10-18|domestic_avian|B3.2
896,898,0.17096221395074,-106.735526557535,45.7954689977824,-106.74026383326,45.7623793202686,1.08935051753218,0.918388303581441,2022.62481026129,2022.79577247524,NA
898,899,0.000460383215318938,-106.74026383326,45.7623793202686,-106.775833358518,45.7616569855096,1.0898109007475,1.08935051753218,2022.79577247524,2022.79623285845,NA
985,378,0.145989511748942,-99.2459198545334,43.8032797133999,-98.0088396925368,41.9714480553605,1.09083831626509,0.944848804516148,2022.65127076222,2022.79726027397,PQ718537|A/Sparrow/NE/22-033885-001-original/2022|H5N1|USA-NE|2022-10-19|wild_avian|B3.2
979,375,0.253517795613488,-95.4037725556924,39.5076548229002,-97.3673277293922,35.3641331208939,1.09357804229245,0.84006024667896,2022.54648220439,2022.8,EPI_ISL_16297140|A/chicken/Oklahoma/22-033558-001/2022|H5N1|USA-OK|2022-10-20|domestic_avian|B3.2
942,325,0.243413837624884,-93.4859055632019,40.5122441065597,-81.78398522211,28.8274084276254,1.09357804229245,0.850164204667565,2022.55658616237,2022.8,EPI_ISL_16297133|A/chicken/Florida/22-033923-001/2022|H5N1|USA-FL|2022-10-20|domestic_avian|B3.2
655,285,0.0330218097939716,-107.77292429224,46.9251748787944,-107.540151269773,46.8525432494829,1.09357804229245,1.06055623249848,2022.76697819021,2022.8,PQ708265|A/Canada_goose/MT/22-033859-002-original/2022|H5N1|USA-MT|2022-10-20|wild_avian|B3.2
608,609,0.011633600338504,-100.533088838132,45.4595239745879,-100.301550814038,45.329397102046,1.09502436393286,1.08339076359436,2022.7898127213,2022.80144632164,NA
749,832,0.0411088929542736,-70.6800706396938,-27.682329139126,-57.3788196476238,-35.1334506609541,1.09632901257948,1.05522011962521,2022.76164207733,2022.80275097029,NA
1102,1103,0.0664252940374968,-74.2361592173227,47.4459328008192,-63.5509769608341,46.1820260557401,1.09692768623738,1.03050239219988,2022.73692434991,2022.80334964394,NA
912,293,0.415131404000345,-105.871770971893,41.933874633606,-107.586420779108,50.1824171362312,1.09905749434739,0.683926090347045,2022.39034804805,2022.80547945205,PV310888|A/Domestic_bird/SK/FAV-1259-1-2022/2022|H5N1|Canada-SK|2022-10-22|domestic_avian|B3.2
876,43,0.296639874259061,-108.016348912623,45.940691938096,-107.101203565574,51.2742676128744,1.09905749434739,0.802417620088329,2022.5088395778,2022.80547945205,PV324608|A/chicken/SK/FAV-1261-2-2022/2022|H5N1|Canada-SK|2022-10-22|domestic_avian|B3.2
951,357,0.0877599488474186,-95.5491600295726,38.8803479093407,-94.1321382814694,42.5572288421793,1.09905749434739,1.01129754549997,2022.71771950321,2022.80547945205,PQ705697|A/Blue-winged_teal/IA/22-034304-005-original-repeat2/2022|H5N1|USA-IA|2022-10-22|wild_avian|B3.2
889,892,0.0143072401816582,-112.532967050772,45.3586938173555,-109.464514082147,42.7440943469944,1.10099710785112,1.08668986766946,2022.79311182538,2022.80741906556,NA
1001,1002,0.0918064185835159,-140.462146729848,62.4020197513523,-143.406243655145,62.2093787089962,1.10144344286758,1.00963702428406,2022.71605898199,2022.80786540058,NA
935,329,0.110577950716294,-95.4129313638334,42.4769763383696,-95.6362030421386,45.3761218780937,1.10179722037475,0.991219269658453,2022.69764122737,2022.80821917808,EPI_ISL_16297135|A/turkey/Minnesota/22-033929-001/2022|H5N1|USA-MN|2022-10-23|domestic_avian|B3.2
1010,1011,0.401636421952778,-129.096323044761,55.0231765502258,-123.056121826031,46.6865977782432,1.10259711438006,0.70096069242728,2022.40738265013,2022.80901907209,NA
679,683,0.12035638792518,-77.4566935013836,-12.9330690868858,-76.4861362033829,-13.7750096166994,1.1028366782838,0.982480290358623,2022.68890224807,2022.80925863599,NA
683,684,0.000260102017656916,-76.4861362033829,-13.7750096166994,-76.4158005048418,-13.325231099518,1.10309678030146,1.1028366782838,2022.80925863599,2022.80951873801,NA
680,681,0.112081144499356,-78.0428324086736,-12.7372236036769,-76.9744091976774,-11.7013718779004,1.10345339654965,0.99137225205029,2022.69779420976,2022.80987535426,NA
684,685,0.00168883292400146,-76.4158005048418,-13.325231099518,-77.3155480439947,-13.6242756768806,1.10478561322546,1.10309678030146,2022.80951873801,2022.81120757093,NA
1014,1015,0.202672840013941,-124.005865463024,52.9520908964211,-123.916528517449,52.8916482319805,1.10481272805547,0.902139888041531,2022.60856184575,2022.81123468576,NA
994,467,0.622697979628326,-122.19207238744,53.7151587256583,-123.527786388702,55.2446368242112,1.10727667242946,0.484578692801136,2022.19100065051,2022.81369863014,PV304800|A/Cackling_Goose/BC/FAV-0014-67-2023/2022|H5N1|Canada-BC|2022-10-25|wild_avian|B3.2
867,48,0.25804787691929,-98.1932282194462,45.6750928122815,-93.5921326326654,44.238414425205,1.10727667242946,0.849228795510172,2022.55565075322,2022.81369863014,EPI_ISL_16297129|A/turkey/Minnesota/22-034260-001/2022|H5N1|USA-MN|2022-10-25|domestic_avian|B3.2
879,39,0.0848734998189236,-109.701394547914,40.4005329935979,-113.462409133073,41.2689947944533,1.10727667242946,1.02240317261054,2022.72882513032,2022.81369863014,PQ711857|A/Great_horned_owl/UT/22-035956-007-original/2022|H5N1|USA-UT|2022-10-25|wild_avian|B3.2
962,963,0.0347049036468543,-93.9342868624984,35.4363981613668,-94.200483188315,34.7786681379315,1.10738800847599,1.07268310482913,2022.77910506254,2022.81380996618,NA
683,733,0.00477978566012149,-76.4861362033829,-13.7750096166994,-77.3745019761549,-14.2266192857421,1.10761646394392,1.1028366782838,2022.80925863599,2022.81403842165,NA
617,618,0.233779276405818,-104.380734108832,40.9953600138323,-112.921644543346,47.2188604646802,1.10874929616668,0.874970019760866,2022.58139197747,2022.81517125387,NA
874,58,0.277937562732257,-102.425382553449,45.0131496118293,-114.230829983698,45.3400208859697,1.11001639845682,0.832078835724563,2022.53850079343,2022.81643835616,PQ702289|A/American_wigeon/ID/22-036873-001-original/2022|H5N1|USA-ID|2022-10-26|wild_avian|B3.2
888,894,0.0273766664767008,-112.909354241257,45.9035746823312,-113.575752366989,45.962343221607,1.11087377538394,1.08349710890724,2022.78991906661,2022.81729573309,NA
1103,1104,0.0140630124612926,-63.5509769608341,46.1820260557401,-62.4537649390268,47.2081902882917,1.11099069869867,1.09692768623738,2022.80334964394,2022.81741265641,NA
1116,1117,0.0295898461005364,-77.0416330627633,46.2349159403274,-76.7328967490865,46.1801565572882,1.11218262841784,1.08259278231731,2022.78901474002,2022.81860458613,NA
926,368,0.300098111256274,-94.1548305256038,36.6414723861188,-117.157276206805,33.0850662142588,1.11275612448418,0.812658013227903,2022.51907997094,2022.81917808219,PQ701953|A/American_white_Pelican/CA/22-035596-001-original/2022|H5N1|USA-CA|2022-10-27|wild_avian|B3.2
987,380,0.229755913412101,-86.4144513310166,36.058108946897,-123.59959279109,45.8487990303086,1.11275612448418,0.883000211072076,2022.58942216878,2022.81917808219,PQ702401|A/American_wigeon/OR/22-035736-015-original/2022|H5N1|USA-OR|2022-10-27|wild_avian|B3.2
984,377,0.170748302052817,-100.050300813506,44.3599274660766,-98.9190899172687,43.1727277815852,1.11275612448418,0.942007822431361,2022.64842978014,2022.81917808219,EPI_ISL_16297062|A/pheasant/South_Dakota/22-034797-001/2022|H5N1|USA-SD|2022-10-27|domestic_avian|B3.2
963,964,0.00551919836092507,-94.200483188315,34.7786681379315,-91.1122613259923,33.7948507492352,1.11290720683691,1.10738800847599,2022.81380996618,2022.81932916454,NA
928,316,0.256833138250411,-93.2665753391306,39.3606568379871,-87.2536262854669,41.1022920952059,1.11549585051176,0.858662712261351,2022.56508466997,2022.82191780822,PQ713273|A/Mallard/IN/22-034829-007-original-repeat2/2022|H5N1|USA-IN|2022-10-28|wild_avian|B3.2
737,738,0.149742773959648,-80.6748125487198,-4.57083010104724,-81.1920606805879,-5.34102316183639,1.11585174468273,0.966108970723079,2022.67253092843,2022.82227370239,NA
844,258,0.122600392219145,-79.3399615125924,0.934533081944567,-81.6293492196386,27.8926271249115,1.11823557653912,0.995635184319975,2022.70205714203,2022.82465753425,PQ715121|A/Peregrine_falcon/FL/22-035514-001-original/2022|H5N1|USA-FL|2022-10-29|wild_avian|B3.2
886,887,0.122015867297587,-108.592678433828,47.6549959684461,-103.936214906312,40.9934831365652,1.11984087244125,0.997825005143667,2022.70424696285,2022.82626283015,NA
848,849,0.132463891924855,-92.6618639851724,38.8476288418761,-87.8222701623425,34.4903119621555,1.12034155125326,0.987877659328402,2022.69429961704,2022.82676350896,NA
932,331,0.25214471057606,-92.9082114867246,41.0978308891138,-92.3014857184418,53.2699747037401,1.12097530256648,0.868830591990417,2022.5752525497,2022.82739726027,PV302416|A/American_Crow/ON/FAV-1440-3-2022/2022|H5N1|Canada-ON|2022-10-30|wild_avian|B3.2
652,283,0.198821426567494,-95.3019493873099,34.9928749487033,-83.8854633976993,35.1110172369563,1.12097530256648,0.922153875998982,2022.62857583371,2022.82739726027,PQ708281|A/Canada_goose/NC/22-036623-001-original-repeat2/2022|H5N1|USA-NC|2022-10-30|wild_avian|B3.2
897,75,0.182566140589948,-106.709818452053,45.7956603944346,-105.19623432196,42.3732653928417,1.12097530256648,0.938409161976529,2022.64483111968,2022.82739726027,PQ709201|A/Canada_goose/WY/23-000336-002-original/2022|H5N1|USA-WY|2022-10-30|wild_avian|B3.2
1104,1105,0.0121841871867208,-62.4537649390268,47.2081902882917,-59.9527055479435,46.8278927017975,1.12317488588539,1.11099069869867,2022.81741265641,2022.82959684359,NA
986,381,0.410559967742093,-86.7056993899428,37.9167562447426,-88.5257616340275,42.8592151072365,1.12371502859383,0.713155060851741,2022.41957701856,2022.8301369863,EPI_ISL_16297085|A/chicken/Wisconsin/22-034812-002/2022|H5N1|USA-WI|2022-10-31|domestic_avian|B3.2
884,86,0.382227572089953,-102.464326222795,37.6472064651099,-97.0810564642493,32.6074963919515,1.12371502859383,0.741487456503881,2022.44790941421,2022.8301369863,EPI_ISL_16297117|A/mallard/Texas/22-035744-001/2022|H5N1|USA-TX|2022-10-31|wild_avian|B3.2
1117,1118,0.0118296848897108,-76.7328967490865,46.1801565572882,-76.1159912262705,45.611654633951,1.12401231330755,1.11218262841784,2022.81860458613,2022.83043427102,NA
1160,482,0.318741333049963,-111.506808482013,40.4265666926957,-112.043721165966,34.6541073753473,1.12645475462119,0.807713421571229,2022.51413537928,2022.83287671233,EPI_ISL_16297070|A/chicken/Arizona/22-035006-002/2022|H5N1|USA-AZ|2022-11-01|domestic_avian|B3.2
983,373,0.289843620183247,-95.4855878181047,39.7000780171089,-101.373112702398,48.9933003263255,1.12645475462119,0.836611134437944,2022.54303309215,2022.83287671233,EPI_ISL_16297071|A/chicken/North_Dakota/22-035070-001/2022|H5N1|USA-ND|2022-11-01|domestic_avian|B3.2
1046,472,0.0729975227606672,-122.877634280927,38.8734338031228,-123.196896514834,45.1275590250988,1.12645475462119,1.05345723186052,2022.75987918957,2022.83287671233,EPI_ISL_16297078|A/chicken/Oregon/22-035197-001/2022|H5N1|USA-OR|2022-11-01|domestic_avian|B3.2
738,740,0.0110858224671255,-81.1920606805879,-5.34102316183639,-81.4099016712741,-5.36854880157769,1.12693756714985,1.11585174468273,2022.82227370239,2022.83335952486,NA
680,682,0.136339204726331,-78.0428324086736,-12.7372236036769,-79.5852787503765,-6.74690276748627,1.12771145677662,0.99137225205029,2022.69779420976,2022.83413341448,NA
989,13,0.699488697898142,-115.22964447564,53.9556067474771,-73.8282764110516,54.5513613756173,1.12919448064855,0.429705782750407,2022.13612774046,2022.83561643836,PV318152|A/Snow_Goose/QC/FAV-1493-1-2022/2022|H5N1|Canada-QC|2022-11-02|wild_avian|B3.2
1028,460,0.122174204044775,-122.107372004653,47.8571778708982,-121.867010457,47.8450762177445,1.12919448064855,1.00702027660377,2022.71344223431,2022.83561643836,EPI_ISL_16297118|A/chicken/Washington/22-035749-001/2022|H5N1|USA-WA|2022-11-02|domestic_avian|B3.2
1002,406,0.0277510377809693,-143.406243655145,62.2093787089962,-142.111830213531,63.5091133822784,1.12919448064855,1.10144344286758,2022.80786540058,2022.83561643836,PP802622|A/mallard/USA/22-036139-048/2022|H5N1|USA-AK|2022-11-02|wild_avian|B3.2
1028,1029,0.122259818181868,-122.107372004653,47.8571778708982,-106.563909532547,42.7007337979722,1.12928009478564,1.00702027660377,2022.71344223431,2022.83570205249,NA
892,893,0.0293115125739796,-109.464514082147,42.7440943469944,-107.776410897958,45.9072745636239,1.1303086204251,1.10099710785112,2022.80741906556,2022.83673057813,NA
740,741,0.00350382310968289,-81.4099016712741,-5.36854880157769,-81.3794734318691,-5.02348723286086,1.13044139025954,1.12693756714985,2022.83335952486,2022.83686334797,NA
868,56,0.225388517635745,-98.366294117681,45.9825106923465,-81.3473533569573,28.3960821273142,1.13193420667613,0.906545689040389,2022.61296764675,2022.83835616438,PQ709697|A/Double-crested_Cormorant/FL/22-036552-001-original/2022|H5N1|USA-FL|2022-11-03|wild_avian|B3.2
657,277,0.142614009200575,-81.017366216116,17.0084879051492,-104.980833267722,41.5786497986249,1.13193420667613,0.989320197475558,2022.69574215518,2022.83835616438,PQ709153|A/Canada_goose/WY/22-036111-001-original/2022|H5N1|USA-WY|2022-11-03|wild_avian|B3.2
940,321,0.100088012808659,-95.1644164443048,46.0829448761504,-108.668099744357,50.4569702892522,1.13193420667613,1.03184619386748,2022.73826815158,2022.83835616438,PV324640|A/chicken/SK/FAV-1385-2-2022/2022|H5N1|Canada-SK|2022-11-03|domestic_avian|B3.2
1127,1128,0.0483171140849623,-74.9104474091885,43.0882429580147,-76.2148666351259,43.197240673005,1.13448944100144,1.08617232691647,2022.79259428462,2022.84091139871,NA
983,374,0.298062798265547,-95.4855878181047,39.7000780171089,-85.3687259218383,30.2086970292088,1.13467393270349,0.836611134437944,2022.54303309215,2022.84109589041,PQ719905|A/black_skimmer/FL/22-036966-001-original/2022|H5N1|USA-FL|2022-11-04|wild_avian|B3.2
623,415,0.124647759772134,-111.011408871323,42.502728560252,-112.40835382319,43.9474523562517,1.13467393270349,1.01002617293136,2022.71644813064,2022.84109589041,EPI_ISL_16271835|A/striped_skunk/Idaho/22-037165-002/2022|H5N1|USA-ID|2022-11-04|other_mammal|B3.2
740,745,0.00879218767957957,-81.4099016712741,-5.36854880157769,-81.2888611642797,-5.47840586504395,1.13572975482943,1.12693756714985,2022.83335952486,2022.84215171254,NA
864,47,0.385006768487588,-102.522644679668,46.5349749855585,-94.0052277398994,29.7468723141422,1.13741365873085,0.75240689024326,2022.45882884795,2022.84383561644,PQ710353|A/Gadwall/TX/22-036753-040-original-repeat/2022|H5N1|USA-TX|2022-11-05|wild_avian|B3.2
638,418,0.14495162579969,-116.489666537681,43.7572595808971,-114.152011039313,40.5640257402251,1.13741365873085,0.992462032931158,2022.69888399064,2022.84383561644,PQ714777|A/Northern_shoveler/NV/22-037517-003-original/2022|H5N1|USA-NV|2022-11-05|wild_avian|B3.2
685,686,0.033165848671878,-77.3155480439947,-13.6242756768806,-69.8437221458209,-20.2396062556171,1.13795146189734,1.10478561322546,2022.81120757093,2022.8443734196,NA
1128,1129,0.00461048073567438,-76.2148666351259,43.197240673005,-75.846663325539,42.7318585593141,1.13909992173711,1.13448944100144,2022.84091139871,2022.84552187944,NA
602,16,0.392626166516048,-128.824229862879,57.0062823021469,-121.330739913947,56.8419274804017,1.14015338475821,0.747527218242158,2022.45394917595,2022.84657534247,PV317736|A/Snow_Goose/BC/FAV-0053-3-2022/2022|H5N1|Canada-BC|2022-11-06|wild_avian|B3.2
966,967,0.0552985929031058,-93.8430855592513,34.0312852496594,-92.5282749094586,33.0386537794142,1.14055900347978,1.08526041057667,2022.79168236828,2022.84698096119,NA
686,725,0.00374255971281645,-69.8437221458209,-20.2396062556171,-69.1163271845767,-22.4620305730176,1.14169402161016,1.13795146189734,2022.8443734196,2022.84811597932,NA
609,610,0.0468548723136153,-100.301550814038,45.329397102046,-94.9877063448793,44.6909125767726,1.14187923624647,1.09502436393286,2022.80144632164,2022.84830119395,NA
1140,1141,0.269778830236379,-88.3013368421937,41.8239537255259,-83.6333202346325,42.4421220368049,1.14223958608665,0.872460755850269,2022.57888271356,2022.84866154379,NA
633,634,0.117770146084161,-109.840217885846,41.8979768295968,-108.091420952728,39.2794749030945,1.14323852445394,1.02546837836978,2022.73189033608,2022.84966048216,NA
832,833,0.0473919647049117,-57.3788196476238,-35.1334506609541,-57.1477664318656,-34.9777353114856,1.14372097728439,1.09632901257948,2022.80275097029,2022.85014293499,NA
929,367,0.269524851763316,-93.2662542562287,39.36055723338,-74.4987049605582,8.01604359232011,1.14563283681315,0.876107985049832,2022.58252994276,2022.85205479452,OQ683458|A/chicken/Colombia/Bolivar/3500/2022|H5N1|Colombia-Bolivar|2022-11-08|domestic_avian|B3.2
725,728,0.00606982623079944,-69.1163271845767,-22.4620305730176,-70.3877205719579,-22.628500162421,1.14776384784096,1.14169402161016,2022.84811597932,2022.85418580555,NA
913,291,0.396425063569768,-103.391240067088,48.7508418252989,-104.577080584148,48.7902261867592,1.14837256284051,0.751947499270738,2022.45836945698,2022.85479452055,PQ716385|A/Red-tailed_hawk/MT/22-036316-001-original/2022|H5N1|USA-MT|2022-11-09|wild_avian|B3.2
946,327,0.157823574673909,-96.1433606562933,40.6822639825795,-86.6864605114787,35.1878647812836,1.14837256284051,0.990548988166597,2022.69697094587,2022.85479452055,EPI_ISL_16271855|A/domestic_goose/Tennessee/22-036130-001/2022|H5N1|USA-TN|2022-11-09|domestic_avian|B3.2
633,425,0.122904184470722,-109.840217885846,41.8979768295968,-116.965216071113,58.3142687356897,1.14837256284051,1.02546837836978,2022.73189033608,2022.85479452055,PV315832|A/Poultry/AB/FAV-1411-1-2022/2022|H5N1|Canada-AB|2022-11-09|domestic_avian|B3.2
1020,1021,0.120443597891504,-121.736557860915,49.8687049989633,-121.904886946526,48.9250205001703,1.15081819334159,1.03037459545009,2022.73679655316,2022.85724015105,NA
967,969,0.0103956077822742,-92.5282749094586,33.0386537794142,-93.0806367837884,34.6838272545568,1.15095461126205,1.14055900347978,2022.84698096119,2022.85737656897,NA
741,89,0.0206708986083277,-81.3794734318691,-5.02348723286086,-81.200409,-5.197348,1.15111228886786,1.13044139025954,2022.83686334797,2022.85753424658,OQ547439|A/Pelecanus_thagus/Peru/AIS0538/2022|H5N1|Peru|2022-11-10|wild_avian|B3.2
686,687,0.0135655518098865,-69.8437221458209,-20.2396062556171,-70.6924151470397,-19.6145465634486,1.15151701370723,1.13795146189734,2022.8443734196,2022.85793897141,NA
741,742,0.0212664145811918,-81.3794734318691,-5.02348723286086,-79.9349332745582,-5.68165338349976,1.15170780484073,1.13044139025954,2022.83686334797,2022.85812976255,NA
969,970,0.00153630071605226,-93.0806367837884,34.6838272545568,-93.9840989979903,35.028444868037,1.15249091197811,1.15095461126205,2022.85737656897,2022.85891286969,NA
1029,1038,0.0233033872405364,-106.563909532547,42.7007337979722,-108.111621928037,43.4945076446766,1.15258348202618,1.12928009478564,2022.83570205249,2022.85900543973,NA
1029,1030,0.0240472692186975,-106.563909532547,42.7007337979722,-99.0549084822801,41.3352612763983,1.15332736400434,1.12928009478564,2022.83570205249,2022.85974932171,NA
1117,519,0.0416693864773765,-76.7328967490865,46.1801565572882,-78.9618501715195,51.1846834756516,1.15385201489522,1.11218262841784,2022.81860458613,2022.8602739726,PV317952|A/Snow_Goose/QC/FAV-0018-1-2023/2022|H5N1|Canada-QC|2022-11-11|wild_avian|B3.2
1129,1130,0.0147928124287517,-75.846663325539,42.7318585593141,-75.9239003621045,42.7746742733837,1.15389273416586,1.13909992173711,2022.84552187944,2022.86031469187,NA
687,716,0.00443708173477075,-70.6924151470397,-19.6145465634486,-70.880702227051,-19.6328049364052,1.155954095442,1.15151701370723,2022.85793897141,2022.86237605315,NA
970,972,0.00436016208300893,-93.9840989979903,35.028444868037,-93.7522404670216,34.588224037991,1.15685107406112,1.15249091197811,2022.85891286969,2022.86327303177,NA
1105,1106,0.0344568419820375,-59.9527055479435,46.8278927017975,-64.0413928415753,47.0308855434262,1.15763172786743,1.12317488588539,2022.82959684359,2022.86405368557,NA
1091,497,0.326886616402811,-93.8876205417166,48.7466078907193,-95.511218473122,46.3184349828087,1.15933146694994,0.832444850547124,2022.53886680825,2022.86575342466,EPI_ISL_16271859|A/turkey/Minnesota/22-036547-001/2022|H5N1|USA-MN|2022-11-13|domestic_avian|B3.2
972,975,0.00272801516877363,-93.7522404670216,34.588224037991,-95.645593627518,35.3136864339754,1.15957908922989,1.15685107406112,2022.86327303177,2022.86600104694,NA
1038,1039,0.00823209408670555,-108.111621928037,43.4945076446766,-106.828918874759,42.4218374709942,1.16081557611288,1.15258348202618,2022.85900543973,2022.86723753382,NA
636,637,0.100670864200437,-110.61883883244,44.7865177388095,-109.104362589527,42.7662577889421,1.1608386178968,1.06016775369636,2022.7665897114,2022.8672605756,NA
742,743,0.0100118847547317,-79.9349332745582,-5.68165338349976,-79.8702452803772,-5.678338288658,1.16171968959546,1.15170780484073,2022.85812976255,2022.8681416473,NA
604,20,0.386969370555703,-129.811164570084,58.1465257279554,-121.294384498986,52.4446015428933,1.16207119297752,0.775101822421817,2022.48152378013,2022.86849315069,PV304792|A/Cackling_Goose/BC/FAV-0014-28-2023/2022|H5N1|Canada-BC|2022-11-14|wild_avian|B3.2
638,427,0.169609160046361,-116.489666537681,43.7572595808971,-119.288032439594,37.218895943144,1.16207119297752,0.992462032931158,2022.69888399064,2022.86849315069,EPI_ISL_16271861|A/Pekin_duck/California/22-036722-001/2022|H5N1|USA-CA|2022-11-14|domestic_avian|B3.2
728,729,0.0152936612588901,-70.3877205719579,-22.628500162421,-70.0863916482606,-22.1967310747281,1.16305750909985,1.14776384784096,2022.85418580555,2022.86947946681,NA
972,973,0.0075603800026256,-93.7522404670216,34.588224037991,-92.359723499095,33.1681201701652,1.16441145406374,1.15685107406112,2022.86327303177,2022.87083341177,NA
606,17,0.29823652318879,-129.037490195877,59.6097112200687,-117.894640589771,52.7948721614273,1.16481091900488,0.866574395816087,2022.57299635352,2022.87123287671,PV314216|A/Layer_chicken/AB/FAV-1445-2-2022/2022|H5N1|Canada-AB|2022-11-15|domestic_avian|B3.2
1103,516,0.0678832327675019,-63.5509769608341,46.1820260557401,-62.9680669277962,46.216135846147,1.16481091900488,1.09692768623738,2022.80334964394,2022.87123287671,PV319320|A/Striped_Skunk/PE/FAV-1642-1-2022/2022|H5N1|Canada-PE|2022-11-15|other_mammal|B3.2
743,744,0.00357564140009314,-79.8702452803772,-5.678338288658,-80.3292760515402,-5.26366686792974,1.16529533099555,1.16171968959546,2022.8681416473,2022.8717172887,NA
889,890,0.0786981634564494,-112.532967050772,45.3586938173555,-112.383120764138,45.628172380266,1.16538803112591,1.08668986766946,2022.79311182538,2022.87180998883,NA
975,976,0.00653417486085939,-95.645593627518,35.3136864339754,-99.1443409640572,37.6168144503284,1.16611326409075,1.15957908922989,2022.86600104694,2022.8725352218,NA
634,424,0.0243121205782897,-108.091420952728,39.2794749030945,-107.917106054886,39.8242012981598,1.16755064503223,1.14323852445394,2022.84966048216,2022.87397260274,PQ717545|A/Snow_goose/CO/22-037670-001-original/2022|H5N1|USA-CO|2022-11-16|wild_avian|B3.2
685,730,0.0631037541681421,-77.3155480439947,-13.6242756768806,-77.0009495065799,-13.3373184754493,1.1678893673936,1.10478561322546,2022.81120757093,2022.8743113251,NA
658,659,0.176384320218176,-81.0358206469816,17.3319506546965,-73.9533209036829,10.9619651819473,1.16811112059474,0.991726800376561,2022.69814875808,2022.8745330783,NA
1039,1041,0.00846735465108894,-106.828918874759,42.4218374709942,-106.193568759488,43.1048526038713,1.16928293076397,1.16081557611288,2022.86723753382,2022.87570488847,NA
716,717,0.0138612228645347,-70.880702227051,-19.6328049364052,-70.8339430042476,-19.642827001918,1.16981531830653,1.155954095442,2022.86237605315,2022.87623727601,NA
618,619,0.0611025938859568,-112.921644543346,47.2188604646802,-116.265695688176,42.8956398603326,1.16985189005264,1.10874929616668,2022.81517125387,2022.87627384776,NA
918,302,0.208161413175145,-107.801613473629,51.253045478096,-96.3302254542634,44.9440376970469,1.17029037105959,0.962128957884447,2022.66855091559,2022.87671232877,PQ718761|A/Trumpeter_Swan/MN/22-037438-001-original/2022|H5N1|USA-MN|2022-11-17|wild_avian|B3.2
1130,1131,0.0165546730802113,-75.9239003621045,42.7746742733837,-75.5898384778968,37.3167574170444,1.17044740724607,1.15389273416586,2022.86031469187,2022.87686936495,NA
1021,1022,0.0202809405160429,-121.904886946526,48.9250205001703,-123.786878197508,49.2548524838895,1.17109913385763,1.15081819334159,2022.85724015105,2022.87752109157,NA
1003,1006,0.226934276023746,-137.741021907873,62.7531636771202,-113.100761916903,49.8931815427014,1.17282177054919,0.945887494525447,2022.65230945223,2022.87924372826,NA
920,307,0.155582728396992,-103.809740444575,36.5875370988349,-116.575558513607,43.4960507058522,1.17303009708695,1.01744736868996,2022.7238693264,2022.87945205479,PQ717577|A/Snow_goose/ID/22-038611-002-original/2022|H5N1|USA-ID|2022-11-18|wild_avian|B3.2
682,200,0.0453186403103283,-79.5852787503765,-6.74690276748627,-79.906572,-6.7172767,1.17303009708695,1.12771145677662,2022.83413341448,2022.87945205479,OQ547343|A/Gallus_gallus/Peru/AIS0539/2022|H5N1|Peru|2022-11-18|domestic_avian|B3.2
659,279,0.00491897649221196,-73.9533209036829,10.9619651819473,-74.21918300366,9.63646411362966,1.17303009708695,1.16811112059474,2022.8745330783,2022.87945205479,OQ683490|A/chicken/Colombia/Magdalena/3503/2022|H5N1|Colombia-Magdalena|2022-11-18|domestic_avian|B3.2
659,280,0.00491897649221196,-73.9533209036829,10.9619651819473,-73.8100016448296,10.8808726740502,1.17303009708695,1.16811112059474,2022.8745330783,2022.87945205479,EPI_ISL_17353838|A/chicken/Magdalena/ICA-3503/2022|H5N1|Chile-Magdalena|2022-11-18|domestic_avian|B3.2
684,731,0.0704089186194987,-76.4158005048418,-13.325231099518,-75.8708103035107,-12.4497205017322,1.17350569892096,1.10309678030146,2022.80951873801,2022.87992765663,NA
1041,1042,0.00502838620630364,-106.193568759488,43.1048526038713,-106.20811511795,43.2427915075712,1.17431131697028,1.16928293076397,2022.87570488847,2022.88073327468,NA
1092,500,0.168025013304616,-90.4009984463078,49.8511143275612,-81.285603967798,31.8463249778855,1.17576982311431,1.00774480980969,2022.71416676752,2022.88219178082,PQ701681|A/American_green-winged_teal/GA/22-038443-007-original/2022|H5N1|USA-GA|2022-11-19|wild_avian|B3.2
940,324,0.143923629246832,-95.1644164443048,46.0829448761504,-79.5758748264748,37.5859664319627,1.17576982311431,1.03184619386748,2022.73826815158,2022.88219178082,PQ701329|A/American_black_Duck/VA/22-038573-010-original/2022|H5N1|USA-VA|2022-11-19|wild_avian|B3.2
750,751,0.0956447149848163,-70.5179917948479,-27.6300662605414,-59.6645895194019,-33.4337922380689,1.17803143880092,1.0823867238161,2022.78880868152,2022.88445339651,NA
1030,1032,0.0248500656964774,-99.0549084822801,41.3352612763983,-99.0095327660837,41.1612796178914,1.17817742970082,1.15332736400434,2022.85974932171,2022.88459938741,NA
687,688,0.0271006240441372,-70.6924151470397,-19.6145465634486,-71.209883610465,-23.3732446693952,1.17861763775136,1.15151701370723,2022.85793897141,2022.88503959546,NA
731,732,0.00577184788845253,-75.8708103035107,-12.4497205017322,-76.1745372493477,-11.5800353863998,1.17927754680941,1.17350569892096,2022.87992765663,2022.88569950452,NA
717,718,0.0100145824841511,-70.8339430042476,-19.642827001918,-69.0456128033093,-22.4977977542743,1.17982990079068,1.16981531830653,2022.87623727601,2022.8862518585,NA
947,317,0.300467518499392,-95.684488005802,41.5912742281115,-102.633547496166,50.1194159153287,1.18124927516925,0.880781756669857,2022.58720371438,2022.88767123288,PV324656|A/chicken/SK/FAV-1471-1-2022/2022|H5N1|Canada-SK|2022-11-21|domestic_avian|B3.2
855,301,0.200109223802494,-96.9898433887006,45.0829225341427,-97.2644837620008,43.2382414179773,1.18124927516925,0.981140051366755,2022.68756200907,2022.88767123288,EPI_ISL_16271830|A/chicken/South_Dakota/22-037931-001/2022|H5N1|USA-SD|2022-11-21|domestic_avian|B3.2
1011,432,0.0786521607891912,-123.056121826031,46.6865977782432,-122.812400651415,45.8132263719856,1.18124927516925,1.10259711438006,2022.80901907209,2022.88767123288,EPI_ISL_16271840|A/chicken/Oregon/22-037712-001/2022|H5N1|USA-OR|2022-11-21|domestic_avian|B3.2
738,739,0.0669006314126226,-81.1920606805879,-5.34102316183639,-86.6282031213624,-6.76448613944762,1.18275237609535,1.11585174468273,2022.82227370239,2022.8891743338,NA
883,38,0.305790099928043,-93.6894958294135,38.0935231906841,-89.6157457019648,44.1831792400155,1.18398900119661,0.878198901268563,2022.58462085898,2022.8904109589,PQ718817|A/Tundra_Swan/WI/22-038828-001-original-repeat/2022|H5N1|USA-WI|2022-11-22|wild_avian|B3.2
988,383,0.109512922676175,-87.7389898797518,38.0598419208366,-98.2919459668547,44.4610813269202,1.18398900119661,1.07447607852043,2022.78089803623,2022.8904109589,EPI_ISL_16271831|A/turkey/South_Dakota/22-037933-001/2022|H5N1|USA-SD|2022-11-22|domestic_avian|B3.2
745,94,0.0482592463671745,-81.2888611642797,-5.47840586504395,-81.170758,-5.1499528,1.18398900119661,1.13572975482943,2022.84215171254,2022.8904109589,OQ550466|A/Sanderling/Peru/PIU-SER005/2022|H5N1|Peru|2022-11-22|wild_avian|B3.2
716,256,0.0280349057546099,-70.880702227051,-19.6328049364052,-77.1415409234702,-12.0357158567122,1.18398900119661,1.155954095442,2022.86237605315,2022.8904109589,OQ547423|A/Nannopterum_brasilianus/Peru/AISA0446/2022|H5N1|Peru|2022-11-22|wild_avian|B3.2
730,202,0.0160996338030031,-77.0009495065799,-13.3373184754493,-77.1547269152875,-12.0745284877094,1.18398900119661,1.1678893673936,2022.8743113251,2022.8904109589,OQ547447|A/Pelecanus_thagus/Peru/AISA0464/2022|H5N1|Peru|2022-11-22|wild_avian|B3.2
970,971,0.0334814612865015,-93.9840989979903,35.028444868037,-94.6636621495713,35.1871137140286,1.18597237326461,1.15249091197811,2022.85891286969,2022.89239433097,NA
1105,1107,0.0630160613032564,-59.9527055479435,46.8278927017975,-62.0980388074796,46.7282069774945,1.18619094718865,1.12317488588539,2022.82959684359,2022.8926129049,NA
640,314,0.715767401527034,-107.140921253638,45.9002461294938,-87.4574256832928,38.2625231497714,1.18672872722396,0.470961325696929,2022.1773832834,2022.89315068493,PQ717633|A/Snow_goose/IN/22-038827-008-original-repeat/2022|H5N1|USA-IN|2022-11-23|wild_avian|B3.2
958,352,0.32957609456717,-94.661141873048,40.4065785831929,-90.0704102089745,34.1319755118639,1.18672872722396,0.857152632656794,2022.56357459036,2022.89315068493,PQ718017|A/Snow_goose/MS/22-038821-010-original/2022|H5N1|USA-MS|2022-11-23|wild_avian|B3.2
946,328,0.196179739057367,-96.1433606562933,40.6822639825795,-94.6531143105927,39.1841634673207,1.18672872722396,0.990548988166597,2022.69697094587,2022.89315068493,PQ717897|A/Snow_goose/MO/22-038564-002-original/2022|H5N1|USA-MO|2022-11-23|wild_avian|B3.2
988,382,0.112252648703532,-87.7389898797518,38.0598419208366,-87.53918977912,38.2228217383081,1.18672872722396,1.07447607852043,2022.78089803623,2022.89315068493,PQ717601|A/Snow_goose/IN/22-038827-003-original-repeat/2022|H5N1|USA-IN|2022-11-23|wild_avian|B3.2
977,334,0.110838366138974,-92.3568957091588,41.8473835160928,-101.591133614738,35.5063663159089,1.18672872722396,1.07589036108499,2022.78231231879,2022.89315068493,PQ720105|A/goose/TX/22-038236-001-original/2022|H5N1|USA-TX|2022-11-23|domestic_avian|B3.2
1002,405,0.085285284356384,-143.406243655145,62.2093787089962,-152.922323589364,61.5920308235311,1.18672872722396,1.10144344286758,2022.80786540058,2022.89315068493,EPI_ISL_16271829|A/chicken/Alaska/22-037940-001/2022|H5N1|USA-AK|2022-11-23|domestic_avian|B3.2
964,347,0.0738215203870514,-91.1122613259923,33.7948507492352,-90.2747011448306,33.7438782874134,1.18672872722396,1.11290720683691,2022.81932916454,2022.89315068493,PQ717985|A/Snow_goose/MS/22-038821-004-original/2022|H5N1|USA-MS|2022-11-23|wild_avian|B3.2
833,834,0.0447537792400934,-57.1477664318656,-34.9777353114856,-57.5915852673049,-33.9276293235475,1.18847475652448,1.14372097728439,2022.85014293499,2022.89489671423,NA
1022,1023,0.0178754549880016,-123.786878197508,49.2548524838895,-123.132071288265,48.7833628102903,1.18897458884563,1.17109913385763,2022.87752109157,2022.89539654655,NA
936,323,0.191700849171607,-95.7652004345689,42.4321657326598,-92.6915733424276,37.3556205399447,1.18946845325132,0.997767604079714,2022.70418956179,2022.89589041096,EPI_ISL_16271826|A/turkey/Missouri/22-038012-001/2022|H5N1|USA-MO|2022-11-24|domestic_avian|B3.2
951,356,0.178170907751349,-95.5491600295726,38.8803479093407,-96.8838544229472,42.2870721481912,1.18946845325132,1.01129754549997,2022.71771950321,2022.89589041096,EPI_ISL_16271824|A/chicken/Nebraska/22-038149-001/2022|H5N1|USA-NE|2022-11-24|domestic_avian|B3.2
744,95,0.0241731222557693,-80.3292760515402,-5.26366686792974,-80.896081,-5.5176602,1.18946845325132,1.16529533099555,2022.8717172887,2022.89589041096,OQ550458|A/pelican/Peru/PIU-SER028/2022|H5N1|Peru|2022-11-24|wild_avian|B3.2
718,721,0.0120354426936924,-69.0456128033093,-22.4977977542743,-75.5847413703212,-19.6637171880477,1.19186534348437,1.17982990079068,2022.8862518585,2022.89828730119,NA
872,49,0.199921448948506,-89.3398942350012,49.100394096995,-91.036982339158,36.0217535989806,1.19220817927891,0.9922867303304,2022.69870868804,2022.89863013699,PQ717353|A/Snow_goose/AR/22-038202-001-original/2022|H5N1|USA-AR|2022-11-25|wild_avian|B3.2
1020,439,0.161833583828819,-121.736557860915,49.8687049989633,-121.578899904242,47.3080924056927,1.19220817927891,1.03037459545009,2022.73679655316,2022.89863013699,PQ714161|A/Mallard/WA/22-039095-002-original/2022|H5N1|USA-WA|2022-11-25|wild_avian|B3.2
646,309,0.400561492815553,-99.8244539128531,28.4617781760536,-75.8665191067784,9.15843350159301,1.19494790530626,0.79438641249071,2022.5008083702,2022.90136986301,EPI_ISL_17353510|A/chicken/Cordoba/ICA-3499/2022|H5N1|Argentina-Cordoba|2022-11-26|domestic_avian|B3.2
979,980,0.355335761539778,-95.4037725556924,39.5076548229002,-84.9306956952466,18.0566575105802,1.19539600821874,0.84006024667896,2022.54648220439,2022.90181796593,NA
832,841,0.0995341873882265,-57.3788196476238,-35.1334506609541,-65.1970632768784,-17.4148065305181,1.19586319996771,1.09632901257948,2022.80275097029,2022.90228515768,NA
1092,1093,0.188586444678406,-90.4009984463078,49.8511143275612,-78.7108432980336,47.0093059749277,1.1963312544881,1.00774480980969,2022.71416676752,2022.9027532122,NA
894,81,0.0868138559496825,-113.575752366989,45.962343221607,-101.287222064269,38.2291411569225,1.19768763133362,1.11087377538394,2022.81729573309,2022.90410958904,PQ717705|A/Snow_goose/KS/22-039690-007-original/2022|H5N1|USA-KS|2022-11-27|wild_avian|B3.2
973,974,0.0344387428783626,-92.359723499095,33.1681201701652,-89.9752936126361,34.6631202567225,1.1988501969421,1.16441145406374,2022.87083341177,2022.90527215465,NA
1060,1061,0.660753166878517,-93.0861253649633,44.1313541722273,-79.475087082115,41.819875276265,1.19977308806079,0.539019921182274,2022.24544187889,2022.90619504577,NA
1006,1007,0.0272623382921435,-113.100761916903,49.8931815427014,-111.579701712764,49.6983048280139,1.20008410884134,1.17282177054919,2022.87924372826,2022.90650606655,NA
918,304,0.238298399476531,-107.801613473629,51.253045478096,-123.09811352371,39.0766840481818,1.20042735736098,0.962128957884447,2022.66855091559,2022.90684931507,PQ717441|A/Snow_goose/CA/22-041406-001-original/2022|H5N1|USA-CA|2022-11-28|wild_avian|B3.2
656,282,0.228689318246834,-94.3455810150673,35.3194902629882,-89.7475991751232,30.36269913717,1.20042735736098,0.971738039114144,2022.67815999682,2022.90684931507,PQ714705|A/Northern_pintail/LA/22-039392-003-original-repeat/2022|H5N1|USA-LA|2022-11-28|wild_avian|B3.2
733,208,0.0928108934170537,-77.3745019761549,-14.2266192857421,-77.0538496474467,-12.0523522096568,1.20042735736098,1.10761646394392,2022.81403842165,2022.90684931507,OQ547351|A/Gallus_gallus/Peru/AIS0540/2022|H5N1|Peru|2022-11-28|domestic_avian|B3.2
887,76,0.0805864849197242,-103.936214906312,40.9934831365652,-103.718019852921,40.9943223265057,1.20042735736098,1.11984087244125,2022.82626283015,2022.90684931507,PQ707545|A/Canada_goose/CO/22-038655-001-original/2022|H5N1|USA-CO|2022-11-28|wild_avian|B3.2
682,201,0.072715900584357,-79.5852787503765,-6.74690276748627,-79.986917,-6.748801,1.20042735736098,1.12771145677662,2022.83413341448,2022.90684931507,EPI_ISL_16249681|A/chicken/Peru/LAM-INS-002/2022|H5N1|Peru-Lambayeque|2022-11-28|domestic_avian|B3.2
1104,1111,0.0901836579771569,-62.4537649390268,47.2081902882917,-62.9860855326659,46.292896041861,1.20117435667582,1.11099069869867,2022.81741265641,2022.90759631438,NA
718,719,0.0215841069405673,-69.0456128033093,-22.4977977542743,-68.2230862311851,-21.291582987608,1.20141400773125,1.17982990079068,2022.8862518585,2022.90783596544,NA
898,900,0.113478935527508,-106.74026383326,45.7623793202686,-84.0120590065252,34.6537528917011,1.20282945305969,1.08935051753218,2022.79577247524,2022.90925141077,NA
848,260,0.215289424059934,-92.6618639851724,38.8476288418761,-92.3791043293581,33.0238351555342,1.20316708338834,0.987877659328402,2022.69429961704,2022.9095890411,PQ717369|A/Snow_goose/AR/22-039436-012-original/2022|H5N1|USA-AR|2022-11-29|wild_avian|B3.2
609,25,0.108142719455476,-100.301550814038,45.329397102046,-97.5616948452259,46.4271102994828,1.20316708338834,1.09502436393286,2022.80144632164,2022.9095890411,PQ708313|A/Canada_goose/ND/23-002238-004-original/2022|H5N1|USA-ND|2022-11-29|wild_avian|B3.2
976,342,0.0370538192975873,-99.1443409640572,37.6168144503284,-98.7992590123428,37.4957301607848,1.20316708338834,1.16611326409075,2022.8725352218,2022.9095890411,PQ717073|A/Ross_s_goose/KS/22-041130-002-original/2022|H5N1|USA-KS|2022-11-29|wild_avian|B3.2
953,330,0.316441184550881,-95.8283119687462,41.5555236233761,-97.8898531296872,41.1584137736952,1.20590680941569,0.889465624864812,2022.59588758257,2022.91232876712,PQ711681|A/Great_horned_owl/NE/22-038800-001-original/2022|H5N1|USA-NE|2022-11-30|wild_avian|B3.2
873,51,0.179906791604849,-89.0614916146483,49.2805862884917,-92.8024240710818,50.4636596927033,1.20590680941569,1.02600001781084,2022.73242197552,2022.91232876712,PV319672|A/Tundra_Swan/ON/FAV-1653-1-2022/2022|H5N1|Canada-ON|2022-11-30|wild_avian|B3.2
1118,521,0.0818944961081383,-76.1159912262705,45.611654633951,-85.1837362359566,47.1627764899281,1.20590680941569,1.12401231330755,2022.83043427102,2022.91232876712,PV317904|A/Snow_Goose/ON/FAV-1653-4-2022/2022|H5N1|Canada-ON|2022-11-30|wild_avian|B3.2
969,335,0.0549521981536389,-93.0806367837884,34.6838272545568,-93.0954332992483,30.2524634966938,1.20590680941569,1.15095461126205,2022.85737656897,2022.91232876712,PQ717777|A/Snow_goose/LA/22-039688-009-original/2022|H5N1|USA-LA|2022-11-30|wild_avian|B3.2
688,689,0.0292118696603616,-71.209883610465,-23.3732446693952,-69.9907244098887,-23.4227495989,1.20782950741172,1.17861763775136,2022.88503959546,2022.91425146512,NA
1007,1008,0.00812479246508913,-111.579701712764,49.6983048280139,-111.572942251124,49.7139642848654,1.20820890130643,1.20008410884134,2022.90650606655,2022.91463085901,NA
1074,550,0.671425639776104,-93.5681670486873,45.3172009994987,-78.2715336861642,35.8125131413506,1.20864653544328,0.537220895667173,2022.24364285337,2022.91506849315,EPI_ISL_17373074|A/duck/North_Carolina/W22-1114A/2022|H5N1|USA-NC|2022-12-01|domestic_avian|B3.2
963,350,0.10125852696729,-94.200483188315,34.7786681379315,-95.0297379374015,39.9486564744954,1.20864653544328,1.10738800847599,2022.81380996618,2022.91506849315,PQ718769|A/Trumpeter_Swan/MO/22-040427-001-original/2022|H5N1|USA-MO|2022-12-01|wild_avian|B3.2
732,210,0.0293689886338666,-76.1745372493477,-11.5800353863998,-78.96318,-8.53379,1.20864653544328,1.17927754680941,2022.88569950452,2022.91506849315,EPI_ISL_18371666|A/Peruvian_booby/Peru/UNMSM-A296/2022|H5N1|Peru|2022-12-01|wild_avian|B3.2
732,209,0.0293689886338666,-76.1745372493477,-11.5800353863998,-77.0606,-12.1077,1.20864653544328,1.17927754680941,2022.88569950452,2022.91506849315,EPI_ISL_18371664|A/Belcher_gull/Peru/UNMSM-A267/2022|H5N1|Peru|2022-12-01|wild_avian|B3.2
945,319,0.329495944079925,-98.1992362124216,45.0012306464549,-112.255374600747,48.7669563207712,1.21138626147063,0.88189031739071,2022.5883122751,2022.91780821918,PQ713561|A/Mallard/MT/22-039947-005-original/2022|H5N1|USA-MT|2022-12-02|wild_avian|B3.2
973,336,0.0469748074068943,-92.359723499095,33.1681201701652,-92.0037728524196,32.9635428985812,1.21138626147063,1.16441145406374,2022.87083341177,2022.91780821918,PQ720081|A/goose/LA/23-000409-006-original/2022|H5N1|USA-LA|2022-12-02|domestic_avian|B3.2
717,252,0.0415709431641038,-70.8339430042476,-19.642827001918,-70.3245328,-18.4136444,1.21138626147063,1.16981531830653,2022.87623727601,2022.91780821918,EPI_ISL_16891400|A/gray_gull/Chile/C61947/2022|H5N1|Chile|2022-12-02|wild_avian|B3.2
1030,1031,0.0594135680350232,-99.0549084822801,41.3352612763983,-104.977531644849,43.5041021456323,1.21274093203936,1.15332736400434,2022.85974932171,2022.91916288975,NA
737,100,0.248017016774913,-80.6748125487198,-4.57083010104724,-79.411259,-7.2252421,1.21412598749799,0.966108970723079,2022.67253092843,2022.92054794521,OQ547375|A/Gallus_gallus/Peru/AIS0544/2022|H5N1|Peru|2022-12-03|domestic_avian|B3.2
1023,436,0.0251513986523575,-123.132071288265,48.7833628102903,-121.358705758047,48.1146817078565,1.21412598749799,1.18897458884563,2022.89539654655,2022.92054794521,PQ709929|A/Dunlin/WA/22-040394-001-original/2022|H5N1|USA-WA|2022-12-03|wild_avian|B3.2
623,624,0.20441378189876,-111.011408871323,42.502728560252,-102.21248605375,37.8493720858193,1.21443995483012,1.01002617293136,2022.71644813064,2022.92086191254,NA
750,816,0.13229416547777,-70.5179917948479,-27.6300662605414,-70.7069871007869,-27.8086617496321,1.21468088929387,1.0823867238161,2022.78880868152,2022.921102847,NA
903,904,0.14829127650403,-118.420030684154,48.0819347433338,-119.559565648836,48.5735170538397,1.21487949152504,1.06658821502101,2022.77301017273,2022.92130144923,NA
1042,1043,0.0424821942187452,-106.20811511795,43.2427915075712,-105.455583435209,40.2741703078206,1.21679351118902,1.17431131697028,2022.88073327468,2022.9232154689,NA
920,308,0.199418344835393,-103.809740444575,36.5875370988349,-100.4794322821,32.9933389632591,1.21686571352535,1.01744736868996,2022.7238693264,2022.92328767123,PQ701849|A/American_green-winged_teal/TX/23-000110-004-original/2022|H5N1|USA-TX|2022-12-04|wild_avian|B3.2
980,981,0.0220097966496522,-84.9306956952466,18.0566575105802,-82.6013762318653,13.4122625480317,1.21740580486839,1.19539600821874,2022.90181796593,2022.92382776258,NA
921,315,0.599238706715463,-97.6631417194419,39.3554730792273,-121.987559695624,44.1212847929854,1.21960543955271,0.620366732837244,2022.32678869054,2022.92602739726,PQ701841|A/American_green-winged_teal/OR/22-040176-004-original/2022|H5N1|USA-OR|2022-12-05|wild_avian|B3.2
960,351,0.232341017803713,-94.8963350780162,40.6608182582006,-99.5630010419101,39.2136565432368,1.21960543955271,0.987264421748994,2022.69368637946,2022.92602739726,EPI_ISL_17373141|A/goose/Kansas/W22-1154/2022|H5N1|USA-KS|2022-12-05|domestic_avian|B3.2
637,420,0.0587668216559121,-109.104362589527,42.7662577889421,-110.495728184368,49.0175863248994,1.21960543955271,1.1608386178968,2022.8672605756,2022.92602739726,PV305088|A/Canada_Goose/AB/FAV-0026-14-2023/2022|H5N1|Canada-AB|2022-12-05|wild_avian|B3.2
1131,534,0.0491580323066327,-75.5898384778968,37.3167574170444,-77.7741417335105,46.5130695017841,1.21960543955271,1.17044740724607,2022.87686936495,2022.92602739726,PV307456|A/Canada_Goose/QC/FAV-0061-1-2022/2022|H5N1|Canada-QC|2022-12-05|wild_avian|B3.2
1016,463,0.397965919922037,-126.809178480001,54.4853285404783,-120.837015685145,53.387621022992,1.22234516558006,0.824379245658028,2022.53080120337,2022.92876712329,PV314256|A/Layer_chicken/BC/FAV-1623-1-2022/2022|H5N1|Canada-BC|2022-12-06|domestic_avian|B3.2
936,320,0.224577561500351,-95.7652004345689,42.4321657326598,-95.6797538657048,42.3040038108915,1.22234516558006,0.997767604079714,2022.70418956179,2022.92876712329,PQ707753|A/Canada_goose/IA/22-040793-004-original/2022|H5N1|USA-IA|2022-12-06|wild_avian|B3.2
618,408,0.113595869413381,-112.921644543346,47.2188604646802,-115.828838178197,38.0470419244086,1.22234516558006,1.10874929616668,2022.81517125387,2022.92876712329,PQ711697|A/Great_horned_owl/NV/22-040618-001-original/2022|H5N1|USA-NV|2022-12-06|wild_avian|B3.2
1118,520,0.09833285227251,-76.1159912262705,45.611654633951,-76.3416867250878,45.5541588571354,1.22234516558006,1.12401231330755,2022.83043427102,2022.92876712329,PV316800|A/Red-Tailed_Hawk/QC/FAV-0076-4-2022/2022|H5N1|Canada-QC|2022-12-06|wild_avian|B3.2
967,968,0.0838944438395788,-92.5282749094586,33.0386537794142,-87.1237533834764,33.1508483391847,1.22445344731936,1.14055900347978,2022.84698096119,2022.93087540503,NA
959,332,0.31697170015327,-95.535763449823,42.6705488032214,-95.9405096045906,41.8362435463751,1.22508489160765,0.908113191454379,2022.61453514916,2022.93150684932,PQ707721|A/Canada_goose/IA/22-040790-001-original/2022|H5N1|USA-IA|2022-12-07|wild_avian|B3.2
971,339,0.0391125183430416,-94.6636621495713,35.1871137140286,-95.953380608342,45.955677528468,1.22508489160765,1.18597237326461,2022.89239433097,2022.93150684932,PQ711593|A/Great_horned_owl/MN/22-041884-001-original/2022|H5N1|USA-MN|2022-12-07|wild_avian|B3.2
878,882,0.382756605624015,-104.743293056026,41.9492706834955,-78.4916390202182,29.5470751885391,1.22683589905526,0.844079293431245,2022.55050125114,2022.93325785676,NA
974,337,0.0289744206929035,-89.9752936126361,34.6631202567225,-88.7408556701693,32.8505214861567,1.22782461763501,1.1988501969421,2022.90527215465,2022.93424657534,PQ712865|A/Lesser_white-fronted_Goose/MS/22-041057-001-original/2022|H5N1|USA-MS|2022-12-08|wild_avian|B3.2
1128,1133,0.0938110089580131,-76.2148666351259,43.197240673005,-73.7132334928376,42.2771296553379,1.22830044995945,1.13448944100144,2022.84091139871,2022.93472240767,NA
955,957,0.318436315709596,-81.7914016127974,40.7845247289661,-78.0815614250285,40.4258825196206,1.2284284725772,0.909992156867604,2022.61641411458,2022.93485043028,NA
745,746,0.0930222569388195,-81.2888611642797,-5.47840586504395,-77.6643978835258,-12.6987100860598,1.22875201176825,1.13572975482943,2022.84215171254,2022.93517396948,NA
600,613,0.544314917436439,-131.622713745085,62.4173049888104,-127.011601844546,58.5857966721696,1.22964533543407,0.685330417997633,2022.39175237571,2022.93606729314,NA
816,817,0.0152835727616383,-70.7069871007869,-27.8086617496321,-69.0595243037513,-32.7755812211514,1.22996446205551,1.21468088929387,2022.921102847,2022.93638641976,NA
834,835,0.0415417871344932,-57.5915852673049,-33.9276293235475,-57.1247144455221,-34.1471216441904,1.23001654365898,1.18847475652448,2022.89489671423,2022.93643850137,NA
1115,518,0.203686125074365,-76.6156886101474,46.4815965060921,-69.5746775592109,46.8104916283919,1.23056434366236,1.026878218588,2022.7333001763,2022.93698630137,PQ713321|A/Mallard/ME/22-040719-016-original/2022|H5N1|USA-ME|2022-12-09|wild_avian|B3.2
719,253,0.0291503359311145,-68.2230862311851,-21.291582987608,-70.15,-20.216667,1.23056434366236,1.20141400773125,2022.90783596544,2022.93698630137,EPI_ISL_17885942|A/Pelican/Tarapaca/227436-2/2022|H5N1|Chile-Tarapaca|2022-12-09|wild_avian|B3.2
899,73,0.143493168942222,-106.775833358518,45.7616569855096,-86.7045943503432,34.7402070598501,1.23330406968972,1.0898109007475,2022.79623285845,2022.9397260274,PQ710161|A/Gadwall/AL/22-041762-004-original/2022|H5N1|USA-AL|2022-12-10|wild_avian|B3.2
721,722,0.0418837841266626,-75.5847413703212,-19.6637171880477,-76.2352559377588,-20.9236835601453,1.23374912761104,1.19186534348437,2022.89828730119,2022.94017108532,NA
1133,1139,0.0059573976896945,-73.7132334928376,42.2771296553379,-76.4531169001637,42.413862542456,1.23425784764914,1.22830044995945,2022.93472240767,2022.94067980536,NA
1025,1026,0.169929634614985,-121.259217173106,44.5025473901729,-124.224727819958,43.1935804404282,1.23639688494238,1.0664672503274,2022.77288920803,2022.94281884265,NA
751,753,0.060738181681355,-59.6645895194019,-33.4337922380689,-61.8936556255449,-32.602380025373,1.23876962048227,1.17803143880092,2022.88445339651,2022.94519157819,NA
678,257,0.28472398392521,-79.2154423676737,-10.6197800138194,-77.014657587094,-12.0800188652401,1.23878352174444,0.954059537819226,2022.66048149553,2022.94520547945,OQ547415|A/Gallus_gallus/Peru/AIS0551/2022|H5N1|Peru|2022-12-12|domestic_avian|B3.2
952,355,0.166462573642062,-96.2405421585772,36.8569629316063,-156.51622454473,67.1252972094446,1.23878352174444,1.07232094810237,2022.77874290581,2022.94520547945,PQ710113|A/Gadwall/AL/22-040806-001-original/2022|H5N1|USA-AL|2022-12-12|wild_avian|B3.2
1021,438,0.0879653284028459,-121.904886946526,48.9250205001703,-121.93713254529,48.6313420148589,1.23878352174444,1.15081819334159,2022.85724015105,2022.94520547945,PQ703633|A/Barn_owl/WA/22-041081-001-original/2022|H5N1|USA-WA|2022-12-12|wild_avian|B3.2
1032,1033,0.0625265533317929,-99.0095327660837,41.1612796178914,-98.3134569251101,40.9091098632025,1.24070398303261,1.17817742970082,2022.88459938741,2022.94712594074,NA
607,21,0.423148067278846,-127.217107493524,56.1050832872972,-121.014597081891,55.4222305569181,1.24152324777202,0.818375180493175,2022.5247971382,2022.94794520548,PV304104|A/Barred_Owl/BC/FAV-0053-23-2022/2022|H5N1|Canada-BC|2022-12-13|wild_avian|B3.2
971,341,0.0555508745074134,-94.6636621495713,35.1871137140286,-100.271511206473,38.2005202164309,1.24152324777202,1.18597237326461,2022.89239433097,2022.94794520548,PQ720257|A/great-tailed_grackle/KS/22-041130-006-original/2022|H5N1|USA-KS|2022-12-13|wild_avian|B3.2
1039,1040,0.0826946991815061,-106.828918874759,42.4218374709942,-111.627990707315,42.0017495836994,1.24351027529439,1.16081557611288,2022.86723753382,2022.949932233,NA
847,264,0.268265922464495,-96.7877858335876,37.6430214289201,-104.100468659569,41.9458644737194,1.24426297379938,0.975997051334884,2022.68241900904,2022.95068493151,PQ709169|A/Canada_goose/WY/22-041261-001-original/2022|H5N1|USA-WY|2022-12-14|wild_avian|B3.2
630,417,0.247686154184532,-115.848208430736,47.6367730023935,-115.624361693959,54.6654776198689,1.24426297379938,0.996576819614846,2022.70299877732,2022.95068493151,PV309456|A/Domestic_bird/AB/FAV-1654-2022/2022|H5N1|Canada-AB|2022-12-14|domestic_avian|B3.2
1106,511,0.0866312459319523,-64.0413928415753,47.0308855434262,-68.494906932446,45.2214607473879,1.24426297379938,1.15763172786743,2022.86405368557,2022.95068493151,PQ713329|A/Mallard/ME/22-041145-001-original/2022|H5N1|USA-ME|2022-12-14|wild_avian|B3.2
1032,1034,0.0664912679641341,-99.0095327660837,41.1612796178914,-94.0428509525354,42.9617163045696,1.24466869766495,1.17817742970082,2022.88459938741,2022.95109065537,NA
881,40,0.211391041670642,-110.708531222537,40.7899331565276,-120.683583851828,40.9333196648196,1.24700269982674,1.03561165815609,2022.74203361586,2022.95342465753,PQ709961|A/Eared_grebe/CA/23-000276-003-original/2022|H5N1|USA-CA|2022-12-15|wild_avian|B3.2
729,248,0.0839451907268907,-70.0863916482606,-22.1967310747281,-70.2,-22.096389,1.24700269982674,1.16305750909985,2022.86947946681,2022.95342465753,EPI_ISL_17885931|A/Pelican/Antofagasta/228246-3/2022|H5N1|Chile-Antofagasta|2022-12-15|wild_avian|B3.2
1033,449,0.00629871679412553,-98.3134569251101,40.9091098632025,-96.9741490213625,41.4462210590032,1.24700269982674,1.24070398303261,2022.94712594074,2022.95342465753,PQ718649|A/Swan/NE/22-041037-001-original/2022|H5N1|USA-NE|2022-12-15|wild_avian|B3.2
1033,450,0.00629871679412553,-98.3134569251101,40.9091098632025,-98.3215876836941,41.199692263898,1.24700269982674,1.24070398303261,2022.94712594074,2022.95342465753,PQ718657|A/Swan/NE/22-041037-002-original/2022|H5N1|USA-NE|2022-12-15|wild_avian|B3.2
844,259,0.254107241534118,-79.3399615125924,0.934533081944567,-80.8191754493454,32.9376461909456,1.24974242585409,0.995635184319975,2022.70205714203,2022.95616438356,PQ714225|A/Mottled_Duck/SC/22-042180-002-original/2022|H5N1|USA-SC|2022-12-16|wild_avian|B3.2
728,247,0.101978578013138,-70.3877205719579,-22.628500162421,-70.4214538718351,-23.6449809112059,1.24974242585409,1.14776384784096,2022.85418580555,2022.95616438356,EPI_ISL_17885944|A/Pelican/Antofagasta/228244-2/2022|H5N1|Chile-Antofagasta|2022-12-16|wild_avian|B3.2
817,818,0.0206962412529901,-69.0595243037513,-32.7755812211514,-65.015971134946,-32.3929998004031,1.2506607033085,1.22996446205551,2022.93638641976,2022.95708266102,NA
899,72,0.162671251133951,-106.775833358518,45.7616569855096,-92.3643235761638,31.6330939162206,1.25248215188145,1.0898109007475,2022.79623285845,2022.95890410959,PQ701721|A/American_green-winged_teal/LA/22-041760-007-original/2022|H5N1|USA-LA|2022-12-17|wild_avian|B3.2
1000,404,0.305759664036641,-140.865488051768,62.5421345118145,-147.164273369791,65.5208745074325,1.25522187790904,0.949462213872394,2022.65588417158,2022.96164383562,PQ715449|A/Raven/AK/22-042128-001-original/2022|H5N1|USA-AK|2022-12-18|wild_avian|B3.2
977,333,0.182071242851404,-92.3568957091588,41.8473835160928,-94.3546286804096,45.6893670215905,1.25796160393639,1.07589036108499,2022.78231231879,2022.96438356164,PQ708193|A/Canada_goose/MN/22-041306-001-original/2022|H5N1|USA-MN|2022-12-19|wild_avian|B3.2
1061,2,0.0581885158756017,-79.475087082115,41.819875276265,-74.1188105484248,42.4735695767026,1.25796160393639,1.19977308806079,2022.90619504577,2022.96438356164,PQ716513|A/Red-tailed_hawk/NY/22-042014-001-original/2022|H5N1|USA-NY|2022-12-19|wild_avian|B3.2
882,45,0.031125704881132,-78.4916390202182,29.5470751885391,-80.5860172074786,27.8353215319488,1.25796160393639,1.22683589905526,2022.93325785676,2022.96438356164,PQ701337|A/American_coot/FL/23-002762-015-original/2022|H5N1|USA-FL|2022-12-19|wild_avian|B3.2
964,965,0.147392839476504,-91.1122613259923,33.7948507492352,-87.41868673415,37.4097292999547,1.26030004631342,1.11290720683691,2022.81932916454,2022.96672200402,NA
636,421,0.200533576267392,-110.61883883244,44.7865177388095,-107.764422191976,44.4539126205998,1.26070132996375,1.06016775369636,2022.7665897114,2022.96712328767,PQ712161|A/Great_horned_owl/WY/22-041771-002-original/2022|H5N1|USA-WY|2022-12-20|wild_avian|B3.2
975,340,0.101122240733861,-95.645593627518,35.3136864339754,-86.930751908082,32.5847868161111,1.26070132996375,1.15957908922989,2022.86600104694,2022.96712328767,PQ717345|A/Snow_goose/AL/22-041764-001-original/2022|H5N1|USA-AL|2022-12-20|wild_avian|B3.2
900,70,0.0578718769040618,-84.0120590065252,34.6537528917011,-81.5359148498436,34.5732668863477,1.26070132996375,1.20282945305969,2022.90925141077,2022.96712328767,PQ710297|A/Gadwall/SC/22-042020-005-original/2022|H5N1|USA-SC|2022-12-20|wild_avian|B3.2
624,626,0.0472680120153477,-102.21248605375,37.8493720858193,-107.150967670952,40.188396233675,1.26170796684546,1.21443995483012,2022.92086191254,2022.96812992455,NA
841,842,0.0663694275249389,-65.1970632768784,-17.4148065305181,-62.5113436141747,-17.5856413162105,1.26223262749264,1.19586319996771,2022.90228515768,2022.9686545852,NA
753,754,0.0237275474677898,-61.8936556255449,-32.602380025373,-60.7310808846346,-32.5109287802366,1.26249716795006,1.23876962048227,2022.94519157819,2022.96891912566,NA
1102,505,0.232938663791229,-74.2361592173227,47.4459328008192,-62.5193514244423,46.1964853767521,1.26344105599111,1.03050239219988,2022.73692434991,2022.9698630137,PV307248|A/Canada_Goose/PE/FAV-0008-1-2022/2022|H5N1|Canada-PE|2022-12-21|wild_avian|B3.2
1126,531,0.203927326440389,-74.8656876175464,42.9569881511926,-75.750652491342,43.8928045883795,1.26344105599111,1.05951372955072,2022.76593568726,2022.9698630137,PQ718353|A/Snow_goose/NY/22-042013-001-original/2022|H5N1|USA-NY|2022-12-21|wild_avian|B3.2
968,344,0.0389876086717491,-87.1237533834764,33.1508483391847,-90.303939772827,38.6862798402751,1.26344105599111,1.22445344731936,2022.93087540503,2022.9698630137,PQ716361|A/Red-tailed_hawk/MO/23-001518-001-original/2022|H5N1|USA-MO|2022-12-21|wild_avian|B3.2
733,734,0.155889578811157,-77.3745019761549,-14.2266192857421,-76.1409041712553,-15.6123400115816,1.26350604275508,1.10761646394392,2022.81403842165,2022.96992800046,NA
624,625,0.0490952319116795,-102.21248605375,37.8493720858193,-88.7744809527053,38.9462835488205,1.2635351867418,1.21443995483012,2022.92086191254,2022.96995714445,NA
1116,522,0.183587999701158,-77.0416330627633,46.2349159403274,-78.9036780296538,45.1891946104904,1.26618078201846,1.08259278231731,2022.78901474002,2022.97260273973,PV317872|A/Snow_Goose/ON/FAV-1652-1-2022/2022|H5N1|Canada-ON|2022-12-22|wild_avian|B3.2
965,349,0.00588073570504832,-87.41868673415,37.4097292999547,-87.3229532404596,37.8895351379309,1.26618078201846,1.26030004631342,2022.96672200402,2022.97260273973,EPI_ISL_17424631|A/red-tailed_hawk/Kentucky/W23-143/2022|H5N1|USA-KY|2022-12-22|wild_avian|B3.2
835,837,0.036649506442811,-57.1247144455221,-34.1471216441904,-52.7278472700842,-33.4685037268649,1.26666605010179,1.23001654365898,2022.93643850137,2022.97308800781,NA
754,785,0.00462110659860926,-60.7310808846346,-32.5109287802366,-60.6306108773318,-33.5518432880672,1.26711827454867,1.26249716795006,2022.96891912566,2022.97354023226,NA
837,838,0.000543591626513962,-52.7278472700842,-33.4685037268649,-52.642080641165,-33.7640399959164,1.2672096417283,1.26666605010179,2022.97308800781,2022.97363159944,NA
1139,538,0.0346626603966778,-76.4531169001637,42.413862542456,-77.2385037041362,44.2522845069094,1.26892050804582,1.23425784764914,2022.94067980536,2022.97534246575,PV317880|A/Snow_Goose/ON/FAV-1652-2-2022/2022|H5N1|Canada-ON|2022-12-23|wild_avian|B3.2
1107,1108,0.0829645766410345,-62.0980388074796,46.7282069774945,-62.3683466260866,46.2593086336552,1.26915552382968,1.18619094718865,2022.8926129049,2022.97557748154,NA
634,635,0.129413028962033,-108.091420952728,39.2794749030945,-108.11111404714,39.8034657144033,1.27265155341598,1.14323852445394,2022.84966048216,2022.97907351112,NA
754,755,0.0140353833569633,-60.7310808846346,-32.5109287802366,-60.4878371405777,-32.1236105404864,1.27653255130703,1.26249716795006,2022.96891912566,2022.98295450901,NA
730,203,0.109250318734519,-77.0009495065799,-13.3373184754493,-70.833333,-27.066667,1.27713968612812,1.1678893673936,2022.8743113251,2022.98356164384,EPI_ISL_17885926|A/Pelican/Atacama/229450-2/2022|H5N1|Chile-Atacama|2022-12-26|wild_avian|B3.2
719,720,0.0762529635594142,-68.2230862311851,-21.291582987608,-70.4393957668947,-19.3875573588019,1.27766697129066,1.20141400773125,2022.90783596544,2022.984088929,NA
1008,402,0.0716705108490534,-111.572942251124,49.7139642848654,-103.759586257689,40.5950135206213,1.27987941215548,1.20820890130643,2022.91463085901,2022.98630136986,PQ707593|A/Canada_goose/CO/22-042169-001-original/2022|H5N1|USA-CO|2022-12-27|wild_avian|B3.2
981,371,0.0624736072870893,-82.6013762318653,13.4122625480317,-87.3675927863602,15.7334469329467,1.27987941215548,1.21740580486839,2022.92382776258,2022.98630136986,EPI_ISL_17558875|A/pelican/Honduras/23-000009-001/2022|H5N1|Honduras-Atlantida|2022-12-27|wild_avian|B3.2
725,726,0.13980792101422,-69.1163271845767,-22.4620305730176,-72.3064559582801,-30.9332303560037,1.28150194262438,1.14169402161016,2022.84811597932,2022.98792390033,NA
1011,431,0.180022023802779,-123.056121826031,46.6865977782432,-124.111219746809,44.0267563694258,1.28261913818284,1.10259711438006,2022.80901907209,2022.98904109589,PQ716601|A/Red-tailed_hawk/OR/23-001496-001-original/2022|H5N1|USA-OR|2022-12-28|wild_avian|B3.2
1015,465,0.177806410127364,-123.916528517449,52.8916482319805,-100.415168859907,44.3292525727179,1.28261913818284,1.10481272805547,2022.81123468576,2022.98904109589,PQ712489|A/Hawk/SD/23-000319-001-original/2022|H5N1|USA-SD|2022-12-28|wild_avian|B3.2
1107,510,0.0964281909941915,-62.0980388074796,46.7282069774945,-63.3085611928195,46.4608666552072,1.28261913818284,1.18619094718865,2022.8926129049,2022.98904109589,PV302464|A/American_Crow/PE/FAV-0019-5-2022/2022|H5N1|Canada-PE|2022-12-28|wild_avian|B3.2
837,839,0.0167159796614982,-52.7278472700842,-33.4685037268649,-55.6137778356379,-34.6053329525967,1.28338202976329,1.26666605010179,2022.97308800781,2022.98980398747,NA
1133,1134,0.0553794090229403,-73.7132334928376,42.2771296553379,-72.9715561103663,42.433747819636,1.28367985898239,1.22830044995945,2022.93472240767,2022.99010181669,NA
1134,1135,0.00160962880212256,-72.9715561103663,42.433747819636,-73.0043778783805,42.4515167491931,1.28528948778451,1.28367985898239,2022.99010181669,2022.99171144549,NA
902,69,0.353620064707047,-105.533738173804,45.710103572717,-121.342847678503,39.4805498911363,1.28535886421019,0.931738799503147,2022.63816075721,2022.99178082192,PQ718945|A/Turkey_Vulture/CA/23-002030-001-original/2022|H5N1|USA-CA|2022-12-29|wild_avian|B3.2
688,246,0.109480952486416,-71.209883610465,-23.3732446693952,-70.313228921854,-18.4617096649297,1.28809859023778,1.17861763775136,2022.88503959546,2022.99452054795,EPI_ISL_17885980|A/Sanderling/Arica_y_Parinacota/230758-1/2022|H5N1|Chile-Arica|2022-12-30|wild_avian|B3.2
689,212,0.0802690828260544,-69.9907244098887,-23.4227495989,-71.0814,-28.510219,1.28809859023778,1.20782950741172,2022.91425146512,2022.99452054795,EPI_ISL_17885924|A/Pelican/Atacama/230158-2/2022|H5N1|Chile-Atacama|2022-12-30|wild_avian|B3.2
1043,459,0.0713050790487566,-105.455583435209,40.2741703078206,-105.451624661487,40.272770415009,1.28809859023778,1.21679351118902,2022.9232154689,2022.99452054795,PQ707609|A/Canada_goose/CO/23-000399-001-original/2022|H5N1|USA-CO|2022-12-30|wild_avian|B3.2
882,44,0.061262691182518,-78.4916390202182,29.5470751885391,-82.4441449237599,28.0663331071642,1.28809859023778,1.22683589905526,2022.93325785676,2022.99452054795,PQ710449|A/Gannet/FL/23-002762-022-original/2022|H5N1|USA-FL|2022-12-30|wild_avian|B3.2
839,840,0.00553204371907556,-55.6137778356379,-34.6053329525967,-55.5832884400315,-34.5682875014691,1.28891407348236,1.28338202976329,2022.98980398747,2022.99533603119,NA
1108,1109,0.0210269846363418,-62.3683466260866,46.2593086336552,-64.2513861282714,47.0149044859594,1.29018250846602,1.26915552382968,2022.97557748154,2022.99660446617,NA
818,825,0.0413376023677512,-65.015971134946,-32.3929998004031,-69.7385815521005,-37.0368902994705,1.29199830567625,1.2506607033085,2022.95708266102,2022.99842026338,NA
1041,456,0.12429511152852,-106.193568759488,43.1048526038713,-105.447583247272,40.7481405311778,1.29357804229249,1.16928293076397,2022.87570488847,2023,PQ715865|A/Red-tailed_hawk/CO/23-000403-001-original/2023|H5N1|USA-CO|2023-01-01|wild_avian|B3.2
1134,1136,0.0124690751427528,-72.9715561103663,42.433747819636,-72.251231932702,41.7119981738768,1.29614893412514,1.28367985898239,2022.99010181669,2023.00257089183,NA
825,826,0.00459615785057554,-69.7385815521005,-37.0368902994705,-71.4139972789167,-37.8586284549082,1.29659446352683,1.29199830567625,2022.99842026338,2023.00301642123,NA
644,645,0.545957891917852,-100.02361042696,28.3170377130559,-110.980233423142,34.3238521108616,1.29680957234209,0.750851680424236,2022.45727363813,2023.00323153005,NA
606,18,0.432483098531121,-129.037490195877,59.6097112200687,-124.426169077271,53.3633364361323,1.29905749434721,0.866574395816087,2022.57299635352,2023.00547945205,PV322704|A/chicken/BC/FAV-0011-1-2023/2023|H5N1|Canada-BC|2023-01-03|domestic_avian|B3.2
613,30,0.0694121589131358,-127.011601844546,58.5857966721696,-130.429177947731,57.4685990033874,1.29905749434721,1.22964533543407,2022.93606729314,2023.00547945205,PV322688|A/chicken/BC/FAV-0010-1-2023/2023|H5N1|Canada-BC|2023-01-03|domestic_avian|B3.2
1026,443,0.0626606094048259,-124.224727819958,43.1935804404282,-123.830889043083,46.1636540027329,1.29905749434721,1.23639688494238,2022.94281884265,2023.00547945205,PQ717209|A/Sanderling/OR/23-000771-001-original/2023|H5N1|USA-OR|2023-01-03|wild_avian|B3.2
1125,530,0.273455955790991,-75.5404257394425,43.5416361740484,-76.2537727696847,42.3642695514827,1.30179722037479,1.0283412645838,2022.73476322229,2023.00821917808,PQ718369|A/Snow_goose/NY/23-000618-001-original/2023|H5N1|USA-NY|2023-01-04|wild_avian|B3.2
894,82,0.190923444990855,-113.575752366989,45.962343221607,-116.410929586851,44.6125441782682,1.30179722037479,1.11087377538394,2022.81729573309,2023.00821917808,PQ712905|A/Magpie/ID/23-001085-001-original/2023|H5N1|USA-ID|2023-01-04|wild_avian|B3.2
1040,453,0.0582869450804027,-111.627990707315,42.0017495836994,-110.549882021145,40.8248102205899,1.30179722037479,1.24351027529439,2022.949932233,2023.00821917808,PQ720185|A/goose/UT/23-001040-001-original/2023|H5N1|USA-UT|2023-01-04|domestic_avian|B3.2
689,690,0.0957665579309834,-69.9907244098887,-23.4227495989,-70.9945877488433,-25.0129001258514,1.30359606534271,1.20782950741172,2022.91425146512,2023.01001802305,NA
785,786,0.0369115934941728,-60.6306108773318,-33.5518432880672,-60.2559511214873,-33.1603859068903,1.30402986804285,1.26711827454867,2022.97354023226,2023.01045182575,NA
1140,527,0.432076190551882,-88.3013368421937,41.8239537255259,-92.4713345817159,42.5223296137837,1.30453694640215,0.872460755850269,2022.57888271356,2023.01095890411,PQ701393|A/American_crow/IA/23-000627-006-original/2023|H5N1|USA-IA|2023-01-05|wild_avian|B3.2
1031,451,0.0917960143627874,-104.977531644849,43.5041021456323,-105.227219398036,43.2975573814619,1.30453694640215,1.21274093203936,2022.91916288975,2023.01095890411,PQ709217|A/Canada_goose/WY/23-000980-001-original/2023|H5N1|USA-WY|2023-01-05|wild_avian|B3.2
826,828,0.00821433163327967,-71.4139972789167,-37.8586284549082,-71.746444173536,-37.4565202350623,1.30480879516011,1.29659446352683,2023.00301642123,2023.01123075287,NA
753,815,0.0675426507255925,-61.8936556255449,-32.602380025373,-63.2675138896411,-32.18085931695,1.30631227120787,1.23876962048227,2022.94519157819,2023.01273422892,NA
786,787,0.00320393324543522,-60.2559511214873,-33.1603859068903,-60.3870331006563,-33.0324871987286,1.30723380128828,1.30402986804285,2023.01045182575,2023.013655759,NA
952,354,0.234955724327133,-96.2405421585772,36.8569629316063,-91.787742019395,34.1453615524333,1.30727667242951,1.07232094810237,2022.77874290581,2023.01369863014,PQ717377|A/Snow_goose/AR/23-001513-001-original/2023|H5N1|USA-AR|2023-01-06|wild_avian|B3.2
610,24,0.165397436183033,-94.9877063448793,44.6909125767726,-111.617321227515,39.8733964968194,1.30727667242951,1.14187923624647,2022.84830119395,2023.01369863014,PQ720193|A/goose/UT/23-001041-001-original/2023|H5N1|USA-UT|2023-01-06|domestic_avian|B3.2
890,83,0.141888641303597,-112.383120764138,45.628172380266,-111.171071917919,45.2045740212703,1.30727667242951,1.16538803112591,2022.87180998883,2023.01369863014,PQ720265|A/greater_scaup/MT/23-001334-001-original/2023|H5N1|USA-MT|2023-01-06|wild_avian|B3.2
1109,1110,0.0192714083999648,-64.2513861282714,47.0149044859594,-65.5846097302963,46.1928582745139,1.30945391686599,1.29018250846602,2022.99660446617,2023.01587587457,NA
818,819,0.0592133456212749,-65.015971134946,-32.3929998004031,-69.1830846508056,-33.0610390114671,1.30987404892978,1.2506607033085,2022.95708266102,2023.01629600664,NA
890,891,0.146150663700249,-112.383120764138,45.628172380266,-114.493043434261,45.7561984718423,1.31153869482616,1.16538803112591,2022.87180998883,2023.01796065253,NA
819,821,0.0017638785189984,-69.1830846508056,-33.0610390114671,-68.0482461516349,-33.8002202447387,1.31163792744877,1.30987404892978,2023.01629600664,2023.01805988516,NA
819,820,0.00354201276558808,-69.1830846508056,-33.0610390114671,-69.9032511843157,-34.0967786018322,1.31341606169536,1.30987404892978,2023.01629600664,2023.0198380194,NA
645,310,0.0186862781694921,-110.980233423142,34.3238521108616,-111.025396732138,34.3888311138257,1.31549585051158,1.29680957234209,2023.00323153005,2023.02191780822,PQ707097|A/Canada_goose/AZ/23-002260-001-original/2023|H5N1|USA-AZ|2023-01-09|wild_avian|B3.2
821,822,0.00578330087436818,-68.0482461516349,-33.8002202447387,-66.3590076815619,-34.9218083882066,1.31742122832314,1.31163792744877,2023.01805988516,2023.02384318603,NA
722,723,0.0841602891579578,-76.2352559377588,-20.9236835601453,-70.3375592559118,-25.1128248563635,1.317909416769,1.23374912761104,2022.94017108532,2023.02433137448,NA
966,346,0.232975165962491,-93.8430855592513,34.0312852496594,-117.84211633904,34.7805219380385,1.31823557653916,1.08526041057667,2022.79168236828,2023.02465753425,PQ717521|A/Snow_goose/CA/23-002594-003-original/2023|H5N1|USA-CA|2023-01-10|wild_avian|B3.2
976,343,0.152122312448417,-99.1443409640572,37.6168144503284,-103.24103046163,42.5719423705077,1.31823557653916,1.16611326409075,2022.8725352218,2023.02465753425,PQ708337|A/Canada_goose/NE/23-001495-002-original/2023|H5N1|USA-NE|2023-01-10|wild_avian|B3.2
1042,457,0.143924259568888,-106.20811511795,43.2427915075712,-99.8848483272055,40.1527435582266,1.31823557653916,1.17431131697028,2022.88073327468,2023.02465753425,PQ708329|A/Canada_goose/NE/23-001495-001-original/2023|H5N1|USA-NE|2023-01-10|wild_avian|B3.2
957,362,0.0898071039619643,-78.0815614250285,40.4258825196206,-66.2033632189425,45.5007690350094,1.31823557653916,1.2284284725772,2022.93485043028,2023.02465753425,PV324088|A/chicken/NB/FAV-0013-2023/2023|H5N1|Canada-NB|2023-01-10|domestic_avian|B3.2
1135,545,0.032946088754652,-73.0043778783805,42.4515167491931,-73.0654812490618,42.5973595562884,1.31823557653916,1.28528948778451,2022.99171144549,2023.02465753425,PQ701465|A/American_crow/MA/23-004612-017-original/2023|H5N1|USA-MA|2023-01-10|wild_avian|B3.2
1111,1112,0.117712618275744,-62.9860855326659,46.292896041861,-59.4969352853913,46.5331977452727,1.31888697495157,1.20117435667582,2022.90759631438,2023.02530893266,NA
828,829,0.0159513200943175,-71.746444173536,-37.4565202350623,-71.6766978291141,-37.5451895445901,1.32076011525443,1.30480879516011,2023.01123075287,2023.02718207296,NA
637,419,0.160136684669727,-109.104362589527,42.7662577889421,-108.537651742877,42.8134449961654,1.32097530256652,1.1608386178968,2022.8672605756,2023.02739726027,PQ709241|A/Canada_goose/WY/23-002120-001-original/2023|H5N1|USA-WY|2023-01-11|wild_avian|B3.2
743,97,0.159255612971064,-79.8702452803772,-5.678338288658,-80.5195928,-0.79805746,1.32097530256652,1.16171968959546,2022.8681416473,2023.02739726027,EPI_ISL_17973443|A/wildbird-Fregata-magnificens/Ecuador/IC03-4587/2023|H5N1|Ecuador-Manabi|2023-01-11|wild_avian|B3.2
785,794,0.0555610874746186,-60.6306108773318,-33.5518432880672,-59.225649120758,-34.543738571218,1.32267936202329,1.26711827454867,2022.97354023226,2023.02910131973,NA
822,823,0.00553575352880786,-66.3590076815619,-34.9218083882066,-70.175887632861,-33.280143360847,1.32295698185195,1.31742122832314,2023.02384318603,2023.02937893956,NA
1034,448,0.0790463309289282,-94.0428509525354,42.9617163045696,-93.6246412187085,41.9414498757339,1.32371502859388,1.24466869766495,2022.95109065537,2023.0301369863,PQ718729|A/Trumpeter_Swan/IA/23-002039-002-original/2023|H5N1|USA-IA|2023-01-12|wild_avian|B3.2
755,783,0.0484733295920927,-60.4878371405777,-32.1236105404864,-64.028435730705,-43.5024123943521,1.32500588089912,1.27653255130703,2022.98295450901,2023.03142783861,NA
1034,1035,0.0821874506012259,-94.0428509525354,42.9617163045696,-96.0336403701784,45.612708835471,1.32685614826618,1.24466869766495,2022.95109065537,2023.03327810597,NA
662,288,0.592379907150862,-103.900324428981,41.3790250559912,-91.7237583568814,34.7258875686804,1.32919448064859,0.736814573497733,2022.44323653121,2023.03561643836,PQ714729|A/Northern_shoveler/AR/23-002690-001-original/2023|H5N1|USA-AR|2023-01-14|wild_avian|B3.2
755,756,0.0527540752654803,-60.4878371405777,-32.1236105404864,-58.3638590940994,-31.4022994146471,1.32928662657251,1.27653255130703,2022.98295450901,2023.03570858428,NA
756,781,0.00665270755080982,-58.3638590940994,-31.4022994146471,-59.7789097311567,-33.9692224283248,1.33593933412332,1.32928662657251,2023.03570858428,2023.04236129183,NA
1035,1036,0.00956441036094979,-96.0336403701784,45.612708835471,-95.9160159112618,45.4509537495137,1.33642055862713,1.32685614826618,2023.03327810597,2023.04284251633,NA
1136,1137,0.0403675517717481,-72.251231932702,41.7119981738768,-72.0030912851589,41.7079344509739,1.33651648589689,1.29614893412514,2023.00257089183,2023.0429384436,NA
794,795,0.0144584443083215,-59.225649120758,-34.543738571218,-61.8057565100997,-34.9808987334132,1.33713780633161,1.32267936202329,2023.02910131973,2023.04355976404,NA
610,22,0.195534422484419,-94.9877063448793,44.6909125767726,-97.2949635598648,43.2668159446838,1.33741365873089,1.14187923624647,2022.84830119395,2023.04383561644,PQ716689|A/Red-tailed_hawk/SD/23-002914-001-original/2023|H5N1|USA-SD|2023-01-17|wild_avian|B3.2
1046,1047,0.284638816371654,-122.877634280927,38.8734338031228,-122.763127119398,37.840225244561,1.33809604823218,1.05345723186052,2022.75987918957,2023.04451800594,NA
787,791,0.0327186309703049,-60.3870331006563,-33.0324871987286,-61.952921589048,-32.8194803780672,1.33995243225859,1.30723380128828,2023.013655759,2023.04637438997,NA
847,263,0.364156333423368,-96.7877858335876,37.6430214289201,-112.518209489294,51.5801908095771,1.34015338475825,0.975997051334884,2022.68241900904,2023.04657534247,PV305176|A/Canada_Goose/AB/FAV-0083-4-2023/2023|H5N1|Canada-AB|2023-01-18|wild_avian|B3.2
937,318,0.340512755331666,-95.460064347975,42.1517213212894,-96.3385791084267,29.5177937210768,1.34015338475825,0.999640629426585,2022.70606258713,2023.04657534247,PQ702481|A/American_wigeon/TX/23-003062-016-original/2023|H5N1|USA-TX|2023-01-18|wild_avian|B3.2
1022,435,0.169054250900618,-123.786878197508,49.2548524838895,-117.086115160275,46.4539516031367,1.34015338475825,1.17109913385763,2022.87752109157,2023.04657534247,PQ712817|A/Hooded_Merganser/WA/23-003784-001-original/2023|H5N1|USA-WA|2023-01-18|wild_avian|B3.2
720,255,0.0624864134675875,-70.4393957668947,-19.3875573588019,-69.7919638465496,-20.6750123932352,1.34015338475825,1.27766697129066,2022.984088929,2023.04657534247,EPI_ISL_17885951|A/Gray_gull/Tarapaca/232825-1/2023|H5N1|Chile-Tarapaca|2023-01-18|wild_avian|B3.2
826,827,0.0436061316113894,-71.4139972789167,-37.8586284549082,-71.4542960059901,-36.8905425833815,1.34020059513822,1.29659446352683,2023.00301642123,2023.04662255285,NA
795,796,0.00361015341668081,-61.8057565100997,-34.9808987334132,-63.1473335223849,-33.7143469668566,1.34074795974829,1.33713780633161,2023.04355976404,2023.04716991746,NA
734,735,0.0784265426489985,-76.1409041712553,-15.6123400115816,-71.6454720666942,-33.3687985147499,1.34193258540408,1.26350604275508,2022.96992800046,2023.04835454311,NA
849,261,0.222551559532352,-87.8222701623425,34.4903119621555,-93.9005102229591,30.1802869060337,1.34289311078561,1.12034155125326,2022.82676350896,2023.04931506849,PQ714793|A/Northern_shoveler/TX/23-007477-003-original/2023|H5N1|USA-TX|2023-01-19|wild_avian|B3.2
1136,540,0.0467441766604657,-72.251231932702,41.7119981738768,-71.2003260767997,43.3571536256438,1.34289311078561,1.29614893412514,2023.00257089183,2023.04931506849,EPI_ISL_19490417|A/chicken/New_Hampshire/23-002392-001-original2/2023|H5N1|USA-NH|2023-01-19|domestic_avian|B3.2
735,736,0.00211077216086464,-71.6454720666942,-33.3687985147499,-70.5755442097061,-32.9697334991447,1.34404335756494,1.34193258540408,2023.04835454311,2023.05046531527,NA
608,23,0.262242073218611,-100.533088838132,45.4595239745879,-120.215523816525,43.8601924419279,1.34563283681297,1.08339076359436,2022.7898127213,2023.05205479452,PQ716617|A/Red-tailed_hawk/OR/23-003379-001-original/2023|H5N1|USA-OR|2023-01-20|wild_avian|B3.2
835,836,0.116353398446966,-57.1247144455221,-34.1471216441904,-54.8601214239292,-34.2738107637182,1.34636994210594,1.23001654365898,2022.93643850137,2023.05279189981,NA
849,262,0.233510463642009,-87.8222701623425,34.4903119621555,-86.4267263431267,39.7201986773429,1.35385201489527,1.12034155125326,2022.82676350896,2023.0602739726,PQ712401|A/Hawk/IN/23-003026-001-original/2023|H5N1|USA-IN|2023-01-23|wild_avian|B3.2
739,99,0.171099638799916,-86.6282031213624,-6.76448613944762,-77.045041,-12.1218839,1.35385201489527,1.18275237609535,2022.8891743338,2023.0602739726,OQ550474|A/South_American_Sea_Lion/Peru/LIM-SER036/2023|H5N1|Peru|2023-01-23|other_mammal|B3.2
721,245,0.161986671410891,-75.5847413703212,-19.6637171880477,-71.458889,-32.553611,1.35385201489527,1.19186534348437,2022.89828730119,2023.0602739726,EPI_ISL_17885983|A/pelican/Valparaiso/233450-1/2023|H5N1|Chile-Valparaiso|2023-01-23|wild_avian|B3.2
645,311,0.0570424425531777,-110.980233423142,34.3238521108616,-113.287415158669,36.0019655215404,1.35385201489527,1.29680957234209,2023.00323153005,2023.0602739726,PQ707105|A/Canada_goose/AZ/23-005233-001-original/2023|H5N1|USA-AZ|2023-01-23|wild_avian|B3.2
904,905,0.140014686019124,-119.559565648836,48.5735170538397,-118.97517481794,48.5992269597763,1.35489417754416,1.21487949152504,2022.92130144923,2023.06131613525,NA
726,727,0.0738882927802544,-72.3064559582801,-30.9332303560037,-73.1971506297336,-36.3513031715042,1.35539023540463,1.28150194262438,2022.98792390033,2023.06181219311,NA
690,691,0.0525630782287045,-70.9945877488433,-25.0129001258514,-69.8037423600082,-23.6884364709563,1.35615914357141,1.30359606534271,2023.01001802305,2023.06258110128,NA
1026,1027,0.11989599623017,-124.224727819958,43.1935804404282,-124.459808548278,43.2641938576056,1.35629288117255,1.23639688494238,2022.94281884265,2023.06271483888,NA
736,205,0.0125483833576783,-70.5755442097061,-32.9697334991447,-72.0222469572134,-34.4060493684107,1.35659174092262,1.34404335756494,2023.05046531527,2023.06301369863,EPI_ISL_17885915|A/Pelican/OHiggins/233663-1/2023|H5N1|Chile-OHiggins|2023-01-24|wild_avian|B3.2
756,757,0.027659742435397,-58.3638590940994,-31.4022994146471,-58.3615816529375,-31.4083398433014,1.3569463690079,1.32928662657251,2023.03570858428,2023.06336832672,NA
791,792,0.0175794752638017,-61.952921589048,-32.8194803780672,-59.8770887825885,-31.964739182075,1.35753190752239,1.33995243225859,2023.04637438997,2023.06395386523,NA
1012,434,0.701478910541755,-122.098771981148,48.5785836104461,-121.285742844021,38.5859096595274,1.35933146694998,0.657852556408226,2022.36427451412,2023.06575342466,PQ715713|A/Red-tailed_hawk/CA/23-004363-001-original/2023|H5N1|USA-CA|2023-01-25|wild_avian|B3.2
1008,401,0.151122565643555,-111.572942251124,49.7139642848654,-118.157756259131,52.5049183883303,1.35933146694998,1.20820890130643,2022.91463085901,2023.06575342466,PV304208|A/Black-Billed_Magpie/AB/FAV-0083-6-2023/2023|H5N1|Canada-AB|2023-01-25|wild_avian|B3.2
735,204,0.0173988815459003,-71.6454720666942,-33.3687985147499,-71.692778,-33.391111,1.35933146694998,1.34193258540408,2023.04835454311,2023.06575342466,EPI_ISL_17885982|A/pelican/Valparaiso/234040/2023|H5N1|Chile-Valparaiso|2023-01-25|wild_avian|B3.2
622,428,0.40428219373471,-116.481342401287,44.2027546108004,-118.815668590994,48.9912211702271,1.36207119297734,0.957788999242628,2022.66421095695,2023.06849315068,PQ717217|A/Sanderling/WA/23-004228-001-original/2023|H5N1|USA-WA|2023-01-26|wild_avian|B3.2
1124,546,0.357365377642458,-75.2589663365526,42.2228290689833,-73.9613020568135,40.6772157989948,1.36207119297734,1.00470581533488,2022.71112777304,2023.06849315068,PQ715305|A/Peregrine_falcon/NY/23-003717-001-original/2023|H5N1|USA-NY|2023-01-26|wild_avian|B3.2
980,369,0.1666751847586,-84.9306956952466,18.0566575105802,-83.8185680622388,10.6396400856737,1.36207119297734,1.19539600821874,2022.90181796593,2023.06849315068,EPI_ISL_16958548|A/falcon/Costa_Rica/INC-0001-D0377-23/2023|H5N1|Costa_Rica-Limon|2023-01-26|wild_avian|B3.2
841,197,0.166207993009632,-65.1970632768784,-17.4148065305181,-66.010482442261,-17.5408874807537,1.36207119297734,1.19586319996771,2022.90228515768,2023.06849315068,EPI_ISL_19410267|A/chicken/Cochabamba/39356/2023|H5N1|Bolivia-Cochabamba|2023-01-26|domestic_avian|B3.2
981,370,0.144665388108948,-82.6013762318653,13.4122625480317,-82.7324,9.6477,1.36207119297734,1.21740580486839,2022.92382776258,2023.06849315068,EPI_ISL_17965774|A/pelican/Costa_Rica/INC-0018-D0370-23/2023|H5N1|Costa_Rica-Limon|2023-01-26|wild_avian|B3.2
625,412,0.0985360062355412,-88.7744809527053,38.9462835488205,-83.087450107186,43.4368851484671,1.36207119297734,1.2635351867418,2022.96995714445,2023.06849315068,PQ715201|A/Peregrine_falcon/MI/23-003553-001-original/2023|H5N1|USA-MI|2023-01-26|wild_avian|B3.2
727,250,0.00668095757270759,-73.1971506297336,-36.3513031715042,-72.668056,-36.430833,1.36207119297734,1.35539023540463,2023.06181219311,2023.06849315068,EPI_ISL_17885918|A/Pelican/Nuble/233947-2/2023|H5N1|Chile-Nuble|2023-01-26|wild_avian|B3.2
968,345,0.140357471685564,-87.1237533834764,33.1508483391847,-101.00423279931,39.9348472882427,1.36481091900492,1.22445344731936,2022.93087540503,2023.07123287671,EPI_ISL_17424646|A/striped_skunk/Kansas/W23-094/2023|H5N1|USA-KS|2023-01-27|other_mammal|B3.2
1093,1094,0.168705173241368,-78.7108432980336,47.0093059749277,-68.6493705971723,44.1020643539043,1.36503642772947,1.1963312544881,2022.9027532122,2023.07145838544,NA
723,724,0.0476773757675195,-70.3375592559118,-25.1128248563635,-70.8336566839337,-25.048976140062,1.36558679253651,1.317909416769,2023.02433137448,2023.07200875024,NA
787,788,0.0624208153576236,-60.3870331006563,-33.0324871987286,-63.9529471114376,-32.2689995445896,1.36965461664591,1.30723380128828,2023.013655759,2023.07607657435,NA
891,84,0.0614914022608342,-114.493043434261,45.7561984718423,-114.481604363335,45.7531986939026,1.37303009708699,1.31153869482616,2023.01796065253,2023.07945205479,PQ715513|A/Raven/MT/23-003666-002-original/2023|H5N1|USA-MT|2023-01-30|wild_avian|B3.2
781,782,0.0387535220846331,-59.7789097311567,-33.9692224283248,-57.2953186624986,-34.3213939861022,1.37469285620795,1.33593933412332,2023.04236129183,2023.08111481392,NA
751,752,0.196799717856979,-59.6645895194019,-33.4337922380689,-71.0469703188739,-38.2835717195904,1.3748311566579,1.17803143880092,2022.88445339651,2023.08125311437,NA
619,409,0.205917933061711,-116.265695688176,42.8956398603326,-105.671838398393,40.2862527032108,1.37576982311435,1.16985189005264,2022.87627384776,2023.08219178082,PQ715953|A/Red-tailed_hawk/CO/23-004223-001-original/2023|H5N1|USA-CO|2023-01-31|wild_avian|B3.2
1108,506,0.106614299284673,-62.3683466260866,46.2593086336552,-62.9405996274712,46.2660206328524,1.37576982311435,1.26915552382968,2022.97557748154,2023.08219178082,PV302536|A/American_Crow/PE/FAV-0068-6-2023/2023|H5N1|Canada-PE|2023-01-31|wild_avian|B3.2
1110,508,0.066315906248366,-65.5846097302963,46.1928582745139,-63.3456624074284,46.2353709173425,1.37576982311435,1.30945391686599,2023.01587587457,2023.08219178082,PV302528|A/American_Crow/PE/FAV-0068-5-2023/2023|H5N1|Canada-PE|2023-01-31|wild_avian|B3.2
1094,498,0.0107333953848872,-68.6493705971723,44.1020643539043,-69.185646923289,44.7260190927228,1.37576982311435,1.36503642772947,2023.07145838544,2023.08219178082,PQ712785|A/Hooded_Merganser/ME/23-004172-006-original/2023|H5N1|USA-ME|2023-01-31|wild_avian|B3.2
639,33,0.924382649012841,-108.918837177675,45.8335655912048,-110.613758491973,51.0468808500057,1.37850954914171,0.454126900128869,2022.16054885784,2023.08493150685,PV318880|A/Striped_Skunk/AB/FAV-0085-1-2023/2023|H5N1|Canada-AB|2023-02-01|other_mammal|B3.2
1129,537,0.239409627404598,-75.846663325539,42.7318585593141,-75.1670002914667,48.4083693744649,1.37850954914171,1.13909992173711,2022.84552187944,2023.08493150685,PV301315|A/Duck/QC/FAV-0051-1-2023/2023|H5N1|Canada-QC|2023-02-01|domestic_avian|B3.2
1139,539,0.144251701492565,-76.4531169001637,42.413862542456,-73.9586148977378,40.820136069034,1.37850954914171,1.23425784764914,2022.94067980536,2023.08493150685,OR858836|A/Canada_goose/New_York/NYCVH-23-453/2023|H5N1|USA-NY|2023-02-01|wild_avian|B3.2
1094,499,0.0162128474398293,-68.6493705971723,44.1020643539043,-69.4920983302164,44.6290137486714,1.38124927516929,1.36503642772947,2023.07145838544,2023.08767123288,PQ712769|A/Hooded_Merganser/ME/23-004172-002-original/2023|H5N1|USA-ME|2023-02-02|wild_avian|B3.2
937,938,0.382933859011504,-95.460064347975,42.1517213212894,-109.497845195469,44.2293301841317,1.38257448843809,0.999640629426585,2022.70606258713,2023.08899644615,NA
746,747,0.154161037423056,-77.6643978835258,-12.6987100860598,-77.6630138542914,-12.6788494952579,1.38291304919131,1.22875201176825,2022.93517396948,2023.0893350069,NA
726,249,0.105226784599633,-72.3064559582801,-30.9332303560037,-69.2380663180724,-26.8683117991309,1.38672872722401,1.28150194262438,2022.98792390033,2023.09315068493,EPI_ISL_18760074|A/chicken/Atacama/235254-2/2023|H5N1|Chile-Atacama|2023-02-04|domestic_avian|B3.2
1027,442,0.0304358460514571,-124.459808548278,43.2641938576056,-123.873926578438,43.9858385752271,1.38672872722401,1.35629288117255,2023.06271483888,2023.09315068493,EPI_ISL_17964904|A/sanderling/Oregon/23-008234-001/2023|H5N1|USA-OR|2023-02-04|wild_avian|B3.2
1130,1132,0.23409758047764,-75.9239003621045,42.7746742733837,-74.0471466061593,47.5144669622632,1.3879903146435,1.15389273416586,2022.86031469187,2023.09441227235,NA
723,243,0.0715590364823715,-70.3375592559118,-25.1128248563635,-70.621944,-26.344444,1.38946845325137,1.317909416769,2023.02433137448,2023.09589041096,EPI_ISL_19151400|A/guanay_cormorant/Atacama/235520-1/2023|H5N1|Chile-Atacama|2023-02-05|wild_avian|B3.2
757,759,0.0335645034807306,-58.3615816529375,-31.4083398433014,-48.9488707453738,-31.1761677540999,1.39051087248864,1.3569463690079,2023.06336832672,2023.0969328302,NA
842,843,0.128459444668725,-62.5113436141747,-17.5856413162105,-65.7018194806185,-16.0346028200386,1.39069207216137,1.26223262749264,2022.9686545852,2023.09711402987,NA
903,60,0.325619964257713,-118.420030684154,48.0819347433338,-116.9270203368,49.5896222832185,1.39220817927872,1.06658821502101,2022.77301017273,2023.09863013699,EPI_ISL_18665510|A/Dunlin/BC/AIVPHL-940/2023|H5N1|Canada-BC|2023-02-06|wild_avian|B3.2
1093,501,0.195876924790627,-78.7108432980336,47.0093059749277,-71.9526555903621,41.5851945426993,1.39220817927872,1.1963312544881,2022.9027532122,2023.09863013699,EPI_ISL_19490418|A/mallard/Connecticut/23-004773-001-original2/2023|H5N1|USA-CT|2023-02-06|wild_avian|B3.2
825,830,0.102063410289766,-69.7385815521005,-37.0368902994705,-71.4151152604844,-38.2973707450669,1.39406171596602,1.29199830567625,2022.99842026338,2023.10048367367,NA
731,211,0.221442206385123,-75.8708103035107,-12.4497205017322,-76.507071,-12.91786123,1.39494790530608,1.17350569892096,2022.87992765663,2023.10136986301,OQ925725|A/south_american_sea_lion/Peru/AQP-SER00K/2023|H5N1|Peru|2023-02-07|other_mammal|B3.2
843,196,0.00425583314471201,-65.7018194806185,-16.0346028200386,-66.1138898062084,-17.1079489045428,1.39494790530608,1.39069207216137,2023.09711402987,2023.10136986301,EPI_ISL_19410269|A/chicken/Cochabamba/39425/2023|H5N1|Bolivia-Cochabamba|2023-02-07|domestic_avian|B3.2
792,793,0.0384328758079104,-59.8770887825885,-31.964739182075,-59.6665273588558,-31.5209327011658,1.3959647833303,1.35753190752239,2023.06395386523,2023.10238674104,NA
788,790,0.026688590456251,-63.9529471114376,-32.2689995445896,-64.5995919079142,-32.3066851372213,1.39634320710216,1.36965461664591,2023.07607657435,2023.10276516481,NA
742,98,0.245979826492939,-79.9349332745582,-5.68165338349976,-75.1961831,-12.0621201,1.39768763133367,1.15170780484073,2022.85812976255,2023.10410958904,OQ547431|A/Panthera_leo/Peru/AIS0554/2023|H5N1|Peru|2023-02-08|feline|B3.2
691,692,0.0418605969891601,-69.8037423600082,-23.6884364709563,-72.5790213475147,-22.4551921975569,1.39801974056057,1.35615914357141,2023.06258110128,2023.10444169827,NA
788,789,0.0353687518231491,-63.9529471114376,-32.2689995445896,-70.1705410750096,-34.7977100334861,1.40502336846905,1.36965461664591,2023.07607657435,2023.11144532618,NA
748,101,0.360976223560332,-71.6387141256102,-27.8812262978525,-65.9707,-22.4027,1.40590680941574,1.04493058585541,2022.75135254356,2023.11232876712,EPI_ISL_18698459|A/Goose/Argentina/389-1/2023|H5N1|Argentina-Jujuy|2023-02-11|domestic_avian|B3.2
692,693,0.00867860546033938,-72.5790213475147,-22.4551921975569,-68.3900271967744,-26.4925344923505,1.40669834602091,1.39801974056057,2023.10444169827,2023.11312030373,NA
759,760,0.0208380402348203,-48.9488707453738,-31.1761677540999,-43.68732527987,-24.3197406605314,1.41134891272346,1.39051087248864,2023.0969328302,2023.11777087043,NA
957,361,0.18295778889348,-78.0815614250285,40.4258825196206,-71.5825923809771,41.5467811297593,1.41138626147068,1.2284284725772,2022.93485043028,2023.11780821918,PQ714409|A/Mute_Swan/RI/23-007092-001-original/2023|H5N1|USA-RI|2023-02-13|wild_avian|B3.2
736,206,0.0673429039057356,-70.5755442097061,-32.9697334991447,-72.95,-36.616667,1.41138626147068,1.34404335756494,2023.05046531527,2023.11780821918,EPI_ISL_18760061|A/pelican/Bio_Bio/236574/2023|H5N1|Chile-Biobio|2023-02-13|wild_avian|B3.2
917,303,0.456502807837528,-107.658784183889,50.5539325249718,-112.516949162184,50.5759490717704,1.41412598749804,0.95762317966051,2022.66404513737,2023.12054794521,PV318888|A/Striped_Skunk/AB/FAV-0085-2-2023/2023|H5N1|Canada-AB|2023-02-14|other_mammal|B3.2
1005,397,0.407945417858801,-139.622264637415,60.5664349682437,-122.544915444058,38.4125495973692,1.41412598749804,1.00618056963924,2022.71260252735,2023.12054794521,EPI_ISL_17964878|A/red-tailed_hawk/California/23-006644-003/2023|H5N1|USA-CA|2023-02-14|wild_avian|B3.2
1038,455,0.261542505471859,-108.111621928037,43.4945076446766,-109.008220458816,38.1596983047606,1.41412598749804,1.15258348202618,2022.85900543973,2023.12054794521,EPI_ISL_17964858|A/Cooper_s_s_hawk/Colorado/23-005617-001/2023|H5N1|USA-CO|2023-02-14|wild_avian|B3.2
1047,470,0.076029939265859,-122.763127119398,37.840225244561,-122.454141242085,37.7785007420007,1.41412598749804,1.33809604823218,2023.04451800594,2023.12054794521,EPI_ISL_17964856|A/sanderling/California/23-005401-001/2023|H5N1|USA-CA|2023-02-14|wild_avian|B3.2
830,831,0.0211058578667385,-71.4151152604844,-38.2973707450669,-70.8369860821879,-38.940246491225,1.41516757383276,1.39406171596602,2023.10048367367,2023.12158953154,NA
729,244,0.25380820442555,-70.0863916482606,-22.1967310747281,-71.2761230529803,-37.252316344092,1.4168657135254,1.16305750909985,2022.86947946681,2023.12328767123,EPI_ISL_19410300|A/gull/Biobio/237012/2023|H5N1|Chile-Biobio|2023-02-15|wild_avian|B3.2
904,68,0.204725948027712,-119.559565648836,48.5735170538397,-120.050244606241,49.057606055205,1.41960543955275,1.21487949152504,2022.92130144923,2023.12602739726,PV319152|A/Striped_Skunk/BC/FAV-0091-1-2023/2023|H5N1|Canada-BC|2023-02-16|other_mammal|B3.2
1111,515,0.221170808904285,-62.9860855326659,46.292896041861,-62.5570126344194,46.0674659944145,1.42234516558011,1.20117435667582,2022.90759631438,2023.12876712329,PV302560|A/American_Crow/PE/FAV-0086-1-2023/2023|H5N1|Canada-PE|2023-02-17|wild_avian|B3.2
817,192,0.195120429551956,-69.0595243037513,-32.7755812211514,-63.7935806638057,-32.0777502376668,1.42508489160747,1.22996446205551,2022.93638641976,2023.13150684931,EPI_ISL_18698462|A/Chicken/Argentina/477-5/2023|H5N1|Argentina-Cordoba|2023-02-18|domestic_avian|B3.2
838,108,0.157875249879165,-52.642080641165,-33.7640399959164,-54.568,-34.798,1.42508489160747,1.2672096417283,2022.97363159944,2023.13150684931,OR381588|A/Black-necked_swan/Uruguay/014-M3/2023|H5N1|Uruguay-Rocha|2023-02-18|wild_avian|B3.2
891,85,0.113546196781307,-114.493043434261,45.7561984718423,-108.533386285188,39.2625488218372,1.42508489160747,1.31153869482616,2023.01796065253,2023.13150684931,EPI_ISL_17964882|A/red-tailed_hawk/Colorado/23-006671-001/2023|H5N1|USA-CO|2023-02-18|wild_avian|B3.2
1137,541,0.0885684057105762,-72.0030912851589,41.7079344509739,-71.6962447649135,42.358598913582,1.42508489160747,1.33651648589689,2023.0429384436,2023.13150684931,EPI_ISL_19736845|A/canada_goose/Massachusetts/015884-006/2023|H5N1|USA-MA|2023-02-18|wild_avian|B3.2
1036,1037,0.0890635933438957,-95.9160159112618,45.4509537495137,-96.4539022774985,42.8319438741735,1.42548415197102,1.33642055862713,2023.04284251633,2023.13190610968,NA
1112,514,0.108937642683483,-59.4969352853913,46.5331977452727,-61.4277554599842,45.4817049178885,1.42782461763505,1.31888697495157,2023.02530893266,2023.13424657534,PV306320|A/Canada_Goose/NS/FAV-0088-4-2023/2023|H5N1|Canada-NS|2023-02-19|wild_avian|B3.2
815,111,0.124252072454543,-63.2675138896411,-32.18085931695,-63.19509047,-32.09246308,1.43056434366241,1.30631227120787,2023.01273422892,2023.13698630137,EPI_ISL_18698471|A/Chicken/Argentina/501-1/2023|H5N1|Argentina-Cordoba|2023-02-20|domestic_avian|B3.2
783,152,0.105558462763289,-64.028435730705,-43.5024123943521,-60.5518314263291,-36.6815517720419,1.43056434366241,1.32500588089912,2023.03142783861,2023.13698630137,EPI_ISL_18698469|A/Chicken/Argentina/491-2/2023|H5N1|Argentina-Buenos_Aires|2023-02-20|domestic_avian|B3.2
839,107,0.14992203992648,-55.6137778356379,-34.6053329525967,-61.46188,-32.28761,1.43330406968977,1.28338202976329,2022.98980398747,2023.1397260274,EPI_ISL_18698476|A/Chicken/Argentina/509-2/2023|H5N1|Argentina-Santa_Fe|2023-02-21|domestic_avian|B3.2
821,185,0.12440586826835,-68.0482461516349,-33.8002202447387,-66.88304,-33.24245,1.43604379571712,1.31163792744877,2023.01805988516,2023.14246575342,EPI_ISL_18698480|A/Chicken/Argentina/559-8/2023|H5N1|Argentina-San_Luis|2023-02-22|domestic_avian|B3.2
724,241,0.0704570031806098,-70.8336566839337,-25.048976140062,-70.3837427909843,-23.651615385783,1.43604379571712,1.36558679253651,2023.07200875024,2023.14246575342,EPI_ISL_19131156|A/Inca_tern/Antofagasta/238083/2023|H5N1|Chile-Antofagasta|2023-02-22|wild_avian|B3.2
838,109,0.171573880016179,-52.642080641165,-33.7640399959164,-65.64608,-39.39435,1.43878352174448,1.2672096417283,2022.97363159944,2023.14520547945,EPI_ISL_18698482|A/Chicken/Argentina/578-2/2023|H5N1|Argentina-Rio_Negro|2023-02-23|domestic_avian|B3.2
1135,544,0.153494033959969,-73.0043778783805,42.4515167491931,-72.6967755883558,42.3881582328669,1.43878352174448,1.28528948778451,2022.99171144549,2023.14520547945,EPI_ISL_19736766|A/canada_goose/Massachusetts/015884-009/2023|H5N1|USA-MA|2023-02-23|wild_avian|B3.2
795,176,0.101645715412868,-61.8057565100997,-34.9808987334132,-60.5378126139643,-36.6882927039701,1.43878352174448,1.33713780633161,2023.04355976404,2023.14520547945,EPI_ISL_18698478|A/Chicken/Argentina/556-6/2023|H5N1|Argentina-Buenos_Aires|2023-02-23|domestic_avian|B3.2
727,251,0.0833932863398514,-73.1971506297336,-36.3513031715042,-72.5570741577128,-35.8044643425867,1.43878352174448,1.35539023540463,2023.06181219311,2023.14520547945,EPI_ISL_17885973|A/South_American_tern/Maule/238507/2023|H5N1|Chile-Maule|2023-02-23|wild_avian|B3.2
823,824,0.118131594698978,-70.175887632861,-33.280143360847,-67.0757107553183,-34.3148651330897,1.44108857655093,1.32295698185195,2023.02937893956,2023.14751053426,NA
720,254,0.163856276481175,-70.4393957668947,-19.3875573588019,-71.53328,-32.78174,1.44152324777184,1.27766697129066,2022.984088929,2023.14794520548,EPI_ISL_19131163|A/Peruvean_booby/Valparaiso/238535/2023|H5N1|Chile-Valparaiso|2023-02-24|wild_avian|B3.2
760,761,0.0335547501900146,-43.68732527987,-24.3197406605314,-42.0651691054847,-23.243353700602,1.44490366291347,1.41134891272346,2023.11777087043,2023.15132562062,NA
1106,512,0.292110697986713,-64.0413928415753,47.0308855434262,-64.1082474884257,46.8618303009861,1.44974242585414,1.15763172786743,2022.86405368557,2023.15616438356,PV307384|A/Canada_Goose/PE/FAV-0096-3-2023/2023|H5N1|Canada-PE|2023-02-27|wild_avian|B3.2
830,177,0.0556807098881209,-71.4151152604844,-38.2973707450669,-72.2881,-36.6761,1.44974242585414,1.39406171596602,2023.10048367367,2023.15616438356,EPI_ISL_17885878|A/chicken/Nuble/239136/2023|H5N1|Chile-Nuble|2023-02-27|domestic_avian|B3.2
1137,1138,0.114784140493907,-72.0030912851589,41.7079344509739,-71.6187558290867,42.1149884269007,1.4513006263908,1.33651648589689,2023.0429384436,2023.1577225841,NA
752,113,0.077650995223598,-71.0469703188739,-38.2835717195904,-72.9758,-38.7934,1.4524821518815,1.3748311566579,2023.08125311437,2023.15890410959,EPI_ISL_17885958|A/chicken/Araucania/239189-2/2023|H5N1|Chile-Araucania|2023-02-28|domestic_avian|B3.2
796,797,0.11414779103506,-63.1473335223849,-33.7143469668566,-38.1155181871923,-52.5411660788831,1.45489575078335,1.34074795974829,2023.04716991746,2023.16131770849,NA
693,715,0.0483995033327318,-68.3900271967744,-26.4925344923505,-70.5375499184973,-18.2657887994444,1.45509784935364,1.40669834602091,2023.11312030373,2023.16151980706,NA
722,240,0.221472750297816,-76.2352559377588,-20.9236835601453,-71.343333,-29.953056,1.45522187790885,1.23374912761104,2022.94017108532,2023.16164383562,EPI_ISL_19131162|A/Inca_tern/Coquimbo/239619/2023|H5N1|Chile-Coquimbo|2023-03-01|wild_avian|B3.2
1132,536,0.0672315632653504,-74.0471466061593,47.5144669622632,-76.5752695581282,46.4019748450769,1.45522187790885,1.3879903146435,2023.09441227235,2023.16164383562,PV301712|A/American_Black_Duck/QC/FAV-0115-3-2023/2023|H5N1|Canada-QC|2023-03-01|wild_avian|B3.2
1037,445,0.0324774519654154,-96.4539022774985,42.8319438741735,-93.2438270881362,42.0326739365172,1.45796160393644,1.42548415197102,2023.13190610968,2023.16438356164,EPI_ISL_17964890|A/American_crow/Iowa/23-007468-001/2023|H5N1|USA-IA|2023-03-02|wild_avian|B3.2
783,784,0.133574370306591,-64.028435730705,-43.5024123943521,-68.3256915785382,-38.9145314114788,1.45858025120571,1.32500588089912,2023.03142783861,2023.16500220891,NA
626,414,0.198993363118331,-107.150967670952,40.188396233675,-107.498005955382,40.5859734719383,1.4607013299638,1.26170796684546,2022.96812992455,2023.16712328767,EPI_ISL_17964907|A/great_horned_owl/Colorado/23-007822-001/2023|H5N1|USA-CO|2023-03-03|wild_avian|B3.2
842,194,0.198468702471151,-62.5113436141747,-17.5856413162105,-64.5119042060088,-17.1259062118806,1.4607013299638,1.26223262749264,2022.9686545852,2023.16712328767,EPI_ISL_19418487|A/chicken/Cochabamba/39539/2023|H5N1|Bolivia-Cochabamba|2023-03-03|domestic_avian|B3.2
635,422,0.188049776547818,-108.11111404714,39.8034657144033,-111.787985862804,41.3194517311003,1.4607013299638,1.27265155341598,2022.97907351112,2023.16712328767,EPI_ISL_17964896|A/American_crow/Utah/23-007867-006/2023|H5N1|USA-UT|2023-03-03|wild_avian|B3.2
820,188,0.147285268268432,-69.9032511843157,-34.0967786018322,-55.8419,-32.3924,1.4607013299638,1.31341606169536,2023.0198380194,2023.16712328767,OR381596|A/Backyard_chicken/Uruguay/040-M5/2023|H5N1|Uruguay-Tacuarembo|2023-03-03|domestic_avian|B3.2
781,124,0.124761995840478,-59.7789097311567,-33.9692224283248,-57.8241,-38.04594,1.4607013299638,1.33593933412332,2023.04236129183,2023.16712328767,EPI_ISL_18698494|A/Chicken/Argentina/736-1/2023|H5N1|Argentina-Buenos_Aires|2023-03-03|domestic_avian|B3.2
691,239,0.104542186392383,-69.8037423600082,-23.6884364709563,-70.3010487314224,-18.4631239017513,1.4607013299638,1.35615914357141,2023.06258110128,2023.16712328767,EPI_ISL_17885978|A/Sanderling/Arica_y_Parinacota/240265/2023|H5N1|Chile-Arica|2023-03-03|wild_avian|B3.2
900,71,0.260611602931465,-84.0120590065252,34.6537528917011,-80.616710803239,32.8143509222848,1.46344105599115,1.20282945305969,2022.90925141077,2023.1698630137,EPI_ISL_17964901|A/bald_eagle/South_Carolina/23-008111-001/2023|H5N1|USA-SC|2023-03-04|wild_avian|B3.2
786,122,0.159411187948307,-60.2559511214873,-33.1603859068903,-61.026789,-31.281576,1.46344105599115,1.30402986804285,2023.01045182575,2023.1698630137,EPI_ISL_18698497|A/Turkey/Argentina/753-1/2023|H5N1|Argentina-Santa_Fe|2023-03-04|domestic_avian|B3.2
1138,543,0.0121404296003544,-71.6187558290867,42.1149884269007,-71.5041477189058,42.6057752620471,1.46344105599115,1.4513006263908,2023.1577225841,2023.1698630137,EPI_ISL_19736913|A/canada_goose/Massachusetts/015884-014/2023|H5N1|USA-MA|2023-03-04|wild_avian|B3.2
693,694,0.0585965282508001,-68.3900271967744,-26.4925344923505,-66.9789892291877,-29.8071697532824,1.46529487427171,1.40669834602091,2023.11312030373,2023.17171683198,NA
1036,447,0.129760223391383,-95.9160159112618,45.4509537495137,-93.4752209961658,42.0767682741599,1.46618078201851,1.33642055862713,2023.04284251633,2023.17260273973,EPI_ISL_17964893|A/American_crow/Iowa/23-007781-002/2023|H5N1|USA-IA|2023-03-05|wild_avian|B3.2
734,207,0.205414465290786,-76.1409041712553,-15.6123400115816,-71.5819407395835,-36.66906186532,1.46892050804587,1.26350604275508,2022.96992800046,2023.17534246575,EPI_ISL_17885877|A/chicken/Nuble/240155/2023|H5N1|Chile-Nuble|2023-03-06|domestic_avian|B3.2
822,189,0.151499279722725,-66.3590076815619,-34.9218083882066,-72.5733722700888,-35.7857113889504,1.46892050804587,1.31742122832314,2023.02384318603,2023.17534246575,EPI_ISL_17885849|A/Black_Skimmer/Maule/240379/2023|H5N1|Chile-Maule|2023-03-06|wild_avian|B3.2
724,242,0.103333715509353,-70.8336566839337,-25.048976140062,-71.833333,-33.95,1.46892050804587,1.36558679253651,2023.07200875024,2023.17534246575,EPI_ISL_17885967|A/Blackish_oystercatcher/OHiggins/240628/2023|H5N1|Chile-OHiggins|2023-03-06|wild_avian|B3.2
715,237,0.0165623847195815,-70.5375499184973,-18.2657887994444,-70.699826,-18.137864,1.47166023407323,1.45509784935364,2023.16151980706,2023.17808219178,EPI_ISL_17777531|A/sea_lion/Peru/TAC-INS-010/2023|H5N1|Peru-Tacna|2023-03-07|other_mammal|B3.2
715,238,0.0165623847195815,-70.5375499184973,-18.2657887994444,-70.30376039,-17.64664722,1.47166023407323,1.45509784935364,2023.16151980706,2023.17808219178,EPI_ISL_17777532|A/sea_lion/Peru/TAC-INS-011/2023|H5N1|Peru-Tacna|2023-03-07|other_mammal|B3.2
840,105,0.188225612645805,-55.5832884400315,-34.5682875014691,-65.096,-32.389,1.47713968612817,1.28891407348236,2022.99533603119,2023.18356164384,EPI_ISL_18698731|A/Chicken/Argentina/895-1/2023|H5N1|Argentina-San_Luis|2023-03-09|domestic_avian|B3.2
790,118,0.0807964790260112,-64.5995919079142,-32.3066851372213,-72.0207067051362,-34.3995010462745,1.47713968612817,1.39634320710216,2023.10276516481,2023.18356164384,EPI_ISL_17885965|A/Chiloe_wigeon/OHiggins/240893-2/2023|H5N1|Chile-OHiggins|2023-03-09|wild_avian|B3.2
905,906,0.123003034766623,-118.97517481794,48.5992269597763,-124.118897190944,49.926263225138,1.47789721231079,1.35489417754416,2023.06131613525,2023.18431917002,NA
625,411,0.216344225413728,-88.7744809527053,38.9462835488205,-84.7624059278262,42.6668380644505,1.47987941215552,1.2635351867418,2022.96995714445,2023.18630136986,EPI_ISL_19490438|A/chicken/Michigan/23-008143-002-original/2023|H5N1|USA-MI|2023-03-10|domestic_avian|B3.2
827,180,0.139678817017308,-71.4542960059901,-36.8905425833815,-72.09428,-36.689629,1.47987941215552,1.34020059513822,2023.04662255285,2023.18630136986,EPI_ISL_17885873|A/chicken/Nuble/241681-1/2023|H5N1|Chile-Nuble|2023-03-10|domestic_avian|B3.2
1131,533,0.312171730936808,-75.5898384778968,37.3167574170444,-91.7004195034503,52.1815605390147,1.48261913818288,1.17044740724607,2022.87686936495,2023.18904109589,PV302264|A/American_Crow/ON/FAV-0118-1-2023/2023|H5N1|Canada-ON|2023-03-11|wild_avian|B3.2
938,939,0.100499495950904,-109.497845195469,44.2293301841317,-112.810071742385,44.1467307634308,1.48307398438899,1.38257448843809,2023.08899644615,2023.1894959421,NA
831,178,0.0729310164048407,-70.8369860821879,-38.940246491225,-70.37928,-38.556134,1.4880985902376,1.41516757383276,2023.12158953154,2023.19452054795,EPI_ISL_18698502|A/Chicken/Argentina/919-3/2023|H5N1|Argentina-Neuquen|2023-03-13|domestic_avian|B3.2
694,236,0.0228037159658849,-66.9789892291877,-29.8071697532824,-69.93163954,-27.38183161,1.4880985902376,1.46529487427171,2023.17171683198,2023.19452054795,EPI_ISL_19391462|A/sea_lion/Atacama/242444-1/2023|H5N1|Chile-Atacama|2023-03-13|other_mammal|B3.2
1141,526,0.348598730178534,-83.6333202346325,42.4421220368049,-92.077205608361,38.1111143889536,1.49083831626518,1.14223958608665,2022.84866154379,2023.19726027397,EPI_ISL_19490458|A/chicken/Missouri/23-008296-003-original/2023|H5N1|USA-MO|2023-03-14|domestic_avian|B3.2
671,268,0.548345836586758,-102.203831301328,44.6548969637471,-96.4425970073046,39.8900274321881,1.49357804229254,0.945232205705781,2022.65165416341,2023.2,EPI_ISL_17964913|A/red-tailed_hawk/Kansas/23-009211-001/2023|H5N1|USA-KS|2023-03-15|wild_avian|B3.2
893,78,0.36326942186744,-107.776410897958,45.9072745636239,-103.171175564562,40.9370513109611,1.49357804229254,1.1303086204251,2022.83673057813,2023.2,EPI_ISL_17964906|A/red-tailed_hawk/Colorado/23-008901-001/2023|H5N1|USA-CO|2023-03-15|wild_avian|B3.2
974,338,0.294727845350436,-89.9752936126361,34.6631202567225,-88.4715709649183,34.0764060872489,1.49357804229254,1.1988501969421,2022.90527215465,2023.2,EPI_ISL_19490462|A/chicken/Mississippi/23-008358-002-original/2023|H5N1|USA-MS|2023-03-15|domestic_avian|B3.2
840,106,0.204663968810177,-55.5832884400315,-34.5682875014691,-55.7469,-34.5713,1.49357804229254,1.28891407348236,2022.99533603119,2023.2,OR381676|A/Black-necked_swan/Uruguay/078-M2/2023|H5N1|Uruguay-Canelones|2023-03-15|wild_avian|B3.2
747,92,0.113404719128589,-77.6630138542914,-12.6788494952579,-76.4126869836775,-12.8817012366085,1.4963177683199,1.38291304919131,2023.0893350069,2023.20273972603,EPI_ISL_17777527|A/gull/Peru/LIM-INS-006/2023|H5N1|Peru-Lima|2023-03-16|wild_avian|B3.2
824,187,0.0552291917689685,-67.0757107553183,-34.3148651330897,-64.31648,-36.69454,1.4963177683199,1.44108857655093,2023.14751053426,2023.20273972603,EPI_ISL_18698504|A/Chicken/Argentina/1035-1/2023|H5N1|Argentina-La_Pampa|2023-03-16|domestic_avian|B3.2
681,198,0.395604097797607,-76.9744091976774,-11.7013718779004,-77.118870665669,-12.0649849250317,1.49905749434725,1.10345339654965,2022.80987535426,2023.20547945205,EPI_ISL_17777528|A/peruvian_booby/Peru/CAL-INS-007/2023|H5N1|Peru-Callao|2023-03-17|wild_avian|B3.2
746,91,0.270305482579003,-77.6643978835258,-12.6987100860598,-77.149763740525,-12.053051302942,1.49905749434725,1.22875201176825,2022.93517396948,2023.20547945205,EPI_ISL_17777530|A/guanay_cormorant/Peru/CAL-INS-009/2023|H5N1|Peru-Callao|2023-03-17|wild_avian|B3.2
761,763,0.0564156821873274,-42.0651691054847,-23.243353700602,-42.0201216978452,-24.2830616509967,1.5013193451008,1.44490366291347,2023.15132562062,2023.20774130281,NA
763,764,0.00259709947850628,-42.0201216978452,-24.2830616509967,-42.6165766336364,-23.6218901521738,1.5039164445793,1.5013193451008,2023.20774130281,2023.21033840229,NA
690,213,0.200940881059488,-70.9945877488433,-25.0129001258514,-71.4293542,-32.69895,1.5045369464022,1.30359606534271,2023.01001802305,2023.21095890411,EPI_ISL_18760069|A/sea_lion/Valparaiso/SJCEIRR-2431361/2023|H5N1|Chile-Valparaiso|2023-03-19|other_mammal|B3.2
1018,461,0.555348806244995,-124.297555477943,50.9783936973281,-121.159219065468,50.4499857530663,1.50727667242955,0.951927866184559,2022.65834982389,2023.21369863014,EPI_ISL_18665556|A/Barred_Owl/BC/AIVPHL-1008/2023|H5N1|Canada-BC|2023-03-20|wild_avian|B3.2
789,115,0.102253303960499,-70.1705410750096,-34.7977100334861,-70.736834530584,-33.6708743720865,1.50727667242955,1.40502336846905,2023.11144532618,2023.21369863014,EPI_ISL_18760060|A/chicken/Metropolitana/243148-1/2023|H5N1|Chile-Metropolitana|2023-03-20|domestic_avian|B3.2
1109,509,0.219833889990889,-64.2513861282714,47.0149044859594,-64.1290661704315,46.6675238452542,1.51001639845691,1.29018250846602,2022.99660446617,2023.21643835616,PV319272|A/Striped_Skunk/PE/FAV-0123-1-2023/2023|H5N1|Canada-PE|2023-03-21|other_mammal|B3.2
1110,507,0.200562481590925,-65.5846097302963,46.1928582745139,-64.5664069250467,45.5622474796325,1.51001639845691,1.30945391686599,2023.01587587457,2023.21643835616,PV302152|A/American_Crow/NS/FAV-0122-1-2023/2023|H5N1|Canada-NS|2023-03-21|wild_avian|B3.2
831,179,0.0948488246241546,-70.8369860821879,-38.940246491225,-70.37815,-38.55845,1.51001639845691,1.41516757383276,2023.12158953154,2023.21643835616,EPI_ISL_18698505|A/Chicken/Argentina/1147-2/2023|H5N1|Argentina-Neuquen|2023-03-21|domestic_avian|B3.2
1101,517,0.55994418173367,-72.1963265295707,49.7318022494884,-63.5955521095268,46.519425494614,1.51275612448427,0.952811942750599,2022.65923390046,2023.21917808219,PV302640|A/American_Crow/PE/FAV-0121-1-2023/2023|H5N1|Canada-PE|2023-03-22|wild_avian|B3.2
1004,398,0.512942908738098,-139.458437247639,60.4037934427186,-119.271613497423,46.057496688797,1.51549585051163,1.00255294177353,2022.70897489948,2023.22191780822,EPI_ISL_17964920|A/Western_screech_owl/Washington/23-010027-001/2023|H5N1|USA-WA|2023-03-23|wild_avian|B3.2
1132,535,0.13024526189548,-74.0471466061593,47.5144669622632,-90.4239928403584,55.7666797797222,1.51823557653898,1.3879903146435,2023.09441227235,2023.22465753425,PV302336|A/American_Crow/ON/FAV-0149-2-2023/2023|H5N1|Canada-ON|2023-03-24|wild_avian|B3.2
692,214,0.12021583597841,-72.5790213475147,-22.4551921975569,-70.38642,-23.61671,1.51823557653898,1.39801974056057,2023.10444169827,2023.22465753425,PQ295907|A/Antofagasta/25945/2023|H5N1|Chile-Antofagasta|2023-03-24|human|B3.2
828,183,0.21616650740646,-71.746444173536,-37.4565202350623,-72.28213908,-38.70947038,1.52097530256657,1.30480879516011,2023.01123075287,2023.22739726027,EPI_ISL_18760073|A/chicken/Araucania/244469/2023|H5N1|Chile-Araucania|2023-03-25|domestic_avian|B3.2
1035,446,0.196858880327748,-96.0336403701784,45.612708835471,-93.844719063574,45.2656295726091,1.52371502859393,1.32685614826618,2023.03327810597,2023.2301369863,EPI_ISL_17964919|A/red-tailed_hawk/Minnesota/23-010018-001/2023|H5N1|USA-MN|2023-03-26|wild_avian|B3.2
998,396,0.74414775813481,-134.282102870494,62.9786617518223,-128.600213500482,58.1408539801415,1.52645475462128,0.782306996486473,2022.48872895419,2023.23287671233,PV319168|A/Striped_Skunk/BC/FAV-0173-1-2023/2023|H5N1|Canada-BC|2023-03-27|other_mammal|B3.2
796,175,0.185706794872988,-63.1473335223849,-33.7143469668566,-61.92956,-33.73278,1.52645475462128,1.34074795974829,2023.04716991746,2023.23287671233,EPI_ISL_18698506|A/Chicken/Argentina/1200-1/2023|H5N1|Argentina-Santa_Fe|2023-03-27|domestic_avian|B3.2
887,77,0.409353608207386,-103.936214906312,40.9934831365652,-116.421795725005,43.3782302550606,1.52919448064864,1.11984087244125,2022.82626283015,2023.23561643836,EPI_ISL_17964927|A/great_horned_owl/Idaho/23-011169-003/2023|H5N1|USA-ID|2023-03-28|wild_avian|B3.2
893,79,0.404365312278255,-107.776410897958,45.9072745636239,-98.7247717279597,41.0041220101581,1.53467393270335,1.1303086204251,2022.83673057813,2023.24109589041,EPI_ISL_17821770|A/cat/Nebraska/23-010184-001/2023|H5N1|USA-NE|2023-03-30|feline|B3.2
1047,471,0.196577884471176,-122.763127119398,37.840225244561,-122.4884296315,37.6777369382896,1.53467393270335,1.33809604823218,2023.04451800594,2023.24109589041,EPI_ISL_17964933|A/peregrine_falcon/California/23-011277-001/2023|H5N1|USA-CA|2023-03-30|wild_avian|B3.2
789,116,0.1296505642343,-70.1705410750096,-34.7977100334861,-70.7069256373954,-32.0561904985186,1.53467393270335,1.40502336846905,2023.11144532618,2023.24109589041,EPI_ISL_19410286|A/turkey/Valparaiso/245886-5/2023|H5N1|Chile-Valparaiso|2023-03-30|domestic_avian|B3.2
1138,542,0.0833733063125561,-71.6187558290867,42.1149884269007,-71.1133038331742,42.2655052937875,1.53467393270335,1.4513006263908,2023.1577225841,2023.24109589041,SRR29740507|A/canada_goose/Massachusetts/23-015884-019/2023||USA-MA|2023-03-30|wild_avian|B3.2
761,762,0.0925065772595315,-42.0651691054847,-23.243353700602,-40.274477991723,-20.1735363700205,1.537410240173,1.44490366291347,2023.15132562062,2023.24383219788,NA
1017,462,0.65497719701321,-124.424177034967,52.4141886176128,-119.985252423119,40.4289258379758,1.53741365873094,0.88243646171773,2022.58885841943,2023.24383561644,EPI_ISL_17964944|A/red-tailed_hawk/Nevada/23-012114-001/2023|H5N1|USA-NV|2023-03-31|wild_avian|B3.2
834,110,0.348938902206455,-57.5915852673049,-33.9276293235475,-59.03253,-35.08456,1.53741365873094,1.18847475652448,2022.89489671423,2023.24383561644,EPI_ISL_18698507|A/Chicken/Argentina/1340-2/2023|H5N1|Argentina-Buenos_Aires|2023-03-31|domestic_avian|B3.2
824,186,0.0963250821800115,-67.0757107553183,-34.3148651330897,-58.67021,-27.39907,1.53741365873094,1.44108857655093,2023.14751053426,2023.24383561644,EPI_ISL_18698508|A/Turkey/Argentina/1348-3/2023|H5N1|Argentina-Corrientes|2023-03-31|domestic_avian|B3.2
784,153,0.0870525856073008,-68.3256915785382,-38.9145314114788,-64.413895,-38.888405,1.54563283681301,1.45858025120571,2023.16500220891,2023.25205479452,EPI_ISL_18698510|A/Chicken/Argentina/1416-3/2023|H5N1|Argentina|2023-04-03|domestic_avian|B3.2
856,297,0.670599558773211,-108.163131576717,58.5409453456308,-92.3757676612484,42.5118793474171,1.54837256284037,0.877773004067158,2022.58419496177,2023.25479452055,EPI_ISL_17964923|A/American_crow/Iowa/23-010832-002/2023|H5N1|USA-IA|2023-04-04|wild_avian|B3.2
1123,547,0.619272384070369,-80.137747385429,43.8801580878375,-77.9138549805159,51.8694425905217,1.54837256284037,0.92910017877,2022.63552213648,2023.25479452055,PV304152|A/Barred_Owl/QC/FAV-0248-1-2023/2023|H5N1|Canada-QC|2023-04-04|wild_avian|B3.2
1006,403,0.378290518318533,-113.100761916903,49.8931815427014,-112.403968942309,50.6868323619047,1.55111228886773,1.17282177054919,2022.87924372826,2023.25753424658,PV301473|A/Striped_Skunk/AB/FAV-0188-1-2023/2023|H5N1|Canada-AB|2023-04-05|other_mammal|B3.2
829,184,0.235831625668244,-71.6766978291141,-37.5451895445901,-71.8830560268902,-36.1314318756049,1.55659174092267,1.32076011525443,2023.02718207296,2023.26301369863,EPI_ISL_19410280|A/chicken/Maule/247588-1/2023|H5N1|Chile-Maule|2023-04-07|domestic_avian|B3.2
752,114,0.18176058426477,-71.0469703188739,-38.2835717195904,-71.6376357239741,-38.0429877289208,1.55659174092267,1.3748311566579,2023.08125311437,2023.26301369863,EPI_ISL_19418491|A/buff-necked_ibis/Bio_bio/247636-1/2023|H5N1|Chile-Biobio|2023-04-07|wild_avian|B3.2
1043,458,0.348017407815719,-105.455583435209,40.2741703078206,-105.701225686999,40.5381296293044,1.56481091900474,1.21679351118902,2022.9232154689,2023.27123287671,EPI_ISL_17964934|A/turkey_vulture/Colorado/23-011447-001/2023|H5N1|USA-CO|2023-04-10|wild_avian|B3.2
1037,444,0.139326767033718,-96.4539022774985,42.8319438741735,-94.0179464607266,42.1045343366856,1.56481091900474,1.42548415197102,2023.13190610968,2023.27123287671,EPI_ISL_17964928|A/hawk/Iowa/23-011213-001/2023|H5N1|USA-IA|2023-04-10|wild_avian|B3.2
873,50,0.541550627221482,-89.0614916146483,49.2805862884917,-96.8696491777382,43.616867097515,1.56755064503233,1.02600001781084,2022.73242197552,2023.27397260274,EPI_ISL_17964942|A/red-tailed_hawk/South_Dakota/23-012031-001/2023|H5N1|USA-SD|2023-04-11|wild_avian|B3.2
739,90,0.387537994964334,-86.6282031213624,-6.76448613944762,-77.744885,-10.7953673,1.57029037105968,1.18275237609535,2022.8891743338,2023.27671232877,EPI_ISL_17777533|A/peruvian_booby/Peru/LIM-INS-012/2023|H5N1|Peru-Lima|2023-04-12|wild_avian|B3.2
1007,400,0.370206262218346,-111.579701712764,49.6983048280139,-111.609876710227,45.7325187877477,1.57029037105968,1.20008410884134,2022.90650606655,2023.27671232877,EPI_ISL_17964939|A/great_horned_owl/Montana/23-011850-001/2023|H5N1|USA-MT|2023-04-12|wild_avian|B3.2
797,156,0.115394620276328,-38.1155181871923,-52.5411660788831,-65.08174,-42.7996,1.57029037105968,1.45489575078335,2023.16131770849,2023.27671232877,EPI_ISL_18698511|A/Chicken/Argentina/1530-3/2023|H5N1|Argentina-Chubut|2023-04-12|domestic_avian|B3.2
1127,532,0.486857770170566,-74.9104474091885,43.0882429580147,-73.8663369912611,42.1385124403376,1.57303009708704,1.08617232691647,2022.79259428462,2023.27945205479,EPI_ISL_17964945|A/red-shouldered_hawk/New_York/23-012563-001/2023|H5N1|USA-NY|2023-04-13|wild_avian|B3.2
1027,441,0.216737215914488,-124.459808548278,43.2641938576056,-124.356761738338,43.1803731143578,1.57303009708704,1.35629288117255,2023.06271483888,2023.27945205479,EPI_ISL_17964941|A/sanderling/Oregon/23-011964-001/2023|H5N1|USA-OR|2023-04-13|wild_avian|B3.2
757,758,0.216543624333557,-58.3615816529375,-31.4083398433014,-56.4069714780349,-34.6481650232736,1.57348999334146,1.3569463690079,2023.06336832672,2023.27991195105,NA
626,413,0.319541308323648,-107.150967670952,40.188396233675,-111.221883558986,47.2450849833442,1.58124927516911,1.26170796684546,2022.96812992455,2023.28767123288,EPI_ISL_17964974|A/Cooper_s_hawk/Montana/23-016105-001/2023|H5N1|USA-MT|2023-04-16|wild_avian|B3.2
793,121,0.185284491838814,-59.6665273588558,-31.5209327011658,-56.6724,-34.5526,1.58124927516911,1.3959647833303,2023.10238674104,2023.28767123288,OR381660|A/Backyard_duck/Uruguay/124-M3/2023|H5N1|Uruguay-San_Jose|2023-04-16|domestic_avian|B3.2
871,52,0.750135392467478,-98.3130548718726,49.3760797810678,-114.228906171471,49.6875165110739,1.5839890011967,0.833853608729219,2022.54027556644,2023.2904109589,PV318928|A/Striped_Skunk/AB/FAV-0188-2-2023/2023|H5N1|Canada-AB|2023-04-17|other_mammal|B3.2
816,193,0.369308111902825,-70.7069871007869,-27.8086617496321,-69.071,-45.326,1.5839890011967,1.21468088929387,2022.921102847,2023.2904109589,EPI_ISL_19137653|A/Seagull/Sarmiento/1651-4/2023|H5N1|Argentina-Sarmiento|2023-04-17|wild_avian|B3.2
829,182,0.263228885942272,-71.6766978291141,-37.5451895445901,-72.18606,-51.51924,1.5839890011967,1.32076011525443,2023.02718207296,2023.2904109589,EPI_ISL_18698513|A/Turkey/Argentina/1710-1/2023|H5N1|Argentina-Santa_Cruz|2023-04-17|domestic_avian|B3.2
758,127,0.0104990078552358,-56.4069714780349,-34.6481650232736,-56.129042927481,-34.7618779763655,1.5839890011967,1.57348999334146,2023.27991195105,2023.2904109589,OR381636|A/Backyard_chicken/Uruguay/127-M1/2023|H5N1|Uruguay-Montevideo|2023-04-17|domestic_avian|B3.2
758,128,0.0104990078552358,-56.4069714780349,-34.6481650232736,-56.1117459734274,-34.7613136298374,1.5839890011967,1.57348999334146,2023.27991195105,2023.2904109589,OR381644|A/Backyard_chicken/Uruguay/127-M4/2023|H5N1|Uruguay-Montevideo|2023-04-17|domestic_avian|B3.2
619,410,0.416876837171414,-116.265695688176,42.8956398603326,-116.201129446277,43.2258375837275,1.58672872722405,1.16985189005264,2022.87627384776,2023.29315068493,EPI_ISL_17964949|A/barn_owl/Idaho/23-013072-001/2023|H5N1|USA-ID|2023-04-18|wild_avian|B3.2
939,358,0.103654742835062,-112.810071742385,44.1467307634308,-116.165126003812,43.6779463065924,1.58672872722405,1.48307398438899,2023.1894959421,2023.29315068493,EPI_ISL_17964950|A/barn_owl/Idaho/23-013072-002/2023|H5N1|USA-ID|2023-04-18|wild_avian|B3.2
892,80,0.488471345400292,-109.464514082147,42.7440943469944,-104.690335262472,42.3262284606816,1.58946845325141,1.10099710785112,2022.80741906556,2023.29589041096,EPI_ISL_17964953|A/turkey_vulture/Wyoming/23-013715-001/2023|H5N1|USA-WY|2023-04-19|wild_avian|B3.2
1031,452,0.376727521212049,-104.977531644849,43.5041021456323,-105.234963639016,43.187536152353,1.58946845325141,1.21274093203936,2022.91916288975,2023.29589041096,EPI_ISL_17964946|A/turkey_vulture/Wyoming/23-012565-001/2023|H5N1|USA-WY|2023-04-19|wild_avian|B3.2
1040,454,0.345958177957022,-111.627990707315,42.0017495836994,-111.63225616774,41.9053772321789,1.58946845325141,1.24351027529439,2022.949932233,2023.29589041096,EPI_ISL_17964947|A/turkey_vulture/Utah/23-012747-001/2023|H5N1|USA-UT|2023-04-19|wild_avian|B3.2
820,191,0.276052391556048,-69.9032511843157,-34.0967786018322,-68.778496,-34.10899,1.58946845325141,1.31341606169536,2023.0198380194,2023.29589041096,EPI_ISL_18698512|A/Chicken/Argentina/1708-1/2023|H5N1|Argentina-Mendoza|2023-04-19|domestic_avian|B3.2
790,117,0.193125246149256,-64.5995919079142,-32.3066851372213,-58.25909,-28.36806,1.58946845325141,1.39634320710216,2023.10276516481,2023.29589041096,EPI_ISL_18698515|A/Duck/Argentina/1712-5/2023|H5N1|Argentina-Corrientes|2023-04-19|domestic_avian|B3.2
681,199,0.488754782729123,-76.9744091976774,-11.7013718779004,-76.99026,-12.211929,1.59220817927877,1.10345339654965,2022.80987535426,2023.29863013699,EPI_ISL_19070288|A/Calidris_alba/Lima/Villa01/2023___this_|H5N1|Peru-Lima|2023-04-20|wild_avian|B3.2
1141,525,0.452708319219479,-83.6333202346325,42.4421220368049,-78.8966194984497,48.1251280282682,1.59494790530613,1.14223958608665,2022.84866154379,2023.30136986301,PV321400|A/Turkey/QC/FAV-0168-3A-2023/2023|H5N1|Canada-QC|2023-04-21|domestic_avian|B3.2
1112,513,0.276060930354558,-59.4969352853913,46.5331977452727,-62.8350516347491,46.2019069746054,1.59494790530613,1.31888697495157,2023.02530893266,2023.30136986301,PV319312|A/Striped_Skunk/PE/FAV-0179-1-2023/2023|H5N1|Canada-PE|2023-04-21|other_mammal|B3.2
794,155,0.272268543282835,-59.225649120758,-34.543738571218,-60.5382244221528,-36.6894761012732,1.59494790530613,1.32267936202329,2023.02910131973,2023.30136986301,EPI_ISL_18698516|A/Avian/Argentina/1762-2/2023|H5N1|Argentina-Buenos_Aires|2023-04-21|wild_avian|B3.2
784,154,0.144586832182716,-68.3256915785382,-38.9145314114788,-68.29917,-38.95667,1.60316708338843,1.45858025120571,2023.16500220891,2023.3095890411,EPI_ISL_18698517|A/Avian/Argentina/1790-5/2023|H5N1|Argentina|2023-04-24|wild_avian|B3.2
656,281,0.64238794838394,-94.3455810150673,35.3194902629882,-111.473850395887,41.5031967115588,1.61412598749808,0.971738039114144,2022.67815999682,2023.32054794521,EPI_ISL_17964960|A/turkey_vulture/Utah/23-014334-001/2023|H5N1|USA-UT|2023-04-28|wild_avian|B3.2
792,123,0.264813258057767,-59.8770887825885,-31.964739182075,-59.02865,-27.41668,1.62234516558016,1.35753190752239,2023.06395386523,2023.32876712329,EPI_ISL_18698518|A/Chicken/Argentina/1976-2/2023|H5N1|Argentina-Chaco|2023-05-01|domestic_avian|B3.2
660,278,0.622258855730141,-81.083860400673,17.3665630000676,-94.4980313375209,55.5221587246829,1.62508489160751,1.00282603587737,2022.70924799358,2023.33150684932,PV317808|A/Snow_Goose/MB/FAV-0258-2-2023/2023|H5N1|Canada-MB|2023-05-02|wild_avian|B3.2
827,181,0.287624022496653,-71.4542960059901,-36.8905425833815,-58.265809,-25.36837,1.62782461763487,1.34020059513822,2023.04662255285,2023.33424657534,EPI_ISL_18698732|A/Chicken/Argentina/2016-2/2023|H5N1|Argentina-Formosa|2023-05-03|domestic_avian|B3.2
836,103,0.281454675528927,-54.8601214239292,-34.2738107637182,-54.0993,-33.69,1.62782461763487,1.34636994210594,2023.05279189981,2023.33424657534,OR381652|A/Backyard_chicken/Uruguay/144-M3/2023|H5N1|Uruguay-Rocha|2023-05-03|domestic_avian|B3.2
833,102,0.486843366378064,-57.1477664318656,-34.9777353114856,-58.89526,-34.49607,1.63056434366246,1.14372097728439,2022.85014293499,2023.33698630137,EPI_ISL_18698519|A/Chicken/Argentina/1984-4/2023|H5N1|Argentina-Buenos_Aires|2023-05-04|domestic_avian|B3.2
823,190,0.310347087837862,-70.175887632861,-33.280143360847,-68.32124,-38.97202,1.63330406968981,1.32295698185195,2023.02937893956,2023.3397260274,EPI_ISL_18698520|A/Chicken/Argentina/2034-5/2023|H5N1|Argentina-Neuquen|2023-05-05|domestic_avian|B3.2
764,765,0.146686117268765,-42.6165766336364,-23.6218901521738,-44.1377403492723,-25.5107876670048,1.65060256184807,1.5039164445793,2023.21033840229,2023.35702451956,NA
635,423,0.379830598465564,-108.11111404714,39.8034657144033,-104.628701646218,39.8798655486763,1.65248215188154,1.27265155341598,2022.97907351112,2023.35890410959,EPI_ISL_19490439|A/ferruginous_hawk/Colorado/23-015630-001-original/2023|H5N1|USA-CO|2023-05-12|wild_avian|B3.2
938,360,0.269907663443453,-109.497845195469,44.2293301841317,-112.892840525616,53.5118570473597,1.65248215188154,1.38257448843809,2023.08899644615,2023.35890410959,PV318944|A/Striped_Skunk/AB/FAV-0272-2-2023/2023|H5N1|Canada-AB|2023-05-12|other_mammal|B3.2
760,129,0.249352417240158,-43.68732527987,-24.3197406605314,-40.35964,-20.33124,1.66070132996361,1.41134891272346,2023.11777087043,2023.36712328767,OR269887|A/Thalasseus_acuflavidus/EspiritoSanto/1339_N2/2023|H5N1|Brazil-ES|2023-05-15|wild_avian|B3.2
815,112,0.362608236838046,-63.2675138896411,-32.18085931695,-60.41444,-31.99194,1.66892050804591,1.30631227120787,2023.01273422892,2023.37534246575,EPI_ISL_18698524|A/Chicken/Argentina/2305-1/2023|H5N1|Argentina-Entre_Rios|2023-05-18|domestic_avian|B3.2
630,416,0.677823140485782,-115.848208430736,47.6367730023935,-111.717329310129,43.5614086438051,1.67439996010063,0.996576819614846,2022.70299877732,2023.38082191781,EPI_ISL_17964981|A/great_horned_owl/Idaho/23-017158-001/2023|H5N1|USA-ID|2023-05-20|wild_avian|B3.2
1001,407,0.672982113898864,-140.462146729848,62.4020197513523,-134.958280493546,59.3365140454906,1.68261913818293,1.00963702428406,2022.71605898199,2023.38904109589,EPI_ISL_18665595|A/Cooper_s_Hawk/BC/AIVPHL-1125/2023|H5N1|Canada-BC|2023-05-23|wild_avian|B3.2
694,695,0.217991959807204,-66.9789892291877,-29.8071697532824,-62.759172620487,-33.8523706412102,1.68328683407892,1.46529487427171,2023.17171683198,2023.38970879179,NA
906,907,0.209534225672402,-124.118897190944,49.926263225138,-126.249445187853,47.8745940377517,1.68743143798319,1.47789721231079,2023.18431917002,2023.39385339569,NA
762,131,0.153428076091998,-40.274477991723,-20.1735363700205,-40.2694,-20.1544,1.690838316265,1.537410240173,2023.24383219788,2023.39726027397,OR853704|A/Megascops_choliba/Serra/1409-N/2023|H5N1|Brazil-ES|2023-05-26|wild_avian|B3.2
764,132,0.20883967990501,-42.6165766336364,-23.6218901521738,-43.06116,-22.95947,1.71275612448431,1.5039164445793,2023.21033840229,2023.41917808219,OR420092|A/Fregata_magnificens/RJ/1532-N/2023|H5N1|Brazil-RJ|2023-06-03|wild_avian|B3.2
905,67,0.363341398994864,-118.97517481794,48.5992269597763,-118.467753090606,50.6524495193962,1.71823557653903,1.35489417754416,2023.06131613525,2023.42465753425,PV315624|A/Peregrine_Falcon/BC/FAV-0256-2-2023/2023|H5N1|Canada-BC|2023-06-05|wild_avian|B3.2
763,150,0.216916231438231,-42.0201216978452,-24.2830616509967,-45.074222,-23.431739,1.71823557653903,1.5013193451008,2023.20774130281,2023.42465753425,OR853751|A/Thalasseus_maximus/Ubatuba/1546-N/2023|H5N1|Brazil-SP|2023-06-05|wild_avian|B3.2
843,195,0.330283230405017,-65.7018194806185,-16.0346028200386,-66.9558060532927,-19.6539620217905,1.72097530256639,1.39069207216137,2023.09711402987,2023.42739726027,EPI_ISL_19410299|A/chicken/Potosi/39870/2023|H5N1|Bolivia-Potosi|2023-06-06|domestic_avian|B3.2
759,151,0.333204156105335,-48.9488707453738,-31.1761677540999,-40.941583,-20.99954,1.72371502859397,1.39051087248864,2023.0969328302,2023.4301369863,OR889491|A/Buteogallus_urubitinga/Itapemirim/1630-SC/2023|H5N1|Brazil-ES|2023-06-07|wild_avian|B3.2
765,766,0.0865923176098216,-44.1377403492723,-25.5107876670048,-46.341631994184,-25.0690565890102,1.73719487945789,1.65060256184807,2023.35702451956,2023.44361683717,NA
782,126,0.365460528550392,-57.2953186624986,-34.3213939861022,-57.947197,-35.089,1.74015338475834,1.37469285620795,2023.08111481392,2023.44657534247,EPI_ISL_18698527|A/Chicken/Argentina/2796-2/2023|H5N1|Argentina-Buenos_Aires|2023-06-13|domestic_avian|B3.2
907,908,0.0553269820570057,-126.249445187853,47.8745940377517,-124.666571809957,47.2226832208995,1.7427584200402,1.68743143798319,2023.39385339569,2023.44918037775,NA
