node1,node2,length,startLon,startLat,endLon,endLat,endNodeL,startNodeL,startYear,endYear,tipLabel
583,10,0.586875865925473,-102.062102190811,47.5484800010036,-95.1849773864976,51.1474933832064,0.586875865925473,0,2021.8651789286,2022.45205479452,PV309736|A/Domestic_bird/MB/FAV-0716-5-2022/2022|H5N1|Canada-MB|2022-06-15|domestic_avian|B3.2
583,584,0.0530971733009236,-102.062102190811,47.5484800010036,-97.2826770352085,47.4398593815036,0.0530971733009236,0,2021.8651789286,2021.9182761019,NA
584,1051,0.0042624673759617,-97.2826770352085,47.4398593815036,-96.8531819192902,46.9717819083947,0.0573596406768853,0.0530971733009236,2021.9182761019,2021.92253856927,NA
1051,1052,0.00445896472836793,-96.8531819192902,46.9717819083947,-97.5436424206231,46.9308176531293,0.0618186054052532,0.0573596406768853,2021.92253856927,2021.926997534,NA
1052,1053,0.0189766068922119,-97.5436424206231,46.9308176531293,-96.7848935032117,47.1904749711699,0.0807952122974651,0.0618186054052532,2021.926997534,2021.94597414089,NA
1053,1054,0.00155235955352984,-96.7848935032117,47.1904749711699,-96.898566612187,47.1067190327062,0.082347571850995,0.0807952122974651,2021.94597414089,2021.94752650045,NA
1054,1055,0.0142485525463973,-96.898566612187,47.1067190327062,-98.720990692566,48.5206849610147,0.0965961243973923,0.082347571850995,2021.94752650045,2021.96177505299,NA
1053,1160,0.0323617266300023,-96.7848935032117,47.1904749711699,-92.3003331170657,45.8878776880896,0.113156938927467,0.0807952122974651,2021.94597414089,2021.97833586752,NA
1055,1070,0.0201255941650671,-98.720990692566,48.5206849610147,-99.2147132032984,48.1329122292959,0.116721718562459,0.0965961243973923,2021.96177505299,2021.98190064716,NA
1070,1071,0.0285115458564427,-99.2147132032984,48.1329122292959,-99.3943144800061,44.9023902797669,0.145233264418902,0.116721718562459,2021.98190064716,2022.01041219301,NA
1054,1145,0.0653831038540647,-96.898566612187,47.1067190327062,-97.1027486229896,46.8316224895793,0.14773067570506,0.082347571850995,2021.94752650045,2022.0129096043,NA
1071,1072,0.00582959044777454,-99.3943144800061,44.9023902797669,-96.538219575566,45.4162072311801,0.151062854866677,0.145233264418902,2022.01041219301,2022.01624178346,NA
1145,1148,0.00671211747761902,-97.1027486229896,46.8316224895793,-97.1228413928759,46.6628344806109,0.154442793182679,0.14773067570506,2022.0129096043,2022.01962172178,NA
1160,1162,0.0570068547794667,-92.3003331170657,45.8878776880896,-99.1703089258752,59.7325958552361,0.170163793706934,0.113156938927467,2021.97833586752,2022.0353427223,NA
584,585,0.13135665159095,-97.2826770352085,47.4398593815036,-101.243216847387,46.13895803328,0.184453824891873,0.0530971733009236,2021.9182761019,2022.04963275349,NA
585,1049,0.0102195022278493,-101.243216847387,46.13895803328,-102.384844866393,45.6175412748769,0.194673327119723,0.184453824891873,2022.04963275349,2022.05985225571,NA
1055,1056,0.100023840788364,-98.720990692566,48.5206849610147,-99.7785892631315,48.8757566691512,0.196619965185756,0.0965961243973923,2021.96177505299,2022.06179889378,NA
1070,1144,0.0815618254134893,-99.2147132032984,48.1329122292959,-98.8872579393585,47.0360514978621,0.198283543975949,0.116721718562459,2021.98190064716,2022.06346247257,NA
1148,1151,0.0487141472738739,-97.1228413928759,46.6628344806109,-110.533175442102,42.8866175498636,0.203156940456553,0.154442793182679,2022.01962172178,2022.06833586905,NA
1151,1153,0.0114630219736416,-110.533175442102,42.8866175498636,-113.867749742176,45.9816886716651,0.214619962430194,0.203156940456553,2022.06833586905,2022.07979889103,NA
1148,1149,0.06861208564015,-97.1228413928759,46.6628344806109,-97.2439727396218,51.1421079501091,0.223054878822829,0.154442793182679,2022.01962172178,2022.08823380742,NA
1072,1073,0.0733646129928958,-96.538219575566,45.4162072311801,-92.4773964216778,44.6300120967055,0.224427467859572,0.151062854866677,2022.01624178346,2022.08960639645,NA
1162,1163,0.055401970786642,-99.1703089258752,59.7325958552361,-95.4300215630808,54.4622037570116,0.225565764493576,0.170163793706934,2022.0353427223,2022.09074469309,NA
1073,1074,0.00701089486352124,-92.4773964216778,44.6300120967055,-92.8699170241384,44.6422194746529,0.231438362723094,0.224427467859572,2022.08960639645,2022.09661729132,NA
1151,1152,0.0441865788166065,-110.533175442102,42.8866175498636,-111.12306275253,41.6837836814641,0.247343519273159,0.203156940456553,2022.06833586905,2022.11252244787,NA
1153,1155,0.0330704662926529,-113.867749742176,45.9816886716651,-112.053227993461,41.7041675238655,0.247690428722847,0.214619962430194,2022.07979889103,2022.11286935732,NA
1073,1089,0.0233567739222327,-92.4773964216778,44.6300120967055,-95.3713638832004,48.284869183569,0.247784241781805,0.224427467859572,2022.08960639645,2022.11296317038,NA
1074,1075,0.0168599227670083,-92.8699170241384,44.6422194746529,-90.926546917899,42.1890021945925,0.248298285490102,0.231438362723094,2022.09661729132,2022.11347721409,NA
1056,1057,0.053349875875278,-99.7785892631315,48.8757566691512,-98.848728891843,51.8886088447425,0.249969841061034,0.196619965185756,2022.06179889378,2022.11514876966,NA
585,586,0.0713171279274394,-101.243216847387,46.13895803328,-109.989418056788,49.2150691354928,0.255770952819313,0.184453824891873,2022.04963275349,2022.12094988141,NA
586,589,0.00036481019978174,-109.989418056788,49.2150691354928,-109.806662690408,48.7202171023443,0.256135763019095,0.255770952819313,2022.12094988141,2022.12131469161,NA
589,675,0.0042940316417388,-109.806662690408,48.7202171023443,-109.980180880268,48.4585962981551,0.260429794660833,0.256135763019095,2022.12131469161,2022.12560872326,NA
1057,1059,0.0129053703092121,-98.848728891843,51.8886088447425,-97.4952029475614,49.9404997223196,0.262875211370246,0.249969841061034,2022.11514876966,2022.12805413997,NA
1160,1161,0.150709083207818,-92.3003331170657,45.8878776880896,-92.5543871765915,45.8114674412806,0.263866022135286,0.113156938927467,2021.97833586752,2022.12904495073,NA
1075,1076,0.017280853930977,-90.926546917899,42.1890021945925,-89.1277649937061,40.2606835653781,0.265579139421079,0.248298285490102,2022.11347721409,2022.13075806802,NA
1149,1150,0.0489101524111102,-97.2439727396218,51.1421079501091,-97.3031094091169,50.8311311006032,0.271965031233939,0.223054878822829,2022.08823380742,2022.13714395983,NA
1059,1063,0.0169009616847444,-97.4952029475614,49.9404997223196,-100.830602043357,49.8967237022975,0.279776173054991,0.262875211370246,2022.12805413997,2022.14495510165,NA
1059,1060,0.0191118398501913,-97.4952029475614,49.9404997223196,-98.4357947782008,48.949501747845,0.281987051220438,0.262875211370246,2022.12805413997,2022.14716597982,NA
1060,1061,0.0000548484464228949,-98.4357947782008,48.949501747845,-98.5017297396374,48.8796831722087,0.282041899666861,0.281987051220438,2022.14716597982,2022.14722082826,NA
675,676,0.0225290692674092,-109.980180880268,48.4585962981551,-109.990374195955,48.41777376596,0.282958863928243,0.260429794660833,2022.12560872326,2022.14813779252,NA
1063,1064,0.00320681657948452,-100.830602043357,49.8967237022975,-96.0626540107668,50.8032307447309,0.282982989634475,0.279776173054991,2022.14495510165,2022.14816191823,NA
1057,1058,0.0350240262816954,-98.848728891843,51.8886088447425,-97.6588938701975,51.9644119686932,0.28499386734273,0.249969841061034,2022.11514876966,2022.15017279594,NA
589,590,0.0307931835531368,-109.806662690408,48.7202171023443,-118.731563157072,49.142103959872,0.286928946572231,0.256135763019095,2022.12131469161,2022.15210787517,NA
586,587,0.0350409256195068,-109.989418056788,49.2150691354928,-108.662452052349,53.0638085877022,0.29081187843882,0.255770952819313,2022.12094988141,2022.15599080703,NA
676,677,0.0151406916045276,-109.990374195955,48.41777376596,-109.786758557981,48.0206279653253,0.29809955553277,0.282958863928243,2022.14813779252,2022.16327848413,NA
590,591,0.0118696557884466,-118.731563157072,49.142103959872,-119.088236995496,49.011803753834,0.298798602360678,0.286928946572231,2022.15210787517,2022.16397753096,NA
1060,1062,0.0170410136232566,-98.4357947782008,48.949501747845,-99.8595172233891,52.5134432249218,0.299028064843694,0.281987051220438,2022.14716597982,2022.16420699344,NA
591,592,0.000475894259750476,-119.088236995496,49.011803753834,-119.753210947091,49.1230321548796,0.299274496620428,0.298798602360678,2022.16397753096,2022.16445342522,NA
1049,1050,0.106255440093896,-102.384844866393,45.6175412748769,-94.1852604199529,45.5713914795876,0.300928767213619,0.194673327119723,2022.05985225571,2022.16610769581,NA
1089,1090,0.0546822952885817,-95.3713638832004,48.284869183569,-93.3405181997211,44.6235109778399,0.302466537070387,0.247784241781805,2022.11296317038,2022.16764546567,NA
592,649,0.00579432627927723,-119.753210947091,49.1230321548796,-119.596257779504,49.0615988695977,0.305068822899706,0.299274496620428,2022.16445342522,2022.17024775149,NA
1064,1067,0.0260820812929632,-96.0626540107668,50.8032307447309,-98.0271745555737,50.4703873522785,0.309065070927439,0.282982989634475,2022.14816191823,2022.17424399952,NA
592,593,0.0111292340915754,-119.753210947091,49.1230321548796,-121.87460005721,49.1893403662029,0.310403730712004,0.299274496620428,2022.16445342522,2022.17558265931,NA
1064,1065,0.0322090198950891,-96.0626540107668,50.8032307447309,-97.8952193200588,44.117709369104,0.315192009529564,0.282982989634475,2022.14816191823,2022.18037093812,NA
1056,1068,0.130055114295089,-99.7785892631315,48.8757566691512,-102.86484757965,52.4560831100466,0.326675079480845,0.196619965185756,2022.06179889378,2022.19185400808,NA
587,588,0.0365828297386352,-108.662452052349,53.0638085877022,-110.769630907351,51.6650532490811,0.327394708177455,0.29081187843882,2022.15599080703,2022.19257363677,NA
1075,1078,0.0876992508713523,-90.926546917899,42.1890021945925,-93.5156555757306,46.4749825416404,0.335997536361454,0.248298285490102,2022.11347721409,2022.20117646496,NA
1074,1081,0.11561525291844,-92.8699170241384,44.6422194746529,-85.6739531340612,43.1760889119951,0.347053615641534,0.231438362723094,2022.09661729132,2022.21223254424,NA
1061,570,0.0664778018751084,-98.5017297396374,48.8796831722087,-95.9260732040996,47.6647832601999,0.348519701541969,0.282041899666861,2022.14722082826,2022.21369863014,SRR24839471|A/haliaeetus_leucocephalus/Minnesota/AH0144539/2022|H5N1|USA-MN|2022-03-20|wild_avian|B3.2
1076,1077,0.0844504161463964,-89.1277649937061,40.2606835653781,-91.6263488872497,45.1683070061188,0.350029555567475,0.265579139421079,2022.13075806802,2022.21520848416,NA
1065,577,0.036067418039762,-97.8952193200588,44.117709369104,-97.7816341329924,43.5434687987642,0.351259427569326,0.315192009529564,2022.18037093812,2022.21643835616,OQ966412|A/Turkey/South_Dakota/22-008485-001/2022|H5N1|USA-SD|2022-03-21|domestic_avian|B3.2
1144,579,0.155715609620735,-98.8872579393585,47.0360514978621,-97.8283753414265,44.5249236790761,0.353999153596684,0.198283543975949,2022.06346247257,2022.21917808219,EPI_ISL_11971487|A/chicken/South_Dakota/22-008704-002/2022|H5N1|USA-SD|2022-03-22|domestic_avian|B3.2
1071,493,0.211505615205139,-99.3943144800061,44.9023902797669,-98.721359194502,47.3874992534929,0.356738879624041,0.145233264418902,2022.01041219301,2022.22191780822,OQ963444|A/Ross_s_goose/North_Dakota/22-009481-019/2022|H5N1|USA-NC|2022-03-23|wild_avian|B3.2
1058,573,0.0717450122813115,-97.6588938701975,51.9644119686932,-99.0031741985576,47.5028859577207,0.356738879624041,0.28499386734273,2022.15017279594,2022.22191780822,OQ964276|A/Snow_Goose/North_Dakota/22-009481-003/2022|H5N1|USA-NC|2022-03-23|wild_avian|B3.2
1078,1079,0.0253005733180678,-93.5156555757306,46.4749825416404,-89.8434694734424,44.5893237741693,0.361298109679522,0.335997536361454,2022.20117646496,2022.22647703827,NA
593,598,0.0524266063593344,-121.87460005721,49.1893403662029,-121.11321075014,53.2678552784984,0.362830337071338,0.310403730712004,2022.17558265931,2022.22800926567,NA
590,658,0.0767335261291966,-118.731563157072,49.142103959872,-120.941935708906,50.5790392016507,0.363662472701428,0.286928946572231,2022.15210787517,2022.2288414013,NA
598,599,0.00601006257274372,-121.11321075014,53.2678552784984,-120.842043779758,52.684233755291,0.368840399644082,0.362830337071338,2022.22800926567,2022.23401932824,NA
599,611,0.00105355367030047,-120.842043779758,52.684233755291,-121.259706756142,52.9439590995756,0.369893953314382,0.368840399644082,2022.23401932824,2022.23507288191,NA
1079,1080,0.0088509102449934,-89.8434694734424,44.5893237741693,-89.4327068111978,45.3525718388616,0.370149019924515,0.361298109679522,2022.22647703827,2022.23532794852,NA
1090,549,0.0707106987180262,-93.3405181997211,44.6235109778399,-93.2615162216273,44.6410369159409,0.373177235788413,0.302466537070387,2022.16764546567,2022.23835616438,OQ957668|A/American_Crow/Minnesota/22-009668-001/2022|H5N1|USA-MN|2022-03-29|wild_avian|B3.2
677,678,0.0758685986933152,-109.786758557981,48.0206279653253,-105.938941255681,45.9084474515573,0.373968154226085,0.29809955553277,2022.16327848413,2022.23914708282,NA
1068,1069,0.0479708546563145,-102.86484757965,52.4560831100466,-101.261503677629,51.7279424122889,0.37464593413716,0.326675079480845,2022.19185400808,2022.23982486273,NA
678,742,0.0012919289855513,-105.938941255681,45.9084474515573,-106.10430231715,45.914587497734,0.375260083211637,0.373968154226085,2022.23914708282,2022.24043901181,NA
678,679,0.00180156875145121,-105.938941255681,45.9084474515573,-105.012919322212,46.1713517792634,0.375769722977537,0.373968154226085,2022.23914708282,2022.24094865157,NA
742,743,0.00182977834263109,-106.10430231715,45.914587497734,-105.852474191615,47.1202989995638,0.377089861554268,0.375260083211637,2022.24043901181,2022.24226879015,NA
649,650,0.075372869549879,-119.596257779504,49.0615988695977,-121.915513268663,46.3057307139007,0.380441692449585,0.305068822899706,2022.17024775149,2022.24562062104,NA
679,681,0.0053712511044357,-105.012919322212,46.1713517792634,-104.842492712149,46.2144603597973,0.381140974081972,0.375769722977537,2022.24094865157,2022.24631990268,NA
681,682,0.000544342186447722,-104.842492712149,46.2144603597973,-104.894053462626,46.1979809718164,0.38168531626842,0.381140974081972,2022.24631990268,2022.24686424486,NA
650,651,0.00165573630230131,-121.915513268663,46.3057307139007,-122.045759873118,45.7236326844112,0.382097428751886,0.380441692449585,2022.24562062104,2022.24727635735,NA
611,612,0.0156593219772567,-121.259706756142,52.9439590995756,-121.491273642153,52.7867638252909,0.385553275291639,0.369893953314382,2022.23507288191,2022.25073220389,NA
1080,563,0.0167268460009118,-89.4327068111978,45.3525718388616,-89.591743031577,45.3704187263706,0.386875865925427,0.370149019924515,2022.23532794852,2022.25205479452,SRR24843021|A/lophodytes_cucullatus/Wisconsin/AH0211463/2022|H5N1|USA-WI|2022-04-03|wild_avian|B3.2
681,739,0.00734449067863574,-104.842492712149,46.2144603597973,-104.988141335669,45.9250237076943,0.388485464760608,0.381140974081972,2022.24631990268,2022.25366439336,NA
651,652,0.0113000452608309,-122.045759873118,45.7236326844112,-118.307869801568,41.387120677186,0.393397474012717,0.382097428751886,2022.24727635735,2022.25857640261,NA
743,744,0.0197354562516154,-105.852474191615,47.1202989995638,-107.106189530022,43.6436760449022,0.396825317805883,0.377089861554268,2022.24226879015,2022.2620042464,NA
1150,490,0.128609464828503,-97.3031094091169,50.8311311006032,-100.357568259945,55.8859391500081,0.400574496062442,0.271965031233939,2022.13714395983,2022.26575342466,PV317784|A/Snow_Goose/MB/FAV-0227-3-2022/2022|H5N1|Canada-MB|2022-04-08|wild_avian|B3.2
593,594,0.0939655652730851,-121.87460005721,49.1893403662029,-122.545568505894,49.3375335713185,0.404369295985089,0.310403730712004,2022.17558265931,2022.26954822458,NA
743,949,0.0290337392351305,-105.852474191615,47.1202989995638,-106.639525825537,46.5142980436227,0.406123600789398,0.377089861554268,2022.24226879015,2022.27130252938,NA
652,654,0.0144629357950206,-118.307869801568,41.387120677186,-119.213640488226,41.4932959720727,0.407860409807737,0.393397474012717,2022.25857640261,2022.2730393384,NA
682,683,0.0270105935295923,-104.894053462626,46.1979809718164,-102.886618256007,46.1081053418146,0.408695909798012,0.38168531626842,2022.24686424486,2022.27387483839,NA
1153,1154,0.194944188958035,-113.867749742176,45.9816886716651,-107.083218739349,41.908555498883,0.409564151388229,0.214619962430194,2022.07979889103,2022.27474307998,NA
1090,1091,0.108397385928276,-93.3405181997211,44.6235109778399,-92.6087882184486,45.7106564382899,0.410863922998663,0.302466537070387,2022.16764546567,2022.27604285159,NA
949,954,0.00771669129977948,-106.639525825537,46.5142980436227,-106.088262827706,48.0028683658726,0.413840292089178,0.406123600789398,2022.27130252938,2022.27901922068,NA
658,659,0.0520616632269686,-120.941935708906,50.5790392016507,-122.909261628026,52.1521915996048,0.415724135928397,0.363662472701428,2022.2288414013,2022.28090306452,NA
1050,475,0.116084085013194,-94.1852604199529,45.5713914795876,-96.0173531614863,47.3668570042877,0.417012852226813,0.300928767213619,2022.16610769581,2022.28219178082,SRR24843342|A/anser_rossii/Minnesota/AH0218392/2022|H5N1|USA-MN|2022-04-14|wild_avian|B3.2
1077,503,0.066983296659338,-91.6263488872497,45.1683070061188,-91.8585627392343,45.6967728396017,0.417012852226813,0.350029555567475,2022.21520848416,2022.28219178082,PQ719833|A/Wood_Duck/WI/22-014367-001-original/2022|H5N1|USA-WI|2022-04-14|wild_avian|B3.2
1145,1146,0.270653469919177,-97.1027486229896,46.8316224895793,-95.0508183656863,45.6475710342416,0.418384145624236,0.14773067570506,2022.0129096043,2022.28356307422,NA
1161,8,0.155886556118885,-92.5543871765915,45.8114674412806,-91.3097418970054,41.236355263844,0.419752578254171,0.263866022135286,2022.12904495073,2022.28493150685,OQ962748|A/Peregrine_Falcon/Iowa/22-012093-001/2022|H5N1|USA-IA|2022-04-15|wild_avian|B3.2
611,648,0.0576506302451252,-121.259706756142,52.9439590995756,-117.261188106222,55.4491710860862,0.427544583559508,0.369893953314382,2022.23507288191,2022.29272351215,NA
1146,3,0.00958761071223391,-95.0508183656863,45.6475710342416,-94.9922867055482,45.6374926655363,0.42797175633647,0.418384145624236,2022.28356307422,2022.29315068493,OQ966052|A/Turkey/Minnesota/22-012036-001/2022|H5N1|USA-MN|2022-04-18|domestic_avian|B3.2
1050,476,0.129782715150208,-94.1852604199529,45.5713914795876,-97.243552595777,46.1168395216759,0.430711482363828,0.300928767213619,2022.16610769581,2022.29589041096,EPI_ISL_16171251|A/turkey/North_Dakota/22-012099-002/2022|H5N1|USA-ND|2022-04-19|domestic_avian|B3.2
683,686,0.0245719576151737,-102.886618256007,46.1081053418146,-102.72427683671,45.6456757816695,0.433267867413186,0.408695909798012,2022.27387483839,2022.29844679601,NA
1065,1066,0.121182142186654,-97.8952193200588,44.117709369104,-90.9467000231917,43.7198627200526,0.436374151716219,0.315192009529564,2022.18037093812,2022.30155308031,NA
652,653,0.0448599707920558,-118.307869801568,41.387120677186,-116.286632750503,43.6514592859219,0.438257444804773,0.393397474012717,2022.25857640261,2022.3034363734,NA
1163,4,0.213364895952324,-95.4300215630808,54.4622037570116,-97.9192845131209,53.3391031945328,0.4389306604459,0.225565764493576,2022.09074469309,2022.30410958904,PV301952|A/American_Crow/MB/FAV-0364-9-2022/2022|H5N1|Canada-MB|2022-04-22|wild_avian|B3.2
1063,574,0.159154487390909,-100.830602043357,49.8967237022975,-101.611444970808,50.3901268836206,0.4389306604459,0.279776173054991,2022.14495510165,2022.30410958904,PV304560|A/Black-billed_Magpie/SK/FAV-0802-32-2022/2022|H5N1|Canada-SK|2022-04-22|wild_avian|B3.2
1080,562,0.0687816405213844,-89.4327068111978,45.3525718388616,-87.5889928470374,45.8227835632191,0.4389306604459,0.370149019924515,2022.23532794852,2022.30410958904,OQ958516|A/Backyard_bird/Michigan/22-012454-001/2022|H5N1|USA-MI|2022-04-22|domestic_avian|B3.2
1154,479,0.0293665090576711,-107.083218739349,41.908555498883,-107.658272336991,42.7491833912139,0.4389306604459,0.409564151388229,2022.27474307998,2022.30410958904,OQ961660|A/Great_Horned_Owl/Wyoming/22-013016-001/2022|H5N1|USA-WY|2022-04-22|wild_avian|B3.2
1155,1156,0.193788027860979,-112.053227993461,41.7041675238655,-111.831896416441,40.5139986524799,0.441478456583826,0.247690428722847,2022.11286935732,2022.30665738518,NA
1072,566,0.296086983661523,-96.538219575566,45.4162072311801,-88.9982095509304,42.194788905768,0.447149838528199,0.151062854866677,2022.01624178346,2022.31232876712,PQ702001|A/American_white_Pelican/IL/22-013436-001-original/2022|H5N1|USA-IL|2022-04-25|wild_avian|B3.2
1154,480,0.0375856871399707,-107.083218739349,41.908555498883,-106.978365603703,41.5263723449892,0.447149838528199,0.409564151388229,2022.27474307998,2022.31232876712,OQ961668|A/Great_Horned_Owl/Wyoming/22-013016-002/2022|H5N1|USA-WY|2022-04-25|wild_avian|B3.2
686,687,0.0144358046926878,-102.72427683671,45.6456757816695,-102.794674854466,44.1187844213382,0.447703672105874,0.433267867413186,2022.29844679601,2022.3128826007,NA
654,655,0.0408881561460883,-119.213640488226,41.4932959720727,-122.193849747297,45.7265753524217,0.448748565953826,0.407860409807737,2022.2730393384,2022.31392749455,NA
1149,491,0.226834685732728,-97.2439727396218,51.1421079501091,-76.4992493602333,38.9930837481002,0.449889564555557,0.223054878822829,2022.08823380742,2022.31506849315,OQ960380|A/Black_Vulture/Maryland/22-012990-001/2022|H5N1|USA-MD|2022-04-26|wild_avian|B3.2
1163,5,0.224323800061981,-95.4300215630808,54.4622037570116,-96.1560221637035,41.4373106602556,0.449889564555557,0.225565764493576,2022.09074469309,2022.31506849315,SRR24842963|A/gallus_gallus/Nebraska/22-013105-001/2022|H5N1|USA-NE|2022-04-26|domestic_avian|B3.2
1152,487,0.202546045282398,-111.12306275253,41.6837836814641,-109.373579778548,37.6252070544936,0.449889564555557,0.247343519273159,2022.11252244787,2022.31506849315,OQ966732|A/Turkey/Utah/22-012960-001/2022|H5N1|USA-UT|2022-04-26|domestic_avian|B3.2
612,613,0.0669123652792694,-121.491273642153,52.7867638252909,-122.926928526081,54.0818638310597,0.452465640570908,0.385553275291639,2022.25073220389,2022.31764456917,NA
675,474,0.192199495922081,-109.980180880268,48.4585962981551,-117.386138485152,54.4708504470544,0.452629290582914,0.260429794660833,2022.12560872326,2022.31780821918,PV317584|A/Snow_Goose/AB/FAV-0505-21-2022/2022|H5N1|Canada-AB|2022-04-27|wild_avian|B3.2
1091,1092,0.0433034666906238,-92.6087882184486,45.7106564382899,-90.9424642871571,44.2037373596354,0.454167389689287,0.410863922998663,2022.27604285159,2022.31934631828,NA
742,959,0.0790637033806809,-106.10430231715,45.914587497734,-108.058209985998,47.2590061273136,0.454323786592318,0.375260083211637,2022.24043901181,2022.31950271519,NA
1144,580,0.25708547263455,-98.8872579393585,47.0360514978621,-99.1228597387174,48.3881959372842,0.455369016610499,0.198283543975949,2022.06346247257,2022.32054794521,PQ718233|A/Snow_goose/ND/22-013421-001-original/2022|H5N1|USA-ND|2022-04-28|wild_avian|B3.2
1161,7,0.191502994475213,-92.5543871765915,45.8114674412806,-99.8696001894024,41.5869272684017,0.455369016610499,0.263866022135286,2022.12904495073,2022.32054794521,PQ715265|A/Peregrine_falcon/NE/22-013518-001-original/2022|H5N1|USA-NE|2022-04-28|wild_avian|B3.2
1069,568,0.0807230824733391,-101.261503677629,51.7279424122889,-103.396514713443,50.2510530327322,0.455369016610499,0.37464593413716,2022.23982486273,2022.32054794521,PV303016|A/American_Crow/SK/FAV-0575-14-2022/2022|H5N1|Canada-SK|2022-04-28|wild_avian|B3.2
1156,1157,0.0160549872503553,-111.831896416441,40.5139986524799,-112.349883679941,40.5249229900807,0.457533443834181,0.441478456583826,2022.30665738518,2022.32271237243,NA
591,468,0.159310140277178,-119.088236995496,49.011803753834,-115.457987782413,53.482471270533,0.458108742637856,0.298798602360678,2022.16397753096,2022.32328767123,PV317592|A/Snow_Goose/AB/FAV-0505-32-2022/2022|H5N1|Canada-AB|2022-04-29|wild_avian|B3.2
594,473,0.0537394466527674,-122.545568505894,49.3375335713185,-148.668418530955,61.1868567394552,0.458108742637856,0.404369295985089,2022.26954822458,2022.32328767123,SRR24842838|A/anser_sp/Alaska/22-013831-003/2022|H5N1|USA-AK|2022-04-29|wild_avian|B3.2
1092,1099,0.00725611420324856,-90.9424642871571,44.2037373596354,-90.9158279571902,44.1826175975658,0.461423503892535,0.454167389689287,2022.31934631828,2022.32660243249,NA
659,660,0.0500314961935118,-122.909261628026,52.1521915996048,-130.14622583901,54.6449759113593,0.465755632121908,0.415724135928397,2022.28090306452,2022.33093456072,NA
1051,9,0.408968280043043,-96.8531819192902,46.9717819083947,-98.2127176288503,47.6873145677054,0.466327920719928,0.0573596406768853,2021.92253856927,2022.33150684932,PQ711641|A/Great_horned_owl/ND/22-014030-001-original/2022|H5N1|USA-ND|2022-05-02|wild_avian|B3.2
1077,502,0.121777817207395,-91.6263488872497,45.1683070061188,-92.0359827978244,45.6073800451442,0.471807372774871,0.350029555567475,2022.21520848416,2022.33698630137,EPI_ISL_16240162|A/turkey/Wisconsin/22-014125-001/2022|H5N1|USA-WI|2022-05-04|domestic_avian|B3.2
1155,488,0.226856670079381,-112.053227993461,41.7041675238655,-112.448459953005,43.4880202679448,0.474547098802228,0.247690428722847,2022.11286935732,2022.3397260274,PQ719065|A/Turkey_Vulture/ID/22-014968-007-original/2022|H5N1|USA-ID|2022-05-05|wild_avian|B3.2
1150,489,0.202582067568289,-97.3031094091169,50.8311311006032,-117.323808010405,52.4401376529876,0.474547098802228,0.271965031233939,2022.13714395983,2022.3397260274,PV304264|A/Black-Billed_Magpie/AB/FAV-0505-53-2022/2022|H5N1|Canada-AB|2022-05-05|wild_avian|B3.2
1062,582,0.175519033958534,-99.8595172233891,52.5134432249218,-99.4509451337725,47.1555242216207,0.474547098802228,0.299028064843694,2022.16420699344,2022.3397260274,PQ701529|A/American_crow/ND/22-014532-001-original/2022|H5N1|USA-ND|2022-05-05|wild_avian|B3.2
1068,569,0.147872019321383,-102.86484757965,52.4560831100466,-101.890239200414,50.9000907530928,0.474547098802228,0.326675079480845,2022.19185400808,2022.3397260274,PV313464|A/Great_Horned_Owl/SK/FAV-0802-45-2022/2022|H5N1|Canada-SK|2022-05-05|wild_avian|B3.2
1052,478,0.415468219424332,-97.5436424206231,46.9308176531293,-93.6464743690294,43.1118790151668,0.477286824829585,0.0618186054052532,2021.926997534,2022.34246575342,EPI_ISL_13052721|A/fox/Iowa/22-014421-001/2022|H5N1|USA-IA|2022-05-06|other_mammal|B3.2
1162,6,0.307123031122651,-99.1703089258752,59.7325958552361,-99.6264482190768,59.2879594758275,0.477286824829585,0.170163793706934,2022.0353427223,2022.34246575342,PV301984|A/American_Crow/MB/FAV-0469-14-2022/2022|H5N1|Canada-MB|2022-05-06|wild_avian|B3.2
613,646,0.0253070266192905,-122.926928526081,54.0818638310597,-128.457410964784,56.5837392327846,0.477772667190199,0.452465640570908,2022.31764456917,2022.34295159579,NA
687,688,0.0323686949012654,-102.794674854466,44.1187844213382,-102.942126649772,44.1014906584303,0.480072367007139,0.447703672105874,2022.3128826007,2022.3452512956,NA
1152,486,0.238162483638499,-111.12306275253,41.6837836814641,-111.820381535575,41.3966043788378,0.485506002911658,0.247343519273159,2022.11252244787,2022.35068493151,EPI_ISL_16240508|A/guinea_fowl/Utah/22-014481-002/2022|H5N1|USA-UT|2022-05-09|domestic_avian|B3.2
1079,561,0.124207893232136,-89.8434694734424,44.5893237741693,-87.2558987960684,43.1845149053042,0.485506002911658,0.361298109679522,2022.22647703827,2022.35068493151,PQ703545|A/Bald_eagle/WI/22-014416-001-original/2022|H5N1|USA-WI|2022-05-09|wild_avian|B3.2
648,12,0.0607011453797348,-117.261188106222,55.4491710860862,-117.012379523188,54.5190262339886,0.488245728939242,0.427544583559508,2022.29272351215,2022.35342465753,PV304312|A/Black-Billed_Magpie/AB/FAV-0918-11-2022/2022|H5N1|Canada-AB|2022-05-10|wild_avian|B3.2
650,392,0.110543762517015,-121.915513268663,46.3057307139007,-121.057191663176,46.1098613238064,0.4909854549666,0.380441692449585,2022.24562062104,2022.35616438356,PQ719521|A/Western_screech_owl/WA/22-015526-006-original/2022|H5N1|USA-WA|2022-05-11|wild_avian|B3.2
651,391,0.108888026214714,-122.045759873118,45.7236326844112,-122.779411684737,45.8214969263492,0.4909854549666,0.382097428751886,2022.24727635735,2022.35616438356,PQ708929|A/Canada_goose/WA/22-015526-002-original/2022|H5N1|USA-WA|2022-05-11|wild_avian|B3.2
688,689,0.014602537272085,-102.942126649772,44.1014906584303,-101.160188847191,43.0534726503453,0.494674904279224,0.480072367007139,2022.3452512956,2022.35985383287,NA
1061,581,0.214423007354454,-98.5017297396374,48.8796831722087,-96.255232751463,46.9357624117388,0.496464907021315,0.282041899666861,2022.14722082826,2022.36164383562,EPI_ISL_16243992|A/chicken/Minnesota/22-015398-002/2022|H5N1|USA-MN|2022-05-13|domestic_avian|B3.2
1081,560,0.14941129137978,-85.6739531340612,43.1760889119951,-93.8620832115733,47.7517074660401,0.496464907021315,0.347053615641534,2022.21223254424,2022.36164383562,EPI_ISL_15078249|A/fox/Minnesota/22-016487-001/2022|H5N1|USA-MN|2022-05-13|other_mammal|B3.2
1157,485,0.0389314631871334,-112.349883679941,40.5249229900807,-112.052297214274,40.7822450470021,0.496464907021315,0.457533443834181,2022.32271237243,2022.36164383562,EPI_ISL_16243660|A/chicken/Utah/22-015245-001/2022|H5N1|USA-UT|2022-05-13|domestic_avian|B3.2
1066,575,0.0628304813324534,-90.9467000231917,43.7198627200526,-88.7445314114977,42.1934562265387,0.499204633048672,0.436374151716219,2022.30155308031,2022.36438356164,EPI_ISL_16243651|A/chicken/Illinois/22-015233-006/2022|H5N1|USA-IL|2022-05-14|domestic_avian|B3.2
744,745,0.107664666633573,-107.106189530022,43.6436760449022,-100.90047540786,42.2851205950989,0.504489984439456,0.396825317805883,2022.2620042464,2022.36966891303,NA
1099,559,0.0432605812110789,-90.9158279571902,44.1826175975658,-84.0379283134612,46.6307385781407,0.504684085103614,0.461423503892535,2022.32660243249,2022.3698630137,PV303360|A/American_White_Pelican/ON/FAV-0803-1-2022/2022|H5N1|Canada-ON|2022-05-16|wild_avian|B3.2
654,390,0.099563401323234,-119.213640488226,41.4932959720727,-115.978832814256,43.4089163001858,0.507423811130971,0.407860409807737,2022.2730393384,2022.37260273973,EPI_ISL_16244005|A/chicken/Idaho/22-015408-001/2022|H5N1|USA-ID|2022-05-17|domestic_avian|B3.2
689,716,0.0150921313864045,-101.160188847191,43.0534726503453,-100.354709837054,43.0174185351225,0.509767035665629,0.494674904279224,2022.35985383287,2022.37494596426,NA
1062,571,0.216614924369349,-99.8595172233891,52.5134432249218,-107.375800529933,52.6751055380114,0.515642989213044,0.299028064843694,2022.16420699344,2022.38082191781,PV303168|A/American_Crow/SK/FAV-0802-76-2022/2022|H5N1|Canada-SK|2022-05-20|wild_avian|B3.2
1067,578,0.20931764431319,-98.0271745555737,50.4703873522785,-98.743496770266,50.354152052799,0.518382715240628,0.309065070927439,2022.17424399952,2022.38356164384,PV302000|A/American_Crow/MB/FAV-0687-5-2022/2022|H5N1|Canada-MB|2022-05-21|wild_avian|B3.2
1157,1158,0.0630737706186979,-112.349883679941,40.5249229900807,-111.133294861303,38.6254409463875,0.520607214452879,0.457533443834181,2022.32271237243,2022.38578614305,NA
658,14,0.157459968566558,-120.941935708906,50.5790392016507,-141.709428282881,64.5053242836528,0.521122441267986,0.363662472701428,2022.2288414013,2022.38630136986,PQ702593|A/Bald_eagle/AK/22-016934-004-original/2022|H5N1|USA-AK|2022-05-22|wild_avian|B3.2
1081,1082,0.176726678303564,-85.6739531340612,43.1760889119951,-90.8874721560887,48.1046464782152,0.523780293945098,0.347053615641534,2022.21223254424,2022.38895922254,NA
1082,1083,0.00143709641018663,-90.8874721560887,48.1046464782152,-90.9553223789898,47.8420178939649,0.525217390355285,0.523780293945098,2022.38895922254,2022.39039631895,NA
660,661,0.0631395081856612,-130.14622583901,54.6449759113593,-131.020256027533,54.7152385908004,0.528895140307569,0.465755632121908,2022.33093456072,2022.3940740689,NA
716,717,0.0246907342314904,-100.354709837054,43.0174185351225,-101.066658409565,46.0910914012004,0.534457769897119,0.509767035665629,2022.37494596426,2022.39963669849,NA
588,394,0.207426363227545,-110.769630907351,51.6650532490811,-121.361367425254,58.7872039221782,0.534821071405,0.327394708177455,2022.19257363677,2022.4,PV303304|A/American_White_Pelican/BC/FAV-0585-3-2022/2022|H5N1|Canada-BC|2022-05-27|wild_avian|B3.2
588,395,0.207426363227545,-110.769630907351,51.6650532490811,-148.27026846352,63.5401005521084,0.534821071405,0.327394708177455,2022.19257363677,2022.4,PQ717337|A/Snow_goose/AK/22-017364-001-original/2022|H5N1|USA-AK|2022-05-27|wild_avian|B3.2
1092,1093,0.0830863523984608,-90.9424642871571,44.2037373596354,-94.8904433630164,42.1574022132743,0.537253742087747,0.454167389689287,2022.31934631828,2022.40243267068,NA
659,15,0.127316113558676,-122.909261628026,52.1521915996048,-136.919564434764,61.2368648561354,0.543040249487072,0.415724135928397,2022.28090306452,2022.40821917808,PV318784|A/Snow_Goose/YT/FAV-0795-3-2022/2022|H5N1|Canada-YT|2022-05-30|wild_avian|B3.2
1083,1084,0.0231968395563,-90.9553223789898,47.8420178939649,-84.7792645834218,45.7255465899625,0.548414229911585,0.525217390355285,2022.39039631895,2022.41359315851,NA
1089,1100,0.301996725284669,-95.3713638832004,48.284869183569,-86.7648025061865,46.2001302210693,0.549780967066474,0.247784241781805,2022.11296317038,2022.41495989566,NA
655,656,0.101618934244887,-122.193849747297,45.7265753524217,-115.820426829339,45.7758086112275,0.550367500198713,0.448748565953826,2022.31392749455,2022.41554642879,NA
717,718,0.018311008216465,-101.066658409565,46.0910914012004,-100.339399529373,47.4691549092086,0.552768778113584,0.534457769897119,2022.39963669849,2022.41794770671,NA
718,719,0.000788309190189462,-100.339399529373,47.4691549092086,-100.440167941959,47.4882516167566,0.553557087303774,0.552768778113584,2022.41794770671,2022.4187360159,NA
717,36,0.0195413836996101,-101.066658409565,46.0910914012004,-105.541837939143,51.811372893475,0.553999153596729,0.534457769897119,2022.39963669849,2022.41917808219,PV310840|A/Domestic_bird/SK/FAV-1051-1-2022/2022|H5N1|Canada-SK|2022-06-03|domestic_avian|B3.2
744,749,0.158363853922328,-107.106189530022,43.6436760449022,-108.750935674005,41.669401181847,0.555189171728211,0.396825317805883,2022.2620042464,2022.42036810032,NA
653,385,0.118481434819314,-116.286632750503,43.6514592859219,-116.336936099411,43.6425801889815,0.556738879624087,0.438257444804773,2022.3034363734,2022.42191780822,PQ707841|A/Canada_goose/ID/22-018980-001-original/2022|H5N1|USA-ID|2022-06-04|wild_avian|B3.2
656,657,0.0112098167672228,-115.820426829339,45.7758086112275,-116.988793265534,46.6715953522938,0.561577316965935,0.550367500198713,2022.41554642879,2022.42675624556,NA
1067,492,0.253153260751363,-98.0271745555737,50.4703873522785,-105.920907293513,53.7151115950944,0.562218331678801,0.309065070927439,2022.17424399952,2022.42739726027,PV311152|A/Double-Crested_Cormorant/SK/FAV-0912-7-2022/2022|H5N1|Canada-SK|2022-06-06|wild_avian|B3.2
1083,495,0.0370009413235164,-90.9553223789898,47.8420178939649,-91.4572997109026,47.8577572648185,0.562218331678801,0.525217390355285,2022.39039631895,2022.42739726027,PQ709577|A/Common_tern/MN/22-017940-009-original/2022|H5N1|USA-MN|2022-06-06|wild_avian|B3.2
657,388,0.000641014712865928,-116.988793265534,46.6715953522938,-116.90703514418,46.5730408897597,0.562218331678801,0.561577316965935,2022.42675624556,2022.42739726027,EPI_ISL_17260680|A/skunk/Idaho/22-018976-004/2022|H5N1|USA-ID|2022-06-06|other_mammal|B3.2
1093,1095,0.0276209538194556,-94.8904433630164,42.1574022132743,-97.4011393004517,42.9320587096777,0.564874695907203,0.537253742087747,2022.40243267068,2022.4300536245,NA
656,387,0.0145905575076735,-115.820426829339,45.7758086112275,-117.54657448827,46.7776708171435,0.564958057706386,0.550367500198713,2022.41554642879,2022.4301369863,EPI_ISL_15078254|A/skunk/Washington/22-019274-001/2022|H5N1|USA-WA|2022-06-07|other_mammal|B3.2
657,389,0.00338074074045069,-116.988793265534,46.6715953522938,-117.797600136684,47.0142003492251,0.564958057706386,0.561577316965935,2022.42675624556,2022.4301369863,EPI_ISL_17260682|A/skunk/Washington/22-019274-004/2022|H5N1|USA-WA|2022-06-07|other_mammal|B3.2
749,937,0.0101477641021712,-108.750935674005,41.669401181847,-108.104333680775,37.879475033043,0.565336935830382,0.555189171728211,2022.42036810032,2022.43051586443,NA
1069,567,0.193051849596584,-101.261503677629,51.7279424122889,-95.5439067573448,50.0964222029352,0.567697783733744,0.37464593413716,2022.23982486273,2022.43287671233,PV303336|A/American_White_Pelican/MB/FAV-0798-3-2022/2022|H5N1|Canada-MB|2022-06-08|wild_avian|B3.2
1158,481,0.0470905692808645,-111.133294861303,38.6254409463875,-112.02248433082,40.7178261613231,0.567697783733744,0.520607214452879,2022.38578614305,2022.43287671233,PQ720145|A/goose/UT/22-018176-003-original/2022|H5N1|USA-UT|2022-06-08|domestic_avian|B3.2
1082,494,0.0439174897886452,-90.8874721560887,48.1046464782152,-92.1923761031053,47.8636801176389,0.567697783733744,0.523780293945098,2022.38895922254,2022.43287671233,PQ702057|A/American_white_Pelican/MN/22-018423-001-original/2022|H5N1|USA-MN|2022-06-08|wild_avian|B3.2
1084,496,0.0192835538221585,-84.7792645834218,45.7255465899625,-82.0901887957976,43.177578788324,0.567697783733744,0.548414229911585,2022.41359315851,2022.43287671233,PV303368|A/American_White_Pelican/ON/FAV-0803-2-2022/2022|H5N1|Canada-ON|2022-06-08|wild_avian|B3.2
689,690,0.0779493226861248,-101.160188847191,43.0534726503453,-104.084114662369,43.0238261361484,0.572624226965349,0.494674904279224,2022.35985383287,2022.43780315556,NA
1095,1096,0.0119348269477544,-97.4011393004517,42.9320587096777,-97.5758834993498,45.6943985893569,0.576809522854957,0.564874695907203,2022.4300536245,2022.44198845145,NA
1078,565,0.242659151481719,-93.5156555757306,46.4749825416404,-94.7068629295222,52.2097812515812,0.578656687843173,0.335997536361454,2022.20117646496,2022.44383561644,PV315664|A/Peregrine_Falcon/ON/FAV-0853-3-2022/2022|H5N1|Canada-ON|2022-06-12|wild_avian|B3.2
749,750,0.0251446404992315,-108.750935674005,41.669401181847,-110.907161865153,38.0919053844665,0.580333812227443,0.555189171728211,2022.42036810032,2022.44551274082,NA
661,666,0.0557831443507601,-131.020256027533,54.7152385908004,-127.228203053604,55.5285114826945,0.58467828465833,0.528895140307569,2022.3940740689,2022.44985721325,NA
613,614,0.132770425274138,-122.926928526081,54.0818638310597,-124.251726615846,46.8751380973777,0.585236065845046,0.452465640570908,2022.31764456917,2022.45041499444,NA
1100,1101,0.0369402422386549,-86.7648025061865,46.2001302210693,-86.7687730843969,46.2105365496856,0.586721209305129,0.549780967066474,2022.41495989566,2022.4519001379,NA
660,31,0.121120233803564,-130.14622583901,54.6449759113593,-160.793474555509,63.6207396867897,0.586875865925473,0.465755632121908,2022.33093456072,2022.45205479452,EPI_ISL_17260681|A/red_fox/Alaska/22-019272-001/2022|H5N1|USA-AK|2022-06-15|other_mammal|B3.2
959,960,0.133838473828407,-108.058209985998,47.2590061273136,-97.5095385770621,35.1690828850851,0.588162260420725,0.454323786592318,2022.31950271519,2022.45334118902,NA
587,393,0.29880371351401,-108.662452052349,53.0638085877022,-125.446137801182,57.6394275781615,0.58961559195283,0.29081187843882,2022.15599080703,2022.45479452055,PV309608|A/Domestic_bird/BC/FAV-0772-1-2022/2022|H5N1|Canada-BC|2022-06-16|domestic_avian|B3.2
683,684,0.181265806947019,-102.886618256007,46.1081053418146,-103.233997935313,46.4047946131861,0.589961716745032,0.408695909798012,2022.27387483839,2022.45514064534,NA
1093,1094,0.0542295290419776,-94.8904433630164,42.1574022132743,-92.5852240812314,42.0184945607195,0.591483271129725,0.537253742087747,2022.40243267068,2022.45666219972,NA
661,662,0.064744488625089,-131.020256027533,54.7152385908004,-124.540992038481,54.8489429909701,0.593639628932658,0.528895140307569,2022.3940740689,2022.45881855753,NA
1101,1102,0.00885309686483993,-86.7687730843969,46.2105365496856,-86.8831429654027,45.5628519037551,0.595574306169969,0.586721209305129,2022.4519001379,2022.46075323476,NA
750,929,0.0159805182692869,-110.907161865153,38.0919053844665,-108.702642263046,36.0596408057601,0.59631433049673,0.580333812227443,2022.44551274082,2022.46149325909,NA
1101,1107,0.0117731829998782,-86.7687730843969,46.2105365496856,-83.605522676823,44.3068064179769,0.598494392305007,0.586721209305129,2022.4519001379,2022.4636733209,NA
676,1027,0.315742811151066,-109.990374195955,48.41777376596,-110.495237747299,47.7277977514201,0.598701675079309,0.282958863928243,2022.14813779252,2022.46388060367,NA
929,930,0.00786747772673912,-108.702642263046,36.0596408057601,-109.827511953481,33.7687183390716,0.604181808223469,0.59631433049673,2022.46149325909,2022.46936073682,NA
1084,1085,0.0564275831128165,-84.7792645834218,45.7255465899625,-85.2881188265498,44.1229648235838,0.604841813024402,0.548414229911585,2022.41359315851,2022.47002074162,NA
686,87,0.175525806731373,-102.72427683671,45.6456757816695,-111.846478454551,58.4465294514157,0.608793674144559,0.433267867413186,2022.29844679601,2022.47397260274,PV321824|A/Western_Grebe/AB/FAV-0833-72-2022/2022|H5N1|Canada-AB|2022-06-23|wild_avian|B3.2
687,34,0.161090002038685,-102.794674854466,44.1187844213382,-110.895099518082,54.3281845598332,0.608793674144559,0.447703672105874,2022.3128826007,2022.47397260274,PV321872|A/Western_Grebe/AB/FAV-0833-78-2022/2022|H5N1|Canada-AB|2022-06-23|wild_avian|B3.2
594,595,0.208723111233918,-122.545568505894,49.3375335713185,-134.47636575341,49.0799469653507,0.613092407219007,0.404369295985089,2022.26954822458,2022.47827133581,NA
649,32,0.311944029327153,-119.596257779504,49.0615988695977,-153.955630889805,69.0369330940587,0.617012852226859,0.305068822899706,2022.17024775149,2022.48219178082,PQ715385|A/Raven/AK/22-020951-001-original/2022|H5N1|USA-AK|2022-06-26|wild_avian|B3.2
1156,484,0.17827412167039,-111.831896416441,40.5139986524799,-111.722852603603,40.528043913566,0.619752578254216,0.441478456583826,2022.30665738518,2022.48493150685,EPI_ISL_19546785|A/chicken/Utah/22-020377-001-original/2022|H5N1|USA-UT|2022-06-27|domestic_avian|B3.2
719,727,0.0709271538380611,-100.440167941959,47.4882516167566,-96.1084590117941,45.4203460549654,0.624484241141835,0.553557087303774,2022.4187360159,2022.48966316974,NA
614,615,0.0395982943239814,-124.251726615846,46.8751380973777,-126.381423916312,49.2404419176546,0.624834360169028,0.585236065845046,2022.45041499444,2022.49001328876,NA
750,751,0.0488543056446065,-110.907161865153,38.0919053844665,-111.563875072094,37.650117387627,0.629188117872049,0.580333812227443,2022.44551274082,2022.49436704647,NA
646,433,0.152938815173674,-128.457410964784,56.5837392327846,-133.404934081285,57.5696185323892,0.630711482363873,0.477772667190199,2022.34295159579,2022.49589041096,PQ710529|A/Glaucous_Gull/AK/22-024502-001-original/2022|H5N1|USA-AK|2022-07-01|wild_avian|B3.2
1096,554,0.0539019595089156,-97.5758834993498,45.6943985893569,-95.7231947777861,42.1008747456787,0.630711482363873,0.576809522854957,2022.44198845145,2022.49589041096,PQ701969|A/American_white_Pelican/IA/22-021277-001-original/2022|H5N1|USA-IA|2022-07-01|wild_avian|B3.2
1094,552,0.039228211234148,-92.5852240812314,42.0184945607195,-89.8722822387553,40.1269514651144,0.630711482363873,0.591483271129725,2022.45666219972,2022.49589041096,PQ702009|A/American_white_Pelican/IL/22-021276-001-original/2022|H5N1|USA-IL|2022-07-01|wild_avian|B3.2
1094,553,0.039228211234148,-92.5852240812314,42.0184945607195,-92.5683166006462,42.1870198524641,0.630711482363873,0.591483271129725,2022.45666219972,2022.49589041096,PQ701977|A/American_white_Pelican/IA/22-022114-001-original/2022|H5N1|USA-IA|2022-07-01|wild_avian|B3.2
930,931,0.0290198315283243,-109.827511953481,33.7687183390716,-107.101171758139,34.6258004844802,0.633201639751793,0.604181808223469,2022.46936073682,2022.49838056835,NA
960,964,0.0465197131229322,-97.5095385770621,35.1690828850851,-98.3353902103946,38.1306225728282,0.634681973543657,0.588162260420725,2022.45334118902,2022.49986090214,NA
1058,572,0.353936793103216,-97.6588938701975,51.9644119686932,-95.479937664711,50.5854172561902,0.638930660445945,0.28499386734273,2022.15017279594,2022.50410958904,PV321880|A/Western_Grebe/MB/FAV-0846-2-2022/2022|H5N1|Canada-MB|2022-07-04|wild_avian|B3.2
1099,551,0.17750715655341,-90.9158279571902,44.1826175975658,-97.0298463976108,52.9337365582701,0.638930660445945,0.461423503892535,2022.32660243249,2022.50410958904,PV321888|A/Western_Grebe/MB/FAV-0846-3-2022/2022|H5N1|Canada-MB|2022-07-04|wild_avian|B3.2
1066,576,0.208035960784669,-90.9467000231917,43.7198627200526,-85.7922183143222,43.269180944046,0.644410112500887,0.436374151716219,2022.30155308031,2022.5095890411,EPI_ISL_17260684|A/red_fox/Michigan/22-021733-002/2022|H5N1|USA-MI|2022-07-06|other_mammal|B3.2
662,663,0.05259788983679,-124.540992038481,54.8489429909701,-117.17706197291,58.1334753396175,0.646237518769448,0.593639628932658,2022.45881855753,2022.51141644736,NA
1100,504,0.0973688714617706,-86.7648025061865,46.2001302210693,-87.2185196401674,48.5305527272624,0.647149838528245,0.549780967066474,2022.41495989566,2022.51232876712,PV303384|A/American_White_Pelican/ON/FAV-0867-2-2022/2022|H5N1|Canada-ON|2022-07-07|wild_avian|B3.2
751,752,0.0218881226008443,-111.563875072094,37.650117387627,-115.071455173873,38.2929696311139,0.651076240472893,0.629188117872049,2022.49436704647,2022.51625516907,NA
964,1016,0.0166386222957597,-98.3353902103946,38.1306225728282,-98.7874231751097,38.3997305435088,0.651320595839417,0.634681973543657,2022.49986090214,2022.51649952443,NA
1102,1104,0.0572352744697189,-86.8831429654027,45.5628519037551,-88.9848143439996,46.4419103758828,0.652809580639688,0.595574306169969,2022.46075323476,2022.51798850923,NA
690,700,0.0825703177028534,-104.084114662369,43.0238261361484,-104.71533492203,43.5247841997865,0.655194544668202,0.572624226965349,2022.43780315556,2022.52037347326,NA
954,958,0.242480444266659,-106.088262827706,48.0028683658726,-100.507954823179,45.7503495727657,0.656320736355836,0.413840292089178,2022.27901922068,2022.52149966495,NA
931,933,0.0232176395054258,-107.101171758139,34.6258004844802,-106.932551554928,33.6154270785863,0.656419279257219,0.633201639751793,2022.49838056835,2022.52159820785,NA
684,685,0.0702222619043029,-103.233997935313,46.4047946131861,-107.523244339335,48.5326771441475,0.660183978649334,0.589961716745032,2022.45514064534,2022.52536290724,NA
690,691,0.0879872070411745,-104.084114662369,43.0238261361484,-104.233774515016,42.8533352258257,0.660611434006523,0.572624226965349,2022.43780315556,2022.5257903626,NA
931,932,0.035520789312117,-107.101171758139,34.6258004844802,-108.562081766969,36.4482337439642,0.66872242906391,0.633201639751793,2022.49838056835,2022.53390135766,NA
1049,477,0.474394319627609,-102.384844866393,45.6175412748769,-130.974304634989,56.360264833401,0.669067646747331,0.194673327119723,2022.05985225571,2022.53424657534,PQ710513|A/Glaucous_Gull/AK/22-023553-001-original/2022|H5N1|USA-AK|2022-07-15|wild_avian|B3.2
949,950,0.265593127988954,-106.639525825537,46.5142980436227,-105.838416977126,37.1014079809694,0.671716728778352,0.406123600789398,2022.27130252938,2022.53689565737,NA
1158,1159,0.151117018011994,-111.133294861303,38.6254409463875,-113.612362435959,38.0103218248948,0.671724232464873,0.520607214452879,2022.38578614305,2022.53690316106,NA
964,965,0.0381036993453074,-98.3353902103946,38.1306225728282,-93.502162206122,39.8437255916145,0.672785672888964,0.634681973543657,2022.49986090214,2022.53796460148,NA
719,720,0.120846640598431,-100.440167941959,47.4882516167566,-103.745318681071,48.3624175867462,0.674403727902204,0.553557087303774,2022.4187360159,2022.5395826565,NA
700,701,0.0217992013348218,-104.71533492203,43.5247841997865,-105.935874117408,43.2075129916455,0.676993746003024,0.655194544668202,2022.52037347326,2022.5421726746,NA
1096,1097,0.10254904330315,-97.5758834993498,45.6943985893569,-92.5423840736443,43.1365137838584,0.679358566158107,0.576809522854957,2022.44198845145,2022.54453749475,NA
682,296,0.298341234588568,-104.894053462626,46.1979809718164,-114.9458292082,50.5141364672256,0.680026550856988,0.38168531626842,2022.24686424486,2022.54520547945,PV319064|A/Striped_Skunk/AB/FAV-0897-2-2022/2022|H5N1|Canada-AB|2022-07-19|other_mammal|B3.2
1104,548,0.0272169702173004,-88.9848143439996,46.4419103758828,-94.6282171197108,47.6162886993537,0.680026550856988,0.652809580639688,2022.51798850923,2022.54520547945,PQ702081|A/American_white_Pelican/MN/22-023116-001-original/2022|H5N1|USA-MN|2022-07-19|wild_avian|B3.2
663,664,0.035290973057192,-117.17706197291,58.1334753396175,-115.911883890731,57.0629505124163,0.68152849182664,0.646237518769448,2022.51141644736,2022.54670742042,NA
965,966,0.00907702579353664,-93.502162206122,39.8437255916145,-94.1232008069377,40.369680610666,0.681862698682501,0.672785672888964,2022.53796460148,2022.54704162728,NA
752,753,0.0309111985393362,-115.071455173873,38.2929696311139,-106.388709172326,37.4949816765341,0.68198743901223,0.651076240472893,2022.51625516907,2022.54716636761,NA
666,667,0.099551976945631,-127.228203053604,55.5285114826945,-123.350377128432,53.7990692872468,0.684230261603961,0.58467828465833,2022.44985721325,2022.5494091902,NA
599,600,0.316841872542493,-120.842043779758,52.684233755291,-120.64999523869,53.5304711032179,0.685682272186575,0.368840399644082,2022.23401932824,2022.55086120078,NA
655,386,0.239497162985235,-122.193849747297,45.7265753524217,-116.242671648863,43.2503350656981,0.68824572893906,0.448748565953826,2022.31392749455,2022.55342465753,EPI_ISL_17260689|A/skunk/Idaho/22-023547-001/2022|H5N1|USA-ID|2022-07-22|other_mammal|B3.2
600,601,0.0063507816416597,-120.64999523869,53.5304711032179,-122.292390335142,53.8202355123666,0.692033053828234,0.685682272186575,2022.55086120078,2022.55721198242,NA
679,680,0.317561923054654,-105.012919322212,46.1713517792634,-99.3475410754976,34.6656668476466,0.69333164603219,0.375769722977537,2022.24094865157,2022.55851057463,NA
1102,1103,0.0979394015522499,-86.8831429654027,45.5628519037551,-86.6727031647139,46.2473683507661,0.693513707722219,0.595574306169969,2022.46075323476,2022.55869263632,NA
1107,1127,0.0957120729494898,-83.605522676823,44.3068064179769,-80.5801768505974,45.3688956831417,0.694206465254497,0.598494392305007,2022.4636733209,2022.55938539385,NA
965,968,0.0218058075537479,-93.502162206122,39.8437255916145,-95.6292962899572,40.359076463841,0.694591480442712,0.672785672888964,2022.53796460148,2022.55977040904,NA
968,969,0.000573714965955485,-95.6292962899572,40.359076463841,-95.9773360394406,40.4385996534132,0.695165195408668,0.694591480442712,2022.55977040904,2022.560344124,NA
720,721,0.0212067589893605,-103.745318681071,48.3624175867462,-103.683937689885,46.4977077468214,0.695610486891565,0.674403727902204,2022.5395826565,2022.56078941549,NA
969,970,0.00105258592521684,-95.9773360394406,40.4385996534132,-96.1388430595702,40.6467358304938,0.696217781333885,0.695165195408668,2022.560344124,2022.56139670993,NA
1016,1017,0.0463006340369181,-98.7874231751097,38.3997305435088,-100.352372679616,41.9740610996741,0.697621229876335,0.651320595839417,2022.51649952443,2022.56280015847,NA
1017,1018,0.000160745641549109,-100.352372679616,41.9740610996741,-100.122999356404,41.9827729120264,0.697781975517884,0.697621229876335,2022.56280015847,2022.56296090411,NA
662,665,0.10501415434112,-124.540992038481,54.8489429909701,-124.365569573641,54.5306598325274,0.698653783273778,0.593639628932658,2022.45881855753,2022.56383271187,NA
966,967,0.0181538772703114,-94.1232008069377,40.369680610666,-96.1537578527817,40.1113624265182,0.700016575952812,0.681862698682501,2022.54704162728,2022.56519550455,NA
1018,1019,0.0025598148401218,-100.122999356404,41.9827729120264,-99.0365546800505,41.6606898542675,0.700341790358006,0.697781975517884,2022.56296090411,2022.56552071895,NA
970,996,0.00478233235808379,-96.1388430595702,40.6467358304938,-97.9816863712761,41.2377922943883,0.701000113691968,0.696217781333885,2022.56139670993,2022.56617904229,NA
721,722,0.00652223871932378,-103.683937689885,46.4977077468214,-105.213001664012,46.8100378099261,0.702132725610888,0.695610486891565,2022.56078941549,2022.56731165421,NA
700,706,0.0494639625585727,-104.71533492203,43.5247841997865,-111.051068923243,40.2795809556663,0.704658507226775,0.655194544668202,2022.52037347326,2022.56983743582,NA
615,616,0.0820943549167281,-126.381423916312,49.2404419176546,-128.77004718142,48.6181215395247,0.706928715085756,0.624834360169028,2022.49001328876,2022.57210764368,NA
970,971,0.0110024769529913,-96.1388430595702,40.6467358304938,-96.5803637478718,41.6092217732483,0.707220258286876,0.696217781333885,2022.56139670993,2022.57239918688,NA
739,740,0.319307960607196,-104.988141335669,45.9250237076943,-103.559957705732,45.9579555722465,0.707793425367804,0.388485464760608,2022.25366439336,2022.57297235396,NA
1107,1108,0.112738418409935,-83.605522676823,44.3068064179769,-74.6988783131845,47.8209406195623,0.711232810714943,0.598494392305007,2022.4636733209,2022.57641173931,NA
718,728,0.160380106395208,-100.339399529373,47.4691549092086,-100.143728009064,44.4813351655504,0.713148884508792,0.552768778113584,2022.41794770671,2022.5783278131,NA
753,759,0.0314289887113786,-106.388709172326,37.4949816765341,-94.7185023534744,28.6189226580588,0.713416427723608,0.68198743901223,2022.54716636761,2022.57859535632,NA
1108,1109,0.00544518825446838,-74.6988783131845,47.8209406195623,-75.0302720369075,46.7600060395271,0.716677998969411,0.711232810714943,2022.57641173931,2022.58185692756,NA
728,730,0.00399437072655662,-100.143728009064,44.4813351655504,-97.4091444170321,44.4214986511973,0.717143255235348,0.713148884508792,2022.5783278131,2022.58232218383,NA
971,972,0.0105361121387961,-96.5803637478718,41.6092217732483,-97.2330885153891,41.036024826776,0.717756370425672,0.707220258286876,2022.57239918688,2022.58293529902,NA
971,979,0.0107596770198803,-96.5803637478718,41.6092217732483,-92.257874509085,42.2889627946025,0.717979935306756,0.707220258286876,2022.57239918688,2022.5831588639,NA
615,618,0.0954877899757238,-126.381423916312,49.2404419176546,-127.002875987928,49.6654146705905,0.720322150144752,0.624834360169028,2022.49001328876,2022.58550107874,NA
972,973,0.0034149455180863,-97.2330885153891,41.036024826776,-97.3395730078589,41.2734600802757,0.721171315943758,0.717756370425672,2022.58293529902,2022.58635024454,NA
667,668,0.0379279919460491,-123.350377128432,53.7990692872468,-123.291474993474,53.6341889018873,0.72215825355001,0.684230261603961,2022.5494091902,2022.58733718215,NA
979,980,0.0044672396377492,-92.257874509085,42.2889627946025,-91.1209358052864,39.3817719547056,0.722447174944505,0.717979935306756,2022.5831588639,2022.58762610354,NA
1019,1020,0.0237724460131399,-99.0365546800505,41.6606898542675,-99.120750480914,41.5598643217208,0.724114236371145,0.700341790358006,2022.56552071895,2022.58929316497,NA
980,991,0.00255570017193429,-91.1209358052864,39.3817719547056,-89.317371868335,38.8760023835563,0.72500287511644,0.722447174944505,2022.58762610354,2022.59018180371,NA
753,754,0.0450725647785308,-106.388709172326,37.4949816765341,-102.675962867558,36.9422628894444,0.72706000379076,0.68198743901223,2022.54716636761,2022.59223893239,NA
954,955,0.314071810045285,-106.088262827706,48.0028683658726,-108.431176050327,56.7979296395901,0.727912102134463,0.413840292089178,2022.27901922068,2022.59309103073,NA
1019,1024,0.0307379895671507,-99.0365546800505,41.6606898542675,-89.3547118389481,18.7105625379618,0.731079779925156,0.700341790358006,2022.56552071895,2022.59625870852,NA
1097,1098,0.054379998317315,-92.5423840736443,43.1365137838584,-102.973818587939,40.7963814698901,0.733738564475422,0.679358566158107,2022.54453749475,2022.59891749307,NA
1109,1110,0.0173011585007807,-75.0302720369075,46.7600060395271,-65.8510955647991,47.7554403925828,0.733979157470192,0.716677998969411,2022.58185692756,2022.59915808607,NA
980,981,0.0132041414625244,-91.1209358052864,39.3817719547056,-91.2987406116651,39.5292990284685,0.73565131640703,0.722447174944505,2022.58762610354,2022.600830245,NA
950,951,0.0651137997320377,-105.838416977126,37.1014079809694,-108.285503717282,39.5279759181607,0.73683052851039,0.671716728778352,2022.53689565737,2022.60200945711,NA
668,672,0.0149276475426872,-123.291474993474,53.6341889018873,-126.006759543425,52.6366037666538,0.737085901092697,0.72215825355001,2022.58733718215,2022.60226482969,NA
601,602,0.0478329918512816,-122.292390335142,53.8202355123666,-122.551209557093,53.8989296506341,0.739866045679516,0.692033053828234,2022.55721198242,2022.60504497427,NA
1098,556,0.0065619589843382,-102.973818587939,40.7963814698901,-109.363037755278,40.7669174495583,0.74030052345976,0.733738564475422,2022.59891749307,2022.60547945205,PQ701857|A/American_green-winged_teal/UT/22-027017-012-original/2022|H5N1|USA-UT|2022-08-10|wild_avian|B3.2
728,729,0.0291393776310307,-100.143728009064,44.4813351655504,-99.9196876276026,45.3953599382054,0.742288262139823,0.713148884508792,2022.5783278131,2022.60746719073,NA
981,982,0.00716395522718427,-91.2987406116651,39.5292990284685,-92.255053044075,38.2735503464132,0.742815271634214,0.73565131640703,2022.600830245,2022.60799420023,NA
701,702,0.0676517429600336,-105.935874117408,43.2075129916455,-107.056519939946,41.9079423673112,0.744645488963058,0.676993746003024,2022.5421726746,2022.60982441756,NA
979,992,0.0274537160375758,-92.257874509085,42.2889627946025,-92.4695324456926,42.3861236350464,0.745433651344332,0.717979935306756,2022.5831588639,2022.61061257994,NA
618,619,0.0256367238311315,-127.002875987928,49.6654146705905,-124.962458511263,48.3588361981462,0.745958873975883,0.720322150144752,2022.58550107874,2022.61113780257,NA
745,747,0.242403510327564,-100.90047540786,42.2851205950989,-94.188493376631,43.7487306793159,0.74689349476702,0.504489984439456,2022.36966891303,2022.61207242336,NA
981,984,0.0118160399105114,-91.2987406116651,39.5292990284685,-91.2526408520781,39.3412202538638,0.747467356317541,0.73565131640703,2022.600830245,2022.61264628491,NA
984,985,0.00115598443005194,-91.2526408520781,39.3412202538638,-91.293907404906,39.5603658298505,0.748623340747593,0.747467356317541,2022.61264628491,2022.61380226934,NA
950,953,0.0789337993012844,-105.838416977126,37.1014079809694,-110.141431313745,47.3774209569847,0.750650528079637,0.671716728778352,2022.53689565737,2022.61582945667,NA
984,987,0.0142484037111252,-91.2526408520781,39.3412202538638,-94.4790397690999,43.051116651501,0.761715760028666,0.747467356317541,2022.61264628491,2022.62689468862,NA
672,673,0.0255110447506177,-126.006759543425,52.6366037666538,-127.689743378276,54.5316932833542,0.762596945843315,0.737085901092697,2022.60226482969,2022.62777587444,NA
996,997,0.0632964423201359,-97.9816863712761,41.2377922943883,-98.0838001008916,40.3187885741577,0.764296556012104,0.701000113691968,2022.56617904229,2022.62947548461,NA
982,983,0.0226722116325009,-92.255053044075,38.2735503464132,-92.3689003486933,39.630067402752,0.765487483266715,0.742815271634214,2022.60799420023,2022.63066641186,NA
933,934,0.110754929626099,-106.932551554928,33.6154270785863,-105.86375319628,41.5557360399955,0.767174208883318,0.656419279257219,2022.52159820785,2022.63235313748,NA
1020,1021,0.0431609598542004,-99.120750480914,41.5598643217208,-95.397897223157,38.2485949704334,0.767275196225346,0.724114236371145,2022.58929316497,2022.63245412482,NA
960,961,0.180822216034525,-97.5095385770621,35.1690828850851,-96.6005159644508,35.7445568411593,0.768984476455249,0.588162260420725,2022.45334118902,2022.63416340505,NA
745,746,0.264546188915268,-100.90047540786,42.2851205950989,-101.360706364644,43.7759252495929,0.769036173354724,0.504489984439456,2022.36966891303,2022.63421510195,NA
730,731,0.0544765044869511,-97.4091444170321,44.4214986511973,-94.3904055185598,39.6154328964483,0.7716197597223,0.717143255235348,2022.58232218383,2022.63679868832,NA
1027,1030,0.17491808432667,-110.495237747299,47.7277977514201,-110.741224080703,47.8606974024308,0.773619759405978,0.598701675079309,2022.46388060367,2022.638798688,NA
937,938,0.211491370668709,-108.104333680775,37.879475033043,-109.053518979046,40.7846798310171,0.776828306499092,0.565336935830382,2022.43051586443,2022.64200723509,NA
973,974,0.0566223996931994,-97.3395730078589,41.2734600802757,-97.1618524962141,41.3216680881341,0.777793715636958,0.721171315943758,2022.58635024454,2022.64297264423,NA
1085,1086,0.174368404374485,-85.2881188265498,44.1229648235838,-69.2639783606265,40.5166487902147,0.779210217398887,0.604841813024402,2022.47002074162,2022.64438914599,NA
987,988,0.0176858319892212,-94.4790397690999,43.051116651501,-94.4272784326242,42.9553918393429,0.779401592017888,0.761715760028666,2022.62689468862,2022.64458052061,NA
987,989,0.0180586258573716,-94.4790397690999,43.051116651501,-94.537874200051,34.2157209550806,0.779774385886038,0.761715760028666,2022.62689468862,2022.64495331448,NA
1097,558,0.102037847712469,-92.5423840736443,43.1365137838584,-91.6212900667626,47.7595615421533,0.781396413870576,0.679358566158107,2022.54453749475,2022.64657534247,PQ719721|A/Wood_Duck/MN/22-032745-002-original-repeat/2022|H5N1|USA-MN|2022-08-25|wild_avian|B3.2
702,74,0.0367509249075182,-107.056519939946,41.9079423673112,-115.212935581718,51.3134464165804,0.781396413870576,0.744645488963058,2022.60982441756,2022.64657534247,PV309264|A/Domestic_bird/AB/FAV-0906-1-2022/2022|H5N1|Canada-AB|2022-08-25|domestic_avian|B3.2
938,948,0.00495863430107413,-109.053518979046,40.7846798310171,-109.039228047359,41.3737082073509,0.781786940800166,0.776828306499092,2022.64200723509,2022.6469658694,NA
731,735,0.0121840519192036,-94.3904055185598,39.6154328964483,-93.7064216587967,38.9493454712784,0.783803811641503,0.7716197597223,2022.63679868832,2022.64898274024,NA
648,11,0.356591556338653,-117.261188106222,55.4491710860862,-114.673833761114,56.548474764379,0.784136139898161,0.427544583559508,2022.29272351215,2022.64931506849,PV317648|A/Snow_Goose/AB/FAV-0937-5-2022/2022|H5N1|Canada-AB|2022-08-26|wild_avian|B3.2
735,736,0.00103542884225494,-93.7064216587967,38.9493454712784,-94.6914552743316,39.5368452790223,0.784839240483758,0.783803811641503,2022.64898274024,2022.65001816908,NA
1098,557,0.0586167535048108,-102.973818587939,40.7963814698901,-89.7750889837412,47.9644519008051,0.792355317980233,0.733738564475422,2022.59891749307,2022.65753424658,PQ718753|A/Trumpeter_Swan/MN/22-026969-002-original/2022|H5N1|USA-MN|2022-08-29|wild_avian|B3.2
619,620,0.0465582584288442,-124.962458511263,48.3588361981462,-117.716348948562,49.9795560485133,0.792517132404727,0.745958873975883,2022.61113780257,2022.657696061,NA
1086,1088,0.013625367405484,-69.2639783606265,40.5166487902147,-71.4377020644452,41.4629558605079,0.792835584804371,0.779210217398887,2022.64438914599,2022.6580145134,NA
759,928,0.0796599084114087,-94.7185023534744,28.6189226580588,-94.6172566381029,30.5622997356699,0.793076336135017,0.713416427723608,2022.57859535632,2022.65825526473,NA
997,998,0.0294622462862466,-98.0838001008916,40.3187885741577,-92.8562908615993,42.3914735132196,0.793758802298351,0.764296556012104,2022.62947548461,2022.65893773089,NA
1159,483,0.123370811542717,-113.612362435959,38.0103218248948,-113.777106908789,37.3377248814557,0.79509504400759,0.671724232464873,2022.53690316106,2022.6602739726,PQ720177|A/goose/UT/22-027791-006-original/2022|H5N1|USA-UT|2022-08-30|domestic_avian|B3.2
731,732,0.0280766005018611,-94.3904055185598,39.6154328964483,-94.1683203771485,39.5097652280926,0.799696360224161,0.7716197597223,2022.63679868832,2022.66487528882,NA
969,1015,0.105121604115476,-95.9773360394406,40.4385996534132,-104.143924666464,45.9784896557937,0.800286799524144,0.695165195408668,2022.560344124,2022.66546572812,NA
1103,529,0.107060788340314,-86.6727031647139,46.2473683507661,-82.1214351330238,40.745066543229,0.800574496062533,0.693513707722219,2022.55869263632,2022.66575342466,OR136556|A/chicken/OH/OH22-20542-1/2022|H5N1|USA-OH|2022-09-01|domestic_avian|B3.2
1030,1031,0.0275928090462041,-110.741224080703,47.8606974024308,-112.633101267414,46.9535488748302,0.801212568452182,0.773619759405978,2022.638798688,2022.66639149705,NA
1031,1048,0.000814755150836177,-112.633101267414,46.9535488748302,-112.389893217083,46.4152439023023,0.802027323603018,0.801212568452182,2022.66639149705,2022.6672062522,NA
985,986,0.0537199738144252,-91.293907404906,39.5603658298505,-94.0441964876336,40.2117932074714,0.802343314562018,0.748623340747593,2022.61380226934,2022.66752224316,NA
616,617,0.0956280343486338,-128.77004718142,48.6181215395247,-130.707619551118,50.8378895495458,0.80255674943439,0.706928715085756,2022.57210764368,2022.66773567803,NA
747,748,0.0572785750394704,-94.188493376631,43.7487306793159,-92.0074631761003,45.6932108740896,0.804172069806491,0.74689349476702,2022.61207242336,2022.6693509984,NA
600,608,0.118904793351615,-120.64999523869,53.5304711032179,-150.906814105966,62.4132632663555,0.80458706553819,0.685682272186575,2022.55086120078,2022.66976599413,NA
673,19,0.0461967283012901,-127.689743378276,54.5316932833542,-132.87618368724,57.2539871851717,0.808793674144605,0.762596945843315,2022.62777587444,2022.67397260274,PQ714457|A/Northern_pintail/AK/22-029100-001-original/2022|H5N1|USA-AK|2022-09-04|wild_avian|B3.2
992,993,0.0646187827704274,-92.4695324456926,42.3861236350464,-84.4735160416508,44.371960528832,0.81005243411476,0.745433651344332,2022.61061257994,2022.67523136271,NA
732,733,0.0126302765909725,-94.1683203771485,39.5097652280926,-94.1279658158727,39.5017709756888,0.812326636815133,0.799696360224161,2022.66487528882,2022.67750556541,NA
938,939,0.0361058369043659,-109.053518979046,40.7846798310171,-110.099427545208,42.4116253255238,0.812934143403457,0.776828306499092,2022.64200723509,2022.678113072,NA
673,674,0.0509852448731976,-127.689743378276,54.5316932833542,-116.700943259732,55.1385576655934,0.813582190716512,0.762596945843315,2022.62777587444,2022.67876111931,NA
939,941,0.00341144788274184,-110.099427545208,42.4116253255238,-110.09594210154,42.4968783941649,0.816345591286199,0.812934143403457,2022.678113072,2022.68152451988,NA
759,760,0.102975710208932,-94.7185023534744,28.6189226580588,-79.3505133072104,-8.15663488863636,0.81639213793254,0.713416427723608,2022.57859535632,2022.68157106653,NA
602,603,0.078503492048791,-122.551209557093,53.8989296506341,-119.561037737451,50.2451610122229,0.818369537728307,0.739866045679516,2022.60504497427,2022.68354846632,NA
1031,1032,0.0203470018327612,-112.633101267414,46.9535488748302,-112.729572348978,47.9731166024704,0.821559570284943,0.801212568452182,2022.66639149705,2022.68673849888,NA
1032,1033,0.00359519780677164,-112.729572348978,47.9731166024704,-113.537918946579,47.788774933631,0.825154768091715,0.821559570284943,2022.68673849888,2022.69033369669,NA
1095,555,0.260357334401773,-97.4011393004517,42.9320587096777,-87.8050395771702,37.9165924823129,0.825232030308976,0.564874695907203,2022.4300536245,2022.6904109589,PQ701713|A/American_green-winged_teal/IN/22-029725-007-original-repeat/2022|H5N1|USA-IN|2022-09-10|wild_avian|B3.2
680,289,0.131900384276786,-99.3475410754976,34.6656668476466,-99.1389432501499,34.4300345160722,0.825232030308976,0.69333164603219,2022.55851057463,2022.6904109589,PQ706369|A/Blue-winged_teal/OK/22-029332-011-original/2022|H5N1|USA-OK|2022-09-10|wild_avian|B3.2
680,290,0.131900384276786,-99.3475410754976,34.6656668476466,-99.1108132029368,34.5801370418834,0.825232030308976,0.69333164603219,2022.55851057463,2022.6904109589,PQ706345|A/Blue-winged_teal/OK/22-029332-005-original/2022|H5N1|USA-OK|2022-09-10|wild_avian|B3.2
1033,1034,0.00108229601318177,-113.537918946579,47.788774933631,-113.354833660309,47.4122186497813,0.826237064104897,0.825154768091715,2022.69033369669,2022.6914159927,NA
993,994,0.016232087727523,-84.4735160416508,44.371960528832,-82.992892950884,43.1615411856637,0.826284521842283,0.81005243411476,2022.67523136271,2022.69146345044,NA
955,956,0.0990807497424004,-108.431176050327,56.7979296395901,-107.877149586775,55.1523013774253,0.826992851876863,0.727912102134463,2022.59309103073,2022.69217178047,NA
1108,1123,0.115885954827877,-74.6988783131845,47.8209406195623,-70.5784763258472,46.0813101261719,0.82711876554282,0.711232810714943,2022.57641173931,2022.69229769414,NA
958,292,0.171651019980497,-100.507954823179,45.7503495727657,-106.357834608,44.3325071653536,0.827971756336334,0.656320736355836,2022.52149966495,2022.69315068493,PQ712073|A/Great_horned_owl/WY/22-029194-001-original/2022|H5N1|USA-WY|2022-09-11|wild_avian|B3.2
595,596,0.215313348626836,-134.47636575341,49.0799469653507,-123.588883771825,41.0201647069285,0.828405755845843,0.613092407219007,2022.47827133581,2022.69358468444,NA
760,761,0.0124438984210742,-79.3505133072104,-8.15663488863636,-76.4496611628132,-7.01315386070349,0.828836036353615,0.81639213793254,2022.68157106653,2022.69401496495,NA
941,942,0.0142573915349344,-110.09594210154,42.4968783941649,-107.737891433382,41.4353408851509,0.830602982821134,0.816345591286199,2022.68152451988,2022.69578191142,NA
1110,1111,0.0975499941496798,-65.8510955647991,47.7554403925828,-65.4775392952108,47.5098785995008,0.831529151619872,0.733979157470192,2022.59915808607,2022.69670808021,NA
941,946,0.015517393948683,-110.09594210154,42.4968783941649,-110.75514958725,43.5735325200933,0.831862985234882,0.816345591286199,2022.68152451988,2022.69704191383,NA
956,957,0.00606998200672448,-107.877149586775,55.1523013774253,-109.124434002043,53.875148092694,0.833062833883587,0.826992851876863,2022.69217178047,2022.69824176248,NA
1034,1035,0.00714939666684211,-113.354833660309,47.4122186497813,-110.222146893018,45.529652062728,0.833386460771739,0.826237064104897,2022.6914159927,2022.69856538937,NA
740,306,0.125657783023472,-103.559957705732,45.9579555722465,-94.3377188302734,57.9075604455709,0.833451208391276,0.707793425367804,2022.57297235396,2022.69863013699,PV309744|A/Domestic_bird/MB/FAV-0929-1-2022/2022|H5N1|Canada-MB|2022-09-13|domestic_avian|B3.2
1033,1043,0.00933907162018199,-113.537918946579,47.788774933631,-113.617697838291,47.778923667044,0.834493839711897,0.825154768091715,2022.69033369669,2022.69967276831,NA
761,762,0.00627873319206307,-76.4496611628132,-7.01315386070349,-76.7095733584923,-6.82103040823492,0.835114769545678,0.828836036353615,2022.69401496495,2022.70029369814,NA
1035,1036,0.00181351779491834,-110.222146893018,45.529652062728,-110.357494673497,46.005635696165,0.835199978566657,0.833386460771739,2022.69856538937,2022.70037890716,NA
933,270,0.179771655161415,-106.932551554928,33.6154270785863,-107.329488754048,42.1210272523562,0.836190934418633,0.656419279257219,2022.52159820785,2022.70136986301,PQ718785|A/Trumpeter_Swan/WY/22-030049-002-original/2022|H5N1|USA-WY|2022-09-14|wild_avian|B3.2
746,298,0.0671547610639092,-101.360706364644,43.7759252495929,-113.288403972323,50.0030536826161,0.836190934418633,0.769036173354724,2022.63421510195,2022.70136986301,PV301481|A/Striped_Skunk/AB/OTH-0136-1-2022/2022|H5N1|Canada-AB|2022-09-14|other_mammal|B3.2
1036,1040,0.00123030164325977,-110.357494673497,46.005635696165,-110.936380781098,46.5850951780517,0.836430280209917,0.835199978566657,2022.70037890716,2022.7016092088,NA
1036,1037,0.00294452149744906,-110.357494673497,46.005635696165,-111.167790278993,46.2196158233722,0.838144500064106,0.835199978566657,2022.70037890716,2022.70332342866,NA
1034,1042,0.0119444330867395,-113.354833660309,47.4122186497813,-110.877922590592,47.4859003720689,0.838181497191636,0.826237064104897,2022.6914159927,2022.70336042579,NA
620,621,0.0458589339302771,-117.716348948562,49.9795560485133,-119.319196839292,50.4125482957239,0.838376066335004,0.792517132404727,2022.657696061,2022.70355499493,NA
722,724,0.136366691669532,-105.213001664012,46.8100378099261,-109.426402984223,42.1511986512165,0.83849941728042,0.702132725610888,2022.56731165421,2022.70367834588,NA
653,384,0.403412941668575,-116.286632750503,43.6514592859219,-112.76741089305,44.5140067083652,0.841670386473348,0.438257444804773,2022.3034363734,2022.70684931507,PQ718777|A/Trumpeter_Swan/MT/22-030263-001-original/2022|H5N1|USA-MT|2022-09-16|wild_avian|B3.2
1018,376,0.143888410955464,-100.122999356404,41.9827729120264,-102.744470454188,51.7251955817367,0.841670386473348,0.697781975517884,2022.56296090411,2022.70684931507,PV309064|A/Coopers_Hawk/SK/FAV-1470-23-2022/2022|H5N1|Canada-SK|2022-09-16|wild_avian|B3.2
961,962,0.0749441466580585,-96.6005159644508,35.7445568411593,-100.546543850246,38.4998490831142,0.843928623113308,0.768984476455249,2022.63416340505,2022.70910755171,NA
751,88,0.215221994628656,-111.563875072094,37.650117387627,-99.4696473826413,33.4224293169584,0.844410112500706,0.629188117872049,2022.49436704647,2022.7095890411,PQ706441|A/Blue-winged_teal/TX/22-031351-010-original-repeat/2022|H5N1|USA-TX|2022-09-17|wild_avian|B3.2
748,300,0.0402380426942148,-92.0074631761003,45.6932108740896,-89.9220589871421,47.8715278045294,0.844410112500706,0.804172069806491,2022.6693509984,2022.7095890411,PQ701745|A/American_green-winged_teal/MN/23-013078-030-original/2022|H5N1|USA-MN|2022-09-17|wild_avian|B3.2
724,725,0.00663632526342495,-109.426402984223,42.1511986512165,-108.829296852621,41.993477946796,0.845135742543845,0.83849941728042,2022.70367834588,2022.71031467114,NA
733,734,0.0373477686276842,-94.1279658158727,39.5017709756888,-92.7080582483545,32.800563679642,0.849674405442817,0.812326636815133,2022.67750556541,2022.71485333404,NA
974,976,0.0718973724727121,-97.1618524962141,41.3216680881341,-93.9240070871431,41.0721764185618,0.84969108810967,0.777793715636958,2022.64297264423,2022.7148700167,NA
992,365,0.104455913211316,-92.4695324456926,42.3861236350464,-104.408520469385,38.0657477783586,0.849889564555648,0.745433651344332,2022.61061257994,2022.71506849315,PQ715737|A/Red-tailed_hawk/CO/22-029818-001-original-repeat/2022|H5N1|USA-CO|2022-09-19|wild_avian|B3.2
983,326,0.0871418073162902,-92.3689003486933,39.630067402752,-92.9907220963616,30.2894012924913,0.852629290583005,0.765487483266715,2022.63066641186,2022.71780821918,PQ705761|A/Blue-winged_teal/LA/22-033477-003-original/2022|H5N1|USA-LA|2022-09-20|wild_avian|B3.2
736,737,0.0682135678198881,-94.6914552743316,39.5368452790223,-90.7194028837012,35.8774917594714,0.853052808303646,0.784839240483758,2022.65001816908,2022.7182317369,NA
1032,1044,0.0334416017487413,-112.729572348978,47.9731166024704,-111.751543126207,50.0534469206084,0.855001172033685,0.821559570284943,2022.68673849888,2022.72018010063,NA
942,943,0.0248557919304457,-107.737891433382,41.4353408851509,-105.686969764608,44.1556076843212,0.855458774751579,0.830602982821134,2022.69578191142,2022.72063770335,NA
998,1000,0.0635705496299175,-92.8562908615993,42.3914735132196,-89.9579718202464,39.2746237048386,0.857329351928268,0.793758802298351,2022.65893773089,2022.72250828052,NA
946,947,0.0255761707125695,-110.75514958725,43.5735325200933,-110.241177344268,42.6083606327086,0.857439155947452,0.831862985234882,2022.69704191383,2022.72261808454,NA
1021,1022,0.090440524296516,-95.397897223157,38.2485949704334,-99.3797022658629,42.3763907154678,0.857715720521862,0.767275196225346,2022.63245412482,2022.72289464912,NA
943,944,0.00228255853148607,-105.686969764608,44.1556076843212,-105.342203143171,43.9950788771793,0.857741333283065,0.855458774751579,2022.72063770335,2022.72292026188,NA
1076,564,0.592529603216641,-89.1277649937061,40.2606835653781,-102.970000816105,34.505090131216,0.85810874263772,0.265579139421079,2022.13075806802,2022.72328767123,PQ706497|A/Blue-winged_teal/TX/22-033479-004-original/2022|H5N1|USA-TX|2022-09-22|wild_avian|B3.2
747,299,0.1112152478707,-94.188493376631,43.7487306793159,-112.104454880697,54.1889271907841,0.85810874263772,0.74689349476702,2022.61207242336,2022.72328767123,PV320424|A/Turkey/AB/FAV-0962-1-2022/2022|H5N1|Canada-AB|2022-09-22|domestic_avian|B3.2
1127,1128,0.164196405221739,-80.5801768505974,45.3688956831417,-74.4672746134065,39.4401360464759,0.858402870476236,0.694206465254497,2022.55938539385,2022.72358179907,NA
684,295,0.270886751920046,-103.233997935313,46.4047946131861,-92.8032001533247,32.290523684995,0.860848468665077,0.589961716745032,2022.45514064534,2022.72602739726,EPI_ISL_17690225|A/duck/Louisiana/UGAI22-3889/2022|H5N1|USA-LA|2022-09-23|domestic_avian|B3.2
932,269,0.192126039601167,-108.562081766969,36.4482337439642,-114.348455993038,37.7604476908685,0.860848468665077,0.66872242906391,2022.53390135766,2022.72602739726,PQ708353|A/Canada_goose/NV/22-033403-003-original-repeat/2022|H5N1|USA-NV|2022-09-23|wild_avian|B3.2
754,266,0.133788464874317,-102.675962867558,36.9422628894444,-92.1548292411768,39.7706088234187,0.860848468665077,0.72706000379076,2022.59223893239,2022.72602739726,PQ701273|A/American_Blue-winged_teal/MO/22-032511-101-original-repeat/2022|H5N1|USA-MO|2022-09-23|wild_avian|B3.2
621,626,0.0229243160845485,-119.319196839292,50.4125482957239,-118.795948236506,50.6731008519127,0.861300382419553,0.838376066335004,2022.70355499493,2022.72647931101,NA
754,755,0.134890362512712,-102.675962867558,36.9422628894444,-112.359405113298,43.2072581948389,0.861950366303472,0.72706000379076,2022.59223893239,2022.7271292949,NA
948,286,0.0818012538924964,-109.039228047359,41.3737082073509,-110.449705253966,47.6862096929782,0.863588194692662,0.781786940800166,2022.6469658694,2022.72876712329,PQ706313|A/Blue-winged_teal/MT/22-031163-004-original-repeat/2022|H5N1|USA-MT|2022-09-24|wild_avian|B3.2
603,604,0.0454548894145153,-119.561037737451,50.2451610122229,-119.871656229132,50.0602836501247,0.863824427142822,0.818369537728307,2022.68354846632,2022.72900335574,NA
998,999,0.0701927026415765,-92.8562908615993,42.3914735132196,-93.6939159319206,42.2056284267039,0.863951504939927,0.793758802298351,2022.65893773089,2022.72913043353,NA
934,935,0.102755158422857,-105.86375319628,41.5557360399955,-105.032650705605,40.3716290139981,0.869929367306175,0.767174208883318,2022.63235313748,2022.7351082959,NA
725,726,0.0252039973065137,-108.829296852621,41.993477946796,-110.76435789468,40.1087642017838,0.870339739850359,0.845135742543845,2022.71031467114,2022.73551866845,NA
1022,1023,0.0132306749028004,-99.3797022658629,42.3763907154678,-99.5721426038807,40.7165118719285,0.870946395424662,0.857715720521862,2022.72289464912,2022.73612532402,NA
608,609,0.066768989627084,-150.906814105966,62.4132632663555,-145.727019777271,63.9655651941843,0.871356055165274,0.80458706553819,2022.66976599413,2022.73653498376,NA
1110,523,0.137828215304542,-65.8510955647991,47.7554403925828,-65.2486355484387,46.5644569306718,0.871807372774734,0.733979157470192,2022.59915808607,2022.73698630137,PV301592|A/American_Black_Duck/NB/FAV-1206-8-2022/2022|H5N1|Canada-NB|2022-09-27|wild_avian|B3.2
726,41,0.00146763292437502,-110.76435789468,40.1087642017838,-110.920912133228,40.2128536949093,0.871807372774734,0.870339739850359,2022.73551866845,2022.73698630137,PQ710001|A/Eared_grebe/UT/22-030915-001-original/2022|H5N1|USA-UT|2022-09-27|wild_avian|B3.2
762,763,0.0367242719758898,-76.7095733584923,-6.82103040823492,-78.1429012715076,-6.16052568401328,0.871839041521568,0.835114769545678,2022.70029369814,2022.73701797012,NA
1123,1124,0.0464211267255714,-70.5784763258472,46.0813101261719,-70.5878512701625,45.9426151292797,0.873539892268391,0.82711876554282,2022.69229769414,2022.73871882086,NA
762,774,0.0385870911009967,-76.7095733584923,-6.82103040823492,-77.3914162336489,-7.61564886201786,0.873701860646674,0.835114769545678,2022.70029369814,2022.73888078924,NA
752,265,0.223470858329198,-115.071455173873,38.2929696311139,-104.281006122078,40.1463469764853,0.874547098802092,0.651076240472893,2022.51625516907,2022.7397260274,PQ716913|A/Ring-billed_gull/CO/22-030941-001-original/2022|H5N1|USA-CO|2022-09-28|wild_avian|B3.2
955,305,0.146634996667629,-108.431176050327,56.7979296395901,-108.357479237766,49.2533625907234,0.874547098802092,0.727912102134463,2022.59309103073,2022.7397260274,PV310832|A/Domestic_bird/SK/FAV-0986-2-2022/2022|H5N1|Canada-SK|2022-09-28|domestic_avian|B3.2
729,57,0.132258836662269,-99.9196876276026,45.3953599382054,-100.849359405805,46.8185604245009,0.874547098802092,0.742288262139823,2022.60746719073,2022.7397260274,PQ711673|A/Great_horned_owl/ND/22-032264-001-original/2022|H5N1|USA-ND|2022-09-28|wild_avian|B3.2
1030,430,0.100927339396113,-110.741224080703,47.8606974024308,-101.093543222782,45.988441285752,0.874547098802092,0.773619759405978,2022.638798688,2022.7397260274,PQ702113|A/American_white_Pelican/ND/22-032266-001-original-repeat/2022|H5N1|USA-ND|2022-09-28|wild_avian|B3.2
737,738,0.0218468142554693,-90.7194028837012,35.8774917594714,-98.5098750248255,45.3038491254622,0.874899622559115,0.853052808303646,2022.7182317369,2022.74007855115,NA
668,669,0.154053874785878,-123.291474993474,53.6341889018873,-112.82055253045,48.7103850800321,0.876212128335888,0.72215825355001,2022.58733718215,2022.74139105693,NA
1103,528,0.183773117107457,-86.6727031647139,46.2473683507661,-93.3554715402583,44.9834036226052,0.877286824829676,0.693513707722219,2022.55869263632,2022.74246575342,PQ719105|A/Turkey_Vulture/MN/22-031157-002-original/2022|H5N1|USA-MN|2022-09-29|wild_avian|B3.2
1109,524,0.160608825860265,-75.0302720369075,46.7600060395271,-101.289925446432,58.7771452850889,0.877286824829676,0.716677998969411,2022.58185692756,2022.74246575342,PV320960|A/Turkey/MB/FAV-0994-2-2022/2022|H5N1|Canada-MB|2022-09-29|domestic_avian|B3.2
726,42,0.00694708497931718,-110.76435789468,40.1087642017838,-110.590447418544,39.8489802283128,0.877286824829676,0.870339739850359,2022.73551866845,2022.74246575342,PQ712361|A/Gull/UT/22-031729-002-original-repeat/2022|H5N1|USA-UT|2022-09-29|wild_avian|B3.2
761,832,0.0505973763392134,-76.4496611628132,-7.01315386070349,-66.6892993721586,-13.866888246119,0.879433412692828,0.828836036353615,2022.69401496495,2022.74461234129,NA
616,466,0.173097835771278,-128.77004718142,48.6181215395247,-161.880804151488,55.6334127751939,0.880026550857034,0.706928715085756,2022.57210764368,2022.74520547945,PQ714633|A/Northern_pintail/AK/23-002693-016-original/2022|H5N1|USA-AK|2022-09-30|wild_avian|B3.2
1128,1129,0.0223345250550886,-74.4672746134065,39.4401360464759,-75.0118229225057,44.6692498454952,0.880737395531324,0.858402870476236,2022.72358179907,2022.74591632413,NA
934,273,0.115592068001073,-105.86375319628,41.5557360399955,-112.938001443838,43.7822937370341,0.882766276884391,0.767174208883318,2022.63235313748,2022.74794520548,PQ701705|A/American_green-winged_teal/ID/22-034533-007-original-repeat2/2022|H5N1|USA-ID|2022-10-01|wild_avian|B3.2
734,53,0.0330918714415738,-92.7080582483545,32.800563679642,-98.3446049327085,47.8795586539142,0.882766276884391,0.849674405442817,2022.71485333404,2022.74794520548,PQ701793|A/American_green-winged_teal/ND/22-032267-001-original-repeat/2022|H5N1|USA-ND|2022-10-01|wild_avian|B3.2
974,975,0.105195055281675,-97.1618524962141,41.3216680881341,-92.2116841889015,39.3776358567074,0.882988770918633,0.777793715636958,2022.64297264423,2022.74816769951,NA
1000,1004,0.0299251741837119,-89.9579718202464,39.2746237048386,-89.6434637068508,39.2298774490976,0.88725452611198,0.857329351928268,2022.72250828052,2022.75243345471,NA
930,936,0.283269909013231,-109.827511953481,33.7687183390716,-109.751009295206,33.7269535186515,0.8874517172367,0.604181808223469,2022.46936073682,2022.75263064583,NA
755,756,0.0262522865518982,-112.359405113298,43.2072581948389,-110.5336467318,41.4583373081357,0.88820265285537,0.861950366303472,2022.7271292949,2022.75338158145,NA
1129,1130,0.00946477382110755,-75.0118229225057,44.6692498454952,-76.2234421307959,41.8304241412055,0.890202169352432,0.880737395531324,2022.74591632413,2022.75538109795,NA
706,59,0.186326947739688,-111.051068923243,40.2795809556663,-111.709872366424,40.8243004532473,0.890985454966463,0.704658507226775,2022.56983743582,2022.75616438356,PQ709897|A/Duck/UT/22-031728-004-original-repeat/2022|H5N1|USA-UT|2022-10-04|domestic_avian|B3.2
621,622,0.0527858018879677,-119.319196839292,50.4125482957239,-122.393042530658,48.9303348174552,0.891161868222972,0.838376066335004,2022.70355499493,2022.75634079682,NA
720,46,0.219321453091844,-103.745318681071,48.3624175867462,-93.675493507415,57.8412929991347,0.893725180994048,0.674403727902204,2022.5395826565,2022.75890410959,PV324056|A/chicken/MB/FAV-1061-1-2022/2022|H5N1|Canada-MB|2022-10-05|domestic_avian|B3.2
967,366,0.193708605041236,-96.1537578527817,40.1113624265182,-112.314819338412,53.8120229989401,0.893725180994048,0.700016575952812,2022.56519550455,2022.75890410959,PV305552|A/Canada_Goose/AB/FAV-1258-5-2022/2022|H5N1|Canada-AB|2022-10-05|wild_avian|B3.2
972,322,0.175968810568376,-97.2330885153891,41.036024826776,-111.229853858333,54.6938875208084,0.893725180994048,0.717756370425672,2022.58293529902,2022.75890410959,PV305560|A/Canada_Goose/AB/FAV-1258-6-2022/2022|H5N1|Canada-AB|2022-10-05|wild_avian|B3.2
1021,372,0.12918971079606,-95.397897223157,38.2485949704334,-93.5910512967512,35.7991472787279,0.896464907021405,0.767275196225346,2022.63245412482,2022.76164383562,EPI_ISL_16297378|A/chicken/Arkansas/22-031676-001/2022|H5N1|USA-AR|2022-10-06|domestic_avian|B3.2
942,276,0.0686016502276292,-107.737891433382,41.4353408851509,-87.5431380509341,38.1896198654724,0.899204633048763,0.830602982821134,2022.69578191142,2022.76438356164,PQ715137|A/Peregrine_falcon/IN/22-032710-001-original/2022|H5N1|USA-IN|2022-10-07|wild_avian|B3.2
1111,1112,0.0712886053812198,-65.4775392952108,47.5098785995008,-63.9009436101917,45.5212861504974,0.902817757001091,0.831529151619872,2022.69670808021,2022.7679966856,NA
756,757,0.0165839552131453,-110.5336467318,41.4583373081357,-103.78644293671,42.5672051722462,0.904786608068516,0.88820265285537,2022.75338158145,2022.76996553666,NA
1104,1105,0.251980236329765,-88.9848143439996,46.4419103758828,-90.7327086439518,44.6933534828453,0.904789816969453,0.652809580639688,2022.51798850923,2022.76996874556,NA
832,833,0.0266289526414161,-66.6892993721586,-13.866888246119,-61.6879551930148,-20.4380365047961,0.906062365334244,0.879433412692828,2022.74461234129,2022.77124129393,NA
929,267,0.311109480634105,-108.702642263046,36.0596408057601,-107.896480764973,42.701901593526,0.907423811130835,0.59631433049673,2022.46149325909,2022.77260273973,EPI_ISL_16297368|A/chicken/Wyoming/22-032216-001/2022|H5N1|USA-WY|2022-10-10|domestic_avian|B3.2
727,37,0.282939569989,-96.1084590117941,45.4203460549654,-98.9973124880716,34.2233611659464,0.907423811130835,0.624484241141835,2022.48966316974,2022.77260273973,PQ701297|A/American_Blue-winged_teal/OK/22-032994-002-original/2022|H5N1|USA-OK|2022-10-10|wild_avian|B3.2
935,271,0.0374944438246598,-105.032650705605,40.3716290139981,-105.361234473325,40.7349161969047,0.907423811130835,0.869929367306175,2022.7351082959,2022.77260273973,EPI_ISL_16297358|A/chicken/Colorado/22-032670-001/2022|H5N1|USA-CO|2022-10-10|domestic_avian|B3.2
935,272,0.0374944438246598,-105.032650705605,40.3716290139981,-104.815853792286,40.1390197782985,0.907423811130835,0.869929367306175,2022.7351082959,2022.77260273973,EPI_ISL_16297365|A/chicken/Colorado/22-032233-001/2022|H5N1|USA-CO|2022-10-10|domestic_avian|B3.2
626,627,0.0469733359900806,-118.795948236506,50.6731008519127,-120.781486757735,49.6830959654515,0.908273718409633,0.861300382419553,2022.72647931101,2022.773452647,NA
701,703,0.232822169145723,-105.935874117408,43.2075129916455,-89.5223280423178,34.1488688674409,0.909815915148747,0.676993746003024,2022.5421726746,2022.77499484374,NA
664,27,0.228635045331779,-115.911883890731,57.0629505124163,-120.611194016655,51.8894279012331,0.91016353715842,0.68152849182664,2022.54670742042,2022.77534246575,PV309680|A/Domestic_bird/BC/FAV-1128-2022/2022|H5N1|Canada-BC|2022-10-11|domestic_avian|B3.2
604,399,0.0463391100155977,-119.871656229132,50.0602836501247,-149.51686097139,63.2691250832976,0.91016353715842,0.863824427142822,2022.72900335574,2022.77534246575,PP802398|A/domestic_turkey/USA/22-032677-004/2022|H5N1|USA-AK|2022-10-11|domestic_avian|B3.2
1040,426,0.0764729829758601,-110.936380781098,46.5850951780517,-99.1275753599623,54.0780391385738,0.912903263185777,0.836430280209917,2022.7016092088,2022.77808219178,PV303768|A/Bald_Eagle/MB/OTH-0142-1-2022/2022|H5N1|Canada-MB|2022-10-12|wild_avian|B3.2
703,704,0.00310206096091203,-89.5223280423178,34.1488688674409,-90.1720581183384,34.9012632049614,0.912917976109659,0.909815915148747,2022.77499484374,2022.7780969047,NA
664,26,0.234114497386494,-115.911883890731,57.0629505124163,-93.2325603968197,35.3552913946758,0.915642989213135,0.68152849182664,2022.54670742042,2022.78082191781,EPI_ISL_16297360|A/chicken/Arkansas/22-032566-001/2022|H5N1|USA-AR|2022-10-13|domestic_avian|B3.2
1128,1131,0.0578644446667989,-74.4672746134065,39.4401360464759,-72.2887473836007,42.7207882131932,0.916267315143035,0.858402870476236,2022.72358179907,2022.78144624374,NA
595,469,0.305290308021485,-134.47636575341,49.0799469653507,-161.043512364986,55.7762500167032,0.918382715240492,0.613092407219007,2022.47827133581,2022.78356164384,PQ713065|A/Mallard/AK/23-003641-008-original/2022|H5N1|USA-AK|2022-10-14|wild_avian|B3.2
993,364,0.108330281125733,-84.4735160416508,44.371960528832,-117.15089009338,38.183859658932,0.918382715240492,0.81005243411476,2022.67523136271,2022.78356164384,EPI_ISL_16297353|A/chicken/Nevada/22-032799-001/2022|H5N1|USA-NV|2022-10-14|domestic_avian|B3.2
734,54,0.0687083097976746,-92.7080582483545,32.800563679642,-92.101375467858,32.2866477877593,0.918382715240492,0.849674405442817,2022.71485333404,2022.78356164384,EPI_ISL_16297332|A/goose/Louisiana/22-033391-001/2022|H5N1|USA-LA|2022-10-14|domestic_avian|B3.2
939,940,0.106348649443196,-110.099427545208,42.4116253255238,-110.270889601267,47.1215013866505,0.919282792846654,0.812934143403457,2022.678113072,2022.78446172144,NA
1004,1005,0.0326552723226672,-89.6434637068508,39.2298774490976,-90.3996187741743,37.2415385283552,0.919909798434647,0.88725452611198,2022.75243345471,2022.78508872703,NA
691,693,0.260165651442518,-104.233774515016,42.8533352258257,-103.735481153332,42.2008373378296,0.920777085449041,0.660611434006523,2022.5257903626,2022.78595601404,NA
953,312,0.170471913188213,-110.141431313745,47.3774209569847,-119.899749557744,45.638295229209,0.921122441267849,0.750650528079637,2022.61582945667,2022.78630136986,PQ702361|A/American_wigeon/OR/22-033876-019-original/2022|H5N1|USA-OR|2022-10-15|wild_avian|B3.2
989,353,0.141348055381811,-94.537874200051,34.2157209550806,-75.3621992578406,43.0186134362716,0.921122441267849,0.779774385886038,2022.64495331448,2022.78630136986,PQ701809|A/American_green-winged_teal/NY/22-033592-029-original/2022|H5N1|USA-NY|2022-10-15|wild_avian|B3.2
994,363,0.0948379194255668,-82.992892950884,43.1615411856637,-81.2168872067385,42.1468041683617,0.921122441267849,0.826284521842283,2022.69146345044,2022.78630136986,PQ702337|A/American_wigeon/OH/22-034080-032-original/2022|H5N1|USA-OH|2022-10-15|wild_avian|B3.2
1022,379,0.0634067207459874,-99.3797022658629,42.3763907154678,-97.5499451547776,40.8802479147173,0.921122441267849,0.857715720521862,2022.72289464912,2022.78630136986,EPI_ISL_16297351|A/pheasant/Nebraska/22-032910-001/2022|H5N1|USA-NE|2022-10-15|domestic_avian|B3.2
936,274,0.0336707240311496,-109.751009295206,33.7269535186515,-112.091362943007,33.5906627862829,0.921122441267849,0.8874517172367,2022.75263064583,2022.78630136986,PQ714969|A/Pelican/AZ/22-038234-003-original/2022|H5N1|USA-AZ|2022-10-15|wild_avian|B3.2
936,275,0.0336707240311496,-109.751009295206,33.7269535186515,-109.894474018012,32.0943767389998,0.921122441267849,0.8874517172367,2022.75263064583,2022.78630136986,PQ714961|A/Pelican/AZ/22-038234-002-original/2022|H5N1|USA-AZ|2022-10-15|wild_avian|B3.2
833,834,0.0153405410069571,-61.6879551930148,-20.4380365047961,-62.5362253701827,-32.6992031735399,0.921402906341201,0.906062365334244,2022.77124129393,2022.78658183494,NA
774,829,0.0477275434504216,-77.3914162336489,-7.61564886201786,-78.2038557633441,-8.23877716193828,0.921429404097096,0.873701860646674,2022.73888078924,2022.78660833269,NA
774,775,0.0491263318534965,-77.3914162336489,-7.61564886201786,-76.7508517647029,-8.6836732034635,0.922828192500171,0.873701860646674,2022.73888078924,2022.7880071211,NA
685,294,0.263678188645872,-107.523244339335,48.5326771441475,-93.745500170024,40.8173234589977,0.923862167295207,0.660183978649334,2022.52536290724,2022.78904109589,PQ701697|A/American_green-winged_teal/IA/22-034928-001-original-repeat2/2022|H5N1|USA-IA|2022-10-16|wild_avian|B3.2
948,287,0.142075226495041,-109.039228047359,41.3737082073509,-118.986050578588,37.4845630654967,0.923862167295207,0.781786940800166,2022.6469658694,2022.78904109589,EPI_ISL_16297067|A/Muscovy_duck/California/22-034335-001/2022|H5N1|USA-CA|2022-10-16|wild_avian|B3.2
1000,1001,0.068856566596053,-89.9579718202464,39.2746237048386,-90.0265750404208,40.130336959159,0.926185918524321,0.857329351928268,2022.72250828052,2022.79136484712,NA
688,35,0.446529526315652,-102.942126649772,44.1014906584303,-101.011075577665,38.8054273130656,0.926601893322792,0.480072367007139,2022.3452512956,2022.79178082192,PQ715033|A/Pelican/KS/22-036624-001-original-repeat/2022|H5N1|USA-KS|2022-10-17|wild_avian|B3.2
663,28,0.280364374553343,-117.17706197291,58.1334753396175,-96.5073298406752,32.9116318254356,0.926601893322792,0.646237518769448,2022.51141644736,2022.79178082192,EPI_ISL_16297342|A/chicken/Texas/22-033221-001/2022|H5N1|USA-TX|2022-10-17|domestic_avian|B3.2
740,741,0.220042549659625,-103.559957705732,45.9579555722465,-111.320038360652,44.7351946192969,0.927835975027429,0.707793425367804,2022.57297235396,2022.79301490362,NA
833,916,0.0227358750963846,-61.6879551930148,-20.4380365047961,-66.6925011579641,-18.1477693438671,0.928798240430629,0.906062365334244,2022.77124129393,2022.79397716903,NA
693,694,0.00839732461912313,-103.735481153332,42.2008373378296,-103.706283720724,41.378363876765,0.929174410068164,0.920777085449041,2022.78595601404,2022.79435333866,NA
953,313,0.178691091270512,-110.141431313745,47.3774209569847,-98.7131364783797,44.9206209753588,0.929341619350149,0.750650528079637,2022.61582945667,2022.79452054795,EPI_ISL_16297337|A/chicken/South_Dakota/22-033350-001/2022|H5N1|USA-SD|2022-10-18|domestic_avian|B3.2
940,284,0.0100588265034953,-110.270889601267,47.1215013866505,-110.366012940937,48.4118643527766,0.929341619350149,0.919282792846654,2022.78446172144,2022.79452054795,EPI_ISL_16297340|A/chicken/Montana/22-033348-001/2022|H5N1|USA-MT|2022-10-18|domestic_avian|B3.2
962,963,0.0861901821878943,-100.546543850246,38.4998490831142,-98.8852605514668,44.6859561546569,0.930118805301202,0.843928623113308,2022.70910755171,2022.7952977339,NA
1023,378,0.061134949952844,-99.5721426038807,40.7165118719285,-99.2520760849805,41.8432054023796,0.932081345377506,0.870946395424662,2022.73612532402,2022.79726027397,PQ718537|A/Sparrow/NE/22-033885-001-original/2022|H5N1|USA-NE|2022-10-19|wild_avian|B3.2
1131,1132,0.0163670258654669,-72.2887473836007,42.7207882131932,-72.5035771581737,43.0816833414509,0.932634341008502,0.916267315143035,2022.78144624374,2022.7978132696,NA
1020,375,0.210706835033718,-99.120750480914,41.5598643217208,-97.6322916867032,35.3726595160294,0.934821071404864,0.724114236371145,2022.58929316497,2022.8,EPI_ISL_16297140|A/chicken/Oklahoma/22-033558-001/2022|H5N1|USA-OK|2022-10-20|domestic_avian|B3.2
991,325,0.209818196288424,-89.317371868335,38.8760023835563,-81.9227214421236,28.7346826960618,0.934821071404864,0.72500287511644,2022.59018180371,2022.8,EPI_ISL_16297133|A/chicken/Florida/22-033923-001/2022|H5N1|USA-FL|2022-10-20|domestic_avian|B3.2
940,285,0.0155382785582101,-110.270889601267,47.1215013866505,-110.366627753608,47.5445061987444,0.934821071404864,0.919282792846654,2022.78446172144,2022.8,PQ708265|A/Canada_goose/MT/22-033859-002-original/2022|H5N1|USA-MT|2022-10-20|wild_avian|B3.2
646,647,0.459667934223384,-128.457410964784,56.5837392327846,-121.906572017881,43.6128827926144,0.937440601413583,0.477772667190199,2022.34295159579,2022.80261953001,NA
685,293,0.280116544810471,-107.523244339335,48.5326771441475,-103.835454158823,51.7459857266537,0.940300523459806,0.660183978649334,2022.52536290724,2022.80547945205,PV310888|A/Domestic_bird/SK/FAV-1259-1-2022/2022|H5N1|Canada-SK|2022-10-22|domestic_avian|B3.2
721,43,0.244690036568241,-103.683937689885,46.4977077468214,-108.976066367897,49.558939874607,0.940300523459806,0.695610486891565,2022.56078941549,2022.80547945205,PV324608|A/chicken/SK/FAV-1261-2-2022/2022|H5N1|Canada-SK|2022-10-22|domestic_avian|B3.2
988,357,0.160898931441918,-94.4272784326242,42.9553918393429,-94.4606083903744,42.9705099186398,0.940300523459806,0.779401592017888,2022.64458052061,2022.80547945205,PQ705697|A/Blue-winged_teal/IA/22-034304-005-original-repeat2/2022|H5N1|USA-IA|2022-10-22|wild_avian|B3.2
775,781,0.0177625528349785,-76.7508517647029,-8.6836732034635,-73.9766327580335,-13.0066949012297,0.940590745335149,0.922828192500171,2022.7880071211,2022.80576967393,NA
706,707,0.237310803121776,-111.051068923243,40.2795809556663,-125.700813870681,48.8164418672716,0.941969310348551,0.704658507226775,2022.56983743582,2022.80714823894,NA
627,628,0.0337454482097765,-120.781486757735,49.6830959654515,-122.783706182955,49.6218758984941,0.94201916661941,0.908273718409633,2022.773452647,2022.80719809521,NA
985,329,0.19441690873957,-91.293907404906,39.5603658298505,-95.5852619523216,45.2098629953445,0.943040249487163,0.748623340747593,2022.61380226934,2022.80821917808,EPI_ISL_16297135|A/turkey/Minnesota/22-033929-001/2022|H5N1|USA-MN|2022-10-23|domestic_avian|B3.2
1001,1002,0.0171390690612858,-90.0265750404208,40.130336959159,-91.0116767725738,40.3525857692708,0.943324987585607,0.926185918524321,2022.79136484712,2022.80850391618,NA
763,764,0.0722799776090786,-78.1429012715076,-6.16052568401328,-77.6789135771965,-10.5820417745645,0.944119019130646,0.871839041521568,2022.73701797012,2022.80929794773,NA
1112,1113,0.0431775080024699,-63.9009436101917,45.5212861504974,-60.4556431107994,47.4634302438225,0.945995265003561,0.902817757001091,2022.7679966856,2022.8111741936,NA
1005,1006,0.0268620161651922,-90.3996187741743,37.2415385283552,-92.5942685591008,37.4795375700948,0.94677181459984,0.919909798434647,2022.78508872703,2022.8119507432,NA
598,467,0.58568936447054,-121.11321075014,53.2678552784984,-127.661902946483,53.978622693071,0.948519701541878,0.362830337071338,2022.22800926567,2022.81369863014,PV304800|A/Cackling_Goose/BC/FAV-0014-67-2023/2022|H5N1|Canada-BC|2022-10-25|wild_avian|B3.2
736,48,0.16368046105812,-94.6914552743316,39.5368452790223,-93.8613006059036,44.4121563802235,0.948519701541878,0.784839240483758,2022.65001816908,2022.81369863014,EPI_ISL_16297129|A/turkey/Minnesota/22-034260-001/2022|H5N1|USA-MN|2022-10-25|domestic_avian|B3.2
724,39,0.110020284261457,-109.426402984223,42.1511986512165,-112.080479343507,41.3980344527773,0.948519701541878,0.83849941728042,2022.70367834588,2022.81369863014,PQ711857|A/Great_horned_owl/UT/22-035956-007-original/2022|H5N1|USA-UT|2022-10-25|wild_avian|B3.2
609,610,0.0773104844296202,-145.727019777271,63.9655651941843,-147.118870005044,63.4661926974395,0.948666539594894,0.871356055165274,2022.73653498376,2022.81384546819,NA
729,58,0.208971165429413,-99.9196876276026,45.3953599382054,-114.827224595463,44.3830926941401,0.951259427569235,0.742288262139823,2022.60746719073,2022.81643835616,PQ702289|A/American_wigeon/ID/22-036873-001-original/2022|H5N1|USA-ID|2022-10-26|wild_avian|B3.2
1113,1114,0.00598477740157222,-60.4556431107994,47.4634302438225,-62.2772772701382,47.386801074416,0.951980042405133,0.945995265003561,2022.8111741936,2022.817158971,NA
669,670,0.0769516730059752,-112.82055253045,48.7103850800321,-108.160110142054,46.7754601332552,0.953163801341863,0.876212128335888,2022.74139105693,2022.81834272994,NA
1016,368,0.302678557757176,-98.7874231751097,38.3997305435088,-116.381753724421,33.2182230543895,0.953999153596593,0.651320595839417,2022.51649952443,2022.81917808219,PQ701953|A/American_white_Pelican/CA/22-035596-001-original/2022|H5N1|USA-CA|2022-10-27|wild_avian|B3.2
962,380,0.110070530483285,-100.546543850246,38.4998490831142,-123.969928518055,45.9206268682248,0.953999153596593,0.843928623113308,2022.70910755171,2022.81917808219,PQ702401|A/American_wigeon/OR/22-035736-015-original/2022|H5N1|USA-OR|2022-10-27|wild_avian|B3.2
1023,377,0.0830527581719305,-99.5721426038807,40.7165118719285,-98.6525305122491,43.0499333941961,0.953999153596593,0.870946395424662,2022.73612532402,2022.81917808219,EPI_ISL_16297062|A/pheasant/South_Dakota/22-034797-001/2022|H5N1|USA-SD|2022-10-27|domestic_avian|B3.2
781,782,0.0144620634156665,-73.9766327580335,-13.0066949012297,-75.7609243538053,-13.6334304285838,0.955052808750816,0.940590745335149,2022.80576967393,2022.82023173735,NA
775,776,0.033002767766058,-76.7508517647029,-8.6836732034635,-79.3795509180535,-14.2996005871589,0.955830960266229,0.922828192500171,2022.7880071211,2022.82100988886,NA
694,697,0.0271024836693448,-103.706283720724,41.378363876765,-101.180452176534,40.9944872377271,0.956276893737509,0.929174410068164,2022.79435333866,2022.82145582233,NA
966,316,0.274876180941677,-94.1232008069377,40.369680610666,-87.0645571608196,41.03148510555,0.956738879624178,0.681862698682501,2022.54704162728,2022.82191780822,PQ713273|A/Mallard/IN/22-034829-007-original-repeat2/2022|H5N1|USA-IN|2022-10-28|wild_avian|B3.2
928,258,0.166402269516518,-94.6172566381029,30.5622997356699,-82.0475582329663,28.1359954546867,0.959478605651535,0.793076336135017,2022.65825526473,2022.82465753425,PQ715121|A/Peregrine_falcon/FL/22-035514-001-original/2022|H5N1|USA-FL|2022-10-29|wild_avian|B3.2
1124,1125,0.0883107591327761,-70.5878512701625,45.9426151292797,-72.3492708797731,48.3011734747571,0.961850651401167,0.873539892268391,2022.73871882086,2022.82702958,NA
702,75,0.217572842715835,-107.056519939946,41.9079423673112,-104.851818547678,41.7543729060099,0.962218331678892,0.744645488963058,2022.60982441756,2022.82739726027,PQ709201|A/Canada_goose/WY/23-000336-002-original/2022|H5N1|USA-WY|2022-10-30|wild_avian|B3.2
986,331,0.159875017116874,-94.0441964876336,40.2117932074714,-81.4366106901673,46.2296244719901,0.962218331678892,0.802343314562018,2022.66752224316,2022.82739726027,PV302416|A/American_Crow/ON/FAV-1440-3-2022/2022|H5N1|Canada-ON|2022-10-30|wild_avian|B3.2
947,283,0.104779175731441,-110.241177344268,42.6083606327086,-78.3891327238759,36.4740505407372,0.962218331678892,0.857439155947452,2022.72261808454,2022.82739726027,PQ708281|A/Canada_goose/NC/22-036623-001-original-repeat2/2022|H5N1|USA-NC|2022-10-30|wild_avian|B3.2
691,692,0.302180360490415,-104.233774515016,42.8533352258257,-104.687338404533,40.03638349679,0.962791794496939,0.660611434006523,2022.5257903626,2022.82797072309,NA
764,765,0.0187090602035429,-77.6789135771965,-10.5820417745645,-80.6624651007385,-5.15375817252657,0.962828079334189,0.944119019130646,2022.80929794773,2022.82800700793,NA
1006,1007,0.0172343291829673,-92.5942685591008,37.4795375700948,-93.9207925062153,38.1462353203316,0.964006143782807,0.94677181459984,2022.8119507432,2022.82918507238,NA
716,86,0.455191022040621,-100.354709837054,43.0174185351225,-97.1851556042977,32.687778458769,0.96495805770625,0.509767035665629,2022.37494596426,2022.8301369863,EPI_ISL_16297117|A/mallard/Texas/22-035744-001/2022|H5N1|USA-TX|2022-10-31|wild_avian|B3.2
961,381,0.195973581251001,-96.6005159644508,35.7445568411593,-88.4644800869413,43.1810900509608,0.96495805770625,0.768984476455249,2022.63416340505,2022.8301369863,EPI_ISL_16297085|A/chicken/Wisconsin/22-034812-002/2022|H5N1|USA-WI|2022-10-31|domestic_avian|B3.2
765,766,0.00313165049863562,-80.6624651007385,-5.15375817252657,-81.287247667488,-5.28563425332836,0.965959729832825,0.962828079334189,2022.82800700793,2022.83113865843,NA
1132,1133,0.0334081232101422,-72.5035771581737,43.0816833414509,-76.3653190241493,42.4206168065552,0.966042464218644,0.932634341008502,2022.7978132696,2022.83122139281,NA
1159,482,0.295973551268734,-113.612362435959,38.0103218248948,-112.35245673626,35.0447475589837,0.967697783733607,0.671724232464873,2022.53690316106,2022.83287671233,EPI_ISL_16297070|A/chicken/Arizona/22-035006-002/2022|H5N1|USA-AZ|2022-11-01|domestic_avian|B3.2
1017,373,0.270076553857272,-100.352372679616,41.9740610996741,-101.103174868992,48.548458676749,0.967697783733607,0.697621229876335,2022.56280015847,2022.83287671233,EPI_ISL_16297071|A/chicken/North_Dakota/22-035070-001/2022|H5N1|USA-ND|2022-11-01|domestic_avian|B3.2
596,472,0.139292027887764,-123.588883771825,41.0201647069285,-123.564413442276,45.1928600558712,0.967697783733607,0.828405755845843,2022.69358468444,2022.83287671233,EPI_ISL_16297078|A/chicken/Oregon/22-035197-001/2022|H5N1|USA-OR|2022-11-01|domestic_avian|B3.2
622,623,0.0767470041508966,-122.393042530658,48.9303348174552,-121.466441015009,47.8485074722043,0.967908872373869,0.891161868222972,2022.75634079682,2022.83308780097,NA
1007,1008,0.00477498510967056,-93.9207925062153,38.1462353203316,-95.1180628029029,38.8110344882082,0.968781128892477,0.964006143782807,2022.82918507238,2022.83396005749,NA
623,624,0.00161301531315594,-121.466441015009,47.8485074722043,-122.086212425115,47.8063030649252,0.969521887687025,0.967908872373869,2022.83308780097,2022.83470081628,NA
612,13,0.584884234469325,-121.491273642153,52.7867638252909,-77.8502438716657,46.4556650810457,0.970437509760965,0.385553275291639,2022.25073220389,2022.83561643836,PV318152|A/Snow_Goose/QC/FAV-1493-1-2022/2022|H5N1|Canada-QC|2022-11-02|wild_avian|B3.2
627,460,0.0621637913513311,-120.781486757735,49.6830959654515,-121.638074687399,48.1722095611324,0.970437509760965,0.908273718409633,2022.773452647,2022.83561643836,EPI_ISL_16297118|A/chicken/Washington/22-035749-001/2022|H5N1|USA-WA|2022-11-02|domestic_avian|B3.2
610,406,0.0217709701660707,-147.118870005044,63.4661926974395,-146.910508789738,63.2956361655202,0.970437509760965,0.948666539594894,2022.81384546819,2022.83561643836,PP802622|A/mallard/USA/22-036139-048/2022|H5N1|USA-AK|2022-11-02|wild_avian|B3.2
1037,1038,0.133457870086122,-111.167790278993,46.2196158233722,-111.779294644273,38.0790011403361,0.971602370150228,0.838144500064106,2022.70332342866,2022.83678129875,NA
1024,1025,0.24193746869578,-89.3547118389481,18.7105625379618,-88.9394913376878,16.609448562803,0.973017248620936,0.731079779925156,2022.59625870852,2022.83819617722,NA
732,56,0.173480875564389,-94.1683203771485,39.5097652280926,-81.3303018102178,28.4362428739833,0.973177235788549,0.799696360224161,2022.66487528882,2022.83835616438,PQ709697|A/Double-crested_Cormorant/FL/22-036552-001-original/2022|H5N1|USA-FL|2022-11-03|wild_avian|B3.2
976,321,0.12348614767888,-93.9240070871431,41.0721764185618,-109.986671264811,54.5661553408952,0.973177235788549,0.84969108810967,2022.7148700167,2022.83835616438,PV324640|A/chicken/SK/FAV-1385-2-2022/2022|H5N1|Canada-SK|2022-11-03|domestic_avian|B3.2
944,277,0.115435902505484,-105.342203143171,43.9950788771793,-107.534653020054,43.0738892737014,0.973177235788549,0.857741333283065,2022.72292026188,2022.83835616438,PQ709153|A/Canada_goose/WY/22-036111-001-original/2022|H5N1|USA-WY|2022-11-03|wild_avian|B3.2
1125,1126,0.0114602522527933,-72.3492708797731,48.3011734747571,-76.2624001461598,46.4815835012063,0.973310903653961,0.961850651401167,2022.82702958,2022.83848983225,NA
626,631,0.112145299260499,-118.795948236506,50.6731008519127,-104.547391664563,44.3515196958662,0.973445681680052,0.861300382419553,2022.72647931101,2022.83862461028,NA
697,699,0.0173663155284292,-101.180452176534,40.9944872377271,-101.11031989923,40.9344752614425,0.973643209265938,0.956276893737509,2022.82145582233,2022.83882213786,NA
694,695,0.0451161927238211,-103.706283720724,41.378363876765,-110.521106237767,40.1681473172068,0.974290602791986,0.929174410068164,2022.79435333866,2022.83946953139,NA
989,990,0.195675131697464,-94.537874200051,34.2157209550806,-93.2389517030192,35.9705475435691,0.975449517583502,0.779774385886038,2022.64495331448,2022.84062844618,NA
782,783,0.0207519010918507,-75.7609243538053,-13.6334304285838,-76.1346822709394,-13.7116842941952,0.975804709842667,0.955052808750816,2022.82023173735,2022.84098363844,NA
1007,1009,0.0118804981069958,-93.9207925062153,38.1462353203316,-93.6642528720041,38.0484417677473,0.975886641889803,0.964006143782807,2022.82918507238,2022.84106557048,NA
1024,374,0.24483718189075,-89.3547118389481,18.7105625379618,-82.1397507548579,30.20441057583,0.975916961815907,0.731079779925156,2022.59625870852,2022.84109589041,PQ719905|A/black_skimmer/FL/22-036966-001-original/2022|H5N1|USA-FL|2022-11-04|wild_avian|B3.2
1044,415,0.120915789782222,-111.751543126207,50.0534469206084,-112.069362382853,43.772922832383,0.975916961815907,0.855001172033685,2022.72018010063,2022.84109589041,EPI_ISL_16271835|A/striped_skunk/Idaho/22-037165-002/2022|H5N1|USA-ID|2022-11-04|other_mammal|B3.2
1132,1140,0.044314968392249,-72.5035771581737,43.0816833414509,-74.6271097623792,47.2099097914552,0.976949309400751,0.932634341008502,2022.7978132696,2022.842128238,NA
670,671,0.0247318420872342,-108.160110142054,46.7754601332552,-107.866089781781,46.6874790040335,0.977895643429097,0.953163801341863,2022.81834272994,2022.84307457202,NA
1009,1010,0.00236992321702667,-93.6642528720041,38.0484417677473,-94.3998591561548,38.6832127756757,0.978256565106829,0.975886641889803,2022.84106557048,2022.8434354937,NA
730,47,0.261513432607916,-97.4091444170321,44.4214986511973,-94.2872394155277,29.657430057609,0.978656687843264,0.717143255235348,2022.58232218383,2022.84383561644,PQ710353|A/Gadwall/TX/22-036753-040-original-repeat/2022|H5N1|USA-TX|2022-11-05|wild_avian|B3.2
1043,418,0.144162848131367,-113.617697838291,47.778923667044,-115.767716382145,41.8593994397704,0.978656687843264,0.834493839711897,2022.69967276831,2022.84383561644,PQ714777|A/Northern_shoveler/NV/22-037517-003-original/2022|H5N1|USA-NV|2022-11-05|wild_avian|B3.2
766,767,0.0134377166780837,-81.287247667488,-5.28563425332836,-79.6085549278781,-7.999104777082,0.979397446510908,0.965959729832825,2022.83113865843,2022.84457637511,NA
666,16,0.396718129212292,-127.228203053604,55.5285114826945,-126.760753766269,55.0374220966538,0.981396413870621,0.58467828465833,2022.44985721325,2022.84657534247,PV317736|A/Snow_Goose/BC/FAV-0053-3-2022/2022|H5N1|Canada-BC|2022-11-06|wild_avian|B3.2
1140,1141,0.00552991569447236,-74.6271097623792,47.2099097914552,-74.0232684384252,47.1056136416227,0.982479225095223,0.976949309400751,2022.842128238,2022.84765815369,NA
776,780,0.0271130841289486,-79.3795509180535,-14.2996005871589,-79.715053049924,-14.5895236548072,0.982944044395178,0.955830960266229,2022.82100988886,2022.84812297299,NA
765,773,0.0228859538018136,-80.6624651007385,-5.15375817252657,-81.0597340257371,-5.24757359097281,0.985714033136003,0.962828079334189,2022.82800700793,2022.85089296173,NA
967,367,0.286859289972751,-96.1537578527817,40.1113624265182,-73.9713581242423,7.42139141586947,0.986875865925564,0.700016575952812,2022.56519550455,2022.85205479452,OQ683458|A/chicken/Colombia/Bolivar/3500/2022|H5N1|Colombia-Bolivar|2022-11-08|domestic_avian|B3.2
916,917,0.0581983027655948,-66.6925011579641,-18.1477693438671,-61.4026590911033,-21.0026025029217,0.986996543196224,0.928798240430629,2022.79397716903,2022.85217547179,NA
1114,1115,0.0351058116194904,-62.2772772701382,47.386801074416,-61.339559045563,48.0049475542393,0.987085854024624,0.951980042405133,2022.817158971,2022.85226478262,NA
1005,1014,0.0693977297564046,-90.3996187741743,37.2415385283552,-89.487406999828,37.9139433625598,0.989307528191052,0.919909798434647,2022.78508872703,2022.85448645679,NA
958,291,0.333294855597085,-100.507954823179,45.7503495727657,-107.574059035981,46.9646586261027,0.989615591952921,0.656320736355836,2022.52149966495,2022.85479452055,PQ716385|A/Red-tailed_hawk/MT/22-036316-001-original/2022|H5N1|USA-MT|2022-11-09|wild_avian|B3.2
1037,425,0.151471091888815,-111.167790278993,46.2196158233722,-111.4900440586,57.2522930719532,0.989615591952921,0.838144500064106,2022.70332342866,2022.85479452055,PV315832|A/Poultry/AB/FAV-1411-1-2022/2022|H5N1|Canada-AB|2022-11-09|domestic_avian|B3.2
975,327,0.106626821034288,-92.2116841889015,39.3776358567074,-86.5156887598836,35.0309934240936,0.989615591952921,0.882988770918633,2022.74816769951,2022.85479452055,EPI_ISL_16271855|A/domestic_goose/Tennessee/22-036130-001/2022|H5N1|USA-TN|2022-11-09|domestic_avian|B3.2
781,785,0.0504222925715525,-73.9766327580335,-13.0066949012297,-70.2616374145209,-19.5711186893023,0.991013037906702,0.940590745335149,2022.80576967393,2022.8561919665,NA
785,786,0.000545450475776477,-70.2616374145209,-19.5711186893023,-69.8583895475809,-19.9135419381697,0.991558488382478,0.991013037906702,2022.8561919665,2022.85673741698,NA
773,89,0.00664128484427584,-81.0597340257371,-5.24757359097281,-81.200409,-5.197348,0.992355317980278,0.985714033136003,2022.85089296173,2022.85753424658,OQ547439|A/Pelecanus_thagus/Peru/AIS0538/2022|H5N1|Peru|2022-11-10|wild_avian|B3.2
829,831,0.073060791701212,-78.2038557633441,-8.23877716193828,-79.9578338061888,-6.70334141371748,0.994490195798308,0.921429404097096,2022.78660833269,2022.85966912439,NA
1125,519,0.0332443926064685,-72.3492708797731,48.3011734747571,-74.0625987488101,48.44918375059,0.995095044007636,0.961850651401167,2022.82702958,2022.8602739726,PV317952|A/Snow_Goose/QC/FAV-0018-1-2023/2022|H5N1|Canada-QC|2022-11-11|wild_avian|B3.2
1009,1013,0.019275467209686,-93.6642528720041,38.0484417677473,-92.1058529892451,35.286614779847,0.995162109099489,0.975886641889803,2022.84106557048,2022.86034103769,NA
1010,1011,0.0183892704752862,-94.3998591561548,38.6832127756757,-92.5230428684216,36.3122855959174,0.996645835582116,0.978256565106829,2022.8434354937,2022.86182476418,NA
767,770,0.0177834746035832,-79.6085549278781,-7.999104777082,-81.3840009482573,-6.0763768023235,0.997180921114492,0.979397446510908,2022.84457637511,2022.86235984971,NA
1011,1012,0.00061588007651503,-92.5230428684216,36.3122855959174,-92.4549153726843,36.0837197413855,0.99726171565863,0.996645835582116,2022.86182476418,2022.86244064425,NA
1115,1120,0.0106496000692191,-61.339559045563,48.0049475542393,-63.6891415512948,46.6903039237306,0.997735454093843,0.987085854024624,2022.85226478262,2022.86291438269,NA
624,625,0.0291966137506283,-122.086212425115,47.8063030649252,-120.855590986245,49.5503271046774,0.998718501437653,0.969521887687025,2022.83470081628,2022.86389743003,NA
1085,497,0.395732683037949,-85.2881188265498,44.1229648235838,-95.3300433598396,46.4033897173265,1.00057449606235,0.604841813024402,2022.47002074162,2022.86575342466,EPI_ISL_16271859|A/turkey/Minnesota/22-036547-001/2022|H5N1|USA-MN|2022-11-13|domestic_avian|B3.2
672,20,0.266228320997238,-126.006759543425,52.6366037666538,-126.85051807118,52.3252190079932,1.00331422208994,0.737085901092697,2022.60226482969,2022.86849315069,PV304792|A/Cackling_Goose/BC/FAV-0014-28-2023/2022|H5N1|Canada-BC|2022-11-14|wild_avian|B3.2
1042,427,0.165132724898299,-110.877922590592,47.4859003720689,-119.15914917447,37.0291005820978,1.00331422208994,0.838181497191636,2022.70336042579,2022.86849315069,EPI_ISL_16271861|A/Pekin_duck/California/22-036722-001/2022|H5N1|USA-CA|2022-11-14|domestic_avian|B3.2
944,945,0.147673550209594,-105.342203143171,43.9950788771793,-74.2224765373081,10.0427017375478,1.00541488349266,0.857741333283065,2022.72292026188,2022.87059381209,NA
674,17,0.192471757400781,-116.700943259732,55.1385576655934,-113.438477708772,53.1921007705508,1.00605394811729,0.813582190716512,2022.67876111931,2022.87123287671,PV314216|A/Layer_chicken/AB/FAV-1445-2-2022/2022|H5N1|Canada-AB|2022-11-15|domestic_avian|B3.2
1113,516,0.0600586831137315,-60.4556431107994,47.4634302438225,-63.5251866333041,46.3568474640904,1.00605394811729,0.945995265003561,2022.8111741936,2022.87123287671,PV319320|A/Striped_Skunk/PE/FAV-1642-1-2022/2022|H5N1|Canada-PE|2022-11-15|other_mammal|B3.2
786,787,0.0145186640675963,-69.8583895475809,-19.9135419381697,-70.3400720916753,-21.2061709785856,1.00607715245007,0.991558488382478,2022.85673741698,2022.87125608105,NA
787,788,0.0013530513385005,-70.3400720916753,-21.2061709785856,-70.4348022945379,-21.2665994978183,1.00743020378858,1.00607715245007,2022.87125608105,2022.87260913238,NA
1035,1041,0.174625262509678,-110.222146893018,45.529652062728,-115.511980884689,51.2202890441266,1.00801172328142,0.833386460771739,2022.69856538937,2022.87319065188,NA
1038,424,0.0371913039944221,-111.779294644273,38.0790011403361,-103.033810944144,38.094249057157,1.00879367414465,0.971602370150228,2022.83678129875,2022.87397260274,PQ717545|A/Snow_goose/CO/22-037670-001-original/2022|H5N1|USA-CO|2022-11-16|wild_avian|B3.2
788,822,0.00378311381707297,-70.4348022945379,-21.2665994978183,-70.4228710287506,-21.3500258188077,1.01121331760565,1.00743020378858,2022.87260913238,2022.8763922462,NA
957,302,0.17847056628842,-109.124434002043,53.875148092694,-91.9223645401287,44.1833892056451,1.01153340017201,0.833062833883587,2022.69824176248,2022.87671232877,PQ718761|A/Trumpeter_Swan/MN/22-037438-001-original/2022|H5N1|USA-MN|2022-11-17|wild_avian|B3.2
770,771,0.0163153598451218,-81.3840009482573,-6.0763768023235,-80.353962170758,-10.4972161697485,1.01349628095961,0.997180921114492,2022.86235984971,2022.87867520955,NA
1140,1143,0.0367055317156244,-74.6271097623792,47.2099097914552,-76.7396839600723,47.2038191299597,1.01365484111638,0.976949309400751,2022.842128238,2022.87883376971,NA
741,307,0.086437151171936,-111.320038360652,44.7351946192969,-116.783744180543,43.7431448928899,1.01427312619936,0.927835975027429,2022.79301490362,2022.87945205479,PQ717577|A/Snow_goose/ID/22-038611-002-original/2022|H5N1|USA-ID|2022-11-18|wild_avian|B3.2
831,200,0.0197829304010568,-79.9578338061888,-6.70334141371748,-79.906572,-6.7172767,1.01427312619936,0.994490195798308,2022.85966912439,2022.87945205479,OQ547343|A/Gallus_gallus/Peru/AIS0539/2022|H5N1|Peru|2022-11-18|domestic_avian|B3.2
945,279,0.00885824270670499,-74.2224765373081,10.0427017375478,-74.2420277596215,10.9184110463395,1.01427312619936,1.00541488349266,2022.87059381209,2022.87945205479,OQ683490|A/chicken/Colombia/Magdalena/3503/2022|H5N1|Colombia-Magdalena|2022-11-18|domestic_avian|B3.2
945,280,0.00885824270670499,-74.2224765373081,10.0427017375478,-74.2872958396938,9.90891363129908,1.01427312619936,1.00541488349266,2022.87059381209,2022.87945205479,EPI_ISL_17353838|A/chicken/Magdalena/ICA-3503/2022|H5N1|Chile-Magdalena|2022-11-18|domestic_avian|B3.2
783,784,0.0396545629524403,-76.1346822709394,-13.7116842941952,-76.9885698348025,-12.5052367496173,1.01545927279511,0.975804709842667,2022.84098363844,2022.88063820139,NA
788,789,0.00913717342769882,-70.4348022945379,-21.2665994978183,-71.8528492034327,-20.9060780191669,1.01656737721627,1.00743020378858,2022.87260913238,2022.88174630581,NA
968,324,0.32242137178401,-95.6292962899572,40.359076463841,-76.3529387785681,36.8653498076106,1.01701285222672,0.694591480442712,2022.55977040904,2022.88219178082,PQ701329|A/American_black_Duck/VA/22-038573-010-original/2022|H5N1|USA-VA|2022-11-19|wild_avian|B3.2
1088,500,0.224177267422351,-71.4377020644452,41.4629558605079,-83.2798778426244,34.1908217514891,1.01701285222672,0.792835584804371,2022.6580145134,2022.88219178082,PQ701681|A/American_green-winged_teal/GA/22-038443-007-original/2022|H5N1|USA-GA|2022-11-19|wild_avian|B3.2
631,632,0.0440658638653204,-104.547391664563,44.3515196958662,-100.888560531242,43.2183115456173,1.01751154554537,0.973445681680052,2022.83862461028,2022.88269047414,NA
834,851,0.0976431341515647,-62.5362253701827,-32.6992031735399,-62.5587540859773,-32.7156531822134,1.01904604049277,0.921402906341201,2022.78658183494,2022.88422496909,NA
789,790,0.00308927108748369,-71.8528492034327,-20.9060780191669,-72.0711875681246,-20.1233007561239,1.01965664830376,1.01656737721627,2022.88174630581,2022.8848355769,NA
757,758,0.115728228195823,-103.78644293671,42.5672051722462,-92.5086062727898,30.07963724923,1.02051483626434,0.904786608068516,2022.76996553666,2022.88569376486,NA
631,640,0.0481131325209092,-104.547391664563,44.3515196958662,-104.394568662809,40.3131344957894,1.02155881420096,0.973445681680052,2022.83862461028,2022.8867377428,NA
1114,1121,0.0702232335418604,-62.2772772701382,47.386801074416,-62.459320151202,45.6689823461621,1.02220327594699,0.951980042405133,2022.817158971,2022.88738220454,NA
822,823,0.0110317814751819,-70.4228710287506,-21.3500258188077,-69.365820562897,-23.2649017129896,1.02224509908083,1.01121331760565,2022.8763922462,2022.88742402768,NA
1015,317,0.222205504757521,-104.143924666464,45.9784896557937,-104.84353462431,51.5385779560088,1.02249230428166,0.800286799524144,2022.66546572812,2022.88767123288,PV324656|A/chicken/SK/FAV-1471-1-2022/2022|H5N1|Canada-SK|2022-11-21|domestic_avian|B3.2
748,301,0.218320234475174,-92.0074631761003,45.6932108740896,-97.0830162643044,43.4346566634438,1.02249230428166,0.804172069806491,2022.6693509984,2022.88767123288,EPI_ISL_16271830|A/chicken/South_Dakota/22-037931-001/2022|H5N1|USA-SD|2022-11-21|domestic_avian|B3.2
647,432,0.0850517028680811,-121.906572017881,43.6128827926144,-123.212113402712,46.0842256411888,1.02249230428166,0.937440601413583,2022.80261953001,2022.88767123288,EPI_ISL_16271840|A/chicken/Oregon/22-037712-001/2022|H5N1|USA-OR|2022-11-21|domestic_avian|B3.2
790,791,0.00403128826227661,-72.0711875681246,-20.1233007561239,-72.5350444656956,-19.5279491876074,1.02368793656603,1.01965664830376,2022.8848355769,2022.88886686516,NA
707,708,0.0823779239992941,-125.700813870681,48.8164418672716,-123.733722075248,49.4968431915443,1.02434723434785,0.941969310348551,2022.80714823894,2022.88952616294,NA
771,772,0.011167113786438,-80.353962170758,-10.4972161697485,-78.6646987235869,-7.28463000092034,1.02466339474605,1.01349628095961,2022.87867520955,2022.88984232334,NA
727,38,0.400747789167187,-96.1084590117941,45.4203460549654,-91.9158418089656,45.4539043792325,1.02523203030902,0.624484241141835,2022.48966316974,2022.8904109589,PQ718817|A/Tundra_Swan/WI/22-038828-001-original-repeat/2022|H5N1|USA-WI|2022-11-22|wild_avian|B3.2
963,383,0.0951132250078199,-98.8852605514668,44.6859561546569,-98.2746537607898,44.6014190248741,1.02523203030902,0.930118805301202,2022.7952977339,2022.8904109589,EPI_ISL_16271831|A/turkey/South_Dakota/22-037933-001/2022|H5N1|USA-SD|2022-11-22|domestic_avian|B3.2
766,94,0.0592723004761972,-81.287247667488,-5.28563425332836,-81.170758,-5.1499528,1.02523203030902,0.965959729832825,2022.83113865843,2022.8904109589,OQ550466|A/Sanderling/Peru/PIU-SER005/2022|H5N1|Peru|2022-11-22|wild_avian|B3.2
780,202,0.0422879859138443,-79.715053049924,-14.5895236548072,-77.1547269152875,-12.0745284877094,1.02523203030902,0.982944044395178,2022.84812297299,2022.8904109589,OQ547447|A/Pelecanus_thagus/Peru/AISA0464/2022|H5N1|Peru|2022-11-22|wild_avian|B3.2
790,256,0.0055753820052642,-72.0711875681246,-20.1233007561239,-77.1415409234702,-12.0357158567122,1.02523203030902,1.01965664830376,2022.8848355769,2022.8904109589,OQ547423|A/Nannopterum_brasilianus/Peru/AISA0446/2022|H5N1|Peru|2022-11-22|wild_avian|B3.2
1025,1026,0.0542486355030363,-88.9394913376878,16.609448562803,-89.6822150356604,16.2765960204243,1.02726588412397,0.973017248620936,2022.83819617722,2022.89244481272,NA
851,853,0.00844566478059061,-62.5587540859773,-32.7156531822134,-61.7778450646038,-34.6333247543706,1.02749170527336,1.01904604049277,2022.88422496909,2022.89267063387,NA
1044,1045,0.172800038129119,-111.751543126207,50.0534469206084,-106.524995074881,48.2617236248413,1.0278012101628,0.855001172033685,2022.72018010063,2022.89298013876,NA
739,314,0.639486291575771,-104.988141335669,45.9250237076943,-87.525620193029,38.3338268783149,1.02797175633638,0.388485464760608,2022.25366439336,2022.89315068493,PQ717633|A/Snow_goose/IN/22-038827-008-original-repeat/2022|H5N1|USA-IN|2022-11-23|wild_avian|B3.2
986,352,0.225628441774361,-94.0441964876336,40.2117932074714,-90.2470044326239,33.8194837022469,1.02797175633638,0.802343314562018,2022.66752224316,2022.89315068493,PQ718017|A/Snow_goose/MS/22-038821-010-original/2022|H5N1|USA-MS|2022-11-23|wild_avian|B3.2
999,334,0.164020251396452,-93.6939159319206,42.2056284267039,-101.395218762547,35.3926279259204,1.02797175633638,0.863951504939927,2022.72913043353,2022.89315068493,PQ720105|A/goose/TX/22-038236-001-original/2022|H5N1|USA-TX|2022-11-23|domestic_avian|B3.2
975,328,0.144982985417747,-92.2116841889015,39.3776358567074,-91.545950954987,38.1179428683023,1.02797175633638,0.882988770918633,2022.74816769951,2022.89315068493,PQ717897|A/Snow_goose/MO/22-038564-002-original/2022|H5N1|USA-MO|2022-11-23|wild_avian|B3.2
1001,347,0.101785837812058,-90.0265750404208,40.130336959159,-90.2061827381195,33.9255015112661,1.02797175633638,0.926185918524321,2022.79136484712,2022.89315068493,PQ717985|A/Snow_goose/MS/22-038821-004-original/2022|H5N1|USA-MS|2022-11-23|wild_avian|B3.2
963,382,0.0978529510351773,-98.8852605514668,44.6859561546569,-87.7087674446413,38.2550432101598,1.02797175633638,0.930118805301202,2022.7952977339,2022.89315068493,PQ717601|A/Snow_goose/IN/22-038827-003-original-repeat/2022|H5N1|USA-IN|2022-11-23|wild_avian|B3.2
610,405,0.0793052167414854,-147.118870005044,63.4661926974395,-147.134495410209,63.456806644399,1.02797175633638,0.948666539594894,2022.81384546819,2022.89315068493,EPI_ISL_16271829|A/chicken/Alaska/22-037940-001/2022|H5N1|USA-AK|2022-11-23|domestic_avian|B3.2
640,641,0.00718805288162017,-104.394568662809,40.3131344957894,-105.346183156784,39.7635216252999,1.02874686708258,1.02155881420096,2022.8867377428,2022.89392579568,NA
982,323,0.287896210729523,-92.255053044075,38.2735503464132,-92.7968428989244,37.2231687384797,1.03071148236374,0.742815271634214,2022.60799420023,2022.89589041096,EPI_ISL_16271826|A/turkey/Missouri/22-038012-001/2022|H5N1|USA-MO|2022-11-24|domestic_avian|B3.2
988,356,0.251309890345849,-94.4272784326242,42.9553918393429,-96.8006413842243,42.5855973396546,1.03071148236374,0.779401592017888,2022.64458052061,2022.89589041096,EPI_ISL_16271824|A/chicken/Nebraska/22-038149-001/2022|H5N1|USA-NE|2022-11-24|domestic_avian|B3.2
770,95,0.0335305612492451,-81.3840009482573,-6.0763768023235,-80.896081,-5.5176602,1.03071148236374,0.997180921114492,2022.86235984971,2022.89589041096,OQ550458|A/pelican/Peru/PIU-SER028/2022|H5N1|Peru|2022-11-24|wild_avian|B3.2
822,826,0.0200887550959106,-70.4228710287506,-21.3500258188077,-70.8839404840203,-21.0119738016707,1.03130207270156,1.01121331760565,2022.8763922462,2022.8964810013,NA
1027,1028,0.432928315300984,-110.495237747299,47.7277977514201,-111.761782464939,43.0838207663641,1.03162999038029,0.598701675079309,2022.46388060367,2022.89680891898,NA
737,49,0.180398400087675,-90.7194028837012,35.8774917594714,-91.1351538031206,35.9038741797508,1.03345120839132,0.853052808303646,2022.7182317369,2022.89863013699,PQ717353|A/Snow_goose/AR/22-038202-001-original/2022|H5N1|USA-AR|2022-11-25|wild_avian|B3.2
622,439,0.142289340168349,-122.393042530658,48.9303348174552,-121.886564229681,47.6490723682423,1.03345120839132,0.891161868222972,2022.75634079682,2022.89863013699,PQ714161|A/Mallard/WA/22-039095-002-original/2022|H5N1|USA-WA|2022-11-25|wild_avian|B3.2
951,309,0.299360405908289,-108.285503717282,39.5279759181607,-75.6232704555416,8.62233690031313,1.03619093441868,0.73683052851039,2022.60200945711,2022.90136986301,EPI_ISL_17353510|A/chicken/Cordoba/ICA-3499/2022|H5N1|Argentina-Cordoba|2022-11-26|domestic_avian|B3.2
699,81,0.0652874511800978,-101.11031989923,40.9344752614425,-101.35549672341,37.9582789550641,1.03893066044604,0.973643209265938,2022.83882213786,2022.90410958904,PQ717705|A/Snow_goose/KS/22-039690-007-original/2022|H5N1|USA-KS|2022-11-27|wild_avian|B3.2
632,633,0.022810032349962,-100.888560531242,43.2183115456173,-99.177246418216,41.9903345759927,1.04032157789533,1.01751154554537,2022.88269047414,2022.90550050649,NA
956,304,0.214677534596531,-107.877149586775,55.1523013774253,-116.682936972801,35.8436052347777,1.04167038647339,0.826992851876863,2022.69217178047,2022.90684931507,PQ717441|A/Snow_goose/CA/22-041406-001-original/2022|H5N1|USA-CA|2022-11-28|wild_avian|B3.2
947,282,0.184231230525942,-110.241177344268,42.6083606327086,-92.5201899967017,29.9229037208993,1.04167038647339,0.857439155947452,2022.72261808454,2022.90684931507,PQ714705|A/Northern_pintail/LA/22-039392-003-original-repeat/2022|H5N1|USA-LA|2022-11-28|wild_avian|B3.2
782,208,0.0866175777225777,-75.7609243538053,-13.6334304285838,-77.0538496474467,-12.0523522096568,1.04167038647339,0.955052808750816,2022.82023173735,2022.90684931507,OQ547351|A/Gallus_gallus/Peru/AIS0540/2022|H5N1|Peru|2022-11-28|domestic_avian|B3.2
692,76,0.078878591976455,-104.687338404533,40.03638349679,-104.581016690629,40.1335286452976,1.04167038647339,0.962791794496939,2022.82797072309,2022.90684931507,PQ707545|A/Canada_goose/CO/22-038655-001-original/2022|H5N1|USA-CO|2022-11-28|wild_avian|B3.2
831,201,0.0471801906750855,-79.9578338061888,-6.70334141371748,-79.986917,-6.748801,1.04167038647339,0.994490195798308,2022.85966912439,2022.90684931507,EPI_ISL_16249681|A/chicken/Peru/LAM-INS-002/2022|H5N1|Peru-Lambayeque|2022-11-28|domestic_avian|B3.2
917,918,0.056411939944538,-61.4026590911033,-21.0026025029217,-58.9162532563886,-27.4140820491604,1.04340848314076,0.986996543196224,2022.85217547179,2022.90858741174,NA
640,645,0.0226746643616678,-104.394568662809,40.3131344957894,-104.855679977189,40.5466646015114,1.04423347856263,1.02155881420096,2022.8867377428,2022.90941240716,NA
757,260,0.139623504432235,-103.78644293671,42.5672051722462,-94.4523185989853,35.9361096231372,1.04441011250075,0.904786608068516,2022.76996553666,2022.9095890411,PQ717369|A/Snow_goose/AR/22-039436-012-original/2022|H5N1|USA-AR|2022-11-29|wild_avian|B3.2
670,25,0.0912463111588879,-108.160110142054,46.7754601332552,-99.1929542111792,47.1024656457195,1.04441011250075,0.953163801341863,2022.81834272994,2022.9095890411,PQ708313|A/Canada_goose/ND/23-002238-004-original/2022|H5N1|USA-ND|2022-11-29|wild_avian|B3.2
1008,342,0.0756289836082735,-95.1180628029029,38.8110344882082,-95.4383673030356,38.9126886303367,1.04441011250075,0.968781128892477,2022.83396005749,2022.9095890411,PQ717073|A/Ross_s_goose/KS/22-041130-002-original/2022|H5N1|USA-KS|2022-11-29|wild_avian|B3.2
853,854,0.0176046247861494,-61.7778450646038,-34.6333247543706,-62.1549160748987,-34.5048248988867,1.04509633005951,1.02749170527336,2022.89267063387,2022.91027525865,NA
708,709,0.0210839057230636,-123.733722075248,49.4968431915443,-129.352919552762,53.3182883579834,1.04543114007091,1.02434723434785,2022.88952616294,2022.91061006867,NA
983,330,0.281662355261393,-92.3689003486933,39.630067402752,-101.352730784197,41.2971169346762,1.04714983852811,0.765487483266715,2022.63066641186,2022.91232876712,PQ711681|A/Great_horned_owl/NE/22-038800-001-original/2022|H5N1|USA-NE|2022-11-30|wild_avian|B3.2
738,51,0.172250215968993,-98.5098750248255,45.3038491254622,-78.5893354105388,45.0276846362705,1.04714983852811,0.874899622559115,2022.74007855115,2022.91232876712,PV319672|A/Tundra_Swan/ON/FAV-1653-1-2022/2022|H5N1|Canada-ON|2022-11-30|wild_avian|B3.2
1006,335,0.100378023928269,-92.5942685591008,37.4795375700948,-93.0267611464828,30.2058293932437,1.04714983852811,0.94677181459984,2022.8119507432,2022.91232876712,PQ717777|A/Snow_goose/LA/22-039688-009-original/2022|H5N1|USA-LA|2022-11-30|wild_avian|B3.2
1126,521,0.0738389348741477,-76.2624001461598,46.4815835012063,-78.5483648631461,44.7305548862335,1.04714983852811,0.973310903653961,2022.83848983225,2022.91232876712,PV317904|A/Snow_Goose/ON/FAV-1653-4-2022/2022|H5N1|Canada-ON|2022-11-30|wild_avian|B3.2
632,639,0.0297645322469005,-100.888560531242,43.2183115456173,-101.456924708181,42.6555863801445,1.04727607779227,1.01751154554537,2022.88269047414,2022.91245500639,NA
641,642,0.0185445064702003,-105.346183156784,39.7635216252999,-104.607507112708,40.4183718613616,1.04729137355278,1.02874686708258,2022.89392579568,2022.91247030215,NA
834,835,0.12808275168255,-62.5362253701827,-32.6992031735399,-64.0544450346418,-37.2654480116449,1.04948565802375,0.921402906341201,2022.78658183494,2022.91466458662,NA
1091,550,0.63902564155703,-92.6087882184486,45.7106564382899,-77.4653764522023,34.7633150521,1.04988956455569,0.410863922998663,2022.27604285159,2022.91506849315,EPI_ISL_17373074|A/duck/North_Carolina/W22-1114A/2022|H5N1|USA-NC|2022-12-01|domestic_avian|B3.2
1002,350,0.106564576970086,-91.0116767725738,40.3525857692708,-95.3788393436166,40.0970143485825,1.04988956455569,0.943324987585607,2022.80850391618,2022.91506849315,PQ718769|A/Trumpeter_Swan/MO/22-040427-001-original/2022|H5N1|USA-MO|2022-12-01|wild_avian|B3.2
784,209,0.0344302917605863,-76.9885698348025,-12.5052367496173,-77.0606,-12.1077,1.04988956455569,1.01545927279511,2022.88063820139,2022.91506849315,EPI_ISL_18371664|A/Belcher_gull/Peru/UNMSM-A267/2022|H5N1|Peru|2022-12-01|wild_avian|B3.2
784,210,0.0344302917605863,-76.9885698348025,-12.5052367496173,-78.96318,-8.53379,1.04988956455569,1.01545927279511,2022.88063820139,2022.91506849315,EPI_ISL_18371666|A/Peruvian_booby/Peru/UNMSM-A296/2022|H5N1|Peru|2022-12-01|wild_avian|B3.2
641,643,0.0220383011439358,-105.346183156784,39.7635216252999,-106.234745819117,41.3232493331893,1.05078516822652,1.02874686708258,2022.89392579568,2022.91596409682,NA
704,705,0.138057058015283,-90.1720581183384,34.9012632049614,-80.5056355974866,32.4396213632412,1.05097503412494,0.912917976109659,2022.7780969047,2022.91615396272,NA
973,319,0.331457974639292,-97.3395730078589,41.2734600802757,-110.216969579344,46.0295709958727,1.05262929058305,0.721171315943758,2022.58635024454,2022.91780821918,PQ713561|A/Mallard/MT/22-039947-005-original/2022|H5N1|USA-MT|2022-12-02|wild_avian|B3.2
785,252,0.0616162526763486,-70.2616374145209,-19.5711186893023,-70.3245328,-18.4136444,1.05262929058305,0.991013037906702,2022.8561919665,2022.91780821918,EPI_ISL_16891400|A/gray_gull/Chile/C61947/2022|H5N1|Chile|2022-12-02|wild_avian|B3.2
1012,336,0.05536757492442,-92.4549153726843,36.0837197413855,-91.7393112798762,32.8822078035583,1.05262929058305,0.99726171565863,2022.86244064425,2022.91780821918,PQ720081|A/goose/LA/23-000409-006-original/2022|H5N1|USA-LA|2022-12-02|domestic_avian|B3.2
763,100,0.18352997508884,-78.1429012715076,-6.16052568401328,-79.411259,-7.2252421,1.05536901661041,0.871839041521568,2022.73701797012,2022.92054794521,OQ547375|A/Gallus_gallus/Peru/AIS0544/2022|H5N1|Peru|2022-12-03|domestic_avian|B3.2
625,436,0.056650515172755,-120.855590986245,49.5503271046774,-121.107105294616,48.2388326608143,1.05536901661041,0.998718501437653,2022.86389743003,2022.92054794521,PQ709929|A/Dunlin/WA/22-040394-001-original/2022|H5N1|USA-WA|2022-12-03|wild_avian|B3.2
916,925,0.12829736968324,-66.6925011579641,-18.1477693438671,-65.8945939419372,-16.7914063497875,1.05709561011387,0.928798240430629,2022.79397716903,2022.92227453871,NA
741,308,0.130272767610336,-111.320038360652,44.7351946192969,-94.8317898375717,31.228805819846,1.05810874263777,0.927835975027429,2022.79301490362,2022.92328767123,PQ701849|A/American_green-winged_teal/TX/23-000110-004-original/2022|H5N1|USA-TX|2022-12-04|wild_avian|B3.2
633,634,0.0183714680945424,-99.177246418216,41.9903345759927,-94.6678535605659,39.9909920162565,1.05869304598988,1.04032157789533,2022.90550050649,2022.92387197458,NA
826,827,0.0274362588234438,-70.8839404840203,-21.0119738016707,-72.8179291209133,-19.750976598917,1.058738331525,1.03130207270156,2022.8964810013,2022.92391726012,NA
1133,1139,0.0929146650687307,-76.3653190241493,42.4206168065552,-72.4380149560266,43.1434233633064,1.05895712928737,0.966042464218644,2022.83122139281,2022.92413605788,NA
1146,1147,0.640769345289472,-95.0508183656863,45.6475710342416,-86.2285006464883,51.3520703510143,1.05915349091371,0.418384145624236,2022.28356307422,2022.92433241951,NA
959,315,0.606524682072805,-108.058209985998,47.2590061273136,-123.097885031984,44.0420681159592,1.06084846866512,0.454323786592318,2022.31950271519,2022.92602739726,PQ701841|A/American_green-winged_teal/OR/22-040176-004-original/2022|H5N1|USA-OR|2022-12-05|wild_avian|B3.2
997,351,0.296551912653019,-98.0838001008916,40.3187885741577,-99.194485860415,39.4214587293858,1.06084846866512,0.764296556012104,2022.62947548461,2022.92602739726,EPI_ISL_17373141|A/goose/Kansas/W22-1154/2022|H5N1|USA-KS|2022-12-05|domestic_avian|B3.2
1041,420,0.052836745383706,-115.511980884689,51.2202890441266,-113.385276663849,55.412290548819,1.06084846866512,1.00801172328142,2022.87319065188,2022.92602739726,PV305088|A/Canada_Goose/AB/FAV-0026-14-2023/2022|H5N1|Canada-AB|2022-12-05|wild_avian|B3.2
1143,534,0.0471936275487477,-76.7396839600723,47.2038191299597,-76.6497351925011,47.3610238224862,1.06084846866512,1.01365484111638,2022.87883376971,2022.92602739726,PV307456|A/Canada_Goose/QC/FAV-0061-1-2022/2022|H5N1|Canada-QC|2022-12-05|wild_avian|B3.2
618,463,0.343266044547728,-127.002875987928,49.6654146705905,-128.176025628791,55.785774029374,1.06358819469248,0.720322150144752,2022.58550107874,2022.92876712329,PV314256|A/Layer_chicken/BC/FAV-1623-1-2022/2022|H5N1|Canada-BC|2022-12-06|domestic_avian|B3.2
991,320,0.33858531957604,-89.317371868335,38.8760023835563,-95.6755786680685,42.232359100944,1.06358819469248,0.72500287511644,2022.59018180371,2022.92876712329,PQ707753|A/Canada_goose/IA/22-040793-004-original/2022|H5N1|USA-IA|2022-12-06|wild_avian|B3.2
1126,520,0.0902772910385194,-76.2624001461598,46.4815835012063,-75.8447659315732,47.9540791650394,1.06358819469248,0.973310903653961,2022.83848983225,2022.92876712329,PV316800|A/Red-Tailed_Hawk/QC/FAV-0076-4-2022/2022|H5N1|Canada-QC|2022-12-06|wild_avian|B3.2
1028,408,0.0319582043121875,-111.761782464939,43.0838207663641,-117.372525784478,41.910340749753,1.06358819469248,1.03162999038029,2022.89680891898,2022.92876712329,PQ711697|A/Great_horned_owl/NV/22-040618-001-original/2022|H5N1|USA-NV|2022-12-06|wild_avian|B3.2
994,995,0.23788447267753,-82.992892950884,43.1615411856637,-75.7468299327708,43.3210975614222,1.06416899451981,0.826284521842283,2022.69146345044,2022.92934792311,NA
996,332,0.365327807028097,-97.9816863712761,41.2377922943883,-93.4620674103064,42.2888659130297,1.06632792072006,0.701000113691968,2022.56617904229,2022.93150684932,PQ707721|A/Canada_goose/IA/22-040790-001-original/2022|H5N1|USA-IA|2022-12-07|wild_avian|B3.2
1010,339,0.0880713556132355,-94.3998591561548,38.6832127756757,-96.3742919502844,44.7435953774451,1.06632792072006,0.978256565106829,2022.8434354937,2022.93150684932,PQ711593|A/Great_horned_owl/MN/22-041884-001-original/2022|H5N1|USA-MN|2022-12-07|wild_avian|B3.2
1011,337,0.0724218111653068,-92.5230428684216,36.3122855959174,-88.3624257828834,34.7467589046094,1.06906764674742,0.996645835582116,2022.86182476418,2022.93424657534,PQ712865|A/Lesser_white-fronted_Goose/MS/22-041057-001-original/2022|H5N1|USA-MS|2022-12-08|wild_avian|B3.2
1115,1116,0.0840426188196419,-61.339559045563,48.0049475542393,-59.6277345323936,45.8544521764783,1.07112847284427,0.987085854024624,2022.85226478262,2022.93630740144,NA
602,605,0.331572701170185,-122.551209557093,53.8989296506341,-111.357758109812,49.0199923657524,1.0714387468497,0.739866045679516,2022.60504497427,2022.93661767544,NA
1123,518,0.24468860723196,-70.5784763258472,46.0813101261719,-70.0269406340123,46.5411478727338,1.07180737277478,0.82711876554282,2022.69229769414,2022.93698630137,PQ713321|A/Mallard/ME/22-040719-016-original/2022|H5N1|USA-ME|2022-12-09|wild_avian|B3.2
827,253,0.0130690412497771,-72.8179291209133,-19.750976598917,-70.15,-20.216667,1.07180737277478,1.058738331525,2022.92391726012,2022.93698630137,EPI_ISL_17885942|A/Pelican/Tarapaca/227436-2/2022|H5N1|Chile-Tarapaca|2022-12-09|wild_avian|B3.2
605,606,0.00191488713063626,-111.357758109812,49.0199923657524,-111.641315956162,48.9063612672525,1.07335363398034,1.0714387468497,2022.93661767544,2022.93853256258,NA
704,73,0.161629122692478,-90.1720581183384,34.9012632049614,-87.3612121831076,32.9688563943546,1.07454709880214,0.912917976109659,2022.7780969047,2022.9397260274,PQ710161|A/Gadwall/AL/22-041762-004-original/2022|H5N1|USA-AL|2022-12-10|wild_avian|B3.2
835,836,0.0298916978335941,-64.0544450346418,-37.2654480116449,-65.3341686218016,-37.7078448434133,1.07937735585734,1.04948565802375,2022.91466458662,2022.94455628445,NA
760,257,0.263634412924311,-79.3505133072104,-8.15663488863636,-77.014657587094,-12.0800188652401,1.08002655085685,0.81639213793254,2022.68157106653,2022.94520547945,OQ547415|A/Gallus_gallus/Peru/AIS0551/2022|H5N1|Peru|2022-12-12|domestic_avian|B3.2
623,438,0.112117678482983,-121.466441015009,47.8485074722043,-121.498135673969,48.5142345748498,1.08002655085685,0.967908872373869,2022.83308780097,2022.94520547945,PQ703633|A/Barn_owl/WA/22-041081-001-original/2022|H5N1|USA-WA|2022-12-12|wild_avian|B3.2
990,355,0.10457703327335,-93.2389517030192,35.9705475435691,-143.864237275675,67.4120561226076,1.08002655085685,0.975449517583502,2022.84062844618,2022.94520547945,PQ710113|A/Gadwall/AL/22-040806-001-original/2022|H5N1|USA-AL|2022-12-12|wild_avian|B3.2
1045,1046,0.0523610848063112,-106.524995074881,48.2617236248413,-105.458145165527,46.8055460059752,1.08016229496911,1.0278012101628,2022.89298013876,2022.94534122356,NA
606,607,0.00836459891631325,-111.641315956162,48.9063612672525,-112.250706381269,49.8256759115532,1.08171823289665,1.07335363398034,2022.93853256258,2022.94689716149,NA
667,21,0.398536015280476,-123.350377128432,53.7990692872468,-126.062061963908,54.4064720992233,1.08276627688444,0.684230261603961,2022.5494091902,2022.94794520548,PV304104|A/Barred_Owl/BC/FAV-0053-23-2022/2022|H5N1|Canada-BC|2022-12-13|wild_avian|B3.2
1008,341,0.113985147991959,-95.1180628029029,38.8110344882082,-100.447204731069,38.1213594300218,1.08276627688444,0.968781128892477,2022.83396005749,2022.94794520548,PQ720257|A/great-tailed_grackle/KS/22-041130-006-original/2022|H5N1|USA-KS|2022-12-13|wild_avian|B3.2
925,926,0.0265992320725452,-65.8945939419372,-16.7914063497875,-63.143818287474,-16.022720156746,1.08369484218641,1.05709561011387,2022.92227453871,2022.94887377078,NA
918,919,0.0417000697333965,-58.9162532563886,-27.4140820491604,-60.0185110732977,-30.0430284927838,1.08510855287416,1.04340848314076,2022.90858741174,2022.95028748147,NA
633,638,0.0449866056435217,-99.177246418216,41.9903345759927,-97.730831267684,41.8589974504989,1.08530818353886,1.04032157789533,2022.90550050649,2022.95048711213,NA
1043,417,0.251012163199897,-113.617697838291,47.778923667044,-116.295810617338,53.3737632485564,1.08550600291179,0.834493839711897,2022.69967276831,2022.95068493151,PV309456|A/Domestic_bird/AB/FAV-1654-2022/2022|H5N1|Canada-AB|2022-12-14|domestic_avian|B3.2
756,264,0.197303350056424,-110.5336467318,41.4583373081357,-110.084401618489,42.1568340824509,1.08550600291179,0.88820265285537,2022.75338158145,2022.95068493151,PQ709169|A/Canada_goose/WY/22-041261-001-original/2022|H5N1|USA-WY|2022-12-14|wild_avian|B3.2
1120,511,0.087770548817951,-63.6891415512948,46.6903039237306,-68.8293675154202,44.8721842921797,1.08550600291179,0.997735454093843,2022.86291438269,2022.95068493151,PQ713329|A/Mallard/ME/22-041145-001-original/2022|H5N1|USA-ME|2022-12-14|wild_avian|B3.2
791,792,0.0621927359402834,-72.5350444656956,-19.5279491876074,-74.3614687631188,-25.5303547372968,1.08588067250632,1.02368793656603,2022.88886686516,2022.9510596011,NA
725,40,0.243109986395306,-108.829296852621,41.993477946796,-120.082282048607,40.4335949755047,1.08824572893915,0.845135742543845,2022.71031467114,2022.95342465753,PQ709961|A/Eared_grebe/CA/23-000276-003-original/2022|H5N1|USA-CA|2022-12-15|wild_avian|B3.2
787,248,0.0821685764890767,-70.3400720916753,-21.2061709785856,-70.2,-22.096389,1.08824572893915,1.00607715245007,2022.87125608105,2022.95342465753,EPI_ISL_17885931|A/Pelican/Antofagasta/228246-3/2022|H5N1|Chile-Antofagasta|2022-12-15|wild_avian|B3.2
638,449,0.00293754540029489,-97.730831267684,41.8589974504989,-97.233489523603,41.658705125484,1.08824572893915,1.08530818353886,2022.95048711213,2022.95342465753,PQ718649|A/Swan/NE/22-041037-001-original/2022|H5N1|USA-NE|2022-12-15|wild_avian|B3.2
638,450,0.00293754540029489,-97.730831267684,41.8589974504989,-97.183149334138,41.4544832354256,1.08824572893915,1.08530818353886,2022.95048711213,2022.95342465753,PQ718657|A/Swan/NE/22-041037-002-original/2022|H5N1|USA-NE|2022-12-15|wild_avian|B3.2
829,830,0.168239247367071,-78.2038557633441,-8.23877716193828,-77.1913235052744,-11.9772494575466,1.08966865146417,0.921429404097096,2022.78660833269,2022.95484758006,NA
722,723,0.387592380979985,-105.213001664012,46.8100378099261,-82.177719680662,28.9455432918236,1.08972510659087,0.702132725610888,2022.56731165421,2022.95490403519,NA
928,259,0.297909118831492,-94.6172566381029,30.5622997356699,-80.416947940322,32.648501209957,1.09098545496651,0.793076336135017,2022.65825526473,2022.95616438356,PQ714225|A/Mottled_Duck/SC/22-042180-002-original/2022|H5N1|USA-SC|2022-12-16|wild_avian|B3.2
789,247,0.0744180777502348,-71.8528492034327,-20.9060780191669,-70.4214538718351,-23.6449809112059,1.09098545496651,1.01656737721627,2022.88174630581,2022.95616438356,EPI_ISL_17885944|A/Pelican/Antofagasta/228244-2/2022|H5N1|Chile-Antofagasta|2022-12-16|wild_avian|B3.2
854,913,0.0459538745605204,-62.1549160748987,-34.5048248988867,-71.5690225282002,-37.4815752297688,1.09105020462003,1.04509633005951,2022.91027525865,2022.95622913322,NA
697,698,0.135161856851383,-101.180452176534,40.9944872377271,-98.9279436611987,40.3442049828248,1.09143875058889,0.956276893737509,2022.82145582233,2022.95661767918,NA
854,855,0.0468281375598751,-62.1549160748987,-34.5048248988867,-61.5306630953914,-34.6818781522332,1.09192446761938,1.04509633005951,2022.91027525865,2022.95710339621,NA
919,920,0.00775541772472943,-60.0185110732977,-30.0430284927838,-60.6761296016291,-30.277264978231,1.09286397059889,1.08510855287416,2022.95028748147,2022.95804289919,NA
703,72,0.183909265845119,-89.5223280423178,34.1488688674409,-92.1398673216087,31.8512761209455,1.09372518099387,0.909815915148747,2022.77499484374,2022.95890410959,PQ701721|A/American_green-winged_teal/LA/22-041760-007-original/2022|H5N1|USA-LA|2022-12-17|wild_avian|B3.2
851,852,0.0761808686565915,-62.5587540859773,-32.7156531822134,-63.2254672183722,-32.5345341088891,1.09522690914936,1.01904604049277,2022.88422496909,2022.96040583774,NA
920,921,0.00320979980851543,-60.6761296016291,-30.277264978231,-59.6990564125972,-30.9311932832053,1.0960737704074,1.09286397059889,2022.95804289919,2022.961252699,NA
608,404,0.291877841483261,-150.906814105966,62.4132632663555,-150.17429595049,62.9808348312375,1.09646490702145,0.80458706553819,2022.66976599413,2022.96164383562,PQ715449|A/Raven/AK/22-042128-001-original/2022|H5N1|USA-AK|2022-12-18|wild_avian|B3.2
999,333,0.235253128108881,-93.6939159319206,42.2056284267039,-96.4470803606395,45.125965350551,1.09920463304881,0.863951504939927,2022.72913043353,2022.96438356164,PQ708193|A/Canada_goose/MN/22-041306-001-original/2022|H5N1|USA-MN|2022-12-19|wild_avian|B3.2
1147,2,0.0400511421350997,-86.2285006464883,51.3520703510143,-73.9131115135752,43.128854963913,1.09920463304881,1.05915349091371,2022.92433241951,2022.96438356164,PQ716513|A/Red-tailed_hawk/NY/22-042014-001-original/2022|H5N1|USA-NY|2022-12-19|wild_avian|B3.2
723,45,0.00947952645793437,-82.177719680662,28.9455432918236,-80.9577571349697,28.6144528205939,1.09920463304881,1.08972510659087,2022.95490403519,2022.96438356164,PQ701337|A/American_coot/FL/23-002762-015-original/2022|H5N1|USA-FL|2022-12-19|wild_avian|B3.2
920,922,0.0066851903435321,-60.6761296016291,-30.277264978231,-60.5086363070627,-31.390395111469,1.09954916094242,1.09286397059889,2022.95804289919,2022.96472808954,NA
643,644,0.0489673855582824,-106.234745819117,41.3232493331893,-109.934939043868,42.1762871554145,1.0997525537848,1.05078516822652,2022.91596409682,2022.96493148238,NA
823,824,0.07889485451151,-69.365820562897,-23.2649017129896,-72.0172041765786,-37.2654747882681,1.10113995359234,1.02224509908083,2022.88742402768,2022.96631888219,NA
1040,421,0.265514078866249,-110.936380781098,46.5850951780517,-105.021680376422,42.3188016700704,1.10194435907617,0.836430280209917,2022.7016092088,2022.96712328767,PQ712161|A/Great_horned_owl/WY/22-041771-002-original/2022|H5N1|USA-WY|2022-12-20|wild_avian|B3.2
1013,340,0.106782249976677,-92.1058529892451,35.286614779847,-86.4868938234076,33.5411246221451,1.10194435907617,0.995162109099489,2022.86034103769,2022.96712328767,PQ717345|A/Snow_goose/AL/22-041764-001-original/2022|H5N1|USA-AL|2022-12-20|wild_avian|B3.2
705,70,0.0509693249512235,-80.5056355974866,32.4396213632412,-81.4351321877405,33.3579235557973,1.10194435907617,1.05097503412494,2022.91615396272,2022.96712328767,PQ710297|A/Gadwall/SC/22-042020-005-original/2022|H5N1|USA-SC|2022-12-20|wild_avian|B3.2
922,923,0.00306101148060733,-60.5086363070627,-31.390395111469,-60.7865405887204,-31.3764238286184,1.10261017242303,1.09954916094242,2022.96472808954,2022.96778910102,NA
1002,1003,0.159852062794945,-91.0116767725738,40.3525857692708,-91.0790979626106,39.6868384197534,1.10317705038055,0.943324987585607,2022.80850391618,2022.96835597898,NA
628,629,0.161253166357218,-122.783706182955,49.6218758984941,-122.763951039596,46.7151498378204,1.10327233297663,0.94201916661941,2022.80719809521,2022.96845126157,NA
1129,531,0.223946689572199,-75.0118229225057,44.6692498454952,-73.5595963723271,44.2748633519469,1.10468408510352,0.880737395531324,2022.74591632413,2022.9698630137,PQ718353|A/Snow_goose/NY/22-042013-001-original/2022|H5N1|USA-NY|2022-12-21|wild_avian|B3.2
1112,505,0.201866328102432,-63.9009436101917,45.5212861504974,-62.933796219692,46.1892162455963,1.10468408510352,0.902817757001091,2022.7679966856,2022.9698630137,PV307248|A/Canada_Goose/PE/FAV-0008-1-2022/2022|H5N1|Canada-PE|2022-12-21|wild_avian|B3.2
1014,344,0.115376556912471,-89.487406999828,37.9139433625598,-90.2181607944538,38.7974537959924,1.10468408510352,0.989307528191052,2022.85448645679,2022.9698630137,PQ716361|A/Red-tailed_hawk/MO/23-001518-001-original/2022|H5N1|USA-MO|2022-12-21|wild_avian|B3.2
951,952,0.369937450635603,-108.285503717282,39.5279759181607,-110.397278902695,35.8431637391635,1.10676797914599,0.73683052851039,2022.60200945711,2022.97194690774,NA
1124,522,0.233883918862489,-70.5878512701625,45.9426151292797,-87.0826460713205,55.8204530028422,1.10742381113088,0.873539892268391,2022.73871882086,2022.97260273973,PV317872|A/Snow_Goose/ON/FAV-1652-1-2022/2022|H5N1|Canada-ON|2022-12-22|wild_avian|B3.2
1003,349,0.00424676075032826,-91.0790979626106,39.6868384197534,-87.821468801727,37.8077439892365,1.10742381113088,1.10317705038055,2022.96835597898,2022.97260273973,EPI_ISL_17424631|A/red-tailed_hawk/Kentucky/W23-143/2022|H5N1|USA-KY|2022-12-22|wild_avian|B3.2
1139,538,0.0512064078708634,-72.4380149560266,43.1434233633064,-81.9552918078535,45.7938254356122,1.11016353715824,1.05895712928737,2022.92413605788,2022.97534246575,PV317880|A/Snow_Goose/ON/FAV-1652-2-2022/2022|H5N1|Canada-ON|2022-12-23|wild_avian|B3.2
836,837,0.0330384353018518,-65.3341686218016,-37.7078448434133,-66.9650836652375,-37.2188301362099,1.1124157911592,1.07937735585734,2022.94455628445,2022.97759471975,NA
827,828,0.0557324211546462,-72.8179291209133,-19.750976598917,-70.6145950004355,-20.9846644763174,1.11447075267965,1.058738331525,2022.92391726012,2022.97964968127,NA
1105,1106,0.213048469365709,-90.7327086439518,44.6933534828453,-93.423043327689,43.7797635225459,1.11783828633516,0.904789816969453,2022.76996874556,2022.98301721493,NA
780,203,0.13543867084536,-79.715053049924,-14.5895236548072,-70.833333,-27.066667,1.11838271524054,0.982944044395178,2022.84812297299,2022.98356164384,EPI_ISL_17885926|A/Pelican/Atacama/229450-2/2022|H5N1|Chile-Atacama|2022-12-26|wild_avian|B3.2
853,914,0.0926564351640766,-61.7778450646038,-34.6333247543706,-59.374153896439,-37.5321183655822,1.12014814043743,1.02749170527336,2022.89267063387,2022.98532706903,NA
1026,371,0.0938565571439223,-89.6822150356604,16.2765960204243,-86.7369745608949,15.577465832538,1.12112244126789,1.02726588412397,2022.89244481272,2022.98630136986,EPI_ISL_17558875|A/pelican/Honduras/23-000009-001/2022|H5N1|Honduras-Atlantida|2022-12-27|wild_avian|B3.2
607,402,0.0394042083712445,-112.250706381269,49.8256759115532,-104.572315700255,39.7363727063697,1.12112244126789,1.08171823289665,2022.94689716149,2022.98630136986,PQ707593|A/Canada_goose/CO/22-042169-001-original/2022|H5N1|USA-CO|2022-12-27|wild_avian|B3.2
617,465,0.321305417860863,-130.707619551118,50.8378895495458,-100.9097944758,44.6416089201944,1.12386216729525,0.80255674943439,2022.66773567803,2022.98904109589,PQ712489|A/Hawk/SD/23-000319-001-original/2022|H5N1|USA-SD|2022-12-28|wild_avian|B3.2
647,431,0.186421565881669,-121.906572017881,43.6128827926144,-122.160630157767,43.5032458154124,1.12386216729525,0.937440601413583,2022.80261953001,2022.98904109589,PQ716601|A/Red-tailed_hawk/OR/23-001496-001-original/2022|H5N1|USA-OR|2022-12-28|wild_avian|B3.2
1116,510,0.0527336944509864,-59.6277345323936,45.8544521764783,-62.7135909290753,46.1415107748456,1.12386216729525,1.07112847284427,2022.93630740144,2022.98904109589,PV302464|A/American_Crow/PE/FAV-0019-5-2022/2022|H5N1|Canada-PE|2022-12-28|wild_avian|B3.2
707,69,0.184632582974058,-125.700813870681,48.8164418672716,-121.524770906473,39.9950438061479,1.12660189332261,0.941969310348551,2022.80714823894,2022.99178082192,PQ718945|A/Turkey_Vulture/CA/23-002030-001-original/2022|H5N1|USA-CA|2022-12-29|wild_avian|B3.2
1121,1122,0.104913348208876,-62.459320151202,45.6689823461621,-62.4563373670345,45.63572370445,1.12711662415587,1.02220327594699,2022.88738220454,2022.99229555275,NA
837,845,0.0147010148859579,-66.9650836652375,-37.2188301362099,-64.3119228845983,-35.3378965643347,1.12711680604515,1.1124157911592,2022.97759471975,2022.99229573464,NA
1133,1134,0.162250757756084,-76.3653190241493,42.4206168065552,-72.5341021247085,41.0931767231295,1.12829322197473,0.966042464218644,2022.83122139281,2022.99347215057,NA
786,246,0.137783130967716,-69.8583895475809,-19.9135419381697,-70.313228921854,-18.4617096649297,1.12934161935019,0.991558488382478,2022.85673741698,2022.99452054795,EPI_ISL_17885980|A/Sanderling/Arica_y_Parinacota/230758-1/2022|H5N1|Chile-Arica|2022-12-30|wild_avian|B3.2
642,459,0.0820502457974124,-104.607507112708,40.4183718613616,-104.999229367799,40.7113446381703,1.12934161935019,1.04729137355278,2022.91247030215,2022.99452054795,PQ707609|A/Canada_goose/CO/23-000399-001-original/2022|H5N1|USA-CO|2022-12-30|wild_avian|B3.2
792,212,0.0434609468438767,-74.3614687631188,-25.5303547372968,-71.0814,-28.510219,1.12934161935019,1.08588067250632,2022.9510596011,2022.99452054795,EPI_ISL_17885924|A/Pelican/Atacama/230158-2/2022|H5N1|Chile-Atacama|2022-12-30|wild_avian|B3.2
723,44,0.0396165127593204,-82.177719680662,28.9455432918236,-82.5194302323612,28.7779144535271,1.12934161935019,1.08972510659087,2022.95490403519,2022.99452054795,PQ710449|A/Gannet/FL/23-002762-022-original/2022|H5N1|USA-FL|2022-12-30|wild_avian|B3.2
1045,1047,0.104993753402598,-106.524995074881,48.2617236248413,-106.269016390084,45.2118321813003,1.1327949635654,1.0278012101628,2022.89298013876,2022.99797389216,NA
645,456,0.0905875928422799,-104.855679977189,40.5466646015114,-105.686174188658,40.9341719595413,1.13482107140491,1.04423347856263,2022.90941240716,2023,PQ715865|A/Red-tailed_hawk/CO/23-000403-001-original/2023|H5N1|USA-CO|2023-01-01|wild_avian|B3.2
792,793,0.049694712935834,-74.3614687631188,-25.5303547372968,-67.7778667218658,-29.475687686732,1.13557538544215,1.08588067250632,2022.9510596011,2023.00075431404,NA
855,877,0.0444245054397205,-61.5306630953914,-34.6818781522332,-61.6754234853892,-34.6479505748378,1.1363489730591,1.09192446761938,2022.95710339621,2023.00152790165,NA
845,846,0.00948210920961756,-64.3119228845983,-35.3378965643347,-64.3756546301595,-35.4416438085355,1.13659891525477,1.12711680604515,2022.99229573464,2023.00177784385,NA
776,777,0.182716412234606,-79.3795509180535,-14.2996005871589,-71.4426925006457,-28.5067607005325,1.13854737250083,0.955830960266229,2022.82100988886,2023.0037263011,NA
665,30,0.441646740185846,-124.365569573641,54.5306598325274,-124.29429268813,54.1175138179734,1.14030052345962,0.698653783273778,2022.56383271187,2023.00547945205,PV322688|A/chicken/BC/FAV-0010-1-2023/2023|H5N1|Canada-BC|2023-01-03|domestic_avian|B3.2
674,18,0.326718332743112,-116.700943259732,55.1385576655934,-123.583689979036,56.8483453004282,1.14030052345962,0.813582190716512,2022.67876111931,2023.00547945205,PV322704|A/chicken/BC/FAV-0011-1-2023/2023|H5N1|Canada-BC|2023-01-03|domestic_avian|B3.2
629,443,0.0370281904829963,-122.763951039596,46.7151498378204,-123.524122711605,45.8473759008462,1.14030052345962,1.10327233297663,2022.96845126157,2023.00547945205,PQ717209|A/Sanderling/OR/23-000771-001-original/2023|H5N1|USA-OR|2023-01-03|wild_avian|B3.2
1134,1135,0.0129431583082034,-72.5341021247085,41.0931767231295,-70.5736874627906,41.7575497279419,1.14123638028293,1.12829322197473,2022.99347215057,2023.00641530888,NA
855,856,0.0508866066298772,-61.5306630953914,-34.6818781522332,-60.4727979906338,-33.7140118749173,1.14281107424926,1.09192446761938,2022.95710339621,2023.00799000284,NA
1130,530,0.252838080134777,-76.2234421307959,41.8304241412055,-76.5304124695903,42.2987547184621,1.14304024948721,0.890202169352432,2022.75538109795,2023.00821917808,PQ718369|A/Snow_goose/NY/23-000618-001-original/2023|H5N1|USA-NY|2023-01-04|wild_avian|B3.2
699,82,0.16939704022127,-101.11031989923,40.9344752614425,-111.798124091489,44.476779373265,1.14304024948721,0.973643209265938,2022.83882213786,2023.00821917808,PQ712905|A/Magpie/ID/23-001085-001-original/2023|H5N1|USA-ID|2023-01-04|wild_avian|B3.2
644,453,0.0432876957024089,-109.934939043868,42.1762871554145,-109.975595506903,40.6852978887365,1.14304024948721,1.0997525537848,2022.96493148238,2023.00821917808,PQ720185|A/goose/UT/23-001040-001-original/2023|H5N1|USA-UT|2023-01-04|domestic_avian|B3.2
634,635,0.0867788004073149,-94.6678535605659,39.9909920162565,-94.8320133042078,42.8892675231705,1.14547184639719,1.05869304598988,2022.92387197458,2023.01065077499,NA
1105,527,0.240990158545113,-90.7327086439518,44.6933534828453,-92.1358560140433,42.62756445264,1.14577997551457,0.904789816969453,2022.76996874556,2023.01095890411,PQ701393|A/American_crow/IA/23-000627-006-original/2023|H5N1|USA-IA|2023-01-05|wild_avian|B3.2
639,451,0.098503897722293,-101.456924708181,42.6555863801445,-107.122694386633,42.9618769809306,1.14577997551457,1.04727607779227,2022.91245500639,2023.01095890411,PQ709217|A/Canada_goose/WY/23-000980-001-original/2023|H5N1|USA-WY|2023-01-05|wild_avian|B3.2
695,696,0.172093116622381,-110.521106237767,40.1681473172068,-109.666524334557,38.2897526680734,1.14638371941437,0.974290602791986,2022.83946953139,2023.01156264801,NA
695,83,0.174229098749938,-110.521106237767,40.1681473172068,-111.482542226083,45.8019854137977,1.14851970154192,0.974290602791986,2022.83946953139,2023.01369863014,PQ720265|A/greater_scaup/MT/23-001334-001-original/2023|H5N1|USA-MT|2023-01-06|wild_avian|B3.2
990,354,0.173070183958422,-93.2389517030192,35.9705475435691,-93.4008867956024,35.7310919331034,1.14851970154192,0.975449517583502,2022.84062844618,2023.01369863014,PQ717377|A/Snow_goose/AR/23-001513-001-original/2023|H5N1|USA-AR|2023-01-06|wild_avian|B3.2
671,24,0.170624058112826,-107.866089781781,46.6874790040335,-110.795683403127,39.3194093338248,1.14851970154192,0.977895643429097,2022.84307457202,2023.01369863014,PQ720193|A/goose/UT/23-001041-001-original/2023|H5N1|USA-UT|2023-01-06|domestic_avian|B3.2
791,819,0.128332898599425,-72.5350444656956,-19.5279491876074,-71.6394490009847,-28.0189754062834,1.15202083516546,1.02368793656603,2022.88886686516,2023.01719976376,NA
824,825,0.0552948692831507,-72.0172041765786,-37.2654747882681,-72.6732125348839,-36.4320080349075,1.15643482287549,1.10113995359234,2022.96631888219,2023.02161375147,NA
1135,1136,0.0152975396376878,-70.5736874627906,41.7575497279419,-71.468107613246,43.2461575306832,1.15653391992062,1.14123638028293,2023.00641530888,2023.02171284852,NA
952,310,0.0499709004780029,-110.397278902695,35.8431637391635,-112.264127035377,36.9218826961177,1.156738879624,1.10676797914599,2022.97194690774,2023.02191780822,PQ707097|A/Canada_goose/AZ/23-002260-001-original/2023|H5N1|USA-AZ|2023-01-09|wild_avian|B3.2
846,847,0.0207022008442808,-64.3756546301595,-35.4416438085355,-65.5612295359663,-35.7344813864641,1.15730111609905,1.13659891525477,2023.00177784385,2023.02248004469,NA
1028,1029,0.12722656397362,-111.761782464939,43.0838207663641,-108.565137707121,40.7441167442105,1.15885655435391,1.03162999038029,2022.89680891898,2023.02403548295,NA
1004,346,0.2722240795396,-89.6434637068508,39.2298774490976,-118.043531988182,37.2432978061716,1.15947860565158,0.88725452611198,2022.75243345471,2023.02465753425,PQ717521|A/Snow_goose/CA/23-002594-003-original/2023|H5N1|USA-CA|2023-01-10|wild_avian|B3.2
1013,343,0.164316496552092,-92.1058529892451,35.286614779847,-97.4774708868488,41.0889345260819,1.15947860565158,0.995162109099489,2022.86034103769,2023.02465753425,PQ708337|A/Canada_goose/NE/23-001495-002-original/2023|H5N1|USA-NE|2023-01-10|wild_avian|B3.2
643,457,0.108693437425063,-106.234745819117,41.3232493331893,-103.874678964867,42.8949793026684,1.15947860565158,1.05078516822652,2022.91596409682,2023.02465753425,PQ708329|A/Canada_goose/NE/23-001495-001-original/2023|H5N1|USA-NE|2023-01-10|wild_avian|B3.2
995,362,0.0953096111317677,-75.7468299327708,43.3210975614222,-65.5647600272055,46.7654443982637,1.15947860565158,1.06416899451981,2022.92934792311,2023.02465753425,PV324088|A/chicken/NB/FAV-0013-2023/2023|H5N1|Canada-NB|2023-01-10|domestic_avian|B3.2
1135,545,0.0182422253686489,-70.5736874627906,41.7575497279419,-71.0282668428805,42.04269180529,1.15947860565158,1.14123638028293,2023.00641530888,2023.02465753425,PQ701465|A/American_crow/MA/23-004612-017-original/2023|H5N1|USA-MA|2023-01-10|wild_avian|B3.2
837,838,0.0496009623956462,-66.9650836652375,-37.2188301362099,-69.4826111559703,-36.7365626979073,1.16201675355484,1.1124157911592,2022.97759471975,2023.02719568215,NA
1041,419,0.154206608397521,-115.511980884689,51.2202890441266,-109.106327427949,42.3229558699408,1.16221833167894,1.00801172328142,2022.87319065188,2023.02739726027,PQ709241|A/Canada_goose/WY/23-002120-001-original/2023|H5N1|USA-WY|2023-01-11|wild_avian|B3.2
772,97,0.137554936932887,-78.6646987235869,-7.28463000092034,-80.5195928,-0.79805746,1.16221833167894,1.02466339474605,2022.88984232334,2023.02739726027,EPI_ISL_17973443|A/wildbird-Fregata-magnificens/Ecuador/IC03-4587/2023|H5N1|Ecuador-Manabi|2023-01-11|wild_avian|B3.2
793,794,0.0280494056299134,-67.7778667218658,-29.475687686732,-68.397840201323,-28.5693984478502,1.16362479107207,1.13557538544215,2023.00075431404,2023.02880371967,NA
1116,1117,0.0934866662614371,-59.6277345323936,45.8544521764783,-63.3592950148206,46.2857149984175,1.1646151391057,1.07112847284427,2022.93630740144,2023.0297940677,NA
634,448,0.106265011716418,-94.6678535605659,39.9909920162565,-93.4461494930213,41.9324082587224,1.1649580577063,1.05869304598988,2022.92387197458,2023.0301369863,PQ718729|A/Trumpeter_Swan/IA/23-002039-002-original/2023|H5N1|USA-IA|2023-01-12|wild_avian|B3.2
819,820,0.014126878054121,-71.6394490009847,-28.0189754062834,-71.9366208368232,-28.9901666525741,1.16614771321958,1.15202083516546,2023.01719976376,2023.03132664181,NA
1117,1118,0.00170618410593626,-63.3592950148206,46.2857149984175,-63.6798984740776,46.4829512543256,1.16632132321164,1.1646151391057,2023.0297940677,2023.03150025181,NA
767,768,0.189645982608575,-79.6085549278781,-7.999104777082,-77.5294449588444,-11.395818626655,1.16904342911948,0.979397446510908,2022.84457637511,2023.03422235771,NA
877,878,0.0334137233204785,-61.6754234853892,-34.6479505748378,-61.6913719062414,-34.6975521244476,1.16976269637958,1.1363489730591,2023.00152790165,2023.03494162497,NA
937,288,0.605100573930628,-108.104333680775,37.879475033043,-91.7605974760729,34.8168304224798,1.17043750976101,0.565336935830382,2022.43051586443,2023.03561643836,PQ714729|A/Northern_shoveler/AR/23-002690-001-original/2023|H5N1|USA-AR|2023-01-14|wild_avian|B3.2
878,879,0.00163897896728704,-61.6913719062414,-34.6975521244476,-61.7021088810458,-34.6382545274617,1.17140167534687,1.16976269637958,2023.03494162497,2023.03658060394,NA
820,821,0.00543300056053386,-71.9366208368232,-28.9901666525741,-72.0438993015107,-28.2999049827065,1.17158071378011,1.16614771321958,2023.03132664181,2023.03675964238,NA
838,839,0.0105320203516484,-69.4826111559703,-36.7365626979073,-68.5591916468878,-37.3960061966034,1.17254877390649,1.16201675355484,2023.02719568215,2023.0377277025,NA
1136,1137,0.0162142515690507,-71.468107613246,43.2461575306832,-72.5735367459947,42.5767441920409,1.17274817148967,1.15653391992062,2023.02171284852,2023.03792710008,NA
777,778,0.0349560725883733,-71.4426925006457,-28.5067607005325,-71.8742415600069,-33.5279844535193,1.17350344508921,1.13854737250083,2023.0037263011,2023.03868237368,NA
1118,1119,0.0078158789982754,-63.6798984740776,46.4829512543256,-63.7184332817186,46.4937397562828,1.17413720220991,1.16632132321164,2023.03150025181,2023.0393161308,NA
1038,1039,0.202773746253066,-111.779294644273,38.0790011403361,-113.933000973156,39.2369900493475,1.17437611640329,0.971602370150228,2022.83678129875,2023.039555045,NA
671,22,0.200761044414212,-107.866089781781,46.6874790040335,-102.233706822495,44.2353515087456,1.17865668784331,0.977895643429097,2022.84307457202,2023.04383561644,PQ716689|A/Red-tailed_hawk/SD/23-002914-001-original/2023|H5N1|USA-SD|2023-01-17|wild_avian|B3.2
877,905,0.0444774987480487,-61.6754234853892,-34.6479505748378,-66.2866774267083,-37.0246310825156,1.18082647180715,1.1363489730591,2023.00152790165,2023.0460054004,NA
1015,318,0.381109614346523,-104.143924666464,45.9784896557937,-96.3997847117714,29.5205903172738,1.18139641387067,0.800286799524144,2022.66546572812,2023.04657534247,PQ702481|A/American_wigeon/TX/23-003062-016-original/2023|H5N1|USA-TX|2023-01-18|wild_avian|B3.2
755,263,0.319446047567195,-112.359405113298,43.2072581948389,-115.399395468512,51.9758559344624,1.18139641387067,0.861950366303472,2022.7271292949,2023.04657534247,PV305176|A/Canada_Goose/AB/FAV-0083-4-2023/2023|H5N1|Canada-AB|2023-01-18|wild_avian|B3.2
624,435,0.211874526183642,-122.086212425115,47.8063030649252,-121.851155759556,45.9636066208763,1.18139641387067,0.969521887687025,2022.83470081628,2023.04657534247,PQ712817|A/Hooded_Merganser/WA/23-003784-001-original/2023|H5N1|USA-WA|2023-01-18|wild_avian|B3.2
828,255,0.0669256611910183,-70.6145950004355,-20.9846644763174,-69.5117390909907,-20.537463272739,1.18139641387067,1.11447075267965,2022.97964968127,2023.04657534247,EPI_ISL_17885951|A/Gray_gull/Tarapaca/232825-1/2023|H5N1|Chile-Tarapaca|2023-01-18|wild_avian|B3.2
758,261,0.163621303633686,-92.5086062727898,30.07963724923,-93.902874137488,30.2223566374431,1.18413613989802,1.02051483626434,2022.88569376486,2023.04931506849,PQ714793|A/Northern_shoveler/TX/23-007477-003-original/2023|H5N1|USA-TX|2023-01-19|wild_avian|B3.2
1136,540,0.0276022199774051,-71.468107613246,43.2461575306832,-71.3091295533338,43.5786395280987,1.18413613989802,1.15653391992062,2023.02171284852,2023.04931506849,EPI_ISL_19490417|A/chicken/New_Hampshire/23-002392-001-original2/2023|H5N1|USA-NH|2023-01-19|domestic_avian|B3.2
629,630,0.0815182944697987,-122.763951039596,46.7151498378204,-122.98248801866,42.7833760459354,1.18479062744643,1.10327233297663,2022.96845126157,2023.04996955604,NA
778,779,0.0124828417002352,-71.8742415600069,-33.5279844535193,-71.9545845189012,-33.9980258417808,1.18598628678944,1.17350344508921,2023.03868237368,2023.05116521538,NA
669,23,0.310663737589494,-112.82055253045,48.7103850800321,-120.013900909884,44.1745924497432,1.18687586592538,0.876212128335888,2022.74139105693,2023.05205479452,PQ716617|A/Red-tailed_hawk/OR/23-003379-001-original/2023|H5N1|USA-OR|2023-01-20|wild_avian|B3.2
635,636,0.0417036806113353,-94.8320133042078,42.8892675231705,-94.8808312274343,42.9178463840394,1.18717552700853,1.14547184639719,2023.01065077499,2023.0523544556,NA
905,909,0.00783321385086078,-66.2866774267083,-37.0246310825156,-68.0172106945337,-35.5479493704103,1.18865968565801,1.18082647180715,2023.0460054004,2023.05383861425,NA
856,857,0.0469358970237836,-60.4727979906338,-33.7140118749173,-57.3665499272913,-38.6676546162311,1.18974697127304,1.14281107424926,2023.00799000284,2023.05492589987,NA
905,906,0.0123246249531106,-66.2866774267083,-37.0246310825156,-64.6868189711062,-36.9624273834201,1.19315109676026,1.18082647180715,2023.0460054004,2023.05833002536,NA
764,99,0.250976024877035,-77.6789135771965,-10.5820417745645,-77.045041,-12.1218839,1.19509504400768,0.944119019130646,2022.80929794773,2023.0602739726,OQ550474|A/South_American_Sea_Lion/Peru/LIM-SER036/2023|H5N1|Peru|2023-01-23|other_mammal|B3.2
758,262,0.174580207743343,-92.5086062727898,30.07963724923,-86.3288832416126,39.4690554584019,1.19509504400768,1.02051483626434,2022.88569376486,2023.0602739726,PQ712401|A/Hawk/IN/23-003026-001-original/2023|H5N1|USA-IN|2023-01-23|wild_avian|B3.2
823,245,0.172849944926851,-69.365820562897,-23.2649017129896,-71.458889,-32.553611,1.19509504400768,1.02224509908083,2022.88742402768,2023.0602739726,EPI_ISL_17885983|A/pelican/Valparaiso/233450-1/2023|H5N1|Chile-Valparaiso|2023-01-23|wild_avian|B3.2
952,311,0.0883270648616885,-110.397278902695,35.8431637391635,-111.085350179922,35.9830667158622,1.19509504400768,1.10676797914599,2022.97194690774,2023.0602739726,PQ707105|A/Canada_goose/AZ/23-005233-001-original/2023|H5N1|USA-AZ|2023-01-23|wild_avian|B3.2
878,904,0.0268142034126395,-61.6913719062414,-34.6975521244476,-60.5760217632183,-35.8313992760094,1.19657689979222,1.16976269637958,2023.03494162497,2023.06175582839,NA
779,205,0.0118484832455956,-71.9545845189012,-33.9980258417808,-72.0222469572134,-34.4060493684107,1.19783477003504,1.18598628678944,2023.05116521538,2023.06301369863,EPI_ISL_17885915|A/Pelican/OHiggins/233663-1/2023|H5N1|Chile-OHiggins|2023-01-24|wild_avian|B3.2
614,434,0.61533843021735,-124.251726615846,46.8751380973777,-121.267698646298,38.2877916241718,1.2005744960624,0.585236065845046,2022.45041499444,2023.06575342466,PQ715713|A/Red-tailed_hawk/CA/23-004363-001-original/2023|H5N1|USA-CA|2023-01-25|wild_avian|B3.2
607,401,0.118856263165746,-112.250706381269,49.8256759115532,-114.364081637834,49.7391916872252,1.2005744960624,1.08171823289665,2022.94689716149,2023.06575342466,PV304208|A/Black-Billed_Magpie/AB/FAV-0083-6-2023/2023|H5N1|Canada-AB|2023-01-25|wild_avian|B3.2
778,204,0.0270710509731882,-71.8742415600069,-33.5279844535193,-71.692778,-33.391111,1.2005744960624,1.17350344508921,2023.03868237368,2023.06575342466,EPI_ISL_17885982|A/pelican/Valparaiso/234040/2023|H5N1|Chile-Valparaiso|2023-01-25|wild_avian|B3.2
909,910,0.014381366749697,-68.0172106945337,-35.5479493704103,-67.8854891079985,-33.6878238734245,1.20304105240771,1.18865968565801,2023.05383861425,2023.068219981,NA
1048,428,0.401286898486735,-112.389893217083,46.4152439023023,-123.518717195378,46.4815660449042,1.20331422208975,0.802027323603018,2022.6672062522,2023.06849315068,PQ717217|A/Sanderling/WA/23-004228-001-original/2023|H5N1|USA-WA|2023-01-26|wild_avian|B3.2
1130,546,0.313112052737321,-76.2234421307959,41.8304241412055,-74.0034630650454,40.6058448791763,1.20331422208975,0.890202169352432,2022.75538109795,2023.06849315068,PQ715305|A/Peregrine_falcon/NY/23-003717-001-original/2023|H5N1|USA-NY|2023-01-26|wild_avian|B3.2
1025,369,0.230296973468817,-88.9394913376878,16.609448562803,-83.6826469887646,10.6066203063041,1.20331422208975,0.973017248620936,2022.83819617722,2023.06849315068,EPI_ISL_16958548|A/falcon/Costa_Rica/INC-0001-D0377-23/2023|H5N1|Costa_Rica-Limon|2023-01-26|wild_avian|B3.2
1026,370,0.176048337965781,-89.6822150356604,16.2765960204243,-82.7324,9.6477,1.20331422208975,1.02726588412397,2022.89244481272,2023.06849315068,EPI_ISL_17965774|A/pelican/Costa_Rica/INC-0018-D0370-23/2023|H5N1|Costa_Rica-Limon|2023-01-26|wild_avian|B3.2
925,197,0.146218611975885,-65.8945939419372,-16.7914063497875,-65.8329651762041,-16.8778861165944,1.20331422208975,1.05709561011387,2022.92227453871,2023.06849315068,EPI_ISL_19410267|A/chicken/Cochabamba/39356/2023|H5N1|Bolivia-Cochabamba|2023-01-26|domestic_avian|B3.2
1046,412,0.123151927120638,-105.458145165527,46.8055460059752,-88.8159445401732,48.1858421037873,1.20331422208975,1.08016229496911,2022.94534122356,2023.06849315068,PQ715201|A/Peregrine_falcon/MI/23-003553-001-original/2023|H5N1|USA-MI|2023-01-26|wild_avian|B3.2
825,250,0.0468793992142627,-72.6732125348839,-36.4320080349075,-72.668056,-36.430833,1.20331422208975,1.15643482287549,2023.02161375147,2023.06849315068,EPI_ISL_17885918|A/Pelican/Nuble/233947-2/2023|H5N1|Chile-Nuble|2023-01-26|wild_avian|B3.2
1014,345,0.216746419926286,-89.487406999828,37.9139433625598,-100.892115940206,39.7306885283238,1.20605394811734,0.989307528191052,2022.85448645679,2023.07123287671,EPI_ISL_17424646|A/striped_skunk/Kansas/W23-094/2023|H5N1|USA-KS|2023-01-27|other_mammal|B3.2
879,880,0.0349320645184825,-61.7021088810458,-34.6382545274617,-56.1700170312558,-34.6389979918078,1.20633373986535,1.17140167534687,2023.03658060394,2023.07151266846,NA
839,842,0.0342934205956507,-68.5591916468878,-37.3960061966034,-71.9369675656149,-36.4296084791803,1.20684219450214,1.17254877390649,2023.0377277025,2023.0720211231,NA
1086,1087,0.428493723099809,-69.2639783606265,40.5166487902147,-70.6371630298447,43.3132610831147,1.2077039404987,0.779210217398887,2022.64438914599,2023.07288286909,NA
857,858,0.0210987844625907,-57.3665499272913,-38.6676546162311,-61.5480188237724,-37.4233251878503,1.21084575573563,1.18974697127304,2023.05492589987,2023.07602468433,NA
696,84,0.067889406785044,-109.666524334557,38.2897526680734,-104.06480143196,45.6957602752531,1.21427312619941,1.14638371941437,2023.01156264801,2023.07945205479,PQ715513|A/Raven/MT/23-003666-002-original/2023|H5N1|USA-MT|2023-01-30|wild_avian|B3.2
926,927,0.131377656773655,-63.143818287474,-16.022720156746,-63.6446383673257,-17.3918665866016,1.21507249896007,1.08369484218641,2022.94887377078,2023.08025142756,NA
976,977,0.3658187790946,-93.9240070871431,41.0721764185618,-113.728811815461,42.4754925366953,1.21550986720427,0.84969108810967,2022.7148700167,2023.0806887958,NA
1029,409,0.0581562978728556,-108.565137707121,40.7441167442105,-105.058669392081,40.8336868270404,1.21701285222677,1.15885655435391,2023.02403548295,2023.08219178082,PQ715953|A/Red-tailed_hawk/CO/23-004223-001-original/2023|H5N1|USA-CO|2023-01-31|wild_avian|B3.2
1117,506,0.0523977131210649,-63.3592950148206,46.2857149984175,-63.5434439717067,46.3475515067747,1.21701285222677,1.1646151391057,2023.0297940677,2023.08219178082,PV302536|A/American_Crow/PE/FAV-0068-6-2023/2023|H5N1|Canada-PE|2023-01-31|wild_avian|B3.2
1119,508,0.0428756500168532,-63.7184332817186,46.4937397562828,-63.692084300803,46.4767996938803,1.21701285222677,1.17413720220991,2023.0393161308,2023.08219178082,PV302528|A/American_Crow/PE/FAV-0068-5-2023/2023|H5N1|Canada-PE|2023-01-31|wild_avian|B3.2
1087,498,0.00930891172807202,-70.6371630298447,43.3132610831147,-70.8865615906943,43.3936589529861,1.21701285222677,1.2077039404987,2023.07288286909,2023.08219178082,PQ712785|A/Hooded_Merganser/ME/23-004172-006-original/2023|H5N1|USA-ME|2023-01-31|wild_avian|B3.2
677,33,0.921653022721355,-109.786758557981,48.0206279653253,-114.942445924775,55.1721730073457,1.21975257825413,0.29809955553277,2022.16327848413,2023.08493150685,PV318880|A/Striped_Skunk/AB/FAV-0085-1-2023/2023|H5N1|Canada-AB|2023-02-01|other_mammal|B3.2
1141,537,0.237273353158902,-74.0232684384252,47.1056136416227,-71.8471295988146,48.8896133553656,1.21975257825413,0.982479225095223,2022.84765815369,2023.08493150685,PV301315|A/Duck/QC/FAV-0051-1-2023/2023|H5N1|Canada-QC|2023-02-01|domestic_avian|B3.2
1139,539,0.160795448966751,-72.4380149560266,43.1434233633064,-73.9631664406161,40.783913349958,1.21975257825413,1.05895712928737,2022.92413605788,2023.08493150685,OR858836|A/Canada_goose/New_York/NYCVH-23-453/2023|H5N1|USA-NY|2023-02-01|wild_avian|B3.2
838,843,0.0592028912431273,-69.4826111559703,-36.7365626979073,-74.3697331089932,-34.7959340127576,1.22121964479797,1.16201675355484,2023.02719568215,2023.08639857339,NA
1087,499,0.0147883637830142,-70.6371630298447,43.3132610831147,-69.8992795696822,44.3316855220365,1.22249230428171,1.2077039404987,2023.07288286909,2023.08767123288,PQ712769|A/Hooded_Merganser/ME/23-004172-002-original/2023|H5N1|USA-ME|2023-02-02|wild_avian|B3.2
843,844,0.00208475044615009,-74.3697331089932,-34.7959340127576,-73.8945780221691,-34.4732496068644,1.22330439524412,1.22121964479797,2023.08639857339,2023.08848332384,NA
794,795,0.0613069277471325,-68.397840201323,-28.5693984478502,-70.5233357484044,-22.9992216664969,1.2249317188192,1.16362479107207,2023.02880371967,2023.09011064741,NA
1141,1142,0.242661746020864,-74.0232684384252,47.1056136416227,-77.6057192570637,46.9422088155791,1.22514097111609,0.982479225095223,2022.84765815369,2023.09031989971,NA
910,912,0.0234917734957847,-67.8854891079985,-33.6878238734245,-72.6515132606435,-34.5461319901268,1.22653282590349,1.20304105240771,2023.068219981,2023.0917117545,NA
824,249,0.126831802744085,-72.0172041765786,-37.2654747882681,-70.1211652245783,-28.2338997974766,1.22797175633642,1.10113995359234,2022.96631888219,2023.09315068493,EPI_ISL_18760074|A/chicken/Atacama/235254-2/2023|H5N1|Chile-Atacama|2023-02-04|domestic_avian|B3.2
630,442,0.0431811288899984,-122.98248801866,42.7833760459354,-123.993651176525,43.8954738712998,1.22797175633642,1.18479062744643,2023.04996955604,2023.09315068493,EPI_ISL_17964904|A/sanderling/Oregon/23-008234-001/2023|H5N1|USA-OR|2023-02-04|wild_avian|B3.2
819,243,0.0786906471983233,-71.6394490009847,-28.0189754062834,-70.621944,-26.344444,1.23071148236378,1.15202083516546,2023.01719976376,2023.09589041096,EPI_ISL_19151400|A/guanay_cormorant/Atacama/235520-1/2023|H5N1|Chile-Atacama|2023-02-05|wild_avian|B3.2
847,848,0.0744225103815612,-65.5612295359663,-35.7344813864641,-68.3928088366134,-34.1542486639324,1.23172362648061,1.15730111609905,2023.02248004469,2023.09690255508,NA
1088,501,0.440615623586769,-71.4377020644452,41.4629558605079,-72.116812771404,41.4665733672217,1.23345120839114,0.792835584804371,2022.6580145134,2023.09863013699,EPI_ISL_19490418|A/mallard/Connecticut/23-004773-001-original2/2023|H5N1|USA-CT|2023-02-06|wild_avian|B3.2
708,60,0.209103974043294,-123.733722075248,49.4968431915443,-130.993880684012,57.7156079694959,1.23345120839114,1.02434723434785,2022.88952616294,2023.09863013699,EPI_ISL_18665510|A/Dunlin/BC/AIVPHL-940/2023|H5N1|Canada-BC|2023-02-06|wild_avian|B3.2
768,769,0.066567489735613,-77.5294449588444,-11.395818626655,-76.6265047400366,-12.184711277433,1.2356109188551,1.16904342911948,2023.03422235771,2023.10078984745,NA
848,849,0.00407946707000884,-68.3928088366134,-34.1542486639324,-68.9151863229943,-34.2994828872811,1.23580309355062,1.23172362648061,2023.09690255508,2023.10098202215,NA
783,211,0.26038622457583,-76.1346822709394,-13.7116842941952,-76.507071,-12.91786123,1.2361909344185,0.975804709842667,2022.84098363844,2023.10136986301,OQ925725|A/south_american_sea_lion/Peru/AQP-SER00K/2023|H5N1|Peru|2023-02-07|other_mammal|B3.2
927,196,0.021118435458428,-63.6446383673257,-17.3918665866016,-66.6203871783587,-16.9936197662626,1.2361909344185,1.21507249896007,2023.08025142756,2023.10136986301,EPI_ISL_19410269|A/chicken/Cochabamba/39425/2023|H5N1|Bolivia-Cochabamba|2023-02-07|domestic_avian|B3.2
910,911,0.0342929365978177,-67.8854891079985,-33.6878238734245,-71.6680895712904,-36.4409309793707,1.23733398900553,1.20304105240771,2023.068219981,2023.1025129176,NA
771,98,0.225434379486468,-80.353962170758,-10.4972161697485,-75.1961831,-12.0621201,1.23893066044608,1.01349628095961,2022.87867520955,2023.10410958904,OQ547431|A/Panthera_leo/Peru/AIS0554/2023|H5N1|Peru|2023-02-08|feline|B3.2
914,915,0.11880141263438,-59.374153896439,-37.5321183655822,-63.3794936803735,-38.227635261005,1.23894955307181,1.12014814043743,2022.98532706903,2023.10412848167,NA
839,840,0.0672180101635749,-68.5591916468878,-37.3960061966034,-70.3584253566911,-39.9927385937646,1.23976678407007,1.17254877390649,2023.0377277025,2023.10494571267,NA
596,597,0.412221598308185,-123.588883771825,41.0201647069285,-122.83108301436,37.3972208566223,1.24062735415403,0.828405755845843,2022.69358468444,2023.10580628275,NA
906,907,0.051036687945246,-64.6868189711062,-36.9624273834201,-58.0769641619103,-36.9199828813527,1.24418778470551,1.19315109676026,2023.05833002536,2023.1093667133,NA
849,850,0.0101995076956567,-68.9151863229943,-34.2994828872811,-66.479269546089,-35.7932278303979,1.24600260124628,1.23580309355062,2023.10098202215,2023.11118152984,NA
832,101,0.367716425835326,-66.6892993721586,-13.866888246119,-65.9707,-22.4027,1.24714983852815,0.879433412692828,2022.74461234129,2023.11232876712,EPI_ISL_18698459|A/Goose/Argentina/389-1/2023|H5N1|Argentina-Jujuy|2023-02-11|domestic_avian|B3.2
977,978,0.0353949770860145,-113.728811815461,42.4754925366953,-115.175804840868,44.8133206594758,1.25090484429028,1.21550986720427,2023.0806887958,2023.11608377289,NA
995,361,0.188460296063283,-75.7468299327708,43.3210975614222,-71.5642436283994,41.3922085053734,1.2526292905831,1.06416899451981,2022.92934792311,2023.11780821918,PQ714409|A/Mute_Swan/RI/23-007092-001-original/2023|H5N1|USA-RI|2023-02-13|wild_avian|B3.2
779,206,0.066643003793653,-71.9545845189012,-33.9980258417808,-72.95,-36.616667,1.2526292905831,1.18598628678944,2023.05116521538,2023.11780821918,EPI_ISL_18760061|A/pelican/Bio_Bio/236574/2023|H5N1|Chile-Biobio|2023-02-13|wild_avian|B3.2
840,841,0.014534971230598,-70.3584253566911,-39.9927385937646,-73.5217501040184,-39.0958589733718,1.25430175530066,1.23976678407007,2023.10494571267,2023.1194806839,NA
603,397,0.436999478882147,-119.561037737451,50.2451610122229,-123.284658858854,38.6753940107231,1.25536901661045,0.818369537728307,2022.68354846632,2023.12054794521,EPI_ISL_17964878|A/red-tailed_hawk/California/23-006644-003/2023|H5N1|USA-CA|2023-02-14|wild_avian|B3.2
957,303,0.422306182726866,-109.124434002043,53.875148092694,-110.435398344435,56.3151733630865,1.25536901661045,0.833062833883587,2022.69824176248,2023.12054794521,PV318888|A/Striped_Skunk/AB/FAV-0085-2-2023/2023|H5N1|Canada-AB|2023-02-14|other_mammal|B3.2
645,455,0.211135538047824,-104.855679977189,40.5466646015114,-108.886840362467,37.4054194579229,1.25536901661045,1.04423347856263,2022.90941240716,2023.12054794521,EPI_ISL_17964858|A/Cooper_s_s_hawk/Colorado/23-005617-001/2023|H5N1|USA-CO|2023-02-14|wild_avian|B3.2
597,470,0.0147416624564256,-122.83108301436,37.3972208566223,-122.402834243452,37.7838614863457,1.25536901661045,1.24062735415403,2023.10580628275,2023.12054794521,EPI_ISL_17964856|A/sanderling/California/23-005401-001/2023|H5N1|USA-CA|2023-02-14|wild_avian|B3.2
826,244,0.226806669936252,-70.8839404840203,-21.0119738016707,-72.3970585925217,-37.5646460970733,1.25810874263781,1.03130207270156,2022.8964810013,2023.12328767123,EPI_ISL_19410300|A/gull/Biobio/237012/2023|H5N1|Chile-Biobio|2023-02-15|wild_avian|B3.2
709,68,0.215417328594259,-129.352919552762,53.3182883579834,-120.789797881864,51.3454373120096,1.26084846866517,1.04543114007091,2022.91061006867,2023.12602739726,PV319152|A/Striped_Skunk/BC/FAV-0091-1-2023/2023|H5N1|Canada-BC|2023-02-16|other_mammal|B3.2
1121,515,0.241384918745532,-62.459320151202,45.6689823461621,-62.6519193201292,46.1758766154383,1.26358819469253,1.02220327594699,2022.88738220454,2023.12876712329,PV302560|A/American_Crow/PE/FAV-0086-1-2023/2023|H5N1|Canada-PE|2023-02-17|wild_avian|B3.2
880,881,0.0587478421129934,-56.1700170312558,-34.6389979918078,-45.2884862242394,-21.6317024699059,1.26508158197834,1.20633373986535,2023.07151266846,2023.13026051057,NA
836,192,0.186950564862538,-65.3341686218016,-37.7078448434133,-63.7935806638057,-32.0777502376668,1.26632792071988,1.07937735585734,2022.94455628445,2023.13150684931,EPI_ISL_18698462|A/Chicken/Argentina/477-5/2023|H5N1|Argentina-Cordoba|2023-02-18|domestic_avian|B3.2
921,108,0.17025415031248,-59.6990564125972,-30.9311932832053,-54.568,-34.798,1.26632792071988,1.0960737704074,2022.961252699,2023.13150684931,OR381588|A/Black-necked_swan/Uruguay/014-M3/2023|H5N1|Uruguay-Rocha|2023-02-18|wild_avian|B3.2
696,85,0.119944201305517,-109.666524334557,38.2897526680734,-108.532940211764,39.3307924788687,1.26632792071988,1.14638371941437,2023.01156264801,2023.13150684931,EPI_ISL_17964882|A/red-tailed_hawk/Colorado/23-006671-001/2023|H5N1|USA-CO|2023-02-18|wild_avian|B3.2
1137,541,0.0935797492302131,-72.5735367459947,42.5767441920409,-71.921966071625,42.1686574939828,1.26632792071988,1.17274817148967,2023.03792710008,2023.13150684931,EPI_ISL_19736845|A/canada_goose/Massachusetts/015884-006/2023|H5N1|USA-MA|2023-02-18|wild_avian|B3.2
907,908,0.0233979171732899,-58.0769641619103,-36.9199828813527,-57.9812304594833,-37.0949757064029,1.2675857018788,1.24418778470551,2023.1093667133,2023.13276463047,NA
1122,514,0.141951022591598,-62.4563373670345,45.63572370445,-62.2906867505372,45.6650733440307,1.26906764674747,1.12711662415587,2022.99229555275,2023.13424657534,PV306320|A/Canada_Goose/NS/FAV-0088-4-2023/2023|H5N1|Canada-NS|2023-02-19|wild_avian|B3.2
795,796,0.0451452765705618,-70.5233357484044,-22.9992216664969,-69.4922028105864,-21.3822307787357,1.27007699538976,1.2249317188192,2023.09011064741,2023.13525592398,NA
857,859,0.0804118147553781,-57.3665499272913,-38.6676546162311,-59.1501645825374,-38.9954693352958,1.27015878602842,1.18974697127304,2023.05492589987,2023.13533771462,NA
852,111,0.176580463625468,-63.2254672183722,-32.5345341088891,-63.19509047,-32.09246308,1.27180737277483,1.09522690914936,2022.96040583774,2023.13698630137,EPI_ISL_18698471|A/Chicken/Argentina/501-1/2023|H5N1|Argentina-Cordoba|2023-02-20|domestic_avian|B3.2
914,152,0.151659232337392,-59.374153896439,-37.5321183655822,-60.5518314263291,-36.6815517720419,1.27180737277483,1.12014814043743,2022.98532706903,2023.13698630137,EPI_ISL_18698469|A/Chicken/Argentina/491-2/2023|H5N1|Argentina-Buenos_Aires|2023-02-20|domestic_avian|B3.2
923,107,0.171936926379156,-60.7865405887204,-31.3764238286184,-61.46188,-32.28761,1.27454709880218,1.10261017242303,2022.96778910102,2023.1397260274,EPI_ISL_18698476|A/Chicken/Argentina/509-2/2023|H5N1|Argentina-Santa_Fe|2023-02-21|domestic_avian|B3.2
821,241,0.105706111049426,-72.0438993015107,-28.2999049827065,-70.3837427909843,-23.651615385783,1.27728682482954,1.17158071378011,2023.03675964238,2023.14246575342,EPI_ISL_19131156|A/Inca_tern/Antofagasta/238083/2023|H5N1|Chile-Antofagasta|2023-02-22|wild_avian|B3.2
848,185,0.0455631983489257,-68.3928088366134,-34.1542486639324,-66.88304,-33.24245,1.27728682482954,1.23172362648061,2023.09690255508,2023.14246575342,EPI_ISL_18698480|A/Chicken/Argentina/559-8/2023|H5N1|Argentina-San_Luis|2023-02-22|domestic_avian|B3.2
922,109,0.180477389914478,-60.5086363070627,-31.390395111469,-65.64608,-39.39435,1.2800265508569,1.09954916094242,2022.96472808954,2023.14520547945,EPI_ISL_18698482|A/Chicken/Argentina/578-2/2023|H5N1|Argentina-Rio_Negro|2023-02-23|domestic_avian|B3.2
1134,544,0.151733328882169,-72.5341021247085,41.0931767231295,-72.975578916572,42.3890345027616,1.2800265508569,1.12829322197473,2022.99347215057,2023.14520547945,EPI_ISL_19736766|A/canada_goose/Massachusetts/015884-009/2023|H5N1|USA-MA|2023-02-23|wild_avian|B3.2
825,251,0.123591727981406,-72.6732125348839,-36.4320080349075,-72.5570741577128,-35.8044643425867,1.2800265508569,1.15643482287549,2023.02161375147,2023.14520547945,EPI_ISL_17885973|A/South_American_tern/Maule/238507/2023|H5N1|Chile-Maule|2023-02-23|wild_avian|B3.2
858,176,0.0691807951212646,-61.5480188237724,-37.4233251878503,-60.5378126139643,-36.6882927039701,1.2800265508569,1.21084575573563,2023.07602468433,2023.14520547945,EPI_ISL_18698478|A/Chicken/Argentina/556-6/2023|H5N1|Argentina-Buenos_Aires|2023-02-23|domestic_avian|B3.2
828,254,0.168295524204606,-70.6145950004355,-20.9846644763174,-71.53328,-32.78174,1.28276627688425,1.11447075267965,2022.97964968127,2023.14794520548,EPI_ISL_19131163|A/Peruvean_booby/Valparaiso/238535/2023|H5N1|Chile-Valparaiso|2023-02-24|wild_avian|B3.2
796,797,0.0192914988810449,-69.4922028105864,-21.3822307787357,-69.1600888341031,-22.1079802214467,1.2893684942708,1.27007699538976,2023.13525592398,2023.15454742287,NA
635,637,0.144054242471634,-94.8320133042078,42.8892675231705,-94.0857361785728,42.2452812676122,1.28952608886883,1.14547184639719,2023.01065077499,2023.15470501746,NA
919,924,0.204423873195462,-60.0185110732977,-30.0430284927838,-53.0771261311137,-34.4276826429526,1.28953242606962,1.08510855287416,2022.95028748147,2023.15471135466,NA
1120,512,0.293250000872711,-63.6891415512948,46.6903039237306,-63.5963870277441,46.3627976329591,1.29098545496655,0.997735454093843,2022.86291438269,2023.15616438356,PV307384|A/Canada_Goose/PE/FAV-0096-3-2023/2023|H5N1|Canada-PE|2023-02-27|wild_avian|B3.2
841,177,0.0366836996658901,-73.5217501040184,-39.0958589733718,-72.2881,-36.6761,1.29098545496655,1.25430175530066,2023.1194806839,2023.15616438356,EPI_ISL_17885878|A/chicken/Nuble/239136/2023|H5N1|Chile-Nuble|2023-02-27|domestic_avian|B3.2
1137,1138,0.119815553574926,-72.5735367459947,42.5767441920409,-71.3168461593897,42.4068082771081,1.2925637250646,1.17274817148967,2023.03792710008,2023.15774265366,NA
913,113,0.202674976373885,-71.5690225282002,-37.4815752297688,-72.9758,-38.7934,1.29372518099391,1.09105020462003,2022.95622913322,2023.15890410959,EPI_ISL_17885958|A/chicken/Araucania/239189-2/2023|H5N1|Chile-Araucania|2023-02-28|domestic_avian|B3.2
820,240,0.130317193801689,-71.9366208368232,-28.9901666525741,-71.343333,-29.953056,1.29646490702127,1.16614771321958,2023.03132664181,2023.16164383562,EPI_ISL_19131162|A/Inca_tern/Coquimbo/239619/2023|H5N1|Chile-Coquimbo|2023-03-01|wild_avian|B3.2
1142,536,0.0713239359051823,-77.6057192570637,46.9422088155791,-77.5143113808089,46.4657165483463,1.29646490702127,1.22514097111609,2023.09031989971,2023.16164383562,PV301712|A/American_Black_Duck/QC/FAV-0115-3-2023/2023|H5N1|Canada-QC|2023-03-01|wild_avian|B3.2
637,445,0.00967854418002823,-94.0857361785728,42.2452812676122,-93.4598932769141,41.8886971558125,1.29920463304885,1.28952608886883,2023.15470501746,2023.16438356164,EPI_ISL_17964890|A/American_crow/Iowa/23-007468-001/2023|H5N1|USA-IA|2023-03-02|wild_avian|B3.2
926,194,0.218249516889797,-63.143818287474,-16.022720156746,-65.9079721105008,-16.8749270384819,1.30194435907621,1.08369484218641,2022.94887377078,2023.16712328767,EPI_ISL_19418487|A/chicken/Cochabamba/39539/2023|H5N1|Bolivia-Cochabamba|2023-03-03|domestic_avian|B3.2
1047,414,0.169149395510809,-106.269016390084,45.2118321813003,-108.001600685972,40.9756767657926,1.30194435907621,1.1327949635654,2022.99797389216,2023.16712328767,EPI_ISL_17964907|A/great_horned_owl/Colorado/23-007822-001/2023|H5N1|USA-CO|2023-03-03|wild_avian|B3.2
846,188,0.165345443821439,-64.3756546301595,-35.4416438085355,-55.8419,-32.3924,1.30194435907621,1.13659891525477,2023.00177784385,2023.16712328767,OR381596|A/Backyard_chicken/Uruguay/040-M5/2023|H5N1|Uruguay-Tacuarembo|2023-03-03|domestic_avian|B3.2
794,239,0.138319568004146,-68.397840201323,-28.5693984478502,-70.3010487314224,-18.4631239017513,1.30194435907621,1.16362479107207,2023.02880371967,2023.16712328767,EPI_ISL_17885978|A/Sanderling/Arica_y_Parinacota/240265/2023|H5N1|Chile-Arica|2023-03-03|wild_avian|B3.2
1039,422,0.127568242672917,-113.933000973156,39.2369900493475,-112.184625267857,41.2562774982639,1.30194435907621,1.17437611640329,2023.039555045,2023.16712328767,EPI_ISL_17964896|A/American_crow/Utah/23-007867-006/2023|H5N1|USA-UT|2023-03-03|wild_avian|B3.2
904,124,0.105367459283991,-60.5760217632183,-35.8313992760094,-57.8241,-38.04594,1.30194435907621,1.19657689979222,2023.06175582839,2023.16712328767,EPI_ISL_18698494|A/Chicken/Argentina/736-1/2023|H5N1|Argentina-Buenos_Aires|2023-03-03|domestic_avian|B3.2
705,71,0.253709050978626,-80.5056355974866,32.4396213632412,-80.5818743321022,32.9797316824135,1.30468408510357,1.05097503412494,2022.91615396272,2023.1698630137,EPI_ISL_17964901|A/bald_eagle/South_Carolina/23-008111-001/2023|H5N1|USA-SC|2023-03-04|wild_avian|B3.2
906,122,0.111532988343308,-64.6868189711062,-36.9624273834201,-61.026789,-31.281576,1.30468408510357,1.19315109676026,2023.05833002536,2023.1698630137,EPI_ISL_18698497|A/Turkey/Argentina/753-1/2023|H5N1|Argentina-Santa_Fe|2023-03-04|domestic_avian|B3.2
1138,543,0.0121203600389728,-71.3168461593897,42.4068082771081,-71.6307798919707,42.6357474506033,1.30468408510357,1.2925637250646,2023.15774265366,2023.1698630137,EPI_ISL_19736913|A/canada_goose/Massachusetts/015884-014/2023|H5N1|USA-MA|2023-03-04|wild_avian|B3.2
636,447,0.120248284122399,-94.8808312274343,42.9178463840394,-93.2572807916652,42.1747305027481,1.30742381113093,1.18717552700853,2023.0523544556,2023.17260273973,EPI_ISL_17964893|A/American_crow/Iowa/23-007781-002/2023|H5N1|USA-IA|2023-03-05|wild_avian|B3.2
796,818,0.0389130104719635,-69.4922028105864,-21.3822307787357,-70.6682995063848,-18.1526604964056,1.30899000586172,1.27007699538976,2023.13525592398,2023.17416893446,NA
845,189,0.183046731113129,-64.3119228845983,-35.3378965643347,-72.5733722700888,-35.7857113889504,1.31016353715828,1.12711680604515,2022.99229573464,2023.17534246575,EPI_ISL_17885849|A/Black_Skimmer/Maule/240379/2023|H5N1|Chile-Maule|2023-03-06|wild_avian|B3.2
777,207,0.171616164657449,-71.4426925006457,-28.5067607005325,-71.560571278561,-36.405236626835,1.31016353715828,1.13854737250083,2023.0037263011,2023.17534246575,EPI_ISL_17885877|A/chicken/Nuble/240155/2023|H5N1|Chile-Nuble|2023-03-06|domestic_avian|B3.2
821,242,0.13858282337817,-72.0438993015107,-28.2999049827065,-71.833333,-33.95,1.31016353715828,1.17158071378011,2023.03675964238,2023.17534246575,EPI_ISL_17885967|A/Blackish_oystercatcher/OHiggins/240628/2023|H5N1|Chile-OHiggins|2023-03-06|wild_avian|B3.2
818,237,0.00391325732391778,-70.6682995063848,-18.1526604964056,-70.699826,-18.137864,1.31290326318564,1.30899000586172,2023.17416893446,2023.17808219178,EPI_ISL_17777531|A/sea_lion/Peru/TAC-INS-010/2023|H5N1|Peru-Tacna|2023-03-07|other_mammal|B3.2
818,238,0.00391325732391778,-70.6682995063848,-18.1526604964056,-70.30376039,-17.64664722,1.31290326318564,1.30899000586172,2023.17416893446,2023.17808219178,EPI_ISL_17777532|A/sea_lion/Peru/TAC-INS-011/2023|H5N1|Peru-Tacna|2023-03-07|other_mammal|B3.2
921,105,0.22230894483318,-59.6990564125972,-30.9311932832053,-65.096,-32.389,1.31838271524058,1.0960737704074,2022.961252699,2023.18356164384,EPI_ISL_18698731|A/Chicken/Argentina/895-1/2023|H5N1|Argentina-San_Luis|2023-03-09|domestic_avian|B3.2
911,118,0.081048726235057,-71.6680895712904,-36.4409309793707,-72.0207067051362,-34.3995010462745,1.31838271524058,1.23733398900553,2023.1025129176,2023.18356164384,EPI_ISL_17885965|A/Chiloe_wigeon/OHiggins/240893-2/2023|H5N1|Chile-OHiggins|2023-03-09|wild_avian|B3.2
1046,411,0.240960146298825,-105.458145165527,46.8055460059752,-84.8096567554446,42.6067882880356,1.32112244126794,1.08016229496911,2022.94534122356,2023.18630136986,EPI_ISL_19490438|A/chicken/Michigan/23-008143-002-original/2023|H5N1|USA-MI|2023-03-10|domestic_avian|B3.2
842,180,0.114280246765798,-71.9369675656149,-36.4296084791803,-72.09428,-36.689629,1.32112244126794,1.20684219450214,2023.0720211231,2023.18630136986,EPI_ISL_17885873|A/chicken/Nuble/241681-1/2023|H5N1|Chile-Nuble|2023-03-10|domestic_avian|B3.2
1143,533,0.310207326178923,-76.7396839600723,47.2038191299597,-79.967727091348,48.7277981442061,1.3238621672953,1.01365484111638,2022.87883376971,2023.18904109589,PV302264|A/American_Crow/ON/FAV-0118-1-2023/2023|H5N1|Canada-ON|2023-03-11|wild_avian|B3.2
840,178,0.0895748352799464,-70.3584253566911,-39.9927385937646,-70.37928,-38.556134,1.32934161935001,1.23976678407007,2023.10494571267,2023.19452054795,EPI_ISL_18698502|A/Chicken/Argentina/919-3/2023|H5N1|Argentina-Neuquen|2023-03-13|domestic_avian|B3.2
797,236,0.0399731250792081,-69.1600888341031,-22.1079802214467,-69.93163954,-27.38183161,1.32934161935001,1.2893684942708,2023.15454742287,2023.19452054795,EPI_ISL_19391462|A/sea_lion/Atacama/242444-1/2023|H5N1|Chile-Atacama|2023-03-13|other_mammal|B3.2
1106,526,0.214243059042435,-93.423043327689,43.7797635225459,-91.8489831640721,38.1690183782559,1.3320813453776,1.11783828633516,2022.98301721493,2023.19726027397,EPI_ISL_19490458|A/chicken/Missouri/23-008296-003-original/2023|H5N1|USA-MO|2023-03-14|domestic_avian|B3.2
932,268,0.666098642341045,-108.562081766969,36.4482337439642,-96.3160212661684,39.9548732953308,1.33482107140495,0.66872242906391,2022.53390135766,2023.2,EPI_ISL_17964913|A/red-tailed_hawk/Kansas/23-009211-001/2023|H5N1|USA-KS|2023-03-15|wild_avian|B3.2
1012,338,0.337559355746324,-92.4549153726843,36.0837197413855,-88.448013147808,33.7533958459965,1.33482107140495,0.99726171565863,2022.86244064425,2023.2,EPI_ISL_19490462|A/chicken/Mississippi/23-008358-002-original/2023|H5N1|USA-MS|2023-03-15|domestic_avian|B3.2
698,78,0.243382320816062,-98.9279436611987,40.3442049828248,-103.201578444184,40.9116095000461,1.33482107140495,1.09143875058889,2022.95661767918,2023.2,EPI_ISL_17964906|A/red-tailed_hawk/Colorado/23-008901-001/2023|H5N1|USA-CO|2023-03-15|wild_avian|B3.2
923,106,0.232210898981928,-60.7865405887204,-31.3764238286184,-55.7469,-34.5713,1.33482107140495,1.10261017242303,2022.96778910102,2023.2,OR381676|A/Black-necked_swan/Uruguay/078-M2/2023|H5N1|Uruguay-Canelones|2023-03-15|wild_avian|B3.2
769,92,0.101949878577216,-76.6265047400366,-12.184711277433,-76.0655375752384,-12.5507688678142,1.33756079743231,1.2356109188551,2023.10078984745,2023.20273972603,EPI_ISL_17777527|A/gull/Peru/LIM-INS-006/2023|H5N1|Peru-Lima|2023-03-16|wild_avian|B3.2
850,187,0.0915581961860323,-66.479269546089,-35.7932278303979,-64.31648,-36.69454,1.33756079743231,1.24600260124628,2023.11118152984,2023.20273972603,EPI_ISL_18698504|A/Chicken/Argentina/1035-1/2023|H5N1|Argentina-La_Pampa|2023-03-16|domestic_avian|B3.2
830,198,0.250631871995502,-77.1913235052744,-11.9772494575466,-77.118870665669,-12.0649849250317,1.34030052345967,1.08966865146417,2022.95484758006,2023.20547945205,EPI_ISL_17777528|A/peruvian_booby/Peru/CAL-INS-007/2023|H5N1|Peru-Callao|2023-03-17|wild_avian|B3.2
768,91,0.171257094340186,-77.5294449588444,-11.395818626655,-77.149763740525,-12.053051302942,1.34030052345967,1.16904342911948,2023.03422235771,2023.20547945205,EPI_ISL_17777530|A/guanay_cormorant/Peru/CAL-INS-009/2023|H5N1|Peru-Callao|2023-03-17|wild_avian|B3.2
709,710,0.29693375475102,-129.352919552762,53.3182883579834,-121.513060942392,47.2320829604079,1.34236489482193,1.04543114007091,2022.91061006867,2023.20754382342,NA
793,213,0.21020459007246,-67.7778667218658,-29.475687686732,-71.4293542,-32.69895,1.34577997551461,1.13557538544215,2023.00075431404,2023.21095890411,EPI_ISL_18760069|A/sea_lion/Valparaiso/SJCEIRR-2431361/2023|H5N1|Chile-Valparaiso|2023-03-19|other_mammal|B3.2
620,461,0.556002569137242,-117.716348948562,49.9795560485133,-118.381800194016,49.4534491748902,1.34851970154197,0.792517132404727,2022.657696061,2023.21369863014,EPI_ISL_18665556|A/Barred_Owl/BC/AIVPHL-1008/2023|H5N1|Canada-BC|2023-03-20|wild_avian|B3.2
912,115,0.121986875638476,-72.6515132606435,-34.5461319901268,-70.5079355458542,-33.3010156278205,1.34851970154197,1.22653282590349,2023.0917117545,2023.21369863014,EPI_ISL_18760060|A/chicken/Metropolitana/243148-1/2023|H5N1|Chile-Metropolitana|2023-03-20|domestic_avian|B3.2
881,882,0.0838358447150975,-45.2884862242394,-21.6317024699059,-41.8414034991477,-24.8220089007114,1.34891742669344,1.26508158197834,2023.13026051057,2023.21409635529,NA
1118,509,0.184938104357687,-63.6798984740776,46.4829512543256,-62.1217162957783,46.4772745923957,1.35125942756933,1.16632132321164,2023.03150025181,2023.21643835616,PV319272|A/Striped_Skunk/PE/FAV-0123-1-2023/2023|H5N1|Canada-PE|2023-03-21|other_mammal|B3.2
1119,507,0.177122225359412,-63.7184332817186,46.4937397562828,-61.8937690511623,45.2643053758363,1.35125942756933,1.17413720220991,2023.0393161308,2023.21643835616,PV302152|A/American_Crow/NS/FAV-0122-1-2023/2023|H5N1|Canada-NS|2023-03-21|wild_avian|B3.2
841,179,0.0969576722686622,-73.5217501040184,-39.0958589733718,-70.37815,-38.55845,1.35125942756933,1.25430175530066,2023.1194806839,2023.21643835616,EPI_ISL_18698505|A/Chicken/Argentina/1147-2/2023|H5N1|Argentina-Neuquen|2023-03-21|domestic_avian|B3.2
1111,517,0.522470001976812,-65.4775392952108,47.5098785995008,-64.0883490251317,46.8332190629214,1.35399915359668,0.831529151619872,2022.69670808021,2023.21917808219,PV302640|A/American_Crow/PE/FAV-0121-1-2023/2023|H5N1|Canada-PE|2023-03-22|wild_avian|B3.2
604,398,0.492914452481219,-119.871656229132,50.0602836501247,-119.310658737459,46.4775124522074,1.35673887962404,0.863824427142822,2022.72900335574,2023.22191780822,EPI_ISL_17964920|A/Western_screech_owl/Washington/23-010027-001/2023|H5N1|USA-WA|2023-03-23|wild_avian|B3.2
795,214,0.134546886832201,-70.5233357484044,-22.9992216664969,-70.38642,-23.61671,1.3594786056514,1.2249317188192,2023.09011064741,2023.22465753425,PQ295907|A/Antofagasta/25945/2023|H5N1|Chile-Antofagasta|2023-03-24|human|B3.2
1142,535,0.134337634535312,-77.6057192570637,46.9422088155791,-82.5300157158266,48.9485672455064,1.3594786056514,1.22514097111609,2023.09031989971,2023.22465753425,PV302336|A/American_Crow/ON/FAV-0149-2-2023/2023|H5N1|Canada-ON|2023-03-24|wild_avian|B3.2
844,183,0.138913936434863,-73.8945780221691,-34.4732496068644,-72.28213908,-38.70947038,1.36221833167898,1.22330439524412,2023.08848332384,2023.22739726027,EPI_ISL_18760073|A/chicken/Araucania/244469/2023|H5N1|Chile-Araucania|2023-03-25|domestic_avian|B3.2
636,446,0.177782530697813,-94.8808312274343,42.9178463840394,-93.9034476959843,45.1942881848088,1.36495805770634,1.18717552700853,2023.0523544556,2023.2301369863,EPI_ISL_17964919|A/red-tailed_hawk/Minnesota/23-010018-001/2023|H5N1|USA-MN|2023-03-26|wild_avian|B3.2
601,396,0.675664729905464,-122.292390335142,53.8202355123666,-121.949541909446,53.7437117790616,1.3676977837337,0.692033053828234,2022.55721198242,2023.23287671233,PV319168|A/Striped_Skunk/BC/FAV-0173-1-2023/2023|H5N1|Canada-BC|2023-03-27|other_mammal|B3.2
858,175,0.156852027998065,-61.5480188237724,-37.4233251878503,-61.92956,-33.73278,1.3676977837337,1.21084575573563,2023.07602468433,2023.23287671233,EPI_ISL_18698506|A/Chicken/Argentina/1200-1/2023|H5N1|Argentina-Santa_Fe|2023-03-27|domestic_avian|B3.2
692,77,0.407645715264117,-104.687338404533,40.03638349679,-116.410334955312,43.7852575051261,1.37043750976106,0.962791794496939,2022.82797072309,2023.23561643836,EPI_ISL_17964927|A/great_horned_owl/Idaho/23-011169-003/2023|H5N1|USA-ID|2023-03-28|wild_avian|B3.2
698,79,0.284478211226878,-98.9279436611987,40.3442049828248,-99.3138938235774,40.9623742455682,1.37591696181577,1.09143875058889,2022.95661767918,2023.24109589041,EPI_ISL_17821770|A/cat/Nebraska/23-010184-001/2023|H5N1|USA-NE|2023-03-30|feline|B3.2
912,116,0.149384135912277,-72.6515132606435,-34.5461319901268,-71.4606383855624,-32.993270401712,1.37591696181577,1.22653282590349,2023.0917117545,2023.24109589041,EPI_ISL_19410286|A/turkey/Valparaiso/245886-5/2023|H5N1|Chile-Valparaiso|2023-03-30|domestic_avian|B3.2
597,471,0.135289607661742,-122.83108301436,37.3972208566223,-122.372516081788,37.5581618561953,1.37591696181577,1.24062735415403,2023.10580628275,2023.24109589041,EPI_ISL_17964933|A/peregrine_falcon/California/23-011277-001/2023|H5N1|USA-CA|2023-03-30|wild_avian|B3.2
1138,542,0.0833532367511745,-71.3168461593897,42.4068082771081,-71.1451593565876,42.2646145424075,1.37591696181577,1.2925637250646,2023.15774265366,2023.24109589041,SRR29740507|A/canada_goose/Massachusetts/23-015884-019/2023||USA-MA|2023-03-30|wild_avian|B3.2
619,462,0.632697813867472,-124.962458511263,48.3588361981462,-119.967288122291,41.6729510753488,1.37865668784336,0.745958873975883,2022.61113780257,2023.24383561644,EPI_ISL_17964944|A/red-tailed_hawk/Nevada/23-012114-001/2023|H5N1|USA-NV|2023-03-31|wild_avian|B3.2
918,110,0.335248204702594,-58.9162532563886,-27.4140820491604,-59.03253,-35.08456,1.37865668784336,1.04340848314076,2022.90858741174,2023.24383561644,EPI_ISL_18698507|A/Chicken/Argentina/1340-2/2023|H5N1|Argentina-Buenos_Aires|2023-03-31|domestic_avian|B3.2
850,186,0.132654086597075,-66.479269546089,-35.7932278303979,-58.67021,-27.39907,1.37865668784336,1.24600260124628,2023.11118152984,2023.24383561644,EPI_ISL_18698508|A/Turkey/Argentina/1348-3/2023|H5N1|Argentina-Corrientes|2023-03-31|domestic_avian|B3.2
915,153,0.147926312853614,-63.3794936803735,-38.227635261005,-64.413895,-38.888405,1.38687586592543,1.23894955307181,2023.10412848167,2023.25205479452,EPI_ISL_18698510|A/Chicken/Argentina/1416-3/2023|H5N1|Argentina|2023-04-03|domestic_avian|B3.2
1127,547,0.695409126698288,-80.5801768505974,45.3688956831417,-67.4606681397587,51.8025999502136,1.38961559195278,0.694206465254497,2022.55938539385,2023.25479452055,PV304152|A/Barred_Owl/QC/FAV-0248-1-2023/2023|H5N1|Canada-QC|2023-04-04|wild_avian|B3.2
746,297,0.62057941859806,-101.360706364644,43.7759252495929,-92.3444941930973,42.3749662264538,1.38961559195278,0.769036173354724,2022.63421510195,2023.25479452055,EPI_ISL_17964923|A/American_crow/Iowa/23-010832-002/2023|H5N1|USA-IA|2023-04-04|wild_avian|B3.2
605,403,0.320916571130441,-111.357758109812,49.0199923657524,-110.91118750742,50.1144448109574,1.39235531798014,1.0714387468497,2022.93661767544,2023.25753424658,PV301473|A/Striped_Skunk/AB/FAV-0188-1-2023/2023|H5N1|Canada-AB|2023-04-05|other_mammal|B3.2
882,883,0.0465103656991814,-41.8414034991477,-24.8220089007114,-41.5610536896742,-24.7844277866148,1.39542779239262,1.34891742669344,2023.21409635529,2023.26060672099,NA
883,884,0.00163898189909828,-41.5610536896742,-24.7844277866148,-40.8541180156911,-23.6980938117143,1.39706677429172,1.39542779239262,2023.26060672099,2023.26224570289,NA
913,114,0.306784565415058,-71.5690225282002,-37.4815752297688,-71.5453968448984,-37.7865665388285,1.39783477003508,1.09105020462003,2022.95622913322,2023.26301369863,EPI_ISL_19418491|A/buff-necked_ibis/Bio_bio/247636-1/2023|H5N1|Chile-Biobio|2023-04-07|wild_avian|B3.2
844,184,0.174530374790964,-73.8945780221691,-34.4732496068644,-72.1083140415103,-35.5881486205121,1.39783477003508,1.22330439524412,2023.08848332384,2023.26301369863,EPI_ISL_19410280|A/chicken/Maule/247588-1/2023|H5N1|Chile-Maule|2023-04-07|domestic_avian|B3.2
884,885,0.00251188815148273,-40.8541180156911,-23.6980938117143,-42.2954464119838,-23.0187662796457,1.3995786624432,1.39706677429172,2023.26224570289,2023.26475759104,NA
642,458,0.358762574564374,-104.607507112708,40.4183718613616,-105.1393018323,40.7241649630902,1.40605394811716,1.04729137355278,2022.91247030215,2023.27123287671,EPI_ISL_17964934|A/turkey_vulture/Colorado/23-011447-001/2023|H5N1|USA-CO|2023-04-10|wild_avian|B3.2
637,444,0.116527859248331,-94.0857361785728,42.2452812676122,-94.1145310414639,42.019368621976,1.40605394811716,1.28952608886883,2023.15470501746,2023.27123287671,EPI_ISL_17964928|A/hawk/Iowa/23-011213-001/2023|H5N1|USA-IA|2023-04-10|wild_avian|B3.2
738,50,0.533894051585626,-98.5098750248255,45.3038491254622,-97.0402398159477,43.7099624605046,1.40879367414474,0.874899622559115,2022.74007855115,2023.27397260274,EPI_ISL_17964942|A/red-tailed_hawk/South_Dakota/23-012031-001/2023|H5N1|USA-SD|2023-04-11|wild_avian|B3.2
773,90,0.425819367036096,-81.0597340257371,-5.24757359097281,-77.744885,-10.7953673,1.4115334001721,0.985714033136003,2022.85089296173,2023.27671232877,EPI_ISL_17777533|A/peruvian_booby/Peru/LIM-INS-012/2023|H5N1|Peru-Lima|2023-04-12|wild_avian|B3.2
606,400,0.338179766191761,-111.641315956162,48.9063612672525,-111.106559615327,45.5889066489193,1.4115334001721,1.07335363398034,2022.93853256258,2023.27671232877,EPI_ISL_17964939|A/great_horned_owl/Montana/23-011850-001/2023|H5N1|USA-MT|2023-04-12|wild_avian|B3.2
859,156,0.141374614143678,-59.1501645825374,-38.9954693352958,-65.08174,-42.7996,1.4115334001721,1.27015878602842,2023.13533771462,2023.27671232877,EPI_ISL_18698511|A/Chicken/Argentina/1530-3/2023|H5N1|Argentina-Chubut|2023-04-12|domestic_avian|B3.2
1131,532,0.498005811056421,-72.2887473836007,42.7207882131932,-73.4315900459698,42.3086316233975,1.41427312619946,0.916267315143035,2022.78144624374,2023.27945205479,EPI_ISL_17964945|A/red-shouldered_hawk/New_York/23-012563-001/2023|H5N1|USA-NY|2023-04-13|wild_avian|B3.2
630,441,0.22948249875303,-122.98248801866,42.7833760459354,-123.867212914976,42.8523637682652,1.41427312619946,1.18479062744643,2023.04996955604,2023.27945205479,EPI_ISL_17964941|A/sanderling/Oregon/23-011964-001/2023|H5N1|USA-OR|2023-04-13|wild_avian|B3.2
880,903,0.208464391545666,-56.1700170312558,-34.6389979918078,-56.0944755496278,-34.738378080416,1.41479813141102,1.20633373986535,2023.07151266846,2023.27997706001,NA
1047,413,0.289697340716126,-106.269016390084,45.2118321813003,-111.553160817451,47.2462997961451,1.42249230428153,1.1327949635654,2022.99797389216,2023.28767123288,EPI_ISL_17964974|A/Cooper_s_hawk/Montana/23-016105-001/2023|H5N1|USA-MT|2023-04-16|wild_avian|B3.2
907,121,0.178304519576021,-58.0769641619103,-36.9199828813527,-56.6724,-34.5526,1.42249230428153,1.24418778470551,2023.1093667133,2023.28767123288,OR381660|A/Backyard_duck/Uruguay/124-M3/2023|H5N1|Uruguay-San_Jose|2023-04-16|domestic_avian|B3.2
735,52,0.64142821866761,-93.7064216587967,38.9493454712784,-110.42959416586,50.8824612105984,1.42523203030911,0.783803811641503,2022.64898274024,2023.2904109589,PV318928|A/Striped_Skunk/AB/FAV-0188-2-2023/2023|H5N1|Canada-AB|2023-04-17|other_mammal|B3.2
835,193,0.375746372285362,-64.0544450346418,-37.2654480116449,-69.071,-45.326,1.42523203030911,1.04948565802375,2022.91466458662,2023.2904109589,EPI_ISL_19137653|A/Seagull/Sarmiento/1651-4/2023|H5N1|Argentina-Sarmiento|2023-04-17|wild_avian|B3.2
843,182,0.204012385511143,-74.3697331089932,-34.7959340127576,-72.18606,-51.51924,1.42523203030911,1.22121964479797,2023.08639857339,2023.2904109589,EPI_ISL_18698513|A/Turkey/Argentina/1710-1/2023|H5N1|Argentina-Santa_Cruz|2023-04-17|domestic_avian|B3.2
903,127,0.010433898898097,-56.0944755496278,-34.738378080416,-56.129042927481,-34.7618779763655,1.42523203030911,1.41479813141102,2023.27997706001,2023.2904109589,OR381636|A/Backyard_chicken/Uruguay/127-M1/2023|H5N1|Uruguay-Montevideo|2023-04-17|domestic_avian|B3.2
903,128,0.010433898898097,-56.0944755496278,-34.738378080416,-56.1117459734274,-34.7613136298374,1.42523203030911,1.41479813141102,2023.27997706001,2023.2904109589,OR381644|A/Backyard_chicken/Uruguay/127-M4/2023|H5N1|Uruguay-Montevideo|2023-04-17|domestic_avian|B3.2
1029,410,0.269115201982558,-108.565137707121,40.7441167442105,-116.40415957016,43.3931454037926,1.42797175633647,1.15885655435391,2023.02403548295,2023.29315068493,EPI_ISL_17964949|A/barn_owl/Idaho/23-013072-001/2023|H5N1|USA-ID|2023-04-18|wild_avian|B3.2
978,358,0.177066912046186,-115.175804840868,44.8133206594758,-116.243025394033,43.6541859730733,1.42797175633647,1.25090484429028,2023.11608377289,2023.29315068493,EPI_ISL_17964950|A/barn_owl/Idaho/23-013072-002/2023|H5N1|USA-ID|2023-04-18|wild_avian|B3.2
883,902,0.0329011075350654,-41.5610536896742,-24.7844277866148,-41.7331148057434,-19.7267438671943,1.42832889992769,1.39542779239262,2023.26060672099,2023.29350782852,NA
693,80,0.509934396914786,-103.735481153332,42.2008373378296,-104.958794032647,41.9280263013474,1.43071148236383,0.920777085449041,2022.78595601404,2023.29589041096,EPI_ISL_17964953|A/turkey_vulture/Wyoming/23-013715-001/2023|H5N1|USA-WY|2023-04-19|wild_avian|B3.2
639,452,0.383435404571555,-101.456924708181,42.6555863801445,-105.515344999931,42.4814974660397,1.43071148236383,1.04727607779227,2022.91245500639,2023.29589041096,EPI_ISL_17964946|A/turkey_vulture/Wyoming/23-012565-001/2023|H5N1|USA-WY|2023-04-19|wild_avian|B3.2
644,454,0.330958928579028,-109.934939043868,42.1762871554145,-111.642451014704,41.5860947794841,1.43071148236383,1.0997525537848,2022.96493148238,2023.29589041096,EPI_ISL_17964947|A/turkey_vulture/Utah/23-012747-001/2023|H5N1|USA-UT|2023-04-19|wild_avian|B3.2
849,191,0.194908388813205,-68.9151863229943,-34.2994828872811,-68.778496,-34.10899,1.43071148236383,1.23580309355062,2023.10098202215,2023.29589041096,EPI_ISL_18698512|A/Chicken/Argentina/1708-1/2023|H5N1|Argentina-Mendoza|2023-04-19|domestic_avian|B3.2
911,117,0.193377493358302,-71.6680895712904,-36.4409309793707,-58.25909,-28.36806,1.43071148236383,1.23733398900553,2023.1025129176,2023.29589041096,EPI_ISL_18698515|A/Duck/Argentina/1712-5/2023|H5N1|Argentina-Corrientes|2023-04-19|domestic_avian|B3.2
830,199,0.343782556927018,-77.1913235052744,-11.9772494575466,-76.99026,-12.211929,1.43345120839119,1.08966865146417,2022.95484758006,2023.29863013699,EPI_ISL_19070288|A/Calidris_alba/Lima/Villa01/2023___this_|H5N1|Peru-Lima|2023-04-20|wild_avian|B3.2
1106,525,0.31835264808338,-93.423043327689,43.7797635225459,-79.3985164857251,47.6682926360401,1.43619093441854,1.11783828633516,2022.98301721493,2023.30136986301,PV321400|A/Turkey/QC/FAV-0168-3A-2023/2023|H5N1|Canada-QC|2023-04-21|domestic_avian|B3.2
1122,513,0.309074310262673,-62.4563373670345,45.63572370445,-62.6784278596564,46.3817342616498,1.43619093441854,1.12711662415587,2022.99229555275,2023.30136986301,PV319312|A/Striped_Skunk/PE/FAV-0179-1-2023/2023|H5N1|Canada-PE|2023-04-21|other_mammal|B3.2
856,155,0.293379860169284,-60.4727979906338,-33.7140118749173,-60.5382244221528,-36.6894761012732,1.43619093441854,1.14281107424926,2023.00799000284,2023.30136986301,EPI_ISL_18698516|A/Avian/Argentina/1762-2/2023|H5N1|Argentina-Buenos_Aires|2023-04-21|wild_avian|B3.2
710,711,0.100867463763445,-121.513060942392,47.2320829604079,-124.516513043837,46.9453190135451,1.44323235858537,1.34236489482193,2023.20754382342,2023.30841128718,NA
915,154,0.205460559429029,-63.3794936803735,-38.227635261005,-68.29917,-38.95667,1.44441011250084,1.23894955307181,2023.10412848167,2023.3095890411,EPI_ISL_18698517|A/Avian/Argentina/1790-5/2023|H5N1|Argentina|2023-04-24|wild_avian|B3.2
946,281,0.623506031375617,-110.75514958725,43.5735325200933,-111.450214032354,41.5865115138912,1.4553690166105,0.831862985234882,2022.69704191383,2023.32054794521,EPI_ISL_17964960|A/turkey_vulture/Utah/23-014334-001/2023|H5N1|USA-UT|2023-04-28|wild_avian|B3.2
908,123,0.196002492813774,-57.9812304594833,-37.0949757064029,-59.02865,-27.41668,1.46358819469257,1.2675857018788,2023.13276463047,2023.32876712329,EPI_ISL_18698518|A/Chicken/Argentina/1976-2/2023|H5N1|Argentina-Chaco|2023-05-01|domestic_avian|B3.2
943,278,0.610869145968349,-105.686969764608,44.1556076843212,-96.0485761241244,51.5491338507551,1.46632792071993,0.855458774751579,2022.72063770335,2023.33150684932,PV317808|A/Snow_Goose/MB/FAV-0258-2-2023/2023|H5N1|Canada-MB|2023-05-02|wild_avian|B3.2
842,181,0.262225452245144,-71.9369675656149,-36.4296084791803,-58.265809,-25.36837,1.46906764674729,1.20684219450214,2023.0720211231,2023.33424657534,EPI_ISL_18698732|A/Chicken/Argentina/2016-2/2023|H5N1|Argentina-Formosa|2023-05-03|domestic_avian|B3.2
924,103,0.179535220677666,-53.0771261311137,-34.4276826429526,-54.0993,-33.69,1.46906764674729,1.28953242606962,2023.15471135466,2023.33424657534,OR381652|A/Backyard_chicken/Uruguay/144-M3/2023|H5N1|Uruguay-Rocha|2023-05-03|domestic_avian|B3.2
917,102,0.484810829578647,-61.4026590911033,-21.0026025029217,-58.89526,-34.49607,1.47180737277487,0.986996543196224,2022.85217547179,2023.33698630137,EPI_ISL_18698519|A/Chicken/Argentina/1984-4/2023|H5N1|Argentina-Buenos_Aires|2023-05-04|domestic_avian|B3.2
847,190,0.317245982703175,-65.5612295359663,-35.7344813864641,-68.32124,-38.97202,1.47454709880223,1.15730111609905,2023.02248004469,2023.3397260274,EPI_ISL_18698520|A/Chicken/Argentina/2034-5/2023|H5N1|Argentina-Neuquen|2023-05-05|domestic_avian|B3.2
1039,423,0.319349064590663,-113.933000973156,39.2369900493475,-104.977739936541,39.7304485577299,1.49372518099396,1.17437611640329,2023.039555045,2023.35890410959,EPI_ISL_19490439|A/ferruginous_hawk/Colorado/23-015630-001-original/2023|H5N1|USA-CO|2023-05-12|wild_avian|B3.2
977,360,0.278215313789687,-113.728811815461,42.4754925366953,-115.137443457364,51.3715717363271,1.49372518099396,1.21550986720427,2023.0806887958,2023.35890410959,PV318944|A/Striped_Skunk/AB/FAV-0272-2-2023/2023|H5N1|Canada-AB|2023-05-12|other_mammal|B3.2
882,129,0.153026932382589,-41.8414034991477,-24.8220089007114,-40.35964,-20.33124,1.50194435907603,1.34891742669344,2023.21409635529,2023.36712328767,OR269887|A/Thalasseus_acuflavidus/EspiritoSanto/1339_N2/2023|H5N1|Brazil-ES|2023-05-15|wild_avian|B3.2
852,112,0.414936628008971,-63.2254672183722,-32.5345341088891,-60.41444,-31.99194,1.51016353715833,1.09522690914936,2022.96040583774,2023.37534246575,EPI_ISL_18698524|A/Chicken/Argentina/2305-1/2023|H5N1|Argentina-Entre_Rios|2023-05-18|domestic_avian|B3.2
1042,416,0.677461492021407,-110.877922590592,47.4859003720689,-111.569208777315,43.3955145323781,1.51564298921304,0.838181497191636,2022.70336042579,2023.38082191781,EPI_ISL_17964981|A/great_horned_owl/Idaho/23-017158-001/2023|H5N1|USA-ID|2023-05-20|wild_avian|B3.2
609,407,0.65250611213007,-145.727019777271,63.9655651941843,-136.421977071475,59.6415458091332,1.52386216729534,0.871356055165274,2022.73653498376,2023.38904109589,EPI_ISL_18665595|A/Cooper_s_Hawk/BC/AIVPHL-1125/2023|H5N1|Canada-BC|2023-05-23|wild_avian|B3.2
902,131,0.103752445449728,-41.7331148057434,-19.7267438671943,-40.2694,-20.1544,1.53208134537742,1.42832889992769,2023.29350782852,2023.39726027397,OR853704|A/Megascops_choliba/Serra/1409-N/2023|H5N1|Brazil-ES|2023-05-26|wild_avian|B3.2
885,886,0.134278400115637,-42.2954464119838,-23.0187662796457,-49.1535578328121,-25.4169688569336,1.53385706255884,1.3995786624432,2023.26475759104,2023.39903599115,NA
711,712,0.0969314083223107,-124.516513043837,46.9453190135451,-124.410326726824,46.7925019064307,1.54016376690768,1.44323235858537,2023.30841128718,2023.4053426955,NA
712,713,0.0124015625996079,-124.410326726824,46.7925019064307,-123.803637642031,46.7491028545274,1.55256532950729,1.54016376690768,2023.4053426955,2023.4177442581,NA
885,132,0.154420491153526,-42.2954464119838,-23.0187662796457,-43.06116,-22.95947,1.55399915359673,1.3995786624432,2023.26475759104,2023.41917808219,OR420092|A/Fregata_magnificens/RJ/1532-N/2023|H5N1|Brazil-RJ|2023-06-03|wild_avian|B3.2
797,798,0.264805000738449,-69.1600888341031,-22.1079802214467,-71.0260373022881,-28.9393646204389,1.55417349500925,1.2893684942708,2023.15454742287,2023.4193524236,NA
710,67,0.217113710829516,-121.513060942392,47.2320829604079,-116.618462249428,50.4667982665729,1.55947860565144,1.34236489482193,2023.20754382342,2023.42465753425,PV315624|A/Peregrine_Falcon/BC/FAV-0256-2-2023/2023|H5N1|Canada-BC|2023-06-05|wild_avian|B3.2
884,150,0.162411831359724,-40.8541180156911,-23.6980938117143,-45.074222,-23.431739,1.55947860565144,1.39706677429172,2023.26224570289,2023.42465753425,OR853751|A/Thalasseus_maximus/Ubatuba/1546-N/2023|H5N1|Brazil-SP|2023-06-05|wild_avian|B3.2
927,195,0.347145832718732,-63.6446383673257,-17.3918665866016,-66.2317732544809,-19.4119364510241,1.5622183316788,1.21507249896007,2023.08025142756,2023.42739726027,EPI_ISL_19410299|A/chicken/Potosi/39870/2023|H5N1|Bolivia-Potosi|2023-06-06|domestic_avian|B3.2
881,151,0.299876475728043,-45.2884862242394,-21.6317024699059,-40.941583,-20.99954,1.56495805770639,1.26508158197834,2023.13026051057,2023.4301369863,OR889491|A/Buteogallus_urubitinga/Itapemirim/1630-SC/2023|H5N1|Brazil-ES|2023-06-07|wild_avian|B3.2
713,714,0.0270218882389177,-123.803637642031,46.7491028545274,-123.664225265136,46.7777807305022,1.57958721774621,1.55256532950729,2023.4177442581,2023.44476614634,NA
879,126,0.409994738523891,-61.7021088810458,-34.6382545274617,-57.947197,-35.089,1.58139641387076,1.17140167534687,2023.03658060394,2023.44657534247,EPI_ISL_18698527|A/Chicken/Argentina/2796-2/2023|H5N1|Argentina-Buenos_Aires|2023-06-13|domestic_avian|B3.2
886,887,0.049106208198576,-49.1535578328121,-25.4169688569336,-49.2610194513917,-25.633240019413,1.58296327075742,1.53385706255884,2023.39903599115,2023.44814219935,NA
