mean_branch_dispersal_velocity	weighted_branch_dispersal_velocity	branch_dispersal_velocity_variation_among_branches	original_diffusion_coefficient	weighted_diffusion_coefficient	diffusion_coefficient_variation_among_branches	isolation_by_distance_signal_rS	isolation_by_distance_signal_rP1	isolation_by_distance_signal_rP2
19952.4487775813	4507.94340057659	2.78931556775173	753322.470345156	610707.944520764	3.11147321513787	0.285763863617568	0.316902613439446	0.357236804709882
15952.758636781	4762.06687931547	2.21509921809082	779864.882777592	613142.257631471	4.55898859627245	0.313446505692646	0.342520279193422	0.371080606953615
26772.4628324302	4885.19144454785	9.38972844638742	1227889.1283506	626259.659328744	10.579880343298	0.273185565726661	0.308432994154258	0.354513633617248
41873.9280761999	4576.0974910515	18.7493614887355	1734631.70704063	594758.740845086	16.8952575364684	0.319304622898369	0.349907938138387	0.374556889160428
31616.7852222358	5273.42831048627	7.08867582887628	1375929.92917988	699390.241389977	6.20585486025298	0.290787917934065	0.319803443940384	0.359284647407065
20905.7845974751	5084.42735854224	3.82899850451453	1036055.65643274	680008.89429311	4.80987916186552	0.270877139601537	0.295555474570417	0.326672608794258
18045.243725607	4945.09793066893	3.17059126824874	698734.795918819	666909.360206415	2.89916676336489	0.305862840337335	0.33245512186802	0.370637122261494
18515.6601555069	4441.53960701709	3.83820814570022	651554.029078025	579798.060454217	2.68030691127032	0.263407779847055	0.295309026997822	0.334093676711062
15009.2008653278	4642.21247493333	2.95212483043469	736366.288288619	658667.890331855	4.31098148737432	0.293469765699374	0.325212068479727	0.360317152535615
16107.0335304422	4940.21764600002	1.99319741237058	783622.701984274	649651.330758795	4.26610307104493	0.299949973585099	0.326450341675584	0.361638085378334
16582.2670217083	4669.91629548617	2.84000636587257	741372.12966505	620895.878216315	4.12428872081835	0.329593468349722	0.35632705996063	0.378788784779079
17846.5447967806	4700.83220492318	2.83943425128884	895690.654248637	585319.710582859	7.2529493983159	0.273593246514695	0.304161192839708	0.338951708610852
34856.9037983401	4919.75311951986	11.1985326831896	1572762.58194987	611820.381209516	11.3366642573458	0.286360923113805	0.314778324308804	0.350466046371176
25065.1429219871	4935.84395769958	8.96960744573326	1284464.70726288	638602.026598192	9.37424448075296	0.277595974154706	0.301909328393212	0.344296053912017
18098.3169557258	4809.31613376481	3.46186477831243	809664.783836309	595555.083462606	3.48608852623392	0.286873651538866	0.320211636884915	0.355308636742169
14569.7018847063	4492.79780524993	2.3161553859468	745118.221994801	580530.182620194	4.99531025531155	0.314012003882612	0.341779182161398	0.367352004570167
19430.2945930154	4639.90195330256	3.86458174761344	875539.741323874	679087.400363274	4.99379701204751	0.28203055873965	0.313033449904376	0.338543991739531
15057.3761155698	4299.80934891083	3.42575829573895	684826.517904137	560908.324771098	4.21790859235825	0.281153161337019	0.312285762780187	0.343514597315106
17512.4442248668	4734.45958110204	3.0730695425039	817579.837819137	616503.242656343	3.72645340206015	0.313970091726834	0.339932232909412	0.366280525979915
31133.0655822237	5053.38577326074	9.84928532994761	1363989.79542461	654202.920643089	9.63075232428463	0.294471330379168	0.321671501951536	0.356065761215704
28327.7659818781	4976.64850143945	6.34843178463342	1092583.36246373	627823.709078428	4.59007135758858	0.28893815377108	0.314763647388784	0.349328375027608
18357.1035839758	4829.62664973469	2.70440654478631	975913.958273917	612139.376464472	5.94599685689802	0.278001945179713	0.312769246143182	0.354948274561581
17742.642314652	4980.61523447419	3.22248754596339	821533.330799264	668689.649657397	5.29070665189673	0.263712747613402	0.29715298894204	0.333216191556993
97880.5279992207	4931.73583393217	23.2727061856116	5787140.88499019	660696.786665418	25.8444892242995	0.294306725050165	0.320265079411535	0.352015056995482
18334.1355254848	5081.18327314625	2.93856791078085	1022622.722258	673721.994252052	4.81377053843827	0.290924824297201	0.318533540089068	0.353607558838365
29890.6665784025	4992.51433940441	7.11660514819328	1248347.40099201	702096.379336482	7.29634730285922	0.32638862678561	0.35289038412277	0.379266552682389
22312.8314513886	5186.0543162918	4.27087789007172	1021118.08293778	705932.357495445	3.73894162682661	0.300149557025648	0.325214450197847	0.351937969391704
18345.2236600656	5098.57882386483	2.99848205138768	852187.486023404	693952.965988938	4.29859278050051	0.296783784135621	0.322287561531346	0.361414348647512
18854.7552000337	5169.96530596502	2.91810401615182	821167.505343602	683935.979370135	2.97186231056147	0.317308826923545	0.341692048131074	0.366951605859325
19102.077182995	5040.70779378839	3.21421952920314	959712.476335591	691778.676207588	4.34755699864973	0.275300517317405	0.306093932564181	0.337119595472711
25775.2376400278	4874.49824905364	13.2576694146053	950981.221322356	619058.130688686	9.42291349355405	0.302663802729309	0.32937775993799	0.362366397266495
17962.6312328858	5484.95632453532	2.66546602115238	1001966.27434885	834871.496453859	4.86760274112293	0.289257171671277	0.315754524120319	0.342472638922873
18674.4510613375	5074.67875710423	3.39913014041247	970001.216927503	741581.520367867	5.89753131473644	0.299726734476846	0.330598458428284	0.361384032167874
22243.2503820831	4971.04324770263	3.32097953341186	957135.484971337	674394.138144156	3.65540428804533	0.325885423638322	0.352868641723986	0.385888533108253
19921.0210344513	5141.71807695262	4.63293265709334	986581.780907682	798168.399317202	5.07993948549263	0.291093869989425	0.324337678507443	0.362924390329228
32987.9293537067	5207.32052334268	7.83846928926674	1181226.15507459	688674.522100147	5.85242561782889	0.304369303454222	0.333306083672712	0.366596599126823
20494.1243745793	4879.40603322552	4.70022509847853	972697.196824604	670415.826555267	6.67495879981107	0.299334386089234	0.325330391746836	0.360643783842156
25308.7252273968	4774.30362271463	12.9490590530118	1383963.35528818	641083.205599377	17.6806619044987	0.285982005194054	0.314647725564934	0.358523220090333
15990.1970754358	4805.96109002707	2.26052651819019	853664.085246945	643908.39492871	3.99896781640559	0.28363080635766	0.312042420474182	0.346534735843979
26772.4452664158	4764.30494739512	9.73803931848845	1034817.92872719	668943.103901137	5.74232661663357	0.291587763678179	0.320258387898033	0.356014247219476
16773.5723360944	4947.53832329141	2.93313898468049	741302.339556126	635824.083632787	3.08093418997665	0.305007350076602	0.333591413030383	0.360880338287106
28024.1594419555	5306.55403461358	5.95556818654995	1733453.2156092	712855.680985057	10.2532231026004	0.294837380662631	0.320747645965015	0.355658797259154
36357.0418039731	4957.04352940102	15.070091902844	1789020.06862199	675416.560685108	16.2753834248304	0.299131277768017	0.328407196812375	0.365191502140109
24480.7374114406	4967.48241416612	3.7241102156728	1103095.27820317	671541.336407016	4.64391871353257	0.26735261007416	0.297645478490567	0.341834578369284
21121.3886898439	4984.05364721173	4.62564824250612	977489.112682966	709213.427778848	4.89919134364992	0.302045707512852	0.330225678063582	0.358682063328605
19654.3004507702	4780.68377642819	2.85327313958512	1048667.03021447	694890.229178102	7.53700251266532	0.262119218555772	0.30123476518612	0.337978018553303
20830.111402813	4794.29209562161	4.26195743493493	984873.84698566	622387.503020338	6.08621304222415	0.259689683026821	0.284181899822343	0.31825709806043
22826.4149042082	5129.84757431495	4.66521387403328	1030778.61040259	649467.905412642	5.35869398765025	0.300756525906359	0.327027400646972	0.357333137862694
18014.5288082095	4727.65493583434	2.51754443994079	713699.457989865	612933.495785576	2.79304037277285	0.281937953028675	0.31187948676835	0.344964305943139
18705.4224234199	4656.73822120665	3.63998892716123	742356.786481708	580708.351418841	3.53161507735473	0.32379026654223	0.350816734236967	0.378427839344002
18876.5988347221	4859.40576422048	6.92095260277544	962760.185638634	683330.346644778	7.38629226034794	0.308407942608261	0.335080096143797	0.368879368753996
19275.0115511254	5277.72119237197	2.96793072021703	827510.7606521	702928.56210384	3.8668659776128	0.27961808531483	0.309228350378344	0.340144644005252
22402.5646340448	5004.83126357682	3.07988741579709	1160135.55040012	635677.255750055	7.25425139530279	0.292964961755611	0.320036783286001	0.354387771285292
23082.7999432365	4823.55972909481	4.86098399018641	992773.426902292	608617.184564056	5.88174654272776	0.291618354665624	0.323171474552778	0.353642633566273
19181.3046058945	4768.42610584195	6.55035988462513	673840.756399092	659872.570574685	2.81132751427347	0.293530004554941	0.321442816514398	0.351617687130315
19861.6842118819	4810.03162384795	3.36362241925234	898739.06520214	629263.845670113	3.70825225133636	0.291350189708756	0.319591745482604	0.353219499988823
27567.733949329	5309.56520649669	4.02445817321744	1264853.22612341	693788.104812908	4.94646887085636	0.29086213698953	0.32238271244175	0.348999202356454
26814.4654558246	5267.6978828212	6.3773810709062	1433684.70501002	671922.926395152	7.8770931666391	0.263077367900691	0.300044632081705	0.330510163137304
19052.2409649013	5247.70238936674	2.47170751543218	942626.723180953	715095.44200464	3.93431442229559	0.286663589577272	0.320074659159691	0.351725327411975
23558.6693596095	4796.44878844852	8.28913193796446	1123879.71039468	644822.168080252	7.92685387794081	0.290750064008065	0.323575946822339	0.358402484668878
16639.9386962045	5148.33525100926	2.28022618348022	864147.50555985	688769.72368556	3.76924346567441	0.295712829006425	0.325202124997999	0.351004976260967
27312.0398999522	5365.01147898228	5.10500104796981	1295864.51655546	738528.872134566	6.6077097791426	0.318519091663945	0.347781814339427	0.374610090871319
18157.0263423885	4589.46143233021	2.82683826480653	772650.703728136	636347.423929418	3.5232975236027	0.30197678300573	0.328937912083262	0.360431751839617
32677.784090557	4546.60544940348	10.0432223050565	1089426.6422067	590864.890495612	7.28108585566667	0.319571178941015	0.351515308250684	0.380720204049153
20112.1086474003	4983.38102641962	3.37752762707861	872150.886413936	652745.723203044	3.66356885361987	0.26462752573324	0.299344344466422	0.342552055402903
18794.2731754335	4793.13506661745	3.16669148271607	860281.743570294	648945.367264179	4.71008055136706	0.290834358408376	0.325242337690165	0.368313152856392
28609.4915882253	4920.60054330961	13.4654481523427	1443140.56890848	660401.279664238	15.4793993544609	0.261323906393921	0.29155834263276	0.331592451199625
27432.715867655	5205.85947182438	9.40554520193185	1106861.33488001	691151.727439554	5.37991195798039	0.289264517972946	0.320321398834015	0.349734048018338
136394.589496746	5123.13851138357	27.4520738155011	9952484.36615709	738463.472711975	30.2649784568334	0.303352818948004	0.328937137973792	0.356560055542748
22595.795666254	5079.21227617892	7.15249521580625	1029551.6456223	691147.469476594	7.43213380667809	0.291458594198853	0.320367653167283	0.352460881211602
23516.2732997693	4952.91798457383	5.89902739033932	1030358.76521394	661460.986732197	6.58438976771383	0.340491356043796	0.364221458523415	0.393081974040908
28147.9196949905	4690.69203045699	7.24827046618916	1557454.79024932	583879.17198293	11.8812708947094	0.333159022297518	0.357387426567928	0.386808398944174
18599.5435954684	4837.42984990664	2.76020957324657	763627.000887008	656004.132145926	2.88300498505997	0.295390716300395	0.32607097547504	0.35831066694482
15424.434110627	4773.78390805132	3.31899013576364	887202.017181401	604526.271744177	5.83534751939829	0.274461912804353	0.297032114075494	0.327265524668319
22137.0647533707	4766.76591413135	4.95419037505448	986713.526234539	645385.212524536	6.32594247964916	0.299717040190684	0.328030069288551	0.348056417436705
23844.3868007055	5021.76343375772	6.29390399648079	1024497.43735652	630724.882173353	5.27491530134345	0.29652461030841	0.325023084392418	0.351151800663879
22334.9946304793	4707.77279087573	7.64484163575425	1114408.78906773	629818.170617603	7.83808833328649	0.308844629271055	0.339332778607251	0.369602949695157
16768.237793954	4535.10875372699	3.24679324070899	710605.027016395	586376.425896315	5.42225818473355	0.349719935596763	0.37509411632431	0.394773708721689
24373.8288745225	4852.83848610617	7.96683944111471	1055947.65983339	616685.949518248	9.42044062404918	0.358666296761143	0.383664466888834	0.41136871873672
16355.9558000634	4504.09689544779	2.44143698777151	722207.644147139	581252.61931443	4.38962852679853	0.284118077991905	0.317697189675344	0.351292561792807
26920.414450584	4828.96072363454	8.23941098199471	1545403.05840754	636355.327475621	14.8918262174267	0.313141510908121	0.339569665998078	0.367296976670814
15002.9799219494	4689.93076738127	3.17334119065378	871881.243204782	612810.351320024	7.35709490083016	0.293067854091583	0.322183965863602	0.355392272996477
98730.1283497057	5083.29282468833	25.6512350645988	2558560.62377836	733665.026129133	20.7548165635752	0.283474105501178	0.318106467545359	0.357519934121317
16848.3576814725	4512.22309064664	5.31756797002118	611618.533092251	590299.864394063	2.95168974443552	0.343933542835231	0.36989188506716	0.391361281517869
20947.8164824768	4860.97554834168	4.9918244794733	813546.171405183	654686.741295745	2.9772738682721	0.281523647216903	0.313385224472588	0.344416266994824
19340.18096633	4686.88879505216	3.36140340063083	770004.244629507	602994.495489602	3.31830183983735	0.278644984248108	0.309067382593937	0.335176051477236
18378.6527284776	4886.96574906277	2.62690004387022	756750.079710398	627514.646381882	3.34815798508978	0.302932673874025	0.331233904724242	0.356728007011625
26353.179080646	4958.57156879741	3.90166573197368	1372561.26083482	655697.76508549	9.37176769147633	0.286892097970187	0.316577507260772	0.345363234907129
18263.4127914262	4903.11262734462	5.01086150170106	673628.482300557	702615.797889842	3.18148999093233	0.284887534250618	0.316146658914568	0.351478868936453
18100.0395595582	4979.16262632165	2.38810726576714	791554.896670392	658913.05018098	3.45772460273538	0.272436906400657	0.307497177266824	0.344754275641716
16531.6139806737	4725.24395773747	3.1588096777782	857426.027555811	608859.996123943	5.94306844788435	0.267097934470284	0.300398572304119	0.340088161620958
17688.8082916784	4806.74101565695	2.3941045148209	826193.135838119	588952.389818543	5.65622860708478	0.290264193651334	0.320284620437609	0.35403324322976
24682.9627371135	5152.60376161379	5.56649346969228	969928.063746217	726023.980318484	3.761407876988	0.273556922608759	0.304494926826774	0.342129933412418
20540.9492750257	5032.88533476396	3.66342536469521	962750.237638392	672067.829102915	4.15988498154612	0.300903300286538	0.328480578603354	0.357105063030257
20446.9349156783	4875.49983861951	3.39589869614735	956284.215518342	630715.594382851	5.66581506368733	0.287766782966267	0.31714214311779	0.348811441822528
23409.9765759421	5314.3556478713	6.51897572370059	930439.947457857	708445.466777114	4.22917872120395	0.319189441761177	0.344483378720647	0.370940743426591
24261.0535372124	5526.88114675853	7.52937372223503	1072810.26989913	723283.19074981	5.68700958834079	0.309555079022138	0.337869859014836	0.36876079944818
21413.9192967741	4481.0394341904	7.19440265923298	839386.348755616	559228.446647982	5.93267418092964	0.296973533207071	0.327080302833935	0.360007366302299
13801.4275764271	4533.26875459698	2.03070397169508	735380.898009356	586884.602932266	5.97025417781212	0.288026806878154	0.319513040962752	0.356277696314885
16227.3431292885	4691.02226890917	2.46622895743595	853312.573840164	630964.534014366	7.09281301241703	0.285611103272516	0.320496244010934	0.362110673815056
16328.474814235	5232.39513871385	2.20904633768375	835131.865416982	749445.194901016	4.24430163330864	0.288244854123571	0.315804521499992	0.344310044098094
22079.649489953	5297.67940709168	3.68767452080991	1027631.98038852	716588.496763183	4.10502706290482	0.327433412047722	0.352887529534644	0.370951645321228
21898.1168944445	5411.98589960011	2.66248596832051	961814.249156869	662157.335728991	3.23961504147974	0.289489056489385	0.319793891052018	0.346184329326787
13882.0608009508	4798.27889799314	1.76788349507275	636134.191383286	610568.251356943	3.22501428147247	0.253928823662713	0.287922880547887	0.328343489314019
20954.2400079523	4713.41807125626	6.80831826217478	1054419.9792391	636150.104872403	6.39927972712234	0.263498567592087	0.290489319862324	0.32654668094059
18459.127637646	4687.88284547991	3.3919649325967	795445.78021704	626673.10602088	3.27375607860462	0.283998668903465	0.313603153116933	0.346090711949611
23339.3686304864	5084.86391360048	6.02360689801713	1158220.08511496	661736.297872909	6.57184650792165	0.276044059284574	0.306408830236228	0.338843933092241
19852.1858391924	4968.09809182329	5.43682542780022	908361.991231507	596244.480985516	4.48398320208831	0.261439517593392	0.296536731166048	0.333948238942484
15463.616607361	4817.7949613803	2.0608857369444	735958.209244519	645390.125141021	3.43324322840448	0.293834569619725	0.324667856437518	0.352700157528943
20880.6733459769	5262.97798598458	2.64546119024134	1017918.9925026	703243.574031284	4.30354312436222	0.296419785950303	0.324354429732268	0.359481815968626
20491.8081423491	4910.31621202825	6.09764793944689	823721.217414626	699026.855680342	5.25515255598529	0.287046882356236	0.316328578499346	0.350397959955939
73692.5540295504	5343.66975830499	22.0027456900646	1504264.38999742	740213.643478109	10.9539625670733	0.301368412043056	0.329100117408574	0.356002973474081
17159.5804333663	4815.46992605722	2.75169608586165	801997.327200706	631116.820597452	4.59628379999523	0.323881533403711	0.345669803925009	0.383182394589394
19282.9662341954	5053.22334108837	4.57988970118535	916793.435716458	683320.940736068	4.41123057882872	0.302171509149063	0.328299896679047	0.367970261433021
26563.1585542673	5081.44525508526	8.48148164437356	996507.817311511	698321.212080697	4.48990619496294	0.296649900690784	0.323883696855365	0.361458494338976
17462.2092156243	4700.62721566544	3.36085590783115	772009.375687185	602512.564599576	4.21295002333544	0.27804873997411	0.310942069308506	0.351367572473128
20829.357492846	5009.55468070582	3.74045661290913	987649.420900083	684174.595859117	4.3528325440986	0.279028785417823	0.307374553268008	0.34480711034955
26199.1652919366	4794.93385471328	10.4095303983944	929542.06778165	599466.562804646	5.86558824222102	0.294349161138667	0.32255043663863	0.357514541030261
18403.840814823	5203.99978824442	2.50963286781821	906611.085147996	677227.376378262	3.98881741325843	0.304976770719193	0.332478621608512	0.355465291204445
21463.5356366799	5017.82989729646	3.63321048381503	914681.321143756	689769.223598977	5.99263283150576	0.348271085477727	0.373675645821983	0.393057584198451
20013.4114161489	5339.37366069551	2.52290230853782	911029.132731556	697306.136431293	3.50447926970437	0.298480862148083	0.325263940278334	0.355195774057757
17313.8588996786	4592.83364413701	3.73469107535827	781059.341941155	561686.537307511	4.40065581486775	0.283326264127863	0.315056092701396	0.351846661739943
18372.0258827061	4933.50508991983	3.09861789276694	784292.469865326	656153.176386606	3.13266899970262	0.28751067870557	0.321724174211252	0.354893807834377
148787.363497991	4806.12416201492	20.9751371329496	4485575.56241537	604212.482484198	21.0502881477391	0.303528345939184	0.333603600325024	0.359782741983663
23157.9205667057	5213.76965309979	4.93807066900279	1485002.64397494	707858.389916369	9.00226211342541	0.281104226547876	0.31097290769572	0.345954727861316
28872.3765677651	5184.34165748981	5.23618864583444	1238798.3676563	741390.440604163	4.76123450954082	0.282142752629043	0.311384447063027	0.340071809847942
23049.878323466	5433.43136581295	4.31866310591311	1030137.87388989	692284.318419557	4.11635060906771	0.281230290338582	0.312732808337654	0.345178535678811
19576.3775693859	5089.80591191472	3.14237018886415	900669.053068431	667211.481839497	3.72375765620449	0.291276421251225	0.320976451055005	0.351007184000783
22979.5831001125	4872.06514187534	3.72138424845966	1122388.96309951	637143.098244879	5.47006725852615	0.310072234646773	0.340651189910363	0.368940948324875
25014.566886666	4669.1290012822	4.65415559995942	866093.015409358	615295.990374882	3.97387558862083	0.310591382908562	0.33990856827552	0.360448476527035
17299.9804636434	4610.94186908805	2.87778451495079	926847.279140319	637294.430568408	4.69113749475731	0.313405497902937	0.344356445679578	0.375592833005821
34417.9852581842	5099.74609717243	12.0667506994764	1598054.13959145	666795.08014157	12.7804070779071	0.317281862989341	0.345119073389716	0.375496125320085
20999.9638595067	5192.89033969926	4.64436122487631	883238.976870663	625260.487027511	4.450296257358	0.352202421427941	0.375712745153298	0.401170187056516
16732.5703189873	4660.20009785837	3.88258693882761	785868.525168716	603981.085731361	5.04461389591283	0.280583444445342	0.303916011407772	0.346572531691036
17035.9493447137	4856.11928614278	4.1065239790897	803424.120834239	659345.657261027	4.66369920018413	0.332438023312051	0.360464687477955	0.38268602196265
32234.041126309	4735.31871591181	10.8266163184167	1713000.22332787	650077.03829375	13.0377998025698	0.317029629911416	0.34661791367504	0.376069836804072
21282.497592042	5118.28065975194	2.72120407468097	924827.809287361	713524.09833782	2.83076417108295	0.301627637588208	0.333215096229712	0.375152552827918
15092.1516031441	4443.51218422326	3.45940406198342	594101.376399279	590799.700919024	3.21324987216322	0.297366564620926	0.32785753206966	0.35889984160087
18102.0210332832	5130.93546445292	2.19912209810757	854625.622142976	653072.641300904	3.76325027574183	0.287427948162141	0.317382923939448	0.354840081576676
19302.0569617582	4965.83081355189	3.69305877183564	919397.327197074	698080.862000547	3.96194393245363	0.28088541518923	0.307968949967128	0.347768384707967
19290.0070536371	5572.591283079	2.34621002469869	916681.041371675	655585.105500875	2.49167048595488	0.31575695351919	0.340215111319823	0.371343784172741
16314.3510028715	4831.31974312323	2.15489793879621	818903.915948411	683099.703441397	5.37478536930787	0.323310631851149	0.349919659972222	0.376739679854905
20202.2457137352	5004.06610304167	3.74540364508995	845720.049107448	635205.048276086	3.82745835120529	0.286679550049671	0.31721957148835	0.345414352807319
27259.2742152843	5261.49262420181	4.90961548131261	1089940.18470757	697540.748139123	5.27203438249162	0.28405027912937	0.316023149860769	0.342585777820018
17760.9802490655	4934.41775204349	2.79347681827681	1091544.92614464	689794.305808375	7.50421045489399	0.259930978214731	0.287901389725711	0.324493124805708
17685.2998636725	4515.62418134594	3.28555451060532	757857.311368865	581872.207774909	3.81281167928443	0.286727011618405	0.319567875352814	0.354103833111609
36061.1676926931	5139.5493810968	14.4900959749457	1843500.02651293	693171.817961269	12.9374869708607	0.28572487310162	0.314707810264744	0.342365862985279
23052.1082242257	5263.83503402693	3.25698417863025	1062817.37300083	746092.15215748	3.32873362000658	0.283408461247995	0.31215015957712	0.35332513306604
18819.6673335026	4668.84979656081	2.68443948591246	831570.652888102	610047.849321609	4.35993840535485	0.294252281437441	0.322450949183937	0.358328266486404
19317.0285051596	4708.33446793342	2.76398900133237	789625.233251087	575918.229823023	3.19575396740377	0.276572378187276	0.310365136383418	0.350215066062491
27333.3795764973	4928.43761574966	9.36266676620801	1295745.87834768	668097.475913335	10.2168969817549	0.285298084001414	0.314450699260941	0.350316696103134
20782.0620137929	4770.0274849383	4.45195661106535	1119151.4257263	599338.709303617	7.8952467556737	0.283332233022217	0.314569457196468	0.349297597416068
24854.2464840193	4867.51856297607	7.79954718070201	1233254.48740316	639692.378554745	11.1700736813011	0.301833826520059	0.325849165313531	0.35732514457139
20629.4189424993	4638.46896945883	4.50087440122791	812399.848370897	631710.593606278	3.73756875516953	0.279714153955736	0.310158982874066	0.350531672708764
20137.6981392795	4695.95381901203	3.47467545076029	964717.32964549	601050.301595949	5.45166976918305	0.310222061907256	0.340514874171759	0.376135634059166
24402.7119056936	4783.01572642	10.215678190456	992188.814477217	644577.294135516	9.82679400555525	0.282259104227964	0.313355748000231	0.351182590601976
28521.4651674969	5057.31512525408	6.46235442254382	1085716.53809168	672332.131101562	7.88038459520128	0.269956849677771	0.297654874848916	0.331768985060213
15825.203246922	4990.22100721369	2.15228926326232	833858.573251325	609235.820016106	3.6208492289271	0.290832910030935	0.323617546179702	0.357855560828261
19331.4804053515	4801.75357180135	3.89120877271332	916340.357504199	595647.80357226	5.5328877268512	0.284197166239328	0.313637209903477	0.353787594763774
23027.9176386606	4921.64502407291	4.71471721639783	838119.341640314	641734.583391534	4.4399885195821	0.302688814470655	0.33000002895429	0.364271645817949
16625.547738589	4863.64846226974	2.80212418348902	751794.156361567	656725.578812215	3.39765630279911	0.280925688209284	0.31146289458633	0.345146175153067
22306.1840283308	5141.53926674578	3.31038444290504	1068318.09260724	637761.972266652	4.56637422637591	0.257937681488561	0.293353780922032	0.330678148203454
17083.2501647237	5095.90882486535	2.38373766405963	773802.473244736	696709.979561617	2.97545733839499	0.243925071714266	0.278095794851138	0.316125837778199
15524.4412836738	4631.67891067698	2.40900400297353	688887.990176615	622131.307361632	3.63175510814288	0.278832252943263	0.305973212095167	0.342185552390658
23483.08614876	5016.07709581217	3.11629477356323	886171.547015614	673082.997834538	2.94590191118861	0.268262121552545	0.300556737453922	0.338716470170841
42422.1403523436	4932.44131898398	18.1452625771091	1451940.90806981	681843.861788832	14.5877335715686	0.259082857106244	0.295372799419975	0.335861451309578
19904.0161332422	4870.74448811851	3.51845769602927	877463.121696004	643144.876766938	4.39082001690052	0.31475813998301	0.346565440883258	0.380300402221903
17713.5997683551	5090.12355883883	2.61472349255347	924904.47563015	654910.598206565	4.34865918635298	0.305230192397093	0.336165844115477	0.366187339010102
18525.2321971448	4430.02390687002	3.6759683302313	744922.55066771	575400.384348337	4.66243259456928	0.286439935571276	0.314191071429802	0.352457401105101
16321.8894172397	4931.83852154349	3.04241884659126	908976.676584397	652608.01147043	5.79987616650769	0.306714379214563	0.3310825717619	0.359672468216017
21029.9731090292	4544.63836775022	5.28438327269372	835189.200831713	629646.634409217	4.63627228129173	0.315925319806204	0.346686807928615	0.381705630638458
19134.2696694781	4857.31202003108	3.83690864389222	879970.686038584	682789.481301716	4.08200449631892	0.300645316676092	0.326323598841113	0.354373444470132
17818.7149935698	4681.11277381499	2.30628198851604	743211.290383184	604623.780978458	3.14581306995097	0.2609739157574	0.294979595060405	0.334997583000683
14569.6031099821	4592.07552900004	2.03573986997795	687182.108098046	621804.384770799	4.37470252639396	0.31174652617763	0.340867557288505	0.370717384164246
15520.2645525947	4243.29761288179	4.24321576724997	723013.865821778	566206.367192452	5.34522492331938	0.281139854021635	0.312455174140953	0.341714739911876
18783.4652801721	4941.32783080158	2.82002557617574	837869.761654922	672692.894000529	4.45374686382302	0.270312305322125	0.29866088617838	0.337916815107758
28010.8191674602	4975.50879726513	6.32541737358775	1170318.68254694	647522.831197194	5.86245282321415	0.311351011505311	0.339333683928766	0.361807720230709
18941.7256865511	4644.60520244748	2.80459489117902	1047573.83082618	626234.22125186	8.20757349421369	0.304421791830252	0.333857116657919	0.363313151122426
17098.0882063218	5053.64613430911	3.27576939592981	920559.84412111	700292.34567534	6.35410418391846	0.302393638653219	0.328088591079564	0.352872152049046
17109.5390408484	4797.35662557075	2.49297264579324	829171.725237001	657466.707196636	3.64072503033464	0.2728298035696	0.307375591545969	0.347179156068467
16113.7599673452	4601.72824500008	2.46835548076025	742477.327259605	601503.461604617	3.55709311300961	0.269918786901406	0.300743775836503	0.336228535078179
22571.8364410219	5101.98269883768	3.22759562348824	1100656.05983988	675044.347256236	4.71112350305798	0.324744909537539	0.350894497776637	0.381226596148
18850.5697248535	4923.2344083494	6.6899690763189	825313.527302485	679744.539989984	6.60653458697363	0.282818242768386	0.313815527980285	0.347876923536119
264073.53143676	5382.12736861342	30.8889837591841	19734054.4033228	709191.679431541	31.7173331704097	0.285403917983114	0.311339014114891	0.337545422599301
25239.9258121929	4631.18297700543	12.6782344383049	1418591.66497224	646344.653852925	16.7499697209522	0.282689212826273	0.319974376521662	0.364625259435273
21772.7880447025	4625.27809877907	5.26668674534598	925267.755100844	619755.896637325	6.39342198439804	0.277455813594201	0.309883261458756	0.353287817105074
16960.818279917	4714.39605008462	3.19948121780776	752226.243807262	613322.401590949	5.24617419389393	0.287495429400881	0.315727894084588	0.35385467082032
32432.3437459328	4625.99364909146	9.02329027029235	1297141.20145975	585759.074688821	10.5706265288921	0.304591445735193	0.335100748862498	0.368424443675011
15904.5358214746	5167.53786671735	2.27411372851589	773423.270236023	698104.818192916	3.09441434639423	0.295883416411494	0.323370896907099	0.358376938738508
17814.2494324374	4870.69006583681	2.91643283871117	775920.503038586	664002.859101797	3.79496662094675	0.257612748489206	0.298638529674059	0.344304321754505
19173.0757932003	4757.32621102989	4.54120127690153	861792.90926853	581891.738545911	4.147222873733	0.273173363708374	0.302640950713111	0.338821899497553
19301.1839654395	4774.38568302457	3.06357557029014	839011.23849546	584172.856138554	3.38166153049122	0.304088930193325	0.332719363949272	0.357302952805703
70707.5817572559	4942.43307376518	24.1543905678741	4024492.80498004	617162.329691973	26.745990537832	0.294988686913097	0.326028439430612	0.36557886119519
21935.1443229339	4820.98554171122	4.44051448587634	1042060.84788434	605537.538484029	5.48589617232802	0.29618837235137	0.327519225801989	0.360702736887245
29339.2631274849	5300.14245901592	6.25239139252422	1450145.69424064	714722.11057379	7.01313356174097	0.285817379742543	0.313819819602705	0.34559155771632
18949.0575730623	5365.71059573517	2.07094205795458	1030386.15916161	766340.137570541	3.27792703140152	0.290336197690957	0.31909701063716	0.358316451712316
20656.9368689125	4752.73914061338	5.7950725339497	1088227.50853175	591628.017906313	9.09366677190727	0.275771946257113	0.310464624802949	0.341744942188618
20800.4048446958	4966.66783339783	2.97033728697555	994070.218725999	639501.977389347	4.24122323703148	0.296109310803815	0.326211474255788	0.357243159890239
19885.8332897093	4665.96080295815	5.74569901638427	875461.988206342	620482.923346706	4.15549827539323	0.344944958743933	0.370381772037396	0.407114238366587
22578.4188846211	5354.53627513942	3.729781167687	1101540.88768741	716287.997689909	4.46642548710641	0.288673217114698	0.317662355761497	0.349258183445672
13529.4937097226	4960.69718884351	2.00095981298115	622903.524988914	719415.877656037	2.76307034932759	0.306258105086795	0.336162308877767	0.367601628094366
21656.1845515013	5410.11637861498	3.03740397993342	932980.704424799	742585.702587359	2.73190600645941	0.308006629343499	0.334081220298026	0.357405936700359
26359.1214320825	4988.73198778926	11.9657391019486	1206448.72197	641975.672123656	14.2960312782342	0.289622598050662	0.324684769241782	0.36097635821095
35674.1902420062	5077.31401086196	12.3285875858918	1462299.59209651	664514.942437294	9.24252583588523	0.282245580479685	0.314166879667827	0.353460085318764
14659.2798030166	4887.2970040573	1.85853508067659	692113.17363431	689437.686427193	2.86610518386293	0.315478478144951	0.347344857393711	0.382944597494375
22612.0013923209	5137.18783779151	4.14903106890714	1088051.97220331	694187.056406369	4.8321357865348	0.283913015479191	0.314242268436208	0.345275540580717
21104.2652631097	4888.26325623143	3.46338459467707	1173346.29198428	637010.11168043	6.22406924797235	0.294721784383807	0.321576951607786	0.357227176596849
23024.0181392111	4987.07122929527	4.43362447545446	1142695.81333895	655218.915531961	6.41373774963262	0.318030996713438	0.346097530883624	0.379110652031516
19650.6209436268	5089.06124545549	3.35564470763732	931964.860043243	685691.292932273	4.89360910988598	0.272086894425902	0.302457439406376	0.347342078049952
18802.483584422	4796.98919470301	2.64531693006652	793564.558433698	665596.900558276	3.63037605934892	0.256765750379763	0.2862174467287	0.329616714802678
25519.0908275144	4793.0767431441	6.58385907785213	1230540.06488385	614856.122880818	7.72560698450378	0.269635337796511	0.302825872419365	0.345811379492583
16596.9215834835	4779.65720188315	2.3365060602731	970356.822096537	618506.129075567	8.42185595554794	0.266069968143167	0.299441904865583	0.343361424403592
25915.0440985947	5199.6699993116	3.43162614669593	1370762.67438023	690862.133540294	7.05394707141959	0.244347736642237	0.286307954284914	0.33364213066356
33226.9687901741	4930.61428047132	8.79891495342365	1256384.3412545	620763.613215552	8.07446159735438	0.288107290152364	0.318014285885778	0.352929645018308
33488.8368642069	5359.57627606751	11.7774531103195	1241216.31094089	672812.68173398	9.26724856464679	0.292346021372686	0.319712048256786	0.352009868246664
16859.9986467797	4809.54108502425	3.07617862768455	712153.844611681	661158.885182021	3.23494767392532	0.323178750590273	0.356740158404534	0.383475543103427
17938.4642774585	4910.77602028255	4.74800669186134	816908.785845943	632790.231968542	5.07092678663874	0.287364041487821	0.315200455566376	0.343084055719575
20340.3765352753	5017.81852485845	2.69896767760615	873897.593092181	650262.878433736	3.79445297824043	0.309809958871173	0.34137667838318	0.378192455662074
22224.9463924985	4987.11524438413	3.37718988020431	1032756.68001737	691302.178053968	5.90619299160205	0.299583115866404	0.328478342104669	0.360859529137722
23513.9780811817	5123.94109259082	9.62424100970131	1213416.56611922	695193.408467745	13.0075978869787	0.276803742864717	0.309669974352666	0.347488853494225
22243.7063794542	4776.75671749108	7.47462261361727	971183.900254159	626568.64908234	8.78476820839346	0.297935361147257	0.330438571710067	0.360557605243149
15305.0536401963	4922.49805347021	2.25107281040999	755868.488814778	693206.076135752	3.30071237266833	0.293681260900329	0.318214538359537	0.351135600032261
23315.8890271639	4901.81922961461	5.32921357826783	1203088.10795649	658390.424881755	7.24491642721289	0.316732674096914	0.344576457406647	0.378792677705608
16631.9263757068	4723.37367133734	2.51122222249912	829774.879331965	617525.720071221	3.85046080115629	0.300351063220165	0.330569774571122	0.362180842968279
21205.4191026072	4796.37854695005	5.54147070168	889380.343529359	597861.86203903	5.29384072613623	0.287365506422768	0.322822196557407	0.358924596858008
76108.3120094567	4984.91033993636	15.6690937644648	3424787.94512568	644437.512613941	16.3574003077869	0.274780083749852	0.306982243423951	0.339356311023002
17229.0572243347	4733.18486394678	4.92312489229524	801806.102214917	636466.928068746	4.78663335266943	0.31671856996997	0.347254871357027	0.367841724650023
87889.5931272887	4896.27771218099	23.4238846740825	2622318.91536765	659881.560405503	14.1671178610307	0.287609792276553	0.319915903672979	0.346433633612159
16159.0282633011	4731.05875378832	3.91045852736356	701528.483103505	626112.991507772	4.0594483194521	0.267346045430157	0.302914580334408	0.336063376394098
23360.125922884	4847.78550263621	6.35510111366431	827979.174580518	647799.194156588	3.5976729569494	0.282820600652233	0.315954714809349	0.350243995560814
21684.1482452464	4857.02481886696	3.05664216610127	858667.678279581	649785.253280668	3.32266987803762	0.264158869269589	0.295099314185552	0.328761557450018
21295.2823339575	5130.81952450101	3.14653955743913	1113197.97161385	688885.656429947	6.52334931629096	0.299780770581626	0.326418288299818	0.366803558965316
20054.6897555703	4816.58413359743	5.40046578530633	856803.514866809	634002.612708763	4.62239501930186	0.311294276219796	0.339330257720654	0.370314107968162
16236.6568277416	4907.19541253203	2.11229709192847	767811.28776954	618858.178103337	3.67968399110675	0.272250438904697	0.305760092268453	0.337968333681972
16483.1299018652	4663.0925983495	2.52830245551014	736475.897452976	626152.739771925	5.98734146007862	0.281029334114171	0.309514105189594	0.347942672765832
21285.1046613795	4957.70419237614	3.62291825890273	979905.717441706	626463.581751326	4.81173071181985	0.273716652289854	0.301611991632837	0.343855179050026
19617.0518586746	4526.8784223594	5.18760215359054	812662.79310747	596114.049721601	3.95846444916448	0.295458684243766	0.324274663592595	0.358223346142097
13343.7642836331	4439.59978861584	2.85243658263157	543637.553668915	571092.653205801	4.44347262926082	0.315449408807852	0.347341829850105	0.382540462713141
22762.7648904378	5280.98727225217	4.17745398769096	982984.029927419	747535.365092244	5.70902851567212	0.292744668807798	0.320407528190371	0.360930357690511
14630.6604652365	4684.12633685624	2.98839908137035	697983.245706716	633518.435137767	4.80812695588365	0.315690021044608	0.345266378532517	0.376656874242276
18800.578693252	4863.16637004406	3.08302446920354	830818.363754517	584781.234917596	3.96026408943049	0.294215237414169	0.327426373403254	0.357392908175863
25651.3247716418	4586.03309736944	6.68152252731481	992462.350122189	614136.44203925	6.07120766043328	0.316979139667052	0.348382875587034	0.385304943343706
20039.7689270643	5049.29113713871	10.0353036665349	929059.369462793	630500.132571127	9.976109612864	0.300122875859435	0.329653917769953	0.366574474097976
17350.891516347	4796.68501398328	3.57902644821173	868160.581062417	620432.337562146	4.17092794203897	0.27629168189235	0.314015172414749	0.351119039170477
15409.7431434322	4380.78562549007	2.94882283600567	719861.972499124	565654.165513502	4.65222285644846	0.246008818276199	0.286428925878618	0.342156190947479
101426.364993199	4672.16029840068	27.8834975490227	2992684.34000118	625110.414666577	25.1541431564623	0.270201815995471	0.301864328134755	0.336972994225834
77429.6495477287	4611.32546609069	23.0189098579484	2160829.35205033	577549.293495172	19.5642843126491	0.301677481863048	0.333162978084852	0.363343206729095
21418.6135943692	5088.23295479386	3.3606171452143	1007987.83370797	633885.78336132	5.39104495801846	0.291703391909042	0.320262274682893	0.346432117014298
18022.2383722311	4589.0804526489	5.15975469852196	702865.721172952	571540.611850729	4.3538802186516	0.315386373663623	0.348196929875635	0.375155342477249
41966.0376655794	4979.02890258088	18.1842201526012	2175597.46714047	687882.69238612	18.6895515090174	0.303863186187391	0.332847723887495	0.358783598513019
21984.8495860268	4861.30093766712	7.88218675743162	1028881.61562473	641306.511870812	7.2712340920144	0.288082841637716	0.321885150731966	0.361225362137221
139834.073627954	4778.96577883036	28.8860064026283	4128007.45484075	634928.793273892	26.8741343748081	0.271261274349295	0.313040758345323	0.361625808018844
17863.1047020983	4720.6127612556	2.58477427471844	744919.020830461	599230.591788464	3.33410886069956	0.287958601596199	0.317232738368762	0.353884235856432
59889.6338690071	5570.94945224194	14.7245684993207	1115689.73404721	742000.795780607	4.34579216106835	0.297265933622065	0.327372466952244	0.351941674318039
32888.6247946036	4810.97563670539	9.6625960109873	1357486.43169645	605779.581946915	9.37855004890866	0.308349310520612	0.338390821388998	0.367991836900163
26153.1978146799	5571.07545357132	4.17850722469245	1034637.42992897	717440.612617812	4.1932453719419	0.25191807199767	0.288002748733079	0.329615021626621
31009.7883791761	5559.54364876193	4.66611227548094	1406250.15169884	771173.884827547	6.20031352652201	0.290792818946499	0.318390161596977	0.354133282929977
19592.2560624108	4770.21301783257	3.13259671353487	851206.673266779	633647.588177485	3.49486045490948	0.324508718535675	0.354004385334776	0.385669821686774
25519.1234758114	4818.00432805905	8.871041580073	1299135.27576154	604569.511437531	9.4725133464362	0.29467383654488	0.326137653077897	0.353633840942972
17763.1637396339	4547.24861359383	3.14454760739061	771593.024451277	589598.378829593	3.65219291321152	0.295874197291216	0.325451487850835	0.356584805361688
16638.7173058156	5032.70432514153	2.5927004201412	766353.659085433	675121.183960952	4.33912173368122	0.30843864022092	0.337323783579849	0.364181704718529
19097.5661163118	5040.16329126194	2.79562165559236	898794.225969605	696003.457983453	4.09663768661315	0.314698810369421	0.3483944391645	0.370280614800221
19583.9397812069	5088.0067545013	4.1415234735507	847590.675255501	681666.398743282	3.32351385486734	0.298013977600113	0.328635234182371	0.357682245063398
15338.6263822015	4736.1514465903	3.01400306143977	701521.264294607	670529.656371745	3.26164993332495	0.273391149567486	0.30437462694279	0.348701384250805
27527.1440768516	4780.41130178671	9.48119415715631	1145462.66544492	623575.389504725	6.58424947976688	0.325594250379429	0.351488150182906	0.378053154311528
19477.2944649418	5185.3820109201	3.09946682019292	908752.224768554	691973.79444292	3.79795502382705	0.306846548001062	0.332940431851763	0.363146752398204
16316.5164656055	4982.0282141263	2.58445711071978	1142990.46358629	686993.806920334	11.0652244406803	0.295045425395864	0.324042362773318	0.362647136045185
20174.4103911374	5230.4300314243	3.6541582427915	1119265.73113941	760820.644871021	5.59008570388527	0.27019001275056	0.297163160653655	0.329756058345657
23914.9032645092	4709.88077683773	5.48759735935591	903068.07452894	625912.576000112	5.13233545065658	0.26612635120446	0.296259632132971	0.344945728465889
19747.6497739885	4889.22493761048	3.23566041335028	935197.131505742	645770.505420535	4.05206953140962	0.284269714882616	0.312469195808023	0.351753591099359
22488.7101755423	5030.98528047882	6.06457753716186	1112365.576189	700628.15058495	6.3431496510335	0.308089606657153	0.337831559487826	0.371486515635651
16002.2601720901	4727.88208146244	3.06574933904632	695072.477995343	556511.600397141	3.19677863199781	0.268282963191671	0.302624036656865	0.336522591149854
20030.4563068899	4897.8472015487	3.034125628708	849702.190193184	629705.713992204	3.11737175499716	0.282750613237696	0.311896986148266	0.342922299754692
26707.3512614149	5478.51503696018	4.8260788643676	1147901.71843206	718669.280651051	4.86849687689459	0.292561704641185	0.321330724318739	0.358161725572612
28640.5296780446	4997.9428099569	5.03854751843863	1123155.05475059	711321.860091232	5.86777964582144	0.280185931768965	0.315126417412697	0.359703408618446
24381.3353866645	4935.09816477907	9.40079434938463	864317.933890442	679272.306832548	3.41743791084647	0.256872246910842	0.290860956496436	0.333404915064953
18623.0185677686	5424.3924578971	2.83149886739423	860356.010187821	726473.018663062	3.3517328557591	0.295754261834871	0.323455981986876	0.351830560106857
18895.3748863953	5031.57171736311	6.40710441038797	811127.850251033	719633.001974138	3.69689038174145	0.288078182713569	0.31600137740081	0.345726167330643
24562.2909136903	4854.18655591482	4.81656002122382	1098296.65207369	649380.460598563	5.90767935101478	0.294628648532505	0.325429542466339	0.358101088529699
19354.0462327367	4819.58174064622	4.64606612628753	849007.103500091	628164.570806713	5.45269648744913	0.31053984215094	0.337841592726422	0.365568590241306
15903.0297556682	4767.39390336187	3.1015055715354	960267.311904391	653099.88181877	8.74701779497504	0.299816423242019	0.329839409599695	0.352133386687414
25155.8463287684	5024.32791529331	5.8831286670106	1073647.93316587	641039.671216762	5.04162311965578	0.269174771085062	0.297586358948009	0.327728523995155
21462.3449690988	4829.88343087796	2.47997559215401	867811.422352219	613656.19953673	3.78824913487295	0.276878266501439	0.308189360523962	0.33949275600429
19060.7033173835	5085.6363758753	2.69473476109468	1223200.83449044	664159.944426984	7.6759764948043	0.291795957354157	0.320562283945017	0.359369932941158
33357.3332151918	4963.09884603425	12.4253082397421	2438989.28390521	626146.163253727	17.18564919676	0.288848390904125	0.316731961405675	0.346609703495974
33075.0187428342	4956.80704578081	14.5117554548424	1080335.22484765	672467.759518809	8.19612475903431	0.270411814209344	0.296210249346749	0.333674748414356
25079.4632759963	5053.75317765642	6.07510125589772	1207511.70671256	681203.047225374	7.95325800011445	0.289852185840089	0.3182852585135	0.341909958230876
15843.9534200291	4764.85709537846	2.62283177013458	643272.743754679	623128.179408917	2.45938918830596	0.301450001578432	0.331496344712927	0.368294764350454
16272.4553737973	4685.59620096144	3.01183047756708	853164.551517594	643525.708588669	6.03377948392356	0.281465279072734	0.308995993231532	0.346588684336889
19127.0763931527	5173.47849406769	4.13234022604113	892790.99120694	713663.979937972	4.46108627569801	0.305827369390255	0.333010280835886	0.370424837944763
16903.6389120757	4769.13281307409	2.71813430332567	767323.13138535	656361.340719407	3.83635861858899	0.26870768463608	0.302650326101901	0.345792794465233
26641.8434208992	5077.28086934272	7.35587790895772	1079820.21843211	698671.364892513	5.76503294691615	0.297323156256023	0.323867252318549	0.354857667949222
18018.9109371823	4593.78145545211	2.91025346483308	1190113.59953459	609319.756597347	9.08113225117502	0.291221516198985	0.321682445183113	0.346042932031153
21223.4491612117	4806.22127262768	4.40395050458709	1068857.97847998	711089.220541538	6.52929805147342	0.286214882153736	0.31655219597202	0.348353696228093
21129.3524040745	4872.74833428899	3.84886584507037	958922.006582555	641497.141272856	5.41977188861031	0.274998229644242	0.303346473745999	0.338389532494137
18962.6786533482	4675.1714279997	5.04868477664791	771553.605255027	605381.111593166	3.74267985360459	0.296031674380076	0.326853020298698	0.355889564040799
32235.9008781495	5013.89240140696	13.354604797314	1439625.45139656	631564.900831512	13.2978176908513	0.27836291219483	0.309822946028549	0.344523486083439
14934.5317690168	4535.86787248882	2.69562546901841	787954.998253643	569181.986865232	8.08361670028965	0.299087313723584	0.331542708808934	0.361505326601716
20260.6565395841	5026.59553159679	2.9249923850668	893422.121680803	646690.089307397	3.44820554056454	0.280315387167511	0.309105350357889	0.335604626800182
22464.6883483083	4521.37103184996	5.70387236179138	929769.627541845	583259.482446946	5.55418571294406	0.279529594779987	0.308142137427976	0.343292994454977
23149.2234054841	5075.81396133865	3.5037615508659	974160.574798989	648743.877407455	4.61468789325013	0.291731493875191	0.322975459077846	0.351928583845451
20780.101172392	5259.0594665399	2.40920829743836	1036350.98056933	725041.134042088	5.17025825362108	0.282891789250804	0.315702385173488	0.34108416579736
19580.3908332995	4528.74604301796	4.52763799237598	725940.173934257	606970.396028652	3.74572855492245	0.268296181358291	0.300061275111069	0.332597616331451
24504.7241948907	4881.85248840221	6.57802600793948	1110469.60352417	648746.416961824	7.10990582771658	0.294048446686765	0.324840689710929	0.357506199715842
172070.22406918	4925.73403105403	30.0391910944739	6275760.26225276	655750.834856636	28.9536878452646	0.267267154632768	0.30796643741863	0.354148814372419
18132.6030161702	4767.97343811794	3.91670750136046	793983.898594212	629816.008186765	4.30593953156266	0.303790211767626	0.337722460365955	0.376466038511316
20625.4627272667	4884.86017875296	5.66341499957829	1068334.38085214	622021.510417886	7.16996811089504	0.328413330128125	0.352258416144723	0.385203353845806
23129.9573958851	4943.09507958141	4.35531673426243	1046374.43050078	654238.842145766	4.92204806765564	0.28728350700292	0.319976062391088	0.357647274170421
26492.9469790368	4795.12801393375	11.8510723519433	1297445.30313789	651331.709453366	14.3461298904763	0.287338240622156	0.319966564494749	0.354137409646944
26038.9132960752	5104.22488992565	4.35651194464788	1002193.60881824	678854.839105199	4.60138157590627	0.26355120382157	0.304245604213189	0.350207363285112
23167.6917879988	5254.17192317413	5.3434294364483	1115623.61392777	678430.921919926	5.89742842435729	0.290509415725926	0.322787091323897	0.362653968238702
27187.2724760851	5157.98345532535	8.21201547579681	1417681.56178245	763807.75816059	7.47602173637385	0.309050784338552	0.338642872727238	0.370457501439436
32240.7029330301	5016.44928346234	11.798844756715	1298727.77163813	669115.579711142	10.1094245639823	0.295992437730193	0.324547503692037	0.352338504939812
31339.3142786148	5094.0256393781	7.74539344059292	1576012.89327472	643185.398504261	10.4980817164914	0.281110195322836	0.309697177468294	0.344908595217367
18641.2034434031	4825.00208593952	2.98278264394313	880896.39278634	676167.046175965	3.81812426254484	0.292545899917692	0.319521615552273	0.361032944754827
16815.9763585237	4802.98819554006	2.58540015661629	1034457.24061804	661262.380088893	8.69168833220071	0.289413343988623	0.31833758320557	0.349435681155877
19571.4918393693	5199.98983785021	4.6676484043062	968829.521372583	686284.410896411	4.24407248714138	0.284205613819117	0.311016575716495	0.339960920197202
27405.2227454803	5132.40193346306	5.89460344283962	990557.813244776	678318.99421288	4.96810280988634	0.274163396035702	0.306687121691939	0.339252934090638
24815.2357454208	4648.55784459618	9.41739983067871	1206417.05231502	595011.655366567	12.1665676587736	0.282976672208085	0.313892169885416	0.333671678170531
16758.1600216364	4766.15100457378	2.80145426910979	729837.393580762	654311.432916823	3.62703721058128	0.342671194554999	0.367278919596485	0.383776993080984
17849.4773269169	4698.8354636481	2.73684873582407	804554.761008318	586938.589508309	4.68709011635134	0.281192810926099	0.312046604478353	0.344863027992478
35900.0927074516	4906.85299525977	16.0994184949864	2491386.85839507	624325.47552331	17.1634420924454	0.309147776672949	0.34037948020938	0.366489559795414
20676.0627786929	4838.83376540773	2.96657185156806	807489.100142509	600510.267548984	3.00456003094328	0.275975993427697	0.306001278844656	0.332033523538804
20487.1465409919	4853.20419108799	3.86372141994259	926388.330612793	618434.704170738	3.72975102488626	0.260699950830095	0.292544838465295	0.328755452446709
25510.1925804476	4885.47902612342	4.16085768426677	1005747.2902331	620916.394117094	4.59096393048298	0.320982674762295	0.350261171907154	0.379356879920044
20526.1037672205	5222.06312190997	3.64179375515887	950699.798072808	658579.450437236	4.21323693025909	0.27058924971411	0.297562492983019	0.332752951702406
22389.7212738067	4948.27459990847	4.77840741779119	1097742.6346263	673642.025217798	6.70014461488613	0.27667588837921	0.308290491911263	0.338726878124254
19834.7060684511	4574.36184139313	4.75931011060818	2006603.45932289	584263.737637253	16.5203005438042	0.274532598243474	0.308256064666593	0.348552472848343
24512.1223614502	4602.64937070962	6.47841570268372	878089.51596972	600848.384934093	5.05775938065949	0.265458278338796	0.298590314251321	0.336848309620364
36399.9165955762	4859.26664397857	16.4696664013857	1613676.37377746	601740.320311365	16.0507340901773	0.313599862147514	0.344957983205474	0.373055140142472
20943.2635144147	4849.50006612273	3.69894179656521	970783.688676281	583901.985344449	5.14389182930812	0.29925082769466	0.331693927028845	0.359620855524063
22728.9835648656	4828.84520804909	5.04624269611556	801105.872289535	621386.677541094	4.36294510451087	0.279509739102576	0.312358598268301	0.349145928180544
18543.4245899219	4732.54080104831	4.4283769340898	771368.397129674	636604.444154599	4.38524256025561	0.297820292754323	0.328421280698107	0.355676085788079
20111.9634337218	5068.11445881654	2.91645096142133	1008055.65905163	661558.780667588	6.24240601260207	0.284146127423324	0.317234627465396	0.347599152388894
19455.9676489483	4769.13816052589	4.14840412204657	924845.68898585	593338.280677286	5.59859079570368	0.278622028837007	0.311046086060132	0.341602827944678
34092.89730497	4839.15665974219	19.259994099949	743260.852680428	642400.174455192	3.89672311432253	0.287854981449344	0.317705727845288	0.343245345343812
18677.6921933524	4880.36419090671	2.82802122397578	751538.878385087	617338.793261292	2.99537600127302	0.312749394285784	0.341188107837594	0.370581900178327
27333.1369143567	5053.31869952548	10.757619500634	999108.930795482	685410.1908599	6.43274107159603	0.279841001806499	0.311847885349759	0.345912254132933
17543.4123216145	4721.30957252538	2.11522361274472	731067.984140896	601938.067150683	2.46921325163508	0.287599836591441	0.315554119919612	0.35101975013089
18342.3072090996	4856.33030155448	3.86037326727477	844841.400387899	688790.088722548	3.88162759957533	0.293781744896404	0.323061761957573	0.353680010697645
14125.025981296	4489.61454525123	2.51021802432023	728144.018000547	621058.547658734	5.16093352775498	0.30439982231769	0.33153301891289	0.363496198235933
24437.9606116884	4741.64543935191	4.99533857915927	990590.051822567	614395.529432325	6.58567052693598	0.281937797155634	0.310972355432942	0.340524494722192
20961.2776422725	4783.78095131278	2.93969868661013	970445.993146455	620272.329373166	4.73338551003418	0.294050861562665	0.322582126470132	0.348277780173471
29461.7273975942	5113.45456468987	10.0518624832708	1180154.21174418	712359.732407094	7.93387118602598	0.290791143421623	0.320699528383721	0.352139806189988
16164.889635857	4683.51811891901	2.37468565733397	759734.258671252	598153.300662947	3.80832918382642	0.281390815362978	0.30919402722387	0.338314659981621
19213.9353505515	4875.37410246985	3.10849753939253	843811.842408084	618899.259309041	3.30091159043855	0.327078356187912	0.353789995535008	0.374260092409493
19524.1735167286	4759.28767044981	4.58142590865065	949507.088773082	595104.213561733	6.49512326533418	0.285811328509979	0.316866355863876	0.347406123694038
22595.3554851373	5052.81501100555	6.92232191830684	910848.2373843	678553.667182051	5.32132035284188	0.28129263457806	0.310530994603238	0.352999545900851
14635.0551706215	4605.9129675098	2.71301632676191	751977.988804841	656408.671251722	4.58354089224555	0.278483835884557	0.307889850075514	0.34117180798453
20671.5569709017	4760.0241194358	5.3676326424801	987625.663150846	640944.014239833	8.36569324181544	0.317065845847736	0.344834629021239	0.373655871983247
18231.979933173	4849.44828318886	3.04328008630665	826621.241074926	624433.015473054	3.92298620691773	0.301233062452436	0.332454230731713	0.366154021479611
17635.2027795362	4814.90517242336	2.86569649714676	945652.311760211	621290.221288217	7.18133884595061	0.277020661294159	0.317316812842536	0.353938765876321
19325.3654712974	5025.86834616981	2.43800035731494	1215532.02489419	664940.21230706	8.05215169282987	0.310802680945654	0.341675099165007	0.36742754597367
21853.2425855733	5342.52269749319	2.67373803353361	937177.760790811	734760.633340333	3.23602191441211	0.274472359980141	0.306492865151606	0.337662915413441
17197.2357040755	4510.77096553776	2.61381241432626	709962.136305205	576203.659043856	3.35038734371232	0.298398709304156	0.331386238661923	0.363259607900453
19965.3790465286	4690.42973596801	4.30736633916882	943678.943016442	653375.18262854	5.54385765139335	0.275905744089252	0.309001651374995	0.347948570007483
27122.0298713684	4696.93323091149	10.649310408833	927660.489493603	577224.132145125	6.31771597300628	0.275619282124404	0.308834894131523	0.33731553708711
38404.6382061032	5504.74341621672	7.73380656080722	1541894.63421346	710756.378193295	7.30655667028909	0.280310309784233	0.315569164232696	0.351525988249053
21439.5987048948	4835.04023079482	4.04107321560955	898801.438169472	635831.553350536	4.00717474030769	0.306362005025929	0.338329342127453	0.365756925778184
23069.8859304776	5669.98762835199	3.26209398082932	1136000.8628963	784002.303534933	3.69679627834678	0.28190267637267	0.318922170404625	0.352569709674073
20681.954997455	5259.05589468925	3.21507228015617	834187.174435298	685071.54595924	3.02040589453561	0.262205752966964	0.297344798200136	0.337116027530727
22948.5506027997	4912.3791387347	6.15252573296456	937868.006654614	654998.628675446	4.75577453456376	0.274346491063647	0.309117041670496	0.343172503389476
26469.383589273	4880.2622647915	5.60111907784501	1178816.02171339	652873.155549726	5.52152475024965	0.29951800482279	0.327164157599994	0.357633890694895
33497.9583795226	5569.98771541897	6.88470760710035	1113834.55955648	715877.594887175	3.84386796909551	0.294071176205801	0.324607309162566	0.354130586161321
21312.2760518986	5547.54633863899	2.40853912338738	992380.602290743	716663.529396898	2.98753121459638	0.279219114572708	0.31229621656998	0.339089284528423
29946.0374101078	4900.43283201803	8.51945946935187	1401615.0849044	647911.380549484	8.03976755190273	0.311292931909091	0.339019604141441	0.356395631816087
22348.1751278324	4390.79766279337	5.55266404231165	1099687.73988311	518826.088569498	10.6871486639586	0.277496067771077	0.306818700069145	0.339776427749557
16707.5357116894	4963.84386945464	2.31925456512705	815166.448085241	635963.909625668	3.06769777180043	0.286410464456144	0.317850714746002	0.361933523408495
21819.6694347938	4684.87417797828	4.34945575624777	825170.073684341	600873.269935282	3.44028537773296	0.286200365083251	0.314344012551033	0.356658272154409
16442.5517993729	5069.20905359845	2.40091205539789	759077.366815156	678633.137555893	4.28686169561356	0.291476082228515	0.317773937403099	0.354876815549926
97365.1422888753	5385.14901453726	25.6572195037781	1330916.88270896	762594.773289555	8.85980200525839	0.293553328319412	0.322459254395448	0.361984617238374
20036.4030142446	4870.82587393957	3.85038660887592	944442.014402851	671441.767925008	6.33619363442721	0.279216023552586	0.310092568902884	0.345088527225172
18103.4398362209	4988.23377978799	3.10941586079413	843811.892563133	635988.647525775	3.78814920672055	0.270746061897532	0.305509777270187	0.338088138716131
19325.6186787936	4573.43779370996	3.59304477904619	824257.916680205	585147.531930296	5.5387640555995	0.319044719463394	0.349799962297636	0.380868152276778
20023.0924911111	4914.26904143116	2.94967896262479	896532.820694133	664069.848482721	4.59156185059074	0.278854503119122	0.310659035492645	0.346905694803216
16518.8678542255	4831.48814380636	2.90891461582997	713246.492320598	629637.123788321	2.72198560943663	0.297818849222748	0.327356916256252	0.358718169265767
19178.9116627924	4796.42340114583	4.1561366388567	877516.752194922	632166.403985535	5.63632079648092	0.29401922186853	0.322326222797079	0.350551461312473
13771.2074758928	4832.41289473761	2.19924506984568	655540.325283595	660229.387053716	3.57462510177342	0.259210217690197	0.29091169444121	0.328080844965532
16918.4412515763	4929.3767410872	2.8860871078012	750812.81311626	665596.88153212	3.439688414829	0.290822929519222	0.320247627432134	0.36289191512291
22451.1156862499	4709.20616440418	7.26237465012025	901670.167605539	625218.288787248	6.14635642167502	0.291038670106776	0.321945962934173	0.35754339602082
14234.0141928741	4980.00121899927	1.89240076920862	632968.230023024	646176.044687639	2.95329602237731	0.286631145679118	0.314307861678944	0.341251601703572
19757.2440421242	4812.67661574476	2.98290068883369	964632.160049067	600473.063604876	3.97022014418758	0.354056375022324	0.377546710385106	0.404861666002152
55728.1434733664	4731.25048346763	22.4489450961042	2434896.53365666	686606.170071602	22.8465709892715	0.264936023463407	0.298327084306263	0.336872191689909
23636.0586261454	5060.51949997444	3.13416589793626	1033414.67985624	647053.618690273	4.53747434202172	0.286728629482363	0.319458327011725	0.356147256585081
17092.7286318927	4815.43972769951	2.95403104047405	733273.157727593	606990.938022338	2.71367779366662	0.294366191391856	0.323568091122074	0.356881045624765
20580.4883742617	4777.99473290357	5.77011818454912	996281.011384332	625217.925521866	7.02025987469207	0.300740302810797	0.32947099929717	0.356634616361562
15729.8320809555	4367.77655778684	2.98882642083645	746769.092045922	520762.647784371	5.30071012200089	0.317385379697966	0.343175335001753	0.36525931850237
16795.5182123734	4701.07151088048	3.19320212018068	765516.761669611	586851.796368252	4.10399501183573	0.251417425466409	0.280467482377642	0.310037455321809
21014.7667493502	4745.59729688413	6.11205645514319	827627.430004891	629576.855671322	4.66626613827499	0.280400446316077	0.322567576964001	0.357555716515683
19228.1031897774	4563.01394507255	3.25371325252258	784058.660821574	562929.693089901	3.66390616604956	0.321040431000469	0.351010034665055	0.375108938958431
29151.3940754004	5148.61399111593	13.0003092635931	1063534.8292394	725928.285109599	8.52312878528531	0.30187101076874	0.333270794824989	0.354996446785679
22235.1672213893	5202.97883878399	2.99735829138968	1282130.08492387	688760.186964067	8.02735568717234	0.296846672904439	0.328084967329119	0.356409721314338
22254.9611288256	4924.31382070423	3.26370361935241	925295.872740606	623390.283711158	4.20033876037589	0.275810921409462	0.309274998156723	0.338480667912168
22823.8308277146	4880.85305186	4.64898739468462	948809.172024436	645629.17287367	4.78643884396844	0.278725955494677	0.315771233405887	0.3485679326044
23139.4693568388	5144.25283547338	4.1897388896438	1084992.34926044	671689.491753772	6.72238319097675	0.282330868063334	0.312834808921766	0.344112871409436
15617.3429577966	4600.17583756619	2.64806910774727	732711.597861419	637956.780039032	3.39506972007618	0.320140546224314	0.345170516559301	0.369684807782234
18144.88516663	4625.90776432275	6.88904643414911	724885.553996457	582627.914368043	6.06419416652174	0.284278375757052	0.313970735612257	0.351216142293331
18029.2587843408	4914.90980711774	5.45025730504989	833726.615502514	696452.197541807	6.12090992008935	0.308691268989088	0.337159230120339	0.365994310667919
19189.9566874295	4786.82104552526	6.71157812841797	824310.933386417	629611.419338986	5.55358674928723	0.283840061086189	0.314106699020244	0.347037749451505
29169.1046253003	5314.2572222992	6.37417046984477	1015510.24367864	715232.200397216	3.54601241829216	0.274515545330859	0.307926453884363	0.341474303308591
18304.6569859897	4895.23456632458	2.81966632697702	833801.222652896	589488.815663248	3.8796572747195	0.28343824017077	0.315477254957707	0.341028758392165
18948.935200311	4448.93965091292	3.36070655335988	672254.269916533	602603.719585558	2.91987273474128	0.271290343098582	0.309542269073115	0.342054830170974
22796.0882584926	4799.49440313598	4.51057930772507	844188.920612739	612495.611085765	4.77117165052372	0.280653507127494	0.311354179086912	0.343013039987205
26420.9073982852	4728.00841047568	11.6174238383438	886508.415088948	597029.184214854	6.60059519298953	0.297764916862236	0.329943702122912	0.365463615574955
16265.2469518941	4654.93456004754	4.53599114788891	787319.365803416	634264.180320786	5.53657313575028	0.281748996698242	0.3140548701649	0.342998986778837
21982.4727833776	4882.93733993339	4.29955126181882	983629.238734563	606208.944909134	6.0499074708538	0.290073974165747	0.32233901503704	0.349982263865054
18532.4394860152	5613.81751136322	1.97831389382232	851330.770160978	755463.637220958	2.77315903575706	0.272382757912697	0.303235398870967	0.326874132811536
31733.4007314312	5068.02747110653	11.2897469816443	1298873.28723233	685900.981208649	9.90267392397238	0.276823222996919	0.313651148767305	0.345631355786021
18438.9983449467	4767.89893615618	2.4885827587966	796353.032018239	639431.478310482	3.39882569553194	0.267586088262948	0.298793299737808	0.333467354468649
22395.1193918078	4650.02310231865	6.35530569415459	1095539.63115482	650983.2063867	10.4311149983503	0.301580841268227	0.329469568407574	0.362199088390022
16277.3534517665	4667.53672660217	2.48137930263962	690774.54932278	585629.091596408	3.33013684803271	0.281820142295598	0.311836332040818	0.348505275154569
20847.7716987028	5074.58705628065	3.51420811609189	908804.581001801	679610.321817916	4.2255719870024	0.279730190299798	0.31702917015454	0.355039144583428
19835.445151276	4864.9530452718	6.04163165879594	1041344.26878651	661316.331251205	10.1968895830522	0.30555879466066	0.338069268928256	0.37809381829729
23488.0591754753	5068.27930776109	4.89209081876257	1063983.60580988	675722.243512456	5.87117710388409	0.294292480840192	0.324682776140293	0.350492468954394
21070.2846932102	4901.28521547218	7.54133338435887	832040.704931093	716731.639197863	3.62302382330241	0.298968059690149	0.331746228193773	0.358941460002909
20159.6731385431	4671.58689700947	7.71600459903007	721854.729141412	644874.208974671	2.74959436349045	0.289525010563976	0.321732329560299	0.352299808934854
17208.8500054114	4706.96603092985	2.78999353200291	759743.830298637	622584.648549303	3.93378671501533	0.308651386814815	0.338599787910206	0.364839179285475
17047.9364409323	5004.2921592104	2.53683955522215	823130.732201589	656423.967160492	4.64119041295985	0.303008526365233	0.333080686812974	0.365782035834412
26934.4430418451	5337.90640528764	10.0937617958108	1243435.98493563	684131.086694512	8.20644576151179	0.313197949612135	0.338561036371905	0.373092080324023
18656.1162420964	5383.11580022895	2.75060869725609	882811.759080803	697938.244646141	3.05376142576012	0.308088854531986	0.333042076834717	0.367973273826586
14738.0835169535	4340.00982159444	2.58542773178077	646624.405498496	581876.389078745	4.75489329650085	0.299065856770936	0.329533465325358	0.371489566988654
26039.928838353	4641.03660193086	7.06405159131993	1027024.47359671	584150.521444877	5.9181286908266	0.283886249766372	0.317769590409336	0.348585059848893
21513.0520136412	4916.28880813643	3.65995741419956	1047551.51282623	604011.709091668	4.58714689659969	0.281971126201231	0.308896149965878	0.332658533334627
24646.6454682007	4811.83178366122	8.66534821171362	950992.704967394	636079.974999601	6.04406595939972	0.314513070381109	0.342807147141755	0.370423961156552
17878.0546435158	4658.98453958409	4.56901071269518	836447.028504825	607097.134266668	5.49418441470565	0.295840146385416	0.325517207585202	0.351981253504679
19647.5179743681	4643.66558832937	8.0315744181373	1050031.86482578	618628.143678037	11.5920884372194	0.288123151532531	0.320443230100822	0.344762643762717
19433.9658889607	4714.23573618141	3.94627624351612	777514.461705429	595797.880955331	3.77933072225089	0.266379126125182	0.305286098001364	0.344460013784032
44009.7450678362	5118.60570321292	15.6319066714601	1692683.23985591	785377.272377945	10.6862045554735	0.286803613432275	0.315978242616576	0.349930119796777
19276.3511595089	4459.38555542372	3.88699291334142	794618.976252377	554943.79758469	4.0341150524185	0.270245651175034	0.298671413064086	0.333867631902194
28291.4573025609	4741.42917777525	15.7186521532821	838655.203487421	649177.70906762	10.1375765093117	0.307339433295325	0.339354514226396	0.366051958537849
24020.1325424704	5274.62791817739	5.9957909534999	925420.540180823	672183.169339814	3.92300390156037	0.271718878532599	0.305629396369643	0.339117642577088
19094.1987350052	5006.52958786648	4.59260429775073	824561.94962534	637944.528040438	5.16310450870729	0.295250982508606	0.325204129901739	0.347926277750951
19433.8311704714	4922.62674403847	2.85864462026368	803282.235426437	625121.365578061	3.97686319661697	0.29646446394598	0.326611608321682	0.356787892845956
39177.6637755802	5048.44147845308	8.95174714125083	1276054.33263586	674854.956276633	8.63081377602746	0.256923282062116	0.290300284165401	0.322354180727182
24257.4764410039	5759.7017933539	3.26100499959376	1253510.36011592	801475.649057082	3.96661545556909	0.273366349656418	0.305560780384665	0.335659933394855
20028.1829140455	4641.05790462714	7.01733395207548	701799.962269735	584856.406510165	3.80247622821435	0.291517585120437	0.323302556187476	0.354760482571048
16706.1830232858	4593.39971744453	2.90498606381246	748297.583536125	657819.337680637	3.97391514431502	0.286814223898787	0.321962774052252	0.356128372423308
24784.8665417458	4863.07540002402	7.30510638236772	1127420.81968781	625561.449407763	7.97070476890032	0.269686101448999	0.305810357657949	0.340329040946129
30430.9870888606	5011.68346222046	4.5845543581386	1207787.32180668	667932.655431154	4.96214159138056	0.277498682332895	0.308556865795612	0.338886032624991
19862.2614413138	4983.21670916176	3.50496352501543	1041481.85180306	669716.283410363	5.0708803833041	0.290123570534229	0.321432014258065	0.350761086167237
16914.6993395845	4345.1716100222	2.68952341576311	732365.121051706	550622.502510486	4.67158647825536	0.307879638651855	0.340834012387879	0.372455213807283
19519.9138013669	5024.97902038607	2.57277973299836	1039635.25199378	630857.98778005	5.59513184634052	0.2714606513851	0.303701549922809	0.338799988495363
18946.8364957011	4739.03495339526	2.58328778062436	849727.467431119	622658.251427039	3.68856160959691	0.269569528918966	0.308511503079144	0.348133657796591
26184.2690012421	4887.81904228641	5.35793752251551	1213677.95768061	666400.724627833	6.06875308607339	0.243936215242503	0.287673214255554	0.32741299426588
46880.5230898012	5006.51985039115	17.6979809845834	2070079.80997312	671052.884973492	18.4389601182318	0.277452384060822	0.308310826049857	0.336221772050285
25515.6495701798	4682.40536796206	8.44714458521277	1210252.07351321	598200.351939715	10.9826903683637	0.279978954455337	0.311939082705842	0.346939837088299
16598.0595269143	4399.76054094686	3.79744105008526	799677.396752007	556968.064404802	5.63441916141212	0.285266164679006	0.317484962046491	0.350338543050037
17457.1224561234	4518.67176401525	4.13125854654096	883004.589353203	597795.383727358	7.60611247643043	0.289576826654109	0.323089836148891	0.359920051181602
20129.7430528491	5290.05922035838	4.18701566941332	926863.864579372	765986.490528204	4.12148621071989	0.278053591376505	0.310027930901907	0.346181956572114
19209.5074059965	4610.76993475223	4.37832930060371	1020519.81156122	568718.344187672	8.56829900669227	0.271509060292436	0.310170137263176	0.356270526428389
15120.5238588355	4869.01701780893	2.19607538880751	745161.511242799	646981.831236994	3.92590917838321	0.268925162159768	0.292711644911749	0.33292255817322
18045.906015327	5159.9905123909	2.30385680314752	895424.621180838	705923.520989893	3.34910054269263	0.300399617548247	0.334248511169857	0.365360728562239
22962.0859375253	5326.01728789793	6.44853092269841	1052994.24695182	702171.212661297	6.49758017013926	0.266942859233141	0.302131988586802	0.336395656018643
23058.8372887476	5036.49731176996	4.28432230659922	1044794.84306532	652003.437402489	4.59076635487142	0.29789140494479	0.33053202398407	0.359134219432146
16827.8864351576	5040.79580853614	2.4294289062464	797351.721430464	690045.737154253	3.33938560388618	0.270301355328728	0.301243576629411	0.332647656546818
17246.8945595806	5014.16960970933	2.73375449727634	737987.533804723	669808.256208763	3.07737537585581	0.28938909755348	0.320639679296054	0.347496382563934
22913.1134763256	4762.21708687243	9.35107812429671	941198.309013892	667525.401954762	6.28947732784102	0.269508407170832	0.306398337369319	0.34410830163822
18539.3812258793	5286.45018039841	2.880551283413	1086738.8750344	730833.658817093	8.37920443601806	0.310162617798663	0.339360201233549	0.369378093415658
20482.8621084056	5229.94164006908	3.38591776846936	1062528.38025818	738587.998741476	5.30872436552548	0.279570957126024	0.312078875524162	0.343910114320867
20594.2029991856	4563.80650775963	6.57976575338301	886707.354986327	613967.681205578	5.35648354965472	0.281390828591674	0.310020263191976	0.334885546011062
16159.9838152652	4612.79551259059	2.51353827178295	803751.519049699	620366.615994903	5.29675949561682	0.271013033968131	0.298426687244893	0.337509198500717
30296.991608574	4984.60365289867	8.84755098828818	1260452.20977804	659349.243340298	9.11521876413353	0.258863535429019	0.289235756976111	0.320695045744391
21438.4287801976	5028.70883320476	3.26628239222517	891468.250826674	621522.457948276	4.32096380895451	0.285944431903295	0.318131541417854	0.345737199439802
15693.0295323238	4992.98857825889	2.12410666606997	777585.91126313	716072.903124295	2.89756287920112	0.30753918342196	0.340243150055301	0.358000251995686
22202.1035116783	4812.75294056089	4.79475865348243	1081563.89213247	614400.53484727	7.29609158570946	0.330812983030037	0.360409026145572	0.385800019217978
18383.5667489579	5019.98038050639	2.39393531784049	956572.764880698	711965.397840084	5.91600444607063	0.316312764052232	0.347059367192447	0.374830344101035
58876.3906254902	5296.44848408734	15.7624887151448	2034760.53613424	760379.211455339	12.4289811294974	0.28758705194167	0.315856644866129	0.341721827432744
17834.0031707996	4775.63173718065	2.86547483702529	910814.098040961	735628.702436901	4.83828399292326	0.282846517975165	0.318398554644285	0.346589034278223
24883.3946441679	5358.03868428623	3.65840301212107	1203967.7994446	710159.89347009	4.35208241977911	0.300381247456894	0.334655545682268	0.357721318814509
15552.1857491537	4260.16538776343	2.92808031344662	594839.452127615	528312.385727232	2.84879356644378	0.286953324110503	0.31977549350547	0.349030769846797
31519.4755186878	4845.04506141375	10.1081816421645	1362377.52065959	619822.601233566	13.2141148919193	0.277586068608375	0.309693801216701	0.333359082181252
26189.1704376008	4679.10713925282	8.90766448046502	939084.728538938	655542.131043248	6.58755764964645	0.287178142997657	0.323850658263086	0.358186766837141
172198.397640612	4772.40643925522	28.9125636257388	1805425.95648019	638632.434916385	18.3176709109972	0.274300057459145	0.30662915090226	0.347428864272533
15885.5191146349	4979.5625825046	3.03158829717319	873242.168842738	678474.048103996	6.09018456232604	0.273906427088874	0.301461325324289	0.334455797164844
21322.3169109282	4813.58215204342	3.95293898946392	1024353.13539149	662133.050993244	5.61361704417404	0.33875441811611	0.365965970014374	0.389416835066435
14637.7475827553	4899.67994131906	2.51683500650501	737491.714086347	677204.745828247	3.46803696200859	0.286106066645004	0.316108446617658	0.350211173607719
77602.2592877443	4998.85521622533	17.3173476020254	2197117.64833138	592425.364895084	15.0810644436523	0.265967300509459	0.301622974638633	0.339555492774717
16526.7473504588	5247.19013871149	2.38250122410126	781363.720695701	690788.83752544	3.33487673582938	0.294420829587136	0.325520942805951	0.352419335230349
21864.8828604851	4749.8762827323	4.01630229299667	929912.937186591	641862.620941618	4.70037461073824	0.276164112488643	0.309291953015381	0.346435005861097
25747.8228824551	5113.12877057416	5.65079332248211	1335912.47477398	665254.202318316	10.3220651644231	0.264745976775342	0.288776627789413	0.324500836034523
27717.5671756718	4859.31263669723	9.81644060464513	1246892.68285627	646222.900092694	10.7545625208316	0.316761689314077	0.3433023383101	0.371107103656649
59721.3554677589	4864.59384153015	19.0715559187435	1510205.38808493	616755.736721984	9.95559038788432	0.302097549864918	0.332844119692722	0.361251706396565
15743.2977168953	4560.11345187161	3.35775888406842	604006.106039003	618099.25247463	3.40651251017711	0.277790504926332	0.310601676022792	0.344641436672935
19695.5203160423	5083.81489107778	3.87668328878723	747924.833384809	668389.513650378	2.54213040326768	0.296541634233173	0.328063029798686	0.353775427695777
21121.9201284631	4882.89008800857	4.47730006270482	940861.923553423	639444.892030376	5.0403813712905	0.315275762449047	0.343788546935982	0.378023260656688
35768.057841144	5043.30467119312	14.9911230671123	1244617.18438772	653240.24296053	10.097714719582	0.319062384279201	0.345070639815975	0.372612414181983
15958.1580408765	4482.17419767778	3.15258069058648	601922.269529704	619277.245933257	3.34858825874675	0.30016487144221	0.332843418040065	0.363912543509394
18897.0514382591	4805.91308184025	3.1524413192306	921332.635096653	636284.272219534	5.19751416207057	0.283006488024772	0.31662263561799	0.349059628985711
33372.1078008387	4844.0635102708	10.720467354278	2032750.29480666	670432.632289976	12.9018181679307	0.288203450043254	0.315437297646478	0.351030534984124
21117.4903278524	4772.73623151795	3.44018170995291	1037643.40523526	662560.936162956	5.44348791826888	0.303168635862598	0.33595375656102	0.369199622338362
26314.6347221613	4905.41448693157	6.58947755279232	1254325.08458677	629227.875264153	7.79060374469241	0.261208344985065	0.293523737950805	0.328775536898079
24437.1350004	5133.23624984508	3.33599973949699	1355786.85893652	673769.781709985	7.77801959822159	0.287766406251315	0.320910504329478	0.353109595589958
21101.898413589	5031.32748846671	5.20449897576405	994998.610298628	675730.906309583	4.91065417264989	0.281888599315373	0.312243608465521	0.345995856552287
15259.8067866048	4622.84640483896	2.50207353162701	666949.370994768	651992.976860007	3.57279997097131	0.271173171472315	0.301507532055652	0.332976872153551
22823.8941001453	4700.68611585829	7.26896869151249	987967.370064919	658590.769728984	6.91719318891308	0.25706216564353	0.288050680192508	0.330110452526121
32045.6072853947	4907.84405441428	6.71502445871881	1033616.74088618	643663.344962025	3.85252253053915	0.270902783530199	0.30148800389008	0.336743740538918
21053.5495451958	5210.99399999448	2.69976968184667	1112382.40792812	766045.700284693	4.77229803911982	0.323177995105749	0.349690249610534	0.380450948169167
19016.2803646689	4931.83382089326	3.52459204068264	975790.932939166	672048.99823554	6.60733786357357	0.276995841043437	0.309497713409078	0.343318670096004
26259.395945195	4639.40473351976	5.20811241449891	1135581.87903788	633547.947474175	6.59009707403871	0.293174033484744	0.324525283712129	0.357097328906546
54220.3284317428	4890.91331755094	18.5769915745489	2342957.53643963	689360.815913377	18.2355001710086	0.319311563805695	0.347745345770679	0.38271683089235
18450.159325438	4843.63339954775	3.64265110573759	880359.345762043	595655.548018296	4.92479157386143	0.263725089950283	0.301904523052173	0.343535605171445
114009.663612465	5046.67742689188	25.7209710071784	4091990.64562116	634589.496092705	23.2213761495572	0.270492917800521	0.299486642435739	0.328881470070717
22162.5972828757	4568.91205954642	5.45693925923708	928189.00766708	616176.051809314	6.59491013431533	0.269063664218865	0.303667619559365	0.329908240374751
20171.4472284956	4939.93203122587	7.91124659336377	1066405.25222763	705973.858000751	7.46981782321892	0.304041798141333	0.337572477895552	0.359519666299083
26765.3471513629	5011.72927575155	5.48472686891642	1031950.34933291	647055.732470531	4.69110103704978	0.293073291266209	0.325855722494026	0.348547226096264
22040.803658099	4928.4466660313	4.06590111942289	1134817.51058911	679587.908083645	6.22520925920957	0.315684835239556	0.345998034158641	0.380344776780372
27346.8522590357	4922.7556597875	7.37497945114105	1274350.3793639	615647.737211708	7.87851958753912	0.324665290897582	0.348561391474211	0.381045021271493
14878.5932496601	4538.56629656473	2.56291938616385	836208.290382866	588043.542701392	5.30412552257253	0.300164531226618	0.329926732058696	0.35299817542655
20909.2392509307	4781.52869741452	4.33924403727935	863167.983397914	597450.959154544	5.66751931499404	0.274431441963218	0.304580928409414	0.336929958008334
49990.7970692113	5207.30829805763	18.5922843857814	1597963.29047919	707260.703443024	13.3208577174098	0.277743051332831	0.309002371153718	0.34438506872428
18773.5209053365	4791.79257795009	3.01319407571702	892760.002440418	638953.529645043	5.61338106589361	0.274939351148853	0.306946211563676	0.345372297911295
21984.4440714075	5111.04123426863	3.94463299698632	1292812.19716027	690082.751823796	7.96170006200543	0.284236394072386	0.313271329668166	0.349622742950524
22787.9445884298	4895.52206577121	4.76422803607794	1000402.50618758	601889.959240036	5.60866929097294	0.266270491040479	0.297403135564755	0.330928046729381
24014.6949857563	4676.02826544504	5.31295016006022	883324.300239619	630498.807895228	5.04405468653136	0.32769663627987	0.356485893347549	0.387029325983708
19533.295168809	4933.58249436048	2.69297269066859	872926.753207957	627730.99887487	3.99215338509072	0.291467626559129	0.321153191071843	0.357988596874385
20505.6969405823	4699.51822782447	3.01087010301751	862144.614206934	586624.16359626	4.15561303490065	0.265821185550218	0.297851810417922	0.330472186892333
17894.3663791706	4668.51710643884	4.70273163332822	769882.124953236	576711.071176942	4.48568798045664	0.29803103710166	0.331637842871475	0.369914275024584
21098.5936320125	4830.30477772445	4.21669493497492	1101751.10386722	685713.426259408	7.62117306812296	0.27223714060078	0.304390227483608	0.344232247927057
20744.7336221597	4438.31368033654	4.3333056995705	874693.072668376	560559.8528339	5.5642149173289	0.282301671498937	0.314660378260817	0.343564608758094
15206.6319487883	4712.21472278582	2.5927649865641	724671.238210032	665561.207694447	5.82018202808851	0.294064714240961	0.322830453816713	0.355216342061757
15089.7953107121	4713.2986961722	2.69523872107263	610787.329171475	632738.937509597	2.97638292938562	0.319841968848399	0.34648448040644	0.37496007341586
17180.6094571446	4800.51427048579	2.60963068161994	711746.552995611	620148.859405431	4.37269346541157	0.262443694079047	0.291898364881256	0.3291431939856
22761.6641581598	4886.81703654482	4.15239992567483	969430.443042067	656893.213195101	5.0240369717525	0.278455506236125	0.304422016513715	0.337809053110754
18867.6540258266	4938.39108948469	3.16915739502185	924657.662205828	640449.610608882	4.30830406189027	0.264449774578439	0.286346082963773	0.323661589931771
17217.3993067037	4655.10090311533	3.36766145865182	703487.690424826	625031.240059244	3.73150762745742	0.317941673657296	0.346750004376041	0.375111747688018
15686.4929539362	4963.91191553591	2.23731057596795	747704.011358345	710876.683780456	3.15465836969073	0.304619848839586	0.33779039713174	0.368157400244462
43852.5185585032	4946.6635417985	13.4866547997172	1937972.02797207	697891.146895829	13.4717776924782	0.30481554626056	0.33408440894461	0.368451021475018
23025.3094963709	5057.7650269248	4.46407920134055	1093959.30491505	718099.477294061	6.01278129352491	0.311183552419231	0.33999957749226	0.364231113308683
26327.4841797527	4736.75879799353	4.95183175288482	1443996.42837117	694317.385415708	10.536950875307	0.285563463884429	0.314909580140546	0.345566289613794
19723.6622755489	5270.31839705391	2.80891400361252	927481.659301163	737263.100481224	3.20085221263591	0.273569650856599	0.301099115194578	0.33789633641205
16663.8974313981	4846.68576266661	2.36176885328063	717904.240990785	648345.581862452	3.17361323893874	0.292323642849049	0.321982133871864	0.34991809491845
22050.2130896804	5575.39402235102	3.23341067664912	1095037.64066095	733128.881054322	3.4611997579642	0.279854672560892	0.308618440591683	0.337062340232247
21855.6225463756	4474.69750189514	6.52319559294239	946329.908449823	628365.005796205	6.64459080653283	0.300736214138443	0.334983855299521	0.363602128846552
24456.3942363181	5088.48148304317	4.32992638563191	1009930.72167132	648045.16053818	3.97164446633623	0.298852072079313	0.327137313570447	0.362232936314457
32493.3531945255	5058.55749162254	7.77216130105273	1476170.77144058	638786.444166055	7.98601162619877	0.286979082109402	0.315420005136429	0.353658291967917
18302.4524062878	4979.33143179245	3.10602969968657	876341.10687976	648424.069290392	3.50864622451863	0.254966058839947	0.288894086790833	0.323754720569262
176557.51183414	5118.914505898	28.6764211793284	8082007.89516787	669741.403460171	29.764380617186	0.281168514546003	0.309744233806515	0.334130329173877
17845.6468735381	4675.36328522195	3.83875763934188	785759.335922856	626892.047790454	4.5289216073121	0.283662565093098	0.31369311377519	0.346727067579333
99024.5493976608	5081.84392030143	21.6770729426423	2336109.8313661	684381.103051545	15.2425105930445	0.315435048582601	0.347097459059417	0.371763769714104
18733.1250182591	4964.22477369263	2.50514931572908	855544.641921156	632059.037274068	4.17791289673313	0.265050084868045	0.298103644101874	0.334223549270141
19419.49672237	5244.21147165884	4.35742580089005	956527.881884902	735537.290549044	4.28134006634074	0.296637193593676	0.327680830402576	0.358825143914452
20838.8553578482	5022.63845574876	4.15504672906117	886979.025265278	687708.903818905	6.05807644972622	0.325221342218556	0.353857494013435	0.386546860353031
21310.8338793486	4858.759943573	3.24108975379462	915742.802047949	638560.58259087	4.22713485214609	0.279168500070298	0.307425829663326	0.34365724587529
24426.3121574815	5534.92589184004	5.27239526588233	1188277.85050429	745933.419483627	5.84605858820577	0.358400969499318	0.372868837333765	0.380421196544211
17759.4701439043	4715.22870306351	3.77467461222654	692203.857521714	602894.619048806	3.41034387117036	0.261354730204651	0.294999078382292	0.334803106355916
22873.3582356283	4913.34558476811	3.92664553675523	895692.568588355	667726.70913291	4.9721337296078	0.287660623974265	0.316322766540526	0.348449893944334
15742.5627504336	4853.4245734981	2.46104019275868	769104.070105099	643389.011974115	3.90059254522731	0.259043961209717	0.286118225091495	0.326644079886017
25532.15911516	5404.82729139526	4.36483828223723	1255104.47724369	745377.531693952	5.78199871459534	0.278884281456047	0.310722260147035	0.34489386314825
15042.394374574	4570.42788583433	2.08384048273722	700932.045727202	622356.406764953	3.33825651461209	0.272700739209556	0.303440279756592	0.340937341003479
20119.4971099958	4952.49734804876	3.25236731404761	985486.472013774	675098.899951071	6.57435323887636	0.271629909484996	0.301286576409535	0.335213220018486
24928.7508245512	5278.83571958025	5.4645359200318	1038206.28255693	725849.354714463	4.26337541005679	0.273831601995131	0.307765972582148	0.345399930703094
30414.7641738026	4678.78636955582	14.3226304385386	1133931.42122182	627496.881498788	9.99081461223916	0.282668585069895	0.312496518351207	0.351000139195417
19777.0248465334	4890.45964318201	3.07684872881784	1116593.11865703	680498.284073602	9.62546685202177	0.26948309054081	0.30222670809578	0.336507376858802
21899.2521214092	4648.76508119936	9.66837743005161	874839.403810053	615842.438718321	9.1409217265275	0.293341907109677	0.320845065950346	0.357534740744955
19915.9848613591	4854.29898574442	4.54024934030259	1095700.05114001	617361.318851415	8.48120521512329	0.283972345190749	0.314480183163116	0.346680605787143
24307.1549115908	4915.95127142437	4.52068005750523	1057888.63471779	655992.216594526	5.0561323982795	0.294755014836149	0.3232910482802	0.35983468308596
18205.4013613252	4829.55625254145	2.55900581764809	908605.551323932	622473.030477563	4.85866055436508	0.293831021219042	0.323201546359793	0.356242477918656
19019.0718561345	5075.65523689682	3.40513907254727	889592.278817558	643642.273364292	3.86477976716604	0.305564439643714	0.333494310890428	0.364272419815116
18539.4224062786	4881.15272818766	3.26613075103291	780384.091861414	618707.339627815	3.8914431473504	0.293219366974961	0.320293101603754	0.355299755138601
21300.3680435788	5175.74048165709	3.35135657911265	995286.132460485	672561.792429559	3.7465731971026	0.283350829597729	0.31658301854134	0.352851900946231
25190.583978728	5246.65594163512	5.95063804425652	1324602.88316006	693180.842922655	8.90014050284938	0.298442436717788	0.328476362979681	0.360076367471276
16370.8028771392	4568.73367927198	3.60279511214321	801342.801573457	599263.718226967	3.84541223493338	0.286812069158763	0.315943002082902	0.353408102784978
17815.3863893155	4769.74089153801	3.19585896959643	747949.920277154	630071.618464216	4.36417164710546	0.299928322537098	0.327520896895858	0.358179962154769
58779.0617025955	4947.74721294886	20.278010290718	1798006.52852753	663641.228470551	11.3736861483127	0.336459572919531	0.363174344382453	0.388432944431371
61310.1763197589	4760.07670317218	23.0706629494326	2582931.57576118	597263.320364191	23.9299408433549	0.274947283729633	0.308134233828128	0.343221872511181
18865.6480787911	4404.73507148044	5.97174680536827	910321.513742888	621431.560268028	7.8461290622329	0.275476350304182	0.307683241567791	0.343298877453243
20615.8384642117	4637.65237533238	5.65031713970877	915742.275511161	615378.282415512	6.44862501012	0.292403435319156	0.320445680185485	0.351446043010624
19040.5171746169	4854.42419653412	3.90567350973558	830527.467140737	628739.752860365	4.79997615177473	0.291591511926036	0.322187432351345	0.357699466123455
18428.6900220197	4876.47917660262	3.16944935766922	844045.523375591	623144.06111051	3.69555065924462	0.326843699474815	0.34955202146796	0.379150143169085
17425.9110740933	5265.98502755431	2.35749608254612	780841.335036534	712281.772230197	2.96569764496682	0.286677567010211	0.316216324504669	0.346715894508541
16937.5539103197	4556.96740158209	2.63023836670517	751917.752294679	607609.004520892	4.55827221261537	0.287429597345519	0.317711756473029	0.356349546027784
22623.1082552924	5270.48203149325	3.55888527085204	1218133.88293171	725599.611401167	4.96050087612749	0.296706954547058	0.322813535216667	0.359023147572486
18304.9697658373	4873.92613756346	3.40114496253414	829003.163583609	689401.562955051	4.72408420454854	0.292805887250667	0.324388942300111	0.360073683688709
19475.1835968966	5215.53082762831	3.63533629567745	815921.778197951	688106.619749097	2.78404170253046	0.301691886011175	0.332976475175791	0.361510132293637
31647.7409829602	4992.284042445	10.500925217057	1078661.75674592	667029.758413935	7.55233989333782	0.279497450710049	0.310766525123743	0.348575955898938
25777.0851385039	4542.52067894631	7.47510232976713	790908.222840507	636308.733644549	4.71573507332736	0.301422918166639	0.327179127343956	0.36926017061509
18472.6928829196	4939.56948432256	2.98966637651562	973703.993872989	664519.446681155	6.74133238697165	0.2913737966687	0.321175554051206	0.354212048602354
16443.0939038613	4647.03926485452	2.49421792905834	786066.430031245	630391.941096633	5.92754117923348	0.29259548362261	0.320426507530032	0.351990743157508
25648.3521584076	4812.36239079754	10.1184080080566	1094127.81845804	630873.440435135	8.74745592587133	0.300689480491082	0.333188811998878	0.364548131661403
16450.1812066978	5054.46868963516	2.86847626188359	768682.043877061	698511.372526491	4.66372658183413	0.299077373901272	0.326966232101956	0.356710768491239
34528.8499198674	5049.95492775918	13.0101316290638	1342230.21124976	685070.761040049	12.0104549862381	0.267079628285299	0.302847381046862	0.340914617252682
15685.5027375197	4604.99022464308	3.66845584749668	806374.574464129	591437.887406176	5.58926114983866	0.286248104333038	0.32061507150798	0.353783205186993
22803.4022581129	4830.37785613764	4.53037372663955	822106.926246176	660349.952528849	4.28169094955778	0.277534024886772	0.308638175125231	0.344735671059529
26961.2955160429	4693.73268727511	8.44209718342101	1027331.86568405	626560.094370384	6.22173456355223	0.320775072524198	0.347620409664541	0.384172647728636
18658.0409572994	5078.7111931586	4.29378842267253	878399.883184618	651796.386978096	5.01356652987102	0.306639133792849	0.332369117212542	0.363536683785963
30606.9968890796	5380.23090748457	6.12484490598658	1439845.68590708	722042.872552542	10.3608034669535	0.269735138218832	0.302272808869846	0.331544025447006
21409.7463922306	4738.89858126487	3.5710964431213	1070599.14828832	632140.028840042	4.74825916116033	0.270008568659197	0.302999108401781	0.333422899475208
26834.5607573176	5175.14316639293	5.45429657813177	1125279.65985626	691639.631865661	5.49364191050931	0.318093264924352	0.347000919498041	0.36623523087351
16608.7208381018	4488.07563297318	3.22925204617801	791193.536889495	557764.160992622	6.62735581293445	0.288199430792206	0.321840127395973	0.354215903797111
17774.7823651605	4569.14742136825	2.94472896556936	747360.300969796	605945.220255493	3.83446747276392	0.269235921963172	0.303586543664643	0.337132252699134
23491.5317442669	4881.68708062974	6.10806536608568	795456.154612015	719476.352204113	3.19655279930003	0.275915652809496	0.304339514866425	0.339579189194394
16950.7189969812	4973.00478716902	2.46814697697849	810019.936908417	708256.320762085	3.29626430315926	0.256076140463972	0.289692923367843	0.324828978011271
20564.7292898948	4799.33549967831	3.77278510873737	1126607.64733043	652162.681422125	7.0761206357215	0.284204239543928	0.311177226835048	0.345967964315999
22840.7856524127	5155.86373887656	7.67964762790172	1084619.62221798	712861.693353268	9.86259366241899	0.30096431093449	0.327681952630428	0.358017886580832
33416.4367316872	5225.58496132477	7.64219211504026	1067923.18860392	679525.262134411	3.84361233679767	0.264870283064443	0.297128467358515	0.33482354495473
22537.83417582	5057.29798496024	3.25262287259067	961492.698464038	603729.736203258	3.59830224688944	0.273745479630739	0.301478687816608	0.335230031584037
20606.4892434945	4987.21091167429	2.70418488597545	907834.280970534	649623.673567378	4.40053155587073	0.298717422412321	0.328179152397072	0.362865454391368
26536.8065973268	5074.06124692319	3.68196993437548	1125301.70226847	631833.468930958	4.24677772519974	0.35673900920876	0.381525986427597	0.414837036684779
17489.7883928084	5269.16325065891	2.30112058159638	1054954.87563548	748841.033223398	5.98230856503631	0.258034119866161	0.283036118298119	0.327364534567741
22250.9931342558	5088.68382835105	2.66071584558123	941483.696821458	660020.632378956	4.42564460123829	0.274235447418459	0.298772409846452	0.330391981093264
18981.1083405067	4736.08693315262	4.73388118830628	744570.26473812	628342.05398809	4.28131393459716	0.248899288530624	0.279604309855448	0.321275469338787
25317.6880132169	5013.97307586965	6.37913034643982	971751.343095642	639559.106550494	4.53959491752157	0.267772848169915	0.300718855206013	0.336561955577228
32973.7702031885	5031.75459526651	13.3718748134154	1695114.69391223	639644.178205624	13.9517981638203	0.2689895964269	0.29900917707804	0.33909982920216
19120.3174417134	4881.91071063704	3.40695034552428	928204.074987124	648513.70805664	5.01122797555587	0.263651176653976	0.296488723374001	0.338109567657216
17320.5269849714	4894.86878137705	2.99534467409771	835997.273551336	662219.093524103	4.84897432822788	0.290267086262949	0.320140800125341	0.349069186522211
39566.1795519521	5225.70184389954	15.1719135233479	2414382.90964351	728436.291459731	19.2779460127435	0.26312977474371	0.30565218824889	0.343137723018575
21916.6533193164	5070.62402343232	3.67242341282364	858749.834050496	712415.8714651	2.88899484479745	0.274582036777858	0.302270742806661	0.337722993162922
18455.3208187136	4858.20709851046	3.47653578184512	959296.865849014	641375.82582328	6.87392127567108	0.290512440513348	0.318741708029161	0.348916445539115
33508.8741185673	5423.51887559812	8.0588344580416	1189511.63276527	721525.642986541	3.6432635657154	0.283639532630294	0.311533116293035	0.334655046161305
18175.0754753078	4854.53917343728	3.83374377680366	869494.318185547	625861.180821468	4.3873061070505	0.302416753340852	0.33535097022161	0.358974882742125
15723.3047284356	4942.82631770116	2.54504068010318	734696.004491853	645693.971938385	3.48104553577139	0.315663276865266	0.341625688875792	0.36130996172541
26822.4559245299	5317.07249211597	6.14284399643783	1145057.61897254	692653.34312901	5.50060879111409	0.343154449273552	0.370964779782533	0.383591738556342
24553.1218962552	5208.90626593469	4.02819122330569	1144152.19010254	676778.100696414	4.53764714048048	0.282626858801705	0.307073428434068	0.340236090502707
20535.1886418486	4876.33223006463	4.40991468613313	1042772.60170882	625839.652945704	5.85258714091011	0.298199881453366	0.328364991808088	0.357645379338539
18571.5896449901	4954.25367632011	2.48005829611826	861099.621344056	633721.272957158	4.40311561071381	0.299774211821256	0.326291159996571	0.358639874667318
19761.5133009336	4667.91900448879	3.77660400675549	884430.912216821	600233.253559037	3.37571148927709	0.281811954474965	0.313979264999581	0.353098981904928
22912.7669666649	4660.75822237275	5.0073767150359	890296.572702574	628661.505047982	5.958737373883	0.295181769417946	0.329895617068481	0.362115079833851
35988.9189788055	5123.9274047826	16.519095202139	1612070.61281163	666264.055631996	15.9708932602458	0.295880123129064	0.330960949578408	0.364841771682565
25119.6183427183	4932.55831555286	4.23406205970542	970197.318668429	660497.619907159	4.9211475762935	0.281974164356912	0.31308856698838	0.345107945818064
18672.3380573437	5088.652812441	4.55821491506221	882366.688675768	683705.755827929	5.10579502912969	0.346685498664711	0.370773860679777	0.389105747196697
21140.2447424712	4747.12050582136	4.99205316361272	798729.558327377	616430.091132332	4.26771765670115	0.300233464120181	0.328769198835173	0.354297847791811
27942.2375719294	5225.5857773076	7.88187846982906	1210274.35551308	643703.954173657	6.85304193400075	0.305574097500618	0.336330549196217	0.365270591742485
17864.3637205485	4734.56865855136	2.42053379538832	756068.402709156	574970.725155748	3.99077047299229	0.289160720551773	0.320469897404424	0.350892563234387
18251.7880506043	4879.11616863351	3.10759025667092	742739.709131042	613775.064665566	3.22646490693115	0.333063916236045	0.359045910336339	0.388524159096273
38123.5760538413	5208.81790951792	11.4742122943475	2830629.25269145	667519.423858975	13.9260811871521	0.275484350049998	0.311016758274012	0.344414439472615
15713.849110234	4666.9329847864	2.7712489796306	713265.403787577	659283.058159624	4.47597739253865	0.295399002342867	0.324435239721301	0.353866254292176
18154.5435900813	4643.24300072629	3.96556986088526	845479.477319234	605143.655254199	4.89564721905666	0.313882439110283	0.346232630748086	0.371132847755645
23010.0461777692	4674.05504369386	4.3555522913312	1066671.02191197	653431.804309431	5.70220489149506	0.288230339165914	0.31969286852296	0.351466437202456
18207.9608814392	5681.94205304415	1.84062609140988	1007736.8755162	837865.490227767	3.68485096498988	0.282673951307903	0.308133257066322	0.336686786831494
25934.0992236675	4874.98362414413	9.24377045758277	1184214.27269205	660083.227082173	9.12742869525143	0.29266562650721	0.322065751233998	0.353118640877351
26704.4166947765	5455.17283264477	4.82533700774874	1296371.773257	771646.97125712	6.07996326990193	0.297480836351756	0.32739586842939	0.358896695739377
38267.3980672184	4783.96112048024	13.4860577952904	2262640.80953253	665645.688711603	16.4425968793183	0.279494389107188	0.312812477410817	0.360140932758755
17579.4063185906	4973.33291103102	4.86902795612478	834849.968278957	633545.021336565	4.09022947779662	0.290924008508165	0.322457827538209	0.356868382451746
21512.2159829367	4952.62403969346	5.04856250345719	958834.010846502	650589.659979001	5.12993064216511	0.297350767316726	0.326518311616039	0.354807259402776
17362.5224161593	4658.8175792934	3.26327669737738	915395.670070832	650260.230777264	5.62209070962396	0.37205435543408	0.396331493827764	0.420178498096458
15775.870523333	4540.5275280539	2.77063984614767	750696.954697269	617016.805502774	5.3419128992525	0.311861271364931	0.341803937570998	0.371890064441095
23059.0591255136	4973.97895252215	3.87099905994052	1030676.16263546	700517.287711144	3.99659972327835	0.29066263294968	0.321972067830141	0.359780282516259
31175.3832253052	4776.49570224621	12.0029024569991	1169168.42936591	629598.553403614	7.87927498072193	0.32788706373177	0.358015878208493	0.381092854265423
23190.8495369301	4390.31530483681	10.2085717419188	736241.130448008	604900.433059734	5.00125225416743	0.334535549621801	0.363526125888014	0.392365757220295
18838.1017909073	4793.64952731213	3.00850913874551	780422.393140508	618366.885021081	3.91008052151382	0.293032321833248	0.321440999047479	0.359427204711706
17982.8225903685	4396.71605168544	5.12401271762553	746085.151432493	564029.384630268	4.62301779138967	0.290218446639709	0.324406706405281	0.360318460415366
28915.8921593622	4729.80233792867	6.82435511111333	1323742.57149805	618846.29000275	6.78618071669127	0.275490496445769	0.307076434269912	0.337123347651494
18552.6442078521	5125.96821168835	3.76365038527371	833468.274055181	722207.912071349	4.17377529463656	0.322180055019417	0.346652782140891	0.37658751155397
20148.9144433558	4997.14538386656	3.52510007176563	985683.78896456	660692.597575325	5.57159237175987	0.273988732490963	0.302305970922953	0.339715566084477
19478.7924953586	4681.62099078427	4.20076271187027	822576.197097439	598323.424034186	5.18971119144116	0.276832015380442	0.308190191940143	0.349450706839394
19942.3929827425	4870.32815280432	4.59363457869609	914934.855261693	705477.714246928	4.34489492076874	0.333038907017835	0.361662132272427	0.394405010489662
23826.814807893	5102.77245157883	3.86004294649444	1156942.01767612	677451.340654414	7.43942511303075	0.306669617864016	0.334645486348493	0.371824184269937
17742.7155675213	4746.47096102043	4.02555192286588	1011658.10791279	613259.428539277	7.90667026269089	0.319076280601723	0.346704275831581	0.382352066865264
20638.7204313447	5210.11299342345	3.19582824453627	793000.451872552	672866.958958811	2.96683687924637	0.271458400621135	0.306154890331647	0.344714657579308
45126.5689658363	5078.40236395259	20.3204109538029	2161491.19260359	669310.433487887	21.0049359937351	0.301987631910204	0.328896402861345	0.364319693805901
15945.2170994776	4700.15566234817	3.19888227660106	713511.902870022	608408.470226826	4.33089192130643	0.292348850266109	0.32309058191348	0.35802861003619
18429.5430786737	4931.78255654292	3.98904257002273	896667.624752764	688122.537401219	4.46161348812546	0.301286001159344	0.330916969536086	0.362435921542666
37074.783260289	5011.85427141401	16.3969755818218	1367450.31217121	653375.834792157	11.8810093598209	0.313874558429238	0.340284834631776	0.376509959614062
18042.1959434041	5041.22671640571	3.36825554843685	775056.695054388	676909.084027397	2.6912739596753	0.288226106163738	0.321280634893219	0.368199633940844
14887.3668998222	4565.2528577941	2.41947384198626	795987.676955097	611889.899412392	5.44345006489385	0.275157508814968	0.306921426743988	0.342755609232647
23883.3335195726	5090.76847041632	5.24190248377382	1154649.15646655	653716.304744159	5.04477216337281	0.287695306837592	0.318346770657506	0.357711856827321
19849.0324740887	4883.56944738599	4.63679463456883	839157.810680419	640573.712556305	4.95539035634069	0.290226075977007	0.318575634770865	0.359127096802078
17719.7035714968	4741.93862294025	2.2017801495208	710641.552738585	569772.49172053	2.6207539434153	0.313805190216614	0.342246239068772	0.378918163994775
18779.1421931997	4771.74291837744	5.77571240531107	990692.987273633	681843.568988384	8.27006130097897	0.287720205013109	0.312459001210023	0.349799440451238
20185.6568877673	4967.69082902144	3.31850304150126	802413.282397202	706711.19052051	3.37076728247469	0.282825320338552	0.309938400699135	0.350234882617305
19686.596371676	4675.68060276281	5.78223798697868	945102.942022342	615120.687929507	6.95259051514884	0.330331344415553	0.356381425564174	0.390612785761957
26143.3150012102	5002.59954689124	7.0256785254317	1450577.61888532	660239.020934157	9.8452234614503	0.322279915867748	0.350189472493989	0.377937831411506
16472.7915574288	4835.56836361695	2.95097400931162	812460.628538223	623402.820011916	4.88503358837693	0.282144380720678	0.317461806030639	0.356511073653377
26858.8898991568	5474.15240386502	5.2211304821011	986167.560430047	793356.657376075	2.89872261944173	0.288771476507001	0.316064860983285	0.347415721904205
22726.4001891652	4862.5355221843	9.92963134318129	714328.205069462	650778.327580081	3.60848377479149	0.287972389679875	0.315365193523448	0.348954165207035
20394.7815258008	4700.58021130007	6.25912282884464	799575.447270794	667157.434253107	5.41028687608362	0.288239050428776	0.315299941541479	0.346614978034045
19159.2245162493	4419.23877957708	4.84549285027682	825563.31114719	595463.461747553	5.72949113605715	0.291435428274887	0.322048270559015	0.356160093964298
18613.7398084242	4764.73451927335	3.9622030175073	883608.936897945	603921.737120772	7.34673367312008	0.350728324671541	0.364869237941307	0.377158778624279
24309.7333426894	5118.42516204018	3.24839744305641	1255481.43385084	645193.372809734	6.94152736990486	0.311396667591657	0.336121783372699	0.364875998428953
19244.070663603	4974.87507490297	3.29936081485612	863267.20380566	668182.313273303	4.08251373029949	0.270566544689045	0.305979235419533	0.344778989786542
15822.136548827	4577.52576478943	2.7631799197813	725327.266412156	634051.97436676	4.0642727335213	0.27409203012902	0.303225970515631	0.352052359678617
26931.0564629427	4988.71552765053	8.41987930335311	1250398.75291727	640069.17573598	9.50005039281867	0.337493468944904	0.362748839505079	0.386659913659423
20220.11038694	5015.80624052607	4.74609065778307	950604.56072554	680238.030375021	4.50131116229291	0.268402406373584	0.297137952287652	0.330150455012055
13304.4684450472	4535.11110723494	1.62890180446202	614660.129039501	591217.06284392	2.63112863026621	0.266040158961325	0.297600963084783	0.34124794245123
28289.2080898125	4853.51381105813	5.76556168015214	889359.877412534	617545.028447816	4.28102863416895	0.293535744264414	0.324113038090928	0.36440815038117
14610.4896882245	4668.06221513472	2.11284633811481	676834.564999937	603730.306215407	2.92183040395791	0.283317547226148	0.315619444313402	0.351841511477385
24083.5652107289	4686.57025107989	6.70457471663951	1220525.15859412	608790.060309892	8.24057361195466	0.274026127574532	0.311490866846751	0.349426547734847
38510.908027462	5227.41523329393	11.5065844049453	2147994.40631542	664446.202194127	12.5951594172816	0.268349331140705	0.298992687690749	0.32589479014656
23609.7642740333	4964.55425447008	4.19689435944687	961597.674451285	646125.219171465	4.22904327911921	0.284364134869413	0.316426311579427	0.347919039573039
34827.6306632131	4966.6235354764	8.78160894481215	1628360.89737032	667894.755567468	8.40153766632628	0.269426814960711	0.299082829519364	0.336146542722666
18904.2739463172	4932.50162358549	4.32121947276322	816389.558123978	650227.583926233	3.45481487131281	0.280927008971488	0.310582169592411	0.349648732760406
18576.4554045797	4801.56913256128	3.90341523482755	1526710.53731847	640690.348872459	14.1509230514922	0.279502578770705	0.308559427080096	0.341719586976655
82074.8231596996	5093.38090090933	17.2566723628093	3986225.68685596	693805.92421489	17.5942213817964	0.282154600759425	0.311465530259644	0.341387252204101
24693.1838548019	4786.44841887901	6.81831715368881	1048446.82551155	623834.690121602	5.81147641576792	0.290078424105505	0.321296583645213	0.353027809014708
15559.8023502629	4485.65383894596	3.35027292476173	736421.610125884	631747.303370068	4.24508305416678	0.264175017585686	0.299097602243076	0.339972261776406
22748.6601299514	5047.75768502798	4.70909990265577	920694.625949095	739731.691137994	3.94229495869859	0.299142933230234	0.32708008430752	0.354819429211931
19938.7262517402	4848.90267063549	3.03370840023529	828604.713755516	625301.252449772	3.20641871392481	0.282640133883392	0.313506774976601	0.342740951144663
24412.1643998105	4940.54740415181	5.29902899570991	1325817.60691769	674494.04678802	9.84736866916988	0.278239659974396	0.307362570630004	0.342455313889126
26976.3243884309	4872.3997410066	6.83466683727107	1328917.55439032	677015.506495295	7.18598026602916	0.30819902006919	0.337305308358778	0.370745511377823
31061.1110795324	4947.51678202193	8.51974565396777	1280070.41366032	664471.94527375	8.82258502073885	0.268640915183789	0.302621433420096	0.33830212621479
25590.4151450242	5153.8513076634	4.33571273156785	1328698.24622143	706686.335117991	6.23961798428059	0.320222345826416	0.342978803083103	0.371433007595156
28465.712869221	5137.06903335437	9.06831269958977	839001.65188123	679374.510795691	4.58634944321419	0.313922393320416	0.342694032127266	0.377526993677233
19223.4593784513	5164.29998995947	3.26372929325062	909292.186158102	615289.934169653	4.4998223336667	0.303176116874509	0.332437343306544	0.357643504343121
18096.3146456066	5036.71796557804	2.1463969915788	799745.094313204	642053.092658975	2.45269935237893	0.27468700811611	0.303539787230343	0.333043271983026
28128.9954101283	5138.43107086187	6.45213957611538	1046305.46177527	661135.377825271	3.94686025017168	0.261311951938927	0.303110799657332	0.338622270333825
20065.2082134873	4708.24184711196	3.20864692823184	904357.794544277	614057.762277898	3.66941859911622	0.293086275220465	0.323294540992723	0.354109142124732
21972.0420513093	4954.64531390021	5.26106804900021	1001006.74789494	694218.632379693	5.69537444230787	0.2641813577147	0.297017101598652	0.335728263390879
19352.5254974929	4822.71392646801	3.83651254508245	928000.317210196	606263.631068912	5.03616411321236	0.271712291717646	0.304644342501505	0.344124643497014
20317.2596730357	4400.83008801731	3.41958602104653	842537.971452526	569523.88628652	4.37692634722703	0.27106163253907	0.303760575151557	0.342134874864121
19325.8029006174	5103.75119354843	2.7939472794486	890585.228679933	695213.366212746	4.44387678716406	0.278339100305838	0.313079072495428	0.349949077002888
18719.4552380813	4715.10934763115	4.15846761636793	741307.997442056	588363.172583342	2.92849227223211	0.271524779610999	0.300562300126963	0.325412330633031
20057.2530589509	4874.10858154054	3.39421131718007	944904.046167896	618508.48039327	4.9809147945579	0.280432243262937	0.309209410944708	0.341210895692494
16925.3219708666	4531.43298161756	3.3426031822607	735496.624709411	589928.908064446	3.99968674177907	0.282948587707472	0.314903761330554	0.348169555368984
39808.3782300683	4921.31825049823	11.9890359606433	1625871.85151191	677421.150294464	11.5603028432646	0.279311725989695	0.314749690799006	0.348597593267779
20878.8758269194	5115.59905681754	6.09797129386706	1043048.00952859	676204.628487006	9.6804160814773	0.296282885277401	0.32287440753243	0.36119999421328
26656.7881239988	4818.34124991551	7.37494330400608	1037896.62608832	652413.809458076	6.44280970582542	0.288671343898282	0.318282856012284	0.356204561098382
16597.6689215802	4532.00294016407	3.79130553245846	710960.53223009	569311.072073013	3.86833518825677	0.307200069542644	0.334351113920875	0.358375075816901
17975.5342314801	4617.53715043159	2.71359931393146	705651.489611067	618411.028224314	2.91903411641739	0.265423769433203	0.296249600791958	0.330945807927176
18098.6174078923	4873.67713485412	4.05807791123499	732231.755097127	580068.499442871	3.42075695154625	0.308183584049368	0.338507120648685	0.363884929565861
16687.7783904702	4938.67512971717	3.23602274375794	716225.147575913	641844.800558217	2.76899171455571	0.282769807638623	0.313305208640672	0.348988716894517
19812.5008056937	4865.15762817216	5.67686027439758	781933.903687617	616725.853747438	3.70483435765675	0.30077799814946	0.329084552873412	0.367619740208325
49251.8995541641	4739.4641749255	17.4143581892456	3037038.94224593	647817.758005942	21.7434610867477	0.289638855698624	0.322898591684457	0.362007052180509
28267.9872285271	4939.71060803405	8.46685174717369	1374513.56111225	642467.905980686	9.99860211762818	0.278404650570547	0.312466825340252	0.356490810754927
24082.9888651496	4708.12923036772	7.31301875330545	1386699.44846842	592893.87265396	13.5372866688571	0.286398980961652	0.316748664833961	0.352633259600201
19020.4911424736	4638.65745879605	3.14727855105543	790540.080990675	633731.318033031	4.2189685339201	0.281310879420887	0.309332152226229	0.342973506470314
23794.8785278618	4780.23107658542	6.30477174963082	1216241.26658914	583913.802586635	7.37295029574938	0.287615612588504	0.318094515125098	0.348104884920504
21734.2783721846	4723.59138219022	6.00347387374191	889420.418438463	592158.755010058	5.49006033656643	0.260361309512946	0.291078056954762	0.323483388980595
16566.7699016151	5034.00237700309	2.06380714518917	795690.422211588	697556.38235165	4.71086399894574	0.300765430050594	0.329406618272426	0.354946647394706
15899.6433255488	4713.69719876694	2.84216684255672	733521.173111702	637707.335189323	4.4812582102894	0.269981635781674	0.305553487534156	0.345554936603754
86133.3781498281	5509.48460302221	24.41241648993	2225686.07549459	789453.556248687	19.0969460587606	0.288195831479573	0.317586549137632	0.353320408646353
14380.2089040122	5095.81182424692	1.9148096899405	702975.288580287	734847.701180775	2.70440031154169	0.302455696200832	0.331819553359537	0.361865109968062
21987.8345735278	4861.87940604414	5.63226912416239	1008952.22121634	645856.550058159	5.72300075218295	0.273666319137489	0.302307352932108	0.343661090859535
18815.6234394077	4888.7058424614	2.96742412154141	944781.046374593	652618.659433997	6.90751102758943	0.334360789802652	0.357860894608361	0.387022660318238
20048.9169432731	4989.88960887584	4.14538137218751	820608.974094526	593776.758551034	3.55175723016158	0.279382006366827	0.307251560378374	0.339301117626286
20817.0453567989	4968.38516946751	3.20123551564733	816112.203142441	669688.847640547	3.63625779213433	0.274712284512689	0.304412035430228	0.339346478868631
26854.4857127867	5368.90095109392	6.72186678964244	1405497.78609971	697929.692188137	8.49883251924368	0.285062296642821	0.317040346872123	0.352432755627489
15523.475331378	4881.50409995382	2.86315190663203	714629.592670366	747553.510355916	4.04545022118061	0.288207661517405	0.32017258465458	0.352739198128845
18869.610442673	4773.38370332019	3.72605358489456	825786.550756839	621923.932050791	4.67684748436639	0.318542292486993	0.351405251620037	0.379815834065664
19101.9533184462	4987.00942475741	3.61549714265478	842404.58896492	635992.562424167	4.43599449434143	0.306066965763774	0.334718720581568	0.360460557886813
13759.8496579191	4533.13753121482	2.21127447110661	602312.445361775	597353.580776091	3.21548140491923	0.299890030589716	0.32630880463059	0.356120061208785
15170.998617027	4679.51399280214	2.69091538440793	712890.894962575	581562.976295912	3.49228435563131	0.302756372928272	0.332008424720959	0.36668471178756
48654.9590391339	5146.6249316187	20.2086034700373	1943847.03628687	657048.081275727	19.2860933977521	0.272392061863683	0.30165540053492	0.341387951110703
15458.3106340135	5065.66355924202	2.33595103715724	784636.388526652	668945.779001731	2.55299873703715	0.297484169784314	0.325538202485054	0.355573756357953
37182.5734814837	5492.82050353159	10.5418173650436	1170077.38767373	678602.510313234	6.88501621824733	0.298035808860713	0.327336495597229	0.359916665799283
16103.9347880502	4634.3477535095	3.56024969991838	703860.949589591	590742.330793815	3.60511032088477	0.277077321781908	0.307597547884896	0.33759249492387
22758.924349309	4762.29712996619	5.87595714833626	798621.800120326	614568.385277182	4.1022816752151	0.278995804406441	0.3122983393663	0.339094722492189
13924.227636343	4294.72539586037	2.95606986049723	653133.385590433	559650.902225192	4.59003160806478	0.278990303010423	0.312113351832017	0.344610627987702
17541.7628939922	4683.33644475241	3.99395805293665	712430.873376692	583720.685017901	3.3820840335262	0.285657597257425	0.317730130246084	0.351012914167021
37823.4334644745	4723.84621824281	13.6189244195334	1270571.59646735	597271.992373945	11.1867790490199	0.277128805114172	0.312710086215038	0.343875547682725
22536.6168681253	4605.64119244257	5.00389278913873	1060258.39113336	607906.481638289	6.41494657485258	0.30551377841784	0.335520463513158	0.367946301341513
20437.7298281701	5631.5926426444	2.59656845079604	962658.477144383	808970.603434111	3.50562882535794	0.27448821193581	0.301446719713256	0.331808272837106
28442.1951026817	5224.17898468021	11.1860234464616	1318491.54294799	721202.572498618	9.59683992904153	0.291185229476486	0.317244186987216	0.351080321640052
24816.1630411618	4947.40910469816	9.55820420153065	1046615.76863613	652822.8417619	7.75183060067303	0.295440343315356	0.323445847629223	0.365778105638076
20055.0027262058	4776.87429534056	4.91872877300607	818218.511723532	601804.029728468	3.89551438058638	0.324991935585884	0.353944915001827	0.386552509366164
21035.1985196817	4936.85945585637	5.3416554657277	896040.475463155	628942.925970657	4.7324521705039	0.298401047591348	0.32758825735352	0.360619633256282
28324.5472733306	5215.48542318879	12.5957509639459	1162426.5170616	759558.470417741	7.13484102475423	0.30026206312336	0.331024813149001	0.356373199661067
22506.2635734538	4799.77613443059	5.56153756999915	1050743.0857279	694631.278826561	4.85244759093268	0.268872498269343	0.300589684347733	0.333341106627539
57715.6860419275	4965.0264352787	19.8817219561861	2118082.75433154	644017.869198269	19.905942891714	0.273503200304511	0.307357703267259	0.337654895722614
20111.8746657274	5426.91535278164	6.57327200474473	907076.302508991	724879.538626284	5.86954774558884	0.290788141316458	0.319051879833448	0.352020324334269
38697.9703572646	5097.82806439737	15.7108145762246	1512141.77674348	695330.045163215	13.0579103063875	0.280466342204411	0.309903881739356	0.34233511004564
22718.3073061776	5095.87401614921	6.50324581962726	1207264.15798477	699670.122798902	7.00507540064434	0.28097291919916	0.308781773416037	0.344220366363067
17592.3178929465	4528.63221321418	4.64581048591837	759241.80015763	615106.445425475	4.90310372090391	0.300541849833972	0.328547198623544	0.359582819201408
34562.8897252439	4377.74667524861	9.37981353426271	1272306.64533621	548861.647834008	11.4289461787431	0.257764815301703	0.289411431573318	0.323355778116703
23675.5514653849	4713.80780261107	4.10692452037208	839355.529184473	560379.703994378	4.02818897896419	0.276634698120033	0.310285331528495	0.347742729786959
19208.9417683725	4956.80183410873	3.71633116390524	837304.93065064	630330.431911706	3.89527616132451	0.288054996878883	0.318986315931157	0.351506579443507
45517.2506506476	5185.78802202754	15.4398823659916	3079693.12735782	708302.733899383	19.2432097157883	0.296639441865054	0.327194183460269	0.362326181590214
20307.5200260067	5289.04527442881	2.59395871565291	999856.453927933	785041.680875665	3.51479129498124	0.285128052483678	0.314923969691201	0.350692941490821
22010.7239694411	4672.10356169279	4.07554407971713	1041565.06443174	647822.937548914	5.94591587781159	0.260988314135127	0.300736336856728	0.342331207804156
20609.2601502033	4902.54682746974	4.61951853781588	1425114.9145147	603336.525700917	14.2587673294616	0.302623788211049	0.331187151746544	0.361134964885038
22922.3518440134	5224.63487996185	3.46543648173348	938501.350055447	663880.520502215	3.56958950198558	0.288179075709991	0.316669443101905	0.349714942015633
16963.1376699098	5003.71036590531	2.76317206475603	799821.310335998	693732.968430569	3.54614437550465	0.300758740441364	0.328075926037248	0.356231702213563
26884.6069291502	5271.64098776024	4.37588010705517	1049837.16687864	692869.525133683	4.88539271002773	0.292376498189887	0.317333206476625	0.350242053318054
16932.7024642824	5035.19880271179	2.42997919527536	865047.400909698	736735.000711751	6.13190810506132	0.268449919785518	0.297208593159685	0.333616550168297
18700.2764026672	4623.6453496486	2.67045429710007	791456.559369573	602887.641481152	3.67681084834847	0.279125097166577	0.307793247001698	0.34498827629898
22465.0234716289	4551.45472903834	4.82447936303072	917357.604230418	609110.018165763	6.30742580397409	0.283213053632317	0.307042329311711	0.345778060398896
19131.3785114726	5375.48260171607	2.43119364322528	971160.371941325	727563.231043506	3.6256942432368	0.278511459609066	0.306755736252504	0.337368521599637
33095.936380734	5151.2171720916	7.39937625995483	985381.659104541	654838.03589885	4.65928006659903	0.289597278574145	0.321654150947036	0.357759240506372
19613.2662151608	5149.25431221705	4.41551210156912	983895.012038895	708493.250318477	6.21518733117772	0.300242717586827	0.330529181964967	0.366359607717978
22927.6192397549	4880.63057362793	4.85412094797539	823528.670411472	616311.333297367	3.67087083650726	0.283183536150679	0.316901713014089	0.352261554474546
22241.7505457369	5164.22643932504	4.86601980420224	897116.379399857	711866.298686866	4.51073648617318	0.291487987676283	0.325916040799706	0.361111551507246
22686.9936989774	4993.35368125579	4.04954719049284	1271567.01184554	675255.787990645	7.81853177744185	0.31338945114122	0.341057195902425	0.373150717207531
17337.5936559873	4953.45504055516	2.96575746087686	857274.536314392	663763.202421214	4.16810798068853	0.288487255809907	0.317141052831596	0.348868788517649
21531.74819293	5334.57029667947	3.28042676135171	1218960.25607299	708964.628430392	6.13533418699788	0.288535221262427	0.321361633355785	0.35834670037168
20105.3872385333	4920.05110291915	2.76479812911974	1003209.37997858	611764.035168891	6.78394609379737	0.267807264215411	0.300493698186403	0.337089414005353
15523.8556834413	4716.78238709418	2.1656040277933	758407.138562342	642350.967303554	3.84669319136255	0.273348384682912	0.308759022905594	0.341781683857098
17417.5857471543	4727.19363797836	2.27735434947084	907606.265912775	615943.253655359	5.56820533445178	0.283065486522646	0.312097722213213	0.347724964825898
23668.2798356004	5269.65530692196	4.56604635048044	1155430.83692748	746931.058763341	5.69662594627945	0.287643879997567	0.315000601162089	0.347939406625508
27496.767606421	5338.02564601598	4.99791402468711	1298496.12250623	709814.420114855	5.73972579700668	0.27547095473947	0.307993055133194	0.34968993179225
19119.8850395416	5259.93914460734	2.42941926851527	931280.123533665	691568.558356957	2.69223683252371	0.288414477864279	0.318572701012677	0.350360312905625
31095.1033024208	5188.20721214417	8.63105150082237	1142976.79321245	695947.479360571	4.17866578493752	0.282967676296001	0.314386222791153	0.340736830771533
26490.6306179861	4812.78436767186	7.03431270460597	1330054.95407654	608852.723328401	8.5303448175941	0.286739906179868	0.318536213020496	0.355868243345469
37052.2502488563	5212.62866565598	12.024130522256	1282066.30733596	716262.954365504	7.02680872528853	0.294067160073048	0.322396975029232	0.350560828956133
51949.1141471893	4721.1440371361	13.6366628026534	1608029.53124905	615728.526526037	13.1422173866155	0.279420738324078	0.311878030532304	0.344490024653065
17044.9246252289	4456.83484110977	3.88401655458498	799186.664587046	577293.466915583	4.87993321264245	0.274541465499822	0.304648913119897	0.333403350443553
16610.881788111	4612.43944694212	3.07864351564534	698150.175475318	540886.54075688	2.96196925423616	0.295383441837749	0.327068742026086	0.35209233989516
65129.7529599281	5048.25100164017	19.4836938489601	2206733.35645966	665711.921341576	15.300827719847	0.292894003122501	0.323817683894452	0.352404533818761
17131.2063183107	5094.40711037665	2.18237135354465	815410.007368458	680778.434742198	3.60674252878071	0.345244232915826	0.368670919830242	0.39348725844701
25912.5201223324	4913.27358591243	9.57545334904382	1157951.96158606	650862.556967476	7.7730021570415	0.291440663079246	0.319980218376593	0.35809166611545
18526.8439428266	5058.93621381007	2.70472916434289	1034118.2063165	694412.490545122	7.95870094195539	0.291917268166345	0.321630158827278	0.355010263684595
20733.4335357365	5285.79755730193	3.0519981946018	924020.12490241	694299.02382847	3.9132182422343	0.277038906341682	0.303948532617558	0.339030104671537
31733.2825324973	5191.53427682306	13.9191798777787	1605844.38192117	698128.840328319	14.8532976901287	0.269624424210681	0.299792140522761	0.327877565736566
18023.5144727291	5008.63429551324	2.85110674307703	800905.91359862	716891.691527069	3.41112234516868	0.280437838724842	0.309795145695934	0.338296025433121
15029.6971611898	4515.54445646784	2.84558285585898	629012.292428961	587626.711803455	3.06755205312716	0.297826690741905	0.331222886440191	0.355646695250745
18133.5875817047	4753.62213136791	3.47778737930374	1002823.12713986	574361.270383657	6.30567686831726	0.312979142405312	0.344863410059999	0.375315559774864
20223.7842399161	5001.09427268671	3.19679173526608	823302.815897831	637787.25650727	3.34329277361242	0.287444808311966	0.323215264430592	0.35329154967326
18255.0478333951	5071.10943827712	3.166081586623	814906.087364877	650209.850485301	3.68315228085965	0.289494307962305	0.323525304740435	0.358514787645415
21418.7374371306	4750.60912936385	3.83845759209871	893156.323088501	586745.0695589	4.48618460040076	0.339878114812163	0.367813865882143	0.393669019304047
17297.4038237993	4704.61505250461	2.75009067272942	950289.801749923	588836.17000327	5.96949532479679	0.330094201187442	0.35300358772192	0.386133218544283
21589.7098026152	5018.76847199291	3.87427027541945	831636.060629604	628699.788145829	3.66115088359808	0.266320675503445	0.297877281839308	0.328182526552376
17175.0600079815	5054.54130440918	3.01801149288977	912162.449003056	669912.696713721	4.05611295461011	0.285295001956995	0.32016256598756	0.351024498496263
28234.1714468708	4870.91144697276	6.80033112110021	1797902.35359404	689443.481545178	9.43433585287617	0.276157149471195	0.304932115967644	0.33433941034089
14638.2000605942	4478.76605628631	1.93923826524442	705849.315497287	640877.02404606	3.72242386561233	0.287705850397844	0.320710147959353	0.356607655534994
13115.4758160343	4568.15678708698	2.81770463168142	774278.236583216	645861.820551264	4.41651626203037	0.309809531155845	0.338722284693301	0.370247342112449
15488.9887546848	4530.31086625276	2.38521072918596	790065.572036557	572558.283841363	3.662058763913	0.2948415962924	0.323933073124831	0.358709941515802
20198.3713960477	5022.91970292184	3.6769672079755	922367.342874551	679065.147293953	4.28140918551846	0.30668459070665	0.336148918822056	0.37061959976698
18393.8871308688	4484.22356078834	4.39510478557895	747802.191437064	628479.167896357	3.90969773468741	0.284607780641359	0.318845419190579	0.350569921152996
23866.9715086224	4735.19110591423	8.47441311428564	785900.699432428	601393.135086873	5.13922995215042	0.341121673565705	0.369029409276192	0.395045910116038
16895.8458451557	4784.23055524495	2.85895580774169	764738.603019687	588016.592857959	3.39700515756293	0.283189647053713	0.320682891408654	0.362070554385327
25103.4900340532	4947.93123079666	7.09227282147462	1175813.67445233	663941.766778337	7.20926323565902	0.282939256294402	0.313418076980854	0.342468270537161
17328.5048730454	4601.80039754659	2.56122179242576	747407.779823389	559120.356423371	4.24461820966624	0.282067151691291	0.306044682115094	0.33462031640273
122090.42762706	4942.69757980606	22.5546555549113	4347001.8594926	660889.300181787	23.5988547312671	0.290205081112042	0.317060312774025	0.343929293497552
15650.6998452256	4598.16172249962	2.47426982092767	739046.990051378	611796.539713477	3.32132510376413	0.312979034363876	0.344613768032727	0.364866936269824
18650.3101846842	4761.23994950654	2.74633985740657	840314.018910133	655724.180647292	4.41263423374425	0.28622298182887	0.320262292012788	0.352976102760515
16053.1633731005	4486.46613859272	3.12609003026455	705971.358258916	586624.630942471	4.84368253236499	0.329085136160873	0.35854460636159	0.394247660639819
25968.1197217375	5053.1594217672	5.12354963075328	1057669.93423412	646130.535304812	5.44030262738673	0.284822267009858	0.314115878932156	0.347880417206644
20601.5776382316	4725.19521603239	3.44900195258556	845528.709242318	601307.527365125	3.46603581477045	0.281957233289945	0.316970967186155	0.357089142345461
19157.0680094133	4599.48936880575	3.58101550240108	942927.625285319	568704.806902865	4.86163668834625	0.295918242890772	0.327610740365399	0.356487350814902
18616.363816191	4698.92604326308	4.68381827346393	792811.909288847	648909.636763588	4.0432743954887	0.285372894751465	0.316150547231866	0.353775317214926
19299.3505682904	4776.39161460182	3.19900786408612	831008.535968652	629135.079185613	4.07573727619827	0.32364856098589	0.350018008566243	0.371813589465309
19525.5499704594	5062.24369388994	4.72459608951628	946887.667745693	681447.701651265	6.3574247162313	0.309715946989055	0.338294365489577	0.364938151663514
19478.2515388869	4588.36940309611	4.39521514329867	859697.788045509	603175.357373306	6.64158028744679	0.278063574549544	0.306256868839209	0.336192608562323
16514.6813273098	4914.80499791812	2.25047745111115	922188.355206918	668793.058576636	6.31215001254029	0.312387027281462	0.341071545374717	0.371867752650424
43374.5783993382	5261.64477172748	17.1175931848146	2572839.31958541	697150.189137971	21.3433659228226	0.290973386201136	0.32045984559205	0.344284804757063
15864.5241892057	4521.18860161103	2.42300606754328	644548.283674116	604887.784787126	2.92805264871578	0.269151825867889	0.305933986612305	0.340379146208952
21389.782630232	5224.932244797	2.57240319802594	1145852.14743393	670002.432882504	5.4933706552799	0.299295866732011	0.326453430839766	0.358661715056416
20258.7134349929	5066.73238837935	3.15594024532135	955375.053145913	671546.336900499	4.66120183037677	0.285934420269443	0.315054467547001	0.357294075391204
19534.0990542954	5111.55907986643	3.78821537139063	1103601.78412668	685149.88269495	7.79009063331106	0.268024301184551	0.297158931866318	0.331428624530853
19567.9865433647	4519.14808402588	3.27170237839452	767039.885257153	601366.028546242	3.4774994017749	0.281642009526683	0.314924588044704	0.354551711598077
22919.4448921187	4937.12636297229	4.6124488328889	899643.3592114	630907.998858591	3.23891865265127	0.298106136534404	0.332910561980164	0.367101494773999
24325.8751625298	5232.65898828744	6.58792825857258	1687178.19753508	688521.060872738	16.9262622188662	0.297125700167437	0.324387224032791	0.357833248663111
17809.5791770601	4775.97123519789	3.98370295835817	837069.61600383	605765.387405742	5.02041559800796	0.2604989326521	0.293206044053547	0.334098794542991
20548.6309425627	5204.15188480489	4.90959355735089	896347.147459115	692972.417666077	4.48118848046509	0.260128648981587	0.289810629031312	0.325461249169616
21210.027044361	4818.55347737353	4.67806086724963	796762.713733752	607647.177069433	3.19191053326478	0.293798637391448	0.324226408199217	0.357153172874947
40489.616385862	5084.58370577354	11.6507459234108	1489909.81290457	674586.111303884	10.5817540144728	0.283685274509974	0.316144482995237	0.348547500527252
23817.9535583094	5058.6546622026	8.16901052235148	1078178.97456734	698168.695006332	7.69914691493782	0.297906813026233	0.328128849101568	0.363342338282042
31663.1165964345	4810.82229358455	16.0117356117108	1375045.95593523	653015.199721208	12.4559134911797	0.278874151264216	0.312211925775393	0.35010435696886
34033.8201491348	5312.16750522876	11.8096462877055	3105136.82888898	714338.574840061	22.6176369095455	0.265437349457501	0.299566300089206	0.336941913631901
18724.8722604811	4862.93716890489	3.23155914167024	793650.45211791	591381.417446164	3.40046609137454	0.288570143141575	0.315606264872537	0.348201756203283
22617.4356046495	4851.16989791757	3.81979910308938	964967.853133594	664409.496143061	4.12495652774672	0.285426024229526	0.317861957605976	0.345035149674213
17708.1085511421	4735.68585717409	3.89771775473157	761762.337549576	668697.450991391	3.70535289036385	0.33081372606146	0.362023562671664	0.391179402008974
21613.1664621208	4851.73492480402	6.2880681753367	899862.220297609	638553.795480329	5.60319623361831	0.29256713042547	0.323148428465497	0.356088980840902
49106.9136447117	4869.4439641191	20.1449958981137	1899498.40276153	664226.884487862	16.1642632513412	0.290683911884681	0.321083274072137	0.346020126032301
17137.4967578918	4800.76332997621	4.07010153654659	756147.209051985	653298.019652353	4.66081247140045	0.317543645950826	0.348947869551896	0.375867412310974
50244.2863081506	5174.58644479126	19.3390965198986	1605155.69168026	728470.02190159	16.5298840094873	0.290677415814084	0.320191933909721	0.343987034643509
19232.1118857019	5391.62241901502	2.36487800283054	991812.291833867	748527.052498188	3.77758609086499	0.308910236266396	0.336222977415661	0.362966772798729
27986.1376577394	4836.26129608909	8.13960418000821	1519774.92944687	669761.556600408	14.0662775696913	0.277999314283866	0.308181853388345	0.33891356089179
17405.7674049679	4861.81401072688	4.75791223940303	901155.579638478	597408.196742888	6.33274932372755	0.293988117062338	0.325206988477056	0.354381977296658
27885.4275202883	4900.07626793368	7.52704619418403	1473706.43640717	635888.402601611	7.77760863920015	0.328946722186825	0.35907073042796	0.382041165627637
16665.9286204409	4863.20531124853	2.56515482085703	923138.708953277	673671.138773634	5.50452910407434	0.281194225371418	0.314911703858466	0.352169819044132
22031.861433769	4886.20290408382	2.83371405354378	1137415.82255019	637419.157397561	4.84552169554849	0.312162629211687	0.340893779421557	0.374967398679016
17340.3690254085	4602.82140873956	4.84684923652975	779575.993921596	664460.176132951	6.63283861832774	0.288841499911248	0.319489601960185	0.354387114930281
26466.8079081362	5027.13837199536	5.95447794218938	1115291.54370605	683953.718634468	5.5710722558442	0.339723650641255	0.365267707040065	0.386591127141785
35356.2532530847	4704.3420803458	14.2681605446092	930298.036558077	651000.641615643	5.6032306889629	0.310328017418437	0.336483328555542	0.36010468630129
22952.2816634296	5331.29861018261	3.25537643174789	957494.548176011	722309.035762213	3.29263663503413	0.285893070605957	0.322591433264134	0.355202499247039
42450.8300688614	5161.24287163142	16.6723935214511	4681400.12577354	733859.832885419	26.4444376906359	0.289745599273099	0.319760324577674	0.350142576422083
16876.9220132808	4605.87949148973	3.48427403398416	820509.978818308	630158.126842403	5.30589780315918	0.299067767558892	0.331162678742826	0.359268442322893
17029.0617626367	4953.99236149247	2.58315654722976	835952.839811614	648786.547805757	5.21248870493542	0.286036195710834	0.320258561518056	0.352871429843733
21309.7143892816	4639.7111148355	6.9483610311859	771885.406506018	609747.948547495	3.24699555000224	0.292257147239356	0.325663573597229	0.361400639156714
39970.0727564405	4888.3222799697	18.6448779420244	1743055.4930558	619519.419034976	15.2459200175142	0.288230217476408	0.319696532483368	0.345038867195496
16525.1403327621	4961.12073924934	2.80163416669832	691566.66163925	614483.873224424	2.25043356070183	0.303476942492265	0.333825610327768	0.365761531165914
19241.3446126022	4589.26413012797	3.36197772371378	769089.944827879	601201.457622939	3.5619218922729	0.289407017604903	0.318790723686403	0.345225684822525
13880.3230691758	4605.68226856588	1.79714567199899	599941.783167933	592441.296550345	3.43722469163305	0.292757799750658	0.322463927154543	0.351396265947271
17708.0708580519	4745.15992038194	2.61575866771253	754059.509394962	608303.089809798	3.96301315528161	0.279303673861444	0.313278969553849	0.355525908991636
16483.3711970832	5123.57902855116	1.94069395227551	781254.575750424	632847.519537269	2.77245742274016	0.304566197341524	0.332614626380541	0.354731660077044
16208.0388912757	4327.95933207688	3.59313486435437	799911.161273379	600620.96861769	6.45824296908566	0.302887448874179	0.334348987701855	0.3616178794175
16490.634778613	4764.91180073171	2.37695542020203	864588.839093308	680233.842490988	5.50993833602307	0.293066851480991	0.320251139066256	0.353047444857562
15942.441545956	4701.93465100864	2.36909143259546	756632.578368263	658409.002795606	3.09376648853183	0.316338534543758	0.348046831168265	0.371893260457221
36754.1793197812	5165.00645109736	17.8825218795536	1751166.36514413	710767.637171154	18.8391920837195	0.312084007731763	0.339604874209722	0.363889818214077
17701.1424451296	4549.07288957973	3.69516398612285	706237.070200698	600926.614778593	3.63916193939982	0.347004650020623	0.377154723817261	0.402637063692793
18224.9180095364	4788.21139289292	2.70277634729201	741938.586908715	648423.485610204	3.23673396506035	0.33503559399193	0.364833904469517	0.390109292854468
20181.7977764451	4908.43888253067	2.4622981350719	871824.044862219	657854.94066135	2.85098573129977	0.289048603205905	0.321515212640292	0.346061048853109
24144.3302140753	4974.25320821759	12.1906149219051	1294286.25152627	663686.687998382	13.8113801250922	0.308013208993741	0.337068471464403	0.368257626801316
22011.4231051911	5196.27389152305	3.47871288376163	833544.163455512	685402.547661681	3.16205580958539	0.288848218221368	0.317563722030123	0.34630932168205
21708.2493498575	5343.59997995967	2.82527478788479	1479808.29185122	697809.281895199	8.65683533678312	0.304784282660717	0.334120146213058	0.361729277505439
21747.5081726175	4829.88581564025	5.85456143389973	934173.073859952	670058.251373143	5.26167758283504	0.30005697353291	0.326788698886788	0.36509202327842
68949.3166883861	5103.99161114528	21.1203304144436	4927757.75148346	654509.375508089	25.5790180933307	0.294293300470809	0.32754849459857	0.360626032116222
17084.9460129428	4475.5601229717	2.44388059317511	694326.578472328	576459.808688847	4.59446715793023	0.299949241997615	0.328530549875621	0.357427269389736
15166.3640713988	4852.19920138013	2.50855071013942	789766.321630568	645809.19194639	4.98284450202842	0.27279723580507	0.2928991865178	0.330488067374364
27629.7638595981	4825.01457102508	15.1290186545192	895567.807543105	578697.793277082	9.3132257928568	0.287110435670601	0.317831253392732	0.347438213469266
22511.6836737444	4621.84968833154	7.21801734581635	1171680.7487432	563227.45716542	9.04923503240627	0.322361099370353	0.35100480714431	0.375900195083676
19682.8138191539	4869.99564497783	3.4096590241701	873527.516256801	657299.157418719	3.76770513034554	0.28790689257103	0.320147983744164	0.3556593099525
14437.5328768522	4689.6788431864	2.48313707301761	649556.766524424	668980.814748755	2.5659961137457	0.292940845116536	0.330957625941913	0.375680320855797
21960.6493095273	5186.59345624289	3.33481705490867	975242.727886164	695945.42464506	4.74706360022783	0.317120464669522	0.3455090575287	0.383959249645437
39706.4787647842	4887.82320472487	11.1180899794031	1240279.0614915	638325.914864675	4.76515013775984	0.276240797471482	0.308732320916628	0.349996368131762
43852.6319583978	5155.55350751448	15.5963180988516	1447610.41047894	663820.635439267	12.382434915235	0.2881710072693	0.316675153942441	0.353962617656052
16460.016676883	5007.42035673727	2.54702582725327	781145.655122815	677148.098528073	4.09449175483272	0.290274635368733	0.320491175771107	0.355954586754762
25836.0138362836	4780.19099325964	8.12558067214794	1237547.35736308	669920.358389541	8.16562525990292	0.291706360009014	0.322474308269524	0.353731228064464
21491.5431065758	4557.10028749762	5.6215722095671	858998.227962088	562743.720785477	6.63676661286947	0.27736982365	0.314231308273776	0.350458057225486
19318.1808732722	5104.89407686626	2.54703338989524	764577.393289222	643771.052362975	2.33109663914532	0.267837581783911	0.297947175799702	0.337927692653799
18763.0857744119	5094.09816642134	3.21395226137156	868061.653555006	659287.076806188	3.06763221976277	0.283663940023507	0.315037030002649	0.344664277013481
17296.662334444	5125.90624127431	2.42493029876246	854701.037966561	658851.180476777	4.20420340034671	0.261800790409241	0.292438702165	0.322362760452128
19015.891112644	4644.6332052853	4.45959941110407	853099.996246792	652643.47836075	5.23821994222972	0.303407425938509	0.333727256525144	0.358465912648127
20331.133570209	4796.05467524247	3.76987655148853	791665.084067783	719511.008212296	4.16462074561122	0.304306383208969	0.33287327177841	0.360255964912935
25878.6754135399	5078.75865050761	5.84380833121343	1048102.2597872	642713.736330724	5.26973297864817	0.28370524932033	0.320054582075351	0.362935355466576
19552.6371417374	4747.7368059051	2.88316719570873	942989.357368815	622020.663137024	4.46125257295305	0.278322083025748	0.307907181185759	0.338817482638554
18002.549791121	5183.86960249698	2.91235950166868	877733.522003504	655339.092832836	4.49641722992895	0.294938071043944	0.326187674991663	0.361842545875907
24274.9210034235	4745.03290447788	9.24022723248962	1228728.07636716	672645.146467463	12.3586287079109	0.287266181095813	0.314752121062009	0.352122536648083
291594.724631656	4934.90024233814	31.0683397274703	7481421.57080842	632064.857756942	29.3298047347793	0.302243680698344	0.331449814677784	0.372963672580921
16935.9322106255	4396.55771690378	4.02957730145274	994289.655036519	585670.616194517	7.49315118691303	0.271885742751497	0.304907798436985	0.352930764039961
24590.1497610425	4925.58323721327	10.9913971178559	1028752.45239192	638088.898776704	9.04563298864502	0.298602280801418	0.326664232301089	0.363603341450391
77921.1392424484	5484.46096772932	22.9081721289096	3523521.44397685	756691.340229371	22.4202907483941	0.288140623548499	0.314232424717858	0.349950399711907
17462.3693040125	4458.31243520779	3.14239361122566	794396.023804829	605910.927191131	4.87112267897824	0.33654317149127	0.363375056775427	0.385233166852391
19233.3977544878	5083.88718561701	3.60956263017269	884563.991839424	685488.753733709	3.72237978319063	0.322180249995169	0.351221941282581	0.386688253715484
18539.4984565493	4804.92482843745	3.79030193966219	908842.736564574	645552.815367714	4.811044409681	0.324769766240327	0.354518405688764	0.388519590189561
19562.7358325067	4862.92411741747	6.67843559557262	674602.001730571	621024.668439402	2.57005323268978	0.286029780322421	0.317098549251396	0.353097834617541
16566.4685614238	4897.93106383346	2.88474476227391	700463.714174262	643844.234542027	3.49761409537878	0.292728048596896	0.321322964035567	0.352935084658499
39817.342558247	5040.51123518618	16.0577606340859	3594508.48525664	662468.602297781	25.4352161126242	0.275519376310023	0.306412962337482	0.345743250520486
16396.4754451186	5092.60715125182	2.57391545597013	753828.634373407	646510.265527219	4.31536515561331	0.296719867919172	0.326485257495738	0.355223802573298
18165.7083981802	4704.73845749252	3.9359898827945	798301.110546366	619941.539599727	5.57838657096844	0.317305890611162	0.345877387616727	0.373171559405795
16737.8714632348	4714.3439787013	3.34490418150238	749289.124258117	581596.924259835	3.83801600603075	0.323586788309508	0.350022490792303	0.376476955712218
15563.0362130083	4936.92321957066	2.24718692309912	813586.447899897	676876.401620208	5.47674676407991	0.294550656949857	0.323532621820271	0.353654972638869
49780.8197283108	5032.466985378	17.1786921184299	1179947.19588828	667942.103098918	8.76499748458558	0.29822435894212	0.326293601033106	0.352535809264526
19725.5643003258	4453.06867260621	5.60283115511465	1040414.29327358	633567.574561276	11.0660088506405	0.350559232232766	0.376135090573734	0.410963508061869
23374.7375262841	4377.20398418062	9.02838712057853	853990.17460424	608775.967871089	5.10666888461347	0.300792343219496	0.331897187700936	0.361028451944406
16311.193168445	4886.95298897447	2.11842093326387	715181.54992086	626409.348272016	3.04780564804564	0.31752280720133	0.346466861186717	0.371008668465973
97779.8621861332	4734.10568915703	26.5062599202814	4929042.19932295	674859.864144356	28.3287631428701	0.307583306278411	0.335508937297594	0.362187124250455
21672.6740454165	5111.08291595751	5.42193040939097	820584.075915031	759264.672388517	2.72472465188007	0.288467383881244	0.31773378669657	0.355638891097501
25266.0414416332	5102.97213788075	5.29746438119152	1130324.86215925	642135.464881445	5.71797804781124	0.284767550187709	0.310929391275896	0.346700526830664
15978.4723864898	4873.26552727688	2.47498877686421	729662.086046225	641977.596872012	3.59858254542855	0.266857159616385	0.299022602200126	0.333199990659888
57525.1144791901	4516.36547357957	22.1698546049911	3343900.05220049	595756.853979741	22.8673258290504	0.301291263617098	0.33213685537523	0.363782307393224
18227.479601243	4922.82818646844	2.45258321838562	913557.318198232	623006.859347173	3.31185424306318	0.328656334223938	0.35521027585407	0.370770298798345
19485.3344100538	5601.77115542997	2.37452663919067	977613.019490546	775531.272629197	3.13308597399184	0.286205322760786	0.314087788337331	0.343843004351994
36652.3926637085	5427.47956244283	7.42913402018629	1355235.67741069	688518.974634737	5.18203689517836	0.295485653647585	0.325382623906443	0.357001629679793
16412.7967676773	4789.71601451008	2.82140300027174	849968.047315926	616242.143466003	4.2722032192229	0.282835974726084	0.312919983940471	0.348765050471755
16537.8238793295	4615.54484689032	2.589407063662	782176.542230076	616536.977821861	3.44067911398713	0.278997691901737	0.314118724869816	0.350549028508613
20011.1321415329	4786.07031224831	3.65387111812411	948616.869259449	684440.272535493	6.36575158374111	0.313715119916434	0.341036223943589	0.364885423827256
21002.0082559383	5035.87809891047	2.95972817608229	860530.261670401	652426.489777284	2.94337907750065	0.282980924269859	0.310388789386035	0.340619862792397
19940.8517837558	4770.14436814281	2.82521895480091	879400.143879649	589087.434105928	3.30053430482095	0.293248067781562	0.321498323760812	0.355322395908132
22970.3330749397	5123.91172626629	6.0214717712744	1208550.8398394	641023.780607736	7.76676705573624	0.288757820403451	0.317870500127015	0.34705157584544
40297.5867279756	5332.3142935433	8.49139229068687	2093078.96147953	703845.939117967	10.2489003981901	0.319919188936171	0.344273907839625	0.36670290656313
17172.7189935929	4961.96651300845	2.16745787431361	796526.317015389	624747.734943826	3.51309014919004	0.294281924709351	0.322970742761218	0.361634738952891
21031.2248823826	5063.36704021853	3.74602254007673	923715.480671932	687939.004751847	3.66461715189709	0.26659714664758	0.296812111933663	0.332409490616789
27773.6397151896	4924.21826273165	10.6857417258922	1391329.23555246	634272.186782146	12.2221561650562	0.278681043934238	0.306499153934664	0.336377320492583
21852.9604266777	5138.11110316851	6.60193750641363	939429.690634985	653718.557605555	6.50863159916794	0.280857547248448	0.309387958200401	0.345117795936841
19949.055547292	4895.708755776	3.24233797768789	826464.894498002	598798.153946874	2.88691613485514	0.284160391303583	0.311402001165482	0.350240634720452
17931.4903135388	4797.8386382569	3.29725401133721	840258.746218622	621854.618674854	4.47836245275788	0.333070609500131	0.353415007177952	0.376914982429293
40713.5974021494	5092.98368121989	16.3401650531246	1822919.73454238	644609.581508283	17.0091351767148	0.287523484504698	0.31594000490393	0.351508130327345
20292.6037294474	4716.33227124442	4.59170841591411	811184.250018521	630629.551795954	4.36361652631544	0.319705229432856	0.345878617154915	0.380548505716387
16886.9534625615	4610.12531167438	3.83465255931975	693358.721840211	586367.492538259	5.11318998305458	0.302591617164784	0.331162949971156	0.361916317246768
20675.3390560431	4816.58111071262	3.18919212919512	885828.028084691	614637.763654934	4.64583985176357	0.296263225653668	0.325336063215033	0.358298712469775
23566.3600182376	4772.35400801784	3.8989537779746	1005312.21137529	624116.086306532	5.09139009770794	0.291236827502533	0.327581120801866	0.364662631475286
18779.763350349	4958.33716999564	3.07025723706287	940567.094494071	606534.929381473	4.97848541412546	0.293054822140271	0.322769311134578	0.351702099755663
40954.8621490893	5226.01732178708	14.5833071868764	1903580.02708695	716355.287133306	14.4647665096593	0.297246660749633	0.326609006259982	0.369027235650541
16256.3009457817	4699.71208254304	2.77913519473687	780145.311641723	618514.907069666	3.21705937382721	0.327683951237361	0.354070787163876	0.373191735901383
115670.826825064	4926.14878818944	23.4088646187314	2604184.41191498	645782.552806943	22.4164075361615	0.280461402773328	0.309022104014859	0.345621605540067
25191.9040230196	5076.30094723877	8.82343713342648	1080230.02602972	709667.83942866	7.43844529371485	0.273441323083279	0.295704516372715	0.324875301039068
22295.5940426045	5603.85323557467	4.40154593122498	1002206.29545927	728408.100507365	3.68116930591221	0.339643086058162	0.360436922747028	0.386617506476317
20173.0501715048	4845.46901277491	2.80631431383233	1029448.34948362	685474.25056085	5.6488445892587	0.285661591353277	0.317328178984927	0.357738606682493
20527.4465543252	5115.63649176513	3.8538621971173	1100663.57958322	734004.878673459	5.96485535938562	0.315607543618679	0.342049603993118	0.37274743149307
32113.840222463	5235.17323373958	8.89883401761656	1588684.94505866	704060.178897631	7.02891697577213	0.27289734787383	0.300090550894804	0.332590275042411
20268.0950381712	5458.77322783652	2.97963827032558	1073831.4511818	833484.877655052	5.93224207534055	0.284177003432716	0.312383446139197	0.346533719025782
22524.6176110334	4661.98242187425	5.93169634353528	927756.024544239	619352.180118122	6.05354662830994	0.27379318603187	0.305075213592215	0.343422004776128
18352.033942205	4600.74853054388	3.85490469679158	861688.306428922	583508.421472852	8.61488360365196	0.290724737957684	0.316818042279599	0.348185872798192
19055.1715988271	4645.54055879232	7.03772036300818	739113.973236671	627969.004972348	7.95526797700135	0.292417289508978	0.319227519840952	0.354276129543876
19746.6769193518	5248.7914200175	4.0628326987916	1053370.35611979	753488.854386908	6.01121023784552	0.316807364830836	0.342795855640953	0.371095723966627
22361.4004801966	4380.58790232047	7.07406028696651	869846.231818545	557654.292975375	6.83091697938786	0.287405240673459	0.31537055109204	0.352452887769706
19441.3223769458	4927.0083308815	3.64201247439322	980534.198982143	679555.745503736	5.89363207856047	0.301156631628117	0.329695630267499	0.362762714687813
27564.4167124159	5616.43600116064	3.26506362899383	1216834.26300663	719951.45412947	3.96169204601857	0.27291030006572	0.299761145049014	0.33844968592897
22897.6669817729	5073.08755423324	4.45200315029924	1109584.79208151	716803.183516408	5.76648086971947	0.286564549739517	0.320236707135257	0.353403855472144
25596.0835102816	5375.12608362154	7.99792015122161	1220028.83186724	716764.003673783	5.76307874380428	0.284140857678715	0.312262234086519	0.350835207448596
19939.0179398273	5373.56397195682	2.81329949095788	979101.87136765	749615.521028442	4.39225186575163	0.279766353096448	0.305736837816131	0.33100660007347
30285.9383904656	4898.70574710466	14.0538522756297	2444115.07400345	638813.947234155	23.4309104679273	0.274062865998976	0.304974227221684	0.338368938690931
17782.8273487253	4688.57450732564	3.25294215889422	863932.979486413	631953.347515016	5.75329870370729	0.273172593474212	0.304131671858488	0.340757650493166
20685.8200394284	4981.10093725917	5.43876771199764	904847.255352885	725672.876790603	4.61815640272805	0.301168676791022	0.326626279536251	0.3594809840354
18245.4388204171	4679.84121669729	4.26311660569094	791516.981066397	647275.171991488	3.98043102477627	0.299783306699658	0.325248079035103	0.35939445832631
20342.7255113734	5277.90061760362	2.7279369727288	1001918.54770378	731862.120562848	3.39219502103151	0.316312503722566	0.341191447706746	0.376185787951149
24201.857432593	5278.17033361959	7.18793468006406	931865.450424207	663330.12497761	4.16351338938681	0.308296461759882	0.336529265997351	0.369562369080731
52014.7548766283	4906.04933859929	22.2626408644202	1347443.20448661	674197.418896439	14.7481249889265	0.29533486597466	0.326215248770481	0.363054035787334
19778.3474767881	4763.56101256598	4.51896170995785	986741.409625918	648391.11722538	6.69950245494593	0.294792237252286	0.319702320678635	0.353040667788017
19811.7837150527	4649.31838597483	3.77311368878532	937032.176116056	645111.736030163	8.65958828103625	0.291056641722246	0.319431170376319	0.352530063006628
39631.1293034007	5607.63660767288	11.1713288060419	2113629.85585973	754618.839953203	15.3827981004114	0.288334371557178	0.317251716938491	0.351487828526504
18831.8966935343	4883.74480362443	2.67933452553723	797270.771688535	685447.734876098	3.25796305387422	0.293490672839819	0.323360253099036	0.357641004757432
25118.6496231833	4944.51450960824	4.85237276811597	1052847.24668642	657186.936655926	4.76198288973433	0.271884859318002	0.303979085437753	0.340938478366641
18340.4543202377	4928.66536654989	4.25261064652044	847312.515595418	651069.028256074	4.6785606436224	0.286486267566348	0.315644727642209	0.347614151086667
43199.4937049354	5179.10541328987	12.6365860010803	1696282.66742211	694449.853384242	10.1887122713176	0.311197545711457	0.336312348928854	0.367337149199193
21907.5577569582	5159.79842158029	3.41810819991616	1176053.6762602	685809.563178327	7.99887582961991	0.284404120634187	0.314293897265798	0.342223916037277
17963.2534101857	4186.53550865049	3.47740658586294	852752.17913015	524197.894454002	4.44953356158029	0.282417156910401	0.31818525631699	0.353037616058479
53543.7579256277	4854.49576705963	19.5276132664123	2697929.62993291	656885.774793883	22.143425180064	0.295165623696436	0.324001749274561	0.355152354187848
35423.3503771895	5345.24919276287	8.04369241892168	1578802.95962025	732825.010195387	7.81244896592915	0.2914946241868	0.318443495792284	0.343888791092855
19293.4681265525	4776.61120440441	3.6066937155271	866110.611153318	639143.616775758	5.18246319493466	0.293233510161404	0.323448414974316	0.353926936174318
58500.8893303981	5600.09176554537	22.4147022233908	2908533.93652091	820012.100409361	21.8516037365996	0.285833872698079	0.312557467102295	0.352964642216047
21924.3535957834	5295.44455661707	7.60868287727643	1108373.85567025	710812.50806185	8.04609337955556	0.303124644632551	0.328857215674107	0.362351395542965
26022.3307137415	4880.84479268436	9.83849285536713	931991.403651089	667191.704235974	4.5927791155463	0.29630569733031	0.323224363283556	0.360577089170505
20846.8524533524	4843.82450885112	3.34962165472182	1121489.49535639	684418.962878691	7.11829050415336	0.269857076931052	0.307050834970313	0.351037385590799
21759.0396022715	4593.90344600661	6.40219869722058	900805.634967037	588898.903514904	5.83964633034849	0.294325695147354	0.32130409747133	0.358005292416093
51910.5689895238	5265.76775395123	16.4663105924733	2575807.81576502	712616.243331159	20.2049079363685	0.30996866804513	0.337106429758535	0.371008762917261
17035.0786704194	4657.79186289638	2.70996486024227	671294.646366423	625995.869333247	2.63599808904176	0.284043147660497	0.319663738385561	0.35946180104695
15912.2629187146	5082.80333337308	1.92762618373797	756721.366917498	684344.607380019	3.24724593862522	0.301468306346162	0.32719194054087	0.350558851633513
22019.1552912561	5141.70879717817	3.40096194870309	1093338.33213299	695759.493453668	5.84792135366911	0.282859607653648	0.314370229885044	0.350151129731086
13375.3976282	4498.03734963269	2.20641564783106	706192.736303008	630975.713416652	4.6414258635872	0.305491050697758	0.334787943217796	0.36385138896188
26514.1316275586	5002.39824297902	10.7350924323367	1097283.05886353	643216.399692673	9.31848915625907	0.277729795462858	0.311916288589708	0.347423206007255
30096.859777689	4811.33421123034	15.5969097997264	1201068.95969618	661188.202372778	13.6648258520288	0.302211067322831	0.333419187116893	0.366180490829725
43287.7161090616	5087.414324914	19.0404787061741	2164558.67766817	663294.245864425	18.1337304892514	0.293584061377229	0.322632517824249	0.353140648577231
29184.5641488455	5243.25131019723	6.55209808216115	1294176.36034301	714081.243925913	6.0053365179817	0.283482919846599	0.31214271613426	0.344357697991816
15416.6780103769	4799.45929167384	2.28657705450847	671479.599792647	675582.22408031	3.16270018371136	0.278691584987655	0.310970708652423	0.346602054939043
20261.6943531995	4708.27198181858	4.33639635788328	927502.200007755	606338.726665098	5.96637589341833	0.316488678846456	0.344445551134415	0.379270373621127
20020.2714754281	4555.4684992339	4.38620921085905	866668.445914545	625126.450304406	4.46598305483582	0.279524125458602	0.310859166557088	0.342901666386512
22544.1952521467	4758.68734785751	4.08825377203809	905678.638693139	646154.920782825	4.3053934788494	0.295052364563232	0.328520373879505	0.373194228726859
16311.6018672939	4799.19509308388	2.4449926644753	1009013.32576489	582532.033094686	7.00801919320546	0.300718165257485	0.33156286130899	0.370891656865579
22657.0873060191	4792.99536919371	8.5965108789745	1417630.89530603	682279.058234784	15.6021967977624	0.298963981715917	0.3286050631103	0.35744473791848
