node1,node2,length,startLon,startLat,endLon,endLat,endNodeL,startNodeL,startYear,endYear,tipLabel
583,584,0.0576767261948268,-93.4099299053762,48.6311286857019,-97.884547274549,50.7729643163129,0.0576767261948268,0,2021.70469448619,2021.76237121239,NA
584,585,0.0421485006390263,-97.884547274549,50.7729643163129,-100.319800846459,51.5698020715503,0.0998252268338531,0.0576767261948268,2021.76237121239,2021.80451971303,NA
585,588,0.05423123116684,-100.319800846459,51.5698020715503,-99.9044110234418,51.5137774993436,0.154056458000693,0.0998252268338531,2021.80451971303,2021.85875094419,NA
584,696,0.123338027927738,-97.884547274549,50.7729643163129,-102.177675614204,48.9417876790981,0.181014754122565,0.0576767261948268,2021.76237121239,2021.88570924032,NA
588,589,0.0287535371732002,-99.9044110234418,51.5137774993436,-99.4100620062794,48.5720307080814,0.182809995173893,0.154056458000693,2021.85875094419,2021.88750448137,NA
585,586,0.0860925305855842,-100.319800846459,51.5698020715503,-100.28696860793,51.5795037134683,0.185917757419437,0.0998252268338531,2021.80451971303,2021.89061224361,NA
589,590,0.00694388248811162,-99.4100620062794,48.5720307080814,-99.6217488684872,45.8280489695869,0.189753877662005,0.182809995173893,2021.88750448137,2021.89444836386,NA
696,697,0.010117530042733,-102.177675614204,48.9417876790981,-102.10128621675,48.953926002086,0.191132284165298,0.181014754122565,2021.88570924032,2021.89582677036,NA
589,602,0.0164677372350979,-99.4100620062794,48.5720307080814,-97.9996903525912,51.12254390301,0.199277732408991,0.182809995173893,2021.88750448137,2021.9039722186,NA
602,603,0.00286383538103152,-97.9996903525912,51.12254390301,-101.109901833031,51.7388421348933,0.202141567790023,0.199277732408991,2021.9039722186,2021.90683605398,NA
603,604,0.00355722927997881,-101.109901833031,51.7388421348933,-101.910911093347,50.7173667671087,0.205698797070001,0.202141567790023,2021.90683605398,2021.91039328326,NA
604,605,3.36039508219699e-07,-101.910911093347,50.7173667671087,-101.899812711045,50.714456220396,0.20569913310951,0.205698797070001,2021.91039328326,2021.9103936193,NA
604,613,0.00226773788932944,-101.910911093347,50.7173667671087,-102.479354935582,50.9409315832627,0.207966534959331,0.205698797070001,2021.91039328326,2021.91266102115,NA
605,606,0.0112040644223907,-101.899812711045,50.714456220396,-101.553006423326,48.7125254090666,0.2169031975319,0.20569913310951,2021.9103936193,2021.92159768373,NA
606,609,0.00168280563616374,-101.553006423326,48.7125254090666,-101.703993733154,48.6978035806581,0.218586003168064,0.2169031975319,2021.92159768373,2021.92328048936,NA
609,610,0.0137446912641095,-101.703993733154,48.6978035806581,-102.029228772103,48.3741123354704,0.232330694432174,0.218586003168064,2021.92328048936,2021.93702518063,NA
588,692,0.0785405610896861,-99.9044110234418,51.5137774993436,-101.797412858843,51.4895120055292,0.232597019090379,0.154056458000693,2021.85875094419,2021.93729150528,NA
692,694,0.00652375512683223,-101.797412858843,51.4895120055292,-100.953283291163,51.2613936210529,0.239120774217211,0.232597019090379,2021.93729150528,2021.94381526041,NA
603,615,0.0541583879369743,-101.109901833031,51.7388421348933,-99.7814709018268,51.6172384982351,0.256299955726997,0.202141567790023,2021.90683605398,2021.96099444192,NA
615,616,0.0141229874361928,-99.7814709018268,51.6172384982351,-99.4153114542647,51.3779642616214,0.27042294316319,0.256299955726997,2021.96099444192,2021.97511742936,NA
697,698,0.0832790731672906,-102.10128621675,48.953926002086,-98.2971541332336,47.3754127910998,0.274411357332588,0.191132284165298,2021.89582677036,2021.97910584353,NA
692,693,0.0433928386493081,-101.797412858843,51.4895120055292,-100.444650426728,50.4340727493323,0.275989857739687,0.232597019090379,2021.93729150528,2021.98068434393,NA
698,699,0.0084806380829221,-98.2971541332336,47.3754127910998,-98.3855510980808,47.5606736981389,0.28289199541551,0.274411357332588,2021.97910584353,2021.98758648161,NA
694,695,0.055093324595461,-100.953283291163,51.2613936210529,-98.3283403373115,50.2592703928707,0.294214098812672,0.239120774217211,2021.94381526041,2021.99890858501,NA
615,690,0.0484180101163352,-99.7814709018268,51.6172384982351,-102.961602462811,50.3353150445671,0.304717965843332,0.256299955726997,2021.96099444192,2022.00941245204,NA
616,617,0.0346302943422216,-99.4153114542647,51.3779642616214,-98.4899276900429,47.5725645259809,0.305053237505411,0.27042294316319,2021.97511742936,2022.0097477237,NA
617,618,0.0108961948711075,-98.4899276900429,47.5725645259809,-99.3491195405639,47.3884638220584,0.315949432376519,0.305053237505411,2022.0097477237,2022.02064391857,NA
609,611,0.103753888527633,-101.703993733154,48.6978035806581,-97.9848249574105,45.5833233025976,0.322339891695698,0.218586003168064,2021.92328048936,2022.02703437789,NA
618,619,0.0102859014087309,-99.3491195405639,47.3884638220584,-99.5589658600233,49.0770823337231,0.32623533378525,0.315949432376519,2022.02064391857,2022.03092981998,NA
613,614,0.125427427163432,-102.479354935582,50.9409315832627,-97.8777754851587,49.8382123448211,0.333393962122763,0.207966534959331,2021.91266102115,2022.03808844832,NA
690,691,0.0452272936646376,-102.961602462811,50.3353150445671,-102.914796515588,50.4173260500913,0.34994525950797,0.304717965843332,2022.00941245204,2022.0546397457,NA
619,686,0.0506455090765647,-99.5589658600233,49.0770823337231,-96.4558728496395,48.6149711157309,0.376880842861814,0.32623533378525,2022.03092981998,2022.08157532906,NA
619,620,0.0506904875973375,-99.5589658600233,49.0770823337231,-93.4077538713865,46.2577464877519,0.376925821382587,0.32623533378525,2022.03092981998,2022.08162030758,NA
686,687,0.00138557689978613,-96.4558728496395,48.6149711157309,-95.301920856728,48.2827990354238,0.378266419761601,0.376880842861814,2022.08157532906,2022.08296090596,NA
620,628,0.00343795910308042,-93.4077538713865,46.2577464877519,-93.3794159617891,46.9238883637215,0.380363780485668,0.376925821382587,2022.08162030758,2022.08505826668,NA
698,701,0.107051379054465,-98.2971541332336,47.3754127910998,-117.230247058755,54.218870751016,0.381462736387053,0.274411357332588,2021.97910584353,2022.08615722258,NA
628,629,0.00276267922431739,-93.3794159617891,46.9238883637215,-93.1674603311298,46.660273367749,0.383126459709985,0.380363780485668,2022.08505826668,2022.0878209459,NA
687,688,0.0314148018900062,-95.301920856728,48.2827990354238,-95.2903395600664,48.1597274233086,0.409681221651607,0.378266419761601,2022.08296090596,2022.11437570785,NA
629,685,0.0339749579579509,-93.1674603311298,46.660273367749,-91.7737850514484,45.7997571244182,0.417101417667936,0.383126459709985,2022.0878209459,2022.12179590386,NA
629,630,0.0363723182176825,-93.1674603311298,46.660273367749,-89.6914116339605,43.2900964090028,0.419498777927668,0.383126459709985,2022.0878209459,2022.12419326412,NA
699,700,0.137585017229259,-98.3855510980808,47.5606736981389,-85.1387578252373,44.1971198065727,0.420477012644769,0.28289199541551,2021.98758648161,2022.12517149884,NA
701,704,0.0444420195482538,-117.230247058755,54.218870751016,-120.347767825892,54.2988119762382,0.425904755935307,0.381462736387053,2022.08615722258,2022.13059924213,NA
704,705,0.00026315890332107,-120.347767825892,54.2988119762382,-120.340471311298,54.3048383858093,0.426167914838628,0.425904755935307,2022.13059924213,2022.13086240103,NA
630,675,0.00739941943387734,-89.6914116339605,43.2900964090028,-90.127120054307,43.2746923173049,0.426898197361545,0.419498777927668,2022.12419326412,2022.13159268356,NA
704,791,0.0142000863592568,-120.347767825892,54.2988119762382,-114.666825925393,49.8962041144485,0.440104842294564,0.425904755935307,2022.13059924213,2022.14479932849,NA
705,710,0.0183982510460772,-120.340471311298,54.3048383858093,-125.770360882179,57.6410524160285,0.444566165884705,0.426167914838628,2022.13086240103,2022.14926065208,NA
710,711,0.000161675839121855,-125.770360882179,57.6410524160285,-125.8303369087,57.1773207669291,0.444727841723827,0.444566165884705,2022.14926065208,2022.14942232792,NA
711,723,0.00477689315448782,-125.8303369087,57.1773207669291,-125.867758019214,57.2374863640866,0.449504734878315,0.444727841723827,2022.14942232792,2022.15419922107,NA
723,764,0.00646163131282584,-125.867758019214,57.2374863640866,-126.628442624723,58.5273933146165,0.455966366191141,0.449504734878315,2022.15419922107,2022.16066085239,NA
611,612,0.137816344813505,-97.9848249574105,45.5833233025976,-94.7466877392875,45.2152005489938,0.460156236509202,0.322339891695698,2022.02703437789,2022.1648507227,NA
710,781,0.0256226300517821,-125.770360882179,57.6410524160285,-124.751132941438,54.4076034479883,0.470188795936487,0.444566165884705,2022.14926065208,2022.17488328213,NA
723,724,0.0215389967996065,-125.867758019214,57.2374863640866,-123.928250840544,57.560804012912,0.471043731677921,0.449504734878315,2022.15419922107,2022.17573821787,NA
606,607,0.256393761215203,-101.553006423326,48.7125254090666,-97.7861624944414,45.8601323888537,0.473296958747103,0.2169031975319,2021.92159768373,2022.17799144494,NA
791,792,0.0381365694038194,-114.666825925393,49.8962041144485,-103.480475001857,43.0767920565835,0.478241411698383,0.440104842294564,2022.14479932849,2022.18293589789,NA
724,727,0.00977590182503185,-123.928250840544,57.560804012912,-121.128254675005,54.5962190440769,0.480819633502953,0.471043731677921,2022.17573821787,2022.1855141197,NA
724,725,0.0126245507166818,-123.928250840544,57.560804012912,-126.007973643856,58.4217684466893,0.483668282394603,0.471043731677921,2022.17573821787,2022.18836276859,NA
781,782,0.0140104349443724,-124.751132941438,54.4076034479883,-122.965107294947,47.6554309312033,0.48419923088086,0.470188795936487,2022.17488328213,2022.18889371707,NA
701,702,0.104340441886265,-117.230247058755,54.218870751016,-133.362956391592,55.0998536979211,0.485803178273318,0.381462736387053,2022.08615722258,2022.19049766447,NA
590,593,0.30551028985008,-99.6217488684872,45.8280489695869,-111.072509206819,45.1796346957144,0.495264167512085,0.189753877662005,2021.89444836386,2022.19995865371,NA
593,596,0.000144570312072823,-111.072509206819,45.1796346957144,-111.221785459998,45.2212691787084,0.495408737824158,0.495264167512085,2022.19995865371,2022.20010322402,NA
782,783,0.0170377294244348,-122.965107294947,47.6554309312033,-123.050817515038,47.5678706610233,0.501236960305294,0.48419923088086,2022.18889371707,2022.2059314465,NA
783,786,0.00228891587701652,-123.050817515038,47.5678706610233,-122.02998682678,48.0339259072973,0.503525876182311,0.501236960305294,2022.2059314465,2022.20822036238,NA
593,594,0.0113642527718247,-111.072509206819,45.1796346957144,-111.127986484611,45.2004788110914,0.50662842028391,0.495264167512085,2022.19995865371,2022.21132290648,NA
675,676,0.0805247622292122,-90.127120054307,43.2746923173049,-93.0373245489873,41.5492820070843,0.507422959590757,0.426898197361545,2022.13159268356,2022.21211744578,NA
792,793,0.0292735886579045,-103.480475001857,43.0767920565835,-100.457249860157,40.8735795030536,0.507515000356288,0.478241411698383,2022.18293589789,2022.21220948655,NA
605,570,0.303305010833726,-101.899812711045,50.714456220396,-96.7292477430634,48.1858716192536,0.509004143943236,0.20569913310951,2021.9103936193,2022.21369863014,SRR24839471|A/haliaeetus_leucocephalus/Minnesota/AH0144539/2022|H5N1|USA-MN|2022-03-20|wild_avian|B3.2
611,577,0.189403978274895,-97.9848249574105,45.5833233025976,-97.6383580953078,43.6795481067533,0.511743869970593,0.322339891695698,2022.02703437789,2022.21643835616,OQ966412|A/Turkey/South_Dakota/22-008485-001/2022|H5N1|USA-SD|2022-03-21|domestic_avian|B3.2
691,579,0.164538336489981,-102.914796515588,50.4173260500913,-97.4125052569777,44.379079018718,0.51448359599795,0.34994525950797,2022.0546397457,2022.21917808219,EPI_ISL_11971487|A/chicken/South_Dakota/22-008704-002/2022|H5N1|USA-SD|2022-03-22|domestic_avian|B3.2
586,587,0.329333831854578,-100.28696860793,51.5795037134683,-100.036329818097,48.4138272691189,0.515251589274015,0.185917757419437,2021.89061224361,2022.21994607547,NA
602,573,0.317945589616317,-97.9996903525912,51.12254390301,-99.2317474530655,47.475027081377,0.517223322025308,0.199277732408991,2021.9039722186,2022.22191780822,OQ964276|A/Snow_Goose/North_Dakota/22-009481-003/2022|H5N1|USA-NC|2022-03-23|wild_avian|B3.2
617,493,0.212170084519896,-98.4899276900429,47.5725645259809,-98.6263756272771,47.5706992931719,0.517223322025308,0.305053237505411,2022.0097477237,2022.22191780822,OQ963444|A/Ross_s_goose/North_Dakota/22-009481-019/2022|H5N1|USA-NC|2022-03-23|wild_avian|B3.2
725,726,0.0354086277314818,-126.007973643856,58.4217684466893,-116.305877440036,55.7013384202787,0.519076910126085,0.483668282394603,2022.18836276859,2022.22377139632,NA
727,728,0.0436008279677287,-121.128254675005,54.5962190440769,-119.367728894838,52.1667080180463,0.524420461470682,0.480819633502953,2022.1855141197,2022.22911494766,NA
705,706,0.101401874414675,-120.340471311298,54.3048383858093,-127.795363235201,52.8089020117489,0.527569789253303,0.426167914838628,2022.13086240103,2022.23226427545,NA
590,591,0.342551959498712,-99.6217488684872,45.8280489695869,-88.8167519621166,39.1835870971214,0.532305837160717,0.189753877662005,2021.89444836386,2022.23700032335,NA
607,608,0.0602434618255958,-97.7861624944414,45.8601323888537,-109.970972240769,50.6214387103004,0.533540420572699,0.473296958747103,2022.17799144494,2022.23823490677,NA
675,549,0.106763480828135,-90.127120054307,43.2746923173049,-93.1702731383952,44.6252699562319,0.533661678189679,0.426898197361545,2022.13159268356,2022.23835616438,OQ957668|A/American_Crow/Minnesota/22-009668-001/2022|H5N1|USA-MN|2022-03-29|wild_avian|B3.2
687,689,0.159659324341849,-95.301920856728,48.2827990354238,-90.1487690735385,45.5521907396445,0.53792574410345,0.378266419761601,2022.08296090596,2022.2426202303,NA
702,703,0.0579010958806072,-133.362956391592,55.0998536979211,-132.654094933911,57.9232242505954,0.543704274153925,0.485803178273318,2022.19049766447,2022.24839876035,NA
689,563,0.00943456422324385,-90.1487690735385,45.5521907396445,-90.0318064107707,45.4825052905314,0.547360308326694,0.53792574410345,2022.2426202303,2022.25205479452,SRR24843021|A/lophodytes_cucullatus/Wisconsin/AH0211463/2022|H5N1|USA-WI|2022-04-03|wild_avian|B3.2
786,787,0.0449139575530921,-122.02998682678,48.0339259072973,-126.39275086747,47.295212128625,0.548439833735403,0.503525876182311,2022.20822036238,2022.25313431993,NA
783,784,0.0508701668296281,-123.050817515038,47.5678706610233,-120.686636114403,47.1055575299606,0.552107127134922,0.501236960305294,2022.2059314465,2022.25680161333,NA
793,794,0.0455311061561834,-100.457249860157,40.8735795030536,-101.910684951562,40.331883153886,0.553046106512471,0.507515000356288,2022.21220948655,2022.25774059271,NA
794,795,0.00159096168277051,-101.910684951562,40.331883153886,-101.378701707034,40.0584329053612,0.554637068195242,0.553046106512471,2022.25774059271,2022.25933155439,NA
764,765,0.101383814472662,-126.628442624723,58.5273933146165,-127.663187555421,61.04707487142,0.557350180663803,0.455966366191141,2022.16066085239,2022.26204466686,NA
587,490,0.0458073491896931,-100.036329818097,48.4138272691189,-97.9207997778918,49.3166251512866,0.561058938463708,0.515251589274015,2022.21994607547,2022.26575342466,PV317784|A/Snow_Goose/MB/FAV-0227-3-2022/2022|H5N1|Canada-MB|2022-04-08|wild_avian|B3.2
594,595,0.0588333240609611,-111.127986484611,45.2004788110914,-110.684866451781,41.1959166660605,0.565461744344871,0.50662842028391,2022.21132290648,2022.27015623054,NA
676,677,0.0623072046912521,-93.0373245489873,41.5492820070843,-91.3240989512147,46.0426801736216,0.569730164282009,0.507422959590757,2022.21211744578,2022.27442465048,NA
596,601,0.076478883311907,-111.221785459998,45.2212691787084,-108.665680134386,41.4987228577818,0.571887621136065,0.495408737824158,2022.20010322402,2022.27658210733,NA
794,851,0.0225756694641439,-101.910684951562,40.331883153886,-103.335062765974,40.8807792660807,0.575621775976615,0.553046106512471,2022.25774059271,2022.28031626217,NA
685,503,0.160395876960144,-91.7737850514484,45.7997571244182,-91.8572195655617,45.8011317669885,0.57749729462808,0.417101417667936,2022.12179590386,2022.28219178082,PQ719833|A/Wood_Duck/WI/22-014367-001-original/2022|H5N1|USA-WI|2022-04-14|wild_avian|B3.2
700,475,0.157020281983311,-85.1387578252373,44.1971198065727,-95.9711725363826,47.395224422171,0.57749729462808,0.420477012644769,2022.12517149884,2022.28219178082,SRR24843342|A/anser_rossii/Minnesota/AH0218392/2022|H5N1|USA-MN|2022-04-14|wild_avian|B3.2
693,8,0.30424716291575,-100.444650426728,50.4340727493323,-91.4060313427012,41.2938268793344,0.580237020655437,0.275989857739687,2021.98068434393,2022.28493150685,OQ962748|A/Peregrine_Falcon/Iowa/22-012093-001/2022|H5N1|USA-IA|2022-04-15|wild_avian|B3.2
795,796,0.0264568090624246,-101.378701707034,40.0584329053612,-102.993658425047,40.7042799700829,0.581093877257666,0.554637068195242,2022.25933155439,2022.28578836345,NA
765,766,0.0241480718460432,-127.663187555421,61.04707487142,-127.819934171918,61.3936851576403,0.581498252509846,0.557350180663803,2022.26204466686,2022.2861927387,NA
591,3,0.05615036157702,-88.8167519621166,39.1835870971214,-94.1544041823365,45.4175120787251,0.588456198737737,0.532305837160717,2022.23700032335,2022.29315068493,OQ966052|A/Turkey/Minnesota/22-012036-001/2022|H5N1|USA-MN|2022-04-18|domestic_avian|B3.2
596,597,0.0947035940742085,-111.221785459998,45.2212691787084,-110.771678898825,42.4827644686209,0.590112331898367,0.495408737824158,2022.20010322402,2022.29480681809,NA
700,476,0.170718912120325,-85.1387578252373,44.1971198065727,-97.0051772910874,46.3465292613235,0.591195924765094,0.420477012644769,2022.12517149884,2022.29589041096,EPI_ISL_16171251|A/turkey/North_Dakota/22-012099-002/2022|H5N1|USA-ND|2022-04-19|domestic_avian|B3.2
728,729,0.0676480534857853,-119.367728894838,52.1667080180463,-122.994531143319,46.9857456579669,0.592068514956467,0.524420461470682,2022.22911494766,2022.29676300115,NA
851,852,0.0194833780015058,-103.335062765974,40.8807792660807,-103.395503997411,40.8883363243391,0.595105153978121,0.575621775976615,2022.28031626217,2022.29979964017,NA
796,797,0.0145350211465796,-102.993658425047,40.7042799700829,-102.110615296001,39.7065324286366,0.595628898404246,0.581093877257666,2022.28578836345,2022.3003233846,NA
616,574,0.328992159683977,-99.4153114542647,51.3779642616214,-105.055616222336,55.1992163771864,0.599415102847166,0.27042294316319,2021.97511742936,2022.30410958904,PV304560|A/Black-billed_Magpie/SK/FAV-0802-32-2022/2022|H5N1|Canada-SK|2022-04-22|wild_avian|B3.2
695,4,0.305201004034494,-98.3283403373115,50.2592703928707,-98.3777530949503,50.4901141184919,0.599415102847166,0.294214098812672,2021.99890858501,2022.30410958904,PV301952|A/American_Crow/MB/FAV-0364-9-2022/2022|H5N1|Canada-MB|2022-04-22|wild_avian|B3.2
689,562,0.0614893587437164,-90.1487690735385,45.5521907396445,-87.5624089438237,45.8602385052726,0.599415102847166,0.53792574410345,2022.2426202303,2022.30410958904,OQ958516|A/Backyard_bird/Michigan/22-012454-001/2022|H5N1|USA-MI|2022-04-22|domestic_avian|B3.2
601,479,0.0275274817111013,-108.665680134386,41.4987228577818,-109.077396037515,42.0679573316958,0.599415102847166,0.571887621136065,2022.27658210733,2022.30410958904,OQ961660|A/Great_Horned_Owl/Wyoming/22-013016-001/2022|H5N1|USA-WY|2022-04-22|wild_avian|B3.2
618,566,0.291684848552947,-99.3491195405639,47.3884638220584,-89.8831586415956,41.2907864576203,0.607634280929466,0.315949432376519,2022.02064391857,2022.31232876712,PQ702001|A/American_white_Pelican/IL/22-013436-001-original/2022|H5N1|USA-IL|2022-04-25|wild_avian|B3.2
601,480,0.0357466597934009,-108.665680134386,41.4987228577818,-107.521925640593,41.6023339933644,0.607634280929466,0.571887621136065,2022.27658210733,2022.31232876712,OQ961668|A/Great_Horned_Owl/Wyoming/22-013016-002/2022|H5N1|USA-WY|2022-04-25|wild_avian|B3.2
630,631,0.188194181662764,-89.6914116339605,43.2900964090028,-88.5242223682774,43.6671624695196,0.607692959590431,0.419498777927668,2022.12419326412,2022.31238744578,NA
677,684,0.0381218640940264,-91.3240989512147,46.0426801736216,-94.917248222915,47.385439475485,0.607852028376036,0.569730164282009,2022.27442465048,2022.31254651457,NA
586,491,0.424456249537386,-100.28696860793,51.5795037134683,-76.7139318449999,39.2255809647172,0.610374006956823,0.185917757419437,2021.89061224361,2022.31506849315,OQ960380|A/Black_Vulture/Maryland/22-012990-001/2022|H5N1|USA-MD|2022-04-26|wild_avian|B3.2
694,5,0.371253232739612,-100.953283291163,51.2613936210529,-96.2068006885104,41.5848768013956,0.610374006956823,0.239120774217211,2021.94381526041,2022.31506849315,SRR24842963|A/gallus_gallus/Nebraska/22-013105-001/2022|H5N1|USA-NE|2022-04-26|domestic_avian|B3.2
595,487,0.0449122626119522,-110.684866451781,41.1959166660605,-111.581846424702,41.3390963234166,0.610374006956823,0.565461744344871,2022.27015623054,2022.31506849315,OQ966732|A/Turkey/Utah/22-012960-001/2022|H5N1|USA-UT|2022-04-26|domestic_avian|B3.2
727,474,0.132294099481228,-121.128254675005,54.5962190440769,-117.900616302528,56.0291709990095,0.613113732984181,0.480819633502953,2022.1855141197,2022.31780821918,PV317584|A/Snow_Goose/AB/FAV-0505-21-2022/2022|H5N1|Canada-AB|2022-04-27|wild_avian|B3.2
677,678,0.0434357740411424,-91.3240989512147,46.0426801736216,-94.9179183820586,40.1864412698617,0.613165938323152,0.569730164282009,2022.27442465048,2022.31786042452,NA
711,712,0.169435494023061,-125.8303369087,57.1773207669291,-144.029388440456,62.0459639417622,0.614163335746888,0.444727841723827,2022.14942232792,2022.31885782194,NA
693,7,0.339863601272078,-100.444650426728,50.4340727493323,-97.3417411960871,41.3179730602803,0.615853459011765,0.275989857739687,2021.98068434393,2022.32054794521,PQ715265|A/Peregrine_falcon/NE/22-013518-001-original/2022|H5N1|USA-NE|2022-04-28|wild_avian|B3.2
691,580,0.265908199503796,-102.914796515588,50.4173260500913,-99.0401343484226,48.7807421324726,0.615853459011765,0.34994525950797,2022.0546397457,2022.32054794521,PQ718233|A/Snow_goose/ND/22-013421-001-original/2022|H5N1|USA-ND|2022-04-28|wild_avian|B3.2
608,568,0.0823130384390667,-109.970972240769,50.6214387103004,-107.380756002168,50.2168904146982,0.615853459011765,0.533540420572699,2022.23823490677,2022.32054794521,PV303016|A/American_Crow/SK/FAV-0575-14-2022/2022|H5N1|Canada-SK|2022-04-28|wild_avian|B3.2
782,468,0.134393954158263,-122.965107294947,47.6554309312033,-116.034268526263,54.3591964650092,0.618593185039123,0.48419923088086,2022.18889371707,2022.32328767123,PV317592|A/Snow_Goose/AB/FAV-0505-32-2022/2022|H5N1|Canada-AB|2022-04-29|wild_avian|B3.2
706,473,0.09102339578582,-127.795363235201,52.8089020117489,-149.71347113778,61.2045846214824,0.618593185039123,0.527569789253303,2022.23226427545,2022.32328767123,SRR24842838|A/anser_sp/Alaska/22-013831-003/2022|H5N1|USA-AK|2022-04-29|wild_avian|B3.2
851,1074,0.0463889569574873,-103.335062765974,40.8807792660807,-102.232425248157,41.215480046765,0.622010732934102,0.575621775976615,2022.28031626217,2022.32670521913,NA
597,598,0.0328038251655505,-110.771678898825,42.4827644686209,-112.033477265509,40.5650939926666,0.622916157063917,0.590112331898367,2022.29480681809,2022.32761064326,NA
697,9,0.435680078955897,-102.10128621675,48.953926002086,-103.749521268567,46.7534247664733,0.626812363121195,0.191132284165298,2021.89582677036,2022.33150684932,PQ711641|A/Great_horned_owl/ND/22-014030-001-original/2022|H5N1|USA-ND|2022-05-02|wild_avian|B3.2
685,502,0.215190397508201,-91.7737850514484,45.7997571244182,-92.0294817467885,45.6026342295841,0.632291815176137,0.417101417667936,2022.12179590386,2022.33698630137,EPI_ISL_16240162|A/turkey/Wisconsin/22-014125-001/2022|H5N1|USA-WI|2022-05-04|domestic_avian|B3.2
610,582,0.402700846771321,-102.029228772103,48.3741123354704,-99.394539902186,47.0364087516425,0.635031541203495,0.232330694432174,2021.93702518063,2022.3397260274,PQ701529|A/American_crow/ND/22-014532-001-original/2022|H5N1|USA-ND|2022-05-05|wild_avian|B3.2
607,569,0.161734582456392,-97.7861624944414,45.8601323888537,-107.43150191881,58.2813539313927,0.635031541203495,0.473296958747103,2022.17799144494,2022.3397260274,PV313464|A/Great_Horned_Owl/SK/FAV-0802-45-2022/2022|H5N1|Canada-SK|2022-05-05|wild_avian|B3.2
594,488,0.128403120919585,-111.127986484611,45.2004788110914,-111.384557733637,43.1769071234698,0.635031541203495,0.50662842028391,2022.21132290648,2022.3397260274,PQ719065|A/Turkey_Vulture/ID/22-014968-007-original/2022|H5N1|USA-ID|2022-05-05|wild_avian|B3.2
587,489,0.11977995192948,-100.036329818097,48.4138272691189,-112.254359681854,51.6707873643967,0.635031541203495,0.515251589274015,2022.21994607547,2022.3397260274,PV304264|A/Black-Billed_Magpie/AB/FAV-0505-53-2022/2022|H5N1|Canada-AB|2022-05-05|wild_avian|B3.2
696,478,0.456756513108287,-102.177675614204,48.9417876790981,-93.6222887059405,43.0079599826034,0.637771267230852,0.181014754122565,2021.88570924032,2022.34246575342,EPI_ISL_13052721|A/fox/Iowa/22-014421-001/2022|H5N1|USA-IA|2022-05-06|other_mammal|B3.2
695,6,0.34355716841818,-98.3283403373115,50.2592703928707,-98.4060121333369,49.8203450748968,0.637771267230852,0.294214098812672,2021.99890858501,2022.34246575342,PV301984|A/American_Crow/MB/FAV-0469-14-2022/2022|H5N1|Canada-MB|2022-05-06|wild_avian|B3.2
852,853,0.0427796834179972,-103.395503997411,40.8883363243391,-102.448083426047,40.7094386630848,0.637884837396118,0.595105153978121,2022.29979964017,2022.34257932359,NA
729,732,0.048845629920061,-122.994531143319,46.9857456579669,-120.752282538419,44.2629797396943,0.640914144876528,0.592068514956467,2022.29676300115,2022.34560863107,NA
686,561,0.26910960245111,-96.4558728496395,48.6149711157309,-88.7526123166545,45.5927285805136,0.645990445312924,0.376880842861814,2022.08157532906,2022.35068493151,PQ703545|A/Bald_eagle/WI/22-014416-001-original/2022|H5N1|USA-WI|2022-05-09|wild_avian|B3.2
595,486,0.0805287009680531,-110.684866451781,41.1959166660605,-111.755957952602,41.906312497618,0.645990445312924,0.565461744344871,2022.27015623054,2022.35068493151,EPI_ISL_16240508|A/guinea_fowl/Utah/22-014481-002/2022|H5N1|USA-UT|2022-05-09|domestic_avian|B3.2
678,680,0.0329815332864776,-94.9179183820586,40.1864412698617,-88.0765925713626,42.6633861294369,0.646147471609629,0.613165938323152,2022.31786042452,2022.3508419578,NA
791,1142,0.207411700221551,-114.666825925393,49.8962041144485,-109.011971868916,44.3519783959698,0.647516542516115,0.440104842294564,2022.14479932849,2022.35221102871,NA
784,785,0.0954745303981355,-120.686636114403,47.1055575299606,-115.641139433257,45.3455411970733,0.647581657533058,0.552107127134922,2022.25680161333,2022.35227614373,NA
726,12,0.129653261214424,-116.305877440036,55.7013384202787,-111.99313901534,50.1801782825452,0.648730171340509,0.519076910126085,2022.22377139632,2022.35342465753,PV304312|A/Black-Billed_Magpie/AB/FAV-0918-11-2022/2022|H5N1|Canada-AB|2022-05-10|wild_avian|B3.2
786,391,0.147944021185555,-122.02998682678,48.0339259072973,-122.074204827259,48.496906703038,0.651469897367866,0.503525876182311,2022.20822036238,2022.35616438356,PQ708929|A/Canada_goose/WA/22-015526-002-original/2022|H5N1|USA-WA|2022-05-11|wild_avian|B3.2
784,392,0.0993627702329438,-120.686636114403,47.1055575299606,-119.39896765128,46.6844156156597,0.651469897367866,0.552107127134922,2022.25680161333,2022.35616438356,PQ719521|A/Western_screech_owl/WA/22-015526-006-original/2022|H5N1|USA-WA|2022-05-11|wild_avian|B3.2
787,788,0.103683809045426,-126.39275086747,47.295212128625,-113.837538222029,46.9635401287528,0.652123642780829,0.548439833735403,2022.25313431993,2022.35681812897,NA
732,733,0.011796104752555,-120.752282538419,44.2629797396943,-121.582558624289,44.3522617358695,0.652710249629083,0.640914144876528,2022.34560863107,2022.35740473582,NA
797,798,0.0577540599378348,-102.110615296001,39.7065324286366,-100.667303317087,38.4807753676455,0.65338295834208,0.595628898404246,2022.3003233846,2022.35807744454,NA
798,799,0.00248091129145278,-100.667303317087,38.4807753676455,-100.911753738619,39.0432043755952,0.655863869633533,0.65338295834208,2022.35807744454,2022.36055835583,NA
610,581,0.424618654990407,-102.029228772103,48.3741123354704,-96.3303875427439,47.1444580536911,0.656949349422581,0.232330694432174,2021.93702518063,2022.36164383562,EPI_ISL_16243992|A/chicken/Minnesota/22-015398-002/2022|H5N1|USA-MN|2022-05-13|domestic_avian|B3.2
628,560,0.276585568936913,-93.3794159617891,46.9238883637215,-93.4335929309671,47.1081177861639,0.656949349422581,0.380363780485668,2022.08505826668,2022.36164383562,EPI_ISL_15078249|A/fox/Minnesota/22-016487-001/2022|H5N1|USA-MN|2022-05-13|other_mammal|B3.2
598,485,0.0340331923586641,-112.033477265509,40.5650939926666,-111.892723417435,40.6820943119112,0.656949349422581,0.622916157063917,2022.32761064326,2022.36164383562,EPI_ISL_16243660|A/chicken/Utah/22-015245-001/2022|H5N1|USA-UT|2022-05-13|domestic_avian|B3.2
612,575,0.199532838940736,-94.7466877392875,45.2152005489938,-88.7733170514003,42.1998918440234,0.659689075449938,0.460156236509202,2022.1648507227,2022.36438356164,EPI_ISL_16243651|A/chicken/Illinois/22-015233-006/2022|H5N1|USA-IL|2022-05-14|domestic_avian|B3.2
799,800,0.00765210131756033,-100.911753738619,39.0432043755952,-99.7648297061122,36.5876841222385,0.663515970951094,0.655863869633533,2022.36055835583,2022.36821045714,NA
631,632,0.0568592199982074,-88.5242223682774,43.6671624695196,-85.8342822195337,41.9691163296708,0.664552179588639,0.607692959590431,2022.31238744578,2022.36924666578,NA
684,559,0.0573164991288451,-94.917248222915,47.385439475485,-93.0224249312073,49.6872913127511,0.665168527504881,0.607852028376036,2022.31254651457,2022.3698630137,PV303360|A/American_White_Pelican/ON/FAV-0803-1-2022/2022|H5N1|Canada-ON|2022-05-16|wild_avian|B3.2
787,390,0.119468419796835,-126.39275086747,47.295212128625,-116.336540388693,43.3794223942711,0.667908253532238,0.548439833735403,2022.25313431993,2022.37260273973,EPI_ISL_16244005|A/chicken/Idaho/22-015408-001/2022|H5N1|USA-ID|2022-05-17|domestic_avian|B3.2
853,855,0.0349213936660013,-102.448083426047,40.7094386630848,-100.83705700691,40.7602729835384,0.672806231062119,0.637884837396118,2022.34257932359,2022.37750071726,NA
855,857,0.00218684434113792,-100.83705700691,40.7602729835384,-101.49978371285,42.1004672952305,0.674993075403257,0.672806231062119,2022.37750071726,2022.3796875616,NA
614,571,0.342733469491547,-97.8777754851587,49.8382123448211,-109.607653192627,53.9530685196409,0.67612743161431,0.333393962122763,2022.03808844832,2022.38082191781,PV303168|A/American_Crow/SK/FAV-0802-76-2022/2022|H5N1|Canada-SK|2022-05-20|wild_avian|B3.2
614,578,0.345473195519132,-97.8777754851587,49.8382123448211,-98.3643066657833,49.4277479782756,0.678867157641895,0.333393962122763,2022.03808844832,2022.38356164384,PV302000|A/American_Crow/MB/FAV-0687-5-2022/2022|H5N1|Canada-MB|2022-05-21|wild_avian|B3.2
857,858,0.004195125065519,-101.49978371285,42.1004672952305,-102.04792030923,41.6105023259789,0.679188200468776,0.674993075403257,2022.3796875616,2022.38388268666,NA
620,621,0.303026357592695,-93.4077538713865,46.2577464877519,-95.0838584006717,45.5099251555235,0.679952178975283,0.376925821382587,2022.08162030758,2022.38464666517,NA
764,14,0.225640517478112,-126.628442624723,58.5273933146165,-133.407614566798,57.2094179904371,0.681606883669252,0.455966366191141,2022.16066085239,2022.38630136986,PQ702593|A/Bald_eagle/AK/22-016934-004-original/2022|H5N1|USA-AK|2022-05-22|wild_avian|B3.2
680,681,0.0357320749873491,-88.0765925713626,42.6633861294369,-87.8487418714705,43.6043691451857,0.681879546596978,0.646147471609629,2022.3508419578,2022.38657403279,NA
858,1059,0.00318705079780912,-102.04792030923,41.6105023259789,-102.248167188984,41.8644365513169,0.682375251266585,0.679188200468776,2022.38388268666,2022.38706973746,NA
598,599,0.0598947334076478,-112.033477265509,40.5650939926666,-111.233808450349,39.4156791427367,0.682810890471565,0.622916157063917,2022.32761064326,2022.38750537667,NA
799,822,0.0278973292046083,-100.911753738619,39.0432043755952,-100.619719882762,39.3072595696391,0.683761198838142,0.655863869633533,2022.36055835583,2022.38845568503,NA
621,622,0.00535137058240887,-95.0838584006717,45.5099251555235,-93.6111899767002,46.0950123125187,0.685303549557692,0.679952178975283,2022.38464666517,2022.38999803575,NA
1059,1060,0.0043716385217003,-102.248167188984,41.8644365513169,-102.349748587574,41.8944324078847,0.686746889788286,0.682375251266585,2022.38706973746,2022.39144137598,NA
632,652,0.0244036815864233,-85.8342822195337,41.9691163296708,-84.2599347926753,42.5667489304979,0.688955861175062,0.664552179588639,2022.36924666578,2022.39365034737,NA
712,713,0.0776398383953358,-144.029388440456,62.0459639417622,-143.170822469978,61.2780801402679,0.691803174142223,0.614163335746888,2022.31885782194,2022.39649766034,NA
766,767,0.113142421048889,-127.819934171918,61.3936851576403,-116.101199426245,47.7400335381501,0.694640673558735,0.581498252509846,2022.2861927387,2022.39933515975,NA
703,395,0.151601239652341,-132.654094933911,57.9232242505954,-134.749872225028,58.7069798582404,0.695305513806267,0.543704274153925,2022.24839876035,2022.4,PQ717337|A/Snow_goose/AK/22-017364-001-original/2022|H5N1|USA-AK|2022-05-27|wild_avian|B3.2
703,394,0.151601239652341,-132.654094933911,57.9232242505954,-132.945630544146,58.1327011856048,0.695305513806267,0.543704274153925,2022.24839876035,2022.4,PV303304|A/American_White_Pelican/BC/FAV-0585-3-2022/2022|H5N1|Canada-BC|2022-05-27|wild_avian|B3.2
767,768,0.00225736798769249,-116.101199426245,47.7400335381501,-119.343777065718,48.8768741171719,0.696898041546427,0.694640673558735,2022.39933515975,2022.40159252774,NA
1074,1075,0.0776921787741869,-102.232425248157,41.215480046765,-100.91076969779,41.1571453271078,0.699702911708289,0.622010732934102,2022.32670521913,2022.4043973979,NA
765,15,0.146174511224536,-127.663187555421,61.04707487142,-132.461661179501,60.1363043122331,0.703524691888339,0.557350180663803,2022.26204466686,2022.40821917808,PV318784|A/Snow_Goose/YT/FAV-0795-3-2022/2022|H5N1|Canada-YT|2022-05-30|wild_avian|B3.2
788,789,0.0600104274462838,-113.837538222029,46.9635401287528,-117.404687065313,46.8613892903723,0.712134070227112,0.652123642780829,2022.35681812897,2022.41682855642,NA
632,633,0.0499191327243884,-85.8342822195337,41.9691163296708,-85.8093876124801,42.1787696770957,0.714471312313027,0.664552179588639,2022.36924666578,2022.41916579851,NA
800,36,0.0509676250469022,-99.7648297061122,36.5876841222385,-104.859781002866,53.2823407703439,0.714483595997996,0.663515970951094,2022.36821045714,2022.41917808219,PV310840|A/Domestic_bird/SK/FAV-1051-1-2022/2022|H5N1|Canada-SK|2022-06-03|domestic_avian|B3.2
622,623,0.0310248220123737,-93.6111899767002,46.0950123125187,-92.7184968461301,46.5075764919612,0.716328371570065,0.685303549557692,2022.38999803575,2022.42102285776,NA
785,385,0.0696416644922953,-115.641139433257,45.3455411970733,-116.072015711987,43.5598220269751,0.717223322025353,0.647581657533058,2022.35227614373,2022.42191780822,PQ707841|A/Canada_goose/ID/22-018980-001-original/2022|H5N1|USA-ID|2022-06-04|wild_avian|B3.2
678,679,0.104224952917966,-94.9179183820586,40.1864412698617,-90.8446374769677,42.5239520764012,0.717390891241117,0.613165938323152,2022.31786042452,2022.42208537743,NA
789,790,0.00635060754045291,-117.404687065313,46.8613892903723,-117.398878129781,47.3602121124555,0.718484677767565,0.712134070227112,2022.41682855642,2022.42317916396,NA
1075,1076,0.0194684231605469,-100.91076969779,41.1571453271078,-96.2397550515443,41.2910909866579,0.719171334868836,0.699702911708289,2022.4043973979,2022.42386582106,NA
613,492,0.514736239120737,-102.479354935582,50.9409315832627,-102.688444460276,51.2004693546941,0.722702774080068,0.207966534959331,2021.91266102115,2022.42739726027,PV311152|A/Double-Crested_Cormorant/SK/FAV-0912-7-2022/2022|H5N1|Canada-SK|2022-06-06|wild_avian|B3.2
622,495,0.0373992245223764,-93.6111899767002,46.0950123125187,-93.0682330855391,45.5336484004202,0.722702774080068,0.685303549557692,2022.38999803575,2022.42739726027,PQ709577|A/Common_tern/MN/22-017940-009-original/2022|H5N1|USA-MN|2022-06-06|wild_avian|B3.2
790,388,0.0042180963125027,-117.398878129781,47.3602121124555,-116.966070223116,46.6934433914539,0.722702774080068,0.718484677767565,2022.42317916396,2022.42739726027,EPI_ISL_17260680|A/skunk/Idaho/22-018976-004/2022|H5N1|USA-ID|2022-06-06|other_mammal|B3.2
857,1070,0.0489740227893427,-101.49978371285,42.1004672952305,-106.318524887633,44.5912924252217,0.7239670981926,0.674993075403257,2022.3796875616,2022.42866158439,NA
789,387,0.0133084298805404,-117.404687065313,46.8613892903723,-117.329475474026,46.976237671349,0.725442500107653,0.712134070227112,2022.41682855642,2022.4301369863,EPI_ISL_15078254|A/skunk/Washington/22-019274-001/2022|H5N1|USA-WA|2022-06-07|other_mammal|B3.2
790,389,0.00695782234008746,-117.398878129781,47.3602121124555,-117.707952359583,47.0425522218154,0.725442500107653,0.718484677767565,2022.42317916396,2022.4301369863,EPI_ISL_17260682|A/skunk/Washington/22-019274-004/2022|H5N1|USA-WA|2022-06-07|other_mammal|B3.2
652,653,0.037566208851008,-84.2599347926753,42.5667489304979,-86.2464723828664,41.9975091176791,0.72652207002607,0.688955861175062,2022.39365034737,2022.43121655622,NA
608,567,0.194641805562311,-109.970972240769,50.6214387103004,-90.2245288370029,57.0300508086865,0.72818222613501,0.533540420572699,2022.23823490677,2022.43287671233,PV303336|A/American_White_Pelican/MB/FAV-0798-3-2022/2022|H5N1|Canada-MB|2022-06-08|wild_avian|B3.2
621,494,0.0482300471597275,-95.0838584006717,45.5099251555235,-93.3814086110558,45.0448896797332,0.72818222613501,0.679952178975283,2022.38464666517,2022.43287671233,PQ702057|A/American_white_Pelican/MN/22-018423-001-original/2022|H5N1|USA-MN|2022-06-08|wild_avian|B3.2
599,481,0.0453713356634453,-111.233808450349,39.4156791427367,-112.149865870494,40.4862160880701,0.72818222613501,0.682810890471565,2022.38750537667,2022.43287671233,PQ720145|A/goose/UT/22-018176-003-original/2022|H5N1|USA-UT|2022-06-08|domestic_avian|B3.2
623,496,0.0118538545649449,-92.7184968461301,46.5075764919612,-92.6865608545555,48.6839096166615,0.72818222613501,0.716328371570065,2022.42102285776,2022.43287671233,PV303368|A/American_White_Pelican/ON/FAV-0803-2-2022/2022|H5N1|Canada-ON|2022-06-08|wild_avian|B3.2
768,771,0.0358093150097405,-119.343777065718,48.8768741171719,-119.476835088302,49.0583224585757,0.732707356556168,0.696898041546427,2022.40159252774,2022.43740184275,NA
729,730,0.144188333738156,-122.994531143319,46.9857456579669,-124.427797676063,46.7930178711644,0.736256848694623,0.592068514956467,2022.29676300115,2022.44095133489,NA
633,634,0.0218146983214496,-85.8093876124801,42.1787696770957,-78.3117363536242,42.8027570688443,0.736286010634477,0.714471312313027,2022.41916579851,2022.44098049683,NA
688,565,0.329459908592833,-95.2903395600664,48.1597274233086,-89.0936135870222,53.5267210514464,0.73914113024444,0.409681221651607,2022.11437570785,2022.44383561644,PV315664|A/Peregrine_Falcon/ON/FAV-0853-3-2022/2022|H5N1|Canada-ON|2022-06-12|wild_avian|B3.2
583,10,0.747360308326739,-93.4099299053762,48.6311286857019,-94.2246503275696,57.9235884074625,0.747360308326739,0,2021.70469448619,2022.45205479452,PV309736|A/Domestic_bird/MB/FAV-0716-5-2022/2022|H5N1|Canada-MB|2022-06-15|domestic_avian|B3.2
766,31,0.165862055816894,-127.819934171918,61.3936851576403,-164.659420046497,64.6930396284602,0.747360308326739,0.581498252509846,2022.2861927387,2022.45205479452,EPI_ISL_17260681|A/red_fox/Alaska/22-019272-001/2022|H5N1|USA-AK|2022-06-15|other_mammal|B3.2
702,393,0.264296856080779,-133.362956391592,55.0998536979211,-132.545383587266,59.8981710139667,0.750100034354097,0.485803178273318,2022.19049766447,2022.45479452055,PV309608|A/Domestic_bird/BC/FAV-0772-1-2022/2022|H5N1|Canada-BC|2022-06-16|domestic_avian|B3.2
1075,1139,0.0538278146472679,-100.91076969779,41.1571453271078,-101.37905272902,40.453941820764,0.753530726355557,0.699702911708289,2022.4043973979,2022.45822521255,NA
800,801,0.0934439336500992,-99.7648297061122,36.5876841222385,-107.667084757941,41.325022806745,0.756959904601193,0.663515970951094,2022.36821045714,2022.4616543908,NA
623,624,0.0409999473189844,-92.7184968461301,46.5075764919612,-92.3668046825037,46.3858365977927,0.75732831888905,0.716328371570065,2022.42102285776,2022.46202280508,NA
634,635,0.0223163245128015,-78.3117363536242,42.8027570688443,-72.1801944809043,41.9474624883363,0.758602335147278,0.736286010634477,2022.44098049683,2022.46329682134,NA
796,87,0.18818423928816,-102.993658425047,40.7042799700829,-114.931351926585,58.0913836831814,0.769278116545826,0.581093877257666,2022.28578836345,2022.47397260274,PV321824|A/Western_Grebe/AB/FAV-0833-72-2022/2022|H5N1|Canada-AB|2022-06-23|wild_avian|B3.2
797,34,0.17364921814158,-102.110615296001,39.7065324286366,-110.377379776473,49.8526269935616,0.769278116545826,0.595628898404246,2022.3003233846,2022.47397260274,PV321872|A/Western_Grebe/AB/FAV-0833-78-2022/2022|H5N1|Canada-AB|2022-06-23|wild_avian|B3.2
858,859,0.0917168195117428,-102.04792030923,41.6105023259789,-102.43118515629,41.4211760586071,0.770905019980519,0.679188200468776,2022.38388268666,2022.47559950617,NA
725,32,0.293829012233522,-126.007973643856,58.4217684466893,-152.327690682243,69.4261085178251,0.777497294628125,0.483668282394603,2022.18836276859,2022.48219178082,PQ715385|A/Raven/AK/22-020951-001-original/2022|H5N1|USA-AK|2022-06-26|wild_avian|B3.2
859,860,0.00754934639614779,-102.43118515629,41.4211760586071,-101.792173765342,41.3829500260449,0.778454366376667,0.770905019980519,2022.47559950617,2022.48314885257,NA
597,484,0.190124688757116,-110.771678898825,42.4827644686209,-111.690505649519,40.5915731208561,0.780237020655483,0.590112331898367,2022.29480681809,2022.48493150685,EPI_ISL_19546785|A/chicken/Utah/22-020377-001-original/2022|H5N1|USA-UT|2022-06-27|domestic_avian|B3.2
653,655,0.0570548820965469,-86.2464723828664,41.9975091176791,-86.7275021167938,42.7063162891746,0.783576952122617,0.72652207002607,2022.43121655622,2022.48827143832,NA
733,734,0.135154836428118,-121.582558624289,44.3522617358695,-117.605352774379,43.7423769876853,0.787865086057201,0.652710249629083,2022.35740473582,2022.49255957225,NA
599,600,0.10777213045575,-111.233808450349,39.4156791427367,-111.923526734167,38.6779082606291,0.790583020927315,0.682810890471565,2022.38750537667,2022.49527750712,NA
680,554,0.14504845315551,-88.0765925713626,42.6633861294369,-92.0169112160992,40.6948613502271,0.79119592476514,0.646147471609629,2022.3508419578,2022.49589041096,PQ701969|A/American_white_Pelican/IA/22-021277-001-original/2022|H5N1|USA-IA|2022-07-01|wild_avian|B3.2
679,552,0.0738050335240223,-90.8446374769677,42.5239520764012,-88.7498492066647,39.3050298492844,0.79119592476514,0.717390891241117,2022.42208537743,2022.49589041096,PQ702009|A/American_white_Pelican/IL/22-021276-001-original/2022|H5N1|USA-IL|2022-07-01|wild_avian|B3.2
679,553,0.0738050335240223,-90.8446374769677,42.5239520764012,-91.0478280008605,42.5882491961956,0.79119592476514,0.717390891241117,2022.42208537743,2022.49589041096,PQ701977|A/American_white_Pelican/IA/22-022114-001-original/2022|H5N1|USA-IA|2022-07-01|wild_avian|B3.2
730,433,0.0549390760705162,-124.427797676063,46.7930178711644,-132.078061469113,56.4381704261402,0.79119592476514,0.736256848694623,2022.44095133489,2022.49589041096,PQ710529|A/Glaucous_Gull/AK/22-024502-001-original/2022|H5N1|USA-AK|2022-07-01|wild_avian|B3.2
1059,1066,0.10936352163605,-102.248167188984,41.8644365513169,-106.141982534272,38.5246824250648,0.791738772902635,0.682375251266585,2022.38706973746,2022.4964332591,NA
1066,1067,0.00124162073166056,-106.141982534272,38.5246824250648,-106.116426849302,38.3961859886722,0.792980393634296,0.791738772902635,2022.4964332591,2022.49767487983,NA
706,707,0.270258147236866,-127.795363235201,52.8089020117489,-124.589648190038,49.4554101129061,0.797827936490169,0.527569789253303,2022.23226427545,2022.50252242268,NA
768,769,0.101863678910999,-119.343777065718,48.8768741171719,-113.818268816944,46.0555973248856,0.798761720457426,0.696898041546427,2022.40159252774,2022.50345620665,NA
690,572,0.49469713700388,-102.961602462811,50.3353150445671,-100.259703969208,50.5581948206038,0.799415102847212,0.304717965843332,2022.00941245204,2022.50410958904,PV321880|A/Western_Grebe/MB/FAV-0846-2-2022/2022|H5N1|Canada-MB|2022-07-04|wild_avian|B3.2
684,551,0.191563074471176,-94.917248222915,47.385439475485,-95.4292192540015,50.5515420386177,0.799415102847212,0.607852028376036,2022.31254651457,2022.50410958904,PV321888|A/Western_Grebe/MB/FAV-0846-3-2022/2022|H5N1|Canada-MB|2022-07-04|wild_avian|B3.2
1139,1140,0.0492190683481479,-101.37905272902,40.453941820764,-102.885597030894,44.0498161929066,0.802749794703705,0.753530726355557,2022.45822521255,2022.5074442809,NA
612,576,0.344738318392952,-94.7466877392875,45.2152005489938,-86.1788621120328,43.1389328978429,0.804894554902154,0.460156236509202,2022.1648507227,2022.5095890411,EPI_ISL_17260684|A/red_fox/Michigan/22-021733-002/2022|H5N1|USA-MI|2022-07-06|other_mammal|B3.2
631,504,0.19994132133908,-88.5242223682774,43.6671624695196,-88.3327569600462,53.2874755929907,0.807634280929511,0.607692959590431,2022.31238744578,2022.51232876712,PV303384|A/American_White_Pelican/ON/FAV-0867-2-2022/2022|H5N1|Canada-ON|2022-07-07|wild_avian|B3.2
1076,1077,0.0891411952735233,-96.2397550515443,41.2910909866579,-97.0236318820613,33.9205206698722,0.808312530142359,0.719171334868836,2022.42386582106,2022.51300701634,NA
733,736,0.16095605719463,-121.582558624289,44.3522617358695,-114.97424092569,41.7863446724804,0.813666306823713,0.652710249629083,2022.35740473582,2022.51836079302,NA
1077,1131,0.00816985962087946,-97.0236318820613,33.9205206698722,-97.114823744935,33.9108634563505,0.816482389763239,0.808312530142359,2022.51300701634,2022.52117687596,NA
860,861,0.0407049089160143,-101.792173765342,41.3829500260449,-103.253762365825,37.0212132842518,0.819159275292681,0.778454366376667,2022.48314885257,2022.52385376149,NA
1077,1078,0.0142481008072126,-97.0236318820613,33.9205206698722,-97.6902949551982,35.0895664621257,0.822560630949572,0.808312530142359,2022.51300701634,2022.52725511714,NA
653,654,0.0972138696430536,-86.2464723828664,41.9975091176791,-91.6321121420292,44.0129970036446,0.823735939669124,0.72652207002607,2022.43121655622,2022.52843042586,NA
1131,1132,0.00735274586184698,-97.114823744935,33.9108634563505,-91.9935484411633,36.4450451079398,0.823835135625086,0.816482389763239,2022.52117687596,2022.52852962182,NA
801,802,0.0671995252682662,-107.667084757941,41.325022806745,-105.953010522802,39.7351117685535,0.824159429869459,0.756959904601193,2022.4616543908,2022.52885391606,NA
1132,1134,0.00395171298503749,-91.9935484411633,36.4450451079398,-91.5381535327938,36.8408739958197,0.827786848610123,0.823835135625086,2022.52852962182,2022.5324813348,NA
1132,1133,0.00554935211898533,-91.9935484411633,36.4450451079398,-91.731432239132,36.5210228593863,0.829384487744071,0.823835135625086,2022.52852962182,2022.53407897394,NA
699,477,0.546660093733088,-98.3855510980808,47.5606736981389,-142.503105343495,62.5785895705921,0.829552089148598,0.28289199541551,2021.98758648161,2022.53424657534,PQ710513|A/Glaucous_Gull/AK/22-023553-001-original/2022|H5N1|USA-AK|2022-07-15|wild_avian|B3.2
853,854,0.195183833344971,-102.448083426047,40.7094386630848,-107.89049433359,42.8989008334816,0.833068670741089,0.637884837396118,2022.34257932359,2022.53776315693,NA
681,682,0.153337387319592,-87.8487418714705,43.6043691451857,-95.2183105953281,45.0780702143573,0.83521693391657,0.681879546596978,2022.38657403279,2022.53991142011,NA
861,870,0.0160759847187393,-103.253762365825,37.0212132842518,-100.347411278602,32.9464463228051,0.83523526001142,0.819159275292681,2022.52385376149,2022.53992974621,NA
795,849,0.284401230317025,-101.378701707034,40.0584329053612,-101.830735266298,40.5525813058231,0.839038298512266,0.554637068195242,2022.25933155439,2022.54373278471,NA
852,296,0.245405839280134,-103.395503997411,40.8883363243391,-114.841252742956,50.947255868204,0.840510993258255,0.595105153978121,2022.29979964017,2022.54520547945,PV319064|A/Striped_Skunk/AB/FAV-0897-2-2022/2022|H5N1|Canada-AB|2022-07-19|other_mammal|B3.2
655,548,0.056934041135638,-86.7275021167938,42.7063162891746,-96.0794505332695,45.44887227665,0.840510993258255,0.783576952122617,2022.48827143832,2022.54520547945,PQ702081|A/American_white_Pelican/MN/22-023116-001-original/2022|H5N1|USA-MN|2022-07-19|wild_avian|B3.2
861,862,0.0220630453432591,-103.253762365825,37.0212132842518,-106.548723359503,38.7077241954118,0.84122232063594,0.819159275292681,2022.52385376149,2022.54591680683,NA
771,772,0.112740362081313,-119.476835088302,49.0583224585757,-127.365807525457,53.9982642022181,0.845447718637481,0.732707356556168,2022.43740184275,2022.55014220483,NA
788,386,0.196606528559498,-113.837538222029,46.9635401287528,-116.268671303903,43.5797812329322,0.848730171340327,0.652123642780829,2022.35681812897,2022.55342465753,EPI_ISL_17260689|A/skunk/Idaho/22-023547-001/2022|H5N1|USA-ID|2022-07-22|other_mammal|B3.2
801,815,0.0960004429486991,-107.667084757941,41.325022806745,-109.486752740384,43.0312518816081,0.852960347549892,0.756959904601193,2022.4616543908,2022.55765483374,NA
870,871,0.0182411502499615,-100.347411278602,32.9464463228051,-100.531459624092,32.526718995125,0.853476410261382,0.83523526001142,2022.53992974621,2022.55817089646,NA
1078,1130,0.0328110711054177,-97.6902949551982,35.0895664621257,-97.7492172002787,35.0811473826288,0.85537170205499,0.822560630949572,2022.52725511714,2022.56006618825,NA
772,777,0.0103413188367307,-127.365807525457,53.9982642022181,-126.930733922869,54.015159173016,0.855789037474212,0.845447718637481,2022.55014220483,2022.56048352367,NA
802,803,0.0323808268365311,-105.953010522802,39.7351117685535,-103.577555086708,39.0934446164448,0.85654025670599,0.824159429869459,2022.52885391606,2022.5612347429,NA
1142,1145,0.209677779752008,-109.011971868916,44.3519783959698,-107.74269720869,40.8473839402755,0.857194322268124,0.647516542516115,2022.35221102871,2022.56188880846,NA
849,850,0.0228244047671504,-101.830735266298,40.5525813058231,-106.584115188947,43.7059981377166,0.861862703279417,0.839038298512266,2022.54373278471,2022.56655718947,NA
772,773,0.0180173914141983,-127.365807525457,53.9982642022181,-124.988957310773,53.3611917214497,0.86346511005168,0.845447718637481,2022.55014220483,2022.56815959625,NA
1070,1071,0.14051935752107,-106.318524887633,44.5912924252217,-106.727888092282,53.621248374078,0.86448645571367,0.7239670981926,2022.42866158439,2022.56918094191,NA
777,778,0.0135229525822371,-126.930733922869,54.015159173016,-127.604734044661,53.0648180036855,0.869311990056449,0.855789037474212,2022.56048352367,2022.57400647625,NA
1078,1079,0.0471955680140765,-97.6902949551982,35.0895664621257,-104.364152285703,38.1563511578395,0.869756198963648,0.822560630949572,2022.52725511714,2022.57445068516,NA
862,865,0.0286404944279184,-106.548723359503,38.7077241954118,-107.966371350038,39.0207787151483,0.869862815063859,0.84122232063594,2022.54591680683,2022.57455730126,NA
1079,1080,0.000292412355758387,-104.364152285703,38.1563511578395,-104.438542237232,38.1514544106437,0.870048611319407,0.869756198963648,2022.57445068516,2022.57474309751,NA
822,823,0.191741865551069,-100.619719882762,39.3072595696391,-99.9212608210417,39.5613527001772,0.87550306438921,0.683761198838142,2022.38845568503,2022.58019755058,NA
1070,1072,0.157211282966069,-106.318524887633,44.5912924252217,-107.479114129606,48.1837320669824,0.881178381158669,0.7239670981926,2022.42866158439,2022.58587286735,NA
871,1042,0.0284185156640291,-100.531459624092,32.526718995125,-98.5367995552855,33.1942379513135,0.881894925925411,0.853476410261382,2022.55817089646,2022.58658941212,NA
865,866,0.0145057174971988,-107.966371350038,39.0207787151483,-109.01136967354,39.9527798168442,0.884368532561057,0.869862815063859,2022.57455730126,2022.58906301875,NA
682,683,0.0492907414357568,-95.2183105953281,45.0780702143573,-93.9209358966046,44.6252463222821,0.884507675352327,0.83521693391657,2022.53991142011,2022.58920216155,NA
1060,1063,0.199347375977953,-102.349748587574,41.8944324078847,-101.484284092487,42.7247313751367,0.886094265766239,0.686746889788286,2022.39144137598,2022.59078875196,NA
815,816,0.0337163416726978,-109.486752740384,43.0312518816081,-99.4358518579926,35.3730860053266,0.88667668922259,0.852960347549892,2022.55765483374,2022.59137117542,NA
816,817,0.00348232602926046,-99.4358518579926,35.3730860053266,-96.2194159825309,34.2885238563854,0.89015901525185,0.88667668922259,2022.59137117542,2022.59485350145,NA
1080,1082,0.0217415092769095,-104.438542237232,38.1514544106437,-101.258065304748,38.98406376895,0.891790120596316,0.870048611319407,2022.57474309751,2022.59648460679,NA
1080,1081,0.0228885682684723,-104.438542237232,38.1514544106437,-106.331136680096,38.0974265852491,0.892937179587879,0.870048611319407,2022.57474309751,2022.59763166578,NA
713,720,0.203428853479972,-143.170822469978,61.2780801402679,-143.678527436309,61.83061626837,0.895232027622195,0.691803174142223,2022.39649766034,2022.59992651382,NA
1082,1083,0.00531056117696638,-101.258065304748,38.98406376895,-100.467703749328,39.1503475022878,0.897100681773283,0.891790120596316,2022.59648460679,2022.60179516797,NA
769,770,0.100172175087224,-113.818268816944,46.0555973248856,-113.860056636588,46.1743223976664,0.89893389554465,0.798761720457426,2022.50345620665,2022.60362838174,NA
1082,1124,0.0075335152639342,-101.258065304748,38.98406376895,-100.199909680361,37.7179913242171,0.89932363586025,0.891790120596316,2022.59648460679,2022.60401812205,NA
683,556,0.0162772905087003,-93.9209358966046,44.6252463222821,-111.871015029613,41.3431220290256,0.900784965861027,0.884507675352327,2022.58920216155,2022.60547945205,PQ701857|A/American_green-winged_teal/UT/22-027017-012-original/2022|H5N1|USA-UT|2022-08-10|wild_avian|B3.2
871,872,0.0495951922988578,-100.531459624092,32.526718995125,-84.1438335523482,14.0132224097292,0.90307160256024,0.853476410261382,2022.55817089646,2022.60776608875,NA
860,1048,0.12597210128802,-101.792173765342,41.3829500260449,-107.532422825938,41.9845349632351,0.904426467664687,0.778454366376667,2022.48314885257,2022.60912095386,NA
1063,1064,0.0205768342899377,-101.484284092487,42.7247313751367,-101.742896518452,44.6218665692088,0.906671100056176,0.886094265766239,2022.59078875196,2022.61136558625,NA
635,636,0.149859904132327,-72.1801944809043,41.9474624883363,-65.4086000322365,39.764689005222,0.908462239279605,0.758602335147278,2022.46329682134,2022.61315672547,NA
1124,1125,0.00991665419020871,-100.199909680361,37.7179913242171,-98.7025012346512,37.8474215731341,0.909240290050459,0.89932363586025,2022.60401812205,2022.61393477624,NA
862,863,0.0690730197525218,-106.548723359503,38.7077241954118,-109.159902252678,40.2780597955266,0.910295340388462,0.84122232063594,2022.54591680683,2022.61498982658,NA
823,833,0.0348853633526391,-99.9212608210417,39.5613527001772,-99.3328974556713,40.8775442331907,0.91038842774185,0.87550306438921,2022.58019755058,2022.61508291394,NA
1042,1043,0.03064701175827,-98.5367995552855,33.1942379513135,-100.506087415708,36.499501600545,0.912541937683681,0.881894925925411,2022.58658941212,2022.61723642388,NA
1064,1065,0.00626228045930111,-101.742896518452,44.6218665692088,-102.173759952387,44.8588775674503,0.912933380515478,0.906671100056176,2022.61136558625,2022.61762786671,NA
1145,1146,0.0567252131869038,-107.74269720869,40.8473839402755,-104.440807419598,42.1203238902815,0.913919535455027,0.857194322268124,2022.56188880846,2022.61861402165,NA
1124,1126,0.0155306081169009,-100.199909680361,37.7179913242171,-101.140103211987,38.6135586739758,0.914854243977151,0.89932363586025,2022.60401812205,2022.61954873017,NA
1083,1084,0.0180497562523176,-100.467703749328,39.1503475022878,-98.4003048931706,42.497308223938,0.9151504380256,0.897100681773283,2022.60179516797,2022.61984492422,NA
802,804,0.091010826695658,-105.953010522802,39.7351117685535,-107.212388255538,38.6394482686138,0.915170256565117,0.824159429869459,2022.52885391606,2022.61986474276,NA
1060,1061,0.229937765708882,-102.349748587574,41.8944324078847,-96.9447677296643,41.4062872544523,0.916684655497167,0.686746889788286,2022.39144137598,2022.62137914169,NA
804,805,0.00234307071024897,-107.212388255538,38.6394482686138,-106.394302010121,37.9666353475578,0.917513327275366,0.915170256565117,2022.61986474276,2022.62220781347,NA
652,658,0.230945546823317,-84.2599347926753,42.5667489304979,-80.4723943347471,48.0597270122269,0.919901407998379,0.688955861175062,2022.39365034737,2022.62459589419,NA
767,780,0.225472663449656,-116.101199426245,47.7400335381501,-119.415227224523,50.9653699352886,0.92011333700839,0.694640673558735,2022.39933515975,2022.6248078232,NA
1084,1085,0.00592969616137484,-98.4003048931706,42.497308223938,-97.3358205914019,42.242406035678,0.921080134186975,0.9151504380256,2022.61984492422,2022.62577462038,NA
1083,1088,0.0250098099349092,-100.467703749328,39.1503475022878,-98.4223037007727,39.3170327193462,0.922110491708192,0.897100681773283,2022.60179516797,2022.6268049779,NA
863,864,0.0125117096146972,-109.159902252678,40.2780597955266,-115.248943245794,42.6236495671394,0.922807050003159,0.910295340388462,2022.61498982658,2022.6275015362,NA
833,844,0.0153325890784162,-99.3328974556713,40.8775442331907,-100.016104957385,40.8838179480968,0.925721016820266,0.91038842774185,2022.61508291394,2022.63041550301,NA
1048,1049,0.0235084637549705,-107.532422825938,41.9845349632351,-108.907885631349,42.912820149413,0.927934931419657,0.904426467664687,2022.60912095386,2022.63262941761,NA
1140,1141,0.126803312879121,-102.885597030894,44.0498161929066,-88.3962406734016,43.2518535034986,0.929553107582826,0.802749794703705,2022.5074442809,2022.63424759378,NA
833,834,0.0197159379149552,-99.3328974556713,40.8775442331907,-99.4957223949628,40.8676326970288,0.930104365656805,0.91038842774185,2022.61508291394,2022.63479885185,NA
844,845,0.00461616258172937,-100.016104957385,40.8838179480968,-99.7884934393417,41.2042818032173,0.930337179401995,0.925721016820266,2022.63041550301,2022.6350316656,NA
1048,1050,0.0281741503381263,-107.532422825938,41.9845349632351,-107.869626180579,42.6793085110198,0.932600618002813,0.904426467664687,2022.60912095386,2022.6372951042,NA
834,835,0.00273933793698999,-99.4957223949628,40.8676326970288,-102.499901340314,43.4253047461096,0.932843703593795,0.930104365656805,2022.63479885185,2022.63753818979,NA
805,807,0.0153404906915036,-106.394302010121,37.9666353475578,-100.410480035651,39.7983615878857,0.93285381796687,0.917513327275366,2022.62220781347,2022.63754830416,NA
1088,1109,0.0122954185737023,-98.4223037007727,39.3170327193462,-93.7108914488549,37.6164058174471,0.934405910281894,0.922110491708192,2022.6268049779,2022.63910039648,NA
736,737,0.123676549615399,-114.97424092569,41.7863446724804,-112.109925288149,39.4006917824218,0.937342856439112,0.813666306823713,2022.51836079302,2022.64203734263,NA
1126,1127,0.0234756347160756,-101.140103211987,38.6135586739758,-100.802142528086,38.8239871979241,0.938329878693227,0.914854243977151,2022.61954873017,2022.64302436489,NA
734,735,0.153748263403239,-117.605352774379,43.7423769876853,-133.550162602226,54.4226721430047,0.94161334946044,0.787865086057201,2022.49255957225,2022.64630783565,NA
682,558,0.106663922355273,-95.2183105953281,45.0780702143573,-95.9698351302673,47.8726716513592,0.941880856271843,0.83521693391657,2022.53991142011,2022.64657534247,PQ719721|A/Wood_Duck/MN/22-032745-002-original-repeat/2022|H5N1|USA-MN|2022-08-25|wild_avian|B3.2
845,74,0.0115436768698474,-99.7884934393417,41.2042818032173,-113.42107536154,56.8912312233615,0.941880856271843,0.930337179401995,2022.6350316656,2022.64657534247,PV309264|A/Domestic_bird/AB/FAV-0906-1-2022/2022|H5N1|Canada-AB|2022-08-25|domestic_avian|B3.2
1067,1069,0.149274356748696,-106.116426849302,38.3961859886722,-119.209955005642,47.5327535059426,0.942254750382991,0.792980393634296,2022.49767487983,2022.64694923658,NA
866,868,0.0586658726688944,-109.01136967354,39.9527798168442,-110.043650200216,42.0541794399522,0.943034405229952,0.884368532561057,2022.58906301875,2022.64772889142,NA
778,779,0.0740920422669595,-127.604734044661,53.0648180036855,-127.887229347263,54.8049216667421,0.943404032323409,0.869311990056449,2022.57400647625,2022.64809851852,NA
726,11,0.425543672173343,-116.305877440036,55.7013384202787,-115.129740991573,57.960165220762,0.944620582299427,0.519076910126085,2022.22377139632,2022.64931506849,PV317648|A/Snow_Goose/AB/FAV-0937-5-2022/2022|H5N1|Canada-AB|2022-08-26|wild_avian|B3.2
1146,1147,0.0309339984651023,-104.440807419598,42.1203238902815,-111.958380084681,45.5816681466241,0.94485353392013,0.913919535455027,2022.61861402165,2022.64954802011,NA
1127,1128,0.0082470283178373,-100.802142528086,38.8239871979241,-98.8563411621047,39.2529261003632,0.946576907011064,0.938329878693227,2022.64302436489,2022.6512713932,NA
1076,1137,0.22862149291436,-96.2397550515443,41.2910909866579,-99.207668528917,43.5520817268391,0.947792827783196,0.719171334868836,2022.42386582106,2022.65248731398,NA
635,648,0.193388897814154,-72.1801944809043,41.9474624883363,-68.7685363152979,44.9793937882641,0.951991232961432,0.758602335147278,2022.46329682134,2022.65668571916,NA
807,808,0.0197056297653706,-100.410480035651,39.7983615878857,-98.1165391302571,38.8087229075458,0.95255944773224,0.93285381796687,2022.63754830416,2022.65725393393,NA
1147,1148,0.00779731803911066,-111.958380084681,45.5816681466241,-112.446568825116,45.9243539265245,0.95265085195924,0.94485353392013,2022.64954802011,2022.65734533815,NA
1088,1089,0.0307181907068812,-98.4223037007727,39.3170327193462,-97.6262111031379,38.1379636587647,0.952828682415073,0.922110491708192,2022.6268049779,2022.65752316861,NA
683,557,0.0683320850291729,-93.9209358966046,44.6252463222821,-94.9463714971359,43.6817106526349,0.9528397603815,0.884507675352327,2022.58920216155,2022.65753424658,PQ718753|A/Trumpeter_Swan/MN/22-026969-002-original/2022|H5N1|USA-MN|2022-08-29|wild_avian|B3.2
1089,1090,0.00010661289906766,-97.6262111031379,38.1379636587647,-97.3673139066514,38.2024409869706,0.952935295314141,0.952828682415073,2022.65752316861,2022.65762978151,NA
600,483,0.164996465481542,-111.923526734167,38.6779082606291,-113.983625973773,38.9473135651192,0.955579486408857,0.790583020927315,2022.49527750712,2022.6602739726,PQ720177|A/goose/UT/22-027791-006-original/2022|H5N1|USA-UT|2022-08-30|domestic_avian|B3.2
1050,1051,0.023245950422337,-107.869626180579,42.6793085110198,-99.729427251256,38.8275566874479,0.95584656842515,0.932600618002813,2022.6372951042,2022.66054105462,NA
872,1041,0.0540196332967202,-84.1438335523482,14.0132224097292,-83.3532590297698,12.8836807669391,0.95709123585696,0.90307160256024,2022.60776608875,2022.66178572205,NA
808,809,0.00522858235692825,-98.1165391302571,38.8087229075458,-96.3515215435897,39.9750911248557,0.957788030089168,0.95255944773224,2022.65725393393,2022.66248251628,NA
1051,1053,0.00300428406927633,-99.729427251256,38.8275566874479,-100.271475639609,36.9825651261823,0.958850852494427,0.95584656842515,2022.66054105462,2022.66354533869,NA
855,856,0.286323422820871,-100.83705700691,40.7602729835384,-99.0170234827,34.4368947199569,0.95912965388299,0.672806231062119,2022.37750071726,2022.66382414008,NA
1137,1138,0.0127535153863843,-99.207668528917,43.5520817268391,-97.6992535797724,42.3043197188499,0.96054634316958,0.947792827783196,2022.65248731398,2022.66524082936,NA
805,806,0.0433452217275017,-106.394302010121,37.9666353475578,-105.433581041406,39.3612469818384,0.960858549002868,0.917513327275366,2022.62220781347,2022.6655530352,NA
654,529,0.137322998794676,-91.6321121420292,44.0129970036446,-84.3894230371121,39.5298344764266,0.961058938463799,0.823735939669124,2022.52843042586,2022.66575342466,OR136556|A/chicken/OH/OH22-20542-1/2022|H5N1|USA-OH|2022-09-01|domestic_avian|B3.2
809,810,0.00457066582316834,-96.3515215435897,39.9750911248557,-95.3971840301267,39.7889830345325,0.962358695912337,0.957788030089168,2022.66248251628,2022.66705318211,NA
1109,1110,0.0280203517718673,-93.7108914488549,37.6164058174471,-93.1450455275728,38.3415344764119,0.962426262053762,0.934405910281894,2022.63910039648,2022.66712074825,NA
737,738,0.0253029582602129,-112.109925288149,39.4006917824218,-112.896539379503,42.6159618787478,0.962645814699325,0.937342856439112,2022.64203734263,2022.66734030089,NA
808,812,0.0102958955044148,-98.1165391302571,38.8087229075458,-98.4418101598461,44.2187986242271,0.962855343236655,0.95255944773224,2022.65725393393,2022.66754982943,NA
1072,1073,0.0824724024651258,-107.479114129606,48.1837320669824,-95.3600015479579,45.3975733555896,0.963650783623795,0.881178381158669,2022.58587286735,2022.66834526982,NA
1148,1149,0.0144056537626285,-112.446568825116,45.9243539265245,-113.598036416306,45.9397631638945,0.967056505721869,0.95265085195924,2022.65734533815,2022.67175099192,NA
738,739,0.00454415148210074,-112.896539379503,42.6159618787478,-112.910357563974,42.6143903083244,0.967189966181425,0.962645814699325,2022.66734030089,2022.67188445238,NA
636,637,0.0596775847369315,-65.4086000322365,39.764689005222,-67.7816658854646,45.3378236350821,0.968139824016537,0.908462239279605,2022.61315672547,2022.67283431021,NA
778,19,0.0999661264894223,-127.604734044661,53.0648180036855,-130.41855646121,55.2553711241185,0.969278116545871,0.869311990056449,2022.57400647625,2022.67397260274,PQ714457|A/Northern_pintail/AK/22-029100-001-original/2022|H5N1|USA-AK|2022-09-04|wild_avian|B3.2
713,714,0.278458570919921,-143.170822469978,61.2780801402679,-120.138058761306,52.2626071540923,0.970261745062145,0.691803174142223,2022.39649766034,2022.67495623126,NA
1089,1091,0.0176182577229707,-97.6262111031379,38.1379636587647,-98.3618399303637,38.7137436614527,0.970446940138044,0.952828682415073,2022.65752316861,2022.67514142633,NA
1149,1150,0.004585439005516,-113.598036416306,45.9397631638945,-113.220329642523,45.5952084104829,0.971641944727385,0.967056505721869,2022.67175099192,2022.67633643092,NA
624,625,0.216970589140991,-92.3668046825037,46.3858365977927,-79.8998162355954,45.8227659389403,0.97429890803004,0.75732831888905,2022.46202280508,2022.67899339422,NA
1085,1086,0.0543354307113306,-97.3358205914019,42.242406035678,-96.8689016013888,41.6728905893234,0.975415564898306,0.921080134186975,2022.62577462038,2022.68011005109,NA
1051,1052,0.0207189520257747,-99.729427251256,38.8275566874479,-95.7414359118004,36.6598769333946,0.976565520450925,0.95584656842515,2022.66054105462,2022.68126000664,NA
823,824,0.101516692871509,-99.9212608210417,39.5613527001772,-104.424298080414,41.9999860784791,0.97701975726072,0.87550306438921,2022.58019755058,2022.68171424345,NA
1149,1159,0.0114182809299024,-113.598036416306,45.9397631638945,-112.92518300972,45.6020375024167,0.978474786651771,0.967056505721869,2022.67175099192,2022.68316927285,NA
739,740,0.0123161134614937,-112.910357563974,42.6143903083244,-112.594050874164,43.4235952617724,0.979506079642919,0.967189966181425,2022.67188445238,2022.68420056584,NA
1110,1111,0.0217632846815259,-93.1450455275728,38.3415344764119,-92.8665084578337,38.486119605478,0.984189546735287,0.962426262053762,2022.66712074825,2022.68888403293,NA
1150,1158,0.0135022364762007,-113.220329642523,45.5952084104829,-114.181880688841,46.3778117445739,0.985144181203585,0.971641944727385,2022.67633643092,2022.6898386674,NA
1053,1054,0.0264995082883175,-100.271475639609,36.9825651261823,-101.167983325791,37.2298432538726,0.985350360782744,0.958850852494427,2022.66354533869,2022.69004484698,NA
681,555,0.303836926113265,-87.8487418714705,43.6043691451857,-85.3835923031771,40.5877586847202,0.985716472710243,0.681879546596978,2022.38657403279,2022.6904109589,PQ701713|A/American_green-winged_teal/IN/22-029725-007-original-repeat/2022|H5N1|USA-IN|2022-09-10|wild_avian|B3.2
856,289,0.0265868188272527,-99.0170234827,34.4368947199569,-99.1042423572828,34.5435036881499,0.985716472710243,0.95912965388299,2022.66382414008,2022.6904109589,PQ706369|A/Blue-winged_teal/OK/22-029332-011-original/2022|H5N1|USA-OK|2022-09-10|wild_avian|B3.2
856,290,0.0265868188272527,-99.0170234827,34.4368947199569,-98.7289634703867,34.2067141725842,0.985716472710243,0.95912965388299,2022.66382414008,2022.6904109589,PQ706345|A/Blue-winged_teal/OK/22-029332-005-original/2022|H5N1|USA-OK|2022-09-10|wild_avian|B3.2
1111,1112,0.00164320789911176,-92.8665084578337,38.486119605478,-93.2520266935137,38.7861930769865,0.985832754634399,0.984189546735287,2022.68888403293,2022.69052724083,NA
872,873,0.0828379490639795,-84.1438335523482,14.0132224097292,-77.5956051091513,-9.32580750727975,0.985909551624219,0.90307160256024,2022.60776608875,2022.69060403782,NA
1112,1114,0.000203443545225834,-93.2520266935137,38.7861930769865,-93.2413174060766,38.9258017607847,0.986036198179625,0.985832754634399,2022.69052724083,2022.69073068437,NA
854,292,0.155387527996512,-107.89049433359,42.8989008334816,-106.665729676986,44.0110708917776,0.9884561987376,0.833068670741089,2022.53776315693,2022.69315068493,PQ712073|A/Great_horned_owl/WY/22-029194-001-original/2022|H5N1|USA-WY|2022-09-11|wild_avian|B3.2
648,649,0.0386070343623266,-68.7685363152979,44.9793937882641,-70.3469195825373,45.77298019115,0.990598267323759,0.951991232961432,2022.65668571916,2022.69529275352,NA
707,708,0.193036461896079,-124.589648190038,49.4554101129061,-123.410273142907,43.5816170504936,0.990864398386248,0.797827936490169,2022.50252242268,2022.69555888458,NA
740,741,0.0115842196403326,-112.594050874164,43.4235952617724,-112.820093943424,43.3825784983111,0.991090299283252,0.979506079642919,2022.68420056584,2022.69578478548,NA
810,811,0.0288171408108258,-95.3971840301267,39.7889830345325,-96.3134118533976,40.7258244637242,0.991175836723162,0.962358695912337,2022.66705318211,2022.69587032292,NA
1114,1116,0.00715719529049741,-93.2413174060766,38.9258017607847,-93.2888552423133,38.8843244954161,0.993193393470122,0.986036198179625,2022.69073068437,2022.69788787966,NA
1061,306,0.0772509952953753,-96.9447677296643,41.4062872544523,-99.9792625229499,50.0225570428501,0.993935650792543,0.916684655497167,2022.62137914169,2022.69863013699,PV309744|A/Domestic_bird/MB/FAV-0929-1-2022/2022|H5N1|Canada-MB|2022-09-13|domestic_avian|B3.2
637,638,0.0263620739285386,-67.7816658854646,45.3378236350821,-63.5617111886749,43.9888203748291,0.994501897945075,0.968139824016537,2022.67283431021,2022.69919638414,NA
1091,1092,0.0249257624305419,-98.3618399303637,38.7137436614527,-98.5801785036419,37.4922817263492,0.995372702568586,0.970446940138044,2022.67514142633,2022.70006718876,NA
1116,1117,0.00309325809512373,-93.2888552423133,38.8843244954161,-94.8611974298933,41.6330277372407,0.996286651565246,0.993193393470122,2022.69788787966,2022.70098113776,NA
1071,298,0.13218892110623,-106.727888092282,53.621248374078,-110.564737475362,52.0136644272925,0.9966753768199,0.86448645571367,2022.56918094191,2022.70136986301,PV301481|A/Striped_Skunk/AB/OTH-0136-1-2022/2022|H5N1|Canada-AB|2022-09-14|other_mammal|B3.2
863,270,0.086380036431438,-109.159902252678,40.2780597955266,-109.441772265832,41.1887658174204,0.9966753768199,0.910295340388462,2022.61498982658,2022.70136986301,PQ718785|A/Trumpeter_Swan/WY/22-030049-002-original/2022|H5N1|USA-WY|2022-09-14|wild_avian|B3.2
873,874,0.0113819448598731,-77.5956051091513,-9.32580750727975,-77.5816116976133,-9.5440558595854,0.997291496484092,0.985909551624219,2022.69060403782,2022.70198598268,NA
873,886,0.0129112493780212,-77.5956051091513,-9.32580750727975,-73.7232163267399,-13.3474016790215,0.99882080100224,0.985909551624219,2022.69060403782,2022.7035152872,NA
1114,1115,0.014316675595917,-93.2413174060766,38.9258017607847,-94.0233112406194,41.8141327979864,1.00035287377554,0.986036198179625,2022.69073068437,2022.70504735997,NA
1054,1055,0.0155702060151715,-101.167983325791,37.2298432538726,-100.484201410625,37.9356631831464,1.00092056679792,0.985350360782744,2022.69004484698,2022.70561505299,NA
785,384,0.354573171341557,-115.641139433257,45.3455411970733,-111.946352666249,46.338517356124,1.00215482887461,0.647581657533058,2022.35227614373,2022.70684931507,PQ718777|A/Trumpeter_Swan/MT/22-030263-001-original/2022|H5N1|USA-MT|2022-09-16|wild_avian|B3.2
1134,376,0.174367980264492,-91.5381535327938,36.8408739958197,-107.215693996796,52.249341572465,1.00215482887461,0.827786848610123,2022.5324813348,2022.70684931507,PV309064|A/Coopers_Hawk/SK/FAV-1470-23-2022/2022|H5N1|Canada-SK|2022-09-16|wild_avian|B3.2
870,88,0.169659294890552,-100.347411278602,32.9464463228051,-101.020642581156,31.2079010464331,1.00489455490197,0.83523526001142,2022.53992974621,2022.7095890411,PQ706441|A/Blue-winged_teal/TX/22-031351-010-original-repeat/2022|H5N1|USA-TX|2022-09-17|wild_avian|B3.2
1073,300,0.041243771278177,-95.3600015479579,45.3975733555896,-95.8161511847672,45.2142724664786,1.00489455490197,0.963650783623795,2022.66834526982,2022.7095890411,PQ701745|A/American_green-winged_teal/MN/23-013078-030-original/2022|H5N1|USA-MN|2022-09-17|wild_avian|B3.2
874,875,0.00933568803255147,-77.5816116976133,-9.5440558595854,-75.5775287227577,-11.423405509888,1.00662718451664,0.997291496484092,2022.70198598268,2022.71132167071,NA
658,659,0.0884176618476213,-80.4723943347471,48.0597270122269,-74.5812891053654,41.0339026005506,1.008319069846,0.919901407998379,2022.62459589419,2022.71301355604,NA
1112,1113,0.0243488994116401,-93.2520266935137,38.7861930769865,-92.799811644823,37.8353683173944,1.01018165404604,0.985832754634399,2022.69052724083,2022.71487614024,NA
1126,365,0.0955197629797628,-101.140103211987,38.6135586739758,-103.345108358712,40.3644588789187,1.01037400695691,0.914854243977151,2022.61954873017,2022.71506849315,PQ715737|A/Red-tailed_hawk/CO/22-029818-001-original-repeat/2022|H5N1|USA-CO|2022-09-19|wild_avian|B3.2
1150,1151,0.0395526022661685,-113.220329642523,45.5952084104829,-109.892315474581,48.408588603373,1.01119454699355,0.971641944727385,2022.67633643092,2022.71588903319,NA
1117,1119,0.0149893514111072,-94.8611974298933,41.6330277372407,-97.3310956129049,40.9655908829837,1.01127600297635,0.996286651565246,2022.70098113776,2022.71597048917,NA
720,721,0.116079004798471,-143.678527436309,61.83061626837,-151.222419357724,63.4056314897918,1.01131103242067,0.895232027622195,2022.59992651382,2022.71600551861,NA
868,869,0.0684916082964477,-110.043650200216,42.0541794399522,-108.243774333398,41.3141594161011,1.0115260135264,0.943034405229952,2022.64772889142,2022.71622049972,NA
1117,1118,0.015569756500005,-94.8611974298933,41.6330277372407,-95.7496026160789,43.3438737779,1.01185640806525,0.996286651565246,2022.70098113776,2022.71655089426,NA
659,660,0.00463988672426563,-74.5812891053654,41.0339026005506,-74.8124511352953,42.3819118600257,1.01295895657027,1.008319069846,2022.71301355604,2022.71765344276,NA
1151,1152,0.00190766564301947,-109.892315474581,48.408588603373,-110.587922477921,49.2911447636033,1.01310221263657,1.01119454699355,2022.71588903319,2022.71779669883,NA
1125,326,0.103873442933812,-98.7025012346512,37.8474215731341,-92.9426754826704,30.0461289831934,1.01311373298427,0.909240290050459,2022.61393477624,2022.71780821918,PQ705761|A/Blue-winged_teal/LA/22-033477-003-original/2022|H5N1|USA-LA|2022-09-20|wild_avian|B3.2
1116,1123,0.0200141422191584,-93.2888552423133,38.8843244954161,-93.6367400017404,38.9773486884023,1.01320753568928,0.993193393470122,2022.69788787966,2022.71790202188,NA
1119,1120,0.00268971968150034,-97.3310956129049,40.9655908829837,-99.0784349615717,42.0295715283399,1.01396572265785,1.01127600297635,2022.71597048917,2022.71866020885,NA
1043,1044,0.102388084066192,-100.506087415708,36.499501600545,-93.7107817363028,44.1399653673331,1.01493002174987,0.912541937683681,2022.61723642388,2022.71962450794,NA
714,718,0.0450478903824276,-120.138058761306,52.2626071540923,-125.009026609961,54.7364951359398,1.01530963544457,0.970261745062145,2022.67495623126,2022.72000412164,NA
1054,1056,0.0316227482829596,-101.167983325791,37.2298432538726,-73.5582523256048,12.7602832223969,1.0169731090657,0.985350360782744,2022.69004484698,2022.72166759526,NA
688,564,0.60891196338738,-95.2903395600664,48.1597274233086,-99.8325359728412,33.196314137632,1.01859318503899,0.409681221651607,2022.11437570785,2022.72328767123,PQ706497|A/Blue-winged_teal/TX/22-033479-004-original/2022|H5N1|USA-TX|2022-09-22|wild_avian|B3.2
1072,299,0.137414803880317,-107.479114129606,48.1837320669824,-116.540243785513,55.7956684752185,1.01859318503899,0.881178381158669,2022.58587286735,2022.72328767123,PV320424|A/Turkey/AB/FAV-0962-1-2022/2022|H5N1|Canada-AB|2022-09-22|domestic_avian|B3.2
625,626,0.0450187617476363,-79.8998162355954,45.8227659389403,-74.6047781438485,36.6339682134794,1.01931766977768,0.97429890803004,2022.67899339422,2022.72401215597,NA
817,819,0.130467226328617,-96.2194159825309,34.2885238563854,-110.770225884995,36.2292604535258,1.02062624158047,0.89015901525185,2022.59485350145,2022.72532072777,NA
849,295,0.182294612554077,-101.830735266298,40.5525813058231,-90.3507471419754,29.4762967086196,1.02133291106634,0.839038298512266,2022.54373278471,2022.72602739726,EPI_ISL_17690225|A/duck/Louisiana/UGAI22-3889/2022|H5N1|USA-LA|2022-09-23|domestic_avian|B3.2
1042,266,0.139437985140933,-98.5367995552855,33.1942379513135,-89.8787177168945,36.6478172418897,1.02133291106634,0.881894925925411,2022.58658941212,2022.72602739726,PQ701273|A/American_Blue-winged_teal/MO/22-032511-101-original-repeat/2022|H5N1|USA-MO|2022-09-23|wild_avian|B3.2
864,269,0.0985258610631847,-115.248943245794,42.6236495671394,-118.011877496463,40.6371163997835,1.02133291106634,0.922807050003159,2022.6275015362,2022.72602739726,PQ708353|A/Canada_goose/NV/22-033403-003-original-repeat/2022|H5N1|USA-NV|2022-09-23|wild_avian|B3.2
819,820,0.00298081688546281,-110.770225884995,36.2292604535258,-114.021782112728,39.1692084489218,1.02360705846593,1.02062624158047,2022.72532072777,2022.72830154466,NA
1049,286,0.0961377056742712,-108.907885631349,42.912820149413,-112.495497497256,46.3237097629562,1.02407263709393,0.927934931419657,2022.63262941761,2022.72876712329,PQ706313|A/Blue-winged_teal/MT/22-031163-004-original-repeat/2022|H5N1|USA-MT|2022-09-24|wild_avian|B3.2
886,983,0.0291460285577534,-73.7232163267399,-13.3474016790215,-72.7352215691899,-13.5263535664178,1.02796682955999,0.99882080100224,2022.7035152872,2022.73266131575,NA
1152,1153,0.0167232847421008,-110.587922477921,49.2911447636033,-110.853852468934,49.4902197565664,1.02982549737867,1.01310221263657,2022.71779669883,2022.73451998357,NA
820,821,0.0074926883854225,-114.021782112728,39.1692084489218,-112.716466816183,39.8234364842006,1.03109974685135,1.02360705846593,2022.72830154466,2022.73579423305,NA
633,523,0.317820502862974,-85.8093876124801,42.1787696770957,-66.8558863397331,46.3545127030581,1.032291815176,0.714471312313027,2022.41916579851,2022.73698630137,PV301592|A/American_Black_Duck/NB/FAV-1206-8-2022/2022|H5N1|Canada-NB|2022-09-27|wild_avian|B3.2
820,41,0.00868475671007118,-114.021782112728,39.1692084489218,-113.662695890112,39.3441056555775,1.032291815176,1.02360705846593,2022.72830154466,2022.73698630137,PQ710001|A/Eared_grebe/UT/22-030915-001-original/2022|H5N1|USA-UT|2022-09-27|wild_avian|B3.2
1147,1160,0.0877538534286422,-111.958380084681,45.5816681466241,-105.79567182315,46.1965381384689,1.03260738734877,0.94485353392013,2022.64954802011,2022.73730187354,NA
1151,1155,0.0220658114020047,-109.892315474581,48.408588603373,-107.945770125339,44.4563429075202,1.03326035839556,1.01119454699355,2022.71588903319,2022.73795484459,NA
730,731,0.297279019758856,-124.427797676063,46.7930178711644,-123.432696056679,44.4931849120426,1.03353586845348,0.736256848694623,2022.44095133489,2022.73823035465,NA
1145,430,0.177837218935235,-107.74269720869,40.8473839402755,-101.049725204708,46.9077069637561,1.03503154120336,0.857194322268124,2022.56188880846,2022.7397260274,PQ702113|A/American_white_Pelican/ND/22-032266-001-original-repeat/2022|H5N1|USA-ND|2022-09-28|wild_avian|B3.2
1063,305,0.148937275437119,-101.484284092487,42.7247313751367,-104.232958264073,51.2873761896541,1.03503154120336,0.886094265766239,2022.59078875196,2022.7397260274,PV310832|A/Domestic_bird/SK/FAV-0986-2-2022/2022|H5N1|Canada-SK|2022-09-28|domestic_avian|B3.2
1043,265,0.122489603519677,-100.506087415708,36.499501600545,-106.709897940115,39.5302558765595,1.03503154120336,0.912541937683681,2022.61723642388,2022.7397260274,PQ716913|A/Ring-billed_gull/CO/22-030941-001-original/2022|H5N1|USA-CO|2022-09-28|wild_avian|B3.2
806,57,0.0741729922004906,-105.433581041406,39.3612469818384,-99.6320698332098,47.0393405781565,1.03503154120336,0.960858549002868,2022.6655530352,2022.7397260274,PQ711673|A/Great_horned_owl/ND/22-032264-001-original/2022|H5N1|USA-ND|2022-09-28|wild_avian|B3.2
983,984,0.00834189423896303,-72.7352215691899,-13.5263535664178,-72.3924316754817,-12.6916102689032,1.03630872379896,1.02796682955999,2022.73266131575,2022.74100320999,NA
866,867,0.153330350358584,-109.01136967354,39.9527798168442,-111.804850960565,32.524510418796,1.03769888291964,0.884368532561057,2022.58906301875,2022.74239336911,NA
634,524,0.301485256596466,-78.3117363536242,42.8027570688443,-94.3768316469089,56.605915782352,1.03777126723094,0.736286010634477,2022.44098049683,2022.74246575342,PV320960|A/Turkey/MB/FAV-0994-2-2022/2022|H5N1|Canada-MB|2022-09-29|domestic_avian|B3.2
654,528,0.214035327561819,-91.6321121420292,44.0129970036446,-92.0408253940936,43.7753023595131,1.03777126723094,0.823735939669124,2022.52843042586,2022.74246575342,PQ719105|A/Turkey_Vulture/MN/22-031157-002-original/2022|H5N1|USA-MN|2022-09-29|wild_avian|B3.2
821,42,0.00667152037959085,-112.716466816183,39.8234364842006,-112.663282934687,39.7894025866501,1.03777126723094,1.03109974685135,2022.73579423305,2022.74246575342,PQ712361|A/Gull/UT/22-031729-002-original-repeat/2022|H5N1|USA-UT|2022-09-29|wild_avian|B3.2
660,661,0.0249343372083937,-74.8124511352953,42.3819118600257,-71.7014067498082,41.7427882068586,1.03789329377866,1.01295895657027,2022.71765344276,2022.74258777997,NA
1061,1062,0.122114609318228,-96.9447677296643,41.4062872544523,-95.5309367115884,36.3429466754877,1.0387992648154,0.916684655497167,2022.62137914169,2022.74349375101,NA
734,466,0.252645907201099,-117.605352774379,43.7423769876853,-160.055798003999,55.8537583222331,1.0405109932583,0.787865086057201,2022.49255957225,2022.74520547945,PQ714633|A/Northern_pintail/AK/23-002693-016-original/2022|H5N1|USA-AK|2022-09-30|wild_avian|B3.2
868,273,0.100216314055706,-110.043650200216,42.0541794399522,-113.471580742421,43.9369409577043,1.04325071928566,0.943034405229952,2022.64772889142,2022.74794520548,PQ701705|A/American_green-winged_teal/ID/22-034533-007-original-repeat2/2022|H5N1|USA-ID|2022-10-01|wild_avian|B3.2
811,53,0.0520748825624953,-96.3134118533976,40.7258244637242,-102.42583768453,48.8479044930872,1.04325071928566,0.991175836723162,2022.69587032292,2022.74794520548,PQ701793|A/American_green-winged_teal/ND/22-032267-001-original-repeat/2022|H5N1|USA-ND|2022-10-01|wild_avian|B3.2
718,719,0.0304310011716398,-125.009026609961,54.7364951359398,-141.295381329803,55.602835237574,1.04574063661621,1.01530963544457,2022.72000412164,2022.75043512281,NA
1092,1094,0.054363967833853,-98.5801785036419,37.4922817263492,-100.1661803511,37.5285777072446,1.04973667040244,0.995372702568586,2022.70006718876,2022.7544311566,NA
835,59,0.118626193773935,-102.499901340314,43.4253047461096,-112.095224103036,40.6596083805248,1.05146989736773,0.932843703593795,2022.63753818979,2022.75616438356,PQ709897|A/Duck/UT/22-031728-004-original-repeat/2022|H5N1|USA-UT|2022-10-04|domestic_avian|B3.2
844,846,0.127135143857258,-100.016104957385,40.8838179480968,-96.6356490530464,40.4509410981391,1.05285616067752,0.925721016820266,2022.63041550301,2022.75755064687,NA
815,46,0.201249275845423,-109.486752740384,43.0312518816081,-101.485888577588,53.6650674196301,1.05420962339531,0.852960347549892,2022.55765483374,2022.75890410959,PV324056|A/chicken/MB/FAV-1061-1-2022/2022|H5N1|Canada-MB|2022-10-05|domestic_avian|B3.2
1081,366,0.161272443807436,-106.331136680096,38.0974265852491,-115.383720521818,54.5296104078502,1.05420962339531,0.892937179587879,2022.59763166578,2022.75890410959,PV305552|A/Canada_Goose/AB/FAV-1258-5-2022/2022|H5N1|Canada-AB|2022-10-05|wild_avian|B3.2
1118,322,0.0423532153300634,-95.7496026160789,43.3438737779,-111.019138841586,49.2514767138837,1.05420962339531,1.01185640806525,2022.71655089426,2022.75890410959,PV305560|A/Canada_Goose/AB/FAV-1258-6-2022/2022|H5N1|Canada-AB|2022-10-05|wild_avian|B3.2
1133,372,0.227564861678601,-91.731432239132,36.5210228593863,-93.637238689322,35.8326097000441,1.05694934942267,0.829384487744071,2022.53407897394,2022.76164383562,EPI_ISL_16297378|A/chicken/Arkansas/22-031676-001/2022|H5N1|USA-AR|2022-10-06|domestic_avian|B3.2
1094,1095,0.00841723366240332,-100.1661803511,37.5285777072446,-100.192534990835,37.7058100146692,1.05815390406484,1.04973667040244,2022.7544311566,2022.76284839026,NA
1055,276,0.0587685086521139,-100.484201410625,37.9356631831464,-87.4485482746458,38.0188281832703,1.05968907545003,1.00092056679792,2022.70561505299,2022.76438356164,PQ715137|A/Peregrine_falcon/IN/22-032710-001-original/2022|H5N1|USA-IN|2022-10-07|wild_avian|B3.2
984,985,0.0297319640675879,-72.3924316754817,-12.6916102689032,-72.271744130443,-16.8179648719479,1.06604068786654,1.03630872379896,2022.74100320999,2022.77073517406,NA
655,656,0.283763874803949,-86.7275021167938,42.7063162891746,-93.5262192474641,42.0000384167255,1.06734082692657,0.783576952122617,2022.48827143832,2022.77203531312,NA
803,37,0.211367996826112,-103.577555086708,39.0934446164448,-99.0055986710784,34.581886286272,1.0679082535321,0.85654025670599,2022.5612347429,2022.77260273973,PQ701297|A/American_Blue-winged_teal/OK/22-032994-002-original/2022|H5N1|USA-OK|2022-10-10|wild_avian|B3.2
865,267,0.198045438468243,-107.966371350038,39.0207787151483,-107.911998365146,43.0944688849901,1.0679082535321,0.869862815063859,2022.57455730126,2022.77260273973,EPI_ISL_16297368|A/chicken/Wyoming/22-032216-001/2022|H5N1|USA-WY|2022-10-10|domestic_avian|B3.2
869,271,0.0563822400057021,-108.243774333398,41.3141594161011,-105.157572986624,40.3127120024994,1.0679082535321,1.0115260135264,2022.71622049972,2022.77260273973,EPI_ISL_16297358|A/chicken/Colorado/22-032670-001/2022|H5N1|USA-CO|2022-10-10|domestic_avian|B3.2
869,272,0.0563822400057021,-108.243774333398,41.3141594161011,-105.033103841776,40.0572584781383,1.0679082535321,1.0115260135264,2022.71622049972,2022.77260273973,EPI_ISL_16297365|A/chicken/Colorado/22-032233-001/2022|H5N1|USA-CO|2022-10-10|domestic_avian|B3.2
1095,1096,0.0111976010388504,-100.192534990835,37.7058100146692,-99.7879160716415,37.843314873413,1.06935150510369,1.05815390406484,2022.76284839026,2022.7740459913,NA
1094,1106,0.0197305484367836,-100.1661803511,37.5285777072446,-91.9504492103038,36.9285385274127,1.06946721883922,1.04973667040244,2022.7544311566,2022.77416170503,NA
770,27,0.171714084015036,-113.860056636588,46.1743223976664,-128.858170179495,54.1161475878816,1.07064797955969,0.89893389554465,2022.60362838174,2022.77534246575,PV309680|A/Domestic_bird/BC/FAV-1128-2022/2022|H5N1|Canada-BC|2022-10-11|domestic_avian|B3.2
719,399,0.0249073429434743,-141.295381329803,55.602835237574,-148.314209961989,62.4618907239163,1.07064797955969,1.04574063661621,2022.75043512281,2022.77534246575,PP802398|A/domestic_turkey/USA/22-032677-004/2022|H5N1|USA-AK|2022-10-11|domestic_avian|B3.2
1050,1058,0.138452168898441,-107.869626180579,42.6793085110198,-106.383910397223,46.478059503993,1.07105278690125,0.932600618002813,2022.6372951042,2022.7757472731,NA
1152,426,0.060285492950471,-110.587922477921,49.2911447636033,-99.9927000084474,50.1602680385898,1.07338770558704,1.01310221263657,2022.71779669883,2022.77808219178,PV303768|A/Bald_Eagle/MB/OTH-0142-1-2022/2022|H5N1|Canada-MB|2022-10-12|wild_avian|B3.2
1084,1087,0.160872903694934,-98.4003048931706,42.497308223938,-110.749572013898,40.4054105652765,1.07602334172053,0.9151504380256,2022.61984492422,2022.78071782791,NA
770,26,0.177193536069751,-113.860056636588,46.1743223976664,-93.2035533120676,35.3393764483996,1.0761274316144,0.89893389554465,2022.60362838174,2022.78082191781,EPI_ISL_16297360|A/chicken/Arkansas/22-032566-001/2022|H5N1|USA-AR|2022-10-13|domestic_avian|B3.2
846,847,0.0247321438121557,-96.6356490530464,40.4509410981391,-81.352230296945,32.5882727681762,1.07758830448968,1.05285616067752,2022.75755064687,2022.78228279068,NA
985,986,0.0121301082981016,-72.271744130443,-16.8179648719479,-70.8537149340069,-21.5617822289892,1.07817079616465,1.06604068786654,2022.77073517406,2022.78286528236,NA
707,469,0.28103922115159,-124.589648190038,49.4554101129061,-160.845789586735,55.5375583402909,1.07886715764176,0.797827936490169,2022.50252242268,2022.78356164384,PQ713065|A/Mallard/AK/23-003641-008-original/2022|H5N1|USA-AK|2022-10-14|wild_avian|B3.2
1128,364,0.132290250630694,-98.8563411621047,39.2529261003632,-117.307004116239,38.3463705230555,1.07886715764176,0.946576907011064,2022.6512713932,2022.78356164384,EPI_ISL_16297353|A/chicken/Nevada/22-032799-001/2022|H5N1|USA-NV|2022-10-14|domestic_avian|B3.2
811,54,0.0876913209185961,-96.3134118533976,40.7258244637242,-92.1192295801966,32.6533861249818,1.07886715764176,0.991175836723162,2022.69587032292,2022.78356164384,EPI_ISL_16297332|A/goose/Louisiana/22-033391-001/2022|H5N1|USA-LA|2022-10-14|domestic_avian|B3.2
875,876,0.0745516225367937,-75.5775287227577,-11.423405509888,-79.6387572667922,-9.94928886581179,1.08117880705344,1.00662718451664,2022.71132167071,2022.78587329325,NA
1085,353,0.160526749482141,-97.3358205914019,42.242406035678,-74.5298138340501,41.4350084513818,1.08160688366912,0.921080134186975,2022.62577462038,2022.78630136986,PQ701809|A/American_green-winged_teal/NY/22-033592-029-original/2022|H5N1|USA-NY|2022-10-15|wild_avian|B3.2
1127,363,0.143277004975889,-100.802142528086,38.8239871979241,-81.6470864844385,40.8199371403135,1.08160688366912,0.938329878693227,2022.64302436489,2022.78630136986,PQ702337|A/American_wigeon/OH/22-034080-032-original/2022|H5N1|USA-OH|2022-10-15|wild_avian|B3.2
1069,312,0.139352133286125,-119.209955005642,47.5327535059426,-119.512190595059,45.4651410408179,1.08160688366912,0.942254750382991,2022.64694923658,2022.78630136986,PQ702361|A/American_wigeon/OR/22-033876-019-original/2022|H5N1|USA-OR|2022-10-15|wild_avian|B3.2
1137,379,0.13381405588592,-99.207668528917,43.5520817268391,-97.7808567050144,41.0454708591139,1.08160688366912,0.947792827783196,2022.65248731398,2022.78630136986,EPI_ISL_16297351|A/pheasant/Nebraska/22-032910-001/2022|H5N1|USA-NE|2022-10-15|domestic_avian|B3.2
867,274,0.0439080007494748,-111.804850960565,32.524510418796,-112.837184094122,32.7328836507649,1.08160688366912,1.03769888291964,2022.74239336911,2022.78630136986,PQ714969|A/Pelican/AZ/22-038234-003-original/2022|H5N1|USA-AZ|2022-10-15|wild_avian|B3.2
867,275,0.0439080007494748,-111.804850960565,32.524510418796,-111.416969011152,32.8126182283959,1.08160688366912,1.03769888291964,2022.74239336911,2022.78630136986,PQ714961|A/Pelican/AZ/22-038234-002-original/2022|H5N1|USA-AZ|2022-10-15|wild_avian|B3.2
773,774,0.219214768458381,-124.988957310773,53.3611917214497,-117.968966865338,42.8201435778713,1.08267987851006,0.86346511005168,2022.56815959625,2022.7873743647,NA
850,294,0.222483906417057,-106.584115188947,43.7059981377166,-90.8095562696477,42.1337960297209,1.08434660969647,0.861862703279417,2022.56655718947,2022.78904109589,PQ701697|A/American_green-winged_teal/IA/22-034928-001-original-repeat2/2022|H5N1|USA-IA|2022-10-16|wild_avian|B3.2
1049,287,0.156411678276816,-108.907885631349,42.912820149413,-118.511778443707,36.818348081861,1.08434660969647,0.927934931419657,2022.63262941761,2022.78904109589,EPI_ISL_16297067|A/Muscovy_duck/California/22-034335-001/2022|H5N1|USA-CA|2022-10-16|wild_avian|B3.2
1095,1098,0.0279990146137323,-100.192534990835,37.7058100146692,-100.845549322779,38.5935176699581,1.08615291867857,1.05815390406484,2022.76284839026,2022.79084740487,NA
1044,1045,0.0717313409691709,-93.7107817363028,44.1399653673331,-94.3648416103356,37.5179396628161,1.08666136271904,1.01493002174987,2022.71962450794,2022.79135584891,NA
661,662,0.0490376304575038,-71.7014067498082,41.7427882068586,-71.3634684007894,41.7108595137687,1.08693092423616,1.03789329377866,2022.74258777997,2022.79162541043,NA
798,35,0.433703377381978,-100.667303317087,38.4807753676455,-100.911339553741,37.340835257941,1.08708633572406,0.65338295834208,2022.35807744454,2022.79178082192,PQ715033|A/Pelican/KS/22-036624-001-original-repeat/2022|H5N1|USA-KS|2022-10-17|wild_avian|B3.2
769,28,0.288324615266632,-113.818268816944,46.0555973248856,-96.4862673457558,32.9367461368153,1.08708633572406,0.798761720457426,2022.50345620665,2022.79178082192,EPI_ISL_16297342|A/chicken/Texas/22-033221-001/2022|H5N1|USA-TX|2022-10-17|domestic_avian|B3.2
638,642,0.0948720296876448,-63.5617111886749,43.9888203748291,-65.6853384064617,46.2010545184786,1.08937392763272,0.994501897945075,2022.69919638414,2022.79406841383,NA
876,878,0.00840242703429794,-79.6387572667922,-9.94928886581179,-78.9412574520432,-10.0976071983993,1.08958123408774,1.08117880705344,2022.78587329325,2022.79427572028,NA
1069,313,0.147571311368424,-119.209955005642,47.5327535059426,-98.6033095118477,44.7789321502092,1.08982606175142,0.942254750382991,2022.64694923658,2022.79452054795,EPI_ISL_16297337|A/chicken/South_Dakota/22-033350-001/2022|H5N1|USA-SD|2022-10-18|domestic_avian|B3.2
1058,284,0.0187732748501617,-106.383910397223,46.478059503993,-110.244822756119,48.7843540094612,1.08982606175142,1.07105278690125,2022.7757472731,2022.79452054795,EPI_ISL_16297340|A/chicken/Montana/22-033348-001/2022|H5N1|USA-MT|2022-10-18|domestic_avian|B3.2
739,760,0.123111015032712,-112.910357563974,42.6143903083244,-116.274204346186,39.1105377950925,1.09030098121414,0.967189966181425,2022.67188445238,2022.79499546741,NA
986,987,0.0130635868041509,-70.8537149340069,-21.5617822289892,-71.3518871323,-23.1106164149471,1.0912343829688,1.07817079616465,2022.78286528236,2022.79592886916,NA
1138,378,0.132019444609193,-97.6992535797724,42.3043197188499,-99.6767339170932,40.6172488214848,1.09256578777877,0.96054634316958,2022.66524082936,2022.79726027397,PQ718537|A/Sparrow/NE/22-033885-001-original/2022|H5N1|USA-NE|2022-10-19|wild_avian|B3.2
824,826,0.115996079032481,-104.424298080414,41.9999860784791,-104.413721025742,41.9597853674215,1.0930158362932,0.97701975726072,2022.68171424345,2022.79771032249,NA
987,988,0.00274204300722891,-71.3518871323,-23.1106164149471,-71.9044169325554,-23.5089899934959,1.09397642597603,1.0912343829688,2022.79592886916,2022.79867091217,NA
1130,375,0.239933811751141,-97.7492172002787,35.0811473826288,-97.1943001027126,35.2918073660088,1.09530551380613,0.85537170205499,2022.56006618825,2022.8,EPI_ISL_16297140|A/chicken/Oklahoma/22-033558-001/2022|H5N1|USA-OK|2022-10-20|domestic_avian|B3.2
1119,325,0.0840295108297768,-97.3310956129049,40.9655908829837,-81.71377891978,28.9076397144464,1.09530551380613,1.01127600297635,2022.71597048917,2022.8,EPI_ISL_16297133|A/chicken/Florida/22-033923-001/2022|H5N1|USA-FL|2022-10-20|domestic_avian|B3.2
1058,285,0.0242527269048765,-106.383910397223,46.478059503993,-107.572859111316,46.9237803276379,1.09530551380613,1.07105278690125,2022.7757472731,2022.8,PQ708265|A/Canada_goose/MT/22-033859-002-original/2022|H5N1|USA-MT|2022-10-20|wild_avian|B3.2
886,887,0.0974687243654535,-73.7232163267399,-13.3474016790215,-68.5238740582052,-22.9987448417714,1.09628952536769,0.99882080100224,2022.7035152872,2022.80098401156,NA
878,883,0.00736958153766842,-78.9412574520432,-10.0976071983993,-77.0730929831577,-11.5434154219623,1.0969508156254,1.08958123408774,2022.79427572028,2022.80164530182,NA
1044,1047,0.0828780461272731,-93.7107817363028,44.1399653673331,-115.922032518514,52.4412497490356,1.09780806787715,1.01493002174987,2022.71962450794,2022.80250255407,NA
721,722,0.0865980759329132,-151.222419357724,63.4056314897918,-153.813268271194,64.3253084660592,1.09790910835358,1.01131103242067,2022.71600551861,2022.80260359455,NA
774,775,0.0175918871970366,-117.968966865338,42.8201435778713,-116.902009811112,43.1541630778062,1.1002717657071,1.08267987851006,2022.7873743647,2022.8049662519,NA
850,293,0.238922262581656,-106.584115188947,43.7059981377166,-107.462665330849,49.4405283856532,1.10078496586107,0.861862703279417,2022.56655718947,2022.80547945205,PV310888|A/Domestic_bird/SK/FAV-1259-1-2022/2022|H5N1|Canada-SK|2022-10-22|domestic_avian|B3.2
816,43,0.214108276638483,-99.4358518579926,35.3730860053266,-102.192280976306,49.6832153198783,1.10078496586107,0.88667668922259,2022.59137117542,2022.80547945205,PV324608|A/chicken/SK/FAV-1261-2-2022/2022|H5N1|Canada-SK|2022-10-22|domestic_avian|B3.2
1086,357,0.125369400962767,-96.8689016013888,41.6728905893234,-94.8527979990772,41.346589335139,1.10078496586107,0.975415564898306,2022.68011005109,2022.80547945205,PQ705697|A/Blue-winged_teal/IA/22-034304-005-original-repeat2/2022|H5N1|USA-IA|2022-10-22|wild_avian|B3.2
1120,329,0.089558969230576,-99.0784349615717,42.0295715283399,-95.5381237197063,45.3144342252831,1.10352469188843,1.01396572265785,2022.71866020885,2022.80821917808,EPI_ISL_16297135|A/turkey/Minnesota/22-033929-001/2022|H5N1|USA-MN|2022-10-23|domestic_avian|B3.2
878,879,0.0149698286001976,-78.9412574520432,-10.0976071983993,-79.3702161523768,-6.73156939147678,1.10455106268793,1.08958123408774,2022.79427572028,2022.80924554888,NA
1106,1107,0.0354015936576721,-91.9504492103038,36.9285385274127,-88.8865493342093,33.8411959560817,1.10486881249689,1.06946721883922,2022.77416170503,2022.80956329869,NA
741,742,0.115818352625656,-112.820093943424,43.3825784983111,-124.183881362965,43.9534465553329,1.10690865190891,0.991090299283252,2022.69578478548,2022.8116031381,NA
1155,1156,0.0748215045497611,-107.945770125339,44.4563429075202,-109.742138895067,41.3444914420815,1.10808186294532,1.03326035839556,2022.73795484459,2022.81277634914,NA
1092,1093,0.112977923085073,-98.5801785036419,37.4922817263492,-96.1329598507669,36.0114547716114,1.10835062565366,0.995372702568586,2022.70006718876,2022.81304511185,NA
781,467,0.638815348006657,-124.751132941438,54.4076034479883,-122.956376669326,53.9181426456831,1.10900414394314,0.470188795936487,2022.17488328213,2022.81369863014,PV304800|A/Cackling_Goose/BC/FAV-0014-67-2023/2022|H5N1|Canada-BC|2022-10-25|wild_avian|B3.2
807,48,0.176150325976275,-100.410480035651,39.7983615878857,-94.0161929547176,44.2447384962456,1.10900414394314,0.93285381796687,2022.63754830416,2022.81369863014,EPI_ISL_16297129|A/turkey/Minnesota/22-034260-001/2022|H5N1|USA-MN|2022-10-25|domestic_avian|B3.2
819,39,0.0883779023626778,-110.770225884995,36.2292604535258,-114.008359775858,41.0782344225955,1.10900414394314,1.02062624158047,2022.72532072777,2022.81369863014,PQ711857|A/Great_horned_owl/UT/22-035956-007-original/2022|H5N1|USA-UT|2022-10-25|wild_avian|B3.2
642,643,0.0203582838165093,-65.6853384064617,46.2010545184786,-64.0834552586886,46.4012330302612,1.10973221144923,1.08937392763272,2022.79406841383,2022.81442669764,NA
740,745,0.131279394191331,-112.594050874164,43.4235952617724,-107.305844904857,44.5649079968203,1.11078547383425,0.979506079642919,2022.68420056584,2022.81547996003,NA
638,639,0.117007123322858,-63.5617111886749,43.9888203748291,-62.1654915108121,46.7540020690989,1.11150902126793,0.994501897945075,2022.69919638414,2022.81620350746,NA
806,58,0.150885320967634,-105.433581041406,39.3612469818384,-111.244784249462,42.6792179228517,1.1117438699705,0.960858549002868,2022.6655530352,2022.81643835616,PQ702289|A/American_wigeon/ID/22-036873-001-original/2022|H5N1|USA-ID|2022-10-26|wild_avian|B3.2
812,813,0.151504204825297,-98.4418101598461,44.2187986242271,-95.4318495757121,40.0112010840709,1.11435954806195,0.962855343236655,2022.66754982943,2022.81905403426,NA
1140,380,0.311733801294154,-102.885597030894,44.0498161929066,-123.629001453941,45.9640042377754,1.11448359599786,0.802749794703705,2022.5074442809,2022.81917808219,PQ702401|A/American_wigeon/OR/22-035736-015-original/2022|H5N1|USA-OR|2022-10-27|wild_avian|B3.2
1130,368,0.25911189394287,-97.7492172002787,35.0811473826288,-117.013785787604,33.3184772382479,1.11448359599786,0.85537170205499,2022.56006618825,2022.81917808219,PQ701953|A/American_white_Pelican/CA/22-035596-001-original/2022|H5N1|USA-CA|2022-10-27|wild_avian|B3.2
1138,377,0.153937252828279,-97.6992535797724,42.3043197188499,-99.3402278186915,43.1410616025499,1.11448359599786,0.96054634316958,2022.66524082936,2022.81917808219,EPI_ISL_16297062|A/pheasant/South_Dakota/22-034797-001/2022|H5N1|USA-SD|2022-10-27|domestic_avian|B3.2
826,829,0.0217242833189824,-104.413721025742,41.9597853674215,-107.735384244755,41.3030812716839,1.11474011961218,1.0930158362932,2022.79771032249,2022.81943460581,NA
1160,1161,0.0835134792846497,-105.79567182315,46.1965381384689,-85.84394638051,42.4670243436528,1.11612086663342,1.03260738734877,2022.73730187354,2022.82081535283,NA
1079,316,0.247467123061796,-104.364152285703,38.1563511578395,-87.10268397693,41.2148894466042,1.11722332202544,0.869756198963648,2022.57445068516,2022.82191780822,PQ713273|A/Mallard/IN/22-034829-007-original-repeat2/2022|H5N1|USA-IN|2022-10-28|wild_avian|B3.2
649,650,0.127202226528012,-70.3469195825373,45.77298019115,-71.336904858478,53.1979432315706,1.11780049385177,0.990598267323759,2022.69529275352,2022.82249498005,NA
826,827,0.0250490873510585,-104.413721025742,41.9597853674215,-104.902566700005,42.4479936422893,1.11806492364426,1.0930158362932,2022.79771032249,2022.82275940984,NA
1041,258,0.162871812195842,-83.3532590297698,12.8836807669391,-81.4282792118337,27.8037997833488,1.1199630480528,0.95709123585696,2022.66178572205,2022.82465753425,PQ715121|A/Peregrine_falcon/FL/22-035514-001-original/2022|H5N1|USA-FL|2022-10-29|wild_avian|B3.2
1098,1099,0.0340610741608476,-100.845549322779,38.5935176699581,-100.353841543959,37.5371808498369,1.12021399283942,1.08615291867857,2022.79084740487,2022.82490847903,NA
887,888,0.0253374780431939,-68.5238740582052,-22.9987448417714,-65.8242760367026,-22.3520047606797,1.12162700341089,1.09628952536769,2022.80098401156,2022.8263214896,NA
650,651,0.00418746900880107,-71.336904858478,53.1979432315706,-68.8224611455883,49.4422707700275,1.12198796286057,1.11780049385177,2022.82249498005,2022.82668244905,NA
1099,1100,0.00220845293777927,-100.353841543959,37.5371808498369,-97.3168959576157,36.8936341244896,1.1224224457772,1.12021399283942,2022.82490847903,2022.82711693197,NA
845,75,0.192365594678164,-99.7884934393417,41.2042818032173,-104.72548069626,41.7730114984881,1.12270277408016,0.930337179401995,2022.6350316656,2022.82739726027,PQ709201|A/Canada_goose/WY/23-000336-002-original/2022|H5N1|USA-WY|2022-10-30|wild_avian|B3.2
1052,283,0.146137253629234,-95.7414359118004,36.6598769333946,-78.2042433823157,35.3803700101694,1.12270277408016,0.976565520450925,2022.68126000664,2022.82739726027,PQ708281|A/Canada_goose/NC/22-036623-001-original-repeat2/2022|H5N1|USA-NC|2022-10-30|wild_avian|B3.2
1118,331,0.110846366014908,-95.7496026160789,43.3438737779,-89.9695358720231,48.9958418474144,1.12270277408016,1.01185640806525,2022.71655089426,2022.82739726027,PV302416|A/American_Crow/ON/FAV-1440-3-2022/2022|H5N1|Canada-ON|2022-10-30|wild_avian|B3.2
824,825,0.146980767518994,-104.424298080414,41.9999860784791,-103.999502941652,41.2649016917078,1.12400052477971,0.97701975726072,2022.68171424345,2022.82869501097,NA
879,880,0.0207188553747311,-79.3702161523768,-6.73156939147678,-80.2450434877512,-4.89266264530308,1.12526991806266,1.10455106268793,2022.80924554888,2022.82996440426,NA
822,86,0.441681301269375,-100.619719882762,39.3072595696391,-97.4719643023687,32.9919668794153,1.12544250010752,0.683761198838142,2022.38845568503,2022.8301369863,EPI_ISL_16297117|A/mallard/Texas/22-035744-001/2022|H5N1|USA-TX|2022-10-31|wild_avian|B3.2
1139,381,0.371911773751959,-101.37905272902,40.453941820764,-88.4355205238348,43.0237254290662,1.12544250010752,0.753530726355557,2022.45822521255,2022.8301369863,EPI_ISL_16297085|A/chicken/Wisconsin/22-034812-002/2022|H5N1|USA-WI|2022-10-31|domestic_avian|B3.2
988,989,0.0329577662654388,-71.9044169325554,-23.5089899934959,-77.1296530478583,-13.0378072018362,1.12693419224146,1.09397642597603,2022.79867091217,2022.83162867844,NA
600,482,0.337599205207558,-111.923526734167,38.6779082606291,-111.729984639954,34.4833320524176,1.12818222613487,0.790583020927315,2022.49527750712,2022.83287671233,EPI_ISL_16297070|A/chicken/Arizona/22-035006-002/2022|H5N1|USA-AZ|2022-11-01|domestic_avian|B3.2
1133,373,0.298797738390803,-91.731432239132,36.5210228593863,-100.197618040112,48.6907791996706,1.12818222613487,0.829384487744071,2022.53407897394,2022.83287671233,EPI_ISL_16297071|A/chicken/North_Dakota/22-035070-001/2022|H5N1|USA-ND|2022-11-01|domestic_avian|B3.2
708,472,0.137317827748626,-123.410273142907,43.5816170504936,-123.397721298906,45.414611734053,1.12818222613487,0.990864398386248,2022.69555888458,2022.83287671233,EPI_ISL_16297078|A/chicken/Oregon/22-035197-001/2022|H5N1|USA-OR|2022-11-01|domestic_avian|B3.2
829,832,0.0140652918520265,-107.735384244755,41.3030812716839,-109.049613242351,41.2731701175364,1.12880541146421,1.11474011961218,2022.81943460581,2022.83349989766,NA
847,848,0.0515721402788927,-81.352230296945,32.5882727681762,-81.0883013106025,32.9160221509294,1.12916044476857,1.07758830448968,2022.78228279068,2022.83385493096,NA
1142,1143,0.482181140130377,-109.011971868916,44.3519783959698,-108.41434783242,43.7321262690974,1.12969768264649,0.647516542516115,2022.35221102871,2022.83439216884,NA
987,994,0.0393132555105935,-71.3518871323,-23.1106164149471,-70.2777683374919,-22.4038504569918,1.13054763847939,1.0912343829688,2022.79592886916,2022.83524212467,NA
728,13,0.606501490691549,-119.367728894838,52.1667080180463,-73.2922470698598,47.9217834045477,1.13092195216223,0.524420461470682,2022.22911494766,2022.83561643836,PV318152|A/Snow_Goose/QC/FAV-1493-1-2022/2022|H5N1|Canada-QC|2022-11-02|wild_avian|B3.2
741,460,0.139831652878979,-112.820093943424,43.3825784983111,-121.11606664369,48.0068060452493,1.13092195216223,0.991090299283252,2022.69578478548,2022.83561643836,EPI_ISL_16297118|A/chicken/Washington/22-035749-001/2022|H5N1|USA-WA|2022-11-02|domestic_avian|B3.2
722,406,0.0330128438086517,-153.813268271194,64.3253084660592,-153.894711597011,64.3864744115303,1.13092195216223,1.09790910835358,2022.80260359455,2022.83561643836,PP802622|A/mallard/USA/22-036139-048/2022|H5N1|USA-AK|2022-11-02|wild_avian|B3.2
994,997,0.00175640947375122,-70.2777683374919,-22.4038504569918,-71.8405909487538,-21.9872550001968,1.13230404795314,1.13054763847939,2022.83524212467,2022.83699853415,NA
809,56,0.175873648100648,-96.3515215435897,39.9750911248557,-81.3113331473646,28.5228252660783,1.13366167818982,0.957788030089168,2022.66248251628,2022.83835616438,PQ709697|A/Double-crested_Cormorant/FL/22-036552-001-original/2022|H5N1|USA-FL|2022-11-03|wild_avian|B3.2
1111,321,0.149472131454528,-92.8665084578337,38.486119605478,-106.521709139219,55.0721766400307,1.13366167818982,0.984189546735287,2022.68888403293,2022.83835616438,PV324640|A/chicken/SK/FAV-1385-2-2022/2022|H5N1|Canada-SK|2022-11-03|domestic_avian|B3.2
1055,277,0.1327411113919,-100.484201410625,37.9356631831464,-106.221221721272,41.1081648818373,1.13366167818982,1.00092056679792,2022.70561505299,2022.83835616438,PQ709153|A/Canada_goose/WY/22-036111-001-original/2022|H5N1|USA-WY|2022-11-03|wild_avian|B3.2
745,752,0.0251901599762592,-107.305844904857,44.5649079968203,-105.459510107214,46.1883090322174,1.13597563381051,1.11078547383425,2022.81547996003,2022.84067012,NA
1134,374,0.30861455560705,-91.5381535327938,36.8408739958197,-87.3954110361408,30.3616616245628,1.13640140421717,0.827786848610123,2022.5324813348,2022.84109589041,PQ719905|A/black_skimmer/FL/22-036966-001-original/2022|H5N1|USA-FL|2022-11-04|wild_avian|B3.2
1160,415,0.103794016868402,-105.79567182315,46.1965381384689,-112.271925090193,44.0537998851451,1.13640140421717,1.03260738734877,2022.73730187354,2022.84109589041,EPI_ISL_16271835|A/striped_skunk/Idaho/22-037165-002/2022|H5N1|USA-ID|2022-11-04|other_mammal|B3.2
986,1038,0.0584864828024756,-70.8537149340069,-21.5617822289892,-77.1171419149086,-11.7873644185093,1.13665727896712,1.07817079616465,2022.78286528236,2022.84135176516,NA
876,877,0.0555027413711358,-79.6387572667922,-9.94928886581179,-76.6367470348966,-12.2092882628891,1.13668154842457,1.08117880705344,2022.78587329325,2022.84137603462,NA
829,830,0.0220269732569651,-107.735384244755,41.3030812716839,-107.197229977359,39.998334972362,1.13676709286915,1.11474011961218,2022.81943460581,2022.84146157906,NA
804,47,0.223970873679414,-107.212388255538,38.6394482686138,-94.3527987875905,29.7505072037598,1.13914113024453,0.915170256565117,2022.61986474276,2022.84383561644,PQ710353|A/Gadwall/TX/22-036753-040-original-repeat/2022|H5N1|USA-TX|2022-11-05|wild_avian|B3.2
1159,418,0.16066634359276,-112.92518300972,45.6020375024167,-116.081542469116,41.7551312649556,1.13914113024453,0.978474786651771,2022.68316927285,2022.84383561644,PQ714777|A/Northern_shoveler/NV/22-037517-003-original/2022|H5N1|USA-NV|2022-11-05|wild_avian|B3.2
771,16,0.40917349971572,-119.476835088302,49.0583224585757,-117.045502734476,49.864300872839,1.14188085627189,0.732707356556168,2022.43740184275,2022.84657534247,PV317736|A/Snow_Goose/BC/FAV-0053-3-2022/2022|H5N1|Canada-BC|2022-11-06|wild_avian|B3.2
813,814,0.0277722326137146,-95.4318495757121,40.0112010840709,-93.2307587564866,41.0311669254953,1.14213178067567,1.11435954806195,2022.81905403426,2022.84682626687,NA
1096,1097,0.073322713592856,-99.7879160716415,37.843314873413,-98.476419758591,37.7586818010257,1.14267421869655,1.06935150510369,2022.7740459913,2022.84736870489,NA
997,1004,0.0112204510899705,-71.8405909487538,-21.9872550001968,-72.1684108105162,-18.6658047455369,1.14352449904311,1.13230404795314,2022.83699853415,2022.84821898524,NA
989,990,0.0177239431097473,-77.1296530478583,-13.0378072018362,-76.6250534996293,-11.3678384676911,1.14465813535121,1.12693419224146,2022.83162867844,2022.84935262154,NA
1081,367,0.254423128738951,-106.331136680096,38.0974265852491,-74.0014608280506,8.71574572506657,1.14736030832683,0.892937179587879,2022.59763166578,2022.85205479452,OQ683458|A/chicken/Colombia/Bolivar/3500/2022|H5N1|Colombia-Bolivar|2022-11-08|domestic_avian|B3.2
662,663,0.0625750056291099,-71.3634684007894,41.7108595137687,-71.8272046197384,41.1183893476191,1.14950592986527,1.08693092423616,2022.79162541043,2022.85420041606,NA
887,892,0.0535725687515787,-68.5238740582052,-22.9987448417714,-69.679699471531,-23.9475745542906,1.14986209411927,1.09628952536769,2022.80098401156,2022.85455658031,NA
854,291,0.317031363613099,-107.89049433359,42.8989008334816,-109.652570606535,46.6753506117126,1.15010003435419,0.833068670741089,2022.53776315693,2022.85479452055,PQ716385|A/Red-tailed_hawk/MT/22-036316-001-original/2022|H5N1|USA-MT|2022-11-09|wild_avian|B3.2
1113,327,0.139918380308148,-92.799811644823,37.8353683173944,-86.6384218190299,35.0000125671513,1.15010003435419,1.01018165404604,2022.71487614024,2022.85479452055,EPI_ISL_16271855|A/domestic_goose/Tennessee/22-036130-001/2022|H5N1|USA-TN|2022-11-09|domestic_avian|B3.2
1155,425,0.11683967595863,-107.945770125339,44.4563429075202,-113.270434813342,49.6126979962341,1.15010003435419,1.03326035839556,2022.73795484459,2022.85479452055,PV315832|A/Poultry/AB/FAV-1411-1-2022/2022|H5N1|Canada-AB|2022-11-09|domestic_avian|B3.2
1004,1005,0.00821799196162365,-72.1684108105162,-18.6658047455369,-75.3671111236581,-19.8587721937545,1.15174249100474,1.14352449904311,2022.84821898524,2022.8564369772,NA
879,89,0.0482886976936121,-79.3702161523768,-6.73156939147678,-81.200409,-5.197348,1.15283976038155,1.10455106268793,2022.80924554888,2022.85753424658,OQ547439|A/Pelecanus_thagus/Peru/AIS0538/2022|H5N1|Peru|2022-11-10|wild_avian|B3.2
663,664,0.00404467470901082,-71.8272046197384,41.1183893476191,-72.4010477855192,40.4868568156249,1.15355060457428,1.14950592986527,2022.85420041606,2022.85824509077,NA
650,519,0.037778992557131,-71.336904858478,53.1979432315706,-70.4409678519355,52.4836103176584,1.1555794864089,1.11780049385177,2022.82249498005,2022.8602739726,PV317952|A/Snow_Goose/QC/FAV-0018-1-2023/2022|H5N1|Canada-QC|2022-11-11|wild_avian|B3.2
994,995,0.0261245719414842,-70.2777683374919,-22.4038504569918,-71.144111026416,-19.8431646097416,1.15667221042087,1.13054763847939,2022.83524212467,2022.86136669661,NA
760,761,0.067451459678141,-116.274204346186,39.1105377950925,-122.945306620695,50.4755973092911,1.15775244089228,1.09030098121414,2022.79499546741,2022.86244692709,NA
624,497,0.403730619574568,-92.3668046825037,46.3858365977927,-95.6470258309253,46.5043881408698,1.16105893846362,0.75732831888905,2022.46202280508,2022.86575342466,EPI_ISL_16271859|A/turkey/Minnesota/22-036547-001/2022|H5N1|USA-MN|2022-11-13|domestic_avian|B3.2
1005,1006,0.0093972542027041,-75.3671111236581,-19.8587721937545,-75.1812289893661,-19.8959455838919,1.16113974520744,1.15174249100474,2022.8564369772,2022.8658342314,NA
997,998,0.029427486398494,-71.8405909487538,-21.9872550001968,-68.8748403736219,-24.4627401655041,1.16173153435164,1.13230404795314,2022.83699853415,2022.86642602055,NA
1045,1046,0.0757287100594195,-94.3648416103356,37.5179396628161,-90.994677405771,29.6964655070858,1.16239007277846,1.08666136271904,2022.79135584891,2022.86708455897,NA
777,20,0.30800962701699,-126.930733922869,54.015159173016,-127.112161570882,53.5588200056637,1.1637986644912,0.855789037474212,2022.56048352367,2022.86849315069,PV304792|A/Cackling_Goose/BC/FAV-0014-28-2023/2022|H5N1|Canada-BC|2022-11-14|wild_avian|B3.2
1158,427,0.178654483287616,-114.181880688841,46.3778117445739,-119.307812192408,37.2893291934164,1.1637986644912,0.985144181203585,2022.6898386674,2022.86849315069,EPI_ISL_16271861|A/Pekin_duck/California/22-036722-001/2022|H5N1|USA-CA|2022-11-14|domestic_avian|B3.2
745,746,0.0543397064485194,-107.305844904857,44.5649079968203,-105.668682957637,40.3458814997081,1.16512518028277,1.11078547383425,2022.81547996003,2022.86981966648,NA
779,17,0.223134358195151,-127.887229347263,54.8049216667421,-113.64150316696,50.770167239058,1.16653839051856,0.943404032323409,2022.64809851852,2022.87123287671,PV314216|A/Layer_chicken/AB/FAV-1445-2-2022/2022|H5N1|Canada-AB|2022-11-15|domestic_avian|B3.2
639,516,0.0550293692506263,-62.1654915108121,46.7540020690989,-62.9172563871769,46.2377290278478,1.16653839051856,1.11150902126793,2022.81620350746,2022.87123287671,PV319320|A/Striped_Skunk/PE/FAV-1642-1-2022/2022|H5N1|Canada-PE|2022-11-15|other_mammal|B3.2
775,776,0.0663996193868797,-116.902009811112,43.1541630778062,-115.828195255929,42.3496416030686,1.16667138509398,1.1002717657071,2022.8049662519,2022.87136587129,NA
1128,1129,0.220678771608962,-98.8563411621047,39.2529261003632,-82.2529568756214,35.0050138864241,1.16725567862003,0.946576907011064,2022.6512713932,2022.87195016481,NA
761,762,0.00961939316314586,-122.945306620695,50.4755973092911,-123.319910890372,50.5618367999273,1.16737183405542,1.15775244089228,2022.86244692709,2022.87206632025,NA
1156,424,0.0611962536005977,-109.742138895067,41.3444914420815,-107.598767806732,38.2043059415943,1.16927811654592,1.10808186294532,2022.81277634914,2022.87397260274,PQ717545|A/Snow_goose/CO/22-037670-001-original/2022|H5N1|USA-CO|2022-11-16|wild_avian|B3.2
746,749,0.0051284625686967,-105.668682957637,40.3458814997081,-105.545049937128,40.3060409578947,1.17025364285147,1.16512518028277,2022.86981966648,2022.87494812905,NA
1065,302,0.259084462057797,-102.173759952387,44.8588775674503,-92.4289914081799,46.1660709691742,1.17201784257327,0.912933380515478,2022.61762786671,2022.87671232877,PQ718761|A/Trumpeter_Swan/MN/22-037438-001-original/2022|H5N1|USA-MN|2022-11-17|wild_avian|B3.2
749,750,0.00293623669503429,-105.545049937128,40.3060409578947,-104.619984683441,40.0109443240118,1.1731898795465,1.17025364285147,2022.87494812905,2022.87788436574,NA
1056,1057,0.157175258785902,-73.5582523256048,12.7602832223969,-73.9380312271226,10.8376445721483,1.17414836785161,1.0169731090657,2022.72166759526,2022.87884285405,NA
983,1040,0.146287208847796,-72.7352215691899,-13.5263535664178,-79.9209221409307,-6.70279633612529,1.17425403840779,1.02796682955999,2022.73266131575,2022.8789485246,NA
1062,307,0.135958303785236,-95.5309367115884,36.3429466754877,-116.607323342201,43.3834535936859,1.17475756860063,1.0387992648154,2022.74349375101,2022.87945205479,PQ717577|A/Snow_goose/ID/22-038611-002-original/2022|H5N1|USA-ID|2022-11-18|wild_avian|B3.2
1057,279,0.000609200749025707,-73.9380312271226,10.8376445721483,-74.2069759589235,10.3350166215227,1.17475756860063,1.17414836785161,2022.87884285405,2022.87945205479,OQ683490|A/chicken/Colombia/Magdalena/3503/2022|H5N1|Colombia-Magdalena|2022-11-18|domestic_avian|B3.2
1057,280,0.000609200749025707,-73.9380312271226,10.8376445721483,-74.046467293712,11.1415409221676,1.17475756860063,1.17414836785161,2022.87884285405,2022.87945205479,EPI_ISL_17353838|A/chicken/Magdalena/ICA-3503/2022|H5N1|Chile-Magdalena|2022-11-18|domestic_avian|B3.2
1040,200,0.000503530192841328,-79.9209221409307,-6.70279633612529,-79.906572,-6.7172767,1.17475756860063,1.17425403840779,2022.8789485246,2022.87945205479,OQ547343|A/Gallus_gallus/Peru/AIS0539/2022|H5N1|Peru|2022-11-18|domestic_avian|B3.2
1100,1104,0.0539190160254535,-97.3168959576157,36.8936341244896,-89.2073746265671,35.6662410696396,1.17634146180265,1.1224224457772,2022.82711693197,2022.881035948,NA
1104,1105,6.28187202513786e-05,-89.2073746265671,35.6662410696396,-89.5625235161116,35.8535729943994,1.17640428052291,1.17634146180265,2022.881035948,2022.88109876672,NA
892,901,0.0267087979962719,-69.679699471531,-23.9475745542906,-67.7133434040559,-30.0803802963918,1.17657089211554,1.14986209411927,2022.85455658031,2022.88126537831,NA
1006,1007,0.0156979413951612,-75.1812289893661,-19.8959455838919,-78.0351827553405,-16.8751589151072,1.1768376866026,1.16113974520744,2022.8658342314,2022.8815321728,NA
998,1003,0.0153015778772447,-68.8748403736219,-24.4627401655041,-68.4464854028467,-22.682785038705,1.17703311222888,1.16173153435164,2022.86642602055,2022.88172759842,NA
1143,1144,0.0475231366033597,-108.41434783242,43.7321262690974,-106.947387538912,40.7344691403036,1.17722081924985,1.12969768264649,2022.83439216884,2022.88191530544,NA
1125,324,0.26825700457753,-98.7025012346512,37.8474215731341,-80.1876770742723,37.3139988134743,1.17749729462799,0.909240290050459,2022.61393477624,2022.88219178082,PQ701329|A/American_black_Duck/VA/22-038573-010-original/2022|H5N1|USA-VA|2022-11-19|wild_avian|B3.2
626,500,0.158179624850312,-74.6047781438485,36.6339682134794,-84.7497725208717,31.976633311467,1.17749729462799,1.01931766977768,2022.72401215597,2022.88219178082,PQ701681|A/American_green-winged_teal/GA/22-038443-007-original/2022|H5N1|USA-GA|2022-11-19|wild_avian|B3.2
1100,1101,0.0551664150604525,-97.3168959576157,36.8936341244896,-97.5988964765687,38.8460748415999,1.17758886083765,1.1224224457772,2022.82711693197,2022.88228334703,NA
752,759,0.0417691715994604,-105.459510107214,46.1883090322174,-105.654734253093,42.9636989876883,1.17774480540997,1.13597563381051,2022.84067012,2022.8824392916,NA
1101,1102,0.000246584683763817,-97.5988964765687,38.8460748415999,-97.6510423387247,39.291858364033,1.17783544552142,1.17758886083765,2022.88228334703,2022.88252993172,NA
1153,1154,0.1489724918105,-110.853852468934,49.4902197565664,-110.725049894712,49.539377589804,1.17879798918917,1.02982549737867,2022.73451998357,2022.88349247538,NA
1131,1135,0.364945765278004,-97.114823744935,33.9108634563505,-90.9159881013,20.8338135256644,1.18142815504124,0.816482389763239,2022.52117687596,2022.88612264124,NA
1073,301,0.219325963059136,-95.3600015479579,45.3975733555896,-97.3266003894544,43.3557109720868,1.18297674668293,0.963650783623795,2022.66834526982,2022.88767123288,EPI_ISL_16271830|A/chicken/South_Dakota/22-037931-001/2022|H5N1|USA-SD|2022-11-21|domestic_avian|B3.2
1115,317,0.182623872907389,-94.0233112406194,41.8141327979864,-102.956159965087,51.5749770800548,1.18297674668293,1.00035287377554,2022.70504735997,2022.88767123288,PV324656|A/chicken/SK/FAV-1471-1-2022/2022|H5N1|Canada-SK|2022-11-21|domestic_avian|B3.2
731,432,0.149440878229451,-123.432696056679,44.4931849120426,-122.842962904082,45.9179164991223,1.18297674668293,1.03353586845348,2022.73823035465,2022.88767123288,EPI_ISL_16271840|A/chicken/Oregon/22-037712-001/2022|H5N1|USA-OR|2022-11-21|domestic_avian|B3.2
664,665,0.0298602507108776,-72.4010477855192,40.4868568156249,-72.7105319226156,40.4283824264813,1.18341085528516,1.15355060457428,2022.85824509077,2022.88810534148,NA
803,38,0.329176216004298,-103.577555086708,39.0934446164448,-89.61649922924,46.1495702292703,1.18571647271029,0.85654025670599,2022.5612347429,2022.8904109589,PQ718817|A/Tundra_Swan/WI/22-038828-001-original-repeat/2022|H5N1|USA-WI|2022-11-22|wild_avian|B3.2
1141,383,0.256163365127462,-88.3962406734016,43.2518535034986,-98.1505695271602,44.209072330675,1.18571647271029,0.929553107582826,2022.63424759378,2022.8904109589,EPI_ISL_16271831|A/turkey/South_Dakota/22-037933-001/2022|H5N1|USA-SD|2022-11-22|domestic_avian|B3.2
883,94,0.0887656570848847,-77.0730929831577,-11.5434154219623,-81.170758,-5.1499528,1.18571647271029,1.0969508156254,2022.80164530182,2022.8904109589,OQ550466|A/Sanderling/Peru/PIU-SER005/2022|H5N1|Peru|2022-11-22|wild_avian|B3.2
1038,202,0.0490591937431666,-77.1171419149086,-11.7873644185093,-77.1547269152875,-12.0745284877094,1.18571647271029,1.13665727896712,2022.84135176516,2022.8904109589,OQ547447|A/Pelecanus_thagus/Peru/AISA0464/2022|H5N1|Peru|2022-11-22|wild_avian|B3.2
1007,256,0.00887878610768711,-78.0351827553405,-16.8751589151072,-77.1415409234702,-12.0357158567122,1.18571647271029,1.1768376866026,2022.8815321728,2022.8904109589,OQ547423|A/Nannopterum_brasilianus/Peru/AISA0446/2022|H5N1|Peru|2022-11-22|wild_avian|B3.2
793,314,0.680941198381358,-100.457249860157,40.8735795030536,-87.7533674466145,38.335758703885,1.18845619873765,0.507515000356288,2022.21220948655,2022.89315068493,PQ717633|A/Snow_goose/IN/22-038827-008-original-repeat/2022|H5N1|USA-IN|2022-11-23|wild_avian|B3.2
1141,382,0.258903091154819,-88.3962406734016,43.2518535034986,-87.722184595655,38.3730254117094,1.18845619873765,0.929553107582826,2022.63424759378,2022.89315068493,PQ717601|A/Snow_goose/IN/22-038827-003-original-repeat/2022|H5N1|USA-IN|2022-11-23|wild_avian|B3.2
1090,352,0.235520903423505,-97.3673139066514,38.2024409869706,-89.971279672814,33.8335101910017,1.18845619873765,0.952935295314141,2022.65762978151,2022.89315068493,PQ718017|A/Snow_goose/MS/22-038821-010-original/2022|H5N1|USA-MS|2022-11-23|wild_avian|B3.2
1113,328,0.178274544691607,-92.799811644823,37.8353683173944,-90.4001412413972,37.242828959953,1.18845619873765,1.01018165404604,2022.71487614024,2022.89315068493,PQ717897|A/Snow_goose/MO/22-038564-002-original/2022|H5N1|USA-MO|2022-11-23|wild_avian|B3.2
722,405,0.0905470903840664,-153.813268271194,64.3253084660592,-149.992345193541,61.8499995327413,1.18845619873765,1.09790910835358,2022.80260359455,2022.89315068493,EPI_ISL_16271829|A/chicken/Alaska/22-037940-001/2022|H5N1|USA-AK|2022-11-23|domestic_avian|B3.2
1107,347,0.0835873862407515,-88.8865493342093,33.8411959560817,-90.3919078747926,33.8854932093855,1.18845619873765,1.10486881249689,2022.80956329869,2022.89315068493,PQ717985|A/Snow_goose/MS/22-038821-004-original/2022|H5N1|USA-MS|2022-11-23|wild_avian|B3.2
1093,334,0.0801055730839875,-96.1329598507669,36.0114547716114,-101.561942521029,35.2445488134652,1.18845619873765,1.10835062565366,2022.81304511185,2022.89315068493,PQ720105|A/goose/TX/22-038236-001-original/2022|H5N1|USA-TX|2022-11-23|domestic_avian|B3.2
1005,1035,0.0383174780465305,-75.3671111236581,-19.8587721937545,-74.296527476017,-19.4536466312524,1.19005996905127,1.15174249100474,2022.8564369772,2022.89475445524,NA
1109,323,0.256790014483109,-93.7108914488549,37.6164058174471,-93.0339685310831,37.1615275856866,1.191195924765,0.934405910281894,2022.63910039648,2022.89589041096,EPI_ISL_16271826|A/turkey/Missouri/22-038012-001/2022|H5N1|USA-MO|2022-11-24|domestic_avian|B3.2
1086,356,0.215780359866697,-96.8689016013888,41.6728905893234,-96.921860227496,42.3189155715466,1.191195924765,0.975415564898306,2022.68011005109,2022.89589041096,EPI_ISL_16271824|A/chicken/Nebraska/22-038149-001/2022|H5N1|USA-NE|2022-11-24|domestic_avian|B3.2
880,95,0.0659260067023393,-80.2450434877512,-4.89266264530308,-80.896081,-5.5176602,1.191195924765,1.12526991806266,2022.82996440426,2022.89589041096,OQ550458|A/pelican/Peru/PIU-SER028/2022|H5N1|Peru|2022-11-24|wild_avian|B3.2
663,668,0.0421280374430033,-71.8272046197384,41.1183893476191,-72.1996772932708,42.4721754682917,1.19163396730828,1.14950592986527,2022.85420041606,2022.8963284535,NA
760,439,0.103634669578451,-116.274204346186,39.1105377950925,-122.114017221487,47.7081381435274,1.19393565079259,1.09030098121414,2022.79499546741,2022.89863013699,PQ714161|A/Mallard/WA/22-039095-002-original/2022|H5N1|USA-WA|2022-11-25|wild_avian|B3.2
813,49,0.0795761027306359,-95.4318495757121,40.0112010840709,-91.1307019761603,35.9376145144852,1.19393565079259,1.11435954806195,2022.81905403426,2022.89863013699,PQ717353|A/Snow_goose/AR/22-038202-001-original/2022|H5N1|USA-AR|2022-11-25|wild_avian|B3.2
714,715,0.223968263220504,-120.138058761306,52.2626071540923,-112.301254793883,47.2203514893129,1.19423000828265,0.970261745062145,2022.67495623126,2022.89892449448,NA
1066,309,0.40493660391731,-106.141982534272,38.5246824250648,-75.391334654199,8.69560707470636,1.19667537681995,0.791738772902635,2022.4964332591,2022.90136986301,EPI_ISL_17353510|A/chicken/Cordoba/ICA-3499/2022|H5N1|Argentina-Cordoba|2022-11-26|domestic_avian|B3.2
664,667,0.0434975641003921,-72.4010477855192,40.4868568156249,-77.2828138035219,44.9577855097923,1.19704816867468,1.15355060457428,2022.85824509077,2022.90174265487,NA
1102,1103,0.0207706586034906,-97.6510423387247,39.291858364033,-97.9070295230907,40.2491648486151,1.19860610412491,1.17783544552142,2022.88252993172,2022.90330059032,NA
832,81,0.0706096913830927,-109.049613242351,41.2731701175364,-101.304547604601,37.7564418924888,1.1994151028473,1.12880541146421,2022.83349989766,2022.90410958904,PQ717705|A/Snow_goose/KS/22-039690-007-original/2022|H5N1|USA-KS|2022-11-27|wild_avian|B3.2
715,716,0.00588468683325516,-112.301254793883,47.2203514893129,-113.520572069252,47.5435336868096,1.2001146951159,1.19423000828265,2022.89892449448,2022.90480918131,NA
1065,304,0.289221448359183,-102.173759952387,44.8588775674503,-115.324578165699,34.2286444266457,1.20215482887466,0.912933380515478,2022.61762786671,2022.90684931507,PQ717441|A/Snow_goose/CA/22-041406-001-original/2022|H5N1|USA-CA|2022-11-28|wild_avian|B3.2
1052,282,0.225589308423735,-95.7414359118004,36.6598769333946,-90.177354161606,29.3565050463449,1.20215482887466,0.976565520450925,2022.68126000664,2022.90684931507,PQ714705|A/Northern_pintail/LA/22-039392-003-original-repeat/2022|H5N1|USA-LA|2022-11-28|wild_avian|B3.2
985,208,0.136114141008115,-72.271744130443,-16.8179648719479,-77.0538496474467,-12.0523522096568,1.20215482887466,1.06604068786654,2022.77073517406,2022.90684931507,OQ547351|A/Gallus_gallus/Peru/AIS0540/2022|H5N1|Peru|2022-11-28|domestic_avian|B3.2
825,76,0.0781543040949466,-103.999502941652,41.2649016917078,-104.054996711453,40.7162652501617,1.20215482887466,1.12400052477971,2022.82869501097,2022.90684931507,PQ707545|A/Canada_goose/CO/22-038655-001-original/2022|H5N1|USA-CO|2022-11-28|wild_avian|B3.2
1040,201,0.02790079046687,-79.9209221409307,-6.70279633612529,-79.986917,-6.748801,1.20215482887466,1.17425403840779,2022.8789485246,2022.90684931507,EPI_ISL_16249681|A/chicken/Peru/LAM-INS-002/2022|H5N1|Peru-Lambayeque|2022-11-28|domestic_avian|B3.2
752,753,0.067959711502183,-105.459510107214,46.1883090322174,-99.5703331526633,41.7348644812266,1.20393534531269,1.13597563381051,2022.84067012,2022.90862983151,NA
1045,260,0.118233192182974,-94.3648416103356,37.5179396628161,-93.7323028049504,34.9161893140957,1.20489455490202,1.08666136271904,2022.79135584891,2022.9095890411,PQ717369|A/Snow_goose/AR/22-039436-012-original/2022|H5N1|USA-AR|2022-11-29|wild_avian|B3.2
775,25,0.10462278919492,-116.902009811112,43.1541630778062,-100.035771756672,46.5397132356594,1.20489455490202,1.1002717657071,2022.8049662519,2022.9095890411,PQ708313|A/Canada_goose/ND/23-002238-004-original/2022|H5N1|USA-ND|2022-11-29|wild_avian|B3.2
1099,342,0.0846805620625957,-100.353841543959,37.5371808498369,-101.371101185777,39.2066572412411,1.20489455490202,1.12021399283942,2022.82490847903,2022.9095890411,PQ717073|A/Ross_s_goose/KS/22-041130-002-original/2022|H5N1|USA-KS|2022-11-29|wild_avian|B3.2
716,717,0.00479764022564311,-113.520572069252,47.5435336868096,-113.537301681955,47.4848569316275,1.20491233534155,1.2001146951159,2022.90480918131,2022.90960682154,NA
892,893,0.0551875638008976,-69.679699471531,-23.9475745542906,-65.2846118054601,-28.3852716065806,1.20504965792017,1.14986209411927,2022.85455658031,2022.90974414411,NA
901,918,0.029092602007974,-67.7133434040559,-30.0803802963918,-72.2510086261682,-36.0945975040965,1.20566349412352,1.17657089211554,2022.88126537831,2022.91035798032,NA
1006,1008,0.0446068762606799,-75.1812289893661,-19.8959455838919,-72.0075900770554,-25.7173623849075,1.20574662146812,1.16113974520744,2022.8658342314,2022.91044110766,NA
761,763,0.0481612042306478,-122.945306620695,50.4755973092911,-122.230789195326,48.2270083885562,1.20591364512293,1.15775244089228,2022.86244692709,2022.91060813132,NA
746,747,0.0412520951202291,-105.668682957637,40.3458814997081,-104.772651254857,41.972611099921,1.206377275403,1.16512518028277,2022.86981966648,2022.9110717616,NA
918,920,0.000739399918608719,-72.2510086261682,-36.0945975040965,-72.0646981546953,-36.6083499384881,1.20640289404213,1.20566349412352,2022.91035798032,2022.91109738024,NA
1123,330,0.194426745240094,-93.6367400017404,38.9773486884023,-96.6170597942372,42.4371464526999,1.20763428092937,1.01320753568928,2022.71790202188,2022.91232876712,PQ711681|A/Great_horned_owl/NE/22-038800-001-original/2022|H5N1|USA-NE|2022-11-30|wild_avian|B3.2
1098,335,0.121481362250801,-100.845549322779,38.5935176699581,-93.6797976982706,30.0578959603348,1.20763428092937,1.08615291867857,2022.79084740487,2022.91232876712,PQ717777|A/Snow_goose/LA/22-039688-009-original/2022|H5N1|USA-LA|2022-11-30|wild_avian|B3.2
651,521,0.0856463180688025,-68.8224611455883,49.4422707700275,-80.600668473351,48.9274937147642,1.20763428092937,1.12198796286057,2022.82668244905,2022.91232876712,PV317904|A/Snow_Goose/ON/FAV-1653-4-2022/2022|H5N1|Canada-ON|2022-11-30|wild_avian|B3.2
814,51,0.0655025002537082,-93.2307587564866,41.0311669254953,-90.9209151496608,48.5775533482973,1.20763428092937,1.14213178067567,2022.84682626687,2022.91232876712,PV319672|A/Tundra_Swan/ON/FAV-1653-1-2022/2022|H5N1|Canada-ON|2022-11-30|wild_avian|B3.2
835,836,0.276179209162412,-102.499901340314,43.4253047461096,-115.508924401126,45.5009437705605,1.20902291275621,0.932843703593795,2022.63753818979,2022.91371739895,NA
998,999,0.0475098980135624,-68.8748403736219,-24.4627401655041,-70.1830234871375,-29.6295896857192,1.2092414323652,1.16173153435164,2022.86642602055,2022.91393591856,NA
642,644,0.120179928835971,-65.6853384064617,46.2010545184786,-63.518915713168,45.1503284741615,1.20955385646869,1.08937392763272,2022.79406841383,2022.91424834266,NA
676,550,0.702951047366203,-93.0373245489873,41.5492820070843,-77.8730208084464,35.9521412709977,1.21037400695696,0.507422959590757,2022.21211744578,2022.91506849315,EPI_ISL_17373074|A/duck/North_Carolina/W22-1114A/2022|H5N1|USA-NC|2022-12-01|domestic_avian|B3.2
1106,350,0.140906788117737,-91.9504492103038,36.9285385274127,-95.0703403973768,40.0557765846248,1.21037400695696,1.06946721883922,2022.77416170503,2022.91506849315,PQ718769|A/Trumpeter_Swan/MO/22-040427-001-original/2022|H5N1|USA-MO|2022-12-01|wild_avian|B3.2
990,209,0.0657158716057475,-76.6250534996293,-11.3678384676911,-77.0606,-12.1077,1.21037400695696,1.14465813535121,2022.84935262154,2022.91506849315,EPI_ISL_18371664|A/Belcher_gull/Peru/UNMSM-A267/2022|H5N1|Peru|2022-12-01|wild_avian|B3.2
990,210,0.0657158716057475,-76.6250534996293,-11.3678384676911,-78.96318,-8.53379,1.21037400695696,1.14465813535121,2022.84935262154,2022.91506849315,EPI_ISL_18371666|A/Peruvian_booby/Peru/UNMSM-A296/2022|H5N1|Peru|2022-12-01|wild_avian|B3.2
836,837,0.00377284566674385,-115.508924401126,45.5009437705605,-116.011082106115,43.6253338761992,1.21279575842295,1.20902291275621,2022.91371739895,2022.91749024462,NA
1110,319,0.250687470930556,-93.1450455275728,38.3415344764119,-104.317322227373,45.749149226205,1.21311373298432,0.962426262053762,2022.66712074825,2022.91780821918,PQ713561|A/Mallard/MT/22-039947-005-original/2022|H5N1|USA-MT|2022-12-02|wild_avian|B3.2
1004,252,0.0695892339412048,-72.1684108105162,-18.6658047455369,-70.3245328,-18.4136444,1.21311373298432,1.14352449904311,2022.84821898524,2022.91780821918,EPI_ISL_16891400|A/gray_gull/Chile/C61947/2022|H5N1|Chile|2022-12-02|wild_avian|B3.2
1105,336,0.0367094524614111,-89.5625235161116,35.8535729943994,-91.8282174818779,32.8784985354049,1.21311373298432,1.17640428052291,2022.88109876672,2022.91780821918,PQ720081|A/goose/LA/23-000409-006-original/2022|H5N1|USA-LA|2022-12-02|domestic_avian|B3.2
880,881,0.0887324417746385,-80.2450434877512,-4.89266264530308,-79.9729950043848,-5.25628643000885,1.2140023598373,1.12526991806266,2022.82996440426,2022.91869684603,NA
888,889,0.0930649307020621,-65.8242760367026,-22.3520047606797,-65.7041030741761,-18.3884970880993,1.21469193411295,1.12162700341089,2022.8263214896,2022.91938642031,NA
875,100,0.209226274495031,-75.5775287227577,-11.423405509888,-79.411259,-7.2252421,1.21585345901167,1.00662718451664,2022.71132167071,2022.92054794521,OQ547375|A/Gallus_gallus/Peru/AIS0544/2022|H5N1|Peru|2022-12-03|domestic_avian|B3.2
762,436,0.0484816249562505,-123.319910890372,50.5618367999273,-121.827562494998,47.8949355034579,1.21585345901167,1.16737183405542,2022.87206632025,2022.92054794521,PQ709929|A/Dunlin/WA/22-040394-001-original/2022|H5N1|USA-WA|2022-12-03|wild_avian|B3.2
817,818,0.325704034431522,-96.2194159825309,34.2885238563854,-80.5888559765423,27.1087508798071,1.21586304968337,0.89015901525185,2022.59485350145,2022.92055753588,NA
901,902,0.0394183577579472,-67.7133434040559,-30.0803802963918,-70.4193179129897,-38.1221819841167,1.21598924987349,1.17657089211554,2022.88126537831,2022.92068373607,NA
1062,308,0.179793920223636,-95.5309367115884,36.3429466754877,-101.196493696311,31.3899208284473,1.21859318503903,1.0387992648154,2022.74349375101,2022.92328767123,PQ701849|A/American_green-winged_teal/TX/23-000110-004-original/2022|H5N1|USA-TX|2022-12-04|wild_avian|B3.2
1161,1162,0.104164730555684,-85.84394638051,42.4670243436528,-85.8318674724199,42.5110806731857,1.22028559718911,1.11612086663342,2022.82081535283,2022.92498008338,NA
1074,315,0.599322178132287,-102.232425248157,41.215480046765,-122.339091077202,43.8410857971094,1.22133291106639,0.622010732934102,2022.32670521913,2022.92602739726,PQ701841|A/American_green-winged_teal/OR/22-040176-004-original/2022|H5N1|USA-OR|2022-12-05|wild_avian|B3.2
1091,351,0.250885970928346,-98.3618399303637,38.7137436614527,-99.4791778483931,39.2057088052181,1.22133291106639,0.970446940138044,2022.67514142633,2022.92602739726,EPI_ISL_17373141|A/goose/Kansas/W22-1154/2022|H5N1|USA-KS|2022-12-05|domestic_avian|B3.2
1154,420,0.0425349218772153,-110.725049894712,49.539377589804,-111.000023680362,49.3695248198469,1.22133291106639,1.17879798918917,2022.88349247538,2022.92602739726,PV305088|A/Canada_Goose/AB/FAV-0026-14-2023/2022|H5N1|Canada-AB|2022-12-05|wild_avian|B3.2
667,534,0.0242847423917127,-77.2828138035219,44.9577855097923,-78.6477835564218,46.799315677324,1.22133291106639,1.19704816867468,2022.90174265487,2022.92602739726,PV307456|A/Canada_Goose/QC/FAV-0061-1-2022/2022|H5N1|Canada-QC|2022-12-05|wild_avian|B3.2
881,882,0.00926754538736452,-79.9729950043848,-5.25628643000885,-81.9926635740923,-6.26145621542447,1.22326990522467,1.2140023598373,2022.91869684603,2022.92796439142,NA
736,463,0.410406330270034,-114.97424092569,41.7863446724804,-124.226247850266,55.3838503249309,1.22407263709375,0.813666306823713,2022.51836079302,2022.92876712329,PV314256|A/Layer_chicken/BC/FAV-1623-1-2022/2022|H5N1|Canada-BC|2022-12-06|domestic_avian|B3.2
1123,320,0.210865101404466,-93.6367400017404,38.9773486884023,-95.8505498380953,42.2349579739429,1.22407263709375,1.01320753568928,2022.71790202188,2022.92876712329,PQ707753|A/Canada_goose/IA/22-040793-004-original/2022|H5N1|USA-IA|2022-12-06|wild_avian|B3.2
651,520,0.102084674233174,-68.8224611455883,49.4422707700275,-75.3249662105906,50.1131295142254,1.22407263709375,1.12198796286057,2022.82668244905,2022.92876712329,PV316800|A/Red-Tailed_Hawk/QC/FAV-0076-4-2022/2022|H5N1|Canada-QC|2022-12-06|wild_avian|B3.2
1143,408,0.0943749544472547,-108.41434783242,43.7321262690974,-114.374011311024,40.5139279127129,1.22407263709375,1.12969768264649,2022.83439216884,2022.92876712329,PQ711697|A/Great_horned_owl/NV/22-040618-001-original/2022|H5N1|USA-NV|2022-12-06|wild_avian|B3.2
893,894,0.0208817512582562,-65.2846118054601,-28.3852716065806,-61.8315325014666,-33.4779939384674,1.22593140917843,1.20504965792017,2022.90974414411,2022.93062589537,NA
1090,332,0.273877067807191,-97.3673139066514,38.2024409869706,-96.3544018048165,42.7511111393146,1.22681236312133,0.952935295314141,2022.65762978151,2022.93150684932,PQ707721|A/Canada_goose/IA/22-040790-001-original/2022|H5N1|USA-IA|2022-12-07|wild_avian|B3.2
1103,339,0.0282062589964234,-97.9070295230907,40.2491648486151,-94.7648399682598,46.0794190776202,1.22681236312133,1.19860610412491,2022.90330059032,2022.93150684932,PQ711593|A/Great_horned_owl/MN/22-041884-001-original/2022|H5N1|USA-MN|2022-12-07|wild_avian|B3.2
742,743,0.121463798786667,-124.183881362965,43.9534465553329,-123.518067795721,44.5147878377041,1.22837245069557,1.10690865190891,2022.8116031381,2022.93306693689,NA
1105,337,0.0531478086257828,-89.5625235161116,35.8535729943994,-89.4567550353539,34.908523068531,1.22955208914869,1.17640428052291,2022.88109876672,2022.93424657534,PQ712865|A/Lesser_white-fronted_Goose/MS/22-041057-001-original/2022|H5N1|USA-MS|2022-12-08|wild_avian|B3.2
999,1000,0.020851716089989,-70.1830234871375,-29.6295896857192,-70.6929550768931,-30.1572355875389,1.23009314845519,1.2092414323652,2022.91393591856,2022.93478763465,NA
639,640,0.118890742204175,-62.1654915108121,46.7540020690989,-62.9623514496549,42.9601046710132,1.23039976347211,1.11150902126793,2022.81620350746,2022.93509424967,NA
1135,1136,0.0501185723535258,-90.9159881013,20.8338135256644,-87.1984764565877,15.6398901606733,1.23154672739477,1.18142815504124,2022.88612264124,2022.93624121359,NA
648,518,0.280300582214614,-68.7685363152979,44.9793937882641,-68.9575249939499,45.2800161286516,1.23229181517605,0.951991232961432,2022.65668571916,2022.93698630137,PQ713321|A/Mallard/ME/22-040719-016-original/2022|H5N1|USA-ME|2022-12-09|wild_avian|B3.2
995,253,0.0756196047551714,-71.144111026416,-19.8431646097416,-70.15,-20.216667,1.23229181517605,1.15667221042087,2022.86136669661,2022.93698630137,EPI_ISL_17885942|A/Pelican/Tarapaca/227436-2/2022|H5N1|Chile-Tarapaca|2022-12-09|wild_avian|B3.2
830,831,0.0980572919307239,-107.197229977359,39.998334972362,-110.029414014243,39.6900100330439,1.23482438479987,1.13676709286915,2022.84146157906,2022.93951887099,NA
847,73,0.157443236713724,-81.352230296945,32.5882727681762,-87.4125706913572,33.2242397444444,1.2350315412034,1.07758830448968,2022.78228279068,2022.9397260274,PQ710161|A/Gadwall/AL/22-041762-004-original/2022|H5N1|USA-AL|2022-12-10|wild_avian|B3.2
920,921,0.0306390505417022,-72.0646981546953,-36.6083499384881,-63.4773609245376,-33.2939062405288,1.23704194458383,1.20640289404213,2022.91109738024,2022.94173643078,NA
591,592,0.704990087701416,-88.8167519621166,39.1835870971214,-87.3944282343585,52.6658189333962,1.23729592486213,0.532305837160717,2022.23700032335,2022.94199041106,NA
1107,1108,0.135170845852265,-88.8865493342093,33.8411959560817,-88.2058854483819,37.4991725908012,1.24003965834916,1.10486881249689,2022.80956329869,2022.94473414454,NA
1120,1121,0.226215524490216,-99.0784349615717,42.0295715283399,-102.26221299441,41.7924660532467,1.24018124714807,1.01396572265785,2022.71866020885,2022.94487573334,NA
874,257,0.243219496774026,-77.5816116976133,-9.5440558595854,-77.014657587094,-12.0800188652401,1.24051099325812,0.997291496484092,2022.70198598268,2022.94520547945,OQ547415|A/Gallus_gallus/Peru/AIS0551/2022|H5N1|Peru|2022-12-12|domestic_avian|B3.2
1087,355,0.164487651537584,-110.749572013898,40.4054105652765,-159.485315905719,56.050423055673,1.24051099325812,1.07602334172053,2022.78071782791,2022.94520547945,PQ710113|A/Gadwall/AL/22-040806-001-original/2022|H5N1|USA-AL|2022-12-12|wild_avian|B3.2
763,438,0.0345973481351924,-122.230789195326,48.2270083885562,-121.661663126759,48.3400017541737,1.24051099325812,1.20591364512293,2022.91060813132,2022.94520547945,PQ703633|A/Barn_owl/WA/22-041081-001-original/2022|H5N1|USA-WA|2022-12-12|wild_avian|B3.2
753,754,0.038087421687651,-99.5703331526633,41.7348644812266,-96.5035342079569,42.4818965396808,1.24202276700034,1.20393534531269,2022.90862983151,2022.94671725319,NA
773,21,0.379785609234024,-124.988957310773,53.3611917214497,-124.872824643843,53.3683716272021,1.2432507192857,0.86346511005168,2022.56815959625,2022.94794520548,PV304104|A/Barred_Owl/BC/FAV-0053-23-2022/2022|H5N1|Canada-BC|2022-12-13|wild_avian|B3.2
1102,341,0.0654152737642857,-97.6510423387247,39.291858364033,-100.40171492753,38.1592174620167,1.2432507192857,1.17783544552142,2022.88252993172,2022.94794520548,PQ720257|A/great-tailed_grackle/KS/22-041130-006-original/2022|H5N1|USA-KS|2022-12-13|wild_avian|B3.2
668,674,0.0538657497990016,-72.1996772932708,42.4721754682917,-72.1903414201268,42.4699152156874,1.24549971710728,1.19163396730828,2022.8963284535,2022.9501942033,NA
1158,417,0.260846264109475,-114.181880688841,46.3778117445739,-110.279926706497,50.3444032605365,1.24599044531306,0.985144181203585,2022.6898386674,2022.95068493151,PV309456|A/Domestic_bird/AB/FAV-1654-2022/2022|H5N1|Canada-AB|2022-12-14|domestic_avian|B3.2
1047,264,0.148182377435914,-115.922032518514,52.4412497490356,-104.67011099212,43.8524203090593,1.24599044531306,1.09780806787715,2022.80250255407,2022.95068493151,PQ709169|A/Canada_goose/WY/22-041261-001-original/2022|H5N1|USA-WY|2022-12-14|wild_avian|B3.2
643,511,0.136258233863831,-64.0834552586886,46.4012330302612,-68.10839182237,45.3508797159411,1.24599044531306,1.10973221144923,2022.81442669764,2022.95068493151,PQ713329|A/Mallard/ME/22-041145-001-original/2022|H5N1|USA-ME|2022-12-14|wild_avian|B3.2
747,748,0.0422440231339021,-104.772651254857,41.972611099921,-105.029772271521,40.7067614866319,1.2486212985369,1.206377275403,2022.9110717616,2022.95331578473,NA
821,40,0.217630424489066,-112.716466816183,39.8234364842006,-121.19497487226,40.5315663172354,1.24873017134042,1.03109974685135,2022.73579423305,2022.95342465753,PQ709961|A/Eared_grebe/CA/23-000276-003-original/2022|H5N1|USA-CA|2022-12-15|wild_avian|B3.2
1007,248,0.0718924847378166,-78.0351827553405,-16.8751589151072,-70.2,-22.096389,1.24873017134042,1.1768376866026,2022.8815321728,2022.95342465753,EPI_ISL_17885931|A/Pelican/Antofagasta/228246-3/2022|H5N1|Chile-Antofagasta|2022-12-15|wild_avian|B3.2
754,449,0.00670740434007433,-96.5035342079569,42.4818965396808,-96.9972391323276,41.521784793931,1.24873017134042,1.24202276700034,2022.94671725319,2022.95342465753,PQ718649|A/Swan/NE/22-041037-001-original/2022|H5N1|USA-NE|2022-12-15|wild_avian|B3.2
754,450,0.00670740434007433,-96.5035342079569,42.4818965396808,-96.9730654573359,41.8353249061682,1.24873017134042,1.24202276700034,2022.94671725319,2022.95342465753,PQ718657|A/Swan/NE/22-041037-002-original/2022|H5N1|USA-NE|2022-12-15|wild_avian|B3.2
1041,259,0.294378661510815,-83.3532590297698,12.8836807669391,-81.029657755792,33.012939026489,1.25146989736778,0.95709123585696,2022.66178572205,2022.95616438356,PQ714225|A/Mottled_Duck/SC/22-042180-002-original/2022|H5N1|USA-SC|2022-12-16|wild_avian|B3.2
1003,247,0.0744367851388947,-68.4464854028467,-22.682785038705,-70.4214538718351,-23.6449809112059,1.25146989736778,1.17703311222888,2022.88172759842,2022.95616438356,EPI_ISL_17885944|A/Pelican/Antofagasta/228244-2/2022|H5N1|Chile-Antofagasta|2022-12-16|wild_avian|B3.2
846,72,0.201353462717609,-96.6356490530464,40.4509410981391,-92.3438034500546,31.6048738725498,1.25420962339513,1.05285616067752,2022.75755064687,2022.95890410959,PQ701721|A/American_green-winged_teal/LA/22-041760-007-original/2022|H5N1|USA-LA|2022-12-17|wild_avian|B3.2
894,895,0.0293040663108646,-61.8315325014666,-33.4779939384674,-60.6998276569885,-33.4426620746906,1.25523547548929,1.22593140917843,2022.93062589537,2022.95992996168,NA
883,884,0.159016050697808,-77.0730929831577,-11.5434154219623,-76.6867157572042,-12.355873176033,1.25596686632321,1.0969508156254,2022.80164530182,2022.96066135252,NA
720,404,0.361717321800522,-143.678527436309,61.83061626837,-144.930420988136,68.0584931913132,1.25694934942272,0.895232027622195,2022.59992651382,2022.96164383562,PQ715449|A/Raven/AK/22-042128-001-original/2022|H5N1|USA-AK|2022-12-18|wild_avian|B3.2
1093,333,0.151338449796417,-96.1329598507669,36.0114547716114,-92.323025637136,47.1065930001287,1.25968907545007,1.10835062565366,2022.81304511185,2022.96438356164,PQ708193|A/Canada_goose/MN/22-041306-001-original/2022|H5N1|USA-MN|2022-12-19|wild_avian|B3.2
818,45,0.0438260257667031,-80.5888559765423,27.1087508798071,-80.7377324576453,27.9056139387073,1.25968907545007,1.21586304968337,2022.92055753588,2022.96438356164,PQ701337|A/American_coot/FL/23-002762-015-original/2022|H5N1|USA-FL|2022-12-19|wild_avian|B3.2
592,2,0.0223931505879418,-87.3944282343585,52.6658189333962,-76.3398121137773,43.534807478508,1.25968907545007,1.23729592486213,2022.94199041106,2022.96438356164,PQ716513|A/Red-tailed_hawk/NY/22-042014-001-original/2022|H5N1|USA-NY|2022-12-19|wild_avian|B3.2
921,922,0.0231495105804527,-63.4773609245376,-33.2939062405288,-63.6410134363647,-33.045293699524,1.26019145516428,1.23704194458383,2022.94173643078,2022.96488594136,NA
1153,421,0.232603304098759,-110.853852468934,49.4902197565664,-106.230542275818,44.1779132825242,1.26242880147743,1.02982549737867,2022.73451998357,2022.96712328767,PQ712161|A/Great_horned_owl/WY/22-041771-002-original/2022|H5N1|USA-WY|2022-12-20|wild_avian|B3.2
848,70,0.13326835670886,-81.0883013106025,32.9160221509294,-81.1350730235636,32.9358462381051,1.26242880147743,1.12916044476857,2022.83385493096,2022.96712328767,PQ710297|A/Gadwall/SC/22-042020-005-original/2022|H5N1|USA-SC|2022-12-20|wild_avian|B3.2
1103,340,0.0638226973525242,-97.9070295230907,40.2491648486151,-86.1537326054855,33.7692440078095,1.26242880147743,1.19860610412491,2022.90330059032,2022.96712328767,PQ717345|A/Snow_goose/AL/22-041764-001-original/2022|H5N1|USA-AL|2022-12-20|wild_avian|B3.2
918,919,0.0571296063980156,-72.2510086261682,-36.0945975040965,-60.1828580323492,-32.184768434123,1.26279310052153,1.20566349412352,2022.91035798032,2022.96748758672,NA
922,923,0.00431762282706583,-63.6410134363647,-33.045293699524,-61.8747536312926,-32.8786206956823,1.26450907799135,1.26019145516428,2022.96488594136,2022.96920356419,NA
637,505,0.297028703488253,-67.7816658854646,45.3378236350821,-64.1183819791052,46.6841450250693,1.26516852750479,0.968139824016537,2022.67283431021,2022.9698630137,PV307248|A/Canada_Goose/PE/FAV-0008-1-2022/2022|H5N1|Canada-PE|2022-12-21|wild_avian|B3.2
661,531,0.22727523372613,-71.7014067498082,41.7427882068586,-75.8242189141866,43.2345870867443,1.26516852750479,1.03789329377866,2022.74258777997,2022.9698630137,PQ718353|A/Snow_goose/NY/22-042013-001-original/2022|H5N1|USA-NY|2022-12-21|wild_avian|B3.2
1097,344,0.122494308808241,-98.476419758591,37.7586818010257,-90.5120537759586,38.628865503958,1.26516852750479,1.14267421869655,2022.84736870489,2022.9698630137,PQ716361|A/Red-tailed_hawk/MO/23-001518-001-original/2022|H5N1|USA-MO|2022-12-21|wild_avian|B3.2
889,890,0.0527062106140139,-65.7041030741761,-18.3884970880993,-65.455856100841,-17.9807770489301,1.26739814472696,1.21469193411295,2022.91938642031,2022.97209263092,NA
649,522,0.277309986208388,-70.3469195825373,45.77298019115,-90.3162644422345,55.5057309611079,1.26790825353215,0.990598267323759,2022.69529275352,2022.97260273973,PV317872|A/Snow_Goose/ON/FAV-1652-1-2022/2022|H5N1|Canada-ON|2022-12-22|wild_avian|B3.2
1108,349,0.0278685951829876,-88.2058854483819,37.4991725908012,-87.8728574867582,37.9009476896103,1.26790825353215,1.24003965834916,2022.94473414454,2022.97260273973,EPI_ISL_17424631|A/red-tailed_hawk/Kentucky/W23-143/2022|H5N1|USA-KY|2022-12-22|wild_avian|B3.2
750,751,0.0968526895583506,-104.619984683441,40.0109443240118,-112.237587800369,41.434263556872,1.27004256910485,1.1731898795465,2022.87788436574,2022.9747370553,NA
674,538,0.0251482624522259,-72.1903414201268,42.4699152156874,-78.8003087343553,43.7158263715826,1.2706479795595,1.24549971710728,2022.9501942033,2022.97534246575,PV317880|A/Snow_Goose/ON/FAV-1652-2-2022/2022|H5N1|Canada-ON|2022-12-23|wild_avian|B3.2
902,903,0.0588663709856259,-70.4193179129897,-38.1221819841167,-68.176853126694,-39.9183609094545,1.27485562085912,1.21598924987349,2022.92068373607,2022.97955010705,NA
668,669,0.0853672751390602,-72.1996772932708,42.4721754682917,-72.4043018958756,42.2570891016248,1.27700124244734,1.19163396730828,2022.8963284535,2022.98169572864,NA
753,755,0.0732751464048227,-99.5703331526633,41.7348644812266,-90.4639998783324,42.5879327361307,1.27721049171752,1.20393534531269,2022.90862983151,2022.98190497791,NA
1038,203,0.142209878674682,-77.1171419149086,-11.7873644185093,-70.833333,-27.066667,1.2788671576418,1.13665727896712,2022.84135176516,2022.98356164384,EPI_ISL_17885926|A/Pelican/Atacama/229450-2/2022|H5N1|Chile-Atacama|2022-12-26|wild_avian|B3.2
984,1039,0.243216415994693,-72.3924316754817,-12.6916102689032,-76.6013410701096,-12.9183678437837,1.27952513979365,1.03630872379896,2022.74100320999,2022.98421962599,NA
1067,1068,0.487083880504532,-106.116426849302,38.3961859886722,-109.12884444316,34.8034007927799,1.28006427413883,0.792980393634296,2022.49767487983,2022.98475876033,NA
988,991,0.187056666888584,-71.9044169325554,-23.5089899934959,-71.5802058452515,-28.1363507747702,1.28103309286461,1.09397642597603,2022.79867091217,2022.98572757906,NA
717,402,0.0766945483276142,-113.537301681955,47.4848569316275,-106.898141487556,40.9120955157107,1.28160688366916,1.20491233534155,2022.90960682154,2022.98630136986,PQ707593|A/Canada_goose/CO/22-042169-001-original/2022|H5N1|USA-CO|2022-12-27|wild_avian|B3.2
1136,371,0.0500601562743932,-87.1984764565877,15.6398901606733,-87.0072084901021,15.7253207249466,1.28160688366916,1.23154672739477,2022.93624121359,2022.98630136986,EPI_ISL_17558875|A/pelican/Honduras/23-000009-001/2022|H5N1|Honduras-Atlantida|2022-12-27|wild_avian|B3.2
640,641,0.0512800305723879,-62.9623514496549,42.9601046710132,-65.2153232258873,45.2505940333851,1.2816797940445,1.23039976347211,2022.93509424967,2022.98637428024,NA
903,904,0.00899722760217436,-68.176853126694,-39.9183609094545,-69.0278704146182,-39.3122149912305,1.28385284846129,1.27485562085912,2022.97955010705,2022.98854733466,NA
735,465,0.342733260236079,-133.550162602226,54.4226721430047,-98.640239937949,44.8431973292943,1.28434660969652,0.94161334946044,2022.64630783565,2022.98904109589,PQ712489|A/Hawk/SD/23-000319-001-original/2022|H5N1|USA-SD|2022-12-28|wild_avian|B3.2
731,431,0.250810741243039,-123.432696056679,44.4931849120426,-123.953337580993,44.2273600093185,1.28434660969652,1.03353586845348,2022.73823035465,2022.98904109589,PQ716601|A/Red-tailed_hawk/OR/23-001496-001-original/2022|H5N1|USA-OR|2022-12-28|wild_avian|B3.2
644,510,0.0747927532278276,-63.518915713168,45.1503284741615,-64.2261806407004,46.6310102900745,1.28434660969652,1.20955385646869,2022.91424834266,2022.98904109589,PV302464|A/American_Crow/PE/FAV-0019-5-2022/2022|H5N1|Canada-PE|2022-12-28|wild_avian|B3.2
669,670,0.00740173079565354,-72.4043018958756,42.2570891016248,-72.142178195965,42.0591715851725,1.28440297324299,1.27700124244734,2022.98169572864,2022.98909745944,NA
834,69,0.356981970067071,-99.4957223949628,40.8676326970288,-121.68580547574,39.4282665243372,1.28708633572388,0.930104365656805,2022.63479885185,2022.99178082192,PQ718945|A/Turkey_Vulture/CA/23-002030-001-original/2022|H5N1|USA-CA|2022-12-29|wild_avian|B3.2
1003,246,0.11279294952258,-68.4464854028467,-22.682785038705,-70.313228921854,-18.4617096649297,1.28982606175146,1.17703311222888,2022.88172759842,2022.99452054795,EPI_ISL_17885980|A/Sanderling/Arica_y_Parinacota/230758-1/2022|H5N1|Chile-Arica|2022-12-30|wild_avian|B3.2
1008,212,0.0840794402833409,-72.0075900770554,-25.7173623849075,-71.0814,-28.510219,1.28982606175146,1.20574662146812,2022.91044110766,2022.99452054795,EPI_ISL_17885924|A/Pelican/Atacama/230158-2/2022|H5N1|Chile-Atacama|2022-12-30|wild_avian|B3.2
818,44,0.0739630120680892,-80.5888559765423,27.1087508798071,-82.1299690625264,27.5594268218494,1.28982606175146,1.21586304968337,2022.92055753588,2022.99452054795,PQ710449|A/Gannet/FL/23-002762-022-original/2022|H5N1|USA-FL|2022-12-30|wild_avian|B3.2
748,459,0.04120476321456,-105.029772271521,40.7067614866319,-105.233871833952,40.7604874185543,1.28982606175146,1.2486212985369,2022.95331578473,2022.99452054795,PQ707609|A/Canada_goose/CO/23-000399-001-original/2022|H5N1|USA-CO|2022-12-30|wild_avian|B3.2
995,996,0.134511380362533,-71.144111026416,-19.8431646097416,-69.1053641919529,-20.0973164895856,1.29118359078341,1.15667221042087,2022.86136669661,2022.99587807698,NA
922,953,0.0317994850713523,-63.6410134363647,-33.045293699524,-63.5785936355085,-33.5232840658202,1.29199094023563,1.26019145516428,2022.96488594136,2022.99668542643,NA
670,671,0.00966739595488164,-72.142178195965,42.0591715851725,-72.4353068768394,42.22431823127,1.29407036919787,1.28440297324299,2022.98909745944,2022.99876485539,NA
1035,1036,0.105187605950217,-74.296527476017,-19.4536466312524,-70.9790549326037,-28.0081463081469,1.29524757500148,1.19005996905127,2022.89475445524,2022.9999420612,NA
749,456,0.125051870954709,-105.545049937128,40.3060409578947,-105.497380748527,40.4318055605836,1.29530551380618,1.17025364285147,2022.87494812905,2023,PQ715865|A/Red-tailed_hawk/CO/23-000403-001-original/2023|H5N1|USA-CO|2023-01-01|wild_avian|B3.2
755,756,0.0188947588390675,-90.4639998783324,42.5879327361307,-93.1386811786142,42.765598577234,1.29610525055658,1.27721049171752,2022.98190497791,2023.00079973675,NA
904,912,0.0125116505211196,-69.0278704146182,-39.3122149912305,-67.5388051491136,-36.3146721404886,1.29636449898241,1.28385284846129,2022.98854733466,2023.00105898518,NA
1000,1001,0.0672020881366833,-70.6929550768931,-30.1572355875389,-70.6540167748583,-30.0729917162565,1.29729523659187,1.23009314845519,2022.93478763465,2023.00198972279,NA
1036,1037,0.00291626651318921,-70.9790549326037,-28.0081463081469,-71.0300106631592,-27.9480072375239,1.29816384151467,1.29524757500148,2022.9999420612,2023.00285832771,NA
912,913,0.00200124563688275,-67.5388051491136,-36.3146721404886,-67.5702317474129,-36.3388460726028,1.29836574461929,1.29636449898241,2023.00105898518,2023.00306023081,NA
1008,1009,0.0934976790654796,-72.0075900770554,-25.7173623849075,-71.8199018421254,-25.6385278033678,1.2992443005336,1.20574662146812,2022.91044110766,2023.00393878673,NA
953,954,0.008785400157588,-63.5785936355085,-33.5232840658202,-66.7572300070688,-32.8005183956058,1.30077634039322,1.29199094023563,2022.99668542643,2023.00547082659,NA
780,30,0.3806716288525,-119.415227224523,50.9653699352886,-124.977717210245,51.2124485392604,1.30078496586089,0.92011333700839,2022.6248078232,2023.00547945205,PV322688|A/chicken/BC/FAV-0010-1-2023/2023|H5N1|Canada-BC|2023-01-03|domestic_avian|B3.2
779,18,0.357380933537482,-127.887229347263,54.8049216667421,-122.473728502654,52.7640055369825,1.30078496586089,0.943404032323409,2022.64809851852,2023.00547945205,PV322704|A/chicken/BC/FAV-0011-1-2023/2023|H5N1|Canada-BC|2023-01-03|domestic_avian|B3.2
743,443,0.0724125151653161,-123.518067795721,44.5147878377041,-123.717506109077,45.8209413807908,1.30078496586089,1.22837245069557,2022.93306693689,2023.00547945205,PQ717209|A/Sanderling/OR/23-000771-001-original/2023|H5N1|USA-OR|2023-01-03|wild_avian|B3.2
756,757,0.00476847880024245,-93.1386811786142,42.765598577234,-93.2149444511594,44.2236238641919,1.30087372935683,1.29610525055658,2023.00079973675,2023.00556821555,NA
895,896,0.0480050456020584,-60.6998276569885,-33.4426620746906,-58.4345093416787,-32.8389680075273,1.30324052109135,1.25523547548929,2022.95992996168,2023.00793500729,NA
743,744,0.0750132365257481,-123.518067795721,44.5147878377041,-122.122710445509,43.6908437504572,1.30338568722132,1.22837245069557,2022.93306693689,2023.00808017342,NA
660,530,0.290565735318209,-74.8124511352953,42.3819118600257,-76.62960731944,42.3581675756736,1.30352469188848,1.01295895657027,2022.71765344276,2023.00821917808,PQ718369|A/Snow_goose/NY/23-000618-001-original/2023|H5N1|USA-NY|2023-01-04|wild_avian|B3.2
832,82,0.174719280424265,-109.049613242351,41.2731701175364,-112.235207149949,43.3619627084063,1.30352469188848,1.12880541146421,2022.83349989766,2023.00821917808,PQ712905|A/Magpie/ID/23-001085-001-original/2023|H5N1|USA-ID|2023-01-04|wild_avian|B3.2
751,453,0.0334821227836239,-112.237587800369,41.434263556872,-112.403353321023,41.652185960905,1.30352469188848,1.27004256910485,2022.9747370553,2023.00821917808,PQ720185|A/goose/UT/23-001040-001-original/2023|H5N1|USA-UT|2023-01-04|domestic_avian|B3.2
1009,1010,0.00643633228872842,-71.8199018421254,-25.6385278033678,-71.1419672656038,-22.3289719561196,1.30568063282233,1.2992443005336,2023.00393878673,2023.01037511902,NA
912,916,0.0096992993860292,-67.5388051491136,-36.3146721404886,-68.1930025202427,-35.4188557377519,1.30606379836844,1.29636449898241,2023.00105898518,2023.01075828456,NA
656,527,0.238923590989267,-93.5262192474641,42.0000384167255,-92.4858490042376,42.5990017713711,1.30626441791583,1.06734082692657,2022.77203531312,2023.01095890411,PQ701393|A/American_crow/IA/23-000627-006-original/2023|H5N1|USA-IA|2023-01-05|wild_avian|B3.2
759,451,0.128519612505863,-105.654734253093,42.9636989876883,-106.287664797003,44.2853321369392,1.30626441791583,1.17774480540997,2022.8824392916,2023.01095890411,PQ709217|A/Canada_goose/WY/23-000980-001-original/2023|H5N1|USA-WY|2023-01-05|wild_avian|B3.2
1087,354,0.232980802222656,-110.749572013898,40.4054105652765,-91.7104047978456,33.1386880242545,1.30900414394319,1.07602334172053,2022.78071782791,2023.01369863014,PQ717377|A/Snow_goose/AR/23-001513-001-original/2023|H5N1|USA-AR|2023-01-06|wild_avian|B3.2
830,83,0.172237051074041,-107.197229977359,39.998334972362,-111.062295895571,45.7060774541933,1.30900414394319,1.13676709286915,2022.84146157906,2023.01369863014,PQ720265|A/greater_scaup/MT/23-001334-001-original/2023|H5N1|USA-MT|2023-01-06|wild_avian|B3.2
776,24,0.142332758849213,-115.828195255929,42.3496416030686,-111.268256661116,41.213556105625,1.30900414394319,1.16667138509398,2022.87136587129,2023.01369863014,PQ720193|A/goose/UT/23-001041-001-original/2023|H5N1|USA-UT|2023-01-06|domestic_avian|B3.2
904,905,0.0259097946159113,-69.0278704146182,-39.3122149912305,-68.7536162278845,-39.4019373068749,1.3097626430772,1.28385284846129,2022.98854733466,2023.01445712927,NA
644,645,0.100210564069388,-63.518915713168,45.1503284741615,-63.4445220638118,46.5803575241269,1.30976442053808,1.20955385646869,2022.91424834266,2023.01445890673,NA
991,992,0.0309907334736073,-71.5802058452515,-28.1363507747702,-73.237003346415,-29.0053906329515,1.31202382633822,1.28103309286461,2022.98572757906,2023.01671831253,NA
905,906,0.00388972757213102,-68.7536162278845,-39.4019373068749,-68.7520557109093,-39.3801847171925,1.31365237064933,1.3097626430772,2023.01445712927,2023.01834685684,NA
921,961,0.0777119776796162,-63.4773609245376,-33.2939062405288,-61.7117682815093,-32.3620409530228,1.31475392226345,1.23704194458383,2022.94173643078,2023.01944840846,NA
1001,1002,0.0199209311947128,-70.6540167748583,-30.0729917162565,-73.0284906830566,-36.0914316095846,1.31721616778658,1.29729523659187,2023.00198972279,2023.02191065398,NA
1068,310,0.0371590478864343,-109.12884444316,34.8034007927799,-110.81225938226,35.4953809779513,1.31722332202526,1.28006427413883,2022.98475876033,2023.02191780822,PQ707097|A/Canada_goose/AZ/23-002260-001-original/2023|H5N1|USA-AZ|2023-01-09|wild_avian|B3.2
1096,346,0.250611542949155,-99.7879160716415,37.843314873413,-120.251303611272,40.6801851847645,1.31996304805285,1.06935150510369,2022.7740459913,2023.02465753425,PQ717521|A/Snow_goose/CA/23-002594-003-original/2023|H5N1|USA-CA|2023-01-10|wild_avian|B3.2
1129,362,0.152707369432821,-82.2529568756214,35.0050138864241,-67.3238639015134,46.1343522345433,1.31996304805285,1.16725567862003,2022.87195016481,2023.02465753425,PV324088|A/chicken/NB/FAV-0013-2023/2023|H5N1|Canada-NB|2023-01-10|domestic_avian|B3.2
1101,343,0.142374187215193,-97.5988964765687,38.8460748415999,-100.044888179993,40.1217486553483,1.31996304805285,1.17758886083765,2022.88228334703,2023.02465753425,PQ708337|A/Canada_goose/NE/23-001495-002-original/2023|H5N1|USA-NE|2023-01-10|wild_avian|B3.2
747,457,0.113585772649848,-104.772651254857,41.972611099921,-103.56181891574,41.9014213689934,1.31996304805285,1.206377275403,2022.9110717616,2023.02465753425,PQ708329|A/Canada_goose/NE/23-001495-001-original/2023|H5N1|USA-NE|2023-01-10|wild_avian|B3.2
669,545,0.0429618056055099,-72.4043018958756,42.2570891016248,-72.3790832562861,42.2210357392979,1.31996304805285,1.27700124244734,2022.98169572864,2023.02465753425,PQ701465|A/American_crow/MA/23-004612-017-original/2023|H5N1|USA-MA|2023-01-10|wild_avian|B3.2
1154,419,0.14390478489103,-110.725049894712,49.539377589804,-107.610582813053,44.8824006019899,1.3227027740802,1.17879798918917,2022.88349247538,2023.02739726027,PQ709241|A/Canada_goose/WY/23-002120-001-original/2023|H5N1|USA-WY|2023-01-11|wild_avian|B3.2
881,97,0.108700414242902,-79.9729950043848,-5.25628643000885,-80.5195928,-0.79805746,1.3227027740802,1.2140023598373,2022.91869684603,2023.02739726027,EPI_ISL_17973443|A/wildbird-Fregata-magnificens/Ecuador/IC03-4587/2023|H5N1|Ecuador-Manabi|2023-01-11|wild_avian|B3.2
913,915,0.0260373651912005,-67.5702317474129,-36.3388460726028,-72.0198128025192,-34.3691222060006,1.32440310981049,1.29836574461929,2023.00306023081,2023.029097596,NA
923,926,0.0604594932615039,-61.8747536312926,-32.8786206956823,-60.7293256814145,-34.2315628241288,1.32496857125285,1.26450907799135,2022.96920356419,2023.02966305745,NA
755,448,0.0482320083900465,-90.4639998783324,42.5879327361307,-93.5241446273098,42.0246178147711,1.32544250010756,1.27721049171752,2022.98190497791,2023.0301369863,PQ718729|A/Trumpeter_Swan/IA/23-002039-002-original/2023|H5N1|USA-IA|2023-01-12|wild_avian|B3.2
953,958,0.0372311741587774,-63.5785936355085,-33.5232840658202,-57.2802126400283,-37.9618547585477,1.32922211439441,1.29199094023563,2022.99668542643,2023.03391660059,NA
913,914,0.0320978664456137,-67.5702317474129,-36.3388460726028,-68.0809887019158,-39.0216394356319,1.33046361106491,1.29836574461929,2023.00306023081,2023.03515809726,NA
656,657,0.26354043564157,-93.5262192474641,42.0000384167255,-92.8583618560755,37.9608926414012,1.33088126256814,1.06734082692657,2022.77203531312,2023.03557574876,NA
859,288,0.560016932181758,-102.43118515629,41.4211760586071,-91.8386038840116,34.6089260716741,1.33092195216228,0.770905019980519,2022.47559950617,2023.03561643836,PQ714729|A/Northern_shoveler/AR/23-002690-001-original/2023|H5N1|USA-AR|2023-01-14|wild_avian|B3.2
992,993,0.0193845021995176,-73.237003346415,-29.0053906329515,-72.0732265004936,-31.5440417983773,1.33140832853773,1.31202382633822,2023.01671831253,2023.03610281473,NA
827,828,0.214525763526883,-104.902566700005,42.4479936422893,-102.225676540322,40.1238253117538,1.33259068717114,1.11806492364426,2022.82275940984,2023.03728517337,NA
671,672,0.0390683361542905,-72.4353068768394,42.22431823127,-73.3789945754266,41.926071922863,1.33313870535216,1.29407036919787,2022.99876485539,2023.03783319155,NA
916,917,0.0282350205104551,-68.1930025202427,-35.4188557377519,-66.46206017215,-36.5479085198405,1.3342988188789,1.30606379836844,2023.01075828456,2023.03899330507,NA
776,22,0.172469745150599,-115.828195255929,42.3496416030686,-101.512940909096,44.8243577836791,1.33914113024458,1.16667138509398,2022.87136587129,2023.04383561644,PQ716689|A/Red-tailed_hawk/SD/23-002914-001-original/2023|H5N1|USA-SD|2023-01-17|wild_avian|B3.2
645,646,0.0316999001853682,-63.4445220638118,46.5803575241269,-63.879215887687,47.0108845171344,1.34146432072345,1.30976442053808,2023.01445890673,2023.04615880692,NA
1115,318,0.341527982496391,-94.0233112406194,41.8141327979864,-96.5350565053771,29.480977116534,1.34188085627193,1.00035287377554,2022.70504735997,2023.04657534247,PQ702481|A/American_wigeon/TX/23-003062-016-original/2023|H5N1|USA-TX|2023-01-18|wild_avian|B3.2
1047,263,0.244072788394787,-115.922032518514,52.4412497490356,-116.608237076351,55.0461001764872,1.34188085627193,1.09780806787715,2022.80250255407,2023.04657534247,PV305176|A/Canada_Goose/AB/FAV-0083-4-2023/2023|H5N1|Canada-AB|2023-01-18|wild_avian|B3.2
763,435,0.135967211149008,-122.230789195326,48.2270083885562,-117.296532634832,47.2592713359171,1.34188085627193,1.20591364512293,2022.91060813132,2023.04657534247,PQ712817|A/Hooded_Merganser/WA/23-003784-001-original/2023|H5N1|USA-WA|2023-01-18|wild_avian|B3.2
996,255,0.0506972654885258,-69.1053641919529,-20.0973164895856,-69.4934873602268,-19.271150919468,1.34188085627193,1.29118359078341,2022.99587807698,2023.04657534247,EPI_ISL_17885951|A/Gray_gull/Tarapaca/232825-1/2023|H5N1|Chile-Tarapaca|2023-01-18|wild_avian|B3.2
961,962,0.0279120423364665,-61.7117682815093,-32.3620409530228,-64.879739460775,-34.3732019792787,1.34266596459991,1.31475392226345,2023.01944840846,2023.04736045079,NA
895,897,0.0881650057604317,-60.6998276569885,-33.4426620746906,-54.562745406229,-35.2302869953119,1.34340048124972,1.25523547548929,2022.95992996168,2023.04809496744,NA
646,647,0.00276687759115024,-63.879215887687,47.0108845171344,-63.7212121801172,46.9231086699171,1.3442311983146,1.34146432072345,2023.04615880692,2023.04892568451,NA
1046,261,0.182230509520827,-90.994677405771,29.6964655070858,-93.7769526576765,30.0802854071191,1.34462058229929,1.16239007277846,2022.86708455897,2023.04931506849,PQ714793|A/Northern_shoveler/TX/23-007477-003-original/2023|H5N1|USA-TX|2023-01-19|wild_avian|B3.2
671,540,0.0505502131014186,-72.4353068768394,42.22431823127,-71.457317200366,43.4678886103037,1.34462058229929,1.29407036919787,2022.99876485539,2023.04931506849,EPI_ISL_19490417|A/chicken/New_Hampshire/23-002392-001-original2/2023|H5N1|USA-NH|2023-01-19|domestic_avian|B3.2
774,23,0.264680429816587,-117.968966865338,42.8201435778713,-120.707946085043,44.4198942576067,1.34736030832665,1.08267987851006,2022.7873743647,2023.05205479452,PQ716617|A/Red-tailed_hawk/OR/23-003379-001-original/2023|H5N1|USA-OR|2023-01-20|wild_avian|B3.2
897,898,0.0041920625336731,-54.562745406229,-35.2302869953119,-54.6979574138442,-34.8400007355724,1.3475925437834,1.34340048124972,2023.04809496744,2023.05228702998,NA
962,963,0.00628202981552217,-64.879739460775,-34.3732019792787,-65.8990572455205,-39.0079410621033,1.34894799441543,1.34266596459991,2023.04736045079,2023.05364248061,NA
906,907,0.0364779381395328,-68.7520557109093,-39.3801847171925,-71.0492342269915,-38.6904038839989,1.35013030878887,1.31365237064933,2023.01834685684,2023.05482479498,NA
898,899,0.00404924921137706,-54.6979574138442,-34.8400007355724,-59.2311367088748,-33.4920183595151,1.35164179299477,1.3475925437834,2023.05228702998,2023.05633627919,NA
905,910,0.0433521292515984,-68.7536162278845,-39.4019373068749,-69.3634553953946,-38.1965509722493,1.3531147723288,1.3097626430772,2023.01445712927,2023.05780925852,NA
1121,1122,0.114286425709128,-102.26221299441,41.7924660532467,-103.77244151598,41.6144890682257,1.3544676728572,1.24018124714807,2022.94487573334,2023.05916215905,NA
899,900,0.00329471712514806,-59.2311367088748,-33.4920183595151,-59.0938430420874,-33.5435944681129,1.35493651011992,1.35164179299477,2023.05633627919,2023.05963099631,NA
877,99,0.218897937984375,-76.6367470348966,-12.2092882628891,-77.045041,-12.1218839,1.35557948640895,1.13668154842457,2022.84137603462,2023.0602739726,OQ550474|A/South_American_Sea_Lion/Peru/LIM-SER036/2023|H5N1|Peru|2023-01-23|other_mammal|B3.2
1046,262,0.193189413630484,-90.994677405771,29.6964655070858,-86.8304714966989,38.3320604968881,1.35557948640895,1.16239007277846,2022.86708455897,2023.0602739726,PQ712401|A/Hawk/IN/23-003026-001-original/2023|H5N1|USA-IN|2023-01-23|wild_avian|B3.2
1000,245,0.125486337953761,-70.6929550768931,-30.1572355875389,-71.458889,-32.553611,1.35557948640895,1.23009314845519,2022.93478763465,2023.0602739726,EPI_ISL_17885983|A/pelican/Valparaiso/233450-1/2023|H5N1|Chile-Valparaiso|2023-01-23|wild_avian|B3.2
1068,311,0.0755152122701199,-109.12884444316,34.8034007927799,-109.755596997043,35.143250570823,1.35557948640895,1.28006427413883,2022.98475876033,2023.0602739726,PQ707105|A/Canada_goose/AZ/23-005233-001-original/2023|H5N1|USA-AZ|2023-01-23|wild_avian|B3.2
993,205,0.0269108838985703,-72.0732265004936,-31.5440417983773,-72.0222469572134,-34.4060493684107,1.35831921243631,1.33140832853773,2023.03610281473,2023.06301369863,EPI_ISL_17885915|A/Pelican/OHiggins/233663-1/2023|H5N1|Chile-OHiggins|2023-01-24|wild_avian|B3.2
732,434,0.720144793587135,-120.752282538419,44.2629797396943,-121.462999903862,38.4422217919019,1.36105893846366,0.640914144876528,2022.34560863107,2023.06575342466,PQ715713|A/Red-tailed_hawk/CA/23-004363-001-original/2023|H5N1|USA-CA|2023-01-25|wild_avian|B3.2
717,401,0.156146603122115,-113.537301681955,47.4848569316275,-118.21177586084,53.4749539440578,1.36105893846366,1.20491233534155,2022.90960682154,2023.06575342466,PV304208|A/Black-Billed_Magpie/AB/FAV-0083-6-2023/2023|H5N1|Canada-AB|2023-01-25|wild_avian|B3.2
992,204,0.0490351121254453,-73.237003346415,-29.0053906329515,-71.692778,-33.391111,1.36105893846366,1.31202382633822,2023.01671831253,2023.06575342466,EPI_ISL_17885982|A/pelican/Valparaiso/234040/2023|H5N1|Chile-Valparaiso|2023-01-25|wild_avian|B3.2
1156,1157,0.253433799998329,-109.742138895067,41.3444914420815,-111.5440373406,42.8647570158406,1.36151566294365,1.10808186294532,2022.81277634914,2023.06621014914,NA
665,666,0.178296095367771,-72.7105319226156,40.4283824264813,-74.7290262810155,49.6658132901395,1.36170695065293,1.18341085528516,2022.88810534148,2023.06640143685,NA
954,955,0.0619752531471085,-66.7572300070688,-32.8005183956058,-66.1609419161069,-35.5216965738287,1.36275159354033,1.30077634039322,2023.00547082659,2023.06744607973,NA
625,627,0.388676540082762,-79.8998162355954,45.8227659389403,-69.8370558452378,44.4746515349702,1.3629754481128,0.97429890803004,2022.67899339422,2023.06766993431,NA
958,959,0.0343023308150383,-57.2802126400283,-37.9618547585477,-62.5622362759139,-31.4645027710387,1.36352444520945,1.32922211439441,2023.03391660059,2023.0682189314,NA
1148,428,0.41114781253178,-112.446568825116,45.9243539265245,-123.973868539253,48.1635594597588,1.36379866449102,0.95265085195924,2022.65734533815,2023.06849315068,PQ717217|A/Sanderling/WA/23-004228-001-original/2023|H5N1|USA-WA|2023-01-26|wild_avian|B3.2
659,546,0.355479594645019,-74.5812891053654,41.0339026005506,-74.001317619542,40.6757088166297,1.36379866449102,1.008319069846,2022.71301355604,2023.06849315068,PQ715305|A/Peregrine_falcon/NY/23-003717-001-original/2023|H5N1|USA-NY|2023-01-26|wild_avian|B3.2
1135,369,0.182370509449778,-90.9159881013,20.8338135256644,-83.600675987379,10.7959161099135,1.36379866449102,1.18142815504124,2022.88612264124,2023.06849315068,EPI_ISL_16958548|A/falcon/Costa_Rica/INC-0001-D0377-23/2023|H5N1|Costa_Rica-Limon|2023-01-26|wild_avian|B3.2
889,197,0.14910673037807,-65.7041030741761,-18.3884970880993,-64.8041759518626,-18.2984554463037,1.36379866449102,1.21469193411295,2022.91938642031,2023.06849315068,EPI_ISL_19410267|A/chicken/Cochabamba/39356/2023|H5N1|Bolivia-Cochabamba|2023-01-26|domestic_avian|B3.2
1162,412,0.143513067301914,-85.8318674724199,42.5110806731857,-85.3327007313784,42.9913798785931,1.36379866449102,1.22028559718911,2022.92498008338,2023.06849315068,PQ715201|A/Peregrine_falcon/MI/23-003553-001-original/2023|H5N1|USA-MI|2023-01-26|wild_avian|B3.2
1136,370,0.132251937096252,-87.1984764565877,15.6398901606733,-82.7324,9.6477,1.36379866449102,1.23154672739477,2022.93624121359,2023.06849315068,EPI_ISL_17965774|A/pelican/Costa_Rica/INC-0018-D0370-23/2023|H5N1|Costa_Rica-Limon|2023-01-26|wild_avian|B3.2
1002,250,0.0465824967044366,-73.0284906830566,-36.0914316095846,-72.668056,-36.430833,1.36379866449102,1.31721616778658,2023.02191065398,2023.06849315068,EPI_ISL_17885918|A/Pelican/Nuble/233947-2/2023|H5N1|Chile-Nuble|2023-01-26|wild_avian|B3.2
923,924,0.101328252219834,-61.8747536312926,-32.8786206956823,-65.7289948894819,-38.2586551847697,1.36583733021118,1.26450907799135,2022.96920356419,2023.0705318164,NA
1097,345,0.223864171822056,-98.476419758591,37.7586818010257,-101.260790546198,39.8924696056113,1.3665383905186,1.14267421869655,2022.84736870489,2023.07123287671,EPI_ISL_17424646|A/striped_skunk/Kansas/W23-094/2023|H5N1|USA-KS|2023-01-27|other_mammal|B3.2
910,911,0.0137030669382563,-69.3634553953946,-38.1965509722493,-72.9275249096289,-36.7756078066219,1.36681783926706,1.3531147723288,2023.05780925852,2023.07151232546,NA
1010,1011,0.0622724873790728,-71.1419672656038,-22.3289719561196,-68.0981312969342,-24.4267397289832,1.3679531202014,1.30568063282233,2023.01037511902,2023.0726476064,NA
963,964,0.0191267966703061,-65.8990572455205,-39.0079410621033,-63.7625089106012,-38.3775829509639,1.36807479108574,1.34894799441543,2023.05364248061,2023.07276927728,NA
920,982,0.161827063030028,-72.0646981546953,-36.6083499384881,-72.6624355422469,-37.6433751869134,1.36822995707215,1.20640289404213,2022.91109738024,2023.07292444327,NA
906,909,0.0560973067463562,-68.7520557109093,-39.3801847171925,-67.9362127831509,-39.7806197197232,1.36974967739569,1.31365237064933,2023.01834685684,2023.07444416359,NA
831,84,0.139933183800804,-110.029414014243,39.6900100330439,-111.584961410436,44.578330396151,1.37475756860068,1.23482438479987,2022.93951887099,2023.07945205479,PQ715513|A/Raven/MT/23-003666-002-original/2023|H5N1|USA-MT|2023-01-30|wild_avian|B3.2
1144,409,0.200276475378183,-106.947387538912,40.7344691403036,-105.897966780235,40.584910731095,1.37749729462803,1.17722081924985,2022.88191530544,2023.08219178082,PQ715953|A/Red-tailed_hawk/CO/23-004223-001-original/2023|H5N1|USA-CO|2023-01-31|wild_avian|B3.2
646,506,0.0360329739045868,-63.879215887687,47.0108845171344,-63.8430170411117,46.405362680517,1.37749729462803,1.34146432072345,2023.04615880692,2023.08219178082,PV302536|A/American_Crow/PE/FAV-0068-6-2023/2023|H5N1|Canada-PE|2023-01-31|wild_avian|B3.2
647,508,0.0332660963134366,-63.7212121801172,46.9231086699171,-62.5778728346051,46.4677340170658,1.37749729462803,1.3442311983146,2023.04892568451,2023.08219178082,PV302528|A/American_Crow/PE/FAV-0068-5-2023/2023|H5N1|Canada-PE|2023-01-31|wild_avian|B3.2
627,498,0.0145218465152324,-69.8370558452378,44.4746515349702,-70.0488116756596,43.9536028097663,1.37749729462803,1.3629754481128,2023.06766993431,2023.08219178082,PQ712785|A/Hooded_Merganser/ME/23-004172-006-original/2023|H5N1|USA-ME|2023-01-31|wild_avian|B3.2
1011,1012,0.00998041026546259,-68.0981312969342,-24.4267397289832,-68.1474597401968,-22.6869958522702,1.37793353046686,1.3679531202014,2023.0726476064,2023.08262801666,NA
955,956,0.015309226656758,-66.1609419161069,-35.5216965738287,-66.0047293950899,-35.7705297840456,1.37806082019709,1.36275159354033,2023.06744607973,2023.08275530639,NA
792,33,0.901995608957009,-103.480475001857,43.0767920565835,-116.48638587903,53.9043603375152,1.38023702065539,0.478241411698383,2022.18293589789,2023.08493150685,PV318880|A/Striped_Skunk/AB/FAV-0085-1-2023/2023|H5N1|Canada-AB|2023-02-01|other_mammal|B3.2
665,537,0.19682616537023,-72.7105319226156,40.4283824264813,-70.8249028428643,55.8652387270858,1.38023702065539,1.18341085528516,2022.88810534148,2023.08493150685,PV301315|A/Duck/QC/FAV-0051-1-2023/2023|H5N1|Canada-QC|2023-02-01|domestic_avian|B3.2
674,539,0.134737303548113,-72.1903414201268,42.4699152156874,-73.9993526638491,40.7515218534679,1.38023702065539,1.24549971710728,2022.9501942033,2023.08493150685,OR858836|A/Canada_goose/New_York/NYCVH-23-453/2023|H5N1|USA-NY|2023-02-01|wild_avian|B3.2
837,838,0.170043693679478,-116.011082106115,43.6253338761992,-122.760667518663,47.3855547715194,1.38283945210243,1.21279575842295,2022.91749024462,2023.0875339383,NA
627,499,0.0200012985701745,-69.8370558452378,44.4746515349702,-69.8487958616052,44.2970017584332,1.38297674668298,1.3629754481128,2023.06766993431,2023.08767123288,PQ712769|A/Hooded_Merganser/ME/23-004172-002-original/2023|H5N1|USA-ME|2023-02-02|wild_avian|B3.2
1001,249,0.0911609621458207,-70.6540167748583,-30.0729917162565,-69.3319862876378,-27.2748852153537,1.38845619873769,1.29729523659187,2023.00198972279,2023.09315068493,EPI_ISL_18760074|A/chicken/Atacama/235254-2/2023|H5N1|Chile-Atacama|2023-02-04|domestic_avian|B3.2
744,442,0.0850705115163688,-122.122710445509,43.6908437504572,-122.286376660594,43.5931786610251,1.38845619873769,1.30338568722132,2023.00808017342,2023.09315068493,EPI_ISL_17964904|A/sanderling/Oregon/23-008234-001/2023|H5N1|USA-OR|2023-02-04|wild_avian|B3.2
926,951,0.0641571546234827,-60.7293256814145,-34.2315628241288,-60.1094524786057,-36.9338483571801,1.38912572587633,1.32496857125285,2023.02966305745,2023.09382021207,NA
1037,243,0.0930320832503764,-71.0300106631592,-27.9480072375239,-70.621944,-26.344444,1.39119592476505,1.29816384151467,2023.00285832771,2023.09589041096,EPI_ISL_19151400|A/guanay_cormorant/Atacama/235520-1/2023|H5N1|Chile-Atacama|2023-02-05|wild_avian|B3.2
890,891,0.12465789741122,-65.455856100841,-17.9807770489301,-65.8089878561311,-18.527669867645,1.39205604213818,1.26739814472696,2022.97209263092,2023.09675052833,NA
626,501,0.37461798101473,-74.6047781438485,36.6339682134794,-72.3199679253679,41.557441223534,1.39393565079241,1.01931766977768,2022.72401215597,2023.09863013699,EPI_ISL_19490418|A/mallard/Connecticut/23-004773-001-original2/2023|H5N1|USA-CT|2023-02-06|wild_avian|B3.2
836,60,0.184912738036199,-115.508924401126,45.5009437705605,-124.541183374286,56.5572818137071,1.39393565079241,1.20902291275621,2022.91371739895,2023.09863013699,EPI_ISL_18665510|A/Dunlin/BC/AIVPHL-940/2023|H5N1|Canada-BC|2023-02-06|wild_avian|B3.2
926,927,0.0714436188719745,-60.7293256814145,-34.2315628241288,-54.4887653996169,-31.7848903942096,1.39641219012483,1.32496857125285,2023.02966305745,2023.10110667632,NA
989,211,0.269741184578299,-77.1296530478583,-13.0378072018362,-76.507071,-12.91786123,1.39667537681976,1.12693419224146,2022.83162867844,2023.10136986301,OQ925725|A/south_american_sea_lion/Peru/AQP-SER00K/2023|H5N1|Peru|2023-02-07|other_mammal|B3.2
891,196,0.00461933468157971,-65.8089878561311,-18.527669867645,-64.7023661045549,-18.4814340260488,1.39667537681976,1.39205604213818,2023.09675052833,2023.10136986301,EPI_ISL_19410269|A/chicken/Cochabamba/39425/2023|H5N1|Bolivia-Cochabamba|2023-02-07|domestic_avian|B3.2
882,98,0.176145197622681,-81.9926635740923,-6.26145621542447,-75.1961831,-12.0621201,1.39941510284735,1.22326990522467,2022.92796439142,2023.10410958904,OQ547431|A/Panthera_leo/Peru/AIS0554/2023|H5N1|Peru|2023-02-08|feline|B3.2
708,709,0.409234746006418,-123.410273142907,43.5816170504936,-122.39071807549,37.411360337411,1.40009914439267,0.990864398386248,2022.69555888458,2023.10479363059,NA
907,908,0.0504329438747289,-71.0492342269915,-38.6904038839989,-70.9031010942379,-35.2839773352422,1.4005632526636,1.35013030878887,2023.05482479498,2023.10525773886,NA
888,101,0.286007277518533,-65.8242760367026,-22.3520047606797,-65.9707,-22.4027,1.40763428092942,1.12162700341089,2022.8263214896,2023.11232876712,EPI_ISL_18698459|A/Goose/Argentina/389-1/2023|H5N1|Argentina-Jujuy|2023-02-11|domestic_avian|B3.2
959,960,0.0446352427667338,-62.5622362759139,-31.4645027710387,-63.4076685960581,-32.2894365665962,1.40815968797618,1.36352444520945,2023.0682189314,2023.11285417417,NA
1161,1163,0.295535346013858,-85.84394638051,42.4670243436528,-105.353580031406,40.6968175874097,1.41165621264728,1.11612086663342,2022.82081535283,2023.11635069884,NA
1129,361,0.245858054364336,-82.2529568756214,35.0050138864241,-71.5330144229946,41.5648177803538,1.41311373298436,1.16725567862003,2022.87195016481,2023.11780821918,PQ714409|A/Mute_Swan/RI/23-007092-001-original/2023|H5N1|USA-RI|2023-02-13|wild_avian|B3.2
993,206,0.0817054044466277,-72.0732265004936,-31.5440417983773,-72.95,-36.616667,1.41311373298436,1.33140832853773,2023.03610281473,2023.11780821918,EPI_ISL_18760061|A/pelican/Bio_Bio/236574/2023|H5N1|Chile-Biobio|2023-02-13|wild_avian|B3.2
1064,303,0.509182358955544,-101.742896518452,44.6218665692088,-112.018127346821,56.5756554684357,1.41585345901172,0.906671100056176,2022.61136558625,2023.12054794521,PV318888|A/Striped_Skunk/AB/FAV-0085-2-2023/2023|H5N1|Canada-AB|2023-02-14|other_mammal|B3.2
718,397,0.400543823567148,-125.009026609961,54.7364951359398,-122.922732779138,38.5076243515686,1.41585345901172,1.01530963544457,2022.72000412164,2023.12054794521,EPI_ISL_17964878|A/red-tailed_hawk/California/23-006644-003/2023|H5N1|USA-CA|2023-02-14|wild_avian|B3.2
750,455,0.242663579465219,-104.619984683441,40.0109443240118,-102.066073514251,39.8336979284048,1.41585345901172,1.1731898795465,2022.87788436574,2023.12054794521,EPI_ISL_17964858|A/Cooper_s_s_hawk/Colorado/23-005617-001/2023|H5N1|USA-CO|2023-02-14|wild_avian|B3.2
709,470,0.0157543146190542,-122.39071807549,37.411360337411,-122.496505552992,37.7864635036412,1.41585345901172,1.40009914439267,2023.10479363059,2023.12054794521,EPI_ISL_17964856|A/sanderling/California/23-005401-001/2023|H5N1|USA-CA|2023-02-14|wild_avian|B3.2
924,925,0.051248310625525,-65.7289948894819,-38.2586551847697,-68.0782024507741,-38.9901553075365,1.41708564083671,1.36583733021118,2023.0705318164,2023.12178012703,NA
999,244,0.209351752673879,-70.1830234871375,-29.6295896857192,-72.162280042844,-37.5142294299358,1.41859318503908,1.2092414323652,2022.91393591856,2023.12328767123,EPI_ISL_19410300|A/gull/Biobio/237012/2023|H5N1|Chile-Biobio|2023-02-15|wild_avian|B3.2
837,68,0.208537152643484,-116.011082106115,43.6253338761992,-122.970755054498,49.4118972626384,1.42133291106643,1.21279575842295,2022.91749024462,2023.12602739726,PV319152|A/Striped_Skunk/BC/FAV-0091-1-2023/2023|H5N1|Canada-BC|2023-02-16|other_mammal|B3.2
640,515,0.193672873621684,-62.9623514496549,42.9601046710132,-62.710847298415,46.4066528058149,1.42407263709379,1.23039976347211,2022.93509424967,2023.12876712329,PV302560|A/American_Crow/PE/FAV-0086-1-2023/2023|H5N1|Canada-PE|2023-02-17|wild_avian|B3.2
831,85,0.191987978321277,-110.029414014243,39.6900100330439,-108.743333139985,38.624677148315,1.42681236312115,1.23482438479987,2022.93951887099,2023.13150684931,EPI_ISL_17964882|A/red-tailed_hawk/Colorado/23-006671-001/2023|H5N1|USA-CO|2023-02-18|wild_avian|B3.2
903,192,0.151956742262032,-68.176853126694,-39.9183609094545,-63.7935806638057,-32.0777502376668,1.42681236312115,1.27485562085912,2022.97955010705,2023.13150684931,EPI_ISL_18698462|A/Chicken/Argentina/477-5/2023|H5N1|Argentina-Cordoba|2023-02-18|domestic_avian|B3.2
672,541,0.0936736577689867,-73.3789945754266,41.926071922863,-72.1219579767319,42.1731455806848,1.42681236312115,1.33313870535216,2023.03783319155,2023.13150684931,EPI_ISL_19736845|A/canada_goose/Massachusetts/015884-006/2023|H5N1|USA-MA|2023-02-18|wild_avian|B3.2
897,108,0.0834118818714269,-54.562745406229,-35.2302869953119,-54.568,-34.798,1.42681236312115,1.34340048124972,2023.04809496744,2023.13150684931,OR381588|A/Black-necked_swan/Uruguay/014-M3/2023|H5N1|Uruguay-Rocha|2023-02-18|wild_avian|B3.2
756,758,0.13206713010761,-93.1386811786142,42.765598577234,-92.9849063425553,41.4329535362068,1.42817238066419,1.29610525055658,2023.00079973675,2023.13286686686,NA
641,514,0.147872295104238,-65.2153232258873,45.2505940333851,-64.7899960309219,44.8333835550306,1.42955208914873,1.2816797940445,2022.98637428024,2023.13424657534,PV306320|A/Canada_Goose/NS/FAV-0088-4-2023/2023|H5N1|Canada-NS|2023-02-19|wild_avian|B3.2
1012,1014,0.051941292182454,-68.1474597401968,-22.6869958522702,-65.6406868281832,-25.9324830347509,1.42987482264932,1.37793353046686,2023.08262801666,2023.13456930884,NA
919,111,0.169498714654558,-60.1828580323492,-32.184768434123,-63.19509047,-32.09246308,1.43229181517609,1.26279310052153,2022.96748758672,2023.13698630137,EPI_ISL_18698471|A/Chicken/Argentina/501-1/2023|H5N1|Argentina-Cordoba|2023-02-20|domestic_avian|B3.2
924,152,0.0664544849649098,-65.7289948894819,-38.2586551847697,-60.5518314263291,-36.6815517720419,1.43229181517609,1.36583733021118,2023.0705318164,2023.13698630137,EPI_ISL_18698469|A/Chicken/Argentina/491-2/2023|H5N1|Argentina-Buenos_Aires|2023-02-20|domestic_avian|B3.2
951,952,0.0452356199117157,-60.1094524786057,-36.9338483571801,-57.5447423864908,-33.6776056324003,1.43436134578805,1.38912572587633,2023.09382021207,2023.13905583198,NA
898,107,0.0874389974200533,-54.6979574138442,-34.8400007355724,-61.46188,-32.28761,1.43503154120345,1.3475925437834,2023.05228702998,2023.1397260274,EPI_ISL_18698476|A/Chicken/Argentina/509-2/2023|H5N1|Argentina-Santa_Fe|2023-02-21|domestic_avian|B3.2
1037,241,0.139607425716134,-71.0300106631592,-27.9480072375239,-70.3837427909843,-23.651615385783,1.43777126723081,1.29816384151467,2023.00285832771,2023.14246575342,EPI_ISL_19131156|A/Inca_tern/Antofagasta/238083/2023|H5N1|Chile-Antofagasta|2023-02-22|wild_avian|B3.2
916,185,0.131707468862366,-68.1930025202427,-35.4188557377519,-66.88304,-33.24245,1.43777126723081,1.30606379836844,2023.01075828456,2023.14246575342,EPI_ISL_18698480|A/Chicken/Argentina/559-8/2023|H5N1|Argentina-San_Luis|2023-02-22|domestic_avian|B3.2
670,544,0.156108020015173,-72.142178195965,42.0591715851725,-72.4985001867839,42.4228460993336,1.44051099325816,1.28440297324299,2022.98909745944,2023.14520547945,EPI_ISL_19736766|A/canada_goose/Massachusetts/015884-009/2023|H5N1|USA-MA|2023-02-23|wild_avian|B3.2
1002,251,0.12329482547158,-73.0284906830566,-36.0914316095846,-72.5570741577128,-35.8044643425867,1.44051099325816,1.31721616778658,2023.02191065398,2023.14520547945,EPI_ISL_17885973|A/South_American_tern/Maule/238507/2023|H5N1|Chile-Maule|2023-02-23|wild_avian|B3.2
963,176,0.0915629988427296,-65.8990572455205,-39.0079410621033,-60.5378126139643,-36.6882927039701,1.44051099325816,1.34894799441543,2023.05364248061,2023.14520547945,EPI_ISL_18698478|A/Chicken/Argentina/556-6/2023|H5N1|Argentina-Buenos_Aires|2023-02-23|domestic_avian|B3.2
900,109,0.085574483138243,-59.0938430420874,-33.5435944681129,-65.64608,-39.39435,1.44051099325816,1.35493651011992,2023.05963099631,2023.14520547945,EPI_ISL_18698482|A/Chicken/Argentina/578-2/2023|H5N1|Argentina-Rio_Negro|2023-02-23|domestic_avian|B3.2
884,885,0.185398254844253,-76.6867157572042,-12.355873176033,-76.041563454711,-12.3935739735492,1.44136512116746,1.25596686632321,2022.96066135252,2023.14605960736,NA
927,929,0.0462326783431513,-54.4887653996169,-31.7848903942096,-45.0029341915118,-22.6126177767955,1.44264486846798,1.39641219012483,2023.10110667632,2023.14733935466,NA
996,254,0.152067128502114,-69.1053641919529,-20.0973164895856,-71.53328,-32.78174,1.44325071928552,1.29118359078341,2022.99587807698,2023.14794520548,EPI_ISL_19131163|A/Peruvean_booby/Valparaiso/238535/2023|H5N1|Chile-Valparaiso|2023-02-24|wild_avian|B3.2
643,512,0.341737685918591,-64.0834552586886,46.4012330302612,-64.0418534256434,46.4698671401588,1.45146989736782,1.10973221144923,2022.81442669764,2023.15616438356,PV307384|A/Canada_Goose/PE/FAV-0096-3-2023/2023|H5N1|Canada-PE|2023-02-27|wild_avian|B3.2
911,177,0.084652058100763,-72.9275249096289,-36.7756078066219,-72.2881,-36.6761,1.45146989736782,1.36681783926706,2023.07151232546,2023.15616438356,EPI_ISL_17885878|A/chicken/Nuble/239136/2023|H5N1|Chile-Nuble|2023-02-27|domestic_avian|B3.2
1012,1013,0.0757341283934885,-68.1474597401968,-22.6869958522702,-70.6515986819658,-18.1413217551826,1.45366765886035,1.37793353046686,2023.08262801666,2023.15836214505,NA
982,113,0.0859796663230235,-72.6624355422469,-37.6433751869134,-72.9758,-38.7934,1.45420962339518,1.36822995707215,2023.07292444327,2023.15890410959,EPI_ISL_17885958|A/chicken/Araucania/239189-2/2023|H5N1|Chile-Araucania|2023-02-28|domestic_avian|B3.2
672,673,0.122715148255964,-73.3789945754266,41.926071922863,-71.5029821426971,42.3476085615142,1.45585385360813,1.33313870535216,2023.03783319155,2023.1605483398,NA
1035,240,0.266889380371269,-74.296527476017,-19.4536466312524,-71.343333,-29.953056,1.45694934942254,1.19005996905127,2022.89475445524,2023.16164383562,EPI_ISL_19131162|A/Inca_tern/Coquimbo/239619/2023|H5N1|Chile-Coquimbo|2023-03-01|wild_avian|B3.2
666,536,0.0952423987696025,-74.7290262810155,49.6658132901395,-76.1209403322673,50.9791029146655,1.45694934942254,1.36170695065293,2023.06640143685,2023.16164383562,PV301712|A/American_Black_Duck/QC/FAV-0115-3-2023/2023|H5N1|Canada-QC|2023-03-01|wild_avian|B3.2
955,957,0.0968836045911252,-66.1609419161069,-35.5216965738287,-70.1555708365241,-32.2035069108913,1.45963519813146,1.36275159354033,2023.06744607973,2023.16432968433,NA
758,445,0.0315166947859278,-92.9849063425553,41.4329535362068,-93.6570278675565,42.1739034154582,1.45968907545012,1.42817238066419,2023.13286686686,2023.16438356164,EPI_ISL_17964890|A/American_crow/Iowa/23-007468-001/2023|H5N1|USA-IA|2023-03-02|wild_avian|B3.2
890,194,0.195030656750514,-65.455856100841,-17.9807770489301,-65.1868704483941,-18.4462176747419,1.46242880147748,1.26739814472696,2022.97209263092,2023.16712328767,EPI_ISL_19418487|A/chicken/Cochabamba/39539/2023|H5N1|Bolivia-Cochabamba|2023-03-03|domestic_avian|B3.2
1010,239,0.15674816865515,-71.1419672656038,-22.3289719561196,-70.3010487314224,-18.4631239017513,1.46242880147748,1.30568063282233,2023.01037511902,2023.16712328767,EPI_ISL_17885978|A/Sanderling/Arica_y_Parinacota/240265/2023|H5N1|Chile-Arica|2023-03-03|wild_avian|B3.2
914,188,0.13196519041257,-68.0809887019158,-39.0216394356319,-55.8419,-32.3924,1.46242880147748,1.33046361106491,2023.03515809726,2023.16712328767,OR381596|A/Backyard_chicken/Uruguay/040-M5/2023|H5N1|Uruguay-Tacuarembo|2023-03-03|domestic_avian|B3.2
1157,422,0.10091313853383,-111.5440373406,42.8647570158406,-112.252018870263,41.2759433236088,1.46242880147748,1.36151566294365,2023.06621014914,2023.16712328767,EPI_ISL_17964896|A/American_crow/Utah/23-007867-006/2023|H5N1|USA-UT|2023-03-03|wild_avian|B3.2
951,124,0.0733030756011432,-60.1094524786057,-36.9338483571801,-57.8241,-38.04594,1.46242880147748,1.38912572587633,2023.09382021207,2023.16712328767,EPI_ISL_18698494|A/Chicken/Argentina/736-1/2023|H5N1|Argentina-Buenos_Aires|2023-03-03|domestic_avian|B3.2
1163,414,0.0507725888301986,-105.353580031406,40.6968175874097,-107.555036034335,40.2315369427363,1.46242880147748,1.41165621264728,2023.11635069884,2023.16712328767,EPI_ISL_17964907|A/great_horned_owl/Colorado/23-007822-001/2023|H5N1|USA-CO|2023-03-03|wild_avian|B3.2
848,71,0.336008082736263,-81.0883013106025,32.9160221509294,-80.929315838331,32.9612460349053,1.46516852750484,1.12916044476857,2022.83385493096,2023.1698630137,EPI_ISL_17964901|A/bald_eagle/South_Carolina/23-008111-001/2023|H5N1|USA-SC|2023-03-04|wild_avian|B3.2
958,122,0.135946413110423,-57.2802126400283,-37.9618547585477,-61.026789,-31.281576,1.46516852750484,1.32922211439441,2023.03391660059,2023.1698630137,EPI_ISL_18698497|A/Turkey/Argentina/753-1/2023|H5N1|Argentina-Santa_Fe|2023-03-04|domestic_avian|B3.2
673,543,0.00931467389670804,-71.5029821426971,42.3476085615142,-71.4964398198728,42.3651906947998,1.46516852750484,1.45585385360813,2023.1605483398,2023.1698630137,EPI_ISL_19736913|A/canada_goose/Massachusetts/015884-014/2023|H5N1|USA-MA|2023-03-04|wild_avian|B3.2
757,447,0.167034524175367,-93.2149444511594,44.2236238641919,-93.4567820170252,41.9248626677846,1.46790825353219,1.30087372935683,2023.00556821555,2023.17260273973,EPI_ISL_17964893|A/American_crow/Iowa/23-007781-002/2023|H5N1|USA-IA|2023-03-05|wild_avian|B3.2
991,207,0.18961488669494,-71.5802058452515,-28.1363507747702,-71.5240840516614,-36.6989627278932,1.47064797955955,1.28103309286461,2022.98572757906,2023.17534246575,EPI_ISL_17885877|A/chicken/Nuble/240155/2023|H5N1|Chile-Nuble|2023-03-06|domestic_avian|B3.2
1036,242,0.175400404558067,-70.9790549326037,-28.0081463081469,-71.833333,-33.95,1.47064797955955,1.29524757500148,2022.9999420612,2023.17534246575,EPI_ISL_17885967|A/Blackish_oystercatcher/OHiggins/240628/2023|H5N1|Chile-OHiggins|2023-03-06|wild_avian|B3.2
915,189,0.146244869749055,-72.0198128025192,-34.3691222060006,-72.5733722700888,-35.7857113889504,1.47064797955955,1.32440310981049,2023.029097596,2023.17534246575,EPI_ISL_17885849|A/Black_Skimmer/Maule/240379/2023|H5N1|Chile-Maule|2023-03-06|wild_avian|B3.2
1013,237,0.0197200467265555,-70.6515986819658,-18.1413217551826,-70.699826,-18.137864,1.47338770558691,1.45366765886035,2023.15836214505,2023.17808219178,EPI_ISL_17777531|A/sea_lion/Peru/TAC-INS-010/2023|H5N1|Peru-Tacna|2023-03-07|other_mammal|B3.2
1013,238,0.0197200467265555,-70.6515986819658,-18.1413217551826,-70.30376039,-17.64664722,1.47338770558691,1.45366765886035,2023.15836214505,2023.17808219178,EPI_ISL_17777532|A/sea_lion/Peru/TAC-INS-011/2023|H5N1|Peru-Tacna|2023-03-07|other_mammal|B3.2
899,105,0.127225364647077,-59.2311367088748,-33.4920183595151,-65.096,-32.389,1.47886715764185,1.35164179299477,2023.05633627919,2023.18356164384,EPI_ISL_18698731|A/Chicken/Argentina/895-1/2023|H5N1|Argentina-San_Luis|2023-03-09|domestic_avian|B3.2
956,118,0.100806337444761,-66.0047293950899,-35.7705297840456,-72.0207067051362,-34.3995010462745,1.47886715764185,1.37806082019709,2023.08275530639,2023.18356164384,EPI_ISL_17885965|A/Chiloe_wigeon/OHiggins/240893-2/2023|H5N1|Chile-OHiggins|2023-03-09|wild_avian|B3.2
1162,411,0.261321286480101,-85.8318674724199,42.5110806731857,-85.0727206446349,42.7121952476338,1.48160688366921,1.22028559718911,2022.92498008338,2023.18630136986,EPI_ISL_19490438|A/chicken/Michigan/23-008143-002-original/2023|H5N1|USA-MI|2023-03-10|domestic_avian|B3.2
909,180,0.111857206273517,-67.9362127831509,-39.7806197197232,-72.09428,-36.689629,1.48160688366921,1.36974967739569,2023.07444416359,2023.18630136986,EPI_ISL_17885873|A/chicken/Nuble/241681-1/2023|H5N1|Chile-Nuble|2023-03-10|domestic_avian|B3.2
667,533,0.287298441021888,-77.2828138035219,44.9577855097923,-78.0295837832845,44.7896886829254,1.48434660969656,1.19704816867468,2022.90174265487,2023.18904109589,PV302264|A/American_Crow/ON/FAV-0118-1-2023/2023|H5N1|Canada-ON|2023-03-11|wild_avian|B3.2
910,178,0.136711289422478,-69.3634553953946,-38.1965509722493,-70.37928,-38.556134,1.48982606175128,1.3531147723288,2023.05780925852,2023.19452054795,EPI_ISL_18698502|A/Chicken/Argentina/919-3/2023|H5N1|Argentina-Neuquen|2023-03-13|domestic_avian|B3.2
1014,236,0.0599512391019617,-65.6406868281832,-25.9324830347509,-69.93163954,-27.38183161,1.48982606175128,1.42987482264932,2023.13456930884,2023.19452054795,EPI_ISL_19391462|A/sea_lion/Atacama/242444-1/2023|H5N1|Chile-Atacama|2023-03-13|other_mammal|B3.2
657,526,0.161684525210728,-92.8583618560755,37.9608926414012,-92.0341592344242,38.2396355806528,1.49256578777886,1.33088126256814,2023.03557574876,2023.19726027397,EPI_ISL_19490458|A/chicken/Missouri/23-008296-003-original/2023|H5N1|USA-MO|2023-03-14|domestic_avian|B3.2
864,268,0.572498463803062,-115.248943245794,42.6236495671394,-96.6323040082277,39.8075625077684,1.49530551380622,0.922807050003159,2022.6275015362,2023.2,EPI_ISL_17964913|A/red-tailed_hawk/Kansas/23-009211-001/2023|H5N1|USA-KS|2023-03-15|wild_avian|B3.2
1104,338,0.318964052003567,-89.2073746265671,35.6662410696396,-88.4684657581947,34.0392882712921,1.49530551380622,1.17634146180265,2022.881035948,2023.2,EPI_ISL_19490462|A/chicken/Mississippi/23-008358-002-original/2023|H5N1|USA-MS|2023-03-15|domestic_avian|B3.2
828,78,0.162714826635078,-102.225676540322,40.1238253117538,-103.097761713381,40.5902794388022,1.49530551380622,1.33259068717114,2023.03728517337,2023.2,EPI_ISL_17964906|A/red-tailed_hawk/Colorado/23-008901-001/2023|H5N1|USA-CO|2023-03-15|wild_avian|B3.2
900,106,0.1403690036863,-59.0938430420874,-33.5435944681129,-55.7469,-34.5713,1.49530551380622,1.35493651011992,2023.05963099631,2023.2,OR381676|A/Black-necked_swan/Uruguay/078-M2/2023|H5N1|Uruguay-Canelones|2023-03-15|wild_avian|B3.2
929,930,0.0529017882793088,-45.0029341915118,-22.6126177767955,-44.1258810848566,-23.7391076966982,1.49554665674729,1.44264486846798,2023.14733935466,2023.20024114294,NA
917,187,0.163746420954683,-66.46206017215,-36.5479085198405,-64.31648,-36.69454,1.49804523983358,1.3342988188789,2023.03899330507,2023.20273972603,EPI_ISL_18698504|A/Chicken/Argentina/1035-1/2023|H5N1|Argentina-La_Pampa|2023-03-16|domestic_avian|B3.2
885,92,0.0566801186661139,-76.041563454711,-12.3935739735492,-76.1469208367882,-12.8385712524476,1.49804523983358,1.44136512116746,2023.14605960736,2023.20273972603,EPI_ISL_17777527|A/gull/Peru/LIM-INS-006/2023|H5N1|Peru-Lima|2023-03-16|wild_avian|B3.2
884,91,0.244818099537724,-76.6867157572042,-12.355873176033,-77.149763740525,-12.053051302942,1.50078496586094,1.25596686632321,2022.96066135252,2023.20547945205,EPI_ISL_17777530|A/guanay_cormorant/Peru/CAL-INS-009/2023|H5N1|Peru-Callao|2023-03-17|wild_avian|B3.2
1039,198,0.221259826067286,-76.6013410701096,-12.9183678437837,-77.118870665669,-12.0649849250317,1.50078496586094,1.27952513979365,2022.98421962599,2023.20547945205,EPI_ISL_17777528|A/peruvian_booby/Peru/CAL-INS-007/2023|H5N1|Peru-Callao|2023-03-17|wild_avian|B3.2
1009,213,0.207020117382279,-71.8199018421254,-25.6385278033678,-71.4293542,-32.69895,1.50626441791588,1.2992443005336,2023.00393878673,2023.21095890411,EPI_ISL_18760069|A/sea_lion/Valparaiso/SJCEIRR-2431361/2023|H5N1|Chile-Valparaiso|2023-03-19|other_mammal|B3.2
738,461,0.546358329243911,-112.896539379503,42.6159618787478,-118.981697757232,51.2496940422459,1.50900414394324,0.962645814699325,2022.66734030089,2023.21369863014,EPI_ISL_18665556|A/Barred_Owl/BC/AIVPHL-1008/2023|H5N1|Canada-BC|2023-03-20|wild_avian|B3.2
957,115,0.0493689458117794,-70.1555708365241,-32.2035069108913,-70.504029328972,-33.2660122663518,1.50900414394324,1.45963519813146,2023.16432968433,2023.21369863014,EPI_ISL_18760060|A/chicken/Metropolitana/243148-1/2023|H5N1|Chile-Metropolitana|2023-03-20|domestic_avian|B3.2
645,509,0.201979449432514,-63.4445220638118,46.5803575241269,-62.5503570179978,46.0774815862646,1.51174386997059,1.30976442053808,2023.01445890673,2023.21643835616,PV319272|A/Striped_Skunk/PE/FAV-0123-1-2023/2023|H5N1|Canada-PE|2023-03-21|other_mammal|B3.2
647,507,0.167512671655995,-63.7212121801172,46.9231086699171,-61.7353516037866,45.6158322788918,1.51174386997059,1.3442311983146,2023.04892568451,2023.21643835616,PV302152|A/American_Crow/NS/FAV-0122-1-2023/2023|H5N1|Canada-NS|2023-03-21|wild_avian|B3.2
911,179,0.144926030703535,-72.9275249096289,-36.7756078066219,-70.37815,-38.55845,1.51174386997059,1.36681783926706,2023.07151232546,2023.21643835616,EPI_ISL_18698505|A/Chicken/Argentina/1147-2/2023|H5N1|Argentina-Neuquen|2023-03-21|domestic_avian|B3.2
838,839,0.1294552451791,-122.760667518663,47.3855547715194,-114.913523290628,42.0973513874205,1.51229469728153,1.38283945210243,2023.0875339383,2023.21698918348,NA
636,517,0.606021356718345,-65.4086000322365,39.764689005222,-62.8470073287184,46.241905197814,1.51448359599795,0.908462239279605,2022.61315672547,2023.21917808219,PV302640|A/American_Crow/PE/FAV-0121-1-2023/2023|H5N1|Canada-PE|2023-03-22|wild_avian|B3.2
719,398,0.471482685409096,-141.295381329803,55.602835237574,-119.596440289831,46.5546227076796,1.51722332202531,1.04574063661621,2022.75043512281,2023.22191780822,EPI_ISL_17964920|A/Western_screech_owl/Washington/23-010027-001/2023|H5N1|USA-WA|2023-03-23|wild_avian|B3.2
666,535,0.158256097399732,-74.7290262810155,49.6658132901395,-79.4732690303455,44.0924291741162,1.51996304805267,1.36170695065293,2023.06640143685,2023.22465753425,PV302336|A/American_Crow/ON/FAV-0149-2-2023/2023|H5N1|Canada-ON|2023-03-24|wild_avian|B3.2
1011,214,0.152009927851264,-68.0981312969342,-24.4267397289832,-70.38642,-23.61671,1.51996304805267,1.3679531202014,2023.0726476064,2023.22465753425,PQ295907|A/Antofagasta/25945/2023|H5N1|Chile-Antofagasta|2023-03-24|human|B3.2
907,183,0.172572465291383,-71.0492342269915,-38.6904038839989,-72.28213908,-38.70947038,1.52270277408025,1.35013030878887,2023.05482479498,2023.22739726027,EPI_ISL_18760073|A/chicken/Araucania/244469/2023|H5N1|Chile-Araucania|2023-03-25|domestic_avian|B3.2
757,446,0.224568770750782,-93.2149444511594,44.2236238641919,-93.8100507381272,44.9868199687471,1.52544250010761,1.30087372935683,2023.00556821555,2023.2301369863,EPI_ISL_17964919|A/red-tailed_hawk/Minnesota/23-010018-001/2023|H5N1|USA-MN|2023-03-26|wild_avian|B3.2
712,396,0.914018890388077,-144.029388440456,62.0459639417622,-126.497237195338,56.860317138973,1.52818222613496,0.614163335746888,2022.31885782194,2023.23287671233,PV319168|A/Striped_Skunk/BC/FAV-0173-1-2023/2023|H5N1|Canada-BC|2023-03-27|other_mammal|B3.2
962,175,0.185516261535053,-64.879739460775,-34.3732019792787,-61.92956,-33.73278,1.52818222613496,1.34266596459991,2023.04736045079,2023.23287671233,EPI_ISL_18698506|A/Chicken/Argentina/1200-1/2023|H5N1|Argentina-Santa_Fe|2023-03-27|domestic_avian|B3.2
825,77,0.406921427382609,-103.999502941652,41.2649016917078,-116.325717596554,43.2505761905159,1.53092195216232,1.12400052477971,2022.82869501097,2023.23561643836,EPI_ISL_17964927|A/great_horned_owl/Idaho/23-011169-003/2023|H5N1|USA-ID|2023-03-28|wild_avian|B3.2
828,79,0.203810717045894,-102.225676540322,40.1238253117538,-99.2055991499142,40.9240790127574,1.53640140421704,1.33259068717114,2023.03728517337,2023.24109589041,EPI_ISL_17821770|A/cat/Nebraska/23-010184-001/2023|H5N1|USA-NE|2023-03-30|feline|B3.2
709,471,0.136302259824371,-122.39071807549,37.411360337411,-122.329446736355,37.435384463775,1.53640140421704,1.40009914439267,2023.10479363059,2023.24109589041,EPI_ISL_17964933|A/peregrine_falcon/California/23-011277-001/2023|H5N1|USA-CA|2023-03-30|wild_avian|B3.2
673,542,0.0805475506089097,-71.5029821426971,42.3476085615142,-71.0759165049222,42.3182551650793,1.53640140421704,1.45585385360813,2023.1605483398,2023.24109589041,SRR29740507|A/canada_goose/Massachusetts/23-015884-019/2023||USA-MA|2023-03-30|wild_avian|B3.2
957,116,0.0767662060855807,-70.1555708365241,-32.2035069108913,-71.5108711481839,-33.5095500578324,1.53640140421704,1.45963519813146,2023.16432968433,2023.24109589041,EPI_ISL_19410286|A/turkey/Valparaiso/245886-5/2023|H5N1|Chile-Valparaiso|2023-03-30|domestic_avian|B3.2
737,462,0.60179827380551,-112.109925288149,39.4006917824218,-119.507632938307,40.1041242191514,1.53914113024462,0.937342856439112,2022.64203734263,2023.24383561644,EPI_ISL_17964944|A/red-tailed_hawk/Nevada/23-012114-001/2023|H5N1|USA-NV|2023-03-31|wild_avian|B3.2
894,110,0.313209721066195,-61.8315325014666,-33.4779939384674,-59.03253,-35.08456,1.53914113024462,1.22593140917843,2022.93062589537,2023.24383561644,EPI_ISL_18698507|A/Chicken/Argentina/1340-2/2023|H5N1|Argentina-Buenos_Aires|2023-03-31|domestic_avian|B3.2
917,186,0.204842311365726,-66.46206017215,-36.5479085198405,-58.67021,-27.39907,1.53914113024462,1.3342988188789,2023.03899330507,2023.24383561644,EPI_ISL_18698508|A/Turkey/Argentina/1348-3/2023|H5N1|Argentina-Corrientes|2023-03-31|domestic_avian|B3.2
925,153,0.130274667489987,-68.0782024507741,-38.9901553075365,-64.413895,-38.888405,1.54736030832669,1.41708564083671,2023.12178012703,2023.25205479452,EPI_ISL_18698510|A/Chicken/Argentina/1416-3/2023|H5N1|Argentina|2023-04-03|domestic_avian|B3.2
1071,297,0.685613578640381,-106.727888092282,53.621248374078,-92.4670001487699,42.5037679636307,1.55010003435405,0.86448645571367,2022.56918094191,2023.25479452055,EPI_ISL_17964923|A/American_crow/Iowa/23-010832-002/2023|H5N1|USA-IA|2023-04-04|wild_avian|B3.2
658,547,0.630198626355672,-80.4723943347471,48.0597270122269,-78.4844140337624,50.7905480044711,1.55010003435405,0.919901407998379,2022.62459589419,2023.25479452055,PV304152|A/Barred_Owl/QC/FAV-0248-1-2023/2023|H5N1|Canada-QC|2023-04-04|wild_avian|B3.2
930,931,0.0560093604830962,-44.1258810848566,-23.7391076966982,-43.6134827172142,-23.9960581561267,1.55155601723038,1.49554665674729,2023.20024114294,2023.25625050342,NA
715,403,0.35860975209876,-112.301254793883,47.2203514893129,-119.723412082571,59.8342370449696,1.55283976038141,1.19423000828265,2022.89892449448,2023.25753424658,PV301473|A/Striped_Skunk/AB/FAV-0188-1-2023/2023|H5N1|Canada-AB|2023-04-05|other_mammal|B3.2
982,114,0.190089255364196,-72.6624355422469,-37.6433751869134,-72.437085834453,-37.6973456930489,1.55831921243635,1.36822995707215,2023.07292444327,2023.26301369863,EPI_ISL_19418491|A/buff-necked_ibis/Bio_bio/247636-1/2023|H5N1|Chile-Biobio|2023-04-07|wild_avian|B3.2
908,184,0.157755959772755,-70.9031010942379,-35.2839773352422,-71.3682221437807,-35.7129089168312,1.55831921243635,1.4005632526636,2023.10525773886,2023.26301369863,EPI_ISL_19410280|A/chicken/Maule/247588-1/2023|H5N1|Chile-Maule|2023-04-07|domestic_avian|B3.2
931,932,0.00885903264328936,-43.6134827172142,-23.9960581561267,-42.827122472942,-24.4796997306965,1.56041504987367,1.55155601723038,2023.25625050342,2023.26510953607,NA
748,458,0.317917091981522,-105.029772271521,40.7067614866319,-105.10007397844,40.4148819650593,1.56653839051842,1.2486212985369,2022.95331578473,2023.27123287671,EPI_ISL_17964934|A/turkey_vulture/Colorado/23-011447-001/2023|H5N1|USA-CO|2023-04-10|wild_avian|B3.2
758,444,0.13836600985423,-92.9849063425553,41.4329535362068,-94.0184017718164,41.9718237578606,1.56653839051842,1.42817238066419,2023.13286686686,2023.27123287671,EPI_ISL_17964928|A/hawk/Iowa/23-011213-001/2023|H5N1|USA-IA|2023-04-10|wild_avian|B3.2
814,50,0.427146335870341,-93.2307587564866,41.0311669254953,-97.0237158108338,43.7598994052405,1.56927811654601,1.14213178067567,2022.84682626687,2023.27397260274,EPI_ISL_17964942|A/red-tailed_hawk/South_Dakota/23-012031-001/2023|H5N1|USA-SD|2023-04-11|wild_avian|B3.2
877,90,0.435336294148792,-76.6367470348966,-12.2092882628891,-77.744885,-10.7953673,1.57201784257337,1.13668154842457,2022.84137603462,2023.27671232877,EPI_ISL_17777533|A/peruvian_booby/Peru/LIM-INS-012/2023|H5N1|Peru-Lima|2023-04-12|wild_avian|B3.2
716,400,0.371903147457461,-113.520572069252,47.5435336868096,-111.336119628541,45.8259966983832,1.57201784257337,1.2001146951159,2022.90480918131,2023.27671232877,EPI_ISL_17964939|A/great_horned_owl/Montana/23-011850-001/2023|H5N1|USA-MT|2023-04-12|wild_avian|B3.2
964,156,0.203943051487625,-63.7625089106012,-38.3775829509639,-65.08174,-42.7996,1.57201784257337,1.36807479108574,2023.07276927728,2023.27671232877,EPI_ISL_18698511|A/Chicken/Argentina/1530-3/2023|H5N1|Argentina-Chubut|2023-04-12|domestic_avian|B3.2
662,532,0.487826644364559,-71.3634684007894,41.7108595137687,-73.4710483093904,42.4525666556759,1.57475756860072,1.08693092423616,2022.79162541043,2023.27945205479,EPI_ISL_17964945|A/red-shouldered_hawk/New_York/23-012563-001/2023|H5N1|USA-NY|2023-04-13|wild_avian|B3.2
744,441,0.2713718813794,-122.122710445509,43.6908437504572,-123.974596714134,43.0848395603761,1.57475756860072,1.30338568722132,2023.00808017342,2023.27945205479,EPI_ISL_17964941|A/sanderling/Oregon/23-011964-001/2023|H5N1|USA-OR|2023-04-13|wild_avian|B3.2
927,928,0.1847352570373,-54.4887653996169,-31.7848903942096,-56.1185012799346,-34.726388857804,1.58114744716213,1.39641219012483,2023.10110667632,2023.28584193336,NA
960,121,0.174817058706611,-63.4076685960581,-32.2894365665962,-56.6724,-34.5526,1.58297674668279,1.40815968797618,2023.11285417417,2023.28767123288,OR381660|A/Backyard_duck/Uruguay/124-M3/2023|H5N1|Uruguay-San_Jose|2023-04-16|domestic_avian|B3.2
1163,413,0.171320534035516,-105.353580031406,40.6968175874097,-111.35255204138,47.1716487539706,1.58297674668279,1.41165621264728,2023.11635069884,2023.28767123288,EPI_ISL_17964974|A/Cooper_s_hawk/Montana/23-016105-001/2023|H5N1|USA-MT|2023-04-16|wild_avian|B3.2
812,52,0.622861129473725,-98.4418101598461,44.2187986242271,-114.896529098535,56.9272633967707,1.58571647271038,0.962855343236655,2022.66754982943,2023.2904109589,PV318928|A/Striped_Skunk/AB/FAV-0188-2-2023/2023|H5N1|Canada-AB|2023-04-17|other_mammal|B3.2
902,193,0.369727222836888,-70.4193179129897,-38.1221819841167,-69.071,-45.326,1.58571647271038,1.21598924987349,2022.92068373607,2023.2904109589,EPI_ISL_19137653|A/Seagull/Sarmiento/1651-4/2023|H5N1|Argentina-Sarmiento|2023-04-17|wild_avian|B3.2
908,182,0.185153220046784,-70.9031010942379,-35.2839773352422,-72.18606,-51.51924,1.58571647271038,1.4005632526636,2023.10525773886,2023.2904109589,EPI_ISL_18698513|A/Turkey/Argentina/1710-1/2023|H5N1|Argentina-Santa_Cruz|2023-04-17|domestic_avian|B3.2
928,127,0.00456902554825334,-56.1185012799346,-34.726388857804,-56.129042927481,-34.7618779763655,1.58571647271038,1.58114744716213,2023.28584193336,2023.2904109589,OR381636|A/Backyard_chicken/Uruguay/127-M1/2023|H5N1|Uruguay-Montevideo|2023-04-17|domestic_avian|B3.2
928,128,0.00456902554825334,-56.1185012799346,-34.726388857804,-56.1117459734274,-34.7613136298374,1.58571647271038,1.58114744716213,2023.28584193336,2023.2904109589,OR381644|A/Backyard_chicken/Uruguay/127-M4/2023|H5N1|Uruguay-Montevideo|2023-04-17|domestic_avian|B3.2
1144,410,0.411235379487885,-106.947387538912,40.7344691403036,-116.266024312871,43.1806622520948,1.58845619873774,1.17722081924985,2022.88191530544,2023.29315068493,EPI_ISL_17964949|A/barn_owl/Idaho/23-013072-001/2023|H5N1|USA-ID|2023-04-18|wild_avian|B3.2
1122,358,0.233988525880539,-103.77244151598,41.6144890682257,-116.073789245994,43.1627368187897,1.58845619873774,1.3544676728572,2023.05916215905,2023.29315068493,EPI_ISL_17964950|A/barn_owl/Idaho/23-013072-002/2023|H5N1|USA-ID|2023-04-18|wild_avian|B3.2
932,934,0.0290459189408692,-42.827122472942,-24.4796997306965,-46.1065921625027,-24.6028848533823,1.58946096881454,1.56041504987367,2023.26510953607,2023.29415545501,NA
827,80,0.473131001120835,-104.902566700005,42.4479936422893,-105.131074832593,41.8806163894282,1.59119592476509,1.11806492364426,2022.82275940984,2023.29589041096,EPI_ISL_17964953|A/turkey_vulture/Wyoming/23-013715-001/2023|H5N1|USA-WY|2023-04-19|wild_avian|B3.2
759,452,0.413451119355124,-105.654734253093,42.9636989876883,-105.224545010237,42.7372790087116,1.59119592476509,1.17774480540997,2022.8824392916,2023.29589041096,EPI_ISL_17964946|A/turkey_vulture/Wyoming/23-012565-001/2023|H5N1|USA-WY|2023-04-19|wild_avian|B3.2
751,454,0.321153355660243,-112.237587800369,41.434263556872,-111.880917388508,41.9604289810202,1.59119592476509,1.27004256910485,2022.9747370553,2023.29589041096,EPI_ISL_17964947|A/turkey_vulture/Utah/23-012747-001/2023|H5N1|USA-UT|2023-04-19|wild_avian|B3.2
915,191,0.2667928149546,-72.0198128025192,-34.3691222060006,-68.778496,-34.10899,1.59119592476509,1.32440310981049,2023.029097596,2023.29589041096,EPI_ISL_18698512|A/Chicken/Argentina/1708-1/2023|H5N1|Argentina-Mendoza|2023-04-19|domestic_avian|B3.2
956,117,0.213135104568005,-66.0047293950899,-35.7705297840456,-58.25909,-28.36806,1.59119592476509,1.37806082019709,2023.08275530639,2023.29589041096,EPI_ISL_18698515|A/Duck/Argentina/1712-5/2023|H5N1|Argentina-Corrientes|2023-04-19|domestic_avian|B3.2
1039,199,0.314410510998802,-76.6013410701096,-12.9183678437837,-76.99026,-12.211929,1.59393565079245,1.27952513979365,2022.98421962599,2023.29863013699,EPI_ISL_19070288|A/Calidris_alba/Lima/Villa01/2023___this_|H5N1|Peru-Lima|2023-04-20|wild_avian|B3.2
641,513,0.314995582775313,-65.2153232258873,45.2505940333851,-63.276190634452,46.1458619049921,1.59667537681981,1.2816797940445,2022.98637428024,2023.30136986301,PV319312|A/Striped_Skunk/PE/FAV-0179-1-2023/2023|H5N1|Canada-PE|2023-04-21|other_mammal|B3.2
961,155,0.281921454556363,-61.7117682815093,-32.3620409530228,-60.5382244221528,-36.6894761012732,1.59667537681981,1.31475392226345,2023.01944840846,2023.30136986301,EPI_ISL_18698516|A/Avian/Argentina/1762-2/2023|H5N1|Argentina-Buenos_Aires|2023-04-21|wild_avian|B3.2
657,525,0.265794114251673,-92.8583618560755,37.9608926414012,-78.4045826333364,46.476757249735,1.59667537681981,1.33088126256814,2023.03557574876,2023.30136986301,PV321400|A/Turkey/QC/FAV-0168-3A-2023/2023|H5N1|Canada-QC|2023-04-21|domestic_avian|B3.2
925,154,0.187808914065402,-68.0782024507741,-38.9901553075365,-68.29917,-38.95667,1.60489455490211,1.41708564083671,2023.12178012703,2023.3095890411,EPI_ISL_18698517|A/Avian/Argentina/1790-5/2023|H5N1|Argentina|2023-04-24|wild_avian|B3.2
839,840,0.0946735355908255,-114.913523290628,42.0973513874205,-120.644061158076,44.3639079259084,1.60696823287235,1.51229469728153,2023.21698918348,2023.31166271907,NA
934,935,0.02428681308613,-46.1065921625027,-24.6028848533823,-48.0997772179948,-24.815221185129,1.61374778190067,1.58946096881454,2023.29415545501,2023.31844226809,NA
1053,281,0.657002606517339,-100.271475639609,36.9825651261823,-111.606683606283,41.7545875418762,1.61585345901177,0.958850852494427,2022.66354533869,2023.32054794521,EPI_ISL_17964960|A/turkey_vulture/Utah/23-014334-001/2023|H5N1|USA-UT|2023-04-28|wild_avian|B3.2
932,933,0.0574049919269439,-42.827122472942,-24.4796997306965,-40.1485985092435,-20.22244879933,1.61782004180062,1.56041504987367,2023.26510953607,2023.32251452799,NA
959,123,0.260548191884387,-62.5622362759139,-31.4645027710387,-59.02865,-27.41668,1.62407263709384,1.36352444520945,2023.0682189314,2023.32876712329,EPI_ISL_18698518|A/Chicken/Argentina/1976-2/2023|H5N1|Argentina-Chaco|2023-05-01|domestic_avian|B3.2
1056,278,0.609839254055491,-73.5582523256048,12.7602832223969,-94.5223842569449,54.8998916326076,1.6268123631212,1.0169731090657,2022.72166759526,2023.33150684932,PV317808|A/Snow_Goose/MB/FAV-0258-2-2023/2023|H5N1|Canada-MB|2023-05-02|wild_avian|B3.2
896,103,0.326311568057203,-58.4345093416787,-32.8389680075273,-54.0993,-33.69,1.62955208914855,1.30324052109135,2023.00793500729,2023.33424657534,OR381652|A/Backyard_chicken/Uruguay/144-M3/2023|H5N1|Uruguay-Rocha|2023-05-03|domestic_avian|B3.2
909,181,0.259802411752862,-67.9362127831509,-39.7806197197232,-58.265809,-25.36837,1.62955208914855,1.36974967739569,2023.07444416359,2023.33424657534,EPI_ISL_18698732|A/Chicken/Argentina/2016-2/2023|H5N1|Argentina-Formosa|2023-05-03|domestic_avian|B3.2
893,102,0.427242157255967,-65.2846118054601,-28.3852716065806,-58.89526,-34.49607,1.63229181517614,1.20504965792017,2022.90974414411,2023.33698630137,EPI_ISL_18698519|A/Chicken/Argentina/1984-4/2023|H5N1|Argentina-Buenos_Aires|2023-05-04|domestic_avian|B3.2
914,190,0.304567930138587,-68.0809887019158,-39.0216394356319,-68.32124,-38.97202,1.63503154120349,1.33046361106491,2023.03515809726,2023.3397260274,EPI_ISL_18698520|A/Chicken/Argentina/2034-5/2023|H5N1|Argentina-Neuquen|2023-05-05|domestic_avian|B3.2
1121,360,0.414028376247154,-102.26221299441,41.7924660532467,-110.272786018097,51.2937598009582,1.65420962339522,1.24018124714807,2022.94487573334,2023.35890410959,PV318944|A/Striped_Skunk/AB/FAV-0272-2-2023/2023|H5N1|Canada-AB|2023-05-12|other_mammal|B3.2
1157,423,0.292693960451575,-111.5440373406,42.8647570158406,-104.630914935523,39.8549764997938,1.65420962339522,1.36151566294365,2023.06621014914,2023.35890410959,EPI_ISL_19490439|A/ferruginous_hawk/Colorado/23-015630-001-original/2023|H5N1|USA-CO|2023-05-12|wild_avian|B3.2
930,129,0.16688214473001,-44.1258810848566,-23.7391076966982,-40.35964,-20.33124,1.6624288014773,1.49554665674729,2023.20024114294,2023.36712328767,OR269887|A/Thalasseus_acuflavidus/EspiritoSanto/1339_N2/2023|H5N1|Brazil-ES|2023-05-15|wild_avian|B3.2
1014,1015,0.239114903035825,-65.6406868281832,-25.9324830347509,-60.5610227570233,-32.9691083461351,1.66898972568514,1.42987482264932,2023.13456930884,2023.37368421188,NA
919,112,0.407854879038061,-60.1828580323492,-32.184768434123,-60.41444,-31.99194,1.6706479795596,1.26279310052153,2022.96748758672,2023.37534246575,EPI_ISL_18698524|A/Chicken/Argentina/2305-1/2023|H5N1|Argentina-Entre_Rios|2023-05-18|domestic_avian|B3.2
1015,1016,0.00386596538408202,-60.5610227570233,-32.9691083461351,-59.0490660459455,-33.2917138995303,1.67285569106922,1.66898972568514,2023.37368421188,2023.37755017726,NA
1159,416,0.697652644962539,-112.92518300972,45.6020375024167,-111.165841174044,43.2553095015112,1.67612743161431,0.978474786651771,2022.68316927285,2023.38082191781,EPI_ISL_17964981|A/great_horned_owl/Idaho/23-017158-001/2023|H5N1|USA-ID|2023-05-20|wild_avian|B3.2
721,407,0.673035577275944,-151.222419357724,63.4056314897918,-120.111397302795,52.464932226088,1.68434660969661,1.01131103242067,2022.71600551861,2023.38904109589,EPI_ISL_18665595|A/Cooper_s_Hawk/BC/AIVPHL-1125/2023|H5N1|Canada-BC|2023-05-23|wild_avian|B3.2
933,131,0.074745745978066,-40.1485985092435,-20.22244879933,-40.2694,-20.1544,1.69256578777868,1.61782004180062,2023.32251452799,2023.39726027397,OR853704|A/Megascops_choliba/Serra/1409-N/2023|H5N1|Brazil-ES|2023-05-26|wild_avian|B3.2
935,936,0.0801243368333502,-48.0997772179948,-24.815221185129,-48.1011930117483,-24.8601575451917,1.69387211873402,1.61374778190067,2023.31844226809,2023.39856660493,NA
840,841,0.0934458918800649,-120.644061158076,44.3639079259084,-120.843403681002,46.6850566889116,1.70041412475242,1.60696823287235,2023.31166271907,2023.40510861095,NA
934,132,0.125022627183455,-46.1065921625027,-24.6028848533823,-43.06116,-22.95947,1.714483595998,1.58946096881454,2023.29415545501,2023.41917808219,OR420092|A/Fregata_magnificens/RJ/1532-N/2023|H5N1|Brazil-RJ|2023-06-03|wild_avian|B3.2
936,937,0.0225534477645555,-48.1011930117483,-24.8601575451917,-47.8691932834505,-25.3129598360988,1.71642556649858,1.69387211873402,2023.39856660493,2023.42112005269,NA
838,67,0.337123595950282,-122.760667518663,47.3855547715194,-122.68089594042,52.4740622765406,1.71996304805271,1.38283945210243,2023.0875339383,2023.42465753425,PV315624|A/Peregrine_Falcon/BC/FAV-0256-2-2023/2023|H5N1|Canada-BC|2023-06-05|wild_avian|B3.2
931,150,0.168407030822328,-43.6134827172142,-23.9960581561267,-45.074222,-23.431739,1.71996304805271,1.55155601723038,2023.25625050342,2023.42465753425,OR853751|A/Thalasseus_maximus/Ubatuba/1546-N/2023|H5N1|Brazil-SP|2023-06-05|wild_avian|B3.2
891,195,0.330646731941884,-65.8089878561311,-18.527669867645,-65.7563898683942,-18.540306116883,1.72270277408007,1.39205604213818,2023.09675052833,2023.42739726027,EPI_ISL_19410299|A/chicken/Potosi/39870/2023|H5N1|Bolivia-Potosi|2023-06-06|domestic_avian|B3.2
929,151,0.282797631639675,-45.0029341915118,-22.6126177767955,-40.941583,-20.99954,1.72544250010765,1.44264486846798,2023.14733935466,2023.4301369863,OR889491|A/Buteogallus_urubitinga/Itapemirim/1630-SC/2023|H5N1|Brazil-ES|2023-06-07|wild_avian|B3.2
952,126,0.307519510483974,-57.5447423864908,-33.6776056324003,-57.947197,-35.089,1.74188085627202,1.43436134578805,2023.13905583198,2023.44657534247,EPI_ISL_18698527|A/Chicken/Argentina/2796-2/2023|H5N1|Argentina-Buenos_Aires|2023-06-13|domestic_avian|B3.2
839,61,0.23506561104521,-114.913523290628,42.0973513874205,-121.401849516435,45.5213861627343,1.74736030832674,1.51229469728153,2023.21698918348,2023.45205479452,EPI_ISL_18311015|A/Caspian_tern/Oregon/23-018836-002/2023|H5N1|USA-OR|2023-06-15|wild_avian|B3.2
840,62,0.140392075454385,-120.644061158076,44.3639079259084,-121.548925926705,45.1194893799256,1.74736030832674,1.60696823287235,2023.31166271907,2023.45205479452,EPI_ISL_18311014|A/Caspian_tern/Oregon/23-018836-001/2023|H5N1|USA-OR|2023-06-15|wild_avian|B3.2
841,842,0.0521146633467664,-120.843403681002,46.6850566889116,-121.121120232455,47.1207537191586,1.75252878809919,1.70041412475242,2023.40510861095,2023.45722327429,NA
937,946,0.0447272456991299,-47.8691932834505,-25.3129598360988,-49.5259260749306,-23.4161989992112,1.76115281219771,1.71642556649858,2023.42112005269,2023.46584729839,NA
933,130,0.145978622690495,-40.1485985092435,-20.22244879933,-40.279514,-20.363252,1.76379866449111,1.61782004180062,2023.32251452799,2023.46849315068,EPI_ISL_18130622|A/Thalasseus_acuflavidus/Brazil-ES/23ES1A0009/2023|H5N1|Brazil-ES|2023-06-21|wild_avian|B3.2
936,133,0.0754059978118045,-48.1011930117483,-24.8601575451917,-48.692789,-25.460489,1.76927811654583,1.69387211873402,2023.39856660493,2023.47397260274,OR878088|A/Thalasseus_maximus/Antonina/1775-N/2023|H5N1|Brazil-PR|2023-06-23|wild_avian|B3.2
842,843,0.0267644396736655,-121.121120232455,47.1207537191586,-120.245001611808,48.7126289808591,1.77929322777285,1.75252878809919,2023.45722327429,2023.48398771397,NA
946,950,0.0357650142001193,-49.5259260749306,-23.4161989992112,-48.8208354273213,-25.6305624210905,1.79691782639783,1.76115281219771,2023.46584729839,2023.50161231259,NA
952,125,0.370533209114104,-57.5447423864908,-33.6776056324003,-59.44938,-24.75241,1.80489455490215,1.43436134578805,2023.13905583198,2023.5095890411,EPI_ISL_18698528|A/Chicken/Argentina/3346-1/2023|H5N1|Argentina-Formosa|2023-07-06|domestic_avian|B3.2
843,63,0.0392999572660897,-120.245001611808,48.7126289808591,-123.702860328608,47.6878047898638,1.81859318503894,1.77929322777285,2023.48398771397,2023.52328767123,EPI_ISL_18311017|A/Caspian_tern/Washington/23-021119-003/2023|H5N1|USA-WA|2023-07-11|wild_avian|B3.2
762,437,0.659440529065817,-123.319910890372,50.5618367999273,-122.175267654416,49.3023987433867,1.82681236312124,1.16737183405542,2022.87206632025,2023.53150684932,EPI_ISL_18665601|A/Dunlin/BC/AIVPHL-1221/2023|H5N1|Canada-BC|2023-07-14|wild_avian|B3.2
1016,1017,0.154078967232266,-59.0490660459455,-33.2917138995303,-64.0261495213707,-43.1776023114455,1.82693465830149,1.67285569106922,2023.37755017726,2023.5316291445,NA
896,104,0.526311568057249,-58.4345093416787,-32.8389680075273,-49.4211,-28.8211,1.8295520891486,1.30324052109135,2023.00793500729,2023.53424657534,OR881253|A/Numida_meleagris/Maracaja/1843-N3/2023|H5N1|Brazil-SC|2023-07-15|domestic_avian|B3.2
1017,1020,0.0132121415212025,-64.0261495213707,-43.1776023114455,-64.0574205018469,-43.1735751331531,1.84014679982269,1.82693465830149,2023.5316291445,2023.54484128602,NA
1016,1022,0.168758078098313,-59.0490660459455,-33.2917138995303,-53.49431829357,-38.8668266178794,1.84161376916754,1.67285569106922,2023.37755017726,2023.54630825536,NA
1017,1018,0.016573029041526,-64.0261495213707,-43.1776023114455,-64.1095982135157,-38.84384461984,1.84350768734302,1.82693465830149,2023.5316291445,2023.54820217354,NA
946,947,0.0873350424737647,-49.5259260749306,-23.4161989992112,-50.7307624380486,-24.7372281399391,1.84848785467147,1.76115281219771,2023.46584729839,2023.55318234087,NA
1022,1026,0.0122411809927099,-53.49431829357,-38.8668266178794,-52.4207790818928,-36.7047967274444,1.85385495016025,1.84161376916754,2023.54630825536,2023.55854943635,NA
780,29,0.934096286386879,-119.415227224523,50.9653699352886,-118.973297575522,49.9765847637567,1.85420962339527,0.92011333700839,2022.6248078232,2023.55890410959,EPI_ISL_18665611|A/Barred_Owl/BC/AIVPHL-1238/2023|H5N1|Canada-BC|2023-07-24|wild_avian|B3.2
885,93,0.412844502227804,-76.041563454711,-12.3935739735492,-77.1566207043565,-11.828920314605,1.85420962339527,1.44136512116746,2023.14605960736,2023.55890410959,EPI_ISL_18217104|A/duck/Peru/CAL-INS-013/2023|H5N1|Peru-Callao|2023-07-24|domestic_avian|B3.2
950,134,0.0600315230248005,-48.8208354273213,-25.6305624210905,-48.5147336,-25.7751123,1.85694934942263,1.79691782639783,2023.50161231259,2023.56164383562,EPI_ISL_18975372|A/Sula_leucogaster/Brazil-PR/A0001-IBTEC/2023|H5N1|Brazil-PR|2023-07-25|wild_avian|B3.2
954,119,0.558912735056762,-66.7572300070688,-32.8005183956058,-64.973,-25.496,1.85968907544998,1.30077634039322,2023.00547082659,2023.56438356164,EPI_ISL_18698529|A/Chicken/Argentina/3657-2/2023|H5N1|Argentina-Salta|2023-07-26|domestic_avian|B3.2
1018,1019,0.0170870767425051,-64.1095982135157,-38.84384461984,-61.9156897301533,-40.3634560984755,1.86059476408552,1.84350768734302,2023.54820217354,2023.56528925028,NA
960,120,0.454269113501157,-63.4076685960581,-32.2894365665962,-63.7681174560453,-32.1096681991443,1.86242880147734,1.40815968797618,2023.11285417417,2023.56712328767,EPI_ISL_18698530|A/Chicken/Argentina/3695-3/2023|H5N1|Argentina-Cordoba|2023-07-27|domestic_avian|B3.2
1022,1023,0.026890303250581,-53.49431829357,-38.8668266178794,-49.1302191358141,-37.0553537550974,1.86850407241812,1.84161376916754,2023.54630825536,2023.57319855861,NA
842,64,0.120858917487813,-121.121120232455,47.1207537191586,-121.798368539873,47.0028024679263,1.873387705587,1.75252878809919,2023.45722327429,2023.57808219178,EPI_ISL_18311018|A/Caspian_tern/Washington/23-023703-001/2023|H5N1|USA-WA|2023-07-31|wild_avian|B3.2
964,965,0.509911435567872,-63.7625089106012,-38.3775829509639,-54.424767450775,-47.8844522279628,1.87798622665361,1.36807479108574,2023.07276927728,2023.58268071285,NA
1026,1027,0.0317940327669466,-52.4207790818928,-36.7047967274444,-52.1658764950147,-35.9719320873219,1.88564898292719,1.85385495016025,2023.55854943635,2023.59034346912,NA
1027,1028,0.00225478090436537,-52.1658764950147,-35.9719320873219,-52.8885676210736,-35.1448032942639,1.88790376383156,1.88564898292719,2023.59034346912,2023.59259825003,NA
1028,1029,0.00013805901541275,-52.8885676210736,-35.1448032942639,-52.9214291762326,-34.985394492685,1.88804182284697,1.88790376383156,2023.59259825003,2023.59273630904,NA
937,938,0.172817651965518,-47.8691932834505,-25.3129598360988,-47.1510268574837,-25.0443152356087,1.8892432184641,1.71642556649858,2023.42112005269,2023.59393770466,NA
947,948,0.041156819158974,-50.7307624380486,-24.7372281399391,-50.7794553995478,-24.6987027905386,1.88964467383045,1.84848785467147,2023.55318234087,2023.59433916002,NA
965,978,0.0143254034273979,-54.424767450775,-47.8844522279628,-53.1369558539056,-49.1782925812936,1.89231163008101,1.87798622665361,2023.58268071285,2023.59700611627,NA
1015,215,0.226315788120943,-60.5610227570233,-32.9691083461351,-67.80045,-53.71557,1.89530551380608,1.66898972568514,2023.37368421188,2023.6,EPI_ISL_18698754|A/Sea_Lion/Argentina/3849-4/2023|H5N1|Argentina-Tierra_del_Fuego|2023-08-08|other_mammal|B3.2
1020,1021,0.0600571983492195,-64.0574205018469,-43.1735751331531,-65.8572837107573,-42.9449650291998,1.90020399817191,1.84014679982269,2023.54484128602,2023.60489848437,NA
843,65,0.124231464115533,-120.245001611808,48.7126289808591,-123.517260762914,47.722221738788,1.90352469188838,1.77929322777285,2023.48398771397,2023.60821917808,PQ710577|A/Glaucous_Gull/WA/23-025001-003-original/2023|H5N1|USA-WA|2023-08-11|wild_avian|B3.2
1019,219,0.042929927802863,-61.9156897301533,-40.3634560984755,-63.1613,-41.15491,1.90352469188838,1.86059476408552,2023.56528925028,2023.60821917808,EPI_ISL_18698755|A/Sea_Lion/Argentina/3893-1/2023|H5N1|Argentina-Rio_Negro|2023-08-11|other_mammal|B3.2
841,66,0.20859001919068,-120.843403681002,46.6850566889116,-123.570211673566,47.6345051371572,1.9090041439431,1.70041412475242,2023.40510861095,2023.61369863014,EPI_ISL_18731638|A/harbor_seal/Washington/23-027069-002/2023|H5N1|USA-WA|2023-08-13|other_mammal|B3.2
1028,1033,0.0258853972972013,-52.8885676210736,-35.1448032942639,-53.4772122270905,-34.5757041053733,1.91378916112876,1.88790376383156,2023.59259825003,2023.61848364732,NA
1029,1032,0.0272675718450071,-52.9214291762326,-34.985394492685,-52.5489277404911,-35.3326558766954,1.91530939469198,1.88804182284697,2023.59273630904,2023.62000388089,NA
1033,1034,0.0209763096701288,-53.4772122270905,-34.5757041053733,-53.513649849867,-34.1716352636313,1.93476547079889,1.91378916112876,2023.61848364732,2023.63945995699,NA
978,979,0.0437141237035312,-53.1369558539056,-49.1782925812936,-51.5279343418672,-49.3818969922899,1.93602575378454,1.89231163008101,2023.59700611627,2023.64072023998,NA
938,944,0.0476400173594396,-47.1510268574837,-25.0443152356087,-47.9421534588411,-25.1668871340211,1.93688323582353,1.8892432184641,2023.59393770466,2023.64157772202,NA
1029,1030,0.0504352734080522,-52.9214291762326,-34.985394492685,-56.9026621184467,-35.2705325520796,1.93847709625502,1.88804182284697,2023.59273630904,2023.64317158245,NA
1023,1024,0.0704834840637478,-49.1302191358141,-37.0553537550974,-52.5540906268519,-37.0882981749614,1.93898755648187,1.86850407241812,2023.57319855861,2023.64368204268,NA
1030,1031,0.0033940869748339,-56.9026621184467,-35.2705325520796,-56.4948422647852,-34.4567850651328,1.94187118322986,1.93847709625502,2023.64317158245,2023.64656566942,NA
1018,221,0.101112894956411,-64.1095982135157,-38.84384461984,-63.1323,-41.1558,1.94462058229943,1.84350768734302,2023.54820217354,2023.64931506849,OR987084|A/South_American_sea_lion/Argentina/RN-PB004/2023|H5N1|Argentina-Rio_Negro|2023-08-26|other_mammal|B3.2
965,966,0.0828501130390409,-54.424767450775,-47.8844522279628,-40.3005282035895,-54.1432162941915,1.96083633969265,1.87798622665361,2023.58268071285,2023.66553082589,NA
1031,231,0.0328863853707284,-56.4948422647852,-34.4567850651328,-54.9321581985045,-34.9154498175494,1.97475756860059,1.94187118322986,2023.64656566942,2023.67945205479,OR912354|A/pinniped/Uruguay/P4_6923/2023|H5N1|Uruguay-Maldonado|2023-09-06|other_mammal|B3.2
1034,232,0.0454715498566394,-53.513649849867,-34.1716352636313,-54.0908758366807,-34.5482809077639,1.98023702065553,1.93476547079889,2023.63945995699,2023.68493150685,OR912285|A/pinniped/Uruguay/P8_8923/2023|H5N1|Uruguay-Rocha|2023-09-08|other_mammal|B3.2
1031,228,0.0383658374256706,-56.4948422647852,-34.4567850651328,-56.2794711365344,-34.5405497257299,1.98023702065553,1.94187118322986,2023.64656566942,2023.68493150685,OR912286|A/pinniped/Uruguay/P10_8923/2023|H5N1|Uruguay-Rocha|2023-09-08|other_mammal|B3.2
1030,230,0.0499791024825766,-56.9026621184467,-35.2705325520796,-56.3007334490503,-34.5169535456196,1.9884561987376,1.93847709625502,2023.64317158245,2023.69315068493,OR912287|A/pinniped/Uruguay/P13_11923/2023|H5N1|Uruguay-Canelones|2023-09-11|other_mammal|B3.2
1023,222,0.128171304401782,-49.1302191358141,-37.0553537550974,-53.9211473734061,-34.4041663661045,1.9966753768199,1.86850407241812,2023.57319855861,2023.70136986301,OR912292|A/pinniped/Uruguay/P18_14923/2023|H5N1|Uruguay-Rocha|2023-09-14|other_mammal|B3.2
1027,229,0.111026393892707,-52.1658764950147,-35.9719320873219,-55.0613062883995,-34.4842070798291,1.9966753768199,1.88564898292719,2023.59034346912,2023.70136986301,OR912291|A/pinniped/Uruguay/P17_14923/2023|H5N1|Uruguay-Isla_de_Lobos|2023-09-14|other_mammal|B3.2
1032,227,0.103283790347008,-52.5489277404911,-35.3326558766954,-56.526019,-21.183888,2.01859318503899,1.91530939469198,2023.62000388089,2023.72328767123,OR839997|A/Gallus_gallus/Bonito/2108-SN52/2023|H5N1|Brazil-MS|2023-09-22|domestic_avian|B3.2
935,149,0.413064581220615,-48.0997772179948,-24.815221185129,-48.608717,-26.184561,2.02681236312129,1.61374778190067,2023.31844226809,2023.73150684932,OR860361|A/Thalasseus_maximus/Itapoa/1941-N/2023|H5N1|Brazil-SC|2023-09-25|wild_avian|B3.2
882,96,0.806282183923976,-81.9926635740923,-6.26145621542447,-80.4555230321687,-6.245268256963,2.02955208914864,1.22326990522467,2022.92796439142,2023.73424657534,EPI_ISL_18497946|A/duck/Peru/LAM-INS-014/2023|H5N1|Peru-Lambayeque|2023-09-26|domestic_avian|B3.2
950,139,0.235373988778175,-48.8208354273213,-25.6305624210905,-48.588686,-26.216361,2.032291815176,1.79691782639783,2023.50161231259,2023.73698630137,OR857851|A/Sula_leucogaster/Sao_Francisco_do_Sul/2122-N/2023|H5N1|Brazil-SC|2023-09-27|wild_avian|B3.2
1032,226,0.133420776648394,-52.5489277404911,-35.3326558766954,-52.13725,-32.174091,2.04873017134037,1.91530939469198,2023.62000388089,2023.75342465753,OR844540|A/Otaria_flavescens/Rio_Grande/2148-N/2023|H5N1|Brazil-RS|2023-10-03|other_mammal|B3.2
1033,234,0.13768073623897,-53.4772122270905,-34.5757041053733,-53.9161124867956,-34.3276578180879,2.05146989736773,1.91378916112876,2023.61848364732,2023.75616438356,OR912362|A/seabird/Uruguay/P23_41023/2023|H5N1|Uruguay-Rocha|2023-10-04|wild_avian|B3.2
1034,233,0.116704426568841,-53.513649849867,-34.1716352636313,-53.7872609916586,-34.1839080890752,2.05146989736773,1.93476547079889,2023.63945995699,2023.75616438356,OR912294|A/seabird/Uruguay/P25_41023/2023|H5N1|Uruguay-Rocha|2023-10-04|wild_avian|B3.2
979,174,0.126403047692845,-51.5279343418672,-49.3818969922899,-38.047372,-54.006334,2.06242880147739,1.93602575378454,2023.64072023998,2023.76712328767,EPI_ISL_18439563|A/Brown_skua/Bird_Island/128288/2023|H5N1|Antarctica-Bird_Island|2023-10-08|wild_avian|B3.2
1026,235,0.214053303371855,-52.4207790818928,-36.7047967274444,-63.6479302253139,-42.7488809726225,2.0679082535321,1.85385495016025,2023.55854943635,2023.77260273973,PP488337|A/royal_tern/Argentina/CH-PD036/2023|H5N1|Argentina|2023-10-10|wild_avian|B3.2
1021,216,0.167704255360189,-65.8572837107573,-42.9449650291998,-63.62752213092,-42.7392233070609,2.0679082535321,1.90020399817191,2023.60489848437,2023.77260273973,PP488329|A/South_American_tern/Argentina/CH-PD030/2023|H5N1|Argentina|2023-10-10|wild_avian|B3.2
947,138,0.22763957694293,-50.7307624380486,-24.7372281399391,-51.949222,-32.011622,2.0761274316144,1.84848785467147,2023.55318234087,2023.78082191781,PP390166|A/Thalasseus_maximus/RioGrandeSul/2177-N/2023|H5N1|Brazil-RS|2023-10-13|wild_avian|B3.2
966,973,0.127294216782108,-40.3005282035895,-54.1432162941915,-38.8505643486239,-54.7163143206001,2.08813055647476,1.96083633969265,2023.66553082589,2023.79282504267,NA
1146,429,1.19782433451547,-104.440807419598,42.1203238902815,-111.347864922595,50.1442213790991,2.1117438699705,0.913919535455027,2022.61861402165,2023.81643835616,PV312592|A/Great_Horned_Owl/AB/FAV-0023-1-2024/2023|H5N1|Canada-AB|2023-10-26|wild_avian|B3.2
978,170,0.230391143999148,-53.1369558539056,-49.1782925812936,-36.253215,-54.381069,2.12270277408016,1.89231163008101,2023.59700611627,2023.82739726027,EPI_ISL_18592428|A/Brown_Skua/Hound_Bay/133947/2023|H5N1|Antarctica-Hound_Bay|2023-10-30|wild_avian|B3.2
944,945,0.187078300961043,-47.9421534588411,-25.1668871340211,-45.4085619910636,-25.0944298255272,2.12396153678458,1.93688323582353,2023.64157772202,2023.82865602298,NA
973,164,0.045531121715054,-38.8505643486239,-54.7163143206001,-36.6345639,-54.2786831,2.13366167818982,2.08813055647476,2023.79282504267,2023.83835616438,EPI_ISL_18592427|A/Kelp_Gull/Harpon_Bay/133943/2023|H5N1|Antarctica-Harpon_Bay|2023-11-03|wild_avian|B3.2
948,949,0.244037125629142,-50.7794553995478,-24.6987027905386,-46.3156874010596,-25.323734938326,2.13368179945959,1.88964467383045,2023.59433916002,2023.83837628565,NA
979,980,0.199614013186554,-51.5279343418672,-49.3818969922899,-36.9805394661915,-54.2577913077676,2.1356397669711,1.93602575378454,2023.64072023998,2023.84033425316,NA
944,140,0.210477072503296,-47.9421534588411,-25.1668871340211,-45.991416,-23.791761,2.14736030832683,1.93688323582353,2023.64157772202,2023.85205479452,PP768660|A/Pluvialis_dominica/BertiogaBR/2252-N/2023|H5N1|Brazil-SP|2023-11-08|wild_avian|B3.2
949,136,0.0164182348946005,-46.3156874010596,-25.323734938326,-48.61598,-26.792738,2.15010003435419,2.13368179945959,2023.83837628565,2023.85479452055,PP769614|A/Sterna_hirundo/PenhaBR/2261-N/2023|H5N1|Brazil-SC|2023-11-09|wild_avian|B3.2
949,135,0.0191579609219579,-46.3156874010596,-25.323734938326,-45.194599,-23.519727,2.15283976038155,2.13368179945959,2023.83837628565,2023.85753424658,EPI_ISL_19215190|A/Procellaria_aequinoctialis/Sao_Paulo/2271-N/2023|H5N1|Brazil-SP|2023-11-10|wild_avian|B3.2
938,939,0.27042851974974,-47.1510268574837,-25.0443152356087,-44.8846229219672,-24.8384033541706,2.15967173821384,1.8892432184641,2023.59393770466,2023.86436622441,NA
1019,220,0.303203900405681,-61.9156897301533,-40.3634560984755,-57.8572918,-51.693946,2.1637986644912,1.86059476408552,2023.56528925028,2023.86849315069,EPI_ISL_18918640|A/Southern_Fulmar/Falkland_Islands/138870/2023|H5N1|UK-Falkland_Islands|2023-11-14|wild_avian|B3.2
948,137,0.274153990660757,-50.7794553995478,-24.6987027905386,-48.538417,-25.8095,2.1637986644912,1.88964467383045,2023.59433916002,2023.86849315069,PP776752|A/Thalasseus_acuflavidus/MatinhosBR/2277-N/2023|H5N1|Brazil-PR|2023-11-14|wild_avian|B3.2
980,981,0.0545486287496315,-36.9805394661915,-54.2577913077676,-36.4637086980006,-54.2942730083535,2.19018839572073,2.1356397669711,2023.84033425316,2023.89488288191,NA
981,173,0.00922670712657503,-36.4637086980006,-54.2942730083535,-36.50872,-54.28349368,2.1994151028473,2.19018839572073,2023.89488288191,2023.90410958904,EPI_ISL_18742219|A/South_Georgia_Shag/King_Edward_Cove/141245/2023|H5N1|Antarctica-King_Edward_Cove|2023-11-27|wild_avian|B3.2
973,974,0.124909019377668,-38.8505643486239,-54.7163143206001,-51.9849845022417,-54.5491740776387,2.21303957585243,2.08813055647476,2023.79282504267,2023.91773406205,NA
981,172,0.0338842413730189,-36.4637086980006,-54.2942730083535,-36.496137,-54.283859,2.22407263709375,2.19018839572073,2023.89488288191,2023.92876712329,EPI_ISL_18742220|A/Antarctic_tern/King_Edward_Point/141271/2023|H5N1|Antarctica-King_Edward_Point|2023-12-06|wild_avian|B3.2
980,171,0.09665204820495,-36.9805394661915,-54.2577913077676,-36.589597,-54.1998934,2.23229181517605,2.1356397669711,2023.84033425316,2023.93698630137,EPI_ISL_18742212|A/Antarctic_Fur_Seal/Jason_Harbour/141037/2023|H5N1|Antarctica-Jason_Harbour|2023-12-09|other_mammal|B3.2
945,141,0.119289182501126,-45.4085619910636,-25.0944298255272,-46.42023056,-24.00714444,2.2432507192857,2.12396153678458,2023.82865602298,2023.94794520548,PP778505|A/Thalasseus_maximus/PraiaGrandeBR/2339-N/2023|H5N1|Brazil-SP|2023-12-13|wild_avian|B3.2
1108,348,1.02786859518299,-88.2058854483819,37.4991725908012,-88.0648304248985,37.5728888279761,2.26790825353215,1.24003965834916,2022.94473414454,2023.97260273973,PQ715601|A/Red-shouldered_hawk/KY/23-006092-002-original/2023|H5N1|USA-KY|2023-12-22|wild_avian|B3.2
939,940,0.113093890282296,-44.8846229219672,-24.8384033541706,-39.749401124752,-23.7713203710855,2.27276562849613,2.15967173821384,2023.86436622441,2023.97746011469,NA
1020,218,0.433240905764397,-64.0574205018469,-43.1735751331531,-71.2494601233471,-43.6993626791745,2.27338770558709,1.84014679982269,2023.54484128602,2023.97808219178,EPI_ISL_19823065|A/Southamerican_tern/Argentina/267-2/2023|H5N1|Argentina-Chubut|2023-12-24|wild_avian|B3.2
940,941,0.0346458431779997,-39.749401124752,-23.7713203710855,-40.9999327172738,-21.3813806429276,2.30741147167413,2.27276562849613,2023.97746011469,2024.01210595787,NA
941,942,0.00507642758576399,-40.9999327172738,-21.3813806429276,-41.0757557573271,-21.3909628841503,2.3124878992599,2.30741147167413,2024.01210595787,2024.01718238545,NA
1021,217,0.414227198694374,-65.8572837107573,-42.9449650291998,-59.9111,-62.5902,2.31443119686629,1.90020399817191,2023.60489848437,2024.01912568306,EPI_ISL_19589149|A/kelp_gull/Antartica/O2601-CL/2024|H5N1|Antarctica-South_Shetlands_Islands|2024-01-08|wild_avian|B3.2
810,55,1.37939490532544,-95.3971840301267,39.7889830345325,-120.414278653224,36.3447788675074,2.34175360123778,0.962358695912337,2022.66705318211,2024.04644808743,SRR28834929|A/Snow_Goose/CA/24-004881-004-original/2024|H5N1|USA-CA|2024-01-18|wild_avian|B3.2
1122,359,0.987285928380577,-103.77244151598,41.6144890682257,-120.327512686021,41.5346542622332,2.34175360123778,1.3544676728572,2023.05916215905,2024.04644808743,SRR28834940|A/Snow_Goose/CA/24-004881-002-original/2024|H5N1|USA-CA|2024-01-18|wild_avian|B3.2
974,975,0.130153065890354,-51.9849845022417,-54.5491740776387,-57.5544249978976,-61.071127608032,2.34319264174278,2.21303957585243,2023.91773406205,2024.04788712794,NA
940,943,0.0937128082483785,-39.749401124752,-23.7713203710855,-40.5156481953007,-22.6583969416183,2.36647843674451,2.27276562849613,2023.97746011469,2024.07117292294,NA
975,976,0.0284522200498087,-57.5544249978976,-61.071127608032,-57.8907657200744,-61.4915358352304,2.37164486179259,2.34319264174278,2024.04788712794,2024.07633934799,NA
941,143,0.075325736121219,-40.9999327172738,-21.3813806429276,-40.780175,-20.906211,2.38273720779535,2.30741147167413,2024.01210595787,2024.08743169399,PP779060|A/Sterna_hirundo/ItapemirimBR/0155-N/2024|H5N1|Brazil-ES|2024-02-02|wild_avian|B3.2
939,148,0.242191152641625,-44.8846229219672,-24.8384033541706,-41.744273,-22.341605,2.40186289085546,2.15967173821384,2023.86436622441,2024.10655737705,PP779933|A/Sterna_hirundo/MacaeBR/0177-N/2024|H5N1|Brazil-RJ|2024-02-09|wild_avian|B3.2
735,464,1.47937522445513,-133.550162602226,54.4226721430047,-130.315836005713,59.6706110650149,2.42098857391557,0.94161334946044,2022.64630783565,2024.12568306011,EPI_ISL_19303642|A/Hooded_Merganser/BC/AIVPHL-2033/2024|H5N1|Canada-BC|2024-02-16|wild_avian|B3.2
945,142,0.31342047975375,-45.4085619910636,-25.0944298255272,-45.90685278,-23.75938611,2.43738201653833,2.12396153678458,2023.82865602298,2024.14207650273,PP780174|A/Thalasseus_acuflavidus/BertiogaBR/0291-N/2024|H5N1|Brazil-SP|2024-02-22|wild_avian|B3.2
943,147,0.0954937437284089,-40.5156481953007,-22.6583969416183,-40.708908,-20.838072,2.46197218047292,2.36647843674451,2024.07117292294,2024.16666666667,PP780446|A/Sterna_hirundo/PiumaBR/0448-N/2024|H5N1|Brazil-ES|2024-03-02|wild_avian|B3.2
974,165,0.251664845057615,-51.9849845022417,-54.5491740776387,-57.8105,-63.7989,2.46470442091004,2.21303957585243,2023.91773406205,2024.1693989071,EPI_ISL_19410266|A/South_polar_skua/Antarctica/INACH-UC-UCHILE-SKU5L/2024|H5N1|Antarctica|2024-03-03|wild_avian|B3.2
975,977,0.123123344255443,-57.5544249978976,-61.071127608032,-57.0001171021607,-63.9402378537807,2.46631598599823,2.34319264174278,2024.04788712794,2024.17101047219,NA
942,145,0.168609964273134,-41.0757557573271,-21.3909628841503,-41.994,-22.5978,2.48109786353303,2.3124878992599,2024.01718238545,2024.18579234973,PP782339|A/Sterna_hirundo/Cabo_FrioBR/0613-N/2024|H5N1|Brazil-RJ|2024-03-09|wild_avian|B3.2
943,146,0.131012869411504,-40.5156481953007,-22.6583969416183,-41.94401111,-22.52196111,2.49749130615601,2.36647843674451,2024.07117292294,2024.20218579235,PP785021|A/Sterna_hirundo/RiodasOstrasBR/0721-N/2024|H5N1|Brazil-RJ|2024-03-15|wild_avian|B3.2
976,169,0.134043165674799,-57.8907657200744,-61.4915358352304,-56.9833,-63.3833,2.50568802746739,2.37164486179259,2024.07633934799,2024.21038251366,EPI_ISL_20179748|A/Brown_skua/Hope_Bay/SK02-30/2024|H5N1|Antarctica-Hope_Bay|2024-03-18|wild_avian|B3.2
977,168,0.0421042819062909,-57.0001171021607,-63.9402378537807,-57.2801,-63.8,2.50842026790452,2.46631598599823,2024.17101047219,2024.2131147541,EPI_ISL_20180245|A/Skua/Devil_Island/SK07-52/2024|H5N1|Antarctica-Devil_Island|2024-03-19|wild_avian|B3.2
976,166,0.139507646549052,-57.8907657200744,-61.4915358352304,-57.3287391573929,-63.62234750344,2.51115250834164,2.37164486179259,2024.07633934799,2024.21584699454,EPI_ISL_20179903|A/Skua/Beak_Island/SK09-147/2024|H5N1|Antarctica-Beak_Island|2024-03-20|wild_avian|B3.2
977,167,0.0475687627805432,-57.0001171021607,-63.9402378537807,-57.3391747633327,-63.6347974412929,2.51388474877877,2.46631598599823,2024.17101047219,2024.21857923497,EPI_ISL_20180235|A/Skua/Beak_Island/SK13-180/2024|H5N1|Antarctica-Beak_Island|2024-03-21|wild_avian|B3.2
942,144,0.242380456076223,-41.0757557573271,-21.3909628841503,-40.966472,-21.299972,2.55486835533612,2.3124878992599,2024.01718238545,2024.25956284153,PQ284579|A/Sterna_hirundo/SaoFranciscoItabapoanaBR/1060-N-2024/2024|H5N1|Brazil-RJ|2024-04-05|wild_avian|B3.2
966,967,0.945568742650444,-40.3005282035895,-54.1432162941915,-57.3903014048978,-58.03809170361,2.9064050823431,1.96083633969265,2023.66553082589,2024.61109956854,NA
967,968,0.0248843563717505,-57.3903014048978,-58.03809170361,-57.5128618449569,-58.2270960415816,2.93128943871485,2.9064050823431,2024.61109956854,2024.63598392491,NA
968,969,0.174552950426744,-57.5128618449569,-58.2270960415816,-58.4788109363601,-62.7277569118681,3.10584238914159,2.93128943871485,2024.63598392491,2024.81053687534,NA
592,1,1.8804139605288,-87.3944282343585,52.6658189333962,-75.556773310054,41.6868803177428,3.11770988539093,1.23729592486213,2022.94199041106,2024.82240437158,SRR31301028|A/chicken/PA/24-031844-001-original/2024|H5N1|USA-PA|2024-10-28|domestic_avian|B3.2
969,970,0.0146843416625742,-58.4788109363601,-62.7277569118681,-58.840773777248,-62.0384771410417,3.12052673080417,3.10584238914159,2024.81053687534,2024.825221217,NA
970,971,0.0274968258698616,-58.840773777248,-62.0384771410417,-59.3384078938123,-61.8497530231087,3.14802355667403,3.12052673080417,2024.825221217,2024.85271804287,NA
1024,1025,1.22391249027315,-52.5540906268519,-37.0882981749614,-58.7995885830992,-62.3096555972663,3.16290004675501,1.93898755648187,2023.64368204268,2024.86759453295,NA
968,162,0.279316621539507,-57.5128618449569,-58.2270960415816,-64.0833,-64.7667,3.21060606025436,2.93128943871485,2024.63598392491,2024.91530054645,EPI_ISL_19745586|A/Brown_skua/Torgersen_Island/o8182/2024|H5N1|Antarctica-Torgersen_Island|2024-12-01|wild_avian|B3.2
969,158,0.110228151987016,-58.4788109363601,-62.7277569118681,-60.2045,-62.6306,3.21607054112861,3.10584238914159,2024.81053687534,2024.92076502732,EPI_ISL_19879314|A/pintado_petrel/Antarctica/O3121-CL/2024|H5N1|Antarctica-Livingston_Island|2024-12-03|wild_avian|B3.2
1025,225,0.0559027348107199,-58.7995885830992,-62.3096555972663,-59.5074,-62.3998,3.21880278156573,3.16290004675501,2024.86759453295,2024.92349726776,EPI_ISL_19879315|A/antarctic_fur_seal/Antarctica/O3122-BR/2024|H5N1|Antarctica-Robert_Island|2024-12-04|other_mammal|B3.2
971,972,0.0775670502075902,-59.3384078938123,-61.8497530231087,-58.0513036522118,-61.850865946069,3.22559060688162,3.14802355667403,2024.85271804287,2024.93028509308,NA
1025,224,0.0695639369965781,-58.7995885830992,-62.3096555972663,-58.0030658396834,-62.007241454055,3.23246398375159,3.16290004675501,2024.86759453295,2024.93715846995,EPI_ISL_20180699|A/antarctic_fur_seal/Antarctica/O2904-BR/2024|H5N1|Antarctica-King_George_Island|2024-12-09|other_mammal|B3.2
972,161,0.00960561730710019,-58.0513036522118,-61.850865946069,-58.014580165992,-61.9863299977529,3.23519622418872,3.22559060688162,2024.93028509308,2024.93989071038,EPI_ISL_19847535|A/Brown_skua/Fildes_Peninsula/B1/2024_H5N1_|H5N1|Antarctica-Fildes_Peninsula|2024-12-10|wild_avian|B3.2
742,440,2.17200341927428,-124.183881362965,43.9534465553329,-120.279114504405,41.9736671342964,3.27891207118319,1.10690865190891,2022.8116031381,2024.98360655738,SRR32006912|A/chicken/CA/24-038987-002-original/2024|H5N1|USA-CA|2024-12-26|domestic_avian|B3.2
967,163,0.410818239682165,-57.3903014048978,-58.03809170361,-69.4923390150017,-52.3697681682895,3.31722332202526,2.9064050823431,2024.61109956854,2025.02191780822,EPI_ISL_20300016|A/brown_skua/Antartic/A324O/2025|H5N1|Chile-Magallanes|2025-01-09|wild_avian|B3.2
970,157,0.207655495330753,-58.840773777248,-62.0384771410417,-70.0931920016183,-52.11383491492,3.32818222613492,3.12052673080417,2024.825221217,2025.03287671233,EPI_ISL_20300019|A/brown_skua/Antartic/A329B/2025|H5N1|Chile-Magallanes|2025-01-13|wild_avian|B3.2
972,160,0.220399838431488,-58.0513036522118,-61.850865946069,-58.0238025732861,-61.9826451952407,3.44599044531311,3.22559060688162,2024.93028509308,2025.15068493151,EPI_ISL_20180690|A/skua/Antarctica/O3577-CL/2025|H5N1|Antarctica-King_George_Island|2025-02-25|wild_avian|B3.2
971,159,0.306186066721151,-59.3384078938123,-61.8497530231087,-58.0056960818469,-61.9946205861471,3.45420962339518,3.14802355667403,2024.85271804287,2025.15890410959,EPI_ISL_20180691|A/skua/Antarctica/O3588-CL/2025|H5N1|Antarctica-King_George_Island|2025-02-28|wild_avian|B3.2
1024,223,1.52892069705033,-52.5540906268519,-37.0882981749614,-58.0086257230151,-61.9758962500285,3.46790825353219,1.93898755648187,2023.64368204268,2025.17260273973,EPI_ISL_20180696|A/skua/Antarctica/O3610-OR/2025|H5N1|Antarctica-King_George_Island|2025-03-05|wild_avian|B3.2
