mean_branch_dispersal_velocity	weighted_branch_dispersal_velocity	branch_dispersal_velocity_variation_among_branches	original_diffusion_coefficient	weighted_diffusion_coefficient	diffusion_coefficient_variation_among_branches	isolation_by_distance_signal_rS	isolation_by_distance_signal_rP1	isolation_by_distance_signal_rP2
6383.87931364742	1902.80243979353	2.04654777090033	420194.278755712	468219.805728831	1.93180603649943	0.388094437029564	0.394732993273573	0.434852870651527
6377.80876379109	1545.59866570359	2.24599042123121	425893.111792697	409862.60984711	2.27548845451859	0.35495919855103	0.361067902185588	0.398081830454313
6302.11026133132	1755.09660838786	2.74040112692229	577258.683570419	466756.941187944	2.19657076426387	0.354943569409968	0.369812791765538	0.407940160554032
7963.51472592757	1618.35269858873	2.46492966552889	471170.554136561	407568.748692341	2.10564412382021	0.384967354750433	0.395253752274097	0.453161769891357
24893.0465313951	1583.60199765043	5.50330982837065	662249.533825091	325085.68001181	3.17738206814497	0.382331082129702	0.399951733747381	0.462182976040389
9519.6328208443	2078.21686245895	2.40506543610952	897659.934789355	535271.303030633	2.59704947848974	0.381623761770796	0.379259237995809	0.41144858339131
7688.78173599999	1807.75854065737	3.11751623023872	595348.492325961	447683.075495824	2.59169664755222	0.368450255173356	0.403267574216076	0.437758967354427
8798.83909326524	2111.04840088881	3.24504984609659	597152.939774219	578921.077454802	2.20765361396448	0.392277888417677	0.396515394031681	0.451870582064599
5026.518111251	2109.96114332727	1.5239599522329	561734.370278723	547991.457281895	2.16567324757657	0.450321770146731	0.44620097039121	0.492140027070057
4667.40039069237	1961.32647721776	1.63253907466486	422676.440572788	487719.044177559	1.68688019642628	0.401353027554149	0.409447777173903	0.449843989609087
5866.01091305124	2053.42384180983	2.64740811264395	471113.08002108	508929.835306519	1.72500560928272	0.40976421892181	0.381470138724756	0.438900739421251
7164.73948138356	1935.70089584107	2.37962183730077	573649.426414133	496351.836988556	1.78301310725902	0.354032349259842	0.376669527428278	0.422837608326648
5035.50348010432	1847.58754514279	1.8217841314993	392345.866351812	503717.26752068	2.02500016377153	0.393182715809511	0.388382068912142	0.443604206365149
7899.91937063247	2228.98806319059	2.54457481152182	592139.540288595	629311.480187199	2.87132753092345	0.323017774173302	0.339619548980366	0.379096774066205
5898.52998454766	1954.17298618165	1.73802473922939	426349.15030218	513970.683204692	1.67555652186518	0.336540119633244	0.356279258743683	0.41031756092009
13074.2981708028	2332.1296588657	6.85053244005741	800893.198691605	613700.644645407	2.86733846898372	0.355362824728736	0.368058638439724	0.398708625943855
11446.4182865565	2157.84286463103	4.31955232169871	538135.283187612	525685.861994618	1.75817185608556	0.344953082517842	0.362373317757524	0.38596431566791
14249.2822129396	2434.9714254702	5.13708850726651	824668.087625233	569274.482977831	2.56352514123636	0.342786865170725	0.360516789789582	0.395491238704982
7263.40172130804	2275.30949790934	1.48365118921957	712025.431785392	574653.400064119	1.71098860074691	0.378734924174804	0.388844069371969	0.431652926400473
6412.17617948215	1792.59931040138	3.0781565432461	408585.553494847	396593.225758516	1.57785255467788	0.361939893437287	0.362892467507636	0.422828065017953
5874.61215089745	2046.67941013962	1.65075567524933	627186.908714539	543139.270146365	1.94778861253614	0.334416170599642	0.353756043214031	0.388920245290083
8682.93574463552	2117.78542742652	1.99930603786916	946806.806849693	609861.198845548	3.15359316593318	0.376634145250211	0.399088393826792	0.429369988507742
7892.9298061695	1775.25967680797	3.8021460758764	691193.838470323	434060.776701341	4.49910388463421	0.362043357763519	0.38986999727223	0.439893818879557
4622.53861914683	1564.79835034256	1.79514748535929	407738.840932337	355176.557238017	3.02592392727039	0.369604308707024	0.375085523969066	0.424026164057494
8173.4314417778	1946.4245565618	2.60767082928615	627258.174826145	414265.205325283	2.55942563332979	0.30540208614314	0.331646564200794	0.384256641591636
3861.8792797755	1572.18659583241	1.90050453853818	349273.068371663	392589.286562727	2.06043072279364	0.330906397934769	0.356809774877307	0.404527999522676
9126.64064515139	1681.67120112089	4.66917978405789	391595.69768116	436050.959389435	2.09538480740133	0.377327559443473	0.394728605948832	0.43714317306517
7417.21063182781	1520.06319372653	1.91481365388651	588530.124636277	299257.657389461	3.33997226742805	0.377683994241983	0.410545264576122	0.436702925977669
12279.0696421792	2127.58987642385	2.77713287715758	693703.906955493	536838.691448741	1.76962871017861	0.336586626846962	0.381680328123315	0.397236368183613
10741.1584192746	2316.85089114143	2.17392802555523	900382.302896591	585683.690147118	2.42782772045005	0.300801554336802	0.334218615519565	0.374778117903318
7460.66019384876	2112.88450016186	2.54974139974303	702731.019465085	580812.669963015	2.20830660457261	0.297959519288259	0.335062701995227	0.387023971978857
7931.7952492752	2002.32124441303	2.426057323598	531171.756080291	494218.676175511	1.88843455726622	0.316613623142906	0.338224737496146	0.387804281148267
8360.22837926639	2014.20296390043	2.72435204177538	544205.172158221	491894.600270904	2.46529117674181	0.338344685684585	0.352874546830387	0.388318800956593
10070.0052186273	1935.88263647062	3.3023877728893	506105.020801463	468867.856235408	2.02507889926064	0.358427076995542	0.393147909511424	0.430382161782538
5250.48673709704	1847.60142849295	1.53587996175902	412617.329306984	378004.458911355	1.80440260833049	0.417422175873637	0.42137621983911	0.428034725364046
8322.8914970374	1981.19151084651	1.78893337938888	801299.699199974	448067.632262709	2.48929848057938	0.378542133287333	0.401308138685953	0.420031715947377
14009.217674669	2102.59399645885	6.38290782669611	624041.412364667	653809.770350222	2.5134951277984	0.367889460876126	0.380630359603683	0.400734373297344
5507.07794559461	2072.63134048201	1.43135059302779	527859.048186335	564825.406060926	1.97174446785299	0.337682659170615	0.326762939108504	0.387527928627395
10294.5354220487	2056.00262393391	4.45020305979195	1202160.96505018	478429.077815655	5.65013417166087	0.352135231374919	0.365514402198476	0.404314370289582
21915.4925595656	2399.56675423842	4.82562623952293	1563376.1275801	620396.910142911	8.03002527817994	0.311777703442806	0.328983086072513	0.368309721611455
6793.52861353912	2180.20989004196	2.9279090194321	597765.205533721	544296.002929035	2.38085376790176	0.336652391423652	0.360139483895132	0.395590426870112
13905.9167857702	1803.02013920931	3.93769788649988	527777.650416756	415372.532528266	1.84838653949187	0.340804891320879	0.352538772363739	0.391759396586069
9809.59333446815	1927.63587387199	5.03612895066161	463962.501977113	484587.172845233	1.76830327871609	0.386737344800088	0.383877017950193	0.421630570330058
5039.93365917528	1762.83851747674	1.67807747693181	449101.789096872	435269.123976331	2.31932441362528	0.35741312783997	0.366603842525975	0.414587897530105
6051.13975482522	2064.19984462019	2.00569562262318	530469.141769496	488918.966347843	1.86414196601105	0.374602161548151	0.382333910532999	0.41494009111601
8171.94848706808	2339.45460598059	1.78183398715126	693661.093264495	606229.457081979	1.74725345685154	0.36510674571506	0.387014946893602	0.404006351576618
8436.80903158076	1833.47867869257	2.96769609977654	515122.473634417	490182.744167027	1.71550586172145	0.375439659512537	0.388686783676133	0.42656081285922
43054.6947506134	2379.75184019551	10.7781602450605	10793267.7134111	651470.950378243	12.5138658202084	0.350516631094252	0.367493020970238	0.398782105875436
5382.59082283924	2337.68432396537	1.47428707359268	584348.672365674	609700.035967664	2.1226275826151	0.381698331547392	0.386348480916947	0.431302637547569
8563.06757073873	1941.06262837134	2.46157662174559	597737.137500245	490395.789166841	2.28570954882889	0.316343042106699	0.343998576064663	0.373487482412118
14381.8764987768	1867.85464525599	4.09409995124848	782204.425334831	418091.258708337	4.22064936256503	0.324549137093535	0.354109099720838	0.388891188223719
6247.74608620275	1787.75941122063	2.32381433618676	411964.392116996	472216.814271791	1.88302179336174	0.395811043975621	0.396464773514372	0.425982745372316
9082.86079915176	2295.02382477594	2.57651813689829	991061.345847992	610301.378711843	2.98176047225389	0.327362053071638	0.344576298535715	0.369104671333177
8543.42328869195	1838.07002419431	2.26768655152829	671302.149863987	475033.684131856	2.65030300351039	0.336922836930925	0.369971082551019	0.403013546814728
6014.69570143884	1937.33735763648	1.94501095128148	533840.759884	436094.590618272	2.15670220109615	0.339786104629489	0.358947245182378	0.400902472813717
12880.8722410707	2359.52355070191	5.40210139527148	1667906.99137931	630748.03251554	8.44775677178992	0.337611486203175	0.363179980671591	0.378761111003079
6567.08717807745	2367.98912716213	2.41945419955616	597617.456769987	682084.157842269	2.41345084851324	0.33327101625274	0.345091878659823	0.375500679289638
5314.15406090627	1978.96283352525	2.24184098360145	519704.1378861	565489.362496753	2.30713154290177	0.316812467489764	0.329292246564609	0.385921994497199
7881.15566238664	2425.42030546493	3.33922370053288	627237.921197383	672659.794590266	1.77814358235492	0.326371184047233	0.351049615656661	0.390986837632508
9428.32855646558	2102.30703294181	3.99258462065576	880754.177556132	574965.855108682	4.45745353902855	0.347818483543291	0.354469847050237	0.40673672829687
12368.2459571037	2055.01530810008	6.40129302615621	469488.765904703	570196.377791041	1.71887490278755	0.351895466001693	0.368087716565004	0.401039896343853
9897.69146315295	2096.42245942377	3.5747419640175	733713.197671238	587570.426074422	3.71171326388402	0.331250460290826	0.344575805736647	0.378790251674003
8223.60913125414	1924.06332599143	2.84285544173595	641149.72953794	464534.59817188	2.39392711533336	0.315815087740224	0.333379766157623	0.389928949789212
8331.48622268428	2088.94617077214	2.90507033407024	461141.387005669	530301.476727748	3.02722387587026	0.353177981783499	0.364881120372368	0.394958407366846
6671.83703518368	1968.1396139547	1.51125417956614	686554.128748307	594579.684675672	2.46124137026051	0.37190917004022	0.392798608621431	0.428303615388239
5194.63860967166	1697.82608579681	1.90192320108174	504760.684403946	379630.593853617	2.89024941556934	0.372548838753026	0.378473370963351	0.420276131123567
18899.4588159454	1999.97228159362	8.18218213821875	460738.99601405	508760.422560766	1.80803489263728	0.356377323631147	0.379619653811174	0.400266097718181
23411.0697057312	2448.18749649685	8.52091569663933	1762880.23926532	636890.768166442	8.81939007437266	0.395289956854009	0.403453004088722	0.438075913117478
6973.94922457389	1981.3760828216	1.65283600146029	771009.725997998	499811.464773257	2.52602206769172	0.379105847232604	0.395017856244424	0.422278213808255
11965.4053718055	2079.07400358284	2.60536321260996	720804.308725745	524066.103867806	2.13977426350835	0.38113908622658	0.398388361590638	0.427597147574731
8633.05391142108	2794.31169302145	1.94725267551832	1282775.65417396	783670.581471436	3.5813023264604	0.356184428482269	0.364174636932692	0.40580788770708
5664.28974310928	2180.36391722445	1.97709103929269	578269.080867599	731783.77360415	2.17008448629752	0.3298316361888	0.350342106549475	0.393941056320404
8700.84689791151	2341.64034994646	2.91339461948306	912007.648555594	673490.174468327	2.79871210101802	0.309577141459191	0.330034459677058	0.370755561576565
8802.5206152655	2181.58309646594	1.99217544573536	795821.1109211	614681.339752301	2.1032797620586	0.337215510959971	0.357970570971384	0.398088106191435
6839.8863434322	2094.61392922355	2.08987047398551	640510.177253449	524066.602844113	2.18165730759412	0.349671519803774	0.363316304771683	0.397657914033238
6704.42588731498	2163.78577348756	2.92804539099424	647857.300263128	647426.956612312	2.42337190176575	0.358318467232904	0.37874496839143	0.41242976254147
14220.789146108	1905.55244399222	5.75613997556096	739453.062316845	533205.842633537	2.4281642077617	0.296655146452293	0.316512384510835	0.357611750170444
6060.7665097305	2016.64707161596	3.20152878885201	431349.65813338	470227.188588449	1.75070220749408	0.360369524956777	0.382114280503671	0.418766214621336
12379.0000327344	2121.60261686975	4.86312214975741	517831.844922181	546334.891706953	2.15734155572483	0.381987442757712	0.394354415200223	0.435514480811977
5455.14200920846	1806.31081355351	1.76824477270326	583091.89121365	397354.094861218	4.29454889597688	0.353961304846342	0.37075512148186	0.388974252321022
6503.74956391256	1928.07107925809	1.96318027166421	639923.210998371	395818.896726347	2.32141611752703	0.381818583613875	0.394844974855185	0.430783134721576
47553.3268397164	2136.87909737303	10.5878835574161	7570253.41958591	614947.382307236	12.3584306796861	0.365265196338894	0.386318153995656	0.429704476901662
11301.6520307558	2055.08741163743	3.16003420340355	972850.753251441	443436.553997054	3.64320558971082	0.36672581924713	0.379375346524277	0.413608391465991
9073.65655486655	2570.40435244336	2.60675722597451	1066794.18638809	738827.504499399	2.11489422915655	0.318518745417401	0.343811073934506	0.37831226697776
5682.2890681479	1870.94206864527	3.62315625287034	358082.225386225	452358.700445558	1.76722970573125	0.371007774620006	0.407712696218656	0.457875560614891
6496.18673719307	1691.57862798014	4.22198173683348	378899.010204621	475416.752334097	1.97638588477699	0.383222480218043	0.402746912308413	0.444799985616469
4711.86354744787	1715.76824901419	1.81955848752952	438069.864661026	391824.548130712	2.48605372910555	0.427931425271061	0.436341084663492	0.480228270451695
9997.64609205724	1944.58486459966	4.27877752670505	595859.543059112	520161.155618837	2.29620060625797	0.383494230229867	0.402019787628439	0.452311370771808
6676.31014879964	1826.61115989512	1.83932072083653	529294.300938086	353965.271571269	1.89577989623213	0.410549817418803	0.424787764994256	0.460669462001821
7718.24144001126	2112.81590382795	2.89923703338291	604104.913924849	590236.2752698	2.3230104479805	0.404759304082487	0.409639168562907	0.450789220087875
5546.87449578299	2046.56762894215	2.38440408444128	504643.187112762	534143.157650499	2.14341408928898	0.372713389879392	0.379514903895518	0.411509097282571
7537.24565873284	2011.41407746316	2.15869277527862	545759.293960232	496370.942061953	2.09096220296561	0.37525524983474	0.370415987423724	0.417309740505994
7039.64169818093	2309.48819007747	2.32319088379179	777748.829487579	642541.19710578	2.56613239008582	0.372425618418739	0.390755288008941	0.428250390467169
8924.72859660013	1908.3371634665	1.85126903667269	690259.151193397	459287.633236028	1.84271633868229	0.377686758824517	0.384736346942732	0.423800285705399
7570.1161153499	1963.07335048258	2.85484885332649	691284.492339812	453831.240242281	3.11243937003646	0.351717858524671	0.359796499042773	0.387657279781937
8940.00388374404	2349.39407930672	2.14780946705651	632241.254492673	567681.662314066	1.52218578446169	0.347665692224452	0.37078537484117	0.419858805659105
7072.52873819866	2065.78455723812	1.63533845075842	682028.832848011	496814.908435615	2.78623310964966	0.359452328005742	0.374009556608375	0.408836182697525
6182.51912677068	1811.32762737021	2.25114427947598	431967.61991081	456285.255964499	1.65542689894312	0.314590134084287	0.341130725805353	0.376956175287066
10719.2092084054	1891.66111024379	3.2573901973913	885137.075538687	448444.232701541	4.44606921599363	0.322257559371839	0.344307317112201	0.383435359430851
5969.36464064569	2183.32832532547	2.03809239679782	526017.856429455	586766.578708999	1.61738181608162	0.321805736187415	0.346628002230414	0.361305177871083
3934.93298422812	1660.08709717108	1.49010951263468	424774.020700892	358160.573728746	2.88404853781296	0.354169405428209	0.372688266421636	0.401523351395368
6650.35805779742	1778.4590367619	2.77258067270268	628233.244126445	439822.345053324	3.45339586464194	0.365431064643362	0.372037719601958	0.391901547910469
4764.14045503759	1685.01471107249	1.55180976706689	413579.908084426	350368.023812941	1.82907714601841	0.389934370919208	0.401897700792412	0.431386353114859
7852.27646366735	1811.30726718545	4.55706584119338	697000.582281347	482924.255537029	4.07311255795113	0.330233943469486	0.353398100483149	0.384047250801321
5415.60475833295	1589.87169360629	1.99640457672442	473024.656500911	441897.336483042	2.58793337518147	0.371278397661181	0.371887308545148	0.416760972246373
4402.88234549349	1963.47816883345	1.52086560514618	429199.665299076	548410.140979352	2.24500600859825	0.355419783172205	0.379731403487694	0.409741676526548
5888.53734708685	1928.38935806273	2.06383291881535	488760.968074587	453740.212152469	2.44124479195136	0.356624694179934	0.3772554957654	0.411612498834942
5539.20318858678	1967.89540551544	1.7024616197273	519890.171079549	568770.949174763	2.91838855924745	0.412153804228435	0.414529829200298	0.428855795052724
11746.3057958245	2218.16634788336	3.75130508481416	717243.23026966	532071.593812644	3.15059080887213	0.371672056965781	0.364357896706237	0.417839781264248
6340.50054900498	2014.21669278765	1.96843420759556	546174.857139017	506693.690285163	2.03939662142862	0.424314534593579	0.420869746910271	0.447706638592369
8042.91557972131	2109.00112516358	2.36064497732871	660017.797185786	484296.417868165	2.15557435276213	0.390027209114572	0.396225331669218	0.424099719364727
6442.60866958531	1881.95855572988	2.29151477598894	616745.856675045	487737.253927961	3.15511951494753	0.388883109819233	0.388006822086415	0.398933344698985
7452.0981546725	1808.61892675174	4.2398582630271	454193.250468344	373888.432085179	2.52041052684242	0.445522967833386	0.443059666076687	0.491532962243093
5413.62054270799	2012.55007771066	2.04181732734544	541551.231122171	444070.349991498	2.73270095466641	0.388707251293351	0.394484587149737	0.434986059218276
6721.83931829773	1795.04937506058	1.89367223128149	585366.599750062	436938.102435056	2.36265033139632	0.378211015980659	0.390753885732579	0.425079219862979
10400.6332038068	2373.22914261018	3.70994908310047	728864.01876319	659925.099534568	2.18328078142389	0.403904875355477	0.398354912481881	0.425638445316736
7045.20504746007	1994.4640977075	2.11458875894064	686929.791388187	519906.560050159	2.48837132400624	0.346145137093134	0.363986664411816	0.394978624088571
13781.3187450767	1741.03099235911	3.89992652729146	422900.361379017	406374.207921426	2.41946490054242	0.353985806538985	0.367481924623152	0.408413809206237
6119.69102597826	1956.89274666711	1.76472037305177	476043.626750408	464450.298935577	1.90349122260578	0.34628939660326	0.350782702970437	0.396008419054785
9728.69269368937	1873.71256234821	2.43097247318714	493426.228113488	444663.115843724	1.68392725294337	0.35057416459792	0.364104987785976	0.392561738984302
6006.60970761745	2097.21579377874	1.44035365915384	599528.73583366	454625.352145348	2.60602265439932	0.393403375346011	0.404079804496601	0.426975971375299
5619.82914371964	2209.75281039267	1.93201627713061	581592.942527113	584943.679800513	2.39266405991135	0.35497432731513	0.376617564496915	0.405238326639952
7042.46121556498	1972.74493006069	2.12922582810589	538965.440148191	466762.58596357	2.10571216410438	0.408415951238261	0.405803534422424	0.428843088572231
6887.53617914707	1812.48328897571	3.25520617684315	478395.521930232	435711.5684602	1.97814603366813	0.416232214208877	0.425744201810017	0.486802014039305
7103.21670926171	2161.37192227783	2.01040208996217	966268.719145694	645759.612385793	3.77879748183217	0.373044359104581	0.367898523592157	0.420795027907234
5753.67124213436	1704.2288625857	1.79199176817181	432640.775358048	433796.657201427	1.8959629639607	0.357132955123883	0.366006072730741	0.395195707977836
10399.6713424386	1695.25952756971	3.37875272430534	525675.676610324	412654.298179222	2.74677895469898	0.365523207992371	0.369274690700384	0.408291425611299
5128.61213028459	1707.69824869937	2.23246015896872	431156.300217163	395161.279085025	2.76835707311068	0.298778531716345	0.317609139318674	0.357550825681765
4765.32015712715	1861.77630938285	1.67809202540552	509155.876908344	474977.892456973	2.07690830463203	0.344531157859682	0.364056650369592	0.39910750047151
11709.937085041	2734.44226226999	6.01949419008747	758119.152107434	712384.563822679	2.52749562851307	0.344884446021952	0.351361731943476	0.376166854326663
6837.21189536848	2017.43150170523	1.89735680633072	536655.653337447	544980.147776085	1.8832569350727	0.371351288281205	0.379167479022381	0.415023096052219
4978.79044414421	1969.63594569244	2.27309506087082	473058.629009954	508918.358976484	1.99147645496309	0.332192315651662	0.337489187050492	0.39321662728488
9142.60036178265	1861.26740477311	3.54834598093639	556293.797606473	534396.002633557	2.79461358863014	0.330354164274068	0.358002191293844	0.394787282628083
12181.5031892358	2100.81902111716	5.31484266866836	1258031.38830398	516108.26389119	7.05344195861022	0.387856601654465	0.399780950961034	0.443044023238121
8210.48621843526	2423.88531939201	1.85186409105917	798759.280670166	771140.280957085	2.27720704359949	0.336059812975182	0.357198262823522	0.403079794837235
5759.07209479564	2073.24249664621	1.75924811892243	413518.358449586	503057.015840756	1.75066349493149	0.409352706280337	0.422717246388955	0.460354811620068
6391.53901274649	1848.45632643214	1.92039546485936	535553.348301437	422449.930299609	2.79080830209645	0.357082439262173	0.380634100081448	0.43437842267985
6384.99549464182	1937.50979607735	1.68985910911785	594642.803264904	500710.478734662	2.14399894194428	0.319968861512605	0.341443509363063	0.368411112483495
6150.19609138885	2071.83998958204	2.10247275595336	491123.214834976	485620.784926177	2.28807970771986	0.397912296795781	0.415478209940438	0.455958204114529
5474.86501606508	1619.51603988528	1.7362722014307	396153.920954824	357279.52173073	2.23006630018697	0.353578542520546	0.368030099732982	0.407440036449883
6946.88605172562	1904.77096585984	2.09338083219973	438289.641159032	414259.854563988	2.01744460963187	0.392492214701901	0.391918771491411	0.425234400257723
5514.64331413702	1794.05557536413	1.81114246026727	450078.5402977	425083.554767361	2.22563859229342	0.400873123461092	0.402936089402573	0.445193586486288
9371.64603230932	1743.42379336191	2.65061048249074	492406.979969111	441981.905588623	1.6359198182419	0.363553382939338	0.387623220684996	0.42189365928101
4984.04466843326	2118.44005363277	1.85085802821878	420757.055304635	583207.332687668	1.98443417597226	0.388609904649906	0.388283972294349	0.436489463630018
9892.9410939286	2040.09463348777	2.2514634045196	598118.860950683	563025.631542772	2.02450119365644	0.3821083226798	0.39890517928459	0.430849661110315
9594.78428157235	2293.51731830732	4.14481948619957	635025.247340507	595670.085661972	2.09199149583639	0.350545031489765	0.367136242107081	0.387283649893751
8017.91758929102	1973.84687240559	2.33007820744957	736811.423096806	429815.317082202	2.64274797481786	0.359486455711941	0.37422924288266	0.412999294983171
7225.62243227116	2530.90435316485	2.60231904983973	739852.297627012	682613.418230478	1.97410840007993	0.399925462728643	0.407157526513649	0.451570410394279
6084.05268386487	2044.79281546452	2.423583716055	650633.188514973	514334.512737083	4.6897458817176	0.440597857887543	0.426500102705403	0.468055583549259
31583.6552836434	1747.024235655	10.9223331258351	3688544.98375402	403708.77215536	11.977822021661	0.366323081938367	0.375288071835581	0.423135231013669
6189.57633758254	1882.42896439459	2.61499797416878	449414.342876009	495977.639665598	2.29075135475515	0.390624246926711	0.393412663306082	0.446692754436392
10079.0635548269	2181.05517266031	3.83325872654312	1131978.42794018	526213.344290867	5.50368091978489	0.401985042174804	0.402366483187572	0.438292736371106
12193.6234667411	1614.18728708098	6.11920953185457	491752.448463785	366574.088991916	1.96085564324264	0.418041721833967	0.421928302767568	0.46399151453705
5739.90525971998	1775.61380274206	2.56913034986268	429433.928788401	457193.562602331	2.82100974233403	0.407427516724276	0.40855783257633	0.45452597396539
7161.13867612834	1657.09167372082	2.75195150934488	419523.588770149	396538.206148819	1.79567181208243	0.385577308470025	0.383979111124421	0.431692343967601
5463.76390936519	1928.48122814107	1.99449105638432	435485.310975131	421559.088518813	2.30469572386275	0.383996569898301	0.379213189170152	0.439293025091425
8523.75495199484	2213.68717575156	1.97177395200081	730900.997182651	579125.334076684	2.23375028234503	0.394682186602465	0.399631704338632	0.438224771175181
5229.88433465389	1708.04762735615	1.81716001017312	363002.084969577	392928.797761636	1.94459705600053	0.354952324634697	0.359566193398124	0.39578892289642
8427.95216255363	1736.70593535798	2.57291455135316	600155.64158512	427365.828348975	2.59390425905822	0.363844362164612	0.371870647724999	0.394366981382528
10114.81122673	1944.17953431856	6.98980334337308	473793.193862189	460511.27174655	2.01596319167922	0.312869951080989	0.338743887037139	0.385766793922748
8055.86110115502	1972.691529432	2.70304105144136	666553.215810141	510790.085600592	2.72216961452788	0.346534436951173	0.369281403019747	0.407825043408012
6690.16116790876	2175.7798879704	2.67084983714308	610097.683085974	495262.652652486	2.54537476775796	0.275166009257677	0.295734078170793	0.34069173899223
5821.4671662091	1985.10670394253	1.63232027684885	594499.053366063	505087.598027608	1.85292717861056	0.273586240962214	0.293777670824693	0.327077638884375
6145.47213203017	1910.40554050373	1.872287596041	457366.466772896	507927.487634874	1.7588726080329	0.35414135859551	0.383738949986445	0.421839368313766
5050.99094051981	1576.31283527093	2.42428389297071	384803.116230536	358618.786802489	2.08644303252269	0.34354364417586	0.35666864671971	0.394367027641055
5186.66708576039	1851.82800481531	1.75335609472013	541854.400078159	387796.572192303	3.50048035076082	0.339061726744138	0.364149707160824	0.401891851090716
10600.437212979	1778.58711028129	3.27651745808794	901572.325776247	455340.129779577	3.88494251666861	0.335701920173871	0.361238124405428	0.393507149718715
7266.35632613448	1498.75827877744	3.09762941910882	397462.41947177	389905.162665898	1.91734084652093	0.396962946958328	0.408406073333422	0.44048291857023
5367.64295863022	1651.88740608182	2.36950043203835	409162.582227276	413266.785161489	2.2025972052162	0.393097090108614	0.412369217814943	0.451947591291918
11336.7339530191	1885.38986746066	3.47049401427911	813725.598755677	486964.489870248	3.16367497314602	0.39110303971761	0.400973268299027	0.451704421601806
15507.165399426	1965.25551911396	7.56517255016399	636215.522445629	530504.330644477	2.51891884717078	0.407682069316988	0.407125791291019	0.452585193541627
6129.67232164561	1794.69337403147	2.00550430200876	617502.912875251	472721.616779576	2.61745267478354	0.335954478734026	0.344916771594583	0.395737132131569
6511.97286514076	2004.12832032409	1.69085006968086	550455.169955879	527638.53933291	2.43209907121574	0.405738501357619	0.396409593109058	0.432364244537232
6259.37243711653	2323.48993456555	1.34961208900483	690542.755106877	629602.651904101	1.6910852715877	0.356352605472709	0.365198971836889	0.398189199296735
10815.5413002252	2191.197553237	5.36963859620933	578967.62029246	575548.256466992	1.94556955534848	0.344074055545926	0.3626153594571	0.393651669147657
4540.40070523632	2000.29968548713	1.91904137653091	434361.502050705	463458.564067379	1.73603567976028	0.342676941516437	0.362878421604417	0.398050676127115
6968.08053935866	1720.27450244915	2.54745104248647	418781.044376021	439953.801058393	2.09143939057438	0.357127299664748	0.370042548473015	0.406293699021048
7141.48409991982	2144.18367214893	2.1597057743957	592490.265678632	513839.498075132	2.09338982576539	0.340962979801148	0.354382610846487	0.394771741713779
7645.06728468201	1971.33087837482	2.81260934148002	535417.771215307	485236.764655124	2.42134941075556	0.377089461703691	0.391015305434615	0.432019867683209
6885.0362324494	2077.44368970517	2.07380705679012	558872.155480605	480149.737376831	2.65914307445161	0.369125838440613	0.371798136000466	0.410832758504648
10693.5916834049	2135.09530998536	4.21445822168529	580382.073005262	592009.817486665	1.77247779562067	0.344790571337858	0.36098116994964	0.402518810792458
6864.41679453078	1983.144101344	2.7458487709512	390208.914578669	513222.836400974	1.88761444090954	0.37719183899004	0.392916503262256	0.432752751648211
5291.00835699188	1942.38415934506	1.65413874060194	513470.872236507	488927.194280295	2.44955023777296	0.362714995063814	0.372726543096059	0.40703406177113
10687.0392023977	1915.86685557657	3.89695976410245	572907.402019311	494262.868947249	2.64322869098518	0.344996102358899	0.352406718987216	0.399578239286532
8726.14554870304	1635.88666003507	2.88335740436978	416762.992756479	453549.605963668	2.14559200719427	0.374392444239023	0.382166437465019	0.425738219944135
5876.17088830009	1632.73669647667	2.99799390538539	563266.849368447	358410.861924592	3.26867771955528	0.370540850348043	0.383615137201376	0.44197304660932
7143.37133710673	2137.43347166035	1.91929238264756	636000.580929386	549586.959778857	2.38283878968552	0.372878313364301	0.351686318648134	0.396865114435068
8156.9626830182	2024.61937164944	3.02335597457134	735478.749993604	540056.811153056	3.08192999584371	0.385038165772677	0.401156814560106	0.44612631225891
7337.32772232762	1953.9958630246	2.27826477243832	550774.302309074	449499.710636059	1.82745167782041	0.337085575471207	0.339368560827592	0.380804156530495
8309.14398535653	2203.96949527943	1.96851406905002	822234.35618149	545920.159324668	2.9230346075753	0.397912209212127	0.400538876731836	0.461744909472488
9343.53818912068	1755.81295031677	3.48300471842215	571821.494183748	465682.768366357	2.65776460670308	0.414385309388858	0.418218241022358	0.454979228201223
6394.45809940723	1754.16955848508	2.24106753167524	422670.251393937	401943.850023724	1.812007970559	0.395324807017725	0.401895788003548	0.457668868502547
5094.68513597035	1866.90914878528	1.8606166991658	647162.954254093	427392.323410806	3.45174862729969	0.391705603619103	0.400132324596508	0.455812843544884
6533.29840349675	1791.0035504523	2.99784710150114	499413.542147616	495963.824008555	3.07373668528544	0.365270022210088	0.379765742153567	0.443757107011447
11024.1401598299	2010.30702409699	3.8197455627463	593387.159685334	519879.851366312	2.03725064737936	0.373669746546214	0.384114366972669	0.434568453792076
6960.83005396468	1681.98498815474	1.90966874821605	524672.010427471	452259.653072086	2.74659086983648	0.39073160499361	0.396055363298929	0.453499147902289
6177.26716658204	1959.94443965013	2.52537306784073	510374.899260262	481394.771302391	2.30888276978577	0.35989121878452	0.377324872561125	0.40611900035144
7838.94994236937	1794.38234639967	2.86382889502554	610385.848480835	517423.178160737	2.74767944967555	0.363773736724677	0.369606769792309	0.414894044388913
8685.79635366982	2065.59184995178	3.10872222784692	922820.251149226	545305.860885823	6.30777446551413	0.372378359797105	0.378849133799179	0.420369215946214
5951.36748174203	2338.72653575578	2.15144179410398	580053.589338023	601512.035422888	1.93905815726354	0.37883590246595	0.388129428922462	0.421959500322838
7128.47180423444	2083.04874179717	1.98195620054086	609761.636947727	595032.561538151	2.09668631372376	0.348365880435127	0.363589901336705	0.396699399517427
7889.68090595853	2391.15538343245	1.65457918268092	919884.274358239	735969.857254711	2.49825055029121	0.324558770944188	0.336158227171747	0.367063271946685
6096.28062632991	1999.9620683105	2.28739760938669	530691.231073126	487139.817522575	2.1674944715089	0.345249066165492	0.352772984862697	0.390030517096239
5809.77037018852	2086.35733009894	2.34077160160273	603401.099268045	627639.587472444	3.08287231291668	0.356899847204841	0.377875154348733	0.413596718569513
6695.05492378832	2026.52102006211	2.21445304312511	563203.902353616	465038.777822008	2.46050191923966	0.339657595419801	0.356960800368569	0.361935689167596
4537.96545193637	1733.70760522273	1.71379393344014	476204.500362755	508754.729697934	2.68528385194609	0.330302320970659	0.338449888593733	0.373915977266559
8540.2160224331	1967.93127879565	2.98185508932622	822689.267674135	530787.614359682	2.86408234187404	0.346266811544342	0.361744008359147	0.391999435017376
7290.75339242124	2161.42187166789	1.78032433283876	635714.202111099	521126.33445154	1.94520225137593	0.335351298494924	0.348247346672988	0.371463061846233
8327.56550042536	1935.4823387133	2.15094211139	833146.602617533	553907.362973818	3.80004478673385	0.312446811815841	0.339553654890153	0.370246006242002
7996.67325999529	1726.78334947261	3.43007799711407	519815.84300677	389094.500589047	3.00596247435638	0.375969789632834	0.394135683824643	0.41247931753571
6303.48466329839	2687.12745978688	1.76395898004029	652270.040889157	711329.017962666	1.98476997707118	0.311747537212853	0.337123300116471	0.361106939475262
37734.1755996155	2021.29587183861	9.37595905436902	716399.971254926	507719.615897267	2.42312453032666	0.307662676958119	0.342886139587801	0.373428733476776
5888.9152291774	1755.38006673154	1.57703932846898	549804.457303741	387233.864790379	2.02894626297569	0.335819916850264	0.371263950912937	0.38694192812498
16004.8515103337	2058.16621578775	3.45033011764858	959971.909895723	542426.469745824	3.83842923444645	0.338450461860039	0.365954098585851	0.402690414118037
8069.78456961823	1944.46811591373	1.90825642192326	611780.636679534	494751.3718276	1.58660051548467	0.387456912120148	0.395313858309509	0.439271739606824
6664.50825878222	1909.68324751293	2.45520893229372	593054.193774297	483114.822864618	2.40922481681985	0.388808342769268	0.409841052652274	0.445218301058147
10212.4148859833	2069.05152521076	3.04346149888298	653254.109408335	521870.810307137	1.92539533493128	0.334068465943596	0.359177387481714	0.406822335788191
4735.76476887632	2066.45876716525	1.88914816650537	504100.129538307	561268.03346631	2.6694810705143	0.333497999365329	0.353666854915276	0.394442450652491
6042.59326549329	2079.38321013453	1.51357684646913	566783.608495244	533561.776044005	2.1369407839271	0.320141780776704	0.339061183521091	0.383148699893933
8369.70818924751	1961.44628524464	3.22695617382573	507665.51816955	469971.159203357	1.74881421380544	0.373246603364744	0.379448631589859	0.408816369588701
8649.68964553534	2065.74843328106	5.49706608282948	1043114.47540733	603094.52660676	6.37885587262071	0.342932632395317	0.343628960052958	0.39038759801548
9939.56337261228	2028.66183626186	2.56612480068355	1167516.78189488	555483.093911069	3.51529419144989	0.334907548110453	0.356657591070436	0.394109916248889
6947.04582211357	1730.58746347237	3.18841001139158	455619.530892926	366005.11971507	2.19982363626995	0.369660588974812	0.40162757865295	0.446523018471892
6121.83306781193	2217.00854883726	1.78077906366853	620102.38794683	521594.623817781	2.00011074688385	0.339829304695675	0.364392817616079	0.391201402035512
14114.2497045699	1955.42810300465	4.73525892269463	786434.511866147	550951.267660072	3.6532085383754	0.384378512360457	0.398904099697958	0.431334315490356
8510.00370879149	2051.45266632492	2.17626128488341	720847.735423387	554852.032360457	2.33034690112775	0.350871392664652	0.369226583879462	0.3960563252796
5669.4368015878	1905.44415480805	1.81474663189031	513326.092510508	541756.136131921	2.41003924048842	0.373063157504595	0.382431184876226	0.425814782088125
4673.26559502463	1849.35586432067	1.65391813064318	548451.482214772	550655.383883676	2.4831278371873	0.335970475399304	0.321791414430382	0.37620904816338
25872.8422939531	2194.90296422928	5.63619447438779	1073534.3297038	594543.009101143	4.15919667659351	0.394004041591393	0.398243071362248	0.43360308694727
8433.07248731909	2539.74858008587	3.61313079508318	574986.101817745	624771.136877762	2.43183593326976	0.350903558158753	0.371246775382596	0.411149602087167
8555.81220911563	2211.93851570987	2.23898363257502	760778.05633495	542627.040233567	1.98184977374009	0.381529488937483	0.3880611171197	0.426584381059452
5428.91965583248	1720.54855384589	1.8678330897145	424830.541704304	372011.667351049	1.91037042844179	0.338678637334234	0.354563620159434	0.386125437799253
6025.52053107658	1910.81147880236	1.64434196697301	581641.97704216	510391.986661357	2.2513039800221	0.367689078035693	0.383957677055205	0.408104824327478
23739.7864159812	2067.71890744034	8.10719986430613	1397848.00632712	490391.40387575	5.34459401814896	0.311098872671488	0.32655308462352	0.36057830370266
7916.25999816535	2319.63063796836	2.06211622476817	686140.815042333	633573.421766391	1.91401086827427	0.290803256151758	0.318559202254431	0.331110033183695
8379.62993338772	2082.52263304343	3.75535755640131	520010.523597741	539938.206617478	1.9384585586745	0.341234576013034	0.357966635634604	0.378251361107833
5849.47361698336	1547.80428550611	3.11940380466309	480767.263524555	384040.539328675	2.76921366350919	0.341594507481786	0.361043390122025	0.416143276867555
5514.50293941005	1988.75443717179	1.96354001428826	568418.374937977	519645.02263494	4.17343568764912	0.367155622803509	0.381930376640207	0.398821631167477
7688.33886453087	2194.62024110425	2.66074971753267	730455.107939287	590486.478696837	2.07584183330356	0.334577983111015	0.349605147374552	0.388465756802625
54717.3630384113	1909.00478981473	10.0705612229528	1285034.51424835	496532.907452065	5.85046190833006	0.288976736577941	0.290742705054765	0.348167183559997
4114.54942189397	2145.15168777479	1.35424485020894	510994.256105595	703706.920881542	2.40745916416045	0.336327531326576	0.359737106233024	0.391611913924224
7723.58153989795	1938.68676653425	2.91004564504197	532341.158263976	484018.232714677	2.50795442289558	0.341406663112846	0.358545965740178	0.380523624073942
5904.87931350817	1987.14580219818	1.77302773979114	804092.399754194	503802.576747679	2.52363730167843	0.314883995633122	0.328425582614119	0.34356125596028
6147.91443804892	2096.21968108527	1.82566122655565	568729.698545245	539059.381960238	2.14992064481165	0.325309752637679	0.343129546468002	0.382294291868162
18599.0756905153	2195.4793656527	6.51832589142873	1195606.50542514	538565.018628293	4.5775084059877	0.32992302038372	0.352528013124622	0.388348316468296
6482.67994999579	1864.57834212418	2.29896679593696	480416.158981246	448948.278689144	2.11011571715124	0.355488266458009	0.375300555671234	0.409152140574602
5554.92194353661	1949.14497830835	1.74582874688698	533125.459950565	485441.653235386	2.12485611168452	0.365892177601849	0.373599235632995	0.403661640325188
5670.22061977912	1756.20970382912	2.33149643258742	424517.41584093	418056.336431055	2.01188352367054	0.323032130938823	0.346697475153571	0.381927520311865
7443.19837800496	2122.26223475581	2.04761928446819	770547.402597222	601067.733422063	2.15551575823009	0.272057843856842	0.30748851338851	0.347096099271247
9193.50839175223	2074.20469408107	4.94622059706019	587930.851611958	490579.162637233	2.11561350309416	0.379851500593548	0.392146665030754	0.427140680508583
45312.6760605219	2047.33808895273	10.9563077805225	7591539.35844905	494177.476191714	12.0712474640573	0.309305894257111	0.328755347492976	0.365080960913765
15168.5733253338	2167.95132041357	7.69815821334379	1443310.92971133	543261.014891268	8.20311920558955	0.347205965283513	0.363263656978408	0.393589044872534
5993.82707527626	2005.97553725987	1.93976234647609	465208.66345077	452170.919667198	2.54616537160931	0.353773621340655	0.3740768357494	0.408374157313799
4634.95117250932	1725.37509335244	2.01557416941671	427558.464833133	367421.002599446	2.26182906975148	0.36607051874282	0.37243187163374	0.440014363944906
9725.31286728922	2014.40310821852	4.17187612159155	1284716.75578168	502834.372994591	7.88026186472123	0.340087342307828	0.357569406605249	0.404333825218743
6618.02850131333	2426.24584442244	2.51888196595077	670998.105974748	663256.19072818	1.94051192550948	0.314946924509518	0.331003807140296	0.372916038059271
5651.73583811912	2117.38032390729	1.70945234820386	472667.526593862	514706.60995428	1.69821709530871	0.358570662199471	0.371461526353929	0.392070096679527
13136.2725616218	3484.30938339843	1.89980529241761	1739071.72630532	1268629.96291424	1.78928995946804	0.358005715560843	0.365953570614704	0.41496443481793
7594.12108021218	2106.92802502466	3.04434007742928	572526.658846644	486166.893170692	2.1484185395245	0.329697905416283	0.343013629209275	0.397416459641861
5445.4990768167	1662.01550141564	2.07407713596173	536914.210969141	416286.324069848	2.43836384321248	0.345288704671949	0.363904364514528	0.413320961812466
13719.5982469814	1987.13160720634	3.51588131757509	568930.637625803	553492.449907431	1.80766533627865	0.321832858778603	0.349719144946064	0.373948365523738
5343.94930589772	1841.45137975175	1.45287478132646	427429.188336853	406524.305466466	1.69802870643857	0.269227289336237	0.281892882800517	0.343065250550393
6372.47369098773	2101.70296088145	1.68458746374802	563108.382197514	537528.794305427	1.91563364963572	0.368794817759494	0.373789765182916	0.405973410171763
5637.42829947143	2094.63679536503	1.79128458065656	530552.465649413	484223.252930741	2.30060443719999	0.350485674797167	0.361999360568072	0.399989824210754
8977.8119110517	2129.6146859797	2.21117708981235	806610.853073604	603623.020841581	2.29191514013285	0.328972224379147	0.350017307053106	0.371999853789934
9565.39054703002	2006.12530491699	3.05833852894143	707429.418461698	498821.941553369	2.70871571217326	0.314784146945093	0.348805615887792	0.37284429026368
4995.48439099558	2031.28467384833	2.18353556504163	483635.245027465	592531.241989031	2.2180016997153	0.362417853011448	0.370074002869776	0.414828852009234
8034.2371325793	1983.67657055377	2.7886619402866	619289.682029481	462707.146724017	2.79920089449467	0.345411294502724	0.370308355678018	0.412235812554138
10920.5173518019	2454.11681985595	1.91910383097862	968400.984545973	598520.749423225	2.14413227781954	0.367672302262663	0.379006306952382	0.440361167737886
5713.49990482253	2012.34669218137	1.8921236387686	610472.35081368	531094.132948709	2.25941783408112	0.368611525914834	0.388578942200477	0.437400518063536
6693.31042873882	2152.67558161332	2.72339880857584	703919.537501965	523248.033158655	2.84933418261527	0.389802660768836	0.381954594338382	0.450797569010114
6897.32776311567	2033.73069772008	2.60132328734284	599249.881870601	489159.851771197	2.19955418351781	0.343456716025922	0.353111958941481	0.388225194863444
5971.42141834793	1971.59858234739	1.89797888105525	468315.646966509	511881.976103663	1.56904399771943	0.359174553893349	0.367375701412772	0.421638386569311
12582.2634912074	2208.49433564603	4.51879121878352	816974.438188914	563564.417281493	2.39368046811447	0.352751254407605	0.367702125206074	0.422586031109725
8305.7323647068	2490.31566592085	2.31365342426381	640251.640634623	623445.100431872	1.88410921119459	0.324992875493832	0.326214600724687	0.365471342930725
6277.41088582173	2173.98645631438	1.62043218001757	793794.42320012	594306.879796356	3.01155294547503	0.329761511999136	0.342898413001852	0.408370075916381
11542.9499127511	2115.9629438706	2.63421234658257	638463.565455809	493061.44950008	1.80917100530242	0.368702787994003	0.382623903804304	0.427402594787256
5133.2002157138	1798.58983217096	1.55017433752703	539631.575360479	419689.058510574	2.40708938341175	0.33791403677741	0.352396242947689	0.376161945734236
7264.05966433597	2053.42416135589	1.83730155043884	614957.130406751	520242.383556606	2.28479338010799	0.337641582952913	0.355535646682019	0.394436745847981
7837.32994282656	1900.98896915973	2.44794142793384	743080.213575872	506669.593029223	3.79214279706233	0.346349456747948	0.373832690654718	0.421846470787764
4879.5395442948	1678.37811132605	1.7424247675447	365965.346538791	398501.934111503	2.03809342627569	0.441972306486752	0.446187318553509	0.491652548618752
6983.82690627659	2170.01851268403	1.85297985056987	567668.283324247	486455.806148948	1.89533692814189	0.413519379976391	0.420808583170451	0.467104511730236
6359.83186298207	1617.7415034512	3.68044927517913	516961.287702785	348940.583500315	3.47517735245859	0.417833975582065	0.423508950119442	0.460891082895375
7313.20367813002	2328.54416036652	1.92538853910809	735990.060346225	584321.421632815	2.14853005454927	0.388253412260171	0.39076580205165	0.422818145935731
5088.89492263194	1781.5088713606	1.94910080366763	473463.022966312	386122.749249135	2.54802909282522	0.347425090495717	0.368433838287095	0.405482273094787
9036.8803298879	1544.33055884797	3.12990327210685	497232.616674584	410728.3314758	2.87737081567658	0.375049571786819	0.387061116976358	0.417350840067042
5916.37615089028	2157.93536036401	2.9494637039287	523923.967137643	571342.23098191	2.5945274384812	0.351682598497157	0.366290938817953	0.403508402871194
6693.94240159825	1630.32423833713	1.94898848389394	487015.915700577	447445.654330521	1.95539883831611	0.35025942702535	0.359449844879607	0.400914024933461
10784.670943595	1955.57018614405	3.1811654167521	995194.552690936	513477.772009182	5.2885243474061	0.369947248480126	0.384414680795774	0.416480301643497
6352.43225998449	1878.85003839002	1.7631522563329	545001.876189619	397588.530022951	2.17156008828925	0.345269466750697	0.374970384452162	0.423549141754667
6322.04995803981	1823.12153854441	2.60523154253747	472677.369736769	399156.80656762	2.54244877636724	0.386914083031479	0.395554178208893	0.435493096688403
11207.796450397	1664.32605739432	3.31270243369438	525769.707242057	444293.609061015	2.60348479940917	0.387668533567661	0.393332641679736	0.44577110931299
12366.1888895442	2199.19829912057	2.94414951122754	952199.674076324	558066.909901679	3.75519627468499	0.384498657464083	0.39949266587368	0.43200322625002
6272.14578041549	1969.49451091975	3.51133774023573	561731.584728197	457735.943697982	3.56504992997343	0.388094841169822	0.399860602257144	0.428017134890961
5746.30215673153	2053.83549039643	1.75249676055276	516270.415848291	507543.183349088	2.14978572750265	0.417766353849861	0.419763074053445	0.441176319693472
12993.8406208347	2102.65239954309	5.92381325373299	638067.227757292	446194.199833335	2.22142641270962	0.351580557736132	0.366237477714041	0.400695639362237
9223.22150086542	2114.29942689576	2.44951380935853	792094.737743129	497367.087331217	3.50729944118521	0.383895622154974	0.399589478574018	0.424643071787882
5607.41525495721	1929.1795956778	1.7219835389588	513701.956129206	497590.036134059	2.30326003523008	0.368695214040443	0.376955511524639	0.414886788138684
6023.37673094892	2114.06387384055	1.95998178590125	557701.445873045	601036.261590944	2.33787316157457	0.379642688245365	0.393247795367514	0.415270868354943
19399.9800703963	2235.45750443405	8.20898838112156	1515917.21356059	504357.786963033	7.94626901576544	0.403769522335876	0.409909991336067	0.450464018866996
18158.1586214452	1997.43801914062	8.20784411795941	2406262.49203203	470757.651596507	10.7189641446661	0.360053082500732	0.369440657293909	0.394636436724207
8620.73397002277	2090.65933765572	1.90300895669026	688108.859425364	526877.209377225	2.0784265611175	0.353744814175798	0.37893288605911	0.421902463448914
6566.774488574	1930.84256015731	1.90632711287684	479757.616928378	443601.129239377	2.03395957036389	0.34763936240453	0.362416561004938	0.39335332201371
7060.72682209912	2233.96217018561	3.45553688102156	663768.983363077	525816.361126687	2.90884749090209	0.307159632514905	0.332998342778834	0.368083967238986
9817.58800885133	1985.51700382085	3.62840141023353	604421.558625239	447384.032700761	2.47936506981248	0.298923420944002	0.336834228277746	0.378052245207296
9676.02833308194	2014.11725541367	3.0261610036651	659623.39109707	510703.04091245	1.62332606533552	0.285524821676946	0.310973548396033	0.357642559872151
8613.98485487067	2257.82862793575	2.90719925110467	775825.499494125	529509.123698459	2.4675731166324	0.334806474784707	0.35377751262677	0.380856078145468
7482.52697231963	1837.07936847812	2.43307596376087	546692.233519692	441393.40056831	2.2784444257634	0.370322320799364	0.376967508933402	0.425009100145388
6599.91435047354	2289.15005536264	1.65284263845554	748226.482224106	588979.738853912	2.46788479381477	0.282211173996113	0.30169786412791	0.360728766881864
7412.82431907277	1863.25291222133	1.98727559454252	510986.841152159	494642.995404481	1.84318032507482	0.343944696656617	0.353639902720319	0.385765389143085
5516.35149583393	2065.33328145847	1.32006201123414	459138.33408756	517137.413473944	1.64974505643601	0.303437084140319	0.324103117705138	0.364915572353489
8759.68801877507	2046.99222803387	3.38220702064979	740614.029751075	513511.918722563	2.22033261914166	0.319316840873503	0.343609194907612	0.362536900225121
6911.44475878668	1778.79169264467	2.67301904334676	497634.639491659	484199.073303335	2.62474402257213	0.297964871081611	0.320320819687048	0.357726141450639
13233.8562586213	1814.26472841892	4.27077087283036	778983.649314751	469812.294224249	2.2139178249322	0.327612324877692	0.356221846878662	0.37889711579017
6668.41851853758	2232.68716855602	1.78426440244168	682265.193532259	582169.435716472	2.47777049935772	0.341750355899737	0.361114779271454	0.394230664552737
8556.21066541802	1813.51510272667	2.95746783643315	634409.211341353	422555.427657717	3.57567470375332	0.327416342903599	0.355075185846512	0.380737611035216
11103.7064802808	1915.63931229629	4.2424526073761	706246.819114111	451601.216481259	3.09372010911222	0.342441265333025	0.364362120804096	0.390131020806589
16875.9791484662	2248.85114552935	4.53398664556852	661798.196800222	594498.296919915	1.77321879218834	0.323058767744575	0.366641105149842	0.372143863256086
4946.58853625627	1795.49282492101	1.91958570906376	449847.043140571	470659.482703321	2.33463067615065	0.35326099184107	0.37687200534548	0.393749869954993
4870.99687231448	2142.83494687255	1.57457369900324	497884.911161111	586948.780491126	1.8713443677621	0.342108113336016	0.363452531411465	0.402835141035981
6110.28246634282	1685.08433376712	2.10681960729433	519806.423605944	368605.067062584	2.96668535638893	0.35798498516655	0.390437168411024	0.422266025830264
5305.6287932367	1883.29313560659	2.01791428149112	547404.228096316	425840.212220591	2.91563733009982	0.325342172289482	0.330523941007891	0.37712228736962
4878.5210120905	2216.752255733	1.52270989577843	476533.71931842	581986.109567142	2.73202141595238	0.312481405531805	0.338865358094839	0.373190928687255
7044.83488762134	2055.48952414345	2.39151168701125	604456.590145278	568557.183770024	2.57106013033924	0.401558494921697	0.40817175584644	0.427839532685979
7922.82141438741	2300.78322821764	1.9126100627566	890632.094333089	613505.665945782	2.58268291370733	0.379880151915548	0.401989260156998	0.406918807217854
9416.89208436125	1959.31600956586	5.28813126094004	476758.454639549	549507.449365668	2.00156356727931	0.357075860868632	0.377097777288438	0.412232331319259
6201.23560116816	1901.9585679081	1.82796878301711	470854.938795734	464932.250603692	1.92464477933262	0.358048338257971	0.367074266484569	0.434215345358224
3800.56190048918	1891.53529004789	1.37816141700866	454212.021036445	524549.899242445	2.2976108166154	0.393208859701796	0.396363808837991	0.439925421726244
6594.12293034438	1831.91372008108	1.99836303883038	474045.491732573	481081.593179526	2.18874489256694	0.369054621951373	0.384105095832431	0.421954717010307
7713.65701141737	2299.0964559834	2.17400649437901	661766.902765809	645373.291667022	2.90730038629824	0.352930078515545	0.371280438384717	0.37905101038934
7315.45333307335	1961.12807177693	2.58318020491613	592194.603847952	501652.563754755	2.58887310780563	0.397288736523257	0.406460398445206	0.426527899066277
5698.03760067386	1978.99046173554	1.38324276538461	432466.786623887	499476.947524058	1.89375544545954	0.398764910159583	0.40885674220939	0.451811726006
7854.27339784514	2003.02317156493	5.03664264052119	699956.304383612	571417.199394888	4.58015807236083	0.400480183226386	0.399579352047481	0.46078408141444
4974.74664398573	1956.11771039987	1.50834847429837	592654.305698273	575697.441757211	2.03519270733716	0.334039236075574	0.36495071216317	0.422183410790307
8915.01457621434	1995.36555466628	3.50632908335547	692461.338695095	504703.97006738	3.59997883324886	0.396677536915286	0.406667337562322	0.44414298483414
10035.6095206943	2341.05087021742	1.8969392085777	978522.001282057	623034.424663538	2.98098678639444	0.353525764499599	0.367711810893148	0.389867493683555
8599.96186693192	1949.02853755054	3.89273825559474	549526.988345781	458287.691479165	2.34257129012839	0.343278146389106	0.343807646728997	0.393323553349151
7110.08943354281	2059.19964495451	2.67348148246221	493674.875270354	581750.578647313	1.9176344178828	0.389523531550452	0.403580741123781	0.430327661062855
5611.43172460102	2081.98093833751	1.64065744304823	489607.632173484	574588.876346209	1.86430293575463	0.375876624669055	0.384677398216614	0.426821642876293
9799.42910156196	1821.36748201694	6.29804889020313	1150542.72628646	430458.440364424	9.4024950308537	0.330563652855919	0.337609463661471	0.403965934477368
5566.97103558888	1588.68048772951	2.19851778928497	353441.592889282	425917.728601581	1.82192205216533	0.367109692605181	0.382477417745868	0.400001168784044
8214.65544044699	2207.60061559593	3.34217622167835	564079.658946682	649795.803853015	2.15571566258918	0.351132324045894	0.362662229901568	0.408773590447563
5941.73321250128	2042.68811009815	2.43427459344256	683759.854764562	582602.886614839	2.5682729640886	0.353958694107203	0.346482337604271	0.40951885732742
7587.9195123904	1835.79848354565	2.80905663368662	677937.333420069	532127.183268187	2.90023419496439	0.364021208573936	0.376504486511989	0.434584969552875
6927.61754974387	2138.9949093466	1.90188994694975	641615.689724554	585219.1251784	2.21464383822344	0.328674829317108	0.357652645665007	0.404705277834925
4536.96964308535	1892.08236572792	1.87641014422093	456184.991086174	471718.092805316	2.0868094316263	0.345888745748751	0.363751094581649	0.413918064805115
8218.76338021461	1882.75447615506	2.03860438564529	603760.877787894	489748.40394938	2.06500663369054	0.337315105285596	0.360527925410065	0.404101872688158
4646.00617985887	1779.96303937067	1.76753018804671	450710.505218111	452812.6850239	1.64641058233358	0.397960926508776	0.406526229625988	0.440690176503441
11583.6852702223	2026.8439197414	2.9907540231343	710947.622620779	496236.16319015	2.21636906226522	0.356886550511179	0.378733203852206	0.409740445011196
5248.58784051938	1832.38629386135	1.5886877044594	417120.964346906	410146.833656553	1.80205150107076	0.392402270098661	0.399153350034834	0.428956830570831
5390.69969960734	1783.47670099072	1.87844968595767	425195.413977929	393300.682630648	1.97161843963862	0.361368494137895	0.383020111181943	0.401188446805855
5855.95177604732	1985.46138861292	2.56169548159528	465224.954296312	523526.534408925	2.28484491247373	0.323207791652016	0.352277096608524	0.379040422108332
7607.98949592538	2021.5746473009	3.8803504380547	591699.000290826	548474.229731022	3.27818716543333	0.364261250355826	0.375696006296667	0.391046071974365
6969.30119831139	2337.6613112884	2.00215347972437	844192.882832239	604127.06727811	3.18218697305998	0.308593059948078	0.339802158629432	0.361768143128711
7353.51127163363	2751.35372021419	1.77951939733664	656185.844964766	784276.765393849	2.09168983818376	0.3264374268237	0.347251887125906	0.380124766150546
8288.33937285706	1845.39676901256	2.54241908749688	522500.47064605	528637.286356575	2.43595297915562	0.350611019973311	0.365706533934474	0.415923650552264
5762.39561798443	1716.70402330802	2.28450734828814	479208.264569888	478169.299246657	2.55214327347958	0.351268346503615	0.354177984591862	0.419080967985719
5009.17705322442	1706.49413359907	2.64113063613688	333008.465163298	446383.606347773	1.90997001765244	0.371709616404306	0.379397272473682	0.429387235664045
5826.16223330784	1782.47531512112	2.15558812561964	467584.012140968	452463.779449462	1.92784129827654	0.371997100585081	0.377063444354384	0.427327733551168
9040.4677271715	2013.09399188484	2.06243394934163	726064.378014885	528358.925813223	2.22276339446572	0.334596413831036	0.361036422058439	0.401392944362262
6746.85362772431	1786.00666280908	1.89042837415659	553893.336214687	447778.474651741	2.08684949013174	0.290896690150959	0.306673580270056	0.355628452287542
5246.57325852761	1832.7941996857	1.84356877491682	564956.617708523	482498.894209703	2.20574292698972	0.343366190700956	0.353415963373265	0.374567279931997
6497.34232231808	2055.94176606766	1.91619209835645	688913.88549065	557064.759121821	2.74500533203371	0.343571181657257	0.372258839413703	0.402671967230554
6259.22807217965	1752.13223182207	1.85528284609425	665414.242761423	416986.50973407	3.08583439151701	0.404573773728937	0.421107928675426	0.459796459452271
6378.07143881927	2003.82124225311	2.18168059097347	578342.709530747	518423.135793721	1.84979522928241	0.417749777853848	0.423265334859103	0.463677334377944
12660.1943022479	1986.70478490552	3.32240570472111	802651.28118401	426002.529974529	4.50763833284861	0.361143024751074	0.383449908377966	0.423032089761876
7872.82985027008	2090.732750931	3.23657462575066	535775.938570533	522993.649372276	2.0416151206282	0.409992694129493	0.407180212345576	0.44118291676143
5931.50828077143	1766.87845035478	1.80261877973818	560656.982101091	480915.322143743	2.41844886261105	0.370200230689799	0.384137023809918	0.41759161299674
7177.78030158336	1982.28764558274	3.0389792507454	563416.680073423	510602.388024952	2.60618854815598	0.381803621320621	0.386560368505617	0.421568183555657
5881.49096197824	1748.06187613417	2.36095110093514	438057.914235036	379373.669849939	2.78940691167662	0.386804710160165	0.396200622240552	0.435776774571782
6721.27422568494	2071.04763846561	1.79787299824749	538523.679716288	493015.328667386	1.82068942345305	0.35441059134395	0.368433500153129	0.386471069063927
6502.02095732484	1886.65426037657	2.96320647393295	616016.33842923	472095.085698812	1.80024962744574	0.296658455265515	0.303672910394219	0.362255886715245
28216.9460102239	2259.40665927702	6.64487972853561	1981105.42195675	494028.942704227	6.34925612967235	0.366195445042944	0.393058446558571	0.408168942253617
39626.993272271	2197.4657627809	8.08939017815128	4109801.53742293	575431.307064383	9.17674737258795	0.39321522056028	0.398917882933095	0.436370530013525
7901.1273429418	2103.76543126223	2.67323565020977	515031.661364391	520930.424981104	1.99861314452604	0.359193865217892	0.381186150128735	0.409501918295769
9378.59075178815	2148.81835936278	4.09950228360961	1188622.88010517	522069.057252686	5.91873858633609	0.300070805917806	0.329295476795443	0.371469345006745
6068.69688624216	2013.26350683142	1.93347458101083	467616.330406233	565982.793783136	1.92356101756832	0.409573203845784	0.427148821400372	0.450107578365243
5737.81482719109	2049.2758718199	1.68430222162348	633550.692166333	501412.563108376	1.98324177042948	0.366280607858381	0.371563746645052	0.416379740445197
5336.89483714206	1940.99399495183	2.12534297150765	451555.024877287	501021.824759091	2.36079305771151	0.366750167689153	0.383284491679766	0.418466667828013
4588.0233999028	2027.44715901014	1.50140882838494	429481.725558811	473067.394945188	1.68936680694267	0.377358263129702	0.385568896424978	0.432604800686438
7494.50320578884	2160.34213575441	3.06919985818662	602977.128143262	531936.947317617	2.70733183982301	0.340375982043751	0.350373296329165	0.402084466864248
5100.38283587923	1982.99040734074	1.70444595584191	507545.429277814	563986.038385572	1.95815858568609	0.364873409459572	0.383131299089227	0.42438198413576
7756.41374590817	2030.24176258029	2.56150697273851	754750.053144352	482959.211020516	2.45145588426686	0.391298413985797	0.396923291318122	0.432285190425994
6961.69987091302	1653.49509482945	2.10287249232385	441939.301498105	453994.510967152	1.70512808322085	0.39913964100059	0.404605140002074	0.4143286170419
8734.03354217501	1757.02954807159	3.72355780172156	775416.296651845	386503.363643512	3.70718050803941	0.40032719367011	0.3961209710684	0.414264635784857
6786.78942493453	2111.77752873689	1.79142103114299	535176.688146243	568799.433864765	2.02640203610947	0.345902107159817	0.365998548757007	0.386460008850037
6490.75053233848	2180.46202842987	3.12339508746655	578752.634371926	494039.235186538	2.57904968436091	0.389880353970683	0.402722608530034	0.438528657969394
10504.3294593237	2304.08118802812	2.33161091509734	769725.497358137	680153.155057652	2.40613176984924	0.365468718386524	0.37776502122431	0.418299427104964
6908.78812651974	2150.4146569366	3.26039691874674	897871.024905135	531942.902950401	5.05242194925579	0.455582761829891	0.460181812342711	0.484317821168568
10474.6213217915	2029.88830540575	3.63453603799885	564043.305530114	544484.808468471	2.69330617037006	0.417557589616915	0.417484427237079	0.443819603938617
6761.23004909558	1754.40689174993	1.86445382338242	653677.650843024	396789.621202952	2.68967301362718	0.438295314166635	0.42974113700605	0.47636824516115
7045.41475598396	1933.14925160042	2.5084667439768	595701.588838976	399701.460169793	2.08704979753846	0.403666564512497	0.406988311251554	0.430274988916392
8741.50410716626	1905.68744161476	2.72858575846948	456840.154362103	425046.320961035	1.66399930358218	0.356949750706821	0.370410755319133	0.398452330891957
9570.96560738466	2402.31101132795	2.30190029696392	945330.236272202	621501.145519914	2.39909020023234	0.357563590098097	0.372261884604938	0.38975392481935
6040.04046599433	1895.90320380305	2.63100384989319	517481.011638849	466642.577327731	2.16336958471328	0.383324774951533	0.391970862544884	0.433499102493706
4051.7624741238	1565.00880672523	2.21961127101284	338597.735136056	411957.283687452	2.08647319981149	0.355195196896375	0.366685802868287	0.387651453450252
6355.37611975194	2202.10959193052	1.95182634722053	697436.57232353	646107.710953977	2.28701670597486	0.356285472747755	0.378791267254175	0.409826428812235
26592.0228344232	1792.80449645956	10.030531795012	2308341.3197884	442974.652814234	10.4890570246338	0.370072230589504	0.392897791188443	0.414106807395882
9363.85502284537	2248.65697754232	2.3783660463371	809360.687731068	609074.091674778	3.23238281505375	0.364321024083354	0.382677777723147	0.430598286442191
8754.44367160938	1781.89707266517	3.4244233765797	477533.839968003	454994.392120738	1.94586833685154	0.374961358941636	0.389600301108538	0.446817143731438
9041.18889223842	1958.18175194274	4.71201693463787	542892.196761331	464198.96929062	2.94234275644956	0.355236949766625	0.380279521425516	0.417136741860977
8456.51706119637	2226.74124202909	2.0872563426798	806375.312161214	589091.789498215	2.14564577181083	0.354648434136536	0.371467094061871	0.406318020033478
8200.50802388396	1535.20568849411	3.75594912132096	451940.832597359	344474.388272362	2.02236050427809	0.383017023060427	0.40993304115602	0.461545969036737
7658.5909655746	2009.71721627197	2.0765383091651	732745.167865232	478371.384508223	2.00335753841524	0.346382474171954	0.358353920957856	0.405794486206411
5480.60640906623	2023.24344592263	1.84538298465277	630024.924984428	505376.600673968	2.50530880533663	0.306353816923424	0.330596110662657	0.371947827000049
10550.3788617488	2025.53006730269	3.83542997787434	446578.656347274	547729.368194065	1.74020640024403	0.322299186434009	0.339377078039943	0.370263569584189
8784.5368629442	1837.86003075379	4.38881138192425	1023602.89720471	498803.845818605	6.67770082390914	0.386669959455486	0.391098775815355	0.425337619942753
6724.20637155446	2216.6370927463	2.24018652451054	760839.839122918	574633.766583719	4.8536980995509	0.347151589498764	0.353609022632819	0.3973573226941
9283.31595866766	2010.13961010758	3.73933899577491	663843.245422651	542312.836137815	2.77168287832819	0.377960869120911	0.385375268670426	0.426430681935806
8225.22285121783	1919.62959715543	3.78133466496735	605407.272633387	529836.731915596	2.37770138064421	0.357601442585893	0.371779466010745	0.419660467521527
7141.76420203682	2777.47914904177	1.70679858170277	790343.903228061	644905.76285675	2.52980573170772	0.387237007330808	0.390482601773604	0.422362378765893
68693.4878255898	2111.05072134522	11.9756726785877	2662459.92463123	490386.74294257	10.4573312802473	0.399657563608601	0.405928431052089	0.440067091906893
16735.9200645932	2194.58601035432	5.91087772230026	845910.326423157	577505.181170054	2.71338027402091	0.40456354183145	0.414474866379052	0.440105315233573
21733.2977580289	2003.4950729581	6.27743878344119	2729067.75149106	549180.369757075	8.54134916697602	0.38345473332967	0.388817408925873	0.409779121151338
5820.58742833158	2057.69551238991	1.68729409357965	576928.509582386	598118.589473035	1.95612465863804	0.366489110765988	0.378858484234573	0.402623340034827
7361.33773094077	1678.08083764533	2.46826184970052	448931.699406933	426142.274141387	2.42716872254082	0.384632349333249	0.401727745205912	0.45168689643472
7584.93020449763	2310.43893954374	1.9479490285291	629913.912543498	572702.282512469	2.23418820657529	0.393845163010565	0.392845929556356	0.423870719535775
5952.76095491932	2192.17910118384	1.68212030023159	612113.666819709	527015.445817747	1.90026680532764	0.371559674493225	0.383761947930638	0.421255950939864
5672.11899817933	2053.87647844237	1.65430923812677	510908.669378228	592907.62092009	1.99402613535941	0.396097618442527	0.405894411491549	0.44377083554357
4908.75124326377	1697.65579205485	1.75461209455596	390593.221758425	444928.296252061	2.22119013768069	0.358683585523178	0.376912929956522	0.415247730840613
6458.84438040097	1915.87902892226	1.68803092467443	580125.382297598	483806.805169021	2.29329219644446	0.354629057380096	0.369640926570254	0.414952594826359
7508.70131264535	2143.14899278867	2.05407407053769	582831.408648738	670733.092506322	2.04742390971151	0.355638262501333	0.381728050840561	0.416164369015153
11588.980951692	1924.44086675943	2.77912889681459	773805.713228546	490924.305846816	3.42842153873973	0.328740529704978	0.350966784277298	0.379461165094319
6482.55809381224	1953.01397494017	2.15691414921231	474494.236108906	471842.45566506	1.82895110432095	0.330647474749231	0.34605765864905	0.381584517376427
10042.8059869309	2011.47516996383	3.08608090186736	706662.258849202	533554.766780705	2.45050378153504	0.287468437550117	0.323448765821468	0.360508591518388
9245.41303246454	2196.18778470614	2.23962597899422	643829.009156777	548955.167747012	1.71107841302383	0.3813626416622	0.389830370691547	0.435712938079404
10061.1602527488	2279.49680655162	2.40122074411782	776441.814679931	585209.373516387	1.95676185748331	0.34025943845394	0.357875395518617	0.381435149694941
5914.51713591054	2016.06058421194	1.80537812169677	495248.161663007	520435.286690448	2.03524030336383	0.349490686965728	0.36497284005218	0.410846876414984
9009.59899566728	1791.36541024925	2.54351594634573	562034.370407769	432671.254834148	1.80804570377143	0.400034215616867	0.416161938587164	0.461533065231184
6817.99974636916	2061.05900023414	1.75859659638282	552453.700370848	487047.398691308	2.2629541683336	0.367991327370925	0.388313452439969	0.43421855769966
7974.27113328048	2314.69094700177	1.95973851954754	845933.349811654	617184.626560022	3.39079317763938	0.386513784460142	0.396387772290468	0.444011544564478
7776.94614543854	1814.60268179778	2.70278002088151	492752.963702826	471636.78510751	2.16371105995041	0.368801996230434	0.381387527598283	0.425917117570053
10926.6251569481	1839.30525203407	4.01707912291584	931999.417853279	489144.870668329	4.53977080365083	0.377630144116071	0.39582205724637	0.42884566594359
7946.00457757907	2110.68547635135	3.68406806424814	506450.575754634	604478.795636843	1.88606529130815	0.34176317525716	0.345446634463264	0.399276450382548
8181.91931769534	2061.00977402694	2.86232298853463	494350.041608143	493784.031497693	2.16442174537899	0.377415190205521	0.391291578131335	0.404848633363895
5864.07416999065	1549.58076673599	2.56692142577753	394296.317401899	393035.595635511	1.9089219312853	0.418590876171694	0.423820207999056	0.448254398406908
4810.25261499253	1909.73547675235	1.89379869164953	529746.390928047	599866.293647585	2.11276078943746	0.40157864099677	0.414884449835138	0.452576139497195
5360.1810927089	1950.10793576677	1.35343943567027	495601.974919535	384506.755163814	1.82975088056199	0.368756668742057	0.396281884122365	0.421182545046546
5808.23847256377	1531.19507299556	2.42145724475124	360714.194954947	324046.009377833	2.05286804683985	0.418584108503901	0.427872829032951	0.462158378076693
6202.44616110181	1952.45689354004	1.83047635600956	573724.253883843	469984.473787826	2.09789026287549	0.371392892311577	0.389753657540893	0.410509638760741
4832.27365835474	1909.57675027736	1.7975733096688	410187.677146427	490120.227883295	2.06529297215635	0.37064597678061	0.382703280391997	0.407820095093049
6278.5306861731	1930.49528133652	1.75489296822797	445868.855474963	479606.378903811	1.86600706207456	0.377539018758702	0.398369231998483	0.425095431900597
5171.38533947035	1835.77840848287	2.01275278053518	596410.517814631	513104.262624369	3.85082795313839	0.337236084817783	0.35853066805415	0.395459782501134
5411.49944559392	1675.23012331812	1.71588751058016	367718.917038888	370008.365480698	1.65433689996131	0.35030401699067	0.367592996017807	0.416563684705295
5281.52714417283	1762.25009316711	1.74147596981057	554262.396981478	424605.350196359	2.69286070062493	0.321833955438756	0.353540735283939	0.396450176991944
7244.98777351929	1733.37163356431	2.71973458982712	489757.80355985	405127.520597872	2.20358127845689	0.369446459386181	0.398147853284307	0.432372289134412
8520.00053144847	2265.74627363375	3.21051191408271	660047.961366291	655640.130101091	2.28885651451249	0.327034452855518	0.3549624129301	0.394596660693667
9714.44102896317	2505.74820455485	3.94975601445126	1317618.10774029	794689.947718064	6.32414023690582	0.383657198939288	0.40498980245537	0.45265392653208
9593.69261070352	2182.28256203979	3.29010658607705	962130.263840296	597353.331286979	4.62891019632091	0.375850113464386	0.386923996035351	0.418363772927518
11947.4806678326	1857.87163848401	4.89543869012435	736415.332034059	488169.399022814	4.87553906816084	0.34327196366069	0.366569697954407	0.392043569520887
6302.44962410046	1794.8667303116	2.09007700158044	554188.117006022	488575.634936012	2.04221669567362	0.333227202832169	0.342029717488585	0.389090764193442
8285.75867579547	2433.76853950649	1.88207659618465	669650.594043045	600510.068636937	2.24580398276301	0.344789137441081	0.35369824739431	0.386884263128606
7395.04765232797	2797.61832306298	1.56511976601937	713588.642105811	611374.072103827	1.82898310044719	0.346658335198714	0.354711582698139	0.387170197283139
5241.92547784436	2095.06946327263	1.6531908902844	555473.277019115	498651.601991389	2.0734983191822	0.367491003945865	0.364997609463981	0.410847908896714
7039.30376440589	2043.58023338601	2.16656559024233	585527.517968455	563887.103853446	2.09628389954396	0.379576612976376	0.385018807023807	0.43161153286857
7990.53618382144	1676.25758796416	6.449824763527	438744.067381441	493851.0235342	2.61085420185928	0.354721093093627	0.371159787054427	0.401434981330143
5202.68477114294	1742.97741971929	2.11369062885901	453195.371091867	445369.404930478	2.29162960856	0.331390454699012	0.359326067303143	0.407552603851781
5769.03626970778	1792.80318207379	2.24845131663518	452512.618143319	421871.172427049	2.10591188303865	0.315972340775474	0.335298653333497	0.36105031006042
9481.09265307919	1909.94774689664	2.67796130352785	944168.192185678	433784.604481767	4.11067013194282	0.373887748801163	0.383229582499129	0.432168834579338
6804.65522474296	2267.10215913844	1.86907881269522	663997.427786134	626255.810461968	2.22238248160898	0.352526743701848	0.376248078190648	0.404712826348813
9303.64015838	2132.00126041158	2.13390457452127	1042989.92345925	642016.278050229	2.76755214575135	0.323428353411604	0.348542384666177	0.373979873377774
15733.6391529579	2030.77894023981	4.18481187583803	675927.675002155	558145.939589962	2.49394572495912	0.357703044244076	0.372057842976114	0.403913745626367
7703.62316303001	2010.56348674826	2.37097171232818	573980.778355689	470212.935027615	2.88323876182623	0.388448465865568	0.398235344308387	0.422571657420891
25813.3013133503	2404.94109004229	10.2275010140419	2289334.50610524	715609.452636224	9.08205617448094	0.332372032381829	0.341689503145422	0.37587877244197
6295.55390143796	1629.39511443833	2.90908658902016	396050.946506926	382479.714727196	2.15817154716474	0.344013491089241	0.363528160860955	0.379128373675726
291855.796132642	1884.33997329745	12.3587988416008	14904791.4417619	472860.971156085	12.7036465345517	0.260338509824592	0.26794604994836	0.320933053907283
7868.22642398041	2033.08552911745	3.60141241181269	676014.777205103	527839.962045445	3.38084476717685	0.327842482557953	0.346016762587592	0.376990565061758
7328.74961950265	2068.29513956268	2.05180819591312	688174.9283745	527320.955560395	2.38810599897077	0.339279250170972	0.361362712757817	0.382528572145925
7824.10295927946	2053.83805367149	2.45852170206267	620087.451469645	514951.741858569	1.8765914689091	0.363347750750497	0.381087664688209	0.406079645526662
23598.6159192033	2226.07983522015	5.73981788532723	2418057.40953196	603358.304251926	6.29347066051361	0.314083213220154	0.344056445387871	0.381045070832356
8215.18614226858	2001.80541906402	1.94356311770052	689547.808283699	462582.947606048	3.08440796184601	0.290057655234917	0.323416992630191	0.348674112942783
33682.7313279459	1600.07165196919	10.6142961862655	435155.299722577	354533.417922143	2.12773500533779	0.357260456654255	0.374778021570428	0.403816296197488
5645.50474831129	1721.16734149715	2.87244453266441	415709.479519788	377857.404749382	1.71738008543621	0.384327387274312	0.386430539121252	0.432142682619537
8239.52925267706	2050.00341257125	2.64813415717856	576781.51319551	474092.055653191	2.26867341900162	0.378178892720156	0.379593496906962	0.422837685421423
8896.20371458823	1771.26280445394	2.63198957503236	570373.306108046	471406.992096933	1.83636912357256	0.368423435225288	0.376209353247261	0.404551859350965
9157.50585820743	2066.08423528003	2.48090457246167	806649.881177341	494764.682628166	2.01701378788033	0.327135073780373	0.338352154461119	0.382860715296054
6206.25638563488	2001.25190499732	2.21813271621892	530917.035026718	519113.621478404	1.97545337697322	0.270318330083695	0.286360333198824	0.334107182136698
6170.28006707443	1813.66015551793	1.88066484098241	635763.012779258	530351.949084447	2.62081304810664	0.353115733458165	0.373503763935134	0.420102509638973
5459.83350726329	1882.65707881938	1.81006501261077	478760.542149176	482937.527770268	1.78905198852448	0.289382657677003	0.321519379641917	0.385156033626886
4691.5378071463	1956.67492074836	1.40573633847287	646450.288077391	555320.672104068	2.24901535175943	0.322434018987771	0.345530214374016	0.371888305536229
11345.0370737045	2067.93338256525	4.08412378699879	648088.155632164	502643.341202327	2.25162983694553	0.341855190615278	0.35330284001877	0.383670381480405
6594.90543653919	2121.65914544377	3.24444022646917	592560.450930115	621388.436770734	2.11761422682203	0.354906461250067	0.366564643073896	0.399998075179063
6215.73736297728	1978.03224300319	1.67287000507044	514250.411258013	494824.701163298	1.78016242010852	0.406176382377275	0.401590749495764	0.45164772083245
10622.0397566237	2091.03931330152	4.39137940398277	1180094.65628679	582294.019676066	4.10954990700765	0.309149324327131	0.337437588635247	0.375494182606374
5707.41972484178	2024.69539746348	1.62514223562436	512878.232714581	555378.019235392	2.19170640343274	0.383015165576054	0.404931821957448	0.441840456603333
6599.1471044355	1832.60333606381	1.896365941935	534531.774557599	503760.26184814	2.22017873284709	0.39623556284693	0.422713186823866	0.46649290111266
6579.13687458448	2022.25217586243	1.65355235056051	531734.750040337	484897.263412298	1.81793608976509	0.410648539139362	0.42442768299059	0.478362756119591
6170.2766136853	1751.66492278524	2.96564306201819	437242.263887683	432379.954778823	2.25647038994386	0.404409519320102	0.404969887391133	0.44894264854381
6585.7997973776	1793.45333472142	2.54532908845738	538878.030420318	417522.564894637	2.73185533444594	0.409744784288085	0.413460637745417	0.458255089428528
7435.28222521227	1987.59565770481	4.20040988750172	835095.828087252	493146.912854876	5.55095066568924	0.384464690904	0.395525470466125	0.452376065503705
10253.7683470815	2115.05989752082	3.66991665863972	897410.817466702	480121.397588732	4.21148376859433	0.392962699666047	0.404820330953298	0.444763171624042
5454.4226916816	1527.61732660387	1.83997114346558	397352.497722291	368532.592706966	1.9346800735482	0.372589096486693	0.384537978013059	0.436131005107894
5744.88141657865	1546.01733771853	2.8044012940522	431269.249877256	373899.47993917	2.98885440625088	0.342972169570389	0.351390617970176	0.430387184702982
10134.0016044168	1705.21587359902	4.44181766691205	479961.188473659	390661.735646748	1.89746551220507	0.380847701527699	0.395688118815555	0.43378637694793
6508.93526157915	2076.52341866179	1.7175588161696	578841.821633955	561592.601618971	2.18525778643837	0.406267294291095	0.416523723906613	0.450748784403935
4364.80289626151	1965.16549193324	1.67392592068044	498487.116944507	571124.144410875	2.38149246058828	0.411211097842148	0.421046560139531	0.462769309502582
6969.87610692516	1875.41080706566	2.7335477291477	724489.67584356	477659.923955485	4.2434423043998	0.355816061916357	0.376846059942	0.429200191604552
4714.16154452237	1964.33671634664	1.48576671338254	377980.130564468	556944.132643422	1.97641278796894	0.384375398425205	0.392535427224894	0.417912808020721
7415.48769461674	2073.1834770415	2.53764633477849	535781.205247294	489392.26804823	2.42845389602415	0.394068038817433	0.405995014312731	0.452154412385725
6508.2733853392	1869.05848331007	2.6858999398893	481617.902740499	428996.182547764	1.73851154942225	0.39069163158119	0.395041394690023	0.458536154946973
7267.42356771917	1947.8209898064	2.17014570846849	697962.976877713	543946.965831549	3.17037834509569	0.383369906748947	0.385517987213612	0.442307394008259
6273.90039697895	2170.46832601105	1.87771710202326	634353.477209029	577102.443230347	2.27687410207472	0.359921268607421	0.363434094308608	0.425290801859664
7246.55122074091	1861.35645289863	2.20020832961772	426906.616183245	382656.769317857	1.61231206503841	0.385162449185118	0.388566521080822	0.43070615754541
5660.83112555226	1894.57237893389	2.07805166598879	413233.218582624	460383.765498517	2.17429409421819	0.324182889609358	0.344501051751401	0.377208120490561
6220.89153848005	1935.69924120794	1.96252831100558	595564.367495695	490036.228150066	2.37392567632475	0.338876574245098	0.364452850915804	0.405054046519838
9090.52167457066	1826.34387545138	3.25485807712187	769080.472894428	412788.444414164	3.42478487276243	0.374770298832949	0.36983340432006	0.405230998748073
5948.45446711433	2149.48102522067	1.53882171800176	606308.053306675	528872.987329736	2.39024324470093	0.381636522575945	0.379224177315379	0.412656921049439
8317.57282004351	1980.83131004445	2.68050442416189	517624.744963641	556320.217977067	2.17915365254683	0.398125289255746	0.410981375004997	0.449790267317855
9467.57839130217	1782.3868745325	3.8367831699443	485503.452308618	449016.379176303	2.29571251984797	0.409245182766379	0.410896632860469	0.461593539801888
6819.00444021102	1935.89485185548	3.21651777631804	470126.960320702	465664.132895232	2.1596227036228	0.363420949212975	0.389507783979293	0.422559701874142
7579.72204388591	2098.14212310196	3.47970997634487	521185.403231707	530646.632084508	1.98037708725056	0.376558403640841	0.394749596263996	0.431468476580319
7428.19754572047	1968.92865696556	2.21603918305828	730041.784011673	540943.095237562	3.04125378856535	0.339169478026912	0.358356845564349	0.392270882773702
7455.10460430945	1948.28484771264	3.90527131405732	622471.951399723	578969.044434512	2.0084162381908	0.386183073912216	0.4171215889972	0.442855020958014
5021.68224671963	1791.7184670772	2.18868464417893	574345.68597764	440554.713078461	3.0388314259501	0.369568880651371	0.344161713174143	0.409532585190515
6335.22609496711	1875.38555440067	2.88841762945499	499030.717128251	448131.204093806	2.09681989916672	0.405844274461034	0.412660862116179	0.460099809829303
10337.5896384402	1952.5275966643	2.42205991543738	802716.520014452	465154.392379793	3.23669531036263	0.393251046064248	0.40350496320846	0.419691144553703
13259.7500936401	2306.18123518068	4.57331319133397	779515.280312646	578762.499452102	1.72921065953578	0.40423626415594	0.406420774338901	0.444273632203644
7454.76561168442	2137.96296258743	3.42357421517477	518777.571736519	575496.41811094	1.9208546290719	0.343485043944711	0.359492074789517	0.38339638813958
14639.1984429691	2164.68116515433	3.67159721262361	861216.134923955	552081.053272579	4.07115257760226	0.33397650143217	0.355406248022949	0.379292930364654
9244.35407514856	2126.86700225806	2.06971851191223	661505.226082462	504258.530372657	2.63266099476056	0.341619242439218	0.353382932907037	0.377392273381847
18698.92947418	2146.7079282334	5.17620261607489	637750.365440395	557020.630690339	1.96707298517971	0.325780231219649	0.343296228476583	0.383294791557142
12891.7522042739	1929.06550872891	2.57615666535336	864554.247144762	482435.266356756	2.81017876698926	0.396519267874709	0.401132378635101	0.417135541758555
6618.61271537378	1887.13602613747	2.17555801297989	611958.980342084	475527.288333625	2.48694839352413	0.360814445555459	0.37214587585667	0.414407810766021
3540.51661968103	1609.32287386087	1.41845587104734	344599.428162637	396782.113846863	2.35096457833045	0.391685708078454	0.397876400685086	0.440421349711781
7553.82488183632	1903.29068406368	3.6852722026354	511097.922419979	504687.009764376	2.37118406726394	0.363968533670305	0.381916136410334	0.426966577130972
10854.3862101848	2191.35193552535	3.41760932630129	783820.691902882	526586.066259287	2.29888775564413	0.390487048278698	0.406797648702577	0.450138814836495
10298.7408644941	1956.75490260004	3.2294061426368	428798.578583981	482300.396448358	2.19611863944614	0.39936228087879	0.405350989303916	0.438410121473258
6084.66187085374	1936.72929077731	2.07813350528593	506321.399537277	476624.24408306	2.28419252109742	0.373660833854876	0.382122676136692	0.412422371378735
5139.47415209574	1848.86120153641	1.42564740092103	536426.385884574	424726.618957229	2.13889197186061	0.370993733861553	0.389990593999243	0.413234579338122
5283.49120176535	2041.5400507219	1.55895319875233	536434.905972525	532038.207144599	2.31528206115818	0.313994682937541	0.335332519508978	0.358351903182857
5298.27992212608	1701.58090395162	1.64334893730101	453038.480827989	464770.844278818	1.89401104098413	0.332797292078281	0.36941774518313	0.406757770780142
5481.63420594816	1897.73449681168	2.31581946669271	416415.664283406	460362.285613204	1.74615090444866	0.311271655304455	0.351348194358199	0.382571119616795
8149.48690129277	2467.34187823038	1.78272689750942	694908.103379701	637947.298805344	2.08069190160286	0.361140731669354	0.382497166901682	0.41419666523493
13050.4859654111	1953.78846747013	5.63432431622133	1296227.22863938	477505.142210921	6.50857374978784	0.325754320036794	0.352860874948413	0.377685165764392
7842.25439510932	2063.97021416209	2.09768125766343	731839.592373571	622717.53271706	2.17920535909128	0.269674082677155	0.283030320395588	0.341833515290234
10238.9892419797	2540.39051584752	2.11367166094644	960254.104523416	693604.784134102	2.07858811053003	0.327148801546243	0.351748688415129	0.380295391841801
7416.27115568847	2267.27081005088	2.24940567251478	688553.291886005	582434.667459359	2.38074078610636	0.353515028477138	0.36849518419609	0.387194132452297
13000.8242818335	2046.46625811961	3.38853607841298	723094.071305398	559279.796881521	2.51951731888816	0.397963647375124	0.407729201941771	0.437157387415056
10299.558591872	1642.57794596862	5.63665119792196	408765.267738122	370980.95085281	1.92760677442801	0.352472436577228	0.370750045001806	0.403336255267942
16493.5829267557	2691.88097456773	4.05872257932385	895811.299962348	641449.011009282	2.43515346908147	0.33248623963171	0.363913163335169	0.38381861095405
21627.8016004131	2292.07010853854	7.71812374797259	1183974.0650173	548077.067949579	6.29067166375852	0.397784997544114	0.398642603780087	0.422712642781339
9730.26358383471	2149.57015806553	2.2635803312527	702608.566780137	544149.456378289	2.4970256542294	0.396562344585535	0.411645912564541	0.441914081853714
6137.67360370841	1963.52334867053	1.73951353189635	693413.442145251	563981.634815701	2.82617845179833	0.394040645568788	0.393527310523142	0.425254025635908
9682.07743673997	2057.19780129725	2.51796222675124	635923.332593547	545592.115200327	1.84649458130133	0.358483150230286	0.375623505911897	0.418230480176472
6578.38873854574	1861.85201666745	1.9481882385724	563245.925599939	439583.127343958	1.8276901209932	0.336584445682659	0.350403188380038	0.376017088939257
8740.76299619002	2114.58390835021	2.18309545310815	584740.200247545	477325.437366669	2.01438674588901	0.40445088984608	0.418457113539361	0.443328987585996
5684.4698492314	1874.7220642643	3.05248728876332	416686.692232019	470472.464136982	1.78460920475404	0.350674479508715	0.376532567636893	0.409483494748432
8435.03687672018	1899.52736647351	2.78568866140569	543973.131962792	501524.466574942	2.29374588113193	0.406326411882643	0.414141853178717	0.450404354985512
8400.22288193622	2111.5417196059	1.92362340899528	808032.665512106	525083.158847044	2.17520451988336	0.33870684908899	0.367673646506031	0.417005249483234
7140.71382167802	2222.27879793117	1.7690812791422	696488.819637353	538879.227897872	2.36616181563155	0.385019464234967	0.397446235510234	0.433393570030185
6520.62098713866	2418.12771476102	1.8895481458105	665238.964851477	521425.965681536	2.22171185529133	0.412075515495295	0.414278824348813	0.457956930260661
9562.26247116825	1925.695320522	3.0637986886671	614447.521908744	371049.493145345	2.47308267350992	0.415644969092819	0.421274846366561	0.459439282695304
5559.3872956951	1880.2764954841	1.9694618813311	454708.063113045	494269.662800977	2.38416017279801	0.386884345932571	0.401083089883069	0.44682176504162
11833.8969171335	2132.22882277025	4.97323231263518	1248748.32135295	503043.890722603	5.69018437608151	0.392496706980204	0.393599775299887	0.450353113678257
6989.07373796282	1637.73498376662	3.48749277233945	470918.511962465	392122.642846329	1.93961246371941	0.37168849520245	0.385631716743822	0.421645866177974
6560.76183479473	1849.49091477526	2.44373125718455	401371.126006612	506741.628564309	2.04142341481427	0.40750169910954	0.42104125555591	0.477127935228327
6265.37780196126	2019.44135553869	1.60279603201106	610520.568980224	517193.813765351	2.00522966578258	0.36416011268819	0.375792139430545	0.427421777075582
8344.02044653586	2035.76135798372	3.56711156353147	634234.977079265	481166.883586449	2.7738525100983	0.287037103094907	0.320050001339619	0.348170136795687
5995.60444643353	1791.43496442675	1.90088016972802	591335.030493945	418506.972617125	2.95864070543106	0.350658658226504	0.365092803823033	0.400971659545008
5870.27692865424	1816.54465159021	2.66906905429105	381103.784105976	418311.598401704	1.74841802326867	0.351066546887485	0.369640478424797	0.390052228646825
6933.16034938679	1833.23506768876	1.87663523681832	593120.01686311	430289.95989139	2.59500773718643	0.336482953826255	0.339332895982827	0.374708181237726
8440.72613632174	1903.62543922245	3.26853319377997	467760.738442014	517695.16287783	2.67208049095211	0.382983958170686	0.391562049901893	0.410941344314831
6770.92119536614	1903.90444587425	2.54054054523391	579339.988901774	437983.542559028	2.9457805361253	0.320494087828794	0.346226251434575	0.391158469164354
10699.949316782	2166.07867903638	3.63763666252148	954892.85484504	567782.898384733	4.38853870636848	0.3776646437309	0.387634519342069	0.402394334830378
12410.6214188538	2307.30337589392	2.25717127665168	1132707.93549886	643782.634945511	2.87754032072416	0.402380163185581	0.419404905940169	0.440406551443274
8563.43892529975	2021.57370348064	2.13541672224024	667762.32684657	528429.699195342	2.2974201011184	0.400007924060518	0.408371005820319	0.431875531522336
11153.6799188005	2722.79874938633	3.91216617869396	1872371.35001665	719033.356605965	6.59203122438054	0.399298074441586	0.384941167353302	0.421687052593107
6965.70197893653	1626.86969189292	3.76351434436049	423377.733442637	372456.469423865	3.37789505227336	0.387412128318825	0.393799005316166	0.417142324621769
11541.9385167771	2942.86975986822	2.43994084399165	1100964.44147346	893962.468931545	2.43010791649257	0.339476398412971	0.360450713205346	0.385188870884074
5129.02637477755	2132.23606124863	1.52250298546862	500216.49546065	530343.391583081	1.95269268631891	0.339059143972132	0.361494774263728	0.401985830322891
5685.90950780027	2106.71017270647	1.41737825270997	498909.250602675	534101.403363329	1.63277530268736	0.41399015051162	0.427916398673096	0.454829317080182
9359.1708365997	2009.64821430407	3.78170199491427	425184.139240758	483735.571567844	1.92647930590115	0.34579114922255	0.364926070793143	0.406228817759736
6474.2317460756	2111.38139112162	2.21770536812385	505915.587903499	571583.78358551	2.15500223571261	0.312169340822545	0.359518191622123	0.387171660096857
7114.86366738335	2002.51825819421	2.23406191767382	479885.408574041	460929.788191924	1.78600421234546	0.316262150297023	0.341862064914908	0.359638222725564
5951.34547497832	1841.76306855524	2.20301913294047	560544.682838438	414983.429581789	2.59092736558228	0.330593456192176	0.37058880025664	0.403998675001227
6237.05319692974	2054.87442085843	1.6267592901352	655502.172248971	537785.510062333	1.92406107621272	0.336611654126493	0.34531183814762	0.369695238766094
8453.31711644344	2262.90652027048	2.03944182556554	770969.394370302	545153.351773268	3.3723218613538	0.376600797598298	0.396215349862001	0.415356782974802
8274.91827874911	1912.47852477055	2.54941148711315	945316.676445229	555391.287275868	5.43243178454167	0.33616701358799	0.360576249951671	0.38577697657138
13026.9283521626	2158.06204900921	5.34770680502082	1218496.76072295	606744.099567307	5.81078751015739	0.3414286064131	0.351686277995405	0.377941047510694
9591.11287750262	1847.02762389902	3.52734797871462	460672.810411996	528564.949617566	2.18771846027963	0.33983568107955	0.344989357433565	0.396324888732611
8858.65848983861	2342.33098575644	1.92752677762899	733174.235681478	653982.896541861	1.89057249776359	0.299822906431979	0.314706956184071	0.349993576524144
7217.90220389297	2007.48365273017	2.25031616507799	501916.8820123	466863.027186377	1.93308614968273	0.354398388725642	0.368218062362464	0.385209405357811
6336.38149269821	2380.0814363637	1.87807147964359	691803.983922041	643138.181025396	2.33008735071604	0.335432511954535	0.352944364466372	0.370821944396946
20145.7055043309	2263.72012197984	4.09338968971766	674106.666321533	543546.671119709	2.14243522536691	0.329734609595294	0.355310693477778	0.383682179511065
6686.97401468038	1849.59500191439	1.90009224568665	452877.738877805	446549.800726908	1.99954634810399	0.315662161888504	0.33542968416638	0.373423149532843
6647.19888487468	1814.12173781954	2.89036501964309	569671.000529406	427501.212305248	2.21406822430225	0.318705247049631	0.341617469566839	0.372086992035102
8623.93393072095	1932.93308056816	3.46113752678855	911950.952287366	485955.261393515	4.56451249029373	0.346184486362487	0.36750513027038	0.394521568553965
7578.37770181912	1898.14193679898	1.85376913540978	573422.13636308	433344.203360637	1.8811110347269	0.35100182761413	0.370953360847143	0.394458268465281
6501.87920543055	2202.22812932825	1.7718605987663	664899.912123529	540973.053712383	2.37618616585626	0.357723202537449	0.372425432986982	0.389180421105364
10406.6102051096	2208.86804124636	2.48662146171203	871918.259909292	551119.48690574	3.07247362530569	0.322199225934557	0.338432557538169	0.382562746412362
8706.65130806346	2018.8475285003	4.16419577457866	544253.228405128	527307.594378433	2.29389581796482	0.332012655239388	0.354156921677749	0.390358796339863
6631.94545512777	2175.38097752616	2.05189574316137	895626.028117851	526416.281446625	5.18595515698992	0.30633523682803	0.336547816464009	0.372347873186796
5707.50395126374	2141.77751463998	1.93761019533822	579151.879001325	570209.470462365	2.17651897042215	0.314162408223339	0.320665442532029	0.378101494226297
5778.22296860947	2514.17878905426	1.56428612502119	545464.394303023	587067.375298326	1.87935160275335	0.325840217296994	0.357145838812447	0.387577948152232
8946.27402149864	1828.39748907111	5.89697882827816	446680.744435584	403265.842429093	2.08214997940538	0.386792510343876	0.384267373576061	0.423145498612139
5459.02236976287	1757.8999633027	1.55708905183241	444157.827082306	470979.22619456	1.59995355988041	0.378913446174139	0.389228940640079	0.435727842576635
6800.89581114437	1778.3431034313	1.82138362911844	516027.199888186	456606.230806368	2.15475185077948	0.401027423308138	0.409967550272361	0.433323716075349
6171.93338999503	1959.5397072789	2.02529309207128	603442.254904596	450708.310112873	2.23580370615413	0.367485690474657	0.37551909257376	0.418502980217143
10392.6178889156	2290.42709894358	3.06229665612723	1117380.68988618	557130.045092002	5.02506345398591	0.335612964933593	0.36139788299639	0.398128950342136
4433.64137922288	2200.85586439298	1.48960543483	524569.789380718	665139.785959333	2.14151446149861	0.341422601650415	0.364426731237256	0.390399952607265
12799.561622017	1810.96913396905	6.67659438316548	939835.373355172	518461.316225649	6.80488734218701	0.330471370499263	0.350780339870006	0.375680873781386
6617.49404304148	1957.52779918364	5.00419711573076	578308.85982587	481053.022763395	3.31233393669334	0.360581008116203	0.376905300220702	0.407059993729777
6927.24962597833	2094.27426312536	2.00980477357091	641981.618549675	484447.88992659	2.04238739136368	0.361539831852281	0.381640995228304	0.394054202640132
6906.7658130202	1912.21177197712	2.29805070785042	621253.146020279	595384.177384429	3.07021874982382	0.345745884992842	0.369007446504002	0.407592011361812
7690.93980698729	2104.48818192463	2.22833242845913	649400.929903484	542609.202278494	1.91634389718349	0.300286244575682	0.323546236518479	0.36128268853038
5897.95442418023	1665.33459270953	2.04903741650518	457977.831101946	382123.772812518	2.37560742752781	0.352739372031627	0.366015355214803	0.398419310845264
6337.17718688711	1917.29758267677	2.54869657586141	778018.739902595	582002.283005739	4.77155740848938	0.366708033253457	0.3703629697698	0.401160061066915
5971.73797057406	2149.05883297261	2.03294643398502	595093.545673968	562496.797320909	2.50134985713221	0.387096869860893	0.395059034521962	0.437372908624035
9587.22381278523	2114.37829262336	2.18928541282288	775507.74883746	569837.955157631	1.98294084037905	0.375214881053068	0.38453598740554	0.400651001856262
9002.82096598235	1937.06855324257	2.84417174069292	582148.061358773	512513.569541012	2.40173081803268	0.354164962672503	0.368335836591401	0.385263518290582
10097.9089232752	2116.47423329396	3.63882634443731	645923.984344596	521046.264182284	2.28679992541289	0.362351379384082	0.38190027244571	0.405502454119334
5583.75439420043	1923.53813974582	3.04723757646617	599220.324369007	468756.187028516	3.88197227193144	0.35580072705311	0.367734310115636	0.399803865735516
17629.3703465406	1704.86990042064	4.20596844017103	657067.793095379	426495.165212433	2.13430485661866	0.341246202337782	0.358950628388047	0.39942432994005
6521.44847600528	2137.79431630202	2.31092123716953	690171.402817917	648791.172785742	2.31317184435633	0.33502378140441	0.35224080546342	0.38371643645843
5853.47043385316	2176.95193273639	1.671509347125	601419.47697417	631339.116799451	2.46373551375351	0.359235006198063	0.37097464208899	0.390922218907631
7469.52365786318	2137.408139375	2.44919423056692	758470.158804612	549345.24077241	2.35829179796178	0.345565256435634	0.352971400593172	0.388257303719441
6682.46445495698	2402.44917830855	2.24364747431502	634973.116490718	654302.420275558	1.65356453519699	0.366076442895354	0.373822350664998	0.412042652234425
8269.39760784193	2308.73714922723	2.08002209031702	892693.982041502	647903.066343531	2.84781401564502	0.386681715601059	0.400008016238301	0.444171979825262
7390.66220183441	1676.33331659291	2.86402374957363	443198.399134026	450327.914455062	2.11096139664836	0.41129894801508	0.425255401550937	0.463039893439722
4717.3752739599	1784.93931653163	1.80225481570331	385715.653170807	504147.570714106	2.22612119503382	0.377524514735411	0.388283350003111	0.418796154978251
9258.61661486946	1982.61628759563	5.47894714096283	837130.0626435	487354.504911229	6.54336313213617	0.32398583686618	0.352002749304605	0.380343793302078
7421.28190322722	1686.56518690625	3.80642902158291	411448.577302323	417437.100718515	1.98250127237108	0.358617825692653	0.380529280700055	0.41989175331261
8371.22201113682	2367.08753330765	2.66205079433982	697987.673536803	597791.344685971	2.21162967650704	0.389734879329699	0.405846931702509	0.421209161700087
7080.03907916235	1930.37270011281	2.0412626560866	579402.099775505	552592.097567854	2.87532847068338	0.362194491503436	0.385295321528823	0.426983652616139
7676.39675957743	1803.44734079193	2.70468188965118	646748.031138638	462787.523206952	3.12536596594405	0.326622052305662	0.350509106908862	0.386764729761976
5802.70286094834	1742.95752262713	2.53748939858925	427840.639394839	403192.90289136	2.13054454281463	0.338314187504607	0.346187506803046	0.407000868720691
6558.09468777615	2152.19335222207	2.15536412931209	645400.296877812	518453.424387037	2.2166202035532	0.365964989614273	0.376572495900478	0.415827051606812
31683.1909783871	1719.8068338915	7.57258818081233	493681.296722933	426401.300924552	2.41618258125857	0.377324268504045	0.390440692888015	0.434634702212782
23525.800635705	1858.78588404582	3.80771777935458	736739.301135913	560860.834041994	3.18202598145689	0.37089195288973	0.386888143075461	0.42331942036715
12506.6915008618	1953.59372282117	3.18922688643162	582388.046578014	461409.787311709	2.09892153330401	0.363247020215345	0.37835995185045	0.41192715667945
9050.74833164676	1957.0233474351	2.92434449221877	545213.246477567	491261.191200839	1.91422007236149	0.376909084686225	0.401902906296418	0.451514756384238
6877.46271048275	2029.24718874179	2.03657610831053	487724.696230118	477255.682062445	1.96387783538945	0.328358816379589	0.361600243825035	0.399133891290877
9646.75545645303	1824.16662873304	5.8170279170251	934073.529865756	519926.138260569	6.65002765242856	0.348692298885964	0.370494945752595	0.40748000274493
7627.69388692602	1861.79333618498	2.59766404232635	650276.868303909	428587.333552739	3.06188311162817	0.375471294940593	0.392350096681447	0.421888200230892
7406.12373143676	2112.35435412842	2.37086829598659	565742.492858359	562960.533992826	1.86631041429485	0.364032822725441	0.383061065469267	0.414152747156966
7726.58921947641	1587.38574890004	4.54288001403729	446824.032904492	401368.357197545	2.5042572025453	0.388410365952529	0.398927019400573	0.425815898595723
9855.84726337096	1919.29458476431	2.77604693217147	835442.756021916	476462.153902854	2.51825756766766	0.368440765655692	0.37755463371494	0.401088141966295
10469.3968821857	1661.73696805337	4.03822800523374	1048987.25110769	471537.548207741	6.47790516772386	0.322999873056348	0.361099929504259	0.395531171613017
6328.80202016734	2331.81482192164	1.73381974776765	784961.26983935	641804.406182066	3.7950438526843	0.31254949098226	0.331428928709551	0.373454058898775
4950.92280471994	1986.61001037684	1.67839431185219	464196.141927127	497430.698087893	2.28501874723384	0.378432595150129	0.404383117096276	0.446628321397551
6448.80514757654	1959.31288511081	3.83990878863597	442152.510213812	539529.594500104	2.04298976512072	0.426487786393948	0.429361636068999	0.47397905387586
7612.9589322987	1914.20809672624	1.783325852797	675412.14473428	501252.388761836	2.4285050422317	0.375739607258566	0.386453626544755	0.412948765966177
7044.47991271233	2065.31156342211	2.18617029214431	517639.878308066	617222.974655964	1.84464584983084	0.370872247849951	0.383003319733509	0.405042699712738
7395.79397943599	2132.56032398193	1.79087157359051	610353.479740207	501266.469695062	1.82438122926567	0.366009609265596	0.378191609435173	0.418496335072044
10460.2204863538	2337.04222550416	2.34311408285957	863906.713534064	625803.610978145	2.76118523716717	0.340645843825957	0.359065263560367	0.403674445709019
5997.46580478629	1884.13673112693	1.79453206940428	573086.421542321	492240.377654749	1.95001054758552	0.392252305885976	0.386258704201479	0.440072483497098
9237.27684625385	2038.22607033174	2.88654356446827	755385.305506833	519613.953700594	3.10031956994113	0.362609989452245	0.3864957511328	0.41622268335789
7873.42082761247	2281.6243231363	2.15766938366272	976432.578973658	689139.455218692	2.80723346657187	0.34597524818647	0.361550716055525	0.409137244611531
8012.66854514436	2254.82108238367	4.06306917722072	1160704.24398977	641268.767491878	5.50689437293296	0.305773651252541	0.331889618610861	0.394780966404274
7572.6349141642	2281.87237002717	2.05114117634772	668184.101268283	580071.127945494	2.2438418674759	0.323777670081605	0.341877552668906	0.39635663679387
10416.4267639008	2004.10101789886	6.24127962441453	544587.118802278	512549.591100733	2.52540130143441	0.382154392860351	0.383400950540894	0.415337663668527
9450.98854731634	1818.82690536586	3.02619932720926	494504.940337743	443686.028917742	1.89361792644626	0.40404984715661	0.420175367307217	0.45798923804332
7617.24909633637	1793.73932261344	3.65355030472094	435416.733552045	445242.806812236	2.1468165012398	0.334884522841589	0.355629010356346	0.384959522112635
9630.74519591431	2169.80387109978	3.5641923042625	558687.085129457	556407.877710949	1.90658384222477	0.349162380334657	0.36666921637623	0.411632157147983
7916.54848386238	1772.18431820525	4.72483073750557	1084800.19193538	448505.162031314	7.50290684041465	0.313654107221516	0.34574295365872	0.373455405399996
14358.6602491327	2460.14402466432	3.40363898236831	754362.088980617	611310.139652965	1.92618697191183	0.352194392114843	0.379289580330829	0.427256379804321
4301.91841377108	1756.52596078906	2.55232127775898	409326.795933809	473000.899872329	2.02061599523233	0.371098998509096	0.403285935246731	0.440836761743447
17102.6059059686	2060.33634148225	3.52787773261193	683436.828790631	478546.28448541	2.07474506128488	0.395483474492519	0.417756034408023	0.446113581013195
8471.20985134764	2018.83669168507	2.80487237825937	577148.060824675	567260.368992951	2.56632890049441	0.328164087451909	0.354608452208169	0.406808315584914
5479.51212925997	1698.45617562122	2.28056146226473	381251.054853203	463995.15702919	1.89041545803848	0.350963768494587	0.378612669449602	0.401828674105014
12099.8341248021	1789.79375069142	5.22652842619413	759531.138661397	465508.939626027	4.82534798643204	0.338697822858463	0.359263839917227	0.403255825978427
9331.66601025283	2327.33101484523	3.58203532145526	816787.061625746	554650.251097394	3.24343719668933	0.316071168105173	0.341288201942726	0.382341267389327
7269.68865383985	2637.8609973195	1.86771220200729	823519.666171696	762922.91990958	1.96618493534177	0.32045740208784	0.3465140533606	0.362221015635441
9668.74550213776	1871.06596787565	3.59416224782388	703375.771712227	457224.067575347	4.59669618284164	0.352038908472543	0.376963681585117	0.4112887719589
6884.05439551769	1848.19049514229	1.75428211913268	679263.161979674	490616.309999963	2.56807813507182	0.323613923096374	0.347272671918681	0.377386508820362
13792.2368509545	1977.7327957464	3.42985835954267	790369.822908047	509013.751449791	3.60999535562234	0.362840169094169	0.38193609554857	0.414056932120699
8039.39842988266	2043.20338080463	2.79239098311967	604843.443707842	477811.187371813	2.76218249385647	0.383269970386933	0.397810052531431	0.418272056287878
5687.24067877144	1811.39331272089	2.10331899640141	412403.096571609	454946.28831343	1.73192554195353	0.372702982481067	0.385406745414029	0.417635251876519
8353.64214682081	1957.59061979725	2.81322166301563	661247.925216373	446942.455050623	2.51953994871652	0.332619175794206	0.348916383812198	0.397385477555361
9416.92298779813	2001.00389448252	2.46768570539475	918973.926300233	519681.143712297	3.1345691428397	0.371487367131417	0.375258240266307	0.415515999961868
8116.90161252097	2068.31059727491	1.8333336221995	631829.38929726	560747.572069802	2.41943147735146	0.361594637202707	0.379079117560439	0.417485776321766
10869.751083093	2408.35493197768	4.12165180324072	954516.232239275	713613.257201897	2.22577968723377	0.316009025022764	0.341710668018552	0.376312172792037
5061.38896462002	1665.68503305813	1.79624438674249	505691.180268213	384802.919680655	2.47199491066235	0.354475556319288	0.367277565601365	0.403039080439295
6973.95444858941	1779.81656224055	2.92736957104919	524333.99862062	431510.615060213	1.99253043768484	0.404541942280762	0.423273645821799	0.464593430737214
17789.9066520086	1995.24407463591	4.65142802058647	473990.973044464	552695.677371703	2.1460889751419	0.397980145987279	0.413115318387265	0.437585260910227
7578.61071556456	1849.7465958944	2.3699350774262	544573.348519686	424709.830136357	2.15776679672112	0.36716652596367	0.386532208790115	0.417991227425921
7708.26183895234	1973.95077018561	4.23652986354117	600599.958894087	523633.812418976	3.31712354895882	0.388392384841146	0.408312329740047	0.438174201830677
7506.28656656956	2370.25203510371	1.88275877499632	856248.57147993	554419.977955669	2.58875879339814	0.375219684418841	0.397871064069734	0.425673051116414
6477.80623809607	2057.48308403884	2.27260728360811	493714.186456248	514664.433826834	1.83547052373138	0.348365966595381	0.364791318522031	0.400200308972499
9806.07301120821	1926.81843678711	2.97068365270054	691955.453350384	461391.349691062	2.23848035748219	0.405081386115042	0.41724280801511	0.451683104894361
8518.12549512514	2273.47033554131	2.10192896441872	742650.04136781	543326.957692085	2.18828167486964	0.334209214291525	0.345785830153826	0.37292132228549
9393.3281173438	1716.62143428323	5.35987245667305	426127.095764529	377199.210564233	1.72613680848273	0.35261417230457	0.375313183933716	0.400412486806121
45319.2183486077	2119.85837054227	11.0397257291166	1404591.75274206	496538.161155038	7.38224936310311	0.354164503553636	0.374079591824803	0.411402599407465
6923.30266216885	1892.97712461805	3.30579729373533	559742.550222865	570424.583803129	4.00914151056959	0.409239138657742	0.408780706221615	0.43891511303353
6896.26938385969	2202.32472103935	1.93628958910413	716610.819533946	593182.239890377	2.07785815407706	0.353061462093386	0.36395084416795	0.393176490514587
6060.50441331783	2036.37134846293	1.60236083927	678908.917110574	509846.69977081	2.15756848678106	0.335616483080713	0.331173842406874	0.378955917094083
5787.39929716366	1951.35264813029	2.26943691165195	464653.707499321	563099.82424624	1.91894560896152	0.366392199305352	0.384291304781701	0.408947573196011
26952.0276511492	1649.21945637906	6.11370764346981	397691.639126917	421407.571372488	2.01172733794397	0.358013038713605	0.381044490739342	0.407839614932439
14068.3750766879	2080.35122395028	5.312490488566	638408.405955205	526735.807380628	2.75953030677475	0.402677589522565	0.406960024775632	0.440021394248092
5468.54628273741	1639.78161256997	1.85762811092079	514629.259025002	409624.670242918	2.55745601134144	0.371549366112976	0.378327450195177	0.423800631408447
5964.08148400003	2019.34043951517	1.85628587820523	650948.940097313	517965.645538055	2.72104460374529	0.367251404807902	0.375312492807759	0.403795869992523
4334.27219205486	1629.71849004458	1.84378057792606	484942.085289255	439271.27442503	2.51799794323611	0.336666673040818	0.312269146126096	0.382252176601709
8503.35634228849	1752.9828471235	2.21127008227426	528213.842352683	422261.461061488	2.18413535294179	0.360581505357215	0.373493567274649	0.42040637365256
11318.8333186068	1974.18419912139	6.4853198121104	1031269.84432504	518807.016255892	6.00063157936673	0.369539894743449	0.377420884425181	0.411379539829222
7377.2030522545	1818.14451205335	2.24514097500242	542146.874496706	434854.92006725	1.90714403410732	0.379468847197205	0.386576840798395	0.42080811946165
8882.30432050202	1936.73114876043	2.57785328315154	686305.272098501	492979.356726091	2.1424904556529	0.373498799890736	0.381574951335622	0.39996699756389
7371.52035714532	2070.59519961142	2.72908926702729	591729.853179297	618735.625982149	2.42877617609487	0.322575802486883	0.341046115733735	0.376188101921487
10606.0119382385	1974.03950930054	4.80414707756893	722903.810041099	520320.51690842	2.33415505332255	0.347328654652153	0.361857583854695	0.390848745462822
7878.3183240891	1894.3733156001	4.21459992960564	562789.779301564	429600.676651001	2.95373894647083	0.391615211546923	0.397745642598687	0.445312107278319
6627.08432858524	1823.77522261669	3.71983608654894	371895.689647516	470746.063853042	1.98946476873094	0.389420712679447	0.387655031012296	0.443750163186416
5692.79053415483	2032.02517660305	1.81856751912232	575643.584568719	486936.340490563	2.57277954019685	0.373946096322562	0.383668915876219	0.430805648431508
7707.85735127806	2258.25681019601	2.17113964280274	669647.852615569	598161.146631084	1.95081803370837	0.313178902144637	0.34023870321076	0.374026160994734
7100.70793545178	1916.17999916014	2.10432288198107	622027.812801735	471499.466476019	2.4374196266831	0.377197293289264	0.389892386629176	0.438238803264717
9601.03116717912	2332.2213323705	3.72069392777746	726369.731568731	592975.338375205	1.94113125609511	0.365038203322875	0.386623557101344	0.418619348327516
10828.6330244526	2015.1584262885	2.67405949814289	599148.643178517	504426.223718037	2.1528446957163	0.370071124672574	0.396349165987671	0.446792391294132
5326.56085480894	2092.80999980071	1.33115624240867	581795.838881196	536290.930076495	2.35198798826977	0.352651465312304	0.3791737589545	0.441773471092522
5532.72099566441	2019.22708625762	1.61558821710954	524055.800666695	518035.888589551	2.67588782033377	0.384152212194541	0.400320748650588	0.425722989251243
10112.8009774682	2019.76207351483	2.7370490933014	591801.301486552	576593.283756137	1.92228738659065	0.353619721027398	0.373189899561851	0.409543736573435
5219.8835874611	1968.14817213404	1.76487479067021	526443.458925357	526254.164176978	2.98376299657933	0.342805752249523	0.364713036532559	0.407529028625681
5663.45777441622	1843.26116447972	1.74717108307248	548345.639504148	476968.296836845	1.95739738333375	0.392071314379961	0.405300666007813	0.446404650267726
10066.1563479827	2174.08930536803	2.64820751066354	661681.659046372	510819.785249971	2.5176546730793	0.358141626621626	0.381686190467687	0.401861283815568
7040.66924957297	2110.31112674627	3.31034693287794	470509.939719605	553314.676122517	1.80257442383243	0.369000703710566	0.376147505809363	0.387984241305499
9044.2341697202	2075.74697791206	3.60642796588714	844820.179238902	537849.30457257	3.5688869375682	0.35154668882534	0.339142052904382	0.391770345415748
9071.30284968558	1933.92713194026	2.95431842598022	569313.150556983	544761.709574637	1.9822522204028	0.367351228107973	0.378526246226986	0.413217863616343
9467.11300513916	2109.63903261706	3.06019833410073	643593.208442644	554848.731746989	1.7650017832484	0.333815972397974	0.349259066495483	0.397365866736597
7573.20216326598	2193.77354454066	1.68818328766189	868780.981920636	546270.675418381	2.60735999758883	0.345906979719579	0.355408776775101	0.392717822396258
6631.51975776461	1923.51717038414	2.48972478024475	519532.582169985	467506.022022874	2.04579394331679	0.307011353783895	0.334014708014278	0.364658444501131
5380.16968730348	2027.02195873306	2.6554941602385	451990.176522567	487673.042286357	1.79519419549253	0.369727484428097	0.384178903744618	0.404861823919329
12000.0880809553	2041.91251749994	4.50816165743131	795409.615717817	568384.884297551	4.10986862095769	0.374695164848484	0.390543261420641	0.426038661829175
8712.49574604061	2256.07555255788	4.74064396402371	505839.095514864	641484.861002778	2.69478622604739	0.393567310525066	0.398786946104722	0.449391039665417
14456.6129798729	1984.01044856324	6.69662333207997	439441.401097401	484850.406669066	1.69221133242046	0.438660988255809	0.439992015686359	0.476411124849207
25169.1604385764	2234.75904496713	7.89490438249726	696523.441201462	615647.604429789	1.94090092132107	0.371590329179289	0.388934179315137	0.415921067063888
4907.87634101349	1660.04647885722	2.15857784402493	396202.668202986	373706.236167761	2.54440169171492	0.355304119283773	0.373545881751068	0.405149332512345
13759.8259660257	1843.90913627124	7.56896391104798	1098574.24707774	466946.3618093	6.72960535038913	0.337188793056103	0.349506690244246	0.386986897828265
14269.1898112798	2029.40363639385	2.7015087588811	780194.885006554	493002.861791175	2.19027040489451	0.389459972841066	0.399503339189254	0.440653328559032
5771.68411742988	1935.4839207702	1.7984729527403	566504.646279245	559670.049583087	2.52926945535937	0.393449964233949	0.404205276783307	0.459179318264621
6778.43856604855	2143.59628863831	2.26937175551804	598066.176411205	561241.305517499	1.776953089321	0.364793636733021	0.38124890827892	0.424902349120526
7645.23827906385	1694.28887137725	4.0006047801617	404159.100741901	468572.858842097	2.15513271405462	0.388867497215792	0.397053277032712	0.432769199736654
5507.9982932444	1861.48218960013	1.64825219393273	469549.643903635	431739.415461853	2.49099624310135	0.37938725320482	0.389139079607715	0.435647743801449
5302.23351405056	1726.96065987615	1.67201165554507	516042.695542478	449840.063037422	2.67186454685564	0.390663002064755	0.386139951856203	0.436950873138854
6264.83809149826	1936.0151311293	1.9463169578639	556637.184392121	500211.116593471	2.06649589192324	0.322495742700681	0.349209472104777	0.382313781601842
5710.8709895633	2011.62446647709	2.050955562334	472369.791937311	446300.285932808	1.98504641943633	0.354649371002444	0.361892297414761	0.395746449936701
7603.08916401642	1584.74601804956	3.6411703040035	480435.722297343	397922.853817597	3.02275177014359	0.386120968884359	0.392088974276943	0.429112351656655
12233.9793827868	1833.15520822294	3.41770046722191	578411.419929632	498318.625696085	1.88772057391905	0.358203254454576	0.365049327830621	0.401427804117616
12924.8762286066	2194.41290774426	4.35850019114949	720451.034539218	597723.950369293	2.29590136595626	0.358184128780144	0.366982255851306	0.393272581656613
8261.55447898221	2054.42130846762	2.42503859615321	739988.256688101	477908.294346655	2.03931879427135	0.313471976286226	0.340098549823825	0.367109724791671
5570.50534908816	1858.74141520056	1.9273638296622	414248.35455646	495924.076042942	1.96394710056649	0.365871021131972	0.384743178463303	0.418966594369499
12479.122763239	1902.80095054751	4.30117383492507	590527.53999162	476125.277638718	3.48598651358449	0.366812526354508	0.380128210724455	0.407346763484749
14983.1339688645	2311.82390299974	4.75665486898271	1531572.89554959	543650.924790621	5.54621722064727	0.377882313746504	0.386560989507529	0.425362205821312
12678.0846316161	2143.17967851574	6.85192013060829	616166.42254139	598408.928956459	2.79941548230929	0.326347035649956	0.348759763212383	0.382061951420802
9463.48604761295	2097.08331211456	2.84947101357862	607683.685913227	538196.245896745	2.20340266804931	0.3427433268666	0.362493125081011	0.40156119801296
11146.1687928181	1844.9154597593	4.36253555361656	635098.594133189	474197.348416241	3.28428620405498	0.349497301694811	0.369161196235214	0.402993770015846
5423.51028865742	2262.50903018222	1.69804470654046	532774.651778694	559941.420357763	2.38505000561401	0.334981032114169	0.344575759799245	0.364189638315118
7806.95914345047	1811.70329173394	4.0223876920107	521384.172229177	480237.723770049	1.82504908264621	0.382396218233595	0.389164319429755	0.420068633600375
7222.96562021528	2227.54043952618	2.38830783896688	646787.331081103	534097.34500208	2.31322274327623	0.356183114304853	0.370162006939686	0.41587893935705
9024.41038793648	1812.09827686091	3.41690145308594	495886.759402217	427595.436160766	2.60802958625903	0.357426664952775	0.368321929037158	0.423152589283216
7993.95909928817	2184.90872170855	2.30137953828671	628608.513780045	508000.561294193	2.40777008557998	0.284997651170132	0.311609154740866	0.364337563969538
11409.1331787679	2021.71577804572	6.41811138371484	548794.002178463	532629.301072171	2.30307634544197	0.343505974511	0.35764462258501	0.41140687496609
8413.14813454503	2257.94567954991	2.82342759264914	589760.396854226	594072.195061067	2.15283997184542	0.340943137983575	0.343529155446917	0.416317613925624
5370.61528116559	1865.4617995034	1.87996349341856	500646.3047649	458420.757788559	2.25279979284553	0.294105161364735	0.324470494552304	0.355477239575038
5014.62725210517	1764.98134151776	2.24868189078678	377930.119588421	375522.847871367	1.95695939055886	0.401602870383113	0.409775086376248	0.429967813270925
6425.98670234976	2073.26205449524	1.94271588901724	564133.514902979	525387.787570163	2.23947081157856	0.320406590779125	0.347909702617856	0.377237453072059
8215.33762103386	1649.90948672151	4.26062237787957	465935.086586741	393888.491086232	1.92429652637579	0.356654409805018	0.370560945201965	0.389197837518878
10902.6157833027	2035.26748452825	3.24753102891788	952473.361247702	437864.31970638	3.58386605087515	0.363908627010705	0.385133276330987	0.420453122949155
6125.03848868588	1967.40170196327	1.9382666467774	484654.175964665	476672.402220669	2.0146462279761	0.332736657177946	0.348017554290072	0.384812218536968
8816.80027043138	2255.78644523849	2.62059357493424	736981.911246989	574540.409768343	2.55704407550086	0.369879386419988	0.385178611662731	0.396291134190151
7524.68025318115	1766.62036977227	2.23923794725696	664606.009315359	424810.276035588	3.07154784628372	0.337355851364094	0.354090279253966	0.374287546467532
11882.8059014112	1838.93014604141	4.93481861043495	1022473.94351437	451049.528371233	6.60846569552899	0.327425051594889	0.344002076673623	0.397510730478164
13275.9055252217	2165.28750859521	4.03484155500398	1103796.7774577	573540.18366127	3.79422325253953	0.363204173523699	0.382440471058946	0.400101368270685
14451.7021961891	2283.02558930863	2.97454420056203	708112.721762591	503430.544005991	2.04450809025833	0.375607525860075	0.392778318259359	0.443113769964883
80092.8643079296	2348.38103466952	10.5913523567557	12908929.9560534	568059.323804154	12.3613860971773	0.356870417624754	0.366982472877217	0.402076123472942
6815.62310115723	1859.33135353047	2.16131028344727	459721.776789105	511370.528727355	2.63822142756271	0.353567250545852	0.38110692750473	0.431370707182396
10808.648271474	1885.75476580458	4.661629694696	614401.163522311	513133.115019513	3.15871434551845	0.353118329422774	0.381201014319889	0.407417645245102
4824.71881696872	2085.24291104591	1.48775162747011	438301.648574715	537365.723087619	1.94998556404146	0.383582363911607	0.398529621758492	0.449896978669318
7570.78080144254	2058.17018281539	3.53367081387384	518259.164296682	481327.73161485	2.0830713700405	0.42491665910096	0.432774991526854	0.454720914528355
9846.01511865138	2017.40914049351	2.81822379339483	779923.310724101	616988.423906793	2.48254129467931	0.441209159860811	0.450820565911915	0.494353940891408
5771.3561660578	1555.09662570986	2.2592652081208	400275.957101356	400311.132989408	2.01164150441401	0.356921272749886	0.371064539119088	0.424766536049719
5643.23653899256	1976.31557161814	1.51313941129151	566438.762229972	565887.788237898	2.21958127301467	0.300752684459671	0.325091355256651	0.385143620554352
36298.1769632824	1978.82263563208	8.82542039785059	3141283.14729964	510977.793349954	9.72481949164173	0.330551459968673	0.355981198596951	0.405944357101174
7896.95953626784	2311.05012621939	2.04956443947085	776208.404990145	611947.747749218	2.14340450090541	0.335589207405435	0.352074599031262	0.389229084314264
8617.55287289977	1896.72889882412	3.06449363474386	818821.79535068	460049.67930558	4.2014019908643	0.357787757852542	0.366842459104441	0.396024958247798
8365.17841742634	2181.24929140109	3.72637107914736	663134.032211075	517191.705311144	1.75905875616181	0.291602102322351	0.313914280635947	0.351917017791803
9447.12398941917	1855.94119866622	2.4121606023912	623879.022906989	466101.033472949	2.04412798990738	0.310603343976962	0.332134792363113	0.386671486123061
9627.46573525627	2452.83042810594	2.23684795481889	903366.846452096	696032.746302782	2.33700249198984	0.321792562987464	0.34472112485858	0.38051408978775
5794.14000830233	1740.59136916417	2.20427058153059	507555.375916071	407650.84908404	3.76750483583631	0.361471575669676	0.381103046979204	0.418065156121233
6925.78350346208	1976.68735158387	2.35030313473201	587716.039158646	496105.474635523	2.87497040551029	0.374002450616758	0.379610637428837	0.414561676571454
5525.47235386752	1918.8764370957	2.17022261009104	575386.305172492	440173.971040511	3.05948464158443	0.365350885552297	0.382659316267059	0.424437553791074
5853.34490545233	1680.22681569727	2.16356524938087	482958.505096025	423368.906174993	1.93900295067606	0.408877178455933	0.416921822258267	0.445948780721837
6747.42322396317	2131.96652170411	1.74724476341437	550724.034936628	526338.000575648	1.85951120428077	0.321206710219392	0.342566152582737	0.358489218999087
12069.6408278703	2139.12268108474	4.8174464809216	730482.212458355	504206.498114074	2.10457093770811	0.31465089764072	0.341188020280832	0.358602323278446
7077.73372776491	1626.12892155975	2.53496518227238	621252.668842415	406807.429939755	2.84668288931673	0.31897509516754	0.338208283167273	0.361747037578735
9043.92604570291	1893.38730024795	4.42387186068938	583080.143250969	445198.874292643	3.31683364627225	0.33271987431483	0.348504570505009	0.390641536230736
7581.73371586254	2245.97664629723	2.23079262995485	737281.686908109	585770.072265409	2.15822893466989	0.364971284877145	0.386631997460223	0.406359278503542
5595.33596784696	2092.99117289936	1.87958136693893	542526.781426714	588671.971163067	2.74701906411051	0.302335798860259	0.327097625571132	0.362772405743914
7321.96152590447	1998.31897494009	2.28830546161339	685658.882720126	507306.711349524	2.2141762837129	0.355943653072407	0.372379690098353	0.404998712795988
5102.96181081455	2118.82217349931	1.46947675674315	550011.145577746	526920.675826768	1.96840697419983	0.30743901317927	0.330901484506037	0.363886539972982
7356.73202519487	2268.98264483652	1.9536440574222	752616.786311137	580271.453984893	2.36225110108274	0.359765479304359	0.375408781180308	0.405414086359614
7918.3258269319	2149.51975065152	2.4740291483943	662752.219273103	638903.807542064	2.19979789109158	0.306068002354323	0.33047949462955	0.380823853463988
9476.8311191025	2201.52956662988	2.88698925812505	601610.455530299	549685.399639498	2.18946212422136	0.36366712128609	0.381805768100028	0.411835003450178
9055.66604546974	2345.22631016552	2.51138607450428	744958.615582855	613062.274256199	2.16875631710315	0.320936155100373	0.347350857626107	0.390315902521622
17086.4591442401	2327.97392243143	3.97836874315015	857498.974149745	609105.576019782	1.99881211293246	0.352172291435548	0.378567505483163	0.415230708350246
11031.7318874991	1917.90377694345	2.49016870974303	581596.382656956	489411.261977234	1.99602182277751	0.308466523151571	0.33589074295741	0.34796253465042
9452.68486824515	2159.23127619737	2.39526157994999	707698.036866129	488940.756425139	1.84949511570859	0.325880594290696	0.349793118891502	0.370858235358442
6200.7118202593	1847.47563256016	4.65999452905523	853021.44071031	509157.091111763	6.32119691720911	0.316958886059557	0.352353093779092	0.384602696655551
7570.21057260398	2044.18934705795	2.66029324822025	766293.950145582	626488.397359245	4.37403538392717	0.341430608074372	0.356988110127906	0.401622977840082
6746.11643552731	2040.05970820669	1.73286999544541	576426.382807885	426141.742622583	1.89336049354648	0.340610795581566	0.361180413847434	0.397324708283825
6983.5406001747	2118.11468740616	2.75170212893009	520688.342716732	579428.262961811	1.87835252549522	0.405617423435854	0.415896637148741	0.433866925352528
5132.07552966122	1935.99504090745	1.7866664071512	476772.041016698	524796.549346938	1.90280529157859	0.358612446307891	0.379434266404408	0.402129088818136
7520.14123102934	1955.97041229698	2.374432685256	555000.065759517	394785.854549742	2.23947398210638	0.356605254954458	0.375457684801704	0.406181661805349
7234.11691619555	2179.84959494802	1.98583394847665	684639.751438956	610267.403276457	2.31860246656527	0.387380552123377	0.395232269833332	0.434847634104911
5471.54898748315	2060.54656962942	1.6150570199933	644813.455593471	517620.036013904	2.32882848189402	0.360600519183056	0.3703807829168	0.402069169666603
9515.08760692294	1594.10449763261	4.16377056123567	494898.537316787	383561.024571773	2.00859738627961	0.385537928615054	0.39651646891839	0.42851793900144
6717.32968298268	1934.21512121167	1.951395184451	525043.615020611	462883.941206982	2.26224187688885	0.411689353010565	0.419978965305216	0.462061021918793
7861.67746694763	1820.96271248543	2.65358334147901	536373.984343085	467263.820321569	2.26997667083467	0.350335770689379	0.36679174275531	0.402013454108665
7198.95627960772	1827.10197900109	2.71764374562838	379509.846712594	468387.309548125	1.95252776549279	0.385556177713276	0.390513204418281	0.437761131825727
7364.79937919952	1618.97306499542	3.20500461079989	406635.203909601	382817.009960985	2.32326568006903	0.42415321126444	0.425561624958054	0.449407904335621
5329.59475251207	1590.53660909178	2.25309011555717	378995.966411514	394013.513947291	2.17349400860034	0.429503167171428	0.422676422231516	0.469307322132028
9110.81430497515	1561.46918333701	2.48610375219894	586831.696328854	412230.277461122	3.30817784802868	0.421633057958682	0.42499082000655	0.45425880133135
14341.1442444821	2581.07820056308	2.55041810993252	1214022.50972486	771575.879511732	2.31961097507833	0.39502705331792	0.384838815149533	0.411034079049455
6273.24283693699	1859.8626716272	3.12798360152193	384797.504935756	422800.918677153	1.8357742592674	0.425965725857195	0.425689279582895	0.465269383503399
8380.06296124905	2197.97820454144	1.87545646685786	848758.116867039	567168.967277295	2.6909009102213	0.379958638359678	0.401300986405957	0.432857498131454
5124.97351032912	1843.04719630056	1.64482412914981	492380.735826029	442911.5463378	1.84772398911659	0.383041243514577	0.388841378901493	0.420008658299701
8588.44702791179	2043.52450710313	2.28643136201499	844618.114546813	658987.093967355	2.24860731314008	0.356442618461469	0.37344564023881	0.418860499497341
8153.10641696014	2065.75551353368	3.20821539855652	586736.841108512	572448.101516435	1.98744554958242	0.375846941481769	0.393433137146088	0.421837761155684
7072.93222127459	2094.33442944503	1.91344273656488	1035383.58207549	525853.111425268	5.02894727468655	0.342729341100464	0.364277591795065	0.395668457096327
7686.7732673752	2103.55351770717	1.75820599998963	554317.26037169	478643.042304726	1.66825274021074	0.313342863827977	0.339203478971324	0.391324032181437
8448.5353257286	2404.49847575747	1.95272980393651	733188.135678471	575889.699139922	2.09633734429635	0.373787455712855	0.380829219105661	0.414950229521421
9668.69092917553	1761.63961139509	5.96855064789133	592390.803780086	550028.429941128	3.42475006638523	0.310477127109142	0.343368470915436	0.373983977454142
7437.59855454463	2227.21668475254	1.95033013436767	702071.187442193	544430.905602267	2.33254923493847	0.345996666509025	0.360829842611503	0.379794130974062
5968.55914460171	2062.21800019949	2.40150911151019	530253.887476189	575017.152770278	2.26533213198361	0.35681952882516	0.378339963763946	0.405189665629766
5845.81643525889	2043.50554203463	1.86763833685056	533832.670809036	606441.736370255	1.77579996694843	0.368347915035284	0.386760106151603	0.399541368045483
7680.34223259399	2166.66655376332	2.59736623321673	643443.060861601	575825.850850278	1.56950636946184	0.327001308466556	0.360322930904617	0.38697339967605
3701.1496170286	1789.0668542417	1.26082676533053	333357.594133795	485394.324695069	1.73779848796266	0.36492952996823	0.373701785800631	0.422074125440771
6116.13041949398	1858.72368880247	1.87863645286755	541974.889980079	484275.079751863	2.81928696595332	0.316963314195506	0.356302976654952	0.392803031892926
7671.0344131741	2295.00389900904	1.95289914630593	722150.826723283	571589.869928275	2.33859362878603	0.329704385894306	0.352929400632585	0.389869496400378
11020.029964407	2192.72239070216	2.25380097838664	872985.92801666	588588.099918661	1.91589220441776	0.345246381291652	0.36630759728487	0.398038098729601
10440.4883072437	2397.88781101496	2.83432878742701	843339.116507721	713440.138716113	2.34171510937936	0.342050253241417	0.351153515185105	0.3723480217974
7904.89910003537	2308.33822289222	2.22532511067059	773759.141454728	598755.155769659	2.96806003385943	0.289670017526828	0.313709339720602	0.337383356320686
6151.40045509009	1972.60084646348	1.55508454327557	494338.342320141	408038.914840926	1.66201014669531	0.370800722106379	0.386359603760608	0.416726136930622
5612.74425903277	1992.78041334151	1.7033507156721	591066.290733941	467942.827291785	2.88695466501164	0.36715531916242	0.350276386953806	0.408914851476447
4741.67003928393	2108.6290761796	1.50310100610939	435668.348448525	455160.379893478	2.08073666975658	0.394546963882137	0.405893855631497	0.444539768011493
6877.49377805732	1927.19208080153	2.62327060987508	536043.27538205	442802.199087738	2.7012914568748	0.372513100090932	0.387632033428894	0.427657243631462
5362.14744062105	2031.23254800167	2.13161616469018	513158.982146444	504293.442432726	2.14299833392188	0.374004247991156	0.375289291168662	0.42833201102102
8070.01182483008	2054.29855182411	2.69044817361303	548912.371572493	450385.473329379	1.65093610411092	0.352802770803126	0.360607472570856	0.38940737524458
6772.26065517698	1981.44954787709	2.35668384725551	486858.861424859	501875.852810263	1.92652429803448	0.36307900240338	0.380088158614479	0.412326351770534
10540.8070790334	1693.59360240611	5.71570423665176	477101.000722205	403971.186445905	3.75586556568696	0.394062647482244	0.4012144902206	0.434569521843067
8536.55526237163	1716.32234353239	2.70110805592629	619827.71323416	373745.774245661	2.59829813729496	0.397204241893784	0.407691758174948	0.431970635557183
5316.32473213703	1803.63601032126	1.66587936754299	460255.650785198	386909.854654387	2.48227382597831	0.392950689974576	0.407829668170848	0.420251204873247
6277.94388284261	2074.28063980055	1.95803843918521	601689.431331199	510912.163915097	2.23283929087278	0.377153561096157	0.397381679651369	0.419937593832989
5257.67967931364	2012.12132304343	1.43722552197904	478235.315303069	438123.79536351	1.93675552736716	0.354268485541775	0.383437903577186	0.416577676216731
6114.27734575782	1653.66475310804	1.72340811513469	555746.300134421	371580.16029793	2.19111271149559	0.411608026085859	0.422209242573019	0.458488470116063
3464.21793708434	1446.5651442233	1.65419625408107	231528.68501334	341164.875283565	1.55346466849956	0.405058909392051	0.434129301856779	0.485215457325324
4693.5132708231	1833.328812497	1.68388914764073	397610.348146865	442396.080819508	1.97703068559108	0.414751908732281	0.426636258017481	0.459300662895612
6627.73272439416	1695.72867530398	2.4698969464373	525378.383945282	301278.451861091	2.24264642416157	0.371051917162395	0.392236362276605	0.416392645172846
5021.47009685155	1488.99486514487	1.64754501313098	389367.306812486	293941.87589989	1.7606864665335	0.358171518594933	0.393619314233087	0.420329344912672
7962.10615942735	1835.6960960701	2.54174126735171	574480.517938687	489308.313362514	2.58668201793716	0.399616364588546	0.404301638641016	0.452198277266308
4121.30615698681	1813.05942534216	1.58207981699552	394451.280287184	496986.580743571	2.11676995701815	0.4032581927326	0.407725925655234	0.452808296683482
7744.28124405838	1827.02151983139	3.14731742349709	369511.786559778	460576.353729608	1.86917308406139	0.396219655937658	0.404964504896431	0.451991912166728
11243.9871915479	1996.20047385369	5.09659148221388	491728.431367793	446107.913991441	1.74334887959156	0.408025764941929	0.419861439850559	0.465440255646133
5937.87279552339	2105.40999841321	1.63279080563495	562617.342539364	591821.894832849	1.8660200736837	0.402102722771927	0.416693312496233	0.470349409211311
4574.26284998887	2205.66714288301	1.27970769587543	500681.822814234	521031.205261285	2.97772262569717	0.40088194719474	0.400679972260205	0.433499450324388
5605.05575230597	2005.10755565098	2.0213016323109	459734.591832211	468084.357494051	2.12146451704072	0.417145137681968	0.424562311447278	0.448796867448987
6160.50856747014	1852.10138132192	1.92545530198125	557887.264332909	445845.560483981	2.10666785020432	0.432662499066117	0.435400562470674	0.485514177526667
13232.196173289	1986.40249623361	3.88686733436359	732338.930309143	495162.991458201	2.33804224441923	0.40921217538539	0.418866726527451	0.456618307262864
6850.0032772578	2099.05414055727	1.77483593860361	635739.898022588	453793.68273023	2.15185267092675	0.40228811814689	0.410056474421621	0.434560278947065
5382.96173180407	2035.62075528476	1.68140797025239	652456.408775702	497925.524882113	2.51436768090553	0.400343477841299	0.421943161986399	0.452373835031501
6070.44770280776	1803.48908409257	2.1824522532863	347914.017351763	373258.926272576	1.56122082277548	0.367460177336058	0.38872962690871	0.426415648142335
8116.15940686023	1858.13561080703	3.27907476406657	670452.378640425	494048.173352299	2.83362080149497	0.409294463609038	0.421020453438911	0.46787425559548
12292.0315414694	1832.20897159	6.55488494262234	712583.692918813	460436.101676209	3.48142237709764	0.402976183736902	0.421407313948496	0.486697210053132
5337.74480609637	1880.76068532079	2.01391462654352	539245.371056828	506879.330061703	2.72129800988353	0.41824463750245	0.421558979940596	0.469554381948994
10125.7956601874	1803.6858001464	7.57478462449135	434224.731725176	458422.87588307	1.82420127169862	0.397224047644061	0.406788175617739	0.466454644087899
15538.6798528244	1960.63328194949	4.27883346918236	563974.490930535	526947.774773901	1.93111767334067	0.404353469589504	0.405905841984638	0.438048242891103
8903.80515612848	1866.93931542187	3.19919201583963	507425.277862694	474168.693794473	2.20756408275578	0.394988843178003	0.407245230464409	0.451271374596005
6333.46613585268	1846.96561842666	2.31058241360299	422246.749426307	372451.397305427	2.12353002899341	0.416171405419448	0.413548288204854	0.467275662760093
7079.24283581446	1993.94728532717	1.94106808596893	578077.229769056	426338.841207218	2.0477655393967	0.387101298327335	0.39266269240084	0.444180122463365
9242.77103529915	2019.78708433361	2.60776925312449	698949.7636801	433408.056955456	2.21709116375166	0.452647962490725	0.445848700982509	0.487253105631202
9164.22167657385	1947.12361471697	1.86877843922925	657626.723766885	516491.519125044	1.92890072422973	0.431274169560851	0.429227031444046	0.479788803660056
14252.9598595149	1780.56241250338	6.59827579520078	597444.629955943	416120.866128561	1.96869284879065	0.364790923243071	0.376738150661582	0.402172406601438
14226.1266649755	1860.05264583737	6.87038454358254	503387.036990907	498551.763978382	1.90257475320103	0.477264897706372	0.464953690342823	0.502811417710995
5227.50821386935	2043.08197585511	1.83653307433573	444056.822467688	513148.704754556	1.76296649227726	0.435725357899414	0.432000973383615	0.45949138381644
6984.34055967972	2067.78062106486	2.21879988615875	509478.762857573	589920.253082444	2.03001873008189	0.413450982336607	0.413181406967532	0.445348125848827
9253.23982530739	1869.49118696594	3.16398531940022	759942.279079177	433615.362875151	2.95729987057085	0.413856772957141	0.411370112846436	0.452888366684005
4828.07394664477	1732.33969765533	1.41951830167334	430099.108831351	344942.105181603	3.60942893051459	0.451153967754527	0.438898658041253	0.467312553549938
9401.85855536597	2257.56084853755	2.83199364430495	695705.510419604	578916.477722636	2.28745921504172	0.407604157799517	0.404858477177528	0.437717138703164
3883.28179646657	1643.40243482515	1.2411342831592	336063.33617992	395418.573191441	2.08859036017966	0.390158105100557	0.405596213179688	0.437777773591912
9627.13961916103	1995.61381064346	2.26274373569463	565881.09758297	513745.555025337	2.31310157804942	0.423813003825998	0.420365294773315	0.44853217407406
6650.54482700448	1835.91145356156	1.95202754886461	419947.838362512	390886.81982035	1.95541649580024	0.405577734093749	0.402015048830466	0.434610017460021
8576.31541623581	1722.17431723413	3.75038447436543	370005.631955836	390853.10038455	2.00752201318222	0.413538672272707	0.417956660842573	0.446937864385062
5245.49351058081	1911.88935144944	1.64498236895617	505443.593227884	521143.749513094	2.13346344239536	0.370472655843009	0.378097110119141	0.430628104541374
4342.40923659599	1859.02231171941	1.73624467368884	433915.153047042	565372.405959177	2.26783456890597	0.418552683012866	0.416400711332745	0.472684899111818
11002.7287540861	2282.89228480294	2.73478269360143	855786.813540513	526969.352201086	2.57328699197386	0.433941461563497	0.42816132394578	0.475925544244704
6416.24109883814	1868.43618655037	2.75922425160012	479939.194364259	533460.548917906	2.2074432802854	0.378224749566968	0.390321851204812	0.446640109573837
6990.56353485046	1766.58833834379	2.39746904276373	436074.138663435	359464.911101749	1.60705253822309	0.376130614066032	0.385455139595069	0.420450727212089
5918.17508412894	1786.25648366331	3.60615688360395	484632.425541826	416822.371234613	2.38954205419344	0.315487343415098	0.337932333645265	0.391806782389587
7169.24618817098	1898.96222106275	2.47135252417072	597025.595863373	458923.16204259	2.83520750181717	0.382221800273391	0.391116309037242	0.432949999732856
178496.940828104	2142.28286751473	12.7354445309311	14640383.8898901	588661.487618633	12.7671181019484	0.357079120144345	0.365277304962503	0.41087788729949
8322.35694781731	2183.51510015726	1.96342356066375	707367.467912708	592261.391469895	2.07513190925256	0.371285914532454	0.384598285888288	0.42445136548265
5645.26487822652	1936.5194443395	2.13570030057217	513670.414031297	466786.518810101	2.5393279646951	0.448748631665081	0.444400444878332	0.503111441055411
11414.943152061	1434.45057481529	3.97905790402077	283511.268285249	334491.751661938	2.46028120494728	0.436278574199753	0.437963009205196	0.496279180435959
103779.84187569	1992.28871913029	12.4615910939475	5604811.50024797	483173.287848224	12.2741163053884	0.438267398209695	0.433504370706721	0.503840808707955
6017.11420601879	2294.67575934322	1.86713697526746	689694.790130645	778444.186398679	2.68277090169243	0.416511208985973	0.413636514796601	0.459444188690053
17000.1110773208	1834.68050470937	3.37263998713343	531457.26327127	477901.903129941	2.30962054846865	0.400016055815187	0.404090966405184	0.437538750068938
7012.9719910136	1942.14613255902	2.29750315057314	476483.887701704	531162.351027912	2.26197041698038	0.35142664050348	0.376478812329725	0.415457180444297
7091.76743493378	1853.88442854512	2.38908622295592	390332.646689442	456299.762430389	1.76297120939436	0.385250511338611	0.403327683258402	0.436674504935449
12019.3837085754	2004.00493474639	4.8680606325104	446844.379799551	473643.153877226	2.51112759993195	0.338000912058273	0.358327724533956	0.394072952090941
5325.32632430566	1849.35982453953	2.47862282235751	421520.121830259	467501.935050045	2.4056212277716	0.366317441833341	0.376656225902975	0.430467201901283
6467.34801471006	1807.21574056129	3.1427730240375	449930.724565657	405111.528963455	3.72395000647591	0.357834987224871	0.371843480954478	0.392185197783165
8489.86065151086	2174.48584423136	2.59842417075651	682068.511921915	647535.079238628	2.48901051799319	0.365441778230019	0.389014063220645	0.418295474482339
7188.79895873279	1937.50897364292	2.30846670229349	590777.511875861	509016.440688538	2.04120017968536	0.391588267587021	0.408585379776791	0.43589681033735
9374.22650423518	2030.94223409974	2.51589821733892	719414.3228024	473495.47909102	2.37427579835225	0.361749152010035	0.371158083086239	0.407191403919479
10403.6987902713	2160.17307375219	3.25519035839224	625560.545343624	570189.704514823	2.35207499376907	0.383507799765164	0.384565788271101	0.431564128002674
6664.75249058311	2016.55000811404	1.8512112704098	450910.40937055	499857.000583345	2.01938475567099	0.361308005965351	0.37538134383707	0.416625592257335
13862.7141920673	1682.84610180808	8.52569176460178	808114.878877906	387645.062812815	6.45397992826477	0.386473219002651	0.409460049227167	0.442301103321135
5572.83348661664	1721.93992180264	1.94515200779793	431523.320659281	354430.994543055	2.07207119910074	0.369850945562589	0.379655940061506	0.409740111602338
6831.43016227229	1605.67645044577	2.02663643939261	470097.109979526	387147.286983084	2.24121634838058	0.38641787134991	0.402192604261282	0.454115274392808
5182.64119276847	1855.07064414912	1.89550970148558	471953.270801497	505275.996147127	2.11717537401424	0.380373812559825	0.395807542201578	0.45123169094278
8817.03343118316	2037.27458311538	2.6616107936694	536978.962373034	532931.493637807	2.77756932869495	0.437658391643784	0.440317658724204	0.494771510048127
7662.04431311299	2295.72619950057	3.04747885580831	1744929.04935496	708146.743119072	8.65455203629061	0.422740842323713	0.425582273277493	0.48306360038537
7230.32992629846	2232.43193354911	2.67089043899007	677018.699421877	562148.363110774	2.43948477376822	0.368289247361704	0.386253449076605	0.4297998931075
7639.91900059438	2386.11144986829	1.91381852440604	771052.318070652	668202.778197556	2.45378268831651	0.429095457112231	0.416546772512101	0.456471116277246
6177.67813086276	2056.3706029852	1.78732446347108	479502.585695115	501632.619231779	1.77839596307224	0.38201319143881	0.384637572826167	0.447438460146392
28436.1539658954	1834.18519957038	5.89807852224757	480561.850334589	522627.677393286	2.07971381279164	0.403902955436941	0.410505180789773	0.475094786311688
7441.70913530317	1782.00685579014	2.03170649615712	471011.535269969	431760.568737177	2.05605360769434	0.427602616608	0.416976139138352	0.46155261415953
14468.4126437549	2164.80477785243	7.10740016687485	530810.210773182	549250.608457288	2.17150524072259	0.436666407985407	0.43120115360669	0.457841274173354
8301.14509922577	2320.48074052084	2.44391582730482	863733.075061625	667007.118572202	2.9265308236083	0.418771836284657	0.414161658379503	0.455456017749771
8618.28966860116	1903.45369299431	2.83305211171828	636700.43349734	464200.736668598	1.83598345973885	0.375146968564895	0.374941186863743	0.418386337703048
6205.01940688331	2289.42523619102	1.53326968738934	743600.855903592	656031.205467968	2.06867106946138	0.395221984640758	0.391542231106856	0.421874536459343
9533.22787446161	1623.62516145105	3.01763182618802	467723.175234062	390400.731454544	1.80762367452335	0.40077892515103	0.420779473577146	0.448766815097811
6778.25957772447	1723.53200780535	2.13728478690868	504502.702875186	462069.921978757	2.05898199006656	0.397609548298297	0.417687309045842	0.465935397797497
11444.7251272529	2011.13752382279	2.46322957400784	630779.568261305	452696.20001954	2.03460942051709	0.392127690294484	0.396571206960618	0.409349636318378
10218.8595394543	2350.4584584988	3.63708383722798	1034542.35432469	655545.729918863	3.1027753424698	0.416489815016227	0.415672352297811	0.441674418166378
5346.62632684224	1732.7521369202	1.60287598405794	495117.708748579	416889.746250722	2.31490457282218	0.390111814348825	0.402682932747221	0.438376630878061
7675.26404279645	1902.51628318742	2.01314757964802	575449.590500284	524235.172856686	1.8626375180272	0.403277272907285	0.417463548544344	0.432034464079558
7187.27455218336	2474.53473753389	1.6725349381057	664799.711476332	637865.346872216	1.71950606446814	0.36140242762865	0.362128416916649	0.397500111167976
5791.83460164272	1837.48252524464	2.0598417442992	457433.305294365	470771.182076726	2.05127472975356	0.385487972490686	0.403675939981694	0.437856629050786
7330.54825235584	1731.43053775948	2.62696901266811	580100.27609963	394567.195994472	2.51161629417573	0.361714187520856	0.381839674332998	0.434746528065548
6165.54143835252	1913.42823512745	1.85276205303396	440671.928530897	495427.7605122	1.64339573828626	0.357618830342897	0.38081964404776	0.435074038254676
5385.4132181627	1721.56797254481	2.08607721764356	437202.446599886	485853.555140655	2.58918508247915	0.379624102297158	0.397868467548183	0.44520390105171
6274.12070922047	1951.2092093316	2.48710014020899	526453.310894666	553751.532180193	2.41523483291849	0.440208601876973	0.44895275350379	0.491733086473176
11036.6145734081	2036.2107398612	5.79618149493639	718763.559686626	476096.86753218	3.44109306587412	0.393296055888744	0.391299524685078	0.430814503281145
5960.8454073053	1925.35254041811	2.16030974015457	470730.576350376	527805.35163747	1.84646447651746	0.378453749801211	0.395622717252483	0.42171899716
9001.31973578305	1892.14651982203	2.99024560415229	506149.623596405	412550.873624731	1.92535551153369	0.420320168665032	0.423956774207392	0.468528723027342
5450.78488525376	1761.59972370761	2.12881090334193	390542.702058751	413847.624900372	2.29814858346746	0.394371004078459	0.398334419423336	0.435620993132414
4710.50309647946	1850.87042065473	1.8083896137881	470814.173313809	429183.037766765	1.97871619894992	0.373435848672535	0.379575976354602	0.421228266036262
7723.86295312599	1967.55116957828	2.55836468082636	437863.990096982	472175.77274078	1.7555731459529	0.39910652195602	0.404707309806127	0.432191140912709
7456.84512093951	1974.70270389887	2.72166852756618	453692.435792775	493719.443159518	1.68913737209378	0.358287532657001	0.389662296810107	0.419908018310669
8551.02625381384	1757.75557588754	3.37868637674831	789351.055943278	413090.871865578	5.20424101542373	0.395738231291578	0.406744484597728	0.440719090754593
7931.45493702438	1911.39618535554	2.38160292375342	563428.639888373	521448.040755558	2.1279022249593	0.416396494885897	0.42316927683159	0.472632198646987
8314.0685145752	2008.40185029437	6.18861987808743	537720.321234024	504310.988651403	3.27900407605535	0.421570274959881	0.434068837544499	0.484952876424863
4163.34883350647	1754.4011262706	1.68897581437009	408187.04973552	469018.507291667	1.98555374204569	0.451980533394612	0.445338171853812	0.501449851438224
8359.73441205959	2379.35607916834	2.98678942551269	605256.455367949	765015.23056129	2.61195572791024	0.344367849001399	0.367572310874877	0.420441389148269
5804.03531684776	1716.64252052769	1.78031223326279	368319.816991061	413214.725556555	1.80419307380852	0.460569734492177	0.452102447985985	0.509484419823418
6864.79954447052	2051.93703415878	1.88152337439994	512962.24907498	493981.55439904	1.72679377806338	0.38753592272519	0.398570032539271	0.448680360191658
5467.47194147267	1575.78163445599	3.82908685413094	343490.358475183	366229.032249014	2.13242429320069	0.439547060505335	0.439428703524502	0.473412667092743
7170.98277091137	1843.87321617133	3.42972502065408	522782.86920903	418036.092766032	2.98379677094022	0.444869690551838	0.439869037494819	0.486074415514922
5482.83946373478	2153.90767769143	1.47190245268322	554155.683665371	502336.944613752	2.47815196657268	0.433459942490728	0.432494247628088	0.473914534849048
7527.40559313867	1921.98629107346	4.04324105827739	772547.31162727	484292.028547284	4.35676120672838	0.417103770109522	0.434052024654666	0.46057267331304
31079.5618691933	1624.80634278623	10.91513622682	506911.174652646	408281.06110708	2.36257575327764	0.469973972063618	0.462887344466708	0.510348675617772
6737.69977155148	1972.98578401716	2.88580018926131	618141.742799797	576436.693899513	2.64612403307839	0.445864770562147	0.446770735810985	0.485139672474859
7728.4723589171	2068.32841501089	3.27019349749879	842625.957260756	499890.512087036	5.96881543945922	0.467927547596041	0.455032723122026	0.501475098633289
8096.11559959639	1852.46825531656	5.255624902517	568020.250807092	557421.76546831	3.36792749922068	0.449444707610662	0.455603586274828	0.524640719654692
5475.78109539708	1712.53282509462	1.85067898158004	365335.201015786	359363.407893278	1.7202381548665	0.457927087290346	0.447570676724818	0.475065938067204
5193.54425400705	1719.08599340832	2.53300665617016	395396.15325027	383486.762904343	2.56202106919709	0.485345262893902	0.467018452811608	0.527810938245074
7136.24508505968	1834.80181584006	2.02409651941911	485949.182948617	465714.432426467	2.06736880637372	0.470395050126152	0.464641475232208	0.498035442247416
7479.31097384082	1892.16857122925	2.22067600830724	557332.566259648	481608.475640862	2.11711077503006	0.448049594971763	0.441550892469899	0.486409856055064
10537.2928750508	2008.48987793909	4.24734569245871	472726.022459603	616855.565971289	2.23895219770155	0.424712078302841	0.420112167215533	0.477715942803902
10363.3261278033	1862.88700927524	5.81014341275923	469652.553801799	409987.875336609	2.32416274258238	0.38879091078229	0.395555883790619	0.471253235147262
6061.05205414454	1605.16278049796	2.80760217565374	358974.920616189	329081.551260766	2.01444423562527	0.426918401545638	0.434653422298922	0.493353800002092
6015.76705108884	2531.71105911273	1.66084779376008	637757.020856257	610363.221170698	2.06810308464499	0.378451315807053	0.387457632240343	0.415995208717643
6073.33914609629	1707.6194165728	2.69326645297917	417443.195446169	396243.241323087	1.86623084422092	0.417022232533264	0.429975172769573	0.477778667231134
6755.43738139166	2035.7533159442	3.04050950023398	607462.659685224	476708.309909186	2.43646983256445	0.380540813516084	0.392735201406979	0.455991225471391
6392.58305350557	1729.0799760482	2.34678127478341	504712.330069011	490024.460886519	2.13755643738678	0.413995185636569	0.417753514131035	0.477578301597932
11301.5786930933	1897.31272613004	2.82192346671478	1018385.11064072	496888.686060225	3.1549574195291	0.389469566841068	0.394777863577006	0.43701546795895
8818.54039290803	2000.67254690118	3.0269777395363	599307.369782668	458190.126839761	2.68258099789064	0.38425838104472	0.386158414583673	0.415016789238746
7521.14950846128	1989.08347311061	2.75834927680599	560678.319109967	580492.378932069	2.1351459203895	0.432946793505325	0.430109934034108	0.475239673172989
5583.80083062401	1811.48908579546	1.98216467002375	477409.058245437	478097.814604373	2.09814447915894	0.388963382951679	0.402093824261185	0.453962356937258
7369.09017079003	1594.58070020557	2.91136504419326	533658.865049803	383112.662780659	3.6971759820339	0.496505034894963	0.484120594374158	0.548363788743249
6136.97872014558	1649.29639838541	3.37738412463905	618081.186762429	383403.041101046	5.93278526216828	0.412816446206983	0.41865577095938	0.455634423187262
6707.63555972831	1648.11631548279	2.31874964137997	385353.307018	354076.805466233	1.71194068520008	0.421017783581634	0.421269082463504	0.450014922528896
6276.81452670335	1827.87985158312	2.1278579945698	382920.953783276	419805.627343774	1.75140837756804	0.401149149387931	0.407889703331091	0.447969759451475
5521.15713319013	1818.46867351284	2.22567344589164	408314.008685521	412029.525484949	2.29471657414584	0.425976321062296	0.424660675783746	0.471548374151608
4696.24487117843	1722.10372044883	1.43684413004214	449861.623188988	361070.779330733	2.74873799914105	0.379248719471611	0.388297678879884	0.431646481213197
6439.09925049819	1779.80327189162	2.40193272457637	473401.253661742	444470.181863602	2.51116856928551	0.38637158227152	0.396205336566714	0.453617702095475
5705.02649175513	2248.98403945714	2.01121883648134	571385.971927788	590463.293794856	2.69434096315304	0.364135361577634	0.371830845409894	0.405370859759522
12557.6358249197	1815.0380618609	3.83073424597622	672537.927917294	466075.10617173	2.29190922103951	0.396346598767112	0.411027722186741	0.449852666069753
7119.18891795106	1971.47362303067	2.84265712618987	453855.78107449	438530.098175998	2.00849525073448	0.386922063805226	0.384270345315022	0.41172670825445
5499.06695617408	2030.60066122414	1.57501258670783	566872.202448798	511572.111637168	2.40365355675545	0.37275461082009	0.38660047309183	0.428681400760767
6365.17863744016	1698.64715875146	2.46476497869793	455598.22342041	441193.783552431	2.1282785845397	0.350674708418978	0.370851141119848	0.406099544422841
6949.2394631228	1794.70384838721	2.21121605082454	574316.624451036	513729.586325579	3.00654106919554	0.368575710271377	0.398231946705946	0.42674829989853
9701.71940855848	2004.42144681373	4.32201518658128	510291.901270873	540988.761787483	2.01379795250014	0.374265681175811	0.390919329998459	0.427009972747519
4445.35108072968	1862.57828976748	1.67497556455385	407999.7326326	438472.62234356	2.19026644818765	0.335935785464943	0.353151110035497	0.398865213086141
5591.44855185028	1981.14220253156	1.88959643712209	598562.969486993	477499.686888029	3.7003936687603	0.347480475237925	0.374129484584991	0.420666250965174
6324.74531653573	1793.30266094552	1.84083453643342	501298.450397127	478434.56499971	2.54975964639437	0.368713340424129	0.386832185382499	0.408436674979477
15564.3008720495	1734.56002702913	3.52108715001417	692487.868453379	446689.886578034	5.13894043413271	0.378220622318203	0.383034961057688	0.417123183573442
5049.10588957089	1977.46165229818	1.46782301784074	591874.612491033	514324.010251488	2.03563964799613	0.384741622886965	0.392831464337802	0.435262723978984
7131.73448886652	2691.11613985662	1.914922594152	895088.626726175	851643.291325628	2.1831142496184	0.346985275930855	0.363107531635454	0.398555706884586
8890.12590714518	1851.46296104879	2.88962255308796	478912.73548565	474460.149995575	2.28434036776314	0.358981374064088	0.370813319698807	0.390699075198669
5562.92584013751	1723.04665750114	2.11151866460272	388476.140724223	511967.947688725	1.94456379341453	0.431414212387732	0.441425442082461	0.47919746667827
6426.0047576123	1512.20072466194	2.50898018270842	325561.519790005	359344.441139342	2.25014581147533	0.406678909687496	0.42220966073494	0.477595471121414
7731.04060966143	1892.65852870957	1.7647379899391	562257.840302655	393840.851454153	1.82269332784679	0.416318745302829	0.420260550511862	0.478117369713734
15580.0083430878	1768.50902830122	3.10076419862818	899787.464837457	411546.830221363	3.27057853045721	0.390746272233667	0.393523311148643	0.443374354687831
5184.75651747125	1968.15650777119	2.07390678707288	457660.069609171	446705.143164668	2.04231991689969	0.355919104907516	0.373489515280347	0.429358222020909
8155.28295142366	2048.63285622337	2.13953187763675	696439.695709269	496055.208840543	3.09671094344304	0.377421851398182	0.395636564644879	0.426484330598982
9953.27245142626	1719.26123668125	3.70694391656728	982828.124360375	411126.660321499	6.38505795436003	0.399419927575013	0.401284907484467	0.444123865589506
28075.3992324547	1880.50433348409	10.1600609100751	5845201.9243199	452604.6126388	12.2971730987228	0.417462404544884	0.423927025373146	0.453299811964469
7379.73900117969	1949.17420969866	2.33132371881	654317.335826204	447686.476596466	2.74404901953415	0.345911755011051	0.362528420302651	0.389435883125671
6884.79647183355	2005.36139571864	1.829687488653	654228.62323158	479486.31100408	2.3349079369229	0.38009312575186	0.388460153193315	0.428770611411355
8405.52613809903	1749.31798414106	2.40781584403723	469737.891360448	448661.093070924	2.49762399292453	0.364184908805516	0.382233654072341	0.422884489669162
5250.11865352317	1842.980046555	1.84255606793086	514017.963698938	495069.631249902	2.74376974896597	0.391997221701161	0.403323186805112	0.421486380558406
16291.5108590481	2066.08326035297	4.77118407113066	1163418.29720478	484195.611893166	5.03883403658278	0.35442765227758	0.374461082252221	0.4157806090954
