# BEAST v10.5.0-beta5 Prerelease #fb0d1ded5
# Generated Sun Mar 01 14:04:39 CET 2026 [seed=1772370270668]
# -overwrite B36_RRW_pols.xml
state	joint	prior	likelihood	Current Tree	location.precision.col11	location.precision.col12	location.precision.col21	location.precision.col22	correlation	location.varCovar.location.precision.col11	location.varCovar.location.precision.col12	location.varCovar.location.precision.col21	location.varCovar.location.precision.col22	location.diffusionRate	location.traitLikelihood
0	-1067089.319421881	-1489.4699511862643	-1065599.8494706948	405.0	0.05	0.002	0.002	0.05	-0.04	20.03205128205128	-0.8012820512820512	-0.8012820512820512	20.03205128205128	3481.0907285010803	-1065599.8494706948
10000	-4536.313625171204	-1051.0880317652363	-3485.225593405967	522.0	5.887542539437899E-5	2.3689611491404715E-5	2.3689611491404715E-5	2.7996663256475655E-5	-0.5834958512870158	25753.109852531667	-21791.209956451854	-21791.209956451854	54157.35739312685	3761.9129238228047	-3485.225593405967
20000	-4315.862659286144	-954.9789587977715	-3360.8837004883726	436.0	5.825043872147559E-5	2.139638246674201E-5	2.139638246674201E-5	2.60175047619878E-5	-0.5496141822613334	24597.587287590075	-20228.664899997806	-20228.66489999781	55071.39382118217	3821.915563634637	-3360.8837004883726
30000	-4293.7659952221	-925.2745365723576	-3368.491458649743	360.0	5.336118677097557E-5	2.204896542846372E-5	2.204896542846372E-5	2.7468474815117354E-5	-0.5759147527058703	28040.68599550354	-22508.2797740557	-22508.2797740557	54472.78353324732	3697.0811755274676	-3368.491458649743
40000	-4430.220396986509	-968.5067663008169	-3461.7136306856914	731.0	4.756831408790939E-5	1.6424057372197166E-5	1.6424057372197166E-5	2.172643810014444E-5	-0.510889888710701	28447.41344741096	-21504.765226463176	-21504.765226463176	62283.35687689487	3693.711861166645	-3461.7136306856914
50000	-4256.138871219505	-959.7811881175194	-3296.3576831019855	161.0	5.908579357991818E-5	2.4790236359369957E-5	2.4790236359369957E-5	3.0711655955981635E-5	-0.5819524676458842	25591.62319065148	-20657.38130908629	-20657.381309086293	49235.42277841166	3603.1192856402836	-3296.3576831019855
60000	-4300.895476378884	-916.0535792893011	-3384.841897089583	201.0	4.348170287564009E-5	1.8431403795842937E-5	1.8431403795842937E-5	2.096975582663918E-5	-0.6103914687261678	36655.026408581114	-32217.999983842634	-32217.99998384263	76005.79522113141	3758.0668156036418	-3384.841897089583
70000	-4132.573208675542	-793.8423379746918	-3338.7308707008506	92.0	4.4489092572037154E-5	1.883388530258121E-5	1.883388530258121E-5	2.4952002719661513E-5	-0.5652758645304902	33032.52794434908	-24933.102546833114	-24933.102546833114	58896.562737489396	3848.135505357088	-3338.7308707008506
80000	-4147.068558143043	-840.1913547311896	-3306.877203411854	726.0	4.913226079333229E-5	1.9937906479013995E-5	1.9937906479013995E-5	2.67077051756118E-5	-0.5503993262882353	29198.64697203453	-21797.450915916594	-21797.450915916594	53714.668797244594	3653.7026575546643	-3306.877203411854
90000	-4301.804043430316	-913.9304476261689	-3387.8735958041466	309.0	5.2857499013484464E-5	1.801200946661559E-5	1.801200946661559E-5	2.2627628565111092E-5	-0.5208220238047935	25960.804550390956	-20665.278996296944	-20665.278996296944	60643.70364587589	3717.527429477972	-3387.8735958041466
100000	-4255.898951782325	-865.0610260234785	-3390.8379257588467	702.0	4.0118225699696824E-5	1.3475947153913426E-5	1.3475947153913426E-5	1.744491491496744E-5	-0.5093942199664788	33660.68421716063	-26002.39690970548	-26002.396909705476	77409.77432177939	3775.158486230572	-3390.8379257588467
110000	-4188.491929187172	-783.1163190513873	-3405.3756101357844	999.0	4.445242009315435E-5	1.581513887028783E-5	1.581513887028783E-5	1.9168383761855024E-5	-0.5417919612320518	31843.15632751722	-26272.634440371472	-26272.63444037147	73845.83800850384	3781.059194687518	-3405.3756101357844
120000	-4394.119660572172	-908.3058472018931	-3485.8138133702782	137.0	5.469408491425771E-5	2.1411988636578753E-5	2.1411988636578753E-5	2.3702320649135144E-5	-0.594691032120076	28287.650296381722	-25554.242374311132	-25554.242374311136	65274.92266423215	3685.6506886289917	-3485.8138133702782
130000	-4254.620252110517	-903.3300270732633	-3351.290225037254	829.0	5.479352765230589E-5	2.1806278725440627E-5	2.1806278725440627E-5	2.6575129014713628E-5	-0.5714513161615011	27100.021894971356	-22236.980696503953	-22236.980696503957	55875.77009534264	3660.062160651473	-3351.290225037254
140000	-4155.923841800547	-816.0289060037393	-3339.8949357968077	185.0	5.301687345309743E-5	2.15056854737153E-5	2.15056854737153E-5	2.390990366791399E-5	-0.6040283467719856	29696.80666308549	-26710.696644382093	-26710.696644382093	65848.52296710506	3703.843903445191	-3339.8949357968077
150000	-4308.284160982733	-822.4491676731981	-3485.834993309535	864.0	3.816079787595363E-5	1.2030745883260888E-5	1.2030745883260888E-5	1.5421903289790185E-5	-0.4959236761810243	34751.76112190665	-27110.117292087645	-27110.117292087645	85991.65142505219	3943.3160219001234	-3485.834993309535
160000	-4272.110928425628	-820.1303540296707	-3451.9805743959573	910.0	4.150229612701248E-5	1.5177962429227626E-5	1.5177962429227626E-5	1.9371830874196306E-5	-0.5352936316512932	33772.079470801626	-26460.656026452274	-26460.656026452274	72353.45239820333	3816.7559700492698	-3451.9805743959573
170000	-4332.582812120036	-896.1553760707852	-3436.42743604925	47.0	4.0219891080457335E-5	1.4396405231184836E-5	1.4396405231184836E-5	1.953302289182476E-5	-0.5136282332333921	33773.14722276921	-24891.79048445935	-24891.790484459354	69541.32549102498	3800.424457423881	-3436.42743604925
180000	-4175.13618642875	-803.9400955173821	-3371.196090911368	225.0	5.186715779987217E-5	2.2445474336672597E-5	2.2445474336672597E-5	2.511036962557232E-5	-0.6219507698987337	31442.82246303982	-28105.881163452905	-28105.88116345291	64947.265161043266	3599.1560552039773	-3371.196090911368
190000	-4147.6377954415975	-878.8096220476446	-3268.828173393953	444.0	5.762425782547971E-5	2.2388147230754765E-5	2.2388147230754765E-5	2.8522236284245207E-5	-0.5522347036096708	24968.177051621962	-19598.43605334811	-19598.43605334811	50443.89428361979	3536.8729798241156	-3268.828173393953
200000	-4262.639799184074	-924.8362594108625	-3337.8035397732115	38.0	5.6150221077029136E-5	2.0008962900826414E-5	2.0008962900826414E-5	2.4799507860512356E-5	-0.5362006208402695	24995.99506365332	-20167.494480575813	-20167.494480575817	56595.100868887406	3530.296560842342	-3337.8035397732115
210000	-4263.493014143338	-897.0264276403532	-3366.466586502985	184.0	5.26787379093048E-5	1.9606322932785166E-5	1.9606322932785166E-5	2.3939802445082654E-5	-0.5521005626222313	27306.38852757707	-22363.504161236102	-22363.504161236102	60086.7984518121	3666.4060233564446	-3366.466586502985
220000	-4217.210415275117	-923.4057194206938	-3293.8046958544237	761.0	5.7952632335829894E-5	2.3321708699770197E-5	2.3321708699770197E-5	2.8001583462644442E-5	-0.5789385743424003	25954.70763311503	-21616.925043354175	-21616.92504335418	53716.37753459473	3581.8339290683907	-3293.8046958544237
230000	-4376.001634250703	-937.4527371930648	-3438.5488970576384	688.0	4.804963386584055E-5	2.170594832788728E-5	2.170594832788728E-5	2.340115983510216E-5	-0.6473140477099114	35821.630805739784	-33226.66366834157	-33226.66366834158	73552.60409406104	4049.5171620930505	-3438.5488970576384
240000	-4382.670645396985	-936.7343345874805	-3445.936310809504	481.0	4.6099916309778434E-5	1.5789120925485145E-5	1.5789120925485145E-5	2.157159117389006E-5	-0.5006875494513036	28949.241426015	-21189.121835836642	-21189.121835836642	61866.44259168937	3828.86002891141	-3445.936310809504
250000	-4109.2817239054	-810.7321266095871	-3298.5495972958133	730.0	5.143597056416101E-5	2.1509665062583947E-5	2.1509665062583947E-5	2.769956189014726E-5	-0.5698541668263428	28791.084926480642	-22357.27034286735	-22357.270342867352	53462.845465273356	3534.84000367353	-3298.5495972958133
260000	-4192.807351667547	-870.4426854552911	-3322.364666212256	577.0	4.7358616951705865E-5	1.5777446342062938E-5	1.5777446342062938E-5	2.5096101571726058E-5	-0.45765064069547545	26709.66308161313	-16791.86206990422	-16791.862069904222	50403.55368247086	3694.171717804107	-3322.364666212256
270000	-4202.5301401588185	-817.0863379468971	-3385.4438022119216	101.0	4.5729725920611805E-5	1.7986276796737397E-5	1.7986276796737397E-5	2.113041305681382E-5	-0.5786127243464267	32873.38189788078	-27981.930332851513	-27981.930332851505	71143.46228025726	3580.6034047339244	-3385.4438022119216
280000	-4363.324516407097	-965.4142932091345	-3397.9102231979623	467.0	4.6520186395757575E-5	1.5932936096295218E-5	1.5932936096295218E-5	2.476719240326126E-5	-0.4693931010276504	27570.691893596006	-17736.45009571075	-17736.450095710752	51785.99596865089	3683.0463107449214	-3397.9102231979623
290000	-4227.580115751583	-803.23077429279	-3424.3493414587933	367.0	3.8635036470157046E-5	1.4301700493025124E-5	1.4301700493025124E-5	1.9051640786790973E-5	-0.5271458881793033	35843.54670481647	-26907.061460840625	-26907.06146084063	72687.53120311261	3796.9044556450863	-3424.3493414587933
300000	-4155.4709086137145	-836.1866521129931	-3319.2842565007218	41.0	5.219592870072775E-5	2.3372133049459443E-5	2.3372133049459443E-5	2.7726891985767324E-5	-0.6143692068469735	30774.34371765077	-25940.954949005434	-25940.954949005438	57932.76258019567	3574.8310684873577	-3319.2842565007218
310000	-4249.21514153754	-810.276487099555	-3438.938654437985	647.0	4.3658653672378115E-5	1.620586322922022E-5	1.620586322922022E-5	1.9422790313866018E-5	-0.556520528682398	33181.90281466772	-27686.103284340486	-27686.103284340486	74586.46156221279	3820.285750852072	-3438.938654437985
320000	-4225.899848841404	-827.8291008993108	-3398.070747942093	781.0	4.332319745511733E-5	1.6946741605783463E-5	1.6946741605783463E-5	2.0653477799484057E-5	-0.5665384114795486	33992.86984682157	-27892.076449589713	-27892.076449589717	71304.20487714393	3888.988648059053	-3398.070747942093
330000	-4309.685165854149	-935.0918590979395	-3374.593306756209	19.0	4.6584515252279746E-5	1.7815595850360458E-5	1.7815595850360458E-5	2.7377854919919165E-5	-0.49886134451477476	28578.4754073834	-18596.87580954247	-18596.875809542475	48627.41903616182	3543.791520160813	-3374.593306756209
340000	-4250.204208700059	-898.5186344860372	-3351.6855742140224	560.0	5.542655074980236E-5	2.6393424491436345E-5	2.6393424491436345E-5	2.960282610867716E-5	-0.6515837266241917	31353.290100244452	-27954.111265624677	-27954.111265624677	58704.014222651895	3670.657262971341	-3351.6855742140224
350000	-4218.713904917706	-853.7045493593724	-3365.0093555583335	111.0	4.988832193397087E-5	1.8413738242017957E-5	1.8413738242017957E-5	2.219819291285744E-5	-0.5533293495063303	28890.17274751267	-23964.837175158187	-23964.83717515819	64927.90852002809	3710.319774305828	-3365.0093555583335
360000	-4246.3286069525475	-954.5415047175593	-3291.7871022349877	461.0	5.080953732870137E-5	1.9611819015513645E-5	1.9611819015513645E-5	2.6016773027897753E-5	-0.5394094399618352	27757.834473709165	-20924.25626257453	-20924.256262574527	54209.74866266118	3639.5626905087374	-3291.7871022349877
370000	-4369.257664704039	-897.3414284692512	-3471.9162362347874	482.0	4.732954927345313E-5	1.9108156759598125E-5	1.9108156759598125E-5	2.3995495703246906E-5	-0.5670061221387672	31139.754351553493	-24797.29174856544	-24797.291748565443	61421.13320649796	3734.15585132802	-3471.9162362347874
380000	-4304.111663877852	-906.5593255108652	-3397.552338366987	709.0	5.3883683306461075E-5	1.8771070938759045E-5	1.8771070938759045E-5	2.3784950521943593E-5	-0.5243355299575448	25595.371634489027	-20199.85436638337	-20199.85436638337	57985.106926818386	3718.948978409572	-3397.552338366987
390000	-4218.174818678833	-873.4777366448184	-3344.6970820340143	822.0	6.0974840939895684E-5	2.6360291121338867E-5	2.6360291121338867E-5	3.135854103003797E-5	-0.6028328912054778	25762.48800820808	-21656.19514172737	-21656.195141727367	50093.64456757559	3787.8228113663185	-3344.6970820340143
400000	-4144.588693640071	-811.5866602698494	-3333.0020333702214	693.0	4.340008841273451E-5	1.594379033601653E-5	1.594379033601653E-5	2.074218138336732E-5	-0.531396945463356	32108.23952197695	-24680.482227751738	-24680.482227751738	67181.96164018082	3641.3260072729595	-3333.0020333702214
410000	-4400.635966386762	-947.2218497663026	-3453.41411662046	921.0	4.539440880155006E-5	1.869098764552946E-5	1.869098764552946E-5	2.2185379307154698E-5	-0.5889760553989669	33729.75292673436	-28417.021251335467	-28417.021251335467	69015.82217427637	3816.8196179039005	-3453.41411662046
420000	-4195.8682382861125	-771.956493268185	-3423.911745017928	946.0	4.046052055961797E-5	1.1151634648553725E-5	1.1151634648553725E-5	1.6699901338115666E-5	-0.429008450468705	30290.333574285327	-20226.870001458625	-20226.87000145862	73387.41945396095	3709.454919702689	-3423.911745017928
430000	-4332.803885930071	-885.3179459107105	-3447.485940019361	322.0	4.725761898258736E-5	1.7818215679975972E-5	1.7818215679975972E-5	2.032412121753772E-5	-0.5749398417093456	31609.22110293531	-27711.895292286772	-27711.895292286772	73497.71787081717	3852.1889172003494	-3447.485940019361
440000	-4271.422959443689	-924.0007721823241	-3347.422187261365	588.0	6.0734091249018986E-5	2.358588758762503E-5	2.358588758762503E-5	2.6305362328329618E-5	-0.590083962577495	25261.11379143621	-22649.594511814204	-22649.594511814204	58323.119480801324	3734.583460020232	-3347.422187261365
450000	-4254.699416918806	-880.8203774225803	-3373.8790394962252	546.0	4.792897922002251E-5	2.160917635874886E-5	2.160917635874886E-5	2.3425047538926632E-5	-0.6449096621445487	35720.77835815598	-32951.76233604098	-32951.762336040985	73086.74361518657	3894.77093448404	-3373.8790394962252
460000	-4287.128703336003	-877.2230979781754	-3409.9056053578274	167.0	4.5773212851240516E-5	1.6769378021321106E-5	1.6769378021321106E-5	2.225641438716339E-5	-0.5253922436596117	30176.734222065348	-22737.04356936388	-22737.04356936388	62062.38141839153	3704.7537463358785	-3409.9056053578274
470000	-4271.626281468447	-921.0350244514691	-3350.5912570169776	574.0	5.192237009653579E-5	2.1117042629622103E-5	2.1117042629622103E-5	2.6363841483235812E-5	-0.5707573285583598	28564.952604929684	-22880.099709862137	-22880.099709862137	56257.35695180355	3807.872832618634	-3350.5912570169776
480000	-4220.206627039143	-842.503295523453	-3377.7033315156905	376.0	5.056192290288001E-5	1.9879867501014275E-5	1.9879867501014275E-5	2.234699885399388E-5	-0.5914146674544546	30416.573575178296	-27058.552983338435	-27058.552983338428	68819.99941585372	3757.929140674487	-3377.7033315156905
490000	-4183.271187572769	-833.8206674216625	-3349.4505201511065	571.0	4.797187084198775E-5	2.0327869040872952E-5	2.0327869040872952E-5	2.525305872849396E-5	-0.5840385740494753	31636.944507593143	-25466.683926017708	-25466.683926017704	60098.993633627986	3664.3710642690767	-3349.4505201511065
500000	-4369.347519136865	-937.7819754627101	-3431.565543674155	891.0	5.338369073700736E-5	2.0581952043593048E-5	2.0581952043593048E-5	2.2714200879024467E-5	-0.5910626721535712	28790.377699268567	-26087.740276633755	-26087.74027663376	67664.12903914564	3847.130410974021	-3431.565543674155
510000	-4388.610019713079	-897.2209402495689	-3491.38907946351	426.0	4.639891208259101E-5	1.604004873733794E-5	1.604004873733794E-5	1.615816355172864E-5	-0.5858086562910071	32812.58153125097	-32572.724324407136	-32572.724324407136	94222.84164888812	4004.509270092622	-3491.38907946351
520000	-4113.311560227905	-797.1478483198979	-3316.1637119080074	655.0	4.818169103814112E-5	1.8892884350870516E-5	1.8892884350870516E-5	2.206332821618314E-5	-0.5794576944416219	31246.420455398835	-26756.38970957803	-26756.389709578023	68235.6424959319	3727.604253233006	-3316.1637119080074
530000	-4262.444149638564	-924.8318403862701	-3337.612309252294	638.0	5.2117293346827104E-5	2.176713399836296E-5	2.176713399836296E-5	2.9897318237650718E-5	-0.551434846996444	27571.416117158107	-20073.73050573527	-20073.73050573527	48062.75834986994	3595.0688111723125	-3337.612309252294
540000	-4402.078934115189	-894.5558325017925	-3507.5231016133966	333.0	4.4134802200758194E-5	1.5764887465898262E-5	1.5764887465898262E-5	2.2456380951104283E-5	-0.5007608860080582	30241.178345940665	-21229.991355150658	-21229.991355150658	59434.70711162434	3717.053073115472	-3507.5231016133966
550000	-4352.144956261044	-956.8899431890837	-3395.25501307196	186.0	5.478345282157623E-5	1.7923140009975365E-5	1.7923140009975365E-5	2.3168406011348076E-5	-0.5030849428571528	24439.083666088907	-18906.139595804096	-18906.139595804096	57788.06648881897	3575.104576276323	-3395.25501307196
560000	-4208.9105324817465	-829.4513082215472	-3379.4592242601993	15.0	4.546599939328214E-5	1.544999238571024E-5	1.544999238571024E-5	2.1789531576977858E-5	-0.4908637397227326	28976.189809511576	-20545.733640132737	-20545.733640132737	60461.668193493366	3762.9287701043445	-3379.4592242601993
570000	-4392.211883380782	-855.945041163052	-3536.26684221773	839.0	5.257796770542023E-5	1.9410074821458496E-5	1.9410074821458496E-5	2.4639716863122553E-5	-0.5392714832358514	26818.58669220212	-21126.491720386013	-21126.491720386017	57227.394001349756	3723.1457455952154	-3536.26684221773
580000	-4259.467771032623	-857.2254836138579	-3402.242287418765	345.0	3.8639098651723205E-5	1.5387228017194424E-5	1.5387228017194424E-5	2.1462986669757817E-5	-0.5343204769153087	36221.78016413517	-25968.090981464833	-25968.090981464833	65208.86205809873	3760.210660255291	-3402.242287418765
590000	-4156.901805929211	-834.9917847644048	-3321.9100211648065	828.0	5.099970045982236E-5	2.1473471940395258E-5	2.1473471940395258E-5	2.4102475449114057E-5	-0.6124739640738801	31378.976778251803	-27956.28103796584	-27956.28103796584	66396.43383540453	3693.022102360297	-3321.9100211648065
600000	-4216.830551412264	-859.2626842461995	-3357.5678671660644	384.0	4.707063700482246E-5	1.776693666879669E-5	1.776693666879669E-5	2.2583102313155344E-5	-0.5449362708341557	30218.098574153977	-23773.662102469352	-23773.662102469352	62984.488545285574	3726.52424895655	-3357.5678671660644
610000	-4234.933834569806	-828.7589511249698	-3406.1748834448363	240.0	3.8844399262626964E-5	1.6119115366459556E-5	1.6119115366459556E-5	2.2869650317924993E-5	-0.5408131422499954	36385.820004588095	-25645.65798793562	-25645.657987935618	61801.789712914964	3934.612997448452	-3406.1748834448363
620000	-4191.755029368288	-923.7043636108268	-3268.0506657574615	907.0	6.912235062495438E-5	2.7082543264550746E-5	2.7082543264550746E-5	3.3003135027527424E-5	-0.5670255103603797	21322.745617000164	-17497.5553143589	-17497.5553143589	44658.73613508701	3575.4150906181153	-3268.0506657574615
630000	-4193.124421421742	-814.9663758257693	-3378.158045595973	660.0	4.777876189456854E-5	1.854905753179262E-5	1.854905753179262E-5	2.3993225789656617E-5	-0.547848001800301	29905.587810507663	-23119.87865584629	-23119.87865584629	59552.30746552342	3674.9424093543794	-3378.158045595973
640000	-4462.693121427752	-967.1797252637234	-3495.513396164029	760.0	4.5904342235094186E-5	1.7889070728011394E-5	1.7889070728011394E-5	2.2789496627869696E-5	-0.5530871015074572	31385.38997052557	-24636.588959246128	-24636.588959246128	63218.846204220616	3908.9426202731934	-3495.513396164029
650000	-4228.879295356155	-893.6878951459083	-3335.1914002102467	307.0	5.723480899180935E-5	2.300404859435816E-5	2.300404859435816E-5	2.7222918400662145E-5	-0.5827829221692806	26457.958415901983	-22357.63822779973	-22357.63822779973	55626.519315818536	3737.818881419533	-3335.1914002102467
660000	-4099.627815550025	-806.6070348412787	-3293.020780708746	174.0	5.9575830502206677E-5	2.1782787491135895E-5	2.1782787491135895E-5	2.6639993397995164E-5	-0.5467783946297223	23943.69615893153	-19578.09964103006	-19578.099641030058	53546.01867387072	3669.7032796060944	-3293.020780708746
670000	-4281.693277877868	-843.5918370654616	-3438.101440812407	460.0	4.6554072872813254E-5	1.986099162980251E-5	1.986099162980251E-5	2.1627444323520195E-5	-0.625920947235801	35316.65004404485	-32432.111738446576	-32432.11173844658	76020.7204873525	3773.1192427262513	-3438.101440812407
680000	-4295.330779408466	-877.3195556828489	-3418.011223725617	156.0	4.5837437687556454E-5	1.7187435059936417E-5	1.7187435059936417E-5	2.109081270774587E-5	-0.5527824500650887	31415.951333965895	-25601.650864803072	-25601.65086480307	68277.44059085497	3835.670176781851	-3418.011223725617
690000	-4246.017161775755	-862.9304580148691	-3383.086703760886	53.0	4.500119709865741E-5	1.9501906405377202E-5	1.9501906405377202E-5	2.3744062987587526E-5	-0.5966058624507851	34502.34640568284	-28338.095747188472	-28338.095747188472	65390.952331113294	3827.1058425960896	-3383.086703760886
700000	-4208.421769009748	-856.9912605871622	-3351.4305084225857	372.0	5.47524744840392E-5	2.1444809122418134E-5	2.1444809122418134E-5	2.6092676699598964E-5	-0.5673629769435877	26934.1319235388	-22136.376602067656	-22136.376602067656	56518.17128121507	3653.664635787975	-3351.4305084225857
710000	-4320.363207979438	-885.4674066237579	-3434.89580135568	451.0	4.5543082755042416E-5	1.4537907366071583E-5	1.4537907366071583E-5	1.966422339408859E-5	-0.48579415542470433	28739.679562336703	-21247.459959869768	-21247.459959869768	66562.18140068415	3735.5779761506565	-3434.89580135568
720000	-4166.37129751005	-838.9335429586819	-3327.4377545513676	505.0	4.974459138251892E-5	1.7126736482573456E-5	1.7126736482573456E-5	2.305780338838197E-5	-0.5056997231245615	27010.020135510127	-20062.340261040208	-20062.340261040208	58271.05003209258	3591.8734423883498	-3327.4377545513676
730000	-4151.61288696917	-828.9174525032012	-3322.6954344659694	476.0	5.162871911113925E-5	1.8812697494658438E-5	1.8812697494658438E-5	2.4625102931447656E-5	-0.5276140714666806	26840.96013158452	-20505.533106902723	-20505.533106902723	56274.46086883822	3652.726624005735	-3322.6954344659694
740000	-4189.086012548868	-829.2243412746293	-3359.8616712742387	144.0	4.939545523195003E-5	1.6154276483504563E-5	1.6154276483504563E-5	2.0533576552353712E-5	-0.507237921956453	27257.99561301621	-21444.544568069614	-21444.544568069614	65571.67956505345	3584.177096144236	-3359.8616712742387
750000	-4300.6252461104195	-935.8856488446937	-3364.739597265726	188.0	5.822351173418477E-5	2.3504277256944712E-5	2.3504277256944712E-5	2.6336835227026728E-5	-0.6002275287705754	26847.693528489686	-23960.192140152674	-23960.192140152674	59352.87917918481	3538.378251257462	-3364.739597265726
760000	-4186.583312692263	-835.1040429162111	-3351.4792697760513	614.0	4.853559058462403E-5	1.7640692466411008E-5	1.7640692466411008E-5	2.2773655251464213E-5	-0.5306022638975868	28677.173208854325	-22213.614274804422	-22213.61427480442	61117.265657203345	3607.023566868748	-3351.4792697760513
770000	-4317.270460377627	-947.5446042097474	-3369.7258561678805	59.0	4.9288035449900326E-5	1.972448852955065E-5	1.972448852955065E-5	2.6114496632386997E-5	-0.5497866206575237	29078.244734431144	-21963.031215866406	-21963.03121586641	54881.760788529406	3852.2021279003884	-3369.7258561678805
780000	-4182.124793033092	-810.0931543763445	-3372.031638656747	454.0	5.1535147472033636E-5	1.8480697145565945E-5	1.8480697145565945E-5	2.3762809342321105E-5	-0.5281018595237138	26908.897638703853	-20927.457718404003	-20927.457718404003	58358.167510550986	3631.076872661396	-3372.031638656747
790000	-4254.441584070936	-865.5615049535061	-3388.8800791174303	548.0	4.868652731874951E-5	1.713534038097107E-5	1.713534038097107E-5	1.9573895023771802E-5	-0.555072496815694	29685.97439246706	-25987.636857045625	-25987.63685704562	73838.49772808487	3617.6512279341223	-3388.8800791174303
800000	-4176.537864389305	-845.0837345382282	-3331.4541298510767	814.0	4.576294883281125E-5	2.11912372250121E-5	2.11912372250121E-5	2.8684755748891096E-5	-0.5848893781058061	33214.15419688849	-24537.389370714962	-24537.389370714962	52989.03892866757	3731.008855536279	-3331.4541298510767
810000	-4293.178615295053	-938.5199558745126	-3354.65865942054	683.0	5.083810655452732E-5	2.141533511941753E-5	2.141533511941753E-5	2.7215132751980344E-5	-0.5757380901329027	29423.379750366672	-23152.98416665394	-23152.984166653936	54963.13130549092	3676.6190434879477	-3354.65865942054
820000	-4250.540694575097	-897.1774864758498	-3353.363208099248	501.0	4.555754175977332E-5	1.9901558445154192E-5	1.9901558445154192E-5	2.603167975531831E-5	-0.5779041975466531	32957.02893287266	-25196.07814982444	-25196.07814982444	57677.46207697784	3638.5874630486574	-3353.363208099248
830000	-4274.692949884322	-900.32550761159	-3374.367442272732	431.0	4.542374501889938E-5	1.727913923018718E-5	1.727913923018718E-5	2.5794225358903174E-5	-0.5048000514162491	29543.209511858935	-19790.523784262525	-19790.52378426252	52025.72270476845	3786.3295876950283	-3374.367442272732
840000	-4284.1343231525425	-816.1094218251192	-3468.024901327424	661.0	3.958471630846709E-5	1.3519713306869699E-5	1.3519713306869699E-5	1.8931972934590415E-5	-0.49386218822589617	33411.28240678659	-23859.68757272506	-23859.68757272506	69859.39289815164	3973.774811569842	-3468.024901327424
850000	-4403.41235309081	-899.3898809260774	-3504.0224721647323	969.0	3.7690513234019235E-5	1.1909783989593874E-5	1.1909783989593874E-5	1.602441737568179E-5	-0.4846148688344069	34675.46213804301	-25771.749082756414	-25771.749082756414	81559.03169328405	3863.1212741717477	-3504.0224721647323
860000	-4354.718898538267	-885.0459916844183	-3469.672906853849	873.0	4.47739654132036E-5	1.7965194032134884E-5	1.7965194032134884E-5	2.1604309433114594E-5	-0.5776289321415092	33517.79316913679	-27871.923408463135	-27871.92340846314	69464.12782727349	3762.9373574103893	-3469.672906853849
870000	-4362.133287082098	-825.758024915657	-3536.3752621664407	328.0	5.4859486278665526E-5	2.05932235339243E-5	2.05932235339243E-5	2.6671461940461678E-5	-0.5383628143954962	25667.803471812236	-19818.29176442654	-19818.29176442654	52795.10045263729	3706.5377504368325	-3536.3752621664407
880000	-4208.536414958556	-865.8737795825642	-3342.6626353759916	246.0	5.499431384193583E-5	2.3392948831833916E-5	2.3392948831833916E-5	2.5568800430465605E-5	-0.6238366709556005	29768.94283553823	-27235.6678766902	-27235.667876690204	64028.134190041266	3606.4865376174243	-3342.6626353759916
890000	-4342.42655661027	-894.2795904387608	-3448.1469661715096	155.0	4.096227389510507E-5	1.5057587086394876E-5	1.5057587086394876E-5	2.093904643348541E-5	-0.5141441575038734	33184.959210276305	-23863.809407677116	-23863.80940767712	64918.495342529306	3757.6622799637134	-3448.1469661715096
900000	-4258.184549532807	-948.6652216618849	-3309.5193278709226	7.0	6.172079003598592E-5	2.1952754245605502E-5	2.1952754245605502E-5	2.5872381210001112E-5	-0.5493575234996806	23205.169940369746	-19689.62148453236	-19689.62148453236	55357.92820976572	3619.7562183358887	-3309.5193278709226
910000	-4243.384079597984	-876.6881882678239	-3366.69589133016	375.0	4.378541840049596E-5	1.694694108614122E-5	1.694694108614122E-5	2.2518027580132148E-5	-0.5397111549315329	32225.58349791656	-24252.793148169316	-24252.793148169316	62661.37882792815	3698.210850509933	-3366.69589133016
920000	-4181.761549298764	-877.531367095045	-3304.23018220372	34.0	6.085684346231824E-5	2.5369583287802004E-5	2.5369583287802004E-5	2.801711804293067E-5	-0.6143938962272234	26395.942330016398	-23901.603882856816	-23901.603882856816	57335.437854697935	3622.7825387610465	-3304.23018220372
930000	-4167.911774459129	-837.752797896136	-3330.1589765629933	527.0	5.392341279768321E-5	2.0239754775969546E-5	2.0239754775969546E-5	2.199752894390253E-5	-0.5876647106002931	28327.83162191813	-26064.21688657463	-26064.216886574628	69441.13414317703	3692.3907376835455	-3330.1589765629933
940000	-4177.361095193623	-812.2276487613186	-3365.133446432305	812.0	4.775256622797086E-5	2.1341744692853845E-5	2.1341744692853845E-5	2.5758143807346625E-5	-0.6085191930258212	33255.73587400892	-27553.82646763745	-27553.826467637446	61652.21926164499	3729.567601217178	-3365.133446432305
950000	-4179.8746198899125	-790.6360055569688	-3389.238614332944	731.0	4.261731805964278E-5	1.641179764669591E-5	1.641179764669591E-5	2.2511650678088096E-5	-0.5298579137782162	32623.733196706937	-23783.867089999756	-23783.867089999752	61760.73153490612	3650.775220262425	-3389.238614332944
960000	-4296.211392497201	-836.4576773737124	-3459.7537151234887	584.0	3.806996802128221E-5	1.6969130369129652E-5	1.6969130369129652E-5	2.3630897754590837E-5	-0.5657547640301095	38633.0221998187	-27742.0179745327	-27742.0179745327	62238.766169044735	3800.2664965409053	-3459.7537151234887
970000	-4441.686963796478	-908.1823493065688	-3533.5046144899093	715.0	3.2754772110247474E-5	1.2445389908559465E-5	1.2445389908559465E-5	1.972927106714648E-5	-0.48957101374769346	40154.00567959361	-25329.484063160166	-25329.484063160166	66664.16112751493	3887.8142583711906	-3533.5046144899093
980000	-4242.299565763164	-920.0952426162569	-3322.2043231469065	624.0	6.28371705016725E-5	2.169008341619749E-5	2.169008341619749E-5	2.680607311119755E-5	-0.5284894387889476	22081.547805097616	-17867.242690286126	-17867.242690286126	51762.22487396488	3666.1663964756026	-3322.2043231469065
990000	-4172.3725642552245	-848.4171148488069	-3323.9554494064178	704.0	5.299143145831106E-5	2.2453165727023542E-5	2.2453165727023542E-5	2.7970487598164266E-5	-0.5832096986686965	28598.173895857155	-22957.0376891128	-22957.037689112803	54180.613280929596	3601.607644219318	-3323.9554494064178
1000000	-4367.2892029860195	-913.7687835325662	-3453.520419453453	164.0	4.2192791718022066E-5	2.0096726638173462E-5	2.0096726638173462E-5	2.3417140813254292E-5	-0.6393508700712185	40087.12718293181	-34403.00603432703	-34403.00603432702	72228.62181560454	3703.944105941668	-3453.520419453453
1010000	-4244.651329744148	-949.298539849823	-3295.3527898943253	517.0	5.999239649588594E-5	2.5043722541136396E-5	2.5043722541136396E-5	3.181860964638524E-5	-0.573205275539529	24825.577071041746	-19539.66156913453	-19539.66156913453	46807.383460084915	3571.2910803346954	-3295.3527898943253
1020000	-4320.0977164515225	-908.3293437600964	-3411.7683726914256	735.0	4.767643935196521E-5	1.741099060354169E-5	1.741099060354169E-5	2.2284055924307928E-5	-0.5341638023094722	29348.859073237905	-22930.86641338988	-22930.86641338988	62791.49111846689	3692.5029350822465	-3411.7683726914256
1030000	-4426.217088543621	-932.3772103507271	-3493.8398781928936	664.0	3.855409637016832E-5	1.2717347315772724E-5	1.2717347315772724E-5	1.685991383497651E-5	-0.4988082094263696	34528.638936188785	-26044.776858910784	-26044.776858910787	78957.72695557334	3735.3750103214693	-3493.8398781928936
1040000	-4327.400928162707	-912.8696266262448	-3414.531301536462	704.0	4.6951601194707764E-5	1.4637772417192711E-5	1.4637772417192711E-5	2.1827314701555684E-5	-0.45724570186332203	26928.585281723237	-18058.772151332763	-18058.772151332763	57924.67897093334	3682.256562907249	-3414.531301536462
1050000	-4321.050416722916	-892.8135252233376	-3428.236891499579	315.0	4.1089340016530826E-5	1.4714473032502354E-5	1.4714473032502354E-5	1.6962519776744948E-5	-0.5573589085506067	35304.526796312304	-30625.609538377328	-30625.609538377328	85520.29561346062	3757.5534328357307	-3428.236891499579
1060000	-4360.363032508497	-850.7358231579439	-3509.6272093505527	518.0	4.1029208916273275E-5	1.6395773049298116E-5	1.6395773049298116E-5	2.00275583569958E-5	-0.5719674621429757	36223.175500412275	-29654.48678481561	-29654.48678481561	74208.15901395696	3891.9167223482023	-3509.6272093505527
1070000	-4387.918726362075	-927.1880900487554	-3460.7306363133202	391.0	4.4645676943404676E-5	1.8073123265659074E-5	1.8073123265659074E-5	2.2866808382936126E-5	-0.5656408004945701	32936.65062573151	-26031.973362797715	-26031.973362797715	64306.266043297524	3959.9615012148915	-3460.7306363133202
1080000	-4224.223382128185	-853.7007645425911	-3370.522617585594	884.0	4.9186120265821275E-5	1.7636328213058147E-5	1.7636328213058147E-5	2.2031818282396103E-5	-0.5357494308647293	28515.738589381286	-22826.664533718234	-22826.664533718234	63661.497646189244	3630.175564681044	-3370.522617585594
1090000	-4283.512108947613	-810.092519008695	-3473.4195899389183	476.0	4.8472450553399466E-5	1.8619296524308264E-5	1.8619296524308264E-5	2.2520516528148935E-5	-0.5635424122465162	30231.055415151935	-24994.141866770708	-24994.14186677071	65068.37163154878	3776.76844016842	-3473.4195899389183
1100000	-4207.21861166557	-869.8006611551976	-3337.4179505103725	996.0	5.3683768070026784E-5	2.0975685107577964E-5	2.0975685107577964E-5	2.495214219143571E-5	-0.5731136346311084	27738.605853302666	-23318.088572843997	-23318.088572844	59678.75911374431	3710.676298573665	-3337.4179505103725
1110000	-4407.290720876049	-875.7078810396557	-3531.582839836393	617.0	2.9678063998277804E-5	9.318500275236665E-6	9.318500275236665E-6	1.5945627854435083E-5	-0.4283585371747847	41267.05494306211	-24116.14433471014	-24116.14433471014	76806.40165448241	3853.006927156516	-3531.582839836393
1120000	-4225.170846428321	-832.9977653155677	-3392.1730811127536	805.0	4.475953823008419E-5	1.800921279704462E-5	1.800921279704462E-5	2.3126464983841255E-5	-0.559754127103146	32535.9105800394	-25336.60624704004	-25336.60624704004	62970.814366804596	3879.7140069300494	-3392.1730811127536
1130000	-4253.598273744123	-887.05389004868	-3366.544383695443	958.0	5.628847662506265E-5	2.031893343285543E-5	2.031893343285543E-5	2.3073727887884773E-5	-0.563809353699534	26044.759413479238	-22935.250661211325	-22935.250661211325	63536.323153952224	3684.333034748978	-3366.544383695443
1140000	-4311.500756596543	-858.6812530716722	-3452.8195035248714	31.0	4.543638479365729E-5	1.481909719796102E-5	1.481909719796102E-5	1.7484847508945883E-5	-0.5257616898431747	30416.75576965959	-25779.398989130885	-25779.39898913088	79041.43393975002	3667.6248818841036	-3452.8195035248714
1150000	-4316.386989579138	-912.5741618970637	-3403.8128276820744	687.0	4.806788154398325E-5	1.9592766356561287E-5	1.9592766356561287E-5	2.263149220660406E-5	-0.5940345067899059	32148.312317950385	-27831.76496950389	-27831.76496950389	68281.01542006517	3659.3332954506936	-3403.8128276820744
1160000	-4227.428526676456	-829.6923305534337	-3397.7361961230226	503.0	4.133382325471044E-5	1.3155436754802336E-5	1.3155436754802336E-5	1.9473470495651745E-5	-0.4636932816669336	30819.891471731837	-20820.58938270778	-20820.58938270778	65417.40708757449	3889.3835016170005	-3397.7361961230226
1170000	-4210.9866331148205	-844.0214413287143	-3366.965191786106	553.0	4.46779238273817E-5	1.7923246763203896E-5	1.7923246763203896E-5	2.167389734851726E-5	-0.5759724177370739	33493.79028355356	-27697.7166881433	-27697.7166881433	69043.09764488554	3723.7772861589083	-3366.965191786106
1180000	-4245.50682748153	-830.2572349994239	-3415.2495924821064	556.0	3.9923671140949995E-5	1.636388517272283E-5	1.636388517272283E-5	2.0766653297429934E-5	-0.5683134473603122	36997.13922461785	-29153.322363493793	-29153.322363493793	71126.60852976174	3870.2130345177416	-3415.2495924821064
1190000	-4211.344550456961	-803.98896541608	-3407.355585040881	19.0	3.709127929964089E-5	1.36909582149127E-5	1.36909582149127E-5	2.197763819502955E-5	-0.47952077650617214	35010.93596356228	-21810.04424081024	-21810.04424081024	59087.35018943123	3581.3318807565774	-3407.355585040881
1200000	-4202.820384905321	-777.6763073407509	-3425.1440775645697	943.0	4.814819319023713E-5	1.726004966607562E-5	1.726004966607562E-5	2.069661780750132E-5	-0.5467670742543609	29626.042024626146	-24706.788399453228	-24706.788399453228	68921.42513965648	3712.6237176473132	-3425.1440775645697
1210000	-4194.5468038552335	-837.5576185303521	-3356.9891853248814	652.0	5.2052624854161166E-5	2.1435800892044247E-5	2.1435800892044247E-5	2.1518326668589907E-5	-0.6404926480634773	32574.315684640387	-32449.388652036017	-32449.388652036017	78796.95574510559	3823.1158094196326	-3356.9891853248814
1220000	-4236.125941538525	-838.5225465729094	-3397.6033949656153	368.0	4.855754295125067E-5	1.766516583015602E-5	1.766516583015602E-5	2.3233159058672133E-5	-0.5259388281116492	28468.972131700735	-21646.178741795567	-21646.178741795567	59500.44647703735	3692.8361301195105	-3397.6033949656153
1230000	-4315.897435678692	-878.5155043161027	-3437.381931362589	560.0	4.3143147454705886E-5	1.6958295803525923E-5	1.6958295803525923E-5	2.0857495583736253E-5	-0.5653211237415152	34065.61179759636	-27697.223728153735	-27697.223728153735	70463.76718710529	3783.146797337576	-3437.381931362589
1240000	-4136.153896061328	-822.5648358828422	-3313.589060178486	164.0	5.1634775485084155E-5	2.16279331747726E-5	2.16279331747726E-5	2.5060016097678136E-5	-0.6012473839103046	30331.628522472714	-26177.57435626098	-26177.57435626098	62496.64097382452	3620.4172742766173	-3313.589060178486
1250000	-4316.804887599882	-925.7519055544778	-3391.052982045404	270.0	4.741490879844586E-5	2.2035856824360626E-5	2.2035856824360626E-5	3.204465357705358E-5	-0.5653204443976221	30996.49648331248	-21315.080124697502	-21315.080124697502	45864.00194009348	3765.328909298047	-3391.052982045404
1260000	-4255.395984835799	-916.3883306455668	-3339.0076541902317	150.0	6.21082319659086E-5	2.475820599612624E-5	2.475820599612624E-5	2.7730818836247136E-5	-0.5965725166574909	24997.5072801345	-22317.892532703565	-22317.892532703565	55986.4816791754	3621.02756297143	-3339.0076541902317
1270000	-4372.390401235704	-919.3733906485663	-3453.017010587138	248.0	3.66028605648928E-5	1.3031912732401E-5	1.3031912732401E-5	2.059928883690384E-5	-0.47459650508574086	35262.96409764875	-22308.725046035106	-22308.725046035106	62658.733910207135	3745.4338700089047	-3453.017010587138
1280000	-4252.616963368082	-932.9024765701538	-3319.7144867979287	625.0	6.376150911142656E-5	2.3898528123022955E-5	2.3898528123022955E-5	2.8921342276249884E-5	-0.5565223852536721	22720.314499322674	-18774.4424114051	-18774.4424114051	50090.39781506588	3562.026430955218	-3319.7144867979287
1290000	-4273.977021535029	-872.5839692413151	-3401.3930522937144	235.0	4.494159765280532E-5	1.6636796225538133E-5	1.6636796225538133E-5	2.144399352855803E-5	-0.5359109240375274	31216.493479603752	-24218.550532780813	-24218.550532780813	65422.47311460132	3852.16170923061	-3401.3930522937144
1300000	-4225.772471494793	-893.4807041732365	-3332.2917673215557	33.0	5.4285447877251765E-5	2.0951547749446223E-5	2.0951547749446223E-5	2.5985994258279497E-5	-0.5578336767221864	26742.981528009655	-21561.87863653249	-21561.87863653249	55866.814846175286	3606.890456481997	-3332.2917673215557
1310000	-4296.052502898215	-910.0927872069656	-3385.959715691249	928.0	6.115936097667557E-5	2.0036985651780703E-5	2.0036985651780703E-5	2.1263566374734448E-5	-0.555626389107411	23652.851149479415	-22288.44544483157	-22288.44544483157	68031.54447776181	3880.576573106943	-3385.959715691249
1320000	-4135.119639027428	-769.7403310655906	-3365.3793079618376	975.0	4.3695562727110644E-5	1.4348912614178578E-5	1.4348912614178578E-5	2.1985878578843924E-5	-0.4629439466928793	29128.314899601923	-19010.368113960594	-19010.368113960594	57890.709541866	3674.6707238155377	-3365.3793079618376
1330000	-4300.885135070816	-904.944381027276	-3395.9407540435404	285.0	5.088605584319864E-5	1.5927133670609024E-5	1.5927133670609024E-5	2.0554980884736817E-5	-0.49246989986187323	25943.81415538411	-20102.69911197399	-20102.699111973994	64226.6895454399	3700.056046077343	-3395.9407540435404
1340000	-4308.599952352503	-930.7357744775121	-3377.8641778749916	70.0	5.493348551297552E-5	1.7107111618067647E-5	1.7107111618067647E-5	2.3844475435607022E-5	-0.47267673262905524	23441.12682627956	-16817.730973088	-16817.730973088	54004.241124815	3617.9935227000733	-3377.8641778749916
1350000	-4223.3847391488725	-906.8533196661485	-3316.531419482724	432.0	5.2320130086951635E-5	2.4236539571898764E-5	2.4236539571898764E-5	2.9519232565204446E-5	-0.6167138100171561	30844.296205980427	-25324.47291481387	-25324.472914813872	54668.68375973947	3786.385499684759	-3316.531419482724
1360000	-4360.815512624173	-972.3609747345695	-3388.4545378896028	823.0	5.820012511056174E-5	2.6599888682443373E-5	2.6599888682443373E-5	2.732406791492764E-5	-0.6670297158924218	30954.747344078056	-30134.342957616544	-30134.342957616547	65933.45375221164	3874.817352834373	-3388.4545378896028
1370000	-4341.8934029833335	-981.2403243291506	-3360.653078654183	147.0	5.380166219038445E-5	2.189630540884914E-5	2.189630540884914E-5	2.6138432176038716E-5	-0.5838929453993931	28201.577594999537	-23624.613437891774	-23624.61343789177	58048.307594859936	3805.577659554057	-3360.653078654183
1380000	-4252.026006968124	-924.6899151149637	-3327.3360918531603	997.0	5.240502805296551E-5	1.7201344247190866E-5	1.7201344247190866E-5	2.3683553334899673E-5	-0.4882614961600229	25055.30542480331	-18197.646600413573	-18197.646600413573	55440.328784092846	3697.8517132654692	-3327.3360918531603
1390000	-4240.562479778862	-876.4031083065821	-3364.1593714722803	873.0	5.7827365822107775E-5	1.8753381776635043E-5	1.8753381776635043E-5	2.12116989858619E-5	-0.5354576929266494	24243.95466942709	-21434.215995344795	-21434.215995344795	66093.905847806	3681.853471700178	-3364.1593714722803
1400000	-4241.9095704296715	-837.0792243183221	-3404.8303461113496	346.0	5.178497170701636E-5	1.7028380308256868E-5	1.7028380308256868E-5	2.00666245830485E-5	-0.5282436760509714	26784.64648330206	-22729.241026673568	-22729.241026673568	69121.84730320571	3729.501976133274	-3404.8303461113496
1410000	-4232.931020275414	-901.8908842961313	-3331.0401359792827	562.0	5.367784976739456E-5	2.1651364405791166E-5	2.1651364405791166E-5	2.668799847843555E-5	-0.5720443653841657	27691.17233030182	-22465.216469169696	-22465.216469169696	55695.54380145885	3731.457181794463	-3331.0401359792827
1420000	-4112.318996462371	-758.3347875910403	-3353.984208871331	857.0	4.337567345505724E-5	1.7420203377096576E-5	1.7420203377096576E-5	2.4328658295897172E-5	-0.5362545947028404	32360.181940687322	-23171.0661504785	-23171.066150478495	57695.112806208745	3698.5917024394757	-3353.984208871331
1430000	-4326.15558451693	-852.1093047120338	-3474.0462798048957	425.0	4.0522453210532026E-5	1.4298188381329952E-5	1.4298188381329952E-5	1.7319454857627544E-5	-0.5397169293861556	34820.77107347605	-28746.513587433154	-28746.513587433154	81470.4087500861	3996.989725025044	-3474.0462798048957
1440000	-4188.407705279661	-808.608767860557	-3379.798937419104	565.0	4.8900564032040606E-5	1.8040566840445824E-5	1.8040566840445824E-5	2.057986215949322E-5	-0.5686853154559176	30224.286412368227	-26494.990831393137	-26494.99083139314	71817.03364077063	3876.8630178877866	-3379.798937419104
1450000	-4205.391142970425	-824.5072335632692	-3380.8839094071554	6.0	4.1298568057015526E-5	1.423543686566827E-5	1.423543686566827E-5	1.9514076218599194E-5	-0.501451926664949	32347.932823687875	-23597.68150375416	-23597.68150375416	68459.46947514478	3682.102377803609	-3380.8839094071554
1460000	-4247.326055217972	-877.4832466644161	-3369.8428085535556	112.0	4.1584169883515736E-5	1.5448945565729423E-5	1.5448945565729423E-5	2.4471494295044874E-5	-0.48428897252482805	31415.724858053785	-19832.86420471185	-19832.864204711845	53384.43266930469	3823.585843136689	-3369.8428085535556
1470000	-4290.5896915128715	-944.8162306645819	-3345.7734608482897	59.0	5.4139054664808587E-5	2.346708667155119E-5	2.346708667155119E-5	2.831466386146476E-5	-0.5993743287108007	28827.06559346139	-23891.76329544652	-23891.763295446515	55118.79242594312	3789.8545104119153	-3345.7734608482897
1480000	-4191.685579948159	-834.4530914060429	-3357.2324885421162	839.0	5.276282785586978E-5	2.0094983479813865E-5	2.0094983479813865E-5	2.342136233491129E-5	-0.5716333327830228	28151.726566211506	-24153.525836241664	-24153.525836241664	63419.227345477106	3733.164896029597	-3357.2324885421162
1490000	-4152.233833434503	-815.4222272803281	-3336.811606154175	141.0	5.245076608151709E-5	1.788561194728984E-5	1.788561194728984E-5	2.5688442864614032E-5	-0.48725802003879765	25001.321715360147	-17407.202948305327	-17407.20294830533	51047.79935211583	3578.405342814366	-3336.811606154175
1500000	-4170.04873317617	-919.0964195408445	-3250.952313635325	880.0	6.696684997546135E-5	2.979467238934616E-5	2.979467238934616E-5	3.2732393804336265E-5	-0.6363847959822451	25096.471158262313	-22844.07125121544	-22844.07125121544	51344.59853486797	3624.5769794843827	-3250.952313635325
1510000	-4267.140369286608	-953.5472700581452	-3313.5930992284625	543.0	6.639738806614304E-5	2.440148437789373E-5	2.440148437789373E-5	2.758366945202191E-5	-0.5701836086339941	22315.960885742763	-19741.484064631008	-19741.484064631004	53717.34596721394	3563.760035204466	-3313.5930992284625
1520000	-4220.553946445277	-886.5902680921765	-3333.9636783531	895.0	5.6028067105449066E-5	2.3912837018283677E-5	2.3912837018283677E-5	2.9164514307464523E-5	-0.5915628732248315	27456.510920821296	-22512.395160041506	-22512.395160041506	52746.81484956329	3601.0968461037987	-3333.9636783531
1530000	-4279.081582040649	-912.1240060511227	-3366.957575989526	504.0	4.700152628971309E-5	1.9025004855297332E-5	1.9025004855297332E-5	2.437162994555009E-5	-0.5621167260241566	31103.996888749018	-24280.431516056597	-24280.431516056597	59985.127410348665	3862.4756856157933	-3366.957575989526
1540000	-4243.118156153102	-864.1418163149369	-3378.976339838165	746.0	4.716926332477196E-5	1.9079016768370846E-5	1.9079016768370846E-5	2.269031501866281E-5	-0.58318477863212	32126.671337065076	-27013.520995528506	-27013.520995528506	66785.82552952725	3835.8106416631354	-3378.976339838165
1550000	-4258.557408809071	-917.9798303215852	-3340.5775784874854	127.0	5.7708314643507873E-5	2.7327397176588213E-5	2.7327397176588213E-5	3.064702377431846E-5	-0.6498078009344553	29993.129919805568	-26744.33184518145	-26744.33184518145	56477.033179520906	3592.3839799500274	-3340.5775784874854
1560000	-4274.929378882938	-861.8712889284171	-3413.058089954521	794.0	4.6068411857376E-5	1.9830535781209765E-5	1.9830535781209765E-5	2.2648034418817535E-5	-0.6139281815301262	34837.29714703609	-30503.40947119619	-30503.40947119619	70862.61541681467	3768.9838449058366	-3413.058089954521
1570000	-4218.208270015377	-856.5956333175681	-3361.6126366978087	646.0	4.5989937774137013E-5	1.6987874135138926E-5	1.6987874135138926E-5	1.939824208223573E-5	-0.5687565827574553	32140.98173775764	-28147.23880783201	-28147.23880783201	76200.80952968412	3780.679621927715	-3361.6126366978087
1580000	-4273.735384400346	-867.4650315226392	-3406.270352877707	417.0	4.6872995964569166E-5	1.7028820690346787E-5	1.7028820690346787E-5	2.0872370334253958E-5	-0.5444240852374512	30321.44996060858	-24737.89637601223	-24737.896376012235	68092.75510558787	3851.220291431564	-3406.270352877707
1590000	-4292.74759134402	-949.2715462270994	-3343.476045116921	412.0	5.12979245174841E-5	1.9061706227421344E-5	1.9061706227421344E-5	2.5768395652846255E-5	-0.5242859082649552	26883.62041605117	-19886.673644879073	-19886.673644879076	53518.036180376694	3606.5807773026436	-3343.476045116921
1600000	-4275.498127942517	-910.1689370829179	-3365.3291908595997	777.0	5.035929072836386E-5	2.2603450524953695E-5	2.2603450524953695E-5	2.7420363544713557E-5	-0.6082727132706285	31519.322742759105	-25982.34888586506	-25982.348885865063	57887.29733562393	3764.299756141002	-3365.3291908595997
1610000	-4225.181287978424	-862.8573834565271	-3362.3239045218966	320.0	5.243794254527234E-5	2.3912801671262483E-5	2.3912801671262483E-5	2.6742725586720003E-5	-0.6385645518791836	32200.310329589098	-28792.863022419	-28792.863022419002	63139.33923928169	3723.177415160921	-3362.3239045218966
1620000	-4316.112675348251	-936.0505930094084	-3380.062082338843	555.0	4.7095145075654203E-5	1.8894776308704707E-5	1.8894776308704707E-5	2.20929800243834E-5	-0.585769203684315	32325.220632274915	-27645.78668437949	-27645.786684379487	68906.99912819958	3762.6774858708336	-3380.062082338843
1630000	-4326.825300648462	-875.3064283668756	-3451.518872281586	996.0	4.375991801235748E-5	1.163732085404374E-5	1.163732085404374E-5	1.6725850051257435E-5	-0.43015072494259005	28040.23762174472	-19509.516169753042	-19509.51616975304	73361.80197802998	3757.1792046448177	-3451.518872281586
1640000	-4257.535269804891	-864.6943567060661	-3392.840913098825	689.0	4.128248014898468E-5	1.5869299096926158E-5	1.5869299096926158E-5	2.0377074575724395E-5	-0.5471468934780086	34573.65693713818	-26925.342044122004	-26925.342044122008	70043.72982398402	3583.050997579233	-3392.840913098825
1650000	-4227.058715645933	-893.2725975928269	-3333.7861180531063	181.0	5.7546684140213116E-5	2.2764858475625505E-5	2.2764858475625505E-5	2.56054329611108E-5	-0.5930464910959825	26804.42206097438	-23830.836044279273	-23830.83604427927	60241.34066573255	3622.3008928244108	-3333.7861180531063
1660000	-4190.938695526021	-895.2176230820162	-3295.721072444004	796.0	5.2731000707039E-5	2.1519775784817166E-5	2.1519775784817166E-5	2.616825855984017E-5	-0.5793184023756526	28543.733395558284	-23473.27550778235	-23473.275507782353	57517.76039742362	3564.3291539048337	-3295.721072444004
1670000	-4218.745403075252	-960.3766080678762	-3258.3687950073763	481.0	5.545165695896598E-5	2.25862505721405E-5	2.25862505721405E-5	3.2637961426769814E-5	-0.5309154521465173	25112.106149146675	-17378.17857133707	-17378.17857133707	42665.284068798486	3640.1060858752476	-3258.3687950073763
1680000	-4191.960414947314	-896.9648058065143	-3294.9956091408	643.0	6.363214539338498E-5	2.901124714798707E-5	2.901124714798707E-5	3.490607369308978E-5	-0.6155702396146348	25303.499497746063	-21030.325097359826	-21030.325097359826	46127.10020493567	3785.0778714633657	-3294.9956091408
1690000	-4294.1985778524895	-845.3188112006267	-3448.8797666518626	639.0	4.623986658810915E-5	1.7757188571628333E-5	1.7757188571628333E-5	2.0666887917844473E-5	-0.5744184468913565	32276.056191669803	-27731.897440112007	-27731.897440112003	72214.0913632431	3887.561058817352	-3448.8797666518626
1700000	-4184.478126036328	-895.5471096314843	-3288.9310164048434	862.0	5.624280899558732E-5	2.0182810036024298E-5	2.0182810036024298E-5	2.4981674156197992E-5	-0.5384400567661098	25039.422400634336	-20229.465109662888	-20229.465109662884	56372.8212382159	3543.7538664986473	-3288.9310164048434
1710000	-4416.776225676678	-953.3498675523504	-3463.4263581243276	401.0	4.329497038857352E-5	1.541777363477455E-5	1.541777363477455E-5	1.9915140995961656E-5	-0.5250627983308136	31888.833780467052	-24687.488820887058	-24687.488820887054	69325.45014526504	3656.533095301099	-3463.4263581243276
1720000	-4318.8016229252835	-845.6674207421228	-3473.1342021831606	536.0	3.737568929058329E-5	1.420640442683039E-5	1.420640442683039E-5	2.045404573239056E-5	-0.5138069296868307	36352.270030109066	-25248.55261584071	-25248.552615840716	66426.52350684576	3772.5219713776564	-3473.1342021831606
1730000	-4293.148758964924	-871.828515709307	-3421.3202432556172	747.0	4.239681383315833E-5	1.5133347387665084E-5	1.5133347387665084E-5	2.0837396046062343E-5	-0.5091510787993458	31840.964939765927	-23124.7888424619	-23124.788842461898	64785.228434263954	3614.2398343068967	-3421.3202432556172
1740000	-4172.852172081955	-857.9098404869079	-3314.942331595047	342.0	6.261228730141083E-5	2.537233415044485E-5	2.537233415044485E-5	2.8878596811991967E-5	-0.5966815290662183	24801.275540331826	-21790.05629890051	-21790.05629890051	53772.16212000561	3699.5155603537396	-3314.942331595047
1750000	-4237.753107723205	-843.7286015578106	-3394.024506165395	463.0	5.248166483084728E-5	1.9814603535988276E-5	1.9814603535988276E-5	2.214887977310577E-5	-0.5811733650821012	28772.567273605557	-25740.21887695235	-25740.21887695235	68176.46072601494	3761.368235359127	-3394.024506165395
1760000	-4281.197811972783	-961.3478193847058	-3319.8499925880774	381.0	5.362822005161906E-5	2.2191075357290013E-5	2.2191075357290013E-5	3.0270459320074014E-5	-0.5507723776433283	26766.532147628997	-19622.369309323993	-19622.369309323996	47420.53831604277	3509.259020865546	-3319.8499925880774
1770000	-4453.659880687346	-903.7960489582937	-3549.863831729053	467.0	2.855915662645744E-5	1.0517337143007203E-5	1.0517337143007203E-5	1.6837184240933384E-5	-0.4796212036399239	45476.23302406741	-28406.701967737128	-28406.70196773713	77136.5831204814	3849.7938375551994	-3549.863831729053
1780000	-4218.809566960957	-880.5608205035574	-3338.2487464574006	510.0	4.60210889231179E-5	1.9360465612780713E-5	1.9360465612780713E-5	2.627329807100856E-5	-0.5567754223578202	31491.497154074397	-23205.69142475514	-23205.691424755143	55161.44135893551	3632.0875969599533	-3338.2487464574006
1790000	-4342.560926108667	-821.3724652446255	-3521.188460864042	303.0	5.0743460518972686E-5	1.9291027769384728E-5	1.9291027769384728E-5	2.5971017352505567E-5	-0.5313991365342355	27461.764367073447	-20398.34065069478	-20398.34065069478	53656.15589977969	3699.6256721284067	-3521.188460864042
1800000	-4354.827395112722	-949.7625723730027	-3405.0648227397196	145.0	5.189848969630556E-5	1.9651278762704935E-5	1.9651278762704935E-5	2.2463215517463117E-5	-0.5755426268632003	28812.50650348349	-25205.767923654195	-25205.767923654195	66567.7436399653	3689.925859790094	-3405.0648227397196
1810000	-4184.723492369175	-891.2245280665296	-3293.4989643026456	565.0	4.827105896723466E-5	1.8100296222703996E-5	1.8100296222703996E-5	2.736318056790793E-5	-0.4980339869980402	27549.720292221173	-18223.6891981292	-18223.689198129196	48600.13145972907	3584.677554029612	-3293.4989643026456
1820000	-4270.060831543869	-916.4213501753537	-3353.6394813685156	374.0	5.232576862915997E-5	2.2056174457392367E-5	2.2056174457392367E-5	2.8053102855796495E-5	-0.5756810422623747	28584.041779957075	-22473.614253542626	-22473.614253542626	53316.097130240596	3647.807451511375	-3353.6394813685156
1830000	-4189.732046369873	-886.164589412999	-3303.5674569568746	867.0	5.8114228987397206E-5	2.2648037244519054E-5	2.2648037244519054E-5	2.8240540461651413E-5	-0.5590528019066696	25030.533617143206	-20073.71135056866	-20073.71135056866	51508.58087431738	3622.695121948011	-3303.5674569568746
1840000	-4307.683557819067	-897.5897616768466	-3410.09379614222	792.0	4.724907058838664E-5	1.752934450079712E-5	1.752934450079712E-5	2.241570150727742E-5	-0.5386328961553525	29814.33252515311	-23315.16172826691	-23315.16172826691	62844.319262961566	3764.125907623143	-3410.09379614222
1850000	-4263.377623423319	-883.5774576366204	-3379.800165786699	163.0	4.4091014561478734E-5	1.5995490398903372E-5	1.5995490398903372E-5	2.1896162585116172E-5	-0.5147999650222284	30858.427959519064	-22542.565905464104	-22542.565905464104	62137.801142943004	3789.2631034975398	-3379.800165786699
1860000	-4340.220178758903	-927.150001386926	-3413.0701773719766	342.0	4.392347160854586E-5	1.4723238436256544E-5	1.4723238436256544E-5	2.055031358784349E-5	-0.4900560886897151	29962.518448027546	-21466.59715801144	-21466.597158011442	64040.76622708968	3794.0120819443036	-3413.0701773719766
1870000	-4246.235688117635	-904.6915278240125	-3341.544160293622	189.0	5.433469634504267E-5	1.9430240752034043E-5	1.9430240752034043E-5	2.573845906942208E-5	-0.5195750502850872	25210.127842630838	-19031.397802435433	-19031.397802435436	53219.37251388875	3652.5266995425245	-3341.544160293622
1880000	-4140.074860578611	-841.5471543178289	-3298.527706260782	552.0	5.638535014617508E-5	2.2214851122444344E-5	2.2214851122444344E-5	2.5471797719097376E-5	-0.5861792860795535	27018.996718355105	-23564.21781435773	-23564.217814357726	59810.28929970609	3610.1894429558947	-3298.527706260782
1890000	-4303.327222652703	-925.5785652621861	-3377.748657390517	381.0	4.810641684319198E-5	1.7638094230664487E-5	1.7638094230664487E-5	2.1946762491705002E-5	-0.54283135016451	29471.49002885109	-23685.539880583106	-23685.53988058311	64600.315643537215	3610.9894384956083	-3377.748657390517
1900000	-4181.685713684178	-858.1485246986226	-3323.5371889855555	956.0	5.705167684130648E-5	2.6674056591289135E-5	2.6674056591289135E-5	3.2506916708341706E-5	-0.6193939688115617	28438.28504791263	-23335.477539540854	-23335.47753954085	49910.97319476401	3723.3206154730156	-3323.5371889855555
1910000	-4170.057092994445	-839.6856529473978	-3330.3714400470476	724.0	5.724328065495792E-5	2.633896915668662E-5	2.633896915668662E-5	2.9533839116788935E-5	-0.6405847029462951	29626.494641326113	-26421.601522676385	-26421.60152267638	57422.86808259779	3596.2944475861877	-3330.3714400470476
1920000	-4162.50314999071	-817.6479135382491	-3344.8552364524608	929.0	4.294243876133025E-5	1.7132305079728825E-5	1.7132305079728825E-5	2.444271698170739E-5	-0.528807623292591	32326.761557237234	-22658.36247470846	-22658.36247470846	56793.60357372252	3759.3337158486715	-3344.8552364524608
1930000	-4310.387768561813	-884.5983460046334	-3425.7894225571795	764.0	4.317143397550202E-5	1.3341101502521498E-5	1.3341101502521498E-5	2.0910650436235364E-5	-0.44402730787854444	28851.915972782637	-18407.66936967708	-18407.66936967708	59566.70689340665	3704.519205902129	-3425.7894225571795
1940000	-4263.327489937761	-874.9247009611531	-3388.4027889766085	933.0	4.74089691029111E-5	1.7673827532285323E-5	1.7673827532285323E-5	2.0986886574362076E-5	-0.5603073882085026	30745.40052993335	-25891.83033184582	-25891.830331845824	69453.26257020298	3681.514873026834	-3388.4027889766085
1950000	-4239.696483482406	-826.699359040217	-3412.9971244421886	417.0	4.7858802669675E-5	1.5058756517628783E-5	1.5058756517628783E-5	1.7228200146191658E-5	-0.5244308633093555	28821.513010954746	-25192.193219184188	-25192.193219184184	80064.26046412431	3827.3542185275337	-3412.9971244421886
1960000	-4156.656924557812	-806.2125784806927	-3350.444346077119	405.0	4.50045125578492E-5	1.5791490900994268E-5	1.5791490900994268E-5	2.0120910385547598E-5	-0.5247727677023084	30664.613239464183	-24066.503536605673	-24066.50353660567	68587.65061685833	3781.134740227612	-3350.444346077119
1970000	-4107.137849396078	-823.2723150082725	-3283.8655343878054	262.0	6.05985270073584E-5	2.5550088105173183E-5	2.5550088105173183E-5	2.927539457240921E-5	-0.6066105925206989	26109.866092578683	-22787.37447687147	-22787.37447687147	54046.049547042276	3647.9149681798312	-3283.8655343878054
1980000	-4181.64129376226	-863.7097953750683	-3317.931498387192	248.0	5.9716896685882774E-5	2.5256995140579373E-5	2.5256995140579373E-5	2.8218334353182405E-5	-0.6152723206595622	26946.575788898648	-24118.699751628374	-24118.699751628377	57025.54453723426	3650.6413816191107	-3317.931498387192
1990000	-4380.537656438987	-966.7558382657473	-3413.7818181732396	331.0	4.454326595059381E-5	1.8032869484225307E-5	1.8032869484225307E-5	2.513973877365855E-5	-0.5388816940523058	31637.3680006247	-22693.65378519586	-22693.65378519586	56055.940338776614	3807.5524515540938	-3413.7818181732396
2000000	-4279.744569722019	-939.9512552516306	-3339.793314470389	603.0	5.7414365143203816E-5	2.2006067739887734E-5	2.2006067739887734E-5	2.601928338226972E-5	-0.5693567796682457	25771.525739831257	-21796.524249297563	-21796.52424929756	56867.66108756198	3629.4103043007735	-3339.793314470389
2010000	-4249.327647234642	-862.4025583900512	-3386.9250888445913	905.0	4.987568434214033E-5	1.915435794790121E-5	1.915435794790121E-5	2.438571168919517E-5	-0.5492315132538722	28710.533521244026	-22551.395790707586	-22551.395790707586	58721.16940652907	3839.2303221904917	-3386.9250888445913
2020000	-4332.930988010677	-866.6258145353039	-3466.3051734753726	714.0	3.6946129023720596E-5	1.418058983572609E-5	1.418058983572609E-5	1.9095512391990964E-5	-0.5338806322089781	37856.664387766745	-28112.87904779219	-28112.879047792194	73245.33524770685	3840.728541993969	-3466.3051734753726
2030000	-4231.3426552318615	-945.6205159204965	-3285.722139311365	419.0	6.129827042183272E-5	2.6855026759709665E-5	2.6855026759709665E-5	3.27452138466103E-5	-0.5994149405120953	25462.1975442531	-20882.07454118412	-20882.07454118412	47664.63514066561	3684.90443248371	-3285.722139311365
2040000	-4252.219887839571	-925.4969667867457	-3326.7229210528258	859.0	5.23082989135043E-5	2.163131335917357E-5	2.163131335917357E-5	2.5483450029463886E-5	-0.5924728837706293	29457.836395403065	-25004.92237964206	-25004.922379642067	60466.27555273239	3600.5915160687077	-3326.7229210528258
2050000	-4221.246359244454	-890.6937926536914	-3330.5525665907626	466.0	4.972599204103018E-5	1.897082598216475E-5	1.897082598216475E-5	2.431295962964593E-5	-0.5456015529241944	28634.009187159536	-22342.43850752534	-22342.438507525345	58563.60289461871	3533.3138440155626	-3330.5525665907626
2060000	-4261.123022581901	-899.642460348426	-3361.4805622334748	951.0	4.5511017209585555E-5	1.8014081384927545E-5	1.8014081384927545E-5	2.6729417132109393E-5	-0.5164866553651588	29966.526092428456	-20195.705622180933	-20195.705622180933	51022.70199022402	3683.8942123247875	-3361.4805622334748
2070000	-4304.047162263123	-853.5532437415707	-3450.4939185215526	359.0	4.0934550893568195E-5	1.5632241001513903E-5	1.5632241001513903E-5	1.9282234776194304E-5	-0.5564133529133565	35383.96994531203	-28686.028989665305	-28686.028989665305	75117.17056422729	3857.83983906008	-3450.4939185215526
2080000	-4281.9813494397895	-914.6174158079051	-3367.3639336318843	126.0	4.481189860353754E-5	1.821687877922047E-5	1.821687877922047E-5	2.5609327147134725E-5	-0.5377472672656882	31393.678340593124	-22331.50560648018	-22331.50560648018	54933.51396966052	3761.237684042057	-3367.3639336318843
2090000	-4241.214345671379	-895.579076701424	-3345.6352689699556	615.0	6.034137236453533E-5	2.3744582197803915E-5	2.3744582197803915E-5	2.7098172000379465E-5	-0.5872012117536771	25293.81959014449	-22163.531117383063	-22163.531117383063	56323.49615276315	3725.6750457428775	-3345.6352689699556
2100000	-4146.089616801291	-820.0432023487718	-3326.0464144525195	468.0	5.065726275689192E-5	1.8774911791860527E-5	1.8774911791860527E-5	2.171172552350525E-5	-0.5661217958445344	29051.25598647506	-25121.668381370157	-25121.668381370157	67781.67429997082	3728.5569180275934	-3326.0464144525195
2110000	-4157.546766469944	-823.1252052151542	-3334.421561254789	202.0	5.6507017430781475E-5	2.460642621634712E-5	2.460642621634712E-5	2.7216484716940724E-5	-0.6274531939998981	29188.263873815242	-26389.111924776025	-26389.11192477603	60600.83631834001	3632.72042815266	-3334.421561254789
2120000	-4153.894526397742	-767.1183609457562	-3386.776165451986	487.0	4.5684769713561624E-5	1.6776831585190597E-5	1.6776831585190597E-5	2.070013761304094E-5	-0.5455538293528722	31164.630077085843	-25257.984270048855	-25257.984270048855	68779.68518349614	3775.8484511179145	-3386.776165451986
2130000	-4253.445604438819	-860.7339171858916	-3392.7116872529273	12.0	4.336165912077881E-5	1.1906139738465171E-5	1.1906139738465171E-5	1.9331677687338346E-5	-0.4112285487614259	27755.561141785605	-17094.3047374546	-17094.3047374546	62256.73738210082	3786.0888801769593	-3392.7116872529273
2140000	-4230.353813286438	-877.0020387515972	-3353.351774534841	343.0	5.115228054524104E-5	1.9123318964529746E-5	1.9123318964529746E-5	2.2994138077341448E-5	-0.5575992757130163	28370.267667751003	-23594.43419425682	-23594.43419425682	63111.90643472759	3598.2428075240227	-3353.351774534841
2150000	-4269.846484854726	-922.3372432560795	-3347.509241598647	75.0	4.892350048119003E-5	1.9179740764244856E-5	1.9179740764244856E-5	2.6746891993573318E-5	-0.530209261134253	28433.295560332124	-20389.03204347474	-20389.032043474737	52008.14918465917	3678.4204736449033	-3347.509241598647
2160000	-4214.989820208879	-888.5552999394273	-3326.4345202694512	34.0	5.230375485159956E-5	1.650487973232134E-5	1.650487973232134E-5	2.2240108006887648E-5	-0.48392435981585075	24965.60001147866	-18527.528081567074	-18527.52808156707	58713.50185525507	3620.773117975448	-3326.4345202694512
2170000	-4135.791870651661	-818.0626582874985	-3317.729212364163	486.0	6.391390259359661E-5	2.620587834601669E-5	2.620587834601669E-5	2.638313438766563E-5	-0.6381721646967093	26396.30557713476	-26218.96104437348	-26218.96104437348	63945.81017926867	3681.57010368786	-3317.729212364163
2180000	-4203.801563569069	-847.8946026679137	-3355.9069609011553	735.0	5.186106758942104E-5	1.959021956771203E-5	1.959021956771203E-5	2.4153244827307408E-5	-0.5535168364583553	27799.532737530993	-22547.65163446333	-22547.65163446333	59690.259282489096	3598.1107844065164	-3355.9069609011553
2190000	-4275.79679154322	-948.0717569099476	-3327.7250346332726	373.0	6.110782164894205E-5	2.581273825703316E-5	2.581273825703316E-5	2.7117292006090882E-5	-0.6341069563752525	27369.607292557994	-26052.915205614936	-26052.915205614936	61676.40488067739	3588.4345076623867	-3327.7250346332726
2200000	-4227.232944234227	-884.5784289092389	-3342.6545153249886	241.0	5.984999998401244E-5	2.4495768337817542E-5	2.4495768337817542E-5	2.6031315816792333E-5	-0.6205987953896868	27174.504140967743	-25571.52173240524	-25571.52173240524	62478.36582095893	3728.0697279424726	-3342.6545153249886
2210000	-4385.232744146672	-933.0272463905125	-3452.20549775616	90.0	4.799618609142163E-5	1.8320587414561153E-5	1.8320587414561153E-5	2.0084832572389574E-5	-0.5900678086756879	31964.32973703618	-29156.59341369138	-29156.593413691382	76384.30207555497	3776.6043848196423	-3452.20549775616
2220000	-4394.582949509053	-977.6806287538521	-3416.902320755201	923.0	4.32722831087167E-5	1.8985215957845758E-5	1.8985215957845758E-5	2.6516455157183727E-5	-0.5604706876946178	33693.54691020319	-24123.860473963654	-24123.86047396365	54984.60077685553	3682.563331054702	-3416.902320755201
2230000	-4355.853592479127	-917.7988878779324	-3438.0547046011948	68.0	4.80694594372085E-5	1.575666212585565E-5	1.575666212585565E-5	2.1995413727394668E-5	-0.4845778242179166	27187.21318897403	-19475.866090608484	-19475.866090608488	59415.77902535434	3579.757794256392	-3438.0547046011948
2240000	-4281.944734438703	-825.7718376714018	-3456.172896767301	852.0	3.62879555507186E-5	1.4272793407069009E-5	1.4272793407069009E-5	1.866631239320759E-5	-0.5484012856556136	39409.532132824424	-30133.649247493082	-30133.64924749309	76613.49066626249	3903.5190714871137	-3456.172896767301
2250000	-4204.691745633205	-846.376570351053	-3358.315175282152	946.0	5.45728451246149E-5	2.4157438512817928E-5	2.4157438512817928E-5	2.505692966411839E-5	-0.6532789398921469	31966.64429520453	-30819.10890017641	-30819.108900176412	69621.88710510677	3697.116026966556	-3358.315175282152
2260000	-4383.755918175279	-887.7226070633732	-3496.0333111119053	581.0	3.960715994785842E-5	1.5661947570681186E-5	1.5661947570681186E-5	1.927929631029725E-5	-0.5667784453204276	37197.063237588096	-30217.827706670847	-30217.82770667085	76417.20991937185	3788.6157680777364	-3496.0333111119053
2270000	-4176.035175846391	-791.4388963279813	-3384.59627951841	51.0	5.002763325371686E-5	2.053329723142214E-5	2.053329723142214E-5	2.4372234316840375E-5	-0.5880388813523368	30554.324194801648	-25741.629275392144	-25741.629275392144	62717.29154009166	3749.001212537198	-3384.59627951841
2280000	-4384.28400957608	-892.6950138276632	-3491.588995748417	375.0	3.6056607239259515E-5	1.1858150183570557E-5	1.1858150183570557E-5	1.7055359012986178E-5	-0.47818294671209505	35955.777571254774	-24999.12256800656	-24999.122568006565	76013.84109720473	3785.8225228436118	-3491.588995748417
2290000	-4311.9270396354905	-861.245661200517	-3450.6813784349733	445.0	3.967648222511429E-5	1.705311956965786E-5	1.705311956965786E-5	2.097555211683358E-5	-0.5911266736074782	38741.221003444974	-31496.604731376152	-31496.604731376152	73281.28279821643	3852.2559761133393	-3450.6813784349733
2300000	-4298.362695111585	-857.255705456306	-3441.106989655279	275.0	4.34870319530953E-5	1.5409615410188847E-5	1.5409615410188847E-5	1.980049060145727E-5	-0.5251385982449308	31751.48559485057	-24710.407007934882	-24710.407007934882	69734.52811921184	3735.697393367987	-3441.106989655279
2310000	-4364.225776633794	-924.1162130787031	-3440.109563555091	168.0	4.155477149927573E-5	1.3797785520126134E-5	1.3797785520126134E-5	2.082088900571091E-5	-0.46908258091494326	30853.605171853756	-20446.361659539376	-20446.36165953938	61578.27902994856	3628.4388520864054	-3440.109563555091
2320000	-4194.59229753556	-865.5132919106261	-3329.079005624934	397.0	5.524060211249114E-5	2.0160617272584355E-5	2.0160617272584355E-5	2.52148086298536E-5	-0.5401903044946085	25561.661925312466	-20437.94543486125	-20437.945434861245	56000.48830346402	3696.180952358887	-3329.079005624934
2330000	-4336.888125086177	-869.9034527077438	-3466.984672378433	524.0	3.7041345871655094E-5	1.4080482231686982E-5	1.4080482231686982E-5	1.7043818548038733E-5	-0.5603904155349967	39356.16887337697	-32513.47900512731	-32513.47900512731	85532.79649822226	3909.6746814648773	-3466.984672378433
2340000	-4349.798170760548	-885.7472054537127	-3464.0509653068348	997.0	5.472852653694229E-5	2.4416134931620518E-5	2.4416134931620518E-5	2.582309522174321E-5	-0.6494801616844029	31602.871474392025	-29881.00254905569	-29881.002549055695	66977.97360378102	3816.9416864142618	-3464.0509653068348
2350000	-4219.541500960703	-850.8439901784382	-3368.697510782265	181.0	4.46364619227994E-5	1.5907723678351255E-5	1.5907723678351255E-5	2.1136889058851467E-5	-0.517896078989877	30614.525595801562	-23040.638211510115	-23040.63821151011	64651.1462607742	3642.386240674543	-3368.697510782265
2360000	-4283.986456190007	-932.4337562970175	-3351.5526998929895	965.0	6.25522222903471E-5	2.2940192902115563E-5	2.2940192902115563E-5	2.4833806943331E-5	-0.5820416235731515	24177.21749921416	-22333.669361850298	-22333.669361850298	60898.38287073602	3920.4165088212026	-3351.5526998929895
2370000	-4323.1898855576455	-908.2341151887945	-3414.955770368851	829.0	4.045329645794437E-5	1.4051638673161713E-5	1.4051638673161713E-5	2.0922512636772252E-5	-0.4829955124624334	32241.254609046886	-21653.34862025578	-21653.348620255776	62337.87755412964	3766.0365593840725	-3414.955770368851
2380000	-4304.9337764165875	-970.8636688804057	-3334.070107536182	626.0	5.8478506774942016E-5	2.1217927485044716E-5	2.1217927485044716E-5	2.5390873507461464E-5	-0.5506377761672514	24541.257108743022	-20507.944067860768	-20507.94406786077	56521.72894632742	3806.9975485093532	-3334.070107536182
2390000	-4199.772878414775	-916.9890462797745	-3282.7838321350005	181.0	7.343095360646722E-5	2.7904011133998667E-5	2.7904011133998667E-5	2.8308392858655872E-5	-0.6120253986199898	21774.372893227854	-21463.328797299946	-21463.32879729995	56481.940663884474	3634.923947139209	-3282.7838321350005
2400000	-4355.733740841371	-901.8731329480099	-3453.8606078933612	704.0	4.2187696210838323E-5	1.4299648146188724E-5	1.4299648146188724E-5	1.7084897086037495E-5	-0.5326307834006329	33091.50670122128	-27696.79560091862	-27696.795600918624	81712.77970476972	3857.603208966092	-3453.8606078933612
2410000	-4339.383943838147	-933.9154216337394	-3405.4685222044077	573.0	4.4661727096782113E-5	1.5073818896590862E-5	1.5073818896590862E-5	2.209430548010047E-5	-0.4798608945026707	29088.684816858044	-19845.7275456905	-19845.7275456905	58800.25982554287	3666.332566256622	-3405.4685222044077
2420000	-4376.302307301296	-893.5410374238188	-3482.7612698774774	214.0	4.3017646364122834E-5	1.6898841939951808E-5	1.6898841939951808E-5	1.887190501767794E-5	-0.5930970314596413	35860.824323647656	-32111.56486396231	-32111.56486396231	81743.1127189099	3781.853149651489	-3482.7612698774774
2430000	-4264.9015330962975	-874.4204924539608	-3390.4810406423367	764.0	4.320407492921327E-5	1.8438594384661965E-5	1.8438594384661965E-5	2.4744432737606486E-5	-0.5639319549314569	33939.32284772265	-25290.270919331684	-25290.270919331684	59258.46281904318	3765.301140930347	-3390.4810406423367
2440000	-4148.143751036212	-741.3314415182239	-3406.8123095179885	738.0	4.657109640750809E-5	1.706422821125435E-5	1.706422821125435E-5	1.980013165697465E-5	-0.5619457362004001	31382.655086438797	-27046.32461781814	-27046.324617818136	73813.8857293552	3656.1658528949806	-3406.8123095179885
2450000	-4189.280609518417	-875.0192445991496	-3314.2613649192676	892.0	5.859779502168246E-5	2.3981925463011028E-5	2.3981925463011028E-5	2.858802439139779E-5	-0.5859375620430229	25987.637825167432	-21800.512856370162	-21800.512856370162	53267.69886327307	3716.687823994624	-3314.2613649192676
2460000	-4318.8941280117815	-957.0027645885782	-3361.891363423203	472.0	5.646400083488945E-5	2.2972834772141544E-5	2.2972834772141544E-5	2.7061810026277425E-5	-0.587692765803483	27054.588441049407	-22966.70435129848	-22966.704351298482	56448.93312160834	3617.427601287028	-3361.891363423203
2470000	-4204.995675822206	-918.4971067380926	-3286.498569084113	548.0	5.908807232708826E-5	2.3794913112928317E-5	2.3794913112928317E-5	2.8430027722129172E-5	-0.5805579422836739	25528.05820319822	-21366.06875040312	-21366.068750403123	53056.7104690719	3569.801888049968	-3286.498569084113
2480000	-4116.656012976219	-783.1419979242738	-3333.514015051945	636.0	4.53203453100135E-5	2.026776596054817E-5	2.026776596054817E-5	2.7924217874505284E-5	-0.5697295777727213	32669.347124625016	-23711.84341067378	-23711.843410673784	53021.57787890892	3638.176582566701	-3333.514015051945
2490000	-4208.986572832775	-857.8495401415714	-3351.137032691204	433.0	5.9599078658547025E-5	2.278066810070487E-5	2.278066810070487E-5	2.7000449637050014E-5	-0.5678860303603632	24765.5317125784	-20895.035670352998	-20895.035670352998	54665.86269486898	3731.1087208391823	-3351.137032691204
2500000	-4321.066039491129	-944.9511450339772	-3376.114894457152	221.0	5.050724448734152E-5	1.9959509665322898E-5	1.9959509665322898E-5	2.49678820149841E-5	-0.5620593522764787	28942.333050107867	-23136.715236956803	-23136.715236956803	58547.116271960396	3767.277407944657	-3376.114894457152
2510000	-4316.591625182225	-940.3735006008261	-3376.2181245813986	581.0	5.517278253073595E-5	1.9634930531451473E-5	1.9634930531451473E-5	2.6416829091522988E-5	-0.5143119108692817	24643.496176505192	-18316.85906742841	-18316.85906742841	51469.09383532514	3613.3972437631387	-3376.2181245813986
2520000	-4265.246711176116	-880.861624000712	-3384.385087175404	494.0	4.675961459346417E-5	1.8680493356077627E-5	1.8680493356077627E-5	2.444783076875186E-5	-0.552500550489401	30782.565257685317	-23520.83958770686	-23520.83958770686	58875.60746237163	3715.0456542358625	-3384.385087175404
2530000	-4252.654302006582	-972.1080324911453	-3280.546269515437	927.0	5.696139874141371E-5	2.615719547854609E-5	2.615719547854609E-5	3.5236988436033E-5	-0.5838502404171746	26635.177283993104	-19771.880905426577	-19771.880905426577	43056.37403082738	3652.8305713597424	-3280.546269515437
2540000	-4294.848877716955	-935.470215664009	-3359.3786620529463	686.0	5.4882735441634825E-5	2.2354631715883972E-5	2.2354631715883972E-5	2.771047423249761E-5	-0.5732283561514278	27137.94322305014	-21892.758715994576	-21892.75871599458	53748.79353721274	3684.914963146784	-3359.3786620529463
2550000	-4284.769797461982	-858.6637401655216	-3426.106057296461	253.0	4.4466761535715955E-5	1.7385219440427886E-5	1.7385219440427886E-5	2.1074743258745402E-5	-0.5679123065014922	33194.85932831661	-27383.48489618916	-27383.484896189155	70039.66197079844	3757.412218243379	-3426.106057296461
2560000	-4179.465309292967	-866.4222067122257	-3313.0431025807407	628.0	5.571290864473904E-5	2.4505824317929193E-5	2.4505824317929193E-5	2.8797315730640453E-5	-0.6118083436386418	28686.962864934336	-24411.916678575955	-24411.916678575963	55499.41377656184	3759.7654605583325	-3313.0431025807407
2570000	-4260.4021004737215	-885.4234397257115	-3374.97866074801	401.0	4.9710483371674017E-5	2.163082688250084E-5	2.163082688250084E-5	2.5504144181793774E-5	-0.607496459264495	31882.943536420822	-27040.87724822307	-27040.877248223067	62143.490219078485	3724.8365700673403	-3374.97866074801
2580000	-4202.196584425095	-808.4046001047427	-3393.791984320352	473.0	4.673812950915851E-5	1.4503135320592298E-5	1.4503135320592298E-5	1.9452446849180267E-5	-0.4809933993913374	27835.733396254367	-20753.451291955054	-20753.45129195506	66880.53809083506	3661.3294757454555	-3393.791984320352
2590000	-4436.190792327408	-949.6707757417242	-3486.5200165856845	942.0	4.151622350677248E-5	1.8973423642000664E-5	1.8973423642000664E-5	2.581264644259699E-5	-0.5795895101891126	36271.4046075007	-26661.068141112577	-26661.06814111258	58337.75099110192	3719.7028682515734	-3486.5200165856845
2600000	-4278.521080052107	-889.054147885776	-3389.466932166331	950.0	5.366254592596961E-5	1.9992965040989653E-5	1.9992965040989653E-5	2.369310956494253E-5	-0.5606999774495743	27179.913932744366	-22935.236406390366	-22935.236406390366	61559.81238688598	3537.218748116326	-3389.466932166331
2610000	-4280.1607204881575	-885.489039457871	-3394.6716810302864	410.0	5.474833817708093E-5	2.3165840001403697E-5	2.3165840001403697E-5	2.577726990390162E-5	-0.6166576484340988	29472.98987416007	-26487.155945263257	-26487.155945263257	62597.67705174879	3806.256379497551	-3394.6716810302864
2620000	-4297.941822166643	-859.0894973527751	-3438.852324813868	895.0	4.2211901559609316E-5	1.5841954952767368E-5	1.5841954952767368E-5	1.857280168096674E-5	-0.5657865316162097	34844.09908192313	-29720.80666705621	-29720.806667056204	79192.98906242634	3833.6921507619877	-3438.852324813868
2630000	-4116.993144584419	-839.3204712246919	-3277.672673359727	724.0	5.517102762424085E-5	2.0560695660461988E-5	2.0560695660461988E-5	2.7642316348356382E-5	-0.5264959704170121	25076.653857808415	-18652.324271797366	-18652.324271797363	50050.247066032774	3532.7016891729763	-3277.672673359727
2640000	-4227.697399517712	-857.8448946030096	-3369.852504914703	546.0	4.457745758641887E-5	1.6058758297562594E-5	1.6058758297562594E-5	2.196138927890029E-5	-0.5132446236366067	30455.435057676088	-22269.832943047077	-22269.832943047073	61818.760521851305	3545.2506549872182	-3369.852504914703
2650000	-4340.230981472554	-870.8006617058533	-3469.4303197667004	699.0	3.725902012832837E-5	1.2046416422318424E-5	1.2046416422318424E-5	1.589227287327794E-5	-0.49505009769070846	35552.040545323434	-26948.611346350408	-26948.611346350408	83350.83375699256	3835.0412114237997	-3469.4303197667004
2660000	-4383.844273818784	-982.0642314630355	-3401.7800423557487	775.0	4.986781385060481E-5	2.214166146982493E-5	2.214166146982493E-5	2.4961233600627205E-5	-0.6275770006918864	33082.75226319247	-29345.78926753389	-29345.78926753389	66093.06887321078	3760.9258534081905	-3401.7800423557487
2670000	-4365.206903033065	-926.7902163730242	-3438.416686660041	468.0	4.640967046754364E-5	1.856019800676025E-5	1.856019800676025E-5	2.0986010796720562E-5	-0.5947211955163799	33339.0221378567	-29485.30133831242	-29485.30133831242	73727.82974884666	3967.4251199487626	-3438.416686660041
2680000	-4262.313317562759	-846.7493259727855	-3415.5639915899733	77.0	4.603376819145426E-5	1.9300611157151178E-5	1.9300611157151178E-5	2.232269407003025E-5	-0.6020873384529055	34076.071971645106	-29462.79749319383	-29462.79749319383	70271.53591304389	3741.11447007549	-3415.5639915899733
2690000	-4388.857915550216	-910.8360763544528	-3478.0218391957633	790.0	3.7278951018402766E-5	1.1738706992619854E-5	1.1738706992619854E-5	1.6871958544520055E-5	-0.46806446473521435	34350.430668302215	-23899.397311906632	-23899.397311906632	75898.00668166029	3876.368876583159	-3478.0218391957633
2700000	-4163.037695162669	-811.1950530177497	-3351.8426421449185	498.0	5.404425884349145E-5	2.140942091984292E-5	2.140942091984292E-5	2.332152396189292E-5	-0.6030477131151465	29078.076678954225	-26694.000965649997	-26694.000965649993	67384.23720834499	3795.7178560753746	-3351.8426421449185
2710000	-4251.235104161287	-812.8256131983524	-3438.4094909629353	148.0	3.781260965298445E-5	1.2592831309859567E-5	1.2592831309859567E-5	1.756203746662065E-5	-0.48867217425228754	34742.80275761467	-24912.27200658926	-24912.272006589257	74804.30681355933	3772.987763443004	-3438.4094909629353
2720000	-4342.158033122015	-896.5113531213557	-3445.6466800006588	235.0	3.9201642095881334E-5	1.6789975044875658E-5	1.6789975044875658E-5	2.0788930949501693E-5	-0.5881415240617445	38999.45441647525	-31497.524716733	-31497.524716733	73541.18678266848	3950.439200760254	-3445.6466800006588
2730000	-4219.71925940341	-872.8261329719979	-3346.893126431413	802.0	4.9367252237205945E-5	1.6714848948192604E-5	1.6714848948192604E-5	2.1534356452802233E-5	-0.5126453587745228	27477.60140312493	-21327.962965529554	-21327.962965529558	62992.06954777393	3685.0170421447265	-3346.893126431413
2740000	-4335.232094119519	-911.5542006610076	-3423.6778934585122	832.0	4.155202045706882E-5	1.4766578856099352E-5	1.4766578856099352E-5	2.2502699123287656E-5	-0.4829103451715997	31385.359661474988	-20595.502158609455	-20595.50215860946	57954.16361215329	3645.0560819523644	-3423.6778934585122
2750000	-4231.557604851571	-828.793295972481	-3402.7643088790905	755.0	4.006671681760564E-5	1.589869734191908E-5	1.589869734191908E-5	2.096562018737188E-5	-0.5485494787336317	35701.05073968026	-27072.902944247387	-27072.90294424739	68227.12027089566	3747.624355997901	-3402.7643088790905
2760000	-4189.521075118206	-847.9905888757569	-3341.530486242449	358.0	5.272426915275085E-5	2.0862663683521644E-5	2.0862663683521644E-5	2.3836997205127013E-5	-0.5884894751392279	29015.10474122002	-25394.657168816084	-25394.657168816084	64177.55469394034	3599.6779979378452	-3341.530486242449
2770000	-4314.315019025194	-928.4089439501184	-3385.906075075075	68.0	5.0579504364465514E-5	2.6878491714674097E-5	2.6878491714674097E-5	3.1694933426898985E-5	-0.6713093375689296	35989.94843788711	-30520.825454024067	-30520.825454024063	57433.58818813908	3671.3327068249387	-3385.906075075075
2780000	-4351.768947970498	-965.6592230686085	-3386.109724901889	827.0	5.3625213371532664E-5	1.954115691621883E-5	1.954115691621883E-5	2.2628064573482287E-5	-0.5609731187700221	27210.99546982243	-23498.886994756787	-23498.88699475679	64486.09130411709	3674.224813977067	-3386.109724901889
2790000	-4410.893782604866	-949.1216544745675	-3461.772128130299	878.0	5.148373871892627E-5	1.7660281875772286E-5	1.7660281875772286E-5	2.2741586063187724E-5	-0.5161218164912927	26476.451816218512	-20560.641674047794	-20560.641674047794	59938.94725385596	3632.678599354072	-3461.772128130299
2800000	-4349.021395212009	-983.4454725937568	-3365.5759226182527	52.0	4.527451285372436E-5	1.7858525619746178E-5	1.7858525619746178E-5	2.861451007232273E-5	-0.4961643436073816	29300.70123847454	-18286.78255966208	-18286.78255966208	46360.219744862145	3604.585399762991	-3365.5759226182527
2810000	-4298.919481010085	-950.1061163532947	-3348.8133646567903	590.0	5.5634901634861054E-5	1.953088671882713E-5	1.953088671882713E-5	2.254640504783931E-5	-0.5514544509290251	25828.97038182861	-22374.418162055503	-22374.4181620555	63734.87141181674	3791.3734170571997	-3348.8133646567903
2820000	-4283.871253225692	-859.7994000414982	-3424.0718531841944	677.0	4.023995500195813E-5	1.57595941443441E-5	1.57595941443441E-5	2.065590834604111E-5	-0.5466308482860505	35440.82957992616	-27039.870673397396	-27039.870673397396	69042.58886303722	3776.025905782135	-3424.0718531841944
2830000	-4264.836025345542	-915.9749205482291	-3348.861104797313	435.0	5.178851221692009E-5	2.2006078855275556E-5	2.2006078855275556E-5	2.4863691072928323E-5	-0.6132578935120613	30948.621390865454	-27391.661229695346	-27391.66122969535	64462.796464793035	3715.072893086732	-3348.861104797313
2840000	-4270.632889744169	-843.1391984303998	-3427.493691313769	740.0	4.5407145424806E-5	1.8186536951585823E-5	1.8186536951585823E-5	2.1730060699392876E-5	-0.5789718378823993	33127.62255195809	-27725.496950692206	-27725.4969506922	69223.49622506443	3781.6211448299614	-3427.493691313769
2850000	-4303.393072015315	-864.4843324670917	-3438.908739548223	439.0	4.471060229198505E-5	2.0303644973734264E-5	2.0303644973734264E-5	2.34594799043555E-5	-0.6269162987425156	36848.345534982516	-31891.4029067144	-31891.402906714404	70227.97304327144	3905.430647313192	-3438.908739548223
2860000	-4219.9766043358795	-887.3841565784031	-3332.5924477574763	958.0	4.837228061186764E-5	1.8000251862375977E-5	1.8000251862375977E-5	2.3726506156418366E-5	-0.531328858319001	28804.925522031444	-21853.024244502478	-21853.024244502478	58725.879451860594	3723.0577503129825	-3332.5924477574763
2870000	-4289.864857665178	-927.7591129668799	-3362.1057446982973	487.0	4.7344868673849154E-5	1.8548272407156923E-5	1.8548272407156923E-5	2.5166624059969536E-5	-0.5373466263177857	29696.10917777206	-21886.58761498803	-21886.58761498803	55865.99083753337	3659.494059851726	-3362.1057446982973
2880000	-4340.012994883363	-923.6696634752209	-3416.3433314081417	223.0	4.29709206533595E-5	1.8303289977724244E-5	1.8303289977724244E-5	2.725283621779231E-5	-0.5348548987446159	32596.394504278596	-21892.079637957	-21892.079637957	51396.378367199046	3720.3977263494567	-3416.3433314081417
2890000	-4300.2718501038735	-913.7506288378366	-3386.5212212660367	651.0	4.461325690793719E-5	1.7737034917100295E-5	1.7737034917100295E-5	2.2860013111398423E-5	-0.5554063218767419	32413.723861692917	-25149.73850305567	-25149.738503055665	63258.13475861907	3734.7355288556923	-3386.5212212660367
2900000	-4265.040105711266	-973.83006067128	-3291.2100450399857	275.0	6.12858639267503E-5	2.7362322112146187E-5	2.7362322112146187E-5	3.05345854823513E-5	-0.6325236676830243	27198.867918720487	-24373.15500837251	-24373.155008372512	54590.75641265259	3763.7645220406384	-3291.2100450399857
2910000	-4304.331147890344	-926.6459627750666	-3377.685185115278	344.0	4.778602046940163E-5	1.53108916878355E-5	1.53108916878355E-5	2.0474978503011684E-5	-0.4894838018783223	27520.341847819316	-20579.31211904276	-20579.31211904276	64229.010969236755	3739.5795861807055	-3377.685185115278
2920000	-4330.611742765312	-897.6110521505811	-3433.0006906147305	461.0	3.7931013173570063E-5	1.2771819152539467E-5	1.2771819152539467E-5	1.7828569365845482E-5	-0.4911309363013005	34744.31286427627	-24889.718932349297	-24889.7189323493	73919.95184348349	3873.5173260927695	-3433.0006906147305
2930000	-4240.030186356522	-924.3945420428478	-3315.635644313674	122.0	5.551846826607708E-5	2.5075729520143082E-5	2.5075729520143082E-5	3.0909690169824427E-5	-0.6053234699477855	28428.80914958341	-23063.09525906101	-23063.09525906101	51062.4315527545	3583.17257547457	-3315.635644313674
2940000	-4374.649522309387	-983.0248226402485	-3391.6246996691384	502.0	5.6813761460902375E-5	1.8838331086477524E-5	1.8838331086477524E-5	2.604008982136494E-5	-0.48977252054613735	23155.952627010338	-16751.843223386568	-16751.843223386564	50521.20703022838	3633.221135527184	-3391.6246996691384
2950000	-4242.1105950884075	-873.6225546207306	-3368.488040467677	770.0	5.0176709702203224E-5	1.8635733210162957E-5	1.8635733210162957E-5	2.499415144184886E-5	-0.5262307185412773	27562.000227967757	-20550.330911688798	-20550.330911688798	55331.763811562174	3757.527886832918	-3368.488040467677
2960000	-4360.190877444139	-866.2526141637946	-3493.938263280344	999.0	4.225250880849605E-5	1.3761589120259958E-5	1.3761589120259958E-5	1.6313381521143973E-5	-0.5241678018165798	32633.292226312773	-27528.68610826173	-27528.686108261732	84521.92854408368	3789.2148136935757	-3493.938263280344
2970000	-4268.366800754071	-938.425838562622	-3329.940962191449	265.0	5.341570153090916E-5	2.0816040402269074E-5	2.0816040402269074E-5	2.6981518453931667E-5	-0.5483154210729755	26769.259678714363	-20652.284339088143	-20652.28433908814	52995.489769896434	3665.047162171637	-3329.940962191449
2980000	-4220.406054253602	-823.9753425871024	-3396.430711666499	114.0	3.553646758507865E-5	1.4665580764331045E-5	1.4665580764331045E-5	2.024510662079533E-5	-0.5467667595521638	40140.16562623743	-29077.58659470491	-29077.58659470491	70458.49258068451	3879.8695999059664	-3396.430711666499
2990000	-4199.446838865846	-794.7600945442582	-3404.6867443215874	707.0	4.427651747840957E-5	1.4563249738291927E-5	1.4563249738291927E-5	1.9465821983334806E-5	-0.4960611275556411	29957.070865133523	-22412.221010248246	-22412.22101024825	68139.67439431018	3584.7541579692634	-3404.6867443215874
3000000	-4314.80285113203	-892.0142955509606	-3422.788555581069	727.0	4.1333130339058264E-5	1.660388441547401E-5	1.660388441547401E-5	2.044220222580485E-5	-0.5712111977607789	35910.6860039535	-29167.937637235093	-29167.93763723509	72609.64590658068	3896.7694564111935	-3422.788555581069
3010000	-4355.905260680067	-973.9248024689373	-3381.980458211129	163.0	4.994036144556604E-5	2.0423149535049376E-5	2.0423149535049376E-5	2.5884076051041758E-5	-0.5680421244322701	29563.047189837194	-23325.944966286184	-23325.944966286188	57038.51507704772	3823.0047289932795	-3381.980458211129
3020000	-4297.927708426189	-915.3789485100251	-3382.5487599161643	528.0	4.349988971793834E-5	2.1743204419771968E-5	2.1743204419771968E-5	2.6116192017754184E-5	-0.6450962902707386	39374.04035788535	-32781.111723786176	-32781.111723786176	65582.54787502335	3781.772421490256	-3382.5487599161643
3030000	-4306.832138884509	-806.4381648108571	-3500.393974073652	199.0	3.527985450507799E-5	9.743031071534966E-6	9.743031071534966E-6	1.393983069774148E-5	-0.43934121349865785	35124.55420091073	-24549.768958724402	-24549.768958724402	88895.56757419076	3920.1087608399835	-3500.393974073652
3040000	-4213.642536459126	-840.7922155955054	-3372.8503208636203	449.0	4.5823921357125E-5	1.9039681248020898E-5	1.9039681248020898E-5	2.129204251681747E-5	-0.609543754199134	34724.227079858545	-31050.953174746086	-31050.953174746086	74732.15637426903	3933.0101455273516	-3372.8503208636203
3050000	-4261.475407411955	-902.9103108285309	-3358.5650965834234	403.0	5.451987476767996E-5	1.8573010148048007E-5	1.8573010148048007E-5	2.3631484559898243E-5	-0.5174392497384123	25048.50682516045	-19686.709494613235	-19686.70949461324	57789.067452096	3617.3198523014535	-3358.5650965834234
3060000	-4383.634014503199	-952.4533487251671	-3431.1806657780317	15.0	5.532327023711707E-5	1.9433278952808987E-5	1.9433278952808987E-5	2.0579888102327946E-5	-0.5759312689170145	27046.970829570986	-25540.0479509937	-25540.0479509937	72708.21244798301	3857.2882899923566	-3431.1806657780317
3070000	-4201.213419659205	-795.2616989961099	-3405.951720663095	767.0	4.377001874874826E-5	1.580207347398675E-5	1.580207347398675E-5	1.8564990408633903E-5	-0.5543427166906927	32981.88524619508	-28073.38773138236	-28073.38773138236	77760.2198449641	3624.757252357587	-3405.951720663095
3080000	-4222.408368851068	-791.4022787450006	-3431.006090106068	119.0	3.7151603422451726E-5	1.1260996956636744E-5	1.1260996956636744E-5	1.6403944340729575E-5	-0.4561565512289276	33989.16284917024	-23332.91624580785	-23332.916245807846	76978.55299948796	3927.4898499169663	-3431.006090106068
3090000	-4434.68244848627	-979.7963421890387	-3454.886106297231	573.0	4.831269931700558E-5	1.644604320361365E-5	1.644604320361365E-5	2.1109179032155733E-5	-0.5149856215808976	28169.26869445718	-21946.51953340004	-21946.51953340004	64471.167085282206	3681.0303868848537	-3454.886106297231
3100000	-4333.824881282895	-922.7825756235735	-3411.0423056593213	176.0	4.967989176910424E-5	2.026700572175797E-5	2.026700572175797E-5	2.5718369147271792E-5	-0.5669928166543534	29665.881134465795	-23377.788041314805	-23377.78804131481	57305.257403994954	3683.624011934048	-3411.0423056593213
3110000	-4183.711335443596	-851.3532117507167	-3332.3581236928794	933.0	4.652471387273003E-5	2.037113763416228E-5	2.037113763416228E-5	2.581541387508252E-5	-0.5878058196254181	32841.05074632474	-25915.120634561223	-25915.120634561226	59186.36426462024	3565.0907804318467	-3332.3581236928794
3120000	-4271.801073864583	-764.681793791786	-3507.1192800727963	663.0	2.839152877942509E-5	9.682515098722713E-6	9.682515098722713E-6	1.4482304929364319E-5	-0.47750173068927754	45624.526170131234	-30503.44304093835	-30503.44304093835	89443.63857306045	3943.6184622421183	-3507.1192800727963
3130000	-4106.921945971379	-808.1779566813482	-3298.7439892900306	877.0	4.799144790390651E-5	2.1005890571471863E-5	2.1005890571471863E-5	2.7204556102154708E-5	-0.5813509016528868	31474.42004560228	-24302.849154965497	-24302.849154965497	55523.89769758291	3831.251922483553	-3298.7439892900306
3140000	-4254.696430576085	-819.5870725482546	-3435.10935802783	198.0	4.2158946402151856E-5	1.683321068992091E-5	1.683321068992091E-5	2.023898592243757E-5	-0.5762722549293079	35513.38895684645	-29537.268364862208	-29537.268364862204	73976.38732139295	3807.852975820548	-3435.10935802783
3150000	-4216.930729177945	-820.5529645869991	-3396.3777645909463	640.0	4.3257981947540264E-5	1.440849773472389E-5	1.440849773472389E-5	1.603001464513144E-5	-0.5471653855131774	32995.70314958092	-29658.021194057397	-29658.021194057397	89040.9374407197	3738.4673175848475	-3396.3777645909463
3160000	-4259.695607277574	-880.8316218781109	-3378.8639853994628	900.0	4.489002791793462E-5	1.9408602418722743E-5	1.9408602418722743E-5	2.48012665927003E-5	-0.5816776748197832	33668.292927948285	-26347.62660661745	-26347.62660661745	60939.250978804346	3851.3165266797505	-3378.8639853994628
3170000	-4253.174841650457	-835.9800401242787	-3417.1948015261783	70.0	4.699167886848298E-5	1.8095382242081488E-5	1.8095382242081488E-5	1.9271764055219886E-5	-0.6013073962703779	33332.36662933945	-31297.701313841484	-31297.701313841488	81276.62128305285	3669.5277926100166	-3417.1948015261783
3180000	-4165.925184354849	-846.6885985011235	-3319.236585853726	679.0	5.601844827707811E-5	2.2202735549502856E-5	2.2202735549502856E-5	2.703153583664256E-5	-0.5705656054106167	26467.688676873684	-21739.611683573028	-21739.611683573028	54849.967020719974	3582.004181172543	-3319.236585853726
3190000	-4288.379830475167	-886.6606460612966	-3401.71918441387	640.0	5.3302277140347894E-5	2.335891659005662E-5	2.335891659005662E-5	2.4928841663242363E-5	-0.6408092392151982	31832.51754046423	-29827.824819298312	-29827.82481929831	68063.5584652401	3816.05591364266	-3401.71918441387
3200000	-4221.924309652695	-812.3836484960887	-3409.540661156607	273.0	4.417968177442533E-5	1.8850369153508916E-5	1.8850369153508916E-5	2.062029590817107E-5	-0.6245412401122841	37109.44289905589	-33924.18328250405	-33924.183282504055	79508.23719541435	3869.961522840538	-3409.540661156607
3210000	-4228.503571544045	-910.2230306837112	-3318.280540860334	634.0	4.8970999019947626E-5	2.089644734604607E-5	2.089644734604607E-5	2.5892008162702724E-5	-0.5868405391531429	31146.557097093813	-25137.192383848662	-25137.192383848665	58909.22046261662	3576.529770694569	-3318.280540860334
3220000	-4143.706656828783	-862.7335930888845	-3280.9730637398984	169.0	6.311137194012525E-5	2.626282483051335E-5	2.626282483051335E-5	2.8657605696330324E-5	-0.617543670795202	25612.649819717433	-23472.321546620136	-23472.32154662014	56405.600882119725	3604.4762120159953	-3280.9730637398984
3230000	-4487.760577934826	-904.4008573914628	-3583.3597205433634	669.0	1.9601363716479838E-5	8.471181119511549E-6	8.471181119511549E-6	1.888347786506168E-5	-0.4403113007170495	63286.460396035865	-28390.483588805968	-28390.483588805968	65692.39720647421	3939.376290820124	-3583.3597205433634
3240000	-4341.976127673412	-879.0724210529711	-3462.90370662044	833.0	3.953081734134561E-5	1.289301948728271E-5	1.289301948728271E-5	1.890223268484174E-5	-0.47166124130169634	32534.480946728178	-22191.436527557824	-22191.43652755782	68040.35507572466	3669.0730443041825	-3462.90370662044
3250000	-4284.00619024665	-863.4012518006393	-3420.60493844601	698.0	4.3549427261696434E-5	1.5482781966746944E-5	1.5482781966746944E-5	1.99924243209332E-5	-0.5247168898565882	31686.62321944425	-24539.148964312124	-24539.148964312124	69022.85940475459	3778.492309011097	-3420.60493844601
3260000	-4220.555520899081	-889.590431888065	-3330.9650890110156	428.0	5.104747287585969E-5	1.985523928710854E-5	1.985523928710854E-5	2.8101097218041652E-5	-0.5242354228902996	27013.54614392339	-19086.8142449822	-19086.8142449822	49071.86553475129	3731.210909293139	-3330.9650890110156
3270000	-4310.455868844377	-946.579460517466	-3363.8764083269107	946.0	5.348213638073564E-5	2.1937062835922328E-5	2.1937062835922328E-5	2.8345163090608862E-5	-0.5634230698630971	27393.905548908322	-21200.85975257004	-21200.859752570035	51687.287453043726	3617.5036780007144	-3363.8764083269107
3280000	-4256.871129155085	-881.0355328534247	-3375.8355963016606	280.0	4.462735718761293E-5	1.9174926155635066E-5	1.9174926155635066E-5	2.4590465613582656E-5	-0.5788282776254629	33698.0468769201	-26276.751754434597	-26276.7517544346	61156.01055030761	3580.005115787913	-3375.8355963016606
3290000	-4204.439570427127	-874.3175535548054	-3330.1220168723216	146.0	4.802772706216769E-5	1.9230975125818187E-5	1.9230975125818187E-5	2.728291617960044E-5	-0.5312633968741863	29008.76209541291	-20447.476311376955	-20447.476311376955	51065.835453893575	3780.6555954935075	-3330.1220168723216
3300000	-4305.956636817853	-905.0012250952585	-3400.9554117225944	35.0	4.812979926119784E-5	1.504982605737614E-5	1.504982605737614E-5	2.0279760592911742E-5	-0.48171818729664856	27055.42553149145	-20078.11908290272	-20078.11908290272	64210.43255373096	3824.3479049905745	-3400.9554117225944
3310000	-4240.333680285866	-906.709605556276	-3333.6240747295897	770.0	5.8065927013296394E-5	2.2208966766399738E-5	2.2208966766399738E-5	2.617563734862941E-5	-0.5696643472383063	25495.557552428792	-21631.946639204623	-21631.946639204623	56557.29273312785	3612.7545835743695	-3333.6240747295897
3320000	-4193.828125904627	-882.4056456849198	-3311.422480219707	747.0	5.123623786103328E-5	2.282261605493687E-5	2.282261605493687E-5	2.7158936049596375E-5	-0.6118154379679374	31193.865557191748	-26213.3102556382	-26213.310255638196	58848.26683102419	3475.6189264494437	-3311.422480219707
3330000	-4249.672234644048	-867.8104739417258	-3381.8617607023225	144.0	4.960498303221311E-5	1.86269835136563E-5	1.86269835136563E-5	2.174814112871348E-5	-0.567111959780263	29716.597516773207	-25451.85672425506	-25451.856724255063	67780.10621093673	3650.2676821183354	-3381.8617607023225
3340000	-4219.002562715228	-897.6385896697702	-3321.3639730454584	492.0	5.5464246811570804E-5	2.2080831163109494E-5	2.2080831163109494E-5	2.6545090732133088E-5	-0.5754621315915438	26956.436268213674	-22422.998060316568	-22422.998060316564	56323.72665167524	3692.8647744743766	-3321.3639730454584
3350000	-4343.398397669252	-852.3856468998575	-3491.012750769394	758.0	4.1186933754709955E-5	1.9741691631272236E-5	1.9741691631272236E-5	1.9061755593883457E-5	-0.7045684385228047	48213.56064876652	-49933.34648981701	-49933.34648981701	104175.54242257893	3999.048096945336	-3491.012750769394
3360000	-4128.23680479615	-865.4753677928685	-3262.7614370032816	247.0	5.19537077871069E-5	2.1151722039348553E-5	2.1151722039348553E-5	2.8252799231758215E-5	-0.5520859758948973	27686.81619228492	-20727.993550297888	-20727.993550297888	50912.928882190434	3528.3707915332207	-3262.7614370032816
3370000	-4234.653828302764	-819.9848034286019	-3414.669024874162	5.0	4.3255310662938996E-5	1.7868138739557538E-5	1.7868138739557538E-5	2.245413359915876E-5	-0.5733389504037297	34439.37589862492	-27405.535107507272	-27405.535107507276	66343.5040570243	3807.508313613366	-3414.669024874162
3380000	-4202.302309762218	-828.2837265613636	-3374.0185832008547	638.0	5.030156510384482E-5	1.8375440357941795E-5	1.8375440357941795E-5	2.0803358365126196E-5	-0.5680417821170085	29350.74507826335	-25925.278802623277	-25925.278802623277	70968.75362564379	3703.5938090648942	-3374.0185832008547
3390000	-4210.822152577421	-814.7705931516925	-3396.051559425728	6.0	4.352405639194394E-5	1.5245739768154472E-5	1.5245739768154472E-5	2.0555724469975102E-5	-0.5097032777602748	31039.881016637933	-23021.613716673502	-23021.613716673506	65722.88579469445	3754.9820554802022	-3396.051559425728
3400000	-4261.885272222624	-871.7686520724918	-3390.1166201501323	148.0	4.25083101535525E-5	1.530730794836323E-5	1.530730794836323E-5	1.956231337643682E-5	-0.5308255190645487	32754.131160786164	-25629.768965011703	-25629.768965011703	71173.72773865877	3787.690988065818	-3390.1166201501323
3410000	-4165.453741311387	-909.0928701070549	-3256.3608712043315	247.0	6.66075699063468E-5	2.3712884227013437E-5	2.3712884227013437E-5	2.9422532829165037E-5	-0.5356517872090846	21054.25520607342	-16968.529496982195	-16968.529496982195	47663.22408771354	3519.272657363527	-3256.3608712043315
3420000	-4285.599211080923	-844.4540675327424	-3441.1451435481804	652.0	5.547220423131842E-5	2.229018998335756E-5	2.229018998335756E-5	2.75993543331736E-5	-0.5696742606421971	26688.103691646287	-21554.23255200251	-21554.232552002508	53640.672917849806	3731.0325202456897	-3441.1451435481804
3430000	-4308.568561512672	-924.95090784103	-3383.617653671642	151.0	5.275303435498051E-5	2.0149771933878397E-5	2.0149771933878397E-5	2.1647532070627474E-5	-0.5962689799918253	29414.01852041752	-27378.906884701006	-27378.906884701002	71679.24382618279	3754.919191266234	-3383.617653671642
3440000	-4237.627422793526	-762.8800221863588	-3474.7474006071675	244.0	3.9330182915788654E-5	1.3780951023537404E-5	1.3780951023537404E-5	1.7297561457999458E-5	-0.5283524979198739	35272.23375656572	-28101.35561999691	-28101.355619996903	80199.94083343053	3818.975845511353	-3474.7474006071675
3450000	-4291.601408762269	-897.8620375976485	-3393.7393711646205	616.0	4.638520180843243E-5	1.5899841685555635E-5	1.5899841685555635E-5	2.2782439527721605E-5	-0.4891059676883193	28337.6685119989	-19776.83041933644	-19776.83041933644	57695.68579827078	3750.6154032046074	-3393.7393711646205
3460000	-4370.668346736286	-861.9199065125596	-3508.748440223727	523.0	6.905343775748165E-5	2.7822075275993073E-5	2.7822075275993073E-5	3.0343812509439413E-5	-0.6078015398265668	22965.52463711986	-21056.96359044721	-21056.963590447205	52262.66230072238	3546.1210352562125	-3508.748440223727
3470000	-4303.4728919982435	-835.3475004905647	-3468.125391507679	367.0	4.242827143091302E-5	1.9499698023023897E-5	1.9499698023023897E-5	2.4532004409519084E-5	-0.6044128646365793	37135.25120529124	-29517.611868328735	-29517.611868328735	64225.674000852	3853.449092773636	-3468.125391507679
3480000	-4247.4897611700835	-900.1921756941184	-3347.2975854759648	765.0	5.283107472792169E-5	2.322265775427152E-5	2.322265775427152E-5	2.6446794500476277E-5	-0.6212704232545421	30826.617381659133	-27068.5350983937	-27068.535098393702	61580.36757423112	3717.43904254958	-3347.2975854759648
3490000	-4453.396801286403	-982.1978295970988	-3471.1989716893045	580.0	3.6315118915588335E-5	7.729966663457308E-6	7.729966663457308E-6	1.6229836665198582E-5	-0.31840275077104757	30643.375277247378	-14594.864645610147	-14594.864645610147	68566.17476344899	3739.3597107785527	-3471.1989716893045
3500000	-4190.849911279506	-821.3376055153184	-3369.5123057641877	783.0	4.785559794327658E-5	2.0783010719574775E-5	2.0783010719574775E-5	2.287765966489681E-5	-0.6281108429574362	34511.97143443989	-31352.099942992914	-31352.099942992914	72192.30696619645	3640.0602836203016	-3369.5123057641877
3510000	-4293.197753174271	-939.4367421719462	-3353.761011002325	534.0	4.9626834281905816E-5	1.751013133359549E-5	1.751013133359549E-5	2.2639383572512004E-5	-0.5223947678703103	27713.225094424044	-21434.42684853172	-21434.426848531722	60748.987478970215	3756.2150172053516	-3353.761011002325
3520000	-4244.970569031713	-919.8862476380134	-3325.0843213936996	614.0	5.0896038139347205E-5	2.105560552542036E-5	2.105560552542036E-5	2.687184606261072E-5	-0.5693469460659326	29071.63952039285	-22779.26765032764	-22779.26765032764	55062.5093027016	3755.264183038969	-3325.0843213936996
3530000	-4233.870669347264	-861.8648617462425	-3372.0058076010214	765.0	5.652018779292941E-5	1.9790754423085216E-5	1.9790754423085216E-5	2.4096530123075125E-5	-0.5362697466639761	24834.96177324292	-20397.23674116427	-20397.236741164274	58252.233665366424	3701.465840902385	-3372.0058076010214
3540000	-4364.618810629195	-920.302157238176	-3444.316653391019	609.0	4.66819499945188E-5	1.6235846059249156E-5	1.6235846059249156E-5	1.9589002499697387E-5	-0.536901070059842	30097.5621879602	-24945.59824830023	-24945.59824830023	71724.575717267	4013.4739543825212	-3444.316653391019
3550000	-4335.273638046355	-885.1891208272569	-3450.0845172190975	922.0	3.965059247974973E-5	1.2587575870343946E-5	1.2587575870343946E-5	1.952431290144097E-5	-0.45240706774049816	31710.576027948016	-20444.21658570357	-20444.21658570357	64398.84126675162	3905.6588936506937	-3450.0845172190975
3560000	-4248.570383205111	-847.0655739911894	-3401.5048092139223	25.0	4.396051653312214E-5	1.4058850595794739E-5	1.4058850595794739E-5	1.7721957430042395E-5	-0.5036891291613531	30480.730107248655	-24180.400631259516	-24180.400631259516	75609.51690075992	3693.1772184666324	-3401.5048092139223
3570000	-4269.295211142387	-895.3223432099994	-3373.9728679323875	924.0	5.0043204021130165E-5	1.8434191328218236E-5	1.8434191328218236E-5	2.45004116627205E-5	-0.5264593534844908	27644.73207188312	-20799.988475533963	-20799.988475533966	56465.62132209956	3722.588949101903	-3373.9728679323875
3580000	-4190.07907010708	-844.3882803853807	-3345.6907897216993	112.0	5.080309968997564E-5	2.2054838413550773E-5	2.2054838413550773E-5	2.4323325448096333E-5	-0.6274040233092599	32462.072440748503	-29434.53450793348	-29434.53450793348	67802.15583061361	3875.289921434296	-3345.6907897216993
3590000	-4317.981040658567	-963.2364773575634	-3354.744563301003	548.0	5.23249699107793E-5	1.809046135392273E-5	1.809046135392273E-5	2.4252380502670117E-5	-0.507829542934355	25752.726956593477	-19209.607556465915	-19209.607556465915	55561.99577917359	3657.885467057446	-3354.744563301003
3600000	-4160.745240645318	-823.1497811554541	-3337.5954594898635	329.0	4.950816932176495E-5	2.114100926528715E-5	2.114100926528715E-5	2.6438432441722222E-5	-0.5843451338883295	30671.885119585782	-24526.212320882456	-24526.21232088246	57435.66246846891	3610.6701331861814	-3337.5954594898635
3610000	-4127.968018164464	-822.8724210149695	-3305.095597149495	849.0	5.2982258359008715E-5	2.1556149653154305E-5	2.1556149653154305E-5	2.3870755530901893E-5	-0.6061399020527966	29836.245896514087	-26943.20172652151	-26943.20172652151	66222.94323720122	3492.485506390056	-3305.095597149495
3620000	-4334.117648501199	-890.1688744990932	-3443.948774002106	633.0	4.658641525398944E-5	2.0032575516578998E-5	2.0032575516578998E-5	2.215575014418353E-5	-0.6235394167303616	35120.31145765878	-31754.749302678192	-31754.749302678192	73846.71711715717	3892.263503312207	-3443.948774002106
3630000	-4158.109497175055	-711.3841534066448	-3446.7253437684108	722.0	3.2686875511076206E-5	1.0379139416562428E-5	1.0379139416562428E-5	1.5535087705292172E-5	-0.46059348043634946	38831.22058197844	-25943.506710834026	-25943.506710834026	81703.51511268779	3790.419722223564	-3446.7253437684108
3640000	-4236.957374512834	-913.8374292321663	-3323.1199452806673	412.0	5.352444955501144E-5	1.510717168250919E-5	1.510717168250919E-5	2.2775598382450386E-5	-0.43268532098244766	22986.505768617502	-15247.06763775184	-15247.06763775184	54020.09851940394	3482.7668589312393	-3323.1199452806673
3650000	-4510.122885454231	-818.4316577801442	-3691.6912276740877	996.0	4.773647725576475E-5	1.9727210631336536E-5	1.9727210631336536E-5	1.9571356575261955E-5	-0.6454015937031174	35903.84333263662	-36189.759109120445	-36189.759109120445	87573.030211372	3968.9675628176374	-3691.6912276740877
3660000	-4296.8697861387	-954.5432899281953	-3342.326496210505	951.0	5.0773973366223624E-5	2.0876759260706866E-5	2.0876759260706866E-5	2.818622652403179E-5	-0.5518538018023912	28319.6791151868	-20975.603907963403	-20975.6039079634	51014.37157288605	3614.0722301760193	-3342.326496210505
3670000	-4268.533959076813	-837.1142409335644	-3431.4197181432482	427.0	3.603261356786042E-5	1.4070082521810693E-5	1.4070082521810693E-5	2.1574379542415285E-5	-0.5046375988382393	37234.822339870705	-24283.295006327215	-24283.295006327215	62188.02084216488	3744.8785658372235	-3431.4197181432482
3680000	-4098.558540359782	-759.5339776862374	-3339.024562673544	66.0	4.358929936765192E-5	1.9094989591555267E-5	1.9094989591555267E-5	2.594622987872311E-5	-0.5677960291558964	33856.47965073146	-24916.49575137563	-24916.49575137563	56878.407149269275	3683.770795776653	-3339.024562673544
3690000	-4160.869422260345	-862.8014181694169	-3298.0680040909288	202.0	5.822570121322272E-5	2.2950776554632876E-5	2.2950776554632876E-5	2.744446025836338E-5	-0.5741332168720104	25619.462975594477	-21424.599524538895	-21424.599524538895	54353.81794420986	3606.989960671515	-3298.0680040909288
3700000	-4303.11877920051	-860.857609029698	-3442.2611701708124	666.0	4.1410770652317065E-5	1.8249018135114525E-5	1.8249018135114525E-5	2.0838227682509733E-5	-0.6212300525266772	39324.80048497291	-34438.581252875505	-34438.581252875505	78148.21484065909	4109.455477443503	-3442.2611701708124
3710000	-4284.690376373523	-896.1229761095923	-3388.5674002639307	407.0	4.772569792364961E-5	1.8630284208217737E-5	1.8630284208217737E-5	2.454229609440772E-5	-0.5443594171916774	29776.725170669386	-22603.78778683092	-22603.78778683092	57904.72844041354	3764.163063915874	-3388.5674002639307
3720000	-4208.633299110939	-863.7825020170717	-3344.850797093868	767.0	4.816143549334155E-5	2.1127451434354372E-5	2.1127451434354372E-5	2.8390718941355506E-5	-0.5713591745349604	30827.022461376106	-22940.469428189095	-22940.46942818909	52294.33100275238	3563.189754339246	-3344.850797093868
3730000	-4375.888683689624	-962.0266284573992	-3413.862055232224	676.0	5.300627177759456E-5	2.3651938942040713E-5	2.3651938942040713E-5	2.724836371791124E-5	-0.6223474377029025	30791.896489746363	-26727.772104949963	-26727.772104949963	59899.509958837676	3702.146792584601	-3413.862055232224
3740000	-4249.243655602713	-932.4315239327834	-3316.8121316699303	171.0	6.033707297826526E-5	2.4513082959679024E-5	2.4513082959679024E-5	2.8995020359903212E-5	-0.5860627341627267	25244.15708287205	-21342.013529859687	-21342.013529859687	52531.72887198232	3509.981052957107	-3316.8121316699303
3750000	-4460.254395992824	-956.6660861923074	-3503.5883098005165	434.0	3.1585648385310615E-5	1.5695321247574018E-5	1.5695321247574018E-5	2.442918053998683E-5	-0.5650291598957494	46507.99599159503	-29880.574032114557	-29880.574032114557	60132.39805942128	4118.896350125882	-3503.5883098005165
3760000	-4293.792814956347	-932.7785512485474	-3361.0142637077997	482.0	5.5561960130393836E-5	2.31117150921274E-5	2.31117150921274E-5	2.6712242838524054E-5	-0.5999129249555779	28117.167821510666	-24327.271050078278	-24327.271050078274	58484.230130811724	3678.328528632996	-3361.0142637077997
3770000	-4317.447800300363	-908.5405231300413	-3408.907277170322	550.0	4.833181185602418E-5	1.7440403979611403E-5	1.7440403979611403E-5	2.17259096907714E-5	-0.538209076296671	29127.697883053148	-23382.165594304362	-23382.165594304362	64797.950185755995	3875.8356468439147	-3408.907277170322
3780000	-4243.673613123877	-881.3426048753225	-3362.3310082485546	362.0	5.057062847817127E-5	2.162548548014066E-5	2.162548548014066E-5	2.613685771956424E-5	-0.594826082435307	30601.790581534693	-25319.74520379786	-25319.745203797862	59209.557586075156	3510.9025685364045	-3362.3310082485546
3790000	-4377.871996888846	-941.9661147751513	-3435.905882113695	835.0	4.8878828616166366E-5	1.8852335602331534E-5	1.8852335602331534E-5	2.1317011975173727E-5	-0.5840386695841026	31049.919070440752	-27459.92240483378	-27459.922404833782	71195.89155166014	3753.0420873549297	-3435.905882113695
3800000	-4311.992460702933	-933.5109329060045	-3378.481527796929	234.0	5.0049075897380525E-5	1.8440516490699022E-5	1.8440516490699022E-5	2.4443915681058308E-5	-0.5272173098468634	27672.062608629047	-20875.83403265883	-20875.834032658826	56658.72766896972	3759.5728394973735	-3378.481527796929
3810000	-4241.217438699156	-854.1875479913092	-3387.0298907078472	275.0	3.869958385495814E-5	1.4343753647430507E-5	1.4343753647430507E-5	2.2011250606479812E-5	-0.4914590207243688	34068.7676845807	-22201.10158553681	-22201.101585536806	59898.78337291684	3742.398643191642	-3387.0298907078472
3820000	-4203.680783994859	-900.7484045460031	-3302.9323794488555	564.0	5.406141471931357E-5	2.2194750399823142E-5	2.2194750399823142E-5	3.196908693949715E-5	-0.5338772881492765	25871.506121819402	-17961.464521273247	-17961.464521273247	43750.08346381438	3615.7998704923075	-3302.9323794488555
3830000	-4363.018468160487	-922.8822246206796	-3440.1362435398073	340.0	4.4657958471574504E-5	2.035053887152213E-5	2.035053887152213E-5	2.3332398050044412E-5	-0.6304444014572274	37163.39271446075	-32413.945039474256	-32413.94503947425	71130.33323645203	3837.858087805682	-3440.1362435398073
3840000	-4234.488529906031	-802.3155390540546	-3432.172990851976	696.0	4.3816479975608814E-5	1.6008712113485265E-5	1.6008712113485265E-5	2.007832221610773E-5	-0.5397267489706556	32203.503602136425	-25676.279754022537	-25676.27975402253	70276.99603283854	3758.7511562071904	-3432.172990851976
3850000	-4261.427753229825	-878.8997133057711	-3382.5280399240537	668.0	4.924762431214308E-5	1.9193425370555908E-5	1.9193425370555908E-5	2.329937191123285E-5	-0.5666145714323138	29907.371673728518	-24636.926198531695	-24636.926198531695	63214.88021062613	3934.267894754367	-3382.5280399240537
3860000	-4217.671426636515	-872.062940621511	-3345.6084860150045	341.0	4.830149725922393E-5	2.1749902016618968E-5	2.1749902016618968E-5	2.7240454266855404E-5	-0.599611336639796	32325.344427341337	-25809.888009231636	-25809.888009231632	57317.786258816974	3733.1117729347934	-3345.6084860150045
3870000	-4188.900813314027	-849.5986217286104	-3339.3021915854165	336.0	4.937804141069058E-5	2.0390768145386382E-5	2.0390768145386382E-5	2.4088968780350013E-5	-0.5912314832694324	31135.463723212077	-26355.467005170878	-26355.467005170878	63822.08516621614	3699.7606424557266	-3339.3021915854165
3880000	-4244.526575540724	-943.5337715414214	-3300.9928039993024	126.0	5.542469603101257E-5	2.2935683611755887E-5	2.2935683611755887E-5	2.9049144897812186E-5	-0.5716014906044228	26798.241522806748	-21158.48817859026	-21158.488178590265	51130.055490173356	3669.4809983986534	-3300.9928039993024
3890000	-4267.839131925558	-870.6839681795453	-3397.155163746013	540.0	4.186879492174015E-5	1.1444419903821646E-5	1.1444419903821646E-5	1.8824261868377258E-5	-0.4076519982942138	28644.24040582533	-17414.585353860628	-17414.585353860628	63710.32424146302	3737.629246904532	-3397.155163746013
3900000	-4350.12242011141	-1004.0360614291905	-3346.0863586822193	941.0	4.8796947482386614E-5	1.979825756179976E-5	1.979825756179976E-5	3.056991189514779E-5	-0.5126058387420871	27797.212680940276	-18002.55028686341	-18002.55028686341	44371.05124806956	3602.1564454729255	-3346.0863586822193
3910000	-4225.386410406445	-899.4561321275042	-3325.930278278941	696.0	4.9426429946611304E-5	1.8372203920934605E-5	1.8372203920934605E-5	2.688968236281223E-5	-0.5039515668425598	27119.5715899182	-18529.274268684716	-18529.274268684712	49848.99365062694	3656.501453602137	-3325.930278278941
3920000	-4172.214751404931	-847.596421954596	-3324.618329450335	330.0	5.48170939603044E-5	1.7469031176796738E-5	1.7469031176796738E-5	2.2714516502265704E-5	-0.4950614018184963	24164.977338047393	-18584.535685046583	-18584.535685046583	58317.50075579377	3634.893530526606	-3324.618329450335
3930000	-4256.64278157435	-838.4048659815456	-3418.2379155928047	635.0	5.3547138104309016E-5	2.140098545470068E-5	2.140098545470068E-5	2.4881000613739848E-5	-0.5863159633598014	28458.0591994142	-24477.733852044268	-24477.733852044268	61245.43179706892	3770.32807325868	-3418.2379155928047
3940000	-4292.815828208462	-953.8344022377748	-3338.9814259706873	265.0	5.0368123846830363E-5	1.9995615245536206E-5	1.9995615245536206E-5	2.5465411994410045E-5	-0.5583178732093337	28845.518416860472	-22649.697870514778	-22649.697870514774	57053.64768358672	3633.703243069018	-3338.9814259706873
3950000	-4161.654238763481	-830.4277393472636	-3331.226499416217	497.0	4.774337317674794E-5	1.9068598399205016E-5	1.9068598399205016E-5	2.793463390030959E-5	-0.5221445272444672	28796.15122205701	-19656.68299272382	-19656.68299272382	49215.80138673295	3551.517872248212	-3331.226499416217
3960000	-4150.131151271833	-833.674445567914	-3316.456705703919	166.0	5.1762493447231484E-5	1.8462564698134757E-5	1.8462564698134757E-5	2.3021167365785668E-5	-0.5348361634858996	27059.31786292877	-21701.089210367507	-21701.089210367507	60842.16935271834	3648.4518672540353	-3316.456705703919
3970000	-4263.261047580409	-901.3216865362638	-3361.9393610441443	202.0	4.604175802763381E-5	1.6989357031159865E-5	1.6989357031159865E-5	2.2346071987346516E-5	-0.5296639284898434	30188.65671650874	-22951.94732829606	-22951.94732829606	62200.58847514014	3756.3631671524336	-3361.9393610441443
3980000	-4296.36546561542	-865.0382301352289	-3431.3272354801916	830.0	4.4501198860431926E-5	1.6895528069498648E-5	1.6895528069498648E-5	1.8180035838456672E-5	-0.59400287525452	34722.91927078773	-32269.576496298712	-32269.57649629871	84994.96641340085	3729.1532074890433	-3431.3272354801916
3990000	-4286.762529024285	-877.1254727120372	-3409.637056312248	957.0	5.108311735139403E-5	1.889471465023112E-5	1.889471465023112E-5	2.0916007551845448E-5	-0.5780457952431003	29399.347145812277	-26558.236501219748	-26558.23650121975	71801.95821699218	3914.97208369184	-3409.637056312248
4000000	-4198.294068665192	-779.071258137351	-3419.2228105278405	282.0	3.898705884560723E-5	1.2880814389910748E-5	1.2880814389910748E-5	1.6875829441315487E-5	-0.5021697196871789	34298.82277873228	-26179.26256849245	-26179.26256849245	79238.1925083768	3741.639841333597	-3419.2228105278405
4010000	-4251.05396207414	-876.3048285255825	-3374.749133548558	29.0	5.206859852924398E-5	1.678274049817024E-5	1.678274049817024E-5	2.1594508928330644E-5	-0.500499063246244	25624.303874260222	-19914.601614476822	-19914.601614476822	61785.22491288475	3683.0963121408386	-3374.749133548558
4020000	-4328.326895365904	-907.3785189441437	-3420.9483764217603	25.0	4.413431825117424E-5	1.6785588795043676E-5	1.6785588795043676E-5	2.1203928017872868E-5	-0.5487066302357052	32418.69040105948	-25663.49055171918	-25663.49055171918	67476.96927855253	3763.625954987033	-3420.9483764217603
4030000	-4375.379254774811	-858.201448668328	-3517.177806106483	9.0	5.525628769297402E-5	2.286614697164179E-5	2.286614697164179E-5	2.6756701044335504E-5	-0.5946834542350824	27999.44834721297	-23928.192790710487	-23928.192790710484	57822.732726077316	3592.711263928234	-3517.177806106483
4040000	-4290.955344235781	-888.153454524018	-3402.801889711763	639.0	4.384246496359131E-5	1.876848153853349E-5	1.876848153853349E-5	2.2354992896132276E-5	-0.5995071783696801	35606.075358552655	-29893.633656320602	-29893.633656320602	69830.40069175872	3802.3459820379517	-3402.801889711763
4050000	-4296.238467753152	-941.2015016705982	-3355.036966082553	210.0	5.7656329427133655E-5	2.278980712186918E-5	2.278980712186918E-5	2.7127087623123878E-5	-0.5762561445843131	25967.06130767011	-21815.25444032925	-21815.254440329252	55190.791647437254	3611.0519561215	-3355.036966082553
4060000	-4244.029954370213	-844.8086146711627	-3399.2213396990505	705.0	4.723521111325322E-5	1.5745705699769193E-5	1.5745705699769193E-5	2.1429907747590387E-5	-0.49490181752018675	28037.9116935023	-20600.961570244966	-20600.96157024497	61800.391005707774	3588.864160148237	-3399.2213396990505
4070000	-4207.96646663731	-897.3197718309935	-3310.6466948063166	624.0	5.6221246662590346E-5	2.2184593246558496E-5	2.2184593246558496E-5	2.9044768430510007E-5	-0.5489935922359703	25460.5156431696	-19446.91639538195	-19446.91639538195	49283.2963552825	3642.908244390325	-3310.6466948063166
4080000	-4262.601826453493	-904.9563418368253	-3357.645484616668	358.0	5.225644633412458E-5	2.460714424152683E-5	2.460714424152683E-5	2.7400807902699888E-5	-0.6502937720741597	33158.54764539013	-29777.850625683845	-29777.850625683845	63237.10861744734	3730.269286574698	-3357.645484616668
4090000	-4298.48592949627	-910.6575489396625	-3387.828380556607	617.0	4.5428737555807945E-5	1.6430233242225017E-5	1.6430233242225017E-5	2.252499040540574E-5	-0.5136249207842655	29900.589305772926	-21810.160516469216	-21810.160516469216	60303.95573486986	3699.4980293208873	-3387.828380556607
4100000	-4358.529001907013	-931.9651669631545	-3426.5638349438577	472.0	4.787519251512726E-5	1.831936254087676E-5	1.831936254087676E-5	2.238667407907292E-5	-0.5595775757971004	30409.764821237688	-24884.782106325445	-24884.782106325445	65033.03438528415	3810.505518186887	-3426.5638349438577
4110000	-4271.3291566313865	-854.6593195695824	-3416.669837061804	46.0	4.2225876758090205E-5	1.60008670554414E-5	1.60008670554414E-5	2.1249947898369154E-5	-0.5341647733757308	33137.290170009466	-24951.84351151276	-24951.84351151276	65847.2734854696	3904.086895222086	-3416.669837061804
4120000	-4156.981622304353	-818.5830565214272	-3338.3985657829253	51.0	5.7279203705933366E-5	2.123206955214131E-5	2.123206955214131E-5	2.4803389440778453E-5	-0.5632981516355074	25572.676438931754	-21890.590642145864	-21890.590642145868	59055.741012689694	3768.362912524053	-3338.3985657829253
4130000	-4376.643228939342	-931.3365642683059	-3445.3066646710367	35.0	4.5272877980239295E-5	1.5400852635396018E-5	1.5400852635396018E-5	1.8031179803486686E-5	-0.5390308748136773	31134.559538983456	-26592.755912462646	-26592.755912462642	78172.98315134813	3921.1615503648923	-3445.3066646710367
4140000	-4286.944649088232	-943.1092222493512	-3343.8354268388807	536.0	5.378094154123979E-5	1.978695642402703E-5	1.978695642402703E-5	2.6819948476355204E-5	-0.5209977253305458	25521.456661180055	-18828.967970526537	-18828.967970526537	51177.12921604909	3617.708761512719	-3343.8354268388807
4150000	-4351.828877153433	-903.6266838407644	-3448.2021933126684	873.0	5.629836751910664E-5	2.3654299871816713E-5	2.3654299871816713E-5	2.636212574676184E-5	-0.6140051073103472	28511.346963844353	-25582.760560006296	-25582.760560006296	60888.1963941182	3838.250726437495	-3448.2021933126684
4160000	-4323.698080197978	-928.60077850034	-3395.097301697638	963.0	5.335316098043259E-5	1.900844688894059E-5	1.900844688894059E-5	2.2246060828799602E-5	-0.5517470197979194	26946.088976205476	-23024.449367043635	-23024.449367043635	64625.33003053587	3758.188938680142	-3395.097301697638
4170000	-4179.039053326116	-831.8478104013976	-3347.191242924718	240.0	4.583956847662729E-5	1.9815054065334518E-5	1.9815054065334518E-5	2.5564044987029324E-5	-0.5788422390355356	32807.711298839444	-25429.722623169782	-25429.722623169782	58828.379053769204	3758.032286991583	-3347.191242924718
4180000	-4303.325195206869	-850.5120547149556	-3452.813140491913	840.0	4.122355034635585E-5	1.4570592875779283E-5	1.4570592875779283E-5	1.7630559911797386E-5	-0.5404698537267726	34267.89255007779	-28320.34340123409	-28320.34340123409	80124.74934822584	3796.8872282443763	-3452.813140491913
4190000	-4253.08832157017	-860.4040684848717	-3392.6842530852978	206.0	4.535509158748365E-5	2.064954819876651E-5	2.064954819876651E-5	2.4127330550671963E-5	-0.6242274933477086	36124.520599049836	-30917.4290003101	-30917.4290003101	67907.67577386275	3831.925244548819	-3392.6842530852978
4200000	-4420.086259840364	-966.184067274081	-3453.9021925662823	948.0	4.75641028046389E-5	1.630334669945383E-5	1.630334669945383E-5	2.086310333838389E-5	-0.5175444491653277	28715.86896337501	-22439.843195554717	-22439.843195554717	65466.98836436431	3975.924096953889	-3453.9021925662823
4210000	-4260.028284811172	-921.3570906268114	-3338.6711941843605	130.0	5.794216718170738E-5	2.5229201583069483E-5	2.5229201583069483E-5	2.748460818122538E-5	-0.6322100048376892	28749.43528446762	-26390.236069900056	-26390.23606990006	60608.63500940152	3726.826418695512	-3338.6711941843605
4220000	-4351.060052724318	-944.2315598650068	-3406.8284928593107	883.0	5.269776471798877E-5	1.731474877990172E-5	1.731474877990172E-5	2.0765709368091304E-5	-0.5234156598380598	26136.63195204441	-21793.10170341644	-21793.10170341644	66327.71636715358	3666.147937611294	-3406.8284928593107
4230000	-4380.469117822666	-946.9440186595174	-3433.5250991631483	185.0	5.4775807655161103E-5	2.023749701687666E-5	2.023749701687666E-5	2.486030617340531E-5	-0.5484147997442504	26108.636759818874	-21253.698762036416	-21253.698762036416	57526.30942350185	3667.568573346089	-3433.5250991631483
4240000	-4277.984155401702	-867.8102217276299	-3410.173933674072	40.0	3.9495895782237836E-5	1.7811417821615508E-5	1.7811417821615508E-5	2.4523127261370975E-5	-0.5723142788764324	37651.64214314114	-27346.80298861451	-27346.802988614505	60640.11813281601	3787.5233704932057	-3410.173933674072
4250000	-4332.1482510407095	-890.4508707020294	-3441.6973803386804	282.0	4.696177848048716E-5	1.8476247687992045E-5	1.8476247687992045E-5	2.1103162395669782E-5	-0.5869049026272487	32482.87955010685	-28439.42139734159	-28439.421397341597	72285.55442256732	3737.3657456030955	-3441.6973803386804
4260000	-4243.474819256206	-868.2753780389484	-3375.199441217257	938.0	4.275565321364438E-5	1.7404570921235396E-5	1.7404570921235396E-5	2.5598546527086206E-5	-0.5260886042808214	32339.220894485974	-21987.586795211926	-21987.586795211926	54014.18054345569	3943.295061973759	-3375.199441217257
4270000	-4316.580806818118	-940.9483380823077	-3375.6324687358097	392.0	5.377954341533849E-5	2.036365490763413E-5	2.036365490763413E-5	2.5558328818735534E-5	-0.5492637614100068	26627.7855454388	-21215.746915514897	-21215.746915514894	56029.88203772927	3680.4139513174696	-3375.6324687358097
4280000	-4328.970958798089	-933.437939114305	-3395.5330196837836	381.0	5.768113118504131E-5	2.184063562454991E-5	2.184063562454991E-5	2.396301987449217E-5	-0.5874590722283479	26472.603391042685	-24127.94746760775	-24127.94746760775	63721.923071712285	3664.7242877841873	-3395.5330196837836
4290000	-4372.824465396053	-938.2737711836287	-3434.5506942124243	204.0	5.4887080550033045E-5	2.1274698966803493E-5	2.1274698966803493E-5	2.3621159034875167E-5	-0.5908507024554684	27991.014217054126	-25210.464921053375	-25210.46492105337	65041.052801018464	3923.70466486816	-3434.5506942124243
4300000	-4316.104586902537	-876.0999332081655	-3440.0046536943723	523.0	4.4978435119669965E-5	1.4575942766716533E-5	1.4575942766716533E-5	1.6926263880916565E-5	-0.5282675451021711	30839.01595797472	-26556.819316287078	-26556.819316287078	81949.01652124786	3849.800408724659	-3440.0046536943723
4310000	-4297.2545743433475	-944.3072029585344	-3352.9473713848133	51.0	5.265407381285546E-5	2.0105242412687676E-5	2.0105242412687676E-5	2.7596918191270366E-5	-0.5274278178253551	26311.11015672366	-19168.489908238807	-19168.48990823881	50200.79150463015	3851.8686229120085	-3352.9473713848133
4320000	-4205.357855430842	-880.219966249719	-3325.1378891811237	198.0	5.3173588399092884E-5	2.5850971238832816E-5	2.5850971238832816E-5	3.1889068217272406E-5	-0.6277807072165172	31039.109572739824	-25161.949649230264	-25161.949649230268	51756.32055003899	3778.1947720760822	-3325.1378891811237
4330000	-4274.394335817445	-879.5017898153624	-3394.8925460020823	578.0	5.299386986758224E-5	2.074807136908637E-5	2.074807136908637E-5	2.302115136882767E-5	-0.5940204487321041	29159.24785632431	-26280.099804699927	-26280.099804699927	67123.54919081173	3706.2672251153917	-3394.8925460020823
4340000	-4325.311411784246	-972.3896011448749	-3352.921810639371	180.0	5.0280128327013966E-5	1.7091468624374477E-5	1.7091468624374477E-5	2.567554443152476E-5	-0.47568708756278866	25705.070068134013	-17111.1229882018	-17111.1229882018	50337.94804731666	3721.015196590055	-3352.921810639371
4350000	-4168.896089178634	-859.4190460674425	-3309.4770431111915	906.0	5.6527326671497927E-5	2.4990626442599694E-5	2.4990626442599694E-5	3.063015195387741E-5	-0.600583426816231	27671.783808803764	-22576.94356879132	-22576.943568791317	51067.71802172882	3653.08523236624	-3309.4770431111915
4360000	-4268.17265533976	-922.0929718048172	-3346.0796835349433	96.0	5.520978287444691E-5	2.0640494211405997E-5	2.0640494211405997E-5	2.726377891914163E-5	-0.5320090822082887	25263.015934515483	-19125.78354253473	-19125.78354253473	51158.19155645519	3574.130045049189	-3346.0796835349433
4370000	-4218.4882687333	-886.058943820364	-3332.4293249129364	199.0	5.584864872987777E-5	2.3873708602802605E-5	2.3873708602802605E-5	2.7739594126383304E-5	-0.6065456642279524	28326.95681015051	-24379.214396886357	-24379.21439688636	57031.197113725735	3615.9706262101886	-3332.4293249129364
4380000	-4356.146119536402	-961.6391601911579	-3394.5069593452436	204.0	4.873500930742487E-5	1.7703576807530263E-5	1.7703576807530263E-5	2.4677776259934246E-5	-0.5104902850986656	27751.067574240573	-19908.32363162205	-19908.32363162205	54804.31146939957	3876.5060622601504	-3394.5069593452436
4390000	-4302.25537156158	-920.8456767131892	-3381.4096948483916	65.0	5.150987654653121E-5	1.9207484276523824E-5	1.9207484276523824E-5	2.408919451519572E-5	-0.5452731244403093	27628.265239293378	-22029.357180731193	-22029.35718073119	59077.46441140225	3691.8710999047667	-3381.4096948483916
4400000	-4273.621699811625	-900.2075629212399	-3373.414136890385	478.0	5.123707611616689E-5	1.731367126169754E-5	1.731367126169754E-5	2.1872748585142177E-5	-0.5171842819356728	26643.785381456855	-21090.250247521333	-21090.25024752133	62413.26526926958	3628.5071153821577	-3373.414136890385
4410000	-4343.732812899029	-879.3260836300652	-3464.406729268964	219.0	4.187489542604495E-5	1.960919302730529E-5	1.960919302730529E-5	2.2907806227950296E-5	-0.6331273919117966	39857.57887915918	-34118.28047021206	-34118.280470212056	72858.65485729958	3980.7867312679873	-3464.406729268964
4420000	-4214.951932683945	-835.4810292045568	-3379.4709034793887	733.0	4.1795407702148696E-5	1.1669431842613966E-5	1.1669431842613966E-5	1.904997592224207E-5	-0.41355970153532423	28862.468523411666	-17680.264301557345	-17680.264301557345	63323.893119359265	3560.0347127607856	-3379.4709034793887
4430000	-4262.884684585684	-925.7489693185382	-3337.1357152671458	464.0	5.4747664598805835E-5	2.5781844841707937E-5	2.5781844841707937E-5	2.9992912735810184E-5	-0.6362413185546971	30688.359971032627	-26379.64982557308	-26379.64982557308	56017.10155931371	3736.0694860835893	-3337.1357152671458
4440000	-4302.889655093783	-900.9506826226162	-3401.938972471167	23.0	4.714202172377327E-5	1.964267080065668E-5	1.964267080065668E-5	2.51261781610311E-5	-0.570733308270664	31460.248712099063	-24594.401297247903	-24594.401297247903	59026.0770546181	3731.9878651302984	-3401.938972471167
4450000	-4284.412422170748	-957.2583881463383	-3327.1540340244096	978.0	6.60590953392709E-5	2.839879676384944E-5	2.839879676384944E-5	3.2613404843654315E-5	-0.6118367480790303	24195.34993054941	-21068.601349717283	-21068.60134971728	49008.15893009023	3700.56591641277	-3327.1540340244096
4460000	-4200.957125423942	-767.5260194774303	-3433.4311059465117	824.0	4.3193196611311336E-5	1.6240996917793417E-5	1.6240996917793417E-5	2.1046748603678837E-5	-0.538657243153021	32615.12607918984	-25167.885648283805	-25167.885648283805	66934.40301723914	3756.984522041928	-3433.4311059465117
4470000	-4316.685716876663	-904.1902974921192	-3412.4954193845433	495.0	4.5027112528469745E-5	2.1521354464440014E-5	2.1521354464440014E-5	2.5288127539261493E-5	-0.6377848740158468	37437.12281399024	-31860.705738602395	-31860.7057386024	66659.16798586775	3824.868968092887	-3412.4954193845433
4480000	-4192.8809385697	-848.3082825056131	-3344.572656064088	486.0	5.0449753007722695E-5	1.9207884801920185E-5	1.9207884801920185E-5	2.7107071867070458E-5	-0.5194080983285465	27145.01403051098	-19234.770358135003	-19234.770358135003	50520.36826205706	3676.382585416553	-3344.572656064088
4490000	-4289.255715582061	-808.4908578821079	-3480.764857699953	662.0	3.801784265133258E-5	1.501137163745208E-5	1.501137163745208E-5	1.9910064429419466E-5	-0.5456200358671985	37453.34570945095	-28238.285893228167	-28238.28589322816	71516.363445007	3891.793911346688	-3480.764857699953
4500000	-4310.7899698425745	-910.3104487975949	-3400.4795210449797	939.0	4.9592952589202596E-5	1.7580261235907128E-5	1.7580261235907128E-5	2.138958171619481E-5	-0.5397767767453945	28454.68220754163	-23387.121507595934	-23387.121507595934	65973.7868829387	3784.8797301513255	-3400.4795210449797
4510000	-4230.275885589519	-889.6811115015316	-3340.594774087987	813.0	5.1266600324894715E-5	1.8867950985322456E-5	1.8867950985322456E-5	2.2226580769919498E-5	-0.5589476710999107	28368.986724531474	-24082.185944953235	-24082.185944953235	65434.33374138665	3725.277532593324	-3340.594774087987
4520000	-4214.619047047501	-938.0963268648768	-3276.522720182624	763.0	5.339422272295469E-5	2.3012176102956794E-5	2.3012176102956794E-5	3.0394684507866984E-5	-0.5712309559828441	27799.839046390844	-21047.587830820205	-21047.587830820205	48835.86790713665	3560.3779375495287	-3276.522720182624
4530000	-4204.644373656714	-853.4607907333809	-3351.1835829233337	270.0	4.5434616116582685E-5	1.853480281176094E-5	1.853480281176094E-5	2.5572178212940832E-5	-0.5437642825612818	31249.48514057909	-22649.7344194395	-22649.734419439505	55521.60435377265	3808.384158705246	-3351.1835829233337
4540000	-4135.229546098127	-769.4837322661085	-3365.7458138320185	481.0	5.0474711189150646E-5	2.0417870804027534E-5	2.0417870804027534E-5	2.4676215324979275E-5	-0.5785411499726708	29779.34024491002	-24640.355651875525	-24640.355651875525	60913.05244624447	3812.2555285803082	-3365.7458138320185
4550000	-4238.043721190446	-790.3956771240628	-3447.648044066384	931.0	4.2622319474621074E-5	1.4886608538444128E-5	1.4886608538444128E-5	1.7986179602855754E-5	-0.5376600465635792	33002.06877049156	-27314.798895209282	-27314.79889520928	78205.86414226453	3815.1121972999003	-3447.648044066384
4560000	-4221.877074109167	-859.4597402078055	-3362.4173339013614	523.0	5.00185790201402E-5	1.9527165295373402E-5	1.9527165295373402E-5	2.4672317906589393E-5	-0.5558640041366213	28932.172396079382	-22898.67189906763	-22898.671899067635	58654.649177940315	3680.5618862980373	-3362.4173339013614
4570000	-4387.788430939665	-895.6329527024343	-3492.155478237231	40.0	4.0930868318909664E-5	1.5187561215166696E-5	1.5187561215166696E-5	1.6333044665209886E-5	-0.5873932987263667	37301.66541131365	-34685.59221347799	-34685.59221347799	93478.56363110524	3891.1417470704782	-3492.155478237231
4580000	-4188.18158171305	-803.8006382291373	-3384.380943483913	179.0	5.035093556865989E-5	1.8368858061919167E-5	1.8368858061919167E-5	2.2171689687222353E-5	-0.5497674084456263	28463.545911370402	-23581.551165502704	-23581.551165502708	64639.46530268029	3647.920318688144	-3384.380943483913
4590000	-4189.671407330115	-780.4633115916942	-3409.20809573842	113.0	3.763357823129554E-5	1.5078809793489232E-5	1.5078809793489232E-5	1.9126249537754697E-5	-0.562036340645016	38841.43596350022	-30621.92741151318	-30621.927411513185	76425.97238223844	3916.665365088756	-3409.20809573842
4600000	-4218.204113275242	-811.3550536685498	-3406.8490596066927	703.0	4.535726092474629E-5	1.5412194450906444E-5	1.5412194450906444E-5	1.940906417241965E-5	-0.5194440448843892	30194.26797258666	-23976.422828132043	-23976.422828132043	70561.3253013213	3762.283381041375	-3406.8490596066927
4610000	-4247.4203245581375	-845.9988409633216	-3401.4214835948155	56.0	5.398740185019834E-5	2.273982064457473E-5	2.273982064457473E-5	2.556609373881673E-5	-0.6120806254540357	29619.61049235616	-26345.230407088246	-26345.230407088246	62547.13100223474	3804.4648404782183	-3401.4214835948155
4620000	-4231.585305761584	-783.288239507251	-3448.2970662543335	276.0	3.6433113625589116E-5	1.3576184060738749E-5	1.3576184060738749E-5	1.7877352140219977E-5	-0.5319587732704009	38280.05249681515	-29070.13491009691	-29070.13491009691	78012.75553958082	3773.266049920617	-3448.2970662543335
4630000	-4299.153980676447	-878.9671412581383	-3420.186839418309	147.0	4.026201906944825E-5	1.579947831389152E-5	1.579947831389152E-5	1.996972303960075E-5	-0.5571972331448927	36020.563328717144	-28498.447777050424	-28498.44777705043	72622.9705217821	3852.4704012501684	-3420.186839418309
4640000	-4271.083934854266	-843.8579313927538	-3427.2260034615124	77.0	4.213975697507667E-5	1.4240120356202654E-5	1.4240120356202654E-5	1.755144059153617E-5	-0.5236140151122599	32694.450177926105	-26526.193282279757	-26526.193282279753	78497.04289207711	3800.4553356711103	-3427.2260034615124
4650000	-4270.429083471615	-899.4344161611923	-3370.9946673104228	443.0	5.191204640593597E-5	1.9481419300965085E-5	1.9481419300965085E-5	2.567974989537817E-5	-0.5335696571427359	26930.322144209225	-20430.14047016983	-20430.140470169834	54440.099244448145	3630.6554811237374	-3370.9946673104228
4660000	-4375.189420924335	-948.1472677105521	-3427.0421532137825	199.0	5.006013034015411E-5	2.0167041719849982E-5	2.0167041719849982E-5	2.2581923388268117E-5	-0.5998128200382435	31201.51482753299	-27864.865203478763	-27864.865203478763	69168.2401104959	3837.1272338329677	-3427.0421532137825
4670000	-4236.955045459914	-898.1690843252414	-3338.7859611346726	624.0	5.1636807002060715E-5	1.9319619243716098E-5	1.9319619243716098E-5	2.4518785798748E-5	-0.5429619468856979	27462.055718537988	-21638.773815584376	-21638.77381558438	57835.36275643772	3753.9548820295536	-3338.7859611346726
4680000	-4164.227835065038	-803.22034301769	-3361.0074920473476	847.0	4.785801603811902E-5	2.1122801278248504E-5	2.1122801278248504E-5	2.6184320656829884E-5	-0.5966965301894808	32448.22681824203	-26175.87280174412	-26175.87280174412	59306.780566441485	3561.234395187709	-3361.0074920473476
4690000	-4272.68110615273	-834.2797361159649	-3438.4013700367645	174.0	4.492795529005988E-5	1.7319430267209612E-5	1.7319430267209612E-5	1.9860117124908584E-5	-0.5798082250390134	33529.83593814766	-29240.394291199344	-29240.394291199347	75851.86735997537	3808.324989867233	-3438.4013700367645
4700000	-4290.000571322884	-845.8480957327974	-3444.152475590087	466.0	4.290690459457032E-5	1.764311470302667E-5	1.764311470302667E-5	2.151459964975022E-5	-0.5806909140681209	35163.45864248043	-28835.90418990759	-28835.90418990759	70127.03883641839	3621.406522424281	-3444.152475590087
4710000	-4345.06102842557	-860.2358232319215	-3484.825205193649	605.0	3.6718986924733245E-5	1.0667012266143757E-5	1.0667012266143757E-5	1.549367328471574E-5	-0.4472190063597334	34042.53947855876	-23437.44956508754	-23437.449565087543	80678.58015510286	3920.298033443996	-3484.825205193649
4720000	-4117.477258479273	-747.2098152077364	-3370.267443271536	602.0	4.383046786345245E-5	1.6350938984279827E-5	1.6350938984279827E-5	2.060307108564216E-5	-0.5441124511755063	32410.61243370084	-25721.599665590154	-25721.599665590154	68949.54159043326	3817.1257030449096	-3370.267443271536
4730000	-4363.409110005762	-923.27986258835	-3440.129247417412	826.0	4.941863566933332E-5	1.722980453147742E-5	1.722980453147742E-5	1.9661685389102227E-5	-0.5527447209682088	29137.595629056712	-25533.674619986454	-25533.674619986454	73235.84902191653	3742.669031333961	-3440.129247417412
4740000	-4180.911979213532	-890.8020358603256	-3290.1099433532063	574.0	5.342995356864578E-5	2.4951710555765758E-5	2.4951710555765758E-5	2.927359366724844E-5	-0.6309136234898305	31092.541854525378	-26502.113598206255	-26502.113598206255	56749.884776774554	3713.038569980067	-3290.1099433532063
4750000	-4275.053845958491	-927.8118443677253	-3347.242001590766	752.0	4.972810599021927E-5	1.7511645686850164E-5	1.7511645686850164E-5	2.352313542338171E-5	-0.5120099466254373	27254.138807335923	-20289.166971334285	-20289.16697133428	57615.478501909245	3738.6337113471645	-3347.242001590766
4760000	-4283.6298283735705	-829.4597893736951	-3454.170038999875	171.0	4.17977019436622E-5	1.4666655535082957E-5	1.4666655535082957E-5	1.807213290743736E-5	-0.5336422220380004	33450.63099632506	-27147.25952753283	-27147.25952753283	77365.49478542336	3731.1057982417888	-3454.170038999875
4770000	-4247.612022753616	-771.1627849563296	-3476.449237797286	436.0	3.7834509150164186E-5	1.55979453175959E-5	1.55979453175959E-5	1.7177096861496185E-5	-0.6118549236227879	42246.60988296596	-38362.72893619299	-38362.72893619299	93052.96238757238	4045.7836970180474	-3476.449237797286
4780000	-4297.114518886457	-882.378330006131	-3414.7361888803257	55.0	5.209352159759654E-5	1.9409919414884334E-5	1.9409919414884334E-5	2.1107176174879762E-5	-0.5853515950126174	29201.871771822643	-26853.70952318268	-26853.709523182675	72071.61797636123	3702.734371511092	-3414.7361888803257
4790000	-4339.607519184145	-947.6415416553282	-3391.965977528816	262.0	5.160656915992413E-5	1.8142600918251272E-5	1.8142600918251272E-5	2.2809730863921847E-5	-0.5287945532271121	26898.965846003386	-21395.13198858508	-21395.13198858508	60858.383184953265	3666.969980799296	-3391.965977528816
4800000	-4316.35075255264	-908.9260343473521	-3407.4247182052877	644.0	4.7126577066803714E-5	1.8375986747035182E-5	1.8375986747035182E-5	2.190544980876778E-5	-0.57192836067431	31534.423639324654	-26453.51526357081	-26453.51526357081	67841.99634654599	3747.003314034845	-3407.4247182052877
4810000	-4190.544878799116	-835.1050602087721	-3355.439818590344	71.0	5.1065266206789834E-5	1.9216943750854565E-5	1.9216943750854565E-5	2.0441321989916954E-5	-0.5947946166721161	30303.614474518938	-28488.512391305398	-28488.512391305398	75702.64491369748	3803.3037538472513	-3355.439818590344
4820000	-4343.174501209712	-894.8576095005228	-3448.316891709189	948.0	3.996910419847091E-5	1.3628560567289846E-5	1.3628560567289846E-5	1.9658541518418937E-5	-0.4861968425629046	32764.419825143632	-22714.395145779617	-22714.395145779617	66615.54768783963	3786.7002120214493	-3448.316891709189
4830000	-4254.856446442755	-804.0859910317096	-3450.770455411046	861.0	3.645468728948581E-5	1.2411085073085507E-5	1.2411085073085507E-5	1.5775954733655134E-5	-0.5175296524255794	37466.127779153736	-29474.938732816354	-29474.938732816358	86575.80445659156	3812.422181283345	-3450.770455411046
4840000	-4099.127691368118	-819.3728661088201	-3279.7548252592974	812.0	4.935194838361026E-5	1.7852359025062848E-5	1.7852359025062848E-5	2.6883198588328975E-5	-0.4901206385338946	26669.006294716404	-17710.120083018453	-17710.120083018457	48958.735984282015	3533.7692146744203	-3279.7548252592974
4850000	-4247.744415231413	-861.6703961259861	-3386.074019105427	445.0	4.730391936581026E-5	1.7225518093516824E-5	1.7225518093516824E-5	2.1117011694091003E-5	-0.5450138013561124	30072.690723112286	-24530.823095422107	-24530.823095422107	67365.40935274075	3780.857522686548	-3386.074019105427
4860000	-4205.6609642802	-824.3029701033504	-3381.357994176849	906.0	4.6982682362132285E-5	1.6994995381115524E-5	1.6994995381115524E-5	2.0163773189724875E-5	-0.5521616566735312	30619.91399562561	-25807.93247520715	-25807.932475207148	71346.05610151261	3676.635921485815	-3381.357994176849
4870000	-4223.809179847053	-857.8172966839456	-3365.9918831631076	318.0	5.0008442743359146E-5	2.0880550050341636E-5	2.0880550050341636E-5	2.8308295681198632E-5	-0.5549622061405606	28896.14695111378	-21314.15643914916	-21314.156439149156	51046.92018842439	3826.822609081988	-3365.9918831631076
4880000	-4371.77763880324	-936.313769695929	-3435.463869107311	520.0	5.3797990293605494E-5	1.9063679470562572E-5	1.9063679470562572E-5	1.9522811982392226E-5	-0.5882372401047322	28423.104166752993	-27754.656853842996	-27754.656853842996	78324.05923164285	3792.1681663483478	-3435.463869107311
4890000	-4271.724618218436	-905.3370465581976	-3366.387571660239	539.0	5.084541593287185E-5	1.8879377933161996E-5	1.8879377933161996E-5	2.2675993506056343E-5	-0.5560048964913806	28468.137559837534	-23701.749954279665	-23701.749954279665	63832.89423140631	3704.3667201008234	-3366.387571660239
4900000	-4277.674335548925	-958.6166398790353	-3319.05769566989	841.0	5.942959687272254E-5	2.282970795339748E-5	2.282970795339748E-5	2.7252109237441944E-5	-0.567281868902415	24811.0425454967	-20784.7712042335	-20784.771204233504	54106.28012766778	3526.442848369667	-3319.05769566989
4910000	-4304.463455722922	-920.0298820284944	-3384.433573694427	33.0	4.270379538581499E-5	1.5907116039639593E-5	1.5907116039639593E-5	2.473471549011261E-5	-0.48944596415751723	30794.067605929136	-19803.93940394546	-19803.93940394546	53165.097559590504	3670.954155611355	-3384.433573694427
4920000	-4157.912884569694	-839.5370365841353	-3318.3758479855587	628.0	4.394133275277145E-5	1.8736664197297485E-5	1.8736664197297485E-5	2.653943738790407E-5	-0.5486682189034463	32559.10609631337	-22986.50979575205	-22986.50979575204	53908.095118962985	3730.4088612539617	-3318.3758479855587
4930000	-4273.236305619404	-865.5965047676219	-3407.6398008517826	405.0	4.152087812468523E-5	1.6342978815225175E-5	1.6342978815225175E-5	2.1628937157432383E-5	-0.5453563363256887	34279.437766100964	-25901.787088817066	-25901.787088817073	65805.9315309405	3869.554415545808	-3407.6398008517826
4940000	-4307.672108877387	-919.3966454253745	-3388.2754634520124	858.0	6.150871828856641E-5	2.084946842238104E-5	2.084946842238104E-5	2.3020105482480802E-5	-0.5540806623443509	23460.294516951046	-21248.150669126186	-21248.150669126182	62684.88419864669	3750.990494605458	-3388.2754634520124
4950000	-4321.111855283056	-901.9264631608004	-3419.1853921222555	990.0	4.796322202612066E-5	2.0193638968905938E-5	2.0193638968905938E-5	2.3750817340826793E-5	-0.5983029340921608	32473.85848082436	-27610.22345794705	-27610.223457947053	65578.83301486332	3601.898167363942	-3419.1853921222555
4960000	-4166.8673892863635	-908.0451832143569	-3258.8222060720063	126.0	6.497214358110984E-5	2.3461584183238294E-5	2.3461584183238294E-5	3.05093347707589E-5	-0.5269596555219458	21308.214493510106	-16385.951115955795	-16385.95111595579	45377.5994111912	3639.5399774848047	-3258.8222060720063
4970000	-4242.152179469393	-882.901965897513	-3359.250213571879	379.0	4.5173687135189476E-5	1.7877847395563447E-5	1.7877847395563447E-5	2.3923448791824675E-5	-0.5438267452362213	31433.017964586685	-23489.70264458363	-23489.70264458363	59353.704877712495	3715.452586994208	-3359.250213571879
4980000	-4269.074462323306	-873.7271876435696	-3395.3472746797365	444.0	4.9862106805529676E-5	1.9617623047170055E-5	1.9617623047170055E-5	2.13633300468556E-5	-0.6010721390206453	31399.59936070995	-28833.777446659566	-28833.777446659566	73286.80376798297	3701.7914685717237	-3395.3472746797365
4990000	-4214.599398203369	-835.2283725364094	-3379.3710256669597	504.0	4.843227482558016E-5	1.8739174720525054E-5	1.8739174720525054E-5	2.5283579028263476E-5	-0.5355052724561179	28948.964339543654	-21455.811304663075	-21455.81130466307	55453.54932707066	3757.448766110928	-3379.3710256669597
5000000	-4182.151839880492	-783.4157817953794	-3398.7360580851123	301.0	4.239742550123899E-5	1.802433821749624E-5	1.802433821749624E-5	2.267429924661534E-5	-0.581329883006305	35625.91869593127	-28319.887679895597	-28319.8876798956	66614.94661403536	3775.1424905501613	-3398.7360580851123
5010000	-4415.324897531967	-985.7780221753626	-3429.546875356604	235.0	4.852717113857958E-5	2.164356504554336E-5	2.164356504554336E-5	2.6832611901798718E-5	-0.5997977544490296	32186.253010009383	-25961.887837976585	-25961.887837976585	58209.30939718341	3908.5200479365317	-3429.546875356604
5020000	-4365.654809639902	-887.9897825268613	-3477.66502711304	53.0	4.0912522660283824E-5	1.2374239957816613E-5	1.2374239957816613E-5	1.703851504715643E-5	-0.4686779622349543	31322.71026440477	-22748.152163976054	-22748.152163976054	75211.43068672724	3916.6288460924766	-3477.66502711304
5030000	-4250.961290947617	-889.1328169319147	-3361.8284740157023	347.0	4.359435629236318E-5	1.8223539754106094E-5	1.8223539754106094E-5	2.2837340286977905E-5	-0.5775569872524159	34420.44992703418	-27466.527612989907	-27466.52761298991	65705.43412702909	3756.0006755396475	-3361.8284740157023
5040000	-4295.446470890447	-824.2819627931227	-3471.164508097324	81.0	4.170251815135896E-5	1.601834904835466E-5	1.601834904835466E-5	2.029908212367425E-5	-0.5505520861591808	34408.99525275184	-27152.720157673397	-27152.720157673397	70689.98195856233	3887.3886043680186	-3471.164508097324
5050000	-4167.007706047505	-831.3540085364571	-3335.6536975110484	374.0	5.506155160525891E-5	2.2438482111033855E-5	2.2438482111033855E-5	2.522738939288618E-5	-0.6020507433092267	28487.0572874369	-25337.79121514642	-25337.791215146422	62176.13525070032	3704.597015939556	-3335.6536975110484
5060000	-4208.341980584348	-857.852193958367	-3350.4897866259803	924.0	4.35795600552194E-5	1.5764538530094826E-5	1.5764538530094826E-5	2.202011720662217E-5	-0.5088971613487793	30965.99735951177	-22169.03088735744	-22169.03088735744	61284.167061235006	3673.577114296639	-3350.4897866259803
5070000	-4171.0493158245845	-876.060004384406	-3294.989311440178	899.0	5.3784200833554545E-5	2.2582061113021407E-5	2.2582061113021407E-5	2.8522629715359497E-5	-0.5765559209228707	27850.938580989474	-22050.266871158412	-22050.266871158412	52517.61457451752	3649.7257298322206	-3294.989311440178
5080000	-4276.817832459292	-912.4577606016062	-3364.3600718576854	142.0	5.179322781609325E-5	1.9682620810562627E-5	1.9682620810562627E-5	2.5284123006290033E-5	-0.5439042968262592	27418.94028182319	-21344.485804800486	-21344.485804800486	56166.29139713633	3790.298536293951	-3364.3600718576854
5090000	-4286.31394968657	-930.6383516563353	-3355.675598030234	480.0	5.2421853753789655E-5	2.079695908493314E-5	2.079695908493314E-5	2.6834480668669215E-5	-0.5544942574360073	27545.15350730602	-21347.736800007726	-21347.736800007726	53810.171570474886	3604.59848732906	-3355.675598030234
5100000	-4210.253042984201	-791.5126356689789	-3418.740407315222	92.0	4.767306181323321E-5	1.8974585251089085E-5	1.8974585251089085E-5	2.0845375638699468E-5	-0.6019090958007041	32893.25353115863	-29941.213539656612	-29941.213539656615	75226.37807102197	3950.2701470310362	-3418.740407315222
5110000	-4381.893559941677	-972.7704671034359	-3409.1230928382415	506.0	5.00893449478313E-5	1.8800678530885067E-5	1.8800678530885067E-5	2.195809603715604E-5	-0.5668961497846052	29418.626324704182	-25188.437805130896	-25188.437805130896	67107.80931898639	3861.604058186225	-3409.1230928382415
5120000	-4302.090614301282	-885.9292662077131	-3416.161348093569	546.0	4.068990531600378E-5	1.317609556435649E-5	1.317609556435649E-5	1.9999662464971317E-5	-0.4618830908203174	31240.93612649646	-20582.02535385963	-20582.025353859626	63560.60934512806	3720.627262559	-3416.161348093569
5130000	-4157.436266071799	-852.6025768538819	-3304.8336892179173	125.0	5.922327400282306E-5	2.1461001881029776E-5	2.1461001881029776E-5	2.50633387091058E-5	-0.5570373610551647	24481.69347789996	-20962.95612799268	-20962.95612799267	57848.878703779206	3685.6016514201665	-3304.8336892179173
5140000	-4289.5048520620385	-934.9727054922621	-3354.5321465697766	417.0	5.858897790040226E-5	2.3888121525887334E-5	2.3888121525887334E-5	2.873308889989686E-5	-0.5822143167918556	25820.533715863552	-21466.680781057054	-21466.680781057054	52650.05389868651	3690.8757185315308	-3354.5321465697766
5150000	-4232.187122107602	-821.278169751645	-3410.908952355957	975.0	4.106172036255635E-5	1.504493148041692E-5	1.504493148041692E-5	1.942324313452865E-5	-0.532734435785028	34004.16915487142	-26339.082069878128	-26339.08206987813	71886.53693554652	3783.0410873653495	-3410.908952355957
5160000	-4290.584645376094	-947.3414084655918	-3343.243236910502	726.0	5.721710530541955E-5	2.1723281023458615E-5	2.1723281023458615E-5	2.7013716152595627E-5	-0.5525483840937042	25158.392781290215	-20231.30891726672	-20231.30891726672	53287.389300708084	3732.0777106726737	-3343.243236910502
5170000	-4211.640482625195	-848.3109412242682	-3363.3295414009267	6.0	5.236998518362916E-5	2.154977378836382E-5	2.154977378836382E-5	2.5692809565501358E-5	-0.5874835238265651	29158.623831960034	-24456.716030093354	-24456.716030093357	59434.399113173255	3747.73101596807	-3363.3295414009267
5180000	-4393.931119055158	-918.9666506951504	-3474.9644683600077	312.0	4.43328058515549E-5	1.9593615935920174E-5	1.9593615935920174E-5	2.2418798920175876E-5	-0.6215066940593321	36753.42632086636	-32121.815366839714	-32121.815366839717	72679.29558866902	4015.2231290295254	-3474.9644683600077
5190000	-4322.906566857195	-838.0491960208128	-3484.857370836382	464.0	4.3568839946849175E-5	1.5356188655465463E-5	1.5356188655465463E-5	1.853064365841197E-5	-0.5404433635404535	32421.957015164444	-26867.803282064946	-26867.803282064946	76229.78899149467	3786.7570150174683	-3484.857370836382
5200000	-4277.455593996903	-879.5155171350598	-3397.940076861844	17.0	5.299353683950873E-5	2.101254125253219E-5	2.101254125253219E-5	2.4748033200725983E-5	-0.5802254596241276	28447.35843662966	-24153.486777192273	-24153.486777192273	60914.98767077863	3716.885907092649	-3397.940076861844
5210000	-4193.18504793837	-884.8708742424586	-3308.314173695912	622.0	4.977319943776023E-5	2.0830799939429945E-5	2.0830799939429945E-5	2.8789695570482842E-5	-0.5502874807301444	28817.561193526682	-20850.96212618849	-20850.96212618849	49821.37505010121	3723.7089216298677	-3308.314173695912
5220000	-4301.741809216392	-946.8969806787109	-3354.844828537681	445.0	5.375027793056332E-5	1.8549134460044324E-5	1.8549134460044324E-5	2.6531631088026E-5	-0.4911920366344715	24520.64050100705	-17143.18490976082	-17143.18490976082	49676.223734295	3687.5318263127183	-3354.844828537681
5230000	-4142.966364882382	-871.9806930700163	-3270.985671812365	362.0	5.939350077301529E-5	2.9195286780665808E-5	2.9195286780665808E-5	3.536712892158789E-5	-0.6370057913311958	28334.21361110026	-23389.670502085424	-23389.670502085424	47582.83155369308	3434.928937276748	-3270.985671812365
5240000	-4178.123576718914	-876.7932386227606	-3301.330338096153	855.0	5.9280571309529715E-5	2.0513700563922908E-5	2.0513700563922908E-5	2.8724647327695954E-5	-0.49711912217536863	22406.093311453064	-16001.306604565083	-16001.306604565081	46240.6377757993	3686.418713828513	-3301.330338096153
5250000	-4145.834959317526	-715.5048055750523	-3430.330153742474	802.0	3.757906119437994E-5	1.4653555023993738E-5	1.4653555023993738E-5	1.785945311554907E-5	-0.5656345880226848	39129.87233087151	-32105.783619043785	-32105.78361904378	82335.32445458014	3759.8243507732714	-3430.330153742474
5260000	-4159.098288407897	-798.3907490288914	-3360.707539379005	786.0	4.7371860128735215E-5	1.7027291115726745E-5	1.7027291115726745E-5	2.308204756914971E-5	-0.5149299780757038	28726.490164399347	-21191.114405987133	-21191.11440598713	58956.09000807303	3634.555946763591	-3360.707539379005
5270000	-4275.234654632663	-920.1519913401189	-3355.082663292543	19.0	5.1775133965771044E-5	1.991829452217853E-5	1.991829452217853E-5	2.762039118677592E-5	-0.5267161339804676	26729.988610738204	-19276.18555880813	-19276.18555880813	50106.051426495054	3612.794188543094	-3355.082663292543
5280000	-4259.970898117677	-880.8629075370021	-3379.107990580675	870.0	5.849133797691326E-5	2.257162175876397E-5	2.257162175876397E-5	2.4087013944044336E-5	-0.6013474920475701	26781.096819222745	-25096.21114068385	-25096.21114068385	65033.47360052954	3724.0651383365134	-3379.107990580675
5290000	-4287.614516445623	-854.5159850405405	-3433.0985314050827	732.0	4.13481462718366E-5	1.4344887000829138E-5	1.4344887000829138E-5	1.7814021769270112E-5	-0.5285524864416383	33560.64126826405	-27024.981382872542	-27024.981382872542	77897.64277321158	3781.9945141054	-3433.0985314050827
5300000	-4165.858038924833	-807.845413071667	-3358.012625853166	411.0	4.821041077012937E-5	2.0891588118346565E-5	2.0891588118346565E-5	2.68876173186675E-5	-0.5802630012543191	31271.775758921103	-24298.06446371468	-24298.06446371468	56071.35570924123	3605.6175123731127	-3358.012625853166
5310000	-4434.568621040696	-868.0327036979991	-3566.5359173426964	453.0	3.211057279837908E-5	8.839303609970458E-6	8.839303609970458E-6	1.2800067760038819E-5	-0.43600140671656074	38452.01129102751	-26553.687729413512	-26553.687729413512	96461.68527789798	4199.393868182039	-3566.5359173426964
5320000	-4299.49599900186	-870.0941632424212	-3429.4018357594387	353.0	4.2471792329220246E-5	1.9506403507235335E-5	1.9506403507235335E-5	2.415649092240798E-5	-0.6089897539434393	37424.67131889361	-30220.4795479966	-30220.479547996605	65799.82470760823	3938.576852233646	-3429.4018357594387
5330000	-4431.683759422307	-936.7509252145454	-3494.9328342077615	530.0	4.4840083251908105E-5	1.6589932275196206E-5	1.6589932275196206E-5	1.985336453299205E-5	-0.5560250394172159	32281.858611988122	-26975.470439802088	-26975.470439802088	72910.6255658784	4027.922940748114	-3494.9328342077615
5340000	-4257.272344092615	-901.6785685009735	-3355.593775591641	186.0	5.593885062064035E-5	1.9537919637423433E-5	1.9537919637423433E-5	2.1675610975208325E-5	-0.5610943243365604	26090.723340466167	-23517.60494739072	-23517.60494739072	67333.05359632496	3616.579069506397	-3355.593775591641
5350000	-4286.037109645207	-950.8351687836938	-3335.201940861514	364.0	6.114544789165784E-5	2.3944212460111532E-5	2.3944212460111532E-5	2.947234015847715E-5	-0.5640416594138271	23985.156800764755	-19486.260243960038	-19486.260243960038	49761.34054670815	3532.0095322477146	-3335.201940861514
5360000	-4298.831873108268	-891.6242516184442	-3407.207621489824	61.0	4.405458772113682E-5	1.8310091428077402E-5	1.8310091428077402E-5	2.4448605447762272E-5	-0.5579148179929299	32957.87424523568	-24682.86757683254	-24682.867576832537	59387.66385433344	3732.7938534359164	-3407.207621489824
5370000	-4209.858749054178	-866.2711943451288	-3343.5875547090486	485.0	4.839469829731428E-5	1.7277044338133128E-5	1.7277044338133128E-5	2.249059590235222E-5	-0.5236849260453574	28471.655250674077	-21871.632582865	-21871.632582865	61264.5912924614	3692.3536465398665	-3343.5875547090486
5380000	-4274.921512271046	-880.2616812833802	-3394.6598309876654	716.0	5.114716209232519E-5	1.821457316769871E-5	1.821457316769871E-5	2.2883992685511175E-5	-0.5324052478144713	27285.706239317115	-21718.12845592478	-21718.12845592478	60985.26856764493	3681.8787772342826	-3394.6598309876654
5390000	-4218.682827553317	-816.8439903676243	-3401.838837185693	705.0	3.933427542636718E-5	1.1442361223405847E-5	1.1442361223405847E-5	1.6495590583716633E-5	-0.44920661406232065	31850.028227648236	-22093.14823296928	-22093.14823296928	75947.43433318265	3736.8063761955495	-3401.838837185693
5400000	-4354.83619994746	-895.2295246965946	-3459.6066752508655	497.0	4.3630592480213525E-5	1.2479628902037391E-5	1.2479628902037391E-5	1.846774496718162E-5	-0.4396420069465867	28411.149668544804	-19198.911679458375	-19198.911679458375	67122.17952356789	3704.3313010871043	-3459.6066752508655
5410000	-4235.010953745734	-900.6550925537268	-3334.3558611920066	510.0	5.0433380078349046E-5	2.0431061319030567E-5	2.0431061319030567E-5	2.652757798890574E-5	-0.5585770515956814	28820.316079239317	-22196.886775529947	-22196.88677552995	54792.260168278866	3657.8369699905766	-3334.3558611920066
5420000	-4255.214788990686	-938.4715814072814	-3316.7432075834054	397.0	5.728028803080634E-5	2.0880299036315187E-5	2.0880299036315187E-5	2.721050693405641E-5	-0.5288905425076881	24237.989328332667	-18599.303072195868	-18599.303072195868	51022.90131452305	3599.719071786679	-3316.7432075834054
5430000	-4309.734424770544	-910.5349948112657	-3399.1994299592784	467.0	5.380730384606858E-5	2.154958243962032E-5	2.154958243962032E-5	2.3415729695837108E-5	-0.6071058193188195	29433.282502518032	-27087.558491478878	-27087.55849147888	67635.1151713935	3742.82028703213	-3399.1994299592784
5440000	-4209.212736890712	-902.6656323764936	-3306.5471045142185	94.0	4.698280827588213E-5	1.5405789243248774E-5	1.5405789243248774E-5	2.4381061258791726E-5	-0.45518523201239136	26846.883491732508	-16963.881289726218	-16963.881289726218	51734.49861384429	3630.815337950195	-3306.5471045142185
5450000	-4291.9416759734795	-856.9979689255059	-3434.943707047974	827.0	4.667469540147319E-5	1.785154217730636E-5	1.785154217730636E-5	1.996799518988179E-5	-0.5847466769460552	32557.087087544616	-29106.287726273215	-29106.287726273215	76101.38667002437	3720.1784801388726	-3434.943707047974
5460000	-4314.366983174	-886.9003936866192	-3427.466589487381	378.0	3.691811469006775E-5	1.122067262770353E-5	1.122067262770353E-5	1.7709933036704494E-5	-0.43882430612526613	33547.013800969486	-21254.74211097164	-21254.74211097164	69932.08277223044	3856.999976384781	-3427.466589487381
5470000	-4364.909425199873	-896.2409080158124	-3468.668517184061	987.0	3.9620700510035934E-5	1.5597058135421905E-5	1.5597058135421905E-5	1.9166137955654888E-5	-0.5659972369962444	37135.93512180442	-30220.55566688363	-30220.555666883633	76768.29661903909	3946.76770031939	-3468.668517184061
5480000	-4324.669725119432	-947.0930289103114	-3377.5766962091207	120.0	5.9074806709489774E-5	2.2286821298760446E-5	2.2286821298760446E-5	2.460197007675636E-5	-0.5846043373349056	25716.679523452825	-23296.631901775356	-23296.63190177536	61751.47223242898	3684.8086102606303	-3377.5766962091207
5490000	-4334.868439266377	-896.6402698205765	-3438.228169445801	189.0	4.470360301019692E-5	1.7612373457263907E-5	1.7612373457263907E-5	1.9521441839512377E-5	-0.5961982217202841	34705.82898833389	-31311.8275950943	-31311.827595094303	79475.46159700141	3809.1972774525557	-3438.228169445801
5500000	-4350.48924166343	-875.4386355459357	-3475.050606117494	183.0	3.948445143109144E-5	1.644885998285314E-5	1.644885998285314E-5	2.060082103945555E-5	-0.5767405467198061	37949.581318925266	-30301.090831639907	-30301.090831639907	72735.85832076918	3812.123412692727	-3475.050606117494
5510000	-4348.20074260442	-972.0464071526118	-3376.154335451808	645.0	5.40633146857862E-5	2.0142764919820333E-5	2.0142764919820333E-5	2.7345480823366907E-5	-0.523871735496865	25493.235238766705	-18778.39514971573	-18778.39514971573	50401.33717065582	3866.6868198183624	-3376.154335451808
5520000	-4258.358832043894	-911.2652515652923	-3347.0935804786013	453.0	4.785212099226044E-5	2.0900786670518657E-5	2.0900786670518657E-5	2.677872043645004E-5	-0.5838712967818039	31706.7148059343	-24747.085423834364	-24747.085423834367	56658.179645337754	3836.181424062688	-3347.0935804786013
5530000	-4241.606342134647	-836.2662234509754	-3405.340118683672	234.0	4.590029491999512E-5	1.5084540837772187E-5	1.5084540837772187E-5	1.8242299125419925E-5	-0.5212962139383929	29916.024295348587	-24737.533744205764	-24737.53374420576	75273.09625554834	3867.1851171759436	-3405.340118683672
5540000	-4356.197804855851	-917.5980214598568	-3438.599783395994	442.0	4.286603694373882E-5	1.30212189176041E-5	1.30212189176041E-5	1.8627776268787473E-5	-0.4608021183945156	29617.411459363837	-20703.21184989388	-20703.21184989388	68155.26638691177	3800.3615215080204	-3438.599783395994
5550000	-4249.674620243397	-918.3765116119987	-3331.2981086313985	678.0	5.8788206377140305E-5	2.012894763816134E-5	2.012894763816134E-5	2.540673279637794E-5	-0.5208366717530074	23342.299708496466	-18493.3628559111	-18493.3628559111	54011.349809440464	3575.297484126551	-3331.2981086313985
5560000	-4183.336513627741	-893.2940807124642	-3290.042432915277	376.0	5.4603049419823145E-5	2.149063418784677E-5	2.149063418784677E-5	2.9334697654384527E-5	-0.536969940658057	25734.073847756874	-18852.812929623524	-18852.812929623524	47900.91660864363	3633.1111090394447	-3290.042432915277
5570000	-4275.455100605494	-919.3271423321102	-3356.1279582733846	699.0	4.740438735746108E-5	1.7029280953161376E-5	1.7029280953161376E-5	2.5550433728083957E-5	-0.48931429445969066	27735.84502783411	-18485.850474357125	-18485.850474357125	51459.038049157876	3543.3185759528515	-3356.1279582733846
5580000	-4315.724243532951	-899.4549586959411	-3416.2692848370098	941.0	4.505884702033784E-5	2.0063237022039054E-5	2.0063237022039054E-5	2.611737335529724E-5	-0.5848523210107531	33730.945189457576	-25911.945244533315	-25911.94524453331	58194.11770345204	3683.2489207057524	-3416.2692848370098
5590000	-4342.110481031188	-889.8422895646247	-3452.2681914665636	1.0	3.4588389823150297E-5	9.455299551743038E-6	9.455299551743038E-6	1.8683688025250238E-5	-0.37194507820316713	33553.305081526225	-16980.402909109434	-16980.402909109438	62115.937412703344	3838.5906756039376	-3452.2681914665636
5600000	-4316.58517837438	-896.2311263948001	-3420.3540519795797	600.0	3.921596678866755E-5	1.524242376333488E-5	1.524242376333488E-5	2.301794034259182E-5	-0.5073285913582647	34337.74549619122	-22738.371033224972	-22738.371033224976	58501.66726189056	3610.191238874572	-3420.3540519795797
5610000	-4280.660974727019	-876.4628387476137	-3404.198135979405	627.0	4.035707084317931E-5	1.85693520576472E-5	1.85693520576472E-5	2.5256688372651744E-5	-0.5816325843136828	37446.989319529726	-27531.967687666187	-27531.967687666183	59835.66723135569	3721.0803650764137	-3404.198135979405
5620000	-4285.2139259103515	-946.6437513145142	-3338.5701745958368	510.0	5.292533778910466E-5	2.2211651187049146E-5	2.2211651187049146E-5	3.0178557291442484E-5	-0.5557759994352329	27339.29272627855	-20121.93054400658	-20121.930544006584	47946.00644689543	3663.043863244364	-3338.5701745958368
5630000	-4247.416916618175	-884.0961234989517	-3363.3207931192233	456.0	5.360670370064385E-5	1.994202594623359E-5	1.994202594623359E-5	2.356603743674174E-5	-0.5610692195301791	27224.67469184979	-23038.03388838634	-23038.03388838634	61929.167068071605	3644.3378017279842	-3363.3207931192233
5640000	-4295.647967511136	-913.9272703749418	-3381.720697136194	503.0	5.5878264661743526E-5	2.4466346223596382E-5	2.4466346223596382E-5	2.7573941092254352E-5	-0.6233015979057172	29266.049008565886	-25967.752859291108	-25967.752859291108	59307.301289751966	3750.676150908095	-3381.720697136194
5650000	-4337.558440301406	-926.156041019892	-3411.4023992815146	894.0	5.1962044202350244E-5	1.8960867816323886E-5	1.8960867816323886E-5	2.3735975509221452E-5	-0.5398977952733719	27162.363725992444	-21697.949089447233	-21697.949089447236	59462.98453257163	3698.6421686036856	-3411.4023992815146
5660000	-4261.07245255257	-959.5987488145006	-3301.4737037380696	69.0	6.419915871377254E-5	2.6376207931156928E-5	2.6376207931156928E-5	3.084210983301911E-5	-0.5927555781595023	24014.10382270912	-20536.889309370672	-20536.889309370672	49986.37483070659	3679.423452254365	-3301.4737037380696
5670000	-4243.3811264445385	-931.8160229443987	-3311.5651035001397	570.0	6.538601938572007E-5	2.9241266882343367E-5	2.9241266882343367E-5	3.258590787686166E-5	-0.6334886270150136	25545.33077299986	-22923.339670441885	-22923.33967044189	51258.58390841517	3664.092752639227	-3311.5651035001397
5680000	-4356.496665096725	-938.1392416116211	-3418.357423485104	417.0	4.6112942087958075E-5	1.810158476477357E-5	1.810158476477357E-5	2.4557221169352888E-5	-0.5379173739310885	30515.78351183901	-22493.751963776835	-22493.751963776835	57301.782972343484	3837.7542649358684	-3418.357423485104
5690000	-4274.455989260253	-901.107598428703	-3373.34839083155	700.0	5.270577784282974E-5	2.1939296997329214E-5	2.1939296997329214E-5	2.649349212749031E-5	-0.5871161007399582	28953.770515165772	-23976.65688871607	-23976.656888716072	57600.22080672232	3700.0595061561944	-3373.34839083155
5700000	-4397.604565005604	-907.1151266147867	-3490.489438390817	752.0	4.184448823487025E-5	1.3920856544704524E-5	1.3920856544704524E-5	1.8387298966016316E-5	-0.5018660976407048	31943.64164448623	-24184.24009258846	-24184.240092588465	72695.03473251079	3952.029848469475	-3490.489438390817
5710000	-4449.610478995417	-999.5015574883261	-3450.1089215070906	400.0	5.741386385283769E-5	2.175338240200898E-5	2.175338240200898E-5	2.677820842516947E-5	-0.5547887527786801	25162.03182627974	-20440.475017518635	-20440.47501751864	53948.69763493714	3860.6198684409514	-3450.1089215070906
5720000	-4241.64075375822	-897.1355602062255	-3344.5051935519946	252.0	4.620760031639253E-5	1.6993913572122904E-5	1.6993913572122904E-5	2.662705768304708E-5	-0.48447916849337946	28279.143920317434	-18048.30760484178	-18048.30760484178	49074.56900098004	3656.2357619531535	-3344.5051935519946
5730000	-4179.221325432894	-817.9988034609498	-3361.222521971945	585.0	4.981763779889915E-5	1.9648865159943458E-5	1.9648865159943458E-5	2.4092976836910296E-5	-0.5671535768659228	29591.806463886587	-24133.398665675883	-24133.398665675886	61187.70238364936	3616.2986698622913	-3361.222521971945
5740000	-4150.010188123353	-779.032286039394	-3370.9779020839596	660.0	4.202939036653982E-5	1.6729242878755917E-5	1.6729242878755917E-5	2.4231717717032736E-5	-0.5242128233627948	32808.665482589444	-22650.649029321274	-22650.64902932127	56905.92078842636	3688.965517709587	-3370.9779020839596
5750000	-4181.271495233952	-771.8690716789696	-3409.4024235549823	836.0	3.95930076001591E-5	1.5941217048464185E-5	1.5941217048464185E-5	1.7576564115599542E-5	-0.6042897628061374	39785.18745964205	-36083.52033063749	-36083.5203306375	89620.20216825702	3871.943914724421	-3409.4024235549823
5760000	-4206.298425299255	-843.8040488695159	-3362.4943764297386	262.0	5.805322639092466E-5	1.9346978879086876E-5	1.9346978879086876E-5	1.9872500448822515E-5	-0.5696049033132314	25498.578914613314	-24824.277597990138	-24824.277597990134	74488.60188424923	3811.61160424031	-3362.4943764297386
5770000	-4132.234930267935	-802.5425362436698	-3329.6923940242655	340.0	4.8581085388366294E-5	1.727972886638197E-5	1.727972886638197E-5	2.3536066414470484E-5	-0.5110182102090564	27859.312978974984	-20453.773634169724	-20453.773634169724	57504.75202010322	3592.419943881162	-3329.6923940242655
5780000	-4142.97866636579	-817.3561542563626	-3325.622512109427	726.0	4.98641439553505E-5	1.6856549385223792E-5	1.6856549385223792E-5	2.1928497884510354E-5	-0.5097650444957623	27095.551286606107	-20828.489976286328	-20828.48997628633	61613.7264403908	3665.160310985979	-3325.622512109427
5790000	-4166.926125026729	-815.0504622797878	-3351.875662746941	41.0	5.176493802957799E-5	1.839376378364858E-5	1.839376378364858E-5	2.105822987729364E-5	-0.5571111167099891	28012.374049537808	-24468.010573005722	-24468.010573005726	68859.48226347512	3600.1616208824116	-3351.875662746941
5800000	-4308.907286168956	-822.9584854365879	-3485.9488007323675	979.0	5.293916505819547E-5	2.299978806400878E-5	2.299978806400878E-5	2.478283433750715E-5	-0.6349796447122007	31651.440414124347	-29374.21973336274	-29374.21973336274	67611.3476607903	3798.888104134386	-3485.9488007323675
5810000	-4343.23031049162	-886.5500418733983	-3456.680268618222	438.0	4.623756207066706E-5	1.7991092407398615E-5	1.7991092407398615E-5	2.4077700328584126E-5	-0.5392033330511902	30492.97154264553	-22784.64559792834	-22784.64559792834	58557.11488976183	3688.432555561432	-3456.680268618222
5820000	-4278.668490426844	-933.3697728838912	-3345.2987175429525	375.0	5.9489563570760716E-5	2.689643363653484E-5	2.689643363653484E-5	3.0843806525775205E-5	-0.627899766405574	27750.551190223156	-24199.051366807293	-24199.051366807293	53523.490292122384	3586.119904524052	-3345.2987175429525
5830000	-4158.0725167586725	-845.5625914059045	-3312.509925352768	140.0	5.273308541448837E-5	2.2820891099552954E-5	2.2820891099552954E-5	2.752637515055383E-5	-0.598985756097279	29574.160359291272	-24518.61856959843	-24518.618569598435	56656.0876889344	3661.7884546649875	-3312.509925352768
5840000	-4320.240105305362	-939.3831133361597	-3380.856991969202	10.0	4.2404447434131225E-5	1.5498874579987044E-5	1.5498874579987044E-5	2.2532191789021446E-5	-0.501409710133741	31502.53879617243	-21669.170151079077	-21669.170151079077	59286.18764353187	3746.1274332889834	-3380.856991969202
5850000	-4258.637260035624	-877.4011961510009	-3381.2360638846235	553.0	4.076305712745112E-5	1.4134640572690724E-5	1.4134640572690724E-5	1.9731238060048577E-5	-0.4983956319021466	32639.64633514501	-23381.688871371356	-23381.68887137136	67430.72908705463	3686.776083953714	-3381.2360638846235
5860000	-4272.93368634882	-848.485388201554	-3424.4482981472656	314.0	3.831659046775675E-5	1.5305013082783998E-5	1.5305013082783998E-5	2.1626566880573352E-5	-0.5316753005490635	36383.07239745134	-25748.118141445273	-25748.11814144527	64461.23847165745	3806.6047370820716	-3424.4482981472656
5870000	-4304.753224370236	-890.537449162466	-3414.2157752077705	52.0	4.426085362222406E-5	1.0928293937097004E-5	1.0928293937097004E-5	1.9954781021103913E-5	-0.3677214735210116	26126.071824703384	-14308.019317280989	-14308.019317280989	57949.132066844286	3634.7964608353996	-3414.2157752077705
5880000	-4251.1507220546455	-884.91745518313	-3366.2332668715158	316.0	4.6316495021219086E-5	1.7618979942666946E-5	1.7618979942666946E-5	2.485710681316516E-5	-0.5192632992967143	29561.33123464893	-20953.383916182822	-20953.383916182825	55081.92330030392	3702.247495092812	-3366.2332668715158
5890000	-4230.991669628204	-869.3981834452098	-3361.593486182994	843.0	4.917064868637256E-5	1.8285193981843716E-5	1.8285193981843716E-5	2.2097259253271766E-5	-0.5547245641346604	29377.29906488954	-24309.33202653206	-24309.33202653206	65370.136410030536	3739.78801203749	-3361.593486182994
5900000	-4211.891312116766	-834.0401285569735	-3377.851183559793	51.0	4.606351966514664E-5	1.8497869783004957E-5	1.8497869783004957E-5	2.2552569206067714E-5	-0.5739117895895087	32371.51126131953	-26551.47599901214	-26551.475999012142	66118.66399572422	3912.0876166830167	-3377.851183559793
5910000	-4292.6333584485365	-894.4904367135587	-3398.1429217349773	627.0	4.794465079847929E-5	1.71533190632344E-5	1.71533190632344E-5	2.2633065550984066E-5	-0.5207225620205447	28616.91844380716	-21688.40679436103	-21688.406794361035	60620.518180633335	3544.1115690154047	-3398.1429217349773
5920000	-4232.151712740388	-879.3908472629274	-3352.76086547746	950.0	4.8040407151223544E-5	1.6490685743406598E-5	1.6490685743406598E-5	2.2969979062972266E-5	-0.4964266365210339	27623.273309353328	-19831.39462600071	-19831.394626000707	57772.507889223336	3600.021681222422	-3352.76086547746
5930000	-4233.202584156071	-894.2873956567257	-3338.915188499345	156.0	5.24645359684435E-5	2.2581372227978522E-5	2.2581372227978522E-5	2.8310652589843887E-5	-0.5859255973218032	29025.049637234195	-23151.19539240379	-23151.195392403788	53788.43726212135	3679.598655787786	-3338.915188499345
5940000	-4421.613946469937	-976.2341524256168	-3445.3797940443205	975.0	4.4409454916773124E-5	1.3730741498768511E-5	1.3730741498768511E-5	1.906443982723254E-5	-0.4718937715873295	28968.552855210204	-20863.960045661832	-20863.960045661832	67480.48480238859	3852.0785230579645	-3445.3797940443205
5950000	-4295.234112135803	-886.0622077964001	-3409.1719043394028	419.0	4.405495685735612E-5	1.5181394645395435E-5	1.5181394645395435E-5	2.1146710719201475E-5	-0.49738521067557273	30160.35276513159	-21652.361166318355	-21652.361166318355	62833.083476383195	3804.230713818991	-3409.1719043394028
5960000	-4219.833287496725	-876.098322577416	-3343.7349649193084	384.0	5.838485425269933E-5	2.1203413887172622E-5	2.1203413887172622E-5	2.4478456335124173E-5	-0.560871893592957	24988.56426531793	-21645.27302334321	-21645.273023343205	59601.539518705	3706.9375491725445	-3343.7349649193084
5970000	-4309.984366644527	-936.2293538521853	-3373.755012792342	170.0	4.658911596595204E-5	1.907303125409557E-5	1.907303125409557E-5	2.708670964799605E-5	-0.5369073624579462	30157.821250893507	-21235.54594665485	-21235.545946654853	51871.42513052626	3703.671430126061	-3373.755012792342
5980000	-4139.92568617937	-812.5506298240172	-3327.375056355353	321.0	5.079400932952943E-5	2.1627208860657795E-5	2.1627208860657795E-5	2.5385639072399406E-5	-0.6022824059995252	30893.964147764764	-26320.007672520253	-26320.007672520253	61815.59182624077	3628.612221189242	-3327.375056355353
5990000	-4260.441423570872	-837.6388678390286	-3422.802555731843	78.0	4.0770917891116946E-5	1.5202294642170392E-5	1.5202294642170392E-5	2.1877953872764898E-5	-0.5090149639564779	33104.551498983776	-23003.300437110443	-23003.300437110443	61692.37575125881	3791.173727002763	-3422.802555731843
6000000	-4275.454652248285	-886.3390256371204	-3389.1156266111648	860.0	4.377799956551869E-5	1.7077637611310636E-5	1.7077637611310636E-5	2.3139436769993243E-5	-0.5365663652833823	32077.847209262323	-23674.46776842763	-23674.467768427632	60688.771085860404	3662.6943711104445	-3389.1156266111648
6010000	-4335.0563991532335	-942.5917420637593	-3392.4646570894743	923.0	4.3349962480715985E-5	1.4522722549344967E-5	1.4522722549344967E-5	2.1355695893017054E-5	-0.47730591187358573	29873.99130086997	-20315.502209691127	-20315.502209691127	60641.26444436791	3721.1175857350468	-3392.4646570894743
6020000	-4239.104336017905	-929.4427065225805	-3309.6616294953246	352.0	5.3982488950312976E-5	2.41742273317328E-5	2.41742273317328E-5	2.8409427820867598E-5	-0.6172980515033754	29929.28616599516	-25467.509314700335	-25467.509314700335	56870.464619489394	3732.888994778419	-3309.6616294953246
6030000	-4377.031756266518	-927.3233238743222	-3449.7084323921954	720.0	4.2694060040161693E-5	1.915077976468763E-5	1.915077976468763E-5	2.2977819970691373E-5	-0.6114322226189717	37407.07209409553	-31176.787015894668	-31176.787015894668	69504.40833591047	3937.798477657378	-3449.7084323921954
6040000	-4322.763214768946	-956.698223165778	-3366.0649916031684	911.0	5.3481959704694354E-5	1.9228599900483696E-5	1.9228599900483696E-5	2.2790608488830588E-5	-0.5507646353710461	26839.4036320257	-22644.59741216379	-22644.59741216379	62983.13203219259	3782.491996895067	-3366.0649916031684
6050000	-4308.778231065226	-884.6934319143129	-3424.084799150913	533.0	4.660177292904755E-5	1.696459032370481E-5	1.696459032370481E-5	2.0185790092285E-5	-0.5531198956487386	30917.29983251153	-25983.59158476382	-25983.591584763824	71376.99241827823	3756.8104448756467	-3424.084799150913
6060000	-4231.83382687226	-844.6849935801921	-3387.148833292068	903.0	4.9273373966493305E-5	1.8943547124639253E-5	1.8943547124639253E-5	2.3899707348797576E-5	-0.5520251449600811	29190.081521531232	-23136.839158953495	-23136.839158953495	60180.39392416229	3652.3660641150404	-3387.148833292068
6070000	-4335.774048246	-933.1122117402026	-3402.6618365057975	96.0	4.6444241115117284E-5	1.7552433340734834E-5	1.7552433340734834E-5	2.493846480901802E-5	-0.5157467967357678	29333.843299778153	-20646.031465446536	-20646.03146544654	54629.990317419615	3774.2259405027585	-3402.6618365057975
6080000	-4248.847851032357	-845.0907305496877	-3403.7571204826686	181.0	4.255288855349727E-5	1.7197164914745873E-5	1.7197164914745873E-5	2.0643253893847094E-5	-0.5802341101143649	35427.652571590195	-29513.524706371572	-29513.524706371572	73028.64942431566	3836.6270974686154	-3403.7571204826686
6090000	-4223.357773622092	-891.4372944879783	-3331.9204791341135	972.0	5.2531635122650716E-5	2.231950757836556E-5	2.231950757836556E-5	2.573334048635535E-5	-0.6070522401716048	30144.929268896114	-26145.846771163324	-26145.846771163328	61537.38283575817	3799.720614403374	-3331.9204791341135
6100000	-4254.759866327556	-892.1994949567237	-3362.560371370832	320.0	5.2891371577182095E-5	2.1836206955825357E-5	2.1836206955825357E-5	2.611641885394801E-5	-0.5875271961103297	28873.449888983636	-24141.389017782152	-24141.389017782156	58474.95306817385	3668.270934591212	-3362.560371370832
6110000	-4452.870081779018	-963.8006241984789	-3489.069457580539	97.0	3.881210785111709E-5	1.0426995509041722E-5	1.0426995509041722E-5	1.8308313808438902E-5	-0.39115726231206105	30419.453893846745	-17324.561532938194	-17324.56153293819	64486.72104122808	3838.4124934842253	-3489.069457580539
6120000	-4362.848089233899	-978.4830124209374	-3384.3650768129623	40.0	4.8818541100033635E-5	1.92549028643519E-5	1.92549028643519E-5	2.4955034583857514E-5	-0.5516579048208595	29444.8745249041	-22719.19106843484	-22719.191068434844	57601.8363087824	3826.0641659955095	-3384.3650768129623
6130000	-4350.662314974426	-933.5320829986163	-3417.1302319758097	767.0	5.0086580054629886E-5	1.8094764108290347E-5	1.8094764108290347E-5	2.336664283433449E-5	-0.5289249775288872	27720.58352670718	-21466.387936691026	-21466.387936691026	59419.2856806688	3655.531710557525	-3417.1302319758097
6140000	-4533.756280390175	-999.6827665826886	-3534.0735138074856	88.0	2.8246929695926537E-5	1.318160782960045E-5	1.318160782960045E-5	2.138971452297197E-5	-0.5362660061977972	49692.7918877554	-30623.63894192496	-30623.63894192496	65623.54057321491	3925.623028450264	-3534.0735138074856
6150000	-4298.17638452287	-874.5870756758618	-3423.589308847008	254.0	4.641201311884483E-5	1.7792591956773538E-5	1.7792591956773538E-5	2.0982517109582076E-5	-0.5701580007283539	31924.006432432838	-27070.67112640637	-27070.671126406367	70613.90192654873	3806.1666706799065	-3423.589308847008
6160000	-4203.632919109315	-813.1391645454004	-3390.4937545639145	790.0	4.4744100080173685E-5	1.6223953954315634E-5	1.6223953954315634E-5	2.167786537006448E-5	-0.5209314273267666	30673.046054155817	-22956.046562980693	-22956.046562980693	63310.56213247635	3716.2382797120868	-3390.4937545639145
6170000	-4257.411669599393	-886.5042634861361	-3370.9074061132565	133.0	4.533109920950827E-5	1.7671083480709088E-5	1.7671083480709088E-5	2.2605742806462706E-5	-0.5520210799518301	31728.4280301213	-24802.356871531483	-24802.35687153148	63624.7404524121	3781.9730184461937	-3370.9074061132565
6180000	-4283.753429076285	-921.4475212502725	-3362.305907826013	222.0	5.87523403325161E-5	2.4932474179341064E-5	2.4932474179341064E-5	2.908960997047864E-5	-0.6030923828892627	26750.18839059855	-22927.374482433926	-22927.374482433926	54027.40613842295	3861.017046569076	-3362.305907826013
6190000	-4294.306338796086	-916.149638139941	-3378.1567006561445	22.0	4.4107404462443894E-5	1.9560682947688103E-5	1.9560682947688103E-5	2.83168099455608E-5	-0.5534853112447318	32684.782287043847	-22577.990414887994	-22577.990414887994	50911.13422991949	3620.227752613693	-3378.1567006561445
6200000	-4258.585391867919	-872.1191383991641	-3386.466253468755	73.0	5.091631878795841E-5	1.945557858650241E-5	1.945557858650241E-5	2.3614277684254827E-5	-0.5610845618650405	28663.928872365526	-23615.938129924678	-23615.938129924678	61804.2084409741	3753.5566617994273	-3386.466253468755
6210000	-4132.0077662543035	-821.4695433525557	-3310.5382229017478	250.0	5.134539765267689E-5	2.177483060811281E-5	2.177483060811281E-5	3.10341904616778E-5	-0.545486257466639	27725.942085027822	-19453.63108785882	-19453.63108785882	45871.97218528248	3510.940358513513	-3310.5382229017478
6220000	-4198.706769798229	-890.2492365037725	-3308.4575332944564	798.0	6.133504237080554E-5	2.7760702877289986E-5	2.7760702877289986E-5	3.0728843976537265E-5	-0.6394447291675851	27581.80614793695	-24917.64174000571	-24917.64174000571	55053.52723450201	3658.2559483559153	-3308.4575332944564
6230000	-4190.314043153448	-824.3527935435918	-3365.961249609856	929.0	4.430593445205512E-5	1.8007448639651277E-5	1.8007448639651277E-5	2.2274191990879135E-5	-0.5732185749100693	33615.80568363201	-27176.51417283169	-27176.514172831685	66865.71094394333	3780.132736253373	-3365.961249609856
6240000	-4274.8794722189605	-887.3614014232451	-3387.518070795715	990.0	5.126236376513395E-5	1.7480846970052383E-5	1.7480846970052383E-5	2.277301171652876E-5	-0.5116263717857844	26424.37399862121	-20283.678061521594	-20283.678061521594	59481.63067075183	3637.0414413369426	-3387.518070795715
6250000	-4188.193074265675	-860.1698308716285	-3328.0232433940464	436.0	5.204131177041298E-5	1.9836816124139993E-5	1.9836816124139993E-5	2.5638154531644636E-5	-0.5430683210875447	27253.064310965616	-21086.308099466303	-21086.308099466303	55319.317728408154	3664.969074534563	-3328.0232433940464
6260000	-4290.998766722902	-901.7942750348817	-3389.20449168802	357.0	4.884176278531305E-5	2.0708131693826812E-5	2.0708131693826812E-5	2.5651840950300636E-5	-0.5850405705792591	31128.819362745468	-25129.56836454751	-25129.56836454751	59270.07009156804	3760.3517962799397	-3389.20449168802
6270000	-4298.671454240672	-905.8850848935194	-3392.7863693471527	678.0	4.486596809205746E-5	1.5672116108932204E-5	1.5672116108932204E-5	2.269306990774986E-5	-0.4911594376478886	29374.951038050196	-20286.706260280018	-20286.70626028002	58076.56792741051	3730.2023296086704	-3392.7863693471527
6280000	-4307.42011465113	-942.7797029597203	-3364.640411691409	903.0	5.159676839361653E-5	2.09277063532702E-5	2.09277063532702E-5	2.867144310125382E-5	-0.5441086193606309	27532.032258977193	-20096.033687241936	-20096.033687241936	49546.2989726493	3569.5723431823485	-3364.640411691409
6290000	-4208.182101654358	-793.3660158866114	-3414.816085767747	673.0	4.377988186302367E-5	1.8678527454934255E-5	1.8678527454934255E-5	2.0682345557131645E-5	-0.6207338762599467	37159.48204958661	-33559.269366090215	-33559.26936609021	78658.28030617577	3875.414603620786	-3414.816085767747
6300000	-4211.00881209666	-820.115025080633	-3390.8937870160275	377.0	4.999808501696198E-5	1.9768395153787727E-5	1.9768395153787727E-5	2.446341129067942E-5	-0.5652443368277601	29391.330089316518	-23750.548130725703	-23750.5481307257	60069.71812337246	3764.5268579802582	-3390.8937870160275
6310000	-4302.107265085181	-890.5102466416564	-3411.597018443525	867.0	4.4855964600026336E-5	1.930549597092913E-5	1.930549597092913E-5	2.497768157381574E-5	-0.5767595587141816	33406.20705978103	-25819.98629018893	-25819.986290188925	59992.26296749418	3786.662152039567	-3411.597018443525
6320000	-4318.894250721438	-888.4931089405148	-3430.401141780923	410.0	4.205084138520295E-5	1.5237916091512322E-5	1.5237916091512322E-5	2.14058171644461E-5	-0.5078931166762739	32047.58525979775	-22813.35075287332	-22813.350752873324	62956.1541232287	3824.934483846158	-3430.401141780923
6330000	-4165.900512295867	-839.4482667823413	-3326.4522455135257	817.0	5.137465634312953E-5	2.0690181400315084E-5	2.0690181400315084E-5	2.3272729511458488E-5	-0.5983649861473127	30321.00178956047	-26956.314984729477	-26956.31498472948	66933.74948353716	3609.661856737224	-3326.4522455135257
6340000	-4156.180044208626	-791.0964035173852	-3365.0836406912404	901.0	4.8187585179201236E-5	2.05141064193422E-5	2.05141064193422E-5	2.3108618861126613E-5	-0.6147492785944505	33359.24992739285	-29613.85131636582	-29613.85131636582	69562.86340827792	3717.6100683131685	-3365.0836406912404
6350000	-4147.615115313038	-859.6970181109577	-3287.9180972020804	804.0	6.010175805010866E-5	2.151412390020055E-5	2.151412390020055E-5	2.3893931170385905E-5	-0.5677227180301498	24551.676907582532	-22106.358940302092	-22106.35894030209	61756.223147274315	3476.2938510220542	-3287.9180972020804
6360000	-4347.295488022157	-856.0687486121034	-3491.2267394100536	142.0	4.768900952593628E-5	2.0456605278370416E-5	2.0456605278370416E-5	2.023022012789512E-5	-0.6586036144996122	37032.25610874121	-37446.66350612079	-37446.66350612079	87296.7077556175	3943.562538749458	-3491.2267394100536
6370000	-4472.425332671475	-963.1888360003963	-3509.236496671079	972.0	3.6687870311717316E-5	1.2938652299273299E-5	1.2938652299273299E-5	1.9362775069964967E-5	-0.4854494248615138	35660.83926129577	-23829.394197627007	-23829.39419762701	67568.83976072463	3828.8888312589006	-3509.236496671079
6380000	-4241.988168343132	-827.6504079132345	-3414.3377604298976	754.0	4.3213868280350574E-5	1.698310860992154E-5	1.698310860992154E-5	1.9433481533962883E-5	-0.5860441149020129	35245.81295510486	-30801.658900666476	-30801.65890066648	78375.45299404633	3702.0389427277255	-3414.3377604298976
6390000	-4306.526635506667	-913.2905594779747	-3393.2360760286924	777.0	5.106253052430025E-5	2.4577604380056376E-5	2.4577604380056376E-5	2.5681243060570017E-5	-0.6787039266838837	36309.32223880871	-34748.94712801398	-34748.94712801398	72194.55346312476	3863.4859041334803	-3393.2360760286924
6400000	-4243.358368375685	-883.0614354034645	-3360.2969329722205	399.0	5.462970180150738E-5	1.9716164482203447E-5	1.9716164482203447E-5	2.5585959410481958E-5	-0.527359974103795	25357.08154894475	-19539.79456415559	-19539.79456415559	54141.01466165278	3763.8456780096203	-3360.2969329722205
6410000	-4223.199796453924	-799.3127540658057	-3423.887042388118	99.0	4.1826781933339545E-5	1.8536723872907576E-5	1.8536723872907576E-5	2.2963268363911778E-5	-0.5981207977962975	37225.489135731346	-30049.668984725715	-30049.668984725708	67804.91312330322	3642.012994819918	-3423.887042388118
6420000	-4225.159595489153	-879.497054315375	-3345.6625411737778	661.0	5.611965258557135E-5	2.1340533543529394E-5	2.1340533543529394E-5	2.673768937872828E-5	-0.5509165884782402	25584.066298705806	-20419.775893640795	-20419.775893640795	53698.31671213332	3639.9307310595577	-3345.6625411737778
6430000	-4168.551422692406	-793.5503626535375	-3375.0010600388687	754.0	4.7226411662551125E-5	1.7834858885257497E-5	1.7834858885257497E-5	1.988255629236951E-5	-0.5820242673674777	32022.17619613595	-28724.223649054442	-28724.223649054442	76061.26964417784	3563.692025363809	-3375.0010600388687
6440000	-4207.884808948782	-877.1345666208629	-3330.7502423279193	522.0	5.641167244858961E-5	1.790103766442128E-5	1.790103766442128E-5	2.4314977286481116E-5	-0.48334450374148075	23130.655683751538	-17029.12298535484	-17029.12298535484	53664.00126881371	3722.6243170047373	-3330.7502423279193
6450000	-4307.251406248734	-835.2490785657542	-3472.00232768298	751.0	3.511350671668955E-5	1.0315274876718672E-5	1.0315274876718672E-5	1.648550683294878E-5	-0.42873856656871034	34892.98493608539	-21833.161366052067	-21833.161366052067	74320.73962505076	3762.0309066158047	-3472.00232768298
6460000	-4306.917124163449	-867.7383586864754	-3439.178765476974	1.0	4.547235860203103E-5	1.5692271540768307E-5	1.5692271540768307E-5	1.9599828737702568E-5	-0.525637009431862	30387.187459265526	-24328.98793925473	-24328.98793925473	70499.44688531141	3862.0085886455786	-3439.178765476974
6470000	-4112.310003795707	-758.9823178775579	-3353.3276859181497	7.0	4.406772023173857E-5	1.8636542120751965E-5	1.8636542120751965E-5	2.4086771203954768E-5	-0.5720259746023127	33728.908495289885	-26096.906826443035	-26096.90682644304	61708.39963175732	3648.7939082432517	-3353.3276859181497
6480000	-4252.513442070855	-855.725772584764	-3396.78766948609	869.0	4.7496251602094465E-5	1.9061036188530545E-5	1.9061036188530545E-5	2.1423037391126506E-5	-0.5975528398821728	32747.380407216162	-29136.811537287835	-29136.81153728784	72603.04833220711	3790.5977336741803	-3396.78766948609
6490000	-4315.068792222965	-875.0696558534022	-3439.999136369563	968.0	4.255659690634921E-5	1.6845879293717375E-5	1.6845879293717375E-5	2.100326962613833E-5	-0.5634647925398423	34429.104446071346	-27614.202360546617	-27614.202360546613	69759.87766850581	3805.1742839666795	-3439.999136369563
6500000	-4460.995321367131	-920.2859268922566	-3540.7093944748735	439.0	3.397682367704662E-5	1.3409414419216869E-5	1.3409414419216869E-5	1.7636963443734557E-5	-0.5477804359563573	42049.276115603185	-31970.138808815635	-31970.13880881564	81006.0555426754	3927.980440514881	-3540.7093944748735
6510000	-4247.26283727131	-958.5930774660309	-3288.6697598052788	945.0	5.5389701124239024E-5	2.111276644362416E-5	2.111276644362416E-5	2.6418010215147037E-5	-0.5519256536495283	25962.707836250484	-20748.89752584481	-20748.897525844808	54435.08484228394	3744.9050425595738	-3288.6697598052788
6520000	-4184.185084709343	-797.4426046037682	-3386.7424801055745	259.0	3.856361949578257E-5	1.299486643664135E-5	1.299486643664135E-5	2.0475833463249327E-5	-0.46244717552687825	32985.33314768703	-20933.946322216772	-20933.946322216772	62123.665868454766	3724.477317781633	-3386.7424801055745
6530000	-4355.673812806548	-934.6364477139409	-3421.0373650926076	871.0	4.5856631718697436E-5	1.4628907263387833E-5	1.4628907263387833E-5	2.005506697240652E-5	-0.482390507012095	28420.58352598465	-20731.024301491416	-20731.024301491416	64984.68610325317	3677.872895165106	-3421.0373650926076
6540000	-4311.880915048893	-974.3482955186684	-3337.532619530225	665.0	5.3967448303394787E-5	2.2051593378434573E-5	2.2051593378434573E-5	2.7843807125442993E-5	-0.5688656694053319	27394.901905412924	-21696.071759822502	-21696.071759822502	53097.37083353042	3547.4338235906494	-3337.532619530225
6550000	-4335.900973966036	-953.997029866745	-3381.903944099291	993.0	5.2373265679062634E-5	1.811630782833057E-5	1.811630782833057E-5	2.1426682652644937E-5	-0.540800887263591	26986.26527560057	-22816.947298625277	-22816.94729862528	65962.56004147354	4035.2892392850695	-3381.903944099291
6560000	-4330.466329654712	-981.8573829332092	-3348.608946721503	742.0	6.123158489853161E-5	1.9030913168766354E-5	1.9030913168766354E-5	2.4444330089645015E-5	-0.4919067788747976	21544.648416849144	-16773.392102340487	-16773.392102340484	53968.05573347054	3682.7654396495477	-3348.608946721503
6570000	-4265.303609264758	-843.3709836321832	-3421.9326256325744	423.0	4.526003258106846E-5	1.2719390671796155E-5	1.2719390671796155E-5	1.7727819419944202E-5	-0.4490360573273148	27674.69017377086	-19856.09102296563	-19856.091022965626	70654.90398253316	3906.760405959011	-3421.9326256325744
6580000	-4263.434856266627	-889.5204538639329	-3373.9144024026946	355.0	4.803603211593248E-5	1.7900522720673198E-5	1.7900522720673198E-5	2.215003828942603E-5	-0.5487757465985803	29788.723915391343	-24073.715914156157	-24073.71591415616	64601.78894478397	3782.319013782145	-3373.9144024026946
6590000	-4333.9937594358835	-897.3507383538831	-3436.643021082	413.0	5.678933142089308E-5	2.7487259556256092E-5	2.7487259556256092E-5	3.159440883727885E-5	-0.6489226733605817	30417.966116774296	-26463.74977710108	-26463.74977710108	54674.735895573416	3761.2969007454603	-3436.643021082
6600000	-4262.030039090696	-892.1107586167138	-3369.919280473982	754.0	4.3791637576212937E-5	1.6812673850629444E-5	1.6812673850629444E-5	2.24080532915035E-5	-0.5367093126051605	32074.767758792248	-24065.57152234782	-24065.571522347815	62683.11605483449	3557.9616664796827	-3369.919280473982
6610000	-4332.083466252156	-913.3841230684745	-3418.6993431836813	312.0	4.2010157213940114E-5	1.6525874109577047E-5	1.6525874109577047E-5	2.2655482706559337E-5	-0.5356740730269982	33382.87272725421	-24350.88933006536	-24350.88933006536	61902.001810752285	3816.5150057456794	-3418.6993431836813
6620000	-4439.037018084576	-953.0599548823701	-3485.977063202206	803.0	3.708261322156127E-5	1.5008672544028716E-5	1.5008672544028716E-5	1.888691415318665E-5	-0.5671221548516396	39752.22658337811	-31589.498784548185	-31589.498784548185	78049.61843587138	3915.690032313512	-3485.977063202206
6630000	-4343.392716530654	-955.9804661414909	-3387.4122503891635	596.0	5.026683098546037E-5	2.0112319912538426E-5	2.0112319912538426E-5	2.6636862793758985E-5	-0.5496419583702331	28505.53554330188	-21523.272262357015	-21523.27226235701	53793.23189819911	3703.251808228258	-3387.4122503891635
6640000	-4259.607479130218	-929.1514484294626	-3330.4560307007555	181.0	6.110156181473221E-5	2.873594024097913E-5	2.873594024097913E-5	2.9535395437666682E-5	-0.6764377888375793	30171.885589496225	-29355.20206889493	-29355.202068894927	62418.305395787625	3768.8548757498183	-3330.4560307007555
6650000	-4210.399904341791	-832.0458712919783	-3378.354033049812	562.0	4.0460619894579335E-5	1.4836529562333141E-5	1.4836529562333141E-5	2.1581213951255898E-5	-0.5020860152330399	33045.95754756103	-22718.245932660495	-22718.245932660495	61954.8061756027	3731.2256048254626	-3378.354033049812
6660000	-4183.43425328278	-847.0179090050774	-3336.416344277703	134.0	5.718834832857136E-5	2.3362678327387588E-5	2.3362678327387588E-5	2.523856860007069E-5	-0.6149453081428905	28119.798711875126	-26029.75716834378	-26029.75716834378	63716.95911706826	3699.4046486172006	-3336.416344277703
6670000	-4217.722268252419	-838.9491545536744	-3378.7731136987445	265.0	4.890724112572973E-5	1.806985065744721E-5	1.806985065744721E-5	2.0971928276331602E-5	-0.5642204187961766	29995.907611865776	-25845.099398547467	-25845.099398547467	69951.46402509256	3723.4229869953097	-3378.7731136987445
6680000	-4326.179604002959	-899.2457025534957	-3426.9339014494635	304.0	4.532507788487606E-5	1.40253087606121E-5	1.40253087606121E-5	1.792857978748551E-5	-0.4920057826555201	29109.327081241114	-22771.87066501678	-22771.870665016784	73591.02242189534	3758.725025031506	-3426.9339014494635
6690000	-4216.110980385419	-814.331030692467	-3401.779949692952	900.0	4.4325070572536875E-5	1.6251967494554582E-5	1.6251967494554582E-5	2.032089882301215E-5	-0.5415141013535053	31921.043460458768	-25529.37078374478	-25529.370783744784	69627.94886472065	3793.8751473420944	-3401.779949692952
6700000	-4161.031012979396	-847.3219591897914	-3313.7090537896047	281.0	5.336825061566261E-5	2.057033470055339E-5	2.057033470055339E-5	2.691593347184648E-5	-0.5427441505675085	26562.18851449218	-20299.987317691033	-20299.987317691037	52666.85381819103	3687.557426257181	-3313.7090537896047
6710000	-4258.238671003584	-883.0752419515896	-3375.163429051995	957.0	5.173989092500191E-5	1.7660024693136465E-5	1.7660024693136465E-5	2.139754478757348E-5	-0.5307580380413476	26907.36070048387	-22207.43824186951	-22207.43824186951	65062.78741527497	3721.0079742565777	-3375.163429051995
6720000	-4102.519370648665	-784.27113356703	-3318.248237081635	406.0	4.311209937373761E-5	1.9679930903943712E-5	1.9679930903943712E-5	2.8783829250293723E-5	-0.558662729132994	33719.26291503067	-23054.36008980437	-23054.36008980437	50504.33703455746	3653.155504337431	-3318.248237081635
6730000	-4201.040151810479	-828.3101114875674	-3372.7300403229115	514.0	4.701286548890998E-5	1.5504727366212473E-5	1.5504727366212473E-5	2.1892732165978104E-5	-0.4832877539649347	27752.947341179428	-19655.010570244816	-19655.01057024482	59597.20195633143	3654.8088057529635	-3372.7300403229115
6740000	-4190.027284083138	-777.0467022479774	-3412.98058183516	452.0	4.430744879928454E-5	1.592057768604075E-5	1.592057768604075E-5	2.0426614194634046E-5	-0.5292029506399595	31349.050832573084	-24433.564682233515	-24433.564682233515	67999.34886102082	3781.460600837239	-3412.98058183516
6750000	-4346.930157187625	-896.5452244560721	-3450.3849327315525	404.0	4.151652231927765E-5	1.3934293546039954E-5	1.3934293546039954E-5	1.8380830065755876E-5	-0.504419551651386	32306.945543952846	-24491.519761344025	-24491.519761344025	72971.2434609818	3745.6114715998647	-3450.3849327315525
6760000	-4291.122584236087	-858.3810022512214	-3432.741581984866	768.0	4.2323987669304836E-5	1.525051278237361E-5	1.525051278237361E-5	2.0795015548306593E-5	-0.5140573017516986	32113.382190565757	-23551.102640187913	-23551.102640187913	65360.20079888135	3677.128277776674	-3432.741581984866
6770000	-4361.592415950705	-909.6484881605772	-3451.9439277901274	608.0	4.5359229026204635E-5	1.603880172017571E-5	1.603880172017571E-5	2.0125888196769193E-5	-0.5308374551172882	30696.00965692635	-24462.38435166672	-24462.38435166671	69181.90733279662	3996.15417164342	-3451.9439277901274
6780000	-4255.477516468982	-877.1570764555537	-3378.320440013428	94.0	5.021600446044933E-5	1.5452136122127764E-5	1.5452136122127764E-5	2.224284482603198E-5	-0.4623515119498718	25328.393134620055	-17595.670946409937	-17595.670946409937	57182.01572559343	3624.2560050436114	-3378.320440013428
6790000	-4264.131259431371	-958.0948487764758	-3306.036410654896	191.0	6.13666742158342E-5	2.6398205411769273E-5	2.6398205411769273E-5	3.0469077515567793E-5	-0.6104898636275112	25977.0992158788	-22506.385391953674	-22506.385391953674	52319.54212721854	3698.463010492313	-3306.036410654896
6800000	-4345.4054359418915	-914.2687000308554	-3431.1367359110363	135.0	4.9494491408198866E-5	2.0612361810327743E-5	2.0612361810327743E-5	2.355706684666269E-5	-0.6036548815065157	31787.67102745803	-27814.11542407122	-27814.11542407122	66787.37301193606	3885.983503679319	-3431.1367359110363
6810000	-4334.350454630562	-940.4966054702921	-3393.85384916027	507.0	5.11066806871376E-5	1.970297096715046E-5	1.970297096715046E-5	2.613989662296567E-5	-0.5390647664382503	27581.98528131145	-20789.94661121176	-20789.94661121176	53926.13960266635	3699.7914589420807	-3393.85384916027
6820000	-4415.038469329012	-950.7225307226322	-3464.3159386063794	725.0	4.198834968582763E-5	1.6410809868433665E-5	1.6410809868433665E-5	2.1621935953117566E-5	-0.5446510219855675	33860.74056604312	-25699.926992595287	-25699.926992595287	65755.28752794734	3857.8432752746917	-3464.3159386063794
6830000	-4221.635425653765	-877.8688400093405	-3343.766585644425	74.0	5.0779394830529134E-5	2.0181834927717806E-5	2.0181834927717806E-5	2.4280847824580762E-5	-0.5747579216550729	29407.793858359815	-24443.26678893548	-24443.26678893548	61501.55819174929	3735.58881439147	-3343.766585644425
6840000	-4259.53767018172	-911.88358824633	-3347.6540819353904	285.0	5.3918083004365304E-5	2.0785405432179902E-5	2.0785405432179902E-5	2.4009738615319216E-5	-0.5776936084641479	27836.53895510374	-24098.29433300594	-24098.294333005935	62511.834967578514	3637.4288577254465	-3347.6540819353904
6850000	-4288.0173895151665	-916.1616436121915	-3371.855745902975	785.0	5.1422226879557855E-5	1.9118310214987696E-5	1.9118310214987696E-5	2.34738189228256E-5	-0.550278049316973	27893.013449967457	-22717.53419077288	-22717.53419077288	61103.00461524275	3777.2228504933137	-3371.855745902975
6860000	-4308.398029850961	-913.6420451581154	-3394.755984692846	205.0	4.041503478290692E-5	1.6290618037061786E-5	1.6290618037061786E-5	2.2012103946328018E-5	-0.5461793861786094	35262.487506435704	-26096.901795697486	-26096.90179569749	64743.22775230015	3820.731697827739	-3394.755984692846
6870000	-4425.1679236949385	-984.3891092324606	-3440.7788144624783	650.0	5.56761508428765E-5	2.0529560916958534E-5	2.0529560916958534E-5	2.2704456487874656E-5	-0.5774169181856532	26944.628291446337	-24363.559999309757	-24363.55999930976	66073.95292465923	3852.332316299978	-3440.7788144624783
6880000	-4227.621357238237	-885.4962184963174	-3342.1251387419193	906.0	5.394941191759464E-5	2.3016002287322622E-5	2.3016002287322622E-5	2.554573788881266E-5	-0.6199794702180088	30109.026585679974	-27127.39901197183	-27127.399011971826	63586.50843356616	3563.5897372660593	-3342.1251387419193
6890000	-4349.52431586749	-941.6013141190396	-3407.9230017484506	649.0	5.931793090093192E-5	2.0871080728239415E-5	2.0871080728239415E-5	2.3434070100081697E-5	-0.559793792954747	24552.213756884914	-21866.932768761704	-21866.932768761704	62148.25307238165	3628.9791400893528	-3407.9230017484506
6900000	-4364.889776628506	-970.3804996338264	-3394.50927699468	126.0	5.1073265257079455E-5	2.1452082078890472E-5	2.1452082078890472E-5	2.4953210369320972E-5	-0.6009099895336556	30645.633527518316	-26345.814268459206	-26345.81426845921	62724.296671922864	3841.697608715099	-3394.50927699468
6910000	-4246.498941729	-878.8012553590399	-3367.69768636996	660.0	5.3275623011637384E-5	1.7579234734304177E-5	1.7579234734304177E-5	2.0995955922705692E-5	-0.5256151451337202	25935.561577823843	-21715.00676706563	-21715.006767065628	65809.49237567223	3655.670342753928	-3367.69768636996
6920000	-4223.84825439998	-835.233102801469	-3388.615151598511	910.0	4.876051752177442E-5	1.7336530228916977E-5	1.7336530228916977E-5	2.211652567247151E-5	-0.5279217756394285	28432.60195244407	-22287.527007411136	-22287.527007411132	62685.631831288374	3554.120019702797	-3388.615151598511
6930000	-4193.8641567879695	-831.4547499221359	-3362.4094068658337	418.0	5.126300914937273E-5	2.0612182203242055E-5	2.0612182203242055E-5	2.2545712086129894E-5	-0.6063033203062946	30846.549799174605	-28201.136534211277	-28201.13653421128	70136.92708133516	3809.7130291346907	-3362.4094068658337
6940000	-4212.431769977371	-851.3036847072676	-3361.128085270104	415.0	4.8554359537672166E-5	2.1541441141085456E-5	2.1541441141085456E-5	2.6636139867545308E-5	-0.5989974813853419	32120.10010289399	-25976.483426388768	-25976.483426388764	58550.93480276352	3577.1692627801294	-3361.128085270104
6950000	-4241.706354926026	-915.0480585566426	-3326.658296369383	597.0	5.834106514557632E-5	2.099779405166666E-5	2.099779405166666E-5	2.4485457003518097E-5	-0.5555618146078517	24792.881616905404	-21261.429674942647	-21261.429674942647	59073.56033218466	3639.4000513133988	-3326.658296369383
6960000	-4114.138884657674	-765.3892317652288	-3348.7496528924453	208.0	5.110501256899848E-5	2.37589607068145E-5	2.37589607068145E-5	2.536926535044137E-5	-0.6598447172679442	34657.06811353617	-32457.22365817636	-32457.22365817636	69814.78876431429	3608.746031777365	-3348.7496528924453
6970000	-4192.777646774696	-826.7599049510727	-3366.0177418236235	693.0	4.6722180022836764E-5	2.0707723372775268E-5	2.0707723372775268E-5	2.5019866833195168E-5	-0.6056591861168691	33802.73220574246	-27976.87263594143	-27976.87263594143	63123.33114759235	3689.26939678126	-3366.0177418236235
6980000	-4264.762331422657	-868.5758983075771	-3396.186433115079	766.0	4.410758895731437E-5	1.55303988980459E-5	1.55303988980459E-5	2.1415743190026356E-5	-0.5053117258307054	30445.886250551983	-22078.9329644096	-22078.932964409603	62705.95534624747	3794.1988849822137	-3396.186433115079
6990000	-4452.814260698042	-881.7549410818683	-3571.0593196161735	1.0	3.546747363008429E-5	8.767489629924976E-6	8.767489629924976E-6	1.677356380750878E-5	-0.35945742680730636	32378.4558969357	-16924.11818782884	-16924.11818782884	68463.80673100217	3805.1475638781003	-3571.0593196161735
7000000	-4255.659629190504	-823.2221985315671	-3432.4374306589375	158.0	4.252578656136087E-5	1.4571143421839939E-5	1.4571143421839939E-5	2.0493902188906713E-5	-0.493577240733579	31088.999259709803	-22104.2465646155	-22104.2465646155	64511.09870331895	3705.4979512007767	-3432.4374306589375
7010000	-4330.044030942555	-931.5446148971347	-3398.49941604542	230.0	4.7591350837583146E-5	2.0376050613804664E-5	2.0376050613804664E-5	2.480964284765999E-5	-0.5929877729299167	32407.98801220998	-26616.538097026587	-26616.53809702659	62166.954071035536	3758.120674714081	-3398.49941604542
7020000	-4225.997641787203	-817.0814603933253	-3408.916181393878	586.0	3.203933411340549E-5	1.2488162150593682E-5	1.2488162150593682E-5	1.7673410770541403E-5	-0.524803354850527	43075.39949166409	-30437.394373820858	-30437.394373820858	78089.46073285688	3821.3503139333916	-3408.916181393878
7030000	-4229.00714398102	-848.3779938400036	-3380.6291501410165	720.0	4.3569770348905294E-5	1.6622070983911506E-5	1.6622070983911506E-5	2.2957829849495917E-5	-0.5255657806987691	31710.84281006759	-22959.48195470125	-22959.48195470125	60181.39117949843	3813.998548313265	-3380.6291501410165
7040000	-4218.018088137716	-911.9083681177314	-3306.1097200199847	480.0	5.490913280558804E-5	2.057011320105804E-5	2.057011320105804E-5	2.481186500649253E-5	-0.5572944069489961	26416.159764869175	-21900.143199973332	-21900.143199973332	58459.4678539192	3520.8500526890184	-3306.1097200199847
7050000	-4230.502931289145	-805.7605650948761	-3424.7423661942685	184.0	4.4214803794641626E-5	1.6132520638228246E-5	1.6132520638228246E-5	1.911914286631439E-5	-0.5548609601646463	32677.21637417056	-27572.672647629974	-27572.672647629974	75569.11523918751	3800.5168857381623	-3424.7423661942685
7060000	-4283.968426830931	-937.7014643244968	-3346.266962506434	401.0	5.348936155869571E-5	2.4321616371089567E-5	2.4321616371089567E-5	2.8730771634732833E-5	-0.6204189891371892	30394.904545174464	-25730.363854548603	-25730.363854548603	56587.552169793955	3619.3723030545493	-3346.266962506434
7070000	-4205.961781571729	-863.58913695435	-3342.372644617379	577.0	5.140734317149239E-5	1.975673206895156E-5	1.975673206895156E-5	2.3792209816532372E-5	-0.5649176450275794	28570.108041621526	-23724.23470169202	-23724.23470169202	61730.850554356446	3759.7778757801493	-3342.372644617379
7080000	-4187.171206279734	-890.6634095961562	-3296.5077966835784	941.0	6.0886564273215E-5	2.0533230445744055E-5	2.0533230445744055E-5	2.4672059572164886E-5	-0.5297779087689178	22832.166252083312	-19001.986026269544	-19001.986026269544	56346.011727881785	3563.591120663947	-3296.5077966835784
7090000	-4151.369158195517	-846.8119464061541	-3304.5572117893635	40.0	4.935128376430881E-5	1.7803824592549535E-5	1.7803824592549535E-5	2.3104460030419893E-5	-0.5272494897221153	28064.64484572089	-21626.041613937403	-21626.041613937403	59946.272265275154	3632.569332066506	-3304.5572117893635
7100000	-4239.112724643888	-854.7469680941332	-3384.3657565497547	131.0	4.73895297202522E-5	1.6855754097420776E-5	1.6855754097420776E-5	2.3091283372308775E-5	-0.509545478247032	28501.824174288035	-20805.24204149886	-20805.24204149886	58493.41597914734	3725.077474972133	-3384.3657565497547
7110000	-4324.357197765725	-922.8497513664653	-3401.5074463992596	368.0	4.7910083855914746E-5	1.9308753154342138E-5	1.9308753154342138E-5	2.3841061337289107E-5	-0.571318085862236	30986.590906084766	-25095.880860151585	-25095.880860151585	62269.46643509841	3682.4039987283263	-3401.5074463992596
7120000	-4210.426364263501	-831.8972099364402	-3378.52915432706	105.0	4.615403136124768E-5	1.7791876867328544E-5	1.7791876867328544E-5	2.2136089058670973E-5	-0.5566298563282825	31393.414813872547	-25232.450471850552	-25232.450471850556	65455.67502984755	3779.8026327256484	-3378.52915432706
7130000	-4330.942103617498	-861.2585248376093	-3469.6835787798886	64.0	4.7350239054942656E-5	2.027914039772705E-5	2.027914039772705E-5	2.3047800557054206E-5	-0.6138661844577361	33890.06998689847	-29818.9619287885	-29818.9619287885	69624.9913954254	3667.120699261276	-3469.6835787798886
7140000	-4369.858075840505	-903.687616082392	-3466.1704597581133	981.0	3.949205149130997E-5	1.34467339113915E-5	1.34467339113915E-5	1.805420444755555E-5	-0.5035850000901134	33924.81007935741	-25267.127967711458	-25267.127967711454	74207.66450156661	3791.4339376731464	-3466.1704597581133
7150000	-4176.805931167514	-870.3044879004832	-3306.5014432670314	239.0	5.027219856204722E-5	2.0024881890240372E-5	2.0024881890240372E-5	2.628131801787248E-5	-0.5509122801343853	28559.704325761075	-21760.883740862297	-21760.883740862293	54630.40802450009	3682.436656310428	-3306.5014432670314
7160000	-4140.913536686014	-806.6447509699391	-3334.268785716075	541.0	5.698191741901179E-5	2.125323255173783E-5	2.125323255173783E-5	2.40891257388534E-5	-0.5736486099002784	26156.973671889806	-23077.643013075933	-23077.643013075933	61873.333630323534	3645.933809680296	-3334.268785716075
7170000	-4276.462890201674	-843.256975100009	-3433.2059151016647	449.0	4.214974708598217E-5	1.4469077330507449E-5	1.4469077330507449E-5	2.0066406618330238E-5	-0.49751771254344473	31529.15282637067	-22734.40178339742	-22734.401783397425	66227.39400949047	3763.2191703547337	-3433.2059151016647
7180000	-4311.341609090984	-953.0074972101768	-3358.334111880807	48.0	5.149891711542346E-5	2.042376626109307E-5	2.042376626109307E-5	2.644520304692218E-5	-0.553430806205704	27991.181426353945	-21617.73331100357	-21617.73331100357	54509.527859584836	3812.44668962176	-3358.334111880807
7190000	-4266.498904713706	-933.2447835274728	-3333.254121186233	206.0	5.973849728838822E-5	2.4929149954550765E-5	2.4929149954550765E-5	2.7963606399053323E-5	-0.6099352493148469	26656.34441352658	-23763.7448346953	-23763.7448346953	56945.800757648685	3723.160538299576	-3333.254121186233
7200000	-4211.762156514163	-861.8391824944881	-3349.9229740196743	998.0	4.8445957255908595E-5	1.927241707884957E-5	1.927241707884957E-5	2.5569996430545932E-5	-0.5475730701598497	29481.043186392242	-22220.2205522794	-22220.2205522794	55855.98582099842	3606.0743397568212	-3349.9229740196743
7210000	-4251.112836947837	-895.4429268287913	-3355.6699101190466	705.0	4.324336027400364E-5	1.660158126058248E-5	1.660158126058248E-5	2.6053480687446735E-5	-0.49460313229532277	30614.14479985104	-19507.689537346574	-19507.689537346574	50813.11433747677	3638.2334543492625	-3355.6699101190466
7220000	-4199.636518632815	-851.0536074449375	-3348.582911187877	474.0	4.9202806987244126E-5	2.0259700237637853E-5	2.0259700237637853E-5	2.397722980709396E-5	-0.5898459102458828	31167.935748642612	-26335.529182217408	-26335.529182217404	63958.59484891657	3763.9873392713334	-3348.582911187877
7230000	-4289.508257747246	-898.8145357450733	-3390.6937220021723	143.0	4.689047692901231E-5	1.6467408101634463E-5	1.6467408101634463E-5	2.0998153969703518E-5	-0.5247982347393508	29432.348972827065	-23081.76721746881	-23081.767217468816	65724.6766772076	3718.905082254916	-3390.6937220021723
7240000	-4244.978848852325	-889.7037549855761	-3355.2750938667496	53.0	5.738583431009509E-5	2.1937132780411463E-5	2.1937132780411463E-5	2.699022410798059E-5	-0.5574093747441525	25280.77041713399	-20547.72184228672	-20547.721842286723	53751.24328664755	3740.8906183833064	-3355.2750938667496
7250000	-4395.486235431877	-936.6369867606311	-3458.8492486712453	616.0	4.992456838464313E-5	1.8463158761691255E-5	1.8463158761691255E-5	2.1243839134673903E-5	-0.5669337904094087	29517.57913200982	-25653.92000570935	-25653.920005709348	69368.45965472709	3907.9394509322037	-3458.8492486712453
7260000	-4238.994535523668	-873.0509014700045	-3365.9436340536636	320.0	5.8154203230167794E-5	2.5562569991998764E-5	2.5562569991998764E-5	2.75225885983704E-5	-0.6389535984542439	29059.57184003955	-26990.097113994227	-26990.09711399423	61401.7914967265	3718.106592894142	-3365.9436340536636
7270000	-4314.19107611088	-900.8298474173465	-3413.3612286935336	519.0	4.193253292651182E-5	1.478195127679814E-5	1.478195127679814E-5	2.1814293915716385E-5	-0.48874872556095167	31332.359219097634	-21231.64788891716	-21231.64788891716	60228.63676891834	3896.4927727188274	-3413.3612286935336
7280000	-4315.052358500469	-949.1745335882769	-3365.8778249121924	928.0	4.996179541366347E-5	2.131718040504464E-5	2.131718040504464E-5	2.748033851847701E-5	-0.5753070593636267	29917.252166905142	-23207.554784535252	-23207.554784535256	54392.32966860606	3915.3045147147423	-3365.8778249121924
7290000	-4248.124145824783	-903.9285948489686	-3344.195550975815	879.0	5.111295513009784E-5	2.144591214457645E-5	2.144591214457645E-5	2.6285807019474166E-5	-0.5850841990579327	29747.92641224883	-24270.566083353075	-24270.56608335307	57845.07307674603	3743.7210235298026	-3344.195550975815
7300000	-4430.315653218298	-953.9649994982373	-3476.350653720061	885.0	5.785266093845352E-5	1.9675822679121844E-5	1.9675822679121844E-5	2.984461052069401E-5	-0.4735199407272597	22281.20717160144	-14689.45560811471	-14689.455608114711	43191.28651065144	3683.4132477190797	-3476.350653720061
7310000	-4354.042493087097	-966.2577780493441	-3387.7847150377524	201.0	5.8570300301435015E-5	2.3026353166849802E-5	2.3026353166849802E-5	2.6032593176872676E-5	-0.5896953731507759	26175.93627298382	-23153.143023421493	-23153.14302342149	58892.805559682805	3823.4837932677056	-3387.7847150377524
7320000	-4165.124611811962	-885.7444202268962	-3279.380191585066	856.0	5.4124758694565315E-5	2.7947670078043188E-5	2.7947670078043188E-5	3.6109847843055504E-5	-0.6321713241702835	30774.62004952852	-23818.403546299156	-23818.403546299152	46127.82893290416	3770.8682852469033	-3279.380191585066
7330000	-4338.1654121269985	-924.956029342556	-3413.209382784443	981.0	4.937626475681358E-5	1.89869243004855E-5	1.89869243004855E-5	2.290252543919099E-5	-0.5646168246300897	29730.494203976745	-24647.528254721125	-24647.528254721125	64096.89433875474	3673.699514169485	-3413.209382784443
7340000	-4351.010983686049	-893.623999836006	-3457.3869838500436	144.0	3.487719122453867E-5	1.0859493284135814E-5	1.0859493284135814E-5	1.8303884307122626E-5	-0.4298007596765738	35168.701992562696	-20865.20416605744	-20865.204166057443	67012.3086407468	3790.0420450651736	-3457.3869838500436
7350000	-4218.606249056898	-883.4940810708028	-3335.1121679860958	646.0	5.589660717889388E-5	1.798776656487938E-5	1.798776656487938E-5	2.4384122615438733E-5	-0.48722655712515267	23459.129666510824	-17305.414466266655	-17305.41446626665	53776.21234964815	3508.7267923414906	-3335.1121679860958
7360000	-4323.855934443177	-906.8646563380411	-3416.991278105136	477.0	4.131805562469983E-5	2.0535923133898224E-5	2.0535923133898224E-5	2.3951760456331296E-5	-0.6527931255745044	42174.8271076699	-36160.139846405975	-36160.13984640597	72753.81095990284	3767.6264768294036	-3416.991278105136
7370000	-4301.180078971012	-908.9388433196289	-3392.2412356513837	726.0	5.265949697547612E-5	2.335880435710127E-5	2.335880435710127E-5	2.804278587124699E-5	-0.607857358117479	30118.38676116817	-25087.7180011913	-25087.718001191304	56557.11610957108	3755.720879763033	-3392.2412356513837
7380000	-4233.251523658053	-900.2124569064006	-3333.039066751652	431.0	5.723348377836399E-5	2.143958203621108E-5	2.143958203621108E-5	2.7529677843842678E-5	-0.5401204973707878	24668.972683464042	-19211.72004250207	-19211.720042502067	51286.15219969707	3715.5688969191738	-3333.039066751652
7390000	-4377.265539308513	-924.6742068547345	-3452.591332453779	333.0	4.9357989793516295E-5	1.9951169461312393E-5	1.9951169461312393E-5	2.402095314335972E-5	-0.5794213684639188	30499.823291597277	-25332.34794635757	-25332.34794635757	62670.70077303989	3728.109795311658	-3452.591332453779
7400000	-4208.476578884135	-869.9672260413265	-3338.5093528428088	73.0	5.362317108374847E-5	2.087959781183944E-5	2.087959781183944E-5	2.349668025567449E-5	-0.5882238493921079	28515.080653117377	-25339.04403220828	-25339.04403220828	65075.96101622596	3781.5475822723306	-3338.5093528428088
7410000	-4302.393809163943	-882.4922140433608	-3419.9015951205824	623.0	4.676231705987959E-5	1.8751117853313053E-5	1.8751117853313053E-5	2.177846600457629E-5	-0.5875779763213144	32660.818435449542	-28120.75265264713	-28120.75265264713	70128.7017548767	3876.1113855328836	-3419.9015951205824
7420000	-4209.504087569367	-865.6463167325891	-3343.857770836778	146.0	5.391073774169072E-5	2.3550693295121484E-5	2.3550693295121484E-5	2.5688304641837217E-5	-0.632846434542295	30940.806709962402	-28366.116771412075	-28366.11677141207	64933.89654607544	3656.61527609484	-3343.857770836778
7430000	-4286.756272118446	-888.209535605577	-3398.5467365128684	691.0	4.705547451283149E-5	1.765621089615133E-5	1.765621089615133E-5	2.1411905125918896E-5	-0.5562432755663317	30772.82787832094	-25375.20765645941	-25375.20765645941	67627.33205665364	3725.6400584963576	-3398.5467365128684
7440000	-4215.26735339316	-881.7832418728606	-3333.4841115203	587.0	5.0378622149673025E-5	2.087509811199526E-5	2.087509811199526E-5	2.8553633495461244E-5	-0.5503952690394526	28476.093330168504	-20818.409755385106	-20818.40975538511	50241.81410773584	3531.75783584837	-3333.4841115203
7450000	-4309.891460803717	-891.8645143749233	-3418.0269464287935	183.0	4.6781695638268964E-5	1.6894140214726526E-5	1.6894140214726526E-5	1.8696883680584794E-5	-0.5712332803252327	31729.43238341475	-28670.097582931914	-28670.097582931914	79390.59117521967	3735.58728719402	-3418.0269464287935
7460000	-4351.647407446556	-969.9506552016952	-3381.6967522448604	830.0	4.540179860261728E-5	1.584731188968514E-5	1.584731188968514E-5	2.5865096507155278E-5	-0.4624470621609986	28017.252750835465	-17165.91865457767	-17165.91865457767	49179.544582026334	3547.657934554436	-3381.6967522448604
7470000	-4230.342649229312	-905.973850891325	-3324.3687983379873	458.0	6.367922346029702E-5	2.5688400439634883E-5	2.5688400439634883E-5	2.6294455069780228E-5	-0.6277780052526981	25918.211716339058	-25320.829029605706	-25320.82902960571	62768.04714895495	3477.261974296854	-3324.3687983379873
7480000	-4329.564840193512	-872.1878482974879	-3457.3769918960243	93.0	4.1849138992176416E-5	1.4605902906942606E-5	1.4605902906942606E-5	1.897950344563136E-5	-0.5182540715975312	32670.13774196543	-25141.693573939272	-25141.69357393927	72036.5071285235	3874.9880344066114	-3457.3769918960243
7490000	-4199.208595507674	-872.180246333293	-3327.0283491743803	397.0	5.028550065897651E-5	1.972786914641778E-5	1.972786914641778E-5	2.5606751038416047E-5	-0.5497706486375163	28500.73013466009	-21957.439029669255	-21957.439029669258	55968.57960690406	3687.169902809496	-3327.0283491743803
7500000	-4213.106627160931	-900.4117606054516	-3312.694866555479	999.0	5.7487414359677125E-5	2.223145095095045E-5	2.223145095095045E-5	2.7022222962374325E-5	-0.5640542603310811	25511.90981475238	-20988.90133877811	-20988.90133877811	54274.35532115522	3655.4341411028595	-3312.694866555479
7510000	-4270.278974505113	-896.8703666620603	-3373.4086078430532	763.0	4.419124982810711E-5	1.753014703287805E-5	1.753014703287805E-5	2.4241820453147648E-5	-0.535592887747156	31731.365478649255	-22946.110976681455	-22946.110976681455	57844.19952965577	3754.121128263958	-3373.4086078430532
7520000	-4184.248336299046	-852.6254415004298	-3331.6228947986165	606.0	5.475352158126923E-5	2.4164780074494425E-5	2.4164780074494425E-5	2.80951799254606E-5	-0.6161137619720145	29438.350461641476	-25320.046589799345	-25320.04658979934	57371.17048528844	3581.8082310888835	-3331.6228947986165
7530000	-4141.563691677006	-806.2071873538675	-3335.356504323139	379.0	4.379370864252753E-5	1.7673532792898825E-5	1.7673532792898825E-5	2.182073439821469E-5	-0.5717192642632083	33922.258472622016	-27475.067364099654	-27475.067364099657	68081.18722933842	3733.4993399305704	-3335.356504323139
7540000	-4224.399643121285	-780.7261518283512	-3443.6734912929346	5.0	4.407476739583218E-5	1.3730882646902838E-5	1.3730882646902838E-5	1.700317515023794E-5	-0.5015779390650532	30315.506963898166	-24481.231583197943	-24481.231583197943	78582.31807380074	3920.7017741910363	-3443.6734912929346
7550000	-4279.444335232972	-893.0548606049186	-3386.3894746280534	281.0	4.454359243547083E-5	1.9724385208019782E-5	1.9724385208019782E-5	2.7074384893031684E-5	-0.5679780550997268	33141.25666975865	-24144.25721636318	-24144.257216363185	54524.99237672455	3788.365182570955	-3386.3894746280534
7560000	-4496.539214634784	-1006.2681020607569	-3490.271112574027	725.0	3.946712217966675E-5	1.3407948230125744E-5	1.3407948230125744E-5	1.7354529751509122E-5	-0.5123162946717948	34354.50246337139	-26541.96899000135	-26541.96899000135	78127.92196375338	3982.8976277147126	-3490.271112574027
7570000	-4310.588721094034	-933.2683632813392	-3377.3203578126945	935.0	5.161408495800836E-5	2.0145491744588836E-5	2.0145491744588836E-5	2.149925234556229E-5	-0.6047586349055928	30546.373368472076	-28622.935469135173	-28622.935469135176	73333.85760853195	3783.344167341779	-3377.3203578126945
7580000	-4234.09327023517	-826.5781400882835	-3407.5151301468863	653.0	3.6977066282213315E-5	1.4481306532285654E-5	1.4481306532285654E-5	2.0989056733423615E-5	-0.5198105144536762	37056.590405038805	-25567.030072493908	-25567.03007249391	65283.734138367996	3967.4889404645123	-3407.5151301468863
7590000	-4212.21613520218	-874.5421033401739	-3337.6740318620064	126.0	5.786391262069807E-5	2.2892893929195214E-5	2.2892893929195214E-5	2.663649934125993E-5	-0.5831203850615806	26185.905942144946	-22505.628817553596	-22505.628817553596	56885.06413389764	3737.6374640680415	-3337.6740318620064
7600000	-4419.275398872439	-934.3854566949186	-3484.8899421775204	577.0	4.002888513979132E-5	1.6220670514013782E-5	1.6220670514013782E-5	1.7796635508346414E-5	-0.6077333963837401	39612.39828792105	-36104.55811138613	-36104.55811138613	89097.7477419938	3942.173492895692	-3484.8899421775204
7610000	-4325.480888626808	-1006.4177834920213	-3319.0631051347873	995.0	6.0229120717828626E-5	2.3467871508602173E-5	2.3467871508602173E-5	2.8202322328084456E-5	-0.5694138209871187	24569.477368179596	-20444.888587624013	-20444.88858762402	52470.78595752499	3694.611714277678	-3319.0631051347873
7620000	-4191.025911252564	-759.4860002904982	-3431.5399109620653	712.0	3.6254075609737915E-5	1.1460574468914386E-5	1.1460574468914386E-5	1.719162083350076E-5	-0.45906011099309946	34947.890938981	-23297.56516367578	-23297.56516367578	73698.89626891508	3774.9705500535456	-3431.5399109620653
7630000	-4159.377531989499	-776.866938577646	-3382.5105934118533	80.0	3.5806769651240996E-5	1.1954787566368052E-5	1.1954787566368052E-5	1.8681124333199917E-5	-0.4622296355607618	35515.86614948213	-22728.002205844386	-22728.002205844386	68074.51283425944	3784.760325637154	-3382.5105934118533
7640000	-4248.122477234809	-861.5739231444921	-3386.5485540903164	924.0	4.3368043953211624E-5	1.599412389112806E-5	1.599412389112806E-5	2.2231307899325317E-5	-0.515101757577441	31386.12887074806	-22580.48135966352	-22580.48135966352	61226.942767009896	3746.1386274038427	-3386.5485540903164
7650000	-4195.209039187061	-886.6557110073389	-3308.5533281797216	464.0	5.175764992667552E-5	2.13777752582008E-5	2.13777752582008E-5	2.9720222318246972E-5	-0.5450661420989991	27487.175517636155	-19771.543241046824	-19771.543241046824	47868.80773235122	3646.0634999505055	-3308.5533281797216
7660000	-4116.153671419513	-802.3007420302628	-3313.8529293892498	673.0	4.800364450727337E-5	2.3499130284023282E-5	2.3499130284023282E-5	2.7718764487520144E-5	-0.6442104262320593	35610.262422044405	-30189.303584603782	-30189.303584603782	61670.22267129441	3770.9652282677007	-3313.8529293892498
7670000	-4231.407575265141	-897.5650002611663	-3333.8425750039746	301.0	5.6311210438002815E-5	1.9678578809465367E-5	1.9678578809465367E-5	2.5454538407780535E-5	-0.5197729641149663	24332.11253599007	-18810.845691623395	-18810.845691623395	53828.14991437799	3675.1850506042006	-3333.8425750039746
7680000	-4197.335904089638	-814.3925971495738	-3382.943306940064	937.0	4.136033383944067E-5	1.6642904304072428E-5	1.6642904304072428E-5	2.239681788635523E-5	-0.546819431362813	34490.94276256805	-25629.956124453478	-25629.95612445348	63694.624581733675	3838.8902383812347	-3382.943306940064
7690000	-4206.947243968662	-878.8636790967955	-3328.083564871867	367.0	5.116731798874272E-5	2.427686993300677E-5	2.427686993300677E-5	2.879403505396745E-5	-0.6324775290736853	32574.38589378858	-27464.164991426354	-27464.16499142635	57885.043141455775	3756.1301216479033	-3328.083564871867
7700000	-4240.287304471094	-910.7021413462367	-3329.585163124857	525.0	5.276002974291019E-5	2.0333178385618485E-5	2.0333178385618485E-5	2.7848245426726774E-5	-0.5304614597548619	26375.53789296603	-19257.892509077676	-19257.892509077676	49969.90447314171	3621.7242273662	-3329.585163124857
7710000	-4286.095019613342	-926.9456865463056	-3359.149333067036	230.0	6.215002953021903E-5	2.8378523491027194E-5	2.8378523491027194E-5	2.6724711336076112E-5	-0.6963260049782425	31235.016364339193	-33167.940880298615	-33167.94088029861	72639.03302858211	3748.7316051055554	-3359.149333067036
7720000	-4543.167181765629	-949.5112169472127	-3593.655964818416	787.0	5.335861892901663E-5	2.0397469863442822E-5	2.0397469863442822E-5	2.67421774083697E-5	-0.539977454440588	26454.64512874386	-20178.155971425953	-20178.155971425953	52784.906283854645	3686.7077987279404	-3593.655964818416
7730000	-4285.520717257218	-822.7277933464778	-3462.7929239107402	565.0	4.302258662286244E-5	1.6815564016457647E-5	1.6815564016457647E-5	2.0022923554043757E-5	-0.5729271922928836	34601.341888559466	-29058.747490693124	-29058.747490693124	74346.74684992182	3834.246244940062	-3462.7929239107402
7740000	-4244.214374653005	-811.3624662968797	-3432.8519083561246	900.0	3.6477570256353826E-5	1.1800140240442621E-5	1.1800140240442621E-5	1.6834228937384453E-5	-0.47618707459673393	35453.28552962165	-24851.37530148087	-24851.37530148087	76822.62838028622	3953.6298490166614	-3432.8519083561246
7750000	-4222.596630309501	-848.443003115941	-3374.1536271935597	372.0	4.846097054758769E-5	1.7803211118660777E-5	1.7803211118660777E-5	2.2008554069407756E-5	-0.5451380955382062	29360.336362859896	-23750.23207496673	-23750.232074966734	64648.97199791869	3666.310639576659	-3374.1536271935597
7760000	-4256.438109086993	-829.0982240147422	-3427.339885072251	462.0	5.68749348472038E-5	2.28911203785556E-5	2.28911203785556E-5	2.5200068380949655E-5	-0.604652333853149	27715.259952079483	-25175.858346702797	-25175.8583467028	62551.560583838196	3702.8869801463247	-3427.339885072251
7770000	-4186.111446870731	-917.1760572682103	-3268.935389602521	700.0	6.0861866303698846E-5	2.30164814667817E-5	2.30164814667817E-5	2.5628590111346655E-5	-0.5827790661658176	24881.029483823884	-22345.11346511173	-22345.11346511173	59086.585854461155	3556.5620625308884	-3268.935389602521
7780000	-4248.1828993335575	-928.3402554574639	-3319.842643876094	187.0	5.0931580251116684E-5	1.902336367193036E-5	1.902336367193036E-5	2.6799601950772606E-5	-0.5149079094643942	26717.906286522702	-18965.37302213263	-18965.37302213263	50776.320882430715	3676.3443188386486	-3319.842643876094
7790000	-4271.7205628848005	-902.503295458254	-3369.217267426546	267.0	4.695385177316278E-5	1.858022862597283E-5	1.858022862597283E-5	2.2498443747066714E-5	-0.5716618390801637	31636.09706306011	-26126.51447688514	-26126.514476885142	66023.9716524385	3677.5104273544985	-3369.217267426546
7800000	-4267.984264170419	-904.1283019115275	-3363.855962258892	944.0	5.259252972440477E-5	2.0756799622997437E-5	2.0756799622997437E-5	2.3732899465704862E-5	-0.5875204158089418	29037.161625796172	-25395.908593393648	-25395.90859339365	64346.869548064096	3723.728865960741	-3363.855962258892
7810000	-4186.825469686891	-847.6288089040806	-3339.19666078281	175.0	4.8734752554842734E-5	1.7451587628102424E-5	1.7451587628102424E-5	2.2179429968181023E-5	-0.5308115565517698	28568.812977338675	-22478.988135409883	-22478.988135409883	62774.11246518006	3688.7904061772774	-3339.19666078281
7820000	-4379.954540104355	-978.0526857445492	-3401.901854359806	659.0	5.2215884109486705E-5	2.0466655463980845E-5	2.0466655463980845E-5	2.454401868077139E-5	-0.57170596614512	28450.11575572038	-23723.854054058338	-23723.85405405834	60525.86442846889	3735.3770448868577	-3401.901854359806
7830000	-4400.1874260803925	-958.5508069024429	-3441.6366191779493	164.0	4.497044735719768E-5	1.5658758102219365E-5	1.5658758102219365E-5	2.0670138817220553E-5	-0.5135964516082805	30204.103979707852	-22881.25697145771	-22881.25697145772	65712.76951750158	3787.5269989058716	-3441.6366191779493
7840000	-4280.128505787267	-901.2874317399344	-3378.8410740473328	303.0	5.175914028507008E-5	1.8509676930969356E-5	1.8509676930969356E-5	2.223824366873638E-5	-0.5455757637066975	27508.135880833983	-22895.99465281761	-22895.994652817608	64024.72628890656	3705.804954109924	-3378.8410740473328
7850000	-4224.532023282454	-913.3150771153785	-3311.216946167076	172.0	6.829893416133282E-5	3.1690700124392065E-5	3.1690700124392065E-5	3.2400238780059244E-5	-0.6736755185383686	26808.045594986288	-26220.971383538268	-26220.971383538268	56510.72368679096	3562.0064875606813	-3311.216946167076
7860000	-4342.111415756236	-972.1150497511024	-3369.9963660051335	984.0	5.61212377219719E-5	2.3387020719995904E-5	2.3387020719995904E-5	2.5672029152629544E-5	-0.6161425214271157	28722.55675580026	-26166.02785800258	-26166.027858002577	62789.950342121185	3754.5934765517327	-3369.9963660051335
7870000	-4328.856784510657	-930.3222793929514	-3398.5345051177055	36.0	4.985890026623498E-5	1.9050099153057332E-5	1.9050099153057332E-5	2.4349020703527177E-5	-0.5467454070771434	28608.576990218193	-22382.675464750148	-22382.675464750148	58581.09056137802	3715.878370550604	-3398.5345051177055
7880000	-4301.105157858087	-955.5449259802897	-3345.560231877798	561.0	5.0474561053217196E-5	1.8665407647717545E-5	1.8665407647717545E-5	2.4001060298082983E-5	-0.5362730715472803	27809.726330963684	-21627.372794874464	-21627.37279487446	58484.23828498957	3698.8486786456565	-3345.560231877798
7890000	-4238.827219920255	-833.8044679880198	-3405.0227519322348	846.0	4.129684153384118E-5	1.6981900975774482E-5	1.6981900975774482E-5	2.2157095845401136E-5	-0.56139878365093	35358.9609406247	-27100.229086412364	-27100.229086412364	65902.74361562307	3884.301893474966	-3405.0227519322348
7900000	-4293.424214920543	-948.6878954434109	-3344.7363194771324	718.0	7.19543854812833E-5	2.8241646258316694E-5	2.8241646258316694E-5	2.8304274907326164E-5	-0.6257997104348658	22843.96943492173	-22793.422761374815	-22793.422761374815	58073.34008819836	3564.2377111572464	-3344.7363194771324
7910000	-4214.004495974278	-876.7072775100464	-3337.2972184642317	308.0	5.002787346659529E-5	2.2644719988648286E-5	2.2644719988648286E-5	2.697269114772408E-5	-0.6164513297031405	32240.728246577495	-27067.46091353417	-27067.460913534174	59798.81890008446	3612.8043940444763	-3337.2972184642317
7920000	-4269.270938760109	-867.9850588191684	-3401.2858799409405	660.0	4.40179510993868E-5	1.5102090167797398E-5	1.5102090167797398E-5	2.208287879692619E-5	-0.48438903404726724	29682.487511777894	-20299.328132425664	-20299.328132425664	59166.302356532644	3633.984514983693	-3401.2858799409405
7930000	-4266.203295217934	-871.3077506557402	-3394.8955445621937	36.0	4.674487476236256E-5	2.059736754732161E-5	2.059736754732161E-5	2.4758671930766638E-5	-0.6054538510476184	33773.056337952454	-28096.662718195577	-28096.662718195577	63764.21535348962	3710.2218044398073	-3394.8955445621937
7940000	-4217.722015406555	-850.0076939030359	-3367.7143215035194	751.0	4.8224133116343826E-5	2.1955992366355403E-5	2.1955992366355403E-5	2.7506921797834187E-5	-0.6028369446102636	32574.471877159103	-26000.904831498705	-26000.904831498705	57108.377285691226	3672.545576649697	-3367.7143215035194
7950000	-4275.687492992345	-849.7078266294019	-3425.9796663629436	349.0	4.075172860052492E-5	1.7587931469947977E-5	1.7587931469947977E-5	2.2277221983735237E-5	-0.5837289476199509	37221.75951254258	-29386.687261789222	-29386.687261789222	68089.77541259884	3837.6091289930882	-3425.9796663629436
7960000	-4163.983190780511	-834.1753199126437	-3329.807870867867	404.0	5.1334491428759374E-5	2.4707634384851022E-5	2.4707634384851022E-5	3.2401187204352826E-5	-0.6058234398604952	30775.289573768532	-23467.800672885198	-23467.8006728852	48758.517053040916	3717.835555415934	-3329.807870867867
7970000	-4342.1865092300095	-922.2803981145288	-3419.906111115481	247.0	4.1064627895869825E-5	1.4628101995026392E-5	1.4628101995026392E-5	2.0845032960883918E-5	-0.4999801250070733	32468.284018840328	-22784.774249210004	-22784.774249210004	63962.383947919516	3705.3584538419445	-3419.906111115481
7980000	-4330.45582827123	-927.1871797310282	-3403.268648540202	563.0	4.667859142505619E-5	1.7821809989902947E-5	1.7821809989902947E-5	2.3495122725831435E-5	-0.5381509099726656	30156.658548836767	-22874.800223829534	-22874.80022382953	59913.300286720056	3732.31039314452	-3403.268648540202
7990000	-4230.107134900852	-871.5384568427811	-3358.568678058071	46.0	4.824463132879765E-5	2.0059862527815686E-5	2.0059862527815686E-5	2.367523713932811E-5	-0.5935486035629878	32001.996540383556	-27115.06741993063	-27115.06741993063	65212.63190692916	3682.4917617189894	-3358.568678058071
8000000	-4229.9653278862215	-948.6019038651585	-3281.3634240210627	941.0	6.76836013072882E-5	2.889170618338395E-5	2.889170618338395E-5	3.2892716703882165E-5	-0.6123244316066286	23637.180641745334	-20761.99677432772	-20761.99677432772	48638.41211374977	3552.3875421734424	-3281.3634240210627
8010000	-4580.525487975177	-999.1553681541031	-3581.370119821074	19.0	5.7641840149386895E-5	1.9737854358849527E-5	1.9737854358849527E-5	2.290401584750455E-5	-0.543219315527196	24610.85954338162	-21208.750663971176	-21208.750663971176	61937.40177197695	3636.1858663883595	-3581.370119821074
8020000	-4136.911702707299	-854.9155932728862	-3281.996109434413	184.0	5.61740643835154E-5	2.4175849024807275E-5	2.4175849024807275E-5	2.5974750453681672E-5	-0.6329044060875144	29697.795990015242	-27641.05216350096	-27641.05216350096	64225.6758911485	3660.908689878765	-3281.996109434413
8030000	-4131.794406535778	-844.7212168552908	-3287.0731896804873	72.0	5.6649909838185863E-5	2.279410518071798E-5	2.279410518071798E-5	2.7024501953600593E-5	-0.5825645948415481	26720.836531220553	-22537.975332724403	-22537.9753327244	56013.35347062209	3520.180327715326	-3287.0731896804873
8040000	-4329.376869790814	-923.1963748495249	-3406.18049494129	153.0	5.353963547815956E-5	2.518156684537699E-5	2.518156684537699E-5	2.63569110350843E-5	-0.6703440963110724	33920.15169445728	-32407.53691365077	-32407.536913650765	68903.08787200831	3990.7661823819117	-3406.18049494129
8050000	-4305.804339055239	-852.1042000964553	-3453.700138958784	128.0	4.0398891003492845E-5	1.6000004475257038E-5	1.6000004475257038E-5	1.923194688917917E-5	-0.5740156813968208	36917.12650392343	-30713.177021549865	-30713.177021549862	77548.62148840999	3748.3367520698116	-3453.700138958784
8060000	-4275.76290642804	-888.7330544422567	-3387.029851985783	443.0	4.413856317402981E-5	1.9144515140389762E-5	1.9144515140389762E-5	2.3447223870433714E-5	-0.5950994664964094	35078.87764515839	-28641.689433965068	-28641.689433965068	66034.736801711	3772.594651511541	-3387.029851985783
8070000	-4282.540418293006	-881.4478549559611	-3401.0925633370452	919.0	4.515755222922937E-5	1.5562569013255667E-5	1.5562569013255667E-5	2.0650282368318584E-5	-0.5096277836658776	29913.957421568917	-22543.90610885693	-22543.906108856932	65415.13915179612	3845.1328396421677	-3401.0925633370452
8080000	-4223.455273528344	-914.4202361288407	-3309.0350373995034	711.0	5.9034921080370034E-5	2.4217240276729596E-5	2.4217240276729596E-5	2.9002780439690878E-5	-0.5852620171699252	25764.169512339984	-21513.009240895342	-21513.009240895342	52442.75517049282	3515.0098033938457	-3309.0350373995034
8090000	-4342.651166923656	-889.495080688256	-3453.1560862354	16.0	4.244592744566638E-5	1.6269615452293715E-5	1.6269615452293715E-5	2.1419008957476114E-5	-0.5395846521490201	33236.14211188689	-25245.76428123882	-25245.76428123882	65863.87257486075	3850.3694470540163	-3453.1560862354
8100000	-4217.001683131555	-909.1300684886186	-3307.871614642937	717.0	6.091852183135005E-5	2.2708437819210702E-5	2.2708437819210702E-5	2.7527232274252697E-5	-0.5545379935839734	23704.927616068486	-19555.248759312308	-19555.248759312308	52459.656535856506	3696.8463859437247	-3307.871614642937
8110000	-4143.166541027388	-833.369809073418	-3309.79673195397	626.0	5.6464826592959336E-5	2.0203762755101084E-5	2.0203762755101084E-5	2.2518402611360053E-5	-0.5665972611836608	26083.927647416112	-23402.7917079589	-23402.7917079589	65405.36986098828	3727.2809902073595	-3309.79673195397
8120000	-4104.214209355024	-797.1824457716941	-3307.03176358333	947.0	5.20765816711146E-5	1.7360885079291768E-5	1.7360885079291768E-5	2.2444950612880253E-5	-0.507798367793279	25874.455087682385	-20013.563362833615	-20013.563362833615	60033.68850346364	3634.7402368112544	-3307.03176358333
8130000	-4194.9806487400765	-838.6569004882584	-3356.323748251818	148.0	4.560903397632596E-5	1.7166345982797114E-5	1.7166345982797114E-5	2.1865754884339105E-5	-0.5435884079548626	31121.530855226036	-24432.861751219316	-24432.861751219316	64915.34208077642	3757.4522668743903	-3356.323748251818
8140000	-4219.719865702274	-802.7173553387674	-3417.002510363506	190.0	3.995473600746997E-5	1.4727654683175708E-5	1.4727654683175708E-5	1.852158128411436E-5	-0.5413902485835077	35405.91663506305	-28153.433874987248	-28153.433874987248	76377.60677970518	3771.032453173114	-3417.002510363506
8150000	-4333.516033904612	-896.6905452074163	-3436.825488697196	147.0	4.275224188586934E-5	1.403528984489311E-5	1.403528984489311E-5	1.8855087250770555E-5	-0.49434217689699167	30955.250397516982	-23042.370781532085	-23042.370781532085	70188.29109784232	3900.553147416027	-3436.825488697196
8160000	-4308.569911639598	-928.4847200617053	-3380.085191577893	953.0	5.951436871003835E-5	2.2973396577211376E-5	2.2973396577211376E-5	2.688104831982626E-5	-0.5743692661466463	25074.86397454589	-21429.774142476468	-21429.774142476468	55515.49486388583	3693.9251092033146	-3380.085191577893
8170000	-4357.858766172067	-956.5691732711553	-3401.289592900911	123.0	4.954699699892027E-5	1.870568202059266E-5	1.870568202059266E-5	2.46370231633535E-5	-0.5353906258392965	28292.792195818165	-21481.327950240986	-21481.327950240986	56899.0368975432	3784.1459273278615	-3401.289592900911
8180000	-4267.395289630363	-917.6648120413068	-3349.730477589056	765.0	4.6427490135711315E-5	1.679191242800396E-5	1.679191242800396E-5	2.1490653576673162E-5	-0.531603394866926	30023.736133503688	-23459.312026811684	-23459.31202681168	64861.99724928177	3633.702160780473	-3349.730477589056
8190000	-4306.540882975089	-925.1609512917695	-3381.379931683319	792.0	4.538057949498518E-5	1.6444065191735355E-5	1.6444065191735355E-5	2.2975439261061647E-5	-0.5092631588067614	29752.01117723188	-21294.217961386348	-21294.217961386348	58765.5144705891	3754.6550167656023	-3381.379931683319
8200000	-4313.3295584961925	-973.3584993350478	-3339.971059161145	111.0	5.667898872526654E-5	2.087838962415989E-5	2.087838962415989E-5	2.4723571932033028E-5	-0.5577381396392201	25609.66900243357	-21626.674699290128	-21626.674699290128	58710.37342974173	3773.659415624266	-3339.971059161145
8210000	-4354.593405645794	-968.0781596788335	-3386.51524596696	262.0	4.5163706171371285E-5	1.8038317571437767E-5	1.8038317571437767E-5	2.3804634022423227E-5	-0.5501365346544796	31751.171242114724	-24059.92503774124	-24059.92503774124	60240.39551395662	3779.406686518659	-3386.51524596696
8220000	-4441.749576625965	-910.0515535434182	-3531.6980230825475	343.0	5.260900837153304E-5	1.918603675174913E-5	1.918603675174913E-5	2.190639380937934E-5	-0.5651578558388037	27928.660721894765	-24460.45276552923	-24460.452765529233	67071.70328941951	3761.36075973704	-3531.6980230825475
8230000	-4277.747676492906	-900.7686638847498	-3376.9790126081566	809.0	4.6249739346862925E-5	1.953523574287991E-5	1.953523574287991E-5	2.401560697755899E-5	-0.5861614163503694	32939.14712837905	-26793.99296147605	-26793.99296147605	63434.87259843327	3740.0575882766752	-3376.9790126081566
8240000	-4316.768671706186	-845.1804455473032	-3471.588226158883	917.0	3.596141078578852E-5	1.0875405903370255E-5	1.0875405903370255E-5	1.647193206958955E-5	-0.4468428810923531	34745.08682396707	-22940.048608875746	-22940.04860887575	75855.23876530307	3839.0616498016107	-3471.588226158883
8250000	-4249.001840178772	-882.3341982781495	-3366.6676419006226	398.0	5.2852832959624725E-5	1.965841922083202E-5	1.965841922083202E-5	2.6449495797965922E-5	-0.5257820532560361	26149.370658212098	-19435.353123048593	-19435.353123048593	52253.10644689428	3646.8957374385354	-3366.6676419006226
8260000	-4447.012061190324	-956.7611122904123	-3490.250948899912	608.0	4.1468932539748245E-5	1.420226049419699E-5	1.420226049419699E-5	1.9518768238446327E-5	-0.4991945580889872	32118.119323665484	-23369.809592795715	-23369.809592795715	68237.09914815232	4004.915459580005	-3490.250948899912
8270000	-4258.454439413845	-889.732740253174	-3368.7216991606706	912.0	4.844172692367007E-5	2.2292454597206683E-5	2.2292454597206683E-5	2.724449620770755E-5	-0.6136329779071872	33111.249611869745	-27092.849249330735	-27092.84924933073	58873.0325410056	3825.258116048762	-3368.7216991606706
8280000	-4294.171241756	-938.2608069798895	-3355.910434776111	534.0	5.327245709107996E-5	2.0108207043346153E-5	2.0108207043346153E-5	2.6670074972200408E-5	-0.5334698332349584	26238.69936509177	-19782.966487021087	-19782.96648702109	52410.80077613569	3739.6298528706157	-3355.910434776111
8290000	-4318.554177243224	-870.4717086041254	-3448.082468639099	399.0	4.8401810886811134E-5	1.6751093591509657E-5	1.6751093591509657E-5	2.0149719585249354E-5	-0.5363865219256099	29005.59960856416	-24113.264289623185	-24113.264289623185	69674.59477401516	3867.7513068908997	-3448.082468639099
8300000	-4515.0914898885285	-987.2231494694263	-3527.868340419102	524.0	3.1796623960872315E-5	1.2858970897093878E-5	1.2858970897093878E-5	1.9476051342295434E-5	-0.5167318755827793	42906.39479563015	-28328.74448107722	-28328.744481077214	70049.02979849034	3839.9353767103967	-3527.868340419102
8310000	-4250.813548331096	-803.8401935084321	-3446.9733548226636	916.0	4.3254107892078216E-5	1.3925078307719285E-5	1.3925078307719285E-5	1.731297379147345E-5	-0.5088597857202173	31197.38996391969	-25092.51752336101	-25092.51752336101	77942.4313641138	3734.7473951043166	-3446.9733548226636
8320000	-4297.851215232046	-862.3290290748938	-3435.522186157152	198.0	4.01204255107776E-5	1.6769253899215686E-5	1.6769253899215686E-5	2.2948461924349544E-5	-0.5526551018182891	35885.33345610748	-26222.684115704287	-26222.684115704287	62737.74916163509	3790.7546805617217	-3435.522186157152
8330000	-4291.730706012967	-884.8482557452279	-3406.882450267739	50.0	5.0373823183197124E-5	1.8753697447870878E-5	1.8753697447870878E-5	2.3685739765183153E-5	-0.5429264149776596	28149.050414106834	-22287.620321110207	-22287.620321110204	59866.20229693953	3675.578872339312	-3406.882450267739
8340000	-4274.647784888485	-873.6241045296382	-3401.0236803588473	382.0	4.813967305581375E-5	1.550523164897387E-5	1.550523164897387E-5	1.912606892504685E-5	-0.5109916841890925	28113.734869705982	-22791.404411482203	-22791.404411482206	70761.3263503996	3820.446882377829	-3401.0236803588473
8350000	-4187.525799807684	-839.7884906711939	-3347.73730913649	783.0	4.889466175816323E-5	1.7431576708839846E-5	1.7431576708839846E-5	2.3369226442005107E-5	-0.5156841461170922	27861.28611490167	-20782.294498455474	-20782.294498455478	58293.250061838284	3735.9390122483146	-3347.73730913649
8360000	-4205.418986794193	-769.4095165950603	-3436.0094701991334	548.0	3.294901103603371E-5	1.4073980644496692E-5	1.4073980644496692E-5	1.875823681286847E-5	-0.5661085972491143	44663.699982183054	-33510.401608195076	-33510.40160819507	78452.18920647641	3847.64441660697	-3436.0094701991334
8370000	-4310.021675186603	-810.125964338084	-3499.895710848519	46.0	3.410214840320444E-5	1.3119228792681916E-5	1.3119228792681916E-5	1.694130736847472E-5	-0.5458131252583556	41766.36599388926	-32343.578886501004	-32343.578886501004	84073.96078750203	3838.560498832945	-3499.895710848519
8380000	-4195.9622137729175	-801.2073969061623	-3394.7548168667554	905.0	4.552991494259558E-5	1.8355587049931164E-5	1.8355587049931164E-5	2.093482966399446E-5	-0.5945455644022394	33972.239046647184	-29786.74300724265	-29786.74300724265	73884.20058958547	3903.57733443459	-3394.7548168667554
8390000	-4152.0001287496125	-804.3757795596498	-3347.6243491899627	466.0	4.3550153224472066E-5	1.816926959956967E-5	1.816926959956967E-5	2.394721385428758E-5	-0.5626199517731045	33596.80505416769	-25490.62335299873	-25490.62335299873	61098.79908638117	3611.9649547535378	-3347.6243491899627
8400000	-4251.256411822389	-849.7993581164129	-3401.4570537059763	49.0	4.965740357143292E-5	2.0105245020226705E-5	2.0105245020226705E-5	2.2624635367574517E-5	-0.5998277750501092	31455.443853836412	-27952.689430201586	-27952.68943020159	69039.59531684415	3756.1493664226914	-3401.4570537059763
8410000	-4175.998174954063	-738.4840749063468	-3437.514100047716	908.0	4.155319846007669E-5	1.695114810117603E-5	1.695114810117603E-5	1.846030138104822E-5	-0.6120367434840291	38479.55218233309	-35333.79951094937	-35333.79951094937	86615.5126876142	3733.592447086538	-3437.514100047716
8420000	-4157.690862292948	-878.981312120287	-3278.709550172661	420.0	6.014238224006317E-5	2.5209014667591613E-5	2.5209014667591613E-5	2.848219855864355E-5	-0.6090862602875037	26433.770302438243	-23395.992479368797	-23395.992479368797	55816.966316766804	3717.5484241275517	-3278.709550172661
8430000	-4134.339935746389	-791.0174982594193	-3343.322437486969	122.0	4.806758099462439E-5	1.9255327016758946E-5	1.9255327016758946E-5	2.3937284557050884E-5	-0.5676587336970573	30695.13279949736	-24691.3896381396	-24691.3896381396	61637.76757819386	3632.264140153185	-3343.322437486969
8440000	-4278.077047894404	-833.6982989223864	-3444.378748972018	469.0	5.059693496333328E-5	1.8692148698667637E-5	1.8692148698667637E-5	2.022107987399111E-5	-0.5843794701615174	30013.7038414765	-27744.344945902245	-27744.344945902245	75099.91705384628	3829.1787866335735	-3444.378748972018
8450000	-4195.276264501915	-857.9430392299059	-3337.333225272009	770.0	5.647332772452269E-5	2.759263440635992E-5	2.759263440635992E-5	3.320633574144094E-5	-0.6371783333759453	29810.373540353736	-24770.777029441448	-24770.777029441448	50697.88511575723	3741.6700126061764	-3337.333225272009
8460000	-4129.95487420162	-855.6062293252724	-3274.3486448763483	678.0	5.673333042089458E-5	2.32696522298943E-5	2.32696522298943E-5	2.920887205445535E-5	-0.571627824313152	26181.272935653014	-20857.673484028335	-20857.673484028335	50852.727401757395	3581.0157583461987	-3274.3486448763483
8470000	-4128.506151917748	-786.6291843978712	-3341.8769675198764	854.0	4.010907176088014E-5	1.5760363957059415E-5	1.5760363957059415E-5	2.276199400184607E-5	-0.5216026445157006	34250.53534881343	-23715.009448541678	-23715.009448541678	60353.11229950695	3761.074957510202	-3341.8769675198764
8480000	-4300.438668238704	-908.7336615558964	-3391.7050066828074	259.0	4.739224773207814E-5	1.868303298972094E-5	1.868303298972094E-5	2.6155557781052252E-5	-0.5306543566750095	29371.273009395645	-20980.032893130025	-20980.03289313002	53218.924188883386	3711.921474876643	-3391.7050066828074
8490000	-4282.965317560806	-833.7083849076387	-3449.2569326531675	114.0	3.157743901913119E-5	9.641426518022294E-6	9.641426518022294E-6	1.69531351423911E-5	-0.41670415517858234	38322.60691342514	-21794.470192769833	-21794.470192769833	71380.8845796848	3914.408094834655	-3449.2569326531675
8500000	-4319.871808806583	-947.6421409304329	-3372.2296678761504	879.0	4.500764179571629E-5	1.7492096686725E-5	1.7492096686725E-5	2.399887843082492E-5	-0.5322347997453208	30999.91556124289	-22594.952586662712	-22594.952586662715	58137.42918443179	3855.823278581723	-3372.2296678761504
8510000	-4319.023324064903	-911.0468032164454	-3407.9765208484578	373.0	4.7916589390236445E-5	1.6201758243361463E-5	1.6201758243361463E-5	1.876099316560863E-5	-0.5403700692928711	29476.826732232716	-25455.817625505533	-25455.817625505537	75285.40683255024	3797.3954593490225	-3407.9765208484578
8520000	-4231.67544993431	-899.1312777792964	-3332.5441721550137	918.0	5.193407955715919E-5	2.405172273166745E-5	2.405172273166745E-5	2.7249154474152514E-5	-0.6393570431918766	32568.409886782945	-28746.81359934427	-28746.813599344274	62072.03205937129	3675.4504596151	-3332.5441721550137
8530000	-4349.562695277938	-919.9281705178319	-3429.6345247601057	740.0	4.8523967237721756E-5	1.978754091565471E-5	1.978754091565471E-5	2.2369274533851533E-5	-0.6006033160383529	32237.06776030172	-28516.449934144184	-28516.449934144184	69929.42115641163	3728.060253964559	-3429.6345247601057
8540000	-4473.539123037986	-981.9107396933608	-3491.6283833446255	946.0	3.408009235799344E-5	1.1102441424357675E-5	1.1102441424357675E-5	2.0006669914041112E-5	-0.4251877127319222	35817.982870959626	-19876.724036136795	-19876.724036136795	61013.660422448986	3818.634350043399	-3491.6283833446255
8550000	-4312.799719099033	-959.1972738617488	-3353.6024452372835	643.0	5.175264480748559E-5	1.7940716078823354E-5	1.7940716078823354E-5	2.464533798829717E-5	-0.5023496563079165	25844.737201636784	-18813.825660923954	-18813.825660923958	54271.25832781215	3784.2605820431295	-3353.6024452372835
8560000	-4166.636542399489	-829.9579490002925	-3336.678593399197	551.0	5.5349498365876414E-5	1.7169143657059994E-5	1.7169143657059994E-5	2.146636984669558E-5	-0.49809534849007325	24028.443243628626	-19218.33066567042	-19218.330665670423	61955.62125994509	3584.9221069349187	-3336.678593399197
8570000	-4263.9218795422	-908.9247739203164	-3354.9971056218837	390.0	5.70186480709738E-5	2.0165489805511496E-5	2.0165489805511496E-5	2.7302902404083205E-5	-0.5110882645292665	23739.020174518075	-17533.263029592195	-17533.263029592195	49575.932142590245	3736.013932356348	-3354.9971056218837
8580000	-4210.384983760545	-888.3085047760217	-3322.0764789845234	684.0	5.1884521046748614E-5	2.0882922845762997E-5	2.0882922845762997E-5	2.6099398373363318E-5	-0.5674885844447181	28428.91118376039	-22746.836932663446	-22746.83693266345	56515.49585738146	3628.419112818158	-3322.0764789845234
8590000	-4292.3788051971615	-842.1941645807594	-3450.184640616402	648.0	3.969750615906283E-5	1.2416227189796862E-5	1.2416227189796862E-5	1.9949800975107138E-5	-0.4412033024777655	31279.348285886375	-19467.43705117402	-19467.43705117402	62241.830020250476	3745.0147506242793	-3450.184640616402
8600000	-4292.6223840514385	-920.3385924073642	-3372.2837916440744	293.0	4.712654397134362E-5	1.7547017518279477E-5	1.7547017518279477E-5	2.3621827329031397E-5	-0.5259128331150937	29332.32464659842	-21788.949993430848	-21788.949993430848	58519.227491801685	3599.8819763423217	-3372.2837916440744
8610000	-4330.038491869953	-940.6434910012664	-3389.3950008686866	385.0	4.697684197012623E-5	2.1282615979014497E-5	2.1282615979014497E-5	2.7188002000934538E-5	-0.5955173970650088	32984.87108754869	-25820.3726941563	-25820.3726941563	56992.973460554334	3640.9820948073543	-3389.3950008686866
8620000	-4365.452100039377	-1027.3357981735412	-3338.116301865836	672.0	5.070663462209387E-5	2.176393630217217E-5	2.176393630217217E-5	2.8416175169059386E-5	-0.573353201324785	29379.235672198447	-22501.543926025723	-22501.543926025723	52425.14729176568	3733.206538028534	-3338.116301865836
8630000	-4245.541572900577	-911.272214334762	-3334.2693585658153	731.0	5.448057845986827E-5	2.3585565908373963E-5	2.3585565908373963E-5	2.7472770406288244E-5	-0.6096410714282272	29212.257998315603	-25078.928195534103	-25078.928195534103	57930.113720998044	3628.6609887451013	-3334.2693585658153
8640000	-4236.903748647406	-924.3637464209299	-3312.5400022264766	269.0	7.108550738636314E-5	3.177094438593348E-5	3.177094438593348E-5	3.341422257193644E-5	-0.651889386031485	24463.619006124	-23260.522588815336	-23260.522588815333	52043.96917549535	3702.447608423676	-3312.5400022264766
8650000	-4284.288674586727	-895.3755503460538	-3388.913124240673	444.0	4.919537313945488E-5	2.254712425131748E-5	2.254712425131748E-5	2.8028475904852286E-5	-0.6071965386471906	32198.189088057617	-25901.393015457143	-25901.39301545714	56514.02280947773	3785.7919099269625	-3388.913124240673
8660000	-4243.638290750204	-865.9849629636504	-3377.6533277865533	286.0	5.2235243495638234E-5	2.0844614825560332E-5	2.0844614825560332E-5	2.4705197759781652E-5	-0.5802536692206881	28861.75000887835	-24351.63919659305	-24351.63919659305	61023.61754327944	3722.2266867455937	-3377.6533277865533
8670000	-4435.611343978291	-976.2408532270762	-3459.3704907512147	445.0	4.2411384520909773E-5	1.944655961372143E-5	1.944655961372143E-5	2.524159353626164E-5	-0.5943512352512375	36457.20659690004	-28087.261623077986	-28087.261623077986	61256.06156038171	3769.3298874077955	-3459.3704907512147
8680000	-4166.118444691535	-838.5305802460902	-3327.587864445445	534.0	5.0743966773339896E-5	1.84733598916514E-5	1.84733598916514E-5	2.3680522922993403E-5	-0.5329151169871602	27523.373719351053	-21471.197650635324	-21471.19765063533	58978.64527935938	3738.5385192850044	-3327.587864445445
8690000	-4255.264932691278	-834.787414578245	-3420.4775181130326	424.0	4.3830973356681536E-5	1.751385463921824E-5	1.751385463921824E-5	2.0308193683543158E-5	-0.5870235641166004	34810.49811386888	-30020.690829786905	-30020.690829786905	75131.15342199152	3854.646836114651	-3420.4775181130326
8700000	-4192.343275315959	-808.7444119970821	-3383.5988633188763	600.0	4.465095065488589E-5	1.6500242580714892E-5	1.6500242580714892E-5	2.0462899378085517E-5	-0.5458727185875116	31902.003965409556	-25724.155434391552	-25724.15543439155	69611.5823340742	3599.5448353696484	-3383.5988633188763
8710000	-4162.365100105638	-830.2544650710381	-3332.1106350345995	522.0	4.8454567617554156E-5	1.9564852002799076E-5	1.9564852002799076E-5	2.6202485871918847E-5	-0.5490829496807746	29545.677038705144	-22061.143412513673	-22061.143412513677	54636.915477268645	3743.9698024486456	-3332.1106350345995
8720000	-4124.545723817921	-777.7921006954066	-3346.7536231225145	352.0	4.867315897493422E-5	1.9420741654929694E-5	1.9420741654929694E-5	2.643793472511683E-5	-0.5413863245408819	29063.771066496083	-21349.624895783025	-21349.624895783025	53507.41516835355	3564.9568249708655	-3346.7536231225145
8730000	-4262.234089774512	-849.4461677701631	-3412.7879220043487	907.0	5.3759391955639086E-5	1.880299251100979E-5	1.880299251100979E-5	2.2617821989653478E-5	-0.5392304495959281	26227.580852098134	-21803.91226748091	-21803.912267480915	62339.28270021547	3798.9031973240485	-3412.7879220043487
8740000	-4406.931349068613	-929.1925073615704	-3477.738841707042	664.0	4.552756226752589E-5	1.9403966661813787E-5	1.9403966661813787E-5	2.2614684900790427E-5	-0.6047251777033338	34627.87046488659	-29711.581081847435	-29711.58108184743	69712.33672713442	3780.2474350852517	-3477.738841707042
8750000	-4178.810038857066	-818.0186182698478	-3360.7914205872175	652.0	4.618140929670316E-5	1.491851404494846E-5	1.491851404494846E-5	1.982639133554166E-5	-0.49302635968370473	28607.503752048946	-21525.92669503052	-21525.92669503052	66635.1640785996	3723.301785773432	-3360.7914205872175
8760000	-4383.975348798466	-952.0615218870761	-3431.91382691139	793.0	5.608929262757731E-5	1.9168514239652027E-5	1.9168514239652027E-5	2.1137654474823973E-5	-0.55669852820931	25835.46895443632	-23428.69002476324	-23428.69002476324	68555.06035837665	3809.434016809431	-3431.91382691139
8770000	-4319.839964461954	-913.829636169316	-3406.010328292638	788.0	4.259269470752925E-5	1.4980259712163056E-5	1.4980259712163056E-5	2.2893519413457255E-5	-0.47972848136643065	30496.696497914018	-19955.360538983845	-19955.360538983845	56738.173806526574	3788.299590634309	-3406.010328292638
8780000	-4118.347418581393	-830.8448912700226	-3287.5025273113706	75.0	5.2622723074302574E-5	2.0320939277845723E-5	2.0320939277845723E-5	2.510849980215694E-5	-0.5590449602566592	27642.271731445355	-22371.58451450605	-22371.584514506045	57933.03550312125	3677.9479504752535	-3287.5025273113706
8790000	-4190.878670573893	-763.5813841247909	-3427.297286449102	38.0	3.967789527196674E-5	1.3543847287659368E-5	1.3543847287659368E-5	1.7422398583266544E-5	-0.5151263459891011	34306.304347916506	-26669.080314716924	-26669.080314716924	78129.42314339106	3691.7951815069955	-3427.297286449102
8800000	-4177.282591583263	-794.5650317713436	-3382.7175598119193	335.0	4.479399779239266E-5	1.6204084250351463E-5	1.6204084250351463E-5	1.9218336718775276E-5	-0.5522766493064243	32121.905931976817	-27083.825079155285	-27083.825079155285	74869.5688112654	3761.1784438044356	-3382.7175598119193
8810000	-4227.043321240268	-867.8125319934719	-3359.230789246796	24.0	4.4001172689984736E-5	1.5931866132868962E-5	1.5931866132868962E-5	2.2735411246286802E-5	-0.5037129494898965	30453.545766311294	-21340.3579624851	-21340.357962485105	58938.53037317138	3680.7138376865787	-3359.230789246796
8820000	-4304.9927197546385	-828.3292128435332	-3476.6635069111057	216.0	3.986409668741237E-5	1.4286350621280453E-5	1.4286350621280453E-5	1.870567587030914E-5	-0.5231709710135233	34538.759173503124	-26378.77545819346	-26378.775458193464	73606.34519179366	3882.681613181625	-3476.6635069111057
8830000	-4208.69379567336	-822.83737850947	-3385.8564171638905	314.0	4.041970202470388E-5	1.8593847279523525E-5	1.8593847279523525E-5	2.216720511761359E-5	-0.6211796730748858	40284.91653076665	-33790.98003862685	-33790.98003862685	73455.55353614874	3794.5238319037685	-3385.8564171638905
8840000	-4337.779250435897	-870.4891378535511	-3467.2901125823455	435.0	4.327414213678485E-5	1.5867508046097805E-5	1.5867508046097805E-5	1.8893740593763944E-5	-0.5549265700318303	33391.042595063795	-28042.76021549939	-28042.760215499387	76478.70024378091	3870.327414806545	-3467.2901125823455
8850000	-4276.211723404123	-875.6100944071188	-3400.601628997005	486.0	4.2068158346906826E-5	1.8930157854520247E-5	1.8930157854520247E-5	2.4158142821822428E-5	-0.593807547398019	36717.97919136365	-28771.96096231493	-28771.960962314926	63939.42507059782	3891.981460748767	-3400.601628997005
8860000	-4250.038201686618	-867.3862375817993	-3382.651964104819	130.0	4.2375966769154755E-5	1.88745181803212E-5	1.88745181803212E-5	2.3980975096874126E-5	-0.5920830729970389	36336.486236049335	-28599.073528111097	-28599.073528111097	64208.97094578047	3712.7026342211075	-3382.651964104819
8870000	-4203.4820085946485	-878.7615494394034	-3324.7204591552454	357.0	5.0408455606288695E-5	1.7820528424353152E-5	1.7820528424353152E-5	2.49014589135359E-5	-0.5029866817991057	26556.65975377922	-19005.059568652316	-19005.059568652316	53759.10740402505	3518.4645720464728	-3324.7204591552454
8880000	-4305.13762215638	-885.3162612877114	-3419.821360868668	614.0	4.2842917781327744E-5	1.546105005905362E-5	1.546105005905362E-5	1.9973405062380044E-5	-0.5285345854467508	32388.874018193503	-25071.63906142698	-25071.639061426984	69474.07626578696	3624.3950903642826	-3419.821360868668
8890000	-4295.990591396821	-918.4399377694294	-3377.550653627392	44.0	4.8975736088145905E-5	2.040836391710299E-5	2.040836391710299E-5	2.72137322753696E-5	-0.5590152426332554	29699.223066873292	-22272.305256436488	-22272.30525643649	53448.799166097	3663.5729919079054	-3377.550653627392
8900000	-4368.548036002436	-952.2678497736568	-3416.280186228779	864.0	4.474148782419508E-5	2.0282695147160053E-5	2.0282695147160053E-5	2.7436682441299122E-5	-0.5789014720039266	33616.37077190753	-24851.05849729758	-24851.05849729758	54818.815897397246	3735.293883941153	-3416.280186228779
8910000	-4304.102833103853	-868.6087748609174	-3435.494058242936	657.0	4.138021391363533E-5	1.5210256435546478E-5	1.5210256435546478E-5	2.0376203921620823E-5	-0.5238157242024362	33304.25840192457	-24860.681245512453	-24860.68124551245	67634.64589418977	3865.1165605566625	-3435.494058242936
8920000	-4356.213497145148	-872.3823606406486	-3483.831136504499	975.0	5.399086018959217E-5	2.344221894466786E-5	2.344221894466786E-5	2.748833472892171E-5	-0.6085053194763551	29412.46249055873	-25083.126795602566	-25083.126795602566	57770.11106054999	3803.9566628793877	-3483.831136504499
8930000	-4155.852421946954	-849.5814184871516	-3306.2710034598017	740.0	5.07130659451615E-5	2.2004522027064017E-5	2.2004522027064017E-5	2.9385877735860106E-5	-0.5700102589479248	29209.1923293748	-21872.217729271262	-21872.21772927126	50408.14877538431	3653.54933412352	-3306.2710034598017
8940000	-4243.936925594934	-891.1716872117108	-3352.7652383832233	840.0	4.656732918105684E-5	1.8269218771318814E-5	1.8269218771318814E-5	2.285110588084771E-5	-0.560048579524927	31287.85737367151	-25014.31284008476	-25014.31284008476	63760.238182208595	3853.10735530371	-3352.7652383832233
8950000	-4342.078466138294	-922.1042373699693	-3419.974228768325	342.0	4.630439938867398E-5	1.662621321027227E-5	1.662621321027227E-5	2.1131203347502792E-5	-0.5315206026075676	30099.8550881469	-23682.82582226771	-23682.82582226771	65957.23341555339	3820.4119223550565	-3419.974228768325
8960000	-4272.10553731447	-890.9504104186383	-3381.1551268958315	555.0	4.826576667410517E-5	2.1169101677438394E-5	2.1169101677438394E-5	2.4346124697960816E-5	-0.6175439954192778	33490.62136891031	-29120.29646584514	-29120.29646584514	66394.57148997583	3827.8345553472554	-3381.1551268958315
8970000	-4195.190243016615	-753.5894755833118	-3441.6007674333027	806.0	3.3744062873851925E-5	1.2488622199182297E-5	1.2488622199182297E-5	1.81398336736959E-5	-0.504776573881265	39767.6040820835	-27378.563226187074	-27378.56322618707	73976.45185877089	3727.423891792779	-3441.6007674333027
8980000	-4355.6647055017675	-895.9475265470244	-3459.717178954743	944.0	5.2030820050609613E-5	1.5517350662812112E-5	1.5517350662812112E-5	2.340763773983177E-5	-0.4446399138236501	23955.48983996297	-15880.531828019046	-15880.531828019048	53248.59325579593	3694.7116645490464	-3459.717178954743
8990000	-4202.8394837788155	-881.1953376723034	-3321.6441461065124	366.0	4.985987185905946E-5	2.0702648873583234E-5	2.0702648873583234E-5	2.730014883583844E-5	-0.5611356097475432	29273.71689559217	-22199.273921852702	-22199.273921852706	53464.31559876817	3596.9232053807323	-3321.6441461065124
9000000	-4264.279576802401	-918.6163774790997	-3345.6631993233013	167.0	5.527646014294035E-5	2.299012814781474E-5	2.299012814781474E-5	3.110347964820789E-5	-0.5544556220769506	26121.04099211051	-19307.360030296266	-19307.36003029627	46421.77330714509	3683.2278810290463	-3345.6631993233013
9010000	-4215.517427149579	-933.3305310645088	-3282.1868960850697	700.0	6.073689964160608E-5	2.5614446483874153E-5	2.5614446483874153E-5	2.8010854043177312E-5	-0.6210055628255879	26799.70663363533	-24506.916150883386	-24506.916150883386	58110.726996132595	3765.9967519563456	-3282.1868960850697
9020000	-4201.772081792824	-821.9012634017663	-3379.870818391058	347.0	4.4959923550275055E-5	1.572763839370724E-5	1.572763839370724E-5	2.0789427064110892E-5	-0.5144337733908341	30246.53834644794	-22882.14178809923	-22882.141788099227	65412.194743180175	3674.0973909760387	-3379.870818391058
9030000	-4160.236551887076	-830.0025842255782	-3330.2339676614974	792.0	4.6204976762243015E-5	1.736867218107409E-5	1.736867218107409E-5	2.232776916054289E-5	-0.5407537918789864	30586.685633373618	-23793.246519694752	-23793.24651969475	63295.93828932695	3725.9469749074974	-3330.2339676614974
9040000	-4295.429859252036	-861.6263650970079	-3433.803494155028	932.0	4.569776029530955E-5	1.6935467398619062E-5	1.6935467398619062E-5	2.244543615836652E-5	-0.5287930092015349	30376.985340707404	-22919.95759298797	-22919.957592987972	61845.98885935854	3650.1954967009933	-3433.803494155028
9050000	-4183.7855609477265	-894.2831892091108	-3289.5023717386157	703.0	5.799529275225339E-5	2.2366206130843174E-5	2.2366206130843174E-5	2.7773188847500564E-5	-0.5572923442163288	25010.36754572389	-20141.26065996028	-20141.260659960284	52226.036974729665	3585.991076406454	-3289.5023717386157
9060000	-4306.676134711949	-909.2075989237572	-3397.468535788192	528.0	5.313691548014983E-5	1.9403353618496105E-5	1.9403353618496105E-5	2.3116134666221385E-5	-0.5536317908075747	27137.029322913997	-22778.43522331708	-22778.435223317076	62379.72110541167	3735.969764861169	-3397.468535788192
9070000	-4315.583430267648	-898.5180454479586	-3417.065384819689	404.0	4.712541252583436E-5	2.1414388363396325E-5	2.1414388363396325E-5	2.47894495374658E-5	-0.626534009842754	34932.57722076848	-30176.53837005456	-30176.538370054568	66407.77196892811	3845.3533550305615	-3417.065384819689
9080000	-4259.833208426558	-860.3913055758102	-3399.4419028507477	383.0	4.209373116766989E-5	1.3990798810605414E-5	1.3990798810605414E-5	2.154727970305666E-5	-0.4645554669330125	30294.393610690957	-19670.360803658277	-19670.360803658277	59181.67295870315	3724.309707492753	-3399.4419028507477
9090000	-4342.952625417174	-918.100656631096	-3424.8519687860785	994.0	4.382354928685514E-5	1.7630551421327374E-5	1.7630551421327374E-5	2.2502878270830336E-5	-0.561426730240822	33321.81762852051	-26106.972276220127	-26106.97227622013	64893.04610708291	3907.394808061476	-3424.8519687860785
9100000	-4252.880442088753	-913.3781027067478	-3339.5023393820047	911.0	4.825520659407285E-5	1.9524532239182758E-5	1.9524532239182758E-5	2.5848477800558935E-5	-0.5528293118593939	29844.119640204037	-22542.6224538681	-22542.6224538681	55714.46682346347	3702.993173056907	-3339.5023393820047
9110000	-4228.184914953669	-856.3408898253963	-3371.844025128273	491.0	4.894051275690867E-5	1.880764607677879E-5	1.880764607677879E-5	2.2752919369795773E-5	-0.563613805077181	29945.45976831692	-24753.0261842605	-24753.0261842605	64411.34572596009	3633.0664402308553	-3371.844025128273
9120000	-4320.002076436816	-958.9501232601428	-3361.051953176673	328.0	5.703039294008681E-5	2.1481008221239285E-5	2.1481008221239285E-5	2.9581772807066957E-5	-0.5229851781139716	24136.043819640185	-17526.55458140842	-17526.554581408418	46531.62851431258	3673.490639187552	-3361.051953176673
9130000	-4390.995980613921	-893.3582633348086	-3497.6377172791126	561.0	4.538573387813887E-5	1.7092377235002437E-5	1.7092377235002437E-5	1.907110751762348E-5	-0.5809715034542515	33259.29483392988	-29808.463580123407	-29808.46358012341	79151.01432428003	3873.6617760736717	-3497.6377172791126
9140000	-4322.966683092483	-895.0680000142944	-3427.8986830781887	181.0	4.5280254324444724E-5	1.4982264448015528E-5	1.4982264448015528E-5	1.9083355083680924E-5	-0.5096777373007114	29834.947593518933	-23423.29599164833	-23423.29599164833	70791.22140038492	3900.6824790562787	-3427.8986830781887
9150000	-4245.849500117534	-855.255170200946	-3390.594329916588	936.0	4.668859922577607E-5	1.7216627010090386E-5	1.7216627010090386E-5	2.3568878565188156E-5	-0.5190069688681859	29315.047709983333	-21414.096593940267	-21414.096593940267	58071.43135938128	3608.0561908577856	-3390.594329916588
9160000	-4340.64152353991	-886.5613600595465	-3454.0801634803634	7.0	3.372972999642926E-5	1.0881911286104648E-5	1.0881911286104648E-5	1.8741634997508703E-5	-0.43280773218419444	36481.18333323581	-21181.983359358037	-21181.983359358037	65655.98273276839	3732.014121960104	-3454.0801634803634
9170000	-4323.124883776962	-898.5382032616657	-3424.586680515296	384.0	4.5969016532498284E-5	1.9281437875378477E-5	1.9281437875378477E-5	2.2008418827952578E-5	-0.6061950560509408	34391.83421520347	-30130.470526966583	-30130.47052696658	71834.27432840723	3752.589536052847	-3424.586680515296
9180000	-4294.799924995186	-864.9104087913929	-3429.889516203793	257.0	4.192177715636361E-5	1.5952284592281235E-5	1.5952284592281235E-5	1.8452722804817497E-5	-0.5735520250659408	35547.83472458083	-30730.921510284898	-30730.921510284894	80759.26905085596	3896.0073804578547	-3429.889516203793
9190000	-4266.498499238684	-783.8450867328634	-3482.653412505821	308.0	3.53843279767163E-5	1.2437232859514114E-5	1.2437232859514114E-5	1.673855842611704E-5	-0.5110451410205529	38251.00438309118	-28421.602178148863	-28421.602178148856	80860.37340098998	3746.799608458451	-3482.653412505821
9200000	-4170.502094518846	-764.8119512687722	-3405.6901432500745	760.0	4.242304868647428E-5	1.5552025335517067E-5	1.5552025335517067E-5	2.0121295085782408E-5	-0.5323019440514108	32891.84290162683	-25422.557144415383	-25422.55714441538	69348.03385441827	3908.599371777732	-3405.6901432500745
9210000	-4288.479565314139	-842.71886668419	-3445.760698629949	81.0	4.997833265090131E-5	2.0094798846660596E-5	2.0094798846660596E-5	2.383712853053576E-5	-0.5821914355758904	30267.870641759127	-25515.941288135647	-25515.941288135644	63461.40667196745	3747.2075997640345	-3445.760698629949
9220000	-4295.374173228236	-885.225542139345	-3410.1486310888913	29.0	5.200901946782866E-5	1.98179569609677E-5	1.98179569609677E-5	2.3807945071409478E-5	-0.5631947424884567	28159.205111968713	-23439.986663704927	-23439.986663704927	61514.45000709832	3756.858795512989	-3410.1486310888913
9230000	-4298.34771945356	-953.3219819666597	-3345.0257374869	654.0	5.6168996246231434E-5	2.127539063208079E-5	2.127539063208079E-5	2.859291717465573E-5	-0.530884417559526	24790.259648082287	-18445.912834356004	-18445.912834356	48698.91353200138	3657.467729143276	-3345.0257374869
9240000	-4311.330608904678	-868.7593432610274	-3442.5712656436513	442.0	4.269423729935121E-5	1.5238147143479474E-5	1.5238147143479474E-5	2.0744018188922492E-5	-0.5120367010313315	31745.432542869057	-23319.56942073851	-23319.569420738513	65336.76444998329	3799.031303571275	-3442.5712656436513
9250000	-4144.390278608465	-841.4342607596889	-3302.9560178487764	54.0	5.5064789690675285E-5	2.007590911736735E-5	2.007590911736735E-5	2.2531079749377222E-5	-0.5699637381635725	26898.701505730514	-23967.599103596647	-23967.599103596647	65739.03061198132	3669.1674449347415	-3302.9560178487764
9260000	-4164.939911133419	-810.7459859495696	-3354.193925183849	268.0	4.933511839388274E-5	1.968644655796983E-5	1.968644655796983E-5	2.4009240073809753E-5	-0.5720052800848896	30126.689648963078	-24702.467213438304	-24702.467213438304	61905.491222467936	3816.5927014295658	-3354.193925183849
9270000	-4187.511249102556	-817.5293598859324	-3369.9818892166236	58.0	4.863947129864514E-5	1.7394471872111782E-5	1.7394471872111782E-5	2.3107804412157444E-5	-0.5188448173938853	28132.77564380484	-21177.03464562544	-21177.03464562544	59216.501449966716	3790.187813900183	-3369.9818892166236
9280000	-4318.618542628938	-979.4237820619367	-3339.194760567001	665.0	6.057046572067859E-5	2.2447588938562374E-5	2.2447588938562374E-5	2.6924508571054168E-5	-0.5558599088151474	23891.786191551302	-19919.137763299434	-19919.13776329943	53747.93054076088	3617.204254372095	-3339.194760567001
9290000	-4256.525324491862	-884.0634391165371	-3372.4618853753254	650.0	4.8479052163239075E-5	1.6510204714564473E-5	1.6510204714564473E-5	2.256194772615494E-5	-0.4992143995460989	27474.531929771943	-20105.096958075355	-20105.096958075355	59034.76431868251	3633.7467594306495	-3372.4618853753254
9300000	-4254.465063780301	-899.0454322909286	-3355.4196314893716	878.0	4.822326324522244E-5	1.931360444405525E-5	1.931360444405525E-5	2.391600391981633E-5	-0.5687098192544289	30650.052225255116	-24751.751457011753	-24751.751457011753	61801.525952820804	3662.265893775649	-3355.4196314893716
9310000	-4291.960302713201	-843.547784282858	-3448.4125184303425	6.0	3.7954653825821984E-5	1.4442316003166495E-5	1.4442316003166495E-5	1.865262271811988E-5	-0.5427931683656889	37352.059020232104	-28920.87873600074	-28920.87873600074	76004.5646780486	3810.1802774396638	-3448.4125184303425
9320000	-4375.782843356457	-949.3288956187503	-3426.453947737707	163.0	4.8546871071585616E-5	1.98845628948431E-5	1.98845628948431E-5	2.3390436606858396E-5	-0.5900872927594863	31602.86146422923	-26866.069112118297	-26866.069112118297	65591.7658478963	4011.601838588455	-3426.453947737707
9330000	-4213.670749230632	-771.7626068362933	-3441.9081423943385	189.0	4.2414991964371935E-5	1.898121158472827E-5	1.898121158472827E-5	2.0995613899345267E-5	-0.6360627271355723	39596.25604412283	-35797.23448619946	-35797.23448619946	79991.70159930673	3787.597329728452	-3441.9081423943385
9340000	-4238.136587247488	-832.464986019612	-3405.671601227876	481.0	4.3952545355136466E-5	1.7288222379512656E-5	1.7288222379512656E-5	2.0573065406825207E-5	-0.5749218593838559	33985.07135716156	-28558.771363809286	-28558.771363809286	72606.11681755705	3907.912413423505	-3405.671601227876
9350000	-4294.814490727022	-871.0175640466522	-3423.7969266803693	915.0	3.9830405007481406E-5	1.6309216888293643E-5	1.6309216888293643E-5	2.0214810051755023E-5	-0.5747657946438949	37492.216238058056	-30248.549686283433	-30248.54968628343	73873.07392780938	3655.5295127512145	-3423.7969266803693
9360000	-4183.832366967425	-873.8871987519806	-3309.945168215444	211.0	4.782929158720331E-5	1.966003900824692E-5	1.966003900824692E-5	2.939271952423075E-5	-0.5243454644310771	28835.733715108207	-19287.485433360394	-19287.48543336039	46922.93664265675	3632.822821798905	-3309.945168215444
9370000	-4220.6860696204885	-850.0302889975661	-3370.655780622922	666.0	4.565731321542617E-5	1.9967516428390195E-5	1.9967516428390195E-5	2.300904921857969E-5	-0.6160550732038393	35299.17525945125	-30633.028562195665	-30633.02856219566	70044.85434215926	3863.5190955940507	-3370.655780622922
9380000	-4379.570284188178	-883.2345234308696	-3496.335760757309	896.0	3.889594728863675E-5	1.5955116948895255E-5	1.5955116948895255E-5	1.817307567963218E-5	-0.6001137779582372	40179.852800850414	-35276.04582340793	-35276.04582340792	85997.18969742896	4007.88197882405	-3496.335760757309
9390000	-4289.395726590071	-935.9702045299981	-3353.4255220600726	118.0	5.39746301107388E-5	2.474139594282552E-5	2.474139594282552E-5	2.9672949134722243E-5	-0.6182284773389543	29989.343284787	-25005.20635496908	-25005.206354969076	54550.1461183123	3791.978137918912	-3353.4255220600726
9400000	-4409.1292706222575	-925.007921235288	-3484.1213493869695	729.0	5.008012472896027E-5	2.215501284658583E-5	2.215501284658583E-5	2.268421103919272E-5	-0.6573209371456563	35159.315444017695	-34339.0865123558	-34339.0865123558	77621.51832298978	3900.5046070446215	-3484.1213493869695
9410000	-4312.089463172673	-911.1801269682949	-3400.909336204378	926.0	4.562834803703074E-5	1.990221517795226E-5	1.990221517795226E-5	2.2095864331084357E-5	-0.6267993642701377	36098.477517790365	-32514.66683495329	-32514.66683495329	74543.99027385032	3865.830725182106	-3400.909336204378
9420000	-4283.574586187051	-858.3698654001485	-3425.2047207869027	388.0	4.6813659014445486E-5	1.895273001380738E-5	1.895273001380738E-5	2.186812636457738E-5	-0.5923517759917353	32908.10250069587	-28520.88796105884	-28520.88796105884	70447.21909854256	3774.6408538209757	-3425.2047207869027
9430000	-4288.482895166678	-860.2658122342867	-3428.217082932391	95.0	4.3032115886024224E-5	1.888752403907082E-5	1.888752403907082E-5	2.3492446283563562E-5	-0.5940384530064582	35910.67815928333	-28871.56955924786	-28871.56955924786	65779.12089032523	3847.2617656036405	-3428.217082932391
9440000	-4227.25252951756	-925.2218730642732	-3302.0306564532866	707.0	5.7814858487006105E-5	2.2934093361525526E-5	2.2934093361525526E-5	3.069516015593477E-5	-0.5444109988881678	24582.407655884967	-18366.909615949415	-18366.909615949415	46301.38473540744	3541.773222601196	-3302.0306564532866
9450000	-4220.517172772175	-796.148794126697	-3424.3683786454785	422.0	4.1317362068918925E-5	1.4046366422906182E-5	1.4046366422906182E-5	1.7774320598190468E-5	-0.5183238536798078	33093.89307338706	-26152.839198624326	-26152.83919862433	76928.53039471034	3604.4959575511994	-3424.3683786454785
9460000	-4186.2254339647025	-797.0893737633422	-3389.13606020136	717.0	4.878209034978126E-5	2.265702909898773E-5	2.265702909898773E-5	2.6510785354755033E-5	-0.6300303379316322	33992.084162355415	-29050.80440642582	-29050.80440642582	62548.31377479247	3889.084408838297	-3389.13606020136
9470000	-4169.923504887559	-762.8541277208162	-3407.069377166743	496.0	3.731149256628534E-5	1.424901819832288E-5	1.424901819832288E-5	1.895461109205201E-5	-0.535804295387707	37594.159723870725	-28261.190032050334	-28261.19003205033	74002.79563958554	3702.7327933521487	-3407.069377166743
9480000	-4395.776297673692	-896.2481321540137	-3499.528165519678	927.0	3.388828216179916E-5	8.591302074999057E-6	8.591302074999057E-6	1.4341654438476723E-5	-0.3897037501909279	34792.65051949624	-20842.37713892469	-20842.37713892469	82212.49250004863	3992.4948040828344	-3499.528165519678
9490000	-4287.875521443043	-846.41712225915	-3441.458399183893	956.0	4.638031564835448E-5	1.6357350756482273E-5	1.6357350756482273E-5	1.8517434460785415E-5	-0.5581561423838497	31317.457883784155	-27664.23418380445	-27664.23418380445	78440.32525293724	3911.722786127264	-3441.458399183893
9500000	-4285.815513917427	-872.3047741657764	-3413.5107397516504	235.0	4.4175877989840394E-5	1.7213866873169807E-5	1.7213866873169807E-5	2.310336358884882E-5	-0.5388256216009908	31897.763254310586	-23766.40302179262	-23766.403021792623	60991.62540779852	3843.4466453302093	-3413.5107397516504
9510000	-4223.8226923528755	-851.0711947816025	-3372.7514975712734	622.0	4.411668170115641E-5	1.6524444043638955E-5	1.6524444043638955E-5	2.38035156007806E-5	-0.509923333711823	30632.20355506416	-21264.931704559498	-21264.9317045595	56772.755617639974	3786.923276489166	-3372.7514975712734
9520000	-4213.5214738837785	-803.5726249749483	-3409.9488489088303	501.0	4.0522169659174604E-5	1.623927280698426E-5	1.623927280698426E-5	2.2183723968779743E-5	-0.541630367733497	34922.973596813805	-25564.85539884598	-25564.85539884598	63792.47519868989	3671.6738882812815	-3409.9488489088303
9530000	-4198.928816891468	-822.5561577376566	-3376.372659153811	161.0	4.851665129278643E-5	1.7455106604764975E-5	1.7455106604764975E-5	2.006963473256762E-5	-0.5593805513150955	29998.076371258314	-26090.142046706078	-26090.142046706078	72517.82257885256	3615.6116180434983	-3376.372659153811
9540000	-4241.6437266033045	-846.7587318577413	-3394.8849947455633	402.0	5.238187641202251E-5	1.5778712794325395E-5	1.5778712794325395E-5	1.7910416213966192E-5	-0.5151434784811701	25986.748667634358	-22893.797597242967	-22893.797597242967	76002.40222205721	3690.443819992344	-3394.8849947455633
9550000	-4325.9874983431155	-894.8860373871795	-3431.101460955936	570.0	5.582755868299184E-5	2.6507984803997738E-5	2.6507984803997738E-5	2.874320790924845E-5	-0.6617360221038843	31866.44210922903	-29388.3398768834	-29388.33987688341	61893.77582655708	3772.497575314993	-3431.101460955936
9560000	-4183.824964701887	-845.5177490293759	-3338.307215672511	835.0	5.2628262655143544E-5	2.0728680257676617E-5	2.0728680257676617E-5	2.6674771642414217E-5	-0.5532377172795596	27382.08644891649	-21278.32704236335	-21278.327042363355	54023.766613546104	3639.3400639588767	-3338.307215672511
9570000	-4241.478902784396	-817.0825691409236	-3424.396333643473	820.0	4.6024727167056616E-5	1.538724570508627E-5	1.538724570508627E-5	1.8376295729793093E-5	-0.5290982092795344	30174.706575729702	-25266.551593794095	-25266.551593794098	75574.67826567165	3748.286586038748	-3424.396333643473
9580000	-4271.480851325822	-846.1549365076356	-3425.325914818187	12.0	4.472232455615851E-5	1.5877969203537336E-5	1.5877969203537336E-5	1.942123967200926E-5	-0.5387587006743668	31504.814185109855	-25756.979360864254	-25756.97936086425	72547.8161468043	3848.011865500183	-3425.325914818187
9590000	-4241.767959688754	-815.5938044210221	-3426.1741552677317	603.0	4.188217846468671E-5	1.4250515884746459E-5	1.4250515884746459E-5	1.9286520351485385E-5	-0.5014054095141586	31895.190351213558	-23566.86994147054	-23566.86994147054	69262.88568957945	3822.5803042066345	-3426.1741552677317
9600000	-4211.723316230997	-913.8833306407092	-3297.8399855902876	325.0	6.708136389360789E-5	2.6895415611349483E-5	2.6895415611349483E-5	2.8760130834140196E-5	-0.6123248560025202	23849.408360225716	-22303.088731836775	-22303.08873183678	55627.38396726714	3788.497102113414	-3297.8399855902876
9610000	-4246.416510660489	-874.0884815532694	-3372.3280291072197	695.0	4.560203432597717E-5	1.8866096607698172E-5	1.8866096607698172E-5	2.5387409659137294E-5	-0.5544734428346612	31663.497106053157	-23530.033326002187	-23530.033326002183	56875.431613442575	3689.6110896647333	-3372.3280291072197
9620000	-4277.301758926388	-881.0859831771651	-3396.2157757492228	817.0	4.209452647654421E-5	1.5056963130183731E-5	1.5056963130183731E-5	2.02729700613386E-5	-0.5154254789973235	32350.366975243163	-24026.981804854848	-24026.98180485485	67171.87343763968	3756.850354635427	-3396.2157757492228
9630000	-4255.816876588724	-885.6290732264067	-3370.1878033623175	614.0	5.0087861527828864E-5	1.9881357516647138E-5	1.9881357516647138E-5	2.2574767262196747E-5	-0.5912459096471171	30695.03252825834	-27032.788803158324	-27032.788803158324	68104.7348577625	3755.0131779675053	-3370.1878033623175
9640000	-4275.020134363519	-858.6627119268826	-3416.3574224366366	761.0	4.775666820099248E-5	2.0752331210421628E-5	2.0752331210421628E-5	2.3562884165668044E-5	-0.6186366650821519	33921.704721230366	-29875.563901586473	-29875.563901586465	68751.66833541617	3773.341126846381	-3416.3574224366366
9650000	-4200.857849649706	-883.2927033064092	-3317.565146343297	471.0	5.0162501837465665E-5	1.893254531811343E-5	1.893254531811343E-5	2.3290929122138807E-5	-0.5538931622284872	28758.13881582872	-23376.68727340474	-23376.68727340474	61937.42566585203	3654.6815265222963	-3317.565146343297
9660000	-4354.915201444819	-964.2982682339923	-3390.6169332108266	578.0	5.139485488728167E-5	2.0575151365441023E-5	2.0575151365441023E-5	2.7476151332649627E-5	-0.5475266554276237	27787.48349560532	-20808.288324842306	-20808.288324842302	51977.20978637692	3746.2489706334436	-3390.6169332108266
9670000	-4219.19447215101	-934.114009883232	-3285.0804622677783	564.0	6.245312191969294E-5	2.7125948609405245E-5	2.7125948609405245E-5	3.4915767911206256E-5	-0.5808942253589489	24166.813428304427	-18775.120191438542	-18775.120191438542	43226.68627213436	3711.6741443207125	-3285.0804622677783
9680000	-4293.33671065555	-888.0966072687277	-3405.2401033868223	817.0	4.720548376368018E-5	1.588963695867756E-5	1.588963695867756E-5	1.9577765559003935E-5	-0.5226803660475215	29146.70736288243	-23655.947719938828	-23655.947719938828	70277.90873461074	3647.106708359092	-3405.2401033868223
9690000	-4296.9214736436925	-867.6440199263382	-3429.277453717354	448.0	4.584390104075901E-5	1.633715799864786E-5	1.633715799864786E-5	1.9918617524023546E-5	-0.5406374546975123	30822.11242324071	-25280.154102223787	-25280.154102223787	70938.95297171055	3736.4953614171104	-3429.277453717354
9700000	-4454.982797108621	-927.9657388259114	-3527.017058282709	143.0	4.701634704853194E-5	1.7193709333789405E-5	1.7193709333789405E-5	2.3888659546507408E-5	-0.5130376626368386	28867.289298977157	-20777.046133322634	-20777.04613332263	56815.012553917615	3586.494972522986	-3527.017058282709
9710000	-4191.991506496328	-817.6705104834886	-3374.3209960128397	6.0	4.301896371459807E-5	1.4144452488159789E-5	1.4144452488159789E-5	1.7832447132165916E-5	-0.5106821714958536	31446.76041827789	-24943.139062532617	-24943.139062532617	75862.10884850351	3673.827151464312	-3374.3209960128397
9720000	-4187.287169926827	-857.2651429018783	-3330.0220270249492	21.0	4.915134900166876E-5	1.9431172404830356E-5	1.9431172404830356E-5	2.4157665801491996E-5	-0.563902213951846	29831.22458679499	-23994.688591040427	-23994.688591040427	60694.80979086009	3670.33836196207	-3330.0220270249492
9730000	-4396.590390758113	-982.9892773699165	-3413.601113388197	746.0	4.813053299202745E-5	1.976250627742728E-5	1.976250627742728E-5	2.4058693221645423E-5	-0.5807586247829369	31350.872513658647	-25752.5132036921	-25752.5132036921	62718.87628917091	3804.003047523128	-3413.601113388197
9740000	-4090.3211355135227	-789.0848897293083	-3301.236245784214	357.0	4.412732755408362E-5	1.6715469717938666E-5	1.6715469717938666E-5	2.4935231626942454E-5	-0.5039159077596165	30374.806469581086	-20361.918642934525	-20361.918642934525	53753.62276670606	3500.512642326444	-3301.236245784214
9750000	-4275.8024210779295	-850.2938832906015	-3425.508537787328	130.0	4.431643370847126E-5	1.913307181271825E-5	1.913307181271825E-5	2.4233992624195645E-5	-0.5838345794444127	34234.13696361364	-27028.3238560238	-27028.323856023802	62603.58682291481	3791.905613343521	-3425.508537787328
9760000	-4313.273389299631	-910.733645792919	-3402.539743506712	243.0	4.991090350885083E-5	1.9766943565469624E-5	1.9766943565469624E-5	2.1622096593221154E-5	-0.6017178636642261	31407.091595492995	-28712.396341725816	-28712.396341725813	72497.88712014831	3794.4838995377017	-3402.539743506712
9770000	-4157.9396621061705	-800.4818070526345	-3357.4578550535357	260.0	5.05170524511717E-5	1.8832189119631253E-5	1.8832189119631253E-5	2.1852695661393576E-5	-0.5667992890753112	29164.831452544822	-25133.632484838636	-25133.63248483864	67420.57561441521	3627.2342882625194	-3357.4578550535357
9780000	-4241.558633450534	-896.353689405403	-3345.2049440451315	707.0	5.3777806354896195E-5	2.0208945764838156E-5	2.0208945764838156E-5	2.306768153033386E-5	-0.5737730469999772	27721.319892446332	-24285.867199072127	-24285.867199072123	64626.857758449994	3591.542857889268	-3345.2049440451315
9790000	-4261.632072323649	-933.1926897848622	-3328.4393825387865	93.0	6.038839997691984E-5	2.5902664962935498E-5	2.5902664962935498E-5	2.961673301886905E-5	-0.6124901538855261	26501.268598303428	-23177.89342792374	-23177.893427923736	54035.980504349536	3672.3990942805094	-3328.4393825387865
9800000	-4309.821275072844	-892.8899887204026	-3416.9312863524415	180.0	4.591105235681884E-5	1.8404542531184483E-5	1.8404542531184483E-5	2.2940369808153874E-5	-0.567108551137635	32107.364981501985	-25759.016498342622	-25759.016498342622	64257.155705540754	3899.1013405584467	-3416.9312863524415
9810000	-4229.647457338984	-833.5602118416567	-3396.087245497328	922.0	4.14563671541602E-5	1.4175818501032841E-5	1.4175818501032841E-5	1.8393063728168614E-5	-0.5133640888313772	32753.761279054845	-25243.830064425594	-25243.830064425587	73824.13138626219	3801.9321824693297	-3396.087245497328
9820000	-4206.518805892136	-896.0630094028834	-3310.455796489252	491.0	6.69680025230368E-5	2.6811811217676378E-5	2.6811811217676378E-5	2.6541252436704714E-5	-0.6359628895106185	25073.418431699454	-25329.01426470888	-25329.01426470888	63264.41274011261	3563.9306128732424	-3310.455796489252
9830000	-4344.608977099846	-926.5867557796937	-3418.0222213201528	989.0	4.451392656542212E-5	1.6801260682043044E-5	1.6801260682043044E-5	2.1299433017392583E-5	-0.5456446436618242	31988.861936458386	-25233.216671892194	-25233.216671892194	66853.88526484126	3624.453776419329	-3418.0222213201528
9840000	-4155.951633733124	-846.8152641401529	-3309.1363695929713	529.0	4.8936096679812546E-5	1.9220711190601238E-5	1.9220711190601238E-5	2.4260235042353237E-5	-0.557836963573949	29666.494816554936	-23503.940827902246	-23503.940827902246	59841.23632601333	3758.968453363757	-3309.1363695929713
9850000	-4250.018284396909	-786.9470367409693	-3463.0712476559397	892.0	4.330016208945934E-5	1.814047077278489E-5	1.814047077278489E-5	1.9064708383741442E-5	-0.6313769300441285	38403.75140441611	-36541.97671920473	-36541.97671920474	87223.39871050144	3920.2246072785574	-3463.0712476559397
9860000	-4435.674583396169	-961.5196931280896	-3474.1548902680793	213.0	4.874786723780637E-5	1.7799276980601104E-5	1.7799276980601104E-5	2.063652695397546E-5	-0.5611852490741166	29943.924770836064	-25827.03049166513	-25827.030491665133	70733.92109840353	3762.4742984674485	-3474.1548902680793
9870000	-4312.263518955268	-957.9699379226288	-3354.2935810326394	122.0	4.627614249014989E-5	1.847448657505699E-5	1.847448657505699E-5	2.6420909132271873E-5	-0.528347825320492	29977.73428425392	-20961.551580698866	-20961.551580698866	52505.91099363502	3667.8280687184324	-3354.2935810326394
9880000	-4258.903786393971	-924.1817892643405	-3334.721997129631	821.0	5.216471333992833E-5	2.2121267356862595E-5	2.2121267356862595E-5	2.767253715379978E-5	-0.5822333828626148	29001.395645225963	-23183.549207091826	-23183.549207091826	54669.706716188295	3821.9144635608336	-3334.721997129631
9890000	-4498.794013213767	-971.0600862752965	-3527.7339269384706	524.0	2.8282569863507854E-5	8.202145222485374E-6	8.202145222485374E-6	1.7052736855705852E-5	-0.3734831171851118	41088.94850355631	-19763.251231583145	-19763.251231583145	68147.48075356997	3837.7384337469293	-3527.7339269384706
9900000	-4329.583399165388	-869.2250233948561	-3460.358375770532	427.0	3.875920516991641E-5	1.22134729935352E-5	1.22134729935352E-5	1.670427057174568E-5	-0.47999640780750363	33524.17758170194	-24511.494576551602	-24511.494576551602	77786.72354839058	3795.474962545949	-3460.358375770532
9910000	-4277.893081350376	-941.8495817499628	-3336.0434996004133	607.0	5.988714147456163E-5	2.605926728467266E-5	2.605926728467266E-5	2.995081626938687E-5	-0.6153058964447917	26871.759753390772	-23380.27663502657	-23380.27663502657	53730.51817845124	3632.022268649186	-3336.0434996004133
9920000	-4331.523654295026	-973.2542911389838	-3358.269363156042	100.0	5.353182646699757E-5	1.9865948991826203E-5	1.9865948991826203E-5	2.6477574497652457E-5	-0.5276721655839781	25888.937874362113	-19424.298827305145	-19424.29882730515	52341.73280593009	3666.936071594068	-3358.269363156042
9930000	-4102.466546196243	-791.289976832948	-3311.1765693632956	69.0	6.088065677214464E-5	2.309559695054503E-5	2.309559695054503E-5	2.6846066855729506E-5	-0.5712802284892853	24383.357868536532	-20976.93523073504	-20976.93523073504	55295.80363947902	3523.065005215422	-3311.1765693632956
9940000	-4237.065066015729	-856.1723747288399	-3380.8926912868887	937.0	4.3747581861543356E-5	1.4722138860144832E-5	1.4722138860144832E-5	2.0969157027606953E-5	-0.48607512609099257	29929.919205974766	-21013.359098945246	-21013.35909894525	62442.261691727486	3861.2323275026183	-3380.8926912868887
9950000	-4173.7503228768355	-846.688591675482	-3327.0617312013537	636.0	5.436592956214792E-5	2.266194954980344E-5	2.266194954980344E-5	2.6002394654221876E-5	-0.602736076225709	28888.968905765367	-25177.69476981605	-25177.694769816047	60401.19264165213	3678.054561081663	-3327.0617312013537
9960000	-4274.242124248891	-854.6104495937461	-3419.6316746551447	163.0	4.512951481563847E-5	1.8740633360286242E-5	1.8740633360286242E-5	1.9874126343817874E-5	-0.6257630405484128	36419.62026909922	-34342.478193832525	-34342.478193832525	82700.48021635454	3852.5607779550564	-3419.6316746551447
9970000	-4217.141438695258	-829.654246260775	-3387.487192434483	934.0	3.910552711660299E-5	1.1778349896631891E-5	1.1778349896631891E-5	1.7959510967780605E-5	-0.4444451037478436	31866.46103790454	-20898.91694407368	-20898.916944073677	69386.8980321097	3689.9886229579492	-3387.487192434483
9980000	-4294.654541241682	-915.353254234162	-3379.3012870075195	310.0	5.064171661738344E-5	2.093847821063866E-5	2.093847821063866E-5	2.726683178386139E-5	-0.5634735901443918	28932.802870219457	-22217.794398444123	-22217.79439844412	53735.86544687946	3712.8274853347634	-3379.3012870075195
9990000	-4260.629356780908	-869.7685312009426	-3390.860825579966	758.0	4.660877174262578E-5	1.8310303627657988E-5	1.8310303627657988E-5	2.3094824671106298E-5	-0.5580901815022151	31160.62069386548	-24705.12048722249	-24705.120487222495	62886.74098902982	3616.7352827294717	-3390.860825579966
10000000	-4327.351204226326	-929.1105166347238	-3398.2406875916026	634.0	4.592338928465019E-5	1.67010536663145E-5	1.67010536663145E-5	2.180963588449121E-5	-0.5277189597179652	30180.198199187682	-23110.936489456224	-23110.93648945622	63548.83675865309	3651.172974035226	-3398.2406875916026
10010000	-4366.781016279699	-885.6404264678108	-3481.140589811888	8.0	3.664439440712193E-5	1.3795598143269192E-5	1.3795598143269192E-5	2.0713714061648585E-5	-0.5007347969385084	36421.44735722744	-24257.1491544744	-24257.1491544744	64432.765551570425	3830.7829391856126	-3481.140589811888
10020000	-4268.14446043535	-822.7755996803734	-3445.3688607549766	486.0	4.4442557306011126E-5	2.0621384509731416E-5	2.0621384509731416E-5	2.407630523399784E-5	-0.6304104148592129	37340.858067144065	-31982.49003084362	-31982.49003084362	68927.65349067292	3961.7552891590426	-3445.3688607549766
10030000	-4248.538548219999	-868.1167343054697	-3380.4218139145296	710.0	4.7437338156457514E-5	1.9139908011858354E-5	1.9139908011858354E-5	2.4911929680698025E-5	-0.556770229815227	30551.05751136492	-23472.46632145015	-23472.466321450152	58175.37480153128	3846.882807725157	-3380.4218139145296
10040000	-4239.5686704451855	-911.4468866708356	-3328.1217837743498	531.0	4.51055062982E-5	1.9513997220756764E-5	1.9513997220756764E-5	2.6350537424022002E-5	-0.5660264412453494	32621.811801924636	-24158.21486276325	-24158.214862763245	55840.35399403314	3618.433484292623	-3328.1217837743498
10050000	-4219.969389891156	-917.6603956642231	-3302.3089942269335	416.0	5.249199793144331E-5	2.1844746304215268E-5	2.1844746304215268E-5	3.0308977676337297E-5	-0.5476647766164158	27212.571977965992	-19613.05780392463	-19613.05780392463	47129.34521350915	3594.756034142652	-3302.3089942269335
10060000	-4138.668228136553	-840.5737417244374	-3298.094486412115	383.0	4.573167591317401E-5	2.0404064596100336E-5	2.0404064596100336E-5	2.706985887025843E-5	-0.5799160590791241	32946.765882556945	-24833.81766126913	-24833.81766126913	55660.091430462955	3677.14256199153	-3298.094486412115
10070000	-4343.293259962084	-935.6168912654933	-3407.676368696591	394.0	5.333447551847437E-5	1.8276004091011898E-5	1.8276004091011898E-5	2.078927088827269E-5	-0.5488549724768235	26832.741203299585	-23588.864209817028	-23588.86420981703	68838.88263768957	3717.578442002638	-3407.676368696591
10080000	-4295.470182019051	-888.9460914439228	-3406.524090575129	181.0	4.717686111250825E-5	1.669074447926208E-5	1.669074447926208E-5	1.8675037872591605E-5	-0.5623160012100188	30998.552000327494	-27704.838629748097	-27704.838629748097	78308.50959368738	3848.367045904623	-3406.524090575129
10090000	-4420.795912475158	-963.9243959789649	-3456.871516496193	385.0	4.706378633095161E-5	1.7447668649616413E-5	1.7447668649616413E-5	2.195284449372726E-5	-0.5428109157107613	30123.441055925778	-23941.49051072734	-23941.490510727344	64580.38701154205	3610.3390964820833	-3456.871516496193
10100000	-4175.099453188919	-878.6323596386958	-3296.467093550223	268.0	5.780013815199488E-5	2.5909599349403402E-5	2.5909599349403402E-5	3.0301064864389162E-5	-0.6191092796690748	28053.985592668378	-23988.184247419384	-23988.18424741938	53513.770893113935	3674.501606741328	-3296.467093550223
10110000	-4186.362061073262	-894.6066561851569	-3291.7554048881057	650.0	5.677157735919835E-5	2.2672524565901136E-5	2.2672524565901136E-5	2.989191640477327E-5	-0.5503735079747699	25268.57833735605	-19165.799052201914	-19165.799052201914	47990.80227613307	3602.189776879745	-3291.7554048881057
10120000	-4357.509696648298	-883.6325439084095	-3473.877152739888	41.0	4.409392949126933E-5	1.0577538820441797E-5	1.0577538820441797E-5	1.657876737516076E-5	-0.3912182511699881	26777.147220342733	-17084.280623191626	-17084.280623191622	71218.18014529455	3677.6294688464172	-3473.877152739888
10130000	-4392.111476896059	-910.7036445810922	-3481.4078323149665	40.0	3.911712729918943E-5	1.2811449270805733E-5	1.2811449270805733E-5	1.6670433905789572E-5	-0.5016968018739933	34163.08773381672	-26254.785442859687	-26254.785442859684	80163.59138396349	3842.2564950895335	-3481.4078323149665
10140000	-4079.5803459028684	-780.0227652458199	-3299.5575806570487	489.0	5.186121697862693E-5	1.9777253531181936E-5	1.9777253531181936E-5	2.5813782142195213E-5	-0.5405287629345809	27241.383187147352	-20871.011418029808	-20871.011418029808	54729.34095764496	3579.1109990624464	-3299.5575806570487
10150000	-4198.030194019375	-773.7026836602103	-3424.3275103591645	358.0	3.981532440529993E-5	1.6707993704520204E-5	1.6707993704520204E-5	1.898213999571831E-5	-0.6077522671842032	39826.31905909133	-35054.94576815919	-35054.945768159196	83536.30378684265	3751.428883941532	-3424.3275103591645
10160000	-4269.048213300163	-881.4359711816246	-3387.6122421185387	55.0	5.2814182492836644E-5	2.0651412480738933E-5	2.0651412480738933E-5	2.4279008504501596E-5	-0.576712024591254	28370.1170173857	-24131.256782756747	-24131.25678275675	61713.580158000645	3768.415151787105	-3387.6122421185387
10170000	-4326.824520254686	-835.7185789558663	-3491.1059412988197	283.0	3.887378269923267E-5	1.3095716597088084E-5	1.3095716597088084E-5	1.785935180208737E-5	-0.4970133114000929	34163.39666539788	-25050.97417206732	-25050.97417206732	74362.18699063566	3729.8880960954434	-3491.1059412988197
10180000	-4140.03975931189	-818.391883729652	-3321.6478755822372	597.0	4.578710604304878E-5	1.609581012267377E-5	1.609581012267377E-5	2.0707135081763632E-5	-0.5227345846110325	30051.947997764597	-23359.60271078153	-23359.602710781528	66450.12573398644	3560.463864713864	-3321.6478755822372
10190000	-4109.814399144584	-826.7881010221096	-3283.026298122474	126.0	5.447208107984645E-5	2.567298470893053E-5	2.567298470893053E-5	2.9626766463424816E-5	-0.6390682642445232	31031.58229742281	-26890.323613249315	-26890.32361324931	57054.99008904465	3654.543695774502	-3283.026298122474
10200000	-4266.959370490829	-885.5951336291054	-3381.3642368617243	845.0	5.089675316344582E-5	2.0171053396011242E-5	2.0171053396011242E-5	2.4060167769785955E-5	-0.5764135934583966	29423.730619186037	-24667.643513889445	-24667.643513889445	62242.805985461215	3815.7665822397826	-3381.3642368617243
10210000	-4332.443149118884	-951.786454821787	-3380.6566942970976	45.0	5.179779624759223E-5	1.8800502453712774E-5	1.8800502453712774E-5	2.5189916730976634E-5	-0.5204756889849962	26478.818728133778	-19762.474873825995	-19762.474873825995	54448.15368008669	3837.2450743204186	-3380.6566942970976
10220000	-4222.635426549366	-909.4545938302365	-3313.1808327191293	284.0	5.890896424117301E-5	2.623393249674071E-5	2.623393249674071E-5	2.959323972962559E-5	-0.6283135810479287	28048.127649571587	-24864.2154134348	-24864.2154134348	55833.229610422684	3699.6484516368596	-3313.1808327191293
10230000	-4180.555117527194	-807.5240951991632	-3373.0310223280308	723.0	4.4898085124860214E-5	1.7024240594893575E-5	1.7024240594893575E-5	2.0166795723606147E-5	-0.5657641038372705	32758.207310778405	-27653.555396671138	-27653.55539667114	72930.81164379187	3779.3656633621817	-3373.0310223280308
10240000	-4210.03806347742	-802.0768682913439	-3407.9611951860766	566.0	4.5857784646319806E-5	1.5165756689011866E-5	1.5165756689011866E-5	1.7793523976707614E-5	-0.5309169183972833	30365.85664617623	-25881.393373913	-25881.393373913	78259.42272616808	3588.62144647971	-3407.9611951860766
10250000	-4320.305564083562	-851.255200200028	-3469.050363883534	529.0	3.8991483091089796E-5	1.4767616524302404E-5	1.4767616524302404E-5	2.0127962752573822E-5	-0.5271395713489956	35515.549884044034	-26057.28298410271	-26057.282984102712	68800.00623000856	3890.5269244112496	-3469.050363883534
10260000	-4411.536709546472	-919.7125845923871	-3491.8241249540847	557.0	3.8024144455813916E-5	1.288772206309309E-5	1.288772206309309E-5	1.883561659508285E-5	-0.4815667742370884	34239.42728475296	-23427.330887621585	-23427.330887621585	69120.37748207606	3952.862791589231	-3491.8241249540847
10270000	-4312.799177325158	-946.1166770084512	-3366.6825003167064	637.0	5.084665034167231E-5	1.9491391085661726E-5	1.9491391085661726E-5	2.5469617026808417E-5	-0.5416271851387823	27831.6810900603	-21299.03171008767	-21299.031710087675	55562.1922119086	3676.2996143599225	-3366.6825003167064
10280000	-4391.522814065346	-891.2902092790465	-3500.2326047862994	426.0	4.071726941704926E-5	1.2570206735046411E-5	1.2570206735046411E-5	1.508345468557851E-5	-0.5072273770369943	33067.09238346487	-27557.359772788008	-27557.35977278801	89263.48356410082	3819.180244952323	-3500.2326047862994
10290000	-4303.361063631967	-933.9427918181964	-3369.418271813771	678.0	4.95001596363025E-5	2.39606860464352E-5	2.39606860464352E-5	2.9644231770462478E-5	-0.6254978897978748	33185.832840677336	-26823.27300777757	-26823.273007777574	55413.95155714472	3738.209724334746	-3369.418271813771
10300000	-4253.866246185724	-880.784757534669	-3373.081488651055	145.0	5.635442881082949E-5	1.9496987672230945E-5	1.9496987672230945E-5	2.1795106214270442E-5	-0.5563191323989414	25698.19319865395	-22988.525546377416	-22988.525546377412	66446.42998951144	3673.0014657979605	-3373.081488651055
10310000	-4175.81116365	-870.0468567019796	-3305.7643069480205	405.0	5.653633497289478E-5	2.0366400594032306E-5	2.0366400594032306E-5	2.4330478434046367E-5	-0.549129950572651	25324.04701664268	-21198.090600690182	-21198.090600690182	58845.07404502109	3745.601578827622	-3305.7643069480205
10320000	-4247.587466227661	-831.3077798035418	-3416.279686424119	584.0	4.524430693600522E-5	1.8605249930163068E-5	1.8605249930163068E-5	1.9955602829800365E-5	-0.6191859776475953	35844.819210108944	-33419.277071884826	-33419.27707188483	81269.10603702418	3889.548570586799	-3416.279686424119
10330000	-4269.747934903965	-907.2607611424719	-3362.487173761493	233.0	5.386450205632463E-5	2.0529716203264066E-5	2.0529716203264066E-5	2.5768530129651414E-5	-0.5510446596690584	26660.59919700315	-21240.425145306832	-21240.425145306832	55729.21284390114	3651.759601822262	-3362.487173761493
10340000	-4324.480578977644	-880.1463950710823	-3444.3341839065615	194.0	4.838621133345546E-5	1.8378489876659327E-5	1.8378489876659327E-5	2.088218184941777E-5	-0.578177354622658	31045.072881360782	-27322.89000184855	-27322.89000184855	71934.69859290266	3844.939821838666	-3444.3341839065615
10350000	-4251.260734712162	-907.9845616713993	-3343.2761730407624	648.0	4.8845869033074476E-5	2.3497525117655175E-5	2.3497525117655175E-5	3.085540001829479E-5	-0.6052608893054356	32308.46882893508	-24604.090608799583	-24604.090608799583	51146.1603525355	3720.6438685756593	-3343.2761730407624
10360000	-4290.297540004257	-846.6540517864811	-3443.643488217776	761.0	4.7859355585762736E-5	1.999174432580934E-5	1.999174432580934E-5	2.2750227461131877E-5	-0.6058629484860508	33012.42382449934	-29009.641235552393	-29009.641235552397	69447.80368741039	3772.29503521823	-3443.643488217776
10370000	-4335.955837993113	-843.5854635898528	-3492.3703744032605	333.0	3.621022498521598E-5	1.212248579877897E-5	1.212248579877897E-5	1.6964801993599544E-5	-0.48910451835311736	36300.41027609201	-25939.07127402945	-25939.07127402945	77480.77600014723	3911.573914374069	-3492.3703744032605
10380000	-4146.781406758117	-784.6601512512912	-3362.1212555068255	927.0	3.934305439631821E-5	1.243073060904882E-5	1.243073060904882E-5	1.888268461619054E-5	-0.4560692048678733	32092.700439550976	-21127.065445921933	-21127.065445921933	66866.80865470738	3760.02997735383	-3362.1212555068255
10390000	-4148.132036594405	-787.2221876871599	-3360.909848907245	732.0	4.6851783502008514E-5	1.5822500317356157E-5	1.5822500317356157E-5	2.1099264522648342E-5	-0.5032437509167905	28582.560139223922	-21434.281104361293	-21434.281104361296	63468.748786887605	3669.187084166217	-3360.909848907245
10400000	-4158.501442662438	-881.7512501407775	-3276.7501925216607	730.0	5.6881277982086493E-5	1.919342127399838E-5	1.919342127399838E-5	2.753990699240666E-5	-0.48493830304254665	22985.97820264096	-16019.646077957876	-16019.646077957876	47475.53490994356	3523.487404620652	-3276.7501925216607
10410000	-4081.826272222089	-802.3401272715585	-3279.48614495053	496.0	4.9996378262512994E-5	2.099480657162905E-5	2.099480657162905E-5	2.8231841167884687E-5	-0.5588213680258207	29083.76552976228	-21628.346094783665	-21628.346094783665	51505.06954460813	3569.0610901607056	-3279.48614495053
10420000	-4142.055534273175	-823.6105231446653	-3318.44501112851	52.0	5.1521261063089586E-5	2.0722926821959595E-5	2.0722926821959595E-5	2.7088232204016363E-5	-0.554711946765995	28036.418638075993	-21448.304467078833	-21448.304467078833	53324.69217803783	3701.560723047489	-3318.44501112851
10430000	-4288.266002583066	-876.5370557493999	-3411.7289468336667	323.0	4.656388454304708E-5	1.4330244773981862E-5	1.4330244773981862E-5	2.151787098492049E-5	-0.4527196624556227	27012.14897876201	-17989.26608530152	-17989.26608530152	58453.30084877395	3770.7932113755646	-3411.7289468336667
10440000	-4189.34070999706	-806.2483829819143	-3383.0923270151457	272.0	4.7321948993285535E-5	2.079384704369136E-5	2.079384704369136E-5	2.306190726388872E-5	-0.629442296542772	34997.94508262167	-31556.016098940494	-31556.016098940498	71814.13718816446	3837.8872620839707	-3383.0923270151457
10450000	-4229.316341706201	-833.7967401728603	-3395.51960153334	711.0	3.977119535850337E-5	1.7553842617865425E-5	1.7553842617865425E-5	2.3459472506337944E-5	-0.574683538034305	37542.73222936071	-28091.81718901895	-28091.81718901895	63646.75665160398	3698.4296570424435	-3395.51960153334
10460000	-4280.975923776877	-934.9228954367362	-3346.053028340141	719.0	6.270570945644643E-5	2.3309372221632067E-5	2.3309372221632067E-5	2.6004990235744796E-5	-0.5772297239516169	23916.273738747357	-21437.167315857667	-21437.16731585767	57669.19728665608	3697.971550972634	-3346.053028340141
10470000	-4330.227207491428	-915.4328424613993	-3414.794365030029	688.0	4.172712442969887E-5	1.5677615394386585E-5	1.5677615394386585E-5	2.1382239836076403E-5	-0.5248608498889171	33077.335045845066	-24252.54515408993	-24252.545154089934	64549.9295603301	3985.9184108884338	-3414.794365030029
10480000	-4284.403157323523	-864.8283293664493	-3419.574827957074	87.0	4.614120419971418E-5	1.5695311905357043E-5	1.5695311905357043E-5	1.8682788806716765E-5	-0.5345700659016003	30343.805192922227	-25491.66999774068	-25491.66999774068	74940.61652613735	3876.3386675808824	-3419.574827957074
10490000	-4454.80239958033	-962.5838558380304	-3492.218543742299	947.0	3.390196910725086E-5	1.3867097630826928E-5	1.3867097630826928E-5	1.902852863851119E-5	-0.5459721716948371	42023.375278317435	-30624.661466568385	-30624.66146656838	74870.48512960564	3961.2294327134628	-3492.218543742299
10500000	-4177.661660341185	-867.9358397789655	-3309.7258205622197	129.0	5.504127834883643E-5	2.3371412023868363E-5	2.3371412023868363E-5	2.8955246445980583E-5	-0.5854328162392822	27641.95295541776	-22311.37879868168	-22311.378798681682	52544.827396410925	3646.491121104027	-3309.7258205622197
10510000	-4170.192946212488	-795.2123567866821	-3374.9805894258056	631.0	4.486360778997431E-5	1.7825359765974816E-5	1.7825359765974816E-5	2.3174435447063605E-5	-0.5528236636075355	32099.986556054842	-24690.733465834404	-24690.733465834404	62142.6662239044	3724.6837084094677	-3374.9805894258056
10520000	-4352.447061208277	-987.0399351262361	-3365.4071260820406	855.0	5.402555701803464E-5	2.4668211779086423E-5	2.4668211779086423E-5	2.8704318283571775E-5	-0.6264182805419009	30463.71635466299	-26180.22135871242	-26180.221358712417	57336.99120254058	3798.1500794985627	-3365.4071260820406
10530000	-4249.7412141318755	-863.6183922218422	-3386.1228219100335	874.0	5.367402224840188E-5	2.242629636317237E-5	2.242629636317237E-5	2.7322185095299934E-5	-0.5856225233142137	28355.669803911296	-23274.589948816523	-23274.589948816523	55704.287435827595	3747.821955531096	-3386.1228219100335
10540000	-4196.975364387989	-876.8356633050777	-3320.1397010829114	922.0	5.8617454163381746E-5	2.321403950234561E-5	2.321403950234561E-5	2.712720211554385E-5	-0.5821497848401359	25805.056889702748	-22082.616830380255	-22082.61683038025	55760.514223797385	3669.883043286749	-3320.1397010829114
10550000	-4209.728815916165	-887.2402605583763	-3322.4885553577888	779.0	4.9829117569634035E-5	1.920626804317657E-5	1.920626804317657E-5	2.493754459829889E-5	-0.5448469732103405	28541.309975994725	-21981.79726723126	-21981.797267231257	57030.004889985204	3784.5840918841936	-3322.4885553577888
10560000	-4445.507480321776	-927.3048096416417	-3518.2026706801344	466.0	4.370710743707436E-5	1.10220440280232E-5	1.10220440280232E-5	1.3976611606619763E-5	-0.4459489650013717	28559.14485198713	-22521.921680373838	-22521.921680373838	89309.02907580018	3805.8360678631584	-3518.2026706801344
10570000	-4171.755075944676	-840.1705908209512	-3331.584485123725	793.0	4.699786986811651E-5	1.943383269087968E-5	1.943383269087968E-5	2.9322390631045277E-5	-0.5235036146875202	29310.196239884786	-19425.750684178318	-19425.750684178318	46978.32472201662	3716.56423088467	-3331.584485123725
10580000	-4245.657775236925	-884.4403989320066	-3361.2173763049186	81.0	4.98350974151956E-5	2.2601194866687486E-5	2.2601194866687486E-5	3.0223874814772257E-5	-0.5823561592675484	30363.677192779025	-22705.738073259163	-22705.738073259163	50065.61270053016	3838.4455241746987	-3361.2173763049186
10590000	-4261.969292950714	-873.774906742021	-3388.194386208693	226.0	4.776177233166504E-5	1.8861912757052816E-5	1.8861912757052816E-5	2.191335268741331E-5	-0.5830302662198537	31719.4621960694	-27302.519024692392	-27302.51902469239	69134.91301409584	3738.6831879871506	-3388.194386208693
10600000	-4213.678341459587	-899.740204632541	-3313.938136827045	314.0	5.11728579743592E-5	2.0005781694525467E-5	2.0005781694525467E-5	2.6666184446654305E-5	-0.5415708116303901	27651.87512759596	-20745.27678879723	-20745.276788797233	53064.415025702	3645.348950181016	-3313.938136827045
10610000	-4278.705031379615	-876.7452378318392	-3401.9597935477764	844.0	4.6757628150745536E-5	1.5276595379527442E-5	1.5276595379527442E-5	1.921135715942745E-5	-0.5097078432840234	28893.467863347087	-22975.67079705927	-22975.670797059272	70322.4668162987	3884.505246001929	-3401.9597935477764
10620000	-4448.082226209675	-925.8271979111928	-3522.255028298482	373.0	3.565677475986872E-5	1.383263046734759E-5	1.383263046734759E-5	2.1677516870151716E-5	-0.49754112044636045	37271.6535369818	-23783.397949696522	-23783.39794969652	61307.15815176866	3834.672534293829	-3522.255028298482
10630000	-4330.065215340052	-911.1612309345256	-3418.9039844055264	23.0	4.9003373778719786E-5	1.762883949521702E-5	1.762883949521702E-5	2.059994213583101E-5	-0.5548527371374647	29483.636544896308	-25231.25030925357	-25231.250309253566	70136.00584112476	3800.8376811383328	-3418.9039844055264
10640000	-4224.782179001386	-849.3156440142542	-3375.4665349871316	839.0	4.3955762762009E-5	1.9188839042393977E-5	1.9188839042393977E-5	2.477762126048047E-5	-0.5814481385197864	34370.03284121982	-26617.608734050573	-26617.608734050573	60972.80258701561	3812.318644531867	-3375.4665349871316
10650000	-4277.557536412502	-894.8309578549053	-3382.726578557596	884.0	4.6806823939826664E-5	1.6857286735351508E-5	1.6857286735351508E-5	2.2261213705577552E-5	-0.5222262138139946	29375.773600855817	-22244.78167326179	-22244.781673261794	61766.02413582522	3762.594002318888	-3382.726578557596
10660000	-4233.99054191531	-850.1825997532022	-3383.807942162108	325.0	4.6902920884127796E-5	2.076425190910767E-5	2.076425190910767E-5	2.6397964440517904E-5	-0.5901074867936722	32711.73975382217	-25730.575028390682	-25730.57502839068	58121.00190955474	3775.3936235373026	-3383.807942162108
10670000	-4187.565666645969	-820.8435366234994	-3366.72213002247	188.0	5.084615923102602E-5	2.366925993935847E-5	2.366925993935847E-5	2.7786982150147538E-5	-0.6297017663678101	32589.828132223767	-27760.377477211074	-27760.37747721107	59634.67286835332	3540.6914939543917	-3366.72213002247
10680000	-4289.311282708057	-879.5041222501345	-3409.8071604579222	917.0	4.73608759117088E-5	1.8242149187512166E-5	1.8242149187512166E-5	2.349786251551621E-5	-0.5468295320468674	30121.47390729595	-23384.27252273744	-23384.27252273744	60711.0279524026	3761.6786637291484	-3409.8071604579222
10690000	-4122.902693779525	-789.1815987062682	-3333.721095073257	342.0	4.727014950369109E-5	2.157513260062829E-5	2.157513260062829E-5	2.5395243818684016E-5	-0.6227070637474147	34553.6733298203	-29355.893932437077	-29355.893932437077	64317.449198916576	3725.2289955962246	-3333.721095073257
10700000	-4243.074010837468	-806.1038192495041	-3436.970191587964	766.0	3.947278295726901E-5	1.4439957273749408E-5	1.4439957273749408E-5	1.877691250628285E-5	-0.5304017442355095	35250.909471493556	-27108.909756002435	-27108.909756002435	74104.38207820465	3711.362616948057	-3436.970191587964
10710000	-4344.684914912215	-905.0170069639711	-3439.667907948244	642.0	5.097494719903926E-5	2.3099882304135358E-5	2.3099882304135358E-5	2.8924632066895442E-5	-0.6015856292145871	30743.836165156146	-24552.740907827647	-24552.74090782765	54180.99775963568	3570.456869791433	-3439.667907948244
10720000	-4235.618315815218	-890.3558485314703	-3345.262467283748	974.0	5.3107163462504334E-5	1.9745015911990948E-5	1.9745015911990948E-5	2.4835150009249937E-5	-0.5436852381550643	26731.518184626402	-21252.710441069914	-21252.710441069918	57162.33263350991	3678.423278549212	-3345.262467283748
10730000	-4341.26491147758	-896.4237811334384	-3444.841130344142	906.0	3.0707829418456025E-5	1.2826132462346466E-5	1.2826132462346466E-5	1.8026574936251043E-5	-0.5451481617131331	46335.17384210859	-32968.05296992994	-32968.052969929944	78930.83513921722	3803.3571390707334	-3444.841130344142
10740000	-4278.290170415733	-895.5755885883411	-3382.7145818273916	163.0	5.113866201009406E-5	2.0507207095162185E-5	2.0507207095162185E-5	2.4102479537079154E-5	-0.584118518898087	29682.015394382994	-25254.46544858548	-25254.46544858548	62976.86305247689	3791.7950155625203	-3382.7145818273916
10750000	-4299.610153218443	-897.2547374716765	-3402.3554157467665	414.0	4.50599905175335E-5	1.4813922175505825E-5	1.4813922175505825E-5	2.1127385352873847E-5	-0.4801220302819127	28840.976922458194	-20222.473366148875	-20222.473366148875	61511.35717631971	3885.0092194985773	-3402.3554157467665
10760000	-4215.4005311155715	-856.9390220836711	-3358.4615090319003	193.0	4.818303470771342E-5	1.687612227315642E-5	1.687612227315642E-5	2.1791881842648574E-5	-0.5208086884334417	28478.842271145495	-22054.654473446506	-22054.654473446502	62968.2675178879	3684.8433694427813	-3358.4615090319003
10770000	-4333.068140766321	-844.4286825287568	-3488.6394582375647	765.0	4.075716266924486E-5	1.598904381776668E-5	1.598904381776668E-5	1.8074439617995327E-5	-0.5890987492893792	37575.75436939043	-33240.33252459184	-33240.332524591846	84731.87360830021	3762.402199260163	-3488.6394582375647
10780000	-4191.71043658905	-864.0565337054413	-3327.653902883608	958.0	4.768561878247125E-5	1.9602075287796857E-5	1.9602075287796857E-5	2.6226151948318297E-5	-0.5542951200011988	30271.34410078566	-22625.552055663098	-22625.552055663098	55040.776766171264	3686.5854117493423	-3327.653902883608
10790000	-4276.980371981125	-829.0288607087808	-3447.9515112723448	663.0	3.493054528983641E-5	1.3431624302684745E-5	1.3431624302684745E-5	1.958130997835186E-5	-0.5135763089365135	38884.41722335087	-26672.41793068498	-26672.417930684984	69364.81258867624	3907.8690397414284	-3447.9515112723448
10800000	-4369.443718107755	-877.7825440198037	-3491.661174087951	172.0	4.9931565311123413E-5	2.202876845896301E-5	2.202876845896301E-5	2.6482082539728566E-5	-0.6057962215152246	31638.333859914004	-26317.927601873515	-26317.92760187351	59653.59903593199	3738.691318986653	-3491.661174087951
10810000	-4266.973619890936	-930.4284292031931	-3336.545190687743	70.0	5.1186939793297614E-5	1.8853377101674865E-5	1.8853377101674865E-5	2.6358200464872482E-5	-0.513276868835978	26524.0876227685	-18972.032134605008	-18972.032134605008	51509.088339630325	3560.821184787151	-3336.545190687743
10820000	-4225.970841440396	-823.5093303342273	-3402.461511106168	596.0	4.057866508306893E-5	1.4190101806013928E-5	1.4190101806013928E-5	1.7982604458600447E-5	-0.5253035520241677	34035.33114593195	-26857.33399041572	-26857.333990415726	76802.46244317418	3815.1134391277683	-3402.461511106168
10830000	-4250.121878359951	-933.0845170169704	-3317.03736134298	197.0	6.0593326875623195E-5	2.5772496773591833E-5	2.5772496773591833E-5	3.2691393704892454E-5	-0.5790650812775476	24829.056563058093	-19574.16639801986	-19574.16639801986	46020.52619474474	3675.2882843329735	-3317.03736134298
10840000	-4210.857606349014	-804.9287810062093	-3405.928825342804	417.0	4.6268170296411824E-5	1.4215945700143594E-5	1.4215945700143594E-5	2.1514118294673344E-5	-0.45058094043495506	27118.894811574995	-17919.429967283697	-17919.429967283697	58321.77857379779	3829.17870206653	-3405.928825342804
10850000	-4307.063517359413	-882.1349335034128	-3424.928583856	452.0	4.646241240168347E-5	1.622789438406883E-5	1.622789438406883E-5	2.101908978736922E-5	-0.5192832834423542	29469.329906993422	-22751.944929001867	-22751.944929001867	65141.55337795746	3831.325924560316	-3424.928583856
10860000	-4217.768023808039	-803.9392540158628	-3413.8287697921764	195.0	4.397165709030088E-5	1.5938783715029877E-5	1.5938783715029877E-5	2.1585084034699034E-5	-0.5173588579725432	31053.78366902296	-22930.628420913872	-22930.628420913872	63260.64446427821	3802.236455874145	-3413.8287697921764
10870000	-4165.829198942627	-818.6747645443126	-3347.154434398314	329.0	5.4418364056756434E-5	2.5094420390207563E-5	2.5094420390207563E-5	2.9174955346084287E-5	-0.6297951738532837	30456.459403519588	-26196.68776877115	-26196.687768771153	56808.67977482606	3700.9058191071504	-3347.154434398314
10880000	-4178.313258460237	-852.1149594947984	-3326.198298965439	466.0	4.998853503690562E-5	1.9478994604415414E-5	1.9478994604415414E-5	2.4302586103046808E-5	-0.5588626519900681	29090.280596744284	-23316.424695801063	-23316.42469580106	59836.4513421663	3580.877511545248	-3326.198298965439
10890000	-4178.1748726406	-825.5577069780893	-3352.617165662511	572.0	4.774154835097826E-5	1.8262913191224156E-5	1.8262913191224156E-5	2.2808191860912333E-5	-0.5534474312309594	30194.95222803203	-24177.619809431544	-24177.619809431544	63203.33415909837	3656.313829765348	-3352.617165662511
10900000	-4250.773677185972	-916.6974720040164	-3334.076205181955	592.0	5.455298348685131E-5	2.171430346831205E-5	2.171430346831205E-5	2.377168791260502E-5	-0.6029851816947724	28803.50033903746	-26310.62420181961	-26310.62420181961	66100.34946344008	3749.101349673268	-3334.076205181955
10910000	-4228.527641121109	-907.9618852355236	-3320.5657558855855	119.0	5.8763526615286636E-5	2.29368896203205E-5	2.29368896203205E-5	2.5526054120474808E-5	-0.5922277537725814	26210.13725506253	-23551.584679537496	-23551.58467953749	60338.35433040027	3811.0475323357814	-3320.5657558855855
10920000	-4237.453060883825	-863.1381500346156	-3374.31491084921	202.0	4.836751243673854E-5	2.0380318186939105E-5	2.0380318186939105E-5	2.6390001933918686E-5	-0.5704457818624306	30648.22395743279	-23668.833283192547	-23668.833283192547	56171.96835138535	3723.345716149321	-3374.31491084921
10930000	-4300.044857665772	-827.5549898955755	-3472.4898677701963	6.0	3.936698370688424E-5	1.534801809644476E-5	1.534801809644476E-5	1.7775284295352185E-5	-0.5802003074514233	38292.48945056145	-33063.53987254147	-33063.53987254146	84806.5090407839	3816.5158835165616	-3472.4898677701963
10940000	-4269.808723011596	-941.8491970308469	-3327.959525980749	522.0	6.379622999703435E-5	2.4420119396344503E-5	2.4420119396344503E-5	2.62716176044466E-5	-0.5964950834398719	24332.602902263134	-22617.75719499405	-22617.75719499405	59087.65705072326	3755.6163871591048	-3327.959525980749
10950000	-4215.1523480437745	-803.1507921111835	-3412.001555932591	700.0	4.41889886095624E-5	1.57706511794154E-5	1.57706511794154E-5	1.7541235462272073E-5	-0.5664512063345406	33322.001893065986	-29958.53225878169	-29958.532258781695	83943.0931343182	3850.4584675658643	-3412.001555932591
10960000	-4142.536373567473	-792.130848305254	-3350.4055252622184	170.0	4.840491765488217E-5	1.9033403003179946E-5	1.9033403003179946E-5	2.5259015215603737E-5	-0.5443315323869855	29357.630427556433	-22121.82883523172	-22121.828835231718	56259.26708775556	3686.3387388860274	-3350.4055252622184
10970000	-4252.016324089341	-896.1690525879101	-3355.847271501431	902.0	4.954988011685685E-5	1.874161210719604E-5	1.874161210719604E-5	2.719303500077123E-5	-0.5105717719357085	27297.760129777445	-18813.789329990588	-18813.789329990585	49740.705362635155	3623.965883751314	-3355.847271501431
10980000	-4299.572998606936	-938.501328694469	-3361.0716699124673	675.0	5.280556817859729E-5	2.0580149667340495E-5	2.0580149667340495E-5	2.601849709428019E-5	-0.55522314966004	27376.970806080535	-21654.677231584195	-21654.67723158419	55562.644267480035	3684.1538280651757	-3361.0716699124673
10990000	-4216.671200974281	-872.576309846528	-3344.0948911277537	182.0	4.351900532492814E-5	1.6841084908566303E-5	1.6841084908566303E-5	2.2234185009460396E-5	-0.5414021519573917	32506.71368201771	-24621.920029197434	-24621.92002919743	63625.44186898334	3785.775617745018	-3344.0948911277537
11000000	-4324.083258029306	-866.0053180043767	-3458.0779400249294	186.0	3.728644702297832E-5	1.3409619852539478E-5	1.3409619852539478E-5	2.3264752379551435E-5	-0.45529381232234756	33832.64926064676	-19500.87229762818	-19500.87229762818	54223.628247722394	3703.173300479897	-3458.0779400249294
