time	tree_1	tree_2	tree_3	tree_4	tree_5	tree_6	tree_7	tree_8	tree_9	tree_10	tree_11	tree_12	tree_13	tree_14	tree_15	tree_16	tree_17	tree_18	tree_19	tree_20	tree_21	tree_22	tree_23	tree_24	tree_25	tree_26	tree_27	tree_28	tree_29	tree_30	tree_31	tree_32	tree_33	tree_34	tree_35	tree_36	tree_37	tree_38	tree_39	tree_40	tree_41	tree_42	tree_43	tree_44	tree_45	tree_46	tree_47	tree_48	tree_49	tree_50	tree_51	tree_52	tree_53	tree_54	tree_55	tree_56	tree_57	tree_58	tree_59	tree_60	tree_61	tree_62	tree_63	tree_64	tree_65	tree_66	tree_67	tree_68	tree_69	tree_70	tree_71	tree_72	tree_73	tree_74	tree_75	tree_76	tree_77	tree_78	tree_79	tree_80	tree_81	tree_82	tree_83	tree_84	tree_85	tree_86	tree_87	tree_88	tree_89	tree_90	tree_91	tree_92	tree_93	tree_94	tree_95	tree_96	tree_97	tree_98	tree_99	tree_100	tree_101	tree_102	tree_103	tree_104	tree_105	tree_106	tree_107	tree_108	tree_109	tree_110	tree_111	tree_112	tree_113	tree_114	tree_115	tree_116	tree_117	tree_118	tree_119	tree_120	tree_121	tree_122	tree_123	tree_124	tree_125	tree_126	tree_127	tree_128	tree_129	tree_130	tree_131	tree_132	tree_133	tree_134	tree_135	tree_136	tree_137	tree_138	tree_139	tree_140	tree_141	tree_142	tree_143	tree_144	tree_145	tree_146	tree_147	tree_148	tree_149	tree_150	tree_151	tree_152	tree_153	tree_154	tree_155	tree_156	tree_157	tree_158	tree_159	tree_160	tree_161	tree_162	tree_163	tree_164	tree_165	tree_166	tree_167	tree_168	tree_169	tree_170	tree_171	tree_172	tree_173	tree_174	tree_175	tree_176	tree_177	tree_178	tree_179	tree_180	tree_181	tree_182	tree_183	tree_184	tree_185	tree_186	tree_187	tree_188	tree_189	tree_190	tree_191	tree_192	tree_193	tree_194	tree_195	tree_196	tree_197	tree_198	tree_199	tree_200	tree_201	tree_202	tree_203	tree_204	tree_205	tree_206	tree_207	tree_208	tree_209	tree_210	tree_211	tree_212	tree_213	tree_214	tree_215	tree_216	tree_217	tree_218	tree_219	tree_220	tree_221	tree_222	tree_223	tree_224	tree_225	tree_226	tree_227	tree_228	tree_229	tree_230	tree_231	tree_232	tree_233	tree_234	tree_235	tree_236	tree_237	tree_238	tree_239	tree_240	tree_241	tree_242	tree_243	tree_244	tree_245	tree_246	tree_247	tree_248	tree_249	tree_250	tree_251	tree_252	tree_253	tree_254	tree_255	tree_256	tree_257	tree_258	tree_259	tree_260	tree_261	tree_262	tree_263	tree_264	tree_265	tree_266	tree_267	tree_268	tree_269	tree_270	tree_271	tree_272	tree_273	tree_274	tree_275	tree_276	tree_277	tree_278	tree_279	tree_280	tree_281	tree_282	tree_283	tree_284	tree_285	tree_286	tree_287	tree_288	tree_289	tree_290	tree_291	tree_292	tree_293	tree_294	tree_295	tree_296	tree_297	tree_298	tree_299	tree_300	tree_301	tree_302	tree_303	tree_304	tree_305	tree_306	tree_307	tree_308	tree_309	tree_310	tree_311	tree_312	tree_313	tree_314	tree_315	tree_316	tree_317	tree_318	tree_319	tree_320	tree_321	tree_322	tree_323	tree_324	tree_325	tree_326	tree_327	tree_328	tree_329	tree_330	tree_331	tree_332	tree_333	tree_334	tree_335	tree_336	tree_337	tree_338	tree_339	tree_340	tree_341	tree_342	tree_343	tree_344	tree_345	tree_346	tree_347	tree_348	tree_349	tree_350	tree_351	tree_352	tree_353	tree_354	tree_355	tree_356	tree_357	tree_358	tree_359	tree_360	tree_361	tree_362	tree_363	tree_364	tree_365	tree_366	tree_367	tree_368	tree_369	tree_370	tree_371	tree_372	tree_373	tree_374	tree_375	tree_376	tree_377	tree_378	tree_379	tree_380	tree_381	tree_382	tree_383	tree_384	tree_385	tree_386	tree_387	tree_388	tree_389	tree_390	tree_391	tree_392	tree_393	tree_394	tree_395	tree_396	tree_397	tree_398	tree_399	tree_400	tree_401	tree_402	tree_403	tree_404	tree_405	tree_406	tree_407	tree_408	tree_409	tree_410	tree_411	tree_412	tree_413	tree_414	tree_415	tree_416	tree_417	tree_418	tree_419	tree_420	tree_421	tree_422	tree_423	tree_424	tree_425	tree_426	tree_427	tree_428	tree_429	tree_430	tree_431	tree_432	tree_433	tree_434	tree_435	tree_436	tree_437	tree_438	tree_439	tree_440	tree_441	tree_442	tree_443	tree_444	tree_445	tree_446	tree_447	tree_448	tree_449	tree_450	tree_451	tree_452	tree_453	tree_454	tree_455	tree_456	tree_457	tree_458	tree_459	tree_460	tree_461	tree_462	tree_463	tree_464	tree_465	tree_466	tree_467	tree_468	tree_469	tree_470	tree_471	tree_472	tree_473	tree_474	tree_475	tree_476	tree_477	tree_478	tree_479	tree_480	tree_481	tree_482	tree_483	tree_484	tree_485	tree_486	tree_487	tree_488	tree_489	tree_490	tree_491	tree_492	tree_493	tree_494	tree_495	tree_496	tree_497	tree_498	tree_499	tree_500	tree_501	tree_502	tree_503	tree_504	tree_505	tree_506	tree_507	tree_508	tree_509	tree_510	tree_511	tree_512	tree_513	tree_514	tree_515	tree_516	tree_517	tree_518	tree_519	tree_520	tree_521	tree_522	tree_523	tree_524	tree_525	tree_526	tree_527	tree_528	tree_529	tree_530	tree_531	tree_532	tree_533	tree_534	tree_535	tree_536	tree_537	tree_538	tree_539	tree_540	tree_541	tree_542	tree_543	tree_544	tree_545	tree_546	tree_547	tree_548	tree_549	tree_550	tree_551	tree_552	tree_553	tree_554	tree_555	tree_556	tree_557	tree_558	tree_559	tree_560	tree_561	tree_562	tree_563	tree_564	tree_565	tree_566	tree_567	tree_568	tree_569	tree_570	tree_571	tree_572	tree_573	tree_574	tree_575	tree_576	tree_577	tree_578	tree_579	tree_580	tree_581	tree_582	tree_583	tree_584	tree_585	tree_586	tree_587	tree_588	tree_589	tree_590	tree_591	tree_592	tree_593	tree_594	tree_595	tree_596	tree_597	tree_598	tree_599	tree_600	tree_601	tree_602	tree_603	tree_604	tree_605	tree_606	tree_607	tree_608	tree_609	tree_610	tree_611	tree_612	tree_613	tree_614	tree_615	tree_616	tree_617	tree_618	tree_619	tree_620	tree_621	tree_622	tree_623	tree_624	tree_625	tree_626	tree_627	tree_628	tree_629	tree_630	tree_631	tree_632	tree_633	tree_634	tree_635	tree_636	tree_637	tree_638	tree_639	tree_640	tree_641	tree_642	tree_643	tree_644	tree_645	tree_646	tree_647	tree_648	tree_649	tree_650	tree_651	tree_652	tree_653	tree_654	tree_655	tree_656	tree_657	tree_658	tree_659	tree_660	tree_661	tree_662	tree_663	tree_664	tree_665	tree_666	tree_667	tree_668	tree_669	tree_670	tree_671	tree_672	tree_673	tree_674	tree_675	tree_676	tree_677	tree_678	tree_679	tree_680	tree_681	tree_682	tree_683	tree_684	tree_685	tree_686	tree_687	tree_688	tree_689	tree_690	tree_691	tree_692	tree_693	tree_694	tree_695	tree_696	tree_697	tree_698	tree_699	tree_700	tree_701	tree_702	tree_703	tree_704	tree_705	tree_706	tree_707	tree_708	tree_709	tree_710	tree_711	tree_712	tree_713	tree_714	tree_715	tree_716	tree_717	tree_718	tree_719	tree_720	tree_721	tree_722	tree_723	tree_724	tree_725	tree_726	tree_727	tree_728	tree_729	tree_730	tree_731	tree_732	tree_733	tree_734	tree_735	tree_736	tree_737	tree_738	tree_739	tree_740	tree_741	tree_742	tree_743	tree_744	tree_745	tree_746	tree_747	tree_748	tree_749	tree_750	tree_751	tree_752	tree_753	tree_754	tree_755	tree_756	tree_757	tree_758	tree_759	tree_760	tree_761	tree_762	tree_763	tree_764	tree_765	tree_766	tree_767	tree_768	tree_769	tree_770	tree_771	tree_772	tree_773	tree_774	tree_775	tree_776	tree_777	tree_778	tree_779	tree_780	tree_781	tree_782	tree_783	tree_784	tree_785	tree_786	tree_787	tree_788	tree_789	tree_790	tree_791	tree_792	tree_793	tree_794	tree_795	tree_796	tree_797	tree_798	tree_799	tree_800	tree_801	tree_802	tree_803	tree_804	tree_805	tree_806	tree_807	tree_808	tree_809	tree_810	tree_811	tree_812	tree_813	tree_814	tree_815	tree_816	tree_817	tree_818	tree_819	tree_820	tree_821	tree_822	tree_823	tree_824	tree_825	tree_826	tree_827	tree_828	tree_829	tree_830	tree_831	tree_832	tree_833	tree_834	tree_835	tree_836	tree_837	tree_838	tree_839	tree_840	tree_841	tree_842	tree_843	tree_844	tree_845	tree_846	tree_847	tree_848	tree_849	tree_850	tree_851	tree_852	tree_853	tree_854	tree_855	tree_856	tree_857	tree_858	tree_859	tree_860	tree_861	tree_862	tree_863	tree_864	tree_865	tree_866	tree_867	tree_868	tree_869	tree_870	tree_871	tree_872	tree_873	tree_874	tree_875	tree_876	tree_877	tree_878	tree_879	tree_880	tree_881	tree_882	tree_883	tree_884	tree_885	tree_886	tree_887	tree_888	tree_889	tree_890	tree_891	tree_892	tree_893	tree_894	tree_895	tree_896	tree_897	tree_898	tree_899	tree_900	tree_901	tree_902	tree_903	tree_904	tree_905	tree_906	tree_907	tree_908	tree_909	tree_910	tree_911	tree_912	tree_913	tree_914	tree_915	tree_916	tree_917	tree_918	tree_919	tree_920	tree_921	tree_922	tree_923	tree_924	tree_925	tree_926	tree_927	tree_928	tree_929	tree_930	tree_931	tree_932	tree_933	tree_934	tree_935	tree_936	tree_937	tree_938	tree_939	tree_940	tree_941	tree_942	tree_943	tree_944	tree_945	tree_946	tree_947	tree_948	tree_949	tree_950	tree_951	tree_952	tree_953	tree_954	tree_955	tree_956	tree_957	tree_958	tree_959	tree_960	tree_961	tree_962	tree_963	tree_964	tree_965	tree_966	tree_967	tree_968	tree_969	tree_970	tree_971	tree_972	tree_973	tree_974	tree_975	tree_976	tree_977	tree_978	tree_979	tree_980	tree_981	tree_982	tree_983	tree_984	tree_985	tree_986	tree_987	tree_988	tree_989	tree_990	tree_991	tree_992	tree_993	tree_994	tree_995	tree_996	tree_997	tree_998	tree_999	tree_1000
2022.4383402252	0	0	0	0	0	0	0	0	0	0	0	0	0	0	0	0	0	0	0	0	0	0	0	0	0	0	0	0	0	0	0	0	0	0	0	0	0	0	0	0	0	0	0	0	0	0	0	0	0	0	0	0	0	0	0	0	0	0	0	0	0	0	0	0	0	0	0	0	0	0	0	0	0	0	0	0	0	0	0	0	0	0	0	0	0	0	0	0	0	0	0	0	0	0	0	0	0	0	0	0	0	0	0	0	0	0	0	2	0	0	0	0	0	0	0	0	0	0	0	0	0	0	0	0	0	0	0	0	0	0	0	0	0	0	0	0	0	0	0	0	0	0	0	0	0	0	0	0	0	0	0	0	0	0	0	0	0	0	0	0	0	0	0	0	0	0	0	0	0	0	0	0	0	0	0	0	0	0	0	0	0	0	0	0	0	0	0	0	0	0	0	0	0	0	0	0	0	0	0	0	0	0	0	0	0	0	0	0	0	0	0	0	0	0	0	0	0	0	0	0	0	0	0	0	0	0	0	0	0	0	0	0	0	0	0	0	0	0	0	0	0	0	0	0	0	0	0	0	0	0	0	0	0	0	0	0	0	0	0	0	0	0	0	0	0	0	0	0	0	0	0	0	0	0	0	0	0	0	0	0	0	0	0	0	0	0	0	2	0	0	0	0	0	0	0	0	0	0	0	0	0	0	0	0	0	0	0	0	0	0	0	0	0	0	0	0	0	0	0	0	0	0	0	0	0	0	0	0	0	0	0	0	0	0	0	0	0	0	0	0	0	0	0	0	0	0	0	0	0	0	0	0	0	0	0	0	0	0	0	0	0	0	0	0	0	0	0	0	0	0	0	0	0	0	0	0	0	0	0	0	0	0	0	0	0	0	0	0	0	0	0	0	0	0	0	2	0	0	0	0	0	0	0	0	0	0	0	0	0	0	0	0	0	0	0	0	0	0	0	0	0	0	0	0	0	0	0	0	0	0	0	0	0	0	0	0	0	0	0	0	0	0	0	0	0	0	0	0	0	0	0	0	0	0	0	0	0	0	0	0	0	0	0	0	0	0	0	0	0	0	0	0	0	0	0	0	0	0	0	0	0	0	0	0	0	0	0	0	0	0	0	0	0	0	0	0	0	0	0	0	0	0	0	0	0	0	0	0	0	0	0	0	0	0	0	0	0	0	0	0	0	0	0	0	0	0	0	0	0	0	0	0	0	0	0	0	0	0	0	0	0	0	0	0	0	0	0	0	0	0	0	0	0	0	0	0	0	0	0	0	0	0	0	0	0	0	0	0	0	0	0	0	0	0	0	0	0	0	0	0	0	0	0	0	0	0	0	0	0	2	0	0	0	0	0	0	0	0	0	0	0	0	0	0	0	0	0	0	0	0	0	0	0	0	0	0	0	0	0	0	0	0	0	0	0	0	0	0	0	0	0	0	0	0	0	0	0	0	0	0	0	0	0	0	0	0	0	0	0	0	0	0	0	0	0	0	0	0	2	0	0	0	0	0	0	0	0	0	0	0	0	0	0	0	0	0	0	0	0	0	0	0	0	0	0	0	0	0	0	0	0	0	0	0	0	0	0	0	0	0	0	0	0	0	0	0	0	0	0	0	0	0	0	0	0	0	0	0	0	0	0	0	0	0	0	0	0	0	0	0	0	0	0	0	0	0	0	0	0	0	0	0	0	0	0	0	0	0	0	0	0	0	0	0	0	0	0	0	0	0	0	0	0	0	0	0	0	0	0	0	0	0	0	0	0	0	0	0	0	0	0	0	0	0	0	0	0	0	0	0	0	0	0	0	0	0	0	0	0	0	0	0	0	0	0	0	0	0	0	0	0	0	0	0	0	0	0	0	0	0	0	0	0	0	0	0	0	0	0	0	0	0	0	0	0	0	0	0	0	0	0	0	0	0	0	0	0	0	0	0	0	0	0	0	0	0	0	0	0	0	0	0	0	0	0	0	0	0	0	0	0	0	0	0	0	0	0	0	0	0	0	0	2	0	0	0	0	0	0	0	0	0	0	0	0	0	0	0	0	0	0	0	0	0	0	0	0	0	0	0	0	0	0	0	0	0	0	0	2	0	0	0	0	0	0	0	0	0	0	0	0	0	0	0	0	0	0	0	0	0	0	0	0	0	0	0	0	0	0	0	0	0	0	0	0	0	0	0	0	0	0	0	0	0	0	0	0	0	0	0	0	0	0	0	0	0	0	0	0	0	0	0	0	0	0	0	0	0	0	0	0	0	0	0	0	0	0	0	0	0
2022.45171724455	0	0	0	0	0	0	0	0	0	0	0	0	0	0	0	0	0	0	0	0	0	0	0	0	0	0	0	0	0	0	0	0	0	0	0	0	0	0	0	0	0	0	0	0	0	0	0	0	0	0	0	0	0	0	0	0	0	0	0	0	0	0	0	0	0	0	0	0	0	0	0	0	0	0	0	0	0	0	0	0	0	0	0	0	0	0	0	0	0	0	0	0	0	0	0	0	0	0	0	0	0	0	0	0	0	0	0	2	0	0	0	0	0	0	0	0	0	0	0	0	0	0	0	0	0	0	0	0	0	0	0	0	0	0	0	0	0	0	0	0	0	0	0	0	0	0	0	0	0	0	0	0	0	0	0	0	0	0	0	0	0	0	0	0	0	0	0	0	0	0	0	0	0	0	0	0	0	0	0	0	0	0	0	0	0	0	0	0	0	0	0	0	0	0	0	0	0	0	0	0	0	0	0	0	0	0	0	0	0	0	0	0	0	0	0	0	0	0	0	0	0	0	0	0	0	0	0	0	0	0	0	0	0	0	0	0	0	0	0	0	0	0	0	0	0	0	0	0	0	0	0	0	0	0	0	0	0	0	0	0	0	0	0	0	0	0	0	0	0	0	0	0	0	0	0	0	0	0	0	0	0	0	0	0	0	0	0	2	0	0	0	0	0	0	0	0	0	0	0	0	0	0	0	0	0	0	0	0	0	0	0	0	0	0	0	0	0	0	0	0	0	0	0	0	0	0	0	0	0	0	0	0	0	0	0	0	0	0	0	0	0	0	0	0	0	0	0	0	0	0	0	0	0	0	0	0	0	0	0	0	0	0	0	0	0	0	0	0	0	0	0	0	0	0	0	0	0	0	0	0	0	0	0	0	0	0	0	0	0	0	0	0	0	0	0	2	0	0	0	0	0	0	0	0	0	0	0	0	0	0	0	0	0	0	0	0	0	0	0	0	0	0	0	0	0	0	0	0	0	0	0	0	0	0	0	0	0	0	0	0	0	0	0	0	0	0	0	0	0	0	0	0	0	0	0	0	0	0	0	0	0	0	0	0	0	0	0	0	0	0	0	0	0	0	0	0	0	0	0	0	0	0	0	0	0	0	0	0	0	0	0	0	0	0	0	0	0	0	0	0	0	0	0	0	0	0	0	0	0	0	0	0	0	0	0	0	0	0	0	0	0	0	0	0	0	0	0	0	0	0	0	0	0	0	0	0	0	0	0	0	0	0	0	0	0	0	0	0	0	0	0	0	0	0	0	0	0	0	0	0	0	0	0	0	0	0	0	0	0	0	0	0	0	0	0	0	0	0	0	0	0	0	0	0	0	0	0	0	0	2	0	0	0	0	0	0	0	0	0	0	0	0	0	0	0	0	0	0	0	0	0	0	0	0	0	0	0	0	0	0	0	0	0	0	0	0	0	0	0	0	0	0	0	0	0	0	0	0	0	0	0	0	0	0	0	0	0	0	0	0	0	0	0	0	0	0	0	0	2	0	0	0	0	0	0	0	0	0	0	0	0	0	0	0	0	0	0	0	0	0	0	0	0	0	0	0	0	0	0	0	0	0	0	0	0	0	0	0	0	0	0	0	0	0	0	0	0	0	0	0	0	0	0	0	0	0	0	0	0	0	0	0	0	0	0	0	0	0	0	0	0	0	0	0	0	0	0	0	0	0	0	0	0	0	0	0	0	0	0	0	0	0	0	0	0	0	0	0	0	0	0	0	0	0	0	0	0	0	0	0	0	0	0	0	0	0	0	0	0	0	0	0	0	0	0	0	0	0	0	0	0	0	0	0	0	0	0	0	0	0	0	0	0	0	0	0	0	0	0	0	0	0	0	0	0	0	0	0	0	0	0	0	0	0	0	0	0	0	0	0	0	0	0	0	0	0	0	0	0	0	0	0	0	0	0	0	0	0	0	0	0	0	0	0	0	0	0	0	0	0	0	0	0	0	0	0	0	0	0	0	0	0	0	0	0	0	0	0	0	0	0	0	2	0	0	0	0	0	0	0	0	0	0	0	0	0	0	0	0	0	0	0	0	0	0	0	0	0	0	0	0	0	0	0	0	0	0	0	2	0	0	0	0	0	0	0	0	0	0	0	0	0	0	0	0	0	0	0	0	0	0	0	0	0	0	0	0	0	0	0	0	0	0	0	0	0	0	0	0	0	0	0	0	0	0	0	0	0	0	0	0	0	0	0	0	0	0	0	0	0	0	0	0	0	0	0	0	0	0	0	0	0	0	0	0	0	0	0	0	0
2022.4650942639	0	0	0	0	0	0	0	0	0	0	0	0	0	0	0	0	0	0	0	0	0	0	0	0	0	0	0	0	0	0	0	0	0	0	0	0	0	0	0	0	0	0	0	0	0	0	0	0	0	0	0	0	0	0	0	0	0	0	0	0	0	0	0	0	0	0	0	0	0	0	0	0	0	0	0	0	0	0	0	0	0	0	0	0	0	0	0	0	0	0	0	0	0	0	0	0	0	0	0	0	0	0	0	0	0	0	0	0	0	0	0	0	0	0	0	0	0	0	0	0	0	0	0	0	0	0	0	0	0	0	0	0	0	0	0	0	0	0	0	0	0	0	0	0	0	0	0	0	0	0	0	0	0	0	0	0	0	0	0	0	0	0	0	0	0	0	0	0	0	0	0	0	0	0	0	0	0	0	0	0	0	0	0	0	0	0	0	0	0	0	0	0	0	0	0	0	0	0	0	0	0	0	0	0	0	0	0	0	0	0	0	0	0	0	0	0	0	0	0	0	0	0	0	0	0	0	0	0	0	0	0	0	0	0	0	0	0	0	0	0	0	0	0	0	0	0	0	0	0	0	0	0	0	0	0	0	0	0	0	0	0	0	0	0	0	0	0	0	0	0	0	0	0	0	0	0	0	0	0	0	0	0	0	0	0	0	0	0	0	0	0	0	0	0	0	0	0	0	0	0	0	0	0	0	0	0	0	0	0	0	0	0	0	0	0	0	0	0	0	0	0	0	0	0	0	0	0	0	0	0	0	0	0	0	0	0	0	0	0	0	0	0	0	0	0	0	0	0	0	0	0	0	0	0	0	0	0	0	0	0	0	0	0	0	0	0	0	0	0	0	0	0	0	0	0	0	0	0	0	0	0	0	0	0	0	0	0	0	0	0	0	0	0	0	0	0	0	0	0	0	0	0	0	0	0	0	0	0	0	0	0	0	0	0	0	0	0	0	0	0	0	0	0	0	0	0	0	0	0	0	0	0	0	0	0	0	0	0	0	0	0	0	0	0	0	0	0	0	0	0	0	0	0	0	0	0	0	0	0	0	0	0	0	0	0	0	0	0	0	0	0	0	0	0	0	0	0	0	0	0	0	0	0	0	0	0	0	0	0	0	0	0	0	0	0	0	0	0	0	0	0	0	0	0	0	0	0	0	0	0	0	0	0	0	0	0	0	0	0	0	0	0	0	0	0	0	0	0	0	0	0	0	0	0	0	0	0	0	0	0	0	0	0	0	0	0	0	0	0	0	0	0	0	0	0	0	0	0	0	0	0	0	0	0	0	0	0	0	0	0	0	0	0	0	0	0	0	0	0	0	0	0	0	0	0	0	0	0	0	0	0	0	0	0	0	0	0	0	0	0	0	0	0	0	0	0	0	0	0	0	0	0	0	0	0	0	0	0	0	0	0	0	0	0	0	0	0	0	0	0	0	0	0	0	0	0	0	0	0	0	0	0	0	0	0	0	0	0	0	0	0	0	0	0	0	0	0	0	0	0	0	0	0	0	0	0	0	0	0	0	0	0	0	0	0	0	0	0	0	0	0	0	0	0	0	0	0	0	0	0	0	0	0	0	0	0	0	0	0	0	0	0	0	0	0	0	0	0	0	0	0	0	0	0	0	0	0	0	0	0	0	0	0	0	0	0	0	0	0	0	0	0	0	0	0	0	0	0	0	0	0	0	0	0	0	0	0	0	0	0	0	0	0	0	0	0	0	0	0	0	0	0	0	0	0	0	0	0	0	0	0	0	0	0	0	0	0	0	0	0	0	0	0	0	0	0	0	0	0	0	0	0	0	0	0	0	0	0	0	0	0	0	0	0	0	0	0	0	0	0	0	0	0	0	0	0	0	0	0	0	0	0	0	0	0	0	0	0	0	0	0	0	0	0	0	0	0	0	0	0	0	0	0	0	0	0	0	0	0	0	0	0	0	0	0	0	0	0	0	0	0	0	0	0	0	0	0	0	0	0	0	0	0	0	0	0	0	0	0	0	0	0	0	0	0	0	0	0	0	0	0	0	0	0	0	0	0	0	0	0	0	0	0	0	0	0	0	0	0	0	0	0	0	0	0	0	0	0	0	0	0	0	0	0	0	0	0	0	0	0	0	0	0	0	0	0	0	0	0	0	0	0	0	0	0	0	0	0	0	0	0	0	0	0	0	0	0	0	0	0	0	0	0	0	0	0	0	0	0	0	0	0	0	0	0	0	0	0	0	0	0	0	0	0	0	0	0	0	0	0	0	0	0	0	0	0	0	0	0	0
2022.47847128325	0	0	0	0	0	0	0	0	0	0	0	0	0	0	0	0	0	0	0	0	0	0	0	0	0	0	0	0	0	0	0	0	0	0	0	0	0	0	0	0	0	0	0	0	0	0	0	0	0	0	0	0	0	0	0	0	0	0	0	0	0	0	0	0	0	0	0	0	0	0	0	0	0	0	0	0	0	0	0	0	0	0	0	0	0	0	0	0	0	0	0	0	0	0	0	0	0	0	0	0	0	0	0	0	0	0	0	0	0	0	0	0	0	0	0	0	0	0	0	0	0	0	0	0	0	0	0	0	0	0	0	0	0	0	0	0	0	0	0	0	0	0	0	0	0	0	0	0	0	0	0	0	0	0	0	0	0	0	0	0	0	0	0	0	0	0	0	0	0	0	0	0	0	0	0	0	0	0	0	0	0	0	0	0	0	0	0	0	0	0	0	0	0	0	0	0	0	0	0	0	0	0	0	0	0	0	0	0	0	0	0	0	0	0	0	0	0	0	0	0	0	0	0	0	0	0	0	0	0	0	0	0	0	0	0	2	0	0	0	0	2	0	0	0	0	0	0	0	0	0	0	0	0	0	0	0	0	0	0	0	0	0	0	0	0	0	0	0	0	0	0	0	0	0	0	0	0	0	0	0	0	0	0	0	0	0	0	0	2	0	0	0	0	0	0	0	0	0	0	0	0	0	0	0	0	0	0	0	0	0	0	0	0	0	0	0	0	0	0	0	0	0	0	0	0	0	0	0	0	0	0	0	0	0	0	0	0	0	0	0	0	0	0	0	0	0	0	0	0	0	0	0	0	0	0	0	0	0	0	0	0	0	0	0	0	0	0	0	0	0	0	0	0	0	0	0	0	0	0	0	0	0	0	0	0	0	0	0	0	0	0	0	0	0	0	0	0	0	0	0	0	0	0	0	0	0	0	0	0	0	0	0	0	0	0	0	0	0	0	0	0	0	0	0	0	0	0	0	0	0	0	0	0	0	0	0	0	2	0	0	0	0	0	0	0	0	0	0	0	0	0	0	0	0	0	0	0	0	0	0	0	0	0	0	0	0	0	0	0	0	0	0	0	0	0	0	0	0	0	0	0	0	0	0	0	0	0	0	0	0	0	0	0	0	0	0	0	0	0	0	0	0	0	0	0	0	0	0	0	0	0	0	0	0	0	0	0	0	0	0	0	0	0	0	0	0	0	0	0	0	0	0	0	0	0	0	0	0	0	0	0	0	0	0	0	0	0	0	2	0	0	0	0	0	0	0	0	0	0	0	0	0	0	0	0	0	0	0	0	0	0	0	0	0	0	0	0	0	0	0	0	0	0	0	0	0	0	0	0	0	0	0	0	0	0	0	0	0	0	0	0	0	0	0	0	0	0	0	0	0	0	0	0	0	0	0	0	0	0	0	0	0	0	0	0	0	0	0	0	0	0	0	0	0	0	0	0	0	0	0	0	0	0	0	0	0	0	0	0	0	0	0	0	0	0	0	0	0	0	0	0	0	0	0	0	0	0	0	0	0	0	0	0	0	0	0	0	0	0	0	0	0	0	0	0	0	0	0	0	0	0	0	0	0	0	0	2	0	0	0	0	0	0	0	0	0	0	0	0	0	0	0	0	0	0	0	0	0	0	0	0	0	0	0	0	0	0	0	0	0	0	0	0	0	0	0	0	0	0	0	0	0	0	0	0	0	0	0	0	0	0	0	0	0	0	0	0	0	0	0	0	0	0	0	0	0	0	0	0	0	0	0	0	0	0	0	0	0	0	0	0	0	0	0	0	0	0	0	0	0	0	0	0	0	0	0	0	0	0	0	0	0	0	0	0	0	0	0	0	0	0	0	0	0	0	0	0	0	0	0	0	0	0	0	0	0	0	0	0	0	0	0	0	0	0	0	0	0	0	0	0	0	0	0	0	0	0	0	0	0	0	0	0	0	0	0	0	0	0	0	0	0	0	0	0	0	0	0	0	0	0	0	0	0	0	0	0	0	0	0	0	0	0	0	0	0	0	0	0	0	0	0	0	0	0	0	0	0	0	0	0	0	0	0	0	0	0	0	0	0	0	0	0	0	0	0	0	0	0	0	0	0	0	0	0	0	0	0	0	0	0	0	0	0	0	0	0	0	0	0	0	0	0	0	0	0	0	0	0	0	0	0	0	0	0	0	0	0	0	0	0	0	0	0	0	0	0	0	0	0	0	0	0	0	0	0	0	0	0	0	0	0	0	0	0	0	0	0	0	0	0	0	0	0	0	0	0	2	0	0
2022.4918483026	0	0	0	0	0	0	0	0	0	0	0	0	0	0	0	0	0	0	0	0	0	0	0	0	0	0	0	0	0	0	0	0	0	0	0	0	0	0	2	0	0	0	0	0	0	0	0	0	0	0	0	0	0	0	0	0	0	0	0	0	0	0	0	0	0	0	0	0	0	0	0	0	0	0	0	0	0	0	0	0	0	0	0	0	0	0	0	0	0	0	0	0	0	0	0	0	0	0	0	0	0	0	0	0	0	0	0	0	0	0	0	0	0	0	0	0	0	0	0	0	0	0	0	0	0	0	0	0	0	0	0	0	0	0	0	0	0	0	0	0	0	0	0	0	0	0	0	0	0	0	0	0	0	0	0	0	0	0	0	0	0	0	0	0	0	0	0	0	0	0	0	0	0	0	0	0	0	0	0	0	0	0	0	0	0	0	0	0	0	0	0	0	0	0	0	0	0	0	0	0	0	0	0	0	0	0	0	0	0	0	0	0	0	0	0	0	0	0	0	0	0	0	0	0	0	0	0	0	0	0	0	0	0	0	0	2	0	0	0	0	2	0	0	0	0	0	0	0	0	0	0	0	0	0	0	0	0	0	0	0	0	0	0	0	0	0	0	0	0	0	0	0	0	0	0	0	0	0	0	0	0	0	0	0	0	0	0	0	2	0	0	0	0	0	0	0	0	0	0	0	0	0	0	0	0	0	0	0	0	0	0	0	0	0	2	0	0	0	0	0	0	0	0	0	0	0	0	0	0	0	0	0	0	0	0	0	0	0	0	0	0	0	0	0	0	0	0	0	0	0	0	0	0	0	0	0	0	0	0	0	0	0	0	0	0	0	0	0	0	0	0	0	0	0	0	0	0	0	0	0	0	0	0	0	0	0	0	0	0	0	0	0	0	0	0	0	0	0	0	0	0	0	0	0	0	0	0	0	0	0	0	0	0	0	0	0	0	0	0	0	0	0	0	0	0	0	0	0	0	0	0	0	0	0	0	0	0	2	0	0	0	0	0	0	0	0	0	0	0	0	0	0	0	0	0	0	0	0	0	0	2	0	0	0	0	0	0	0	0	0	0	0	0	0	0	0	0	0	0	0	0	0	0	0	0	0	0	0	0	0	2	0	0	0	0	0	0	0	0	0	0	0	0	0	0	0	0	0	0	0	0	0	0	0	0	0	0	0	0	0	0	0	0	0	0	0	0	0	0	0	0	0	0	0	0	0	0	0	0	0	0	0	0	0	0	0	0	0	2	0	0	0	0	0	0	0	0	0	0	0	0	0	0	0	0	0	0	0	0	0	0	0	0	0	0	0	0	0	0	0	0	0	0	0	0	0	0	0	0	0	0	0	0	0	0	0	0	0	0	0	0	0	0	0	0	0	0	0	0	0	0	0	0	0	0	0	0	0	0	0	0	0	0	0	0	0	0	0	0	0	0	0	0	0	0	0	0	0	0	0	0	0	0	0	0	0	0	0	0	0	0	0	0	0	0	0	0	0	0	0	0	0	0	0	0	0	0	0	0	0	0	0	0	0	0	0	0	0	0	0	0	0	0	0	0	0	0	0	0	0	0	0	0	0	0	0	2	0	0	0	0	0	0	0	0	0	0	0	0	0	0	0	0	0	0	0	0	0	0	0	0	0	0	0	0	0	0	0	0	0	0	0	0	0	0	0	0	0	0	0	0	0	0	0	0	0	0	0	0	0	0	0	0	0	0	0	0	0	0	0	0	0	0	0	0	0	0	0	0	0	0	0	0	0	0	0	0	0	0	0	0	0	0	0	0	0	0	0	0	0	0	0	0	0	0	0	0	0	0	0	0	0	0	0	0	0	0	0	0	0	0	0	0	0	0	0	0	0	0	0	0	0	0	0	0	0	0	0	0	0	0	0	0	0	0	0	0	0	0	0	0	0	0	0	0	0	0	0	0	0	0	0	0	0	0	0	0	0	0	0	0	0	0	0	0	0	0	0	0	0	0	0	0	0	0	0	0	0	0	0	0	0	0	0	0	0	0	0	0	0	0	0	0	0	0	0	2	0	0	0	0	0	0	0	0	0	0	0	0	0	0	0	0	0	0	0	0	0	0	0	0	0	0	0	0	0	0	0	0	0	0	0	0	0	0	0	0	0	0	0	0	0	0	0	0	0	0	0	0	0	0	0	0	0	0	0	0	0	0	0	0	0	0	0	0	0	0	0	0	0	0	0	0	0	0	0	0	0	0	0	0	0	0	0	0	0	0	0	0	0	0	0	0	0	0	0	0	2	0	0
2022.50522532196	0	0	0	0	0	0	0	0	0	0	0	0	0	0	0	0	0	0	0	0	0	0	0	0	0	0	0	0	0	0	0	0	0	0	0	0	0	0	2	0	0	0	0	0	0	0	0	0	0	0	0	0	0	0	0	0	0	0	0	0	0	0	0	0	0	0	0	0	0	0	0	0	0	0	0	0	0	0	0	0	0	0	0	0	0	0	0	0	0	0	0	0	0	0	0	0	0	0	0	0	0	0	0	0	0	0	0	0	0	0	0	0	0	0	0	0	0	0	0	0	0	0	0	0	0	0	0	0	0	0	0	0	0	0	0	0	0	0	0	0	0	0	0	0	0	0	0	0	0	0	0	0	0	0	0	0	0	0	0	0	0	0	0	0	0	0	0	0	0	0	0	0	0	0	0	0	0	0	0	0	0	0	0	0	0	0	0	0	0	0	0	0	0	0	0	0	0	0	0	0	0	0	0	0	0	0	0	0	0	0	0	0	0	0	0	0	0	0	0	0	0	0	0	0	0	0	0	0	0	0	0	0	0	0	0	4	0	0	0	0	4	0	0	0	0	0	0	0	0	0	0	0	0	0	0	0	0	0	0	0	0	0	0	0	0	0	0	0	0	0	0	0	0	0	0	0	0	0	0	0	0	0	0	0	0	0	0	0	2	0	0	0	0	0	0	0	0	0	0	0	0	0	0	0	0	0	0	0	0	0	0	0	0	0	2	0	0	0	0	0	0	0	0	0	0	0	0	0	0	0	0	0	0	0	0	0	0	0	0	0	0	0	0	0	0	0	0	0	0	0	0	0	0	0	0	0	0	0	0	0	0	0	0	0	0	0	0	0	0	0	0	0	0	0	0	0	0	0	0	0	0	0	0	0	0	0	0	0	0	0	0	0	0	0	0	0	0	0	0	0	0	0	0	0	0	0	0	0	0	0	0	0	0	0	0	0	0	0	0	0	0	0	0	0	0	0	0	0	0	0	0	0	0	0	0	0	0	2	0	0	0	0	0	0	0	0	0	0	0	0	0	0	0	0	0	0	0	0	0	0	2	0	0	0	0	0	0	0	0	0	0	0	0	0	0	0	0	0	0	0	0	0	0	0	0	0	0	0	0	0	2	0	0	0	0	0	0	0	0	0	0	0	0	0	0	0	0	0	0	0	0	0	0	0	0	0	0	0	0	0	0	0	0	0	0	0	0	0	0	0	0	0	0	0	0	0	0	0	0	0	0	0	0	0	0	0	0	0	2	0	0	0	0	0	0	0	0	0	0	0	0	0	0	0	0	0	0	0	0	0	0	0	0	0	0	0	0	0	0	0	0	0	0	0	0	0	0	0	0	0	0	0	0	0	0	0	0	0	0	0	0	0	0	0	0	0	0	0	0	0	0	0	0	0	0	0	0	0	0	0	0	0	2	0	0	0	0	0	0	0	0	0	0	0	0	0	0	0	0	0	0	0	0	0	0	0	0	0	0	0	0	2	0	0	0	0	0	0	0	0	0	0	0	0	0	0	0	0	0	0	0	0	0	0	0	0	0	0	0	0	0	0	0	0	0	0	0	0	0	0	0	0	0	0	0	0	4	0	0	0	0	0	0	0	0	0	0	0	0	0	0	0	0	0	0	0	0	0	0	0	0	0	0	0	0	0	0	0	0	0	0	0	0	0	0	0	0	0	0	0	0	0	0	0	0	0	0	0	0	0	0	0	0	0	0	0	0	0	0	0	0	0	0	0	0	0	0	0	0	0	0	0	0	0	0	0	0	0	0	0	0	0	0	0	0	0	0	0	0	0	0	0	0	0	0	0	0	0	0	0	0	0	0	0	0	0	0	0	0	0	0	0	0	0	0	0	0	0	0	0	0	0	0	0	0	0	0	0	0	0	0	0	0	0	0	0	0	0	0	0	0	0	0	0	0	0	0	0	0	0	0	0	0	0	0	0	0	0	0	0	0	0	0	0	0	0	0	0	0	2	0	0	0	0	0	0	0	0	0	0	0	0	0	0	0	0	0	0	0	0	0	0	0	0	0	0	2	0	0	0	0	0	0	0	0	0	0	0	0	0	0	0	0	0	0	0	0	0	0	0	0	0	0	0	0	0	0	0	0	0	0	0	0	0	0	0	0	0	0	0	0	0	0	0	0	0	0	0	0	0	0	0	0	0	0	0	0	0	0	0	0	0	0	0	0	0	0	0	0	0	0	0	0	0	0	0	0	0	0	0	0	0	0	0	0	0	0	0	0	0	0	0	0	0	0	0	0	2	0	0
2022.51860234131	0	0	0	0	0	0	0	0	0	0	0	0	0	0	0	0	0	0	0	0	0	0	0	0	0	0	0	0	0	0	0	0	0	0	0	0	0	0	2	0	0	0	0	0	0	0	0	0	0	0	0	0	0	0	0	0	0	0	0	0	0	0	0	0	0	0	0	0	0	0	0	0	0	0	0	0	0	0	0	0	0	0	0	0	0	0	0	0	0	0	0	0	0	0	0	0	0	0	0	0	2	0	0	2	0	0	0	0	0	0	0	0	0	0	0	0	0	0	0	0	0	0	0	0	0	0	0	0	0	0	0	0	0	0	0	0	0	0	0	0	0	0	0	0	0	0	0	0	0	0	0	0	0	0	0	0	0	0	0	0	0	0	0	0	0	0	0	0	0	0	0	0	0	0	0	0	0	0	0	0	0	0	0	0	0	0	0	0	0	0	0	0	0	0	0	0	0	0	0	0	0	0	0	0	0	0	0	0	0	0	0	2	0	0	0	0	0	0	0	0	0	0	0	0	0	0	0	0	0	0	0	0	0	0	0	3	0	0	0	0	3	0	0	0	0	0	0	0	0	0	0	0	0	0	0	0	0	0	0	0	0	0	0	0	0	0	2	0	0	0	0	0	0	0	0	0	0	0	0	0	0	0	0	0	0	0	0	0	0	0	0	0	0	0	0	0	0	0	0	0	0	0	0	0	0	0	0	0	0	0	0	0	0	0	2	0	0	0	0	0	0	0	0	0	0	0	0	0	0	0	0	0	0	0	0	0	0	0	0	0	0	0	0	0	0	0	0	0	0	0	0	0	0	0	0	0	0	0	0	0	0	0	0	0	0	0	0	0	0	0	0	0	0	0	0	0	0	0	0	0	0	0	0	0	0	0	0	0	0	0	0	0	0	0	0	0	0	0	0	0	0	0	0	0	0	0	0	0	0	0	0	0	0	0	0	0	0	0	0	0	0	0	0	0	0	0	0	0	0	0	0	0	0	0	0	0	0	0	0	0	0	0	0	0	0	0	0	0	0	0	0	0	0	0	0	0	0	0	0	0	2	0	0	0	0	0	0	0	0	0	0	0	0	0	0	0	0	0	0	0	0	0	0	0	0	0	0	0	0	0	2	0	0	0	0	0	0	0	0	0	0	0	0	0	0	0	0	0	0	0	0	0	0	0	0	0	0	0	0	0	0	0	0	0	0	0	0	0	0	0	0	0	0	0	0	0	0	0	0	0	0	0	0	0	0	0	0	0	0	0	0	0	0	0	0	0	0	0	0	0	0	0	0	0	0	0	0	0	0	0	0	0	0	0	0	0	0	0	0	0	0	0	0	0	0	0	0	0	0	0	0	0	0	0	0	0	0	0	0	0	0	0	0	0	0	0	0	0	0	0	0	0	0	0	0	0	0	0	0	0	0	0	2	0	0	0	0	0	0	0	0	0	0	0	0	0	0	0	0	0	0	0	2	0	0	0	0	0	0	0	0	4	0	0	0	0	0	0	0	0	0	0	0	0	0	0	0	0	0	0	0	0	0	0	0	0	0	0	0	0	2	0	0	0	0	0	0	0	0	0	0	0	0	0	0	0	3	0	0	0	0	0	0	0	0	0	0	0	0	0	0	0	0	0	0	0	0	0	0	0	0	0	0	0	0	0	0	0	0	0	0	0	0	0	0	0	0	2	0	0	0	0	0	0	0	0	0	0	0	0	0	0	0	0	0	0	0	0	0	0	0	0	0	0	0	0	0	0	0	0	0	0	0	0	0	0	0	0	0	0	0	0	0	0	0	0	0	0	0	0	0	0	0	0	0	0	0	0	0	0	0	0	0	0	0	0	0	0	0	0	0	0	0	0	0	0	0	0	0	0	0	0	0	0	0	0	0	0	0	0	0	0	0	0	0	0	0	0	0	0	0	0	0	0	0	0	0	0	0	0	0	0	0	0	0	0	0	0	0	0	0	0	0	0	0	0	0	0	0	2	0	0	0	0	0	0	0	0	0	0	0	0	0	0	0	0	0	0	0	2	0	0	0	0	0	0	2	0	0	0	0	0	0	0	0	0	0	0	0	0	0	0	0	0	0	0	0	0	0	0	0	0	0	0	0	0	0	0	0	0	0	0	0	0	0	0	0	0	0	0	0	0	0	0	0	0	0	0	0	0	0	0	0	0	0	0	0	0	0	0	0	0	0	0	0	0	0	0	0	0	0	0	0	0	0	0	0	0	2	0	0	0	0	0	0	0	0	0	0	0	0	0	0	0	0	0	0	0	0	0
2022.53197936066	0	0	0	0	0	0	0	0	0	0	0	0	0	0	0	0	0	0	0	0	0	0	0	0	0	0	0	0	0	0	0	0	0	0	0	0	0	0	0	0	0	0	0	0	0	0	0	0	0	0	0	0	0	0	0	0	0	0	0	0	0	0	0	0	0	0	0	0	0	0	0	0	0	0	0	0	0	0	0	0	0	0	0	0	0	0	0	0	0	0	0	0	0	0	0	0	0	0	0	0	2	0	0	2	0	0	0	0	0	0	0	2	0	0	0	0	0	0	0	0	0	0	0	0	0	0	0	0	0	0	0	0	0	0	0	0	0	0	0	0	0	0	0	0	0	0	0	0	0	0	0	0	0	0	0	0	0	0	0	0	0	0	0	0	0	0	0	0	0	0	0	0	0	0	0	0	0	0	0	0	0	0	0	0	0	0	2	0	0	0	0	0	0	0	0	0	0	0	0	0	0	0	0	0	0	0	0	0	0	0	0	2	0	0	0	0	0	0	0	0	0	0	0	0	0	0	0	0	0	0	0	0	0	0	0	5	0	0	0	0	5	0	0	0	0	0	0	0	0	0	0	0	0	0	0	0	0	0	0	0	0	0	0	0	0	0	2	0	0	0	0	0	0	0	0	0	0	0	0	0	0	0	0	0	0	0	0	0	0	0	0	0	0	0	0	0	0	0	0	0	0	0	0	0	0	0	0	0	0	0	0	0	0	0	0	0	0	0	0	0	0	0	0	0	0	0	0	0	0	0	0	0	0	0	0	0	0	0	0	0	0	0	0	0	0	0	0	0	0	0	0	0	0	0	0	0	0	0	0	0	0	0	0	0	0	0	0	0	0	0	0	0	0	0	0	0	0	0	0	0	0	0	0	0	0	0	0	0	0	0	0	0	0	0	0	0	0	0	0	0	0	0	0	0	0	0	0	0	0	0	0	0	0	0	0	0	0	0	0	0	0	0	0	0	0	0	0	0	0	0	0	0	0	0	0	0	0	0	0	0	0	0	0	0	0	0	0	0	0	0	0	0	0	0	0	0	0	0	0	0	5	0	0	0	0	0	0	0	0	0	0	0	0	0	0	0	0	0	0	0	0	0	0	0	0	0	0	0	0	0	5	0	0	0	0	0	0	0	0	0	0	0	0	0	0	0	0	0	0	0	0	0	0	0	0	0	0	0	0	0	0	0	0	0	0	0	0	0	0	0	0	0	0	0	0	0	0	0	0	0	0	0	0	0	0	0	0	0	0	0	0	0	0	0	0	0	0	0	0	0	0	0	0	0	0	0	0	0	0	0	0	0	0	0	0	0	0	0	0	0	0	0	0	0	0	0	0	0	0	0	0	0	0	0	0	0	0	0	0	0	0	0	0	0	0	0	0	0	0	0	0	0	0	0	0	0	0	0	0	0	0	0	2	0	0	0	0	0	0	0	2	0	0	0	0	0	0	0	0	0	0	0	2	0	0	0	0	0	0	0	0	4	0	0	0	0	0	0	0	0	0	0	0	0	0	0	0	0	0	0	0	0	0	0	0	0	0	0	0	0	2	0	0	0	0	0	0	0	0	0	0	0	0	0	0	0	5	0	0	0	0	0	0	0	0	0	0	0	0	0	0	0	0	0	0	0	0	0	0	0	0	0	0	0	0	0	0	0	0	0	0	0	0	0	0	0	0	2	0	0	0	0	0	0	0	0	0	0	0	0	0	0	0	0	0	0	0	0	0	0	0	0	0	0	0	0	0	0	0	0	0	0	0	0	0	0	0	0	0	0	0	0	0	0	0	0	0	0	0	0	0	0	0	0	0	0	0	0	0	0	0	0	0	0	0	0	0	0	0	0	0	0	0	0	0	0	0	0	0	0	0	0	0	0	0	0	0	0	0	0	0	0	0	0	0	0	0	0	0	0	0	0	0	0	2	0	0	0	0	0	0	0	0	0	0	0	0	0	0	0	0	0	0	0	0	0	0	0	0	2	0	0	0	0	0	0	0	0	0	0	0	0	0	0	0	0	0	0	0	2	0	0	0	0	0	0	0	0	0	0	0	0	0	0	0	0	0	0	0	0	0	0	0	0	0	0	0	0	0	0	0	0	0	0	0	0	0	0	0	0	0	0	0	0	0	0	0	0	0	0	0	0	0	0	0	0	0	0	0	0	0	0	0	0	0	0	0	0	0	0	0	0	0	0	0	0	0	0	0	0	0	0	0	0	0	0	0	0	2	0	0	0	0	0	0	0	0	0	0	0	0	0	0	0	0	0	0	0	0	0
2022.54535638001	0	0	0	0	0	0	0	0	0	0	0	0	0	0	0	0	0	0	0	0	0	0	0	0	0	0	0	0	0	0	0	0	0	2	0	0	0	0	0	0	0	0	0	0	0	0	0	0	0	0	0	0	0	0	0	0	0	0	0	0	0	0	0	0	0	0	0	0	0	0	0	0	0	0	0	0	0	0	0	0	0	0	0	0	0	0	0	2	0	0	0	0	0	0	0	0	0	0	2	2	2	0	0	2	0	0	0	0	0	0	0	2	0	0	0	0	0	0	0	0	0	0	2	0	0	0	0	0	0	0	0	0	2	0	0	0	0	0	0	0	0	0	0	0	0	0	0	0	0	0	0	0	0	0	0	0	0	0	0	0	0	0	0	0	0	0	0	0	0	0	0	0	0	0	0	0	2	0	0	0	0	0	0	0	0	0	2	0	0	0	0	0	0	0	0	0	0	0	0	0	0	0	2	0	0	0	0	0	0	0	0	2	0	0	0	0	2	0	0	0	0	0	0	0	0	0	0	0	0	0	0	0	0	0	0	3	0	0	0	0	3	0	0	0	0	0	0	0	0	0	0	0	0	0	0	0	0	0	0	2	0	0	0	0	0	0	2	0	0	0	0	0	0	0	0	0	0	0	0	0	0	0	0	0	0	2	0	0	0	0	0	0	0	0	0	0	0	2	0	0	0	0	0	0	0	0	0	0	0	0	0	0	0	0	0	0	0	0	0	0	0	0	0	0	0	0	0	0	0	0	0	0	2	0	0	2	2	0	0	0	0	0	0	0	0	0	0	0	0	0	0	0	0	0	0	0	0	0	0	0	0	0	0	0	0	2	0	0	2	0	0	0	0	0	0	0	0	0	0	0	0	0	0	0	0	0	0	0	0	0	0	0	0	0	0	0	0	0	0	0	0	0	0	0	0	0	2	0	0	0	0	0	0	0	0	0	0	0	0	0	0	0	0	0	0	0	0	0	0	0	0	0	0	0	0	0	0	0	0	0	0	0	0	0	0	0	2	0	0	0	0	0	0	0	0	0	0	0	0	0	5	0	0	0	0	0	0	0	0	0	0	0	0	0	0	0	0	0	0	0	0	0	0	0	0	0	0	0	0	0	5	0	0	0	0	0	2	0	0	0	0	0	0	0	0	0	2	0	0	0	0	0	0	0	0	0	0	0	0	0	0	0	0	0	0	0	0	0	0	0	0	0	0	0	0	0	0	0	0	0	0	0	0	0	0	0	0	0	0	0	0	0	0	0	0	0	0	0	0	0	0	0	0	0	0	0	0	0	0	0	0	0	0	0	0	0	0	0	0	0	0	0	0	0	0	0	0	0	0	0	0	0	0	0	0	0	0	0	0	0	0	0	0	0	0	0	0	0	0	0	0	0	0	0	0	0	0	0	0	0	0	0	2	0	0	0	0	0	0	0	2	0	0	0	0	0	0	0	0	0	0	0	2	0	0	2	0	0	0	0	0	3	0	0	0	0	0	0	0	0	0	0	0	0	0	0	0	0	0	0	0	0	0	0	0	0	0	0	0	0	2	0	0	0	0	0	0	0	0	0	0	0	0	0	0	0	3	0	0	0	0	0	0	0	0	0	0	0	0	0	0	0	0	0	0	0	0	0	0	0	0	0	0	0	0	0	0	0	0	2	0	0	0	0	0	0	0	2	0	0	0	0	0	0	0	0	0	0	0	0	0	0	0	0	0	0	0	0	0	0	0	0	2	0	0	0	0	0	0	0	0	0	0	0	0	0	0	0	0	0	0	0	0	0	0	0	0	0	0	0	0	0	0	0	0	0	0	0	0	0	0	0	0	0	0	0	0	0	0	0	0	0	0	0	2	0	0	0	0	0	0	0	0	0	0	0	0	0	0	0	0	0	0	0	0	0	0	0	0	0	0	0	0	0	2	0	0	0	0	0	0	0	2	0	0	0	0	0	2	0	0	0	0	0	0	2	0	0	0	2	0	0	0	0	0	0	0	0	0	0	0	0	0	0	0	0	0	0	2	2	0	0	0	0	0	0	0	0	0	0	0	0	0	0	0	0	0	0	0	0	0	0	0	0	0	0	0	0	0	0	0	0	0	0	0	0	0	2	0	0	0	0	0	0	0	0	0	0	0	0	0	0	0	0	0	0	0	0	0	0	0	0	0	0	0	0	0	0	0	0	0	0	0	0	0	0	0	0	0	0	0	0	0	0	0	0	0	0	2	0	2	0	0	0	0	0	2	0	0	0	0	0	0	0	0	2	0	0	0	0
2022.55873339936	0	0	0	0	0	0	0	0	0	0	0	0	0	0	0	0	0	0	0	0	0	0	0	0	2	0	0	0	0	0	0	0	0	2	0	0	0	0	0	0	0	0	0	0	0	2	0	0	0	0	0	0	0	0	0	0	0	0	0	0	0	0	0	0	0	0	0	0	0	0	0	0	0	0	0	0	0	0	0	0	0	0	0	0	0	0	0	2	0	0	2	0	0	0	0	0	0	0	2	2	0	0	0	0	0	0	0	0	0	0	0	2	0	0	0	0	0	0	0	0	0	0	2	0	0	0	0	0	0	0	0	0	2	0	0	0	0	0	0	0	0	0	0	0	0	0	0	0	0	0	0	0	0	0	0	0	0	0	0	0	0	0	2	0	0	0	0	0	0	0	0	0	0	0	0	0	2	0	0	0	0	0	0	0	0	0	2	0	0	0	0	0	0	0	0	0	0	0	0	0	0	0	2	0	0	0	0	0	0	0	0	2	0	0	0	0	2	0	0	0	0	0	2	0	0	0	0	0	0	0	0	0	0	0	0	3	0	0	0	0	3	0	0	0	0	0	0	0	0	0	0	0	0	0	0	0	0	2	0	2	2	0	0	0	0	0	0	0	0	0	0	0	0	0	0	0	0	0	0	0	0	0	2	0	0	2	0	0	0	0	0	0	0	0	0	0	0	2	0	0	0	0	0	0	2	0	0	0	0	0	0	0	0	0	0	0	0	0	0	0	0	0	2	0	0	0	0	0	0	0	0	0	2	0	0	2	2	0	0	0	0	0	0	0	0	0	0	0	0	0	0	0	2	0	0	0	0	0	0	0	0	0	0	0	0	2	0	0	2	0	0	0	0	0	0	0	0	0	0	0	0	0	0	0	0	0	0	0	0	0	0	0	0	0	0	0	0	0	0	0	0	0	0	0	0	0	2	0	0	0	0	0	0	0	0	0	0	0	0	0	0	0	0	0	0	0	0	0	0	0	0	0	0	0	2	0	0	0	0	0	0	0	0	0	0	0	2	0	0	0	0	0	0	0	0	0	0	0	0	0	5	0	0	0	0	0	0	0	0	0	0	0	0	0	0	0	2	0	0	2	0	0	0	0	0	0	0	0	0	0	5	0	0	0	0	0	2	0	0	0	0	0	0	0	0	0	2	0	0	0	0	0	0	0	0	0	0	0	0	0	0	0	0	0	0	2	0	0	0	0	0	0	0	0	0	0	0	0	0	0	0	0	0	0	2	0	0	0	0	0	0	0	0	0	0	0	0	0	0	0	0	0	0	0	0	0	0	0	0	0	0	0	0	0	0	0	0	0	0	0	0	0	0	0	0	0	0	0	0	0	0	2	0	0	0	0	0	0	0	0	0	0	0	0	0	0	0	0	0	0	0	0	0	0	0	0	0	0	0	0	0	0	0	0	0	0	0	0	0	0	2	0	0	0	0	0	0	0	0	0	0	0	0	0	0	2	0	0	0	0	0	0	0	0	0	0	2	0	0	0	0	0	0	0	0	0	0	0	0	0	0	0	0	0	0	0	0	0	0	0	0	0	0	0	0	0	2	0	0	0	0	0	2	2	0	0	3	0	0	0	0	0	0	2	0	0	0	0	0	0	0	0	0	0	0	0	0	0	0	0	0	0	0	0	0	0	0	0	0	2	0	0	0	0	0	0	0	0	0	0	0	0	0	0	0	0	2	0	0	0	0	0	0	0	0	0	0	0	0	0	0	0	2	0	0	0	0	0	0	0	0	0	0	0	0	2	0	0	0	0	0	0	0	0	0	0	2	0	0	0	0	0	0	0	0	0	0	0	0	0	0	0	0	0	0	0	0	0	0	0	0	0	0	0	2	0	0	0	0	0	0	0	0	0	0	0	0	0	0	0	0	0	0	0	0	0	0	0	0	0	0	0	0	0	2	0	0	0	0	0	0	0	4	0	0	0	0	0	2	0	0	0	0	0	0	2	0	0	0	0	0	0	0	2	0	0	0	0	0	0	0	0	0	0	0	0	0	0	2	0	0	0	0	0	0	0	0	0	0	0	0	0	0	0	0	0	0	0	0	0	0	0	0	0	0	0	0	0	0	0	0	0	0	0	0	0	0	2	0	0	0	0	0	0	0	0	0	0	0	0	0	0	0	0	0	0	0	0	0	0	0	0	0	0	0	0	2	0	0	0	0	0	0	0	0	0	0	0	0	0	0	0	0	0	0	0	0	0	2	0	2	0	0	0	0	0	2	0	0	0	0	0	0	0	0	2	0	0	0	0
2022.57211041871	0	0	0	0	0	0	0	0	0	0	0	0	0	0	2	0	0	0	0	0	0	0	0	0	2	0	0	0	0	0	0	0	0	2	0	0	0	0	0	0	0	0	0	0	0	2	0	0	0	0	0	0	0	0	0	0	0	0	0	0	0	0	0	0	0	0	0	0	0	0	0	0	0	0	0	0	0	0	0	0	0	0	0	0	0	0	0	2	0	0	2	0	0	0	0	0	0	0	2	2	0	0	0	0	0	0	0	0	0	0	0	0	0	0	0	0	0	0	0	0	0	0	2	0	0	0	0	0	0	0	0	0	2	0	0	0	0	0	0	0	0	0	0	0	0	0	2	0	0	0	0	0	0	0	0	0	0	0	0	0	2	0	2	0	0	0	0	0	0	0	0	0	0	0	0	2	2	2	0	0	0	0	0	0	0	0	0	0	0	0	0	0	0	0	0	0	0	0	0	0	0	2	2	0	0	0	0	0	0	0	0	0	0	0	0	0	2	0	0	0	0	0	2	0	0	0	0	0	0	0	0	0	0	0	0	0	0	0	0	0	0	0	0	0	0	0	0	0	0	0	0	0	0	0	0	0	0	2	2	2	2	0	0	0	0	0	0	2	0	0	0	0	0	0	0	0	0	0	0	0	0	0	2	0	0	2	0	0	0	0	0	0	0	0	0	0	0	2	0	0	0	0	0	0	2	0	0	2	0	0	0	0	0	0	0	0	0	0	0	0	0	0	2	0	0	0	0	0	0	0	0	0	2	0	0	2	2	0	0	0	0	0	0	0	0	0	0	0	0	0	0	0	2	0	0	0	0	0	0	0	0	0	0	0	0	2	0	0	2	0	0	0	0	0	0	0	0	0	0	0	0	0	0	2	0	0	0	0	0	0	0	0	0	0	0	0	0	0	0	0	0	0	0	0	0	0	2	0	0	0	0	0	0	0	0	0	0	0	0	0	0	0	0	0	0	0	0	0	0	0	0	0	0	0	2	0	0	0	0	0	0	0	0	0	2	0	2	0	0	0	0	0	0	0	0	0	0	0	0	0	0	0	0	0	0	0	0	0	0	0	0	0	0	0	0	0	2	0	0	2	0	0	0	0	0	0	0	0	0	0	0	0	0	0	0	0	2	0	0	0	0	0	0	2	0	0	2	0	0	0	0	0	0	0	0	0	0	0	0	0	0	0	0	0	0	2	0	0	0	2	0	2	0	0	0	0	0	0	0	0	0	0	0	0	2	0	0	0	0	0	0	0	0	0	0	0	0	0	0	0	0	0	0	0	0	0	0	0	0	0	0	0	0	0	0	0	0	0	0	0	0	0	0	0	0	0	0	0	0	0	0	2	0	0	0	0	0	0	0	0	2	0	0	0	0	0	0	0	0	0	0	0	0	0	0	0	0	0	0	0	0	0	0	0	0	0	0	0	0	0	0	0	0	0	0	0	0	0	0	0	0	0	0	0	0	2	0	0	0	0	0	0	0	0	0	0	2	0	0	0	0	0	0	0	0	0	0	0	0	0	2	0	0	0	0	0	0	0	0	0	0	0	0	0	0	0	2	0	0	0	0	0	2	2	0	0	0	0	0	0	0	0	0	2	0	0	0	0	0	0	0	0	0	0	0	0	0	0	0	0	0	0	0	0	0	0	0	0	0	2	0	0	0	0	0	2	0	0	0	0	0	0	0	0	0	0	2	0	0	0	0	0	0	0	0	0	0	0	0	0	0	0	2	0	0	0	0	0	0	0	0	0	0	0	0	2	0	0	0	0	0	0	0	0	0	0	2	0	0	0	0	0	0	0	0	0	0	0	0	0	0	0	0	0	0	2	0	0	0	2	0	0	0	0	2	0	0	0	0	0	0	0	0	0	0	0	0	0	0	0	0	0	0	0	0	0	0	0	0	0	0	0	0	0	0	0	0	0	0	0	0	0	4	0	0	0	0	0	2	0	0	0	0	0	0	2	0	0	0	0	0	0	0	2	0	0	0	0	0	0	0	0	0	0	0	0	0	0	2	0	0	0	0	0	0	0	0	0	0	0	0	0	0	0	0	0	0	0	0	0	0	0	0	0	2	0	2	0	0	0	0	0	0	0	0	0	0	2	0	0	0	0	0	0	0	0	0	0	0	0	0	0	0	0	0	0	0	0	0	0	0	0	0	0	0	0	2	0	0	0	0	0	0	0	0	0	0	0	0	0	0	0	0	0	0	0	0	0	0	0	2	0	0	0	0	0	2	0	0	0	0	0	0	0	0	2	0	0	0	0
2022.58548743807	0	0	0	0	0	0	2	0	2	0	0	2	0	0	2	0	0	0	0	0	0	2	0	0	2	0	0	0	2	0	0	2	0	0	0	0	0	0	0	0	0	0	0	0	0	2	0	0	0	0	0	0	0	0	2	0	0	0	0	0	0	0	0	2	0	0	0	0	0	2	0	0	0	0	0	0	0	0	0	0	0	0	0	0	0	0	0	0	0	0	2	0	0	0	0	0	0	0	0	0	0	0	0	0	2	0	0	0	0	0	0	0	0	0	0	0	0	0	0	0	0	0	2	0	0	0	0	0	0	0	0	0	0	0	0	0	0	0	0	0	0	0	0	0	0	0	4	0	0	0	0	0	0	0	0	0	0	0	0	0	2	0	2	2	0	0	0	2	0	0	0	2	0	0	0	2	2	2	0	0	0	0	0	0	0	0	0	0	0	0	0	0	0	0	0	0	0	0	0	0	0	2	0	0	0	0	0	0	0	0	0	0	0	0	0	0	0	0	0	0	0	0	2	0	0	0	0	0	0	0	0	0	0	0	0	0	0	0	0	0	0	0	0	0	0	0	0	0	0	0	0	0	0	0	0	0	0	2	4	0	2	0	0	0	0	0	0	2	0	0	0	0	0	0	0	0	0	0	0	0	0	0	2	0	0	0	0	0	0	0	0	0	0	0	0	0	0	3	0	0	0	0	0	0	2	0	0	2	0	0	0	0	0	0	0	0	0	0	0	0	0	0	2	0	0	0	0	0	0	0	0	0	0	2	0	0	0	0	0	0	0	0	0	0	0	0	0	0	0	0	0	0	2	0	0	0	0	0	0	0	0	0	0	2	0	0	0	0	0	2	0	0	0	0	0	0	0	0	0	0	0	0	0	2	0	0	0	0	0	2	0	0	0	2	0	0	0	0	0	0	2	0	0	0	0	0	0	0	0	0	0	2	0	0	2	2	0	0	0	0	0	0	0	0	0	0	0	0	0	2	0	0	0	0	2	0	0	0	0	0	0	0	0	0	2	0	0	0	0	0	0	0	0	0	0	0	0	0	0	0	0	0	0	0	0	0	0	0	0	0	0	0	2	0	0	0	2	2	0	2	0	0	0	0	0	0	0	0	0	0	0	0	0	2	0	0	0	0	0	0	0	0	0	2	0	0	0	0	0	0	0	0	0	0	0	0	0	0	0	0	0	0	0	0	0	2	0	0	0	2	0	2	0	0	0	0	0	0	0	0	0	0	0	0	2	0	0	0	0	0	0	0	0	0	0	0	0	0	0	0	0	0	0	0	0	0	0	0	0	0	0	0	0	0	0	0	0	0	0	0	0	0	0	0	0	0	0	0	0	0	0	2	0	0	0	0	0	0	0	0	2	2	0	0	0	0	0	0	0	0	2	0	0	2	0	0	0	0	0	0	0	0	0	0	0	0	0	0	0	0	0	0	2	0	0	0	2	0	0	0	0	0	0	0	0	3	0	0	0	0	0	0	0	0	0	0	2	0	0	0	0	0	0	0	0	0	0	0	0	0	2	0	0	0	0	0	0	0	0	0	0	0	0	0	0	0	2	0	0	0	0	0	2	2	0	0	0	0	0	0	0	0	0	2	0	0	0	0	0	0	0	0	0	0	0	0	0	0	0	0	0	0	0	0	0	0	0	0	0	0	0	0	2	0	0	4	0	0	2	0	0	0	0	0	0	0	2	0	0	0	0	0	0	0	0	0	0	0	0	0	0	0	0	0	0	0	0	0	0	0	0	0	0	0	0	2	0	0	0	0	0	0	0	0	0	0	2	0	0	0	0	2	0	0	0	0	0	0	0	0	0	0	0	0	0	2	0	0	0	2	0	0	0	0	0	0	0	0	0	0	0	0	0	0	0	0	0	0	0	0	0	0	0	0	0	0	0	0	0	0	0	0	0	0	3	0	0	0	0	2	0	0	3	0	0	0	0	0	0	0	0	0	0	0	0	0	0	0	0	0	0	0	0	2	0	0	0	0	0	2	0	0	0	0	0	0	0	0	0	0	0	0	0	0	0	0	3	0	0	0	0	0	0	0	0	0	0	0	0	0	0	0	0	0	2	0	2	0	0	0	0	0	0	0	0	0	0	0	0	0	0	0	0	0	0	0	0	0	0	0	0	0	0	2	0	0	0	0	0	0	0	0	0	0	0	2	2	0	0	0	0	0	0	0	0	0	0	0	0	0	0	0	0	0	0	0	0	0	0	0	0	0	0	0	0	0	0	2	0	0	0	0	0	0	0	0	0	0	0	0
2022.59886445742	0	0	0	0	0	0	2	0	2	0	0	2	0	0	2	0	0	0	2	0	0	2	0	0	0	0	0	0	2	0	0	2	0	0	0	0	0	0	0	0	0	0	0	0	0	0	0	0	0	0	0	0	0	0	2	0	0	0	0	0	0	0	0	2	0	0	0	0	0	2	2	0	0	0	0	0	0	0	2	0	0	0	0	0	0	0	0	0	0	0	0	0	2	0	0	0	0	0	0	5	0	0	0	0	6	0	0	0	0	0	0	0	0	0	0	0	0	0	0	0	0	0	0	0	0	0	0	0	0	0	0	0	0	0	0	0	0	0	0	0	0	0	2	2	0	0	4	0	0	0	0	0	0	0	0	0	2	0	0	0	2	0	0	2	0	0	0	2	0	0	0	2	0	0	0	2	0	2	0	0	0	0	0	0	0	0	0	0	0	0	0	0	0	4	2	0	0	0	0	0	0	2	0	0	0	0	2	0	0	0	0	0	0	0	2	0	0	0	2	0	0	0	0	0	0	0	0	0	0	0	2	0	0	0	0	0	0	0	0	0	0	0	0	0	0	0	0	0	0	0	0	0	0	0	0	0	0	0	4	3	0	0	0	0	0	0	0	2	0	0	0	2	0	0	0	0	0	0	0	0	0	0	0	0	0	0	0	0	0	0	0	0	0	0	0	0	0	5	0	0	2	0	0	0	0	0	0	2	0	0	0	0	0	0	0	0	0	0	0	0	0	0	2	0	0	0	2	0	0	0	0	0	5	2	0	0	0	0	0	0	2	0	2	0	0	0	0	0	0	0	0	0	0	0	0	0	0	0	0	0	0	0	0	2	0	0	0	0	0	6	0	0	0	0	0	0	0	0	0	2	0	0	0	2	0	0	0	0	0	6	0	0	0	2	0	0	0	0	0	0	2	0	0	0	0	0	0	0	0	0	0	2	0	0	2	2	0	0	2	0	0	0	0	0	0	0	2	0	0	2	0	0	0	0	0	0	0	0	0	0	0	0	0	0	2	0	0	0	0	0	0	0	0	0	0	0	0	0	0	0	0	0	0	0	0	0	0	0	0	0	0	2	2	0	0	0	0	2	0	0	0	0	0	0	0	2	0	0	0	0	0	0	0	2	0	0	5	0	0	0	0	0	0	2	0	0	0	0	0	0	0	0	2	0	0	0	0	2	2	0	0	0	0	0	0	0	0	0	0	2	0	2	0	0	0	0	0	0	0	0	0	0	0	0	0	0	0	0	0	0	0	0	0	0	0	0	0	0	0	0	0	0	0	0	0	0	0	0	0	2	0	0	2	0	0	0	0	0	2	0	0	0	0	0	0	0	0	0	0	0	0	0	0	2	0	0	0	0	0	0	2	2	0	0	0	2	0	0	0	0	2	0	0	2	0	2	0	0	0	0	0	0	0	0	0	0	0	0	0	0	0	0	2	0	0	0	2	0	0	0	0	0	0	0	0	5	0	2	0	0	0	0	0	0	2	0	0	0	0	0	2	0	0	0	2	0	0	0	0	0	2	0	0	0	0	0	0	0	2	0	0	0	0	2	0	0	0	0	0	0	0	0	0	0	0	0	0	0	0	0	2	0	0	0	0	0	0	0	0	0	0	0	0	0	0	2	0	0	0	0	0	0	0	0	0	0	0	0	0	0	0	0	2	0	0	4	0	0	6	2	0	0	0	0	2	0	0	0	0	0	0	0	0	0	0	0	0	0	0	0	0	2	0	0	0	0	0	0	0	0	0	0	0	0	0	0	0	0	0	0	0	0	2	0	0	0	0	0	2	0	0	2	0	0	0	0	0	0	0	0	0	0	0	0	0	2	0	0	0	2	0	0	0	0	0	0	0	0	0	4	0	2	0	0	0	0	0	0	0	0	0	0	0	0	0	0	0	0	2	2	0	0	0	0	3	0	0	0	0	2	0	0	0	0	0	0	0	0	5	0	0	0	0	0	2	5	0	0	0	0	0	0	0	0	0	2	0	0	2	2	0	0	0	0	0	0	0	0	0	0	0	0	0	0	0	0	3	0	0	0	0	0	0	0	0	0	0	0	0	0	0	0	0	0	2	0	2	0	0	0	0	0	0	0	0	0	0	0	0	0	0	0	0	0	0	0	0	0	0	0	0	0	0	2	0	0	0	0	0	0	0	0	0	0	0	6	0	0	0	2	0	0	0	0	0	0	0	0	0	0	0	0	0	0	0	0	0	0	0	0	0	0	0	0	0	0	3	6	0	0	0	0	0	0	0	5	0	0	0	0
2022.61224147677	0	0	2	0	0	0	2	0	2	0	0	2	0	0	0	0	0	0	2	0	0	2	0	0	0	0	2	0	4	0	0	2	2	0	0	0	2	0	0	0	0	0	0	0	0	0	0	0	0	0	0	0	0	0	2	0	0	0	0	0	0	0	0	2	0	0	0	0	0	2	2	0	0	0	0	0	2	0	2	2	0	0	0	0	0	0	0	0	0	0	0	2	2	0	0	0	0	2	0	5	0	0	0	0	6	0	2	0	0	0	0	0	0	0	0	0	0	0	0	0	0	0	3	0	0	0	0	0	0	0	0	0	0	0	0	0	0	0	0	0	0	0	2	2	2	0	3	0	0	0	0	0	0	0	0	0	2	0	0	0	2	0	0	2	0	0	0	2	0	2	0	4	0	0	0	0	3	0	0	0	0	0	0	0	0	0	0	0	0	0	2	0	0	4	2	0	0	0	0	0	0	0	0	0	0	0	2	0	0	0	0	0	0	0	2	0	0	0	2	0	0	0	0	2	0	2	0	0	0	0	2	0	0	0	0	0	0	0	0	0	0	0	0	0	0	0	0	0	0	0	0	0	0	0	0	2	0	0	3	3	0	0	0	0	0	0	0	0	0	0	0	2	2	0	0	0	0	0	0	0	0	0	0	0	0	0	0	0	0	0	0	0	0	0	0	0	0	5	0	0	2	2	2	0	0	0	0	0	0	0	0	0	0	0	0	0	0	0	2	0	0	0	0	0	0	0	2	0	0	0	0	0	5	2	0	0	0	0	0	0	2	0	2	0	0	2	0	0	0	0	0	0	0	0	0	0	0	0	2	0	2	0	2	2	0	0	0	0	0	6	0	0	0	0	0	0	0	0	0	2	0	0	2	0	0	0	0	0	0	6	0	0	0	2	0	0	0	2	0	0	4	0	0	0	0	0	0	0	0	0	0	2	0	0	2	2	0	0	2	0	0	0	0	2	0	0	2	0	0	2	0	0	0	2	0	0	0	0	0	0	0	0	2	0	0	0	0	0	0	0	0	0	0	0	2	0	0	0	0	0	0	0	0	0	0	0	0	0	0	0	0	2	2	0	0	0	0	2	0	0	0	0	0	0	0	2	0	0	0	0	0	0	0	2	0	0	5	0	0	0	0	0	0	0	0	0	0	0	0	0	0	0	2	0	0	0	0	2	2	0	0	0	2	0	0	0	2	0	0	0	0	2	0	0	0	0	0	0	0	0	0	0	0	0	0	0	0	0	0	0	0	0	0	0	0	0	0	0	0	0	0	0	0	0	0	0	0	0	0	2	0	0	2	0	0	0	0	0	2	0	0	0	0	2	0	0	0	0	0	0	0	0	0	2	0	0	0	0	0	0	2	4	0	0	0	2	0	0	0	0	2	0	0	2	0	2	0	0	2	2	0	0	0	0	0	0	0	0	0	0	0	0	2	0	0	0	2	2	0	0	0	0	0	0	0	5	0	2	0	0	0	0	0	0	2	0	0	0	0	0	2	0	0	0	2	0	0	2	0	0	2	0	0	0	0	0	0	0	2	0	0	0	0	2	0	0	0	0	0	0	0	0	0	0	0	0	0	0	0	0	2	0	0	0	0	0	0	0	0	0	0	0	0	0	2	2	0	0	0	0	0	0	0	0	0	0	0	0	0	0	0	0	2	0	0	3	0	0	6	2	0	0	0	0	2	2	0	0	0	0	0	0	0	0	0	0	0	0	0	0	0	2	0	0	2	0	0	0	0	0	0	0	0	2	0	0	0	0	0	0	0	0	2	0	0	0	0	0	2	0	0	2	0	0	0	0	0	0	0	0	0	0	0	0	0	0	0	0	0	0	0	0	0	0	0	0	0	2	0	6	0	2	0	0	0	0	0	0	0	0	0	0	0	0	0	0	0	0	2	2	0	0	0	0	5	0	0	0	0	4	0	0	0	0	0	0	0	0	5	0	0	0	0	0	2	5	0	0	0	0	0	0	0	0	0	2	0	0	2	2	0	0	0	0	2	0	0	0	0	0	0	0	0	2	0	0	3	0	0	0	0	0	0	0	0	0	0	0	0	0	0	0	0	0	0	0	0	0	0	0	0	0	0	0	0	0	0	0	2	2	0	0	0	0	0	0	0	0	0	2	0	0	0	2	0	0	0	0	0	2	0	2	0	0	0	6	0	0	0	2	0	0	0	0	0	0	0	0	0	0	0	0	0	0	0	0	0	0	0	0	0	0	0	0	0	0	3	6	0	0	0	0	0	0	0	5	0	0	0	2
2022.62561849612	0	0	2	0	0	2	0	0	3	0	0	0	0	2	0	0	0	0	2	0	0	2	0	0	0	0	2	0	5	0	0	0	2	0	0	0	2	0	0	0	0	0	0	0	0	0	0	0	0	0	0	0	0	0	0	0	0	0	2	0	0	0	0	0	0	2	0	0	0	0	2	0	0	0	0	0	2	0	2	2	0	0	0	0	0	0	0	3	0	0	0	2	2	2	0	0	0	2	0	5	0	0	0	0	5	0	2	0	0	0	0	0	2	2	0	0	0	0	0	0	0	0	3	0	0	0	0	0	0	0	0	0	0	0	0	0	0	0	0	0	0	0	2	2	2	0	3	0	2	0	0	0	0	0	0	0	2	0	0	0	0	0	0	3	0	0	0	3	0	2	0	5	2	0	0	0	3	0	0	0	0	0	0	0	0	0	0	0	2	0	2	0	0	4	2	0	0	0	0	2	0	0	0	0	2	0	2	0	0	0	2	0	0	0	2	0	0	0	2	0	0	0	0	2	0	2	0	0	2	0	2	0	0	0	0	0	0	0	0	0	0	0	0	0	2	0	0	0	0	0	0	0	0	0	0	2	2	0	3	3	0	0	0	2	0	0	0	0	0	0	2	2	2	0	0	0	0	2	0	0	0	0	3	2	2	0	0	0	0	0	2	0	0	0	0	0	0	3	0	0	2	2	2	0	0	0	0	0	0	0	0	0	0	0	0	2	0	0	2	0	0	0	3	0	0	0	2	0	0	0	0	0	5	2	0	0	0	0	0	0	2	0	2	0	0	2	0	0	0	0	0	0	0	0	0	0	0	0	2	2	2	2	2	3	0	0	0	0	0	5	0	0	0	0	0	0	0	0	0	2	0	0	2	0	0	0	0	0	0	5	0	0	0	0	0	0	0	2	0	0	5	0	0	0	0	2	0	0	0	2	0	3	0	0	0	0	0	0	2	0	0	0	2	2	2	0	2	0	0	0	0	0	0	2	0	0	0	0	0	0	0	0	2	0	0	0	0	0	0	0	0	0	0	0	2	0	0	0	0	0	0	0	0	0	0	0	0	0	0	0	0	2	2	0	0	0	3	0	2	0	0	0	0	0	0	2	0	0	2	0	0	0	0	0	0	0	5	0	0	0	0	0	0	0	0	0	0	0	0	0	0	0	2	0	0	0	2	2	2	0	0	0	2	0	0	0	2	0	0	0	0	0	0	0	0	0	0	0	0	0	0	0	0	0	3	0	0	0	0	0	0	0	0	0	0	0	0	0	0	0	0	0	0	0	0	0	0	0	0	4	0	0	2	0	0	0	0	0	2	0	0	0	0	2	0	0	0	0	0	0	0	3	0	2	0	0	0	0	0	0	0	3	0	0	0	2	0	0	0	0	2	0	0	0	0	2	0	0	2	2	0	0	0	0	2	0	0	0	0	0	0	0	0	0	0	0	0	2	0	0	0	2	0	2	0	3	0	2	0	0	0	0	0	0	4	0	0	0	0	0	2	0	0	2	2	0	0	4	0	0	0	2	0	0	0	0	0	2	2	0	0	0	0	2	0	0	0	0	0	0	0	0	0	3	0	0	0	2	0	0	2	0	0	0	0	0	0	0	0	0	0	0	0	0	2	2	0	0	0	0	0	2	0	0	0	0	0	0	0	0	0	0	2	2	0	3	0	0	5	2	0	0	0	0	2	2	3	0	0	0	0	0	0	0	0	0	0	2	0	0	0	2	3	0	2	0	0	0	0	0	0	0	0	2	0	0	0	0	2	0	0	0	2	0	0	0	0	0	2	0	2	0	0	0	0	0	0	0	0	0	0	0	0	0	2	0	0	0	0	0	0	0	0	0	0	0	0	2	0	6	0	2	0	0	0	0	0	0	0	0	0	0	0	0	0	0	0	2	2	2	0	0	2	0	3	0	0	0	0	5	0	0	0	0	0	0	0	2	5	0	0	0	0	0	2	5	0	0	0	0	0	0	0	0	0	2	0	0	2	2	0	0	0	0	2	0	0	0	0	0	0	0	0	4	0	0	3	0	0	0	0	0	0	2	0	0	2	0	0	0	0	2	0	4	0	0	0	0	0	0	0	0	0	0	0	0	0	0	2	2	0	0	0	2	0	0	0	0	0	2	0	0	0	0	0	0	0	0	0	2	0	2	2	0	0	5	0	0	0	2	0	0	0	0	0	0	0	0	0	0	0	0	0	0	0	0	0	0	0	0	0	0	0	0	0	0	3	5	0	2	0	0	0	0	0	5	0	0	0	2
2022.63899551547	0	2	2	2	0	2	0	0	3	0	2	0	0	2	0	0	0	2	0	0	0	0	0	2	0	0	2	0	5	2	0	0	2	0	0	0	2	0	0	0	0	0	0	0	0	0	0	0	2	0	0	0	0	0	3	0	0	0	2	0	0	2	0	0	0	2	0	0	0	0	0	6	2	0	0	0	2	0	0	2	0	0	0	0	0	0	0	3	0	0	0	2	0	2	0	0	0	2	0	0	0	0	0	3	0	0	2	5	0	0	0	0	2	2	0	0	0	2	0	0	0	0	3	0	0	0	0	0	0	0	2	0	0	0	0	0	0	0	0	2	0	0	0	3	2	0	0	0	2	2	0	0	0	0	0	2	0	0	0	0	0	0	0	5	2	0	0	3	0	2	0	5	2	0	0	0	3	0	0	0	2	2	0	0	0	0	0	0	2	0	6	0	0	0	0	0	0	2	0	2	0	0	0	0	2	0	2	0	0	2	2	0	0	0	0	0	0	0	0	2	0	2	0	4	2	2	0	0	2	0	0	2	0	0	0	0	0	0	0	0	0	0	0	0	2	0	0	0	0	0	0	2	0	0	0	2	4	0	0	3	0	0	0	2	0	0	0	5	0	0	2	2	2	0	0	2	0	2	0	0	0	0	3	2	2	0	0	5	0	2	2	0	0	0	0	0	0	0	0	0	0	2	4	0	0	0	0	0	2	0	0	0	0	6	0	2	0	0	2	0	0	0	5	0	0	0	0	0	0	0	0	0	3	0	2	0	0	0	0	0	0	0	2	0	0	2	0	0	0	0	0	0	0	0	0	0	0	0	2	2	2	2	2	3	0	0	0	0	0	0	0	0	0	0	0	0	0	0	0	0	0	0	2	0	0	2	0	0	0	0	2	2	0	0	2	5	0	2	0	0	5	2	0	0	0	4	0	0	0	2	2	5	0	0	0	0	0	0	2	0	0	0	2	2	2	0	0	0	0	0	0	0	0	2	0	0	0	0	0	0	0	0	2	0	0	0	0	0	0	0	0	0	0	0	2	0	2	2	0	0	0	0	0	0	0	0	2	0	0	0	0	2	0	0	2	0	3	0	4	0	0	0	0	0	0	0	0	0	2	0	0	0	0	0	0	0	3	0	0	0	0	0	0	0	0	0	0	0	0	0	0	0	2	0	0	0	2	0	3	0	0	0	2	2	0	0	2	0	0	0	0	0	0	0	0	0	0	2	0	0	0	0	2	0	3	0	0	2	0	0	0	0	0	0	0	0	0	0	0	2	0	0	0	0	0	0	0	0	0	3	0	0	0	0	0	2	0	0	0	0	0	0	0	2	0	0	0	2	0	5	0	3	0	0	0	0	0	0	0	0	0	3	0	0	0	0	0	2	0	0	0	0	4	0	0	0	0	0	2	2	0	0	0	2	2	0	0	0	0	0	0	0	0	0	0	0	0	2	0	0	2	2	0	2	0	0	0	0	0	0	0	0	0	0	3	0	3	0	5	0	0	0	0	4	2	0	0	4	0	0	0	2	0	0	0	0	0	2	0	0	0	0	2	0	0	0	0	0	0	0	0	0	0	3	2	0	0	2	0	2	0	0	0	0	0	0	0	0	0	2	0	0	0	0	2	3	0	0	0	0	0	2	0	0	0	0	0	0	0	0	0	0	0	2	0	0	0	0	0	0	0	0	0	0	0	2	3	0	2	0	0	0	0	0	0	0	2	2	0	0	0	5	5	2	2	0	0	0	0	0	0	0	0	2	0	0	0	0	2	0	0	0	0	0	0	0	0	2	0	0	2	0	0	0	0	2	0	0	0	0	0	0	0	0	2	0	0	0	0	0	0	0	0	0	0	0	0	2	0	3	0	0	0	0	0	0	0	0	0	0	0	0	0	0	0	0	0	2	0	2	0	0	2	0	3	2	0	0	0	5	0	0	0	0	2	0	0	2	0	0	0	0	2	0	3	3	0	0	0	0	0	0	0	0	0	0	0	0	0	0	0	0	0	0	2	2	0	0	0	0	0	0	0	4	0	0	0	0	0	0	0	0	0	2	0	0	2	0	0	0	0	4	0	4	0	0	3	0	5	0	0	0	0	2	0	0	0	0	2	2	0	0	0	2	0	0	0	0	0	2	0	0	0	0	0	0	2	0	0	2	0	2	2	0	0	0	0	0	0	0	0	0	0	0	0	0	2	0	0	0	0	2	2	0	0	0	0	0	0	0	0	0	0	0	0	0	3	0	0	2	0	0	0	0	0	3	2	3	0	2
2022.65237253482	0	2	0	2	0	2	0	0	6	0	4	0	0	2	3	0	0	2	0	0	0	0	0	2	0	2	2	0	3	2	0	0	0	0	0	0	3	0	0	0	0	0	0	0	4	0	0	0	2	0	0	2	0	0	5	0	0	2	2	0	0	2	0	0	0	2	0	0	0	0	0	6	2	0	0	0	0	0	0	0	0	0	0	0	0	0	0	3	0	0	0	0	0	2	2	0	0	2	0	0	0	0	0	3	0	0	0	5	0	0	0	0	2	2	0	0	0	2	0	0	0	0	3	0	2	0	0	0	0	0	2	2	0	0	0	2	0	0	0	2	0	0	0	3	0	0	0	0	2	2	0	0	0	2	0	2	0	0	2	0	0	2	0	5	2	0	0	3	0	0	0	3	2	0	0	0	3	0	0	2	2	2	0	0	0	0	0	0	4	0	5	0	0	3	0	0	0	2	0	2	0	0	3	0	2	0	0	0	0	2	2	0	0	0	0	0	0	2	0	2	0	2	0	3	2	2	2	2	2	0	0	2	0	0	0	0	0	0	4	0	0	0	0	2	2	0	0	0	0	0	0	2	0	0	0	0	4	0	0	3	5	0	0	2	0	0	3	5	0	0	2	0	0	0	0	2	0	2	0	2	0	0	5	2	2	0	0	5	0	2	2	0	0	0	0	2	0	0	0	0	0	0	5	0	0	0	0	0	4	0	0	0	0	6	0	2	2	2	0	0	2	0	5	0	0	0	0	0	0	0	0	0	0	0	2	0	3	0	2	0	0	0	0	2	0	0	2	0	0	2	0	2	0	0	0	0	0	0	0	2	0	2	3	3	2	3	0	4	0	0	0	0	0	2	0	0	0	0	0	0	0	0	0	0	0	2	0	2	0	0	2	2	0	0	6	5	0	2	0	2	3	2	0	0	0	4	0	0	2	2	2	5	0	2	0	0	4	0	0	2	0	0	2	0	2	0	0	0	0	0	0	0	0	4	3	0	0	3	0	0	0	2	0	0	0	0	0	0	0	0	0	0	2	0	0	0	2	2	0	0	0	0	0	0	0	0	2	2	0	0	2	0	0	0	2	0	5	0	4	0	0	0	2	0	0	0	2	0	2	0	0	0	0	0	0	0	0	0	0	0	0	0	0	0	0	0	0	0	2	0	0	0	0	0	2	0	2	0	3	0	0	0	0	6	0	0	0	0	0	0	0	0	0	0	0	0	2	2	0	0	0	2	2	0	5	0	0	2	0	0	0	0	0	0	0	0	0	0	0	2	0	0	0	0	0	0	0	2	0	3	0	2	0	0	0	2	0	0	0	2	0	0	0	0	0	0	0	2	0	5	0	3	0	3	0	2	0	0	0	0	0	0	0	2	0	0	0	2	0	2	0	0	4	0	0	0	0	0	0	0	0	0	0	2	2	0	2	0	0	2	0	0	0	0	0	2	0	0	2	0	2	2	0	2	0	0	0	0	2	0	2	3	0	0	3	0	3	0	5	0	3	0	0	4	0	0	2	3	0	0	0	2	0	0	0	2	0	2	0	0	0	2	2	0	0	0	0	0	0	0	0	0	0	5	2	0	0	2	0	2	0	0	0	0	0	2	0	0	0	2	0	0	0	0	3	3	0	0	0	0	0	2	2	0	0	0	0	0	0	0	2	0	0	2	0	0	0	0	0	0	0	0	0	2	0	0	5	0	2	0	0	0	0	2	0	0	2	2	0	0	0	5	5	2	2	0	0	0	0	0	0	0	0	0	0	0	0	0	4	0	0	0	0	0	0	2	0	2	0	2	4	0	0	2	0	2	0	0	0	2	0	0	0	0	2	0	0	0	0	0	0	0	0	0	0	0	0	0	0	0	0	0	0	0	0	0	0	0	0	0	4	0	0	0	2	0	0	6	0	0	0	2	2	0	0	2	0	0	0	3	0	2	0	0	2	0	0	2	0	0	0	0	2	0	3	0	0	0	2	0	4	0	0	0	2	0	0	0	0	0	0	0	0	0	0	2	0	0	0	3	0	0	0	3	0	0	0	0	0	0	0	0	0	2	0	0	2	0	0	0	0	4	0	4	0	0	5	0	5	0	0	0	0	2	0	0	0	0	0	0	0	0	2	2	0	0	2	0	0	0	0	2	0	0	0	0	2	2	0	0	0	0	2	0	0	0	0	0	0	0	2	0	2	0	0	0	4	0	0	0	0	2	2	0	2	0	0	0	0	0	0	0	0	2	0	0	3	0	0	2	0	0	4	0	0	0	2	3	0	4
2022.66574955418	0	2	0	2	0	0	0	0	3	2	6	0	0	0	3	0	0	2	0	2	0	5	0	2	0	2	0	2	0	2	0	0	0	0	0	2	3	0	0	0	0	0	0	0	4	0	0	0	2	0	0	2	0	0	5	0	0	2	0	0	0	2	2	3	0	3	0	0	0	3	0	6	2	0	0	0	0	0	3	0	0	0	0	0	0	0	0	0	0	0	0	0	0	0	2	0	0	0	0	0	0	2	2	3	0	2	0	5	0	0	0	0	0	0	0	0	0	2	0	0	0	2	0	0	2	0	0	0	0	0	4	2	0	0	0	2	0	0	0	2	2	2	0	3	5	0	0	0	0	2	0	0	0	4	0	2	0	0	2	0	0	2	0	5	4	0	0	3	0	3	0	0	0	0	0	0	0	0	0	2	2	2	0	0	0	0	0	2	3	0	5	0	0	3	0	0	0	2	0	0	0	3	5	0	0	0	0	0	2	4	0	0	2	2	0	0	0	2	0	2	0	2	0	3	2	0	2	2	0	0	0	2	0	0	0	0	0	0	4	0	0	0	0	6	0	2	0	0	2	0	0	2	0	0	0	0	3	0	0	3	5	0	0	0	2	2	5	5	0	0	0	0	0	0	0	4	0	0	0	2	0	0	3	0	0	3	0	5	0	2	0	0	0	0	0	2	0	0	0	0	0	0	5	0	0	4	0	0	6	0	0	0	0	6	0	0	2	2	0	0	2	0	3	0	0	0	3	0	2	2	0	2	0	3	2	0	5	2	2	2	0	0	0	2	2	0	2	0	0	2	2	2	0	0	0	2	0	0	0	0	0	0	3	3	2	5	0	4	0	0	0	0	0	2	0	0	0	0	0	0	0	0	0	0	0	2	0	2	0	0	2	2	0	0	6	5	0	3	0	2	0	2	0	0	0	3	3	0	2	3	2	5	0	2	0	0	4	0	0	2	0	0	0	0	0	0	0	0	0	0	2	2	0	3	3	0	0	5	4	0	0	2	0	0	0	0	3	2	0	2	2	2	2	0	0	2	4	2	0	0	0	0	0	0	0	2	2	2	0	0	2	0	3	2	2	0	3	0	5	0	0	0	2	0	0	0	2	0	0	0	0	0	4	0	2	0	0	0	2	0	2	0	0	0	0	0	0	0	2	0	0	0	0	0	4	0	0	0	5	0	0	0	0	6	0	0	0	0	2	0	0	0	0	0	0	0	2	2	0	0	0	2	2	0	3	0	2	2	3	0	0	0	0	0	0	0	0	0	0	2	0	0	0	0	0	0	0	2	0	0	0	2	0	0	0	2	0	0	0	2	4	0	0	0	0	0	2	2	0	5	2	0	0	3	0	2	0	0	0	2	0	3	0	2	0	0	2	2	0	2	5	0	6	5	2	0	0	0	0	0	4	0	5	2	0	0	2	0	0	2	0	0	5	0	0	2	0	0	2	0	2	0	0	0	2	0	2	0	2	0	2	3	0	0	0	0	5	0	5	2	3	2	0	3	0	2	2	3	0	2	0	0	0	0	0	6	0	0	3	0	3	2	2	3	0	0	0	0	0	0	0	2	0	3	2	0	0	0	0	2	0	0	0	0	0	2	0	0	0	2	0	0	0	0	3	3	2	0	0	2	0	0	2	0	0	0	0	0	0	0	2	2	0	0	0	0	0	0	0	0	0	2	0	2	0	0	3	0	2	0	0	0	0	2	0	0	2	0	0	0	0	5	3	2	3	0	0	0	0	0	0	0	0	0	0	0	0	0	6	0	2	0	0	0	0	2	0	2	0	2	3	0	0	2	0	2	0	0	0	2	0	0	0	0	0	3	0	0	0	0	0	0	0	0	0	2	0	3	0	0	0	0	0	0	0	0	0	0	2	0	4	0	0	0	2	0	0	5	0	0	0	2	0	0	3	2	2	0	0	0	0	2	6	0	2	0	0	0	0	0	0	0	2	0	6	0	0	0	2	5	4	0	0	0	2	0	0	0	0	3	0	0	0	0	5	2	0	0	0	5	0	0	2	3	0	0	0	0	0	0	0	0	2	0	0	0	2	0	0	0	2	5	0	3	0	0	5	0	5	0	0	2	0	2	0	0	2	0	0	0	0	0	2	3	0	0	2	0	0	0	2	2	2	0	0	0	2	2	0	0	0	0	0	0	0	0	0	0	0	0	4	0	2	0	0	0	6	0	0	0	2	2	2	0	2	0	0	0	0	0	0	0	0	2	0	2	3	0	2	0	0	0	4	0	0	0	2	3	0	3
2022.67912657353	0	0	0	3	2	3	0	0	3	2	5	0	0	0	3	0	0	0	0	2	2	5	2	0	0	2	0	2	0	0	0	0	0	3	0	2	5	2	3	2	2	4	2	0	4	0	2	4	2	0	0	2	0	2	8	0	2	2	0	2	0	3	2	3	0	3	2	2	0	3	0	3	0	0	2	0	3	2	3	0	0	0	0	0	0	0	0	0	0	2	0	0	0	0	2	0	0	0	5	0	0	2	2	0	0	2	3	5	0	0	0	0	0	3	0	0	0	0	0	0	0	2	0	0	2	0	0	0	0	4	5	6	0	2	0	2	0	0	0	3	2	2	0	0	5	0	3	0	0	0	0	0	0	4	0	0	0	2	2	0	0	2	0	3	5	0	0	0	0	3	0	0	0	0	2	0	0	0	0	2	0	0	0	0	0	0	0	2	5	4	0	0	4	3	0	0	2	0	0	0	0	5	5	0	0	2	0	0	2	3	0	3	2	2	0	0	3	2	0	0	0	2	0	0	0	3	2	2	0	0	0	0	2	0	0	0	2	4	4	0	0	2	0	6	0	2	2	0	2	0	0	5	0	2	0	0	3	0	3	0	5	0	0	0	2	2	5	0	0	0	0	0	0	0	0	3	0	0	0	2	4	0	3	0	0	3	0	5	0	0	0	0	0	2	0	4	0	0	0	0	3	0	3	0	0	4	0	0	5	0	0	0	0	3	3	0	2	2	0	0	4	0	0	0	0	2	3	0	2	2	0	2	0	3	0	0	5	2	2	2	0	0	3	2	2	0	4	0	0	2	2	2	0	2	2	2	0	0	3	0	0	0	5	0	2	5	0	6	0	0	2	0	0	2	0	0	0	0	0	0	0	0	0	5	0	0	0	2	0	0	0	0	0	0	6	5	0	5	0	2	0	2	6	0	0	3	3	0	2	5	0	3	0	2	0	5	4	0	3	2	2	0	0	3	0	2	0	2	0	3	2	2	0	5	3	0	0	5	4	0	2	6	3	2	0	0	3	2	0	2	2	2	2	0	0	4	5	0	0	2	0	2	0	0	0	2	3	2	2	0	2	0	3	4	0	0	3	5	3	0	0	0	4	2	0	0	2	2	0	0	0	0	4	0	2	2	0	0	2	2	2	0	0	0	0	0	0	0	2	0	0	0	0	0	4	0	0	0	3	0	0	0	0	6	0	0	0	0	2	0	0	0	0	0	2	0	2	0	2	2	0	2	0	0	3	0	2	0	5	0	2	0	0	0	0	2	0	2	2	0	0	0	0	0	2	0	2	2	0	0	0	2	0	2	0	0	0	2	3	4	4	0	0	0	0	0	2	0	2	5	4	3	0	3	0	2	2	2	0	4	0	3	0	2	0	0	6	0	0	2	5	2	3	5	2	0	0	2	0	0	4	0	5	2	0	0	2	0	0	2	0	0	5	2	2	2	5	0	2	0	3	0	3	0	2	0	2	3	6	0	2	3	0	2	0	0	6	2	5	6	3	2	0	3	3	2	2	3	2	2	0	0	0	0	0	6	2	0	8	0	3	2	0	3	0	0	0	0	0	2	0	4	0	3	0	0	0	0	0	0	0	0	2	0	0	2	0	0	0	0	0	0	0	2	5	3	2	0	0	2	0	3	2	0	2	0	0	0	2	0	2	2	8	0	0	3	0	0	0	0	0	2	4	2	0	0	3	0	0	0	0	2	0	2	2	0	0	0	0	0	0	0	3	0	5	0	0	0	0	2	0	0	2	0	2	3	0	0	5	0	2	0	0	0	0	4	0	5	0	2	3	0	0	2	0	3	0	0	2	2	2	6	0	0	0	5	0	0	0	0	0	0	0	0	0	2	2	3	0	0	0	3	2	0	0	0	0	0	2	0	4	0	0	2	6	2	0	5	0	0	0	2	0	0	3	0	2	0	2	0	2	2	8	0	3	0	2	0	0	0	0	0	5	0	3	0	0	0	2	5	4	2	2	0	4	0	0	0	3	3	0	0	5	0	5	2	4	0	0	5	0	0	2	3	0	0	0	0	0	0	0	0	2	3	0	0	0	0	0	0	2	3	0	3	0	0	3	0	5	0	0	2	2	0	0	0	2	0	0	0	0	0	2	5	0	0	2	0	0	0	2	2	2	3	0	0	2	2	0	0	2	3	0	0	0	0	3	0	2	0	4	0	2	4	0	0	6	0	0	2	2	0	0	0	2	2	0	0	3	0	3	0	2	2	2	2	0	0	2	0	0	0	4	0	2	0	0	3	0	5
2022.69250359288	0	0	0	3	2	5	0	0	0	2	3	0	0	0	5	0	0	0	0	4	2	8	2	3	0	0	0	2	0	0	0	0	0	3	0	4	3	2	3	4	2	4	2	0	0	0	4	6	0	0	2	0	2	2	5	0	2	2	0	2	2	5	2	5	2	3	2	2	2	3	0	0	0	0	2	0	3	2	5	3	0	0	0	2	2	0	0	3	0	2	0	0	0	0	2	0	2	0	5	0	0	2	2	0	0	2	3	5	0	0	2	0	0	5	2	0	0	0	0	0	0	2	0	0	0	2	0	0	0	4	5	5	0	2	2	0	0	0	2	3	2	2	0	3	5	0	3	0	3	0	2	0	2	3	0	3	0	4	2	2	0	0	0	5	5	0	0	0	0	3	0	0	0	0	4	0	0	3	0	0	0	0	0	2	0	0	0	2	5	4	0	0	4	0	0	0	2	0	0	0	2	5	3	0	5	2	5	0	2	3	0	5	2	2	3	0	3	0	3	0	0	0	0	0	0	5	0	2	0	0	0	0	2	0	0	0	2	4	0	0	0	2	0	5	3	2	2	0	2	2	0	5	0	2	2	0	0	0	3	0	0	0	2	0	2	2	3	0	2	0	0	5	0	0	0	5	2	0	0	0	4	0	0	0	0	3	0	5	0	0	0	0	0	2	2	3	2	0	0	2	3	0	0	2	0	4	0	0	3	0	2	0	0	0	3	0	2	3	0	0	4	0	0	0	2	4	8	0	2	2	0	2	0	3	0	3	3	2	0	2	0	0	3	6	2	3	5	0	0	2	4	0	0	2	2	2	0	0	5	0	5	0	3	0	0	3	0	3	0	0	2	2	0	0	0	0	0	0	2	0	0	0	0	5	0	0	2	0	2	0	0	3	0	0	0	5	0	5	2	0	0	0	6	0	0	0	5	0	0	5	0	5	2	2	0	5	0	0	3	0	2	0	0	3	0	2	0	2	0	3	4	2	0	3	0	0	0	3	4	2	2	5	3	2	3	0	3	2	0	4	2	4	0	0	0	4	5	0	0	2	0	2	2	0	2	2	3	2	2	0	2	0	3	6	0	2	0	5	3	0	0	0	6	2	0	3	0	2	0	0	0	2	6	0	2	2	0	2	2	2	2	2	0	0	0	0	3	2	0	2	0	0	5	0	3	0	3	0	3	0	0	0	0	0	0	0	0	0	2	0	0	0	0	0	2	0	0	3	2	2	0	0	3	2	0	0	2	3	5	0	2	2	0	0	2	2	0	2	2	3	0	2	0	2	2	2	2	2	0	0	0	0	0	2	0	3	2	2	3	3	4	0	0	0	0	0	2	0	2	5	6	3	2	0	0	0	2	2	0	4	0	3	0	0	0	0	6	0	0	3	8	2	3	5	2	0	0	2	0	0	4	0	7	0	3	2	0	0	0	0	0	0	5	2	2	2	5	0	0	0	3	0	3	0	4	0	2	5	5	0	0	3	0	2	0	0	8	2	5	6	0	2	2	0	3	2	0	3	2	4	0	0	0	0	0	5	2	3	10	0	3	0	3	5	0	0	0	2	0	2	0	6	0	0	0	0	0	0	2	0	0	0	2	3	0	0	2	0	0	0	0	2	0	2	3	6	4	0	2	2	2	5	0	0	2	2	0	0	2	0	3	2	8	0	2	3	2	0	0	0	0	2	4	0	0	0	0	2	0	0	0	4	2	0	2	4	0	0	2	2	2	0	0	0	5	2	0	0	0	2	2	2	2	0	2	3	0	2	5	0	2	2	3	0	0	4	0	5	0	0	0	0	2	3	0	5	0	0	2	0	2	6	2	2	0	5	0	0	0	0	0	0	2	2	0	2	2	3	0	0	0	3	2	0	2	0	0	0	2	0	0	2	0	2	5	2	0	0	0	0	0	0	0	0	3	0	2	2	2	0	2	3	8	0	3	0	2	0	0	0	0	0	5	0	3	0	0	0	3	7	0	4	2	0	4	0	0	0	5	3	2	0	5	0	5	0	4	2	0	3	2	0	2	3	0	2	0	0	0	0	0	0	2	5	0	0	0	2	2	0	2	3	0	3	0	0	0	0	5	2	0	2	2	0	0	0	2	0	0	3	0	6	0	5	2	0	0	2	0	0	2	0	2	3	0	0	0	0	2	0	2	3	0	2	2	0	3	0	2	3	6	0	6	6	0	0	3	0	0	2	2	5	0	2	0	2	0	0	5	0	3	0	2	2	2	2	0	0	2	0	0	2	0	2	2	0	0	3	0	3
2022.70588061223	0	0	0	3	2	5	0	0	0	2	0	0	0	0	3	0	4	0	0	3	2	5	2	3	8	0	0	4	0	0	0	0	0	5	6	5	3	2	3	4	2	4	2	0	0	0	6	6	0	0	2	0	2	2	5	0	6	0	5	2	2	5	2	5	2	3	2	2	2	3	0	0	0	0	2	0	3	2	3	5	0	2	2	2	2	0	0	3	0	2	3	0	6	0	0	2	2	0	5	0	0	0	3	0	0	3	3	5	2	2	2	3	0	5	2	2	0	0	0	0	0	0	0	0	0	2	2	0	2	4	5	5	0	2	2	0	0	0	2	3	0	0	6	3	0	2	3	2	3	0	2	2	2	3	0	3	0	4	0	2	0	0	3	5	3	2	2	3	2	3	0	0	0	0	4	3	0	3	0	0	0	0	2	2	0	0	3	0	3	4	0	2	4	0	0	2	2	0	0	0	2	3	0	2	5	2	5	0	0	0	0	8	0	0	5	0	5	0	5	0	0	0	3	0	0	5	0	0	0	0	0	0	2	0	0	3	2	4	0	0	3	2	2	0	5	0	2	0	0	2	0	5	0	2	2	3	3	0	3	0	0	0	2	5	2	3	3	0	2	0	0	5	0	0	0	3	2	3	0	0	4	0	0	0	0	0	0	5	0	5	0	0	0	2	2	3	2	0	0	2	5	3	0	2	0	0	0	3	0	2	2	2	0	0	3	0	0	3	0	0	3	0	0	2	2	4	5	0	0	0	2	0	0	0	0	3	0	0	0	0	0	0	10	6	0	3	5	0	0	0	5	0	8	2	2	0	2	0	5	0	5	0	3	3	0	0	0	3	0	0	2	2	0	0	0	0	0	0	2	3	0	0	0	5	2	0	2	0	2	0	0	3	2	3	0	5	0	3	2	0	0	3	6	0	2	3	3	0	0	3	3	5	2	0	0	5	0	2	10	0	4	2	3	5	0	2	0	2	0	3	3	0	2	3	0	2	2	0	0	2	2	5	3	2	3	4	3	2	0	3	0	3	0	0	0	5	3	5	2	4	0	2	4	0	2	0	3	0	2	0	3	0	6	5	0	2	0	5	0	0	2	0	6	2	4	5	0	2	0	2	0	2	3	0	3	6	0	2	0	4	0	2	2	3	0	0	3	2	0	2	0	2	5	2	0	2	5	0	0	2	4	2	0	0	0	0	0	0	0	0	2	0	0	0	2	0	0	3	2	2	0	0	3	2	0	2	0	3	3	0	2	2	0	0	2	2	0	2	2	3	2	4	2	2	2	2	2	3	0	0	0	3	0	2	2	3	2	2	3	5	0	0	0	0	0	2	3	0	2	5	5	3	2	0	2	0	2	2	2	3	3	0	2	0	0	0	5	5	2	5	5	4	3	0	0	0	2	2	0	0	0	0	3	3	5	2	0	0	0	0	3	0	0	2	6	0	5	0	0	2	5	0	5	0	3	0	0	5	5	2	0	3	0	2	0	0	5	2	5	5	0	0	2	3	10	0	0	0	2	3	3	0	0	0	0	0	2	3	10	2	3	0	3	3	0	2	0	2	2	2	2	5	0	0	0	2	3	0	2	5	0	0	2	3	0	0	2	2	0	0	0	2	0	2	3	6	3	0	2	0	2	5	0	2	2	2	2	0	2	0	3	0	8	0	2	3	2	0	0	0	0	0	4	0	0	0	0	2	0	0	0	4	2	0	2	4	0	0	2	2	2	0	0	0	3	2	2	0	0	4	2	2	6	0	2	5	2	2	0	2	0	2	5	2	0	3	0	5	0	0	3	0	2	3	0	5	0	2	6	3	2	6	2	2	0	3	2	2	0	3	2	4	2	2	5	0	6	0	2	0	0	5	2	0	2	0	0	0	3	0	0	2	0	2	5	2	0	0	3	0	2	0	0	0	3	0	0	2	2	0	4	3	3	0	3	0	2	0	0	0	2	0	5	0	0	0	0	0	3	3	0	4	2	0	3	5	0	0	5	0	2	2	5	2	0	0	4	2	0	3	2	2	0	0	2	2	0	0	0	0	0	0	0	5	0	2	5	2	2	0	3	0	2	3	3	0	0	2	5	2	0	0	2	3	2	0	3	3	0	5	2	6	0	3	2	0	0	2	0	0	0	0	0	3	2	2	0	0	2	3	2	5	0	2	2	0	5	0	2	5	3	0	6	6	0	0	0	2	0	2	0	5	0	2	3	2	0	0	8	0	5	2	8	0	2	0	0	0	0	0	0	2	0	2	2	0	3	3	2	3
2022.71925763158	0	0	5	3	0	3	0	0	0	0	0	0	0	0	3	0	6	0	3	3	0	5	0	5	8	0	0	3	0	0	0	0	3	8	6	5	0	3	3	5	3	0	3	0	0	0	5	3	0	0	2	3	2	0	0	0	5	0	5	0	2	3	0	3	2	3	3	0	2	0	0	0	0	2	0	2	0	0	3	5	0	4	2	2	2	2	0	6	2	2	3	0	10	0	0	2	4	0	0	0	0	0	3	3	3	3	0	3	4	2	2	3	0	3	2	2	0	0	0	0	0	0	0	0	3	2	4	0	2	0	0	3	0	3	2	0	2	0	2	3	0	0	10	5	0	2	0	2	3	0	2	2	2	0	0	5	0	3	0	4	0	3	3	3	3	2	2	3	2	3	0	0	0	0	4	5	0	3	2	0	0	6	2	2	0	0	3	0	0	0	0	2	6	0	0	4	0	3	0	0	2	0	0	2	8	0	8	0	0	0	0	6	0	0	5	2	8	0	5	0	2	0	3	3	0	3	3	0	3	0	0	0	3	2	0	5	0	0	0	0	5	0	2	0	5	3	3	0	0	2	0	0	0	5	2	3	3	0	0	0	0	4	2	5	0	3	0	0	2	0	3	8	0	0	2	3	4	5	0	8	0	0	0	0	0	0	6	3	0	5	0	2	0	0	2	0	2	0	0	2	3	3	0	2	0	3	2	5	0	2	2	4	0	0	3	0	3	3	3	0	0	0	3	2	2	3	5	2	0	3	4	0	0	0	0	3	0	0	3	3	3	2	8	6	0	5	3	0	0	0	5	3	8	3	0	3	2	0	3	3	5	0	0	3	0	0	2	0	3	3	0	6	0	3	2	0	0	0	4	5	2	0	5	3	2	0	2	0	2	3	0	5	2	3	0	3	0	3	2	3	0	3	3	0	4	3	3	2	3	0	3	3	2	0	0	0	0	2	8	0	3	2	5	5	0	0	3	0	4	3	3	3	2	0	3	6	2	3	3	2	0	3	0	0	3	4	3	0	0	3	0	3	8	0	0	3	3	5	2	3	0	0	4	0	2	0	0	0	0	2	3	0	6	6	0	4	0	0	0	3	2	0	3	3	6	5	0	2	0	4	0	4	3	0	3	5	0	2	5	3	0	2	2	3	0	2	3	2	0	2	2	2	8	2	0	2	5	0	0	2	4	4	0	0	0	0	0	2	0	0	2	0	2	0	0	2	0	5	0	4	2	0	5	2	0	2	3	3	3	0	0	2	2	2	2	0	0	0	3	5	2	4	2	2	3	2	0	5	2	0	0	3	0	0	2	3	2	0	0	3	3	2	0	3	4	2	5	0	0	3	6	0	2	0	2	0	0	5	2	0	5	0	2	3	0	0	3	5	2	5	5	4	0	0	0	0	2	0	3	0	3	0	5	3	5	2	3	0	0	0	3	0	0	3	5	0	0	5	0	2	6	3	3	0	3	0	0	3	3	4	3	5	0	0	0	2	3	4	3	3	3	0	2	3	8	0	3	0	3	3	5	5	0	2	0	0	0	3	3	2	3	0	5	3	2	2	0	4	2	0	2	6	0	0	0	2	5	0	2	5	3	0	3	5	0	0	4	4	0	5	0	2	0	0	0	8	3	0	2	0	4	3	3	2	0	2	2	0	4	0	5	0	3	0	2	0	2	0	3	0	0	0	6	0	0	0	0	2	3	0	0	3	2	3	0	6	0	3	2	2	2	0	0	0	3	2	2	0	0	3	2	2	5	5	0	5	2	2	0	2	0	2	5	2	0	0	0	0	3	0	3	0	2	3	2	3	0	2	6	3	0	3	2	2	3	0	2	2	0	3	2	6	4	2	5	3	5	0	2	0	0	3	2	0	2	0	0	2	5	2	0	2	0	3	0	3	0	3	3	3	2	0	0	0	3	5	0	2	2	0	3	5	0	0	0	0	0	0	0	0	2	2	0	0	0	0	0	2	5	5	0	3	0	0	0	5	0	0	3	0	2	2	0	2	0	3	6	2	0	0	2	2	0	0	2	2	0	0	0	2	0	0	3	3	2	2	5	2	2	0	5	0	2	0	5	0	0	2	3	2	0	0	0	5	2	0	5	6	0	5	2	6	0	0	2	0	0	2	4	0	0	0	0	0	4	2	0	3	2	5	0	5	0	2	2	3	5	0	0	5	3	0	6	3	0	0	3	2	2	5	3	5	0	2	3	0	0	0	6	2	8	2	10	0	0	5	0	3	3	3	0	2	0	2	0	0	3	3	4	0
2022.73263465094	0	0	5	3	0	0	0	2	0	0	0	0	0	0	0	0	6	3	5	3	0	3	0	3	8	0	5	3	0	0	2	3	3	8	6	3	3	3	3	3	3	3	3	0	0	5	3	0	0	2	0	5	0	3	0	0	5	3	8	0	3	0	0	0	0	3	3	0	0	0	0	0	3	2	0	6	0	0	0	3	0	4	2	0	0	2	2	6	6	0	3	0	10	0	3	2	5	5	0	0	0	0	3	3	3	3	6	0	4	2	0	3	3	0	0	2	0	0	0	2	2	0	0	0	3	3	6	0	2	0	0	0	3	3	0	0	2	4	0	3	3	0	10	3	0	2	0	4	3	3	3	2	5	0	2	5	0	5	0	3	3	5	3	0	3	2	2	3	2	3	2	0	3	0	0	5	0	3	2	0	0	8	2	0	0	0	3	0	0	0	0	2	3	0	3	4	0	3	0	5	0	0	0	2	5	0	6	2	3	0	0	3	5	0	3	2	8	0	3	0	2	0	3	6	6	0	3	3	5	2	3	3	3	2	2	5	0	3	0	2	5	0	4	0	3	5	3	0	3	0	2	0	0	5	0	5	3	5	0	0	0	4	0	8	0	3	0	0	0	2	3	6	0	0	2	0	3	8	0	8	0	0	0	0	0	0	6	0	0	5	0	6	2	0	0	0	0	0	0	0	3	5	0	0	5	3	2	5	0	2	0	6	2	0	3	0	5	3	5	2	0	2	3	2	0	3	3	6	0	5	6	0	0	0	0	3	0	0	6	3	10	2	8	0	0	3	0	0	2	0	3	5	8	3	0	5	2	0	0	5	0	0	3	3	3	0	2	0	5	3	5	5	0	5	4	0	2	0	5	5	2	2	10	0	2	0	0	0	0	3	0	5	2	5	0	0	2	5	0	8	0	3	0	0	4	3	0	2	3	0	3	0	0	3	3	0	0	2	8	0	3	2	8	3	3	3	5	0	6	3	0	3	2	0	3	6	2	3	3	0	0	0	0	0	3	4	3	3	2	0	3	0	8	0	0	3	3	5	2	3	0	0	3	0	0	3	0	3	0	4	3	0	8	5	0	5	0	0	0	3	2	0	3	3	6	5	0	0	0	6	0	3	0	3	3	5	0	3	5	5	0	3	2	5	2	4	3	0	0	3	2	2	6	2	0	2	3	0	0	2	4	4	0	0	2	3	0	4	0	0	2	3	2	4	0	2	0	6	0	3	4	0	6	0	0	2	3	0	0	0	0	2	2	2	0	5	2	0	3	6	2	6	2	0	3	6	0	5	2	0	0	3	3	3	6	0	0	0	3	3	3	2	0	3	4	2	5	0	0	0	5	0	0	0	2	0	0	5	2	0	5	0	2	3	0	0	0	5	2	3	3	3	0	0	3	5	2	0	5	5	3	0	3	3	3	3	3	2	2	0	5	4	0	3	5	0	0	5	0	2	6	5	3	5	0	0	3	0	0	4	5	5	2	0	0	2	0	3	0	0	3	0	0	3	8	0	8	3	3	3	5	5	0	2	0	0	0	0	0	2	3	0	3	0	2	2	5	3	2	0	2	5	5	0	3	6	5	3	0	5	5	0	5	3	2	3	3	4	2	5	4	0	2	0	3	3	0	0	0	0	5	0	5	2	3	0	2	2	3	3	3	0	0	0	0	0	0	0	3	0	2	3	3	3	3	0	0	2	3	2	0	3	0	3	0	6	0	5	6	0	0	0	0	0	5	0	2	2	0	3	0	3	5	5	0	3	2	0	0	2	0	0	5	2	0	0	3	0	5	0	3	3	0	3	2	0	2	2	5	3	0	0	0	2	5	0	6	2	0	5	2	6	3	0	5	3	5	0	2	0	0	3	0	0	0	0	0	2	5	2	0	0	2	3	0	3	2	3	3	3	2	0	3	0	3	5	0	5	0	0	3	3	0	2	0	0	0	3	0	2	4	2	0	4	0	0	0	2	3	3	0	3	3	3	0	5	0	0	0	0	0	2	0	2	0	3	3	0	3	0	0	2	3	3	4	0	0	2	2	2	2	0	3	0	2	2	5	0	0	0	5	0	2	0	5	0	3	2	0	0	0	3	3	5	2	2	5	6	0	3	2	0	0	0	6	4	0	5	6	5	0	0	0	0	4	2	3	5	0	5	0	3	0	0	0	3	3	0	0	5	0	0	0	0	2	2	3	2	2	5	3	0	0	0	3	0	0	0	3	2	8	2	10	3	3	5	0	3	3	3	2	0	0	0	0	0	3	3	4	0
2022.74601167029	2	0	5	3	5	0	6	2	0	0	0	3	2	3	0	0	6	3	5	0	0	0	0	3	3	3	5	5	3	3	6	3	5	5	3	0	5	5	3	3	3	3	3	2	3	5	0	0	8	2	0	5	3	3	0	2	0	3	3	0	3	3	0	0	0	0	3	0	3	0	3	0	3	2	0	6	3	0	3	0	2	3	0	0	3	2	2	6	6	5	0	3	8	0	3	0	5	5	0	3	3	0	3	3	3	3	6	0	3	3	0	0	3	0	0	0	0	0	2	2	2	0	0	2	5	3	5	0	0	3	3	0	3	5	0	0	2	4	0	3	3	0	8	3	0	0	0	5	0	5	3	0	5	3	4	3	3	3	6	3	5	5	0	0	3	3	3	0	0	3	2	3	6	2	0	3	0	3	2	0	3	10	3	0	0	2	0	0	0	3	0	2	3	0	3	3	0	5	6	8	3	0	0	2	5	5	5	2	3	0	0	3	5	0	0	2	5	0	0	3	2	0	0	8	6	3	5	3	5	2	3	3	3	2	6	5	0	6	3	2	5	0	3	0	0	5	3	0	3	0	2	0	0	5	0	8	0	5	0	0	0	4	0	3	0	3	0	0	0	4	3	5	3	2	2	0	5	6	0	10	3	2	0	0	0	0	6	0	3	0	0	6	2	0	3	0	0	0	0	0	0	8	0	3	5	6	2	3	0	0	3	5	2	0	3	0	5	3	5	4	0	2	3	0	0	0	3	6	0	5	5	0	0	3	0	3	0	0	6	5	10	2	0	0	0	3	0	0	2	3	3	5	3	3	0	5	0	0	0	5	0	0	5	0	3	0	2	0	5	3	5	5	0	5	4	2	4	2	5	5	2	4	10	0	0	0	3	0	8	3	3	3	0	3	0	0	2	5	3	10	3	0	0	2	3	0	0	2	5	0	0	0	0	3	3	0	3	0	0	3	0	0	6	0	6	8	5	3	6	6	3	5	0	0	3	5	0	3	6	3	0	0	3	0	3	0	3	5	2	0	5	3	10	0	0	0	3	0	3	0	0	0	3	0	3	3	3	3	0	4	0	3	3	5	3	5	0	0	0	3	0	0	0	5	6	0	0	0	3	5	0	3	3	3	3	0	0	3	5	5	0	3	5	5	2	4	3	0	5	3	4	0	5	0	3	0	0	0	0	0	0	6	3	0	4	3	0	4	3	0	0	5	2	4	0	2	5	8	0	3	4	0	8	0	3	3	3	0	0	0	0	3	6	2	0	8	2	0	3	8	0	3	0	0	3	8	0	5	2	0	0	0	5	3	5	3	0	0	3	0	3	2	2	5	6	3	3	0	0	0	5	0	0	3	0	0	0	5	3	0	3	0	5	5	2	3	0	0	0	5	0	5	0	0	5	5	2	0	5	5	6	0	3	0	0	3	3	6	4	0	3	6	0	3	0	3	0	5	0	0	5	5	0	5	0	0	3	0	0	3	5	3	2	0	0	2	0	3	0	0	3	3	0	0	0	3	10	3	3	3	3	5	2	2	0	0	0	3	0	2	0	3	3	3	2	0	5	5	2	0	0	5	5	3	5	5	5	10	3	0	5	2	5	3	2	3	3	3	4	5	4	0	2	0	5	3	3	0	0	0	5	0	5	3	3	0	5	2	3	3	3	0	0	0	0	0	3	3	3	0	2	3	3	3	3	0	0	3	5	4	2	3	0	5	0	3	3	5	8	5	3	3	0	0	5	0	0	2	2	0	0	3	0	5	0	3	3	0	0	0	0	0	0	3	0	0	3	0	5	0	0	3	0	3	2	3	2	2	0	0	0	0	0	0	5	0	5	0	0	5	0	5	5	0	0	3	0	3	0	0	2	0	3	0	0	0	0	2	3	2	3	3	2	3	0	5	4	5	0	3	0	5	3	6	0	5	0	5	5	3	0	3	0	2	3	0	3	3	3	2	5	2	0	4	0	0	2	2	3	3	3	3	3	3	0	0	2	6	0	3	0	0	0	0	0	5	3	0	3	0	5	0	3	3	5	3	3	2	6	2	2	0	5	0	2	0	0	0	3	0	3	0	0	0	3	2	3	0	0	3	2	3	3	5	0	2	3	3	0	0	0	0	0	3	8	4	0	5	6	5	0	0	0	0	3	2	3	5	0	3	0	0	0	0	3	3	3	2	0	0	0	2	0	0	2	2	3	3	2	5	5	0	0	3	3	0	0	2	3	2	5	0	3	3	3	5	0	3	3	3	2	0	3	0	0	0	0	5	4	0
2022.75938868964	2	6	0	0	10	0	6	2	0	5	0	3	4	10	0	2	0	6	3	0	3	0	3	0	3	6	8	6	3	3	6	3	3	0	0	0	5	3	0	0	5	3	3	2	3	5	0	0	8	4	0	5	5	3	0	2	0	3	3	0	3	3	5	0	0	0	0	0	3	6	3	0	3	0	0	5	3	0	5	0	2	0	5	0	3	0	2	3	5	5	0	8	0	3	3	0	3	8	3	5	5	0	3	0	0	0	8	0	5	3	0	0	3	0	0	0	0	6	2	2	2	3	3	2	3	3	3	0	3	3	3	0	6	3	0	0	0	4	0	0	3	3	0	0	0	0	0	5	0	5	3	0	5	3	4	3	3	6	10	3	5	5	0	0	0	3	3	3	0	0	2	3	6	2	0	0	3	3	0	3	3	6	3	3	0	4	0	5	0	3	0	0	0	0	3	0	0	3	6	8	3	3	0	0	5	5	3	2	3	5	3	3	5	3	0	3	0	0	0	3	3	0	0	5	8	3	3	3	3	4	3	3	3	0	6	0	0	8	3	2	0	3	3	0	0	3	0	2	3	0	2	0	2	0	0	8	0	5	0	0	0	3	3	3	5	0	0	0	0	6	3	3	5	4	0	0	3	5	0	3	3	2	0	0	0	3	0	0	3	0	0	5	2	0	5	0	0	0	2	0	0	8	3	3	5	5	0	0	0	0	3	3	4	0	0	0	3	3	3	4	3	2	3	3	0	0	3	5	3	3	3	3	3	3	0	3	0	3	6	5	8	0	0	0	0	0	0	0	2	3	3	3	3	0	0	3	3	2	0	3	0	5	5	3	5	0	0	0	3	0	5	0	0	3	5	4	4	4	3	0	0	4	5	0	3	0	5	3	8	3	3	3	0	3	0	0	2	5	5	8	3	0	0	2	0	0	0	2	3	0	0	0	0	3	3	0	3	0	0	3	0	3	5	0	6	8	3	3	3	5	3	3	0	0	0	0	3	3	5	5	0	0	3	0	3	3	0	5	2	0	5	3	3	2	10	3	0	0	3	6	3	0	3	2	3	3	3	3	5	5	3	6	3	3	6	3	0	0	0	0	0	0	0	8	0	0	3	0	3	3	3	3	3	3	3	0	0	3	3	3	3	3	5	3	2	3	3	0	5	3	5	3	3	3	3	0	3	3	0	5	0	3	8	0	4	3	10	3	3	5	5	5	3	4	3	2	5	5	0	0	6	5	5	0	3	3	3	0	0	0	3	3	8	0	0	8	2	0	0	5	0	3	6	0	5	8	0	0	3	0	2	0	5	3	5	3	3	0	3	0	0	0	4	3	5	5	0	0	3	0	3	0	0	3	5	3	0	0	3	0	0	0	5	3	2	3	0	0	3	5	0	3	0	0	5	5	0	5	3	5	5	2	0	0	0	3	0	6	4	0	3	6	0	3	0	5	0	3	3	5	3	3	5	5	0	0	5	0	0	0	3	0	2	0	0	0	0	0	0	0	5	3	0	0	0	3	8	5	0	6	0	0	2	3	2	0	5	3	0	5	0	5	0	5	4	0	5	6	5	0	0	3	5	3	5	5	0	10	3	0	3	2	3	3	4	5	0	0	4	3	4	5	2	3	5	0	3	2	0	0	3	0	3	3	6	3	5	2	0	6	3	3	0	0	0	0	3	5	0	0	2	8	0	6	3	10	0	3	3	4	2	3	3	3	0	0	3	3	8	8	3	3	0	5	5	3	3	2	2	6	0	3	0	0	3	5	3	0	0	3	3	3	0	3	0	3	3	0	3	0	0	3	3	3	0	3	2	5	0	0	5	0	0	0	3	3	5	0	2	3	3	0	6	0	0	3	0	3	0	0	2	0	5	2	0	2	2	0	0	0	3	3	2	0	3	5	6	3	6	3	3	5	3	6	0	3	3	5	5	3	0	0	0	4	3	0	5	3	5	2	5	3	0	6	0	3	2	3	0	0	3	3	3	3	3	0	2	6	0	3	0	3	3	0	0	5	0	3	6	0	5	0	3	5	5	3	3	2	6	3	2	0	3	0	3	0	0	0	3	2	0	0	3	0	0	4	3	5	0	8	2	3	3	3	0	2	0	6	10	0	0	0	0	5	8	6	3	5	3	5	3	3	0	0	0	0	6	3	5	3	5	0	3	0	3	0	5	2	3	0	0	2	0	0	2	2	0	3	0	0	3	0	0	3	3	0	2	4	3	4	0	6	0	3	3	0	0	0	0	0	2	0	3	0	5	0	5	5	3	0
2022.77276570899	4	6	0	0	10	0	8	0	0	5	0	3	4	10	0	2	0	3	0	0	5	0	3	5	3	10	5	8	3	6	5	0	6	0	0	0	3	3	0	0	3	3	3	2	3	0	5	5	8	3	8	0	5	0	0	2	0	3	3	3	3	3	5	0	10	3	3	3	3	6	3	0	0	8	3	3	3	0	5	0	2	0	5	5	8	8	5	0	3	5	3	8	0	6	3	3	0	5	3	5	5	8	3	0	0	0	3	0	3	3	0	3	5	0	0	3	0	6	4	0	2	6	8	2	3	0	0	2	6	3	3	0	5	3	10	3	0	0	10	0	3	5	0	3	0	3	0	8	0	5	0	0	0	6	3	0	3	3	10	3	3	0	3	0	0	5	3	5	0	0	0	3	3	4	0	0	8	3	0	3	8	3	3	5	2	4	3	5	0	3	3	3	0	0	3	8	0	3	6	3	8	3	5	5	0	5	3	0	3	8	6	3	0	3	0	3	0	0	0	5	5	0	0	3	6	5	3	0	5	3	3	0	5	0	5	0	3	5	3	0	0	5	0	3	3	0	3	2	5	6	0	0	2	0	3	5	0	0	0	0	0	0	6	3	5	0	3	0	0	5	3	3	5	4	0	0	6	3	4	3	3	2	5	0	5	3	0	0	3	0	0	0	0	0	5	0	0	0	2	0	0	5	5	3	0	5	0	0	0	3	8	0	3	0	0	3	0	0	0	3	5	0	3	5	0	0	3	3	3	0	0	3	3	3	0	0	5	3	0	3	3	3	0	3	0	0	0	0	3	10	5	0	3	3	5	0	5	2	0	0	0	5	3	5	3	5	0	0	0	0	0	0	2	0	3	4	5	4	0	0	0	3	0	0	6	0	8	3	8	3	6	0	3	0	0	0	0	0	5	3	3	0	0	2	0	0	0	0	3	0	0	0	3	3	0	0	3	6	0	5	0	6	3	0	3	8	0	8	0	5	3	3	3	0	3	3	5	0	5	5	0	0	3	0	3	3	3	3	5	0	3	3	3	2	10	3	0	0	3	6	3	0	3	2	6	0	3	3	5	3	3	6	0	0	6	0	5	0	3	0	3	2	0	8	0	0	3	3	3	0	3	3	5	0	3	0	0	3	0	0	6	0	5	0	0	3	0	10	5	3	5	5	3	3	6	0	3	3	0	5	3	3	8	0	5	3	10	3	3	5	5	3	3	6	3	0	5	3	3	3	3	5	3	0	5	3	0	0	5	2	3	3	8	0	3	6	0	0	0	3	6	3	10	10	3	3	0	0	3	0	2	0	3	0	3	3	3	0	3	0	0	0	6	6	3	5	0	0	3	0	0	0	5	3	5	3	3	0	3	5	0	3	5	3	6	3	0	0	5	5	0	3	3	3	3	3	5	8	0	0	5	2	0	0	3	3	3	5	3	3	0	3	3	5	0	8	0	0	5	5	3	5	5	0	0	0	6	0	0	8	0	0	0	3	0	0	0	3	0	0	5	3	3	0	0	3	3	3	3	5	0	0	2	3	2	3	5	3	0	5	0	5	5	5	3	3	0	8	5	3	3	0	0	5	3	3	0	8	8	0	0	6	0	0	3	3	0	0	3	0	0	5	0	5	3	0	3	2	5	3	0	0	0	3	8	3	8	0	3	5	3	3	0	3	6	0	8	5	0	0	0	8	0	5	3	10	0	3	3	3	4	0	5	3	3	0	10	3	6	8	3	5	0	5	0	3	6	0	2	6	0	0	3	0	5	5	5	0	0	3	3	6	0	3	0	5	3	0	5	5	0	0	5	0	8	3	3	5	0	3	5	0	5	0	0	3	3	3	2	0	8	0	8	10	0	0	0	3	3	0	2	0	5	2	3	2	2	0	0	0	3	8	5	3	3	8	5	3	6	3	8	5	6	6	0	0	5	0	5	3	0	0	0	5	3	4	5	5	5	0	3	3	0	5	0	3	2	3	0	0	3	5	0	3	5	0	6	6	0	3	3	8	3	3	0	3	0	6	5	3	5	3	0	3	8	8	3	0	5	5	2	0	3	0	3	3	0	10	3	2	0	3	5	0	0	4	0	5	0	10	2	0	3	3	3	0	0	3	10	0	3	0	0	5	6	5	5	0	0	0	5	3	5	3	0	0	3	0	5	5	5	0	5	3	3	0	5	2	3	0	0	4	3	5	0	0	3	3	8	0	3	0	0	8	3	0	2	4	3	3	0	10	0	3	0	0	0	0	0	0	0	0	3	0	5	0	5	3	3	0
2022.78614272834	3	6	0	0	5	0	6	3	0	5	0	0	3	8	0	2	5	3	5	0	5	0	3	5	0	8	5	5	0	8	0	0	5	0	0	3	0	0	0	0	3	0	3	0	3	0	5	5	3	3	10	0	3	0	0	3	0	5	3	3	3	0	5	3	10	5	3	3	3	8	5	0	3	8	6	0	0	0	3	0	0	3	5	8	6	8	5	0	0	3	6	8	0	6	5	5	0	5	3	3	3	10	0	0	3	0	3	0	3	0	3	6	8	3	8	5	2	6	5	0	8	8	8	3	0	3	0	2	6	3	0	0	5	0	10	3	0	3	10	0	3	5	0	3	5	5	0	5	3	5	3	0	0	5	3	3	5	5	8	6	0	0	6	0	0	3	0	5	0	0	3	0	0	3	3	0	8	0	0	3	8	0	0	5	6	3	6	5	0	3	5	5	0	0	8	8	0	0	0	0	6	5	5	5	0	3	0	3	3	8	6	0	5	5	0	3	0	0	0	3	5	5	3	0	6	3	0	3	5	5	8	3	5	5	0	0	8	3	3	3	0	5	8	3	3	0	3	2	3	6	3	0	2	0	6	0	0	0	0	0	0	3	8	3	5	0	3	0	3	3	6	0	6	4	5	0	5	3	6	0	3	6	5	3	8	3	5	0	3	0	3	0	3	0	3	0	3	5	2	3	0	0	5	3	0	3	8	0	0	5	8	0	5	0	0	10	0	0	0	10	5	3	3	5	3	0	0	0	5	0	0	5	3	0	6	3	5	5	3	0	0	6	0	3	3	0	0	2	3	8	3	0	0	3	8	0	5	2	0	0	3	5	0	5	3	5	8	0	0	3	0	3	4	0	3	4	6	3	0	0	8	10	0	0	6	6	6	3	5	3	8	3	5	0	0	0	3	0	3	3	0	3	0	3	3	0	0	3	6	5	0	0	5	5	0	0	3	8	0	3	0	6	3	3	0	3	5	8	0	3	0	3	3	3	5	5	5	3	3	3	0	0	0	0	0	3	3	0	5	0	0	0	0	2	10	5	0	0	3	6	5	0	3	2	5	0	8	5	5	3	3	8	0	0	5	0	5	0	3	0	3	2	5	5	5	3	3	5	0	0	5	6	3	0	0	0	3	6	5	5	8	0	0	0	0	8	3	10	3	3	6	5	0	3	6	0	5	3	0	8	3	3	8	0	6	6	10	8	3	5	5	0	3	6	6	3	3	0	3	3	3	8	0	0	3	3	5	0	5	6	3	3	8	0	6	0	0	0	0	0	8	3	10	10	3	0	0	3	3	3	2	0	0	0	3	3	6	0	5	0	3	5	5	5	0	8	0	6	3	0	0	0	5	0	5	3	8	0	3	5	0	3	0	6	8	5	3	0	5	3	0	0	5	3	0	3	5	8	0	3	3	2	0	3	3	3	3	0	0	3	0	0	3	5	0	6	0	3	5	8	3	5	5	0	0	5	8	3	0	8	0	0	3	8	3	5	0	3	0	3	5	0	3	0	0	3	3	3	3	5	0	0	0	3	4	3	5	0	0	5	3	3	5	3	5	3	3	5	5	5	5	0	3	3	0	3	0	0	8	0	5	8	0	5	3	3	0	0	3	0	3	8	3	8	0	0	0	2	8	5	0	3	0	0	6	6	8	3	3	5	3	5	0	5	6	0	8	3	3	3	3	8	0	5	8	10	0	3	0	0	5	0	5	0	3	0	8	0	0	3	3	3	3	5	0	3	6	3	3	6	0	0	3	0	5	5	3	8	0	3	5	6	3	0	2	5	6	0	5	5	0	0	5	0	8	0	5	5	0	3	5	0	8	5	0	5	3	3	2	0	8	0	5	10	0	5	0	0	5	0	3	0	5	2	3	2	2	0	0	0	3	6	5	3	5	5	3	0	8	3	8	0	8	0	0	0	5	0	3	0	0	0	0	5	8	6	3	8	3	6	0	3	0	3	0	3	6	3	0	0	3	5	0	6	5	0	5	0	3	0	6	8	3	5	5	0	0	8	5	3	8	3	0	3	5	6	5	0	0	5	5	2	0	5	3	3	0	10	3	2	0	3	5	0	0	3	3	5	0	8	0	0	3	3	5	6	0	6	10	0	5	3	0	5	0	3	5	0	0	0	5	3	5	6	0	0	3	0	8	5	10	3	8	6	3	3	5	3	5	3	0	5	3	5	3	6	3	0	8	0	3	0	6	6	8	3	2	3	0	5	0	10	0	5	0	0	0	3	0	8	3	3	3	0	5	3	8	0	3	3
2022.79951974769	3	3	0	0	0	3	6	5	0	6	0	3	0	0	0	0	5	3	5	3	3	0	0	5	0	6	3	3	0	8	0	3	5	0	3	3	0	0	5	5	0	3	3	6	3	0	5	5	3	3	10	5	0	0	0	5	0	5	3	5	8	3	6	5	10	5	6	3	8	6	3	0	3	10	10	0	0	3	0	3	6	5	0	10	6	10	5	0	0	5	8	6	0	3	5	5	3	3	0	0	0	10	3	0	3	3	0	0	5	0	3	6	8	5	10	5	2	3	8	0	8	8	6	3	0	6	0	4	8	3	3	0	3	0	10	6	5	5	10	0	3	6	0	3	5	5	0	5	8	5	6	0	0	5	6	3	3	3	0	5	0	5	8	0	0	6	0	3	5	3	8	0	3	3	3	0	6	3	3	8	8	0	0	5	6	0	6	0	0	3	5	5	3	5	8	8	5	3	0	3	6	3	5	7	0	5	0	8	3	3	3	0	5	6	5	6	0	3	5	6	8	5	6	0	3	3	0	3	5	3	8	3	3	8	0	0	10	0	3	8	0	3	8	5	5	0	3	3	3	8	6	0	3	3	8	0	0	0	0	0	0	6	8	3	6	3	3	3	3	0	3	0	3	0	5	3	5	0	6	0	3	6	5	3	8	6	5	0	3	5	3	3	10	5	3	0	3	5	0	3	0	0	3	8	0	0	8	0	0	5	8	0	3	0	5	10	0	0	3	8	3	3	0	3	3	3	0	0	6	0	0	6	3	0	8	3	5	6	3	0	0	8	0	5	3	0	3	2	6	8	3	3	0	6	10	0	3	5	0	3	5	0	0	3	0	5	8	0	3	3	0	3	6	3	0	0	8	0	3	5	10	8	0	3	8	8	3	3	3	0	8	3	5	0	0	0	3	0	0	0	0	5	3	5	5	0	3	3	5	5	8	0	10	5	3	0	3	8	0	3	3	8	0	5	3	3	5	8	3	0	0	3	3	3	5	5	5	3	0	3	3	0	0	3	3	3	3	3	5	6	3	0	0	3	0	3	0	5	6	8	3	3	3	0	8	5	6	5	5	0	5	8	0	0	3	3	5	0	5	5	3	4	5	0	5	5	8	5	0	0	3	5	3	3	3	3	5	8	5	5	8	0	0	0	0	8	3	10	3	8	5	3	0	3	3	5	3	0	3	5	6	0	6	0	8	6	0	8	8	3	0	0	0	8	3	3	3	0	5	3	3	3	0	0	3	6	5	5	5	6	3	6	3	0	6	0	8	3	3	0	8	5	8	10	0	0	5	5	6	6	0	5	0	0	3	5	8	3	5	0	5	5	3	5	0	5	0	8	0	0	0	5	5	3	0	3	10	0	6	5	0	3	0	5	10	3	3	5	3	0	0	3	5	5	0	3	7	5	3	5	0	3	0	5	5	8	8	0	3	3	5	0	5	3	0	5	0	3	6	5	0	5	0	0	6	5	5	5	0	8	3	0	3	10	6	5	0	6	0	3	0	0	3	0	0	8	0	3	3	3	0	0	6	6	3	5	5	0	0	0	5	0	5	0	3	3	5	5	0	5	5	0	5	3	0	3	0	0	8	5	5	10	0	5	0	0	3	0	3	0	5	5	8	10	0	0	5	3	10	8	3	5	5	0	8	8	5	6	3	3	3	6	0	5	8	0	8	0	3	3	3	3	3	3	8	0	0	6	3	3	8	0	5	0	3	3	8	0	3	3	8	3	5	0	0	0	8	6	5	8	0	0	3	0	3	0	3	10	3	0	3	6	5	0	2	3	6	0	5	5	0	3	5	0	10	3	10	0	0	6	5	3	10	8	3	3	3	3	0	0	6	0	5	10	0	5	3	0	5	5	5	0	0	3	5	0	2	0	0	3	3	6	5	6	3	5	0	0	3	3	8	0	8	0	0	0	3	0	5	0	3	0	0	3	6	6	3	8	0	8	0	0	0	3	0	3	6	0	3	0	3	5	0	6	3	0	5	0	5	0	8	6	3	5	5	0	3	8	3	3	5	8	5	3	5	6	5	3	0	8	5	2	0	5	3	3	3	10	8	0	0	5	3	5	0	0	3	0	0	6	0	0	3	0	5	8	5	3	0	3	5	5	0	3	3	3	6	0	3	5	3	8	5	8	0	3	0	0	5	5	5	5	6	8	3	3	0	5	6	5	3	8	5	5	5	8	3	0	10	0	3	5	8	6	6	10	3	0	0	3	0	8	0	5	0	3	0	3	3	8	8	3	3	0	5	5	3	0	0	3
2022.81289676705	3	3	3	0	0	3	3	5	3	5	5	6	0	0	0	0	5	3	5	5	0	0	6	3	0	0	0	0	3	6	3	6	3	0	5	3	0	5	5	5	5	5	3	8	3	5	5	0	3	8	3	5	3	6	0	5	0	3	3	8	8	3	5	5	0	3	6	0	8	3	8	3	8	6	8	3	5	6	0	5	8	8	3	5	5	6	0	0	3	5	5	3	0	6	3	6	5	0	3	0	0	3	5	0	3	8	0	0	5	5	3	8	6	5	10	6	6	3	8	5	8	6	0	5	5	8	5	6	6	5	3	0	0	5	0	3	10	5	0	0	3	5	0	3	5	3	3	0	8	5	8	8	5	5	8	5	8	3	0	5	3	5	5	0	3	5	5	0	5	5	8	3	3	5	6	3	0	5	3	8	3	0	3	5	8	0	8	0	0	5	3	6	5	5	6	0	10	3	5	3	5	3	0	3	0	5	0	10	3	0	6	0	5	8	5	8	0	10	5	5	5	7	8	0	0	0	5	6	0	3	6	8	3	10	5	0	8	0	3	8	0	0	8	3	3	3	3	8	0	8	8	0	8	3	10	0	3	5	3	3	5	8	6	3	5	8	3	5	3	3	6	0	5	6	10	5	5	0	5	0	5	10	0	3	3	5	5	0	3	5	3	3	10	10	5	6	3	5	8	3	5	0	0	8	3	0	8	3	5	3	3	5	3	3	5	8	5	5	3	8	3	10	0	5	3	8	0	3	8	3	5	8	3	3	10	5	0	8	6	0	0	5	0	3	5	5	3	6	10	3	3	3	0	6	5	3	5	10	0	5	5	3	0	0	5	0	8	5	5	3	0	5	5	5	5	6	5	6	5	5	10	8	0	3	6	10	3	6	3	0	6	5	6	5	5	0	6	0	3	0	3	5	5	10	8	3	5	8	5	5	8	0	10	3	6	3	3	3	0	0	8	6	0	5	3	0	5	3	3	0	5	5	3	5	3	3	3	3	0	5	6	0	5	8	5	5	0	5	0	8	5	5	0	6	0	3	3	5	8	3	3	6	5	0	6	8	6	3	5	5	5	6	0	0	3	5	0	3	3	5	6	6	5	0	5	5	8	6	3	5	3	5	0	6	5	5	5	8	5	5	6	6	3	5	5	6	5	0	5	8	5	5	0	6	3	5	3	8	3	5	8	3	3	5	5	3	0	6	8	5	3	3	6	3	8	8	5	0	8	3	3	3	0	8	0	8	8	8	0	8	5	6	3	5	5	3	10	5	5	0	3	5	0	0	5	3	10	5	8	6	8	5	0	0	0	5	8	8	3	5	5	5	3	3	0	5	0	10	0	0	0	5	0	5	3	6	10	3	8	3	0	3	3	5	5	8	5	5	5	0	0	5	3	3	3	0	3	5	3	5	0	8	0	5	3	8	5	3	6	10	5	0	3	3	0	3	3	3	8	5	0	0	0	3	8	5	3	5	0	0	3	0	6	8	6	5	0	5	0	5	0	3	3	3	0	8	0	0	3	0	0	0	8	8	8	3	5	5	0	5	5	0	3	0	3	8	5	0	5	8	3	0	5	0	3	0	0	0	3	5	5	5	0	5	6	5	5	8	3	0	5	5	8	5	0	0	5	8	5	8	5	5	5	6	3	8	3	8	3	0	3	8	3	6	8	3	3	0	3	3	5	0	5	3	6	0	5	6	3	6	8	0	5	5	0	5	0	0	3	3	8	0	5	0	0	6	6	8	5	3	8	6	3	3	0	0	0	10	5	0	3	3	5	3	6	3	3	0	0	3	5	6	5	5	6	3	8	5	3	5	5	5	5	10	5	3	0	6	3	5	3	0	0	0	0	8	5	5	3	5	10	5	0	6	10	0	3	5	0	3	3	5	0	6	3	0	3	0	3	6	3	3	5	5	0	0	5	5	5	3	8	0	0	3	6	5	5	6	0	10	3	6	0	5	3	3	10	6	3	0	3	0	6	3	3	3	8	5	5	3	10	3	3	5	5	5	5	6	0	3	5	5	8	0	0	5	5	8	5	5	10	6	0	5	6	6	5	0	8	0	0	3	5	5	3	6	3	3	0	0	5	3	3	3	5	8	5	3	0	5	6	5	5	0	3	5	8	5	3	5	5	8	5	5	8	10	6	0	5	0	5	5	8	10	6	3	0	10	8	5	3	8	3	0	5	10	0	6	6	3	3	5	10	5	6	10	8	0	0	3	0	0	0	3	0	3	3	3	6	8	10	3	3	8	5	5	3	0	3	5
2022.8262737864	6	3	5	5	0	5	0	3	5	5	5	6	3	0	5	10	0	3	0	8	5	0	8	0	0	0	0	0	3	3	5	8	0	0	5	5	0	5	5	5	5	5	5	10	3	5	0	0	0	8	0	5	5	8	0	8	0	3	0	8	5	3	5	5	0	0	6	0	5	0	8	5	5	3	6	5	5	10	0	5	10	6	3	3	3	3	5	0	5	3	3	0	0	6	3	5	5	0	3	0	5	0	5	0	0	8	0	0	5	5	8	5	0	3	3	5	10	3	8	10	3	3	0	5	5	5	5	8	6	3	3	5	0	5	0	5	10	3	0	5	5	5	0	0	0	0	5	0	5	0	5	10	5	0	8	3	8	0	0	3	5	5	3	0	3	5	5	0	10	5	8	3	3	8	5	5	0	5	8	8	0	0	8	5	5	3	5	5	5	3	0	5	5	5	0	0	10	5	5	3	3	0	0	5	0	5	0	8	5	0	6	0	3	5	5	8	0	10	5	5	5	5	5	0	0	0	5	5	0	5	0	5	3	8	5	0	5	0	3	8	0	5	3	3	3	5	5	10	5	6	8	5	10	5	6	0	5	5	5	5	5	6	3	0	5	8	3	5	8	5	3	0	3	8	5	5	0	0	3	0	3	8	0	3	3	5	0	0	0	5	3	3	8	10	5	8	8	3	10	3	5	0	0	5	5	0	5	5	5	0	0	5	5	5	5	3	5	5	3	0	3	8	0	5	3	8	0	5	5	5	5	5	3	5	6	3	0	5	3	5	0	3	0	3	8	5	3	10	8	0	0	5	0	6	5	5	5	10	3	5	3	5	0	0	5	0	5	5	5	0	0	3	3	5	5	8	3	8	5	5	3	0	0	5	6	6	3	8	0	0	3	3	5	5	5	0	10	0	5	0	3	3	5	8	6	5	5	8	3	3	8	0	5	3	8	3	3	3	0	3	8	6	0	3	3	0	0	0	5	0	5	5	8	3	0	0	3	3	0	5	10	5	5	10	5	5	3	5	5	8	5	5	0	10	0	0	3	5	8	3	0	10	5	10	3	8	0	3	5	5	5	0	0	0	3	5	0	3	3	5	8	8	0	0	0	3	8	5	5	5	0	3	0	8	5	5	3	3	0	0	3	8	5	5	10	0	3	0	5	5	5	5	0	8	3	10	0	8	5	3	5	5	0	5	3	0	0	0	6	5	3	5	8	3	6	8	5	0	8	5	5	0	0	10	0	8	3	8	0	5	8	6	0	5	6	3	10	10	5	0	3	3	0	0	5	3	10	5	8	6	10	8	5	5	3	5	6	10	0	5	3	5	5	0	5	0	5	6	0	0	0	5	0	5	5	8	3	5	8	3	0	3	5	3	5	8	3	5	5	0	0	5	0	3	5	3	5	3	3	3	0	10	0	3	3	5	5	5	8	8	5	5	3	3	0	3	3	3	5	3	0	0	0	5	8	3	0	3	5	0	5	0	10	5	6	5	0	5	0	3	0	8	8	5	0	6	0	0	5	0	0	5	10	8	8	3	5	5	0	5	3	5	0	0	5	8	3	0	5	5	5	0	3	0	5	3	0	0	0	5	0	5	3	0	8	5	8	8	0	3	3	5	8	5	0	0	5	10	3	8	5	3	5	8	3	6	0	8	5	0	3	5	3	5	6	5	0	5	0	3	6	0	5	3	0	0	5	6	5	8	8	0	5	5	0	5	0	0	3	3	5	0	5	5	0	8	6	8	8	3	10	8	3	5	5	0	0	3	5	3	5	3	3	8	10	3	0	5	0	0	5	8	5	5	3	3	5	5	5	5	5	5	3	5	5	0	3	8	10	5	3	5	0	0	5	3	5	5	5	5	8	5	3	10	8	3	8	5	5	8	3	3	5	6	0	0	5	0	0	6	3	5	0	5	0	3	5	5	3	3	8	0	0	5	0	3	5	0	0	6	5	8	5	5	5	3	8	8	3	0	3	0	8	0	3	5	5	5	3	5	6	3	3	8	0	5	5	3	0	3	0	8	8	0	0	3	0	10	5	5	5	10	3	0	8	8	5	0	5	3	5	3	5	5	5	8	0	5	0	0	5	6	5	3	8	3	5	0	0	5	5	3	8	0	3	5	5	5	5	5	5	8	5	3	8	10	6	0	5	0	0	3	3	6	5	0	0	8	5	3	5	8	3	0	3	6	0	8	3	5	5	5	6	3	0	8	10	3	0	5	0	0	0	3	5	3	5	0	8	3	8	8	3	10	5	3	0	0	5	3
2022.83965080575	8	3	5	5	0	3	0	0	5	3	5	5	5	0	5	10	0	0	0	6	5	0	8	0	0	0	0	0	3	0	5	6	0	0	5	3	0	5	0	0	5	3	3	8	3	5	0	0	0	6	0	3	5	8	0	5	0	3	0	5	0	0	3	0	0	0	3	6	0	0	5	5	5	0	0	5	5	8	0	3	8	3	3	0	3	0	5	0	5	0	0	0	0	6	3	5	3	0	3	0	5	0	3	5	0	8	0	0	0	5	8	3	0	3	0	5	10	3	3	10	3	0	0	3	5	3	5	6	3	3	3	5	0	5	0	5	5	3	0	5	5	3	0	0	0	3	5	0	0	0	3	10	5	0	3	3	5	0	0	0	5	3	0	0	3	3	5	0	5	3	3	3	3	8	5	5	0	3	8	3	0	0	8	5	5	5	3	5	5	3	0	5	3	0	0	0	5	5	5	0	3	0	0	3	0	0	0	3	5	0	6	0	0	3	0	3	0	8	0	3	0	5	3	0	0	0	5	5	0	5	0	5	3	3	5	0	0	0	3	3	0	5	0	0	0	5	5	8	5	3	6	5	8	3	3	0	5	5	5	5	5	3	3	0	3	8	3	5	8	5	3	0	3	8	5	3	0	0	5	0	3	6	0	6	3	3	0	0	3	3	6	0	0	5	5	8	8	0	10	0	5	0	0	0	5	0	3	5	5	3	0	5	5	5	0	0	5	5	0	0	3	8	0	5	0	5	0	5	3	5	5	3	0	5	3	3	0	3	3	5	0	3	0	0	8	5	3	10	6	0	0	3	0	3	0	5	5	5	5	3	0	5	0	0	5	0	3	5	3	0	0	3	5	3	5	8	0	8	3	0	0	0	0	3	3	3	3	8	0	0	0	3	5	5	5	0	8	0	5	0	3	3	3	5	3	5	3	8	0	0	0	0	0	3	6	5	3	3	0	3	8	3	0	3	3	0	0	0	3	0	5	3	8	3	0	0	5	0	0	5	8	5	5	8	3	3	3	3	5	6	3	5	0	8	0	0	3	3	3	0	0	8	3	10	0	3	0	3	0	5	0	0	0	0	3	3	0	5	0	0	8	6	0	0	0	0	3	5	8	5	0	0	0	6	3	3	0	0	0	0	0	8	5	5	10	0	3	0	3	0	0	5	0	5	3	5	0	8	3	0	3	5	0	5	0	3	0	0	0	5	3	5	8	0	6	8	3	0	5	5	3	3	0	10	0	3	3	6	0	5	6	3	0	10	6	3	3	8	3	0	3	0	0	0	5	3	5	0	3	3	10	6	5	8	3	0	0	8	0	5	0	5	5	0	5	0	5	3	6	0	0	0	0	3	5	5	0	5	3	3	5	3	5	0	3	5	3	3	5	0	0	3	0	0	5	3	3	0	0	0	0	8	0	3	0	0	0	5	5	8	0	5	0	3	0	0	5	3	3	0	0	0	0	5	6	0	0	0	5	0	3	0	8	0	3	5	0	3	0	3	0	8	8	5	0	0	0	0	5	0	5	5	8	3	8	0	0	5	0	5	0	5	0	0	5	8	0	0	5	5	5	0	0	0	5	3	0	0	0	3	0	3	5	0	8	5	8	8	0	5	3	0	3	0	0	0	0	8	0	5	3	3	0	8	0	0	0	6	5	0	0	3	3	5	3	5	0	5	0	6	8	0	3	3	0	0	5	3	5	5	3	3	5	5	6	3	0	0	0	3	0	0	0	5	0	8	3	6	5	0	10	8	3	5	5	0	5	0	3	6	5	3	0	8	10	3	3	5	0	0	5	6	5	5	0	0	3	5	5	3	0	3	0	3	3	0	3	8	10	5	3	5	0	0	5	3	3	5	5	3	5	5	5	8	5	3	8	10	5	8	3	3	5	3	0	0	5	0	0	3	0	5	0	5	0	5	5	5	0	3	8	5	0	5	0	5	3	0	0	3	5	8	5	3	5	0	6	8	3	0	3	0	8	3	3	5	5	5	0	5	3	3	0	5	0	5	3	0	0	3	0	6	3	0	0	3	0	10	5	0	5	10	3	0	5	8	3	0	0	3	5	0	5	3	5	8	0	5	0	0	7	6	5	3	5	3	3	0	0	3	5	0	8	0	0	3	3	5	3	0	5	3	5	0	8	8	6	5	0	0	0	3	3	3	5	0	0	5	3	0	3	3	0	0	0	3	0	8	0	5	3	3	3	3	0	0	8	5	0	5	0	0	0	3	8	0	5	0	6	0	3	8	3	10	0	0	0	0	5	3
2022.8530278251	8	3	3	5	0	3	0	5	5	0	0	3	8	0	5	10	0	3	0	3	5	0	6	0	0	0	0	0	3	0	3	3	0	0	0	3	0	3	0	0	0	0	3	3	3	0	0	0	0	3	0	0	3	3	0	5	5	3	0	0	0	0	0	0	0	0	0	8	0	0	5	3	3	0	0	3	0	6	0	0	3	0	3	0	0	0	5	0	3	0	0	0	0	0	3	3	0	0	0	0	5	0	0	5	0	0	0	0	0	0	8	0	0	0	0	3	6	3	0	8	3	0	0	5	0	0	0	3	0	0	0	5	3	3	0	3	0	3	0	5	5	0	0	0	0	5	3	0	0	0	0	3	3	0	0	3	5	0	0	0	3	0	0	0	0	0	0	0	5	0	3	3	3	3	3	5	0	0	8	0	0	0	6	0	3	8	0	5	5	0	0	3	0	0	0	0	0	3	0	0	0	0	0	3	0	0	0	0	5	0	0	0	0	0	0	0	0	3	0	0	0	3	0	0	0	0	0	3	0	5	0	3	0	0	0	0	0	0	3	3	0	5	0	0	0	3	5	3	5	0	3	5	3	3	0	0	3	0	3	3	0	0	0	0	0	0	0	0	8	3	0	0	0	5	0	0	0	0	5	0	0	0	0	8	3	0	0	0	5	0	8	0	0	0	0	6	8	0	6	0	0	0	0	0	3	0	3	5	0	5	0	0	5	3	0	0	0	3	3	0	0	0	0	5	0	0	0	3	0	3	0	0	0	3	0	0	0	0	3	5	0	3	0	0	8	3	3	6	0	0	0	3	0	0	0	3	5	0	5	0	0	5	0	0	0	0	3	3	0	0	0	0	5	3	0	5	0	5	0	0	0	0	0	3	0	0	0	3	0	0	0	3	3	0	0	0	8	0	3	0	3	3	3	0	0	3	0	3	0	0	0	0	0	3	3	3	3	3	0	5	0	0	0	0	3	0	0	0	3	0	0	3	5	0	0	0	3	0	0	0	6	5	0	3	0	0	3	0	5	0	0	0	0	6	0	0	0	0	0	0	0	6	0	10	0	0	0	3	0	0	0	0	0	0	3	0	0	3	0	0	5	3	0	0	0	0	0	5	8	0	0	0	0	3	0	3	0	0	0	0	0	3	3	3	8	0	0	0	0	0	0	5	0	3	0	5	0	5	3	0	0	5	0	0	0	3	0	0	0	3	3	3	5	0	0	3	0	0	0	3	3	3	0	5	0	0	0	0	0	3	3	3	0	8	3	0	0	5	3	0	3	0	0	0	0	0	0	0	0	3	6	3	5	8	3	0	0	3	0	0	0	5	3	0	5	0	5	0	6	0	0	0	3	0	3	3	0	3	0	3	5	0	3	0	0	5	0	0	5	0	0	0	0	0	3	3	3	0	3	0	0	5	0	3	0	0	0	3	3	3	0	5	0	0	5	0	3	3	0	0	0	0	0	3	0	0	0	0	5	0	3	0	8	0	3	5	0	0	0	0	0	6	6	3	0	0	0	0	5	0	5	5	3	0	3	0	0	3	0	0	0	5	0	0	5	3	0	0	0	0	5	0	0	0	3	3	0	0	0	0	0	0	5	0	3	0	3	3	5	5	3	0	3	0	0	0	0	3	0	0	0	0	0	3	0	0	0	3	3	3	0	0	0	3	0	3	0	5	0	8	8	0	0	3	0	0	0	3	3	3	0	5	0	0	8	0	0	3	0	0	0	0	0	5	0	3	0	3	5	0	5	3	3	3	5	0	5	0	0	8	5	3	0	6	6	0	3	5	0	0	0	3	0	3	0	0	0	0	3	3	0	3	0	0	0	0	3	6	10	3	0	5	0	0	5	0	3	5	5	0	0	0	5	6	3	3	5	8	5	8	3	0	5	0	0	0	3	0	0	0	0	3	0	0	0	5	0	3	0	3	0	5	0	3	0	5	3	0	0	0	3	5	5	0	3	0	0	5	3	0	3	0	3	3	0	3	0	0	0	3	0	0	0	5	0	0	0	0	3	0	0	3	0	0	0	0	0	3	0	0	0	6	5	0	3	6	0	0	0	3	5	0	5	0	5	5	0	3	0	0	3	3	5	0	5	0	0	0	0	0	3	0	3	0	0	0	0	3	3	0	0	0	0	0	3	0	0	5	0	0	0	0	0	0	3	0	0	0	0	0	3	0	0	0	5	0	0	3	0	3	3	0	0	0	0	0	3	8	0	5	0	0	0	3	8	0	3	0	3	0	0	8	3	5	0	0	0	0	3	0
2022.86640484445	3	3	0	0	0	0	0	5	0	0	0	3	6	0	0	0	0	3	0	0	0	0	0	0	0	0	0	0	0	0	0	0	0	0	0	0	0	0	0	0	0	0	0	0	0	0	0	0	0	0	0	0	0	0	0	0	5	0	0	0	0	0	0	0	0	0	0	8	0	0	0	0	0	0	0	0	0	0	0	0	0	0	3	0	0	0	3	0	0	0	0	0	0	0	0	3	0	0	0	0	0	0	0	5	0	0	0	0	0	0	0	0	0	0	0	0	0	3	0	0	0	0	0	5	0	0	0	6	0	0	0	3	3	0	0	0	0	3	0	0	0	0	0	0	0	5	0	0	0	0	0	0	0	0	0	0	0	0	0	0	0	0	0	0	0	0	0	0	0	0	0	0	3	0	0	0	0	0	3	0	0	0	0	0	0	6	0	0	0	0	0	0	0	0	0	0	0	0	0	0	0	0	0	0	0	0	0	0	0	0	0	0	0	0	0	0	0	0	0	0	0	0	0	0	0	0	0	0	0	0	0	0	0	0	0	0	0	0	0	0	0	0	0	0	0	0	0	0	0	0	0	0	0	0	0	0	0	0	0	0	0	0	0	0	0	0	0	0	0	0	0	0	0	0	0	0	0	0	3	0	0	0	0	5	0	0	0	0	5	0	5	3	0	0	0	0	0	0	0	8	0	0	0	0	0	0	0	0	0	5	0	0	0	0	0	0	0	0	3	0	0	0	0	0	8	0	0	0	0	0	0	0	0	0	0	0	0	0	0	0	0	3	0	0	0	0	3	0	0	0	0	0	0	0	0	0	0	0	3	0	0	0	0	0	0	0	0	0	0	0	3	0	5	0	0	0	0	0	0	0	0	0	0	0	0	0	0	0	0	0	0	0	3	0	0	0	0	0	0	0	0	3	0	0	0	0	0	0	0	0	0	0	0	0	0	3	0	0	0	3	0	0	0	0	3	0	0	0	0	0	0	0	0	0	0	0	3	0	0	0	0	3	0	0	0	0	0	0	3	0	0	0	0	0	0	0	0	0	0	0	0	0	0	0	0	0	0	0	0	0	0	0	0	0	0	0	0	3	0	0	0	6	0	0	0	0	0	0	3	0	0	0	0	0	0	0	0	0	0	0	0	0	3	0	0	0	0	0	0	0	0	0	0	0	0	0	0	0	0	0	0	0	0	0	0	3	0	0	0	0	3	0	0	0	0	0	0	0	0	0	0	3	0	0	0	0	0	0	0	0	0	3	0	5	0	0	0	0	3	0	0	0	0	0	0	0	0	0	0	0	0	0	0	6	0	0	0	0	0	0	0	0	0	0	0	0	0	0	8	0	0	0	5	0	0	0	0	0	0	0	5	0	3	0	0	0	0	0	0	0	0	0	0	0	0	0	0	0	3	0	0	0	0	3	0	0	0	0	0	0	0	0	0	0	5	0	3	3	0	0	0	0	0	0	0	0	0	0	3	0	0	0	0	0	0	0	0	0	0	0	0	0	0	0	0	0	0	0	0	0	5	0	0	0	0	0	0	0	0	0	0	0	0	0	0	0	0	0	0	0	0	0	0	0	0	0	0	0	0	0	0	0	3	0	0	0	0	0	5	3	3	0	0	0	0	0	0	0	0	0	0	0	0	0	0	0	0	0	0	3	0	0	0	0	0	0	0	0	0	6	3	0	0	0	0	0	0	3	0	0	0	5	0	0	8	0	0	5	0	0	0	0	0	0	0	0	0	0	0	0	0	0	0	0	0	0	5	0	0	5	0	3	0	0	0	0	3	0	0	5	0	0	0	0	0	0	0	0	0	0	0	0	0	0	0	0	0	0	0	0	0	0	0	0	0	0	0	0	0	0	0	0	3	0	0	0	0	5	0	3	0	0	3	0	0	0	0	0	0	0	0	0	0	0	0	3	0	0	0	0	0	5	0	0	0	3	0	0	0	0	0	0	0	0	0	0	0	0	3	0	0	0	0	3	0	0	0	0	0	0	0	0	0	0	0	0	0	0	3	0	0	0	0	0	0	0	0	0	0	0	0	0	3	0	0	0	0	0	0	0	0	0	0	0	0	0	0	0	0	0	5	3	0	0	0	3	0	0	0	0	3	0	3	0	0	0	0	0	0	0	0	0	0	0	0	0	0	5	0	0	0	0	0	0	0	0	0	0	0	0	0	0	0	0	5	0	0	0	0	0	0	0	0	0	0	0	0	6	0	0	0	0	0	0	6	0	0	0	0	0	0	0	0	0	0	0	0	0	0	0
2022.87978186381	1	1	1	1	1	1	1	6	1	1	1	1	4	1	1	1	1	4	1	1	1	1	1	1	1	1	1	1	1	1	1	1	1	1	1	1	1	1	1	1	1	1	1	1	1	1	1	1	1	1	1	1	1	1	1	1	6	1	1	1	1	1	1	1	1	1	1	4	1	1	1	1	1	1	1	1	1	1	1	1	1	1	4	1	1	1	1	1	1	1	1	1	1	1	1	1	1	1	1	1	1	1	1	1	1	1	1	1	1	4	1	1	1	1	1	1	1	1	1	1	1	1	1	6	1	1	1	4	1	1	1	1	4	1	1	1	1	1	1	1	1	1	1	1	1	4	1	1	1	1	1	1	1	1	1	1	1	1	1	1	1	1	1	1	1	1	4	1	1	1	1	1	1	1	1	1	1	1	1	1	1	1	1	1	1	4	1	1	1	1	1	1	1	1	1	1	1	1	1	1	1	1	1	1	1	1	1	1	1	1	1	1	1	1	1	1	1	1	1	1	1	1	1	1	1	1	1	1	1	1	1	1	1	1	1	1	1	1	1	1	1	1	1	1	1	1	1	1	1	1	1	1	1	1	1	1	1	1	1	1	1	1	1	1	1	1	1	1	1	1	1	1	1	1	1	1	1	1	1	1	1	1	1	6	1	1	1	1	4	1	6	4	1	1	1	1	1	1	1	9	1	1	1	1	1	1	1	1	1	4	1	1	1	1	1	1	1	1	4	1	1	1	1	1	9	1	1	1	1	1	1	1	1	1	1	1	1	1	1	1	1	4	1	1	1	1	1	1	1	1	1	1	1	1	1	1	1	1	1	1	1	1	1	1	1	1	1	1	1	1	6	1	6	1	1	1	1	1	1	1	1	1	1	1	1	1	1	1	1	1	1	1	1	1	1	1	1	1	1	1	1	1	1	1	1	1	1	1	1	1	1	1	1	1	1	1	1	1	1	4	1	1	1	1	1	1	1	1	1	1	1	1	1	1	1	1	1	1	1	1	1	1	1	1	1	1	1	1	1	1	1	1	1	1	1	1	1	1	1	1	1	1	1	1	1	1	1	1	1	1	1	1	1	1	1	1	1	1	1	4	1	4	1	1	1	1	1	1	1	1	1	1	1	1	1	1	1	1	1	1	1	1	1	1	1	1	1	1	1	1	1	1	1	1	1	1	1	1	1	1	1	1	1	1	1	1	1	1	1	1	4	1	1	1	1	1	1	1	1	1	1	1	1	1	1	1	1	1	1	1	1	1	1	1	1	1	1	1	4	1	1	1	1	1	1	1	1	1	1	1	1	1	1	1	1	1	1	1	1	1	1	1	1	1	1	1	1	1	4	1	1	1	6	1	1	1	1	1	1	1	1	1	1	1	1	1	1	1	1	1	1	1	1	1	1	1	1	1	4	1	1	1	1	1	1	1	1	1	1	1	1	1	1	1	6	1	1	4	1	1	1	1	1	1	1	1	1	1	1	1	1	1	1	1	1	1	1	1	1	1	1	1	1	1	1	1	1	1	1	1	1	1	1	1	1	1	1	1	1	1	1	1	1	1	1	1	1	1	1	1	1	1	1	1	1	1	1	1	1	1	1	1	1	1	1	1	1	1	6	1	1	1	1	1	1	1	1	1	1	1	1	1	1	1	1	1	1	1	1	4	1	1	1	1	1	1	1	1	1	7	1	1	1	1	1	1	1	1	1	1	1	4	1	1	4	1	1	6	1	1	1	1	1	1	1	1	1	1	1	1	1	1	1	1	1	1	1	1	1	6	1	4	1	1	1	1	1	1	1	6	1	1	1	1	1	1	1	1	1	1	1	1	1	1	1	1	1	1	1	1	1	1	1	1	1	1	1	1	1	1	1	1	1	1	1	6	4	1	1	1	1	1	1	1	1	1	1	1	1	1	1	1	1	1	1	1	1	1	1	1	1	1	1	1	1	1	1	1	1	1	1	1	1	1	1	1	1	1	1	1	1	1	1	1	1	1	1	1	1	1	1	1	1	1	1	1	1	1	4	1	1	1	1	1	1	1	1	1	1	1	1	1	4	1	1	1	1	1	1	6	1	1	1	1	1	1	1	1	1	1	6	4	1	1	1	4	1	1	1	1	1	1	4	1	1	1	1	1	1	1	1	1	1	1	1	1	1	1	1	1	1	1	1	1	1	1	1	1	1	1	1	1	1	1	6	1	1	1	1	1	1	1	1	1	1	1	1	4	1	1	1	1	1	1	1	1	1	1	1	1	1	1	1	1	1	1	1	1	1	1
2022.89315888316	1	1	1	1	1	1	1	1	1	1	1	1	1	1	1	1	1	1	1	1	1	1	1	1	1	1	1	1	1	1	1	1	1	1	1	1	1	1	1	1	1	1	1	1	1	1	1	1	1	1	1	1	1	1	1	1	1	1	1	1	1	1	1	1	1	1	1	4	1	1	1	1	1	1	1	1	1	1	1	1	1	1	4	1	1	1	1	1	1	1	1	1	1	1	1	1	1	1	1	1	1	1	1	1	1	1	1	1	1	4	1	1	1	1	1	1	1	1	1	1	1	1	1	4	1	1	1	4	1	1	1	1	1	1	1	1	1	1	1	1	1	1	1	1	1	1	1	1	1	1	1	1	1	1	1	1	1	1	1	1	1	1	1	1	1	1	4	1	1	1	1	1	1	1	1	1	1	1	1	1	1	1	1	1	1	1	1	1	1	1	1	1	1	1	1	1	1	1	1	1	1	1	1	1	1	1	1	1	1	1	1	1	1	1	1	1	1	1	1	1	1	1	1	1	1	1	1	1	1	1	1	1	1	1	1	1	1	1	1	1	1	1	1	1	1	1	1	1	1	1	1	1	1	1	1	1	1	1	1	1	1	1	1	1	1	1	1	1	1	1	1	1	1	1	1	1	1	1	1	1	1	1	1	1	1	1	1	1	1	1	1	4	1	1	1	1	1	1	1	9	1	1	1	1	1	1	1	1	1	1	1	1	1	1	1	1	1	1	1	1	1	1	1	1	9	1	1	1	1	1	1	1	1	1	1	1	1	1	1	1	1	1	1	1	1	1	1	1	1	1	1	1	1	1	1	1	1	1	1	1	1	1	1	1	1	1	1	1	1	1	6	1	1	1	1	1	1	1	1	1	1	1	1	1	1	1	1	1	1	1	1	1	1	1	1	1	1	1	1	1	1	1	1	1	1	1	1	1	1	1	1	1	1	1	1	1	1	1	1	1	1	1	1	1	1	1	1	1	1	1	1	1	1	1	1	1	1	1	1	1	1	1	1	1	1	1	1	1	1	1	1	1	1	1	1	1	1	1	1	1	1	1	1	1	1	1	1	1	1	1	1	1	1	1	1	1	1	1	1	4	1	4	1	1	1	1	1	1	1	1	1	1	1	1	1	1	1	1	1	1	1	1	1	1	1	1	1	1	1	1	1	1	1	1	1	1	1	1	1	1	1	1	1	1	1	1	1	1	1	1	4	1	1	1	1	1	1	1	1	1	1	1	1	1	1	1	1	1	1	1	1	1	1	1	1	1	1	1	1	1	1	1	1	1	1	1	1	1	1	1	1	1	1	1	1	1	1	1	1	1	1	1	1	1	1	1	1	1	4	1	1	1	4	1	1	1	1	1	1	1	1	1	1	1	1	1	1	1	1	1	1	1	1	1	1	1	1	1	1	1	1	1	1	1	1	1	1	1	1	1	1	1	1	1	1	1	1	1	1	1	1	1	1	1	1	1	1	1	1	1	1	1	1	1	1	1	1	1	1	1	1	1	1	1	1	1	1	1	1	1	1	1	1	1	1	1	1	1	1	1	1	1	1	1	1	1	1	1	1	1	1	1	1	1	1	1	1	1	1	1	1	1	1	1	1	1	1	1	1	1	1	1	1	1	1	1	1	1	1	1	1	1	1	1	1	1	1	1	1	1	1	1	1	1	1	1	1	1	1	1	1	1	1	1	1	1	1	1	1	1	1	1	1	1	4	1	1	4	1	1	1	1	1	1	1	1	1	1	1	1	1	1	1	1	1	1	1	1	1	1	1	1	1	1	1	1	1	1	1	6	1	1	1	1	1	1	1	1	1	1	1	1	1	1	1	1	1	1	1	1	1	1	1	1	1	1	1	1	1	1	1	1	1	1	1	9	4	1	1	1	1	1	1	1	1	1	1	1	1	1	1	1	1	1	1	1	1	1	1	1	1	1	1	1	1	1	1	1	1	1	1	1	1	1	1	1	1	1	1	1	1	1	1	1	1	1	1	1	1	1	1	1	1	1	1	1	1	1	1	1	1	1	1	1	1	1	1	1	1	1	1	1	1	1	1	1	1	1	1	9	1	1	1	1	1	1	1	1	1	1	4	4	1	1	1	4	1	1	1	1	1	1	4	1	1	1	1	1	1	1	1	1	1	1	1	1	1	1	1	1	1	1	1	1	1	1	1	1	1	1	1	1	1	1	1	1	1	1	1	1	1	1	1	1	1	1	1	1	1	1	1	1	1	1	1	4	1	1	1	1	1	1	1	1	1	1	1	1	1	1
2022.90653590251	1	1	1	1	1	1	1	1	1	1	1	1	1	1	1	1	1	1	1	1	1	1	1	1	1	1	1	1	1	1	1	1	1	1	1	1	1	1	1	1	1	1	1	1	1	1	1	1	1	1	1	1	1	1	1	1	1	1	1	1	1	1	1	1	1	1	1	1	1	1	1	1	1	1	1	1	1	1	1	1	1	1	1	1	1	1	1	1	1	1	1	1	1	1	1	1	1	1	1	1	1	1	1	1	1	1	1	1	1	4	1	1	1	1	1	1	1	1	1	1	1	1	1	1	1	1	1	1	1	1	1	1	1	1	1	1	1	1	1	1	1	1	1	1	1	1	1	1	1	1	1	1	1	1	1	1	1	1	1	1	1	1	1	1	1	1	4	1	1	1	1	1	1	1	1	1	1	1	1	1	1	1	1	1	1	1	1	1	1	1	1	1	1	1	1	1	1	1	1	1	1	1	1	1	1	1	1	1	1	1	1	1	1	1	1	1	1	1	1	1	1	1	1	1	1	1	1	1	1	1	1	1	1	1	1	1	1	1	1	1	1	1	1	1	1	1	1	1	1	1	1	1	1	1	1	1	1	1	1	1	1	1	1	1	1	1	1	1	1	1	1	1	1	1	1	1	1	1	1	1	1	1	1	1	1	1	1	1	1	1	1	1	1	1	1	1	1	1	1	1	1	1	1	1	1	1	1	1	1	1	1	1	1	1	1	1	1	1	1	1	1	1	1	1	1	1	1	1	1	1	1	1	1	1	1	1	1	1	1	1	1	1	1	1	1	1	1	1	1	1	1	1	1	1	1	1	1	1	1	1	1	1	1	1	1	1	1	1	1	1	4	1	1	1	1	1	1	1	1	1	1	1	1	1	1	1	1	1	1	1	1	1	1	1	1	1	1	1	1	1	1	1	1	1	1	1	1	1	1	1	1	1	1	1	1	1	1	1	1	1	1	1	1	1	1	1	1	1	1	1	1	1	1	1	1	1	1	1	1	1	1	1	1	1	1	1	1	1	1	1	1	1	1	1	1	1	1	1	1	1	1	1	1	1	1	1	1	1	1	1	1	1	1	1	1	1	1	1	1	4	1	1	1	1	1	1	1	1	1	1	1	1	1	1	1	1	1	1	1	1	1	1	1	1	1	1	1	1	1	1	1	1	1	1	1	1	1	1	1	1	1	1	1	1	1	1	1	1	1	1	1	1	1	1	1	1	1	1	1	1	1	1	1	1	1	1	1	1	1	1	1	1	1	1	1	1	1	1	1	1	1	1	1	1	1	1	1	1	1	1	1	1	1	1	1	1	1	1	1	1	1	1	1	1	1	1	1	1	1	1	1	1	1	1	1	1	1	1	1	1	1	1	1	1	1	1	1	1	1	1	1	1	1	1	1	1	1	1	1	1	1	1	1	1	1	1	1	1	1	1	1	1	1	1	1	1	1	1	1	1	1	1	1	1	1	1	1	1	1	1	1	1	1	1	1	1	1	1	1	1	1	1	1	1	1	1	1	1	1	1	1	1	1	1	1	1	1	1	1	1	1	1	1	1	1	1	1	1	1	1	1	1	1	1	1	1	1	1	1	1	1	1	1	1	1	1	1	1	1	1	1	1	1	1	1	1	1	1	1	1	1	1	1	1	1	1	1	1	1	1	1	1	1	1	1	1	1	1	1	1	1	1	1	1	1	1	1	1	1	1	1	1	1	1	1	1	1	1	1	1	1	1	1	1	1	1	1	1	1	1	1	1	1	1	1	1	1	1	1	1	1	1	1	1	1	1	1	1	1	1	1	1	1	1	1	1	1	1	1	1	1	1	1	1	1	1	1	1	1	1	1	1	1	1	1	1	1	1	1	1	1	1	1	1	1	9	4	1	1	1	1	1	1	1	1	1	1	1	1	1	1	1	1	1	1	1	1	1	1	1	1	1	1	1	1	1	1	1	1	1	1	1	1	1	1	1	1	1	1	1	1	1	1	1	1	1	1	1	1	1	1	1	1	1	1	1	1	1	1	1	1	1	1	1	1	1	1	1	1	1	1	1	1	1	1	1	1	1	1	9	1	1	1	1	1	1	1	1	1	1	1	1	1	1	1	1	1	1	1	1	1	1	1	1	1	1	1	1	1	1	1	1	1	1	1	1	1	1	1	1	1	1	1	1	1	1	1	1	1	1	1	1	1	1	1	1	1	1	1	1	1	1	1	1	1	1	1	1	1	1	1	1	1	1	1	4	1	1	1	1	1	1	1	1	1	1	1	1	1	1
2022.91991292186	0	0	0	0	0	0	0	0	0	0	0	0	0	0	0	0	0	0	0	0	0	0	0	0	0	0	0	0	0	0	0	0	0	0	0	0	0	0	0	0	0	0	0	0	0	0	0	0	0	0	0	0	0	0	0	0	0	0	0	0	0	0	0	0	0	0	0	0	0	0	0	0	0	0	0	0	0	0	0	0	0	0	0	0	0	0	0	0	0	0	0	0	0	0	0	0	0	0	0	0	0	0	0	0	0	0	0	0	0	0	0	0	0	0	0	0	0	0	0	0	0	0	0	0	0	0	0	0	0	0	0	0	0	0	0	0	0	0	0	0	0	0	0	0	0	0	0	0	0	0	0	0	0	0	0	0	0	0	0	0	0	0	0	0	0	0	0	0	0	0	0	0	0	0	0	0	0	0	0	0	0	0	0	0	0	0	0	0	0	0	0	0	0	0	0	0	0	0	0	0	0	0	0	0	0	0	0	0	0	0	0	0	0	0	0	0	0	0	0	0	0	0	0	0	0	0	0	0	0	0	0	0	0	0	0	0	0	0	0	0	0	0	0	0	0	0	0	0	0	0	0	0	0	0	0	0	0	0	0	0	0	0	0	0	0	0	0	0	0	0	0	0	0	0	0	0	0	0	0	0	0	0	0	0	0	0	0	0	0	0	0	0	0	0	0	0	0	0	0	0	0	0	0	0	0	0	0	0	0	0	0	0	0	0	0	0	0	0	0	0	0	0	0	0	0	0	0	0	0	0	0	0	0	0	0	0	0	0	0	0	0	0	0	0	0	0	0	0	0	0	0	0	0	0	0	0	0	0	0	0	0	0	0	0	0	0	0	0	0	0	0	0	0	0	0	0	0	0	0	0	0	0	0	0	0	0	0	0	0	0	0	0	0	0	0	0	0	0	0	0	0	0	0	0	0	0	0	0	0	0	0	0	0	0	0	0	0	0	0	0	0	0	0	0	0	0	0	0	0	0	0	0	0	0	0	0	0	0	0	0	0	0	0	0	0	0	0	0	0	0	0	0	0	0	0	0	0	0	0	0	0	0	0	0	0	0	0	0	0	0	0	0	0	0	0	0	0	0	0	0	0	0	0	0	0	0	0	0	0	0	0	0	0	0	0	0	0	0	0	0	0	0	0	0	0	0	0	0	0	0	0	0	0	0	0	0	0	0	0	0	0	0	0	0	0	0	0	0	0	0	0	0	0	0	0	0	0	0	0	0	0	0	0	0	0	0	0	0	0	0	0	0	0	0	0	0	0	0	0	0	0	0	0	0	0	0	0	0	0	0	0	0	0	0	0	0	0	0	0	0	0	0	0	0	0	0	0	0	0	0	0	0	0	0	0	0	0	0	0	0	0	0	0	0	0	0	0	0	0	0	0	0	0	0	0	0	0	0	0	0	0	0	0	0	0	0	0	0	0	0	0	0	0	0	0	0	0	0	0	0	0	0	0	0	0	0	0	0	0	0	0	0	0	0	0	0	0	0	0	0	0	0	0	0	0	0	0	0	0	0	0	0	0	0	0	0	0	0	0	0	0	0	0	0	0	0	0	0	0	0	0	0	0	0	0	0	0	0	0	0	0	0	0	0	0	0	0	0	0	0	0	0	0	0	0	0	0	0	0	0	0	0	0	0	0	0	0	0	0	0	0	0	0	0	0	0	0	0	0	0	0	0	0	0	0	0	0	0	0	0	0	0	0	0	0	0	0	0	0	0	0	0	0	0	0	0	0	0	0	0	0	0	0	0	0	0	0	0	0	0	0	0	0	0	0	0	0	0	0	0	0	0	0	0	0	0	0	0	0	0	0	0	0	0	0	0	0	0	0	0	0	0	0	0	0	0	0	0	0	0	0	0	0	0	0	3	0	0	0	0	0	0	0	0	0	0	0	0	0	0	0	0	0	0	0	0	0	0	0	0	0	0	0	0	0	0	0	0	0	0	0	0	0	0	0	0	0	0	0	0	0	0	0	0	0	0	0	0	0	0	0	0	0	0	0	0	0	0	0	0	0	0	0	0	0	0	0	0	0	0	0	0	0	0	0	0	0	0	0	3	0	0	0	0	0	0	0	0	0	0	0	0	0	0	0	0	0	0	0	0	0	0	0	0	0	0	0	0	0	0	0	0	0	0	0	0	0	0	0	0	0	0	0	0	0	0	0	0	0	0	0	0	0	0	0	0	0	0	0	0	0	0	0	0	0	0	0	0	0	0	0	0	0	0	0	3	0	0	0	0	0	0	0	0	0	0	0	0	0	0
2022.93328994121	1	1	1	1	1	1	1	1	1	1	1	1	1	1	1	1	1	1	1	1	1	1	1	1	1	1	1	1	1	1	1	1	1	1	1	1	1	1	1	1	1	1	1	1	1	1	1	1	1	1	1	1	1	1	1	1	1	1	1	1	1	1	1	1	1	1	1	1	1	1	1	1	1	1	1	1	1	1	1	1	1	1	1	1	1	1	1	1	1	1	1	1	1	1	1	1	1	1	1	1	1	1	1	1	1	1	1	1	1	1	1	1	1	1	1	1	1	1	1	1	1	1	1	1	1	1	1	1	1	1	1	1	1	1	1	4	1	1	1	1	1	1	1	1	1	1	1	1	1	1	1	1	1	1	1	1	1	1	1	1	1	1	1	1	1	1	1	1	1	1	1	1	1	1	1	1	1	1	1	1	1	1	1	1	1	1	1	1	1	1	1	1	1	1	1	1	1	1	1	1	1	1	1	1	1	1	1	1	1	1	1	1	1	1	1	1	1	1	1	1	1	1	1	1	1	1	1	1	1	1	1	1	1	1	1	1	1	1	1	1	1	1	1	1	1	1	1	1	1	1	1	1	1	1	1	1	1	1	1	1	1	1	1	1	1	1	1	1	1	1	1	1	1	1	1	1	1	1	1	1	1	1	1	1	1	1	1	1	1	1	1	1	1	1	1	1	1	1	1	1	1	1	1	1	1	1	1	1	1	1	1	1	1	1	1	1	1	1	1	1	1	1	1	1	1	1	1	1	1	1	1	1	1	1	1	1	1	1	1	1	1	1	1	1	1	1	1	1	1	1	1	1	1	1	1	1	1	1	1	1	1	1	1	1	1	1	1	1	1	1	1	1	1	1	1	1	1	1	1	1	1	1	1	1	1	1	1	1	1	1	1	1	1	1	1	1	1	1	1	4	1	1	1	1	1	1	1	1	1	1	1	1	1	1	1	1	1	1	1	1	1	1	1	1	1	1	1	1	1	1	1	1	1	1	1	1	1	1	1	1	1	1	1	1	1	1	1	1	1	1	1	1	1	1	1	1	1	1	1	1	1	1	1	1	1	1	1	1	1	1	1	1	1	1	1	1	1	1	1	1	1	1	1	1	1	1	1	1	1	1	1	1	1	1	1	1	1	1	1	1	1	1	1	1	1	1	1	1	1	1	1	1	1	1	1	1	1	1	1	1	1	1	1	1	1	1	1	1	1	1	1	1	1	1	1	1	1	1	1	1	1	1	1	1	1	1	1	1	1	1	1	1	1	1	1	1	1	1	1	1	1	1	1	1	1	1	1	1	1	1	1	1	1	1	1	1	1	1	1	1	1	1	1	1	1	1	1	1	1	1	1	1	1	1	1	1	1	1	1	1	1	1	1	1	1	1	1	1	1	1	1	1	1	1	1	1	1	1	1	1	1	1	1	1	1	1	1	1	1	1	1	1	1	1	1	1	1	1	1	1	1	1	1	1	1	1	1	1	1	1	1	1	1	1	1	1	1	1	1	1	1	1	1	1	1	1	4	1	1	1	1	1	1	1	1	1	1	1	1	1	1	1	1	1	1	1	1	1	1	1	1	1	1	1	1	1	1	1	1	1	1	1	1	1	1	1	1	1	1	1	1	1	1	1	1	1	1	1	1	1	1	1	1	1	1	1	1	1	1	1	1	1	1	1	1	1	1	1	1	1	1	1	1	1	1	1	1	1	1	1	1	1	1	1	1	1	1	1	1	1	1	1	1	1	1	1	1	1	1	1	1	1	1	1	1	1	1	1	1	1	1	1	1	1	1	1	1	1	1	1	1	1	1	1	1	1	1	1	1	1	1	1	1	1	1	1	1	1	1	1	1	1	1	1	1	1	1	1	1	1	1	1	1	1	1	1	1	1	1	1	1	1	1	1	1	1	1	1	1	1	1	1	1	1	1	1	1	1	1	1	1	1	1	1	1	1	1	1	1	1	1	1	1	1	1	1	1	1	1	1	1	1	1	1	1	1	1	1	1	1	1	1	1	1	1	1	1	1	1	1	1	1	1	1	1	1	1	1	1	1	1	1	1	1	1	1	1	1	1	1	1	1	1	1	1	1	1	1	1	1	1	1	1	1	1	1	1	1	1	1	1	1	1	1	1	1	1	1	1	1	1	1	1	1	1	1	1	1	1	1	1	1	1	1	1	1	1	1	1	1	1	1	1	1	1	1	1	1	1	1	1	1	1	1	1	1	1	1	1	1	1	1	1	1	1	1	1	1	1	1	1	1	1	1	1	1	1	1	1	1
2022.94666696056	2	2	2	2	2	2	2	2	2	2	2	2	2	2	2	2	2	2	2	2	2	2	2	2	2	2	2	2	2	2	2	2	2	2	2	2	2	2	2	2	2	2	2	2	2	2	2	2	2	2	2	2	2	2	2	2	2	2	2	2	2	2	2	2	2	2	2	2	2	2	2	2	2	2	2	2	2	2	2	2	2	2	2	2	2	2	2	2	2	2	2	2	2	2	2	2	2	2	2	2	2	2	2	2	2	2	2	2	2	2	2	2	2	2	2	2	2	2	2	2	2	2	2	2	2	2	2	2	2	2	2	2	2	2	2	5	2	2	2	2	2	2	2	2	2	2	2	2	2	2	2	2	2	2	2	2	2	2	2	2	2	2	2	2	2	2	2	2	2	2	2	2	2	2	2	2	2	2	2	2	2	2	2	2	2	2	2	2	2	2	2	2	2	2	2	2	2	2	2	2	2	2	2	2	2	2	2	2	2	2	2	2	2	2	2	2	2	2	2	2	2	2	2	2	5	2	2	2	2	2	2	2	2	2	2	2	2	2	2	2	2	2	2	2	2	2	2	2	2	2	2	2	2	2	2	2	2	2	2	2	2	2	2	2	2	2	2	2	2	2	2	2	2	2	2	2	2	2	2	2	2	2	2	2	2	2	2	2	2	2	2	2	2	2	2	2	2	2	2	2	2	2	2	2	2	2	2	2	2	2	2	2	2	2	2	2	2	2	2	2	2	2	2	2	2	2	2	2	2	2	2	2	2	2	2	2	2	2	2	2	2	2	2	2	2	2	2	2	2	2	2	2	2	2	2	2	2	2	2	2	2	2	2	2	2	2	2	2	2	2	2	2	2	2	2	2	2	2	2	2	2	2	2	2	2	2	2	2	2	2	2	2	2	2	2	2	2	2	2	5	2	2	2	2	2	2	2	2	2	2	2	2	2	2	2	2	2	2	2	2	2	2	2	2	2	2	2	2	2	2	2	2	2	2	2	2	2	2	2	2	2	2	2	2	2	2	2	2	2	2	2	2	2	2	2	2	2	2	2	2	2	2	2	2	2	2	2	2	2	2	2	2	2	2	2	2	2	2	2	2	2	2	2	2	2	2	2	2	2	2	2	2	2	2	2	2	2	2	2	2	2	2	2	2	2	2	2	2	2	2	2	2	2	2	2	2	2	2	2	2	2	2	2	2	2	2	2	2	2	2	2	2	2	2	2	2	2	2	2	2	2	2	2	2	2	2	2	2	2	2	2	2	2	2	2	2	2	2	2	2	2	2	2	2	2	2	2	2	2	2	2	2	2	2	2	2	2	2	2	2	2	2	2	2	2	2	2	2	2	2	2	2	2	2	2	2	2	2	2	2	2	2	2	2	2	2	2	2	2	2	2	2	2	2	2	2	2	2	2	2	2	2	2	2	2	2	2	2	2	2	2	2	2	2	2	2	2	2	2	2	2	2	2	2	2	2	2	2	2	2	2	2	2	2	2	2	2	2	2	2	2	2	2	2	2	2	5	2	2	2	2	2	2	2	2	2	2	2	2	2	2	2	2	2	2	2	2	2	2	2	2	2	2	2	2	2	2	2	2	2	2	2	2	2	2	2	2	2	2	2	2	2	2	2	2	2	2	2	2	2	2	2	2	2	2	2	2	2	2	2	2	2	2	2	2	2	2	2	2	2	2	2	2	2	2	2	2	2	2	2	2	2	2	2	2	2	2	2	2	2	2	2	2	2	2	2	2	2	2	2	2	2	2	2	2	2	2	2	2	2	2	2	2	2	2	2	2	2	2	2	2	2	2	2	2	2	2	2	2	2	2	2	2	2	2	2	2	2	2	2	2	2	2	2	2	2	2	2	2	2	2	2	2	2	2	2	2	2	2	2	2	2	2	2	2	2	2	2	2	2	2	2	2	2	2	2	2	2	2	2	2	2	2	2	2	2	2	2	2	2	2	2	2	2	2	2	2	2	2	2	2	2	2	2	2	2	2	2	2	2	2	2	2	2	2	2	2	2	2	2	2	2	2	2	2	2	2	2	2	2	2	2	2	2	2	2	2	2	2	2	2	2	2	2	2	2	2	2	2	2	2	2	2	2	2	2	2	2	2	2	2	2	2	2	2	2	2	2	2	2	2	2	2	2	2	2	2	2	2	2	2	2	2	2	2	2	2	2	2	2	2	2	2	2	2	2	2	2	2	2	2	2	2	2	2	2	2	2	2	2	2	2	2	2	2	2	2	2	2	2	2	2	2	2	2	2	2	2	2	2
2022.96004397992	2	2	2	2	2	2	2	2	2	2	2	2	2	2	2	2	2	2	2	2	2	2	2	2	2	2	2	2	2	2	2	2	2	2	2	2	2	2	2	2	2	2	2	2	2	2	2	2	2	2	2	2	2	2	2	2	2	2	2	2	2	2	2	2	2	2	2	2	2	2	2	2	2	2	2	2	2	2	2	2	2	2	2	2	2	2	2	2	2	2	2	2	2	2	2	2	2	2	5	2	2	2	2	2	2	2	2	2	2	2	2	2	2	2	2	2	2	2	2	2	2	2	2	2	2	2	2	2	2	2	2	2	2	2	2	5	2	2	2	2	2	2	2	2	2	2	2	2	2	2	2	2	2	2	2	2	2	2	2	2	2	2	2	2	2	2	2	2	2	2	2	2	2	2	2	2	2	2	2	2	2	2	2	2	2	2	2	2	2	2	2	2	2	2	2	2	2	2	2	2	2	2	2	2	2	2	2	2	2	2	2	2	2	2	2	2	2	2	2	2	2	2	2	2	5	2	2	2	2	2	2	2	2	2	2	2	2	2	2	2	2	2	2	2	2	2	2	2	2	2	2	2	2	2	2	2	2	2	2	2	2	2	2	2	2	2	2	2	2	2	2	2	2	2	2	2	2	2	2	2	2	2	2	2	2	2	2	2	2	2	2	2	2	2	2	2	2	2	2	2	2	2	2	2	2	2	2	2	2	2	2	2	2	2	2	2	2	2	2	2	2	2	2	2	2	2	2	2	2	2	2	2	2	2	2	2	2	2	2	2	2	2	2	2	2	2	2	2	2	2	2	2	2	2	2	2	2	2	2	2	2	2	2	2	2	2	2	2	2	2	2	2	2	2	2	2	2	2	2	2	2	2	2	2	2	2	2	2	2	2	2	2	2	2	2	2	2	2	2	5	2	2	2	2	2	2	2	2	2	2	2	2	2	2	2	2	2	2	2	2	2	2	2	2	2	2	2	2	2	2	2	2	2	2	2	2	2	2	2	2	2	2	2	2	2	2	2	2	2	2	2	2	2	2	2	2	2	2	2	2	2	2	2	2	2	2	2	2	2	2	2	2	2	2	2	2	2	2	2	2	2	2	2	2	2	2	2	2	2	2	2	2	2	2	2	2	2	2	2	2	2	2	2	2	2	2	2	2	2	2	2	2	2	2	2	2	2	2	2	2	2	2	2	2	2	2	2	2	2	2	2	2	2	2	2	2	2	2	2	2	2	2	2	2	2	2	2	2	2	2	2	2	2	2	2	2	2	2	2	2	2	2	2	2	2	2	2	2	2	2	2	2	2	2	2	2	2	2	2	2	2	2	2	2	2	2	2	2	2	2	2	2	2	2	2	2	2	2	2	2	2	2	2	2	2	2	2	2	2	2	2	2	2	2	2	2	2	2	2	2	2	2	2	2	2	2	2	2	2	2	2	2	2	2	2	2	2	2	2	2	2	2	2	2	2	2	2	2	2	2	2	2	2	2	2	2	2	2	2	2	2	2	2	2	2	2	5	2	2	2	2	2	2	2	2	2	2	2	2	2	2	2	2	2	2	2	2	2	2	2	2	2	2	2	2	2	2	2	2	2	2	2	2	2	2	2	2	2	2	2	2	2	2	2	2	2	2	2	2	2	2	2	2	2	2	2	2	2	2	2	2	2	2	2	2	2	2	2	2	2	2	2	2	2	2	2	2	2	2	2	2	2	2	2	2	2	2	2	2	2	2	2	2	2	2	2	2	2	2	2	2	2	2	2	2	2	2	2	2	2	2	2	2	2	2	2	2	2	2	2	2	2	2	2	2	2	2	2	2	2	2	2	2	2	2	2	2	2	2	2	2	2	2	2	2	2	2	2	2	2	2	2	2	2	2	2	2	2	2	2	2	2	2	2	2	2	2	2	2	2	2	2	2	2	2	2	2	2	2	2	2	2	2	2	2	2	2	2	2	2	2	2	2	2	2	2	2	2	2	2	2	2	2	2	2	2	2	2	2	2	2	2	2	2	2	2	2	2	2	2	2	2	2	2	2	2	2	2	2	2	2	2	2	2	2	2	2	2	2	2	2	2	2	2	2	2	2	2	2	2	2	2	2	2	2	2	2	2	2	2	2	2	2	2	2	2	2	2	2	2	2	2	2	2	2	2	2	2	2	2	2	2	2	2	2	2	2	2	2	2	2	2	2	2	2	2	2	2	2	2	2	2	2	2	2	2	2	2	2	2	2	2	2	2	2	2	2	2	2	2	2	2	2	2	2	2	2	2	2	2
2022.97342099927	1	1	1	1	1	1	1	1	1	1	1	1	1	1	1	1	1	1	1	1	1	1	1	1	1	1	1	1	1	1	1	1	1	1	1	1	1	1	1	1	1	1	1	1	1	1	1	1	1	1	1	1	1	1	1	1	1	1	1	1	1	1	1	1	1	1	1	1	1	1	1	1	1	1	1	1	1	1	1	1	1	1	1	1	1	1	1	1	1	1	1	1	1	1	1	1	1	1	6	1	1	1	1	1	1	1	1	1	1	1	1	1	1	1	1	1	1	1	1	1	1	1	1	1	1	1	1	1	1	1	1	1	1	1	1	1	1	1	1	1	1	1	1	1	1	1	1	1	1	1	1	1	1	1	1	1	1	1	1	1	1	1	1	1	1	1	1	1	1	1	1	1	1	1	1	1	1	1	1	1	1	1	1	1	1	1	1	1	1	1	1	1	1	1	1	1	1	1	1	1	1	1	1	1	1	1	1	1	1	1	1	1	1	1	1	1	1	1	1	1	1	1	1	1	4	1	1	1	1	1	1	1	1	1	1	1	1	1	1	1	1	1	1	1	1	1	1	1	1	1	1	1	1	1	1	1	1	1	1	1	1	1	1	1	1	1	1	1	1	1	1	1	1	1	1	1	1	1	1	1	1	1	1	1	1	1	1	1	1	1	1	1	1	1	1	1	1	1	1	1	1	1	1	1	1	1	1	1	1	1	1	1	1	1	1	1	1	1	1	1	1	1	1	1	1	1	1	1	1	1	1	1	1	1	1	1	1	1	1	1	1	1	1	1	1	1	1	1	1	1	1	1	1	1	1	1	1	1	1	1	1	1	1	1	1	1	1	1	1	1	1	1	1	1	1	1	1	1	1	1	1	1	1	1	1	1	4	1	1	1	1	1	1	1	1	1	1	1	1	1	1	1	1	1	1	1	1	1	1	1	1	1	1	1	1	1	1	1	1	1	1	1	1	1	1	1	1	1	1	1	1	1	1	1	1	1	1	1	1	1	1	1	1	1	1	1	1	1	1	1	1	1	1	1	1	1	1	1	1	1	1	1	1	1	1	1	1	1	1	1	1	1	1	1	1	1	1	1	1	1	1	1	1	1	1	1	1	1	1	1	1	1	1	1	1	1	1	1	1	1	1	1	1	1	1	1	1	1	1	1	1	1	1	1	1	1	1	1	1	1	1	1	1	1	1	1	1	1	1	1	1	1	1	1	1	1	1	1	1	1	1	1	1	1	1	1	1	1	1	1	1	1	1	1	1	1	1	1	1	1	1	1	1	1	1	1	1	1	1	1	1	1	1	1	1	1	1	1	1	1	1	1	1	1	1	1	1	1	1	1	1	1	1	1	1	1	1	1	1	1	1	1	1	1	1	1	1	1	1	1	1	1	1	1	1	1	1	1	1	1	1	1	1	1	1	1	1	1	1	1	1	1	1	1	1	1	1	1	1	1	1	1	1	1	1	1	1	1	1	1	1	1	1	1	1	1	1	1	1	1	1	1	1	1	1	1	1	1	1	1	1	1	1	1	1	1	1	1	1	1	1	1	1	1	1	1	1	1	1	1	1	1	1	1	1	1	1	1	1	1	1	1	1	1	1	1	1	1	1	1	1	1	1	1	1	1	1	1	1	1	1	1	1	1	1	1	1	1	1	1	1	1	1	1	1	1	1	1	1	1	1	1	1	1	1	1	1	1	1	1	1	1	1	1	1	1	1	1	1	1	1	1	1	1	1	1	1	1	1	1	1	1	1	1	1	1	1	1	1	1	1	1	1	1	1	1	1	1	1	1	1	1	1	1	1	1	1	1	1	1	1	1	1	1	1	1	1	1	1	1	1	1	1	1	1	1	1	1	1	1	1	1	1	1	1	1	1	1	1	1	1	1	1	1	1	1	1	1	1	1	1	1	1	1	1	1	1	1	1	1	1	1	1	1	1	1	1	1	1	1	1	1	1	1	1	1	1	1	1	1	1	1	1	1	1	1	1	1	1	1	1	1	1	1	1	1	1	1	1	1	1	1	1	1	1	1	1	1	1	1	1	1	1	1	1	1	1	1	1	1	1	1	1	1	1	1	1	1	1	1	1	1	1	1	1	1	1	1	1	1	1	1	1	1	1	1	1	1	1	1	1	1	1	1	1	1	1	1	1	1	1	1	1	1	1	1	1	1	1	1	1	1	1	1	1	1	1	1	1	1	1	1	1	1	1	1	1	1	1	1	1	1	1	1	1	1	1	1	1	1	1	1	1	1	1	1	1	1	1	1
2022.98679801862	0	0	0	0	0	0	0	0	0	0	0	0	0	0	0	0	0	0	0	0	0	0	0	0	0	0	0	0	0	0	0	0	0	0	0	0	0	0	0	0	0	0	0	0	0	0	0	0	0	0	0	0	0	0	0	0	0	0	0	0	0	0	0	0	0	0	0	0	0	0	0	0	0	0	0	0	0	0	0	0	0	0	0	0	0	0	0	0	0	0	0	0	0	0	0	0	0	0	5	0	0	0	0	0	0	0	0	0	0	0	0	0	0	0	0	0	0	0	0	0	0	0	0	0	0	0	0	0	0	0	0	0	0	0	0	0	0	0	0	0	0	0	0	0	0	0	0	0	0	0	0	0	0	0	0	0	0	0	3	0	0	0	0	0	0	3	0	0	0	0	0	0	0	0	0	0	0	0	0	0	0	0	0	0	0	0	0	0	0	0	0	0	0	0	0	0	0	0	0	0	0	0	0	0	0	0	0	0	0	0	0	0	0	0	0	0	0	0	0	0	0	0	0	0	0	0	0	0	0	0	0	0	0	0	0	3	0	0	0	0	3	0	0	0	0	0	0	0	0	0	0	0	0	0	0	0	0	0	0	0	0	0	0	0	0	0	0	0	0	0	0	0	0	0	0	0	0	0	0	0	0	0	0	0	0	0	0	0	0	0	0	5	0	0	0	0	0	0	0	0	0	0	0	0	0	0	0	0	0	0	0	0	0	0	0	0	0	0	0	0	0	0	0	0	0	0	0	0	0	0	0	0	0	0	0	0	0	0	0	0	0	0	0	0	0	0	0	0	0	0	0	0	0	0	0	0	0	0	0	0	0	0	0	0	0	0	0	0	0	0	0	0	0	0	0	0	0	0	0	0	0	0	0	0	0	0	3	0	0	0	0	0	0	0	0	0	0	0	0	3	0	0	0	0	0	0	0	0	0	0	0	0	0	0	0	0	0	0	0	0	0	0	0	0	0	0	0	0	0	0	0	0	0	0	0	0	0	0	0	0	0	0	0	0	0	0	0	0	0	0	0	0	0	0	0	0	0	0	0	0	0	0	0	0	0	0	0	0	0	0	0	0	0	0	0	0	0	0	0	0	0	0	0	0	0	0	0	0	0	0	0	0	0	0	0	0	0	0	0	0	0	0	0	0	0	0	0	0	0	0	0	0	0	0	0	0	0	0	0	0	0	0	0	0	0	0	0	0	0	0	0	0	0	0	0	0	0	0	0	0	0	0	0	0	0	0	0	0	0	0	0	0	0	0	0	0	0	0	0	0	0	0	0	0	0	3	0	0	0	0	0	0	0	0	0	0	0	0	0	0	0	0	0	0	0	0	0	0	0	0	0	0	0	0	0	0	0	0	0	0	0	0	0	0	0	0	0	0	0	0	0	0	0	0	0	0	0	0	0	0	0	0	0	0	0	0	0	0	0	0	0	0	0	0	0	0	0	0	0	0	0	0	0	0	0	0	0	0	0	0	0	0	0	0	0	0	0	0	0	0	0	0	0	0	0	0	3	0	0	0	0	0	0	0	0	0	0	0	0	0	0	0	0	0	0	0	0	0	0	0	0	0	0	0	0	0	3	0	0	0	0	0	0	0	0	0	0	0	0	0	0	0	0	0	0	0	0	0	0	0	0	0	0	0	0	0	0	0	0	0	0	0	0	0	0	0	0	0	0	0	0	0	0	0	0	0	0	0	0	0	0	0	0	0	0	0	0	0	0	0	0	0	0	0	0	0	0	0	0	0	0	0	0	0	0	0	0	0	0	0	0	0	0	0	0	0	0	0	0	0	0	0	0	0	0	0	0	0	0	0	0	0	0	0	0	0	0	0	0	0	0	0	0	0	0	0	0	0	0	0	0	0	0	0	0	0	0	0	0	0	0	0	0	0	0	0	0	0	0	0	0	0	0	0	0	0	0	0	0	0	0	0	0	0	0	0	0	0	0	0	0	0	0	0	0	0	0	0	0	0	0	0	0	0	0	0	0	0	0	0	0	0	0	0	0	0	0	0	0	0	0	0	0	0	0	0	0	0	0	0	0	0	0	0	0	0	0	0	0	0	0	0	0	0	0	0	0	0	0	0	0	0	0	0	0	0	0	0	0	0	0	0	0	0	0	0	0	0	0	0	0	0	0	0	0	0	0	0	0	0	0	0	0	0	0	0	0	0	0	0	0	0	0	0	0	0	0	0	0	0	0	0	0	0	0	0	0	0	0	0	0	0	0	0	0	0	0	0	0	0	0	0	0	0	0	0	0	0	0	0
2023.00017503797	0	0	0	0	0	0	0	0	0	0	0	0	0	0	0	0	0	0	0	0	0	3	0	0	0	0	0	0	0	0	0	0	0	0	0	0	0	0	0	0	0	0	0	0	0	0	0	0	0	0	0	0	0	0	0	0	0	0	0	0	0	0	0	0	0	0	0	0	0	0	0	0	0	0	0	0	0	0	0	0	0	0	0	0	0	0	0	0	0	3	0	0	0	0	0	0	0	0	3	0	0	0	0	0	0	0	0	0	0	0	0	0	0	0	0	0	0	0	0	0	0	0	3	0	0	0	0	0	0	0	0	0	0	0	0	0	0	0	0	0	0	0	0	0	0	0	0	0	0	0	0	0	0	0	0	0	0	0	3	0	0	0	0	0	0	3	0	0	0	0	0	0	0	0	0	0	3	0	0	0	0	0	0	0	0	0	0	0	0	0	0	0	0	0	0	0	0	0	0	0	0	0	0	0	0	0	0	0	0	0	0	0	0	0	0	0	0	0	0	0	0	0	0	0	0	0	0	0	3	0	0	0	0	0	0	3	0	0	0	0	3	0	0	0	0	0	0	0	0	0	0	0	0	0	0	0	0	0	0	0	0	0	0	0	0	0	0	0	0	0	0	0	0	0	0	0	0	0	0	0	0	0	0	0	0	0	0	0	0	0	0	5	0	0	0	0	0	0	0	0	0	0	0	0	0	0	0	0	0	0	0	0	0	0	0	0	0	0	0	0	0	0	0	0	0	0	0	0	0	0	0	0	0	0	0	0	0	0	0	0	0	0	0	0	0	0	0	0	0	0	0	0	0	0	0	0	0	0	0	0	0	0	0	0	0	0	0	0	0	0	0	0	0	0	0	0	0	0	0	0	0	0	0	0	0	0	3	0	0	0	0	0	0	0	0	0	0	0	0	3	0	0	0	0	0	0	0	0	0	0	0	0	0	0	0	0	0	0	0	0	0	0	0	0	0	0	0	0	0	0	0	0	0	0	0	0	0	0	0	0	0	0	0	0	0	0	0	0	0	0	0	0	0	0	0	0	0	0	0	0	0	0	3	0	0	0	0	0	0	0	0	0	0	0	0	0	0	0	0	0	0	0	0	0	0	0	0	0	0	0	0	0	0	0	0	0	0	0	0	0	0	0	0	0	0	0	0	0	0	0	0	0	0	0	0	0	0	0	0	0	0	0	0	0	0	0	0	0	0	0	0	0	0	0	0	0	0	0	0	0	0	0	0	0	0	0	0	0	0	0	0	0	0	0	0	0	0	0	0	0	0	0	0	0	0	3	0	0	0	0	0	0	0	0	0	0	0	0	0	0	0	0	0	0	0	0	0	0	0	0	0	0	0	0	0	0	0	0	0	0	0	0	0	0	0	0	0	0	0	0	3	0	0	0	0	0	0	0	0	0	0	0	0	0	0	0	0	0	0	0	0	0	0	0	0	0	0	0	0	0	0	3	0	0	0	0	0	0	0	0	0	0	0	0	0	0	0	0	0	0	0	0	0	0	0	0	3	0	0	0	0	0	0	0	0	0	0	0	0	0	0	0	0	0	0	0	0	0	0	0	0	0	0	0	0	0	3	0	0	0	0	0	0	0	0	0	0	0	0	0	0	0	0	0	0	0	0	0	0	0	0	0	3	0	3	0	0	0	0	0	0	0	0	0	0	0	0	0	0	0	0	0	0	0	0	0	0	0	0	0	0	0	0	0	0	0	0	0	0	0	0	0	0	0	0	0	0	0	0	0	0	0	0	0	0	0	0	0	0	0	0	0	0	0	0	0	0	0	3	0	0	0	0	0	0	0	0	0	0	0	0	0	0	0	0	0	0	0	0	0	0	0	0	0	0	0	0	0	0	0	0	0	0	0	0	0	0	0	0	0	0	0	0	0	0	0	0	0	0	0	0	0	0	0	0	0	0	0	3	0	0	0	0	0	0	0	0	0	0	0	0	0	0	0	0	0	0	0	0	0	0	0	0	0	0	0	0	0	0	0	0	0	0	0	0	0	0	0	0	0	0	0	0	0	0	0	0	0	0	0	0	0	0	0	0	0	0	0	0	0	0	0	0	0	0	0	0	0	0	0	0	0	0	0	0	0	0	0	0	0	0	0	0	0	0	0	0	0	0	0	0	0	0	0	0	0	0	0	0	0	0	0	0	0	0	0	0	0	0	0	0	0	0	0	0	0	0	0	0	0	0	0	0	0	0	0	0	0	0	0	0	0	0	0	0	0	0	0	0	0	0	0	0	0	0	0	0	0	0	0
2023.01355205732	0	0	0	0	0	0	0	0	0	0	0	0	0	0	0	0	0	0	0	0	0	3	0	0	0	0	0	0	0	0	0	0	0	0	0	0	0	0	0	0	0	0	0	0	0	0	0	0	0	0	0	0	0	0	0	0	0	0	0	0	0	0	0	0	0	0	0	0	0	0	0	0	0	0	0	0	0	0	0	0	0	0	0	0	0	0	0	0	0	3	0	0	0	0	0	0	0	0	0	0	0	0	0	0	0	0	0	0	0	0	0	0	0	3	0	0	0	0	0	0	0	0	3	0	0	0	0	0	0	0	0	0	0	0	0	0	0	0	0	0	0	0	0	0	0	0	0	0	0	0	0	0	0	0	0	0	0	0	3	0	0	0	0	0	0	3	0	0	0	0	0	0	0	0	0	0	3	0	0	0	0	0	0	0	0	0	0	0	0	0	0	0	0	0	0	0	0	0	0	0	0	0	0	0	0	0	0	0	0	0	0	0	0	0	0	0	0	0	0	0	0	0	0	0	0	0	0	0	5	0	0	0	0	0	0	5	0	0	0	0	5	0	0	0	0	0	0	0	0	0	0	0	0	0	0	0	0	0	0	0	0	0	0	0	0	0	0	0	0	0	0	0	0	0	0	0	0	0	0	0	0	0	0	0	0	0	0	0	0	0	0	5	0	0	0	0	0	0	0	0	0	0	0	0	0	0	0	0	0	0	0	0	0	0	0	0	0	0	0	0	0	0	0	0	0	0	0	0	0	0	0	0	0	0	0	0	0	0	0	0	0	0	0	0	0	0	0	0	0	3	0	0	0	0	0	0	0	3	0	0	0	0	0	0	0	0	0	0	0	0	0	0	0	0	0	0	0	0	0	3	0	0	0	0	0	0	0	0	0	0	0	0	0	0	0	0	0	0	0	3	0	0	0	0	0	0	0	0	0	0	0	0	0	0	0	0	0	0	0	0	0	0	0	0	0	0	0	0	0	0	0	0	0	0	0	0	0	0	0	0	0	0	0	0	0	0	0	0	0	0	0	0	0	0	3	0	0	0	0	0	0	0	3	0	0	0	0	0	0	0	0	0	0	0	0	0	0	0	0	0	0	0	0	0	0	0	0	0	0	0	0	0	0	0	0	0	0	0	0	3	0	0	0	0	0	0	0	0	0	0	3	0	0	0	0	0	0	0	0	0	0	0	0	0	0	0	3	0	0	0	0	0	0	0	0	0	0	0	0	0	0	0	0	0	0	0	0	0	0	0	0	0	0	0	0	0	0	0	0	0	0	0	0	0	0	5	0	0	0	0	0	0	0	0	0	0	0	0	0	0	0	0	0	0	0	0	0	0	0	0	0	0	0	0	0	0	0	0	0	0	0	0	0	0	0	0	0	0	0	0	3	0	0	0	0	0	0	0	0	0	0	0	0	0	0	0	0	0	0	0	0	0	0	0	0	0	0	0	0	0	0	5	0	0	0	0	0	0	0	0	0	0	0	0	0	0	0	0	0	0	0	0	0	0	0	0	3	0	0	0	0	0	0	0	0	0	0	0	0	0	0	0	0	0	0	0	0	0	0	0	0	0	0	0	0	0	5	0	0	0	0	0	0	0	0	0	0	0	0	0	0	0	0	0	0	0	0	0	0	0	0	3	5	0	5	0	0	0	0	0	0	0	0	0	0	0	0	0	0	0	0	0	0	0	0	3	0	0	0	0	0	0	0	0	0	0	0	0	0	0	0	0	0	0	0	0	0	0	0	0	0	0	0	0	0	0	0	0	0	0	0	0	0	0	0	0	0	0	3	0	0	0	0	0	0	0	0	0	0	0	0	0	0	0	0	0	0	0	0	0	0	0	0	0	0	0	0	0	0	0	0	0	0	0	0	0	0	0	0	0	0	0	0	0	0	0	0	0	0	0	0	0	0	0	0	0	0	0	3	0	0	0	0	0	0	0	0	0	0	0	0	0	0	0	0	0	0	0	0	0	0	0	0	0	0	0	0	0	0	0	0	0	0	0	0	0	0	0	0	0	0	0	0	0	0	0	0	0	0	0	0	0	0	3	0	0	0	0	0	0	0	0	0	0	0	0	0	0	0	0	0	0	0	0	0	0	0	0	3	0	0	0	0	0	0	0	0	0	0	0	0	0	0	0	0	0	0	0	0	3	0	0	0	0	0	0	0	0	0	0	0	0	0	0	0	0	0	0	0	0	0	3	0	0	0	0	0	0	0	0	0	0	0	0	0	0	0	0	0	0	0	0	0	0	0	0	0	3	0	0
2023.02692907668	0	0	0	0	0	0	0	0	0	0	0	0	0	0	0	0	0	0	0	0	0	3	0	0	0	0	0	0	0	0	0	0	0	0	0	0	0	0	0	0	0	0	0	0	0	0	0	0	3	0	0	0	0	0	0	0	0	0	0	0	0	0	0	0	0	0	0	0	0	0	0	0	0	0	0	0	0	0	0	0	0	0	0	0	0	0	0	0	0	5	0	0	0	0	0	0	0	0	0	0	0	0	0	0	0	0	0	0	0	0	0	0	0	3	0	0	0	0	0	0	0	0	3	0	0	0	0	0	0	0	0	0	0	0	0	0	0	0	0	0	0	0	0	3	0	0	0	0	0	0	0	0	0	0	0	0	0	0	0	0	0	0	0	0	0	3	0	0	0	0	0	0	0	0	0	0	3	0	0	0	0	0	0	0	0	0	0	0	0	0	0	0	0	0	0	0	0	0	0	0	0	0	0	0	0	0	0	0	0	0	0	0	0	0	0	0	0	0	0	0	0	0	0	0	3	0	0	0	5	0	0	0	0	0	0	3	0	0	0	0	3	0	0	0	0	0	0	0	0	0	0	0	0	0	0	0	0	0	0	0	0	0	0	0	0	0	0	0	0	0	0	0	0	0	0	0	0	0	0	0	0	0	0	0	0	0	0	0	0	0	0	0	0	0	0	0	0	0	0	0	0	0	0	0	0	0	0	0	0	0	0	0	0	0	0	0	0	0	0	0	0	0	0	0	0	0	0	0	0	0	0	0	0	0	0	0	0	0	0	0	0	0	0	0	0	0	0	0	0	3	0	0	0	0	0	0	0	5	0	0	0	0	0	0	0	0	0	0	0	0	0	3	0	0	0	0	0	0	0	3	0	0	0	0	0	0	0	0	0	0	0	0	0	0	0	0	0	0	0	0	0	0	0	0	0	0	0	0	0	0	0	0	0	0	0	0	0	0	0	0	0	0	0	0	0	0	0	0	0	0	0	0	0	0	0	0	0	0	0	0	0	0	0	0	0	0	0	0	0	3	0	0	0	0	5	0	0	0	0	0	0	0	3	0	0	0	0	0	0	0	0	0	0	0	0	0	0	0	0	0	0	0	0	0	0	0	0	0	0	0	0	0	0	0	0	0	0	0	0	5	0	0	0	0	0	0	0	0	0	0	5	0	0	0	0	0	0	0	0	0	0	0	0	0	0	0	5	0	0	0	0	0	0	0	0	0	0	0	0	0	0	0	0	0	0	0	0	0	0	0	0	0	0	0	0	0	0	5	0	0	0	0	0	0	0	5	0	0	0	0	0	0	0	0	0	0	0	0	0	3	0	0	0	0	0	0	0	0	0	0	0	0	0	0	0	0	0	0	0	3	0	0	0	0	0	0	0	0	0	0	3	0	0	0	0	0	0	0	0	0	0	0	0	0	0	0	0	0	0	0	0	0	0	0	0	0	0	0	0	0	0	5	0	0	3	0	0	0	0	0	0	0	0	0	0	0	0	0	0	0	0	0	0	0	0	0	0	0	0	0	0	0	0	0	0	0	0	0	0	0	0	0	0	0	0	0	5	0	0	0	0	0	5	0	0	0	3	0	0	0	0	0	0	0	0	0	0	0	0	0	0	0	0	0	0	0	0	0	0	0	0	3	5	0	5	0	0	0	0	0	0	0	0	0	0	0	0	0	0	0	0	0	0	0	0	5	0	0	0	0	0	0	0	0	0	0	0	0	0	0	0	3	0	0	0	0	0	0	0	0	0	0	0	0	0	0	0	0	0	0	0	0	0	0	0	0	0	0	3	0	0	0	0	0	0	0	0	0	0	0	0	0	0	0	0	0	0	0	0	0	0	0	0	0	0	0	0	0	0	0	0	0	0	0	0	0	0	0	0	0	0	0	0	0	0	0	0	0	0	0	0	0	0	0	0	0	0	0	5	0	0	0	0	0	0	0	0	0	0	0	0	0	0	0	0	0	0	0	0	0	0	0	0	0	0	0	0	0	0	0	0	0	0	0	0	0	0	0	0	0	0	0	0	0	0	0	0	0	0	0	3	0	0	3	0	0	0	0	0	0	0	0	0	0	0	0	0	0	0	3	0	0	0	0	0	0	3	0	5	0	0	0	0	0	0	0	0	0	0	0	0	0	0	0	0	0	0	0	0	3	0	0	0	0	0	0	0	0	0	0	0	0	0	0	0	0	0	0	0	0	0	5	0	0	0	0	0	0	0	0	0	0	0	0	0	0	0	0	0	0	0	0	0	0	0	0	0	3	0	0
2023.04030609603	0	0	0	0	0	0	0	0	0	0	0	0	0	0	0	0	0	3	0	0	0	0	0	0	0	0	0	0	0	0	0	0	0	0	0	0	0	0	0	0	0	0	0	0	0	0	0	0	3	0	3	0	0	0	0	0	0	0	0	0	0	0	0	0	0	0	0	0	0	0	3	0	0	0	0	0	0	0	0	0	0	0	0	0	0	0	0	3	0	3	0	0	0	0	0	0	0	0	0	0	0	0	0	0	3	0	0	0	0	0	0	0	0	3	0	0	0	0	0	0	0	0	3	0	0	0	0	0	0	0	0	0	0	0	0	0	0	0	0	0	0	0	0	3	0	0	0	3	0	0	0	0	0	0	0	0	3	0	0	0	0	0	0	0	0	3	0	0	0	0	0	0	0	0	0	0	3	0	0	0	0	0	0	0	0	0	0	0	0	0	0	0	0	0	0	0	0	0	0	0	0	0	0	0	0	0	0	0	0	0	0	0	0	0	0	0	0	0	0	0	0	0	0	0	3	0	0	0	3	0	0	0	0	0	0	3	0	0	0	0	3	0	0	0	0	0	0	0	0	0	0	0	0	0	0	0	0	0	0	0	0	0	0	0	0	0	0	3	0	0	0	0	3	0	0	0	0	0	0	0	0	0	0	0	0	0	3	0	0	0	0	0	0	0	0	0	0	0	3	0	0	0	3	0	0	0	0	0	0	0	0	0	0	0	0	0	0	0	0	0	0	0	0	0	0	0	0	0	0	0	0	0	0	0	0	0	0	0	0	0	3	0	0	0	0	0	0	0	0	3	0	0	0	0	0	0	0	5	0	0	0	0	0	0	0	0	0	0	0	3	0	3	0	0	0	0	0	0	0	3	0	0	0	0	0	0	0	0	0	0	0	0	0	0	0	0	0	0	0	0	0	0	0	0	0	0	0	0	0	0	0	0	0	0	0	0	0	0	0	0	0	0	0	0	0	0	0	0	0	0	0	0	0	0	0	0	0	0	0	0	0	0	0	0	0	0	0	0	0	5	0	0	0	0	5	0	0	0	0	0	0	0	0	0	0	0	0	0	0	0	0	0	0	3	0	0	0	0	0	0	0	0	0	0	0	0	0	0	0	0	0	0	0	0	0	0	0	0	0	5	0	0	0	0	0	0	0	0	0	0	5	0	0	0	0	0	0	0	0	0	0	0	0	0	0	3	5	0	0	0	0	0	0	0	0	0	0	0	0	0	0	0	0	0	0	0	0	0	0	0	0	0	0	0	0	0	0	5	0	0	0	0	0	0	0	3	0	0	0	0	3	0	0	0	0	0	0	0	0	3	0	0	0	0	0	0	0	0	0	0	3	0	0	0	0	0	0	0	0	3	0	0	0	0	0	3	3	0	0	0	0	0	0	0	0	0	0	0	0	0	0	0	0	0	0	0	0	0	0	0	0	0	0	0	0	0	0	0	3	0	0	3	0	0	5	0	0	0	0	0	0	0	0	0	0	0	0	0	0	3	0	0	0	0	0	0	0	0	0	0	0	0	0	0	0	3	0	0	0	0	0	0	0	0	0	0	5	0	0	0	0	3	5	0	0	0	3	0	0	0	0	0	0	0	0	0	0	0	0	0	0	0	0	0	0	0	0	0	0	0	0	3	3	0	5	0	0	0	0	0	0	0	0	0	0	0	0	0	3	0	0	0	0	0	0	5	0	0	0	0	0	0	0	0	0	0	0	0	0	0	0	3	0	0	0	0	0	0	0	0	0	0	0	0	0	0	0	0	0	0	0	3	0	0	0	0	3	0	0	0	3	0	0	0	0	0	0	0	0	0	0	0	0	0	0	0	0	0	0	0	0	0	0	0	0	0	0	0	0	0	0	0	0	0	0	0	0	0	0	0	0	0	0	0	0	0	0	0	0	0	0	0	0	0	0	0	0	0	3	0	0	0	0	0	0	0	0	0	0	0	0	0	0	0	0	0	0	0	0	0	0	0	0	3	0	0	0	0	0	0	0	0	5	0	0	0	0	3	0	0	0	0	0	0	3	0	0	0	0	0	3	0	0	3	0	0	0	0	0	0	0	0	0	0	0	0	0	0	0	3	0	0	0	0	0	0	3	0	5	0	0	0	0	0	0	0	3	0	0	0	0	0	0	0	0	0	0	0	0	3	0	0	0	0	0	3	0	0	0	0	0	0	0	0	0	0	0	0	0	0	0	5	0	0	0	0	0	0	0	0	0	0	0	0	0	0	0	3	0	0	0	0	0	0	0	0	0	5	0	0
2023.05368311538	0	0	3	0	0	0	0	0	0	0	0	0	0	0	3	0	0	3	0	0	0	0	0	0	0	0	0	0	0	0	0	0	0	0	0	0	0	0	0	0	0	0	0	0	0	0	0	0	3	0	3	0	3	0	0	0	0	0	0	0	0	0	0	0	0	0	0	0	0	0	3	0	0	0	0	0	0	0	0	0	0	3	0	0	0	0	0	5	0	3	0	0	3	0	0	0	0	0	0	0	0	0	0	0	3	0	3	5	0	0	0	3	0	0	3	0	0	0	0	0	0	0	3	0	0	0	0	0	0	0	0	0	0	0	0	0	0	0	0	0	0	0	3	3	0	0	3	5	0	0	0	0	0	0	0	0	3	0	3	0	0	0	0	0	0	3	0	0	0	0	0	0	0	0	0	0	3	0	0	0	0	0	0	0	3	0	3	0	0	0	0	0	0	0	0	0	0	0	3	0	0	0	0	0	0	0	0	0	0	0	0	0	0	0	0	0	0	0	0	0	0	0	0	0	3	0	0	0	0	3	0	0	0	3	0	0	0	0	0	0	0	0	0	0	0	0	0	0	0	3	3	0	0	0	0	0	0	0	3	0	0	0	0	0	0	0	0	3	0	0	0	0	3	0	0	0	0	0	0	0	0	0	3	0	0	0	5	5	0	0	0	0	0	0	0	0	0	0	3	0	0	0	3	0	0	0	0	0	0	0	0	0	3	0	0	0	0	0	0	0	0	0	0	0	0	0	0	0	0	0	0	0	0	0	0	0	0	0	0	0	3	0	0	0	0	0	0	0	0	0	0	0	0	0	0	0	0	5	0	0	0	0	0	0	0	0	0	0	0	3	0	5	0	0	0	0	0	0	0	0	0	0	0	0	0	0	3	0	0	0	0	0	0	0	0	5	0	0	3	0	0	0	0	0	3	0	0	0	0	0	0	0	0	0	0	0	0	0	0	0	0	0	0	0	0	0	0	0	0	0	0	0	0	0	0	0	0	0	0	0	0	0	0	3	0	0	0	0	0	5	0	0	0	0	5	0	0	0	0	0	0	0	0	0	0	0	0	0	0	0	0	0	0	3	0	0	3	0	0	0	0	0	0	3	0	0	0	0	0	0	0	0	0	0	0	0	0	0	0	3	0	0	0	0	0	0	0	0	0	0	5	0	0	0	0	0	0	0	0	0	0	0	0	0	0	3	5	0	0	0	0	0	0	0	0	0	0	3	0	3	3	0	3	3	0	0	0	0	0	3	0	0	0	3	0	0	0	5	0	3	0	0	0	0	0	0	0	0	0	0	3	0	0	0	0	0	0	3	0	5	0	3	0	0	0	3	0	0	0	5	3	0	0	0	0	0	0	0	0	3	0	0	0	0	0	3	3	0	0	3	0	0	0	0	0	0	0	0	0	0	0	0	0	0	0	0	0	0	0	0	0	0	0	0	0	0	0	0	3	0	0	0	0	0	5	0	3	0	0	0	0	0	0	0	0	3	0	0	5	3	0	0	0	0	0	0	0	0	0	0	0	0	0	0	0	3	0	0	0	0	0	0	0	0	0	0	5	0	0	0	0	3	5	0	0	0	0	0	0	0	0	0	0	0	0	0	3	0	0	0	0	0	0	0	0	0	0	0	0	0	0	0	0	0	0	0	0	3	3	0	0	0	0	0	3	3	0	0	3	3	0	0	0	3	0	5	0	0	0	0	0	0	0	0	0	0	0	0	0	0	0	3	0	0	0	3	0	3	0	0	3	0	0	3	0	0	3	3	0	0	0	5	0	0	0	0	3	0	0	0	3	0	0	0	0	0	0	0	0	0	0	0	0	0	0	0	0	3	0	0	0	0	0	0	0	0	0	0	0	0	0	0	3	0	0	0	0	3	0	0	0	0	0	0	0	0	0	3	0	0	0	0	0	3	3	0	0	0	3	0	0	0	0	0	0	0	0	0	0	0	0	0	0	0	0	0	0	0	0	0	0	0	0	3	0	0	0	3	0	0	0	0	5	0	0	0	0	3	0	0	0	0	0	0	5	0	0	0	0	0	3	0	0	3	0	3	0	0	0	0	0	0	0	3	0	0	0	0	5	5	0	0	0	3	0	0	3	0	5	0	0	0	0	0	0	0	3	0	0	0	0	0	0	0	0	0	0	0	0	0	3	0	0	0	0	3	0	0	3	0	0	0	0	0	0	0	3	0	0	0	0	3	0	0	0	0	0	0	0	0	0	0	0	0	0	0	0	3	0	0	0	0	0	3	0	0	0	3	0	0
2023.06706013473	0	0	3	0	0	0	0	0	0	0	0	0	0	0	3	0	0	3	0	0	0	0	0	0	0	0	0	0	0	0	0	0	0	0	0	0	0	0	0	0	0	0	0	3	0	0	0	0	0	0	3	0	3	0	0	0	0	0	0	0	0	0	0	0	0	0	0	0	0	0	3	0	0	0	0	0	0	0	0	0	3	3	0	0	0	0	0	5	0	3	0	0	3	0	0	0	0	0	0	0	0	0	0	0	3	0	5	5	0	0	0	3	0	0	3	0	0	0	0	0	0	0	3	0	0	0	3	0	0	0	0	0	0	0	0	0	0	0	0	0	0	0	3	0	0	0	3	5	0	0	0	0	0	0	0	0	3	0	3	0	0	0	0	0	0	0	0	0	0	0	0	0	0	0	0	0	3	0	0	0	0	0	0	0	5	0	3	0	0	0	0	0	0	0	0	0	0	0	3	0	0	0	0	0	0	0	3	0	0	0	0	0	0	0	0	0	0	0	0	0	0	0	0	0	0	3	0	0	0	5	0	0	3	5	0	0	0	0	0	0	0	0	0	3	0	0	0	0	0	3	3	3	0	0	0	0	0	0	3	0	0	0	3	0	0	0	0	3	0	0	0	3	5	0	0	0	0	0	0	0	0	0	5	0	0	0	5	5	0	0	0	0	0	0	0	0	0	3	3	0	0	0	3	0	0	0	0	0	0	0	0	3	5	0	0	0	0	0	0	0	0	0	0	0	0	0	0	0	0	0	3	0	0	0	0	0	0	0	0	0	3	0	0	0	0	0	0	0	0	3	0	0	0	0	0	0	0	0	0	0	0	0	0	0	0	0	0	0	0	3	0	5	0	3	0	0	0	0	0	0	0	0	0	0	0	0	3	0	3	0	0	0	0	0	0	5	0	0	3	0	0	0	0	0	3	0	0	0	0	0	0	0	0	0	0	0	0	0	0	0	0	0	0	0	0	0	0	0	0	0	0	0	0	0	0	0	0	0	0	0	0	0	0	5	0	0	0	0	0	5	0	0	0	0	0	0	0	0	0	0	0	0	0	0	0	0	0	0	0	0	0	0	0	3	0	0	5	0	0	0	0	0	0	3	0	0	0	0	0	3	0	0	0	0	0	0	0	0	0	0	0	0	0	3	0	0	0	0	0	0	0	0	3	0	0	0	0	0	0	0	0	0	0	0	0	3	0	0	0	0	0	0	0	0	0	0	0	3	0	3	5	0	3	3	0	0	0	0	0	5	0	0	0	3	0	0	0	3	0	3	0	0	0	0	0	0	0	0	0	0	3	0	0	0	0	0	0	5	0	3	0	3	0	0	0	5	3	0	0	5	3	0	0	0	0	0	0	3	0	0	0	0	0	0	0	3	3	0	0	3	0	0	0	0	0	0	0	0	0	0	0	0	0	0	0	0	0	0	0	0	3	0	0	3	0	0	0	3	3	0	0	0	3	0	5	3	5	0	0	0	0	0	0	0	0	3	0	0	5	3	0	0	0	0	0	0	0	0	0	0	0	0	3	0	0	3	0	0	0	0	0	0	0	0	0	0	3	0	0	3	3	3	3	0	0	0	0	0	0	0	0	0	0	0	0	0	5	0	0	0	0	0	0	0	0	0	0	0	0	0	0	0	0	0	0	0	0	3	3	0	0	0	0	0	3	3	0	0	3	5	0	0	0	3	0	0	0	0	0	0	0	0	0	0	0	3	0	0	0	0	0	3	0	0	0	3	0	3	0	0	3	0	0	3	0	0	3	3	0	0	0	5	0	0	0	0	3	3	0	0	3	0	0	0	0	0	0	0	0	0	0	0	0	0	0	0	0	3	0	3	0	0	0	0	0	0	0	0	3	0	0	0	3	0	0	0	0	3	3	0	0	0	0	0	0	0	0	3	0	0	0	0	0	3	3	0	0	0	3	0	0	0	0	0	0	0	0	0	0	0	0	0	3	0	0	0	0	0	3	0	0	0	0	3	0	0	0	3	0	0	0	0	5	3	0	0	0	3	0	0	0	0	0	0	5	0	3	0	0	0	0	0	0	3	0	3	0	0	0	0	3	0	0	5	0	0	0	0	5	3	0	0	0	3	3	0	3	0	0	0	0	0	0	3	0	0	3	0	0	0	0	0	0	0	0	5	0	0	0	0	5	0	0	0	0	3	0	0	3	0	0	0	0	0	0	0	3	0	0	3	0	0	0	0	0	0	0	0	0	0	0	0	0	0	0	0	0	3	0	0	0	0	0	3	0	0	0	3	0	0
2023.08043715408	0	0	3	0	0	3	0	0	0	3	0	3	0	0	5	0	0	3	0	3	0	0	0	0	0	0	0	0	0	0	0	0	0	0	0	0	0	3	0	3	0	0	0	3	0	0	0	0	0	0	3	0	3	0	0	0	0	0	0	0	0	3	3	0	0	3	0	0	0	0	0	0	3	0	0	0	0	0	0	0	3	3	0	0	0	0	5	3	0	0	0	0	5	3	0	0	0	0	0	3	0	0	0	3	3	0	5	5	0	0	0	3	0	0	3	3	0	0	0	0	0	0	0	0	0	0	3	0	0	0	0	0	0	3	0	0	0	0	0	0	0	0	5	0	0	0	5	3	0	3	0	0	0	0	0	0	0	0	3	0	3	0	0	0	0	0	0	0	0	0	0	0	0	0	0	0	0	3	0	3	3	0	0	0	5	0	3	0	0	0	3	0	0	5	0	0	0	0	3	0	0	5	0	0	3	0	5	0	0	0	3	0	0	0	0	0	0	0	0	0	0	0	0	0	0	5	0	0	0	5	0	3	3	5	0	0	0	0	0	0	0	0	0	3	0	0	0	0	0	3	3	5	0	0	0	0	3	0	5	0	0	0	3	0	3	0	0	3	0	0	0	5	3	0	0	0	0	0	0	0	0	0	5	0	0	0	3	5	0	0	0	0	0	0	0	0	0	5	3	3	0	0	3	0	0	0	0	0	0	0	3	3	5	0	0	0	0	0	0	0	0	0	0	0	3	0	3	0	0	0	3	0	0	3	0	0	0	0	0	0	0	3	0	5	0	0	0	0	0	3	0	0	0	0	0	0	0	0	0	0	3	0	0	0	0	0	0	0	0	3	0	3	0	3	3	0	0	0	0	3	0	0	0	3	0	0	3	0	5	0	0	0	0	0	0	5	0	0	3	0	0	0	0	0	3	3	0	3	0	0	0	0	0	0	0	0	0	0	0	0	3	0	0	0	0	0	0	0	0	3	0	0	0	0	0	0	3	0	0	0	0	0	0	5	3	0	0	0	5	0	0	0	0	0	0	0	0	0	0	0	3	0	3	0	0	0	3	0	0	3	0	0	0	0	0	0	5	0	3	0	0	0	0	3	0	0	3	0	0	3	3	0	5	0	0	0	0	0	0	0	0	0	0	5	0	0	0	0	0	0	0	0	5	0	0	0	0	3	0	3	0	0	0	0	0	0	0	0	0	3	0	3	0	0	0	3	0	3	0	3	5	0	3	5	0	0	0	0	0	5	0	0	0	3	0	0	0	0	0	3	0	0	0	0	0	0	0	0	0	0	3	0	0	0	0	0	0	5	0	3	0	3	0	0	0	5	3	0	3	5	0	0	0	0	0	3	3	3	0	3	3	0	0	0	0	0	0	0	0	3	0	0	0	0	3	0	0	3	0	0	0	0	0	0	0	0	3	0	0	0	3	3	0	3	0	0	0	3	0	3	0	0	3	0	0	5	5	0	0	0	0	0	0	0	0	3	0	0	5	0	0	0	0	3	0	0	0	0	0	0	3	0	3	0	0	3	0	0	0	0	0	3	0	0	0	0	0	0	0	3	3	0	0	0	0	0	0	0	3	0	0	0	0	0	0	0	5	0	0	0	0	0	0	0	0	0	0	0	0	0	0	0	0	0	0	0	0	3	3	0	0	0	0	0	3	5	3	0	3	5	0	0	0	3	0	0	0	0	0	0	0	0	0	0	0	5	0	0	3	0	0	0	0	0	0	5	0	3	0	0	5	0	0	3	0	0	3	3	3	0	0	3	0	0	0	0	0	5	3	0	0	0	0	0	0	3	0	0	0	0	0	0	0	0	0	5	0	3	0	5	0	0	0	0	0	0	0	0	3	0	0	0	3	0	0	0	0	3	3	0	0	0	5	0	0	0	0	5	0	0	0	0	0	3	3	0	0	0	0	0	3	0	0	0	3	0	0	0	3	0	0	0	5	0	0	0	0	0	3	0	0	0	0	0	0	0	0	3	0	3	0	0	0	5	0	0	0	3	0	0	3	0	0	0	3	0	3	0	0	0	3	0	3	3	0	3	0	0	0	0	3	3	0	5	0	0	0	0	5	3	0	0	0	3	5	0	3	0	0	0	0	0	0	5	3	0	0	0	0	0	0	3	0	0	0	5	0	0	0	0	5	0	0	0	0	3	0	0	3	0	0	0	5	0	0	0	3	0	0	3	0	0	0	0	0	3	0	0	0	0	0	0	0	0	0	0	0	3	0	0	0	0	0	5	0	0	0	0	0	0
2023.09381417343	0	0	0	0	0	3	3	0	0	5	0	5	0	0	3	0	0	3	3	3	5	0	0	0	0	0	0	0	0	0	0	0	3	0	0	0	0	3	0	5	0	0	0	3	3	0	0	0	0	0	3	0	3	0	3	0	0	0	0	0	0	3	5	3	0	5	0	0	0	0	3	0	3	0	0	0	0	0	3	0	3	0	0	0	0	0	5	0	0	0	0	3	3	3	0	0	0	0	0	5	0	3	0	5	3	0	3	0	0	0	0	3	0	0	0	5	0	0	0	0	3	0	0	3	0	0	5	0	0	3	3	0	0	3	0	5	3	0	0	0	0	0	3	0	0	0	3	0	0	3	0	0	0	0	0	0	3	0	0	0	3	0	0	0	0	0	0	0	0	0	0	0	0	0	0	0	0	5	0	5	5	0	0	0	3	0	3	0	0	3	3	3	3	5	0	0	0	0	3	0	0	5	0	0	3	3	5	0	0	0	3	0	0	0	0	0	0	0	0	0	0	3	0	0	0	5	0	0	0	3	0	3	5	3	0	0	0	0	3	0	0	5	0	3	0	0	0	0	0	0	0	5	0	0	0	0	3	0	3	0	0	0	5	0	5	0	0	3	0	0	0	5	3	0	0	0	0	0	0	3	3	0	3	0	5	0	0	0	0	0	0	0	0	0	0	0	0	5	3	3	0	0	3	0	0	0	0	0	0	0	3	5	3	0	0	0	3	0	0	0	0	0	0	0	3	0	5	0	0	0	5	0	0	3	0	0	0	0	0	0	3	5	0	5	0	0	0	0	0	3	0	0	0	0	0	0	0	0	0	0	3	0	0	0	0	0	0	0	3	3	0	0	0	5	3	0	0	0	0	3	0	0	0	3	0	0	0	0	5	0	0	0	0	0	0	0	0	5	3	0	0	0	0	0	0	3	0	3	0	0	3	0	0	0	0	0	3	0	0	0	5	0	0	0	0	3	3	0	0	3	0	0	0	0	0	0	3	0	0	0	0	0	0	3	5	0	0	0	5	0	0	0	3	0	0	0	0	0	0	0	3	0	3	0	0	0	3	0	0	3	0	0	3	3	3	0	3	0	3	0	0	0	0	3	0	0	5	3	0	5	3	0	5	0	0	0	0	0	0	0	0	0	0	5	0	0	0	0	0	0	0	0	5	3	0	0	0	5	3	3	0	0	3	0	0	3	0	0	0	3	0	3	0	0	0	3	0	3	0	0	3	0	3	3	0	0	0	0	0	3	0	0	0	0	0	0	0	0	0	3	0	0	0	0	0	0	0	0	0	0	3	0	0	0	0	0	0	3	0	0	0	3	0	3	3	3	5	0	3	0	3	0	3	0	0	5	5	3	0	3	3	0	0	0	0	3	3	0	0	5	0	0	0	0	3	0	0	3	0	0	0	0	3	0	0	0	5	0	0	0	3	3	0	5	0	0	0	3	0	3	0	0	5	3	0	5	3	0	0	0	0	0	0	0	0	3	0	0	0	3	0	0	0	3	0	0	0	0	0	5	3	0	3	0	0	0	0	0	0	0	0	3	0	3	0	0	0	0	0	5	3	3	0	0	0	0	0	3	3	0	3	0	0	0	0	0	3	0	0	0	0	0	0	0	0	3	0	0	0	0	0	0	0	0	0	0	0	0	0	0	0	0	3	0	0	3	3	0	3	3	0	3	3	0	0	0	0	0	0	0	0	0	0	0	0	5	0	0	3	0	0	3	0	0	5	3	0	0	5	0	3	0	0	0	5	0	3	0	3	0	0	0	0	0	0	0	3	5	3	3	0	0	0	0	0	3	0	0	0	0	0	0	0	0	0	5	0	0	0	5	3	0	0	0	3	0	0	0	3	0	0	0	3	0	0	0	0	0	5	0	3	0	5	0	0	0	0	3	0	0	0	0	0	3	3	0	3	0	0	0	5	0	3	0	3	0	0	0	5	0	0	0	5	0	3	0	0	0	3	3	3	0	0	3	0	0	0	3	0	3	0	3	0	5	0	0	3	3	0	0	3	0	0	0	0	0	3	0	0	0	3	0	3	0	0	0	0	0	0	0	5	3	0	3	0	0	0	0	0	0	0	0	0	5	5	0	3	0	0	0	0	0	0	5	3	0	0	0	0	0	3	5	3	0	0	5	0	3	0	0	3	0	0	0	0	3	0	0	3	0	0	0	5	0	0	0	5	0	0	3	0	0	0	0	0	3	0	0	0	0	0	0	0	0	0	0	0	3	0	0	0	0	3	3	0	0	0	0	0	0
2023.10719119279	0	0	0	3	3	3	5	0	0	5	0	5	0	0	3	3	0	3	3	3	5	0	0	0	3	0	3	0	0	0	0	0	3	0	0	3	0	3	0	5	0	0	0	3	3	3	0	0	0	0	3	0	3	0	3	0	0	0	0	0	0	5	5	5	0	5	0	0	0	0	3	0	3	3	0	0	0	0	3	0	3	0	0	0	0	3	5	0	0	0	3	3	3	3	0	0	0	3	0	5	0	3	5	5	3	0	0	0	0	3	0	3	0	3	0	5	0	0	0	0	5	0	0	5	3	0	3	3	0	3	5	0	5	3	0	5	5	0	0	3	0	0	3	0	0	0	3	0	0	5	0	0	0	0	0	0	3	0	0	0	3	0	3	0	0	0	3	3	0	0	0	0	0	0	3	0	0	5	0	5	5	0	3	0	0	0	3	0	0	3	3	3	3	5	0	0	0	3	3	0	0	5	0	0	5	5	3	0	0	0	3	3	3	0	0	0	0	0	0	3	0	3	0	0	0	3	3	0	0	0	0	3	5	0	0	0	0	0	3	0	0	5	5	0	0	0	0	0	0	0	3	3	0	0	0	0	5	3	3	0	3	0	3	0	5	0	0	3	0	0	0	3	0	3	3	0	3	0	0	3	3	0	0	0	5	0	0	0	0	0	0	0	0	0	0	3	0	3	3	3	0	0	3	0	0	0	0	0	0	0	3	3	0	0	0	3	3	0	0	0	0	0	0	0	3	0	5	0	0	0	3	0	0	5	0	0	0	0	0	0	3	5	0	5	0	0	3	0	0	3	3	0	3	0	0	0	0	0	0	0	3	0	0	3	0	0	0	0	3	3	0	0	0	3	5	3	0	0	0	3	0	0	0	5	0	0	0	0	3	0	0	0	0	3	0	0	0	5	3	0	0	0	0	0	0	5	0	3	0	0	5	0	0	0	0	0	3	0	0	0	5	0	0	0	0	3	3	0	0	3	0	0	0	0	0	0	3	0	0	0	0	0	0	0	5	0	0	0	5	0	0	0	3	0	0	0	0	0	0	0	3	0	3	3	3	0	5	0	0	5	0	0	3	3	3	0	0	0	3	0	3	3	0	3	0	0	5	5	0	3	3	0	5	0	5	0	0	0	0	0	0	0	3	3	0	0	0	0	0	0	0	0	3	3	3	0	0	5	3	5	0	0	3	0	0	3	0	0	0	3	0	3	0	3	0	3	0	3	0	0	3	0	3	3	0	0	0	0	0	0	0	0	3	3	0	0	0	0	0	3	0	3	0	0	0	0	0	0	0	0	3	0	0	0	0	0	0	0	0	0	0	3	0	3	5	0	3	0	5	0	3	3	5	0	0	5	5	0	0	3	3	0	3	0	0	3	3	0	0	3	0	0	0	0	5	0	0	5	0	0	0	0	3	0	0	0	5	0	0	0	0	5	0	5	0	3	0	0	0	5	0	0	3	3	0	3	0	0	0	0	0	5	0	0	0	3	3	0	0	3	0	0	0	5	0	0	0	0	0	5	3	0	3	0	0	0	0	0	0	0	0	3	0	3	0	0	0	0	0	3	0	3	0	0	0	0	0	3	3	0	3	0	0	0	0	0	0	0	0	3	0	0	0	0	0	3	0	0	0	0	0	3	0	0	0	0	0	3	0	5	0	0	3	0	0	3	3	0	3	0	0	3	3	0	0	0	0	0	3	0	0	0	0	3	0	3	0	3	3	0	0	3	0	0	5	3	0	3	5	0	3	0	0	0	5	0	0	0	3	0	0	0	0	3	0	0	3	3	3	3	3	0	0	0	3	5	3	0	0	0	0	0	0	3	0	5	0	0	0	3	3	0	0	0	3	0	0	0	0	0	0	0	0	0	0	0	0	3	3	0	3	0	5	0	0	0	0	3	0	3	0	0	0	3	3	3	3	0	0	0	5	0	3	3	5	0	0	0	5	0	0	0	3	0	5	0	0	0	0	3	3	0	0	3	0	0	0	3	0	5	0	3	0	3	0	3	3	3	5	0	3	0	0	0	0	0	0	0	0	0	3	0	3	0	0	0	0	0	0	0	3	3	0	0	0	0	3	0	0	0	0	3	0	3	3	0	0	0	0	0	0	0	0	3	3	0	0	0	0	0	3	5	5	0	0	0	0	5	0	3	0	0	0	0	0	3	0	0	3	0	0	0	5	0	0	0	3	0	3	0	0	0	0	0	0	3	0	0	3	0	0	0	0	0	0	0	0	3	0	0	0	0	3	3	0	0	0	0	0	0
2023.12056821214	3	5	0	5	5	3	5	3	0	3	0	5	0	0	0	5	5	0	3	3	5	0	0	3	3	0	5	0	0	0	0	0	5	0	0	3	0	5	0	3	0	0	0	3	5	3	0	0	3	0	0	0	3	0	3	0	3	0	0	3	0	3	3	5	0	5	3	0	0	0	3	0	3	3	0	3	0	0	5	0	3	0	0	0	0	3	0	0	3	0	5	3	0	3	0	0	0	5	0	3	0	5	5	3	0	0	0	0	0	3	0	3	0	3	0	3	0	5	0	0	5	0	0	5	3	3	3	3	0	5	5	0	5	5	0	5	5	3	0	5	0	0	0	0	0	0	0	0	0	3	3	0	0	0	0	0	3	0	0	0	5	0	5	0	0	0	3	3	0	0	3	0	0	3	3	0	0	5	0	3	3	0	3	0	0	0	3	0	0	5	0	5	3	3	0	0	0	3	3	0	0	3	0	0	3	5	0	0	0	3	3	3	5	3	0	0	0	3	0	5	0	5	0	0	0	0	3	3	0	0	0	3	3	0	0	0	3	0	5	3	0	5	5	3	0	0	0	0	5	0	3	0	0	0	0	0	3	3	0	3	3	0	3	0	3	0	0	0	0	0	0	0	0	3	5	0	3	0	0	5	5	3	0	0	5	0	0	0	5	0	0	0	0	0	0	5	0	0	0	0	0	0	0	0	0	0	0	0	0	0	3	3	0	0	0	3	3	0	0	3	0	0	0	5	0	0	3	3	0	0	3	3	0	5	0	0	0	0	0	0	3	3	3	0	0	0	3	0	0	0	5	0	3	3	0	0	5	0	0	0	0	0	0	3	0	0	0	0	3	0	0	0	0	3	3	3	0	0	0	0	0	3	0	5	0	0	0	0	0	0	0	0	0	5	0	0	5	5	3	0	0	0	0	0	0	3	0	3	0	3	5	0	0	0	0	3	5	3	3	0	3	0	0	0	0	3	3	0	0	0	3	0	0	0	0	0	0	0	0	0	0	0	0	0	5	3	0	0	0	0	0	3	5	0	0	0	0	0	0	0	0	0	0	5	3	0	5	0	0	3	0	0	3	3	3	0	0	3	0	0	3	3	3	3	5	0	3	5	0	3	0	0	3	0	5	0	3	0	0	0	0	0	3	0	0	0	0	0	0	0	0	5	0	5	5	0	0	3	3	3	0	3	3	0	0	3	0	0	0	3	0	5	0	5	3	3	0	3	3	3	0	0	3	0	0	0	3	0	0	0	0	0	3	3	0	3	0	0	0	3	3	3	0	0	0	0	0	0	0	0	0	0	3	0	0	3	0	0	0	0	3	3	0	5	5	0	3	0	3	0	3	3	5	0	0	3	3	3	0	0	3	0	3	0	0	3	3	0	5	3	0	3	0	3	5	3	0	3	0	0	0	3	3	0	0	0	3	0	0	0	3	3	3	3	3	5	3	0	3	3	0	0	3	5	0	0	0	0	0	0	0	5	5	3	0	3	3	0	0	3	0	0	0	3	3	0	0	0	0	5	3	0	3	0	0	0	0	0	0	0	5	0	3	5	0	0	0	0	3	3	0	3	0	0	0	0	0	3	3	0	3	0	0	0	0	0	0	0	0	3	3	0	3	0	0	3	0	0	0	0	0	3	0	3	0	0	0	3	3	5	0	3	5	0	0	0	3	0	0	0	0	5	3	0	0	0	0	0	3	0	0	0	0	3	0	0	0	5	0	0	0	3	5	0	5	0	0	3	5	0	0	0	0	0	5	0	0	0	0	0	0	0	0	3	0	0	3	0	0	3	3	0	0	0	3	3	3	0	3	0	0	0	0	3	0	3	0	0	0	0	3	0	0	0	3	3	0	0	0	0	0	0	3	0	0	0	0	3	3	0	5	0	0	3	3	0	0	0	3	5	3	0	0	3	3	3	3	0	0	0	3	0	3	3	5	0	0	0	3	0	0	0	0	0	5	0	3	0	0	3	5	0	0	3	0	0	0	3	0	5	0	3	0	0	0	5	3	0	5	0	0	3	0	0	0	0	0	0	0	0	0	0	0	0	0	0	3	0	0	0	3	0	5	0	0	0	3	0	0	0	0	3	0	3	0	0	0	0	0	0	0	0	0	0	0	0	3	0	0	0	3	3	5	0	0	0	0	5	0	3	0	0	3	0	0	0	0	0	3	0	0	0	0	0	3	0	3	3	3	3	3	0	0	0	3	5	0	0	3	0	0	0	0	0	0	0	3	0	0	0	0	0	5	0	0	3	0	0	0	0
2023.13394523149	3	5	0	5	5	3	3	3	0	0	0	0	5	0	0	5	5	0	0	3	0	0	3	3	3	3	5	0	3	3	0	0	3	0	0	3	3	3	3	0	5	0	0	3	3	3	0	3	3	0	0	0	0	0	3	0	5	0	0	3	3	3	0	3	0	0	3	0	3	0	0	0	3	3	0	3	0	0	3	0	3	3	0	3	3	3	0	0	3	0	5	0	0	3	0	0	0	5	0	0	3	3	5	0	0	0	0	0	0	3	3	0	0	3	0	3	0	5	0	0	3	0	0	3	3	3	0	3	0	3	3	3	5	3	0	3	3	3	0	5	0	0	0	0	0	0	0	0	0	3	3	0	0	0	0	0	0	0	0	3	3	0	5	3	0	0	3	3	0	0	3	3	0	5	3	0	0	3	3	0	0	0	3	3	0	5	0	0	0	3	0	3	3	0	3	0	0	3	0	0	3	0	0	0	3	3	0	0	0	5	3	3	5	3	0	0	0	5	0	5	3	3	0	0	0	0	3	3	0	0	3	3	0	0	0	0	3	0	3	3	0	0	5	3	0	0	0	0	5	0	3	0	0	0	0	0	3	3	0	5	3	0	0	0	0	0	0	0	3	0	0	0	0	5	5	0	3	3	3	3	3	3	0	0	0	0	0	0	5	0	0	0	3	0	0	5	3	0	0	3	0	0	0	3	0	0	0	0	0	0	3	0	0	0	3	3	0	0	0	5	0	0	0	5	3	0	0	3	0	0	0	3	3	3	0	0	0	0	0	0	0	0	3	0	0	0	3	0	0	0	5	0	3	3	0	0	5	0	0	0	0	0	3	3	5	0	0	0	0	0	3	0	0	0	3	5	3	0	0	0	0	5	0	3	0	0	0	3	0	0	3	0	0	5	0	0	5	0	0	0	3	0	0	5	3	3	0	3	0	3	3	3	0	0	0	5	3	3	3	0	0	0	3	0	0	0	0	3	0	0	3	0	0	0	0	3	0	3	0	0	0	3	0	0	3	3	0	0	0	0	0	3	3	0	0	0	0	0	3	0	3	0	0	5	3	0	3	0	0	3	0	0	3	0	0	0	0	5	3	3	3	3	5	0	5	0	0	3	0	0	3	3	0	0	5	0	3	3	0	0	0	0	3	0	3	3	0	0	0	3	0	5	0	3	5	0	0	0	3	3	0	5	0	0	3	0	0	3	0	0	0	3	3	5	3	3	0	3	3	3	0	0	3	0	3	3	3	3	0	0	0	3	5	3	0	3	0	0	5	3	3	5	0	0	5	0	0	0	0	0	0	3	3	3	0	3	0	0	3	0	3	0	0	3	5	0	0	0	3	0	0	5	3	0	0	0	0	3	3	0	3	3	3	0	0	0	0	0	5	0	0	3	0	5	3	3	0	3	0	5	0	3	0	0	0	3	0	0	3	0	3	3	5	0	5	5	5	0	3	3	0	0	0	3	0	0	0	3	3	0	0	5	5	3	0	0	3	0	0	0	0	0	0	3	3	0	0	0	0	0	3	0	3	0	0	0	0	5	3	0	5	3	3	3	0	5	0	0	3	0	0	0	0	3	0	0	0	3	3	0	0	0	0	0	0	5	0	0	0	3	3	0	3	0	3	0	0	0	3	0	0	3	0	3	0	0	3	3	3	5	0	3	3	0	0	0	3	3	0	0	0	3	3	0	3	0	0	3	3	3	0	0	3	3	0	0	0	5	3	0	0	3	5	0	0	0	0	3	0	0	0	0	0	0	0	0	0	0	3	3	0	0	0	3	0	0	0	0	0	3	3	0	3	0	3	3	3	0	3	3	0	0	3	3	0	0	0	0	0	0	3	3	0	0	0	3	0	0	0	0	5	0	3	0	0	0	5	3	0	3	3	3	0	3	3	0	0	0	5	5	3	0	0	0	3	3	0	0	0	3	0	0	0	5	3	3	0	0	0	0	5	3	0	0	3	3	3	3	3	0	3	0	0	0	0	0	3	0	3	3	0	3	0	0	0	5	3	0	5	0	3	3	0	0	0	3	0	3	0	3	0	0	0	0	0	0	3	0	0	0	0	3	5	0	0	0	3	0	0	0	0	5	0	0	0	0	0	0	0	0	0	0	3	0	3	0	3	0	0	0	0	0	3	3	0	0	0	3	0	3	0	0	3	0	0	0	0	5	0	0	3	0	0	3	3	0	0	3	3	3	3	0	0	3	3	3	0	5	3	0	0	0	0	0	3	0	5	0	3	0	0	3	3	0	0	3	0	0	0	0
2023.14732225084	5	5	0	3	3	3	0	3	0	0	3	0	5	0	0	3	5	0	0	3	0	3	3	3	3	5	3	0	3	5	5	3	3	0	0	0	5	3	3	0	5	3	3	0	3	3	3	3	3	0	0	0	0	0	3	0	5	0	0	5	3	0	0	0	0	0	5	3	5	0	0	0	3	0	3	5	0	3	3	0	0	3	0	3	5	0	0	0	5	0	3	3	0	3	0	0	3	3	0	0	5	3	0	0	0	0	0	0	0	0	5	0	0	0	0	0	0	5	0	5	0	0	0	3	0	5	0	3	0	3	0	5	3	3	0	0	0	3	0	3	0	0	0	0	0	0	0	0	0	0	5	0	0	3	0	3	0	0	0	3	3	0	3	3	0	0	0	0	0	3	3	3	0	5	0	0	0	0	3	0	0	0	0	5	0	5	0	0	3	3	0	3	3	0	3	0	0	0	0	0	5	0	0	0	0	0	0	3	0	5	3	3	3	5	0	3	0	5	0	3	3	3	0	0	0	0	0	3	0	0	3	3	0	0	0	0	3	0	3	3	0	0	0	3	0	3	3	0	5	3	0	0	0	0	0	3	0	3	0	5	3	0	0	0	0	0	3	0	5	0	3	0	0	5	5	0	0	3	5	3	3	5	0	0	0	0	0	0	5	0	0	0	3	0	0	3	5	0	0	3	0	3	0	5	0	3	0	0	3	0	3	0	0	0	3	3	0	0	0	5	0	0	0	5	3	0	0	5	0	3	0	5	3	0	3	0	0	0	0	3	0	0	3	0	0	0	3	0	0	0	3	3	3	5	0	3	5	0	0	3	3	0	5	0	5	0	0	0	3	0	3	0	0	0	3	5	3	0	3	0	0	5	0	3	0	3	0	3	0	0	5	3	0	3	0	0	5	0	0	0	3	0	0	5	3	0	0	3	0	5	0	3	0	0	3	5	3	5	3	0	0	0	3	0	0	0	0	3	0	3	3	0	0	0	0	5	3	3	3	0	3	5	0	0	0	5	0	0	0	0	0	3	3	0	0	0	0	0	3	0	3	3	0	3	5	3	0	0	5	3	0	0	3	0	3	3	0	5	3	3	3	3	5	0	5	3	0	0	0	0	3	3	0	3	0	0	3	3	3	0	0	0	0	0	5	5	0	0	0	3	0	5	0	3	3	0	0	0	3	0	3	5	3	0	3	0	0	5	0	0	0	3	3	3	3	3	0	0	5	3	0	3	0	0	3	3	3	3	0	0	0	3	3	0	3	5	0	0	5	0	5	3	0	0	5	0	0	0	3	3	0	3	3	5	0	3	3	0	3	0	5	0	0	3	0	0	0	3	0	0	0	3	3	0	0	0	0	3	3	0	3	5	0	0	0	0	0	0	5	0	3	3	0	5	0	5	0	0	0	5	3	5	0	0	0	3	0	5	5	0	3	0	5	0	5	3	5	0	3	0	0	0	0	3	0	0	0	3	5	0	3	0	5	3	3	0	3	0	0	0	3	0	0	0	3	0	0	0	3	0	3	0	0	3	3	0	5	5	3	0	5	3	3	3	0	5	0	0	3	0	0	0	0	3	0	0	0	3	3	0	0	0	0	0	0	5	0	0	0	0	3	0	3	0	5	3	3	0	3	0	3	0	0	3	0	3	3	0	3	3	0	5	3	0	3	0	3	5	0	0	5	3	3	0	3	0	5	3	0	5	0	0	5	0	3	0	0	3	3	3	3	0	5	0	0	0	0	0	0	0	0	0	0	0	0	0	0	0	3	3	3	0	3	0	0	0	0	0	0	0	0	3	5	0	0	0	3	0	3	3	5	0	3	0	3	0	0	3	0	0	0	3	0	0	0	3	0	0	0	0	5	0	3	0	0	0	5	0	0	3	3	5	0	5	3	0	0	0	5	3	3	3	0	0	0	0	3	0	0	3	0	0	3	3	0	5	3	0	0	0	5	3	0	0	0	3	5	3	3	0	3	0	0	0	0	0	3	0	3	0	0	0	0	0	0	5	3	0	3	3	3	3	3	0	0	5	0	3	0	3	0	0	3	0	0	3	5	0	3	0	0	3	5	0	0	0	0	0	0	0	0	3	0	0	0	0	0	0	0	0	0	0	3	0	3	0	3	0	0	0	3	0	3	5	0	0	3	0	0	0	0	0	3	0	3	0	0	5	0	3	3	0	0	3	3	0	0	3	0	3	5	0	3	5	3	3	0	5	3	0	0	0	0	0	5	3	5	0	3	3	3	5	3	0	5	3	5	0	0	0
2023.16069927019	4	1	4	1	1	4	1	6	1	1	4	1	6	1	1	1	1	1	1	1	1	4	6	4	4	6	1	4	4	6	6	6	1	1	4	1	6	1	6	1	6	6	4	1	1	4	4	6	1	1	1	6	1	1	4	1	4	4	4	4	4	1	1	1	1	1	4	6	6	4	1	4	4	1	4	4	1	6	1	1	1	4	1	6	6	1	1	1	4	1	1	4	1	1	4	1	4	1	1	1	6	1	1	1	1	1	1	1	4	1	6	1	1	1	4	1	1	1	4	6	1	1	1	1	4	4	1	4	1	1	1	6	1	1	1	1	1	6	1	1	1	1	1	4	1	1	1	1	1	1	4	4	1	4	4	6	1	1	1	6	1	6	1	4	1	1	1	1	1	4	4	4	4	4	1	1	1	1	6	1	1	1	4	6	1	6	1	4	6	1	1	1	4	1	4	1	1	4	1	1	6	1	1	1	1	1	1	4	1	4	1	4	1	4	4	4	1	4	4	4	6	1	1	1	1	1	4	1	1	1	4	4	1	1	1	1	6	1	1	4	1	1	1	1	4	6	4	1	1	4	1	1	1	1	4	4	1	4	1	4	4	1	1	4	1	1	6	1	6	1	6	1	1	4	1	4	4	6	6	1	1	4	1	1	1	6	1	1	1	1	1	1	6	1	1	1	6	1	1	4	1	4	1	6	1	4	6	1	4	1	1	1	1	4	6	4	1	1	1	4	4	1	1	1	4	1	1	4	4	6	1	4	4	1	6	1	1	4	1	4	1	1	6	1	1	6	4	1	1	1	1	4	4	4	1	6	1	1	1	4	4	1	6	1	6	1	6	1	4	1	4	1	1	1	1	4	6	4	4	1	4	4	1	1	1	6	1	4	1	1	6	6	1	1	1	1	1	1	1	1	4	1	1	6	4	1	4	1	1	6	1	4	1	4	6	4	1	4	6	1	1	1	6	1	4	4	1	6	1	4	1	1	1	1	1	6	4	6	4	1	6	6	1	1	1	4	1	6	1	1	1	1	1	4	1	1	1	1	6	1	4	6	1	1	4	4	1	4	6	1	1	1	4	1	4	4	1	4	4	4	4	4	4	1	1	4	1	1	1	1	4	6	1	6	1	1	6	4	6	1	1	4	1	1	6	6	1	1	4	4	1	1	1	1	1	1	4	1	4	1	6	4	4	1	6	1	1	6	4	1	1	1	6	1	4	1	4	1	4	1	1	6	1	1	6	6	1	4	1	1	1	4	4	1	6	4	1	1	6	1	4	4	6	1	6	1	1	1	4	4	1	6	1	6	1	6	4	1	6	1	6	1	1	1	1	1	1	6	1	1	1	4	1	1	1	1	1	1	6	1	4	6	1	1	1	1	1	1	1	1	4	4	1	4	1	4	1	1	1	6	4	6	4	1	4	4	1	6	6	1	1	1	4	1	4	1	4	1	1	1	1	1	1	1	1	1	1	6	6	1	4	1	1	6	4	1	4	1	1	1	4	1	1	1	6	4	1	4	4	1	4	1	1	4	4	4	6	6	4	4	4	4	4	1	1	6	1	1	1	1	1	1	1	6	4	1	1	4	1	1	1	1	4	4	4	6	1	4	4	1	6	1	4	1	6	4	6	1	6	4	4	1	1	4	1	4	4	1	1	1	4	4	1	4	4	1	1	6	1	1	6	1	4	4	4	1	6	4	4	6	4	1	6	4	6	1	4	1	4	4	6	1	1	1	1	1	1	1	1	1	1	4	1	4	1	1	1	4	4	6	4	1	4	4	1	4	1	1	1	1	1	6	6	1	1	1	4	4	1	4	6	1	6	4	4	1	1	4	4	1	1	6	1	1	1	1	1	4	1	4	6	1	1	4	1	1	6	1	1	6	1	6	1	4	4	1	1	1	4	1	4	6	1	1	1	1	4	1	1	4	1	1	4	4	1	6	4	1	1	1	6	6	1	1	1	4	4	6	4	4	1	4	1	1	4	1	6	1	6	1	4	1	1	1	1	1	4	1	1	6	4	6	4	4	1	6	1	4	1	6	1	1	4	1	4	4	4	1	6	1	1	4	1	1	1	4	1	1	1	1	4	4	1	1	1	1	1	1	1	1	1	1	6	1	4	1	1	1	1	4	4	1	1	6	4	1	6	1	1	1	1	1	4	4	6	1	1	6	1	4	4	4	1	6	6	1	1	4	1	1	4	1	6	6	4	1	1	6	4	1	1	6	1	4	6	4	4	1	6	4	4	6	1	1	6	6	6	1	1	1
2023.17407628954	5	2	5	2	2	5	2	5	2	2	5	2	2	5	2	2	2	2	2	2	2	5	7	5	5	5	2	5	5	5	7	7	2	5	5	2	5	2	7	2	2	7	5	2	2	5	5	5	2	2	2	7	2	5	2	5	2	5	7	5	2	2	2	2	2	2	5	7	5	5	2	7	2	2	7	5	2	7	2	2	2	2	7	5	5	2	2	2	5	2	2	5	2	2	5	5	5	2	2	2	5	2	2	2	2	5	2	2	5	2	5	2	2	2	5	2	2	2	5	7	2	2	2	2	5	5	2	5	5	2	2	7	2	2	2	2	2	5	2	2	5	2	2	5	5	5	2	2	5	2	5	5	5	5	7	7	2	7	2	5	2	7	2	2	2	2	2	2	2	7	5	5	5	2	2	2	2	2	5	2	2	2	5	5	2	2	2	7	7	2	5	2	2	2	5	2	2	5	2	5	5	2	2	2	2	2	2	7	5	2	2	5	2	5	5	5	5	2	5	2	5	2	5	2	2	2	5	5	2	2	5	2	2	2	5	2	5	2	2	5	2	2	2	2	5	7	5	5	2	5	2	2	5	2	7	5	2	5	2	2	5	2	2	7	2	5	7	2	5	5	7	2	2	2	2	5	5	5	7	2	2	5	2	2	2	7	2	2	2	2	2	2	5	2	2	2	5	2	2	2	5	5	2	5	5	5	7	2	5	5	2	2	2	7	7	5	2	5	2	2	7	2	5	2	2	2	2	5	5	7	2	5	2	2	7	2	2	5	2	7	2	2	5	2	2	7	5	2	2	2	2	5	5	5	2	7	2	2	2	5	5	2	5	2	2	2	7	5	5	2	5	2	2	2	2	2	5	7	5	2	7	2	7	2	5	7	2	2	2	2	5	7	5	2	7	2	2	2	2	2	5	2	5	5	2	2	5	2	2	5	2	2	2	5	7	2	2	5	5	2	2	5	5	7	5	5	2	5	2	5	2	5	2	2	2	5	5	5	5	2	7	7	2	2	2	5	2	7	2	2	2	2	2	7	2	2	2	2	5	2	2	7	2	2	5	7	2	5	7	2	2	5	5	2	5	5	2	2	2	2	5	5	2	2	2	5	2	2	2	2	2	5	2	7	2	5	5	5	7	2	2	7	2	2	7	5	2	2	5	2	2	2	2	2	2	2	5	2	2	2	7	2	5	7	5	2	2	5	5	2	7	2	5	2	5	2	5	2	5	2	2	7	2	2	5	5	2	2	5	2	2	2	2	2	7	5	2	2	2	2	5	2	7	2	2	2	2	2	5	5	2	5	2	5	5	5	5	2	7	2	5	2	2	2	2	2	2	7	2	2	2	2	2	2	2	2	2	2	5	2	2	5	2	2	5	2	2	2	2	2	5	2	5	2	2	5	2	2	2	2	5	5	5	2	5	2	2	7	5	5	2	2	2	2	2	2	2	2	2	2	5	2	2	2	2	2	2	7	7	2	5	2	2	5	5	2	5	2	2	2	7	7	2	2	5	5	2	5	5	2	2	5	2	5	5	5	7	5	2	5	2	2	5	2	5	2	2	2	2	2	2	2	2	5	5	5	2	2	2	2	2	5	5	7	5	2	2	7	7	5	5	2	5	2	5	5	7	5	5	5	5	2	2	5	2	5	5	2	2	2	5	5	2	5	5	2	2	5	2	2	7	2	2	5	5	2	7	2	5	5	5	2	5	5	7	2	5	2	2	5	7	2	2	2	2	2	5	2	2	2	2	7	2	5	2	5	2	5	5	5	7	2	5	5	2	7	2	2	2	5	2	7	5	5	2	2	5	5	5	2	7	5	5	5	5	2	5	5	7	2	5	5	2	2	2	2	5	5	2	5	5	5	2	7	2	5	2	2	2	5	2	5	2	5	5	2	5	2	2	2	5	7	5	2	2	5	5	5	2	5	2	5	5	2	2	7	5	2	2	7	2	5	2	2	2	2	5	5	5	5	2	5	5	2	7	5	5	2	7	2	7	5	2	2	5	2	2	2	2	7	2	5	7	5	2	5	2	2	5	5	2	2	5	2	5	5	5	2	7	5	2	2	2	2	2	7	5	2	2	2	5	2	7	2	2	2	2	2	2	2	5	5	5	2	2	2	2	5	2	5	5	2	2	5	7	2	7	2	2	2	2	7	2	7	7	2	5	5	2	5	2	5	2	5	5	7	2	5	2	2	5	2	7	5	5	2	5	2	5	5	5	7	2	5	5	7	2	2	5	5	7	5	2	2	7	5	7	2	5	2
2023.1874533089	2	2	5	2	2	2	2	5	5	2	2	2	2	5	2	2	2	2	2	2	2	2	5	5	2	2	2	5	5	2	5	5	2	7	7	5	2	2	5	2	2	5	5	2	2	2	2	5	2	5	2	7	2	5	2	7	2	5	7	2	2	2	2	2	5	2	2	5	2	7	2	7	2	5	7	2	5	5	2	2	2	2	7	5	5	5	2	2	2	2	2	5	2	2	5	5	2	2	5	2	2	2	2	2	2	5	2	2	7	2	2	2	5	2	5	2	7	2	7	2	2	2	2	2	5	2	2	2	5	2	2	2	2	2	5	2	2	5	5	2	5	7	2	5	5	7	2	2	5	2	2	5	7	5	7	5	2	7	2	5	2	7	2	2	7	2	2	2	5	5	5	5	5	2	5	5	2	2	5	2	2	2	5	2	2	2	2	7	5	2	5	2	2	2	5	7	5	5	2	7	5	2	5	5	2	2	2	5	5	2	2	2	2	2	7	5	7	2	7	2	5	2	7	2	2	2	5	5	2	2	5	2	2	2	7	2	5	5	2	5	2	2	2	2	7	5	5	7	2	2	2	2	7	2	7	7	2	2	2	2	2	5	2	7	2	5	5	2	2	5	5	2	2	2	2	7	5	5	2	2	2	5	2	7	2	7	2	2	2	2	7	2	5	5	7	2	2	2	2	2	7	7	2	2	5	2	7	5	2	7	2	2	2	7	5	5	5	7	2	2	7	5	5	2	2	5	2	2	7	5	2	2	5	2	5	5	5	7	5	5	2	2	5	2	5	7	2	7	2	5	2	2	2	2	2	5	2	2	5	5	2	5	2	2	2	5	7	7	2	2	5	2	2	2	2	2	5	7	2	2	7	2	7	2	5	5	2	5	2	2	2	5	5	2	7	2	2	2	2	2	5	2	7	2	2	2	7	2	5	2	2	2	5	5	5	2	2	2	5	2	2	5	5	7	5	5	2	5	5	2	2	7	2	2	5	2	2	5	2	7	5	2	5	2	2	2	2	7	2	2	5	2	2	7	2	2	7	2	5	5	2	5	2	2	2	5	2	5	5	2	5	7	2	2	2	2	2	2	2	5	2	2	2	2	2	5	2	2	2	2	2	5	2	5	2	5	5	5	5	2	2	7	5	2	2	2	5	5	7	2	2	2	2	2	2	5	5	2	2	2	7	2	5	7	5	2	2	2	5	2	7	2	5	2	5	2	7	2	2	2	2	5	2	2	5	5	5	2	5	2	2	5	2	2	5	2	5	2	2	2	2	2	7	5	2	2	5	2	5	5	2	5	2	2	5	5	2	2	5	2	2	2	2	2	2	2	2	5	2	2	2	2	2	5	5	2	2	2	5	2	2	2	5	5	7	2	2	2	2	2	2	5	5	2	2	2	5	2	2	2	2	2	5	2	7	2	2	5	2	7	2	2	2	2	2	2	2	5	2	2	5	2	2	2	2	2	2	5	2	7	2	2	2	5	5	2	2	2	2	2	5	7	7	2	5	5	2	7	5	2	2	5	2	5	2	5	5	2	5	7	2	2	5	2	5	2	2	7	5	2	2	2	2	5	7	5	2	2	2	2	2	7	7	7	7	2	2	7	7	5	5	5	5	2	2	2	7	7	5	5	2	2	2	5	2	2	5	2	2	2	7	2	2	5	2	2	2	2	2	2	2	2	2	5	5	2	2	5	5	2	7	2	2	5	5	2	7	2	2	5	5	2	2	2	2	2	5	2	2	5	2	7	2	5	2	7	5	5	2	5	5	2	5	5	7	7	2	2	2	5	2	5	2	7	5	2	2	7	5	5	5	7	5	5	5	2	5	2	7	2	5	5	7	5	2	5	5	5	2	7	2	7	2	7	2	5	2	2	2	5	2	5	2	2	5	5	5	2	2	2	5	5	5	2	2	5	2	7	2	5	2	5	2	2	2	2	5	5	2	7	2	5	2	5	2	5	5	5	2	5	2	5	5	2	7	5	5	2	5	2	7	5	2	2	5	2	2	2	2	5	2	5	5	7	2	5	2	5	7	5	2	7	2	2	5	2	2	5	5	5	2	2	2	2	5	7	5	5	2	2	7	2	7	2	2	5	2	5	2	2	5	5	5	2	2	5	2	7	5	7	2	2	2	2	7	2	5	2	5	2	2	7	5	7	5	2	7	2	2	5	5	7	2	5	5	7	2	5	5	2	2	2	5	5	5	2	7	2	2	5	7	7	2	5	2	5	2	2	5	5	5	2	2	2	5	5	2	2	5	2
2023.20083032825	1	1	1	1	1	1	1	4	4	1	4	1	1	6	1	1	1	1	4	1	1	1	1	1	1	1	1	1	4	1	1	1	1	6	6	4	1	1	1	1	1	4	4	1	1	1	1	1	1	6	1	1	1	6	1	6	1	6	4	1	4	1	1	1	6	1	1	1	1	6	1	4	1	4	4	1	6	1	1	4	1	1	6	1	1	4	1	1	1	1	1	1	1	1	6	4	4	1	4	1	1	1	1	1	1	4	1	1	4	4	1	1	6	1	1	1	6	1	4	1	1	6	1	1	1	1	1	1	4	1	1	1	1	1	6	1	1	1	6	1	6	6	1	1	4	6	1	1	6	1	1	4	6	4	6	1	1	6	1	1	1	1	1	1	6	1	4	1	6	4	4	4	4	1	4	6	1	1	1	1	1	4	1	1	1	1	1	4	1	1	4	1	1	1	4	6	6	1	1	6	1	1	6	6	1	1	1	4	6	1	1	1	1	1	6	4	6	1	6	1	1	1	6	4	1	1	1	4	1	1	4	1	1	1	6	1	1	4	1	4	1	1	1	1	4	1	4	6	1	1	1	1	6	4	4	4	1	1	1	1	1	6	1	4	1	4	1	1	1	4	1	1	1	1	1	6	1	1	1	1	1	1	1	6	1	4	1	1	1	4	6	1	4	6	6	1	1	1	1	1	6	4	1	1	6	1	1	6	4	6	1	1	1	4	1	1	4	6	4	1	4	6	6	1	1	4	1	1	4	1	1	1	4	1	1	6	6	4	6	4	1	1	1	1	6	1	1	6	1	4	1	1	1	1	6	1	1	1	4	4	1	4	1	1	1	6	1	6	1	1	4	1	4	1	1	1	1	6	4	1	4	1	6	1	4	1	1	4	1	6	1	1	4	1	6	1	1	1	1	1	4	4	6	1	1	1	4	1	6	1	1	1	4	6	1	1	1	1	1	1	1	4	1	6	4	1	4	1	4	1	1	6	1	4	6	1	1	4	1	6	1	1	6	1	1	1	4	1	1	1	4	1	1	4	1	4	6	4	1	4	1	1	1	1	1	4	1	6	1	1	6	6	1	1	1	4	1	1	1	4	1	1	1	1	1	4	1	1	4	1	1	1	1	1	1	4	1	4	1	1	6	4	4	1	1	1	6	6	4	4	1	1	1	1	1	6	4	1	1	1	1	1	1	6	1	1	1	1	4	1	6	1	1	1	1	1	4	1	1	1	1	1	1	1	1	1	4	4	4	1	6	4	1	1	1	1	6	1	1	1	1	1	1	6	1	1	6	4	4	4	1	1	1	1	6	1	1	1	1	1	1	1	4	1	1	1	1	1	1	1	1	1	1	6	6	1	1	1	1	1	1	1	4	6	6	1	1	4	1	1	1	4	6	1	1	1	6	1	4	1	1	1	1	4	4	4	1	1	1	6	1	1	1	1	1	1	1	4	1	1	6	1	1	1	1	1	1	1	1	6	1	1	1	1	4	1	1	1	1	1	4	6	6	1	1	4	1	4	4	1	1	6	1	4	4	1	1	1	4	6	1	1	1	1	4	1	1	6	4	1	1	1	1	1	4	6	1	1	1	4	4	6	4	4	4	1	1	4	4	4	1	4	4	1	1	1	1	6	1	4	4	1	1	1	1	1	4	1	1	1	4	1	1	4	1	1	1	1	1	1	1	1	1	1	4	1	1	4	1	1	4	6	1	1	1	1	4	1	1	4	1	1	1	1	1	1	4	1	1	4	1	4	1	1	1	6	4	1	1	1	4	1	4	1	6	4	1	1	1	4	1	1	1	6	4	1	1	6	4	4	1	6	1	1	4	1	6	1	6	1	4	1	6	6	1	4	4	1	1	4	1	6	1	4	4	4	1	1	1	1	1	1	1	1	1	6	4	1	1	1	1	1	4	1	1	4	1	6	1	4	1	6	1	1	1	1	4	6	1	6	1	1	1	4	1	4	1	1	1	1	1	4	6	1	4	6	1	1	1	1	4	4	1	1	4	1	1	1	1	1	1	1	4	4	1	1	4	4	6	1	1	6	1	1	1	1	1	6	1	4	1	1	1	1	6	6	4	6	1	1	4	1	6	1	1	6	1	4	1	4	4	6	1	1	1	4	1	6	4	4	1	1	1	1	4	1	1	1	4	1	1	6	4	4	1	1	6	1	1	4	4	4	1	1	4	6	1	1	4	1	1	1	1	1	4	1	6	1	1	4	6	1	4	6	1	4	1	1	1	4	4	1	1	1	1	1	1	1	6	4
2023.2142073476	1	1	1	1	1	1	1	1	4	1	4	1	1	4	1	1	1	1	4	1	1	1	1	1	1	1	1	1	1	1	1	1	1	4	4	4	1	1	1	1	1	1	4	1	1	1	4	1	1	6	1	1	1	4	1	4	1	4	1	1	4	1	1	1	6	1	1	1	1	4	1	1	1	4	1	1	6	1	1	4	1	1	1	1	1	4	1	1	1	1	1	1	1	1	4	1	4	1	4	1	1	1	1	1	1	1	1	1	4	4	1	1	6	1	1	1	6	1	4	1	1	6	1	1	1	1	1	1	1	1	1	1	1	1	6	1	1	1	6	1	4	6	1	1	1	4	1	1	6	1	1	4	4	4	1	1	1	1	1	1	1	1	1	1	6	1	4	4	6	1	1	1	4	1	4	6	1	1	1	1	1	4	1	1	1	1	1	1	1	1	1	1	1	1	1	6	6	1	1	4	1	1	6	6	1	1	1	1	4	1	1	1	1	1	4	4	4	1	4	1	1	1	4	4	1	1	1	1	1	1	1	1	1	1	4	1	1	6	1	1	1	1	1	1	4	1	4	4	1	1	1	1	4	6	1	4	1	1	1	1	1	6	1	1	1	1	1	1	1	1	1	1	1	1	1	4	1	1	1	1	1	1	1	6	1	1	1	1	1	4	6	1	1	6	6	1	1	1	1	1	4	4	1	1	4	4	1	6	4	4	1	1	1	1	1	1	4	4	6	1	1	6	4	1	1	6	1	1	4	1	1	1	4	1	1	6	6	4	6	1	1	1	1	1	6	1	1	6	6	4	1	1	1	1	6	1	1	1	6	4	1	4	1	4	1	6	1	4	1	1	1	1	4	1	1	1	1	1	4	1	1	1	1	1	1	1	1	4	1	6	1	1	1	1	1	1	1	1	1	1	1	6	4	1	1	1	4	1	6	1	1	1	4	4	1	1	1	1	1	1	1	1	1	4	4	1	4	1	6	1	1	4	4	4	6	1	1	1	4	6	1	1	6	1	1	1	6	1	1	1	6	1	1	1	1	4	6	4	1	4	1	1	1	1	1	1	1	4	1	1	6	4	1	1	1	4	1	1	1	4	1	1	1	1	1	4	1	1	4	1	1	1	1	1	1	1	1	1	1	1	6	1	4	1	1	1	6	6	4	4	1	1	1	1	1	6	4	1	1	1	1	1	1	1	1	1	1	1	4	4	1	1	1	1	1	1	4	1	1	1	1	1	1	1	1	1	4	4	1	1	6	4	1	1	1	1	6	1	1	1	1	1	1	6	1	1	6	4	4	4	1	1	4	1	4	1	4	1	1	1	1	1	6	1	1	1	1	1	1	1	1	1	1	6	6	1	1	1	1	1	1	1	4	6	4	1	1	4	1	1	1	4	4	1	1	1	6	1	6	1	4	1	1	6	4	4	1	1	1	4	1	1	1	1	1	1	1	4	1	1	4	1	1	1	1	1	1	1	1	6	1	1	1	1	4	1	1	6	1	1	1	1	6	1	1	4	1	4	4	1	1	4	1	4	4	1	1	1	4	4	1	1	1	1	4	1	1	6	4	1	1	1	1	1	4	4	1	1	1	4	4	4	4	1	4	1	1	1	1	1	1	6	1	1	1	1	1	4	1	4	4	1	1	1	1	4	1	1	1	1	4	1	1	1	1	1	1	1	1	1	1	1	1	1	1	1	1	4	1	1	4	6	1	1	1	1	4	1	1	4	1	1	1	1	1	1	1	1	1	4	1	1	4	1	1	4	4	1	1	1	1	1	4	1	6	1	1	1	1	1	1	1	1	4	4	1	1	4	1	4	1	4	1	1	4	1	4	1	1	1	1	1	6	6	4	4	1	4	1	4	1	4	1	1	6	1	1	1	1	1	1	1	1	1	1	6	1	1	1	1	1	1	4	1	1	1	1	4	1	1	1	4	1	1	1	1	4	6	1	1	1	1	1	4	1	4	1	1	1	1	1	4	4	1	1	4	1	1	1	1	1	1	1	1	1	1	1	1	1	1	1	1	1	4	1	1	4	4	4	1	1	6	1	1	1	1	1	6	1	1	1	1	1	1	6	1	1	6	1	1	4	1	1	1	1	6	1	6	1	4	1	4	1	1	1	4	1	4	6	4	1	1	1	1	1	1	1	1	6	1	1	4	4	1	1	1	4	1	1	4	4	4	1	1	1	1	1	1	4	1	1	1	1	1	1	1	4	1	1	4	4	1	6	4	1	1	1	1	1	4	1	1	1	1	1	1	1	1	4	4
2023.22758436695	0	0	0	0	0	0	0	0	3	0	3	0	0	3	0	0	0	0	3	0	0	0	0	0	0	0	0	3	0	0	0	0	0	0	0	0	0	0	0	0	0	0	0	0	0	0	3	0	0	3	0	0	0	3	0	0	0	3	0	0	3	0	0	0	3	0	0	0	0	0	0	0	0	0	0	0	3	0	0	3	0	0	0	0	0	0	0	0	0	0	0	0	0	0	3	3	3	0	3	0	0	0	0	0	0	3	0	0	0	3	0	0	3	0	0	0	0	0	0	0	0	5	0	0	0	0	0	0	3	0	0	0	0	0	3	0	0	0	3	0	3	0	0	0	3	0	0	0	3	0	0	3	0	3	0	0	0	0	0	0	0	0	0	3	3	0	3	3	3	0	0	0	3	0	0	3	0	0	0	0	0	5	0	0	0	0	0	0	0	0	0	0	0	0	0	0	3	0	0	0	0	0	3	3	0	0	0	0	3	0	0	0	0	0	0	0	0	0	0	0	0	0	0	5	0	0	0	0	0	0	0	0	0	0	0	0	0	3	0	0	0	0	0	0	0	0	0	0	0	0	0	0	0	5	0	0	0	0	0	0	0	3	0	0	0	3	0	0	0	0	0	0	0	0	0	0	0	0	0	0	0	0	0	3	0	0	0	0	0	3	3	0	0	3	3	0	0	0	0	0	0	0	0	0	3	3	0	3	3	0	0	0	0	0	0	0	0	0	5	0	0	3	3	0	0	5	0	0	3	0	0	0	0	0	0	3	3	3	3	0	0	0	0	0	3	0	0	0	5	0	0	3	0	0	5	0	0	0	3	0	0	3	0	3	0	3	0	0	0	0	0	0	5	0	0	0	0	0	3	0	0	0	0	0	3	0	0	0	0	5	0	0	3	0	0	0	0	0	0	0	0	5	0	0	0	0	0	0	3	0	0	3	3	3	0	0	0	0	0	0	0	3	0	0	3	0	3	0	3	0	3	0	5	3	3	0	0	0	3	3	0	0	3	0	0	0	5	0	0	0	3	3	0	0	0	3	3	3	0	3	0	0	0	0	0	0	0	3	0	0	5	0	0	0	0	3	0	0	0	0	0	0	0	0	0	0	0	0	5	0	0	0	0	0	0	3	0	0	0	0	5	0	0	0	0	0	3	3	0	3	0	0	0	0	0	3	3	0	0	0	0	0	0	0	0	0	0	0	3	3	0	0	0	0	0	0	0	0	0	0	0	0	0	0	0	0	0	3	3	0	5	0	0	0	0	0	3	0	0	0	0	0	0	3	0	0	3	5	0	0	0	0	3	0	3	0	3	0	0	0	0	0	5	0	0	0	0	0	0	0	0	0	0	3	3	0	0	0	0	0	0	0	0	3	0	0	0	3	0	0	0	0	3	0	0	0	3	0	5	0	3	0	0	5	0	3	0	0	0	0	0	0	0	0	0	0	0	0	0	0	3	0	0	0	0	0	0	0	0	0	3	0	0	0	0	0	0	5	0	0	0	0	0	0	0	3	0	0	0	0	0	3	0	0	3	0	0	0	0	0	0	0	0	0	3	0	0	0	0	0	0	0	0	0	0	3	0	0	0	3	3	0	3	0	0	0	0	0	0	0	0	3	0	3	0	0	0	0	0	3	3	0	0	0	0	3	0	0	0	0	3	0	0	0	0	0	0	0	0	0	0	0	0	0	0	0	0	0	0	0	0	5	0	0	0	0	0	0	0	0	0	0	0	3	0	0	3	0	0	3	0	0	3	0	0	0	0	0	0	0	0	0	0	0	0	0	0	0	0	0	0	0	0	0	0	0	0	0	0	0	0	0	0	0	0	0	3	0	0	0	0	0	0	3	3	0	3	3	0	0	0	0	0	0	5	0	0	0	0	0	0	0	0	0	0	3	0	0	0	0	0	0	3	0	0	0	0	0	0	0	0	3	0	0	0	0	0	3	0	0	0	0	0	3	0	0	0	0	0	0	0	3	3	0	0	3	0	0	0	0	0	0	0	0	3	0	0	0	0	0	0	0	0	0	0	0	3	0	0	0	0	0	0	0	3	0	0	3	0	0	0	0	0	0	3	0	0	3	0	0	0	0	0	0	0	3	0	3	0	3	3	3	0	0	0	3	0	0	3	0	0	0	0	0	0	0	0	0	3	0	0	0	0	0	0	0	0	0	0	0	0	0	0	0	0	0	0	0	0	0	0	0	0	0	0	0	0	0	0	3	0	0	5	3	0	0	0	0	0	3	0	0	0	0	0	0	0	0	3	3
2023.2409613863	0	0	0	0	0	0	0	0	3	0	0	0	0	0	0	0	0	0	0	0	0	0	0	0	0	0	0	3	0	0	0	0	0	0	0	0	0	0	0	0	0	0	0	0	0	0	3	0	0	0	0	0	0	0	0	0	0	0	0	0	3	0	0	0	0	0	0	0	0	0	0	0	0	0	0	0	0	0	0	0	0	0	0	0	0	0	0	0	0	0	0	0	0	0	0	3	0	0	0	0	0	0	0	0	0	3	0	0	0	3	0	0	0	0	0	0	0	0	0	0	0	0	0	0	0	0	0	0	3	0	0	0	0	0	0	0	0	0	0	0	0	0	0	0	3	0	0	0	0	0	0	0	0	0	0	0	0	0	0	0	0	0	0	3	0	0	3	3	0	0	0	0	0	0	0	0	0	0	0	0	0	3	0	0	0	0	0	0	0	0	0	0	0	0	0	0	3	0	0	0	0	0	0	0	0	0	0	0	0	0	0	0	0	0	0	0	0	0	0	0	0	0	0	3	0	0	0	0	0	0	0	0	0	0	0	0	0	3	0	0	0	0	0	0	0	0	0	0	0	0	0	0	0	3	0	0	0	0	0	0	0	0	0	0	0	3	0	0	0	3	0	0	0	0	0	0	0	0	0	0	0	0	0	0	0	0	0	0	0	0	0	0	0	3	0	0	0	0	0	0	0	0	0	0	0	3	0	0	0	0	0	0	0	0	0	0	0	0	3	0	0	3	0	0	0	3	0	0	0	0	0	0	0	0	0	0	0	0	0	0	0	0	0	0	0	0	0	0	5	0	0	3	0	0	0	0	0	0	3	0	0	3	0	3	0	0	0	0	0	0	0	0	3	0	0	0	0	0	0	0	0	0	0	0	3	0	0	0	0	3	0	0	3	0	0	0	0	0	0	0	0	3	0	0	0	0	0	0	0	0	0	3	3	0	0	0	0	0	0	3	0	3	0	0	0	0	0	0	3	0	3	0	5	0	0	0	0	0	3	0	0	0	0	0	0	0	3	0	0	0	3	3	0	0	0	0	0	0	0	3	0	0	0	0	0	0	0	0	0	0	0	0	0	0	0	0	0	0	0	0	0	0	0	0	0	0	0	0	3	0	0	0	0	0	0	3	0	0	0	0	0	0	0	0	0	0	0	0	0	3	0	0	0	0	0	0	0	0	0	0	0	0	0	0	0	0	0	0	0	3	0	0	0	0	0	0	0	0	0	0	0	0	0	0	0	0	0	0	3	0	0	0	0	0	0	0	0	0	0	0	0	0	0	0	0	0	3	3	0	0	0	0	3	0	0	0	3	0	0	0	0	3	3	0	0	0	0	0	0	0	0	0	0	0	0	0	0	0	0	0	0	0	0	0	0	0	0	0	0	0	0	0	0	0	0	0	0	0	3	0	3	0	0	3	0	3	0	0	0	0	0	0	0	0	0	0	0	0	0	0	0	0	0	0	0	0	0	0	0	0	3	0	0	0	0	3	0	5	0	0	0	0	0	0	0	0	0	0	0	0	0	0	0	0	0	0	0	0	0	0	0	0	0	0	3	0	0	0	0	0	3	0	0	0	0	0	0	0	0	0	0	0	0	0	0	0	0	0	0	0	0	3	0	5	0	0	0	0	0	3	0	0	0	0	0	3	0	0	0	0	0	0	0	3	0	0	0	0	0	0	0	0	0	0	0	0	0	0	0	0	0	3	0	0	0	0	0	0	0	0	0	0	0	3	0	0	3	0	0	3	0	0	3	0	0	0	0	0	0	0	0	0	0	0	0	0	0	0	0	0	0	0	0	0	0	0	0	0	0	0	0	0	0	0	0	0	0	0	0	0	0	0	0	0	3	0	3	3	3	0	0	0	0	0	5	3	0	0	0	0	0	0	0	0	0	0	3	0	0	0	0	0	3	0	0	0	0	0	0	0	0	0	0	0	0	0	0	0	0	0	0	0	0	3	0	0	0	0	0	0	0	0	0	0	0	0	0	0	0	0	0	0	0	0	3	0	0	0	0	0	0	0	0	0	0	0	3	0	0	0	0	0	0	0	3	0	0	0	0	3	0	0	0	0	0	0	0	0	0	0	0	0	0	0	0	0	0	3	0	0	3	0	0	0	0	3	0	0	3	0	0	0	0	0	0	0	0	0	3	0	0	0	0	0	0	0	0	0	0	0	0	0	0	0	0	0	0	0	0	0	0	0	0	0	0	0	0	0	0	3	0	0	3	0	0	0	0	0	0	0	0	0	0	0	0	0	0	0	0	0
2023.25433840566	0	0	0	0	0	0	0	0	3	0	0	0	0	0	0	0	0	0	0	0	0	0	0	0	0	0	0	3	0	0	0	0	0	0	0	0	0	0	0	0	0	0	0	0	0	0	0	0	0	0	0	0	0	0	0	0	0	0	0	0	0	0	0	0	0	0	0	0	0	0	0	0	0	0	0	0	0	0	0	3	0	0	0	0	0	0	0	0	0	0	0	0	0	0	0	3	0	0	0	0	0	0	0	0	0	3	0	0	0	0	0	0	0	0	0	0	0	0	0	0	0	0	0	0	0	0	0	0	3	0	0	0	0	0	0	0	0	0	0	0	0	0	0	0	3	0	0	0	0	0	0	0	0	0	3	0	0	0	0	0	0	0	0	3	0	0	0	0	0	0	0	0	0	0	0	0	0	0	0	0	0	3	0	0	0	0	0	0	0	0	0	0	0	0	0	0	0	0	0	0	0	0	0	0	0	0	0	0	0	0	0	0	0	0	0	0	0	0	0	0	0	0	0	3	0	0	0	0	0	0	0	0	0	0	0	0	0	0	0	0	0	0	0	0	0	0	0	0	0	0	0	0	0	0	0	0	0	0	0	0	0	0	0	0	0	3	0	0	0	3	0	0	0	0	0	0	0	0	0	0	0	0	0	0	0	0	0	0	0	3	0	0	0	0	0	0	0	0	0	0	0	0	0	0	0	0	0	0	0	0	0	0	0	0	0	0	0	0	0	0	0	0	0	0	0	0	0	0	0	0	0	0	0	0	0	0	0	0	0	0	0	0	0	0	0	0	0	0	0	0	0	3	0	0	0	0	0	0	0	0	0	3	0	0	0	0	0	3	0	0	0	0	3	0	0	0	0	0	0	0	0	0	0	0	3	0	0	0	0	0	0	0	3	0	0	0	0	0	0	0	0	0	0	0	0	0	0	0	0	0	0	3	3	0	0	0	0	0	0	5	0	3	0	0	0	0	0	0	0	0	3	0	3	3	0	0	0	0	0	0	0	0	0	0	0	0	0	0	0	0	3	3	0	0	0	3	0	3	0	3	0	0	0	0	0	0	0	0	0	0	0	0	0	0	0	0	0	0	0	0	0	0	0	0	0	0	0	0	3	0	0	0	0	0	0	3	0	0	0	0	0	0	0	0	0	0	0	0	0	0	0	0	0	0	0	0	0	0	0	0	0	0	0	0	0	0	0	0	0	0	0	0	0	0	0	0	0	0	0	0	0	0	0	0	0	0	0	0	3	0	0	0	0	0	0	0	0	0	0	0	0	0	0	0	0	0	0	3	0	0	0	0	0	0	0	0	0	0	0	0	0	4	0	0	0	0	0	0	3	0	0	0	0	0	0	3	0	0	0	0	0	0	0	0	0	0	0	3	0	0	0	0	0	0	0	0	0	0	0	0	0	0	0	0	0	0	0	0	0	0	0	0	0	0	0	0	0	0	0	0	0	0	0	0	0	0	0	0	0	0	3	0	0	0	0	4	0	0	0	0	0	0	0	0	0	0	0	0	0	0	0	0	0	0	0	0	0	0	0	0	0	0	0	0	0	0	0	0	0	0	3	0	0	0	0	0	0	0	0	3	0	0	0	0	0	0	0	0	0	0	0	0	0	5	0	0	0	0	0	0	0	0	0	0	0	0	0	0	0	0	0	0	0	3	0	0	0	0	0	0	0	0	0	0	0	0	0	0	0	0	0	0	0	0	0	0	0	0	0	0	0	0	0	5	0	0	3	0	0	3	0	0	3	0	0	0	0	0	0	0	0	0	0	0	0	0	0	0	0	0	0	0	0	0	0	0	0	0	0	0	0	0	0	0	0	0	0	0	0	0	0	0	0	0	0	0	3	0	3	0	0	0	0	0	0	3	0	0	0	0	0	0	0	0	0	0	3	0	0	0	0	0	0	0	0	0	0	0	0	0	0	0	0	0	0	0	0	0	0	0	0	0	0	3	0	0	0	0	0	0	0	0	0	0	0	0	0	0	0	0	0	0	0	0	3	0	0	0	0	0	0	0	0	0	0	0	0	0	0	0	0	0	0	0	3	0	0	0	0	3	0	0	0	0	0	0	0	0	0	0	0	0	0	0	0	0	0	0	0	3	3	0	0	0	0	3	0	0	0	0	0	0	0	0	0	0	0	0	0	0	0	0	0	0	0	0	0	0	0	0	0	0	0	0	0	0	0	0	0	0	0	0	0	0	0	0	0	0	0	0	0	0	3	0	0	0	0	0	0	0	0	0	0	0	0	0	0	0	0	3
2023.26771542501	0	0	0	0	0	0	0	0	0	0	0	0	0	0	0	0	0	0	0	0	0	0	0	0	0	0	0	0	0	0	0	0	0	0	0	0	0	0	0	0	0	0	0	0	0	0	0	0	0	0	0	0	0	0	0	0	0	0	0	0	0	0	0	0	0	0	0	0	0	0	0	0	0	0	0	0	0	0	0	3	0	0	0	0	3	0	0	3	0	0	0	0	3	0	0	0	0	0	0	0	0	0	0	0	0	0	0	0	0	0	0	0	0	0	0	0	0	0	0	0	0	0	0	0	3	0	0	0	0	0	0	0	0	0	0	0	0	0	0	0	0	0	3	0	0	0	0	0	0	0	0	0	0	0	3	0	0	0	0	0	0	0	0	0	0	0	0	0	0	0	0	0	0	0	0	0	0	0	0	0	0	0	0	0	0	0	0	0	0	0	0	0	0	0	0	0	0	0	0	0	3	0	0	0	0	0	0	0	0	0	0	0	0	0	0	0	0	0	0	0	0	0	0	3	0	0	3	3	0	0	0	0	0	0	0	0	0	0	0	0	0	0	0	0	0	0	0	0	0	0	0	0	0	0	0	0	0	0	0	0	0	0	0	0	0	0	0	0	0	3	0	0	0	0	0	0	0	0	3	0	0	0	0	0	0	0	0	0	0	3	0	0	0	0	0	0	0	0	0	0	0	0	0	0	0	0	0	0	0	0	0	0	0	0	0	0	0	0	0	0	0	0	0	0	0	0	0	0	0	0	0	0	0	0	0	0	0	0	0	0	0	0	0	0	0	0	0	0	0	0	0	3	0	0	0	0	0	0	0	0	0	0	0	0	0	0	0	3	0	0	0	0	0	0	0	0	0	0	0	0	0	0	0	0	0	0	0	0	0	0	0	0	0	0	0	0	0	3	0	0	0	0	0	0	0	0	0	0	0	0	0	0	0	0	0	0	0	0	0	5	0	0	0	0	0	0	0	0	0	0	0	0	0	3	0	0	0	0	0	0	0	0	0	0	0	0	0	0	0	0	0	0	0	0	0	3	0	3	0	0	3	0	0	0	0	0	0	0	0	0	0	0	0	0	0	0	0	0	0	0	0	0	0	0	0	0	0	0	0	0	3	0	0	0	0	0	0	0	0	0	0	0	0	0	0	0	0	0	0	0	0	0	0	0	0	0	0	0	0	0	0	0	0	0	0	0	0	0	0	0	0	0	0	0	0	0	0	0	0	0	0	0	0	0	0	0	0	0	0	0	0	0	0	0	0	0	0	0	0	0	0	0	0	0	0	0	0	0	0	0	0	0	0	0	0	0	0	0	0	0	0	6	0	0	0	0	0	0	3	0	0	0	0	0	0	3	0	0	0	0	0	0	0	0	0	0	0	3	0	0	0	0	0	0	0	0	0	0	0	0	0	0	0	0	0	0	0	0	0	0	0	0	0	0	0	0	0	0	0	0	0	0	0	0	0	0	0	0	0	0	3	0	0	0	0	6	0	0	0	0	0	0	0	0	0	0	0	0	0	0	0	0	0	0	0	0	0	0	0	0	0	0	0	0	0	0	0	0	0	0	3	0	0	0	0	0	0	0	0	3	0	0	0	0	0	0	0	0	0	0	0	0	0	3	0	0	0	0	0	0	0	0	0	0	0	0	0	0	0	0	0	0	0	3	0	0	0	0	0	0	0	0	0	0	0	0	0	0	0	0	0	0	0	3	0	0	0	0	0	3	0	0	0	3	3	0	0	0	0	0	0	0	3	0	0	0	0	0	0	0	0	0	0	0	0	0	0	0	0	0	0	0	0	0	0	0	0	0	0	0	0	0	0	0	0	0	0	0	0	0	0	0	0	0	0	0	0	0	3	0	0	0	0	0	0	3	0	0	0	0	0	3	0	0	0	0	3	0	0	0	0	0	0	0	0	0	0	0	0	0	0	0	0	0	0	3	0	0	0	0	0	0	0	0	0	0	0	0	0	0	0	0	0	0	0	0	0	0	0	0	0	0	0	0	0	0	0	0	0	0	0	0	0	0	0	3	0	0	0	0	0	0	0	0	0	0	0	0	0	3	0	0	0	0	0	0	0	0	0	0	0	0	0	0	0	0	0	0	0	3	0	0	0	0	0	0	0	0	0	0	0	0	0	0	0	0	0	0	0	0	0	0	0	0	0	0	0	0	0	0	0	0	0	0	0	0	0	0	0	0	0	0	0	3	0	0	0	0	0	0	0	0	0	0	0	0	0	0	0	0	0	0	0	0	0	0	0	0	0	3
2023.28109244436	1	4	1	1	1	1	1	1	1	1	1	1	1	1	1	1	1	1	1	1	1	1	1	1	1	1	1	1	1	1	1	1	1	1	1	1	1	1	1	1	4	1	1	1	4	1	1	1	1	1	1	1	1	1	1	1	1	4	5	1	1	1	1	1	1	1	1	1	1	1	1	1	4	1	1	4	1	1	1	4	1	1	1	1	6	1	1	4	4	1	1	1	4	1	4	1	1	1	1	1	1	1	1	1	1	1	1	1	1	1	1	1	1	1	1	1	1	4	1	1	1	1	1	1	10	1	1	4	1	1	1	1	1	1	1	1	1	1	1	1	1	1	4	1	1	1	1	1	1	1	1	1	1	1	4	1	1	1	1	4	1	1	1	1	1	1	1	1	1	1	1	1	1	1	1	1	1	1	1	1	1	1	1	1	1	1	1	1	1	1	1	1	1	1	1	1	1	1	1	1	6	6	1	4	4	1	1	1	1	1	1	1	1	1	1	1	1	1	1	1	1	1	1	1	1	1	10	8	1	1	1	4	1	1	1	1	1	1	4	1	1	1	1	1	1	1	1	1	1	1	1	1	1	1	1	1	1	1	1	1	1	1	1	5	1	1	1	4	1	1	1	1	1	1	1	1	1	1	4	1	1	1	1	1	1	1	1	1	1	4	1	1	1	1	1	1	1	1	1	1	1	1	1	1	1	1	1	1	1	1	1	1	1	1	1	1	1	1	1	1	1	1	1	1	1	1	1	4	1	1	1	1	1	1	1	1	1	1	1	1	1	1	1	1	1	1	1	1	1	1	1	1	1	1	1	1	1	1	1	4	4	1	1	1	1	1	1	4	1	1	1	1	1	1	1	1	1	1	1	1	1	1	1	1	1	1	1	1	1	1	1	1	1	1	1	1	1	4	1	1	1	1	1	1	1	1	1	1	1	4	1	1	1	4	1	1	4	1	1	4	1	1	1	1	1	1	1	1	1	1	1	1	1	4	1	1	1	1	1	1	1	1	1	1	1	1	1	1	1	1	1	1	1	1	1	4	1	4	1	1	4	1	1	1	1	1	1	4	1	1	1	1	1	1	1	1	1	1	1	1	1	4	1	1	1	1	1	1	1	1	4	4	1	1	1	1	1	1	1	1	1	1	1	1	1	1	1	1	1	1	1	1	1	1	1	1	1	1	4	1	1	1	1	1	1	1	1	1	1	1	1	1	1	1	1	1	1	1	1	1	1	1	1	1	1	1	1	1	1	1	1	1	4	4	1	1	1	1	1	1	1	1	1	1	4	6	1	1	1	1	1	4	1	1	1	1	1	1	1	1	1	9	1	1	1	1	1	1	4	1	1	1	1	1	1	4	1	1	1	1	1	1	1	1	1	1	1	4	1	1	1	1	1	1	1	1	4	1	1	1	1	1	1	1	1	1	1	1	1	1	1	1	1	1	1	1	1	1	1	1	1	1	1	1	1	1	1	4	1	1	1	1	1	1	1	9	1	1	1	1	1	1	1	1	1	1	1	1	1	1	1	1	1	1	1	1	1	1	1	1	1	1	1	1	1	1	1	1	1	1	1	1	1	1	1	1	1	1	1	4	1	1	1	1	1	1	1	1	1	1	1	1	1	1	1	1	1	1	1	1	1	1	1	1	1	1	1	1	1	1	1	1	1	1	1	1	1	1	1	1	1	1	1	1	1	1	1	1	1	1	1	1	1	10	1	1	1	1	1	4	1	1	1	4	4	1	1	1	1	1	1	1	4	1	1	1	1	1	1	1	1	1	1	1	1	1	1	1	1	1	1	1	1	1	1	1	1	1	1	1	1	1	1	1	4	6	1	1	1	1	1	1	1	1	1	1	1	1	1	1	1	1	1	1	1	1	1	4	1	1	4	6	1	1	1	1	1	1	1	1	1	4	1	1	1	1	1	1	1	1	1	1	1	1	1	4	1	1	1	1	1	1	1	1	1	1	1	1	1	1	4	1	1	1	1	1	1	1	4	1	1	1	1	1	1	1	1	1	1	1	1	4	1	1	1	6	1	1	1	1	1	1	1	1	1	1	1	1	1	1	1	1	1	1	1	1	1	1	1	1	1	1	1	1	1	1	1	1	1	4	1	1	1	1	1	1	1	1	1	1	1	1	1	1	1	1	1	1	1	4	1	1	1	1	1	1	1	1	1	1	1	1	1	1	1	1	1	1	1	1	1	1	1	6	1	1	1	1	1	1	1	1	1	4	1	1	1	1	1	1	1	1	4	1	1	1	1	1	1	4
2023.29446946371	1	4	1	1	1	1	1	1	1	1	1	1	1	1	1	1	1	1	1	1	1	1	1	1	1	1	1	1	1	1	1	1	1	1	1	1	1	1	1	1	4	1	1	1	4	1	1	1	1	4	4	1	1	1	1	4	1	4	11	1	4	1	1	1	1	1	1	1	6	1	1	1	6	1	1	4	1	1	1	1	1	1	1	1	6	1	1	4	4	1	1	1	4	4	4	1	1	1	1	1	1	1	1	1	1	1	1	1	1	1	1	1	1	1	1	1	1	4	1	1	1	1	1	1	11	1	1	6	1	1	1	1	1	1	1	1	1	1	1	1	1	1	4	4	1	1	1	1	1	1	1	1	1	1	1	1	1	1	1	4	1	1	1	1	1	1	1	1	1	1	1	1	1	1	1	1	1	1	1	1	1	1	1	1	1	1	1	1	1	1	1	1	1	1	1	1	1	1	1	1	6	7	1	4	4	1	1	1	1	1	4	1	1	1	1	1	1	4	1	1	1	4	1	1	1	1	11	13	1	1	1	6	4	1	1	1	1	1	4	1	1	1	1	1	1	1	1	1	1	1	1	1	1	1	1	1	1	1	1	1	1	1	1	11	1	1	1	4	1	1	1	1	1	1	1	1	1	4	4	1	1	1	1	1	1	4	1	1	1	1	1	1	1	1	1	1	1	1	1	1	4	1	1	6	1	1	4	1	1	1	1	1	1	1	1	1	1	1	4	1	1	1	1	1	1	1	1	4	1	1	1	1	1	1	1	1	1	1	4	1	1	1	1	1	1	1	1	1	1	1	4	1	1	1	1	1	1	4	1	4	8	1	1	1	1	1	4	6	1	1	1	1	1	1	4	1	1	1	1	1	1	1	1	1	1	1	1	1	1	1	1	1	1	1	1	1	1	6	1	1	1	1	4	1	1	1	1	1	1	4	1	1	1	4	1	1	4	1	1	1	4	1	4	1	1	1	1	1	1	1	1	1	1	1	1	1	1	1	1	1	1	1	1	1	1	1	1	1	1	1	1	1	1	1	1	1	1	1	1	1	4	1	1	1	1	1	1	4	1	4	1	4	1	1	1	1	1	1	1	1	1	6	1	1	1	1	1	1	1	1	4	4	1	1	1	1	4	1	1	1	1	1	1	1	1	1	1	1	1	4	1	1	1	1	4	1	1	1	4	1	1	1	1	1	1	1	1	1	1	1	1	1	1	1	1	1	1	1	1	1	4	1	1	4	1	1	1	1	1	1	1	1	4	4	1	1	1	1	1	1	1	1	1	1	4	6	1	1	1	1	1	8	1	1	1	1	1	1	1	1	1	10	1	1	1	1	1	1	1	1	1	1	1	1	4	1	4	1	1	1	4	1	1	1	1	1	1	1	1	1	1	1	1	1	1	1	4	1	4	1	1	1	1	1	1	4	1	1	1	1	1	1	1	4	1	1	1	1	1	1	1	1	1	1	1	1	4	4	1	1	1	4	1	1	1	10	1	1	1	1	1	1	4	1	1	1	1	1	1	1	4	4	1	1	1	1	1	1	1	1	1	1	1	1	1	1	1	1	1	1	1	1	1	1	1	1	1	1	1	1	1	1	1	1	1	1	1	1	1	1	1	4	1	1	1	4	1	1	1	1	1	1	1	1	4	1	1	1	1	1	1	1	1	1	1	1	1	1	1	1	1	1	1	1	1	1	1	1	1	1	1	1	1	11	1	1	1	1	1	4	1	1	1	1	6	1	1	1	1	1	4	1	1	1	1	1	1	1	1	1	1	1	1	1	1	1	1	1	1	1	1	1	1	1	1	1	1	1	1	1	1	4	1	1	4	7	1	1	1	1	1	1	1	1	1	1	1	1	1	4	1	4	1	1	1	1	1	4	1	1	4	6	1	1	1	1	1	1	1	1	4	4	1	1	1	1	4	1	1	1	4	1	1	1	1	4	1	1	1	1	4	1	1	1	1	1	1	1	1	1	4	1	1	1	1	1	1	1	4	1	1	1	1	1	1	1	1	1	1	1	1	6	1	1	1	6	1	1	1	1	1	1	1	1	1	1	1	1	1	1	1	1	1	1	1	1	1	4	1	1	1	4	4	1	1	1	1	1	1	1	1	1	1	4	1	1	1	1	1	4	4	1	1	1	1	1	1	4	4	4	4	1	1	1	1	1	1	1	1	1	1	1	1	1	1	1	1	1	1	1	1	1	1	6	1	1	1	1	1	1	1	1	1	4	1	1	1	1	1	1	1	1	4	4	1	4	1	1	1	1
2023.30784648306	4	6	1	1	1	1	1	1	1	1	1	1	1	1	4	1	1	1	1	10	4	1	1	1	1	4	1	1	1	4	1	1	1	1	1	1	1	4	1	1	4	1	4	1	4	1	1	4	1	4	4	1	1	1	4	8	1	4	11	1	4	1	1	1	1	4	4	1	6	1	1	1	8	1	1	6	1	1	1	1	1	1	1	1	4	1	1	1	6	1	4	1	6	4	4	1	1	1	1	1	1	1	1	4	6	1	1	1	1	1	1	1	1	1	1	1	1	6	1	1	7	1	1	1	9	1	1	9	1	1	1	4	1	4	1	1	1	1	1	1	1	4	6	4	1	4	1	1	1	1	1	1	1	1	1	1	1	1	1	4	1	1	4	1	1	1	1	1	1	1	1	1	1	4	1	1	1	1	1	1	1	1	1	1	1	1	1	1	1	1	4	1	1	1	1	1	1	1	1	1	4	7	1	4	4	1	1	1	1	1	4	1	1	1	1	1	1	4	1	1	4	4	1	1	1	4	9	11	1	1	1	8	4	1	1	1	1	1	4	1	1	4	1	1	1	1	1	1	1	1	1	1	1	1	1	1	1	1	1	4	1	1	1	11	1	1	4	4	1	1	1	1	1	1	1	1	1	8	4	1	1	1	1	1	1	4	1	1	1	1	1	1	1	1	1	1	1	1	1	1	6	1	1	6	1	1	8	1	1	4	1	1	1	1	1	1	1	4	4	1	4	1	1	1	1	1	1	6	1	1	1	1	1	1	1	1	1	1	4	4	1	1	1	4	1	1	1	1	1	1	4	1	1	4	4	1	1	6	1	4	10	4	1	1	1	1	8	8	1	6	1	1	1	1	4	1	1	1	1	1	1	1	1	1	1	1	1	1	4	1	4	1	1	1	1	1	4	4	1	1	1	1	4	1	1	1	1	1	1	4	1	1	1	4	1	1	4	4	1	1	6	1	8	1	1	1	1	1	1	4	1	1	1	1	1	1	1	1	1	1	1	4	1	1	1	1	1	1	1	1	1	1	1	1	1	1	1	1	1	4	4	1	1	1	1	4	1	4	1	4	4	4	1	7	1	1	1	1	1	4	1	9	1	1	1	1	1	1	1	1	4	4	6	1	1	1	4	1	1	4	1	1	1	1	1	1	1	1	1	4	1	1	1	1	4	1	1	1	4	1	1	1	1	1	1	1	1	1	1	1	1	1	1	1	1	1	1	1	1	4	4	1	1	4	1	1	1	1	1	1	1	4	4	8	1	1	1	1	1	1	4	1	1	1	4	8	1	1	1	4	1	10	1	1	1	1	1	1	1	1	1	8	1	1	1	1	4	1	1	1	7	1	1	1	4	1	9	1	1	1	4	4	1	1	1	1	1	1	1	1	1	1	1	1	1	1	4	1	4	1	1	1	4	1	1	4	1	1	4	1	1	1	1	4	1	1	1	1	1	1	1	1	1	4	1	1	4	4	4	1	1	4	4	1	4	8	4	1	1	1	1	1	4	1	1	1	1	1	1	4	4	4	1	1	1	1	1	4	1	1	1	1	1	1	1	1	1	1	1	1	1	7	1	1	4	1	1	1	1	1	1	1	1	1	1	1	1	1	1	1	1	4	1	1	1	7	1	1	1	1	1	1	1	1	6	1	1	1	4	1	1	1	1	1	1	1	1	1	6	1	1	1	1	1	1	1	4	4	1	4	1	1	1	9	1	1	1	1	1	3	1	1	1	1	4	1	1	1	1	4	4	1	1	1	4	1	1	1	1	1	4	1	1	1	1	4	1	1	1	6	1	1	1	4	1	1	1	1	1	1	1	4	1	4	4	7	1	1	4	1	1	1	1	1	1	1	1	1	1	6	1	6	3	1	1	1	1	8	4	1	4	4	1	4	1	1	1	4	1	1	6	4	4	1	4	1	9	1	1	1	6	6	1	4	1	4	1	1	1	1	4	1	1	1	1	1	1	1	1	4	4	1	1	1	4	1	1	1	4	1	1	1	4	1	1	1	1	1	1	4	1	6	4	1	1	4	1	1	1	4	1	1	1	1	4	1	1	1	1	1	4	1	1	4	1	1	1	4	1	1	4	4	6	1	1	1	1	1	1	1	1	1	1	6	1	1	1	1	1	4	9	1	4	1	1	1	4	4	4	4	4	1	1	1	1	6	1	1	1	1	1	1	4	4	1	1	1	1	1	1	4	1	1	4	1	1	1	1	1	1	1	1	1	4	1	4	4	6	1	1	1	1	4	4	1	4	1	4	1	1
2023.32122350241	3	3	0	6	0	0	0	0	0	3	0	0	0	3	5	0	0	0	0	12	3	0	0	0	0	3	3	0	0	4	0	0	0	0	0	0	0	8	0	0	0	0	3	0	0	0	0	5	0	5	8	0	0	0	5	7	0	0	8	0	9	0	3	3	0	3	3	0	5	0	3	0	7	3	0	3	0	0	0	0	0	3	0	0	4	3	0	0	3	0	3	0	7	5	0	0	5	3	0	0	0	0	0	3	10	0	0	3	0	5	0	3	3	3	3	5	0	3	0	0	8	0	0	0	2	0	0	6	0	3	0	6	3	8	0	0	0	0	0	6	0	3	7	3	3	5	3	0	0	0	0	0	0	0	0	0	3	0	0	3	0	0	3	0	0	0	5	0	0	0	0	0	0	3	0	3	0	5	0	3	0	0	3	0	0	0	3	0	0	3	5	0	3	0	0	0	5	3	0	0	4	4	0	0	7	0	0	0	0	3	5	0	0	0	0	0	0	3	0	0	6	5	0	0	0	3	2	9	0	0	0	7	7	0	0	0	0	0	0	0	0	3	0	0	0	0	0	0	0	0	0	0	0	0	0	0	0	0	3	5	0	0	3	8	3	0	6	2	0	0	0	0	3	3	0	0	0	9	3	0	3	3	5	0	3	3	0	3	0	0	0	0	0	5	3	0	0	0	0	0	10	0	8	5	0	0	10	3	0	5	0	0	0	0	0	0	0	5	9	0	7	3	0	0	0	0	0	3	0	0	0	0	0	0	0	0	0	0	7	3	0	3	0	3	0	0	0	0	0	0	3	0	0	3	7	0	0	9	0	3	12	5	0	0	0	0	10	10	3	10	0	0	0	3	5	3	0	0	5	0	0	0	3	0	0	0	0	0	3	7	4	0	0	3	0	3	3	3	0	0	0	0	9	0	3	0	0	0	0	4	0	0	0	0	0	3	0	7	0	0	9	0	9	0	0	0	0	0	0	3	0	0	0	0	0	0	0	0	0	3	0	6	0	0	5	0	0	0	0	0	0	0	0	0	0	0	0	0	0	3	3	0	0	0	5	5	0	0	0	5	7	3	0	8	0	5	5	3	0	9	0	6	0	0	0	0	3	0	0	0	3	3	9	0	0	0	3	0	0	3	0	0	0	0	0	0	0	0	0	9	6	0	0	8	3	0	0	0	5	0	0	0	0	0	0	0	0	0	0	0	0	0	0	0	3	0	0	0	0	5	3	0	0	3	0	0	0	0	3	0	0	5	0	9	3	3	3	5	3	0	7	0	0	0	0	3	5	3	0	3	0	10	0	0	0	0	0	0	0	4	0	3	0	0	0	0	7	0	3	3	8	3	0	0	7	0	8	0	0	0	3	3	0	0	0	3	0	0	0	0	0	0	3	0	0	0	0	0	9	0	0	0	3	0	0	9	3	0	3	0	0	0	0	7	0	0	3	3	3	0	0	0	0	5	0	0	5	3	6	0	0	3	3	0	3	3	3	0	3	0	0	0	3	0	0	0	0	0	0	8	3	3	0	0	0	0	0	3	0	0	0	0	0	0	0	0	0	0	0	0	0	8	0	0	3	0	0	0	0	0	0	0	0	3	0	0	0	0	0	0	0	3	0	0	0	6	0	0	0	0	5	3	0	0	5	0	4	0	5	3	0	0	0	0	0	3	0	0	10	3	0	0	3	0	0	0	3	5	3	3	0	0	0	2	0	3	0	3	4	2	0	0	3	0	3	0	0	0	0	3	3	0	0	0	3	0	0	3	0	0	3	0	0	3	0	7	0	0	0	5	3	0	0	5	3	0	0	0	0	0	0	9	0	3	3	4	0	0	5	0	0	0	0	0	0	0	0	0	0	10	0	10	4	0	0	0	0	9	7	0	0	4	0	3	0	5	0	3	0	0	7	0	5	0	3	0	12	0	0	0	9	11	0	3	0	3	3	3	0	0	3	0	0	0	0	0	3	0	0	3	0	0	0	0	7	0	0	0	3	0	0	0	10	0	3	0	3	0	3	6	0	7	5	0	0	4	0	0	0	6	0	0	0	0	3	0	3	0	0	0	7	0	0	3	3	0	0	7	3	0	3	7	5	0	0	0	0	0	0	0	0	0	0	8	4	0	3	0	0	3	12	3	6	0	0	0	5	5	3	0	5	0	0	0	0	10	0	0	0	0	0	0	3	5	0	0	0	0	3	0	3	0	0	4	0	0	0	0	0	0	0	0	3	0	0	5	5	10	0	0	0	0	0	3	0	3	11	3	3	0
2023.33460052177	3	5	0	10	3	0	3	3	0	3	3	0	0	5	7	3	3	0	3	12	3	0	0	3	0	3	6	3	0	6	3	0	0	0	3	0	3	10	0	3	0	3	7	0	0	0	0	6	0	7	8	0	3	3	7	9	0	0	3	3	10	3	3	3	0	3	3	3	5	0	9	0	6	3	0	5	0	3	0	0	0	5	0	0	6	3	0	0	5	0	9	3	10	5	0	0	7	6	3	0	0	3	0	7	12	0	0	3	0	7	3	3	3	3	3	6	0	5	0	0	8	0	5	0	0	0	0	10	0	7	0	6	3	10	0	3	0	0	0	10	0	5	10	0	3	7	3	3	0	0	0	0	3	3	0	0	9	3	3	3	0	0	9	0	0	3	7	0	3	0	3	0	5	5	0	3	5	5	3	9	0	0	8	3	0	0	3	3	0	7	7	5	3	0	0	0	8	3	0	0	6	5	0	0	10	0	3	3	0	3	5	0	0	0	0	3	0	0	0	0	6	5	3	0	0	3	0	7	3	0	0	6	8	0	3	0	3	3	0	3	0	3	0	3	0	0	5	0	0	0	0	0	0	0	0	0	0	0	3	12	0	0	3	3	3	0	12	2	3	0	3	3	3	3	0	3	0	10	5	0	7	6	6	0	5	0	0	3	3	3	0	0	3	8	5	0	3	0	3	0	10	0	12	5	0	0	10	3	3	7	0	0	0	0	0	3	0	5	9	0	9	3	0	0	0	0	3	5	0	0	0	0	3	0	0	3	0	0	7	9	0	9	0	3	3	7	0	0	0	0	0	0	0	3	7	0	0	7	0	3	9	11	3	0	3	0	10	8	3	12	3	0	0	3	5	3	3	0	7	3	0	0	8	0	0	0	3	3	4	9	6	0	0	3	0	3	5	0	3	0	0	3	12	3	5	0	3	3	0	6	0	0	3	0	0	3	0	12	0	0	7	0	10	0	5	0	3	0	0	5	3	3	3	3	0	3	3	0	0	5	3	6	0	3	5	3	5	3	0	3	3	3	0	3	0	0	0	3	0	3	9	3	3	3	9	5	3	0	0	5	12	5	0	10	0	7	6	3	3	9	3	10	0	3	3	0	9	0	0	0	9	3	9	0	0	3	0	0	0	5	0	3	3	3	0	0	3	0	0	10	10	0	3	12	3	3	3	3	7	0	0	0	3	0	3	3	0	0	3	0	0	0	0	3	3	3	0	3	3	5	5	3	3	0	0	0	0	3	3	0	0	10	5	10	3	3	9	5	3	3	12	0	0	0	0	3	8	3	3	3	3	7	3	0	3	0	0	3	0	10	3	0	0	0	0	0	10	0	3	3	10	5	0	3	5	0	6	0	0	0	0	5	3	0	0	9	0	3	0	0	0	0	3	0	0	0	0	0	9	3	0	3	3	3	0	10	3	3	5	0	0	3	0	8	0	0	3	3	5	0	3	3	3	11	3	0	5	5	6	0	0	3	5	3	3	0	3	0	3	0	0	0	3	0	0	3	0	3	5	8	0	0	0	3	0	7	0	7	0	3	3	0	3	0	0	0	3	0	0	0	3	10	3	0	3	3	0	0	0	3	3	0	3	3	3	3	0	5	3	3	0	0	3	10	3	4	0	0	0	0	7	3	0	0	8	0	12	0	5	3	3	0	3	0	0	3	0	0	12	6	3	3	3	0	0	0	3	10	3	5	0	0	3	0	3	3	0	5	4	4	0	0	3	5	0	0	0	0	0	3	0	3	0	0	3	3	0	3	3	0	3	0	0	8	0	9	3	0	0	5	3	0	3	5	3	3	3	3	3	3	0	12	0	6	3	5	3	3	10	3	3	3	0	0	3	0	3	0	3	10	3	10	6	3	0	0	0	10	10	3	0	6	0	3	3	6	0	3	3	3	7	3	10	0	7	3	13	3	0	0	7	11	3	5	3	5	10	3	0	0	3	0	0	3	0	3	6	0	0	3	0	2	3	3	9	0	0	0	5	0	0	3	12	0	3	5	3	3	3	12	0	6	5	3	3	6	3	0	3	6	0	0	0	0	5	3	3	0	0	0	10	3	0	10	3	0	0	5	3	0	3	11	3	0	0	0	0	3	0	0	0	0	0	8	4	3	5	3	0	0	13	9	8	5	5	0	7	7	0	0	5	0	0	0	0	12	3	3	3	0	0	0	3	6	3	0	0	0	3	0	3	0	0	6	0	3	0	0	0	0	0	0	3	0	0	6	12	12	0	0	3	3	0	0	0	0	12	3	3	3
2023.34797754112	1	6	1	11	6	1	4	6	1	6	8	4	6	6	13	7	4	1	4	8	6	4	4	4	4	4	7	4	4	7	4	4	1	1	4	4	4	11	4	8	1	4	11	1	1	1	4	8	4	8	9	1	6	4	9	4	1	1	4	4	11	4	6	8	1	4	6	4	6	1	10	1	7	4	1	7	4	4	4	1	1	7	4	1	10	4	4	1	7	1	8	4	10	6	1	1	11	7	4	4	4	4	1	8	9	1	1	4	4	12	4	4	4	8	4	11	6	6	4	1	9	1	11	6	6	1	4	6	1	12	6	5	6	11	1	4	6	1	1	11	1	6	10	8	4	10	7	4	1	1	1	4	4	6	6	1	10	4	6	9	1	1	8	4	1	4	12	1	4	1	6	4	6	5	4	6	11	10	8	13	1	1	9	4	4	6	4	4	1	12	10	6	8	1	4	1	13	7	4	6	10	6	1	6	11	4	8	8	1	8	6	6	1	1	4	4	1	5	4	4	9	8	4	1	4	1	6	8	6	1	4	7	9	4	6	4	4	6	1	6	4	6	4	4	1	1	12	1	8	1	4	4	1	4	4	4	4	1	7	11	4	1	4	4	6	1	11	7	4	1	6	8	7	4	1	4	1	10	4	1	12	7	9	1	6	6	1	4	6	4	1	1	4	13	6	1	4	4	6	8	9	4	13	6	6	4	7	6	8	10	1	4	1	1	4	4	4	9	10	1	8	4	1	4	8	6	6	7	4	1	4	1	4	1	4	4	1	4	13	10	4	11	4	6	8	8	1	6	4	4	4	1	4	6	7	1	4	10	1	6	10	11	4	1	4	1	7	6	4	9	4	4	6	9	4	4	6	4	11	6	6	1	11	4	1	4	4	4	5	12	7	1	1	6	4	4	6	6	6	1	4	5	11	4	7	4	6	6	4	11	1	4	4	1	4	6	1	13	4	1	9	1	10	4	6	4	4	1	1	10	4	4	4	8	4	6	6	1	4	6	4	5	4	4	10	4	8	4	4	6	10	4	1	9	1	1	1	4	1	6	10	4	6	7	11	4	4	1	4	4	11	8	1	8	1	11	9	6	6	8	4	6	1	11	4	4	13	4	1	4	10	9	10	4	1	7	4	4	4	6	1	4	7	4	4	1	4	1	1	11	13	4	8	14	6	4	8	4	11	1	4	4	4	4	6	4	1	1	8	1	4	1	6	4	6	6	1	4	4	8	4	8	4	3	1	1	6	4	8	4	1	9	6	8	4	10	13	8	4	4	13	4	10	1	1	3	13	4	4	7	6	9	4	4	4	4	4	4	1	15	8	3	4	1	1	1	11	4	6	4	8	12	4	6	6	4	7	1	1	1	1	11	7	4	1	10	4	4	4	1	4	1	4	1	4	4	6	1	10	6	4	8	6	5	1	11	6	4	6	1	4	4	1	9	1	1	6	4	7	1	4	6	4	12	6	4	8	10	5	1	1	4	6	4	7	3	1	1	4	4	6	1	10	4	4	8	1	4	12	9	1	1	1	4	4	8	4	6	1	4	8	1	4	4	1	4	8	1	6	4	6	8	8	1	4	4	4	1	1	4	4	1	9	6	4	4	4	6	4	6	1	1	6	13	4	6	1	1	1	4	11	8	1	1	13	4	13	4	8	6	4	1	8	1	1	7	1	4	9	11	9	8	8	4	4	1	4	9	7	6	4	4	4	6	4	6	4	10	7	8	4	5	4	6	6	4	1	4	1	6	3	4	1	1	6	4	1	4	6	4	4	4	4	9	6	8	4	4	1	3	8	4	4	9	4	4	8	4	4	4	4	11	1	7	6	6	4	4	10	4	7	6	1	1	8	6	7	4	6	10	4	9	10	9	1	6	1	8	11	8	1	10	4	6	6	7	1	4	6	4	7	8	11	4	6	6	12	4	1	4	9	11	6	6	4	4	11	4	4	4	1	6	4	6	1	4	7	6	1	6	1	9	4	4	8	4	4	4	10	1	4	7	11	1	4	6	8	4	6	11	4	10	4	4	4	10	6	4	6	9	1	6	4	1	6	4	8	1	4	6	11	6	4	11	6	4	4	6	4	4	4	10	5	4	1	4	1	4	1	1	1	1	4	11	7	6	7	4	1	4	12	13	7	9	6	4	8	6	1	1	10	4	1	4	1	9	4	4	6	4	1	4	6	8	6	4	4	1	4	1	6	4	4	10	4	4	1	6	6	1	1	10	8	1	4	9	11	9	1	1	8	4	1	3	4	4	13	1	8	8
2023.36135456047	7	7	1	13	8	4	6	8	4	8	10	6	10	6	13	9	10	4	8	3	8	4	8	6	6	1	7	4	7	6	6	6	4	4	11	9	8	10	9	11	4	4	11	1	1	1	6	10	11	10	9	4	8	10	13	4	5	1	4	10	6	11	8	7	6	4	6	4	9	1	10	4	4	6	6	10	10	13	10	1	1	9	7	4	10	6	9	5	10	1	9	4	6	7	1	8	8	7	12	11	6	6	1	10	4	3	5	6	9	8	6	7	1	8	1	8	11	7	4	1	9	4	11	7	8	6	8	6	4	10	6	6	12	10	6	8	13	4	6	13	4	9	6	13	9	9	7	8	4	1	6	4	8	6	15	4	10	8	11	9	8	4	9	6	6	6	8	4	4	1	11	7	10	11	8	4	11	6	10	13	4	6	9	4	10	10	7	6	6	10	9	10	10	8	13	1	10	7	6	9	10	8	6	10	8	7	11	10	4	7	7	12	8	1	4	10	4	7	4	4	11	8	6	6	4	4	8	8	10	4	13	4	7	6	8	4	8	10	1	11	4	8	6	8	1	6	13	4	10	4	6	8	4	4	8	10	6	1	7	9	8	4	8	4	8	3	11	8	6	4	6	11	9	8	4	8	6	7	4	1	10	7	11	4	8	8	9	6	10	6	4	4	4	10	10	8	6	8	11	10	4	10	7	9	12	6	6	4	10	9	8	8	4	4	9	4	10	7	8	1	8	6	8	10	10	8	6	10	4	6	8	1	4	1	6	4	6	4	11	10	8	11	6	8	12	11	1	11	4	4	6	1	6	6	1	6	10	9	4	4	9	11	8	4	8	6	6	6	4	4	4	8	11	11	9	8	6	6	8	10	9	1	11	8	4	6	6	4	5	7	6	4	8	11	4	6	8	7	8	4	7	7	9	4	9	6	9	10	10	10	6	6	10	1	6	6	1	9	6	4	5	4	7	4	10	8	8	1	4	8	6	6	8	11	9	11	8	1	6	10	13	6	10	9	6	6	10	10	9	12	11	6	1	9	8	1	6	6	4	10	11	13	9	9	9	9	10	1	4	9	9	9	8	4	4	8	11	6	10	10	4	6	1	13	10	6	13	4	1	8	11	9	7	6	1	7	9	6	4	8	4	6	11	9	6	4	4	6	6	6	11	10	11	11	7	4	11	8	10	4	4	6	4	4	6	8	8	4	12	4	7	8	6	8	7	10	6	4	10	10	8	13	4	5	4	4	8	8	9	10	1	9	8	6	4	10	11	8	1	4	9	4	12	6	4	6	10	1	10	7	11	3	6	7	8	6	10	9	6	13	10	3	4	4	4	1	7	6	6	6	4	12	4	6	10	8	4	8	4	4	4	13	11	10	4	10	6	6	10	5	4	1	7	6	10	8	10	4	8	12	6	11	9	7	1	6	4	6	8	4	6	9	6	7	5	6	6	1	7	4	6	10	6	10	12	8	9	9	6	1	1	10	8	8	7	3	1	4	6	6	7	4	10	6	6	12	4	8	13	11	4	11	1	10	8	10	4	9	4	8	11	4	6	10	1	8	11	1	9	6	13	4	11	4	8	8	4	4	8	6	8	4	11	6	10	8	4	10	9	10	4	7	11	16	8	8	4	4	4	4	8	8	1	4	13	10	12	6	10	12	10	1	9	8	4	7	8	6	4	11	13	10	10	8	13	8	6	9	7	8	4	9	4	8	4	6	10	8	10	10	4	5	4	9	7	6	4	6	4	10	5	6	4	1	8	4	10	1	12	8	6	6	6	9	11	8	8	8	1	11	13	6	4	7	6	11	10	8	7	8	4	9	4	9	4	8	8	8	10	9	11	10	1	6	11	8	7	4	13	4	4	4	10	9	1	6	1	6	7	10	1	10	9	6	10	3	4	11	8	11	12	9	10	6	8	10	8	8	1	7	5	5	8	11	10	4	9	1	11	4	6	6	8	10	4	4	7	6	6	9	1	11	10	8	8	8	6	6	9	1	8	11	4	1	9	11	10	6	12	11	4	10	9	8	8	10	8	4	8	11	4	11	8	6	11	8	8	6	4	6	7	10	10	12	4	6	8	10	6	4	7	7	5	4	1	6	1	4	8	1	8	4	8	13	10	10	7	8	4	6	8	13	4	11	10	10	8	9	7	11	10	4	4	8	4	4	4	4	8	6	8	4	8	10	8	4	4	4	6	8	4	6	6	10	6	11	4	10	12	1	4	12	6	1	7	8	9	4	6	1	10	6	1	5	4	9	5	8	8	11
2023.37473157982	13	9	4	9	12	13	11	8	4	13	10	10	15	6	11	12	11	11	10	3	10	12	13	11	12	4	8	1	11	6	11	13	11	13	15	11	9	7	11	11	11	1	14	4	1	1	8	9	15	12	5	10	9	11	15	5	11	6	7	11	1	11	13	11	13	7	6	11	13	4	6	6	5	10	8	14	16	13	13	4	4	13	11	10	8	10	13	11	14	1	3	10	1	7	6	11	8	8	11	11	11	11	8	12	3	11	13	11	11	7	9	11	1	11	1	13	15	9	6	1	11	10	15	14	8	14	13	7	8	6	20	12	11	7	13	10	14	13	13	9	11	10	1	14	9	10	11	9	11	4	14	11	11	6	23	11	6	13	11	8	8	10	3	13	11	10	7	10	12	4	9	11	12	10	17	8	15	7	13	8	6	6	10	13	12	15	11	8	12	6	7	6	11	13	18	4	9	11	13	15	8	6	9	11	1	12	12	9	11	11	7	15	13	1	12	14	13	11	12	12	13	10	6	13	9	7	8	1	8	5	18	5	8	13	11	4	13	12	1	9	4	10	9	12	4	11	11	8	13	11	12	13	8	10	10	16	13	1	11	1	13	4	12	7	13	11	5	10	9	13	10	12	9	13	9	10	10	5	3	6	6	4	15	10	11	11	11	11	11	10	10	4	9	9	10	11	9	12	11	16	1	16	3	13	14	8	1	8	10	10	12	13	5	6	11	1	13	11	8	11	8	10	12	10	16	15	8	14	6	11	13	1	9	4	16	8	9	6	10	4	10	6	8	11	12	6	4	15	6	4	8	1	12	6	7	11	10	9	11	9	8	3	9	10	11	9	1	7	6	3	11	14	17	13	9	13	7	13	8	13	13	11	6	13	8	16	4	6	8	5	6	11	11	11	8	11	12	10	9	4	11	13	7	9	13	13	9	11	13	8	12	13	15	6	13	12	1	3	8	7	5	8	5	8	12	13	10	4	4	8	11	4	11	10	13	18	11	1	8	10	13	12	16	14	7	11	12	9	13	22	14	11	6	11	13	1	11	10	4	14	8	13	13	12	10	10	10	6	4	9	1	14	11	4	4	8	15	12	14	9	13	7	1	16	11	8	8	11	6	13	8	8	6	13	8	11	13	10	4	9	10	8	11	10	6	14	8	13	10	1	6	10	12	5	13	12	13	8	6	11	10	12	10	8	7	11	13	14	13	6	11	8	11	13	12	11	10	9	11	12	12	13	9	9	10	4	17	13	13	12	4	7	13	4	8	12	7	12	4	9	3	10	12	13	11	9	9	1	14	11	11	3	10	13	8	11	11	14	9	13	10	3	4	11	8	4	7	16	9	11	4	11	4	9	14	12	9	13	4	8	10	14	11	13	4	6	8	10	10	7	12	4	13	12	14	16	11	4	8	15	8	16	11	13	4	1	9	11	14	13	11	9	12	8	11	10	12	1	11	11	13	8	6	6	22	12	9	13	12	4	1	10	12	13	11	3	1	10	11	8	9	15	9	13	8	13	4	11	11	10	10	14	4	14	13	8	4	8	7	9	14	11	11	13	9	11	11	4	13	14	14	4	11	10	8	8	4	4	12	10	10	4	11	13	14	11	13	14	11	11	13	16	9	9	9	13	10	8	10	13	8	11	4	10	8	11	4	12	12	11	16	1	9	13	11	11	12	11	3	11	11	13	11	10	18	13	15	7	11	14	6	11	13	8	11	11	13	9	11	9	6	11	9	13	10	11	8	12	4	14	9	8	13	4	10	8	15	1	16	13	11	10	8	10	15	8	11	13	4	15	15	13	13	11	10	11	8	9	9	11	4	7	10	8	9	6	8	13	8	10	11	13	4	13	13	17	11	4	14	6	9	1	10	11	4	11	4	4	7	13	1	8	13	6	9	4	13	14	11	12	19	10	4	13	7	11	1	11	1	11	5	5	10	9	10	3	6	1	11	6	11	11	13	11	6	9	4	11	13	11	1	13	11	11	8	10	9	13	13	4	10	11	1	4	9	13	11	12	11	5	4	12	10	11	9	8	11	6	11	13	13	15	13	13	11	13	13	13	6	11	7	14	10	7	8	13	13	14	11	13	7	5	11	8	4	10	6	9	13	4	11	11	13	12	11	11	11	11	4	10	1	8	4	9	14	16	9	11	16	13	11	8	7	10	4	3	8	9	8	8	13	6	11	9	8	6	12	10	10	13	11	11	16	8	6	13	8	15	15	9	13	12	11	6	13	9	1	3	10	6	9	9	1	9	4	13	5	8	9	10
2023.38810859917	12	7	3	9	11	12	10	8	7	20	5	7	12	8	5	15	12	12	9	2	12	9	12	11	9	8	5	5	9	7	10	11	12	13	14	10	6	6	10	7	10	0	10	7	5	3	9	5	12	13	7	11	6	10	14	7	12	8	7	10	0	10	20	8	12	3	4	13	12	5	8	5	2	12	11	11	14	10	12	5	7	11	10	14	4	12	10	12	11	3	5	10	4	10	8	10	5	5	13	15	10	10	12	9	2	12	14	10	12	2	8	10	3	11	3	7	13	7	7	3	9	12	12	13	2	13	10	7	7	5	17	13	8	6	12	12	13	13	12	9	12	9	4	8	8	5	11	6	15	3	13	8	13	6	19	13	8	12	10	5	10	11	5	12	12	11	2	11	12	5	11	9	10	8	15	8	12	2	11	5	7	5	8	12	12	12	10	10	14	5	4	7	7	13	21	5	6	10	14	11	4	3	10	7	0	10	7	6	12	8	10	12	12	3	10	13	13	8	10	10	8	7	6	14	8	8	2	0	5	6	21	2	3	13	10	3	12	9	5	11	3	12	6	13	5	12	2	14	13	14	9	10	14	8	9	13	15	3	11	0	10	6	11	7	20	12	4	10	8	14	7	7	6	13	14	7	12	2	2	7	5	5	13	9	11	11	13	10	8	9	9	8	11	6	13	10	8	12	9	13	0	13	2	12	11	9	2	8	5	5	11	10	6	5	10	3	12	6	7	14	6	12	13	8	13	14	6	11	10	12	10	3	8	3	13	12	10	10	2	4	7	3	8	7	7	7	5	13	9	6	7	3	9	4	6	12	8	6	10	6	5	0	6	11	11	10	2	6	5	2	10	12	15	11	14	13	10	10	5	11	9	14	3	12	7	13	5	7	9	2	7	13	10	9	7	10	12	6	6	7	9	10	8	10	11	15	10	9	10	3	11	12	12	8	11	14	5	4	8	10	2	7	2	5	10	11	9	5	3	3	8	3	10	6	13	18	11	5	9	13	10	13	14	13	2	10	10	8	10	18	11	8	7	7	14	3	12	9	7	12	6	10	11	15	7	9	13	8	3	14	3	13	12	7	3	5	13	14	14	10	12	7	3	11	12	6	5	10	5	10	6	5	4	11	12	8	11	10	3	8	12	10	8	9	6	15	12	12	11	0	4	8	7	2	11	12	9	12	3	12	10	9	10	7	10	10	14	15	11	5	10	10	6	10	12	9	11	10	10	7	12	10	10	9	12	7	14	13	9	12	3	6	12	3	9	10	2	11	7	10	4	10	3	12	10	8	6	9	13	7	9	0	12	10	8	13	8	13	10	7	12	0	5	12	7	7	6	13	7	10	7	7	7	8	18	11	7	12	7	7	11	9	8	10	3	8	7	9	8	12	9	3	12	12	15	17	7	5	7	14	9	12	7	10	5	0	9	10	10	12	8	10	12	3	12	14	14	0	9	12	10	5	7	5	18	12	6	8	13	5	3	14	12	12	7	0	0	11	10	7	11	14	4	15	8	11	7	10	2	7	11	16	7	13	10	7	3	11	10	10	12	10	11	12	10	8	6	3	11	15	12	7	6	12	8	8	3	8	11	9	9	3	10	11	13	11	10	13	10	10	13	15	11	7	6	9	13	14	14	10	5	11	3	16	5	8	3	9	7	8	16	3	6	12	14	11	11	10	2	9	7	11	7	9	21	14	12	6	10	10	7	12	12	2	13	11	10	9	14	3	4	9	10	11	6	13	7	9	9	12	9	10	13	3	12	7	14	3	14	10	9	11	6	8	13	6	10	10	3	13	11	11	12	6	12	10	7	10	10	10	3	8	14	5	6	3	8	13	7	9	8	12	3	12	11	14	8	4	12	5	10	0	8	7	5	8	3	3	6	11	5	4	10	4	8	6	14	13	9	11	18	10	2	14	12	10	3	13	3	9	2	0	12	8	13	2	5	3	15	5	12	6	10	9	9	8	5	6	14	7	5	12	10	10	6	7	8	14	8	3	9	8	3	3	8	13	7	11	8	4	9	11	9	10	6	4	9	7	10	8	12	13	10	14	11	13	10	12	4	8	6	14	8	6	8	10	10	18	10	11	4	7	7	12	3	9	10	10	14	5	10	10	12	9	14	9	9	13	3	9	3	5	6	8	13	14	7	10	15	12	6	5	12	9	9	2	7	10	9	6	12	7	7	5	8	5	11	16	12	12	8	10	13	4	7	12	14	12	12	10	13	3	7	8	10	3	0	2	9	9	6	8	5	9	3	11	4	10	10	6
2023.40148561853	7	8	3	8	14	12	9	13	7	20	9	7	8	10	7	14	8	11	7	2	12	14	13	12	8	8	6	12	9	9	11	11	12	13	8	7	7	0	14	3	10	5	8	10	10	5	12	5	10	14	10	10	7	7	10	7	10	11	12	4	0	4	20	9	11	7	9	16	8	9	11	8	2	12	9	9	9	11	5	5	10	9	11	12	4	12	12	14	9	6	11	12	4	9	11	10	5	6	6	13	10	9	12	8	4	14	13	9	8	2	10	7	8	9	6	9	7	8	10	3	4	10	9	16	6	17	11	8	9	10	19	12	4	0	11	10	8	13	11	8	12	3	4	2	3	3	7	8	13	7	17	13	12	7	13	15	11	12	7	5	7	10	11	14	10	10	2	9	15	10	9	9	6	3	16	9	9	2	7	7	10	9	8	14	9	8	7	9	15	10	2	6	6	11	13	8	7	8	17	13	4	3	11	4	4	8	5	6	12	9	9	5	9	5	17	10	13	7	17	12	4	8	11	12	12	14	6	3	7	11	13	2	8	12	9	6	8	6	10	9	6	12	7	12	14	14	6	17	11	12	11	10	17	10	7	16	15	5	7	2	8	10	6	12	20	14	0	5	10	13	11	5	8	10	14	7	10	5	5	12	10	8	15	9	7	10	9	9	10	12	9	6	15	7	10	9	10	17	5	11	2	16	2	8	8	13	2	9	9	3	8	11	11	8	14	3	10	7	2	16	8	15	17	8	11	12	8	9	12	14	11	5	10	5	16	12	11	12	2	7	4	3	8	7	4	6	6	7	9	9	7	3	8	9	6	14	8	5	12	8	6	4	7	9	10	11	2	8	11	4	12	10	10	14	7	10	11	8	5	8	6	16	0	11	9	16	7	12	11	4	9	15	10	8	13	9	10	9	7	7	9	11	10	10	9	15	10	7	9	0	12	14	11	11	11	17	10	9	8	8	8	9	5	13	6	10	7	8	7	3	9	0	9	10	11	15	11	9	13	10	11	12	9	17	2	10	7	6	12	13	7	9	12	11	14	7	10	12	9	6	4	11	9	14	7	6	13	11	7	7	5	15	9	11	3	5	15	17	10	5	14	8	7	10	8	6	7	12	12	11	4	5	9	11	12	8	10	10	7	8	10	12	5	3	10	18	12	11	8	0	7	8	5	2	14	15	5	11	7	10	14	8	12	13	11	11	14	18	7	11	11	7	8	7	13	7	8	13	4	2	12	7	13	9	12	9	12	16	8	9	7	11	13	2	9	11	2	12	10	13	9	10	10	11	10	6	7	12	10	9	5	0	13	7	10	14	8	17	11	9	12	2	8	12	10	9	3	16	6	9	11	6	8	8	10	9	9	8	9	7	14	5	5	9	5	11	9	12	8	12	14	9	11	13	12	18	4	8	2	6	13	9	3	11	14	0	12	11	15	10	13	9	13	8	10	13	17	7	13	10	9	7	7	5	13	17	10	8	12	8	3	10	10	8	9	2	8	9	9	9	11	12	4	15	8	7	7	5	6	5	14	16	10	10	10	5	7	9	10	7	7	10	12	5	13	9	6	7	7	15	10	11	6	12	6	10	6	8	8	12	7	5	9	9	13	10	12	14	9	5	13	12	9	0	7	6	13	17	12	15	5	9	5	15	9	8	0	11	2	4	12	5	9	12	12	7	8	10	4	6	0	8	6	7	13	14	11	11	8	15	10	10	14	6	16	9	11	6	7	5	7	12	10	9	9	11	9	11	8	6	9	12	13	3	12	9	9	6	8	10	9	13	6	8	7	8	11	10	9	6	5	11	14	7	12	4	6	7	15	11	7	10	12	3	8	3	10	15	9	3	5	7	7	11	10	12	8	8	10	7	10	2	7	11	9	11	3	2	3	7	10	4	12	9	4	11	13	7	9	3	11	8	8	17	15	5	9	12	6	9	8	4	11	11	13	5	7	8	13	5	11	8	10	5	8	10	8	8	14	3	10	7	7	11	8	3	7	17	8	5	7	5	6	7	3	8	6	11	4	0	14	9	6	5	8	4	8	10	9	4	12	7	10	16	8	15	11	11	7	11	3	10	8	7	9	8	8	10	9	12	7	9	9	12	7	10	14	11	14	5	10	13	11	2	7	5	13	12	7	8	9	7	8	10	14	12	7	7	12	7	4	13	13	7	10	4	9	10	8	6	9	10	7	5	13	5	12	15	12	8	10	17	16	4	5	7	17	8	5	13	13	10	11	11	7	5	2	4	9	10	6	10	10	9	7	10	4	7	10	10
2023.41486263788	3	5	12	8	14	10	3	16	12	16	11	3	0	9	11	16	4	7	9	3	16	7	14	4	0	9	3	19	5	9	4	2	9	11	0	3	8	0	9	2	8	16	5	16	15	14	9	5	7	10	12	8	6	0	5	7	10	10	11	3	2	4	16	8	5	6	9	13	4	16	15	14	0	8	14	5	0	14	2	16	16	10	9	8	6	8	9	10	5	8	12	4	6	7	10	6	6	3	10	15	7	2	18	9	4	7	4	10	9	2	7	4	17	4	17	2	2	5	13	12	5	5	3	14	12	14	5	6	15	16	12	7	2	0	5	7	9	4	5	8	18	4	6	3	10	6	6	7	10	10	14	7	8	12	0	9	15	8	4	9	7	8	12	7	9	11	2	6	8	14	9	5	6	3	5	6	3	4	3	5	10	11	6	7	3	0	4	9	13	16	4	9	4	7	10	13	6	2	14	6	6	6	13	7	7	8	7	5	18	5	7	4	2	9	12	0	11	4	12	8	2	6	14	6	12	16	12	3	18	18	10	0	10	7	6	16	2	4	15	9	16	16	4	6	15	12	8	18	9	9	7	7	18	5	10	14	13	14	6	7	4	10	13	11	16	7	3	8	7	6	16	7	11	5	15	10	5	3	8	19	16	10	9	5	6	11	7	10	7	18	5	10	16	6	19	9	7	17	5	9	5	14	2	4	5	18	2	6	11	6	0	5	18	14	9	12	9	2	3	12	7	14	17	18	9	11	8	5	18	12	5	9	9	15	9	11	13	18	2	14	5	5	10	9	2	9	15	2	7	13	7	12	0	9	5	12	18	4	9	7	10	8	8	6	4	13	2	11	13	4	5	7	4	16	9	5	12	7	6	4	2	12	4	8	15	9	11	19	16	4	9	9	6	5	10	10	3	6	6	22	5	6	11	3	10	13	8	5	6	3	8	7	16	10	2	14	15	12	10	7	8	15	3	20	6	10	9	12	12	11	6	5	7	16	7	3	9	13	18	19	14	7	0	14	4	7	2	9	9	4	2	6	19	10	14	13	9	18	16	4	9	14	5	16	4	11	14	10	17	9	7	9	4	13	10	6	9	14	7	3	5	6	11	5	4	7	5	7	18	5	9	9	13	2	18	2	3	12	10	6	5	16	6	0	13	12	11	5	3	2	13	18	7	0	11	8	2	12	10	10	13	2	4	10	12	5	14	12	4	19	9	7	3	0	5	5	3	16	3	4	6	6	16	7	7	16	5	12	6	3	12	13	7	2	10	11	6	15	16	16	12	11	12	5	8	7	6	15	0	4	5	0	9	3	15	17	7	14	16	7	12	2	12	9	12	14	4	9	7	10	13	11	12	7	7	4	7	6	16	15	12	3	6	6	13	15	12	18	18	10	7	13	4	9	7	8	7	12	3	7	18	7	9	6	15	2	9	4	9	6	12	9	9	10	10	16	14	17	12	10	0	18	10	7	4	17	8	7	7	13	12	7	3	2	4	2	10	7	10	12	13	7	8	13	10	4	22	0	8	6	12	9	16	0	3	2	17	10	9	6	5	6	4	2	15	6	6	7	6	5	8	13	6	7	11	15	16	15	0	18	9	13	8	5	5	4	6	11	7	0	4	0	9	0	8	2	13	18	8	12	6	4	10	12	15	7	2	7	4	2	5	9	10	4	9	6	0	7	4	4	0	0	4	10	10	14	0	13	2	9	13	9	7	12	13	4	12	2	7	8	12	9	8	0	6	7	15	7	8	4	7	16	5	12	16	13	3	17	6	10	7	16	7	6	2	7	5	7	15	2	0	2	7	2	8	4	15	6	18	12	17	11	8	3	7	6	15	10	9	0	6	3	7	5	8	5	2	13	8	5	3	5	8	10	19	10	10	2	4	3	15	6	9	9	10	12	6	9	6	3	0	7	8	14	17	0	11	8	8	5	8	4	8	8	14	8	12	17	15	9	5	3	7	0	15	9	10	3	8	9	15	7	0	5	7	5	13	14	7	15	10	6	9	10	10	7	4	5	2	3	15	9	11	0	7	6	8	13	6	2	2	2	4	14	6	10	5	5	12	10	4	7	18	11	6	7	2	7	10	2	12	5	2	10	10	14	21	7	14	16	6	9	14	5	7	0	12	8	12	6	11	5	11	12	11	9	4	2	0	4	4	20	12	10	10	4	13	3	14	7	3	13	9	5	16	9	14	12	8	6	5	13	9	6	13	4	18	0	4	15	11	12	10	10	3	4	7	4	12	16	5	7	15	7	17	3	2	17	7	16
2023.42823965723	4	5	14	14	16	12	6	18	10	6	13	9	2	13	11	9	2	4	9	5	13	7	13	2	7	3	5	17	3	7	7	0	8	8	3	6	9	6	10	2	8	16	5	17	12	13	6	5	7	6	9	8	6	3	4	7	8	8	11	8	4	7	6	10	5	9	11	11	7	21	11	16	5	3	11	7	5	14	7	15	17	11	8	7	6	3	9	12	7	10	13	5	9	7	8	12	8	5	13	10	4	5	12	9	6	12	2	8	8	8	9	4	18	9	18	6	5	5	12	10	3	7	5	10	18	14	5	6	15	15	9	5	7	6	5	4	9	7	5	14	20	4	9	3	10	6	10	12	6	10	14	8	4	11	0	6	11	12	6	9	5	8	13	10	10	13	8	7	10	13	9	3	4	5	7	6	5	11	9	5	11	16	8	7	4	2	4	6	13	15	5	9	7	5	9	14	6	3	9	6	6	9	12	5	7	12	9	5	20	5	7	8	7	9	11	2	8	4	11	6	2	8	16	8	15	16	18	5	18	17	9	5	12	5	6	17	6	7	12	9	17	13	9	5	14	14	8	13	4	9	11	13	13	3	10	14	11	13	10	7	4	15	14	11	6	12	5	6	9	4	16	9	13	3	12	12	2	3	10	16	15	9	7	10	4	12	3	8	9	16	10	11	14	6	15	9	9	13	7	9	5	14	4	7	7	14	6	6	13	6	4	5	17	16	10	13	7	2	8	7	11	13	18	17	9	11	11	7	13	14	5	9	8	13	12	7	12	13	7	12	10	9	7	11	5	7	18	5	2	9	8	15	7	11	5	14	17	4	17	9	13	9	9	7	5	12	6	9	13	6	9	5	7	14	9	3	8	7	8	6	4	7	6	11	15	12	11	16	14	5	7	6	12	5	12	8	5	9	6	20	3	8	9	4	11	11	8	5	11	3	8	10	16	8	0	9	12	15	7	8	9	15	3	20	4	14	9	11	15	9	9	10	8	14	5	2	10	13	14	15	14	5	5	14	11	4	2	11	9	4	2	9	16	10	11	13	10	16	18	4	12	14	9	9	7	12	10	8	18	9	4	8	6	9	13	8	7	9	7	0	9	6	13	7	2	10	5	7	18	5	12	9	11	0	12	2	7	8	10	6	7	12	8	8	14	11	7	5	2	4	12	17	9	3	11	10	5	10	9	7	11	4	5	12	8	9	11	11	2	18	8	5	10	6	9	5	2	15	8	8	8	6	15	5	5	18	7	11	8	4	12	13	10	9	8	11	6	11	12	15	15	14	12	5	8	6	6	10	2	2	7	2	2	5	15	14	8	14	16	2	7	2	12	8	14	13	10	12	5	8	9	10	8	5	5	7	5	6	18	19	10	0	8	11	14	11	11	16	17	5	7	19	4	6	4	8	5	17	8	10	14	7	12	8	14	4	9	7	13	10	11	10	6	12	8	11	9	17	13	7	7	18	11	9	4	13	16	7	5	14	15	0	5	6	2	2	10	12	8	11	8	7	12	11	7	2	20	5	8	4	10	7	17	2	8	4	18	6	9	6	3	6	2	7	14	7	12	10	6	3	7	9	12	5	8	15	17	12	4	16	9	14	12	10	5	5	10	11	14	0	7	0	9	5	9	4	11	13	7	12	8	9	10	6	12	8	2	11	8	7	3	9	8	6	9	10	4	4	6	2	3	0	7	9	9	11	0	13	3	13	12	10	7	18	11	2	13	2	5	8	11	8	11	0	9	2	15	11	7	4	5	12	5	14	13	13	11	18	7	8	13	14	10	8	5	11	9	13	15	3	5	0	7	2	3	7	13	6	13	12	18	9	7	5	9	9	15	11	9	8	8	2	10	5	7	7	2	14	7	3	4	5	6	10	20	12	15	9	10	9	12	6	9	11	8	10	4	9	6	6	0	10	6	9	12	0	11	4	10	3	9	6	5	8	10	10	11	18	10	10	5	10	13	4	13	8	9	10	11	12	12	7	3	9	11	10	11	9	7	13	10	8	8	10	10	7	7	8	7	5	10	4	12	5	12	6	8	11	6	2	8	5	5	13	7	11	7	5	11	12	10	7	17	9	6	7	6	5	8	5	12	5	5	7	10	14	17	5	11	15	12	9	15	5	5	4	13	4	15	8	11	5	9	11	11	9	2	5	0	6	4	20	7	10	10	6	13	4	12	10	11	12	11	5	18	10	16	6	3	6	7	14	12	6	13	6	13	2	8	14	8	12	10	8	5	4	7	6	10	16	5	9	12	5	18	7	5	13	5	14
2023.44161667658	8	0	20	10	9	11	10	12	12	5	9	10	2	12	7	7	3	6	7	6	10	9	9	2	9	11	4	15	5	4	5	0	8	10	12	12	8	11	9	5	8	16	7	18	11	15	10	5	5	7	2	11	5	8	4	5	8	7	3	11	7	5	5	15	10	8	11	9	5	18	9	16	11	12	11	9	10	4	11	19	18	11	7	5	5	12	3	7	9	11	8	5	12	2	7	14	10	4	14	12	11	5	12	7	4	13	9	12	6	10	8	8	17	7	18	12	9	0	12	14	7	7	5	5	17	13	2	6	13	11	8	5	7	11	10	4	7	14	10	10	17	7	12	3	12	6	14	9	4	8	13	8	6	11	0	3	9	9	4	11	2	11	8	8	14	13	10	12	10	12	9	5	7	2	7	8	5	11	13	6	14	17	7	2	10	2	8	6	13	11	6	9	5	12	9	16	4	12	7	2	5	10	12	5	3	13	9	5	17	9	2	14	7	12	6	10	10	6	6	5	0	5	12	11	12	11	17	5	15	10	9	11	13	7	2	14	8	6	11	9	14	10	9	7	8	16	7	11	7	9	9	14	11	3	10	11	7	15	14	5	13	11	14	3	5	13	9	8	8	2	11	9	11	3	15	13	6	7	13	10	11	10	3	16	6	9	7	12	13	17	16	13	11	4	12	10	8	10	5	14	10	11	6	5	5	9	6	8	9	6	8	2	10	16	9	14	4	3	10	12	10	15	13	11	14	7	12	9	12	16	2	12	7	17	7	8	12	12	7	8	9	14	9	15	3	5	19	9	4	7	10	15	9	11	7	16	11	2	15	9	15	10	8	12	11	12	6	5	10	4	9	3	9	12	7	3	9	7	10	4	6	12	6	9	13	7	9	14	11	5	4	3	14	3	7	12	9	7	5	20	5	8	8	6	11	7	13	4	14	7	6	8	14	7	0	5	11	12	9	7	4	13	7	11	7	13	7	13	15	11	6	15	8	11	10	6	17	12	9	12	4	5	10	8	11	4	2	10	3	4	7	6	10	12	14	15	14	17	16	10	14	4	12	7	9	12	9	7	19	7	2	2	8	9	15	10	3	5	9	0	12	6	16	7	3	13	6	4	13	2	14	11	12	0	12	2	10	14	8	8	7	10	10	10	14	7	8	10	7	7	9	11	9	3	9	10	5	8	5	7	12	7	5	7	9	7	14	7	2	13	7	2	9	10	9	4	7	12	11	12	6	6	12	5	6	16	9	9	8	10	11	6	10	13	12	3	6	7	9	12	12	15	5	10	8	4	4	14	10	3	5	2	2	10	14	11	8	8	13	0	9	4	15	8	9	14	14	7	7	12	9	8	10	5	5	12	10	8	16	19	5	0	10	14	13	9	8	17	11	4	9	18	5	6	2	5	5	13	10	16	9	9	16	8	8	7	5	5	11	12	4	11	6	13	8	11	5	13	14	7	9	15	8	11	4	10	17	8	5	16	15	0	9	8	3	4	6	12	12	8	11	7	11	7	9	2	20	8	7	11	5	5	18	10	9	7	19	5	6	8	7	7	2	11	14	8	11	10	4	5	10	9	11	6	14	14	14	15	8	17	7	13	11	12	0	11	14	9	12	4	14	7	9	9	8	7	11	11	5	10	10	7	9	10	8	8	2	9	12	7	3	12	6	6	9	14	8	11	4	9	9	12	5	13	9	14	2	6	12	11	12	9	2	17	9	6	8	5	7	8	9	4	11	8	7	2	13	9	10	10	5	10	4	20	10	14	9	18	9	4	11	13	13	7	9	10	7	14	17	3	8	0	2	3	12	5	12	8	7	11	19	8	5	5	9	10	14	9	5	10	11	6	10	10	8	9	2	10	10	0	6	10	7	12	18	9	18	13	14	13	11	5	3	11	14	4	2	11	9	8	3	12	4	7	5	4	6	6	11	5	4	5	5	2	9	13	9	17	12	11	5	9	14	8	10	7	10	9	10	16	11	5	8	7	10	16	12	7	8	17	10	11	4	11	12	7	5	12	7	9	12	2	12	8	9	5	8	12	2	0	6	9	8	11	7	9	12	10	9	9	14	9	11	7	8	7	10	5	12	5	15	5	3	5	11	12	16	7	14	19	14	6	14	7	7	8	14	6	15	6	6	6	8	11	9	9	6	10	7	5	8	11	3	10	8	4	14	6	11	13	12	12	15	5	12	11	15	10	12	8	9	12	7	5	16	7	11	2	14	14	10	5	7	7	10	7	5	4	10	16	5	8	11	5	19	10	5	12	11	11
2023.45499369593	18	0	14	10	3	3	14	8	11	0	6	17	10	10	0	3	3	13	2	9	0	5	2	4	11	14	4	8	6	11	3	2	4	7	18	16	6	17	11	4	5	5	5	12	5	8	13	10	3	4	0	12	4	14	2	0	7	12	7	10	10	8	0	17	14	15	11	5	8	14	14	7	11	15	4	5	18	0	11	15	12	5	14	14	5	15	0	12	5	13	4	5	12	9	12	13	10	4	15	9	16	8	7	8	4	19	9	7	5	15	7	10	11	16	5	19	19	0	11	10	5	7	5	0	12	10	2	8	2	3	9	0	10	17	14	4	10	18	14	10	7	6	12	2	3	12	15	8	0	12	10	9	3	7	0	10	14	11	14	17	12	12	4	5	13	12	15	13	10	15	9	6	7	9	12	6	5	12	18	6	14	13	3	9	12	10	10	10	10	3	6	14	5	15	5	12	3	14	2	0	5	11	12	7	3	7	7	7	7	11	9	14	11	16	0	14	7	5	0	9	5	9	10	11	11	2	12	6	0	0	5	11	12	9	10	14	12	8	5	9	14	0	18	14	2	17	7	5	10	9	11	14	5	9	5	4	0	8	15	0	14	11	7	7	0	19	11	3	7	6	0	7	7	2	7	9	14	9	12	5	3	19	3	17	9	4	12	7	13	4	17	16	5	3	0	10	7	5	5	8	13	4	10	8	9	2	10	6	6	12	15	2	0	7	11	6	0	3	14	9	12	12	13	0	8	7	10	5	2	17	2	16	10	15	3	8	12	2	5	0	7	19	13	13	9	3	9	19	11	6	12	10	11	11	5	17	0	3	12	5	9	13	6	13	13	12	10	9	9	4	7	0	9	0	13	2	9	5	10	4	10	9	16	9	2	3	5	3	0	10	11	10	13	2	17	7	14	10	4	0	6	8	3	12	5	0	22	2	15	11	7	5	8	12	2	0	5	5	13	7	9	2	9	6	7	13	2	12	9	7	13	14	2	2	10	10	13	12	2	0	0	0	18	6	12	8	5	9	0	0	5	13	5	13	7	22	13	4	13	10	8	0	15	3	9	4	9	12	17	13	5	2	10	0	16	10	3	0	10	3	13	8	16	7	3	13	6	2	6	2	8	17	5	2	7	4	13	15	7	14	7	7	4	12	17	2	8	14	11	10	0	0	7	4	0	10	5	13	4	5	14	11	5	17	9	5	7	2	0	4	14	12	19	12	9	2	11	4	10	12	6	10	4	2	20	13	15	9	7	12	6	0	4	11	11	3	5	0	5	4	5	11	5	14	5	6	3	12	14	3	5	4	5	13	11	0	9	6	3	0	3	6	14	4	9	22	10	3	3	7	0	0	6	5	7	16	12	5	13	6	2	0	4	15	13	14	11	4	0	4	5	15	3	9	7	5	7	13	14	13	2	5	12	8	2	10	10	3	10	13	0	9	9	12	7	8	0	6	13	5	15	0	14	9	0	5	19	12	0	12	10	3	14	12	3	6	13	11	7	11	10	12	7	0	13	0	0	16	7	9	2	5	12	14	11	9	17	0	6	14	7	9	4	11	6	10	14	12	2	10	8	0	14	20	17	11	14	15	15	4	2	13	11	11	0	13	9	9	13	8	18	14	9	13	6	7	5	5	14	3	10	16	5	10	0	9	2	11	12	10	10	16	6	13	9	15	15	16	4	15	11	16	5	12	5	7	5	0	14	10	11	9	9	12	5	4	5	7	8	8	2	7	13	16	10	7	2	11	15	10	2	7	8	14	0	7	9	5	7	0	10	7	13	3	19	12	5	14	23	7	15	2	9	3	15	8	2	14	3	11	17	3	14	13	5	11	11	9	5	12	9	8	12	14	13	15	4	11	8	10	12	13	14	13	8	5	12	11	10	18	5	5	0	11	10	7	6	6	11	8	3	14	9	2	0	8	6	3	13	6	9	12	9	5	9	12	3	11	9	10	9	19	14	15	5	10	19	19	8	12	5	8	14	5	12	11	10	2	12	15	5	9	5	10	3	7	5	20	10	11	15	0	4	16	8	5	7	15	10	5	6	19	18	5	9	9	17	14	2	5	10	10	0	3	6	5	13	7	7	7	11	9	5	11	10	8	0	7	7	15	13	11	6	3	8	15	13	3	9	4	6	6	0	10	9	4	4	10	14	7	10	6	4	5	14	4	7	12	2	13	13	11	13	10	8	10	6	10	15	5	13	13	3	5	11	11	5	10	14	6	7	5	5	12	13	7	0	4	8	9	7	7	5	2	17	13	9	2	16	2
2023.46837071528	16	9	15	11	3	2	9	3	11	0	7	12	14	6	3	5	5	13	5	9	0	8	2	6	8	18	8	8	10	12	5	9	0	14	16	12	10	13	13	4	5	7	14	9	7	10	17	11	3	7	6	12	4	12	3	7	7	16	7	7	12	13	0	15	14	12	9	3	6	8	13	9	9	17	7	3	14	0	8	12	9	6	23	13	0	17	7	10	3	16	8	5	10	13	16	9	13	8	10	9	18	9	4	9	4	14	13	7	6	9	5	18	9	10	4	15	19	9	10	14	8	9	10	8	13	10	2	10	4	3	7	8	7	13	14	5	10	15	14	11	2	12	10	8	10	13	13	7	8	12	10	13	5	5	0	12	13	11	14	16	14	12	8	0	10	9	9	15	10	15	5	10	15	9	10	6	10	8	12	6	16	10	3	12	12	14	18	9	18	3	9	14	5	17	3	12	6	13	9	7	0	12	16	7	7	9	10	5	2	10	13	7	7	15	2	15	14	8	2	11	7	7	8	7	9	3	13	4	0	8	3	9	9	12	14	12	10	8	7	5	12	0	16	16	7	14	9	3	8	6	5	9	3	11	7	4	0	10	13	5	20	11	10	7	0	14	10	8	5	6	3	10	7	8	8	12	14	11	9	5	3	19	5	14	11	7	14	7	12	6	14	15	5	6	0	10	5	9	5	8	14	4	8	6	7	6	8	6	7	13	12	2	8	9	13	11	3	4	8	9	10	8	11	3	8	10	11	3	7	14	2	15	10	17	10	7	16	7	3	0	4	16	13	13	7	8	11	19	13	10	11	12	8	9	9	14	3	8	5	8	11	14	10	15	11	16	8	9	13	4	10	3	12	7	8	8	10	9	13	10	9	9	17	5	4	10	13	5	0	11	12	12	9	8	14	7	14	16	4	2	10	9	6	14	6	0	24	12	14	14	9	0	5	16	9	0	7	0	13	6	9	4	11	5	15	7	5	12	7	10	11	7	7	2	12	10	11	9	6	0	0	8	14	8	8	15	11	9	7	0	10	11	5	13	8	19	10	6	7	14	3	0	11	5	7	5	7	16	14	8	8	0	9	0	14	13	5	0	8	12	13	10	14	10	5	11	6	12	6	2	3	16	9	9	4	4	10	15	11	20	9	4	4	7	13	4	7	14	11	12	0	3	10	7	0	10	5	12	6	7	11	10	5	14	10	8	8	4	3	9	23	14	13	7	2	12	11	10	7	10	9	10	10	10	18	7	11	6	5	12	11	2	3	6	9	8	7	3	7	10	0	7	8	14	5	10	6	11	15	5	5	7	9	11	11	3	12	8	7	5	11	8	10	0	7	18	6	10	13	7	0	11	10	5	14	19	12	7	7	2	5	3	4	14	14	13	9	6	3	9	8	11	8	10	10	8	7	7	8	8	6	7	12	9	7	12	7	5	11	5	5	8	10	9	7	8	0	6	11	7	10	0	12	7	0	9	23	14	8	12	12	10	14	10	5	8	16	2	7	9	9	14	0	0	13	3	2	13	9	9	5	6	9	15	17	7	14	6	10	9	10	9	6	8	10	13	10	11	7	12	12	0	10	18	19	11	12	17	12	6	5	14	7	6	6	11	8	9	7	12	15	17	5	9	10	7	5	3	13	6	13	10	8	10	0	12	12	5	10	7	13	15	8	15	6	13	12	18	4	15	12	16	5	14	3	8	7	2	13	11	10	12	12	13	3	7	9	5	5	10	7	9	7	18	16	14	4	5	13	14	10	4	12	15	0	10	2	4	8	0	6	2	11	3	19	10	8	9	23	5	11	9	12	4	17	13	11	9	8	8	14	6	13	10	8	12	11	5	5	7	9	10	11	14	13	11	4	9	12	14	14	14	11	13	8	5	9	6	6	12	7	0	7	9	10	7	6	6	11	5	6	15	9	9	0	12	5	5	16	10	9	13	8	13	7	9	5	9	9	19	13	13	9	13	12	10	19	13	5	12	7	9	12	8	10	15	11	9	14	17	7	9	5	12	10	8	5	18	7	10	13	3	5	13	7	0	7	14	14	7	8	19	17	5	8	5	17	14	7	5	6	8	3	0	6	9	11	14	7	7	14	16	7	12	12	9	0	9	8	12	9	9	3	10	5	13	11	5	7	5	5	6	8	7	9	4	5	7	17	8	10	5	6	7	12	4	10	14	2	11	9	10	13	11	3	19	9	10	17	7	11	11	10	0	11	11	3	14	7	10	14	8	6	16	11	7	5	4	10	8	5	5	7	10	14	10	10	4	15	2
2023.48174773464	19	9	11	11	8	4	7	3	9	3	7	10	14	12	6	9	12	13	18	16	2	15	9	7	16	14	14	14	9	14	3	13	7	12	7	9	12	9	12	14	7	11	15	8	7	12	13	18	8	9	12	13	2	7	7	12	7	19	5	11	13	16	3	10	8	11	14	10	3	6	13	9	6	7	8	3	10	6	10	8	8	12	24	15	3	7	11	19	3	14	9	12	8	27	19	6	12	14	8	3	15	13	4	9	15	11	5	6	17	13	5	16	6	22	7	11	10	9	8	13	6	8	17	13	17	6	11	11	8	3	5	12	17	9	8	13	7	7	8	11	2	14	8	17	14	13	8	7	13	14	6	14	10	7	3	10	13	11	16	11	14	13	9	3	10	11	13	13	6	12	11	9	12	11	8	9	17	12	7	12	13	11	5	12	12	14	16	14	18	3	7	10	13	11	6	10	10	6	14	10	3	16	19	15	13	2	12	16	2	6	27	5	9	11	7	11	12	6	7	13	9	7	16	5	9	3	17	9	3	8	6	6	11	11	18	12	11	12	7	11	12	2	14	18	12	7	14	3	5	6	2	5	3	10	13	0	3	12	8	12	16	13	12	5	3	11	5	10	5	14	6	12	2	27	8	9	11	16	15	5	3	24	5	13	11	5	14	6	8	12	13	13	8	10	5	5	5	7	9	0	13	0	13	3	13	14	15	9	7	13	8	11	8	9	12	16	8	5	6	2	3	3	11	3	0	12	14	3	7	7	11	11	9	14	19	5	19	7	5	6	4	16	10	8	18	15	10	10	13	11	7	10	16	14	8	7	3	20	5	6	11	12	12	13	2	19	15	9	11	15	7	6	17	10	12	27	12	15	12	16	18	2	19	8	8	19	17	11	2	20	14	10	6	15	16	6	15	16	2	2	9	12	11	16	12	3	24	17	6	17	9	3	10	19	13	2	7	5	10	7	10	8	16	7	12	10	18	9	10	9	11	6	12	9	16	12	3	12	14	5	6	12	10	5	12	15	13	10	11	0	9	11	5	6	7	16	10	12	7	17	0	6	6	9	12	13	5	19	10	12	10	2	10	0	12	12	5	2	5	20	9	11	8	5	12	12	12	18	11	11	0	11	12	13	4	12	5	11	12	25	8	10	20	13	13	10	5	8	9	13	0	3	12	9	0	6	3	12	24	16	9	11	12	16	12	16	7	10	5	8	24	14	14	5	0	17	9	13	11	5	11	15	13	10	17	7	8	6	8	12	11	8	5	7	5	17	7	6	10	13	5	6	12	8	7	15	10	3	11	7	9	13	14	4	8	6	10	5	10	7	8	9	5	7	7	14	0	19	22	6	0	16	9	10	23	16	5	7	7	3	5	13	20	6	12	13	10	12	3	11	15	7	12	15	10	12	15	8	6	6	14	8	13	12	12	13	7	3	9	8	9	5	15	11	7	5	2	4	10	16	10	3	12	10	0	7	20	12	12	10	10	19	15	11	7	9	14	7	6	10	5	12	7	3	10	5	2	12	14	5	5	11	8	11	22	3	10	13	15	10	12	14	7	10	6	9	8	9	10	14	14	0	8	17	16	8	12	12	8	12	18	12	3	2	17	2	4	7	6	10	7	14	11	8	12	13	6	3	15	10	12	22	8	8	0	10	18	2	5	17	13	11	12	14	6	8	8	15	15	25	5	5	13	20	6	7	12	8	6	9	8	8	12	17	10	11	16	11	5	11	17	10	5	14	16	14	8	2	11	17	10	10	17	11	2	10	2	7	3	6	3	6	12	5	10	3	16	5	21	15	10	13	12	5	7	16	11	10	12	8	10	11	15	13	6	16	8	7	5	13	8	15	9	8	10	8	12	10	14	18	16	13	9	6	7	8	11	7	0	7	7	3	11	14	7	7	14	5	7	8	9	12	10	14	2	10	5	10	14	9	10	20	9	17	5	15	11	6	3	15	13	14	5	11	14	9	24	14	2	13	7	8	7	16	3	12	11	14	12	14	13	8	10	11	14	10	13	11	17	5	11	11	13	12	7	3	7	12	18	9	19	10	16	5	5	7	11	8	17	8	0	5	3	3	9	15	7	23	6	15	13	25	10	12	11	9	0	9	7	8	6	9	3	7	5	11	10	10	10	5	5	12	10	5	7	7	10	3	14	10	15	7	11	13	7	15	10	16	13	12	8	8	8	18	3	15	5	8	7	7	16	6	19	3	12	15	3	14	5	6	12	12	9	19	4	8	12	15	16	5	16	5	7	10	10	5	12	4	8	9
2023.49512475399	11	14	8	15	10	9	2	6	3	3	6	3	18	22	15	15	17	7	38	26	5	36	10	7	24	10	25	15	5	5	6	30	11	17	0	0	14	3	15	17	11	8	21	5	13	12	15	14	23	9	21	14	12	0	12	13	5	17	0	10	14	18	3	3	0	6	18	15	0	0	3	20	36	8	9	9	6	16	7	8	5	14	30	6	8	8	17	15	9	10	24	25	13	41	17	3	17	25	0	0	7	11	2	5	34	0	5	10	25	17	10	16	6	21	8	3	0	14	13	12	12	17	22	18	26	2	17	12	27	6	0	12	17	3	0	12	3	5	0	15	2	23	13	27	13	5	12	14	23	8	2	15	14	2	6	7	3	17	21	8	11	14	24	17	11	18	17	15	6	3	10	5	14	12	5	14	22	17	2	28	10	13	5	8	13	18	16	11	27	6	21	3	19	14	14	8	15	5	19	15	8	28	19	23	36	8	21	16	2	10	41	5	12	8	9	8	17	16	9	6	13	0	25	3	9	9	26	25	6	13	14	36	12	7	12	3	4	14	13	10	3	5	3	16	17	3	16	9	11	13	7	0	9	9	12	3	5	12	12	24	20	30	21	0	3	0	5	13	10	13	7	21	14	57	8	12	9	40	10	3	6	21	8	8	4	16	18	10	6	12	8	5	9	15	5	10	10	14	8	0	9	3	25	0	8	19	19	14	6	5	5	17	13	20	15	17	11	10	0	0	3	3	10	3	0	19	42	9	14	3	17	8	7	8	24	11	19	14	5	13	10	11	3	16	27	34	18	0	7	16	3	8	24	18	26	3	3	32	11	9	13	6	14	15	17	19	19	3	7	34	14	14	14	19	18	57	10	15	17	24	18	0	16	6	27	24	16	15	9	35	5	7	3	24	9	10	23	24	12	2	5	8	24	10	14	5	19	29	3	12	10	17	6	17	30	10	13	10	3	13	7	27	40	9	14	6	38	0	13	7	5	11	12	20	17	7	0	7	19	5	16	12	6	3	17	18	18	6	17	0	9	5	3	3	7	0	11	12	2	16	14	16	6	15	22	15	3	17	3	18	9	5	14	0	3	17	8	10	0	40	6	12	3	7	17	16	28	26	7	17	14	8	19	30	2	9	5	4	14	21	17	16	22	14	10	10	11	0	7	14	0	3	21	14	3	6	6	6	43	29	3	11	25	9	10	44	7	10	11	6	30	11	9	7	7	29	7	26	10	3	18	11	26	15	6	2	0	3	5	13	20	24	5	9	5	18	9	15	24	26	10	10	17	0	11	24	15	3	8	11	8	17	13	3	3	6	10	3	12	9	8	18	9	11	3	0	0	24	40	10	0	25	11	13	28	24	6	5	2	3	15	19	22	3	12	3	7	12	3	21	36	6	26	15	9	14	23	5	0	6	19	11	12	8	17	14	6	6	4	8	12	13	15	12	5	6	10	10	8	29	3	6	3	16	0	14	27	3	12	8	8	29	23	4	11	18	13	7	10	7	2	5	7	5	3	11	2	6	16	0	15	15	5	8	40	3	3	15	23	8	12	18	7	7	6	8	3	17	13	12	20	0	3	6	17	3	3	2	5	12	38	12	0	2	38	17	4	3	3	20	5	10	10	3	14	17	14	9	6	11	17	21	15	8	0	10	20	7	3	17	9	8	13	8	13	12	5	7	34	18	3	5	19	36	14	7	12	24	5	4	13	8	8	26	15	43	17	23	10	13	24	9	3	6	24	11	27	7	6	16	15	16	16	8	5	11	4	8	5	13	3	9	16	5	0	3	44	0	13	11	0	30	8	10	8	18	16	8	15	0	3	24	6	10	9	28	3	11	0	14	14	28	17	0	7	0	9	8	20	26	10	9	3	3	8	10	11	9	0	2	13	8	17	18	5	0	13	3	7	15	21	8	8	19	8	20	5	14	10	5	7	29	7	26	3	10	14	6	0	13	12	9	0	11	17	7	21	9	2	12	13	9	0	44	3	17	3	19	3	8	12	14	8	5	13	17	19	6	17	5	8	20	15	6	14	8	6	6	12	13	25	0	8	3	8	11	3	0	24	10	0	0	3	6	14	15	6	28	10	14	13	48	19	18	5	5	5	11	7	8	3	3	5	10	10	11	8	14	13	19	5	28	17	12	3	7	20	3	10	6	28	9	19	12	0	34	11	10	15	16	13	13	16	14	6	13	3	8	8	5	21	0	24	8	8	23	9	18	5	6	17	17	6	17	3	5	24	34	15	0	16	10	13	15	3	5	13	4	3	20
2023.50850177334	34	18	12	29	8	24	13	16	16	19	13	17	19	35	23	34	32	17	56	31	15	43	27	17	30	15	40	22	17	27	11	46	24	29	8	21	28	13	26	25	30	17	18	15	11	12	14	18	45	24	32	16	20	7	36	14	20	22	25	22	11	26	19	18	14	23	34	21	13	8	20	31	62	18	13	23	21	25	25	15	15	30	35	15	16	18	27	50	23	23	25	32	24	53	22	3	24	40	15	14	26	20	21	16	46	24	13	16	31	26	27	19	21	44	11	10	9	18	16	13	33	18	35	27	39	22	33	26	41	27	3	23	23	13	14	16	11	0	14	29	17	33	24	35	21	9	32	34	32	19	22	26	20	11	16	13	20	27	44	33	24	16	25	39	23	17	26	35	14	23	15	17	19	40	17	38	35	18	11	38	17	26	15	10	19	19	19	24	29	27	35	9	29	20	20	21	27	17	32	19	16	28	28	25	45	22	45	19	17	20	53	21	20	15	18	6	29	20	18	27	32	10	43	18	20	26	39	34	16	13	20	62	39	17	21	10	21	30	11	15	10	15	18	19	25	5	29	23	23	25	29	7	23	26	25	26	17	12	32	37	35	34	29	25	19	24	16	28	27	24	17	45	31	70	16	24	21	65	26	17	27	37	18	18	16	23	41	16	13	22	18	31	31	27	12	22	27	28	21	12	15	26	38	13	15	31	27	38	13	9	23	33	13	31	26	22	26	24	8	20	23	22	28	20	12	34	61	23	23	5	33	15	19	19	39	17	28	23	18	20	21	24	24	23	55	51	30	9	17	24	21	21	30	34	42	5	20	39	20	17	32	20	28	35	19	28	27	20	12	46	36	26	38	22	36	70	28	20	24	46	21	20	29	23	41	39	20	27	20	56	27	13	3	31	15	16	34	29	20	10	17	16	43	16	30	17	18	42	18	21	14	39	16	22	46	21	11	26	24	32	19	41	65	9	19	17	56	13	30	13	8	23	8	35	22	21	21	13	31	12	25	23	21	20	18	19	25	20	27	16	9	8	17	14	23	8	23	22	17	34	27	25	25	34	34	31	23	22	18	36	27	25	35	18	10	24	18	21	18	55	6	26	15	25	32	26	38	35	15	33	27	33	24	46	21	22	20	8	24	38	18	35	38	19	18	36	17	14	16	11	19	20	45	31	13	14	16	16	55	48	22	28	32	15	28	61	23	36	15	16	35	24	25	25	31	42	16	39	22	22	32	32	39	21	14	17	17	10	22	19	24	29	5	21	5	20	6	22	36	39	26	18	29	14	30	27	27	24	6	17	21	28	19	9	16	17	17	20	24	13	17	34	14	24	10	9	23	39	51	16	18	41	24	30	35	49	15	13	17	9	28	28	38	18	12	20	18	22	20	28	43	22	44	31	17	17	25	18	8	12	31	19	38	16	25	11	22	11	19	21	29	19	31	39	20	11	21	24	18	48	13	16	21	37	16	28	45	8	23	21	21	37	34	21	17	34	15	22	16	18	33	17	16	17	24	15	10	13	29	12	28	22	15	6	41	18	18	26	27	12	13	32	17	25	22	19	5	31	16	11	36	18	5	14	34	16	10	9	23	22	56	12	19	6	63	19	21	27	21	28	0	28	15	15	28	28	23	23	15	20	24	44	24	10	14	17	22	29	22	23	27	15	16	16	25	32	23	26	46	31	22	11	29	46	20	23	20	29	17	19	16	16	10	39	21	65	21	32	17	17	39	17	18	18	29	21	41	29	20	34	21	35	26	12	15	10	18	11	19	34	8	28	26	15	9	23	61	7	22	18	20	46	10	24	18	26	27	12	18	11	18	43	15	19	17	28	16	26	6	19	32	41	31	14	15	17	22	15	36	29	16	15	21	14	24	26	11	21	23	11	11	16	27	34	20	16	24	13	20	17	38	22	17	32	27	28	7	20	23	17	19	38	18	31	23	26	29	21	14	13	19	25	7	26	28	19	37	25	21	38	11	23	7	61	23	21	28	32	8	19	25	32	16	24	21	24	29	23	23	16	21	26	31	13	34	16	18	21	21	32	41	9	24	17	12	26	7	14	39	26	23	18	20	24	38	20	22	35	16	26	18	61	35	26	24	6	17	24	23	15	3	21	14	22	17	26	18	20	30	38	7	38	25	21	27	18	26	16	28	12	45	9	37	25	17	46	10	16	31	26	19	16	23	18	16	13	14	10	18	13	39	15	39	16	16	44	23	19	21	22	29	29	20	22	9	31	37	46	25	9	19	27	11	21	18	20	17	15	16	35
2023.52187879269	67	30	51	57	36	46	25	41	37	47	46	32	53	67	48	60	55	35	72	48	34	65	47	36	40	32	70	54	37	59	31	66	36	64	27	51	49	47	61	50	58	57	45	47	40	24	33	46	72	48	52	37	57	34	63	31	46	43	53	40	23	50	47	55	48	42	62	40	43	31	57	50	108	46	46	46	57	48	47	51	47	54	74	36	40	46	38	82	46	34	53	53	64	87	43	31	60	70	29	36	42	52	49	42	80	60	47	31	58	59	52	54	49	65	39	55	44	30	52	23	73	31	66	45	63	58	68	63	67	48	38	50	32	47	48	40	33	35	48	57	49	61	64	65	46	37	66	53	51	44	58	57	50	31	45	29	57	53	74	69	44	37	53	67	65	39	59	66	31	42	41	37	31	71	48	63	66	54	31	64	47	52	38	23	36	53	54	47	71	48	59	30	60	49	59	53	50	36	60	39	40	56	62	47	76	40	76	45	49	46	87	37	53	40	45	25	64	41	45	55	68	45	66	31	50	51	63	68	30	31	59	108	64	33	54	55	47	66	40	41	55	34	32	39	50	54	68	50	44	56	66	34	50	48	38	55	45	24	66	58	74	57	62	53	47	60	45	70	52	43	43	76	64	106	59	59	50	101	46	39	48	63	53	39	30	54	60	31	38	49	39	50	76	50	36	49	52	57	40	39	42	55	68	43	30	72	64	63	46	37	34	68	31	50	61	43	45	35	24	37	50	51	44	51	39	48	93	46	42	54	68	40	51	27	75	35	62	42	35	44	46	61	42	69	75	76	51	44	32	57	43	51	40	62	76	54	51	62	57	48	62	56	49	66	47	62	64	39	46	80	66	37	71	52	65	106	52	43	60	73	37	37	60	52	67	75	45	61	40	102	59	29	31	42	51	31	67	64	57	36	37	49	64	39	54	45	62	62	37	50	49	67	29	43	66	51	40	48	42	46	41	67	101	31	31	44	72	25	62	51	36	37	23	62	58	53	38	36	72	36	48	50	57	38	54	39	49	43	38	32	31	36	39	45	49	43	65	49	45	60	64	48	68	60	69	60	44	43	72	65	57	57	63	44	28	60	53	51	55	77	36	63	50	53	55	57	64	66	48	68	64	69	59	66	49	43	25	23	56	57	31	73	49	31	41	64	35	48	36	23	43	51	76	50	50	31	45	51	83	71	43	50	53	51	52	90	49	64	35	40	74	44	55	57	71	62	36	76	40	57	48	48	76	45	26	45	58	49	38	36	58	46	36	44	43	42	34	48	55	76	48	34	49	48	58	40	50	47	25	39	40	50	57	32	36	40	37	38	44	30	44	42	38	36	46	48	42	75	91	31	44	71	57	53	90	83	47	42	45	33	53	47	49	37	34	57	31	49	51	48	65	45	74	48	38	34	47	44	24	38	72	48	78	49	50	23	40	31	46	46	52	43	48	64	46	35	51	50	41	71	37	30	56	71	32	57	77	29	50	53	51	56	67	47	39	42	38	41	31	31	67	38	35	45	42	35	36	39	68	35	53	61	47	25	69	36	72	53	46	31	34	58	36	47	37	51	38	51	35	43	73	44	38	26	61	36	55	32	34	49	72	34	48	30	85	47	37	56	48	44	35	60	41	34	49	51	40	50	36	43	60	65	49	43	33	37	46	66	57	32	55	40	37	36	56	66	34	42	80	54	61	32	60	67	59	49	55	46	36	46	52	56	23	63	40	90	30	48	63	58	67	33	47	50	64	55	67	66	41	60	45	73	41	51	34	41	39	39	47	41	29	52	57	38	44	50	90	34	61	39	46	66	23	35	46	50	57	31	51	36	72	64	36	45	48	56	36	53	39	31	69	66	51	48	43	58	43	56	73	62	39	42	50	45	57	48	46	44	42	31	40	40	38	62	61	48	43	42	48	36	70	61	51	60	61	44	37	50	34	37	41	52	43	55	44	46	69	49	36	55	61	55	34	56	53	51	63	55	45	78	40	35	34	90	50	41	49	60	29	27	38	69	44	51	46	49	60	47	32	45	50	56	60	39	53	40	57	53	54	68	53	44	51	51	34	53	49	48	67	48	42	55	51	48	63	43	42	90	31	61	56	88	63	56	51	45	44	56	49	51	31	50	47	51	63	56	41	50	62	71	37	64	48	44	56	45	44	50	60	35	70	31	44	38	49	80	41	39	47	57	51	52	69	46	41	55	43	43	46	42	71	40	75	40	34	63	50	53	37	37	64	49	50	43	32	52	58	80	51	43	45	52	40	45	72	25	38	44	36	62
2023.53525581204	161	126	157	178	149	140	96	157	115	141	148	119	138	156	156	150	152	143	183	145	120	140	169	120	138	144	166	152	132	160	108	166	117	175	112	150	134	132	145	123	128	143	131	130	131	104	111	127	151	150	156	142	134	123	147	119	132	144	164	123	117	150	141	156	122	133	129	114	116	125	158	144	196	115	150	155	171	142	140	163	130	137	155	129	121	115	124	181	155	134	155	149	153	192	144	106	140	166	132	151	113	130	139	127	183	160	126	121	158	126	134	142	123	167	128	154	140	126	139	105	183	120	157	90	153	138	139	163	161	140	159	145	118	132	122	116	133	109	122	178	151	143	153	168	150	140	141	150	132	153	138	157	139	118	118	109	158	111	166	167	139	142	155	164	168	130	126	173	135	135	141	132	129	158	157	168	157	147	145	153	158	153	131	120	134	138	142	148	177	140	140	147	140	135	140	144	161	118	190	115	121	134	172	113	149	132	175	117	151	134	192	132	143	109	145	92	175	115	145	158	157	123	157	125	129	157	153	147	114	92	140	196	166	118	144	154	153	168	131	141	154	120	126	130	128	157	130	151	135	162	177	141	151	121	129	163	141	104	141	130	177	164	149	164	141	160	137	155	134	116	142	175	152	201	129	137	124	190	153	127	140	115	124	127	103	159	156	121	117	148	127	154	167	161	118	124	134	169	124	135	129	163	157	116	119	196	137	168	148	140	133	139	92	144	145	145	136	92	108	123	141	149	147	147	135	138	161	155	124	157	139	109	154	130	166	144	172	124	116	132	137	154	146	186	201	160	160	140	138	135	146	150	138	129	180	157	147	174	169	147	152	147	134	173	131	172	137	126	146	183	184	127	185	153	173	201	129	133	140	163	139	123	167	142	161	166	122	151	142	210	160	109	106	128	147	121	167	171	134	116	132	139	174	123	137	141	151	142	144	148	145	164	125	144	166	141	131	154	146	134	115	161	190	137	129	130	183	127	148	140	96	127	89	179	137	149	104	113	196	118	142	145	171	140	147	120	139	126	124	118	113	96	127	119	134	147	168	148	142	165	146	142	185	150	171	147	124	144	176	173	115	168	179	136	117	140	124	141	166	176	151	163	131	158	152	148	153	161	141	139	146	167	139	166	139	124	99	129	107	164	120	181	154	125	138	165	144	122	131	117	139	147	175	162	146	135	126	126	200	128	145	146	149	147	129	181	134	165	98	158	155	139	167	164	162	142	131	189	123	157	157	126	189	147	167	142	144	146	99	134	141	138	131	144	129	137	116	119	128	189	154	112	156	122	128	121	161	141	92	115	124	152	152	115	136	136	128	140	164	112	148	133	138	117	123	113	126	166	199	121	136	174	143	148	195	194	141	135	142	118	150	136	154	144	145	158	124	148	147	140	140	139	178	145	133	128	113	110	108	137	196	104	176	139	128	117	111	108	144	148	113	121	145	166	132	124	141	126	159	128	130	114	157	189	118	169	173	111	145	144	150	166	167	153	115	133	125	124	121	124	158	103	105	141	146	98	116	118	130	120	150	163	130	92	138	120	176	147	140	111	120	152	120	140	150	154	143	114	114	122	176	136	143	167	165	136	154	121	133	148	183	145	147	124	162	131	121	158	143	135	109	164	141	138	134	148	130	151	129	119	140	167	112	125	125	128	127	177	157	118	124	109	121	133	162	141	133	113	183	165	156	103	140	149	140	134	158	138	118	144	139	165	120	153	114	183	144	150	169	153	165	136	135	150	171	139	161	177	156	165	147	181	144	157	120	128	113	128	140	125	105	120	148	131	140	141	181	141	163	149	143	166	120	92	115	150	155	111	161	143	176	174	129	141	147	134	136	160	152	125	160	154	114	122	137	144	124	151	176	135	123	129	149	119	156	127	131	144	126	145	131	121	124	129	165	156	116	142	143	88	166	161	150	190	139	135	144	139	134	132	115	157	147	149	124	153	157	123	151	134	140	167	141	164	149	154	115	167	162	176	131	109	123	181	141	140	156	190	111	130	129	160	137	138	150	154	140	153	118	137	150	161	147	118	150	121	136	150	144	157	147	140	151	122	122	160	137	122	165	127	126	166	147	131	168	133	122	195	121	147	145	179	156	148	138	146	130	153	134	163	106	129	148	137	169	164	159	139	148	151	144	153	168	144	158	126	113	135	164	132	165	137	116	129	136	183	128	123	111	148	136	139	186	127	157	134	135	125	115	135	152	121	166	121	114	163	151	138	132	150	175	156	137	144	115	127	130	183	158	131	117	134	131	147	176	99	133	128	139	179
2023.5486328314	250	267	282	255	250	239	239	256	230	227	260	239	265	251	273	216	250	240	268	258	223	230	267	268	239	255	246	257	223	272	198	251	212	254	229	246	242	225	211	221	238	270	207	254	237	232	211	260	272	252	248	256	215	255	254	225	239	262	245	199	231	253	227	270	263	238	216	200	233	245	282	249	243	214	271	273	286	233	246	264	254	245	262	240	230	214	252	262	273	207	262	246	265	295	262	262	231	246	207	272	179	236	228	254	263	271	240	219	230	223	244	258	227	246	258	252	251	267	278	243	275	240	264	152	211	240	199	258	246	216	280	233	249	225	263	202	267	203	263	255	250	218	265	268	250	272	234	258	257	256	240	257	249	235	251	214	282	195	263	255	244	256	262	257	243	254	223	272	262	228	268	223	244	234	267	265	264	261	259	241	260	241	256	259	239	265	258	207	258	216	254	266	267	251	238	243	265	244	259	221	230	219	251	202	222	228	267	218	250	262	295	227	225	230	266	232	254	244	266	273	259	244	235	242	243	258	211	240	228	228	238	243	270	225	251	256	246	262	237	268	256	223	262	247	255	259	246	265	239	269	274	260	265	213	240	248	262	232	234	219	256	261	234	245	227	271	264	228	244	202	260	267	266	256	240	252	242	243	252	228	216	188	226	239	177	258	255	219	242	256	239	243	257	265	226	258	244	257	251	260	247	248	264	233	241	267	234	265	260	272	246	199	228	249	211	261	243	221	226	233	246	261	250	262	260	251	236	273	235	259	199	230	264	232	245	247	251	235	251	226	236	275	221	263	288	233	261	251	257	223	250	256	239	216	259	259	262	261	286	249	242	229	242	272	259	251	234	250	255	263	266	235	282	230	262	256	220	254	231	235	259	233	255	251	246	245	196	252	237	278	272	214	262	244	282	219	260	268	215	226	223	220	247	224	245	262	252	209	265	222	253	257	256	262	251	261	237	242	221	252	204	246	243	245	244	273	268	255	251	256	196	258	185	248	210	230	252	236	267	226	233	233	286	245	261	205	244	271	252	234	193	196	228	232	228	265	243	256	263	262	222	233	284	216	265	208	217	262	273	262	215	270	252	279	232	231	226	261	267	252	253	258	244	264	250	241	241	255	249	199	222	255	253	251	228	230	211	226	185	263	240	268	247	266	239	266	247	263	250	231	271	262	267	262	268	262	216	206	277	182	237	256	246	282	220	253	228	266	206	241	262	244	272	255	276	209	250	267	199	256	265	208	267	246	279	263	242	267	207	239	230	253	237	245	234	240	236	223	217	267	242	223	256	263	238	227	265	249	232	254	251	259	266	237	241	252	256	245	251	196	235	238	241	212	217	198	218	245	274	219	279	266	218	239	284	272	245	261	263	260	250	241	247	265	251	282	233	256	262	240	230	232	268	257	246	253	202	230	226	271	267	212	259	220	255	231	176	198	236	244	236	222	257	270	239	247	261	220	255	182	253	228	259	290	234	257	271	227	233	243	256	267	260	246	254	238	256	225	219	233	265	217	238	262	221	206	226	227	246	239	250	263	254	232	236	215	273	228	247	255	242	239	268	246	265	252	280	184	232	259	282	279	280	279	242	241	256	248	246	256	268	251	270	253	207	259	215	254	240	241	203	247	268	252	242	259	245	265	240	217	231	246	240	250	272	256	244	274	256	249	223	230	271	230	269	234	246	179	263	256	268	245	267	202	238	228	267	253	244	236	278	263	259	211	200	254	245	280	260	273	281	249	249	266	268	227	246	274	259	262	246	268	235	282	223	246	197	258	265	243	243	236	241	256	251	246	253	260	268	265	240	251	259	221	214	253	257	255	266	237	273	247	240	249	249	219	241	276	259	266	255	244	184	263	266	242	230	234	282	210	224	247	259	232	249	228	248	245	218	259	237	230	252	216	255	263	202	253	259	145	264	265	257	259	234	241	275	249	207	223	204	260	265	233	217	252	246	227	272	226	227	272	260	252	266	264	188	272	270	259	237	204	255	253	246	262	250	259	227	232	240	255	280	236	250	261	267	243	249	264	242	244	208	227	258	230	265	238	251	259	249	251	252	201	236	276	269	263	281	228	218	267	262	241	265	254	245	284	219	276	253	260	226	268	236	254	238	256	228	264	262	254	268	252	260	252	255	249	251	250	275	241	248	246	254	238	178	227	247	251	257	245	228	240	255	263	246	224	232	241	232	278	263	260	256	226	257	250	214	261	263	245	245	230	216	261	265	265	227	265	254	256	218	262	237	205	219	263	264	252	218	244	237	246	273	211	246	234	246	248
2023.56200985075	257	283	273	259	262	248	266	258	242	238	262	250	268	259	278	241	250	247	262	249	232	237	269	276	252	279	266	263	240	274	205	245	245	259	232	259	254	250	218	230	251	265	206	259	253	249	228	271	264	268	271	267	239	259	268	225	265	259	258	214	253	263	238	274	276	267	221	220	242	260	282	272	250	243	280	284	282	242	252	260	259	246	254	249	242	243	269	255	284	217	265	249	262	274	259	265	240	266	237	287	211	260	247	260	256	260	245	242	231	230	247	255	236	241	264	251	250	283	270	260	260	284	273	187	239	248	205	258	259	226	276	246	270	250	276	211	275	211	276	259	252	235	262	261	248	281	255	263	257	263	248	249	245	255	266	244	282	203	262	258	245	267	265	251	241	272	230	282	277	248	272	240	249	227	273	259	273	269	282	263	261	245	258	276	257	268	255	229	250	226	251	281	278	250	251	253	266	264	254	228	242	233	247	219	227	251	267	243	252	260	274	231	249	242	268	252	259	267	268	267	251	245	231	251	245	269	239	270	251	241	251	250	270	256	258	263	263	250	253	272	263	232	276	271	268	241	237	281	260	274	263	272	281	227	261	265	269	249	255	233	252	260	230	258	238	260	266	243	247	225	256	267	267	255	243	272	238	235	263	246	226	190	254	251	212	260	267	242	272	263	251	257	247	266	244	260	247	255	261	264	259	265	270	242	272	255	236	259	262	281	277	205	241	272	218	258	255	267	248	245	252	253	256	268	264	257	225	284	253	241	205	242	268	264	244	259	247	253	247	255	245	275	231	254	279	243	259	250	270	223	261	265	252	221	249	241	268	272	275	265	252	244	254	282	265	247	236	274	257	256	272	254	265	229	259	255	243	270	240	248	275	245	256	256	259	244	217	253	242	255	274	244	265	256	276	242	255	272	239	224	240	228	249	242	246	269	256	214	279	239	263	251	270	259	245	259	253	258	231	261	232	259	235	276	249	276	262	256	257	257	221	271	204	246	230	242	275	248	255	244	242	246	282	249	269	227	253	275	269	259	217	221	246	246	244	267	241	263	273	271	246	242	267	241	262	225	244	259	260	259	241	267	256	285	245	240	254	259	260	255	265	258	256	262	250	246	263	242	242	205	246	258	255	245	247	241	230	243	216	278	284	260	248	273	250	255	259	276	265	253	273	268	267	266	270	277	217	209	256	220	248	260	249	276	243	253	244	255	227	250	254	245	281	246	279	214	265	268	214	250	272	228	268	260	278	273	255	278	234	257	243	263	255	257	234	262	259	237	226	268	258	237	260	276	251	241	266	264	252	254	261	275	255	252	270	255	272	249	272	223	261	264	245	245	225	212	235	244	273	242	285	270	240	249	262	258	267	266	273	269	258	239	248	279	252	282	241	263	268	259	237	244	263	263	262	256	219	246	248	288	255	234	248	228	268	253	192	205	248	246	241	234	263	270	265	250	259	229	266	220	262	251	264	281	259	255	272	244	246	253	265	266	255	263	254	264	261	238	242	241	256	256	251	269	231	227	224	246	237	251	258	257	259	252	260	235	260	226	269	259	266	250	276	252	261	275	284	220	243	263	282	285	284	278	251	270	263	267	277	263	262	252	273	262	217	265	237	250	252	254	211	245	272	265	254	254	261	281	249	227	240	241	255	256	277	272	245	263	250	270	246	242	277	248	274	255	277	211	256	269	276	255	278	221	251	244	262	263	264	248	270	249	276	239	220	260	257	296	258	262	281	253	269	259	272	235	259	263	251	271	260	260	253	273	232	259	221	264	272	262	261	237	246	258	250	252	253	272	268	268	252	245	276	267	243	263	249	259	264	235	260	249	249	258	265	233	270	275	269	273	260	235	220	276	261	255	241	262	282	231	242	259	265	246	270	244	255	257	235	282	253	242	269	221	268	277	225	253	267	187	268	251	264	254	249	254	278	245	217	240	232	273	278	253	244	263	247	236	287	237	235	281	272	248	264	268	190	281	270	248	253	239	259	253	252	274	260	254	244	264	261	260	276	237	248	260	278	255	270	266	242	249	225	246	263	242	270	244	258	251	254	250	256	221	247	275	265	276	281	244	235	260	268	247	259	270	258	262	242	271	244	253	235	273	237	264	255	261	244	260	265	252	268	267	258	248	266	245	257	258	278	263	257	248	250	250	229	228	245	278	261	276	251	261	266	256	259	242	246	246	234	270	254	271	258	237	255	256	243	266	277	250	244	242	235	262	281	268	231	261	259	260	226	259	252	223	233	256	267	257	243	247	253	260	260	230	258	243	251	246
2023.5753868701	229	256	232	209	231	224	271	220	245	204	229	225	261	214	229	233	216	208	190	231	224	201	218	260	227	239	232	226	237	245	189	202	258	191	217	231	234	239	211	224	239	236	221	244	253	238	228	259	220	245	230	247	232	225	247	212	277	207	218	213	237	230	204	246	261	244	204	195	235	259	248	234	197	266	238	254	223	201	227	201	244	233	211	233	237	266	240	210	254	175	232	204	221	196	207	264	211	232	219	252	247	274	229	239	224	217	230	212	190	217	216	223	231	166	226	218	218	256	239	262	202	280	234	233	248	237	197	218	212	199	214	212	256	239	261	204	247	213	261	209	216	207	221	215	226	266	228	212	218	219	237	214	203	238	251	263	248	228	213	238	212	247	232	198	203	260	217	239	258	232	252	237	209	191	254	212	234	249	257	230	208	216	240	262	230	261	223	196	206	199	233	234	255	213	224	228	229	259	176	207	237	220	200	245	219	236	224	269	216	236	196	212	217	244	235	259	191	253	235	222	224	215	192	225	230	223	248	269	234	253	224	197	238	235	238	244	235	209	253	252	244	224	255	271	230	195	230	237	248	229	205	242	237	210	249	219	242	238	228	219	188	198	217	218	204	217	259	207	216	240	209	224	218	199	217	240	219	185	232	235	199	208	249	234	239	225	227	212	263	240	234	216	200	229	238	240	216	202	247	239	228	219	226	235	277	187	195	212	229	266	265	197	253	234	211	212	245	274	246	227	214	207	241	244	239	217	191	254	255	195	197	244	239	247	194	232	200	255	236	251	211	244	218	184	186	230	225	218	250	219	235	233	227	204	195	195	244	227	201	233	255	233	234	239	247	200	195	282	241	224	230	219	205	187	219	199	240	260	211	220	248	227	210	241	212	194	201	205	201	196	245	263	264	231	261	212	210	224	232	208	237	213	197	226	233	242	225	193	240	221	241	198	238	207	202	223	253	213	218	223	215	212	185	251	209	254	190	212	216	232	243	262	221	175	251	220	277	243	187	238	201	212	223	217	249	239	222	252	240	249	208	243	235	253	235	221	203	240	228	232	251	201	198	233	210	218	281	207	201	219	265	205	206	259	228	211	249	223	230	208	218	218	233	217	216	226	230	188	226	197	251	238	222	202	229	224	242	229	257	243	280	211	201	247	231	210	232	261	239	237	249	244	224	233	241	258	216	192	165	233	244	234	204	261	240	204	235	210	227	208	211	212	227	201	231	193	239	224	213	224	237	232	224	231	225	228	236	229	230	230	220	210	231	236	226	236	248	267	202	224	213	241	210	261	239	233	229	228	259	246	247	252	219	242	252	223	255	217	240	242	232	253	218	258	227	212	228	194	214	212	259	236	216	227	221	187	235	228	228	251	222	211	201	240	216	248	216	240	244	220	201	228	208	229	235	226	245	232	246	256	187	234	191	213	230	237	231	189	240	213	229	223	229	238	277	211	223	221	217	233	252	234	246	206	249	202	207	244	212	228	233	211	210	235	246	253	238	225	212	216	216	278	263	242	218	227	208	259	230	242	222	189	244	259	233	225	201	201	237	235	244	217	260	227	226	258	279	268	237	250	243	259	279	225	208	252	244	246	265	240	190	216	241	241	209	247	228	211	225	231	213	204	252	237	234	229	244	237	233	212	211	166	260	243	245	255	218	205	224	256	238	244	251	236	229	228	265	247	224	223	261	232	255	191	224	235	198	210	259	240	239	190	262	248	195	204	219	263	213	251	221	225	262	218	224	227	212	205	214	232	231	211	226	232	224	242	226	226	230	251	252	233	226	240	218	214	204	242	227	236	216	202	262	274	266	230	216	235	222	191	201	197	233	259	233	220	252	232	235	247	231	185	268	261	222	236	224	260	243	239	226	228	224	253	239	243	246	236	228	257	253	237	240	204	232	247	240	212	233	218	220	195	217	176	238	231	240	203	175	237	215	234	250	226	281	232	207	231	252	206	219	227	242	210	224	239	208	227	220	191	253	248	225	204	214	239	213	176	244	247	249	231	252	228	226	204	255	213	256	259	199	200	218	259	212	237	243	233	238	224	240	218	203	255	243	232	236	261	221	243	228	230	244	219	212	260	238	221	212	237	196	206	208	245	228	223	233	232	235	201	264	221	224	257	213	210	217	203	216	237	240	230	207	210	211	232	222	222	204	250	252	251	256	249	251	224	242	226	269	226	197	239	184	259	220	206	213	243	266	228	227	232	194	237	215	215	237	261	212	226	191	210	219	207	242	218	219	224	233	233	269	216	253	231	201	242	231	221	214	175
2023.58876388945	139	114	100	129	152	126	181	122	153	157	119	107	125	107	83	180	115	93	78	108	153	128	108	114	136	118	155	121	162	134	168	91	178	101	104	147	143	169	178	160	140	118	178	124	180	116	161	136	79	152	113	143	189	94	160	116	196	72	139	180	159	139	157	120	144	161	124	133	133	155	85	147	146	209	103	134	86	120	137	82	124	133	91	115	156	209	126	97	134	107	115	110	111	40	72	117	140	155	134	117	222	191	147	127	149	104	135	126	118	150	111	118	155	95	113	116	92	114	101	157	79	187	128	239	212	134	171	142	113	116	67	144	160	169	144	146	131	166	144	129	124	150	111	90	109	140	141	107	100	104	134	109	107	122	124	180	85	172	111	169	82	143	115	82	137	150	150	118	104	122	110	162	93	146	137	93	128	155	159	126	97	127	117	132	149	125	118	161	93	116	112	105	130	94	143	142	118	132	96	109	156	168	126	203	161	178	107	219	124	96	40	119	157	152	127	162	101	150	127	99	95	106	117	116	158	106	212	208	126	138	143	146	125	150	142	165	134	98	180	110	165	153	114	188	118	73	124	131	157	103	76	129	131	131	160	128	120	116	141	160	105	95	145	139	157	104	141	149	111	190	71	107	81	134	115	137	106	110	149	155	116	180	194	122	211	123	119	126	169	134	122	132	98	118	152	118	111	102	139	132	139	128	124	133	185	99	108	93	119	140	153	171	138	147	178	72	133	174	168	120	147	82	150	118	132	85	119	134	155	73	171	152	116	144	115	153	126	155	91	175	123	115	193	70	61	173	138	92	116	139	123	126	136	124	87	73	118	130	60	146	168	165	143	118	123	126	108	200	136	149	134	103	72	111	114	134	172	152	140	168	127	120	126	135	113	115	163	86	118	106	134	180	117	137	141	126	92	135	189	107	162	139	120	157	133	120	128	173	117	166	144	82	115	72	91	81	180	118	193	101	181	113	110	134	93	109	78	86	117	146	193	137	184	89	223	153	165	158	99	152	120	144	86	113	155	210	116	93	126	158	144	193	155	190	163	77	137	134	99	129	208	120	52	180	90	196	234	72	77	114	210	66	103	108	139	140	194	81	116	98	133	142	129	97	115	140	126	87	135	171	208	169	118	91	147	131	169	157	237	159	187	111	83	102	146	87	153	144	110	159	120	118	107	115	92	104	140	122	37	236	167	106	110	141	172	118	163	87	169	113	91	82	138	104	108	173	110	115	180	97	117	160	115	124	72	99	154	118	188	149	143	91	145	151	114	149	154	188	132	115	118	161	96	144	140	151	118	123	162	97	139	154	90	132	152	99	129	113	157	192	176	150	111	178	186	173	158	115	101	126	108	137	130	154	115	73	156	98	99	110	122	107	83	117	112	85	124	134	118	123	128	122	103	121	147	103	203	152	168	129	99	174	98	139	118	159	218	168	157	96	111	172	121	125	196	96	81	161	106	236	119	126	165	73	158	102	97	144	144	142	126	93	92	134	97	150	98	145	126	124	83	211	146	120	193	169	107	175	124	158	122	79	124	162	168	161	77	122	150	100	161	123	114	137	84	161	152	242	128	118	129	108	152	72	119	152	165	163	153	134	78	112	97	131	163	123	173	94	122	121	166	99	110	150	143	121	118	131	115	124	140	95	152	133	120	129	112	76	97	160	143	152	104	140	103	141	153	222	149	128	135	119	130	147	143	163	103	91	132	157	101	91	132	212	133	112	99	142	117	139	95	135	197	97	135	155	113	76	98	129	124	111	135	100	153	160	163	113	102	131	134	126	140	117	92	147	118	129	130	109	114	91	132	174	209	139	96	100	105	119	77	120	115	171	146	168	152	76	133	102	125	89	242	144	89	154	131	205	129	215	157	139	105	190	152	174	144	151	158	159	180	156	126	124	144	159	190	81	124	249	101	80	128	96	171	121	100	107	107	162	181	120	134	177	234	149	115	155	117	134	170	138	129	118	135	116	180	138	98	98	180	212	94	118	147	124	111	96	144	144	160	125	106	148	109	95	130	104	160	141	97	144	196	175	107	156	134	131	142	95	140	92	92	234	165	76	103	144	95	174	158	116	118	139	93	152	139	115	126	89	81	105	124	142	148	141	120	108	163	82	117	95	93	144	117	118	106	107	117	137	100	126	128	103	94	150	199	143	99	141	136	134	173	160	153	149	160	157	165	140	112	101	70	136	122	134	101	133	209	98	115	130	115	156	142	94	131	125	119	84	101	96	152	72	132	193	160	149	97	120	219	111	180	124	77	169	132	142	123	89
2023.6021409088	176	126	109	130	163	143	152	152	184	189	125	118	129	139	111	135	152	124	99	152	169	148	132	142	139	102	145	134	157	160	171	108	173	117	152	141	126	157	184	180	143	136	213	118	190	131	181	120	122	145	107	139	176	111	150	161	179	88	146	192	164	156	189	136	120	171	149	154	139	150	102	138	148	184	100	140	109	135	156	132	118	149	132	146	170	184	135	116	140	144	137	142	137	111	88	132	131	145	143	109	219	151	168	128	150	125	147	132	143	183	135	152	159	142	116	144	128	126	124	143	112	160	156	228	195	127	193	174	125	142	86	166	167	157	120	164	154	210	120	130	153	154	137	111	110	136	160	125	140	137	127	118	132	131	116	153	102	182	136	149	129	139	137	126	146	131	183	109	109	128	125	157	144	171	123	151	156	146	135	129	120	152	134	119	141	129	152	168	138	142	143	90	121	141	131	132	123	126	130	148	170	177	146	210	180	183	118	192	153	113	111	156	175	157	141	148	117	150	141	125	134	130	163	136	177	113	195	193	149	151	131	148	145	141	127	157	135	135	190	125	157	169	130	177	133	128	111	109	136	125	115	133	109	145	150	129	125	131	160	157	129	135	147	146	189	125	135	144	135	177	94	118	96	109	138	123	133	126	164	139	142	202	188	129	185	115	110	132	138	125	129	148	132	123	148	139	135	118	139	140	142	129	153	139	170	127	139	151	125	136	115	193	151	138	184	117	132	160	188	144	177	131	136	106	140	76	148	140	138	128	193	157	130	129	152	159	146	138	118	154	155	134	213	119	110	168	157	128	138	128	132	136	139	149	87	128	106	138	117	168	158	154	126	109	124	146	139	157	142	150	109	115	93	147	117	109	159	135	131	154	109	144	144	127	125	152	181	127	154	129	160	153	132	152	155	132	105	145	176	141	157	148	141	172	149	125	138	189	152	141	143	126	105	88	108	100	190	130	213	126	181	125	126	106	144	113	99	134	137	157	176	126	195	136	197	139	149	158	127	148	135	166	109	139	146	184	123	126	135	153	151	176	139	175	148	94	146	125	121	145	194	135	107	135	116	185	200	88	97	117	154	102	118	102	142	131	188	100	152	113	144	174	120	109	152	157	129	110	145	193	194	149	106	108	168	152	177	168	193	130	160	117	125	108	159	130	159	120	135	164	124	106	118	141	111	109	168	137	82	210	183	118	142	155	159	121	148	130	151	106	132	129	136	139	136	189	135	134	192	123	151	166	134	115	112	121	155	134	183	141	144	127	148	160	127	136	154	162	139	134	130	178	128	120	143	163	123	131	148	131	139	129	120	118	161	135	114	139	126	170	183	139	122	173	195	169	172	152	131	132	102	139	135	184	129	116	156	110	121	123	159	142	125	152	147	102	164	125	106	110	148	134	126	144	166	107	210	135	188	137	127	180	116	148	133	164	201	171	174	119	135	162	144	145	179	148	100	154	113	210	113	149	176	113	153	118	113	158	166	132	136	141	105	135	131	139	124	142	132	164	130	180	143	125	213	151	141	145	111	180	159	127	118	148	150	154	97	145	158	120	153	139	142	156	123	153	128	214	158	138	133	102	128	112	142	161	157	139	115	125	99	147	113	137	171	124	171	131	139	126	210	127	125	151	126	134	113	109	146	141	131	142	170	137	143	114	140	115	123	167	165	157	110	135	125	160	115	219	150	132	138	150	121	151	131	148	132	127	126	174	124	132	119	195	154	110	117	128	153	163	114	143	173	108	145	156	125	115	132	145	115	117	133	109	169	164	194	116	135	137	160	130	157	134	128	177	121	133	131	123	128	108	119	160	184	156	126	120	147	137	97	141	146	177	168	177	161	108	163	108	114	136	214	120	112	155	152	184	133	218	172	142	108	175	115	170	145	160	172	135	190	170	135	149	138	150	177	90	110	247	98	138	143	130	155	126	132	132	144	157	181	112	108	175	200	164	138	159	109	119	175	136	133	156	127	130	202	136	108	116	190	201	111	121	177	134	127	130	158	129	150	114	137	153	110	137	121	103	167	135	132	145	185	145	125	170	153	125	127	134	145	128	126	224	181	108	132	120	114	170	172	152	106	163	151	135	127	129	132	113	106	113	130	168	153	154	126	122	148	132	132	128	98	169	153	156	113	132	137	145	132	129	152	117	131	146	173	148	127	131	125	106	154	150	126	150	164	172	165	157	133	124	119	120	152	119	129	137	184	110	143	139	152	170	151	109	109	129	156	123	117	128	161	88	118	196	157	150	113	123	192	135	190	115	97	177	153	154	121	136
2023.61551792815	185	146	161	124	175	181	95	176	196	193	124	137	132	180	141	64	171	136	174	161	182	190	154	158	151	101	138	123	148	154	184	145	153	171	188	152	128	142	170	194	118	147	194	106	185	160	183	90	176	138	138	127	157	130	125	203	162	97	145	191	176	163	193	134	116	182	158	167	153	134	134	128	165	145	114	156	148	158	189	170	106	175	161	178	186	145	142	135	156	211	169	182	158	170	97	119	118	138	150	100	180	92	194	123	107	155	152	153	177	201	176	170	142	182	127	171	156	146	165	131	154	127	177	211	163	122	201	174	139	179	102	195	152	142	116	186	163	226	116	124	186	151	158	141	109	157	169	163	187	168	122	127	168	152	110	109	134	164	145	138	161	127	169	185	162	118	201	99	133	163	129	148	182	200	96	191	177	128	105	135	164	193	168	121	163	132	170	194	168	179	181	92	131	197	130	146	166	94	157	210	186	187	134	196	172	169	134	139	186	121	170	190	189	157	167	121	171	147	167	126	169	137	188	150	178	113	163	151	192	159	130	165	163	125	113	135	139	178	185	129	135	182	131	137	170	184	92	123	98	135	142	145	123	156	134	155	120	160	169	167	173	184	147	145	193	155	100	187	176	196	127	134	140	95	171	139	170	158	182	107	179	193	187	126	155	104	100	153	103	126	126	179	178	166	138	154	176	159	186	160	174	155	163	153	154	152	181	191	124	157	116	201	159	128	170	145	142	174	186	191	208	166	115	95	160	63	172	156	88	184	201	157	136	110	181	153	134	88	117	102	165	121	205	158	158	144	151	156	141	123	164	146	151	158	106	184	95	159	173	180	107	168	128	99	128	134	181	101	149	107	98	138	121	168	132	95	176	111	118	137	117	191	187	106	139	181	210	163	189	155	154	109	119	177	152	153	151	152	157	202	148	163	147	155	175	120	158	206	182	103	148	185	116	97	145	134	185	169	205	138	207	139	158	74	182	135	174	204	156	155	156	132	210	182	162	126	121	154	152	138	158	195	148	163	128	153	137	155	142	167	158	156	107	110	153	118	162	126	146	171	183	158	172	64	132	179	125	97	121	132	98	132	152	101	145	118	187	134	171	151	206	174	115	142	171	173	135	131	147	201	183	138	95	145	194	189	164	183	134	136	127	123	171	127	141	160	153	116	154	176	146	95	134	157	132	133	181	142	156	188	151	126	182	152	176	116	153	160	134	110	161	161	160	154	153	206	154	172	191	131	164	160	172	111	163	146	161	156	200	163	168	153	159	151	140	122	177	98	170	172	169	181	162	116	118	159	166	139	121	168	186	107	162	94	176	191	91	163	90	151	192	132	112	153	178	155	157	181	156	153	101	130	142	196	148	173	169	137	146	130	163	169	171	182	168	134	202	126	95	129	190	165	144	163	185	133	196	141	186	153	152	189	147	163	170	176	128	184	184	141	145	128	163	163	162	181	134	132	113	188	81	192	168	159	167	159	142	159	195	146	146	181	151	139	168	132	126	110	153	202	175	114	134	120	205	134	202	93	92	195	163	176	106	121	141	139	121	168	167	109	133	148	158	189	157	123	77	175	184	139	153	101	77	163	141	176	135	135	116	126	174	168	129	121	174	128	161	178	182	120	226	133	129	170	128	141	108	123	178	155	118	182	171	157	153	91	171	142	131	152	171	157	105	132	135	169	116	180	107	137	150	197	131	136	130	153	153	153	94	184	165	185	121	163	167	118	127	109	177	143	132	139	125	138	152	168	139	142	165	171	111	123	143	161	182	163	223	127	180	166	146	119	173	168	156	208	116	145	141	139	127	145	121	174	145	163	171	109	164	173	121	147	178	174	180	187	176	127	160	127	113	184	175	116	151	161	189	162	153	183	155	174	132	110	88	178	109	151	157	105	185	186	142	158	155	128	196	134	111	239	111	194	146	157	145	120	165	168	211	148	207	122	91	164	125	182	178	142	100	137	191	160	145	168	147	136	193	160	125	147	185	199	130	116	208	156	141	157	159	110	134	113	154	157	109	164	131	94	152	100	183	159	179	93	163	186	165	133	113	169	161	156	151	184	192	127	157	116	132	178	157	171	95	195	191	111	128	148	153	142	123	126	131	165	157	176	121	132	153	170	119	156	115	146	177	168	113	168	156	154	165	135	171	137	178	134	164	154	133	113	96	74	171	134	101	107	163	155	142	173	150	165	158	90	176	137	190	157	145	137	176	133	181	186	170	139	123	132	190	157	171	162	140	97	94	168	167	107	135	127	139	176	185	111	121	164	181	174	136	182
2023.62889494751	177	159	171	114	166	189	52	185	186	177	132	134	138	182	173	37	176	167	191	159	183	201	155	176	158	116	130	98	123	137	135	181	135	202	205	155	118	121	128	181	113	129	179	115	156	172	179	80	174	134	156	115	140	159	107	212	144	144	150	174	175	160	177	139	124	170	164	210	167	118	176	123	150	114	112	170	178	174	189	197	115	168	189	202	184	114	150	136	170	228	175	182	168	185	144	135	115	130	173	117	129	53	192	128	73	162	143	156	182	191	195	169	138	195	138	187	176	159	177	107	153	110	184	173	126	120	193	159	164	199	132	200	137	121	124	191	151	206	124	114	186	148	168	156	130	155	174	175	194	185	120	148	179	158	114	111	176	153	159	98	170	115	175	202	184	100	191	96	154	192	147	123	189	203	77	194	184	124	99	157	186	189	179	121	154	138	169	183	204	199	173	109	139	215	127	138	163	87	168	226	184	188	131	156	160	150	167	105	186	131	185	207	166	153	177	95	202	141	177	123	200	150	195	174	163	132	126	115	205	164	127	150	154	127	128	120	151	194	156	147	120	183	137	106	163	212	103	127	95	152	149	141	127	146	132	160	125	172	174	160	180	185	154	150	177	162	89	189	195	176	173	167	170	83	192	140	187	168	181	75	199	186	161	144	112	108	92	156	78	123	144	170	190	163	121	166	195	168	180	160	162	160	162	167	118	152	181	194	132	155	108	193	164	123	128	164	160	169	159	203	195	172	114	91	160	94	188	170	87	212	193	153	143	87	183	136	131	87	131	75	188	130	161	189	180	121	129	176	152	106	165	127	158	164	137	212	91	143	186	176	93	152	118	96	136	131	181	53	146	73	78	156	125	174	142	83	170	110	115	101	138	203	174	112	164	183	208	194	204	141	137	111	135	202	130	156	169	130	140	220	123	162	146	129	168	125	164	192	179	71	146	202	123	144	181	159	156	185	161	180	193	164	168	91	189	138	191	220	177	164	140	126	196	211	125	120	109	166	152	121	174	200	178	174	124	108	169	188	150	170	156	140	75	67	168	140	184	123	164	183	140	174	202	37	165	155	68	144	134	142	59	166	158	109	133	115	161	159	169	163	186	159	115	161	176	171	157	160	142	193	140	98	92	181	192	193	145	184	78	132	110	119	198	136	131	181	136	124	155	175	150	91	167	171	148	154	194	157	177	146	128	137	182	130	170	124	168	181	127	116	189	170	163	166	173	192	155	170	174	143	175	177	170	124	173	164	146	160	155	154	167	173	158	153	144	122	165	61	171	170	185	171	175	124	113	128	163	146	95	185	180	90	192	92	169	200	91	174	75	111	155	129	127	135	178	141	162	183	154	156	109	132	150	179	150	185	154	153	164	133	166	186	198	179	192	176	190	123	91	116	201	175	176	183	179	141	156	127	159	143	152	176	153	162	163	175	91	135	177	168	139	97	183	154	144	179	159	113	134	146	102	205	141	155	170	168	147	142	200	138	127	202	169	151	185	129	144	71	156	190	210	71	120	125	161	127	220	67	103	170	166	212	115	95	132	131	134	178	159	120	117	158	176	189	189	119	65	128	199	154	156	109	65	173	155	169	120	104	108	123	191	192	148	113	148	136	144	201	184	126	206	152	147	157	118	140	111	127	202	172	115	195	182	170	154	91	166	149	143	137	181	153	125	127	152	174	108	129	73	126	154	196	139	148	127	168	154	173	87	177	177	198	121	126	210	123	139	88	188	130	155	135	79	141	130	170	164	149	192	183	124	119	157	171	183	144	211	138	186	170	163	128	171	179	176	195	124	141	146	140	123	181	121	169	114	160	179	120	186	158	134	146	202	149	176	188	169	162	152	136	112	196	128	124	168	146	193	148	156	120	129	162	149	67	57	163	106	153	162	99	156	184	150	164	159	102	176	164	111	179	111	219	143	168	110	126	173	179	228	123	193	128	76	151	68	181	181	138	117	135	187	163	141	197	137	143	186	163	146	153	156	164	159	124	195	151	137	168	142	87	132	112	158	168	130	169	139	104	137	89	215	165	155	67	175	184	168	145	128	200	153	176	167	140	166	162	181	124	155	163	162	169	91	190	194	110	128	150	156	163	140	138	136	156	168	173	127	146	168	197	135	179	103	142	188	197	134	179	177	163	173	157	166	149	201	119	142	159	152	128	102	91	165	132	77	73	144	129	159	171	151	177	189	80	185	135	216	170	114	153	170	146	183	184	163	170	127	138	207	189	202	175	122	144	92	119	160	73	157	136	105	195	156	124	134	145	178	180	145	211
2023.64227196686	125	148	144	112	129	159	90	151	140	124	139	158	133	147	154	91	145	156	162	134	167	167	127	143	139	130	117	104	134	95	141	168	127	166	178	139	118	132	122	140	131	111	136	141	137	139	149	112	133	130	151	126	121	163	95	173	123	147	148	154	137	126	124	124	144	133	152	177	157	112	148	123	122	106	134	141	147	171	154	169	141	138	160	170	144	106	143	129	141	192	154	146	140	144	147	140	125	117	157	116	107	85	148	128	76	146	128	149	163	142	167	137	139	147	129	150	157	148	151	135	138	112	132	136	94	140	144	111	157	176	152	164	111	132	144	159	117	145	144	112	160	146	140	136	146	133	137	146	151	153	140	160	164	152	134	124	148	141	128	109	151	126	154	152	166	123	142	104	141	173	130	134	171	168	102	145	132	116	105	153	155	159	159	143	145	133	137	164	163	176	151	136	124	173	125	142	149	122	143	188	144	148	140	121	131	111	141	102	160	128	144	176	128	143	146	115	166	131	146	127	157	146	154	163	122	112	94	76	156	154	125	122	132	117	141	107	142	158	137	130	107	167	137	83	140	167	124	138	131	128	127	146	138	153	115	142	129	139	137	148	146	134	146	148	124	146	114	160	167	161	177	141	163	107	154	131	166	141	132	104	176	140	118	143	121	126	130	149	105	125	143	134	163	149	146	140	167	160	154	135	139	142	118	157	90	129	144	145	139	133	124	144	154	123	122	144	152	132	123	167	149	151	126	118	135	140	155	141	122	167	144	143	142	102	164	135	140	122	122	107	153	117	106	146	134	111	123	157	135	132	146	135	139	152	158	167	118	117	149	127	90	132	118	104	136	140	144	83	134	76	112	169	129	146	129	107	143	104	125	97	140	167	142	129	157	164	159	159	159	108	95	124	140	156	107	149	156	105	121	188	134	161	135	127	138	129	143	147	138	107	117	152	145	147	168	156	137	162	106	159	152	157	141	119	171	138	162	176	149	136	132	130	167	162	116	133	100	147	129	146	171	164	147	146	116	121	155	145	143	153	160	132	104	87	141	149	166	125	147	143	113	171	172	91	153	136	99	147	128	129	97	157	150	116	137	125	118	156	128	149	158	111	127	149	145	134	153	157	150	144	113	109	119	168	148	165	129	151	123	114	112	128	158	138	135	150	135	144	142	137	148	118	141	143	145	141	156	168	155	115	113	120	146	107	143	131	141	150	146	150	160	151	132	151	137	147	142	141	154	143	133	152	141	141	156	147	133	127	149	145	145	152	143	138	148	124	149	106	175	141	162	145	153	144	131	136	149	133	115	156	154	110	161	125	123	162	103	146	124	121	126	134	137	127	152	145	145	164	115	149	116	110	152	135	119	154	134	151	147	146	141	160	158	138	158	148	147	125	118	129	167	159	146	145	136	160	121	140	123	125	129	129	149	161	140	137	107	141	132	158	136	105	145	132	123	162	156	123	137	115	136	156	99	126	153	160	124	151	164	142	135	150	156	142	156	134	132	114	149	147	168	97	126	129	106	146	188	102	124	138	141	167	141	115	135	133	128	161	130	134	105	144	143	154	161	117	102	108	158	136	110	116	102	156	139	123	107	120	124	125	162	158	139	101	129	136	144	157	156	127	145	135	130	122	118	125	128	138	170	169	125	147	141	139	139	103	137	127	143	111	148	143	142	141	128	137	124	107	76	126	119	151	124	140	125	141	125	152	122	132	151	168	143	94	177	133	153	90	136	113	126	146	83	144	105	154	157	127	181	143	141	128	149	144	167	122	155	129	144	144	147	136	134	159	157	149	131	146	125	134	127	168	143	132	106	126	153	134	163	150	128	135	170	125	127	148	123	146	108	138	117	150	108	144	149	133	165	109	110	84	127	139	152	87	102	124	113	138	145	105	137	144	143	152	144	106	161	171	123	134	123	171	122	143	100	127	128	164	192	134	152	131	113	120	99	132	155	139	116	148	156	132	146	156	133	142	140	132	142	149	137	127	163	131	149	140	128	143	151	102	115	117	132	144	146	132	124	121	111	114	183	132	136	102	146	144	135	155	141	157	118	157	147	106	132	146	155	144	126	124	145	128	118	136	145	104	144	119	149	139	137	135	144	118	144	129	140	137	141	169	140	155	127	115	136	156	137	164	149	123	128	153	140	139	157	122	130	166	135	129	112	119	155	115	114	76	122	127	136	134	138	151	146	112	151	148	182	139	106	151	121	146	164	144	156	146	138	133	176	161	166	153	139	147	125	122	148	76	147	140	102	167	137	141	128	129	148	148	144	162
2023.65564898621	72	118	82	117	78	97	138	106	75	87	127	157	113	76	129	152	110	142	106	81	125	114	83	95	108	138	85	128	127	63	148	142	112	119	112	96	122	107	98	85	138	109	103	145	89	109	113	146	86	101	113	128	97	141	87	101	76	156	119	128	94	76	87	120	143	83	125	151	125	111	98	124	90	99	155	100	105	134	91	117	145	96	122	105	91	99	130	117	100	135	100	91	110	72	156	127	144	85	138	121	82	118	68	124	93	100	120	127	123	98	119	96	144	104	131	91	124	118	96	140	102	108	77	119	54	138	101	71	120	127	161	98	81	107	143	119	102	72	143	117	98	120	110	98	147	93	83	108	99	126	138	146	116	139	146	158	98	137	95	105	122	128	100	78	121	120	98	121	120	128	125	127	128	106	124	82	77	119	130	124	143	93	93	139	129	113	96	118	113	127	92	156	89	115	120	120	103	142	121	105	91	97	132	90	92	73	101	104	98	122	72	109	82	117	106	129	119	93	106	133	105	147	107	144	86	133	54	38	94	138	120	90	95	132	133	97	128	105	89	125	97	125	120	71	96	117	148	124	136	127	111	118	124	134	101	124	140	109	83	114	86	74	122	119	87	100	135	103	119	109	157	101	131	120	105	108	129	101	79	137	127	88	60	130	123	128	140	127	135	130	130	89	106	103	139	106	119	119	101	97	95	124	65	125	62	109	101	82	127	93	104	101	138	124	98	130	134	67	77	96	94	110	115	134	97	172	110	100	153	117	101	117	128	122	110	124	132	153	145	130	128	101	48	126	72	106	107	124	128	147	125	127	108	125	142	117	134	76	91	74	98	83	122	121	107	132	101	110	108	93	121	144	122	123	116	120	88	122	144	88	141	96	80	138	120	110	87	124	118	71	63	158	127	105	77	127	119	68	97	132	127	128	115	143	96	140	108	83	84	149	85	78	137	156	142	139	89	117	48	140	98	120	101	145	128	108	106	113	113	101	132	114	103	110	87	154	92	107	109	139	134	98	105	120	119	116	144	96	130	121	146	132	137	124	97	152	121	130	103	105	54	134	114	152	140	115	110	156	145	116	130	139	116	138	127	144	60	139	74	108	98	71	140	116	110	105	124	139	120	101	54	105	150	142	68	122	122	116	134	86	108	127	105	124	138	119	124	143	115	94	118	134	101	113	126	120	108	158	115	67	110	106	91	77	88	113	97	119	145	156	122	122	95	124	81	83	115	69	128	145	85	106	69	166	111	103	117	103	100	129	106	135	121	107	135	129	118	132	143	69	117	99	118	143	138	107	103	112	129	111	101	118	119	148	69	103	153	120	146	138	84	114	161	112	108	142	131	110	64	127	138	103	151	78	65	89	91	158	103	137	111	125	105	84	120	98	82	130	134	123	114	130	111	93	81	170	90	139	77	85	109	80	129	128	96	94	151	148	66	150	126	115	93	95	76	115	139	136	144	67	147	94	68	74	121	119	85	137	98	120	127	84	119	128	111	114	138	152	127	82	107	128	129	140	48	145	132	147	148	86	111	121	145	129	117	154	145	130	94	153	118	119	95	91	124	112	124	82	113	139	69	138	124	111	131	69	97	125	104	130	106	120	127	122	99	107	119	103	84	136	72	118	125	79	122	108	129	124	105	140	144	104	99	96	123	153	114	111	145	81	108	117	132	129	127	83	104	82	93	120	80	82	89	134	120	97	125	135	142	66	96	118	139	54	151	109	149	91	79	102	111	143	99	130	68	112	120	111	130	105	166	127	121	82	125	85	88	131	93	99	148	133	105	93	124	94	113	118	93	110	153	142	139	67	99	76	93	153	113	133	145	115	105	85	74	97	69	131	66	124	127	107	82	143	133	117	122	64	69	39	143	95	141	124	140	73	134	107	131	130	89	91	130	125	99	110	109	144	118	76	138	109	94	121	112	136	86	116	135	127	98	116	143	74	110	79	114	144	121	151	106	95	118	116	101	128	88	95	121	129	89	70	141	113	94	105	118	121	137	122	101	127	95	99	147	99	89	154	81	135	126	99	115	147	108	91	85	144	133	105	96	124	116	60	74	131	102	143	111	73	131	74	134	81	82	122	137	65	127	107	152	102	131	84	99	76	140	128	97	117	127	120	139	99	79	116	144	116	113	72	86	124	96	111	103	133	107	125	118	122	115	145	99	101	123	93	85	143	114	105	132	96	126	146	106	151	123	96	99	158	81	129	110	91	137	119	124	113	109	124	119	118	147	156	148	113	114	93	134	141	104	119	89	166	145	122	105	113	130	110
2023.66902600556	8	73	28	114	22	33	146	58	6	27	114	144	94	33	77	168	52	107	51	59	68	31	47	46	75	135	50	124	123	32	137	79	98	60	45	49	112	105	72	36	123	107	49	132	50	85	57	138	48	81	83	115	85	116	81	48	46	136	86	75	49	25	27	80	121	27	98	74	97	106	34	106	48	86	151	31	64	99	25	60	132	60	63	32	39	86	107	105	31	65	34	42	83	12	136	113	149	50	111	116	52	132	16	113	108	66	105	114	80	48	35	49	122	64	121	31	98	73	40	127	84	88	21	69	15	119	53	30	94	73	133	35	28	105	121	77	55	3	121	114	56	88	83	55	137	48	38	59	74	67	119	111	73	108	130	139	34	114	58	88	105	115	34	5	64	114	48	118	90	77	98	123	79	18	131	10	21	96	121	89	78	35	19	115	85	94	49	70	31	73	60	142	27	59	104	99	73	149	82	42	39	35	112	47	55	31	38	91	56	133	12	37	30	91	33	122	60	72	33	113	33	124	47	102	40	124	15	11	33	105	104	48	59	128	101	80	85	25	50	98	80	68	107	62	56	58	141	105	118	96	85	97	105	140	73	72	121	85	38	81	24	19	81	86	27	66	127	43	35	54	111	38	79	113	61	91	86	74	28	152	73	20	13	107	112	117	135	114	138	115	107	48	62	73	119	61	35	77	56	52	50	72	19	97	30	81	69	10	114	48	98	53	105	106	72	114	98	29	32	24	35	80	92	136	52	168	55	31	146	58	53	91	89	140	64	89	112	146	142	127	83	86	13	92	3	85	83	98	98	147	94	108	75	98	127	58	136	56	44	19	101	35	112	118	89	112	69	117	91	108	125	125	111	84	96	113	39	107	149	72	109	24	32	122	94	64	20	57	58	30	32	139	113	28	38	114	75	42	85	56	123	98	90	131	60	121	68	24	39	157	57	5	123	136	79	104	50	57	13	99	21	94	74	152	79	96	51	60	64	77	106	94	42	38	41	140	56	56	81	119	99	35	64	76	96	102	105	42	107	80	131	106	152	126	35	123	64	115	86	43	13	99	68	168	93	76	113	136	137	96	141	107	104	137	123	149	13	104	32	78	57	30	133	91	52	56	89	113	100	53	13	88	146	79	16	77	91	58	133	47	88	109	50	114	120	69	89	121	98	49	93	136	38	67	105	90	48	141	87	22	98	88	42	38	39	96	35	69	123	151	63	105	62	71	36	24	98	13	75	125	28	46	13	143	75	86	93	68	70	85	64	99	103	71	121	105	71	146	110	13	57	46	83	121	123	110	73	95	122	42	56	120	59	147	14	30	144	76	140	128	46	97	142	98	49	113	88	64	8	114	137	73	124	10	13	27	42	120	86	116	72	74	50	39	59	34	24	115	136	123	31	99	43	12	4	137	47	114	32	43	81	29	99	98	56	49	152	137	19	111	121	118	12	59	46	78	104	141	128	22	159	33	27	40	80	77	42	114	35	99	108	16	75	85	42	97	117	160	114	24	37	131	121	121	13	123	56	150	141	31	72	46	132	122	89	137	137	80	41	146	102	82	46	25	71	104	124	33	56	98	12	137	124	75	89	14	80	114	98	115	51	59	109	122	70	89	101	28	24	113	3	95	98	9	112	88	140	105	32	113	149	64	52	51	99	144	69	85	125	28	61	91	128	123	96	38	98	52	108	103	40	7	27	119	104	35	87	99	149	19	40	58	115	15	74	82	116	88	7	69	60	119	85	103	42	80	94	85	67	43	143	109	84	28	68	42	15	121	56	49	99	124	56	19	98	35	96	97	60	91	131	79	115	29	86	25	51	146	46	117	137	90	32	49	19	35	14	86	23	114	118	40	33	121	100	93	77	10	12	10	131	50	102	126	146	38	120	71	88	121	50	39	107	98	62	99	54	128	103	18	125	13	68	82	97	113	25	73	65	123	21	101	133	20	113	28	47	122	116	138	36	62	97	59	81	89	20	62	96	99	50	24	116	96	35	83	100	82	114	140	73	118	55	59	137	70	27	149	28	127	50	54	76	150	59	39	33	108	101	33	72	98	96	10	29	86	44	121	60	38	88	32	136	13	10	107	119	13	114	72	127	92	113	42	59	25	128	104	35	60	113	93	152	66	7	59	128	73	64	21	25	89	71	91	28	139	81	103	95	100	103	152	61	73	127	108	42	131	67	56	116	40	92	138	58	138	42	51	86	120	34	107	64	39	113	83	105	94	37	71	60	83	129	136	147	104	81	108	102	119	91	35	50	143	137	91	47	41	108	38
2023.68240302491	6	54	35	74	23	32	111	52	10	26	87	96	75	36	61	125	47	83	28	42	46	22	43	37	60	92	41	109	89	38	95	53	72	44	37	34	98	69	49	36	76	87	36	94	34	63	47	100	47	52	58	87	67	80	69	40	34	109	61	51	41	20	26	60	78	24	62	65	76	79	29	75	37	61	103	26	51	69	21	47	94	53	51	27	30	61	74	78	26	48	29	32	64	13	109	76	112	41	75	93	40	99	13	88	84	55	84	84	57	36	29	39	83	52	96	29	61	54	28	91	64	68	13	52	26	79	43	29	59	55	91	29	23	69	78	74	44	3	78	74	45	67	64	46	103	39	37	39	59	50	79	80	53	84	92	104	29	87	51	59	78	87	29	10	36	84	36	95	71	60	80	89	58	14	102	9	13	74	90	48	58	29	17	77	66	75	39	46	25	55	42	97	33	39	85	73	51	104	62	38	30	28	75	41	45	36	37	67	45	100	13	35	27	76	31	94	44	60	31	79	34	100	40	79	33	97	26	17	28	79	85	37	46	103	64	67	61	29	34	80	67	46	73	56	48	41	103	78	79	74	78	68	78	110	60	51	91	63	37	63	32	24	65	61	26	55	91	30	29	39	79	37	57	75	46	66	62	54	22	117	55	22	10	78	95	96	94	84	105	89	78	43	50	51	90	48	29	54	45	47	38	51	18	76	39	64	65	9	87	39	71	43	79	75	49	94	70	31	26	20	26	60	59	107	47	122	40	26	108	41	43	76	68	105	41	63	75	108	121	99	64	66	14	71	4	68	59	61	76	111	61	68	60	62	86	41	107	54	44	30	83	27	98	95	70	75	65	88	72	84	95	91	77	64	84	75	32	86	112	62	78	20	20	87	59	41	19	51	45	23	38	104	76	40	36	84	70	43	67	43	89	68	59	90	53	91	44	18	38	124	53	10	84	109	53	77	34	42	14	76	11	59	54	108	58	70	28	48	54	64	80	77	20	32	38	107	42	42	64	90	69	29	51	67	74	69	80	40	74	65	92	80	117	97	31	89	36	89	66	34	20	69	49	125	69	60	83	109	110	84	109	73	80	111	93	112	10	77	27	58	44	29	101	69	47	38	48	87	68	43	20	59	107	53	13	63	78	46	87	40	68	80	40	80	80	54	63	78	70	41	66	107	37	52	78	71	50	100	67	22	64	71	32	36	32	62	31	54	87	114	51	78	46	53	29	18	70	23	51	97	25	32	23	104	56	66	69	54	49	66	54	71	80	51	97	85	54	103	67	23	42	34	60	78	76	71	51	69	94	37	45	86	40	107	12	27	121	67	98	97	30	68	116	72	45	82	67	41	9	84	111	57	96	17	9	23	35	91	66	90	42	61	40	38	43	29	24	89	107	89	22	68	28	17	5	97	41	77	26	42	64	26	70	68	48	41	120	95	13	80	90	91	17	46	34	58	77	116	101	22	110	28	32	34	65	54	37	75	29	73	68	29	70	61	37	68	93	126	84	24	33	93	81	91	14	87	43	122	103	24	42	39	94	94	57	107	110	59	26	112	84	57	37	21	58	75	82	41	33	73	14	111	82	56	64	12	67	82	71	89	28	43	80	109	57	70	66	23	37	84	3	70	80	20	98	76	101	78	27	87	112	52	41	48	66	121	52	78	97	23	45	76	87	86	74	37	71	40	84	72	35	10	33	85	85	31	73	71	104	13	28	38	77	26	65	51	76	75	15	59	55	87	69	81	43	61	59	78	50	34	104	80	65	35	46	32	9	96	37	34	70	88	38	17	61	26	62	68	54	65	101	53	77	31	61	20	41	112	26	80	110	59	27	35	30	28	12	71	25	80	90	40	41	78	71	69	63	8	14	22	90	38	73	97	107	37	100	51	67	90	34	30	74	62	51	72	39	96	77	18	88	9	50	62	73	84	27	53	48	89	11	67	93	14	83	22	41	83	93	106	25	46	68	43	66	68	22	46	70	70	34	13	80	62	26	65	81	62	75	105	60	90	38	49	103	48	33	121	23	91	39	43	60	122	39	30	27	78	64	34	57	61	70	8	22	71	31	78	55	37	67	27	107	14	9	86	85	9	84	47	105	64	90	32	49	26	89	80	31	47	76	72	112	51	15	43	101	53	54	26	27	48	56	80	23	106	74	74	70	75	76	108	40	60	98	84	32	90	57	38	99	28	71	100	52	106	26	48	61	91	29	66	41	30	87	49	78	75	35	58	44	60	90	109	107	87	63	84	77	95	67	29	34	104	110	78	39	31	83	32
2023.69578004427	4	35	38	47	28	29	52	33	7	16	52	52	49	36	28	70	36	49	9	31	23	19	30	22	33	57	41	59	53	48	49	35	41	18	26	26	50	55	27	31	51	48	26	54	30	41	28	56	34	26	37	42	47	52	49	33	19	61	37	26	29	14	16	28	47	14	47	36	43	34	28	40	16	41	50	21	26	44	16	28	54	35	25	30	21	41	37	34	21	26	23	17	38	9	61	49	68	41	47	47	23	63	19	52	53	48	52	63	36	24	20	34	56	36	58	19	39	35	17	49	40	37	7	20	34	42	27	35	29	29	49	14	21	55	47	53	41	2	47	47	24	45	38	35	61	22	32	25	33	28	42	43	41	49	56	54	28	56	34	26	40	42	23	15	20	49	24	53	39	42	50	53	27	16	65	8	7	41	45	30	22	19	29	45	35	49	34	24	19	29	20	51	45	24	52	46	30	60	27	29	21	13	43	19	24	39	29	36	24	70	9	25	28	55	29	58	18	52	29	51	32	54	20	37	29	52	34	43	19	44	52	16	19	60	35	49	35	16	30	50	49	23	40	43	47	21	57	53	42	39	63	38	53	74	47	26	43	41	32	35	34	20	41	37	16	48	45	21	20	17	39	29	28	49	30	41	42	38	15	73	29	19	9	42	63	58	52	63	70	48	42	35	30	30	54	27	20	32	32	41	38	26	13	43	40	42	53	8	52	22	47	27	44	40	27	49	36	20	16	18	11	29	24	56	41	65	26	21	52	21	27	55	37	60	28	37	43	52	67	67	35	37	11	36	3	35	37	39	53	70	30	37	33	47	62	21	56	36	37	33	57	8	50	53	48	43	53	47	41	53	55	49	39	43	56	49	27	48	68	43	41	18	13	53	29	28	11	35	25	14	48	54	49	42	26	63	37	41	47	29	53	30	34	45	35	43	22	13	34	71	47	15	55	61	35	42	30	23	11	42	8	29	38	68	27	39	9	34	39	35	40	59	10	24	35	52	20	29	42	54	44	14	26	43	41	38	40	25	37	33	59	40	73	50	27	52	20	48	48	22	26	44	29	70	36	30	45	61	56	56	68	38	44	62	57	68	9	42	21	41	34	35	63	46	36	27	30	46	44	27	26	26	53	35	19	35	48	27	48	30	37	43	30	45	38	26	37	47	47	29	36	56	29	29	49	39	35	67	39	25	37	43	17	26	27	33	27	26	60	67	25	40	26	33	31	13	47	22	26	51	25	20	22	43	35	48	33	32	23	35	32	39	39	29	55	45	33	66	34	22	23	27	39	47	51	57	30	47	58	28	32	50	28	62	4	19	60	43	48	62	19	46	58	41	32	46	32	28	10	63	62	38	49	13	6	16	30	49	48	47	24	29	30	34	25	28	25	48	56	56	19	46	21	24	3	43	19	31	16	22	42	19	39	30	47	29	70	49	7	33	51	66	24	19	19	42	42	68	49	25	69	19	22	20	33	32	34	45	14	46	37	35	37	35	28	46	60	70	63	25	17	55	51	43	11	60	29	66	57	19	24	31	54	58	31	55	56	41	14	62	55	37	22	16	31	49	44	54	17	30	22	62	44	35	35	4	49	49	47	48	9	25	39	76	37	48	38	13	51	52	2	45	50	24	50	44	71	53	30	53	68	36	31	34	40	60	28	63	51	21	31	55	54	47	39	32	47	23	53	40	35	19	45	42	52	27	26	39	60	7	17	22	45	34	36	49	38	50	22	41	37	50	45	41	41	31	29	63	27	22	43	43	35	38	23	17	6	58	27	21	27	48	27	29	39	11	33	38	35	54	45	35	45	20	41	14	24	62	16	40	56	34	30	21	33	13	4	44	35	45	46	30	54	47	35	33	35	14	22	31	45	38	44	50	57	34	47	29	32	45	30	21	37	47	34	39	17	59	52	11	49	14	47	27	41	52	24	41	26	53	8	42	48	21	45	15	30	56	47	60	13	26	38	20	45	37	19	26	47	39	30	6	52	33	11	45	50	27	45	60	47	46	29	48	61	31	45	63	21	45	25	35	30	66	25	21	16	47	35	32	38	39	39	8	12	44	15	47	37	34	32	21	56	12	8	48	44	6	63	29	61	42	50	19	48	17	49	41	27	28	49	46	65	35	22	20	49	41	39	41	24	30	33	58	13	62	58	48	45	49	48	68	24	47	58	53	17	45	32	27	47	17	36	56	33	60	17	34	41	49	20	29	28	21	47	26	53	49	25	31	18	39	49	61	62	56	35	53	39	56	36	20	30	43	56	48	17	22	57	24
2023.70915706362	22	18	43	19	28	33	18	20	23	13	15	12	28	43	9	25	39	27	15	20	15	25	39	17	26	22	42	22	21	55	18	17	26	11	30	27	14	36	20	35	21	29	17	19	24	21	21	21	36	15	11	14	32	22	21	27	16	9	10	10	20	23	13	13	11	17	13	21	15	12	22	11	8	24	14	22	10	16	24	16	19	29	15	38	18	24	10	21	22	17	26	16	13	18	9	20	21	42	18	19	24	14	27	23	19	40	29	33	21	18	27	34	21	16	22	19	11	18	20	15	13	19	9	12	46	15	23	43	9	18	15	12	26	36	11	39	44	8	11	19	10	28	13	37	14	14	29	20	21	20	15	8	25	20	28	12	22	23	19	10	9	14	26	26	12	19	18	17	23	22	32	21	20	23	26	18	9	12	10	13	11	25	36	18	15	28	34	22	20	18	10	11	58	12	22	25	14	16	8	28	18	17	19	8	12	61	28	19	10	15	18	21	33	24	37	30	11	44	37	22	32	16	14	9	28	15	46	61	24	14	22	8	10	15	12	32	15	17	24	32	32	15	9	39	48	8	15	25	12	8	35	13	25	14	18	20	15	21	29	20	49	29	19	10	13	40	13	15	27	10	14	28	20	13	22	14	30	15	15	20	18	18	16	14	30	26	10	33	32	10	14	33	27	14	21	16	27	22	27	42	35	20	14	15	57	18	37	18	15	14	24	23	14	11	20	19	15	21	25	29	8	10	12	17	42	21	12	22	12	8	23	24	12	14	13	22	19	12	36	38	11	18	14	14	8	24	28	11	19	16	17	13	26	13	14	8	17	31	30	38	41	14	14	17	25	19	37	9	14	19	28	16	21	29	33	13	28	13	21	31	16	29	19	27	9	13	22	35	21	13	55	12	20	48	28	33	23	48	32	19	21	11	10	16	29	15	10	13	33	17	42	26	21	9	17	15	24	15	14	11	11	9	15	15	20	15	15	24	28	16	14	36	9	27	38	9	12	25	18	21	16	12	10	22	12	15	19	27	10	14	20	14	20	22	30	29	12	10	14	17	40	16	21	25	12	18	15	9	13	33	23	12	9	10	23	21	16	15	15	28	22	43	15	16	39	34	13	12	9	23	40	10	8	17	27	13	41	21	13	28	19	22	24	18	11	10	22	11	15	20	10	17	28	18	19	23	40	16	23	28	10	34	16	28	28	21	30	10	21	18	15	9	13	31	35	13	15	30	10	14	35	16	30	12	18	14	9	24	11	15	27	20	14	17	27	13	25	24	8	30	15	31	30	11	21	36	14	26	30	34	27	21	15	21	18	21	23	22	13	34	15	32	10	26	34	12	20	13	30	33	10	26	12	26	8	17	28	16	14	24	14	17	24	33	9	22	36	10	17	21	25	20	16	33	11	9	8	14	25	23	18	21	22	11	48	20	11	18	9	8	30	27	33	10	16	27	15	29	16	28	13	24	28	22	14	22	38	14	12	25	13	42	23	15	34	32	29	32	33	36	18	11	26	15	14	21	19	26	15	11	14	20	19	30	9	27	13	25	11	22	24	27	17	24	12	25	20	62	12	15	27	10	20	18	14	18	32	21	24	10	15	9	9	40	25	25	14	14	64	23	8	15	32	41	14	31	24	25	38	21	21	16	21	26	13	23	30	35	14	26	20	24	20	15	8	29	24	24	19	25	38	27	58	12	22	30	12	20	16	9	20	15	18	46	21	40	23	29	33	31	29	21	30	12	48	11	9	35	22	17	12	22	16	43	15	20	18	22	25	22	10	20	34	36	11	8	21	13	25	47	20	17	18	21	24	23	21	22	22	15	13	10	38	17	38	17	18	22	45	18	15	36	62	11	12	9	13	26	27	54	16	35	12	22	12	32	18	17	20	10	24	18	10	13	24	19	10	11	41	18	18	18	42	8	15	23	25	25	17	21	11	12	9	32	15	15	25	21	19	11	17	13	13	12	19	12	18	13	32	22	24	17	22	21	8	24	30	8	14	14	18	15	22	43	14	15	58	11	26	13	24	27	18	26	20	18	18	21	12	32	27	11	14	20	8	22	8	11	29	32	20	15	17	29	18	13	10	8	33	23	24	25	26	23	43	21	17	21	30	16	20	13	16	21	33	12	16	25	28	49	25	13	9	30	14	16	47	11	15	25	21	15	13	18	15	19	20	16	22	34	25	20	14	21	20	11	20	26	24	16	18	16	13	18	22	10	25	28	21	12	11	30	22	9	21	31	20	19	15	22	19	27	24	12	13	41	17	22	23	27
2023.72253408297	35	24	38	25	37	36	24	21	45	34	20	18	23	38	20	26	34	25	21	25	16	25	43	19	27	26	40	23	21	46	20	23	18	18	33	39	17	37	29	34	23	21	25	22	28	30	33	24	36	17	15	19	32	25	27	29	20	14	14	16	26	37	34	20	20	28	22	23	14	18	28	19	12	27	18	25	14	21	29	17	22	27	21	41	30	27	17	20	25	23	30	31	17	24	14	24	20	40	22	24	40	20	37	28	27	34	25	33	21	26	39	38	21	22	20	24	19	24	24	18	19	20	26	20	47	19	32	41	14	21	23	24	35	37	20	35	42	34	20	25	20	27	17	35	15	20	25	26	21	27	19	14	24	22	26	14	28	22	21	21	22	19	30	30	19	21	26	16	26	21	29	21	20	26	29	34	26	19	18	25	20	25	47	26	25	23	38	27	19	21	16	14	56	18	23	26	18	18	15	23	30	22	21	26	19	56	31	25	20	17	24	26	50	30	33	31	18	35	33	26	26	19	15	11	34	20	47	58	32	20	23	12	14	21	22	36	17	18	28	29	36	16	16	37	45	19	27	23	25	12	30	17	23	22	27	20	16	30	25	23	43	43	19	14	34	34	16	22	39	21	18	31	25	18	34	18	28	22	22	23	21	29	31	23	27	29	15	33	29	16	23	35	26	18	23	28	39	23	32	34	36	20	39	14	57	23	31	34	20	20	29	32	20	19	29	21	17	32	46	36	18	19	22	22	34	22	19	25	14	19	32	30	16	19	20	25	21	14	29	34	21	24	34	21	29	27	27	19	22	22	21	19	27	22	19	19	22	29	28	38	31	32	17	16	26	21	31	14	16	27	22	21	24	27	31	18	40	22	20	34	17	36	29	26	14	20	42	31	30	24	46	14	24	39	30	33	25	41	32	19	21	18	17	23	27	16	19	22	25	24	46	30	23	14	23	23	28	20	34	14	25	14	22	19	20	16	21	27	27	22	18	32	27	26	35	14	32	28	23	23	21	24	14	24	19	20	21	38	17	15	23	18	23	24	33	25	19	16	21	21	43	21	20	26	16	22	17	14	16	31	31	13	11	14	30	20	31	23	22	30	22	41	17	22	34	32	25	21	15	32	43	21	15	23	37	17	36	26	18	28	20	24	27	21	16	19	25	20	18	26	18	22	31	23	24	26	41	22	23	44	17	36	31	30	40	21	33	19	23	18	21	22	15	31	33	22	18	30	16	12	34	34	30	18	20	21	15	28	17	25	27	22	16	22	27	15	28	23	12	30	20	33	28	20	23	36	18	27	31	42	32	23	25	26	29	24	25	24	16	26	32	33	13	18	31	16	24	20	40	33	14	24	18	35	36	25	32	22	21	28	20	25	27	25	24	28	45	16	22	27	25	20	28	39	29	13	26	21	46	32	23	32	19	18	45	26	20	20	30	11	32	36	39	14	20	25	23	26	16	44	20	32	29	33	15	23	37	19	24	26	19	35	25	17	42	33	25	36	33	45	25	17	25	16	34	23	19	23	27	20	20	25	22	31	16	28	16	21	29	29	25	29	19	29	20	23	25	56	27	19	27	14	25	20	14	29	36	26	29	16	21	24	13	32	27	26	23	19	55	23	34	25	29	44	17	30	27	23	41	25	20	22	21	36	16	25	34	30	12	35	27	30	23	19	12	25	29	40	27	25	38	39	56	15	23	33	23	22	18	30	24	20	26	47	23	37	26	25	37	30	32	21	26	20	41	19	14	30	23	21	18	24	22	38	16	40	34	20	31	26	18	24	32	47	19	18	21	17	22	40	23	23	26	32	27	37	34	29	28	22	16	17	41	22	38	22	29	24	46	21	17	38	56	20	18	15	17	42	27	54	23	36	18	24	18	35	25	22	24	18	28	30	17	22	26	26	21	19	42	36	20	30	45	15	18	23	42	24	23	21	25	21	14	46	17	22	27	21	24	14	19	15	17	19	22	16	29	15	33	19	28	29	25	21	18	26	30	15	19	19	27	17	29	43	15	28	56	19	35	16	26	30	22	23	26	30	29	22	22	26	27	19	20	36	37	24	26	20	32	35	24	22	22	37	34	22	13	36	33	28	21	26	32	28	43	26	24	23	33	17	24	18	17	27	37	19	16	24	27	49	42	25	17	30	19	16	39	24	25	32	20	19	23	27	21	27	40	23	23	32	30	24	21	24	21	14	24	36	27	22	18	21	20	30	24	30	23	23	26	20	18	28	26	14	26	25	23	27	21	20	25	39	28	18	16	36	26	30	24	26
2023.73591110232	61	44	49	41	51	49	42	46	71	60	34	35	38	55	43	44	48	40	40	47	38	45	71	42	45	48	54	36	39	51	43	44	40	39	54	68	37	51	51	55	45	38	46	41	44	57	55	45	62	39	40	38	50	44	44	54	44	33	37	35	48	63	60	41	44	61	43	44	32	38	54	38	32	42	36	45	33	41	44	35	41	46	40	52	58	42	45	41	45	49	54	59	36	45	33	40	40	54	36	45	62	42	60	47	44	50	47	48	41	49	65	60	41	39	34	54	48	44	50	41	37	41	48	40	57	37	53	54	36	41	38	48	59	51	44	50	56	69	44	41	41	37	36	58	32	43	46	47	42	46	37	37	41	37	37	40	54	43	38	41	52	38	54	61	48	37	49	37	50	39	44	39	42	44	38	60	48	44	42	47	40	45	60	46	45	38	60	45	38	41	34	32	56	39	43	42	44	35	40	45	58	51	41	63	39	64	49	50	41	34	45	50	62	41	49	48	39	42	49	42	50	42	47	34	58	44	57	59	57	42	43	32	38	39	42	48	41	47	44	44	48	38	39	52	54	45	44	42	42	45	47	34	42	40	48	36	38	57	46	36	50	73	43	37	60	50	38	43	65	51	39	49	43	36	56	37	45	42	42	38	41	62	60	41	37	45	36	48	42	39	41	58	42	44	36	56	65	40	47	54	52	36	68	32	63	43	49	60	34	43	56	53	42	38	51	44	42	60	76	59	45	42	48	39	54	34	39	45	35	45	53	41	40	44	42	45	41	35	42	43	49	39	63	44	60	44	45	48	38	45	43	36	45	43	36	45	39	54	43	57	42	55	37	37	45	41	49	40	37	44	40	40	45	43	47	36	63	48	40	54	40	59	52	44	36	42	77	41	53	46	51	40	40	51	51	48	43	55	50	43	39	52	42	39	46	38	45	51	42	41	61	61	41	33	44	46	44	44	63	34	46	36	42	36	42	40	40	45	43	45	39	48	63	45	51	36	66	45	43	36	41	48	33	45	44	43	40	59	45	38	40	39	38	39	58	41	48	39	46	42	52	41	38	44	39	44	39	33	32	47	47	35	36	34	45	40	60	46	52	45	35	54	42	40	48	51	47	41	36	53	52	41	40	44	60	36	47	47	40	45	41	49	52	39	36	45	45	44	41	48	42	39	49	37	44	50	55	36	42	64	38	52	59	51	63	43	58	45	39	34	40	52	36	56	46	51	41	53	35	30	52	58	53	37	41	46	37	48	41	45	46	38	40	40	45	37	44	45	33	53	44	52	41	44	45	53	44	43	48	62	47	39	50	48	62	44	49	45	33	42	47	53	34	40	43	42	43	42	63	48	34	39	40	66	66	53	46	41	46	47	43	52	52	42	53	54	65	39	39	43	45	40	46	55	72	36	63	49	76	58	43	63	39	52	54	48	45	43	57	34	44	52	55	38	44	42	46	41	31	64	38	57	54	52	38	40	49	33	48	42	36	49	43	41	62	53	42	54	48	65	46	43	40	38	63	39	43	48	44	45	43	43	41	48	35	38	32	34	57	43	42	44	42	44	43	37	49	55	48	44	43	34	49	41	31	62	48	42	56	39	40	53	37	44	37	45	44	42	59	34	69	49	44	65	37	48	44	42	52	43	40	39	42	59	38	49	59	47	30	59	42	41	41	40	45	46	56	62	44	45	55	68	56	36	43	58	48	38	35	57	50	37	46	57	44	46	43	36	55	43	50	34	42	45	55	40	36	47	33	42	37	49	43	49	38	65	64	34	46	46	39	43	51	60	48	45	43	34	43	48	40	44	46	60	42	63	54	43	48	43	32	42	52	39	57	51	62	36	61	39	41	56	55	44	39	37	36	60	43	64	39	52	42	39	38	51	47	40	43	42	44	58	45	43	41	51	51	40	59	65	37	45	57	40	38	34	68	41	49	39	46	41	39	63	39	42	46	41	45	43	38	36	34	38	40	40	62	36	48	39	44	62	44	43	45	41	44	40	33	44	48	41	46	53	32	48	56	45	59	38	44	43	44	48	47	58	61	39	42	50	41	48	43	65	65	36	58	44	50	51	43	52	39	64	60	48	37	66	48	48	36	41	44	43	53	58	44	39	58	35	40	42	34	42	55	38	31	41	43	58	68	47	47	49	42	40	56	42	49	48	39	36	52	48	42	44	65	39	39	51	50	50	44	45	46	43	46	59	42	41	43	38	42	58	39	55	42	38	50	43	39	41	39	33	48	38	36	44	41	45	50	65	44	37	32	47	47	52	41	45
2023.74928812167	71	52	57	49	62	55	50	48	77	70	43	49	46	56	52	50	51	43	51	62	48	53	67	49	53	50	49	43	50	49	52	49	48	52	63	72	49	49	60	53	46	47	57	46	49	59	62	50	63	44	49	47	53	47	52	64	51	47	47	47	51	76	70	49	53	69	55	53	42	49	65	49	44	48	44	49	44	52	50	46	46	54	47	61	69	48	56	47	49	55	61	72	44	53	47	48	44	49	46	55	71	52	80	54	50	47	56	54	51	55	66	66	47	49	43	72	56	52	54	51	49	48	63	49	59	46	62	52	45	46	48	60	62	49	53	55	55	85	53	49	51	44	44	60	46	52	52	53	53	55	46	47	49	47	48	49	65	47	54	51	65	47	61	68	55	50	55	48	56	47	48	50	49	55	45	67	63	51	52	55	49	52	67	55	52	46	66	53	47	46	49	46	50	49	52	44	54	44	50	52	69	58	47	80	49	56	52	54	51	45	53	63	73	52	46	56	52	46	46	43	51	48	53	48	61	55	59	53	67	50	52	44	52	50	53	50	52	59	49	48	50	48	53	50	57	57	52	48	52	52	55	44	48	51	55	45	42	59	52	48	49	75	47	47	70	47	47	49	66	60	49	52	51	46	60	46	50	49	53	45	46	75	68	55	50	49	45	54	46	45	55	64	47	54	45	65	66	48	51	53	60	45	78	42	57	50	51	67	43	52	65	62	50	49	60	54	49	73	81	64	59	53	60	48	53	45	47	49	46	57	62	52	47	55	50	52	47	46	47	47	60	50	78	50	78	52	49	56	52	52	55	44	53	55	45	57	48	54	55	65	47	72	49	48	54	47	51	51	46	50	45	47	53	50	46	46	70	53	44	60	51	64	58	46	45	50	82	52	55	63	49	49	48	47	61	54	45	58	53	51	50	60	52	47	54	42	62	64	49	47	53	68	50	47	49	54	49	51	78	46	59	45	49	47	49	48	51	53	43	55	49	53	80	53	50	45	82	57	50	45	52	60	44	49	51	49	48	61	56	48	50	49	45	44	66	48	55	45	54	50	61	52	47	50	52	53	50	47	42	46	55	45	45	49	52	44	68	54	62	52	44	52	53	49	51	55	55	50	47	62	61	51	53	49	80	47	46	49	54	49	48	54	59	44	45	56	52	53	52	51	48	48	52	50	51	56	59	43	45	72	49	55	72	61	70	51	66	56	48	45	47	65	46	52	49	64	52	60	47	43	57	68	60	44	48	54	51	51	49	52	56	44	47	47	53	50	54	51	44	60	51	51	46	53	46	45	54	46	56	67	51	45	59	62	80	52	54	49	41	49	60	51	45	48	50	48	49	50	64	54	49	48	49	74	80	62	51	47	54	56	47	71	59	49	66	65	75	45	48	50	53	51	54	59	80	48	80	60	81	64	50	71	43	60	57	51	53	52	74	48	47	60	59	52	51	49	54	42	45	72	49	67	57	58	48	48	52	45	60	44	44	49	45	52	67	51	44	50	54	75	59	49	48	42	78	48	51	48	52	58	47	51	46	56	45	42	42	47	70	52	52	46	49	50	53	47	54	46	58	50	53	49	54	48	44	80	50	50	65	45	51	66	45	46	44	54	53	52	56	42	85	58	48	64	49	49	51	48	61	49	44	49	49	68	50	54	66	55	43	62	50	52	51	47	52	52	65	71	50	46	55	73	50	45	52	66	57	44	44	74	54	49	55	59	53	47	48	49	60	41	59	45	55	56	58	49	45	55	43	50	44	54	47	57	48	77	77	43	52	53	48	50	55	67	56	59	51	44	48	50	50	49	55	73	48	76	64	52	52	48	42	52	61	49	65	58	80	46	77	44	51	62	46	53	50	51	47	70	53	73	47	60	52	44	53	64	56	47	49	52	49	69	56	55	46	62	60	48	52	75	46	53	58	50	45	42	80	49	55	50	59	49	52	72	50	53	57	47	55	49	47	46	44	50	42	47	75	46	46	43	49	73	47	51	59	47	56	50	45	55	55	51	53	51	46	57	50	54	62	47	48	52	53	48	53	69	65	47	53	51	48	56	47	75	78	46	67	53	59	64	49	62	48	74	67	53	46	80	54	56	51	44	50	51	51	61	50	46	66	46	48	54	46	46	60	50	45	49	43	57	80	55	56	55	52	49	51	52	58	52	51	47	60	55	49	50	77	47	46	55	53	54	50	50	48	49	51	68	48	47	50	47	50	69	48	67	48	46	63	53	52	46	41	47	62	48	48	50	49	50	54	66	49	44	42	46	56	67	47	53
2023.76266514102	57	41	47	39	50	41	42	41	59	55	38	42	38	46	43	41	41	36	43	53	42	46	53	41	46	41	42	36	43	41	43	41	43	43	51	54	41	42	50	44	40	41	49	40	40	46	46	41	53	39	43	38	40	41	43	53	42	40	41	40	41	62	55	41	43	55	48	43	37	41	53	40	39	39	37	41	37	45	39	41	40	46	38	50	52	39	46	39	41	44	48	59	38	46	40	39	38	42	39	45	56	43	63	47	42	39	46	43	43	46	52	52	42	43	37	59	48	41	47	44	42	41	50	42	46	38	50	41	38	39	39	46	47	42	43	46	47	67	43	39	41	37	38	47	39	45	45	42	44	42	38	41	42	41	40	42	53	40	45	42	53	38	48	58	47	44	46	42	43	42	43	43	41	45	38	52	50	42	41	43	40	44	54	45	41	38	52	43	42	39	40	39	42	41	46	37	46	39	42	43	52	48	41	67	40	46	44	45	41	40	46	52	57	41	39	45	43	40	39	37	43	41	47	43	49	47	46	43	56	44	46	39	45	41	44	40	46	48	40	43	40	42	46	41	47	48	43	40	41	46	48	38	40	41	43	39	37	46	45	41	40	57	39	41	55	39	39	40	52	46	41	44	43	39	49	39	42	38	46	38	39	62	55	46	41	40	38	43	39	37	46	53	39	46	38	54	52	39	40	45	48	39	60	37	46	42	45	52	38	45	54	50	44	40	50	46	40	58	63	51	51	45	49	40	45	38	38	41	41	48	50	41	41	46	41	41	41	41	40	39	50	40	60	42	60	44	43	48	42	42	47	38	46	48	38	48	40	43	47	53	40	54	41	42	47	41	45	45	39	42	39	40	45	43	41	39	56	44	38	50	44	51	47	38	38	41	64	45	44	51	41	42	39	40	50	43	38	48	40	43	43	50	44	38	46	37	52	55	44	38	42	58	44	40	41	46	40	42	60	41	50	38	38	40	41	42	43	43	37	44	41	44	70	45	43	38	64	45	42	38	45	46	37	40	42	41	41	48	46	42	44	41	38	37	53	40	47	37	44	39	47	45	42	41	45	41	43	40	37	41	42	40	40	42	41	38	55	46	55	41	39	41	45	40	41	46	43	42	41	50	47	42	45	41	63	41	39	42	46	41	41	44	50	38	39	46	41	43	43	41	39	40	44	41	43	43	50	37	37	54	41	43	59	50	56	45	53	46	40	39	38	53	40	45	40	55	43	47	40	37	49	53	47	38	42	44	44	40	41	41	46	37	42	38	44	43	42	43	39	47	42	44	40	43	40	40	46	39	45	54	40	36	48	49	65	44	45	40	36	44	45	41	40	43	42	42	42	41	50	43	42	41	42	60	58	51	43	40	44	44	40	58	50	44	52	53	59	37	40	41	46	44	42	49	65	42	67	51	63	51	42	59	38	50	47	41	44	43	59	43	37	47	49	45	42	41	46	36	40	54	41	56	46	44	42	39	41	39	46	37	38	42	38	46	54	41	38	39	43	59	47	41	40	37	60	40	43	42	43	47	40	43	40	45	38	36	37	39	56	39	45	38	41	39	43	39	47	40	45	42	46	42	47	42	38	65	40	40	54	37	43	52	39	38	38	47	44	42	41	36	67	45	43	50	41	40	44	40	50	40	38	43	44	51	45	45	56	48	37	47	40	41	45	40	46	45	54	56	42	39	43	58	42	40	46	53	45	37	39	59	47	42	45	46	43	39	40	42	50	36	47	40	47	45	48	39	38	48	36	39	38	44	41	47	42	58	64	37	41	43	40	43	46	54	48	51	45	38	41	42	42	41	45	58	39	62	49	39	42	40	37	44	50	42	53	48	65	38	63	38	43	52	40	43	42	44	41	51	46	56	38	48	44	37	44	52	44	38	42	41	40	52	46	48	38	49	46	39	41	57	37	40	46	42	40	36	62	42	44	43	50	39	45	54	43	46	47	42	45	43	41	40	38	43	36	41	62	40	40	38	40	62	41	45	51	39	45	42	39	46	43	43	44	44	39	47	42	45	47	39	41	42	41	42	42	52	54	39	44	43	37	48	41	56	57	38	54	43	47	52	42	55	40	61	52	44	39	58	43	47	45	37	40	42	44	51	40	39	53	41	39	46	40	37	50	43	40	42	37	46	62	43	47	45	42	42	45	43	45	43	43	40	50	43	40	42	58	38	39	46	41	47	42	41	41	43	45	51	39	40	44	40	41	52	41	51	40	38	52	43	43	40	35	40	49	40	41	42	41	43	45	52	40	38	37	39	46	56	40	45
