<?xml version="1.0" encoding="UTF-8"?>
<kml xmlns="http://earth.google.com/kml/2.2">
	<polygon id="Chile_Santiago_Metropolitan" samplingProbability="1">
		<coordinates>
			-34.1723941219999,-70.9712169689999,0
			-34.1725025079999,-70.9716380619998,0
			-34.1725841449999,-70.9720643969999,0
			-34.1726612809999,-70.9724949839999,0
			-34.1727429679999,-70.9729227439999,0
			-34.1728558209999,-70.9733414559999,0
			-34.172866873,-70.9738159179999,0
			-34.1728823969999,-70.9742880859999,0
			-34.1728605449999,-70.9747186799999,0
			-34.1729106189999,-70.9751457959999,0
			-34.172959232,-70.9755303979999,0
			-34.173045303,-70.975955777,0
			-34.173104235,-70.9763784799999,0
			-34.1731842629999,-70.9768943659999,0
			-34.173198392,-70.977323933,0
			-34.1731002509999,-70.9776293959999,0
			-34.1730049449999,-70.9780201529999,0
			-34.1728436569998,-70.978457975,0
			-34.1727124189999,-70.978850466,0
			-34.1726516469999,-70.9791974119998,0
			-34.1725980559999,-70.9797583439999,0
			-34.17250724,-70.9801494639999,0
			-34.1723788139999,-70.9806284859999,0
			-34.1723942479999,-70.9810999379999,0
			-34.17242399,-70.9814582389999,0
			-34.1726120209999,-70.9818348179999,0
			-34.172861376,-70.9821556889999,0
			-34.1730404389999,-70.982534102,0
			-34.1731667439999,-70.9829502109999,0
			-34.1732616799999,-70.9833738469999,0
			-34.1733120329999,-70.9838092429999,0
			-34.1733355379998,-70.9842512069999,0
			-34.173309267,-70.9846880939999,0
			-34.17322415,-70.9851141839999,0
			-34.1731026789998,-70.9855318659999,0
			-34.1729628489998,-70.9859382759999,0
			-34.1728091169999,-70.9863364459999,0
			-34.172655466,-70.9867340879999,0
			-34.1724927559998,-70.9871300029998,0
			-34.172366532,-70.987539747,0
			-34.1722768229999,-70.9879660769999,0
			-34.1722008039998,-70.988395214,0
			-34.1721157159999,-70.9888233369999,0
			-34.1720487339999,-70.9892553499999,0
			-34.172008978,-70.9896936029999,0
			-34.1719510759999,-70.9901258299999,0
			-34.1718204319999,-70.99053866,0
			-34.1717260299999,-70.990957764,0
			-34.1715668219999,-70.991323622,0
			-34.1714729129999,-70.9917575759998,0
			-34.171348887,-70.992235787,0
			-34.171224605,-70.9928432049999,0
			-34.171270348,-70.993141895,0
			-34.1713189819999,-70.9935264979999,0
			-34.1713301659999,-70.9938700539999,0
			-34.171283499,-70.994368923,0
			-34.1710792019999,-70.9947362879999,0
			-34.1708749949999,-70.9951024109999,0
			-34.1707403159999,-70.9955308629999,0
			-34.170577464,-70.9959247039999,0
			-34.170447528,-70.996361088,0
			-34.170314788,-70.9967108469999,0
			-34.1702180499999,-70.9970589659999,0
			-34.1700566929999,-70.9974967369999,0
			-34.1699253239998,-70.9978891809999,0
			-34.1698285699999,-70.9982378299999,0
			-34.169765879,-70.998662902,0
			-34.1697399199999,-70.999109284,0
			-34.169668166,-70.9995327219999,0
			-34.1695624399999,-70.999883198,0
			-34.1694699349998,-71.0003605299999,0
			-34.169337186,-71.0007102799999,0
			-34.169175754,-71.0011474139999,0
			-34.1690111729999,-71.0016280179999,0
			-34.168929721,-71.0018033779999,0
			-34.168745992,-71.002198837,0
			-34.1684515339999,-71.0031151759999,0
			-34.168020385,-71.0041239849999,0
			-34.167845405,-71.005249385,0
			-34.1678887339999,-71.006579355,0
			-34.168427139,-71.0077571039999,0
			-34.1687304369999,-71.0094616759999,0
			-34.1688173709999,-71.011440606,0
			-34.168718892,-71.0129818339999,0
			-34.1686115429999,-71.0142524349999,0
			-34.1687951599999,-71.0153278739999,0
			-34.169528656,-71.017101544,0
			-34.1699709379999,-71.019069233,0
			-34.1704322379999,-71.0217589809999,0
			-34.1706275509999,-71.023196243,0
			-34.1705348049999,-71.0249181089999,0
			-34.1702714529999,-71.0261053639999,0
			-34.169599648,-71.0262269569999,0
			-34.1684691949999,-71.0260997829999,0
			-34.167581276,-71.026502523,0
			-34.1668533869999,-71.0272602589999,0
			-34.1664182029999,-71.0277326349999,0
			-34.1661829879999,-71.0281188829999,0
			-34.16609907,-71.0284501029999,0
			-34.166010819,-71.028784241,0
			-34.165917903,-71.0291143549999,0
			-34.165815761,-71.029439628,0
			-34.165709196,-71.0297644379999,0
			-34.1655979439999,-71.030086647,0
			-34.1654822149999,-71.030407149,0
			-34.165361757,-71.0307230929999,0
			-34.165223114,-71.0310310469999,0
			-34.165052272,-71.0313208119999,0
			-34.1648860079999,-71.031610508,0
			-34.1647925309999,-71.0319251399998,0
			-34.164781482,-71.0322799579999,0
			-34.164828906,-71.032632088,0
			-34.1649515239999,-71.032939373,0
			-34.1651273969999,-71.0332243859999,0
			-34.1652723029999,-71.033523944,0
			-34.1654084649999,-71.0338339549999,0
			-34.1655402229999,-71.0341467929999,0
			-34.1656629459999,-71.0344608369999,0
			-34.1657947739999,-71.034773768,0
			-34.1659219759999,-71.0350849009999,0
			-34.1660625009999,-71.035389956,0
			-34.1662117759999,-71.035688469,0
			-34.1663698329999,-71.0359784829999,0
			-34.166536714,-71.0362619599999,0
			-34.1667124669999,-71.036540407,0
			-34.1668924409999,-71.0368137159999,0
			-34.167076842,-71.0370828649999,0
			-34.1672655959999,-71.0373477649999,0
			-34.1674588189999,-71.0376104649999,0
			-34.1676473779999,-71.037869144,0
			-34.1678493489999,-71.038125392,0
			-34.1680512029999,-71.0383754169999,0
			-34.1682572809999,-71.038619857,0
			-34.1684722219999,-71.0388556279999,0
			-34.168686764,-71.0390841899999,0
			-34.168914687,-71.0393031209999,0
			-34.1691466929999,-71.039511848,0
			-34.1693874419999,-71.03971465,0
			-34.1696236839999,-71.0399129069999,0
			-34.1698598119999,-71.0401092019999,0
			-34.1701004149999,-71.040307297,0
			-34.1703366839999,-71.0405083099999,0
			-34.170568701,-71.040716332,0
			-34.170792014,-71.0409369399999,0
			-34.1709720519999,-71.0412102719999,0
			-34.17113907,-71.0414979549999,0
			-34.1713235609999,-71.0417697949999,0
			-34.17150794,-71.04203968,0
			-34.1716835549999,-71.042316732,0
			-34.1718371779999,-71.0426103159999,0
			-34.1719777839999,-71.042918161,0
			-34.1721097319999,-71.043235753,0
			-34.1722193399999,-71.043559917,0
			-34.17229738,-71.0438856279999,0
			-34.1722859069999,-71.0442282889999,0
			-34.172197938,-71.044573903,0
			-34.1721049889999,-71.0449034889999,0
			-34.1719984129999,-71.04523088,0
			-34.1718918439998,-71.045557735,0
			-34.1717762169999,-71.04588295,0
			-34.1716650119999,-71.0462086259998,0
			-34.171562889,-71.04653452,0
			-34.1714608149999,-71.046861749,0
			-34.171381402,-71.047190057,0
			-34.171319954,-71.0475215519999,0
			-34.1713445239999,-71.0478639249999,0
			-34.171427798,-71.048211623,0
			-34.171492853,-71.0485533749999,0
			-34.1715802669999,-71.048887404,0
			-34.1717426059998,-71.0491712559999,0
			-34.1719444519999,-71.0494246969999,0
			-34.1721419119999,-71.0496796319999,0
			-34.1723394099998,-71.0499367899999,0
			-34.1725324389999,-71.050196064,0
			-34.1727167409999,-71.0504604589999,0
			-34.172830608,-71.0507803809999,0
			-34.172909051,-71.0511161529999,0
			-34.1729919159999,-71.0514524789999,0
			-34.1730791809999,-71.0517818009999,0
			-34.1731887519999,-71.052106599,0
			-34.1733159399999,-71.052420451,0
			-34.1734653449999,-71.052721777,0
			-34.173649618,-71.0529876029998,0
			-34.1738736519999,-71.0532298619999,0
			-34.174122021,-71.053386335,0
			-34.174411095,-71.053410135,0
			-34.174707908,-71.053394934,0
			-34.174995668,-71.0533780899999,0
			-34.1752833269999,-71.0533538679999,0
			-34.1755754609999,-71.053331441,0
			-34.175862961,-71.0533079259999,0
			-34.176150638,-71.0532870779999,0
			-34.1764384479999,-71.0532715689999,0
			-34.1767311219999,-71.0532654199998,0
			-34.177019371,-71.0532634279999,0
			-34.1773076269999,-71.053260815,0
			-34.1776038339999,-71.0532247109999,0
			-34.177884348,-71.0532611039998,0
			-34.1781458099999,-71.0534074139999,0
			-34.178395574,-71.053608545,0
			-34.1785886669999,-71.0538679349999,0
			-34.1787377109999,-71.0541597639998,0
			-34.178873778,-71.0544678129999,0
			-34.1789921559999,-71.0547868059999,0
			-34.179106329,-71.0551142309999,0
			-34.179207128,-71.0554463089999,0
			-34.179303416,-71.0557786329999,0
			-34.1793771839999,-71.0561105039999,0
			-34.1794241979999,-71.056451943,0
			-34.1794489239999,-71.056801019,0
			-34.179460294,-71.057153593,0
			-34.179471567,-71.057503319,0
			-34.1794872299999,-71.05785093,0
			-34.1794939479999,-71.0581988589999,0
			-34.179505164,-71.058547341,0
			-34.179511868,-71.058895978,0
			-34.1795185709999,-71.0592446179999,0
			-34.1795252129999,-71.0595925439999,0
			-34.1795274799999,-71.0599414309999,0
			-34.179538688,-71.060289911,0
			-34.1795381589999,-71.0604138769999,0
			-34.1798511389999,-71.060759833,0
			-34.180168511,-71.0612444559999,0
			-34.1803013729998,-71.0618739,0
			-34.1801908119999,-71.063059379,0
			-34.1797958949999,-71.063667972,0
			-34.179593054,-71.0645642159999,0
			-34.179594305,-71.0649286299999,0
			-34.1796323379999,-71.065503683,0
			-34.1797171009998,-71.0661372019999,0
			-34.179805726,-71.066541254,0
			-34.1800402639999,-71.0667765379999,0
			-34.1803216759999,-71.067070558,0
			-34.180982574,-71.067488489,0
			-34.1813076669999,-71.068013056,0
			-34.1815413059999,-71.068305919,0
			-34.1817749469999,-71.0685986059999,0
			-34.1820562819999,-71.068892545,0
			-34.1822412559999,-71.0692415519999,0
			-34.1825634319999,-71.0699383959999,0
			-34.182669898,-71.070098667,0
			-34.1827961019999,-71.0702884819999,0
			-34.183030704,-71.070523873,0
			-34.1835036579999,-71.0708646389999,0
			-34.1836906199999,-71.070999327,0
			-34.184157886,-71.0715848199999,0
			-34.1841654709999,-71.0716998359999,0
			-34.1841848229999,-71.0719928969999,0
			-34.1841958889999,-71.072159816,0
			-34.1837929859999,-71.0734131009999,0
			-34.183392985,-71.0744941089999,0
			-34.1829511789999,-71.0752295959999,0
			-34.1825599759999,-71.0757941559999,0
			-34.182361425,-71.07624852,0
			-34.1820100649999,-71.0772732739999,0
			-34.1814114699999,-71.078808679,0
			-34.1814036879999,-71.0792677979999,0
			-34.1815380169999,-71.07978782,0
			-34.1817705819999,-71.080137924,0
			-34.1819594909999,-71.0802574789998,0
			-34.1821920529999,-71.0806076759999,0
			-34.1823312469999,-71.0808406629999,0
			-34.18265343,-71.0815374599999,0
			-34.1827400549999,-71.082056322,0
			-34.1826280999999,-71.083029618,0
			-34.182137499,-71.0838212639999,0
			-34.181554429,-71.0844383849998,0
			-34.181370003,-71.0846248399999,0
			-34.1811661139999,-71.084830725,0
			-34.180626833,-71.0856785619999,0
			-34.1804750379999,-71.0861914529999,0
			-34.1805158989999,-71.086594439,0
			-34.1805080879999,-71.0870534619999,0
			-34.1805499269999,-71.0873989719999,0
			-34.1805440639999,-71.0877433049999,0
			-34.1806325439999,-71.0881472889998,0
			-34.1806768989999,-71.088318755,0
			-34.1807220729999,-71.0884939729999,0
			-34.180717261,-71.088780921,0
			-34.1806101409998,-71.089467236,0
			-34.1804206639999,-71.089646091,0
			-34.1800766959999,-71.089970706,0
			-34.179644579,-71.0901322829999,0
			-34.179117902,-71.0902341149999,0
			-34.1787851629999,-71.0901684929999,0
			-34.178403601,-71.0901590809999,0
			-34.178116378,-71.0902094079999,0
			-34.1777320319999,-71.09037216,0
			-34.1768696059999,-71.0905805249999,0
			-34.176293426,-71.0907958609999,0
			-34.1757171729999,-71.0910112809999,0
			-34.175237286,-71.091171667,0
			-34.174947201,-71.091394146,0
			-34.174622185,-71.0918069149999,0
			-34.174456624,-71.0921857599999,0
			-34.1742084339999,-71.0927536329999,0
			-34.174008844,-71.0932652909999,0
			-34.17371092,-71.093946832,0
			-34.1732689289999,-71.094682215,0
			-34.1731167429999,-71.094813707,0
			-34.1728814909999,-71.095016996,0
			-34.172541818,-71.095353043,0
			-34.1724095,-71.0954802279999,0
			-34.171876545,-71.0959925989999,0
			-34.1716141179999,-71.096592968,0
			-34.1712704449999,-71.0971585349999,0
			-34.1711632829999,-71.0978446709999,0
			-34.171057097,-71.098473514,0
			-34.1710472799999,-71.0990473369999,0
			-34.1709381439999,-71.0998481429999,0
			-34.170595512,-71.100356311,0
			-34.1704961179999,-71.1005834709999,0
			-34.17000647,-71.1013175189999,0
			-34.1696858189999,-71.1017710359999,0
			-34.1686008539999,-71.1026028909999,0
			-34.168261996,-71.102881598,0
			-34.167874613,-71.1032163249999,0
			-34.1674335529999,-71.1038941369999,0
			-34.167286533,-71.1041201029999,0
			-34.166749169,-71.1048529189999,0
			-34.1666478739999,-71.1051948249998,0
			-34.166349887,-71.1058762629999,0
			-34.1662952949999,-71.1062767279999,0
			-34.1662864309999,-71.1067930469998,0
			-34.16632427,-71.107368019,0
			-34.1663397359998,-71.1075039139999,0
			-34.1664486249999,-71.1084616819999,0
			-34.1666801959999,-71.108869176,0
			-34.16686005,-71.10950509,0
			-34.166942685,-71.1102533019999,0
			-34.1669794469999,-71.1108856559999,0
			-34.1669507829999,-71.1111587969999,0
			-34.166865297,-71.1119733909999,0
			-34.1667078789999,-71.1128880989999,0
			-34.1664522669999,-71.1137998219999,0
			-34.16620581,-71.114252989,0
			-34.166052857,-71.1145648919999,0
			-34.165760811,-71.115160244,0
			-34.1651249509999,-71.1160628119999,0
			-34.1648328479999,-71.116399843,0
			-34.164390802,-71.1171350289999,0
			-34.1641424279999,-71.1177027519998,0
			-34.1640858179999,-71.1182179519998,0
			-34.1641584169999,-71.1195399119999,0
			-34.1643199819999,-71.1200028379999,0
			-34.1643402749999,-71.1200609839999,0
			-34.1646095819999,-71.1210434619999,0
			-34.164787388,-71.121794134,0
			-34.1650130309998,-71.1225459199998,0
			-34.16524448,-71.12295353,0
			-34.1655694029999,-71.123478199,0
			-34.1657979429999,-71.124057949,0
			-34.166074098,-71.1246388979999,0
			-34.166351321,-71.1251623819999,0
			-34.1666323869999,-71.1259497929999,0
			-34.1666643009999,-71.126375696,0
			-34.1666553499999,-71.1268920099999,0
			-34.1666006939999,-71.127292371,0
			-34.166445671,-71.127977315,0
			-34.1663702979999,-71.1289031109999,0
			-34.166273546,-71.129179343,0
			-34.1662107129999,-71.129463,0
			-34.166266358,-71.130086943,0
			-34.166406899,-71.1305558279999,0
			-34.1664129829999,-71.130749959,0
			-34.1663117789999,-71.132094072,0
			-34.1662988369999,-71.1333909049999,0
			-34.1663031099999,-71.1346653369999,0
			-34.1663158169999,-71.1355845849999,0
			-34.1663171369999,-71.1356801019999,0
			-34.166269878,-71.13645989,0
			-34.1661731299999,-71.1366161529999,0
			-34.1658855279999,-71.1370690109999,0
			-34.1656248869999,-71.137233313,0
			-34.1654156939999,-71.1374589819999,0
			-34.165276825,-71.1377688789999,0
			-34.1652063699999,-71.138107427,0
			-34.1651267029999,-71.1384362349999,0
			-34.165164607,-71.138782707,0
			-34.16522485,-71.1391235359999,0
			-34.1653030479999,-71.1394594349999,0
			-34.1653364659999,-71.1398047799999,0
			-34.1653609159999,-71.1401518519999,0
			-34.1653853549999,-71.1404996339999,0
			-34.165405355,-71.1408476629999,0
			-34.1654298899999,-71.141198204,0
			-34.1654318149999,-71.141544975,0
			-34.1653702909998,-71.141879124,0
			-34.165249729,-71.142201653,0
			-34.1651153579999,-71.1425113009998,0
			-34.1650038249999,-71.1428328109999,0
			-34.1649424009998,-71.1431737139999,0
			-34.1649082829999,-71.1435201039999,0
			-34.1648877539999,-71.1438705699999,0
			-34.164912116,-71.1442136419999,0
			-34.165012609,-71.1445451329999,0
			-34.1651571119999,-71.14484344,0
			-34.1653193629999,-71.145132066,0
			-34.1654331139999,-71.145452878,0
			-34.1655290799999,-71.145781149,0
			-34.1656338899999,-71.1461062649998,0
			-34.1657653019999,-71.146418019,0
			-34.165914597,-71.146724895,0
			-34.1660761229999,-71.1471939799999,0
			-34.1661080759999,-71.147347625,0
			-34.166140702,-71.1482093989999,0
			-34.165933926,-71.1491225069999,0
			-34.1654348719999,-71.150372697,0
			-34.1648474639999,-71.15121873,0
			-34.164452836,-71.151954931,0
			-34.1642013589999,-71.1526946709999,0
			-34.1639000979999,-71.1535479459999,0
			-34.1637378759999,-71.1546344389999,0
			-34.163911517,-71.1556145749999,0
			-34.164178518,-71.1567118969999,0
			-34.1643500509999,-71.1578067919999,0
			-34.1643299359999,-71.1589542119999,0
			-34.1642630559999,-71.160043039,0
			-34.1638125979999,-71.161236975,0
			-34.163703228,-71.161462281,0
			-34.163069906,-71.1627676689999,0
			-34.1622328939999,-71.1642386139999,0
			-34.1618798819999,-71.165320188,0
			-34.161908259,-71.1664114119999,0
			-34.1621842129999,-71.1669922819999,0
			-34.1622685219999,-71.1676259199999,0
			-34.1621559009999,-71.1685987449999,0
			-34.1619580319999,-71.1689954749999,0
			-34.1616566559999,-71.1698486639999,0
			-34.160969821,-71.1709216579999,0
			-34.160426925,-71.1719407469999,0
			-34.1598252239999,-71.1735897809999,0
			-34.159411147,-71.1754157979999,0
			-34.1594384139999,-71.1765643579998,0
			-34.159408964,-71.1782280369998,0
			-34.15905263,-71.179481535,0
			-34.1585594689999,-71.1803871179999,0
			-34.1583524569999,-71.181300053,0
			-34.1583868889999,-71.182047097,0
			-34.1584617879999,-71.1831968709999,0
			-34.158492124,-71.1841733059999,0
			-34.158432175,-71.1848604319999,0
			-34.1574610319999,-71.1858110539999,0
			-34.1566918949999,-71.1861356869999,0
			-34.1563910819999,-71.1863374339999,0
			-34.1556812849999,-71.1868136529999,0
			-34.1554706489999,-71.1869080829999,0
			-34.1551948869999,-71.1870220689999,0
			-34.1549285049999,-71.1871485539999,0
			-34.154672165,-71.1873084419999,0
			-34.154434995,-71.1875074659999,0
			-34.1542077859999,-71.187731803,0
			-34.1539987799999,-71.1879667349999,0
			-34.153822642,-71.1882430269999,0
			-34.1536418499999,-71.1885152899999,0
			-34.1534239099999,-71.1887499899999,0
			-34.1532431749999,-71.1890230509999,0
			-34.15310407,-71.1893307679999,0
			-34.1529509759999,-71.189623464,0
			-34.1527421169999,-71.1898624799999,0
			-34.1525006199999,-71.1900677789999,0
			-34.152268626,-71.190282827,0
			-34.1520921359999,-71.190549507,0
			-34.1519390399999,-71.1908422879999,0
			-34.1517905879999,-71.1911396259999,0
			-34.1516422869998,-71.19144088,0
			-34.1514940199999,-71.1917442629999,0
			-34.1513548479999,-71.192051256,0
			-34.1512157239999,-71.192359672,0
			-34.1510766879999,-71.1926713769999,0
			-34.1509467899999,-71.1929841149999,0
			-34.1508168689999,-71.193298187,0
			-34.150696001,-71.1936139129999,0
			-34.1505750739999,-71.193928835,0
			-34.150458763,-71.194245742,0
			-34.150351546,-71.1945620849999,0
			-34.1503187039999,-71.194957197,0
			-34.1499847119999,-71.195955735,0
			-34.149395748,-71.1970118039999,0
			-34.148646565,-71.1978414289999,0
			-34.1480761439999,-71.19833578,0
			-34.1479927939999,-71.1984078889999,0
			-34.147881318,-71.1985161379999,0
			-34.1473275659999,-71.199028234,0
			-34.1467559869999,-71.2003739539999,0
			-34.1463202589999,-71.200898244,0
			-34.1459910089999,-71.2011562979999,0
			-34.145891795,-71.2012685869999,0
			-34.1456782179999,-71.201501658,0
			-34.1454555609999,-71.2017304059999,0
			-34.1452327869999,-71.2019571949999,0
			-34.144995669,-71.202156158,0
			-34.1447342829998,-71.2022998579999,0
			-34.1444529189999,-71.2023796129999,0
			-34.1441659549999,-71.202425551,0
			-34.1438747049999,-71.202475909,0
			-34.1435882759999,-71.202537497,0
			-34.143306292,-71.2025982219999,0
			-34.143024829,-71.2026752159999,0
			-34.1427539129999,-71.2028024969999,0
			-34.142497777,-71.2029704019999,0
			-34.1422365479999,-71.2031176529999,0
			-34.141975357,-71.2032667689999,0
			-34.1417193049999,-71.2034381389999,0
			-34.1414819999999,-71.203630958,0
			-34.1412448569999,-71.2038311529998,0
			-34.1410077859999,-71.204031437,0
			-34.140775359,-71.2042362839999,0
			-34.1405338049999,-71.204439469,0
			-34.1403011279999,-71.2046375539999,0
			-34.140064293,-71.204845215,0
			-34.1398273579999,-71.205050203,0
			-34.139580596,-71.2052305979999,0
			-34.139314348,-71.205361008,0
			-34.1390325109999,-71.2054258109999,0
			-34.1387403439999,-71.2054490419999,0
			-34.138447915,-71.2054621349999,0
			-34.1381549769999,-71.205462428,0
			-34.137866092,-71.205442751,0
			-34.1375768299999,-71.2054151579999,0
			-34.137291782,-71.2053750599999,0
			-34.136955606,-71.205323686,0
			-34.136481053,-71.205200142,0
			-34.1357314929999,-71.2049710369999,0
			-34.1353868689999,-71.2051264989999,0
			-34.1352674739998,-71.2062217119999,0
			-34.1354545989998,-71.2063635439999,0
			-34.1355895,-71.2068260989998,0
			-34.1356766319999,-71.207287325,0
			-34.135758607,-71.208035321,0
			-34.1358000339998,-71.208380684,0
			-34.135840499,-71.208783406,0
			-34.135861771,-71.2089270569999,0
			-34.1359255629999,-71.2093593409999,0
			-34.1361817599999,-71.211029981,0
			-34.1362523369999,-71.212408967,0
			-34.1360854009999,-71.2137242939999,0
			-34.1357831849999,-71.2143126039999,0
			-34.1355910439999,-71.2146867819999,0
			-34.1352033009999,-71.2150209469999,0
			-34.1347232809998,-71.2151804689999,0
			-34.1341946069999,-71.2153961869999,0
			-34.1335684779999,-71.215724119,0
			-34.1330863859998,-71.215998341,0
			-34.132752473,-71.21598962,0
			-34.1321315189999,-71.216030785,0
			-34.1317468799999,-71.216192876,0
			-34.131548938,-71.2165893549999,0
			-34.1315406519999,-71.217048162,0
			-34.13153785,-71.2172032579999,0
			-34.131529256,-71.2176789349999,0
			-34.13127836,-71.218360912,0
			-34.131143116,-71.218516542,0
			-34.1309859909999,-71.2186975359999,0
			-34.130549587,-71.2190876819999,0
			-34.1298767209999,-71.2193569729999,0
			-34.129490076,-71.2196337459999,0
			-34.1289613209998,-71.219849424,0
			-34.1282407649999,-71.220117369,0
			-34.1280823559999,-71.220299831,0
			-34.1279971949999,-71.2203978769999,0
			-34.1278012409999,-71.220679629,0
			-34.1276052889999,-71.2209612899999,0
			-34.127072454,-71.221406348,0
			-34.1266027729998,-71.221487936,0
			-34.126498081,-71.221506066,0
			-34.1262535599999,-71.2217246359999,0
			-34.1260606279999,-71.221953613,0
			-34.125961092,-71.2221805039998,0
			-34.1259113229999,-71.2222939499999,0
			-34.125713291,-71.2226902939999,0
			-34.1255650979999,-71.2229732829999,0
			-34.1253192969999,-71.223368464,0
			-34.125166947,-71.2238807469999,0
			-34.12501556,-71.2243357679999,0
			-34.124769832,-71.224730854,0
			-34.124491889,-71.225077492,0
			-34.1241840959999,-71.2254613549999,0
			-34.123797365,-71.2257380789999,0
			-34.123318372,-71.2258402649999,0
			-34.123125601,-71.225949956,0
			-34.1226931849999,-71.2261107349998,0
			-34.1222049059999,-71.2267289299999,0
			-34.121764314,-71.2273484599999,0
			-34.1214750459999,-71.227512895,0
			-34.121092474,-71.2275602299999,0
			-34.1203211629999,-71.2279989559999,0
			-34.1201507809999,-71.228095814,0
			-34.119935469,-71.2282183149999,0
			-34.119640993,-71.2286695449999,0
			-34.119588173,-71.228954919,0
			-34.1191961549999,-71.2295183219999,0
			-34.1189992129999,-71.229857367,0
			-34.118803242,-71.2301389789999,0
			-34.118464268,-71.2304170099999,0
			-34.1177892979999,-71.230800771,0
			-34.1171609759999,-71.2312432099999,0
			-34.1165379379999,-71.2313989419999,0
			-34.115725175,-71.231492321,0
			-34.115152957,-71.2314771969999,0
			-34.11467813,-71.231349987,0
			-34.1143474159999,-71.2311692869999,0
			-34.1142088259999,-71.2310935399999,0
			-34.1136860649999,-71.23080772,0
			-34.113545056,-71.2307552629998,0
			-34.1133543079999,-71.230684276,0
			-34.113162503,-71.230736602,0
			-34.1128732409999,-71.2308476419999,0
			-34.1122056269999,-71.230883563,0
			-34.110770869,-71.231075246,0
			-34.1099601169998,-71.2310540399999,0
			-34.109337081,-71.2312096759999,0
			-34.1087118839999,-71.2314800649999,0
			-34.1080888439999,-71.2316357839999,0
			-34.1078493469999,-71.231686855,0
			-34.1074191549999,-71.231732915,0
			-34.10693875,-71.2320060329999,0
			-34.1065513309999,-71.2322263639999,0
			-34.1063066199999,-71.2325640959999,0
			-34.1060556539998,-71.2332457399999,0
			-34.1060483539999,-71.2336470709999,0
			-34.105799541,-71.2342140459999,0
			-34.105533431,-71.2345544049999,0
			-34.1053641189999,-71.2347626069999,0
			-34.105117257,-71.2349990519999,0
			-34.104904925,-71.2351888079999,0
			-34.1046808019999,-71.2353891759999,0
			-34.1041944979999,-71.235892524,0
			-34.103659529,-71.2364519449999,0
			-34.1032209069999,-71.2369567159999,0
			-34.1029026809999,-71.2372221639999,0
			-34.1021551359999,-71.237846293,0
			-34.1017704749999,-71.2380081439999,0
			-34.1013836459999,-71.2382847409999,0
			-34.1007596299999,-71.2384977309999,0
			-34.1002774919999,-71.238771812,0
			-34.0998897649999,-71.2391057349999,0
			-34.099744527,-71.2392166199999,0
			-34.0993557539999,-71.239607779,0
			-34.098917123,-71.2401124199999,0
			-34.098475606,-71.240609252,0
			-34.098139498,-71.240894801,0
			-34.0973649329999,-71.241505188,0
			-34.095663443,-71.2432382649999,0
			-34.0953201819999,-71.2437452929999,0
			-34.0951635639999,-71.2444866599999,0
			-34.0951053199999,-71.245058652,0
			-34.0949891999999,-71.245596528,0
			-34.0947558359999,-71.24590962,0
			-34.0944623499999,-71.2463033329999,0
			-34.0943627729999,-71.246530112,0
			-34.0942610999999,-71.2468715379999,0
			-34.094255855,-71.2471580729999,0
			-34.094106489,-71.2474982349999,0
			-34.093957197,-71.2478383999999,0
			-34.0938078249999,-71.2481785619999,0
			-34.093706148,-71.2485198959999,0
			-34.0934102219999,-71.24884881,0
			-34.0929273479998,-71.2493595639999,0
			-34.0921952579999,-71.2502577159999,0
			-34.0917088969999,-71.2507609049999,0
			-34.0915924739999,-71.250894896,0
			-34.0915140039999,-71.250985148,0
			-34.0911261749998,-71.251318979,0
			-34.09083162,-71.251769977,0
			-34.090733088,-71.2519393269999,0
			-34.0904354539999,-71.252562289,0
			-34.0903825039999,-71.252847634,0
			-34.0901769459999,-71.2536449899999,0
			-34.0901717589998,-71.2539315999999,0
			-34.090119859,-71.254159623,0
			-34.0900129029999,-71.2547876289999,0
			-34.0899567929999,-71.255244847,0
			-34.0899048909999,-71.2554728649999,0
			-34.089801086,-71.2559289059999,0
			-34.0895076459998,-71.256322472,0
			-34.0893582569999,-71.256662599,0
			-34.089205705,-71.257174601,0
			-34.088849419,-71.2581940419998,0
			-34.088603911,-71.258764287,0
			-34.088309333,-71.259215244,0
			-34.088113371,-71.2594966899999,0
			-34.0876238099999,-71.2601718499999,0
			-34.0873271899998,-71.260737438,0
			-34.0867390749999,-71.2615819149999,0
			-34.0861477879999,-71.2625983359999,0
			-34.0855555099999,-71.2636720639999,0
			-34.085309937,-71.264180219,0
			-34.0842549939999,-71.2660914959999,0
			-34.0836301759999,-71.26744969,0
			-34.083511883,-71.2675082639999,0
			-34.0834304479999,-71.267548587,0
			-34.0827060629999,-71.2679072709999,0
			-34.0824731709998,-71.2680225919999,0
			-34.0824254739999,-71.2680462069999,0
			-34.082219191,-71.268144016,0
			-34.081802957,-71.2683413729999,0
			-34.0815312889999,-71.2684701819999,0
			-34.0808106779999,-71.2688118589999,0
			-34.0799398029998,-71.269221105,0
			-34.0796017269998,-71.2693783519999,0
			-34.079471038,-71.2694391379999,0
			-34.0790586659999,-71.269630943,0
			-34.0785278929999,-71.2695794329999,0
			-34.077508027,-71.2695178129999,0
			-34.077327366,-71.2695217669999,0
			-34.0764433969998,-71.2695411239999,0
			-34.0764298319999,-71.2695414199999,0
			-34.0763772179999,-71.2695425709999,0
			-34.076209773,-71.269546237,0
			-34.0757973739999,-71.2695466049999,0
			-34.0754738049999,-71.2695468909999,0
			-34.0751832569999,-71.2695471489999,0
			-34.0746336909999,-71.2695476379999,0
			-34.0743772029999,-71.269525001,0
			-34.074186606,-71.2695081829999,0
			-34.073637037,-71.2694838329999,0
			-34.0732105299999,-71.26946494,0
			-34.0725938749999,-71.2693705019999,0
			-34.0725522369999,-71.2693641269999,0
			-34.0720544329999,-71.2692878929999,0
			-34.0717439599999,-71.269296185,0
			-34.0716273369999,-71.269299298,0
			-34.071571126,-71.2693007989999,0
			-34.0712216109999,-71.269316392,0
			-34.070714844,-71.269338999,0
			-34.070425126,-71.269351926,0
			-34.0701413939999,-71.2694072679998,0
			-34.069953992,-71.2694438199999,0
			-34.069845598,-71.269464962,0
			-34.0695524559999,-71.2695221389999,0
			-34.0688994929999,-71.269725422,0
			-34.0682676129999,-71.269922144,0
			-34.0681587099999,-71.269941691,0
			-34.067653773,-71.269863071,0
			-34.067326356,-71.2698120939999,0
			-34.067114466,-71.269779102,0
			-34.0669654869999,-71.269708244,0
			-34.0662811209999,-71.2695638629999,0
			-34.0661092619999,-71.26970095,0
			-34.0658514479999,-71.269906605,0
			-34.065724562,-71.270030166,0
			-34.0656304619999,-71.270121805,0
			-34.0653569379999,-71.2703881669999,0
			-34.0653386369999,-71.270360115,0
			-34.0653281439999,-71.270344038,0
			-34.0651346169999,-71.270047448,0
			-34.064964357,-71.2697865179999,0
			-34.064573681,-71.2691877889999,0
			-34.064473241,-71.269033862,0
			-34.0643822549999,-71.268894421,0
			-34.063987012,-71.2682886939999,0
			-34.063514738,-71.2675649179999,0
			-34.063020792,-71.2668333139999,0
			-34.0629790949999,-71.266771557,0
			-34.0629847129999,-71.2667851699999,0
			-34.0626269629999,-71.2668362859999,0
			-34.062459088,-71.2668602749999,0
			-34.06210792,-71.2669104499998,0
			-34.061845346,-71.2669523589998,0
			-34.0614369869999,-71.2670175339998,0
			-34.0610896659999,-71.2670729659999,0
			-34.0608075069998,-71.2671064529999,0
			-34.0603825669999,-71.267248896,0
			-34.0601594809999,-71.267323156,0
			-34.0601008089999,-71.2673426869999,0
			-34.0599833979999,-71.2673817709999,0
			-34.0592751629999,-71.267619168,0
			-34.05887272,-71.2677567069999,0
			-34.058523914,-71.267875916,0
			-34.0577267379999,-71.268141219,0
			-34.0576826539999,-71.2681558899999,0
			-34.0572783679999,-71.2683347459999,0
			-34.056650385,-71.2686152699999,0
			-34.056466132,-71.2687142459999,0
			-34.056226888,-71.2688427619998,0
			-34.0561542609999,-71.268881778,0
			-34.0560339319999,-71.2689464119999,0
			-34.0559050139999,-71.2690156649999,0
			-34.0558613539999,-71.269020935,0
			-34.0555779229999,-71.2690551529998,0
			-34.0541618299998,-71.2697167449999,0
			-34.053721759,-71.2699223439999,0
			-34.053554984,-71.2700194579999,0
			-34.053106353,-71.270280698,0
			-34.0530788929999,-71.270296689,0
			-34.0529474809999,-71.2703732129999,0
			-34.0529044369999,-71.2703982759999,0
			-34.052375399,-71.2707063379999,0
			-34.052305313,-71.2708123529999,0
			-34.05220451,-71.2709818899999,0
			-34.0520781119999,-71.2711944759998,0
			-34.051865086,-71.2715983059999,0
			-34.051706623,-71.2719653979998,0
			-34.05168407,-71.2720176459999,0
			-34.05150774,-71.2724428699999,0
			-34.05134049,-71.2728703999999,0
			-34.051173255,-71.2732986039999,0
			-34.051126908,-71.2734140209999,0
			-34.0509719749999,-71.2736426659999,0
			-34.050726101,-71.274037355,0
			-34.0504791689999,-71.2744892489999,0
			-34.050375301,-71.2749450519999,0
			-34.0503687319999,-71.275299904,0
			-34.0503637049999,-71.2755752859999,0
			-34.0503063899999,-71.276089656,0
			-34.0500065249999,-71.2768267369999,0
			-34.0497585199999,-71.277335912,0
			-34.049473733,-71.2778528849999,0
			-34.049314512,-71.2781265369999,0
			-34.04896687,-71.278862322,0
			-34.048770797,-71.2791436809999,0
			-34.0486701039999,-71.2794275899999,0
			-34.0486411409999,-71.279583249,0
			-34.048617099,-71.279712687,0
			-34.0484125169999,-71.2804523789999,0
			-34.0482642049999,-71.2807350109999,0
			-34.0478243569999,-71.2812964339999,0
			-34.0475831709999,-71.2813976909999,0
			-34.0474396459999,-71.281458088,0
			-34.0471970149999,-71.281680777,0
			-34.0470008629999,-71.2819621199999,0
			-34.0468037909999,-71.282300758,0
			-34.046703092,-71.2825845689999,0
			-34.046644758,-71.283156199,0
			-34.0466404269999,-71.2833853609999,0
			-34.046699643,-71.2836566889999,0
			-34.0467284289999,-71.283788871,0
			-34.046768664,-71.284191189,0
			-34.0468088969999,-71.2845935059999,0
			-34.0468014439999,-71.284994457,0
			-34.0467430959999,-71.2855661759999,0
			-34.046447364,-71.2860740249999,0
			-34.0462989669999,-71.2863565489999,0
			-34.046101811,-71.2866951689999,0
			-34.045853839,-71.2872042929999,0
			-34.0454519379999,-71.288118228,0
			-34.045255961,-71.2885638799999,0
			-34.0452008009999,-71.2889636279999,0
			-34.0450979529999,-71.289362003,0
			-34.0449452759999,-71.2898737659999,0
			-34.0449399359999,-71.2901602139999,0
			-34.0449335299999,-71.2905039519999,0
			-34.0449239189999,-71.291019471,0
			-34.0448687519999,-71.291419127,0
			-34.044712255,-71.2917749719999,0
			-34.0446196189999,-71.291985602,0
			-34.0441840739999,-71.2923177869999,0
			-34.0439445549999,-71.292368656,0
			-34.0436890789999,-71.292400108,0
			-34.0435620439999,-71.2924155859998,0
			-34.04322394,-71.2926358429999,0
			-34.042979078,-71.2929731529999,0
			-34.042880493,-71.2931423599999,0
			-34.0425836609999,-71.293707533,0
			-34.0424013289999,-71.294081924,0
			-34.0423355889999,-71.2942166119999,0
			-34.0419932789999,-71.294665923,0
			-34.041022439,-71.295556814,0
			-34.0407330899999,-71.2957209599999,0
			-34.040346224,-71.295997019,0
			-34.0401034929999,-71.2962197349999,0
			-34.0398110069999,-71.296555739,0
			-34.0395682759999,-71.296778451,0
			-34.0392280249998,-71.2971130739999,0
			-34.0387935389999,-71.2973879239999,0
			-34.038504186,-71.2975520629999,0
			-34.038310219,-71.2977186809999,0
			-34.0382105529999,-71.2979452499999,0
			-34.037919132,-71.2982240429998,0
			-34.0373891899998,-71.2984962199999,0
			-34.0370506469999,-71.298368287,0
			-34.036774657,-71.2981930699999,0
			-34.0365394219999,-71.2980147849999,0
			-34.0362077369999,-71.2978912139998,0
			-34.0360635949999,-71.297944725,0
			-34.0357286989999,-71.297992912,0
			-34.0356301769999,-71.298162281,0
			-34.0353852289999,-71.2984995419999,0
			-34.035284567,-71.2987832949999,0
			-34.0350863089999,-71.299179038,0
			-34.0348880489999,-71.2995748659999,0
			-34.0346897869999,-71.299970695,0
			-34.0343506729999,-71.300248094,0
			-34.034111154,-71.3002988489999,0
			-34.033825016,-71.3002912109999,0
			-34.033349265,-71.3002210499999,0
			-34.0331118909999,-71.3001573309999,0
			-34.0327335899999,-71.2999751859999,0
			-34.032448599,-71.2999101819999,0
			-34.0321624599998,-71.299902458,0
			-34.031683421,-71.300004143,0
			-34.031348521,-71.300052411,0
			-34.0310115509999,-71.3002152389999,0
			-34.0307221979999,-71.3003793519998,0
			-34.0305759129999,-71.30054733,0
			-34.0303998459999,-71.3007831629998,0
			-34.0310387259999,-71.3010244179999,0
			-34.0319479949999,-71.301601669,0
			-34.0326295689999,-71.3017992009999,0
			-34.033269966,-71.3024206589999,0
			-34.0336722459999,-71.3032148059999,0
			-34.034130126,-71.303162513,0
			-34.0346679309999,-71.3030741429999,0
			-34.0354231439999,-71.3039178639999,0
			-34.0361336509999,-71.3051323879999,0
			-34.03616392,-71.3051843099999,0
			-34.0363866619999,-71.305401844,0
			-34.0367674469999,-71.3054826839999,0
			-34.0372224229999,-71.305333085,0
			-34.0383658609998,-71.3056081079999,0
			-34.039525839,-71.306434284,0
			-34.040255854,-71.3073441219999,0
			-34.0412607489999,-71.308404362,0
			-34.041833643,-71.3094833429999,0
			-34.0421839429999,-71.3103447799999,0
			-34.042629409,-71.310779908,0
			-34.0433718809999,-71.3112022519999,0
			-34.0435879689999,-71.311486363,0
			-34.0438879649998,-71.311997941,0
			-34.0441130729999,-71.313042867,0
			-34.0440980279999,-71.3135908789999,0
			-34.043334489,-71.3144250949999,0
			-34.0430398729999,-71.3149655909999,0
			-34.0429292519999,-71.3156347669999,0
			-34.0429818419999,-71.316336156,0
			-34.043154326,-71.3166798679999,0
			-34.043481862,-71.3167833599999,0
			-34.0438454079999,-71.316884729,0
			-34.0442067359999,-71.3170645619999,0
			-34.0445121229999,-71.317481014,0
			-34.044690508,-71.3180206309999,0
			-34.044844897,-71.3186614539999,0
			-34.0450110059999,-71.3190920449999,0
			-34.0451814779999,-71.3195184119999,0
			-34.0453741319999,-71.3199355359999,0
			-34.0455712679999,-71.3203459509999,0
			-34.0459620149999,-71.320606459,0
			-34.0462729159999,-71.3209062289999,0
			-34.0465007379999,-71.321142691,0
			-34.0468656589999,-71.3214408349999,0
			-34.0470941669999,-71.3216995899999,0
			-34.0474597109999,-71.3220194019999,0
			-34.04776807,-71.322386993,0
			-34.048053759,-71.3225979789999,0
			-34.0482688739999,-71.322857886,0
			-34.0485185629999,-71.3230704649999,0
			-34.048882255,-71.3234802149999,0
			-34.0492152729999,-71.3240707639999,0
			-34.049214677,-71.3246527389999,0
			-34.0490982919999,-71.3251280009999,0
			-34.0489458319999,-71.3256048519999,0
			-34.0487477269999,-71.3260620859999,0
			-34.0487489179999,-71.326553158,0
			-34.0487840939999,-71.3269772799999,0
			-34.0487988559999,-71.3274692549999,0
			-34.0489009039999,-71.327868143,0
			-34.0489908119999,-71.328311505,0
			-34.0490194939999,-71.3286688159999,0
			-34.049191239,-71.329139088,0
			-34.0493258549999,-71.3295731199999,0
			-34.049486443,-71.3299694419999,0
			-34.0496309739999,-71.330433565,0
			-34.0497735229999,-71.330830728,0
			-34.0498980469999,-71.3312279319999,0
			-34.050112519,-71.331621922,0
			-34.0505407379999,-71.332229935,0
			-34.0509009229999,-71.332371396,0
			-34.0513698079999,-71.3323817589999,0
			-34.0516978379999,-71.3326530449999,0
			-34.051995655,-71.332971156,0
			-34.0522672719999,-71.3333153499999,0
			-34.052477245,-71.3337047939999,0
			-34.052464393,-71.3341790869999,0
			-34.052292555,-71.3346128139999,0
			-34.0520743549999,-71.3350024969999,0
			-34.051800837,-71.3353492209999,0
			-34.0515177889999,-71.3356766909999,0
			-34.0513154619999,-71.336144181,0
			-34.051165682,-71.336563331,0
			-34.0511388639999,-71.3367889529999,0
			-34.0509224169999,-71.337513287,0
			-34.050639217,-71.3381043699999,0
			-34.050537247,-71.3387005159999,0
			-34.050433276,-71.339405482,0
			-34.050332263,-71.3399471689999,0
			-34.0504104009999,-71.3406026549999,0
			-34.0507634549999,-71.341102436,0
			-34.0508478849999,-71.3414313849999,0
			-34.051167377,-71.341715424,0
			-34.0515590959999,-71.3421587779999,0
			-34.051869933,-71.3424939599999,0
			-34.052179726,-71.3428836889999,0
			-34.052625496,-71.343277074,0
			-34.0529826179999,-71.3435591459999,0
			-34.053380911,-71.344060112,0
			-34.0538730399999,-71.3444003919999,0
			-34.0543639819999,-71.3447951269999,0
			-34.055154392,-71.3461236509999,0
			-34.0555485159999,-71.346842378,0
			-34.0558520559999,-71.3475586129998,0
			-34.0560743779999,-71.3477825099999,0
			-34.056437877,-71.3477380509999,0
			-34.0568022639999,-71.347639218,0
			-34.0573932069998,-71.3475466369999,0
			-34.057897732,-71.3472338109999,0
			-34.058491794,-71.3469779389999,0
			-34.0592690889999,-71.3466182299999,0
			-34.059724128,-71.3465218899999,0
			-34.0602213729998,-71.3465900899999,0
			-34.060852369,-71.34677078,0
			-34.061195343,-71.3469887849999,0
			-34.0613897429999,-71.3471123549999,0
			-34.0618869149999,-71.347180468,0
			-34.0620521339999,-71.3472579739999,0
			-34.0623810399999,-71.3474119699999,0
			-34.0628256789999,-71.347859888,0
			-34.063089088,-71.34830281,0
			-34.06330516,-71.3488533179999,0
			-34.0634759819999,-71.3494025809999,0
			-34.0635869119999,-71.3498739569999,0
			-34.0636436019999,-71.350115138,0
			-34.0639154049999,-71.3502693439999,0
			-34.0640471449999,-71.350344068,0
			-34.0646297559999,-71.3506869309999,0
			-34.065029056,-71.3511336249999,0
			-34.0650598039999,-71.3516782949999,0
			-34.0650629219999,-71.3517335189999,0
			-34.0649482549999,-71.351993931,0
			-34.0648260199999,-71.3522716159999,0
			-34.0644563419999,-71.3526425639999,0
			-34.063942423,-71.3534450879999,0
			-34.063710804,-71.353710954,0
			-34.0635674829999,-71.3539298809999,0
			-34.0632905809999,-71.3543528559999,0
			-34.063146334,-71.3547845149999,0
			-34.063186679,-71.3549993299999,0
			-34.063231823,-71.355239711,0
			-34.063351941,-71.355879296,0
			-34.0633383699999,-71.3565868459999,0
			-34.0631938079998,-71.3572191329999,0
			-34.0631404339999,-71.357452579,0
			-34.0629910249999,-71.358156451,0
			-34.062969288,-71.358385302,0
			-34.0629342819998,-71.3587538199998,0
			-34.06292271,-71.3593525319999,0
			-34.0627763559999,-71.3598930129999,0
			-34.0624415229999,-71.360809423,0
			-34.062209815,-71.361075264,0
			-34.0619244109999,-71.361775258,0
			-34.061719625,-71.3622079509999,0
			-34.0615937549999,-71.3624738999999,0
			-34.061536912,-71.3630714309999,0
			-34.0615365739999,-71.363088986,0
			-34.061524349,-71.3637244139999,0
			-34.06143215,-71.3639838919999,0
			-34.0613327249999,-71.364263711,0
			-34.0611873939999,-71.364749715,0
			-34.0608609129999,-71.365230681,0
			-34.060533305,-71.3657661,0
			-34.060478619,-71.366254703,0
			-34.0607778489999,-71.3671887029999,0
			-34.0606674159999,-71.368220284,0
			-34.060697976,-71.3689835229999,0
			-34.0608654819999,-71.369696001,0
			-34.060992981,-71.370135279,0
			-34.06093513,-71.370786993,0
			-34.0609298789999,-71.371059111,0
			-34.0611036769999,-71.3714451059999,0
			-34.06154717,-71.3719475969999,0
			-34.061949543,-71.3722310799998,0
			-34.0622108349999,-71.3727829009999,0
			-34.0622024229999,-71.37321831,0
			-34.0621477089999,-71.3737068309999,0
			-34.062207106,-71.373809213,0
			-34.0626302059999,-71.3745370969999,0
			-34.0630252059999,-71.375201639,0
			-34.0636771869999,-71.3766356909999,0
			-34.064289243,-71.377796281,0
			-34.0645862729999,-71.3788392799999,0
			-34.0646797399999,-71.3792922979999,0
			-34.06483488,-71.3800442249999,0
			-34.0650928309999,-71.380899686,0
			-34.0651329429999,-71.381032776,0
			-34.0651973299999,-71.381113741,0
			-34.065442606,-71.381422613,0
			-34.0663679999999,-71.3823357279999,0
			-34.0667731839999,-71.382735533,0
			-34.067213228,-71.3835959469999,0
			-34.067460801,-71.384855493,0
			-34.0676228509999,-71.3858402759999,0
			-34.0679198829999,-71.386883253,0
			-34.0680436549999,-71.387102144,0
			-34.0681389489999,-71.38727067,0
			-34.0689025989999,-71.3876187929999,0
			-34.0698895429999,-71.388136582,0
			-34.070834481,-71.388489901,0
			-34.0723196139999,-71.3890217949999,0
			-34.0730411819999,-71.389205373,0
			-34.073321398,-71.3892310099999,0
			-34.0739007629999,-71.3892840139999,0
			-34.0749835659999,-71.389532244,0
			-34.075614555,-71.3897134659999,0
			-34.0756362369999,-71.3897441999999,0
			-34.075701415,-71.3898365889999,0
			-34.075967319,-71.3902135019999,0
			-34.0754055329999,-71.3909735429999,0
			-34.075310975,-71.3913386959999,0
			-34.074753603,-71.3920310379999,0
			-34.0745970769999,-71.392264123,0
			-34.0742869519999,-71.3927259229999,0
			-34.0740024279999,-71.393371518,0
			-34.0738485689999,-71.3942929999999,0
			-34.073796805,-71.394618254,0
			-34.07329369,-71.3950611799999,0
			-34.0731974229999,-71.3951460699998,0
			-34.072474808,-71.395016729,0
			-34.0719073399999,-71.3950857779999,0
			-34.071747944,-71.395105254,0
			-34.0715128489999,-71.3952684199999,0
			-34.0710548049999,-71.395793629,0
			-34.0705437219999,-71.396432719,0
			-34.0703120159998,-71.3966984819999,0
			-34.070035971,-71.3969085899999,0
			-34.06948176,-71.397437552,0
			-34.0691088369999,-71.397971615,0
			-34.0690571369999,-71.39829694,0
			-34.0686948439999,-71.3982866379999,0
			-34.0684219739999,-71.3982130019999,0
			-34.0681016789998,-71.3984877959999,0
			-34.067772942,-71.3990775839999,0
			-34.0676611019999,-71.4001635629999,0
			-34.0676355699999,-71.4014698529999,0
			-34.0675700259999,-71.4025026399999,0
			-34.0673675829999,-71.4035860509999,0
			-34.0669503039999,-71.404064419,0
			-34.0667164389999,-71.4041339559999,0
			-34.0664489199999,-71.4042135459999,0
			-34.0657620509999,-71.4045753049999,0
			-34.0654828709999,-71.4049486709999,0
			-34.065248868,-71.405323223,0
			-34.0651412389999,-71.406191494,0
			-34.064990488,-71.4064708649999,0
			-34.06476501,-71.4068887829999,0
			-34.064525745,-71.407535448,0
			-34.064142037,-71.4086136739999,0
			-34.0634812659999,-71.4099563139999,0
			-34.0627826359999,-71.410916701,0
			-34.0625175929998,-71.411118271,0
			-34.0618164789999,-71.411651628,0
			-34.0609462329999,-71.412117085,0
			-34.0600275309999,-71.412744443,0
			-34.059431289,-71.413108676,0
			-34.0585503459999,-71.4141183119999,0
			-34.058014069,-71.4145540669999,0
			-34.0576958889999,-71.4148133859999,0
			-34.0573134329998,-71.4149761069999,0
			-34.0567613819999,-71.4152109459998,0
			-34.0560819729999,-71.4151917529999,0
			-34.0557236989998,-71.4151649919999,0
			-34.0549054479999,-71.4151038819999,0
			-34.0537645439998,-71.4155071049999,0
			-34.0526247109999,-71.4158558679999,0
			-34.052492383,-71.4159747429999,0
			-34.05197878,-71.4164364809999,0
			-34.0512486999999,-71.4166878949999,0
			-34.0503353309999,-71.4170431529999,0
			-34.0500109969998,-71.4170144219999,0
			-34.0495695049999,-71.416975357,0
			-34.049430453,-71.4169629789999,0
			-34.0492211289999,-71.416610635,0
			-34.0491673699999,-71.4165199349999,0
			-34.0487902509999,-71.4160882109999,0
			-34.0486798079999,-71.415961744,0
			-34.0484920429998,-71.4158613869999,0
			-34.048141647,-71.415674252,0
			-34.047599132,-71.4156043799999,0
			-34.0470988049998,-71.415699052,0
			-34.0468227329999,-71.4159090439999,0
			-34.045957901,-71.4161021469999,0
			-34.0457020299999,-71.415720463,0
			-34.045292699,-71.4153077199999,0
			-34.0447223809999,-71.4145894599998,0
			-34.0438103809999,-71.4142626459999,0
			-34.042399722,-71.413821533,0
			-34.041201633,-71.4136807529999,0
			-34.0408002799999,-71.413342793,0
			-34.040648774,-71.413170994,0
			-34.040356958,-71.412840226,0
			-34.039002409,-71.4125841309999,0
			-34.0378743319999,-71.412334459,0
			-34.0367830329999,-71.4125212609999,0
			-34.0364727329999,-71.4127744499999,0
			-34.036138189,-71.413047358,0
			-34.0357672759999,-71.4134723559999,0
			-34.0357515879999,-71.4135904349999,0
			-34.0356078639999,-71.414665408,0
			-34.0355023249999,-71.4154244799999,0
			-34.0351281919999,-71.4160126949999,0
			-34.0350247819999,-71.416662969,0
			-34.034740149,-71.4173081879999,0
			-34.034079302,-71.4186503029999,0
			-34.0334819749999,-71.4190687459999,0
			-34.0333711059999,-71.4191591899999,0
			-34.032837108,-71.419594772,0
			-34.0325114939998,-71.4200211,0
			-34.0325439619999,-71.4206751199999,0
			-34.03280496,-71.4212269669999,0
			-34.0331102099999,-71.4218343649999,0
			-34.0331405199999,-71.4225973589999,0
			-34.0327156719999,-71.4234561609999,0
			-34.0324763259999,-71.424102628,0
			-34.0320515399999,-71.4249614209999,0
			-34.0318995359999,-71.4257736799999,0
			-34.032070016,-71.42632287,0
			-34.0326427329999,-71.427155688,0
			-34.0328541559999,-71.4279238409999,0
			-34.033112972,-71.4285844089999,0
			-34.0331475409999,-71.4291297349999,0
			-34.0328649979999,-71.4296659279999,0
			-34.032404533,-71.4300339,0
			-34.032308582,-71.430303328,0
			-34.0323441479999,-71.43079421,0
			-34.0325189079999,-71.4311258339999,0
			-34.0326989769999,-71.4311853529999,0
			-34.0328700579999,-71.4313296029999,0
			-34.0329664609999,-71.4314107769999,0
			-34.032808131,-71.4318837949999,0
			-34.0327253249999,-71.4319402469999,0
			-34.0324843999998,-71.4321046699999,0
			-34.031260474,-71.4328862189999,0
			-34.030710429,-71.4331971399999,0
			-34.0299749349999,-71.4337204489999,0
			-34.029192033,-71.434351243,0
			-34.0280456889999,-71.435026105,0
			-34.0271268859999,-71.4356529869999,0
			-34.0256246439999,-71.4359911189999,0
			-34.025397099,-71.4360389879999,0
			-34.0246162719999,-71.4365609499999,0
			-34.0238334309999,-71.437191683,0
			-34.023462439,-71.4376165099999,0
			-34.023134537,-71.4381514039999,0
			-34.0228067809999,-71.438686299,0
			-34.0226977819999,-71.4396085139999,0
			-34.022633022,-71.440586275,0
			-34.022439923,-71.4411794759999,0
			-34.022382861,-71.4417765749999,0
			-34.0222361579999,-71.4423166399999,0
			-34.021950316,-71.4430160109999,0
			-34.0214477379999,-71.4432192739999,0
			-34.0206766899999,-71.4432515399999,0
			-34.0199476409999,-71.443448481,0
			-34.0192154269999,-71.443808444,0
			-34.0188422509999,-71.444341991,0
			-34.0184215869999,-71.444983,0
			-34.0181423009998,-71.4453559389999,0
			-34.017815448,-71.44583643,0
			-34.017125302,-71.44636086,0
			-34.0165320739999,-71.446561491,0
			-34.0160305739999,-71.4467102929999,0
			-34.0149251629999,-71.4476038079999,0
			-34.0146546159999,-71.448052897,0
			-34.0145227759999,-71.4482719059999,0
			-34.0144096539999,-71.448459699,0
			-34.014534636,-71.4490075969999,0
			-34.0149347299999,-71.4494000289999,0
			-34.0152178189999,-71.4498117189999,0
			-34.015507294,-71.450232819,0
			-34.0155425959999,-71.4503709769999,0
			-34.0156754199999,-71.4508907919999,0
			-34.0157465429999,-71.4518723729999,0
			-34.01568494,-71.452687027,0
			-34.0154586579999,-71.4529782749999,0
			-34.0153127419999,-71.4531660819999,0
			-34.0152092499999,-71.4532447019999,0
			-34.0148986949999,-71.4534807339999,0
			-34.0148812499999,-71.4543509279999,0
			-34.0151400009998,-71.4550114279999,0
			-34.0155400029999,-71.455403887,0
			-34.0159699769999,-71.4556083849999,0
			-34.016392884,-71.4558094349999,0
			-34.016840498,-71.4560944119999,0
			-34.0171079319999,-71.4563198669999,0
			-34.0175974109999,-71.45676938,0
			-34.0179488949999,-71.4573237499999,0
			-34.0179558159999,-71.457364168,0
			-34.0180706489999,-71.458034789,0
			-34.0179724609999,-71.4584129959998,0
			-34.0177267519999,-71.4587372749999,0
			-34.0173673239999,-71.4592118039998,0
			-34.0169422319999,-71.4600703459999,0
			-34.016763666,-71.4603485139999,0
			-34.0162329889999,-71.4608336629999,0
			-34.0157549849999,-71.4611435959999,0
			-34.01521113,-71.4613708229999,0
			-34.0146885139999,-71.4616938229998,0
			-34.0145942409999,-71.4619073359999,0
			-34.014459798,-71.462148065,0
			-34.014441951,-71.4621800119999,0
			-34.014373927,-71.4623017719999,0
			-34.0137418959999,-71.4639437319998,0
			-34.0134059059999,-71.464846011,0
			-34.0129683159998,-71.4660211209999,0
			-34.0128342789999,-71.466381052,0
			-34.011996074,-71.4677317539998,0
			-34.0113078799999,-71.4687430159999,0
			-34.011045973,-71.4696157809999,0
			-34.0110010729999,-71.469765402,0
			-34.0110128279999,-71.469935872,0
			-34.011111904,-71.471372633,0
			-34.0109522309999,-71.472047887,0
			-34.0109493329999,-71.4720601319999,0
			-34.0108345649999,-71.4725453799999,0
			-34.0106948119999,-71.4731365199999,0
			-34.0099703399999,-71.4735737509999,0
			-34.0092188819999,-71.4741298279999,0
			-34.0090017609999,-71.474290437,0
			-34.0082773579999,-71.474727652,0
			-34.0078252379999,-71.4758265469999,0
			-34.0077676559999,-71.4759119739999,0
			-34.0074408639999,-71.4763846439999,0
			-34.0072983449999,-71.476815044,0
			-34.0072777669999,-71.4773442279999,0
			-34.0072987419999,-71.4777793769999,0
			-34.007273805,-71.4782786719999,0
			-34.007266634,-71.478377831,0
			-34.007239437,-71.4787538789999,0
			-34.007234422,-71.4790026009999,0
			-34.0072309189999,-71.479176266,0
			-34.0072331389999,-71.4792460429999,0
			-34.007242818,-71.479550263,0
			-34.007182622,-71.479888015,0
			-34.00716714,-71.4799748859999,0
			-34.0071525979999,-71.48005647,0
			-34.0070435799999,-71.4804660559999,0
			-34.007006952,-71.480959586,0
			-34.0068140009999,-71.4814165419999,0
			-34.0062056009999,-71.482195873,0
			-34.0061190719999,-71.4823131219999,0
			-34.0060410789999,-71.482418807,0
			-34.0059291809999,-71.4829706299998,0
			-34.005866678,-71.483424256,0
			-34.005796064,-71.483692624,0
			-34.005648478,-71.4842505189999,0
			-34.0055442219999,-71.4847171599999,0
			-34.0054229109999,-71.4851477219999,0
			-34.0051320109999,-71.4857583619998,0
			-34.0048476089999,-71.4863407239999,0
			-34.004570853,-71.486837908,0
			-34.0045609519999,-71.486864928,0
			-34.0043243699999,-71.487510534,0
			-34.00373909,-71.489426895,0
			-34.0036568239999,-71.48969625,0
			-34.0030838259999,-71.4906159099999,0
			-34.0023510309999,-71.4914671309999,0
			-34.0009645479999,-71.4927650249999,0
			-34.0008242459999,-71.4930809909999,0
			-34.0007107999999,-71.493336477,0
			-34.0003981639999,-71.4940405529999,0
			-34.0001231029999,-71.4946599959999,0
			-34.0000827699999,-71.4947508249999,0
			-34.0000395139999,-71.4948482489999,0
			-34.000014682,-71.4949041669999,0
			-33.9999447399999,-71.49511532,0
			-33.9997047609999,-71.4958398109999,0
			-33.9996922139999,-71.495871463,0
			-33.9993772949999,-71.4963416029998,0
			-33.9989131369999,-71.4972428899999,0
			-33.9985485769998,-71.497857774,0
			-33.998347023,-71.498348327,0
			-33.9982787809999,-71.4987040129999,0
			-33.998276619,-71.499315763,0
			-33.9982803669999,-71.49939474,0
			-33.9982986529999,-71.499780045,0
			-33.9983011319999,-71.4998323169999,0
			-33.9982830719999,-71.5005741099999,0
			-33.9981834619999,-71.5008605049998,0
			-33.997976121,-71.5014924389999,0
			-33.9979462119999,-71.5015906839998,0
			-33.9978238149999,-71.501992722,0
			-33.9975729789999,-71.5024735219999,0
			-33.9972295279999,-71.5029667319999,0
			-33.997168245,-71.503054734,0
			-33.9969822269999,-71.503403479,0
			-33.9968478119999,-71.5038442069999,0
			-33.9968020599999,-71.5043120699999,0
			-33.9967946879999,-71.504387462,0
			-33.996826923,-71.5046611359999,0
			-33.9968444149999,-71.504808231,0
			-33.9968417789999,-71.504984854,0
			-33.9967112489999,-71.5059317759998,0
			-33.9966518779999,-71.5062997779999,0
			-33.996596473,-71.506643184,0
			-33.996503015,-71.5072224269999,0
			-33.9964047699999,-71.5076176329999,0
			-33.996279694,-71.5081207889999,0
			-33.99613375,-71.5087078669999,0
			-33.9960904979999,-71.5089666979999,0
			-33.9960248949999,-71.5093592579999,0
			-33.996023349,-71.5096362479999,0
			-33.9960216769999,-71.5099357509999,0
			-33.9960256429999,-71.510178816,0
			-33.996033046,-71.5106323889999,0
			-33.9960349139999,-71.5107468199999,0
			-33.9960265839999,-71.5107946599999,0
			-33.9959973639999,-71.510962456,0
			-33.99593383,-71.511327319,0
			-33.995686302,-71.512144425,0
			-33.9956740569999,-71.5121848439999,0
			-33.9953692399999,-71.5129137729999,0
			-33.9952299879999,-71.513246775,0
			-33.995123586,-71.513501226,0
			-33.994802749,-71.5142788969999,0
			-33.994865126,-71.5146342369999,0
			-33.994893733,-71.5147972119999,0
			-33.9949196019999,-71.5149445719999,0
			-33.9949436309999,-71.5152366589999,0
			-33.9949455249999,-71.51525965,0
			-33.9949495029999,-71.515307981,0
			-33.9949610759999,-71.5154825179999,0
			-33.9949788019999,-71.5157497789999,0
			-33.9949795449999,-71.515760969,0
			-33.9949855049998,-71.5158508649999,0
			-33.9949906219999,-71.5159279969999,0
			-33.994996929,-71.5160230989998,0
			-33.9950008499999,-71.5160821969998,0
			-33.9950063439999,-71.5161582119999,0
			-33.995021929,-71.516373711,0
			-33.9950233879999,-71.5163938979999,0
			-33.9950280149999,-71.516457835,0
			-33.9950322839999,-71.516516886,0
			-33.9950491899999,-71.5167506769999,0
			-33.9950576509999,-71.5168713659999,0
			-33.9950586789999,-71.5168860249999,0
			-33.9950608299998,-71.5169167089999,0
			-33.995063301,-71.5169519459999,0
			-33.9950656349999,-71.5169852529999,0
			-33.9951134989999,-71.517106009,0
			-33.9951595599999,-71.5172222209999,0
			-33.9951664769999,-71.5172396699999,0
			-33.995171155,-71.5172514769999,0
			-33.9952565699999,-71.5173811679999,0
			-33.995314483,-71.5174691049999,0
			-33.9953173099999,-71.517508221,0
			-33.9953189739999,-71.5175312149999,0
			-33.9953272249999,-71.5176453269999,0
			-33.9953305959999,-71.517691933,0
			-33.995321104,-71.517712478,0
			-33.995303099,-71.5177514499999,0
			-33.9951921319999,-71.5179916489999,0
			-33.9949352369999,-71.518260912,0
			-33.9946494379999,-71.5183664889999,0
			-33.9945550219998,-71.518401367,0
			-33.9944698429999,-71.5184328299999,0
			-33.9943607909999,-71.518576675,0
			-33.994102024,-71.518917997,0
			-33.9938723399999,-71.5192209619999,0
			-33.9937516499999,-71.5193801519999,0
			-33.993614747,-71.519560731,0
			-33.993463893,-71.519759714,0
			-33.9934236769999,-71.5198127599999,0
			-33.993416305,-71.5198224839999,0
			-33.9933931919999,-71.51985297,0
			-33.99326697,-71.520318452,0
			-33.9932534149999,-71.5203684349999,0
			-33.993204652,-71.5205482599999,0
			-33.9931019909999,-71.5209268519999,0
			-33.993079961,-71.5210080949999,0
			-33.9929902599999,-71.5212510769999,0
			-33.992936098,-71.521397784,0
			-33.9929261299999,-71.5215913689999,0
			-33.9929225489999,-71.5216608969999,0
			-33.9928597379999,-71.5218950329999,0
			-33.9927986609999,-71.5221226919999,0
			-33.9927953119999,-71.522135184,0
			-33.9927769509999,-71.52220362,0
			-33.9926991209999,-71.5225081659999,0
			-33.9924978559999,-71.5232957259999,0
			-33.9924933369999,-71.5233302419999,0
			-33.99244978,-71.523662776,0
			-33.992448914,-71.5237091449999,0
			-33.9924451069999,-71.5239127989999,0
			-33.992444486,-71.523945939,0
			-33.992443521,-71.524009333,0
			-33.9924426209999,-71.5240885069999,0
			-33.9924425959999,-71.5241849149999,0
			-33.992443409,-71.524313838,0
			-33.992443635,-71.5243391609998,0
			-33.9924453739999,-71.524535466,0
			-33.9924479159999,-71.524822017,0
			-33.9924499959999,-71.525056849,0
			-33.9924496579999,-71.5251303289999,0
			-33.992449548,-71.525154608,0
			-33.99244755,-71.5252203569999,0
			-33.9924455509999,-71.5252538509999,0
			-33.9924427329999,-71.5252866169999,0
			-33.9924392499999,-71.525319036,0
			-33.9924352799999,-71.52535124,0
			-33.9924264749999,-71.5254147409999,0
			-33.9924023269999,-71.5255718639999,0
			-33.992397023,-71.5256052139999,0
			-33.992383213,-71.5256920919999,0
			-33.9923706649999,-71.5257710119999,0
			-33.992359157,-71.525843402,0
			-33.9923515979999,-71.5258909459999,0
			-33.992330191,-71.5260256029999,0
			-33.9923226899999,-71.5260727819999,0
			-33.9923089659999,-71.5261657629999,0
			-33.9923015969999,-71.5262268549999,0
			-33.9922989799999,-71.5262564479999,0
			-33.992297368,-71.5262856529999,0
			-33.9922970929999,-71.526314224,0
			-33.9922984049999,-71.5263427099999,0
			-33.9923010749999,-71.5263717569999,0
			-33.99230476,-71.526401138,0
			-33.9923143469999,-71.5264617669999,0
			-33.992325517,-71.5265228979999,0
			-33.9923374589998,-71.526584476,0
			-33.9923427889999,-71.526611176,0
			-33.9923846089999,-71.526820706,0
			-33.992393917,-71.5268673379999,0
			-33.992404526,-71.5269204799999,0
			-33.9924178959999,-71.5269874709999,0
			-33.9924297299999,-71.5270501749999,0
			-33.9924404229999,-71.5271132569999,0
			-33.9924450479999,-71.5271455789999,0
			-33.9924488039999,-71.527178217,0
			-33.9924513479999,-71.52721152,0
			-33.992452138,-71.527245492,0
			-33.992450741,-71.5272792259999,0
			-33.9924476209999,-71.52731224,0
			-33.9924433109999,-71.5273445679999,0
			-33.9924381499999,-71.527376556,0
			-33.9924264059999,-71.5274389859999,0
			-33.9924069849999,-71.527531556,0
			-33.9923847689999,-71.5276335249999,0
			-33.992340269,-71.5278377749999,0
			-33.9923075929999,-71.5279905199999,0
			-33.9922890969999,-71.528081818,0
			-33.9922780759999,-71.5281424079999,0
			-33.992273344,-71.528172113,0
			-33.992265199,-71.528234284,0
			-33.99225539,-71.5283291269999,0
			-33.9922304549999,-71.5286100709999,0
			-33.9922155789999,-71.528777669,0
			-33.992210578,-71.5288410969999,0
			-33.9922067449999,-71.528904067,0
			-33.9922055639999,-71.5289367349999,0
			-33.9922030609999,-71.5289654269999,0
			-33.9922051789999,-71.528988033,0
			-33.9922066469999,-71.529003674,0
			-33.9922121549999,-71.5290632379999,0
			-33.992217903,-71.52910694,0
			-33.9922271229999,-71.529166198,0
			-33.992242619,-71.5292556849998,0
			-33.9922536969999,-71.5293149169999,0
			-33.9922656799999,-71.5293736619999,0
			-33.9922721159999,-71.5294022959999,0
			-33.992279078,-71.5294306279999,0
			-33.992286779,-71.52945899,0
			-33.9922950609999,-71.529487257,0
			-33.9923086139999,-71.5295303329999,0
			-33.9923130519999,-71.5295444419999,0
			-33.99232649,-71.529585029,0
			-33.9923319689999,-71.5296015839999,0
			-33.9923482429999,-71.5296493979999,0
			-33.9923709919998,-71.5297162409999,0
			-33.9923922749999,-71.5297774619999,0
			-33.992410661,-71.5298303549999,0
			-33.9924309719999,-71.5298862669999,0
			-33.9924523379999,-71.5299409099999,0
			-33.992463469,-71.52996689,0
			-33.9924752829999,-71.5299921639999,0
			-33.992488522,-71.53001771,0
			-33.992502749,-71.530043011,0
			-33.9925176929999,-71.53006809,0
			-33.992549379,-71.530118444,0
			-33.9925704539999,-71.530150485,0
			-33.9925856279999,-71.5301735549999,0
			-33.992598831,-71.5301936279999,0
			-33.9926769769999,-71.530310259,0
			-33.992733115,-71.5303940429999,0
			-33.992800439,-71.5304945259999,0
			-33.9928291619999,-71.5305377409999,0
			-33.9928386569998,-71.5305520209999,0
			-33.9928842209999,-71.530620571,0
			-33.99293391,-71.530697432,0
			-33.9929695069999,-71.5307556929999,0
			-33.992982099,-71.5307773169999,0
			-33.9929990719999,-71.530807725,0
			-33.9930126549999,-71.530832064,0
			-33.993023399,-71.5308529369999,0
			-33.993056306,-71.530916862,0
			-33.9930704509999,-71.5309399109999,0
			-33.9931265359999,-71.5310459889999,0
			-33.9932157539999,-71.5312147339999,0
			-33.9932445589998,-71.5312699409999,0
			-33.993258168,-71.5312968389999,0
			-33.993272799,-71.531325758,0
			-33.9932866429999,-71.5313543789999,0
			-33.9933000349999,-71.5313834759999,0
			-33.99331283,-71.5314133659999,0
			-33.993324639,-71.53144402,0
			-33.993335047,-71.5314750319999,0
			-33.9933442169999,-71.531505969,0
			-33.9933469179999,-71.5315160169999,0
			-33.993352568,-71.531537037,0
			-33.993355371,-71.5315485909999,0
			-33.9933674919999,-71.5315985249999,0
			-33.9933813009999,-71.5316601939999,0
			-33.9934272409999,-71.5318751269999,0
			-33.9934304799999,-71.53189072,0
			-33.993441258,-71.5319426199999,0
			-33.9934528389999,-71.5319983939999,0
			-33.9934647409999,-71.5320607559999,0
			-33.9934702009999,-71.5320925339999,0
			-33.9934750849999,-71.532124602,0
			-33.9934791749999,-71.5321571459999,0
			-33.993482292,-71.5321906709999,0
			-33.993484501,-71.532223997,0
			-33.9934860639999,-71.5322572109999,0
			-33.9934879419999,-71.5323227469999,0
			-33.9934881719999,-71.5323397079999,0
			-33.9934892679999,-71.5324205019999,0
			-33.993490099,-71.5325209359999,0
			-33.9934919519999,-71.5327447559999,0
			-33.993494282,-71.5328737679999,0
			-33.9934948849998,-71.5328914989999,0
			-33.993497508,-71.5329686099999,0
			-33.9935003719999,-71.5330360889999,0
			-33.993502898,-71.5330955669999,0
			-33.9935146359999,-71.5333538209999,0
			-33.993518712,-71.5334435139999,0
			-33.9935341239999,-71.5337636149999,0
			-33.993538273,-71.5338595109999,0
			-33.993540159,-71.533923815,0
			-33.993540546,-71.5339564199999,0
			-33.99354033,-71.5339891679999,0
			-33.993539255,-71.5340222569999,0
			-33.9935369749999,-71.534055651,0
			-33.9935332319999,-71.5340889299999,0
			-33.9935283639999,-71.5341215999999,0
			-33.9935226849999,-71.5341538789999,0
			-33.9935099739999,-71.534216735,0
			-33.9934961499999,-71.534279059,0
			-33.9934820589999,-71.5343396659999,0
			-33.9934601149999,-71.5344340239998,0
			-33.993410319,-71.534648175,0
			-33.993381643,-71.534771481,0
			-33.9932852249999,-71.5351900589999,0
			-33.993249587,-71.535344772,0
			-33.9932408989999,-71.5353824859999,0
			-33.9932290319999,-71.535434004,0
			-33.9932257139999,-71.5354484089999,0
			-33.993163694,-71.5357177219999,0
			-33.9931037099999,-71.5359782,0
			-33.99306804,-71.5361330859999,0
			-33.993024426,-71.5363199179999,0
			-33.9929889139999,-71.5364654859999,0
			-33.9929789719999,-71.536506242,0
			-33.9929054179999,-71.5368038239999,0
			-33.9928312759998,-71.5371037809999,0
			-33.9928098309999,-71.5371905429999,0
			-33.9927697649999,-71.5373526309999,0
			-33.9926625779999,-71.5377862809999,0
			-33.9925414189999,-71.5382764349999,0
			-33.9925201309999,-71.5383631089999,0
			-33.9924941369998,-71.538468955,0
			-33.992489479,-71.538487915,0
			-33.992430398,-71.5387330849999,0
			-33.992352388,-71.5390571289999,0
			-33.992340903,-71.5391048309999,0
			-33.9923364159998,-71.5391234699999,0
			-33.9922794079999,-71.5393602699999,0
			-33.992268134,-71.5394070959998,0
			-33.992199608,-71.5396917399999,0
			-33.9921721869999,-71.5398056339999,0
			-33.992147788,-71.539906973,0
			-33.9921335119999,-71.53996627,0
			-33.9920819789999,-71.5401803189999,0
			-33.9920001529999,-71.5405201949999,0
			-33.9919567219999,-71.5407005859999,0
			-33.9918397789999,-71.5411862989999,0
			-33.9918333069999,-71.5412131749999,0
			-33.9917110109999,-71.541721122,0
			-33.9916414319999,-71.5420101079999,0
			-33.991578385,-71.542271967,0
			-33.9915735029999,-71.542292248,0
			-33.9915281189999,-71.5424807409998,0
			-33.9915182139999,-71.542521882,0
			-33.9914562139999,-71.542779368,0
			-33.9914369739998,-71.542859284,0
			-33.9913576739999,-71.5431886279999,0
			-33.9913110839999,-71.5433821199998,0
			-33.9912501589999,-71.5436395629999,0
			-33.991245405,-71.543659648,0
			-33.9912225849999,-71.5437575299999,0
			-33.9912042879999,-71.543836018,0
			-33.9911563479999,-71.544041653,0
			-33.9910010079999,-71.5447079419998,0
			-33.990998651,-71.544718055,0
			-33.990856729,-71.5453268109999,0
			-33.9907424119999,-71.545817139,0
			-33.9907250629999,-71.545891554,0
			-33.9906756359998,-71.5461035479999,0
			-33.990638884,-71.546258426,0
			-33.990631288,-71.546288595,0
			-33.9906232409999,-71.5463205379999,0
			-33.9906149129999,-71.546351838,0
			-33.9905973129999,-71.5464137439998,0
			-33.9905788729999,-71.5464751659999,0
			-33.9905630479999,-71.5465258089999,0
			-33.9905579049999,-71.5465422659999,0
			-33.9905261549999,-71.5466961929999,0
			-33.990501335,-71.5468165269999,0
			-33.9904934069999,-71.5468549709999,0
			-33.9903995189999,-71.5472307649999,0
			-33.9903969469999,-71.54724106,0
			-33.990343251,-71.5474282419999,0
			-33.990250929,-71.547750083,0
			-33.9902112479999,-71.5478884119999,0
			-33.99014404,-71.5481121619999,0
			-33.9901079189999,-71.5482324129999,0
			-33.990076614,-71.5483366359999,0
			-33.9900430389999,-71.5484484149999,0
			-33.9900114479999,-71.548553585,0
			-33.989905726,-71.54890555,0
			-33.9898484429999,-71.5490962629999,0
			-33.989774825,-71.5493413469999,0
			-33.9897048509999,-71.5495743039999,0
			-33.9895293379999,-71.550095528,0
			-33.989387184,-71.5505176789999,0
			-33.9893255139999,-71.550615626,0
			-33.989289823,-71.5507441159999,0
			-33.9892739339999,-71.550819587,0
			-33.9892327169999,-71.5510153759999,0
			-33.989232715,-71.5511430549999,0
			-33.9892327169999,-71.5511938329999,0
			-33.9892327169999,-71.5515007859999,0
			-33.9892327169999,-71.5516791649999,0
			-33.989232715,-71.5517220739999,0
			-33.9892398539999,-71.5518362889999,0
			-33.9891684689999,-71.5519290879999,0
			-33.989065244,-71.5520356819999,0
			-33.9891110049999,-71.552036904,0
			-33.989165843,-71.5520383699999,0
			-33.9892160179999,-71.5520412829999,0
			-33.9892534419999,-71.552044603,0
			-33.9893028319999,-71.5520514439999,0
			-33.9893392419999,-71.5520594549999,0
			-33.9893492549999,-71.552062641,0
			-33.989359266,-71.552065828,0
			-33.9893910089999,-71.5520789779999,0
			-33.9894156259999,-71.552091565,0
			-33.989438568,-71.5521052339998,0
			-33.9894611359999,-71.5521200519999,0
			-33.9894834429999,-71.5521356949999,0
			-33.9895275599999,-71.5521685049999,0
			-33.9895454999999,-71.5521823169999,0
			-33.9895727439999,-71.55220329,0
			-33.989590208,-71.552216737,0
			-33.9896388689999,-71.5522541999998,0
			-33.98965917,-71.552269828,0
			-33.98970424,-71.5523029669999,0
			-33.989772452,-71.5523513929999,0
			-33.989817639,-71.5523822039999,0
			-33.989841274,-71.5523983209999,0
			-33.9898877209999,-71.552428085,0
			-33.989911246,-71.5524421369999,0
			-33.9899350699998,-71.5524553559999,0
			-33.9899445149999,-71.552460116,0
			-33.9899595949999,-71.5524677129999,0
			-33.9899844359999,-71.55247915,0
			-33.9900180029999,-71.552493189,0
			-33.990034806,-71.552499843,0
			-33.99006026,-71.5525091979999,0
			-33.990085875,-71.5525178409999,0
			-33.9901116569999,-71.552525648,0
			-33.9901376339999,-71.5525324119998,0
			-33.99018024,-71.5525410309999,0
			-33.9902067159999,-71.5525453699999,0
			-33.990334081,-71.5525629369999,0
			-33.9903664249999,-71.552567398,0
			-33.990392904,-71.552571873,0
			-33.9904191839999,-71.5525771009999,0
			-33.990453843,-71.552585853,0
			-33.9904869449999,-71.552596345,0
			-33.9905113779999,-71.5526052969999,0
			-33.990535644,-71.5526149509999,0
			-33.9905516329999,-71.5526220629999,0
			-33.9905955019998,-71.552641576,0
			-33.990642253,-71.552665382,0
			-33.990687097,-71.5526926059999,0
			-33.990724761,-71.5527219579999,0
			-33.9907579919999,-71.5527567629999,0
			-33.9907919409999,-71.552799523,0
			-33.9908163069999,-71.552833334,0
			-33.9908478859999,-71.552879806,0
			-33.990894151,-71.5529509919999,0
			-33.9909392069999,-71.5530234199999,0
			-33.991012526,-71.5531456589999,0
			-33.9910555819999,-71.553219735,0
			-33.9910834959998,-71.553269749,0
			-33.9911106059998,-71.5533207579999,0
			-33.9911772799999,-71.5534488909999,0
			-33.9912051699999,-71.553498734,0
			-33.9912275849999,-71.553534457,0
			-33.9912523829998,-71.5535690679999,0
			-33.9912705049999,-71.5535907789999,0
			-33.991294449,-71.5536156249999,0
			-33.9913126129999,-71.553631319,0
			-33.9913298569999,-71.55364622,0
			-33.9913726809999,-71.553678169,0
			-33.9914280689999,-71.5537152719999,0
			-33.9914732859999,-71.5537432999998,0
			-33.9915254279999,-71.5537779339999,0
			-33.991548187,-71.5537784039999,0
			-33.9915798349999,-71.5538002819999,0
			-33.991626653,-71.5538216559999,0
			-33.9917206189999,-71.5538634789999,0
			-33.9917787529999,-71.5538909169999,0
			-33.9918242649998,-71.5539150919998,0
			-33.9918672899999,-71.5539421989999,0
			-33.9919082239999,-71.553972715,0
			-33.9919456639999,-71.5540054479999,0
			-33.9919768559998,-71.5540371159999,0
			-33.99201792,-71.5540839519999,0
			-33.9920361079999,-71.5541062039999,0
			-33.992143391,-71.5542423479998,0
			-33.9921801379999,-71.5542863939999,0
			-33.9922086069999,-71.5543176039999,0
			-33.9922375679999,-71.554346978,0
			-33.9922774489999,-71.5543843389999,0
			-33.9923183409999,-71.554420136,0
			-33.9923618089999,-71.554455428,0
			-33.99240229,-71.5544860569999,0
			-33.9924465939999,-71.5545184179999,0
			-33.9925136289999,-71.554566001,0
			-33.9925813569999,-71.554612043,0
			-33.9926272709999,-71.5546407739999,0
			-33.9926586469999,-71.554658231,0
			-33.9926908329999,-71.554674131,0
			-33.9927152889999,-71.554685074,0
			-33.9927647439999,-71.5547052709999,0
			-33.992814664,-71.554723641,0
			-33.9928397469999,-71.5547320719999,0
			-33.992864906,-71.55473984,0
			-33.992890152,-71.5547467319999,0
			-33.9929155039999,-71.5547524329999,0
			-33.9929491249999,-71.554757307,0
			-33.9929838119999,-71.5547589569999,0
			-33.993010461,-71.5547582259999,0
			-33.9930371719999,-71.5547563259999,0
			-33.9930639249999,-71.5547535719999,0
			-33.993117464,-71.5547462989999,0
			-33.993144426,-71.554746537,0
			-33.99310782,-71.554785975,0
			-33.99290688,-71.5550024599999,0
			-33.9928207599999,-71.555095243,0
			-33.9925026979999,-71.555555651,0
			-33.9922461609999,-71.55606906,0
			-33.992230574,-71.556116171,0
			-33.9920607269999,-71.5566295519999,0
			-33.9918952189999,-71.5571905489999,0
			-33.991675948,-71.5577051539999,0
			-33.99139788,-71.558166747,0
			-33.991058574,-71.5585544129999,0
			-33.9906660139999,-71.558874691,0
			-33.990270714,-71.5591917779999,0
			-33.9899093129998,-71.5595514659999,0
			-33.9895753229999,-71.5599424699998,0
			-33.989305515,-71.5603865589999,0
			-33.9891553109999,-71.5609176679999,0
			-33.98902505,-71.561455666,0
			-33.988791514,-71.5619487139999,0
			-33.9884932809998,-71.562423945,0
			-33.9881456519999,-71.5627743599999,0
			-33.9876819339999,-71.56296134,0
			-33.987506273,-71.5631853629999,0
			-33.987133694,-71.5631834079999,0
			-33.986759471,-71.563933208,0
			-33.986816986,-71.5642244759999,0
			-33.986868941,-71.564517258,0
			-33.98691531,-71.564811402,0
			-33.986956063,-71.5651067519999,0
			-33.9869911869999,-71.5654031549998,0
			-33.9870206559999,-71.5657004499998,0
			-33.9870444599999,-71.565998484,0
			-33.9870455049999,-71.5661456239999,0
			-33.9870518079999,-71.5662925729999,0
			-33.9870633589999,-71.5664390579998,0
			-33.987080136,-71.5665848069999,0
			-33.9871021049999,-71.566729546,0
			-33.9890805439999,-71.5709025849999,0
			-33.989469905,-71.570366639,0
			-33.989492592,-71.570407087,0
			-33.990067788,-71.570057253,0
			-33.9912299769999,-71.5692830159999,0
			-33.9928535119999,-71.569008282,0
			-33.9930033749999,-71.5690240569999,0
			-33.9932306779999,-71.569047983,0
			-33.99391818,-71.5691203489999,0
			-33.9939715449999,-71.5691560659999,0
			-33.9941539149999,-71.569278082,0
			-33.9942388459999,-71.569334907,0
			-33.99458257,-71.5695648799999,0
			-33.9955460769999,-71.570049228,0
			-33.9961933589999,-71.5705676789999,0
			-33.996925936,-71.5713159759999,0
			-33.9973880669999,-71.5716363559999,0
			-33.9976875039998,-71.5721892119999,0
			-33.9983823979999,-71.5725849899999,0
			-33.998911785,-71.5733508649999,0
			-33.999104901,-71.574032473,0
			-33.9997912959999,-71.574833612,0
			-34.0003226209999,-71.57529134,0
			-34.001024667,-71.575345085,0
			-34.0013943389999,-71.574910035,0
			-34.0016759119999,-71.5743827569999,0
			-34.0021237999999,-71.5736581339999,0
			-34.0029003469999,-71.5731694609999,0
			-34.003949495,-71.5725783299999,0
			-34.0045543239999,-71.571888566,0
			-34.005045347,-71.571473813,0
			-34.005426943,-71.571954394,0
			-34.0054977509999,-71.5720435689998,0
			-34.0061609539999,-71.5724431309999,0
			-34.006949837,-71.5721325299999,0
			-34.0070563589999,-71.5720905899999,0
			-34.0075007679999,-71.5738995449999,0
			-34.007642382,-71.574455827,0
			-34.0077631519999,-71.57493024,0
			-34.0079369719999,-71.5754012089998,0
			-34.0080703089999,-71.575762492,0
			-34.0081291199999,-71.575924454,0
			-34.008330268,-71.576478391,0
			-34.0087479439999,-71.5767694799999,0
			-34.0093854469999,-71.5773195219999,0
			-34.0102092659999,-71.5782295929999,0
			-34.0104679819999,-71.5787110009999,0
			-34.0115127579999,-71.580655124,0
			-34.0115454099999,-71.5807158809998,0
			-34.0124303939999,-71.5808608059999,0
			-34.0132130479998,-71.580722825,0
			-34.0142706259999,-71.5803755239999,0
			-34.0151393689999,-71.580198292,0
			-34.0152666099999,-71.5801723329999,0
			-34.0153305169999,-71.5800534989999,0
			-34.015348736,-71.5800196179999,0
			-34.015585556,-71.5795792489999,0
			-34.016166644,-71.578308599,0
			-34.0168166719999,-71.577620328,0
			-34.017343231,-71.5770157599999,0
			-34.0177066219999,-71.5764508679999,0
			-34.0184746049999,-71.575722941,0
			-34.0188604349999,-71.575380448,0
			-34.0192734349999,-71.575149424,0
			-34.0192891629999,-71.5751406269999,0
			-34.019308441,-71.5751546259999,0
			-34.0196887659999,-71.5754308479999,0
			-34.020536326,-71.575642192,0
			-34.0211682999999,-71.575596279,0
			-34.022021869,-71.575735789,0
			-34.022251002,-71.5757229879999,0
			-34.0225678509999,-71.5757052839999,0
			-34.0237747899999,-71.5759762009999,0
			-34.0242789379999,-71.5762256089998,0
			-34.02527365,-71.577153692,0
			-34.0267145069999,-71.579159014,0
			-34.0270832329999,-71.5800610139999,0
			-34.0274722779999,-71.5802133019999,0
			-34.02898993,-71.5804938029999,0
			-34.0294898679999,-71.5815865329999,0
			-34.0300512419998,-71.581899114,0
			-34.0305739509998,-71.582979607,0
			-34.0310750459999,-71.5833699419999,0
			-34.031975148,-71.584295313,0
			-34.0326814869999,-71.5851230549999,0
			-34.0328990369999,-71.5853779989999,0
			-34.0333719979999,-71.58603443,0
			-34.0339650179999,-71.587109169,0
			-34.0340772119999,-71.5873125019999,0
			-34.0330400199999,-71.5871362229999,0
			-34.029398672,-71.5870749459999,0
			-34.028686121,-71.587057564,0
			-34.0282575079999,-71.5872592109999,0
			-34.027880108,-71.587676893,0
			-34.0274231279999,-71.5886958659999,0
			-34.0270206559999,-71.590306615,0
			-34.0265772989998,-71.592264885,0
			-34.0264182409999,-71.593453876,0
			-34.026178392,-71.5947610339999,0
			-34.0260501,-71.5951649329999,0
			-34.0258644679999,-71.595749357,0
			-34.025728084,-71.5960324759999,0
			-34.025306628,-71.596907372,0
			-34.0242868629999,-71.5975357649999,0
			-34.022861506,-71.5980585559999,0
			-34.021791032,-71.5985212859999,0
			-34.0213728369999,-71.598791652,0
			-34.0213615739999,-71.5988108649999,0
			-34.0207614249999,-71.5998346,0
			-34.019783294,-71.6015032509999,0
			-34.0193560389999,-71.6021978939999,0
			-34.0187596519999,-71.602533567,0
			-34.0177525519999,-71.6027858299999,0
			-34.0163375889998,-71.602813392,0
			-34.015569074,-71.602931471,0
			-34.014498509,-71.6033941009999,0
			-34.0137573659999,-71.603314703,0
			-34.0134027729999,-71.6031831689999,0
			-34.0129691659999,-71.603089398,0
			-34.0124343309999,-71.6030328899999,0
			-34.0119467769999,-71.603380106,0
			-34.0111788149999,-71.604308776,0
			-34.0101685549999,-71.605605601,0
			-34.009895661,-71.6063617149999,0
			-34.0097962589999,-71.6073643489999,0
			-34.0097969389999,-71.608383609,0
			-34.0095297679998,-71.609394672,0
			-34.009108758,-71.6102349139999,0
			-34.0079643249999,-71.6114028399999,0
			-34.0061614959999,-71.613045749,0
			-34.004135162,-71.6141157929999,0
			-34.003414936,-71.6147305,0
			-34.003113366,-71.6159159919999,0
			-34.003093446,-71.6159943009999,0
			-34.0029440429999,-71.6174755779999,0
			-34.0030009609999,-71.6201406289999,0
			-34.003003016,-71.6202368149999,0
			-34.0029656139999,-71.620504008,0
			-34.0029239759999,-71.6208014479999,0
			-34.002749659,-71.622046709,0
			-34.0024720859998,-71.623539985,0
			-34.002470607,-71.623593292,0
			-34.0024248059999,-71.6252426949999,0
			-34.00244495,-71.626095445,0
			-34.0024687069999,-71.627101089,0
			-34.002427547,-71.6276439769999,0
			-34.0023522779999,-71.6286367269999,0
			-34.0023956589999,-71.6299800859999,0
			-34.002423178,-71.6308323879999,0
			-34.0021658979999,-71.6326354589999,0
			-34.0018595459999,-71.6336406269999,0
			-34.001805573,-71.6338177179999,0
			-34.0018133369999,-71.633921361,0
			-34.0018750599999,-71.6347451839999,0
			-34.001666637,-71.6356103239999,0
			-34.001542561,-71.6357825009999,0
			-34.0014019749999,-71.635977591,0
			-34.0013311619999,-71.6366726459999,0
			-34.0013679419999,-71.637093383,0
			-34.0014028569999,-71.637492793,0
			-34.0013844529999,-71.6383504129999,0
			-34.001293039,-71.639571017,0
			-34.0008534329999,-71.640830937,0
			-34.0001319259999,-71.6418426839999,0
			-34.000063553,-71.64193856,0
			-33.99913915,-71.643820263,0
			-33.9977752029999,-71.6469617669999,0
			-33.9976523309999,-71.647477828,0
			-33.9972568279999,-71.6491389179999,0
			-33.9965962209999,-71.6524437419999,0
			-33.996464631,-71.6531617639999,0
			-33.9960408599999,-71.654167644,0
			-33.9959046039999,-71.655303053,0
			-33.9958030719999,-71.656385982,0
			-33.995763397,-71.658221586,0
			-33.9958804679999,-71.6590029419999,0
			-33.9959089789999,-71.659709538,0
			-33.99604224,-71.6601601289998,0
			-33.996183494,-71.6606377599999,0
			-33.9967807159999,-71.661270246,0
			-33.9972795849999,-71.6619561499999,0
			-33.9975509,-71.6628028999999,0
			-33.9977624579999,-71.6632718869998,0
			-33.9978606099999,-71.663489474,0
			-33.9979442159998,-71.6642697199999,0
			-33.9979776239999,-71.6647044759999,0
			-33.9979957509999,-71.6649403719999,0
			-33.998005161,-71.6650628259999,0
			-33.9979572049999,-71.665731668,0
			-33.9973442179999,-71.6669000539998,0
			-33.9968993639999,-71.6671332629999,0
			-33.9964082829999,-71.667117906,0
			-33.9954141699999,-71.667127072,0
			-33.9947516179999,-71.6668896539999,0
			-33.9938820719999,-71.6662257579999,0
			-33.99294144,-71.666125601,0
			-33.9914646179999,-71.6662917929999,0
			-33.990632502,-71.666619457,0
			-33.990147618,-71.6672409779999,0
			-33.98937125,-71.6677118729999,0
			-33.9886026239999,-71.667829427,0
			-33.9876665949999,-71.667517071,0
			-33.9873255659999,-71.6669405869999,0
			-33.9870930559999,-71.6667917329999,0
			-33.9863863929999,-71.666769646,0
			-33.985208647,-71.6667329229999,0
			-33.9837348939998,-71.6667575209999,0
			-33.982681065,-71.6664416929999,0
			-33.9815139739999,-71.6659100099999,0
			-33.9805778599999,-71.6655978789999,0
			-33.9795783279999,-71.665495917,0
			-33.9788702069999,-71.665544543,0
			-33.9778116319999,-71.66544074,0
			-33.977163935,-71.665420512,0
			-33.9768339639999,-71.665617907,0
			-33.9764891359999,-71.6661225349999,0
			-33.9762560689999,-71.666523829,0
			-33.9761275469999,-71.6670149969999,0
			-33.9759386729999,-71.6675749249999,0
			-33.9755156019999,-71.6680567939999,0
			-33.9747921429999,-71.6688122219999,0
			-33.9737711349999,-71.6696998079999,0
			-33.9733351259998,-71.6704200539999,0
			-33.972861622,-71.670873811,0
			-33.9726742649999,-71.6713631109999,0
			-33.9726173749999,-71.6719857699999,0
			-33.9725969439999,-71.6722093599999,0
			-33.9728032579999,-71.6735597419999,0
			-33.973121275,-71.675196399,0
			-33.973798229,-71.6766345939999,0
			-33.9741909679998,-71.677493377,0
			-33.974349181,-71.6783471149999,0
			-33.974345571,-71.6785094879999,0
			-33.9743217369999,-71.6796033989999,0
			-33.974313689,-71.6799728089999,0
			-33.9741542959999,-71.681877475,0
			-33.9738321439999,-71.683140636,0
			-33.9733394729999,-71.6841152999999,0
			-33.9728513499999,-71.684877973,0
			-33.972073457,-71.6854193089999,0
			-33.9717109049999,-71.685832319,0
			-33.971464522,-71.6863196309999,0
			-33.971449083,-71.6870264179998,0
			-33.9715529709999,-71.687666223,0
			-33.971807156,-71.6881129149999,0
			-33.9722907039999,-71.68896262,0
			-33.972393097,-71.6892808769999,0
			-33.972492697,-71.6895904579999,0
			-33.9725666239999,-71.6898200649999,0
			-33.972791597,-71.6901568179999,0
			-33.97319428,-71.6907593399999,0
			-33.973947376,-71.691348895,0
			-33.9745009059999,-71.691844513,0
			-33.9749299269999,-71.6922286509999,0
			-33.9752044809999,-71.692707828,0
			-33.9752851499999,-71.6928486229999,0
			-33.9753839759999,-71.693021104,0
			-33.9754800899999,-71.694014307,0
			-33.9754190389999,-71.694228853,0
			-33.975410719,-71.694258087,0
			-33.9751902289999,-71.695032722,0
			-33.975160842,-71.695135963,0
			-33.9746138319999,-71.695896725,0
			-33.9743085179999,-71.696382161,0
			-33.973818917,-71.6972154579999,0
			-33.9734363569999,-71.697774677,0
			-33.9733927089999,-71.6978386279999,0
			-33.972848713,-71.6984579759999,0
			-33.9723715089999,-71.6987258389999,0
			-33.9720049059999,-71.698907576,0
			-33.971835265,-71.698991829,0
			-33.9708263969999,-71.69931352,0
			-33.9695277879999,-71.6994139279999,0
			-33.9687592229999,-71.6995310049999,0
			-33.9682818709999,-71.699798842,0
			-33.9680912259999,-71.7004293209999,0
			-33.968023092,-71.7008515649999,0
			-33.968063284,-71.7017015409999,0
			-33.9681611929999,-71.7023817889999,0
			-33.9681655429999,-71.7024120169999,0
			-33.9682009039999,-71.7032462649999,0
			-33.968129887,-71.704037566,0
			-33.9681216769999,-71.704409471,0
			-33.9681146679999,-71.7047269729999,0
			-33.9681133789999,-71.704785353,0
			-33.968112279,-71.7048351799999,0
			-33.9681111629999,-71.7048856769999,0
			-33.968096288,-71.7055640279999,0
			-33.968093008,-71.705713623,0
			-33.968091913,-71.7057635359999,0
			-33.968089866,-71.705856938,0
			-33.9680879149999,-71.705945844,0
			-33.968121848,-71.7070784679999,0
			-33.9680429049999,-71.707658666,0
			-33.967911009,-71.7086277199999,0
			-33.9677709439999,-71.7093220429999,0
			-33.9677125349999,-71.709611587,0
			-33.9676568379999,-71.7097813229999,0
			-33.9676534539999,-71.709791635,0
			-33.9676459659999,-71.709814447,0
			-33.967350411,-71.7104317319999,0
			-33.9671400239999,-71.7108711399999,0
			-33.9669665539998,-71.7112334449999,0
			-33.9666469969999,-71.7116975769999,0
			-33.9666023559999,-71.7117618269999,0
			-33.966586064,-71.711780372,0
			-33.9664421169999,-71.7119442249999,0
			-33.9662202489999,-71.7119751129999,0
			-33.965999981,-71.7119301809999,0
			-33.9659848439999,-71.711914844,0
			-33.9659703699999,-71.7119001769999,0
			-33.965850894,-71.7117799329999,0
			-33.9656493339999,-71.7116237789999,0
			-33.9655891099998,-71.71157777,0
			-33.9655721389999,-71.711564804,0
			-33.9655346099999,-71.7115361319999,0
			-33.965131581,-71.711181913,0
			-33.964851551,-71.7109834349999,0
			-33.9646886789999,-71.7109041769999,0
			-33.9646443129999,-71.7108825879999,0
			-33.9645929539999,-71.7108575949999,0
			-33.9644432809999,-71.710784759,0
			-33.964351178,-71.7107399379999,0
			-33.9640754989998,-71.7105926929999,0
			-33.9638984769999,-71.710498139,0
			-33.9638799809999,-71.710488261,0
			-33.9638608859999,-71.7104780609999,0
			-33.9634162569999,-71.7101413249999,0
			-33.9613996649999,-71.708427382,0
			-33.9611587539999,-71.7078888119999,0
			-33.9611292019999,-71.7078661959998,0
			-33.9608479429999,-71.7076513009999,0
			-33.960437316,-71.7076382819999,0
			-33.9600891009999,-71.7076651739999,0
			-33.9597083629999,-71.7078297079999,0
			-33.9587808439999,-71.708230532,0
			-33.958602523,-71.7083225219998,0
			-33.9575340859998,-71.708873691,0
			-33.955833199,-71.7093575629999,0
			-33.9557379119999,-71.709384669,0
			-33.955435052,-71.7094708279999,0
			-33.9553778079999,-71.7094928509999,0
			-33.955323407,-71.7095137809999,0
			-33.9553098059998,-71.709519014,0
			-33.9552231419999,-71.709552356,0
			-33.954797475,-71.7097161189999,0
			-33.954577273,-71.7098513459999,0
			-33.9545634799999,-71.7098598169999,0
			-33.9545536479999,-71.709865856,0
			-33.9543096659999,-71.710015687,0
			-33.954204671,-71.7100510089999,0
			-33.954155188,-71.710110551,0
			-33.9540926939999,-71.7101489299999,0
			-33.9538987139999,-71.7103028609999,0
			-33.9538319759999,-71.7103558199998,0
			-33.9538065749999,-71.7103759769999,0
			-33.953748409,-71.7104221339998,0
			-33.953449344,-71.7106594539999,0
			-33.9526507189999,-71.7110092669999,0
			-33.952077,-71.711261001,0
			-33.951670415,-71.7115044779999,0
			-33.9515606659999,-71.711570314,0
			-33.9514754099998,-71.7116214569999,0
			-33.9513078189999,-71.7117219909998,0
			-33.9512300779999,-71.7117686259999,0
			-33.950648417,-71.7121175479999,0
			-33.9506285379999,-71.712130781,0
			-33.9501427129999,-71.7125677759999,0
			-33.9499337349999,-71.7125758799999,0
			-33.949739861,-71.7126275639999,0
			-33.9492892929999,-71.7127208329999,0
			-33.949104787,-71.7127590269999,0
			-33.9487847899999,-71.712961862,0
			-33.9486285719999,-71.7130608809999,0
			-33.9485919519999,-71.7130840939999,0
			-33.948397491,-71.7133053999999,0
			-33.9482602759998,-71.713794107,0
			-33.9482792489999,-71.714363539,0
			-33.948317119,-71.714443988,0
			-33.948324065,-71.7144587449999,0
			-33.9483303619999,-71.71447212,0
			-33.9483352079999,-71.714482415,0
			-33.9483396359999,-71.7144918239999,0
			-33.9475917299999,-71.714418439,0
			-33.9473082769999,-71.714294942,0
			-33.9469758149999,-71.714227047,0
			-33.946593153,-71.714272137,0
			-33.946211822,-71.7142601119999,0
			-33.945929559,-71.7140794119999,0
			-33.945743905,-71.713844536,0
			-33.945610975,-71.7133823579999,0
			-33.9454278449999,-71.7130330759999,0
			-33.9449549509999,-71.7128463299999,0
			-33.9445258749999,-71.712832708,0
			-33.9442410839999,-71.712766421,0
			-33.943957627,-71.712643025,0
			-33.94382217,-71.7122952649999,0
			-33.943639037,-71.711945993,0
			-33.9435023149999,-71.7116554369998,0
			-33.9433217,-71.7111917619998,0
			-33.9430908839998,-71.7108410689999,0
			-33.9429040369999,-71.7106634149999,0
			-33.9426205039999,-71.710540022,0
			-33.942239177,-71.7105278399999,0
			-33.9419517889999,-71.7105760549999,0
			-33.941664552,-71.7106240989999,0
			-33.9414274379999,-71.710559335,0
			-33.9411979559999,-71.7101513659999,0
			-33.941205441,-71.7098082429999,0
			-33.9411628029999,-71.709577924,0
			-33.9410286699999,-71.7091729809999,0
			-33.9407552129999,-71.7085918959999,0
			-33.940572064,-71.7082427339999,0
			-33.9405294259999,-71.7080124169999,0
			-33.940634847,-71.707557827,0
			-33.9408330999999,-71.707220747,0
			-33.940981161,-71.706996469,0
			-33.9409911539999,-71.706538854,0
			-33.940903427,-71.7061926259999,0
			-33.940672595,-71.7058419569998,0
			-33.9406374989999,-71.7052684319999,0
			-33.9406939789999,-71.704869529,0
			-33.940658877,-71.7042960929999,0
			-33.9405271649998,-71.7037767529999,0
			-33.940340232,-71.7035992029999,0
			-33.9398221599999,-71.7032966119999,0
			-33.9396352269998,-71.703118977,0
			-33.9392550789999,-71.7030497119999,0
			-33.939017957,-71.702984972,0
			-33.9387871919999,-71.7026342349999,0
			-33.9383631369999,-71.7023918649999,0
			-33.9382252089999,-71.7021585469999,0
			-33.9381360629999,-71.701869618,0
			-33.937901454,-71.7016904829999,0
			-33.937616728,-71.7016242429999,0
			-33.9373759119999,-71.70173102,0
			-33.9371813669999,-71.7018966789999,0
			-33.9368489679999,-71.7018289329999,0
			-33.9364738409999,-71.7015308819999,0
			-33.936099972,-71.7011756339999,0
			-33.9357725199999,-71.700879097,0
			-33.9355379809999,-71.7006999739999,0
			-33.935305876,-71.700406539,0
			-33.935118941,-71.7002288309999,0
			-33.934886837,-71.6999354009999,0
			-33.9346535529999,-71.6996990819999,0
			-33.9343712609999,-71.6995185439999,0
			-33.9341843249999,-71.6993408399999,0
			-33.933950962,-71.6991046139999,0
			-33.9337653499999,-71.6988698059999,0
			-33.9334015049999,-71.6980570039999,0
			-33.93321958,-71.697650697,0
			-33.9331781719999,-71.697363207,0
			-33.933139275,-71.6969613229999,0
			-33.9331455399999,-71.6966754259999,0
			-33.9331493,-71.6965038339999,0
			-33.9333951259999,-71.6961681689999,0
			-33.9335896639998,-71.6960025939999,0
			-33.9336410989998,-71.695832507,0
			-33.9334566589999,-71.6955405949999,0
			-33.9331229279999,-71.695529982,0
			-33.9328820419999,-71.695636948,0
			-33.9327477849999,-71.6952319719999,0
			-33.9328983279999,-71.6948933889999,0
			-33.9329522649999,-71.6946089949999,0
			-33.9329134329998,-71.6942070269999,0
			-33.9325833839999,-71.6940249189999,0
			-33.932249724,-71.6940144919998,0
			-33.9318720739999,-71.6938307979999,0
			-33.9315409169999,-71.693705979,0
			-33.9310654079999,-71.693633764,0
			-33.930638831,-71.693505855,0
			-33.930307601,-71.6933809489999,0
			-33.9299751939999,-71.6933132449999,0
			-33.9295561939999,-71.6928422599999,0
			-33.9292776499999,-71.6924899959999,0
			-33.928670371,-71.6918986259999,0
			-33.9284859219999,-71.6916067389998,0
			-33.928201192,-71.6915404539999,0
			-33.9280437049999,-71.691106249,0
			-33.9278655059999,-71.690528397,0
			-33.9277789069999,-71.6901250399999,0
			-33.9277864069999,-71.6897818769999,0
			-33.9277951549999,-71.6893816109999,0
			-33.9277562289999,-71.6889797549999,0
			-33.9276683719999,-71.6886336809999,0
			-33.9275353409999,-71.688171637,0
			-33.927399882,-71.687823981,0
			-33.927408552,-71.6874236219999,0
			-33.9274172939998,-71.6870232669999,0
			-33.92742978,-71.68645142,0
			-33.9273933389999,-71.685935179,0
			-33.927208873,-71.68564331,0
			-33.926975558,-71.685407052,0
			-33.926693245,-71.6852264889999,0
			-33.9264598529999,-71.6849902309999,0
			-33.9262804519999,-71.6844695099999,0
			-33.9258625899999,-71.6839413929999,0
			-33.925488661,-71.683586267,0
			-33.9252126519999,-71.6831198419999,0
			-33.9250356589999,-71.6824847459999,0
			-33.9250029419998,-71.681796944,0
			-33.924867317,-71.681449302,0
			-33.9246916339999,-71.680757108,0
			-33.924414293,-71.680347887,0
			-33.9241420079998,-71.6797098129999,0
			-33.9240051309999,-71.679419372,0
			-33.923722878,-71.6792389239999,0
			-33.9235383989999,-71.6789469039999,0
			-33.9233099699999,-71.6784820849999,0
			-33.923227062,-71.677907185,0
			-33.9230977209999,-71.6772736039999,0
			-33.92273255,-71.6765182719999,0
			-33.9225028729999,-71.676110477,0
			-33.9222255179999,-71.6757011919999,0
			-33.9219494029999,-71.6752348049999,0
			-33.9217173059999,-71.674941398,0
			-33.9215365429999,-71.674477914,0
			-33.9209810309999,-71.672600694,0
			-33.9207612719999,-71.671735487,0
			-33.9205439889998,-71.6707558139999,0
			-33.920327936,-71.6697190469999,0
			-33.9201521129999,-71.6690269069999,0
			-33.9182241819999,-71.6655333039999,0
			-33.9160163349999,-71.661745109,0
			-33.909794978,-71.6515957169999,0
			-33.9010181039999,-71.6371066119999,0
			-33.8994424799999,-71.6349412049999,0
			-33.8963582499999,-71.6296974579999,0
			-33.8903063619999,-71.6193004789999,0
			-33.8834247259999,-71.6086222749999,0
			-33.8763974209999,-71.5968832579999,0
			-33.870258469,-71.5870888679999,0
			-33.8668807759999,-71.5808069339999,0
			-33.8670955949999,-71.5801843529998,0
			-33.867484055,-71.579522552,0
			-33.8677948499999,-71.5789930699999,0
			-33.8681411119999,-71.578554428,0
			-33.8682016569999,-71.5784777159999,0
			-33.869217496,-71.577541529,0
			-33.8695787019998,-71.57712971,0
			-33.8698883069999,-71.576776717,0
			-33.870046896,-71.5764191819999,0
			-33.870406912,-71.5760676139999,0
			-33.8708146669999,-71.5758383339999,0
			-33.8713193099999,-71.5757931169999,0
			-33.8718264789999,-71.5756271179999,0
			-33.8721348189999,-71.575334459,0
			-33.8722405409999,-71.575096182,0
			-33.8723500499999,-71.5746766869999,0
			-33.872866121,-71.5740883339999,0
			-33.873480269,-71.5736236939999,0
			-33.8738414679999,-71.5732117489999,0
			-33.873802476,-71.5726670989998,0
			-33.8734174169999,-71.571810044,0
			-33.8729857889999,-71.5707706169999,0
			-33.8726937649998,-71.5702786799998,0
			-33.8725491199999,-71.5699724139999,0
			-33.8725112989999,-71.5693674239999,0
			-33.8724722919999,-71.568822693,0
			-33.8725868879999,-71.5681618849999,0
			-33.873002179,-71.5675703829999,0
			-33.8732614189999,-71.5672158349999,0
			-33.8733709009998,-71.5667964099999,0
			-33.8731770929999,-71.5664282889999,0
			-33.8729781819999,-71.5663015579999,0
			-33.8726799229999,-71.5661114689999,0
			-33.8724357739999,-71.5657418439999,0
			-33.8723917209999,-71.5654385969999,0
			-33.8724484169999,-71.5651383649999,0
			-33.872806999,-71.5648470809999,0
			-33.8729114459998,-71.5646690499998,0
			-33.872966886,-71.564429164,0
			-33.8728787719999,-71.5638226689999,0
			-33.8725364549999,-71.5633292489999,0
			-33.8721915439999,-71.5629566209999,0
			-33.871850476,-71.562402952,0
			-33.8716591659999,-71.5619140599999,0
			-33.871567276,-71.5614886189999,0
			-33.8715735489999,-71.561186968,0
			-33.8716276529999,-71.5610073409999,0
			-33.871982534,-71.5608971779999,0
			-33.872180124,-71.561084238,0
			-33.8725300579999,-71.5612155579999,0
			-33.872932771,-71.5612275059999,0
			-33.873291415,-71.5609362929999,0
			-33.8735002999999,-71.5605802159999,0
			-33.873521626,-71.559554283,0
			-33.8733881669999,-71.5587047999999,0
			-33.87309985,-71.5580319399999,0
			-33.872707169,-71.5575370409999,0
			-33.872410147,-71.5572866329999,0
			-33.8722729119999,-71.556618295,0
			-33.872278434,-71.556352303,0
			-33.8662115999999,-71.5564894569999,0
			-33.8608590559999,-71.5563298329999,0
			-33.85284945,-71.556358471,0
			-33.8433238689999,-71.556550074,0
			-33.818494614,-71.556969233,0
			-33.8117976729999,-71.5570668689999,0
			-33.8045400629998,-71.5567022939999,0
			-33.800079554,-71.556569568,0
			-33.7948490359999,-71.5565031379999,0
			-33.7888532879999,-71.556265373,0
			-33.784543957,-71.5560184519999,0
			-33.782861364,-71.555849732,0
			-33.780049893,-71.5551128119999,0
			-33.7750675389999,-71.5538365389999,0
			-33.773049011,-71.553123301,0
			-33.7729926939999,-71.553132153,0
			-33.772699916,-71.5529006869999,0
			-33.7724226099999,-71.552667291,0
			-33.7721888309999,-71.5526040189999,0
			-33.771954976,-71.5525408299999,0
			-33.771623593,-71.5526435799999,0
			-33.771294612,-71.5526338179999,0
			-33.770971529,-71.552342645,0
			-33.77064946,-71.551995259,0
			-33.7704203369999,-71.5517068789999,0
			-33.769957285,-71.551355314,0
			-33.769585944,-71.551119054,0
			-33.7691688179999,-71.550825107,0
			-33.7688456539999,-71.550534034,0
			-33.768659982,-71.550415862,0
			-33.7684789649999,-71.550072675,0
			-33.768391978,-71.549732274,0
			-33.768261466,-71.549221587,0
			-33.768079207,-71.548934698,0
			-33.767754951,-71.54869976,0
			-33.7673836019999,-71.5484635179999,0
			-33.7670626819999,-71.548059951,0
			-33.766738424,-71.5478250189999,0
			-33.7661882949999,-71.547133104,0
			-33.7658697689999,-71.546616866,0
			-33.7655513179999,-71.5461006369999,0
			-33.7651880929999,-71.545470511,0
			-33.765099859,-71.545186423,0
			-33.7648753619999,-71.5446730699999,0
			-33.7646507899999,-71.5441596299999,0
			-33.76451793,-71.5437615629999,0
			-33.764433175,-71.543308591,0
			-33.764345014,-71.5430244189999,0
			-33.7643095939999,-71.5424603319998,0
			-33.764227155,-71.5418947669999,0
			-33.7640530659999,-71.5412140139999,0
			-33.7639683739999,-71.5407611379999,0
			-33.764026986,-71.540199652,0
			-33.7640867499999,-71.5395820479999,0
			-33.764153386,-71.538626837,0
			-33.7641638079999,-71.5381204359999,0
			-33.764132998,-71.5373311649999,0
			-33.7641164139999,-71.5360364889999,0
			-33.764159971,-71.535972778,0
			-33.765066012,-71.5348827599999,0
			-33.7665824969999,-71.532752681,0
			-33.7675962579999,-71.5311954779999,0
			-33.7686997379999,-71.5300522779999,0
			-33.7696487229999,-71.5292572819999,0
			-33.770521173,-71.5286069159999,0
			-33.7712679339999,-71.5280998269999,0
			-33.7715634319999,-71.528049787,0
			-33.7721030819999,-71.5280656469999,0
			-33.7728929049999,-71.5278537859999,0
			-33.7740418339999,-71.526888163,0
			-33.7763958259999,-71.524605864,0
			-33.7774058859999,-71.5232247279999,0
			-33.778021064,-71.5219494359999,0
			-33.7783310519999,-71.521194265,0
			-33.7784423569999,-71.5205509889999,0
			-33.7782150849999,-71.5196624339999,0
			-33.777549845,-71.518584871,0
			-33.7758650909999,-71.516948239,0
			-33.775192561,-71.5162232279999,0
			-33.7746672879999,-71.5155023569999,0
			-33.7743358089999,-71.5149048769999,0
			-33.774104899,-71.5141927139999,0
			-33.7743562049999,-71.512701143,0
			-33.7743705669999,-71.5119960609999,0
			-33.774139637,-71.5112839029999,0
			-33.7739613049999,-71.5103969309999,0
			-33.7738260739999,-71.5098052019999,0
			-33.7737925259999,-71.5090400879999,0
			-33.7736165669999,-71.508035567,0
			-33.7734454509999,-71.506796113,0
			-33.773411881,-71.506031002,0
			-33.773129518,-71.5054349089999,0
			-33.772745323,-71.5050122919999,0
			-33.7721577679999,-71.5049363699999,0
			-33.771377593,-71.5046784909999,0
			-33.7707493749999,-71.5041899719999,0
			-33.7702789259999,-71.503176926,0
			-33.7700467509999,-71.502523601,0
			-33.7699281609999,-71.501109393,0
			-33.7698598329999,-71.4996379229999,0
			-33.769684984,-71.498574774,0
			-33.7696550059999,-71.4976334579999,0
			-33.7694753809999,-71.496805332,0
			-33.769445318,-71.4958639269998,0
			-33.7696174639999,-71.4946345079998,0
			-33.770272887,-71.4925667219999,0
			-33.77083985,-71.491231182,0
			-33.7711580279998,-71.4900647709999,0
			-33.7713696469999,-71.48930669,0
			-33.771677137,-71.488669003,0
			-33.7721819399999,-71.4879782959999,0
			-33.773425053,-71.4871912089999,0
			-33.774130864,-71.4862710319999,0
			-33.774645199,-71.4851102249999,0
			-33.775570933,-71.483020681,0
			-33.7766461849999,-71.4808178599999,0
			-33.7776114899999,-71.4791997199999,0
			-33.778509979,-71.478461436,0
			-33.7794503949999,-71.4780769899999,0
			-33.7811326629999,-71.4774199889999,0
			-33.7824679919999,-71.4769293449999,0
			-33.783486205,-71.4763413659999,0
			-33.784085508,-71.4758295,0
			-33.7844443799999,-71.475075596,0
			-33.784554277,-71.474490718,0
			-33.7847178969998,-71.4736723649999,0
			-33.7848261549999,-71.4728984609999,0
			-33.7848511299999,-71.472831453,0
			-33.7849593859999,-71.471748879,0
			-33.7852300309999,-71.470530986,0
			-33.7851759019999,-71.4696108009999,0
			-33.785338289,-71.46860942,0
			-33.7857442519999,-71.467364462,0
			-33.7861772809999,-71.4660112449999,0
			-33.7860960879999,-71.464387385,0
			-33.7857983829999,-71.4631965539999,0
			-33.7852300309999,-71.4624658179999,0
			-33.7845263569999,-71.4615997609999,0
			-33.7839463579999,-71.461051197,0
			-33.783672635,-71.46036689,0
			-33.783700987,-71.460175533,0
			-33.7840093339999,-71.4600124019999,0
			-33.78506077,-71.4589842159999,0
			-33.785470828,-71.4581140469999,0
			-33.7856811619999,-71.4574145399999,0
			-33.7859446699998,-71.4552761429999,0
			-33.7858566239999,-71.4550520769999,0
			-33.7859308469999,-71.4549950849999,0
			-33.7861258519999,-71.4540967189999,0
			-33.7865467249999,-71.4524631479999,0
			-33.7868727659999,-71.4505587019999,0
			-33.787069323,-71.44937936,0
			-33.7870941679999,-71.44818623,0
			-33.78685275,-71.4475702989999,0
			-33.787055723,-71.4470314309999,0
			-33.7871415879999,-71.4457863919999,0
			-33.7870395749999,-71.4450285809999,0
			-33.7870127909998,-71.4444554889999,0
			-33.7871415879999,-71.4435539089999,0
			-33.78718452,-71.4431031189999,0
			-33.787034255,-71.442630863,0
			-33.786798129,-71.4422659379999,0
			-33.7866693319999,-71.441922479,0
			-33.7866263989998,-71.441514619,0
			-33.786645123,-71.4410652139999,0
			-33.7867737079999,-71.440718991,0
			-33.7872373079999,-71.439615026,0
			-33.7875310119999,-71.4384181259999,0
			-33.787978525,-71.435271272,0
			-33.7881695899999,-71.434912766,0
			-33.7885544679999,-71.433869151,0
			-33.7886172519999,-71.43351727,0
			-33.788858462,-71.4334166989999,0
			-33.7889862709999,-71.4318971119999,0
			-33.78911794,-71.4287733039999,0
			-33.7886139359999,-71.4276675839999,0
			-33.788035641,-71.4269415469999,0
			-33.7880113799999,-71.426911087,0
			-33.7878956,-71.4267657259999,0
			-33.7873948779998,-71.4254922049999,0
			-33.786911666,-71.4224350759999,0
			-33.7868226419999,-71.4219017709999,0
			-33.7867391719999,-71.4214017229999,0
			-33.7865547299999,-71.4209767389999,0
			-33.785627792,-71.4199851299999,0
			-33.785373281,-71.4195581769999,0
			-33.784894107,-71.4180754509999,0
			-33.784819209,-71.4176671629999,0
			-33.7847199359999,-71.4171260409999,0
			-33.7846297199999,-71.4164644689999,0
			-33.784613108,-71.4163426659999,0
			-33.7844900709999,-71.415440452,0
			-33.784478243,-71.415360746,0
			-33.7842388889999,-71.4137479129998,0
			-33.7841804029999,-71.4133538389999,0
			-33.78415358,-71.4129333039999,0
			-33.7842832979999,-71.4116776,0
			-33.7845074409999,-71.4109702559999,0
			-33.785032639,-71.410103436,0
			-33.7851817879999,-71.4096458509999,0
			-33.785177796,-71.408953094,0
			-33.7849933109999,-71.408528138,0
			-33.7848222439999,-71.408313452,0
			-33.784527332,-71.408158272,0
			-33.7841770009999,-71.4081484609999,0
			-33.783277928,-71.4084171229999,0
			-33.7824167069999,-71.40879003,0
			-33.7817755089998,-71.4090676619999,0
			-33.7811096939999,-71.4091484429999,0
			-33.78079172,-71.4091870199999,0
			-33.780714384,-71.4091848529999,0
			-33.7802136779999,-71.4091708289999,0
			-33.7783618489999,-71.4088671019999,0
			-33.7776195619999,-71.408534839,0
			-33.776780371,-71.4081592109999,0
			-33.776268339,-71.4079300229999,0
			-33.7762934589999,-71.407851072,0
			-33.7761283429999,-71.4077316299999,0
			-33.7759662649999,-71.407606308,0
			-33.7758073689999,-71.407475216,0
			-33.775651798,-71.4073384739999,0
			-33.775499694,-71.407196203,0
			-33.7753511889999,-71.4070485289998,0
			-33.7752064159999,-71.406895584,0
			-33.7750655059999,-71.4067375039999,0
			-33.774928582,-71.40657443,0
			-33.774795769,-71.4064065099999,0
			-33.7746671839998,-71.40623389,0
			-33.7745429429999,-71.4060567289999,0
			-33.7744231569999,-71.4058751829999,0
			-33.774307931,-71.4056894109999,0
			-33.7741973679999,-71.4054995809998,0
			-33.7740915699999,-71.405305864,0
			-33.7739906269999,-71.405108431,0
			-33.773894631,-71.404907458,0
			-33.7726424479999,-71.402983735,0
			-33.7713923879999,-71.4010579979999,0
			-33.771125331,-71.4008593799999,0
			-33.7708554989999,-71.400666261,0
			-33.770582971,-71.4004786989999,0
			-33.7703078259999,-71.4002967469999,0
			-33.7700301469999,-71.4001204589999,0
			-33.7697500099999,-71.399949885,0
			-33.7694674959999,-71.3997850769999,0
			-33.769182691,-71.3996260769999,0
			-33.768895674,-71.399472938,0
			-33.7686065299999,-71.3993257019999,0
			-33.7683153449999,-71.3991844079999,0
			-33.7670390639999,-71.3970878419999,0
			-33.7669652519999,-71.396991887,0
			-33.766895781,-71.3968913479998,0
			-33.7668308519998,-71.3967865119999,0
			-33.7667706459999,-71.3966776719999,0
			-33.7667153309999,-71.3965651369999,0
			-33.766665065,-71.3964492269998,0
			-33.766619991,-71.3963302659999,0
			-33.766580238,-71.396208594,0
			-33.766545912,-71.3960845509999,0
			-33.7665171159999,-71.395958491,0
			-33.7664939309999,-71.3958307659999,0
			-33.7664764189999,-71.395701741,0
			-33.7664646319999,-71.395571777,0
			-33.7664586029999,-71.3954412459999,0
			-33.7664583499998,-71.3953105109999,0
			-33.7664638699999,-71.395179946,0
			-33.76647515,-71.395049919,0
			-33.7664921589999,-71.394920796,0
			-33.766514849,-71.3947929439999,0
			-33.766543154,-71.394666722,0
			-33.7665769939999,-71.394542487,0
			-33.7666162749999,-71.3944205909999,0
			-33.766660885,-71.394301379,0
			-33.7667106989999,-71.3941851859999,0
			-33.7667655729999,-71.394072341,0
			-33.7668253569999,-71.3939631629999,0
			-33.7668898779999,-71.3938579639999,0
			-33.7669589559999,-71.3937570349999,0
			-33.767506822,-71.3932128429998,0
			-33.767432663,-71.3930737969999,0
			-33.767294283,-71.3925202729999,0
			-33.7674382509999,-71.39205638,0
			-33.767470924,-71.3919511,0
			-33.7675433689999,-71.3917176669999,0
			-33.7675391339999,-71.3915651959999,0
			-33.7676329099999,-71.3910346429999,0
			-33.7676598979999,-71.389641775,0
			-33.7677073309999,-71.3885281989998,0
			-33.767852165,-71.3877270149999,0
			-33.7678346999999,-71.387292961,0
			-33.7674032739999,-71.3861970679999,0
			-33.76599872,-71.3839283709999,0
			-33.765393849,-71.383106428,0
			-33.7652501019999,-71.382514047,0
			-33.7652308269999,-71.382172861,0
			-33.7652914949999,-71.3817100119999,0
			-33.76595134,-71.3796843409999,0
			-33.76601041,-71.3786330359998,0
			-33.7659530469999,-71.3777379799999,0
			-33.7659409239999,-71.3775488319999,0
			-33.7661048479999,-71.3773470769999,0
			-33.7661831889999,-71.3768557369999,0
			-33.7661288449999,-71.3760949169999,0
			-33.7658050979999,-71.3755913909999,0
			-33.76531368,-71.3751710609999,0
			-33.7645528569999,-71.3744645849999,0
			-33.7639923159999,-71.37377861,0
			-33.7636782929999,-71.3731933829999,0
			-33.7635070059999,-71.3726081539999,0
			-33.7633029379999,-71.3714756479999,0
			-33.7631399059999,-71.3704974479999,0
			-33.763139904,-71.369682283,0
			-33.762868183,-71.3688671179999,0
			-33.7623247409999,-71.368541051,0
			-33.7616182639999,-71.36826933,0
			-33.7610204759999,-71.3671280999999,0
			-33.7607487549999,-71.366041212,0
			-33.760477032,-71.3650086699999,0
			-33.7598792439999,-71.363921784,0
			-33.759412915,-71.3631452669999,0
			-33.75904808,-71.3628108349999,0
			-33.7583488149999,-71.3624003959999,0
			-33.7583147999999,-71.362388385,0
			-33.7575343949999,-71.3621128179998,0
			-33.7567364679999,-71.3622055989999,0
			-33.7558577629999,-71.362128422,0
			-33.7550849469999,-71.3616489069999,0
			-33.7544448099999,-71.3609871899999,0
			-33.7532492359999,-71.3600089899999,0
			-33.7519618499999,-71.359364032,0
			-33.7506518509999,-71.359204033,0
			-33.7499999619999,-71.3592113719999,0
			-33.748684903,-71.3592261829999,0
			-33.747588559,-71.359202398,0
			-33.746750392,-71.3590717879999,0
			-33.7467284519999,-71.3592488219999,0
			-33.7466691769999,-71.3597761109999,0
			-33.7466568209999,-71.3604221929999,0
			-33.7466445329998,-71.3610682769999,0
			-33.7467358979999,-71.3614234779999,0
			-33.7467792959999,-71.36171848,0
			-33.7469175799999,-71.36219239,0
			-33.7468572419999,-71.3627784459999,0
			-33.7465994799999,-71.3634177919999,0
			-33.7463486169999,-71.363704718,0
			-33.7461990859999,-71.3638182079999,0
			-33.7459470219999,-71.3641638919999,0
			-33.745844335,-71.3643961739999,0
			-33.7458387809999,-71.364689829,0
			-33.745878795,-71.36516104,0
			-33.746113978,-71.3656963189999,0
			-33.746203151,-71.3661689699999,0
			-33.7461907589999,-71.366815044,0
			-33.7461862519999,-71.367050021,0
			-33.7461337779999,-71.367224881,0
			-33.74603116,-71.367457159,0
			-33.745635266,-71.36762249,0
			-33.7453397329999,-71.3676731609999,0
			-33.7451423869999,-71.3677264419999,0
			-33.744798814,-71.3677169969999,0
			-33.7444999729999,-71.3679439639999,0
			-33.7442968449999,-71.368290889,0
			-33.744238878,-71.3687594849999,0
			-33.7442342969999,-71.3689943629999,0
			-33.7442264009999,-71.3694055409998,0
			-33.7441146819999,-71.3701076599999,0
			-33.743718857,-71.3702730659999,0
			-33.7432761209999,-71.370319588,0
			-33.742923596,-71.370780066,0
			-33.74281646,-71.371247211,0
			-33.7428074289999,-71.3717171449999,0
			-33.7428474889999,-71.3721883399999,0
			-33.7429398799999,-71.3724846819999,0
			-33.743183008,-71.3726088819999,0
			-33.7435710039999,-71.3728546619999,0
			-33.7439613339999,-71.372982921,0
			-33.7441028889999,-71.373280623,0
			-33.744339087,-71.3737573219999,0
			-33.7444784539999,-71.374172559,0
			-33.7444694129999,-71.3746423239999,0
			-33.7443120359999,-71.3751669669999,0
			-33.7434884809998,-71.3771423179999,0
			-33.7431783099999,-71.3779563529999,0
			-33.742917076,-71.378771915,0
			-33.7427083999999,-71.379412537,0
			-33.7424025989999,-71.379991767,0
			-33.7421459569999,-71.380572263,0
			-33.742135759,-71.3811008639999,0
			-33.742130092,-71.381394589,0
			-33.7418300209999,-71.381680085,0
			-33.7416337289998,-71.381674657,0
			-33.7413838829999,-71.3819028349998,0
			-33.741030187,-71.3824218399999,0
			-33.7409675609999,-71.3831252739999,0
			-33.7405546309999,-71.384171593,0
			-33.740099334,-71.384864147,0
			-33.7398449419999,-71.3853271799999,0
			-33.7396897949998,-71.385734253,0
			-33.7395301769999,-71.3863761939999,0
			-33.739420708,-71.386960818,0
			-33.739357909,-71.3876642299999,0
			-33.739344344,-71.388369005,0
			-33.7391834269999,-71.3890696939999,0
			-33.7389267479999,-71.38965014,0
			-33.738477184,-71.3900490309999,0
			-33.7379796669999,-71.390387797,0
			-33.7376773739999,-71.390790769,0
			-33.7374731179999,-71.391196371,0
			-33.737465152,-71.391607505,0
			-33.7373111229999,-71.3919557969999,0
			-33.73701217,-71.392182481,0
			-33.7366686779999,-71.3921729439999,0
			-33.7363275369999,-71.3920459779999,0
			-33.7361335219999,-71.391923009,0
			-33.735743288,-71.3917947739999,0
			-33.7354979069999,-71.391787871,0
			-33.7351522119999,-71.3918957609999,0
			-33.7348110679999,-71.39176889,0
			-33.7345200849999,-71.3915844459999,0
			-33.73433062,-71.391226628,0
			-33.7341434289999,-71.3907513899999,0
			-33.7338547169999,-71.3904496139999,0
			-33.7335385769999,-71.3902939149999,0
			-33.733098185,-71.3902229979999,0
			-33.73275583,-71.3901547119999,0
			-33.7324124149999,-71.3901451859999,0
			-33.7321179389999,-71.390137016,0
			-33.731529209,-71.3901206849999,0
			-33.730841089,-71.390160293,0
			-33.728970886,-71.390402163,0
			-33.7285248089999,-71.390624838,0
			-33.7281253989999,-71.390966288,0
			-33.727770528,-71.391544016,0
			-33.7275149769999,-71.3920657149999,0
			-33.7273061659999,-71.3927061879999,0
			-33.7272913649999,-71.3934695229999,0
			-33.7271282929999,-71.394287613,0
			-33.7268247809999,-71.3947491829999,0
			-33.726326112,-71.3951466299999,0
			-33.725830861,-71.3953678199999,0
			-33.725484025,-71.3955345259999,0
			-33.7249899139999,-71.39569705,0
			-33.724547174,-71.395743436,0
			-33.7241055729999,-71.3957312479999,0
			-33.723568144,-71.395598746,0
			-33.7231755599999,-71.395587833,0
			-33.7226358509998,-71.395572832,0
			-33.721667156,-71.3961627899999,0
			-33.7213681969999,-71.396389508,0
			-33.7208238529999,-71.3966093149999,0
			-33.720524967,-71.3968360329999,0
			-33.7199737809999,-71.397408227,0
			-33.7194728269999,-71.3979229459998,0
			-33.7190689109999,-71.3984992269999,0
			-33.7188624229999,-71.399022217,0
			-33.7188509379999,-71.399609324,0
			-33.7188920379999,-71.4000217369999,0
			-33.71902211,-71.4009065889999,0
			-33.718858918,-71.401724579,0
			-33.7187448139999,-71.4025438479999,0
			-33.718589541,-71.4029506969999,0
			-33.7181856029999,-71.403526949,0
			-33.7174850489999,-71.4042123849999,0
			-33.716887029,-71.4046656529999,0
			-33.716091649,-71.4051721849999,0
			-33.715496059,-71.4055080459999,0
			-33.7149893509999,-71.4063163169999,0
			-33.7146356339999,-71.4068351559999,0
			-33.714576241,-71.407362206,0
			-33.7146126609998,-71.408009391,0
			-33.714701678,-71.4084819029999,0
			-33.7146867829998,-71.409245207,0
			-33.7144756709999,-71.4100029369999,0
			-33.7142199729999,-71.4105244969999,0
			-33.713817149,-71.4110419369999,0
			-33.7135158719999,-71.411385891,0
			-33.7129201929999,-71.411721784,0
			-33.7125207339998,-71.412062986,0
			-33.7123141929999,-71.412585903,0
			-33.7122114199999,-71.412818031,0
			-33.711806291,-71.4134529309999,0
			-33.7113806689999,-71.41388159,0
			-33.711033737,-71.4140481059999,0
			-33.710684584,-71.4143319269999,0
			-33.71037985,-71.4148521659999,0
			-33.710072748,-71.4154897,0
			-33.709820548,-71.4158350879999,0
			-33.7095626049999,-71.416473991,0
			-33.70915516,-71.4172262449999,0
			-33.7089485249999,-71.417749124,0
			-33.7087476359999,-71.4179783979999,0
			-33.708344782,-71.4184957709999,0
			-33.7082374,-71.418962745,0
			-33.708281961,-71.4191989889999,0
			-33.7084747259999,-71.4193805329999,0
			-33.7087096779999,-71.4199157949999,0
			-33.708653754,-71.420266672,0
			-33.7084505609999,-71.4206134149999,0
			-33.708255497,-71.4205491699999,0
			-33.7080101909999,-71.420542284,0
			-33.7076677829999,-71.4204739039999,0
			-33.7072798829999,-71.4202281119999,0
			-33.7068394419999,-71.420156983,0
			-33.7064001479999,-71.420027206,0
			-33.7057133229999,-71.420007932,0
			-33.7053172189999,-71.4201731219999,0
			-33.704667904,-71.42074214,0
			-33.703925007,-71.421073802,0
			-33.703529051,-71.421238812,0
			-33.7030805489999,-71.4215787349999,0
			-33.7025350919999,-71.421857077,0
			-33.7019428459999,-71.4220166579999,0
			-33.7014019929999,-71.422060234,0
			-33.7011497049999,-71.4224054769999,0
			-33.7011416399999,-71.4228165209998,0
			-33.7010821839999,-71.4233433889999,0
			-33.7008299649999,-71.4236887179999,0
			-33.700531036,-71.4239152,0
			-33.7001338489999,-71.4241390109999,0
			-33.6995416009999,-71.4242985719999,0
			-33.6986777359999,-71.424538598,0
			-33.6982349889999,-71.4245849169999,0
			-33.697597184,-71.4245669909999,0
			-33.6972069849999,-71.424438586,0
			-33.6965212399999,-71.424360554,0
			-33.696034014,-71.424170665,0
			-33.6954977719999,-71.4239794,0
			-33.6950572549999,-71.423908352,0
			-33.6944206009999,-71.423831616,0
			-33.6938808269999,-71.42381654,0
			-33.6930502599999,-71.423617017,0
			-33.6927593199999,-71.4234326539998,0
			-33.6923200319999,-71.423302798,0
			-33.691738076,-71.4229340749999,0
			-33.6913502529999,-71.4226883269999,0
			-33.6909121159999,-71.42249975,0
			-33.6905686259999,-71.4224901969999,0
			-33.690323247,-71.4224833069999,0
			-33.690077945,-71.4224763329998,0
			-33.6895930879999,-71.4221691999999,0
			-33.6893500099999,-71.4220449509999,0
			-33.6891162159998,-71.4214510819999,0
			-33.6888310259999,-71.4209731969999,0
			-33.6885914739998,-71.4206728689999,0
			-33.68820012,-71.4206032229999,0
			-33.687806391,-71.420650849,0
			-33.6875587869999,-71.420761327,0
			-33.68718331,-71.4211325759999,0
			-33.686785051,-71.421415005,0
			-33.6865270879999,-71.422053724,0
			-33.686468787,-71.422521866,0
			-33.686304314,-71.4233982279999,0
			-33.6862858829999,-71.4243372649999,0
			-33.6862639869999,-71.4254524689999,0
			-33.6860516329999,-71.426268544,0
			-33.6859384579999,-71.427028822,0
			-33.685972477,-71.427793242,0
			-33.6860567369999,-71.4285003199999,0
			-33.686037112,-71.4294980719999,0
			-33.685912515,-71.430845222,0
			-33.685895107,-71.431725705,0
			-33.685776195,-71.4327793219999,0
			-33.6854632979999,-71.433710134,0
			-33.685401483,-71.4343543369999,0
			-33.6852860189999,-71.4352319559999,0
			-33.684973106,-71.4361626629998,0
			-33.6843155439999,-71.4371424759999,0
			-33.683916095,-71.43748354,0
			-33.683370608,-71.437761724,0
			-33.6827292539999,-71.4379197809999,0
			-33.6821895589999,-71.437904536,0
			-33.6805213059999,-71.4378574209998,0
			-33.6798835049999,-71.4378394109999,0
			-33.679347282,-71.4376481049999,0
			-33.6789628179999,-71.437226176,0
			-33.6787256919999,-71.436808496,0
			-33.678292133,-71.4363851869999,0
			-33.677957986,-71.4359059379999,0
			-33.6773865549998,-71.43500911,0
			-33.6769519059999,-71.434644534,0
			-33.6765662709999,-71.434281346,0
			-33.6760813729999,-71.4339740199999,0
			-33.6753729339999,-71.433807314,0
			-33.6747373659999,-71.433671991,0
			-33.674245528,-71.4337168759999,0
			-33.6738027809999,-71.433763056,0
			-33.6733577219999,-71.4339266619999,0
			-33.6726205809999,-71.4339645389999,0
			-33.671884592,-71.4339438829999,0
			-33.6713016589999,-71.4336338159999,0
			-33.6705281419999,-71.4330249269999,0
			-33.669999999,-71.4324228719998,0
			-33.669665758,-71.4319437709999,0
			-33.669232252,-71.4315205359999,0
			-33.6688933879999,-71.4312761089999,0
			-33.6685043479999,-71.431089018,0
			-33.6681620909999,-71.4310207269999,0
			-33.6674751199999,-71.4310013909998,0
			-33.665854865,-71.4310145269999,0
			-33.664629347,-71.430921296,0
			-33.6641842899999,-71.4310849019999,0
			-33.6638452629999,-71.4314716999999,0
			-33.6633114959998,-71.430531948,0
			-33.6629282259999,-71.4300515129999,0
			-33.662447931,-71.4295095269999,0
			-33.6620178709999,-71.4289104879999,0
			-33.6616357519998,-71.428371273,0
			-33.661153214,-71.4279467189999,0
			-33.660627274,-71.4272274379999,0
			-33.6604858389999,-71.4269299529998,0
			-33.6604448159999,-71.4265178119999,0
			-33.6604050149999,-71.4260471479999,0
			-33.660563738,-71.4254644919999,0
			-33.6606687539999,-71.425115191,0
			-33.6608787919999,-71.424416497,0
			-33.660885774,-71.424064528,0
			-33.6609896369999,-71.4237738419999,0
			-33.660995391,-71.42348049,0
			-33.6609612619999,-71.422716292,0
			-33.6609214489999,-71.4222455349999,0
			-33.6608302449999,-71.4218907269999,0
			-33.660600963,-71.4210624979999,0
			-33.6602759429999,-71.4201140289999,0
			-33.6598925579999,-71.4196336559999,0
			-33.6594567079999,-71.4193278509999,0
			-33.6589695389999,-71.419138087,0
			-33.6586306459999,-71.4188937389999,0
			-33.6583397649999,-71.4187095629999,0
			-33.658101277,-71.418350559,0
			-33.6580579269999,-71.4180559279999,0
			-33.658117353,-71.417529143,0
			-33.6584243799999,-71.4168919879999,0
			-33.6586903429999,-71.4158426979999,0
			-33.658701816,-71.415255915,0
			-33.6586151749999,-71.414666482,0
			-33.658627789,-71.414020996,0
			-33.658641545,-71.413316983,0
			-33.6588515109999,-71.4126183599999,0
			-33.6591140799999,-71.411745079,0
			-33.6592236399998,-71.4111610309999,0
			-33.6594827629999,-71.41046377,0
			-33.6598341919999,-71.4100626779999,0
			-33.6600898019999,-71.409541433,0
			-33.660297537,-71.408960113,0
			-33.660602234,-71.408440234,0
			-33.660861268,-71.4077429489999,0
			-33.6610678499998,-71.4072203269999,0
			-33.6613234469999,-71.406699155,0
			-33.661778765,-71.4060073249999,0
			-33.662332184,-71.4053182229999,0
			-33.6625877749999,-71.404796948,0
			-33.662850288,-71.4039236029999,0
			-33.6632599259999,-71.403054257,0
			-33.663631943,-71.401596984,0
			-33.6636455569999,-71.400892743,0
			-33.6636558919999,-71.4003647219999,0
			-33.663471,-71.399772447,0
			-33.662942685,-71.3991706369999,0
			-33.662362994,-71.3986848869999,0
			-33.6617285159999,-71.3984910529999,0
			-33.661186524,-71.398593482,0
			-33.6606421789999,-71.3988132339999,0
			-33.6600009389999,-71.398971466,0
			-33.6593151629999,-71.3988937729999,0
			-33.6586829599999,-71.398582711,0
			-33.658150156,-71.3982156759999,0
			-33.65776668,-71.3977353179999,0
			-33.6574859379999,-71.397023137,0
			-33.6572976149999,-71.3966069359999,0
			-33.657059131,-71.396248083,0
			-33.6566243519999,-71.3958837879999,0
			-33.6561861619999,-71.3956955199999,0
			-33.655843806,-71.395627292,0
			-33.6554524279999,-71.3955577959999,0
			-33.6548602079998,-71.3957174929999,0
			-33.6540649389999,-71.3962237819999,0
			-33.6533779499999,-71.3962047319999,0
			-33.6525951999999,-71.3960655609999,0
			-33.6519104839999,-71.3959292,0
			-33.6509348519999,-71.3956085819999,0
			-33.6501509599999,-71.3955282099998,0
			-33.649366996,-71.3954478379999,0
			-33.647842474,-71.395581598,0
			-33.6470506199999,-71.3959118499999,0
			-33.6463557399999,-71.3963035099999,0
			-33.6455170699999,-71.3965150829999,0
			-33.645321913,-71.396450946,0
			-33.64463841,-71.396255904,0
			-33.644003923,-71.3960622229999,0
			-33.6433215529999,-71.3958085789999,0
			-33.6425912289999,-71.3954947979999,0
			-33.641916819,-71.3948303929999,0
			-33.6414340759999,-71.3944062089999,0
			-33.6412401299999,-71.3942834759999,0
			-33.6410038349999,-71.393807311,0
			-33.6408657219999,-71.393333951,0
			-33.6407778359999,-71.3928032599999,0
			-33.64054161,-71.3923271889999,0
			-33.6403543979999,-71.391852477,0
			-33.640115824,-71.3914937069999,0
			-33.6399343589999,-71.3907257139999,0
			-33.639845325,-71.390253635,0
			-33.6398053099999,-71.3897829989999,0
			-33.639720736,-71.389076326,0
			-33.6396785229999,-71.3887229919999,0
			-33.63944908,-71.3878948689999,0
			-33.6392116999999,-71.3874775129999,0
			-33.63906903,-71.3872387639999,0
			-33.6386844439999,-71.3868173459999,0
			-33.6382016719999,-71.3863931339999,0
			-33.6378148189999,-71.3860889319999,0
			-33.637375402,-71.3859594489999,0
			-33.6367922489999,-71.385649923,0
			-33.6362091709998,-71.3853404029999,0
			-33.6357743549999,-71.3849762549999,0
			-33.635388629,-71.3846133769999,0
			-33.6352013109999,-71.3841387949999,0
			-33.6350164039999,-71.3835467509999,0
			-33.6348782499999,-71.383073354,0
			-33.6344936479999,-71.382651975,0
			-33.6341524089999,-71.382525221,0
			-33.6333730259998,-71.3822102369999,0
			-33.632834434,-71.3821367689998,0
			-33.632098415,-71.3821164969999,0
			-33.631506136,-71.3822762509999,0
			-33.6307621999999,-71.382666608,0
			-33.630066228,-71.3831169149999,0
			-33.6295699459999,-71.383396561,0
			-33.6288260079999,-71.3837869049999,0
			-33.6280843329999,-71.384059956,0
			-33.627148624,-71.384210227,0
			-33.626412605,-71.384189939,0
			-33.625872957,-71.3841750659999,0
			-33.625483758,-71.3839882829999,0
			-33.6251436519999,-71.383802856,0
			-33.6247545259999,-71.3836160809999,0
			-33.6244601189999,-71.3836079669999,0
			-33.6240230319999,-71.383361158,0
			-33.6235882059999,-71.3829970759999,0
			-33.623348543,-71.3826970859999,0
			-33.6230620489999,-71.382278382,0
			-33.6229216259998,-71.3819224129999,0
			-33.622791373,-71.3810385769999,0
			-33.6225116469999,-71.3802680549999,0
			-33.6222741619999,-71.3798507999999,0
			-33.6221338049999,-71.379494842,0
			-33.621945411,-71.379078852,0
			-33.6219030909999,-71.3787255919999,0
			-33.6217695029999,-71.378017636,0
			-33.6216837279999,-71.3773697999999,0
			-33.621594563,-71.376898008,0
			-33.6216024589999,-71.3764873269998,0
			-33.6216419039999,-71.3744346359998,0
			-33.6216566219999,-71.3736721349999,0
			-33.6218641079999,-71.3730909709998,0
			-33.622167524,-71.372629855,0
			-33.6224252969999,-71.371991351,0
			-33.6224354239999,-71.371463566,0
			-33.622542537,-71.3709969779999,0
			-33.622845947,-71.370535854,0
			-33.6231002629999,-71.3700732929999,0
			-33.6233523999999,-71.369728186,0
			-33.6235587419999,-71.369205682,0
			-33.6234272729999,-71.3683805329999,0
			-33.623238914,-71.36796456,0
			-33.6231485939999,-71.3675512729999,0
			-33.6230070039999,-71.367254009,0
			-33.62296914,-71.3666661949999,0
			-33.6230808009998,-71.3659650439999,0
			-33.6231422389999,-71.3653212309999,0
			-33.623201358,-71.364794692,0
			-33.6233174239999,-71.363858802,0
			-33.6233286349998,-71.363272416,0
			-33.62355296,-71.361811411,0
			-33.623568647,-71.36099029,0
			-33.623486214,-71.3601664909999,0
			-33.623398106,-71.35963593,0
			-33.6232588119999,-71.359221224,0
			-33.6229755169999,-71.358626719,0
			-33.622885238,-71.358213441,0
			-33.6227001239999,-71.3576216189999,0
			-33.6224638269999,-71.357145652,0
			-33.6221726949998,-71.356961758,0
			-33.6218348539999,-71.356659083,0
			-33.6215939309998,-71.356417847,0
			-33.621499173,-71.3562392159999,0
			-33.6213140489999,-71.3556473169999,0
			-33.621179137,-71.3549981649999,0
			-33.6208948509999,-71.3544622849998,0
			-33.6204598589999,-71.3540983539999,0
			-33.620118658,-71.3539717369999,0
			-33.6197260559999,-71.3539610559999,0
			-33.6190379989998,-71.354000959,0
			-33.6186499359999,-71.3537557369999,0
			-33.618365571,-71.3532198739999,0
			-33.6180332999999,-71.3526240039999,0
			-33.6179462729999,-71.3520348909999,0
			-33.6178570859999,-71.3515629649999,0
			-33.6178214519999,-71.3508578299999,0
			-33.6179296019999,-71.3503327309999,0
			-33.6179374069999,-71.349922148,0
			-33.617848137,-71.3494502219999,0
			-33.6177555949999,-71.3491543379999,0
			-33.617565981,-71.348797108,0
			-33.6173239279998,-71.348614497,0
			-33.6168868369999,-71.348367884,0
			-33.6164964609999,-71.3482399609999,0
			-33.616204347,-71.3481147059998,0
			-33.6159154989999,-71.347813502,0
			-33.6157258809999,-71.3474562809999,0
			-33.6155374469999,-71.3470403889999,0
			-33.6153488659999,-71.346624493,0
			-33.6150578629999,-71.346440566,0
			-33.6148637879999,-71.3463179759999,0
			-33.6145213899999,-71.3462500729999,0
			-33.61403186,-71.346178095,0
			-33.613691687,-71.34599284,0
			-33.6133069459999,-71.3455716399999,0
			-33.612969,-71.3452691229999,0
			-33.6126802189999,-71.3449679419999,0
			-33.6123947009999,-71.344490734,0
			-33.6123065949999,-71.3439602559999,0
			-33.6123187489999,-71.343315166,0
			-33.6122752859999,-71.343020635,0
			-33.6121369689999,-71.342547418,0
			-33.611896089,-71.3423062509999,0
			-33.6117576949999,-71.3418330369999,0
			-33.611668467,-71.34136124,0
			-33.6116784589999,-71.34083351,0
			-33.6115902659999,-71.34030295,0
			-33.6114988099999,-71.3399485049999,0
			-33.6112122339999,-71.339529996,0
			-33.6108764909998,-71.339110159,0
			-33.610437009,-71.3389809609999,0
			-33.6097534619999,-71.3387863789999,0
			-33.609316271,-71.3385399229999,0
			-33.608978307,-71.3382373609999,0
			-33.608641521,-71.3378763039999,0
			-33.608257786,-71.3373964909999,0
			-33.607972235,-71.3369194159999,0
			-33.6076888979999,-71.3363250869999,0
			-33.6074022359999,-71.3359066069999,0
			-33.6069138029999,-71.3357761089999,0
			-33.605736056,-71.3357442449999,0
			-33.604803777,-71.3357191819999,0
			-33.6034711409999,-71.3360938659999,0
			-33.602879054,-71.3362539029999,0
			-33.6023392339999,-71.336239427,0
			-33.6015083959999,-71.3360409989999,0
			-33.601071201,-71.3357944099999,0
			-33.6006384319999,-71.335313501,0
			-33.5988439339999,-71.3341503879998,0
			-33.5978223199999,-71.3336534559999,0
			-33.5967950959999,-71.3334497729999,0
			-33.596357966,-71.333203391,0
			-33.595776868,-71.332777134,0
			-33.5950986879999,-71.332289486,0
			-33.5944674619999,-71.331920498,0
			-33.5935351809999,-71.3318953969999,0
			-33.591915795,-71.331851887,0
			-33.590787286,-71.33182142,0
			-33.5893151849999,-71.3317817939999,0
			-33.5886772479999,-71.331764622,0
			-33.5882356189999,-71.331752735,0
			-33.5878430819999,-71.33174217,0
			-33.5872040419999,-71.3317836579999,0
			-33.586808189,-71.331948983,0
			-33.586069927,-71.3320464009999,0
			-33.585579202,-71.332033194,0
			-33.5851921939999,-71.3317295099999,0
			-33.5849546049999,-71.331312478,0
			-33.584864221,-71.330899498,0
			-33.5847781859999,-71.330251882,0
			-33.5846866239999,-71.329897468,0
			-33.5845951309999,-71.3295431479999,0
			-33.584356433,-71.3291846939999,0
			-33.5840642929999,-71.329059553,0
			-33.5836716819999,-71.3290489989999,0
			-33.5835356499999,-71.3290633459999,0
			-33.5832289449999,-71.3290957859999,0
			-33.582834202,-71.329202461,0
			-33.5823456819999,-71.3290720429999,0
			-33.5819531459999,-71.3290614919999,0
			-33.581932702,-71.329070035,0
			-33.5818320439999,-71.3290824899999,0
			-33.581739001,-71.3290939999999,0
			-33.581594535,-71.3291114469999,0
			-33.581532217,-71.3291191009999,0
			-33.5811431609999,-71.329198304,0
			-33.580932988,-71.329272004,0
			-33.5809100619999,-71.329280979,0
			-33.5803558769999,-71.3295024239999,0
			-33.5803009429999,-71.329510258,0
			-33.5802816689999,-71.3295130069998,0
			-33.5802557,-71.3295167109999,0
			-33.5801306219999,-71.3295345489999,0
			-33.5798992799999,-71.3295675429999,0
			-33.5796123379999,-71.3295229349999,0
			-33.5796015089999,-71.329521251,0
			-33.5795638379999,-71.3295153949999,0
			-33.5794408159999,-71.3294962709999,0
			-33.5789503359999,-71.3293554759999,0
			-33.578851497,-71.3293271049999,0
			-33.5788367869999,-71.329322883,0
			-33.578808728,-71.3293148289999,0
			-33.5787502269998,-71.3292980359999,0
			-33.578700258,-71.3292820469998,0
			-33.5786579969999,-71.3292685249999,0
			-33.5784434159999,-71.329199866,0
			-33.5784194939999,-71.329192212,0
			-33.5782483149999,-71.3291374409999,0
			-33.5780568019999,-71.3291994939999,0
			-33.5780108099999,-71.329214397,0
			-33.577990644,-71.3292209309999,0
			-33.5779385649999,-71.329237806,0
			-33.577762945,-71.3292947099999,0
			-33.57707398,-71.3293692339998,0
			-33.5770213339999,-71.3293714439999,0
			-33.576543917,-71.32939149,0
			-33.5759735079999,-71.3292792669999,0
			-33.575517777,-71.3292983459999,0
			-33.5753943449999,-71.3293444079998,0
			-33.5752770939999,-71.3293881659999,0
			-33.575259171,-71.3293948529998,0
			-33.5751046309998,-71.329452523,0
			-33.574833822,-71.329485743,0
			-33.574817965,-71.329487688,0
			-33.5747957059999,-71.3294904179999,0
			-33.5747817579999,-71.329492129,0
			-33.574535226,-71.3295223709999,0
			-33.574412942,-71.32950813,0
			-33.574387437,-71.3295051599999,0
			-33.5743590869999,-71.329501858,0
			-33.5741418469999,-71.3294765569999,0
			-33.5739640279999,-71.3294560019999,0
			-33.573875425,-71.329438748,0
			-33.573389,-71.3293439999999,0
			-33.5728808309998,-71.3291091719999,0
			-33.572848,-71.3290939999999,0
			-33.5724629999999,-71.3289739999999,0
			-33.5721229999999,-71.329034,0
			-33.571892546,-71.3290042789999,0
			-33.5715882629999,-71.328965451,0
			-33.5711572989999,-71.328949049,0
			-33.571021,-71.328944,0
			-33.570796796,-71.329027399,0
			-33.570607433,-71.3290981019999,0
			-33.570193441,-71.3292973389999,0
			-33.5699459199998,-71.3296492589999,0
			-33.569924965,-71.3296790489999,0
			-33.56989699,-71.3297188239999,0
			-33.5696031099999,-71.3300037839999,0
			-33.569583622,-71.330024615,0
			-33.5695574079999,-71.330052635,0
			-33.5695333809998,-71.330078317,0
			-33.5695092829999,-71.330104078,0
			-33.569378865,-71.330242754,0
			-33.5693486819999,-71.3302686309999,0
			-33.569047698,-71.3305266549999,0
			-33.5687844199999,-71.3305675509999,0
			-33.5687435719999,-71.3305738959999,0
			-33.5687303239999,-71.3305759539999,0
			-33.568688493,-71.3305824509999,0
			-33.5686317349999,-71.330591268,0
			-33.568371976,-71.3307391409999,0
			-33.5678832,-71.3310769989998,0
			-33.5675439899999,-71.3311372309998,0
			-33.5674212089999,-71.3311111199999,0
			-33.5673214149999,-71.3310898979999,0
			-33.567301352,-71.331085633,0
			-33.567009656,-71.3310236009999,0
			-33.5666149599999,-71.3306767299999,0
			-33.5664906169999,-71.330585573,0
			-33.566477068,-71.3305756409998,0
			-33.5664516369999,-71.330556997,0
			-33.5664342589999,-71.3305442549999,0
			-33.5662636379999,-71.3304191729999,0
			-33.5661010139999,-71.330281497,0
			-33.5659570429999,-71.330160037,0
			-33.565507763,-71.3298429889999,0
			-33.565410986,-71.329774695,0
			-33.565258693,-71.3296698839999,0
			-33.565098651,-71.3295602429998,0
			-33.564602889,-71.329308344,0
			-33.5642072159999,-71.329007167,0
			-33.5641684599999,-71.328973627,0
			-33.5641518529999,-71.328959257,0
			-33.5638569339999,-71.3287040389999,0
			-33.5637766069999,-71.3286498779999,0
			-33.563349,-71.3283620009999,0
			-33.5627761319999,-71.328159047,0
			-33.5627212969999,-71.3281563829999,0
			-33.5625733189999,-71.3281491939999,0
			-33.56250435,-71.3281458439999,0
			-33.5623372799998,-71.3281377289998,0
			-33.5622808479999,-71.328134986,0
			-33.5615965919999,-71.328073118,0
			-33.5610244779999,-71.3280514059999,0
			-33.560411691,-71.328032223,0
			-33.5599235339999,-71.3280982579998,0
			-33.5595428199998,-71.328205113,0
			-33.55913334,-71.3284040979999,0
			-33.5586824139999,-71.328650495,0
			-33.558155541,-71.32885444,0
			-33.5577063269998,-71.329010006,0
			-33.5574900089999,-71.3290590689999,0
			-33.5574326639999,-71.3290720769999,0
			-33.557376346,-71.3290848499998,0
			-33.557212799,-71.329121943,0
			-33.557123013,-71.32912576,0
			-33.556907339,-71.3291349289999,0
			-33.5568614959999,-71.329136878,0
			-33.5567947879998,-71.329139714,0
			-33.5564954449999,-71.3291524379999,0
			-33.5559986839999,-71.3290950319999,0
			-33.5559199989999,-71.329086001,0
			-33.555272497,-71.3292044679999,0
			-33.5549206829999,-71.329241032,0
			-33.5548729999999,-71.329246,0
			-33.554853571,-71.3292480099998,0
			-33.5548327539999,-71.3292501949999,0
			-33.5545544829999,-71.3292794089999,0
			-33.55417219,-71.3294633529999,0
			-33.5541265269999,-71.3294853219999,0
			-33.5541166919999,-71.329490055,0
			-33.554035762,-71.329528995,0
			-33.5540180579999,-71.329533759,0
			-33.553977576,-71.3295446549999,0
			-33.553935074,-71.329556093,0
			-33.5538892889999,-71.329568415,0
			-33.5534330769999,-71.3296911909999,0
			-33.553407772,-71.329696046,0
			-33.5533729999999,-71.3297029999999,0
			-33.553264,-71.3297239999999,0
			-33.5531935619999,-71.329737571,0
			-33.5528264739999,-71.329808489,0
			-33.5523376429999,-71.329964794,0
			-33.5522791349999,-71.3299760369999,0
			-33.5522263219999,-71.329986186,0
			-33.5517306919999,-71.330081274,0
			-33.551130745,-71.3303334299999,0
			-33.5506428049999,-71.330627146,0
			-33.5504056449999,-71.3306813639999,0
			-33.550275149,-71.3307111969999,0
			-33.5502405219999,-71.330719113,0
			-33.55022373,-71.3307229509999,0
			-33.5501538579999,-71.3307389239999,0
			-33.550132533,-71.3307364239999,0
			-33.5500043429999,-71.330721393,0
			-33.549762502,-71.330693036,0
			-33.549406641,-71.330680388,0
			-33.5490972899999,-71.3307094959999,0
			-33.5489828839999,-71.330720261,0
			-33.5489451729999,-71.3307238099999,0
			-33.548901181,-71.3307279489999,0
			-33.548869136,-71.3307309639999,0
			-33.5482969039999,-71.3307155919999,0
			-33.5482378359999,-71.3307140059999,0
			-33.5482079459999,-71.3307132029999,0
			-33.5481060939999,-71.330710467,0
			-33.5479523829999,-71.330706337,0
			-33.5478656569999,-71.3307048359999,0
			-33.547837333,-71.330711584,0
			-33.5474394999999,-71.3308068809999,0
			-33.5471221009999,-71.3309001009999,0
			-33.546908166,-71.3309633069999,0
			-33.5463843979998,-71.331006131,0
			-33.545948552,-71.33116538,0
			-33.5455194269999,-71.3312110139999,0
			-33.5454557259999,-71.3312337289999,0
			-33.545415797,-71.331247968,0
			-33.5453851569998,-71.331258895,0
			-33.545111181,-71.3313565949999,0
			-33.5438859989999,-71.3317939989999,0
			-33.5435279749999,-71.3319125909999,0
			-33.543403434,-71.3319564959999,0
			-33.5432790349999,-71.332056579,0
			-33.543066,-71.3322279999999,0
			-33.543048655,-71.3322504409999,0
			-33.5426779989999,-71.332729999,0
			-33.542442577,-71.333260173,0
			-33.5424281349999,-71.3332927539998,0
			-33.5422300989999,-71.3337437739999,0
			-33.5421992129998,-71.3337845629999,0
			-33.542156039,-71.333841579,0
			-33.5420974279999,-71.333918981,0
			-33.5420861499999,-71.333933874,0
			-33.5419343439999,-71.3341343499999,0
			-33.5415974969999,-71.334436392,0
			-33.541568688,-71.3344622239999,0
			-33.5415399419998,-71.334488,0
			-33.541510745,-71.33451418,0
			-33.5412555729999,-71.3347429859999,0
			-33.541066358,-71.334737807,0
			-33.5406885849999,-71.3347277139998,0
			-33.540658449,-71.3347269079999,0
			-33.5406054659999,-71.3347254939999,0
			-33.5405886949999,-71.334725046,0
			-33.54006472,-71.334540007,0
			-33.539822213,-71.334480351,0
			-33.539738292,-71.334459707,0
			-33.5397227379999,-71.3344558809999,0
			-33.5396075589999,-71.334427547,0
			-33.539544174,-71.334411954,0
			-33.539119274,-71.3342295829999,0
			-33.538596442,-71.3339876869999,0
			-33.5383830119998,-71.3338089069999,0
			-33.5383551609999,-71.3337855789999,0
			-33.538273072,-71.3337168149999,0
			-33.5382466299999,-71.333694667,0
			-33.538174762,-71.333634467,0
			-33.5371420439999,-71.3326952039999,0
			-33.5369721389999,-71.3325881159999,0
			-33.5369469499998,-71.3325722389999,0
			-33.536895794,-71.332539996,0
			-33.5368191549999,-71.3324916919999,0
			-33.5366697479999,-71.3323975259999,0
			-33.5364836329999,-71.332257533,0
			-33.5364708029999,-71.332247883,0
			-33.536454283,-71.3322354559999,0
			-33.536396888,-71.3321922839999,0
			-33.5361985239999,-71.332043077,0
			-33.5360907109999,-71.331991065,0
			-33.5360389819999,-71.3319661099999,0
			-33.5360143419999,-71.3319542229999,0
			-33.5359054959998,-71.3319017129999,0
			-33.5358231709999,-71.3318620829999,0
			-33.535533952,-71.3319110689998,0
			-33.5354484579998,-71.3320338459999,0
			-33.535401,-71.3321020009999,0
			-33.5353893389999,-71.3321187399999,0
			-33.5353392059999,-71.33219084,0
			-33.5352864609999,-71.332318378,0
			-33.5352775049999,-71.332340034,0
			-33.535232913,-71.3324478599999,0
			-33.5349873979999,-71.3330411439999,0
			-33.5346851349999,-71.333638836,0
			-33.5345914529999,-71.3338243759999,0
			-33.5340173609999,-71.3352706649999,0
			-33.53394301,-71.3354579749999,0
			-33.533794655,-71.335727666,0
			-33.533695999,-71.335907,0
			-33.5336118279999,-71.3360496409999,0
			-33.533527775,-71.3361920809999,0
			-33.5333983429999,-71.3364114209999,0
			-33.5332480009999,-71.336693,0
			-33.53320245,-71.3367710859999,0
			-33.533052324,-71.3370292379999,0
			-33.5328534289999,-71.3375366719999,0
			-33.5326543339999,-71.337815843,0
			-33.532356481,-71.338548779,0
			-33.532156433,-71.3391129759999,0
			-33.5319573259998,-71.3393926689999,0
			-33.531613404,-71.3398375519999,0
			-33.5315692159999,-71.3398947069999,0
			-33.5315540849999,-71.339908785,0
			-33.5315337839999,-71.3399276299999,0
			-33.5315112499999,-71.339948549,0
			-33.5315034619999,-71.3399557779999,0
			-33.5310322429999,-71.3403932109999,0
			-33.5308302049999,-71.3407763389999,0
			-33.530743001,-71.340942,0
			-33.530631032,-71.3411543779999,0
			-33.530588,-71.341236,0
			-33.530492,-71.341707,0
			-33.5304839999999,-71.3417459999998,0
			-33.5305091279999,-71.3420169739999,0
			-33.5305211999998,-71.3421453989998,0
			-33.5306063419999,-71.3428881979999,0
			-33.5307250219999,-71.34322585,0
			-33.5308292339999,-71.3435214349999,0
			-33.5309581679999,-71.343760683,0
			-33.5310160599999,-71.3438679239999,0
			-33.531285934,-71.344615817,0
			-33.531368685,-71.3452446829999,0
			-33.531311779,-71.345869964,0
			-33.5312998369999,-71.3464961079999,0
			-33.5311426979999,-71.3471755669999,0
			-33.531007648,-71.3473696579999,0
			-33.5309666169999,-71.3474286269999,0
			-33.5309480779999,-71.34745527,0
			-33.53092127,-71.347500294,0
			-33.5308974009999,-71.347540382,0
			-33.530884215,-71.347562527,0
			-33.530875782,-71.3475766879999,0
			-33.5307481199999,-71.3477917969999,0
			-33.53073849,-71.3478115629999,0
			-33.5305510309999,-71.3481849429999,0
			-33.5305084129999,-71.3482938609999,0
			-33.530399206,-71.3485799269999,0
			-33.5303958519999,-71.348758415,0
			-33.530391719,-71.348978373,0
			-33.5302905899999,-71.349317486,0
			-33.5302787399999,-71.3493397399999,0
			-33.5302694,-71.3493572799999,0
			-33.5302592979999,-71.3493762509999,0
			-33.530229441,-71.3494323219999,0
			-33.530141003,-71.3495983989999,0
			-33.5300164229999,-71.349742932,0
			-33.5299875039999,-71.3497764839999,0
			-33.529968821,-71.3497981599999,0
			-33.529901278,-71.3498765209999,0
			-33.5295106939999,-71.3502649449999,0
			-33.5294818829999,-71.3502866509999,0
			-33.5294721619999,-71.3502939749999,0
			-33.529448335,-71.350311924,0
			-33.529300276,-71.350423469,0
			-33.5292260049999,-71.3504789959999,0
			-33.5292178999999,-71.3504850899998,0
			-33.5291704369999,-71.350528256,0
			-33.5289749999999,-71.3507060009998,0
			-33.5287359989999,-71.3509280009999,0
			-33.528728847,-71.35093554,0
			-33.528720184,-71.3509448159999,0
			-33.5287123259999,-71.3509532299998,0
			-33.528699407,-71.3509670619999,0
			-33.528640077,-71.351034339,0
			-33.5286144479998,-71.3510634039999,0
			-33.5285911819998,-71.351089703,0
			-33.5285676099999,-71.3511159069999,0
			-33.5286219989999,-71.3509959999999,0
			-33.528476731,-71.3510500969999,0
			-33.5284159029999,-71.3510724209999,0
			-33.5283679279999,-71.351090292,0
			-33.5277660909999,-71.350973101,0
			-33.527746728,-71.3509553339999,0
			-33.5273963559999,-71.3506341609999,0
			-33.5267857669999,-71.35029902,0
			-33.5266668419999,-71.3502339809999,0
			-33.5264614369999,-71.350207601,0
			-33.5260013779999,-71.3501485199999,0
			-33.5258882369999,-71.3501339909999,0
			-33.525837941,-71.3501275419999,0
			-33.5258262169999,-71.3501260359999,0
			-33.5249258429999,-71.3500210889999,0
			-33.524899053,-71.350023994,0
			-33.5247461419999,-71.3500405769999,0
			-33.5238506779999,-71.3501376799999,0
			-33.5228386409999,-71.350251659,0
			-33.5219957929999,-71.350001768,0
			-33.520915686,-71.349903845,0
			-33.5208300299999,-71.349916895,0
			-33.5207966289999,-71.3499219829999,0
			-33.520776612,-71.3499250329999,0
			-33.520675894,-71.349940379,0
			-33.5202555719999,-71.3500044199999,0
			-33.519488993,-71.350250439,0
			-33.5190694039998,-71.3502680979999,0
			-33.5185261129999,-71.350148369,0
			-33.5179179089999,-71.3498879969999,0
			-33.5178029219999,-71.349836183,0
			-33.5171939949999,-71.3495619999999,0
			-33.516463723,-71.3494767999999,0
			-33.516294118,-71.3494570139999,0
			-33.515714574,-71.3494321089999,0
			-33.515666026,-71.3494300229999,0
			-33.5154564129999,-71.349421018,0
			-33.5150622049998,-71.3493980289999,0
			-33.5147357389999,-71.3493790909999,0
			-33.514525299,-71.349338131,0
			-33.5144494849999,-71.349323375,0
			-33.5142724269999,-71.349288912,0
			-33.514241781,-71.3492829479999,0
			-33.5141339279999,-71.349261955,0
			-33.5140746069999,-71.3492248419999,0
			-33.5140629969999,-71.349217569,0
			-33.5140122499999,-71.3491857819999,0
			-33.513939153,-71.3491399929999,0
			-33.5137074099999,-71.348994884,0
			-33.5136475209999,-71.3489580949999,0
			-33.513161999,-71.348660001,0
			-33.512550999,-71.348329001,0
			-33.5122270149999,-71.3483104479999,0
			-33.5118353499999,-71.3482880199999,0
			-33.5117982809999,-71.3482939679999,0
			-33.511551723,-71.348333552,0
			-33.5112364599999,-71.348384741,0
			-33.510750156,-71.3486185549999,0
			-33.5106150669998,-71.3486835689999,0
			-33.5105873909999,-71.3486968269999,0
			-33.5099837499999,-71.3484366439999,0
			-33.5093187109999,-71.3483217629999,0
			-33.5089217349999,-71.348365566,0
			-33.5088624069999,-71.3483721119999,0
			-33.5088051019998,-71.348378435,0
			-33.5087806989999,-71.3483811289999,0
			-33.5086184129999,-71.3483990349999,0
			-33.5084230089999,-71.3485161609999,0
			-33.5083929319999,-71.34853419,0
			-33.5083417449999,-71.348564871,0
			-33.5081470269999,-71.3486815849999,0
			-33.5081313909999,-71.3486909749999,0
			-33.5081074829998,-71.3487053339999,0
			-33.5075610689999,-71.3490590919999,0
			-33.5074504609999,-71.3491307009999,0
			-33.5072411739998,-71.349182528,0
			-33.5070185559999,-71.3492376539999,0
			-33.5069560329999,-71.349253136,0
			-33.5069151579999,-71.3492632579999,0
			-33.5068344329999,-71.3492832489999,0
			-33.506736158,-71.3493473959999,0
			-33.506688606,-71.3493784349999,0
			-33.5066377809998,-71.3494116099998,0
			-33.5064478699999,-71.3495355699999,0
			-33.5062485689999,-71.349668703,0
			-33.506233196,-71.349708509,0
			-33.5059704079999,-71.3503903379999,0
			-33.5059264939999,-71.350572422,0
			-33.5059156429999,-71.350617412,0
			-33.505912909,-71.350628747,0
			-33.5058706529999,-71.3508039509999,0
			-33.5058137469999,-71.3510398929999,0
			-33.5055291049999,-71.351551608,0
			-33.5049889789999,-71.3515026049999,0
			-33.5048232,-71.351412798,0
			-33.504800599,-71.3514005549999,0
			-33.5046230519999,-71.3513043729999,0
			-33.504462888,-71.351197258,0
			-33.5041819999998,-71.3510100009999,0
			-33.5037369999999,-71.3507159999999,0
			-33.503321394,-71.3504894769999,0
			-33.5028490729999,-71.3502320399999,0
			-33.5025762579999,-71.350100604,0
			-33.5022713799999,-71.3499538339998,0
			-33.502213578,-71.3499260069999,0
			-33.5021906069999,-71.3499149479999,0
			-33.5020538969999,-71.3498491349999,0
			-33.5013444539999,-71.3494623879999,0
			-33.5012903169999,-71.349451828,0
			-33.501248582,-71.3494436879999,0
			-33.5011459089999,-71.34942366,0
			-33.500940736,-71.3493836389999,0
			-33.5004639969999,-71.3492906449999,0
			-33.5000212749999,-71.349101116,0
			-33.499500005,-71.349192274,0
			-33.4992389999999,-71.349238,0
			-33.498456682,-71.3494593259999,0
			-33.4983672629999,-71.3494879349998,0
			-33.4979935779999,-71.349809497,0
			-33.4978643429999,-71.3499208439999,0
			-33.4975340679999,-71.35045544,0
			-33.497395189,-71.3506912889999,0
			-33.4973316419999,-71.350799207,0
			-33.4973055819999,-71.3508434629999,0
			-33.4971777359999,-71.3510605789999,0
			-33.497030934,-71.351309885,0
			-33.4967625639999,-71.351700975,0
			-33.496626068,-71.3518998879999,0
			-33.4964583269999,-71.3521443339999,0
			-33.4962842219998,-71.3523980539999,0
			-33.4962519689999,-71.352445055,0
			-33.4961921569999,-71.3524620119999,0
			-33.496124961,-71.352481064,0
			-33.4961006829999,-71.352487948,0
			-33.4960691869999,-71.352496878,0
			-33.4955448969999,-71.3526455309999,0
			-33.495412136,-71.3526829429999,0
			-33.495340374,-71.3527031649999,0
			-33.495229837,-71.352734315,0
			-33.4949992529999,-71.3527992949999,0
			-33.494597536,-71.352912498,0
			-33.4935090339999,-71.353015452,0
			-33.493368298,-71.3530381639999,0
			-33.4933452369999,-71.3530418859999,0
			-33.4931741299999,-71.3530695009999,0
			-33.4928699299999,-71.3531185959999,0
			-33.492559398,-71.3531687129999,0
			-33.4917532969999,-71.352885863,0
			-33.4916898759999,-71.3528357879998,0
			-33.491620612,-71.3527810989999,0
			-33.4915172519999,-71.3526994899999,0
			-33.4914366889999,-71.352635881,0
			-33.4911270119999,-71.3523913719999,0
			-33.4907906129999,-71.3520158349999,0
			-33.490406836,-71.351587848,0
			-33.4898854779999,-71.351107042,0
			-33.4898674719998,-71.3510904459998,0
			-33.4896193379999,-71.3508933049999,0
			-33.4892449989999,-71.3505959999999,0
			-33.488769936,-71.3503764449999,0
			-33.4886238289999,-71.3503090739999,0
			-33.488593432,-71.3502865999999,0
			-33.4884934469999,-71.3502126729999,0
			-33.4880899999999,-71.3499149989999,0
			-33.4877613039999,-71.3496229889999,0
			-33.4876420769999,-71.349517068,0
			-33.4869259989998,-71.349026,0
			-33.4866092849999,-71.348899225,0
			-33.4863458409999,-71.3487937359999,0
			-33.4862187739998,-71.3487428319999,0
			-33.4861574059999,-71.3486974699999,0
			-33.4856855119999,-71.348349223,0
			-33.484888327,-71.3480701149999,0
			-33.4848671879999,-71.3480519199999,0
			-33.4848452109999,-71.3480330039999,0
			-33.484832566,-71.3480221199999,0
			-33.4847885569999,-71.3479842409999,0
			-33.4843426639999,-71.347600453,0
			-33.48394866,-71.3472189729999,0
			-33.4837860229999,-71.3469840349999,0
			-33.483503371,-71.3465757339999,0
			-33.483356135,-71.3463631949999,0
			-33.4832982459999,-71.346260442,0
			-33.48290996,-71.345571229,0
			-33.4828979989999,-71.345549999,0
			-33.482464217,-71.344908823,0
			-33.4823503189999,-71.344740472,0
			-33.4821720589999,-71.344617289,0
			-33.481638544,-71.3442493739999,0
			-33.4809307859999,-71.3438635369999,0
			-33.480803769,-71.3437943069999,0
			-33.4807738769999,-71.3437780139999,0
			-33.4807500219999,-71.343765014,0
			-33.4796778379999,-71.3427687559999,0
			-33.4789608099999,-71.342070715,0
			-33.4789106469999,-71.3420081119999,0
			-33.4782339929999,-71.3411633809999,0
			-33.4776146309999,-71.340772811,0
			-33.477606824,-71.3407659159999,0
			-33.4775852889999,-71.3407468889999,0
			-33.4774829969999,-71.3406565259999,0
			-33.4767141099999,-71.3399780969999,0
			-33.4760019989999,-71.339487001,0
			-33.4757651779999,-71.339401482,0
			-33.4756018059999,-71.3393424859999,0
			-33.4754611229999,-71.339291684,0
			-33.4753062649999,-71.339235811,0
			-33.4752924439999,-71.3392309149999,0
			-33.4752815959999,-71.3392270749999,0
			-33.4747699669999,-71.339321006,0
			-33.47469467,-71.339334814,0
			-33.474631465,-71.339346436,0
			-33.4745450799999,-71.339362321,0
			-33.4744763969999,-71.339376209,0
			-33.4744609279998,-71.3393835359998,0
			-33.474449863,-71.3393887769999,0
			-33.4744312649999,-71.3393975879999,0
			-33.4738209999999,-71.339687,0
			-33.472793807,-71.340355212,0
			-33.472669277,-71.3404923129999,0
			-33.4721500009999,-71.341064,0
			-33.4714489909999,-71.3417301399999,0
			-33.471185416,-71.341980613,0
			-33.470407468,-71.3421177729999,0
			-33.4700452139999,-71.3420046779999,0
			-33.4699366029998,-71.341970768,0
			-33.469918998,-71.3419652719999,0
			-33.4698929869999,-71.341957152,0
			-33.4695245249999,-71.341842121,0
			-33.469109604,-71.3415122149999,0
			-33.4690442799999,-71.341460276,0
			-33.4690019029999,-71.3414265819999,0
			-33.468966978,-71.341398812,0
			-33.468903,-71.3413479999999,0
			-33.4681979989999,-71.3411689989999,0
			-33.468040526,-71.341175624,0
			-33.4678717259999,-71.341182752,0
			-33.4676897429998,-71.341190436,0
			-33.4673840009999,-71.3412033449999,0
			-33.467151535,-71.3412131599999,0
			-33.4664572259999,-71.341450327,0
			-33.4660902299999,-71.3416643459999,0
			-33.4658929269999,-71.3417794079999,0
			-33.465806357,-71.3418298919999,0
			-33.4657862249999,-71.3418416329999,0
			-33.4656868169998,-71.3418996039999,0
			-33.4649087909999,-71.342036687,0
			-33.4640283879999,-71.3418650289999,0
			-33.463765278,-71.341532652,0
			-33.4637516739999,-71.3415154649999,0
			-33.4637446369999,-71.3415065769999,0
			-33.463389923,-71.3410584819999,0
			-33.4626165179999,-71.3405967639999,0
			-33.4626053399999,-71.3405900899999,0
			-33.462562582,-71.3405645629999,0
			-33.46241358,-71.3404756099999,0
			-33.4615230089998,-71.3398878289999,0
			-33.4611734759999,-71.3394992219999,0
			-33.46097431,-71.339277793,0
			-33.460895437,-71.3391901029999,0
			-33.4608728429999,-71.339164983,0
			-33.4607105589999,-71.338984556,0
			-33.460171848,-71.338382462,0
			-33.45945726,-71.3377883409999,0
			-33.4594231869999,-71.3377582279999,0
			-33.4594059449999,-71.3377429869999,0
			-33.459396694,-71.337734811,0
			-33.4592313609999,-71.3375886849998,0
			-33.458557797,-71.3369937039999,0
			-33.457856627,-71.3365100199999,0
			-33.4578449899999,-71.3365019989999,0
			-33.4569687539999,-71.336330867,0
			-33.456555115,-71.336106651,0
			-33.4564340009999,-71.3360409989999,0
			-33.4562955609999,-71.3360468699999,0
			-33.456151,-71.336053001,0
			-33.456097224,-71.33605521,0
			-33.4560051519998,-71.3360589939999,0
			-33.455889,-71.3362059999998,0
			-33.4557989999999,-71.3363189999999,0
			-33.4555989999999,-71.336573,0
			-33.4555799999999,-71.3365969999999,0
			-33.4555589999999,-71.3366569999999,0
			-33.4554109009999,-71.337090065,0
			-33.4551788649999,-71.3377601229999,0
			-33.4550797589999,-71.3378508889999,0
			-33.4548697369999,-71.3380432399999,0
			-33.4545829999999,-71.3383059989999,0
			-33.45354236,-71.3384539229999,0
			-33.4529589999999,-71.3383839999999,0
			-33.4523868829999,-71.3383160449999,0
			-33.45234835,-71.3383306869999,0
			-33.4523329989999,-71.3383349989999,0
			-33.4522149509999,-71.3383798289999,0
			-33.4521741229999,-71.3383953329999,0
			-33.4515426619999,-71.338634742,0
			-33.4504913189999,-71.3386787649999,0
			-33.450297527,-71.3387309699999,0
			-33.449738999,-71.3388809989999,0
			-33.449393609,-71.3387105819999,0
			-33.4492084299999,-71.3386192129998,0
			-33.4491457839999,-71.3385439749999,0
			-33.449038,-71.3384139999998,0
			-33.448663376,-71.3379628609999,0
			-33.448530422,-71.3378889319999,0
			-33.448111562,-71.3376609699999,0
			-33.447985,-71.3375919999999,0
			-33.447591933,-71.33755286,0
			-33.4471698999999,-71.3375133289999,0
			-33.446561733,-71.337773527,0
			-33.4459951529999,-71.3380159339999,0
			-33.4454729309999,-71.3380379129999,0
			-33.444899,-71.3380619989999,0
			-33.4442359999999,-71.3380899999999,0
			-33.443523999,-71.338062999,0
			-33.4431094839999,-71.337819721,0
			-33.442333,-71.337364,0
			-33.4423008329999,-71.3373605579999,0
			-33.441632335,-71.3372890359999,0
			-33.4415309999999,-71.337328,0
			-33.4414686589999,-71.3373522799999,0
			-33.441340574,-71.337401716,0
			-33.441027,-71.337523,0
			-33.4410149999999,-71.337542,0
			-33.4405847899999,-71.3382543459999,0
			-33.440445999,-71.3384839989999,0
			-33.4402448099999,-71.338968683,0
			-33.4398739989999,-71.339862,0
			-33.4396426389998,-71.3401169279999,0
			-33.4392849829999,-71.3405107279999,0
			-33.43850499,-71.3407518809999,0
			-33.43828007,-71.3407279689999,0
			-33.4378030009998,-71.3406769999999,0
			-33.4368487519999,-71.340821229,0
			-33.4364438609999,-71.3411946599999,0
			-33.4362569819999,-71.3413670079999,0
			-33.4360747009999,-71.3414627859999,0
			-33.4360209999999,-71.341491,0
			-33.435738,-71.3416399999999,0
			-33.4356152869998,-71.341704776,0
			-33.435396582,-71.341819845,0
			-33.4347004779999,-71.3421496429999,0
			-33.434256589,-71.342359721,0
			-33.4341909999999,-71.3423909999999,0
			-33.433888274,-71.342570023,0
			-33.433246396,-71.3429501209999,0
			-33.4332319999999,-71.342953,0
			-33.4319438919999,-71.343213063,0
			-33.4317128869999,-71.3433478159999,0
			-33.4317039909999,-71.3433530039999,0
			-33.431567957,-71.3434325729999,0
			-33.431173519,-71.343662529,0
			-33.4302123969999,-71.34361475,0
			-33.4300380289999,-71.343605978,0
			-33.4300279999999,-71.343603,0
			-33.429990807,-71.3435939509999,0
			-33.429340391,-71.343428624,0
			-33.4292,-71.3433039999999,0
			-33.4287932749999,-71.3429302519999,0
			-33.428738,-71.3428919999999,0
			-33.4286799409999,-71.342852084,0
			-33.428546024,-71.3427596839999,0
			-33.4280809759999,-71.3424389579999,0
			-33.427913433,-71.3421430889998,0
			-33.42767621,-71.341724265,0
			-33.4276409999999,-71.341662,0
			-33.427453999,-71.3415059989999,0
			-33.4273508029999,-71.3415575989999,0
			-33.4273119999999,-71.341577,0
			-33.4271896669999,-71.3416378839999,0
			-33.4270950009999,-71.3416849989999,0
			-33.426412,-71.3421999999998,0
			-33.425784,-71.342573,0
			-33.4254739999999,-71.3427569999999,0
			-33.425046698,-71.343088627,0
			-33.424162646,-71.3435138309999,0
			-33.424102045,-71.3435429779999,0
			-33.423062992,-71.343898727,0
			-33.422595679,-71.3439648019999,0
			-33.4220196319999,-71.34404591,0
			-33.4219801649999,-71.344042901,0
			-33.4216729999999,-71.3440189999999,0
			-33.4211455,-71.343979036,0
			-33.4209295929999,-71.34394176,0
			-33.4201792349999,-71.3438115069999,0
			-33.4194671259999,-71.343321555,0
			-33.4187652639999,-71.3432469369999,0
			-33.4186431979999,-71.34319283,0
			-33.418375999,-71.3430739989998,0
			-33.4183627329999,-71.343068705,0
			-33.4181169999999,-71.343124,0
			-33.418024977,-71.343146652,0
			-33.4179869669999,-71.343155817,0
			-33.4176186609999,-71.3433205859999,0
			-33.4169359829999,-71.3434229119999,0
			-33.4164324159999,-71.34338987,0
			-33.4162524929999,-71.3433780319999,0
			-33.4156842899998,-71.3433270259999,0
			-33.4151091709999,-71.342756908,0
			-33.4148403689999,-71.3419516869999,0
			-33.414773397,-71.341765832,0
			-33.414757,-71.3417199999999,0
			-33.414749,-71.341698,0
			-33.4146829999999,-71.3415139999999,0
			-33.4144979959999,-71.3409999919999,0
			-33.4140710009999,-71.339819001,0
			-33.4140630439999,-71.339797083,0
			-33.4140219999999,-71.3396839999999,0
			-33.4139344929999,-71.3394926919999,0
			-33.41368957,-71.338957248,0
			-33.4136329999999,-71.338831,0
			-33.4133599969999,-71.3382269589999,0
			-33.413350478,-71.3380981659999,0
			-33.413256001,-71.33682,0
			-33.4133681559999,-71.3354481799999,0
			-33.4133775359999,-71.3353322619998,0
			-33.4133899999999,-71.3351809999999,0
			-33.413358881,-71.335109492,0
			-33.4131081669999,-71.3345325479999,0
			-33.413031228,-71.3343555279999,0
			-33.41302064,-71.3343426619999,0
			-33.4128320359999,-71.334117695,0
			-33.4125452919999,-71.3337757049999,0
			-33.4125380469999,-71.3337670599999,0
			-33.4122769999999,-71.3335569999999,0
			-33.4121149999999,-71.3334269999999,0
			-33.4118629999999,-71.3332249999999,0
			-33.4117689999999,-71.3331499999999,0
			-33.4115699999999,-71.333109,0
			-33.4113413379999,-71.3330629199999,0
			-33.411306601,-71.333055842,0
			-33.4108827279999,-71.3329695289999,0
			-33.4107819999999,-71.332949,0
			-33.4102329999999,-71.3327649999999,0
			-33.4100951009999,-71.332718814,0
			-33.410024425,-71.332695142,0
			-33.4094864819999,-71.3326124549999,0
			-33.4091967169999,-71.3325679149999,0
			-33.4085230009999,-71.332367999,0
			-33.4084792619999,-71.3323552429999,0
			-33.4079339519999,-71.331888885,0
			-33.4078230379999,-71.3316215109999,0
			-33.4076150009999,-71.3311199939998,0
			-33.4075812149999,-71.3306473919999,0
			-33.407545,-71.3301439999999,0
			-33.407518,-71.3297729999999,0
			-33.4074052619999,-71.3288789599999,0
			-33.407389,-71.3287499989999,0
			-33.4073570159999,-71.328500123,0
			-33.407343,-71.3283849999999,0
			-33.407248,-71.327618,0
			-33.4071849999999,-71.3271119999999,0
			-33.4070433499999,-71.3265808159999,0
			-33.4070291269999,-71.326527391,0
			-33.407024157,-71.326505428,0
			-33.406996459,-71.326382049,0
			-33.4070060719999,-71.3263634299999,0
			-33.407292,-71.3258930009999,0
			-33.407472,-71.3256379999999,0
			-33.4076766169999,-71.3255217559999,0
			-33.407772768,-71.3254673979999,0
			-33.4078228399999,-71.325439197,0
			-33.4083463769999,-71.325401192,0
			-33.408450591,-71.3254039969999,0
			-33.408694999,-71.325411,0
			-33.4089672979999,-71.325447458,0
			-33.4091736709999,-71.325475132,0
			-33.4094769989999,-71.3255349999999,0
			-33.4097009999999,-71.3253529999999,0
			-33.4097859999999,-71.325284,0
			-33.4098529999999,-71.3250609999999,0
			-33.4098649999999,-71.3250229999999,0
			-33.409926,-71.3248199999999,0
			-33.409932,-71.324489,0
			-33.4099330339999,-71.324431051,0
			-33.4099403419999,-71.324041186,0
			-33.4099481279999,-71.323625767,0
			-33.4100904049999,-71.323006161,0
			-33.4101130799999,-71.322973869,0
			-33.4101409999999,-71.3229349999999,0
			-33.4101949999999,-71.3228579999999,0
			-33.4103009999999,-71.322707,0
			-33.4103184149999,-71.322682172,0
			-33.4104490029998,-71.3224959979999,0
			-33.4105125279999,-71.3224237689999,0
			-33.410624,-71.3222959999999,0
			-33.410809431,-71.322084198,0
			-33.410849,-71.322039,0
			-33.4110319999999,-71.3215770009999,0
			-33.411038,-71.321285,0
			-33.4110439999999,-71.320953,0
			-33.4110149999998,-71.320665,0
			-33.41097,-71.3202239999999,0
			-33.410874001,-71.3199810009999,0
			-33.4107240159999,-71.319601628,0
			-33.41072,-71.3195919999999,0
			-33.4106811699999,-71.3195193879999,0
			-33.4106199999999,-71.319405,0
			-33.410606281,-71.3193793779999,0
			-33.4105523459999,-71.319278074,0
			-33.4104362309998,-71.318495781,0
			-33.4104441819999,-71.3184128259999,0
			-33.4104480009999,-71.3183733289999,0
			-33.410490468,-71.317925789,0
			-33.4107199769999,-71.3173080879999,0
			-33.410806,-71.316655,0
			-33.4108219999999,-71.3165319999999,0
			-33.4108229999999,-71.3165219999999,0
			-33.41088,-71.315753994,0
			-33.4108699999999,-71.3146449999999,0
			-33.4108690019999,-71.3145911109999,0
			-33.4108669999999,-71.314379,0
			-33.4108649999999,-71.3141949999999,0
			-33.4107689999999,-71.3123229999999,0
			-33.4106159999999,-71.311176,0
			-33.4105252319998,-71.3106290599999,0
			-33.4104620489999,-71.31024839,0
			-33.4104599999999,-71.3102359999999,0
			-33.4103570579999,-71.309754578,0
			-33.4103286939999,-71.3096219309999,0
			-33.4102599999999,-71.309299,0
			-33.41009323,-71.3089307109999,0
			-33.409997963,-71.3087207789999,0
			-33.4099249999999,-71.3085599999999,0
			-33.4097679999999,-71.308164,0
			-33.4096989999999,-71.30799,0
			-33.409667,-71.3079089999999,0
			-33.409647768,-71.3078614869999,0
			-33.4096332899999,-71.3078249599998,0
			-33.409575107,-71.3075601419999,0
			-33.409473141,-71.3070936459999,0
			-33.4094412159999,-71.3064732089999,0
			-33.4094469999999,-71.3064459999999,0
			-33.409541862,-71.3060795709999,0
			-33.409549044,-71.3060518429999,0
			-33.4096282899999,-71.3057468749998,0
			-33.4101304669999,-71.3045133539999,0
			-33.410448893,-71.3037944359999,0
			-33.4104641089999,-71.3037525569999,0
			-33.410473,-71.3037279999999,0
			-33.4107249999999,-71.3030229999999,0
			-33.4107399999999,-71.302962,0
			-33.4107838459999,-71.302778319,0
			-33.4108142149998,-71.3026521549999,0
			-33.4109459639999,-71.3021043909999,0
			-33.4109570619999,-71.3020582759999,0
			-33.4109609999999,-71.302042,0
			-33.411013322,-71.301735083,0
			-33.411058409,-71.301472809,0
			-33.411243177,-71.300906243,0
			-33.4112843589999,-71.3008314189999,0
			-33.411304,-71.3007960009999,0
			-33.411309772,-71.3007854749999,0
			-33.4113209999999,-71.3007649999998,0
			-33.4114691529999,-71.300496914,0
			-33.411672,-71.300383,0
			-33.411739951,-71.300344028,0
			-33.4118059999999,-71.300307,0
			-33.4119089999999,-71.300248,0
			-33.4121939999999,-71.300171,0
			-33.4122590049998,-71.3001533949999,0
			-33.4124339999999,-71.3001059999999,0
			-33.4126312,-71.299922779,0
			-33.4128289999999,-71.2997389999999,0
			-33.412922,-71.2996519999999,0
			-33.41297773,-71.2994895109999,0
			-33.4130049999999,-71.2994099999999,0
			-33.4131519999999,-71.2989829999999,0
			-33.413163085,-71.2989181839999,0
			-33.4132114079999,-71.298638065,0
			-33.4132498299999,-71.2984149769998,0
			-33.4132509999999,-71.2983629999999,0
			-33.413261,-71.297795,0
			-33.4131109999999,-71.2974599999999,0
			-33.413081,-71.2973939999999,0
			-33.4130749999999,-71.29738,0
			-33.4129271959999,-71.2970544309999,0
			-33.4125809989999,-71.2967219989999,0
			-33.41237924,-71.2965288469998,0
			-33.4123698949999,-71.296519885,0
			-33.4123579999999,-71.296506999,0
			-33.4120279999999,-71.2961479989999,0
			-33.411685001,-71.295878999,0
			-33.411563052,-71.2954075759999,0
			-33.4115962289999,-71.295138258,0
			-33.411614062,-71.2949938769999,0
			-33.411976,-71.2942759999999,0
			-33.4120272769999,-71.2940839789999,0
			-33.412168,-71.293557,0
			-33.41221,-71.2933989999999,0
			-33.4122149999999,-71.2931569999999,0
			-33.412238999,-71.291841049,0
			-33.4121805029999,-71.2914760209999,0
			-33.412122,-71.2911109989999,0
			-33.4119973259999,-71.2908203779999,0
			-33.411829251,-71.290427716,0
			-33.4115794689999,-71.2897977449999,0
			-33.41150239,-71.2895004869999,0
			-33.411476001,-71.2893980009998,0
			-33.4114549759999,-71.2893167569999,0
			-33.4114175199999,-71.2891720109999,0
			-33.4114251689999,-71.2887155049999,0
			-33.411431184,-71.2883912219999,0
			-33.411435463,-71.288159266,0
			-33.4114419819999,-71.2878208509999,0
			-33.4114006209999,-71.287512384,0
			-33.4113949999999,-71.287471,0
			-33.4113851969999,-71.2873978109999,0
			-33.4113649999999,-71.2872469999999,0
			-33.4112304269999,-71.2869943419999,0
			-33.4111140529999,-71.286775862,0
			-33.4111006309999,-71.286761443,0
			-33.411056236,-71.286719824,0
			-33.41076988,-71.2864517739999,0
			-33.410543103,-71.2861218879999,0
			-33.4105152929999,-71.286081425,0
			-33.410447313,-71.2850406169999,0
			-33.410491318,-71.28487117,0
			-33.4105720009999,-71.2845619999999,0
			-33.4107289999999,-71.2839569999999,0
			-33.4107379999999,-71.283473,0
			-33.4107409999999,-71.2832819999999,0
			-33.4107069999999,-71.2829169999999,0
			-33.4106679999999,-71.2825009999999,0
			-33.4106169999999,-71.282232,0
			-33.4105094089999,-71.2816681509999,0
			-33.4102839999999,-71.281258,0
			-33.4102279999999,-71.2811569999999,0
			-33.4101842589999,-71.2810779989999,0
			-33.41013,-71.2809799999998,0
			-33.4094929999999,-71.280345,0
			-33.409347494,-71.2802879979999,0
			-33.409209,-71.2802369999999,0
			-33.4090117439999,-71.28016417,0
			-33.4082799999999,-71.279894,0
			-33.40822012,-71.2798776209999,0
			-33.4078,-71.2797619999999,0
			-33.407542,-71.2796909999998,0
			-33.4074333309999,-71.279661287,0
			-33.407018992,-71.279547994,0
			-33.4069981359999,-71.2795322399999,0
			-33.406879999,-71.2794429989999,0
			-33.4063752309999,-71.2790641729999,0
			-33.4062384069999,-71.2789336279999,0
			-33.4058928869999,-71.2786038489999,0
			-33.4056893009998,-71.2784102269999,0
			-33.405646756,-71.2783696509999,0
			-33.4045383919999,-71.277042014,0
			-33.4044353999999,-71.2767281939999,0
			-33.4043922769999,-71.2765965429999,0
			-33.40437,-71.276528,0
			-33.4043326139999,-71.2764149999999,0
			-33.4042282789999,-71.276397037,0
			-33.4041525599999,-71.27638424,0
			-33.4038057359999,-71.2765729619999,0
			-33.403598029,-71.27668589,0
			-33.4028598189999,-71.2771596349999,0
			-33.402322854,-71.2772616069999,0
			-33.4018339839999,-71.2772488469998,0
			-33.4016912509999,-71.277244985,0
			-33.4013859639999,-71.277191541,0
			-33.401109183,-71.277142919,0
			-33.4008009749999,-71.2769958399999,0
			-33.400346569,-71.2767787499999,0
			-33.4003243679999,-71.276763567,0
			-33.399979284,-71.2764041479999,0
			-33.399947948,-71.2763795389999,0
			-33.3998273829999,-71.276284483,0
			-33.3996019999998,-71.276106,0
			-33.3995300249999,-71.2760100329999,0
			-33.399307,-71.2757129999999,0
			-33.399175183,-71.275492974,0
			-33.399167797,-71.2754806419998,0
			-33.3990480009999,-71.2752799989999,0
			-33.3989409999999,-71.2751309999999,0
			-33.3989170929999,-71.275098127,0
			-33.398750046,-71.2748680639999,0
			-33.3987009999999,-71.2748319999999,0
			-33.3983759999999,-71.274594,0
			-33.3983179999999,-71.2745049999999,0
			-33.3979219999999,-71.2739,0
			-33.3976943009998,-71.2735527459999,0
			-33.3975031509999,-71.273260765,0
			-33.3968969289999,-71.2721437459999,0
			-33.3967744519999,-71.272007792,0
			-33.3965740009999,-71.2717850009998,0
			-33.3962819999999,-71.2714609999999,0
			-33.3955119989999,-71.2706059989999,0
			-33.395190492,-71.270119538,0
			-33.394435001,-71.268973999,0
			-33.3940739179999,-71.268526744,0
			-33.39384,-71.2682369999999,0
			-33.3933259999999,-71.268107,0
			-33.393204318,-71.2680763569999,0
			-33.393052,-71.2680379999999,0
			-33.3929689999999,-71.268017,0
			-33.392911848,-71.2680028029999,0
			-33.392811869,-71.2679775279998,0
			-33.3921467669999,-71.2677967599999,0
			-33.392110724,-71.26778694,0
			-33.3920279999999,-71.2677639999999,0
			-33.3918439999999,-71.267714,0
			-33.3913220899999,-71.2676947409999,0
			-33.3913019999999,-71.2676939999998,0
			-33.390879,-71.2676789999999,0
			-33.3898279999999,-71.267724,0
			-33.38969,-71.26773,0
			-33.3896694819999,-71.267730951,0
			-33.388583239,-71.2675928559999,0
			-33.3883249999999,-71.267559999,0
			-33.387803091,-71.267087083,0
			-33.387602,-71.2669049999998,0
			-33.3873622469999,-71.2665086259999,0
			-33.3872039999999,-71.2662469999999,0
			-33.387063214,-71.2660143529999,0
			-33.387039719,-71.265943428,0
			-33.3870309999999,-71.2659169999999,0
			-33.3869920849999,-71.2657992809998,0
			-33.385876287,-71.262426982,0
			-33.3858712649999,-71.2624118479999,0
			-33.3855579999999,-71.2615539999999,0
			-33.3852409999999,-71.260688,0
			-33.3850199999998,-71.259354,0
			-33.3849269969999,-71.2587949969999,0
			-33.384661074,-71.258289739,0
			-33.3844570009999,-71.2579019999999,0
			-33.384391469,-71.2578210739999,0
			-33.383861332,-71.2571656149999,0
			-33.3834524769999,-71.2563452519999,0
			-33.3831650119999,-71.255291531,0
			-33.3831080589999,-71.2534665559999,0
			-33.383068317,-71.2521730549998,0
			-33.383355342,-71.251018641,0
			-33.3833607109999,-71.250925238,0
			-33.3833669999999,-71.250822,0
			-33.383384,-71.250528001,0
			-33.383384582,-71.2505175839999,0
			-33.383395,-71.2503309999998,0
			-33.3833801359999,-71.2498341319999,0
			-33.3833739949999,-71.2496287979998,0
			-33.3833697919999,-71.2494849939999,0
			-33.3833649999999,-71.249321,0
			-33.383354487,-71.24897877,0
			-33.3833472009999,-71.2487345069998,0
			-33.3832679879999,-71.248128798,0
			-33.383184268,-71.2475227089999,0
			-33.383214068,-71.2463796099999,0
			-33.3832963709999,-71.2459087989999,0
			-33.3833749999999,-71.245459001,0
			-33.383612001,-71.2448389999999,0
			-33.383641358,-71.244622761,0
			-33.383663879,-71.2444568799999,0
			-33.3836559999999,-71.244152,0
			-33.383061412,-71.2439437719999,0
			-33.3826878109999,-71.2438129219999,0
			-33.3819790829999,-71.243615001,0
			-33.381584404,-71.2432516099998,0
			-33.3815098749999,-71.243135517,0
			-33.381479,-71.2430869999999,0
			-33.3814429999999,-71.243031,0
			-33.3813219999999,-71.2428419999999,0
			-33.3813069999999,-71.2428179999999,0
			-33.3812640349999,-71.242752017,0
			-33.381250903,-71.242731619,0
			-33.38121411,-71.2425858929999,0
			-33.3811749999999,-71.2424309999999,0
			-33.3808670009998,-71.242071,0
			-33.379948412,-71.240998152,0
			-33.3796580009999,-71.240691999,0
			-33.3794445089999,-71.24046751,0
			-33.3792309999999,-71.240243,0
			-33.3788239999999,-71.2399709999999,0
			-33.3787307549999,-71.2399089719999,0
			-33.378594139,-71.239818091,0
			-33.378273081,-71.239580826,0
			-33.3780692839999,-71.2394302099999,0
			-33.3779650399999,-71.239329963,0
			-33.3778569999999,-71.2392259999999,0
			-33.377806,-71.2391769999999,0
			-33.3777774989999,-71.239149663,0
			-33.3775372939999,-71.2389192829999,0
			-33.377368082,-71.2387999359999,0
			-33.3772489999999,-71.2387159999999,0
			-33.3771540369999,-71.2386491569999,0
			-33.377043366,-71.2385712569999,0
			-33.376733461,-71.2383365019999,0
			-33.376581174,-71.2382211329999,0
			-33.3763784499999,-71.2381495119999,0
			-33.376317,-71.2381279999998,0
			-33.376267,-71.2381109999999,0
			-33.3761610009998,-71.238064999,0
			-33.3758171429999,-71.2379168009999,0
			-33.3757477189999,-71.2378868279999,0
			-33.375602,-71.2377979999999,0
			-33.3754599999999,-71.237712,0
			-33.3754469999999,-71.237704,0
			-33.3754314339999,-71.2376952439999,0
			-33.3751793869999,-71.2374181649999,0
			-33.3751551409999,-71.2373946599999,0
			-33.375087037,-71.2373280369998,0
			-33.3750334929999,-71.237276174,0
			-33.374896,-71.2371429999999,0
			-33.3747411849999,-71.237019722,0
			-33.3746799899999,-71.236970992,0
			-33.3746623319999,-71.2369569869999,0
			-33.3746513579999,-71.2369482329999,0
			-33.374604947,-71.236871633,0
			-33.3745719999999,-71.236817,0
			-33.3744799999999,-71.236665,0
			-33.37418,-71.2361689999998,0
			-33.374111,-71.2360559999999,0
			-33.374069102,-71.2359871679999,0
			-33.3741862279999,-71.2352422379999,0
			-33.3742961669999,-71.2348858019999,0
			-33.374467398,-71.2343321739999,0
			-33.3745279999999,-71.2341829999999,0
			-33.3745809999999,-71.2340509999999,0
			-33.3746324719999,-71.2339234109999,0
			-33.3747234809999,-71.2336994149999,0
			-33.3750180139999,-71.2331114339999,0
			-33.3750365999999,-71.233065828,0
			-33.3750459999999,-71.2330429999998,0
			-33.3751206779999,-71.2328607859999,0
			-33.3751310399999,-71.232835044,0
			-33.3751559999999,-71.232773,0
			-33.3752399999999,-71.232567,0
			-33.3752572349999,-71.23251671,0
			-33.3752803469999,-71.2324493,0
			-33.375396273,-71.232111112,0
			-33.3752409999999,-71.231499,0
			-33.375235,-71.2314789999999,0
			-33.3752240599999,-71.231444191,0
			-33.375093444,-71.2310332709999,0
			-33.375087,-71.2310129989999,0
			-33.374871258,-71.2306151619999,0
			-33.3747941839999,-71.2300404159999,0
			-33.3747780259999,-71.2299167909999,0
			-33.374816,-71.2296059999999,0
			-33.3748629999999,-71.2292159999999,0
			-33.3748988999999,-71.229097848,0
			-33.3749424059999,-71.2289555039999,0
			-33.37501523,-71.228717506,0
			-33.375014,-71.2286459999999,0
			-33.3749989999999,-71.2281409999999,0
			-33.3749969999999,-71.2280749999999,0
			-33.3749909999999,-71.2278849999999,0
			-33.374973,-71.22732,0
			-33.374944,-71.2269679999999,0
			-33.3749291949999,-71.226789363,0
			-33.3749234069999,-71.2267683549999,0
			-33.3749199999999,-71.2267569999998,0
			-33.3748619349999,-71.2265624829999,0
			-33.374811,-71.2263919999999,0
			-33.374771128,-71.2262604219999,0
			-33.37465,-71.225875,0
			-33.374634,-71.225824,0
			-33.3746179999999,-71.2257739999999,0
			-33.374432,-71.22533,0
			-33.3741319999999,-71.2244799999999,0
			-33.3738781669999,-71.224085959,0
			-33.373540001,-71.2235609989999,0
			-33.3731544419999,-71.222963237,0
			-33.372737,-71.222773999,0
			-33.3726735519999,-71.22277665,0
			-33.372379558,-71.2227889609999,0
			-33.372353999,-71.22279,0
			-33.3723244179999,-71.2227945859999,0
			-33.372154329,-71.222820882,0
			-33.371979004,-71.2228479999999,0
			-33.371612,-71.222993,0
			-33.371391151,-71.2230822509998,0
			-33.371281503,-71.2231496899999,0
			-33.371229018,-71.2231819889999,0
			-33.3710940009999,-71.2232609989999,0
			-33.3710406039999,-71.223292551,0
			-33.371028339,-71.2232997409999,0
			-33.3708824289999,-71.2233205429999,0
			-33.370617258,-71.2233579629999,0
			-33.370468919,-71.223318154,0
			-33.370092084,-71.223217,0
			-33.3699790049999,-71.2231769569999,0
			-33.369679844,-71.223070929,0
			-33.3696689999999,-71.2230659999999,0
			-33.3696469999999,-71.2230559999999,0
			-33.369609037,-71.2230389329999,0
			-33.3694293799999,-71.2229576989999,0
			-33.3693500319999,-71.2229128739999,0
			-33.369296004,-71.2228820019999,0
			-33.3692853619999,-71.222877317,0
			-33.3682758369999,-71.2224328829999,0
			-33.368198451,-71.2223772689999,0
			-33.3673586639999,-71.2217737389999,0
			-33.366886,-71.2214059999999,0
			-33.3667579999999,-71.2213069999999,0
			-33.3665329999999,-71.2211349999999,0
			-33.3660059729999,-71.220732474,0
			-33.3658429999999,-71.2206079999999,0
			-33.365646,-71.2205189999999,0
			-33.3656217759999,-71.2205082339999,0
			-33.3656098179998,-71.2205028079999,0
			-33.365352,-71.2203859999998,0
			-33.365116714,-71.220273569,0
			-33.3647960009999,-71.220119,0
			-33.3644905429999,-71.2200806599999,0
			-33.3643099869999,-71.220057719,0
			-33.363873954,-71.2199416749999,0
			-33.3636693399999,-71.219887091,0
			-33.363653874,-71.219883054,0
			-33.363644,-71.219881,0
			-33.363126372,-71.2199147759999,0
			-33.3617590919999,-71.2200036489999,0
			-33.361133373,-71.2199487549999,0
			-33.3607581219999,-71.2197065779999,0
			-33.360683117,-71.2196580759999,0
			-33.3605220649999,-71.2195540109998,0
			-33.360358001,-71.2194479999999,0
			-33.3600301029999,-71.2192406759999,0
			-33.3596895529999,-71.21902535,0
			-33.359548532,-71.2189217319998,0
			-33.3592170009999,-71.2186779989999,0
			-33.3589503359999,-71.2184822459999,0
			-33.358897247,-71.2184147139999,0
			-33.358754392,-71.2182325019999,0
			-33.358725544,-71.218195802,0
			-33.35823178,-71.2175676799999,0
			-33.3580400499999,-71.217288701,0
			-33.3578762,-71.2170502919999,0
			-33.3578309009999,-71.2170000409999,0
			-33.3574119999999,-71.216535999,0
			-33.357214848,-71.2163187049999,0
			-33.3571457499999,-71.2162425479999,0
			-33.3570899999999,-71.2161809999999,0
			-33.3569649999999,-71.2160939999999,0
			-33.3566969949999,-71.2159099969999,0
			-33.3565846039999,-71.2158366989999,0
			-33.3565639999999,-71.2158229999999,0
			-33.356290686,-71.2156444479999,0
			-33.3561304449998,-71.2154916819999,0
			-33.355958901,-71.2153247389999,0
			-33.355853,-71.215046,0
			-33.3557740879999,-71.2148402279999,0
			-33.3557619999999,-71.2148119999999,0
			-33.355548992,-71.214315996,0
			-33.3554904359999,-71.2142907069999,0
			-33.3552039999998,-71.214167,0
			-33.3548079999999,-71.2142199999998,0
			-33.3547566309999,-71.214227179,0
			-33.3544395929999,-71.2143810239999,0
			-33.3543839989999,-71.2144079999999,0
			-33.354153723,-71.2146038239999,0
			-33.353875944,-71.214840045,0
			-33.3536616449999,-71.2150135639999,0
			-33.353340271,-71.2152737809999,0
			-33.353221891,-71.2153440659999,0
			-33.3531521699999,-71.2153856239999,0
			-33.3529667709999,-71.2154955209999,0
			-33.3524579079999,-71.215723017,0
			-33.3523142439998,-71.2157495849999,0
			-33.3518742509999,-71.2158308209999,0
			-33.351258393,-71.2159805109999,0
			-33.3511047079999,-71.2159718279999,0
			-33.3510248939999,-71.215967055,0
			-33.3509379999999,-71.2159619999998,0
			-33.3508499059999,-71.2159570509999,0
			-33.3508136379999,-71.215958535,0
			-33.3502939999999,-71.2159809999999,0
			-33.349362454,-71.215888868,0
			-33.348565305,-71.2158097989999,0
			-33.3478941999999,-71.215263998,0
			-33.3477752859999,-71.2152117259999,0
			-33.3473004429999,-71.2150026349998,0
			-33.3470455449999,-71.214958098,0
			-33.346739,-71.2149049999999,0
			-33.3465400869999,-71.214871015,0
			-33.3464110039999,-71.2148676969999,0
			-33.3459541949999,-71.214856004,0
			-33.345366999,-71.2149219999999,0
			-33.3453451559999,-71.214924772,0
			-33.3450359989999,-71.2149639989998,0
			-33.3448879989999,-71.2149829999999,0
			-33.3445209659999,-71.2150617589999,0
			-33.34440792,-71.215085964,0
			-33.3439867509999,-71.2148987539999,0
			-33.343691,-71.214606999,0
			-33.3436772719999,-71.214593868,0
			-33.343667946,-71.2145849309999,0
			-33.3435682539999,-71.214456583,0
			-33.343438073,-71.214289068,0
			-33.343421,-71.2142669999999,0
			-33.3434074099999,-71.214257146,0
			-33.343364691,-71.2142261749999,0
			-33.3432669999999,-71.2141549999999,0
			-33.3431039999999,-71.214037,0
			-33.343007803,-71.2140168939999,0
			-33.3429259989999,-71.2140009989998,0
			-33.3421679999998,-71.2135079999999,0
			-33.3406749999999,-71.2125379999999,0
			-33.340616,-71.2125109999998,0
			-33.340373883,-71.212400857,0
			-33.339530295,-71.212017045,0
			-33.339521009,-71.2120130039999,0
			-33.3385880099999,-71.211734094,0
			-33.338203,-71.2116189999999,0
			-33.3380179999999,-71.2115689999999,0
			-33.3378939999999,-71.211536,0
			-33.3375136089999,-71.21143352,0
			-33.3370182739999,-71.2113000729999,0
			-33.3369639999999,-71.2112819999999,0
			-33.336256632,-71.211047535,0
			-33.3356630009999,-71.2109479999999,0
			-33.3349814179999,-71.21093264,0
			-33.3344218449999,-71.2109203079999,0
			-33.334108,-71.2110039999999,0
			-33.3338036549999,-71.2110856319999,0
			-33.3333504029999,-71.2112076979999,0
			-33.3333269999999,-71.211214,0
			-33.3328559989999,-71.2116039999999,0
			-33.332491999,-71.2120309999999,0
			-33.332412652,-71.2121765269999,0
			-33.3322630449999,-71.2124509159999,0
			-33.33221665,-71.2125239849999,0
			-33.3321286239999,-71.2126624069999,0
			-33.332006653,-71.212794985,0
			-33.331990963,-71.212812039,0
			-33.331925511,-71.21288328,0
			-33.3316968089999,-71.213131722,0
			-33.3313547119999,-71.213351949,0
			-33.33108399,-71.213363844,0
			-33.330900313,-71.213042759,0
			-33.3308451159999,-71.212347413,0
			-33.330958315,-71.2121027749999,0
			-33.3310639409999,-71.211875128,0
			-33.3310769999999,-71.211848,0
			-33.3311358399999,-71.211719349,0
			-33.331358,-71.211172,0
			-33.331424,-71.2110079999998,0
			-33.331451132,-71.210863699,0
			-33.3315984539999,-71.210080164,0
			-33.3316030009999,-71.2100559889999,0
			-33.3316323459999,-71.2096361909999,0
			-33.331662706,-71.2092018449999,0
			-33.331668,-71.209127,0
			-33.3316749999999,-71.2090269999999,0
			-33.3316459999999,-71.2085339999999,0
			-33.331601678,-71.2078003239999,0
			-33.3315989999999,-71.207756,0
			-33.3315029999999,-71.2073389999999,0
			-33.3314995869999,-71.2073242679999,0
			-33.331402,-71.2069029999999,0
			-33.3312959999998,-71.2065689999999,0
			-33.331171,-71.206173,0
			-33.3307819999999,-71.2057389999999,0
			-33.3305360859999,-71.2056694839999,0
			-33.330499,-71.2056589999999,0
			-33.3304009999999,-71.205632,0
			-33.3301228369999,-71.2056165469999,0
			-33.329987009,-71.2056090009999,0
			-33.3296361019999,-71.205572527,0
			-33.3294306669999,-71.205551177,0
			-33.3293259389999,-71.2055440629999,0
			-33.3292209999999,-71.2055369999999,0
			-33.328672,-71.205501,0
			-33.328171777,-71.2054957139999,0
			-33.327915,-71.2054929999999,0
			-33.326724956,-71.2056335779999,0
			-33.3257139999998,-71.205753,0
			-33.3252669999999,-71.2058129999999,0
			-33.3251587199999,-71.205817329,0
			-33.3248563349999,-71.2058309829999,0
			-33.3243679999999,-71.2056469989999,0
			-33.3241542809998,-71.20558754,0
			-33.323988578,-71.2055414439999,0
			-33.3238109929999,-71.2055068789999,0
			-33.3234659999999,-71.2054399989999,0
			-33.3228789999999,-71.2054649989998,0
			-33.3226678369999,-71.2055028299999,0
			-33.322571578,-71.2055198479999,0
			-33.3225269999999,-71.205507,0
			-33.322503992,-71.2055009979999,0
			-33.321811526,-71.2053077049999,0
			-33.3216525789999,-71.2052416389998,0
			-33.3213158839999,-71.2051009499999,0
			-33.321114999,-71.2050169989999,0
			-33.321043,-71.2049869999999,0
			-33.3210208589999,-71.2049781439999,0
			-33.3210077309999,-71.20497266,0
			-33.3206849649999,-71.204616801,0
			-33.320663,-71.204596,0
			-33.320626615,-71.2045621539999,0
			-33.3204399999999,-71.2043879999999,0
			-33.3203002069999,-71.204257738,0
			-33.3202640899999,-71.2042240489999,0
			-33.320037207,-71.203953245,0
			-33.319868941,-71.2037525099999,0
			-33.319495001,-71.2033079999999,0
			-33.3194409999999,-71.2032439999999,0
			-33.3193337509999,-71.2031170719999,0
			-33.3193259999999,-71.2031079999999,0
			-33.3188257659999,-71.2025247269999,0
			-33.318691036,-71.202367704,0
			-33.3185032599999,-71.202172156,0
			-33.3175489999999,-71.201181,0
			-33.3171189999999,-71.2007399999999,0
			-33.316588,-71.2001959999999,0
			-33.3165367819999,-71.2001469689998,0
			-33.3158984489999,-71.199535881,0
			-33.3156237009999,-71.1992728969999,0
			-33.3153589999999,-71.1990189999999,0
			-33.3152761499999,-71.1989401429999,0
			-33.3151963869999,-71.198884962,0
			-33.3146539999999,-71.1985099999999,0
			-33.314603596,-71.1984756749999,0
			-33.314241239,-71.1981835409999,0
			-33.313921707,-71.1979259319999,0
			-33.313756,-71.1977919999999,0
			-33.3131549999999,-71.197307,0
			-33.3117339999999,-71.1960139999998,0
			-33.3111059999999,-71.19559,0
			-33.3106807359999,-71.1954606959999,0
			-33.3106439989999,-71.1954495349999,0
			-33.3105389999999,-71.195417,0
			-33.3105139999998,-71.1954099999999,0
			-33.3104419999999,-71.1954079999999,0
			-33.3102729999999,-71.1954039999999,0
			-33.310121,-71.1953999999999,0
			-33.3099331869999,-71.195395134,0
			-33.309752999,-71.1954509999999,0
			-33.309754616,-71.195462844,0
			-33.3097559999999,-71.195476,0
			-33.309756557,-71.195547741,0
			-33.3097656189999,-71.1967652069999,0
			-33.3097679999999,-71.197085,0
			-33.3099409999999,-71.1981039999999,0
			-33.3099429209999,-71.198115141,0
			-33.3099760199999,-71.1983072159999,0
			-33.3100486079999,-71.1990565449998,0
			-33.3100749999999,-71.1993289999999,0
			-33.3101250179999,-71.1997241489999,0
			-33.3101617189999,-71.200012129,0
			-33.310209737,-71.2003911319999,0
			-33.3102725569998,-71.2011689329999,0
			-33.310221462,-71.201498321,0
			-33.310214,-71.201546,0
			-33.31021,-71.2015719999999,0
			-33.3101829999999,-71.201745,0
			-33.310099,-71.202285,0
			-33.3097679999999,-71.202915,0
			-33.309517,-71.203582,0
			-33.309427,-71.2040349999999,0
			-33.309408,-71.204131,0
			-33.3093689999999,-71.204329,0
			-33.3093499999999,-71.2046449999999,0
			-33.3093239999999,-71.2050689999999,0
			-33.309298,-71.2051279999999,0
			-33.3092796579999,-71.2051679219999,0
			-33.309264,-71.2052019999999,0
			-33.309248,-71.2052389999999,0
			-33.309189991,-71.205371785,0
			-33.309119634,-71.2055324939999,0
			-33.309065523,-71.205655464,0
			-33.309048,-71.2056729999999,0
			-33.308618517,-71.2061173499999,0
			-33.3085279389999,-71.2062110429999,0
			-33.308306113,-71.2063698009999,0
			-33.3082218939999,-71.206430027,0
			-33.3082030969999,-71.206434826,0
			-33.3081277589999,-71.206454062,0
			-33.307643001,-71.206578999,0
			-33.3069589999999,-71.2067319989999,0
			-33.3066839019999,-71.2068475909999,0
			-33.306414,-71.206961,0
			-33.3059718639999,-71.207226082,0
			-33.305962146,-71.2072318409998,0
			-33.3059449999999,-71.207242,0
			-33.305806,-71.207326,0
			-33.3055338779999,-71.207491105,0
			-33.3054888289999,-71.207529741,0
			-33.3052319999999,-71.20775,0
			-33.3052250799999,-71.207757579,0
			-33.3047589769999,-71.208268023,0
			-33.3047139989998,-71.2083169999999,0
			-33.30462462,-71.2084150759999,0
			-33.3045287969999,-71.2085198969999,0
			-33.3043472769999,-71.2086486799999,0
			-33.3041589999999,-71.2087819989999,0
			-33.304006224,-71.2088905929999,0
			-33.3037889999999,-71.2090449999999,0
			-33.3037829899999,-71.2090536399999,0
			-33.303740854,-71.2091135219999,0
			-33.3035216449999,-71.2094248399999,0
			-33.303461,-71.2095109989999,0
			-33.303090814,-71.210019164,0
			-33.3029849999999,-71.210113999,0
			-33.3026602689999,-71.2104067559999,0
			-33.301844999,-71.2108529999999,0
			-33.3015381449999,-71.2110225779999,0
			-33.3011987039999,-71.2112097289999,0
			-33.300940306,-71.211344673,0
			-33.3008589999999,-71.2113869999999,0
			-33.300508,-71.2115699999999,0
			-33.3002669979999,-71.211695849,0
			-33.299742415,-71.211969782,0
			-33.2994269609999,-71.2120728419999,0
			-33.2985789429999,-71.2123493739999,0
			-33.2980585549999,-71.2124438279999,0
			-33.297997,-71.212455,0
			-33.297962486,-71.212461296,0
			-33.2976900109999,-71.2125109979999,0
			-33.2969029999999,-71.2129809999999,0
			-33.296874999,-71.212998,0
			-33.296241999,-71.2134859989999,0
			-33.2960290519999,-71.2136499589998,0
			-33.2958388639999,-71.213722562,0
			-33.29518,-71.2139739989999,0
			-33.2945329959999,-71.214124999,0
			-33.2944129959999,-71.2141409929999,0
			-33.294258,-71.214162,0
			-33.294080843,-71.2141860909999,0
			-33.2939635899999,-71.214253914,0
			-33.293775001,-71.2143629989999,0
			-33.293498009,-71.214544905,0
			-33.2933055639999,-71.2146708629999,0
			-33.292825793,-71.2147737859999,0
			-33.2928009999999,-71.2147599999998,0
			-33.2927225509999,-71.2147170529998,0
			-33.292664077,-71.2146850409999,0
			-33.2924778909999,-71.2145838789999,0
			-33.2924079999999,-71.214507,0
			-33.2923669999999,-71.214462,0
			-33.2921899999999,-71.2142679999999,0
			-33.2919509999999,-71.2140559999999,0
			-33.2919419999999,-71.2140479999998,0
			-33.2918349999999,-71.2139539999999,0
			-33.2914677879999,-71.2139335989999,0
			-33.2914210009999,-71.2139309999999,0
			-33.2911119989999,-71.2140269999999,0
			-33.290672,-71.2142099989999,0
			-33.2903279029999,-71.2142659719999,0
			-33.2901356639999,-71.214213663,0
			-33.2900348219999,-71.214186226,0
			-33.2899329499999,-71.2141587259999,0
			-33.289807615,-71.2141245489998,0
			-33.289523172,-71.213890877,0
			-33.289467271,-71.2138599039999,0
			-33.2893849169999,-71.213813939,0
			-33.289257,-71.2137209999999,0
			-33.289171,-71.213659,0
			-33.289008773,-71.2136087869999,0
			-33.288821324,-71.2135510989999,0
			-33.288515,-71.213501,0
			-33.2883529869999,-71.2134748249998,0
			-33.288128845,-71.2134386689999,0
			-33.288025772,-71.213422043,0
			-33.2872020009999,-71.2135759989999,0
			-33.2871710069999,-71.213581999,0
			-33.2871579999999,-71.213585,0
			-33.286962,-71.2136369999999,0
			-33.2866168759999,-71.213730799,0
			-33.286166382,-71.2139767909999,0
			-33.2861562429999,-71.2139823369999,0
			-33.2860489999999,-71.214041,0
			-33.2857129999999,-71.2144249999998,0
			-33.28555876,-71.214970535,0
			-33.28555798,-71.214987911,0
			-33.2855366359999,-71.215458616,0
			-33.285427741,-71.2157444829999,0
			-33.285412999,-71.2157829989999,0
			-33.285314002,-71.2160419919999,0
			-33.285197045,-71.216384644,0
			-33.285186,-71.216417,0
			-33.2851870079999,-71.2164442289999,0
			-33.2851879919999,-71.21647144,0
			-33.2851919679999,-71.216581047,0
			-33.2850826929999,-71.216747535,0
			-33.2848263889999,-71.217133754,0
			-33.284460645,-71.2173521559999,0
			-33.2841249519999,-71.217501021,0
			-33.284102,-71.2175109999999,0
			-33.2839478729999,-71.2175800589999,0
			-33.2835410659999,-71.217770795,0
			-33.2833699999999,-71.2178509999999,0
			-33.2830667749999,-71.2180258659999,0
			-33.283044,-71.218039,0
			-33.2828417769999,-71.218155925,0
			-33.2828329999999,-71.218161,0
			-33.2828184259999,-71.2181767649998,0
			-33.2825809999999,-71.2184429999999,0
			-33.282565866,-71.2184601129999,0
			-33.2824676919999,-71.2185445659999,0
			-33.2823799999999,-71.21862,0
			-33.2823259999999,-71.218666,0
			-33.2822389999999,-71.218741,0
			-33.282211966,-71.218764477,0
			-33.2821630359999,-71.2188065029999,0
			-33.282047507,-71.2188807479999,0
			-33.2819969999999,-71.2189129989998,0
			-33.2817659999999,-71.2190609999999,0
			-33.281753008,-71.2190699929999,0
			-33.2816230849999,-71.219177552,0
			-33.2813869999999,-71.219373,0
			-33.281056,-71.219962,0
			-33.281022,-71.2201079999999,0
			-33.2809979799999,-71.220214087,0
			-33.280967,-71.2203479999999,0
			-33.2809039999999,-71.220625,0
			-33.280815,-71.22095,0
			-33.280795,-71.2210229999999,0
			-33.2807867619999,-71.221053377,0
			-33.280778787,-71.221082301,0
			-33.2806649999999,-71.221243,0
			-33.2804499999999,-71.221548,0
			-33.2801469999999,-71.2218479999999,0
			-33.279848,-71.2221989999999,0
			-33.2798202869999,-71.222231661,0
			-33.279767593,-71.2222696809998,0
			-33.2795780239999,-71.2224059819998,0
			-33.2791817449999,-71.2225347829999,0
			-33.279138496,-71.2225488019999,0
			-33.2786903719999,-71.2226497439999,0
			-33.278174528,-71.2227537219998,0
			-33.27763154,-71.222859821,0
			-33.277560664,-71.2228749809999,0
			-33.2774320029999,-71.2229019999999,0
			-33.2771519999999,-71.2229619999998,0
			-33.276836037,-71.2229754049999,0
			-33.276822,-71.2229759999999,0
			-33.276597,-71.2229859999999,0
			-33.275813,-71.2232249999999,0
			-33.275049735,-71.2232917649999,0
			-33.2748870239999,-71.2233059979999,0
			-33.2745948959999,-71.2232466799999,0
			-33.2745619999999,-71.22324,0
			-33.2743580199999,-71.223198885,0
			-33.2740510009999,-71.2231369989999,0
			-33.2735259999999,-71.223159,0
			-33.2734650229999,-71.2231619979999,0
			-33.2732070269999,-71.2231583379999,0
			-33.2724899999999,-71.2231479999999,0
			-33.272479,-71.2231479999999,0
			-33.272263993,-71.2231449569999,0
			-33.2720479999999,-71.2231419999999,0
			-33.271982995,-71.2231605009999,0
			-33.2719179999999,-71.2231789999999,0
			-33.2717524539999,-71.2232258609999,0
			-33.2715370019999,-71.223286999,0
			-33.270927,-71.2236869999999,0
			-33.2706039999999,-71.2241019999999,0
			-33.2705339999999,-71.224192,0
			-33.2705267889999,-71.2242160669999,0
			-33.2704528019999,-71.2244616579998,0
			-33.270364,-71.2247559999998,0
			-33.2702839999999,-71.2250239999999,0
			-33.2701649999999,-71.2254859999999,0
			-33.270124068,-71.2256457319999,0
			-33.269885539,-71.226137148,0
			-33.269838874,-71.2262330859999,0
			-33.2694383069999,-71.2267016389999,0
			-33.268922463,-71.2268055819999,0
			-33.2685080219999,-71.2267826599999,0
			-33.268056024,-71.2265967209999,0
			-33.267461795,-71.226293835,0
			-33.2674505169999,-71.2262856489999,0
			-33.2670348369999,-71.2259838199999,0
			-33.266684058,-71.225597869,0
			-33.2666763119999,-71.225589331,0
			-33.2663911399999,-71.2251499939999,0
			-33.266290442,-71.2248505009999,0
			-33.2661599809999,-71.2244618329999,0
			-33.266148496,-71.2243628199999,0
			-33.2661229999999,-71.2241429999999,0
			-33.2661169999999,-71.2240949999999,0
			-33.2660909999999,-71.2240389999999,0
			-33.2659689999999,-71.2237729999999,0
			-33.2657819999999,-71.223619,0
			-33.2657349999999,-71.22358,0
			-33.2657,-71.223551,0
			-33.2655429999999,-71.223422,0
			-33.2652830179999,-71.2232568539999,0
			-33.2652249999999,-71.2232199999999,0
			-33.2651196679999,-71.2231534249999,0
			-33.2650694069999,-71.223136569,0
			-33.2646863119999,-71.223009648,0
			-33.2644623269999,-71.22293511,0
			-33.2638992859999,-71.2225491959999,0
			-33.2634484599999,-71.2220727289999,0
			-33.2631403799999,-71.2217470599999,0
			-33.2630449999999,-71.2216459999999,0
			-33.2630339999999,-71.2216349999999,0
			-33.2630088339999,-71.2216110319999,0
			-33.2629922139998,-71.221595013,0
			-33.2627972239999,-71.2214072149999,0
			-33.262277,-71.2210899999998,0
			-33.2622593959999,-71.2210792849999,0
			-33.262230696,-71.221061753,0
			-33.262121263,-71.2209730069999,0
			-33.2617019999998,-71.2206329989999,0
			-33.2612829999999,-71.220363999,0
			-33.261228877,-71.220317827,0
			-33.2609663379999,-71.2200938499999,0
			-33.2608999789999,-71.2200798039999,0
			-33.2607658719999,-71.2200556089999,0
			-33.2604065749999,-71.2199911039999,0
			-33.260394001,-71.2199869999999,0
			-33.2595089999999,-71.219701,0
			-33.258817,-71.2198119999999,0
			-33.258412,-71.2200349999999,0
			-33.2579699999999,-71.2202999999998,0
			-33.2577169999999,-71.2203869999999,0
			-33.257562134,-71.2204399529999,0
			-33.2571420289999,-71.220565729,0
			-33.257081,-71.220584,0
			-33.256605,-71.2207689999999,0
			-33.256453,-71.2208459989999,0
			-33.2563510849999,-71.2208976599999,0
			-33.256162516,-71.220993186,0
			-33.255914178,-71.221089526,0
			-33.2558148159999,-71.221128071,0
			-33.2557360329999,-71.2211588469999,0
			-33.2556865469999,-71.2211780189999,0
			-33.2551353549999,-71.22124293,0
			-33.2548168349999,-71.2212366649999,0
			-33.2545023479999,-71.221230425,0
			-33.254479063,-71.2212303109999,0
			-33.253830896,-71.221299115,0
			-33.253644,-71.221505,0
			-33.2535919999999,-71.2215619999999,0
			-33.2535702429999,-71.221586477,0
			-33.2535600229999,-71.2215977219999,0
			-33.253127751,-71.2220681379999,0
			-33.2528016639999,-71.2226562329998,0
			-33.2521809679999,-71.2238317159999,0
			-33.2520247279999,-71.224248974,0
			-33.25158491,-71.2246369719999,0
			-33.251550105,-71.2246525309999,0
			-33.2514117729999,-71.224714102,0
			-33.2512385219999,-71.2247915869999,0
			-33.2509759999999,-71.224909,0
			-33.2509159999998,-71.2249459999999,0
			-33.250742422,-71.2250545589999,0
			-33.2506167359999,-71.2251328479999,0
			-33.2501963409999,-71.2253946009998,0
			-33.2495181019999,-71.225751658,0
			-33.2491060359999,-71.2258518929999,0
			-33.2489699409999,-71.225898817,0
			-33.2482798189999,-71.2258436839999,0
			-33.2470616909999,-71.2257460559999,0
			-33.2470415399999,-71.225743096,0
			-33.246858,-71.225716,0
			-33.246772,-71.225703,0
			-33.2465297879999,-71.2256672459999,0
			-33.246355518,-71.225611763,0
			-33.246167446,-71.2255415869999,0
			-33.245979486,-71.2254610419999,0
			-33.2459490119999,-71.225446731,0
			-33.2455235859999,-71.2248654859999,0
			-33.245171012,-71.2244275419999,0
			-33.2446970289999,-71.2240579959999,0
			-33.244049199,-71.22332661,0
			-33.2436365189999,-71.2228871549999,0
			-33.2429261699999,-71.222297231,0
			-33.242393427,-71.221854751,0
			-33.241856774,-71.2216267599999,0
			-33.2413789509999,-71.2214715539999,0
			-33.2409585259999,-71.221461002,0
			-33.240483254,-71.2211630159999,0
			-33.2401319429999,-71.2206535889999,0
			-33.2400245729999,-71.219935933,0
			-33.24004243,-71.21893557,0
			-33.2400577319999,-71.218078079,0
			-33.239849404,-71.2162854199998,0
			-33.239560572,-71.215634745,0
			-33.2391491349999,-71.2151238299999,0
			-33.2387913569999,-71.214971869,0
			-33.238310977,-71.2149596619998,0
			-33.237888078,-71.215092101,0
			-33.237461359,-71.215438752,0
			-33.236739514,-71.2154920019999,0
			-33.2361364529999,-71.2156197149998,0
			-33.235475911,-71.2156030479999,0
			-33.2351168609999,-71.215522525,0
			-33.234697781,-71.2154404869999,0
			-33.2343718629999,-71.2152541789999,0
			-33.2343366859999,-71.2151927269999,0
			-33.2342594649999,-71.2149704139999,0
			-33.2341777299999,-71.2147484239999,0
			-33.234059649,-71.214547231,0
			-33.233932131,-71.2143616219999,0
			-33.2338293789999,-71.214224719,0
			-33.2337375089999,-71.2137006279999,0
			-33.2336326399999,-71.212840081,0
			-33.2332825639999,-71.212259295,0
			-33.232931137,-71.2117501179999,0
			-33.2326960289999,-71.211458261,0
			-33.2324058999999,-71.2108789979999,0
			-33.2323546899999,-71.2103773019999,0
			-33.2324274919999,-71.2096642519999,0
			-33.2326228899999,-71.2088113629999,0
			-33.2326968799999,-71.2080268779999,0
			-33.232654613,-71.2070249079999,0
			-33.2324909339999,-71.206091524,0
			-33.2320358969999,-71.2046502489999,0
			-33.2313393079999,-71.203274563,0
			-33.230693951,-71.202400494,0
			-33.23016232,-71.201886765,0
			-33.229689596,-71.2014460689999,0
			-33.2292205189999,-71.2007909129998,0
			-33.2289304099999,-71.200211795,0
			-33.2287628879999,-71.1994927439999,0
			-33.2287369689999,-71.1975619999999,0
			-33.2287533049999,-71.196633178,0
			-33.22853078,-71.1956268369998,0
			-33.2282443559999,-71.1948333679999,0
			-33.2276165799999,-71.192959064,0
			-33.2274502719999,-71.19216861,0
			-33.2271689369999,-71.1910893699999,0
			-33.226943848,-71.19022591,0
			-33.2267775249999,-71.18943538,0
			-33.2267288149999,-71.1887908719999,0
			-33.2267362859999,-71.1883622239999,0
			-33.2272293199999,-71.1876596639999,0
			-33.2274736089999,-71.187542169,0
			-33.227507556,-71.187342614,0
			-33.2275163639999,-71.1871021799999,0
			-33.227520645,-71.186858819,0
			-33.227506815,-71.1866159739999,0
			-33.2274750569999,-71.1863761979999,0
			-33.227443104,-71.186138968,0
			-33.2273976849999,-71.185903158,0
			-33.2273521879999,-71.1856673459999,0
			-33.2273022509999,-71.1854320429999,0
			-33.2272613359999,-71.1851959959999,0
			-33.2272159259998,-71.184959485,0
			-33.227193002,-71.18472116,0
			-33.227179231,-71.1844791089999,0
			-33.2271880049999,-71.1842362129999,0
			-33.227210245,-71.1839961109999,0
			-33.2272279729999,-71.1837565119999,0
			-33.2272637799999,-71.1835178909999,0
			-33.2272904949999,-71.183279482,0
			-33.227330738,-71.1830405289999,0
			-33.2273574439999,-71.182802737,0
			-33.2273977339999,-71.1825653669999,0
			-33.2274333639999,-71.1823282359999,0
			-33.2274781409999,-71.1820918559999,0
			-33.227522859,-71.1818545959999,0
			-33.2275586369999,-71.1816174689999,0
			-33.2275943459999,-71.1813799849999,0
			-33.227630049,-71.1811427629999,0
			-33.2276747589999,-71.1809058549999,0
			-33.227710456,-71.1806689859999,0
			-33.2277552169999,-71.180433396,0
			-33.2277954149999,-71.1801967259999,0
			-33.227844612,-71.1799608059999,0
			-33.2278848669998,-71.179725105,0
			-33.2279430199999,-71.17949222,0
			-33.2279967019999,-71.1792617709999,0
			-33.2280727739999,-71.1790350429999,0
			-33.228139862,-71.1788107299999,0
			-33.2282248779999,-71.1785878249999,0
			-33.2283099239999,-71.1783673859999,0
			-33.2283904369999,-71.178148412,0
			-33.228479885,-71.1779296599999,0
			-33.228569367,-71.1777131939999,0
			-33.2286588109999,-71.1774988349999,0
			-33.228757166,-71.177286018,0
			-33.2288555879999,-71.177073552,0
			-33.228945014,-71.1768601599999,0
			-33.2290478849999,-71.1766467469999,0
			-33.2291418069999,-71.1764338159999,0
			-33.2292357439999,-71.1762201839999,0
			-33.2293296769999,-71.1760066379999,0
			-33.229423674,-71.1757893119998,0
			-33.2294905869998,-71.1755663929999,0
			-33.229562253,-71.1753377909999,0
			-33.22963835,-71.1751133399999,0
			-33.22972326,-71.1748961419999,0
			-33.2298217759999,-71.1746823549999,0
			-33.2299156089999,-71.174470032,0
			-33.2300094789999,-71.1742557769999,0
			-33.2301034449999,-71.174040119,0
			-33.230197404,-71.1738248979999,0
			-33.230282369,-71.1736086619999,0
			-33.2303763769999,-71.17339072,0
			-33.230456819,-71.1731710329999,0
			-33.2305284079999,-71.172946466,0
			-33.2305999769999,-71.1727189109999,0
			-33.230658079,-71.1724882989999,0
			-33.230720794,-71.172255864,0
			-33.230769946,-71.172021689,0
			-33.2308282229999,-71.1717810579999,0
			-33.2308637319999,-71.17155393,0
			-33.2308638079999,-71.1707753279999,0
			-33.2301586259999,-71.1693325519998,0
			-33.2297700779999,-71.167823868,0
			-33.2298278679999,-71.166322078,0
			-33.2295961639999,-71.1656460569999,0
			-33.2291095589999,-71.165108263,0
			-33.2281592109999,-71.1647942519999,0
			-33.2274801569999,-71.1646899739999,0
			-33.227297294,-71.1645771799999,0
			-33.227118984,-71.1644617749999,0
			-33.2269405649999,-71.1643483909999,0
			-33.226642135,-71.164139935,0
			-33.2264683989999,-71.164016295,0
			-33.2262994259999,-71.163886356,0
			-33.226116829,-71.163754061,0
			-33.225952508,-71.1636115809999,0
			-33.2258293189999,-71.1634358359999,0
			-33.2257521099999,-71.1632073459999,0
			-33.2257204109999,-71.1629573879999,0
			-33.2257424719999,-71.1627252769999,0
			-33.2258229969999,-71.1625040099999,0
			-33.2259214249999,-71.1622854689999,0
			-33.2260019699999,-71.1620630609999,0
			-33.2260690319999,-71.1618344289998,0
			-33.226127127,-71.161603116,0
			-33.2261898099998,-71.1613713,0
			-33.226243438,-71.1611419869999,0
			-33.2263239689999,-71.1609159719999,0
			-33.2264089809999,-71.16069569,0
			-33.2264938359999,-71.16048024,0
			-33.2265923199999,-71.160266797,0
			-33.22669508,-71.1600580239999,0
			-33.2267933029999,-71.159851164,0
			-33.2269006419999,-71.159646637,0
			-33.227021291,-71.1594457749999,0
			-33.2271419429998,-71.159248869,0
			-33.2272581319999,-71.159049565,0
			-33.2273519679999,-71.158839956,0
			-33.2274279339999,-71.1586171629999,0
			-33.2274950849999,-71.158387212,0
			-33.227544211,-71.158152946,0
			-33.227597913,-71.157918971,0
			-33.2276425409999,-71.1576843319999,0
			-33.227687196,-71.157448023,0
			-33.2277274329999,-71.1572109029999,0
			-33.227758584,-71.1569737359998,0
			-33.2278077539999,-71.156736834,0
			-33.2278434899999,-71.1564993389999,0
			-33.2278836449999,-71.1562625679999,0
			-33.2279192219999,-71.156025684,0
			-33.2279640209999,-71.155789377,0
			-33.2280040989999,-71.1555526909999,0
			-33.2280137999999,-71.155513024,0
			-33.2280420609999,-71.155446653,0
			-33.2281584619999,-71.1544503089999,0
			-33.2283067179998,-71.1529193699998,0
			-33.2284572299999,-71.152302687,0
			-33.228535096,-71.1522297939999,0
			-33.2286357099999,-71.151888232,0
			-33.229008692,-71.151439694,0
			-33.2292024729999,-71.1511825949999,0
			-33.229254371,-71.1510478019999,0
			-33.2294574109999,-71.150784862,0
			-33.229725201,-71.1504171529999,0
			-33.2303085179999,-71.150060945,0
			-33.231613608,-71.149419586,0
			-33.2323890289999,-71.1489027239999,0
			-33.2331711319999,-71.1472164049999,0
			-33.2338748379999,-71.1458893309999,0
			-33.2344290079999,-71.145128013,0
			-33.2350082929999,-71.144739128,0
			-33.235063859,-71.1446569789999,0
			-33.2351933479999,-71.1444690399999,0
			-33.23523947,-71.144407402,0
			-33.23554236,-71.1433182919999,0
			-33.2358010569999,-71.1426967959998,0
			-33.2363626009999,-71.1420295029999,0
			-33.2367907309999,-71.1415165619999,0
			-33.2371176329999,-71.141386612,0
			-33.237452737,-71.141042108,0
			-33.2377544539999,-71.140534338,0
			-33.2377564689999,-71.140155512,0
			-33.2372577589999,-71.1387432869999,0
			-33.2367884069999,-71.1374616299999,0
			-33.2361548919999,-71.135758884,0
			-33.235851833,-71.1347589,0
			-33.2358290079999,-71.1345178399999,0
			-33.2357788579999,-71.134284994,0
			-33.2357196409999,-71.13405518,0
			-33.2356469679999,-71.133826095,0
			-33.2355922629998,-71.1335960389998,0
			-33.2355376869999,-71.1333626479999,0
			-33.235505706,-71.1331254959999,0
			-33.2354691759999,-71.132886478,0
			-33.2354417279999,-71.1326477709999,0
			-33.235391724,-71.132410535,0
			-33.235359795,-71.1321703089999,0
			-33.2353188029999,-71.131928547,0
			-33.2352778689999,-71.1316878389999,0
			-33.235236856,-71.1314517009999,0
			-33.2351776749999,-71.1312239149999,0
			-33.2350956879999,-71.131007616,0
			-33.234990781,-71.130810012,0
			-33.234854142,-71.1306275489999,0
			-33.234708332,-71.1304543599999,0
			-33.2345625099999,-71.130281872,0
			-33.234425761,-71.130105826,0
			-33.23427993,-71.129933955,0
			-33.234138532,-71.1297618409999,0
			-33.2340019119999,-71.1295781509999,0
			-33.2338972299999,-71.1293758109999,0
			-33.2338017579999,-71.1291575209999,0
			-33.2337290579999,-71.12892941,0
			-33.2336879429999,-71.1286946829999,0
			-33.2336514479999,-71.128457429,0
			-33.233628457,-71.128216723,0
			-33.2336010309999,-71.127976087,0
			-33.2335736969999,-71.127734572,0
			-33.2335506979999,-71.127494219,0
			-33.2335096969999,-71.1272568589999,0
			-33.233468564,-71.127022833,0
			-33.2334003389999,-71.126796504,0
			-33.233318379,-71.1265782799999,0
			-33.233218301,-71.126365597,0
			-33.2331183059999,-71.1261522999999,0
			-33.2330227699999,-71.1259373529999,0
			-33.232936255,-71.125722012,0
			-33.2328361749999,-71.125509328,0
			-33.2327314979999,-71.125301984,0
			-33.23261768,-71.1251019809999,0
			-33.232494736,-71.1249088759999,0
			-33.23236718,-71.124721725,0
			-33.232239642,-71.1245335209999,0
			-33.2321166539999,-71.124342789,0
			-33.2319801049999,-71.124154458,0
			-33.231852713,-71.1239621239999,0
			-33.2317661069999,-71.1237518849999,0
			-33.2317249,-71.1235219079999,0
			-33.2317064879999,-71.1232806169999,0
			-33.2316926519999,-71.123035214,0
			-33.231683227,-71.12279124,0
			-33.2316423079999,-71.1225528329999,0
			-33.231592091,-71.1223225529999,0
			-33.231514782,-71.122095397,0
			-33.2314465499999,-71.1218688129999,0
			-33.2313783719999,-71.1216390639999,0
			-33.2313462819999,-71.121402543,0
			-33.231314262,-71.121162065,0
			-33.231295861,-71.1209198959999,0
			-33.231259376,-71.1206812459999,0
			-33.231209242,-71.120450353,0
			-33.2311318829999,-71.120225835,0
			-33.2310408809999,-71.1200087259999,0
			-33.2309316209999,-71.1198052359999,0
			-33.2308041109999,-71.1196150229999,0
			-33.230676622,-71.119427883,0
			-33.230544434,-71.119243271,0
			-33.2304032309999,-71.1190631859999,0
			-33.2302574039999,-71.1188900249999,0
			-33.2301114529999,-71.118724242,0
			-33.229960836,-71.1185676639999,0
			-33.2297919059999,-71.118428051,0
			-33.2296226199998,-71.1183049529999,0
			-33.2294442149999,-71.118192447,0
			-33.2292566579999,-71.1180838529999,0
			-33.2290737009999,-71.117973964,0
			-33.228886024,-71.1178724009999,0
			-33.2286982739999,-71.11777936,0
			-33.2285151639999,-71.1176784359999,0
			-33.2283414049999,-71.1175534749999,0
			-33.2281859789999,-71.1174102369999,0
			-33.228026304,-71.1172606549999,0
			-33.2278665679999,-71.1171058849999,0
			-33.2277159819999,-71.116947383,0
			-33.2275653529999,-71.1167871199999,0
			-33.2274058039999,-71.116625679,0
			-33.2272598229999,-71.1164656189999,0
			-33.227104649,-71.116307623,0
			-33.226949584,-71.1161473449999,0
			-33.22680359,-71.1159838579998,0
			-33.226653018,-71.1158243049999,0
			-33.226484147,-71.1156767039999,0
			-33.2263241379999,-71.115542416,0
			-33.2261458959999,-71.1154157719999,0
			-33.2259630529999,-71.115298952,0
			-33.2257799139999,-71.1151953969999,0
			-33.2255966619999,-71.115102825,0
			-33.2254041959999,-71.115021988,0
			-33.2252115169999,-71.1149493209999,0
			-33.2250188339999,-71.1148813089999,0
			-33.224821452,-71.114820217,0
			-33.224628445,-71.1147713619999,0
			-33.2244217859999,-71.1147257789999,0
			-33.2242287499999,-71.1146741969999,0
			-33.2240270459999,-71.1146066729999,0
			-33.223829886,-71.1145368899999,0
			-33.2236371609999,-71.114466857,0
			-33.223444494,-71.114393488,0
			-33.2232429709999,-71.1143152499999,0
			-33.223055044,-71.1142281969999,0
			-33.2228718539999,-71.1141319399999,0
			-33.222693388,-71.114022703,0
			-33.222533278,-71.1138897369999,0
			-33.2223736679999,-71.113731649,0
			-33.2222233889999,-71.1135547999999,0
			-33.2220958409999,-71.113366196,0
			-33.2219819269999,-71.1131707119999,0
			-33.22189995,-71.1129521779999,0
			-33.2218318089999,-71.112719122,0
			-33.2217725739999,-71.1124880409999,0
			-33.2216770869999,-71.1122732259998,0
			-33.2215678399999,-71.1120681,0
			-33.2214540109999,-71.1118676099999,0
			-33.221344653,-71.1116690769999,0
			-33.2212262259998,-71.1114695319999,0
			-33.2211124809999,-71.111268254,0
			-33.2210122729999,-71.1110616779999,0
			-33.22090765,-71.1108496369998,0
			-33.220829798,-71.110655288,0
			-33.220821213,-71.110632317,0
			-33.220739275,-71.1104110639999,0
			-33.2207050989999,-71.1103006449999,0
			-33.220661998,-71.110185179,0
			-33.220607243,-71.1099553509999,0
			-33.2205480949999,-71.109723135,0
			-33.220502417,-71.1094894819999,0
			-33.2204522709998,-71.1092535269999,0
			-33.2204112319999,-71.1090162059999,0
			-33.220365602,-71.1087796579999,0
			-33.220333571,-71.1085425529999,0
			-33.2203060739999,-71.1083038909999,0
			-33.2203101879999,-71.108061241,0
			-33.2203142779999,-71.107819907,0
			-33.22032287,-71.107578769,0
			-33.2203449889999,-71.1073372529999,0
			-33.2203625729999,-71.1070972109999,0
			-33.2203892349999,-71.1068578239999,0
			-33.2204158109999,-71.106619052,0
			-33.2204603919999,-71.106381413,0
			-33.220500456,-71.10614437,0
			-33.2205360899999,-71.105907132,0
			-33.2205671729999,-71.1056681999999,0
			-33.220566737,-71.1054278129999,0
			-33.2205572499999,-71.1051851869999,0
			-33.220538827,-71.1049426109998,0
			-33.220556393,-71.1047033579999,0
			-33.2206054809999,-71.104469868,0
			-33.220672545,-71.104239181,0
			-33.2207080729999,-71.1040036109999,0
			-33.2207165699999,-71.103763436,0
			-33.220707234,-71.1035204619999,0
			-33.2207068179999,-71.1032786659999,0
			-33.22072444,-71.1030360729999,0
			-33.220733036,-71.102794144,0
			-33.2207279849999,-71.1025554029999,0
			-33.2206869039999,-71.1023200179998,0
			-33.2206277559999,-71.1020869269999,0
			-33.220573123,-71.101853327,0
			-33.220536497,-71.1016163799999,0
			-33.2205135079999,-71.1013767709999,0
			-33.220494979,-71.101135598,0
			-33.220494641,-71.1008931909999,0
			-33.2204896279999,-71.1006520769999,0
			-33.22049371,-71.1004103919999,0
			-33.22049779,-71.1001687919999,0
			-33.220492849,-71.099927594,0
			-33.220501434,-71.099686103,0
			-33.2205010709999,-71.099445014,0
			-33.2205095909999,-71.0992028199999,0
			-33.220513669,-71.0989612209999,0
			-33.2205178179999,-71.0987197979999,0
			-33.2205263129999,-71.0984790089999,0
			-33.220530464,-71.098237325,0
			-33.2205434709999,-71.0979962899999,0
			-33.2205701079999,-71.09775725,0
			-33.2206056749999,-71.0975186879999,0
			-33.2206097399999,-71.097277704,0
			-33.2206047989999,-71.097036154,0
			-33.220586344,-71.096794368,0
			-33.2205542419999,-71.096555861,0
			-33.220513135,-71.096321183,0
			-33.2204449289999,-71.096090251,0
			-33.220381108,-71.0958620609999,0
			-33.2203173359999,-71.09563528,0
			-33.2202445139999,-71.0954062619999,0
			-33.2201716169999,-71.0951818109999,0
			-33.220076126,-71.094965348,0
			-33.2199530609999,-71.094771959,0
			-33.2198210389999,-71.0945841559999,0
			-33.219743503,-71.09436742,0
			-33.2196889409999,-71.0941243369999,0
			-33.219684034,-71.0938848109999,0
			-33.219746368,-71.093662004,0
			-33.2198759489999,-71.093463915,0
			-33.2200496469999,-71.0933265509999,0
			-33.220227391,-71.0932074779999,0
			-33.2203656059999,-71.0930363969999,0
			-33.220499364,-71.0928535219999,0
			-33.220628884,-71.092663511,0
			-33.220749348,-71.092467223,0
			-33.2208565019999,-71.092267278,0
			-33.220959192,-71.092060456,0
			-33.221057414,-71.091846936,0
			-33.2211512529999,-71.0916304999999,0
			-33.2212360129998,-71.0914135829999,0
			-33.221334331,-71.0911986579999,0
			-33.2214236469999,-71.0909831669998,0
			-33.2215083879999,-71.090767301,0
			-33.2216066999999,-71.090552727,0
			-33.2217094419999,-71.0903426529999,0
			-33.2218120369999,-71.090136878,0
			-33.2219147179999,-71.0899304039999,0
			-33.222021948,-71.089721314,0
			-33.2221202009999,-71.0895101629999,0
			-33.2222139459998,-71.0892990779999,0
			-33.2223210979999,-71.0890901609999,0
			-33.222428248,-71.0888858119999,0
			-33.222539852,-71.088684556,0
			-33.2226559169999,-71.088485868,0
			-33.2227719329999,-71.0882901649999,0
			-33.222896885,-71.0880989809999,0
			-33.2230262679999,-71.0879122959998,0
			-33.2231599739999,-71.087732043,0
			-33.223302712,-71.08755508,0
			-33.223445494,-71.0873797869999,0
			-33.2235837169999,-71.087203331,0
			-33.2237174329999,-71.0870224579999,0
			-33.223846888,-71.086835773,0
			-33.2239539359999,-71.0866327329999,0
			-33.224043229,-71.0864182849999,0
			-33.2241415629999,-71.086201944,0
			-33.2242397959999,-71.085991484,0
			-33.2243379549999,-71.085781201,0
			-33.22444073,-71.0855686529999,0
			-33.2245300559999,-71.0853519189999,0
			-33.2245924919999,-71.0851263719998,0
			-33.2246414749999,-71.0848925049999,0
			-33.2246725159999,-71.084653819,0
			-33.2247126629999,-71.0844137659999,0
			-33.224757112,-71.0841770659999,0
			-33.224801681,-71.08394204,0
			-33.2248461789999,-71.0837067489999,0
			-33.224890757,-71.0834710199999,0
			-33.224921799,-71.0832320689998,0
			-33.2249483799999,-71.0829902869999,0
			-33.2249974219999,-71.082757121,0
			-33.2250821829999,-71.0825392199999,0
			-33.225175916,-71.0823281219999,0
			-33.22528762,-71.0821202609999,0
			-33.2253947309999,-71.081913172,0
			-33.225492942,-71.081703585,0
			-33.225591177,-71.081492767,0
			-33.2257027639999,-71.081287451,0
			-33.2258232899999,-71.0810951779999,0
			-33.2259570729999,-71.0809142079999,0
			-33.2260997609999,-71.0807396889999,0
			-33.2262333579999,-71.080565392,0
			-33.226376036,-71.080391397,0
			-33.226518734,-71.080220477,0
			-33.226665883,-71.0800486099999,0
			-33.2268041059999,-71.079871431,0
			-33.226933491,-71.0796840249999,0
			-33.2270361189999,-71.0794796329999,0
			-33.2271387739999,-71.0792691799999,0
			-33.2272504089999,-71.0790651749999,0
			-33.2273753129999,-71.078876077,0
			-33.2275091369999,-71.0786924649998,0
			-33.227642991,-71.0785115749999,0
			-33.2277767149999,-71.0783293649999,0
			-33.227901597,-71.0781414949999,0
			-33.2279998319999,-71.0779302269999,0
			-33.2281158719999,-71.0777321259999,0
			-33.228240779,-71.0775426729999,0
			-33.228383516,-71.077364893,0
			-33.2285393999999,-71.0772137019999,0
			-33.228717194,-71.077095465,0
			-33.2288947379999,-71.0769920739999,0
			-33.2290814259999,-71.076885209,0
			-33.2292593449999,-71.0767592409999,0
			-33.22942389,-71.0766246899999,0
			-33.2295931149999,-71.0764798759999,0
			-33.2297355809999,-71.076322564,0
			-33.2298781479999,-71.0761505749999,0
			-33.230012041,-71.075966955,0
			-33.2301369969999,-71.075774419,0
			-33.2302620299999,-71.0755772279999,0
			-33.230382655,-71.0753742149999,0
			-33.230489776,-71.0751657869999,0
			-33.230569965,-71.0749510949999,0
			-33.2306189029999,-71.074723185,0
			-33.2306094399999,-71.0744801789999,0
			-33.230591029,-71.0742332719998,0
			-33.2305589929999,-71.0739924599999,0
			-33.2305403839999,-71.07375302,0
			-33.2305128429999,-71.0735129299999,0
			-33.2304807979999,-71.073272733,0
			-33.2304532379999,-71.0730336999999,0
			-33.2304120779999,-71.072795309,0
			-33.230375465,-71.0725586989998,0
			-33.230325213,-71.07232484,0
			-33.230279593,-71.072092325,0
			-33.230215782,-71.0718608719999,0
			-33.230165492,-71.071629302,0
			-33.2301016749999,-71.0713981149999,0
			-33.230046936,-71.0711674929999,0
			-33.229983182,-71.0709369229999,0
			-33.229923933,-71.070706549,0
			-33.2298600859999,-71.0704770309998,0
			-33.2297962339999,-71.0702478649999,0
			-33.2297368979999,-71.0700181039999,0
			-33.2296641089999,-71.06978873,0
			-33.2296048329999,-71.0695596749999,0
			-33.229536476,-71.0693303159999,0
			-33.2294771289999,-71.0691012599999,0
			-33.229404326,-71.0688725009999,0
			-33.2293449759999,-71.068643445,0
			-33.2292811789999,-71.068415338,0
			-33.2292128959999,-71.0681857229999,0
			-33.229149024,-71.0679575249999,0
			-33.2290761859999,-71.067730878,0
			-33.229003226,-71.0675071289999,0
			-33.228925778,-71.067282306,0
			-33.2288574559999,-71.0670550639999,0
			-33.2288026769999,-71.06682181,0
			-33.2287570829999,-71.0665826209999,0
			-33.228702346,-71.066346907,0
			-33.2286338709999,-71.0661243209999,0
			-33.228533636,-71.0659191809999,0
			-33.2284151039999,-71.0657259159999,0
			-33.228282947,-71.0655390149999,0
			-33.228150698,-71.065353165,0
			-33.2280276259999,-71.065161906,0
			-33.2279137999999,-71.0649610209999,0
			-33.227809023,-71.064753404,0
			-33.2277088159999,-71.0645420309999,0
			-33.2276177189999,-71.0643290209999,0
			-33.2275175199999,-71.0641172079999,0
			-33.2274133569999,-71.0638723399999,0
			-33.2273358259999,-71.0636521809998,0
			-33.227249284,-71.0634319009999,0
			-33.2271628139999,-71.063211532,0
			-33.2270852789999,-71.0629914639999,0
			-33.2269942259999,-71.062771343,0
			-33.226907726,-71.062552732,0
			-33.226825645,-71.0623348449999,0
			-33.2267300249999,-71.0621183949999,0
			-33.226638868,-71.0619043359999,0
			-33.2265522659999,-71.0616917899999,0
			-33.2264475209999,-71.061482073,0
			-33.2263381719999,-71.061277963,0
			-33.226210685,-71.0610808059999,0
			-33.226082984,-71.0608964829999,0
			-33.225941512,-71.06072748,0
			-33.2257817189999,-71.060576242,0
			-33.2256126789999,-71.0604391149999,0
			-33.2254343719999,-71.0603128469999,0
			-33.2252559439999,-71.0601984419999,0
			-33.225063436,-71.060113416,0
			-33.2248702379999,-71.0600700349999,0
			-33.224672343,-71.060042542,0
			-33.224465257,-71.0600215999999,0
			-33.2242626629999,-71.0600057759999,0
			-33.2240599789999,-71.0599910029999,0
			-33.223861885,-71.0599755459999,0
			-33.223659256,-71.0599574359999,0
			-33.223452246,-71.059931752,0
			-33.2232454209998,-71.0598993919999,0
			-33.2230521599999,-71.0598640979999,0
			-33.222849837,-71.0598275359999,0
			-33.2226429509999,-71.0597944739999,0
			-33.222444944,-71.0597693519999,0
			-33.2222468689999,-71.059752665,0
			-33.2220441199999,-71.0597418489999,0
			-33.2218413369998,-71.0597374439999,0
			-33.2216383489999,-71.0597411259999,0
			-33.221435185,-71.059755083,0
			-33.221222928,-71.0597786709999,0
			-33.2210284869999,-71.0598103249999,0
			-33.2208295409999,-71.0598464409999,0
			-33.2206259329999,-71.059887283,0
			-33.2204267989999,-71.059930251,0
			-33.2202277019999,-71.0599755029999,0
			-33.220028532,-71.060020492,0
			-33.219829443,-71.060065132,0
			-33.2196303929999,-71.0601073979999,0
			-33.219431286,-71.0601486959999,0
			-33.219232163,-71.0601909609999,0
			-33.2190330679999,-71.060231555,0
			-33.218829663,-71.0602646649999,0
			-33.2186218059999,-71.0602945959999,0
			-33.218422986,-71.0603184989999,0
			-33.2182198439999,-71.0603313999999,0
			-33.2180169889999,-71.0603313899999,0
			-33.217814274,-71.060322946,0
			-33.217611615,-71.0603065029999,0
			-33.2174046339998,-71.0602835459998,0
			-33.217211215,-71.0602535239999,0
			-33.2170089209999,-71.060219601,0
			-33.216806644,-71.0601803229999,0
			-33.2166089789999,-71.0601344669999,0
			-33.2164069209999,-71.0600818319999,0
			-33.216214097,-71.060020274,0
			-33.2160215119999,-71.059944397,0
			-33.215833491,-71.059860454,0
			-33.2156455619999,-71.0597708879999,0
			-33.215448711,-71.0596804969999,0
			-33.2152608329999,-71.059587945,0
			-33.2150776009999,-71.0594913719999,0
			-33.214894366,-71.0593905809999,0
			-33.2147112809999,-71.0592850469999,0
			-33.214532904,-71.0591674969999,0
			-33.2143590979999,-71.05904144,0
			-33.21418083,-71.0589172149998,0
			-33.2140069009999,-71.058803197,0
			-33.2138190329999,-71.0587099449999,0
			-33.213621792,-71.058642928,0
			-33.213428681,-71.0585941999998,0
			-33.2132219069999,-71.0585542029999,0
			-33.2130242519999,-71.0585123119999,0
			-33.2128312369999,-71.0584622679999,0
			-33.212633766,-71.058404649,0
			-33.2124272079999,-71.0583515639999,0
			-33.2122340519999,-71.058310042,0
			-33.212031526,-71.0582856129999,0
			-33.211828887,-71.0582681249999,0
			-33.2116262389999,-71.058255645,0
			-33.211418969,-71.0582454309999,0
			-33.2112162549999,-71.0582369049999,0
			-33.2110134529999,-71.0582291669999,0
			-33.2108106569999,-71.0582210809999,0
			-33.210607985,-71.0582100049999,0
			-33.210409801,-71.058195611,0
			-33.2102072499999,-71.0581771609999,0
			-33.210004641,-71.0581576509999,0
			-33.209802063,-71.058136474,0
			-33.2095950679999,-71.0581142279999,0
			-33.2093971149999,-71.0580904339999,0
			-33.2091945889999,-71.0580659199999,0
			-33.2089921669999,-71.058039739,0
			-33.2087851819999,-71.058012484,0
			-33.2085872279999,-71.0579840339999,0
			-33.2083893829999,-71.0579535639999,0
			-33.2081915019999,-71.057920724,0
			-33.2079892749999,-71.0578782039998,0
			-33.2077916969999,-71.057831659,0
			-33.207594071,-71.057783446,0
			-33.2073918899999,-71.057738113,0
			-33.2071896509999,-71.0577008659999,0
			-33.2069917269999,-71.0576751399999,0
			-33.20678908,-71.0576580079999,0
			-33.206586418,-71.0576418419999,0
			-33.2063839449999,-71.057618647,0
			-33.2061816089999,-71.057582805,0
			-33.2059793789999,-71.05754046,0
			-33.2057773499999,-71.0574948669999,0
			-33.2055841739999,-71.057450102,0
			-33.20538182,-71.057415222,0
			-33.2051748629999,-71.0573862139999,0
			-33.2049818539999,-71.057335827,0
			-33.2047849489999,-71.057248355,0
			-33.204606633,-71.0571224749999,0
			-33.2044787419999,-71.056949268,0
			-33.2044194599999,-71.0567145759999,0
			-33.2043965619999,-71.056468608,0
			-33.2043869419999,-71.0562283979999,0
			-33.204386531,-71.055984977,0
			-33.2044085419999,-71.055743836,0
			-33.204430531,-71.0555040149999,0
			-33.2044704809999,-71.055267951,0
			-33.2045194459999,-71.0550317469999,0
			-33.2045594059999,-71.0547949799998,0
			-33.2045904829999,-71.0545550169999,0
			-33.2046259379999,-71.0543181469999,0
			-33.2047018079999,-71.0540943439999,0
			-33.204795481,-71.0538793949999,0
			-33.2048981409999,-71.053670629,0
			-33.2050007609999,-71.0534641469999,0
			-33.2051122939999,-71.0532591919999,0
			-33.20522384,-71.0530580169999,0
			-33.2053443369998,-71.052860385,0
			-33.2054647719999,-71.0526667079999,0
			-33.2055896549999,-71.0524762959999,0
			-33.2057234209999,-71.0522940039999,0
			-33.2058614859999,-71.052123934,0
			-33.206013011,-71.0519621769999,0
			-33.2061688379999,-71.051808251,0
			-33.2063290999999,-71.0516584709999,0
			-33.206493785,-71.051513805,0
			-33.2066629779999,-71.0513736349999,0
			-33.2068275349999,-71.0512366969999,0
			-33.2069965929999,-71.051100127,0
			-33.207161186,-71.0509611649999,0
			-33.2073259099999,-71.050818605,0
			-33.2074816169999,-71.050667308,0
			-33.2076330879999,-71.050508533,0
			-33.207780057,-71.050345082,0
			-33.2079315199999,-71.0501823479999,0
			-33.2080919229999,-71.050024132,0
			-33.2082432039999,-71.049872466,0
			-33.2084125089999,-71.0497251749999,0
			-33.2085772309999,-71.0495782159999,0
			-33.208737427,-71.049432469,0
			-33.208902237,-71.049284455,0
			-33.2090580289999,-71.0491325439999,0
			-33.209213838,-71.0489749169998,0
			-33.209356414,-71.048808897,0
			-33.2094856199999,-71.048629557,0
			-33.2095882259999,-71.0484187529999,0
			-33.2096641989999,-71.0481881669999,0
			-33.2097132449999,-71.0479506299999,0
			-33.2097576609999,-71.047716324,0
			-33.2097886669999,-71.0474797689999,0
			-33.2098195799998,-71.047239787,0
			-33.209837133,-71.04699914,0
			-33.2098636379999,-71.0467576469999,0
			-33.2098765589999,-71.0465155769999,0
			-33.2098896109999,-71.046274561,0
			-33.209907099,-71.046033209,0
			-33.209902052,-71.0457921269999,0
			-33.2099015199998,-71.0455504429999,0
			-33.2098964059999,-71.045308828,0
			-33.209909437,-71.0450644749999,0
			-33.2099361169999,-71.0448166579999,0
			-33.209917428,-71.0445829029999,0
			-33.2098442719999,-71.0443683569999,0
			-33.2097349899999,-71.0441629869999,0
			-33.209611932,-71.043964328,0
			-33.2094843209999,-71.0437729479999,0
			-33.209356612,-71.043587365,0
			-33.209210663,-71.043414979,0
			-33.209046273,-71.0432680019999,0
			-33.208876883,-71.043146395,0
			-33.2086938049999,-71.043039585,0
			-33.2085015289999,-71.0429442489999,0
			-33.208313494,-71.0428604379999,0
			-33.208111405,-71.0428091639999,0
			-33.2079139539999,-71.042754311,0
			-33.2077307049999,-71.042653475,0
			-33.207561627,-71.042521772,0
			-33.2073971549999,-71.0423752349999,0
			-33.2072327489999,-71.0422245729999,0
			-33.207073034,-71.0420669899999,0
			-33.2069406679999,-71.0418905339999,0
			-33.2068494419999,-71.0416829579999,0
			-33.2067947299999,-71.041442662,0
			-33.206780715,-71.0411983019999,0
			-33.206789149,-71.040958856,0
			-33.206815644,-71.040717371,0
			-33.2068690789999,-71.0404816059999,0
			-33.2069269059999,-71.040252975,0
			-33.207002846,-71.0400278359999,0
			-33.207083112,-71.039804735,0
			-33.2071588459999,-71.0395831949999,0
			-33.207248158,-71.0393624079999,0
			-33.2073284689999,-71.0391409759999,0
			-33.2074132029999,-71.0389200829999,0
			-33.2074979569999,-71.0387024409999,0
			-33.207587154,-71.0384885949999,0
			-33.2076943219999,-71.0382781509999,0
			-33.2077968689999,-71.038070062,0
			-33.2079039679999,-71.0378637449999,0
			-33.2080110539999,-71.0376583069999,0
			-33.208113591,-71.037455224,0
			-33.208229633,-71.03725307,0
			-33.208341058,-71.0370531789999,0
			-33.208457032,-71.036855153,0
			-33.2085774839999,-71.036658808,0
			-33.2086934489999,-71.036461306,0
			-33.2088049189999,-71.0362630849999,0
			-33.208916415,-71.0360631949999,0
			-33.2090280109999,-71.0358572419999,0
			-33.209126203,-71.0356396409999,0
			-33.2092109749999,-71.0354206769999,0
			-33.2093180919999,-71.035212948,0
			-33.2094428739999,-71.0350271579999,0
			-33.209589707,-71.034870968,0
			-33.209763326,-71.0347344679998,0
			-33.2099322,-71.034603655,0
			-33.210105894,-71.0344624969999,0
			-33.2102482689999,-71.0343031269999,0
			-33.210395391,-71.0341335819999,0
			-33.210533416,-71.0339601329999,0
			-33.2106806109999,-71.0337861959999,0
			-33.210827625,-71.033618582,0
			-33.2109834729999,-71.033461979,0
			-33.2111481009999,-71.0333196409999,0
			-33.2113258949999,-71.0332033549999,0
			-33.2115119159999,-71.0331305859999,0
			-33.211719606,-71.033110607,0
			-33.211926879,-71.033120675,0
			-33.2121294139999,-71.0331448699999,0
			-33.2123317699999,-71.0331800469999,0
			-33.2125294149999,-71.0332232009999,0
			-33.212731451,-71.0332733959999,0
			-33.2129196549999,-71.033342784,0
			-33.213116811,-71.0334204649999,0
			-33.2133142499999,-71.0334806639999,0
			-33.2135074089999,-71.0335227469999,0
			-33.2137142889999,-71.0335567119999,0
			-33.213916753,-71.033580818,0
			-33.214119459,-71.0335945619998,0
			-33.2143223579999,-71.0335965299999,0
			-33.2145299589999,-71.0335819119999,0
			-33.2147200629999,-71.0335396439999,0
			-33.21491517,-71.0334624249999,0
			-33.215101841,-71.033354426,0
			-33.215275307,-71.0332226569999,0
			-33.2154310789999,-71.033070704,0
			-33.215573677,-71.0329020959999,0
			-33.2157118859999,-71.0327218739999,0
			-33.215841176,-71.0325358209999,0
			-33.2159615259999,-71.0323407729999,0
			-33.216077573,-71.0321378899999,0
			-33.2161802029999,-71.0319287209999,0
			-33.2162649129999,-71.03171316,0
			-33.2163496639999,-71.0314903939998,0
			-33.216416539,-71.0312629949999,0
			-33.216483464,-71.031032518,0
			-33.2165322389999,-71.0308006569999,0
			-33.2165767349999,-71.0305639519999,0
			-33.2166121609999,-71.0303261559999,0
			-33.2166521669999,-71.0300883799998,0
			-33.2166785159999,-71.029849847,0
			-33.2167005459999,-71.0296090179999,0
			-33.2167179929999,-71.0293683459998,0
			-33.216744524,-71.0291276189999,0
			-33.216752893,-71.0288863869999,0
			-33.216747797,-71.02864625,0
			-33.216729201,-71.0284050079999,0
			-33.2167015049999,-71.0281644359999,0
			-33.2166783669999,-71.0279252019999,0
			-33.216632671,-71.027687731,0
			-33.2165959069999,-71.0274505529999,0
			-33.2165457199999,-71.0272120129999,0
			-33.2164864169999,-71.0269796759998,0
			-33.2164043849999,-71.0267594749999,0
			-33.2162994039999,-71.0265559669999,0
			-33.21617184,-71.026364508,0
			-33.2160258239999,-71.026190115,0
			-33.2158705159999,-71.0260374779999,0
			-33.2156967239999,-71.0259130659999,0
			-33.2155043569999,-71.025817758,0
			-33.2153115389999,-71.025750301,0
			-33.2151093969999,-71.0257063549999,0
			-33.214911484,-71.025679382,0
			-33.2147087229999,-71.025668996,0
			-33.2145011989999,-71.0256743189999,0
			-33.2142981119998,-71.0256883579999,0
			-33.2140948809999,-71.0257067869999,0
			-33.2138961709999,-71.0257287479999,0
			-33.2136973409999,-71.0257536069999,0
			-33.213489457,-71.0257810689999,0
			-33.213290641,-71.0258096169998,0
			-33.2130917229999,-71.0258399239999,0
			-33.212883846,-71.0258713399999,0
			-33.2126849059999,-71.0259029629999,0
			-33.212481413,-71.0259374669998,0
			-33.2122868359999,-71.0259778889999,0
			-33.2120832639999,-71.026021798,0
			-33.211888695,-71.0260662619999,0
			-33.2116850579999,-71.0261095519999,0
			-33.2114905989999,-71.026147253,0
			-33.2112916019999,-71.0261822999999,0
			-33.211083663,-71.0262176689998,0
			-33.2108891079999,-71.026256775,0
			-33.2106810129999,-71.0263016279999,0
			-33.2104862379999,-71.0263541749999,0
			-33.210291394,-71.0264110239999,0
			-33.2100875469999,-71.0264717059999,0
			-33.2098971209999,-71.026533929,0
			-33.2097021709999,-71.026597279,0
			-33.209502888,-71.0266590329999,0
			-33.20931246,-71.026721344,0
			-33.2091129899999,-71.026785465,0
			-33.2089180609999,-71.0268519789999,0
			-33.2087185139999,-71.0269208449999,0
			-33.2085234639999,-71.0269947359999,0
			-33.2083373369999,-71.0270696209999,0
			-33.2081421369999,-71.027152913,0
			-33.207960122,-71.027251973,0
			-33.2077867909999,-71.0273757509999,0
			-33.2076266939999,-71.0275171439999,0
			-33.2074664269999,-71.0276687299999,0
			-33.2073060349999,-71.0278235609999,0
			-33.2071503139999,-71.027972789,0
			-33.2069767319999,-71.0281119369999,0
			-33.2068077799999,-71.028243459,0
			-33.2066297999999,-71.0283714309999,0
			-33.20645654,-71.028490812,0
			-33.2062744909999,-71.0285965459998,0
			-33.2060925909999,-71.028683915,0
			-33.2058844439999,-71.028732014,0
			-33.2056768969999,-71.0287386479999,0
			-33.205488169,-71.0287057349999,0
			-33.2052864119999,-71.0286337629999,0
			-33.205098595,-71.0285359329999,0
			-33.204924744,-71.0284152209999,0
			-33.2047648129998,-71.028269789,0
			-33.2046002619999,-71.028126887,0
			-33.2044310709999,-71.0279922249999,0
			-33.204262027,-71.0278575679999,0
			-33.2040928489999,-71.027721942,0
			-33.203923817,-71.027581926,0
			-33.2037685889998,-71.0274244789999,0
			-33.2036134969999,-71.027258686,0
			-33.2034490759999,-71.0271077049999,0
			-33.203284088,-71.0269959939999,0
			-33.2030905789999,-71.0269754509998,0
			-33.2028735909998,-71.0270039279999,0
			-33.202670838,-71.0269975849999,0
			-33.20246379,-71.02697805,0
			-33.2022660469999,-71.0269363199999,0
			-33.202087084,-71.0268480109999,0
			-33.201909031,-71.0267085839999,0
			-33.201763023,-71.026538261,0
			-33.2016489729999,-71.0263424899999,0
			-33.2015624169999,-71.0261232739999,0
			-33.2014803669999,-71.025899507,0
			-33.2013937849999,-71.025677305,0
			-33.201316225,-71.025454609,0
			-33.2012387579999,-71.025230598,0
			-33.201165843,-71.0250037009999,0
			-33.201106334,-71.0247747429999,0
			-33.201060632,-71.024541621,0
			-33.201032874,-71.0243044319999,0
			-33.20101877,-71.0240634259999,0
			-33.2010091929999,-71.02382112,0
			-33.2010131599998,-71.0235771929999,0
			-33.2010035949999,-71.0233342699999,0
			-33.201003015,-71.0230926089999,0
			-33.200993438,-71.0228503029999,0
			-33.200979284,-71.0226076269999,0
			-33.2009832109999,-71.022366069,0
			-33.200987116,-71.0221258319999,0
			-33.2010135149999,-71.021887778,0
			-33.2010489849999,-71.021650902,0
			-33.2010978579999,-71.0214164419999,0
			-33.2011513099999,-71.021181997,0
			-33.201209171,-71.020948973,0
			-33.2012670249999,-71.0207163869999,0
			-33.201320376,-71.0204836099999,0
			-33.201387412,-71.0202494779999,0
			-33.201480923,-71.0200410849999,0
			-33.201614574,-71.0198628749999,0
			-33.201766038,-71.0196977259999,0
			-33.2019174549999,-71.0195399589999,0
			-33.20207779,-71.01938345,0
			-33.2022380069998,-71.0192342299999,0
			-33.2024026349999,-71.019090825,0
			-33.202567298,-71.018949877,0
			-33.202745181,-71.0188228539999,0
			-33.2029186579999,-71.0186894029998,0
			-33.203056514,-71.0185297379999,0
			-33.2031724299999,-71.01833354,0
			-33.2032751809999,-71.0181153359999,0
			-33.2033510469999,-71.0178878149999,0
			-33.203399782,-71.0176569459999,0
			-33.203394787,-71.0174091129999,0
			-33.2033489759999,-71.017177392,0
			-33.2032578979999,-71.0169581639998,0
			-33.2031439679999,-71.0167540579998,0
			-33.2030115699999,-71.0165727239999,0
			-33.2028286029999,-71.016457545,0
			-33.2026356019999,-71.016405489,0
			-33.2024286179999,-71.0163729749999,0
			-33.202230996,-71.0163278459999,0
			-33.2020289719999,-71.016271895,0
			-33.2018406189999,-71.0162109849999,0
			-33.2016434489998,-71.0161380109998,0
			-33.201446324,-71.0160577479999,0
			-33.2012537369999,-71.015975564,0
			-33.2010702979999,-71.015889637,0
			-33.2008778639999,-71.015802363,0
			-33.200689906,-71.0157126439999,0
			-33.2005019849999,-71.0156204639999,0
			-33.2003142409999,-71.01552205,0
			-33.200167979,-71.015366506,0
			-33.2000449069999,-71.015170192,0
			-33.199940065,-71.014961294,0
			-33.199853467,-71.014743411,0
			-33.1998302019999,-71.014505892,0
			-33.1998161429999,-71.014260937,0
			-33.1997929939999,-71.014020696,0
			-33.1997697589999,-71.0137811549999,0
			-33.199746677,-71.0135413549999,0
			-33.199728035,-71.0133009549999,0
			-33.1997093329999,-71.01305976,0
			-33.199699715,-71.0128185989999,0
			-33.199690107,-71.012576998,0
			-33.199698579,-71.012336251,0
			-33.1997114079999,-71.012095866,0
			-33.1997333219999,-71.01185534,0
			-33.1997462379999,-71.0116139899999,0
			-33.1997546389999,-71.0113731549999,0
			-33.1997676199999,-71.01113207,0
			-33.1997804559999,-71.01089107,0
			-33.1997888659999,-71.0106495299999,0
			-33.1997973859999,-71.0104057069999,0
			-33.199805775,-71.0101608289999,0
			-33.1997915889999,-71.009923167,0
			-33.1997231199999,-71.009698409,0
			-33.1996500129999,-71.0094771509999,0
			-33.1995588359999,-71.0092585539999,0
			-33.1994585969999,-71.009043,0
			-33.1993629139999,-71.0088290479999,0
			-33.1992625549998,-71.0086208739999,0
			-33.1991530859999,-71.0084186459998,0
			-33.1990345739999,-71.008218496,0
			-33.1989251309999,-71.008014598,0
			-33.1988339419999,-71.007801278,0
			-33.1987653769999,-71.0075775769999,0
			-33.198701511,-71.0073464269999,0
			-33.1986556529999,-71.0071118229999,0
			-33.198596349,-71.006877177,0
			-33.198536987,-71.006646131,0
			-33.19846839,-71.006419707,0
			-33.1983954049999,-71.0061951169999,0
			-33.1983178339999,-71.0059707739999,0
			-33.1982358139999,-71.0057473859999,0
			-33.1981673429999,-71.005522196,0
			-33.1980987659999,-71.0052943699999,0
			-33.198039395,-71.0050637639999,0
			-33.1979890599999,-71.0048316109999,0
			-33.1979386879999,-71.0045971699999,0
			-33.1978883139999,-71.004362729,0
			-33.197876117,-71.0042853909999,0
			-33.197974953,-71.0023496029999,0
			-33.1982289659999,-71.000570409,0
			-33.1985635279999,-70.998834068,0
			-33.1986040789999,-70.9977121039999,0
			-33.1986046919999,-70.9976694109999,0
			-33.198367544,-70.997499709,0
			-33.1975661269999,-70.9969261749999,0
			-33.196315478,-70.997029227,0
			-33.1954611359999,-70.9971616619999,0
			-33.1938006869999,-70.997794982,0
			-33.1927937189999,-70.9981666199999,0
			-33.192252261,-70.998191574,0
			-33.1904848099999,-70.996783506,0
			-33.1862521429999,-70.9953020129999,0
			-33.1834750779999,-70.993308605,0
			-33.1832841849999,-70.993119609,0
			-33.1830670219998,-70.992882491,0
			-33.1828448699999,-70.9926756599999,0
			-33.1825990529999,-70.9925440219999,0
			-33.1823246129999,-70.992502315,0
			-33.1820358029998,-70.992518263,0
			-33.18174214,-70.9925558049999,0
			-33.1814484419999,-70.9925910599999,0
			-33.18117226,-70.992667212,0
			-33.180930619,-70.9928283959999,0
			-33.1807239299999,-70.9930675929999,0
			-33.180512882,-70.9932927219999,0
			-33.1802666669998,-70.993467502,0
			-33.1800114769999,-70.993630572,0
			-33.1797523389999,-70.9937634199999,0
			-33.1794765099999,-70.993812869,0
			-33.1791939289999,-70.9937213379999,0
			-33.1789393939999,-70.993566841,0
			-33.1786795679999,-70.993456678,0
			-33.1783908099999,-70.9934739439999,0
			-33.178107316,-70.9934346669999,0
			-33.17782405,-70.993385995,0
			-33.177663966,-70.9933764839998,0
			-33.177544789,-70.993368249,0
			-33.177456643,-70.993215204,0
			-33.177363761,-70.9930662079999,0
			-33.1772662789999,-70.9929214709999,0
			-33.1771643299999,-70.992781195,0
			-33.1770580559999,-70.9926455749999,0
			-33.17694761,-70.9925148039999,0
			-33.176833142,-70.992389064,0
			-33.176714815,-70.9922685289999,0
			-33.176592796,-70.9921533739999,0
			-33.1764672539999,-70.992043752,0
			-33.176338367,-70.991939824,0
			-33.1762063099999,-70.991841732,0
			-33.1760712759999,-70.991749614,0
			-33.175933448,-70.991663602,0
			-33.175793023,-70.9915838109999,0
			-33.175432042,-70.9918229879999,0
			-33.175073679,-70.9920677229998,0
			-33.1747179909999,-70.99231797,0
			-33.174365039,-70.9925736879999,0
			-33.1740148809999,-70.9928348359999,0
			-33.173667576,-70.993101369,0
			-33.1733231819999,-70.9933732429998,0
			-33.1729817579999,-70.9936504139999,0
			-33.1726433599999,-70.9939328309999,0
			-33.1723080439999,-70.9942204509999,0
			-33.171975865,-70.9945132279999,0
			-33.1716994899999,-70.9946014829999,0
			-33.171418612,-70.9946801519999,0
			-33.171146897,-70.9947541939999,0
			-33.1708707049999,-70.994826292,0
			-33.170589977,-70.994900307,0
			-33.1703181749999,-70.9949796179999,0
			-33.170037419,-70.9950553849999,0
			-33.169761153,-70.995132223,0
			-33.169484681,-70.995217048,0
			-33.169212526,-70.9953184839999,0
			-33.1689576369999,-70.995467219,0
			-33.1687201519999,-70.995659475,0
			-33.1684870079999,-70.995852622,0
			-33.1683178419999,-70.9959995199999,0
			-33.167608381,-70.996941755,0
			-33.166429212,-70.9979255849999,0
			-33.165354717,-70.9985783339998,0
			-33.1646703389999,-70.9990752349999,0
			-33.1632513329999,-71.0001158289999,0
			-33.1619158009999,-71.001013627,0
			-33.1608863279999,-71.001943478,0
			-33.1594409919999,-71.0032185959999,0
			-33.1589091679999,-71.0040448369999,0
			-33.1587452059999,-71.0041432529999,0
			-33.1584499449999,-71.004284613,0
			-33.158136871,-71.004403522,0
			-33.1578243509999,-71.0044878409998,0
			-33.157507892,-71.004541592,0
			-33.1571916979999,-71.00457427,0
			-33.1568668319999,-71.004590589,0
			-33.1565465989999,-71.004598759,0
			-33.1562264189999,-71.0045992009999,0
			-33.1559064539999,-71.0045908659999,0
			-33.155586575,-71.0045726079999,0
			-33.1552626429999,-71.0045307199999,0
			-33.154939112,-71.004459421,0
			-33.1546240959999,-71.0044190539999,0
			-33.1543640729999,-71.0046060889999,0
			-33.1543445459999,-71.004979167,0
			-33.154351952,-71.005363307,0
			-33.154336751,-71.0057428929999,0
			-33.154276625,-71.0061183829999,0
			-33.1542075139999,-71.006492088,0
			-33.1541654019998,-71.006867987,0
			-33.1541728279999,-71.0072460659999,0
			-33.1542162769999,-71.0076255839999,0
			-33.154255216,-71.0080054369999,0
			-33.154276059,-71.008389532,0
			-33.154310234,-71.0087849989999,0
			-33.154322064,-71.0091735439999,0
			-33.154257677,-71.0095332139999,0
			-33.1541215039999,-71.009864106,0
			-33.1539495229999,-71.0101845169999,0
			-33.153755178,-71.010494409,0
			-33.1535384369999,-71.0107912259999,0
			-33.1533174619999,-71.0110757379999,0
			-33.1530920909999,-71.0113441649999,0
			-33.1528447869999,-71.0115847779999,0
			-33.1525752599999,-71.0117971269999,0
			-33.1522971229999,-71.011989079,0
			-33.1520102439999,-71.0121688,0
			-33.1517190689999,-71.0123218989999,0
			-33.1514193479999,-71.0124551299999,0
			-33.151119579,-71.0125913449999,0
			-33.1508239619999,-71.012749433,0
			-33.1505414749999,-71.0129316169999,0
			-33.1502809599999,-71.0131483809998,0
			-33.150029122,-71.013385888,0
			-33.149786181,-71.01363054,0
			-33.149534358,-71.013866992,0
			-33.149277957,-71.0141080829999,0
			-33.149004334,-71.0142991589999,0
			-33.148700568,-71.014399355,0
			-33.1483795709999,-71.0144593719999,0
			-33.1480632159999,-71.0144973659999,0
			-33.147733592,-71.0145290849999,0
			-33.1474134869999,-71.014529405,0
			-33.1471034539999,-71.014459702,0
			-33.1468033359999,-71.0143342859999,0
			-33.1465038489999,-71.0141789429999,0
			-33.1462133779999,-71.01401423,0
			-33.145922979,-71.0138497849999,0
			-33.1456419639999,-71.013662198,0
			-33.145402256,-71.0134235689999,0
			-33.145208947,-71.0131162729999,0
			-33.1450383329999,-71.012789477,0
			-33.1448996209999,-71.0124405779999,0
			-33.1446649,-71.0121813419998,0
			-33.1443693959999,-71.0120535859999,0
			-33.1441436229999,-71.0120725789999,0
			-33.143452102,-71.012450725,0
			-33.143130072,-71.0128490719999,0
			-33.1426283759999,-71.013201688,0
			-33.1421759629999,-71.0132932159999,0
			-33.1413420789999,-71.01327882,0
			-33.1406864099999,-71.0131161429999,0
			-33.1401863249999,-71.0128116069999,0
			-33.140168391,-71.012805841,0
			-33.1398683729998,-71.012678689,0
			-33.139559291,-71.012550102,0
			-33.1392492389999,-71.0124861219999,0
			-33.1389251379999,-71.0124501829999,0
			-33.1386054019999,-71.0124231259999,0
			-33.1382856279999,-71.0124030919999,0
			-33.1379657899999,-71.0123868329999,0
			-33.1376503489999,-71.01237287,0
			-33.1373303829999,-71.012364511,0
			-33.137010247,-71.0123622949999,0
			-33.1366855529999,-71.012367615,0
			-33.1363651569999,-71.0123813719999,0
			-33.1360446199999,-71.012408565,0
			-33.1357238489999,-71.0124454069999,0
			-33.135407603,-71.01248578,0
			-33.1350959019999,-71.0125238829999,0
			-33.1347705299999,-71.0125666799999,0
			-33.1344587469999,-71.0126051339999,0
			-33.1341292129999,-71.0126267609999,0
			-33.133808964,-71.0126405219999,0
			-33.133488545,-71.0126556859999,0
			-33.133177119,-71.0126720189999,0
			-33.1328521519999,-71.0126943649999,0
			-33.1325316759999,-71.012717606,0
			-33.132215494,-71.0127495469999,0
			-33.131894533,-71.0128028019998,0
			-33.1315776279999,-71.012879332,0
			-33.131269313,-71.0129867859999,0
			-33.1309826359999,-71.0131446939999,0
			-33.1307089069999,-71.0133471479999,0
			-33.1304394769999,-71.0135533,0
			-33.1301569349999,-71.0137387809999,0
			-33.1298789319999,-71.0139223419999,0
			-33.1295876129999,-71.0140932229999,0
			-33.1292921149999,-71.014239243,0
			-33.128984013,-71.0143333509999,0
			-33.1286672009999,-71.0144041679999,0
			-33.1283590539999,-71.0145009079998,0
			-33.128059333,-71.0146340979999,0
			-33.1277638609999,-71.0147784499999,0
			-33.1274686349999,-71.014912357,0
			-33.127160293,-71.0150211179999,0
			-33.126847722,-71.0151128349999,0
			-33.1265348369999,-71.0152148159999,0
			-33.1262264719999,-71.0153297199998,0
			-33.125926778,-71.0154564979999,0
			-33.12563123,-71.0156054919999,0
			-33.1253532619999,-71.0157913269999,0
			-33.1250665179999,-71.015953251,0
			-33.1247624689999,-71.016075273,0
			-33.124458707,-71.0161794759999,0
			-33.1241416199999,-71.0162673089999,0
			-33.1238204049999,-71.016336085,0
			-33.1235079869999,-71.016413663,0
			-33.1231955629999,-71.016496245,0
			-33.1228871769999,-71.016607804,0
			-33.1225960149999,-71.0167641789999,0
			-33.1223135459999,-71.016944982,0
			-33.1220397819999,-71.0171446849999,0
			-33.121783716,-71.017364543,0
			-33.1215318309999,-71.0176046,0
			-33.1212888959999,-71.017852849,0
			-33.1210414089999,-71.0180950229999,0
			-33.120798572,-71.0183373019999,0
			-33.120052124,-71.0193228829999,0
			-33.118892323,-71.0196624119999,0
			-33.1185668279999,-71.019717203,0
			-33.1182553269999,-71.019738164,0
			-33.1179308339999,-71.019726782,0
			-33.117606601,-71.019703646,0
			-33.1172822889999,-71.0196855069999,0
			-33.1169624569999,-71.0196644029999,0
			-33.1166426839999,-71.0196396119999,0
			-33.1163274899999,-71.0196150149999,0
			-33.1160077209998,-71.0195946129999,0
			-33.1156833709999,-71.019574196,0
			-33.1153635789999,-71.019550722,0
			-33.1150438509999,-71.0195277769999,0
			-33.1147285179999,-71.019507128,0
			-33.114408672,-71.0194914649999,0
			-33.114088685,-71.019484404,0
			-33.1137684719999,-71.0194868189999,0
			-33.1134475859999,-71.0195307389999,0
			-33.1131350579999,-71.0196196219999,0
			-33.1128182079999,-71.019697169,0
			-33.1125019579999,-71.019733115,0
			-33.11217701,-71.0197540309999,0
			-33.1118564709999,-71.0197765409999,0
			-33.1115447079999,-71.019818298,0
			-33.111236549,-71.0199110519998,0
			-33.1109277259999,-71.02004935,0
			-33.1106197009999,-71.0201383299999,0
			-33.1103043679999,-71.020117768,0
			-33.1099854569999,-71.020044454,0
			-33.1096758469999,-71.0199487079999,0
			-33.1093713129999,-71.019822443,0
			-33.109075849,-71.0196881379999,0
			-33.1087715169999,-71.019549237,0
			-33.1084807679999,-71.0194066139999,0
			-33.108176477,-71.0192607819999,0
			-33.1078858479999,-71.019110704,0
			-33.1075907749999,-71.0189566589999,0
			-33.107300188,-71.0187992959999,0
			-33.1070188689999,-71.0186308219999,0
			-33.106724035,-71.0184620409999,0
			-33.1064287359999,-71.0183172999999,0
			-33.106119328,-71.0182181449998,0
			-33.1058144359999,-71.018109351,0
			-33.1055048689999,-71.0180108969999,0
			-33.1051902549999,-71.017950422,0
			-33.1048661759999,-71.017913257,0
			-33.104551397,-71.0178628739999,0
			-33.1042322549999,-71.0178037009999,0
			-33.10392208,-71.017742716,0
			-33.1036030359999,-71.017677493,0
			-33.103288581,-71.017602629,0
			-33.1029834069999,-71.017515692,0
			-33.1026741379998,-71.017398729,0
			-33.1023788429999,-71.017258302,0
			-33.1020745289999,-71.0171181929999,0
			-33.1017652009999,-71.01700492,0
			-33.1014507659999,-71.0169288319999,0
			-33.101140745,-71.0168627659999,0
			-33.100826351,-71.0167886109999,0
			-33.100511866,-71.0167155099999,0
			-33.100201977,-71.0166414619999,0
			-33.0998875529999,-71.0165645869999,0
			-33.099568682,-71.016484014,0
			-33.0992590129999,-71.0163962789999,0
			-33.0989494529999,-71.016301789,0
			-33.098635417,-71.0162055299999,0
			-33.0983257729999,-71.016111742,0
			-33.0980160839999,-71.0160206729999,0
			-33.0977020139999,-71.0159264339999,0
			-33.0973971109999,-71.0158226629999,0
			-33.0970924069999,-71.015701957,0
			-33.0967972379999,-71.0155582119999,0
			-33.0965020019999,-71.0154048139999,0
			-33.0962068889999,-71.015252822,0
			-33.095806947,-71.0151740939999,0
			-33.095487249,-71.015144677,0
			-33.0951964349999,-71.01528426,0
			-33.0949446019999,-71.0155212719999,0
			-33.094701475,-71.0157772629999,0
			-33.094458502,-71.016019039,0
			-33.094193455,-71.0162417019999,0
			-33.0939373419999,-71.0164601789999,0
			-33.0936767069999,-71.0166885609999,0
			-33.0934338169999,-71.0169298069999,0
			-33.0931908819999,-71.0171783349999,0
			-33.0929433559999,-71.0174274579999,0
			-33.0927048029999,-71.0176744139999,0
			-33.0924573259999,-71.017920551,0
			-33.0922098409999,-71.0181670399999,0
			-33.0919714519999,-71.018412946,0
			-33.0917284619999,-71.018660148,0
			-33.0914809659999,-71.0189073339999,0
			-33.091237942,-71.0191564609999,0
			-33.0909994059999,-71.0194068339999,0
			-33.0907608789999,-71.0196611509999,0
			-33.0905222379999,-71.0199178379999,0
			-33.0902835879999,-71.020175135,0
			-33.0900540349999,-71.0204316749998,0
			-33.0898153469999,-71.0206866899999,0
			-33.089572204,-71.020943003,0
			-33.0893335789999,-71.0211986269999,0
			-33.0890995689999,-71.0214520759999,0
			-33.088861024,-71.0217026979999,0
			-33.0886090999999,-71.021944676,0
			-33.088348496,-71.022166006,0
			-33.088083366,-71.0223886339999,0
			-33.0878493339999,-71.0226386529999,0
			-33.0876418049999,-71.0229262229999,0
			-33.08743408,-71.0232213359999,0
			-33.0872398649999,-71.0235214929999,0
			-33.0870500179999,-71.0238255259999,0
			-33.0868602039999,-71.024132102,0
			-33.0866657409999,-71.024442783,0
			-33.0864893629999,-71.024754403,0
			-33.086299346,-71.025068693,0
			-33.0861184109999,-71.0253832759999,0
			-33.0859419879999,-71.025697524,0
			-33.0857564659999,-71.0260123519999,0
			-33.0856024289999,-71.0263399239999,0
			-33.0854569999999,-71.026683399,0
			-33.085307203,-71.0270227379999,0
			-33.0851396909999,-71.0273429769999,0
			-33.084958689,-71.027656758,0
			-33.0847688209999,-71.0279661269999,0
			-33.0845834189998,-71.0282732269998,0
			-33.0843890739999,-71.028580733,0
			-33.0841987659999,-71.028916851,0
			-33.08402762,-71.0291786409999,0
			-33.0840136919999,-71.0292037689999,0
			-33.0839630269999,-71.0292709669999,0
			-33.083930546,-71.029324015,0
			-33.083788875,-71.0291638539999,0
			-33.0835636049999,-71.0288795329999,0
			-33.0829080899999,-71.0281500739999,0
			-33.0824416309999,-71.027723938,0
			-33.0820011939999,-71.027360271,0
			-33.081563456,-71.027103201,0
			-33.0810899859999,-71.0268262739999,0
			-33.0804670109999,-71.026598302,0
			-33.0797835229999,-71.026479868,0
			-33.079334682,-71.026351108,0
			-33.078956675,-71.0263048819999,0
			-33.078578761,-71.0262575149999,0
			-33.078251759,-71.0261230409999,0
			-33.0778571029999,-71.025714997,0
			-33.0776186249999,-71.0254063589999,0
			-33.0774842879999,-71.025071854,0
			-33.077342248,-71.024652144,0
			-33.0771655819999,-71.0241489849999,0
			-33.076949637,-71.0235626199999,0
			-33.076715658,-71.0229764599999,0
			-33.0764490689999,-71.0224558909999,0
			-33.0761085939999,-71.0220451629999,0
			-33.0756479319999,-71.0215334989999,0
			-33.0751067789999,-71.020983234,0
			-33.074672654,-71.020502285,0
			-33.074249884,-71.0201593599999,0
			-33.0739384679999,-71.019896816,0
			-33.0735476839999,-71.0195310239999,0
			-33.0732743209999,-71.019149581,0
			-33.0730842369999,-71.01891254,0
			-33.0727414949999,-71.018353415,0
			-33.0724079569999,-71.0180700189998,0
			-33.0719185979999,-71.0179427579999,0
			-33.0714926629999,-71.018068595,0
			-33.0709401209999,-71.018220931,0
			-33.070547549,-71.018239079,0
			-33.07022339,-71.0182113179999,0
			-33.0698340319999,-71.0180263299999,0
			-33.0695365559999,-71.017742101,0
			-33.0691947889999,-71.0174055359999,0
			-33.0690059579999,-71.0170953639998,0
			-33.068812566,-71.0167840339999,0
			-33.068517503,-71.0163505359999,0
			-33.0681984469999,-71.0160025639999,0
			-33.0678686389999,-71.015762093,0
			-33.067646872,-71.0155377769999,0
			-33.0673469579999,-71.015125321,0
			-33.067170253,-71.0146222379999,0
			-33.067082624,-71.0141794419999,0
			-33.0669263999999,-71.0138030829999,0
			-33.0667021199999,-71.0134505299999,0
			-33.0663872859998,-71.0131243449999,0
			-33.0660264249999,-71.0128530899999,0
			-33.065746045,-71.0126211319998,0
			-33.0654932189998,-71.012366379,0
			-33.0653210469999,-71.012139958,0
			-33.0651356229999,-71.0118926199999,0
			-33.0650397749999,-71.0116839929999,0
			-33.0649723589999,-71.0113889829999,0
			-33.0648973299998,-71.0107323239999,0
			-33.0649094469999,-71.0105397549999,0
			-33.0649701659999,-71.0101324619999,0
			-33.0650662009999,-71.0097661519999,0
			-33.065151221,-71.0095284769999,0
			-33.0652132819999,-71.0093126529999,0
			-33.065171627,-71.009101226,0
			-33.0650570499999,-71.0089359579999,0
			-33.0647349009999,-71.0087786949999,0
			-33.0645544029999,-71.008788983,0
			-33.0640913829999,-71.008979637,0
			-33.063755461,-71.0091222049999,0
			-33.0633836409999,-71.0092463209999,0
			-33.062940096,-71.0093514339998,0
			-33.062242829,-71.0095319329998,0
			-33.061568796,-71.009668914,0
			-33.0611425289999,-71.009815826,0
			-33.0608610629999,-71.0099349719999,0
			-33.060701434,-71.010048465,0
			-33.0605060639999,-71.0101427199999,0
			-33.0602252159999,-71.0102189789999,0
			-33.0598249979999,-71.0101524129999,0
			-33.059541431,-71.0101221909998,0
			-33.059264422,-71.009964909,0
			-33.0590630659999,-71.0098668969999,0
			-33.0586975749999,-71.0096073309999,0
			-33.0583673529998,-71.0093872549999,0
			-33.05796265,-71.009044159,0
			-33.0576515579999,-71.0087599559999,0
			-33.057371765,-71.008495588,0
			-33.05707706,-71.008317558,0
			-33.056736502,-71.0081840209999,0
			-33.0560811459999,-71.008000787,0
			-33.0558294919999,-71.007947875,0
			-33.055159236,-71.007850278,0
			-33.054623921,-71.0077685589999,0
			-33.054137269,-71.007747507,0
			-33.0535461279999,-71.007774175,0
			-33.0530060419999,-71.0077133989999,0
			-33.0526610469999,-71.0075800349999,0
			-33.0524926819999,-71.007396553,0
			-33.0523373939999,-71.0069559889999,0
			-33.0523262869999,-71.0065307159999,0
			-33.052432016,-71.006121249,0
			-33.052582991,-71.0057096529999,0
			-33.052729294,-71.0052990889999,0
			-33.0528802599999,-71.0048878389999,0
			-33.052905153,-71.0044607469999,0
			-33.0528234289999,-71.004208967,0
			-33.0526332059999,-71.0039834159999,0
			-33.0524000009999,-71.003908478,0
			-33.0521093809999,-71.00375171,0
			-33.0517937649998,-71.003467792,0
			-33.05152572,-71.003032404,0
			-33.051377788,-71.0026986889999,0
			-33.0512999589999,-71.002489461,0
			-33.0511367369999,-71.0019852199999,0
			-33.050981486,-71.0015456359999,0
			-33.0507318149999,-71.0010882159999,0
			-33.0504057989999,-71.0008903939999,0
			-33.0501492889999,-71.000858889,0
			-33.0499007609999,-71.000891686,0
			-33.049659967,-71.0010087869999,0
			-33.049514205,-71.0011011909999,0
			-33.0489974109999,-71.001273538,0
			-33.0485412169999,-71.0013983039999,0
			-33.0484493659999,-71.0014228049999,0
			-33.0484176869999,-71.0014335779998,0
			-33.0479052429999,-71.0016132109999,0
			-33.0475952099999,-71.0018280359999,0
			-33.0470868199999,-71.002594858,0
			-33.0468718969999,-71.003065164,0
			-33.0466279469999,-71.003654544,0
			-33.046435769,-71.004111323,0
			-33.046196311,-71.0047012379998,0
			-33.0459322259999,-71.005421289,0
			-33.0456337699999,-71.0060366149999,0
			-33.0453158,-71.0064641269998,0
			-33.0450403369999,-71.0067659399999,0
			-33.0448282499999,-71.0070590139999,0
			-33.0446079269999,-71.007299267,0
			-33.0443787529999,-71.007533971,0
			-33.044058857,-71.0077964349999,0
			-33.0436370469999,-71.007951154,0
			-33.0430483249999,-71.0081073419999,0
			-33.0426784909999,-71.0081127169999,0
			-33.0423324269998,-71.008045657,0
			-33.0420003929999,-71.007942424,0
			-33.041733415,-71.0080015359999,0
			-33.041564218,-71.0081449639999,0
			-33.0414027699999,-71.008376197,0
			-33.0413318019999,-71.0085809709998,0
			-33.0413050749999,-71.0088413979999,0
			-33.0412905929999,-71.008901066,0
			-33.0412969499999,-71.0090660219999,0
			-33.0412583259999,-71.0092211849999,0
			-33.0411868669999,-71.0094607729999,0
			-33.0410527829999,-71.0096671849999,0
			-33.0409007599999,-71.0098634539999,0
			-33.040652908,-71.010133852,0
			-33.0403646429999,-71.0103950009998,0
			-33.040081925,-71.0105963629999,0
			-33.0398393299999,-71.0108200399999,0
			-33.0395855489999,-71.011173975,0
			-33.0393355849999,-71.011575185,0
			-33.039111621,-71.012045133,0
			-33.0389711109999,-71.0123701489999,0
			-33.0387917689999,-71.0128626849999,0
			-33.0384192809999,-71.013316178,0
			-33.0380227059999,-71.0135822109999,0
			-33.0377821199999,-71.0136811969999,0
			-33.0374242869999,-71.013780411,0
			-33.0369256339999,-71.0139446529999,0
			-33.0364033019999,-71.01417975,0
			-33.035859283,-71.0143580429999,0
			-33.0355646589999,-71.0144544789999,0
			-33.0351301769999,-71.014556238,0
			-33.0347374149999,-71.0145861519999,0
			-33.0343181769999,-71.0145809909999,0
			-33.033980105,-71.0145729459999,0
			-33.0335612359999,-71.0145449909999,0
			-33.0333269529999,-71.0145372909999,0
			-33.0327895479999,-71.0145849589999,0
			-33.03254155,-71.0145846629999,0
			-33.0321748979999,-71.0146720029999,0
			-33.0317438829999,-71.0148334739999,0
			-33.031163492,-71.0150360969999,0
			-33.030505655,-71.015290452,0
			-33.029983999,-71.0154789719999,0
			-33.029415801,-71.015763776,0
			-33.028984291,-71.015960396,0
			-33.028637696,-71.016200695,0
			-33.028399668,-71.0164200459999,0
			-33.0283164239999,-71.0165516289999,0
			-33.028173231,-71.0167585839999,0
			-33.0278995239999,-71.0169594039999,0
			-33.027694832,-71.0170633989999,0
			-33.027437323,-71.0170986619999,0
			-33.0271209209999,-71.0171483679999,0
			-33.026760494,-71.0171291039999,0
			-33.0262650829999,-71.017092647,0
			-33.0259911099998,-71.0170219459999,0
			-33.025743694,-71.0169858779999,0
			-33.025414519,-71.016989426,0
			-33.0251911029999,-71.017141137,0
			-33.0249895509999,-71.017338686,0
			-33.0247589509999,-71.0176558909999,0
			-33.0245780549999,-71.0179649279999,0
			-33.024332918,-71.0180710639999,0
			-33.0239252229999,-71.0181834909999,0
			-33.023485079,-71.018356478,0
			-33.0230723589999,-71.018505621,0
			-33.0227274979999,-71.0186385929999,0
			-33.022480184,-71.0188745519999,0
			-33.022286811,-71.0191189289999,0
			-33.0220992599999,-71.0192866199999,0
			-33.0218290949998,-71.019546782,0
			-33.021342633,-71.0197925379999,0
			-33.0209349309999,-71.0199053909999,0
			-33.0206141339999,-71.019943585,0
			-33.0202213819999,-71.0199726829999,0
			-33.0197253949999,-71.019971803,0
			-33.0192071299999,-71.0199596289999,0
			-33.018487039,-71.019874279,0
			-33.0182539269999,-71.0197896869999,0
			-33.0180087989999,-71.0196121389999,0
			-33.017728173,-71.0194003689999,0
			-33.017559783,-71.019219573,0
			-33.0172963619999,-71.019053973,0
			-33.0170493959999,-71.0189944989999,0
			-33.0166140429999,-71.01914978,0
			-33.0163697209999,-71.01947935,0
			-33.0161631889999,-71.0197014889999,0
			-33.0159179869999,-71.0198069099998,0
			-33.0157057669999,-71.0198281989999,0
			-33.015529737,-71.019836197,0
			-33.0153581129999,-71.0198550819999,0
			-33.0150384529998,-71.0198230619998,0
			-33.0147007749999,-71.019790546,0
			-33.0144718509999,-71.019730168,0
			-33.014206966,-71.019659503,0
			-33.014008775,-71.0196447259999,0
			-33.0137209609999,-71.019598703,0
			-33.013482371,-71.0195740589999,0
			-33.0132115399999,-71.0195923479999,0
			-33.0127048269998,-71.0196972369999,0
			-33.0120749229999,-71.019891297,0
			-33.0116211719999,-71.02006482,0
			-33.011165385,-71.0203688559999,0
			-33.010845659,-71.020619171,0
			-33.010442461,-71.0210149769999,0
			-33.0100169779999,-71.0213999219998,0
			-33.009838369,-71.021567176,0
			-33.0093257189998,-71.0220384209999,0
			-33.0087720079999,-71.0225359049999,0
			-33.008323216,-71.0229684409999,0
			-33.0078320599999,-71.0234988189999,0
			-33.007467989,-71.0239867649999,0
			-33.0072413039999,-71.0243394909999,0
			-33.0070050289999,-71.0247277659998,0
			-33.006821793,-71.025184414,0
			-33.0066285839999,-71.0257001039999,0
			-33.0064013259999,-71.026087968,0
			-33.0061579469999,-71.0263583219999,0
			-33.005901415,-71.026605929,0
			-33.0055657509999,-71.0267270479999,0
			-33.0051988659999,-71.0268327209998,0
			-33.0046244279999,-71.0269406589999,0
			-33.0045299189999,-71.026932799,0
			-33.0038798999999,-71.0269728119999,0
			-33.003306504,-71.0270165069999,0
			-33.0025447559999,-71.0269990799999,0
			-33.0019714369999,-71.0270425109999,0
			-33.001158298,-71.027137271,0
			-33.000680498,-71.0271263389999,0
			-33.000296529,-71.0271740149999,0
			-32.9987646819999,-71.0276486859999,0
			-32.9980957659999,-71.027746736,0
			-32.9974692179999,-71.0280153949999,0
			-32.996802069,-71.028000127,0
			-32.9962747179999,-71.0279880589999,0
			-32.9955157279999,-71.0278007919999,0
			-32.9948955369999,-71.0276736,0
			-32.9938030499999,-71.0274786219999,0
			-32.9932314979999,-71.027408741,0
			-32.992570857,-71.0269973879999,0
			-32.9919028649999,-71.027038568,0
			-32.9913294689999,-71.027082348,0
			-32.9909427409999,-71.0272998459999,0
			-32.990269229,-71.027680762,0
			-32.98964437,-71.027836269,0
			-32.9891666429999,-71.0278254289999,0
			-32.9890531569999,-71.0277625209999,0
			-32.988958875,-71.027354234,0
			-32.9886243559999,-71.02705897,0
			-32.9882423259999,-71.0267052049999,0
			-32.987617927,-71.026345728,0
			-32.9870486469999,-71.025584989,0
			-32.986812804,-71.025177073,0
			-32.986387995,-71.024477061,0
			-32.9859630319999,-71.023777142,0
			-32.98553527,-71.0232496759999,0
			-32.9851057149999,-71.0228373509999,0
			-32.9846248459999,-71.0225962819999,0
			-32.9833277149999,-71.021876498,0
			-32.982652059,-71.0216884989999,0
			-32.982466024,-71.0215688289999,0
			-32.982282777,-71.02144319,0
			-32.982102459,-71.021311672,0
			-32.981925195,-71.021174375,0
			-32.98175112,-71.0210313979999,0
			-32.9815803609999,-71.0208828459999,0
			-32.981413044,-71.0207288279999,0
			-32.981249292,-71.020569458,0
			-32.981089224,-71.0204048529998,0
			-32.9809329589999,-71.0202351339999,0
			-32.9807806139999,-71.0200604259999,0
			-32.9806322949999,-71.0198808579999,0
			-32.980488118,-71.0196965619999,0
			-32.9803481839999,-71.0195076699999,0
			-32.9802126009999,-71.0193143269999,0
			-32.9800814649999,-71.0191166699999,0
			-32.9800564679999,-71.0189792369998,0
			-32.980026193,-71.0188433179999,0
			-32.979990702,-71.0187092049999,0
			-32.9799500679999,-71.0185771829999,0
			-32.9799043799999,-71.0184475309999,0
			-32.979853733,-71.0183205229999,0
			-32.9797982379998,-71.018196427,0
			-32.979738008,-71.0180755119999,0
			-32.9796731709999,-71.017958026,0
			-32.979603867,-71.017844226,0
			-32.979530241,-71.0177343479999,0
			-32.9794524529999,-71.017628627,0
			-32.9793146289999,-71.0175635959999,0
			-32.9791790029998,-71.0174922949999,0
			-32.9790457819999,-71.0174148259999,0
			-32.978915156,-71.0173313069999,0
			-32.9787873229999,-71.0172418569999,0
			-32.9786624709999,-71.017146612,0
			-32.978540785,-71.017045713,0
			-32.9784224449999,-71.016939307,0
			-32.978307625,-71.016827554,0
			-32.978196499,-71.016710619,0
			-32.9780892269999,-71.0165886719999,0
			-32.977985969,-71.016461898,0
			-32.9778868789999,-71.0163304819999,0
			-32.9777921029998,-71.0161946209999,0
			-32.9777017809999,-71.0160545119999,0
			-32.9773699459999,-71.0155868099999,0
			-32.9769944499998,-71.0148306289998,0
			-32.9767554649999,-71.0142259469999,0
			-32.976427096,-71.0131535609999,0
			-32.9761973189999,-71.012582053,0
			-32.976068524,-71.0116167539999,0
			-32.976079537,-71.010937729,0
			-32.9760444449999,-71.010313931,0
			-32.9761086999999,-71.0091264409999,0
			-32.9762215159999,-71.007996581,0
			-32.976265181,-71.005279945,0
			-32.976143631,-71.004145131,0
			-32.9759317369999,-71.0035799219999,0
			-32.975866912,-71.0034026349999,0
			-32.9757363779999,-71.0025503779999,0
			-32.975691395,-71.0022597719999,0
			-32.9755642719999,-71.001470877,0
			-32.9755760629999,-71.000735253,0
			-32.9755932949999,-70.999659676,0
			-32.9758421669999,-70.999042722,0
			-32.9760395979999,-70.9985376729999,0
			-32.9762839399999,-70.9982034549999,0
			-32.9767312169999,-70.997024573,0
			-32.9769440069999,-70.995840401,0
			-32.977008127,-70.9946528809999,0
			-32.9771153849999,-70.9938625899998,0
			-32.9774219949999,-70.9927369599999,0
			-32.977850594,-70.991308513,0
			-32.978068676,-70.9906370109999,0
			-32.9782297579999,-70.9901487299999,0
			-32.978500078,-70.9896014569999,0
			-32.978557957,-70.989080181,0
			-32.9786729059999,-70.9883755019999,0
			-32.9788890139999,-70.9878270029999,0
			-32.9790521449999,-70.9874923259999,0
			-32.97966072,-70.9869368389998,0
			-32.9799930519999,-70.986739707,0
			-32.98015414,-70.9865332979999,0
			-32.9801676909999,-70.986248029,0
			-32.9800134079999,-70.986026845,0
			-32.9797187239999,-70.985840471,0
			-32.97929098,-70.9858031059998,0
			-32.978680528,-70.9856315759999,0
			-32.978132731,-70.9849161769999,0
			-32.9776400069999,-70.9844260539999,0
			-32.9770417649999,-70.98376967,0
			-32.976457447,-70.9827993859999,0
			-32.976178133,-70.9816445909999,0
			-32.9761484139999,-70.9806775969998,0
			-32.9761930889999,-70.9798497879999,0
			-32.9762258849999,-70.978923019,0
			-32.9762226259999,-70.978900247,0
			-32.9762044989999,-70.9787433889999,0
			-32.9759338819999,-70.9771583579999,0
			-32.975885019,-70.9755782789999,0
			-32.9759015919999,-70.974526074,0
			-32.9762933279999,-70.9731311849999,0
			-32.9765317309999,-70.9720838189999,0
			-32.976548349,-70.9710316059999,0
			-32.9760530909999,-70.9696169889999,0
			-32.975702901,-70.968381079,0
			-32.975345789,-70.9675837049999,0
			-32.9747082349999,-70.965815205,0
			-32.9741389909999,-70.964399011,0
			-32.9736436539999,-70.9629845529999,0
			-32.9731427889999,-70.9619208359999,0
			-32.9722066969999,-70.960321202,0
			-32.9711214279999,-70.9588060369999,0
			-32.970327644,-70.957560539,0
			-32.96923822,-70.9563084509999,0
			-32.9675629339999,-70.954692747,0
			-32.9668293139999,-70.954325675,0
			-32.9662420949999,-70.9540495569999,0
			-32.9661736579999,-70.9536972289999,0
			-32.9662598559999,-70.952909669,0
			-32.9669360869999,-70.952222906,0
			-32.9679161649999,-70.951016529,0
			-32.9688921289999,-70.95007305,0
			-32.9694902369999,-70.9496476319999,0
			-32.9703908939999,-70.9487902869999,0
			-32.9716624709999,-70.947853336,0
			-32.971916549,-70.947317442,0
			-32.9720856159999,-70.9471445469999,0
			-32.9723204629999,-70.946832515,0
			-32.972357968,-70.946753579,0
			-32.9724843069999,-70.9464451219999,0
			-32.9725584089999,-70.9460278849999,0
			-32.9725786449999,-70.9456016699999,0
			-32.9725943689999,-70.9451710589998,0
			-32.972614558,-70.9447429119999,0
			-32.9726662189999,-70.9443194,0
			-32.972706444,-70.9440514699999,0
			-32.972768743,-70.9432387759999,0
			-32.9729616099999,-70.9418540689999,0
			-32.9730248029999,-70.941272688,0
			-32.973035969,-70.9405544069999,0
			-32.973012528,-70.939738166,0
			-32.97287682,-70.9391861819999,0
			-32.9724185649999,-70.9382102179999,0
			-32.971786852,-70.9373619429999,0
			-32.9713990659999,-70.9367810639999,0
			-32.971072755,-70.9360183529999,0
			-32.9706238529999,-70.934723253,0
			-32.9706197039999,-70.934700199,0
			-32.9701994679999,-70.9338859379999,0
			-32.9696755369999,-70.9327735409999,0
			-32.969142228,-70.931402227,0
			-32.968844411,-70.9305385109999,0
			-32.968197807,-70.9291921939999,0
			-32.9676136269999,-70.928481341,0
			-32.9673239189999,-70.9282585699999,0
			-32.9670916979999,-70.927929778,0
			-32.966004739,-70.92650278,0
			-32.9646125159999,-70.925683105,0
			-32.9631368949999,-70.925475719,0
			-32.959961237,-70.9252313739999,0
			-32.9590742559998,-70.9252121329999,0
			-32.9581941069999,-70.924754531,0
			-32.957235898,-70.924558312,0
			-32.9566473289998,-70.9243701139999,0
			-32.9540845409999,-70.9227359309999,0
			-32.953133152,-70.9221014949999,0
			-32.950797504,-70.920121512,0
			-32.9493420699999,-70.9185992929999,0
			-32.948545242,-70.9175297239998,0
			-32.947597785,-70.9166322539999,0
			-32.9458305329999,-70.9161556569999,0
			-32.9447244499999,-70.915956461,0
			-32.944731249,-70.9155180749999,0
			-32.9449623679999,-70.9149092859998,0
			-32.9451935589998,-70.9143004099999,0
			-32.945649067,-70.913520948,0
			-32.945809008,-70.9127352,0
			-32.9458224289999,-70.9118585829999,0
			-32.945690672,-70.910803428,0
			-32.9454810269999,-70.9100097249999,0
			-32.9450495959999,-70.909211166,0
			-32.9440241989999,-70.908575265,0
			-32.9435747389999,-70.9084725539999,0
			-32.943124102,-70.9082388329999,0
			-32.941873899,-70.908018161,0
			-32.940914252,-70.907962499,0
			-32.939404849,-70.9075938999999,0
			-32.9392344459999,-70.9075287329999,0
			-32.938878976,-70.9074779939999,0
			-32.9385240779999,-70.907394762,0
			-32.9382816499999,-70.9073243739999,0
			-32.9373091099999,-70.907232348,0
			-32.936516097,-70.9071886,0
			-32.9362074329999,-70.907023922,0
			-32.9359115269999,-70.9066187649999,0
			-32.935789566,-70.9060466809999,0
			-32.9356483299999,-70.9052559439999,0
			-32.935626113,-70.904639216,0
			-32.9355699479999,-70.9038843009999,0
			-32.935586599,-70.9030872289999,0
			-32.935578274,-70.9027462449999,0
			-32.935562261,-70.9023180999999,0
			-32.935537198,-70.9018923909998,0
			-32.935457867,-70.9014740179999,0
			-32.935378585,-70.9010572239999,0
			-32.9352902059999,-70.9006408499998,0
			-32.9352018009999,-70.900226227,0
			-32.9350953359999,-70.89981858,0
			-32.934966168,-70.8994171029999,0
			-32.9348414139999,-70.8990167749998,0
			-32.9347031029999,-70.8986237809999,0
			-32.934501322,-70.8982505439999,0
			-32.9343176369999,-70.89787761,0
			-32.934269661,-70.89747586,0
			-32.934294065,-70.897055946,0
			-32.9343440929999,-70.8967680789999,0
			-32.9343681399999,-70.8966294689999,0
			-32.9344468189999,-70.8962013359999,0
			-32.93453432,-70.8957808389999,0
			-32.934617279,-70.8953674279999,0
			-32.9347317219999,-70.8949581909999,0
			-32.934864045,-70.894558272,0
			-32.9350007469999,-70.8941668529998,0
			-32.9351643479999,-70.8937845949999,0
			-32.9353368769998,-70.8934079559999,0
			-32.9355272789999,-70.8930460659999,0
			-32.935731173,-70.892686125,0
			-32.935899176,-70.892310438,0
			-32.936067195,-70.891933696,0
			-32.9362709989999,-70.8915794439999,0
			-32.936492497,-70.8912422129999,0
			-32.9367184919999,-70.8909104209999,0
			-32.936944581,-70.8905723189999,0
			-32.9371438379999,-70.8902156869999,0
			-32.9373519279999,-70.8898708029999,0
			-32.937569089,-70.8895269,0
			-32.9377862609999,-70.889182208,0
			-32.937998931,-70.8888371559999,0
			-32.9382339589999,-70.8884988849998,0
			-32.9382478759999,-70.8884775379999,0
			-32.938463579,-70.8882249809999,0
			-32.9387872429999,-70.8876921589999,0
			-32.9387809749999,-70.886615514,0
			-32.938710633,-70.885901808,0
			-32.9385413079999,-70.885470744,0
			-32.9379308449999,-70.884682412,0
			-32.9374603379999,-70.8841858279999,0
			-32.9371506049999,-70.8835020159999,0
			-32.936865048,-70.88299806,0
			-32.936617165,-70.8820924179999,0
			-32.9364735999999,-70.8817405079999,0
			-32.936206765,-70.880895626,0
			-32.936064167,-70.880184705,0
			-32.9359111579999,-70.87986598,0
			-32.9355250629999,-70.8791539439999,0
			-32.9352100299999,-70.8782115999999,0
			-32.934686949,-70.8776179339999,0
			-32.9341967719999,-70.8769237819999,0
			-32.9337753219999,-70.8764643919999,0
			-32.9333950209999,-70.875665338,0
			-32.932618818,-70.874505315,0
			-32.9316368639999,-70.8732360229999,0
			-32.93113162,-70.8723428189999,0
			-32.9308704189999,-70.8714183259999,0
			-32.9308475129999,-70.870841304,0
			-32.9310604069999,-70.87047311,0
			-32.9312451349999,-70.8701849169999,0
			-32.9315071089999,-70.869854545,0
			-32.9318842669999,-70.869059475,0
			-32.9320880449999,-70.8683963669999,0
			-32.9321028559999,-70.868310121,0
			-32.9321722679999,-70.8678874709999,0
			-32.9322237319999,-70.867464446,0
			-32.9322707229999,-70.867039045,0
			-32.932299654,-70.8666109,0
			-32.932310553,-70.866182989,0
			-32.932298831,-70.8657560049999,0
			-32.9322737799999,-70.8653210309999,0
			-32.9322498719999,-70.865111234,0
			-32.932011131,-70.864489991,0
			-32.9313361649999,-70.863484903,0
			-32.930675139,-70.8627582729999,0
			-32.9302689319999,-70.862179617,0
			-32.9301165409999,-70.8618161889999,0
			-32.9301167079999,-70.861804978,0
			-32.9301370759999,-70.8616478029999,0
			-32.9300778049999,-70.8613912779999,0
			-32.9300473289999,-70.861016999,0
			-32.929976945,-70.8605937929999,0
			-32.9299562309999,-70.8601689089999,0
			-32.929944517,-70.859739921,0
			-32.9299418859999,-70.8593111239999,0
			-32.929939244,-70.8588829399999,0
			-32.929927575,-70.858455616,0
			-32.9299204199999,-70.858027689,0
			-32.9299087609999,-70.857599405,0
			-32.929897099,-70.8571713819999,0
			-32.929871814,-70.8567450889999,0
			-32.9298420679999,-70.85632072,0
			-32.92976719,-70.8559003999998,0
			-32.9296785459999,-70.855486802,0
			-32.9295719419999,-70.8550786119999,0
			-32.9294818509999,-70.8547672239999,0
			-32.9294517079999,-70.8546726799999,0
			-32.929340478,-70.854267288,0
			-32.9292247309999,-70.853862589,0
			-32.9291135409999,-70.8534542209999,0
			-32.9290114089999,-70.8530429749999,0
			-32.9288774509999,-70.8526502519999,0
			-32.928693575,-70.852280755,0
			-32.9285051369999,-70.8519149339999,0
			-32.9283484279999,-70.851531727,0
			-32.928232683,-70.851126251,0
			-32.9281305599999,-70.8507137849999,0
			-32.928101472,-70.850602534,0
			-32.9280238659999,-70.8503055179999,0
			-32.927889955,-70.849909037,0
			-32.9277469739999,-70.8495164009999,0
			-32.927590381,-70.8491298759999,0
			-32.9274246729999,-70.8487501699999,0
			-32.9272406769999,-70.8483830499999,0
			-32.9270339089999,-70.8480319299998,0
			-32.926804476,-70.8476946179999,0
			-32.9265747319999,-70.8473684269999,0
			-32.9263360209999,-70.8470488839999,0
			-32.9260836029999,-70.846736941,0
			-32.925835535,-70.8464306119999,0
			-32.9255693479999,-70.846140464,0
			-32.925298476,-70.8458574029999,0
			-32.9250413879999,-70.845556323,0
			-32.9248071109999,-70.845236356,0
			-32.924572983,-70.84490632,0
			-32.9243478829999,-70.844575161,0
			-32.924109178,-70.844249764,0
			-32.9238703839999,-70.8439303269999,0
			-32.9236315329999,-70.8436146539999,0
			-32.9233836729999,-70.843298708,0
			-32.9231448749999,-70.8429843549999,0
			-32.9229062369999,-70.842649159,0
			-32.922681342,-70.842308729,0
			-32.9224790329999,-70.8419596589999,0
			-32.922484912,-70.8415607699999,0
			-32.9225768589999,-70.841136945,0
			-32.9228334609999,-70.8408599269999,0
			-32.9231653439999,-70.8406736449999,0
			-32.9235139139999,-70.840583016,0
			-32.923867426,-70.840462965,0
			-32.924163988,-70.8402268039999,0
			-32.9244473859999,-70.8399663669999,0
			-32.9247398189999,-70.8397044509999,0
			-32.9250366379999,-70.839455587,0
			-32.9252890719999,-70.839155433,0
			-32.925492597,-70.838805034,0
			-32.925664426,-70.8384697429999,0
			-32.9261210839999,-70.838077798,0
			-32.9267320289998,-70.8373171619999,0
			-32.9271559599999,-70.8360854639999,0
			-32.9276435409999,-70.834508155,0
			-32.927925815,-70.833100136,0
			-32.9278937349999,-70.8322097659999,0
			-32.9278921339999,-70.831089275,0
			-32.927768863,-70.8296546689999,0
			-32.9277753969999,-70.8292084629999,0
			-32.9277513609999,-70.8290033229999,0
			-32.9277260329999,-70.828578449,0
			-32.927745811,-70.8281507339999,0
			-32.9277655979999,-70.8277224039999,0
			-32.92779439,-70.827294524,0
			-32.9278141549999,-70.826867597,0
			-32.9278294109999,-70.82644049,0
			-32.9278626899999,-70.8260137529999,0
			-32.9278959409999,-70.825588679,0
			-32.9279652609999,-70.8251676749999,0
			-32.928025555,-70.8247471829999,0
			-32.9281037759999,-70.8243284619999,0
			-32.9281774749999,-70.823910876,0
			-32.928269233,-70.823495935,0
			-32.928360901,-70.8230818679999,0
			-32.928452614,-70.8226699929999,0
			-32.928557837,-70.8222583929999,0
			-32.928658508,-70.8218500259999,0
			-32.928795071,-70.821452555,0
			-32.9289539819999,-70.82106781,0
			-32.929121908,-70.8206878879999,0
			-32.929289699,-70.8203120809999,0
			-32.9294664769999,-70.819938033,0
			-32.9296387589999,-70.8195632779999,0
			-32.929815584,-70.8191908909999,0
			-32.9299968239999,-70.818819646,0
			-32.9301736809999,-70.818444981,0
			-32.930327979,-70.818061792,0
			-32.9304646049999,-70.817664223,0
			-32.9305832809999,-70.8172562979999,0
			-32.9306659119999,-70.8168425549999,0
			-32.930676626,-70.8164156009999,0
			-32.9306468129999,-70.81598633,0
			-32.930635008,-70.8155583029999,0
			-32.9306006529999,-70.815131128,0
			-32.930548087,-70.814711643,0
			-32.9304231749999,-70.814308376,0
			-32.9302981829999,-70.8139054599999,0
			-32.93019141,-70.813499325,0
			-32.9301027619999,-70.8130813819999,0
			-32.9300095219999,-70.812669129,0
			-32.9298709869999,-70.8122775929999,0
			-32.929691502,-70.8119026569999,0
			-32.9294892419999,-70.8115443399999,0
			-32.9292594749999,-70.8112180549999,0
			-32.92899769,-70.81092432,0
			-32.9287588749999,-70.810600307,0
			-32.92850621,-70.8102990519999,0
			-32.9282354019999,-70.810010833,0
			-32.9279918129999,-70.809705213,0
			-32.9277575179999,-70.8093749019998,0
			-32.9275460819999,-70.8090324449999,0
			-32.9273256339999,-70.808689719,0
			-32.9271140179999,-70.808349187,0
			-32.926898122,-70.8080032249999,0
			-32.9266958189999,-70.8076469439999,0
			-32.9265254389999,-70.8072699369999,0
			-32.9263731899999,-70.8068804219999,0
			-32.9262254819999,-70.8064934549999,0
			-32.9260323849999,-70.8061286929999,0
			-32.9258162989999,-70.8057903599999,0
			-32.9256048289999,-70.8054442389999,0
			-32.925407062,-70.8050856059999,0
			-32.9252139609999,-70.8047208519999,0
			-32.9250435549999,-70.8043448189999,0
			-32.9249049549998,-70.8039456939999,0
			-32.9248208189999,-70.8035302439999,0
			-32.92479529,-70.8031080099999,0
			-32.9248240819999,-70.802679433,0
			-32.9248618149999,-70.8022507749999,0
			-32.9249040629999,-70.8018262369999,0
			-32.9250045969999,-70.801417597,0
			-32.9251231979999,-70.8010112489999,0
			-32.925214833,-70.8005994479999,0
			-32.9253109309999,-70.800185723,0
			-32.9254115759999,-70.7997740149999,0
			-32.92559704,-70.7994185109999,0
			-32.92567974,-70.7990010949999,0
			-32.9257309899999,-70.7985767329999,0
			-32.925723599,-70.7981508339999,0
			-32.9256981449999,-70.7977222919999,0
			-32.925677258,-70.7972944549999,0
			-32.925647264,-70.7968681,0
			-32.925639888,-70.7964408879998,0
			-32.925650608,-70.7960136919999,0
			-32.9256972949999,-70.7955875699998,0
			-32.9257843849999,-70.795177247,0
			-32.9258759229999,-70.7947657829999,0
			-32.925922643,-70.7943369489999,0
			-32.926090326,-70.793968283,0
			-32.9263694219999,-70.7936872779999,0
			-32.9266923549999,-70.793491607,0
			-32.9270407019999,-70.793414449,0
			-32.927395463,-70.793518499,0
			-32.927745913,-70.793608798,0
			-32.92811187,-70.7935607299999,0
			-32.9284477829999,-70.793402725,0
			-32.9287355409999,-70.793151232,0
			-32.9290058529999,-70.7928538329999,0
			-32.9292046589999,-70.792509347,0
			-32.9293679629999,-70.792126297,0
			-32.9295090029999,-70.7917243979999,0
			-32.9296276119999,-70.7913204689999,0
			-32.929737175,-70.7909082979999,0
			-32.9298108649999,-70.7904886569999,0
			-32.929843905,-70.7900648649999,0
			-32.929832129,-70.789633603,0
			-32.9297840539999,-70.7892091409998,0
			-32.9296725799999,-70.788805833,0
			-32.929520372,-70.788414495,0
			-32.9293863189999,-70.7880141519999,0
			-32.929288459,-70.7876040239999,0
			-32.929199673,-70.787189524,0
			-32.929119944,-70.786771878,0
			-32.9290583739999,-70.7863502169999,0
			-32.9289651269999,-70.7859372929998,0
			-32.9288491339999,-70.785534253,0
			-32.9287649409999,-70.7851131899999,0
			-32.9287529759999,-70.7846888479999,0
			-32.9288040509999,-70.7842681409999,0
			-32.928882162,-70.7838478849999,0
			-32.9289513259999,-70.783427887,0
			-32.92901596,-70.7830041189999,0
			-32.9290671669999,-70.782579115,0
			-32.929131782,-70.7821565709999,0
			-32.9292052919999,-70.7817423529999,0
			-32.929373026,-70.7813676929999,0
			-32.9296210529999,-70.7810508869999,0
			-32.929882326,-70.780753266,0
			-32.930139062,-70.780458004,0
			-32.9304046359999,-70.7801695769999,0
			-32.9307100779999,-70.779940118,0
			-32.9310462169999,-70.7797704079999,0
			-32.9313690609999,-70.7795796679999,0
			-32.9316831419999,-70.7793763989999,0
			-32.931988421,-70.7791532379999,0
			-32.9322895369999,-70.778910981,0
			-32.932422253,-70.7787742529999,0
			-32.9329129779999,-70.7785144119999,0
			-32.9334206239999,-70.778010213,0
			-32.933815581,-70.7771906289999,0
			-32.9340309579999,-70.7763116399998,0
			-32.9343048219999,-70.775132693,0
			-32.934512431,-70.7744823799999,0
			-32.9349356769999,-70.7738906009999,0
			-32.9353103219999,-70.7735528019999,0
			-32.9354193529999,-70.772861872,0
			-32.9355280549999,-70.7715529119998,0
			-32.9354005659999,-70.770049651,0
			-32.9351795179999,-70.7691001679999,0
			-32.935057757,-70.7687821629999,0
			-32.9350111319999,-70.7685686859999,0
			-32.934872485,-70.768175264,0
			-32.9346927459999,-70.7678087079999,0
			-32.934499417,-70.7674472289999,0
			-32.934485789,-70.7674233899999,0
			-32.934334962,-70.7671073509999,0
			-32.933946374,-70.7663635119999,0
			-32.933512724,-70.7656712579999,0
			-32.9331655489999,-70.7651385189999,0
			-32.932818294,-70.7646058719999,0
			-32.9324245709999,-70.7642299139999,0
			-32.931987197,-70.7638006159999,0
			-32.9315911699999,-70.763582404,0
			-32.9311516429999,-70.7633107659999,0
			-32.9306683929999,-70.7629856979999,0
			-32.930229606,-70.7626614289999,0
			-32.9298365419999,-70.7622330259998,0
			-32.929529886,-70.7619640359999,0
			-32.9294006429999,-70.7616985639999,0
			-32.929450887,-70.7612789569999,0
			-32.929812237,-70.7608128649998,0
			-32.9301284519999,-70.760398439,0
			-32.9303567709999,-70.759929789,0
			-32.9304536229999,-70.7593532319999,0
			-32.930460949,-70.7588276389999,0
			-32.9306050709999,-70.7580417529999,0
			-32.9307447519999,-70.7575713439999,0
			-32.9308415169999,-70.7569947779999,0
			-32.930671568,-70.7564656789999,0
			-32.930412245,-70.755987294,0
			-32.9300657639999,-70.7554020589999,0
			-32.929719205,-70.7548168279999,0
			-32.9292913899999,-70.753704179,0
			-32.9291265919999,-70.752807073,0
			-32.929138387,-70.751966013,0
			-32.9291509139999,-70.7510724059999,0
			-32.929337829,-70.750392576,0
			-32.9296119789999,-70.7498195049999,0
			-32.929841659,-70.7492456409998,0
			-32.929853432,-70.748404576,0
			-32.9296420709999,-70.7476642489999,0
			-32.9293413359999,-70.746974822,0
			-32.929040597,-70.7462853129999,0
			-32.928784172,-70.7455967639999,0
			-32.928571325,-70.7449616409999,0
			-32.9282239829999,-70.7444290049999,0
			-32.9276114699999,-70.7438386099998,0
			-32.9272633889999,-70.7433585349999,0
			-32.926738698,-70.742822525,0
			-32.9264306789999,-70.7426587079999,0
			-32.925945978,-70.7424388679999,0
			-32.9256393489999,-70.742170043,0
			-32.9253798239999,-70.7416916339998,0
			-32.9253443709999,-70.741060019,0
			-32.9252637199999,-70.7404800799999,0
			-32.925183868,-70.7398475969999,0
			-32.9251025529999,-70.7393202109999,0
			-32.924801697,-70.7386308429999,0
			-32.9246760569999,-70.738102592,0
			-32.9243316069999,-70.737359731,0
			-32.9239828419998,-70.7369323369999,0
			-32.9237677579999,-70.736454994,0
			-32.9239072829999,-70.735984495,0
			-32.9241806349999,-70.735464043,0
			-32.9243223469999,-70.734835807,0
			-32.9246443139999,-70.73400084,0
			-32.9251000309999,-70.7331159129999,0
			-32.9252832079999,-70.7326988149999,0
			-32.9253762109999,-70.7323852559999,0
			-32.92560443,-70.731916467,0
			-32.9258755049999,-70.731553724,0
			-32.9261494949999,-70.7309806099999,0
			-32.9261989829999,-70.7306135479999,0
			-32.9261634019999,-70.7299819249999,0
			-32.92577313,-70.729343403,0
			-32.925246994,-70.7289125799999,0
			-32.924571629,-70.728235062,0
			-32.9249667089999,-70.7279120399999,0
			-32.9254689909999,-70.7274182589999,0
			-32.9261174279999,-70.7265915249999,0
			-32.926479344,-70.726010989,0
			-32.9267032839999,-70.725175995,0
			-32.92692599,-70.7244249829999,0
			-32.9272229219999,-70.7234235429999,0
			-32.9277971029999,-70.7228471909999,0
			-32.9285071639999,-70.722693103,0
			-32.9290744029999,-70.722620084,0
			-32.9297112429999,-70.7226325179998,0
			-32.9313296129999,-70.723335333,0
			-32.9319641399999,-70.7235155019999,0
			-32.9323863829999,-70.7236915569999,0
			-32.9330244559999,-70.7236200019999,0
			-32.93352672,-70.7231261519999,0
			-32.9340313699999,-70.72246448,0
			-32.9348840339999,-70.72222921,0
			-32.935380585,-70.7221548139999,0
			-32.93637354,-70.722006193,0
			-32.9368689319999,-70.7220157959999,0
			-32.9375742199999,-70.722197342,0
			-32.937996466,-70.7223733989999,0
			-32.9385672459999,-70.7220487189999,0
			-32.9389964319998,-70.7217212899999,0
			-32.939994086,-70.7212369089999,0
			-32.9414859729999,-70.7208461209999,0
			-32.942971933,-70.720874913,0
			-32.9440300119999,-70.72114733,0
			-32.9461941199999,-70.7207694639999,0
			-32.9471812899999,-70.7210405169998,0
			-32.948030482,-70.721056888,0
			-32.9486662379999,-70.7211531559999,0
			-32.9497253969999,-70.721341584,0
			-32.9505072239999,-70.7211048939999,0
			-32.9512195239999,-70.7207829069999,0
			-32.951790229,-70.720458084,0
			-32.9525721269999,-70.7202214719999,0
			-32.9530298579999,-70.719999171,0
			-32.9530709909999,-70.7199791979999,0
			-32.9535709319999,-70.719653079,0
			-32.954074412,-70.7190751699999,0
			-32.954369002,-70.7182412679999,0
			-32.9543793199999,-70.7174858979999,0
			-32.954457077,-70.716983603,0
			-32.9548201809999,-70.7163190059999,0
			-32.9550393059999,-70.7158194369999,0
			-32.9551935809999,-70.714898937,0
			-32.9554869199999,-70.714148939,0
			-32.955919616,-70.713569531,0
			-32.9566329749999,-70.7131636179998,0
			-32.957062214,-70.7128359969999,0
			-32.9576398049999,-70.7120075009999,0
			-32.9577220689999,-70.7111695359999,0
			-32.9579469969999,-70.7102502709999,0
			-32.958378527,-70.7097548519999,0
			-32.958954949,-70.709010258,0
			-32.960169505,-70.708194067,0
			-32.960529047,-70.7077811079999,0
			-32.960676306,-70.707364151,0
			-32.9606820429999,-70.706944469,0
			-32.9602585559999,-70.7068523669999,0
			-32.9596936199999,-70.7067574599999,0
			-32.9593444069999,-70.7064149159999,0
			-32.9591378609999,-70.705991162,0
			-32.9589346749999,-70.7053156029999,0
			-32.958797814,-70.704977061,0
			-32.9585958449999,-70.7042175719999,0
			-32.9583926519999,-70.703541934,0
			-32.9584006649999,-70.7029543969999,0
			-32.958413252,-70.7020310329999,0
			-32.9584246869999,-70.701191691,0
			-32.9587260169999,-70.6998540739999,0
			-32.9588173349999,-70.698344428,0
			-32.958618745,-70.6973331519999,0
			-32.9579214049999,-70.696564128,0
			-32.9572901849999,-70.696132287,0
			-32.9570117,-70.695791147,0
			-32.9561795879999,-70.694515849,0
			-32.9558428609999,-70.6932499389999,0
			-32.9556373299999,-70.6927422959999,0
			-32.9554376319999,-70.691815001,0
			-32.955451199,-70.6908076399999,0
			-32.955461424,-70.6900522529999,0
			-32.9558676409999,-70.6888005879999,0
			-32.9563777929999,-70.6877187979999,0
			-32.9567429379999,-70.686886192,0
			-32.9572474059999,-70.6862241369999,0
			-32.957682244,-70.6854767089999,0
			-32.9583326119999,-70.684481492,0
			-32.958629312,-70.683479556,0
			-32.9588596919999,-70.6821405269999,0
			-32.959097965,-70.6802139389999,0
			-32.9592564229999,-70.6789574909999,0
			-32.959341847,-70.6778676599999,0
			-32.95956999,-70.676696477,0
			-32.959657577,-70.6754385899999,0
			-32.959676713,-70.6740116679999,0
			-32.9591320629999,-70.672406032,0
			-32.9589376829998,-70.6710589639999,0
			-32.9583165449999,-70.669871878,0
			-32.9574751869999,-70.6692682729999,0
			-32.9568405009999,-70.6690885149999,0
			-32.956349657,-70.6687433779999,0
			-32.956003697,-70.6681491049999,0
			-32.9558047869999,-70.667137829,0
			-32.9556081829999,-70.6659587799999,0
			-32.9554216349999,-70.6640241609999,0
			-32.9550811679999,-70.663010247,0
			-32.9547441149999,-70.6617445429999,0
			-32.9543329399999,-70.660729411,0
			-32.9536364759999,-70.6598768599999,0
			-32.953640741,-70.659551484,0
			-32.953771102,-70.6592539359999,0
			-32.9539322429999,-70.6586745389999,0
			-32.9539707,-70.6580930209999,0
			-32.9540921789999,-70.6558753619999,0
			-32.9542254769999,-70.655077225,0
			-32.9542355259999,-70.6543132479999,0
			-32.9542408259999,-70.653912948,0
			-32.954245236,-70.653585543,0
			-32.9542509409999,-70.6531489699999,0
			-32.954075611,-70.652490643,0
			-32.9538690679999,-70.651868108,0
			-32.9536284279999,-70.65149969,0
			-32.953387377,-70.6511678099999,0
			-32.953118076,-70.6506533049999,0
			-32.9530327729999,-70.6501421359998,0
			-32.9528866369999,-70.6495936469999,0
			-32.9527224949999,-70.6492448859999,0
			-32.9526046079999,-70.6488787609999,0
			-32.9526390889999,-70.6485884099999,0
			-32.9528278569999,-70.6482281799999,0
			-32.952922741,-70.6480114359999,0
			-32.9529276209999,-70.6476474779999,0
			-32.952964992,-70.6471386759999,0
			-32.952969864,-70.6467748269999,0
			-32.9528222009999,-70.6463354159999,0
			-32.952766168,-70.645934072,0
			-32.9526841979999,-70.645168311,0
			-32.952596475,-70.644839205,0
			-32.952448402,-70.644436158,0
			-32.952297931,-70.6442149919999,0
			-32.9519326619999,-70.6439899379999,0
			-32.9516877599999,-70.643949037,0
			-32.9514442969999,-70.643798885,0
			-32.95126214,-70.6436499559999,0
			-32.9511131039999,-70.6433197219999,0
			-32.9510589739999,-70.64277287,0
			-32.9510033349999,-70.6423350889999,0
			-32.9509156039999,-70.642005989,0
			-32.9508279459998,-70.6416768059999,0
			-32.9507378219998,-70.6415296719999,0
			-32.9506169699999,-70.6413818839999,0
			-32.9504971499998,-70.641161295,0
			-32.950047632,-70.6403524009999,0
			-32.9495337119999,-70.639760697,0
			-32.9492629299999,-70.6393554069999,0
			-32.949023757,-70.638877884,0
			-32.948660461,-70.6385073459999,0
			-32.9483886469999,-70.638174776,0
			-32.9481169069999,-70.637842297,0
			-32.947846119,-70.6374370209999,0
			-32.9476653839999,-70.637178867,0
			-32.94748806,-70.6366662189999,0
			-32.9474550719999,-70.635664908,0
			-32.9474306089999,-70.635191446,0
			-32.9474056699999,-70.634754253,0
			-32.9474425139999,-70.6342818299999,0
			-32.9475110269999,-70.633737401,0
			-32.94779612,-70.633051285,0
			-32.9482407039999,-70.6318950849999,0
			-32.9484966109999,-70.6310990269999,0
			-32.9487869669999,-70.630012681,0
			-32.9488252159999,-70.6294311769998,0
			-32.949056949,-70.628125376,0
			-32.9492581599999,-70.626819009,0
			-32.9492651929999,-70.6262732939999,0
			-32.9492416429999,-70.625727022,0
			-32.9491878349999,-70.6251437389998,0
			-32.949131259,-70.624778869,0
			-32.9490434809999,-70.624449792,0
			-32.9488056669999,-70.6238632349999,0
			-32.9485338149999,-70.6235306199999,0
			-32.9483224689999,-70.6232721109999,0
			-32.9479585769999,-70.622937905,0
			-32.947807595,-70.6227532269999,0
			-32.9477183939999,-70.6225332299999,0
			-32.947724138,-70.622096686,0
			-32.947781182,-70.6212425669999,0
			-32.9479119,-70.6206263009999,0
			-32.9480411959999,-70.620119277,0
			-32.948297351,-70.619287186,0
			-32.9485794779999,-70.6188193749999,0
			-32.9489244389999,-70.6182434559999,0
			-32.9492382739999,-70.6177033319999,0
			-32.9494582589999,-70.617307049,0
			-32.949741424,-70.61676611,0
			-32.9499314779999,-70.616296705,0
			-32.9500896089999,-70.6159356559999,0
			-32.9505242429999,-70.6155433549999,0
			-32.9508956119999,-70.615295369,0
			-32.9513590179999,-70.6150490549999,0
			-32.951577508,-70.614761828,0
			-32.9517040029999,-70.6144728899999,0
			-32.9517092539999,-70.6140725729999,0
			-32.9515308219999,-70.613632572,0
			-32.95122695,-70.6134086729999,0
			-32.9504033859999,-70.6130298639999,0
			-32.9497922769999,-70.612836844,0
			-32.94948692,-70.6127221099999,0
			-32.949151849,-70.612534019,0
			-32.9489088139999,-70.612347687,0
			-32.9486049379999,-70.6121238839999,0
			-32.948271669,-70.611790277,0
			-32.9478752859999,-70.6116011679999,0
			-32.9470173059999,-70.611512867,0
			-32.946556256,-70.6115772299999,0
			-32.946281625,-70.611463065,0
			-32.9459493659999,-70.6110567569999,0
			-32.945798366,-70.6108720189998,0
			-32.945556735,-70.610576543,0
			-32.9453745349999,-70.6104277789999,0
			-32.944949298,-70.610092525,0
			-32.9446745929999,-70.609978366,0
			-32.944369775,-70.609827293,0
			-32.944096007,-70.609640423,0
			-32.9437935319999,-70.6093074899999,0
			-32.943490514,-70.6090108239999,0
			-32.9430520889999,-70.6085116659999,0
			-32.942841969,-70.6081439609999,0
			-32.9427527409999,-70.607924075,0
			-32.9426342619999,-70.6075944839999,0
			-32.9426385499999,-70.607267026,0
			-32.9427050079999,-70.6068679649998,0
			-32.942771068,-70.606505262,0
			-32.9427766809999,-70.6060687379999,0
			-32.9425355079999,-70.6057368429999,0
			-32.9423231149999,-70.6055510959999,0
			-32.9421451169999,-70.605074894,0
			-32.942121006,-70.6045649329999,0
			-32.942125211,-70.6042375609999,0
			-32.9422529509999,-70.6038398949999,0
			-32.9428776619999,-70.6029779609999,0
			-32.943373567,-70.602586647,0
			-32.9438374169999,-70.6023038399999,0
			-32.944179896,-70.6019097479999,0
			-32.9444002669999,-70.601476949,0
			-32.9444068729999,-70.6009674299999,0
			-32.9443497589999,-70.6006389469999,0
			-32.944323299,-70.600311015,0
			-32.9445137779999,-70.599805321,0
			-32.9448553189999,-70.5994840179999,0
			-32.945230513,-70.598944686,0
			-32.945361186,-70.598328345,0
			-32.945458302,-70.597929984,0
			-32.945836071,-70.5971728369998,0
			-32.9462130599999,-70.596488156,0
			-32.9464946059999,-70.596056571,0
			-32.946714057,-70.5956965989999,0
			-32.947180681,-70.5951956039999,0
			-32.9475542599999,-70.5947655749999,0
			-32.9481871079999,-70.5944676979999,0
			-32.9484027679999,-70.5943987519999,0
			-32.9485575109999,-70.5942923439999,0
			-32.948925661,-70.5942989549999,0
			-32.949383382,-70.5944890939999,0
			-32.9498119159999,-70.5945696089999,0
			-32.9500252519999,-70.5946826279999,0
			-32.950325908,-70.5951610579999,0
			-32.950537926,-70.5953831559999,0
			-32.950811641,-70.5955701729999,0
			-32.9509032159999,-70.595608098,0
			-32.951421852,-70.5958357979999,0
			-32.9517584179999,-70.5959146689999,0
			-32.9521218479999,-70.5962851379999,0
			-32.95220877,-70.5966870079999,0
			-32.9523876559999,-70.597090532,0
			-32.9526897719999,-70.59745982,0
			-32.95296395,-70.597610311,0
			-32.95376335,-70.5974791369999,0
			-32.9542871749999,-70.597306631,0
			-32.954719355,-70.597096022,0
			-32.9551851259999,-70.5966677119999,0
			-32.9565098779999,-70.5950356399999,0
			-32.956884999,-70.5944964859999,0
			-32.9572275309999,-70.59410231,0
			-32.957569134,-70.5937808529999,0
			-32.9581259299999,-70.593426977,0
			-32.9584061479999,-70.5931044099999,0
			-32.958686902,-70.592745575,0
			-32.958967119,-70.5924230049999,0
			-32.959372419,-70.5919208249999,0
			-32.9600801669999,-70.59175149,0
			-32.960725824,-70.591653868,0
			-32.9610627119999,-70.5916962819999,0
			-32.9613071669999,-70.5917734949999,0
			-32.9617027269999,-70.5920353659999,0
			-32.9619755199999,-70.5922950369999,0
			-32.962171944,-70.592535196,0
			-32.962416403,-70.592612324,0
			-32.962722244,-70.592690557,0
			-32.9630284729999,-70.592732425,0
			-32.9633380269999,-70.592519572,0
			-32.963524347,-70.592341053,0
			-32.963712136,-70.592053182,0
			-32.963898994,-70.591838212,0
			-32.964178746,-70.5915519869999,0
			-32.964550142,-70.5913038629999,0
			-32.964888494,-70.5912371859999,0
			-32.965288153,-70.591171518,0
			-32.9658068699999,-70.591399321,0
			-32.966204677,-70.5914792019999,0
			-32.966510518,-70.5915575209999,0
			-32.966845624,-70.5917453999999,0
			-32.9670877589999,-70.5920045349999,0
			-32.967360087,-70.5923006749999,0
			-32.9677240609999,-70.592634834,0
			-32.968088892,-70.5928960879999,0
			-32.9684239939999,-70.5930840639999,0
			-32.9687307619999,-70.59308957,0
			-32.969006801,-70.5930945269999,0
			-32.9693149639999,-70.5929908499999,0
			-32.969688146,-70.592597251,0
			-32.9699683609999,-70.5922746449999,0
			-32.970439668,-70.5914094109999,0
			-32.970758056,-70.5905052649999,0
			-32.971073545,-70.589819377,0
			-32.9714169899999,-70.589352299,0
			-32.9717608989999,-70.58884885,0
			-32.972197766,-70.58827431,0
			-32.9726633619999,-70.587845871,0
			-32.9732838429999,-70.587310894,0
			-32.9736574689999,-70.586880886,0
			-32.974000442,-70.5864502399999,0
			-32.9742830309999,-70.5859455819999,0
			-32.9745042779999,-70.5854397679999,0
			-32.974602321,-70.584968176,0
			-32.974668784,-70.584569043,0
			-32.9747337929999,-70.584278926,0
			-32.9749873619999,-70.5836286419999,0
			-32.97551863,-70.5828735929999,0
			-32.9758615179999,-70.5824429199999,0
			-32.976392701,-70.581688028,0
			-32.977514524,-70.5803247909999,0
			-32.9781093079999,-70.57938885,0
			-32.97851594,-70.578777304,0
			-32.97901354,-70.5782401329999,0
			-32.9794472189999,-70.577920175,0
			-32.979941598,-70.5776377619999,0
			-32.9802813949999,-70.5774618239999,0
			-32.9808201829999,-70.5773075689999,0
			-32.9817427909999,-70.5771419879998,0
			-32.9821750139999,-70.5769312199999,0
			-32.982887412,-70.576397834,0
			-32.9833544219999,-70.5758600779999,0
			-32.983974851,-70.5753250399999,0
			-32.984531601,-70.574970859,0
			-32.9851190049999,-70.574617216,0
			-32.985643646,-70.5743716869999,0
			-32.9863570259999,-70.573765513,0
			-32.9869782179999,-70.5731576939999,0
			-32.987539607,-70.5724393199999,0
			-32.987888547,-70.5715353669999,0
			-32.9883849429999,-70.5698875529999,0
			-32.988516257,-70.569198172,0
			-32.9887090259999,-70.568509784,0
			-32.9888701419999,-70.567893774,0
			-32.9890613649999,-70.5673149759999,0
			-32.989438639,-70.5665934909999,0
			-32.9897838289999,-70.5659806369999,0
			-32.9900347689999,-70.565548205,0
			-32.9902526209999,-70.565297194,0
			-32.990716848,-70.5649777609999,0
			-32.991055188,-70.564910879,0
			-32.991515309,-70.564919001,0
			-32.991944772,-70.56492667,0
			-32.992343053,-70.5649700859999,0
			-32.99261917,-70.5649748709999,0
			-32.9930201879999,-70.5647999419999,0
			-32.9933333459999,-70.5642957329999,0
			-32.9936162289999,-70.563754601,0
			-32.9940526079999,-70.5632161769999,0
			-32.9945804179999,-70.5627158279999,0
			-32.995168244,-70.562325686,0
			-32.995666838,-70.5617153919998,0
			-32.9958869609999,-70.561282379,0
			-32.9963424899998,-70.560434764,0
			-32.9967201249999,-70.5596768669999,0
			-32.9972191599999,-70.559030255,0
			-32.9977474099999,-70.5584934,0
			-32.99812049,-70.5580994429999,0
			-32.998617173,-70.5576348819999,0
			-32.9990182549999,-70.557459907,0
			-32.9994788319999,-70.5574315259998,0
			-32.9998776429999,-70.557438535,0
			-33.000519567,-70.5576319289999,0
			-33.0008541959999,-70.5578562269999,0
			-33.001190258,-70.5579713849999,0
			-33.001589069,-70.557978396,0
			-33.0019264969999,-70.5579843289999,0
			-33.0023558899999,-70.5579917899999,0
			-33.0029392329999,-70.557965656,0
			-33.003554063,-70.5578673009999,0
			-33.0039280939999,-70.5574002999999,0
			-33.0039322609999,-70.5570725369999,0
			-33.003969347,-70.5565633919999,0
			-33.0040507379999,-70.5561826599999,0
			-33.0044251049999,-70.5556796159999,0
			-33.0047034189999,-70.5555023799998,0
			-33.005103135,-70.555436618,0
			-33.005473486,-70.5552609949999,0
			-33.006063104,-70.5547252329999,0
			-33.0064971049999,-70.5543686819999,0
			-33.006808792,-70.5539735959998,0
			-33.0071246689999,-70.553250669,0
			-33.007226826,-70.552451149,0
			-33.0073237719998,-70.5520522889999,0
			-33.0074838429999,-70.5515092019999,0
			-33.0077351369999,-70.551040268,0
			-33.0082918209999,-70.5506859299999,0
			-33.008908913,-70.5504054259999,0
			-33.0093108139999,-70.550157546,0
			-33.0098047579999,-70.5499111829999,0
			-33.0102053799999,-70.549772538,0
			-33.0106654999999,-70.5497806749999,0
			-33.0109718219999,-70.5498223399999,0
			-33.0114626719999,-70.549830927,0
			-33.011800551,-70.549800445,0
			-33.0121090579999,-70.5496601849999,0
			-33.0123425479999,-70.5493911929999,0
			-33.0126872069999,-70.5488144999999,0
			-33.0128445479999,-70.5484895409999,0
			-33.0131265379999,-70.5480211,0
			-33.013593435,-70.5474830109999,0
			-33.0138731629999,-70.5471964889999,0
			-33.01421375,-70.546947508,0
			-33.0145822859999,-70.546917553,0
			-33.0148890579999,-70.54692291,0
			-33.015194853,-70.547001038,0
			-33.015560754,-70.5471895719999,0
			-33.0158642929999,-70.547449722,0
			-33.0162278599999,-70.5478202799999,0
			-33.016595563,-70.547863187,0
			-33.017057419,-70.5477255059999,0
			-33.0174584889999,-70.5475504529999,0
			-33.0180498809999,-70.5468689309999,0
			-33.018341968,-70.5468193099999,0
			-33.0186785669999,-70.546898067,0
			-33.0190754979999,-70.54705067,0
			-33.0194111199999,-70.5472022019999,0
			-33.0195329849999,-70.547277123,0
			-33.019746289,-70.5473902109999,0
			-33.019837352,-70.547464594,0
			-33.0201996369999,-70.547944335,0
			-33.0203182659999,-70.548274232,0
			-33.020620067,-70.548680041,0
			-33.0207711579999,-70.54886484,0
			-33.0212253989999,-70.5493462859999,0
			-33.022080263,-70.549688987,0
			-33.0225097299999,-70.549696503,0
			-33.0229391219999,-70.5497040189999,0
			-33.0233072029999,-70.549710461,0
			-33.0238584589999,-70.5497929059999,0
			-33.024839706,-70.5498465639999,0
			-33.0259581099999,-70.5499572699999,0
			-33.026384863,-70.550183132,0
			-33.0268742809999,-70.550301073,0
			-33.0273609839999,-70.5506373589999,0
			-33.02870216,-70.5513529629999,0
			-33.029308837,-70.5519098519999,0
			-33.0299768919999,-70.5524679989999,0
			-33.030268443,-70.5526633569999,0
			-33.030799728,-70.5529194959999,0
			-33.031074412,-70.5530336019999,0
			-33.031411384,-70.553075827,0
			-33.0317171729999,-70.5531540819999,0
			-33.03220621,-70.5533083539999,0
			-33.0325422729999,-70.553423541,0
			-33.0329099009999,-70.5534663949999,0
			-33.033278056,-70.553472945,0
			-33.0338928119999,-70.55337444,0
			-33.034323709,-70.553272624,0
			-33.034816298,-70.553135574,0
			-33.035249387,-70.5528518689998,0
			-33.035931873,-70.5522444809999,0
			-33.0361511339999,-70.5518841269999,0
			-33.036432234,-70.551488365,0
			-33.0369600769999,-70.5509877179999,0
			-33.0373615309999,-70.5507761619999,0
			-33.0377946179999,-70.550492263,0
			-33.038103125,-70.550352056,0
			-33.038565128,-70.5502144479999,0
			-33.0389345679999,-70.5501116219999,0
			-33.0392445059999,-70.549862048,0
			-33.039529156,-70.549174873,0
			-33.03975473,-70.5483045659999,0
			-33.0397609829999,-70.54779467,0
			-33.039826482,-70.54746789,0
			-33.0400790509999,-70.54688949,0
			-33.0401161,-70.5463802479999,0
			-33.0401521739998,-70.545943677,0
			-33.0401593939999,-70.545360988,0
			-33.0402595969999,-70.5447069599999,0
			-33.040634398,-70.5441672429999,0
			-33.0410389959999,-70.5437006929999,0
			-33.041502797,-70.5434172859999,0
			-33.0419944739999,-70.543353052,0
			-33.04251778,-70.543216472,0
			-33.0429512269999,-70.54289621,0
			-33.043201231,-70.5425360369999,0
			-33.0433937819999,-70.5418474149999,0
			-33.0436134399999,-70.5414504839999,0
			-33.0438011169999,-70.5411624229999,0
			-33.044377343,-70.5404620639999,0
			-33.044720222,-70.5400307319999,0
			-33.0448793649999,-70.53956004,0
			-33.0449781419998,-70.5390153149999,0
			-33.0450454269999,-70.5385426919999,0
			-33.0452361139999,-70.5379997289999,0
			-33.0453651939999,-70.5374919799999,0
			-33.0456461459999,-70.5370961689999,0
			-33.0460507939999,-70.5366295649999,0
			-33.046391811,-70.536344059,0
			-33.0467936879999,-70.536096014,0
			-33.0471947449999,-70.535920855,0
			-33.04747488,-70.5355977139999,0
			-33.0476340069999,-70.5351269969999,0
			-33.047733271,-70.5345455999999,0
			-33.047860401,-70.5341836099999,0
			-33.0480493939999,-70.5337862549999,0
			-33.0490484119999,-70.532382706,0
			-33.049390387,-70.532024376,0
			-33.0499203199999,-70.531341359,0
			-33.0502644859999,-70.530800636,0
			-33.0504254649999,-70.5301840829999,0
			-33.0506472979999,-70.529605072,0
			-33.0507749139999,-70.5292065259999,0
			-33.0509945439999,-70.5288095989999,0
			-33.0512132939999,-70.5284856119998,0
			-33.0520686919999,-70.527534896,0
			-33.052410138,-70.5272128459999,0
			-33.052841836,-70.527038166,0
			-33.0532108119999,-70.5269716299999,0
			-33.0536718279999,-70.5269066809999,0
			-33.0541319509999,-70.526914712,0
			-33.0546823299999,-70.5270699439999,0
			-33.0551393289999,-70.5273328839999,0
			-33.055474083,-70.5275572149999,0
			-33.0557493069999,-70.527634878,0
			-33.0563943279999,-70.527573112,0
			-33.056917622,-70.5274364169999,0
			-33.0572261789999,-70.527296016,0
			-33.0576569139999,-70.527194132,0
			-33.0582717239999,-70.5270954279999,0
			-33.0587656979998,-70.526848899,0
			-33.0589825899999,-70.526670498,0
			-33.059803308,-70.526047058,0
			-33.0602052409998,-70.5257989299998,0
			-33.060729871,-70.525552921,0
			-33.0612530859999,-70.525416209,0
			-33.0617145449999,-70.5253148439999,0
			-33.0621440869999,-70.5253222539998,0
			-33.0627580079999,-70.5252964329999,0
			-33.0631873999999,-70.525303841,0
			-33.0635555569999,-70.5253101919999,0
			-33.0638934349999,-70.5252795179999,0
			-33.0643553399999,-70.5251417429999,0
			-33.064944392,-70.5246418409999,0
			-33.065193348,-70.5243545549999,0
			-33.0654414089999,-70.5241402569999,0
			-33.0657486259999,-70.5241091389999,0
			-33.0672427819999,-70.5236064819999,0
			-33.067580285,-70.5236123009999,0
			-33.0680101249999,-70.5235832929999,0
			-33.0685337849999,-70.5234101509999,0
			-33.0688433029999,-70.5231968129999,0
			-33.0690917329999,-70.5229460059999,0
			-33.069494549,-70.522625025,0
			-33.0701445359999,-70.5221624559999,0
			-33.070547351,-70.521841465,0
			-33.0711985929999,-70.5212696579999,0
			-33.071631618,-70.5209855069999,0
			-33.0721268409999,-70.520629684,0
			-33.072376242,-70.5203059369999,0
			-33.0723931949999,-70.5201786659999,0
			-33.0726118799999,-70.5198544789999,0
			-33.0727678959999,-70.5196384789999,0
			-33.0730155789999,-70.519460561,0
			-33.073446749,-70.519322215,0
			-33.0739993559999,-70.5192952969999,0
			-33.0745195319999,-70.5194135839999,0
			-33.074733306,-70.5194900959999,0
			-33.0751917259999,-70.5196438269999,0
			-33.0756514049999,-70.519688152,0
			-33.076112419,-70.519623154,0
			-33.076450735,-70.519556135,0
			-33.0768192629999,-70.519525964,0
			-33.077340325,-70.51957143,0
			-33.0780791589999,-70.519365442,0
			-33.078572602,-70.5191552319998,0
			-33.0788210989999,-70.5189044759999,0
			-33.0793332339999,-70.5184212969999,0
			-33.0796786499999,-70.517771137,0
			-33.080025012,-70.5170481369999,0
			-33.0801846329999,-70.5165406279999,0
			-33.0804677159999,-70.5159625059999,0
			-33.080840747,-70.515568012,0
			-33.0815809049999,-70.5152526549999,0
			-33.0821659359999,-70.5150804909999,0
			-33.082722528,-70.514725644,0
			-33.082942547,-70.5142919359999,0
			-33.0830417239999,-70.51371038,0
			-33.083293646,-70.513168235,0
			-33.0834817089999,-70.5128434799998,0
			-33.0838839849999,-70.512558728,0
			-33.08425347,-70.5124557879999,0
			-33.084746901,-70.5122455249999,0
			-33.085149252,-70.511960765,0
			-33.0854586049999,-70.5117474329999,0
			-33.085951226,-70.5116100849999,0
			-33.086289907,-70.511506524,0
			-33.086490456,-70.5114188539998,0
			-33.0868012079999,-70.511096181,0
			-33.0870803449999,-70.5108458159999,0
			-33.0875439999999,-70.5105621799999,0
			-33.087976119,-70.5103508499998,0
			-33.08834737,-70.5101020549999,0
			-33.0886269469999,-70.5098152649999,0
			-33.0889065969999,-70.509528474,0
			-33.0889537269999,-70.5094619609998,0
			-33.0891875259999,-70.509132219,0
			-33.0893163659999,-70.50862425,0
			-33.0893251869999,-70.507895468,0
			-33.0891779329999,-70.507382572,0
			-33.0888760779999,-70.506976577,0
			-33.0885159229999,-70.506314269,0
			-33.08821531,-70.505798941,0
			-33.0877399299999,-70.5045152069999,0
			-33.0874401909999,-70.503926882,0
			-33.0872316119999,-70.5034130449998,0
			-33.087055881,-70.5027175679999,0
			-33.08694021,-70.5021325589999,0
			-33.0869169469999,-70.5015124339999,0
			-33.0870173979999,-70.5008216519999,0
			-33.0870514879999,-70.500530665,0
			-33.0870555109999,-70.500202745,0
			-33.0869393909999,-70.4996540679999,0
			-33.0867614479999,-70.4991407649999,0
			-33.0866426969999,-70.498810675,0
			-33.0865581039999,-70.4981896899998,0
			-33.086411757,-70.497604082,0
			-33.086201838,-70.497199601,0
			-33.0859300929999,-70.4968304969999,0
			-33.085810097,-70.4966097519999,0
			-33.0849557559998,-70.4949369389999,0
			-33.083313038,-70.4911917059998,0
			-33.0824141259999,-70.4893906319999,0
			-33.08223621,-70.4888774649999,0
			-33.082150697,-70.488329344,0
			-33.082155483,-70.4879285229999,0
			-33.0820885889999,-70.4871073369999,0
			-33.0820929369999,-70.486742931,0
			-33.082010021,-70.4859761519999,0
			-33.0818683909999,-70.4849898579999,0
			-33.0816671019999,-70.4838567039999,0
			-33.081401386,-70.4829775119999,0
			-33.0811028439999,-70.4822799659999,0
			-33.080557675,-70.481687732,0
			-33.0803455359999,-70.481465473,0
			-33.079022202,-70.4805139909999,0
			-33.078596111,-70.480215313,0
			-33.0781688719999,-70.4800259669998,0
			-33.0775908019999,-70.4796153139999,0
			-33.076951344,-70.4792038149999,0
			-33.076403134,-70.4788665989998,0
			-33.0755804549999,-70.4783791199999,0
			-33.0748766579999,-70.4782215819999,0
			-33.0741106099999,-70.478135843,0
			-33.073036126,-70.478190796,0
			-33.0724838789999,-70.478181561,0
			-33.072024685,-70.478100957,0
			-33.0714284349999,-70.4779270649999,0
			-33.0710331419999,-70.4776288549999,0
			-33.0706658399999,-70.4775498769999,0
			-33.07008258,-70.477576546,0
			-33.069405979,-70.4777109889999,0
			-33.0689765019999,-70.4777038969999,0
			-33.068486145,-70.477659194,0
			-33.06805969,-70.4773969799999,0
			-33.0677861579999,-70.4771737369999,0
			-33.0673930179999,-70.476693499,0
			-33.066977849,-70.4754840569999,0
			-33.0667431529999,-70.47456914,0
			-33.0664433389999,-70.4739811409999,0
			-33.0662341999999,-70.4735039029999,0
			-33.0661170949999,-70.4730282919999,0
			-33.0659718469999,-70.4723334549999,0
			-33.065797222,-70.4715289769999,0
			-33.0656485969999,-70.471125671,0
			-33.0655306309999,-70.470722794,0
			-33.065535355,-70.4703221299999,0
			-33.0656014649999,-70.4699224019999,0
			-33.0655478809999,-70.469265602,0
			-33.0652781949999,-70.468714543,0
			-33.0648222759999,-70.4683425599999,0
			-33.0642748909999,-70.467932645,0
			-33.0639417419999,-70.4675627069999,0
			-33.063638821,-70.467229774,0
			-33.0633842729999,-70.4666972369999,0
			-33.063204975,-70.4662934439999,0
			-33.0629029059999,-70.4658875289999,0
			-33.062568894,-70.4655905939999,0
			-33.062081527,-70.4652910299999,0
			-33.0617142899999,-70.4652119419999,0
			-33.0613171759999,-70.4650597069999,0
			-33.060919285,-70.4649802009999,0
			-33.060247831,-70.4646775979999,0
			-33.0597884759999,-70.4645970749999,0
			-33.059175414,-70.4645505079999,0
			-33.05840814,-70.4645742119999,0
			-33.0578866179999,-70.464565662,0
			-33.0573059229999,-70.4643738119999,0
			-33.0566949229999,-70.4641451379999,0
			-33.056055908,-70.4636972749999,0
			-33.0554461909999,-70.4633593089998,0
			-33.0550189209999,-70.463170097,0
			-33.054516323,-70.4628519859999,0
			-33.0540276649999,-70.462661765,0
			-33.05384451,-70.4625858269999,0
			-33.053449101,-70.4622879189999,0
			-33.0530856299999,-70.4618811379999,0
			-33.0527223039999,-70.4614743609998,0
			-33.0523873529999,-70.461250193,0
			-33.0520524729999,-70.4610261149999,0
			-33.051686085,-70.460874339,0
			-33.0509826099999,-70.460680499,0
			-33.0504940229999,-70.4604902109999,0
			-33.0501267069999,-70.4604113299999,0
			-33.0496065359999,-70.460293516,0
			-33.0491779079999,-70.4602135329999,0
			-33.048780861,-70.46006126,0
			-33.0481098209999,-70.4597222509999,0
			-33.0477757169999,-70.4594252999999,0
			-33.0473795199999,-70.45920023,0
			-33.0470463419999,-70.4588303949999,0
			-33.046743819,-70.458461072,0
			-33.0465325579999,-70.4581661539999,0
			-33.046411915,-70.457981956,0
			-33.0461224119998,-70.457813309,0
			-33.045450086,-70.457583612,0
			-33.045175236,-70.457469777,0
			-33.0449925009999,-70.4573574579999,0
			-33.0448109689999,-70.4571359399999,0
			-33.0446295089999,-70.4569143379999,0
			-33.044237562,-70.4563250319999,0
			-33.0439985419999,-70.4557746519999,0
			-33.043605666,-70.4552581529999,0
			-33.043212861,-70.454741744,0
			-33.042850212,-70.454262157,0
			-33.0425762809999,-70.4540755379999,0
			-33.042240963,-70.4538878239999,0
			-33.0418757629999,-70.4536268109999,0
			-33.041541294,-70.4533663939999,0
			-33.040899687,-70.4531372499999,0
			-33.040624905,-70.4530234339999,0
			-33.04029001,-70.4527994169999,0
			-33.0397718769999,-70.4524994109998,0
			-33.039376443,-70.452201509,0
			-33.0388151139999,-70.4516640449999,0
			-33.0384802139999,-70.4514400379999,0
			-33.0381155069998,-70.4511426529999,0
			-33.0379045779999,-70.450811384,0
			-33.0377243049999,-70.4504805309999,0
			-33.0376373419999,-70.4500419989999,0
			-33.0375209919999,-70.4494935989999,0
			-33.037371444,-70.449163432,0
			-33.0371311209999,-70.4487223039999,0
			-33.036952534,-70.4482457839999,0
			-33.0367113629999,-70.4478776299999,0
			-33.0363768799999,-70.4476170729999,0
			-33.0356162909999,-70.4470583249999,0
			-33.0351301379999,-70.446649684,0
			-33.034732999,-70.4464974959999,0
			-33.0343355099999,-70.4463817059998,0
			-33.0337387819999,-70.4462444139999,0
			-33.0332500929999,-70.4460543339999,0
			-33.0327012839999,-70.4457539779999,0
			-33.0317600469999,-70.444900849,0
			-33.0308481219999,-70.4441575069999,0
			-33.0296933959999,-70.4431915559999,0
			-33.0292689619999,-70.442747657,0
			-33.0290290339999,-70.4422701949998,0
			-33.028910545,-70.441903999,0
			-33.0287924739999,-70.441501412,0
			-33.0286744009999,-70.4410988279999,0
			-33.0284940999999,-70.440768116,0
			-33.028072181,-70.4401056149999,0
			-33.027465826,-70.439476521,0
			-33.026949411,-70.4390309799999,0
			-33.0264324959999,-70.438622015,0
			-33.0258995899999,-70.4382673459999,0
			-33.0255324029999,-70.4381884969999,0
			-33.0250751949999,-70.4379261919999,0
			-33.0247696669999,-70.4378119479999,0
			-33.0243733549999,-70.4375869459998,0
			-33.0240089559999,-70.4372531839999,0
			-33.023674102,-70.4370292739999,0
			-33.0232791179999,-70.4366951069999,0
			-33.0226112829999,-70.436064987,0
			-33.0222776099999,-70.435731822,0
			-33.0220053209999,-70.4353996569999,0
			-33.0216716469999,-70.4350664089999,0
			-33.0213997769999,-70.4346978579999,0
			-33.02125137,-70.4342584249999,0
			-33.021195495,-70.43378401,0
			-33.0212341019999,-70.4330925629999,0
			-33.021241628,-70.4324371879999,0
			-33.021247897,-70.4318909839999,0
			-33.021194865,-70.431161746,0
			-33.0211104109999,-70.430504797,0
			-33.021038394,-70.428755439,0
			-33.0209857609998,-70.427989727,0
			-33.0209954139999,-70.427152227,0
			-33.0210970359999,-70.426316119,0
			-33.021288957,-70.4256273129999,0
			-33.021293605,-70.4252265969999,0
			-33.0215608659999,-70.424666181,0
			-33.0221167239999,-70.4243472819999,0
			-33.0225491969999,-70.424099369,0
			-33.0228265029999,-70.4239945469999,0
			-33.0233189699999,-70.423856788,0
			-33.0239374619999,-70.423429604,0
			-33.0244913139999,-70.4232928249999,0
			-33.0256886449999,-70.423202907,0
			-33.025386649,-70.422797609,0
			-33.025204635,-70.4226126039999,0
			-33.0250840099999,-70.422428584,0
			-33.024996947,-70.4219900529999,0
			-33.0249708549999,-70.4215890709999,0
			-33.025006563,-70.42115251,0
			-33.0250187299999,-70.420934226,0
			-33.0250089989999,-70.4209265959999,0
			-33.0250339999999,-70.420473,0
			-33.0250399989999,-70.4199639999999,0
			-33.0250770009999,-70.419381001,0
			-33.0250520009999,-70.4188710009999,0
			-33.0249959999999,-70.4184329999999,0
			-33.0249759999999,-70.41813,0
			-33.024970002,-70.4180317819999,0
			-33.0249769999999,-70.4174379999999,0
			-33.024977007,-70.4174124509999,0
			-33.024981773,-70.4170310499999,0
			-33.0249820799999,-70.417012719,0
			-33.025094265,-70.4166284729999,0
			-33.02510918,-70.416577651,0
			-33.0253329999999,-70.416142,0
			-33.0255169999999,-70.4157829999999,0
			-33.0257990009999,-70.4152409989999,0
			-33.0260886639999,-70.4144680539999,0
			-33.0261789999999,-70.414227001,0
			-33.026275324,-70.4140785739999,0
			-33.0264600739999,-70.4137938599999,0
			-33.0265442709999,-70.4136394139999,0
			-33.0266171069999,-70.4135057239999,0
			-33.026698999,-70.4132950009999,0
			-33.0267309279999,-70.413211552,0
			-33.026743224,-70.4131798569999,0
			-33.0268201389999,-70.413003267,0
			-33.026901,-70.4128179999999,0
			-33.0270732029999,-70.4125445429999,0
			-33.027150999,-70.4124210009999,0
			-33.027275999,-70.4121549999999,0
			-33.027361261,-70.4119719139999,0
			-33.0273708239999,-70.411951495,0
			-33.0280310539999,-70.4105414609999,0
			-33.0280958649999,-70.4104201329999,0
			-33.0281919999999,-70.4102409989999,0
			-33.0282819299999,-70.4100721319999,0
			-33.0283065759999,-70.4100294329999,0
			-33.0284759989999,-70.4097360009999,0
			-33.0285319999999,-70.409638999,0
			-33.0285649999999,-70.40951,0
			-33.028660999,-70.4091310009999,0
			-33.0287769999999,-70.4088119999998,0
			-33.0287995799999,-70.4087496389998,0
			-33.0288189789999,-70.408696371,0
			-33.0290693159999,-70.4082632849999,0
			-33.0292340899999,-70.4079380739999,0
			-33.0292889999999,-70.4078300009999,0
			-33.0293381439998,-70.4077330509999,0
			-33.029509001,-70.4073959999998,0
			-33.029722001,-70.4070279999999,0
			-33.0297589689999,-70.406963054,0
			-33.029951577,-70.4067197429999,0
			-33.0301009999999,-70.4065309989999,0
			-33.030861999,-70.4053930009999,0
			-33.0309439069999,-70.4052701379999,0
			-33.031495999,-70.4041799989998,0
			-33.0316029489999,-70.4039690989999,0
			-33.031607153,-70.4039579209999,0
			-33.0317929659999,-70.403462089,0
			-33.0321070009999,-70.402847999,0
			-33.032266116,-70.402392037,0
			-33.032360175,-70.4021232979999,0
			-33.032945323,-70.401307964,0
			-33.033418976,-70.4006484239999,0
			-33.0337329519999,-70.400105082,0
			-33.033982368,-70.399744852,0
			-33.0339896639999,-70.399737471,0
			-33.03403414,-70.399692492,0
			-33.0342309759999,-70.3994940209999,0
			-33.034534,-70.3994109989999,0
			-33.0349225339999,-70.399304128,0
			-33.0353960009999,-70.399171999,0
			-33.0358999279999,-70.399031254,0
			-33.0359101769999,-70.399029032,0
			-33.0362459999999,-70.3990339999999,0
			-33.0363025559999,-70.3990347919999,0
			-33.0364602219999,-70.399037285,0
			-33.036742041,-70.399041741,0
			-33.0370549999999,-70.3990469989999,0
			-33.0371969989999,-70.3990489989999,0
			-33.0375959829999,-70.3990391379999,0
			-33.038087,-70.399027001,0
			-33.0387519999999,-70.398929999,0
			-33.038762661,-70.398928062,0
			-33.038781006,-70.398927068,0
			-33.0388789999998,-70.398922,0
			-33.0392840009999,-70.3988999989999,0
			-33.0395270009999,-70.3988859999999,0
			-33.039842237,-70.3988672569999,0
			-33.0402669939999,-70.3988424569999,0
			-33.040818013,-70.398924006,0
			-33.0409249999999,-70.398975,0
			-33.041059875,-70.3990387169999,0
			-33.041215166,-70.3991124589999,0
			-33.041581637,-70.399263962,0
			-33.0417632749999,-70.3994854439999,0
			-33.0422908359999,-70.4003134019999,0
			-33.0425955329999,-70.40071362,0
			-33.042683999,-70.4008299989999,0
			-33.0427155159999,-70.400884817,0
			-33.0428949989999,-70.401197001,0
			-33.042958584,-70.4012494059999,0
			-33.0429860249999,-70.4012719999998,0
			-33.0431503129998,-70.4012742319999,0
			-33.0433538139999,-70.401276996,0
			-33.0433649999999,-70.401265,0
			-33.0436029999999,-70.400990001,0
			-33.0438244949999,-70.4005434819999,0
			-33.043854,-70.4004839999999,0
			-33.044074001,-70.400013999,0
			-33.0443836349999,-70.3995541529999,0
			-33.0445109999999,-70.399365,0
			-33.0446554679999,-70.399249287,0
			-33.0449131679999,-70.3990433769998,0
			-33.045163123,-70.39886146,0
			-33.0452230009999,-70.3988180009999,0
			-33.04550044,-70.3986164049999,0
			-33.0458171409999,-70.3983970559999,0
			-33.0461194059999,-70.3981881459999,0
			-33.0467345469999,-70.398052235,0
			-33.0468191029999,-70.3980320969999,0
			-33.046866,-70.398021,0
			-33.0470465069999,-70.3979781159999,0
			-33.0471651079999,-70.3979499609999,0
			-33.047363001,-70.3978800009999,0
			-33.04748018,-70.397838292,0
			-33.047658113,-70.397775391,0
			-33.0478745789999,-70.397705602,0
			-33.048123,-70.3976259999999,0
			-33.0483049999999,-70.397567,0
			-33.048508001,-70.3973789999999,0
			-33.048615,-70.397280001,0
			-33.0488461599999,-70.3969138669999,0
			-33.0488649989999,-70.3968840009999,0
			-33.048939,-70.3968270009998,0
			-33.0490373399999,-70.3967508349999,0
			-33.0491431869999,-70.396669394,0
			-33.0493573009999,-70.3965779009999,0
			-33.0493899999999,-70.396564,0
			-33.0495154759999,-70.396555635,0
			-33.0500500009999,-70.3965199989998,0
			-33.0502218739999,-70.396522799,0
			-33.050357,-70.396525001,0
			-33.050540354,-70.396547308,0
			-33.050693866,-70.3965663139999,0
			-33.051029683,-70.396717342,0
			-33.051393709,-70.397087449,0
			-33.0517899339999,-70.397536163,0
			-33.051817999,-70.397568,0
			-33.051864,-70.3976199999999,0
			-33.0520020389999,-70.3977750939999,0
			-33.052211832,-70.3980112359999,0
			-33.0525439739998,-70.398490081,0
			-33.0532098069999,-70.3993021639998,0
			-33.0533917769999,-70.3995518959999,0
			-33.053692999,-70.3999660009999,0
			-33.053933999,-70.4003699999999,0
			-33.05405094,-70.4005739529999,0
			-33.054144999,-70.4007379989999,0
			-33.054991999,-70.401771001,0
			-33.055144185,-70.40191541,0
			-33.0552660009999,-70.4020309999999,0
			-33.0555402639999,-70.4022143879999,0
			-33.0556010889999,-70.4022550179999,0
			-33.055651999,-70.4022659999999,0
			-33.0559679999999,-70.4023329999999,0
			-33.0561730009999,-70.4022809989999,0
			-33.056367899,-70.402231026,0
			-33.0567375589999,-70.4021640479999,0
			-33.0571009989999,-70.4021950009998,0
			-33.0571895099999,-70.402202328,0
			-33.0572579989999,-70.4022081999998,0
			-33.0575323459999,-70.4023582869999,0
			-33.0578068409999,-70.402508375,0
			-33.0591893329999,-70.4037144659999,0
			-33.0595067009999,-70.4039891369999,0
			-33.0598160009999,-70.404257,0
			-33.0599189999999,-70.404346,0
			-33.0604649999999,-70.4048279999999,0
			-33.060492831,-70.4048484269999,0
			-33.061074,-70.4052749999998,0
			-33.0614331799999,-70.4054643969999,0
			-33.0617146199999,-70.4056129799998,0
			-33.061970371,-70.4058214069998,0
			-33.062063,-70.4058969989999,0
			-33.062170948,-70.4059849559999,0
			-33.0630399989999,-70.406468999,0
			-33.0634510139999,-70.4066970039999,0
			-33.0636339999999,-70.4067729989999,0
			-33.064099125,-70.4069641299999,0
			-33.0643799999999,-70.407016001,0
			-33.0645210009999,-70.4070419989999,0
			-33.0647189999999,-70.4070289999999,0
			-33.0649510419999,-70.4070129719998,0
			-33.0650140119999,-70.406971283,0
			-33.065167499,-70.4068702839999,0
			-33.0656128059999,-70.4068590679999,0
			-33.065984,-70.4066099999999,0
			-33.066054919,-70.406476321,0
			-33.0662321959999,-70.4061433879999,0
			-33.0662689989999,-70.4057759989999,0
			-33.0663016689999,-70.405527811,0
			-33.0663360479999,-70.405266647,0
			-33.0663509999999,-70.4051559999999,0
			-33.0663699669999,-70.405013251,0
			-33.0664459989999,-70.404752999,0
			-33.0664607099999,-70.4047025289999,0
			-33.0664973459999,-70.40457759,0
			-33.066534948,-70.4045018029999,0
			-33.0666229999999,-70.4043249989999,0
			-33.0667439719999,-70.4041534799999,0
			-33.0669034899999,-70.403928118,0
			-33.06711662,-70.403770358,0
			-33.0673369999999,-70.4036069989999,0
			-33.0675339989999,-70.4034940009999,0
			-33.0678309989999,-70.403322998,0
			-33.067839997,-70.403312005,0
			-33.067960362,-70.403158557,0
			-33.068132276,-70.4029393939999,0
			-33.068142001,-70.402927,0
			-33.0683233999999,-70.4022760409999,0
			-33.068333953,-70.402238167,0
			-33.068584253,-70.4018048199999,0
			-33.0687132559999,-70.401606118,0
			-33.0689590009999,-70.4012280009999,0
			-33.0690223459999,-70.4010641099999,0
			-33.069085295,-70.4009017269999,0
			-33.069113032,-70.4008656509999,0
			-33.0691759999999,-70.4007839999999,0
			-33.0698277589999,-70.3999368139999,0
			-33.0701454119999,-70.399467785,0
			-33.070393834,-70.3991002439999,0
			-33.070504625,-70.398884444,0
			-33.0708021789999,-70.3983047509999,0
			-33.0709069989999,-70.3981599999999,0
			-33.071111,-70.3978769989999,0
			-33.0714570599999,-70.3973318829999,0
			-33.071472925,-70.3973014589999,0
			-33.071833703,-70.3966095649999,0
			-33.0722079989999,-70.3960679989999,0
			-33.0722160009999,-70.39606,0
			-33.0724307799999,-70.3958329099999,0
			-33.0725649989998,-70.3956909999998,0
			-33.072762,-70.3954459999999,0
			-33.0728496229999,-70.3953363649999,0
			-33.07296938,-70.39518722,0
			-33.0731789929999,-70.3949890099999,0
			-33.0733101689999,-70.394864969,0
			-33.073509174,-70.394828836,0
			-33.0736793589999,-70.3947980289999,0
			-33.0740269239999,-70.394827327,0
			-33.074200547,-70.394842201,0
			-33.074553281,-70.3948944269999,0
			-33.0747519999999,-70.3949240009999,0
			-33.0752140609999,-70.394748993,0
			-33.0753139989999,-70.3947389989999,0
			-33.0754344839999,-70.3947261949999,0
			-33.0755212369999,-70.3947172799999,0
			-33.0757771789999,-70.394782301,0
			-33.075979999,-70.3948340009999,0
			-33.0762263759999,-70.394985172,0
			-33.076407001,-70.395096,0
			-33.076741,-70.3953559999998,0
			-33.0770276179999,-70.395422764,0
			-33.0774149999999,-70.3955129999999,0
			-33.0780589989999,-70.395522999,0
			-33.0786139999998,-70.3953129989999,0
			-33.0788956009999,-70.3952193119999,0
			-33.079137267,-70.395138908,0
			-33.079240001,-70.3951040009999,0
			-33.0794449989999,-70.3950339999999,0
			-33.0796605489999,-70.394986307,0
			-33.079906001,-70.394932,0
			-33.0803379999999,-70.3947199999999,0
			-33.080346995,-70.3947090009999,0
			-33.0805339579999,-70.394455098,0
			-33.0806920519999,-70.3942388549999,0
			-33.080756,-70.394058,0
			-33.0808189749999,-70.3938770689999,0
			-33.0808230709999,-70.3935309519999,0
			-33.0808249449999,-70.393366778,0
			-33.080716117,-70.3929277769999,0
			-33.0807070029999,-70.392891015,0
			-33.0805281049999,-70.3924871969999,0
			-33.0805044859999,-70.3922977889998,0
			-33.080485371,-70.392140502,0
			-33.0804583029999,-70.3918121049999,0
			-33.0804632569999,-70.3913747699999,0
			-33.080548955,-70.3910822139999,0
			-33.0805588679999,-70.3910484479999,0
			-33.081049965,-70.3903736629999,0
			-33.0810570119999,-70.39036398,0
			-33.0812099999999,-70.390115,0
			-33.081432999,-70.3897499999999,0
			-33.081559001,-70.389424,0
			-33.0815683029999,-70.389413077,0
			-33.08159748,-70.3893793249999,0
			-33.0817261349999,-70.3892304939999,0
			-33.0817970329999,-70.389148978,0
			-33.081892325,-70.3890660249999,0
			-33.0820438399999,-70.3889341399999,0
			-33.0820500039999,-70.3889259969999,0
			-33.082231,-70.3886739989999,0
			-33.082335999,-70.3885249989999,0
			-33.082349001,-70.388442001,0
			-33.0824019989999,-70.3880889999999,0
			-33.0824229999999,-70.387780001,0
			-33.0824387789999,-70.3875462669999,0
			-33.0825414829999,-70.3871926279999,0
			-33.082630342,-70.3868895109999,0
			-33.0828781939999,-70.3864249729999,0
			-33.0833039319999,-70.38603826,0
			-33.083392418,-70.3860273069999,0
			-33.083519001,-70.3860119999999,0
			-33.0838257489999,-70.3859740299999,0
			-33.0839201589999,-70.3860128619999,0
			-33.0843759999999,-70.3862009989999,0
			-33.0848708459999,-70.3865187839999,0
			-33.0850160489999,-70.386612022,0
			-33.085180001,-70.3866869989998,0
			-33.085598144,-70.386876676,0
			-33.0857069999999,-70.3869109999999,0
			-33.086084999,-70.38703,0
			-33.0863368079999,-70.3871724349999,0
			-33.0864813539999,-70.3872544769999,0
			-33.0869360419999,-70.3875153009999,0
			-33.0869459999999,-70.3875219999999,0
			-33.0872429999999,-70.3877039999999,0
			-33.0875399999999,-70.3878430009999,0
			-33.087686001,-70.3879109999999,0
			-33.0881119999999,-70.3882459999999,0
			-33.0883329469999,-70.388455617,0
			-33.088385,-70.3885050009999,0
			-33.088651001,-70.3885960009999,0
			-33.088721,-70.3886199989999,0
			-33.088967,-70.3885869989999,0
			-33.0893400009999,-70.3881919989999,0
			-33.089347947,-70.388183053,0
			-33.0895402299999,-70.38782434,0
			-33.08960001,-70.38771227,0
			-33.090304472,-70.3869682579999,0
			-33.0908611259999,-70.38657605,0
			-33.0914871969999,-70.3861639369999,0
			-33.0919429999999,-70.385864,0
			-33.0920503039999,-70.3858134199999,0
			-33.0924670129999,-70.3856169919999,0
			-33.092642,-70.3855170009999,0
			-33.09289996,-70.385369022,0
			-33.0932989999999,-70.3853390009999,0
			-33.093469897,-70.385283358,0
			-33.093513957,-70.3852690129999,0
			-33.0935229999999,-70.3852574989999,0
			-33.093680999,-70.3850399999999,0
			-33.0936619999999,-70.3847449999999,0
			-33.093655014,-70.3846392579999,0
			-33.093653001,-70.3846249999999,0
			-33.093639756,-70.3845421059999,0
			-33.0936262269998,-70.3844560049999,0
			-33.093663018,-70.3839099599999,0
			-33.093774396,-70.383667923,0
			-33.0939459989999,-70.3832949999999,0
			-33.0941660009999,-70.382861001,0
			-33.094357729,-70.3824436689999,0
			-33.0944489999999,-70.3822449999999,0
			-33.094478055,-70.382211285,0
			-33.094686262,-70.3819702929999,0
			-33.095213373,-70.381468298,0
			-33.095507094,-70.381272407,0
			-33.0957374859999,-70.381103202,0
			-33.0958469989999,-70.381023001,0
			-33.0958582539999,-70.3810098779999,0
			-33.0958935269999,-70.380969073,0
			-33.0959829999999,-70.3808659989999,0
			-33.096096001,-70.380735,0
			-33.0961070239999,-70.3807219519999,0
			-33.096186001,-70.380594999,0
			-33.096255931,-70.380481113,0
			-33.0965106769999,-70.380402695,0
			-33.0965909999999,-70.3803779999999,0
			-33.0966861489999,-70.380390749,0
			-33.0968969999998,-70.3804190009999,0
			-33.0970633919999,-70.3804054729999,0
			-33.0972659989999,-70.3803890009999,0
			-33.0974403629999,-70.3802473659999,0
			-33.0975752899999,-70.3801382469999,0
			-33.0975843439999,-70.3801271039999,0
			-33.0975999989999,-70.380104,0
			-33.097835903,-70.379728154,0
			-33.0978653469999,-70.3796772689999,0
			-33.0980241209999,-70.3794028059999,0
			-33.0980728879999,-70.3793253649999,0
			-33.0982740529999,-70.379005912,0
			-33.098338,-70.378901,0
			-33.098419453,-70.3787655999999,0
			-33.098492426,-70.3786451679999,0
			-33.098705261,-70.3782938429999,0
			-33.0988569999999,-70.378202,0
			-33.098981125,-70.378126659,0
			-33.099287131,-70.377941396,0
			-33.0997198489999,-70.37765645,0
			-33.0999264619999,-70.3776053179999,0
			-33.0999969999999,-70.3775880009999,0
			-33.1001418339999,-70.37755592,0
			-33.1003039999999,-70.377519999,0
			-33.10051291,-70.3774780939999,0
			-33.100642652,-70.3774520679999,0
			-33.101103001,-70.3774589989999,0
			-33.1012828099998,-70.377461932,0
			-33.1014709999999,-70.3774650009999,0
			-33.1017154089999,-70.377430009,0
			-33.101932,-70.377398999,0
			-33.1023642129999,-70.3771866909999,0
			-33.1023710009999,-70.3771769999999,0
			-33.1026559999999,-70.376742001,0
			-33.10276413,-70.3764513669999,0
			-33.102845341,-70.376234164,0
			-33.1032108869999,-70.3756324929999,0
			-33.1033589299999,-70.375389116,0
			-33.103463368,-70.375280125,0
			-33.103660351,-70.3750749559999,0
			-33.1037332339999,-70.3750473389998,0
			-33.1039379769999,-70.3749700079999,0
			-33.103994174,-70.374957579,0
			-33.104553,-70.3748339989999,0
			-33.1052309989999,-70.3745529999999,0
			-33.1052376369999,-70.3745432699999,0
			-33.105311,-70.3744439989999,0
			-33.1055529999998,-70.374107,0
			-33.1056840009999,-70.373704,0
			-33.105725943,-70.373573178,0
			-33.1057452959999,-70.3735131879999,0
			-33.1057760149999,-70.3734178889998,0
			-33.105787436,-70.373329634,0
			-33.1058092759999,-70.37316344,0
			-33.1057830359999,-70.3727620119999,0
			-33.1057261379999,-70.3723601089999,0
			-33.1057014989999,-70.371812894,0
			-33.1057260429998,-70.3715783139999,0
			-33.10573598,-70.371485182,0
			-33.105961533,-70.3710026669999,0
			-33.1061760649999,-70.3705438389999,0
			-33.106284999,-70.3702799989999,0
			-33.1064591309999,-70.36985565,0
			-33.10663721,-70.3693801499999,0
			-33.1067440009999,-70.3690949999999,0
			-33.106756133,-70.3688920289999,0
			-33.1067813749999,-70.368475673,0
			-33.106818436,-70.3678929719999,0
			-33.1069463389999,-70.3674209769999,0
			-33.10700222,-70.3671336049999,0
			-33.1070710009999,-70.3667819989998,0
			-33.107109024,-70.3665846189999,0
			-33.1071650009999,-70.3659499999999,0
			-33.1072139999999,-70.3653839999999,0
			-33.107196001,-70.365075001,0
			-33.1071374759998,-70.3640781199999,0
			-33.1070781729999,-70.3634063189999,0
			-33.1070269999999,-70.362828999,0
			-33.1070218529999,-70.36261429,0
			-33.107005999,-70.361953,0
			-33.1069820009998,-70.3613330009999,0
			-33.1067634889999,-70.3601749289999,0
			-33.1064749339999,-70.358645854,0
			-33.1062020009999,-70.3580430009999,0
			-33.1061762159999,-70.357987614,0
			-33.1059364359999,-70.357361668,0
			-33.1058716979999,-70.356978699,0
			-33.1058589989999,-70.356903,0
			-33.1058500079999,-70.356850051,0
			-33.1058156999999,-70.356551907,0
			-33.105766,-70.35612,0
			-33.1056499989999,-70.355498,0
			-33.105408999,-70.3544880009999,0
			-33.1053269319999,-70.354143756,0
			-33.1052769999999,-70.3539669989999,0
			-33.1051500689999,-70.353522246,0
			-33.1051224679999,-70.3530349809999,0
			-33.105104997,-70.3527259839999,0
			-33.1051024439998,-70.352683655,0
			-33.1050983059999,-70.3526095359999,0
			-33.105073111,-70.352098836,0
			-33.105074062,-70.3520111619998,0
			-33.105075999,-70.3518509999999,0
			-33.1050799989999,-70.3514789999999,0
			-33.1050827449999,-70.3512287549999,0
			-33.105086001,-70.3509319999999,0
			-33.104969,-70.35042,0
			-33.10464,-70.3496499999999,0
			-33.1043679999999,-70.3492439999999,0
			-33.104246442,-70.3490034069999,0
			-33.1041274299999,-70.34876687,0
			-33.104042281,-70.3485399699999,0
			-33.1039489999999,-70.34829,0
			-33.1038713759999,-70.3479531949999,0
			-33.1038312789999,-70.347778078,0
			-33.10381605,-70.347257493,0
			-33.103798,-70.3466289999998,0
			-33.1037724909999,-70.3464164179999,0
			-33.1037409999999,-70.346153999,0
			-33.1036593269999,-70.3458486579999,0
			-33.1036529939999,-70.3458249829999,0
			-33.103639001,-70.345783,0
			-33.1035039999999,-70.3453849999999,0
			-33.1034540009999,-70.3452719999999,0
			-33.103325019,-70.344981046,0
			-33.1031158279999,-70.344747694,0
			-33.10296095,-70.344574939,0
			-33.1029228099999,-70.3445286359999,0
			-33.102718,-70.34428,0
			-33.1026688199999,-70.344208022,0
			-33.1024159999999,-70.3438380009999,0
			-33.102167,-70.343552,0
			-33.1019320629999,-70.3432830719999,0
			-33.1014719999999,-70.3432080009999,0
			-33.101441301,-70.343203048,0
			-33.1014290969999,-70.3432015159999,0
			-33.101104001,-70.343161,0
			-33.1005519679999,-70.343189008,0
			-33.1003470009999,-70.343242,0
			-33.100255139,-70.3432660239999,0
			-33.1001518169999,-70.3432927099999,0
			-33.0994454659998,-70.3433549109998,0
			-33.099358981,-70.3433535939999,0
			-33.0989549989999,-70.3433469999999,0
			-33.0987223129999,-70.343326148,0
			-33.098464,-70.3433029999999,0
			-33.098288451,-70.3432865909999,0
			-33.0980039999999,-70.3432599989999,0
			-33.0977288179999,-70.343218947,0
			-33.097349,-70.343108999,0
			-33.0973329179999,-70.343104532,0
			-33.0969964239999,-70.3428437259999,0
			-33.0969472259999,-70.342681607,0
			-33.096908046,-70.342551161,0
			-33.0967079999999,-70.341577001,0
			-33.096677674,-70.341429708,0
			-33.096645114,-70.341270895,0
			-33.096625495,-70.3409073769999,0
			-33.0966169999999,-70.340749,0
			-33.096594006,-70.340322128,0
			-33.0965689999999,-70.3401089999999,0
			-33.096528077,-70.339766734,0
			-33.0964814039999,-70.339372891,0
			-33.0964492729999,-70.339008151,0
			-33.096427036,-70.338752429,0
			-33.096449999,-70.3382320009999,0
			-33.0964576219999,-70.3380571399999,0
			-33.0964671849999,-70.3378417959999,0
			-33.096497454,-70.3376838239999,0
			-33.0965650149999,-70.337332951,0
			-33.0966549999999,-70.3370679999999,0
			-33.0967050319999,-70.3369198149999,0
			-33.0967864959999,-70.336680035,0
			-33.0976051279999,-70.3347240269999,0
			-33.0979511389999,-70.333891867,0
			-33.0986703869999,-70.333094337,0
			-33.0992284389999,-70.3325559659999,0
			-33.0995588069999,-70.332245202,0
			-33.099724,-70.3320899999998,0
			-33.1001279989999,-70.3316580009999,0
			-33.1005920009999,-70.3313009999998,0
			-33.1007694739999,-70.3311511909999,0
			-33.1009319689999,-70.3310140249999,0
			-33.1014579989999,-70.330621,0
			-33.1014660009999,-70.3306109999999,0
			-33.1016604559999,-70.3303527259999,0
			-33.101874,-70.3300679999999,0
			-33.102094999,-70.3294880009999,0
			-33.1021159109999,-70.3290579829999,0
			-33.102134,-70.3286859609999,0
			-33.102135,-70.328631,0
			-33.1021409979999,-70.3279941239999,0
			-33.1021104239999,-70.32775431,0
			-33.1020850059999,-70.327555022,0
			-33.102099435,-70.3272647579999,0
			-33.102122981,-70.3267913549999,0
			-33.1021017749999,-70.3264481299999,0
			-33.1020710009999,-70.325950999,0
			-33.1020602309999,-70.3254211239999,0
			-33.102051,-70.3249669259999,0
			-33.102055,-70.3246129999999,0
			-33.1020586399999,-70.3242336789999,0
			-33.1020601349999,-70.3240918999999,0
			-33.1020943999999,-70.3238772639999,0
			-33.1021590009999,-70.323474,0
			-33.102353012,-70.322564974,0
			-33.1025369999999,-70.3221929999999,0
			-33.102575665,-70.3221144989999,0
			-33.1026033529999,-70.3220585809999,0
			-33.1027245119999,-70.3218345939999,0
			-33.102988137,-70.321347727,0
			-33.1030729999999,-70.321191001,0
			-33.103392195,-70.3207203069999,0
			-33.1034080649999,-70.320696972,0
			-33.103549272,-70.3206381369999,0
			-33.1037437069999,-70.3205574139999,0
			-33.104896799,-70.320585422,0
			-33.1056908849999,-70.3206049939999,0
			-33.1059734849999,-70.3205593939999,0
			-33.1065215529999,-70.320470845,0
			-33.1068930009999,-70.3203669999999,0
			-33.107259448,-70.3202641539999,0
			-33.107876,-70.3200180009999,0
			-33.108432001,-70.3196979999999,0
			-33.1086609999999,-70.319556999,0
			-33.1088949999999,-70.3194130009999,0
			-33.1089029999999,-70.3194019999999,0
			-33.1090883079999,-70.3191569209999,0
			-33.1093110789999,-70.3188598349999,0
			-33.1094659999999,-70.3185380009999,0
			-33.1096239759999,-70.318208036,0
			-33.1096939989999,-70.3179709999999,0
			-33.1097839989999,-70.3176640009999,0
			-33.1098277879999,-70.317403949,0
			-33.109882001,-70.317081999,0
			-33.109952,-70.3162810009999,0
			-33.1099542889999,-70.316061911,0
			-33.109959999,-70.3155149989999,0
			-33.1098749989999,-70.3148580009998,0
			-33.1097449999999,-70.3142310009998,0
			-33.1096705739999,-70.3138727609999,0
			-33.109372,-70.3130269999999,0
			-33.1091309999999,-70.312622999,0
			-33.108889,-70.312290999,0
			-33.1087089849999,-70.311923952,0
			-33.1086821869999,-70.3118448199999,0
			-33.1085601159999,-70.311483948,0
			-33.108553081,-70.31146003,0
			-33.1085319999999,-70.311386999,0
			-33.1084420489998,-70.31108117,0
			-33.108525001,-70.3104809989999,0
			-33.108841,-70.3096110009998,0
			-33.109233455,-70.3091325959999,0
			-33.1094622049999,-70.3088542509998,0
			-33.1099482729999,-70.3082909239999,0
			-33.109959223,-70.308278231,0
			-33.110440489,-70.3076961749999,0
			-33.110674,-70.3074140009999,0
			-33.110810209,-70.3072139169999,0
			-33.1111396929999,-70.3067299189999,0
			-33.1114524719999,-70.306282536,0
			-33.111671326,-70.30596947,0
			-33.111931001,-70.305549,0
			-33.112294016,-70.3049605969998,0
			-33.1123969999999,-70.304805,0
			-33.112699994,-70.30434501,0
			-33.1130440009999,-70.303730001,0
			-33.1131264099999,-70.30318497,0
			-33.1131760219999,-70.3028566259998,0
			-33.1132019999999,-70.3024119999999,0
			-33.113214,-70.3022009999999,0
			-33.1130969069999,-70.30165269,0
			-33.1130811909998,-70.3015994619999,0
			-33.1129782759999,-70.3012499069999,0
			-33.1129547789999,-70.3011319209999,0
			-33.1129189989999,-70.3009499989999,0
			-33.1128909989999,-70.3008110009999,0
			-33.1128259989999,-70.3002769999999,0
			-33.1128078469999,-70.3001317759999,0
			-33.11280605,-70.300117073,0
			-33.112852066,-70.2999259699999,0
			-33.1130663179999,-70.2998278009999,0
			-33.1131512669999,-70.29978904,0
			-33.1133639999999,-70.2998199999999,0
			-33.1134269989999,-70.2998289999999,0
			-33.113796001,-70.299798,0
			-33.1138999999999,-70.2997589999999,0
			-33.1141650009999,-70.2996579989999,0
			-33.1145989999999,-70.299262999,0
			-33.1150024999999,-70.298903498,0
			-33.1150129809999,-70.298892021,0
			-33.115183649,-70.2986934629999,0
			-33.1153743759999,-70.298472363,0
			-33.1155971269999,-70.298370281,0
			-33.1156459999999,-70.298348,0
			-33.1156829999999,-70.2983309989999,0
			-33.1157219989999,-70.2983179999999,0
			-33.1157726249999,-70.2983010559999,0
			-33.1162060759999,-70.298156407,0
			-33.116337411,-70.2981583819999,0
			-33.1164819989999,-70.2981609999999,0
			-33.1168490009998,-70.298312,0
			-33.117129796,-70.298316273,0
			-33.117309,-70.2983189999999,0
			-33.1178547369999,-70.2982621159999,0
			-33.117922999,-70.2982549999999,0
			-33.1182620009999,-70.2981139989999,0
			-33.1187859999999,-70.2979389989999,0
			-33.1187964979999,-70.2979264989999,0
			-33.119092033,-70.2975579389999,0
			-33.1192010009999,-70.2974219989999,0
			-33.119413,-70.297107,0
			-33.1195802079999,-70.2969903949999,0
			-33.1197171099999,-70.296895489,0
			-33.120000465,-70.2968324169999,0
			-33.1200248599999,-70.29682703,0
			-33.1210143519999,-70.2969561829998,0
			-33.1212810009999,-70.2969909999999,0
			-33.1220169999999,-70.297001999,0
			-33.122262,-70.2970060009999,0
			-33.1225997949999,-70.2970109969999,0
			-33.1227929999999,-70.2970139999999,0
			-33.123121961,-70.2970179979999,0
			-33.1236449999999,-70.2968069999999,0
			-33.1239033639999,-70.2967088609999,0
			-33.1249850009999,-70.2962979999999,0
			-33.1252539989999,-70.2962089999999,0
			-33.125509,-70.2961239989999,0
			-33.125979651,-70.2958689139999,0
			-33.126032999,-70.2958399999999,0
			-33.1260441969999,-70.295831832,0
			-33.1266209999999,-70.2954110009999,0
			-33.1269257999999,-70.295082323,0
			-33.127055143,-70.29494307,0
			-33.12758238,-70.294403834,0
			-33.127840819,-70.2941272429999,0
			-33.1279860409999,-70.2939719669999,0
			-33.128121001,-70.2938619989999,0
			-33.1285119889999,-70.293542007,0
			-33.1285369639999,-70.2935199549999,0
			-33.129162,-70.2929680009999,0
			-33.1291703919999,-70.2929588439999,0
			-33.129375,-70.292721999,0
			-33.129579097,-70.2924848709999,0
			-33.1297210619999,-70.2923202329999,0
			-33.1297319999999,-70.2923079999999,0
			-33.130576,-70.290825001,0
			-33.1311949989999,-70.2895389999999,0
			-33.1312029969999,-70.289521005,0
			-33.1314718279999,-70.2888247519999,0
			-33.1315809989999,-70.2885419999999,0
			-33.131848006,-70.287943947,0
			-33.1319431209999,-70.2871950959998,0
			-33.1319817399998,-70.286891043,0
			-33.1319688659999,-70.2865491499999,0
			-33.1319579999999,-70.286267999,0
			-33.1318399999998,-70.2857920009999,0
			-33.1316929999999,-70.2852069989999,0
			-33.1316340569999,-70.2849142839999,0
			-33.1316349999999,-70.284861,0
			-33.1316389999999,-70.284477,0
			-33.131641999,-70.2841569989999,0
			-33.131642999,-70.2840390009999,0
			-33.1315559989999,-70.283527001,0
			-33.1315159999999,-70.283288001,0
			-33.131470001,-70.2830160009999,0
			-33.1313469909998,-70.2820693369999,0
			-33.1312989999998,-70.2816999999999,0
			-33.1312991039999,-70.2816896769999,0
			-33.1313061939999,-70.2810075319998,0
			-33.131311441,-70.2804970509999,0
			-33.131379129,-70.2798781439999,0
			-33.131382468,-70.279552886,0
			-33.1313859999999,-70.2792219999999,0
			-33.1313870849999,-70.2791034339999,0
			-33.1313909999999,-70.2786750009999,0
			-33.1313183009999,-70.2781438659999,0
			-33.1313059999999,-70.278054004,0
			-33.1311339989999,-70.275406999,0
			-33.131088,-70.2750959999999,0
			-33.1310712059999,-70.27498417,0
			-33.131047425,-70.2748226449999,0
			-33.1310300769999,-70.2743123439999,0
			-33.1310239999999,-70.2741289999999,0
			-33.13103001,-70.2735458079999,0
			-33.131048001,-70.273231,0
			-33.1310583159999,-70.273045853,0
			-33.1310671839998,-70.2728902049999,0
			-33.1311754799999,-70.2726229709999,0
			-33.131287914,-70.2723462069999,0
			-33.1315989999999,-70.2719129989999,0
			-33.1316800009998,-70.271812,0
			-33.1318561269999,-70.2715916999999,0
			-33.131995026,-70.2714181649999,0
			-33.132112843,-70.271307206,0
			-33.1322959999999,-70.2711350009999,0
			-33.1324878419999,-70.2709541479999,0
			-33.1329810099999,-70.2707060149999,0
			-33.133578196,-70.270502494,0
			-33.133596849,-70.2704961369999,0
			-33.1341818499999,-70.270322087,0
			-33.1342838369999,-70.2702583679999,0
			-33.1349231859999,-70.2698589399999,0
			-33.1351782389999,-70.2697783739999,0
			-33.1354767299999,-70.269684457,0
			-33.136243851,-70.269625382,0
			-33.136275,-70.269623001,0
			-33.136949999,-70.2696329999999,0
			-33.1392403259999,-70.269813313,0
			-33.140062052,-70.269877998,0
			-33.1404929999999,-70.2698599989999,0
			-33.14070602,-70.269851,0
			-33.1408076889999,-70.269852395,0
			-33.141289253,-70.269859331,0
			-33.1420260109999,-70.269833498,0
			-33.142362362,-70.2698805129999,0
			-33.142471999,-70.2698960009999,0
			-33.1426079999999,-70.269915,0
			-33.1430084279999,-70.270031022,0
			-33.143025,-70.2700379989999,0
			-33.1436469989999,-70.2702949999999,0
			-33.144003864,-70.2704468489999,0
			-33.144533,-70.2706719989999,0
			-33.1452085499999,-70.2708284159999,0
			-33.1459935239999,-70.2710393509999,0
			-33.1469967729999,-70.2713093549999,0
			-33.1474978599999,-70.271449241,0
			-33.1475470629999,-70.271462997,0
			-33.1481919999999,-70.2714360009999,0
			-33.1484320159999,-70.2714092849999,0
			-33.148775999,-70.2713709989999,0
			-33.149014483,-70.2712736139999,0
			-33.1492069999999,-70.271195001,0
			-33.1494971349999,-70.2711256629999,0
			-33.1496380589999,-70.2710919959999,0
			-33.149747743,-70.2710864319999,0
			-33.1501916039999,-70.2710641569999,0
			-33.1504765679999,-70.271092057,0
			-33.1506193979999,-70.2711062799999,0
			-33.150784401,-70.2711611349999,0
			-33.151078,-70.2712589999999,0
			-33.151249708,-70.2712884899999,0
			-33.1515380309999,-70.2713379779999,0
			-33.1517398689999,-70.2713412999999,0
			-33.1518439999999,-70.2713430009999,0
			-33.152070614,-70.2713077729999,0
			-33.1522749989998,-70.271275999,0
			-33.1534570009999,-70.2711289989999,0
			-33.15358,-70.2711310009998,0
			-33.153886955,-70.271134965,0
			-33.154253,-70.271074001,0
			-33.1542861529999,-70.2710679439999,0
			-33.1543807539999,-70.2710343649999,0
			-33.154778999,-70.2708930009999,0
			-33.1549713169999,-70.270719328,0
			-33.1553359999999,-70.2703899999999,0
			-33.1556101529999,-70.2701404819999,0
			-33.155769999,-70.2699949999999,0
			-33.1557805429999,-70.2699825369999,0
			-33.1558872349999,-70.2698591209999,0
			-33.156081001,-70.2696349999999,0
			-33.156384201,-70.2694004479998,0
			-33.1564517699999,-70.2693483149999,0
			-33.15659125,-70.269323631,0
			-33.156851999,-70.269278,0
			-33.1574049079999,-70.269180016,0
			-33.157895535,-70.269041214,0
			-33.15802001,-70.269006104,0
			-33.1582144269999,-70.269021072,0
			-33.158536,-70.2690459989999,0
			-33.1586028209999,-70.269050987,0
			-33.158931288,-70.269120772,0
			-33.158969999,-70.2691289999999,0
			-33.15920707,-70.2691647889999,0
			-33.1599042289999,-70.2692700219999,0
			-33.1600799989999,-70.2692869989999,0
			-33.1603640009999,-70.269313999,0
			-33.1609779999999,-70.2692859989999,0
			-33.1615019989999,-70.2690749989999,0
			-33.162118043,-70.268827986,0
			-33.1622833839999,-70.26877317,0
			-33.1628567669999,-70.268583077,0
			-33.163288001,-70.268407,0
			-33.16372,-70.268158,0
			-33.1642749989999,-70.2678740009999,0
			-33.1647399999999,-70.267443,0
			-33.1648641689999,-70.2672380129999,0
			-33.165176999,-70.2667199989999,0
			-33.1654363439999,-70.2664001239999,0
			-33.1656739999999,-70.266107,0
			-33.1660774609998,-70.265674686,0
			-33.1661649999999,-70.265614001,0
			-33.166541001,-70.2653529999999,0
			-33.1667012069999,-70.2652607109999,0
			-33.166849837,-70.265175094,0
			-33.1668984729999,-70.2651734029999,0
			-33.1671229999999,-70.265166001,0
			-33.1687066539999,-70.2651110119999,0
			-33.1695224239999,-70.2651222269999,0
			-33.170087004,-70.2651303389999,0
			-33.1706376259999,-70.265156433,0
			-33.1711906329999,-70.2651829819999,0
			-33.17158954,-70.265188775,0
			-33.172019,-70.2651950009999,0
			-33.1727031059999,-70.26520469,0
			-33.1727250009999,-70.265205,0
			-33.172904021,-70.2651839579999,0
			-33.1732781279999,-70.2651399899999,0
			-33.173526,-70.2651229989999,0
			-33.173680485,-70.2651121259999,0
			-33.1739379919999,-70.265094475,0
			-33.1746759989999,-70.265252001,0
			-33.1752852939999,-70.265369033,0
			-33.1756216269999,-70.2654074189999,0
			-33.1756530009999,-70.265411,0
			-33.175682154,-70.26541314,0
			-33.1762662159999,-70.265456265,0
			-33.176662397,-70.2657173689999,0
			-33.177151813,-70.2658703459999,0
			-33.1777638569999,-70.266025084,0
			-33.1780081559999,-70.2661380749999,0
			-33.179353541,-70.266595249,0
			-33.1795284199999,-70.2666637099999,0
			-33.1796179999999,-70.2666990009999,0
			-33.179933787,-70.266822916,0
			-33.18020081,-70.2670180759999,0
			-33.180238916,-70.267045939,0
			-33.1802783609999,-70.2670425539999,0
			-33.180776001,-70.266999001,0
			-33.1812059999999,-70.267005001,0
			-33.1812459999999,-70.2669959989999,0
			-33.181494158,-70.2669402349999,0
			-33.1815129999999,-70.2669359989999,0
			-33.181770985,-70.2667227009999,0
			-33.1819459989999,-70.266578001,0
			-33.1822250029999,-70.266289996,0
			-33.182235982,-70.26627702,0
			-33.182511,-70.2659129989999,0
			-33.1826678619999,-70.2657054739999,0
			-33.183203039,-70.2647589049998,0
			-33.183265988,-70.2646131999999,0
			-33.1834527239999,-70.2641809529999,0
			-33.1834973319999,-70.2639825039999,0
			-33.1835830009999,-70.2635960009999,0
			-33.18368,-70.263087,0
			-33.1838281969999,-70.2627168989999,0
			-33.1838689999999,-70.262615,0
			-33.1839839999998,-70.262365,0
			-33.184152001,-70.2619990009999,0
			-33.1843046449999,-70.2616273669999,0
			-33.184435,-70.2613099999999,0
			-33.1845968909999,-70.260779844,0
			-33.1846569989999,-70.2605829999999,0
			-33.1847550009999,-70.2600009989999,0
			-33.18483021,-70.2596191159999,0
			-33.1848840059999,-70.259345959,0
			-33.1848869999999,-70.259329,0
			-33.1849819999999,-70.2587629949999,0
			-33.185014,-70.2585059999999,0
			-33.1850490009999,-70.258216825,0
			-33.185052319,-70.2578777899999,0
			-33.1850540519999,-70.2577062429999,0
			-33.185055038,-70.2576086029999,0
			-33.185061001,-70.257050001,0
			-33.185065,-70.2566479989999,0
			-33.185070002,-70.2561738319999,0
			-33.1850749999999,-70.2556729999999,0
			-33.1850749999999,-70.255626991,0
			-33.185072082,-70.2555515129999,0
			-33.1850510959999,-70.2550085029999,0
			-33.185103,-70.254405,0
			-33.185114418,-70.2542699969999,0
			-33.185120126,-70.254204188,0
			-33.1851387829999,-70.254145351,0
			-33.185168999,-70.2540509999999,0
			-33.1852469299999,-70.2538052199999,0
			-33.185311,-70.253550001,0
			-33.185529,-70.2532249999999,0
			-33.1856472489999,-70.253035989,0
			-33.18577805,-70.2528268099999,0
			-33.185954292,-70.2522790599999,0
			-33.1861105489999,-70.251793396,0
			-33.186142026,-70.2515865649999,0
			-33.1861770009999,-70.2513549999999,0
			-33.186213004,-70.250807655,0
			-33.1862189999999,-70.2502289989999,0
			-33.1862189999999,-70.2501895029999,0
			-33.1862278539999,-70.2500865659999,0
			-33.186254,-70.249787,0
			-33.1864423349999,-70.2494050569999,0
			-33.1865044149999,-70.2492794739999,0
			-33.186522,-70.2492569999999,0
			-33.186721973,-70.2489910349999,0
			-33.1868789999999,-70.2486650009999,0
			-33.186932193,-70.2483368429999,0
			-33.186943996,-70.2482640169999,0
			-33.187041999,-70.2476450009999,0
			-33.187077001,-70.2472079999999,0
			-33.187110097,-70.2468288099999,0
			-33.1871120009999,-70.2468069999999,0
			-33.187116456,-70.246369027,0
			-33.187091204,-70.2458213159999,0
			-33.187125222,-70.2454933329999,0
			-33.1873739209999,-70.2451684759999,0
			-33.187452344,-70.2449873579999,0
			-33.1875309559999,-70.2448061009999,0
			-33.1875359999999,-70.24476,0
			-33.1875456269999,-70.244664197,0
			-33.1875573249999,-70.2445513929999,0
			-33.1875615059999,-70.2445110909999,0
			-33.1875640009999,-70.2444889999999,0
			-33.1875650009999,-70.2444779829999,0
			-33.1875660009999,-70.244421,0
			-33.1875679979999,-70.2441491119999,0
			-33.1875573249999,-70.2441339499999,0
			-33.1875211099999,-70.24408248,0
			-33.187494999,-70.244044999,0
			-33.187387191,-70.2438912709999,0
			-33.187143001,-70.243741999,0
			-33.187098422,-70.2437386399999,0
			-33.1869967019999,-70.243730837,0
			-33.186864677,-70.2437207039999,0
			-33.1867261039999,-70.24371007,0
			-33.1865602229999,-70.24369734,0
			-33.1861306379999,-70.2436912699998,0
			-33.185881523,-70.2436481549999,0
			-33.1857850599999,-70.24363146,0
			-33.1856711989999,-70.2436117539999,0
			-33.185539046,-70.243553538,0
			-33.185513091,-70.2435421069999,0
			-33.1852435819999,-70.2434233839999,0
			-33.1849685309999,-70.243309923,0
			-33.184814414,-70.243220407,0
			-33.1847187129999,-70.243164819,0
			-33.1844601179999,-70.243014619,0
			-33.1840991359999,-70.2428050529999,0
			-33.184070049,-70.242785641,0
			-33.1839176939999,-70.242683964,0
			-33.1837639319999,-70.2425813499999,0
			-33.1834596039999,-70.242321709,0
			-33.183282291,-70.2421273399999,0
			-33.1831559989999,-70.2419889999999,0
			-33.1829560589999,-70.2418262749999,0
			-33.182882262,-70.2417662359999,0
			-33.1826082979999,-70.2415434919999,0
			-33.1823022959999,-70.2414661589999,0
			-33.1822138859999,-70.2414405819999,0
			-33.1820937029999,-70.2414058139999,0
			-33.181904,-70.2413509999999,0
			-33.1818784279999,-70.2413459239999,0
			-33.1817620579999,-70.2413229369999,0
			-33.1815064089999,-70.241272435,0
			-33.1810159439999,-70.241229055,0
			-33.1804359779999,-70.24092899,0
			-33.1800087229999,-70.2407040089998,0
			-33.1796427089999,-70.2404798919999,0
			-33.1795966509998,-70.240449843,0
			-33.1795607399999,-70.240426414,0
			-33.1791854459999,-70.2401815649999,0
			-33.1785092289999,-70.2396656719999,0
			-33.1783668769999,-70.2395570699999,0
			-33.1782109829999,-70.2394381359998,0
			-33.1781130579999,-70.239358491,0
			-33.177951841,-70.2392273679999,0
			-33.177754443,-70.239066817,0
			-33.1772054909999,-70.238730752,0
			-33.1769051919999,-70.238486548,0
			-33.176773429,-70.2383794,0
			-33.1766576269999,-70.238285229,0
			-33.1764182979999,-70.238106618,0
			-33.1762711739999,-70.2379968199999,0
			-33.176109002,-70.237876002,0
			-33.1758350009999,-70.2376900009999,0
			-33.1757497639999,-70.237677338,0
			-33.1755594289999,-70.237649491,0
			-33.1751276649999,-70.2378623689999,0
			-33.1750279759999,-70.237939387,0
			-33.1748542569999,-70.238073602,0
			-33.1746639409999,-70.2382206399999,0
			-33.1742206929999,-70.238551569,0
			-33.1740332869999,-70.2386914859999,0
			-33.1739683869999,-70.23873994,0
			-33.173790356,-70.2388384939999,0
			-33.1733708679999,-70.2390707059999,0
			-33.1731971269999,-70.2391668849999,0
			-33.1719349639999,-70.2395869109999,0
			-33.1716740439999,-70.2396499889999,0
			-33.171442489,-70.2397059699999,0
			-33.170366284,-70.239966147,0
			-33.1702019039999,-70.2399855189999,0
			-33.1698700259999,-70.2400246309999,0
			-33.1687075199999,-70.2401616329999,0
			-33.168217243,-70.24015473,0
			-33.1680936929999,-70.2401529899999,0
			-33.1680325929999,-70.2401521289999,0
			-33.1677628939999,-70.2401117589999,0
			-33.1671938659999,-70.2400265789999,0
			-33.166822446,-70.2399709819999,0
			-33.1664093669999,-70.2398420099999,0
			-33.1662943039999,-70.2398060849999,0
			-33.1662107259999,-70.2397799899999,0
			-33.1656909779999,-70.239590295,0
			-33.1655046259999,-70.2395321089999,0
			-33.1654262559999,-70.239507637,0
			-33.1653238719999,-70.2394756679999,0
			-33.1651717539999,-70.239390815,0
			-33.165147921,-70.2393775209999,0
			-33.164988299,-70.2392884819999,0
			-33.164832132,-70.239267183,0
			-33.164789808,-70.2392614109999,0
			-33.1646809059999,-70.2392465589999,0
			-33.1643012189999,-70.2388421649999,0
			-33.163823145,-70.238721456,0
			-33.1634098809999,-70.2383438049999,0
			-33.1633403629999,-70.2382802769999,0
			-33.163062966,-70.2380267839999,0
			-33.1628284879999,-70.2375104579999,0
			-33.162746248,-70.237370153,0
			-33.1627034959999,-70.2372972169999,0
			-33.162592724,-70.237108233,0
			-33.1624078099999,-70.2364214839999,0
			-33.1621749469999,-70.235734329,0
			-33.1618957549999,-70.2348754019999,0
			-33.1617798219999,-70.2346489399999,0
			-33.161693385,-70.2344800959999,0
			-33.1614249999999,-70.233957,0
			-33.1613374579999,-70.2338102439999,0
			-33.1610479989999,-70.2333249999999,0
			-33.1608240859999,-70.232970155,0
			-33.1605759999999,-70.2325769999999,0
			-33.160022188,-70.2319027159999,0
			-33.1599599989999,-70.231827,0
			-33.1598647419999,-70.2317321079998,0
			-33.159438,-70.2313069999998,0
			-33.159369348,-70.2312456659999,0
			-33.1587245609999,-70.2306696429999,0
			-33.1585430999999,-70.230521927,0
			-33.1584369299999,-70.2304356129999,0
			-33.1581546449999,-70.230206121,0
			-33.1573921689999,-70.229739485,0
			-33.1567227659999,-70.2295592019999,0
			-33.156148619,-70.2294371709999,0
			-33.1555266029999,-70.2293144759999,0
			-33.1547162489999,-70.2288471959999,0
			-33.1538573119999,-70.228436254,0
			-33.153189519,-70.2280849919999,0
			-33.1528061019999,-70.227913158,0
			-33.1526652169999,-70.2278500959999,0
			-33.1523300409999,-70.227712042,0
			-33.1515187649999,-70.2273778849999,0
			-33.150707612,-70.2269674789999,0
			-33.1502697839999,-70.226896199,0
			-33.150120165,-70.2268718409999,0
			-33.149942074,-70.226843012,0
			-33.14926815,-70.2268924269999,0
			-33.1490949999999,-70.2270259999999,0
			-33.1490349059999,-70.2270722939999,0
			-33.1486904069999,-70.2273384219999,0
			-33.1481843829999,-70.227818907,0
			-33.14815801,-70.2278439899999,0
			-33.1481470009999,-70.2278570009998,0
			-33.1477947999999,-70.2283602239999,0
			-33.1475150009999,-70.228759999,0
			-33.147124001,-70.229552,0
			-33.1468162049999,-70.2299602799999,0
			-33.146783999,-70.2300030009999,0
			-33.1462988989999,-70.230790148,0
			-33.1458713459999,-70.231231425,0
			-33.1457215299999,-70.2313002659999,0
			-33.1455835369999,-70.2313636739999,0
			-33.1453900639999,-70.2314529709998,0
			-33.1448105379999,-70.2317311279999,0
			-33.144427999,-70.2320259999999,0
			-33.14440208,-70.232045968,0
			-33.1442296879999,-70.232183316,0
			-33.1442210419999,-70.232190072,0
			-33.1440671839999,-70.2325888789999,0
			-33.1438906909999,-70.233046354,0
			-33.1436306129999,-70.2337204789999,0
			-33.1433356759999,-70.234457182,0
			-33.1430869079999,-70.2353655249999,0
			-33.1427016539999,-70.236090502,0
			-33.1422195559999,-70.2362977609999,0
			-33.142141618,-70.236331268,0
			-33.14193671,-70.2364193609999,0
			-33.1417750369999,-70.2364465949999,0
			-33.1416666019999,-70.2364648589999,0
			-33.141312436,-70.236524517,0
			-33.1404044459999,-70.236226788,0
			-33.1401202389999,-70.2358809009999,0
			-33.139837088,-70.2354210349999,0
			-33.139819588,-70.2353485869999,0
			-33.1397738859999,-70.2351593969999,0
			-33.1396989869999,-70.2348491389999,0
			-33.139780947,-70.233796675,0
			-33.139783999,-70.233511,0
			-33.139746713,-70.2333400799999,0
			-33.139646566,-70.232882526,0
			-33.139613262,-70.232817489,0
			-33.1395441719999,-70.232682573,0
			-33.1394109999999,-70.232423,0
			-33.139080994,-70.2319059939999,0
			-33.1390194049999,-70.2318496999999,0
			-33.138666459,-70.231527302,0
			-33.1385107479999,-70.231385066,0
			-33.137843597,-70.230976859,0
			-33.1373676699999,-70.230628235,0
			-33.1372468679999,-70.2305543459999,0
			-33.137095346,-70.230461664,0
			-33.136891025,-70.2303366879999,0
			-33.1364631119999,-70.2299889149999,0
			-33.1364250949999,-70.2299492559999,0
			-33.136360042,-70.2298813899999,0
			-33.136130866,-70.2296423089999,0
			-33.135750824,-70.2292950349999,0
			-33.1354676459999,-70.2288353009999,0
			-33.135184543,-70.2283754819999,0
			-33.135113463,-70.228019965,0
			-33.1351041309998,-70.22797329,0
			-33.1350931439999,-70.2279183369999,0
			-33.1351129779999,-70.227766117,0
			-33.135160538,-70.227401066,0
			-33.135196896,-70.2271220229999,0
			-33.135299521,-70.226439687,0
			-33.13530681,-70.2256990239998,0
			-33.1352867309999,-70.224651964,0
			-33.1352750319999,-70.2240475949999,0
			-33.135135717,-70.2237624919998,0
			-33.1348520689999,-70.2231854529999,0
			-33.1347494,-70.223081314,0
			-33.1346629989999,-70.222993999,0
			-33.1342819999999,-70.2226079989999,0
			-33.1336909309999,-70.2222222319999,0
			-33.1335678189999,-70.2221420079999,0
			-33.132996603,-70.2217352229999,0
			-33.1319051359999,-70.2205802249999,0
			-33.1318668369999,-70.2205091749998,0
			-33.131363737,-70.2195758569999,0
			-33.1312618549999,-70.2191104269999,0
			-33.1312259989999,-70.2189469999999,0
			-33.131196791,-70.2189012409999,0
			-33.1308955019999,-70.2184297089999,0
			-33.1305188009999,-70.2177408389999,0
			-33.1304475429999,-70.217682899,0
			-33.130090668,-70.2173929109999,0
			-33.12992106,-70.21726133,0
			-33.129762281,-70.2171381489999,0
			-33.1295672329998,-70.2169868329999,0
			-33.1292368769999,-70.2164696959999,0
			-33.1291959639999,-70.2163389689999,0
			-33.1291839469999,-70.2163005199999,0
			-33.129004268,-70.2157256089999,0
			-33.12897757,-70.215282954,0
			-33.128965863,-70.2150888579999,0
			-33.128962991,-70.215041233,0
			-33.1289696569999,-70.2143576029999,0
			-33.1288188789999,-70.2140153349999,0
			-33.1287169309999,-70.2137839099999,0
			-33.128641327,-70.2136122879999,0
			-33.128358162,-70.2131526429998,0
			-33.1282641819999,-70.2128438749999,0
			-33.128235709,-70.2127503269999,0
			-33.128218835,-70.212694888,0
			-33.128082685,-70.211895322,0
			-33.128057763,-70.2118134039999,0
			-33.128023422,-70.2117005169999,0
			-33.1279434269999,-70.211437572,0
			-33.127889167,-70.2110581369999,0
			-33.1278779109999,-70.2109794209999,0
			-33.127853627,-70.2108096159999,0
			-33.1277458519999,-70.2101285149999,0
			-33.1277179999998,-70.2099529999999,0
			-33.127693009,-70.2098854289999,0
			-33.127484518,-70.209323153,0
			-33.1270558419999,-70.2090323259999,0
			-33.126770409,-70.2088003759999,0
			-33.1266044059999,-70.2084970009999,0
			-33.1265834209999,-70.2084586479999,0
			-33.1264447739999,-70.2077704409999,0
			-33.1259715339999,-70.2071371659999,0
			-33.1254965589999,-70.206674929,0
			-33.125100634,-70.205999833,0
			-33.1250419809999,-70.205899824,0
			-33.1250249669999,-70.2058708119999,0
			-33.1249730469999,-70.2057529969999,0
			-33.1249290869999,-70.2056532409999,0
			-33.124696586,-70.2051256489999,0
			-33.1245641089999,-70.2049443719999,0
			-33.124317999,-70.2046080009999,0
			-33.1239738049999,-70.204265123,0
			-33.123796,-70.204087999,0
			-33.123414999,-70.203901,0
			-33.1231772639999,-70.2037839069999,0
			-33.1230800009999,-70.203736126,0
			-33.1220749269999,-70.2035514509999,0
			-33.11913106,-70.2030840369999,0
			-33.1190701169999,-70.203083206,0
			-33.11883979,-70.2030800649999,0
			-33.118364067,-70.203073578,0
			-33.1180575759999,-70.2030693999999,0
			-33.1180306429999,-70.203069032,0
			-33.1176929669999,-70.2030644269999,0
			-33.1170218649999,-70.203055277,0
			-33.1168547999999,-70.202986546,0
			-33.1165973079999,-70.202880614,0
			-33.11630557,-70.2027605949999,0
			-33.1160129859999,-70.202501602,0
			-33.1157938879999,-70.2023076579999,0
			-33.1157826319999,-70.202297694,0
			-33.1152608639999,-70.201720935,0
			-33.1146428279999,-70.2011999119999,0
			-33.1146311649999,-70.2011938599999,0
			-33.1136866619999,-70.2007037209999,0
			-33.113441645,-70.2005765879999,0
			-33.1134023079999,-70.200556176,0
			-33.113099925,-70.2005070989999,0
			-33.1129307039999,-70.2004796349999,0
			-33.1126364849999,-70.200431884,0
			-33.111967028,-70.2002519229999,0
			-33.111811103,-70.2001877899999,0
			-33.111595011,-70.2000989109999,0
			-33.1113939389999,-70.2000162099999,0
			-33.111141243,-70.1997473569999,0
			-33.111044481,-70.1996444069999,0
			-33.1110142819999,-70.1996122769999,0
			-33.1109643089999,-70.199474418,0
			-33.1109313089999,-70.1993833779998,0
			-33.1108275029999,-70.1990970099999,0
			-33.1107877769999,-70.1982419519999,0
			-33.1105149489999,-70.1967001539999,0
			-33.110485077,-70.1965894599999,0
			-33.1104707279999,-70.196536297,0
			-33.1102834929999,-70.195842501,0
			-33.110238657,-70.1956764449999,0
			-33.1102005889999,-70.1955354519999,0
			-33.1101445709999,-70.1953279829999,0
			-33.1100780129998,-70.1949373239999,0
			-33.110071927,-70.1949016039999,0
			-33.1100083769999,-70.194528604,0
			-33.1099613819999,-70.1942000519999,0
			-33.1099405349999,-70.1940543009999,0
			-33.1099185639999,-70.1939007079999,0
			-33.110021549,-70.1931614599999,0
			-33.109996667,-70.192584051,0
			-33.109981992,-70.192249991,0
			-33.109861576,-70.1915587449999,0
			-33.109777768,-70.191079002,0
			-33.1096613169999,-70.190773486,0
			-33.1096469999999,-70.1907360009999,0
			-33.1094512129999,-70.190223176,0
			-33.1092579309999,-70.189898018,0
			-33.109072865,-70.1895883089999,0
			-33.1085995239999,-70.188955345,0
			-33.1083488629999,-70.1886844979999,0
			-33.108257454,-70.1885857299999,0
			-33.1081724239999,-70.1884938539999,0
			-33.107918979,-70.188097463,0
			-33.107867036,-70.188016223,0
			-33.1078418659999,-70.187976856,0
			-33.107560024,-70.1876745829999,0
			-33.1062280419999,-70.186246048,0
			-33.1057515369999,-70.1859548229999,0
			-33.105178419,-70.185719308,0
			-33.104411962,-70.185652037,0
			-33.1043877669999,-70.1856472809999,0
			-33.104298635,-70.1856297639999,0
			-33.103167807,-70.1854075169999,0
			-33.1027284369999,-70.1850508539999,0
			-33.1025915539999,-70.1849397399999,0
			-33.1024541959999,-70.184828185,0
			-33.1021714359999,-70.1843118039999,0
			-33.1019851359999,-70.183739653,0
			-33.101988499,-70.183385431,0
			-33.101992245,-70.1829908469999,0
			-33.1019937879998,-70.182828447,0
			-33.1022426319999,-70.1818633939999,0
			-33.1023929519998,-70.1811818039999,0
			-33.1024725029999,-70.1809702479999,0
			-33.1027023579999,-70.1803589769999,0
			-33.103032296,-70.1794815529999,0
			-33.103463865,-70.1788134989999,0
			-33.1037584009999,-70.1786242809999,0
			-33.1038580039999,-70.178560293,0
			-33.10389334,-70.178537593,0
			-33.1041331179999,-70.178469747,0
			-33.104477129,-70.178372407,0
			-33.1046624129999,-70.1783199809999,0
			-33.1052377079999,-70.1783276339999,0
			-33.1057661269999,-70.178220736,0
			-33.106015514,-70.1780368029999,0
			-33.106296702,-70.177829219,0
			-33.1063025339998,-70.1778210939999,0
			-33.1064537249998,-70.1776097219999,0
			-33.1067455409999,-70.1771956289999,0
			-33.1075067719999,-70.174838612,0
			-33.107880999,-70.1736789999999,0
			-33.1078858559999,-70.1736614649998,0
			-33.1101523409999,-70.165477591,0
			-33.110865153,-70.1629034149998,0
			-33.1113548079999,-70.1611351299998,0
			-33.111849513,-70.159489551,0
			-33.1121946769999,-70.1584686939999,0
			-33.1122740859999,-70.158195677,0
			-33.1123201309999,-70.1580373749999,0
			-33.112442282,-70.1576174039999,0
			-33.1126872319999,-70.1570509809999,0
			-33.112694462,-70.1570261299999,0
			-33.1127075279999,-70.1569812079999,0
			-33.1127367649999,-70.1568806879999,0
			-33.1131297829999,-70.1558604359998,0
			-33.112864266,-70.155675462,0
			-33.1128419999999,-70.155659999,0
			-33.1127961839999,-70.155628129,0
			-33.112559824,-70.1556062889999,0
			-33.112284111,-70.1555808159999,0
			-33.1120778099998,-70.1555617539999,0
			-33.111074383,-70.1552068219999,0
			-33.1107556819999,-70.1551267529999,0
			-33.1106070969999,-70.1550894229999,0
			-33.110117698,-70.154966471,0
			-33.109408817,-70.15457484,0
			-33.1092548039999,-70.154489753,0
			-33.108639093,-70.154149596,0
			-33.1079253069999,-70.153570571,0
			-33.107305756,-70.1531637199999,0
			-33.1070061999999,-70.1530008539999,0
			-33.1069022099999,-70.152944315,0
			-33.106876412,-70.1529302889999,0
			-33.1068660359999,-70.1529433819999,0
			-33.105003096,-70.155500477,0
			-33.1036326869999,-70.1565397199999,0
			-33.103344536,-70.156758236,0
			-33.1024962149999,-70.157401556,0
			-33.1004426489999,-70.158697683,0
			-33.1003748009999,-70.1587405019999,0
			-33.1002427189998,-70.158756446,0
			-33.100153236,-70.1587670639999,0
			-33.0995103189999,-70.1588433519999,0
			-33.0991758219999,-70.1587250169999,0
			-33.0987507239999,-70.158035948,0
			-33.0986778109999,-70.157917712,0
			-33.0984674199999,-70.1575765439999,0
			-33.0981343929999,-70.1570368329999,0
			-33.09807597,-70.1569421509999,0
			-33.0980421589999,-70.156887308,0
			-33.0980316189999,-70.156863726,0
			-33.097760517,-70.156257196,0
			-33.0974306959999,-70.1556263689998,0
			-33.097370761,-70.1555011569999,0
			-33.097293495,-70.155339735,0
			-33.0971014739999,-70.1549385819999,0
			-33.096654249,-70.153946796,0
			-33.0966009439999,-70.1538285839999,0
			-33.0965847489999,-70.1537926709999,0
			-33.0962091509999,-70.152933381,0
			-33.0960650739999,-70.152670343,0
			-33.0958336799999,-70.1522480639998,0
			-33.0953523749999,-70.151768127,0
			-33.0953111819999,-70.151727181,0
			-33.095288293,-70.151694057,0
			-33.095219667,-70.151592158,0
			-33.094883764,-70.151093397,0
			-33.0946880789999,-70.1507282749999,0
			-33.0946627389999,-70.1506809929999,0
			-33.0945302399999,-70.150433772,0
			-33.094437048,-70.1501477979999,0
			-33.094434958,-70.1501289389999,0
			-33.094427738,-70.1500638119999,0
			-33.09439278,-70.1497484349999,0
			-33.0944013119999,-70.149712043,0
			-33.094439488,-70.149549201,0
			-33.0945924449999,-70.1488967539999,0
			-33.09469411,-70.1487448839999,0
			-33.0947051449999,-70.1487283999999,0
			-33.094932652,-70.148388542,0
			-33.0951759879999,-70.1479930029999,0
			-33.09518106,-70.147953894,0
			-33.0952775979999,-70.147207823,0
			-33.0952789989999,-70.1471969999999,0
			-33.095008341,-70.1464803809999,0
			-33.0949979639999,-70.1464529599999,0
			-33.094722609,-70.146151463,0
			-33.0945237359999,-70.1459341469999,0
			-33.0940506919999,-70.145244465,0
			-33.093891535,-70.144855756,0
			-33.0938226519999,-70.1446875249999,0
			-33.093722456,-70.144442818,0
			-33.0936464589999,-70.1437571119999,0
			-33.0936357899998,-70.1436608499999,0
			-33.0936339529999,-70.1436442829999,0
			-33.0936348099999,-70.1435510079999,0
			-33.0936350079999,-70.14352932,0
			-33.0936412649999,-70.1428469869999,0
			-33.09364805,-70.142106729,0
			-33.0939955309998,-70.1408011159999,0
			-33.094193575,-70.140120129,0
			-33.0944457329999,-70.1387564679999,0
			-33.0944526169998,-70.1380026719999,0
			-33.0944529999999,-70.1379606749999,0
			-33.0944535949999,-70.1378954469999,0
			-33.094460811,-70.137104896,0
			-33.094371919,-70.13686941,0
			-33.0941882939999,-70.1363829599999,0
			-33.0941800019999,-70.1363610069999,0
			-33.0939557179999,-70.1362343899999,0
			-33.093559893,-70.1360111489999,0
			-33.09336966,-70.135837795,0
			-33.0930851619999,-70.135492325,0
			-33.093014712,-70.1354446479999,0
			-33.0928004359999,-70.135299636,0
			-33.092656372,-70.135202143,0
			-33.0925523119999,-70.134999477,0
			-33.0925323739999,-70.1349606479999,0
			-33.0924208569999,-70.1347434599999,0
			-33.092325944,-70.134628261,0
			-33.092223454,-70.1345038649999,0
			-33.0920411,-70.1342831229999,0
			-33.0912359989999,-70.1331899989999,0
			-33.0910936269999,-70.1329477869999,0
			-33.090764,-70.132387001,0
			-33.0904732339999,-70.132097905,0
			-33.090331528,-70.1319571409999,0
			-33.0902416469999,-70.1318678579999,0
			-33.089667999,-70.131633001,0
			-33.0893775489999,-70.1316537769999,0
			-33.0889969999999,-70.1316809989999,0
			-33.088691,-70.1318459999999,0
			-33.088481636,-70.1319584629999,0
			-33.088274112,-70.132070298,0
			-33.0880164719999,-70.132108659,0
			-33.087840792,-70.1321348169999,0
			-33.0872178579999,-70.1322275669999,0
			-33.0863581219999,-70.131874849,0
			-33.085642155,-70.131523982,0
			-33.0854079839999,-70.131300541,0
			-33.0851523519999,-70.1310566239999,0
			-33.084976717,-70.1308890349999,0
			-33.0842617819999,-70.130424268,0
			-33.0840184089999,-70.130354253,0
			-33.0837935569999,-70.130289567,0
			-33.083018032,-70.130067051,0
			-33.0825352519999,-70.130031726,0
			-33.0823452939999,-70.1300180209999,0
			-33.082060237,-70.1299974569999,0
			-33.0814524259999,-70.129938056,0
			-33.0814374289999,-70.1299365899999,0
			-33.0813896329999,-70.1299319189999,0
			-33.080575772,-70.1298075909999,0
			-33.079859283,-70.1295137159998,0
			-33.0793834879999,-70.129109002,0
			-33.0789695209999,-70.128494631,0
			-33.0787820969999,-70.1282164729999,0
			-33.078531986,-70.1278452809999,0
			-33.0777721749999,-70.1270384219999,0
			-33.077405552,-70.12675967,0
			-33.0771694319999,-70.126580143,0
			-33.077010378,-70.1264592099999,0
			-33.0763918539998,-70.1259388119999,0
			-33.075728856,-70.1250191979998,0
			-33.0754876829999,-70.1246384029999,0
			-33.0753279039999,-70.1243861249999,0
			-33.0752562009999,-70.124272912,0
			-33.075200675,-70.124151126,0
			-33.0750435349999,-70.123806481,0
			-33.0750211439999,-70.123757331,0
			-33.0749753279999,-70.1235096299999,0
			-33.0749106439999,-70.1231599319999,0
			-33.074883907,-70.123015385,0
			-33.0746317159999,-70.1221745699999,0
			-33.074557999,-70.121929,0
			-33.074135999,-70.120842,0
			-33.0739359039999,-70.1203881259999,0
			-33.073807518,-70.1200975479999,0
			-33.073388838,-70.118739734,0
			-33.0733198579999,-70.1185160239999,0
			-33.0731552989999,-70.11798235,0
			-33.0728773799999,-70.116896939,0
			-33.072535386,-70.11492813,0
			-33.072461152,-70.114558753,0
			-33.072400605,-70.1142574999999,0
			-33.0723518089999,-70.114014702,0
			-33.07228764,-70.113695531,0
			-33.0722141189999,-70.11333059,0
			-33.0718820009999,-70.112926999,0
			-33.071612612,-70.113021824,0
			-33.0712569999999,-70.113147001,0
			-33.0706309999999,-70.113424,0
			-33.0705421059999,-70.113439101,0
			-33.0700069989999,-70.1135299989999,0
			-33.0697299989999,-70.1136749999999,0
			-33.0696289529999,-70.11372812,0
			-33.0694769999999,-70.1138080009999,0
			-33.0687883139999,-70.1143406849999,0
			-33.0687519239999,-70.1143694339999,0
			-33.0687419989999,-70.1143810009999,0
			-33.068620622,-70.114568607,0
			-33.0684707789999,-70.114800728,0
			-33.0683044499999,-70.1150583869999,0
			-33.0682818639999,-70.1150868349999,0
			-33.068035524,-70.1153971109999,0
			-33.0678714659999,-70.1156037499999,0
			-33.0677321469999,-70.115779228,0
			-33.0677226369999,-70.115791207,0
			-33.067048341,-70.116124368,0
			-33.066232935,-70.116171026,0
			-33.0661955169999,-70.1161705539998,0
			-33.0655618069999,-70.116162553,0
			-33.0650354699999,-70.116042095,0
			-33.0641792449999,-70.1152910219999,0
			-33.062756747,-70.113445327,0
			-33.06155885,-70.1118910549999,0
			-33.0614540179999,-70.11175503,0
			-33.0609813,-70.111008969,0
			-33.06050848,-70.110262882,0
			-33.0599402679999,-70.1094586569999,0
			-33.059763382,-70.1089721389999,0
			-33.059635691,-70.1086209279999,0
			-33.059565941,-70.108429084,0
			-33.0594366779999,-70.1082592229998,0
			-33.0589969989999,-70.1076820009999,0
			-33.0584963599999,-70.1071610349999,0
			-33.0583837249999,-70.1070439329999,0
			-33.0583321469999,-70.1069903089999,0
			-33.057189759,-70.1060650529999,0
			-33.0564277819999,-70.1054861599999,0
			-33.056122595,-70.1052635259999,0
			-33.056045066,-70.105206966,0
			-33.055713243,-70.1049649009998,0
			-33.0552781179999,-70.1046015489999,0
			-33.055047084,-70.1044086249999,0
			-33.0549518349999,-70.104329088,0
			-33.0548560569999,-70.104245378,0
			-33.0546953029999,-70.1041048739999,0
			-33.0537624129999,-70.103289515,0
			-33.05346775,-70.103021279,0
			-33.0533237519999,-70.1028901949999,0
			-33.05319171,-70.102769995,0
			-33.0528127219999,-70.1022529579999,0
			-33.0525767949999,-70.1016775629999,0
			-33.0525612459999,-70.101639642,0
			-33.0525311419999,-70.1015662229999,0
			-33.0525276389999,-70.101514448,0
			-33.0525186909999,-70.1013822309999,0
			-33.052488722,-70.1009394129999,0
			-33.0526385219999,-70.1002581389999,0
			-33.0529336669999,-70.0994079249999,0
			-33.0529416919999,-70.098497024,0
			-33.052904402,-70.098187539,0
			-33.052902999,-70.098175999,0
			-33.052855549,-70.097785233,0
			-33.052851999,-70.097755999,0
			-33.0526919499999,-70.0972981449999,0
			-33.0525717789999,-70.096955323,0
			-33.052428596,-70.09615099,0
			-33.0522389989999,-70.0950879999999,0
			-33.0520049989999,-70.0944589999999,0
			-33.0518096819998,-70.094119209,0
			-33.0516167609999,-70.0937839299999,0
			-33.0514436449999,-70.0936501799999,0
			-33.0516588309999,-70.0931520829999,0
			-33.0517957789999,-70.0929797009999,0
			-33.0520515659999,-70.0925009999999,0
			-33.0524240209999,-70.091667425,0
			-33.052819653,-70.0913092419999,0
			-33.0530932579999,-70.0909384039999,0
			-33.0537697229999,-70.0902778149999,0
			-33.054271961,-70.089768614,0
			-33.0546694399999,-70.089342084,0
			-33.0550262949999,-70.088685256,0
			-33.055241979,-70.0883295719999,0
			-33.055706797,-70.087670729,0
			-33.0559284189999,-70.0871249729999,0
			-33.0561979909999,-70.0865370739999,0
			-33.0564452809999,-70.0860721769999,0
			-33.0568389929999,-70.0855508989999,0
			-33.0571771749999,-70.0852205679999,0
			-33.0575751159999,-70.0848073499999,0
			-33.0578609949999,-70.0845179639999,0
			-33.0585628959999,-70.084047042,0
			-33.0589665019999,-70.0833213289999,0
			-33.059101378,-70.0825182629999,0
			-33.0593337689999,-70.0819037259999,0
			-33.059514329,-70.08134418,0
			-33.0596910519998,-70.0806899949999,0
			-33.060173382,-70.0800180449999,0
			-33.0604485179999,-70.079688491,0
			-33.0608799079999,-70.0794377979999,0
			-33.0614238389999,-70.0789555009999,0
			-33.062054678,-70.0779416239999,0
			-33.0624230829999,-70.0773522279998,0
			-33.0632157599999,-70.0762143749999,0
			-33.063700658,-70.0756103219999,0
			-33.0646971739999,-70.074618831,0
			-33.065454787,-70.0744180459999,0
			-33.066240663,-70.074135554,0
			-33.0669379749999,-70.0740043209999,0
			-33.0677786939999,-70.073857102,0
			-33.0684560569999,-70.0735625729999,0
			-33.069194887,-70.0734577279998,0
			-33.0698021969999,-70.0733268849999,0
			-33.0704620719999,-70.0730467009999,0
			-33.071032374,-70.0731204959999,0
			-33.071733423,-70.072743658,0
			-33.0723708289999,-70.0724639829999,0
			-33.0730330949999,-70.0721288749999,0
			-33.0737694569999,-70.0718469679999,0
			-33.074568851,-70.0715642419999,0
			-33.0755825989999,-70.071238208,0
			-33.076177951,-70.0711487979999,0
			-33.076827392,-70.0710589859999,0
			-33.0775742169999,-70.0709262989999,0
			-33.0780262129999,-70.0707432559998,0
			-33.0789264609999,-70.0703920429999,0
			-33.0794410899999,-70.0701947479999,0
			-33.0800009279999,-70.0701193769999,0
			-33.0805966369999,-70.0701516049999,0
			-33.0809080569999,-70.0702832549999,0
			-33.0812524789999,-70.0705641599999,0
			-33.0816415479999,-70.0707223809999,0
			-33.081937642,-70.070582029,0
			-33.08224498,-70.0701562959999,0
			-33.0826780659999,-70.0699469469999,0
			-33.0831452319999,-70.069804447,0
			-33.0836365709999,-70.0697034039999,0
			-33.0847297349999,-70.0693352709999,0
			-33.0850814039999,-70.0690040629999,0
			-33.0857138989999,-70.068261876,0
			-33.086088773,-70.0678350039999,0
			-33.086429102,-70.0675592059998,0
			-33.0867928029999,-70.0674185119999,0
			-33.0873001969999,-70.0673840919999,0
			-33.0878136939999,-70.0674998389999,0
			-33.0882385699999,-70.067765489,0
			-33.08871204,-70.0678955929999,0
			-33.0894342679999,-70.0682790399999,0
			-33.0899386749999,-70.0683945979999,0
			-33.09040964,-70.06868794,0
			-33.0908729739999,-70.0691300669999,0
			-33.09151623,-70.069338778,0
			-33.0920107189999,-70.069318518,0
			-33.092628417,-70.069336794,0
			-33.0930946459998,-70.0693982649998,0
			-33.0935447169999,-70.0697321899999,0
			-33.0942927209999,-70.0705376019999,0
			-33.0947222159999,-70.0706948449999,0
			-33.095353711,-70.0708361069999,0
			-33.095737959,-70.0705316829999,0
			-33.0962237349999,-70.07006319,0
			-33.096929831,-70.0696998959999,0
			-33.0976372819999,-70.06925576,0
			-33.098230439,-70.0691115139999,0
			-33.0993778849999,-70.0686340669999,0
			-33.1000960389999,-70.0681217429998,0
			-33.1008346119999,-70.0675547019999,0
			-33.1014053289999,-70.0670712159999,0
			-33.101915565,-70.0667651179999,0
			-33.1025959589999,-70.066321138,0
			-33.1029495459999,-70.0661535159999,0
			-33.1031776219999,-70.0660002669999,0
			-33.104259563,-70.066597141,0
			-33.1054980499999,-70.068076043,0
			-33.1066652179999,-70.069460094,0
			-33.1076271549999,-70.0707786569999,0
			-33.108252405,-70.0713281999999,0
			-33.1090571739999,-70.0717520139999,0
			-33.1099157589999,-70.0720525189999,0
			-33.1106428589999,-70.072219736,0
			-33.111432872,-70.0724946609999,0
			-33.1119927389999,-70.0727589779999,0
			-33.1129037699999,-70.0732497019999,0
			-33.113530478,-70.0732682099999,0
			-33.1140958729999,-70.0735596479999,0
			-33.1145589079999,-70.0738796099999,0
			-33.1150543159999,-70.074335447,0
			-33.1155073899999,-70.0748592589999,0
			-33.1159559509999,-70.0753833739999,0
			-33.1163183909999,-70.075894854,0
			-33.116628374,-70.0762173589999,0
			-33.117256652,-70.076276475,0
			-33.1178656689999,-70.0764183319999,0
			-33.1185170309999,-70.0764909919999,0
			-33.119407883,-70.0763561889999,0
			-33.1201102459999,-70.0762386659999,0
			-33.1208229789999,-70.0759298499999,0
			-33.1213028479999,-70.075651555,0
			-33.1216168289999,-70.07528009,0
			-33.1220549069999,-70.0750836449999,0
			-33.1225084709999,-70.074711066,0
			-33.123016933,-70.0741328,0
			-33.1232593239999,-70.0735452289999,0
			-33.123634733,-70.0727923449999,0
			-33.1239324759999,-70.0717821919998,0
			-33.1241875179999,-70.070719002,0
			-33.1245415799999,-70.0696536709999,0
			-33.1251171609999,-70.0686125289999,0
			-33.125418967,-70.0681594739999,0
			-33.1261398449999,-70.0670354149999,0
			-33.126334701,-70.0666110029999,0
			-33.12675774,-70.0659256389999,0
			-33.126882017,-70.0653126219999,0
			-33.1268873619999,-70.0648774809999,0
			-33.127188549,-70.064071121,0
			-33.127439104,-70.0635780809999,0
			-33.1280534549999,-70.0622651939998,0
			-33.1282727119999,-70.0616634899999,0
			-33.1288160129998,-70.0607178439999,0
			-33.129290984,-70.059977999,0
			-33.1296756929999,-70.059346918,0
			-33.1301815939999,-70.05859206,0
			-33.1307189669999,-70.0578373069999,0
			-33.1311760789999,-70.0573279119999,0
			-33.1319148929999,-70.056883012,0
			-33.132262317,-70.0563343539999,0
			-33.1327277029999,-70.0559201489999,0
			-33.1331681629999,-70.0552210199999,0
			-33.133526788,-70.0543866259999,0
			-33.133886441,-70.053919503,0
			-33.1342360469999,-70.0534254729999,0
			-33.1346785129999,-70.0528894269999,0
			-33.135016978,-70.052340542,0
			-33.1353940379999,-70.052199608,0
			-33.136058018,-70.05213613,0
			-33.136715292,-70.052018211,0
			-33.137564083,-70.0520748849999,0
			-33.1382761149999,-70.052200716,0
			-33.1390790729999,-70.0524613919999,0
			-33.1397259459999,-70.052874609,0
			-33.1402649679999,-70.0531794849999,0
			-33.1407279809999,-70.0534993499999,0
			-33.1411422899999,-70.0540649069999,0
			-33.1416590229999,-70.054261939,0
			-33.1421502849999,-70.0544999429999,0
			-33.1426291989999,-70.055105371,0
			-33.1430240059999,-70.0555214069999,0
			-33.143493903,-70.056126648,0
			-33.144190094,-70.056647485,0
			-33.1447761239999,-70.0567751899999,0
			-33.1456080539999,-70.0568595579999,0
			-33.1464790169999,-70.056793236,0
			-33.147190053,-70.0567833169999,0
			-33.147943014,-70.056691421,0
			-33.1490505019999,-70.056458584,0
			-33.149203352,-70.0569057449999,0
			-33.1492118859999,-70.0575716449999,0
			-33.149545169,-70.0588183529999,0
			-33.1497903199999,-70.0595492879999,0
			-33.1502096459999,-70.060467922,0
			-33.1506393809999,-70.061196609,0
			-33.150783733,-70.061996877,0
			-33.1510003,-70.0630272779999,0
			-33.1513861869999,-70.0637838249999,0
			-33.15192403,-70.0647420499999,0
			-33.1525233269999,-70.065658603,0
			-33.1529526779999,-70.066264181,0
			-33.1533235969999,-70.066531749,0
			-33.1540571399999,-70.066861332,0
			-33.1547475859999,-70.067124435,0
			-33.1553414479999,-70.067225002,0
			-33.1559712079999,-70.067093926,0
			-33.1565554179999,-70.06695,0
			-33.157161066,-70.0667788369999,0
			-33.1582432449999,-70.0665869079999,0
			-33.1588156909999,-70.0663755429999,0
			-33.159123254,-70.0661809109998,0
			-33.1595299549999,-70.065876263,0
			-33.1599934569999,-70.0655303089998,0
			-33.160439632,-70.0651974939999,0
			-33.1612137269999,-70.0648467639999,0
			-33.1616708349999,-70.0646779989999,0
			-33.162443712,-70.0644090339999,0
			-33.16289992,-70.0641036469999,0
			-33.1634813809999,-70.063891575,0
			-33.1643300429999,-70.0630368449999,0
			-33.164927768,-70.0628927769999,0
			-33.1656307119999,-70.0626792589999,0
			-33.165905241,-70.062675279,0
			-33.1665551669999,-70.0622586119999,0
			-33.1669988429999,-70.0617497579999,0
			-33.1674034569999,-70.061281277,0
			-33.1681320699999,-70.0605783449999,0
			-33.168492585,-70.0602468159999,0
			-33.1690586559998,-70.0598716339999,0
			-33.1693534619999,-70.0594728879999,0
			-33.1697060189999,-70.0592776969999,0
			-33.1703419689999,-70.0587393129999,0
			-33.1705551209999,-70.058436838,0
			-33.1707437919999,-70.0579717919999,0
			-33.1708581029999,-70.057562431,0
			-33.1712123409999,-70.057298894,0
			-33.171699899,-70.0574414549999,0
			-33.1723296299999,-70.05799102,0
			-33.173100603,-70.0585788399999,0
			-33.1737669859999,-70.0590319519999,0
			-33.174456595,-70.059499236,0
			-33.1752505119999,-70.0597605139999,0
			-33.175847485,-70.060051495,0
			-33.1767201569999,-70.0603658359999,0
			-33.1771086109999,-70.0605101289999,0
			-33.177395803,-70.0607107569999,0
			-33.1778557249999,-70.061520346,0
			-33.178441493,-70.0622062539999,0
			-33.1789972349999,-70.063612925,0
			-33.1792017119999,-70.064793498,0
			-33.179420142,-70.0650765229998,0
			-33.1797857709998,-70.0650987829998,0
			-33.1803725259999,-70.0651314529999,0
			-33.181044351,-70.0650407299999,0
			-33.1815216159999,-70.0649256,0
			-33.1821064389999,-70.064795687,0
			-33.1824447859998,-70.064586522,0
			-33.182694292,-70.0644065079999,0
			-33.1832304699998,-70.0640724939999,0
			-33.1840419939999,-70.063871594,0
			-33.1851020569999,-70.0638025979999,0
			-33.185857375,-70.063547232,0
			-33.1863371449999,-70.0632684979999,0
			-33.1870884579999,-70.0631359229999,0
			-33.1881259309999,-70.0627274459999,0
			-33.188539063,-70.062585685,0
			-33.1894255749999,-70.0623423399999,0
			-33.190078526,-70.062116207,0
			-33.1905897719999,-70.0618370409999,0
			-33.191263261,-70.0614469929998,0
			-33.1918104919999,-70.061167198,0
			-33.1925244689999,-70.060776925,0
			-33.193117136,-70.0606190359999,0
			-33.1938275139999,-70.060364834,0
			-33.195076945,-70.0607558539999,0
			-33.1957479679999,-70.061209418,0
			-33.1969705709999,-70.062172431,0
			-33.1977092979999,-70.0628559529999,0
			-33.198326962,-70.0632148659999,0
			-33.1989288319999,-70.063969081,0
			-33.1996109799999,-70.0644764389999,0
			-33.200309819,-70.0647257049999,0
			-33.201085668,-70.0647563649998,0
			-33.202634964,-70.0647622879999,0
			-33.2033489229999,-70.0647120479999,0
			-33.2045421089999,-70.0643691269998,0
			-33.2051007929999,-70.0643751859999,0
			-33.2058329789999,-70.0642154689999,0
			-33.2061956959999,-70.0639386009999,0
			-33.2069474369999,-70.0634791359998,0
			-33.2074695389999,-70.063131675,0
			-33.2081883879999,-70.062863587,0
			-33.209437969,-70.0624658429999,0
			-33.210138241,-70.062183983,0
			-33.210592962,-70.06206932,0
			-33.2112308219999,-70.0618018169999,0
			-33.211756979,-70.061671664,0
			-33.212279618,-70.0613382459999,0
			-33.2127003059999,-70.0610467519999,0
			-33.2130305089999,-70.060743528,0
			-33.2134904239999,-70.060192668,0
			-33.2141854609998,-70.0596659969999,0
			-33.214675808,-70.0594280699999,0
			-33.2152695689999,-70.0592975719999,0
			-33.2159758,-70.0591653499999,0
			-33.2165471379999,-70.0589262789999,0
			-33.2169336689998,-70.0585669279998,0
			-33.217926307,-70.058050311,0
			-33.218472321,-70.0578520649999,0
			-33.219233596,-70.057746246,0
			-33.2197137799999,-70.0575906299999,0
			-33.2203776229999,-70.0571861549999,0
			-33.2211026599999,-70.056509724,0
			-33.2215452129998,-70.056313383,0
			-33.2222384729999,-70.0558550059999,0
			-33.223743241,-70.0555351569999,0
			-33.2245715029999,-70.055414732,0
			-33.2255207769999,-70.0552787919999,0
			-33.2258731369999,-70.05519265,0
			-33.2260125819999,-70.054850586,0
			-33.2265302989999,-70.0536050919999,0
			-33.2268132369999,-70.0517775069999,0
			-33.2268790699999,-70.050605704,0
			-33.2268035229999,-70.0499536239998,0
			-33.2263657519999,-70.0492516819999,0
			-33.2261364999999,-70.048697378,0
			-33.226246015,-70.048055601,0
			-33.2266168729999,-70.0471934619999,0
			-33.227012686,-70.0469567669999,0
			-33.227509803,-70.0463239059999,0
			-33.227889965,-70.0460325099999,0
			-33.2283433339999,-70.044529459,0
			-33.228519714,-70.043084117,0
			-33.2286326359999,-70.0416264099999,0
			-33.228771901,-70.0406038439999,0
			-33.2286420039999,-70.0397204269999,0
			-33.228414803,-70.0388800809999,0
			-33.228655202,-70.0379099589999,0
			-33.229867139,-70.0353344229999,0
			-33.2311430479999,-70.0323359779999,0
			-33.2316702429999,-70.0314440839999,0
			-33.231603057,-70.030778101,0
			-33.2318966059999,-70.0300119919999,0
			-33.2321657039999,-70.0294227479999,0
			-33.232357599,-70.0289303609999,0
			-33.2325664219999,-70.0284101239999,0
			-33.2328268869998,-70.027943858,0
			-33.2332404469999,-70.0279244309999,0
			-33.233880765,-70.0278338919999,0
			-33.2339778279999,-70.027559834,0
			-33.2343385759999,-70.027010237,0
			-33.2349399079999,-70.0266210049999,0
			-33.23567244,-70.0265834929999,0
			-33.236346445,-70.0265472319999,0
			-33.2370388049999,-70.0266325209999,0
			-33.2378958199999,-70.026892685,0
			-33.2386473229999,-70.0273316909999,0
			-33.239141216,-70.0278555299998,0
			-33.239800649,-70.0285810819999,0
			-33.240171479,-70.0289572689999,0
			-33.2406524829999,-70.0293861019999,0
			-33.241147973,-70.0295020819999,0
			-33.242244273,-70.0291049199999,0
			-33.243421452,-70.0289255329999,0
			-33.244433746,-70.0286799299998,0
			-33.2451879579999,-70.0283973589999,0
			-33.2460092499999,-70.027990965,0
			-33.2465685749999,-70.0279016639999,0
			-33.247267484,-70.0281507009999,0
			-33.2479449689999,-70.0284263939999,0
			-33.248486562,-70.0285692159998,0
			-33.2488958439999,-70.0287810999999,0
			-33.2492703049999,-70.0293613819998,0
			-33.24938772,-70.0299316199998,0
			-33.249738604,-70.030485077,0
			-33.250363465,-70.0310203879999,0
			-33.250822962,-70.0311370249999,0
			-33.2511297419999,-70.0313775359999,0
			-33.2515222559999,-70.031507985,0
			-33.2519015419999,-70.0318703539999,0
			-33.2520439469999,-70.0322769859998,0
			-33.2523128239999,-70.032695224,0
			-33.2527386879999,-70.033097809,0
			-33.2530285159999,-70.033475317,0
			-33.253548511,-70.033753261,0
			-33.2537553029999,-70.033968691,0
			-33.254066199,-70.0340870269999,0
			-33.254428138,-70.0342420229999,0
			-33.2548480419999,-70.034383721,0
			-33.255413048,-70.0346598349999,0
			-33.255943292,-70.0347449709998,0
			-33.2565137189999,-70.0347072839999,0
			-33.257179548,-70.0346943789999,0
			-33.257853337,-70.03476397,0
			-33.2585256859999,-70.0350240369999,0
			-33.2590407289999,-70.0351777719999,0
			-33.25973049,-70.0354233649999,0
			-33.260271753,-70.0357819799999,0
			-33.261449786,-70.0364139879998,0
			-33.2622387309999,-70.0365494229999,0
			-33.263046087,-70.0368071549998,0
			-33.2637605789999,-70.0371077699999,0
			-33.2647119629999,-70.0373627289999,0
			-33.265446343,-70.0374845189999,0
			-33.266262642,-70.0377417599999,0
			-33.2668981369999,-70.0378665199999,0
			-33.2675965209999,-70.0379898239999,0
			-33.2681017459999,-70.0382391729999,0
			-33.268770471,-70.0382951989999,0
			-33.2693645049999,-70.038624679,0
			-33.269881911,-70.038724654,0
			-33.2702284229999,-70.0387177629999,0
			-33.270735637,-70.0383398329999,0
			-33.27090959,-70.0381866459999,0
			-33.2710261799999,-70.0376117229999,0
			-33.2711226079999,-70.036982381,0
			-33.2712205,-70.036052852,0
			-33.2712143919999,-70.035562061,0
			-33.2712065549999,-70.035030437,0
			-33.271599701,-70.0346141049999,0
			-33.271847712,-70.034173277,0
			-33.2720699569999,-70.0336499889999,0
			-33.272434823,-70.032866085,0
			-33.2725986969999,-70.032235584,0
			-33.2729443339999,-70.031533068,0
			-33.2731529389999,-70.0311205249999,0
			-33.2735349459999,-70.0305400779999,0
			-33.2737754899999,-70.0302496429999,0
			-33.2743603659999,-70.029787502,0
			-33.2747765089999,-70.0293845969999,0
			-33.275171219,-70.0290090559999,0
			-33.275617559,-70.0287960559999,0
			-33.276001762,-70.028270322,0
			-33.2763459459999,-70.0277588899999,0
			-33.276646851,-70.0272894349999,0
			-33.276862912,-70.0262766849999,0
			-33.2769582669999,-70.0255106669999,0
			-33.2770179289999,-70.0249779489999,0
			-33.2770081619999,-70.024172962,0
			-33.2770303309999,-70.0234907939999,0
			-33.277026868,-70.023067559,0
			-33.2770726089999,-70.022411527,0
			-33.2770883549999,-70.02190741,0
			-33.2772557289999,-70.0215903129999,0
			-33.277601306,-70.0208878049999,0
			-33.27793983,-70.020459133,0
			-33.27816834,-70.0203180579999,0
			-33.2785448339999,-70.0196017329999,0
			-33.279128159,-70.018990201,0
			-33.2794696869999,-70.0184105079999,0
			-33.280053005,-70.0177996639999,0
			-33.2804381129999,-70.0174103909999,0
			-33.2808392759998,-70.0167475419998,0
			-33.2811333999999,-70.0157738879998,0
			-33.281461298,-70.014635412,0
			-33.281667619,-70.013717555,0
			-33.2818875569999,-70.013140119,0
			-33.2821391219999,-70.012453608,0
			-33.2826815109999,-70.0117203939999,0
			-33.283101963,-70.01142562,0
			-33.2835047519999,-70.010804177,0
			-33.283714479,-70.0103090299999,0
			-33.284192269,-70.0099862239999,0
			-33.284452469,-70.0096262499999,0
			-33.2848313769998,-70.009305732,0
			-33.2851847649999,-70.0091348239999,0
			-33.2854469519999,-70.0090481079999,0
			-33.2857879909999,-70.008796121,0
			-33.285866606,-70.0078399629999,0
			-33.285917737,-70.0073203639998,0
			-33.285963653,-70.006896771,0
			-33.285960137,-70.0064734919999,0
			-33.2860706769999,-70.0061990519999,0
			-33.2866920569999,-70.006309641,0
			-33.2870860529999,-70.006588821,0
			-33.2873254899999,-70.0067205409999,0
			-33.2876739969999,-70.006986883,0
			-33.28808048,-70.0071291469999,0
			-33.288903788,-70.0072222709999,0
			-33.2896700809999,-70.0074666789999,0
			-33.290544005,-70.0075864299999,0
			-33.291583912,-70.0081396309999,0
			-33.292572859,-70.008543574,0
			-33.293300727,-70.0089524369999,0
			-33.2939332609999,-70.009226653,0
			-33.2944402009999,-70.009517375,0
			-33.295028212,-70.009915494,0
			-33.295639235,-70.010217806,0
			-33.296448159,-70.0106254339999,0
			-33.2974879769999,-70.011287281,0
			-33.298307092,-70.0116132179999,0
			-33.2989507029999,-70.012050989,0
			-33.299583632,-70.01233933,0
			-33.2999778459999,-70.012399316,0
			-33.300411289,-70.0125414979999,0
			-33.301134857,-70.0128413659999,0
			-33.3014223609999,-70.0127130559999,0
			-33.302051994,-70.0119095999999,0
			-33.3027738449999,-70.0111591969999,0
			-33.303258253,-70.010440536,0
			-33.3037360449999,-70.010117575,0
			-33.3041777019999,-70.010013293,0
			-33.3049544079999,-70.009957485,0
			-33.3062385009999,-70.0099740479999,0
			-33.3074133709999,-70.0099652429999,0
			-33.308136761,-70.0099240439999,0
			-33.308627292,-70.009806149,0
			-33.308989214,-70.009512015,0
			-33.309268473,-70.0091796129999,0
			-33.309574229,-70.008832292,0
			-33.309907288,-70.0087168039999,0
			-33.3103893599999,-70.0087214739999,0
			-33.3108336379999,-70.008685321,0
			-33.3112301389999,-70.008691472,0
			-33.311468976,-70.0083593849999,0
			-33.3117632729999,-70.008176389,0
			-33.3121509019999,-70.0080738459998,0
			-33.3125615549999,-70.007983883,0
			-33.3129654089999,-70.007948756,0
			-33.313447265,-70.0080620139999,0
			-33.3139506169999,-70.008148593,0
			-33.3143075099999,-70.0084010429999,0
			-33.314536962,-70.0083967299999,0
			-33.3149079319999,-70.0086624599999,0
			-33.3152049289999,-70.0086569019999,0
			-33.315766041,-70.008836645,0
			-33.3161960169999,-70.0091151119999,0
			-33.316462491,-70.009246758,0
			-33.3166746169999,-70.009146766,0
			-33.317161493,-70.008714641,0
			-33.3176811819999,-70.0080903339999,0
			-33.318028607,-70.0077701209999,0
			-33.3183079349999,-70.0073284659999,0
			-33.3188254019999,-70.0067585049999,0
			-33.319041694,-70.006427006,0
			-33.3192670039999,-70.006094994,0
			-33.319481896,-70.005954628,0
			-33.3198096209999,-70.0055939539999,0
			-33.320204678,-70.0053401009999,0
			-33.3208603259999,-70.004959336,0
			-33.321350031,-70.004486099,0
			-33.3218899509999,-70.003915569,0
			-33.3222777169999,-70.003594289,0
			-33.32242424,-70.003319177,0
			-33.3226692339999,-70.0029182839999,0
			-33.32273026,-70.0026445649999,0
			-33.322770067,-70.0021796229999,0
			-33.3227577099999,-70.0016507139999,0
			-33.322680393,-70.001297085,0
			-33.3225650049999,-70.00078073,0
			-33.3223242469999,-70.000170355,0
			-33.322082866,-69.9996558209999,0
			-33.3218142329999,-69.999359419,0
			-33.3210850249999,-69.998921173,0
			-33.320648303,-69.9985873909999,0
			-33.320540609,-69.9982617659999,0
			-33.3203757039999,-69.997745477,0
			-33.320153795,-69.9973807979999,0
			-33.320012462,-69.9968913599999,0
			-33.3198322969999,-69.9964438159999,0
			-33.319501246,-69.9961630889999,0
			-33.3191038419999,-69.9959102999999,0
			-33.3187226519999,-69.9956163369999,0
			-33.3184101189999,-69.9953479739999,0
			-33.318109571,-69.9949300499999,0
			-33.3178640129998,-69.9946478419999,0
			-33.3177537999999,-69.9940353909998,0
			-33.318112667,-69.993333659,0
			-33.3184533079998,-69.992850144,0
			-33.3186843249999,-69.992437373,0
			-33.3186825449999,-69.9918368,0
			-33.3185710139998,-69.991415393,0
			-33.3183069999999,-69.9910102169998,0
			-33.3180848809999,-69.990864077,0
			-33.317692527,-69.9906250139999,0
			-33.3175719039999,-69.990203601,0
			-33.317342756,-69.9897709279999,0
			-33.3170558259999,-69.989134404,0
			-33.316776261,-69.9885651989999,0
			-33.316526854,-69.9880779229999,0
			-33.316175911,-69.9874156929999,0
			-33.3160842939999,-69.987266726,0
			-33.3158505019999,-69.9869429629999,0
			-33.315449292,-69.985817545,0
			-33.3152043869999,-69.9853294529999,0
			-33.3148340549999,-69.98496729,0
			-33.3141467049999,-69.9842283519999,0
			-33.3136740639998,-69.9836762899999,0
			-33.313184172,-69.982810753,0
			-33.3128219559999,-69.9820941449999,0
			-33.312695758,-69.9816455129999,0
			-33.3124387139999,-69.9808585499998,0
			-33.312176171,-69.9799344259999,0
			-33.312083886,-69.9792130269999,0
			-33.3120103019999,-69.9783960939999,0
			-33.3118804689999,-69.9775246789999,0
			-33.311781993,-69.9767621179999,0
			-33.311517904,-69.9755792769999,0
			-33.311509655,-69.9752653799999,0
			-33.311450293,-69.9749114899999,0
			-33.3113737339999,-69.974244219,0
			-33.311312178,-69.9737268929999,0
			-33.3112147489999,-69.973100928,0
			-33.3109564549999,-69.9725044169999,0
			-33.310696922,-69.971990438,0
			-33.310416528,-69.9715172409999,0
			-33.3099934489999,-69.970855821,0
			-33.309484942,-69.9701959229999,0
			-33.309356237,-69.9699111469999,0
			-33.308903233,-69.9694002379999,0
			-33.3081755499999,-69.9691122679999,0
			-33.3077842329999,-69.969009473,0
			-33.3075581419999,-69.968876388,0
			-33.3072944539999,-69.9687038149999,0
			-33.3069929569999,-69.9687084889999,0
			-33.3066070739999,-69.968742764,0
			-33.3061575689999,-69.9688725119999,0
			-33.3058380399999,-69.968877602,0
			-33.3056209929999,-69.9688544339999,0
			-33.3052391079999,-69.9687645069999,0
			-33.3048430949999,-69.968771214,0
			-33.3043617289999,-69.9687795299999,0
			-33.304120847,-69.9688375809999,0
			-33.3037338139999,-69.9689530589999,0
			-33.3033895429999,-69.969013748,0
			-33.3030341029999,-69.969019496,0
			-33.302443137,-69.9686613509999,0
			-33.302189735,-69.9682972619999,0
			-33.3018252049999,-69.968302826,0
			-33.301586631,-69.968415718,0
			-33.301241768,-69.9685716939999,0
			-33.3009881039999,-69.9685347519999,0
			-33.300621447,-69.9683774219999,0
			-33.3002999059999,-69.968109817,0
			-33.2998158629999,-69.9677220759999,0
			-33.299541411,-69.967726522,0
			-33.2990173169999,-69.967462317,0
			-33.298613108,-69.9671551819999,0
			-33.2982347489999,-69.9668204409999,0
			-33.2977698879998,-69.966350485,0
			-33.2974888329999,-69.9660825499999,0
			-33.2972116919999,-69.965910123,0
			-33.296852486,-69.9656017369999,0
			-33.2963475359999,-69.9653646869999,0
			-33.295889299,-69.9650586459999,0
			-33.2956229249999,-69.9647080029999,0
			-33.2951456459999,-69.964265649,0
			-33.2947976429999,-69.963903026,0
			-33.29434692,-69.9634471619999,0
			-33.294078191,-69.963151578,0
			-33.293544658,-69.9626548679999,0
			-33.2931962389999,-69.96227888,0
			-33.2928140199999,-69.9618491229999,0
			-33.2924789439999,-69.9615815919999,0
			-33.2922232819999,-69.961162641,0
			-33.291866039,-69.9603501889999,0
			-33.291744125,-69.9601206339999,0
			-33.2914243759999,-69.959676003,0
			-33.291205154,-69.9593789609999,0
			-33.2904883739999,-69.95880436,0
			-33.2901308199999,-69.9585380989999,0
			-33.28979426,-69.9580113899999,0
			-33.2895256209999,-69.9576065739999,0
			-33.2892293789999,-69.9571880839999,0
			-33.288982279,-69.956538229,0
			-33.2889218729999,-69.9559384469999,0
			-33.2889109679999,-69.9553386759999,0
			-33.2888506499999,-69.954630424,0
			-33.2888430039998,-69.9542213349999,0
			-33.2885969449999,-69.953597456,0
			-33.2882575309999,-69.953112533,0
			-33.287945997,-69.9529809649998,0
			-33.2874746449999,-69.952906957,0
			-33.2872902189999,-69.9528010519999,0
			-33.2868556129999,-69.9525218459999,0
			-33.2865267989999,-69.952186259,0
			-33.2861575109999,-69.9517425529999,0
			-33.285773363,-69.9515985049999,0
			-33.2852106309999,-69.9510486359999,0
			-33.2849216759999,-69.950698711,0
			-33.2845522439999,-69.9505820139999,0
			-33.2840534259998,-69.950495583,0
			-33.2837001799999,-69.950446184,0
			-33.2831631089999,-69.9504149379999,0
			-33.282782905,-69.9502572219999,0
			-33.282320222,-69.9498416489999,0
			-33.281929931,-69.9497663419999,0
			-33.281573943,-69.9496502369999,0
			-33.281452035,-69.949310763,0
			-33.281632255,-69.9489807149999,0
			-33.281783635,-69.9488279669999,0
			-33.282037977,-69.9486604959999,0
			-33.2821489739999,-69.9482901999999,0
			-33.282258871,-69.9477831839999,0
			-33.2823570139999,-69.947208656,0
			-33.2825816909999,-69.946754691,0
			-33.2826995389999,-69.946221188,0
			-33.282943856,-69.945807724,0
			-33.2831915549999,-69.9453671079999,0
			-33.2834038409999,-69.9448314509999,0
			-33.2838005579999,-69.9444017599999,0
			-33.2839926029999,-69.9440307389999,0
			-33.284419763,-69.9434640449999,0
			-33.284597726,-69.943079057,0
			-33.2845950189999,-69.9427930279999,0
			-33.2843066739999,-69.9424566,0
			-33.283865291,-69.9421228419999,0
			-33.2836094699999,-69.9418133349999,0
			-33.2830792,-69.941508273,0
			-33.2828261029999,-69.9413761499999,0
			-33.282274489,-69.9410991049999,0
			-33.281940471,-69.940968316,0
			-33.2813881929999,-69.940895794,0
			-33.2808589539999,-69.9407273729999,0
			-33.2801930939999,-69.9405205429999,0
			-33.279557188,-69.9401626429999,0
			-33.279420014,-69.9400016869999,0
			-33.2790815889999,-69.9396527019999,0
			-33.2787718309999,-69.9392350589999,0
			-33.278433309,-69.9391038809999,0
			-33.2779766879999,-69.9388387889999,0
			-33.2776162829999,-69.938503828,0
			-33.2773110139999,-69.938195848,0
			-33.277023707,-69.937886745,0
			-33.276686481,-69.9374560689999,0
			-33.2764166379999,-69.9371332589999,0
			-33.2761299709998,-69.9367290769999,0
			-33.2759566129999,-69.935681686,0
			-33.2759508059999,-69.9356524559998,0
			-33.275930108,-69.9350706249999,0
			-33.2757483109999,-69.9344996859999,0
			-33.2755571989999,-69.9338995109999,0
			-33.2755052049999,-69.933551143,0
			-33.2753194429999,-69.9323065719998,0
			-33.275301794,-69.931996684,0
			-33.275297462,-69.9314508259998,0
			-33.275212693,-69.931029549,0
			-33.275105771,-69.9308749689999,0
			-33.2749861189999,-69.9300733419999,0
			-33.2733424459999,-69.9289435139999,0
			-33.2724734,-69.9278461729999,0
			-33.2707596449999,-69.925479574,0
			-33.269675144,-69.9247052909999,0
			-33.2685240349999,-69.9238574169999,0
			-33.2678686409999,-69.921819538,0
			-33.267676385,-69.921221765,0
			-33.2673908429999,-69.9189945899998,0
			-33.2674437359999,-69.9181282539999,0
			-33.267415386,-69.9179731679999,0
			-33.267295767,-69.917361767,0
			-33.2670805119999,-69.916833544,0
			-33.2669094419999,-69.916836067,0
			-33.2666872029999,-69.9173447629998,0
			-33.2665149529999,-69.9176475479999,0
			-33.2661612649999,-69.917585711,0
			-33.2655729069999,-69.917514032,0
			-33.2649475169999,-69.9175242049999,0
			-33.2642714159999,-69.917617755,0
			-33.2635526959999,-69.9174390829999,0
			-33.2632241479999,-69.917444707,0
			-33.2629508159999,-69.9173675289999,0
			-33.2623856939999,-69.9170907339999,0
			-33.2614368799999,-69.9169027209999,0
			-33.2607361239999,-69.916832869,0
			-33.2604234859999,-69.9166747259998,0
			-33.2597345419999,-69.9163456369999,0
			-33.25906645,-69.9160843179999,0
			-33.2582058899999,-69.9159620609999,0
			-33.257930367,-69.915830785,0
			-33.2573511519999,-69.915540764,0
			-33.2567088399999,-69.9153603729999,0
			-33.2562814139999,-69.9153684039999,0
			-33.255898284,-69.915427817,0
			-33.2558233729999,-69.915483819,0
			-33.255268993,-69.915898285,0
			-33.2549943659999,-69.9161036,0
			-33.2533424969999,-69.917338527,0
			-33.252143249,-69.917566958,0
			-33.2482599739999,-69.919223076,0
			-33.246414467,-69.921018714,0
			-33.246036374,-69.921223551,0
			-33.2458095699999,-69.9213464269998,0
			-33.245113041,-69.9192529009999,0
			-33.2447016359999,-69.9180164219999,0
			-33.2482668079999,-69.91665833,0
			-33.261320111,-69.9116863909999,0
			-33.2698898629999,-69.908421389,0
			-33.2699339069999,-69.908349443,0
			-33.2706326909999,-69.9072736409998,0
			-33.271484449,-69.9063041599999,0
			-33.2718762109999,-69.9057742609999,0
			-33.271961147,-69.905659375,0
			-33.2725385959999,-69.905039495,0
			-33.272929736,-69.9043354779998,0
			-33.273048708,-69.9025746779999,0
			-33.273167681,-69.9012183849999,0
			-33.273176865,-69.9011739969999,0
			-33.273336876,-69.900400529,0
			-33.2737285539999,-69.8997581769999,0
			-33.2737729209999,-69.8996499759999,0
			-33.2738719949999,-69.8992119729999,0
			-33.2742287039999,-69.8984689159999,0
			-33.2745747619999,-69.897030921,0
			-33.274807653,-69.8963452519999,0
			-33.2749258809999,-69.895934352,0
			-33.275301774,-69.8950143019999,0
			-33.2754085289999,-69.8947530009999,0
			-33.275619537,-69.89331685,0
			-33.275542534,-69.8926500039998,0
			-33.2755121629999,-69.8920225099999,0
			-33.2757641619999,-69.891254682,0
			-33.2758761649999,-69.8908025389999,0
			-33.275983627,-69.890241536,0
			-33.2762834169999,-69.8896496749999,0
			-33.276554517,-69.8892359079999,0
			-33.2773515579999,-69.888035424,0
			-33.2781226269998,-69.887408114,0
			-33.2785614629999,-69.8866915749999,0
			-33.2786367159999,-69.8861169419999,0
			-33.2782205939999,-69.8850879249999,0
			-33.277956259,-69.8841377689999,0
			-33.277709918,-69.8837327519999,0
			-33.27693375,-69.8827094549999,0
			-33.2768111199999,-69.8822481629999,0
			-33.2764326329999,-69.8818047069999,0
			-33.276306667,-69.881261223,0
			-33.276252099,-69.8804844719999,0
			-33.276523675,-69.8793207799998,0
			-33.276709307,-69.878690171,0
			-33.276735064,-69.877680144,0
			-33.2764679159999,-69.8768797149999,0
			-33.2764212629999,-69.8766217749999,0
			-33.2763199409999,-69.8761325569999,0
			-33.2762147069999,-69.8755476839999,0
			-33.2763030309999,-69.8743049139999,0
			-33.2764305899999,-69.8734706049999,0
			-33.2766487839999,-69.8729760379999,0
			-33.2769614219999,-69.872152273,0
			-33.277679517,-69.871007318,0
			-33.2783587609999,-69.8701225169999,0
			-33.278651125,-69.869680565,0
			-33.278894023,-69.869021634,0
			-33.2791454389999,-69.8686765639999,0
			-33.2796694989999,-69.8677392589999,0
			-33.279684673,-69.8673436409999,0
			-33.2797959449999,-69.866878156,0
			-33.279859986,-69.866467712,0
			-33.2800544959999,-69.8658370489998,0
			-33.2803501939999,-69.8654766539998,0
			-33.280505967,-69.8649964739999,0
			-33.28072301,-69.864365145,0
			-33.2809956839999,-69.863882766,0
			-33.281385299,-69.8631804679999,0
			-33.2816327619999,-69.8628489669999,0
			-33.2821347509999,-69.8618170809999,0
			-33.2824057809999,-69.861293852,0
			-33.2826413129999,-69.8607848779999,0
			-33.282881881,-69.8600717649999,0
			-33.2829690659999,-69.8597838089999,0
			-33.2828282799999,-69.8591039029999,0
			-33.2824469019999,-69.858810741,0
			-33.2818151979999,-69.8583446419998,0
			-33.281288665,-69.857917231,0
			-33.2805810649999,-69.857356453,0
			-33.2800388389999,-69.8570934909999,0
			-33.2797699229999,-69.856798365,0
			-33.279329466,-69.8562741709999,0
			-33.2786976589998,-69.8553711729999,0
			-33.278301502,-69.8546145739999,0
			-33.2779605629999,-69.8539933709999,0
			-33.2778626029999,-69.853367239,0
			-33.277659948,-69.8528257669999,0
			-33.277274005,-69.8522044919999,0
			-33.2771068939999,-69.8518665739999,0
			-33.2764520699999,-69.8511694209999,0
			-33.276298475,-69.8509399259999,0
			-33.275847208,-69.8500478069998,0
			-33.275742478,-69.8496955489999,0
			-33.2755060549999,-69.848989807,0
			-33.2755794429999,-69.8477204829999,0
			-33.275666964,-69.8471189489999,0
			-33.275549656,-69.846247406,0
			-33.2753049759999,-69.845774789,0
			-33.274878929,-69.8448410789999,0
			-33.2741091619999,-69.8435457099999,0
			-33.2739076129999,-69.8430309459999,0
			-33.273295026,-69.84248286,0
			-33.272942723,-69.841915993,0
			-33.2724532619999,-69.841297587,0
			-33.272103322,-69.841003257,0
			-33.2719671639999,-69.840869305,0
			-33.2717989529999,-69.8406132209999,0
			-33.2719129139999,-69.8401066899999,0
			-33.2720960609999,-69.8395303639999,0
			-33.2723523239999,-69.838980595,0
			-33.2724723549999,-69.8382961739999,0
			-33.272792055,-69.8373224979999,0
			-33.272896905,-69.8364882129999,0
			-33.2729427959999,-69.8357511779999,0
			-33.2729368949999,-69.8351779599999,0
			-33.2731634589999,-69.8347786579999,0
			-33.273428639,-69.8341191769999,0
			-33.2736848089999,-69.8335686779999,0
			-33.2741571369999,-69.8332331889999,0
			-33.2743655989999,-69.8329428659999,0
			-33.2748615389999,-69.832634161,0
			-33.2751583589999,-69.8323016589999,0
			-33.2755529029999,-69.8318301289999,0
			-33.275988185,-69.8316858599999,0
			-33.2763846919999,-69.831583358,0
			-33.2768003109999,-69.83161712,0
			-33.277187162,-69.8316103179999,0
			-33.277296184,-69.8314169459999,0
			-33.2775551989999,-69.830826067,0
			-33.2776623999999,-69.830374228,0
			-33.2778877329999,-69.82994682,0
			-33.2781598709999,-69.8296693069999,0
			-33.278965516,-69.829231723,0
			-33.2796942479999,-69.82878188,0
			-33.2802450899999,-69.8281717389999,0
			-33.2807106889999,-69.82681357,0
			-33.2807734249999,-69.8261571139998,0
			-33.280436573,-69.825099536,0
			-33.280540275,-69.824347668,0
			-33.281018563,-69.8238342849999,0
			-33.281484167,-69.8236620109999,0
			-33.282170352,-69.822626965,0
			-33.2823501689999,-69.822296031,0
			-33.2828092489999,-69.8216463529998,0
			-33.2834356819999,-69.8214443419999,0
			-33.2838129989999,-69.8213148629999,0
			-33.2846381679999,-69.820590561,0
			-33.2850928999999,-69.8200496389999,0
			-33.2855672129999,-69.819441156,0
			-33.2862214459999,-69.8187203289999,0
			-33.286748608,-69.8179734089999,0
			-33.2871425169999,-69.8174889909999,0
			-33.2875157779999,-69.8171553449999,0
			-33.288103798,-69.8166808199999,0
			-33.2883958539999,-69.816020894,0
			-33.288713926,-69.815550972,0
			-33.2888654289999,-69.815084336,0
			-33.2891529739999,-69.8144240059999,0
			-33.289204296,-69.8136047,0
			-33.289021487,-69.8126800209999,0
			-33.2889845189999,-69.811903536,0
			-33.2894866669999,-69.8108846389999,0
			-33.2897256989999,-69.8100347709999,0
			-33.289722108,-69.808657252,0
			-33.2894046309999,-69.8073123829999,0
			-33.289279286,-69.8065773109998,0
			-33.288618007,-69.805730684,0
			-33.2883943769999,-69.8053385349999,0
			-33.288179047,-69.8044969889999,0
			-33.2881411569999,-69.8041292459999,0
			-33.2879027369999,-69.8033835619999,0
			-33.2877697529999,-69.803004131,0
			-33.2874185009999,-69.8024641659999,0
			-33.2871683169999,-69.801650734,0
			-33.2873662489999,-69.800896471,0
			-33.2881085029999,-69.799914912,0
			-33.2888567489999,-69.7995051609999,0
			-33.2898523979999,-69.7990914129999,0
			-33.2914740559999,-69.798788584,0
			-33.292782307,-69.7982053949999,0
			-33.2936297569998,-69.798121522,0
			-33.294333609,-69.797835649,0
			-33.2951998709999,-69.7973418459999,0
			-33.2957085959999,-69.7970187289999,0
			-33.2965642549999,-69.7967030739999,0
			-33.29824601,-69.7962222,0
			-33.299530131,-69.7958167999999,0
			-33.30004263,-69.7952614879999,0
			-33.300568998,-69.7945009269999,0
			-33.3009374219999,-69.7938395889999,0
			-33.301661982,-69.7932944449998,0
			-33.3030784179999,-69.793145011,0
			-33.3039364959999,-69.7929926319999,0
			-33.3053958369999,-69.7922562989999,0
			-33.306754929,-69.792026424,0
			-33.3071723619999,-69.7915686539999,0
			-33.307870489,-69.7911463279999,0
			-33.3083815539999,-69.790987177,0
			-33.309017992,-69.79070253,0
			-33.3094353769999,-69.7901353579999,0
			-33.310125405,-69.789521801,0
			-33.310577853,-69.7891449259999,0
			-33.3116357639999,-69.787856528,0
			-33.3127501609999,-69.786840178,0
			-33.3131868149999,-69.786517875,0
			-33.3135603799999,-69.786088078,0
			-33.313850714,-69.7856049049999,0
			-33.3139853069999,-69.78516583,0
			-33.314476538,-69.7842148599999,0
			-33.315030689,-69.7837956399999,0
			-33.3154214199999,-69.783665018,0
			-33.3161984929999,-69.7835147919999,0
			-33.316697769,-69.783395786,0
			-33.3177972429999,-69.7834165349998,0
			-33.3183921119999,-69.7833240789999,0
			-33.3194480019999,-69.7824170849999,0
			-33.3198114579999,-69.781959602,0
			-33.3208082829999,-69.781572899,0
			-33.321656646,-69.7807653969999,0
			-33.3227984499999,-69.780294237,0
			-33.3234601529999,-69.7800770239999,0
			-33.3240971289999,-69.7799149439999,0
			-33.3250573029999,-69.7795156359999,0
			-33.325646777,-69.7790808069999,0
			-33.326421868,-69.778561896,0
			-33.327015633,-69.7785504549999,0
			-33.327756205,-69.778386815,0
			-33.3286749389999,-69.7770050839999,0
			-33.3291426199999,-69.7766084029999,0
			-33.3295431829999,-69.7765549939999,0
			-33.330293183,-69.7764049919999,0
			-33.3308031839999,-69.7763949899999,0
			-33.3317431849999,-69.776644988,0
			-33.3326931839999,-69.7766349839999,0
			-33.3327968359999,-69.776504928,0
			-33.3332976399999,-69.7758765269999,0
			-33.334298826,-69.775857491,0
			-33.3350416029999,-69.7754462109999,0
			-33.335383862,-69.774772458,0
			-33.3392311079999,-69.772514724,0
			-33.3408116489999,-69.7712197319999,0
			-33.3415849739999,-69.7709222999999,0
			-33.3431649189999,-69.7698135569999,0
			-33.345927489,-69.769613595,0
			-33.348544896,-69.7698812849999,0
			-33.349295761,-69.769893748,0
			-33.3505108659999,-69.7699139169999,0
			-33.352152256,-69.7705613529999,0
			-33.3526050679999,-69.7707399659999,0
			-33.3537947169999,-69.770778492,0
			-33.35388211,-69.7707813229999,0
			-33.354574354,-69.7706523919999,0
			-33.3550590039999,-69.770506633,0
			-33.355346528,-69.7704583399999,0
			-33.3557921469999,-69.77038349,0
			-33.3560603749999,-69.770268158,0
			-33.356806105,-69.770352421,0
			-33.3575223659999,-69.770356179,0
			-33.3579725979999,-69.7704780559998,0
			-33.3587178069999,-69.7706797849999,0
			-33.3594156299999,-69.770857661,0
			-33.359688626,-69.770927248,0
			-33.3602406609999,-69.7710033929999,0
			-33.361192445,-69.7713841069999,0
			-33.361527828,-69.7715234239999,0
			-33.361631179,-69.771544391,0
			-33.362262223,-69.7716688309999,0
			-33.3625957229999,-69.7719670309999,0
			-33.3632291579999,-69.772230169,0
			-33.363789718,-69.7724512569999,0
			-33.36406929,-69.7724544629999,0
			-33.3646856599999,-69.772443004,0
			-33.364997392,-69.7725738799999,0
			-33.3652010149999,-69.7727065269999,0
			-33.3659098279999,-69.7729665729998,0
			-33.3663680769999,-69.773223886,0
			-33.3685021499999,-69.773458997,0
			-33.3705746609999,-69.7736041429999,0
			-33.3737237879999,-69.7742849389999,0
			-33.3768635759999,-69.77521028,0
			-33.378969399,-69.7766022619999,0
			-33.3808127999999,-69.777690529,0
			-33.3837746459999,-69.7782252989999,0
			-33.3856538969999,-69.7800581389999,0
			-33.3884003309999,-69.7827367419999,0
			-33.3911087129999,-69.7848252109999,0
			-33.392863565,-69.7869072389999,0
			-33.394339488,-69.7896466829998,0
			-33.394731044,-69.791548494,0
			-33.39565943,-69.79365896,0
			-33.3968522169999,-69.795243167,0
			-33.391138455,-69.8157284609999,0
			-33.3917432209998,-69.8146720489999,0
			-33.393012294,-69.8124551239999,0
			-33.3936249769999,-69.8116754599999,0
			-33.3946043609999,-69.810442307,0
			-33.3948063949999,-69.8100812829999,0
			-33.3951390469999,-69.8096912629999,0
			-33.3965788629999,-69.8071992599999,0
			-33.3967641689999,-69.807001148,0
			-33.3988118629999,-69.8052459729999,0
			-33.399137582,-69.8050599439999,0
			-33.3995364149999,-69.8047526559999,0
			-33.4022211809999,-69.8031184239998,0
			-33.4022629939999,-69.8030521019999,0
			-33.402457844,-69.80296357,0
			-33.4032374329999,-69.802334619,0
			-33.4035328109999,-69.8017553869998,0
			-33.4040146499999,-69.801008634,0
			-33.4052871599999,-69.8001118719999,0
			-33.4058644389999,-69.7998143779999,0
			-33.4068095289999,-69.7994821029999,0
			-33.4074273719999,-69.7991842659998,0
			-33.4080783279999,-69.7988360429999,0
			-33.4083256829999,-69.7987037219999,0
			-33.409441041,-69.7983545709998,0
			-33.410414822,-69.798064203,0
			-33.4114982639999,-69.7977027629999,0
			-33.4121114449999,-69.7974315079999,0
			-33.4126908109999,-69.7971102829999,0
			-33.41288451,-69.7971073719999,0
			-33.415151763,-69.7970732969999,0
			-33.4159587889999,-69.797456934,0
			-33.4164882649998,-69.797460966,0
			-33.4172827829999,-69.797733787,0
			-33.418895553,-69.7968420999999,0
			-33.4196325009999,-69.796216882,0
			-33.4207757409999,-69.7959757579998,0
			-33.4217710779999,-69.7957599589999,0
			-33.4222160419999,-69.7957952079999,0
			-33.4228701939999,-69.7959735359999,0
			-33.4230116969999,-69.796036145,0
			-33.4240922989999,-69.7971847279999,0
			-33.4244370439999,-69.7985131739999,0
			-33.4243523719999,-69.7989826329999,0
			-33.4243612769999,-69.7995156329999,0
			-33.424362786,-69.799653954,0
			-33.4240352099999,-69.8036949349999,0
			-33.4240478749999,-69.803790879,0
			-33.4243319349999,-69.8059429279999,0
			-33.4241760749999,-69.807162907,0
			-33.424440132,-69.8076253699999,0
			-33.4248230659999,-69.8081355099999,0
			-33.4251001719999,-69.808504667,0
			-33.4256847549999,-69.8092834369999,0
			-33.425708315,-69.809321627,0
			-33.4264337299999,-69.8108904189999,0
			-33.42700883,-69.8116238919999,0
			-33.4276631819999,-69.8138546339999,0
			-33.428317534,-69.8159366639999,0
			-33.4285745059998,-69.8163349679999,0
			-33.4287085029999,-69.816952837,0
			-33.4292957429999,-69.8180756089999,0
			-33.429452867,-69.8181858729999,0
			-33.430112181,-69.818648562,0
			-33.430866032,-69.818908458,0
			-33.4312856669999,-69.8190377979999,0
			-33.4321371579999,-69.8191582399999,0
			-33.433042639,-69.81916939,0
			-33.4342436329999,-69.8189286399999,0
			-33.435338515,-69.8186224629999,0
			-33.435984842,-69.8181463079999,0
			-33.4370375479999,-69.8172659229999,0
			-33.4382717929999,-69.81620488,0
			-33.4391090409999,-69.8152332499999,0
			-33.4395188629999,-69.8149115279999,0
			-33.439777304,-69.8146328999999,0
			-33.440141104,-69.8146132079999,0
			-33.4406163949999,-69.814672732,0
			-33.441264237,-69.814661073,0
			-33.4421223239999,-69.8145085149999,0
			-33.442855084,-69.8144822259999,0
			-33.443615775,-69.8149054169999,0
			-33.4443841609999,-69.8151919009999,0
			-33.444887372,-69.815702329,0
			-33.4456809119999,-69.815837554,0
			-33.446474318,-69.8163971599999,0
			-33.4470449149999,-69.8169062119999,0
			-33.4478860099999,-69.817314686,0
			-33.4483451039998,-69.817634353,0
			-33.4490884149999,-69.818181449,0
			-33.449952545,-69.818602588,0
			-33.4505174409999,-69.8188663259999,0
			-33.451495097,-69.819203579,0
			-33.452115654,-69.8203683139999,0
			-33.452389414,-69.820991857,0
			-33.4527011909999,-69.8213411999999,0
			-33.453562819,-69.821380437,0
			-33.4545075719999,-69.821363167,0
			-33.4550845859999,-69.8213804169999,0
			-33.456056383,-69.8213627859999,0
			-33.4568700469999,-69.821225015,0
			-33.4576287049999,-69.821170374,0
			-33.4583328639999,-69.821212273,0
			-33.4593198499999,-69.821344196,0
			-33.4601617969998,-69.821342966,0
			-33.4604990999999,-69.8211181,0
			-33.4609561739999,-69.820959946,0
			-33.4614885849999,-69.820772441,0
			-33.461679068,-69.8204817469999,0
			-33.46193023,-69.8193836159999,0
			-33.4625749069999,-69.818866493,0
			-33.463522064,-69.818261316,0
			-33.46474634,-69.8173912639999,0
			-33.4651662549999,-69.8170968869998,0
			-33.466592157,-69.8167431809999,0
			-33.467407653,-69.816113092,0
			-33.4680759139999,-69.8155130879999,0
			-33.468842175,-69.8152121469998,0
			-33.469370168,-69.8151336019999,0
			-33.4698968739999,-69.8154526499999,0
			-33.4702366929999,-69.8157198759999,0
			-33.470713018,-69.8163400599999,0
			-33.471254179,-69.816685263,0
			-33.4715323469999,-69.8170910379999,0
			-33.4718505329999,-69.81759047,0
			-33.4719369869999,-69.818149439,0
			-33.472016143,-69.8187497769999,0
			-33.4722286769999,-69.819415292,0
			-33.4725326609999,-69.8197927579999,0
			-33.4727929819999,-69.8205267049999,0
			-33.472933193,-69.820865516,0
			-33.473220469,-69.8214889879999,0
			-33.4736956289999,-69.822191382,0
			-33.4737949089999,-69.822517824,0
			-33.47387126,-69.823159413,0
			-33.473915389,-69.823568387,0
			-33.4740050899999,-69.8239901329999,0
			-33.474186854,-69.8248892849999,0
			-33.4742855649999,-69.8253112079999,0
			-33.4745120809999,-69.8259908179999,0
			-33.4746415989999,-69.826179839,0
			-33.4749899999999,-69.8266520109999,0
			-33.475276579,-69.8270438989999,0
			-33.4757239269999,-69.827513579,0
			-33.4760807539999,-69.8278630259999,0
			-33.4767615489998,-69.828315366,0
			-33.477190187,-69.828444377,0
			-33.4780149269999,-69.8288942179999,0
			-33.478964015,-69.8294105879999,0
			-33.4796198829999,-69.8295898269999,0
			-33.480022122,-69.82973306,0
			-33.4807927499999,-69.829965245,0
			-33.4812291769999,-69.8299573259999,0
			-33.482087351,-69.829914989,0
			-33.48265879,-69.8300139019999,0
			-33.4836125549999,-69.8299967219999,0
			-33.484339733,-69.829942643,0
			-33.4849735579999,-69.830026457,0
			-33.485364977,-69.8300199619999,0
			-33.4858914869999,-69.830119512,0
			-33.4862486479999,-69.8302634729999,0
			-33.4868527839999,-69.8303894259999,0
			-33.4870801009999,-69.830658687,0
			-33.4882154059999,-69.8311035419999,0
			-33.4892213699999,-69.8317965479999,0
			-33.4904756359999,-69.831964973,0
			-33.4907950079998,-69.831959475,0
			-33.491516611,-69.831987628,0
			-33.4920211539999,-69.832101359,0
			-33.492688739,-69.8321307619999,0
			-33.4931105719999,-69.8322050789999,0
			-33.4938698839999,-69.8322732789999,0
			-33.49424771,-69.832266311,0
			-33.4947029639999,-69.8324910429999,0
			-33.495128085,-69.8325376199999,0
			-33.495954132,-69.832372854,0
			-33.4964190109999,-69.8320772039999,0
			-33.4970916019999,-69.8320102649999,0
			-33.4983351299999,-69.8321383079999,0
			-33.4990753369999,-69.832179519,0
			-33.499479709,-69.8322683149999,0
			-33.5002114,-69.8323234699999,0
			-33.5010327069999,-69.8318297819999,0
			-33.501649055,-69.8317098269999,0
			-33.502119331,-69.831865223,0
			-33.5028951859999,-69.832330197,0
			-33.503341776,-69.832458737,0
			-33.5037356459999,-69.8327247999999,0
			-33.5039543039999,-69.8327863379999,0
			-33.504054594,-69.832815344,0
			-33.504408693,-69.8327767549999,0
			-33.504977846,-69.832928963,0
			-33.5056908769999,-69.832968428,0
			-33.506318399,-69.832900794,0
			-33.507051595,-69.8327757849999,0
			-33.5077223259999,-69.8325571269999,0
			-33.5086204499999,-69.8328253889999,0
			-33.509780302,-69.833211177,0
			-33.5104720919998,-69.833497143,0
			-33.5113478969999,-69.8338756379999,0
			-33.512112961,-69.834405848,0
			-33.513607431,-69.8350444189999,0
			-33.5144184059999,-69.8351640559999,0
			-33.514904272,-69.8351539929999,0
			-33.5153767679999,-69.8353629949999,0
			-33.5158415429999,-69.8359272279999,0
			-33.5167125629999,-69.8368382369999,0
			-33.5181442179999,-69.838557728,0
			-33.518608833,-69.8397650409999,0
			-33.519011264,-69.841314639,0
			-33.5192829009999,-69.842429339,0
			-33.5196500439999,-69.8433516139999,0
			-33.5199331709999,-69.8447398069999,0
			-33.5201835139999,-69.84610105,0
			-33.5203094569999,-69.8469596919999,0
			-33.5207857989999,-69.8481253799999,0
			-33.521595035,-69.8492841039999,0
			-33.5224999129999,-69.850468045,0
			-33.5229624569999,-69.8511965449999,0
			-33.523541146,-69.852332776,0
			-33.5239076449998,-69.853241015,0
			-33.5243263279999,-69.85388813,0
			-33.5247631469999,-69.8547545589999,0
			-33.5255645559999,-69.8561597089999,0
			-33.5262940449999,-69.8565949299999,0
			-33.5271991039999,-69.8570277429999,0
			-33.527718787,-69.857180991,0
			-33.528201343,-69.8573076719999,0
			-33.5289936879999,-69.8574144739999,0
			-33.5296764399999,-69.8574821729999,0
			-33.5301995799999,-69.857936297,0
			-33.530666621,-69.858446246,0
			-33.5311171609999,-69.858778356,0
			-33.5315869769999,-69.8593566269999,0
			-33.5322125869999,-69.8601091869999,0
			-33.5325608249999,-69.860362045,0
			-33.5330739609998,-69.861116506,0
			-33.5333350949999,-69.8615485699999,0
			-33.5336105019999,-69.862541011,0
			-33.5338564989999,-69.8631514149998,0
			-33.5343963399999,-69.864438698,0
			-33.5349202179999,-69.86534382,0
			-33.5353872519999,-69.8660721969999,0
			-33.5365982169999,-69.8680160229999,0
			-33.5378394169999,-69.869931798,0
			-33.538670365,-69.8709673829999,0
			-33.5394770349999,-69.8715251519999,0
			-33.5403380419999,-69.8716582909999,0
			-33.540992038,-69.8719045809999,0
			-33.5418406959999,-69.8719551029999,0
			-33.5425290349999,-69.8719412799999,0
			-33.543215066,-69.871982052,0
			-33.5437233929998,-69.8719720699999,0
			-33.544181634,-69.871729789,0
			-33.544513351,-69.8715865609999,0
			-33.5453259489999,-69.8716378679999,0
			-33.5461543389999,-69.8717440399999,0
			-33.5476192859999,-69.87178231,0
			-33.5497974749999,-69.8722986029999,0
			-33.5516578329999,-69.872643447,0
			-33.552678585,-69.8728277279999,0
			-33.5532078279999,-69.872994713,0
			-33.5538534459999,-69.8732549139999,0
			-33.5544666049999,-69.873707344,0
			-33.5551583609999,-69.8739936989999,0
			-33.5554547479999,-69.8740829879999,0
			-33.556186838,-69.8739314279999,0
			-33.5569813459999,-69.8736557989999,0
			-33.557685358,-69.873368134,0
			-33.5583470939998,-69.8730398849999,0
			-33.5589925789999,-69.8727534769999,0
			-33.5604694569998,-69.8717793769999,0
			-33.562292737,-69.87057953,0
			-33.563644288,-69.8697316329999,0
			-33.5648597819999,-69.869077392,0
			-33.566064802,-69.8688203659999,0
			-33.567759192,-69.8688536659999,0
			-33.569767849,-69.8689765249999,0
			-33.5709708889999,-69.869211794,0
			-33.5720488699999,-69.869148545,0
			-33.573059319,-69.8687591829998,0
			-33.5735214119999,-69.868503872,0
			-33.573819778,-69.868100837,0
			-33.5746385649999,-69.8679749569999,0
			-33.575096844,-69.8678422019999,0
			-33.5761674249998,-69.867601174,0
			-33.577065327,-69.8672137419999,0
			-33.577953126,-69.866908204,0
			-33.5792289779999,-69.8666219849999,0
			-33.5800510599999,-69.866468313,0
			-33.580795447,-69.8662889669999,0
			-33.5815456299999,-69.866136863,0
			-33.5820938319999,-69.8660027789999,0
			-33.5826802109999,-69.8657030289999,0
			-33.5831744669999,-69.865570079,0
			-33.5839082519999,-69.8654592919999,0
			-33.5846218519999,-69.865403476,0
			-33.5850594619999,-69.8655314329999,0
			-33.58579607,-69.8655980219999,0
			-33.5861886339999,-69.865617038,0
			-33.5867796529999,-69.865646512,0
			-33.587446067,-69.8657555709999,0
			-33.5882356719999,-69.8659036459999,0
			-33.5893578169999,-69.86635962,0
			-33.590261573,-69.8666549549999,0
			-33.5914471009999,-69.8667957059999,0
			-33.5924892299999,-69.867061361,0
			-33.5931657219999,-69.8671972909999,0
			-33.59395869,-69.867318411,0
			-33.594820359,-69.8676835359999,0
			-33.595827527,-69.8675396479999,0
			-33.5960677899999,-69.8692040829999,0
			-33.59675838,-69.8704348759999,0
			-33.5979145229999,-69.8718202859999,0
			-33.598774142,-69.872568198,0
			-33.5997811459999,-69.8735060249999,0
			-33.600581506,-69.874022752,0
			-33.601178889,-69.8743115839999,0
			-33.6020090949999,-69.8747868629999,0
			-33.6028346279999,-69.8748253089998,0
			-33.6038731699998,-69.874571349,0
			-33.604806023,-69.8743741529999,0
			-33.6057851689998,-69.874641603,0
			-33.606396569,-69.8749436659999,0
			-33.607333475,-69.8750615639999,0
			-33.607918395,-69.875158776,0
			-33.6090506139999,-69.8757515059999,0
			-33.6098286109999,-69.8765971869999,0
			-33.6113697439999,-69.877277363,0
			-33.6128615059999,-69.8781777389999,0
			-33.614240614,-69.8787518559999,0
			-33.6153271799998,-69.8791125829999,0
			-33.6164525679999,-69.8795409169999,0
			-33.617205769,-69.8800048649999,0
			-33.6186456569999,-69.880851219,0
			-33.6199614689999,-69.8792507809999,0
			-33.6211312649999,-69.8778171409999,0
			-33.6215425099999,-69.877203547,0
			-33.6217155019999,-69.8770882179999,0
			-33.6220651499999,-69.8768045369998,0
			-33.6226940929999,-69.8766358719999,0
			-33.6233507159999,-69.876185224,0
			-33.623606454,-69.875837638,0
			-33.623895907,-69.875434308,0
			-33.6241355549999,-69.875008462,0
			-33.624728047,-69.8749457409999,0
			-33.6254979569998,-69.875086907,0
			-33.6256616909999,-69.875106078,0
			-33.6265298669999,-69.875331425,0
			-33.6272574829999,-69.8754888569999,0
			-33.628289577,-69.8757193169999,0
			-33.6289320889999,-69.875731043,0
			-33.6292626979999,-69.875805121,0
			-33.6296059749999,-69.875882041,0
			-33.630043793,-69.876091436,0
			-33.6304932859999,-69.8760955779999,0
			-33.630873289,-69.8759255809999,0
			-33.631546901,-69.875716858,0
			-33.6321583329999,-69.8752418909999,0
			-33.632480379,-69.8748351039999,0
			-33.63307049,-69.8744543939999,0
			-33.633641564,-69.874168864,0
			-33.6340984229999,-69.873997547,0
			-33.6345933529999,-69.8739214089999,0
			-33.6349931029999,-69.8739214149999,0
			-33.6365921029998,-69.87382625,0
			-33.6375058179999,-69.8740166149999,0
			-33.6377318749999,-69.87412238,0
			-33.6384759149999,-69.874470495,0
			-33.6390739139998,-69.8745986419999,0
			-33.6406538439999,-69.8747649859999,0
			-33.6412316179999,-69.87502762,0
			-33.641518925,-69.8753599359999,0
			-33.641813822,-69.8757762719999,0
			-33.6423627309999,-69.8761737649999,0
			-33.6426378449999,-69.876571535,0
			-33.6432498379999,-69.8769968939999,0
			-33.6439168009999,-69.8771200839999,0
			-33.644813206,-69.8772384499999,0
			-33.64511378,-69.8773027109999,0
			-33.6453402339999,-69.8773511279999,0
			-33.645388463,-69.877377457,0
			-33.6454067999999,-69.8773824469999,0
			-33.646090897,-69.8774716799999,0
			-33.6465667909999,-69.877233739,0
			-33.6467452549999,-69.8766983609999,0
			-33.6480633219999,-69.875745746,0
			-33.6485233279999,-69.8751557509999,0
			-33.6493852949999,-69.8742903669999,0
			-33.650003351,-69.87329576,0
			-33.6503633569999,-69.8726257619999,0
			-33.6506233679999,-69.871725762,0
			-33.650953376,-69.8708257659999,0
			-33.6513133819999,-69.8703157669999,0
			-33.6518599829998,-69.8699692829999,0
			-33.6521489049999,-69.8700990069999,0
			-33.6527927269999,-69.870388077,0
			-33.6533295289999,-69.8708639749999,0
			-33.6541672509999,-69.871577279,0
			-33.6553663359999,-69.8726723899999,0
			-33.656413291,-69.8738335799999,0
			-33.6573269939999,-69.874728266,0
			-33.6581645599999,-69.8753754909999,0
			-33.6585072,-69.8759275299999,0
			-33.6585720539998,-69.8766201579999,0
			-33.6586493579998,-69.8774457309999,0
			-33.6586493579998,-69.87821651,0
			-33.6586493579998,-69.8782487989999,0
			-33.6585990249998,-69.8792561399999,0
			-33.6587355959999,-69.879315888,0
			-33.659440866,-69.8795107719998,0
			-33.6596917449999,-69.879580097,0
			-33.660723171,-69.8797885489999,0
			-33.6618321889998,-69.8799306049999,0
			-33.6631679849999,-69.8803278499998,0
			-33.6642258569999,-69.880648583,0
			-33.665315312,-69.8810779779999,0
			-33.666166779,-69.881197728,0
			-33.6672140059999,-69.8814774669999,0
			-33.668023279,-69.8815566759999,0
			-33.6692891559999,-69.881791028,0
			-33.6708745789999,-69.882128414,0
			-33.6716315629999,-69.8821861339999,0
			-33.6717282819999,-69.8821935079999,0
			-33.672314322,-69.882318257,0
			-33.672868009,-69.881882784,0
			-33.6733948309999,-69.881557314,0
			-33.6737818309999,-69.881613855,0
			-33.6782465029999,-69.8822661739999,0
			-33.679382728,-69.8827358189999,0
			-33.680617339,-69.8835188859998,0
			-33.681631507,-69.8839776809999,0
			-33.682564477,-69.8842191289999,0
			-33.6833068489998,-69.884313074,0
			-33.6837758819999,-69.8843310469999,0
			-33.684522468,-69.8838773529999,0
			-33.68523527,-69.8832607809999,0
			-33.6858570409999,-69.8827275799999,0
			-33.686275634,-69.881966221,0
			-33.6867280449999,-69.8812586669999,0
			-33.6869836299999,-69.8805823299999,0
			-33.6873617919999,-69.8798212459999,0
			-33.6876517429999,-69.8794324029999,0
			-33.6880889209999,-69.8786833089999,0
			-33.688423701,-69.8779645399999,0
			-33.68930406,-69.8772618279999,0
			-33.6900848679999,-69.87665717,0
			-33.690936012,-69.8760100799999,0
			-33.691752234,-69.875390468,0
			-33.69267353,-69.8745910699999,0
			-33.6932317369999,-69.8742649189999,0
			-33.693856274,-69.873690443,0
			-33.694373417,-69.8733512259999,0
			-33.69509261,-69.873213455,0
			-33.6959838599999,-69.8730991659999,0
			-33.696802491,-69.8727535279999,0
			-33.6973495589999,-69.8725916449999,0
			-33.6981567459998,-69.871972483,0
			-33.699277848,-69.8716485309999,0
			-33.7004210349999,-69.871419466,0
			-33.701322927,-69.8713462759999,0
			-33.7022975059999,-69.871285486,0
			-33.7033940259999,-69.8711258599999,0
			-33.7041321569999,-69.870795718,0
			-33.7046627739998,-69.8703466099999,0
			-33.7051472949998,-69.869980308,0
			-33.7057078399999,-69.869708557,0
			-33.7062722039999,-69.8693139659998,0
			-33.7077263099999,-69.8690919629999,0
			-33.7091232229998,-69.8692282099999,0
			-33.710345328,-69.868408454,0
			-33.7120764289999,-69.8668384439999,0
			-33.7137272549999,-69.865503439,0
			-33.7150616799999,-69.8645718139999,0
			-33.7158577939999,-69.8643364849999,0
			-33.7164763739999,-69.864268596,0
			-33.7172446779999,-69.864554707,0
			-33.7178250719999,-69.865624574,0
			-33.718582001,-69.8664994209999,0
			-33.719573278,-69.8671643559999,0
			-33.7208196809999,-69.8677965069999,0
			-33.7219446599999,-69.8682115389999,0
			-33.723282952,-69.8689924879999,0
			-33.7246795139999,-69.870415975,0
			-33.725806083,-69.871735626,0
			-33.7269399109999,-69.8731236469999,0
			-33.7275511339999,-69.874179681,0
			-33.7284476729999,-69.8742987689999,0
			-33.729320506,-69.8744999469998,0
			-33.729459564,-69.8745561019999,0
			-33.729837979,-69.8747089249999,0
			-33.73100084,-69.8753830579999,0
			-33.7323334729999,-69.876696556,0
			-33.7335734669999,-69.8776565699999,0
			-33.7345434639999,-69.877876581,0
			-33.735143464,-69.877886587,0
			-33.7353227949999,-69.877743456,0
			-33.7357278899999,-69.8777536919999,0
			-33.7362860759999,-69.8773168629999,0
			-33.7368127719999,-69.8768819209998,0
			-33.737258965,-69.876746044,0
			-33.7374396939999,-69.8766910059999,0
			-33.737989037,-69.8765834869998,0
			-33.7385639249999,-69.876873916,0
			-33.7388425519999,-69.877402316,0
			-33.7396151099999,-69.878331766,0
			-33.7403163279999,-69.8792769519999,0
			-33.740466827,-69.8794946999999,0
			-33.741531343,-69.880252307,0
			-33.7429120189999,-69.881580043,0
			-33.744072144,-69.8827513359999,0
			-33.7449644439999,-69.8849642359999,0
			-33.746070892,-69.885892224,0
			-33.7475161749999,-69.8880612089999,0
			-33.748696676,-69.889422625,0
			-33.7495811169999,-69.8899138439999,0
			-33.7497609439999,-69.8900835859999,0
			-33.750408824,-69.890695135,0
			-33.7514840679999,-69.8914300169999,0
			-33.7537477279998,-69.893353673,0
			-33.7539230859999,-69.893577189,0
			-33.7540560559999,-69.8937916999999,0
			-33.75480263,-69.894996114,0
			-33.7557077099999,-69.896457029,0
			-33.7557474329999,-69.896483884,0
			-33.7570571079999,-69.897369258,0
			-33.757531236,-69.8976897899999,0
			-33.760786067,-69.899789244,0
			-33.7621566399999,-69.899617937,0
			-33.763584313,-69.900303236,0
			-33.7663254549998,-69.900645905,0
			-33.7673714319999,-69.9016265289999,0
			-33.7685403909999,-69.9027224499999,0
			-33.769636744,-69.9029246059999,0
			-33.7699677889998,-69.9033594909999,0
			-33.7703800309999,-69.9039010549999,0
			-33.7710615229998,-69.9037920229999,0
			-33.7711642949999,-69.9038222069999,0
			-33.7717054909999,-69.903951835,0
			-33.7724413349999,-69.9041062439999,0
			-33.7731974489999,-69.904206373,0
			-33.7741261569999,-69.904235505,0
			-33.774654945,-69.9041731139999,0
			-33.7752814649999,-69.9040826419999,0
			-33.775819746,-69.903924623,0
			-33.7760250209999,-69.9038224919998,0
			-33.7768902499999,-69.903958222,0
			-33.7787176849999,-69.9034442769999,0
			-33.7799729069999,-69.9028166799999,0
			-33.780338974,-69.90263365,0
			-33.7803781719999,-69.90261405,0
			-33.7804309069999,-69.9025876849999,0
			-33.780641675,-69.9022028219999,0
			-33.7809787479999,-69.9015873219999,0
			-33.7817443929999,-69.9001891959999,0
			-33.7820299459999,-69.8983617689999,0
			-33.7828292199999,-69.8977805009999,0
			-33.783823592,-69.897358793,0
			-33.7845912649999,-69.896977573,0
			-33.7847081629999,-69.8969305579999,0
			-33.7852816989999,-69.8968867219999,0
			-33.786858093,-69.8962621119999,0
			-33.7895647299999,-69.895280585,0
			-33.789585684,-69.895212191,0
			-33.789917513,-69.8951238349999,0
			-33.7903756269999,-69.894445396,0
			-33.7912865079999,-69.8936106899999,0
			-33.791334079,-69.8935613019999,0
			-33.792252176,-69.8937361869998,0
			-33.7934183809999,-69.894269887,0
			-33.7943976079999,-69.8949942559999,0
			-33.7956214829999,-69.895278114,0
			-33.7988765909999,-69.8954494659999,0
			-33.8020174849999,-69.8953352829999,0
			-33.8031953849999,-69.894514262,0
			-33.8055985939999,-69.8928390919999,0
			-33.8074997959999,-69.893085314,0
			-33.809098788,-69.893941936,0
			-33.8098173659998,-69.894678035,0
			-33.8114401599999,-69.8963404589999,0
			-33.8138957639999,-69.8966831239999,0
			-33.815205873,-69.896538517,0
			-33.8180645909998,-69.896511845,0
			-33.8215481259999,-69.8966831989999,0
			-33.8227473819999,-69.8960550319999,0
			-33.8237990879999,-69.894745824,0
			-33.8245706289999,-69.8945767529999,0
			-33.824582166,-69.8945787579999,0
			-33.8258286409999,-69.894795328,0
			-33.826667028,-69.894784366,0
			-33.8273757959999,-69.8947205739999,0
			-33.8278736829999,-69.8947819729999,0
			-33.828417932,-69.895529761,0
			-33.8285004319999,-69.8962148419998,0
			-33.828856886,-69.897101971,0
			-33.82921657,-69.8974130039999,0
			-33.8297408849999,-69.897679818,0
			-33.830429377,-69.897671256,0
			-33.831047472,-69.8972648189999,0
			-33.8317912659999,-69.8964179239999,0
			-33.8324080469999,-69.8957648109999,0
			-33.8331291339999,-69.895672646,0
			-33.8335858839999,-69.895721588,0
			-33.8347103469999,-69.8956930339999,0
			-33.8353790949999,-69.895546393,0
			-33.8355759919999,-69.8955032169999,0
			-33.835922372,-69.8953881049998,0
			-33.836444942,-69.8952854529999,0
			-33.8369606009999,-69.895991941,0
			-33.837407963,-69.8963565049999,0
			-33.838434849,-69.8970155819999,0
			-33.838779884,-69.8972991409998,0
			-33.8398967599999,-69.8979570549998,0
			-33.8411249289999,-69.8982561499999,0
			-33.842193156,-69.8985028449999,0
			-33.8429611949999,-69.898780846,0
			-33.843823577,-69.8989480119999,0
			-33.8446769339999,-69.8990051179999,0
			-33.8451089589999,-69.8989995489999,0
			-33.84596099,-69.898589923,0
			-33.8465808079999,-69.8984444689999,0
			-33.847064584,-69.8983832139999,0
			-33.8475803319998,-69.8983349539999,0
			-33.8478632659999,-69.8982074869999,0
			-33.8482134709999,-69.8977501769999,0
			-33.8482890049999,-69.897076505,0
			-33.8482820029999,-69.8963632769999,0
			-33.8481933079999,-69.895636709,0
			-33.8481162339999,-69.894539698,0
			-33.8481871239999,-69.893536494,0
			-33.848588078,-69.8922410599999,0
			-33.8489424359999,-69.891124441,0
			-33.8493502319999,-69.8899932239999,0
			-33.8498301929999,-69.889190819,0
			-33.8502858429999,-69.8883474179999,0
			-33.8504502389999,-69.88753553,0
			-33.8504650099999,-69.886807544,0
			-33.8504022129999,-69.8862729439999,0
			-33.8509116079999,-69.885853961,0
			-33.851243863,-69.885616181,0
			-33.851949792,-69.885483646,0
			-33.8527665319999,-69.8855272279999,0
			-33.853545093,-69.8855171989999,0
			-33.8542305629999,-69.885219121,0
			-33.8548542529999,-69.8848405229999,0
			-33.8552112829999,-69.8845473709998,0
			-33.855604668,-69.884047553,0
			-33.856282258,-69.8826937059999,0
			-33.8568310529999,-69.8816856609998,0
			-33.8570351029998,-69.8813108569999,0
			-33.8574896409999,-69.8804397029999,0
			-33.8580511229999,-69.879759237,0
			-33.858573808,-69.879120783,0
			-33.85895887,-69.8786349129999,0
			-33.859189994,-69.8776982099999,0
			-33.859358899,-69.8771052679999,0
			-33.8594875919999,-69.8760883359999,0
			-33.8596832489999,-69.875055881,0
			-33.8600175059998,-69.8745433449999,0
			-33.8603831659999,-69.8738110539999,0
			-33.86078613,-69.87321481,0
			-33.861658446,-69.8730795129999,0
			-33.8624138709999,-69.8729459479999,0
			-33.8631567629999,-69.8728393519999,0
			-33.864329082,-69.8721233769999,0
			-33.8652640229999,-69.8714379159999,0
			-33.8663598589999,-69.8707231669999,0
			-33.8671457469999,-69.8701356259999,0
			-33.867700762,-69.8698399519999,0
			-33.868134235,-69.869545342,0
			-33.8686511399999,-69.869415252,0
			-33.869371111,-69.8694051039999,0
			-33.8702524759999,-69.869379231,0
			-33.872132994,-69.869449936,0
			-33.8732209779999,-69.8696268649999,0
			-33.8757960499999,-69.8695095799999,0
			-33.8769593749999,-69.868903292,0
			-33.8780552389999,-69.868297718,0
			-33.8785437409999,-69.867920187,0
			-33.8793242359999,-69.867635158,0
			-33.8798608009999,-69.8675456299999,0
			-33.880544786,-69.867536253,0
			-33.8809262089999,-69.8676131949999,0
			-33.881167024,-69.8675555739999,0
			-33.8815052319999,-69.8671385009999,0
			-33.881841379,-69.8661317159999,0
			-33.8818407599999,-69.8652526239999,0
			-33.882066708,-69.8643022949998,0
			-33.8825241909999,-69.8631836799999,0
			-33.8828731309999,-69.8626984819999,0
			-33.8836145559999,-69.8621248369999,0
			-33.8843628349999,-69.860961011,0
			-33.8848796089999,-69.8594298749999,0
			-33.8856008829999,-69.8576211899999,0
			-33.8857070599999,-69.856823208,0
			-33.886632183,-69.8565495989999,0
			-33.8879495529998,-69.8566140589999,0
			-33.8893289359999,-69.8567597589999,0
			-33.890013369,-69.8566538259999,0
			-33.8906966109999,-69.856410919,0
			-33.8916011279999,-69.8557531289999,0
			-33.892238603,-69.855387408,0
			-33.8951892619999,-69.858436473,0
			-33.8971760829999,-69.86051043,0
			-33.898126556,-69.8617059589999,0
			-33.8982943399999,-69.8624868749998,0
			-33.8983446199999,-69.8628293709999,0
			-33.8989563439999,-69.863136862,0
			-33.8997149119999,-69.8635117529999,0
			-33.9002654319999,-69.8639706739999,0
			-33.900682542,-69.8643633969999,0
			-33.9009855309999,-69.864826475,0
			-33.9012566289999,-69.8654952329999,0
			-33.9018958499999,-69.8664617869998,0
			-33.9024153349999,-69.866825443,0
			-33.9030775359999,-69.8676955879999,0
			-33.9037806369999,-69.868359359,0
			-33.9049517299999,-69.869771911,0
			-33.905691098,-69.8708743299999,0
			-33.9061010619999,-69.8714180259999,0
			-33.9065205289999,-69.871975382,0
			-33.907064592,-69.872819506,0
			-33.9079064919999,-69.873357524,0
			-33.908690296,-69.8736906259999,0
			-33.9093375109999,-69.874093938,0
			-33.9100363969999,-69.874441428,0
			-33.9107588759999,-69.8748159219999,0
			-33.9112878789999,-69.8750838849999,0
			-33.91189879,-69.8751579199999,0
			-33.912411796,-69.8751507569999,0
			-33.9131672789999,-69.875237079,0
			-33.914225538,-69.8754564129999,0
			-33.9143620339999,-69.8766767989998,0
			-33.914781881,-69.8786491659999,0
			-33.915223375,-69.8800585299999,0
			-33.9150145259999,-69.8814205349999,0
			-33.915347078,-69.8823781819999,0
			-33.9157103629998,-69.883210933,0
			-33.9160355359999,-69.88399013,0
			-33.916408443,-69.8847265809998,0
			-33.9167557819999,-69.8851756519999,0
			-33.9173332789999,-69.8857445279999,0
			-33.917739604,-69.886096207,0
			-33.918176912,-69.886433941,0
			-33.9188987109999,-69.8874412269999,0
			-33.9192800659999,-69.8882736919999,0
			-33.9193889759999,-69.8888355239999,0
			-33.919761643,-69.8892427069999,0
			-33.920028439,-69.8894866169999,0
			-33.920420669,-69.8898242649999,0
			-33.9207000339999,-69.8902606169999,0
			-33.9212751519999,-69.8906650469999,0
			-33.9216531619999,-69.8906599409999,0
			-33.9222157799999,-69.8908720219999,0
			-33.9229433519999,-69.891260592,0
			-33.9234419909999,-69.8916661009999,0
			-33.9240929939999,-69.8919458489999,0
			-33.9246229059999,-69.892021566,0
			-33.9250932469998,-69.8920703379999,0
			-33.9257062089999,-69.8918696069999,0
			-33.9260746229999,-69.891740861,0
			-33.926545824,-69.8914871539999,0
			-33.9269902509999,-69.8915638409999,0
			-33.92790945,-69.8916890779999,0
			-33.9295992149999,-69.8916115879999,0
			-33.9315921399999,-69.89157067,0
			-33.9323185579999,-69.8918221599999,0
			-33.933327103,-69.892688267,0
			-33.93386276,-69.8930107269999,0
			-33.9342786089998,-69.8931566189999,0
			-33.934765403,-69.893493468,0
			-33.9350839519998,-69.893791778,0
			-33.9357119219999,-69.8940580459999,0
			-33.9377213729999,-69.8934401369999,0
			-33.9394206399999,-69.8925104919999,0
			-33.940226528,-69.8921841009999,0
			-33.9408954689998,-69.892353385,0
			-33.9413097289999,-69.8926777089998,0
			-33.941936106,-69.8931229459999,0
			-33.942578092,-69.8934026759999,0
			-33.9430146329999,-69.8935068719999,0
			-33.9437884829999,-69.8940324719999,0
			-33.944410364,-69.8945875159999,0
			-33.9451606349999,-69.895306405,0
			-33.949392261,-69.9007058819999,0
			-33.9510387119998,-69.9005601069999,0
			-33.9524033669999,-69.900679096,0
			-33.9532641819999,-69.900805192,0
			-33.9542170119999,-69.900765139,0
			-33.9552688409999,-69.9006138029999,0
			-33.9560929419999,-69.900507056,0
			-33.957475406,-69.901271328,0
			-33.958688325,-69.902396371,0
			-33.9596929239999,-69.9033865169998,0
			-33.960236665,-69.9039018089999,0
			-33.961235857,-69.9042183559999,0
			-33.9623562689999,-69.9049591249998,0
			-33.9629679519999,-69.9054873089999,0
			-33.9634638669999,-69.905934476,0
			-33.9647196849999,-69.9054919509999,0
			-33.96622552,-69.90445497,0
			-33.9671340779998,-69.9036731209999,0
			-33.9678818679999,-69.902921125,0
			-33.9687689219999,-69.901946687,0
			-33.9698007719999,-69.901204751,0
			-33.9707924659999,-69.900366519,0
			-33.9714726299999,-69.8996152569999,0
			-33.9720113279999,-69.898275113,0
			-33.9724389719999,-69.8976232339999,0
			-33.9727954239999,-69.8964501629999,0
			-33.9731868799999,-69.895358678,0
			-33.973171608,-69.894451718,0
			-33.9736585879999,-69.8932767959998,0
			-33.974215294,-69.892265844,0
			-33.9749145349999,-69.8913221669999,0
			-33.9752952689999,-69.8904095609999,0
			-33.9754084579999,-69.8890192859999,0
			-33.9754775179999,-69.8864615389999,0
			-33.975467706,-69.885361646,0
			-33.9758012259999,-69.884505271,0
			-33.976221556,-69.8838949889999,0
			-33.976478056,-69.8831350859999,0
			-33.9766214479999,-69.882363814,0
			-33.976604655,-69.8816351339999,0
			-33.9763582169999,-69.8809095859999,0
			-33.975782506,-69.880491556,0
			-33.9747347099999,-69.880093056,0
			-33.973270092,-69.880168238,0
			-33.97224503,-69.879989369,0
			-33.971306022,-69.87982292,0
			-33.9704691079999,-69.8790788429999,0
			-33.9693442089999,-69.8784478919999,0
			-33.9685519069999,-69.878128685,0
			-33.967779798,-69.8777542729999,0
			-33.967250881,-69.877486198,0
			-33.966488682,-69.8768092719999,0
			-33.9657119679999,-69.876105518,0
			-33.9645724209999,-69.874155032,0
			-33.9644479799998,-69.8732223109999,0
			-33.9639716059999,-69.871950038,0
			-33.9635469909999,-69.870732662,0
			-33.9634176149999,-69.8694699779999,0
			-33.9634081419999,-69.868164183,0
			-33.9634561939999,-69.8665138819999,0
			-33.963488979,-69.8635311249999,0
			-33.9637591819999,-69.860627361,0
			-33.9636847369999,-69.8586351589999,0
			-33.9635590889999,-69.8577842949999,0
			-33.9633390459998,-69.8570457129999,0
			-33.963605604,-69.8563136949999,0
			-33.963826943,-69.8555816639999,0
			-33.9635763819999,-69.85465055,0
			-33.9635336639998,-69.853524325,0
			-33.9639003789999,-69.853464413,0
			-33.964283366,-69.8540087549999,0
			-33.9648971779999,-69.8546876149999,0
			-33.9654739439999,-69.8549135469999,0
			-33.9693619029999,-69.8544335409999,0
			-33.9719323779999,-69.8537791999999,0
			-33.974217583,-69.852977783,0
			-33.9753838679999,-69.8521230389999,0
			-33.9768757589999,-69.850549305,0
			-33.9782041929999,-69.8492664489999,0
			-33.979253677,-69.848096429,0
			-33.980307968,-69.8472571299999,0
			-33.9813149889999,-69.846253718,0
			-33.981917832,-69.8457086,0
			-33.9825272969999,-69.845425075,0
			-33.983449148,-69.8452889319999,0
			-33.9844552599999,-69.8452333519999,0
			-33.985416828,-69.8449725459998,0
			-33.987312158,-69.8442180079999,0
			-33.9884893759998,-69.843623701,0
			-33.9894528359999,-69.842978311,0
			-33.990833111,-69.8419683119999,0
			-33.9920527569999,-69.8410992349999,0
			-33.9925609769999,-69.840872389,0
			-33.9929433259999,-69.8411830469999,0
			-33.993696229,-69.8415300019998,0
			-33.9941302269999,-69.8417854749999,0
			-33.9949119319999,-69.841636809,0
			-33.995592707,-69.84133875,0
			-33.9960457189999,-69.840974756,0
			-33.9965640189999,-69.8407751399999,0
			-33.9974406569999,-69.841491618,0
			-33.9981899619999,-69.842072647,0
			-33.998720743,-69.842381691,0
			-33.9991539029999,-69.8424028199998,0
			-34.000238383,-69.84196131,0
			-34.0010154479999,-69.8417026829999,0
			-34.001723066,-69.841184789,0
			-34.0023606669999,-69.840501466,0
			-34.00289142,-69.8402746359999,0
			-34.0035330539999,-69.8401140949999,0
			-34.0039701489999,-69.840122035,0
			-34.0042615229999,-69.8401989769999,0
			-34.00461287,-69.840202792,0
			-34.005204228,-69.839918182,0
			-34.0055229339999,-69.839790025,0
			-34.0067571069998,-69.8399078309999,0
			-34.007214248,-69.8397496329999,0
			-34.007735715,-69.8393024219999,0
			-34.0078445669999,-69.838572767,0
			-34.007808724,-69.837186103,0
			-34.007801312,-69.8365818079999,0
			-34.0077949,-69.8358948429999,0
			-34.0078384039999,-69.835537491,0
			-34.0081695159999,-69.834419224,0
			-34.008414546,-69.8337157289999,0
			-34.0087356939999,-69.8327899469999,0
			-34.0087549459998,-69.8323906589999,0
			-34.008994453,-69.831343509,0
			-34.0090822329999,-69.8308610509999,0
			-34.009187309,-69.8298295309999,0
			-34.009284668,-69.829360734,0
			-34.0093934559999,-69.8286315849999,0
			-34.009553324,-69.8278319579999,0
			-34.0096546059999,-69.8273499769999,0
			-34.0098883709999,-69.8267004579999,0
			-34.009883847,-69.826274316,0
			-34.0101259659999,-69.8255020009999,0
			-34.0102001289999,-69.825019663,0
			-34.010521051,-69.8238749659999,0
			-34.011269216,-69.8230387669998,0
			-34.0116672429999,-69.822867833,0
			-34.0121223469999,-69.822558342,0
			-34.01238366,-69.8223485619999,0
			-34.0127451299999,-69.8221643209999,0
			-34.0132026759999,-69.822019596,0
			-34.0137745439999,-69.821914384,0
			-34.0143425559999,-69.8218224449998,0
			-34.0148963939999,-69.821717768,0
			-34.015320968,-69.8216425439999,0
			-34.0155565379999,-69.82157011,0
			-34.0160747789998,-69.8217954,0
			-34.016629114,-69.8225557649999,0
			-34.0171641149999,-69.823069303,0
			-34.0177295199999,-69.8236647689999,0
			-34.0181792999999,-69.823973969,0
			-34.019227228,-69.8245887519998,0
			-34.0197040459999,-69.8248977789999,0
			-34.0208408889999,-69.825484167,0
			-34.0213254289999,-69.8257649759999,0
			-34.021760537,-69.8260466419999,0
			-34.022580674,-69.8265969809999,0
			-34.0238157389999,-69.827484273,0
			-34.0244688239999,-69.828023878,0
			-34.024926831,-69.8286341799999,0
			-34.0254962129999,-69.829326137,0
			-34.0258883909999,-69.829869972,0
			-34.026283931,-69.8304955679999,0
			-34.0265403249999,-69.830917324,0
			-34.0270411669999,-69.8315823769998,0
			-34.0272858229998,-69.8320460879999,0
			-34.0280672989999,-69.8327482349999,0
			-34.0292096719999,-69.8337880119999,0
			-34.0298172319999,-69.8344237109999,0
			-34.0307064839999,-69.8354410849999,0
			-34.0310985,-69.835874324,0
			-34.031500179,-69.836005335,0
			-34.031906856,-69.836465969,0
			-34.032197497,-69.8368464899999,0
			-34.0325842599999,-69.8376923269999,0
			-34.0335218529999,-69.839751953,0
			-34.0345545279999,-69.841288731,0
			-34.034988616,-69.8421885019999,0
			-34.0356171939999,-69.842467417,0
			-34.0362565569999,-69.8428970369999,0
			-34.0378356899999,-69.844260145,0
			-34.0388311709999,-69.845234132,0
			-34.0398435139999,-69.8457541989999,0
			-34.040753751,-69.84641357,0
			-34.0412923229999,-69.84669386,0
			-34.0421653569999,-69.846790308,0
			-34.0430395879999,-69.8470239759999,0
			-34.044367231,-69.8472234639999,0
			-34.0453060139999,-69.8472773549998,0
			-34.046022347,-69.8476098459999,0
			-34.04724743,-69.8481541149998,0
			-34.04835946,-69.848796678,0
			-34.0494318299999,-69.8491373569999,0
			-34.0501784399999,-69.8493320779999,0
			-34.051119628,-69.8495509319999,0
			-34.0523794489999,-69.8506036649998,0
			-34.0535056159999,-69.851795157,0
			-34.054577756,-69.8529878259999,0
			-34.055202857,-69.8537207799999,0
			-34.0556648619998,-69.8540024389999,0
			-34.056424987,-69.8541964659999,0
			-34.0575318169999,-69.8541794319999,0
			-34.058780773,-69.8538989469999,0
			-34.0615142749999,-69.8506962559999,0
			-34.0655149609998,-69.8501114549999,0
			-34.066338625,-69.8497828729999,0
			-34.066722908,-69.8493923779999,0
			-34.067015989,-69.848974955,0
			-34.067611622,-69.848897538,0
			-34.068091732,-69.8487520289999,0
			-34.0684182689999,-69.8484860289998,0
			-34.0687084349998,-69.847890928,0
			-34.0687534889998,-69.8474641849999,0
			-34.068973972,-69.846924578,0
			-34.0690758879999,-69.8465654269999,0
			-34.0694885289999,-69.8458856829999,0
			-34.0698985749999,-69.8453569199999,0
			-34.0702379829999,-69.8450767339999,0
			-34.0709465859999,-69.840515947,0
			-34.071200174,-69.837556617,0
			-34.071341134,-69.835451459,0
			-34.0712740689999,-69.8343938009999,0
			-34.071151755,-69.833736351,0
			-34.070972782,-69.8331210489999,0
			-34.0713457189999,-69.832674947,0
			-34.071778954,-69.832379378,0
			-34.0724570589999,-69.832231266,0
			-34.0733469849999,-69.832300252,0
			-34.0742665209999,-69.8327528,0
			-34.07517654,-69.8331923919998,0
			-34.0758108539999,-69.83360834,0
			-34.076488378,-69.8338728079999,0
			-34.0771749149999,-69.834137454,0
			-34.0789403889999,-69.8341503239999,0
			-34.0796827299999,-69.8341389569999,0
			-34.0803681349999,-69.8339497219999,0
			-34.0812818159999,-69.8337291589999,0
			-34.0824925939999,-69.8336134339999,0
			-34.0837881279999,-69.8337998059999,0
			-34.0844801109999,-69.8338712299999,0
			-34.0852816089999,-69.8339827099999,0
			-34.085666407,-69.8340316789999,0
			-34.0862558039999,-69.8340220969999,0
			-34.086983441,-69.8352617089999,0
			-34.0872236229999,-69.8361521109999,0
			-34.087715175,-69.8371341409999,0
			-34.0882228589999,-69.837428615,0
			-34.0893550109999,-69.837369971,0
			-34.0900836339999,-69.837138188,0
			-34.0905537799999,-69.8370757719999,0
			-34.0910274939998,-69.837205909,0
			-34.0914132679999,-69.8375990929999,0
			-34.091848312,-69.8383072989999,0
			-34.0920870549999,-69.8390591279999,0
			-34.0924572919999,-69.8396170759999,0
			-34.0936509059998,-69.840272322,0
			-34.0940664369999,-69.840623203,0
			-34.094910812,-69.8412150779999,0
			-34.095826535,-69.8422188339999,0
			-34.096247283,-69.843229693,0
			-34.097094409,-69.8452787599999,0
			-34.097537663,-69.8473618499999,0
			-34.0981624729999,-69.8492634809999,0
			-34.0985749699999,-69.850508237,0
			-34.0988734129999,-69.8513974319999,0
			-34.0988457249999,-69.8522365619999,0
			-34.0992296409999,-69.853124583,0
			-34.0996719029999,-69.8537911739999,0
			-34.1002537039999,-69.854565748,0
			-34.1004232449999,-69.8552786329999,0
			-34.1006478629999,-69.8560172999999,0
			-34.1012042199999,-69.856614112,0
			-34.1018942869999,-69.857180484,0
			-34.1026435799999,-69.857760161,0
			-34.102764308,-69.8581709769999,0
			-34.1031925669999,-69.858934554,0
			-34.1034833209999,-69.859425072,0
			-34.1037183519999,-69.8598755969999,0
			-34.1040442859999,-69.860131211,0
			-34.1059441029999,-69.8594835259999,0
			-34.1074064049999,-69.858814961,0
			-34.108375037,-69.8584010919999,0
			-34.1092300779999,-69.8579614619999,0
			-34.1100370549999,-69.8577710989998,0
			-34.1109795259999,-69.8575908049999,0
			-34.1122006539999,-69.8576135199999,0
			-34.1128593329999,-69.857108555,0
			-34.1132329209999,-69.856676562,0
			-34.1135467789999,-69.8562177589999,0
			-34.115030164,-69.856909902,0
			-34.115736848,-69.8576560559999,0
			-34.1158801139999,-69.858066186,0
			-34.116040899,-69.8591086649999,0
			-34.116814882,-69.860170059,0
			-34.117461595,-69.860668797,0
			-34.118465209,-69.861409839,0
			-34.119359962,-69.8618083369999,0
			-34.120399666,-69.8626587709999,0
			-34.1216952459999,-69.8640284699999,0
			-34.1226001049999,-69.8660639359999,0
			-34.1233916209999,-69.868513848,0
			-34.1241045589999,-69.8700568939999,0
			-34.124911304,-69.8708289579999,0
			-34.1259127299999,-69.8710884969999,0
			-34.1270125929999,-69.8713331529999,0
			-34.127824807,-69.871375337,0
			-34.1288323289999,-69.871566816,0
			-34.1300391839999,-69.871892362,0
			-34.1312238159998,-69.8725481819999,0
			-34.132100602,-69.8730575499999,0
			-34.1330394579999,-69.873222057,0
			-34.1339194539999,-69.872947429,0
			-34.1340250929999,-69.8727674409998,0
			-34.1345792669999,-69.8718232209999,0
			-34.13529081,-69.870643732,0
			-34.1358595849999,-69.870249846,0
			-34.136843196,-69.870083392,0
			-34.13712859,-69.870074659,0
			-34.1399985589999,-69.8699868539999,0
			-34.1409222629999,-69.86995859,0
			-34.1410683079999,-69.8698612269999,0
			-34.141130174,-69.869318709,0
			-34.141420468,-69.8690117579999,0
			-34.141457574,-69.8689622859999,0
			-34.1418844629999,-69.8656474169999,0
			-34.1418844629999,-69.8654068749998,0
			-34.1418963599999,-69.865201289,0
			-34.1417821479999,-69.8650727989999,0
			-34.141582273,-69.865044246,0
			-34.141325289,-69.8650442439999,0
			-34.1409398169998,-69.8649728619999,0
			-34.1406971119998,-69.8648872019999,0
			-34.140597176,-69.864644496,0
			-34.1405686219999,-69.864430345,0
			-34.1404686849999,-69.86418764,0
			-34.140425853,-69.8639734869999,0
			-34.1404258549999,-69.863730784,0
			-34.1405257929999,-69.86343097,0
			-34.140725666,-69.863188265,0
			-34.1409540959999,-69.86294556,0
			-34.141196801,-69.8626885789999,0
			-34.141382398,-69.8625029819999,0
			-34.141539442,-69.8623031069999,0
			-34.141625103,-69.8620461249999,0
			-34.141682209,-69.861732036,0
			-34.1416536549999,-69.8614607769999,0
			-34.141639379,-69.861189517,0
			-34.14176787,-69.8609039839999,0
			-34.1418927949999,-69.8606343899999,0
			-34.142110513,-69.860489958,0
			-34.1421565749999,-69.8604726839999,0
			-34.1423389399999,-69.8604042969999,0
			-34.1426101979999,-69.8601187619999,0
			-34.1428529029999,-69.8597903939999,0
			-34.1431241619998,-69.8594477519999,0
			-34.143381146,-69.859105111,0
			-34.143538188,-69.8588909599999,0
			-34.143823724,-69.8586768069999,0
			-34.1440949829999,-69.8584198249999,0
			-34.144266304,-69.8581342919999,0
			-34.144480455,-69.8578344779999,0
			-34.1446118019999,-69.8575589359999,0
			-34.1448402309999,-69.8574589999999,0
			-34.145040104,-69.8572305709999,0
			-34.1452399789998,-69.8569735899998,0
			-34.1454398519999,-69.8567451599999,0
			-34.145477549,-69.856679194,0
			-34.146511494,-69.856274582,0
			-34.147318486,-69.855656897,0
			-34.1477044749999,-69.853697373,0
			-34.1488645429999,-69.8518175359999,0
			-34.1497530349999,-69.8503777089999,0
			-34.1512665749999,-69.8483596199999,0
			-34.153201268,-69.8454405789998,0
			-34.1546618859999,-69.8425970289999,0
			-34.1556010019999,-69.840628625,0
			-34.1563264649999,-69.839681997,0
			-34.1575203209999,-69.839057425,0
			-34.158064914,-69.83830591,0
			-34.158295983,-69.8372701929999,0
			-34.158526157,-69.8365378679999,0
			-34.1591981349999,-69.835922134,0
			-34.1597467649999,-69.835692921,0
			-34.1603243659999,-69.8352988639999,0
			-34.1607307089999,-69.835003989,0
			-34.1612879969998,-69.8345548909999,0
			-34.1619967839999,-69.8345983029999,0
			-34.163101863,-69.8349660999999,0
			-34.1637969849999,-69.8349006879999,0
			-34.1643801509999,-69.8348501699999,0
			-34.1655546499999,-69.8345157319999,0
			-34.1665426109999,-69.8334952659999,0
			-34.1674220429999,-69.8324632219999,0
			-34.1680155369999,-69.831270413,0
			-34.1682760209999,-69.8296559679999,0
			-34.168172866,-69.828598617,0
			-34.168051605,-69.8279675379999,0
			-34.1684464049999,-69.8270808139999,0
			-34.1688392039999,-69.826468343,0
			-34.1693176979999,-69.825965851,0
			-34.1698147909999,-69.8254763309999,0
			-34.1702850309999,-69.8242443779999,0
			-34.170832677,-69.823355006,0
			-34.1716972559999,-69.823037999,0
			-34.172583416,-69.8224880479999,0
			-34.1733890729999,-69.8214156369999,0
			-34.174659611,-69.8190971509999,0
			-34.176147677,-69.817022648,0
			-34.1770265179999,-69.815770221,0
			-34.1781976689999,-69.814719246,0
			-34.178993389,-69.8142661689999,0
			-34.1798425379999,-69.813798931,0
			-34.1806556049999,-69.813648241,0
			-34.181395901,-69.8133752409999,0
			-34.1831162719999,-69.8122193929999,0
			-34.184770618,-69.8116282569999,0
			-34.185667727,-69.810912146,0
			-34.1866258999999,-69.8100434329999,0
			-34.1876694649999,-69.8090636749999,0
			-34.1899755379999,-69.8059021619999,0
			-34.1911895439999,-69.8043199179999,0
			-34.191390364,-69.8040581739999,0
			-34.1916862559999,-69.8036725179999,0
			-34.1930182679999,-69.8016413709999,0
			-34.193541656,-69.801137775,0
			-34.193886403,-69.8013795809999,0
			-34.1942184489998,-69.801109793,0
			-34.1946051109999,-69.800723132,0
			-34.195081003,-69.8005744149999,0
			-34.195467664,-69.8006933899999,0
			-34.1960625289999,-69.8007826179999,0
			-34.1967466259999,-69.8007826179999,0
			-34.1974902059999,-69.800871848,0
			-34.1980987539999,-69.8007148029999,0
			-34.1984985039999,-69.800723132,0
			-34.198974396,-69.80060416,0
			-34.199039683,-69.800593276,0
			-34.1995174589999,-69.8002152729999,0
			-34.2006953169999,-69.7999625939999,0
			-34.2017319509999,-69.7996712299999,0
			-34.2025587909999,-69.7996577729999,0
			-34.2033373769999,-69.7995280139999,0
			-34.203913106,-69.7994014209999,0
			-34.2047746739999,-69.7993328179999,0
			-34.2056056729999,-69.7991820299999,0
			-34.2062882339999,-69.7987166619999,0
			-34.2072595969999,-69.7977376389999,0
			-34.2078659229999,-69.797383929,0
			-34.208617428,-69.7971648769999,0
			-34.209165172,-69.7971285079999,0
			-34.210203883,-69.797414664,0
			-34.2112689329998,-69.7979747059999,0
			-34.211626926,-69.798162953,0
			-34.212718756,-69.7986410069999,0
			-34.2134697639999,-69.798995889,0
			-34.2144380369999,-69.7994955679998,0
			-34.2144523129999,-69.7996240589999,0
			-34.2146807439999,-69.7998810399998,0
			-34.2149520019999,-69.8000095319999,0
			-34.2153660279999,-69.800223683,0
			-34.2157229469999,-69.800352172,0
			-34.216122696,-69.8004521109999,0
			-34.2165224449999,-69.8005234949999,0
			-34.216793703,-69.800437835,0
			-34.2171077919999,-69.8002665139999,0
			-34.2174504339999,-69.7999381459999,0
			-34.2177645239999,-69.7996811669999,0
			-34.218078611,-69.7993813529999,0
			-34.21830704,-69.799152926,0
			-34.2184926369999,-69.7989958809999,0
			-34.2188067269999,-69.798824559,0
			-34.2190922619999,-69.7987246219999,0
			-34.2194063499999,-69.7986960699999,0
			-34.2197775459999,-69.7987388979999,0
			-34.2201915739999,-69.7988388369999,0
			-34.220495193,-69.798902685,0
			-34.2207555059999,-69.7990101569999,0
			-34.221055317,-69.799195756,0
			-34.221340853,-69.7993956289999,0
			-34.2215550059999,-69.799538398,0
			-34.2217263269999,-69.7998810419999,0
			-34.2218833709999,-69.8002522359999,0
			-34.222068968,-69.800709094,0
			-34.222240289,-69.8011088419999,0
			-34.222482994,-69.8013229929999,0
			-34.2227542539999,-69.8014086529998,0
			-34.2230112349999,-69.801480038,0
			-34.223282492,-69.8015085919999,0
			-34.2236394119999,-69.8015371439999,0
			-34.2240248859998,-69.8015228679999,0
			-34.224381804,-69.8014943159999,0
			-34.2247101709999,-69.8015085919999,0
			-34.2251397209999,-69.801540441,0
			-34.2255320349999,-69.801700931,0
			-34.225759512,-69.8020368329999,0
			-34.2260022169999,-69.8026935639999,0
			-34.2262020919999,-69.8033360169999,0
			-34.2263734149999,-69.8039641939999,0
			-34.226416243,-69.8043639439999,0
			-34.2264447969999,-69.8047065879999,0
			-34.2264325409999,-69.8049851219999,0
			-34.226502856,-69.8052415709999,0
			-34.2267017779999,-69.805391871,0
			-34.2272585729999,-69.805291935,0
			-34.227929581,-69.805234829,0
			-34.2286719719999,-69.8051348899999,0
			-34.2291145519999,-69.80504923,0
			-34.2296999009999,-69.80504923,0
			-34.2301567579999,-69.805092062,0
			-34.2306564419999,-69.8051206139999,0
			-34.231184683,-69.80504923,0
			-34.2314587989999,-69.804935015,0
			-34.2317015019999,-69.8047494159999,0
			-34.232044145,-69.804478159,0
			-34.2323439569999,-69.804135517,0
			-34.2326437689999,-69.8037785969999,0
			-34.2330006879999,-69.8032646349999,0
			-34.2333576059999,-69.8029505449999,0
			-34.2336574199999,-69.8026935639999,0
			-34.2340000629999,-69.802479413,0
			-34.23422849,-69.802379474,0
			-34.2345854079998,-69.802336644,0
			-34.234999436,-69.8024508589999,0
			-34.235270694,-69.8024936889999,0
			-34.2356418889999,-69.8026079009999,0
			-34.2357921169999,-69.8026579789999,0
			-34.2359417009999,-69.8027078399999,0
			-34.2362557929999,-69.8028077779999,0
			-34.2365841559999,-69.8029790989999,0
			-34.237140951,-69.803207528,0
			-34.2375549769999,-69.8033931249999,0
			-34.2378833429999,-69.8035358919999,0
			-34.2382688149999,-69.803764321,0
			-34.2385353139999,-69.8038864659999,0
			-34.2388779579999,-69.8041529659999,0
			-34.2394180949999,-69.8045491459999,0
			-34.2400367539998,-69.8049060639999,0
			-34.2405840309999,-69.80523919,0
			-34.2409885389999,-69.8053343679999,0
			-34.2416547899999,-69.8052867799999,0
			-34.2420355019999,-69.805001245,0
			-34.242368626,-69.8050488329999,0
			-34.2427493399999,-69.80497745,0
			-34.242987285,-69.8050488329999,0
			-34.2432490269999,-69.8051678049999,0
			-34.2433408669999,-69.8051999679999,0
			-34.243741686,-69.8051531839999,0
			-34.2445744899999,-69.8054706089999,0
			-34.2456453789999,-69.8054534099999,0
			-34.2463304069998,-69.8054701669999,0
			-34.2472021229999,-69.805745895,0
			-34.2480887409999,-69.8065858069999,0
			-34.2482552349999,-69.80807061,0
			-34.2479047919998,-69.8090402619999,0
			-34.2477202909999,-69.8104206379999,0
			-34.247826184,-69.81164482,0
			-34.24796358,-69.813185753,0
			-34.2476218439999,-69.8143622139999,0
			-34.2472934799999,-69.8155371929999,0
			-34.2472182239999,-69.816310449,0
			-34.2474833459999,-69.8172564659999,0
			-34.2478549429999,-69.818586334,0
			-34.2484257539999,-69.8200510579998,0
			-34.2486557999999,-69.8211226459999,0
			-34.2487672209999,-69.821947365,0
			-34.2487767709999,-69.8227044609999,0
			-34.248884526,-69.8233363599999,0
			-34.2492113979998,-69.824143791,0
			-34.2496952079999,-69.8246182469999,0
			-34.2503558519999,-69.8252276159999,0
			-34.2510523999999,-69.8258369929998,0
			-34.2516269879999,-69.826433353,0
			-34.252217085,-69.8268654609999,0
			-34.2527805729998,-69.8272008709999,0
			-34.253399283,-69.82724634,0
			-34.253913768,-69.827168722,0
			-34.2545756129999,-69.827062295,0
			-34.2550702819999,-69.8272610929999,0
			-34.255806385,-69.8275249829999,0
			-34.2563627139999,-69.8280121309999,0
			-34.2566433389999,-69.8287933059999,0
			-34.2569510669999,-69.8300005789999,0
			-34.2569588499999,-69.830716536,0
			-34.256894646,-69.8318611709999,0
			-34.2564497929999,-69.8330528529999,0
			-34.2561145869999,-69.834283956,0
			-34.256101686,-69.835895831,0
			-34.2562867589999,-69.8376149229999,0
			-34.256356984,-69.8387432599999,0
			-34.2567661319999,-69.8397979169999,0
			-34.2570449999999,-69.8409642829999,0
			-34.2569180119999,-69.8423297379999,0
			-34.2567122519999,-69.8436423539998,0
			-34.2570165929999,-69.8449874669999,0
			-34.25732607,-69.8463465199999,0
			-34.2569518759999,-69.848901021,0
			-34.256551561,-69.851262521,0
			-34.256120477,-69.8527841449999,0
			-34.2560354509999,-69.8536535249999,0
			-34.2564627369999,-69.8539636399999,0
			-34.257209186,-69.8540487679999,0
			-34.2580588199999,-69.8543385139999,0
			-34.2587388109999,-69.8547688219999,0
			-34.2593146029999,-69.8550767189999,0
			-34.259786499,-69.8554830419999,0
			-34.2606986279999,-69.8558680289999,0
			-34.2614350089999,-69.856463542,0
			-34.261485927,-69.857137622,0
			-34.261279932,-69.8579121319999,0
			-34.261068483,-69.8584523009999,0
			-34.2608105149999,-69.8590625579999,0
			-34.261924993,-69.859761868,0
			-34.263296711,-69.8606916969999,0
			-34.264056932,-69.861423476,0
			-34.263977338,-69.862100163,0
			-34.263741356,-69.8628065729999,0
			-34.263534116,-69.863553312,0
			-34.263504047,-69.8643395009999,0
			-34.263794666,-69.865147389,0
			-34.2644286389999,-69.866198786,0
			-34.2651921219999,-69.866903341,0
			-34.265664763,-69.8675436139999,0
			-34.2658306909999,-69.868064977,0
			-34.2658390989999,-69.8690155729999,0
			-34.2659882369998,-69.870101271,0
			-34.2664415099999,-69.8710315419999,0
			-34.2667267579999,-69.8717158289999,0
			-34.2668490609999,-69.872375392,0
			-34.267025986,-69.874232261,0
			-34.2669548019999,-69.8755421639999,0
			-34.2668899619998,-69.8781519009999,0
			-34.2668760409999,-69.8787121869999,0
			-34.266518595,-69.8795304049999,0
			-34.266383284,-69.8798425479999,0
			-34.2663512049999,-69.8799165509999,0
			-34.265845283,-69.8810836119999,0
			-34.2654316599999,-69.8820679759999,0
			-34.26485016,-69.8828687999999,0
			-34.264612578,-69.883097106,0
			-34.264431375,-69.8833637289999,0
			-34.264221982,-69.883573122,0
			-34.2640316249999,-69.8838015489999,0
			-34.263784162,-69.8840299779998,0
			-34.2635938049999,-69.8842203329999,0
			-34.263631877,-69.8844868319999,0
			-34.2637651259999,-69.8847152619999,0
			-34.263860305,-69.8849436909999,0
			-34.2640506619998,-69.8851721199999,0
			-34.264317161,-69.8853815109999,0
			-34.2644504099999,-69.8856099379999,0
			-34.2646217339999,-69.8858002969999,0
			-34.2648691959999,-69.8861048679999,0
			-34.2649600989998,-69.8863290739999,0
			-34.265059553,-69.8864855799999,0
			-34.2651547309999,-69.8868424999999,0
			-34.2651737669999,-69.8871518299999,0
			-34.2651547309999,-69.8874564009999,0
			-34.2651547309999,-69.887646758,0
			-34.2651321569999,-69.8878612179999,0
			-34.2651166589999,-69.888008436,0
			-34.265059553,-69.888351078,0
			-34.264986569,-69.8886284229999,0
			-34.264971562,-69.888842115,0
			-34.2649431529999,-69.889246621,0
			-34.2649126919998,-69.889680341,0
			-34.265049974,-69.8909186299999,0
			-34.2650512999999,-69.892350888,0
			-34.2651527309999,-69.8931623139999,0
			-34.2652039989999,-69.893694561,0
			-34.2652878869999,-69.894565471,0
			-34.26529891,-69.89558505,0
			-34.265597294,-69.896585793,0
			-34.2659775989998,-69.897172841,0
			-34.2666207319999,-69.8974803449999,0
			-34.26772476,-69.898042619,0
			-34.2686015539999,-69.8985529259999,0
			-34.269262941,-69.899080263,0
			-34.2707167769999,-69.899500094,0
			-34.2719362699999,-69.898944179,0
			-34.273374363,-69.898771004,0
			-34.2746488769999,-69.898670125,0
			-34.276338272,-69.8983691499999,0
			-34.2774733039999,-69.8983797129999,0
			-34.278883118,-69.898606877,0
			-34.2798923289999,-69.8987295759999,0
			-34.2810447509999,-69.898726091,0
			-34.2822577029999,-69.8983361009999,0
			-34.2832278819999,-69.898170114,0
			-34.284071373,-69.897992275,0
			-34.2847451009999,-69.8978442219999,0
			-34.285089092,-69.8988588589999,0
			-34.2852031809999,-69.900083325,0
			-34.2855125949999,-69.9006871309999,0
			-34.2865070669999,-69.9026277899999,0
			-34.2876618889999,-69.904622639,0
			-34.288853425,-69.9062036139999,0
			-34.2896073799999,-69.9072254119999,0
			-34.2904465249999,-69.9084534849999,0
			-34.2906693829999,-69.9093731149999,0
			-34.2905366919999,-69.9108363139999,0
			-34.2904785719999,-69.9119261249999,0
			-34.2902198739999,-69.9135007259999,0
			-34.28964675,-69.915093626,0
			-34.2894813349999,-69.9164191039999,0
			-34.2894102059998,-69.9175226409999,0
			-34.2895366849999,-69.9190501309999,0
			-34.2896859459999,-69.9200400009999,0
			-34.289902152,-69.9211254909999,0
			-34.2896065619999,-69.9222465999999,0
			-34.288589342,-69.9227988939999,0
			-34.2874056059999,-69.92324317,0
			-34.2863653059999,-69.9236713819999,0
			-34.285438969,-69.923809257,0
			-34.284811782,-69.9237772939999,0
			-34.2844891339999,-69.924897856,0
			-34.2841969149999,-69.92534331,0
			-34.283279047,-69.9263350349999,0
			-34.282702495,-69.927197704,0
			-34.282484832,-69.928137641,0
			-34.2824973319999,-69.9291981179999,0
			-34.2819688009999,-69.9303499979999,0
			-34.2813101739999,-69.9312961799999,0
			-34.2812412469999,-69.9326754259999,0
			-34.281141906,-69.9339723629999,0
			-34.2807810529999,-69.9354789289999,0
			-34.2806163309999,-69.9365011959999,0
			-34.2804182589999,-69.9373721509999,0
			-34.2803809769999,-69.938102495,0
			-34.280139128,-69.9391124129999,0
			-34.2797802849998,-69.940233694,0
			-34.2783533579999,-69.940350676,0
			-34.278324724,-69.9403485409998,0
			-34.2769531769999,-69.9402462689999,0
			-34.2756848959999,-69.940609206,0
			-34.2745207199999,-69.940873801,0
			-34.273665293,-69.9412031449999,0
			-34.2725412789999,-69.9418942559999,0
			-34.271747987,-69.942635488,0
			-34.2711291199999,-69.9435674859999,0
			-34.2707189069999,-69.9444280349999,0
			-34.270307611,-69.9453706969999,0
			-34.2700243369999,-69.9458154829999,0
			-34.2693838149999,-69.9461142439999,0
			-34.268734804,-69.9463165349999,0
			-34.2682122209999,-69.946419686,0
			-34.267309691,-69.9469151779999,0
			-34.2667109519999,-69.947571387,0
			-34.26633778,-69.9483482889999,0
			-34.26598983,-69.9488627009999,0
			-34.265511433,-69.9494892729999,0
			-34.264318615,-69.9500440959998,0
			-34.2631838849999,-69.951024517,0
			-34.2620677629999,-69.9521285379999,0
			-34.2610287309999,-69.9532455849999,0
			-34.259678172,-69.954559462,0
			-34.258605551,-69.9561726339999,0
			-34.2575051609999,-69.9574415709999,0
			-34.2565388209999,-69.9589018629999,0
			-34.2556290709999,-69.9602095549999,0
			-34.2544916609999,-69.9616718369999,0
			-34.2537349209999,-69.9627575449999,0
			-34.25316996,-69.9639084089999,0
			-34.2524887329998,-69.9655154,0
			-34.2519624839998,-69.9666252119999,0
			-34.2512123509999,-69.9676548679999,0
			-34.2507626749999,-69.968542492,0
			-34.2503298009999,-69.9697335789999,0
			-34.2499166769999,-69.9708548679999,0
			-34.2499294179999,-69.9723696389999,0
			-34.249848705,-69.9734731199999,0
			-34.2505537549999,-69.974303457,0
			-34.2514675849999,-69.9753924409999,0
			-34.2520275529999,-69.9767486189999,0
			-34.252604983,-69.9780901629999,0
			-34.252729523,-69.9794797659999,0
			-34.2532017529999,-69.980891379,0
			-34.2535518559999,-69.9819611069999,0
			-34.253901861,-69.982479859,0
			-34.254346449,-69.983548121,0
			-34.2553484389999,-69.9842646939999,0
			-34.2566006339999,-69.9847154169999,0
			-34.2575316189999,-69.9851292229999,0
			-34.2589178249999,-69.985220834,0
			-34.2596012909999,-69.9853077239999,0
			-34.2603089579999,-69.9859862279999,0
			-34.2608193099999,-69.9866818369999,0
			-34.2610933079999,-69.9871048269999,0
			-34.2613471259999,-69.987914098,0
			-34.2613286699998,-69.9887828279999,0
			-34.260813593,-69.989946925,0
			-34.2608243039999,-69.990980064,0
			-34.26133463,-69.9916750809999,0
			-34.2613639799999,-69.992722058,0
			-34.2612611259999,-69.9935083819998,0
			-34.2610373309999,-69.9946409099999,0
			-34.2606351529998,-69.9954870509999,0
			-34.2605666389999,-69.996672646,0
			-34.2608558109999,-69.997578184,0
			-34.2610324969999,-69.9988149929999,0
			-34.2612333089999,-69.9998728039999,0
			-34.2611431179999,-70.0003769539999,0
			-34.261626309,-70.002877041,0
			-34.2617877539999,-70.0034776699999,0
			-34.261812135,-70.003568375,0
			-34.262103215,-70.0041896019999,0
			-34.262344519,-70.0043704559998,0
			-34.2623741499999,-70.004392665,0
			-34.262813889,-70.004722396,0
			-34.263622008,-70.0049937809999,0
			-34.264348695,-70.005550091,0
			-34.2645029969999,-70.0055747789999,0
			-34.2648456389999,-70.0055747789999,0
			-34.2651168989999,-70.0057461,0
			-34.2653310499999,-70.0059031439999,0
			-34.2655594789999,-70.006117295,0
			-34.2656879689999,-70.006431385,0
			-34.2657450759999,-70.0067026419999,0
			-34.265751977,-70.006948442,0
			-34.2656032579999,-70.0073529499999,0
			-34.2655140299999,-70.007650382,0
			-34.2655044689999,-70.007687999,0
			-34.2654352979999,-70.007960095,0
			-34.26537388,-70.0082017039999,0
			-34.2653167739999,-70.008558624,0
			-34.2653637289999,-70.0089476159998,0
			-34.2653653149999,-70.0089888289999,0
			-34.2654010059999,-70.0093052979998,0
			-34.2654581119999,-70.009662218,0
			-34.265572327,-70.01000486,0
			-34.2656722629999,-70.0103903309998,0
			-34.265829308,-70.010661591,0
			-34.266072013,-70.0109614019999,0
			-34.2661148449999,-70.011075617,0
			-34.2662718879999,-70.011289768,0
			-34.2665629239999,-70.011500945,0
			-34.266771575,-70.011575303,0
			-34.2669857279998,-70.011660964,0
			-34.2672998149999,-70.011803731,0
			-34.2676943299999,-70.0119972699998,0
			-34.2680993129999,-70.012174928,0
			-34.2684455259999,-70.0124307189999,0
			-34.268541893,-70.012574676,0
			-34.268770323,-70.0127317209999,0
			-34.2691700729998,-70.012903044,0
			-34.26948773,-70.013030344,0
			-34.269669759,-70.013088641,0
			-34.270012401,-70.0131743009999,0
			-34.2703407659999,-70.0131600229998,0
			-34.2705870409998,-70.0132587729999,0
			-34.270758362,-70.0134015399999,0
			-34.2710581739999,-70.013515753,0
			-34.2712294959999,-70.0136014149999,0
			-34.271429369,-70.013658521,0
			-34.2717862889999,-70.013615691,0
			-34.2720575489999,-70.0136442449999,0
			-34.272328806,-70.0137441819999,0
			-34.272514405,-70.0138869499999,0
			-34.2726428949999,-70.014043993,0
			-34.2728998769999,-70.0142295919999,0
			-34.273199688,-70.014415189,0
			-34.2735137779999,-70.0145865119999,0
			-34.273842143,-70.0146721719999,0
			-34.2741384459999,-70.014721389,0
			-34.274334693,-70.0148292149999,0
			-34.27456312,-70.015043368,0
			-34.2748058249999,-70.015286073,0
			-34.275019976,-70.0156144389999,0
			-34.2751912969999,-70.015842866,0
			-34.275362618,-70.0160998489999,0
			-34.2755767709999,-70.016428215,0
			-34.2757480919999,-70.0167994089999,0
			-34.2758051979999,-70.0170992219999,0
			-34.2758194739999,-70.017470418,0
			-34.2757752159999,-70.017715978,0
			-34.275733816,-70.017941553,0
			-34.275733814,-70.018227086,0
			-34.275733814,-70.018498345,0
			-34.2757909219999,-70.0187981569999,0
			-34.2759179869998,-70.0191151029999,0
			-34.2760036449999,-70.0193720819999,0
			-34.2761606899999,-70.019629067,0
			-34.2764747789999,-70.0198003859999,0
			-34.2767046349999,-70.0198260859999,0
			-34.2769616159999,-70.0197832539999,0
			-34.2772457229999,-70.019714726,0
			-34.2774926699999,-70.0196361519999,0
			-34.278081292,-70.019579672,0
			-34.2789483829999,-70.019311408,0
			-34.2797234539998,-70.0189950439999,0
			-34.280056322,-70.018808626,0
			-34.2802866759999,-70.018829566,0
			-34.280600764,-70.018872398,0
			-34.2808720229999,-70.0189437799999,0
			-34.2810681189999,-70.0190390759999,0
			-34.2812432189999,-70.019200763,0
			-34.2813146039999,-70.019457743,0
			-34.2813859859999,-70.0197432779999,0
			-34.281471648,-70.0200716459999,0
			-34.2815430329999,-70.020400009,0
			-34.2815443389999,-70.0204124369999,0
			-34.2815579279999,-70.0205415149999,0
			-34.2817874369999,-70.0213574809999,0
			-34.28219732,-70.022355841,0
			-34.2826116329999,-70.0233531919999,0
			-34.2832709829999,-70.023952943,0
			-34.2844474269999,-70.0242028829999,0
			-34.2851989669999,-70.0244140349998,0
			-34.2860200279998,-70.0250043829999,0
			-34.286753951,-70.0261110599999,0
			-34.287322945,-70.0270356909999,0
			-34.2878405439999,-70.028027623,0
			-34.2880392809999,-70.0290379259999,0
			-34.2883312209999,-70.029795802,0
			-34.2885511339998,-70.0305530689998,0
			-34.2883323819999,-70.031265194,0
			-34.2883261659999,-70.0312783319999,0
			-34.2879634569999,-70.03204508,0
			-34.2874727619999,-70.0327134629999,0
			-34.2871324229999,-70.0332035349999,0
			-34.2868383969999,-70.0338346159999,0
			-34.286583476,-70.034654592,0
			-34.286238748,-70.035479779,0
			-34.2856513519999,-70.0362068379998,0
			-34.2851438609999,-70.0366835299998,0
			-34.284893767,-70.0372888699998,0
			-34.2848767069999,-70.037977526,0
			-34.284907759,-70.038741981,0
			-34.284841354,-70.0397685019999,0
			-34.2846202249999,-70.0408671609999,0
			-34.2841360539999,-70.0419181579999,0
			-34.2835882919999,-70.042844824,0
			-34.2830371319999,-70.0435798209999,0
			-34.2824479069999,-70.0440389779999,0
			-34.2821704259999,-70.0445252139999,0
			-34.2816166959999,-70.0451965239999,0
			-34.281262016,-70.045664974,0
			-34.2811254939999,-70.0461841819999,0
			-34.281105097,-70.0470154269999,0
			-34.2810873939999,-70.0479108709999,0
			-34.2809843279998,-70.049258782,0
			-34.2808632089999,-70.0501603239999,0
			-34.280852398,-70.050671477,0
			-34.2808748989999,-70.051226204,0
			-34.280812194,-70.051568951,0
			-34.2806216979998,-70.0520906779999,0
			-34.2801738819998,-70.0528202039999,0
			-34.2794012759999,-70.0533124109999,0
			-34.2785035429999,-70.053493262,0
			-34.2778084959999,-70.053342201,0
			-34.276938128,-70.0527544949999,0
			-34.2760709899999,-70.052357994,0
			-34.2752753089999,-70.0522772429999,0
			-34.2742715499999,-70.0523999109999,0
			-34.273211352,-70.052462162,0
			-34.2723206829999,-70.052706368,0
			-34.2717515059999,-70.0529953339999,0
			-34.271496821,-70.05326588,0
			-34.2711161499999,-70.053428606,0
			-34.2706477149999,-70.0533158019999,0
			-34.2700656189999,-70.053285498,0
			-34.2694225669999,-70.05319579,0
			-34.268675588,-70.052984126,0
			-34.26792147,-70.0527090239999,0
			-34.2671724639999,-70.0525610559999,0
			-34.2665936649999,-70.0527231769999,0
			-34.2660731839999,-70.0528812159999,0
			-34.2653917329999,-70.053176768,0
			-34.2647172699999,-70.0535357539999,0
			-34.2639343669999,-70.053773533,0
			-34.2629794459999,-70.0537658929999,0
			-34.261916694,-70.053763848,0
			-34.2610721699999,-70.0538133749999,0
			-34.2603874089999,-70.0539179199999,0
			-34.2599164499999,-70.054073,0
			-34.2597078359998,-70.0541489639999,0
			-34.2591880289999,-70.054435024,0
			-34.2587632099999,-70.0543962679999,0
			-34.258217631,-70.0540452239999,0
			-34.2575019959999,-70.053384222,0
			-34.2568922359999,-70.052781405,0
			-34.256508373,-70.052421006,0
			-34.2560219329999,-70.0521939459999,0
			-34.2555874229999,-70.0520275889999,0
			-34.254842918,-70.0518801529999,0
			-34.254416146,-70.0519051809999,0
			-34.2538727739999,-70.0519417439999,0
			-34.252906959,-70.051998493,0
			-34.2520310199999,-70.052049869,0
			-34.2513555749999,-70.0519383499998,0
			-34.25079118,-70.051566747,0
			-34.2501397559999,-70.0510485239998,0
			-34.249411629,-70.0506363769999,0
			-34.248438064,-70.0503905719999,0
			-34.2475877969999,-70.0501875839999,0
			-34.2465349559999,-70.050097552,0
			-34.2458145749999,-70.0499879909999,0
			-34.2450051599999,-70.049681795,0
			-34.24440691,-70.0493631029999,0
			-34.2438956109999,-70.0491911179999,0
			-34.2434329179998,-70.0492182889998,0
			-34.242895464,-70.0494009199999,0
			-34.2421529979999,-70.04974815,0
			-34.2415771869998,-70.049983939,0
			-34.240964606,-70.0504244859999,0
			-34.240175543,-70.0506225689999,0
			-34.239712848,-70.05064973,0
			-34.238885513,-70.0509001719999,0
			-34.2381409659999,-70.051196736,0
			-34.2374716109999,-70.0512360019999,0
			-34.236714886,-70.0512295309999,0
			-34.235960163,-70.0512737879999,0
			-34.2351245789999,-70.051322818,0
			-34.2341955279999,-70.0511753579999,0
			-34.2332599659999,-70.050977389,0
			-34.2324162839998,-70.050824947,0
			-34.2315745379999,-70.050722521,0
			-34.2305172609999,-70.0506327199999,0
			-34.22941789,-70.050394309,0
			-34.228612562,-70.0501887269999,0
			-34.2282351619999,-70.0502109,0
			-34.2276063109999,-70.0502477429999,0
			-34.2266915239999,-70.0504532219999,0
			-34.225942897,-70.0506482179999,0
			-34.2253752499999,-70.0510859489999,0
			-34.224971335,-70.051564398,0
			-34.2246490499999,-70.0518360089999,0
			-34.224040545,-70.052377182,0
			-34.2234217939999,-70.0526661779999,0
			-34.2230975769999,-70.0528871499999,0
			-34.222813287,-70.0532073399999,0
			-34.2226633889999,-70.0536207119999,0
			-34.2223999409999,-70.054343586,0
			-34.222042952,-70.0548699879998,0
			-34.2216414559999,-70.0552972919999,0
			-34.221195086,-70.055727944,0
			-34.2205824089999,-70.0561683449999,0
			-34.2201687359999,-70.0562935569999,0
			-34.219253937,-70.0564989539999,0
			-34.21884019,-70.0566240739998,0
			-34.2186028359999,-70.0569916859999,0
			-34.2182904229998,-70.057616434,0
			-34.2179758519999,-70.058191084,0
			-34.217657706,-70.0585634559999,0
			-34.217089605,-70.059102111,0
			-34.2159965489999,-70.0600245789999,0
			-34.215063346,-70.0608881119999,0
			-34.214160702,-70.0613955059999,0
			-34.2130938969999,-70.0619633449999,0
			-34.212527778,-70.0625527469999,0
			-34.211933389,-70.0634459059999,0
			-34.2115743609999,-70.063922205,0
			-34.210840372,-70.0643688879999,0
			-34.210477264,-70.0647444639999,0
			-34.2099597199999,-70.065532116,0
			-34.209485393,-70.0661662009999,0
			-34.2091243579998,-70.066591676,0
			-34.208669733,-70.066820252,0
			-34.2078362159999,-70.0669196549999,0
			-34.2070855589999,-70.0670644679998,0
			-34.2066799409999,-70.0673917339999,0
			-34.2062477459999,-70.0681750739999,0
			-34.2058033359999,-70.0686555809999,0
			-34.2051501839999,-70.069098143,0
			-34.2045354659999,-70.069487658,0
			-34.203886385,-70.070030914,0
			-34.2032010129999,-70.070677288,0
			-34.2025963529999,-70.071318802,0
			-34.2019918359999,-70.0719603989999,0
			-34.2015599109999,-70.072641962,0
			-34.201161977,-70.0732715789999,0
			-34.200624717,-70.074465346,0
			-34.2001621009999,-70.075503119,0
			-34.1997237209999,-70.0761349539998,0
			-34.1994034549999,-70.076456385,0
			-34.1986326089998,-70.0771076309999,0
			-34.198015867,-70.0774470669999,0
			-34.1983749219999,-70.0785377519999,0
			-34.19884336,-70.0797731649999,0
			-34.199101054,-70.0809206359999,0
			-34.1992791229999,-70.0823247589998,0
			-34.199522698,-70.083119354,0
			-34.2002001889999,-70.08429258,0
			-34.201046043,-70.0855061249999,0
			-34.201646324,-70.086886368,0
			-34.202167721,-70.0883214529999,0
			-34.2025042069999,-70.0894136349999,0
			-34.2025890799999,-70.0905203699999,0
			-34.2026685069999,-70.0913747899999,0
			-34.2029154749998,-70.092370519,0
			-34.2031205409999,-70.093217586,0
			-34.2032075879999,-70.0943751289999,0
			-34.2031909089999,-70.0960941609999,0
			-34.20304276,-70.0975680409999,0
			-34.202959343,-70.0986337499999,0
			-34.202920461,-70.099798554,0
			-34.202930414,-70.1010608169998,0
			-34.2029587199999,-70.1017670719999,0
			-34.2029909969999,-70.102573499,0
			-34.203035395,-70.103682658,0
			-34.2029499389998,-70.1046983639999,0
			-34.2029089449998,-70.105812455,0
			-34.202856293,-70.1065228109999,0
			-34.2025676469999,-70.107752181,0
			-34.2024008999999,-70.108873511,0
			-34.2023683419999,-70.110088084,0
			-34.2023151939999,-70.110899343,0
			-34.2021059269999,-70.111973069,0
			-34.201884556,-70.1127432569999,0
			-34.2014524019999,-70.113425316,0
			-34.2009754499999,-70.114110156,0
			-34.200662603,-70.1147345549999,0
			-34.2004210469998,-70.115001131,0
			-34.2002609039998,-70.1151615529998,0
			-34.1999648349999,-70.1150777229999,0
			-34.1992505279999,-70.115118998,0
			-34.198209764,-70.115330945,0
			-34.1973861849999,-70.1156819549999,0
			-34.1968889939999,-70.1158618429999,0
			-34.1962155169999,-70.1157998039999,0
			-34.1956694209999,-70.115882139,0
			-34.195288053,-70.1158032339999,0
			-34.1945296899999,-70.1156445059999,0
			-34.193774876,-70.1156881749999,0
			-34.1929023969999,-70.1159410819999,0
			-34.1923238669999,-70.1162264839999,0
			-34.191467921,-70.1167812409999,0
			-34.1908469669999,-70.1170197559999,0
			-34.1901427019999,-70.1173129979999,0
			-34.1897045209999,-70.1178430209999,0
			-34.189389675,-70.1184172469999,0
			-34.189337026,-70.119127481,0
			-34.189125568,-70.120150318,0
			-34.1887863229999,-70.1211296769999,0
			-34.1885260299999,-70.1220544239999,0
			-34.1883575119999,-70.1230240309999,0
			-34.188411682,-70.124385074,0
			-34.1884438129999,-70.1251912769999,0
			-34.1884699349999,-70.1258468059999,0
			-34.1885261239998,-70.127257926,0
			-34.1885153449999,-70.1281174339999,0
			-34.1885453249998,-70.1288736499999,0
			-34.1887502159999,-70.1297207399999,0
			-34.188986927,-70.130465047,0
			-34.1891917309999,-70.131312145,0
			-34.1891385179999,-70.1321233499999,0
			-34.189008305,-70.1330405589999,0
			-34.1888172229999,-70.133556816,0
			-34.1885976139999,-70.1343775249999,0
			-34.1882851569999,-70.134900864,0
			-34.187769067,-70.1357386559999,0
			-34.1872919959999,-70.136423081,0
			-34.1868152709999,-70.1370059829999,0
			-34.1861693499999,-70.1377502639999,0
			-34.1854161359999,-70.138854986,0
			-34.1848191569998,-70.1396973279999,0
			-34.184301558,-70.140384183,0
			-34.1835687749999,-70.140981639,0
			-34.1825888839999,-70.1415940689999,0
			-34.181732258,-70.142249482,0
			-34.1810378519999,-70.142794621,0
			-34.1806520199999,-70.143624807,0
			-34.180318568,-70.1447554309999,0
			-34.1802207549999,-70.1454681599999,0
			-34.180092487,-70.146435233,0
			-34.1799867219999,-70.1469466039999,0
			-34.1797430519999,-70.147163042,0
			-34.1791649539999,-70.147347305,0
			-34.1786028139999,-70.1470259189999,0
			-34.1780796359999,-70.1465507579999,0
			-34.1774755939998,-70.1460801989999,0
			-34.1769139469999,-70.1456579489999,0
			-34.176313407,-70.1453896639999,0
			-34.1757272919999,-70.1453724999999,0
			-34.174852716,-70.1455744499999,0
			-34.174187278,-70.145713535,0
			-34.1737284319999,-70.1458407489998,0
			-34.1732741689999,-70.1459677519999,0
			-34.1728598299998,-70.1461940439999,0
			-34.172663148,-70.146457942,0
			-34.1721898109999,-70.147242225,0
			-34.1717470639999,-70.1477728079999,0
			-34.171097572,-70.1483153379999,0
			-34.1707361869999,-70.1487402649998,0
			-34.170380774,-70.1493160099999,0
			-34.1700213469999,-70.149791706,0
			-34.169653911,-70.1500654439999,0
			-34.1692849409999,-70.1501874479999,0
			-34.1689379879999,-70.149954768,0
			-34.1682989939999,-70.149738752,0
			-34.167706903,-70.149570924,0
			-34.1671183909999,-70.1496046269999,0
			-34.1668707159999,-70.14971974,0
			-34.166462923,-70.1499957669999,0
			-34.1659835909999,-70.1506293429999,0
			-34.1654982879999,-70.1511114739999,0
			-34.1647714949999,-70.151860144,0
			-34.1643290849999,-70.1522897,0
			-34.163801448,-70.152724228,0
			-34.1633526399999,-70.1531033859999,0
			-34.1629831609999,-70.1533263159999,0
			-34.162403087,-70.153460445,0
			-34.1620256779999,-70.1534820599999,0
			-34.161568857,-70.1536599859999,0
			-34.161197484,-70.1538329389999,0
			-34.160799577,-70.1543608299999,0
			-34.1604904609998,-70.1550854349999,0
			-34.1601469449999,-70.155963755,0
			-34.1597609569999,-70.1567936779999,0
			-34.159490874,-70.1573650569999,0
			-34.1592989529999,-70.1588907809999,0
			-34.1593527339999,-70.1602514579999,0
			-34.1594978989999,-70.161758596,0
			-34.159535745,-70.1627159559999,0
			-34.1594516999999,-70.163781124,0
			-34.159173015,-70.1642514099999,0
			-34.1584491899999,-70.1639392379998,0
			-34.157710906,-70.163375473,0
			-34.156392534,-70.162945682,0
			-34.1552139029999,-70.162862076,0
			-34.1537835999998,-70.1627921749999,0
			-34.1530636919999,-70.1625806819999,0
			-34.152248533,-70.1621220989999,0
			-34.151551254,-70.1614551659999,0
			-34.150849465,-70.1607884489998,0
			-34.150247366,-70.1603678199999,0
			-34.1496547799999,-70.160300803,0
			-34.1483623359999,-70.1605264189999,0
			-34.147828644,-70.160809408,0
			-34.1473068679999,-70.1613943999999,0
			-34.1468195599999,-70.161826407,0
			-34.14575812,-70.1625437589999,0
			-34.145009181,-70.162737503,0
			-34.1440451359998,-70.162843445,0
			-34.1430472069999,-70.163001252,0
			-34.142385152,-70.1633424259999,0
			-34.1415713239999,-70.1639440609999,0
			-34.141084008,-70.164375932,0
			-34.1405887049999,-70.1646060079999,0
			-34.1400006289999,-70.164538764,0
			-34.139566365,-70.1642609359999,0
			-34.138970378,-70.163991643,0
			-34.1381552189998,-70.163533215,0
			-34.13771689,-70.163154059,0
			-34.137200236,-70.1627293219999,0
			-34.1365998059999,-70.1624610509999,0
			-34.1359203249999,-70.1622473179999,0
			-34.1354845379999,-70.1618173069999,0
			-34.1350992039999,-70.1616376349999,0
			-34.1345535139999,-70.1616187089999,0
			-34.1340848479999,-70.161493782,0
			-34.133677495,-70.1607596279999,0
			-34.133335745,-70.1595166969998,0
			-34.1330866929999,-70.15857168,0
			-34.1329509999998,-70.158327028,0
			-34.132567555,-70.1581972439999,0
			-34.131938534,-70.15823326,0
			-34.1312286469999,-70.1582737699999,0
			-34.1305511919999,-70.1581107489999,0
			-34.130032053,-70.157736239,0
			-34.1295923149999,-70.157206376,0
			-34.1291400709999,-70.156474777,0
			-34.1289923679998,-70.1559282019999,0
			-34.128796231,-70.1551819769999,0
			-34.1287762979999,-70.154678098,0
			-34.1285821899999,-70.1539825409999,0
			-34.128215371,-70.1532460879999,0
			-34.1275544659999,-70.1524764229999,0
			-34.1266888519999,-70.1517685769999,0
			-34.1258676029998,-70.151158972,0
			-34.124912679,-70.150355339,0
			-34.1245193179998,-70.1499738099999,0
			-34.124296193,-70.1496840409999,0
			-34.1239238019999,-70.148695469,0
			-34.1237271859999,-70.1480509189999,0
			-34.1233427599999,-70.146759819,0
			-34.1228810329998,-70.1456755489999,0
			-34.1223539049999,-70.1451000209999,0
			-34.1216500449999,-70.144383547,0
			-34.1213340159999,-70.143795247,0
			-34.1210994149999,-70.143102163,0
			-34.1209027689999,-70.1424575589999,0
			-34.1205013549999,-70.1418747829999,0
			-34.1202033329999,-70.1417402909999,0
			-34.1198319019999,-70.1419132189999,0
			-34.1194724379999,-70.1423879559999,0
			-34.119066561,-70.142713729,0
			-34.1183217289999,-70.1430088229999,0
			-34.1176602969999,-70.143249075,0
			-34.1172584289999,-70.143675526,0
			-34.117020751,-70.1440423669999,0
			-34.1166249259999,-70.144620779,0
			-34.1164780239999,-70.145234877,0
			-34.1162099709999,-70.1458559519999,0
			-34.1159438779999,-70.1465276789999,0
			-34.1156697699998,-70.1469974,0
			-34.1154012099999,-70.1477193589998,0
			-34.1153013419999,-70.1483815969999,0
			-34.1151590059999,-70.148995384,0
			-34.114900838,-70.14986838,0
			-34.1145957639999,-70.150693126,0
			-34.114408972,-70.151208776,0
			-34.114136381,-70.151830111,0
			-34.1136709499999,-70.1528156539999,0
			-34.11328302,-70.1535951079999,0
			-34.11293144,-70.154271667,0
			-34.112505039,-70.1551034339999,0
			-34.1121085839999,-70.1557824779999,0
			-34.1117980129999,-70.156355213,0
			-34.1115258259999,-70.156875621,0
			-34.1112512409999,-70.1574468869999,0
			-34.111100934,-70.1578588149999,0
			-34.1106076049999,-70.1581394129998,0
			-34.110035518,-70.1584752459999,0
			-34.1088706969999,-70.1587434859998,0
			-34.108084887,-70.15914158,0
			-34.1075961369999,-70.1594219579998,0
			-34.1068532289999,-70.1597674289999,0
			-34.106485699,-70.160040839,0
			-34.1059150639999,-70.160527466,0
			-34.1052250149999,-70.16107169,0
			-34.104166995,-70.1619900939999,0
			-34.103684127,-70.1624209669999,0
			-34.1030260709999,-70.1628624039999,0
			-34.1023320889999,-70.1633060079999,0
			-34.1015507019999,-70.1637037359999,0
			-34.1011018629999,-70.1640826569999,0
			-34.100570045,-70.164416124,0
			-34.099941019,-70.1644519979999,0
			-34.0993199099999,-70.164689036,0
			-34.0988167639999,-70.1647176619999,0
			-34.0982691159999,-70.1646480869999,0
			-34.0975102189998,-70.164590447,0
			-34.0969685269999,-70.1646714729999,0
			-34.0962990699999,-70.164709633,0
			-34.0959117039998,-70.1644793049999,0
			-34.095380738,-70.1638031859999,0
			-34.094847659,-70.1630764289999,0
			-34.0943979849999,-70.1622948809999,0
			-34.094362233,-70.16138828,0
			-34.0944562009998,-70.160575626,0
			-34.0944628319999,-70.1597173789999,0
			-34.0943171769999,-70.159220867,0
			-34.093753675,-70.158748322,0
			-34.0931674839999,-70.158731009,0
			-34.0923821849999,-70.159028171,0
			-34.0917611529999,-70.159265849,0
			-34.0912658589999,-70.1594958279999,0
			-34.0908539719999,-70.159670911,0
			-34.0898124779999,-70.159982586,0
			-34.0890780739999,-70.160428437,0
			-34.0883350929999,-70.1607732039999,0
			-34.087419984,-70.1609770119999,0
			-34.086764484,-70.161367448,0
			-34.086197694,-70.161954609,0
			-34.0855885789999,-70.162493947,0
			-34.0849853429999,-70.1631846539999,0
			-34.0843012479999,-70.1638791299999,0
			-34.0836007139999,-70.164272909,0
			-34.0829411339999,-70.164562828,0
			-34.082190297,-70.164706418,0
			-34.081559238,-70.1646916499999,0
			-34.0810970359999,-70.164617135,0
			-34.0804679339999,-70.1646530029999,0
			-34.0800965479999,-70.1648256649999,0
			-34.079727049,-70.1650483359999,0
			-34.079373453,-70.1656739479999,0
			-34.078896007,-70.166357341,0
			-34.07820993,-70.1670018199999,0
			-34.0775602859999,-70.167543447,0
			-34.07694113,-70.167831033,0
			-34.0759081169999,-70.1682429119999,0
			-34.0747122699998,-70.168865701,0
			-34.0737705769999,-70.169423874,0
			-34.0731249149999,-70.1700660939999,0
			-34.0726434529999,-70.170648861,0
			-34.0722163559999,-70.1715809089999,0
			-34.0715687219999,-70.1721730899999,0
			-34.0708488199999,-70.171961745,0
			-34.0701146179999,-70.1714987959999,0
			-34.068972946,-70.1712106359999,0
			-34.0679135829999,-70.171068669,0
			-34.06729704,-70.171305994,0
			-34.0666798359999,-70.1716433509999,0
			-34.0662229919999,-70.1718209049999,0
			-34.0656328829999,-70.171702883,0
			-34.0652085629999,-70.1716769789999,0
			-34.0647926739999,-70.171750703,0
			-34.064382726,-70.1719762109998,0
			-34.0633271099999,-70.1728431349999,0
			-34.0624682239999,-70.17344654,0
			-34.061729192,-70.1738923379999,0
			-34.0607775449999,-70.1741985909999,0
			-34.060107488,-70.174337495,0
			-34.0596896389999,-70.1743612009999,0
			-34.0592757759999,-70.174485529,0
			-34.0589525629998,-70.174856892,0
			-34.0584533959999,-70.174986785,0
			-34.0579037219999,-70.174866473,0
			-34.056343612,-70.1747028389998,0
			-34.0557999559999,-70.174733684,0
			-34.0550066399999,-70.1748294259999,0
			-34.0542902089999,-70.1748194519999,0
			-34.0534426199998,-70.174564565,0
			-34.0527084199999,-70.174102405,0
			-34.0517210969999,-70.1735025659999,0
			-34.0510662539999,-70.172883712,0
			-34.0505881709999,-70.1724063779999,0
			-34.0498420669999,-70.1716420599999,0
			-34.0489706739999,-70.1707833769999,0
			-34.048274931,-70.1702683749999,0
			-34.047551104,-70.169956412,0
			-34.0469545179999,-70.169788823,0
			-34.046322092,-70.169622606,0
			-34.0457215889999,-70.169354415,0
			-34.0452183639999,-70.169383007,0
			-34.0448508139999,-70.1696561849999,0
			-34.044367408,-70.1701874459999,0
			-34.0439348799999,-70.1708679609999,0
			-34.043424886,-70.1717542709999,0
			-34.0429937209999,-70.1725854799999,0
			-34.0427254599999,-70.1732066439999,0
			-34.042375744,-70.173932378,0
			-34.042115311,-70.1747539399999,0
			-34.0416703529999,-70.1752328809998,0
			-34.0408889209999,-70.1756309419999,0
			-34.040559838,-70.1758511,0
			-34.0399505909999,-70.1763901459999,0
			-34.038769067,-70.1772638179999,0
			-34.038029948,-70.1777093779999,0
			-34.037384248,-70.178351181,0
			-34.0368258709998,-70.1790387309999,0
			-34.0360517329999,-70.179737839,0
			-34.0355746659999,-70.1803199249998,0
			-34.03505416,-70.1810553559998,0
			-34.0346255589999,-70.181836249,0
			-34.034186436,-70.1824663099999,0
			-34.033788344,-70.1829932029999,0
			-34.033312764,-70.1837260349999,0
			-34.032928485,-70.1846052099999,0
			-34.0325460849999,-70.185534182,0
			-34.032358632,-70.1861498769999,0
			-34.0323557299999,-70.187108791,0
			-34.0325228959999,-70.18815819,0
			-34.0326842769999,-70.189056485,0
			-34.032672873,-70.1899143919998,0
			-34.0325885439999,-70.1909786549999,0
			-34.0326082699999,-70.1914818789999,0
			-34.032731065,-70.1924330589999,0
			-34.0329367479999,-70.1934295029999,0
			-34.033061549,-70.194431298,0
			-34.0332287229999,-70.195481252,0
			-34.0335237229999,-70.1965734649999,0
			-34.0339153029999,-70.198064582,0
			-34.0341698399999,-70.199159798,0
			-34.034337051,-70.2002092399999,0
			-34.0344716019999,-70.2014625889999,0
			-34.034509339,-70.2035788669999,0
			-34.0344835269999,-70.204992164,0
			-34.0343580159999,-70.2061594049999,0
			-34.034006092,-70.2068344959999,0
			-34.033523069,-70.2072653879999,0
			-34.0330720119999,-70.207593085,0
			-34.032708338,-70.207967185,0
			-34.032275539,-70.2086467,0
			-34.031596395,-70.2095929939999,0
			-34.031281075,-70.2101651949998,0
			-34.0310634019999,-70.2109339929999,0
			-34.0308992729999,-70.2121535109999,0
			-34.030682973,-70.213073697,0
			-34.030556007,-70.2140889389999,0
			-34.0303664649998,-70.214654745,0
			-34.0304037079999,-70.2156106569999,0
			-34.0306886759999,-70.2164520009999,0
			-34.031089675,-70.2170345779999,0
			-34.0312371119999,-70.2175813269999,0
			-34.0312280809999,-70.2183884899999,0
			-34.0310847009999,-70.219102514,0
			-34.0307464969999,-70.2201301679999,0
			-34.0306402919999,-70.2206406339999,0
			-34.0305419169999,-70.2213519219999,0
			-34.0305190759999,-70.2218069689999,0
			-34.030602652,-70.2229118199999,0
			-34.0308510129998,-70.2238558609999,0
			-34.0310407929999,-70.224450345,0
			-34.0314925759999,-70.2251816069999,0
			-34.0317637749999,-70.22567079,0
			-34.0318584149999,-70.2260183899999,0
			-34.0317892369999,-70.226325211,0
			-34.0316439539999,-70.2269885329999,0
			-34.031468541,-70.2278056349999,0
			-34.0315037489999,-70.228711043,0
			-34.031544889,-70.229768271,0
			-34.031666899,-70.230820191,0
			-34.031767891,-70.231218289,0
			-34.031839638,-70.2320207649999,0
			-34.0318728759999,-70.2328762809999,0
			-34.031861733,-70.23363355,0
			-34.0319882159999,-70.2346852769999,0
			-34.0322378459999,-70.2357808519999,0
			-34.0323623739999,-70.2367826019998,0
			-34.0324072439999,-70.2379397229999,0
			-34.0323856969999,-70.2385460839999,0
			-34.0324599689999,-70.239298476,0
			-34.0326171039999,-70.2400971479999,0
			-34.0327135659999,-70.2404945739999,0
			-34.0328145999999,-70.2408926859998,0
			-34.0331339649999,-70.241580684,0
			-34.0335915029999,-70.242463167,0
			-34.033872425,-70.2432041229999,0
			-34.0341025419999,-70.2437963299999,0
			-34.03423614,-70.2439903919999,0
			-34.0345034059999,-70.2443791429999,0
			-34.035194465,-70.2448949459999,0
			-34.0359186689998,-70.245106694,0
			-34.036636442,-70.245267949,0
			-34.0372734119999,-70.2454345039999,0
			-34.0378718069999,-70.2456532969999,0
			-34.0385062729999,-70.245870047,0
			-34.0393504279999,-70.245923568,0
			-34.0400584839999,-70.245833289,0
			-34.0408467039999,-70.2454869169999,0
			-34.041215768,-70.2453648779999,0
			-34.0418878929999,-70.2452772629999,0
			-34.0425632969999,-70.2453909669999,0
			-34.0429562969999,-70.2457720149999,0
			-34.043685776,-70.2462357289999,0
			-34.0442413,-70.2465076089999,0
			-34.0448455529998,-70.246876852,0
			-34.045188399,-70.2470091339999,0
			-34.045745778,-70.2473310189999,0
			-34.046305154,-70.247703433,0
			-34.0468586759999,-70.2479247169999,0
			-34.0475848029999,-70.248186341,0
			-34.048459167,-70.2480875059999,0
			-34.0494175599999,-70.2478324579999,0
			-34.049875852,-70.2478067759999,0
			-34.0503889469999,-70.2480296969999,0
			-34.0510663439999,-70.248193967,0
			-34.0517808339999,-70.248154026,0
			-34.052452311,-70.2481665299999,0
			-34.0534627699999,-70.24821152,0
			-34.054130394,-70.248123407,0
			-34.054798015,-70.2480353839998,0
			-34.0555953699999,-70.2480414779999,0
			-34.0563117829999,-70.2480521589999,0
			-34.056942901,-70.248066912,0
			-34.0572773779999,-70.2480989749999,0
			-34.0575168849999,-70.248237046,0
			-34.0577124009999,-70.2489822139999,0
			-34.0579777209999,-70.2493205569999,0
			-34.0583649239999,-70.249551071,0
			-34.058756052,-70.2498822989999,0
			-34.059025219,-70.2503217139999,0
			-34.0591613319999,-70.250811993,0
			-34.0593262149998,-70.2515818479999,0
			-34.0595670739999,-70.2522177319999,0
			-34.0598334649999,-70.2528197299999,0
			-34.0604716979999,-70.2533684489999,0
			-34.061381496,-70.2538371159999,0
			-34.0620066969999,-70.2539320699999,0
			-34.062954142,-70.253976472,0
			-34.0638833799999,-70.254248562,0
			-34.0649994169999,-70.2551602319999,0
			-34.0657650779999,-70.2560915189999,0
			-34.066341947,-70.257033352,0
			-34.0667325319999,-70.25805056,0
			-34.067116867,-70.2589056809999,0
			-34.0677657559999,-70.25961559,0
			-34.0684843019999,-70.2600300459999,0
			-34.0695365089999,-70.260685676,0
			-34.070388587,-70.261060227,0
			-34.0712137569998,-70.26143634,0
			-34.0713855349999,-70.26168639,0
			-34.071475227,-70.2619087689999,0
			-34.071518419,-70.2623284249999,0
			-34.071538502,-70.2628468999999,0
			-34.071352791,-70.263636456,0
			-34.0713251559999,-70.26431925,0
			-34.0713539069999,-70.265064404,0
			-34.0713456359999,-70.265551918,0
			-34.0712258639999,-70.2659483779999,0
			-34.0710020459998,-70.2664478619999,0
			-34.0706934139999,-70.2668546469999,0
			-34.0701729579999,-70.267370749,0
			-34.0696423959999,-70.267627567,0
			-34.0691389589999,-70.2678830099999,0
			-34.068609685,-70.268172152,0
			-34.0677398519998,-70.2687401059999,0
			-34.0671089689999,-70.2691966529999,0
			-34.0665602329999,-70.2696818499999,0
			-34.065936861,-70.2703335219999,0
			-34.06565398,-70.270706386,0
			-34.065354213,-70.271339976,0
			-34.065136528,-70.2720015039999,0
			-34.0649652089999,-70.2724655069999,0
			-34.064820943,-70.2729280469999,0
			-34.0644909,-70.2741796079999,0
			-34.064351561,-70.274771726,0
			-34.0640667269998,-70.275794135,0
			-34.0638759239999,-70.2764540939999,0
			-34.0638200929999,-70.277106488,0
			-34.0638386809999,-70.277592405,0
			-34.0635803269999,-70.2778990319999,0
			-34.0631137149999,-70.2784120159999,0
			-34.0627291819999,-70.2789528549999,0
			-34.062402327,-70.279587228,0
			-34.0622140799999,-70.2803120019999,0
			-34.0620797149999,-70.2810336759999,0
			-34.0618130199999,-70.28182774,0
			-34.0613858,-70.2826631419999,0
			-34.0607705849999,-70.283411553,0
			-34.0602367209999,-70.2842852719999,0
			-34.059804492,-70.284990444,0
			-34.059317082,-70.2856668159999,0
			-34.0588591449998,-70.2864064689999,0
			-34.0584675809999,-70.2874671,0
			-34.058345587,-70.288512806,0
			-34.058331441,-70.289551709,0
			-34.0585035669999,-70.2905162129998,0
			-34.058765326,-70.2917029179999,0
			-34.0591042329999,-70.2927879299999,0
			-34.05949951,-70.293934873,0
			-34.0598271449999,-70.2947277009999,0
			-34.0599071789999,-70.2954051069999,0
			-34.0598303899999,-70.296220993,0
			-34.0597697619999,-70.29745803,0
			-34.059873344,-70.2987510049999,0
			-34.060108048,-70.299938584,0
			-34.0603966209999,-70.3011238839999,0
			-34.060731744,-70.3021117879999,0
			-34.0610838079999,-70.302839171,0
			-34.0617864609999,-70.3035470759999,0
			-34.06258385,-70.3040224589999,0
			-34.063292293,-70.304177378,0
			-34.0641257369999,-70.30406712,0
			-34.064796104,-70.3039326129999,0
			-34.0652250759999,-70.303843937,0
			-34.065470239,-70.30389536,0
			-34.0657215209999,-70.3041080799999,0
			-34.0659853139999,-70.3046454419999,0
			-34.0659930969999,-70.305554193,0
			-34.0660938679999,-70.306068108,0
			-34.0664326439999,-70.307153354,0
			-34.0668950109998,-70.3079394929999,0
			-34.0669306649999,-70.3084002189999,0
			-34.0668708159999,-70.3087201099999,0
			-34.0664016009999,-70.309167389,0
			-34.0653684969999,-70.309711533,0
			-34.064415127,-70.3102187219999,0
			-34.0636492609999,-70.310683161,0
			-34.0632339189999,-70.311128046,0
			-34.0629106589998,-70.3118601709999,0
			-34.0627761099999,-70.3125819739999,0
			-34.062447799,-70.3131845029999,0
			-34.0621423929999,-70.313558547,0
			-34.061532152,-70.3138519029999,0
			-34.0606509029999,-70.3141277559999,0
			-34.0600601909999,-70.314225329,0
			-34.059252505,-70.314302332,0
			-34.0584215329999,-70.3144773179999,0
			-34.057915376,-70.3146675259999,0
			-34.057289688,-70.314913046,0
			-34.057354748,-70.3159091289999,0
			-34.057407558,-70.3169376869999,0
			-34.0574369549999,-70.318061562,0
			-34.0574132039999,-70.3192079629999,0
			-34.0573754989999,-70.3203457119999,0
			-34.057374527,-70.321027542,0
			-34.0573539329999,-70.3219052269999,0
			-34.057435095,-70.3226150519999,0
			-34.057680391,-70.3233806809999,0
			-34.0581905289998,-70.3240019419999,0
			-34.0588868309999,-70.3245473759999,0
			-34.0592313999999,-70.3250804189999,0
			-34.0594853889999,-70.3260729049999,0
			-34.0594598069999,-70.3268209409999,0
			-34.05925909,-70.3279359309998,0
			-34.059113596,-70.3290802729999,0
			-34.0589323449999,-70.329998598,0
			-34.058657915,-70.3305980579999,0
			-34.0583981579999,-70.3308720829999,0
			-34.057847914,-70.3313244079999,0
			-34.0574582029999,-70.331735393,0
			-34.0571838359999,-70.3323348369999,0
			-34.0567781649999,-70.3330389969999,0
			-34.056462197,-70.3339652979999,0
			-34.056143829,-70.335540459,0
			-34.056015287,-70.336424064,0
			-34.055824162,-70.337083903,0
			-34.0555190449999,-70.337587599,0
			-34.0551085489999,-70.338162149,0
			-34.054715148,-70.3384758409999,0
			-34.0540373889999,-70.3391298749999,0
			-34.053677176,-70.339604196,0
			-34.0534246719999,-70.3400717769999,0
			-34.053244493,-70.340308932,0
			-34.0529773059999,-70.3403885129999,0
			-34.052279927,-70.3405241559999,0
			-34.0513655059999,-70.3406391619999,0
			-34.050505045,-70.3407512869999,0
			-34.0499118439999,-70.3407838379998,0
			-34.049425222,-70.340778041,0
			-34.0491040729999,-70.3408605819999,0
			-34.0488454929999,-70.341166957,0
			-34.0485317549999,-70.341443795,0
			-34.0480243599999,-70.341601498,0
			-34.0473219679999,-70.3416074719999,0
			-34.0464565679998,-70.341589937,0
			-34.0455667299999,-70.3416387529999,0
			-34.0450224789999,-70.341538685,0
			-34.0445027369999,-70.341372443,0
			-34.044257592,-70.3413209269999,0
			-34.0436103549999,-70.3413564379999,0
			-34.042859087,-70.3414949389999,0
			-34.0423785999999,-70.3416511039999,0
			-34.0418331859999,-70.3422328289999,0
			-34.041447181,-70.342740829,0
			-34.0410010789999,-70.3430899179999,0
			-34.0403404049999,-70.343483095,0
			-34.039787724,-70.3438705159999,0
			-34.0393439389999,-70.3442843219999,0
			-34.039133179,-70.3444257309999,0
			-34.0390253289999,-70.3444316599999,0
			-34.038831605,-70.3443123529999,0
			-34.0385238979999,-70.344037112,0
			-34.0379380029999,-70.343549835,0
			-34.037371606,-70.3428667619999,0
			-34.0369179909999,-70.3423073129999,0
			-34.0364153519999,-70.3418804679999,0
			-34.0360820039999,-70.341639089,0
			-34.035505832,-70.3414109269999,0
			-34.035119719,-70.3412049289998,0
			-34.0344479969999,-70.340593177,0
			-34.0338840529999,-70.3399749679999,0
			-34.0333250459999,-70.3394863059999,0
			-34.0328065729999,-70.3393524229999,0
			-34.0322378069999,-70.3393187279999,0
			-34.0314006589999,-70.3393320119999,0
			-34.030808582,-70.3393969739999,0
			-34.0304825679999,-70.3393498809999,0
			-34.030152882,-70.339205749,0
			-34.029711097,-70.338840515,0
			-34.029012388,-70.3382296409999,0
			-34.027969083,-70.337085969,0
			-34.026432987,-70.3357752509999,0
			-34.024958338,-70.3346554129999,0
			-34.024122231,-70.3339871809999,0
			-34.0235644719999,-70.3335310219999,0
			-34.0226890769999,-70.3325405799999,0
			-34.0221498179999,-70.3319786139999,0
			-34.0215676099999,-70.331473653,0
			-34.0211301529999,-70.3311021759999,0
			-34.020757115,-70.3307649819999,0
			-34.0203781529999,-70.330039458,0
			-34.020178147,-70.329044358,0
			-34.019927921,-70.3281494429999,0
			-34.019879997,-70.3276003199999,0
			-34.0199447369999,-70.3264617199999,0
			-34.019836684,-70.325753743,0
			-34.0193989219999,-70.3249015289999,0
			-34.018908396,-70.324084791,0
			-34.0183088139999,-70.3232415289999,0
			-34.0177178709999,-70.322624998,0
			-34.0172576999999,-70.3221304469999,0
			-34.0168202139999,-70.321758948,0
			-34.016360181,-70.3213887919999,0
			-34.0158786699999,-70.321161048,0
			-34.015473264,-70.3211590269999,0
			-34.0148384319999,-70.3215184219999,0
			-34.0142036069999,-70.321877102,0
			-34.013785673,-70.322257059,0
			-34.0135504369999,-70.3224646389999,0
			-34.0132955869999,-70.3228680549999,0
			-34.0129892529999,-70.3233391579999,0
			-34.0125444079999,-70.3237206379999,0
			-34.0121032459999,-70.3241990449999,0
			-34.0118177269999,-70.324506787,0
			-34.0114477289999,-70.325078726,0
			-34.0111476209999,-70.3257117159999,0
			-34.0108349279999,-70.3264907889998,0
			-34.010606098,-70.327103677,0
			-34.0104541279999,-70.327371522,0
			-34.0103273249998,-70.3276826059999,0
			-34.0097905659999,-70.327790105,0
			-34.0094004929999,-70.3275448739999,0
			-34.008909832,-70.3271528619999,0
			-34.008483736,-70.326795304,0
			-34.0078434329999,-70.326639954,0
			-34.0071873109999,-70.3264856009998,0
			-34.006292252,-70.3263060679999,0
			-34.005552504,-70.3260420249999,0
			-34.0048228329999,-70.3252060869999,0
			-34.0042471039999,-70.324247395,0
			-34.0032728019999,-70.3236533099999,0
			-34.002181863,-70.322494443,0
			-34.0014938729999,-70.321922924,0
			-34.000875058,-70.321499816,0
			-34.0002576049999,-70.321114788,0
			-33.999748234,-70.321066543,0
			-33.999338237,-70.3211271599999,0
			-33.998840376,-70.321383063,0
			-33.998454904,-70.321670862,0
			-33.998124006,-70.3221460309999,0
			-33.9977990049999,-70.322773226,0
			-33.9976221229999,-70.3231257139999,0
			-33.997256707,-70.323526633,0
			-33.996921487,-70.3238878349999,0
			-33.9964467039999,-70.3239139099999,0
			-33.996000608,-70.3238622849998,0
			-33.9954380269999,-70.3240835409999,0
			-33.9949718709999,-70.3243376919999,0
			-33.9946784969999,-70.3249631259999,0
			-33.9942786299999,-70.325708683,0
			-33.993813905,-70.326000802,0
			-33.9932629649999,-70.3265260799999,0
			-33.9925780679999,-70.326868336,0
			-33.991956592,-70.3272070529999,0
			-33.9909882449999,-70.3276029839999,0
			-33.9902975959999,-70.3277932089999,0
			-33.9896702969999,-70.3279798969999,0
			-33.9890055389998,-70.3280163809999,0
			-33.9884026209999,-70.3280113459999,0
			-33.9876054179999,-70.3279028089999,0
			-33.9869981899998,-70.327783746,0
			-33.986252828,-70.3277865219998,0
			-33.9857866639999,-70.328040535,0
			-33.985221204,-70.3281857809999,0
			-33.984717581,-70.328289597,0
			-33.984244234,-70.3283536249999,0
			-33.9834341429999,-70.3287407979999,0
			-33.9828729909999,-70.3289999699999,0
			-33.982464427,-70.3290986079999,0
			-33.9819334749999,-70.3293180749999,0
			-33.9813694489999,-70.3295012849999,0
			-33.981166657,-70.330007413,0
			-33.9809335849999,-70.330553326,0
			-33.9807366059998,-70.331211448,0
			-33.9805137289999,-70.332023197,0
			-33.980375637,-70.3325639339999,0
			-33.980082303,-70.334026982,0
			-33.980268049,-70.334740287,0
			-33.9802292339999,-70.335389783,0
			-33.9802624439999,-70.3362636969999,0
			-33.9801401829999,-70.3372223459999,0
			-33.980174814,-70.3381343249999,0
			-33.980013804,-70.3389047209999,0
			-33.9798253809999,-70.339790764,0
			-33.9795980729999,-70.3404886379999,0
			-33.9793592989999,-70.3408825179999,0
			-33.9792139329999,-70.3412331709999,0
			-33.9787031509999,-70.3415656679999,0
			-33.978308904,-70.3420441789999,0
			-33.977700205,-70.3427247749999,0
			-33.9772225699999,-70.343512415,0
			-33.9766513769999,-70.3443431759999,0
			-33.97625855,-70.34485964,0
			-33.975684483,-70.3456145219998,0
			-33.9747563809999,-70.3462363009999,0
			-33.9742354909999,-70.3467216399999,0
			-33.973836859,-70.3470860899999,0
			-33.9734397319999,-70.347488423,0
			-33.973068514,-70.347737228,0
			-33.972481409,-70.3481500339999,0
			-33.9721202069999,-70.3486646489999,0
			-33.9714310239999,-70.3493114239999,0
			-33.971035242,-70.3497518849999,0
			-33.970350359,-70.350093784,0
			-33.969509923,-70.3505203789999,0
			-33.969006357,-70.350624048,0
			-33.9680954239999,-70.3508640269999,0
			-33.967712763,-70.3508087669998,0
			-33.967332815,-70.3508294469999,0
			-33.966902639,-70.3503580439999,0
			-33.9664320979999,-70.349660268,0
			-33.965807581,-70.349085262,0
			-33.9654622039999,-70.3491801759999,0
			-33.9648233579999,-70.3490628059999,0
			-33.9643283249999,-70.348556709,0
			-33.963826132,-70.3478607719999,0
			-33.9633023879999,-70.347432523,0
			-33.9630505759999,-70.347065577,0
			-33.962592967,-70.346709839,0
			-33.961979958,-70.3464387219999,0
			-33.9615713079999,-70.3465370769999,0
			-33.9613181319999,-70.3465509089999,0
			-33.960936755,-70.3465336389999,0
			-33.9604590289998,-70.346483644,0
			-33.960141074,-70.346462942,0
			-33.9598216129999,-70.34640418,0
			-33.959401365,-70.3461987019999,0
			-33.9591798279999,-70.346210817,0
			-33.958450286,-70.3462125339999,0
			-33.9581322559999,-70.346191832,0
			-33.9578157299999,-70.346209098,0
			-33.9573450889998,-70.3463489399999,0
			-33.957063064,-70.346440507,0
			-33.9567824709999,-70.3465700429999,0
			-33.956473102,-70.346777228,0
			-33.9561393239999,-70.347176137,0
			-33.955829954,-70.347383408,0
			-33.9553665379999,-70.3477131589999,0
			-33.9549377719999,-70.348117123,0
			-33.9545564589999,-70.348518639,0
			-33.954434202,-70.3486394919999,0
			-33.9541967609999,-70.3490711999999,0
			-33.9540470819999,-70.3493077529999,0
			-33.9538067769999,-70.349663439,0
			-33.953527612,-70.3498310109999,0
			-33.9533146539999,-70.3500709959999,0
			-33.9530700609999,-70.3503126909999,0
			-33.9529261,-70.3507011839999,0
			-33.952816706,-70.3511639809999,0
			-33.9527346619999,-70.3515109899999,0
			-33.9526584079999,-70.3520100319999,0
			-33.952674206,-70.3524279129999,0
			-33.9526295859999,-70.352925238,0
			-33.9524612009999,-70.3535053529999,0
			-33.9523244469999,-70.3540837519999,0
			-33.952305743,-70.3544273269999,0
			-33.9521949079999,-70.354852148,0
			-33.9520165109999,-70.355166418,0
			-33.9517128429999,-70.355525507,0
			-33.9514408109999,-70.3558828759999,0
			-33.951304046,-70.356461353,0
			-33.9512939049999,-70.3570328839999,0
			-33.9511082119999,-70.3579946029999,0
			-33.9510707819999,-70.358681826,0
			-33.9509066499999,-70.3593759889999,0
			-33.9505770379998,-70.3598888,0
			-33.950276284,-70.3603238839999,0
			-33.949874762,-70.3606121559999,0
			-33.9493365,-70.361060115,0
			-33.9490313889999,-70.361381206,0
			-33.948821338,-70.3616971619999,0
			-33.948578072,-70.3619768619999,0
			-33.9483405889999,-70.3624084159999,0
			-33.94812618,-70.3626103889998,0
			-33.9477837209999,-70.3627813329999,0
			-33.9475088179999,-70.36306265,0
			-33.9471374999999,-70.3633112249999,0
			-33.9468625929999,-70.3635926299999,0
			-33.9463704849999,-70.363581322,0
			-33.9461258649999,-70.3638229599999,0
			-33.9458898,-70.3642926329999,0
			-33.945590458,-70.364765549,0
			-33.9451658389999,-70.3652834409999,0
			-33.9446362529999,-70.3655405539999,0
			-33.9442649289999,-70.3657891089999,0
			-33.9434547299999,-70.3661756679999,0
			-33.942925142,-70.3664328569999,0
			-33.9425466889999,-70.3664915169999,0
			-33.9421035369999,-70.3665155469999,0
			-33.941661664,-70.366577535,0
			-33.9411652119999,-70.3668709679998,0
			-33.940693199,-70.366972623,0
			-33.9402212589999,-70.3670743669999,0
			-33.939813946,-70.367210738,0
			-33.9392484429999,-70.3673555689999,0
			-33.938842555,-70.367529894,0
			-33.9382856019999,-70.3679026469999,0
			-33.937914349,-70.368151089,0
			-33.9375071059999,-70.368287451,0
			-33.9372969669999,-70.36860326,0
			-33.937186009,-70.3690279869999,0
			-33.9369571989999,-70.3692686859999,0
			-33.93646074,-70.3695620869999,0
			-33.9360562729999,-70.369774354,0
			-33.9352000299999,-70.3702014049999,0
			-33.9349236849999,-70.3704447019999,0
			-33.9345279089999,-70.3708847929998,0
			-33.9340989959999,-70.3712886289999,0
			-33.9336686569999,-70.3716545069998,0
			-33.933336152,-70.3720910799999,0
			-33.932629461,-70.372700321,0
			-33.9319185019999,-70.373195509,0
			-33.931175825,-70.373692482,0
			-33.9308116759998,-70.3741308329999,0
			-33.9301668279999,-70.3746985799999,0
			-33.9295565379999,-70.3753405239999,0
			-33.92893771,-70.375754554,0
			-33.9279403499999,-70.3762271879999,0
			-33.9273734129999,-70.376334076,0
			-33.926735945,-70.3762543409999,0
			-33.926128639,-70.376344361,0
			-33.9256882569999,-70.376444331,0
			-33.9248356109999,-70.376547505,0
			-33.923598704,-70.3766601809999,0
			-33.922342499,-70.376728145,0
			-33.9216926159999,-70.3769790229999,0
			-33.9207597389998,-70.3776765719999,0
			-33.9201723239999,-70.3779960569999,0
			-33.9196447099999,-70.378312246,0
			-33.9193093999999,-70.378482834,0
			-33.9188217989999,-70.378642995,0
			-33.918448304,-70.378376985,0
			-33.917700732,-70.3776264439999,0
			-33.917018441,-70.3770163539999,0
			-33.9162681889999,-70.3761941089999,0
			-33.9154716299999,-70.375733996,0
			-33.9145743819999,-70.3757825759999,0
			-33.913853796,-70.3757495529999,0
			-33.912592246,-70.375674163,0
			-33.9117439689999,-70.375432369,0
			-33.9110696789999,-70.3750375169999,0
			-33.9103738699999,-70.3740686939998,0
			-33.9099011499999,-70.3726564519999,0
			-33.9095668769999,-70.371739969,0
			-33.9088737889999,-70.3708429159998,0
			-33.9082404189999,-70.3699425749999,0
			-33.907669594,-70.369110855,0
			-33.9070524849999,-70.368641053,0
			-33.9063917679999,-70.368604977,0
			-33.9056303179999,-70.3690776299999,0
			-33.9048118159999,-70.369625201,0
			-33.9037566289999,-70.3702573959999,0
			-33.9028752799999,-70.3708821719999,0
			-33.9026598419999,-70.371049362,0
			-33.901891371,-70.371495016,0
			-33.9014593819999,-70.371717029,0
			-33.9007379909999,-70.3722204819999,0
			-33.9001603049999,-70.3726689949999,0
			-33.8996329569998,-70.37288947,0
			-33.8991080869999,-70.3728810579999,0
			-33.8984420579999,-70.372698777,0
			-33.8977276739999,-70.372572866,0
			-33.897254984,-70.37216459,0
			-33.8967345739999,-70.37175573,0
			-33.896260675,-70.3714620809999,0
			-33.8957365169999,-70.3713964609999,0
			-33.895354793,-70.3713902589999,0
			-33.8948719049999,-70.371897587,0
			-33.8946778549999,-70.372180624,0
			-33.8943870999999,-70.3725764779999,0
			-33.8942891949999,-70.3728038209998,0
			-33.893712219,-70.373195171,0
			-33.8933470989999,-70.373276667,0
			-33.892994497,-70.373355347,0
			-33.892324639,-70.373516291,0
			-33.8918462829998,-70.3736230759999,0
			-33.891126723,-70.3739548969999,0
			-33.8906954429999,-70.374119568,0
			-33.8901680189999,-70.3743400119999,0
			-33.889735462,-70.3746192019999,0
			-33.8893505459999,-70.37489915,0
			-33.8887709349999,-70.37551932,0
			-33.888389284,-70.3755131039999,0
			-33.8881997009999,-70.3753957009999,0
			-33.8878689589999,-70.375104272,0
			-33.8874427109999,-70.3748113129999,0
			-33.8867772479998,-70.3745717409999,0
			-33.8862524509999,-70.3745633229999,0
			-33.8855367199999,-70.3745518429999,0
			-33.8851438569999,-70.374686294,0
			-33.8849803489999,-70.374651958,0
			-33.884265172,-70.3747626369999,0
			-33.8836898699999,-70.3749108979999,0
			-33.8831599849999,-70.375431025,0
			-33.8829293019999,-70.375765422,0
			-33.8827082639999,-70.376116181,0
			-33.882500971,-70.376473005,0
			-33.88229854,-70.3768376089999,0
			-33.8820961479999,-70.3772049629999,0
			-33.8818984419999,-70.377576108,0
			-33.8817052329998,-70.3779482969999,0
			-33.8815166669999,-70.378321002,0
			-33.881323387,-70.378692567,0
			-33.8811348039999,-70.3790665979998,0
			-33.8809508279999,-70.3794450409999,0
			-33.8807714759998,-70.379825947,0
			-33.8805966739999,-70.3802094069999,0
			-33.880422181,-70.380598186,0
			-33.8802659219999,-70.3809946939999,0
			-33.8801232829999,-70.38139523,0
			-33.87997639,-70.3817994179999,0
			-33.879829308,-70.382200767,0
			-33.8796869139999,-70.382605375,0
			-33.879571757,-70.383018663,0
			-33.8794841609999,-70.3834445269999,0
			-33.87941481,-70.3838768859999,0
			-33.879363666,-70.3843129909999,0
			-33.8793362339999,-70.384795095,0
			-33.879382785,-70.3851820249998,0
			-33.8794930799999,-70.385602583,0
			-33.8796344829999,-70.3860094719999,0
			-33.8798109609999,-70.3863914189999,0
			-33.8800311279999,-70.386737941,0
			-33.8802732079999,-70.3870671019999,0
			-33.8805109309999,-70.387402569,0
			-33.880739938,-70.3877445449999,0
			-33.8809646659999,-70.388092297,0
			-33.881158661,-70.3884598349999,0
			-33.8813307839999,-70.388847395,0
			-33.8814810109998,-70.389250367,0
			-33.8816046069999,-70.389662917,0
			-33.881710444,-70.3900844809999,0
			-33.881794166,-70.3905146339999,0
			-33.8818553939999,-70.390948056,0
			-33.881862568,-70.391379004,0
			-33.881784114,-70.3918105989999,0
			-33.881678407,-70.3922347519999,0
			-33.8815497279999,-70.3926453339999,0
			-33.8814117859999,-70.3930516909999,0
			-33.881283099,-70.39346289,0
			-33.8811952839999,-70.3938854689998,0
			-33.8811213589999,-70.3943140329999,0
			-33.8810519119999,-70.3947450599999,0
			-33.8809914699999,-70.3951768529999,0
			-33.880926653,-70.3956096359998,0
			-33.8808753339999,-70.396044409,0
			-33.880837598,-70.3964798479999,0
			-33.8807498289999,-70.396903752,0
			-33.880630309,-70.3973197879999,0
			-33.8804924259999,-70.3977262189998,0
			-33.880336053,-70.3981213659999,0
			-33.880142845,-70.398494301,0
			-33.8799029239999,-70.398823776,0
			-33.8796302749999,-70.399120564,0
			-33.8793669309999,-70.3994242319999,0
			-33.8791034589999,-70.3997259489999,0
			-33.8788211179999,-70.4000044159999,0
			-33.8785198059999,-70.4002554689999,0
			-33.878208494,-70.4004827959999,0
			-33.8778779749999,-70.4006774789999,0
			-33.8775424469998,-70.400858082,0
			-33.8772260179999,-70.4010675179999,0
			-33.876948242,-70.4013470229999,0
			-33.8767086479999,-70.401685873,0
			-33.876496715,-70.4020415589998,0
			-33.8762943339999,-70.4024081159999,0
			-33.8761056069999,-70.4027820689999,0
			-33.8759215599999,-70.4031604369999,0
			-33.8757512469999,-70.4035454939999,0
			-33.8755904719999,-70.4039430159999,0
			-33.8754203569999,-70.4043301089999,0
			-33.875236238,-70.4047078509999,0
			-33.875043069,-70.405081987,0
			-33.8748588459999,-70.405455649,0
			-33.8746748619999,-70.4058340959999,0
			-33.8744629679999,-70.4061917109999,0
			-33.8742230929999,-70.4065217639999,0
			-33.8739737519999,-70.406839616,0
			-33.8737152109999,-70.407154479,0
			-33.8734519039999,-70.4074596109999,0
			-33.8731930999999,-70.407764989,0
			-33.872939238,-70.408083733,0
			-33.8727088229999,-70.408426064,0
			-33.8724876429999,-70.4087747469999,0
			-33.8722523179999,-70.409106631,0
			-33.8719936199999,-70.409415458,0
			-33.871730307,-70.409720485,0
			-33.8714811209999,-70.410043635,0
			-33.8712459629999,-70.4103801199999,0
			-33.8709967139999,-70.410702024,0
			-33.870718919,-70.410981477,0
			-33.87042208,-70.4112336039999,0
			-33.870120088,-70.4114711189999,0
			-33.869804385,-70.4116992849999,0
			-33.8694883859998,-70.4119214239999,0
			-33.8691678229999,-70.4121418029999,0
			-33.868851707,-70.412361189,0
			-33.8685256809999,-70.412555524,0
			-33.8681951949999,-70.412752089,0
			-33.8678985349998,-70.4130075689999,0
			-33.867577212,-70.413210305,0
			-33.8672308609998,-70.4133409799999,0
			-33.8668745149999,-70.413447753,0
			-33.866517707,-70.413543096,0
			-33.8661606379998,-70.4136291359999,0
			-33.865798711,-70.413707211,0
			-33.8654407889999,-70.413770916,0
			-33.8650780309999,-70.413824801,0
			-33.8647155419999,-70.413887369,0
			-33.8643584999999,-70.4139773899999,0
			-33.8640127599999,-70.4141255119999,0
			-33.8636822239999,-70.4143200239999,0
			-33.8633656489999,-70.4145272499999,0
			-33.863044992,-70.4147428199998,0
			-33.8627289109999,-70.4149649269999,0
			-33.862413148,-70.4151917319999,0
			-33.862111171,-70.415427176,0
			-33.8618097309999,-70.4156802499999,0
			-33.861517894,-70.4159463189999,0
			-33.8612401509999,-70.416226348,0
			-33.8609628369998,-70.4165205489999,0
			-33.8606855799999,-70.416816164,0
			-33.8604125569998,-70.4171033499999,0
			-33.860125269,-70.4173718759999,0
			-33.8598225599999,-70.4175871939999,0
			-33.859450323,-70.417630011,0
			-33.859109809,-70.4177986539999,0
			-33.8587776279999,-70.4179493669999,0
			-33.858409104,-70.4179711689999,0
			-33.8580507229999,-70.4180234229999,0
			-33.857704568,-70.4181620369999,0
			-33.8573640029999,-70.418328726,0
			-33.8570183029998,-70.4184794759999,0
			-33.8566723819998,-70.4186234919999,0
			-33.8563416689999,-70.4188132759999,0
			-33.8560778609999,-70.419108119,0
			-33.8558522589999,-70.4194596419999,0
			-33.855686535,-70.4198463339999,0
			-33.8555759389999,-70.420263248,0
			-33.8554654449999,-70.4206841479999,0
			-33.8553411619999,-70.4210963149999,0
			-33.8552032559999,-70.4215045379999,0
			-33.855046702,-70.4218961569999,0
			-33.8548352879999,-70.4222658799999,0
			-33.8546510719999,-70.422640745,0
			-33.8545627079999,-70.4230510249999,0
			-33.854574778,-70.423496438,0
			-33.854600191,-70.423937735,0
			-33.8546523659999,-70.4243708899999,0
			-33.8546955049999,-70.42480584,0
			-33.8547432779999,-70.42524255,0
			-33.854786621,-70.4256788339999,0
			-33.854829813,-70.4261152049999,0
			-33.8548640029999,-70.4265506279999,0
			-33.854880169,-70.4269856669999,0
			-33.854855679,-70.4274161279999,0
			-33.8547589149999,-70.427842379,0
			-33.854666715,-70.428269766,0
			-33.8545834589999,-70.4286965919999,0
			-33.854509272,-70.4291249869999,0
			-33.8544577879998,-70.429557568,0
			-33.8544109179999,-70.4299933189999,0
			-33.854345801,-70.4304225699999,0
			-33.8542580439999,-70.4308483459999,0
			-33.8541701519998,-70.4312727879998,0
			-33.854077767,-70.431696093,0
			-33.8539810189999,-70.4321195889999,0
			-33.853888565,-70.432542181,0
			-33.8537916719999,-70.432965141,0
			-33.8536947799998,-70.4333879229999,0
			-33.8536023149999,-70.4338112239999,0
			-33.853220923,-70.434335679,0
			-33.853055325,-70.4347264059999,0
			-33.8528154759999,-70.435060461,0
			-33.8525753459999,-70.435386982,0
			-33.8523400629999,-70.435722082,0
			-33.8520956249999,-70.43605021,0
			-33.8518554349999,-70.4363753969999,0
			-33.8516062959999,-70.4367011399999,0
			-33.8513618259999,-70.4370319179999,0
			-33.8511542389999,-70.43738651,0
			-33.8509702599999,-70.437768766,0
			-33.8508321339999,-70.4381721579999,0
			-33.850707959,-70.43858906,0
			-33.850620044,-70.4390134759999,0
			-33.8505730309999,-70.4394458369999,0
			-33.8505984399999,-70.439889066,0
			-33.8507040639999,-70.440307875,0
			-33.850845506,-70.4407214439999,0
			-33.851039445,-70.441093038,0
			-33.8512892649999,-70.4413921719999,0
			-33.8515958559999,-70.4416443599999,0
			-33.8519106649999,-70.441875968,0
			-33.852225556,-70.44210687,0
			-33.8525483699999,-70.4423109899999,0
			-33.852866954,-70.4425228329999,0
			-33.8531857209998,-70.442737957,0
			-33.8535044819999,-70.4429537889999,0
			-33.853823306,-70.443170333,0
			-33.854137604,-70.443388488,0
			-33.8544520199999,-70.4436092099999,0
			-33.854762406,-70.4438396099998,0
			-33.8550685489999,-70.4440791459999,0
			-33.8553747909999,-70.4443226709999,0
			-33.85565113,-70.4446089049999,0
			-33.8558755829999,-70.4449539479999,0
			-33.8560386259999,-70.4453448029998,0
			-33.8561752729999,-70.445749733,0
			-33.8563297639999,-70.446151159,0
			-33.8565060119999,-70.44653055,0
			-33.8567174399999,-70.446889729,0
			-33.8569332079999,-70.4472440229999,0
			-33.8571622769999,-70.4475915479999,0
			-33.8573867719999,-70.447938641,0
			-33.8575893089999,-70.4482997119999,0
			-33.8577435759999,-70.448694329,0
			-33.857866959,-70.44910817,0
			-33.8580345039998,-70.4494981429999,0
			-33.8582592339999,-70.4498498549999,0
			-33.858351011,-70.4502621009999,0
			-33.8583852959999,-70.450700919,0
			-33.858410611,-70.4511423289999,0
			-33.8584537199999,-70.451577931,0
			-33.8584878849999,-70.452014089,0
			-33.8585085199999,-70.4524509029998,0
			-33.8585201399999,-70.4528876569999,0
			-33.8585138669999,-70.4533258759998,0
			-33.858503013,-70.4537638409998,0
			-33.858501169,-70.4542018699999,0
			-33.858535375,-70.4546400649999,0
			-33.858560573,-70.455077402,0
			-33.8585224419999,-70.455509944,0
			-33.858452738,-70.4559387629999,0
			-33.8583694419999,-70.4563669959999,0
			-33.858290715,-70.4567963709999,0
			-33.8582165679999,-70.457225374,0
			-33.858151408,-70.457656747,0
			-33.8581178909999,-70.4580917579999,0
			-33.858107016,-70.4585302479999,0
			-33.8581097209999,-70.458969504,0
			-33.8581258959999,-70.4594065959999,0
			-33.8581644749999,-70.4598418559999,0
			-33.8582210239999,-70.4602754759999,0
			-33.858286458,-70.46070721,0
			-33.8583608599999,-70.4611365299999,0
			-33.8584620749999,-70.461559666,0
			-33.8585897069999,-70.4619666039999,0
			-33.8587483159999,-70.46235902,0
			-33.8589202609999,-70.462748034,0
			-33.8590833759998,-70.4631402619999,0
			-33.8592377039999,-70.463538366,0
			-33.8593919119999,-70.4639338099998,0
			-33.8595681969999,-70.4643178569999,0
			-33.859770807,-70.4646810119999,0
			-33.8599998019999,-70.4650306299999,0
			-33.8602154169999,-70.4653809079999,0
			-33.8604135549999,-70.4657470039999,0
			-33.8605897909999,-70.466128399,0
			-33.86075734,-70.4665196549999,0
			-33.8609115889998,-70.4669170629999,0
			-33.8610615109999,-70.467318204,0
			-33.8611980189999,-70.467722571,0
			-33.8613301889999,-70.4681312929999,0
			-33.8614579719999,-70.468542242,0
			-33.861576654,-70.4689543669999,0
			-33.861704483,-70.4693674439998,0
			-33.8618278119999,-70.4697799159999,0
			-33.8619466869999,-70.4701940829999,0
			-33.8620654869999,-70.4706082489999,0
			-33.862179848,-70.471022695,0
			-33.862298768,-70.471438904,0
			-33.8624086779999,-70.4718547829999,0
			-33.8625185669999,-70.4722721639999,0
			-33.8626333709999,-70.4726986669999,0
			-33.862730492,-70.4731335439999,0
			-33.8627413799999,-70.4735514439999,0
			-33.862625419,-70.4738275129999,0
			-33.8625754589999,-70.473940181,0
			-33.8623359459999,-70.474286917,0
			-33.862048941,-70.474564647,0
			-33.8617082409999,-70.4747303179999,0
			-33.8613623099999,-70.474876238,0
			-33.8610507509999,-70.4751005889999,0
			-33.8607441399998,-70.4753375069999,0
			-33.8603673649999,-70.4759924209999,0
			-33.8602794669999,-70.476416757,0
			-33.860236932,-70.4768530289999,0
			-33.8602127069999,-70.4772963459999,0
			-33.8602822509999,-70.4777191389999,0
			-33.8604188959999,-70.4781276839999,0
			-33.860590966,-70.4785208099999,0
			-33.8607933669999,-70.4788792189999,0
			-33.861056928,-70.4791892699999,0
			-33.8612594839998,-70.4795530869999,0
			-33.8614270059999,-70.4799431299999,0
			-33.8616515119999,-70.480293693,0
			-33.8618804279999,-70.4806399039999,0
			-33.8620342609999,-70.4810252889999,0
			-33.8621043449999,-70.481463603,0
			-33.862107199,-70.4819081909999,0
			-33.861986653,-70.4823059289999,0
			-33.8617982009999,-70.4826924829999,0
			-33.861660028,-70.4830999219999,0
			-33.861526227,-70.4835059269999,0
			-33.861383393,-70.4839076119999,0
			-33.8612498319999,-70.4843182239999,0
			-33.861103031,-70.4847362229999,0
			-33.8610238549999,-70.4851575129999,0
			-33.8610708599999,-70.4855787769999,0
			-33.8611539759999,-70.486001018,0
			-33.8612505299999,-70.4864237609999,0
			-33.8613695549999,-70.486845299,0
			-33.8614886619999,-70.4872662209999,0
			-33.861612092,-70.487683588,0
			-33.8617530919999,-70.4880897489999,0
			-33.8619383569999,-70.488476224,0
			-33.862025505,-70.488888005,0
			-33.8620279959999,-70.489323821,0
			-33.862008225,-70.4897675749999,0
			-33.8620153289999,-70.4902065709999,0
			-33.8620537999998,-70.4906418589999,0
			-33.862065349,-70.4910793399999,0
			-33.862063438,-70.491518091,0
			-33.862070471,-70.4919562879999,0
			-33.862063997,-70.4923932759999,0
			-33.862017293,-70.4928398359999,0
			-33.861878245,-70.4932251039999,0
			-33.8615912419999,-70.493505425,0
			-33.8613231639999,-70.4938090989999,0
			-33.8609813609999,-70.49394784,0
			-33.8606416379999,-70.4941404569999,0
			-33.8604935179999,-70.4945242289999,0
			-33.8604242339999,-70.494967908,0
			-33.860435534,-70.4954005929999,0
			-33.860532227,-70.4958274169999,0
			-33.8606777159999,-70.4962327779999,0
			-33.8608846239999,-70.4965930769999,0
			-33.8611135329999,-70.4969420739999,0
			-33.8613292279999,-70.4972965059998,0
			-33.861527221,-70.4976606399999,0
			-33.8616769169999,-70.4980597059999,0
			-33.861786915,-70.4984790679999,0
			-33.8619322789999,-70.49888178,0
			-33.862047918,-70.4992138409999,0
			-33.8622083019999,-70.499656934,0
			-33.8623858039999,-70.500077392,0
			-33.862512968,-70.5004757199999,0
			-33.8626311239999,-70.5008738019999,0
			-33.8627116409999,-70.5011531819999,0
			-33.8629969049999,-70.5026112659999,0
			-33.863008517,-70.5026284729999,0
			-33.8632312849999,-70.5029586109999,0
			-33.8635596229999,-70.5034219309999,0
			-33.8638900509999,-70.5037137559999,0
			-33.8644121019999,-70.5039517389999,0
			-33.8648408199999,-70.5040164649999,0
			-33.865551629,-70.504429299,0
			-33.866072905,-70.504724486,0
			-33.866500152,-70.5049036079999,0
			-33.8670291849999,-70.504569728,0
			-33.8673182559999,-70.5043458739999,0
			-33.868033178,-70.5044157159999,0
			-33.868559225,-70.5044291089999,0
			-33.868940347,-70.5043744229999,0
			-33.8692287209998,-70.504207763,0
			-33.8696595339999,-70.5041009,0
			-33.870398225,-70.503730472,0
			-33.8708108519999,-70.5036062839998,0
			-33.8714310449999,-70.5036171609999,0
			-33.8719558889999,-70.5036263649999,0
			-33.872289807,-70.5036322209999,0
			-33.8727185229999,-70.503696954,0
			-33.8730987559999,-70.5038180479999,0
			-33.873765964,-70.5038869649999,0
			-33.874195382,-70.503894499,0
			-33.8747658419999,-70.504076149,0
			-33.8752422729999,-70.504141723,0
			-33.8756232039999,-70.5042056219999,0
			-33.8761459479999,-70.5043864409999,0
			-33.8766181139999,-70.5047951459999,0
			-33.8770595899999,-70.5054966579999,0
			-33.877273515,-70.5058365359999,0
			-33.8776952379999,-70.506473231,0
			-33.878022858,-70.5069939359999,0
			-33.8784459029999,-70.507516322,0
			-33.8790143289999,-70.507869533,0
			-33.879487108,-70.5082211519999,0
			-33.8797719829999,-70.5083405999999,0
			-33.8800575599999,-70.508402846,0
			-33.8804862769999,-70.508467519,0
			-33.8807240669999,-70.5085289239999,0
			-33.8810096409998,-70.508591167,0
			-33.8813920429999,-70.50854077,0
			-33.882105558,-70.5087249859999,0
			-33.8825812859998,-70.508847711,0
			-33.8828797159999,-70.5090787429999,0
			-33.8829594829999,-70.509140466,0
			-33.883195943,-70.5093162889999,0
			-33.8834786419998,-70.5096073679999,0
			-33.8838112289999,-70.5097276669999,0
			-33.884097432,-70.5097327099999,0
			-33.884429316,-70.509910217,0
			-33.8848537499999,-70.510318153,0
			-33.885136593,-70.510609242,0
			-33.8854101619999,-70.511644045,0
			-33.8857770419999,-70.5128520779999,0
			-33.8859641829999,-70.5132838339999,0
			-33.886101895,-70.513601605,0
			-33.8862131829999,-70.5137734639999,0
			-33.8862893069999,-70.5138910249999,0
			-33.8865235769999,-70.514238405,0
			-33.886711614,-70.5144707059999,0
			-33.8868996509999,-70.5147028279999,0
			-33.8871346229999,-70.5149930059999,0
			-33.8876040069999,-70.51563075,0
			-33.8877927459999,-70.5158057579999,0
			-33.8879800029999,-70.5160951849999,0
			-33.88817899,-70.5165402819999,0
			-33.888068384,-70.5166689769999,0
			-33.8877400059999,-70.5172034139999,0
			-33.8875373059999,-70.5175332669999,0
			-33.8872049749999,-70.5176858209999,0
			-33.887283633,-70.5176872129999,0
			-33.887136621,-70.5177653949999,0
			-33.886863977,-70.518003183,0
			-33.8863841259999,-70.5186413929999,0
			-33.8861759219999,-70.519122845,0
			-33.886098518,-70.519929926,0
			-33.8860886169999,-70.520738201,0
			-33.886079561,-70.521465712,0
			-33.8860665789998,-70.5225164589999,0
			-33.8858533629999,-70.5234019919999,0
			-33.8857104999999,-70.5240461589999,0
			-33.885366485,-70.524605959,0
			-33.8852920479999,-70.525170555,0
			-33.885353476,-70.5256566959999,0
			-33.885482334,-70.52614413,0
			-33.8857459809998,-70.5266338759999,0
			-33.8858850149999,-70.527283148,0
			-33.8860035379998,-70.5276086589999,0
			-33.8862621659999,-70.528502595,0
			-33.8864473319999,-70.5298801909999,0
			-33.8862360709999,-70.530604089,0
			-33.8859573759999,-70.531326779,0
			-33.885612249,-70.5319673139999,0
			-33.8851334079999,-70.5325245829999,0
			-33.8847219219999,-70.5330832279999,0
			-33.8836282079999,-70.534276345,0
			-33.8830818499999,-70.5348324679999,0
			-33.882807235,-70.535231715,0
			-33.882391632,-70.5361135509999,0
			-33.8823835699999,-70.5367601749999,0
			-33.882373484,-70.537568409,0
			-33.8823603669999,-70.5386191049999,0
			-33.882147037,-70.5395045539999,0
			-33.8818693009999,-70.5401462409999,0
			-33.8814587929999,-70.5406239759999,0
			-33.8809797649998,-70.5411812559999,0
			-33.880971748,-70.5418278689999,0
			-33.8809636559998,-70.5424743899999,0
			-33.8810249409999,-70.542960606,0
			-33.8812201499999,-70.5435300089998,0
			-33.881481701,-70.544181393,0
			-33.8816707499999,-70.5452357189999,0
			-33.8816840829999,-70.5476351659999,0
			-33.8816671779999,-70.547909235,0
			-33.881660709,-70.5484239949999,0
			-33.8816527999999,-70.5490532499999,0
			-33.8816441679999,-70.549739624,0
			-33.881683242,-70.5504269509999,0
			-33.881769305,-70.5511723459999,0
			-33.8817729449999,-70.551191005,0
			-33.881791698,-70.5517053409999,0
			-33.8817110279999,-70.552754799,0
			-33.8815017489999,-70.5533168999999,0
			-33.8812269279999,-70.5537160759998,0
			-33.881218771,-70.5543626849999,0
			-33.8813495539999,-70.5546884349999,0
			-33.881616073,-70.5549357829998,0
			-33.8819500969999,-70.555184358,0
			-33.882485319,-70.5555174539999,0
			-33.8830194479999,-70.555931313,0
			-33.8831507909999,-70.5561139809999,0
			-33.8835129359999,-70.5566965269999,0
			-33.884263956,-70.557682906,0
			-33.8843969609999,-70.558486316,0
			-33.8843383929999,-70.5593434599999,0
			-33.884332672,-70.559801114,0
			-33.8843695189999,-70.560659995,0
			-33.884506856,-70.5611201699999,0
			-33.8847431619999,-70.5612962229999,0
			-33.885219552,-70.561362124,0
			-33.8856944929998,-70.561542441,0
			-33.8861686329999,-70.5617799659999,0
			-33.8867851829999,-70.5620772229999,0
			-33.8871617969999,-70.562484641,0
			-33.8876337579999,-70.562893714,0
			-33.8881073169998,-70.5631884629998,0
			-33.888669614,-70.5639997539999,0
			-33.889132122,-70.5651526569998,0
			-33.8895491659999,-70.5661329849999,0
			-33.889828085,-70.5667103159999,0
			-33.890107805,-70.567230357,0
			-33.8903398099999,-70.567749616,0
			-33.890523371,-70.568325213,0
			-33.8907054749999,-70.5690151479999,0
			-33.890980809,-70.5698784649999,0
			-33.8912098119999,-70.5706264909999,0
			-33.8914410699999,-70.571203065,0
			-33.8917207709999,-70.571723127,0
			-33.8921414109999,-70.572417457,0
			-33.8929818729998,-70.573863434,0
			-33.89330927,-70.5743844799999,0
			-33.893685766,-70.574791982,0
			-33.894017552,-70.574969672,0
			-33.894444682,-70.575149295,0
			-33.8948733509998,-70.5752143139999,0
			-33.8958260379999,-70.5753462899999,0
			-33.8961056439999,-70.5758664799999,0
			-33.896529186,-70.5763320959999,0
			-33.8967618839999,-70.576794115,0
			-33.89694467,-70.5774269029999,0
			-33.8970782759998,-70.57817333,0
			-33.897167832,-70.578632805,0
			-33.8971651779999,-70.578839876,0
			-33.897163432,-70.5789760929999,0
			-33.8971611569999,-70.5791477359999,0
			-33.896965252,-70.579544633,0
			-33.896861025,-70.580229359,0
			-33.896972975,-70.5808832569999,0
			-33.897086364,-70.581263533,0
			-33.89722362,-70.5817238959999,0
			-33.897266922,-70.582068066,0
			-33.8972111259999,-70.582696456,0
			-33.897135033,-70.5828577,0
			-33.8969167719999,-70.583320527,0
			-33.896586224,-70.5838175969999,0
			-33.8963166149999,-70.5841084049999,0
			-33.8960977149999,-70.584287377,0
			-33.89601543,-70.5843438809999,0
			-33.8955924689999,-70.5846337969999,0
			-33.89452069,-70.585393347,0
			-33.893601955,-70.585523128,0
			-33.8929828609999,-70.5858413799999,0
			-33.8925681969999,-70.5867141369999,0
			-33.892312013,-70.5876078059999,0
			-33.892293415,-70.5880935179999,0
			-33.8928704089998,-70.5889839439999,0
			-33.8936926619999,-70.5906862059999,0
			-33.8939100819999,-70.5917261579999,0
			-33.894014926,-70.592387887,0
			-33.89424818,-70.594372286,0
			-33.8942165219999,-70.595499388,0
			-33.8941847789999,-70.598010631,0
			-33.8942174529999,-70.5991756939998,0
			-33.8944891559999,-70.6000975379999,0
			-33.8950087509999,-70.600895749,0
			-33.896160935,-70.6027601639998,0
			-33.896922161,-70.6038924789999,0
			-33.8983223539999,-70.6055138409999,0
			-33.898500337,-70.6058295459999,0
			-33.8984922939999,-70.605981856,0
			-33.8984500889999,-70.6064425289999,0
			-33.8982217129999,-70.608748566,0
			-33.8983591709999,-70.6091911699999,0
			-33.8991382869999,-70.60982036,0
			-33.899816127,-70.6105113529999,0
			-33.9004132809999,-70.6119709669999,0
			-33.9009306799998,-70.6132185119999,0
			-33.9013682799999,-70.61487741,0
			-33.9015301909999,-70.6165119829999,0
			-33.9017671569999,-70.6172222769999,0
			-33.9020086539999,-70.617300459,0
			-33.902495415,-70.6171815449999,0
			-33.9031432469998,-70.617285475,0
			-33.9037839449998,-70.6178197549999,0
			-33.9049712979999,-70.6190345159999,0
			-33.9064830009999,-70.6205027249999,0
			-33.907391424,-70.6214732399999,0
			-33.90871606,-70.6223689099999,0
			-33.9097104529999,-70.622846087,0
			-33.911104559,-70.623542618,0
			-33.9118748999999,-70.623923868,0
			-33.9123323139999,-70.62437255,0
			-33.9136322209999,-70.6259252989998,0
			-33.9142416909999,-70.6270255729999,0
			-33.9144249669999,-70.627601361,0
			-33.914461258,-70.6284605529999,0
			-33.914456032,-70.6288611299999,0
			-33.914590076,-70.6295504639999,0
			-33.914728661,-70.6298965399999,0
			-33.914863383,-70.63052874,0
			-33.9150451269999,-70.631219078,0
			-33.9152283849999,-70.631794882,0
			-33.9154108799999,-70.6324279999999,0
			-33.9156425269999,-70.6329474899998,0
			-33.9157818589999,-70.6332363499999,0
			-33.9160143349999,-70.6336987079999,0
			-33.916196062,-70.634388884,0
			-33.916332352,-70.6349067399999,0
			-33.9166125319999,-70.63536993,0
			-33.916980897,-70.635806451,0
			-33.917005418,-70.635962606,0
			-33.9170758689999,-70.6364090329999,0
			-33.9172151939999,-70.6366978999999,0
			-33.9173537589999,-70.6370439969999,0
			-33.9175899499999,-70.6372202389999,0
			-33.9178069609999,-70.637355622,0
			-33.9179779909999,-70.6374210079999,0
			-33.9182087029999,-70.637509248,0
			-33.918509163,-70.6376243409999,0
			-33.9187335349999,-70.637761638,0
			-33.9188282479999,-70.6377887049999,0
			-33.919154469,-70.6379943229999,0
			-33.9196227429998,-70.6381667729999,0
			-33.9198641829999,-70.6383924789999,0
			-33.9201016579999,-70.6385275509999,0
			-33.920526476,-70.6388790569999,0
			-33.921046707,-70.6392324819999,0
			-33.9213298419999,-70.6394668809999,0
			-33.9217368229999,-70.639720756,0
			-33.9218977829998,-70.6398212269999,0
			-33.9223240439999,-70.6400583749999,0
			-33.9228473219999,-70.640182895,0
			-33.923181287,-70.6401892949999,0
			-33.9234220469999,-70.6400221769999,0
			-33.9235197539999,-70.6398523129999,0
			-33.923665171,-70.639683275,0
			-33.9239089779998,-70.6392873169999,0
			-33.924295222,-70.6389513329999,0
			-33.924675376,-70.6389674749999,0
			-33.925153919,-70.638967782,0
			-33.925438651,-70.639087729,0
			-33.9258649879998,-70.639324796,0
			-33.926339034,-70.639562869,0
			-33.9266714009999,-70.6396837309999,0
			-33.927148496,-70.639692876,0
			-33.92776643,-70.6398764629999,0
			-33.9280987979999,-70.6399973339999,0
			-33.9284319999999,-70.6400609679999,0
			-33.9290475729999,-70.6404162649999,0
			-33.9293762,-70.640823223,0
			-33.9297978809999,-70.641403715,0
			-33.9301749769999,-70.6417545389999,0
			-33.9305036,-70.642161507,0
			-33.930785198,-70.642510413,0
			-33.9312099999999,-70.6428620719999,0
			-33.931493963,-70.6430391899999,0
			-33.9316824339999,-70.6432146499999,0
			-33.9319187629999,-70.643390855,0
			-33.9322511259999,-70.643511831,0
			-33.9329198209999,-70.643467339,0
			-33.9331583659999,-70.643472013,0
			-33.9335341509999,-70.64358842,0
			-33.9336792729999,-70.6437681939998,0
			-33.9338193439999,-70.6439998939999,0
			-33.9339987119999,-70.6448620359999,0
			-33.9341796059999,-70.645609797,0
			-33.934267297,-70.646183919,0
			-33.934453541,-70.6465310199998,0
			-33.9345951389999,-70.6466481619999,0
			-33.9349213689999,-70.6472270589999,0
			-33.9350583699999,-70.6476876319999,0
			-33.9351946749999,-70.6482054469999,0
			-33.9350907529999,-70.648833225,0
			-33.93494233,-70.6492311329999,0
			-33.934743754,-70.6497997419999,0
			-33.9347361549999,-70.6503721209999,0
			-33.9347746529999,-70.6510598089999,0
			-33.9348661579999,-70.6513478399999,0
			-33.935003912,-70.651751269,0
			-33.9351448079999,-70.651925749,0
			-33.935273476,-70.652114261,0
			-33.935568739,-70.65233462,0
			-33.935758805,-70.6523956359999,0
			-33.935946567,-70.6526281879998,0
			-33.9360865459998,-70.652859908,0
			-33.9362720039998,-70.6532642669999,0
			-33.9366067339999,-70.6532134839999,0
			-33.9367937279999,-70.6535032809999,0
			-33.936930704,-70.6539639619999,0
			-33.936876071,-70.6544781919999,0
			-33.9368721489999,-70.6547643849999,0
			-33.9369637959999,-70.6550523409999,0
			-33.93705298,-70.655512189,0
			-33.9371907179999,-70.655915546,0
			-33.937283903,-70.6560890259999,0
			-33.9373746239999,-70.656434396,0
			-33.9375131289999,-70.6567805169999,0
			-33.937603923,-70.657125803,0
			-33.9376462379999,-70.657527406,0
			-33.9376893239998,-70.65787168,0
			-33.9377324079999,-70.6582160409999,0
			-33.9378247399999,-70.658446851,0
			-33.9379155289999,-70.6587921389999,0
			-33.9380540269999,-70.6591383539999,0
			-33.9380939479998,-70.6597115869999,0
			-33.9380893899999,-70.660055029,0
			-33.938079161,-70.6608133229999,0
			-33.938207803,-70.6618893059999,0
			-33.9382422979999,-70.662863219,0
			-33.938170859,-70.6631259489999,0
			-33.9379938639999,-70.6637763269999,0
			-33.9376982369999,-70.6642839139998,0
			-33.9373867069999,-70.6647108919999,0
			-33.9370688079999,-70.664958713,0
			-33.9367324509999,-70.665123926,0
			-33.936362139,-70.665522011,0
			-33.9360999969999,-70.666027577,0
			-33.935809095,-70.6663654289999,0
			-33.935321936,-70.667100136,0
			-33.9349356149999,-70.667436122,0
			-33.934398485,-70.6683416829999,0
			-33.934245275,-70.6690827959999,0
			-33.933944273,-70.670164708,0
			-33.9339372839999,-70.6706798399999,0
			-33.9338794739999,-70.671422895,0
			-33.933726319,-70.6721640869999,0
			-33.9332430129999,-70.6726127369999,0
			-33.9330021379999,-70.6727796929999,0
			-33.9328074159999,-70.6730620499999,0
			-33.932322625,-70.6736250759998,0
			-33.9318393139999,-70.674073622,0
			-33.9310013879999,-70.674448134,0
			-33.930735086,-70.674567258,0
			-33.9302088109999,-70.6746713649999,0
			-33.929920926,-70.6747803149999,0
			-33.929489363,-70.674943524,0
			-33.929246927,-70.675225021,0
			-33.9291006849999,-70.6754511509999,0
			-33.9286142509999,-70.6761286039999,0
			-33.9284195229999,-70.676410942,0
			-33.9283416759999,-70.67657274,0
			-33.9281739659999,-70.6769213599999,0
			-33.9279777479999,-70.67731816,0
			-33.9277367349999,-70.6776683529999,0
			-33.927588644,-70.6778835369998,0
			-33.927232923,-70.6782542519999,0
			-33.927109988,-70.6783959319999,0
			-33.9259903509999,-70.6795686099998,0
			-33.9257473399999,-70.679907671,0
			-33.9255026229999,-70.6803607469999,0
			-33.925398614,-70.680988412,0
			-33.9253469999999,-70.6812735379999,0
			-33.9252930369998,-70.6817304459999,0
			-33.925192148,-70.682129184,0
			-33.924848805,-70.6828092929999,0
			-33.9244116799999,-70.6833731479999,0
			-33.9239752629999,-70.6838797669998,0
			-33.9235380569999,-70.6844436109999,0
			-33.922860037,-70.6851743489999,0
			-33.9221882039999,-70.6854472489999,0
			-33.922024468,-70.6854930279998,0
			-33.92142181,-70.6856611269999,0
			-33.9205632099999,-70.6856442119999,0
			-33.9197990929999,-70.685686402,0
			-33.9192727339999,-70.685790517,0
			-33.9186979579999,-70.6859509189999,0
			-33.9181223219999,-70.6861685439999,0
			-33.917256594,-70.6866665619999,0
			-33.9171581489999,-70.6867562419999,0
			-33.916580128,-70.6872828719999,0
			-33.9161460479999,-70.6876177519999,0
			-33.9157127519999,-70.687895317,0
			-33.9152326039999,-70.688114804,0
			-33.9148470179999,-70.688393304,0
			-33.9144607179999,-70.6887291159999,0
			-33.913975001,-70.6893491559999,0
			-33.9133939359999,-70.6899673019999,0
			-33.9129105709998,-70.690415662,0
			-33.9123794959999,-70.69086298,0
			-33.9121848069999,-70.691145322,0
			-33.911839845,-70.6919398219999,0
			-33.9114949519999,-70.6927342279999,0
			-33.9111514809999,-70.6934141859999,0
			-33.9109237929999,-70.6936785849999,0
			-33.9106472349999,-70.6939994279999,0
			-33.910470335,-70.6943736319999,0
			-33.910079219,-70.695052717,0
			-33.9096904659999,-70.6955600499999,0
			-33.9094487729998,-70.6957842019999,0
			-33.9092395839999,-70.6960995489999,0
			-33.9089614469999,-70.6965186039998,0
			-33.9081323459999,-70.6978184739999,0
			-33.9078288999999,-70.6981705669999,0
			-33.907550455,-70.6984936519999,0
			-33.907350939,-70.699119266,0
			-33.9071813999999,-70.6995478109998,0
			-33.9071037149999,-70.6997438399999,0
			-33.9069097239999,-70.6999689219999,0
			-33.906233986,-70.7005277479999,0
			-33.9057951309999,-70.701205821,0
			-33.9058396759999,-70.701435639,0
			-33.905868395,-70.7015706089999,0
			-33.905974178,-70.702067873,0
			-33.9060608929999,-70.7026990699999,0
			-33.9060974509999,-70.703500968,0
			-33.9060887419999,-70.704130358,0
			-33.9059806569999,-70.7050438399999,0
			-33.905920958,-70.7052473969999,0
			-33.9058805609998,-70.7053852449998,0
			-33.9057303039999,-70.7058973449999,0
			-33.9055800469999,-70.706409357,0
			-33.9055728389999,-70.706924215,0
			-33.9054632169999,-70.7079522149999,0
			-33.905456076,-70.7084670729999,0
			-33.905498225,-70.7088686309999,0
			-33.905679527,-70.7095589509999,0
			-33.9057685139999,-70.710018589,0
			-33.9059647679999,-70.710296801,0
			-33.9060961129999,-70.710482907,0
			-33.9062368519999,-70.7106574179999,0
			-33.9064698269999,-70.7110627039999,0
			-33.906702802,-70.711467903,0
			-33.906786011,-70.711545405,0
			-33.906891173,-70.7116433669999,0
			-33.907362683,-70.7120534309999,0
			-33.907742754,-70.7121754999999,0
			-33.9083151729998,-70.7121869489999,0
			-33.9088883889999,-70.712141178,0
			-33.9093177579999,-70.712149767,0
			-33.9095423389999,-70.7121542569999,0
			-33.909699421,-70.712157399,0
			-33.9101287149999,-70.7121659859999,0
			-33.91041337,-70.7122861509999,0
			-33.9106972299999,-70.7124634469999,0
			-33.9109286079999,-70.7129831989998,0
			-33.9112084829999,-70.7134466899999,0
			-33.9115407719999,-70.713567816,0
			-33.9119199709999,-70.7137470279999,0
			-33.9122969269999,-70.714097997,0
			-33.9127691499999,-70.7144508779999,0
			-33.913095932,-70.714972557,0
			-33.91361347,-70.7154980669999,0
			-33.913847225,-70.7158460919999,0
			-33.9139855619999,-70.716192295,0
			-33.9142686179999,-70.7164269219999,0
			-33.914744823,-70.7164937109999,0
			-33.9151709989999,-70.7167312129999,0
			-33.9154984969998,-70.717195607,0
			-33.915731448,-70.7176009559999,0
			-33.9160550219999,-70.7183515609999,0
			-33.916240262,-70.718755867,0
			-33.9164270959999,-70.719045818,0
			-33.9168531939999,-70.7192833369999,0
			-33.9170917329998,-70.7192881289999,0
			-33.917423216,-70.7194664199999,0
			-33.9175099139999,-70.7200978069999,0
			-33.9175051159999,-70.720441063,0
			-33.917735583,-70.7210180999999,0
			-33.9179240129999,-70.721193612,0
			-33.9181585489999,-70.721484534,0
			-33.9184399949999,-70.721833552,0
			-33.9187181609998,-70.7224115619999,0
			-33.918858154,-70.7226433419999,0
			-33.9189963979999,-70.7229895729999,0
			-33.9191808229999,-70.7234511299999,0
			-33.919320737,-70.723683003,0
			-33.919508365,-70.723915658,0
			-33.9195565839998,-70.723985569,0
			-33.9196644429999,-70.7243964969999,0
			-33.919536793,-70.7246180189999,0
			-33.919379621,-70.7247269409999,0
			-33.919238086,-70.7248006459999,0
			-33.91911069,-70.7248670169999,0
			-33.9186151519999,-70.7253052079999,0
			-33.9185350179999,-70.7253934399999,0
			-33.918296654,-70.725655879,0
			-33.918228101,-70.725771903,0
			-33.9181714439999,-70.725824455,0
			-33.9180706749999,-70.7266839569999,0
			-33.9180786449999,-70.727105804,0
			-33.9180814599999,-70.7272526819999,0
			-33.9183053629999,-70.7276055199999,0
			-33.9190172159999,-70.728124518,0
			-33.920429918,-70.7285936189999,0
			-33.9211387949999,-70.7290295509999,0
			-33.9218007109999,-70.7299319659999,0
			-33.922527929,-70.7312856889999,0
			-33.9227806709999,-70.7324651859999,0
			-33.9228153499999,-70.7330767839999,0
			-33.9228289009999,-70.7333368699999,0
			-33.9227957969999,-70.7356288709998,0
			-33.9228045629998,-70.7370502189999,0
			-33.9229496969999,-70.7379886489999,0
			-33.9228581099999,-70.738463968,0
			-33.9224337209999,-70.7399961309999,0
			-33.9224536959999,-70.7405740229999,0
			-33.9229657119998,-70.741831748,0
			-33.9239721079999,-70.743576305,0
			-33.9240897459999,-70.7437197749999,0
			-33.9244525539999,-70.744181849,0
			-33.9250958219999,-70.7442862369999,0
			-33.9258860479999,-70.7442111629999,0
			-33.9262826679999,-70.744476501,0
			-33.926708155,-70.744925423,0
			-33.9268204899998,-70.745046816,0
			-33.9275850289999,-70.745923949,0
			-33.928221682,-70.7463590309999,0
			-33.9291261289998,-70.7464599099999,0
			-33.930070706,-70.746809306,0
			-33.9313908189999,-70.7475975199999,0
			-33.9326937929999,-70.7485412109999,0
			-33.9335862139999,-70.7494674929999,0
			-33.9351958299999,-70.7513342509999,0
			-33.9362151819999,-70.7521537379999,0
			-33.937149776,-70.752606449,0
			-33.9372983709999,-70.7532570059999,0
			-33.937640367,-70.7542905929999,0
			-33.9378155439999,-70.7545372919999,0
			-33.9381196239999,-70.7547322199999,0
			-33.938458178,-70.7547525489999,0
			-33.9390025719999,-70.754993005,0
			-33.939437444,-70.7554543829999,0
			-33.9404032059999,-70.7564191009999,0
			-33.9412445659999,-70.7574352579999,0
			-33.9425546259999,-70.758063382,0
			-33.942898101,-70.7582719069999,0
			-33.9429246019999,-70.758567957,0
			-33.9428752589999,-70.7586814539999,0
			-33.9425783889999,-70.7594195969999,0
			-33.94252339,-70.7599337729998,0
			-33.942469881,-70.7603333799998,0
			-33.9424617699999,-70.76090569,0
			-33.9424025949999,-70.7617060629999,0
			-33.9423959639999,-70.76216398,0
			-33.942437936,-70.762565551,0
			-33.9425704719999,-70.763312618,0
			-33.942706954,-70.7637734879999,0
			-33.94284433,-70.764177031,0
			-33.9430302329999,-70.7645244089999,0
			-33.9431692479999,-70.764813475,0
			-33.943164321,-70.7651570049999,0
			-33.9429652889999,-70.7657253739999,0
			-33.9427662529999,-70.766293742,0
			-33.942706296,-70.767151354,0
			-33.942843587,-70.7675548999999,0
			-33.9429817729999,-70.7679012969999,0
			-33.943167665,-70.7682486839999,0
			-33.9432613579999,-70.7683651359999,0
			-33.9434472479999,-70.7687125239999,0
			-33.9436331369999,-70.7690598249999,0
			-33.9438206689999,-70.769292733,0
			-33.944007378,-70.7695828869999,0
			-33.944243441,-70.7697595459999,0
			-33.9444284269999,-70.7701641799999,0
			-33.944518903,-70.7705095109999,0
			-33.9443239609999,-70.7707917609998,0
			-33.9439838879999,-70.770784807,0
			-33.943703856,-70.7707789169999,0
			-33.9434636789999,-70.7708884579999,0
			-33.9431239699999,-70.771282221,0
			-33.9429291029999,-70.771564466,0
			-33.9427802179999,-70.7719620899999,0
			-33.9424873889999,-70.7724140719999,0
			-33.942340223,-70.7726973029999,0
			-33.9422373169999,-70.7732104739999,0
			-33.9419371339999,-70.774177427,0
			-33.941738883,-70.7746886159999,0
			-33.9417339309999,-70.7750320489999,0
			-33.9416763199999,-70.775717833,0
			-33.941618703,-70.776403708,0
			-33.941326686,-70.7767983429999,0
			-33.9410363929999,-70.777078586,0
			-33.9406053879999,-70.777184139,0
			-33.940074012,-70.777631131,0
			-33.939783716,-70.7779112819999,0
			-33.9394439879999,-70.7783049969999,0
			-33.939248203,-70.7786444499999,0
			-33.939146174,-70.7791003619998,0
			-33.938994029,-70.7797269019999,0
			-33.9388418069999,-70.780353528,0
			-33.9387344959999,-70.780806486,0
			-33.9385406669999,-70.781377736,0
			-33.938438629,-70.7818336369999,0
			-33.9384344879999,-70.7821197329999,0
			-33.9384286849999,-70.782520386,0
			-33.9383768329999,-70.7828055739999,0
			-33.938085626,-70.7831429329999,0
			-33.9378437819999,-70.783366991,0
			-33.9376002769999,-70.783705345,0
			-33.9372153859999,-70.7839263239999,0
			-33.9370204169999,-70.784208522,0
			-33.9368731509999,-70.784491714,0
			-33.9368196359999,-70.784891364,0
			-33.936863193,-70.7851784469999,0
			-33.936965169,-70.7853949609999,0
			-33.9370047849999,-70.7855819039999,0
			-33.9370900979998,-70.7859847209999,0
			-33.937034919,-70.7864987539999,0
			-33.9367412069999,-70.78700789,0
			-33.936403942,-70.78722985,0
			-33.93620821,-70.787569183,0
			-33.9358692829999,-70.7879056089999,0
			-33.935191501,-70.788578457,0
			-33.9348977829999,-70.789087485,0
			-33.9348869679999,-70.789831437,0
			-33.9346853229999,-70.7905714789999,0
			-33.9346309589999,-70.7910283509999,0
			-33.9345820959999,-70.79148746,0
			-33.9341866149999,-70.7920494669999,0
			-33.933749007,-70.792612713,0
			-33.933408401,-70.793063574,0
			-33.9331171659999,-70.7934009659999,0
			-33.9328218359999,-70.794024435,0
			-33.9323372699999,-70.794529514,0
			-33.9319967319998,-70.7949802719999,0
			-33.931703824,-70.7954321189999,0
			-33.931555623,-70.7957725009999,0
			-33.931358406,-70.7963587479999,0
			-33.931391587,-70.7966767939999,0
			-33.9313983859999,-70.79674234,0
			-33.9316812029999,-70.7969772759999,0
			-33.9321557489999,-70.7971589949999,0
			-33.9327248709999,-70.7973999509999,0
			-33.933149133,-70.797752367,0
			-33.9337165079999,-70.798107707,0
			-33.934144186,-70.7982312,0
			-33.9346187299999,-70.7984129309999,0
			-33.934942631,-70.799106754,0
			-33.9351752289999,-70.7995123189999,0
			-33.9355485029999,-70.8000926879999,0
			-33.9356832469999,-70.8006680389999,0
			-33.9358196659999,-70.801128838,0
			-33.9359058629999,-70.8017603329999,0
			-33.936134333,-70.8024521679998,0
			-33.936412947,-70.802973309,0
			-33.9366941489999,-70.8033226639999,0
			-33.937075788,-70.803330801,0
			-33.9378373219998,-70.8034612769999,0
			-33.9383612409999,-70.80352958,0
			-33.9388382179999,-70.8035396419999,0
			-33.939265887,-70.8036631679998,0
			-33.9397327999999,-70.8043600699999,0
			-33.9402031389998,-70.8048280309999,0
			-33.940961311,-70.8051874769999,0
			-33.9414341629999,-70.8054837369999,0
			-33.9420517369999,-70.8056685459999,0
			-33.942434143,-70.805619367,0
			-33.94324597,-70.8055791669999,0
			-33.943770651,-70.805590337,0
			-33.944389988,-70.8056146759999,0
			-33.9448184839999,-70.805726985,0
			-33.945102961,-70.805847419,0
			-33.945384992,-70.8061397549999,0
			-33.9455716119999,-70.8064299009999,0
			-33.9457302869999,-70.806746757,0
			-33.9458033419999,-70.806892863,0
			-33.9460360569999,-70.8072985909999,0
			-33.946117339,-70.80746792,0
			-33.94617497,-70.807587822,0
			-33.9463671239999,-70.807873037,0
			-33.946548725,-70.808167694,0
			-33.946690573,-70.808397779,0
			-33.9474545599999,-70.809637305,0
			-33.9479425129998,-70.810734151,0
			-33.9490145999999,-70.8121883729999,0
			-33.9491846909999,-70.812421199,0
			-33.9493557779999,-70.8126817,0
			-33.9493410269999,-70.8129108739999,0
			-33.9487589409999,-70.8139380739999,0
			-33.948822086,-70.8140742319999,0
			-33.9489551639999,-70.8145426749999,0
			-33.9489377269999,-70.816675914,0
			-33.9486855289999,-70.8177369569999,0
			-33.9486943219999,-70.8183919139999,0
			-33.9501819349999,-70.820543373,0
			-33.9504444029999,-70.8216359519998,0
			-33.951087544,-70.8235938069999,0
			-33.9515094349999,-70.824210352,0
			-33.9521272069999,-70.8244942489999,0
			-33.953414429,-70.8249441999999,0
			-33.954235001,-70.8244739179999,0
			-33.9544838649999,-70.824414256,0
			-33.954728298,-70.8243444829999,0
			-33.9549728679999,-70.8242705449999,0
			-33.9552218659999,-70.8242018419999,0
			-33.95546616,-70.8241464229999,0
			-33.9557192299999,-70.8241068829999,0
			-33.9559676739999,-70.824075663,0
			-33.9562204389999,-70.824051718,0
			-33.956473193,-70.824033711,0
			-33.9567258739999,-70.824020488,0
			-33.9569783439999,-70.8240215349999,0
			-33.9572304139999,-70.8240496079999,0
			-33.9574826239999,-70.8240681139999,0
			-33.9577350299999,-70.824073502,0
			-33.957991927,-70.824074907,0
			-33.9582444289999,-70.824078614,0
			-33.958496672,-70.8240901159999,0
			-33.9587442769999,-70.8241153479999,0
			-33.9589913369999,-70.8241723049998,0
			-33.9592334959999,-70.824260981,0
			-33.959475653,-70.8243497479999,0
			-33.9597227789998,-70.824407416,0
			-33.9599793549999,-70.8244352349999,0
			-33.9602315859999,-70.8244524989999,0
			-33.960483605,-70.8244788019999,0
			-33.9607308499999,-70.8245334609999,0
			-33.9609680549999,-70.8246521779999,0
			-33.9611954529999,-70.8248197069999,0
			-33.9614186959999,-70.824968444,0
			-33.9616386909999,-70.8250273109999,0
			-33.9618662499999,-70.8248850999999,0
			-33.9620588799999,-70.824662266,0
			-33.962220144,-70.824432644,0
			-33.9623724489999,-70.824189355,0
			-33.9625160229999,-70.823937191,0
			-33.962650574,-70.823680579,0
			-33.962780605,-70.8234200579998,0
			-33.9629018599999,-70.8231534069999,0
			-33.963018534,-70.8228819609999,0
			-33.963126315,-70.8226073089999,0
			-33.9632160869999,-70.8223265099999,0
			-33.963261202,-70.8220186949999,0
			-33.963337628,-70.8217362789999,0
			-33.9634854179999,-70.8214982969999,0
			-33.96364655,-70.821267066,0
			-33.963816767,-70.8210410829999,0
			-33.9639913629999,-70.820818559,0
			-33.9641659919999,-70.820598697,0
			-33.964345043,-70.8203796349999,0
			-33.9645195859999,-70.8201605689999,0
			-33.9646986979999,-70.819942216,0
			-33.964895418,-70.8197420599999,0
			-33.9650699609999,-70.81952804,0
			-33.9651999519999,-70.8192745069999,0
			-33.9653165619999,-70.81900677,0
			-33.9654244229999,-70.8187310449999,0
			-33.965527687,-70.818451495,0
			-33.9656310239999,-70.8181720379999,0
			-33.9657343399999,-70.8178939069999,0
			-33.9658287189999,-70.8176108,0
			-33.9658916119999,-70.8173185989999,0
			-33.9659186279999,-70.817014905,0
			-33.9659231589999,-70.816703112,0
			-33.9659278199999,-70.8163923839999,0
			-33.965950216,-70.816091252,0
			-33.9660130559999,-70.815807471,0
			-33.9661206719999,-70.8155429909999,0
			-33.9662551719999,-70.8152887489999,0
			-33.966412121,-70.8150449099999,0
			-33.966582377,-70.814810397,0
			-33.9667569369999,-70.8145845719999,0
			-33.966936028,-70.81436718,0
			-33.967128255,-70.8141754179999,0
			-33.96734262,-70.814005406,0
			-33.9675570459999,-70.8138361889999,0
			-33.967753591,-70.8136471779998,0
			-33.9679103299999,-70.8134175149999,0
			-33.9680224949999,-70.8131446999999,0
			-33.968125976,-70.812859734,0
			-33.9682515349999,-70.8125951809999,0
			-33.9684081459999,-70.8123689679999,0
			-33.9685960709999,-70.812163278,0
			-33.9688016819999,-70.8119755179999,0
			-33.9690071619999,-70.8118016709999,0
			-33.969225786,-70.8116480529999,0
			-33.9694487799999,-70.8115089769999,0
			-33.969676224,-70.8113734519999,0
			-33.9698992039999,-70.8112300309999,0
			-33.9701222679999,-70.8110859009999,0
			-33.9703452869999,-70.8109399079999,0
			-33.9705595479999,-70.8107816689999,0
			-33.970765042,-70.8106017889999,0
			-33.9709575629999,-70.8103897139999,0
			-33.9710920029999,-70.810138905,0
			-33.9711637479999,-70.809856354,0
			-33.97121326,-70.809558792,0
			-33.971249303,-70.8092527859999,0
			-33.9712763399999,-70.8089462349999,0
			-33.9712988079999,-70.8086440199999,0
			-33.971294262,-70.8083402579999,0
			-33.9712852139999,-70.808036046,0
			-33.9712986549999,-70.8077346159999,0
			-33.9713301989999,-70.8074328599999,0
			-33.9713661709999,-70.8071313719999,0
			-33.971415549,-70.806832298,0
			-33.9714740109999,-70.8065383799999,0
			-33.971550379,-70.8062525529999,0
			-33.971658125,-70.8059777639999,0
			-33.9717747319999,-70.8057083019999,0
			-33.9718914299999,-70.8054375139998,0
			-33.9719947039999,-70.80516032,0
			-33.9720890379999,-70.8048782399999,0
			-33.9721832969999,-70.8045961579999,0
			-33.9722865709999,-70.8043188759999,0
			-33.972403206,-70.80405216,0
			-33.972546597,-70.8037995759998,0
			-33.9726945879999,-70.8035507199999,0
			-33.9728245339999,-70.8032930609999,0
			-33.9729008689999,-70.803008822,0
			-33.9729369449999,-70.8027044939999,0
			-33.9730087889999,-70.802414216,0
			-33.973094137,-70.8021299009999,0
			-33.9731838959999,-70.8018469209999,0
			-33.9732782179999,-70.8015651869999,0
			-33.973372457,-70.801283804,0
			-33.9734712819999,-70.8010020759999,0
			-33.973561129,-70.800718116,0
			-33.97365991,-70.8004392249999,0
			-33.9737765449999,-70.8001720559999,0
			-33.9739065189999,-70.7999120819999,0
			-33.974041042,-70.799654066,0
			-33.974171148,-70.7993950709999,0
			-33.9742966699999,-70.7991311879999,0
			-33.974422298,-70.7988650029999,0
			-33.9745479049999,-70.798600413,0
			-33.974677914,-70.798342743,0
			-33.9748212609999,-70.798097497,0
			-33.9750091289999,-70.7978890099998,0
			-33.975219001,-70.7977215939999,0
			-33.9754464909999,-70.7975768929999,0
			-33.975682423,-70.7974764359999,0
			-33.9759310019999,-70.797430242,0
			-33.976183846,-70.797410827,0
			-33.9764409759999,-70.7973962899999,0
			-33.9766894429999,-70.7973629499999,0
			-33.976933958,-70.797291666,0
			-33.9771698349999,-70.797189784,0
			-33.977406092,-70.7970719509999,0
			-33.9776377349999,-70.796951362,0
			-33.9778738099998,-70.796840972,0
			-33.9781140379999,-70.7967547009999,0
			-33.9783628,-70.796696003,0
			-33.978611381,-70.7966548599999,0
			-33.9788643629999,-70.796620994,0
			-33.979117409,-70.7965826039999,0
			-33.9793616619999,-70.796529311,0
			-33.9796063199999,-70.7964431279999,0
			-33.9798337199998,-70.7963146409999,0
			-33.9800655459999,-70.796181545,0
			-33.980305852,-70.7960848069999,0
			-33.9805501639999,-70.7960323999999,0
			-33.9808030359999,-70.7960009209999,0
			-33.9810558109999,-70.795981146,0
			-33.9813085489999,-70.79596385,0
			-33.9815613889999,-70.7959396419998,0
			-33.9818145119999,-70.7958960199999,0
			-33.9820721849999,-70.7958493,0
			-33.982320495,-70.7958267689999,0
			-33.9825679579999,-70.79585707,0
			-33.9828009939999,-70.7959546369999,0
			-33.9830289139999,-70.796094038,0
			-33.9832566929999,-70.7962431919999,0
			-33.9834847449999,-70.7963735549999,0
			-33.983717408,-70.796491686,0
			-33.983950141,-70.796610001,0
			-33.9841781849999,-70.796735841,0
			-33.9844015699999,-70.796877282,0
			-33.984606328,-70.797059742,0
			-33.9848017579999,-70.797259031,0
			-33.9850112209999,-70.797427845,0
			-33.9852440849999,-70.797532245,0
			-33.9854911209999,-70.7975966829999,0
			-33.9857430069999,-70.7976377259999,0
			-33.985999524,-70.7976702639999,0
			-33.9862470269999,-70.7977028769999,0
			-33.9864991619999,-70.7977216649999,0
			-33.9867515209999,-70.7977304409999,0
			-33.987003925,-70.797736022,0
			-33.987260851,-70.7977455119999,0
			-33.9875131799999,-70.797751182,0
			-33.9877657959999,-70.797742226,0
			-33.988014273,-70.7977082629999,0
			-33.9882631999999,-70.79764345,0
			-33.98850355,-70.7975487489999,0
			-33.9887351789999,-70.7974241539999,0
			-33.9889405919999,-70.7972585699999,0
			-33.9891284679999,-70.7970494259999,0
			-33.9893074149999,-70.7968346859999,0
			-33.9895085979999,-70.7966451539999,0
			-33.9897140449999,-70.796467063,0
			-33.9899195089999,-70.7962927839999,0
			-33.9901293929999,-70.796119306,0
			-33.9903348669999,-70.795944317,0
			-33.9905580939999,-70.7957829129999,0
			-33.9907724829999,-70.795614584,0
			-33.990946799,-70.795408164,0
			-33.9910542969999,-70.7951489,0
			-33.9911307249999,-70.794857237,0
			-33.9911892339999,-70.794553043,0
			-33.9912611519999,-70.794256406,0
			-33.9913420409999,-70.7939675819999,0
			-33.991422878,-70.793677337,0
			-33.9915082109999,-70.7933925969999,0
			-33.991615903,-70.7931197649999,0
			-33.9917547919999,-70.7928653249999,0
			-33.991929445,-70.7926406349999,0
			-33.9921260979999,-70.7924522339999,0
			-33.9923316049999,-70.7922695169999,0
			-33.992550497,-70.7921012689999,0
			-33.9927733659999,-70.7919638769999,0
			-33.9930091739999,-70.7918714549999,0
			-33.993262456,-70.7918168219999,0
			-33.993528694,-70.791800774,0
			-33.993785233,-70.79183188,0
			-33.9940183619999,-70.791918277,0
			-33.994214378,-70.7920828239999,0
			-33.994391455,-70.7923050669999,0
			-33.9945638189999,-70.7925464539999,0
			-33.9947454199998,-70.792767461,0
			-33.99493627,-70.792972081,0
			-33.9951317899999,-70.7931704119999,0
			-33.9953411969998,-70.7933385279999,0
			-33.9955695449999,-70.793448777,0
			-33.9958211179999,-70.7935062129999,0
			-33.99607301,-70.793547073,0
			-33.996325003,-70.7935807499999,0
			-33.996577101,-70.793607422,0
			-33.996962512,-70.7933669309999,0
			-33.9974904669999,-70.793077372,0
			-33.9993857229999,-70.7930426159999,0
			-33.9999389899999,-70.7932817379999,0
			-34.0008556939999,-70.7949231969999,0
			-34.0015811439999,-70.7959820259999,0
			-34.001978185,-70.797711485,0
			-34.002041108,-70.797838844,0
			-34.0021760029999,-70.798095884,0
			-34.0023153079999,-70.7983492939998,0
			-34.0024545039999,-70.7986000399999,0
			-34.0026071399999,-70.7988460139999,0
			-34.0027594389998,-70.7990846219999,0
			-34.0029250409999,-70.7993178319999,0
			-34.003090788,-70.7995510489999,0
			-34.0032430219999,-70.7997889469999,0
			-34.0033866709999,-70.8000381079999,0
			-34.0035083029999,-70.8003025909999,0
			-34.003636214,-70.80061741,0
			-34.0037030669999,-70.8008595389999,0
			-34.0038373999999,-70.8012301969999,0
			-34.0038901039999,-70.801323552,0
			-34.0039525529999,-70.8014374269999,0
			-34.004064467,-70.8015482649999,0
			-34.0041874549999,-70.801720006,0
			-34.004475645,-70.801980295,0
			-34.0047425999999,-70.8022781919999,0
			-34.0049922679999,-70.802596477,0
			-34.0052377069999,-70.8029258529999,0
			-34.005465681,-70.8032675439999,0
			-34.0056498609999,-70.803648666,0
			-34.005904131,-70.8039700729999,0
			-34.0061185539998,-70.8043137899999,0
			-34.0062497459999,-70.804726527,0
			-34.006451394,-70.8050897549999,0
			-34.0067141279999,-70.8053980429999,0
			-34.0069768989999,-70.8057035849999,0
			-34.0072353039999,-70.806014712,0
			-34.0075237229999,-70.806283903,0
			-34.0078505389999,-70.8064888009999,0
			-34.0081809139999,-70.8066625559999,0
			-34.0085198999998,-70.8068284239999,0
			-34.00887148,-70.806966705,0
			-34.0092301939999,-70.8070517409999,0
			-34.0095888989999,-70.8070015969998,0
			-34.009915968,-70.8068171959999,0
			-34.0102325309999,-70.8065885789999,0
			-34.010553681,-70.8063645779999,0
			-34.0108804559999,-70.806169967,0
			-34.01121698,-70.806000489,0
			-34.011573711,-70.8058937039999,0
			-34.0119321809999,-70.80583947,0
			-34.0123001549999,-70.8057970569999,0
			-34.0126635219999,-70.805751441,0
			-34.013026848,-70.805708571,0
			-34.0133904319999,-70.8056682809999,0
			-34.013754209,-70.8056349159999,0
			-34.0141138209999,-70.8056137009999,0
			-34.0144790859999,-70.805624897,0
			-34.014844093,-70.8056285469999,0
			-34.0152087769999,-70.805624027,0
			-34.0155779869999,-70.8056180959999,0
			-34.0159428509999,-70.8056163319999,0
			-34.0163079369999,-70.8056245959999,0
			-34.0166692239999,-70.8056501659999,0
			-34.0170367279999,-70.8057252789999,0
			-34.0173708889999,-70.8058826329999,0
			-34.017697471,-70.8060782369999,0
			-34.018020045,-70.806290256,0
			-34.018334013,-70.806514782,0
			-34.018648142,-70.8067434819999,0
			-34.0189364709999,-70.80700854,0
			-34.0192250179999,-70.807279017,0
			-34.0195346989998,-70.807508603,0
			-34.0198484549999,-70.8077271899999,0
			-34.0201709289999,-70.80793576,0
			-34.0205061189999,-70.8081234879999,0
			-34.020849121,-70.8082722609999,0
			-34.0211959719998,-70.8084053269999,0
			-34.0215509289999,-70.8085095559998,0
			-34.0219135599999,-70.8085742919999,0
			-34.022275293,-70.8086146159999,0
			-34.0226401919999,-70.8086155249999,0
			-34.0229979649999,-70.808538395,0
			-34.0233487909999,-70.808391294,0
			-34.023661171,-70.8081709859999,0
			-34.0239871829999,-70.807958153,0
			-34.0243187979999,-70.807776044,0
			-34.0246603299999,-70.8076179179999,0
			-34.0250236319999,-70.8075716839999,0
			-34.0252235619999,-70.8076191299999,0
			-34.025377853,-70.80765567,0
			-34.0255964769999,-70.8079890959999,0
			-34.025701129,-70.8084174299999,0
			-34.0258322669999,-70.8088276079999,0
			-34.0259099659999,-70.8092551949999,0
			-34.0259519279999,-70.809691426,0
			-34.025971335,-70.8101293089999,0
			-34.0259862969999,-70.8105681599999,0
			-34.026001327,-70.811007016,0
			-34.026074379,-70.81143353,0
			-34.0261523229999,-70.8118686669999,0
			-34.0262651019999,-70.8122709199999,0
			-34.0265368419999,-70.8125780749999,0
			-34.026854914,-70.812788984,0
			-34.0272177269999,-70.812861111,0
			-34.027580562,-70.8129318219999,0
			-34.0279438309999,-70.8130181559998,0
			-34.0282981679999,-70.8131041229999,0
			-34.0286567589999,-70.813181931,0
			-34.029019142,-70.81324323,0
			-34.0293821279999,-70.8133186469999,0
			-34.0297286599999,-70.8134429569999,0
			-34.0300717059999,-70.813593103,0
			-34.030418605,-70.813727536,0
			-34.030769977,-70.81385914,0
			-34.0311126919999,-70.814001827,0
			-34.0314475949999,-70.814178155,0
			-34.0317655899998,-70.8143889919999,0
			-34.0320918319999,-70.814576583,0
			-34.0324225829999,-70.8147639139999,0
			-34.032749237,-70.814963583,0
			-34.0330759129999,-70.815166715,0
			-34.0333940969999,-70.8153796029999,0
			-34.0337081429999,-70.8156076669999,0
			-34.0340093519999,-70.815854537,0
			-34.0342977649999,-70.8161225169998,0
			-34.0345691579999,-70.816417551,0
			-34.0348187819999,-70.816735992,0
			-34.0350641889999,-70.8170648179999,0
			-34.0352965599999,-70.8174057859999,0
			-34.03547051,-70.817716229,0
			-34.0352474059999,-70.8179724189999,0
			-34.0354014139999,-70.818532207,0
			-34.0355700869999,-70.8195234429999,0
			-34.0357067539999,-70.820894552,0
			-34.0357650509998,-70.8219453679999,0
			-34.0357972229999,-70.8228893259999,0
			-34.035714239,-70.8237578859999,0
			-34.0354741619999,-70.8246341729999,0
			-34.0350329059999,-70.825547312,0
			-34.034667745,-70.8260515329999,0
			-34.0342424479999,-70.826774768,0
			-34.03370222,-70.827422685,0
			-34.033383709,-70.827978555,0
			-34.0331839789999,-70.8287177889999,0
			-34.032960772,-70.829431142,0
			-34.0327472609999,-70.8297657539999,0
			-34.0323820099999,-70.8302699399999,0
			-34.0321112119998,-70.830904537,0
			-34.0320154029999,-70.8313955189999,0
			-34.031937925,-70.8324258929999,0
			-34.0320552709999,-70.8332305759999,0
			-34.0322756259999,-70.833760121,0
			-34.032562469,-70.83425934,0
			-34.032734315,-70.8346831489999,0
			-34.0327694719999,-70.8350595709999,0
			-34.032716809,-70.8354944299999,0
			-34.032555421,-70.8360426439999,0
			-34.032314405,-70.8368919559999,0
			-34.0321218139999,-70.837846825,0
			-34.0320520819998,-70.838444564,0
			-34.0320786459999,-70.8392267119999,0
			-34.0322119359999,-70.8398415199998,0
			-34.0322545559999,-70.840433788,0
			-34.0321623399999,-70.841032637,0
			-34.032044093,-70.8415247189999,0
			-34.031833177,-70.8419402699998,0
			-34.0315362219999,-70.842467966,0
			-34.0311709219999,-70.8429720889999,0
			-34.0308207639999,-70.8432594289998,0
			-34.0303349939999,-70.8435261779999,0
			-34.029801575,-70.843714441,0
			-34.0292887809998,-70.8438474279999,0
			-34.0289377679998,-70.8441077709999,0
			-34.028776345,-70.8446558529999,0
			-34.0287318269998,-70.8453333369998,0
			-34.0286029629999,-70.8461771169999,0
			-34.028578986,-70.8467996839999,0
			-34.0287104649999,-70.8473604939999,0
			-34.0289981019999,-70.847886723,0
			-34.0293306799999,-70.8484108269999,0
			-34.0295267239999,-70.8488875199999,0
			-34.0297039879999,-70.849473201,0
			-34.029827213,-70.849791371,0
			-34.0299352829999,-70.850326315,0
			-34.0299841679999,-70.851107417,0
			-34.0299845629999,-70.8517826889998,0
			-34.029979903,-70.8519791949999,0
			-34.030038813,-70.8538732659999,0
			-34.0300285149999,-70.8545608149999,0
			-34.0301109549999,-70.8554221479999,0
			-34.0302939829999,-70.855941963,0
			-34.0305246379999,-70.8564628189999,0
			-34.03079874,-70.8572711079999,0
			-34.03083865,-70.8577878109999,0
			-34.030830857,-70.858303475,0
			-34.0307692919999,-70.859219079,0
			-34.030758023,-70.8599639249999,0
			-34.0308937489999,-70.860484229,0
			-34.0310565679999,-70.8608884559999,0
			-34.0314573549999,-70.8614362919998,0
			-34.0317432339999,-70.86190869,0
			-34.0319159019999,-70.8623595409999,0
			-34.031995915,-70.862733931,0
			-34.0321776439999,-70.8634544379999,0
			-34.032429468,-70.864252694,0
			-34.0327683439999,-70.8649656479999,0
			-34.0331494759999,-70.8655954179999,0
			-34.0335457099999,-70.8660085029999,0
			-34.03402639,-70.8662553079999,0
			-34.0344809159999,-70.8663952479999,0
			-34.034938273,-70.8666162609999,0
			-34.0353354279999,-70.8670561779999,0
			-34.0356230479999,-70.8675825989999,0
			-34.0359069919999,-70.868000965,0
			-34.036307817,-70.8685489549999,0
			-34.0367419969999,-70.8694194109999,0
			-34.0370638109999,-70.8702953069998,0
			-34.037224855,-70.8710709609999,0
			-34.037350063,-70.8721185869999,0
			-34.037435757,-70.873330115,0
			-34.0374774869999,-70.8745709339999,0
			-34.0374373189999,-70.87538334,0
			-34.0374392639999,-70.876112739,0
			-34.0373873749999,-70.876574583,0
			-34.0374243099999,-70.877005025,0
			-34.0375520499999,-70.877458138,0
			-34.037751573,-70.8780428269999,0
			-34.037971801,-70.878572606,0
			-34.0382899529999,-70.8793406599999,0
			-34.038487706,-70.8798713699999,0
			-34.038800421,-70.8804776449999,0
			-34.0390888989999,-70.8810310389999,0
			-34.0394016069999,-70.8816373239999,0
			-34.0395985059999,-70.8821411419999,0
			-34.0397568,-70.882835945,0
			-34.039779412,-70.8835103609999,0
			-34.0396681769999,-70.884218107,0
			-34.0395918799999,-70.8846270659999,0
			-34.0394509869999,-70.8851202229999,0
			-34.0392669779999,-70.8856695639998,0
			-34.0390874729999,-70.8863536079999,0
			-34.0389519919999,-70.8870085459999,0
			-34.0388137619999,-70.8875826729999,0
			-34.0386980009999,-70.8881556119999,0
			-34.0386912629999,-70.888815349,0
			-34.038897544,-70.8887404209999,0
			-34.0392971759999,-70.8885859279998,0
			-34.0397669689999,-70.888509299,0
			-34.0403777829999,-70.8886147689999,0
			-34.040946397,-70.888803423,0
			-34.0415411399999,-70.8890989599999,0
			-34.0421636989999,-70.8895551949999,0
			-34.0425562619999,-70.8898604539999,0
			-34.043040472,-70.8902153109999,0
			-34.0437267829999,-70.8905604619999,0
			-34.044365478,-70.8908268289999,0
			-34.0449763619998,-70.890932412,0
			-34.0454713019998,-70.8909354159999,0
			-34.0459661639999,-70.890938594,0
			-34.0464619409999,-70.890968683,0
			-34.0470719069999,-70.8910473609999,0
			-34.0476171289999,-70.891210148,0
			-34.0484840569999,-70.8915735369999,0
			-34.0495745709999,-70.8918991309999,0
			-34.05027161,-70.8918925199999,0
			-34.0507767289999,-70.8917380629999,0
			-34.050798244,-70.891631074,0
			-34.0510411649999,-70.8913499189999,0
			-34.0512849629999,-70.891011454,0
			-34.0514332869998,-70.8906707789999,0
			-34.051579918,-70.890444723,0
			-34.0518714199999,-70.8901072219999,0
			-34.0522105469998,-70.889770778,0
			-34.0526929279999,-70.8894376,0
			-34.0533650889999,-70.889165869,0
			-34.0536052849999,-70.88905654,0
			-34.0539895429999,-70.8888930769999,0
			-34.0544197429999,-70.8888452909999,0
			-34.0546591339998,-70.8887932719999,0
			-34.0550371529999,-70.889030982,0
			-34.0553319289999,-70.8890375239999,0
			-34.0554663959999,-70.889040506,0
			-34.055989354,-70.8891667749999,0
			-34.056513196,-70.8892357309999,0
			-34.056846155,-70.889300453,0
			-34.0571810229999,-70.8892505529998,0
			-34.058089928,-70.889098728,0
			-34.0585677559999,-70.8890519979998,0
			-34.058949371,-70.8890604689999,0
			-34.059236573,-70.8891225789999,0
			-34.0595190769999,-70.8892451149999,0
			-34.059897975,-70.8894255279999,0
			-34.0603705869999,-70.889722691,0
			-34.0608405519999,-70.8901918019999,0
			-34.0614517879999,-70.8907785499999,0
			-34.0618766929999,-70.8910747539999,0
			-34.0623033649999,-70.891256153,0
			-34.06278119,-70.8912094349999,0
			-34.0642121719999,-70.891241325,0
			-34.0645920229999,-70.8913643519999,0
			-34.0649249799999,-70.891429091,0
			-34.0652102339999,-70.8914927659999,0
			-34.0655415719999,-70.8916721459999,0
			-34.0659213489999,-70.891795265,0
			-34.0663254999999,-70.891841706,0
			-34.0665405899999,-70.8918663709998,0
			-34.0668309419999,-70.8917571719999,0
			-34.0671164659998,-70.8916499069999,0
			-34.067452955,-70.8914852819999,0
			-34.0678867559999,-70.891208315,0
			-34.0682682949999,-70.891216796,0
			-34.0686976119999,-70.8912262489999,0
			-34.0692196119999,-70.891409874,0
			-34.0697434479999,-70.8914788599999,0
			-34.0703169189999,-70.8914379069999,0
			-34.0704594169999,-70.8914276719998,0
			-34.071987932,-70.8913567319999,0
			-34.0728420769999,-70.8916624349999,0
			-34.0733596599999,-70.8921326889999,0
			-34.073737744,-70.8923704709999,0
			-34.074305673,-70.8926698249999,0
			-34.0746855209999,-70.8927928739999,0
			-34.0752101659999,-70.8928046379999,0
			-34.0758737339999,-70.893090859,0
			-34.076484861,-70.893693091,0
			-34.0769953639999,-70.8946218949999,0
			-34.0776013349999,-70.8955529259999,0
			-34.0779731439998,-70.896191932,0
			-34.078205457,-70.896598534,0
			-34.0784836999999,-70.8971207669999,0
			-34.078568478,-70.8978108159999,0
			-34.0787035359999,-70.8983299499999,0
			-34.078886369,-70.898850061,0
			-34.0791186739999,-70.8992566749999,0
			-34.0794463799999,-70.8996653339998,0
			-34.0794383999999,-70.900181279,0
			-34.0792882009999,-70.9006366989999,0
			-34.0788536399999,-70.90097098,0
			-34.0787281749999,-70.9011644509999,0
			-34.0778270589999,-70.9025537219999,0
			-34.077235182,-70.9038019059999,0
			-34.0771657949998,-70.9041228529999,0
			-34.0769268309999,-70.9052285489999,0
			-34.0769143049999,-70.9060311019999,0
			-34.076949554,-70.9068346369999,0
			-34.0770846469999,-70.9073537739999,0
			-34.0773151429999,-70.9078749639999,0
			-34.0774997169999,-70.908280523,0
			-34.0777274599998,-70.908973783,0
			-34.0780515709998,-70.9096116839999,0
			-34.0782828719999,-70.9100756459999,0
			-34.0785646939999,-70.9103687979999,0
			-34.0789417739999,-70.9106639099999,0
			-34.079458459,-70.9111916379999,0
			-34.0802991649998,-70.912357393,0
			-34.0805763729999,-70.912937014,0
			-34.0805710879999,-70.9132810699999,0
			-34.0804181629999,-70.913908363,0
			-34.0801725109999,-70.914361614,0
			-34.0798791569999,-70.9148137009999,0
			-34.079681278,-70.9152680189999,0
			-34.079285292,-70.916176563,0
			-34.0791360029999,-70.916574625,0
			-34.0790108049999,-70.9166357199999,0
			-34.078799487,-70.9167390819999,0
			-34.078510525,-70.9169045199999,0
			-34.078364735,-70.9170733609998,0
			-34.0782199189999,-70.9171846999999,0
			-34.0780219559999,-70.9176390039999,0
			-34.0779697799999,-70.9179245589999,0
			-34.0779653069999,-70.9182110959999,0
			-34.077957249,-70.918727028,0
			-34.0780427989999,-70.9193597619999,0
			-34.0783599769999,-70.9202108659998,0
			-34.078658574,-70.9210122009999,0
			-34.0788419869999,-70.921380395,0
			-34.0790853229999,-70.921936365,0
			-34.0792820429999,-70.9224405089999,0
			-34.0795712239999,-70.9230213119998,0
			-34.0799269139999,-70.923571844,0
			-34.080310439,-70.9242833329999,0
			-34.08064637,-70.9249159859999,0
			-34.0809786689999,-70.9254407019999,0
			-34.0813145939999,-70.9260732779999,0
			-34.081579545,-70.9266012709999,0
			-34.0817978139999,-70.92707734,0
			-34.0820132869999,-70.927472477,0
			-34.0823411199999,-70.927862261,0
			-34.0827875059998,-70.9284355739999,0
			-34.083213229,-70.929063997,0
			-34.0836200229999,-70.9298013689998,0
			-34.0839586399998,-70.9305150039999,0
			-34.0843932559999,-70.9314132639999,0
			-34.0849455829999,-70.9324681479999,0
			-34.0854233159999,-70.9333104109999,0
			-34.0857340859999,-70.9338631989999,0
			-34.086274707,-70.93456717,0
			-34.086432209,-70.934706588,0
			-34.0867381799999,-70.9349774909999,0
			-34.0872429779999,-70.93527778,0
			-34.0877693419999,-70.9355499769999,0
			-34.0882085319999,-70.9359073759999,0
			-34.0887904659999,-70.9365013469999,0
			-34.0892764779998,-70.9369106029999,0
			-34.0896671029999,-70.937162235,0
			-34.0900111219999,-70.93736211,0
			-34.0903758029999,-70.937506883,0
			-34.0907144,-70.937544695,0
			-34.0911177739999,-70.9374984,0
			-34.0916082529998,-70.9373668109999,0
			-34.0919864449999,-70.9372405679999,0
			-34.092384824,-70.93717844,0
			-34.0927608859999,-70.9371777739999,0
			-34.0932547899999,-70.937241059,0
			-34.093809414,-70.9373884779999,0
			-34.0942495039999,-70.9375760819999,0
			-34.0945891549999,-70.937785817,0
			-34.0947906809999,-70.937920398,0
			-34.0949293429998,-70.9380129679999,0
			-34.09540355,-70.938355405,0
			-34.0956404579999,-70.9385179619999,0
			-34.0959205379999,-70.9386783999999,0
			-34.0961539199999,-70.9387367299999,0
			-34.0965011509999,-70.9387375469999,0
			-34.096798102,-70.9387369519999,0
			-34.0969921399999,-70.9387140299999,0
			-34.097338145,-70.938680103,0
			-34.0976776629998,-70.9386174349999,0
			-34.0982345799998,-70.9384556639999,0
			-34.0987700049999,-70.9383218999999,0
			-34.0993062589999,-70.938215151,0
			-34.1001146679999,-70.9381764049999,0
			-34.1007920069999,-70.938252144,0
			-34.1011315759999,-70.9383170709999,0
			-34.101314821,-70.9384164379999,0
			-34.1014306469999,-70.9385190639999,0
			-34.101617432,-70.9387263099999,0
			-34.1019192119999,-70.9390093489999,0
			-34.1023781489998,-70.939284786,0
			-34.10283716,-70.9395602299999,0
			-34.1032044739999,-70.9397860779999,0
			-34.1038547049999,-70.9404038569999,0
			-34.1041213829999,-70.9406455249999,0
			-34.104364829,-70.940866155,0
			-34.104755589,-70.9411179419999,0
			-34.1052091789999,-70.9412313999999,0
			-34.1057257419999,-70.9412067039999,0
			-34.1060149529998,-70.941111726,0
			-34.1062583889999,-70.9409919009999,0
			-34.1064767149999,-70.9407922069999,0
			-34.1066941409999,-70.9405654929999,0
			-34.10701941,-70.9401984519999,0
			-34.107328455,-70.9400214239999,0
			-34.1077893129999,-70.9396748769999,0
			-34.1083606509999,-70.9392689539999,0
			-34.1088197,-70.938868454,0
			-34.10924103,-70.9386859889999,0
			-34.1098473359999,-70.938657022,0
			-34.1103666109999,-70.9387132759999,0
			-34.111177729,-70.938755585,0
			-34.1118040039999,-70.938860549,0
			-34.1119188589999,-70.9388796889999,0
			-34.1123992349999,-70.938742346,0
			-34.1131283349999,-70.9385337739998,0
			-34.1132812069998,-70.938479538,0
			-34.113716558,-70.938269853,0
			-34.1138994119999,-70.938211414,0
			-34.1140496159998,-70.9381530329999,0
			-34.1143915289999,-70.9378262919999,0
			-34.114824448,-70.937606688,0
			-34.115273967,-70.9372434109998,0
			-34.1157450839999,-70.9367097539999,0
			-34.116133921,-70.936259648,0
			-34.117003375,-70.9355910959999,0
			-34.1175793199998,-70.9353747329999,0
			-34.1179132189999,-70.9353823409999,0
			-34.1185314399999,-70.935511264,0
			-34.119151469,-70.9355253969999,0
			-34.1194862739999,-70.9354755629998,0
			-34.120203585,-70.9353772549999,0
			-34.1207804329999,-70.935103528,0
			-34.121069346,-70.934937987,0
			-34.121451779,-70.9348893259999,0
			-34.1215683049999,-70.9348820359999,0
			-34.1221204839999,-70.934847189,0
			-34.122837794,-70.9347487809999,0
			-34.123317431,-70.93458767,0
			-34.1236586719999,-70.934392052,0
			-34.1238951829999,-70.9342565759999,0
			-34.124284916,-70.933749061,0
			-34.124626043,-70.9332979009999,0
			-34.1249176629998,-70.9329602769999,0
			-34.1252215549999,-70.9327722359999,0
			-34.1255440149999,-70.9325728939999,0
			-34.1256475189999,-70.9325013499999,0
			-34.1262675669999,-70.932073046,0
			-34.1269380049999,-70.9319161679999,0
			-34.1277993159999,-70.9317636299999,0
			-34.12832485,-70.93171812,0
			-34.128852259,-70.931557981,0
			-34.1291402639999,-70.9314498629999,0
			-34.1296495749999,-70.9310316309999,0
			-34.13000872,-70.9308384349999,0
			-34.1301554299999,-70.930612336,0
			-34.1307295629999,-70.930510543,0
			-34.131257873,-70.9302931209999,0
			-34.1316898069999,-70.9301307949999,0
			-34.1320723109999,-70.9300821109999,0
			-34.1326455409999,-70.930037764,0
			-34.133046548,-70.929996162,0
			-34.13355365,-70.929943646,0
			-34.1343230909999,-70.9295594549999,0
			-34.1351870329999,-70.9292347909999,0
			-34.1353171429998,-70.929124668,0
			-34.13591245,-70.9286201369999,0
			-34.136346186,-70.928343067,0
			-34.1368789249999,-70.927838701,0
			-34.1371237299999,-70.927442652,0
			-34.1372255089999,-70.927043264,0
			-34.1372813129999,-70.926528148,0
			-34.1374801429999,-70.9260161869999,0
			-34.1375800439999,-70.9257315239999,0
			-34.1377753439999,-70.9254491139999,0
			-34.138262245,-70.9248289109999,0
			-34.1387040669999,-70.9240355169999,0
			-34.1390523529999,-70.9231253089999,0
			-34.139253937,-70.92244132,0
			-34.1397560159999,-70.920845931,0
			-34.1400520929998,-70.9202213679999,0
			-34.1401763389999,-70.919970909,0
			-34.1402501979999,-70.9198249359999,0
			-34.140474276,-70.9193923099999,0
			-34.140544275,-70.9192569969999,0
			-34.140939332,-70.918405196,0
			-34.1411426839999,-70.917606442,0
			-34.1414882379999,-70.9168681979999,0
			-34.1416922729999,-70.9165311369999,0
			-34.1418310249999,-70.9163021379999,0
			-34.1422171099999,-70.9160238239999,0
			-34.1427003059999,-70.915633097,0
			-34.1434237969999,-70.91513301,0
			-34.1436659559999,-70.914908913,0
			-34.1447246479999,-70.9142904029999,0
			-34.144566375,-70.9146251359999,0
			-34.1444461409999,-70.914879528,0
			-34.1447590279999,-70.915187847,0
			-34.1449480789999,-70.9154132369999,0
			-34.1452319479999,-70.915891039,0
			-34.145337372,-70.91623528,0
			-34.1454503919999,-70.916651212,0
			-34.1456585429999,-70.9174931549999,0
			-34.1457582849999,-70.9179170529999,0
			-34.1458535269999,-70.9183404949999,0
			-34.146057347,-70.919184746,0
			-34.1461629839999,-70.9195760859999,0
			-34.14626816,-70.9206388869999,0
			-34.146742259,-70.9218969679999,0
			-34.1475165539999,-70.9238275729999,0
			-34.1493865839999,-70.9290102139998,0
			-34.1499524579999,-70.929781292,0
			-34.150396213,-70.9305955349999,0
			-34.1514587159999,-70.9337749529999,0
			-34.1524893149999,-70.934597996,0
			-34.156568514,-70.938914123,0
			-34.159680813,-70.943406838,0
			-34.1604616109999,-70.9450776429999,0
			-34.160769076,-70.9455086299999,0
			-34.1615401359999,-70.9471070119999,0
			-34.161634391,-70.9473022619999,0
			-34.1616971779999,-70.947432374,0
			-34.162349664,-70.948746824,0
			-34.1624435969999,-70.948976106,0
			-34.1626362309999,-70.9493531189999,0
			-34.1627220349999,-70.9495408079998,0
			-34.1628273069998,-70.9498931539999,0
			-34.1632705449999,-70.951242279,0
			-34.1638301549999,-70.9530105859999,0
			-34.164273739,-70.954715993,0
			-34.1641380609999,-70.9571616729999,0
			-34.1643903659999,-70.9581349199999,0
			-34.164591668,-70.958503986,0
			-34.164806192,-70.958858877,0
			-34.165042436,-70.9591951629999,0
			-34.1652829879999,-70.959520447,0
			-34.165528125,-70.9598501889999,0
			-34.165755609,-70.9601935699999,0
			-34.165974481,-70.960544215,0
			-34.166188813,-70.9608970659999,0
			-34.166412158,-70.961249595,0
			-34.1666354519999,-70.961600792,0
			-34.1668497989999,-70.9619523179999,0
			-34.1670641689999,-70.9623072219999,0
			-34.1672742119999,-70.9626644259999,0
			-34.1674930349999,-70.9630177509999,0
			-34.167720699,-70.963363192,0
			-34.1679611989999,-70.9636912509999,0
			-34.1682194529998,-70.9640080809999,0
			-34.1684599739999,-70.96433472,0
			-34.168678696,-70.9646846759999,0
			-34.168888973,-70.965050073,0
			-34.1690903159999,-70.965419799,0
			-34.1692960389999,-70.9657833189999,0
			-34.1695146239999,-70.9661278549999,0
			-34.1697725169999,-70.966434737,0
			-34.170073666,-70.966687972,0
			-34.170383218,-70.966923897,0
			-34.1706970399999,-70.96715148,0
			-34.1710151409999,-70.9673700999999,0
			-34.171315894,-70.967611157,0
			-34.1715915159999,-70.9679084209999,0
			-34.1718277969999,-70.968245297,0
			-34.1720339469999,-70.968770408,0
			-34.1720797949999,-70.9690571829999,0
			-34.1721255539998,-70.9694920109999,0
			-34.172171437,-70.9699281769999,0
			-34.1722308689999,-70.9703623469999,0
			-34.1723035009999,-70.9707931819999,0
			-34.1723941219999,-70.9712169689999,0
		</coordinates>
	</polygon>
</kml>
