<?xml version="1.0" encoding="UTF-8"?>
<kml xmlns="http://earth.google.com/kml/2.2">
	<polygon id="Chile_Tarapaca" samplingProbability="1">
		<coordinates>
			-21.629765458,-69.5516315389999,0
			-21.62961539,-69.5517515959999,0
			-21.6295720919999,-69.5517859199999,0
			-21.6293775249999,-69.5519406619999,0
			-21.629327868,-69.551980269,0
			-21.6293179219999,-69.551988203,0
			-21.6290640519998,-69.5522581129999,0
			-21.6288101809999,-69.552528025,0
			-21.628682871,-69.5527983349999,0
			-21.628492422,-69.5530009939999,0
			-21.6284289269998,-69.5530684,0
			-21.628175073,-69.553270687,0
			-21.628081552,-69.553250595,0
			-21.627858999,-69.5532019999999,0
			-21.6277494519999,-69.5531780809999,0
			-21.627542499,-69.5531329989999,0
			-21.6274369989999,-69.5531549999999,0
			-21.627376092,-69.553167641,0
			-21.6272254249998,-69.5531992579999,0
			-21.6270780149999,-69.553277432,0
			-21.6269720259999,-69.5533339839999,0
			-21.6267179849999,-69.5535360059999,0
			-21.6266644029999,-69.553564234,0
			-21.6266057309999,-69.5535953299999,0
			-21.626464051,-69.553670422,0
			-21.6262098889999,-69.5539402349999,0
			-21.626191886,-69.553978355,0
			-21.6260823469999,-69.5542107849998,0
			-21.626049742,-69.5542798499999,0
			-21.6260149989999,-69.5543539999999,0
			-21.6259549989999,-69.5544809999999,0
			-21.625827192,-69.5547515929998,0
			-21.6258052739999,-69.5548667349999,0
			-21.6257629999999,-69.5550899989999,0
			-21.6257083989999,-69.5552051739999,0
			-21.625635179,-69.5553603119999,0
			-21.6256337689999,-69.555700311,0
			-21.6256310009999,-69.555716,0
			-21.625570001,-69.5560369999999,0
			-21.6255682579999,-69.556377562,0
			-21.625457065,-69.5566121099999,0
			-21.6253772319999,-69.556781421,0
			-21.6253478269999,-69.5568437199999,0
			-21.6253169999999,-69.5569100009999,0
			-21.6252499999999,-69.5570519989999,0
			-21.6250590009999,-69.557321999,0
			-21.625030001,-69.5573449999999,0
			-21.625016896,-69.5573553469999,0
			-21.6249541749999,-69.5574052369999,0
			-21.6248052569999,-69.5575237419999,0
			-21.624760549,-69.557547625,0
			-21.624547863,-69.5576596549999,0
			-21.624316,-69.5577079999999,0
			-21.6242342269999,-69.5577249509999,0
			-21.624047434,-69.557457491,0
			-21.6239189999999,-69.5571819999999,0
			-21.6238750779999,-69.5571190219999,0
			-21.623729999,-69.556911,0
			-21.6234779999999,-69.5566389999999,0
			-21.623161001,-69.556638001,0
			-21.6228449999999,-69.556704,0
			-21.622787092,-69.556734778,0
			-21.6225910009999,-69.556838999,0
			-21.622563048,-69.5568785149999,0
			-21.6223991489999,-69.557110795,0
			-21.622371893,-69.557168288,0
			-21.6222724989999,-69.557378931,0
			-21.6222277609999,-69.5574973239999,0
			-21.6221889989999,-69.557601001,0
			-21.622145035,-69.5577169049999,0
			-21.6222069999998,-69.5580559999999,0
			-21.622333,-69.558327001,0
			-21.6225218949999,-69.558598847,0
			-21.6225593969999,-69.5585989999999,0
			-21.6226289999999,-69.5585989999999,0
			-21.622907149,-69.5586000339999,0
			-21.623057807,-69.558600987,0
			-21.6232180009999,-69.5586019999999,0
			-21.62335531,-69.558798883,0
			-21.6234069999999,-69.5588729999999,0
			-21.623532994,-69.559145026,0
			-21.6235220009999,-69.559204,0
			-21.6234680419999,-69.5594827819999,0
			-21.6233609989999,-69.5596349999998,0
			-21.623278001,-69.5597529999999,0
			-21.623208,-69.5599009999999,0
			-21.6231850229999,-69.5599493289999,0
			-21.623150054,-69.5600234149999,0
			-21.6229592299999,-69.560293464,0
			-21.6228310179999,-69.560767036,0
			-21.6229569999999,-69.5610380009999,0
			-21.6231424499999,-69.561138421,0
			-21.6232100209999,-69.561175049,0
			-21.6233071349999,-69.5613855889998,0
			-21.62333498,-69.5614459579999,0
			-21.6233339989999,-69.5617849989999,0
			-21.6232689939999,-69.562191008,0
			-21.6231969999999,-69.562293,0
			-21.623079,-69.562461,0
			-21.6228627899999,-69.5625066969999,0
			-21.6227619989999,-69.5625279999999,0
			-21.622565,-69.5625269999999,0
			-21.622444973,-69.5625259799999,0
			-21.6223300349999,-69.5624642009999,0
			-21.6221921859999,-69.562390099,0
			-21.6218759999999,-69.5623209999999,0
			-21.6215590009999,-69.5623199999999,0
			-21.621221184,-69.562419946,0
			-21.6212123419999,-69.562426439,0
			-21.6211819999999,-69.562448999,0
			-21.620981999,-69.5625959989999,0
			-21.6207699989999,-69.5627619999999,0
			-21.6205849999999,-69.563037,0
			-21.6205370009999,-69.5631729989999,0
			-21.620500622,-69.5632741749999,0
			-21.6204733489999,-69.5633511069999,0
			-21.620435041,-69.5638031169999,0
			-21.620562999,-69.5641679989999,0
			-21.6206643029999,-69.5643166789999,0
			-21.6207639999999,-69.5644629999999,0
			-21.6209469999999,-69.5647099989999,0
			-21.621203001,-69.565124,0
			-21.6211494779999,-69.5652729959999,0
			-21.6211289879999,-69.565330006,0
			-21.621035123,-69.565393397,0
			-21.620898128,-69.5654859109999,0
			-21.6207249999999,-69.5655419999998,0
			-21.6205938499999,-69.5655840439999,0
			-21.620441447,-69.5656313659999,0
			-21.620345976,-69.56566122,0
			-21.6200911199999,-69.5657433919999,0
			-21.6200150939999,-69.5657679679999,0
			-21.6199699999999,-69.565781,0
			-21.6196097019999,-69.5658840469999,0
			-21.6193910989998,-69.5659191939999,0
			-21.6192990169998,-69.5659339979999,0
			-21.6191614279998,-69.565933275,0
			-21.6189192869999,-69.565932383,0
			-21.6186028989999,-69.5658634,0
			-21.6182863559999,-69.5658621679999,0
			-21.618059826,-69.565861286,0
			-21.6179699159999,-69.5658610009999,0
			-21.6179219999999,-69.5658610009999,0
			-21.6178041929999,-69.5658602899999,0
			-21.617589837,-69.565859457,0
			-21.6172731449999,-69.5658582249999,0
			-21.616965589,-69.5658570269999,0
			-21.6168610009999,-69.565908,0
			-21.6167830039998,-69.5659489739999,0
			-21.616702873,-69.5659914299999,0
			-21.616481,-69.5661089999999,0
			-21.6164489449999,-69.5661260289999,0
			-21.6164263979999,-69.5661379239999,0
			-21.6161954189999,-69.5662603069999,0
			-21.6159412329998,-69.5665301669999,0
			-21.615687201,-69.5667323549999,0
			-21.615659798,-69.5667904349999,0
			-21.6156329999999,-69.5668479989999,0
			-21.6155592129999,-69.5670046549999,0
			-21.6154563889999,-69.567221553,0
			-21.6154320539999,-69.567272881,0
			-21.615329,-69.5674559989999,0
			-21.6152403049999,-69.5676124679999,0
			-21.615220595,-69.567654075,0
			-21.6151134619999,-69.5678812639999,0
			-21.615051008,-69.568013633,0
			-21.6150269999999,-69.5680650009999,0
			-21.6149859989999,-69.5681520009999,0
			-21.6149078249999,-69.568214172,0
			-21.6147319999999,-69.5683539999999,0
			-21.614632152,-69.5684334069999,0
			-21.6144780009999,-69.5685559999999,0
			-21.614355293,-69.568729458,0
			-21.6142870189999,-69.5688259709999,0
			-21.6142389999999,-69.5688520009999,0
			-21.6140329999999,-69.5689609989999,0
			-21.6137792659998,-69.5691627899999,0
			-21.6137132059999,-69.5693028769999,0
			-21.613652088,-69.5694328129999,0
			-21.6136290009999,-69.5695539999999,0
			-21.6136089309999,-69.5696576889999,0
			-21.6135872369999,-69.5697713019999,0
			-21.6135860779999,-69.5701098949999,0
			-21.6135859999999,-69.570132799,0
			-21.6135859999999,-69.5702759999999,0
			-21.6135849999998,-69.5704479969999,0
			-21.6135839999998,-69.5708550589999,0
			-21.6135829999999,-69.571047001,0
			-21.6135819979999,-69.5711929379999,0
			-21.613535999,-69.5714390009999,0
			-21.6135180119999,-69.5715319379999,0
			-21.613326001,-69.5717349989999,0
			-21.61326371,-69.571801062,0
			-21.6129960009999,-69.571857999,0
			-21.6129470079999,-69.5718680039998,0
			-21.6128969989999,-69.5718950009999,0
			-21.612692661,-69.5720020699998,0
			-21.612445952,-69.5720542139999,0
			-21.6123761339998,-69.5720689699999,0
			-21.6123139999999,-69.572082,0
			-21.6122733389999,-69.5720904519999,0
			-21.612059437,-69.5721353899999,0
			-21.611935724,-69.572161331,0
			-21.6118530009999,-69.5721789999999,0
			-21.6117430629998,-69.5722019869999,0
			-21.6115643549999,-69.5722391939999,0
			-21.611425808,-69.5722682399999,0
			-21.6111094199999,-69.5721993229999,0
			-21.6107931089999,-69.5721304099999,0
			-21.6104764909999,-69.5721291639999,0
			-21.610290391,-69.5722771939999,0
			-21.6102229649999,-69.572331027,0
			-21.6101679999999,-69.572375001,0
			-21.6099689999999,-69.572533,0
			-21.6100079989999,-69.5725540009998,0
			-21.6102209749999,-69.5726699859999,0
			-21.6102540009999,-69.5728459999999,0
			-21.6102839589999,-69.573008783,0
			-21.6102210849999,-69.5733361479999,0
			-21.610218378,-69.5733483109999,0
			-21.6100914629999,-69.5736172639999,0
			-21.6100371389999,-69.573732319,0
			-21.610013001,-69.5737839989998,0
			-21.6099640369999,-69.5738879199999,0
			-21.6097730009999,-69.5741580009999,0
			-21.6097412169999,-69.5742250449999,0
			-21.6096450659999,-69.5744278569999,0
			-21.609578579,-69.5744634419999,0
			-21.6093920799999,-69.574562957,0
			-21.609186999,-69.574562,0
			-21.609075001,-69.5745609999999,0
			-21.6087589679998,-69.5745599919998,0
			-21.6084710109999,-69.5744973139999,0
			-21.6084420989998,-69.574491022,0
			-21.608412358,-69.5744972649999,0
			-21.608125,-69.5745579999999,0
			-21.607822491,-69.5746209819999,0
			-21.607808421,-69.574623931,0
			-21.607744011,-69.5749620559999,0
			-21.607773999,-69.575125,0
			-21.607805997,-69.5753015719999,0
			-21.6078051699999,-69.5755819489999,0
			-21.6078049989999,-69.575639892,0
			-21.607794,-69.575699,0
			-21.6077399989999,-69.5759779999999,0
			-21.607637226,-69.5761964949999,0
			-21.607613,-69.576248,0
			-21.6073590009999,-69.576450001,0
			-21.60716639,-69.5765523709998,0
			-21.607099847,-69.5765890979999,0
			-21.607021844,-69.5766511309999,0
			-21.6068511399999,-69.5767869709999,0
			-21.6067551849999,-69.5768888499999,0
			-21.6065973469999,-69.577056629,0
			-21.6065209999999,-69.5771779999999,0
			-21.6064501189999,-69.577290459,0
			-21.6063422609999,-69.577462033,0
			-21.606300156,-69.5776829949999,0
			-21.6062779999999,-69.5777999989999,0
			-21.6062769999999,-69.5781390009999,0
			-21.6061096709998,-69.5783755369999,0
			-21.606084461,-69.578409812,0
			-21.6059779999999,-69.578466001,0
			-21.6059675669999,-69.5784715029999,0
			-21.605831967,-69.578543332,0
			-21.6057273289999,-69.5785987919999,0
			-21.6056199999999,-69.578656,0
			-21.605578022,-69.5786779889999,0
			-21.6039216509999,-69.5786463169999,0
			-21.60333,-69.5786349999999,0
			-21.6031981459999,-69.5786062099999,0
			-21.603013431,-69.578565877,0
			-21.602857999,-69.5785320009999,0
			-21.6027617679999,-69.578510949,0
			-21.6026978109999,-69.578497001,0
			-21.6023808099999,-69.5784960399999,0
			-21.6022620009999,-69.578520999,0
			-21.602064242,-69.5785619489999,0
			-21.601922767,-69.578621702,0
			-21.6017470009999,-69.578696,0
			-21.6014309999999,-69.578695,0
			-21.601401,-69.5787060009999,0
			-21.6010502289999,-69.5788289179999,0
			-21.60067,-69.5788949999999,0
			-21.600572294,-69.578972703,0
			-21.6004159989998,-69.5790969989999,0
			-21.6001719989999,-69.579149,0
			-21.600099057,-69.5791639869999,0
			-21.5999400009999,-69.579163001,0
			-21.5997189989999,-69.579162001,0
			-21.5995590749999,-69.57912708,0
			-21.5994029999999,-69.579092999,0
			-21.5992903549999,-69.5790018109999,0
			-21.599150999,-69.5788890009999,0
			-21.5988979999999,-69.578685,0
			-21.5988600909999,-69.578603463,0
			-21.5987720909999,-69.5784141949999,0
			-21.598583001,-69.5781419999999,0
			-21.5985226569999,-69.5780122129999,0
			-21.5984569989999,-69.577871,0
			-21.598205,-69.5775989999999,0
			-21.598138503,-69.577545169,0
			-21.5979525699998,-69.5773948719999,0
			-21.5976997729999,-69.577258463,0
			-21.5975099999999,-69.5773589999999,0
			-21.5974465089999,-69.5773927289999,0
			-21.5974404209999,-69.5774047689998,0
			-21.5973180009999,-69.577663,0
			-21.5970639989999,-69.577865001,0
			-21.5968777859999,-69.5779044829999,0
			-21.5967479999999,-69.5779319999999,0
			-21.5965441749998,-69.577974438,0
			-21.596430787,-69.5779982059999,0
			-21.5963256169999,-69.5780202739999,0
			-21.596114191,-69.5780649579999,0
			-21.5960646619999,-69.578104239,0
			-21.595859999,-69.5782669999999,0
			-21.5958387909998,-69.5783117669999,0
			-21.5957324609999,-69.5785370569999,0
			-21.5956610009999,-69.5787259999999,0
			-21.5956049999999,-69.578875,0
			-21.5955584609998,-69.5789407889999,0
			-21.5954140009999,-69.5791449999999,0
			-21.595223,-69.579415,0
			-21.5951596319999,-69.5794823589999,0
			-21.5949689999999,-69.5796849999999,0
			-21.594787234,-69.579877457,0
			-21.5947140149999,-69.5799549819999,0
			-21.5946741179999,-69.5799867169999,0
			-21.59446,-69.580157001,0
			-21.594234317,-69.580252399,0
			-21.5941429989999,-69.580291,0
			-21.5940662199999,-69.5803234559999,0
			-21.5938259999999,-69.580425001,0
			-21.5936429139999,-69.5805223089999,0
			-21.5935723389999,-69.5805598189999,0
			-21.5935340369999,-69.580613993,0
			-21.5935269999999,-69.5806239999999,0
			-21.593382,-69.5808299999999,0
			-21.5933158249999,-69.5811704789999,0
			-21.5931894389999,-69.5814383279999,0
			-21.5931562029999,-69.5816127039999,0
			-21.5931369999998,-69.5817149989999,0
			-21.5931250159999,-69.581776915,0
			-21.59307025,-69.5818924869999,0
			-21.5929973979999,-69.582046836,0
			-21.592948297,-69.5823042089999,0
			-21.5929329989999,-69.5823849989999,0
			-21.5929203009999,-69.5824510299999,0
			-21.592867978,-69.582723046,0
			-21.5927859989999,-69.5828990009999,0
			-21.5927410319999,-69.582993932,0
			-21.5926391909999,-69.5830749659999,0
			-21.592486999,-69.5831959989998,0
			-21.5924499989999,-69.5831760009999,0
			-21.592235617,-69.5830598739998,0
			-21.5920139999999,-69.5828819999999,0
			-21.591981346,-69.5828552849999,0
			-21.5918344459999,-69.582886072,0
			-21.59166533,-69.582921929,0
			-21.5914419999999,-69.58304,0
			-21.5914108959998,-69.583056128,0
			-21.5911571559999,-69.583190434,0
			-21.5910298699999,-69.5832917039999,0
			-21.5910019999999,-69.583313999,0
			-21.5909030489999,-69.5833929469999,0
			-21.5907159999998,-69.583492,0
			-21.590649001,-69.583526999,0
			-21.590450786,-69.5836319829999,0
			-21.5903959999999,-69.5836609999999,0
			-21.5901601739998,-69.5837606869999,0
			-21.5900790009999,-69.5837949989999,0
			-21.589976,-69.5838390009999,0
			-21.5897623989999,-69.58392983,0
			-21.589752657,-69.583937401,0
			-21.589530999,-69.5841129999999,0
			-21.589507001,-69.5841319989999,0
			-21.58933,-69.5842260009999,0
			-21.589253996,-69.584265998,0
			-21.5891939989999,-69.5842789989999,0
			-21.5889369999999,-69.5843329999998,0
			-21.588744999,-69.5843319999998,0
			-21.588691645,-69.584331574,0
			-21.5886203159999,-69.5843312869999,0
			-21.5883962419999,-69.5843782939999,0
			-21.5883030479998,-69.58439799,0
			-21.588238264,-69.584432286,0
			-21.5880499989998,-69.584532001,0
			-21.5880042319999,-69.5845561459999,0
			-21.587795979,-69.5846664379999,0
			-21.587708843,-69.58475888,0
			-21.5875979989999,-69.5848769999999,0
			-21.5875420009999,-69.584936,0
			-21.5874749989999,-69.5849899999999,0
			-21.5873103089999,-69.585120343,0
			-21.5872879269999,-69.5851381559999,0
			-21.58716011,-69.5854087709999,0
			-21.5871504209999,-69.585459594,0
			-21.5870956859999,-69.5857486339999,0
			-21.587049,-69.585992,0
			-21.5870310009999,-69.5860849999999,0
			-21.5869789999999,-69.586196,0
			-21.5869038229999,-69.586355037,0
			-21.5867175639999,-69.586394404,0
			-21.5865869199999,-69.5864220699999,0
			-21.5864367799999,-69.5865012499999,0
			-21.586332999,-69.5865559999999,0
			-21.586014108,-69.5865560509999,0
			-21.5856939999999,-69.586734001,0
			-21.5853503359999,-69.586924811,0
			-21.585267098,-69.5868056909999,0
			-21.585160999,-69.586653,0
			-21.5849719989999,-69.586314,0
			-21.5847830589999,-69.5860420849999,0
			-21.584752,-69.5860289989998,0
			-21.584467001,-69.585905999,0
			-21.5842850009999,-69.585905,0
			-21.5842408679999,-69.5859046709999,0
			-21.5841506799999,-69.5859043079999,0
			-21.5840792339999,-69.5859421439999,0
			-21.5838969459999,-69.5860392869999,0
			-21.583881,-69.5861229989999,0
			-21.583831999,-69.5863769999999,0
			-21.5837299999999,-69.5865939999999,0
			-21.583704988,-69.5866470239999,0
			-21.5836840519999,-69.5866911879999,0
			-21.583577218,-69.586917499,0
			-21.583515028,-69.5870492409999,0
			-21.5834499999999,-69.587188,0
			-21.583348386,-69.5872688109999,0
			-21.5831959989999,-69.587389999,0
			-21.583005,-69.587659999,0
			-21.582932001,-69.5878140009999,0
			-21.5828768749998,-69.587930131,0
			-21.5827166999998,-69.5881003969999,0
			-21.582622999,-69.588199999,0
			-21.5825710009999,-69.588227999,0
			-21.5824595419999,-69.5882864889999,0
			-21.5823691509999,-69.588334382,0
			-21.582115168,-69.588536408,0
			-21.5819883689999,-69.5886373049999,0
			-21.5819599989999,-69.5886600009999,0
			-21.581860935,-69.5887390409999,0
			-21.581647365,-69.5888744599999,0
			-21.5815440009999,-69.58894,0
			-21.581443441,-69.5889934469999,0
			-21.5812900839998,-69.589074954,0
			-21.581137,-69.5891559999999,0
			-21.581077485,-69.5891872299999,0
			-21.5810363579999,-69.589209008,0
			-21.5807822999999,-69.589411109,0
			-21.5807052909999,-69.5894928229999,0
			-21.5805569999998,-69.589650999,0
			-21.5805279729999,-69.5896810359999,0
			-21.5805014159999,-69.5897185779999,0
			-21.5803369459999,-69.589951056,0
			-21.5802943749999,-69.5899963089999,0
			-21.5800831179999,-69.5902208739998,0
			-21.57992724,-69.5904411829999,0
			-21.579892,-69.5904909989999,0
			-21.5797559989999,-69.5905630009999,0
			-21.579638044,-69.590624975,0
			-21.579456394,-69.5907017679999,0
			-21.579320939,-69.5907589999999,0
			-21.579160816,-69.5907584929999,0
			-21.5790050459998,-69.5907579999999,0
			-21.5788330009999,-69.5907939989999,0
			-21.5787666159999,-69.5908077349999,0
			-21.578687784,-69.5908242699999,0
			-21.5783706849999,-69.5909583759999,0
			-21.578116699,-69.5911604689999,0
			-21.578065259,-69.591187706,0
			-21.577962,-69.591243,0
			-21.5778630009999,-69.5912949999999,0
			-21.5777415769999,-69.5913723739999,0
			-21.5775459999999,-69.5914970009998,0
			-21.5772919809999,-69.5916310099999,0
			-21.5772640009999,-69.591646001,0
			-21.5770383979998,-69.5917647909999,0
			-21.57685599,-69.591725257,0
			-21.576722001,-69.591695999,0
			-21.576468995,-69.591491995,0
			-21.5762799999999,-69.5912210009999,0
			-21.5760649429999,-69.591046906,0
			-21.5760280009999,-69.5910170009999,0
			-21.575725109,-69.5910800629999,0
			-21.5757109309999,-69.5910830369999,0
			-21.575695168,-69.5910913529999,0
			-21.5754570219999,-69.5912174119999,0
			-21.5753294269999,-69.5914876669999,0
			-21.5752563549999,-69.591642441,0
			-21.5752020049999,-69.5917579879999,0
			-21.575152494,-69.591862427,0
			-21.575074238,-69.592028178,0
			-21.5750046389999,-69.5921755909999,0
			-21.5749879999999,-69.5922109989999,0
			-21.5749470789999,-69.5922978309998,0
			-21.5749142299999,-69.592355689,0
			-21.5747549989999,-69.592635999,0
			-21.574627999,-69.592905999,0
			-21.5744369999999,-69.5931759989999,0
			-21.5742460009999,-69.593445999,0
			-21.5740549989999,-69.5937159999999,0
			-21.5738806869999,-69.5939624119999,0
			-21.5738639999999,-69.593986,0
			-21.5735464979999,-69.5943234979999,0
			-21.5732919999999,-69.594526,0
			-21.5729759989999,-69.5945919989999,0
			-21.572914999,-69.5945919989999,0
			-21.5726589999999,-69.5945909989999,0
			-21.57240574,-69.594386433,0
			-21.572336999,-69.594237001,0
			-21.5723291769999,-69.594219957,0
			-21.5722807709999,-69.5941154019999,0
			-21.5721550289999,-69.593844121,0
			-21.571838892,-69.5937073689999,0
			-21.571538747,-69.5937062099999,0
			-21.5714589999999,-69.5937059999999,0
			-21.5712049999999,-69.593908001,0
			-21.571160854,-69.5939312899999,0
			-21.570951168,-69.59404191,0
			-21.5708099139999,-69.594241441,0
			-21.57076,-69.5943119999999,0
			-21.5706416739999,-69.5944061019999,0
			-21.570505999,-69.5945140009999,0
			-21.5703754379999,-69.5945691909999,0
			-21.570189,-69.5946479999999,0
			-21.5700663649999,-69.594621221,0
			-21.5698729989999,-69.5945789999999,0
			-21.5694930159999,-69.594510003,0
			-21.5694811779999,-69.59450043,0
			-21.5692406349999,-69.5943061199999,0
			-21.5690323819999,-69.594268121,0
			-21.5688609999999,-69.594237001,0
			-21.5687032679999,-69.5942365019998,0
			-21.5685440009999,-69.594235999,0
			-21.5683095819999,-69.5943601579999,0
			-21.5682909999999,-69.59437,0
			-21.5681474899999,-69.594622638,0
			-21.5680994169998,-69.5947075299999,0
			-21.5680612329999,-69.5949470039999,0
			-21.5680350009999,-69.595113001,0
			-21.5680228379999,-69.5951344119999,0
			-21.5678434929999,-69.595451193,0
			-21.5678420389999,-69.595857326,0
			-21.567790714,-69.5959359329999,0
			-21.5677269989999,-69.596034,0
			-21.567554946,-69.5962971179999,0
			-21.5673889999999,-69.5964730009999,0
			-21.5673009839999,-69.5965659929999,0
			-21.5672259999999,-69.5965819989999,0
			-21.5669850849999,-69.596631982,0
			-21.5667223829999,-69.5966311709999,0
			-21.5666679989999,-69.5966309999999,0
			-21.5663509139998,-69.5966299999999,0
			-21.566089,-69.5966289999999,0
			-21.566006331,-69.5966282989999,0
			-21.565971363,-69.5966281629999,0
			-21.565933733,-69.5966279999999,0
			-21.5658340009999,-69.5966279999999,0
			-21.5656550909999,-69.5966269999999,0
			-21.5655598949999,-69.5966264009999,0
			-21.5653381249999,-69.596625494,0
			-21.5650215049999,-69.5966242779999,0
			-21.5649306629999,-69.5966433059999,0
			-21.5647049999999,-69.596691,0
			-21.5646531069999,-69.5967183779999,0
			-21.5644509999999,-69.5968249989999,0
			-21.5641969989999,-69.597027,0
			-21.5640260949999,-69.5971305449999,0
			-21.5637529419999,-69.5972960119998,0
			-21.5636959999999,-69.597307999,0
			-21.563629535,-69.5973218039999,0
			-21.563435964,-69.5973623949999,0
			-21.5630512679999,-69.597565977,0
			-21.562801829,-69.597697997,0
			-21.5625937829999,-69.5976973429999,0
			-21.5624850789999,-69.597697,0
			-21.5622944179999,-69.597777562,0
			-21.5621679369999,-69.597831032,0
			-21.5620910009999,-69.5978719999999,0
			-21.561995575,-69.5979221379999,0
			-21.561914036,-69.597965304,0
			-21.5618087189999,-69.598021059,0
			-21.5617600009999,-69.5980469999999,0
			-21.5616602019999,-69.598099893,0
			-21.5614069999999,-69.5982339999999,0
			-21.5613096449999,-69.5983370819998,0
			-21.5611522819999,-69.5985037009999,0
			-21.5611218889999,-69.5985680839999,0
			-21.561113,-69.5985869999999,0
			-21.5610249759999,-69.5987740469998,0
			-21.560928466,-69.598977627,0
			-21.5608970099998,-69.599044201,0
			-21.5607691599999,-69.599382147,0
			-21.560515164,-69.5995841239999,0
			-21.5602611689999,-69.599786178,0
			-21.5600071699999,-69.5999882309999,0
			-21.55981621,-69.6002581119999,0
			-21.5597914219999,-69.6003106169999,0
			-21.5597449999999,-69.6004099999999,0
			-21.559689018,-69.6005279619999,0
			-21.559623987,-69.6009340279999,0
			-21.5596190009999,-69.600945,0
			-21.5595808969999,-69.6010252329999,0
			-21.5594962499999,-69.6012044759999,0
			-21.559451204,-69.6012998909999,0
			-21.559431999,-69.6013409999999,0
			-21.559369013,-69.6014749689999,0
			-21.5592654089999,-69.6015842789999,0
			-21.5591140319999,-69.601743966,0
			-21.5589229989999,-69.602013999,0
			-21.5586059999998,-69.6022159999999,0
			-21.5583520009999,-69.6024179999999,0
			-21.5582886569999,-69.602468374,0
			-21.558098,-69.6026200009999,0
			-21.5578440009999,-69.6028219999998,0
			-21.5577665339998,-69.6029315069999,0
			-21.5576518869999,-69.6030929469999,0
			-21.5575592939999,-69.603171812,0
			-21.5573359999999,-69.6033619999998,0
			-21.557187717,-69.6035184239999,0
			-21.55708127,-69.603631336,0
			-21.5568903769999,-69.603901204,0
			-21.5568036869999,-69.604084713,0
			-21.5567809989999,-69.6041330009999,0
			-21.5567630379999,-69.604170918,0
			-21.5566749769999,-69.60429543,0
			-21.5565720009999,-69.604441,0
			-21.556394128,-69.6046924419999,0
			-21.5563809999999,-69.6047109999999,0
			-21.556244826,-69.6047833769999,0
			-21.5561269299999,-69.604845978,0
			-21.5560059969999,-69.6048452329999,0
			-21.555810524,-69.6048444729999,0
			-21.555493906,-69.60484308,0
			-21.5554733459999,-69.604843,0
			-21.5553849999999,-69.604843,0
			-21.555176999,-69.604842,0
			-21.5550872649999,-69.6048895289999,0
			-21.5549239999999,-69.604976001,0
			-21.554744206,-69.6051663689999,0
			-21.554669282,-69.605245842,0
			-21.554478312,-69.605515785,0
			-21.554455618,-69.6055638349999,0
			-21.5544269989999,-69.6056249999999,0
			-21.5543509259999,-69.6057860779999,0
			-21.5541711399999,-69.605976439,0
			-21.5540964449999,-69.6060556649999,0
			-21.5538421939999,-69.606325343,0
			-21.553588191,-69.6065273769999,0
			-21.5534265849999,-69.606698786,0
			-21.5533339999999,-69.6067969999999,0
			-21.553324,-69.606804999,0
			-21.5530800009998,-69.6069990009998,0
			-21.553046331,-69.6070700229999,0
			-21.5529522449999,-69.6072692859999,0
			-21.552897301,-69.6073856099999,0
			-21.5528609989999,-69.6074629999999,0
			-21.552825001,-69.6075389969999,0
			-21.5528057509999,-69.607589827,0
			-21.552697,-69.6078769999999,0
			-21.5525691359999,-69.608147716,0
			-21.5525684249999,-69.6083428379999,0
			-21.552568,-69.608486,0
			-21.552515112,-69.6086256569999,0
			-21.552440028,-69.6088239269999,0
			-21.5524380379999,-69.6088343539999,0
			-21.5523759989999,-69.6091619989999,0
			-21.552311,-69.6095000009999,0
			-21.55231,-69.6098389999999,0
			-21.552270407,-69.610044887,0
			-21.5522600009999,-69.6100990009999,0
			-21.5522449999999,-69.610177,0
			-21.5521169999999,-69.6104469999999,0
			-21.551862921,-69.610649,0
			-21.5518380009999,-69.610649,0
			-21.5515490669998,-69.610648006,0
			-21.5514212049999,-69.6103764489999,0
			-21.551295565,-69.6101051159999,0
			-21.551106567,-69.609833598,0
			-21.550980925,-69.6095623439999,0
			-21.5496120079999,-69.6116210059999,0
			-21.5494210269999,-69.6118910079999,0
			-21.549293228,-69.612228839,0
			-21.5492849769999,-69.612272032,0
			-21.5492709989999,-69.6123469999999,0
			-21.5492277249999,-69.612569691,0
			-21.5491189989999,-69.612799035,0
			-21.549101,-69.612839999,0
			-21.5491000769999,-69.6131498179998,0
			-21.5491,-69.6131760009999,0
			-21.5490990009999,-69.613514,0
			-21.5491609999999,-69.6138529999999,0
			-21.5492229999999,-69.6141909999998,0
			-21.5492849999999,-69.6145299989999,0
			-21.549356076,-69.6146840889999,0
			-21.5494099999999,-69.614800999,0
			-21.5494089999999,-69.6151400009999,0
			-21.5494709999999,-69.6154780199999,0
			-21.5494709999999,-69.615649001,0
			-21.5494699979999,-69.6158849759999,0
			-21.549418999,-69.6161519999999,0
			-21.549405012,-69.616222936,0
			-21.549277001,-69.616493001,0
			-21.5491809989999,-69.6166969989999,0
			-21.5491499379999,-69.6167631249999,0
			-21.54911741,-69.6168317429999,0
			-21.549022086,-69.617032814,0
			-21.5488560009999,-69.6173269999999,0
			-21.5488303949999,-69.6173725979999,0
			-21.5487719999999,-69.6175269999999,0
			-21.548703001,-69.6177089999999,0
			-21.54851,-69.617984,0
			-21.5483839839999,-69.618248991,0
			-21.5483039989999,-69.618363001,0
			-21.5481942869999,-69.61851859,0
			-21.5481628119999,-69.6187138069999,0
			-21.5481290009999,-69.6189249999999,0
			-21.5480010819999,-69.6191948269999,0
			-21.548000999,-69.6192169199999,0
			-21.548000999,-69.6193039999999,0
			-21.547999999,-69.6195329989999,0
			-21.5479989999999,-69.6198720009999,0
			-21.5479979999999,-69.6200679999999,0
			-21.5479976579999,-69.6201164879998,0
			-21.5479973099999,-69.6202100929999,0
			-21.5480590779999,-69.6206164399999,0
			-21.548059,-69.620638776,0
			-21.548059,-69.62076,0
			-21.548058,-69.6209549989999,0
			-21.5479939999999,-69.62109,0
			-21.54793,-69.6212249989999,0
			-21.5478349999999,-69.6213259999999,0
			-21.5476760009999,-69.6214949989999,0
			-21.547519705,-69.621770765,0
			-21.5474849999998,-69.6218320009999,0
			-21.547241222,-69.6220258699999,0
			-21.5472309809999,-69.622034019,0
			-21.5471509999998,-69.6221189999999,0
			-21.546975999,-69.622304,0
			-21.5468164749998,-69.6224308659999,0
			-21.5467219999999,-69.6225059999999,0
			-21.5464866089999,-69.6227057489999,0
			-21.5464049989999,-69.6227749999999,0
			-21.546366,-69.6228580009999,0
			-21.5463203209998,-69.622953975,0
			-21.5462771369999,-69.6230454069999,0
			-21.5463391509999,-69.6233841119999,0
			-21.5463624699998,-69.6234344799999,0
			-21.5464648949999,-69.6236547739999,0
			-21.5465283129999,-69.6237461159999,0
			-21.546654001,-69.623927,0
			-21.5467160009999,-69.624265999,0
			-21.546665414,-69.624529045,0
			-21.5466510169999,-69.6246039069999,0
			-21.546644999,-69.6246169999999,0
			-21.5465239989999,-69.624873999,0
			-21.5464589719999,-69.6252120379999,0
			-21.546440349,-69.625238366,0
			-21.5462679999999,-69.625482001,0
			-21.54613727,-69.625585966,0
			-21.546013999,-69.625683999,0
			-21.545814,-69.625817001,0
			-21.5455060009999,-69.6260199989999,0
			-21.5453639999998,-69.6260199989999,0
			-21.5451888959999,-69.626018997,0
			-21.545091719,-69.6260183839999,0
			-21.5448726879999,-69.6260167789999,0
			-21.544647626,-69.6258958499999,0
			-21.5446199999999,-69.6258809999999,0
			-21.5445303079999,-69.6258614159999,0
			-21.544303757,-69.6258120089999,0
			-21.5442189469999,-69.625793487,0
			-21.543987112,-69.625743023,0
			-21.543887721,-69.6256626309999,0
			-21.543735,-69.6255390009999,0
			-21.543502135,-69.6254881539999,0
			-21.543418459,-69.6254697069999,0
			-21.5431657679999,-69.6253332639999,0
			-21.542849476,-69.625264268,0
			-21.5426085139999,-69.6252632389999,0
			-21.5425331079999,-69.625262999,0
			-21.5424419999999,-69.6252819999999,0
			-21.5422159989999,-69.6253290009999,0
			-21.541973893,-69.6253282369998,0
			-21.5418989999999,-69.6253280009999,0
			-21.541737488,-69.625327488,0
			-21.5415829989999,-69.6253269989999,0
			-21.5413669989999,-69.6253259989999,0
			-21.5413023909999,-69.625325361,0
			-21.541266277,-69.625325205,0
			-21.541082375,-69.6253244179999,0
			-21.5409498989999,-69.6253239989999,0
			-21.5407986379998,-69.625323204,0
			-21.5405697209999,-69.625322221,0
			-21.540315999,-69.625524,0
			-21.5401973409999,-69.625618367,0
			-21.5400619269999,-69.6257261539999,0
			-21.539975,-69.6259099999999,0
			-21.539934081,-69.6259958299999,0
			-21.5397705079999,-69.626227113,0
			-21.5397429989999,-69.626266001,0
			-21.5396954849999,-69.6263331669999,0
			-21.5395519999999,-69.6265360009999,0
			-21.5394858939999,-69.6266062709999,0
			-21.5392980009999,-69.626806001,0
			-21.5391938319999,-69.6269532529999,0
			-21.5391068829999,-69.627076119,0
			-21.5389834789999,-69.627206303,0
			-21.538852032,-69.6273449659999,0
			-21.5385989789999,-69.6274790099999,0
			-21.538459324,-69.6275532369999,0
			-21.5383450859999,-69.6276139519999,0
			-21.538158,-69.6277130009999,0
			-21.5380910869999,-69.6277479529999,0
			-21.537774,-69.6278139999999,0
			-21.5374579709999,-69.6278129999999,0
			-21.5371470029999,-69.6278120199999,0
			-21.536825001,-69.6277430009999,0
			-21.5366719849999,-69.6277092109999,0
			-21.536508184,-69.627673041,0
			-21.5363186169999,-69.627401447,0
			-21.5361785339999,-69.62719952,0
			-21.5361302129999,-69.6271305729999,0
			-21.5359885269999,-69.6270538489999,0
			-21.5358777829999,-69.6269940379999,0
			-21.5358349999999,-69.6269939999999,0
			-21.535561464,-69.6269930519999,0
			-21.5354439999999,-69.627055,0
			-21.5353069889999,-69.6271269979998,0
			-21.535277363,-69.627122389,0
			-21.5348568439998,-69.6270574459999,0
			-21.5346389479999,-69.62716441,0
			-21.534587001,-69.62719,0
			-21.5344690009999,-69.627248,0
			-21.5342423889999,-69.6275447069999,0
			-21.534233,-69.627556999,0
			-21.5342039999999,-69.6278680009999,0
			-21.5341647929999,-69.62800963,0
			-21.5341060009999,-69.6282219989999,0
			-21.5339799989999,-69.6285759999999,0
			-21.533770999,-69.6290339989999,0
			-21.5336802269999,-69.6295080309998,0
			-21.5336719879999,-69.6295510479999,0
			-21.533589999,-69.629878999,0
			-21.5335309989999,-69.6301119999999,0
			-21.533382563,-69.630467132,0
			-21.5332660009999,-69.6307459999999,0
			-21.5330569999999,-69.631202999,0
			-21.532751001,-69.6315720009999,0
			-21.532322999,-69.6314520009999,0
			-21.5322029989999,-69.631309,0
			-21.5320479989999,-69.6311250009999,0
			-21.5319970809998,-69.631009411,0
			-21.531911,-69.6308139989999,0
			-21.531827,-69.6304910009999,0
			-21.5318150239999,-69.6304441019999,0
			-21.5318108869999,-69.630312391,0
			-21.531802748,-69.6300599089998,0
			-21.5317975499999,-69.6298985769999,0
			-21.5317900099999,-69.629674983,0
			-21.5317976659999,-69.629498191,0
			-21.531805999,-69.6293059989999,0
			-21.531806999,-69.6290100009999,0
			-21.5318127359998,-69.628885738,0
			-21.5318220509999,-69.6286847699998,0
			-21.5318717629999,-69.6284676669999,0
			-21.5319199799998,-69.628257087,0
			-21.531939001,-69.6281179999999,0
			-21.5319629889999,-69.627947094,0
			-21.531982,-69.627828999,0
			-21.5320189779999,-69.627607124,0
			-21.5319499999998,-69.6273830009999,0
			-21.531690765,-69.627017284,0
			-21.5315410089999,-69.6268062959999,0
			-21.5313276909999,-69.6268053269999,0
			-21.531224149,-69.6268049989999,0
			-21.5311540009999,-69.6268049989999,0
			-21.5309080009999,-69.6268039989998,0
			-21.53061637,-69.62680231,0
			-21.5305629859999,-69.6268020919999,0
			-21.530528085,-69.6268019929998,0
			-21.5305137669998,-69.6267942919998,0
			-21.530274999,-69.6266649999999,0
			-21.5301499989999,-69.6263939999998,0
			-21.5301479169999,-69.626382822,0
			-21.530116999,-69.6262169999999,0
			-21.530088581,-69.6260644799999,0
			-21.5298349999999,-69.6257840009999,0
			-21.5296594989999,-69.6257456789999,0
			-21.5295189009998,-69.6257149969999,0
			-21.529416242,-69.6257143509999,0
			-21.529202257,-69.6257134339999,0
			-21.528885944,-69.62571208,0
			-21.528695,-69.6259819999999,0
			-21.528654,-69.6261959989999,0
			-21.5286300099999,-69.6263199459999,0
			-21.5285529989999,-69.626402,0
			-21.528376001,-69.626589999,0
			-21.52818595,-69.6266902619999,0
			-21.5281219679999,-69.626724,0
			-21.528072999,-69.626724,0
			-21.5279675719999,-69.6267232129999,0
			-21.5278054879999,-69.6267224779999,0
			-21.527668263,-69.626751213,0
			-21.5275849989999,-69.6267689989999,0
			-21.5274890119999,-69.6267889979999,0
			-21.5273609999999,-69.627059,0
			-21.5273374709999,-69.627108633,0
			-21.527233001,-69.6273289999999,0
			-21.5270618059999,-69.627571002,0
			-21.5270419989999,-69.627599,0
			-21.526894999,-69.6279109999999,0
			-21.5268510059999,-69.6280039859999,0
			-21.526722997,-69.628342017,0
			-21.5267200009999,-69.628359,0
			-21.5266580009999,-69.628680001,0
			-21.526505001,-69.6289510009999,0
			-21.5264669959998,-69.6290180039999,0
			-21.526258335,-69.6292389879999,0
			-21.5262128119999,-69.6292872519999,0
			-21.5260485509999,-69.6295049739999,0
			-21.5259579989999,-69.6296249999999,0
			-21.5257469989999,-69.6296989989999,0
			-21.5255779999998,-69.6297579989998,0
			-21.525474999,-69.6297779999999,0
			-21.5253089999999,-69.62981,0
			-21.5250369469999,-69.629594729,0
			-21.525024881,-69.6295327189999,0
			-21.524964923,-69.629224686,0
			-21.5248989999999,-69.6289520009999,0
			-21.5248837489999,-69.6288876829999,0
			-21.524875911,-69.6288553269998,0
			-21.5247099779999,-69.6287568499999,0
			-21.5245579999999,-69.628667,0
			-21.524512999,-69.628639999,0
			-21.5244829989999,-69.6286589999999,0
			-21.524336675,-69.6287488079999,0
			-21.5242942549999,-69.6287749909999,0
			-21.52411131,-69.6290463829999,0
			-21.5239962799999,-69.6292746519999,0
			-21.523965109,-69.629336779,0
			-21.5236909999999,-69.629628,0
			-21.523452999,-69.6299379989999,0
			-21.523302104,-69.630193617,0
			-21.5232697069999,-69.6302480279999,0
			-21.5230706729999,-69.6302669349999,0
			-21.5228719999999,-69.630186001,0
			-21.5227899989999,-69.6301519989999,0
			-21.522779,-69.6301290009999,0
			-21.5227269409999,-69.6300157469999,0
			-21.5226645559999,-69.629881048,0
			-21.5224756639999,-69.6296095609999,0
			-21.5222867729999,-69.629338074,0
			-21.5220199789999,-69.6289790069999,0
			-21.5217117909999,-69.6287641109999,0
			-21.5213469989999,-69.628957,0
			-21.5209649999999,-69.629192001,0
			-21.5207820009999,-69.6293039989999,0
			-21.5203989999999,-69.629515999,0
			-21.5198160009999,-69.629785999,0
			-21.519749476,-69.6298696599999,0
			-21.5193233019999,-69.6304056189999,0
			-21.5190000009999,-69.6306029989999,0
			-21.5189617689999,-69.630626292,0
			-21.5188487429999,-69.6306953509999,0
			-21.5187163159999,-69.6308089779999,0
			-21.5184662259998,-69.6310238049999,0
			-21.51797174,-69.6314705709999,0
			-21.5178108229999,-69.6316714029999,0
			-21.517461146,-69.6321082569999,0
			-21.5169862279998,-69.6326310009999,0
			-21.516803446,-69.6328842689999,0
			-21.5165109999999,-69.6332900009999,0
			-21.5163180009999,-69.6338459999999,0
			-21.516186041,-69.6340325399999,0
			-21.516126893,-69.6341161869999,0
			-21.5159504939999,-69.6344267249999,0
			-21.515935063,-69.634453886,0
			-21.5159244979998,-69.634468791,0
			-21.515744001,-69.634723,0
			-21.5154899999999,-69.634925,0
			-21.5153182109999,-69.635016305,0
			-21.5152360119999,-69.6350599919999,0
			-21.515208,-69.635083,0
			-21.5149819989999,-69.635261,0
			-21.5147928129999,-69.635301112,0
			-21.5146661159999,-69.6353279739999,0
			-21.513747999,-69.635154999,0
			-21.5134319999999,-69.6350859999999,0
			-21.513344226,-69.635066895,0
			-21.513114999,-69.6350169999998,0
			-21.5128501969999,-69.6350153249999,0
			-21.512798894,-69.6350150889999,0
			-21.5127784179999,-69.6350150009999,0
			-21.512724001,-69.6350150009999,0
			-21.5124823049999,-69.6350140009999,0
			-21.512336938,-69.6350130829999,0
			-21.5121656559999,-69.635012339,0
			-21.5119677039999,-69.6350114779999,0
			-21.511785999,-69.635011001,0
			-21.5116276929999,-69.6350100029999,0
			-21.51146914,-69.6350093129999,0
			-21.5112031569999,-69.6350081579999,0
			-21.5111528199999,-69.635008058,0
			-21.511007804,-69.6350382309999,0
			-21.5108356449999,-69.6350742659999,0
			-21.5105819359999,-69.6352084889999,0
			-21.5103278249999,-69.635410334,0
			-21.5101322459998,-69.635688414,0
			-21.509946107,-69.6360178069999,0
			-21.5098179999999,-69.6362879999999,0
			-21.5095640009999,-69.636557,0
			-21.5094879369999,-69.6367174439999,0
			-21.509436099,-69.6368267879999,0
			-21.5093079919999,-69.6370980139999,0
			-21.5091581839999,-69.6373623369999,0
			-21.5091169999999,-69.637435,0
			-21.50905181,-69.6375271549999,0
			-21.508926001,-69.6377049999999,0
			-21.5086088739999,-69.6378390639999,0
			-21.5084684239999,-69.6379131609999,0
			-21.5083550009999,-69.637973,0
			-21.5082092969999,-69.6380498679999,0
			-21.5081009999999,-69.6381069989999,0
			-21.5079469999999,-69.6381399989999,0
			-21.507783983,-69.6381740109999,0
			-21.5077521579999,-69.6381991979999,0
			-21.5075301919999,-69.6383748459999,0
			-21.507388001,-69.6384510009999,0
			-21.507277232,-69.6385098769998,0
			-21.5070859989999,-69.638779007,0
			-21.507020999,-69.6391179999999,0
			-21.5069559999999,-69.6395909989998,0
			-21.5069390009999,-69.6396799989999,0
			-21.5069248639999,-69.63975333,0
			-21.506891281,-69.6399289809999,0
			-21.506869803,-69.640041266,0
			-21.506864,-69.6400719989999,0
			-21.5068270749999,-69.640266605,0
			-21.5065730009999,-69.640469001,0
			-21.506376858,-69.6404263059999,0
			-21.5062559999998,-69.640399999,0
			-21.5060670529999,-69.6401280759999,0
			-21.5058147909999,-69.639924192,0
			-21.5056768549999,-69.6398497579999,0
			-21.5056680009999,-69.639845,0
			-21.505561998,-69.639788,0
			-21.5054815039999,-69.6397874929999,0
			-21.5052454999999,-69.6397864599999,0
			-21.50493288,-69.6397850119999,0
			-21.5049109989999,-69.639789,0
			-21.504611914,-69.6398509999999,0
			-21.5043750459999,-69.639850253,0
			-21.5042950179999,-69.63985,0
			-21.5039790009999,-69.639916,0
			-21.5038469999999,-69.639916,0
			-21.5036619369999,-69.639915,0
			-21.5035585669999,-69.6399143469999,0
			-21.5033450399999,-69.6399129979998,0
			-21.503214,-69.6398569989999,0
			-21.5030291549999,-69.6397770679999,0
			-21.5029088939999,-69.639711962,0
			-21.502776474,-69.6396402569998,0
			-21.5024602079998,-69.63957126,0
			-21.502143847,-69.639502256,0
			-21.5018278189999,-69.6393654769999,0
			-21.5015114599998,-69.639296476,0
			-21.501194842,-69.6392950929999,0
			-21.501173584,-69.6392950009999,0
			-21.5011190009999,-69.6392950009999,0
			-21.50087837,-69.6392940009999,0
			-21.500706,-69.6392930009999,0
			-21.500668488,-69.6392927399999,0
			-21.500561677,-69.639292246,0
			-21.5002445409999,-69.6394262549999,0
			-21.5002265319999,-69.6394300249999,0
			-21.500167,-69.6394430009998,0
			-21.4999279999998,-69.639493,0
			-21.4997049999999,-69.63967,0
			-21.4996738589999,-69.6396942029999,0
			-21.499549407,-69.6398701239999,0
			-21.499482991,-69.639965519,0
			-21.4994820659999,-69.6401223729999,0
			-21.4994813739999,-69.6403025109999,0
			-21.499543429,-69.6406411109999,0
			-21.4996484659999,-69.6408678349999,0
			-21.4996690319998,-69.64091217,0
			-21.4996849999999,-69.640998,0
			-21.499724976,-69.641217868,0
			-21.499731007,-69.6412508139999,0
			-21.499776066,-69.6414966799999,0
			-21.4997930009999,-69.641589113,0
			-21.4997930009999,-69.6416589999999,0
			-21.4997920029999,-69.641927462,0
			-21.4997912339999,-69.6420575669999,0
			-21.4997903879999,-69.642266061,0
			-21.499790001,-69.6423668559999,0
			-21.499790001,-69.6424890009999,0
			-21.4997888239999,-69.6427406409999,0
			-21.4996813769999,-69.643134615,0
			-21.4996601839999,-69.6432126979999,0
			-21.4996575649999,-69.6432263889999,0
			-21.4996479999999,-69.6432789999999,0
			-21.4995959999999,-69.6435509999999,0
			-21.4995739299999,-69.6436657629998,0
			-21.4995309999999,-69.6438889999999,0
			-21.4995023549999,-69.6440379489999,0
			-21.4994659999999,-69.6442269999999,0
			-21.4993379649999,-69.6445650739999,0
			-21.4993169999999,-69.6446099999999,0
			-21.4992109989998,-69.644834999,0
			-21.4990384519999,-69.6449260289999,0
			-21.498957,-69.6449689999998,0
			-21.4988423359999,-69.6449682769999,0
			-21.498640264,-69.644967386,0
			-21.498447289,-69.645069424,0
			-21.4983860199999,-69.6451019879999,0
			-21.4983213969999,-69.645136215,0
			-21.4981330009999,-69.6452360009999,0
			-21.498029361,-69.6454546149999,0
			-21.4980049989999,-69.6455060009999,0
			-21.4979749989999,-69.6455700009999,0
			-21.4978770349999,-69.645775924,0
			-21.4977489999999,-69.646114,0
			-21.4976210009999,-69.646451,0
			-21.4975093809999,-69.6466882989999,0
			-21.497494009,-69.646720979,0
			-21.497453,-69.6467789999999,0
			-21.4973032769999,-69.646990607,0
			-21.497111818,-69.6472610609999,0
			-21.4967948209999,-69.6473273459999,0
			-21.4967691759999,-69.647340905,0
			-21.496703999,-69.6473760009999,0
			-21.4965408429999,-69.647462123,0
			-21.4964084329999,-69.647566906,0
			-21.496286977,-69.6476634199999,0
			-21.4960952339999,-69.647934617,0
			-21.4959682599999,-69.6482032569999,0
			-21.4960302259999,-69.648541774,0
			-21.4960290569999,-69.648860971,0
			-21.4960289899999,-69.648880052,0
			-21.4959643189999,-69.6492180419999,0
			-21.495963004,-69.649556436,0
			-21.4958951229999,-69.6496762119999,0
			-21.4957490009999,-69.6499349989999,0
			-21.4956758289998,-69.65006313,0
			-21.4955749999999,-69.6501429989999,0
			-21.4955535889999,-69.6501599329999,0
			-21.495422032,-69.6502644389998,0
			-21.495279206,-69.6504157889999,0
			-21.4951838229999,-69.650517179,0
			-21.495166491,-69.650534314,0
			-21.495038,-69.6505609999999,0
			-21.494851,-69.650600001,0
			-21.494471,-69.6506660009999,0
			-21.4943526869999,-69.6506402479999,0
			-21.4941540009999,-69.6505969989999,0
			-21.494059001,-69.6505969989999,0
			-21.4938379989999,-69.6505959989999,0
			-21.4936859999999,-69.6505950409999,0
			-21.493521152,-69.6505943079999,0
			-21.4932813909999,-69.650593241,0
			-21.4932050919999,-69.6505929989999,0
			-21.4929329999999,-69.6506499999999,0
			-21.492887896,-69.650659054,0
			-21.4928194269999,-69.650695175,0
			-21.4926338599999,-69.6507932869999,0
			-21.492379996,-69.650995009,0
			-21.4922397439999,-69.651193269,0
			-21.4921890009999,-69.651265001,0
			-21.492130236,-69.6513272739999,0
			-21.4918708409999,-69.6516022089999,0
			-21.4917319989999,-69.651786,0
			-21.4916160009999,-69.6519389999999,0
			-21.4914319989999,-69.6520859999999,0
			-21.4913620329999,-69.6521409729999,0
			-21.4911262369999,-69.652328497,0
			-21.4911080009999,-69.6523429989999,0
			-21.4910249999999,-69.6524090009999,0
			-21.4908539989999,-69.652544,0
			-21.490682001,-69.652636,0
			-21.4905999809999,-69.652679013,0
			-21.4905514359999,-69.6527174309999,0
			-21.4903462149999,-69.6528804909998,0
			-21.4901551729999,-69.6531502509999,0
			-21.490027234,-69.6532858139999,0
			-21.4899010009999,-69.65342,0
			-21.489768241,-69.6536069739999,0
			-21.4897098029999,-69.653689489,0
			-21.4895184699999,-69.6539597619999,0
			-21.489497999,-69.653989,0
			-21.489328374,-69.6542284699999,0
			-21.48917714,-69.6544422569999,0
			-21.489136999,-69.654499,0
			-21.489125287,-69.6545083139999,0
			-21.4888828529999,-69.654701154,0
			-21.4887479989999,-69.6548439989999,0
			-21.488627999,-69.6549699989999,0
			-21.4882479999999,-69.6549679989999,0
			-21.4879319989999,-69.6548989999999,0
			-21.4876400009999,-69.6548459989999,0
			-21.487552676,-69.654830122,0
			-21.4871721609999,-69.6548959799999,0
			-21.486856001,-69.6548949999999,0
			-21.486721856,-69.6549229299999,0
			-21.4865389999999,-69.654961,0
			-21.4864474829999,-69.6550337809999,0
			-21.486285,-69.655163,0
			-21.48617523,-69.65522091,0
			-21.4860309989999,-69.6552969989999,0
			-21.485798001,-69.6554199989999,0
			-21.4857771549999,-69.6554309419998,0
			-21.4855233579999,-69.6555651079999,0
			-21.4853323849999,-69.655834935,0
			-21.485272408,-69.655961691,0
			-21.485205,-69.6561049999999,0
			-21.4850770009999,-69.656375,0
			-21.4849714339999,-69.6565242299999,0
			-21.484885962,-69.6566450959999,0
			-21.4848244039999,-69.6568071719998,0
			-21.4847579839999,-69.6569824649999,0
			-21.484639446,-69.657295058,0
			-21.4846289569999,-69.6573221999999,0
			-21.4845022499998,-69.657590215,0
			-21.484472081,-69.6577480129999,0
			-21.4844380009998,-69.657928001,0
			-21.4843099989999,-69.6582660009998,0
			-21.4842449999999,-69.6586039999999,0
			-21.4842211719999,-69.6586793939999,0
			-21.4841169999999,-69.6590089989999,0
			-21.484053,-69.6591439999999,0
			-21.4839890009999,-69.659278999,0
			-21.4839374499999,-69.6593877369999,0
			-21.4838609989999,-69.6595489989999,0
			-21.48366978,-69.6598191149998,0
			-21.483513,-69.6599019999999,0
			-21.4834168999999,-69.659953001,0
			-21.483317999,-69.659953001,0
			-21.4831002409999,-69.659952001,0
			-21.482719999,-69.6599500009999,0
			-21.4827082059999,-69.6599562219999,0
			-21.4824661879999,-69.6600841489999,0
			-21.4824212539999,-69.660163449,0
			-21.482368,-69.6602579999999,0
			-21.4822750439998,-69.660421921,0
			-21.4822374169999,-69.660617437,0
			-21.482210175,-69.6607595709999,0
			-21.482200341,-69.6608110099999,0
			-21.482146056,-69.6610976999999,0
			-21.4820179989999,-69.6613680009999,0
			-21.4819907479999,-69.661439751,0
			-21.48189,-69.661705,0
			-21.4817619999999,-69.662043,0
			-21.4816685129999,-69.6621751539999,0
			-21.4815709989999,-69.6623129999999,0
			-21.481413398,-69.6624799089999,0
			-21.4813169999999,-69.662582,0
			-21.4811510579999,-69.6626165499999,0
			-21.4809999989999,-69.6626479999999,0
			-21.4807606429999,-69.662519334,0
			-21.480747,-69.662512001,0
			-21.4805649129999,-69.662472241,0
			-21.4804310009999,-69.6624429999999,0
			-21.4801530909999,-69.6623825079999,0
			-21.4801139999999,-69.6623739999999,0
			-21.480075977,-69.6623432179999,0
			-21.4798618309999,-69.6621699089998,0
			-21.4797129999999,-69.662089001,0
			-21.4796089989999,-69.6620330009999,0
			-21.47959,-69.661991999,0
			-21.4794829859999,-69.6617619259999,0
			-21.479455999,-69.6616139999999,0
			-21.4794427529999,-69.661539583,0
			-21.4794215099999,-69.661423473,0
			-21.479169047,-69.6612194269999,0
			-21.4790495479999,-69.6610477249999,0
			-21.4789800209999,-69.66094803,0
			-21.477870034,-69.661450308,0
			-21.4776162329999,-69.661584456,0
			-21.4773621649999,-69.66178629,0
			-21.4771080949999,-69.661988123,0
			-21.4768537579999,-69.662257483,0
			-21.4765999809999,-69.6624591029999,0
			-21.4765444619999,-69.662747797,0
			-21.4765349949999,-69.6627972969999,0
			-21.4764072899999,-69.6630673069999,0
			-21.476375015,-69.6632359179999,0
			-21.4763429999999,-69.663405,0
			-21.4762853849999,-69.6634864439999,0
			-21.4761519999999,-69.6636749999999,0
			-21.4760747719998,-69.663784171,0
			-21.4759609989999,-69.663945,0
			-21.4757059999999,-69.664282,0
			-21.4754520009999,-69.664484,0
			-21.4753040009999,-69.6646929999999,0
			-21.4752609539999,-69.6647530239999,0
			-21.4751709999999,-69.6648009989999,0
			-21.4750069999999,-69.6648879989999,0
			-21.474835426,-69.6649785139999,0
			-21.4747527829999,-69.6650220749999,0
			-21.474502,-69.6651100009999,0
			-21.474432932,-69.6651340929999,0
			-21.4743726899999,-69.6651552389998,0
			-21.4741188869999,-69.6652893799999,0
			-21.4740693799999,-69.665315569,0
			-21.4739919999999,-69.6653569999999,0
			-21.4738649999999,-69.665424,0
			-21.4734849989999,-69.665422,0
			-21.473105001,-69.665488,0
			-21.4727879999999,-69.6655539989999,0
			-21.472740001,-69.6655539989999,0
			-21.4726359049999,-69.665553223,0
			-21.4724715859999,-69.6655524769998,0
			-21.4724406569999,-69.6655688189999,0
			-21.47239,-69.6655959999999,0
			-21.4722180249998,-69.665686987,0
			-21.4719009999999,-69.6657529999999,0
			-21.4716518869999,-69.6658844199999,0
			-21.471641,-69.665890001,0
			-21.4713301299999,-69.666020945,0
			-21.471126662,-69.666128272,0
			-21.471073298,-69.666155469,0
			-21.4706882989998,-69.6662226039999,0
			-21.470503999,-69.6662609999999,0
			-21.4704818959999,-69.6662655969999,0
			-21.4703790739999,-69.666287097,0
			-21.4700621849999,-69.6663533379999,0
			-21.469914951,-69.6663840789999,0
			-21.469745174,-69.6664199409998,0
			-21.469465122,-69.6664182279999,0
			-21.46942868,-69.6664180629999,0
			-21.4694108719999,-69.6664211489999,0
			-21.4690489999999,-69.666484,0
			-21.469015,-69.666484,0
			-21.468929347,-69.666483394,0
			-21.4687318919999,-69.6664824969999,0
			-21.4685936009999,-69.666511446,0
			-21.4684969999999,-69.666532,0
			-21.4684146439998,-69.666549072,0
			-21.46812957,-69.666608428,0
			-21.4680980009999,-69.6666150009999,0
			-21.4677809999999,-69.6666809999999,0
			-21.4674009989999,-69.666679001,0
			-21.467104403,-69.666678062,0
			-21.4670849999999,-69.666678001,0
			-21.4667679989998,-69.666677001,0
			-21.4664509999999,-69.6667429999999,0
			-21.4663220479999,-69.6667421849999,0
			-21.4661348079999,-69.666741332,0
			-21.4658179189999,-69.6668074929999,0
			-21.4656129969999,-69.6668503269999,0
			-21.465501095,-69.6668739779998,0
			-21.465364821,-69.666844265,0
			-21.465184931,-69.666804986,0
			-21.464977,-69.666767001,0
			-21.4648052659999,-69.6667350499999,0
			-21.464606525,-69.6666916619999,0
			-21.4644889999999,-69.666665999,0
			-21.4642289989999,-69.6666099989999,0
			-21.4641720069999,-69.6665970019999,0
			-21.463855526,-69.6665280029999,0
			-21.463560846,-69.6665270669999,0
			-21.4635397649999,-69.666526999,0
			-21.463338,-69.6665260009999,0
			-21.463272128,-69.666525427,0
			-21.463222843,-69.6665252029999,0
			-21.4632134979999,-69.666535102,0
			-21.4629690009999,-69.666795001,0
			-21.4628681819999,-69.6670604349999,0
			-21.462840999,-69.667132001,0
			-21.4629029989999,-69.6674709999999,0
			-21.4629019989999,-69.6677189999999,0
			-21.4629012679998,-69.667784822,0
			-21.4629011719998,-69.6678089509999,0
			-21.4629009989999,-69.6678498729999,0
			-21.4629009989999,-69.667947,0
			-21.4628999989999,-69.6681470879998,0
			-21.4628993039999,-69.668264548,0
			-21.4628979989999,-69.6684848849999,0
			-21.4627971319999,-69.668699445,0
			-21.462771,-69.668755001,0
			-21.46273113,-69.6689623249999,0
			-21.4627059999999,-69.6690929999999,0
			-21.462542388,-69.6693242819999,0
			-21.4625150129999,-69.669362983,0
			-21.4623768719999,-69.669558259,0
			-21.4623239939999,-69.6696330099999,0
			-21.4622409989999,-69.6698090009999,0
			-21.4622040469999,-69.6698861899999,0
			-21.4621962709999,-69.6699026269999,0
			-21.462005201,-69.6701723149999,0
			-21.4619790749998,-69.670308913,0
			-21.4619409989999,-69.6705102189999,0
			-21.4619394879999,-69.6707653199999,0
			-21.4619391369999,-69.6708483749999,0
			-21.4619524699999,-69.6708845319999,0
			-21.462064486,-69.6711873059999,0
			-21.462253313,-69.6714587319998,0
			-21.4625054929999,-69.6717304489999,0
			-21.462631111,-69.6720015889998,0
			-21.4626929989999,-69.6723477529999,0
			-21.4626929989999,-69.6723699989998,0
			-21.4626919989999,-69.6726780009999,0
			-21.4627540009999,-69.6730169999999,0
			-21.462752999,-69.6732109989999,0
			-21.462752673,-69.673258167,0
			-21.4627523039999,-69.673355031,0
			-21.462751999,-69.6734304799999,0
			-21.462751999,-69.673550001,0
			-21.462750999,-69.6737610009999,0
			-21.4627125869999,-69.673842029,0
			-21.4626229999999,-69.6740310009999,0
			-21.4623861229999,-69.6742818649998,0
			-21.4623690009998,-69.6742999989999,0
			-21.4623413069999,-69.6744439999999,0
			-21.4623040009999,-69.6746380009999,0
			-21.462337396,-69.674820594,0
			-21.462366001,-69.674976998,0
			-21.4624909999999,-69.675248,0
			-21.462459004,-69.6754169829999,0
			-21.4624270009999,-69.6755859999999,0
			-21.4623230429999,-69.6757684669999,0
			-21.462235333,-69.6759230639999,0
			-21.462044326,-69.676192823,0
			-21.461916329,-69.6765303919999,0
			-21.4618932929999,-69.6766506669998,0
			-21.4618810009999,-69.676716001,0
			-21.461852001,-69.6768680009999,0
			-21.461723999,-69.677206,0
			-21.4616589999999,-69.677611999,0
			-21.461721,-69.677949999,0
			-21.4618936189999,-69.678089739,0
			-21.4619730009999,-69.6781539999999,0
			-21.4619999989999,-69.678168001,0
			-21.4622259999999,-69.6782909999999,0
			-21.4624779989999,-69.678495001,0
			-21.4624590009999,-69.678536,0
			-21.4623509269999,-69.678765101,0
			-21.462252464,-69.6789030529999,0
			-21.462159452,-69.6790343189999,0
			-21.4619683679999,-69.6793039949999,0
			-21.461777285,-69.67957375,0
			-21.4617500759999,-69.679631237,0
			-21.46165,-69.679843999,0
			-21.4616416919999,-69.6798557019999,0
			-21.4614590009999,-69.6801129999999,0
			-21.4612671039999,-69.6804508169999,0
			-21.4611394459999,-69.6807206259999,0
			-21.460948431,-69.6809903769999,0
			-21.4607573449999,-69.681260047,0
			-21.4607070339999,-69.6813663779999,0
			-21.4606949999999,-69.6813920009999,0
			-21.4606299999999,-69.68153,0
			-21.4606098069999,-69.681572594,0
			-21.4605019059999,-69.6818001979999,0
			-21.460432001,-69.681948,0
			-21.4603740009999,-69.68207,0
			-21.4602459989999,-69.6823399999999,0
			-21.4600450009999,-69.6824999989999,0
			-21.4599922379999,-69.68254181,0
			-21.4598012229999,-69.6828113409999,0
			-21.4596101329999,-69.6830810849999,0
			-21.4594823969999,-69.683350965,0
			-21.4594423959999,-69.683435528,0
			-21.4594149999999,-69.6834939989999,0
			-21.459355122,-69.68362074,0
			-21.4593540139999,-69.6837878599999,0
			-21.4593533499999,-69.6839592319999,0
			-21.4593522339999,-69.684218318,0
			-21.459352001,-69.6842969999999,0
			-21.4594139999999,-69.6846359999999,0
			-21.4594759999999,-69.684973999,0
			-21.4594752949999,-69.685093522,0
			-21.4594744459999,-69.6853125739999,0
			-21.459536338,-69.6856510989999,0
			-21.4595351199999,-69.68594868,0
			-21.4595349999999,-69.6859889999999,0
			-21.45959701,-69.686395021,0
			-21.4596780009999,-69.686569999,0
			-21.4597219999999,-69.6866670009999,0
			-21.4597891,-69.687032802,0
			-21.4598149999998,-69.6871740129999,0
			-21.4598149999998,-69.687210001,0
			-21.4598130019999,-69.6875797189999,0
			-21.4596849669999,-69.6879180689999,0
			-21.459644999,-69.6880039999999,0
			-21.4595580009999,-69.688188,0
			-21.459366998,-69.688457002,0
			-21.459321001,-69.688522,0
			-21.4591752639999,-69.688726631,0
			-21.4590346989999,-69.6887863069999,0
			-21.4588579989999,-69.688860999,0
			-21.4585409999999,-69.6889269989999,0
			-21.458224999,-69.688858,0
			-21.458092,-69.6888859999999,0
			-21.4579079999999,-69.6889239989999,0
			-21.457528,-69.6889219989999,0
			-21.4572120009999,-69.6888529999999,0
			-21.4571220009998,-69.688804999,0
			-21.4569586199999,-69.688717068,0
			-21.4567729999999,-69.688715999,0
			-21.4566429999999,-69.688714999,0
			-21.4564710249999,-69.6887508059999,0
			-21.4563259989999,-69.6887810009999,0
			-21.4561625659999,-69.6887454249999,0
			-21.4560089999999,-69.6887119989999,0
			-21.4556952249998,-69.6886434849999,0
			-21.4556844909998,-69.6886393109999,0
			-21.4553771239999,-69.6885063149999,0
			-21.4552557879999,-69.6885316569999,0
			-21.4552399989999,-69.6885349989999,0
			-21.455059999,-69.688573001,0
			-21.4547429999999,-69.6886389999999,0
			-21.4546706909999,-69.688677298,0
			-21.4544899989999,-69.688772999,0
			-21.4542437479999,-69.688968071,0
			-21.454235,-69.688975,0
			-21.4541729729999,-69.6890240829999,0
			-21.453981309,-69.689176205,0
			-21.453914158,-69.689318101,0
			-21.4538540309999,-69.689445932,0
			-21.4538361419999,-69.6894712449999,0
			-21.4536629999999,-69.6897160009999,0
			-21.4535338489999,-69.6899876239999,0
			-21.4533520009999,-69.6902439999998,0
			-21.45334349,-69.6902557419999,0
			-21.4533349999999,-69.6902679999999,0
			-21.453151326,-69.690526763,0
			-21.4530611829999,-69.6906218569999,0
			-21.4528982049999,-69.690794371,0
			-21.4527912349999,-69.690983026,0
			-21.452776001,-69.6910100009999,0
			-21.452707007,-69.6911319869999,0
			-21.4525342349999,-69.6913753209999,0
			-21.4525159709999,-69.6914011519999,0
			-21.452479,-69.6915949999999,0
			-21.4524581609999,-69.691702172,0
			-21.4524510439998,-69.6917393229999,0
			-21.4523863659999,-69.6920771549999,0
			-21.452385223,-69.692339944,0
			-21.4523850009999,-69.6924150739999,0
			-21.4523850009999,-69.6924739999999,0
			-21.4523830009999,-69.6927539989999,0
			-21.452217495,-69.6930460159999,0
			-21.452191999,-69.6930910009999,0
			-21.4520041769999,-69.693049988,0
			-21.4518759999999,-69.6930219989998,0
			-21.4516229989999,-69.6928179989999,0
			-21.4514095239999,-69.6929310659999,0
			-21.4513699999999,-69.6929519999999,0
			-21.451252467,-69.6930446439999,0
			-21.4511154899999,-69.693153396,0
			-21.450924385,-69.69342303,0
			-21.450888128,-69.6936124519999,0
			-21.45086,-69.6937609999999,0
			-21.4508590139999,-69.6939277719999,0
			-21.4508583019999,-69.694099067,0
			-21.4508573649999,-69.694313817,0
			-21.4508569999998,-69.6944369999999,0
			-21.4506660009999,-69.6947749989998,0
			-21.4506191429999,-69.6948738379999,0
			-21.4505380209999,-69.6950450479999,0
			-21.450560314,-69.6950933749999,0
			-21.4506632619999,-69.695315648,0
			-21.450789307,-69.6954175819999,0
			-21.4508979989998,-69.6955050009999,0
			-21.450915992,-69.6955199919999,0
			-21.4510719289999,-69.6957435819999,0
			-21.4511049999999,-69.6957909999999,0
			-21.451157,-69.6961360009999,0
			-21.4511629129999,-69.6961760729999,0
			-21.4511661349999,-69.6961973229999,0
			-21.45122808,-69.6965358309999,0
			-21.4512655349999,-69.696536,0
			-21.4513539989999,-69.696536,0
			-21.4515449999999,-69.696537,0
			-21.45186174,-69.6964710539999,0
			-21.452115706,-69.696269507,0
			-21.4521412289999,-69.6961361459999,0
			-21.452152,-69.696079001,0
			-21.4521799999999,-69.695932,0
			-21.4522829989999,-69.69585,0
			-21.4524337929999,-69.6957301789999,0
			-21.4526830009999,-69.6957839999999,0
			-21.4527508609999,-69.6957989679999,0
			-21.4529631689999,-69.6959707539999,0
			-21.4530029999999,-69.6960030019998,0
			-21.4530429989999,-69.6960879999999,0
			-21.4531289989999,-69.696274,0
			-21.4531909989998,-69.6966129989999,0
			-21.4532509989999,-69.696743001,0
			-21.4532616449998,-69.6967660929999,0
			-21.4533161379999,-69.6968838889999,0
			-21.4533356949999,-69.6969261399999,0
			-21.453359,-69.696975999,0
			-21.453442633,-69.697156139,0
			-21.4535920009999,-69.697424999,0
			-21.4536299999999,-69.6974940009998,0
			-21.4536920239999,-69.6978331299998,0
			-21.4537549999999,-69.6981769999999,0
			-21.453815951,-69.698576675,0
			-21.4536437399999,-69.69882051,0
			-21.4536249999999,-69.698846999,0
			-21.4533800009999,-69.698976252,0
			-21.4533709989999,-69.6989809999999,0
			-21.4533259999999,-69.699123001,0
			-21.453298753,-69.6992083139999,0
			-21.4532424199999,-69.699386182,0
			-21.453241008,-69.6997240399999,0
			-21.4532908809999,-69.6999967359999,0
			-21.45330301,-69.7000630219999,0
			-21.4533244149999,-69.700109428,0
			-21.453428443,-69.700334052,0
			-21.4534688629999,-69.7004213799999,0
			-21.453521999,-69.7005349989999,0
			-21.453553999,-69.7006050009999,0
			-21.4535959999999,-69.700696001,0
			-21.4536030449999,-69.7007112789999,0
			-21.4536794429999,-69.7008763379999,0
			-21.4537100909999,-69.7009425539999,0
			-21.453743001,-69.7010129999999,0
			-21.4538049549998,-69.7011469059999,0
			-21.4538444519999,-69.7012328479999,0
			-21.4539304379999,-69.7014186269999,0
			-21.4541192879999,-69.7016901539999,0
			-21.454152076,-69.701716671,0
			-21.4543719989999,-69.7018939989998,0
			-21.454523749,-69.7018949599999,0
			-21.4546883199998,-69.701895748,0
			-21.4549420949999,-69.701761797,0
			-21.4549639679999,-69.7017156589999,0
			-21.4550698099999,-69.701492402,0
			-21.4551349999999,-69.701154,0
			-21.4552029999999,-69.7010089999999,0
			-21.4552619999999,-69.7008839999999,0
			-21.4552930139999,-69.7008185799999,0
			-21.455389999,-69.700614,0
			-21.4555579999999,-69.7004719989999,0
			-21.4557079139999,-69.7003451179999,0
			-21.4557369999999,-69.7003759999999,0
			-21.455959994,-69.7006169939999,0
			-21.4560849989999,-69.7009551089999,0
			-21.456084424,-69.7011501909999,0
			-21.4560839989999,-69.7012939809998,0
			-21.456083457,-69.701385549,0
			-21.4560819989999,-69.701631924,0
			-21.4560809999999,-69.70197,0
			-21.456048,-69.7020749989999,0
			-21.4559528369999,-69.7023751089999,0
			-21.4556988179999,-69.702509436,0
			-21.4555299159999,-69.7026434689998,0
			-21.4554449999999,-69.7027110009999,0
			-21.4552164449999,-69.703013052,0
			-21.4551900179999,-69.7030480119999,0
			-21.455062251,-69.7033180239999,0
			-21.45499719,-69.7037235319999,0
			-21.454987403,-69.703759506,0
			-21.454977001,-69.7037980009999,0
			-21.4548689999999,-69.704196,0
			-21.4547841489999,-69.7042407639999,0
			-21.4546110989999,-69.7043320719999,0
			-21.4545189299999,-69.7043810609999,0
			-21.4543609899999,-69.7044650219999,0
			-21.4542909999999,-69.704613001,0
			-21.4542330449999,-69.7047339019999,0
			-21.4541032989999,-69.7049173459999,0
			-21.4540419829999,-69.7050040459999,0
			-21.4540202709999,-69.7050613759999,0
			-21.4539140429999,-69.7053418839999,0
			-21.4538880009999,-69.705478999,0
			-21.4538615429999,-69.70561536,0
			-21.4538492429999,-69.705679587,0
			-21.4537211849998,-69.706017112,0
			-21.453656044,-69.7064228669999,0
			-21.4536374809999,-69.7064620649999,0
			-21.4535283449999,-69.7066926219999,0
			-21.4534004959999,-69.7069625469999,0
			-21.453293372,-69.707188851,0
			-21.4532730139999,-69.70723197,0
			-21.453101999,-69.7073679999999,0
			-21.453019001,-69.707434,0
			-21.4527019999999,-69.7074999989999,0
			-21.4524160009998,-69.707437999,0
			-21.4523850009999,-69.707431,0
			-21.452219,-69.707192,0
			-21.452201714,-69.7071668559999,0
			-21.452007758,-69.7068881609999,0
			-21.4519744199999,-69.7068879999999,0
			-21.4519109999999,-69.7068879999999,0
			-21.4516909609999,-69.7068870289999,0
			-21.451611,-69.7069509999999,0
			-21.4515033169999,-69.707035784,0
			-21.4514370939999,-69.707088352,0
			-21.4513342559999,-69.7071972169999,0
			-21.451183,-69.707358001,0
			-21.451007187,-69.707450751,0
			-21.4509289989999,-69.7074919999999,0
			-21.4507380919999,-69.707760886,0
			-21.45068,-69.7078839999999,0
			-21.4506273019998,-69.7079946649999,0
			-21.450609947,-69.7080313259999,0
			-21.450482097,-69.708301169,0
			-21.4505440909999,-69.708639679,0
			-21.4507964969999,-69.708843843,0
			-21.450950279,-69.7089269319999,0
			-21.451048999,-69.7089799989999,0
			-21.451175142,-69.709251308,0
			-21.4512533039999,-69.7094213889999,0
			-21.4512999949999,-69.7095229869999,0
			-21.451285265,-69.7095540819999,0
			-21.451172378,-69.7097925469999,0
			-21.4511451799999,-69.709850017,0
			-21.4510451429999,-69.7100626929999,0
			-21.4510075819999,-69.710257004,0
			-21.45098,-69.710400001,0
			-21.4509794089999,-69.7105001629999,0
			-21.4509784479998,-69.7107385719999,0
			-21.4509771259999,-69.7110346629999,0
			-21.450977,-69.7110769729999,0
			-21.4511019999999,-69.7114159999999,0
			-21.4511019999999,-69.7115160009999,0
			-21.4511010289999,-69.7117540089999,0
			-21.451136,-69.7117819989999,0
			-21.451246338,-69.711871491,0
			-21.4513531679999,-69.7119578149998,0
			-21.451477449,-69.7120583449999,0
			-21.451606,-69.7121619999999,0
			-21.451858,-69.712297999,0
			-21.4520159759999,-69.712383544,0
			-21.4521110009999,-69.712435,0
			-21.452224999,-69.712598999,0
			-21.4522459039999,-69.7126291009999,0
			-21.4522997759999,-69.712706517,0
			-21.4526160309999,-69.7127756499999,0
			-21.452932935,-69.7127095929999,0
			-21.453093,-69.7127959999999,0
			-21.453186,-69.7128460009999,0
			-21.4532479969999,-69.713185144,0
			-21.4532463199999,-69.713468803,0
			-21.453245996,-69.7135230669999,0
			-21.4532391299999,-69.7136527379999,0
			-21.4532119999999,-69.714165029,0
			-21.4532109999999,-69.7143619999999,0
			-21.4532099999999,-69.7145029199999,0
			-21.4531449999999,-69.714841,0
			-21.453023898,-69.715012192,0
			-21.452954001,-69.715111001,0
			-21.4528409339999,-69.7152702399999,0
			-21.4527629999999,-69.7153800009999,0
			-21.452569535,-69.7155338589999,0
			-21.452508945,-69.7155820759999,0
			-21.4524079989999,-69.715725,0
			-21.4523178809999,-69.7158521639999,0
			-21.4522161729999,-69.7159954099999,0
			-21.4521269619999,-69.7161210169999,0
			-21.451963468,-69.716251052,0
			-21.451873001,-69.716323,0
			-21.4517921909999,-69.7164934589999,0
			-21.4517449989999,-69.716593,0
			-21.4516186669999,-69.7167715859999,0
			-21.4515539999999,-69.7168629999999,0
			-21.4515090009999,-69.717096001,0
			-21.451488947,-69.7172000749999,0
			-21.451331001,-69.7174239989999,0
			-21.4512979689999,-69.7174700849999,0
			-21.451256999,-69.7175569999999,0
			-21.4512079989999,-69.7176600719999,0
			-21.4511701559999,-69.7177400689999,0
			-21.451042365,-69.7180099829999,0
			-21.4509142829999,-69.718347487,0
			-21.450913462,-69.718529324,0
			-21.4509129999999,-69.7186859989999,0
			-21.450975,-69.7190239989999,0
			-21.451037008,-69.7193630419999,0
			-21.451069,-69.7195380009999,0
			-21.4510980059999,-69.719701039,0
			-21.4511440009999,-69.7199999999999,0
			-21.4511599939999,-69.720106958,0
			-21.4512201549999,-69.720500924,0
			-21.451222,-69.720513,0
			-21.4513399999999,-69.7206830009999,0
			-21.451377023,-69.7207369459999,0
			-21.4514103389999,-69.7207848469999,0
			-21.4516624369999,-69.721056706,0
			-21.4519148229999,-69.7212608099999,0
			-21.452167286,-69.7214649969999,0
			-21.45221756,-69.7215373069998,0
			-21.4522600009999,-69.721598,0
			-21.4523558389999,-69.7217357869998,0
			-21.4523850009999,-69.721797999,0
			-21.4524809119999,-69.722007807,0
			-21.4526069999999,-69.7222790129999,0
			-21.4526069999999,-69.722304999,0
			-21.4526050019999,-69.722616686,0
			-21.4525299989999,-69.7227759999999,0
			-21.4524779999999,-69.7228870009999,0
			-21.4522869989999,-69.7231570009999,0
			-21.452033,-69.723291,0
			-21.4519923029999,-69.7232994729999,0
			-21.4517158579999,-69.7233569979999,0
			-21.451449547,-69.723355318,0
			-21.4513990509999,-69.723355,0
			-21.4513432409999,-69.7233249069999,0
			-21.4511469989998,-69.723219001,0
			-21.4510010339998,-69.7233340539999,0
			-21.4508924299999,-69.7234202449999,0
			-21.450950365,-69.7235455319999,0
			-21.4510179909999,-69.723691033,0
			-21.4510173269999,-69.72380487,0
			-21.4510163549999,-69.724029606,0
			-21.4510150879999,-69.7243382419999,0
			-21.4510149959999,-69.7243679829999,0
			-21.4509119999999,-69.7245859999999,0
			-21.45088702,-69.724637957,0
			-21.4506591859999,-69.7248792679999,0
			-21.4506330009999,-69.7249070009998,0
			-21.4503159249998,-69.724973,0
			-21.4502979989999,-69.724973,0
			-21.4500017959999,-69.7249720079999,0
			-21.4496829469999,-69.724970001,0
			-21.4496080009999,-69.724970001,0
			-21.4494660359999,-69.7249688259999,0
			-21.4493661539999,-69.7249683329999,0
			-21.449462635,-69.725175844,0
			-21.449492114,-69.725239248,0
			-21.4496080009999,-69.7254909999999,0
			-21.449616996,-69.725510995,0
			-21.449662927,-69.725610568,0
			-21.4497419999998,-69.7257820009999,0
			-21.449804,-69.7261199999999,0
			-21.4498034279999,-69.726313666,0
			-21.4498029999999,-69.7264589999999,0
			-21.4498010609998,-69.7268518229999,0
			-21.4498009999999,-69.7268700009999,0
			-21.4497999999999,-69.7272030009999,0
			-21.4497982849999,-69.7274927559998,0
			-21.4497979999999,-69.7275409999999,0
			-21.4498589999999,-69.728014001,0
			-21.449858336,-69.7282388639999,0
			-21.4498579219999,-69.7283534049999,0
			-21.4498029999999,-69.7286399989999,0
			-21.449792891,-69.7286910289999,0
			-21.4495999989998,-69.728844,0
			-21.4495578369999,-69.728877176,0
			-21.4495389189999,-69.7288921849999,0
			-21.4492220829999,-69.7289582039999,0
			-21.448968158,-69.7290922099999,0
			-21.4487888259999,-69.7293452809999,0
			-21.4487770899999,-69.7293618719999,0
			-21.448777,-69.7293769319999,0
			-21.448777,-69.729404001,0
			-21.448776,-69.7296997019999,0
			-21.448648001,-69.7299699989999,0
			-21.448621627,-69.730107141,0
			-21.4485829929999,-69.730308005,0
			-21.448449,-69.7303929989999,0
			-21.4482649999999,-69.7305089989999,0
			-21.4480990009999,-69.7305969989999,0
			-21.448009977,-69.7306440689999,0
			-21.4477579109999,-69.730777049,0
			-21.447440839,-69.7308431499999,0
			-21.4471869859999,-69.730977152,0
			-21.447174882,-69.7309942189999,0
			-21.447149,-69.7310310009999,0
			-21.4469960919999,-69.7312468389999,0
			-21.4468249989999,-69.7313829989998,0
			-21.4467606639999,-69.7314333829999,0
			-21.446741893,-69.7314482839999,0
			-21.4466139969999,-69.7317861559999,0
			-21.4466123199999,-69.7320700779999,0
			-21.4466120819999,-69.732124155,0
			-21.4466739559999,-69.732462587,0
			-21.4467994019999,-69.7327338229999,0
			-21.4468918479999,-69.7328668009999,0
			-21.4469639999999,-69.73297,0
			-21.4469879709999,-69.7330049589999,0
			-21.4471921599999,-69.73316962,0
			-21.447242522,-69.7332093379999,0
			-21.447444,-69.7332539989999,0
			-21.447556999,-69.7332789999999,0
			-21.4476119989999,-69.7333379999999,0
			-21.4478089999999,-69.7335500309999,0
			-21.4478089999999,-69.7335679999999,0
			-21.447807,-69.733888999,0
			-21.4477785289998,-69.7339639589999,0
			-21.4476790009999,-69.734226001,0
			-21.4475509989999,-69.7344960009999,0
			-21.4473984689999,-69.7344950339999,0
			-21.447235,-69.7344939989999,0
			-21.4469189989999,-69.734425,0
			-21.4466419999999,-69.7343649999999,0
			-21.4466020649999,-69.734356014,0
			-21.446285691,-69.7343544309999,0
			-21.4460868219999,-69.7343534759999,0
			-21.445906,-69.7343529999999,0
			-21.445658317,-69.7343953669999,0
			-21.4455256069999,-69.7344182969999,0
			-21.4452088019999,-69.7344842809999,0
			-21.445118056,-69.7346125609999,0
			-21.445017999,-69.734754,0
			-21.4448899999999,-69.7350239999999,0
			-21.4448647089999,-69.7350905849999,0
			-21.4447619999999,-69.7353609999999,0
			-21.444760458,-69.7356223439999,0
			-21.4447601029999,-69.7356995019999,0
			-21.4447599999999,-69.7357241019999,0
			-21.4447599999999,-69.7357819999999,0
			-21.4447589999999,-69.7360376569999,0
			-21.4447570009999,-69.7364429999999,0
			-21.4448113999998,-69.7365613709999,0
			-21.4448819999999,-69.7367149999999,0
			-21.444944,-69.7370529989999,0
			-21.4450059979999,-69.737391991,0
			-21.4450049999999,-69.7377299999999,0
			-21.44494,-69.7380679999999,0
			-21.4448824339999,-69.738189426,0
			-21.4448120009999,-69.7383379999999,0
			-21.4447709999999,-69.738552,0
			-21.4447469989999,-69.7386749999999,0
			-21.444564999,-69.7388199999999,0
			-21.444493081,-69.7388769359999,0
			-21.4443020009999,-69.7391469999999,0
			-21.4441108359999,-69.7394161299999,0
			-21.4439370009999,-69.7395539989999,0
			-21.443856,-69.739617999,0
			-21.4436650009998,-69.7398869989999,0
			-21.4434739999999,-69.740156999,0
			-21.4434120189999,-69.7404792949999,0
			-21.443409,-69.740494999,0
			-21.4433439999999,-69.7408999999999,0
			-21.443279001,-69.7412379999999,0
			-21.4431069999999,-69.7414809999999,0
			-21.443088056,-69.7415079169999,0
			-21.4427709999999,-69.741573999,0
			-21.4424533789999,-69.7416400149999,0
			-21.441955547,-69.741653368,0
			-21.4414098689999,-69.741668278,0
			-21.441373885,-69.7417441809999,0
			-21.4412819989999,-69.7419379989999,0
			-21.4412169989999,-69.7422760009999,0
			-21.4412789989998,-69.7426140009999,0
			-21.4413049999999,-69.742758001,0
			-21.4413399989999,-69.7429529999999,0
			-21.4414019989999,-69.7432911779999,0
			-21.4414013959999,-69.7434958449999,0
			-21.4414009989999,-69.7436300069999,0
			-21.4414003159999,-69.743745689,0
			-21.4413993289999,-69.743967653,0
			-21.4413984299999,-69.7441604709999,0
			-21.4413979989999,-69.744305928,0
			-21.441327354,-69.744455022,0
			-21.44127,-69.7445759999999,0
			-21.441029122,-69.744703079,0
			-21.4410160009999,-69.7447099999999,0
			-21.4406989999998,-69.744775999,0
			-21.4406,-69.7448179999999,0
			-21.4404803869999,-69.7448679299999,0
			-21.440381997,-69.7449093829998,0
			-21.4401281329999,-69.7450433549999,0
			-21.43987427,-69.745177403,0
			-21.4396830819999,-69.74544695,0
			-21.4393649609999,-69.7457834379999,0
			-21.4391653239999,-69.7459417969999,0
			-21.439110999,-69.7459850009999,0
			-21.4389199999999,-69.746254999,0
			-21.4386789759999,-69.7465092579999,0
			-21.4386650009999,-69.7465239989999,0
			-21.4386379999999,-69.746546,0
			-21.438504585,-69.7466512029999,0
			-21.4384109719999,-69.746725467,0
			-21.4381571809999,-69.746859431,0
			-21.4380400299999,-69.7469833389998,0
			-21.43790329,-69.747128689,0
			-21.437837999,-69.747466001,0
			-21.4377929999999,-69.747701999,0
			-21.43777553,-69.7477910969999,0
			-21.4377729999999,-69.7478109999999,0
			-21.4377728389999,-69.7478376619999,0
			-21.437771477,-69.7481425239999,0
			-21.437770067,-69.748458747,0
			-21.4377699999999,-69.7484810129999,0
			-21.4377699999999,-69.748504,0
			-21.4377695359999,-69.7485768989999,0
			-21.437768454,-69.74881871,0
			-21.4377674439999,-69.7490446879999,0
			-21.437767,-69.7492250939999,0
			-21.437766,-69.7494769989999,0
			-21.437765203,-69.7495455649999,0
			-21.4377651259999,-69.7495626419999,0
			-21.437765,-69.749590825,0
			-21.437765,-69.7496449999999,0
			-21.437764,-69.749900703,0
			-21.4377456359999,-69.7499397329999,0
			-21.4376360009999,-69.750170999,0
			-21.437445,-69.7504399989999,0
			-21.437404,-69.750462,0
			-21.437232229,-69.7505523199999,0
			-21.4371867179999,-69.7505774069999,0
			-21.436936999,-69.7507759989999,0
			-21.436778389,-69.750809023,0
			-21.4366196739999,-69.7508422559999,0
			-21.4365200009999,-69.7509209999999,0
			-21.4364900929999,-69.7509445379999,0
			-21.436365445,-69.751043379,0
			-21.4361742469999,-69.7513129879999,0
			-21.4359203799999,-69.7514469419999,0
			-21.435889431,-69.7514632769999,0
			-21.4358429999999,-69.7514879999999,0
			-21.4356669839999,-69.751581,0
			-21.435582928,-69.751580469,0
			-21.4353499709998,-69.751579277,0
			-21.4352959349999,-69.7515789999999,0
			-21.4352089999999,-69.7515789999999,0
			-21.435033001,-69.7515779999999,0
			-21.434994,-69.7516089999999,0
			-21.434931784,-69.7516581929999,0
			-21.4347791849999,-69.7517791929999,0
			-21.4346512659998,-69.7520490459999,0
			-21.4346503979999,-69.7522519739999,0
			-21.4346499969999,-69.75238745,0
			-21.4346491229999,-69.752535193,0
			-21.4346480029999,-69.7527244199999,0
			-21.4346980249999,-69.7533546959999,0
			-21.434745001,-69.7539460009999,0
			-21.4341789999999,-69.7549249999998,0
			-21.4339939999999,-69.7552450009999,0
			-21.4321362749999,-69.7559113939998,0
			-21.4313299989999,-69.7560280009999,0
			-21.431045137,-69.7560690339999,0
			-21.430851048,-69.7560971099999,0
			-21.4298597879999,-69.7555613649999,0
			-21.4291273469999,-69.755402112,0
			-21.4291043979999,-69.7554019999999,0
			-21.4290629989999,-69.7554019999999,0
			-21.4288112849999,-69.7554009999999,0
			-21.4285158389999,-69.7554624519999,0
			-21.4284939989999,-69.7554669999998,0
			-21.428416281,-69.755528501,0
			-21.42824,-69.7556680009999,0
			-21.428137975,-69.755749139,0
			-21.427986001,-69.755869999,0
			-21.4277913989999,-69.756209058,0
			-21.4276842209999,-69.756293872,0
			-21.4275398489999,-69.7564083359999,0
			-21.4274119969999,-69.7566781709999,0
			-21.427347115,-69.7570159919999,0
			-21.427346999,-69.7570428229998,0
			-21.427346999,-69.7571019999999,0
			-21.427345997,-69.7573542349999,0
			-21.4273442939999,-69.7576421649999,0
			-21.427344056,-69.7576922849999,0
			-21.427343999,-69.757705453,0
			-21.427343999,-69.7577349999999,0
			-21.4273429989999,-69.75803,0
			-21.4273409999999,-69.758369,0
			-21.4273232969999,-69.7584608209999,0
			-21.4272761889999,-69.7587063229999,0
			-21.4272113029999,-69.759044144,0
			-21.4270832129999,-69.7593816369998,0
			-21.4269552819999,-69.7596514659999,0
			-21.426764073,-69.7599209689999,0
			-21.426572936,-69.7601904719999,0
			-21.4263190599999,-69.7603244049999,0
			-21.42600214,-69.760390426,0
			-21.4259373269999,-69.7607281619999,0
			-21.425936462,-69.7609096259999,0
			-21.4259360009999,-69.761065838,0
			-21.4259350009999,-69.7612429989998,0
			-21.425934844,-69.7612683099999,0
			-21.425934254,-69.7614043719998,0
			-21.4259340009999,-69.7614578039999,0
			-21.4259340009999,-69.7615460009999,0
			-21.4259330009999,-69.761743,0
			-21.4258049989999,-69.76208,0
			-21.42574,-69.762417999,0
			-21.425723058,-69.7625060989999,0
			-21.4256749999999,-69.762756001,0
			-21.4255333869999,-69.7628301529999,0
			-21.42542106,-69.7628889679999,0
			-21.4252928189998,-69.762785235,0
			-21.425169,-69.7626849989999,0
			-21.425059478,-69.7627427799999,0
			-21.4249149999998,-69.7628189999999,0
			-21.424764437,-69.7628984309999,0
			-21.424660999,-69.762953,0
			-21.4245617449999,-69.763005364,0
			-21.424407,-69.763087001,0
			-21.4240899989999,-69.763085001,0
			-21.4238584129999,-69.7630842679999,0
			-21.4237739999999,-69.763084001,0
			-21.4235851579999,-69.763083007,0
			-21.423393667,-69.7630819969999,0
			-21.423264452,-69.763081182,0
			-21.4230772619999,-69.763080209,0
			-21.422887217,-69.7631602239998,0
			-21.4227599989999,-69.7632139999999,0
			-21.4226903809999,-69.7632507289999,0
			-21.4225059999999,-69.7633479989999,0
			-21.4223446829999,-69.7634331039999,0
			-21.4222519989999,-69.7634820009999,0
			-21.4221460709999,-69.7635378849999,0
			-21.421998,-69.763616,0
			-21.4218960009999,-69.763697,0
			-21.421816389,-69.763759851,0
			-21.4217441359999,-69.7638171499999,0
			-21.4214902589999,-69.76395107,0
			-21.421294087,-69.7641584829999,0
			-21.421236,-69.7642199999999,0
			-21.42121242,-69.764342612,0
			-21.4211710009999,-69.7645579989999,0
			-21.4214229999999,-69.7647620529999,0
			-21.4214229999999,-69.764911,0
			-21.4214219999999,-69.7650999189999,0
			-21.4211669659999,-69.7653019999999,0
			-21.4210539589999,-69.765301285,0
			-21.4208509739999,-69.7652999819999,0
			-21.4207491069999,-69.7652452269999,0
			-21.4205979989999,-69.765164001,0
			-21.4204410369999,-69.7651292289999,0
			-21.4202819129999,-69.7650943629999,0
			-21.420080909,-69.765093365,0
			-21.419965103,-69.7650929999999,0
			-21.4199467349999,-69.765112431,0
			-21.4198709989998,-69.765192999,0
			-21.4197109999998,-69.765362,0
			-21.4196602919999,-69.7654689629999,0
			-21.4195829999999,-69.765632027,0
			-21.4195829999999,-69.7656739989999,0
			-21.4195823009999,-69.7657775919999,0
			-21.4195814619999,-69.76596989,0
			-21.4196730749999,-69.7661680319999,0
			-21.419707,-69.766241,0
			-21.4198560119999,-69.7664546609999,0
			-21.4198960919999,-69.766512049,0
			-21.4201190009999,-69.7666329999999,0
			-21.4201555209999,-69.766653073,0
			-21.420401,-69.766785999,0
			-21.420449001,-69.7668550009999,0
			-21.4205900209999,-69.7670569969999,0
			-21.4206880009999,-69.7671099999999,0
			-21.420743995,-69.7671405419999,0
			-21.420842201,-69.7671936249999,0
			-21.420980394,-69.7672683219999,0
			-21.421004,-69.767281001,0
			-21.4210946189999,-69.7673297949999,0
			-21.4212839799999,-69.767601972,0
			-21.4215359179999,-69.7678058719999,0
			-21.4215653759999,-69.76782179,0
			-21.4217888069999,-69.767941897,0
			-21.4221358629999,-69.768006065,0
			-21.4221680009999,-69.7680119999999,0
			-21.4222250009999,-69.7680119999999,0
			-21.422357855,-69.7680130219999,0
			-21.4224847519998,-69.768013654,0
			-21.4225478659999,-69.7680139999999,0
			-21.4226339999999,-69.7680139999999,0
			-21.4228009829999,-69.7680149999999,0
			-21.4231179999999,-69.767949,0
			-21.4234350179999,-69.7679510099998,0
			-21.4234779999999,-69.7679740009999,0
			-21.4236868089999,-69.768087952,0
			-21.4236589999999,-69.768624,0
			-21.4236550219999,-69.7687328309999,0
			-21.4236679989999,-69.7687509989999,0
			-21.423842485,-69.7690013949999,0
			-21.423997819,-69.7691277579999,0
			-21.4240941289999,-69.7692061859999,0
			-21.4241804,-69.769329887,0
			-21.4242829979999,-69.769476997,0
			-21.4245350099998,-69.76974906,0
			-21.4245551989999,-69.769860925,0
			-21.424596473,-69.7700872619999,0
			-21.424658273,-69.7704257349999,0
			-21.4247310009999,-69.770583,0
			-21.4247839989999,-69.770697,0
			-21.424814999,-69.7708670009999,0
			-21.4248300909998,-69.7709515019998,0
			-21.4248453799999,-69.7710353529999,0
			-21.4250341169998,-69.7713069109998,0
			-21.425044381,-69.771329102,0
			-21.4250650009999,-69.7713729989999,0
			-21.4251598999999,-69.771577785,0
			-21.4252541509998,-69.771714217,0
			-21.425348163,-69.771849538,0
			-21.425496273,-69.772009284,0
			-21.4255499999999,-69.7720669989999,0
			-21.4255999989999,-69.772121,0
			-21.4256739999999,-69.7722270009999,0
			-21.425762381,-69.7723545779999,0
			-21.4257889889998,-69.7723928349999,0
			-21.425794933,-69.77240139,0
			-21.4258180009999,-69.7724340009999,0
			-21.4259778979999,-69.7726638539999,0
			-21.425976411,-69.7729325729999,0
			-21.425976089,-69.7730024589999,0
			-21.4258482089999,-69.7732722759998,0
			-21.4257203309999,-69.773542092,0
			-21.4256554159999,-69.773879901,0
			-21.4257171919999,-69.7742181559998,0
			-21.4258684239999,-69.774340696,0
			-21.4259695289999,-69.7744225329999,0
			-21.42634942,-69.774424537,0
			-21.4266658859999,-69.7744939509998,0
			-21.4269179999999,-69.7746299989999,0
			-21.4270856369998,-69.7748712549999,0
			-21.4271069989999,-69.774901999,0
			-21.427232042,-69.7752410929999,0
			-21.427276438,-69.77533658,0
			-21.427358,-69.775512001,0
			-21.4273489989999,-69.775856,0
			-21.4271019859999,-69.7760520109999,0
			-21.4269449999999,-69.7761760009999,0
			-21.4269080239999,-69.7762050539999,0
			-21.4268474899999,-69.776253019,0
			-21.426779242,-69.7763970509999,0
			-21.4267199889999,-69.7765246749999,0
			-21.42671818,-69.776830504,0
			-21.4267180379999,-69.7768609799999,0
			-21.426843413,-69.7771322129999,0
			-21.4270960449999,-69.777268796,0
			-21.4271346159999,-69.7772689999999,0
			-21.4271919989999,-69.7772689999999,0
			-21.4274129989999,-69.7772699999999,0
			-21.4274796309999,-69.777234849,0
			-21.427667173,-69.7771359089999,0
			-21.427821556,-69.777054751,0
			-21.4279199989999,-69.777003,0
			-21.4280934239999,-69.7770035459999,0
			-21.428237,-69.7770039999999,0
			-21.428507413,-69.7770057049999,0
			-21.4285544979999,-69.7770059999999,0
			-21.4289329999999,-69.777076001,0
			-21.429117,-69.7772239989999,0
			-21.429185987,-69.77727999,0
			-21.4294380009999,-69.777484,0
			-21.429626841,-69.7777557699999,0
			-21.4296972119999,-69.77790822,0
			-21.4297519959999,-69.7780269899999,0
			-21.4298769989999,-69.7783659989998,0
			-21.430001997,-69.7786374589999,0
			-21.4300011899999,-69.7789107359999,0
			-21.4300010149999,-69.77897497,0
			-21.4300240289999,-69.7790249269999,0
			-21.4301262029999,-69.7792459809999,0
			-21.4301621109999,-69.779323668,0
			-21.4302520009999,-69.779516999,0
			-21.4303891759999,-69.779591576,0
			-21.430504206,-69.779653733,0
			-21.430603021,-69.7796753969999,0
			-21.4307030009999,-69.7796969989998,0
			-21.4308207509999,-69.779722944,0
			-21.4308566509999,-69.779704016,0
			-21.430898,-69.7796819999999,0
			-21.431074,-69.7795889999999,0
			-21.431146225,-69.7795508969999,0
			-21.4313279989999,-69.7794549989999,0
			-21.431602235,-69.7794567299999,0
			-21.4316449859999,-69.7794569989999,0
			-21.4316593289999,-69.7794647589999,0
			-21.431904001,-69.7796,0
			-21.4321498999999,-69.779864919,0
			-21.4322769999999,-69.7800479999999,0
			-21.4323379829999,-69.7801370219999,0
			-21.4323379999999,-69.7803030009999,0
			-21.4323369999999,-69.7804749149999,0
			-21.4322090009998,-69.780745,0
			-21.4321753469999,-69.780919996,0
			-21.4321439989999,-69.7810829989999,0
			-21.4321439989999,-69.7811429989999,0
			-21.432142987,-69.7812837129999,0
			-21.432142347,-69.7814208459998,0
			-21.4321725509999,-69.7814861749999,0
			-21.4322169999999,-69.7815809999998,0
			-21.4322740929999,-69.7816953129999,0
			-21.4323244999999,-69.7817227179999,0
			-21.4325203439999,-69.7818286089999,0
			-21.4327033359999,-69.7819275529998,0
			-21.4327729459999,-69.7819649729999,0
			-21.43291146,-69.782039976,0
			-21.433025635,-69.782101801,0
			-21.433062892,-69.782102,0
			-21.433117001,-69.782102,0
			-21.4333418369999,-69.782102998,0
			-21.4335241449999,-69.782065652,0
			-21.433659065,-69.7820375909999,0
			-21.4339130309999,-69.7819036919999,0
			-21.4339652319998,-69.7818623019999,0
			-21.4340319999999,-69.781808999,0
			-21.4341669049998,-69.7817020749998,0
			-21.4344209999999,-69.7815679989999,0
			-21.4345359,-69.781406177,0
			-21.434611999,-69.781299001,0
			-21.4347029989999,-69.7812219999999,0
			-21.43493,-69.781030001,0
			-21.435121076,-69.7807599399999,0
			-21.4352785359999,-69.780635826,0
			-21.4353756239999,-69.7805588719999,0
			-21.4354890659999,-69.7804689189999,0
			-21.4355580009999,-69.7804139999998,0
			-21.4356299039999,-69.7803570739999,0
			-21.435702765,-69.78020351,0
			-21.4357580069998,-69.7800869819999,0
			-21.435762999,-69.780076,0
			-21.4358853329999,-69.7798193979999,0
			-21.4360590489999,-69.779680379,0
			-21.4361399999999,-69.779616001,0
			-21.4362656559999,-69.779350945,0
			-21.4364251069999,-69.7792631179999,0
			-21.436522001,-69.7792119989999,0
			-21.436632736,-69.7791535809999,0
			-21.436776,-69.779078,0
			-21.4368383299999,-69.779038478,0
			-21.4370932539998,-69.77887673,0
			-21.437197,-69.7787670009999,0
			-21.437347955,-69.7786080819999,0
			-21.4373899989999,-69.778607999,0
			-21.4375230909999,-69.778608972,0
			-21.437664243,-69.7786097199998,0
			-21.437716956,-69.778609999,0
			-21.4377939999999,-69.778609999,0
			-21.4379809549999,-69.7786110399999,0
			-21.4381569999998,-69.7787060009999,0
			-21.4382141009999,-69.778737555,0
			-21.4382334099999,-69.7787479959999,0
			-21.4385500219999,-69.7787496779999,0
			-21.4386107619999,-69.7787499999999,0
			-21.4387,-69.7787499999999,0
			-21.4388669799999,-69.7787509999999,0
			-21.4392469999999,-69.7787529999999,0
			-21.4394859999999,-69.7788829989999,0
			-21.4394989109999,-69.7788899519999,0
			-21.4396031629999,-69.7789743209999,0
			-21.4397510009999,-69.7790939989999,0
			-21.4399400349999,-69.7793660779999,0
			-21.4400009999999,-69.7794959999999,0
			-21.4400660109999,-69.7796369849999,0
			-21.4401130009999,-69.779661999,0
			-21.4402135129999,-69.779716913,0
			-21.4403181929999,-69.7797735319999,0
			-21.4404982509999,-69.7798708919999,0
			-21.440571,-69.779909999,0
			-21.4408230509999,-69.7801140409999,0
			-21.4410569999999,-69.7803030009999,0
			-21.4410759869999,-69.780318988,0
			-21.4412810859999,-69.7804850209999,0
			-21.4413279999999,-69.780523,0
			-21.4414032229999,-69.780727003,0
			-21.441452996,-69.780861988,0
			-21.4414635709999,-69.7808734099999,0
			-21.4417049359999,-69.7811343259999,0
			-21.4416722349999,-69.7813038669999,0
			-21.441639907,-69.781470978,0
			-21.441557272,-69.781558939,0
			-21.4413859919998,-69.7817410329999,0
			-21.4413009999999,-69.7819640009999,0
			-21.4412570379999,-69.7820779029999,0
			-21.4413487769999,-69.782721238,0
			-21.441108001,-69.782977,0
			-21.4410950029998,-69.7829899969999,0
			-21.4410549999999,-69.7830459989999,0
			-21.4409029999999,-69.7832600009999,0
			-21.4407722129999,-69.783363497,0
			-21.4406451779999,-69.783464039,0
			-21.4404486719999,-69.7836203149999,0
			-21.440395,-69.7836629999999,0
			-21.4402921169999,-69.7837061659999,0
			-21.4400778179998,-69.783796388,0
			-21.4398239249999,-69.7839302889999,0
			-21.4397789279999,-69.7839659429998,0
			-21.4397450009999,-69.783993,0
			-21.4395700009999,-69.784131999,0
			-21.439315999,-69.7843329999999,0
			-21.4390939999999,-69.7845089999999,0
			-21.4390612219999,-69.784534831,0
			-21.4388070109999,-69.7847364739999,0
			-21.4387420739999,-69.7850742279999,0
			-21.4387278259999,-69.785119161,0
			-21.4386989999999,-69.7852109989999,0
			-21.4386140139999,-69.785478955,0
			-21.438486,-69.7857489999999,0
			-21.4383953229999,-69.7859081559999,0
			-21.4382941069999,-69.7860858069999,0
			-21.4381839999999,-69.7862419989999,0
			-21.438103,-69.786356,0
			-21.4380698269999,-69.786425971,0
			-21.4379749999999,-69.7866259999999,0
			-21.4379059599999,-69.786747178,0
			-21.4377834229998,-69.7869628339999,0
			-21.4377705209999,-69.7870300169999,0
			-21.4377560009999,-69.7871079999999,0
			-21.437718999,-69.7873010009999,0
			-21.4377169989999,-69.787639,0
			-21.4377169989999,-69.7876679999999,0
			-21.4377163729999,-69.787764951,0
			-21.4377153749999,-69.787976923,0
			-21.4377771349999,-69.7883153549999,0
			-21.4379020969999,-69.7886542049999,0
			-21.4380274549999,-69.7889253879999,0
			-21.4381528829999,-69.7891965749999,0
			-21.4384051849999,-69.789400776,0
			-21.4384964909999,-69.7894501809999,0
			-21.438664618,-69.789541307,0
			-21.4388704039999,-69.7896752309999,0
			-21.4389729999999,-69.789742001,0
			-21.4392261569999,-69.789879169,0
			-21.439343982,-69.790005878,0
			-21.439478268,-69.7901502179998,0
			-21.4395950009999,-69.790245,0
			-21.4397300099999,-69.7903550139999,0
			-21.4398769939999,-69.7905657699999,0
			-21.4399189229999,-69.7906258899999,0
			-21.4401080009999,-69.790898,0
			-21.4403599999999,-69.791102001,0
			-21.4404734979999,-69.7911938789999,0
			-21.4406119989999,-69.791305999,0
			-21.440646097,-69.7913428019999,0
			-21.440864001,-69.7915779989999,0
			-21.4408634049999,-69.7917791959999,0
			-21.440863001,-69.791915842,0
			-21.4407979579999,-69.7922540339998,0
			-21.4407553139999,-69.792287947,0
			-21.4405439999999,-69.7924560009998,0
			-21.4404438379999,-69.792561662,0
			-21.4402888749999,-69.7927251739999,0
			-21.4402740569999,-69.7927460449999,0
			-21.4400978559999,-69.7929943999999,0
			-21.4399061689999,-69.7933317099999,0
			-21.439789177,-69.7934557219999,0
			-21.439651999,-69.793600999,0
			-21.4395239999999,-69.7938709989999,0
			-21.439333372,-69.7941394769999,0
			-21.4393178209999,-69.794172021,0
			-21.4392050009999,-69.7944099989999,0
			-21.4391319999999,-69.7945130009999,0
			-21.4390818439999,-69.794582965,0
			-21.4390134509999,-69.7946793629999,0
			-21.4388221909999,-69.7949487289999,0
			-21.438694272,-69.7952186599999,0
			-21.438629313,-69.7955564869999,0
			-21.438691058,-69.795895001,0
			-21.4389430299999,-69.7961668789999,0
			-21.4390683729999,-69.796438074,0
			-21.4391252849998,-69.7965612089999,0
			-21.4391938759999,-69.7967087379999,0
			-21.4393359999999,-69.7967859999999,0
			-21.439446001,-69.796846,0
			-21.4396990669999,-69.796983097,0
			-21.439770133,-69.797084996,0
			-21.4398876539999,-69.7972535059999,0
			-21.440012999,-69.7975250009999,0
			-21.4400750189999,-69.7978641159999,0
			-21.4401004869999,-69.798005221,0
			-21.440135972,-69.7982018449999,0
			-21.4400709989999,-69.7985401839999,0
			-21.440070278,-69.7987840989999,0
			-21.4400699989999,-69.798877938,0
			-21.440012549,-69.7991767399999,0
			-21.4400049999999,-69.7992160009999,0
			-21.4400049999999,-69.7992889999999,0
			-21.440003825,-69.799444681,0
			-21.440003302,-69.7995542199999,0
			-21.4400649639999,-69.7998926599999,0
			-21.4401902999999,-69.800163937,0
			-21.4402289339998,-69.8002475329999,0
			-21.4402449999999,-69.800282,0
			-21.4403159989999,-69.8004349999999,0
			-21.440396,-69.8005499999999,0
			-21.440445042,-69.80062129,0
			-21.4405043969999,-69.8007066799998,0
			-21.4406113139999,-69.8008606069999,0
			-21.4406569999999,-69.800925999,0
			-21.4406929689999,-69.800977953,0
			-21.4408095799999,-69.8010723749998,0
			-21.4409449989998,-69.801182,0
			-21.4412619999999,-69.801184,0
			-21.4415149999999,-69.8013209989999,0
			-21.4415129999999,-69.801659001,0
			-21.4413601849999,-69.8018742239999,0
			-21.441322,-69.8019280009999,0
			-21.4411373839999,-69.8021876179999,0
			-21.4411299989999,-69.802198001,0
			-21.4410697559999,-69.8023250789999,0
			-21.4410017539999,-69.80246826,0
			-21.440837001,-69.8026429989998,0
			-21.4407479999999,-69.8027369989999,0
			-21.440740628,-69.8027473819999,0
			-21.440556999,-69.8030059989999,0
			-21.4404919989999,-69.8033440009999,0
			-21.4403639999998,-69.8036140579999,0
			-21.4403629999998,-69.8038280009999,0
			-21.440362342,-69.8039095629998,0
			-21.4403621379998,-69.803952162,0
			-21.440297234,-69.8042899879999,0
			-21.4402322579999,-69.8046278129999,0
			-21.4401043289999,-69.8048976269999,0
			-21.4400393509999,-69.8052354529999,0
			-21.4399744479999,-69.80557328,0
			-21.440036173,-69.8059117219999,0
			-21.4401611719998,-69.8062505889999,0
			-21.440286423,-69.8065217939999,0
			-21.4403482209999,-69.806860235,0
			-21.4403643239999,-69.8069669059999,0
			-21.440409932,-69.8072655569999,0
			-21.440408001,-69.807605,0
			-21.440408001,-69.807688001,0
			-21.4404067199999,-69.8078510729999,0
			-21.440406278,-69.8079427719999,0
			-21.4404059989999,-69.8080004829999,0
			-21.4404059989999,-69.8080919999999,0
			-21.4404049989999,-69.8082809989999,0
			-21.440339998,-69.80861927,0
			-21.4403381549999,-69.808930873,0
			-21.4403379999999,-69.8089569419999,0
			-21.4402099999999,-69.809227001,0
			-21.4401448259999,-69.809564248,0
			-21.4399939999998,-69.8097779999999,0
			-21.4399539989999,-69.8098339999999,0
			-21.439843837,-69.810066376,0
			-21.439826,-69.810104001,0
			-21.4396753429999,-69.8102232209999,0
			-21.4395719999999,-69.810304999,0
			-21.439488,-69.8103720009999,0
			-21.439316999,-69.810507,0
			-21.4389678589999,-69.8101877359999,0
			-21.438908,-69.8101330009999,0
			-21.4386531429999,-69.8104018509998,0
			-21.438651432,-69.810739723,0
			-21.4386503239999,-69.810968386,0
			-21.4386499979999,-69.8110781629999,0
			-21.4386490529999,-69.8112379579999,0
			-21.43864823,-69.811416062,0
			-21.4386479999999,-69.811461427,0
			-21.4386479999999,-69.811525,0
			-21.4386469999999,-69.8117539949999,0
			-21.4384919999998,-69.811972001,0
			-21.438454916,-69.8120240559999,0
			-21.438199862,-69.8122945929999,0
			-21.4381164079999,-69.8124115179999,0
			-21.438009436,-69.8125622389999,0
			-21.438071071,-69.8129007569999,0
			-21.4381030179999,-69.812946741,0
			-21.4381339999999,-69.8129909989999,0
			-21.4382599109999,-69.813171871,0
			-21.4382589999999,-69.8134180009999,0
			-21.4382579999999,-69.8135100009999,0
			-21.4382559919999,-69.8138490429999,0
			-21.4382249999999,-69.8140119989999,0
			-21.4381919859999,-69.8141860229999,0
			-21.438071,-69.814399,0
			-21.437999997,-69.8145229919999,0
			-21.4379380009999,-69.8146109999999,0
			-21.4378080449999,-69.814794335,0
			-21.4377340179999,-69.814898054,0
			-21.437617385,-69.815062397,0
			-21.437432417,-69.815322932,0
			-21.4374260809999,-69.8153318879999,0
			-21.437361164,-69.8156696579999,0
			-21.437296164,-69.8160074709999,0
			-21.437231239,-69.816345207,0
			-21.4371662399999,-69.8166830199999,0
			-21.4370382889999,-69.816952816,0
			-21.4367840429998,-69.8171543209999,0
			-21.4367190409999,-69.8174920539999,0
			-21.4366541119998,-69.817829865,0
			-21.4366721169999,-69.817928764,0
			-21.4367160159999,-69.8181680879999,0
			-21.436744,-69.8183229989999,0
			-21.4367511229999,-69.8183627199999,0
			-21.4367773609999,-69.8185068199999,0
			-21.4370293699999,-69.8187788129999,0
			-21.4371019999999,-69.8189360009999,0
			-21.437139234,-69.819016086,0
			-21.437155001,-69.819049999,0
			-21.4373913549999,-69.8193051119999,0
			-21.4374699999999,-69.819390001,0
			-21.4375019999999,-69.8194069999999,0
			-21.4375987929999,-69.8194597959999,0
			-21.4377222269999,-69.8195266179999,0
			-21.4378663569999,-69.8196045999999,0
			-21.4379750179999,-69.8196630099999,0
			-21.4381052369999,-69.819733803,0
			-21.4382269999999,-69.8197999989999,0
			-21.4383444869999,-69.8198947319999,0
			-21.43847993,-69.8200039429999,0
			-21.4385457389999,-69.820146521,0
			-21.4386050009999,-69.820275,0
			-21.4386669999999,-69.8206139999999,0
			-21.4387919999999,-69.8209529989999,0
			-21.438917035,-69.8212240779999,0
			-21.4389630009999,-69.8213229999999,0
			-21.439023087,-69.821453821,0
			-21.4390421169999,-69.8214950249999,0
			-21.439213089,-69.8215327809999,0
			-21.4393585289999,-69.8215646739999,0
			-21.4394167199999,-69.8215649999999,0
			-21.439492,-69.8215649999999,0
			-21.4396749999999,-69.8215659999998,0
			-21.439992413,-69.8215680019999,0
			-21.440295116,-69.821569918,0
			-21.4403079919999,-69.8215699999999,0
			-21.440376757,-69.821607233,0
			-21.440560999,-69.821706999,0
			-21.4405956429999,-69.821782108,0
			-21.4406860009999,-69.8219781289999,0
			-21.4406860009999,-69.8220779999999,0
			-21.4406850009999,-69.822315663,0
			-21.4406830009999,-69.8226539999999,0
			-21.4406821399999,-69.822799225,0
			-21.440681003,-69.8229914139999,0
			-21.440552999,-69.8232619999999,0
			-21.440488,-69.8235999989999,0
			-21.4403751639999,-69.8236892899999,0
			-21.440234001,-69.8238009999999,0
			-21.4401616399999,-69.823953635,0
			-21.44010595,-69.8240710379999,0
			-21.440010351,-69.824147066,0
			-21.439852,-69.8242730009998,0
			-21.4397603379999,-69.824401425,0
			-21.4396600009999,-69.8245420009999,0
			-21.4395043879999,-69.8247068019999,0
			-21.439405999,-69.8248110419999,0
			-21.4394053879999,-69.8249143739999,0
			-21.4394041799999,-69.825149258,0
			-21.439592999,-69.8254210009999,0
			-21.4397279999999,-69.8256149999999,0
			-21.439780981,-69.8256919729999,0
			-21.4397803349999,-69.8259179429999,0
			-21.439780001,-69.8260309999999,0
			-21.4397972509999,-69.826126587,0
			-21.4398410009999,-69.8263689999999,0
			-21.4398403859999,-69.8265767449999,0
			-21.4398400009999,-69.826706999,0
			-21.4398650359999,-69.8268461299999,0
			-21.4399014209999,-69.8270458769999,0
			-21.4399630889999,-69.82738424,0
			-21.4400879999999,-69.8277229999998,0
			-21.440108325,-69.8277672289999,0
			-21.44021335,-69.827994511,0
			-21.440421462,-69.8281070589999,0
			-21.440466052,-69.8281309809999,0
			-21.4405331699999,-69.82814588,0
			-21.4407818879999,-69.8282009789999,0
			-21.4409301589999,-69.828280643,0
			-21.4410351959999,-69.8283371579999,0
			-21.4411469999999,-69.828427999,0
			-21.441287001,-69.828542,0
			-21.4414119999998,-69.8288129999999,0
			-21.4414601489999,-69.829075486,0
			-21.441474,-69.8291509989999,0
			-21.4415628429999,-69.8293436119999,0
			-21.4415993059999,-69.8294224999999,0
			-21.4416232069999,-69.8294742529999,0
			-21.441725,-69.8296939989999,0
			-21.4418619439999,-69.829891403,0
			-21.4419129989999,-69.829964999,0
			-21.4421892069998,-69.8300847479999,0
			-21.4422289999999,-69.8301019999998,0
			-21.4423165919999,-69.8300652499999,0
			-21.4425459989999,-69.8299689989998,0
			-21.4427029029999,-69.8299699889999,0
			-21.4428632399998,-69.8299710519999,0
			-21.443071926,-69.830016621,0
			-21.4431789289999,-69.8300399849999,0
			-21.4433040009999,-69.8303109999999,0
			-21.4432689989999,-69.8304969999999,0
			-21.4432399989999,-69.8306489999999,0
			-21.443205,-69.8308289999999,0
			-21.4431739999999,-69.8309869999999,0
			-21.4430716449999,-69.831203176,0
			-21.4430489999999,-69.831251,0
			-21.4428550009999,-69.8315259999999,0
			-21.4426242459999,-69.831770381,0
			-21.4426010029999,-69.8317949939999,0
			-21.4425699999998,-69.8318279999999,0
			-21.4424693009999,-69.831934093,0
			-21.44234625,-69.8320641059999,0
			-21.442092002,-69.832197998,0
			-21.441900894,-69.8324682209999,0
			-21.4418251879999,-69.8326273229999,0
			-21.441773,-69.8327369999999,0
			-21.4417080009999,-69.833074999,0
			-21.441677918,-69.833138457,0
			-21.4415799989999,-69.8333449989998,0
			-21.441387736,-69.8336143719999,0
			-21.4412662399999,-69.8337861219999,0
			-21.441197001,-69.833883999,0
			-21.4409429999999,-69.834085,0
			-21.4408859479999,-69.8341303719999,0
			-21.440689,-69.8342870009999,0
			-21.4404266339999,-69.834341625,0
			-21.4403719999999,-69.8343529999999,0
			-21.4403429999999,-69.834376,0
			-21.4401154669999,-69.8345548099999,0
			-21.4399219999999,-69.8346569999999,0
			-21.4398629999999,-69.8346879999999,0
			-21.4399249999999,-69.8350259999999,0
			-21.4399539999999,-69.835183,0
			-21.439987001,-69.835364999,0
			-21.4399860189999,-69.835530965,0
			-21.4399851049999,-69.83570358,0
			-21.4400193619999,-69.8358908879999,0
			-21.440047001,-69.836042,0
			-21.4401080009999,-69.83638,0
			-21.4396279119999,-69.8374934609999,0
			-21.4396007669999,-69.8376346139999,0
			-21.439562999,-69.8378309999999,0
			-21.4394979989999,-69.8381689989999,0
			-21.4393694849999,-69.8384397249999,0
			-21.439215367,-69.838656783,0
			-21.4391789999999,-69.8387079999999,0
			-21.4391553069999,-69.8387413199999,0
			-21.4389869989998,-69.8389779999999,0
			-21.4387952729999,-69.8391297209998,0
			-21.438733,-69.8391789999998,0
			-21.4385565729999,-69.8392720749999,0
			-21.4384790009999,-69.8393129989999,0
			-21.438387416,-69.839409614,0
			-21.4382239999999,-69.839582,0
			-21.4381118219999,-69.8396707699999,0
			-21.437969713,-69.839783304,0
			-21.4377305049999,-69.8400356439999,0
			-21.4377149999999,-69.840052,0
			-21.4374609999999,-69.8402540009999,0
			-21.4373373369999,-69.8404721909999,0
			-21.43727,-69.840591,0
			-21.437202676,-69.840733012,0
			-21.4371419649999,-69.8408610919999,0
			-21.4371026069999,-69.8409639079999,0
			-21.4370129999999,-69.8411979999999,0
			-21.436948,-69.841536,0
			-21.436947001,-69.841874,0
			-21.4370719999999,-69.8421449999999,0
			-21.437315316,-69.8424076269999,0
			-21.4373239999998,-69.842417,0
			-21.437576001,-69.8425539999998,0
			-21.4377313659999,-69.8427216969999,0
			-21.437828,-69.8428259999999,0
			-21.4379529999999,-69.8431649999999,0
			-21.4382049989999,-69.8434369999999,0
			-21.438265999,-69.843843001,0
			-21.438263999,-69.8442489999999,0
			-21.438262999,-69.8445869999999,0
			-21.4382062449999,-69.8449352669999,0
			-21.4381969999999,-69.8449920009999,0
			-21.438195,-69.8453299999999,0
			-21.438194,-69.8456679999999,0
			-21.438142705,-69.845776201,0
			-21.4380659999999,-69.8459379999999,0
			-21.438001001,-69.8462759999999,0
			-21.4380620009999,-69.846682001,0
			-21.4380600009999,-69.8470199999999,0
			-21.438122001,-69.8473589999999,0
			-21.4383099999999,-69.84763,0
			-21.438552511,-69.8479571989999,0
			-21.4385619989999,-69.8479699989999,0
			-21.4387300139999,-69.848006686,0
			-21.4388779999999,-69.848039001,0
			-21.4390339979999,-69.848123475,0
			-21.4391309999999,-69.848176,0
			-21.4393830009999,-69.8483129999999,0
			-21.4395080009999,-69.8486519999999,0
			-21.439443001,-69.8490569989999,0
			-21.4393913969999,-69.849165851,0
			-21.439315,-69.849327,0
			-21.4392499999999,-69.8497319999999,0
			-21.4392479999998,-69.85007,0
			-21.4392469289999,-69.85023927,0
			-21.4392450999999,-69.8505445479999,0
			-21.4392970649999,-69.8508278369999,0
			-21.4393069999999,-69.850882,0
			-21.439432,-69.851154,0
			-21.4395579999999,-69.8514249999998,0
			-21.43981,-69.8516289999999,0
			-21.4398775559999,-69.8517760009999,0
			-21.4399349999999,-69.8519010009999,0
			-21.4399969999999,-69.8522389999999,0
			-21.440058,-69.8526449989999,0
			-21.4400489719999,-69.852691944,0
			-21.4399930009999,-69.8529830009999,0
			-21.4399280009999,-69.8533209999999,0
			-21.4399260009999,-69.8536589999999,0
			-21.4398444659999,-69.8538309849999,0
			-21.4397979989999,-69.8539289999999,0
			-21.4394809999999,-69.854061999,0
			-21.439221641,-69.8540053679999,0
			-21.4391649989999,-69.8539929999999,0
			-21.438848,-69.8540579989999,0
			-21.4385929989999,-69.8542599999999,0
			-21.4385135739999,-69.854322853,0
			-21.4383389999999,-69.8544610009999,0
			-21.438210409,-69.8547322509999,0
			-21.4381147569999,-69.8549340109999,0
			-21.4380829989999,-69.8550010009999,0
			-21.4378919999999,-69.8552699989999,0
			-21.4377639949999,-69.855540009,0
			-21.4377554189999,-69.855558098,0
			-21.4376358489999,-69.8558107869999,0
			-21.437603,-69.8559819999999,0
			-21.4375709999999,-69.8561469999999,0
			-21.4376639999999,-69.8563489999999,0
			-21.4376960009999,-69.8564190009999,0
			-21.437821001,-69.8566900009999,0
			-21.4378786689999,-69.8567729949999,0
			-21.4380099999999,-69.8569620009999,0
			-21.4381979999999,-69.8572330009999,0
			-21.438324542,-69.8575051829999,0
			-21.438412457,-69.8576964819999,0
			-21.438449001,-69.8577760009999,0
			-21.4385740009999,-69.8581149999999,0
			-21.438500335,-69.85826981,0
			-21.4384459989998,-69.8583840009998,0
			-21.4382539999999,-69.8587209999999,0
			-21.437999001,-69.8589899999999,0
			-21.4377447849999,-69.859192303,0
			-21.437652509,-69.8593222639999,0
			-21.4375539199999,-69.8594611669999,0
			-21.4375230869999,-69.8595262049999,0
			-21.4374260009999,-69.859730999,0
			-21.4374240009999,-69.8600690009999,0
			-21.437549001,-69.8603400009999,0
			-21.4376109999999,-69.8606789999999,0
			-21.4376090009999,-69.8610849989999,0
			-21.4375439999999,-69.8614219999999,0
			-21.437522513,-69.8614446679999,0
			-21.437288152,-69.861692198,0
			-21.4371123449999,-69.86194072,0
			-21.4370980009999,-69.8619609989999,0
			-21.436842999,-69.862162,0
			-21.4367598709999,-69.8622147099999,0
			-21.436525103,-69.8623634739998,0
			-21.4363690189999,-69.8624458159999,0
			-21.4362719989998,-69.862497,0
			-21.4361672029999,-69.862533583,0
			-21.4358910009999,-69.862630001,0
			-21.435574,-69.8626960009999,0
			-21.435194001,-69.862829,0
			-21.43494,-69.862963001,0
			-21.4348490249999,-69.8630904579999,0
			-21.4347479999998,-69.8632319999999,0
			-21.4345569999999,-69.863501,0
			-21.4344289999999,-69.8637709999999,0
			-21.4344639179999,-69.863918075,0
			-21.4346462589999,-69.8646855659999,0
			-21.434731477,-69.8648709979999,0
			-21.4347710009999,-69.8649570009999,0
			-21.4348960009999,-69.8652280009999,0
			-21.434996253,-69.8654453499999,0
			-21.4350209999999,-69.8654990009999,0
			-21.4352099999999,-69.8657710009999,0
			-21.4352079999999,-69.8661769999999,0
			-21.4351355129999,-69.8663663649999,0
			-21.435079,-69.8665139989999,0
			-21.4350699729999,-69.8665609419999,0
			-21.4350140009999,-69.8668520009999,0
			-21.4349112449999,-69.8669967179999,0
			-21.4348229989999,-69.8671209989999,0
			-21.4346319999999,-69.867389999,0
			-21.4345667719999,-69.8675275899999,0
			-21.4345040009999,-69.8676599989998,0
			-21.434485448,-69.867686088,0
			-21.434312,-69.8679299999999,0
			-21.434184,-69.8681989999999,0
			-21.4340890039999,-69.8683993809999,0
			-21.4340559999999,-69.8684689999999,0
			-21.434118,-69.868807999,0
			-21.434171007,-69.8691017069999,0
			-21.4341789999999,-69.8691460009999,0
			-21.434114,-69.8694839999999,0
			-21.434042915,-69.8696719249999,0
			-21.4340268949999,-69.8697142729999,0
			-21.434021883,-69.869727352,0
			-21.4339860009999,-69.8698209999999,0
			-21.433980818,-69.869831932,0
			-21.4339039999999,-69.869994,0
			-21.4338579999999,-69.8700909999999,0
			-21.433983,-69.8703619999999,0
			-21.4340539999999,-69.8705159999999,0
			-21.4341080009999,-69.8706339999999,0
			-21.4342969999999,-69.8709049999999,0
			-21.4343563379999,-69.870990395,0
			-21.4344859999999,-69.8711769999999,0
			-21.4347379989999,-69.871381001,0
			-21.43499,-69.8716530009999,0
			-21.4351779999999,-69.871925001,0
			-21.4353039999999,-69.8720269999999,0
			-21.4354316039999,-69.8721298699999,0
			-21.4356421149998,-69.87224386,0
			-21.4356829999999,-69.8722659999999,0
			-21.4357378099999,-69.872295798,0
			-21.435935,-69.872403001,0
			-21.436088436,-69.872485479,0
			-21.4361897859999,-69.872540452,0
			-21.4364182839998,-69.872726335,0
			-21.4364399999999,-69.872744,0
			-21.4366919989999,-69.8729480009999,0
			-21.436817999,-69.8732190009999,0
			-21.4368790679999,-69.8735583749999,0
			-21.436910374,-69.8737295449999,0
			-21.4369410009999,-69.8738969999999,0
			-21.4369084329999,-69.8740658469999,0
			-21.4368759999999,-69.8742339999999,0
			-21.4368099999999,-69.8746399999999,0
			-21.4365559999999,-69.8749090009999,0
			-21.43644033,-69.8750001749999,0
			-21.4363009999999,-69.8751099999999,0
			-21.4361989999998,-69.8753789999999,0
			-21.4361729999999,-69.8754470009999,0
			-21.4361079999999,-69.8757850009999,0
			-21.4361689999999,-69.8761239999999,0
			-21.43623,-69.876529999,0
			-21.4362294999999,-69.87669901,0
			-21.436229,-69.8768679999999,0
			-21.4363539999999,-69.8771389999999,0
			-21.4364792519999,-69.877411273,0
			-21.4366832949999,-69.877631509,0
			-21.4367310009999,-69.8776830009999,0
			-21.4368560009999,-69.877954001,0
			-21.4369870509999,-69.8782978979999,0
			-21.4372329999999,-69.878497001,0
			-21.437357999,-69.8788359999999,0
			-21.4374178229999,-69.8789656949999,0
			-21.4374830009999,-69.879107,0
			-21.4375140009999,-69.8792780009999,0
			-21.4375448449999,-69.8794468099999,0
			-21.4375148669999,-69.879602689,0
			-21.4374799989999,-69.879783999,0
			-21.437477999,-69.880122001,0
			-21.437425532,-69.880394027,0
			-21.4374129779999,-69.88045922,0
			-21.4373537009999,-69.881057305,0
			-21.4373459999999,-69.8811349999999,0
			-21.4372809999998,-69.881472999,0
			-21.437251594,-69.8816105349999,0
			-21.437150999,-69.882081001,0
			-21.4368956059999,-69.882350416,0
			-21.4366661229999,-69.882593453,0
			-21.4366420009999,-69.882618999,0
			-21.4364239989999,-69.8827979989999,0
			-21.4359329999999,-69.8830039999999,0
			-21.4353929999999,-69.883315,0
			-21.4350519999999,-69.8837659999999,0
			-21.4349989999999,-69.883836001,0
			-21.4348970439999,-69.883955409,0
			-21.4345549989999,-69.884356,0
			-21.433817,-69.8850839999999,0
			-21.4338129999999,-69.8857109999999,0
			-21.434154,-69.8861209989999,0
			-21.434152,-69.8865259999999,0
			-21.434150444,-69.8867890559999,0
			-21.4341499999999,-69.8868639999999,0
			-21.4340383299999,-69.8870285649999,0
			-21.4339029999999,-69.8872279999999,0
			-21.4332630009999,-69.8879569989999,0
			-21.4331402999999,-69.888368466,0
			-21.433013576,-69.8887927009999,0
			-21.432761397,-69.8892103279998,0
			-21.432668,-69.8893649999998,0
			-21.4322739999999,-69.889781,0
			-21.4320849999999,-69.889901,0
			-21.4317829999999,-69.8900919999999,0
			-21.431780213,-69.8906162979999,0
			-21.4318323239999,-69.890932246,0
			-21.431875001,-69.891191001,0
			-21.431873482,-69.891428708,0
			-21.431872348,-69.8916617149999,0
			-21.431962062,-69.891845599,0
			-21.4320329999998,-69.891991,0
			-21.4319680009999,-69.8923289989999,0
			-21.431966001,-69.8926670009999,0
			-21.4320910009999,-69.8929380009999,0
			-21.4321486599999,-69.8930209809999,0
			-21.4322799999999,-69.8932100009999,0
			-21.432270278,-69.8933162019999,0
			-21.4322539999999,-69.893494,0
			-21.4320058279999,-69.8940161619999,0
			-21.431900266,-69.8941163619999,0
			-21.4315140009999,-69.894483,0
			-21.4311820739999,-69.8949502369999,0
			-21.43107,-69.8951079999999,0
			-21.4311264259999,-69.8957739159999,0
			-21.4311800759999,-69.8958893079999,0
			-21.4312519999999,-69.8960440009999,0
			-21.43144,-69.8963160009999,0
			-21.4316289989999,-69.8965870009999,0
			-21.4317119999999,-69.8967680009999,0
			-21.4317200489999,-69.89678544,0
			-21.431736144,-69.8968203099998,0
			-21.4317540009998,-69.8968590009999,0
			-21.431544099,-69.8972460049999,0
			-21.431498,-69.8973309999999,0
			-21.43140491,-69.8974621069999,0
			-21.431313522,-69.897590817,0
			-21.4313070009999,-69.8976,0
			-21.4308589999999,-69.8984089999999,0
			-21.4307310009999,-69.898678,0
			-21.430551274,-69.8989206309999,0
			-21.4305222789999,-69.8989597729999,0
			-21.430510768,-69.8989758429998,0
			-21.430428148,-69.8992774069999,0
			-21.4304109999998,-69.8993399999999,0
			-21.4300169999999,-69.8997039999999,0
			-21.429526,-69.9000149999999,0
			-21.4288910009999,-69.899645,0
			-21.4285959999999,-69.899905001,0
			-21.4285949999999,-69.9001139879999,0
			-21.4285939999999,-69.9003229989999,0
			-21.4285807199999,-69.9003538689999,0
			-21.4285167869999,-69.9005024909999,0
			-21.4284222969999,-69.900720759,0
			-21.4283460009999,-69.9008969989999,0
			-21.428213259,-69.90111683,0
			-21.4279999999999,-69.901469999,0
			-21.427606,-69.9018859999999,0
			-21.4271938279998,-69.9021534589999,0
			-21.4269679999999,-69.9023,0
			-21.4268980229999,-69.902345848,0
			-21.426823,-69.902395,0
			-21.4267743569999,-69.9024270389999,0
			-21.426574,-69.9025590009999,0
			-21.4263961849999,-69.9026959819999,0
			-21.4263039999999,-69.902767,0
			-21.426033,-69.902974,0
			-21.4258389999999,-69.903238,0
			-21.4256879999999,-69.903443,0
			-21.4254399999999,-69.904017,0
			-21.425443999,-69.904597,0
			-21.4254420389999,-69.904935055,0
			-21.4254606389999,-69.904961966,0
			-21.4256299989999,-69.9052069989999,0
			-21.4256719079999,-69.905252234,0
			-21.4258819999999,-69.905478999,0
			-21.4260712059999,-69.9057501669999,0
			-21.426232555,-69.9058814229999,0
			-21.426322999,-69.9059549999999,0
			-21.426575,-69.9060920009999,0
			-21.4267152249999,-69.906167379,0
			-21.4268279999999,-69.9062279999999,0
			-21.427080001,-69.9065009989999,0
			-21.4272050009999,-69.9067719989999,0
			-21.4273299999999,-69.9070429989999,0
			-21.4273279879999,-69.9073830319999,0
			-21.427326001,-69.9077190009999,0
			-21.4272608189999,-69.9080579449999,0
			-21.4272259999999,-69.9082399999999,0
			-21.427196,-69.908395,0
			-21.4272582029999,-69.9087334429999,0
			-21.4273023049999,-69.90882941,0
			-21.4273830009998,-69.9090049989999,0
			-21.427415942,-69.909052647,0
			-21.427439411,-69.9090865939999,0
			-21.4275091989999,-69.909187043,0
			-21.4275709999999,-69.9092759989999,0
			-21.4276962129998,-69.909547577,0
			-21.4277370639999,-69.909658365,0
			-21.4278209999999,-69.909886001,0
			-21.4278189999999,-69.910224001,0
			-21.4281385589999,-69.9104303509999,0
			-21.4284400009999,-69.9106249999999,0
			-21.4290760009999,-69.9107849989999,0
			-21.429361,-69.9109089989999,0
			-21.429565,-69.910996999,0
			-21.429902,-69.9113869989999,0
			-21.4299330009999,-69.911556005,0
			-21.4299639999999,-69.911725001,0
			-21.4299619999999,-69.912064,0
			-21.4295069999999,-69.9126709999999,0
			-21.4293931679999,-69.9128102129999,0
			-21.429359,-69.912852,0
			-21.4292109999999,-69.9130349999999,0
			-21.429142016,-69.9133915309999,0
			-21.42911,-69.913556999,0
			-21.429098989,-69.913578515,0
			-21.428762999,-69.9142349999998,0
			-21.42861486,-69.914865709,0
			-21.4287729499998,-69.9151806459998,0
			-21.428868,-69.9153699989999,0
			-21.4286079999999,-69.9157509999999,0
			-21.428483835,-69.9159860529999,0
			-21.4284489999999,-69.916052,0
			-21.4283609999999,-69.9162200009999,0
			-21.4279669999999,-69.9165309999999,0
			-21.427787065,-69.916564717,0
			-21.4274279999999,-69.9166319999999,0
			-21.427129516,-69.9171051639999,0
			-21.4270331729999,-69.917266775,0
			-21.4270079999999,-69.917309001,0
			-21.4268849999999,-69.917518001,0
			-21.4263929999999,-69.9178289999999,0
			-21.4262074879999,-69.918103318,0
			-21.425899914,-69.91855909,0
			-21.4258673569998,-69.9189783519999,0
			-21.4258509999999,-69.9191889999998,0
			-21.4258470009999,-69.9192370009999,0
			-21.425874203,-69.9194187389999,0
			-21.4258939999999,-69.919551,0
			-21.425982511,-69.9196738109999,0
			-21.4261829999999,-69.9199519989999,0
			-21.4262139859999,-69.920121426,0
			-21.4262449999998,-69.9202910009999,0
			-21.4263059999999,-69.920629,0
			-21.426368,-69.920968,0
			-21.4264289999999,-69.921306,0
			-21.4264269999999,-69.9216439989999,0
			-21.4261729989999,-69.921846,0
			-21.4260449999999,-69.9221149999999,0
			-21.4261059999999,-69.922453999,0
			-21.4261163209999,-69.922468798,0
			-21.426295001,-69.9227249989999,0
			-21.4263274589999,-69.923379855,0
			-21.426351999,-69.923874999,0
			-21.4262239999999,-69.9241449989999,0
			-21.426254499,-69.9243144919999,0
			-21.426285,-69.9244840009999,0
			-21.4264729989999,-69.9247550009999,0
			-21.4264719989999,-69.9250929999999,0
			-21.4263569789999,-69.9252547459999,0
			-21.42628,-69.9253629999999,0
			-21.4261004829999,-69.9255050579999,0
			-21.4260201559999,-69.9255699289999,0
			-21.4256139999999,-69.9259819999999,0
			-21.4253179999999,-69.9263979999999,0
			-21.425272278,-69.926494294,0
			-21.425120001,-69.9268149999999,0
			-21.4249862489999,-69.927096524,0
			-21.4248767799999,-69.9273269369999,0
			-21.4248721419999,-69.9273376539999,0
			-21.4249274909999,-69.927591476,0
			-21.4250000009999,-69.927924001,0
			-21.425125001,-69.9281960009999,0
			-21.4252499979999,-69.9284669969999,0
			-21.4251850009999,-69.928805,0
			-21.425119315,-69.92894197,0
			-21.4250559989999,-69.9290739999999,0
			-21.4249127409999,-69.929275763,0
			-21.424865,-69.9293430009999,0
			-21.4247369999999,-69.9296130009999,0
			-21.424672001,-69.9299509999999,0
			-21.424670001,-69.930289,0
			-21.4246679999999,-69.930625999,0
			-21.4246289989999,-69.930628999,0
			-21.372965,-69.929748,0
			-21.325932999,-69.8975550009999,0
			-21.3045250009999,-69.8816659999999,0
			-21.2500000009999,-69.8842159989999,0
			-21.1102189989999,-69.8907519999999,0
			-21.116591001,-69.8254259999999,0
			-21.117135001,-69.8198390009999,0
			-20.999999999,-69.8932069989999,0
			-20.8808999999999,-69.967832,0
			-20.8807469999999,-69.9679269999999,0
			-20.8547799999999,-69.983856999,0
			-20.8543559999999,-69.984117,0
			-20.8490649989999,-69.9874359999999,0
			-20.8378119999999,-69.994491,0
			-20.8263640009999,-69.9977869989999,0
			-20.8174329989999,-70.0016889999999,0
			-20.808466,-70.005609001,0
			-20.786683,-70.0148119999998,0
			-20.7833330009999,-70.015881999,0
			-20.780564,-70.016769,0
			-20.776892,-70.0185679989999,0
			-20.7762579999999,-70.0188780009999,0
			-20.7751719999999,-70.0194099989999,0
			-20.7731879989998,-70.020386,0
			-20.7691280009999,-70.0224539989999,0
			-20.7661009989999,-70.0239990009999,0
			-20.7603149989998,-70.0246099999999,0
			-20.748145,-70.030777999,0
			-20.7386519999999,-70.034722,0
			-20.7144049999999,-70.0449179999999,0
			-20.7043409989998,-70.0491089999999,0
			-20.699249999,-70.051297,0
			-20.694893,-70.0516969999999,0
			-20.6846610009999,-70.0495579999999,0
			-20.6753209999999,-70.047719,0
			-20.6561359999999,-70.0439399999999,0
			-20.5974919999999,-70.0301119989999,0
			-20.5968679989999,-70.029964999,0
			-20.593968999,-70.0292820009999,0
			-20.5902869999999,-70.0284789999999,0
			-20.578277,-70.0258269999999,0
			-20.5614849999999,-70.0327879999999,0
			-20.5329219999999,-70.045350001,0
			-20.508415999,-70.0563339999998,0
			-20.4761540009999,-70.070792,0
			-20.457511999,-70.078535,0
			-20.4351839999999,-70.084730999,0
			-20.4119889999999,-70.090812,0
			-20.3777530009999,-70.100535001,0
			-20.374785,-70.1013409999999,0
			-20.3657250009999,-70.103805,0
			-20.3505560679999,-70.107929983,0
			-20.350515435,-70.1079801819999,0
			-20.3512105159999,-70.109437134,0
			-20.348476967,-70.110486129,0
			-20.3484977299999,-70.110460641,0
			-20.3152649169999,-70.12338629,0
			-20.3152892219999,-70.123393527,0
			-20.312323159,-70.1243814829999,0
			-20.29816318,-70.1189998369999,0
			-20.2864747799998,-70.114539474,0
			-20.2805486009999,-70.112219786,0
			-20.2805152849999,-70.112221273,0
			-20.2797042609999,-70.1118653259999,0
			-20.2760741239999,-70.110471925,0
			-20.2748892189999,-70.1101079269999,0
			-20.2742199579999,-70.1098296489998,0
			-20.274211463,-70.111169795,0
			-20.2739788679999,-70.1112228099999,0
			-20.2735916079999,-70.111247427,0
			-20.2732819409999,-70.1112452209999,0
			-20.272843543,-70.1111874269999,0
			-20.2724569809999,-70.1111025499999,0
			-20.272302839,-70.1109921089998,0
			-20.2719673429999,-70.1109897209999,0
			-20.271632885,-70.1108232459999,0
			-20.2714011529999,-70.110739552,0
			-20.2709885849999,-70.1106818639999,0
			-20.269516897,-70.1107808089999,0
			-20.2675049509999,-70.1106023999999,0
			-20.2658791219999,-70.1105908309999,0
			-20.2648729759999,-70.110528926,0
			-20.2644616189999,-70.110279873,0
			-20.263974751,-70.1097294899999,0
			-20.2635916469999,-70.1090977279999,0
			-20.263283364,-70.1088767109999,0
			-20.262948384,-70.108792288,0
			-20.2627410239999,-70.108927604,0
			-20.262711388,-70.1095290539999,0
			-20.262501851,-70.1100198089999,0
			-20.26195768,-70.1103714759999,0
			-20.2615187599999,-70.110395728,0
			-20.261002253,-70.1104467209999,0
			-20.2603053259999,-70.110469138,0
			-20.2594271439999,-70.110572223,0
			-20.2584189889999,-70.1108385419999,0
			-20.2576177039999,-70.11102429,0
			-20.2569207769999,-70.1110467029999,0
			-20.2563530279999,-70.1110426639999,0
			-20.2558373849999,-70.1109569589999,0
			-20.255372017,-70.111090351,0
			-20.254830023,-70.111086492,0
			-20.2542106879999,-70.1110820879999,0
			-20.2538751889999,-70.111079699,0
			-20.25333337,-70.1110485519999,0
			-20.2526864709999,-70.1113173519999,0
			-20.252168996,-70.111532483,0
			-20.2517552129999,-70.1116662379998,0
			-20.2511080649999,-70.1119624779999,0
			-20.2506433899999,-70.111986542,0
			-20.25041114,-70.11198489,0
			-20.2502843149998,-70.1116284769999,0
			-20.2501846079999,-70.1110808189999,0
			-20.2499284329999,-70.110778151,0
			-20.24961859,-70.1108033179999,0
			-20.2494086309999,-70.1113487739999,0
			-20.2491973559999,-70.112112944,0
			-20.2489606959998,-70.112794902,0
			-20.2488016959999,-70.1134501179999,0
			-20.2486423039999,-70.1140967029999,0
			-20.248575167,-70.114423652,0
			-20.248406412,-70.114982488,0
			-20.2480905969999,-70.1152952689999,0
			-20.247691629,-70.115694901,0
			-20.2472604279999,-70.1159718789999,0
			-20.246762686,-70.116318334,0
			-20.2463479899999,-70.1165954259999,0
			-20.2458019609999,-70.1167490019999,0
			-20.2452733269999,-70.116762712,0
			-20.2450415539999,-70.116848577,0
			-20.2448925309999,-70.116899976,0
			-20.244856511,-70.117372303,0
			-20.2447883,-70.1177043319999,0
			-20.2445383489999,-70.1180525489999,0
			-20.2444704719999,-70.118332117,0
			-20.244088856,-70.1186093579999,0
			-20.2437741519998,-70.1187470909999,0
			-20.2435084009999,-70.118972696,0
			-20.2430761909999,-70.1194071209999,0
			-20.2428776499999,-70.119458244,0
			-20.2425458819999,-70.11968337,0
			-20.2422482389999,-70.119733703,0
			-20.2419013049999,-70.119748783,0
			-20.2415214009999,-70.1197460619998,0
			-20.2411818549999,-70.119681989,0
			-20.240501363,-70.1194603549999,0
			-20.2396166859999,-70.119165037,0
			-20.238676826,-70.1188648559999,0
			-20.2386680399999,-70.118873026,0
			-20.2379156449999,-70.1185748199999,0
			-20.237370101,-70.1185709139999,0
			-20.2368927969999,-70.1185675,0
			-20.2358007829999,-70.118704212,0
			-20.2350502069999,-70.118771064,0
			-20.233206771,-70.119119148,0
			-20.231909801,-70.1193266099999,0
			-20.2319694469999,-70.109934642,0
			-20.2057103879999,-70.1106152259999,0
			-20.2050971309999,-70.1105385889999,0
			-20.193373704,-70.1095887019999,0
			-20.1801505339998,-70.108556199,0
			-20.1722444719999,-70.1078503259999,0
			-20.1712225209999,-70.107698638,0
			-20.1604461379998,-70.114841309,0
			-20.16041562,-70.114821654,0
			-20.1547250469999,-70.118667036,0
			-20.153908594,-70.1183723949999,0
			-20.146125851,-70.1154285549999,0
			-20.136439111,-70.111605093,0
			-20.1270788169998,-70.107900016,0
			-20.1164120779998,-70.1037240719999,0
			-20.1145615539999,-70.103018004,0
			-20.112763844,-70.1026011529999,0
			-20.110910142,-70.102414918,0
			-20.1099295669999,-70.1021769769998,0
			-20.1085118889999,-70.1020515519999,0
			-20.1068214649999,-70.101924223,0
			-20.105894071,-70.10191773,0
			-20.1047505739999,-70.1015632419999,0
			-20.103442424,-70.1013808519999,0
			-20.1022425749999,-70.1013146339999,0
			-20.101152901,-70.101076029,0
			-20.099572295,-70.1008339969998,0
			-20.0988085429999,-70.1008286579999,0
			-20.097662955,-70.1008206499999,0
			-20.0954291319999,-70.1003430119999,0
			-20.0936840829999,-70.100215334,0
			-20.0915041599999,-70.0998536559999,0
			-20.089705281,-70.099610055,0
			-20.087251459,-70.0994197099999,0
			-20.0853434809999,-70.0991754389999,0
			-20.083701038,-70.0913106289998,0
			-20.0836688889999,-70.0912911339999,0
			-20.0796335599999,-70.100470726,0
			-20.067036021,-70.123802428,0
			-20.0605678709999,-70.1344089199999,0
			-20.0605602629999,-70.1344213949998,0
			-20.0605267519999,-70.1343182849999,0
			-20.060523625,-70.134297615,0
			-20.0605177529999,-70.134277023,0
			-20.060496762,-70.1342443729999,0
			-20.060482613,-70.1342273479999,0
			-20.0604755349999,-70.1342078049999,0
			-20.060470655,-70.1341884899999,0
			-20.0604705569999,-70.1341683169999,0
			-20.060484774,-70.1341282819999,0
			-20.060492106,-70.1341090569999,0
			-20.0604965709999,-70.1340903509999,0
			-20.0604915319999,-70.134070024,0
			-20.060483586,-70.134048765,0
			-20.060481415,-70.134027921,0
			-20.0604897679999,-70.13398936,0
			-20.0604958479999,-70.133947671,0
			-20.0605025959999,-70.1339052359999,0
			-20.0605048239998,-70.13388485,0
			-20.0604927129999,-70.1338670439999,0
			-20.0604792149999,-70.133854072,0
			-20.0604625439999,-70.133845831,0
			-20.060444865,-70.1338411039999,0
			-20.060426986,-70.133833914,0
			-20.0604117399999,-70.1338222959999,0
			-20.0603946169999,-70.133812472,0
			-20.0603542049999,-70.1337985159999,0
			-20.0603310359999,-70.1337847229999,0
			-20.0603209169999,-70.133778698,0
			-20.0602916829999,-70.133751069,0
			-20.0602608129999,-70.1337291489999,0
			-20.060245187,-70.133718847,0
			-20.0602087789999,-70.1337004239999,0
			-20.0601923219999,-70.1336898549999,0
			-20.0601516999999,-70.1336892589999,0
			-20.0601062099999,-70.133691415,0
			-20.0600646659998,-70.1336924439999,0
			-20.0600442669999,-70.133694035,0
			-20.0600234669999,-70.133690703,0
			-20.0600046679999,-70.1336851379999,0
			-20.059986465,-70.133675924,0
			-20.0599730929999,-70.1336625109998,0
			-20.0599713719999,-70.1336432529999,0
			-20.0599738879999,-70.133623439,0
			-20.059980518,-70.1336035089998,0
			-20.059990215,-70.133585524,0
			-20.0600044679999,-70.1335469429999,0
			-20.060027417,-70.133515954,0
			-20.0600432489999,-70.133501859,0
			-20.0600828749999,-70.1334901449999,0
			-20.060100587,-70.1334852889999,0
			-20.060120028,-70.1334728369999,0
			-20.0601302299999,-70.133453096,0
			-20.0601352349999,-70.133434082,0
			-20.060136762,-70.1334129909999,0
			-20.0601206549999,-70.1333727969999,0
			-20.0601126199999,-70.1333534269999,0
			-20.060132954,-70.1333220769999,0
			-20.0601481539999,-70.133310178,0
			-20.060186426,-70.13329371,0
			-20.0602043549999,-70.1332865249999,0
			-20.06022042,-70.133276345,0
			-20.0602340519998,-70.1332620239999,0
			-20.0602395999999,-70.133242705,0
			-20.0602408629999,-70.133232757,0
			-20.0602281189999,-70.1331848189998,0
			-20.0602159589999,-70.133170352,0
			-20.060195915,-70.1331643859999,0
			-20.0601752989999,-70.1331683069999,0
			-20.060156326,-70.1331775539999,0
			-20.0601192439999,-70.13318673,0
			-20.0601010429999,-70.1331885509999,0
			-20.0600651,-70.133204808,0
			-20.0600462529999,-70.133213615,0
			-20.060030873,-70.133229291,0
			-20.0600126519999,-70.1332248709999,0
			-20.0600004519999,-70.133208955,0
			-20.0600097699999,-70.1331922899999,0
			-20.0600158579999,-70.133172664,0
			-20.0600261359999,-70.1331558269999,0
			-20.0600397659999,-70.1331415029999,0
			-20.060047966,-70.133123998,0
			-20.0600628779999,-70.1331115289999,0
			-20.0600804269999,-70.1331056609999,0
			-20.060096083,-70.1330953469999,0
			-20.0601104689999,-70.1330783919999,0
			-20.0601207079999,-70.1330601019999,0
			-20.060148511,-70.1330311529999,0
			-20.060175521,-70.133003391,0
			-20.060203975,-70.132978489,0
			-20.060220656,-70.1329709039999,0
			-20.060240429,-70.1329336169999,0
			-20.060251939,-70.1328951129998,0
			-20.0602594279999,-70.1328548339999,0
			-20.060260447,-70.1328354999999,0
			-20.060259392,-70.132815495,0
			-20.0602481199999,-70.1327711009999,0
			-20.060236846,-70.132726707,0
			-20.0602320929999,-70.1327069539999,0
			-20.0602216779999,-70.1326911339999,0
			-20.06019378,-70.1326620159999,0
			-20.0601621819999,-70.1326331499999,0
			-20.0601278129999,-70.1326139429999,0
			-20.0601085979999,-70.1326082419999,0
			-20.060069379,-70.1325980259999,0
			-20.06002947,-70.132582316,0
			-20.0600118439999,-70.1325742479999,0
			-20.0599961459999,-70.1325610439998,0
			-20.0599773649999,-70.1325506869999,0
			-20.0599565809999,-70.1325425639999,0
			-20.0599402639999,-70.1325329259999,0
			-20.0598186669998,-70.1323656149999,0
			-20.0597756279999,-70.132306397,0
			-20.0596598579999,-70.1322202979999,0
			-20.0596318379999,-70.132107665,0
			-20.059622396,-70.1320868829999,0
			-20.0596181839999,-70.1320668229999,0
			-20.0596265019999,-70.1320268119999,0
			-20.059630264,-70.1320073989999,0
			-20.0596258009999,-70.131988217,0
			-20.059608144,-70.131951842,0
			-20.0595964469999,-70.1319341709999,0
			-20.0595794499999,-70.1319239109999,0
			-20.0595603119999,-70.1319211109999,0
			-20.0595409049999,-70.131923984,0
			-20.0595216049999,-70.1319312049999,0
			-20.059503601,-70.1319244549999,0
			-20.059493151,-70.131907185,0
			-20.05948003,-70.131892895,0
			-20.0594713629999,-70.1318757179999,0
			-20.059476785,-70.1318568389999,0
			-20.0594708269999,-70.131838135,0
			-20.0594571809999,-70.1318193579999,0
			-20.059455584,-70.1317996619999,0
			-20.059458391,-70.1317804189999,0
			-20.0594471089999,-70.131762882,0
			-20.059438444,-70.1317457059999,0
			-20.0594234489999,-70.1317332099999,0
			-20.0594063629998,-70.1317248369999,0
			-20.0593671319999,-70.1317304459999,0
			-20.059334366,-70.1317530009999,0
			-20.059318876,-70.131764328,0
			-20.0593057859999,-70.1317783429999,0
			-20.0592883629999,-70.1317837729998,0
			-20.0592701799999,-70.1317807999999,0
			-20.0592348009999,-70.1317651059999,0
			-20.0592181279999,-70.1317568649999,0
			-20.059206145,-70.1317386219999,0
			-20.0592003979999,-70.1317175899999,0
			-20.0592134899999,-70.1317035759999,0
			-20.059240861,-70.131679284,0
			-20.0592518389999,-70.131663152,0
			-20.0592594629999,-70.1316445009999,0
			-20.0592740499999,-70.131630007,0
			-20.0592906199998,-70.1316180699999,0
			-20.0592962939999,-70.1315983109999,0
			-20.0592867989999,-70.1315808699998,0
			-20.059270865,-70.1315637539999,0
			-20.0592590799999,-70.1315479749999,0
			-20.059241022,-70.1315445639999,0
			-20.0592126569999,-70.1315675769999,0
			-20.0592002709999,-70.1315822989999,0
			-20.059182887,-70.131589176,0
			-20.0591658879998,-70.131578914,0
			-20.0591644199999,-70.131558777,0
			-20.0591899689999,-70.1315329399999,0
			-20.059206162,-70.131522322,0
			-20.059212702,-70.131504282,0
			-20.059215761,-70.1314841619999,0
			-20.059203182,-70.1314695649999,0
			-20.0591683059999,-70.1314521139999,0
			-20.0591307089999,-70.131440982,0
			-20.0591125259999,-70.1314380109999,0
			-20.059093606,-70.131443917,0
			-20.059073471,-70.13147773,0
			-20.059057975,-70.1315159119999,0
			-20.05904136,-70.1315532529999,0
			-20.0590242919998,-70.131589011,0
			-20.059016507,-70.1316066509999,0
			-20.0590052749999,-70.131623663,0
			-20.0589749849999,-70.1316518089999,0
			-20.058946603,-70.131679612,0
			-20.0589326479999,-70.1316919099999,0
			-20.058896198,-70.1317099249999,0
			-20.0588569879999,-70.1317217749998,0
			-20.0588386089999,-70.131727376,0
			-20.0588256819999,-70.1317424019999,0
			-20.0588158199999,-70.1317593749999,0
			-20.0588084359998,-70.1317819399999,0
			-20.0587797809999,-70.1318043779999,0
			-20.058760574,-70.1318097139999,0
			-20.058724421,-70.131801443,0
			-20.05870712,-70.131795401,0
			-20.0586905749998,-70.131786721,0
			-20.0586784029999,-70.131750191,0
			-20.0586689609999,-70.1317294109999,0
			-20.0586560569999,-70.1317127889999,0
			-20.058638553,-70.1317042849999,0
			-20.058617941,-70.1316703159999,0
			-20.0586092089999,-70.131654887,0
			-20.0585951629999,-70.131637572,0
			-20.0585895439999,-70.1316161,0
			-20.0586032639999,-70.131599889,0
			-20.058610346,-70.1315815419999,0
			-20.0586151539999,-70.131560066,0
			-20.058598127,-70.131521499,0
			-20.0585867569999,-70.1315058519999,0
			-20.058577476,-70.1314860809999,0
			-20.058546313,-70.131463587,0
			-20.058527694,-70.1314542419999,0
			-20.058518325,-70.1314363609999,0
			-20.0585059249999,-70.1314179849999,0
			-20.0584755949999,-70.131444683,0
			-20.0584618389999,-70.1314594419999,0
			-20.058445481,-70.1314690509999,0
			-20.058424467,-70.1314680469999,0
			-20.0584064619999,-70.1314612969999,0
			-20.0583897179999,-70.131450158,0
			-20.058387141,-70.131413357,0
			-20.05839186,-70.131393771,0
			-20.0583828329999,-70.131373122,0
			-20.0583706679998,-70.1313586589999,0
			-20.058333757,-70.131353025,0
			-20.0582952629998,-70.131349756,0
			-20.0582575989999,-70.131346756,0
			-20.058236962,-70.1313444359999,0
			-20.0582181259999,-70.1313374189999,0
			-20.058195988,-70.1313245429999,0
			-20.0581846179998,-70.131308898,0
			-20.058169118,-70.131298156,0
			-20.0581441229999,-70.1312699729999,0
			-20.0581185319999,-70.1312344059999,0
			-20.0580929199999,-70.131203628,0
			-20.0580639029999,-70.131173673,0
			-20.0580486189999,-70.1311606049999,0
			-20.0580135069999,-70.131139241,0
			-20.0579956079999,-70.1311258099999,0
			-20.057975869,-70.1311156259999,0
			-20.0579359089999,-70.1311032529999,0
			-20.0578949389998,-70.131094393,0
			-20.057875349,-70.13109001,0
			-20.0578327249999,-70.1310916529999,0
			-20.0577902489999,-70.1310990939999,0
			-20.057768965,-70.13110376,0
			-20.0577520679999,-70.131113673,0
			-20.0577461409999,-70.1311343079999,0
			-20.0577387729999,-70.131152083,0
			-20.0577251779999,-70.1311678559999,0
			-20.0577050649999,-70.1311700189999,0
			-20.0576892039999,-70.1311558079999,0
			-20.0576811439999,-70.1311191619999,0
			-20.0576817489999,-70.131099691,0
			-20.057688668,-70.1310803329999,0
			-20.0576924279999,-70.131060922,0
			-20.0576898409999,-70.1310399449998,0
			-20.0576775509999,-70.1310259199999,0
			-20.0576620529998,-70.1310151799999,0
			-20.0576481379999,-70.131002071,0
			-20.057613604,-70.130981854,0
			-20.0575765629999,-70.130965626,0
			-20.057538318,-70.130950448,0
			-20.057501857,-70.130935364,0
			-20.0574647309999,-70.13093206,0
			-20.0574223589999,-70.1309328199999,0
			-20.0574035449999,-70.130932044,0
			-20.0573638229999,-70.130923587,0
			-20.0573429849999,-70.1309188029999,0
			-20.057300308,-70.1309237829999,0
			-20.057278321,-70.1309277459999,0
			-20.0572396319999,-70.1309330459999,0
			-20.0572197549999,-70.130939126,0
			-20.057200059,-70.1309414249999,0
			-20.0571800579999,-70.1309479409999,0
			-20.0571383789999,-70.1309652329999,0
			-20.0571016219999,-70.1309764319999,0
			-20.0570646649999,-70.1309851699999,0
			-20.0570479429999,-70.1309909849999,0
			-20.056950678,-70.13102381,0
			-20.0569120089999,-70.131035356,0
			-20.0568881249998,-70.1310445099999,0
			-20.0568733769999,-70.1310483509999,0
			-20.0568574349999,-70.1310580909999,0
			-20.056841568,-70.131070735,0
			-20.0568069939999,-70.1310869539999,0
			-20.056793038,-70.1310992529999,0
			-20.0567760669999,-70.131106265,0
			-20.056758009,-70.1311028539999,0
			-20.0567422579999,-70.1310929919999,0
			-20.0567250249999,-70.1310788169999,0
			-20.0567078669999,-70.131067542,0
			-20.0566780379999,-70.1310435629999,0
			-20.0566620509999,-70.131029788,0
			-20.0566462999999,-70.131019927,0
			-20.0566180299999,-70.131008373,0
			-20.0566077619999,-70.131004175,0
			-20.0565694789998,-70.1309875469998,0
			-20.056531519,-70.130972941,0
			-20.056492604,-70.1309585099999,0
			-20.056451689,-70.1309463099999,0
			-20.056414344,-70.130934301,0
			-20.0563959249999,-70.1309274179999,0
			-20.0563609609998,-70.1309118569999,0
			-20.0563397969999,-70.1309050519999,0
			-20.0563211049999,-70.1308928029998,0
			-20.0563005929999,-70.130890043,0
			-20.056279074,-70.1308907969998,0
			-20.0562583639999,-70.1308855779999,0
			-20.0562490839999,-70.1309036939999,0
			-20.056251093,-70.1309235259999,0
			-20.0562599199999,-70.130941712,0
			-20.0562716319999,-70.1309647729999,0
			-20.056273591,-70.1309777599998,0
			-20.0562471389998,-70.1310004289999,0
			-20.0562270279999,-70.1310025939999,0
			-20.0562071849999,-70.130999091,0
			-20.056170611,-70.130979654,0
			-20.0561537419998,-70.130968953,0
			-20.0561368179999,-70.130961594,0
			-20.0561184729999,-70.1309576119999,0
			-20.0560915889999,-70.1309849369999,0
			-20.056076011,-70.1309981519999,0
			-20.0560412979999,-70.130981713,0
			-20.056013848,-70.1309541799999,0
			-20.0560069329999,-70.130935649,0
			-20.055995417,-70.130930007,0
			-20.0559718559999,-70.130915737,0
			-20.0559603249999,-70.130899078,0
			-20.0559467889999,-70.1308846539999,0
			-20.0559285149998,-70.1308835739999,0
			-20.055890435,-70.1308804409999,0
			-20.055850638,-70.13086908,0
			-20.0558149329999,-70.130851364,0
			-20.0557965649999,-70.130841139,0
			-20.055759184,-70.1308276799999,0
			-20.0557255319998,-70.130804387,0
			-20.0557108059999,-70.130786223,0
			-20.055700283,-70.130766051,0
			-20.0557236089999,-70.130733747,0
			-20.055739966,-70.1307241379999,0
			-20.0557524419999,-70.1307075259999,0
			-20.055768384,-70.1306977859999,0
			-20.0557868879999,-70.1306917479999,0
			-20.0557926889999,-70.13067155,0
			-20.0557956199999,-70.1306518719999,0
			-20.0557835839999,-70.130636967,0
			-20.0557517309999,-70.130608981,0
			-20.0557212729999,-70.1305871939999,0
			-20.0556827749999,-70.130572897,0
			-20.0556605309999,-70.1305667009999,0
			-20.055621962,-70.1305605319999,0
			-20.05558,-70.1305503949999,0
			-20.055557667,-70.130546091,0
			-20.0555185419998,-70.1305450179999,0
			-20.0554982289999,-70.130544722,0
			-20.055454593,-70.1305388419999,0
			-20.0554322959999,-70.130535989,0
			-20.0553821869999,-70.1305400169999,0
			-20.0553385179999,-70.1305437199999,0
			-20.055292311,-70.1305460889999,0
			-20.055261264,-70.1305538859999,0
			-20.0552425439999,-70.1305622549999,0
			-20.055224186,-70.130574095,0
			-20.0552091949999,-70.1306105209998,0
			-20.0552117469999,-70.1306300439999,0
			-20.055219114,-70.1306501609999,0
			-20.055233443,-70.1306633999999,0
			-20.055230095,-70.130682947,0
			-20.0552220959999,-70.1307029159999,0
			-20.05521153,-70.130719182,0
			-20.0551718689999,-70.1307294479999,0
			-20.055154031,-70.1307347429999,0
			-20.0551328359998,-70.1307375189999,0
			-20.055091815,-70.1307319999999,0
			-20.0550525959999,-70.130721787,0
			-20.05503268,-70.130715381,0
			-20.0549951579999,-70.1307071509999,0
			-20.054974031,-70.130701796,0
			-20.0549377269999,-70.130676692,0
			-20.0549238139999,-70.1306635839999,0
			-20.0549151489999,-70.1306464109999,0
			-20.054891074,-70.1306166049999,0
			-20.0548802079999,-70.1305992009999,0
			-20.0548508839998,-70.1305734659999,0
			-20.0548123839999,-70.1305591669999,0
			-20.054775364,-70.1305491789999,0
			-20.0547583139999,-70.1305422579999,0
			-20.054739465,-70.1305400319999,0
			-20.0547227819999,-70.1305476169999,0
			-20.054706336,-70.1305591159999,0
			-20.054687938,-70.130558473,0
			-20.054667804,-70.130554397,0
			-20.0546304329999,-70.130563001,0
			-20.0546123439999,-70.130569174,0
			-20.0545781689999,-70.1305903179999,0
			-20.0545623899999,-70.1306010719999,0
			-20.054542301,-70.1306094759999,0
			-20.054501467,-70.1306222429999,0
			-20.0544825089999,-70.1306266989998,0
			-20.0544643629999,-70.13062518,0
			-20.0544280729999,-70.130633172,0
			-20.0543918409999,-70.130648858,0
			-20.0543756459999,-70.1306594769999,0
			-20.0543720119999,-70.1306784519999,0
			-20.0543642259999,-70.130696089,0
			-20.0543269439999,-70.130702806,0
			-20.0543065069999,-70.1307029489999,0
			-20.0542879599999,-70.1306965039999,0
			-20.0542698829999,-70.1306868539999,0
			-20.054236934,-70.1306642679999,0
			-20.0542016219999,-70.1306404419999,0
			-20.0541862119999,-70.1306278129999,0
			-20.054149572,-70.1306165089999,0
			-20.054112969,-70.1306066569999,0
			-20.0540921689999,-70.1306033249999,0
			-20.054072273,-70.1306031619999,0
			-20.0540525769999,-70.1306054599999,0
			-20.054032102,-70.1306041499999,0
			-20.0540108499999,-70.130599237,0
			-20.0539693089999,-70.130600264,0
			-20.053929158,-70.1306074959999,0
			-20.0539085799999,-70.1306128669999,0
			-20.0538955629999,-70.1306297849999,0
			-20.0539083049999,-70.130645393,0
			-20.0539104419999,-70.1306647829999,0
			-20.0538930549999,-70.1306716619999,0
			-20.0538738239999,-70.1306707549999,0
			-20.0538562359999,-70.130664138,0
			-20.0538374529999,-70.1306537789999,0
			-20.053822043,-70.130641152,0
			-20.0537835449998,-70.1306268519999,0
			-20.0537469029999,-70.130615548,0
			-20.053709899,-70.1306007709998,0
			-20.053689694,-70.1305937929999,0
			-20.0536562429999,-70.1305729649998,0
			-20.0536214949999,-70.130555075,0
			-20.053578466,-70.130540759,0
			-20.0535612529999,-70.130532825,0
			-20.053545718,-70.1305206369998,0
			-20.0535063,-70.1305079599999,0
			-20.0534874109999,-70.1305042819999,0
			-20.053465151,-70.1305028799999,0
			-20.0534274329999,-70.13050322,0
			-20.053383072,-70.1304903929998,0
			-20.053347424,-70.1304803679999,0
			-20.0533076639999,-70.130470459,0
			-20.0532879089999,-70.130465065,0
			-20.0532466349999,-70.1304604249999,0
			-20.0532254199999,-70.1304569589999,0
			-20.0531911529998,-70.1304689599999,0
			-20.0531719289999,-70.130479086,0
			-20.0531442149999,-70.130506141,0
			-20.053127322,-70.1305236979999,0
			-20.0530484689999,-70.1305450669999,0
			-20.0529722619999,-70.1305635499999,0
			-20.0529296559999,-70.1305603989999,0
			-20.0528892319999,-70.1305622669999,0
			-20.05286717,-70.1305633259999,0
			-20.0528459929999,-70.1305613099999,0
			-20.0528114059999,-70.1305444349999,0
			-20.0527751609999,-70.1305270229998,0
			-20.0527393649999,-70.1305111949999,0
			-20.0526984659999,-70.130494206,0
			-20.0526704699999,-70.1304855609999,0
			-20.052624911,-70.130466236,0
			-20.052591799,-70.13044264,0
			-20.05257639,-70.1304300099999,0
			-20.052561988,-70.1304138679999,0
			-20.0525234149998,-70.130396667,0
			-20.052483003,-70.130382713,0
			-20.0524444869999,-70.1303732039999,0
			-20.0524067509999,-70.1303673009999,0
			-20.0523881879999,-70.130365651,0
			-20.052347921,-70.1303574979999,0
			-20.052326546,-70.1303530209999,0
			-20.052307315,-70.130352113,0
			-20.0522693099999,-70.1303518819999,0
			-20.0522488709998,-70.1303520209999,0
			-20.0522310699999,-70.130358767,0
			-20.052196405,-70.1303658429999,0
			-20.0521578039999,-70.1303692559999,0
			-20.052118266,-70.130379084,0
			-20.052099238,-70.130380638,0
			-20.0520809659999,-70.1303795579999,0
			-20.052041354,-70.1303864839999,0
			-20.0519964199999,-70.130383544,0
			-20.0519567329999,-70.1303765359999,0
			-20.051918386,-70.1303790699999,0
			-20.0518762699999,-70.130389985,0
			-20.0518360139999,-70.1304039,0
			-20.0517956709999,-70.1304196999999,0
			-20.0517601399999,-70.130436092,0
			-20.0517247029998,-70.130450592,0
			-20.0516886479999,-70.1304624989999,0
			-20.0516546169999,-70.1304784119999,0
			-20.0516391289999,-70.1304897369999,0
			-20.0516257479999,-70.1305031799999,0
			-20.051613812,-70.1305194839999,0
			-20.051600724,-70.1305334979999,0
			-20.051593517,-70.130552283,0
			-20.0515883849999,-70.1305717339999,0
			-20.051586733,-70.1305932669999,0
			-20.051557099,-70.1305986019999,0
			-20.0515401389998,-70.130589791,0
			-20.0515036779999,-70.13057471,0
			-20.0514686739999,-70.130557697,0
			-20.051452925,-70.1305478369999,0
			-20.051434505,-70.1305409559999,0
			-20.0514160149999,-70.1305422009999,0
			-20.051398288,-70.1305518489999,0
			-20.0513769509999,-70.1305598539999,0
			-20.051361335,-70.13057162,0
			-20.0513472009999,-70.130587695,0
			-20.0513320819999,-70.1306245569999,0
			-20.0513274889999,-70.130643703,0
			-20.05131978,-70.1306642439998,0
			-20.0513104959999,-70.130682361,0
			-20.0512978209999,-70.1306965089999,0
			-20.0513090659999,-70.1307125969999,0
			-20.0513076319999,-70.1307317979999,0
			-20.0513131769999,-70.1307503659999,0
			-20.0513235929999,-70.1307661869999,0
			-20.0513254769999,-70.1307864549999,0
			-20.0513105649999,-70.1307989229999,0
			-20.0512920429998,-70.130809754,0
			-20.051276968,-70.1308212129999,0
			-20.0512575439999,-70.1308288739999,0
			-20.0512379009999,-70.130827833,0
			-20.0512202209998,-70.130823106,0
			-20.0512049019999,-70.130808589,0
			-20.0512107359999,-70.1307898409999,0
			-20.0512261539999,-70.1307756159999,0
			-20.051237257,-70.1307590439999,0
			-20.0512244249998,-70.130745326,0
			-20.051205145,-70.130747758,0
			-20.0512082019999,-70.130727639,0
			-20.051215535,-70.1307084159999,0
			-20.051217639,-70.130688471,0
			-20.0511878139999,-70.1307134099999,0
			-20.0511740919998,-70.1307296189999,0
			-20.0511558729999,-70.1307251969999,0
			-20.0511368429999,-70.1307267509999,0
			-20.0511192529999,-70.1307201369999,0
			-20.0511225999999,-70.1307005899999,0
			-20.0511337409999,-70.1306854689999,0
			-20.0511545429999,-70.130650913,0
			-20.051169092,-70.130634969,0
			-20.0511691199999,-70.1306143579999,0
			-20.051151009,-70.1306142889999,0
			-20.0511410239999,-70.1306316979999,0
			-20.0511258599999,-70.1306450469999,0
			-20.051106212,-70.1306818919999,0
			-20.0510862039999,-70.1307152649999,0
			-20.0510772989998,-70.1307320629999,0
			-20.051058901,-70.130731423,0
			-20.0510385159999,-70.130728225,0
			-20.051022287,-70.1307373929999,0
			-20.0509836799999,-70.1307297749999,0
			-20.0509464469999,-70.1307221169999,0
			-20.0509259879999,-70.1307160149998,0
			-20.050891056,-70.130690875,0
			-20.0508643639999,-70.13066071,0
			-20.0508534099999,-70.1306451969999,0
			-20.050821433,-70.1306176479999,0
			-20.0508043259999,-70.1306030359999,0
			-20.050793423,-70.1305841829999,0
			-20.0507962289999,-70.130564942,0
			-20.050830044,-70.1305513579999,0
			-20.0508482819999,-70.1305509869999,0
			-20.0508671319999,-70.1305532119999,0
			-20.0508843069999,-70.130559695,0
			-20.0509133059999,-70.1305834089999,0
			-20.050928841,-70.1305955989998,0
			-20.0509400859999,-70.1306116839999,0
			-20.050957497,-70.130622078,0
			-20.050976186,-70.1306232919999,0
			-20.0509954299999,-70.13061941,0
			-20.0510043349999,-70.13060261,0
			-20.0509896289998,-70.130590685,0
			-20.050985592,-70.1305558169999,0
			-20.0509923829999,-70.1305368989999,0
			-20.0510076729999,-70.1305231119999,0
			-20.0510162889999,-70.1305057399999,0
			-20.0510146569999,-70.130484592,0
			-20.051019122,-70.1304658859999,0
			-20.0510326789999,-70.1304486629999,0
			-20.051065282,-70.1304250989999,0
			-20.0510830469999,-70.130416903,0
			-20.0510962619999,-70.1304024479999,0
			-20.051096451,-70.1303829559999,0
			-20.0510871719999,-70.1303630749999,0
			-20.0510762159999,-70.1303475639999,0
			-20.0510601389999,-70.1303356779998,0
			-20.0510432169999,-70.1303283169999,0
			-20.051023373,-70.1303248149999,0
			-20.051003765,-70.1303252229999,0
			-20.050967471,-70.130322184,0
			-20.0509488889999,-70.1303142909999,0
			-20.0509142289999,-70.130294512,0
			-20.050878471,-70.130280136,0
			-20.0508432179999,-70.1302640029999,0
			-20.0508080509999,-70.1302459809999,0
			-20.05076901,-70.1302319879999,0
			-20.050732406,-70.1302221359999,0
			-20.050715232,-70.1302156529999,0
			-20.050699481,-70.130205791,0
			-20.0507029539999,-70.130185808,0
			-20.0507161099999,-70.1301627289999,0
			-20.0507221309999,-70.1301521659999,0
			-20.0507329359999,-70.1301129579999,0
			-20.0507370769999,-70.1300922289998,0
			-20.0507304139999,-70.1300728189999,0
			-20.0507134539999,-70.1300640099999,0
			-20.0507002059999,-70.1300501589999,0
			-20.0506940839998,-70.130030447,0
			-20.050690701,-70.1300106519998,0
			-20.0506787899999,-70.1299953119999,0
			-20.0506618469999,-70.1299817109999,0
			-20.0506342349999,-70.129953171,0
			-20.0506167509999,-70.129939873,0
			-20.050607003,-70.12992331,0
			-20.050600501,-70.129904913,0
			-20.050573593,-70.129877076,0
			-20.0505569769999,-70.1298654969999,0
			-20.05053935,-70.1298574329999,0
			-20.0505119369998,-70.1298313539999,0
			-20.0504981679999,-70.1298130149999,0
			-20.0504640849999,-70.1297943819999,0
			-20.0504431729999,-70.129786698,0
			-20.0504030829999,-70.1297637349999,0
			-20.0503673389999,-70.1297445679999,0
			-20.0503511749999,-70.1297345739998,0
			-20.050324267,-70.1297067369999,0
			-20.0503139789999,-70.1296904809999,0
			-20.05030627,-70.1296731319999,0
			-20.050289311,-70.129664321,0
			-20.0502704219999,-70.1296606479999,0
			-20.0502531619999,-70.1296670849999,0
			-20.050237367,-70.1296826289999,0
			-20.0502200539999,-70.12969241,0
			-20.050198877,-70.129690394,0
			-20.0502090159998,-70.129651929,0
			-20.050216927,-70.1296338519999,0
			-20.0502208139999,-70.1296139999999,0
			-20.0501860109999,-70.1295994509999,0
			-20.0501644189999,-70.1295973039999,0
			-20.0501253039999,-70.1295804089999,0
			-20.0500901549999,-70.1295575969999,0
			-20.0500571709999,-70.1295335619999,0
			-20.0500384789999,-70.129521317,0
			-20.0498922089999,-70.1294761549998,0
			-20.0498140709999,-70.129452031,0
			-20.0497744349999,-70.1294416839999,0
			-20.049736062,-70.129426946,0
			-20.049699636,-70.129413314,0
			-20.0496620769999,-70.129403635,0
			-20.049621396,-70.1293953489998,0
			-20.0495987739999,-70.129390471,0
			-20.0495694499999,-70.1293647379999,0
			-20.0495534629999,-70.129350963,0
			-20.0495140799999,-70.1293397369998,0
			-20.0494931549999,-70.1293368459999,0
			-20.0494783209999,-70.129325361,0
			-20.0494621329999,-70.129309124,0
			-20.0494520609999,-70.129290538,0
			-20.0494446019999,-70.1292723149999,0
			-20.049433485,-70.1292557899999,0
			-20.049403508,-70.1292260099999,0
			-20.0493746179999,-70.1291956149999,0
			-20.049345457,-70.129170894,0
			-20.0493266899999,-70.1291557449999,0
			-20.0493096929999,-70.1291454849999,0
			-20.0492927139999,-70.1291304329999,0
			-20.0492572229999,-70.1291103889999,0
			-20.049221265,-70.1290935489999,0
			-20.049184424,-70.129079786,0
			-20.0491485399999,-70.129065848,0
			-20.049114747,-70.1290477879999,0
			-20.049077235,-70.129023734,0
			-20.0490352159999,-70.1290059059999,0
			-20.04901319,-70.1289973839999,0
			-20.048973911,-70.1289794799999,0
			-20.0489321069999,-70.128959322,0
			-20.0489149819999,-70.1289495,0
			-20.048879766,-70.1289348189998,0
			-20.0488371539999,-70.128920635,0
			-20.04879606,-70.1289122149999,0
			-20.0487563199999,-70.128908549,0
			-20.0487382979998,-70.128906593,0
			-20.048719578,-70.12891496,0
			-20.0487140299999,-70.1289342769999,0
			-20.0487015539999,-70.1289508879999,0
			-20.0486830839999,-70.128947346,0
			-20.048665205,-70.128940158,0
			-20.048645469,-70.128941007,0
			-20.048654262,-70.1289577409999,0
			-20.0486764099999,-70.128992679,0
			-20.048687602,-70.1290121039999,0
			-20.0486906429999,-70.1290346629999,0
			-20.048677265,-70.129048106,0
			-20.0486551819999,-70.1290808089999,0
			-20.0486432099999,-70.129095665,0
			-20.0486255179999,-70.1291067599999,0
			-20.0486074089999,-70.1291066939999,0
			-20.0485898539999,-70.1291015269999,0
			-20.0485788999999,-70.1290860129999,0
			-20.0485721079999,-70.129067046,0
			-20.0485604489999,-70.1290508269999,0
			-20.048532117,-70.129026371,0
			-20.0485196289999,-70.1290098849999,0
			-20.048512295,-70.128991222,0
			-20.0484959579999,-70.1289581509999,0
			-20.0484935319999,-70.12893819,0
			-20.0484979599999,-70.1289180299999,0
			-20.048486426,-70.128901373,0
			-20.0484677749999,-70.1289016109999,0
			-20.04845123,-70.128892933,0
			-20.048438398,-70.1288792149999,0
			-20.048430238,-70.128860285,0
			-20.0484123589999,-70.1288530969999,0
			-20.0483983499998,-70.128868735,0
			-20.0484024339999,-70.1288892319999,0
			-20.048411679,-70.1289075509999,0
			-20.0484108219999,-70.128927898,0
			-20.0484205699999,-70.1289444609999,0
			-20.0484109089999,-70.1289638949999,0
			-20.0483923319999,-70.128967033,0
			-20.0483733179999,-70.1289637949999,0
			-20.0483580339999,-70.128950727,0
			-20.0483452039999,-70.1289370089999,0
			-20.0483105339999,-70.128944087,0
			-20.048293712,-70.128956902,0
			-20.0482726579999,-70.1289544459999,0
			-20.048279389,-70.1289168059999,0
			-20.0482902049999,-70.1288996639998,0
			-20.048296706,-70.1288801739999,0
			-20.048292659,-70.1288611259999,0
			-20.0482939299999,-70.128840913,0
			-20.0483017149999,-70.1288232739999,0
			-20.0483067229999,-70.1288042609999,0
			-20.0483014289998,-70.1287848149998,0
			-20.0482911029999,-70.128767107,0
			-20.0482835179999,-70.1287493239998,0
			-20.048281597,-70.128727602,0
			-20.0482753119999,-70.1287068789999,0
			-20.0482651479999,-70.1286901819999,0
			-20.0482531099999,-70.1286752799999,0
			-20.0482310869999,-70.1286399049999,0
			-20.048208001,-70.1286003469999,0
			-20.048196934,-70.1285804839999,0
			-20.0481730359999,-70.128546903,0
			-20.04815332,-70.128505073,0
			-20.0481437869999,-70.1284861819999,0
			-20.0481201419999,-70.128451721,0
			-20.0480924759999,-70.1284154889999,0
			-20.0480809769999,-70.1284002819999,0
			-20.048066234,-70.1283869069999,0
			-20.048032421,-70.128362607,0
			-20.0480011079999,-70.128334316,0
			-20.04798532,-70.1283222239999,0
			-20.0479567519999,-70.1282891179999,0
			-20.047943501,-70.1282731069999,0
			-20.04793172,-70.1282533739999,0
			-20.0479036389999,-70.1282158109999,0
			-20.0478938459999,-70.1281988139999,0
			-20.047880375,-70.128183569,0
			-20.047878409,-70.128162796,0
			-20.047867308,-70.1281462179999,0
			-20.0478524169999,-70.128131777,0
			-20.0478363309999,-70.1280938749999,0
			-20.047814678,-70.1280587949999,0
			-20.047789931,-70.1280248209999,0
			-20.0477647739999,-70.12799365,0
			-20.0477372319999,-70.1279583579999,0
			-20.0477103869999,-70.127931684,0
			-20.0476779269999,-70.1279107539999,0
			-20.0476415539999,-70.127896543,0
			-20.0476223119999,-70.127890354,0
			-20.047601207,-70.1278865059999,0
			-20.0475612609999,-70.127887508,0
			-20.047520821,-70.1278833179999,0
			-20.0474827809999,-70.1278790559999,0
			-20.0474448829999,-70.127875683,0
			-20.0474062119999,-70.127874998,0
			-20.0473836099999,-70.1278736049999,0
			-20.047345078,-70.127864154,0
			-20.047324384,-70.1278574979999,0
			-20.0472836779999,-70.1278569989999,0
			-20.0472454819999,-70.127856046,0
			-20.0472055649999,-70.1278583169998,0
			-20.047168443,-70.127861906,0
			-20.0471373889999,-70.127864389,0
			-20.0470260719999,-70.1278853659999,0
			-20.0469875299999,-70.127889759,0
			-20.0469459589999,-70.1278977919999,0
			-20.046926895,-70.1279034119999,0
			-20.0469086819999,-70.1279046889999,0
			-20.0468704669999,-70.1278982749999,0
			-20.046830483,-70.1278883559999,0
			-20.0467892209999,-70.127873829,0
			-20.046770528,-70.127865721,0
			-20.0467310809999,-70.1278580739999,0
			-20.0466931349999,-70.127847968,0
			-20.046652455,-70.1278390849999,0
			-20.046616688,-70.1278296809999,0
			-20.0465997009999,-70.1278225419999,0
			-20.046560996,-70.127820587,0
			-20.046523008,-70.1278230579999,0
			-20.0464847179999,-70.127827952,0
			-20.0464632219999,-70.1278323699999,0
			-20.0464212719999,-70.1278348259999,0
			-20.0464004069999,-70.1278356699999,0
			-20.0463607709999,-70.127830058,0
			-20.046319909,-70.1278328669999,0
			-20.0463007479999,-70.1278346759999,0
			-20.0462621709999,-70.1278281459999,0
			-20.0462410009999,-70.1278217619999,0
			-20.046220831,-70.1278215669999,0
			-20.0462037579999,-70.1278299259999,0
			-20.0461856729999,-70.127836279,0
			-20.0461640139999,-70.1278675029999,0
			-20.0461598469999,-70.1279068659999,0
			-20.0461590199998,-70.1279263229999,0
			-20.0461272229999,-70.127936239,0
			-20.0461096519999,-70.127929751,0
			-20.046093217,-70.1279206899999,0
			-20.046077128,-70.1279062849999,0
			-20.046068217,-70.1278862149999,0
			-20.046054714,-70.127869703,0
			-20.0460384679999,-70.127858606,0
			-20.0460139409999,-70.1278238619999,0
			-20.0460021129999,-70.127807049,0
			-20.045986845,-70.1277966869999,0
			-20.0459685939999,-70.127787043,0
			-20.04595889,-70.1277833199999,0
			-20.04594823,-70.1277792339999,0
			-20.0459265109999,-70.1277747689999,0
			-20.0459083289999,-70.1277773149999,0
			-20.045889992,-70.1277831669999,0
			-20.0458699329999,-70.127792245,0
			-20.04583209,-70.127805254,0
			-20.0458135629999,-70.1278131429999,0
			-20.045793299,-70.1278187969999,0
			-20.04575254,-70.1278350649999,0
			-20.045735796,-70.1278422689999,0
			-20.0457201269999,-70.1278540169998,0
			-20.045681643,-70.1278747919999,0
			-20.0456468629999,-70.1278950789999,0
			-20.045613604,-70.1279183739999,0
			-20.0455782919999,-70.127946046,0
			-20.0455637109999,-70.1279581439999,0
			-20.045550981,-70.1279720939999,0
			-20.0455397209998,-70.127991973,0
			-20.04553479,-70.1280044019999,0
			-20.045523924,-70.128031791,0
			-20.045512198,-70.128071242,0
			-20.0455071859999,-70.1280914509999,0
			-20.045505632,-70.1281106759999,0
			-20.0455065109999,-70.1281310969999,0
			-20.0454924679999,-70.128145467,0
			-20.045472725,-70.1281479309999,0
			-20.0454367799999,-70.1281363719999,0
			-20.045421151,-70.128125891,0
			-20.0453818169999,-70.1281275119999,0
			-20.0453433089999,-70.1281331739999,0
			-20.045323265,-70.1281380569999,0
			-20.045305718,-70.128146683,0
			-20.04529643,-70.128163838,0
			-20.045279276,-70.1281738489999,0
			-20.0452601489999,-70.1281769289999,0
			-20.04522327,-70.128194865,0
			-20.045204192,-70.1282046759999,0
			-20.045171151,-70.1282272029999,0
			-20.0451361199999,-70.1282469889999,0
			-20.045117375,-70.1282556509998,0
			-20.0450974229999,-70.1282546879999,0
			-20.0450767959998,-70.128260226,0
			-20.045062217,-70.128272324,0
			-20.0450511119999,-70.1282888939999,0
			-20.0450533339999,-70.1283101699999,0
			-20.0450600639999,-70.1283295399999,0
			-20.045068944,-70.128348338,0
			-20.0450912289999,-70.1283798429999,0
			-20.0451029139999,-70.128395771,0
			-20.0451132119999,-70.128413768,0
			-20.0451266059999,-70.1284306649999,0
			-20.045133415,-70.128448379,0
			-20.0451435379999,-70.128464223,0
			-20.0451587159999,-70.1284804319999,0
			-20.0451944559999,-70.1284982199999,0
			-20.0452137629999,-70.1285069469999,0
			-20.0452333869999,-70.1285187099999,0
			-20.0452468259999,-70.1285326839999,0
			-20.0452584989999,-70.1285528019998,0
			-20.045266542,-70.1285717539999,0
			-20.0452721069999,-70.1285924269999,0
			-20.0452646319999,-70.128610164,0
			-20.0452495489999,-70.128621262,0
			-20.0452309209999,-70.1286156899999,0
			-20.0452166139999,-70.128600599,0
			-20.0451972609999,-70.1285947959998,0
			-20.0451757759998,-70.128585368,0
			-20.0451555079999,-70.1285813699999,0
			-20.045121958,-70.1285600909999,0
			-20.0450865809999,-70.128542422,0
			-20.045049638,-70.1285246689999,0
			-20.0450161869999,-70.128507198,0
			-20.0450008869998,-70.1284955639999,0
			-20.044979478,-70.1284844849999,0
			-20.044960884,-70.1284801819999,0
			-20.0449392629999,-70.1284795239999,0
			-20.044920963,-70.128472802,0
			-20.0449129219999,-70.12845385,0
			-20.0449210569999,-70.1284338059999,0
			-20.0449361229999,-70.128417251,0
			-20.0449089479999,-70.1283917259999,0
			-20.0448731289999,-70.128375594,0
			-20.0448328589999,-70.1283639049999,0
			-20.0447980179999,-70.128348505,0
			-20.044756343,-70.128333428,0
			-20.0447356489999,-70.128326772,0
			-20.044713326,-70.1283274029999,0
			-20.0446972629999,-70.1283278559999,0
			-20.044657855,-70.1283311289999,0
			-20.044638693,-70.1283329419999,0
			-20.044597638,-70.128328133,0
			-20.044556991,-70.128320521,0
			-20.0445390139999,-70.1283168349999,0
			-20.0445205469999,-70.1283176109999,0
			-20.0444836809999,-70.1283313549999,0
			-20.0444500099999,-70.1283478019998,0
			-20.044430282,-70.1283557269999,0
			-20.0444139979999,-70.1283668559999,0
			-20.0443717379999,-70.1283855789999,0
			-20.0443537959999,-70.1283928189998,0
			-20.0443374809998,-70.1284026769999,0
			-20.0443166919999,-70.1284018669999,0
			-20.0442978109999,-70.1283957969999,0
			-20.0442782699999,-70.128392033,0
			-20.044260515,-70.1283972329999,0
			-20.0442563089999,-70.12841602,0
			-20.0442545669998,-70.1284372829999,0
			-20.0442609039999,-70.1284623659999,0
			-20.0442603619999,-70.1284764909999,0
			-20.044267212,-70.128514783,0
			-20.0442731099999,-70.128534303,0
			-20.0442807549999,-70.1285518669999,0
			-20.0443039409999,-70.128585759,0
			-20.0443152189999,-70.1286044909999,0
			-20.0443232279999,-70.1286221729999,0
			-20.044321517,-70.128644702,0
			-20.0443177079999,-70.1286648779999,0
			-20.0443111659999,-70.128686273,0
			-20.0442752289999,-70.1286940209999,0
			-20.044253354,-70.1286928599999,0
			-20.0442169499999,-70.1286773799999,0
			-20.0441985579999,-70.1286668499999,0
			-20.0441867279999,-70.1286500379999,0
			-20.04415231,-70.1286276399999,0
			-20.044111523,-70.1286191399999,0
			-20.044091114,-70.1286142559999,0
			-20.0440008699999,-70.1285334559999,0
			-20.0439830619999,-70.1285140519999,0
			-20.043965269,-70.128508332,0
			-20.0439599769999,-70.1285267709999,0
			-20.0439756499999,-70.128540351,0
			-20.0439907799999,-70.12855346,0
			-20.0440156209999,-70.1285815899999,0
			-20.0440389809999,-70.128617635,0
			-20.0440496449999,-70.1286357499999,0
			-20.0440586619999,-70.128655436,0
			-20.0440647789999,-70.1286741869999,0
			-20.044053639,-70.1287129859999,0
			-20.0440454389999,-70.128730492,0
			-20.0440131829998,-70.1287461379999,0
			-20.0439920179999,-70.1287494029999,0
			-20.0439730489999,-70.1287491769999,0
			-20.043934216,-70.1287421459999,0
			-20.043913663,-70.128736378,0
			-20.0438968469999,-70.128721738,0
			-20.0438919299999,-70.1287029519999,0
			-20.0438561249999,-70.1286826269999,0
			-20.043837985,-70.1286725959999,0
			-20.0438255079999,-70.1286538999998,0
			-20.0438213959999,-70.128633695,0
			-20.0438129899999,-70.128614625,0
			-20.0438012719999,-70.12859743,0
			-20.0437844809999,-70.128587113,0
			-20.043743924,-70.1285844449999,0
			-20.043724686,-70.128587908,0
			-20.0437057789999,-70.1286058869999,0
			-20.043701577,-70.1286186639999,0
			-20.043698854,-70.1286391899999,0
			-20.0436866599998,-70.128655411,0
			-20.043669302,-70.128662,0
			-20.0436525129999,-70.1286721269998,0
			-20.043631568,-70.128674624,0
			-20.043591948,-70.128664821,0
			-20.0435702079999,-70.1286548939999,0
			-20.043556451,-70.1286408599999,0
			-20.043423086,-70.1286720909999,0
			-20.0433006989999,-70.128700753,0
			-20.0431286709999,-70.1287437069999,0
			-20.0431260679999,-70.128783155,0
			-20.0431306549999,-70.1288030929999,0
			-20.0431323999999,-70.1288246349999,0
			-20.0431190529999,-70.128837967,0
			-20.0431008089998,-70.128837974,0
			-20.0430836779998,-70.1288299489999,0
			-20.0430663429999,-70.1288185,0
			-20.043028363,-70.1288071279999,0
			-20.043011156,-70.128800755,0
			-20.0429904979999,-70.1288050219999,0
			-20.0429710529999,-70.1288050649999,0
			-20.0429526039999,-70.128811302,0
			-20.0429432369999,-70.12883011,0
			-20.0429445079999,-70.128851918,0
			-20.042957616,-70.1288670429999,0
			-20.0429677409999,-70.128882887,0
			-20.0429953279999,-70.128915256,0
			-20.043007599,-70.1289305319999,0
			-20.043021521,-70.128973195,0
			-20.0430269139999,-70.1289917129999,0
			-20.043016457,-70.1290101709999,0
			-20.0429850539999,-70.128988324,0
			-20.0429584309999,-70.1289608819999,0
			-20.0429327689999,-70.1289287089999,0
			-20.0429229109999,-70.1289091759999,0
			-20.042908336,-70.128897776,0
			-20.042887895,-70.128891623,0
			-20.042878275,-70.128909928,0
			-20.0428839169999,-70.1289289489999,0
			-20.0428958589999,-70.1289453759999,0
			-20.042909438,-70.128960234,0
			-20.0429317099999,-70.128995929,0
			-20.0429501899999,-70.1290337629999,0
			-20.04296038,-70.1290521449999,0
			-20.0429519599999,-70.129070419,0
			-20.0429342159998,-70.1290617749999,0
			-20.0429244209999,-70.12904478,0
			-20.0429105109999,-70.129031074,0
			-20.042893997,-70.1290568169999,0
			-20.0428976039999,-70.12907602,0
			-20.042884178,-70.129091005,0
			-20.0428639789999,-70.1290991969999,0
			-20.0428453579999,-70.1291032789999,0
			-20.042825106,-70.1291047409999,0
			-20.0427860689999,-70.129094288,0
			-20.0427644589999,-70.1290894349999,0
			-20.0427229489999,-70.1290903549999,0
			-20.0427044199999,-70.1290885929999,0
			-20.042667385,-70.1290766859999,0
			-20.042648506,-70.1290706149999,0
			-20.0426092239999,-70.1290458149999,0
			-20.0425745679999,-70.1290187249999,0
			-20.0425554159999,-70.1290066919999,0
			-20.042535637,-70.1289982329999,0
			-20.0425140469999,-70.128965695,0
			-20.0425046939999,-70.128947164,0
			-20.042493844,-70.1289310839999,0
			-20.0424898739999,-70.1289117649999,0
			-20.042494555,-70.1288927099999,0
			-20.0425113259999,-70.1288716909999,0
			-20.042519338,-70.1288616529999,0
			-20.042533266,-70.1288476669999,0
			-20.0425489659999,-70.1288371909999,0
			-20.0425791959998,-70.128807888,0
			-20.0425932369999,-70.128793518,0
			-20.042603297,-70.1287736739999,0
			-20.042608593,-70.128755235,0
			-20.042608695,-70.128735547,0
			-20.042574988,-70.128717576,0
			-20.042556141,-70.1287127719999,0
			-20.042539684,-70.128721748,0
			-20.0425243329999,-70.1287365329999,0
			-20.0425070519999,-70.128774619,0
			-20.0425037119999,-70.1287945249999,0
			-20.042477189,-70.1288136929999,0
			-20.042458063,-70.1288167709999,0
			-20.042441019,-70.1288263989998,0
			-20.042404775,-70.128817263,0
			-20.0423859889999,-70.128805348,0
			-20.0423697879999,-70.1287913269999,0
			-20.0423623279999,-70.1287717229998,0
			-20.0423519199999,-70.1287541089999,0
			-20.0423352649999,-70.1287458149999,0
			-20.0423161639999,-70.1287405129999,0
			-20.0422978589999,-70.128747636,0
			-20.0422870399999,-70.1287659769999,0
			-20.042274703,-70.1287813119999,0
			-20.0422579929999,-70.1287897889999,0
			-20.042239507,-70.1287851019999,0
			-20.042228152,-70.128768022,0
			-20.0422354839998,-70.1287494009999,0
			-20.0422409669999,-70.1287289229999,0
			-20.0422533349999,-70.1287148589999,0
			-20.0422693679999,-70.1287032269998,0
			-20.0422880989999,-70.1286987609999,0
			-20.042285691,-70.1286795249999,0
			-20.042269478,-70.1286696929999,0
			-20.042250125,-70.1286638889999,0
			-20.0422090549999,-70.1286632729999,0
			-20.0421689069999,-70.128670504,0
			-20.0421466509999,-70.1286734189999,0
			-20.0421220449999,-70.12867348,0
			-20.0420827789999,-70.1286776389999,0
			-20.0420404769999,-70.128675787,0
			-20.042003253,-70.1286659169999,0
			-20.041985164,-70.128662618,0
			-20.0419482959999,-70.1286667089998,0
			-20.041926659,-70.128670241,0
			-20.0419111989999,-70.128685413,0
			-20.04189251,-70.1287201059999,0
			-20.0418867739999,-70.1287400809999,0
			-20.0419012639999,-70.128776629,0
			-20.0419133769999,-70.1287952129998,0
			-20.0419122179999,-70.1288158189999,0
			-20.041877959,-70.1288329179998,0
			-20.041861249,-70.1288413929999,0
			-20.04184427,-70.128853557,0
			-20.04182745,-70.1288624169999,0
			-20.0418075179999,-70.1288669159999,0
			-20.0417856719999,-70.128867026,0
			-20.0417672199999,-70.1288636089999,0
			-20.0417502009999,-70.128855199,0
			-20.0417334809999,-70.128844369,0
			-20.041700562,-70.1288195179999,0
			-20.0416628909999,-70.128791877,0
			-20.041633759,-70.128764887,0
			-20.0416205079999,-70.128748878,0
			-20.0416030159999,-70.1287407349998,0
			-20.041581519,-70.1287354999999,0
			-20.0415606829999,-70.1287376139999,0
			-20.041537439,-70.1287439859999,0
			-20.0415243749999,-70.1287590899998,0
			-20.0415135559999,-70.12877743,0
			-20.0414812089999,-70.12879892,0
			-20.0414408519999,-70.1288027269999,0
			-20.0414035499999,-70.1287945099999,0
			-20.0413858709999,-70.128788406,0
			-20.041370904,-70.128775621,0
			-20.0413336509999,-70.1287644799999,0
			-20.0412940289999,-70.1287546769999,0
			-20.04125608,-70.1287445739999,0
			-20.0412364609999,-70.1287424619999,0
			-20.0412214099999,-70.1287548249999,0
			-20.0412140299999,-70.128776371,0
			-20.04121393,-70.1287960619999,0
			-20.041231371,-70.1288306209999,0
			-20.0412377389999,-70.128849873,0
			-20.0412328399999,-70.1288696989999,0
			-20.0412074719999,-70.1289014059999,0
			-20.0411902729999,-70.1289143389999,0
			-20.0411704199999,-70.128917185,0
			-20.041152234,-70.12891008,0
			-20.041134691,-70.1288952079999,0
			-20.0411263299999,-70.128880913,0
			-20.0411147419999,-70.1288610989999,0
			-20.0410956759999,-70.128823916,0
			-20.0410836709999,-70.1288049509999,0
			-20.0410668879999,-70.128791581,0
			-20.0410470939999,-70.1287873159999,0
			-20.0410299099999,-70.1287960559999,0
			-20.041010308,-70.128799403,0
			-20.0409894279999,-70.128813878,0
			-20.0409769999999,-70.1288256199999,0
			-20.0409524689999,-70.128857177,0
			-20.0409341189999,-70.1288672219998,0
			-20.0409141399999,-70.1288746439999,0
			-20.040895512,-70.128869075,0
			-20.0408692899999,-70.128895472,0
			-20.0408638879999,-70.128914294,0
			-20.0408788809999,-70.128951845,0
			-20.040896561,-70.1289910979999,0
			-20.0409017609999,-70.1290116549999,0
			-20.04089211,-70.129028693,0
			-20.0408751319999,-70.1290408569999,0
			-20.0408569369999,-70.1290475929998,0
			-20.0408346829999,-70.1290505109999,0
			-20.040815569,-70.1290493989999,0
			-20.040803958,-70.1290649669999,0
			-20.040786555,-70.1290744779999,0
			-20.0407671729999,-70.129077057,0
			-20.040746434,-70.1290733259999,0
			-20.040728686,-70.1290646829999,0
			-20.0407131489999,-70.129048358,0
			-20.0407005939999,-70.1290313109999,0
			-20.040697673,-70.1289917699999,0
			-20.0407067129999,-70.128950617,0
			-20.0407139349999,-70.128932377,0
			-20.0407047509999,-70.1288966939999,0
			-20.0407066659999,-70.128877589,0
			-20.0406953899999,-70.1288588569998,0
			-20.0406795379999,-70.1288491429999,0
			-20.0406672029999,-70.12883133,0
			-20.0406596339999,-70.1288121119999,0
			-20.0406554259999,-70.1287880989998,0
			-20.0406463259999,-70.1287700669999,0
			-20.0406320209999,-70.128754978,0
			-20.040596958,-70.128740346,0
			-20.040579529,-70.1287347429999,0
			-20.040560414,-70.1287336309999,0
			-20.0405421089999,-70.1287407549999,0
			-20.0405238979999,-70.128751683,0
			-20.04050562,-70.1287504219999,0
			-20.0404596069999,-70.1287394029999,0
			-20.0404422899999,-70.1287334169999,0
			-20.0404256349999,-70.128725123,0
			-20.0404086759999,-70.1287095999999,0
			-20.040379365,-70.128670803,0
			-20.0403559599999,-70.1286376809999,0
			-20.040343548,-70.1286215209999,0
			-20.040304873,-70.128611184,0
			-20.0402688949998,-70.128598355,0
			-20.0402508669999,-70.1285879439999,0
			-20.0402241019999,-70.128559615,0
			-20.040210916,-70.1285461429999,0
			-20.040195067,-70.1285364299999,0
			-20.0401957499999,-70.128516092,0
			-20.0402097139999,-70.128503375,0
			-20.0402264579999,-70.1284961709999,0
			-20.0402427079999,-70.128483773,0
			-20.040243064,-70.128464584,0
			-20.0402238079999,-70.1284294389999,0
			-20.040211771,-70.1284092069999,0
			-20.0401912199999,-70.1283856329999,0
			-20.0401843249999,-70.1283777209998,0
			-20.0401555569999,-70.1283508489999,0
			-20.0401218769999,-70.1283244929999,0
			-20.040105269,-70.12831328,0
			-20.0400665129999,-70.1282949429999,0
			-20.040045214,-70.1282834779998,0
			-20.0400301679999,-70.128272345,0
			-20.039994524,-70.1282583679999,0
			-20.039956257,-70.1282452249999,0
			-20.0399387969999,-70.1282383509999,0
			-20.0399030069999,-70.1282138359999,0
			-20.039885386,-70.1282006169999,0
			-20.039850655,-70.1281848339999,0
			-20.0398319959999,-70.128177996,0
			-20.0398113649999,-70.128173878,0
			-20.0397929809999,-70.1281826559999,0
			-20.0397795419999,-70.1282018309999,0
			-20.039760712,-70.128202491,0
			-20.0397407309998,-70.128200261,0
			-20.0397216029999,-70.1282033439999,0
			-20.0396809,-70.1282124939999,0
			-20.0396616279999,-70.1282146909999,0
			-20.0396230329999,-70.128202699,0
			-20.0395855899999,-70.1281936,0
			-20.0395474529999,-70.128185532,0
			-20.0395257649999,-70.1281823349999,0
			-20.0395069029999,-70.1281817259999,0
			-20.0394681769998,-70.1281978079999,0
			-20.0394283619999,-70.1282135399999,0
			-20.0393903959999,-70.128231124,0
			-20.0393741889999,-70.1282405989999,0
			-20.0393416209999,-70.128262857,0
			-20.0393253059999,-70.1282727159999,0
			-20.0392809869999,-70.12827651,0
			-20.039242255,-70.128273286,0
			-20.0392014519999,-70.12826898,0
			-20.0391818639999,-70.128268135,0
			-20.039160448,-70.128270899,0
			-20.0391197559999,-70.1282662079999,0
			-20.0391018549999,-70.1282608719999,0
			-20.0390826929999,-70.1282626839999,0
			-20.0390433889999,-70.1282559219999,0
			-20.0390055649999,-70.1282412409999,0
			-20.0389878189999,-70.1282325989999,0
			-20.0389678519999,-70.128226177,0
			-20.0389276879999,-70.128237601,0
			-20.0389038249999,-70.128243357,0
			-20.038882579,-70.1282386239999,0
			-20.0388639649998,-70.1282288629999,0
			-20.0388489969999,-70.1282160779999,0
			-20.03881365,-70.1281996759998,0
			-20.0387941889999,-70.1281942579999,0
			-20.0387537519999,-70.1281997189998,0
			-20.0387361399999,-70.1282058049999,0
			-20.0387146449999,-70.128210224,0
			-20.038696866,-70.128205693,0
			-20.0386769499999,-70.128200619,0
			-20.0386575969998,-70.1281948179999,0
			-20.038636019,-70.128191237,0
			-20.0385974119999,-70.128193089,0
			-20.038557464,-70.1281940929998,0
			-20.0385374359999,-70.128194784,0
			-20.038519793,-70.1281996009999,0
			-20.0384802319999,-70.1282158339999,0
			-20.0384430159999,-70.12822527,0
			-20.0384243469999,-70.1282322729999,0
			-20.0384086779999,-70.1282440209999,0
			-20.0384019319999,-70.1282619919999,0
			-20.0384018299999,-70.128281681,0
			-20.0384081299999,-70.1283218899998,0
			-20.038415519,-70.1283624489999,0
			-20.0384290799999,-70.1284049949999,0
			-20.0384350849999,-70.1284241289999,0
			-20.038436912,-70.12844402,0
			-20.038421776,-70.128481532,0
			-20.0384150589999,-70.1285007719999,0
			-20.038400655,-70.1285150249999,0
			-20.0383842869999,-70.1285513029999,0
			-20.038379419,-70.1285723959999,0
			-20.038365347,-70.1285854939999,0
			-20.0383466609999,-70.128587038,0
			-20.0383280309998,-70.1285814679999,0
			-20.038312956,-70.1285690669999,0
			-20.0383025769999,-70.1285527239999,0
			-20.0382960979999,-70.1285338569999,0
			-20.0382822639999,-70.1285184979998,0
			-20.0382714199999,-70.1284789249999,0
			-20.0382691229999,-70.128459304,0
			-20.0382621689999,-70.128440704,0
			-20.038268402,-70.1284024249999,0
			-20.0382751509999,-70.1283844559999,0
			-20.0382875959999,-70.128368736,0
			-20.038295798,-70.1283512299999,0
			-20.038294809,-70.128331192,0
			-20.038291423,-70.1283112209999,0
			-20.0382949019999,-70.1282921989999,0
			-20.0382958859999,-70.1282694379999,0
			-20.038279341,-70.1282607599999,0
			-20.038239532,-70.128252995,0
			-20.038221001,-70.1282512329999,0
			-20.038179569,-70.1282504999999,0
			-20.0381388179999,-70.12825292,0
			-20.0380983819999,-70.128258381,0
			-20.038078605,-70.128259578,0
			-20.0380384099998,-70.1282697299999,0
			-20.037996715,-70.128282341,0
			-20.037954989,-70.1282936819999,0
			-20.0379115419999,-70.1283082449999,0
			-20.0378698019999,-70.1283237759999,0
			-20.0378305249999,-70.1283417789999,0
			-20.037792194,-70.128359245,0
			-20.0377580759999,-70.128377228,0
			-20.0377209,-70.128397585,0
			-20.0376843719999,-70.1284198269998,0
			-20.037649152,-70.1284416519999,0
			-20.037614897,-70.1284684029999,0
			-20.037582459,-70.128495737,0
			-20.0375494379999,-70.1285237219999,0
			-20.03751919,-70.1285475669999,0
			-20.037420171,-70.128638253,0
			-20.0373908759999,-70.128671213,0
			-20.0373598289999,-70.128706128,0
			-20.03733268,-70.1287385189999,0
			-20.0373052959999,-70.12877587,0
			-20.03728072,-70.1288103489999,0
			-20.0372698229999,-70.1288303439999,0
			-20.0372417739999,-70.128860346,0
			-20.0372184429999,-70.128891869,0
			-20.0371996759999,-70.128928214,0
			-20.0371876579999,-70.1289465899999,0
			-20.0371740099999,-70.128962342,0
			-20.037163854,-70.12897838,0
			-20.0371557949998,-70.12899677,0
			-20.0371539449999,-70.1290184109999,0
			-20.0371626789999,-70.1290363269999,0
			-20.0371942899999,-70.1290425639999,0
			-20.037215836,-70.1290307589999,0
			-20.037235961,-70.1290338729999,0
			-20.0372553469999,-70.129040947,0
			-20.0372493799999,-70.1290755329999,0
			-20.0372359859999,-70.1290917869999,0
			-20.037237811,-70.129111676,0
			-20.0372584469999,-70.129125443,0
			-20.0372750819999,-70.1291614229999,0
			-20.037287637,-70.129178467,0
			-20.0373033769999,-70.129188563,0
			-20.037306884,-70.129227456,0
			-20.037304634,-70.129247714,0
			-20.0372918259999,-70.1292633159998,0
			-20.03727265,-70.129269318,0
			-20.0372530189999,-70.129271398,0
			-20.037239416,-70.129284228,0
			-20.03722307,-70.1292928189999,0
			-20.0372031949999,-70.1293233529999,0
			-20.0371988789999,-70.1293425269999,0
			-20.0371914369999,-70.1293615339999,0
			-20.037175232,-70.1293710079999,0
			-20.037155613,-70.1293688969999,0
			-20.0371384049999,-70.129362526,0
			-20.0371334879999,-70.129343739,0
			-20.037154404,-70.129316478,0
			-20.0371720949999,-70.129308739,0
			-20.0371360729999,-70.1292988339999,0
			-20.0371158369999,-70.1292961039999,0
			-20.0370976479999,-70.129279346,0
			-20.0370797919999,-70.1292710879999,0
			-20.0370681369999,-70.1292564299999,0
			-20.037057886,-70.1292355099998,0
			-20.0370521299999,-70.129216877,0
			-20.0370563049999,-70.1291968189999,0
			-20.0370539769999,-70.129175929,0
			-20.037030933,-70.1291429249999,0
			-20.0370155509999,-70.129123292,0
			-20.0369791799999,-70.1291090799999,0
			-20.0369420549999,-70.129103016,0
			-20.0369241869998,-70.1290989499999,0
			-20.0368905119999,-70.1290822469999,0
			-20.036852858,-70.129060072,0
			-20.036836352,-70.129048273,0
			-20.0368176499998,-70.1290349029999,0
			-20.0368023189999,-70.1290219999999,0
			-20.03676353,-70.1290023979999,0
			-20.0367263689999,-70.1289854129999,0
			-20.036707567,-70.1289776879999,0
			-20.0366618529999,-70.1289642469999,0
			-20.0366140879999,-70.1289551849999,0
			-20.0365685639999,-70.1289493579999,0
			-20.036549813,-70.1289483639999,0
			-20.036531806,-70.1289530649999,0
			-20.0365134809999,-70.128954725,0
			-20.0364948439999,-70.1289629999999,0
			-20.036480409,-70.1289759809999,0
			-20.0364713719999,-70.128993636,0
			-20.0364679889998,-70.1290164659998,0
			-20.036457754,-70.129034154,0
			-20.036439494,-70.1290383539999,0
			-20.0364207699999,-70.12902898,0
			-20.036419926,-70.129009824,0
			-20.0364077989999,-70.128995436,0
			-20.0363924989998,-70.1289838019999,0
			-20.0363741369999,-70.1289745409998,0
			-20.0363557819999,-70.1289749319999,0
			-20.0363365749999,-70.128979667,0
			-20.0363045459999,-70.1290041949999,0
			-20.0362879319999,-70.1290164759999,0
			-20.0362788679999,-70.129033347,0
			-20.0362683259999,-70.1290529719999,0
			-20.0362618319999,-70.1290714439999,0
			-20.03624422,-70.1290775299999,0
			-20.0362257849999,-70.129079576,0
			-20.0361934079999,-70.1290997959999,0
			-20.0361783869999,-70.12911343,0
			-20.036161235,-70.129123439,0
			-20.036146248,-70.1291383399999,0
			-20.036128493,-70.129143542,0
			-20.0361067589999,-70.1291432669999,0
			-20.0361116039999,-70.1291070629999,0
			-20.0361270249999,-70.1290713189999,0
			-20.036137663,-70.1290315199999,0
			-20.0361440459999,-70.1290134309999,0
			-20.0361509529999,-70.1290004139999,0
			-20.036117657,-70.1289918409999,0
			-20.0360842229999,-70.1289832319999,0
			-20.036071276,-70.1289750729999,0
			-20.0360878549998,-70.128970188,0
			-20.0361036969999,-70.1289605969999,0
			-20.0361159689999,-70.1289427219999,0
			-20.0361150909999,-70.128922299,0
			-20.036082028,-70.1288965639999,0
			-20.03606367,-70.1288873029999,0
			-20.0360454039999,-70.12888185,0
			-20.036026507,-70.1288703179999,0
			-20.0360284229999,-70.1288512149999,0
			-20.0360227809999,-70.128832197,0
			-20.0359911719999,-70.128806927,0
			-20.0359587689999,-70.128778886,0
			-20.0359248259999,-70.128756223,0
			-20.035888927,-70.1287417449999,0
			-20.0358705209999,-70.1287354049999,0
			-20.0358534069999,-70.128723188,0
			-20.0358234519999,-70.128692159,0
			-20.035790138,-70.128665923,0
			-20.0357702269999,-70.128652387,0
			-20.035740351,-70.128619704,0
			-20.0357130479998,-70.1285891049999,0
			-20.0356823529999,-70.1285620319999,0
			-20.0356488309998,-70.1285323709999,0
			-20.0356128509999,-70.1285098939999,0
			-20.035578813,-70.1284930749999,0
			-20.0355608009999,-70.1284881229999,0
			-20.0355189749999,-70.1284860049999,0
			-20.0354795129999,-70.128482548,0
			-20.0354531319999,-70.1285025969999,0
			-20.035448201,-70.128521152,0
			-20.0354298589999,-70.1285173529999,0
			-20.0354114899999,-70.128488789,0
			-20.0354125389998,-70.128468566,0
			-20.0354024929999,-70.1284510679999,0
			-20.0353638789999,-70.1284336179999,0
			-20.035344428,-70.1284240049999,0
			-20.03532938,-70.128412876,0
			-20.0353166689999,-70.128399137,0
			-20.0353049509999,-70.1283819429999,0
			-20.0352969399999,-70.1283642629999,0
			-20.0352923129999,-70.128323752,0
			-20.0352938029999,-70.128301994,0
			-20.0352902739999,-70.1282811359998,0
			-20.0352840149999,-70.1282615009999,0
			-20.0352679459999,-70.1282525569999,0
			-20.0352281149999,-70.1282393319999,0
			-20.0352104679999,-70.1282344969999,0
			-20.0351706459999,-70.1282309239999,0
			-20.0351264829999,-70.1282314109999,0
			-20.0351076539999,-70.128232071,0
			-20.0350638689999,-70.1282284819999,0
			-20.0350425439999,-70.1282254009999,0
			-20.0349997999999,-70.1282250849999,0
			-20.0349604039999,-70.128224168,0
			-20.034920599,-70.128226055,0
			-20.034899072,-70.128229205,0
			-20.0348574869999,-70.1282414299999,0
			-20.0348221849998,-70.1282552539999,0
			-20.034787201,-70.128272119,0
			-20.0347692449999,-70.1282835489999,0
			-20.0347402319999,-70.128308628,0
			-20.0347202229999,-70.1283244319999,0
			-20.0347040999998,-70.128341908,0
			-20.0346739139999,-70.1283703549999,0
			-20.034416673,-70.12835918,0
			-20.034350548,-70.1283791609999,0
			-20.0343161669999,-70.1283669739999,0
			-20.0342779139999,-70.128349639,0
			-20.0342410069999,-70.1283331569999,0
			-20.034206905,-70.1283137999999,0
			-20.0341890319999,-70.128300082,0
			-20.0341737789999,-70.1282855269998,0
			-20.0341379409999,-70.1282639329999,0
			-20.0340954269999,-70.1282490069999,0
			-20.0340580639999,-70.1282382509999,0
			-20.0340372909999,-70.1282332509999,0
			-20.0340150509999,-70.1282319749999,0
			-20.0339731279999,-70.128226048,0
			-20.033933744,-70.128220938,0
			-20.0339145999999,-70.1282185589999,0
			-20.0338956579999,-70.1282196019999,0
			-20.0338518889998,-70.128211823,0
			-20.033833214,-70.1282091739999,0
			-20.0338122389999,-70.1282104039999,0
			-20.0337928889999,-70.128214253,0
			-20.0337722949999,-70.1282210579999,0
			-20.0337564509999,-70.12823065,0
			-20.0337190779999,-70.128233741,0
			-20.0336764049999,-70.128245614,0
			-20.0336369669999,-70.1282572699999,0
			-20.0336009399999,-70.128270862,0
			-20.0335629589998,-70.128292637,0
			-20.0335259369999,-70.128309687,0
			-20.0334888849999,-70.1283254669999,0
			-20.0334556059999,-70.1283432989999,0
			-20.0334224979999,-70.1283632839999,0
			-20.0334039589999,-70.1283753659999,0
			-20.0333872669999,-70.1283893,0
			-20.0333614589999,-70.128422542,0
			-20.0333390299999,-70.1284564509999,0
			-20.0333135409999,-70.1284927319999,0
			-20.0333008599999,-70.1285134099999,0
			-20.0332916339999,-70.1285331019999,0
			-20.0332867659999,-70.1285541949999,0
			-20.033288118,-70.1285743489999,0
			-20.0332958289999,-70.1285944539999,0
			-20.0333063149999,-70.1286104119999,0
			-20.0333196109999,-70.1286234989999,0
			-20.033358414,-70.1286389129999,0
			-20.033378085,-70.128647755,0
			-20.033395341,-70.128660854,0
			-20.033405719,-70.128677199,0
			-20.0334141999999,-70.1286946119999,0
			-20.0334205379999,-70.1287125959999,0
			-20.0334228359999,-70.1287322149998,0
			-20.0334190579999,-70.1287536579999,0
			-20.0334080179999,-70.1287727659998,0
			-20.0333931719999,-70.1287885529999,0
			-20.0333743599999,-70.128794673,0
			-20.033358661,-70.1288051489999,0
			-20.0333411909999,-70.128812121,0
			-20.0333212729999,-70.12881243,0
			-20.0332841239999,-70.1288244039999,0
			-20.0332654869999,-70.1288326759999,0
			-20.0332302669999,-70.1288545019999,0
			-20.0332127529999,-70.128864393,0
			-20.0331813079999,-70.1288882699999,0
			-20.03315594,-70.1289199769998,0
			-20.0331470469999,-70.1289385159999,0
			-20.033131994,-70.1289508789999,0
			-20.033122571,-70.1289864519999,0
			-20.0331261779999,-70.129005653,0
			-20.0331372099999,-70.1290431889999,0
			-20.033150266,-70.12908473,0
			-20.0331570769999,-70.1291024439999,0
			-20.0331622479999,-70.1291217299999,0
			-20.0331594149998,-70.129142638,0
			-20.03317585,-70.129151699,0
			-20.033189761,-70.1291654029999,0
			-20.033203186,-70.1291835649999,0
			-20.0332184409999,-70.1291981219999,0
			-20.033225425,-70.129217989,0
			-20.0332345559999,-70.129237288,0
			-20.0332477729999,-70.1292520279999,0
			-20.033267269,-70.1292587149999,0
			-20.033287835,-70.1292602949999,0
			-20.0333062839999,-70.1292540569999,0
			-20.0333184769999,-70.1292378359998,0
			-20.033336189,-70.1292452109999,0
			-20.0333526249999,-70.129254271,0
			-20.033367009,-70.1292677089999,0
			-20.033378112,-70.1292842849999,0
			-20.0333880659999,-70.1293076269999,0
			-20.0333935979999,-70.1293270289999,0
			-20.0333901189998,-70.1293460489999,0
			-20.033384349,-70.1293647529999,0
			-20.0333751709999,-70.1293815239999,0
			-20.0333584319999,-70.129398382,0
			-20.03336372,-70.1294365859999,0
			-20.0333827879999,-70.1294737679999,0
			-20.0333913039999,-70.129492448,0
			-20.0333804519999,-70.1295095219999,0
			-20.033374715,-70.129529495,0
			-20.033378322,-70.129548696,0
			-20.033370154,-70.1295674689999,0
			-20.0333568399999,-70.129582069,0
			-20.033339578,-70.129592464,0
			-20.0333193729999,-70.1295910039998,0
			-20.03329983,-70.1295872379999,0
			-20.0332816919999,-70.1295772089999,0
			-20.0332636029999,-70.1295739109999,0
			-20.0332266089999,-70.129582576,0
			-20.0332080189999,-70.1295879269999,0
			-20.0331896779999,-70.129584128,0
			-20.0331690939999,-70.1295867429999,0
			-20.0331510839999,-70.12958179,0
			-20.0331337349999,-70.129574533,0
			-20.033119934,-70.129560446,0
			-20.033109383,-70.129541946,0
			-20.0331071959999,-70.129521944,0
			-20.0330930639998,-70.129509007,0
			-20.0330761239999,-70.129498945,0
			-20.0330619929999,-70.1294860109999,0
			-20.0330600579999,-70.1294665069998,0
			-20.0330672459999,-70.1294469999999,0
			-20.0330810999998,-70.129434668,0
			-20.0330994049999,-70.1294275489999,0
			-20.0331122919999,-70.129410293,0
			-20.033116245,-70.1293910029999,0
			-20.0331178459999,-70.129368859,0
			-20.033108574,-70.1293486759999,0
			-20.0330888279998,-70.129351137,0
			-20.0330733339999,-70.1293650379999,0
			-20.0330352539999,-70.129373352,0
			-20.0329953369999,-70.129375623,0
			-20.0329757179998,-70.129373513,0
			-20.0329568839999,-70.1293645199999,0
			-20.0329436489999,-70.129344321,0
			-20.032936838,-70.1293266049999,0
			-20.0329300669999,-70.1292866639999,0
			-20.0329121349999,-70.1292469099999,0
			-20.0329024499999,-70.129229532,0
			-20.0328847979999,-70.1292150459999,0
			-20.0328709009999,-70.1291971489999,0
			-20.0328548419999,-70.1291840169999,0
			-20.0328375399999,-70.1291738369999,0
			-20.0328083869999,-70.129141385,0
			-20.032799558,-70.1291624619999,0
			-20.032781171,-70.129161586,0
			-20.0327450809999,-70.1291394909999,0
			-20.032730806,-70.1291256709999,0
			-20.032722212,-70.1291086419999,0
			-20.032698255,-70.129077442,0
			-20.0326768199999,-70.129041598,0
			-20.0326584479999,-70.1290033819999,0
			-20.03264804,-70.1289857699999,0
			-20.032632013,-70.128973905,0
			-20.032618069,-70.1289589309999,0
			-20.032622605,-70.128938991,0
			-20.0326385279999,-70.1289277469999,0
			-20.0326498509999,-70.1289104079999,0
			-20.032667084,-70.1288987439999,0
			-20.0326849919999,-70.128890236,0
			-20.0326894689999,-70.1289105569999,0
			-20.032698062,-70.1289275849999,0
			-20.032704684,-70.128947339,0
			-20.0327132009999,-70.1289660189999,0
			-20.0327311779998,-70.1290028519999,0
			-20.0327382419999,-70.1290210669999,0
			-20.0327546609999,-70.1290343169999,0
			-20.0327728569999,-70.1290275809999,0
			-20.0327754699999,-70.1290074409999,0
			-20.032758722,-70.128971846,0
			-20.032744941,-70.128930071,0
			-20.0327419939999,-70.1289085629999,0
			-20.0327352679999,-70.1288657009999,0
			-20.0327330809999,-70.128845697,0
			-20.0327454499999,-70.128831631,0
			-20.032764942,-70.1288286669999,0
			-20.032785206,-70.128823015,0
			-20.0327980459999,-70.12880868,0
			-20.032785443,-70.1287945589999,0
			-20.0327484419998,-70.1287839209999,0
			-20.0327282549999,-70.1287782669999,0
			-20.0327081789999,-70.128781884,0
			-20.032689143,-70.1287791199998,0
			-20.0326701989999,-70.128770511,0
			-20.0326657559999,-70.1287514589999,0
			-20.032650831,-70.1287357529999,0
			-20.0326463919998,-70.128716701,0
			-20.0326631,-70.1287082279999,0
			-20.03268215,-70.1287068,0
			-20.0326959839999,-70.1286890099999,0
			-20.0327146389999,-70.1286861959999,0
			-20.0327294369999,-70.1286733329999,0
			-20.032727638,-70.1286354099999,0
			-20.0327190589999,-70.1286141869999,0
			-20.0326965999999,-70.1285805329998,0
			-20.032671883,-70.1285478299999,0
			-20.0326456369999,-70.1285163159998,0
			-20.0326177509999,-70.1284863689999,0
			-20.0326020699999,-70.1284691589999,0
			-20.03256956,-70.1284415029999,0
			-20.0325355359999,-70.1284204949999,0
			-20.0325169229999,-70.128410733,0
			-20.0324805829999,-70.1283977909999,0
			-20.0324435499999,-70.128385884,0
			-20.0324036769999,-70.1283755819999,0
			-20.0323619089999,-70.1283663469999,0
			-20.032319843,-70.128359538,0
			-20.032299133,-70.1283570739999,0
			-20.0322546079999,-70.1283574439999,0
			-20.032214473,-70.1283604829999,0
			-20.032178013,-70.1283617699999,0
			-20.0321396919999,-70.128365392,0
			-20.0320979139999,-70.128370003,0
			-20.0320548779999,-70.12838176,0
			-20.032011478,-70.128393402,0
			-20.0319748159999,-70.1284009139999,0
			-20.0319528469999,-70.128405602,0
			-20.0319152879999,-70.128420379,0
			-20.031874086,-70.1284381789999,0
			-20.031853445,-70.128447907,0
			-20.031837336,-70.1284611889999,0
			-20.0318208779999,-70.1284701649999,0
			-20.0317298579999,-70.1285301869999,0
			-20.0317070029999,-70.128547679,0
			-20.031673392,-70.1285666639999,0
			-20.03165755,-70.1285762569999,0
			-20.031637131,-70.1285852149999,0
			-20.0316197569999,-70.1285959919999,0
			-20.031599921,-70.128604302,0
			-20.0315838579999,-70.128614661,0
			-20.0315696289999,-70.1286310639999,0
			-20.0315529009999,-70.1286437319999,0
			-20.031535796,-70.1286508179999,0
			-20.0315254489999,-70.1286535989999,0
			-20.0314988359999,-70.128660752,0
			-20.0314783179999,-70.128665907,0
			-20.0314583689999,-70.128664944,0
			-20.031419835,-70.1286554929999,0
			-20.031381637,-70.128644891,0
			-20.0313635139999,-70.128640321,0
			-20.031321309,-70.128642278,0
			-20.0313001899999,-70.1286426199999,0
			-20.031279422,-70.1286472719999,0
			-20.0312387389999,-70.128661886,0
			-20.0312015429998,-70.1286767789999,0
			-20.0311649949999,-70.1286935589999,0
			-20.031128732,-70.1287121099999,0
			-20.0311110439999,-70.12871985,0
			-20.0310935909999,-70.1287322839999,0
			-20.0310792989999,-70.1287461469998,0
			-20.0310661899999,-70.1287641719999,0
			-20.0310444409999,-70.128801236,0
			-20.0310335579999,-70.1288170369999,0
			-20.0310101479999,-70.1288502089998,0
			-20.031000988,-70.1288724399999,0
			-20.0309963079999,-70.1288914949999,0
			-20.0309957329999,-70.1289114509999,0
			-20.031001123,-70.128929968,0
			-20.0309930949999,-70.1289731209999,0
			-20.0309880519999,-70.1289920589999,0
			-20.0309868929999,-70.1290126659999,0
			-20.0309757869999,-70.1290292369999,0
			-20.0309564899999,-70.1290398139999,0
			-20.030937959,-70.1290380519999,0
			-20.0309022789999,-70.1290559499999,0
			-20.0308852369999,-70.1290655779999,0
			-20.0308701399999,-70.1290808619999,0
			-20.0308504729999,-70.129081674,0
			-20.030811279,-70.1290745269999,0
			-20.030792764,-70.1290685719999,0
			-20.0307756569999,-70.1290756599998,0
			-20.0307487759999,-70.1291043619999,0
			-20.0307399599998,-70.129121245,0
			-20.030724403,-70.1291326069999,0
			-20.0307051309999,-70.1291348039999,0
			-20.0306893209999,-70.1291456659999,0
			-20.0306763689999,-70.1291603819999,0
			-20.0306685639999,-70.12917927,0
			-20.03066668,-70.129199644,0
			-20.030672905,-70.129218011,0
			-20.0306870219999,-70.129235137,0
			-20.0307043409998,-70.1292411249999,0
			-20.030723171,-70.129240465,0
			-20.0307432499999,-70.1292465019999,0
			-20.03078147,-70.1292625679999,0
			-20.0308024509999,-70.1292709889999,0
			-20.0308344349999,-70.1292921839999,0
			-20.030876006,-70.1293210979999,0
			-20.0308841839999,-70.1293274829999,0
			-20.0309098939999,-70.1293567239999,0
			-20.0309362629999,-70.1293836659999,0
			-20.0309519909999,-70.129397954,0
			-20.03095847,-70.1294168209999,0
			-20.0309506279999,-70.1294579359999,0
			-20.0309446379999,-70.1294774099999,0
			-20.0309408269999,-70.1294975839999,0
			-20.030945447,-70.129518789,0
			-20.0309474119999,-70.1295395589999,0
			-20.0309373589999,-70.129578706,0
			-20.030932381,-70.1296001819999,0
			-20.0309255229999,-70.129618538,0
			-20.0309084499999,-70.1296268949999,0
			-20.0308908059999,-70.1296317099998,0
			-20.0308787149999,-70.129671042,0
			-20.030868223,-70.1297117249999,0
			-20.030860891,-70.1297303459999,0
			-20.0308427269999,-70.1297383539999,0
			-20.0308105839999,-70.1297536119999,0
			-20.03079883,-70.1297682969999,0
			-20.0307784389999,-70.1297688719999,0
			-20.030732917,-70.129763048,0
			-20.030710282,-70.129760386,0
			-20.0306913739999,-70.1297626959999,0
			-20.0306500049999,-70.1297645009999,0
			-20.0306115239999,-70.1297617789999,0
			-20.0305913349999,-70.1297561269999,0
			-20.0305737329999,-70.129748369,0
			-20.030583384,-70.1297313329998,0
			-20.030599605,-70.1297176659999,0
			-20.0305702049999,-70.129694367,0
			-20.0305329039999,-70.129686151,0
			-20.0304941069999,-70.1296803889999,0
			-20.0304729239999,-70.1296781949999,0
			-20.0304519489999,-70.129679422,0
			-20.030413946,-70.1296860839999,0
			-20.0303719639999,-70.1296969219999,0
			-20.0303355749999,-70.1297103969999,0
			-20.03029893,-70.129723371,0
			-20.0302573609999,-70.1297314049999,0
			-20.0302367159999,-70.1297314779999,0
			-20.0302185339999,-70.1297340259999,0
			-20.0301796639999,-70.1297492209999,0
			-20.0301407789999,-70.1297589559999,0
			-20.0301193619998,-70.129761722,0
			-20.0301005179999,-70.12976657,0
			-20.0300812639999,-70.1297645759999,0
			-20.0300614849999,-70.1297657709999,0
			-20.030020462,-70.12976223,0
			-20.0299807639999,-70.1297540819999,0
			-20.0299433339998,-70.1297407879999,0
			-20.0299030009999,-70.129726563,0
			-20.029866015,-70.129711733,0
			-20.029831316,-70.1296972189999,0
			-20.029795968,-70.129680819,0
			-20.0297510769999,-70.1296714189999,0
			-20.0297282989999,-70.1296678729999,0
			-20.029705618,-70.129668134,0
			-20.029688521,-70.129661378,0
			-20.029654056,-70.129641904,0
			-20.0296360589999,-70.1296327609999,0
			-20.029607654,-70.1296060069999,0
			-20.0295756489999,-70.129579352,0
			-20.0295399669999,-70.1295544539998,0
			-20.0295068259999,-70.129530371,0
			-20.0294796209999,-70.1295035809999,0
			-20.0294517329999,-70.1294736359999,0
			-20.0294239239999,-70.1294420369999,0
			-20.0293937489999,-70.1294117779998,0
			-20.0293649329998,-70.1293878269999,0
			-20.029327735,-70.129359923,0
			-20.029290298,-70.129327326,0
			-20.0292592069999,-70.1292988679999,0
			-20.0292249779999,-70.129274435,0
			-20.0291860469999,-70.1292539469999,0
			-20.029146484,-70.1292370329999,0
			-20.0291049189999,-70.1292215699999,0
			-20.029064148,-70.129208881,0
			-20.0290268929999,-70.129197741,0
			-20.0289871289999,-70.1291870539999,0
			-20.0289471119999,-70.1291758679999,0
			-20.028909132,-70.1291644929999,0
			-20.028889921,-70.1291595759999,0
			-20.0288495469999,-70.129157924,0
			-20.0288293419999,-70.1291564639999,0
			-20.0287917149998,-70.129159052,0
			-20.0287496079999,-70.1291648139999,0
			-20.0287296739999,-70.129169314,0
			-20.0286931069999,-70.1291806359999,0
			-20.0286745619999,-70.129184702,0
			-20.028232881,-70.1289313829999,0
			-20.027755989,-70.128617769,0
			-20.0272426449999,-70.128356057,0
			-20.0266881119999,-70.1281818419999,0
			-20.0260788999999,-70.128073179,0
			-20.0254152869999,-70.1279991349999,0
			-20.024769867,-70.127904628,0
			-20.024238462,-70.127643029,0
			-20.023834294,-70.127264867,0
			-20.0233792369999,-70.1270671699999,0
			-20.0228557409999,-70.126992645,0
			-20.0223137479999,-70.126963723,0
			-20.021810799,-70.1271964069999,0
			-20.021338156,-70.127633389,0
			-20.020838732,-70.128021232,0
			-20.0202817589999,-70.1282292499999,0
			-20.0196986059998,-70.128282806,0
			-20.0191531189998,-70.1281166539999,0
			-20.0187625529999,-70.127718085,0
			-20.0184036709999,-70.1273301569999,0
			-20.0179811539999,-70.126985398,0
			-20.0176092929999,-70.1264964389999,0
			-20.017156998,-70.1258640759999,0
			-20.0168293549999,-70.1255330759999,0
			-20.0164517389999,-70.125238606,0
			-20.0160828559999,-70.1250026169999,0
			-20.015452543,-70.1246614819999,0
			-20.014866699,-70.1244276389999,0
			-20.014257743,-70.1242786719999,0
			-20.0135991999999,-70.124116907,0
			-20.012936361,-70.1239204199999,0
			-20.0123097829999,-70.1237021109999,0
			-20.0117056829999,-70.1234988409999,0
			-20.0110968109999,-70.1233478489999,0
			-20.0104647659999,-70.1232793839999,0
			-20.0098453879999,-70.1233491429999,0
			-20.0092884319999,-70.123543463,0
			-20.0087897079999,-70.1238228409999,0
			-20.008335594,-70.124198383,0
			-20.007877143,-70.124546407,0
			-20.00732955,-70.124688007,0
			-20.006728155,-70.124781694,0
			-20.006135129,-70.1249680729999,0
			-20.0055783969999,-70.125126914,0
			-20.0049642769999,-70.125091224,0
			-20.004558237,-70.1249947649999,0
			-20.0040440779998,-70.12487162,0
			-20.003480134,-70.1247442839999,0
			-20.002961345,-70.1246276869999,0
			-20.002221908,-70.1243951179999,0
			-20.001603842,-70.1242698319999,0
			-20.0009862069999,-70.1240530109999,0
			-20.0003553089999,-70.1238155829999,0
			-19.99967895,-70.1236028909999,0
			-19.998970915,-70.1234135459999,0
			-19.9982940789999,-70.1232883159999,0
			-19.9976752379999,-70.1232735139999,0
			-19.9972133009999,-70.1234590179999,0
			-19.9969619399999,-70.1239138829999,0
			-19.9967102279999,-70.1244237879999,0
			-19.996265375,-70.1247518399999,0
			-19.9956592609999,-70.124877278,0
			-19.9949992149999,-70.1249406309999,0
			-19.9943349149999,-70.1249742009999,0
			-19.9936938659999,-70.124901451,0
			-19.9928332579998,-70.124540881,0
			-19.9923154059999,-70.124276708,0
			-19.9917822699999,-70.124286078,0
			-19.9911984119998,-70.12446233,0
			-19.9906203589999,-70.1244233069999,0
			-19.990058027,-70.1240531189999,0
			-19.9894729429999,-70.123698592,0
			-19.9889803679999,-70.1237199189999,0
			-19.9886755959999,-70.1240534899999,0
			-19.9883745679999,-70.124496703,0
			-19.987920184,-70.124915415,0
			-19.9873842179999,-70.1253709699999,0
			-19.9868345669999,-70.1258485819999,0
			-19.986262865,-70.1262428839999,0
			-19.9856283169999,-70.1265562529999,0
			-19.9850078979999,-70.1268015219999,0
			-19.984450893,-70.1270146709999,0
			-19.983893988,-70.1272003379999,0
			-19.9832924279999,-70.1273083309999,0
			-19.9826817979999,-70.1274222909999,0
			-19.982124744,-70.1276429499999,0
			-19.98155916,-70.127784941,0
			-19.980935829,-70.1277661779999,0
			-19.9803082649998,-70.1277031499999,0
			-19.979572291,-70.1276357519999,0
			-19.9789985579999,-70.1276391859999,0
			-19.978239125,-70.127711134,0
			-19.977411371,-70.1278648039998,0
			-19.976723388,-70.1280838169999,0
			-19.9762789709999,-70.128342301,0
			-19.9758373219998,-70.1288865609999,0
			-19.9754413129999,-70.1293425169999,0
			-19.975000558,-70.129746406,0
			-19.97464496,-70.1302486019999,0
			-19.9743657899999,-70.1308140519999,0
			-19.973996423,-70.13135075,0
			-19.9734333649999,-70.131803936,0
			-19.9727355209999,-70.1321298799999,0
			-19.972074403,-70.1323721589999,0
			-19.9715036319998,-70.1326189169999,0
			-19.9709734409998,-70.1328743379999,0
			-19.970470104,-70.1331550799999,0
			-19.970070012,-70.1335532859999,0
			-19.9696473459999,-70.133951015,0
			-19.9691117899999,-70.134339321,0
			-19.9686252889999,-70.1348342909999,0
			-19.9683460539999,-70.1353961069999,0
			-19.9682067059999,-70.135993292,0
			-19.967910301,-70.1364268299999,0
			-19.9673494179999,-70.1365390659999,0
			-19.9666764279999,-70.1365076279999,0
			-19.9659765029999,-70.136463782,0
			-19.9653571049998,-70.136536064,0
			-19.964898416,-70.1369174679999,0
			-19.964442849,-70.1375051679999,0
			-19.9640575039999,-70.137714396,0
			-19.963587193,-70.1377953359998,0
			-19.96275696,-70.137630466,0
			-19.962212039,-70.1373655639999,0
			-19.9617075909999,-70.13712577,0
			-19.961162428,-70.1368864679999,0
			-19.9605537599999,-70.13670511,0
			-19.9599221119999,-70.136575099,0
			-19.9593218419999,-70.136480698,0
			-19.958703433,-70.136398223,0
			-19.9580621129999,-70.136368268,0
			-19.957429229,-70.1364428779999,0
			-19.9567639249999,-70.1366331109999,0
			-19.9561747509999,-70.1369212649999,0
			-19.9557745369999,-70.1373370399999,0
			-19.9553967439999,-70.1377771579999,0
			-19.9548480809999,-70.1380843879999,0
			-19.9541689719999,-70.1383148229999,0
			-19.9534630489998,-70.1385016999999,0
			-19.9527305779999,-70.1385929639999,0
			-19.95196285,-70.138549493,0
			-19.9515480379998,-70.1384250299999,0
			-19.9509429579999,-70.138376777,0
			-19.9503562809999,-70.13828631,0
			-19.9498145439999,-70.1382172979999,0
			-19.9493630979999,-70.138172889,0
			-19.948636049,-70.1381225909999,0
			-19.9479816259999,-70.1380237329999,0
			-19.9473325529999,-70.1377949019999,0
			-19.9466386899999,-70.137497336,0
			-19.9459627639999,-70.1372425619999,0
			-19.9453541829999,-70.137024125,0
			-19.9447685019999,-70.136778062,0
			-19.9441961439999,-70.136566382,0
			-19.9436811009999,-70.1365705259998,0
			-19.943344457,-70.1369309149999,0
			-19.943214027,-70.1375450529998,0
			-19.9431191829999,-70.1382428099999,0
			-19.9429612229999,-70.138925081,0
			-19.9426412409999,-70.139502401,0
			-19.9421147259999,-70.1398989889999,0
			-19.941494727,-70.1400531199999,0
			-19.9408490159999,-70.1400152969999,0
			-19.9402300839999,-70.140014456,0
			-19.9396821529999,-70.1402073,0
			-19.9391515909999,-70.140519082,0
			-19.938728542,-70.1409746359999,0
			-19.9384492629999,-70.1415519139999,0
			-19.9380761479998,-70.1419654789999,0
			-19.9374346019999,-70.1419706509999,0
			-19.936653775,-70.1418576529999,0
			-19.9359799699999,-70.1419646579999,0
			-19.935391201,-70.142200008,0
			-19.9347665989999,-70.1423790609999,0
			-19.934142687,-70.1424390689999,0
			-19.9335694179999,-70.1423701399999,0
			-19.9330471429999,-70.1420947939999,0
			-19.9325708839999,-70.1416849249999,0
			-19.9321078769999,-70.141320314,0
			-19.9318181229999,-70.1407166659999,0
			-19.931970355,-70.140224201,0
			-19.9319921219999,-70.1396579319999,0
			-19.931737922,-70.1391423579999,0
			-19.9312795949999,-70.138750945,0
			-19.93070295,-70.1384923649999,0
			-19.930093756,-70.1383924379999,0
			-19.9294928559999,-70.1383961939999,0
			-19.9288964259999,-70.138418535,0
			-19.9283232779999,-70.1383186319999,0
			-19.9277778759999,-70.138117026,0
			-19.9271641729999,-70.138015974,0
			-19.9264777379999,-70.1379802239999,0
			-19.925832177,-70.1378956949999,0
			-19.92522315,-70.137769479,0
			-19.9244915749998,-70.1377205709999,0
			-19.924057531,-70.137779058,0
			-19.9236229909999,-70.137903126,0
			-19.9232333639999,-70.138076198,0
			-19.9226254449999,-70.138482024,0
			-19.9220764099999,-70.138847104,0
			-19.921451463,-70.1390922059999,0
			-19.9207592859999,-70.1392361829999,0
			-19.9200768119999,-70.1392871739999,0
			-19.919426551,-70.1392427559999,0
			-19.918794329,-70.139190489,0
			-19.918152603,-70.139235431,0
			-19.917433328,-70.1393807749998,0
			-19.9166416519998,-70.139550954,0
			-19.9159043229999,-70.139695149,0
			-19.9152305439999,-70.13979785,0
			-19.9145205549999,-70.1399149269999,0
			-19.9140364249999,-70.1400272019999,0
			-19.9133168449999,-70.140219728,0
			-19.9123166339999,-70.1404979649999,0
			-19.9111988179999,-70.1408090859999,0
			-19.910216723,-70.1410781359999,0
			-19.909528794,-70.1412755769999,0
			-19.9090760059999,-70.1414285289999,0
			-19.908450748,-70.141721339,0
			-19.9078796119999,-70.1420115619999,0
			-19.9073714309999,-70.1423531019999,0
			-19.907006773,-70.1428557799999,0
			-19.9066641879999,-70.143447983,0
			-19.9063666789999,-70.144039958,0
			-19.906403585,-70.144631209,0
			-19.906666383,-70.1452123459999,0
			-19.906752758,-70.1458221839999,0
			-19.9065684679999,-70.1463829669999,0
			-19.9061372329999,-70.1467054779999,0
			-19.905563195,-70.146756043,0
			-19.9049267499999,-70.1466702289999,0
			-19.9043212659999,-70.1466841769999,0
			-19.9038586289999,-70.1469640469999,0
			-19.9034094259999,-70.1472718679998,0
			-19.9028395629999,-70.1473638559999,0
			-19.9022756789998,-70.147240143,0
			-19.901762123,-70.1470134209999,0
			-19.901229766,-70.1469015169999,0
			-19.9006782479999,-70.1469491889999,0
			-19.9001094599998,-70.146885777,0
			-19.8995831289999,-70.1465395559999,0
			-19.899125652,-70.1460296599999,0
			-19.8987407539999,-70.1454558089999,0
			-19.8983785419999,-70.14488729,0
			-19.8978443699999,-70.1443437519999,0
			-19.8974620159999,-70.1440870029999,0
			-19.8970432139999,-70.1438810079999,0
			-19.8962988339999,-70.143716814,0
			-19.8957391749999,-70.143637596,0
			-19.895211972,-70.143414396,0
			-19.894648048,-70.143296027,0
			-19.8940511989999,-70.1433717899998,0
			-19.8935227579999,-70.14335305,0
			-19.8932177719999,-70.1430237019999,0
			-19.8931308989999,-70.1424666519999,0
			-19.8930353629999,-70.1418749539999,0
			-19.892726817,-70.1413730479999,0
			-19.8922189149999,-70.140967679,0
			-19.89179697,-70.140546732,0
			-19.891647,-70.1399821169999,0
			-19.891583354,-70.1393332979999,0
			-19.8913521839999,-70.138756523,0
			-19.890943847,-70.1383136139999,0
			-19.8904400879999,-70.1379649439999,0
			-19.8899727319999,-70.1375720099999,0
			-19.889673576,-70.1370236319999,0
			-19.8894424869999,-70.1364330929999,0
			-19.8891389779999,-70.1358470499999,0
			-19.888776782,-70.1352588679999,0
			-19.888382629,-70.1347257049999,0
			-19.8880063649999,-70.1342195079998,0
			-19.88761175,-70.1337584889999,0
			-19.8871445739999,-70.133335453,0
			-19.886641401,-70.132905041,0
			-19.8861287799999,-70.1325161159999,0
			-19.8855073429999,-70.132210454,0
			-19.8850609439999,-70.132070041,0
			-19.88451071,-70.1319270889999,0
			-19.8839106569999,-70.1317970879999,0
			-19.8833645809999,-70.1317105849999,0
			-19.8825422429999,-70.131721176,0
			-19.8819994259999,-70.1318321799998,0
			-19.8811723539999,-70.1318892919999,0
			-19.880553106,-70.1319377099999,0
			-19.8799604879999,-70.132057985,0
			-19.8794260809999,-70.132266692,0
			-19.878999225,-70.1326146539999,0
			-19.878693144,-70.1331407689999,0
			-19.8784002359999,-70.1337365309999,0
			-19.8779727709999,-70.1341799369999,0
			-19.8774065759999,-70.1344051559999,0
			-19.8767819619999,-70.1345866879999,0
			-19.8761433809999,-70.1348462819999,0
			-19.875499851,-70.1351621729999,0
			-19.8748615859999,-70.1353603489999,0
			-19.8742740349999,-70.1353941109999,0
			-19.8737400999999,-70.1355281649999,0
			-19.8731508669999,-70.135825661,0
			-19.8727657269999,-70.1360034899999,0
			-19.8722403289999,-70.1362263259999,0
			-19.8715653019999,-70.1365134229998,0
			-19.8708268549998,-70.1368328459999,0
			-19.8701655389999,-70.1371169849999,0
			-19.869286702,-70.13747906,0
			-19.868733758,-70.137773276,0
			-19.8683470319999,-70.1381871279999,0
			-19.8681626669999,-70.1387639009999,0
			-19.8680003729999,-70.139408036,0
			-19.8676130019999,-70.1399340689999,0
			-19.8670148849999,-70.1402192659999,0
			-19.8663865789999,-70.1402831519999,0
			-19.8657907059999,-70.140206134,0
			-19.865254878,-70.13992981,0
			-19.8648108289999,-70.1394228029999,0
			-19.864411941,-70.1389251209999,0
			-19.8639347499999,-70.1386582209999,0
			-19.8633798489999,-70.1385283019998,0
			-19.862830005,-70.1383253479999,0
			-19.862248345,-70.138155265,0
			-19.861615862,-70.138154352,0
			-19.861018341,-70.1383353459998,0
			-19.8605191419998,-70.138697678,0
			-19.8601093899999,-70.13919372,0
			-19.8596415559999,-70.1395700429999,0
			-19.859085044,-70.1397039129999,0
			-19.8584839259999,-70.1397525049999,0
			-19.8579228309999,-70.1398853999999,0
			-19.8574825669999,-70.1402098899999,0
			-19.8571856729999,-70.140708289,0
			-19.8568072129999,-70.141264232,0
			-19.8562997089999,-70.141500536,0
			-19.855661558,-70.141679578,0
			-19.8550555249999,-70.141779367,0
			-19.854458466,-70.14188759,0
			-19.853896783,-70.1421235019999,0
			-19.853388072,-70.142548323,0
			-19.8528797159999,-70.142929102,0
			-19.8523459809999,-70.1430195459999,0
			-19.8518411819999,-70.142833658,0
			-19.8513635909999,-70.142629974,0
			-19.850856571,-70.142790702,0
			-19.8504558129999,-70.14329076,0
			-19.8503120169999,-70.143875812,0
			-19.850697801,-70.144302258,0
			-19.8512131919999,-70.1442561209999,0
			-19.8515086519999,-70.1446743359999,0
			-19.8512121919999,-70.1451152929999,0
			-19.850739684,-70.145526121,0
			-19.8503026889999,-70.146031465,0
			-19.849928317,-70.146639968,0
			-19.849432512,-70.1471621719999,0
			-19.8488207619999,-70.147447843,0
			-19.8482455859999,-70.147686601,0
			-19.8478135409999,-70.148123362,0
			-19.8475792139999,-70.1487304349999,0
			-19.8474801149999,-70.1493833019999,0
			-19.847281865,-70.1500078409999,0
			-19.846877021,-70.1504385299999,0
			-19.8463475599999,-70.1505770869999,0
			-19.8458924659999,-70.1503866899999,0
			-19.845678757,-70.1498960859999,0
			-19.8456016789999,-70.149245244,0
			-19.8453213279999,-70.1485855879998,0
			-19.8450159769999,-70.1482909859999,0
			-19.844593071,-70.1480211209999,0
			-19.8441156969999,-70.147784343,0
			-19.843647066,-70.1476034059999,0
			-19.843232174,-70.1474915369999,0
			-19.8425458149999,-70.1474316919999,0
			-19.8419218739999,-70.1475185749999,0
			-19.841306061,-70.1477223809998,0
			-19.840712921,-70.147934483,0
			-19.8401019469999,-70.1480996,0
			-19.8394412669999,-70.1482591939999,0
			-19.838784872,-70.1484663029999,0
			-19.8382000019999,-70.1487960259999,0
			-19.8376999409999,-70.1492779489999,0
			-19.837262557,-70.1498534069999,0
			-19.8368433379999,-70.1504127969999,0
			-19.8364019209999,-70.15090194,0
			-19.835929113,-70.151368872,0
			-19.835410797,-70.1518797479999,0
			-19.834910352,-70.1524196129999,0
			-19.8344414499999,-70.152969088,0
			-19.8339773639998,-70.153482848,0
			-19.833549537,-70.1539753579999,0
			-19.8332245999998,-70.154615501,0
			-19.832975596,-70.155393938,0
			-19.8328169519999,-70.1561628539999,0
			-19.8327628809999,-70.156854153,0
			-19.832690902,-70.1574987019999,0
			-19.8324477269999,-70.1580727869999,0
			-19.832015612,-70.1585169859999,0
			-19.8318258259999,-70.1586759829999,0
			-19.831729734,-70.158756489,0
			-19.8316960209999,-70.158773122,0
			-19.831673133,-70.1587835519999,0
			-19.8316562709999,-70.1587943,0
			-19.8316355339999,-70.15880434,0
			-19.8316001709999,-70.1588280029999,0
			-19.8315684009999,-70.1588533589999,0
			-19.8315364289999,-70.1588829579999,0
			-19.831504539,-70.158915818,0
			-19.831473541,-70.1589473489999,0
			-19.831434873,-70.158980726,0
			-19.8314082369999,-70.15900773,0
			-19.8313795719999,-70.1590400109999,0
			-19.831364986,-70.159055259,0
			-19.8313542769999,-70.1590712169998,0
			-19.831325411,-70.1591077429999,0
			-19.8312974359999,-70.1591429389999,0
			-19.831285368,-70.159160076,0
			-19.8312590989999,-70.1591893529999,0
			-19.8312286689999,-70.1592189089999,0
			-19.8311997389999,-70.1592467949999,0
			-19.8311722109999,-70.1592751289999,0
			-19.8311565499999,-70.159290572,0
			-19.8311210429999,-70.1593147259999,0
			-19.8310841989999,-70.159334679,0
			-19.8310460339999,-70.159357442,0
			-19.8310146889999,-70.1593813169999,0
			-19.8309823079999,-70.159407016,0
			-19.8309537649999,-70.1594317909999,0
			-19.8309266409998,-70.1594640259999,0
			-19.830897227,-70.1594971439998,0
			-19.8308679969999,-70.159531395,0
			-19.830842173,-70.1595662039999,0
			-19.830820654,-70.159600239,0
			-19.8308048589999,-70.159640966,0
			-19.8307960229999,-70.1596823089999,0
			-19.830787132,-70.159727404,0
			-19.8307824149998,-70.1597668399999,0
			-19.8307816919998,-70.1597870819999,0
			-19.8307781089999,-70.1598101769999,0
			-19.8307762739998,-70.1598537689999,0
			-19.8307773439998,-70.1598961399999,0
			-19.8307840749999,-70.1599365569999,0
			-19.8307879759999,-70.1599566679998,0
			-19.830805686,-70.159997919,0
			-19.8308257479999,-70.160034535,0
			-19.8308334449999,-70.1600520959999,0
			-19.830835806,-70.16007225,0
			-19.8308328159999,-70.16011278,0
			-19.830831808,-70.1601340059999,0
			-19.8308332759999,-70.1601554919999,0
			-19.8308432749999,-70.1601969589999,0
			-19.830854147,-70.1602424769999,0
			-19.8308636589999,-70.160289177,0
			-19.8308731499999,-70.1603288639999,0
			-19.830877336,-70.160347988,0
			-19.8308899089999,-70.160387591,0
			-19.8308935289999,-70.1604086879999,0
			-19.830890938,-70.1604283309999,0
			-19.8308918969999,-70.1604480349999,0
			-19.8308959419999,-70.1604676539999,0
			-19.8308984719998,-70.160506723,0
			-19.8308996149999,-70.1605275639999,0
			-19.8309155159999,-70.1605644609999,0
			-19.830929268,-70.1606017459998,0
			-19.8309419839999,-70.160640853,0
			-19.8309478539999,-70.160659444,0
			-19.8309504979999,-70.160678611,0
			-19.8309579539999,-70.1606987869999,0
			-19.830969953,-70.1607155729998,0
			-19.8309710529999,-70.160734786,0
			-19.8309744909999,-70.1607547479999,0
			-19.830981761,-70.1607737859999,0
			-19.8309982219999,-70.160783925,0
			-19.83101419,-70.1607745049999,0
			-19.8310255009999,-70.1607700219999,0
			-19.831050617,-70.1607684269999,0
			-19.8310675019999,-70.160777084,0
			-19.831076417,-70.1607939569999,0
			-19.8310806449999,-70.1608147119999,0
			-19.831101842,-70.160847384,0
			-19.8311290839999,-70.1608749929999,0
			-19.831141975,-70.1608904499999,0
			-19.8311486389999,-70.1609098319999,0
			-19.83114698,-70.160929774,0
			-19.8311303629998,-70.1609379069999,0
			-19.8311162539999,-70.160923136,0
			-19.8311070149999,-70.1609056199999,0
			-19.8310945499999,-70.160888686,0
			-19.8310754509999,-70.1608841659999,0
			-19.8310758039999,-70.160904213,0
			-19.8310950329999,-70.16093841,0
			-19.8311222749999,-70.1609660189999,0
			-19.8311499669999,-70.1609991619999,0
			-19.831171953,-70.1610326269999,0
			-19.8311769179999,-70.1610703219999,0
			-19.8311730689999,-70.1610890209999,0
			-19.831179081,-70.161107118,0
			-19.831189964,-70.1611224659999,0
			-19.8312040709999,-70.1611372359999,0
			-19.83120349,-70.1611569849999,0
			-19.831182253,-70.1611900359999,0
			-19.8311681339999,-70.161205433,0
			-19.8311595159998,-70.161224756,0
			-19.831156031,-70.161245728,0
			-19.8311551669999,-70.1612664649999,0
			-19.8311505659999,-70.161286,0
			-19.8311391069998,-70.1613027929998,0
			-19.831133247,-70.1613213869999,0
			-19.8311484889999,-70.1613322069999,0
			-19.831164459,-70.161322791,0
			-19.8311918049999,-70.1612933199999,0
			-19.8312037719999,-70.161278309,0
			-19.8312204899999,-70.161268052,0
			-19.8312377579999,-70.1612612079999,0
			-19.8312555959999,-70.161264783,0
			-19.8312670889999,-70.1612797879999,0
			-19.8312719509999,-70.1613196069999,0
			-19.831271976,-70.161339012,0
			-19.831284003,-70.161375204,0
			-19.8312865039999,-70.1613948669999,0
			-19.8312797379999,-70.1614325639998,0
			-19.8312735969999,-70.1614521419999,0
			-19.8312710039999,-70.1614717849999,0
			-19.831274725,-70.1614907609999,0
			-19.83127045,-70.1615109399999,0
			-19.83125913,-70.1615272399999,0
			-19.8312408049998,-70.1615288959999,0
			-19.8312247709998,-70.1615172779999,0
			-19.8312068899999,-70.1615120739999,0
			-19.831174814,-70.1615314019999,0
			-19.8311585199999,-70.1615401759998,0
			-19.8311400299999,-70.161535316,0
			-19.8311249899999,-70.161520246,0
			-19.831125571,-70.1615004969998,0
			-19.8311102949999,-70.161512832,0
			-19.83110397,-70.161531273,0
			-19.8310854209998,-70.1615301629999,0
			-19.8310470829999,-70.161521619,0
			-19.8310078339998,-70.1615197859999,0
			-19.8309900179999,-70.161523222,0
			-19.8309702119999,-70.161521169,0
			-19.830954826,-70.161510838,0
			-19.8309552659998,-70.161491584,0
			-19.8309612259999,-70.161470868,0
			-19.8309639589999,-70.161450734,0
			-19.8309473369999,-70.1614329019999,0
			-19.8309372889999,-70.161433544,0
			-19.830925787,-70.161448706,0
			-19.8309180599999,-70.161466699,0
			-19.830902216,-70.1614810069999,0
			-19.830866726,-70.1614873859999,0
			-19.8308475279999,-70.161484989,0
			-19.8308456679999,-70.161509178,0
			-19.8308630639999,-70.1615196129999,0
			-19.830885011,-70.1615618169999,0
			-19.8309033049999,-70.1615853459999,0
			-19.8309179819998,-70.1615981429999,0
			-19.8309293719999,-70.1616152709998,0
			-19.830939835,-70.1616568869998,0
			-19.830947249,-70.1616754339998,0
			-19.8309569539999,-70.1616930989999,0
			-19.8309748349999,-70.161698305,0
			-19.8309833509999,-70.1616811059999,0
			-19.8309827909999,-70.161640515,0
			-19.8309801049999,-70.161619717,0
			-19.8309748439999,-70.161600785,0
			-19.8309627449999,-70.1615861219999,0
			-19.8309605659998,-70.1615671029999,0
			-19.8309801489999,-70.161566388,0
			-19.831017044,-70.161572854,0
			-19.8310531709998,-70.1615855379999,0
			-19.8310879799999,-70.16160103,0
			-19.8311242299999,-70.1616186029999,0
			-19.8311593649999,-70.161634739,0
			-19.831178542,-70.161642515,0
			-19.8311948199998,-70.161651518,0
			-19.8312094359999,-70.1616680669999,0
			-19.831219893,-70.1616848949999,0
			-19.831223473,-70.1617043659999,0
			-19.831231702,-70.1617431099999,0
			-19.8312387899999,-70.1617610119999,0
			-19.8312544999999,-70.1617719859999,0
			-19.831273778,-70.1617652479999,0
			-19.8312923859999,-70.1617626049999,0
			-19.8313108339999,-70.161765837,0
			-19.8313262199999,-70.1617761679999,0
			-19.8313377109999,-70.1617911749999,0
			-19.831354222,-70.1618277289999,0
			-19.8313670799999,-70.161866343,0
			-19.831369583,-70.1618860039999,0
			-19.8313628999999,-70.1619269619999,0
			-19.8313570809999,-70.1619471849999,0
			-19.8313417619999,-70.161957889,0
			-19.8313044849999,-70.161966928,0
			-19.8312861989999,-70.1619702149999,0
			-19.8312504899999,-70.1619862219999,0
			-19.8312329399999,-70.1619940519999,0
			-19.8312146559999,-70.1619973389999,0
			-19.8311988629999,-70.161983106,0
			-19.8311850369999,-70.1619673479999,0
			-19.8311681499999,-70.1619586909999,0
			-19.831149136,-70.1619574319999,0
			-19.831131076,-70.161963482,0
			-19.8310916499999,-70.1619729079999,0
			-19.8310736319999,-70.1619805889999,0
			-19.8310554909999,-70.1619833829998,0
			-19.8310373259999,-70.1619791629998,0
			-19.8310239669999,-70.161963557,0
			-19.8310148039999,-70.1619245119999,0
			-19.8310026949999,-70.161885061,0
			-19.8309918729999,-70.1618659599999,0
			-19.8309908709999,-70.1618446259999,0
			-19.8309970549999,-70.1618266759999,0
			-19.830997796,-70.161788659,0
			-19.830981842,-70.1617803,0
			-19.8309501719999,-70.161803532,0
			-19.830932236,-70.1618144719999,0
			-19.8309147849999,-70.1618201809999,0
			-19.8308976139999,-70.1618125099999,0
			-19.830866618,-70.1617890829999,0
			-19.8308493059999,-70.161781903,0
			-19.830831608,-70.161777834,0
			-19.8308168799999,-70.161793578,0
			-19.8308419529999,-70.161826957,0
			-19.8308587069999,-70.1618608959999,0
			-19.8308717079999,-70.161899019,0
			-19.830889618,-70.16193602,0
			-19.8308971719999,-70.1619540719999,0
			-19.8309080549999,-70.1619694229999,0
			-19.8309263479999,-70.162003319,0
			-19.8309385909999,-70.1620174889999,0
			-19.8309532329998,-70.1620534429999,0
			-19.8309569539999,-70.1620724179999,0
			-19.8309684109998,-70.162110583,0
			-19.8309723139999,-70.1621306949999,0
			-19.8309693949999,-70.1621496959999,0
			-19.8309714319999,-70.1621692059999,0
			-19.830977628,-70.1621884379999,0
			-19.8309824489999,-70.1622266259999,0
			-19.8309800679999,-70.1622668099999,0
			-19.8309750019999,-70.1622861959999,0
			-19.830976569,-70.162305558,0
			-19.830994774,-70.1623114069999,0
			-19.8310042959999,-70.1623279359999,0
			-19.8310047909999,-70.1623474929999,0
			-19.8310142389999,-70.162385549,0
			-19.8310185659999,-70.162404182,0
			-19.8310210689999,-70.1624238429999,0
			-19.8310189459999,-70.162443636,0
			-19.8309930589999,-70.1624698049999,0
			-19.8309561909999,-70.1624827429999,0
			-19.830937825,-70.1624827709999,0
			-19.8309169229998,-70.162486293,0
			-19.8308982559999,-70.162492688,0
			-19.830879931,-70.1624943459999,0
			-19.830863355,-70.1625041049999,0
			-19.8308471849999,-70.162517768,0
			-19.830829186,-70.1625200689999,0
			-19.830809867,-70.1625251789999,0
			-19.8307906279999,-70.1625211509999,0
			-19.8307720989999,-70.162514661,0
			-19.830757138,-70.1625028499999,0
			-19.8307450399999,-70.162488187,0
			-19.830719519,-70.162516625,0
			-19.8307122579999,-70.1625347689999,0
			-19.830690696,-70.162567176,0
			-19.8306635539998,-70.162592398,0
			-19.8306284499999,-70.1626080609999,0
			-19.8305905469999,-70.162622824,0
			-19.8305536949999,-70.1626303839999,0
			-19.8305344779999,-70.16263337,0
			-19.830515061,-70.162640601,0
			-19.830480548,-70.1626613029999,0
			-19.8304429889999,-70.162671328,0
			-19.830404066,-70.1626701379999,0
			-19.8303840749998,-70.162666949,0
			-19.830364817,-70.1626683049998,0
			-19.83032803,-70.1626845039999,0
			-19.8303103959998,-70.162689077,0
			-19.8302891309999,-70.162690327,0
			-19.830269932,-70.1626879299999,0
			-19.830255215,-70.162673505,0
			-19.8302396859999,-70.1626636669999,0
			-19.8302214829999,-70.1626578159999,0
			-19.8301851919999,-70.1626386149999,0
			-19.8301686319999,-70.1626306019999,0
			-19.8301505479999,-70.1626296409999,0
			-19.8301374649998,-70.1626432199999,0
			-19.830122843,-70.1626816259999,0
			-19.8301130089999,-70.1627016349998,0
			-19.8300972239999,-70.1627121899999,0
			-19.8300789379999,-70.1627154749999,0
			-19.8300599239999,-70.1627142129999,0
			-19.8300265149999,-70.162699171,0
			-19.830010381,-70.1626896789999,0
			-19.8299919319999,-70.1626864449999,0
			-19.829974012,-70.162679611,0
			-19.8299452279999,-70.162652043,0
			-19.8299317689999,-70.162638558,0
			-19.82989781,-70.1626201079999,0
			-19.829880358,-70.1626134219999,0
			-19.829855691,-70.162583947,0
			-19.8298434089999,-70.1625681459999,0
			-19.8298271899998,-70.1625553929999,0
			-19.829790191,-70.162538657,0
			-19.829750979,-70.1625260609999,0
			-19.829733018,-70.162517596,0
			-19.8296998879999,-70.1624891729999,0
			-19.829684361,-70.1624793369999,0
			-19.8296704359999,-70.162465701,0
			-19.8296383659999,-70.162442469,0
			-19.8296059889999,-70.162413209,0
			-19.829578988,-70.1623829819999,0
			-19.829547727,-70.162355158,0
			-19.8295293589999,-70.162342794,0
			-19.8295117649999,-70.162348994,0
			-19.8294984399999,-70.162365187,0
			-19.8294977539999,-70.1623870579999,0
			-19.8295104639999,-70.162401377,0
			-19.829519886,-70.1624200299999,0
			-19.8295220649999,-70.1624390489999,0
			-19.8295213259999,-70.1624578179998,0
			-19.8295203729999,-70.16248215,0
			-19.829522265,-70.1625021539999,0
			-19.8295173399999,-70.1625210449999,0
			-19.8294912299999,-70.162544446,0
			-19.8294734529999,-70.1625495129999,0
			-19.8294366399999,-70.162546307,0
			-19.8293964559999,-70.1625317789999,0
			-19.8293622759999,-70.162510563,0
			-19.8293323539999,-70.1624869409999,0
			-19.829300893,-70.1624633629999,0
			-19.8292854139999,-70.1624498039999,0
			-19.829275719,-70.1624321079999,0
			-19.82926938,-70.16241337,0
			-19.82925639,-70.1624000349998,0
			-19.8292534199999,-70.1623802229999,0
			-19.8292598479999,-70.1623596589999,0
			-19.829284758,-70.162331562,0
			-19.829298777,-70.1623182859999,0
			-19.8292803689999,-70.162316683,0
			-19.8292606459999,-70.1623178889999,0
			-19.8292429119999,-70.1623245849999,0
			-19.8292282349999,-70.1623117879999,0
			-19.8292271329999,-70.1622925769999,0
			-19.8292334589999,-70.1622741319998,0
			-19.8292523609999,-70.162240335,0
			-19.82926307,-70.162224379,0
			-19.8292797489999,-70.1622124959999,0
			-19.8292921839999,-70.162197632,0
			-19.8292800839999,-70.1621829689999,0
			-19.8292636489999,-70.162192236,0
			-19.8292494479998,-70.162204376,0
			-19.8292320379999,-70.1622117159999,0
			-19.829226591,-70.162179252,0
			-19.829236184,-70.16216186,0
			-19.8292640359999,-70.1621341709999,0
			-19.8292809589998,-70.1621196709999,0
			-19.829299808,-70.1621144119999,0
			-19.829297631,-70.162095393,0
			-19.8292607399999,-70.1621013219999,0
			-19.8292414209999,-70.162106432,0
			-19.829203068,-70.1621032689999,0
			-19.829184943,-70.1621006799999,0
			-19.8291667619999,-70.162101843,0
			-19.829125845,-70.1620951629999,0
			-19.82910829,-70.162090602,0
			-19.8290724079999,-70.1620753019999,0
			-19.829053836,-70.1620671809999,0
			-19.8290401959999,-70.162052563,0
			-19.8290197479999,-70.1620190539999,0
			-19.8290085419999,-70.162003059,0
			-19.828991757,-70.1619922799999,0
			-19.828972393,-70.1619833649999,0
			-19.8289339749999,-70.1619715619999,0
			-19.8289157679999,-70.161965712,0
			-19.8288974649999,-70.1619619889999,0
			-19.8288790579999,-70.1619603839999,0
			-19.8288593319999,-70.1619615919999,0
			-19.8288426119999,-70.1619718449999,0
			-19.8288300759999,-70.1619888319999,0
			-19.8288245419999,-70.1620080689999,0
			-19.8288255029999,-70.162027773,0
			-19.8288300159999,-70.162047542,0
			-19.8288408969998,-70.1620628899998,0
			-19.8288544989998,-70.162075882,0
			-19.828863127,-70.1620937389999,0
			-19.8288634809999,-70.162113789,0
			-19.828857039,-70.1621521279999,0
			-19.8288525799999,-70.1621711699999,0
			-19.828841402,-70.162186977,0
			-19.8288246169999,-70.162176195,0
			-19.8288021019999,-70.1621463329999,0
			-19.828795155,-70.162127937,0
			-19.828783341,-70.1621122879999,0
			-19.8287777539999,-70.162092714,0
			-19.8287592759999,-70.162057682,0
			-19.8287501519999,-70.1620202679999,0
			-19.82874915,-70.1619989339999,0
			-19.828736218,-70.161981849,0
			-19.828703704,-70.1619654759999,0
			-19.828667293,-70.1619537779999,0
			-19.828648479,-70.161948273,0
			-19.8286263389999,-70.16194547,0
			-19.828584656,-70.16194501,0
			-19.8285658239999,-70.161944886,0
			-19.8285259249999,-70.161941769,0
			-19.8284853169999,-70.161941116,0
			-19.828465593,-70.1619423229999,0
			-19.8284284579999,-70.161950866,0
			-19.828410827,-70.16195544,0
			-19.8283749509999,-70.1619649259999,0
			-19.828337065,-70.161974309,0
			-19.8282988789999,-70.161990058,0
			-19.8282819349999,-70.1619975469999,0
			-19.8282452519999,-70.1620240169999,0
			-19.8282127299999,-70.1620502079999,0
			-19.8281811419999,-70.1620766989999,0
			-19.8281505859999,-70.1621013649999,0
			-19.828134925,-70.162116808,0
			-19.8281121489999,-70.1621498999999,0
			-19.8281010099999,-70.1621673349999,0
			-19.828087685,-70.1621835289999,0
			-19.828067464,-70.162220138,0
			-19.8280583369998,-70.162237679,0
			-19.8280381769999,-70.162270533,0
			-19.828021223,-70.162308191,0
			-19.8280144299999,-70.1623264839999,0
			-19.8280045109999,-70.1623432339999,0
			-19.827989094,-70.1623560599999,0
			-19.8279711759999,-70.1623616169999,0
			-19.8279511649999,-70.1623638099999,0
			-19.8279331859999,-70.162360728,0
			-19.8278953949999,-70.1623431979999,0
			-19.8278581929999,-70.1623307099999,0
			-19.8278403119999,-70.162325504,0
			-19.8278219459999,-70.162325531,0
			-19.8278036619999,-70.1623288159999,0
			-19.8277845689998,-70.1623366919999,0
			-19.8277699,-70.162348681,0
			-19.827753932,-70.1623580989998,0
			-19.827736057,-70.1623652869999,0
			-19.8277093619998,-70.1623960439999,0
			-19.8276844909999,-70.1624257699999,0
			-19.8276719139999,-70.1624411249999,0
			-19.8276533359999,-70.1624755669999,0
			-19.827639083,-70.162516248,0
			-19.8276292309999,-70.162554031,0
			-19.8276248559999,-70.162576332,0
			-19.8276317689999,-70.1626178839999,0
			-19.8276450929999,-70.1626566489999,0
			-19.8276525459999,-70.1626768229999,0
			-19.8276672229999,-70.16268962,0
			-19.8276799729999,-70.1627055699999,0
			-19.827686452,-70.162723816,0
			-19.8276900289999,-70.1627432819999,0
			-19.8277085369999,-70.162742764,0
			-19.8277258049999,-70.1627359169999,0
			-19.8277436209999,-70.1627324829999,0
			-19.8277812669999,-70.1627381119999,0
			-19.8278006659999,-70.162736261,0
			-19.8278203309999,-70.162738807,0
			-19.8278340749999,-70.1627513029999,0
			-19.827842787,-70.1627724219999,0
			-19.8278599569999,-70.1627800929999,0
			-19.8278777969999,-70.162783669,0
			-19.8278989799999,-70.16277916,0
			-19.827913657,-70.162791957,0
			-19.8279218629999,-70.1628112949999,0
			-19.827923615,-70.162831793,0
			-19.827932103,-70.162850146,0
			-19.8279626119999,-70.1628788059999,0
			-19.8279763539998,-70.1628912999999,0
			-19.8279887799999,-70.1629066079998,0
			-19.827996233,-70.162926783,0
			-19.8280051479999,-70.1629436539999,0
			-19.8280202899999,-70.1629566019999,0
			-19.8280505339999,-70.1629808659999,0
			-19.8280648259999,-70.1629967709999,0
			-19.8280733139999,-70.1630151229999,0
			-19.8280729159999,-70.1630360079999,0
			-19.8280633899999,-70.1630744349999,0
			-19.8280567379999,-70.1630922339999,0
			-19.8280441219998,-70.163105962,0
			-19.8280270359999,-70.1631139419999,0
			-19.8280194929998,-70.1631330699999,0
			-19.828025504,-70.163151165,0
			-19.828041947,-70.1631666869999,0
			-19.828059767,-70.163175643,0
			-19.828085143,-70.163202653,0
			-19.8280957819999,-70.163220618,0
			-19.8280957079999,-70.1632421479999,0
			-19.8280585549999,-70.1632560739999,0
			-19.8280400299998,-70.163261975,0
			-19.8280278179999,-70.163279605,0
			-19.8280152079999,-70.1633181189999,0
			-19.8280087799998,-70.1633386829999,0
			-19.827994302,-70.1633765969999,0
			-19.8279898439999,-70.163395639,0
			-19.8279717569999,-70.1634372409999,0
			-19.8279645379999,-70.1634570139999,0
			-19.8279593689999,-70.1634785209999,0
			-19.8279597229999,-70.1634985709999,0
			-19.8279676409999,-70.1635188939999,0
			-19.8279844869999,-70.1635259229998,0
			-19.8280035019999,-70.1635271819999,0
			-19.82803934,-70.163528459,0
			-19.8280594899999,-70.1635257719999,0
			-19.8280969929999,-70.1635195009999,0
			-19.8281168989999,-70.1635194299999,0
			-19.8281568789999,-70.1635258109998,0
			-19.8281751449999,-70.1635279069999,0
			-19.8281942789999,-70.1635216619999,0
			-19.8282254219999,-70.1635020319999,0
			-19.8282445589999,-70.163495787,0
			-19.8282590839999,-70.1634842909999,0
			-19.8282772679999,-70.1634831279999,0
			-19.8282908679999,-70.163496117,0
			-19.8282907929999,-70.1635176459999,0
			-19.828285976,-70.163559202,0
			-19.8282814439999,-70.163599773,0
			-19.8282756249999,-70.1636199929999,0
			-19.8282720989999,-70.163639336,0
			-19.828273242,-70.1636601749999,0
			-19.8282426469999,-70.163683213,0
			-19.8282257459999,-70.1636923319999,0
			-19.8282070129999,-70.1636900869999,0
			-19.828188547,-70.1636922339999,0
			-19.8281673019999,-70.163700497,0
			-19.828160652,-70.1637182949999,0
			-19.8281732999999,-70.1637363689999,0
			-19.828190837,-70.163746311,0
			-19.8282259269999,-70.1637608169999,0
			-19.8282608379999,-70.1637741879999,0
			-19.8282846329999,-70.1637996119999,0
			-19.8282888169999,-70.163818737,0
			-19.8283115149999,-70.163849737,0
			-19.8283257239999,-70.163862384,0
			-19.8283424279998,-70.163869904,0
			-19.8283513409999,-70.163886777,0
			-19.8283544609998,-70.1639308829999,0
			-19.828365574,-70.1639737859999,0
			-19.8283698999999,-70.163992419,0
			-19.8283864099999,-70.164028973,0
			-19.82839705,-70.164046938,0
			-19.828404464,-70.1640654829999,0
			-19.828413102,-70.164108128,0
			-19.8284217989999,-70.164147024,0
			-19.8284269179999,-70.1641664489999,0
			-19.828443125,-70.16414202,0
			-19.8284416729999,-70.1641027609999,0
			-19.8284427219999,-70.1640831619999,0
			-19.828435709,-70.164043734,0
			-19.8284252859999,-70.164003744,0
			-19.8284201659999,-70.1639843189998,0
			-19.8284122859999,-70.1639656249999,0
			-19.8283999609999,-70.163948196,0
			-19.8283905819999,-70.163931173,0
			-19.8284030159999,-70.1639163099999,0
			-19.8284334849999,-70.1639433399999,0
			-19.8284510229999,-70.1639532839999,0
			-19.8284693689999,-70.1639586389999,0
			-19.8284862149999,-70.1639656679999,0
			-19.828501925,-70.1639766419999,0
			-19.828514024,-70.163991305,0
			-19.828531886,-70.164001894,0
			-19.8285487329999,-70.1640089209998,0
			-19.8285640509999,-70.1639982179999,0
			-19.8285711679998,-70.163980569,0
			-19.8285824869999,-70.163964269,0
			-19.8286029619999,-70.163962226,0
			-19.828631663,-70.1639865329998,0
			-19.8286430549999,-70.1640036639999,0
			-19.828651076,-70.1640218669999,0
			-19.8286583719999,-70.1640603079998,0
			-19.8286625979999,-70.1640810629999,0
			-19.828673808,-70.1640970559999,0
			-19.828684489,-70.164116652,0
			-19.82868975,-70.1641355839999,0
			-19.8286963369999,-70.1641764929998,0
			-19.828700421,-70.1641977409999,0
			-19.8287181599999,-70.1642034419999,0
			-19.8287133649999,-70.1641846599999,0
			-19.828711288,-70.1641635179999,0
			-19.8287163549999,-70.1641441339999,0
			-19.8287314499999,-70.1641306629999,0
			-19.828768324,-70.164130115,0
			-19.828787319,-70.1641367569999,0
			-19.8288163459999,-70.1641617079999,0
			-19.8288468549999,-70.1641903689999,0
			-19.8288768999999,-70.164218878,0
			-19.828902317,-70.1642475179999,0
			-19.8289253369998,-70.164279161,0
			-19.8289374369999,-70.164293824,0
			-19.8289673149998,-70.1643158139999,0
			-19.8289899319999,-70.164343555,0
			-19.8289956589999,-70.164362636,0
			-19.8290144019998,-70.1644020639999,0
			-19.8290306699999,-70.164441234,0
			-19.8290514799999,-70.1644770159999,0
			-19.829074259,-70.1645112749999,0
			-19.8290942789999,-70.164546263,0
			-19.8291044929999,-70.16456571,0
			-19.8291103649998,-70.1645842979999,0
			-19.8291144099999,-70.164603917,0
			-19.8291261909998,-70.1646427219999,0
			-19.8291347459999,-70.1646821109999,0
			-19.8291360309999,-70.1647024589998,0
			-19.82914406,-70.1647454479999,0
			-19.8291490639999,-70.1647847739999,0
			-19.8291490139999,-70.164825706,0
			-19.8291498,-70.1648690609999,0
			-19.829150543,-70.1649107869999,0
			-19.8291553639999,-70.164948975,0
			-19.8291593079998,-70.1649707169999,0
			-19.8291554969999,-70.1649910449999,0
			-19.8291418049999,-70.1650049659999,0
			-19.8291233969999,-70.1650033629999,0
			-19.8291089049999,-70.164991702,0
			-19.8290963379999,-70.164976887,0
			-19.8290810519998,-70.1649644339998,0
			-19.829066945,-70.1649496649999,0
			-19.8290553469999,-70.1649119959999,0
			-19.8290376599999,-70.164877754,0
			-19.829014172,-70.1648459629999,0
			-19.8289910069999,-70.164814813,0
			-19.828980837,-70.1647969969999,0
			-19.8289690199999,-70.164781348,0
			-19.828953053,-70.164790766,0
			-19.828957096,-70.164810383,0
			-19.8289378979999,-70.164807987,0
			-19.828923129,-70.1648221,0
			-19.8289058609999,-70.1648289459999,0
			-19.828877951,-70.1648054309999,0
			-19.8288670699999,-70.164790082,0
			-19.8288599409999,-70.164770549,0
			-19.828838235,-70.1647360969999,0
			-19.82882656,-70.164719955,0
			-19.8288091169999,-70.1646831009999,0
			-19.8288024199999,-70.1646651729999,0
			-19.828791818,-70.164645752,0
			-19.8287792509999,-70.1646309389999,0
			-19.828768328,-70.164613962,0
			-19.8287721119999,-70.1645742279999,0
			-19.8287780699999,-70.16455351,0
			-19.8287870579999,-70.1645364619999,0
			-19.8288052389999,-70.164535299,0
			-19.828829721,-70.1645636389999,0
			-19.8288470729999,-70.1645724479998,0
			-19.8288646299999,-70.16457701,0
			-19.828844793,-70.164543157,0
			-19.8288202699999,-70.1645131889999,0
			-19.8287946699999,-70.1644834119999,0
			-19.8287799949999,-70.1644706159999,0
			-19.8287690729999,-70.164453636,0
			-19.8287616169999,-70.1644334609999,0
			-19.8287587899999,-70.164413156,0
			-19.8287307859999,-70.164416552,0
			-19.828713689,-70.164454701,0
			-19.8287121739999,-70.164474152,0
			-19.82869704,-70.1644859919999,0
			-19.8286810449999,-70.1644760019998,0
			-19.8286709139998,-70.1644598169999,0
			-19.828670562,-70.164439769,0
			-19.8286593569999,-70.164423778,0
			-19.828652269,-70.164405873,0
			-19.828638344,-70.1643922399999,0
			-19.8286356979999,-70.1643730719999,0
			-19.8286295039999,-70.1643538389999,0
			-19.828620182,-70.1643330649999,0
			-19.8286025039999,-70.1643236129999,0
			-19.8285864359999,-70.1643351549999,0
			-19.82857404,-70.1643516469999,0
			-19.8285757789999,-70.1643899209999,0
			-19.8285703859999,-70.164408663,0
			-19.8285706199999,-70.164448609,0
			-19.8285716239999,-70.164469944,0
			-19.8285702879999,-70.16449053,0
			-19.828575266,-70.164510446,0
			-19.8285777689999,-70.1645301089999,0
			-19.8285841469999,-70.164550479,0
			-19.828585432,-70.1645708249999,0
			-19.828580533,-70.1646091229999,0
			-19.8285753229999,-70.1646289999999,0
			-19.8285791239999,-70.1646512359999,0
			-19.8285884049999,-70.164670381,0
			-19.8286185519999,-70.1646991569999,0
			-19.8286432139999,-70.164726243,0
			-19.8286561029999,-70.1647417,0
			-19.8286653449999,-70.1647592179999,0
			-19.8286733909999,-70.1647968239999,0
			-19.8286787959998,-70.1648152629999,0
			-19.828679328,-70.1648364479999,0
			-19.8286776699999,-70.164856388,0
			-19.8286847579999,-70.1648742929999,0
			-19.8287011179999,-70.1648865509999,0
			-19.828712609,-70.1649015579999,0
			-19.8287271499998,-70.164939636,0
			-19.8287351119999,-70.1649615919999,0
			-19.8287375539999,-70.1649850049999,0
			-19.828758283,-70.165017527,0
			-19.8287709899998,-70.165031846,0
			-19.8287792369999,-70.165052815,0
			-19.8287805879999,-70.1650941979999,0
			-19.828783465,-70.165140922,0
			-19.8287855409999,-70.1651620619999,0
			-19.8287821229999,-70.165204069,0
			-19.828776638,-70.1652497199999,0
			-19.8287723609999,-70.1652698999999,0
			-19.8287581619999,-70.165282038,0
			-19.8287426319999,-70.1652721999999,0
			-19.8287300649999,-70.165257388,0
			-19.828734782,-70.165217954,0
			-19.8287363009999,-70.1651985029999,0
			-19.8287292439999,-70.165157445,0
			-19.8287272109999,-70.165137934,0
			-19.8287188639999,-70.1651190879999,0
			-19.8287064399999,-70.1651037829999,0
			-19.8287021099998,-70.1650851489999,0
			-19.828702511,-70.1650642669999,0
			-19.8286972499999,-70.165045333,0
			-19.8286818229999,-70.165033373,0
			-19.8286650639999,-70.1650419969999,0
			-19.8286615629999,-70.165080745,0
			-19.8286522609999,-70.165121937,0
			-19.8286459349999,-70.1651403789999,0
			-19.828636342,-70.1651577709999,0
			-19.8286183439999,-70.1651600719999,0
			-19.828602024,-70.1651494399999,0
			-19.8285911,-70.165132461,0
			-19.8285826489999,-70.1650909499999,0
			-19.828581362,-70.1650705999999,0
			-19.8285736649999,-70.1650530429999,0
			-19.8285687869999,-70.1650310019999,0
			-19.8285712389999,-70.165011852,0
			-19.8285622569999,-70.1649739459999,0
			-19.8285493989999,-70.1649353319999,0
			-19.828544747,-70.1649160559999,0
			-19.8285431379998,-70.1648950649999,0
			-19.828539559,-70.1648755969999,0
			-19.8285335479999,-70.1648575,0
			-19.828523375,-70.1648396859998,0
			-19.8285101169998,-70.164821956,0
			-19.828509541,-70.1647991399998,0
			-19.8285108909999,-70.1647607809999,0
			-19.8285058559999,-70.164719906,0
			-19.8284974319999,-70.1646799479998,0
			-19.828492271,-70.164658892,0
			-19.828493254,-70.164618258,0
			-19.8284881069999,-70.1645794299999,0
			-19.828481628,-70.1645611829999,0
			-19.8284571199999,-70.1645807889999,0
			-19.828451468,-70.1646199219999,0
			-19.8284496689999,-70.1646403569999,0
			-19.8284434869999,-70.1646583069999,0
			-19.8284349689999,-70.1646755039998,0
			-19.828423932,-70.164690817,0
			-19.828404635,-70.1646905439999,0
			-19.8283929889999,-70.1647062009999,0
			-19.8283749719999,-70.1647138809999,0
			-19.828366779,-70.1647317239999,0
			-19.8283490959999,-70.1647489609999,0
			-19.8283358589999,-70.1647541179998,0
			-19.82831598,-70.1647859859999,0
			-19.828310163,-70.1648062089999,0
			-19.828295962,-70.1648183449999,0
			-19.8282846419999,-70.1648346469999,0
			-19.828268997,-70.164844707,0
			-19.828257497,-70.164859871,0
			-19.828254338,-70.1648814849999,0
			-19.828265017,-70.1649010809999,0
			-19.8282762239999,-70.1649170739999,0
			-19.8282822789999,-70.1649367969999,0
			-19.8282666119999,-70.164939848,0
			-19.8282570879999,-70.164923317,0
			-19.8282451319999,-70.1649081629999,0
			-19.8282273529999,-70.1649008329998,0
			-19.8282114999999,-70.1648903529999,0
			-19.828192483,-70.1648890929998,0
			-19.8281740579998,-70.1648928709999,0
			-19.8281667989999,-70.1649110129999,0
			-19.8281481499999,-70.1649120249999,0
			-19.8281349759999,-70.164897556,0
			-19.828120015,-70.164885746,0
			-19.8281097009999,-70.1648684249999,0
			-19.8280743459999,-70.1648495199999,0
			-19.828055449,-70.164840757,0
			-19.8280344449999,-70.164834008,0
			-19.8280185099999,-70.1648202689999,0
			-19.8280077689998,-70.1648044249999,0
			-19.828007236,-70.16478324,0
			-19.827993993,-70.1647477349999,0
			-19.8279943159999,-70.164733683,0
			-19.8279838939999,-70.1647083939999,0
			-19.827969745,-70.1646919919999,0
			-19.8279368239999,-70.164671718,0
			-19.8279190019999,-70.1646627599999,0
			-19.8279052619999,-70.164650262,0
			-19.8278866489999,-70.1646405119999,0
			-19.8278554309999,-70.1646143169999,0
			-19.8278410779999,-70.164602163,0
			-19.8278235019999,-70.16459059,0
			-19.8278142619999,-70.164573075,0
			-19.8278098929999,-70.1645528129999,0
			-19.8278030879999,-70.1645339259999,0
			-19.827777349,-70.164504643,0
			-19.8277424179999,-70.1644842589999,0
			-19.827725856,-70.1644762459999,0
			-19.827715116,-70.164460402,0
			-19.8277107879999,-70.1644417709999,0
			-19.8276974699999,-70.164427793,0
			-19.8276738999999,-70.164392743,0
			-19.8276499629999,-70.1643554189999,0
			-19.827623957,-70.1643217409999,0
			-19.8276000409999,-70.1642914289999,0
			-19.827572475,-70.164263175,0
			-19.827558263,-70.1642505279999,0
			-19.827539999,-70.1642484319999,0
			-19.8275571589999,-70.164286272,0
			-19.827569298,-70.164302564,0
			-19.8275802639999,-70.1643211739999,0
			-19.8275925459999,-70.1643369719999,0
			-19.8275938309999,-70.16435732,0
			-19.8275844189999,-70.1643758499999,0
			-19.8275693259999,-70.1643893199999,0
			-19.8275510829999,-70.1643942359999,0
			-19.8275174529999,-70.1643764249999,0
			-19.827502352,-70.164365108,0
			-19.827497982,-70.1643448459999,0
			-19.82750069,-70.1643053059999,0
			-19.827505,-70.164261971,0
			-19.8275097399999,-70.1642419429999,0
			-19.827507237,-70.1642222799999,0
			-19.8274872369998,-70.1641819109998,0
			-19.8274710709999,-70.164140618,0
			-19.827453304,-70.164103121,0
			-19.827443558,-70.164083826,0
			-19.8274321659999,-70.1640666969999,0
			-19.8274137399999,-70.1640704769999,0
			-19.827434146,-70.1641023549999,0
			-19.8274406249999,-70.1641205989999,0
			-19.8274498619999,-70.1641381169999,0
			-19.8274615369999,-70.1641542589999,0
			-19.827471385,-70.1641714309999,0
			-19.8274852759999,-70.16420822,0
			-19.8274932969999,-70.1642264229999,0
			-19.8274922759998,-70.1642654269999,0
			-19.827486415,-70.1642840189999,0
			-19.827479286,-70.1642644879999,0
			-19.82746169,-70.164258295,0
			-19.8274483219999,-70.1642728579999,0
			-19.8274444709999,-70.164291557,0
			-19.827427347,-70.1642979079999,0
			-19.8274206829998,-70.1642785259999,0
			-19.8273909659999,-70.1642506589999,0
			-19.827375214,-70.1642380549999,0
			-19.8273540449999,-70.1642247889999,0
			-19.8273755659999,-70.1642581049999,0
			-19.827398912,-70.1642903899998,0
			-19.8274223019999,-70.164324305,0
			-19.8274448779999,-70.164362807,0
			-19.8274663399999,-70.1643998759999,0
			-19.8274757209999,-70.1644168979999,0
			-19.8275009349999,-70.1644497839999,0
			-19.8275264339999,-70.164481682,0
			-19.8275546089999,-70.164509591,0
			-19.8275698519998,-70.164520416,0
			-19.8275700619999,-70.164540957,0
			-19.8275501359999,-70.164546408,0
			-19.8275356419999,-70.164534749,0
			-19.827515895,-70.1645289439999,0
			-19.8274975699999,-70.1645305999999,0
			-19.8274795119999,-70.164536653,0
			-19.8274609219999,-70.16453391,0
			-19.827443752,-70.164526241,0
			-19.8274175219998,-70.164489797,0
			-19.827391355,-70.1644619909999,0
			-19.8273768209999,-70.164448702,0
			-19.827361245,-70.1644124489998,0
			-19.827352756,-70.164394096,0
			-19.8273327669999,-70.164390908,0
			-19.8273528899999,-70.164423772,0
			-19.8273723399998,-70.1644607319999,0
			-19.8273940849999,-70.164496814,0
			-19.8274043989999,-70.1645141349999,0
			-19.8274172899999,-70.1645295919998,0
			-19.8274370259999,-70.164565566,0
			-19.8274568039999,-70.164603171,0
			-19.8274779409999,-70.164639595,0
			-19.8274894699999,-70.1646562299999,0
			-19.8274902889999,-70.1646764289999,0
			-19.8274716399999,-70.164677441,0
			-19.8274537199998,-70.1646706069999,0
			-19.8274347469999,-70.1646709779999,0
			-19.8274159959999,-70.164674111,0
			-19.8274002089999,-70.164684667,0
			-19.8273792279999,-70.16468493,0
			-19.827360921,-70.1646812029999,0
			-19.8273238679999,-70.1646930059999,0
			-19.827305243,-70.1647010309999,0
			-19.8272735709999,-70.1647242609999,0
			-19.827257969,-70.1647359519999,0
			-19.8272386689999,-70.164735679,0
			-19.8272231419999,-70.1647258409999,0
			-19.8272062959999,-70.1647188119999,0
			-19.827193731,-70.164703999,0
			-19.8271973969999,-70.1646841639999,0
			-19.8272135669999,-70.1646705019999,0
			-19.8272269349999,-70.1646559379999,0
			-19.8272436059999,-70.164619268,0
			-19.827254857,-70.1645819349999,0
			-19.8272584829999,-70.16456047,0
			-19.8272582479999,-70.164520522,0
			-19.8272583629998,-70.1645006249999,0
			-19.8272489829999,-70.164483603,0
			-19.827216439,-70.1645027809998,0
			-19.82718485,-70.1645292699999,0
			-19.8271681729999,-70.1645411529999,0
			-19.8271569359999,-70.1645607119999,0
			-19.8271449679999,-70.1645757249999,0
			-19.8271304409999,-70.164587221,0
			-19.8270974289999,-70.164606249,0
			-19.8270813179999,-70.16461616,0
			-19.8270623679999,-70.1646235429999,0
			-19.8270439429999,-70.1646273209998,0
			-19.827024805,-70.164621172,0
			-19.8270204749999,-70.1646025399999,0
			-19.827020874,-70.1645816559999,0
			-19.8269994959998,-70.1645478479999,0
			-19.826988291,-70.164531855,0
			-19.8269837779999,-70.1645120859999,0
			-19.8269750049999,-70.1644947199999,0
			-19.8269729279999,-70.1644735779999,0
			-19.8269640149999,-70.1644567089999,0
			-19.8269619389999,-70.1644355669999,0
			-19.8269465119999,-70.1644236069999,0
			-19.8269072679999,-70.1644341659999,0
			-19.8268880319998,-70.164442535,0
			-19.8268720639999,-70.1644519509999,0
			-19.8268569279999,-70.1644637909999,0
			-19.8268409619999,-70.1644732089999,0
			-19.826823368,-70.1644794109999,0
			-19.82678542,-70.164480149,0
			-19.8267672559999,-70.1644759319999,0
			-19.826749257,-70.164478228,0
			-19.8267226069999,-70.1644556599999,0
			-19.8267150509999,-70.1644376059999,0
			-19.826694634,-70.164435897,0
			-19.8266758649999,-70.1644444149999,0
			-19.8266580859999,-70.1644370869999,0
			-19.8266467369999,-70.1644215869999,0
			-19.826611575,-70.164441003,0
			-19.8265945319999,-70.1644506109999,0
			-19.8265602029999,-70.1644724499999,0
			-19.8265430169999,-70.164482554,0
			-19.8265243069999,-70.16448732,0
			-19.826505534,-70.1644834439999,0
			-19.826487938,-70.1644772519999,0
			-19.826480852,-70.164459349,0
			-19.826480825,-70.164439944,0
			-19.8264912839999,-70.1644018169999,0
			-19.8264976109999,-70.1643833759998,0
			-19.8265187039999,-70.164350822,0
			-19.8265328249999,-70.1643354219999,0
			-19.8265501519999,-70.1643248259999,0
			-19.826565896,-70.1643126419999,0
			-19.826583832,-70.1643017009999,0
			-19.8265981769998,-70.1642890699999,0
			-19.826616955,-70.1642503799998,0
			-19.8266251489999,-70.164232539,0
			-19.826636325,-70.164216734,0
			-19.8266494109999,-70.1642031579999,0
			-19.8266615789999,-70.1641838999999,0
			-19.826674343,-70.1641696779999,0
			-19.826697296,-70.164152481,0
			-19.826705545,-70.1641463009999,0
			-19.826721332,-70.1641357439999,0
			-19.826739774,-70.164126583,0
			-19.826758991,-70.1641235989999,0
			-19.826777073,-70.1641245599999,0
			-19.8267969399998,-70.1641228579999,0
			-19.8268108149999,-70.1641100749999,0
			-19.826824753,-70.1640935419998,0
			-19.8268350549999,-70.164073683,0
			-19.8268261399999,-70.16405681,0
			-19.826807878,-70.164054713,0
			-19.826791909,-70.164064131,0
			-19.8267757799999,-70.164079423,0
			-19.826759812,-70.164088841,0
			-19.8267401689999,-70.164093306,0
			-19.826743833,-70.164061077,0
			-19.826755942,-70.164045573,0
			-19.8267657219998,-70.164029316,0
			-19.826771578,-70.164010724,0
			-19.826759188,-70.163972261,0
			-19.8267661359999,-70.1639357,0
			-19.8267754459999,-70.163919296,0
			-19.826792999,-70.1639114629999,0
			-19.82681021,-70.1639207649999,0
			-19.8267979159999,-70.1639351339999,0
			-19.8267971929999,-70.1639553739998,0
			-19.826815516,-70.1639537199999,0
			-19.8268334339999,-70.16394816,0
			-19.8268436769999,-70.163932055,0
			-19.82685867,-70.163920708,0
			-19.8268767339999,-70.16392705,0
			-19.826890727,-70.1639617179999,0
			-19.8268887429999,-70.1639810169999,0
			-19.8268780349999,-70.1639969729999,0
			-19.826870491,-70.164016099,0
			-19.8268658879999,-70.1640356339999,0
			-19.826850755,-70.1640474739999,0
			-19.8268578409999,-70.164065379,0
			-19.8268819219999,-70.1640348579999,0
			-19.826901758,-70.1640013609999,0
			-19.8269115349999,-70.1639851029999,0
			-19.8269446039999,-70.1639623249999,0
			-19.8269749179999,-70.1639402729999,0
			-19.826993703,-70.1639038329999,0
			-19.8270057039999,-70.1638867359999,0
			-19.827020552,-70.16387205,0
			-19.827035714,-70.1638612049999,0
			-19.8270535809999,-70.1638557229999,0
			-19.827069079,-70.1638412419999,0
			-19.8270621959999,-70.1638233179999,0
			-19.827045562,-70.163809741,0
			-19.8270407649999,-70.163789493,0
			-19.827040843,-70.163767068,0
			-19.8270431179999,-70.163746847,0
			-19.8270188979999,-70.1637128749999,0
			-19.8270067449999,-70.163698493,0
			-19.8269962269999,-70.163680895,0
			-19.8269638049999,-70.163653268,0
			-19.826949961,-70.1636398409998,0
			-19.8269373589999,-70.1636245669998,0
			-19.826936648,-70.163604882,0
			-19.8269278189999,-70.1635863309999,0
			-19.8269064449999,-70.1635547719998,0
			-19.826895927,-70.1635371739999,0
			-19.8268801959999,-70.163525384,0
			-19.826847889,-70.1635022839998,0
			-19.8268333969999,-70.1634886479999,0
			-19.8268397619999,-70.1634689909998,0
			-19.8268676289999,-70.1634435209999,0
			-19.8268812389999,-70.163430681,0
			-19.8269031229999,-70.163389073,0
			-19.826922081,-70.1633502619999,0
			-19.826931687,-70.1633316469998,0
			-19.8269185999999,-70.1633057429999,0
			-19.8268806039999,-70.1632950319999,0
			-19.8268601119999,-70.1632899459998,0
			-19.826855569,-70.1632712729999,0
			-19.8268839689999,-70.1632414859999,0
			-19.826901666,-70.163229209,0
			-19.8269199019999,-70.1632298299999,0
			-19.826938253,-70.1632349769998,0
			-19.826957389,-70.1632373859999,0
			-19.826993774,-70.1632266239999,0
			-19.8270118959999,-70.1632227169999,0
			-19.8270315689999,-70.163220805,0
			-19.827076409,-70.163205278,0
			-19.8270942739999,-70.1631997929999,0
			-19.827132433,-70.1631828669999,0
			-19.8271698839999,-70.1631634689999,0
			-19.8271888769999,-70.163151609,0
			-19.8272187729999,-70.1631215539999,0
			-19.8272501619999,-70.1630912279999,0
			-19.827281437,-70.163056376,0
			-19.827304989,-70.1630212859999,0
			-19.827319077,-70.1630018669998,0
			-19.8273435859999,-70.162970827,0
			-19.827356886,-70.1629541469999,0
			-19.8273729119999,-70.1629181369999,0
			-19.8273790219999,-70.1628969029999,0
			-19.8273881739999,-70.162877393,0
			-19.8274002319999,-70.1628625589999,0
			-19.82741807,-70.1628473359999,0
			-19.8274335639999,-70.16280825,0
			-19.8274378979999,-70.1627917739999,0
			-19.8274392279999,-70.1627766319999,0
			-19.827437666,-70.1627644989999,0
			-19.8274299569999,-70.1627531869999,0
			-19.8274234589999,-70.1627444809999,0
			-19.8274239499999,-70.1627319309999,0
			-19.8274473119999,-70.1627303689999,0
			-19.8274645149999,-70.1627309269999,0
			-19.8274776539999,-70.162726694,0
			-19.8274868569999,-70.1627190209999,0
			-19.827497562,-70.1627015069998,0
			-19.827503925,-70.1626818499999,0
			-19.827508033,-70.1626577279999,0
			-19.827511231,-70.1626146029998,0
			-19.8275135869999,-70.1625719549999,0
			-19.827514842,-70.162528208,0
			-19.8275147219999,-70.1625064689999,0
			-19.8275088249999,-70.162485116,0
			-19.827507402,-70.162445748,0
			-19.8275086359999,-70.1624266879999,0
			-19.827503841,-70.1624064379999,0
			-19.8274773919999,-70.162377738,0
			-19.827444945,-70.1623575839999,0
			-19.8274056779999,-70.1623389839999,0
			-19.8273883689998,-70.1623326759999,0
			-19.8273869779999,-70.1623030439999,0
			-19.827399686,-70.1622884179999,0
			-19.827411625,-70.1622518429999,0
			-19.8274161839999,-70.162228612,0
			-19.8274013169998,-70.1621916599999,0
			-19.8273882629999,-70.1621754919999,0
			-19.8273547739999,-70.1621565029999,0
			-19.827320603,-70.1621275659999,0
			-19.8273049559999,-70.162110565,0
			-19.827292294,-70.1620930299999,0
			-19.827275152,-70.162076296,0
			-19.8272414609999,-70.1620614619999,0
			-19.8272182379999,-70.1620550209999,0
			-19.8271991,-70.162052612,0
			-19.8271779919999,-70.162057056,0
			-19.8271411769999,-70.1620422379999,0
			-19.827121276,-70.1620350949999,0
			-19.8271046429999,-70.1620215199999,0
			-19.8271047759999,-70.1620013579999,0
			-19.827086471,-70.1619640479999,0
			-19.827076405,-70.1619473439999,0
			-19.8270628989999,-70.1619302839999,0
			-19.8270555079998,-70.1619092029999,0
			-19.827069767,-70.1618965709999,0
			-19.8270881999999,-70.1618965059999,0
			-19.8271049099998,-70.161887656,0
			-19.8271073199999,-70.1618472739999,0
			-19.8270983149999,-70.161804721,0
			-19.827089488,-70.16178617,0
			-19.827085337,-70.161766128,0
			-19.8270943529999,-70.1617495649999,0
			-19.8270985739999,-70.1617299689999,0
			-19.8270924779999,-70.161709302,0
			-19.8270776759999,-70.161691826,0
			-19.827061494,-70.1616791449999,0
			-19.827061172,-70.1616408769999,0
			-19.8270685779999,-70.161620059,0
			-19.8270784379999,-70.161603021,0
			-19.8270963049998,-70.161597536,0
			-19.827134187,-70.16160372,0
			-19.8271524979999,-70.1616111709999,0
			-19.8271690569999,-70.161617913,0
			-19.827185184,-70.161628333,0
			-19.8272057889999,-70.1616379459999,0
			-19.8272254359999,-70.1616435089999,0
			-19.827254486,-70.1616139269999,0
			-19.8272694159999,-70.1615940309999,0
			-19.8272978209999,-70.161564241,0
			-19.827310468,-70.1615473519999,0
			-19.827326614,-70.1615330819999,0
			-19.8273401679999,-70.161517981,0
			-19.8273486719999,-70.1614982629999,0
			-19.8273585509999,-70.1614565369999,0
			-19.8273677829999,-70.1614146029999,0
			-19.8273727549999,-70.1613653129999,0
			-19.827371924,-70.161323889,0
			-19.8273665,-70.161278743,0
			-19.827361245,-70.1612403879999,0
			-19.8273526909998,-70.1611987269999,0
			-19.8273478919999,-70.161178478,0
			-19.827328687,-70.1611393809999,0
			-19.8273173479999,-70.161114787,0
			-19.827314768,-70.1610720509999,0
			-19.8273174399998,-70.1610504589999,0
			-19.8273067429999,-70.1610088589999,0
			-19.8272909739999,-70.1609701209999,0
			-19.8272714569999,-70.1609271799999,0
			-19.8272552949999,-70.1608898119999,0
			-19.827247311,-70.160870785,0
			-19.8272295989999,-70.1608314209999,0
			-19.8272222659999,-70.160812601,0
			-19.827199224,-70.1607745169998,0
			-19.8271717919999,-70.1607492429999,0
			-19.8271491009999,-70.160741953,0
			-19.82712993,-70.1607298079999,0
			-19.8271221459999,-70.1607100959999,0
			-19.8271196869999,-70.1606891019999,0
			-19.827123909,-70.1606695059999,0
			-19.827130272,-70.1606498469999,0
			-19.8271174709999,-70.160635258,0
			-19.8271059099999,-70.1606188229998,0
			-19.827078699,-70.160585387,0
			-19.8270512929999,-70.1605526369999,0
			-19.827024675,-70.1605171459998,0
			-19.826990843,-70.160484577,0
			-19.8269731639999,-70.1604721649999,0
			-19.8269528119999,-70.16046413,0
			-19.8269393629999,-70.1604493309999,0
			-19.8269443089999,-70.160407519,0
			-19.8269469809998,-70.1603859269998,0
			-19.826943677,-70.1603654099999,0
			-19.8269213399999,-70.160329799,0
			-19.8269110759999,-70.160313778,0
			-19.8269010919998,-70.1602918639999,0
			-19.8269000899999,-70.1602436489999,0
			-19.826903408,-70.1602222659999,0
			-19.8269075099998,-70.160180929,0
			-19.826921279,-70.1601404539999,0
			-19.8269323199999,-70.160119306,0
			-19.826945563,-70.1601003599999,0
			-19.8269587409999,-70.1600619399999,0
			-19.8269738319999,-70.1600144069999,0
			-19.8269848689999,-70.1599760439999,0
			-19.826988892,-70.159957134,0
			-19.8269911119999,-70.1599346479999,0
			-19.8269804149999,-70.159893047,0
			-19.8269586719999,-70.159855384,0
			-19.8269453619999,-70.159837637,0
			-19.8269256899999,-70.1598395499999,0
			-19.826908245,-70.1598534019999,0
			-19.8268859359999,-70.1598866429999,0
			-19.8268756259999,-70.1599027889999,0
			-19.826860719,-70.159915213,0
			-19.826844734,-70.159901845,0
			-19.8268463629998,-70.1598814159999,0
			-19.826851233,-70.1598620279999,0
			-19.8268701039999,-70.159828429,0
			-19.82688236,-70.1598129089999,0
			-19.8269030639999,-70.1597754089998,0
			-19.8269133169999,-70.1597570009998,0
			-19.826921097,-70.1597419239998,0
			-19.8269325279999,-70.1597197699999,0
			-19.8269450359999,-70.159705828,0
			-19.8269580239999,-70.1596853049999,0
			-19.8269655119998,-70.1596592749999,0
			-19.8269609109999,-70.1596383409999,0
			-19.826941368,-70.1596028779999,0
			-19.8269284519999,-70.1595837629999,0
			-19.8269065669999,-70.159549044,0
			-19.8268906659999,-70.1595304659999,0
			-19.8268508319999,-70.159506446,0
			-19.8268324249999,-70.159499038,0
			-19.8268152569999,-70.1594897789998,0
			-19.8267984249999,-70.1594768899998,0
			-19.8267852309999,-70.1594636729999,0
			-19.8267673579999,-70.1594519449999,0
			-19.8267500489999,-70.1594456369999,0
			-19.8267333329999,-70.1594372719999,0
			-19.8267230679999,-70.1594212529999,0
			-19.826714888,-70.1594029099999,0
			-19.8267110749999,-70.1593792359999,0
			-19.826701854,-70.1593620569998,0
			-19.826695559,-70.159342075,0
			-19.8266905029999,-70.1593030349999,0
			-19.8266722819999,-70.1592605129999,0
			-19.8266575339999,-70.1592453019999,0
			-19.8266509889999,-70.1592237409999,0
			-19.826668744,-70.1592137279998,0
			-19.8266842969999,-70.1592015149999,0
			-19.826699388,-70.159153982,0
			-19.826713438,-70.1591076069998,0
			-19.8267242759999,-70.1590699319999,0
			-19.826740892,-70.1590318679999,0
			-19.8267551129999,-70.158992285,0
			-19.82675882,-70.1589523189999,0
			-19.826752153,-70.1589090189999,0
			-19.8267439159999,-70.158888414,0
			-19.826738018,-70.1588670609999,0
			-19.826736093,-70.158841751,0
			-19.8267390179998,-70.1588217359999,0
			-19.8267386999999,-70.1588006809999,0
			-19.8267339029999,-70.158780432,0
			-19.8267218329999,-70.1587608399999,0
			-19.8267273509999,-70.1587416589999,0
			-19.8267592719998,-70.158707017,0
			-19.8267755319999,-70.158697273,0
			-19.8267984349999,-70.158661974,0
			-19.8268092769999,-70.158641512,0
			-19.8268261779999,-70.1585975499999,0
			-19.8268390409999,-70.1585552879999,0
			-19.826852441,-70.158508707,0
			-19.8268653659999,-70.1584687059999,0
			-19.8268784859999,-70.1584280229998,0
			-19.8268967939999,-70.1583890059999,0
			-19.8269256129999,-70.1583503699999,0
			-19.8269444919999,-70.1583339859999,0
			-19.8269697599999,-70.1582904679999,0
			-19.8269822129999,-70.1582742629999,0
			-19.8270019319999,-70.1582401889999,0
			-19.827013931,-70.1582230889999,0
			-19.8270320419999,-70.1581847579999,0
			-19.8270480669999,-70.158148747,0
			-19.827067079,-70.1581121989999,0
			-19.8270858399999,-70.1580740759999,0
			-19.8271029059999,-70.158036903,0
			-19.8271178399999,-70.1580026889999,0
			-19.8271360629999,-70.1576923009999,0
			-19.827126963,-70.1576652339999,0
			-19.8271136719999,-70.1576227999999,0
			-19.8271006939999,-70.1575842079999,0
			-19.827094797,-70.1575628569999,0
			-19.8270850659999,-70.1575425209999,0
			-19.8270711279999,-70.1574998789999,0
			-19.8270650319999,-70.1574792149999,0
			-19.8270470059999,-70.1574360069999,0
			-19.8270402639999,-70.1574151319999,0
			-19.8270215069999,-70.1573769299999,0
			-19.8270120299999,-70.1573581709999,0
			-19.8269944299999,-70.1573233349999,0
			-19.826973333,-70.1572858769999,0
			-19.8269481499999,-70.1572478539999,0
			-19.8269367299999,-70.157228473,0
			-19.8269236739999,-70.157212307,0
			-19.8269002979999,-70.157177857,0
			-19.8268664069999,-70.1571430239998,0
			-19.8268390549999,-70.1571125369999,0
			-19.8268072509999,-70.1570753819999,0
			-19.8267927589999,-70.1570617469999,0
			-19.8267675509999,-70.1570312009999,0
			-19.8267412989999,-70.1570018149999,0
			-19.8267131039999,-70.1569718059999,0
			-19.8266801729999,-70.1569410219999,0
			-19.826661593,-70.156926824,0
			-19.8266324949999,-70.1568950269999,0
			-19.826617945,-70.1568791279999,0
			-19.82659254,-70.1568492669999,0
			-19.8265759889999,-70.156830481,0
			-19.8265569019999,-70.156813126,0
			-19.8265203089999,-70.1567901469999,0
			-19.8264855469998,-70.1567632649999,0
			-19.8264537169999,-70.156733585,0
			-19.8264245359999,-70.156707,0
			-19.826390616,-70.156679644,0
			-19.8262481839999,-70.156556817,0
			-19.8262311549999,-70.156544609,0
			-19.8261979429998,-70.156519725,0
			-19.82616955,-70.156490401,0
			-19.826141413,-70.1564626539999,0
			-19.8261065089999,-70.1564387219999,0
			-19.8260692129999,-70.1564132719998,0
			-19.8260294339999,-70.1563915149999,0
			-19.825994475,-70.156365321,0
			-19.825961208,-70.1563381709998,0
			-19.825931065,-70.156307536,0
			-19.8259132759998,-70.1562905979999,0
			-19.8258794729999,-70.156267767,0
			-19.825842348,-70.1562491079999,0
			-19.8258053599999,-70.1562274979999,0
			-19.825768178,-70.156206576,0
			-19.8257280619999,-70.156188452,0
			-19.8256863149999,-70.1561735449999,0
			-19.82564981,-70.1561625689999,0
			-19.825611363,-70.156150967,0
			-19.8255677249999,-70.1561376989999,0
			-19.825527333,-70.1561254739999,0
			-19.8254824009999,-70.1561117889999,0
			-19.8254383129999,-70.156097629,0
			-19.8253974689999,-70.1560845079999,0
			-19.8253614139998,-70.156074426,0
			-19.8253143979999,-70.156063063,0
			-19.8252695809999,-70.1560539069999,0
			-19.8252275549999,-70.1560448969999,0
			-19.825183974,-70.156033892,0
			-19.825141103,-70.1560253599999,0
			-19.8250986219999,-70.156015457,0
			-19.8250534089999,-70.15600767,0
			-19.8250329739999,-70.156004847,0
			-19.82498867,-70.1560160579999,0
			-19.8249454099999,-70.1560261089999,0
			-19.8249076149999,-70.1560319279999,0
			-19.8248639049999,-70.156041086,0
			-19.8248254609999,-70.156046697,0
			-19.8247871569999,-70.1560493609999,0
			-19.824747303,-70.156050029,0
			-19.82470663,-70.1560436989999,0
			-19.8246670819999,-70.1560309969999,0
			-19.8246294799998,-70.156018917,0
			-19.824591284,-70.156008894,0
			-19.824572933,-70.156003749,0
			-19.8245363459999,-70.1559979829998,0
			-19.8245003509999,-70.1559901619999,0
			-19.8244822559999,-70.1559865949999,0
			-19.8244663249999,-70.1559754909999,0
			-19.824455214,-70.1559599499999,0
			-19.824415217,-70.1559463539999,0
			-19.8243698899998,-70.15593404,0
			-19.824326228,-70.155928247,0
			-19.8242817219999,-70.155922931,0
			-19.8242616809999,-70.155918739,0
			-19.824219037,-70.155919259,0
			-19.8241745619999,-70.1559236809999,0
			-19.82415379,-70.155924493,0
			-19.8241327359999,-70.1559311989999,0
			-19.8240928589999,-70.155939342,0
			-19.8240540769999,-70.155948587,0
			-19.8240329689999,-70.155953031,0
			-19.8239933759999,-70.1559724909999,0
			-19.8239747759999,-70.1559829799999,0
			-19.8239596179999,-70.1559938239999,0
			-19.8239480089999,-70.1560095539999,0
			-19.823942943,-70.156029625,0
			-19.823911016,-70.1560470579999,0
			-19.8238950679999,-70.1560606429999,0
			-19.823876159,-70.1560672909999,0
			-19.8238361899999,-70.156063431,0
			-19.8238167389999,-70.156057183,0
			-19.82380374,-70.1560432809999,0
			-19.8238066649999,-70.1560232679999,0
			-19.8238115329999,-70.15600388,0
			-19.8238073839999,-70.1559838399999,0
			-19.823794919,-70.1559656179999,0
			-19.8237591469999,-70.1559496379999,0
			-19.823723291,-70.1559388709999,0
			-19.8236845059999,-70.1559309029999,0
			-19.8236632259999,-70.1559285549999,0
			-19.823625233,-70.155935062,0
			-19.823585862,-70.1559463599999,0
			-19.8235488309999,-70.1559569129999,0
			-19.823529526,-70.155964932,0
			-19.8235166229999,-70.155980243,0
			-19.8235012639999,-70.1559917729999,0
			-19.8234813129999,-70.1559995819999,0
			-19.823467958,-70.1560139999999,0
			-19.8234585499999,-70.15603193,0
			-19.8234528349999,-70.1560517949999,0
			-19.823450109,-70.1560711239999,0
			-19.8234598209999,-70.1561161459999,0
			-19.8234656619999,-70.1561352329999,0
			-19.8234774209999,-70.1561509849999,0
			-19.8235036709999,-70.1561803699998,0
			-19.82351791,-70.1561924239999,0
			-19.8235252429999,-70.1562112439999,0
			-19.8235288659999,-70.156252815,0
			-19.8235293799999,-70.1562731829999,0
			-19.823511171,-70.156265089,0
			-19.8234705549999,-70.1562697059999,0
			-19.8234134389999,-70.1562883939999,0
			-19.8234163859999,-70.1562720589999,0
			-19.8234132209999,-70.156248593,0
			-19.8233947759999,-70.1562142339999,0
			-19.8233870459999,-70.156196785,0
			-19.8233514959999,-70.1561726449999,0
			-19.823331399,-70.1561661899999,0
			-19.823315921,-70.1561559809999,0
			-19.8232996819999,-70.1561410379999,0
			-19.8233006609999,-70.1561203989999,0
			-19.8233103239999,-70.156104047,0
			-19.823328246,-70.1561008249999,0
			-19.8233487909999,-70.156090959,0
			-19.8233612989999,-70.1560770189999,0
			-19.823362279,-70.156056382,0
			-19.8233425749999,-70.1560485549999,0
			-19.8233040439999,-70.156042165,0
			-19.8232846499999,-70.156038181,0
			-19.8232662149999,-70.156038248,0
			-19.82324556,-70.156043585,0
			-19.823217578,-70.1560645289999,0
			-19.823192617,-70.1560946739999,0
			-19.8231739619999,-70.1561028989999,0
			-19.823153334,-70.1561179749999,0
			-19.8231408259999,-70.156131917,0
			-19.823121973,-70.156140826,0
			-19.823103455,-70.1561461069999,0
			-19.8230882149999,-70.1561621609999,0
			-19.82307873,-70.1562025159999,0
			-19.8230745709999,-70.1562415879999,0
			-19.823075538,-70.1562628519998,0
			-19.8230892989999,-70.1562814889999,0
			-19.823098387,-70.1563188279999,0
			-19.823093892,-70.156361535,0
			-19.823088572,-70.1563800309999,0
			-19.8230730169999,-70.1563922459999,0
			-19.8230620649999,-70.1564033589999,0
			-19.8230522599999,-70.156407241,0
			-19.8230358349999,-70.156414863,0
			-19.823030387,-70.1564271909999,0
			-19.8230174829999,-70.1564425019999,0
			-19.8229984009999,-70.1564423589999,0
			-19.8229832819999,-70.156439255,0
			-19.822940896,-70.1564231419999,0
			-19.8229239819999,-70.1564154629999,0
			-19.8229081339999,-70.156399149,0
			-19.8229020969999,-70.1563807479999,0
			-19.8228821399999,-70.1563713439999,0
			-19.8228630579999,-70.1563711999999,0
			-19.822768503,-70.156387223,0
			-19.822749535,-70.156391608,0
			-19.8227131249999,-70.1564098439998,0
			-19.822671753,-70.156418254,0
			-19.8226319559998,-70.156421187,0
			-19.8225952289999,-70.15641837,0
			-19.8225734979999,-70.1564151309999,0
			-19.82255444,-70.156407514,0
			-19.8225238799999,-70.1563857259999,0
			-19.8225084039999,-70.1563755159999,0
			-19.8224910379999,-70.1563669429999,0
			-19.8224722369999,-70.1563609059999,0
			-19.822456175,-70.1563699649999,0
			-19.8224500659999,-70.156391199,0
			-19.822434904,-70.156402043,0
			-19.8224179909999,-70.156394366,0
			-19.8224138419999,-70.1563743259999,0
			-19.8224083319999,-70.156334393,0
			-19.8224037859999,-70.156315725,0
			-19.8223752549998,-70.156289347,0
			-19.822340383,-70.156275152,0
			-19.822300975,-70.1562595019999,0
			-19.8222821159999,-70.1562511999999,0
			-19.822235549,-70.1562407329999,0
			-19.8221969619999,-70.1562320799999,0
			-19.822159077,-70.156225897,0
			-19.8221197569998,-70.1562222469998,0
			-19.822098871,-70.156218532,0
			-19.8220779009998,-70.1562200269999,0
			-19.822058146,-70.156227153,0
			-19.82204279,-70.156238682,0
			-19.8220298849999,-70.1562539939999,0
			-19.8220197519999,-70.1562941389998,0
			-19.8220168859999,-70.1563164139999,0
			-19.8220144749999,-70.1563567969999,0
			-19.8220125189999,-70.1563980729999,0
			-19.8220147799998,-70.1564197509999,0
			-19.8220146459999,-70.156439913,0
			-19.8220231449999,-70.156479307,0
			-19.8220251539999,-70.1564994079999,0
			-19.82202482,-70.1565202529999,0
			-19.822021306,-70.1565423229999,0
			-19.822022862,-70.1565615299999,0
			-19.8220291559999,-70.1565815109999,0
			-19.822028239,-70.1566216239999,0
			-19.822024787,-70.1566631679999,0
			-19.8220225119999,-70.156683388,0
			-19.822012124,-70.1567219569999,0
			-19.8220074519999,-70.1567406599999,0
			-19.8219999889999,-70.1567592139999,0
			-19.82197438,-70.1567891509999,0
			-19.8219612209999,-70.1568028849999,0
			-19.8219426799999,-70.1568156369999,0
			-19.8219243849999,-70.1568127549999,0
			-19.8219064629999,-70.156815977,0
			-19.8218913599999,-70.156829084,0
			-19.821886489,-70.156848474,0
			-19.8218951219999,-70.156867706,0
			-19.8218813149998,-70.1568812319999,0
			-19.8218653099999,-70.156892553,0
			-19.8218463979999,-70.1568991989999,0
			-19.8218258239999,-70.1568993269999,0
			-19.8217880279999,-70.1569051459999,0
			-19.821766075,-70.1569100669999,0
			-19.8217482649999,-70.1569178149999,0
			-19.8217077049999,-70.156916012,0
			-19.8216851289999,-70.156913247,0
			-19.821663117,-70.1569159069999,0
			-19.8216444599998,-70.156924131,0
			-19.821626624,-70.156939356,0
			-19.8216145659999,-70.156954188,0
			-19.821597601,-70.1569614599999,0
			-19.8215907879999,-70.1569802249999,0
			-19.8216142459999,-70.1570094589999,0
			-19.8216446089999,-70.1570319329999,0
			-19.8216597499999,-70.157045777,0
			-19.821671904,-70.1570601549999,0
			-19.8216968569999,-70.157089124,0
			-19.8217140649999,-70.157125332,0
			-19.821720946,-70.1571432539999,0
			-19.8217261859999,-70.157166345,0
			-19.8217357569999,-70.157177943,0
			-19.8217547239999,-70.1571735609999,0
			-19.8217732139999,-70.1571757589999,0
			-19.8217893409999,-70.1571861749999,0
			-19.821803577,-70.1571982309999,0
			-19.821812151,-70.1572152019999,0
			-19.8218224149999,-70.1572312209999,0
			-19.8218314399999,-70.157249086,0
			-19.82184383,-70.157289732,0
			-19.8218499829999,-70.1573126599999,0
			-19.821853093,-70.1573510759999,0
			-19.8218537859998,-70.1573954459998,0
			-19.8218520259999,-70.1574360369999,0
			-19.8218420329999,-70.1574732349999,0
			-19.8218356699999,-70.1574928909999,0
			-19.8218271079999,-70.1575103439999,0
			-19.82180254,-70.1575391199999,0
			-19.8217878299999,-70.157550858,0
			-19.8217700789999,-70.157560869,0
			-19.8217591209999,-70.1575768049999,0
			-19.8217491189999,-70.15759679,0
			-19.8217380849999,-70.1576351489999,0
			-19.8217224859999,-70.157679526,0
			-19.821715475,-70.157698974,0
			-19.8217064599999,-70.1577155349999,0
			-19.8216917519999,-70.1577272729999,0
			-19.8216542409999,-70.1577444069999,0
			-19.8216366299999,-70.157751472,0
			-19.8215999089999,-70.1577658679998,0
			-19.8215806879998,-70.157768673,0
			-19.8215387729999,-70.157764188,0
			-19.8215004969999,-70.1577593769999,0
			-19.821460217,-70.157751676,0
			-19.8214199379999,-70.1577439769999,0
			-19.8213802489999,-70.157734222,0
			-19.8213385899999,-70.1577313179999,0
			-19.8213154799999,-70.157732874,0
			-19.821275543,-70.1577387519999,0
			-19.821234589,-70.157738319,0
			-19.821214465,-70.157739337,0
			-19.8211761309999,-70.1577322629999,0
			-19.821139316,-70.1577174429999,0
			-19.8211032319999,-70.1576976229999,0
			-19.8210665,-70.1576775929999,0
			-19.8210304159999,-70.1576577709999,0
			-19.8210138369999,-70.157646459,0
			-19.8210006429999,-70.157633244,0
			-19.8209907129998,-70.1576135909999,0
			-19.820984226,-70.157594295,0
			-19.82098436,-70.1575741359999,0
			-19.8209684309999,-70.1575630319999,0
			-19.8209733759999,-70.1575212199999,0
			-19.8209753999999,-70.1574994209999,0
			-19.8209592159999,-70.1574867409998,0
			-19.820940274,-70.1574836479999,0
			-19.8209291199999,-70.157500268,0
			-19.820927491,-70.157520699,0
			-19.8209189299999,-70.1575381539999,0
			-19.8209057709999,-70.157551886,0
			-19.8209068459999,-70.157593364,0
			-19.8209116039999,-70.1576300849999,0
			-19.820919332,-70.157647534,0
			-19.820921792,-70.157668526,0
			-19.820921658,-70.1576886859999,0
			-19.820940402,-70.157692464,0
			-19.8209553459999,-70.1577069909999,0
			-19.8209669069999,-70.157723425,0
			-19.820997469,-70.157745215,0
			-19.821014947,-70.1577583099999,0
			-19.8210218309999,-70.1577762359999,0
			-19.821026826,-70.157795799,0
			-19.8210386429999,-70.1578138139999,0
			-19.821052288,-70.1578279249999,0
			-19.8210682759999,-70.157841291,0
			-19.821072876,-70.157862225,0
			-19.8210806049999,-70.1578796739998,0
			-19.8210821609999,-70.1578988789999,0
			-19.8210660989999,-70.1579079369999,0
			-19.8210459759999,-70.157908957,0
			-19.8210443539999,-70.157946597,0
			-19.821055583,-70.1579838769999,0
			-19.8210668709999,-70.1580234229999,0
			-19.8210733619999,-70.1580427159999,0
			-19.8210775699999,-70.158065021,0
			-19.821079126,-70.158084226,0
			-19.8210738669999,-70.1581221979999,0
			-19.82106835,-70.158141378,0
			-19.8210571939999,-70.158157999,0
			-19.8210199069999,-70.158166975,0
			-19.8209792659999,-70.158170382,0
			-19.8209595359999,-70.15817003,0
			-19.820921144,-70.1581606929999,0
			-19.8208865289999,-70.1581480769999,0
			-19.8208665719999,-70.1581386729999,0
			-19.8208359779999,-70.1581071459999,0
			-19.8208090799999,-70.158077555,0
			-19.8207937409999,-70.1580643959999,0
			-19.8207678279999,-70.158031379,0
			-19.8207460839999,-70.157993715,0
			-19.8207368609999,-70.1579765359999,0
			-19.8207102159999,-70.1579485219999,0
			-19.8206950759999,-70.1579346799999,0
			-19.8206623159999,-70.1579106869999,0
			-19.8206286539999,-70.1578849069999,0
			-19.82059953,-70.1578605889999,0
			-19.820568151,-70.157831803,0
			-19.820554307,-70.1578183749999,0
			-19.8205449639999,-70.1577794559999,0
			-19.820543491,-70.1577550369999,0
			-19.820537395,-70.157734373,0
			-19.820515257,-70.1576980779999,0
			-19.820503695,-70.1576816429999,0
			-19.820490895,-70.1576670569999,0
			-19.8204764379999,-70.157680372,0
			-19.820439065,-70.157677349,0
			-19.8204206009999,-70.157667676,0
			-19.8203944059999,-70.157640554,0
			-19.8203772379999,-70.1576312989999,0
			-19.820361901,-70.1576181409999,0
			-19.8203497489999,-70.157603762,0
			-19.8203184839999,-70.157579501,0
			-19.8203023,-70.1575668199999,0
			-19.8202873559998,-70.1575522919999,0
			-19.8202843069998,-70.157533354,0
			-19.8202863849999,-70.1575138169999,0
			-19.8202974829999,-70.157494935,0
			-19.8203057909998,-70.157475902,0
			-19.8202995009999,-70.1574559229999,0
			-19.8202919059999,-70.1574183129999,0
			-19.820275093,-70.157380738,0
			-19.820264574,-70.1573631419999,0
			-19.8202344909999,-70.157334772,0
			-19.8202212379999,-70.1573192919998,0
			-19.8202137069999,-70.1573011569999,0
			-19.8202025379999,-70.1572833509999,0
			-19.8201938509999,-70.1572618549999,0
			-19.8201814429999,-70.157245898,0
			-19.8201671499999,-70.1572315779999,0
			-19.8201596179999,-70.157213444,0
			-19.8201642889999,-70.1571947419999,0
			-19.8201752489999,-70.1571788059999,0
			-19.820190152,-70.157166382,0
			-19.8202068639998,-70.1571575319999,0
			-19.820239328,-70.1571357829999,0
			-19.8202575309999,-70.157126666,0
			-19.820277991,-70.1571220139999,0
			-19.820293743,-70.157109115,0
			-19.8202885169999,-70.157080498,0
			-19.8202549709999,-70.1570592459999,0
			-19.820212549,-70.157051606,0
			-19.8201913249999,-70.1570515229999,0
			-19.8201736229999,-70.1570465869999,0
			-19.82015451,-70.1570367049999,0
			-19.8201452869999,-70.1570195249999,0
			-19.8201707819999,-70.1569850619999,0
			-19.8201847849999,-70.1569708549999,0
			-19.8201933479999,-70.1569534,0
			-19.820191284,-70.1569310359999,0
			-19.8201803119999,-70.1569125479999,0
			-19.8201761609999,-70.156892506,0
			-19.8201856469998,-70.156852153,0
			-19.8201918119999,-70.156833182,0
			-19.8201832309999,-70.1567989979999,0
			-19.820156137,-70.1567700919999,0
			-19.8201415869999,-70.156754193,0
			-19.8201447089999,-70.156733495,0
			-19.8201619729999,-70.1566956409999,0
			-19.820170731,-70.1566775029999,0
			-19.8201810429998,-70.156661358,0
			-19.820195692,-70.1566473569999,0
			-19.8202326369999,-70.1566248029999,0
			-19.8202512349999,-70.1566143119999,0
			-19.8202648449998,-70.156601474,0
			-19.820280404,-70.156574861,0
			-19.8203024729999,-70.156529754,0
			-19.8203149459999,-70.1564888629999,0
			-19.820330068,-70.1564510669999,0
			-19.8203439509999,-70.156415119,0
			-19.8203558879999,-70.156378546,0
			-19.820367317,-70.156338815,0
			-19.8203794779999,-70.1562940829999,0
			-19.8203882569999,-70.156251257,0
			-19.8203970929999,-70.156210696,0
			-19.8204061829999,-70.1561717099999,0
			-19.8204130179999,-70.156128259,0
			-19.8204151709999,-70.156086301,0
			-19.820409464,-70.1560470519999,0
			-19.8203979809999,-70.156008196,0
			-19.8203862959999,-70.1559700219998,0
			-19.8203796109999,-70.155951412,0
			-19.820374812,-70.1559311619998,0
			-19.8203748889999,-70.1559087389999,0
			-19.820366194,-70.1558700289999,0
			-19.820354434,-70.1558542789999,0
			-19.8203425629999,-70.1558340029999,0
			-19.820311885,-70.1558076889999,0
			-19.820295507,-70.1557956939999,0
			-19.820284989,-70.1557780969999,0
			-19.820279795,-70.1557592189999,0
			-19.8202818729999,-70.155739683,0
			-19.8202954459999,-70.155699892,0
			-19.820304204,-70.1556817539999,0
			-19.8203058299999,-70.155661325,0
			-19.8203023289999,-70.1556414929999,0
			-19.820281881,-70.1556042459999,0
			-19.820260138,-70.1555665829999,0
			-19.8202379999999,-70.155530288,0
			-19.8202262399999,-70.1555145409999,0
			-19.8202170169999,-70.155497359,0
			-19.820202544,-70.1554590379999,0
			-19.8201943639999,-70.1554406969999,0
			-19.820166619,-70.155411583,0
			-19.8201377739999,-70.1553813669999,0
			-19.8201124519999,-70.1553462949998,0
			-19.8201004389998,-70.1553289679999,0
			-19.820084059,-70.155316972,0
			-19.8200722459999,-70.1553051379999,0
			-19.8200510629999,-70.1552667139999,0
			-19.8200394449999,-70.155248018,0
			-19.8200257969999,-70.1552339049999,0
			-19.820009673,-70.155223489,0
			-19.819977814,-70.155201284,0
			-19.8199587019999,-70.155191405,0
			-19.8199233739999,-70.155159106,0
			-19.8199094729998,-70.1551434159999,0
			-19.819897205,-70.155124509,0
			-19.8198679099999,-70.155093401,0
			-19.8198514159999,-70.1550768799999,0
			-19.8198359369999,-70.1550666699999,0
			-19.8198265199999,-70.1550501759999,0
			-19.8198270459999,-70.155028645,0
			-19.8198239949999,-70.1550097049999,0
			-19.819814911,-70.1549895789999,0
			-19.8197893669999,-70.154962665,0
			-19.8197541839999,-70.1549446329999,0
			-19.8197340309999,-70.1549359149999,0
			-19.819707211,-70.154901111,0
			-19.8196977909999,-70.1548846149999,0
			-19.8196860319999,-70.1548688679999,0
			-19.8196635579999,-70.1548362079999,0
			-19.8196522759999,-70.1548138749999,0
			-19.8196470239999,-70.1547927349999,0
			-19.8196392959999,-70.1547752869999,0
			-19.819627144,-70.154760906,0
			-19.8196179199999,-70.1547437289999,0
			-19.8196053359999,-70.154703769,0
			-19.8195984519999,-70.1546858419998,0
			-19.81958164,-70.154648267,0
			-19.8195756009999,-70.1546298659999,0
			-19.8195653359999,-70.154613849,0
			-19.8195562519999,-70.1545937209999,0
			-19.8195451629999,-70.154553494,0
			-19.8194860999999,-70.1544387449999,0
			-19.819456294,-70.1544044779999,0
			-19.8194434929999,-70.1543898909999,0
			-19.819419212,-70.1543536579999,0
			-19.8193964239999,-70.1543171569999,0
			-19.819373245,-70.1542820239999,0
			-19.8193603849999,-70.154265174,0
			-19.8193274279999,-70.1542418669999,0
			-19.8193102029999,-70.15423035,0
			-19.8192804549999,-70.154198346,0
			-19.8192534999999,-70.1541664909999,0
			-19.8192200349999,-70.154140029,0
			-19.8191885119999,-70.154114192,0
			-19.8191753179999,-70.1541009749998,0
			-19.8191644039999,-70.15408475,0
			-19.819135445,-70.154050008,0
			-19.81912219,-70.1540345249999,0
			-19.8191083149999,-70.154011364,0
			-19.8190705059999,-70.153982759,0
			-19.8190337759999,-70.1539627299999,0
			-19.81901706,-70.153954368,0
			-19.819001581,-70.1539441559999,0
			-19.8189866369999,-70.1539296299999,0
			-19.8189780619999,-70.1539126609999,0
			-19.818954372,-70.1538743729999,0
			-19.8189372139998,-70.1538382929999,0
			-19.8189282559999,-70.1538184979999,0
			-19.818917088,-70.1538006939999,0
			-19.8189036389999,-70.153785899,0
			-19.8188823449999,-70.1537491289999,0
			-19.8188737699999,-70.153732158,0
			-19.8188498009999,-70.1536997669999,0
			-19.818837786,-70.1536824379999,0
			-19.818823746,-70.1536696979999,0
			-19.8188115349998,-70.1536530549999,0
			-19.81880251,-70.1536351919999,0
			-19.8187970619999,-70.1536147349999,0
			-19.8187815859999,-70.153604528,0
			-19.818764868,-70.1535961649999,0
			-19.8187533889998,-70.153574518,0
			-19.81875002,-70.1535345269999,0
			-19.818739971,-70.1534931359999,0
			-19.8187313939999,-70.1534761669999,0
			-19.8187253579999,-70.1534577629999,0
			-19.818703612,-70.153420102,0
			-19.818683211,-70.1533840369999,0
			-19.818663815,-70.1533467099999,0
			-19.8186409149999,-70.1533056829999,0
			-19.8186278569999,-70.1532895169999,0
			-19.8186135629999,-70.153275198,0
			-19.8185959439999,-70.1532650489999,0
			-19.818582748,-70.1532518319999,0
			-19.818548748,-70.153229688,0
			-19.8185278279999,-70.153216237,0
			-19.818489964,-70.1531853689999,0
			-19.8184562179999,-70.1531648019998,0
			-19.818436457,-70.153154714,0
			-19.8184011919999,-70.153141894,0
			-19.8183592499999,-70.1531276729999,0
			-19.8183198119999,-70.153119497,0
			-19.818282579,-70.1531135239999,0
			-19.8182629869999,-70.1531102259999,0
			-19.8182232429999,-70.153098207,0
			-19.8181826499999,-70.1530866699999,0
			-19.8181453029999,-70.1530761689999,0
			-19.8181062599999,-70.153066624,0
			-19.818064685,-70.1530585079999,0
			-19.8180448969998,-70.153055896,0
			-19.8180031239999,-70.153048466,0
			-19.817959602,-70.153039726,0
			-19.8179365739999,-70.1530360719999,0
			-19.81789773,-70.1530258409999,0
			-19.817876843,-70.1530221259999,0
			-19.8178308989999,-70.1530193419999,0
			-19.8177898879999,-70.1530166469999,0
			-19.8177510789999,-70.153016156,0
			-19.8177068839999,-70.1530146799999,0
			-19.817667564,-70.1530110319999,0
			-19.8176283009999,-70.1530096449999,0
			-19.8175877969999,-70.1530101069999,0
			-19.8175670259999,-70.1530109179999,0
			-19.8175476069999,-70.153014409,0
			-19.81751444,-70.153033689,0
			-19.81749773,-70.1530425389999,0
			-19.817469471,-70.1530693779999,0
			-19.8174555249999,-70.15308585,0
			-19.8174272059999,-70.1531104279999,0
			-19.8174115939999,-70.153120381,0
			-19.817373383,-70.1531350459999,0
			-19.817354612,-70.153138745,0
			-19.817337196,-70.1531451239999,0
			-19.8173186239999,-70.153148137,0
			-19.8173278549999,-70.1533045889998,0
			-19.8173355519999,-70.153382643,0
			-19.817343697,-70.1533913689999,0
			-19.81734353,-70.1534173649999,0
			-19.8173433609999,-70.1534433639999,0
			-19.8173432489999,-70.153460696,0
			-19.8173431369999,-70.153478029,0
			-19.8173266229998,-70.153495242,0
			-19.8173183669999,-70.153503851,0
			-19.817301851,-70.1535210639999,0
			-19.8172935919999,-70.1535296699999,0
			-19.8172853369999,-70.153538279,0
			-19.817277079,-70.1535468829998,0
			-19.8172606179999,-70.1535554329999,0
			-19.8172523609999,-70.1535640389999,0
			-19.8172359569999,-70.1535639209999,0
			-19.8172195539999,-70.153563802,0
			-19.8172031519999,-70.153563686,0
			-19.8171703449999,-70.1535634479999,0
			-19.8171539429998,-70.1535633299999,0
			-19.817145798,-70.1535546059999,0
			-19.8171376519999,-70.153545879,0
			-19.8171377629999,-70.1535285469999,0
			-19.817121417,-70.153519763,0
			-19.817121529,-70.1535024299999,0
			-19.817121641,-70.1534850979999,0
			-19.8171134959999,-70.153476371,0
			-19.8171136079999,-70.1534590399999,0
			-19.8171137749999,-70.1534330419999,0
			-19.8171138869999,-70.1534157089999,0
			-19.817113999,-70.153398378,0
			-19.8171059639999,-70.1533723189999,0
			-19.8171060779999,-70.1533549879999,0
			-19.817106188,-70.1533376549999,0
			-19.817106302,-70.1533203239999,0
			-19.8171064119999,-70.153302992,0
			-19.817106526,-70.153285661,0
			-19.8171066359999,-70.153268328,0
			-19.8171067499999,-70.153250995,0
			-19.8170904579999,-70.153233544,0
			-19.8170905699999,-70.153216211,0
			-19.8170332949999,-70.1530542549999,0
			-19.817001438,-70.153032052,0
			-19.8169598849998,-70.153016462,0
			-19.8169238579999,-70.1529989049999,0
			-19.8169058449999,-70.1529901279999,0
			-19.816875877,-70.1529662849999,0
			-19.8168619739999,-70.1529505959999,0
			-19.8168490589998,-70.1529314809999,0
			-19.8168343689999,-70.152918535,0
			-19.8168008759998,-70.1528995459999,0
			-19.8167659169999,-70.152873354,0
			-19.8167485769999,-70.152857309,0
			-19.8167355229999,-70.1528411429999,0
			-19.8167246269999,-70.152800231,0
			-19.816721969,-70.152779923,0
			-19.8167045679999,-70.152744405,0
			-19.81668085,-70.1527135919999,0
			-19.816657726,-70.1526807239999,0
			-19.81663415,-70.152646964,0
			-19.8166215479998,-70.1526316889999,0
			-19.8166108289999,-70.152614781,0
			-19.8165817859999,-70.1525852499999,0
			-19.8165674919999,-70.152570931,0
			-19.8165561279998,-70.1525538119999,0
			-19.8165475519999,-70.1525368409999,0
			-19.8165361879999,-70.1525197219999,0
			-19.8165135149999,-70.1524877479999,0
			-19.8165046849999,-70.1524691989998,0
			-19.816491039,-70.1524550879999,0
			-19.816457122,-70.152427734,0
			-19.816442826,-70.1524134169999,0
			-19.8164133589999,-70.152375518,0
			-19.816386343,-70.1523414019998,0
			-19.81637419,-70.1523270239999,0
			-19.8163595,-70.1523140739999,0
			-19.8163318379999,-70.1522797499999,0
			-19.8163198249998,-70.1522624229999,0
			-19.8163078919999,-70.1522398839999,0
			-19.8162860649999,-70.1522074319999,0
			-19.8162696469998,-70.1521684899999,0
			-19.8162460139999,-70.1521324649999,0
			-19.8162330149999,-70.1521185639999,0
			-19.8162034979999,-70.1520956139999,0
			-19.8161856229999,-70.1520838859999,0
			-19.8161548329999,-70.1520530469999,0
			-19.8161206039999,-70.1520218509999,0
			-19.8161054359999,-70.1520112409999,0
			-19.815948937,-70.151904615,0
			-19.8159365289999,-70.1518886589998,0
			-19.815920149,-70.151876664,0
			-19.8158854189999,-70.1518595239999,0
			-19.8158451639999,-70.1518443519999,0
			-19.8158095319999,-70.1518254259998,0
			-19.815792503,-70.1518132199999,0
			-19.8157749069999,-70.151795599,0
			-19.8157585269999,-70.1517836049999,0
			-19.8157411629998,-70.1517750339999,0
			-19.815708935,-70.1517467259999,0
			-19.8156781429998,-70.1517158869999,0
			-19.815644564,-70.1516849,0
			-19.815613297,-70.151660641,0
			-19.815584256,-70.1516311099999,0
			-19.8155527019999,-70.1515955369999,0
			-19.8155203599999,-70.151562702,0
			-19.8155034729999,-70.151547552,0
			-19.815464876,-70.151521687,0
			-19.8154454529999,-70.151507969,0
			-19.8154286919999,-70.1514916119999,0
			-19.815412833,-70.15148103,0
			-19.8153749159999,-70.1514651109999,0
			-19.815337706,-70.1514516659999,0
			-19.815296465,-70.1514399159999,0
			-19.8152766779999,-70.151437304,0
			-19.8152583589999,-70.151441897,0
			-19.8152494779999,-70.1514633259999,0
			-19.8152548589999,-70.1514983879999,0
			-19.8152605029999,-70.151518159,0
			-19.815254855,-70.151557498,0
			-19.8152517309998,-70.1515781939999,0
			-19.815246411,-70.1515966899999,0
			-19.8152382999999,-70.1516150369999,0
			-19.8152277959999,-70.1516318649999,0
			-19.8152130869999,-70.151643603,0
			-19.815196574,-70.151651767,0
			-19.815180429,-70.151666037,0
			-19.8151643479999,-70.1516997819999,0
			-19.8151583799999,-70.1517180689999,0
			-19.8151242519999,-70.151733298,0
			-19.815106581,-70.1517380969999,0
			-19.8150877559999,-70.1517395349999,0
			-19.8150692069999,-70.151735074,0
			-19.8150424209999,-70.151710011,0
			-19.8150319009999,-70.1516924169999,0
			-19.8150178029999,-70.1516774119999,0
			-19.815011839,-70.1516365869999,0
			-19.8150039889999,-70.151597403,0
			-19.8150031559999,-70.1515559819999,0
			-19.8150004349999,-70.1515161979999,0
			-19.8149966789999,-70.1514947889999,0
			-19.814998107,-70.151475046,0
			-19.8150066709999,-70.1514575909999,0
			-19.8150204749999,-70.1514440669999,0
			-19.8150215809999,-70.1514269569999,0
			-19.8150148999999,-70.151384661,0
			-19.815007641,-70.1513434199999,0
			-19.8149942099999,-70.1513039389999,0
			-19.8149877189999,-70.151284646,0
			-19.8149755659999,-70.1512702669999,0
			-19.8149576109999,-70.151263751,0
			-19.814939062,-70.151259292,0
			-19.8149014909999,-70.151256954,0
			-19.8148641729998,-70.1512561919999,0
			-19.8148453449999,-70.1512576299999,0
			-19.8148051809999,-70.1512544569999,0
			-19.8147665639999,-70.1512532799999,0
			-19.8147280639998,-70.1512566299999,0
			-19.8146857899999,-70.151263254,0
			-19.8146425549999,-70.151265832,0
			-19.8146036279999,-70.1512608119999,0
			-19.8145857289999,-70.1512565609999,0
			-19.8145663949999,-70.15125484,0
			-19.8145267629999,-70.1512473509999,0
			-19.8145082139999,-70.151242892,0
			-19.8144720449999,-70.1512282839999,0
			-19.8144328339998,-70.151211949,0
			-19.814393679,-70.1511978789999,0
			-19.8143578249999,-70.1511871119999,0
			-19.8143174859999,-70.1511771499999,0
			-19.8142790379999,-70.1511655489999,0
			-19.8142422779999,-70.151152998,0
			-19.8142065629999,-70.1511392839999,0
			-19.8141624169999,-70.151122862,0
			-19.814127545,-70.151108671,0
			-19.814086699,-70.1510955539999,0
			-19.8140495479999,-70.15108437,0
			-19.814009154,-70.1510721449999,0
			-19.8139694079999,-70.15106013,0
			-19.813926674,-70.151048649,0
			-19.8138897199999,-70.151036784,0
			-19.8138523129999,-70.15102402,0
			-19.8138134099999,-70.1510115299999,0
			-19.8137732709999,-70.1510008819998,0
			-19.813732482,-70.1509900279999,0
			-19.813693697,-70.150982062,0
			-19.8136541219999,-70.150976837,0
			-19.8136145469999,-70.1509716089999,0
			-19.8135721019999,-70.150971446,0
			-19.8135287489999,-70.150969495,0
			-19.8134871719998,-70.1509613819999,0
			-19.813448051,-70.150957048,0
			-19.813409323,-70.1509513449999,0
			-19.813368844,-70.150944334,0
			-19.8133247329999,-70.1509376489998,0
			-19.813285494,-70.150928789,0
			-19.813245805,-70.1509190369999,0
			-19.8132061729999,-70.150911546,0
			-19.8131682889999,-70.1509053679999,0
			-19.8131275589998,-70.1508967749999,0
			-19.8131075169999,-70.150892585,0
			-19.813069889,-70.1508879839999,0
			-19.8130314969999,-70.150878647,0
			-19.813012299,-70.150873979,0
			-19.8129931609999,-70.150871572,0
			-19.8129547429999,-70.150869712,0
			-19.812936253,-70.1508675159999,0
			-19.8129148319998,-70.1508681189999,0
			-19.8128960609999,-70.150871818,0
			-19.8128771769999,-70.1508709909999,0
			-19.8127392919999,-70.1508603809999,0
			-19.8127004529999,-70.150867362,0
			-19.8126615339999,-70.1508795559998,0
			-19.8126283109999,-70.150896571,0
			-19.8125948899999,-70.150914273,0
			-19.8125792769999,-70.1509242229999,0
			-19.812564429,-70.1509389099999,0
			-19.8125554179999,-70.1509554689999,0
			-19.8125520999999,-70.1509768499999,0
			-19.812559237,-70.150996354,0
			-19.8125713089999,-70.1510159419999,0
			-19.8125797499999,-70.151053073,0
			-19.8125783199999,-70.1510728169999,0
			-19.812586107,-70.151092526,0
			-19.8126005989999,-70.1511061579999,0
			-19.8126089779999,-70.1511238149999,0
			-19.812603263,-70.1511436779999,0
			-19.812593604,-70.151160031,0
			-19.8125792039999,-70.1511756089999,0
			-19.8125577419999,-70.151208374,0
			-19.8125394739999,-70.151231459,0
			-19.812524868,-70.1512561799999,0
			-19.8125158539999,-70.1512727389999,0
			-19.812512338,-70.151294804,0
			-19.812531211,-70.15133753,0
			-19.812538941,-70.151354977,0
			-19.812529081,-70.1513720129999,0
			-19.81251,-70.151371872,0
			-19.8124712379999,-70.151356431,0
			-19.8124542099999,-70.1513442289999,0
			-19.8124401699999,-70.1513314869999,0
			-19.812429058,-70.1513159479999,0
			-19.8124123419999,-70.151307587,0
			-19.8123949819999,-70.1513162269999,0
			-19.8123847309998,-70.1513346339999,0
			-19.812369432,-70.1513484269999,0
			-19.8123578629999,-70.151391104,0
			-19.8123493979999,-70.1514377689999,0
			-19.8123460229999,-70.151456888,0
			-19.812339406,-70.1514749629999,0
			-19.8123207199999,-70.1514734529999,0
			-19.812305636,-70.151461876,0
			-19.8123030289999,-70.1514266189999,0
			-19.8123085459999,-70.151407439,0
			-19.812300835,-70.1513653059999,0
			-19.812297352,-70.1513207909999,0
			-19.8122942439999,-70.15129959,0
			-19.8122935289999,-70.1512799069998,0
			-19.8122886099999,-70.1512379219999,0
			-19.812271204,-70.1512024029999,0
			-19.812258011,-70.151189186,0
			-19.812238953,-70.1511815699999,0
			-19.8122206909999,-70.151188426,0
			-19.8122121299999,-70.1512058789999,0
			-19.812204725,-70.151226697,0
			-19.8122024499999,-70.1512469149999,0
			-19.8121907049999,-70.15126559,0
			-19.8121755449999,-70.1512764359999,0
			-19.8121617379999,-70.1512899599999,0
			-19.8121461279999,-70.151299912,0
			-19.8121272689999,-70.1512916119999,0
			-19.8120972409999,-70.151265505,0
			-19.8120729359999,-70.151236749,0
			-19.8120604699999,-70.1512185299999,0
			-19.8120520909999,-70.151200875,0
			-19.812037854,-70.1511888189999,0
			-19.812020627,-70.1511773029999,0
			-19.8120020229999,-70.1511705779999,0
			-19.811986292,-70.1511587909999,0
			-19.8119690849998,-70.151122589,0
			-19.8119599359999,-70.151082989,0
			-19.8119572779999,-70.1510626799999,0
			-19.811962089,-70.151041031,0
			-19.8119691849999,-70.1510230379999,0
			-19.811971963,-70.150982096,0
			-19.8119731369999,-70.150960775,0
			-19.8119819719999,-70.1509202139998,0
			-19.811985993,-70.150901303,0
			-19.8119865209999,-70.1508797719999,0
			-19.811981526,-70.1508602119999,0
			-19.8119722449999,-70.1508407709998,0
			-19.8119419289999,-70.1508033509999,0
			-19.8119288749999,-70.1507871849999,0
			-19.8119124929999,-70.150775192,0
			-19.8118959729999,-70.1507661429999,0
			-19.8118778189999,-70.1507603139999,0
			-19.8118590739999,-70.150756541,0
			-19.8118404129999,-70.1507475549998,0
			-19.81180253,-70.150741373,0
			-19.8117798119999,-70.150741559,0
			-19.811761888,-70.1507447829999,0
			-19.811745431,-70.1507552129999,0
			-19.8117278189999,-70.1507622769999,0
			-19.8116954969999,-70.1507810769999,0
			-19.811678534,-70.1507883499999,0
			-19.811639951,-70.1507969089998,0
			-19.8116216319999,-70.1508015019999,0
			-19.8115821139999,-70.15079854,0
			-19.8115418899999,-70.1507931039999,0
			-19.8115025159998,-70.150787193,0
			-19.8114584579999,-70.1507827729999,0
			-19.81141725,-70.1507807629998,0
			-19.8113792839999,-70.1507797939999,0
			-19.811359105,-70.1507785509999,0
			-19.811340752,-70.1507734059999,0
			-19.811322516,-70.1507727869999,0
			-19.8112828069999,-70.1507877189999,0
			-19.8112491329999,-70.150803842,0
			-19.811228926,-70.1508100729999,0
			-19.8112061519998,-70.150807997,0
			-19.8111888449998,-70.150801691,0
			-19.811175138,-70.1507853169999,0
			-19.8111699459999,-70.150766442,0
			-19.8111598779999,-70.1507497389999,0
			-19.8111285279998,-70.150730693,0
			-19.8110903319999,-70.150720671,0
			-19.8110693889999,-70.150714695,0
			-19.8110269989999,-70.1507167949999,0
			-19.8109857069999,-70.150719997,0
			-19.8109666249999,-70.1507198529999,0
			-19.810929309,-70.150719093,0
			-19.8108861299999,-70.1507239339999,0
			-19.8108458259999,-70.1507237099999,0
			-19.8108037139999,-70.1507199139999,0
			-19.810785478,-70.150719295,0
			-19.8107619979999,-70.150714748,0
			-19.8107433119998,-70.1507132369999,0
			-19.810698499,-70.150721291,0
			-19.8106772489999,-70.150728686,0
			-19.8106345799999,-70.1507366809999,0
			-19.810615613,-70.150741064,0
			-19.8105768899998,-70.150752574,0
			-19.8105356,-70.1507557739999,0
			-19.8105126289999,-70.1507543829999,0
			-19.810474868,-70.1507699419999,0
			-19.810452633,-70.150780759,0
			-19.8104314089999,-70.1507806779999,0
			-19.810414184,-70.1507691609999,0
			-19.8103753139999,-70.150766404,0
			-19.8103569379999,-70.1507687339999,0
			-19.81031545,-70.1507726199999,0
			-19.8102775989999,-70.1507761779999,0
			-19.810256571,-70.1507754119999,0
			-19.8102194009999,-70.150788914,0
			-19.8102018439999,-70.150798241,0
			-19.810162442,-70.150799805,0
			-19.81012335,-70.150805207,0
			-19.810087107,-70.1508130239999,0
			-19.8100451999999,-70.150825754,0
			-19.8100026469999,-70.1508382759999,0
			-19.8099622309999,-70.1508507389998,0
			-19.8099220739999,-70.1508647769999,0
			-19.809879773,-70.150878878,0
			-19.809841107,-70.1508926499999,0
			-19.809803288,-70.1509059429999,0
			-19.8097654679999,-70.1509192389999,0
			-19.8097474589999,-70.1509276729999,0
			-19.809727252,-70.1509339039999,0
			-19.8096951869999,-70.150954284,0
			-19.8096616259999,-70.1509749309999,0
			-19.8096415329999,-70.150985689,0
			-19.8096269399999,-70.1510019529999,0
			-19.809610382,-70.1510422759999,0
			-19.809605064,-70.1510607699999,0
			-19.8096015489999,-70.1510828359999,0
			-19.80960627,-70.1511255069998,0
			-19.8096066199999,-70.1511484659999,0
			-19.8096069079999,-70.1511676119999,0
			-19.8095978759999,-70.151208857,0
			-19.8095864479999,-70.151248583,0
			-19.8095758649999,-70.151287834,0
			-19.8095691089999,-70.1513088599999,0
			-19.8095605479999,-70.1513263129999,0
			-19.8095300309999,-70.1513486869999,0
			-19.8095085849999,-70.1513567649999,0
			-19.8094694099998,-70.151367379,0
			-19.8094313619999,-70.15137162,0
			-19.8094111819999,-70.151370379,0
			-19.8093891959999,-70.151365562,0
			-19.809354856,-70.1513470519999,0
			-19.809318575,-70.15132792,0
			-19.8093005609999,-70.1513191399999,0
			-19.8092813909999,-70.1513069999999,0
			-19.809268983,-70.151291042,0
			-19.809264775,-70.151268741,0
			-19.809292526,-70.151238747,0
			-19.8093256929999,-70.151219467,0
			-19.8093607789999,-70.1512082869999,0
			-19.8093829329999,-70.1512026799999,0
			-19.8093649099999,-70.151176692,0
			-19.8093284059999,-70.151165716,0
			-19.8093070689998,-70.1511611089999,0
			-19.809287002,-70.1511643919999,0
			-19.8092694449999,-70.1511737199999,0
			-19.8092536959999,-70.1511866189999,0
			-19.80923453,-70.151191689,0
			-19.8092188569999,-70.1511821649999,0
			-19.8092051069999,-70.1511501119999,0
			-19.8091964579999,-70.1511270839999,0
			-19.8091815689999,-70.1511148239999,0
			-19.809145343,-70.1510979519999,0
			-19.80910929,-70.1510878709999,0
			-19.8090727859999,-70.1510768969999,0
			-19.809037325,-70.151064758,0
			-19.8090193669999,-70.1510582459999,0
			-19.80898123,-70.151050488,0
			-19.8089603999999,-70.151049034,0
			-19.8089204559999,-70.151037705,0
			-19.8089006139999,-70.151032829,0
			-19.808858674,-70.151035823,0
			-19.8088216689999,-70.151038903,0
			-19.8088004439999,-70.1510388209999,0
			-19.808777092,-70.151045445,0
			-19.8087457419999,-70.151054175,0
			-19.808724771,-70.1510556739999,0
			-19.8087052149999,-70.1510621139998,0
			-19.808701248,-70.151083285,0
			-19.808710079,-70.1511018339999,0
			-19.808714876,-70.151122081,0
			-19.8087169429999,-70.151144443,0
			-19.8087263649999,-70.1511609369999,0
			-19.808733248,-70.151178859,0
			-19.8087464439999,-70.1511920759999,0
			-19.8087625699999,-70.151202492,0
			-19.8087770629999,-70.151216124,0
			-19.8087968039999,-70.1512508969999,0
			-19.808807326,-70.1512684909999,0
			-19.808822409,-70.1512800679999,0
			-19.8088361139999,-70.1512964409999,0
			-19.8088695499999,-70.1513131619999,0
			-19.8088866609999,-70.1513201559999,0
			-19.8088935439999,-70.1513380779999,0
			-19.8088927619999,-70.15135803,0
			-19.8089078849999,-70.151396558,0
			-19.8089158669999,-70.1514155799999,0
			-19.8089159319999,-70.151435056,0
			-19.8089003199999,-70.1514450059999,0
			-19.808879524,-70.151453293,0
			-19.8088602459999,-70.1514538369999,0
			-19.8088250339998,-70.1514432779999,0
			-19.808790191,-70.1514216109999,0
			-19.8087579379999,-70.151400779,0
			-19.8087267299999,-70.1513787869999,0
			-19.8086963079999,-70.151354052,0
			-19.808681028,-70.151343158,0
			-19.8086632099998,-70.1513336969999,0
			-19.8086478179999,-70.151318276,0
			-19.8086144639999,-70.151296342,0
			-19.8085826879999,-70.1512689299999,0
			-19.8085704769999,-70.1512522899999,0
			-19.8085534679999,-70.151215403,0
			-19.8085456809999,-70.151195693,0
			-19.808515315,-70.1511732229999,0
			-19.8084993869999,-70.1511621189999,0
			-19.808484247,-70.1511482789999,0
			-19.8084584699999,-70.1511123189998,0
			-19.80843047,-70.1510816269999,0
			-19.80841643,-70.1510688879999,0
			-19.8083890189999,-70.1510361429999,0
			-19.8083761039999,-70.1510170299999,0
			-19.8083781829999,-70.1509974969998,0
			-19.808379352,-70.1509589629999,0
			-19.808355497,-70.1509311009999,0
			-19.8083311879999,-70.1509023439999,0
			-19.8083225559999,-70.1508831119999,0
			-19.8083198429999,-70.150860544,0
			-19.808319976,-70.1508403839999,0
			-19.8083137589999,-70.1507979819999,0
			-19.8083100599999,-70.150778838,0
			-19.8083095429999,-70.1507584699999,0
			-19.80832551,-70.150720201,0
			-19.808334072,-70.150702748,0
			-19.80833939,-70.1506842539999,0
			-19.8083381069999,-70.1506419409999,0
			-19.8083350539999,-70.1506230049999,0
			-19.8083283099999,-70.150602132,0
			-19.808315649,-70.150584599,0
			-19.8083010979999,-70.1505687019999,0
			-19.8082821239998,-70.1505558759999,0
			-19.8082636579999,-70.1505462059999,0
			-19.8082273519998,-70.150534545,0
			-19.8081874089999,-70.1505232159998,0
			-19.8081678189999,-70.1505199169999,0
			-19.8081492449999,-70.1505229329999,0
			-19.808130337,-70.1505295809998,0
			-19.808092369,-70.1505286099999,0
			-19.8080719339999,-70.150525789,0
			-19.8080522609999,-70.1505277029999,0
			-19.808011989,-70.1505372169999,0
			-19.8079726999998,-70.150543307,0
			-19.8079307049999,-70.1505440359999,0
			-19.8078902259999,-70.150537022,0
			-19.807850791,-70.150528848,0
			-19.8078040869999,-70.150521334,0
			-19.8077657509999,-70.15051426,0
			-19.8077313309999,-70.150500962,0
			-19.807711374,-70.150491562,0
			-19.8076945989999,-70.1504809359999,0
			-19.8076584889999,-70.1504685929999,0
			-19.8076212789999,-70.150455146,0
			-19.8075806869999,-70.1504436079999,0
			-19.807543591,-70.150434687,0
			-19.8075047469999,-70.1504244579999,0
			-19.8074672009999,-70.1504146469999,0
			-19.8074286949999,-70.1504007859999,0
			-19.8073908369999,-70.15038713,0
			-19.807354921,-70.1503741039999,0
			-19.8073169489999,-70.150355922,0
			-19.8072830639999,-70.150338306,0
			-19.807263161,-70.1503311669999,0
			-19.8072405519999,-70.1503186689999,0
			-19.8072247629999,-70.150304621,0
			-19.80719082,-70.1502847419998,0
			-19.8071730589999,-70.1502775419999,0
			-19.807133822,-70.1502686839999,0
			-19.807095488,-70.150261612,0
			-19.8070525329999,-70.1502582919999,0
			-19.807013893,-70.1502645899999,0
			-19.806977001,-70.1502721969999,0
			-19.806957639,-70.150277951,0
			-19.806923453,-70.1502909169999,0
			-19.8069036399999,-70.1502957789999,0
			-19.8068864799998,-70.150303735,0
			-19.8068686129999,-70.150309222,0
			-19.806831071,-70.150316618,0
			-19.806791528,-70.1503211309999,0
			-19.806751929,-70.1503233759999,0
			-19.8067099909999,-70.15032637,0
			-19.8066914189999,-70.1503293879999,0
			-19.8066554049999,-70.150346253,0
			-19.8066395969999,-70.1503568909999,0
			-19.8066028449998,-70.1503615469999,0
			-19.806564006,-70.15036853,0
			-19.80652407,-70.1503744099999,0
			-19.806502961,-70.150378856,0
			-19.8064635909998,-70.1503901559998,0
			-19.806422218,-70.1503985679999,0
			-19.8063832419999,-70.1504084979999,0
			-19.8063478749999,-70.1504255739999,0
			-19.806311862,-70.1504424409999,0
			-19.8062940499999,-70.1504501889999,0
			-19.806265653,-70.1504799749999,0
			-19.8062555959999,-70.1504976989999,0
			-19.8062239559999,-70.1505264439999,0
			-19.8062093029999,-70.1505404449999,0
			-19.8061920579999,-70.1505536129999,0
			-19.8061695509999,-70.1505875379999,0
			-19.8061520919998,-70.1506260739999,0
			-19.806143531,-70.150643526,0
			-19.8061150749999,-70.1506710509999,0
			-19.8060984219998,-70.150682162,0
			-19.8060844759999,-70.150698635,0
			-19.806077859,-70.150716712,0
			-19.8060747399998,-70.1507374079999,0
			-19.806079735,-70.1507569709999,0
			-19.8060935789999,-70.1507703939999,0
			-19.8061059869999,-70.1507863499999,0
			-19.80611183,-70.1508054349999,0
			-19.806111696,-70.150825593,0
			-19.8061175949999,-70.150846939,0
			-19.8061211549999,-70.1508690339999,0
			-19.80612167,-70.1508893999999,0
			-19.8061191979999,-70.1509103069999,0
			-19.806125886,-70.150928912,0
			-19.8061349749999,-70.1509662499999,0
			-19.8061329599999,-70.1510052589999,0
			-19.8061287419999,-70.151024853,0
			-19.80611843,-70.151040995,0
			-19.806109991,-70.1510801849999,0
			-19.806110702,-70.151099868,0
			-19.8061058339999,-70.151119256,0
			-19.8060857229999,-70.1511546949999,0
			-19.8060791069999,-70.1511727729999,0
			-19.8060676789999,-70.1512124989999,0
			-19.8060604139999,-70.151230368,0
			-19.80604249,-70.151233592,0
			-19.8060245899999,-70.1512293389999,0
			-19.8060065519999,-70.151228034,0
			-19.8059877489999,-70.1512219969999,0
			-19.8059800189999,-70.1512045529999,0
			-19.8059657229999,-70.151190233,0
			-19.8059635189999,-70.1511708199999,0
			-19.8059749449999,-70.1511310939999,0
			-19.805988376,-70.1510942549999,0
			-19.805996034,-70.1510750169999,0
			-19.8060063429999,-70.1510588739999,0
			-19.8060062799999,-70.1510393999999,0
			-19.8059932809999,-70.1510254989999,0
			-19.805982958,-70.1510072199998,0
			-19.8059607349999,-70.1509761409998,0
			-19.8059489779999,-70.1509603939999,0
			-19.8059380039999,-70.150865588,0
			-19.8059300949998,-70.1508241409999,0
			-19.8059192589999,-70.1507854949999,0
			-19.8059119229999,-70.1507666789999,0
			-19.8059112079999,-70.1507469969999,0
			-19.8059095299999,-70.1507060549999,0
			-19.805905831,-70.1506869089999,0
			-19.805908756,-70.1506668979998,0
			-19.8059466079999,-70.1506633399999,0
			-19.8059652929999,-70.1506648529999,0
			-19.805983162,-70.1506593659999,0
			-19.80599832,-70.150648522,0
			-19.806011166,-70.1506309489999,0
			-19.8060157159998,-70.15059051,0
			-19.8060154,-70.1505694579999,0
			-19.806010149,-70.1505483179999,0
			-19.8059786829999,-70.150524748,0
			-19.8059648409999,-70.1505113249999,0
			-19.8059473349999,-70.150505702,0
			-19.8059096479999,-70.1504988379999,0
			-19.8058688929999,-70.1504977199999,0
			-19.8058502609999,-70.1504984729999,0
			-19.8058304489999,-70.150503333,0
			-19.8057925969999,-70.1505068909999,0
			-19.8057746729999,-70.150510115,0
			-19.8057572569999,-70.1505164909999,0
			-19.8057366239999,-70.150514356,0
			-19.8056974749999,-70.1505174969999,0
			-19.8056562659999,-70.1505154869999,0
			-19.8056372439999,-70.1505176089999,0
			-19.805594288,-70.150514291,0
			-19.805557166,-70.1505128429999,0
			-19.805518552,-70.1505116679999,0
			-19.8054773439999,-70.150509659,0
			-19.805459334,-70.1505113439999,0
			-19.805435856,-70.1505135449999,0
			-19.8053955269999,-70.150520796,0
			-19.8053769519999,-70.1505238089999,0
			-19.8053570239999,-70.150524143,0
			-19.8053177949999,-70.150532496,0
			-19.805278819,-70.1505424269999,0
			-19.8052597949999,-70.1505445479999,0
			-19.805241558,-70.15054393,0
			-19.805223043,-70.1505492059999,0
			-19.805205034,-70.1505576399999,0
			-19.8051860429999,-70.1505694979999,0
			-19.8051651879999,-70.1505755209999,0
			-19.8051306419999,-70.1505995939999,0
			-19.8051085289999,-70.1506321479999,0
			-19.8051019939999,-70.150654867,0
			-19.805096904,-70.1506725599999,0
			-19.8050882109999,-70.1507101679999,0
			-19.8050832639998,-70.1507519769999,0
			-19.805082737,-70.150773506,0
			-19.805073724,-70.150790065,0
			-19.8050601159999,-70.150802905,0
			-19.8050552479999,-70.1508222909999,0
			-19.805052578,-70.1508438809999,0
			-19.8050571219999,-70.1508625469999,0
			-19.805038609,-70.1508678239999,0
			-19.805012807,-70.150839339,0
			-19.8049973479999,-70.1508044449998,0
			-19.804991441,-70.1507658879999,0
			-19.8049879399999,-70.150746058,0
			-19.8049908629999,-70.1507260469999,0
			-19.8049791839999,-70.1507079349998,0
			-19.8049707819999,-70.1506949079999,0
			-19.804938926,-70.1506727049999,0
			-19.804921361,-70.1506648219999,0
			-19.8048930819999,-70.1506400269999,0
			-19.8048806739999,-70.1506240739998,0
			-19.80484724,-70.150607352,0
			-19.804809973,-70.150591644,0
			-19.804773665,-70.1505799839999,0
			-19.804755961,-70.150575047,0
			-19.8047150909999,-70.1505694049999,0
			-19.8046789819999,-70.15055706,0
			-19.8046424199999,-70.150543824,0
			-19.8046225749999,-70.1505389499999,0
			-19.8045802689999,-70.1505358379999,0
			-19.8045425569999,-70.1505364469999,0
			-19.8045014879999,-70.1505314899999,0
			-19.8044815059999,-70.150529561,0
			-19.8044414509999,-70.1505309169999,0
			-19.8044026399999,-70.1505304239999,0
			-19.8043633519999,-70.150536512,0
			-19.804325616,-70.1505445959999,0
			-19.8043058609999,-70.1505517209999,0
			-19.8042674739999,-70.150559597,0
			-19.8042489019999,-70.1505626099999,0
			-19.8042088019999,-70.1505789139999,0
			-19.8041695449999,-70.1505947379999,0
			-19.8041343749999,-70.1506111299999,0
			-19.8041010119999,-70.150631091,0
			-19.8040666879999,-70.150647003,0
			-19.8040310099999,-70.1506602379999,0
			-19.80399274,-70.1506726399999,0
			-19.8039564119999,-70.1506856669999,0
			-19.8039227379999,-70.1507017879999,0
			-19.8038909819999,-70.1507260059999,0
			-19.803874838,-70.150740276,0
			-19.8038592259999,-70.1507502269999,0
			-19.8038388219999,-70.1507571419999,0
			-19.8038183029999,-70.1507595319999,0
			-19.8037830209999,-70.1507713959999,0
			-19.8037647579999,-70.15077825,0
			-19.803749205,-70.1507904659999,0
			-19.8037402489999,-70.1508092879999,0
			-19.8037347329998,-70.150828465,0
			-19.803736291,-70.15084767,0
			-19.8037562879999,-70.1508840189999,0
			-19.8037785079999,-70.1509150979999,0
			-19.8037860419999,-70.1509332299999,0
			-19.8037912359999,-70.150952105,0
			-19.803793244,-70.150972204,0
			-19.80379779,-70.150990871,0
			-19.8038143489999,-70.1510268669999,0
			-19.803825715,-70.1510439829999,0
			-19.8038412509999,-70.1510564539999,0
			-19.8038597149999,-70.1510661239999,0
			-19.8038740129999,-70.1510804409999,0
			-19.80387602,-70.1511005399999,0
			-19.803870699,-70.1511190339999,0
			-19.8038591509999,-70.1511370229998,0
			-19.8038400109999,-70.151134616,0
			-19.8038153109999,-70.1511072329999,0
			-19.8037917919999,-70.151075738,0
			-19.8037748379999,-70.151041113,0
			-19.8037725749999,-70.1510194369999,0
			-19.8037612109999,-70.1510023179999,0
			-19.8037259769999,-70.150999236,0
			-19.8037057699999,-70.1510054669999,0
			-19.803675348,-70.1509807339999,0
			-19.8036554079999,-70.150946646,0
			-19.803648664,-70.1509257769999,0
			-19.8036356649999,-70.1509118739999,0
			-19.8036171749999,-70.1509096799999,0
			-19.803598913,-70.150916534,0
			-19.8035587779999,-70.150923099,0
			-19.803538714,-70.150926382,0
			-19.8035217469999,-70.150933655,0
			-19.8035214189999,-70.150954498,0
			-19.8035300509999,-70.150973731,0
			-19.8035542179999,-70.151005434,0
			-19.8035662309999,-70.1510227589999,0
			-19.803576162,-70.151042408,0
			-19.8035898639998,-70.1510587779999,0
			-19.8036186519999,-70.151086729,0
			-19.8036312579999,-70.1511019989999,0
			-19.8036419749999,-70.1511189079998,0
			-19.8036480139999,-70.1511373069999,0
			-19.8036620539999,-70.151150047,0
			-19.8036744619999,-70.151166001,0
			-19.8036839389999,-70.1511847579999,0
			-19.8037014439999,-70.151190379,0
			-19.80371464,-70.1512035959999,0
			-19.803726712,-70.151221259,0
			-19.803737568,-70.1512371439999,0
			-19.803748088,-70.15125474,0
			-19.8037606919999,-70.151270008,0
			-19.8037571199999,-70.151289812,0
			-19.803720535,-70.151284048,0
			-19.8036855219999,-70.1512728069999,0
			-19.8036682169999,-70.151266499,0
			-19.8036318259999,-70.1512600519999,0
			-19.803616033,-70.15125498,0
			-19.803598983,-70.1512412749999,0
			-19.8035867719999,-70.151224634,0
			-19.8035781969999,-70.151207664,0
			-19.8035469869998,-70.1511856719999,0
			-19.8035327479999,-70.151173617,0
			-19.803528403,-70.1511542649999,0
			-19.8035311269999,-70.151134938,0
			-19.8034981669999,-70.1511116349999,0
			-19.8034644219999,-70.1510910729999,0
			-19.8034231829999,-70.1510793269999,0
			-19.8034052829999,-70.1510750759999,0
			-19.803386653,-70.1510758259999,0
			-19.803353092,-70.1510964729999,0
			-19.8033374819999,-70.151106425,0
			-19.8033279419999,-70.151144511,0
			-19.8033217779999,-70.1511634829999,0
			-19.8033108199999,-70.1511794169999,0
			-19.803279,-70.151184163,0
			-19.8032603939998,-70.15117744,0
			-19.8032465939999,-70.1512081749999,0
			-19.803250099,-70.151228005,0
			-19.8032688419999,-70.151262692,0
			-19.8032936969999,-70.151290637,0
			-19.803319949,-70.1513200169999,0
			-19.80333151,-70.15133645,0
			-19.8033442379999,-70.1513734549999,0
			-19.8033454089999,-70.1514112409999,0
			-19.8033356689999,-70.151450014,0
			-19.8033308019999,-70.1514693999999,0
			-19.803323538,-70.1514872689999,0
			-19.8033154089999,-70.151530298,0
			-19.8033122869999,-70.1515509939999,0
			-19.803305727,-70.151571334,0
			-19.8032928249999,-70.151586644,0
			-19.8032742519999,-70.151589657,0
			-19.8032570899999,-70.151597613,0
			-19.8032439319999,-70.1516113449999,0
			-19.8032196189999,-70.1516416949999,0
			-19.8032056159999,-70.1516559039999,0
			-19.8031933619999,-70.151671424,0
			-19.8031787099998,-70.1516854229999,0
			-19.8031629019999,-70.151696059,0
			-19.8031474059999,-70.1517105349999,0
			-19.8031356029998,-70.1517269469999,0
			-19.8031300869999,-70.1517461239999,0
			-19.8031178319999,-70.1517616419999,0
			-19.803079721,-70.151746411,0
			-19.8030606629999,-70.151738795,0
			-19.8030421139999,-70.151734335,0
			-19.803001244,-70.1517286929999,0
			-19.8029660359998,-70.1517181359999,0
			-19.8029296459998,-70.1517116869999,0
			-19.8028988069998,-70.1516957979999,0
			-19.8028739319999,-70.151661625,0
			-19.8028630199999,-70.1516453999999,0
			-19.8028491739999,-70.1516319769999,0
			-19.8028322609999,-70.1516242989999,0
			-19.8028082079998,-70.1515971219999,0
			-19.802800421,-70.1515774139999,0
			-19.8027955579999,-70.1515376959999,0
			-19.8027927019999,-70.151518072,0
			-19.8027860169998,-70.151499465,0
			-19.8027686499999,-70.1514908949999,0
			-19.8027495709999,-70.151490754,0
			-19.8027316449999,-70.1514939759999,0
			-19.8027179979999,-70.1514798669999,0
			-19.802705729,-70.151460964,0
			-19.802691178,-70.1514450669999,0
			-19.8026740669999,-70.151438078,0
			-19.8026602249999,-70.1514246519999,0
			-19.8026713209999,-70.1514057709999,0
			-19.8026798249999,-70.151386056,0
			-19.8026797049999,-70.15136432,0
			-19.8026537899999,-70.1513313089999,0
			-19.8026378039999,-70.1513179419999,0
			-19.8026250019998,-70.1513033579999,0
			-19.802606339,-70.1512943719999,0
			-19.8025292869999,-70.151239704,0
			-19.8025457439999,-70.151229276,0
			-19.8025643729999,-70.1512285239999,0
			-19.8025828899998,-70.1512232469998,0
			-19.8026109539999,-70.1511970929999,0
			-19.802622501,-70.1511791019999,0
			-19.802628667,-70.151160133,0
			-19.8026365809999,-70.151142474,0
			-19.8026470889999,-70.1511256459999,0
			-19.802654548,-70.1511070929999,0
			-19.8026587699999,-70.151087499,0
			-19.802658648,-70.151065762,0
			-19.802633832,-70.151033851,0
			-19.8026229189999,-70.151017628,0
			-19.802589059,-70.150992539,0
			-19.8025701409999,-70.150981976,0
			-19.80255247,-70.150986775,0
			-19.8025392939999,-70.151025191,0
			-19.8025350739999,-70.1510447849999,0
			-19.802519914,-70.1510556289999,0
			-19.802503139,-70.1510450049998,0
			-19.8024911259999,-70.1510276799999,0
			-19.802482551,-70.1510107129999,0
			-19.8024643169999,-70.151010094,0
			-19.8024531599999,-70.1510267119999,0
			-19.8024586079999,-70.1510471679999,0
			-19.8024745359999,-70.1510582669999,0
			-19.8024822679999,-70.151075712,0
			-19.8024961689999,-70.151091401,0
			-19.8025102099999,-70.1511041389999,0
			-19.8025166979999,-70.1511234299999,0
			-19.8025056579999,-70.151144576,0
			-19.802488103,-70.151153904,0
			-19.8024743549999,-70.1511696879999,0
			-19.8024562349999,-70.1511735979999,0
			-19.8024203219999,-70.151160567,0
			-19.8024014599999,-70.1511522669999,0
			-19.8023903489999,-70.15113673,0
			-19.802384705,-70.1511169589999,0
			-19.802381532,-70.1510762859999,0
			-19.8023796639999,-70.1510532399999,0
			-19.8023713679999,-70.1510303749999,0
			-19.802359215,-70.1510159969999,0
			-19.802348303,-70.1509997719999,0
			-19.8023280049999,-70.150994004,0
			-19.802322685,-70.1510124979999,0
			-19.8023221569999,-70.1510340249999,0
			-19.802328318,-70.15107416,0
			-19.802328243,-70.1510965829999,0
			-19.80234246,-70.151133321,0
			-19.8023548699999,-70.1511492769999,0
			-19.8023626,-70.1511667239999,0
			-19.8023505419999,-70.1511815559999,0
			-19.8023340209999,-70.1511725089999,0
			-19.802314941,-70.1511723679999,0
			-19.8022974359998,-70.151166748,0
			-19.8022631529999,-70.151150501,0
			-19.8022439009999,-70.15114357,0
			-19.8022265349999,-70.1511350009998,0
			-19.802210154,-70.1511230079999,0
			-19.8022051589999,-70.151103447,0
			-19.8021892499999,-70.1510676619999,0
			-19.8021776279999,-70.1510489669999,0
			-19.8021607959999,-70.15103608,0
			-19.8021291359998,-70.151013194,0
			-19.8021144479999,-70.1510002479999,0
			-19.8020943069999,-70.150966845,0
			-19.8020827459999,-70.1509504139999,0
			-19.8020676629999,-70.1509388349999,0
			-19.8020554509999,-70.1509221959999,0
			-19.802077169,-70.1508910109999,0
			-19.802090779,-70.150878173,0
			-19.8021090729999,-70.1508810569999,0
			-19.8021253429999,-70.1508702799999,0
			-19.8021441839999,-70.1508624019999,0
			-19.8021584429999,-70.150849772,0
			-19.8021534429999,-70.1508302119999,0
			-19.8021266019998,-70.1508028869999,0
			-19.8020921249999,-70.1507873259999,0
			-19.8020516479999,-70.150780315,0
			-19.802012664,-70.150773035,0
			-19.8019719909999,-70.1507667069999,0
			-19.801951162,-70.150765255,0
			-19.801932194,-70.15076964,0
			-19.801914891,-70.150780545,0
			-19.801897729,-70.1507885009999,0
			-19.8018628159999,-70.1508064689999,0
			-19.8018445539998,-70.1508133249999,0
			-19.8018266289999,-70.1508165459999,0
			-19.8018059959999,-70.150814409,0
			-19.801768507,-70.1508068609999,0
			-19.801729919,-70.1507982099999,0
			-19.801710468,-70.1507919649999,0
			-19.80169023,-70.1507884579999,0
			-19.801671427,-70.150782421,0
			-19.8016309509999,-70.1507754079999,0
			-19.8015930649999,-70.1507692289999,0
			-19.8015542539999,-70.150768736,0
			-19.8015096379999,-70.150776107,0
			-19.801489771,-70.1507787059999,0
			-19.801451131,-70.1507850019999,0
			-19.8014310659999,-70.1507882849999,0
			-19.8014122119999,-70.1507971939999,0
			-19.8013745309999,-70.1508075409999,0
			-19.8013562119999,-70.1508121339999,0
			-19.8013195479999,-70.150828793,0
			-19.8013026419999,-70.150838327,0
			-19.801273141,-70.1508670129999,0
			-19.801245982,-70.1508949519999,0
			-19.801228796,-70.150910381,0
			-19.8012167379999,-70.150925215,0
			-19.801207528,-70.15094246,0
			-19.8012007149999,-70.1509612209999,0
			-19.8011960439999,-70.150979923,0
			-19.8012036949999,-70.151019789,0
			-19.8012057049999,-70.151039887,0
			-19.801218368,-70.151057421,0
			-19.8012244069999,-70.151075818,0
			-19.8012238219999,-70.1510950839999,0
			-19.8012172049999,-70.1511131619999,0
			-19.801194629,-70.1511103999999,0
			-19.801185151,-70.151091644,0
			-19.8011806069999,-70.1510729759999,0
			-19.8011614659999,-70.1510705709999,0
			-19.8011400709999,-70.1510637009999,0
			-19.8011231569998,-70.1510560259999,0
			-19.8011131709999,-70.151047573,0
			-19.800805091,-70.151156202,0
			-19.800240104,-70.1512025799999,0
			-19.8000668189999,-70.1511626709999,0
			-19.8000683609999,-70.151177452,0
			-19.8000647889999,-70.1511972539999,0
			-19.8000635579999,-70.1512163099999,0
			-19.8000658209999,-70.151237989,0
			-19.8000829899999,-70.151247241,0
			-19.800100889,-70.151251493,0
			-19.8001202239999,-70.1512532119999,0
			-19.8001239229999,-70.1512723579999,0
			-19.800117169,-70.1512933819999,0
			-19.8001090579999,-70.151311726,0
			-19.8000723629999,-70.1513186469999,0
			-19.8000539299999,-70.1513187139998,0
			-19.8000403209999,-70.1513315519999,0
			-19.8000350579999,-70.151352307,0
			-19.8000263009999,-70.1513704459999,0
			-19.8000057239999,-70.151370571,0
			-19.7999872599999,-70.151360902,0
			-19.7999884919999,-70.1513418439999,0
			-19.799970198,-70.1513389619999,0
			-19.7999502719999,-70.1513392979999,0
			-19.799935112,-70.15135014,0
			-19.7998972599999,-70.151353698,0
			-19.7998787699999,-70.151351502,0
			-19.7998404659999,-70.1513541659999,0
			-19.7998222879999,-70.151355812,0
			-19.799783896,-70.1513464749999,0
			-19.7997659379999,-70.1513399599999,0
			-19.7997480709998,-70.1513454449998,0
			-19.7997305659999,-70.151339825,0
			-19.799717511,-70.1513236609999,0
			-19.799702172,-70.151310506,0
			-19.7996663159999,-70.1512997409999,0
			-19.7996343179999,-70.151280489,0
			-19.7996211229999,-70.1512672709999,0
			-19.7996054459999,-70.15125775,0
			-19.7995885349999,-70.1512500739998,0
			-19.7995502309999,-70.151252738,0
			-19.7995312619999,-70.1512571229999,0
			-19.7995107449999,-70.1512595119999,0
			-19.799492937,-70.1512672599999,0
			-19.79947913,-70.1512807829999,0
			-19.799462165,-70.151288054,0
			-19.7994438449999,-70.1512926469998,0
			-19.7994236639999,-70.1512914039999,0
			-19.799387833,-70.151273163,0
			-19.7993713139999,-70.1512641179999,0
			-19.7993550099999,-70.1512297039999,0
			-19.799348321,-70.1512110959999,0
			-19.7993518929999,-70.1511912939999,0
			-19.7993534559999,-70.1511513949999,0
			-19.7993548869999,-70.151131654,0
			-19.799362092,-70.1511115209999,0
			-19.7993711079999,-70.1510949619999,0
			-19.799370591,-70.151074598,0
			-19.79936534,-70.1510534579999,0
			-19.7993498629999,-70.151043253,0
			-19.799332949,-70.1510355749999,0
			-19.799318909,-70.151022838,0
			-19.7992532099999,-70.1511034919999,0
			-19.799231242,-70.151073993,0
			-19.799221899,-70.15103508,0
			-19.7992220309999,-70.1510149229999,0
			-19.7992047239998,-70.151008616,0
			-19.7991859529999,-70.1510123159999,0
			-19.799171244,-70.1510240539999,0
			-19.799165532,-70.1510439169999,0
			-19.7991565179999,-70.151060474,0
			-19.7991511219999,-70.1511013859999,0
			-19.799156183,-70.1511404189999,0
			-19.7991607259999,-70.15115909,0
			-19.79916364,-70.1511809729999,0
			-19.7991597379999,-70.151221618,0
			-19.7991568129999,-70.151241629,0
			-19.799143122,-70.1512596789999,0
			-19.7991249999999,-70.1512635839999,0
			-19.7991048179998,-70.1512623409999,0
			-19.7990856229998,-70.151257675,0
			-19.7990704629999,-70.1512685169999,0
			-19.7990515209999,-70.151265429,0
			-19.7990220029999,-70.1512424809999,0
			-19.7990084949998,-70.151225425,0
			-19.7990001159999,-70.15120777,0
			-19.7989883579999,-70.1511920249999,0
			-19.798981021,-70.151173209,0
			-19.7989770039999,-70.1511330129999,0
			-19.798973304,-70.1511138689999,0
			-19.7989559829999,-70.151073143,0
			-19.7989398169999,-70.151035782,0
			-19.7989341729999,-70.1510160109999,0
			-19.79891996,-70.1509964859998,0
			-19.7988991949999,-70.151014506,0
			-19.7988952919999,-70.151055152,0
			-19.7988938639999,-70.1510748909999,0
			-19.7988829059999,-70.1510908269999,0
			-19.7988474419998,-70.15107869,0
			-19.7988303309999,-70.1510717009999,0
			-19.7988077529999,-70.1510689409999,0
			-19.798771675,-70.1510663339998,0
			-19.7987509279999,-70.1510596699999,0
			-19.798740343,-70.1510226039999,0
			-19.7987402799999,-70.1510031319999,0
			-19.7987229709999,-70.1509968249999,0
			-19.7987055559999,-70.1510032019999,0
			-19.79869116,-70.151018783,0
			-19.79867917,-70.150993983,0
			-19.798683785,-70.1509730199999,0
			-19.7986682499999,-70.1509605489999,0
			-19.7986509419999,-70.1509542429999,0
			-19.7986162999999,-70.150949106,0
			-19.7985979749999,-70.1509364879999,0
			-19.7985806089999,-70.1509279179999,0
			-19.7985640319999,-70.150916609,0
			-19.7985494829999,-70.150900716,0
			-19.7985393539999,-70.1508817519999,0
			-19.798538643,-70.1508620719999,0
			-19.7985211369999,-70.1508564499999,0
			-19.7984874049999,-70.1508703069999,0
			-19.798467988,-70.150873798,0
			-19.7984489299999,-70.150866182,0
			-19.79843145,-70.150853088,0
			-19.798420478,-70.1508346019999,0
			-19.7984245009999,-70.150815694,0
			-19.7984312569999,-70.15079467,0
			-19.7984419049999,-70.150774895,0
			-19.7984579899999,-70.1507583639998,0
			-19.798475351,-70.1507497219999,0
			-19.7984923989999,-70.150737239,0
			-19.7985049829999,-70.15070088,0
			-19.7985106959999,-70.1506810169998,0
			-19.798512971,-70.1506607979999,0
			-19.7985114129999,-70.1506415929999,0
			-19.7984971939999,-70.1506048569999,0
			-19.7984886189999,-70.1505878869999,0
			-19.7984816779999,-70.1505677019999,0
			-19.7984788219999,-70.150548081,0
			-19.7984714289999,-70.150527003,0
			-19.7984568799999,-70.150511109,0
			-19.7984259259999,-70.150490695,0
			-19.7984083059998,-70.1504805469999,0
			-19.7983914719999,-70.1504676619999,0
			-19.7983773749999,-70.1504526589999,0
			-19.7983526159999,-70.150423012,0
			-19.798338379,-70.1504109599999,0
			-19.798318691,-70.1503784509999,0
			-19.7982919889999,-70.1503481799999,0
			-19.7982785379999,-70.1503333869999,0
			-19.798271851,-70.15031478,0
			-19.7982614709999,-70.1502942389999,0
			-19.798234119,-70.1502637589999,0
			-19.7982065139999,-70.1502316999999,0
			-19.7981902709999,-70.15021676,0
			-19.7981624669998,-70.150185387,0
			-19.7981464229999,-70.150169761,0
			-19.7981164549998,-70.150145922,0
			-19.798103652,-70.1501313379999,0
			-19.7980675659999,-70.1501115199999,0
			-19.7980271169999,-70.150097035,0
			-19.798008511,-70.150090313,0
			-19.7979911439999,-70.1500817459999,0
			-19.7979763399999,-70.150064271,0
			-19.7979673129998,-70.1500464099999,0
			-19.7979693339999,-70.150024614,0
			-19.79796648,-70.1500049939999,0
			-19.797958948,-70.149986864,0
			-19.7979337949999,-70.1499585869999,0
			-19.79790481,-70.149931323,0
			-19.797883038,-70.149901138,0
			-19.7978740109999,-70.149883275,0
			-19.7978447449999,-70.1498619089999,0
			-19.797827242,-70.149856287,0
			-19.79780962,-70.1498461419999,0
			-19.7977936349999,-70.1498327779999,0
			-19.7977867489999,-70.1498148549999,0
			-19.797757427,-70.1497912259999,0
			-19.7977405949999,-70.1497783389999,0
			-19.7977236239998,-70.1497684009999,0
			-19.7977103709999,-70.1497529219999,0
			-19.7976926299999,-70.14972104,0
			-19.7976751139999,-70.1497053119999,0
			-19.797662798,-70.1496942539999,0
			-19.797633618,-70.1496676739999,0
			-19.7976023489999,-70.149643421,0
			-19.7975678949999,-70.1496203889998,0
			-19.797530711,-70.149599471,0
			-19.7974973589999,-70.1495775389999,0
			-19.7974650489999,-70.149554444,0
			-19.797432994,-70.149532929,0
			-19.7974032119999,-70.1495151009999,0
			-19.7971796329999,-70.1493894799999,0
			-19.7971422269999,-70.149376723,0
			-19.7971052709999,-70.1493648529999,0
			-19.797086469,-70.149358816,0
			-19.7970453439999,-70.149351597,0
			-19.7970012309999,-70.149344915,0
			-19.7969601069999,-70.1493376939999,0
			-19.7969224179999,-70.1493308319999,0
			-19.796883887,-70.149324443,0
			-19.7968638449998,-70.149320255,0
			-19.7968250339999,-70.149319764,0
			-19.7967851799999,-70.149320432,0
			-19.7967442829999,-70.149322265,0
			-19.7967248649999,-70.1493257559999,0
			-19.7967091139998,-70.149338655,0
			-19.796699313,-70.1493579519999,0
			-19.7966952899999,-70.1493768599998,0
			-19.7966799329999,-70.1493883899999,0
			-19.7966627649999,-70.1493791349999,0
			-19.796649568,-70.1493659219999,0
			-19.7966338929999,-70.1493563999999,0
			-19.7966167819999,-70.149349408,0
			-19.7966027419999,-70.14933667,0
			-19.7965870649999,-70.1493271479999,0
			-19.7965658419999,-70.1493270659999,0
			-19.796548877,-70.149334338,0
			-19.796513315,-70.1493520979998,0
			-19.7964984109999,-70.149364519,0
			-19.7964818949999,-70.1493726859999,0
			-19.796466794,-70.1493857909999,0
			-19.7964542839999,-70.149399731,0
			-19.7964430549999,-70.1494387699999,0
			-19.7964446769999,-70.149477447,0
			-19.7964475319999,-70.1494970669999,0
			-19.796455516,-70.1495160909999,0
			-19.7964702039999,-70.149529037,0
			-19.796478583,-70.14954669,0
			-19.7964794159998,-70.149588108,0
			-19.79647233,-70.1496299729999,0
			-19.7964674619999,-70.1496493589999,0
			-19.796443347,-70.149679025,0
			-19.7964281889999,-70.1496898669999,0
			-19.796422025,-70.1497088369999,0
			-19.7964186479999,-70.1497279529999,0
			-19.7964172189999,-70.149747695,0
			-19.7964075579999,-70.149764045,0
			-19.796389887,-70.1497688449999,0
			-19.796362583,-70.1497825229999,0
			-19.796348898,-70.1498177819999,0
			-19.79634448,-70.14983806,0
			-19.7963352699998,-70.1498553049999,0
			-19.796317401,-70.1498607889998,0
			-19.7962989679999,-70.1498608539999,0
			-19.7962798299999,-70.1498584499999,0
			-19.7962624139999,-70.149864828,0
			-19.7962270729999,-70.149874429,0
			-19.7962108139999,-70.149884173,0
			-19.7961900669999,-70.1498775109999,0
			-19.7961728989999,-70.149868257,0
			-19.7961595229999,-70.1498310429999,0
			-19.7961594599999,-70.1498115709999,0
			-19.7961347019999,-70.149781924,0
			-19.7961202069999,-70.149768293,0
			-19.7960999969999,-70.149757315,0
			-19.7960811099999,-70.149756488,0
			-19.7960618559999,-70.1497495589999,0
			-19.796046576,-70.1497386659998,0
			-19.796052544,-70.1497203799998,0
			-19.796061304,-70.1497022459999,0
			-19.7960749289999,-70.149664722,0
			-19.7960823929999,-70.1496461709999,0
			-19.796082467,-70.1496237499999,0
			-19.7960798089999,-70.1496034449999,0
			-19.7960949119999,-70.1495903379999,0
			-19.796107165,-70.1495748199999,0
			-19.796112487,-70.149556328,0
			-19.7961075379999,-70.149521821,0
			-19.7960916099999,-70.1495107219999,0
			-19.796080697,-70.1494944989999,0
			-19.796090689,-70.1494573049999,0
			-19.7960964759999,-70.149415023,0
			-19.7960984979999,-70.149393227,0
			-19.7960969379999,-70.149374022,0
			-19.7960981719999,-70.149354966,0
			-19.796080805,-70.149346397,0
			-19.796062685,-70.1493503039999,0
			-19.7960626199998,-70.1493308319999,0
			-19.796075542,-70.1492908379999,0
			-19.7960902679999,-70.1492544179999,0
			-19.796097673,-70.149233602,0
			-19.7960994389999,-70.1492102289999,0
			-19.7960291979999,-70.149164959,0
			-19.795511888,-70.1488068379999,0
			-19.7949625149999,-70.1485313869999,0
			-19.794380421,-70.148417809,0
			-19.7937749339999,-70.1484430249999,0
			-19.7931241609999,-70.1484774589999,0
			-19.7924739379999,-70.1484265019999,0
			-19.79172447,-70.148350436,0
			-19.7912902919999,-70.1484168379999,0
			-19.7908555559999,-70.1485819279999,0
			-19.790153056,-70.148937227,0
			-19.7896473069999,-70.148887698,0
			-19.789211726,-70.148481854,0
			-19.7887581859999,-70.148048124,0
			-19.7882051039999,-70.1476581789999,0
			-19.7875524,-70.1472785469999,0
			-19.7868855519999,-70.147003836,0
			-19.786250125,-70.1467576619999,0
			-19.785650742,-70.1465233959999,0
			-19.7850638309999,-70.1464567949999,0
			-19.784484812,-70.14657886,0
			-19.7839192069999,-70.1467099339999,0
			-19.7833317159999,-70.146745138,0
			-19.782748098,-70.1468688859999,0
			-19.782244546,-70.1472041769999,0
			-19.78180348,-70.147640392,0
			-19.7813441779999,-70.1481154929999,0
			-19.7808712599999,-70.1486013629999,0
			-19.780271929,-70.149050744,0
			-19.779759951,-70.1492910349999,0
			-19.7790308849999,-70.1495530689999,0
			-19.778197947,-70.149806927,0
			-19.777446685,-70.150009685,0
			-19.776519064,-70.1502426069999,0
			-19.7759394629999,-70.1504547249999,0
			-19.7754086899999,-70.150797457,0
			-19.7749180009998,-70.15122586,0
			-19.7744274669998,-70.1516303339999,0
			-19.773914874,-70.1519541889999,0
			-19.7733799109999,-70.1522459029998,0
			-19.7728491089999,-70.1525928469999,0
			-19.7723676919999,-70.1529828359999,0
			-19.7718731369999,-70.1533214339999,0
			-19.7713873649999,-70.153686523,0
			-19.7710723719999,-70.1541868509999,0
			-19.7708925229999,-70.154757665,0
			-19.7705913519999,-70.1552144619999,0
			-19.770052568,-70.155398232,0
			-19.7694152029999,-70.155454156,0
			-19.7688494299999,-70.155621546,0
			-19.7684452129999,-70.1559538989999,0
			-19.768360924,-70.156409359,0
			-19.768533808,-70.1569283619999,0
			-19.768539012,-70.1575082379999,0
			-19.7682335719999,-70.157948964,0
			-19.767758413,-70.158068677,0
			-19.767232561,-70.1583465099999,0
			-19.7672517399999,-70.1588712019999,0
			-19.7672885979999,-70.159442935,0
			-19.7669248679998,-70.1598087209999,0
			-19.7665699579999,-70.159498647,0
			-19.766279733,-70.158972779,0
			-19.7660155419999,-70.1586097279999,0
			-19.765441412,-70.158661638,0
			-19.765031801,-70.158443356,0
			-19.7646002879999,-70.1580975509999,0
			-19.7640277519999,-70.1579030379999,0
			-19.7634964309999,-70.1576421289999,0
			-19.763138205,-70.157146277,0
			-19.7628076629999,-70.1565586789999,0
			-19.7623909729999,-70.1560259749999,0
			-19.7619014369999,-70.1555754679999,0
			-19.7613796219999,-70.1552284019999,0
			-19.760848004,-70.154989477,0
			-19.7602935429999,-70.1548039429998,0
			-19.759716249,-70.154646704,0
			-19.7591021219999,-70.1546109339999,0
			-19.7585048679999,-70.1547594039999,0
			-19.7579164739999,-70.154922713,0
			-19.757324625,-70.154921813,0
			-19.7567928809999,-70.1547142449999,0
			-19.7563164489999,-70.154331245,0
			-19.7558309929999,-70.1539471679999,0
			-19.7552904139999,-70.1537091259999,0
			-19.7547261069999,-70.1536493269999,0
			-19.75415179,-70.15373018,0
			-19.753632861,-70.1536354469999,0
			-19.7531923399998,-70.1532961849999,0
			-19.7527109289999,-70.1529846959999,0
			-19.7521568239999,-70.1527432849999,0
			-19.7515210719999,-70.1525481959999,0
			-19.7507984609999,-70.1525197089999,0
			-19.75018266,-70.152720819,0
			-19.7496483099999,-70.152917588,0
			-19.7490648349999,-70.1530298029999,0
			-19.7484587599999,-70.153134274,0
			-19.747897597,-70.153287694,0
			-19.7474389999999,-70.153640184,0
			-19.7470605189999,-70.1541945519999,0
			-19.746619014,-70.1546971819999,0
			-19.7460662349999,-70.1549392269999,0
			-19.7455063539999,-70.1548933749999,0
			-19.7449748069999,-70.154654866,0
			-19.7444206599999,-70.154408538,0
			-19.7438383379999,-70.1543419669999,0
			-19.7433311,-70.1545348519999,0
			-19.7429539009999,-70.154890574,0
			-19.7424936169999,-70.1548043179999,0
			-19.7423841169999,-70.154268035,0
			-19.742207128,-70.1536950699999,0
			-19.7418672369999,-70.1531546319999,0
			-19.7415138339999,-70.152608159,0
			-19.7411105989999,-70.152086969,0
			-19.7405889649999,-70.151710728,0
			-19.740020742,-70.1515459289999,0
			-19.739438456,-70.1514731949999,0
			-19.738838028,-70.151402052,0
			-19.7381208679999,-70.15122751,0
			-19.7373227309999,-70.150995167,0
			-19.7366409799999,-70.1509202409998,0
			-19.736044691,-70.150906979,0
			-19.7354896109999,-70.150816544,0
			-19.7349304319999,-70.1506613559999,0
			-19.734348289,-70.150554939,0
			-19.7337520639999,-70.1505319089999,0
			-19.7331598929999,-70.150592392,0
			-19.732598727,-70.1507347069999,0
			-19.7320194699999,-70.1508936199999,0
			-19.731507364,-70.15114205,0
			-19.7311436109999,-70.151502853,0
			-19.730722531,-70.151650154,0
			-19.7301718159999,-70.151582968,0
			-19.7295800219999,-70.1515733339999,0
			-19.728997529,-70.151520929,0
			-19.728393172,-70.1513701119999,0
			-19.727792747,-70.1512978819999,0
			-19.727344112,-70.1515057999999,0
			-19.7270612919999,-70.1519423709999,0
			-19.726503715,-70.1522288409999,0
			-19.7260627659998,-70.1519551439999,0
			-19.72544135,-70.1516364639999,0
			-19.725012787,-70.1515431099999,0
			-19.724552149,-70.1515110429999,0
			-19.724127236,-70.1515408289999,0
			-19.723448655,-70.1516976149999,0
			-19.7228241079999,-70.151854709,0
			-19.7222310249999,-70.1520568919999,0
			-19.721705425,-70.1522976249999,0
			-19.7211756499999,-70.1524845499999,0
			-19.7207035939999,-70.152823524,0
			-19.7203521909999,-70.1533699519999,0
			-19.720135963,-70.1539826109999,0
			-19.7199692139999,-70.154624,0
			-19.7196674079999,-70.1551799989999,0
			-19.7191457409999,-70.1555099299999,0
			-19.7185264489999,-70.1555633219999,0
			-19.71792663,-70.1553976819998,0
			-19.7173317269999,-70.1551808059999,0
			-19.716735517,-70.155155653,0
			-19.7162141869999,-70.1554330549999,0
			-19.7157644309999,-70.1558264179999,0
			-19.715288014,-70.1561524439999,0
			-19.714815734,-70.156525318,0
			-19.7144462299999,-70.1570647859999,0
			-19.7142028719999,-70.157681366,0
			-19.7141309629999,-70.15831747,0
			-19.7142034989999,-70.1589822839999,0
			-19.714158649,-70.159622723,0
			-19.7138474929999,-70.1602378699998,0
			-19.713472625,-70.160917664,0
			-19.7130129009999,-70.161453808,0
			-19.7124513749999,-70.1616506249999,0
			-19.7118771039999,-70.1617353459998,0
			-19.7113244699999,-70.1619650519999,0
			-19.710855754,-70.162483223,0
			-19.7104356439999,-70.1631647029999,0
			-19.70992662,-70.163631772,0
			-19.709337849,-70.1638637079999,0
			-19.7087135969999,-70.163985026,0
			-19.7081342639999,-70.1641541099999,0
			-19.707608638,-70.1643961899999,0
			-19.7070468749999,-70.1646291749999,0
			-19.706435638,-70.1648325699999,0
			-19.7058336019998,-70.1650205559999,0
			-19.7053034719999,-70.165249547,0
			-19.704809213,-70.1655506989999,0
			-19.7043097509999,-70.1659352039999,0
			-19.7038281829999,-70.166345549,0
			-19.703329174,-70.1666597129999,0
			-19.7027899419999,-70.1668988639998,0
			-19.70222323,-70.1672098769999,0
			-19.70160164,-70.1676271699999,0
			-19.7009754829999,-70.168041456,0
			-19.7004395169999,-70.1684723369999,0
			-19.700043203,-70.168975116,0
			-19.6996692609999,-70.1695083779999,0
			-19.6992187029999,-70.170019977,0
			-19.6988133559999,-70.1705223709999,0
			-19.6985880329999,-70.171124777,0
			-19.698515511,-70.171848025,0
			-19.6985289559999,-70.1725547039999,0
			-19.698619854,-70.1731657429999,0
			-19.6986480799998,-70.173693871,0
			-19.698172223,-70.1739187639999,0
			-19.6977722059999,-70.1736046429999,0
			-19.697335154,-70.1734189719999,0
			-19.696865852,-70.1733317709998,0
			-19.696475167,-70.172982554,0
			-19.6961172059999,-70.1724510129999,0
			-19.695650637,-70.1719450229999,0
			-19.695147338,-70.171532627,0
			-19.69476164,-70.171099286,0
			-19.6943574259999,-70.1707355999999,0
			-19.693834239,-70.170602458,0
			-19.6932786439999,-70.1705808339998,0
			-19.692760004,-70.1704542099999,0
			-19.6922378159999,-70.1701564139999,0
			-19.6916256479999,-70.1698205319999,0
			-19.6911722209999,-70.1693750679999,0
			-19.6907779439999,-70.1688717379998,0
			-19.6904698,-70.1683260519999,0
			-19.6902385449999,-70.1677487259999,0
			-19.6899168979999,-70.167196304,0
			-19.689558796,-70.166683711,0
			-19.6893047849999,-70.1661445989999,0
			-19.6890644689998,-70.165594098,0
			-19.688669579,-70.1651830719999,0
			-19.6881153339999,-70.16495337,0
			-19.687562154,-70.1645705089999,0
			-19.6869670279999,-70.1643784169999,0
			-19.6864857529999,-70.1640475779999,0
			-19.6860587779999,-70.1637100249999,0
			-19.6855627949998,-70.1635585079999,0
			-19.6849350109999,-70.1635281069999,0
			-19.6843123739999,-70.1634118589999,0
			-19.6837565299999,-70.163428632,0
			-19.6832090579999,-70.1635579949999,0
			-19.6826353429999,-70.1635565079999,0
			-19.682039333,-70.1635003169999,0
			-19.6812938329999,-70.1635083739999,0
			-19.680791907,-70.1635769549999,0
			-19.6802536199999,-70.1636830169999,0
			-19.679723871,-70.163864315,0
			-19.6789911269999,-70.163994289,0
			-19.6784157639999,-70.1642474589999,0
			-19.678029038,-70.164665546,0
			-19.6778943059999,-70.1652273579999,0
			-19.677917199,-70.1658856449999,0
			-19.6778631179999,-70.1665655679999,0
			-19.6775477809999,-70.1671147399999,0
			-19.6770569089999,-70.1675666789999,0
			-19.6766334669999,-70.168075444,0
			-19.6764172399999,-70.1686700259999,0
			-19.6762593169998,-70.1693357469999,0
			-19.6759122349999,-70.1699163259998,0
			-19.675381521,-70.1702340259999,0
			-19.6748111219999,-70.1704165639999,0
			-19.6742759589999,-70.170724073,0
			-19.6738073939999,-70.1712271769999,0
			-19.673428228,-70.1718689289999,0
			-19.6731980329999,-70.172537236,0
			-19.6729908949999,-70.17312061,0
			-19.6725997119999,-70.1735273749999,0
			-19.672051817,-70.1737206909999,0
			-19.671487079,-70.1737162669999,0
			-19.6710099139999,-70.1734501639999,0
			-19.6706192439999,-70.1730869419999,0
			-19.6701906179999,-70.1730049019999,0
			-19.6696927349999,-70.173145447,0
			-19.6691873449998,-70.1730526909999,0
			-19.6687835129998,-70.1726300699999,0
			-19.6683524329999,-70.1722320239999,0
			-19.6677077319999,-70.1720267559999,0
			-19.6672880149999,-70.1719631489999,0
			-19.6664487569999,-70.1717969459999,0
			-19.6658320769999,-70.1714491299999,0
			-19.6653380109998,-70.171004145,0
			-19.664857148,-70.1706116889998,0
			-19.6643034119999,-70.170315752,0
			-19.6636724489999,-70.1700805149999,0
			-19.6630370409999,-70.169846106,0
			-19.6623925839999,-70.1695910879999,0
			-19.661716382,-70.169369124,0
			-19.6610440999999,-70.169238765,0
			-19.660371454,-70.1691638819999,0
			-19.6597030769999,-70.1691155149999,0
			-19.659034407,-70.169123483,0
			-19.658383242,-70.1692174479999,0
			-19.6577315039999,-70.1693989919999,0
			-19.6572919349999,-70.16959872,0
			-19.6566163389999,-70.169988781,0
			-19.6556725419999,-70.1706105119999,0
			-19.6546195829999,-70.171354032,0
			-19.653711707,-70.1720174169999,0
			-19.653098729,-70.172486518,0
			-19.652730726,-70.1728010529999,0
			-19.652271312,-70.1732855639999,0
			-19.6518350019999,-70.173688278,0
			-19.651349152,-70.1740492979999,0
			-19.6508449099999,-70.1744721429999,0
			-19.6503987209999,-70.175004707,0
			-19.6500510259999,-70.175665338,0
			-19.6497076749999,-70.1763632669998,0
			-19.6492787949998,-70.177009864,0
			-19.648786835,-70.1776246639998,0
			-19.648308554,-70.1782187809999,0
			-19.6479927949999,-70.1788390799999,0
			-19.6478843049999,-70.179524332,0
			-19.6478570529999,-70.1802480689999,0
			-19.6477937189999,-70.180943262,0
			-19.6476721689999,-70.181564663,0
			-19.6474291239999,-70.1821114999999,0
			-19.6470194279999,-70.1825839049998,0
			-19.6465244389999,-70.182981777,0
			-19.645997872,-70.183351914,0
			-19.6454348419999,-70.1837855319999,0
			-19.6449434079999,-70.1843171749999,0
			-19.6446278209999,-70.1849080759999,0
			-19.6443438599999,-70.1854843629998,0
			-19.6438482569999,-70.1859739339998,0
			-19.6434222009999,-70.186187839,0
			-19.64280174,-70.186416954,0
			-19.6419685939998,-70.1866953639999,0
			-19.6410584059999,-70.1870167989999,0
			-19.6402702249999,-70.187334676,0
			-19.6397126799999,-70.1876089329999,0
			-19.6390684249999,-70.1880339549999,0
			-19.6385552899999,-70.1884200159999,0
			-19.6381229679999,-70.1888980749999,0
			-19.637879579,-70.189504863,0
			-19.6377484189999,-70.190198568,0
			-19.6375588519999,-70.1908591089999,0
			-19.6371809389999,-70.191301858,0
			-19.6366326079999,-70.191558819,0
			-19.6360216509999,-70.1917155579999,0
			-19.6354163679999,-70.1916977319999,0
			-19.6348523619999,-70.1915942789999,0
			-19.6344265209999,-70.191774411,0
			-19.634391754,-70.192251788,0
			-19.634636472,-70.1928085709998,0
			-19.634881177,-70.193378088,0
			-19.634976706,-70.1939629099999,0
			-19.6349637889999,-70.1945481019999,0
			-19.635000549,-70.1951318659999,0
			-19.6349287679999,-70.1957422459999,0
			-19.6346308539999,-70.1963750909999,0
			-19.6343869989999,-70.19704833,0
			-19.634296274,-70.197779267,0
			-19.6341154689999,-70.198475781,0
			-19.63370579,-70.198929049,0
			-19.6331215769999,-70.1991484509999,0
			-19.632483017,-70.1993815869999,0
			-19.6319021119999,-70.199770609,0
			-19.6314557289999,-70.200322178,0
			-19.6311530859999,-70.200984494,0
			-19.6307921649999,-70.201595128,0
			-19.630306149,-70.2019952359999,0
			-19.629740414,-70.202140704,0
			-19.6291580509998,-70.2020713739999,0
			-19.6286114759999,-70.2020631689999,0
			-19.6282574029999,-70.2023132489999,0
			-19.6285573929999,-70.2027245849999,0
			-19.629047444,-70.2030718769999,0
			-19.6293692039999,-70.2036032159999,0
			-19.6293292399999,-70.2041669349999,0
			-19.6291087069999,-70.204724386,0
			-19.6288746529999,-70.2052670499999,0
			-19.628618181,-70.20578603,0
			-19.6285012649999,-70.2063772939999,0
			-19.6285602889998,-70.2070130719999,0
			-19.628646648,-70.207612104,0
			-19.6284541949998,-70.208009695,0
			-19.628006663,-70.208045095,0
			-19.627642957,-70.2077220139999,0
			-19.6273345899999,-70.207214913,0
			-19.626790736,-70.2068011249999,0
			-19.6262190029999,-70.2065048539999,0
			-19.625833052,-70.206120761,0
			-19.6253962919999,-70.2058958049999,0
			-19.6248713319999,-70.206031093,0
			-19.6243419269999,-70.2061558759999,0
			-19.6239188599999,-70.205909232,0
			-19.6237825449999,-70.205352496,0
			-19.6237910059999,-70.204774188,0
			-19.6237174899999,-70.204278307,0
			-19.6237662829998,-70.2037342799999,0
			-19.6238561019999,-70.203142202,0
			-19.623692729,-70.2025790209999,0
			-19.6232849579999,-70.2020804969999,0
			-19.6227266819999,-70.2017845839999,0
			-19.622143679,-70.2018112599999,0
			-19.6216581719999,-70.202135421,0
			-19.6212887109999,-70.202661279,0
			-19.6209638049999,-70.2032762009999,0
			-19.6207199549999,-70.2039341429999,0
			-19.6205844939999,-70.204598905,0
			-19.620422068,-70.2052556519999,0
			-19.6201108489999,-70.205848095,0
			-19.6197729319999,-70.2063813589999,0
			-19.6196291099999,-70.2069562189999,0
			-19.6196431719999,-70.2075525689999,0
			-19.619535293,-70.2081423829999,0
			-19.6191835829998,-70.2087118589999,0
			-19.618728295,-70.209229943,0
			-19.6182646509999,-70.2096579719999,0
			-19.6178011249999,-70.2100686609999,0
			-19.6174272709999,-70.210561723,0
			-19.6172065059999,-70.211140526,0
			-19.6169810289999,-70.211758894,0
			-19.6165167,-70.212287907,0
			-19.6159218289999,-70.212736029,0
			-19.6154439129999,-70.2132599339999,0
			-19.6152498999999,-70.213898527,0
			-19.6153041819999,-70.2145535099999,0
			-19.615349583,-70.2151856199999,0
			-19.6152056889999,-70.2157560029999,0
			-19.614976069,-70.2163061369999,0
			-19.6148725479998,-70.216926031,0
			-19.614818445,-70.217571372,0
			-19.6146429629999,-70.218149244,0
			-19.6143951959999,-70.2187001709999,0
			-19.6142510679999,-70.2193146029999,0
			-19.6140068949999,-70.220001075,0
			-19.6137513579999,-70.220376111,0
			-19.613432647,-70.2207452779999,0
			-19.612881721,-70.221368347,0
			-19.612543788,-70.2219087399999,0
			-19.612183589,-70.222392253,0
			-19.6116619119999,-70.2227077019999,0
			-19.6110641079999,-70.2229189219999,0
			-19.610462051,-70.2231027679999,0
			-19.609887132,-70.2232797899999,0
			-19.609433262,-70.2235832479999,0
			-19.609199067,-70.2241387029999,0
			-19.6090722339999,-70.2248519669999,0
			-19.608819093,-70.22553748,0
			-19.6083507879999,-70.2259819619999,0
			-19.6078426289998,-70.22630054,0
			-19.6075864979999,-70.2267607619999,0
			-19.6075141959999,-70.227432329,0
			-19.607301827,-70.2280964309999,0
			-19.6068425839999,-70.2285246429998,0
			-19.6063203679999,-70.2289172279999,0
			-19.6060319109999,-70.2294717049999,0
			-19.6060546919999,-70.230113919,0
			-19.6062357079999,-70.2307365579999,0
			-19.606471182,-70.231307436,0
			-19.606544189,-70.2318669259999,0
			-19.6062741449998,-70.2323791269999,0
			-19.605770266,-70.2327305179999,0
			-19.6052260719999,-70.233024036,0
			-19.6046911029999,-70.233310671,0
			-19.6042009679999,-70.2336329509999,0
			-19.6039267379999,-70.234096526,0
			-19.6039947359999,-70.2347158759999,0
			-19.6041800119999,-70.2353733799999,0
			-19.6041663219999,-70.2360418629999,0
			-19.6038098769999,-70.2366419589999,0
			-19.6032832929999,-70.2370112,0
			-19.6030496759999,-70.23721445,0
			-19.6030303389999,-70.23718115,0
			-19.6030107449999,-70.237146388,0
			-19.6029939439999,-70.2371115609999,0
			-19.602976333,-70.237077273,0
			-19.6029662799999,-70.2370594639999,0
			-19.602960432,-70.2370382649999,0
			-19.6029597169999,-70.237019033,0
			-19.6029487059999,-70.2370024579999,0
			-19.6029296439999,-70.2369942149999,0
			-19.602919592,-70.236976407,0
			-19.6028957939999,-70.2369450319999,0
			-19.602885289,-70.236929312,0
			-19.6028781799999,-70.236910743,0
			-19.6028738619999,-70.2368921139999,0
			-19.6028657919999,-70.2368747789999,0
			-19.6028473,-70.236870337,0
			-19.6028307839999,-70.2368824989999,0
			-19.6028338389999,-70.2369037589999,0
			-19.6028276509999,-70.236922799,0
			-19.6028102589999,-70.2369727999999,0
			-19.6027795909999,-70.2369650319998,0
			-19.6027697679999,-70.236961429,0
			-19.602762411,-70.2369538419999,0
			-19.6027482509999,-70.2369237949999,0
			-19.602735513,-70.2369235059999,0
			-19.6027361659998,-70.236933714,0
			-19.6027386939999,-70.2369470809999,0
			-19.6027435619999,-70.2369619909999,0
			-19.6027660419998,-70.2370041139999,0
			-19.6027730489999,-70.2370230459999,0
			-19.6027650299999,-70.2370330929999,0
			-19.602753854,-70.2370290009999,0
			-19.6027349929999,-70.237012648,0
			-19.602715615,-70.2369924779999,0
			-19.60270594,-70.236980393,0
			-19.602695765,-70.2369619149999,0
			-19.602681311,-70.2369221389999,0
			-19.6026710789999,-70.236898987,0
			-19.6026534219999,-70.2368649109999,0
			-19.6026416289999,-70.236845466,0
			-19.6026335609999,-70.23683606,0
			-19.6026211829999,-70.2368360619999,0
			-19.6026195399999,-70.23685159,0
			-19.602622971,-70.2368784069999,0
			-19.6026410279999,-70.236932985,0
			-19.602647761,-70.2369525829999,0
			-19.602649674,-70.2369633719999,0
			-19.6026457159999,-70.236987272,0
			-19.6026441909999,-70.2369985109999,0
			-19.60264338,-70.237011471,0
			-19.6026441909999,-70.2370249199999,0
			-19.6026471749999,-70.237037721,0
			-19.6026573199999,-70.237060393,0
			-19.602673506,-70.2370851169998,0
			-19.602680829,-70.237097375,0
			-19.6026870329999,-70.237115062,0
			-19.602694259,-70.237141814,0
			-19.602696253,-70.237154222,0
			-19.6026956789999,-70.2371850159999,0
			-19.6026892959999,-70.2371936419999,0
			-19.6026725939999,-70.2371913219999,0
			-19.6026458259999,-70.2371819629998,0
			-19.602603663,-70.2371638129999,0
			-19.6025884399999,-70.2371569269999,0
			-19.6025684709999,-70.2371438059999,0
			-19.602543392,-70.2371249299999,0
			-19.6025300039999,-70.2371139579999,0
			-19.602521311,-70.2371036889999,0
			-19.6025101999999,-70.2370768129999,0
			-19.602499988,-70.2370640529999,0
			-19.602484347,-70.2370654599999,0
			-19.602475888,-70.2370736889999,0
			-19.602459822,-70.23709769,0
			-19.6024197479999,-70.2371830969998,0
			-19.602370413,-70.2372755839999,0
			-19.6023664859999,-70.237294812,0
			-19.60236751,-70.2373169409999,0
			-19.6023701299998,-70.2373301169999,0
			-19.6023742049999,-70.2373417799999,0
			-19.602381625,-70.237353565,0
			-19.60239983,-70.2373732489999,0
			-19.6024104319999,-70.237382005,0
			-19.602426657,-70.2373875649999,0
			-19.6024474769999,-70.237382097,0
			-19.6024604959999,-70.2373808639999,0
			-19.6024758479999,-70.2373820289999,0
			-19.6024889239999,-70.2373859439999,0
			-19.6025129499998,-70.2374001429999,0
			-19.6025689429999,-70.237443571,0
			-19.6025786469999,-70.2374513679999,0
			-19.6026033349999,-70.237461471,0
			-19.6026311549999,-70.2374895249999,0
			-19.6026547309999,-70.23751659,0
			-19.6026771969999,-70.2375475599999,0
			-19.6027891599999,-70.2379648159999,0
			-19.602789404,-70.238536177,0
			-19.6027581069999,-70.238645673,0
			-19.6027613229999,-70.2386641949999,0
			-19.6027624249999,-70.238674691,0
			-19.6027624409999,-70.2386855609999,0
			-19.602760653,-70.2386960329999,0
			-19.602750687,-70.2387131209999,0
			-19.6027381689999,-70.2387202699999,0
			-19.602723919,-70.238716633,0
			-19.602691595,-70.2387000819999,0
			-19.602668013,-70.2386869359999,0
			-19.6026159079999,-70.238642964,0
			-19.6025586229999,-70.238603627,0
			-19.6025427599999,-70.238584819,0
			-19.6025335989999,-70.2385635799999,0
			-19.602527664,-70.2385463729999,0
			-19.602522339,-70.2385060989999,0
			-19.602518028,-70.238475938,0
			-19.6025144239999,-70.238461322,0
			-19.6025085579999,-70.238447166,0
			-19.6024997069999,-70.2384334649999,0
			-19.6024885919999,-70.2384206029999,0
			-19.6024520289999,-70.2383897189999,0
			-19.602442503,-70.2383823999999,0
			-19.6023929379999,-70.238310799,0
			-19.6023741339999,-70.2382860559999,0
			-19.6023059949999,-70.2382221329999,0
			-19.6022940629999,-70.238209647,0
			-19.6022822499999,-70.238192966,0
			-19.602268689,-70.238167787,0
			-19.6022599199999,-70.2381423579999,0
			-19.6022543909999,-70.2381184819999,0
			-19.6022464329999,-70.2380534919999,0
			-19.6022437219999,-70.238027346,0
			-19.60224019,-70.238002434,0
			-19.602237642,-70.237991737,0
			-19.6022336459999,-70.23798141,0
			-19.6022280179999,-70.2379721199999,0
			-19.602220936,-70.237964152,0
			-19.6022042179999,-70.2379513429999,0
			-19.6021867509999,-70.2379421509999,0
			-19.6021711609999,-70.2379363109999,0
			-19.602157537,-70.2379333459999,0
			-19.6021308869999,-70.237932857,0
			-19.6021193179999,-70.2379334369999,0
			-19.6021009629999,-70.237935297,0
			-19.602089801,-70.2379422669999,0
			-19.6020805539999,-70.2379600259998,0
			-19.602073613,-70.2379838089999,0
			-19.6020716289999,-70.2379965679999,0
			-19.6020711749999,-70.2380099129999,0
			-19.6020722539999,-70.2380237469999,0
			-19.6020752319999,-70.2380375929999,0
			-19.6020802019999,-70.238050791,0
			-19.6020871669999,-70.238062664,0
			-19.6021383709999,-70.2381192139999,0
			-19.6021587059999,-70.2381448259999,0
			-19.6021889519999,-70.238187581,0
			-19.6022521539999,-70.2382994249999,0
			-19.6022975499999,-70.238372996,0
			-19.6023283769999,-70.2384363469999,0
			-19.60234944,-70.2384740749999,0
			-19.602377157,-70.238516713,0
			-19.602396374,-70.238546894,0
			-19.602405126,-70.2385619299999,0
			-19.6024127049999,-70.2385767659999,0
			-19.6024186579999,-70.2385913999999,0
			-19.6024251599999,-70.2386181469999,0
			-19.6024326589999,-70.2386840849999,0
			-19.6024340119999,-70.2387105999999,0
			-19.602431625,-70.238742427,0
			-19.6024238639998,-70.2387541909999,0
			-19.602389214,-70.2387737569999,0
			-19.6023592939999,-70.2387886879999,0
			-19.6023167469999,-70.238800278,0
			-19.6023021739999,-70.2388042659999,0
			-19.602288841,-70.2388114109999,0
			-19.602284254,-70.238821674,0
			-19.602320224,-70.2388335799999,0
			-19.602331039,-70.238837572,0
			-19.602346865,-70.2388488489999,0
			-19.6023636479998,-70.238877674,0
			-19.602387742,-70.238998941,0
			-19.6024015469999,-70.2390932449999,0
			-19.6024061279999,-70.239123122,0
			-19.6024324109999,-70.2392032199999,0
			-19.602437079,-70.2392206059999,0
			-19.6023350859999,-70.2394157569999,0
			-19.602323976,-70.2394544769999,0
			-19.602320307,-70.2394671579999,0
			-19.602316295,-70.2394810179999,0
			-19.6023057729999,-70.2395000069999,0
			-19.6022943649999,-70.2395035429999,0
			-19.602226038,-70.2394281759999,0
			-19.6022066049999,-70.2394031449999,0
			-19.6021789799999,-70.2393607919999,0
			-19.6021572069999,-70.2393212479999,0
			-19.6021425559999,-70.2392971099999,0
			-19.6020790529999,-70.2392169189999,0
			-19.6020211709998,-70.239133814,0
			-19.6019568959999,-70.239034455,0
			-19.6019268569999,-70.2389883659999,0
			-19.601911039,-70.2389630729999,0
			-19.6019038109999,-70.2389498619999,0
			-19.6018977599999,-70.2389361809999,0
			-19.601892977,-70.238922321,0
			-19.6018892819998,-70.2389080859999,0
			-19.6018867609999,-70.238893575,0
			-19.6018860459998,-70.2388791729999,0
			-19.6018874999999,-70.238865074,0
			-19.6018915699999,-70.2388514709999,0
			-19.6018979779998,-70.2388389339999,0
			-19.601906098,-70.2388277459999,0
			-19.601936279,-70.2388008029999,0
			-19.6019553739999,-70.2387831199999,0
			-19.601962202,-70.238775736,0
			-19.601968233,-70.238765772,0
			-19.601968308,-70.2387549979999,0
			-19.6019617229999,-70.2387402639999,0
			-19.6019540059999,-70.238732483,0
			-19.6019353889999,-70.2387201379999,0
			-19.6019215999999,-70.23871536,0
			-19.6019053319998,-70.2387160949999,0
			-19.60189501,-70.2387192579999,0
			-19.6018858479999,-70.2387247169999,0
			-19.6018783809999,-70.2387330509999,0
			-19.6018496569999,-70.238784315,0
			-19.601836281,-70.2388112889999,0
			-19.60181984,-70.2388501589999,0
			-19.601815695,-70.2388619499999,0
			-19.6018129,-70.238874134,0
			-19.601811632,-70.2388874709999,0
			-19.6018120759999,-70.2389015859999,0
			-19.6018140589999,-70.2389159009999,0
			-19.6018175749999,-70.2389298489999,0
			-19.601828594,-70.2389564389999,0
			-19.6018432349999,-70.2389820069999,0
			-19.6018496439999,-70.238996261,0
			-19.6018595309999,-70.239042675,0
			-19.6018634539999,-70.2390634869999,0
			-19.6018720059999,-70.2390810009999,0
			-19.6018984909999,-70.239118385,0
			-19.6019269119998,-70.2391505419999,0
			-19.601941321,-70.2391700069999,0
			-19.6019549869999,-70.239193089,0
			-19.601965842,-70.239217579,0
			-19.601971502,-70.239235165,0
			-19.6019826369999,-70.2393239199999,0
			-19.601987434,-70.239361805,0
			-19.6019924559999,-70.2393937859999,0
			-19.601999237,-70.2394187209999,0
			-19.602031253,-70.2394927619999,0
			-19.6020454009999,-70.2395241409998,0
			-19.602059239,-70.239548273,0
			-19.6020899229998,-70.2395797789999,0
			-19.6021002269999,-70.239592348,0
			-19.6021273699999,-70.2396387049999,0
			-19.6021350509999,-70.239651822,0
			-19.6021413789998,-70.239664265,0
			-19.6021461409999,-70.239681081,0
			-19.6021486029999,-70.2397042659999,0
			-19.602147357,-70.239727713,0
			-19.6021350419999,-70.2397709039999,0
			-19.6021305189999,-70.239797852,0
			-19.602142471,-70.239820347,0
			-19.6021522529999,-70.2398431139999,0
			-19.602157425,-70.239866036,0
			-19.6021606409999,-70.2398974289999,0
			-19.602161543,-70.239923845,0
			-19.6021607449998,-70.239947865,0
			-19.6021591909999,-70.2399633949998,0
			-19.602154062,-70.2399868079999,0
			-19.6021456739999,-70.240010962,0
			-19.6021373299999,-70.240028442,0
			-19.6021243639999,-70.240048364,0
			-19.602117526,-70.240057179,0
			-19.6021058819999,-70.240068816,0
			-19.6020955429998,-70.240074362,0
			-19.6020491529998,-70.2400803949999,0
			-19.602035675,-70.240082866,0
			-19.6020136979999,-70.240099097,0
			-19.6020040719998,-70.240106366,0
			-19.6019935439999,-70.240113246,0
			-19.6019767079999,-70.240118267,0
			-19.601956279,-70.2401202099999,0
			-19.601940925,-70.2401194239999,0
			-19.601920564,-70.2401107819999,0
			-19.601906233,-70.240092557,0
			-19.601901788,-70.2400821319999,0
			-19.601898515,-70.2400717139998,0
			-19.6018979569999,-70.240047873,0
			-19.6019026659999,-70.2400332269999,0
			-19.6019321829999,-70.2399848279999,0
			-19.6019463759999,-70.2399574779999,0
			-19.601951254,-70.239944549,0
			-19.6019543209999,-70.2399322729999,0
			-19.6019558449999,-70.239920844,0
			-19.601955709,-70.2399012019999,0
			-19.6019528219999,-70.239887355,0
			-19.6019446609999,-70.2398785199999,0
			-19.6019324579999,-70.239879381,0
			-19.601891806,-70.2399042419999,0
			-19.601874758,-70.2399132629999,0
			-19.6018369099999,-70.239925177,0
			-19.6018225919999,-70.2399309789999,0
			-19.6018100749999,-70.239938127,0
			-19.6017990809999,-70.2399468139999,0
			-19.601760182,-70.239993043,0
			-19.601744896,-70.2400087529999,0
			-19.6017081219999,-70.2400346909999,0
			-19.6016928759999,-70.24004468,0
			-19.601678191,-70.2400514319999,0
			-19.6016472439999,-70.240058345,0
			-19.601623456,-70.2400616909999,0
			-19.601606551,-70.2400628029999,0
			-19.6015931969999,-70.24006022,0
			-19.601534258,-70.2400381269999,0
			-19.601511198,-70.2400276539999,0
			-19.6014967159999,-70.240018199,0
			-19.6014859399999,-70.2400084859999,0
			-19.6014733969999,-70.2399930389999,0
			-19.6014607079999,-70.2399726359999,0
			-19.6014567089999,-70.2399627839999,0
			-19.601453131,-70.239944357,0
			-19.6014524419999,-70.2399133649999,0
			-19.6014494379999,-70.239885579,0
			-19.6014464109999,-70.239857543,0
			-19.6014420789999,-70.2398304309999,0
			-19.6014360419999,-70.239801686,0
			-19.6014286709999,-70.2397830389999,0
			-19.601409313,-70.2397467569999,0
			-19.6014007419999,-70.239731913,0
			-19.6013922389999,-70.239720214,0
			-19.6013818249999,-70.239710411,0
			-19.6013716489998,-70.239705374,0
			-19.6013579389999,-70.2397020289999,0
			-19.601321825,-70.2396978419999,0
			-19.601306834,-70.23969687,0
			-19.601262326,-70.2397046339999,0
			-19.6012406189999,-70.2397077079999,0
			-19.6012098209999,-70.2397057549999,0
			-19.6011908629999,-70.239703608,0
			-19.601178513,-70.2396994139999,0
			-19.6011661109999,-70.2396897839999,0
			-19.6011584079999,-70.2396799059999,0
			-19.6011636879999,-70.2396477199999,0
			-19.6011650909999,-70.239627806,0
			-19.6011646099999,-70.2396060649999,0
			-19.601162237,-70.2395961279999,0
			-19.6011144049999,-70.2395880399999,0
			-19.6010550819999,-70.2395691849999,0
			-19.60102354,-70.239557121,0
			-19.6010055299999,-70.2395482119999,0
			-19.60098628,-70.239535861,0
			-19.6009600419999,-70.2395146829999,0
			-19.600939927,-70.2394963189998,0
			-19.600922618,-70.239477692,0
			-19.6009148219999,-70.2394681909999,0
			-19.600902145,-70.2394460709999,0
			-19.6008873329999,-70.2393795039999,0
			-19.6008685289999,-70.239315195,0
			-19.60085593,-70.2392291009999,0
			-19.6008524769999,-70.2392055249999,0
			-19.6008468699998,-70.2391799289999,0
			-19.6008395269999,-70.2391571799999,0
			-19.6008188659999,-70.239113548,0
			-19.600815434,-70.2391002679998,0
			-19.6008207699999,-70.2390864849999,0
			-19.6008232799999,-70.2390760169999,0
			-19.600817477,-70.2390657699999,0
			-19.6007903889999,-70.2390633689999,0
			-19.600775331,-70.239058868,0
			-19.6007670819999,-70.2390495589999,0
			-19.600751811,-70.2390102549999,0
			-19.600747382,-70.2389974459999,0
			-19.6007416809999,-70.238985484,0
			-19.6007341559999,-70.2389759879999,0
			-19.6007029129999,-70.2389599219999,0
			-19.6006938489999,-70.238951272,0
			-19.6006785549999,-70.238927987,0
			-19.6006637329999,-70.2389024169999,0
			-19.600638284,-70.238845399,0
			-19.600631866,-70.238832573,0
			-19.6006245249999,-70.238822603,0
			-19.6006160699999,-70.238817008,0
			-19.600586657,-70.2388242199999,0
			-19.6005708109999,-70.2388289599999,0
			-19.600556748,-70.2388245609999,0
			-19.600538597,-70.2387965849999,0
			-19.600533238,-70.2387875799999,0
			-19.600518854,-70.238790234,0
			-19.6005024579999,-70.238796306,0
			-19.600480316,-70.2387705849999,0
			-19.6004661559999,-70.2387536959999,0
			-19.6004559619999,-70.238751615,0
			-19.6004596949999,-70.2387735729999,0
			-19.6004666749999,-70.238796701,0
			-19.6005227619999,-70.2388919929999,0
			-19.600536943,-70.2389188929999,0
			-19.6005512429999,-70.2389549479999,0
			-19.600581661,-70.2390119089999,0
			-19.6005891399999,-70.239027982,0
			-19.6005970589999,-70.2390853439999,0
			-19.6005987779999,-70.2390981329999,0
			-19.600603915,-70.2391132359999,0
			-19.6006180149999,-70.2391388969999,0
			-19.6006318899999,-70.239170657,0
			-19.6006331689998,-70.2391819149998,0
			-19.6006247139999,-70.2391894789999,0
			-19.6006110469999,-70.239179841,0
			-19.6005968919999,-70.2391752499999,0
			-19.600581677,-70.239167315,0
			-19.6005682319999,-70.2391515769999,0
			-19.6005585749999,-70.239137107,0
			-19.6005231089999,-70.2390649469999,0
			-19.600508083,-70.2390298409999,0
			-19.600485744,-70.238966841,0
			-19.600465535,-70.238896704,0
			-19.6004566089999,-70.238867747,0
			-19.600433164,-70.2388081699999,0
			-19.600425569,-70.2387959069999,0
			-19.600412865,-70.238790568,0
			-19.6003997359999,-70.2387815999999,0
			-19.6003884929999,-70.2387479529999,0
			-19.600379506,-70.2387278619998,0
			-19.600360365,-70.2386991139999,0
			-19.600352889,-70.2386826569999,0
			-19.6003517259999,-70.2386677759999,0
			-19.6003638819999,-70.238660623,0
			-19.6003812289999,-70.2386609449998,0
			-19.6003836249999,-70.2386411329999,0
			-19.6003800849999,-70.238630332,0
			-19.6003595909999,-70.238614634,0
			-19.6003486289999,-70.2386055889999,0
			-19.6003401659999,-70.2385486069999,0
			-19.6003187849999,-70.2383994219999,0
			-19.6003167789999,-70.238388824,0
			-19.6003060759999,-70.238381496,0
			-19.6002962659999,-70.238375988,0
			-19.6002830379999,-70.2383680669999,0
			-19.6002091039998,-70.2382927529999,0
			-19.6002017589999,-70.23828364,0
			-19.6001891999999,-70.238257135,0
			-19.600177764,-70.2382384539999,0
			-19.6001716739999,-70.2382304,0
			-19.6001611659999,-70.2382211669999,0
			-19.600145841,-70.238229152,0
			-19.600144482,-70.238243159,0
			-19.6001587769999,-70.2383715989999,0
			-19.6001603369999,-70.238394397,0
			-19.6001597319999,-70.2384166059999,0
			-19.6001555789999,-70.2384295419999,0
			-19.600146696,-70.238446826,0
			-19.6001077929999,-70.2384937219999,0
			-19.6000925009999,-70.2385098139999,0
			-19.6000805959999,-70.2385198289999,0
			-19.6000710679999,-70.2385257619998,0
			-19.6000601159999,-70.238528443,0
			-19.6000378069999,-70.2385271289999,0
			-19.5999772919999,-70.238537246,0
			-19.5999354249999,-70.238555329,0
			-19.599931668,-70.2385757009999,0
			-19.5999021909999,-70.2386051279999,0
			-19.599892439,-70.238617447,0
			-19.599885463,-70.2386334129999,0
			-19.599878346,-70.238656716,0
			-19.599867113,-70.2387267049999,0
			-19.5998565849999,-70.2387727709999,0
			-19.5998370279999,-70.238831256,0
			-19.5998266079999,-70.2388618749999,0
			-19.599814755,-70.2388908659999,0
			-19.5997700459999,-70.238980333,0
			-19.5997474389999,-70.2390222069999,0
			-19.599731898,-70.2390485919999,0
			-19.599716368,-70.2390729749999,0
			-19.5996994969999,-70.2390958249999,0
			-19.5996715579999,-70.2391248799999,0
			-19.599662816,-70.2391350149999,0
			-19.5996436089999,-70.2391685229999,0
			-19.599635474,-70.239182477,0
			-19.599612803,-70.2392073769999,0
			-19.5995945369999,-70.2392224919999,0
			-19.5995800489999,-70.2392269579998,0
			-19.599570254,-70.2392194449999,0
			-19.5995652349998,-70.239200529,0
			-19.5995512899999,-70.2391914609999,0
			-19.599531836,-70.2392086639999,0
			-19.5995211219999,-70.2392163999999,0
			-19.5995106349999,-70.2392171779999,0
			-19.5994978579999,-70.239209263,0
			-19.5994908659999,-70.2392013899999,0
			-19.599484069,-70.2391913269999,0
			-19.5994740199998,-70.2391677959998,0
			-19.5994699439998,-70.2391559429999,0
			-19.599464143,-70.239145601,0
			-19.599455527,-70.239137337,0
			-19.599432758,-70.2391239089999,0
			-19.5994210609999,-70.2391167659999,0
			-19.599410276,-70.239108293,0
			-19.5994012219999,-70.2390981169999,0
			-19.5993944379998,-70.239085766,0
			-19.599375489,-70.2390165939998,0
			-19.599370279,-70.238998915,0
			-19.599361562,-70.2389787319999,0
			-19.5993562209999,-70.238967252,0
			-19.5993516769999,-70.238957967,0
			-19.5993410659999,-70.238963417,0
			-19.5993372889999,-70.2389742569999,0
			-19.5993343109999,-70.2389868179999,0
			-19.5993345559999,-70.2391088569999,0
			-19.599330992,-70.239154212,0
			-19.599330712,-70.239168702,0
			-19.5993450679998,-70.2392095229999,0
			-19.5993495629999,-70.2392258609999,0
			-19.5993527039999,-70.2392421879999,0
			-19.599354315,-70.2392576449999,0
			-19.5993538909999,-70.239279858,0
			-19.599348838,-70.2393049879999,0
			-19.5993424709999,-70.2393241989999,0
			-19.599336255,-70.239334829,0
			-19.599294352,-70.2393711189999,0
			-19.5992815299999,-70.239383034,0
			-19.599265185,-70.239409661,0
			-19.5992499549999,-70.2394416169998,0
			-19.599239433,-70.2394608889999,0
			-19.5992294189999,-70.2394715879999,0
			-19.5992067179998,-70.239488003,0
			-19.5991948279999,-70.23949573,0
			-19.5991834169999,-70.239499838,0
			-19.5991340959999,-70.23949784,0
			-19.5990854659999,-70.239500423,0
			-19.5990641449999,-70.239500069,0
			-19.5990476339998,-70.239496797,0
			-19.5990174779999,-70.2394802609999,0
			-19.599006849,-70.2394886659998,0
			-19.5989962189999,-70.2394973559999,0
			-19.5989862449999,-70.239502429,0
			-19.598973346,-70.239499182,0
			-19.5989621479999,-70.239484986,0
			-19.598971833,-70.2394561729999,0
			-19.5989752749999,-70.239441896,0
			-19.5989752039999,-70.239425974,0
			-19.5989684329999,-70.239372722,0
			-19.5989634599999,-70.239346751,0
			-19.5989602779999,-70.2393364299999,0
			-19.598950104,-70.2393184269999,0
			-19.5989189919999,-70.2392832959999,0
			-19.5989112849998,-70.2392739899999,0
			-19.5989061159999,-70.2392635559999,0
			-19.5989032539999,-70.2392459919999,0
			-19.5989032229999,-70.2392245389999,0
			-19.5989287179999,-70.2391697239999,0
			-19.598934588,-70.2391568029999,0
			-19.5989395639999,-70.239142826,0
			-19.5989490819999,-70.239085694,0
			-19.598951504,-70.2390751309999,0
			-19.598959484,-70.2390579309999,0
			-19.5989652339999,-70.239049299,0
			-19.5989717959999,-70.2390412489999,0
			-19.59901629,-70.239022329,0
			-19.599027888,-70.2390173639999,0
			-19.5990376149999,-70.239009241,0
			-19.599043842,-70.2389969879998,0
			-19.5990470149999,-70.2389823309999,0
			-19.5990481089999,-70.238967562,0
			-19.5990414439999,-70.2389122119999,0
			-19.599035483,-70.238872218,0
			-19.5990328759999,-70.2388441689999,0
			-19.5990313889999,-70.2388105979999,0
			-19.5990309939999,-70.238789143,0
			-19.5990423329999,-70.2387697789999,0
			-19.5990605109999,-70.2387539019999,0
			-19.599081665,-70.238739095,0
			-19.5990970669999,-70.2387318149998,0
			-19.5991435799999,-70.238709822,0
			-19.5991718729999,-70.23869488,0
			-19.5991917559999,-70.2386811109999,0
			-19.5992109469999,-70.238662668,0
			-19.599225485,-70.2386507649999,0
			-19.599240639,-70.2386413469999,0
			-19.5992628399999,-70.2386320789999,0
			-19.5993250299999,-70.2386151069999,0
			-19.5993464919999,-70.238608025,0
			-19.5993886959999,-70.2385804139999,0
			-19.5994059129999,-70.2385731079999,0
			-19.599489868,-70.2385580209999,0
			-19.5995300339999,-70.2385507949999,0
			-19.5995512869999,-70.2385480039999,0
			-19.5995832729999,-70.238548151,0
			-19.5996689249999,-70.2385615819999,0
			-19.5996794019999,-70.2385622369998,0
			-19.5997613439999,-70.23856391,0
			-19.5997725509999,-70.238563138,0
			-19.5997841669998,-70.238555885,0
			-19.5997832639999,-70.238542627,0
			-19.5997446529998,-70.2385470039999,0
			-19.5996958549999,-70.238547965,0
			-19.5996786119999,-70.2385457349999,0
			-19.5996683439998,-70.2385409849999,0
			-19.5996618409998,-70.2385273959999,0
			-19.599663725,-70.2385162549999,0
			-19.5996757219999,-70.2385060519999,0
			-19.5996896549999,-70.2385032969999,0
			-19.599718287,-70.2385046609999,0
			-19.5997291429999,-70.238502742,0
			-19.5997179529999,-70.238487591,0
			-19.599705365,-70.23847882,0
			-19.5996617329999,-70.23846428,0
			-19.599621482,-70.2384441399999,0
			-19.599608874,-70.2384381329999,0
			-19.5995757169999,-70.2384377829999,0
			-19.5995627949999,-70.2384382569999,0
			-19.599544409,-70.2384312509999,0
			-19.5994954139999,-70.2384082799999,0
			-19.599442419,-70.2383757459999,0
			-19.5994035319999,-70.238354472,0
			-19.5993799399999,-70.2383425649999,0
			-19.5993509279999,-70.2383306169999,0
			-19.599282306,-70.2383107379999,0
			-19.5992585079999,-70.2383026429999,0
			-19.5992435719999,-70.238293567,0
			-19.5992338099999,-70.238280811,0
			-19.5992311909999,-70.2382543799999,0
			-19.599233354,-70.2382288479999,0
			-19.5992385229999,-70.238199903,0
			-19.599250597,-70.238151941,0
			-19.5992690379999,-70.2381116589999,0
			-19.5992749119999,-70.23809807,0
			-19.599290804,-70.238073308,0
			-19.5993054909999,-70.2380528259999,0
			-19.5993173409999,-70.2380378519999,0
			-19.599360786,-70.2380005269999,0
			-19.5993709879999,-70.23798859,0
			-19.5993829989999,-70.2379634169999,0
			-19.5993892169999,-70.2379524039999,0
			-19.599397782,-70.2379420789999,0
			-19.5994090419999,-70.2379337749999,0
			-19.5994220969999,-70.237927583,0
			-19.5994475369999,-70.237920151,0
			-19.5994989249999,-70.2379104359999,0
			-19.599542266,-70.2379016159999,0
			-19.5995712339999,-70.2378937319999,0
			-19.5996391999999,-70.237864219,0
			-19.5996691789998,-70.237854151,0
			-19.599693519,-70.237848904,0
			-19.599757984,-70.2378428179999,0
			-19.599801848,-70.2378365769998,0
			-19.5998294349999,-70.2378323059999,0
			-19.5998401129999,-70.2378301939999,0
			-19.5998162399999,-70.2378197129999,0
			-19.5996818259999,-70.2378280289999,0
			-19.599655003,-70.237826395,0
			-19.5996320849999,-70.2378215479999,0
			-19.599616392,-70.2378173279999,0
			-19.5996047569999,-70.2378144739999,0
			-19.5995920359999,-70.237811708,0
			-19.5995855589999,-70.2377942099999,0
			-19.5995857359999,-70.237781818,0
			-19.5995877279999,-70.2377680069999,0
			-19.5995920719999,-70.2377540259998,0
			-19.5995977609999,-70.2377410069999,0
			-19.5996038899999,-70.237730185,0
			-19.5996200929999,-70.2377127669999,0
			-19.5996385779999,-70.2377051839999,0
			-19.599658431,-70.237695613,0
			-19.599667976,-70.2376871989999,0
			-19.599675463,-70.2376755299998,0
			-19.599690482,-70.237633219,0
			-19.599694364,-70.2376208519999,0
			-19.5996975909999,-70.23761125,0
			-19.599703355,-70.2376009,0
			-19.5997307169999,-70.2375897639999,0
			-19.5997563639999,-70.2375789959999,0
			-19.5997672489999,-70.2375726899999,0
			-19.5997756979999,-70.2375657969999,0
			-19.599784126,-70.2375489839998,0
			-19.599785859,-70.2375204909999,0
			-19.5997847369999,-70.2374864459999,0
			-19.599781637,-70.2374643019999,0
			-19.5997756829999,-70.237449767,0
			-19.599760913,-70.237442502,0
			-19.5997456429998,-70.2374426709998,0
			-19.5997338739999,-70.2374460129998,0
			-19.5997153489999,-70.2374727579999,0
			-19.5997067869999,-70.2374825129999,0
			-19.5996589509999,-70.237514372,0
			-19.5996359769998,-70.2375312629999,0
			-19.5996146829999,-70.237553029,0
			-19.5995599009999,-70.2376229719998,0
			-19.599534478,-70.2376541449999,0
			-19.5995159079999,-70.2376745009999,0
			-19.5994952629999,-70.2376938889999,0
			-19.599483456,-70.2377025699998,0
			-19.5994700329999,-70.2377100939999,0
			-19.5993840869999,-70.2377390879998,0
			-19.5993496929999,-70.2377476909999,0
			-19.599319669,-70.237751563,0
			-19.599295629,-70.2377522359999,0
			-19.599284253,-70.237751101,0
			-19.5992723419999,-70.2377488159999,0
			-19.5992608949999,-70.237744818,0
			-19.599251178,-70.2377388349999,0
			-19.5992442749999,-70.2377306779999,0
			-19.5992400039999,-70.2377211109999,0
			-19.5992362499999,-70.237701917,0
			-19.599232349,-70.2376386779999,0
			-19.5992317179999,-70.2376254199999,0
			-19.5992319809999,-70.237613314,0
			-19.599233504,-70.2376021699999,0
			-19.5992411419999,-70.237581921,0
			-19.5992630659999,-70.2375471949999,0
			-19.5992720429999,-70.2375290529999,0
			-19.5992840389999,-70.237492819,0
			-19.5992999059999,-70.23745833,0
			-19.599314713,-70.237433847,0
			-19.5993221909999,-70.2374237019999,0
			-19.5993294739999,-70.2374158439998,0
			-19.59938879,-70.237396275,0
			-19.5994343649999,-70.2373778419999,0
			-19.599447413,-70.237372509,0
			-19.5994744719999,-70.237366326,0
			-19.5995372819999,-70.2373644249998,0
			-19.5995536579999,-70.2373614029999,0
			-19.5995738589999,-70.2373535469998,0
			-19.599587098,-70.2373467849999,0
			-19.5995884669999,-70.2373314469999,0
			-19.5995730449999,-70.2372877559999,0
			-19.599569867,-70.237276863,0
			-19.5995697569999,-70.2372666609999,0
			-19.599577532,-70.2372528009998,0
			-19.59960124,-70.2372476449999,0
			-19.599610852,-70.237242663,0
			-19.5996203939999,-70.2372347279999,0
			-19.5996293169999,-70.2372246889999,0
			-19.599636898,-70.237212926,0
			-19.5996426749999,-70.2372004809999,0
			-19.5996463769999,-70.237187827,0
			-19.5996477239999,-70.2371757299999,0
			-19.5996449089999,-70.2371382389999,0
			-19.5996416439999,-70.237113903,0
			-19.5996223609999,-70.237053498,0
			-19.5996181309999,-70.2370378309999,0
			-19.5996162609999,-70.2370209399999,0
			-19.5996250639999,-70.2369756249999,0
			-19.599626671,-70.2369653409999,0
			-19.5996238179999,-70.2369465359999,0
			-19.5996150509999,-70.2369209169999,0
			-19.5996026,-70.2368917439999,0
			-19.5995877989998,-70.236862646,0
			-19.5995633249998,-70.2368215579999,0
			-19.599548473,-70.2367999939999,0
			-19.5995319729999,-70.236781848,0
			-19.5995221799999,-70.2367737639999,0
			-19.599499231,-70.2367605269999,0
			-19.5994861569999,-70.2367565169999,0
			-19.5994721579999,-70.2367556469998,0
			-19.599457682,-70.2367586839999,0
			-19.5994440809999,-70.23676535,0
			-19.5994329009999,-70.236775084,0
			-19.599425316,-70.236787325,0
			-19.59942089,-70.236800353,0
			-19.599418908,-70.2368127319999,0
			-19.5994205759999,-70.2368460179999,0
			-19.5994125199999,-70.2368879079999,0
			-19.5994111699999,-70.236900196,0
			-19.5994126349999,-70.2369105029999,0
			-19.5994197529999,-70.2369265749999,0
			-19.599425073,-70.2369412049999,0
			-19.599426503,-70.236956662,0
			-19.599415517,-70.2370171169999,0
			-19.5994119869999,-70.237031201,0
			-19.5994000739998,-70.2370555179999,0
			-19.5993600099999,-70.237113655,0
			-19.5993455889999,-70.237148154,0
			-19.599336864,-70.2371554289999,0
			-19.5993042589999,-70.23716662,0
			-19.5992837869999,-70.237174188,0
			-19.5992326959999,-70.2372064039999,0
			-19.5991756609999,-70.2372358079999,0
			-19.5991600569999,-70.237245128,0
			-19.5991414249999,-70.2372611959999,0
			-19.5991221159999,-70.237283355,0
			-19.599099951,-70.2373139819999,0
			-19.599083922,-70.2373320689999,0
			-19.59905701,-70.237356366,0
			-19.5990388499999,-70.2373695759998,0
			-19.5990163509999,-70.2373830359999,0
			-19.5990049349999,-70.2373874309999,0
			-19.598989252,-70.2373816869999,0
			-19.5989703809999,-70.2373699549998,0
			-19.598960372,-70.237363731,0
			-19.5989481429999,-70.2373550579999,0
			-19.5989284469999,-70.237328592,0
			-19.598914576,-70.237309134,0
			-19.5989084229998,-70.237297455,0
			-19.5989053419999,-70.2372853219999,0
			-19.5989060649998,-70.2372722659999,0
			-19.5989115819999,-70.2372583879999,0
			-19.5989309479999,-70.23722774,0
			-19.5989416699999,-70.2372067039998,0
			-19.598962431,-70.2371559059999,0
			-19.5989828319999,-70.2370927549999,0
			-19.5989912169999,-70.2370692669999,0
			-19.599003481,-70.2370465749999,0
			-19.5990129699999,-70.2370329199999,0
			-19.599022706,-70.2370230779999,0
			-19.59906491,-70.236995464,0
			-19.5990790599998,-70.2369876609999,0
			-19.5990885049999,-70.236980581,0
			-19.5990836899999,-70.236971297,0
			-19.5990617939999,-70.236962455,0
			-19.599017374,-70.2369572529999,0
			-19.5989863249999,-70.236952725,0
			-19.5989726129999,-70.236949377,0
			-19.5989612559999,-70.2369452849999,0
			-19.5989465069999,-70.236935258,0
			-19.5989432379999,-70.2369114939999,0
			-19.5989497799999,-70.2368666379999,0
			-19.5989555749999,-70.2368384609999,0
			-19.5989876549999,-70.2367588099999,0
			-19.5990034869999,-70.2367163139999,0
			-19.599014011,-70.23668398,0
			-19.5990179319999,-70.236665417,0
			-19.5990194939999,-70.2366483629999,0
			-19.599019219,-70.2366229049999,0
			-19.5990149969999,-70.236579492,0
			-19.599013999,-70.2365670899999,0
			-19.5990115419999,-70.236556583,0
			-19.5990083709999,-70.236544641,0
			-19.5989961279999,-70.2365511259999,0
			-19.5989871799999,-70.2365647869999,0
			-19.598962897,-70.2366010229998,0
			-19.5989234919999,-70.236668223,0
			-19.598894942,-70.2367074749999,0
			-19.5988874519999,-70.2367194309999,0
			-19.598873891,-70.236760134,0
			-19.5988641739999,-70.2367803669999,0
			-19.598849937,-70.236787696,0
			-19.5988387489999,-70.236785417,0
			-19.598830805,-70.2367713419999,0
			-19.598829532,-70.236759413,0
			-19.598830622,-70.236745406,0
			-19.598833887,-70.236730274,0
			-19.5988515679999,-70.236681687,0
			-19.598892828,-70.2365943849999,0
			-19.5989118329999,-70.236550291,0
			-19.5989322479999,-70.2364984869999,0
			-19.598941108,-70.2364712859999,0
			-19.598951772,-70.2364316109999,0
			-19.5989552039999,-70.2364187669999,0
			-19.5989594649999,-70.2363636919999,0
			-19.598961822,-70.236349408,0
			-19.598968853,-70.2363256279999,0
			-19.598990333,-70.2362765,0
			-19.5990066439999,-70.2362430659999,0
			-19.599018278,-70.23621989,0
			-19.5990288919999,-70.2362006179999,0
			-19.599040825,-70.2361865999999,0
			-19.599058156,-70.2361759579999,0
			-19.5990749989999,-70.236170365,0
			-19.5990881069999,-70.2361695119999,0
			-19.599101011,-70.2361718989999,0
			-19.5991194639999,-70.2361822399999,0
			-19.599130336,-70.2361910959999,0
			-19.5991400249999,-70.2362013709999,0
			-19.5991712839999,-70.2362673939999,0
			-19.5991834129999,-70.2362908459999,0
			-19.5991928839999,-70.2363061729999,0
			-19.599201848,-70.236316731,0
			-19.5992122989999,-70.2363209089999,0
			-19.599230806,-70.2363101809999,0
			-19.5992371009999,-70.2363013619999,0
			-19.5992612639999,-70.236242912,0
			-19.5992952779999,-70.236171284,0
			-19.5993075789999,-70.2361430619999,0
			-19.5993200029999,-70.236110265,0
			-19.5993235549999,-70.2360925589999,0
			-19.5993245329999,-70.236068731,0
			-19.5993235229999,-70.2360579499999,0
			-19.5993161069998,-70.236045689,0
			-19.59929525,-70.236043528,0
			-19.59928042,-70.2360452259999,0
			-19.599265126,-70.236048732,0
			-19.5992277029999,-70.2360645589999,0
			-19.5992171939999,-70.236068484,0
			-19.599199824,-70.236071591,0
			-19.5991894589999,-70.2360679849999,0
			-19.5991885439999,-70.2360563469999,0
			-19.5991961639999,-70.2360387659999,0
			-19.5992089409999,-70.2360202729999,0
			-19.5992347119999,-70.235991106,0
			-19.599263908,-70.235963011,0
			-19.599280446,-70.2359494089999,0
			-19.5992970539999,-70.2359387609998,0
			-19.5993117929999,-70.2359368709999,0
			-19.5993276629999,-70.2359419519999,0
			-19.5993411389999,-70.235939671,0
			-19.599352209,-70.235932889,0
			-19.5993602539999,-70.235919413,0
			-19.5993686379998,-70.2358956419999,0
			-19.5993717169999,-70.235881649,0
			-19.5993730839999,-70.235853441,0
			-19.5993686759999,-70.2358113609999,0
			-19.5993615499999,-70.2357697369999,0
			-19.5993539599999,-70.2357435559999,0
			-19.5993418579999,-70.235716483,0
			-19.5993244529999,-70.2356853629999,0
			-19.599314432,-70.2356706979999,0
			-19.599303945,-70.2356585099999,0
			-19.5992933489999,-70.2356489899999,0
			-19.5992827319999,-70.2356424269999,0
			-19.599254496,-70.235635728,0
			-19.5992429629999,-70.2356311579999,0
			-19.5992358179998,-70.2356188059998,0
			-19.5992207249998,-70.235566919,0
			-19.5992109769999,-70.235539102,0
			-19.5991924059999,-70.235493101,0
			-19.5991870629999,-70.2354819989999,0
			-19.599175983,-70.235476862,0
			-19.599152519,-70.235472868,0
			-19.5991389869999,-70.2354699059999,0
			-19.5991265439999,-70.2354659019999,0
			-19.599115285,-70.2354607629999,0
			-19.599096666,-70.2354485119999,0
			-19.5990891239999,-70.235441399,0
			-19.5990825819999,-70.235433627,0
			-19.5990770379998,-70.235425005,0
			-19.5990724979998,-70.2354151489999,0
			-19.5990662469999,-70.2353911699999,0
			-19.5990627429998,-70.23536216,0
			-19.599060148,-70.2353321089999,0
			-19.5990586019999,-70.2353071169999,0
			-19.5990591259999,-70.2352965379999,0
			-19.5990616389999,-70.235285784,0
			-19.599079606,-70.235248166,0
			-19.599089256,-70.2352246899999,0
			-19.5990929689999,-70.2352100369999,0
			-19.5990747499999,-70.2351655639999,0
			-19.599059849,-70.2351382769999,0
			-19.599052608,-70.235126877,0
			-19.599046162,-70.2351181509999,0
			-19.5990359979999,-70.2351114009999,0
			-19.5989926349999,-70.2351500619999,0
			-19.598972252,-70.235157822,0
			-19.59894292,-70.235166369,0
			-19.5989172239999,-70.2351714159998,0
			-19.598891656,-70.2351713159999,0
			-19.598881004,-70.235169615,0
			-19.5988586739998,-70.235158384,0
			-19.598841431,-70.2351428069999,0
			-19.59882413,-70.2351229399998,0
			-19.5988084759999,-70.235099749,0
			-19.5987934849999,-70.2350720809999,0
			-19.598770273,-70.2350051639999,0
			-19.5987625579999,-70.2349836539998,0
			-19.598743734,-70.2349485189999,0
			-19.598694264,-70.234836593,0
			-19.5986885729999,-70.234823298,0
			-19.5986846059999,-70.234808776,0
			-19.5986800919999,-70.2347818539999,0
			-19.5986807379999,-70.2347667959999,0
			-19.5986850899999,-70.2347514809999,0
			-19.598688486,-70.234730435,0
			-19.598687952,-70.234702783,0
			-19.598681137,-70.234655823,0
			-19.5986752889999,-70.2346256499999,0
			-19.5986690259999,-70.2346036729999,0
			-19.598652681,-70.2345756139999,0
			-19.598642776,-70.2345576149999,0
			-19.598634085,-70.2345337129999,0
			-19.5986239499999,-70.2344832019999,0
			-19.59859692,-70.2344192119999,0
			-19.5985853949999,-70.234387279,0
			-19.5985778179999,-70.2343589049999,0
			-19.5985754349999,-70.2343375319999,0
			-19.5985749509999,-70.2343155999999,0
			-19.5985754639999,-70.2342933869999,0
			-19.5985800889999,-70.234278074,0
			-19.5985947359998,-70.2342632179999,0
			-19.5986183489998,-70.2342455689999,0
			-19.598652936,-70.234221712,0
			-19.59866955,-70.234210493,0
			-19.59872102,-70.234188575,0
			-19.598732625,-70.234182942,0
			-19.5987488669999,-70.234172676,0
			-19.5987576959999,-70.2341633989998,0
			-19.5987559159999,-70.2341463179999,0
			-19.5987451389999,-70.234136798,0
			-19.5987259279999,-70.2341318849999,0
			-19.598698381,-70.2341301479999,0
			-19.5986851959998,-70.2341291909999,0
			-19.5986745459999,-70.234127298,0
			-19.598658531,-70.234117452,0
			-19.598645023,-70.2340975179999,0
			-19.5986326569999,-70.234069394,0
			-19.5986121319999,-70.234032245,0
			-19.598602849,-70.2340153929999,0
			-19.598594583,-70.233995593,0
			-19.59858932,-70.2339722899999,0
			-19.5985872939999,-70.2339513009999,0
			-19.5985874689999,-70.233939098,0
			-19.598609043,-70.2338893999999,0
			-19.59861842,-70.233865731,0
			-19.5986206829999,-70.2338521129998,0
			-19.5986213959999,-70.23382695,0
			-19.5986196889999,-70.2338125399999,0
			-19.5986086249999,-70.2337918639999,0
			-19.5986032209999,-70.233776566,0
			-19.5986005209999,-70.233761579,0
			-19.598601576,-70.2337393699999,0
			-19.598609375,-70.2337220789999,0
			-19.5986180149999,-70.2337137549999,0
			-19.5986284589999,-70.233706304,0
			-19.5986478579999,-70.2336967269999,0
			-19.598692834,-70.2336865819999,0
			-19.5987317349999,-70.2336793449999,0
			-19.5988880289999,-70.233669477,0
			-19.598930486,-70.233657501,0
			-19.5989481589999,-70.2336494369999,0
			-19.59896694,-70.2336384259999,0
			-19.5989781859998,-70.2336319329999,0
			-19.5989893449999,-70.2336253439999,0
			-19.598999055,-70.2336192209999,0
			-19.5990077289999,-70.2336061289999,0
			-19.5989945609999,-70.233589535,0
			-19.598981876,-70.2335816199999,0
			-19.5989668299999,-70.233575308,0
			-19.5989500529999,-70.2335707959999,0
			-19.5989317299999,-70.2335681769999,0
			-19.5988739949999,-70.233567927,0
			-19.59881268,-70.2335625009999,0
			-19.598772208,-70.233561525,0
			-19.59875748,-70.233561606,0
			-19.598742762,-70.2335600619999,0
			-19.5987166219999,-70.2335509009999,0
			-19.598706082,-70.2335462429999,0
			-19.598689932,-70.2335428819999,0
			-19.5986508299999,-70.2335531639999,0
			-19.598630928,-70.233556445,0
			-19.5986143279999,-70.2335528849999,0
			-19.598599844,-70.2335439089999,0
			-19.598633999,-70.2332712589999,0
			-19.5986582819999,-70.2332167639998,0
			-19.5986814689999,-70.2331555399999,0
			-19.5986952499999,-70.2331091179999,0
			-19.598703923,-70.233082871,0
			-19.5987534069999,-70.232981708,0
			-19.5987707579999,-70.232941512,0
			-19.5987857899999,-70.232897008,0
			-19.5987985419999,-70.2328425699999,0
			-19.5988234769999,-70.2327638169999,0
			-19.5988276459999,-70.232748881,0
			-19.598829644,-70.232734023,0
			-19.598824911,-70.2326597159999,0
			-19.5988231869999,-70.2326346289999,0
			-19.5988237209999,-70.2326092709999,0
			-19.5988276149999,-70.2325817459999,0
			-19.5988389139999,-70.232541122,0
			-19.5988747709999,-70.2324377589999,0
			-19.598903354,-70.2323405399998,0
			-19.5989288669999,-70.232256357,0
			-19.5989781769999,-70.232127734,0
			-19.598990188,-70.2321024669999,0
			-19.5990047089998,-70.2320796939999,0
			-19.5990163229999,-70.232059189,0
			-19.5990251479999,-70.2320237879998,0
			-19.5990477969999,-70.2319755279999,0
			-19.59905473,-70.231952604,0
			-19.5990560029999,-70.2319383129999,0
			-19.5990547449999,-70.2319239069999,0
			-19.599050319,-70.2319105249999,0
			-19.5990436239999,-70.2318985569999,0
			-19.5990130449999,-70.231864667,0
			-19.59900411,-70.2318498229999,0
			-19.5989999139999,-70.2318294829999,0
			-19.598992602,-70.2317622119999,0
			-19.5989904859999,-70.2317414119999,0
			-19.5989897729999,-70.2317268179999,0
			-19.5989905179999,-70.231710235,0
			-19.5990007839999,-70.2316624519999,0
			-19.5990121149999,-70.2315774929999,0
			-19.5990154829999,-70.2315477719999,0
			-19.5990171089999,-70.231481617,0
			-19.599018052,-70.2314625579999,0
			-19.5990261159999,-70.2314197159999,0
			-19.5990278629999,-70.231401994,0
			-19.599025786,-70.2313620319999,0
			-19.5990248529999,-70.2313400939999,0
			-19.5990306859999,-70.2313060079999,0
			-19.5990447709999,-70.2312679769999,0
			-19.5990477769999,-70.2312511259999,0
			-19.5990485259999,-70.231207942,0
			-19.5990499559999,-70.2311969899999,0
			-19.5990628429999,-70.2311620979999,0
			-19.599070583,-70.2311268779999,0
			-19.5990920039999,-70.2310597309999,0
			-19.599098935,-70.2310369959999,0
			-19.599103909,-70.2310097679999,0
			-19.5991067809999,-70.230986335,0
			-19.5991074409999,-70.2309690829999,0
			-19.5990965889999,-70.2308778529999,0
			-19.5990889939999,-70.2307993319999,0
			-19.5990857429999,-70.2307594539998,0
			-19.5990865189999,-70.2307248509999,0
			-19.5990866959999,-70.2307122669999,0
			-19.599085891,-70.2306981519999,0
			-19.599082912,-70.2306843039999,0
			-19.5990767769999,-70.230669765,0
			-19.599068721,-70.2306587399999,0
			-19.5990533129998,-70.23065252,0
			-19.5990434389999,-70.230656068,0
			-19.5990295599999,-70.2306642579999,0
			-19.599015838,-70.230675499,0
			-19.5990038979999,-70.230690948,0
			-19.5989865279999,-70.230733815,0
			-19.5989815569999,-70.230747031,0
			-19.5989628,-70.2307680529999,0
			-19.5989482119999,-70.2307874879999,0
			-19.5989414259999,-70.230828623,0
			-19.5989381199999,-70.230849478,0
			-19.5989302859999,-70.2308722029999,0
			-19.5989155499999,-70.2308864889999,0
			-19.598906551,-70.230881462,0
			-19.598898563,-70.2308602349999,0
			-19.598893054,-70.2308334019999,0
			-19.5988857409998,-70.230766322,0
			-19.598882067,-70.2307354989999,0
			-19.5988774599999,-70.2307088619999,0
			-19.5988703309999,-70.2306811609999,0
			-19.5988611549998,-70.2306620219999,0
			-19.5988358399999,-70.2306243629999,0
			-19.598817541,-70.230590118,0
			-19.5988193069999,-70.2304718499998,0
			-19.5988408989999,-70.230407208,0
			-19.5990038309998,-70.229919421,0
			-19.5990465789999,-70.2298377929999,0
			-19.5990666759999,-70.229846702,0
			-19.5990785179999,-70.2298456469999,0
			-19.5990933849999,-70.2298385139999,0
			-19.5991019229999,-70.2298320959999,0
			-19.5991108339999,-70.2298237749999,0
			-19.5991265929999,-70.2298051119999,0
			-19.599135378,-70.2297888749999,0
			-19.5991489609999,-70.2297578989999,0
			-19.599163404,-70.2297334089999,0
			-19.5991873119999,-70.2296989809998,0
			-19.5992241659999,-70.229634429,0
			-19.5992367309999,-70.229620224,0
			-19.5992459139999,-70.2296119989999,0
			-19.599294309,-70.22956422,0
			-19.599306919,-70.229556497,0
			-19.5993247279998,-70.229555584,0
			-19.599348915,-70.2295596779999,0
			-19.599367043,-70.229564296,0
			-19.599385254,-70.2295701549999,0
			-19.599413007,-70.2295814249999,0
			-19.5994311879999,-70.2295919549999,0
			-19.599445885,-70.2295964529999,0
			-19.5994644909999,-70.229597642,0
			-19.5994814069999,-70.2295946239999,0
			-19.599497373,-70.2295852109999,0
			-19.5995050089999,-70.229578502,0
			-19.5995182969999,-70.2295642999999,0
			-19.599528418,-70.2295509339999,0
			-19.599535918,-70.2295375479999,0
			-19.5995405289999,-70.2295240439998,0
			-19.5995426249999,-70.2295078519999,0
			-19.599543309,-70.2294872619999,0
			-19.5995427529999,-70.2294629469999,0
			-19.59953782,-70.2294176219999,0
			-19.59953373,-70.2294081509999,0
			-19.5995149469999,-70.2294062949999,0
			-19.5994954909999,-70.229410817,0
			-19.599481941,-70.2294104279999,0
			-19.5994710129999,-70.2293964249999,0
			-19.5994744409999,-70.229383866,0
			-19.599482269,-70.2293754399999,0
			-19.599480953,-70.2293563629999,0
			-19.599477867,-70.2293321229999,0
			-19.599496905,-70.2293228289999,0
			-19.5994952609999,-70.229312232,0
			-19.599487171,-70.2293056879999,0
			-19.5994775509999,-70.229299037,0
			-19.5994301099998,-70.229259968,0
			-19.5994203539999,-70.22924626,0
			-19.5994154959999,-70.2292299189999,0
			-19.5994082979999,-70.2291989739999,0
			-19.5993856119999,-70.2291720609999,0
			-19.5994158399999,-70.229107943,0
			-19.5994769769999,-70.2289782499999,0
			-19.5995259819999,-70.2288742979998,0
			-19.599572708,-70.228730082,0
			-19.5995921389999,-70.228739774,0
			-19.599623696,-70.228749454,0
			-19.5996328669999,-70.228756198,0
			-19.5996410289999,-70.2287650299999,0
			-19.599647192,-70.2287755659999,0
			-19.5996514469999,-70.2287875139999,0
			-19.5996542499999,-70.2288005009999,0
			-19.5996558709999,-70.2288145299999,0
			-19.599660527,-70.2288605209999,0
			-19.5996668189999,-70.2288917449999,0
			-19.599676019,-70.2289205129999,0
			-19.5996875879999,-70.2289465329999,0
			-19.5997007839999,-70.2289593139998,0
			-19.5997151559999,-70.228945121,0
			-19.599722562,-70.2289324969999,0
			-19.5997706769999,-70.2288594499999,0
			-19.5997929819999,-70.2288214819999,0
			-19.5998069099999,-70.228793176,0
			-19.5998179429999,-70.2287650379999,0
			-19.5998367339999,-70.2287126479999,0
			-19.5998513549999,-70.228688351,0
			-19.5998873749999,-70.228640286,0
			-19.5998939699999,-70.2286271789999,0
			-19.5998981279999,-70.228613292,0
			-19.5999002149999,-70.228598909,0
			-19.5999005859999,-70.228584231,0
			-19.5999003049999,-70.2285459009999,0
			-19.599908061,-70.228534709,0
			-19.599919272,-70.22853365,0
			-19.5999303859999,-70.228533829,0
			-19.5999410159999,-70.2285253309999,0
			-19.5999614479999,-70.2284967859999,0
			-19.599975909,-70.228469535,0
			-19.5999884129999,-70.228438167,0
			-19.6000104349999,-70.2283753129999,0
			-19.6000320429999,-70.228307021,0
			-19.6000506589999,-70.2282140149999,0
			-19.6000430329999,-70.228126528,0
			-19.6000298269999,-70.228022505,0
			-19.6000176979999,-70.2279459479999,0
			-19.600008223,-70.2278514879999,0
			-19.6000023119998,-70.2278173099999,0
			-19.5999965419998,-70.227801916,0
			-19.5999873759999,-70.2277814439999,0
			-19.5999673339999,-70.2277525949999,0
			-19.5999624579999,-70.227738922,0
			-19.5999581539999,-70.227720583,0
			-19.5999378739999,-70.2276203229999,0
			-19.5999297979999,-70.2275990939999,0
			-19.5999195929999,-70.2275852879999,0
			-19.5999007959999,-70.2275591169999,0
			-19.599896266,-70.227547546,0
			-19.5998817919999,-70.2275105379999,0
			-19.5998667849999,-70.227485255,0
			-19.5998611049999,-70.2274697669999,0
			-19.5998406149999,-70.2274139319999,0
			-19.599834307,-70.2273847089999,0
			-19.599827606,-70.2273470929999,0
			-19.5998121929999,-70.2273018819998,0
			-19.599785584,-70.227189174,0
			-19.599762966,-70.227113684,0
			-19.5997359519998,-70.2270335809999,0
			-19.5997154839998,-70.226960967,0
			-19.5997008229999,-70.2269248159999,0
			-19.5996981389999,-70.226907634,0
			-19.5996919689999,-70.2268583919998,0
			-19.5996860029999,-70.226832223,0
			-19.5996759069999,-70.226805804,0
			-19.5996695459999,-70.2267942489999,0
			-19.599654248,-70.2267717279998,0
			-19.599639566,-70.2267519749999,0
			-19.599622885,-70.2267333529999,0
			-19.5996126239999,-70.2267274599999,0
			-19.5995976799999,-70.226719433,0
			-19.5995921799999,-70.2267046119999,0
			-19.5996026509999,-70.226692868,0
			-19.599615064,-70.2266878159999,0
			-19.5996178739999,-70.2266733449999,0
			-19.5996200419999,-70.226659822,0
			-19.5996210339999,-70.2266470539999,0
			-19.5996251299999,-70.226602751,0
			-19.599622526,-70.226573747,0
			-19.5996243109999,-70.2265636549999,0
			-19.599639947,-70.2265498519999,0
			-19.5996422059999,-70.2265365229999,0
			-19.599639662,-70.226512,0
			-19.599633882,-70.2264851669999,0
			-19.599615553,-70.2264431719999,0
			-19.5996116339999,-70.2264217859999,0
			-19.5996121649999,-70.226410158,0
			-19.599616414,-70.226396461,0
			-19.5996328289999,-70.2263477689999,0
			-19.599641412,-70.2263077909999,0
			-19.5996417819999,-70.226293684,0
			-19.5996412319999,-70.2262683189999,0
			-19.5996384439999,-70.226252758,0
			-19.5996299139999,-70.2262316219999,0
			-19.5996272149999,-70.2262165379999,0
			-19.599626378,-70.226193553,0
			-19.599627875,-70.226172877,0
			-19.59963234,-70.226153843,0
			-19.5996383139999,-70.226139109,0
			-19.59964632,-70.2261319309999,0
			-19.5996639919999,-70.2261230019999,0
			-19.5996806439999,-70.226119599,0
			-19.5997014829999,-70.2261241409999,0
			-19.5997114589999,-70.2261322269999,0
			-19.5997425609999,-70.2261558229999,0
			-19.599764202,-70.2261621819999,0
			-19.5997769259999,-70.2261643759999,0
			-19.599801952,-70.2261649479999,0
			-19.599814615,-70.226163137,0
			-19.5998388749999,-70.2261563609998,0
			-19.5998529269999,-70.226149601,0
			-19.5998487009999,-70.2261330759999,0
			-19.5998385089999,-70.2261172669999,0
			-19.5998298109999,-70.226107573,0
			-19.5998122909999,-70.226092851,0
			-19.599808219,-70.226080714,0
			-19.5998041309999,-70.226057515,0
			-19.599801726,-70.226038903,0
			-19.5997979599999,-70.2259815749999,0
			-19.5997842089999,-70.225984141,0
			-19.5997690479999,-70.2259943229999,0
			-19.599754452,-70.2259884919999,0
			-19.5997467589999,-70.2259770859999,0
			-19.5997365549999,-70.2259493609999,0
			-19.5997283319999,-70.2259363319999,0
			-19.5997196289999,-70.2259272069999,0
			-19.5997068739999,-70.2259161469999,0
			-19.599685952,-70.225897301,0
			-19.5996641549999,-70.2258734939999,0
			-19.5996567409999,-70.2258609459999,0
			-19.599651991,-70.225842128,0
			-19.599650942,-70.2258236249999,0
			-19.599652744,-70.225811054,0
			-19.5996641219999,-70.225758986,0
			-19.5996640529999,-70.225742302,0
			-19.5996618879999,-70.22572865,0
			-19.5996566139999,-70.225707255,0
			-19.599646278,-70.2256724709999,0
			-19.5996282249999,-70.2256700469998,0
			-19.599621622,-70.225657602,0
			-19.599621602,-70.225647019,0
			-19.5996236569999,-70.225637214,0
			-19.5996301009999,-70.2256067549999,0
			-19.5996307939998,-70.225584353,0
			-19.5996300539999,-70.2254939639999,0
			-19.599639821,-70.2254127119999,0
			-19.5996448519999,-70.2253903439999,0
			-19.599651262,-70.225377903,0
			-19.5996608279999,-70.2253665339999,0
			-19.599671192,-70.2253570789999,0
			-19.5996852329999,-70.225351846,0
			-19.5997000369999,-70.225353675,0
			-19.5997130269999,-70.2253571109999,0
			-19.5997496149999,-70.225371116,0
			-19.5997610919999,-70.2253708229999,0
			-19.59976577,-70.225360655,0
			-19.59976332,-70.2253488169999,0
			-19.599758961,-70.225339057,0
			-19.5997513519999,-70.2253283209999,0
			-19.59971817,-70.2252916489999,0
			-19.5997144549999,-70.225279799,0
			-19.599709923,-70.225255357,0
			-19.5997061209999,-70.225229681,0
			-19.5996993079999,-70.2252219069999,0
			-19.5996881459999,-70.2252157189999,0
			-19.5996327679998,-70.225200903,0
			-19.5996249579999,-70.2251936949999,0
			-19.5996178969999,-70.2251821039999,0
			-19.599610141,-70.2251667909999,0
			-19.5996017959999,-70.2251448,0
			-19.599597865,-70.2251250329999,0
			-19.5995985979999,-70.2251101659999,0
			-19.599602047,-70.2250946519999,0
			-19.5996087149999,-70.225070772,0
			-19.5996115049999,-70.2250461,0
			-19.5996138009999,-70.224987292,0
			-19.5996154649999,-70.224941729,0
			-19.5996099229999,-70.2249328219999,0
			-19.5995803509999,-70.2249367919999,0
			-19.59956591,-70.2249346799998,0
			-19.5995554889999,-70.224925927,0
			-19.5995493199999,-70.2249159649999,0
			-19.5995439409999,-70.2248964729999,0
			-19.599542452,-70.224876346,0
			-19.5995470269999,-70.224854739,0
			-19.599553102,-70.224838384,0
			-19.599574409,-70.224787539,0
			-19.5995836459999,-70.2247580519999,0
			-19.5995847519999,-70.2247414709999,0
			-19.5995886809999,-70.22466847,0
			-19.5995874,-70.2246440509999,0
			-19.5995784599999,-70.2245904019999,0
			-19.599573666,-70.2245775899999,0
			-19.5995590799999,-70.224543824,0
			-19.5995529859999,-70.2245228979999,0
			-19.5995454759999,-70.224484704,0
			-19.5995419609999,-70.224456743,0
			-19.5995394959999,-70.2244206839999,0
			-19.5995408349999,-70.2244097299999,0
			-19.599547275,-70.224379271,0
			-19.5995470259999,-70.2243630599999,0
			-19.599545668,-70.224336641,0
			-19.599551171,-70.224324575,0
			-19.5995714329999,-70.2243212939999,0
			-19.5995856579999,-70.2243155849999,0
			-19.5995939319999,-70.224307735,0
			-19.5996031239999,-70.2242981759998,0
			-19.5996137679999,-70.2243005449999,0
			-19.5996264699999,-70.2243063619999,0
			-19.5996522209999,-70.2243197129998,0
			-19.599663784,-70.2243200859999,0
			-19.5996815569999,-70.2243105909999,0
			-19.5997056889999,-70.2242961879999,0
			-19.5997139749999,-70.2242869049999,0
			-19.599714863,-70.2242758509999,0
			-19.5997133069999,-70.2242521959998,0
			-19.5997106459999,-70.2242315829999,0
			-19.5997065569999,-70.2242217309999,0
			-19.5996931159999,-70.224205325,0
			-19.5996790109999,-70.2241798589999,0
			-19.5996653239999,-70.2241465769999,0
			-19.5996598649999,-70.2241254639999,0
			-19.5996602439999,-70.22410983,0
			-19.59966359,-70.224096032,0
			-19.5996822509999,-70.224035822,0
			-19.5996895329999,-70.2240010769999,0
			-19.5997005109999,-70.223968075,0
			-19.5996875529999,-70.223946812,0
			-19.5996782189999,-70.223937398,0
			-19.59966222,-70.223924978,0
			-19.599648384,-70.223926685,0
			-19.5996403829999,-70.2239339659999,0
			-19.5996224269999,-70.223943745,0
			-19.5996166319998,-70.2239190079999,0
			-19.5996144709999,-70.2238914379999,0
			-19.5996118169999,-70.2238514009999,0
			-19.5996068489999,-70.223776398,0
			-19.5996031729999,-70.223758828,0
			-19.599594026,-70.2237352089999,0
			-19.5995757229999,-70.2236896889999,0
			-19.5995656449999,-70.223656815,0
			-19.599563685,-70.2236395429999,0
			-19.5995625629999,-70.223618367,0
			-19.599558357,-70.223559318,0
			-19.5995537989999,-70.2235384999998,0
			-19.599543275,-70.2235048599998,0
			-19.5995415899998,-70.223487211,0
			-19.5995434819999,-70.2234745439999,0
			-19.5995355449999,-70.2233793339999,0
			-19.5995362459999,-70.223355789,0
			-19.59953925,-70.223339223,0
			-19.5995388159999,-70.223323106,0
			-19.599533724,-70.223287886,0
			-19.599530563,-70.2232347579999,0
			-19.599528974,-70.223205196,0
			-19.5995223789998,-70.223082626,0
			-19.5995112949999,-70.222971563,0
			-19.5995061559999,-70.222956843,0
			-19.5994972719999,-70.2229478139999,0
			-19.599478507,-70.222943286,0
			-19.5994661679999,-70.22295101,0
			-19.59945657,-70.2229673369999,0
			-19.599440606,-70.222997816,0
			-19.5994303609999,-70.2230081359999,0
			-19.5994110419999,-70.2230188579999,0
			-19.5993991589999,-70.2230123809999,0
			-19.5993871579998,-70.2229967499999,0
			-19.5993776079999,-70.2229792299999,0
			-19.599372827,-70.2229649879999,0
			-19.599365301,-70.2229289879999,0
			-19.5993646229999,-70.222908769,0
			-19.5993681159999,-70.222886963,0
			-19.5993861619999,-70.222797384,0
			-19.5993815749998,-70.2227676959999,0
			-19.5993758189999,-70.2227502999999,0
			-19.5993654639999,-70.222732013,0
			-19.5993057429999,-70.222624684,0
			-19.5992927359999,-70.2226108569998,0
			-19.5992571939999,-70.2225757869999,0
			-19.5992420709999,-70.222580535,0
			-19.599229895,-70.2225906449999,0
			-19.599186668,-70.2226229249999,0
			-19.5991704609999,-70.2226147,0
			-19.5991617619999,-70.222604815,0
			-19.5991537089999,-70.222593122,0
			-19.5991458629999,-70.2225776159999,0
			-19.5991477669999,-70.2225636149999,0
			-19.5991508289998,-70.222551435,0
			-19.5991306049999,-70.2225227749999,0
			-19.599139861,-70.222516647,0
			-19.599151332,-70.2225174959999,0
			-19.5991658339999,-70.2225238979999,0
			-19.5991788829999,-70.2225184689999,0
			-19.599192033,-70.2224845299999,0
			-19.5991906199998,-70.2224664989999,0
			-19.5991833259999,-70.2224495689999,0
			-19.599176079,-70.2224388349999,0
			-19.5991630349999,-70.2224304429999,0
			-19.5991215679999,-70.222403148,0
			-19.5991094469999,-70.2223914259999,0
			-19.5990955619999,-70.222373967,0
			-19.5990835059999,-70.2223530919998,0
			-19.5990763309999,-70.2223316809999,0
			-19.5990749539999,-70.2223214699999,0
			-19.599077253,-70.2223024199999,0
			-19.5990854939998,-70.222286273,0
			-19.599095501,-70.222276339,0
			-19.5991163779999,-70.2222758279999,0
			-19.599118012,-70.2222879489998,0
			-19.5991281999999,-70.2222911729999,0
			-19.5991475779999,-70.2222849319999,0
			-19.5991564669999,-70.222279753,0
			-19.5991637459999,-70.2222723729999,0
			-19.599170694,-70.222260413,0
			-19.5991723289998,-70.222245742,0
			-19.599168638,-70.2222308409999,0
			-19.5991563889999,-70.22217154,0
			-19.5991511319999,-70.222160441,0
			-19.599143881,-70.2221505649999,0
			-19.5991272749998,-70.2221343289999,0
			-19.5990996109999,-70.2221099039999,0
			-19.599086014,-70.2221029359999,0
			-19.59907128,-70.222103776,0
			-19.599058016,-70.222114736,0
			-19.599051404,-70.222130513,0
			-19.59904198,-70.2221607609999,0
			-19.5990288549999,-70.222177825,0
			-19.5990081329999,-70.2221954949999,0
			-19.598993643,-70.222200534,0
			-19.5989772649999,-70.2222039389998,0
			-19.5989670549999,-70.2222041469998,0
			-19.5989570269999,-70.222203786,0
			-19.598930749,-70.2222016819998,0
			-19.5989050359999,-70.222196051,0
			-19.598893683,-70.2221912949998,0
			-19.59887866,-70.2221793919999,0
			-19.5988653739999,-70.2221688669999,0
			-19.5988449769999,-70.222165089,0
			-19.598830746,-70.222185671,0
			-19.5988187959999,-70.2221887279999,0
			-19.5987964459999,-70.222180551,0
			-19.5987862029999,-70.222171701,0
			-19.5987796019999,-70.2221589709999,0
			-19.598749757,-70.2221100259999,0
			-19.5987421019998,-70.222093093,0
			-19.598741402,-70.222076116,0
			-19.598749875,-70.222065883,0
			-19.5987661259999,-70.2220680109999,0
			-19.598775396,-70.2220732259998,0
			-19.598784741,-70.2220809249999,0
			-19.598796157,-70.222089449,0
			-19.5987955989999,-70.2220784319999,0
			-19.5987906249999,-70.222053408,0
			-19.598771728,-70.222016745,0
			-19.598758951,-70.221982515,0
			-19.598744852,-70.2219560969999,0
			-19.5987357149999,-70.2219443959999,0
			-19.5987262969999,-70.221934312,0
			-19.598703067,-70.2219091589999,0
			-19.5986982599999,-70.221898731,0
			-19.598680347,-70.2218616979999,0
			-19.5986721119999,-70.221850575,0
			-19.5986499819999,-70.2218226649999,0
			-19.5986449919999,-70.2218124239999,0
			-19.5986367629999,-70.2217867169999,0
			-19.5986331579999,-70.2217721969999,0
			-19.5986273699999,-70.22174603,0
			-19.5986216299999,-70.221713283,0
			-19.5986197209999,-70.2216884809999,0
			-19.5986205549999,-70.2216585519999,0
			-19.598625683,-70.2216218829999,0
			-19.5986401509999,-70.221542583,0
			-19.5986424789999,-70.221529816,0
			-19.5986433689999,-70.2215053199999,0
			-19.598643878,-70.221456699,0
			-19.598648188,-70.2214339459999,0
			-19.5986565919999,-70.2214072189999,0
			-19.598665943,-70.221387267,0
			-19.5986863019999,-70.2213563399999,0
			-19.5986974049999,-70.2213311569999,0
			-19.5987153549999,-70.2212822899999,0
			-19.598728519,-70.2212595049999,0
			-19.5987369919999,-70.221249368,0
			-19.5987467219999,-70.2212401939998,0
			-19.5987569869999,-70.221232167,0
			-19.5987899309999,-70.221210487,0
			-19.5988060069999,-70.2211851529999,0
			-19.5988171889999,-70.2211749389999,0
			-19.598830536,-70.2211652209999,0
			-19.5988436859999,-70.22115817,0
			-19.5988548189999,-70.2211552979999,0
			-19.5988987399999,-70.2211539149999,0
			-19.5989095109999,-70.2211505669999,0
			-19.5989180409999,-70.2211452929999,0
			-19.5989282579999,-70.221130117,0
			-19.598931647,-70.2211102139999,0
			-19.5989318789999,-70.2210889569999,0
			-19.5989308279999,-70.2210572969999,0
			-19.598928235,-70.2210265779999,0
			-19.5989242659999,-70.2209988029999,0
			-19.59891779,-70.220981211,0
			-19.5989053519999,-70.2209499419999,0
			-19.5988984249999,-70.2209189969999,0
			-19.5988827049999,-70.2208119079999,0
			-19.5988761599999,-70.2207910719999,0
			-19.5988699069999,-70.2207805389999,0
			-19.598855935,-70.2207622229999,0
			-19.598821012,-70.2207155269999,0
			-19.5987927699999,-70.220669648,0
			-19.5987725099999,-70.2206593869998,0
			-19.5987479679999,-70.220654531,0
			-19.598716716,-70.2206527709999,0
			-19.5986707979999,-70.2206536729999,0
			-19.5986523449999,-70.220656584,0
			-19.598638491,-70.220661149,0
			-19.5986248029999,-70.220654564,0
			-19.5986149609999,-70.2206399979999,0
			-19.5985839349999,-70.2205751669999,0
			-19.5985770509999,-70.2205542859999,0
			-19.5985726759999,-70.220533183,0
			-19.5985693329999,-70.220506368,0
			-19.59857061,-70.220491408,0
			-19.5985761599999,-70.220445592,0
			-19.5985746609999,-70.220426894,0
			-19.5985711849999,-70.220392831,0
			-19.5985585459999,-70.2202715559999,0
			-19.5985617139999,-70.2202570869999,0
			-19.5985736189999,-70.2202340949999,0
			-19.5985874299998,-70.220208753,0
			-19.5985871449999,-70.220184059,0
			-19.5985814659999,-70.2201556049999,0
			-19.598571364,-70.220099561,0
			-19.598569885,-70.2200778139999,0
			-19.5985734999999,-70.220064302,0
			-19.5985779879999,-70.220055279,0
			-19.5986024719999,-70.2200153249999,0
			-19.5986098409999,-70.2200080389999,0
			-19.5986283739999,-70.219993307,0
			-19.5986334389999,-70.2199792329999,0
			-19.5986411319998,-70.2199238049999,0
			-19.5986542229999,-70.219871847,0
			-19.598659814,-70.2198602569999,0
			-19.59867302,-70.2198449119999,0
			-19.5986893839998,-70.2198298759999,0
			-19.5987529769999,-70.2197921239999,0
			-19.598764715,-70.219780008,0
			-19.5987797569999,-70.2197601939999,0
			-19.5987869829999,-70.2197473799999,0
			-19.5987924109999,-70.2197329269999,0
			-19.598796218,-70.219717606,0
			-19.5987984019999,-70.2197020819999,0
			-19.5987990489999,-70.2196866409999,0
			-19.598798249,-70.219671381,0
			-19.5987961819999,-70.219656205,0
			-19.5987928509999,-70.219641118,0
			-19.5987880689999,-70.2196266839999,0
			-19.5987816489999,-70.219613954,0
			-19.598773589,-70.219603503,0
			-19.59876488,-70.219595429,0
			-19.5987405019999,-70.2195803649999,0
			-19.598701648,-70.219568435,0
			-19.5986832329999,-70.2195658179999,0
			-19.598667216,-70.2195695089999,0
			-19.598645279,-70.219579833,0
			-19.5986203059999,-70.2195719219999,0
			-19.5986040949999,-70.219563981,0
			-19.598592147,-70.219553882,0
			-19.598583799,-70.2195455249999,0
			-19.5985663979999,-70.2195266099999,0
			-19.5985573609999,-70.21951367,0
			-19.5985527879999,-70.219495141,0
			-19.5985460439999,-70.2194369329999,0
			-19.5985389649999,-70.2193612729999,0
			-19.5985353629999,-70.2193463729999,0
			-19.598527648,-70.2193379229999,0
			-19.5985169259999,-70.2193335519999,0
			-19.5984942299999,-70.219322704,0
			-19.5984576739999,-70.219303456,0
			-19.5984426079999,-70.2193135439999,0
			-19.598436579,-70.2193231289999,0
			-19.5984304239999,-70.219338336,0
			-19.5984078699999,-70.219399756,0
			-19.598397717,-70.219417985,0
			-19.598388239,-70.2194303079999,0
			-19.598374416,-70.2194432659999,0
			-19.5983470739999,-70.2194644159998,0
			-19.59833057,-70.2194735389999,0
			-19.5983160879999,-70.21947715,0
			-19.5983038919999,-70.2194768649999,0
			-19.5982941499999,-70.2194744079999,0
			-19.5982790099999,-70.2194685749999,0
			-19.5982525679999,-70.2194638949999,0
			-19.5982345429999,-70.2194570839999,0
			-19.598227322,-70.21944273,0
			-19.5982264079999,-70.219430711,0
			-19.59822786,-70.2194030699999,0
			-19.598231357,-70.219380311,0
			-19.5982438259999,-70.2192735289999,0
			-19.5982527819999,-70.219231932,0
			-19.598288587,-70.219121415,0
			-19.5983052479999,-70.2190895049999,0
			-19.5983145439999,-70.219064407,0
			-19.5983219029999,-70.21903157,0
			-19.5983286409999,-70.218997201,0
			-19.5983362119999,-70.218973422,0
			-19.5983467279999,-70.2189548149998,0
			-19.5983609359999,-70.218938142,0
			-19.5983692929999,-70.218931531,0
			-19.598378821,-70.2189258829999,0
			-19.5984039149999,-70.2189158699998,0
			-19.5984192129999,-70.2189118839999,0
			-19.598435401,-70.218909816,0
			-19.598451392,-70.2189102199999,0
			-19.598482991,-70.2189139859999,0
			-19.598494418,-70.218894147,0
			-19.5985012429998,-70.2188737,0
			-19.5985049849999,-70.2188548509998,0
			-19.5985095189999,-70.2188255189999,0
			-19.598509523,-70.2188117909999,0
			-19.5985069679999,-70.218788698,0
			-19.5985037009999,-70.2187775199998,0
			-19.5984910449999,-70.2187650289999,0
			-19.598450773,-70.2187611039999,0
			-19.5984418259999,-70.2187478769999,0
			-19.5984395629999,-70.2187351809999,0
			-19.598439465,-70.2187228829999,0
			-19.598440172,-70.2187120169999,0
			-19.598442872,-70.218686867,0
			-19.598447419,-70.2186690729998,0
			-19.5984574189998,-70.218633492,0
			-19.598456601,-70.2186207089998,0
			-19.5984496259999,-70.218583283,0
			-19.5984563009998,-70.218571606,0
			-19.5984773,-70.2185529819999,0
			-19.5985097179999,-70.2185291059999,0
			-19.598518096,-70.2185191569999,0
			-19.5985227779999,-70.2185084189999,0
			-19.5985237779999,-70.2184942199999,0
			-19.5985202439999,-70.218468929,0
			-19.5985159099999,-70.2184552639999,0
			-19.598509914,-70.2184466359999,0
			-19.5984985709999,-70.2184405439999,0
			-19.5984842359999,-70.218435573,0
			-19.598453413,-70.218424091,0
			-19.5984370859999,-70.2184201559999,0
			-19.5984209179999,-70.2184191759999,0
			-19.5984051859999,-70.218420582,0
			-19.5983890769999,-70.2184243699999,0
			-19.5983719509999,-70.2184316779999,0
			-19.5983534369998,-70.2184436459999,0
			-19.598334549,-70.2184577109999,0
			-19.5982890469999,-70.2184922609999,0
			-19.5982738159999,-70.2185000599999,0
			-19.5982598809999,-70.2185028169999,0
			-19.598245613,-70.2185017559999,0
			-19.59821735,-70.218499161,0
			-19.598198516,-70.2185050249998,0
			-19.5981817489999,-70.2185125249999,0
			-19.5981361309999,-70.218537447,0
			-19.598107225,-70.2185498149999,0
			-19.5980799659999,-70.218558856,0
			-19.598051186,-70.2185658869999,0
			-19.5980177169999,-70.2185715469998,0
			-19.5979893199999,-70.2185620839999,0
			-19.5979743909999,-70.2185649259998,0
			-19.597962207,-70.2185761809999,0
			-19.5979311029999,-70.21860636,0
			-19.597919949,-70.2185990299999,0
			-19.5979156049999,-70.218586699,0
			-19.5979131809999,-70.218570853,0
			-19.59790814,-70.218528104,0
			-19.5979016769999,-70.2184681799999,0
			-19.597901264,-70.2184356659999,0
			-19.5979041859999,-70.218404511,0
			-19.5979113659999,-70.2183315349999,0
			-19.5979099709999,-70.2182704109999,0
			-19.597903738,-70.2182170669999,0
			-19.5978993449999,-70.2181985399999,0
			-19.597885053,-70.2181743089998,0
			-19.597871622,-70.218155998,0
			-19.5978640779999,-70.21814927,0
			-19.597854808,-70.2181439559999,0
			-19.597842999,-70.2181395749999,0
			-19.5978306419999,-70.218136336,0
			-19.5978010119999,-70.2181355419999,0
			-19.597788242,-70.21813983,0
			-19.597777489,-70.2181400369998,0
			-19.5977587429999,-70.218132935,0
			-19.597745905,-70.2181207289999,0
			-19.5977359839998,-70.2181046379999,0
			-19.5977189499999,-70.218071617,0
			-19.5977042279999,-70.218070745,0
			-19.5977012729999,-70.2180936039998,0
			-19.597699857,-70.218115903,0
			-19.5976980029999,-70.2181496389999,0
			-19.5977045459999,-70.2181705689999,0
			-19.5977193859999,-70.2181940369999,0
			-19.59774827,-70.2182387809999,0
			-19.597752691,-70.2182532099999,0
			-19.5977555689998,-70.218268392,0
			-19.597757352,-70.218285184,0
			-19.5977566039999,-70.218302529,0
			-19.5977541679999,-70.218328539,0
			-19.597748318,-70.2183788359999,0
			-19.5977484219999,-70.2184035299999,0
			-19.597750376,-70.218448355,0
			-19.5977479739999,-70.2184695989999,0
			-19.5977408759999,-70.218490424,0
			-19.5977308039999,-70.2185099869999,0
			-19.597719292,-70.2185286829999,0
			-19.5977078569999,-70.218545342,0
			-19.5976910949999,-70.2185697529999,0
			-19.5976413069999,-70.2186370709999,0
			-19.5976274239999,-70.218645739,0
			-19.5976231569998,-70.2186356,0
			-19.597621988,-70.2186212899999,0
			-19.5976191349999,-70.218588758,0
			-19.5976077199999,-70.2185801869999,0
			-19.597598202,-70.2185846909999,0
			-19.5975895719999,-70.2185916809999,0
			-19.5975813799999,-70.2186004859999,0
			-19.5975760769999,-70.2186093129999,0
			-19.5975251949999,-70.2186915899999,0
			-19.5975161279999,-70.2186959079999,0
			-19.5974894289999,-70.218702666,0
			-19.597486724,-70.2186882499999,0
			-19.5974932689998,-70.218655881,0
			-19.597494297,-70.2186374899999,0
			-19.59748905,-70.218558222,0
			-19.597490829,-70.2185089439999,0
			-19.597494114,-70.2184907599999,0
			-19.5975001609999,-70.2184783149999,0
			-19.5975135799999,-70.2184580119999,0
			-19.5975183899999,-70.2184416499999,0
			-19.5975194579999,-70.218430599,0
			-19.5975194409999,-70.218406764,0
			-19.5975181199999,-70.218360311,0
			-19.5975234969998,-70.218340914,0
			-19.5975355259999,-70.218312974,0
			-19.5975631569999,-70.2182622699999,0
			-19.597565029,-70.2182522749999,0
			-19.5975683449999,-70.2182296079999,0
			-19.5975746239999,-70.2181831299999,0
			-19.5975852519999,-70.2181344889999,0
			-19.597581474,-70.2181185389999,0
			-19.5975690819999,-70.21810729,0
			-19.597537072,-70.2181106729999,0
			-19.59751424,-70.21811994,0
			-19.597490996,-70.2181233869999,0
			-19.597468232,-70.218122454,0
			-19.59745229,-70.218115089,0
			-19.5974246309999,-70.21808971,0
			-19.5974011179999,-70.218092871,0
			-19.597391215,-70.2181007089999,0
			-19.597361889,-70.2181353829999,0
			-19.5973526439999,-70.218139604,0
			-19.5973425419999,-70.2181369539999,0
			-19.5973360599999,-70.2181202209999,0
			-19.5973338969999,-70.218079302,0
			-19.597326885,-70.2180604659999,0
			-19.5973078979999,-70.218022284,0
			-19.5972966479999,-70.2179888299999,0
			-19.597274136,-70.2178973239999,0
			-19.5972658259999,-70.2178568369999,0
			-19.5972551909999,-70.2177726679999,0
			-19.5972509409999,-70.217759669,0
			-19.5972362059999,-70.2177341019999,0
			-19.597227432,-70.2177220249999,0
			-19.597189283,-70.217671207,0
			-19.5971769559999,-70.2176502339999,0
			-19.5971600259999,-70.2176150219999,0
			-19.597148638,-70.2175890979999,0
			-19.597087384,-70.2174273209999,0
			-19.5970727879999,-70.2173811629999,0
			-19.59704962,-70.217292893,0
			-19.597040692,-70.217277189,0
			-19.597023819,-70.217247126,0
			-19.597030119,-70.217237355,0
			-19.597039313,-70.2172274119998,0
			-19.597060508,-70.2172061189999,0
			-19.597073128,-70.217197063,0
			-19.5970903169999,-70.217193758,0
			-19.5971115569999,-70.21719268,0
			-19.597120172,-70.21720142,0
			-19.597122514,-70.217216215,0
			-19.597133314,-70.217222493,0
			-19.5971508909999,-70.2172286319999,0
			-19.5971555899999,-70.217215128,0
			-19.5971549459999,-70.2172035889999,0
			-19.597151708,-70.217174485,0
			-19.5971463939999,-70.2171453669999,0
			-19.597132083,-70.217097112,0
			-19.597130928,-70.217080799,0
			-19.5971357289999,-70.2170654859999,0
			-19.5971422019999,-70.2170569539999,0
			-19.597150932,-70.217048534,0
			-19.5971608289999,-70.217041364,0
			-19.597171074,-70.2170362909999,0
			-19.5971812169998,-70.217032745,0
			-19.5972271389999,-70.21701631,0
			-19.597263455,-70.2170040949998,0
			-19.59729241,-70.2169978279999,0
			-19.5973381829999,-70.216989687,0
			-19.5973575629999,-70.21698335,0
			-19.597403953,-70.216964439,0
			-19.5974228459999,-70.2169632469999,0
			-19.59744562,-70.2169623709999,0
			-19.597462004,-70.2169579169999,0
			-19.5974705479999,-70.216950544,0
			-19.597473689,-70.21694027,0
			-19.5974751589998,-70.2169101539999,0
			-19.5974824489999,-70.2169008659999,0
			-19.5974977439999,-70.216897167,0
			-19.5975323529998,-70.2168967599998,0
			-19.5975426789999,-70.2168930239999,0
			-19.5975607419999,-70.2168805749999,0
			-19.597567467,-70.2168724829999,0
			-19.5975740889999,-70.216857792,0
			-19.5975749669999,-70.2168347269999,0
			-19.5975685509998,-70.2168214269999,0
			-19.5975604789999,-70.216812498,0
			-19.5975512049999,-70.2168078519999,0
			-19.5975340369999,-70.2168078209999,0
			-19.5975098949999,-70.216810402,0
			-19.5974466079999,-70.2168162189999,0
			-19.597436354,-70.216809182,0
			-19.5974303259999,-70.2167920709999,0
			-19.5974212249999,-70.2167615899999,0
			-19.597410554,-70.2167496869999,0
			-19.597393229,-70.216732873,0
			-19.5973654739999,-70.216708352,0
			-19.5973467429999,-70.2166857089999,0
			-19.5973392399999,-70.2166727829999,0
			-19.5973338179999,-70.216659298,0
			-19.5973156009999,-70.2166142579999,0
			-19.59730595,-70.2165983569999,0
			-19.5972858069999,-70.2165704609999,0
			-19.5972663449999,-70.2165492459999,0
			-19.5972454009999,-70.2165330709998,0
			-19.5972345969999,-70.216527554,0
			-19.5972238679999,-70.216523947,0
			-19.597206286,-70.2165181889999,0
			-19.5971982199998,-70.2165083099999,0
			-19.597196711,-70.2164911359999,0
			-19.5971961349999,-70.2164693949999,0
			-19.5971932179999,-70.216459743,0
			-19.5971878689999,-70.2164488339999,0
			-19.5971694869999,-70.2164149449999,0
			-19.5971670229999,-70.2164050119999,0
			-19.597174272,-70.2163886669999,0
			-19.5971866859999,-70.2163809649999,0
			-19.597255758,-70.216390711,0
			-19.5972268959999,-70.2163298579999,0
			-19.5972136629999,-70.2163086859999,0
			-19.5971927959999,-70.216281168,0
			-19.5971805,-70.2162421759999,0
			-19.5971662019999,-70.2162189009999,0
			-19.597148632,-70.2161981749999,0
			-19.5971402959999,-70.216188103,0
			-19.5971335049999,-70.2161769919999,0
			-19.5971291609999,-70.2161645639999,0
			-19.5971269039999,-70.2161508189998,0
			-19.5971261009999,-70.2161362259999,0
			-19.5971264699999,-70.216121355,0
			-19.5971284659999,-70.2161067819999,0
			-19.5971328939999,-70.2160933719999,0
			-19.5971492229999,-70.2160700419999,0
			-19.5971578899999,-70.216057903,0
			-19.597164853,-70.216044036,0
			-19.597174367,-70.2160133129999,0
			-19.5971798989999,-70.2159830359999,0
			-19.597181995,-70.215953688,0
			-19.5971813579999,-70.2159409069999,0
			-19.5971694519999,-70.215924609,0
			-19.5971568809999,-70.215913074,0
			-19.597145202,-70.215889724,0
			-19.5971406789999,-70.2158769149999,0
			-19.5971372449999,-70.215863731,0
			-19.5971349859999,-70.2158500799999,0
			-19.5971340879998,-70.215835963,0
			-19.5971346369999,-70.215821761,0
			-19.597136807,-70.215808049,0
			-19.5971408679999,-70.2157953999999,0
			-19.5971467239999,-70.2157843849999,0
			-19.597154739,-70.2157751969999,0
			-19.597164725,-70.215768215,0
			-19.5971761389999,-70.215763914,0
			-19.597188256,-70.2157624799999,0
			-19.5972005339999,-70.215763716,0
			-19.5972125409999,-70.215765333,0
			-19.5972239329999,-70.2157644649999,0
			-19.5972342709999,-70.215759011,0
			-19.597243007,-70.215749831,0
			-19.5972497699999,-70.21573825,0
			-19.5972541929999,-70.2157256029999,0
			-19.5972579899999,-70.215698365,0
			-19.5972584729998,-70.2156537489999,0
			-19.5972575789999,-70.2156387729999,0
			-19.5972556899999,-70.2156241709999,0
			-19.597241738,-70.2155896489999,0
			-19.597230984,-70.2155765059999,0
			-19.5972212789999,-70.2155686149999,0
			-19.597210569,-70.2155624329999,0
			-19.597198943,-70.215557769,0
			-19.597173944,-70.2155533879999,0
			-19.597120474,-70.2155637589999,0
			-19.597100322,-70.2155240399999,0
			-19.5971340059999,-70.215499983,0
			-19.5971546409999,-70.215481546,0
			-19.597182694,-70.215448196,0
			-19.5972017259999,-70.2154264119999,0
			-19.5972230899999,-70.2154072169999,0
			-19.5972469669999,-70.2153903299999,0
			-19.5972585009999,-70.215381743,0
			-19.597268952,-70.2153725729999,0
			-19.597278144,-70.215362724,0
			-19.59729329,-70.2153410069999,0
			-19.5972981579999,-70.2153293159999,0
			-19.597299952,-70.215317602,0
			-19.5972979519999,-70.2153062429999,0
			-19.5972926889999,-70.215296,0
			-19.597284703,-70.2152878369999,0
			-19.5972750729999,-70.215282138,0
			-19.5972661599999,-70.2152773999999,0
			-19.5972597539999,-70.215262766,0
			-19.5972633489999,-70.2152522089999,0
			-19.59727723,-70.215230289,0
			-19.5972844419999,-70.2152194739999,0
			-19.5972899389999,-70.2152081729999,0
			-19.5972926419999,-70.215195702,0
			-19.5972926439998,-70.215182353,0
			-19.5972875009999,-70.2151542839999,0
			-19.5972782969999,-70.2151255199999,0
			-19.5972552949999,-70.2150666159998,0
			-19.5972427409999,-70.215038683,0
			-19.5972293529999,-70.2150142699999,0
			-19.5972167749999,-70.2149906269998,0
			-19.5972103429999,-70.214979233,0
			-19.5971843109999,-70.2149540579999,0
			-19.5971770479999,-70.2149456139999,0
			-19.597173416,-70.21493491,0
			-19.597173041,-70.214923561,0
			-19.597175186,-70.214913565,0
			-19.597182865,-70.2149002749999,0
			-19.597185262,-70.2148663519999,0
			-19.5971721189999,-70.214778731,0
			-19.5971584719999,-70.2147123659999,0
			-19.597154889,-70.214680879,0
			-19.5971505329999,-70.214670357,0
			-19.597129238,-70.2146710129999,0
			-19.5971199619999,-70.2146748949999,0
			-19.5971101469999,-70.2146833049998,0
			-19.5971018469999,-70.214694686,0
			-19.5970822349999,-70.2147356299999,0
			-19.5970760879999,-70.214749503,0
			-19.5970695859999,-70.2147626119999,0
			-19.5970620049999,-70.214774472,0
			-19.5970527219999,-70.2147843179999,0
			-19.5970415579998,-70.2147915749999,0
			-19.5970302429999,-70.2147950189999,0
			-19.597014945,-70.214785847,0
			-19.597012314,-70.2147737179999,0
			-19.5970125189999,-70.2147434979999,0
			-19.5970213279999,-70.2146833069999,0
			-19.5970224279999,-70.2146542359999,0
			-19.5970202809999,-70.2146243799999,0
			-19.597019565,-70.214609787,0
			-19.597019931,-70.2145955839999,0
			-19.597022011,-70.2145818719999,0
			-19.597026435,-70.214569034,0
			-19.5970330179999,-70.2145576409999,0
			-19.5970416619999,-70.214548554,0
			-19.5970521839999,-70.2145424339999,0
			-19.5970639539999,-70.2145393769999,0
			-19.5970762399999,-70.214539373,0
			-19.5971007699999,-70.2145462319999,0
			-19.5971372409999,-70.2145510819999,0
			-19.5971542029999,-70.2145545449998,0
			-19.5971714199999,-70.2145741259999,0
			-19.59718623,-70.214561938,0
			-19.597205333,-70.2145430119999,0
			-19.5972221829999,-70.2145231169999,0
			-19.597227862,-70.2145117189999,0
			-19.5972315589999,-70.214499256,0
			-19.597233186,-70.2144858269999,0
			-19.5972330999999,-70.2144717159999,0
			-19.5972313019999,-70.2144571159999,0
			-19.597228236,-70.2144426939999,0
			-19.5972239939999,-70.2144287419999,0
			-19.597218116,-70.2144161139999,0
			-19.5972101439999,-70.2144055669999,0
			-19.5971888349999,-70.214389866,0
			-19.5971790419999,-70.2143816879999,0
			-19.597171884,-70.2143711489999,0
			-19.5971677209999,-70.2143589139999,0
			-19.5971663629999,-70.2143457459999,0
			-19.597167628,-70.2143324089998,0
			-19.5971705119999,-70.2143199399999,0
			-19.59717742,-70.214300733,0
			-19.5971835349999,-70.21429134,0
			-19.5972099709999,-70.2142433929999,0
			-19.5972130439999,-70.214229781,0
			-19.5972144049999,-70.2142154909999,0
			-19.5972129789999,-70.214185829,0
			-19.5972086629999,-70.2141557639999,0
			-19.5972019029999,-70.2141265399999,0
			-19.597190702,-70.2140993789999,0
			-19.5971598629999,-70.2140499509998,0
			-19.5971281079999,-70.2139888869999,0
			-19.5970863429999,-70.2139247889999,0
			-19.597066582,-70.2138940359999,0
			-19.5970546419999,-70.21386935,0
			-19.5970303189999,-70.2138046219999,0
			-19.5970215629999,-70.2137767159999,0
			-19.5970146109999,-70.213749207,0
			-19.5970101789999,-70.2137227629999,0
			-19.597010262,-70.2136971179999,0
			-19.5970132379999,-70.213684842,0
			-19.597025866,-70.213661197,0
			-19.5970595119999,-70.213615972,0
			-19.5970760999999,-70.213594262,0
			-19.5970826849999,-70.213582585,0
			-19.597087378,-70.213569749,0
			-19.597101041,-70.2135134109998,0
			-19.5971099129999,-70.2134571299999,0
			-19.5971138169999,-70.213414256,0
			-19.597111846,-70.2133847809999,0
			-19.5971081489998,-70.2133566269999,0
			-19.5971058899999,-70.2133434529999,0
			-19.5971026329999,-70.2133307489999,0
			-19.5970979259999,-70.2133185119999,0
			-19.597084889,-70.2132954369999,0
			-19.59706017,-70.2132630239999,0
			-19.597031409,-70.213213422,0
			-19.597016133,-70.213187375,0
			-19.597007543,-70.2131752029999,0
			-19.5969888029998,-70.213153517,0
			-19.5969691359999,-70.2131357299999,0
			-19.5969247209999,-70.2131029819999,0
			-19.5969082939999,-70.213087128,0
			-19.5968977699999,-70.2130798019999,0
			-19.5968857769999,-70.2130763759999,0
			-19.5968622909999,-70.2130753409999,0
			-19.596847769,-70.213071514,0
			-19.5968425,-70.2130621319999,0
			-19.5968458579999,-70.213046903,0
			-19.5968505289999,-70.2130372139999,0
			-19.5968499159999,-70.2129940199999,0
			-19.5968327049999,-70.2129737719999,0
			-19.5968141029999,-70.2129585709999,0
			-19.5968007759999,-70.2129517969999,0
			-19.5967931069999,-70.2129368669999,0
			-19.596771802,-70.2129205949999,0
			-19.5967623429999,-70.212916422,0
			-19.5967516459999,-70.2129081439999,0
			-19.596768733,-70.212893113,0
			-19.596793195,-70.212883475,0
			-19.5968044359998,-70.2128780319999,0
			-19.5968129799999,-70.2128705629999,0
			-19.596817659,-70.2128600149999,0
			-19.5968186449999,-70.212847438,0
			-19.5968164769999,-70.2128342639999,0
			-19.5968114999999,-70.2128217369999,0
			-19.5967896879999,-70.2127867739999,0
			-19.5967828989998,-70.212775188,0
			-19.5967772879999,-70.212763418,0
			-19.596770407,-70.2127383889999,0
			-19.5967684679999,-70.212717781,0
			-19.5967637409998,-70.2126682629999,0
			-19.596758592,-70.2126412439999,0
			-19.5967499189999,-70.2126141959999,0
			-19.596738627,-70.2125870349998,0
			-19.59672461,-70.212561856,0
			-19.5966914549999,-70.212520802,0
			-19.5966775989999,-70.2124988659999,0
			-19.5966551709998,-70.2124482619999,0
			-19.596643865,-70.2124228179999,0
			-19.5966378059998,-70.212410377,0
			-19.596630929,-70.212398503,0
			-19.5966228699999,-70.2123875749999,0
			-19.5966133579998,-70.2123778739999,0
			-19.5966026589999,-70.21236988,0
			-19.5965675849999,-70.2123585589999,0
			-19.5965561359999,-70.2123547529999,0
			-19.5965456099999,-70.212348001,0
			-19.5965371799999,-70.2123385949999,0
			-19.5965321959999,-70.212327404,0
			-19.5965315559999,-70.2123150039999,0
			-19.5965477199999,-70.2122626889998,0
			-19.5965553129999,-70.212235382,0
			-19.5965626459999,-70.2121930119999,0
			-19.5965671739999,-70.2121509989999,0
			-19.5965677249999,-70.2121366069999,0
			-19.596567007,-70.2121221099999,0
			-19.5965606969999,-70.2120930789998,0
			-19.5965503169999,-70.212064686,0
			-19.596537483,-70.2120383709999,0
			-19.5965223699999,-70.212014803,0
			-19.596505355,-70.2119921759999,0
			-19.5964866179999,-70.211970299,0
			-19.59646588,-70.2119503119998,0
			-19.596433888,-70.2119244259999,0
			-19.596398264,-70.2119010879999,0
			-19.5963675349998,-70.2118754979999,0
			-19.596158348,-70.211702986,0
			-19.5961342519999,-70.2116854529999,0
			-19.5960728589999,-70.211651434,0
			-19.596035225,-70.211631417,0
			-19.5960111829999,-70.2116191289999,0
			-19.595986674,-70.2116088389999,0
			-19.5959604219999,-70.2116027319998,0
			-19.595903334,-70.2116004939999,0
			-19.5958887039998,-70.211599048,0
			-19.595874355,-70.2115964629999,0
			-19.5958606509999,-70.211592357,0
			-19.5958512269999,-70.2115877939999,0
			-19.5958352519999,-70.2115800569999,0
			-19.5957843999999,-70.2115503129999,0
			-19.595702885,-70.21149071,0
			-19.595692825,-70.2114833509999,0
			-19.595677918,-70.2114779829999,0
			-19.5956683229999,-70.2114654499999,0
			-19.5956433919999,-70.2114510579999,0
			-19.5955904289999,-70.211439984,0
			-19.5955769889999,-70.2114363559999,0
			-19.5955644639999,-70.211431112,0
			-19.595553217,-70.211424069,0
			-19.5955124609999,-70.2113846729999,0
			-19.595467234,-70.2113517299999,0
			-19.5954463829999,-70.211335079,0
			-19.59543008,-70.2113159469998,0
			-19.5954155779999,-70.2113107229999,0
			-19.5954013859999,-70.2113031049999,0
			-19.5953871959998,-70.2112954849998,0
			-19.5953729559999,-70.2112953769999,0
			-19.595358717,-70.2112952699999,0
			-19.595351647,-70.211287705,0
			-19.5953018519999,-70.21127982,0
			-19.5952947819999,-70.211272252,0
			-19.5952809359999,-70.2112819789999,0
			-19.5952723689999,-70.211293068,0
			-19.5952660609999,-70.211303985,0
			-19.595264185,-70.211314554,0
			-19.5952680919999,-70.2113245929999,0
			-19.5952767029999,-70.2113340009999,0
			-19.595312044,-70.2113589579998,0
			-19.5953193949999,-70.2113678809999,0
			-19.5953187189999,-70.2113875159999,0
			-19.5953081659999,-70.2113983989999,0
			-19.5952968149999,-70.2113931679999,0
			-19.5952856469999,-70.2113743969999,0
			-19.5952782129999,-70.2113646179999,0
			-19.5952688639999,-70.21135749,0
			-19.5952504369999,-70.211356687,0
			-19.5952447789999,-70.2113650319999,0
			-19.5952382709999,-70.2113923489999,0
			-19.5952346499999,-70.211406526,0
			-19.5952296879999,-70.2114190739999,0
			-19.595222576,-70.2114286489999,0
			-19.595213051,-70.2114344889999,0
			-19.5952026479998,-70.211436033,0
			-19.5951861839999,-70.2114256119999,0
			-19.5951811959998,-70.2114148969999,0
			-19.5951749549999,-70.2113891089999,0
			-19.5951656739999,-70.2113312639999,0
			-19.5951621849999,-70.211299298,0
			-19.5951620199999,-70.2112834719999,0
			-19.5951641049999,-70.211269091,0
			-19.5951689729999,-70.2112571139999,0
			-19.595176169,-70.211248682,0
			-19.5951954269999,-70.211246729,0
			-19.595206424,-70.2112507209999,0
			-19.5952178789999,-70.211253572,0
			-19.595243728,-70.211244838,0
			-19.5952594659999,-70.2111962019999,0
			-19.595257666,-70.211181696,0
			-19.595248457,-70.2111539789999,0
			-19.595218471,-70.211085015,0
			-19.5952120549999,-70.2110717149999,0
			-19.5951962069999,-70.2110499539999,0
			-19.595160419,-70.211010597,0
			-19.5951381479998,-70.2109906009998,0
			-19.5951139429999,-70.21097545,0
			-19.5951017729999,-70.210971166,0
			-19.595089677,-70.2109696429999,0
			-19.595077918,-70.2109713679998,0
			-19.595067408,-70.2109760569999,0
			-19.595059493,-70.210983912,0
			-19.5950547229999,-70.210994457,0
			-19.5950529209999,-70.2110070299998,0
			-19.5950616379999,-70.211067826,0
			-19.595056159,-70.2110764599999,0
			-19.595038948,-70.211069562,0
			-19.595030241,-70.211061203,0
			-19.5950240769999,-70.211050573,0
			-19.595012136,-70.2110124439999,0
			-19.595007068,-70.211000107,0
			-19.5950005459999,-70.210989188,0
			-19.5949922969999,-70.2109797859999,0
			-19.5949625599999,-70.2109539149999,0
			-19.594952134,-70.2109457329999,0
			-19.5949413299999,-70.2109403129999,0
			-19.5949300429999,-70.2109389889999,0
			-19.594895004,-70.210949694,0
			-19.5948838679999,-70.210953041,0
			-19.5948736579999,-70.2109530609998,0
			-19.5948647449999,-70.2109484169999,0
			-19.5948582959999,-70.210939885,0
			-19.59485575,-70.210928998,0
			-19.5948579969999,-70.2109169039999,0
			-19.5948888629999,-70.2108685139999,0
			-19.5948958179999,-70.2108557879999,0
			-19.594900609,-70.2108416179999,0
			-19.5949018489999,-70.2108316739999,0
			-19.594891952,-70.2108184269999,0
			-19.5948778109999,-70.2108032949999,0
			-19.5948637729999,-70.210773135,0
			-19.5947896709999,-70.2106910109999,0
			-19.5947784539999,-70.210679678,0
			-19.5947669599999,-70.210669009,0
			-19.5947553589999,-70.2106608189999,0
			-19.5947443619999,-70.2106568289999,0
			-19.5947242689999,-70.210662015,0
			-19.5947142259999,-70.2106641349999,0
			-19.5947034879998,-70.210661766,0
			-19.5946926899998,-70.210655296,0
			-19.5946822679999,-70.2106463519999,0
			-19.5946728499999,-70.210635985,0
			-19.5946648839998,-70.2106247719999,0
			-19.5946587289999,-70.2106129019999,0
			-19.5946545659999,-70.2106003819999,0
			-19.5946523029999,-70.210587495,0
			-19.594651761,-70.2105740479999,0
			-19.5946544699999,-70.210547278,0
			-19.5946570729999,-70.2105366199999,0
			-19.5946719459999,-70.2105149929999,0
			-19.5946756449999,-70.2105024359998,0
			-19.5945786849999,-70.2103825359999,0
			-19.5944629419999,-70.2102476259999,0
			-19.5944405739999,-70.2102214679999,0
			-19.5944125579999,-70.2101887099999,0
			-19.5943922969999,-70.2101652969999,0
			-19.5943822419999,-70.2101555919999,0
			-19.594372536,-70.2101478909999,0
			-19.594356407,-70.2101408109999,0
			-19.5943449719999,-70.2101350999999,0
			-19.5943063359999,-70.2100489119999,0
			-19.5943013589999,-70.2100365759999,0
			-19.5942766479999,-70.2099756609999,0
			-19.5942527929998,-70.2099626109999,0
			-19.5941960279999,-70.2099389249998,0
			-19.594168657,-70.2099244189999,0
			-19.594142839,-70.2099074449999,0
			-19.594131158,-70.2098979189999,0
			-19.594104541,-70.2098650199999,0
			-19.594095575,-70.2098549439999,0
			-19.594084515,-70.2098468519999,0
			-19.5940582099999,-70.20983512,0
			-19.5939012499999,-70.2097833219999,0
			-19.593860488,-70.209757942,0
			-19.5938361259999,-70.209752897,0
			-19.5938267009998,-70.2097574039999,0
			-19.5937931139999,-70.209780511,0
			-19.5937709519999,-70.209797507,0
			-19.593761764,-70.2098067819999,0
			-19.5937544679998,-70.209817023,0
			-19.593749782,-70.2098283329998,0
			-19.593746627,-70.2098677799999,0
			-19.5937447319999,-70.2098810169999,0
			-19.5937406789999,-70.209892332,0
			-19.593725336,-70.209902992,0
			-19.5937148669999,-70.209901483,0
			-19.59370451,-70.209896257,0
			-19.593695348,-70.2098882759999,0
			-19.5936799519999,-70.2098665189999,0
			-19.593666933,-70.2098408699999,0
			-19.5936618769999,-70.209827009,0
			-19.5936584479999,-70.2098125869999,0
			-19.5936573719999,-70.2097980869999,0
			-19.5936593619999,-70.2097841839999,0
			-19.5936714609999,-70.2097586279999,0
			-19.5936766039999,-70.209746083,0
			-19.593678048,-70.2097330299999,0
			-19.593675785,-70.209720047,0
			-19.593670082,-70.2097081829999,0
			-19.593661658,-70.2096980149999,0
			-19.5936510519999,-70.20968945,0
			-19.593639084,-70.2096823069999,0
			-19.5936261129999,-70.209676394,0
			-19.5935843469999,-70.2096661659999,0
			-19.5935704479999,-70.209663774,0
			-19.593557915,-70.2096598659999,0
			-19.593547025,-70.2096533029999,0
			-19.593516118,-70.209627139,0
			-19.5935057899999,-70.2096180039999,0
			-19.5934979089999,-70.2096074589999,0
			-19.593494198,-70.2095951319999,0
			-19.5934944649999,-70.2095821679999,0
			-19.5934987009999,-70.2095702829999,0
			-19.593506173,-70.2095607099999,0
			-19.593539767,-70.209536935,0
			-19.593551304,-70.2095273909999,0
			-19.5935614099999,-70.2095162169999,0
			-19.593569448,-70.2095030259999,0
			-19.593581222,-70.2094720339999,0
			-19.5935951129999,-70.2094216069999,0
			-19.5936044439999,-70.2093774409998,0
			-19.5936087029999,-70.209348774,0
			-19.5936096129999,-70.2093344809999,0
			-19.5936089859999,-70.209320269,0
			-19.593607,-70.209306241,0
			-19.5936033889998,-70.2092922949999,0
			-19.5935918299999,-70.2092645599999,0
			-19.593576024,-70.2092366969999,0
			-19.5935565299999,-70.2092065199999,0
			-19.5935193279999,-70.2091490409999,0
			-19.593478234,-70.209092485,0
			-19.5934631169999,-70.209069584,0
			-19.593450729,-70.2090439419999,0
			-19.5934368339999,-70.20898711,0
			-19.5934327809999,-70.2089718269999,0
			-19.59342764,-70.2089569159999,0
			-19.5934215879999,-70.208943141,0
			-19.5934068299999,-70.2089205309999,0
			-19.593398135,-70.2089103609999,0
			-19.5933886269999,-70.2088998019998,0
			-19.5933793959999,-70.208888675,0
			-19.593370821,-70.2088738349999,0
			-19.593359423,-70.208835517,0
			-19.593368821,-70.2087948769999,0
			-19.5933757619999,-70.2087838699999,0
			-19.593382516,-70.2087737199999,0
			-19.5933861089999,-70.208763545,0
			-19.5933842839999,-70.2087526639999,0
			-19.5933778559999,-70.20874127,0
			-19.5933580359999,-70.208718812,0
			-19.5932942949999,-70.208657509,0
			-19.5932727509999,-70.2086366619998,0
			-19.5932525829999,-70.2086123899999,0
			-19.5932338609998,-70.2085881299999,0
			-19.59322671,-70.2085767299999,0
			-19.5932231699999,-70.2085656449999,0
			-19.5932266039999,-70.2085560259998,0
			-19.5932473099999,-70.2085090119999,0
			-19.5932491059999,-70.208497297,0
			-19.5932464709999,-70.2084857419999,0
			-19.5932402199998,-70.2084745429999,0
			-19.5931883119999,-70.2084272509999,0
			-19.5931551959999,-70.2083934459999,0
			-19.5931353839999,-70.2083704179999,0
			-19.5931060659999,-70.2083223419999,0
			-19.593089876,-70.2082977189999,0
			-19.5930584289999,-70.2082578279999,0
			-19.5930278469999,-70.2082235649999,0
			-19.5929735249999,-70.2081724399999,0
			-19.5929516319998,-70.2081493019999,0
			-19.5929315669999,-70.2081234119999,0
			-19.5928663719999,-70.20802235,0
			-19.592835645,-70.2079692119999,0
			-19.5928087299999,-70.2079268749999,0
			-19.5927403669999,-70.2078266459999,0
			-19.5927325849999,-70.207814957,0
			-19.5927241639998,-70.207804217,0
			-19.5927031429999,-70.207785756,0
			-19.5926404459999,-70.207743912,0
			-19.592627852,-70.2077357149999,0
			-19.5926168699999,-70.2077293399999,0
			-19.5925953819999,-70.207730552,0
			-19.5925719439999,-70.2077768959999,0
			-19.5925661739999,-70.207788008,0
			-19.5925649339999,-70.207798009,0
			-19.5925703879999,-70.2078067239999,0
			-19.592608546,-70.2078294139998,0
			-19.592621783,-70.207836185,0
			-19.5926331279999,-70.207842085,0
			-19.592646524,-70.2078520039999,0
			-19.5926440819999,-70.2078660009998,0
			-19.5926370709999,-70.2078742419999,0
			-19.592627087,-70.2078807439999,0
			-19.592615049,-70.2078840879999,0
			-19.5925726589999,-70.207886058,0
			-19.5925423739999,-70.207888498,0
			-19.5925102759998,-70.2078918809999,0
			-19.592495082,-70.207894246,0
			-19.5924815069998,-70.207897289,0
			-19.5924699109999,-70.2079018749999,0
			-19.5924606479999,-70.2079087639999,0
			-19.5924474939999,-70.2079304009999,0
			-19.592440363,-70.20794274,0
			-19.5924308899999,-70.207954205,0
			-19.592419079,-70.2079638389999,0
			-19.5924057519999,-70.207970699,0
			-19.5923913639999,-70.207973927,0
			-19.5923765439999,-70.2079742919999,0
			-19.5923478399999,-70.2079699779999,0
			-19.5923342199999,-70.20796654,0
			-19.592307079,-70.2079582319999,0
			-19.5922948279999,-70.207952612,0
			-19.592285573,-70.2079450109999,0
			-19.5922804909999,-70.2079346799999,0
			-19.5922793949999,-70.2079227549999,0
			-19.5922816459999,-70.207910473,0
			-19.5922866929999,-70.2078990729999,0
			-19.592294437,-70.207889215,0
			-19.5923047019999,-70.2078813809999,0
			-19.5923172959999,-70.2078758509999,0
			-19.592331142,-70.2078725229999,0
			-19.5923821029999,-70.2078722359999,0
			-19.5923961299999,-70.207868816,0
			-19.5923945329999,-70.207823998,0
			-19.592397177,-70.2077526149999,0
			-19.592398181,-70.207723927,0
			-19.592399631,-70.2077098299999,0
			-19.592402701,-70.2076965069999,0
			-19.592407931,-70.2076846289999,0
			-19.5924153129999,-70.2076752469999,0
			-19.5924244739999,-70.2076698819999,0
			-19.5924464249999,-70.2076705219998,0
			-19.5924577169999,-70.2076707969999,0
			-19.592468131,-70.2076673499998,0
			-19.592477032,-70.207660362,0
			-19.5924836919999,-70.207650783,0
			-19.592487564,-70.2076394669999,0
			-19.5924882769999,-70.2076273659999,0
			-19.5924855559999,-70.207615333,0
			-19.5924530629999,-70.2075693319999,0
			-19.5924234169999,-70.2075166779999,0
			-19.5924072349999,-70.207490817,0
			-19.592334932,-70.207412677,0
			-19.5922960259999,-70.2073662449999,0
			-19.5922150869999,-70.207282606,0
			-19.5921498319999,-70.2072038509999,0
			-19.5921306419999,-70.2071818759999,0
			-19.5920891659999,-70.207141812,0
			-19.5920521599999,-70.207108647,0
			-19.5919458939999,-70.2070288209999,0
			-19.591917662,-70.2070080189999,0
			-19.591892609,-70.2069848579999,0
			-19.591852075,-70.2069386999999,0
			-19.5918143599999,-70.2068899919999,0
			-19.5917938269999,-70.2068662899999,0
			-19.5917701199999,-70.2068442809999,0
			-19.5917435989999,-70.20682435,0
			-19.591715528,-70.206806598,0
			-19.591669698,-70.206782327,0
			-19.591620862,-70.2067598249999,0
			-19.591577087,-70.2067415,0
			-19.5914919139999,-70.206709689,0
			-19.591477486,-70.206705196,0
			-19.5914637719999,-70.206702137,0
			-19.5914505919999,-70.2067006089999,0
			-19.5914246529999,-70.206701847,0
			-19.5913980519999,-70.2067074609999,0
			-19.5913814379999,-70.206712683,0
			-19.5912780199999,-70.2067272499999,0
			-19.5912526679999,-70.2067215309999,0
			-19.591239942,-70.2067193389999,0
			-19.5912270389999,-70.2067165729999,0
			-19.5912148729999,-70.2067120969999,0
			-19.5912045279999,-70.206704964,0
			-19.591197188,-70.2066946129999,0
			-19.5911933849999,-70.206682192,0
			-19.5911936479999,-70.2066698039999,0
			-19.5912041859999,-70.2066478599999,0
			-19.5912103169999,-70.2066363719999,0
			-19.5912180239998,-70.20659331,0
			-19.5912030519999,-70.20654877,0
			-19.591195204,-70.206533172,0
			-19.5911858219998,-70.206517562,0
			-19.5911753509999,-70.2065026099999,0
			-19.591164147,-70.2064888959999,0
			-19.591152125,-70.206476508,0
			-19.591139277,-70.2064656379999,0
			-19.5911124629999,-70.206448563,0
			-19.5909725409999,-70.2063888889999,0
			-19.5908951329999,-70.2063580889999,0
			-19.590847282,-70.2063388569999,0
			-19.5908190009999,-70.2063252999999,0
			-19.590791189,-70.2063092649999,0
			-19.590765458,-70.206292484,0
			-19.5907541329999,-70.2062838209999,0
			-19.590744167,-70.206274403,0
			-19.5907050669999,-70.206216529,0
			-19.5906884139999,-70.206193905,0
			-19.5906626829999,-70.206163778,0
			-19.590644384,-70.2061440969999,0
			-19.5906232729999,-70.206125731,0
			-19.5905970019999,-70.2061087559999,0
			-19.5904922459999,-70.2060500879999,0
			-19.5904791679999,-70.206042762,0
			-19.590447658,-70.2060257469999,0
			-19.590394304,-70.20600533,0
			-19.5903685389999,-70.2059937929998,0
			-19.5903306509999,-70.205971012,0
			-19.5902713019999,-70.20592862,0
			-19.5902335989999,-70.2059050789999,0
			-19.5901803059999,-70.2058758909999,0
			-19.5901470699999,-70.2058600079999,0
			-19.590117606,-70.2058477769999,0
			-19.5900895669999,-70.2058385099999,0
			-19.5900316419999,-70.2058262569999,0
			-19.5899654769999,-70.2058026989998,0
			-19.589936716,-70.205793238,0
			-19.5899063979999,-70.2057870059999,0
			-19.589891678,-70.2057856569999,0
			-19.5898633909999,-70.2057867809999,0
			-19.5898356129999,-70.20579258,0
			-19.5897718689999,-70.205812696,0
			-19.5897570799999,-70.2058081049999,0
			-19.589731017,-70.2057738779999,0
			-19.589708397,-70.2057514959999,0
			-19.5896834069999,-70.2057322439999,0
			-19.5896705409999,-70.2057240459999,0
			-19.5896572999999,-70.2057177499999,0
			-19.589643773,-70.2057139309999,0
			-19.589614963,-70.2057118089999,0
			-19.5895264619999,-70.2057182049999,0
			-19.589498804,-70.2057195259999,0
			-19.5894707979999,-70.2057189339999,0
			-19.589441904,-70.2057158599999,0
			-19.5893694699999,-70.2056980629999,0
			-19.5893552119999,-70.2056952889999,0
			-19.5893397709999,-70.20569384,0
			-19.589324049,-70.205693818,0
			-19.5893088579999,-70.2056955149999,0
			-19.5892951919999,-70.2056988449999,0
			-19.58928314,-70.2057040939999,0
			-19.5892726989999,-70.2057112629999,0
			-19.589263876,-70.2057202539999,0
			-19.5892572149999,-70.2057300239999,0
			-19.5892535369998,-70.2057394339998,0
			-19.5892553419999,-70.205766807,0
			-19.5892464159999,-70.205777418,0
			-19.5892368149999,-70.205780873,0
			-19.589224513,-70.205782879,0
			-19.5891983989999,-70.2057813979999,0
			-19.5891406879999,-70.2057792999998,0
			-19.5890155409999,-70.205793812,0
			-19.58891841,-70.2058070049999,0
			-19.5888678429999,-70.2058154959999,0
			-19.588840978,-70.205820156,0
			-19.588813898,-70.205829393,0
			-19.5887867889999,-70.2058434899999,0
			-19.5887736289999,-70.2058520669999,0
			-19.588761459,-70.20586151,0
			-19.588750729,-70.2058717279999,0
			-19.5887417079999,-70.20588291,0
			-19.5887345809999,-70.2058951529999,0
			-19.588719538,-70.2059422299999,0
			-19.5887086289999,-70.2059519679999,0
			-19.5886748199999,-70.2059542899999,0
			-19.5886623399999,-70.205956009,0
			-19.5886504819999,-70.2059591619999,0
			-19.588639245,-70.2059640339999,0
			-19.5886293519999,-70.2059708259999,0
			-19.588622067,-70.205979161,0
			-19.5886222149999,-70.205997751,0
			-19.5886294699999,-70.206007244,0
			-19.5886494999999,-70.2060249339999,0
			-19.58868216,-70.2060459579999,0
			-19.588703816,-70.2060638529999,0
			-19.5887004959999,-70.2060739349999,0
			-19.588674496,-70.206083747,0
			-19.588657505,-70.2061114589999,0
			-19.5886491419999,-70.2061190219999,0
			-19.5886385399999,-70.2061238059999,0
			-19.588626511,-70.206125529,0
			-19.588613691,-70.206124098,0
			-19.5885730249999,-70.206111209,0
			-19.5885451729998,-70.2061012789999,0
			-19.5885311159999,-70.2060951669999,0
			-19.5885176099999,-70.206088014,0
			-19.588505287,-70.2060799149999,0
			-19.5884945059999,-70.206070682,0
			-19.5884851759999,-70.206060604,0
			-19.588453483,-70.20601699,0
			-19.5884452379999,-70.2060068229999,0
			-19.5884380709999,-70.205997523,0
			-19.5884331089999,-70.2059830919999,0
			-19.588444183,-70.2059755459999,0
			-19.5884778899999,-70.2059747489999,0
			-19.5884988769999,-70.2059709019999,0
			-19.5885054499999,-70.2059608459999,0
			-19.5885025029999,-70.2059424249999,0
			-19.5884968849999,-70.205931133,0
			-19.5884889169999,-70.205920206,0
			-19.5884790389999,-70.205910886,0
			-19.5884679749999,-70.205903559,0
			-19.5884560819999,-70.2058984179999,0
			-19.5884186169999,-70.205893561,0
			-19.5884055219999,-70.2058927969999,0
			-19.5883923399999,-70.2058910779999,0
			-19.5883791719999,-70.2058876439999,0
			-19.588366381,-70.205881733,0
			-19.5883221559999,-70.205847276,0
			-19.5883117299999,-70.2058390929999,0
			-19.5883003909999,-70.205832147,0
			-19.5882883209999,-70.2058265269999,0
			-19.5882355379999,-70.205814979,0
			-19.588210847,-70.2058055479999,0
			-19.5881857299999,-70.205791539,0
			-19.588168148,-70.2057858769999,0
			-19.588157418,-70.2057827469999,0
			-19.5881469709999,-70.2057778069999,0
			-19.5881377159999,-70.205769921,0
			-19.588130103,-70.2057594739999,0
			-19.5881241329999,-70.205747323,0
			-19.5881169979999,-70.205719814,0
			-19.588110883,-70.2056749629999,0
			-19.5881064579999,-70.2056608199999,0
			-19.588079771,-70.2056254449999,0
			-19.5880494229999,-70.205596428,0
			-19.588029401,-70.2055772129999,0
			-19.5880190709999,-70.205568176,0
			-19.588008282,-70.2055601819999,0
			-19.5879967559999,-70.205554187,0
			-19.587984488,-70.2055513279999,0
			-19.58797156,-70.2055523769999,0
			-19.587958788,-70.2055570489999,0
			-19.5879473529999,-70.205564685,0
			-19.587915349,-70.2056078219999,0
			-19.587906792,-70.2056175769999,0
			-19.587897427,-70.205626088,0
			-19.5878633879999,-70.2056462769999,0
			-19.5878290949999,-70.2056568419999,0
			-19.587799901,-70.2056716899999,0
			-19.5877860369999,-70.205677782,0
			-19.58777391,-70.2056804569999,0
			-19.5877485229999,-70.2056801729999,0
			-19.5877248679999,-70.2056771349999,0
			-19.5877008739999,-70.205671144,0
			-19.587678534,-70.2056611559999,0
			-19.5876606369998,-70.2056486299999,0
			-19.587646223,-70.205628502,0
			-19.5876383259999,-70.2056070889999,0
			-19.587631986,-70.205582159,0
			-19.5876260009999,-70.205517953,0
			-19.587620478,-70.2054925519998,0
			-19.587610878,-70.2054690289999,0
			-19.587582131,-70.2054304889999,0
			-19.5875759489999,-70.2054226269999,0
			-19.587569059,-70.2053991219999,0
			-19.5875679449999,-70.205349349,0
			-19.5875651359999,-70.2053100509999,0
			-19.5875619399999,-70.2052879089999,0
			-19.5875565339999,-70.2052723309999,0
			-19.5875474279999,-70.2052555789999,0
			-19.5875411709999,-70.2052457119999,0
			-19.5875336449999,-70.2052359319999,0
			-19.5875150549999,-70.2052189199999,0
			-19.5874940999999,-70.205204559,0
			-19.5874504579999,-70.205177539,0
			-19.5874233579999,-70.2051632299999,0
			-19.587408038,-70.2051568219999,0
			-19.587392982,-70.205151847,0
			-19.5873663529999,-70.205147932,0
			-19.587329311,-70.205147467,0
			-19.5872559659999,-70.2051575979999,0
			-19.5872312879999,-70.20515932,0
			-19.587218817,-70.205159322,0
			-19.587165076,-70.205156158,0
			-19.587151529,-70.2051554859999,0
			-19.5871381129999,-70.205162061,0
			-19.5871303569999,-70.2051732529999,0
			-19.5871274869999,-70.2052916359999,0
			-19.5871270369999,-70.205318516,0
			-19.5871250509999,-70.2053452929998,0
			-19.5871194579999,-70.205370704,0
			-19.587110176,-70.205394374,0
			-19.5870929589998,-70.2054285639999,0
			-19.587080339,-70.2054512559999,0
			-19.5870307879999,-70.205510663,0
			-19.5870112509999,-70.2055406429999,0
			-19.5869995909999,-70.2055547619999,0
			-19.586974348,-70.2055736409999,0
			-19.586959362,-70.205585255,0
			-19.586949333,-70.205598337,0
			-19.5869266379999,-70.2056415439999,0
			-19.5868803099999,-70.205717872,0
			-19.586858664,-70.2057535349999,0
			-19.5868455939999,-70.2057760309999,0
			-19.5868383819999,-70.205786847,0
			-19.5868223479999,-70.2058068419999,0
			-19.586813342,-70.205815547,0
			-19.586773433,-70.205838319,0
			-19.5867596419999,-70.2058466999999,0
			-19.5867448339999,-70.2058588899999,0
			-19.5867279099999,-70.205876496,0
			-19.586707724,-70.205909046,0
			-19.5867010549999,-70.205919864,0
			-19.5866850269999,-70.2059388119999,0
			-19.5866751309998,-70.205945888,0
			-19.5866641609999,-70.2059512389999,0
			-19.586652392,-70.2059547759999,0
			-19.586640363,-70.2059564019999,0
			-19.5866288889999,-70.2059563179999,0
			-19.5866099449999,-70.2059516949999,0
			-19.5866016099999,-70.205941621,0
			-19.5865928539999,-70.205926972,0
			-19.5865872549999,-70.20591282,0
			-19.5865745409999,-70.2059224499999,0
			-19.5865691459999,-70.205932038,0
			-19.5865604099998,-70.2059413169999,0
			-19.5865494399999,-70.2059467619999,0
			-19.5865377729999,-70.205948297,0
			-19.586526772,-70.2059451649999,0
			-19.5865182439999,-70.2059369969999,0
			-19.5865129869998,-70.2059258049999,0
			-19.586510537,-70.205873162,0
			-19.586510623,-70.205860292,0
			-19.5865101539999,-70.205849515,0
			-19.58649688,-70.205848558,0
			-19.5864717539999,-70.2058899369999,0
			-19.586455531,-70.2059106959999,0
			-19.586446162,-70.205920063,0
			-19.5864360759999,-70.2059282819998,0
			-19.586415034,-70.2059401379999,0
			-19.5864055239999,-70.20594369,0
			-19.586389154,-70.2059459509999,0
			-19.5863572639999,-70.205945238,0
			-19.5863379429999,-70.2059429,0
			-19.5863258709999,-70.205937663,0
			-19.5862924859999,-70.2059038549999,0
			-19.5862827839999,-70.2058952039999,0
			-19.5862614609999,-70.205881698,0
			-19.586227231,-70.205865809,0
			-19.586204543,-70.2058538169999,0
			-19.586128619,-70.2058034889999,0
			-19.5861072979999,-70.205789602,0
			-19.5860509259999,-70.20576125,0
			-19.5859836809999,-70.2057233759999,0
			-19.5859614609998,-70.2057091039999,0
			-19.585941605,-70.2056920809998,0
			-19.5859155969999,-70.20566281,0
			-19.5858905089999,-70.2056313549999,0
			-19.585882988,-70.205621004,0
			-19.5858772679999,-70.2056116149999,0
			-19.5858723959998,-70.2055623469998,0
			-19.585713314,-70.2055353979999,0
			-19.5857058289999,-70.205562577,0
			-19.585698162,-70.205587882,0
			-19.5856835529999,-70.205610366,0
			-19.5856717739999,-70.205615426,0
			-19.5856541549998,-70.205588314,0
			-19.5856427089998,-70.205570402,0
			-19.5856361659999,-70.2055627259999,0
			-19.5856141959999,-70.2055509309999,0
			-19.5855649439999,-70.2055389339999,0
			-19.585540231,-70.2055322689999,0
			-19.5855158869999,-70.205524462,0
			-19.585503993,-70.2055193209999,0
			-19.5854924719999,-70.205512657,0
			-19.5854817729999,-70.2055047599999,0
			-19.5854718929999,-70.2054959149999,0
			-19.5854632829999,-70.2054862229999,0
			-19.5854558549999,-70.2054755849999,0
			-19.5854495179998,-70.2054639059999,0
			-19.5854399369999,-70.2054376189999,0
			-19.5854308899999,-70.2053984639999,0
			-19.5854256839999,-70.2053798349999,0
			-19.5854190759999,-70.2053682519999,0
			-19.5854100939999,-70.205360081,0
			-19.5853991079999,-70.2053545649999,0
			-19.5853540939999,-70.205343743,0
			-19.585339399,-70.205338582,0
			-19.585328423,-70.2053316349999,0
			-19.5853173849999,-70.205320495,0
			-19.5852883569999,-70.2052832889999,0
			-19.585281193,-70.2052737959999,0
			-19.5852755579999,-70.2052651739999,0
			-19.5852691029999,-70.205217175,0
			-19.5852681029999,-70.2052044879999,0
			-19.5852658339999,-70.2051922669999,0
			-19.5852624729999,-70.20518147,0
			-19.5852529039999,-70.205166909,0
			-19.585194534,-70.2051396849999,0
			-19.5851709369999,-70.20512826,0
			-19.5851278389999,-70.2051009609999,0
			-19.5851079409999,-70.205090516,0
			-19.5850626549999,-70.205079597,0
			-19.5850259379999,-70.2050709329999,0
			-19.5850013859999,-70.2050674149999,0
			-19.5849899109999,-70.2050672339999,0
			-19.5849596809998,-70.2050752079999,0
			-19.584926491,-70.2050794419999,0
			-19.5849061479999,-70.205081292,0
			-19.5848935459999,-70.2050877769999,0
			-19.584888415,-70.2050985109999,0
			-19.5848888529999,-70.205114151,0
			-19.584893774,-70.2051348739999,0
			-19.5848975949999,-70.205144339,0
			-19.5849137229999,-70.205164576,0
			-19.5849266179999,-70.205182022,0
			-19.584934728,-70.2051988599999,0
			-19.584936875,-70.2052155599999,0
			-19.5849365449999,-70.2052649399998,0
			-19.584933689,-70.2052870369999,0
			-19.5849244789999,-70.2052991719999,0
			-19.584907081,-70.205306765,0
			-19.58487804,-70.2053120769999,0
			-19.5848601999999,-70.2053047939999,0
			-19.5848310059998,-70.2052789319999,0
			-19.584810779,-70.2052638149999,0
			-19.584801507,-70.2052585029999,0
			-19.5847901239998,-70.2052582279999,0
			-19.5847889689998,-70.205268801,0
			-19.5848109269999,-70.205309289,0
			-19.584821657,-70.2053325759999,0
			-19.584825332,-70.205343811,0
			-19.584827525,-70.2053539329999,0
			-19.5848270609999,-70.205369089,0
			-19.5848200459999,-70.2053776169999,0
			-19.5848019469999,-70.205381866,0
			-19.5847875119999,-70.2053788989999,0
			-19.584764395,-70.205362997,0
			-19.5847584229999,-70.205350846,0
			-19.584746927,-70.2053403699999,0
			-19.5847230069999,-70.2053368529998,0
			-19.5847116459999,-70.2053333389999,0
			-19.5847021159999,-70.2053260209999,0
			-19.584695231,-70.2053152929999,0
			-19.5846904059999,-70.2053016919999,0
			-19.584681078,-70.20524283,0
			-19.584675287,-70.205217142,0
			-19.5846669499999,-70.205193723,0
			-19.584662221,-70.205184631,0
			-19.5846519019999,-70.2051740659999,0
			-19.5846330379999,-70.2051707809999,0
			-19.5846177309999,-70.205176292,0
			-19.5845860469999,-70.205198744,0
			-19.5845745409999,-70.2052036159999,0
			-19.5845357599998,-70.205206093,0
			-19.5845241909998,-70.205206769,0
			-19.5845121599999,-70.205208683,0
			-19.5845004829999,-70.205212026,0
			-19.584478453,-70.205222733,0
			-19.5844681079999,-70.205229615,0
			-19.584458388,-70.205237455,0
			-19.584449744,-70.2052464459999,0
			-19.584442177,-70.2052564969999,0
			-19.5844360489999,-70.205267604,0
			-19.584428024,-70.205292045,0
			-19.5844214389999,-70.205330987,0
			-19.5844197279999,-70.205343749,0
			-19.5844189209998,-70.2053563269999,0
			-19.584419832,-70.205368537,0
			-19.5844351399999,-70.2054172699998,0
			-19.584438668,-70.2054298799999,0
			-19.584441118,-70.2054555449999,0
			-19.5844401259999,-70.2055227469999,0
			-19.5844393139998,-70.2055629719999,0
			-19.5844382359999,-70.2055757369999,0
			-19.5844356269999,-70.205587538,0
			-19.584430859,-70.2055978009998,0
			-19.584424569,-70.2056062379999,0
			-19.5844100489998,-70.2056157579999,0
			-19.584392685,-70.205618014,0
			-19.584369733,-70.2056182239999,0
			-19.584344256,-70.205617746,0
			-19.584318525,-70.2056148859999,0
			-19.5842577759999,-70.2055922219999,0
			-19.5842243169999,-70.2055830119999,0
			-19.584202685,-70.205574843,0
			-19.5841674599999,-70.2055593279999,0
			-19.5841452209999,-70.205547437,0
			-19.5840993049999,-70.20550915,0
			-19.5840867119999,-70.205500668,0
			-19.584068309,-70.205496432,0
			-19.584050901,-70.2054916309999,0
			-19.584040543,-70.2054869789999,0
			-19.5840301009999,-70.2054808949999,0
			-19.584011682,-70.2054653119999,0
			-19.583999675,-70.2054502559999,0
			-19.5839940679999,-70.2054375339999,0
			-19.5839915829998,-70.2054039609999,0
			-19.5839898519999,-70.2053790639999,0
			-19.5839870409999,-70.2053667449998,0
			-19.5839777139999,-70.2053432259999,0
			-19.5839659289999,-70.2053219739998,0
			-19.5839573709999,-70.205304368,0
			-19.583952788,-70.2052872689999,0
			-19.583949053,-70.205264744,0
			-19.5839475069999,-70.2052391839999,0
			-19.583951032,-70.2051826749999,0
			-19.5839516559999,-70.2051726689999,0
			-19.5839523769999,-70.205145697,0
			-19.5839444209999,-70.2050655579999,0
			-19.5839430559999,-70.2050397129998,0
			-19.5839455759999,-70.2049872979999,0
			-19.583954489,-70.2049516149999,0
			-19.583957536,-70.2049418179999,0
			-19.5839609449999,-70.2049185819999,0
			-19.583959852,-70.2049061819999,0
			-19.583956589,-70.20489424,0
			-19.583951242,-70.2048831399999,0
			-19.5839438969999,-70.204873553,0
			-19.5839347339999,-70.204865287,0
			-19.5839128709999,-70.204851492,0
			-19.5838425239999,-70.2048183639998,0
			-19.5838176299998,-70.204811697,0
			-19.5837919009999,-70.2048086459999,0
			-19.5837535059999,-70.204807503,0
			-19.5837288299999,-70.2048088419999,0
			-19.5837179759999,-70.204810669,0
			-19.5837040109998,-70.2048182879999,0
			-19.5836997729999,-70.2048302669999,0
			-19.583698349,-70.204881262,0
			-19.5836974389999,-70.204909089,0
			-19.583696545,-70.2049213809999,0
			-19.583694846,-70.204931952,0
			-19.583688057,-70.20494744,0
			-19.583674413,-70.2049610659999,0
			-19.58365708,-70.204972378,0
			-19.5836418789999,-70.2049756019999,0
			-19.583623281,-70.2049732699999,0
			-19.5836028049999,-70.2049680659999,0
			-19.5835843639999,-70.2049557249999,0
			-19.5835673039999,-70.204925951,0
			-19.583562037,-70.2049164719999,0
			-19.5835499199999,-70.2049045609999,0
			-19.583539072,-70.2049051479999,0
			-19.5835159269999,-70.204961602,0
			-19.5835108329999,-70.2049804419999,0
			-19.583509283,-70.2050094109999,0
			-19.5835061289999,-70.2050351279999,0
			-19.5835028819999,-70.205047593,0
			-19.5834985599999,-70.2050588079999,0
			-19.5834937099999,-70.2050680199999,0
			-19.5834833329999,-70.2050795729999,0
			-19.583471641,-70.2050850169999,0
			-19.583456355,-70.20508738,0
			-19.5834225609999,-70.205087512,0
			-19.5833988949999,-70.2050865729999,0
			-19.583373093,-70.2050804689999,0
			-19.5833540569998,-70.2050761329999,0
			-19.5833429479999,-70.205075479,0
			-19.5833251259999,-70.20507897,0
			-19.583303335,-70.2050945369999,0
			-19.5832853719999,-70.205105365,0
			-19.5832700659999,-70.2051106869999,0
			-19.5832388599999,-70.2051156969999,0
			-19.5832263849999,-70.205116463,0
			-19.583214282,-70.2051158009999,0
			-19.583203361,-70.2051139089999,0
			-19.583187966,-70.2051060699999,0
			-19.583157893,-70.205063044,0
			-19.583118396,-70.204997066,0
			-19.5830716369999,-70.2049227389999,0
			-19.583066252,-70.204903824,0
			-19.583065985,-70.204876176,0
			-19.583066968,-70.2048508239999,0
			-19.5830687609999,-70.2048257649999,0
			-19.5830721419999,-70.2048067229999,0
			-19.583086387,-70.20477089,0
			-19.583089795,-70.204761097,0
			-19.5830919779999,-70.2047455729999,0
			-19.5830891699999,-70.2047329669999,0
			-19.5830824659998,-70.2047219539999,0
			-19.5830725799999,-70.204713968,0
			-19.5830598719999,-70.2047092989999,0
			-19.5830321529999,-70.2047061379999,0
			-19.5829804819999,-70.204704036,0
			-19.582954275,-70.2047046999999,0
			-19.5829417989999,-70.2047059409999,0
			-19.5829294929999,-70.204708234,0
			-19.5829068479999,-70.204716837,0
			-19.5828978589998,-70.204723251,0
			-19.582891213,-70.204730924,0
			-19.5828860459999,-70.2047467109999,0
			-19.582894293,-70.2047701279998,0
			-19.582892769,-70.2047821289999,0
			-19.58288096,-70.204791384,0
			-19.582864953,-70.2047800149999,0
			-19.5828566809999,-70.204773756,0
			-19.5828386739999,-70.204764279,0
			-19.5828259259999,-70.204765328,0
			-19.5828203529999,-70.2047746299999,0
			-19.5828205419999,-70.2047872149999,0
			-19.5828258359999,-70.204805844,0
			-19.582845638,-70.2048444119999,0
			-19.5828668349999,-70.204876981,0
			-19.5828783429999,-70.2048990899999,0
			-19.5828818909999,-70.20490903,0
			-19.5828844,-70.2049255419999,0
			-19.582883997,-70.2049453679999,0
			-19.5828827439999,-70.20495718,0
			-19.582879868,-70.2049685039999,0
			-19.582874843,-70.204978263,0
			-19.5828458129999,-70.2050074309998,0
			-19.582839495,-70.2050200639998,0
			-19.5828432039999,-70.205046593,0
			-19.582843935,-70.2050585159999,0
			-19.5828430429999,-70.205070424,0
			-19.5828399919999,-70.205080889,0
			-19.5828311479999,-70.2050928359999,0
			-19.5828229109999,-70.2050816199999,0
			-19.5828193669999,-70.2050575709999,0
			-19.582812185,-70.205037116,0
			-19.582807273,-70.205028307,0
			-19.5827967649999,-70.205018888,0
			-19.582781299,-70.2050212509998,0
			-19.5827758159999,-70.205030553,0
			-19.58277737,-70.2050413379999,0
			-19.5827894849999,-70.2050535339999,0
			-19.5827951969999,-70.2050641599999,0
			-19.582797553,-70.205076666,0
			-19.5827977159999,-70.2050927769999,0
			-19.58279648,-70.2051156469999,0
			-19.582794319,-70.205128026,0
			-19.5827906259998,-70.2051397229999,0
			-19.5827801999999,-70.2051584269999,0
			-19.5827688459999,-70.20516778,0
			-19.5827565339999,-70.2051711189999,0
			-19.582740724,-70.2051708129999,0
			-19.582720057,-70.205167035,0
			-19.5827105019999,-70.205163913,0
			-19.5826907209999,-70.2051491799999,0
			-19.5826772779999,-70.2051323969999,0
			-19.58266772,-70.2051161209999,0
			-19.5826628409999,-70.2050891989999,0
			-19.582657986,-70.2050719079999,0
			-19.5826483349999,-70.2050558199999,0
			-19.5825929019999,-70.2050489269999,0
			-19.5825692359999,-70.2050480819999,0
			-19.5825529169999,-70.2050428129999,0
			-19.582542084,-70.205014133,0
			-19.5825363729999,-70.2050034129999,0
			-19.5825274839999,-70.2049950539999,0
			-19.5824640539999,-70.204968079,0
			-19.5824406269999,-70.204958373,0
			-19.5824167329999,-70.2049506619999,0
			-19.5823924609999,-70.2049458119999,0
			-19.5823802719999,-70.204944672,0
			-19.5823685219999,-70.204944965,0
			-19.582357664,-70.2049472669999,0
			-19.5823481459999,-70.204951868,0
			-19.5823348659999,-70.2049648299999,0
			-19.582331338,-70.204979008,0
			-19.582335009,-70.2049974349999,0
			-19.5823383749999,-70.205007757,0
			-19.5823424709999,-70.2050169389999,0
			-19.582352321,-70.2050302599999,0
			-19.5823740459999,-70.2050513959999,0
			-19.582389163,-70.2050606609999,0
			-19.582427276,-70.205063044,0
			-19.582439193,-70.205064753,0
			-19.5824502869999,-70.205067981,0
			-19.5824600149999,-70.205072344,0
			-19.5824727689999,-70.205083687,0
			-19.582481915,-70.2051212209998,0
			-19.5824842859999,-70.2051313439999,0
			-19.582491333,-70.2051451249999,0
			-19.5825136459999,-70.205159303,0
			-19.5825334799999,-70.205179374,0
			-19.5825470189999,-70.2051952039998,0
			-19.582549377,-70.205207329,0
			-19.5825437619999,-70.2052228269999,0
			-19.582530547,-70.205239891,0
			-19.5825221819999,-70.205247549,0
			-19.5825135559999,-70.205253872,0
			-19.5824981539999,-70.2052599539999,0
			-19.582486882,-70.2052569149999,0
			-19.582475051,-70.2052425269999,0
			-19.582437792,-70.205220228,0
			-19.582427174,-70.205213763,0
			-19.5824170139999,-70.2052061539999,0
			-19.5824076769999,-70.2051973139999,0
			-19.5823995199999,-70.205187531,0
			-19.582386566,-70.2051654119999,0
			-19.5823672119999,-70.205114266,0
			-19.5823554399999,-70.2050909159999,0
			-19.5823412189999,-70.205068981,0
			-19.582324819,-70.205048554,0
			-19.5823063259999,-70.2050307789999,0
			-19.5822866449999,-70.2050146169999,0
			-19.5822770249999,-70.2050074889999,0
			-19.5822682969999,-70.2050021809999,0
			-19.5822350019999,-70.2049951659999,0
			-19.582223907,-70.2049926039999,0
			-19.5821927509999,-70.2049762619999,0
			-19.582176902,-70.2049684209999,0
			-19.5821656859999,-70.204970244,0
			-19.58215876,-70.2049791549999,0
			-19.5821525809999,-70.2049976979999,0
			-19.5821455639999,-70.205006704,0
			-19.5821347959999,-70.205009102,0
			-19.5821196779999,-70.2050000279999,0
			-19.5821094799999,-70.204984412,0
			-19.5820927739999,-70.2049697019999,0
			-19.582077781,-70.204955196,0
			-19.5820687559999,-70.204940162,0
			-19.5820841299999,-70.2048838389999,0
			-19.5820885379999,-70.2048730989999,0
			-19.5820999479999,-70.2048559299999,0
			-19.582112374,-70.204849064,0
			-19.5821240109998,-70.2048518199999,0
			-19.5821517309999,-70.2048680409999,0
			-19.5821620889999,-70.204872885,0
			-19.5821734479999,-70.204876687,0
			-19.582185271,-70.204878967,0
			-19.5821965609999,-70.204879529,0
			-19.5822128519998,-70.2048752639999,0
			-19.5822214549999,-70.2048589309999,0
			-19.5822224509999,-70.2048316739999,0
			-19.5822213369999,-70.2048089759999,0
			-19.5822194159999,-70.2047991439999,0
			-19.5822117619999,-70.2047815449999,0
			-19.5822054969999,-70.2047724419999,0
			-19.5821975169999,-70.2047634209999,0
			-19.582187995,-70.2047551499999,0
			-19.58217702,-70.20474811,0
			-19.5821555749999,-70.2047388939998,0
			-19.5821083559999,-70.2047332989999,0
			-19.582096265,-70.204731113,0
			-19.5820846349999,-70.2047274999999,0
			-19.5820736429999,-70.204722365,0
			-19.582063567,-70.2047157129999,0
			-19.582054495,-70.2047078269999,0
			-19.5820467809999,-70.2046993799999,0
			-19.582040873,-70.204691139,0
			-19.582034286,-70.2046760279999,0
			-19.582026829,-70.2046426059999,0
			-19.5820231239999,-70.2046292309999,0
			-19.5820185089999,-70.2046166129999,0
			-19.5820128039999,-70.2046048459999,0
			-19.5820059209998,-70.2045940209999,0
			-19.581997943,-70.2045844289999,0
			-19.581989323,-70.204576453,0
			-19.5819810499999,-70.2045703839999,0
			-19.5819670839999,-70.204564465,0
			-19.581955067,-70.204564567,0
			-19.5819444629999,-70.2045694449999,0
			-19.581936528,-70.2045802539999,0
			-19.5819289959999,-70.204598787,0
			-19.5819222349999,-70.204623619,0
			-19.5819189829999,-70.204650479,0
			-19.5819198619998,-70.2047082559999,0
			-19.5819192169999,-70.2047371379999,0
			-19.581917319,-70.2047506589999,0
			-19.581913893,-70.2047630279999,0
			-19.5819093059999,-70.2047735749999,0
			-19.5818981049999,-70.204786553,0
			-19.581882707,-70.204792158,0
			-19.5818592639999,-70.2047983709999,0
			-19.5818456949999,-70.2048005579999,0
			-19.5818320479999,-70.2048012179999,0
			-19.5818084879999,-70.204797898,0
			-19.5817515419999,-70.2047471389999,0
			-19.5817353799999,-70.2047316709999,0
			-19.5817212009999,-70.2046899989999,0
			-19.5817130139999,-70.2046712539999,0
			-19.5816864349999,-70.2046465559998,0
			-19.5816722019999,-70.2046263359999,0
			-19.5816570669999,-70.2046196439998,0
			-19.5816021469999,-70.204617426,0
			-19.5815463359999,-70.204613103,0
			-19.5815176209999,-70.2046105059999,0
			-19.58149108,-70.2046069709999,0
			-19.581466355,-70.204602021,0
			-19.5814472439999,-70.2045953959999,0
			-19.5814196959998,-70.2045803209999,0
			-19.5813950179999,-70.2045684099999,0
			-19.581358053,-70.20455622,0
			-19.5813329819999,-70.2045489769999,0
			-19.581307534,-70.204544309,0
			-19.5812672499999,-70.2045421979999,0
			-19.581175242,-70.2045458989999,0
			-19.5811619579999,-70.2045461819999,0
			-19.5811479529999,-70.204546078,0
			-19.5810707089999,-70.2045449299999,0
			-19.581041156,-70.2045457589999,0
			-19.5810272259999,-70.204547753,0
			-19.5810138299999,-70.2045516589999,0
			-19.581001413,-70.204557285,0
			-19.5809904309999,-70.204564638,0
			-19.5809813349999,-70.2045734369999,0
			-19.5809742259999,-70.2045828239999,0
			-19.580969377,-70.2045918429998,0
			-19.5809643519999,-70.2046135429999,0
			-19.580960836,-70.204626004,0
			-19.5809546179999,-70.2046370169999,0
			-19.580945711,-70.2046447669999,0
			-19.5808855299999,-70.2046453679999,0
			-19.5808537799999,-70.2046239679999,0
			-19.5808384019999,-70.204613083,0
			-19.580822446,-70.204607433,0
			-19.580799693,-70.2046047869999,0
			-19.580787855,-70.2046052699999,0
			-19.5807682079999,-70.2046112249998,0
			-19.580753698,-70.2046188389999,0
			-19.580741734,-70.2046242789999,0
			-19.5806974459999,-70.2046266199999,0
			-19.5806789909999,-70.2046298189999,0
			-19.580648492,-70.2046372189999,0
			-19.5806322679999,-70.2046449159999,0
			-19.5806240739999,-70.2046541959999,0
			-19.580618214,-70.2046657829999,0
			-19.580614402,-70.2046816759999,0
			-19.580610006,-70.2047580969999,0
			-19.580609102,-70.2047852599999,0
			-19.580607839,-70.204798597,0
			-19.5806055859999,-70.2048113549999,0
			-19.580602346,-70.2048226759999,0
			-19.5805933059999,-70.2048371939999,0
			-19.5805649689999,-70.2048453719999,0
			-19.5805353109999,-70.2048755629999,0
			-19.5805276769999,-70.204882179,0
			-19.5805143499999,-70.2048890389999,0
			-19.580502231,-70.2048905699999,0
			-19.5804921309999,-70.204887635,0
			-19.5804813969999,-70.2048715399999,0
			-19.580467109,-70.2048595169999,0
			-19.580457289,-70.2048552499999,0
			-19.5804343609998,-70.2048518379999,0
			-19.580384307,-70.2048515609998,0
			-19.580310556,-70.2048549199999,0
			-19.5802956249999,-70.2048580509999,0
			-19.58028573,-70.2048650309999,0
			-19.5802614159999,-70.2048935439999,0
			-19.5802200269999,-70.2049213599999,0
			-19.5802099139999,-70.204933679,0
			-19.580201669,-70.2049506799999,0
			-19.5801913629998,-70.2049784399999,0
			-19.5801912219999,-70.2049997929999,0
			-19.5801945769998,-70.205024889,0
			-19.5801984309999,-70.2050566649999,0
			-19.5801995319999,-70.205067825,0
			-19.580198455,-70.2050934619999,0
			-19.5801952119999,-70.205105831,0
			-19.5801898049999,-70.2051171369999,0
			-19.580182421,-70.205126994,0
			-19.5801728769999,-70.205135218,0
			-19.5801147629999,-70.205164528,0
			-19.580092366,-70.205176374,0
			-19.58007097,-70.205192214,0
			-19.5800157809999,-70.2052521629998,0
			-19.579996863,-70.2052705179998,0
			-19.579963622,-70.205296486,0
			-19.5799304999999,-70.2053175929999,0
			-19.5799077369999,-70.205330009,0
			-19.5798957769999,-70.205334971,0
			-19.5798707989999,-70.2053410789999,0
			-19.5798455739999,-70.2053431789999,0
			-19.579820823,-70.2053421359999,0
			-19.579797452,-70.205337672,0
			-19.579787804,-70.205334454,0
			-19.579768395,-70.2053186759999,0
			-19.5797545079999,-70.2053008419999,0
			-19.5797482509999,-70.2052906889999,0
			-19.5797436199999,-70.205280645,0
			-19.5797387029999,-70.205259159,0
			-19.5797406279999,-70.2050115169999,0
			-19.579741161,-70.204972423,0
			-19.5797434999999,-70.2049468919999,0
			-19.5797484329998,-70.204925385,0
			-19.579758323,-70.204905724,0
			-19.5797654299999,-70.2048832799999,0
			-19.5797938019999,-70.204829248,0
			-19.5797987419999,-70.204819846,0
			-19.579802414,-70.2047842189999,0
			-19.5798020409999,-70.2047455119999,0
			-19.5798010469999,-70.2047321599999,0
			-19.579798512,-70.204718984,0
			-19.579793719,-70.204706269,0
			-19.5797869299999,-70.2046945879999,0
			-19.5797783249998,-70.2046844199999,0
			-19.5797576409999,-70.2046693959999,0
			-19.5797246979998,-70.2046505599999,0
			-19.579702641,-70.2046387669999,0
			-19.5796797559998,-70.2046286809999,0
			-19.5796559559999,-70.204620688,0
			-19.5796436859999,-70.2046180219999,0
			-19.5796311359999,-70.2046166899999,0
			-19.5796185769998,-70.2046165959999,0
			-19.5796062809999,-70.204617745,0
			-19.579583289,-70.204623864,0
			-19.579550216,-70.2046380149998,0
			-19.5795386259999,-70.204641647,0
			-19.5795138509999,-70.2046443209998,0
			-19.579475182,-70.204643749,0
			-19.5794499949999,-70.2046402249999,0
			-19.5794264659999,-70.2046322309999,0
			-19.5793728019999,-70.204604473,0
			-19.579357231,-70.2045952059999,0
			-19.579346228,-70.2045786309999,0
			-19.5793379939999,-70.2045532129999,0
			-19.5793327369999,-70.2045285779998,0
			-19.5793295759999,-70.2044877529999,0
			-19.5793276809999,-70.2044741079999,0
			-19.5793219619998,-70.204450805,0
			-19.5793148369999,-70.204435594,0
			-19.579296938,-70.2044097209999,0
			-19.579283173,-70.2043871209999,0
			-19.5792773769999,-70.204375639,0
			-19.5792732909999,-70.2043650259999,0
			-19.579270252,-70.2043467,0
			-19.5792705149999,-70.20426653,0
			-19.5792706159999,-70.2042381209999,0
			-19.5792697059999,-70.2042255329999,0
			-19.5792671579999,-70.2042142619999,0
			-19.579262345,-70.204204789,0
			-19.5792552569999,-70.2041970159999,0
			-19.5792458999999,-70.20419113,0
			-19.5792349029998,-70.20418714,0
			-19.579223532,-70.2041850559999,0
			-19.5792052739999,-70.2041861599998,0
			-19.579196096,-70.2041938119999,0
			-19.579193566,-70.2042076159999,0
			-19.57919476,-70.2042858899999,0
			-19.5791945619999,-70.2043288829999,0
			-19.5791942939999,-70.2043554789999,0
			-19.579193758,-70.204368248,0
			-19.5791921389999,-70.204380629,0
			-19.579180293,-70.204409045,0
			-19.5791690579999,-70.2044136319999,0
			-19.5791579709999,-70.2044096399999,0
			-19.5791365519999,-70.2043968039999,0
			-19.5791260239999,-70.2043900519999,0
			-19.579085376,-70.2043343619999,0
			-19.579068892,-70.204313268,0
			-19.5790307509999,-70.2042739929999,0
			-19.5790130939999,-70.2042528899999,0
			-19.5789973469999,-70.204229609,0
			-19.5789597159999,-70.2041546849999,0
			-19.5789463199998,-70.2041312279998,0
			-19.5789314689999,-70.2041090039999,0
			-19.5789156979999,-70.2040893429999,0
			-19.5789080679999,-70.2040820409999,0
			-19.5788934829999,-70.204073926,0
			-19.578864622,-70.204065798,0
			-19.5788462149999,-70.204062135,0
			-19.5788195659998,-70.2040610779999,0
			-19.578809532,-70.2040618619999,0
			-19.578796747,-70.2040686289999,0
			-19.5787939319999,-70.2040842429998,0
			-19.578793334,-70.204133047,0
			-19.578791446,-70.204158869,0
			-19.5787889219999,-70.2041714339999,0
			-19.5787811049999,-70.2041918709999,0
			-19.5787709269999,-70.2042008499999,0
			-19.5787236379999,-70.2041788619999,0
			-19.5787134789999,-70.2041845059999,0
			-19.578709605,-70.204196391,0
			-19.5787099799998,-70.2042484449999,0
			-19.5787105279999,-70.204274759,0
			-19.5787091809999,-70.2042869529999,0
			-19.5787017329999,-70.2043061539999,0
			-19.5786922149999,-70.2043108489999,0
			-19.5786750949999,-70.2042902279999,0
			-19.5786618809999,-70.20426639,0
			-19.5786568209999,-70.204253293,0
			-19.5786531139999,-70.2042398239999,0
			-19.578649503,-70.2042122469999,0
			-19.57864932,-70.2041313109999,0
			-19.578646684,-70.2041066959999,0
			-19.5786429589999,-70.204096278,0
			-19.5786320319999,-70.204081801,0
			-19.5786200389999,-70.2040779939999,0
			-19.5786087139999,-70.2040826749999,0
			-19.5785999739999,-70.2040928119999,0
			-19.5785948289999,-70.2041054519999,0
			-19.5785869859999,-70.2041162629999,0
			-19.578561532,-70.204125796,0
			-19.578546918,-70.2041356009999,0
			-19.578539813,-70.2041445099999,0
			-19.5785344099999,-70.2041551459999,0
			-19.5785293709999,-70.2041789419999,0
			-19.578526855,-70.2041904579999,0
			-19.578517329,-70.2042098339999,0
			-19.5785064849999,-70.2042237659999,0
			-19.5784943089999,-70.2042340679999,0
			-19.578475634,-70.204242891,0
			-19.5784643179999,-70.2042460479999,0
			-19.5784522919999,-70.2042475779999,0
			-19.578427543,-70.2042463469999,0
			-19.5783935349999,-70.20423799,0
			-19.5783724909999,-70.2042365949999,0
			-19.5783623329999,-70.204242429,0
			-19.5783570229999,-70.2042526879999,0
			-19.5783548599999,-70.204265349,0
			-19.5783502589999,-70.204277899,0
			-19.578342511,-70.2042881359999,0
			-19.5783321639999,-70.2042950169999,0
			-19.5783108899999,-70.2043009619999,0
			-19.57829143,-70.2043063469999,0
			-19.5782777219999,-70.204315682,0
			-19.57827294,-70.2043282289999,0
			-19.578271698,-70.2043653029999,0
			-19.5782721379999,-70.2044078229999,0
			-19.578272962,-70.2044470089999,0
			-19.5782739809999,-70.204469898,0
			-19.5782787469999,-70.204487091,0
			-19.578302838,-70.2045190159999,0
			-19.57831135,-70.204529947,0
			-19.5783165299999,-70.204538756,0
			-19.578317801,-70.204551539,0
			-19.5783097859999,-70.204561202,0
			-19.5782966519999,-70.2045659659999,0
			-19.5782798529999,-70.2045649839998,0
			-19.5782699279999,-70.2045627189999,0
			-19.5782601919999,-70.2045594049999,0
			-19.5782467039999,-70.2045495799999,0
			-19.5782344889999,-70.204525087,0
			-19.5782222559999,-70.2045034499999,0
			-19.5782153699999,-70.204492721,0
			-19.578207665,-70.204482846,0
			-19.578198959,-70.204474106,0
			-19.578188977,-70.204466882,0
			-19.5781779929999,-70.2044609869999,0
			-19.578166279,-70.2044563209999,0
			-19.5781542839999,-70.204452897,0
			-19.578133505,-70.2044524569999,0
			-19.5781223149999,-70.204463717,0
			-19.5781176989999,-70.20447884,0
			-19.5781152589999,-70.204519433,0
			-19.5781148889999,-70.2045609919999,0
			-19.5781175929999,-70.2046027669999,0
			-19.5781268769999,-70.204673763,0
			-19.5781420779999,-70.2047516629999,0
			-19.5781464259999,-70.204777339,0
			-19.5781488689999,-70.2048171109999,0
			-19.5781486119999,-70.2049097689999,0
			-19.578148347,-70.2049492339999,0
			-19.5781454019999,-70.2049710439999,0
			-19.5781362989999,-70.2049810789999,0
			-19.578123631,-70.2049837499999,0
			-19.5781069349999,-70.204980861,0
			-19.578095671,-70.2049764879999,0
			-19.578083514,-70.204970201,0
			-19.5780718209999,-70.2049622979999,0
			-19.5780523409999,-70.204943278,0
			-19.5780433689999,-70.204933771,0
			-19.5780339379999,-70.2049253119999,0
			-19.5780244039999,-70.2049187599999,0
			-19.5780008339999,-70.204916678,0
			-19.5779937199999,-70.2049266339999,0
			-19.5779927089999,-70.2049430239999,0
			-19.5779934589999,-70.2049659109999,0
			-19.5780018889999,-70.205002484,0
			-19.5780061639999,-70.2050252029999,0
			-19.5780081599999,-70.205051241,0
			-19.578007806,-70.2050635389999,0
			-19.5780037019998,-70.2050825729999,0
			-19.577995852,-70.2050944309998,0
			-19.5779718479999,-70.2051169399999,0
			-19.577963575,-70.205124505,0
			-19.57795513,-70.2051309249999,0
			-19.5779385569999,-70.2051366169999,0
			-19.577919328,-70.2051339939999,0
			-19.5779095039999,-70.2051303009999,0
			-19.5778964729999,-70.205119525,0
			-19.5778926089999,-70.2051028149999,0
			-19.5778915089999,-70.205023873,0
			-19.5778912379998,-70.204983452,0
			-19.5778892519999,-70.204956173,0
			-19.57788672,-70.2049429989999,0
			-19.5778825589999,-70.2049304789999,0
			-19.5778769419999,-70.2049188079999,0
			-19.5778698779999,-70.204907793,0
			-19.577852747,-70.20488879,0
			-19.5778442119999,-70.204881673,0
			-19.5778297169999,-70.204873748,0
			-19.5778170739999,-70.2048726039999,0
			-19.5778066519999,-70.2048773899999,0
			-19.577800254,-70.2048885899999,0
			-19.577792087,-70.204920751,0
			-19.5777842329999,-70.2049465269999,0
			-19.577773684,-70.204970567,0
			-19.577753217,-70.2050042559999,0
			-19.5777215399999,-70.205052828,0
			-19.577708397,-70.2050726539998,0
			-19.5776969439999,-70.2050827709999,0
			-19.5776779449999,-70.2050864409999,0
			-19.577633852,-70.2050863059999,0
			-19.5776084669999,-70.2050855429998,0
			-19.5775959169998,-70.205084115,0
			-19.577583376,-70.2050813529999,0
			-19.5775712059999,-70.2050771649999,0
			-19.5775598609999,-70.205071169,0
			-19.5775399149999,-70.205054433,0
			-19.5774627329999,-70.2049757839999,0
			-19.5774338449999,-70.2049450649998,0
			-19.5774050769999,-70.2049097709998,0
			-19.5773857359999,-70.2048834089999,0
			-19.5773701799999,-70.2048586029999,0
			-19.5773576949999,-70.204833821,0
			-19.5773478429999,-70.2048073409999,0
			-19.5773416139999,-70.2047795549999,0
			-19.577339356,-70.204752465,0
			-19.577339977,-70.204740552,0
			-19.5773565179999,-70.204712554,0
			-19.5773677459999,-70.204695573,0
			-19.577371792,-70.204684831,0
			-19.5773739489999,-70.204673122,0
			-19.577374478,-70.2046615909999,0
			-19.577373553,-70.204651289,0
			-19.5773684959999,-70.204637427,0
			-19.5773592269999,-70.2046313549999,0
			-19.5773446799999,-70.2046316279999,0
			-19.5773073019998,-70.20464069,0
			-19.5772913829999,-70.204643242,0
			-19.577269331,-70.204643936,0
			-19.5772566819999,-70.2046438409999,0
			-19.577231658,-70.204643085,0
			-19.5772210969999,-70.2046415759999,0
			-19.5771545529999,-70.2046073349999,0
			-19.57713204,-70.2045959169999,0
			-19.577121243,-70.2045889749999,0
			-19.5771023839999,-70.2045719619999,0
			-19.577095313,-70.2045618029999,0
			-19.5770898759999,-70.20455061,0
			-19.5770799189999,-70.2045124979999,0
			-19.5770763929999,-70.2044993179999,0
			-19.5770713289999,-70.2044865059999,0
			-19.5770574829999,-70.204462666,0
			-19.57704081,-70.2044425219999,0
			-19.5770329109999,-70.204435124,0
			-19.577013549,-70.2044254469999,0
			-19.5769430819999,-70.204423875,0
			-19.5769292569999,-70.2044237709999,0
			-19.576875129,-70.2044244189999,0
			-19.57684954,-70.2044275649999,0
			-19.5768391319999,-70.2044301559999,0
			-19.576825798,-70.204437588,0
			-19.5768176029998,-70.2044472509999,0
			-19.5768113829999,-70.204458358,0
			-19.5768070489999,-70.2044713869999,0
			-19.5768048429999,-70.204490531,0
			-19.5768048529999,-70.204502636,0
			-19.5768061219999,-70.2045157059999,0
			-19.5768086539999,-70.2045286919999,0
			-19.5768124589999,-70.204540826,0
			-19.5768169069999,-70.204551059,0
			-19.5768276569999,-70.2045650569999,0
			-19.576843202,-70.204578329,0
			-19.5768522699998,-70.2045866899999,0
			-19.5768608829999,-70.204596096,0
			-19.5768679489999,-70.2046065389999,0
			-19.5768736559999,-70.2046179249999,0
			-19.5768808949998,-70.2046435269999,0
			-19.5768854119999,-70.2046844569999,0
			-19.5768885799998,-70.204710411,0
			-19.5768918389999,-70.2047229229999,0
			-19.576896548,-70.204734969,0
			-19.5769027069999,-70.2047463589999,0
			-19.5769193799999,-70.2047665009999,0
			-19.5769387769999,-70.2047839949999,0
			-19.5769698989999,-70.204805198,0
			-19.5769773449999,-70.204813644,0
			-19.5769802269999,-70.204828633,0
			-19.5769807099998,-70.20487773,0
			-19.5769809869998,-70.2048903159999,0
			-19.576981637,-70.2049012819999,0
			-19.5769852379999,-70.2049168469999,0
			-19.5770034409999,-70.204937765,0
			-19.577020075,-70.2049636279999,0
			-19.577023401,-70.204979572,0
			-19.5770229249999,-70.205077852,0
			-19.5770231139999,-70.2051172249999,0
			-19.577035044,-70.205251823,0
			-19.5770376709999,-70.2052915,0
			-19.5770380439999,-70.2053304919999,0
			-19.5770358789999,-70.205410838,0
			-19.5770356139999,-70.205436957,0
			-19.5770349929999,-70.205448867,0
			-19.5770333879999,-70.2054590549999,0
			-19.5770184789998,-70.205488837,0
			-19.5770124109999,-70.205501893,0
			-19.5770001639999,-70.205549753,0
			-19.5769937399999,-70.2055647679999,0
			-19.5769853559999,-70.2055753819999,0
			-19.576966614,-70.2055944019999,0
			-19.5769508929999,-70.205608109,0
			-19.5769369459999,-70.2056127699999,0
			-19.576918119,-70.2056042419999,0
			-19.5769090639999,-70.2055934979999,0
			-19.576906176,-70.2055794639999,0
			-19.576916313,-70.205549987,0
			-19.5769291769999,-70.2055313979999,0
			-19.576937324,-70.2055158259999,0
			-19.5769360489999,-70.2055035179999,0
			-19.576920948,-70.2054917739999,0
			-19.576899747,-70.2054870419999,0
			-19.5768792879999,-70.2054789769999,0
			-19.5768575169998,-70.205464992,0
			-19.5768479029999,-70.2054568179999,0
			-19.5768401869999,-70.2054487529999,0
			-19.5768225159999,-70.205415828,0
			-19.5768106479999,-70.2053937199999,0
			-19.576768073,-70.205342022,0
			-19.5767514159999,-70.205319398,0
			-19.5767382839999,-70.2052973739999,0
			-19.5767320479999,-70.2052703509999,0
			-19.5767319399999,-70.2052594829999,0
			-19.5767359069999,-70.2052339639999,0
			-19.5767408749999,-70.205220464,0
			-19.5767477409999,-70.205207264,0
			-19.5767649709998,-70.2051843229999,0
			-19.5767920859998,-70.205155926,0
			-19.576799287,-70.205146734,0
			-19.5768045839999,-70.2051381919999,0
			-19.576808802,-70.205102,0
			-19.5768088879999,-70.2050620579999,0
			-19.5768071649999,-70.20503602,0
			-19.5768003699999,-70.2050116599999,0
			-19.5767943899999,-70.205000366,0
			-19.5767396759999,-70.204940189,0
			-19.576731341,-70.2049298319999,0
			-19.5767240939998,-70.2049190059999,0
			-19.5767180289999,-70.2049073309999,0
			-19.5767135049999,-70.2048946189999,0
			-19.5767080849999,-70.204867408,0
			-19.5767053679999,-70.204800754,0
			-19.5767032429999,-70.2047810049999,0
			-19.576699176,-70.204767438,0
			-19.5766749119999,-70.204734177,0
			-19.5766629249999,-70.204715976,0
			-19.5766499489999,-70.2046833729999,0
			-19.57664039,-70.2046671909999,0
			-19.576626271,-70.2046574589999,0
			-19.576607219,-70.2046555069999,0
			-19.576595201,-70.204655322,0
			-19.576582011,-70.2046552239999,0
			-19.5765441489999,-70.204655514,0
			-19.576526508,-70.2046590049999,0
			-19.5764561549998,-70.2047079569999,0
			-19.5763971879999,-70.2047430759999,0
			-19.576374861,-70.2047580679998,0
			-19.5763541459999,-70.2047752649999,0
			-19.5763087379999,-70.2048231639999,0
			-19.576285641,-70.2048450129999,0
			-19.576273768,-70.2048504529999,0
			-19.576261201,-70.2048516919999,0
			-19.576229859,-70.204849936,0
			-19.576215159,-70.2048460129999,0
			-19.5762081569999,-70.2048388129999,0
			-19.576199951,-70.2048230199999,0
			-19.576193111,-70.2048053359998,0
			-19.5761890379999,-70.204792816,0
			-19.5761862369999,-70.204752473,0
			-19.576185223,-70.2047419779999,0
			-19.5761761389999,-70.2047219869999,0
			-19.5761668869999,-70.2047140059999,0
			-19.5761446969999,-70.2047084069999,0
			-19.5761341319999,-70.2047207199999,0
			-19.5761306689999,-70.20476569,0
			-19.5761291329999,-70.204779312,0
			-19.5761258049999,-70.2047904409998,0
			-19.5761182529999,-70.204798485,0
			-19.5761010319999,-70.204779292,0
			-19.5760943099999,-70.2047711389998,0
			-19.5760859489999,-70.2047648809998,0
			-19.5760665449999,-70.2047615919998,0
			-19.5760495009999,-70.2047700429999,0
			-19.5760368259999,-70.2047872999999,0
			-19.5760341859999,-70.204803774,0
			-19.5760341109999,-70.2048421879999,0
			-19.5760335809999,-70.2048672569999,0
			-19.576032241,-70.2048785899999,0
			-19.5760261789999,-70.2048933199999,0
			-19.5760167249998,-70.20490183,0
			-19.5760051209999,-70.2049076529999,0
			-19.575963061,-70.2049143949999,0
			-19.575953113,-70.2049158469999,0
			-19.575938444,-70.2049205049998,0
			-19.5759058639999,-70.204941616,0
			-19.5758873679999,-70.204951202,0
			-19.5758719769999,-70.2049558519998,0
			-19.575853443,-70.2049573359999,0
			-19.575842424,-70.2049569679999,0
			-19.575831504,-70.2049549799999,0
			-19.57582186,-70.204951287,0
			-19.5758083809999,-70.204940128,0
			-19.575805004,-70.2049047359999,0
			-19.5758060059999,-70.2048627999999,0
			-19.575808152,-70.2048389839999,0
			-19.5758129649999,-70.2048222399999,0
			-19.5758287909999,-70.204792997,0
			-19.5758441199999,-70.2047704239999,0
			-19.5758519639999,-70.2047594229999,0
			-19.5758642269999,-70.204736446,0
			-19.5758676509999,-70.2047241739999,0
			-19.575868729,-70.204711597,0
			-19.5758675489999,-70.204698814,0
			-19.5758642859999,-70.204687066,0
			-19.5758597399999,-70.2046777859999,0
			-19.5758420999999,-70.2046670739999,0
			-19.5758193379999,-70.2046659519999,0
			-19.575785187,-70.2046657929999,0
			-19.575752102,-70.2046676429999,0
			-19.575739498,-70.2046742219999,0
			-19.575731931,-70.2046845579999,0
			-19.5757270609999,-70.2046968179999,0
			-19.575724464,-70.2047202489999,0
			-19.5757247699999,-70.2047827869999,0
			-19.5757223419999,-70.204808031,0
			-19.5757195479999,-70.204820307,0
			-19.5757154029999,-70.2048320979999,0
			-19.5757032409998,-70.2048536469998,0
			-19.575671483,-70.204887539,0
			-19.575661316,-70.20490129,0
			-19.5756487789998,-70.2049182559999,0
			-19.5756422899999,-70.2049289799999,0
			-19.575629729,-70.204942804,0
			-19.57561398,-70.2049472619999,0
			-19.575554644,-70.2049567339999,0
			-19.5755286039999,-70.204959115,0
			-19.5754579489999,-70.2049587809999,0
			-19.5754327379999,-70.2049589759998,0
			-19.575420623,-70.2049599329999,0
			-19.575408861,-70.2049623229999,0
			-19.575397811,-70.2049664369998,0
			-19.5753877409999,-70.2049724619999,0
			-19.5753586939998,-70.2050060889998,0
			-19.575346732,-70.2050111469999,0
			-19.5753360109999,-70.2050063969999,0
			-19.5753259179999,-70.2049888759999,0
			-19.575323311,-70.2049597809999,0
			-19.575323397,-70.2049063039999,0
			-19.575323668,-70.2048793269999,0
			-19.5753242989999,-70.204866082,0
			-19.5753259219999,-70.2048530339999,0
			-19.5753288099999,-70.204840186,0
			-19.5753332279999,-70.2048278249999,0
			-19.57533918,-70.2048159559999,0
			-19.5753554129999,-70.2047935779999,0
			-19.575376634,-70.20476876,0
			-19.575400658,-70.2047431979999,0
			-19.5754244629999,-70.204723262,0
			-19.575459499,-70.204699787,0
			-19.5754819209999,-70.2046837459999,0
			-19.5755002839999,-70.2046673919999,0
			-19.575514069,-70.204646236,0
			-19.575517732,-70.2046347889999,0
			-19.575522834,-70.2046188469999,0
			-19.575533478,-70.204594426,0
			-19.5755480089999,-70.2045699399999,0
			-19.5755801919998,-70.2045268059999,0
			-19.5756167119999,-70.2044836059999,0
			-19.5756435609999,-70.204454826,0
			-19.575681201,-70.2044197399999,0
			-19.5756905619999,-70.2044118009999,0
			-19.5756981119999,-70.2044043259999,0
			-19.5757053369999,-70.2043910349999,0
			-19.5757061479999,-70.2043778839999,0
			-19.575702823,-70.204361846,0
			-19.575694379,-70.2043407159999,0
			-19.5756807889998,-70.204319259,0
			-19.5756454369999,-70.2042820099999,0
			-19.5756280419999,-70.204262053,0
			-19.5756118419999,-70.204238958,0
			-19.5755774629999,-70.2041777869999,0
			-19.57556978,-70.20416448,0
			-19.575560185,-70.2041538279999,0
			-19.575550913,-70.2041483249999,0
			-19.5755316139999,-70.204143129,0
			-19.5755154579999,-70.20414053,0
			-19.575461789,-70.2041399409999,0
			-19.5754376689999,-70.2041392849999,0
			-19.5753892139999,-70.2041292029999,0
			-19.5753644829999,-70.2041253959999,0
			-19.575327177,-70.2041235939999,0
			-19.5753023299999,-70.2041235999999,0
			-19.575289948,-70.20412427,0
			-19.5752666879999,-70.204129818,0
			-19.5752470249999,-70.204138346,0
			-19.5752314539999,-70.2041428049999,0
			-19.5752124709999,-70.204144,0
			-19.575192068,-70.20414156,0
			-19.575180141,-70.2041306739999,0
			-19.5751771179999,-70.2041205729999,0
			-19.575178136,-70.2039953199999,0
			-19.5751786109999,-70.2039104799999,0
			-19.57517898,-70.203855193,0
			-19.5751785289999,-70.2038279259999,0
			-19.5751773519999,-70.2038147619999,0
			-19.575174906,-70.2038020649999,0
			-19.5751708299999,-70.2037901189999,0
			-19.5751647589998,-70.2037793969999,0
			-19.575156595,-70.203770376,0
			-19.5751474269999,-70.2037631579999,0
			-19.5751385149999,-70.2037581349999,0
			-19.5748920619999,-70.203752491,0
			-19.5748098469999,-70.2037514039999,0
			-19.5747953909998,-70.2037512959999,0
			-19.5747675609999,-70.2037512809998,0
			-19.5747556289999,-70.203751954,0
			-19.574739327,-70.2037577439999,0
			-19.5747331979999,-70.203768947,0
			-19.5747331939999,-70.2037828639999,0
			-19.5747452969999,-70.2038379589999,0
			-19.5747494699999,-70.2038626779999,0
			-19.5747504699999,-70.203929226,0
			-19.5747501929998,-70.203970838,0
			-19.5747499079999,-70.20399986,0
			-19.5747491829999,-70.2040138689999,0
			-19.5747472859999,-70.2040274849999,0
			-19.5747437669999,-70.2040402319998,0
			-19.574738995,-70.2040511609999,0
			-19.574727529,-70.204063467,0
			-19.574712247,-70.2040651639999,0
			-19.5747019469999,-70.2040650869999,0
			-19.5746901989999,-70.2040650949999,0
			-19.5746535219999,-70.2040644429999,0
			-19.5746353769999,-70.2040617339999,0
			-19.574610304,-70.2040547789999,0
			-19.5745833629999,-70.2040436169999,0
			-19.5745658789999,-70.2040368139999,0
			-19.5745388869999,-70.2040332779999,0
			-19.5745150569999,-70.204029573,0
			-19.5744914439999,-70.2040209129999,0
			-19.574463367,-70.2040038519999,0
			-19.57443627,-70.2039885679998,0
			-19.5744113089999,-70.203978564,0
			-19.5743091039998,-70.2039534009999,0
			-19.5742993619999,-70.2039509889999,0
			-19.5742187439999,-70.2039404309999,0
			-19.5741394099999,-70.203940893,0
			-19.5740869949998,-70.203941932,0
			-19.57406033,-70.2039436409999,0
			-19.5739903309999,-70.203952939,0
			-19.573939395,-70.2039630489999,0
			-19.5739125339999,-70.2039667559999,0
			-19.5738359029999,-70.2039681879999,0
			-19.5738215379999,-70.2039680819999,0
			-19.5737937979999,-70.203967972,0
			-19.573780241,-70.203968634,0
			-19.5737669469999,-70.2039703449999,0
			-19.573740872,-70.20397816,0
			-19.5736668489999,-70.204008399,0
			-19.573643379,-70.2040187109999,0
			-19.5736201589999,-70.204032076,0
			-19.5735976469999,-70.204047448,0
			-19.5735819249999,-70.2040612489999,0
			-19.5735744369999,-70.204073108,0
			-19.573570822,-70.2040867129999,0
			-19.573566899,-70.204132822,0
			-19.5735614829999,-70.2041592829999,0
			-19.5735428979999,-70.2042090959999,0
			-19.5735350379999,-70.204236109,0
			-19.573531149,-70.20426363,0
			-19.5735298909999,-70.204316717,0
			-19.5735266769998,-70.204337954,0
			-19.5735157309999,-70.2043669459999,0
			-19.5735083579999,-70.2043887199999,0
			-19.5735058869999,-70.204406912,0
			-19.57350564,-70.204457527,0
			-19.5735052779999,-70.2044845959999,0
			-19.5735037439999,-70.2044976459999,0
			-19.5735006769999,-70.2045104919999,0
			-19.573495898,-70.204522659,0
			-19.5734892279999,-70.204533571,0
			-19.573480946,-70.2045425669999,0
			-19.573462886,-70.2045544419998,0
			-19.5734436769999,-70.204562403,0
			-19.5734365619999,-70.2045725489999,0
			-19.5734343059999,-70.2045854969999,0
			-19.5734352059998,-70.204653664,0
			-19.5734353529999,-70.2047128619999,0
			-19.573434807,-70.204740407,0
			-19.573431646,-70.2047674579999,0
			-19.573428307,-70.2047805869999,0
			-19.5734180189999,-70.2048056769999,0
			-19.5734037719999,-70.2048284479999,0
			-19.5733782569999,-70.2048604789999,0
			-19.573370413,-70.2048716689999,0
			-19.573363828,-70.204883539,0
			-19.57335426,-70.2049089179999,0
			-19.5733447759999,-70.2049625179999,0
			-19.5733395419998,-70.204988693,0
			-19.573330702,-70.205013509,0
			-19.573250124,-70.2051521109999,0
			-19.573237186,-70.2051757239999,0
			-19.5732314939999,-70.2051890299999,0
			-19.5732239049999,-70.205216142,0
			-19.573212537,-70.2052947009999,0
			-19.5732099219999,-70.2053073599999,0
			-19.5732032619998,-70.2053169389999,0
			-19.5731908529999,-70.205321516,0
			-19.5731335439999,-70.2053248089999,0
			-19.5731216979999,-70.2053262449999,0
			-19.573104035,-70.2053326919998,0
			-19.5730681589998,-70.205374083,0
			-19.573050966,-70.2053916859999,0
			-19.5730428799999,-70.2053980119999,0
			-19.5730278459999,-70.2054034299999,0
			-19.573009253,-70.2054005269999,0
			-19.5729987959999,-70.2053967309999,0
			-19.57298952,-70.2053919909999,0
			-19.5729770389999,-70.2053803649999,0
			-19.5729653149999,-70.2053636899999,0
			-19.572951996,-70.205342144,0
			-19.5729249149999,-70.205270637,0
			-19.5728999149999,-70.205225839,0
			-19.57288955,-70.2052083149999,0
			-19.5728621999999,-70.2051769399999,0
			-19.572846533,-70.205155281,0
			-19.572836461,-70.2051345209999,0
			-19.572832687,-70.2051180009998,0
			-19.572831369,-70.2050854839999,0
			-19.5728297369999,-70.2050728899999,0
			-19.572826472,-70.2050609499999,0
			-19.5728216639999,-70.205050047,0
			-19.5728151339999,-70.205040179,0
			-19.5727777829999,-70.2050049159999,0
			-19.5727481699999,-70.204974384,0
			-19.572739385,-70.2049639269999,0
			-19.572731688,-70.2049530039999,0
			-19.572725351,-70.2049414209999,0
			-19.5727163019999,-70.2049161869999,0
			-19.572696956,-70.2048366359999,0
			-19.5726917119999,-70.2048098109999,0
			-19.5726896379999,-70.2047824369999,0
			-19.5726905569999,-70.204658233,0
			-19.5726903939999,-70.2046284909999,0
			-19.5726880439999,-70.2046013999999,0
			-19.572685593,-70.2045896559998,0
			-19.5726821349999,-70.2045797179999,0
			-19.5726668039999,-70.204561968,0
			-19.5726546439999,-70.2045562539999,0
			-19.5726322539999,-70.2045534189999,0
			-19.5726208699999,-70.2045533319999,0
			-19.572545787,-70.204552871,0
			-19.572533408,-70.2045527779999,0
			-19.5724836219999,-70.2045529809999,0
			-19.572461383,-70.204554721,0
			-19.5724468949999,-70.2045594749999,0
			-19.572436631,-70.2045674999999,0
			-19.572428067,-70.2045779239999,0
			-19.5724219339999,-70.2045898899999,0
			-19.572414903,-70.204627968,0
			-19.572407407,-70.204654605,0
			-19.572392207,-70.2046710769999,0
			-19.5723719979999,-70.204679888,0
			-19.572356202,-70.204677578,0
			-19.5723277179999,-70.204667356,0
			-19.5723123909999,-70.2046624769999,0
			-19.5722922529999,-70.2046608969999,0
			-19.5722811319999,-70.2046618639999,0
			-19.5722640169999,-70.2046675509999,0
			-19.5722553649998,-70.2046774949999,0
			-19.5722512199998,-70.2046895709999,0
			-19.572249867,-70.204702718,0
			-19.5722504109999,-70.2047294129999,0
			-19.5722519829999,-70.204751253,0
			-19.572277431,-70.2048236039999,0
			-19.5722859289999,-70.204849883,0
			-19.572291532,-70.20487671,0
			-19.572293811,-70.2049955039999,0
			-19.5722953469999,-70.205022777,0
			-19.5722975179999,-70.205035853,0
			-19.572305303,-70.205060793,0
			-19.572317165,-70.2050840439999,0
			-19.5723640829999,-70.205147975,0
			-19.5723801099999,-70.205170212,0
			-19.5723870759999,-70.2051822739999,0
			-19.572392775,-70.2051950899999,0
			-19.5723970179999,-70.205208848,0
			-19.5724014359999,-70.205237478,0
			-19.5724007589999,-70.205406393,0
			-19.5724006599999,-70.2054345129998,0
			-19.5723991029999,-70.2054512779999,0
			-19.572395861,-70.205463169,0
			-19.5723901969999,-70.205472471,0
			-19.572379554,-70.205483258,0
			-19.5723684819999,-70.2054904209999,0
			-19.572349742,-70.2054958109999,0
			-19.572333543,-70.205486061,0
			-19.5723255889999,-70.2054732289998,0
			-19.5723115459999,-70.205438139,0
			-19.5723030729999,-70.2054214899998,0
			-19.5722784839999,-70.2053828909999,0
			-19.5722717789999,-70.2053721649999,0
			-19.5722648829999,-70.2053631539999,0
			-19.572252819,-70.2053563899998,0
			-19.5722396589999,-70.205365348,0
			-19.5722227429999,-70.2053950599999,0
			-19.5722178789998,-70.205406367,0
			-19.572214415,-70.205424262,0
			-19.572213152,-70.2054883269998,0
			-19.572212231,-70.205535015,0
			-19.572210895,-70.2055591219998,0
			-19.572206547,-70.2055741519999,0
			-19.572198181,-70.2055824779999,0
			-19.5721847549999,-70.2055900999998,0
			-19.5721670529999,-70.205602551,0
			-19.5721534999999,-70.2056160819999,0
			-19.5721386909999,-70.2056380079999,0
			-19.5721017779999,-70.205662408,0
			-19.5720674309999,-70.205664154,0
			-19.572043483,-70.2056648339999,0
			-19.5720256609999,-70.2056680379999,0
			-19.572015762,-70.2056754929999,0
			-19.571996665,-70.2057344539999,0
			-19.5719872789999,-70.2057598349999,0
			-19.5719815109999,-70.2057711369999,0
			-19.571974847,-70.2057812879999,0
			-19.5719606559999,-70.2057955779999,0
			-19.5719467179999,-70.205799094,0
			-19.5719289519999,-70.2057939119999,0
			-19.5719184169999,-70.2057886839999,0
			-19.5719077989999,-70.205781932,0
			-19.5718980059999,-70.2057737579999,0
			-19.57188106,-70.205753995,0
			-19.5718672039999,-70.20573168,0
			-19.571855625,-70.2057066209999,0
			-19.5718462249999,-70.2056801429999,0
			-19.5718392589999,-70.205654162,0
			-19.571830943,-70.205614065,0
			-19.571824727,-70.20557074,0
			-19.5718221459999,-70.2055107609999,0
			-19.571822321,-70.2054226589999,0
			-19.571822641,-70.2052610109999,0
			-19.571822293,-70.2052046689999,0
			-19.5718203169999,-70.2051759639999,0
			-19.571816256,-70.2051480969999,0
			-19.571807395,-70.205108567,0
			-19.571800061,-70.2050839189999,0
			-19.5717895549999,-70.2050604839999,0
			-19.5717757839998,-70.2050389349999,0
			-19.571759378,-70.205019556,0
			-19.5717412399998,-70.205002741,0
			-19.5717192669999,-70.204991805,0
			-19.571710996,-70.204985452,0
			-19.5717070079999,-70.2049735049999,0
			-19.5717042799999,-70.2049494639999,0
			-19.5716997359999,-70.204926171,0
			-19.571695571,-70.2049139379998,0
			-19.5716897739999,-70.2049023609999,0
			-19.5716830649999,-70.204892397,0
			-19.5716761579999,-70.2048847189999,0
			-19.5716636519999,-70.2048768079999,0
			-19.5716514679999,-70.204874622,0
			-19.5716362899998,-70.2048742229999,0
			-19.5716073589999,-70.204877058,0
			-19.571597992,-70.204886234,0
			-19.5715919719999,-70.204934903,0
			-19.571589617,-70.2049491829999,0
			-19.5715856429999,-70.2049625,0
			-19.5715796079999,-70.204973417,0
			-19.5715716929999,-70.204981462,0
			-19.571562265,-70.2049860629999,0
			-19.5715519569999,-70.2049872239999,0
			-19.5715348269999,-70.2049816619999,0
			-19.5715276229999,-70.204937188,0
			-19.571526342,-70.204926122,0
			-19.5715214759999,-70.2049106409999,0
			-19.5715074479999,-70.2049006239999,0
			-19.571261084,-70.204895359,0
			-19.571221427,-70.2048940179999,0
			-19.571194861,-70.20489401,0
			-19.571183111,-70.2048946849999,0
			-19.571167804,-70.204900386,0
			-19.571162397,-70.2049115,0
			-19.57116159,-70.2049240759999,0
			-19.5711639469999,-70.204936392,0
			-19.57116975,-70.20494711,0
			-19.571179184,-70.2049551879999,0
			-19.5712194619998,-70.2049716919999,0
			-19.5712464699999,-70.2049863829999,0
			-19.5712577699999,-70.20499905,0
			-19.571269652,-70.2050195379999,0
			-19.571279504,-70.2050460169999,0
			-19.5712852769998,-70.2050745619999,0
			-19.571287992,-70.2051144279999,0
			-19.5712880939999,-70.2051534169999,0
			-19.5712873789998,-70.205192782,0
			-19.5712850339999,-70.205219456,0
			-19.57128224,-70.2052317299999,0
			-19.5712778319999,-70.2052422799998,0
			-19.5712722619999,-70.205250817,0
			-19.571259191,-70.2052598719999,0
			-19.571241744,-70.205261172,0
			-19.5712161819999,-70.2052600289999,0
			-19.571202733,-70.205257833,0
			-19.5711903819999,-70.20525364,0
			-19.571179671,-70.2052474599999,0
			-19.5711708699999,-70.2052392919999,0
			-19.5711641589999,-70.205229328,0
			-19.57115936,-70.2052177589999,0
			-19.5711562799999,-70.205205249,0
			-19.5711544719999,-70.2051240159999,0
			-19.5711542939999,-70.2050969429999,0
			-19.571153555,-70.2050854979999,0
			-19.5711499579999,-70.2050695519999,0
			-19.5711368669999,-70.2050543939999,0
			-19.5711193999999,-70.2050452079999,0
			-19.5710956889999,-70.2050372139999,0
			-19.5710701479999,-70.205032832,0
			-19.5709825169999,-70.2050307489999,0
			-19.570968783,-70.2050306469999,0
			-19.570928485,-70.2050304429999,0
			-19.5709037289999,-70.2050305449999,0
			-19.5708934249998,-70.2050311339999,0
			-19.5708783119999,-70.205034741,0
			-19.5708678619999,-70.205043147,0
			-19.5708515349999,-70.2050660949999,0
			-19.5708441529999,-70.205075571,0
			-19.5708356009999,-70.2050846589999,0
			-19.570825967,-70.205092786,0
			-19.570803924,-70.2051061589999,0
			-19.5707794619999,-70.2051157949999,0
			-19.5707153459999,-70.205123898,0
			-19.5706929169999,-70.2051269729999,0
			-19.570677073,-70.2051319079999,0
			-19.5706602979999,-70.2051406479999,0
			-19.5706400579999,-70.2051541279999,0
			-19.5706301509998,-70.2051628249999,0
			-19.5706208709998,-70.2051725729999,0
			-19.570612667,-70.2051830949999,0
			-19.5706057259999,-70.2051940059998,0
			-19.5706004119999,-70.2052048319999,0
			-19.5705967329999,-70.2052146229998,0
			-19.5705944539999,-70.205231194,0
			-19.5705942079999,-70.205322324,0
			-19.5705939239999,-70.2053648359999,0
			-19.5705943729999,-70.205392103,0
			-19.5705957329999,-70.205405077,0
			-19.5706020759999,-70.2054294309999,0
			-19.57066973,-70.20556806,0
			-19.5706761499999,-70.2055811669999,0
			-19.570680034,-70.205594732,0
			-19.5706831729998,-70.205625357,0
			-19.570683678,-70.205643181,0
			-19.5706857329999,-70.205715551,0
			-19.5706845029999,-70.205832029,0
			-19.5706841119999,-70.205917438,0
			-19.5706852689999,-70.2059469979999,0
			-19.5706895769999,-70.205978487,0
			-19.5707045609998,-70.206034841,0
			-19.570708445,-70.206062038,0
			-19.5707096979999,-70.2061044669999,0
			-19.570709515,-70.2061452639999,0
			-19.5707093359999,-70.20617186,0
			-19.5707088919999,-70.206184438,0
			-19.5707043779999,-70.2062109039999,0
			-19.5706972629999,-70.206221053,0
			-19.5706870059999,-70.2062278399999,0
			-19.570623285,-70.206244525,0
			-19.5706025179999,-70.206228546,0
			-19.5705914499999,-70.20622179,0
			-19.5705778279998,-70.2062182569999,0
			-19.5705690959999,-70.206226962,0
			-19.570567373,-70.206471268,0
			-19.5705667309999,-70.2065133009999,0
			-19.5705645419999,-70.2065434069999,0
			-19.5705434119998,-70.206662885,0
			-19.570537631,-70.206689722,0
			-19.5705337509999,-70.206702752,0
			-19.5705221949999,-70.2067280239999,0
			-19.5705061319999,-70.206752211,0
			-19.57048809,-70.2067748599999,0
			-19.5704787129999,-70.206785275,0
			-19.5704601639999,-70.206802677,0
			-19.570451632,-70.2068085229999,0
			-19.5704361499999,-70.2068130789999,0
			-19.5704162709999,-70.2068133129999,0
			-19.5704047999999,-70.2068127509999,0
			-19.5703945079999,-70.2068113409999,0
			-19.5703807269999,-70.206804946,0
			-19.5703443429999,-70.206746622,0
			-19.5702811359999,-70.206659024,0
			-19.5702597689999,-70.2066250249999,0
			-19.5702145339999,-70.2065390869999,0
			-19.5701990909999,-70.2065107569999,0
			-19.57015661,-70.206404628,0
			-19.5701442529999,-70.20637432,0
			-19.570133531,-70.2063428779999,0
			-19.5701254259999,-70.206312027,0
			-19.570116599,-70.2062536219999,0
			-19.570112352,-70.2062265179999,0
			-19.5701089959999,-70.2062149609999,0
			-19.5700988789999,-70.206201253,0
			-19.570046788,-70.206181038,0
			-19.569999681,-70.2061722029999,0
			-19.5699792049999,-70.2061668089999,0
			-19.56996543,-70.2061595559999,0
			-19.5699546019999,-70.2061439379999,0
			-19.5699469809999,-70.206135015,0
			-19.5699361139999,-70.2061388419999,0
			-19.5699332039999,-70.2061684669999,0
			-19.5699314849999,-70.206290565,0
			-19.569930303,-70.206359189,0
			-19.5699294089999,-70.2063846369999,0
			-19.5699263889999,-70.2064041549999,0
			-19.569918964,-70.206419924,0
			-19.5699053769999,-70.2064385059999,0
			-19.5698478839998,-70.206496607,0
			-19.5698100239999,-70.2065407429999,0
			-19.569786049,-70.2065686879999,0
			-19.5697371559999,-70.2066245669999,0
			-19.5697073919999,-70.2066571359999,0
			-19.5696787549999,-70.2066830419998,0
			-19.5696597569999,-70.2067003459999,0
			-19.569644551,-70.2067173919999,0
			-19.5696356889999,-70.2067321959999,0
			-19.5696231909999,-70.206763369,0
			-19.5696111,-70.2067882559999,0
			-19.569604249,-70.206799261,0
			-19.5695906899999,-70.2068134579999,0
			-19.569578011,-70.2068178449999,0
			-19.5695655409999,-70.2068180379999,0
			-19.5695549129999,-70.206813097,0
			-19.569548115,-70.2068026549999,0
			-19.5695461389999,-70.2067873889999,0
			-19.5695480169999,-70.2067226779998,0
			-19.5695503749999,-70.2066943839999,0
			-19.5695553469999,-70.2066670629999,0
			-19.5695631989999,-70.2066411919999,0
			-19.5695852109999,-70.2065926459998,0
			-19.569588895,-70.2065823789999,0
			-19.5695883579999,-70.206567885,0
			-19.569569562,-70.2065681269999,0
			-19.569555378,-70.2065811769999,0
			-19.5695440389999,-70.206588051,0
			-19.5695257569999,-70.206592394,0
			-19.5695008119999,-70.206607081,0
			-19.5694811389999,-70.206616848,0
			-19.569446108,-70.2066265,0
			-19.569434698,-70.2066302269999,0
			-19.569405936,-70.2066480309999,0
			-19.5693926009999,-70.2066560319999,0
			-19.5693806589998,-70.206658136,0
			-19.5693702039999,-70.2066541499998,0
			-19.5693640129999,-70.2066339909999,0
			-19.5693638999999,-70.2066107309999,0
			-19.5693671429999,-70.2065847329999,0
			-19.5693742469999,-70.206563146,0
			-19.569399549,-70.2065357869999,0
			-19.5694150479999,-70.206515214,0
			-19.5694416389999,-70.2064704219999,0
			-19.569448849,-70.2064597979999,0
			-19.569455247,-70.206448692,0
			-19.5694602079999,-70.206436719,0
			-19.569463814,-70.2064241609999,0
			-19.5694661599999,-70.2064112149999,0
			-19.5694673309999,-70.2063983559999,0
			-19.5694672349999,-70.2063856769999,0
			-19.5694655079999,-70.2063735579999,0
			-19.5694621489999,-70.206362476,0
			-19.569457514,-70.206353097,0
			-19.5694366999999,-70.206344175,0
			-19.5694290779999,-70.206362515,0
			-19.5694205539999,-70.2063805629999,0
			-19.569409354,-70.206393539,0
			-19.5693856939999,-70.2064049939999,0
			-19.569366402,-70.206411905,0
			-19.5693513049999,-70.206413031,0
			-19.569334569,-70.206416339,0
			-19.5693241439999,-70.206421217,0
			-19.569276998,-70.2064588999999,0
			-19.5692551029998,-70.2064766569999,0
			-19.569244216,-70.2064834399999,0
			-19.5692327939999,-70.2064887899999,0
			-19.5692088959999,-70.2064955709999,0
			-19.5691966859999,-70.206497196,0
			-19.5691845769999,-70.206497581,0
			-19.569161376,-70.2064943569999,0
			-19.5691334209999,-70.2064861439999,0
			-19.5691066059999,-70.206483179,0
			-19.5690945009999,-70.2064828979999,0
			-19.5690815799999,-70.206482802,0
			-19.5690684789999,-70.2064827039999,0
			-19.569055287,-70.206482606,0
			-19.5690289039999,-70.2064826019999,0
			-19.569016158,-70.2064832679998,0
			-19.5690043079999,-70.2064852769999,0
			-19.5689934419999,-70.2064890099999,0
			-19.5689838259999,-70.206494752,0
			-19.568954504,-70.206528756,0
			-19.5689040449999,-70.206575185,0
			-19.568884601,-70.2065915319999,0
			-19.5688395089999,-70.2066190309999,0
			-19.568817096,-70.2066334479998,0
			-19.5687997379999,-70.206648284,0
			-19.5687741639998,-70.2066894639999,0
			-19.56872924,-70.206745944,0
			-19.56871274,-70.2067677439999,0
			-19.56870607,-70.2067785629999,0
			-19.5687071269999,-70.2067963,0
			-19.568716313,-70.2068008479999,0
			-19.568771795,-70.206800691,0
			-19.5687916659999,-70.206801506,0
			-19.5688030909999,-70.2068091209999,0
			-19.5688074409998,-70.2068207839999,0
			-19.5688079789999,-70.2068481459999,0
			-19.56880618,-70.2068743459999,0
			-19.5688013959999,-70.2069003349999,0
			-19.5687979819999,-70.2069109839999,0
			-19.5687889349999,-70.206926074,0
			-19.5687591509999,-70.2069615999999,0
			-19.5687430299999,-70.206980829,0
			-19.5687356649999,-70.2069877339998,0
			-19.5687230729999,-70.206992596,0
			-19.5687118079999,-70.2069745909999,0
			-19.5687108669998,-70.206939792,0
			-19.5687099479999,-70.2069284409999,0
			-19.56870731,-70.2069178399999,0
			-19.568689016,-70.2068969219999,0
			-19.56863444,-70.2068701129999,0
			-19.5686131939999,-70.2068584199999,0
			-19.5685997229999,-70.2068462139999,0
			-19.5685931399998,-70.2068306259999,0
			-19.5685854959999,-70.206798351,0
			-19.568584937,-70.20673343,0
			-19.5685895389999,-70.2066530109998,0
			-19.5685918029999,-70.206611943,0
			-19.568591351,-70.206584962,0
			-19.5685893529999,-70.206572841,0
			-19.5685856279999,-70.206562424,0
			-19.5685746109999,-70.2065480429999,0
			-19.568527848,-70.206541596,0
			-19.5685166539999,-70.2065403679999,0
			-19.5685016869999,-70.2065356809999,0
			-19.5684823129999,-70.2065140889999,0
			-19.5684655159999,-70.2064993809999,0
			-19.5684550789999,-70.2064928189999,0
			-19.5684321879999,-70.206483594,0
			-19.5684082799999,-70.2064781739999,0
			-19.568359442,-70.2064718049999,0
			-19.5683066949999,-70.2064684549999,0
			-19.5682823,-70.206468561,0
			-19.5682644779998,-70.2064716689999,0
			-19.568253227,-70.206478735,0
			-19.568232539,-70.206505366,0
			-19.568217784,-70.206522986,0
			-19.5682033349999,-70.2065352719999,0
			-19.5681400089999,-70.206573788,0
			-19.5680861709999,-70.206612088,0
			-19.5680674709999,-70.2066250089999,0
			-19.5680525189999,-70.2066312849999,0
			-19.568022217,-70.206636397,0
			-19.5679971769999,-70.2066381159999,0
			-19.5679848029999,-70.206637739,0
			-19.5679727979999,-70.2066359329999,0
			-19.5679616159998,-70.2066327059999,0
			-19.5679518849999,-70.2066282459999,0
			-19.5679402159999,-70.206616723,0
			-19.5679375939999,-70.206590202,0
			-19.5679394759999,-70.206565337,0
			-19.5679417289999,-70.206552581,0
			-19.567945155,-70.2065402129999,0
			-19.5679674899999,-70.2064973879999,0
			-19.5679732569999,-70.2064725509999,0
			-19.5679735089999,-70.2064620689999,0
			-19.5679729469999,-70.2064511989998,0
			-19.5679672699999,-70.2064355219999,0
			-19.56792396,-70.2064262419999,0
			-19.5679013129999,-70.2064216859999,0
			-19.567890587,-70.206417604,0
			-19.5678813159998,-70.2064123859999,0
			-19.5678696509999,-70.206400289,0
			-19.5678644079999,-70.2063330479999,0
			-19.567862691,-70.206305963,0
			-19.5678607929999,-70.2062925079999,0
			-19.5678578069999,-70.2062795229999,0
			-19.5678534639999,-70.2062671909999,0
			-19.5678278349999,-70.2062220079999,0
			-19.5678167649999,-70.2062018119999,0
			-19.5678061699999,-70.206191727,0
			-19.5677912219999,-70.20619743,0
			-19.5677855329999,-70.2062103499999,0
			-19.567779838,-70.206237857,0
			-19.567776335,-70.2062481259999,0
			-19.5677673809999,-70.2062632149999,0
			-19.5677564919999,-70.2062700929999,0
			-19.5677428259999,-70.206273328,0
			-19.567720773,-70.206274403,0
			-19.5677070429999,-70.2062738229999,0
			-19.5676934999999,-70.2062721029999,0
			-19.5676620399999,-70.2062610029999,0
			-19.567586396,-70.2062499529999,0
			-19.5675636789999,-70.2062420629999,0
			-19.5675173769999,-70.206234665,0
			-19.56750519,-70.2062331439999,0
			-19.5674939129999,-70.2062301049999,0
			-19.5674841029999,-70.206224503,0
			-19.5674753879999,-70.206216813,0
			-19.5674675889999,-70.206207698,0
			-19.567454348,-70.2061878699999,0
			-19.567442538,-70.206157087,0
			-19.5674357359999,-70.2061471229999,0
			-19.5674257389999,-70.2061422819999,0
			-19.5674155179998,-70.2061443029999,0
			-19.567400581,-70.2061616359999,0
			-19.5673898809999,-70.2061674669999,0
			-19.5673765769999,-70.2061707989999,0
			-19.5673572269999,-70.2061729419999,0
			-19.567345389,-70.2061731399999,0
			-19.567333197,-70.2061720969999,0
			-19.5673215589999,-70.206169341,0
			-19.5673107499999,-70.2061645909999,0
			-19.567300948,-70.206157654,0
			-19.567277544,-70.206130597,0
			-19.5672662269999,-70.2061206019999,0
			-19.5672479769999,-70.206134096,0
			-19.5672319719999,-70.2061492279999,0
			-19.5672235299999,-70.2061549809999,0
			-19.5671765779999,-70.2061634969999,0
			-19.5671438869999,-70.2061743109999,0
			-19.5671003969999,-70.206178849,0
			-19.5670761569999,-70.206182578,0
			-19.5670293289999,-70.206199767,0
			-19.567016746,-70.2062032009999,0
			-19.5669482239998,-70.2062078399999,0
			-19.5669292229999,-70.2062117019999,0
			-19.5669184199999,-70.2062193419999,0
			-19.566912283,-70.2062319759999,0
			-19.566908193,-70.2062760789999,0
			-19.5669072909999,-70.2062890369999,0
			-19.566905129,-70.2063019829999,0
			-19.5669011619999,-70.2063140609999,0
			-19.566895216,-70.2063250739999,0
			-19.5668872889999,-70.2063349279999,0
			-19.5668774719999,-70.2063437209999,0
			-19.5668668519999,-70.2063508849999,0
			-19.5668566969999,-70.206356242,0
			-19.566829737,-70.20636138,0
			-19.566738143,-70.206357268,0
			-19.5667123039999,-70.2063568849999,0
			-19.5666879949999,-70.206357182,0
			-19.566669818,-70.206359714,0
			-19.5666574879999,-70.2063660099999,0
			-19.5666367549999,-70.2063854899999,0
			-19.5666155499998,-70.2064083999999,0
			-19.5665934159999,-70.2064350229999,0
			-19.5665749909999,-70.2064610039999,0
			-19.5665610959999,-70.206484825,0
			-19.5665504599999,-70.2065081969999,0
			-19.5665421639999,-70.2065327279999,0
			-19.5665297069999,-70.206584778,0
			-19.5665210439999,-70.2066237009999,0
			-19.566517168,-70.2066495989999,0
			-19.566516352,-70.206717081,0
			-19.5665163479999,-70.2067719879999,0
			-19.56651771,-70.2067981139999,0
			-19.566519521,-70.2068108059999,0
			-19.566522511,-70.206823126,0
			-19.566532385,-70.2068466489999,0
			-19.566554195,-70.2068820809999,0
			-19.5665611489999,-70.2068959539999,0
			-19.5665718829999,-70.2069257749999,0
			-19.566583786,-70.2070102229999,0
			-19.5665899349999,-70.207036579,0
			-19.5665940429999,-70.2070574859998,0
			-19.566594553,-70.2070757909999,0
			-19.566593768,-70.2070985669999,0
			-19.5665920719999,-70.207108755,0
			-19.5665848529999,-70.2071209959999,0
			-19.5665740729999,-70.2071252059998,0
			-19.5665415959999,-70.2071175289999,0
			-19.5665242119998,-70.2071225459999,0
			-19.5665186959999,-70.207177413,0
			-19.566516437,-70.207191027,0
			-19.566513007,-70.20720406,0
			-19.566508771,-70.2072157539999,0
			-19.5665040999999,-70.207225347,0
			-19.5664940849999,-70.2072367119999,0
			-19.566482219,-70.2072410059999,0
			-19.56644155,-70.2072424209999,0
			-19.566428623,-70.2072433709999,0
			-19.566416321,-70.2072451869999,0
			-19.566397299,-70.2072522899999,0
			-19.5663889909999,-70.2072650969999,0
			-19.5663859419999,-70.207288905,0
			-19.5663838189998,-70.207336169,0
			-19.5663839839999,-70.2073655279999,0
			-19.5663928439999,-70.2074592979999,0
			-19.5663944349999,-70.2075453849999,0
			-19.566394879,-70.207573511,0
			-19.5663987469999,-70.2076029919999,0
			-19.56640686,-70.2076330809999,0
			-19.5664233899999,-70.207674383,0
			-19.5664542169999,-70.2077393349999,0
			-19.566473469,-70.207778944,0
			-19.5664865859999,-70.2078036329999,0
			-19.566500984,-70.2078260479999,0
			-19.566524112,-70.2078532899999,0
			-19.566534587,-70.2078680479999,0
			-19.5665441259999,-70.20788709,0
			-19.5665547899999,-70.207913858,0
			-19.5665652369999,-70.20794606,0
			-19.5665733349999,-70.2079778639999,0
			-19.5665782929998,-70.2080066869999,0
			-19.5665866929999,-70.2080881549999,0
			-19.5665896699998,-70.208129453,0
			-19.566589306,-70.208170248,0
			-19.5665881429999,-70.208195404,0
			-19.5665868069999,-70.208205977,0
			-19.566565716,-70.208265776,0
			-19.5665565069999,-70.2082918259999,0
			-19.5665450339999,-70.2083183349999,0
			-19.5665115289999,-70.2083833819999,0
			-19.5664915089999,-70.2084180259999,0
			-19.56648439,-70.208428935,0
			-19.566470532,-70.2084469409999,0
			-19.5664583679999,-70.2084557169999,0
			-19.5664462409999,-70.2084582939999,0
			-19.5664108559999,-70.2084532669999,0
			-19.5663914759999,-70.2084599839999,0
			-19.5663878709999,-70.208471967,0
			-19.5663872309999,-70.208513619,0
			-19.5663876949999,-70.2085658609998,0
			-19.566397126,-70.2086548669999,0
			-19.5663990039999,-70.208698536,0
			-19.5663978529998,-70.2088971809999,0
			-19.5663975409999,-70.208957517,0
			-19.5663966919999,-70.2089895399999,0
			-19.566394233,-70.209019548,0
			-19.5663556709999,-70.2091916999999,0
			-19.5663298539999,-70.2092828259999,0
			-19.5663205299999,-70.209325558,0
			-19.5663124459999,-70.2093723959999,0
			-19.5663109939999,-70.2093869679999,0
			-19.5663119879999,-70.2094139529999,0
			-19.5663151569999,-70.209426272,0
			-19.566319693,-70.2094369829999,0
			-19.5663309969999,-70.2094490759999,0
			-19.5663666699999,-70.2094517259999,0
			-19.5663832669999,-70.209456141,0
			-19.5663914169999,-70.2094666859999,0
			-19.5663935609999,-70.2094840509999,0
			-19.566393111,-70.2095698009999,0
			-19.5663929159999,-70.2096070109998,0
			-19.566392806,-70.209636846,0
			-19.5663937979999,-70.209664308,0
			-19.566397684,-70.209691027,0
			-19.5664170369999,-70.2097695269999,0
			-19.5664301259999,-70.2098251029998,0
			-19.5664362489998,-70.209855364,0
			-19.5664409249999,-70.209885618,0
			-19.5664450559999,-70.209929878,0
			-19.5664460309999,-70.2099595299999,0
			-19.566445915,-70.2100036649999,0
			-19.566445455,-70.2100184339999,0
			-19.566444369,-70.2100324389999,0
			-19.5664418439999,-70.2100450019999,0
			-19.5664373459999,-70.2100555499999,0
			-19.5664306959999,-70.2100636979999,0
			-19.566421804,-70.2100692559999,0
			-19.5664107599999,-70.2100721279999,0
			-19.566385184,-70.2100730829999,0
			-19.5663723559999,-70.2100726999999,0
			-19.566360437,-70.210071468,0
			-19.5663501549999,-70.2100686249999,0
			-19.5663346939999,-70.2100567849999,0
			-19.5662939349999,-70.209990805,0
			-19.566282389,-70.2099743229999,0
			-19.56627302,-70.2100105699999,0
			-19.566271671,-70.210023334,0
			-19.566268785,-70.2100358,0
			-19.5662646459999,-70.210046827,0
			-19.5662541589999,-70.2100610459999,0
			-19.5662422009999,-70.2100655309999,0
			-19.5662090359999,-70.2100662389999,0
			-19.566188085,-70.2100646509999,0
			-19.5661726669999,-70.210059675,0
			-19.5661444879999,-70.2100443109999,0
			-19.5661337859999,-70.210037079,0
			-19.5661241719999,-70.2100289069999,0
			-19.5661155589999,-70.210019689,0
			-19.5661081269999,-70.2100095309999,0
			-19.5660963579999,-70.209986279,0
			-19.5660831469999,-70.209948816,0
			-19.5660721949999,-70.209924427,0
			-19.5660572619999,-70.2099009619999,0
			-19.5660211589999,-70.2098551269999,0
			-19.5660030619999,-70.209831827,0
			-19.5659789159999,-70.2097945689999,0
			-19.5659352799998,-70.2097126469999,0
			-19.56591567,-70.2096727509999,0
			-19.5658718479999,-70.2095647089999,0
			-19.5658585639999,-70.2095381119999,0
			-19.5658433629999,-70.209514359,0
			-19.5657927259999,-70.209452687,0
			-19.5657646039999,-70.209415399,0
			-19.5657400079999,-70.209377753,0
			-19.565726431,-70.209354299,0
			-19.5657172919999,-70.2093367809999,0
			-19.5657030829999,-70.209305797,0
			-19.565663194,-70.209177385,0
			-19.565646737,-70.2091253119999,0
			-19.565639233,-70.2090990419999,0
			-19.565633911,-70.2090706899999,0
			-19.565630343,-70.2089825859999,0
			-19.565628375,-70.208939487,0
			-19.5656252279999,-70.2089101999998,0
			-19.565619375,-70.2088801289999,0
			-19.565611256,-70.208850995,0
			-19.565606107,-70.208837326,0
			-19.5655928069999,-70.208813016,0
			-19.5655844679999,-70.2088035149999,0
			-19.5655747569999,-70.20879639,0
			-19.5655640389999,-70.2087914489999,0
			-19.565552403,-70.208788312,0
			-19.5655275679999,-70.2087862199999,0
			-19.5654878829999,-70.2087901659999,0
			-19.5653977769999,-70.2088331049999,0
			-19.5653901129999,-70.20884401,0
			-19.5653816399999,-70.2088545279999,0
			-19.565372183,-70.2088635109999,0
			-19.5653618339999,-70.2088707739999,0
			-19.565350774,-70.2088760289999,0
			-19.5653390969999,-70.2088793749999,0
			-19.5653272509998,-70.2088807169999,0
			-19.5653154189999,-70.2088800559999,0
			-19.5653039619999,-70.208877587,0
			-19.5652932369999,-70.208873218,0
			-19.5652834309999,-70.208866949,0
			-19.565243449,-70.208819467,0
			-19.5652360899999,-70.2088118799999,0
			-19.5652147159999,-70.208806193,0
			-19.5652095869999,-70.20881645,0
			-19.565207658,-70.2088887849999,0
			-19.5652059349999,-70.2089299489999,0
			-19.5652016949998,-70.2089559409999,0
			-19.565187462,-70.2090034019999,0
			-19.5651807319999,-70.2090234639999,0
			-19.5651590949998,-70.2090566659999,0
			-19.565141597,-70.2090923769999,0
			-19.5651308079999,-70.209111456,0
			-19.5651166649999,-70.209118501,0
			-19.5650938379999,-70.2091002189998,0
			-19.5650322579999,-70.209013016,0
			-19.5650148879999,-70.2089892459999,0
			-19.5649963239999,-70.2089685179999,0
			-19.564980254,-70.2089528609999,0
			-19.5649651489999,-70.2089418819999,0
			-19.5648959589999,-70.2089114359999,0
			-19.5648781109999,-70.2089049149999,0
			-19.564853421,-70.2089086399999,0
			-19.564845324,-70.2089168729999,0
			-19.5648403569999,-70.2089297999999,0
			-19.5648383019999,-70.2089534229999,0
			-19.56483743,-70.2089754369999,0
			-19.564838687,-70.20899022,0
			-19.56484398,-70.209009325,0
			-19.5649098579999,-70.209129635,0
			-19.5649752739999,-70.2092511819999,0
			-19.564989544,-70.209278836,0
			-19.5650067039999,-70.2093205249998,0
			-19.565014654,-70.2093476549999,0
			-19.5650193499998,-70.2093752379998,0
			-19.565022143,-70.20944389,0
			-19.5650232309999,-70.2094703029999,0
			-19.5650261679999,-70.2094902469998,0
			-19.5650344839999,-70.209516809,0
			-19.565040364,-70.2095426829999,0
			-19.5650448489999,-70.2096016259999,0
			-19.5650467529999,-70.209627854,0
			-19.5650493789999,-70.209640076,0
			-19.565053457,-70.209651735,0
			-19.5650823569999,-70.2096944629999,0
			-19.565095388,-70.2097182969999,0
			-19.5651109269999,-70.209759209,0
			-19.5651242129999,-70.209798963,0
			-19.5651317209999,-70.209824661,0
			-19.565137415,-70.2098516789998,0
			-19.5651442469999,-70.2099374259999,0
			-19.565147585,-70.209964998,0
			-19.5651545469999,-70.2099912629999,0
			-19.5651813229998,-70.2100542809999,0
			-19.565191721,-70.2100803789999,0
			-19.5652001099999,-70.2101089449999,0
			-19.5652085749999,-70.210153905,0
			-19.565221659,-70.210264288,0
			-19.5652258919999,-70.2103068339998,0
			-19.565230185,-70.2103807409999,0
			-19.565230528,-70.2104101959999,0
			-19.5652286499998,-70.210434301,0
			-19.5652242399999,-70.2104585739999,0
			-19.565219869,-70.210477225,0
			-19.565211097,-70.2104917429999,0
			-19.5651749269999,-70.2104958589999,0
			-19.565160576,-70.2105068069999,0
			-19.5651572579999,-70.210516887,0
			-19.5651576139999,-70.2105313789999,0
			-19.5651610239999,-70.210548085,0
			-19.5651923949999,-70.210612853,0
			-19.565244451,-70.2107322989999,0
			-19.5652609209998,-70.210768835,0
			-19.565281555,-70.2108048309999,0
			-19.5653406669999,-70.210895921,0
			-19.5653631209998,-70.2109295479999,0
			-19.5653752599999,-70.210951849,0
			-19.5653841729998,-70.210983562,0
			-19.5653886049999,-70.2109962719999,0
			-19.5653978,-70.211012833,0
			-19.5654120369999,-70.2110322899999,0
			-19.5654594559999,-70.2110752509999,0
			-19.5654822449999,-70.2110966449999,0
			-19.565496798,-70.2111117539999,0
			-19.5656030859999,-70.211255434,0
			-19.5656429119998,-70.211312258,0
			-19.565678949,-70.211368576,0
			-19.565700637,-70.2114082979999,0
			-19.565711483,-70.2114346879999,0
			-19.5657184339998,-70.2114629549999,0
			-19.5657293899999,-70.211540058,0
			-19.5657396249999,-70.2115900819999,0
			-19.5657600679999,-70.2116676369999,0
			-19.5657712459999,-70.2117120449999,0
			-19.5657797299999,-70.2117534779999,0
			-19.565783337,-70.211781435,0
			-19.5657903029999,-70.212103294,0
			-19.5657893229999,-70.212289261,0
			-19.5657890479998,-70.2123168069999,0
			-19.5657895859999,-70.2123308239999,0
			-19.565794916,-70.212357934,0
			-19.5658028919999,-70.2123811559999,0
			-19.5658071119999,-70.2123987269999,0
			-19.5658082429998,-70.212418565,0
			-19.5658053769999,-70.21244161,0
			-19.5658012439999,-70.2124518749999,0
			-19.5657876549999,-70.2124703609999,0
			-19.5657591819999,-70.2124990309999,0
			-19.565741519,-70.2125192019999,0
			-19.565710489,-70.21257826,0
			-19.5656816839999,-70.212629614,0
			-19.565652094,-70.2126762899999,0
			-19.5656314489999,-70.212709785,0
			-19.5656077909999,-70.212761273,0
			-19.5655787059999,-70.2128134819999,0
			-19.5655713879999,-70.2128266779999,0
			-19.5655655219999,-70.2128393109999,0
			-19.56556101,-70.2128519549999,0
			-19.5655561319999,-70.212878513,0
			-19.565554666,-70.2129219699999,0
			-19.5655530279998,-70.212950457,0
			-19.5655507669999,-70.2129642639999,0
			-19.5655466999999,-70.2129777699998,0
			-19.5655401939999,-70.212991352,0
			-19.5655307979999,-70.2130047209999,0
			-19.5655198729999,-70.213016936,0
			-19.56550942,-70.2130263889999,0
			-19.5655005259999,-70.2130320429999,0
			-19.565482791,-70.2130357229999,0
			-19.5654293009999,-70.2130359899999,0
			-19.5654150249999,-70.2130359779999,0
			-19.565373376,-70.21303519,0
			-19.5653619989999,-70.213033961,0
			-19.565320866,-70.2130103,0
			-19.5652982739998,-70.2129973579999,0
			-19.5652483189999,-70.212982113,0
			-19.5652382169999,-70.212979371,0
			-19.5652177179999,-70.212964346,0
			-19.565202679,-70.2129433579999,0
			-19.5651610259998,-70.2128625,0
			-19.5651452019999,-70.2128373109999,0
			-19.565136692,-70.2128263809999,0
			-19.565128435,-70.212818216,0
			-19.5651139229999,-70.2128128649999,0
			-19.565101319,-70.2128196369999,0
			-19.5650921939998,-70.2128329109999,0
			-19.5650893839999,-70.212847476,0
			-19.5650912069999,-70.212993046,0
			-19.5650923779999,-70.2130207929999,0
			-19.5651112649999,-70.2131814539999,0
			-19.5651183979999,-70.213222593,0
			-19.565122093,-70.2132508349999,0
			-19.565123168,-70.2132791549999,0
			-19.565122264,-70.2133059329999,0
			-19.5651203839998,-70.213316691,0
			-19.565112159,-70.2133307349999,0
			-19.5650958319999,-70.213340051,0
			-19.5650731989999,-70.2133468379999,0
			-19.565048697,-70.2133489439999,0
			-19.5649412679999,-70.2133483289999,0
			-19.5649280769999,-70.2133482329999,0
			-19.5649150679999,-70.2133481349999,0
			-19.5648905839999,-70.213347571,0
			-19.564880471,-70.213346542,0
			-19.564858586,-70.2133360819999,0
			-19.564842153,-70.2133208989999,0
			-19.5648253939999,-70.21330047,0
			-19.564783876,-70.213239916,0
			-19.5647514319999,-70.2131870569999,0
			-19.5647211509998,-70.213134974,0
			-19.5647083969999,-70.2131101909999,0
			-19.5646915749999,-70.2130722209999,0
			-19.564677462,-70.21303456,0
			-19.5646711329999,-70.2130085849999,0
			-19.5646674119999,-70.2129705249999,0
			-19.5646641659999,-70.2129560109999,0
			-19.5646587559999,-70.2129410039999,0
			-19.5646502579999,-70.2129281699999,0
			-19.56463874,-70.2129210289999,0
			-19.5645820889999,-70.212920508,0
			-19.564560415,-70.2129189169999,0
			-19.5645455439999,-70.212913564,0
			-19.5645352099999,-70.2129049079999,0
			-19.5645234019999,-70.212887375,0
			-19.5644958199999,-70.2128369339998,0
			-19.5644633009999,-70.2127684419999,0
			-19.564438122,-70.212709917,0
			-19.5644262939999,-70.2126817089999,0
			-19.564415727,-70.212654178,0
			-19.5644077749999,-70.2126275219999,0
			-19.5644034569999,-70.2125979419999,0
			-19.564401887,-70.2125354919999,0
			-19.5644012539998,-70.2125221429999,0
			-19.5643975299999,-70.2125119159999,0
			-19.564386664,-70.2125018259999,0
			-19.5643691899999,-70.2125070339999,0
			-19.5643651409999,-70.212518061,0
			-19.5643633919999,-70.2126301439999,0
			-19.564363107,-70.2126727519999,0
			-19.5643632819999,-70.212700301,0
			-19.564365359,-70.2127274839999,0
			-19.56437069,-70.2127543089999,0
			-19.5643914239999,-70.212815183,0
			-19.5644027339999,-70.2128534909999,0
			-19.5644178489999,-70.2129304329999,0
			-19.5644271389999,-70.212973112,0
			-19.564440315,-70.2130156279999,0
			-19.5644828739999,-70.2131231829999,0
			-19.5644921949999,-70.213147751,0
			-19.5645204429999,-70.2132469059999,0
			-19.5645623109999,-70.2133762839999,0
			-19.5645736069999,-70.2134164999999,0
			-19.564582722,-70.213458128,0
			-19.5645879669999,-70.2134844759999,0
			-19.564591493,-70.213510715,0
			-19.56459258,-70.2135377,0
			-19.5645909609999,-70.2135631359999,0
			-19.5645856019999,-70.2135809209999,0
			-19.5645762409999,-70.21358886,0
			-19.564503589,-70.2135898419999,0
			-19.5644913979999,-70.2135891779999,0
			-19.564481106,-70.2135876709999,0
			-19.5644675999998,-70.213580801,0
			-19.5644598119999,-70.2135699729999,0
			-19.5644486869999,-70.21353119,0
			-19.5644448799999,-70.213519436,0
			-19.5644398919999,-70.213508723,0
			-19.564433897,-70.213500005,0
			-19.56442077,-70.213490467,0
			-19.5644045149999,-70.213489012,0
			-19.564383098,-70.2134895179999,0
			-19.564372877,-70.2134908719999,0
			-19.5643582869999,-70.2134974349999,0
			-19.5643484579999,-70.2135078469999,0
			-19.5643188629999,-70.2135552859999,0
			-19.5643056139999,-70.2135771119999,0
			-19.5642995929999,-70.2135858359999,0
			-19.5642888589999,-70.2135965269999,0
			-19.5642776279999,-70.2136005429999,0
			-19.5642388639999,-70.213600727,0
			-19.5642119459999,-70.2135994799999,0
			-19.564185042,-70.2135962269999,0
			-19.5641320789999,-70.213585155,0
			-19.5641078959999,-70.213580399,0
			-19.564085943,-70.213566317,0
			-19.5640440929999,-70.2135148149999,0
			-19.564024811,-70.2134933199999,0
			-19.5640037929999,-70.2134747649999,0
			-19.563958258,-70.2134474499999,0
			-19.563935858,-70.2134327909998,0
			-19.563916465,-70.213414347,0
			-19.563854437,-70.213340008,0
			-19.563832541,-70.2133176359999,0
			-19.5638137539999,-70.213303481,0
			-19.5637550879999,-70.2132937,0
			-19.5637421789999,-70.2132918889999,0
			-19.5637201769999,-70.2132854329999,0
			-19.5637018739999,-70.2132661379999,0
			-19.5636660549999,-70.213204388,0
			-19.5636498809999,-70.2131774819999,0
			-19.5636316149998,-70.2131527509999,0
			-19.5636217489999,-70.2131419069999,0
			-19.5636007269999,-70.21312402,0
			-19.5635700289999,-70.2131069189999,0
			-19.5635555389999,-70.2130985159999,0
			-19.5635401769999,-70.2130853419999,0
			-19.5635220579999,-70.2130654749999,0
			-19.5635048709999,-70.213041897,0
			-19.5634735029999,-70.212990095,0
			-19.563450202,-70.2129480739999,0
			-19.5634287239999,-70.2129038769999,0
			-19.5634101299999,-70.2128606519999,0
			-19.5633939699999,-70.212818209,0
			-19.5633800789999,-70.212774638,0
			-19.5633640919999,-70.2127060779999,0
			-19.5633511139999,-70.2126476459999,0
			-19.563345339,-70.212605947,0
			-19.5633434389999,-70.2125659929999,0
			-19.563342349,-70.2125398669999,0
			-19.563341164,-70.212527848,0
			-19.5633392449999,-70.2125176349999,0
			-19.5633325639999,-70.2125038579999,0
			-19.563322855,-70.212496255,0
			-19.563312292,-70.2124948429999,0
			-19.5633039329999,-70.212501832,0
			-19.563299878,-70.212513433,0
			-19.5632988739999,-70.2125824359999,0
			-19.5632979709999,-70.2126095009999,0
			-19.5632947209999,-70.21263569,0
			-19.5632912909999,-70.212648723,0
			-19.563286144,-70.212661553,0
			-19.563279469,-70.212673513,0
			-19.5632711769999,-70.212683936,0
			-19.5632616349999,-70.212691965,0
			-19.563242074,-70.2126984929999,0
			-19.563227132,-70.2126898989998,0
			-19.5632226769999,-70.2126808109999,0
			-19.5632195979999,-70.2126144439999,0
			-19.5632181389999,-70.2126029949998,0
			-19.5632045639999,-70.2125927889999,0
			-19.5631992419999,-70.212604949,0
			-19.5631916139999,-70.212650933,0
			-19.5631821059999,-70.212761625,0
			-19.563180206,-70.212775431,0
			-19.5631773139999,-70.2127887549999,0
			-19.5631728939998,-70.212801304,0
			-19.563167124,-70.2128128909999,0
			-19.563159915,-70.212823607,0
			-19.5631513549999,-70.21283317,0
			-19.5631412199999,-70.2128419589999,0
			-19.563056982,-70.2128530529999,0
			-19.563020213,-70.2128522059999,0
			-19.56300397,-70.2128489409999,0
			-19.562986586,-70.2128406119999,0
			-19.5629749559999,-70.2128368089999,0
			-19.5629109009999,-70.2128357569999,0
			-19.5628716879999,-70.2128358459999,0
			-19.5628484599999,-70.2128370069999,0
			-19.5628320779999,-70.212840983,0
			-19.5627789119999,-70.2128868149999,0
			-19.562757104,-70.212904857,0
			-19.562744164,-70.212921443,0
			-19.56274114,-70.2129409609999,0
			-19.562740903,-70.213043714,0
			-19.5627404309999,-70.2130733549999,0
			-19.562738891,-70.2131007949999,0
			-19.5627332769999,-70.2131428869999,0
			-19.562724729,-70.2131914359999,0
			-19.5627155759999,-70.2132355959999,0
			-19.5627088539999,-70.2132546079998,0
			-19.5627004689999,-70.2132651259999,0
			-19.562689399,-70.213272193,0
			-19.562672188,-70.2132787359999,0
			-19.5626490189999,-70.2132845689998,0
			-19.5626108659999,-70.2132877139998,0
			-19.56258638,-70.213287532,0
			-19.5625762669999,-70.213286598,0
			-19.562561398,-70.213280958,0
			-19.5625480269999,-70.2132670359999,0
			-19.5625358889999,-70.2132450219999,0
			-19.5625320869999,-70.2132324109999,0
			-19.5625272269999,-70.2131488749999,0
			-19.562525433,-70.213120169,0
			-19.562521943,-70.2130884009999,0
			-19.5625153749999,-70.2130569929999,0
			-19.5625008439999,-70.2130144669999,0
			-19.5624917189999,-70.2129876119999,0
			-19.5624868469999,-70.2129595529999,0
			-19.5624856599999,-70.2128672739998,0
			-19.562485501,-70.2127564149999,0
			-19.562485432,-70.2126994129999,0
			-19.5624868519999,-70.2126761669999,0
			-19.562497231,-70.2126512689999,0
			-19.5625118349999,-70.2126292639999,0
			-19.5625209469999,-70.2126178929999,0
			-19.5625312229998,-70.212607963,0
			-19.562542483,-70.212599563,0
			-19.5625549049998,-70.2125931739999,0
			-19.5625685779999,-70.212588795,0
			-19.56259725,-70.212584625,0
			-19.5626371,-70.2125839699999,0
			-19.5626628549999,-70.212583497,0
			-19.5626751549999,-70.2125818719999,0
			-19.5626868319999,-70.2125788139999,0
			-19.562705416,-70.212569327,0
			-19.5627151739999,-70.2125561509999,0
			-19.562719826,-70.212536072,0
			-19.5627223539998,-70.2125094959999,0
			-19.5627230849999,-70.2124815719999,0
			-19.5627229999999,-70.212453737,0
			-19.5627208389999,-70.212425507,0
			-19.5627138949999,-70.2123970489999,0
			-19.5627025119999,-70.212369607,0
			-19.562689924,-70.212347113,0
			-19.5626792539999,-70.2123345469999,0
			-19.562663872,-70.2123244209999,0
			-19.5626541679999,-70.2123164379999,0
			-19.5626452289999,-70.212301883,0
			-19.5626354539999,-70.2122775989999,0
			-19.562631664,-70.2122634629999,0
			-19.5626257369999,-70.212177058,0
			-19.562620968,-70.212147665,0
			-19.5626009409999,-70.212088893,0
			-19.562582477,-70.212026129,0
			-19.5625570369999,-70.2119667449999,0
			-19.5625448879999,-70.2119592189999,0
			-19.5625065109999,-70.2119556909999,0
			-19.5624917189999,-70.2119517679999,0
			-19.562459567,-70.2119360849999,0
			-19.5624473029999,-70.2119323719999,0
			-19.5624443409999,-70.2119161449999,0
			-19.5624433679999,-70.2118187219999,0
			-19.5624401089999,-70.2117791389999,0
			-19.5624400069999,-70.2117269989999,0
			-19.562438465,-70.21170125,0
			-19.5624363799999,-70.2116887479999,0
			-19.5621127919999,-70.211568832,0
			-19.5621078099999,-70.211640541,0
			-19.562105695,-70.211753669,0
			-19.5621051449999,-70.2117951279999,0
			-19.5621029819999,-70.2118214209999,0
			-19.56209811,-70.2118472169999,0
			-19.5620857489999,-70.211898119,0
			-19.5620633629999,-70.2119621979999,0
			-19.56200036,-70.212113954,0
			-19.5619663969998,-70.2121392449999,0
			-19.5619217639999,-70.212138911,0
			-19.561896239,-70.2121188949998,0
			-19.5618529679999,-70.2120769169998,0
			-19.5617740009999,-70.2120091259999,0
			-19.5617316459999,-70.211978878,0
			-19.5617088969999,-70.2119625039999,0
			-19.561697668,-70.2119526029999,0
			-19.5616870809999,-70.211941466,0
			-19.5616778539999,-70.2119297669999,0
			-19.5616702529999,-70.2119177009999,0
			-19.5616606429999,-70.2118956099998,0
			-19.5616543799999,-70.2118460929999,0
			-19.5616368489999,-70.2117926779999,0
			-19.5616315979999,-70.2117671889999,0
			-19.5616293459999,-70.211725899,0
			-19.561626007,-70.2116984209999,0
			-19.5616016139999,-70.2116035859999,0
			-19.561570181,-70.211507936,0
			-19.5615611429999,-70.2114813699999,0
			-19.5615543649998,-70.2114545329999,0
			-19.561549049,-70.2114118879999,0
			-19.5615438199999,-70.211383443,0
			-19.5615350539999,-70.211356783,0
			-19.5615297159999,-70.211344255,0
			-19.561523646,-70.2113330599999,0
			-19.5615162139999,-70.2113229939999,0
			-19.561507413,-70.2113150179999,0
			-19.5614976029999,-70.211309509,0
			-19.5614876759999,-70.2113074349999,0
			-19.5614704669998,-70.2113136939999,0
			-19.5614614319999,-70.2113267789999,0
			-19.561457466,-70.2115007089999,0
			-19.561456112,-70.211527196,0
			-19.56145422,-70.21153986,0
			-19.5614463049999,-70.211561247,0
			-19.5614383349999,-70.2115775839999,0
			-19.5614308559999,-70.2115881079999,0
			-19.5614203519999,-70.211591271,0
			-19.5614045729999,-70.2115730419999,0
			-19.5613952359999,-70.211550476,0
			-19.5613877279999,-70.2115251609999,0
			-19.5613839219999,-70.2114996809999,0
			-19.561382097,-70.2114888979999,0
			-19.5613698579999,-70.2114815629999,0
			-19.5613667229999,-70.2116794199999,0
			-19.5613653619998,-70.21170734,0
			-19.561351848,-70.211795314,0
			-19.561347799,-70.211954373,0
			-19.5613468129999,-70.2119934469999,0
			-19.561343617,-70.212012391,0
			-19.5613370299999,-70.2120243529999,0
			-19.5613279379999,-70.212032672,0
			-19.5613098289999,-70.212038255,0
			-19.561290942,-70.212038591,0
			-19.561266303,-70.212034596,0
			-19.5612534159999,-70.212029447,0
			-19.5612319149999,-70.2120155589999,0
			-19.561221173,-70.212000325,0
			-19.5612113519999,-70.2119291429998,0
			-19.561208818,-70.2119162559999,0
			-19.561200304,-70.2118923609999,0
			-19.561195127,-70.2118827899998,0
			-19.5611335359999,-70.2118376239998,0
			-19.561089851,-70.2118039389999,0
			-19.561079962,-70.211796238,0
			-19.5610695259999,-70.2117895819999,0
			-19.561046188,-70.2117798749999,0
			-19.561020657,-70.2117741589999,0
			-19.560995374,-70.211771681,0
			-19.5609844379999,-70.2117722669999,0
			-19.5609716469999,-70.2117799869999,0
			-19.5609682989999,-70.2118208529999,0
			-19.5609663579999,-70.2118406649999,0
			-19.5609613,-70.2118541629999,0
			-19.560951723,-70.211867341,0
			-19.5609264429999,-70.211891269,0
			-19.5609045629999,-70.211907119,0
			-19.560893585,-70.2119135189999,0
			-19.560883525,-70.211918208,0
			-19.560866695,-70.2119217989999,0
			-19.5608227819999,-70.2119215699998,0
			-19.5608104059999,-70.2119211879999,0
			-19.56079912,-70.2119202469999,0
			-19.5607828949999,-70.21191412,0
			-19.5607655249999,-70.2118905419999,0
			-19.560742349,-70.2118569119999,0
			-19.5607354639999,-70.2118461849999,0
			-19.5607303789999,-70.2118364239999,0
			-19.5607274979999,-70.211700478,0
			-19.5607276019999,-70.2116443359999,0
			-19.560727244,-70.2116167859999,0
			-19.560723724,-70.211589593,0
			-19.5607012909999,-70.2115258489999,0
			-19.5606903489999,-70.211487067,0
			-19.5606826539998,-70.2114620359999,0
			-19.5606784769998,-70.2114517099999,0
			-19.560662716,-70.211430621,0
			-19.5606451039998,-70.2114160979999,0
			-19.5605743699999,-70.211373344,0
			-19.5605493539998,-70.2113581899999,0
			-19.5604504779999,-70.211281293,0
			-19.560428018,-70.2112621569999,0
			-19.5604059329999,-70.211240832,0
			-19.5603853919999,-70.2112184679999,0
			-19.560366492,-70.2111941159999,0
			-19.5603480699999,-70.2111653809999,0
			-19.5603322699999,-70.2111367619999,0
			-19.560320347,-70.2111092239999,0
			-19.5603115069999,-70.2110798929999,0
			-19.560305468,-70.2110510619999,0
			-19.5603005229999,-70.2110067979999,0
			-19.5603005799999,-70.2108500929999,0
			-19.5602965119999,-70.2107428309999,0
			-19.560301185,-70.210517626,0
			-19.5603015019999,-70.2104568139999,0
			-19.560300895,-70.210439749,0
			-19.560296638,-70.210427704,0
			-19.560287135,-70.2104163869999,0
			-19.56026718,-70.2104143319999,0
			-19.5602518609999,-70.2104217499999,0
			-19.5602375079999,-70.2104332699999,0
			-19.560224185,-70.2104664359999,0
			-19.560219595,-70.210476791,0
			-19.560214388,-70.2104856199999,0
			-19.5602021999999,-70.21049744,0
			-19.5601668269999,-70.2105173859999,0
			-19.5601516309999,-70.2105196549999,0
			-19.5601351349998,-70.210513909,0
			-19.5601194,-70.2105025419999,0
			-19.5601088719999,-70.2104824469999,0
			-19.5601007999999,-70.2104736189999,0
			-19.5600824939999,-70.210481488,0
			-19.5600681929999,-70.2105123609999,0
			-19.5600559379999,-70.2105341919999,0
			-19.560048098,-70.2105445239999,0
			-19.5600390019999,-70.2105536059999,0
			-19.5600290109999,-70.2105613479999,0
			-19.560018398,-70.210567559,0
			-19.5599948539999,-70.2105754839999,0
			-19.559970612,-70.210579213,0
			-19.559954304,-70.2105858589998,0
			-19.559937276,-70.2106054629999,0
			-19.5599263079999,-70.210610527,0
			-19.5599112109999,-70.2106118449999,0
			-19.5598907049999,-70.2106109299999,0
			-19.5598742129999,-70.21060461,0
			-19.5598350129999,-70.2105485569999,0
			-19.559819158,-70.2105280389999,0
			-19.559784834,-70.210499474,0
			-19.5597722689999,-70.210486702,0
			-19.5597585669998,-70.2104685859999,0
			-19.559752675,-70.2104577709999,0
			-19.559748328,-70.2104459189999,0
			-19.559743892,-70.2104204349999,0
			-19.5597435359999,-70.2103386489999,0
			-19.559742086,-70.21031214,0
			-19.559738517,-70.2102919059999,0
			-19.5597320159999,-70.2102778459998,0
			-19.55968897,-70.2102293889999,0
			-19.5596713919999,-70.2102098129999,0
			-19.5596651269999,-70.210201092,0
			-19.5596614369999,-70.21018505,0
			-19.5596821849999,-70.210122962,0
			-19.5596867909999,-70.2101097459999,0
			-19.559690221,-70.2100965229998,0
			-19.559692844,-70.2100692819999,0
			-19.5596945959999,-70.2099428059999,0
			-19.559695325,-70.2099015399999,0
			-19.5596971399999,-70.2098733389998,0
			-19.5597009219999,-70.209848392,0
			-19.5597071789999,-70.2098314739999,0
			-19.559724361,-70.2098025289999,0
			-19.5597474219999,-70.2097723889999,0
			-19.5597603759998,-70.2097538989999,0
			-19.5597657699999,-70.2097444089999,0
			-19.559771994,-70.2097191,0
			-19.5597707919999,-70.2096963099999,0
			-19.5597683399999,-70.2096844719999,0
			-19.559773768,-70.209672903,0
			-19.5596386629999,-70.209502489,0
			-19.5592904439999,-70.2088773219999,0
			-19.5590149839999,-70.2081860149999,0
			-19.558780047,-70.2075107839999,0
			-19.558508302,-70.2069383559999,0
			-19.558095286,-70.2065486859999,0
			-19.557568067,-70.2063353439999,0
			-19.5569947619999,-70.2062613529999,0
			-19.5564028029999,-70.2062876379999,0
			-19.5557879899999,-70.206355136,0
			-19.5550733219999,-70.206478504,0
			-19.5543992029999,-70.2066262979999,0
			-19.553964895,-70.206709115,0
			-19.5534809359999,-70.2067895329999,0
			-19.5529834459999,-70.2068790609999,0
			-19.552544418,-70.206992841,0
			-19.5518918119999,-70.2072992989999,0
			-19.5513744639999,-70.2076462659999,0
			-19.5508798579999,-70.207979504,0
			-19.5503582279999,-70.2082806039999,0
			-19.5498367389999,-70.2085716309999,0
			-19.5493375439999,-70.208915528,0
			-19.548796807,-70.209372561,0
			-19.5481563109999,-70.2098928729999,0
			-19.5474892679999,-70.2103320149999,0
			-19.5468366339999,-70.210641649,0
			-19.5461939959999,-70.2108078479999,0
			-19.5455752349999,-70.21079035,0
			-19.5449831869999,-70.210818492,0
			-19.5444074819999,-70.211103086,0
			-19.5437866539999,-70.211383204,0
			-19.5432041949999,-70.2113389589999,0
			-19.5427774899999,-70.2109610859999,0
			-19.5423876429999,-70.21049526,0
			-19.5418973609999,-70.210171491,0
			-19.541413903,-70.2101770229999,0
			-19.5409966609998,-70.210419384,0
			-19.5405761349999,-70.2104671549999,0
			-19.540103979,-70.210144385,0
			-19.5394106369999,-70.2097907669998,0
			-19.5386832029999,-70.209797527,0
			-19.5381030089999,-70.210078255,0
			-19.5375769269999,-70.210380544,0
			-19.5369790409999,-70.210617024,0
			-19.536304376,-70.210834741,0
			-19.535688121,-70.2111173019999,0
			-19.535287463,-70.2115686989999,0
			-19.5350129079999,-70.2120899749999,0
			-19.5345862969999,-70.2123712099999,0
			-19.5340720949999,-70.212259322,0
			-19.5336864749999,-70.2118257169999,0
			-19.5333965979999,-70.2112537839998,0
			-19.5329705179998,-70.2107934939999,0
			-19.532442158,-70.2107619159999,0
			-19.5320642769999,-70.2111944279999,0
			-19.5317490709999,-70.2117070369999,0
			-19.5312639279999,-70.211974486,0
			-19.5306905799999,-70.2119075939999,0
			-19.5302278129998,-70.2115315869999,0
			-19.5300237709998,-70.210963663,0
			-19.5301181519999,-70.2103662659999,0
			-19.530379793,-70.2097496599999,0
			-19.5305515319999,-70.2090618069998,0
			-19.53042038,-70.2084074529999,0
			-19.529990034,-70.207908426,0
			-19.5293637549999,-70.2076535549999,0
			-19.5287536649999,-70.2076898489999,0
			-19.5282191069998,-70.207898773,0
			-19.5276724679999,-70.2078884649999,0
			-19.527092699,-70.2074410319998,0
			-19.5267335409999,-70.2070997779999,0
			-19.5263292669999,-70.2067530379999,0
			-19.5259382389999,-70.2064505819999,0
			-19.5255920239999,-70.206199284,0
			-19.5250576249999,-70.2057298749999,0
			-19.524677524,-70.205143027,0
			-19.524374768,-70.204468069,0
			-19.52402137,-70.203938648,0
			-19.5235356439999,-70.203617547,0
			-19.5229913159999,-70.203271033,0
			-19.522433814,-70.2028571309999,0
			-19.5218035029999,-70.2025169349998,0
			-19.5211183709998,-70.2022953109999,0
			-19.520387354,-70.2021615629998,0
			-19.519646563,-70.2021390649999,0
			-19.5189679059999,-70.2022907229999,0
			-19.518329099,-70.2025602439999,0
			-19.517698837,-70.202902503,0
			-19.5171445689999,-70.2033713169999,0
			-19.516680626,-70.2038363499998,0
			-19.516214502,-70.2039510869998,0
			-19.5156288879999,-70.203701708,0
			-19.5151326639999,-70.203589603,0
			-19.5144324529999,-70.2035760699999,0
			-19.5136276209999,-70.2036784639999,0
			-19.5129125889999,-70.203867703,0
			-19.5120961939999,-70.204350642,0
			-19.5117267779999,-70.204859136,0
			-19.5113579709999,-70.2052983879998,0
			-19.5108324669999,-70.205515097,0
			-19.5102582199999,-70.205582267,0
			-19.5096416879999,-70.2058963409999,0
			-19.5092920979999,-70.206161811,0
			-19.5089380289999,-70.20641109,0
			-19.5083132399998,-70.2066089429999,0
			-19.5078633329999,-70.206333721,0
			-19.50755494,-70.205826778,0
			-19.5074053679999,-70.205223748,0
			-19.5073105019998,-70.204541816,0
			-19.507052717,-70.2039037969999,0
			-19.50660368,-70.2034969849999,0
			-19.5060710679999,-70.2034142039999,0
			-19.505536857,-70.203582372,0
			-19.5050619159999,-70.203675887,0
			-19.504698242,-70.2033328599999,0
			-19.5043810839999,-70.2027960459999,0
			-19.5038904849999,-70.2025059469999,0
			-19.5032766079999,-70.2024325629999,0
			-19.5026432069999,-70.202567839,0
			-19.5019987749999,-70.202993409,0
			-19.5014581659999,-70.203444953,0
			-19.5009784389999,-70.2035789399999,0
			-19.500478022,-70.203418345,0
			-19.4999457719999,-70.2032920959999,0
			-19.4994317909999,-70.203133979,0
			-19.4990050509998,-70.2027577169999,0
			-19.4985558049999,-70.2023816799999,0
			-19.4980188169998,-70.2022886529999,0
			-19.4975304809998,-70.2023485039999,0
			-19.4970913779999,-70.202473582,0
			-19.4964145769999,-70.2030358069999,0
			-19.4959138139998,-70.2036065079998,0
			-19.4955167029999,-70.2042067749999,0
			-19.4952233289999,-70.20485667,0
			-19.495024385,-70.2055537029999,0
			-19.4950106489999,-70.2062601469999,0
			-19.4951547319999,-70.207009208,0
			-19.495402547,-70.207775429,0
			-19.4956284159999,-70.2084577379999,0
			-19.4956831889999,-70.2090566659999,0
			-19.4954627649999,-70.209587356,0
			-19.4951025309999,-70.210093592,0
			-19.4947600699999,-70.2106319599999,0
			-19.4943323479999,-70.211091246,0
			-19.4937979989999,-70.211268042,0
			-19.4932252039999,-70.211128592,0
			-19.4927123749999,-70.2107998449999,0
			-19.492340574,-70.2103236889999,0
			-19.492059667,-70.2097702379999,0
			-19.4916966079999,-70.209337239,0
			-19.4912047319999,-70.2092502249999,0
			-19.490692402,-70.209522178,0
			-19.4901922809999,-70.2099936399999,0
			-19.4896464879999,-70.2105430459998,0
			-19.4890694189999,-70.2110314939999,0
			-19.4884844889999,-70.211367211,0
			-19.4878506009999,-70.2115637089999,0
			-19.487122906,-70.2116092639999,0
			-19.4865987279999,-70.2116265139999,0
			-19.4859026119999,-70.2116868209999,0
			-19.4851248919999,-70.2117856199999,0
			-19.4844239299999,-70.2118842099999,0
			-19.4838949529999,-70.211955045,0
			-19.4832073929999,-70.212075275,0
			-19.48266798,-70.2123451309999,0
			-19.4822174919999,-70.212832229,0
			-19.4817978929999,-70.2134149319999,0
			-19.4813156749999,-70.2139198949999,0
			-19.4807618639999,-70.214305536,0
			-19.4801729709999,-70.2145470719999,0
			-19.479558116,-70.2146094509999,0
			-19.4789715899998,-70.2144866049999,0
			-19.4784628309999,-70.2142249499999,0
			-19.4779717829999,-70.214015017,0
			-19.4774699079999,-70.2140731659999,0
			-19.476961473,-70.2144365039999,0
			-19.4763761869999,-70.2148134699999,0
			-19.4757426809999,-70.2149638209999,0
			-19.475123273,-70.2150313159999,0
			-19.4745749769999,-70.2152790759999,0
			-19.474071049,-70.215643294,0
			-19.473514794,-70.215730846,0
			-19.4729792529999,-70.2154231839999,0
			-19.4723577619999,-70.21512831,0
			-19.47194196,-70.2151439389999,0
			-19.471498342,-70.215278767,0
			-19.471099409,-70.215483542,0
			-19.470500364,-70.21588107,0
			-19.469956386,-70.21615773,0
			-19.4694167409999,-70.2164612639999,0
			-19.468876301,-70.2168838059999,0
			-19.4682808759998,-70.2174137069999,0
			-19.4677034789999,-70.217948811,0
			-19.4671634119999,-70.2183151589999,0
			-19.466584252,-70.2184516159999,0
			-19.4660100469999,-70.2185116269999,0
			-19.4654266569999,-70.218605521,0
			-19.464798323,-70.2186574039999,0
			-19.4641527379999,-70.2185888989999,0
			-19.463552982,-70.218419755,0
			-19.4630353709999,-70.218142911,0
			-19.4626226239999,-70.2177042949999,0
			-19.4622421829999,-70.2171718109998,0
			-19.4617847649999,-70.2166608359998,0
			-19.4612408099999,-70.2162612059999,0
			-19.4606057279999,-70.215984356,0
			-19.459915936,-70.2157633619999,0
			-19.459473691,-70.2156824209999,0
			-19.458927521,-70.2156238019999,0
			-19.4583268839999,-70.2155743769999,0
			-19.4577761079999,-70.215518221,0
			-19.4569910609999,-70.2153623099999,0
			-19.45640507,-70.2151707389999,0
			-19.4558009089999,-70.2149844149999,0
			-19.4551601609999,-70.2148676639999,0
			-19.45452311,-70.214872752,0
			-19.453930424,-70.2150067709999,0
			-19.453345874,-70.215262584,0
			-19.4527472589999,-70.2155959329999,0
			-19.4520762789999,-70.215947859,0
			-19.4513828019998,-70.2162763579999,0
			-19.4507390539999,-70.2166177919999,0
			-19.4501763459999,-70.2169833139999,0
			-19.4496364169999,-70.2173290269999,0
			-19.4490607649999,-70.217604557,0
			-19.4484635909999,-70.217734002,0
			-19.4478587799999,-70.2176449819999,0
			-19.4471694539999,-70.217366264,0
			-19.4464212529999,-70.217102091,0
			-19.4457658339999,-70.2171531499999,0
			-19.4453159199999,-70.217553134,0
			-19.4451447149999,-70.218148005,0
			-19.445140152,-70.218827532,0
			-19.4451265849999,-70.219502545,0
			-19.4448422419999,-70.220134722,0
			-19.4442423949999,-70.2206503049999,0
			-19.4436386639998,-70.221082678,0
			-19.4431021229999,-70.221584056,0
			-19.4426374269999,-70.222155416,0
			-19.4423918059999,-70.22259998,0
			-19.4421691149999,-70.2227269639999,0
			-19.4419936909999,-70.2229747259999,0
			-19.4419049109999,-70.223049021,0
			-19.441873614,-70.2230808879999,0
			-19.4418284499999,-70.223132267,0
			-19.4418092939999,-70.2231589849999,0
			-19.441798277,-70.2231850009998,0
			-19.441795385,-70.22319841,0
			-19.4417936659999,-70.2232121129999,0
			-19.4417921259999,-70.2232528689999,0
			-19.441787861,-70.2233628499999,0
			-19.441784411,-70.2233787289999,0
			-19.441779341,-70.2233935509998,0
			-19.4417724689999,-70.223407692,0
			-19.441763792,-70.2234215319999,0
			-19.441725842,-70.2234751589999,0
			-19.441711385,-70.2235019109999,0
			-19.441701898,-70.2235288919999,0
			-19.4416991869999,-70.2235423,0
			-19.4416976489999,-70.223555814,0
			-19.441696099,-70.2235981899999,0
			-19.4416939519999,-70.22378248,0
			-19.4416913209999,-70.223810938,0
			-19.4416860659999,-70.2238396649999,0
			-19.441668615,-70.2239218289999,0
			-19.441666504,-70.223967058,0
			-19.4416653759999,-70.2240671549999,0
			-19.441662127,-70.2240934209999,0
			-19.441654897,-70.2241203209999,0
			-19.4416316609999,-70.2242029189999,0
			-19.4416232039999,-70.2242510509999,0
			-19.4416199059999,-70.2242847439999,0
			-19.4416191469999,-70.2243168369999,0
			-19.4416186129999,-70.22439589,0
			-19.4416206539999,-70.224441339,0
			-19.4416265159999,-70.224469671,0
			-19.4416357339999,-70.22449641,0
			-19.441650377,-70.2245357629999,0
			-19.4416789549999,-70.224612464,0
			-19.441682471,-70.2246402069999,0
			-19.441683269,-70.2246695479999,0
			-19.4416817759998,-70.224743357,0
			-19.441677338,-70.2247714219999,0
			-19.4416728219999,-70.2247848179999,0
			-19.4416662309999,-70.2247975319999,0
			-19.441658015,-70.2248096609999,0
			-19.4416388909999,-70.2248321879999,0
			-19.4416109279999,-70.2248653159999,0
			-19.441596954,-70.2248869269999,0
			-19.4415887939999,-70.2249048669999,0
			-19.4415863749999,-70.224915138,0
			-19.441584753,-70.224927887,0
			-19.4415827249999,-70.224973973,0
			-19.4415822379999,-70.225019308,0
			-19.4415818099999,-70.2251226509999,0
			-19.4415853159999,-70.225152108,0
			-19.441592347,-70.225181403,0
			-19.4416097549999,-70.2252529699999,0
			-19.4416125389999,-70.225282422,0
			-19.4416123439999,-70.2253111859999,0
			-19.4416090709998,-70.2253406889998,0
			-19.4416012819999,-70.225370348,0
			-19.441595583,-70.2253846879999,0
			-19.4415888959999,-70.2253983539999,0
			-19.4415731879999,-70.2254230019999,0
			-19.441554969,-70.2254448649999,0
			-19.4415333219999,-70.2254658479999,0
			-19.4415076,-70.225488039,0
			-19.4414583599999,-70.2255275789998,0
			-19.44137434,-70.225592765,0
			-19.441370207,-70.225602926,0
			-19.4413666899999,-70.2256150919999,0
			-19.44136271,-70.225642589,0
			-19.4413587829999,-70.2257153289999,0
			-19.4413550579999,-70.225731874,0
			-19.4413496129999,-70.2257487889999,0
			-19.4413426389999,-70.2257648329999,0
			-19.4413344089999,-70.2257790579999,0
			-19.441314554,-70.2258024349999,0
			-19.441303374,-70.225812162,0
			-19.4412915689999,-70.2258207429999,0
			-19.4412669889999,-70.2258348459999,0
			-19.441241431,-70.2258463679999,0
			-19.4412147039999,-70.22585674,0
			-19.441185462,-70.225865093,0
			-19.4411407759998,-70.2258729489999,0
			-19.4411130169999,-70.225875598,0
			-19.4410837359999,-70.2258762339998,0
			-19.4410228399999,-70.225875682,0
			-19.4410084739999,-70.225875576,0
			-19.4408883989999,-70.2258742909999,0
			-19.440874215,-70.2258742809998,0
			-19.4408479069999,-70.22587656,0
			-19.440835593,-70.2258799919999,0
			-19.4408242699998,-70.2258844789999,0
			-19.4408068539999,-70.225894349,0
			-19.4407965509999,-70.225908179,0
			-19.4407932269999,-70.2259189169999,0
			-19.4407909669999,-70.2259321379999,0
			-19.440789512,-70.2259470819999,0
			-19.440789292,-70.2259796559999,0
			-19.4407934089999,-70.2260119759999,0
			-19.440802059,-70.2260423289999,0
			-19.4408143269999,-70.2260720439999,0
			-19.4408290379999,-70.2261015869999,0
			-19.440852704,-70.226142435,0
			-19.440871161,-70.2261658139999,0
			-19.44088283,-70.2261771419999,0
			-19.4409081679999,-70.226198191,0
			-19.4409314509999,-70.2262157009999,0
			-19.440954566,-70.2262313999999,0
			-19.4409791379999,-70.2262456819998,0
			-19.4410048099999,-70.2262574939999,0
			-19.4410323069999,-70.22626637,0
			-19.441088763,-70.2262825079999,0
			-19.4411258929999,-70.2262967899999,0
			-19.44115003,-70.2263083999999,0
			-19.441165833,-70.226322997,0
			-19.441170288,-70.2263322689999,0
			-19.4411740879999,-70.2263450619999,0
			-19.441177152,-70.2263594679999,0
			-19.4411801479999,-70.2263840629999,0
			-19.4411745259999,-70.226400595,0
			-19.441166524,-70.2264079639999,0
			-19.441155545,-70.2264148359999,0
			-19.4411427659998,-70.2264206449999,0
			-19.4411290909999,-70.226425304,0
			-19.4411146099999,-70.2264286239999,0
			-19.4410829599999,-70.2264322919999,0
			-19.4410010829999,-70.2264345339999,0
			-19.440973046,-70.226438419,0
			-19.4409463419999,-70.226445649,0
			-19.4408687379999,-70.226470686,0
			-19.440846343,-70.2264820429999,0
			-19.4408253679999,-70.226497315,0
			-19.4407941069999,-70.2265239399999,0
			-19.4407715309998,-70.2265485359999,0
			-19.440760402,-70.226563977,0
			-19.440750801,-70.22658086,0
			-19.4407435419999,-70.226598617,0
			-19.440738548,-70.22661563,0
			-19.4407352869999,-70.226630273,0
			-19.4407333419999,-70.2266506409999,0
			-19.440738992,-70.226670306,0
			-19.4407446069999,-70.226681871,0
			-19.4407516649999,-70.2266936409999,0
			-19.4407686819999,-70.2267155799999,0
			-19.4408036519999,-70.2267557519999,0
			-19.4408253839999,-70.2267757279999,0
			-19.4408492859999,-70.2267953369999,0
			-19.4408739249999,-70.226812955,0
			-19.44091173,-70.226834191,0
			-19.4409228959999,-70.226840486,0
			-19.441031987,-70.226901961,0
			-19.4410470879999,-70.2269134079999,0
			-19.4410517679999,-70.2269297309999,0
			-19.441050339,-70.226940579,0
			-19.4410463769999,-70.2269519789999,0
			-19.4410400669999,-70.2269629809999,0
			-19.441031954,-70.2269734929999,0
			-19.4410135659999,-70.2269938309999,0
			-19.4409562509999,-70.2270515979999,0
			-19.4409126959999,-70.227105563,0
			-19.440902159,-70.2271138669999,0
			-19.4408909079999,-70.2271206379999,0
			-19.4408790299999,-70.227126646,0
			-19.4408533839999,-70.227137979,0
			-19.440776424,-70.2271743559999,0
			-19.4407454729999,-70.227195077,0
			-19.4406883959999,-70.2272310339999,0
			-19.4406779979999,-70.2272320989999,0
			-19.440665528,-70.2272323849999,0
			-19.440636072,-70.2272320689999,0
			-19.4405625279999,-70.227231327,0
			-19.4405095909999,-70.2272295,0
			-19.4404826889999,-70.2272258689999,0
			-19.4404538199999,-70.2272187949999,0
			-19.4404247059998,-70.2272085739999,0
			-19.4404128859998,-70.2272040449999,0
			-19.4403701809999,-70.227187687,0
			-19.440329597,-70.2271765229999,0
			-19.4403019819999,-70.227171647,0
			-19.440273088,-70.2271688589998,0
			-19.4402240299999,-70.2271677279999,0
			-19.440083283,-70.227163812,0
			-19.440054754,-70.2271599799999,0
			-19.44003924,-70.2271559559999,0
			-19.4400222039999,-70.227149923,0
			-19.4400043639999,-70.227142456,0
			-19.4399698719999,-70.2271257179999,0
			-19.4399395399999,-70.227108156,0
			-19.4399126529999,-70.227089,0
			-19.439887588,-70.2270678559999,0
			-19.4398639849999,-70.2270440579998,0
			-19.4398429349999,-70.2270167529999,0
			-19.439826502,-70.2269882459999,0
			-19.4398085239999,-70.2269476319999,0
			-19.4397702599999,-70.226860382,0
			-19.4397540959999,-70.226832256,0
			-19.4397458409999,-70.226823719,0
			-19.4397337999999,-70.2268141019999,0
			-19.4397189609999,-70.2268037999999,0
			-19.4396732459998,-70.2267760239999,0
			-19.439601414,-70.226736052,0
			-19.4395761409999,-70.2267186229999,0
			-19.4395486399999,-70.226696986,0
			-19.439522681,-70.2266741209999,0
			-19.4395005129999,-70.2266514759999,0
			-19.439480707,-70.2266277079999,0
			-19.4394566419999,-70.2265919989999,0
			-19.439443527,-70.2265674229999,0
			-19.4394189209999,-70.2265179939999,0
			-19.4394025669999,-70.2264915829999,0
			-19.439387224,-70.2264754639999,0
			-19.439365117,-70.226457583,0
			-19.4393388459999,-70.226440624,0
			-19.4393111169999,-70.226425937,0
			-19.4392422099999,-70.226394082,0
			-19.439203918,-70.22637808,0
			-19.4390249529999,-70.2263066319999,0
			-19.4389962259999,-70.226292321,0
			-19.438972023,-70.2262768029999,0
			-19.438939569,-70.226252557,0
			-19.4389212599999,-70.226234419,0
			-19.438846511,-70.2261445129999,0
			-19.4388247009999,-70.2261224459999,0
			-19.4387371599999,-70.226040255,0
			-19.438722658,-70.226033574,0
			-19.438701164,-70.2260318899998,0
			-19.438687334,-70.2260326419999,0
			-19.438622089,-70.226033962,0
			-19.4385636409999,-70.2260319999999,0
			-19.438545544,-70.2260223379998,0
			-19.438534219,-70.2260135869999,0
			-19.4385094359999,-70.225990635,0
			-19.4384626809999,-70.2259429469999,0
			-19.4384437749999,-70.2259196599999,0
			-19.4384273359998,-70.225892011,0
			-19.438412914,-70.2258600899999,0
			-19.438400921,-70.2258299009999,0
			-19.438382659,-70.225778046,0
			-19.4383705419999,-70.2257522359999,0
			-19.4383622239999,-70.2257397929999,0
			-19.4383524479999,-70.2257288609999,0
			-19.4383413939999,-70.22571992,0
			-19.4383292419999,-70.2257133529999,0
			-19.4383165309998,-70.2257088759999,0
			-19.43829026,-70.2257055359999,0
			-19.4382633359999,-70.225705143,0
			-19.438087707,-70.2257014439999,0
			-19.4380698829999,-70.225692071,0
			-19.4380590999999,-70.2256830359999,0
			-19.438046626,-70.2256704659999,0
			-19.438018568,-70.2256373009999,0
			-19.4379968209998,-70.225606087,0
			-19.4379691159999,-70.2255612069999,0
			-19.4379591479998,-70.225551703,0
			-19.4379321579999,-70.2255348319998,0
			-19.437865928,-70.2254942349999,0
			-19.4378451649999,-70.225477698,0
			-19.437836111,-70.2254675319999,0
			-19.437827602,-70.2254562319999,0
			-19.4378016429999,-70.2254199379999,0
			-19.437750439,-70.2253494509999,0
			-19.437728536,-70.2253277629999,0
			-19.4377039149999,-70.2253075759999,0
			-19.4376794529999,-70.225290437,0
			-19.4376539689999,-70.2252775779999,0
			-19.437626918,-70.2252694699999,0
			-19.4375986649999,-70.2252651639999,0
			-19.4375674129998,-70.2252634039999,0
			-19.4375205219999,-70.2252627669999,0
			-19.4373314249999,-70.2252601089999,0
			-19.4373040689999,-70.2252566649999,0
			-19.4372912639999,-70.225252854,0
			-19.4372791939999,-70.2252471449999,0
			-19.437267586,-70.2252400099999,0
			-19.4372202809999,-70.225207175,0
			-19.4372001719999,-70.22518788,0
			-19.437192115,-70.225176865,0
			-19.4371857799999,-70.2251648189999,0
			-19.4371810789999,-70.2251518289999,0
			-19.437178006,-70.225138471,0
			-19.437176472,-70.2251249349999,0
			-19.437176022,-70.2251113109999,0
			-19.4371736959999,-70.2250410019999,0
			-19.437168011,-70.2250127679999,0
			-19.4371542809999,-70.224972279,0
			-19.4371295949999,-70.2248813239999,0
			-19.4371177389999,-70.2248574239998,0
			-19.437102259,-70.224834925,0
			-19.4370592769999,-70.2247774549999,0
			-19.437016365,-70.2247093179999,0
			-19.436999774,-70.224690714,0
			-19.4369642519999,-70.224652159,0
			-19.436944218,-70.2246352459998,0
			-19.4369201979999,-70.22461973,0
			-19.4368232729999,-70.2245620469999,0
			-19.4367499059999,-70.2245214929998,0
			-19.436720156,-70.224511649,0
			-19.436690734,-70.2245066669998,0
			-19.436664266,-70.2245057059999,0
			-19.4366254139999,-70.224505321,0
			-19.436491416,-70.224505268,0
			-19.4364614829999,-70.2245088539999,0
			-19.4364325339999,-70.224513969,0
			-19.4363479499999,-70.2245291489999,0
			-19.436313782,-70.2245311759999,0
			-19.4362864949999,-70.2245308779999,0
			-19.4362370069999,-70.224526982,0
			-19.4361386199998,-70.2245252929999,0
			-19.4361242539999,-70.224525375,0
			-19.4360919769999,-70.2245280839999,0
			-19.4360599609999,-70.224532703,0
			-19.436016895,-70.224540855,0
			-19.4359991379999,-70.2245476759999,0
			-19.435989703,-70.224553605,0
			-19.4359795279999,-70.2245614359999,0
			-19.4359582509999,-70.2245815639999,0
			-19.4359133009999,-70.2246278029999,0
			-19.435887947,-70.2246494219999,0
			-19.4358626969998,-70.2246687589999,0
			-19.4358171219999,-70.2247009899999,0
			-19.4357912729999,-70.224715369,0
			-19.435765643,-70.2247243209999,0
			-19.4357406779999,-70.224728134,0
			-19.4356716839999,-70.224735617,0
			-19.4356404539999,-70.224744147,0
			-19.435606669,-70.224756274,0
			-19.4355268799999,-70.2247836789999,0
			-19.4354979349999,-70.224788319,0
			-19.4354682869999,-70.224790287,0
			-19.435380524,-70.2247941999999,0
			-19.4353326729999,-70.2248018419999,0
			-19.4353052439999,-70.224809162,0
			-19.435279427,-70.2248190629999,0
			-19.4352271429999,-70.224841054,0
			-19.435199575,-70.2248558019999,0
			-19.4351743409999,-70.2248728509999,0
			-19.435153339,-70.2248920269998,0
			-19.4351358389999,-70.2249146599999,0
			-19.4350900559999,-70.2249771789999,0
			-19.435071287,-70.2249868499999,0
			-19.4350608909999,-70.224988009,0
			-19.435048599,-70.224988202,0
			-19.4350218619999,-70.2249868599999,0
			-19.4349954199998,-70.2249821839999,0
			-19.4349827109999,-70.2249776129999,0
			-19.4349708239999,-70.2249715249999,0
			-19.4349599429999,-70.2249640129999,0
			-19.4349501529999,-70.224955272,0
			-19.4349413639999,-70.2249454889998,0
			-19.4349256049999,-70.224923942,0
			-19.4349076299999,-70.2248964729999,0
			-19.4348964099999,-70.2248853399999,0
			-19.434877038,-70.2248772889999,0
			-19.434864949,-70.2248748179999,0
			-19.434840288,-70.2248737749999,0
			-19.4348204879998,-70.224875437,0
			-19.43480446,-70.224880651,0
			-19.434786217,-70.224892514,0
			-19.434771493,-70.224905356,0
			-19.4347617299999,-70.224919475,0
			-19.4347516399998,-70.2249419729999,0
			-19.4347082319999,-70.2250410819999,0
			-19.4346903919998,-70.2250602829999,0
			-19.4346808779999,-70.2250641159999,0
			-19.434659612,-70.2250691019999,0
			-19.434642804,-70.2250691649999,0
			-19.4346265139999,-70.2250596129999,0
			-19.4346178999999,-70.2250506929999,0
			-19.4346100259999,-70.225039395,0
			-19.4346032469999,-70.2250262929999,0
			-19.43459774,-70.22501206,0
			-19.434593322,-70.2249974559999,0
			-19.434587279,-70.224968932,0
			-19.4345847549999,-70.2249411969999,0
			-19.4345847609999,-70.2249136699999,0
			-19.4345859919999,-70.2248114819998,0
			-19.434583796,-70.224775463,0
			-19.434580653,-70.224759154,0
			-19.4345765669999,-70.22474893,0
			-19.4345640699999,-70.224725979,0
			-19.4345491319999,-70.22470377,0
			-19.4345325519999,-70.2246834529999,0
			-19.434514253,-70.2246639809999,0
			-19.434431087,-70.2245756369999,0
			-19.4344171549999,-70.2245648659999,0
			-19.4343974059999,-70.2245591939999,0
			-19.4343415309999,-70.224550487,0
			-19.4342552009999,-70.224529838,0
			-19.434238041,-70.2245286639999,0
			-19.4341772389999,-70.224527542,0
			-19.4340728839999,-70.224526473,0
			-19.4339404249999,-70.2245259569999,0
			-19.433832154,-70.224529715,0
			-19.4337924549999,-70.2245345609999,0
			-19.4337019949999,-70.2245497879999,0
			-19.4336780399999,-70.2245512279999,0
			-19.43366585,-70.224549898,0
			-19.433626428,-70.224540555,0
			-19.43361558,-70.224541523,0
			-19.433596112,-70.2245472809999,0
			-19.4335596939999,-70.224574914,0
			-19.433543593,-70.224590986,0
			-19.433531924,-70.2246064229999,0
			-19.433522244,-70.2246213979999,0
			-19.4335073339999,-70.2246482409999,0
			-19.433491928,-70.2246819389999,0
			-19.433477012,-70.224723162,0
			-19.4334676739999,-70.2247546179999,0
			-19.4334324229999,-70.2248768369999,0
			-19.433422263,-70.2248960959999,0
			-19.4334152549999,-70.2249035669999,0
			-19.4334025449999,-70.2249126149999,0
			-19.4333875909999,-70.224919171,0
			-19.433370936,-70.224923713,0
			-19.433353387,-70.224926534,0
			-19.433326719,-70.2249285239999,0
			-19.4332778339999,-70.2249287299999,0
			-19.4332305029999,-70.2249265629999,0
			-19.4332082079999,-70.224922968,0
			-19.433184936,-70.224917175,0
			-19.4331431869999,-70.22490429,0
			-19.4331027199999,-70.224889318,0
			-19.4330713799999,-70.2248737489999,0
			-19.4330514949999,-70.2248611229999,0
			-19.4330184149999,-70.224835824,0
			-19.4329295329999,-70.224765061,0
			-19.432915936,-70.2247578139999,0
			-19.4329001529999,-70.224753315,0
			-19.4328807499999,-70.224749838,0
			-19.4328506789998,-70.2247472289999,0
			-19.432761984,-70.2247421819999,0
			-19.4326391269999,-70.2247381179999,0
			-19.432617378,-70.2247341449999,0
			-19.432596739,-70.2247261809999,0
			-19.4325813449998,-70.2247177789999,0
			-19.432559311,-70.2247023749999,0
			-19.4325362259999,-70.2246823899999,0
			-19.4325220539999,-70.2246667609999,0
			-19.432513021,-70.224653072,0
			-19.4324711049999,-70.224584658,0
			-19.4324564019999,-70.2245675,0
			-19.4324339559999,-70.2245461889999,0
			-19.4324189449998,-70.2245348359999,0
			-19.432401211,-70.2245249879999,0
			-19.432382289,-70.2245171319999,0
			-19.432356226,-70.22450951,0
			-19.4322928999999,-70.224494175,0
			-19.4322410139999,-70.224484264,0
			-19.432219787,-70.2244829589999,0
			-19.4321954819999,-70.2244829689998,0
			-19.432146949,-70.224484606,0
			-19.431815399,-70.2245027869999,0
			-19.431702795,-70.2245058479999,0
			-19.4316860009999,-70.224504007,0
			-19.431673298,-70.224498485,0
			-19.431652981,-70.2244829969999,0
			-19.4315964269999,-70.2244283789998,0
			-19.431574939,-70.2244121229999,0
			-19.4315462259999,-70.224395718,0
			-19.4315226199999,-70.2243857299999,0
			-19.4314893529999,-70.2243749089999,0
			-19.431455069,-70.2243674129999,0
			-19.431431055,-70.2243640909999,0
			-19.4313881579999,-70.2243609099999,0
			-19.4313258239999,-70.224359205,0
			-19.4312668119999,-70.2243603839999,0
			-19.4312171799999,-70.2243642029999,0
			-19.4311847959999,-70.2243695779999,0
			-19.4311675899999,-70.2243751629999,0
			-19.4311539879999,-70.224382491,0
			-19.4311450889999,-70.2243889969999,0
			-19.431130357,-70.2244027919999,0
			-19.43108304,-70.2244521539999,0
			-19.4310675079999,-70.224464037,0
			-19.4310527279999,-70.2244718319999,0
			-19.4310373339999,-70.2244769559999,0
			-19.4310161639999,-70.224480606,0
			-19.4309936569999,-70.2244820559999,0
			-19.4308100159998,-70.2244873459999,0
			-19.4307663399999,-70.224492448,0
			-19.4307427219999,-70.224497605,0
			-19.4307198019999,-70.2245064799999,0
			-19.4307032099999,-70.2245150239999,0
			-19.4306758989999,-70.224531677,0
			-19.430647119,-70.224552128,0
			-19.430599075,-70.2245885319999,0
			-19.4305313839999,-70.224643933,0
			-19.4304985649998,-70.224673878,0
			-19.4304821709999,-70.224692804,0
			-19.4304696709999,-70.2247108049999,0
			-19.4304580669998,-70.2247300529999,0
			-19.4304394709999,-70.2247677249999,0
			-19.4304207389999,-70.224811873,0
			-19.4304029799999,-70.224859361,0
			-19.4303923559999,-70.224893948,0
			-19.4303839729999,-70.224931032,0
			-19.4303761449999,-70.2249800209999,0
			-19.4303632749998,-70.225079455,0
			-19.4303545709999,-70.225124057,0
			-19.4303471679999,-70.225149814,0
			-19.4303191029999,-70.225238183,0
			-19.430308456,-70.2252892529999,0
			-19.4303076149998,-70.225306866,0
			-19.430307114,-70.225327529,0
			-19.4303052139998,-70.225435045,0
			-19.4303015329999,-70.2254718749999,0
			-19.4302949889999,-70.2255040189999,0
			-19.430286324,-70.2255297639999,0
			-19.4302782629999,-70.2255457039999,0
			-19.430265305,-70.225564463,0
			-19.4302540229999,-70.225576189,0
			-19.4302408529998,-70.2255862799999,0
			-19.4302270619999,-70.225594653,0
			-19.4301983199999,-70.225609393,0
			-19.4301727709999,-70.2256194869999,0
			-19.4301494229999,-70.2256247399999,0
			-19.4301108179999,-70.225628166,0
			-19.429961598,-70.2256345699999,0
			-19.4299372599999,-70.2256393399999,0
			-19.429919507,-70.2256456829999,0
			-19.4299041819999,-70.225653854,0
			-19.4298911939999,-70.225663566,0
			-19.4298801849999,-70.2256747229999,0
			-19.4298705259999,-70.225686936,0
			-19.429860843,-70.2257023889999,0
			-19.4298488489999,-70.2257257269999,0
			-19.4298378239999,-70.2257526939998,0
			-19.4298320779998,-70.2257740799999,0
			-19.4298137219999,-70.225856231,0
			-19.4298009109999,-70.2258669909999,0
			-19.429778009,-70.2258731069999,0
			-19.4297621929999,-70.2258737509999,0
			-19.4297395239999,-70.225871865,0
			-19.429712636,-70.2258664249999,0
			-19.4296796259999,-70.2258573199999,0
			-19.4296458229999,-70.2258455429999,0
			-19.4296092399999,-70.2258301249999,0
			-19.4295237579999,-70.225791006,0
			-19.4294918469998,-70.225780003,0
			-19.429448453,-70.225769771,0
			-19.4294123489999,-70.2257640719999,0
			-19.429368914,-70.2257601279999,0
			-19.4293338569999,-70.2257599609999,0
			-19.4293147719999,-70.22576277,0
			-19.429300466,-70.2257674219999,0
			-19.4292907659999,-70.2257721129999,0
			-19.4292785129999,-70.225780213,0
			-19.4292493419999,-70.2258046609999,0
			-19.429214052,-70.2258393499999,0
			-19.4291839989999,-70.2258740769999,0
			-19.429112217,-70.2259602089999,0
			-19.4290600619999,-70.2260165809999,0
			-19.4290308829999,-70.226042459,0
			-19.429009096,-70.2260576289999,0
			-19.4289950419999,-70.2260645709999,0
			-19.4289159429999,-70.2260967399999,0
			-19.4289005159999,-70.22610672,0
			-19.428859479,-70.2261357459999,0
			-19.4288282299999,-70.2261603709999,0
			-19.4287510879999,-70.2262240779999,0
			-19.4287304819999,-70.2262378289999,0
			-19.4287050909999,-70.226251544,0
			-19.4286544139999,-70.226276306,0
			-19.4285130679999,-70.2263472489999,0
			-19.4284601909999,-70.226376946,0
			-19.4284239809999,-70.2264001999999,0
			-19.4283946509999,-70.2264216959999,0
			-19.4282259669999,-70.2265537659999,0
			-19.4281202779999,-70.2266299279999,0
			-19.4280769859998,-70.226658175,0
			-19.4280547719999,-70.226669913,0
			-19.4280058969999,-70.2266951669999,0
			-19.427758695,-70.2268272169998,0
			-19.4276337089999,-70.2268974249999,0
			-19.4275207219999,-70.2269702899999,0
			-19.4274842679999,-70.2269895429999,0
			-19.4273548919999,-70.227054381,0
			-19.4273339309999,-70.2270676529999,0
			-19.4271926919999,-70.227162881,0
			-19.427092557,-70.227232511,0
			-19.4270614869998,-70.227257515,0
			-19.4270100519998,-70.227300654,0
			-19.4269694979999,-70.2273385399999,0
			-19.4268712949999,-70.2274301859999,0
			-19.4268520859998,-70.227451566,0
			-19.4268313969999,-70.227477698,0
			-19.4267970989999,-70.2275255349999,0
			-19.426736773,-70.2276142269998,0
			-19.4267198589999,-70.227643718,0
			-19.4267037339999,-70.22767636,0
			-19.4266578999998,-70.227773637,0
			-19.4266375299999,-70.227806152,0
			-19.426622024,-70.2278275589999,0
			-19.4265987979999,-70.2278549089999,0
			-19.4265604109999,-70.227893002,0
			-19.4264725799999,-70.227974247,0
			-19.426458999,-70.227991383,0
			-19.4264494969999,-70.228006932,0
			-19.4264408879999,-70.228023819,0
			-19.426431889,-70.2280450869999,0
			-19.4264012309998,-70.2281159999999,0
			-19.4263871749999,-70.2281368449998,0
			-19.4263530669999,-70.2281834469999,0
			-19.4263400779999,-70.2282069699999,0
			-19.4262489739999,-70.2283843829999,0
			-19.4262361999999,-70.2284025719999,0
			-19.426215343,-70.2284270839999,0
			-19.4261965169999,-70.2284450369999,0
			-19.426178181,-70.228457567,0
			-19.426158512,-70.228466466,0
			-19.4261367899999,-70.2284720179999,0
			-19.4261026079999,-70.228475666,0
			-19.4260681719999,-70.2284774059999,0
			-19.4260179339999,-70.228477601,0
			-19.4259004909999,-70.2284744319999,0
			-19.425860488,-70.2284708899999,0
			-19.425845699,-70.228466498,0
			-19.4258306689999,-70.228457716,0
			-19.4258186249999,-70.2284482919999,0
			-19.4257791649999,-70.228417709,0
			-19.4257688969999,-70.2284127739999,0
			-19.425744633,-70.2284067819999,0
			-19.425718354,-70.2284044899999,0
			-19.425686722,-70.2284056799999,0
			-19.425654704,-70.228410203,0
			-19.4255669239999,-70.228430305,0
			-19.425536645,-70.2284315059999,0
			-19.4255111889999,-70.228428172,0
			-19.4254956909999,-70.2284215769999,0
			-19.4254726649999,-70.2284060709999,0
			-19.4254565809999,-70.2283925219999,0
			-19.425435856,-70.2283711279999,0
			-19.4254233199999,-70.228354177,0
			-19.4254104489999,-70.2283336019999,0
			-19.425351038,-70.2282336329999,0
			-19.425333843,-70.228210834,0
			-19.425317429,-70.2281929989999,0
			-19.4252928199999,-70.228170717,0
			-19.4252701589999,-70.228154928,0
			-19.4252498029999,-70.2281453459999,0
			-19.425195484,-70.228120748,0
			-19.4251822689999,-70.2281107429999,0
			-19.4251691599999,-70.2280985489999,0
			-19.425156424,-70.2280846439999,0
			-19.425138873,-70.2280610839999,0
			-19.425051321,-70.227940329,0
			-19.425027821,-70.2279147239999,0
			-19.425013534,-70.2279028069999,0
			-19.424995898,-70.2278918179999,0
			-19.424955934,-70.2278688509999,0
			-19.424559237,-70.2276733919999,0
			-19.4245005509999,-70.227639616,0
			-19.424471728,-70.2276263539999,0
			-19.424449185,-70.2276196119999,0
			-19.4244133529999,-70.2276139149999,0
			-19.4241807609999,-70.2275756909999,0
			-19.4241609309999,-70.227568589,0
			-19.4241296619998,-70.2275560699998,0
			-19.4240037619999,-70.227507696,0
			-19.4239248799999,-70.227481008,0
			-19.4238682449999,-70.2274647729999,0
			-19.4238424389999,-70.2274595319999,0
			-19.4237971259999,-70.2274530019999,0
			-19.4237425809999,-70.2274482099999,0
			-19.4236115069999,-70.2274432239999,0
			-19.423554849,-70.2274440379999,0
			-19.4235228389999,-70.227447607,0
			-19.423494149,-70.2274545339999,0
			-19.423475669,-70.227461443,0
			-19.4234576289998,-70.2274703539999,0
			-19.423431674,-70.227486827,0
			-19.4233663009999,-70.2275336679999,0
			-19.4233509009999,-70.2275396479999,0
			-19.4233380649999,-70.2275406009999,0
			-19.423325516,-70.2275388859998,0
			-19.4232537719999,-70.2275254899999,0
			-19.423178551,-70.22751883,0
			-19.4231582519999,-70.2275142,0
			-19.4231404929999,-70.2275083559999,0
			-19.423123553,-70.2275011789999,0
			-19.4231035659999,-70.2274906499998,0
			-19.423091246,-70.227481794,0
			-19.423075078,-70.227467675,0
			-19.422939749,-70.2273437039999,0
			-19.4229053209999,-70.227317066,0
			-19.4228241339999,-70.227257122,0
			-19.422782308,-70.227229285,0
			-19.4227497179999,-70.2272116129999,0
			-19.4227220719999,-70.2271978809999,0
			-19.4226857639999,-70.227182371,0
			-19.4226542919999,-70.2271730849999,0
			-19.4226326379999,-70.2271685429999,0
			-19.4226000459999,-70.2271642969999,0
			-19.4225678929999,-70.2271624369999,0
			-19.4225279569999,-70.227162042,0
			-19.4224808709999,-70.2271634999998,0
			-19.4224456049999,-70.227167519,0
			-19.422419636,-70.2271732279999,0
			-19.4222439709999,-70.227214862,0
			-19.422222951,-70.2272233699999,0
			-19.422205441,-70.227233715,0
			-19.4221822879999,-70.2272505889999,0
			-19.4221734729999,-70.2272578999999,0
			-19.4221389449999,-70.227286549,0
			-19.4221248379999,-70.227301585,0
			-19.4221151659999,-70.227315608,0
			-19.422079169,-70.2273742899999,0
			-19.4220644109999,-70.2273919879999,0
			-19.4220012189999,-70.2274636079999,0
			-19.4219831439999,-70.227491186,0
			-19.421942675,-70.2275562129999,0
			-19.4219285579999,-70.2275727759999,0
			-19.4219103839999,-70.2275879709999,0
			-19.4218866959999,-70.2276034119999,0
			-19.421858776,-70.2276166309999,0
			-19.4217947979999,-70.2276444369999,0
			-19.4217392159999,-70.2276728749999,0
			-19.421722734,-70.2276785609999,0
			-19.4217030089999,-70.2276825069999,0
			-19.4216833929999,-70.227683788,0
			-19.421663705,-70.2276823089999,0
			-19.421644128,-70.2276775879998,0
			-19.4216298949999,-70.2276713859999,0
			-19.4216162199999,-70.2276627129999,0
			-19.4216019349999,-70.2276507019998,0
			-19.421585417,-70.2276346739999,0
			-19.4215472819999,-70.227595338,0
			-19.421524963,-70.2275685069999,0
			-19.4214654109999,-70.2274894879999,0
			-19.4214464539999,-70.227460204,0
			-19.4214271779999,-70.2274243429999,0
			-19.421379939,-70.2273417059999,0
			-19.4213639929999,-70.2273212049998,0
			-19.4213407609999,-70.2272957939999,0
			-19.4213153519999,-70.2272719819999,0
			-19.4212987239999,-70.2272590969999,0
			-19.421274249,-70.227244057,0
			-19.4212580359999,-70.2272365069999,0
			-19.42124172,-70.22723067,0
			-19.4212236819999,-70.227225867,0
			-19.421197784,-70.2272207199999,0
			-19.4211644819999,-70.2272151369999,0
			-19.4211168129999,-70.2272089699999,0
			-19.421079511,-70.2272069759999,0
			-19.4210676729999,-70.2272070769999,0
			-19.4210263669999,-70.227209053,0
			-19.420842587,-70.2272213859999,0
			-19.4206024809998,-70.2272259649999,0
			-19.4205240009998,-70.2272201369999,0
			-19.4204984129999,-70.2272226119999,0
			-19.4204724479999,-70.2272274639999,0
			-19.420395642,-70.227241173,0
			-19.4203765779999,-70.2272408409999,0
			-19.4203581589999,-70.2272388919999,0
			-19.4203385749998,-70.2272355069999,0
			-19.420282901,-70.2272244209999,0
			-19.42023812,-70.2272192289999,0
			-19.420206138,-70.2272185119999,0
			-19.420180192,-70.2272205099999,0
			-19.420163993,-70.2272241009999,0
			-19.4201503099999,-70.2272299019999,0
			-19.4201367919999,-70.227237992,0
			-19.420123442,-70.2272481759999,0
			-19.4200697259999,-70.2272946309999,0
			-19.4200559389999,-70.227302432,0
			-19.420042806,-70.2273071899999,0
			-19.4200286889999,-70.2273104179998,0
			-19.4200077079999,-70.22731283,0
			-19.4199810499999,-70.2273135839998,0
			-19.4199470839999,-70.2273122819999,0
			-19.4199356149999,-70.227311148,0
			-19.419905381,-70.2273060619999,0
			-19.4198834729999,-70.2272988509999,0
			-19.419865649,-70.2272890029998,0
			-19.419849644,-70.2272773589999,0
			-19.4197859939999,-70.2272297389999,0
			-19.4197510869999,-70.2272073829998,0
			-19.4196910569999,-70.227172266,0
			-19.41966156,-70.2271515689999,0
			-19.4196140879999,-70.2271166419999,0
			-19.4195466379999,-70.227096231,0
			-19.4195344899999,-70.227089092,0
			-19.41952307,-70.2270808179999,0
			-19.4194122169999,-70.226998464,0
			-19.4193759359999,-70.2269786669999,0
			-19.4193326169999,-70.2269575799999,0
			-19.4192941459999,-70.2269411019999,0
			-19.4192606079999,-70.226930279,0
			-19.4192274939999,-70.226923268,0
			-19.419205376,-70.2269206279999,0
			-19.419173482,-70.226920197,0
			-19.4190307879998,-70.2269232209999,0
			-19.4190123609999,-70.226922797,0
			-19.418750195,-70.2269147339999,0
			-19.4187250669999,-70.2269163549999,0
			-19.4186949429999,-70.226921368,0
			-19.4186504959999,-70.2269336029999,0
			-19.418606299,-70.226949178,0
			-19.41857068,-70.2269650059999,0
			-19.418552448,-70.2269758209999,0
			-19.418516145,-70.226999357,0
			-19.41844481,-70.227045963,0
			-19.4183739109999,-70.2270947619999,0
			-19.4183441039999,-70.2271201569999,0
			-19.4183084519999,-70.227154459,0
			-19.4182398509999,-70.2272244169999,0
			-19.4182224159999,-70.2272370489999,0
			-19.4182036349999,-70.2272486219999,0
			-19.4181835009999,-70.227259423,0
			-19.4181508689999,-70.2272749859999,0
			-19.4181037479999,-70.2272950139999,0
			-19.418064075,-70.2273094769999,0
			-19.418045341,-70.2273137159999,0
			-19.4180253559999,-70.227316233,0
			-19.4179700079999,-70.2273235329999,0
			-19.4179493629999,-70.2273298529998,0
			-19.4179212689999,-70.2273424039999,0
			-19.4177225209999,-70.227430813,0
			-19.4176248009999,-70.2274775069999,0
			-19.417602975,-70.22748496,0
			-19.417584243,-70.2274888189999,0
			-19.4175656179999,-70.2274906789999,0
			-19.4175471829999,-70.227491304,0
			-19.4175199019999,-70.22749005,0
			-19.4174975199999,-70.2274862629999,0
			-19.4174830059998,-70.227481296,0
			-19.4174698579999,-70.2274746289999,0
			-19.4174574459998,-70.2274661539998,0
			-19.4174459499999,-70.227455974,0
			-19.417431872,-70.2274399629999,0
			-19.4173818639999,-70.2273792089999,0
			-19.4173690159999,-70.2273684469999,0
			-19.4173571379999,-70.2273609289999,0
			-19.4173402039999,-70.2273533739999,0
			-19.4173223469999,-70.2273482869999,0
			-19.4173037489999,-70.2273457669999,0
			-19.4172794419999,-70.2273460619999,0
			-19.417238765,-70.2273486139999,0
			-19.417210863,-70.2273459279999,0
			-19.4171953549999,-70.2273409539999,0
			-19.4171802189999,-70.227334744,0
			-19.4171535559999,-70.2273221629998,0
			-19.4170926819999,-70.227291613,0
			-19.417054074,-70.2272686559999,0
			-19.4170221369999,-70.227248037,0
			-19.416982204,-70.2272205959999,0
			-19.4169106589999,-70.2271648239999,0
			-19.416884645,-70.227149772,0
			-19.4168473659999,-70.2271308259999,0
			-19.4168130379998,-70.227116377,0
			-19.4167938289999,-70.2271108059999,0
			-19.416765588,-70.2271047849999,0
			-19.416697991,-70.2270932289999,0
			-19.4166625899999,-70.2270902019999,0
			-19.41659907,-70.227090108,0
			-19.416578549,-70.2270917619999,0
			-19.416554918,-70.2270990129999,0
			-19.4165450179999,-70.2271061759999,0
			-19.4165364609999,-70.2271158249999,0
			-19.416529424,-70.2271273919999,0
			-19.416522621,-70.227144768,0
			-19.4165193359999,-70.227162934,0
			-19.416519879,-70.2271763649999,0
			-19.416524733,-70.2271934489999,0
			-19.4165492419999,-70.2272566769999,0
			-19.416560198,-70.2272934249999,0
			-19.41656377,-70.22731326,0
			-19.4165656179999,-70.227333844,0
			-19.4165662779999,-70.2273564209999,0
			-19.4165652689999,-70.2273857449999,0
			-19.4165612629999,-70.2274035239999,0
			-19.416554295,-70.2274182319999,0
			-19.4165447239999,-70.2274309229999,0
			-19.416533355,-70.227441885,0
			-19.416520643,-70.2274509309999,0
			-19.4165069539999,-70.227457779,0
			-19.416492558,-70.227462052,0
			-19.4164730309998,-70.227463335,0
			-19.416454164,-70.2274608129999,0
			-19.4164410899999,-70.2274568089999,0
			-19.4164253289999,-70.2274492629999,0
			-19.4164111229999,-70.227438965,0
			-19.41639613,-70.2274244729999,0
			-19.4163790059999,-70.2274049159999,0
			-19.4163687209999,-70.2273888409999,0
			-19.416364121,-70.2273746159999,0
			-19.4163619679999,-70.2273588879999,0
			-19.416362563,-70.2273376539999,0
			-19.4163723419999,-70.22726735,0
			-19.4163724049999,-70.227231637,0
			-19.41637013,-70.2271803849999,0
			-19.4163722709999,-70.2271577339999,0
			-19.4163772419999,-70.2271443459999,0
			-19.416396044,-70.227102773,0
			-19.4163955529999,-70.2270820079999,0
			-19.4163912939999,-70.227070453,0
			-19.41638477,-70.2270598329999,0
			-19.41637302,-70.227046985,0
			-19.4163626879999,-70.2270380479999,0
			-19.4163475789999,-70.22702765,0
			-19.4163312779999,-70.227019718,0
			-19.4163140529999,-70.2270148279999,0
			-19.4163003329999,-70.22701282,0
			-19.4162757629999,-70.2270117789999,0
			-19.4162110619999,-70.2270124349999,0
			-19.4161603479999,-70.227016056,0
			-19.4161470399999,-70.2270196679999,0
			-19.4161349739999,-70.2270270079999,0
			-19.4161251459999,-70.227037314,0
			-19.416117202,-70.2270497289999,0
			-19.416109487,-70.2270680519999,0
			-19.4161045699999,-70.2270871569999,0
			-19.416090085,-70.2271715209999,0
			-19.416078381,-70.2272052419999,0
			-19.4160393699999,-70.227309135,0
			-19.4160382339999,-70.2273286419999,0
			-19.4158845799999,-70.2272711489999,0
			-19.4153904789999,-70.226846312,0
			-19.41501912,-70.226309355,0
			-19.4147385169999,-70.225715899,0
			-19.4144397309999,-70.2251404799999,0
			-19.4143892979999,-70.2250891949999,0
			-19.414342787,-70.224973387,0
			-19.4143151419999,-70.2249191839999,0
			-19.4142786569999,-70.224849391,0
			-19.4142531189999,-70.2248043449999,0
			-19.4142265599999,-70.2247631969999,0
			-19.4142049899999,-70.2247325599999,0
			-19.4141511819998,-70.224659115,0
			-19.4140698579999,-70.22455232,0
			-19.4139858039999,-70.2244483639999,0
			-19.4139562029999,-70.224416145,0
			-19.4139322319999,-70.224393205,0
			-19.4137734679999,-70.224246977,0
			-19.4137550859999,-70.224225982,0
			-19.4137383349999,-70.2242044289999,0
			-19.4137228509999,-70.2241825069999,0
			-19.4136867079999,-70.2241289999999,0
			-19.4136669009998,-70.224104852,0
			-19.413648044,-70.2240871899999,0
			-19.4136292539999,-70.22407343,0
			-19.4136092689999,-70.224062519,0
			-19.4135857499999,-70.2240532019999,0
			-19.4135551779999,-70.224044212,0
			-19.4135061929999,-70.2240324169999,0
			-19.413472258,-70.224026736,0
			-19.4134391169999,-70.2240237239999,0
			-19.413399005,-70.2240226609999,0
			-19.413381117,-70.2240226259999,0
			-19.4133699089999,-70.224022826,0
			-19.4132667899999,-70.2240262449999,0
			-19.412828076,-70.2240444829999,0
			-19.4125144779999,-70.2240536569998,0
			-19.4124862589999,-70.224057447,0
			-19.4124607379999,-70.2240636349999,0
			-19.4124431619999,-70.224070265,0
			-19.41241171,-70.2240846969999,0
			-19.4123067129999,-70.224139051,0
			-19.4122857049999,-70.2241459399999,0
			-19.4122657939999,-70.2241506469999,0
			-19.4122455319999,-70.2241539239999,0
			-19.4122043959999,-70.2241576149999,0
			-19.4121387769999,-70.224160458,0
			-19.411890962,-70.224168886,0
			-19.4116942399999,-70.224171223,0
			-19.4116500309999,-70.2241748929999,0
			-19.4116292209999,-70.224179022,0
			-19.4116004309999,-70.2241875679998,0
			-19.4115161259999,-70.2242146489999,0
			-19.4114793009999,-70.2242219919999,0
			-19.411389659,-70.224236638,0
			-19.411289793,-70.2242535149999,0
			-19.411275933,-70.2242587419998,0
			-19.411258436,-70.224267659,0
			-19.4112399159999,-70.224280377,0
			-19.4112271879999,-70.2242918049999,0
			-19.4112034329999,-70.2243175299999,0
			-19.411147354,-70.2243796769999,0
			-19.411118164,-70.224407457,0
			-19.4110824589999,-70.2244359489999,0
			-19.4110335249999,-70.224470438,0
			-19.410979798,-70.224505748,0
			-19.4109345269999,-70.2245326459999,0
			-19.4109085059999,-70.224545877,0
			-19.410856397,-70.224568437,0
			-19.4107774039999,-70.2245986039999,0
			-19.4107320829999,-70.2246198839999,0
			-19.410693981,-70.224642167,0
			-19.4106722829999,-70.224657812,0
			-19.410652381,-70.2246746169999,0
			-19.4106248249999,-70.2247010749999,0
			-19.4105825959999,-70.2247462779999,0
			-19.4104453199999,-70.2248971429999,0
			-19.4103487719999,-70.224997555,0
			-19.4103019479999,-70.225041011,0
			-19.4102785169999,-70.2250586449999,0
			-19.4101521929999,-70.2251532139999,0
			-19.4101167909999,-70.225177232,0
			-19.4100978389999,-70.225187375,0
			-19.4100751769999,-70.2251980619999,0
			-19.4100363049999,-70.225214246,0
			-19.40999419,-70.2252289779999,0
			-19.4099631509999,-70.225236362,0
			-19.409839367,-70.225261911,0
			-19.4097717469999,-70.2252803529999,0
			-19.4097503159999,-70.225282858,0
			-19.409706211,-70.225284624,0
			-19.4096361819999,-70.2252849559999,0
			-19.409567157,-70.2252837739999,0
			-19.4095204639999,-70.2252804709999,0
			-19.409461865,-70.2252741279999,0
			-19.409251067,-70.225246837,0
			-19.4092314969998,-70.2252410709999,0
			-19.4092098829999,-70.225230435,0
			-19.4091924329999,-70.225218876,0
			-19.409130126,-70.225172889,0
			-19.4091010569999,-70.2251556269999,0
			-19.4090761909999,-70.2251451539999,0
			-19.4090550019999,-70.2251383289999,0
			-19.4089544499999,-70.2251092939999,0
			-19.408912221,-70.2251008819999,0
			-19.4088848609999,-70.2250977249999,0
			-19.4088555119999,-70.225095601,0
			-19.4087930009999,-70.225092941,0
			-19.4087237029999,-70.225092328,0
			-19.4086774289999,-70.225094171,0
			-19.4086431499999,-70.2250989619999,0
			-19.4085381279999,-70.2251164599999,0
			-19.408491125,-70.22511925,0
			-19.4083471399999,-70.2251260769999,0
			-19.408319552,-70.2251304399999,0
			-19.4082962869999,-70.225137027,0
			-19.4082640449999,-70.225147928,0
			-19.4082062709999,-70.2251667319999,0
			-19.4081651769999,-70.22517728,0
			-19.408107081,-70.2251903669999,0
			-19.407916074,-70.225229504,0
			-19.407886197,-70.225238232,0
			-19.4078647209999,-70.2252472119998,0
			-19.4078456809999,-70.225257261,0
			-19.4077612149999,-70.225308145,0
			-19.407742097,-70.225315907,0
			-19.407723721,-70.225320913,0
			-19.407667697,-70.225334776,0
			-19.4076513879999,-70.2253416069999,0
			-19.4075937229999,-70.2253706009999,0
			-19.4074764869999,-70.2254306679999,0
			-19.407443558,-70.2254500399998,0
			-19.4071094269999,-70.22571694,0
			-19.4070313629999,-70.225769777,0
			-19.4069867469999,-70.2258066769999,0
			-19.4067323589999,-70.2260128459999,0
			-19.4067078029999,-70.226036469,0
			-19.406685028,-70.2260641999999,0
			-19.406669619,-70.2260847509999,0
			-19.4066478949999,-70.226117154,0
			-19.4065920869999,-70.2262061559999,0
			-19.4065686819999,-70.226233217,0
			-19.4065286359998,-70.2262761489999,0
			-19.4064438359999,-70.226363411,0
			-19.4064063039999,-70.2264084569999,0
			-19.4063601749999,-70.2264690579999,0
			-19.4063288729998,-70.2265148169999,0
			-19.4063170699999,-70.2265362519999,0
			-19.4062973819999,-70.2265753379999,0
			-19.4062588159999,-70.226653136,0
			-19.4061412679999,-70.226893182,0
			-19.406068508,-70.227030526,0
			-19.406057763,-70.2270560629999,0
			-19.406050368,-70.2270805759998,0
			-19.406022333,-70.227177974,0
			-19.405980257,-70.22730698,0
			-19.4059742869999,-70.2273351209999,0
			-19.4059625639999,-70.227398265,0
			-19.4059514469999,-70.2274388449999,0
			-19.4059295709999,-70.227507434,0
			-19.4058978649999,-70.2275994729999,0
			-19.405878656,-70.2276475159999,0
			-19.4058636259999,-70.2276787319998,0
			-19.4058396369999,-70.2277256889999,0
			-19.4058020289999,-70.2277955899999,0
			-19.405782851,-70.227825443,0
			-19.405769096,-70.2278420059999,0
			-19.4057197449999,-70.2278978189998,0
			-19.4055767249999,-70.2280559659999,0
			-19.4054950129999,-70.228140772,0
			-19.405474608,-70.22816538,0
			-19.4054536049999,-70.2281978839999,0
			-19.4054407139999,-70.2282203559999,0
			-19.4054226739999,-70.228255647,0
			-19.4054022019999,-70.228303107,0
			-19.4053850129999,-70.2283465919999,0
			-19.40535906,-70.228416485,0
			-19.4053423489999,-70.2284690199999,0
			-19.4053314169999,-70.22850922,0
			-19.4053126319999,-70.2285880219999,0
			-19.4053038139999,-70.2286362369999,0
			-19.4052952519999,-70.2286995939999,0
			-19.405291451,-70.2287403229998,0
			-19.405289932,-70.2287779269998,0
			-19.4052896869999,-70.228827539,0
			-19.4052896299999,-70.22911665,0
			-19.405287007,-70.229143579,0
			-19.4052826069999,-70.2291664949999,0
			-19.4052764789999,-70.2291907329999,0
			-19.405262689,-70.229239099,0
			-19.4052392339999,-70.2293134879998,0
			-19.4052155029999,-70.229375491,0
			-19.4051908209999,-70.229431301,0
			-19.4051747929999,-70.229463271,0
			-19.4051623689999,-70.2294829849999,0
			-19.4051460499999,-70.229504385,0
			-19.4051340429999,-70.2295162939999,0
			-19.405121057,-70.2295260039999,0
			-19.4051092659999,-70.2295323909999,0
			-19.4050769249999,-70.229544909,0
			-19.4050630789999,-70.229548138,0
			-19.405041911,-70.2295515979999,0
			-19.404929394,-70.229568463,0
			-19.4049110079999,-70.2295749909999,0
			-19.4048993079999,-70.2295815679999,0
			-19.4048875049999,-70.229589957,0
			-19.4047616269999,-70.2296849999999,0
			-19.4047216939998,-70.2297108859999,0
			-19.404618361,-70.229772483,0
			-19.4045685119999,-70.2298084869998,0
			-19.4044748789999,-70.229878728,0
			-19.404448594,-70.229904335,0
			-19.404378165,-70.2299771319999,0
			-19.4043409019999,-70.2300092279999,0
			-19.4041863229999,-70.230139575,0
			-19.404161851,-70.230164244,0
			-19.4041296209999,-70.230199903,0
			-19.404079526,-70.2302589489999,0
			-19.404056812,-70.2302905829999,0
			-19.4040275179999,-70.230333786,0
			-19.4039953739999,-70.2303836339999,0
			-19.4039431809999,-70.230472182,0
			-19.4038715869999,-70.230583727,0
			-19.403843149,-70.230633508,0
			-19.403814488,-70.2306893799999,0
			-19.403790553,-70.2307413849999,0
			-19.403767315,-70.2307971079999,0
			-19.403752298,-70.2308396549999,0
			-19.403746446,-70.230863324,0
			-19.4037418389999,-70.2308895709999,0
			-19.4037374319999,-70.230926771,0
			-19.403728531,-70.231013648,0
			-19.4037153809999,-70.2311539139999,0
			-19.403714436,-70.2311867579999,0
			-19.403715436,-70.2312258109999,0
			-19.4037226099999,-70.2314338389999,0
			-19.4037263939999,-70.231489004,0
			-19.403730396,-70.2315119829999,0
			-19.4037471269999,-70.231589718,0
			-19.403748864,-70.2316131589999,0
			-19.4037496989999,-70.2316633479999,0
			-19.4037476619999,-70.2317242789998,0
			-19.403744312,-70.231764821,0
			-19.4037398169999,-70.231801353,0
			-19.4037316759999,-70.2318429059999,0
			-19.4037244589998,-70.231867704,0
			-19.4037108449999,-70.2319035029999,0
			-19.4037005759999,-70.2319255199999,0
			-19.4036485909999,-70.2320229259999,0
			-19.4036398399999,-70.2320479049999,0
			-19.4036335259999,-70.2320729949999,0
			-19.4036268419998,-70.232112464,0
			-19.4036235049998,-70.2321516739999,0
			-19.4036225179999,-70.2321906139999,0
			-19.4036232199999,-70.2322603249999,0
			-19.4036258679998,-70.2323895659999,0
			-19.403631447,-70.232592537,0
			-19.4036346299999,-70.232629796,0
			-19.4036426329999,-70.23267528,0
			-19.4036647359999,-70.2328001939999,0
			-19.4036809699999,-70.232937917,0
			-19.4036956119999,-70.2330170659999,0
			-19.4037094789999,-70.2330774489999,0
			-19.4037191249999,-70.2331072329999,0
			-19.4037383619999,-70.2331620379999,0
			-19.4037863529999,-70.2332934309999,0
			-19.403792944,-70.2333207159999,0
			-19.403811801,-70.233404751,0
			-19.4038254619999,-70.2334420889999,0
			-19.40384618,-70.233491667,0
			-19.4038672119999,-70.2335345839999,0
			-19.4038782959998,-70.2335523779999,0
			-19.4038956699999,-70.2335750779998,0
			-19.4039082369999,-70.233587268,0
			-19.403924882,-70.2335977719999,0
			-19.403938755,-70.2336039699999,0
			-19.4039552509999,-70.2336096199999,0
			-19.4040127659999,-70.2336290979999,0
			-19.404030867,-70.233637899,0
			-19.4040475099999,-70.2336487869999,0
			-19.404066749,-70.2336632159999,0
			-19.404095594,-70.2336868589999,0
			-19.4041131859999,-70.2337037519999,0
			-19.4041206979999,-70.2337153299999,0
			-19.404122339,-70.2337265789999,0
			-19.4041160949999,-70.233741197,0
			-19.4041076189999,-70.2337520839999,0
			-19.404060317,-70.2338120059999,0
			-19.4040484929999,-70.2338234389999,0
			-19.404036688,-70.233832207,0
			-19.4039824559999,-70.2338748409999,0
			-19.4039632529999,-70.233894885,0
			-19.4039411279999,-70.2339198569999,0
			-19.40390761,-70.2339592179999,0
			-19.4038821729999,-70.2339927369999,0
			-19.4037730409999,-70.2341362769999,0
			-19.4036897199999,-70.234271253,0
			-19.4036818269998,-70.234289191,0
			-19.403677925,-70.234304777,0
			-19.403676122,-70.234317619,0
			-19.4036750079999,-70.2343353229999,0
			-19.403675812,-70.2343634219999,0
			-19.4036790279999,-70.2343821099999,0
			-19.403683636,-70.2343950009999,0
			-19.4036903249999,-70.2344080019999,0
			-19.403713328,-70.2344535989999,0
			-19.4037066659999,-70.2344633559999,0
			-19.4036915549999,-70.2344665759999,0
			-19.4035931079999,-70.234447169,0
			-19.4035763049999,-70.234446566,0
			-19.403562198,-70.2344482689999,0
			-19.4035474469999,-70.234451872,0
			-19.4035325869999,-70.234457854,0
			-19.403518343,-70.234466696,0
			-19.403505341,-70.2344785029999,0
			-19.4034937699999,-70.2344924129999,0
			-19.4034807989999,-70.2345130739999,0
			-19.4034698779999,-70.2345377519999,0
			-19.403462501,-70.234559884,0
			-19.403436572,-70.234652344,0
			-19.4034293389999,-70.2346663819999,0
			-19.403413937,-70.234685788,0
			-19.4033968319999,-70.234702989,0
			-19.403359359,-70.2347392739999,0
			-19.40335133,-70.2347506399998,0
			-19.4033426309999,-70.2347676209999,0
			-19.4032985529998,-70.2348583249999,0
			-19.4032806659999,-70.234884472,0
			-19.4032621839999,-70.2349051859999,0
			-19.4032487329999,-70.2349166079999,0
			-19.4032360269998,-70.2349246049999,0
			-19.4032230709999,-70.2349299369999,0
			-19.4032104099999,-70.23493165,0
			-19.40319499,-70.234926963,0
			-19.403184653,-70.2349188849999,0
			-19.4031749719999,-70.2349074809999,0
			-19.4031450449999,-70.234870593,0
			-19.4031361429998,-70.234863861,0
			-19.4031269609999,-70.234858934,0
			-19.403112,-70.2348535819999,0
			-19.403095849,-70.2348501289999,0
			-19.4030781489999,-70.2348483759999,0
			-19.403042816,-70.2348491559998,0
			-19.403024365,-70.2348516849999,0
			-19.4030054349999,-70.234858397,0
			-19.402992825,-70.2348662059999,0
			-19.4029820949999,-70.2348762189999,0
			-19.4029736099999,-70.2348880579999,0
			-19.402967282,-70.234901628,0
			-19.4029629309999,-70.2349170199998,0
			-19.402952698,-70.2349738909999,0
			-19.402948201,-70.2349837589999,0
			-19.4029378109999,-70.234997204,0
			-19.4028959959999,-70.235047358,0
			-19.4028916819999,-70.235057039,0
			-19.402886618,-70.2350713799999,0
			-19.4028789209999,-70.235100173,0
			-19.4028738339999,-70.2351305129998,0
			-19.4028713609999,-70.235162299,0
			-19.402870852,-70.2351970529999,0
			-19.4028727739999,-70.2352334439999,0
			-19.4028770969999,-70.235262043,0
			-19.4028822209999,-70.2352792249999,0
			-19.4028916559998,-70.2353003409999,0
			-19.402900497,-70.235315929,0
			-19.4029165189999,-70.235338048,0
			-19.4029388459999,-70.2353630699999,0
			-19.4029644339999,-70.235387449,0
			-19.402990135,-70.235408024,0
			-19.4030172119999,-70.2354256529999,0
			-19.4030484439999,-70.2354436969999,0
			-19.4030741589999,-70.2354623659999,0
			-19.403083485,-70.2354727209999,0
			-19.4030946629999,-70.235489661,0
			-19.4031259459999,-70.2355401739999,0
			-19.4031367189999,-70.2355504469999,0
			-19.4031484159999,-70.23555758,0
			-19.4031613069999,-70.2355619629999,0
			-19.4031764709999,-70.2355644589999,0
			-19.403224684,-70.2355699639999,0
			-19.4032503049999,-70.2355758729999,0
			-19.4032649009999,-70.235582075,0
			-19.4032773189999,-70.2355895969999,0
			-19.403288371,-70.2355985379999,0
			-19.4032980599999,-70.2356089909999,0
			-19.4033063819999,-70.235620957,0
			-19.4033147529998,-70.235638922,0
			-19.4033181789999,-70.2356534219999,0
			-19.4033186189999,-70.2356681859999,0
			-19.4033164359999,-70.235683595,0
			-19.4033085899999,-70.235734672,0
			-19.4033082229998,-70.2357621909999,0
			-19.4033100239999,-70.2357896289999,0
			-19.403313996,-70.2358165139999,0
			-19.4033190179999,-70.2358355969999,0
			-19.403325418,-70.2358509769999,0
			-19.403350636,-70.235902876,0
			-19.4033521349999,-70.2359216459999,0
			-19.4033443169999,-70.2359419649998,0
			-19.40333106,-70.235951293,0
			-19.4033133279999,-70.2359546819999,0
			-19.403252548,-70.2359635549999,0
			-19.4032405369999,-70.235976034,0
			-19.4032340919999,-70.235993412,0
			-19.4032331779999,-70.23600845,0
			-19.4032351489999,-70.2360238909999,0
			-19.403237885,-70.236033818,0
			-19.4032437549998,-70.2360476699999,0
			-19.4032517119999,-70.2360601089999,0
			-19.403261577,-70.2360710369999,0
			-19.403284664,-70.2361037799999,0
			-19.4032703719999,-70.2361063399999,0
			-19.4032556539999,-70.236104703,0
			-19.4032097259999,-70.2360954049999,0
			-19.4031888979998,-70.2360887729999,0
			-19.403174583,-70.2360812369999,0
			-19.403159655,-70.2360708389999,0
			-19.403083163,-70.2360116979999,0
			-19.4030590419999,-70.2359978029999,0
			-19.403037863,-70.23598974,0
			-19.4030133279999,-70.235983746,0
			-19.402985525,-70.2359798209999,0
			-19.4029616739999,-70.2359794499999,0
			-19.4029467469999,-70.2359820059999,0
			-19.4029326159999,-70.2359871349999,0
			-19.4029194599999,-70.235995131,0
			-19.4029073749999,-70.2360054189999,0
			-19.4028968109999,-70.236017338,0
			-19.4028853959999,-70.236035154,0
			-19.4028789719999,-70.2360495789999,0
			-19.4028744429999,-70.2360644959999,0
			-19.4028725339999,-70.2360794319999,0
			-19.402878158,-70.236102709,0
			-19.4028838849999,-70.2361110369999,0
			-19.402891242,-70.2361186159999,0
			-19.4028997799999,-70.2361256309999,0
			-19.4029141719999,-70.2361349779999,0
			-19.402935514,-70.236145708,0
			-19.402962013,-70.236155336,0
			-19.4029965569999,-70.2361645479999,0
			-19.4030920929999,-70.236186505,0
			-19.403111285,-70.236194841,0
			-19.403123793,-70.236202267,0
			-19.403207923,-70.2362518629999,0
			-19.4032292059999,-70.2362601039999,0
			-19.4032802049999,-70.2362811529998,0
			-19.4033219759999,-70.2363039439999,0
			-19.4033662479999,-70.236331036,0
			-19.403374057,-70.236338523,0
			-19.4033836149999,-70.236354783,0
			-19.4033844039998,-70.2363717409999,0
			-19.4033769799998,-70.236387109,0
			-19.403358813,-70.236401352,0
			-19.4033452219999,-70.236406678,0
			-19.4033321009999,-70.236409436,0
			-19.4032985419999,-70.2364148949999,0
			-19.4032365909999,-70.236423187,0
			-19.4032136369999,-70.2364237749999,0
			-19.4031940359999,-70.2364227729999,0
			-19.4031721859999,-70.236420225,0
			-19.403143416,-70.236412389,0
			-19.403119626,-70.2364029729999,0
			-19.403092704,-70.2363888649999,0
			-19.4030073719998,-70.2363410849999,0
			-19.402997188,-70.236339857,0
			-19.40297702,-70.2363399979999,0
			-19.402947183,-70.236342723,0
			-19.402929575,-70.2363413519999,0
			-19.402913789,-70.236337427,0
			-19.4028672279999,-70.236328123,0
			-19.4028309179999,-70.2363261349999,0
			-19.4026029309999,-70.2363155559999,0
			-19.402586018,-70.2363179999999,0
			-19.4025561559999,-70.2363245339999,0
			-19.4024755049999,-70.2363453519999,0
			-19.4024547499998,-70.2363413849998,0
			-19.4024033349999,-70.2363286159999,0
			-19.4023676689999,-70.236325015,0
			-19.402224541,-70.2363123139999,0
			-19.402181899,-70.2363113259999,0
			-19.402149422,-70.2363167959999,0
			-19.4021372749999,-70.236322703,0
			-19.402126828,-70.2363309089999,0
			-19.4021187149999,-70.2363415129998,0
			-19.4021128489999,-70.2363539419999,0
			-19.4021090179999,-70.236372197,0
			-19.4021090139999,-70.236386194,0
			-19.4021118109999,-70.236399928,0
			-19.4021175069999,-70.236412827,0
			-19.4021258299999,-70.236424508,0
			-19.4021360609999,-70.2364346779999,0
			-19.4021476579999,-70.2364436219999,0
			-19.4022034049999,-70.236483848,0
			-19.4022050999999,-70.236500049,0
			-19.4021929459998,-70.236507194,0
			-19.4021744089999,-70.2365090519999,0
			-19.402155799,-70.236508532,0
			-19.402135496,-70.236504856,0
			-19.402120436,-70.2365004569999,0
			-19.4020594989999,-70.236479141,0
			-19.4020387429999,-70.2364751759999,0
			-19.4020238429999,-70.2364743959999,0
			-19.401923826,-70.23647307,0
			-19.4018933839999,-70.2364584599999,0
			-19.4018772859999,-70.236447101,0
			-19.4018280499999,-70.2364061649999,0
			-19.401723137,-70.2363278579999,0
			-19.4016811889999,-70.236291449,0
			-19.401653639,-70.236263626,0
			-19.4016469439999,-70.2362514829999,0
			-19.4016452639999,-70.2362327109999,0
			-19.40165336,-70.2362250589999,0
			-19.4016808589998,-70.2362202179999,0
			-19.4016958389999,-70.236210048,0
			-19.401707906,-70.2361893789999,0
			-19.401710352,-70.2361751149999,0
			-19.401707264,-70.2361508079999,0
			-19.4017020329999,-70.2361362,0
			-19.4016937479998,-70.236118806,0
			-19.401669292,-70.236074532,0
			-19.401643814,-70.2360343439999,0
			-19.4016303769999,-70.2360172919999,0
			-19.401614152,-70.2359980299998,0
			-19.4015821449999,-70.2359614119999,0
			-19.401555936,-70.2359355039998,0
			-19.4015400219999,-70.2359238599999,0
			-19.4015259729999,-70.235916898,0
			-19.4015083049999,-70.2359109579999,0
			-19.401488007,-70.235906137,0
			-19.4014401789999,-70.2358972059999,0
			-19.4013703159999,-70.2358865859999,0
			-19.401331483,-70.235883529,0
			-19.4012927169999,-70.2358839019999,0
			-19.4012731839999,-70.2358863269999,0
			-19.4012587859999,-70.2358909779999,0
			-19.4012440049999,-70.235898675,0
			-19.4012290239999,-70.235909323,0
			-19.4012141129999,-70.2359227329999,0
			-19.4011994599999,-70.235938429,0
			-19.401183235,-70.2359590659999,0
			-19.401152017,-70.236005776,0
			-19.4011058529999,-70.236084369,0
			-19.4010911769999,-70.2361033989999,0
			-19.4010797099999,-70.236115406,0
			-19.4010040009999,-70.236193489,0
			-19.4009906799999,-70.2362125289998,0
			-19.4009813289999,-70.236232265,0
			-19.40097671,-70.236247276,0
			-19.40097408,-70.2362619209999,0
			-19.4009730619999,-70.236278769,0
			-19.400974278,-70.2363125819999,0
			-19.4009777139999,-70.2363785049999,0
			-19.4009775669999,-70.2364401139998,0
			-19.4009744259998,-70.236476846,0
			-19.4009699449998,-70.2364979529999,0
			-19.400959873,-70.2365308249999,0
			-19.4009366679998,-70.2365946399999,0
			-19.4009272359999,-70.2366130409999,0
			-19.4009184789999,-70.236625164,0
			-19.4009079129999,-70.2366374639999,0
			-19.4008897259999,-70.2366544669999,0
			-19.4008687469999,-70.2366704029999,0
			-19.4008556009999,-70.236677065,0
			-19.4008367649999,-70.2366828249999,0
			-19.4008143399999,-70.236685324,0
			-19.4006566449999,-70.2367020339999,0
			-19.4006372749999,-70.2367071259999,0
			-19.4006187059999,-70.236713744,0
			-19.4005907019999,-70.2367261969999,0
			-19.400563855,-70.2367411349999,0
			-19.4005403319999,-70.2367588589999,0
			-19.4005242329999,-70.2367742609999,0
			-19.4004476489999,-70.236848623,0
			-19.4004311289999,-70.236859355,0
			-19.40041381,-70.2368682679999,0
			-19.400396053,-70.2368753719999,0
			-19.4003755019999,-70.2368812169999,0
			-19.40035018,-70.2368846429999,0
			-19.4003151009999,-70.2368876149999,0
			-19.4002598789999,-70.2368897679999,0
			-19.4001989729999,-70.236890452,0
			-19.400157147,-70.2368890879999,0
			-19.4001273589999,-70.2368847679999,0
			-19.400103101,-70.2368776329999,0
			-19.400088153,-70.2368700929999,0
			-19.4000661099999,-70.2368565949999,0
			-19.4000360739999,-70.2368353239999,0
			-19.400021973,-70.2368227429999,0
			-19.4000028739998,-70.236801267,0
			-19.3999921379999,-70.2367856649999,0
			-19.3999773239999,-70.236758509,0
			-19.399932696,-70.236664089,0
			-19.3999120529999,-70.2366302229999,0
			-19.3998910189999,-70.2366012109999,0
			-19.3998761399999,-70.236583389,0
			-19.3998608869999,-70.236567657,0
			-19.3998431869999,-70.2365527619999,0
			-19.3998290599998,-70.2365442759999,0
			-19.3998141059998,-70.236537498,0
			-19.3997949049999,-70.236531068,0
			-19.3996844469999,-70.2364972849999,0
			-19.399664275,-70.2364874209999,0
			-19.399540217,-70.2364208729999,0
			-19.3995221859998,-70.236415025,0
			-19.3995037789999,-70.236411171,0
			-19.399476787,-70.236407444,0
			-19.3994383199998,-70.2364039159999,0
			-19.3993999289999,-70.2364023869999,0
			-19.3993623249999,-70.2364046759999,0
			-19.399345308,-70.2364091179999,0
			-19.3993180429999,-70.236418909,0
			-19.399245847,-70.236445789,0
			-19.399136105,-70.236479431,0
			-19.3991104589999,-70.2364905679999,0
			-19.3990489909999,-70.2365209569999,0
			-19.3990036859998,-70.236539372,0
			-19.3989596729999,-70.2365540869999,0
			-19.3989219309999,-70.23656342,0
			-19.3988932669999,-70.2365669169999,0
			-19.3988713089999,-70.2365666549998,0
			-19.3988538959999,-70.236562905,0
			-19.3988406489999,-70.236557756,0
			-19.3987996659999,-70.2365390699999,0
			-19.3987856819999,-70.2365357259999,0
			-19.398772229,-70.236534292,0
			-19.3987441329999,-70.2365336029999,0
			-19.3987039209998,-70.236533966,0
			-19.3986760759999,-70.236536327,0
			-19.3986576099999,-70.236541138,0
			-19.3986426539999,-70.2365479769999,0
			-19.3986227009999,-70.2365590629999,0
			-19.3985872099998,-70.2365829809999,0
			-19.3985551409999,-70.2366083539999,0
			-19.398542757,-70.236622165,0
			-19.398532807,-70.2366372279999,0
			-19.3985248369999,-70.2366532629999,0
			-19.3985193969999,-70.236669219,0
			-19.3985164009999,-70.236684526,0
			-19.398515405,-70.2366983269999,0
			-19.3985133439999,-70.2367354479999,0
			-19.3985057649999,-70.2367472939999,0
			-19.3984924539999,-70.2367512879998,0
			-19.398480541,-70.2367493879999,0
			-19.398470634,-70.2367445519999,0
			-19.3984033929999,-70.236707192,0
			-19.3983926569999,-70.2367180619999,0
			-19.398365639,-70.2367582319999,0
			-19.3983514339999,-70.2367741229999,0
			-19.398317579,-70.2368095769999,0
			-19.3983017199999,-70.2368301199999,0
			-19.398272144,-70.236874079,0
			-19.398256041,-70.236903382,0
			-19.3982497859999,-70.2369196189999,0
			-19.398245136,-70.2369392929999,0
			-19.398242339,-70.2369651739999,0
			-19.3982428279999,-70.2369864119999,0
			-19.3982458469999,-70.237007289,0
			-19.398251493,-70.2370272329999,0
			-19.39825941,-70.2370456709999,0
			-19.3982693169999,-70.2370635519999,0
			-19.3982876399999,-70.2370929259999,0
			-19.398315738,-70.237133226,0
			-19.398331071,-70.2371504819999,0
			-19.3983722549999,-70.237193072,0
			-19.3983843429999,-70.2372094469999,0
			-19.39839426,-70.237226092,0
			-19.3984054909999,-70.2372487449999,0
			-19.3984550869999,-70.2373441839999,0
			-19.3985045629998,-70.2374149909999,0
			-19.3985184419998,-70.237446903,0
			-19.3985189869999,-70.2374598569999,0
			-19.398516731,-70.2374727889999,0
			-19.3985116769999,-70.237484939,0
			-19.3985041029999,-70.237495929,0
			-19.3984946379999,-70.2375060459999,0
			-19.3984816389999,-70.237517279,0
			-19.398455584,-70.2375352699999,0
			-19.398441544,-70.2375406859999,0
			-19.3984278,-70.237542107,0
			-19.398414445,-70.2375392439999,0
			-19.398398523,-70.2375286499999,0
			-19.3983619159999,-70.237490855,0
			-19.3983448289999,-70.237478916,0
			-19.3982822019999,-70.2374407339998,0
			-19.3982583959999,-70.2374202739999,0
			-19.3981941569999,-70.237366843,0
			-19.3981833539999,-70.2373608569999,0
			-19.3981666679999,-70.237356635,0
			-19.3981486059999,-70.237355072,0
			-19.3981345949999,-70.2373558219999,0
			-19.3981209319998,-70.237358671,0
			-19.3981081569999,-70.237363906,0
			-19.3980970809999,-70.237371727,0
			-19.3980886059999,-70.237382235,0
			-19.398083276,-70.237395238,0
			-19.3980812209998,-70.2374051249999,0
			-19.3980678409999,-70.237459303,0
			-19.398056492,-70.2374672139999,0
			-19.398045457,-70.237468941,0
			-19.3980333519999,-70.2374683729999,0
			-19.3980126819999,-70.2374654549999,0
			-19.39799627,-70.2374602849999,0
			-19.3979833989999,-70.2374531419999,0
			-19.3979385979998,-70.2374243299999,0
			-19.3979143619999,-70.237414245,0
			-19.3978948799999,-70.237408954,0
			-19.3978161949999,-70.2373935029999,0
			-19.397732224,-70.237371159,0
			-19.3973847299998,-70.2373686269999,0
			-19.3973556079999,-70.2373727879999,0
			-19.3973423809999,-70.2373777339999,0
			-19.3973255729998,-70.237391413,0
			-19.3973166989999,-70.23740763,0
			-19.397311497,-70.23742835,0
			-19.3973095549998,-70.2374482369999,0
			-19.397309126,-70.2374713729999,0
			-19.3973094579999,-70.237515273,0
			-19.397312283,-70.2376048039998,0
			-19.3973193809999,-70.2376905569999,0
			-19.397317589,-70.237701305,0
			-19.3973125169999,-70.2377164999999,0
			-19.3973061149999,-70.2377281649999,0
			-19.3972874149999,-70.2377540199999,0
			-19.3972553159999,-70.237796819,0
			-19.3972434269999,-70.2378179629999,0
			-19.3972259739999,-70.2378518329999,0
			-19.397106246,-70.2378935179999,0
			-19.3970947409999,-70.237891302,0
			-19.3970804099999,-70.2378861469999,0
			-19.397065466,-70.2378779389999,0
			-19.3970196719999,-70.237849409,0
			-19.396997771,-70.237840767,0
			-19.396985953,-70.237838203,0
			-19.3969356019999,-70.2378281099999,0
			-19.3969187779999,-70.2378175069999,0
			-19.396905386,-70.237807123,0
			-19.3968707739999,-70.237781529,0
			-19.3968352299999,-70.2377598369999,0
			-19.3967848339999,-70.237729841,0
			-19.396770326,-70.2377240179999,0
			-19.3966989159999,-70.237701768,0
			-19.3966847029999,-70.2376925189999,0
			-19.3966430639999,-70.237663733,0
			-19.396629457,-70.237658107,0
			-19.3966158339999,-70.2376553389999,0
			-19.3965423839999,-70.237640499,0
			-19.3965300469999,-70.2376345009999,0
			-19.396512591,-70.237623801,0
			-19.3963941799998,-70.2375503459999,0
			-19.3963384449999,-70.2375085019999,0
			-19.3963149429999,-70.2374965159999,0
			-19.3962549689999,-70.2374666399999,0
			-19.3962103589999,-70.2374364019998,0
			-19.3961940569999,-70.237428756,0
			-19.3961567589999,-70.2374124769999,0
			-19.3961397639999,-70.237400446,0
			-19.396024487,-70.237344821,0
			-19.3960091599999,-70.2373398489999,0
			-19.3959847959999,-70.2373352829998,0
			-19.3959675419999,-70.2373346759999,0
			-19.395946199,-70.2373373709999,0
			-19.3959247389999,-70.2373440669999,0
			-19.3957917159999,-70.2373863879999,0
			-19.395672239,-70.2374170029999,0
			-19.395561474,-70.2374548259999,0
			-19.395525001,-70.2374635009999,0
			-19.3954338889999,-70.2374816669999,0
			-19.395385403,-70.2374897719999,0
			-19.395336119,-70.2374956849999,0
			-19.395298972,-70.237497117,0
			-19.395281449,-70.2374963199999,0
			-19.3952583459999,-70.2374923359999,0
			-19.3952418439999,-70.237487356,0
			-19.3952207649999,-70.23747796,0
			-19.395200519,-70.237465428,0
			-19.39510745,-70.237399403,0
			-19.3950063329999,-70.237320842,0
			-19.3949760089998,-70.2373021399999,0
			-19.39494432,-70.237285428,0
			-19.3948648959999,-70.2372454989999,0
			-19.3948266969999,-70.2372291189998,0
			-19.3947990229998,-70.2372194829999,0
			-19.3946197339999,-70.237156521,0
			-19.3945846079999,-70.2371394959999,0
			-19.394562653,-70.2371260939999,0
			-19.394545485,-70.237112919,0
			-19.3944815839999,-70.2370625409999,0
			-19.3944569289999,-70.237047214,0
			-19.3944362049999,-70.2370387719999,0
			-19.3944164599999,-70.2370325309999,0
			-19.3943949919999,-70.2370271299999,0
			-19.3943615109999,-70.2370212599999,0
			-19.3943277389999,-70.2370179559999,0
			-19.3942735379999,-70.237016121,0
			-19.3940709009999,-70.2370111609998,0
			-19.394056704,-70.2370130529999,0
			-19.394041767,-70.2370169389999,0
			-19.3940222849999,-70.2370252659999,0
			-19.394004868,-70.2370355149999,0
			-19.393924667,-70.2370833759999,0
			-19.3939046449999,-70.2370909379999,0
			-19.3938857229999,-70.237096413,0
			-19.3938387589999,-70.237106436,0
			-19.3938101909998,-70.2371086969999,0
			-19.393795296,-70.2371065849998,0
			-19.3937754629999,-70.2371001489999,0
			-19.393703182,-70.2370728459999,0
			-19.393691804,-70.237072,0
			-19.3936696559999,-70.2370734499999,0
			-19.3936441469999,-70.2370778279999,0
			-19.393534482,-70.2371002339999,0
			-19.393495333,-70.2371036519999,0
			-19.393371939,-70.237112431,0
			-19.393336393,-70.2371177809999,0
			-19.3932562469999,-70.2371306009999,0
			-19.3932334779999,-70.2371307149999,0
			-19.3931951129999,-70.2371252809999,0
			-19.3931061999999,-70.2371124209999,0
			-19.3930496689999,-70.237107614,0
			-19.392997991,-70.2371069389999,0
			-19.3929696029999,-70.2371090089999,0
			-19.3929468049999,-70.2371129319999,0
			-19.392924437,-70.2371208549999,0
			-19.3928355589999,-70.237155511,0
			-19.392792874,-70.2371743289999,0
			-19.3927361139999,-70.2372033229999,0
			-19.3927185449999,-70.2372090929999,0
			-19.3927054219999,-70.2372120419998,0
			-19.3926741179999,-70.2372183749999,0
			-19.3926145909999,-70.2372288759999,0
			-19.3925951579999,-70.2372295869999,0
			-19.392580713,-70.2372278559999,0
			-19.392566465,-70.2372238459999,0
			-19.392547199,-70.2372136069999,0
			-19.3924934689999,-70.2371821599999,0
			-19.3924703059999,-70.2371737,0
			-19.3924138789999,-70.237153468,0
			-19.3923760509999,-70.2371359459999,0
			-19.392340039,-70.2371166309999,0
			-19.3922289879998,-70.237050567,0
			-19.3921620369999,-70.23702359,0
			-19.39213043,-70.2370075439999,0
			-19.3919472749999,-70.2369151299999,0
			-19.3919015509999,-70.2368890769999,0
			-19.391815156,-70.2368380519999,0
			-19.3917964129999,-70.236830577,0
			-19.3917785529999,-70.2368259689999,0
			-19.3917539989999,-70.2368225459999,0
			-19.391721844,-70.236820875,0
			-19.3916918359999,-70.2368222659999,0
			-19.3916563879999,-70.2368262849999,0
			-19.391574712,-70.236838807,0
			-19.3915324909999,-70.236842392,0
			-19.3915073749999,-70.236842107,0
			-19.3914816379999,-70.2368399129999,0
			-19.391464313,-70.236836449,0
			-19.3914457339999,-70.236831261,0
			-19.3913796379999,-70.236811339,0
			-19.3913627509999,-70.236810355,0
			-19.3913473749999,-70.236812046,0
			-19.3913308179999,-70.236815349,0
			-19.3912567919999,-70.23683231,0
			-19.391220892,-70.236836422,0
			-19.3911055639999,-70.236841262,0
			-19.3910280329999,-70.2368421049999,0
			-19.391001944,-70.2368385749999,0
			-19.3909852689999,-70.236832546,0
			-19.390971506,-70.236823586,0
			-19.3909639679999,-70.2368159099999,0
			-19.3909566299999,-70.2368053829999,0
			-19.3909398219998,-70.2367790699999,0
			-19.3909296699999,-70.2367705179999,0
			-19.3909095,-70.236766984,0
			-19.3908990369999,-70.2367708579999,0
			-19.3908838979999,-70.236778266,0
			-19.390737507,-70.2368463839999,0
			-19.3907167289998,-70.2368591769999,0
			-19.3906995629999,-70.236872284,0
			-19.390671735,-70.236898259,0
			-19.3905606819999,-70.237005397,0
			-19.39052799,-70.2370293369999,0
			-19.3904275509999,-70.2371036109998,0
			-19.390385524,-70.237131764,0
			-19.390347694,-70.2371541399999,0
			-19.39032385,-70.237165956,0
			-19.3902196769999,-70.2371648839999,0
			-19.3900484599999,-70.2371635889999,0
			-19.3899569249999,-70.237137188,0
			-19.3898839129999,-70.237085123,0
			-19.3898107639999,-70.237052386,0
			-19.3897373989999,-70.2370518319999,0
			-19.3896456919999,-70.2370511409999,0
			-19.3895603929999,-70.237011837,0
			-19.389468993,-70.2369661089999,0
			-19.3893470039999,-70.2369136719998,0
			-19.389218704,-70.2368997539999,0
			-19.3891664819998,-70.236881016,0
			-19.388743136,-70.236690207,0
			-19.3886822339999,-70.236663944,0
			-19.388615272,-70.2366119259999,0
			-19.388566657,-70.2365729949999,0
			-19.388487628,-70.236501556,0
			-19.388420756,-70.2364495369999,0
			-19.388359892,-70.236404041,0
			-19.3883138579999,-70.2363574179999,0
			-19.3882478479999,-70.2363112139999,0
			-19.3881659089999,-70.2362696509999,0
			-19.3880732699999,-70.2362329579999,0
			-19.3880072249999,-70.236205705,0
			-19.3879776479999,-70.2361970059999,0
			-19.3878997259998,-70.2361755649999,0
			-19.3878141949999,-70.236143402,0
			-19.387721778,-70.2361141409999,0
			-19.387700797,-70.236103699,0
			-19.3876813639999,-70.2360910789999,0
			-19.3875463359999,-70.2360032229999,0
			-19.387442903,-70.235933029,0
			-19.3873326579999,-70.235854977,0
			-19.3871642409999,-70.235733922,0
			-19.3870812879999,-70.235667887,0
			-19.3870707779999,-70.2356595199999,0
			-19.3870527729999,-70.2356494809999,0
			-19.3869566929999,-70.2356010519999,0
			-19.3869421319999,-70.2355898979998,0
			-19.386926977,-70.2355728359999,0
			-19.3869088979999,-70.2355472759999,0
			-19.3868414449999,-70.235447933,0
			-19.3868255699999,-70.235430578,0
			-19.3868121029999,-70.2354176219999,0
			-19.3867961939998,-70.2354053149999,0
			-19.3867795469999,-70.235395382,0
			-19.386761529,-70.235387628,0
			-19.3867425909999,-70.2353822489999,0
			-19.3867234579999,-70.2353786779998,0
			-19.3866840009999,-70.2353744779999,0
			-19.386576627,-70.2353656689999,0
			-19.3865085159999,-70.235363251,0
			-19.3864367679998,-70.2353638519999,0
			-19.3863677149999,-70.2353666629999,0
			-19.3863070489999,-70.2353723009999,0
			-19.386271947,-70.2353787009999,0
			-19.3862543789999,-70.235384471,0
			-19.3862382419999,-70.235391968,0
			-19.386219259,-70.2354009489998,0
			-19.3859761809999,-70.2355159619999,0
			-19.3857685789999,-70.235616753,0
			-19.3857279419999,-70.23564006,0
			-19.3856879169999,-70.2356663229999,0
			-19.3855974179999,-70.23572696,0
			-19.3855423919999,-70.235766725,0
			-19.3855065019999,-70.235795877,0
			-19.385350235,-70.2359218109999,0
			-19.385324005,-70.2359389419999,0
			-19.3852998749999,-70.2359530429999,0
			-19.3852721289999,-70.235967306,0
			-19.3851876589999,-70.2360051359999,0
			-19.3851589919999,-70.236021868,0
			-19.3851426419999,-70.2360345049999,0
			-19.3851200189999,-70.2360527089999,0
			-19.3850533409999,-70.2361049569999,0
			-19.38501788,-70.236127283,0
			-19.3849239469999,-70.236592129,0
			-19.3849559289999,-70.237200854,0
			-19.3848884759999,-70.2378240369999,0
			-19.38459534,-70.2384136119999,0
			-19.384068295,-70.238851499,0
			-19.3835739439999,-70.2391294959999,0
			-19.382694186,-70.2396119759999,0
			-19.381374487,-70.2403497649999,0
			-19.379850629,-70.241208219,0
			-19.3785354099999,-70.2419503849999,0
			-19.3776600799998,-70.242444569,0
			-19.376798301,-70.2429486009999,0
			-19.3762443529999,-70.2433469409999,0
			-19.3757088119999,-70.2437052449998,0
			-19.375142287,-70.24396161,0
			-19.3745673599999,-70.244136634,0
			-19.3740282639999,-70.244354516,0
			-19.3735782279999,-70.2447542559999,0
			-19.373240242,-70.2452964839999,0
			-19.372857731,-70.2457365889999,0
			-19.372358618,-70.2460603709998,0
			-19.3718544189999,-70.2464454189999,0
			-19.3713273709999,-70.2468816849999,0
			-19.3707098649999,-70.2473291959999,0
			-19.3700924469999,-70.2477636779999,0
			-19.3695073259999,-70.2481082429999,0
			-19.3689103849999,-70.248200642,0
			-19.3683245329998,-70.24798256,0
			-19.367757114,-70.2477209449999,0
			-19.3672553609999,-70.2477489489999,0
			-19.3669451789999,-70.248186618,0
			-19.366872862,-70.2488557039999,0
			-19.3668547779998,-70.249506017,0
			-19.3665887129999,-70.2501043689999,0
			-19.3662342099999,-70.2503988129999,0
			-19.3657306179998,-70.2507050659999,0
			-19.3651683239999,-70.2510231929999,0
			-19.3646962409999,-70.2513438749999,0
			-19.3643733509999,-70.2516585999999,0
			-19.3640391879999,-70.2522882379999,0
			-19.3637862099999,-70.2529411129999,0
			-19.3634659499999,-70.253528973,0
			-19.363002503,-70.2539064879999,0
			-19.3624409639999,-70.254092645,0
			-19.3618975489999,-70.2542801089999,0
			-19.3614570629999,-70.25461225,0
			-19.360998641,-70.2549262349999,0
			-19.3604368489999,-70.2551491949999,0
			-19.3598789929999,-70.255455867,0
			-19.359343494,-70.255805131,0
			-19.3587452359999,-70.256077563,0
			-19.358102612,-70.256246945,0
			-19.357500264,-70.2564577329998,0
			-19.357068308,-70.256861984,0
			-19.3568071769999,-70.257385692,0
			-19.356411054,-70.25782055,0
			-19.3558668059998,-70.2581389299999,0
			-19.3554212809999,-70.2585353459999,0
			-19.3551692189999,-70.259063485,0
			-19.354921573,-70.259595318,0
			-19.354503278,-70.2599711169999,0
			-19.353978012,-70.2601455139999,0
			-19.3535156259999,-70.260367808,0
			-19.3532414749999,-70.260824957,0
			-19.35298058,-70.2613025609999,0
			-19.352428162,-70.261485476,0
			-19.3520084209999,-70.2614280499999,0
			-19.3515483349999,-70.2613182979998,0
			-19.3507229449999,-70.261114732,0
			-19.3500649069999,-70.2608901509999,0
			-19.3494433759999,-70.2606209349998,0
			-19.348879382,-70.260508907,0
			-19.3484485769999,-70.26074563,0
			-19.3482234259999,-70.2612882979999,0
			-19.3480206689999,-70.261867942,0
			-19.347593289,-70.2622511369999,0
			-19.346986811,-70.262416007,0
			-19.3463131749999,-70.2624881849999,0
			-19.3456217509999,-70.2625100049999,0
			-19.3449757179999,-70.2625083089999,0
			-19.3443837729999,-70.2625209899999,0
			-19.343822566,-70.2626686579999,0
			-19.3433320569999,-70.263039114,0
			-19.3428150909999,-70.2633185939999,0
			-19.342228367,-70.2632393759999,0
			-19.341624668,-70.2629929139998,0
			-19.3410249459999,-70.262823845,0
			-19.340525073,-70.2625912079999,0
			-19.3403065529999,-70.2621763189999,0
			-19.3405125809999,-70.261787071,0
			-19.3410022269999,-70.261540989,0
			-19.3414292599999,-70.261196872,0
			-19.3415413759999,-70.2606655239999,0
			-19.3413603329998,-70.2600647849999,0
			-19.3410114989999,-70.2595476789999,0
			-19.3405758949999,-70.2591722179999,0
			-19.3400768039999,-70.258814994,0
			-19.339510397,-70.258408828,0
			-19.338957458,-70.2580134489999,0
			-19.338517703,-70.257574028,0
			-19.3382097639999,-70.2570293319999,0
			-19.3379379839999,-70.256478678,0
			-19.3375568849999,-70.2560552289999,0
			-19.3370393769999,-70.255759714,0
			-19.336453725,-70.2555135059999,0
			-19.3358317359999,-70.2552983679999,0
			-19.3351687599999,-70.2551338389999,0
			-19.3344691729999,-70.2550404579999,0
			-19.3337915979999,-70.2550183589999,0
			-19.333145322,-70.255062234,0
			-19.3325346739999,-70.2551672809999,0
			-19.3319190619999,-70.255337476,0
			-19.3313300399998,-70.2555911489999,0
			-19.3308082409999,-70.2559072439999,0
			-19.3303315489999,-70.2562406059999,0
			-19.329850387,-70.256578065,0
			-19.3293418799999,-70.2569418189999,0
			-19.3288151959999,-70.2573221229999,0
			-19.3282881139999,-70.257759495,0
			-19.327805483,-70.2582989609999,0
			-19.3274131059999,-70.2588562679999,0
			-19.3270524889999,-70.2594014189999,0
			-19.326659988,-70.2599763429999,0
			-19.3262809719999,-70.2605489499999,0
			-19.3259654149999,-70.2611069919999,0
			-19.325748812,-70.261719516,0
			-19.325694627,-70.2623725049999,0
			-19.3258349259999,-70.2629878459999,0
			-19.3261021579999,-70.2635511429999,0
			-19.3263419379999,-70.2641448729999,0
			-19.3263602219999,-70.264774716,0
			-19.326112195,-70.265348708,0
			-19.3256803329999,-70.265737036,0
			-19.3251239759999,-70.265836297,0
			-19.3245853159999,-70.265977565,0
			-19.3242068729999,-70.2664755339999,0
			-19.3239719489999,-70.267134061,0
			-19.323845266,-70.2678097159999,0
			-19.323804379,-70.2684846289999,0
			-19.323704821,-70.2691655589999,0
			-19.3234117559999,-70.2697320129999,0
			-19.32292154,-70.2700592099999,0
			-19.322417962,-70.2703596389999,0
			-19.322039686,-70.270832018,0
			-19.321683181,-70.2714199599999,0
			-19.3212184019999,-70.2719942769999,0
			-19.3207048139999,-70.272434961,0
			-19.3201965719999,-70.2727457089999,0
			-19.319657655,-70.2729339639999,0
			-19.3190926889999,-70.2729724719999,0
			-19.3185010349998,-70.2729532339999,0
			-19.317899575,-70.273034574,0
			-19.317346744,-70.273264275,0
			-19.3169103719999,-70.27364964,0
			-19.3166173559999,-70.274207724,0
			-19.316360188,-70.2748042059998,0
			-19.316008816,-70.27530203,0
			-19.3156351679999,-70.2757562519999,0
			-19.315270219,-70.276269091,0
			-19.314792121,-70.2767984349999,0
			-19.3141255159998,-70.277155491,0
			-19.3136008859999,-70.2772370999999,0
			-19.312909334,-70.2772774939999,0
			-19.312150012,-70.2773235989998,0
			-19.3114988339999,-70.2774223909999,0
			-19.3110367489999,-70.2775889199999,0
			-19.3105139159999,-70.278058335,0
			-19.3101891809999,-70.278630408,0
			-19.3099903789999,-70.2792831379999,0
			-19.30987241,-70.2799980849999,0
			-19.3097859659999,-70.2807245819999,0
			-19.3097042319999,-70.28142258,0
			-19.3095952749999,-70.282149525,0
			-19.3094410809999,-70.2828778289999,0
			-19.309273349,-70.283594175,0
			-19.308984269,-70.284229894,0
			-19.3085528039999,-70.2845566209999,0
			-19.3081111199999,-70.2844106559999,0
			-19.307753039,-70.2839231659999,0
			-19.3074091479999,-70.2833649189999,0
			-19.3070605199999,-70.2828273739999,0
			-19.3067254459999,-70.2822987489999,0
			-19.306354085,-70.281772728,0
			-19.3059873129999,-70.2812568029999,0
			-19.3056882939999,-70.280726592,0
			-19.3053986539999,-70.280156855,0
			-19.3050726889999,-70.2796056999999,0
			-19.3046603739999,-70.2791341,0
			-19.3041253519999,-70.2787653169999,0
			-19.3035170189999,-70.2785387109999,0
			-19.3029206469999,-70.278537585,0
			-19.3023907009999,-70.2787330459999,0
			-19.3019142859999,-70.279032376,0
			-19.3014642699998,-70.279419691,0
			-19.3010051819999,-70.2798235389999,0
			-19.300497993,-70.2799932879999,0
			-19.3000023909999,-70.2797982009999,0
			-19.2996078429999,-70.2793683839999,0
			-19.2993177359999,-70.2788542479999,0
			-19.2990049219998,-70.2783689399999,0
			-19.2985507509999,-70.2780709629999,0
			-19.297986738,-70.2779627419999,0
			-19.297418927,-70.2777624249999,0
			-19.296860694,-70.2774732319999,0
			-19.2962700959999,-70.2773029899999,0
			-19.2956332369999,-70.2772805079998,0
			-19.2950225309999,-70.2774033069999,0
			-19.2946223959999,-70.2777606729999,0
			-19.2945735819999,-70.2782836189999,0
			-19.294822868,-70.278814025,0
			-19.2950809449999,-70.2793784109999,0
			-19.2951533829999,-70.279994834,0
			-19.2951039379999,-70.2806070359999,0
			-19.2949775929999,-70.2812285379999,0
			-19.2947380479998,-70.2818847069999,0
			-19.2943902459999,-70.2825151609999,0
			-19.2939707289999,-70.2830695159999,0
			-19.2934713129998,-70.2834281189999,0
			-19.2929103089999,-70.283534676,0
			-19.2923184589998,-70.283532947,0
			-19.2916951559999,-70.283509458,0
			-19.2910491769999,-70.283510892,0
			-19.2904391849999,-70.2835204789999,0
			-19.2898390649999,-70.2834104839999,0
			-19.2892079329999,-70.283216137,0
			-19.288594052,-70.2831474299999,0
			-19.2880237709999,-70.2832889949999,0
			-19.2874528229999,-70.2835357879999,0
			-19.2867784189999,-70.2837161399999,0
			-19.2860688569999,-70.283749195,0
			-19.2853141319998,-70.2837834579999,0
			-19.284553692,-70.2839883889999,0
			-19.283973223,-70.284305027,0
			-19.283496268,-70.2846694709999,0
			-19.282974587,-70.2849734669999,0
			-19.2823911369999,-70.2850610499999,0
			-19.2817819489999,-70.284956756,0
			-19.2812366759999,-70.2847626939999,0
			-19.28090501,-70.2843920289999,0
			-19.2808050149999,-70.283832735,0
			-19.2807144489999,-70.2832168459999,0
			-19.2804926719999,-70.282628468,0
			-19.280152694,-70.282154536,0
			-19.2796840579999,-70.281977764,0
			-19.279239445,-70.282237772,0
			-19.2789475189999,-70.2826479299999,0
			-19.2784149739998,-70.282559598,0
			-19.2780796129999,-70.282071135,0
			-19.2776893239999,-70.281667595,0
			-19.2771571939999,-70.2815305549999,0
			-19.276556457,-70.281519026,0
			-19.2759105069999,-70.281505349,0
			-19.2752376759999,-70.281461532,0
			-19.274564972,-70.2813997109999,0
			-19.2741541629999,-70.28134663,0
			-19.273594569,-70.281252175,0
			-19.2728682119999,-70.2811151109999,0
			-19.272069619,-70.280965559,0
			-19.271352104,-70.2808446239999,0
			-19.2707969559999,-70.2807703929999,0
			-19.270372492,-70.2807329549999,0
			-19.269690633,-70.2806887609999,0
			-19.2690769929999,-70.280574794,0
			-19.2684915419999,-70.2803139649999,0
			-19.2679202259999,-70.2799696919999,0
			-19.267303285,-70.279671132,0
			-19.2666855909999,-70.2795016419999,0
			-19.2660669419999,-70.2794578709999,0
			-19.265411625,-70.2794813139998,0
			-19.2647155919999,-70.279527043,0
			-19.264037824,-70.2795435289999,0
			-19.2633695549998,-70.2794925919999,0
			-19.2626477479999,-70.279339448,0
			-19.2621654369999,-70.2791905799999,0
			-19.2614395589999,-70.2789735729999,0
			-19.2604159379999,-70.278698064,0
			-19.259256853,-70.2784126249999,0
			-19.258232929,-70.2781804569998,0
			-19.257515656,-70.2780348439999,0
			-19.256703009,-70.277946867,0
			-19.2560835589999,-70.2780178249999,0
			-19.255467632,-70.2782300339999,0
			-19.2548690719999,-70.2785527349998,0
			-19.254306073,-70.2789447629999,0
			-19.2539007789999,-70.2794045699999,0
			-19.253792881,-70.2799726759999,0
			-19.253761702,-70.2805566539999,0
			-19.253451518,-70.2809746409999,0
			-19.252885749,-70.2811272119999,0
			-19.2522492269999,-70.2810670139999,0
			-19.2515547629999,-70.2808778469999,0
			-19.2508468229999,-70.280678839,0
			-19.2501791669999,-70.2805404649999,0
			-19.24952057,-70.280398342,0
			-19.2488845459999,-70.2802563219999,0
			-19.2482430929999,-70.280244798,0
			-19.246895132,-70.2806244529999,0
			-19.246608911,-70.2806978649999,0
			-19.2465278449999,-70.2807001849999,0
			-19.245961145,-70.2806975959999,0
			-19.2459152289999,-70.2806997139999,0
			-19.2459018329999,-70.2807031299999,0
			-19.2458882249999,-70.280710825,0
			-19.2458797699999,-70.280718559,0
			-19.245869753,-70.2807297079999,0
			-19.245821534,-70.280789552,0
			-19.2458101959999,-70.2807954599999,0
			-19.2457984449999,-70.2807962239999,0
			-19.2457876339998,-70.280791574,0
			-19.2457639129999,-70.2807728379998,0
			-19.2457283429999,-70.2807553419999,0
			-19.2457059479999,-70.2807407089999,0
			-19.2456964359999,-70.280731407,0
			-19.2456878389999,-70.2807203049999,0
			-19.2456800649998,-70.280707782,0
			-19.245673111,-70.2806944089999,0
			-19.2456461949999,-70.2806412099999,0
			-19.245626886,-70.2806115699999,0
			-19.2456147829998,-70.2805977749999,0
			-19.245595823,-70.2805827899999,0
			-19.245559564,-70.280560817,0
			-19.2455044879999,-70.2805290899998,0
			-19.245488891,-70.280524118,0
			-19.2454786879999,-70.2805230879999,0
			-19.2454545649999,-70.2805225209999,0
			-19.2453766819999,-70.280522106,0
			-19.2453638519999,-70.280522006,0
			-19.2451684169999,-70.2805210609999,0
			-19.2451550449999,-70.280520957,0
			-19.245141765,-70.280520759,0
			-19.245103292,-70.2805180829999,0
			-19.245064575,-70.2805114079999,0
			-19.2450350879999,-70.2805028069999,0
			-19.245016547,-70.2804924849999,0
			-19.2449900199999,-70.280474394,0
			-19.2449785319999,-70.2804632689999,0
			-19.2449732609999,-70.2804545719999,0
			-19.2449680039999,-70.2804437789999,0
			-19.2449575209999,-70.2804183939999,0
			-19.2449404589999,-70.280377259,0
			-19.2449265329999,-70.2803530819999,0
			-19.2449183759999,-70.2803436949999,0
			-19.2449090289999,-70.2803365839999,0
			-19.244898399,-70.28033184,0
			-19.2448863999999,-70.2803292719999,0
			-19.2448602819999,-70.280330022,0
			-19.244847434,-70.2803325859999,0
			-19.244834845,-70.2803365779999,0
			-19.2448225219999,-70.280341811,0
			-19.244810548,-70.2803483769999,0
			-19.2447991089999,-70.2803560899998,0
			-19.2447884769999,-70.2803647589998,0
			-19.244770724,-70.280383838,0
			-19.2447454939999,-70.280412658,0
			-19.2447355359999,-70.2804153389999,0
			-19.244723509,-70.280416579,0
			-19.244673803,-70.280417905,0
			-19.2446468869999,-70.280416746,0
			-19.2446328249999,-70.2804118799999,0
			-19.2446066869999,-70.2803894149998,0
			-19.2445894959999,-70.2803672109999,0
			-19.2445626749998,-70.2803260949999,0
			-19.244550251,-70.2803197209998,0
			-19.2445313819999,-70.2803171959999,0
			-19.2445070809999,-70.2803167229999,0
			-19.2444680479999,-70.2803165149999,0
			-19.2444544969999,-70.2803163139999,0
			-19.2444304849999,-70.2803127029999,0
			-19.244415482,-70.2803006959999,0
			-19.2444114799999,-70.2802912449999,0
			-19.2444093939999,-70.2802797189999,0
			-19.244409032,-70.2802668729999,0
			-19.2444117449999,-70.280240734,0
			-19.2444170459999,-70.2802190849999,0
			-19.2444231199999,-70.2802031489999,0
			-19.2444266169999,-70.28018158,0
			-19.2444265439999,-70.2801528489999,0
			-19.244423475,-70.2801265679998,0
			-19.2444200359998,-70.2801147479998,0
			-19.2444148729999,-70.2801032909999,0
			-19.2444083569999,-70.2800922989999,0
			-19.24433399,-70.279976421,0
			-19.2443168729999,-70.27995631,0
			-19.244306805,-70.279948717,0
			-19.2442833859999,-70.2799382599999,0
			-19.2442295,-70.27991682,0
			-19.2442169089998,-70.2799086349999,0
			-19.2442052259999,-70.279899412,0
			-19.2441852219999,-70.2798786119999,0
			-19.244168482,-70.2798562219999,0
			-19.244153285,-70.2798331769999,0
			-19.244126593,-70.2797863549999,0
			-19.2441032349999,-70.2797543999999,0
			-19.2440783109999,-70.2797263329999,0
			-19.2440639289999,-70.279715756,0
			-19.244042634,-70.279711595,0
			-19.2440141759999,-70.2797108029999,0
			-19.2440000829999,-70.2797106949999,0
			-19.2439474079999,-70.2797104749999,0
			-19.243895628,-70.2797110269999,0
			-19.2438694019999,-70.2797139619999,0
			-19.2438436019999,-70.279720993,0
			-19.2438185879999,-70.279731834,0
			-19.243781769,-70.279751147,0
			-19.2436589299999,-70.2798217329999,0
			-19.2436398249999,-70.2798274849999,0
			-19.243611163,-70.2798300219999,0
			-19.2435645349999,-70.2798307049999,0
			-19.2435211649999,-70.2798305599999,0
			-19.2432970829999,-70.2798303439999,0
			-19.243264895,-70.2798334239999,0
			-19.243251947,-70.279837129,0
			-19.2432414229999,-70.2798431369999,0
			-19.2432338589999,-70.2798523989999,0
			-19.243229691,-70.27986721,0
			-19.2432283569999,-70.27988965,0
			-19.243228991,-70.279902689,0
			-19.2432326909999,-70.2799290679999,0
			-19.243242639,-70.2799792789999,0
			-19.2432431,-70.2800039239999,0
			-19.2432424639999,-70.280055956,0
			-19.2432392029999,-70.2800829459999,0
			-19.2432303269999,-70.2801376749999,0
			-19.243229131,-70.280192558,0
			-19.2432306629999,-70.2802189219998,0
			-19.2432358119999,-70.2802447409999,0
			-19.2432449429999,-70.280270022,0
			-19.2432601249999,-70.280308576,0
			-19.2432614059999,-70.2803193339999,0
			-19.2432618619999,-70.280344452,0
			-19.2432616709999,-70.280384597,0
			-19.243261471,-70.2804518529999,0
			-19.2432570559999,-70.2804887309999,0
			-19.243251571,-70.2804979149998,0
			-19.2432370279999,-70.2805159119999,0
			-19.2431103879999,-70.2805815459999,0
			-19.2431005279999,-70.2805836959999,0
			-19.2430746709999,-70.280585682,0
			-19.2430227139999,-70.2805859469999,0
			-19.242958653,-70.2805856379999,0
			-19.242946275,-70.280585542,0
			-19.242933899,-70.2805852569999,0
			-19.2429211649999,-70.2805844909999,0
			-19.242881354,-70.2805789509999,0
			-19.2428423699999,-70.2805718949999,0
			-19.24280715,-70.280569339,0
			-19.2427857349999,-70.2805694569999,0
			-19.2427659679998,-70.280579103,0
			-19.242716985,-70.28061944,0
			-19.242706287,-70.2806244919999,0
			-19.2426820369999,-70.280629537,0
			-19.242655553,-70.2806306649999,0
			-19.242628176,-70.2806307379999,0
			-19.2425813789999,-70.280629518,0
			-19.2425688439999,-70.280626092,0
			-19.2425412109999,-70.2806106559999,0
			-19.2425179369999,-70.2806054349999,0
			-19.2424931909999,-70.28060372,0
			-19.2424471069999,-70.2806038379999,0
			-19.2424314579999,-70.2806062829999,0
			-19.2424189179999,-70.28061665,0
			-19.2424136139999,-70.2806255509999,0
			-19.2424096559999,-70.2806360809999,0
			-19.2424068679999,-70.2806600319998,0
			-19.2424085869999,-70.2806854469999,0
			-19.2424124889999,-70.2807090699999,0
			-19.2424189479999,-70.2807285269999,0
			-19.2424243089999,-70.28073713,0
			-19.242431751,-70.280745369,0
			-19.242450885,-70.2807612139999,0
			-19.2424836289999,-70.280782017,0
			-19.242506958,-70.280792662,0
			-19.2425319309999,-70.2808008459999,0
			-19.242558899,-70.2808074289999,0
			-19.2426445229999,-70.2808255049999,0
			-19.2426825929999,-70.2808371289999,0
			-19.2426980609999,-70.280844374,0
			-19.242707175,-70.2808592869999,0
			-19.2427098959999,-70.2808706279999,0
			-19.2427111609999,-70.280883576,0
			-19.2427109759999,-70.2808970839999,0
			-19.2427080019999,-70.2809218899999,0
			-19.2426995069999,-70.2809476029999,0
			-19.2426932129999,-70.2809563079999,0
			-19.2426850169999,-70.280965376,0
			-19.242675289,-70.2809739589999,0
			-19.242664572,-70.2809815809999,0
			-19.2426531429999,-70.280988056,0
			-19.242628856,-70.280998333,0
			-19.242603959,-70.2810049879999,0
			-19.2425660579999,-70.2810109719999,0
			-19.2425398889999,-70.281019046,0
			-19.2425006729999,-70.281032156,0
			-19.242468065,-70.2810378579999,0
			-19.2423173339999,-70.281058989,0
			-19.2422869169999,-70.2810668369999,0
			-19.2422717749999,-70.281074428,0
			-19.242253149,-70.281089217,0
			-19.2421210749999,-70.281201494,0
			-19.242093038,-70.2812311479998,0
			-19.2420728619999,-70.2812478289999,0
			-19.2420474529999,-70.2812634249998,0
			-19.242033315,-70.2812693069999,0
			-19.2420178359999,-70.28127347,0
			-19.2420009219999,-70.281275621,0
			-19.2419668539999,-70.2812764029999,0
			-19.2419386629999,-70.2812762789999,0
			-19.241780993,-70.2812758149999,0
			-19.2417371439999,-70.2812798529999,0
			-19.241654039,-70.2812890049999,0
			-19.2416271509999,-70.281296789,0
			-19.2416029559999,-70.281306684,0
			-19.2415349639999,-70.2813385949999,0
			-19.2415121759998,-70.2813542109999,0
			-19.2414927099999,-70.2813727049999,0
			-19.2414762,-70.2813949329999,0
			-19.2414419899999,-70.281441663,0
			-19.2414208069999,-70.281460334,0
			-19.241397568,-70.2814755649999,0
			-19.241352638,-70.2815043269999,0
			-19.241333637,-70.281521208,0
			-19.2413176859998,-70.281541061,0
			-19.2413047789999,-70.2815645529999,0
			-19.2412997179999,-70.2815776429999,0
			-19.241296188,-70.2815915999999,0
			-19.2412942789999,-70.281606236,0
			-19.241293449,-70.2816211639999,0
			-19.2412918899999,-70.2816633889999,0
			-19.2412872789999,-70.2816896099999,0
			-19.241279892,-70.2817121959999,0
			-19.241265504,-70.2817314709999,0
			-19.241256236,-70.2817355079999,0
			-19.2412448299999,-70.2817385589999,0
			-19.2412194189999,-70.2817415969999,0
			-19.2411964659999,-70.281741799,0
			-19.241171198,-70.281737227,0
			-19.2411492329999,-70.281725641,0
			-19.2411266729999,-70.2817089129999,0
			-19.2410859049999,-70.2816721899999,0
			-19.2410626509999,-70.2816512429999,0
			-19.2410335139999,-70.2816442609999,0
			-19.2409876089999,-70.281644571,0
			-19.2409624469999,-70.2816508439998,0
			-19.2409537329999,-70.2816564839999,0
			-19.240945095,-70.2816641219999,0
			-19.2409370779999,-70.2816734769999,0
			-19.2409303159999,-70.2816842719999,0
			-19.240924723,-70.2816961199999,0
			-19.2409202069999,-70.2817086419999,0
			-19.240913427,-70.2817350349999,0
			-19.2408958659999,-70.2818169019999,0
			-19.2408886409999,-70.2818292139999,0
			-19.2408729479999,-70.281837938,0
			-19.2408614559999,-70.2818404169999,0
			-19.2408331569999,-70.2818427669999,0
			-19.2408025269999,-70.2818430039999,0
			-19.2407609639999,-70.2818427769999,0
			-19.2407483119999,-70.281842678,0
			-19.2407358469998,-70.281842392,0
			-19.2406972859999,-70.281839142,0
			-19.2406452029999,-70.2818315059999,0
			-19.2405924559999,-70.28182853,0
			-19.240576443,-70.2818184189999,0
			-19.2405674689999,-70.2818096899999,0
			-19.240549449,-70.2817893829999,0
			-19.2405238279999,-70.2817581709999,0
			-19.2405093409999,-70.281736371,0
			-19.2405040919999,-70.2817246269999,0
			-19.240500206,-70.2817120399999,0
			-19.2404977699999,-70.281698419,0
			-19.2404960869999,-70.281667869,0
			-19.2404962639999,-70.2816167829999,0
			-19.2404966369999,-70.281537543,0
			-19.240497075,-70.281397609,0
			-19.240501089,-70.2813535939999,0
			-19.2405062569999,-70.2813250949999,0
			-19.2405172209999,-70.2812818009999,0
			-19.2405303479999,-70.2812396669999,0
			-19.2405629099999,-70.2811407359998,0
			-19.2404580419999,-70.2810136109999,0
			-19.2403033289999,-70.2808543749999,0
			-19.2400716349999,-70.2806159079999,0
			-19.240073213,-70.2805712499999,0
			-19.2400723289998,-70.2805298599999,0
			-19.2400688019999,-70.2805170869999,0
			-19.2400588319999,-70.2805083529999,0
			-19.240038881,-70.2805059149999,0
			-19.240014382,-70.280508197,0
			-19.2400019849999,-70.2805105749998,0
			-19.2399772619999,-70.2805183739999,0
			-19.2399263679999,-70.280534722,0
			-19.2398998719999,-70.2805378479999,0
			-19.2398221559999,-70.280539243,0
			-19.239806916,-70.280547971,0
			-19.2397980029999,-70.2805560819999,0
			-19.239790512,-70.2805640029999,0
			-19.2395849639999,-70.2805285009999,0
			-19.239565313,-70.2805284519999,0
			-19.23957474,-70.28051592,0
			-19.2395709429999,-70.2805033309999,0
			-19.239550027,-70.2804967969999,0
			-19.2395347619998,-70.2804959169999,0
			-19.239465282,-70.280495473,0
			-19.2394326509999,-70.2804972179999,0
			-19.239419159,-70.2805012039998,0
			-19.2393984879999,-70.2805109359999,0
			-19.2393761399999,-70.280515425,0
			-19.239355888,-70.280517171,0
			-19.2393423719999,-70.2805118339999,0
			-19.2391934349999,-70.2801137849999,0
			-19.2391751039999,-70.2801140349999,0
			-19.2391453559999,-70.2801169419999,0
			-19.2391102519999,-70.2801234249999,0
			-19.239073773,-70.2801327499999,0
			-19.2390442499999,-70.2801421309999,0
			-19.2390183309999,-70.2801532499999,0
			-19.238993201,-70.2801677049999,0
			-19.2389700349999,-70.2801855049999,0
			-19.238949474,-70.2802057019998,0
			-19.238913715,-70.2802414799999,0
			-19.238903756,-70.280244162,0
			-19.238892451,-70.2802456919999,0
			-19.2388648849999,-70.2802467159999,0
			-19.2388510739999,-70.2802446099998,0
			-19.2388358549999,-70.280237547,0
			-19.2388269539999,-70.280231106,0
			-19.238818067,-70.280222758,0
			-19.2388101849999,-70.2802129,0
			-19.238804205,-70.280202103,0
			-19.2388001269999,-70.280191037,0
			-19.2387975809999,-70.280180647,0
			-19.238791426,-70.2801560569999,0
			-19.2387776919998,-70.280143107,0
			-19.238767781,-70.280138844,0
			-19.2387565929999,-70.280136666,0
			-19.2387444879999,-70.2801362869999,0
			-19.2387316539998,-70.2801368519999,0
			-19.238704437,-70.280139591,0
			-19.238674133,-70.2801445889999,0
			-19.238576866,-70.2801638109999,0
			-19.2385282979999,-70.2801703809999,0
			-19.238485902,-70.2801729989999,0
			-19.238466343,-70.2801788419999,0
			-19.2384391759999,-70.2801876679999,0
			-19.2384079679999,-70.2801925639999,0
			-19.238364222,-70.2801942219999,0
			-19.2382932049999,-70.2801939569998,0
			-19.238278298,-70.280193841,0
			-19.2382279829999,-70.2801916439999,0
			-19.238212022,-70.2801873339999,0
			-19.238184595,-70.2801683809998,0
			-19.238138573,-70.2801339679999,0
			-19.2381246969999,-70.280128153,0
			-19.2381098179999,-70.2801239469999,0
			-19.238094662,-70.2801206899999,0
			-19.2380203149999,-70.2801051789999,0
			-19.2379799289999,-70.2800920219999,0
			-19.2378647849999,-70.28004442,0
			-19.2378367299999,-70.280037926,0
			-19.2378062069999,-70.2800353109999,0
			-19.2377561549999,-70.2800345429999,0
			-19.2377414269999,-70.280034429,0
			-19.237727965,-70.2800344189999,0
			-19.2377152249999,-70.280034321,0
			-19.2377028459999,-70.2800342239999,0
			-19.2376402219999,-70.2800353559999,0
			-19.2376240169999,-70.2800398919999,0
			-19.2376136619999,-70.2800478029999,0
			-19.237606356,-70.2800586869999,0
			-19.237585942,-70.2800834509999,0
			-19.2375753379999,-70.2800878399999,0
			-19.237563302,-70.2800907909999,0
			-19.237550642,-70.2800921189999,0
			-19.2375382619999,-70.2800922149999,0
			-19.2375186679999,-70.280090539,0
			-19.2375069539999,-70.2800859769999,0
			-19.237499801,-70.2800749819999,0
			-19.2374960559999,-70.2800547869999,0
			-19.2374913809999,-70.280012609,0
			-19.237484206,-70.2800049409999,0
			-19.2374662979998,-70.2800075619999,0
			-19.2374541459999,-70.2800139369999,0
			-19.2374433209999,-70.2800241269999,0
			-19.2374319049999,-70.2800415419999,0
			-19.2374260409999,-70.2800531979999,0
			-19.237416101,-70.2800792799999,0
			-19.2374103979998,-70.280106444,0
			-19.2374055989999,-70.2801598689999,0
			-19.237401736,-70.2801692569999,0
			-19.2373876629998,-70.280192171,0
			-19.2373644849999,-70.280224522,0
			-19.2373609849999,-70.2802341029999,0
			-19.2373560259999,-70.280258229,0
			-19.2373544859999,-70.2802847579999,0
			-19.237353922,-70.2803393579999,0
			-19.2373502919999,-70.280367488,0
			-19.2373437779999,-70.2803946429999,0
			-19.23732424,-70.2804621279999,0
			-19.237316789,-70.2804810969999,0
			-19.2373076599999,-70.280494344,0
			-19.2372963989999,-70.280502628,0
			-19.2372835559999,-70.280504526,0
			-19.2372653249999,-70.2805013409999,0
			-19.237202967,-70.280490108,0
			-19.2371861959999,-70.2804849359999,0
			-19.2371695689999,-70.2804720599999,0
			-19.2371604219999,-70.2804619999999,0
			-19.237152373,-70.280450333,0
			-19.2371462289999,-70.2804377269999,0
			-19.237141895,-70.280423997,0
			-19.2371389279999,-70.2804090369999,0
			-19.2371366909999,-70.2803929439999,0
			-19.237134214,-70.280359914,0
			-19.2371336099999,-70.2803297529999,0
			-19.2371339109999,-70.2802477549998,0
			-19.2371346769999,-70.280060737,0
			-19.237131626,-70.280044827,0
			-19.237127444,-70.280035472,0
			-19.2371132349999,-70.280013196,0
			-19.2370931729999,-70.279987642,0
			-19.237053284,-70.2799420519999,0
			-19.2370226729999,-70.279913372,0
			-19.2369895999999,-70.2798878099999,0
			-19.236972947,-70.2798788339999,0
			-19.2369538149999,-70.2798753569999,0
			-19.236929066,-70.2798740229998,0
			-19.236875427,-70.279869516,0
			-19.2368201359999,-70.279868231,0
			-19.2367375539999,-70.2798678779999,0
			-19.2365216049998,-70.279867345,0
			-19.2364951059999,-70.2798708499999,0
			-19.2364688479999,-70.279878734,0
			-19.2364421129999,-70.2798900349999,0
			-19.2363777419999,-70.279921024,0
			-19.2363425909999,-70.2799343549999,0
			-19.2363234119999,-70.279937822,0
			-19.2362961189999,-70.2799386569999,0
			-19.236251664,-70.2799385039999,0
			-19.2361420579999,-70.2799388909999,0
			-19.2361019109999,-70.279942765,0
			-19.23607486,-70.279947786,0
			-19.2360469839999,-70.27995442,0
			-19.2360211779999,-70.2799623059998,0
			-19.2359966239999,-70.2799720079998,0
			-19.2359704209999,-70.279984648,0
			-19.235946548,-70.280000445,0
			-19.2359365449999,-70.2800095949999,0
			-19.235927622,-70.2800193239999,0
			-19.2359197779999,-70.2800298219999,0
			-19.2359130139999,-70.2800409,0
			-19.2359076019999,-70.2800525569999,0
			-19.2359034489999,-70.280064798,0
			-19.235898392,-70.2800902519999,0
			-19.235888815,-70.280141929,0
			-19.235873946,-70.2801487569999,0
			-19.2358628269999,-70.2801495269999,0
			-19.2358504479999,-70.280149622,0
			-19.2358378889999,-70.280149523,0
			-19.2357735579999,-70.2801493109999,0
			-19.235756309,-70.2801478459999,0
			-19.2357434529999,-70.280138613,0
			-19.2357340789999,-70.280122274,0
			-19.235728853,-70.2801074889999,0
			-19.2357158049999,-70.2800997759999,0
			-19.235704336,-70.2800989269999,0
			-19.2356754149999,-70.2800998449999,0
			-19.2355920039998,-70.2801016719998,0
			-19.2355555109999,-70.2800999629999,0
			-19.235543111,-70.2800898769999,0
			-19.2355380229999,-70.280080895,0
			-19.2355351149999,-70.2800702179999,0
			-19.2355351059999,-70.2800589009999,0
			-19.235540854,-70.280038205,0
			-19.2355521199999,-70.280016127,0
			-19.2355573319998,-70.2799943839999,0
			-19.2355593199999,-70.2799686219999,0
			-19.235557065,-70.2799420609999,0
			-19.235553996,-70.279928721,0
			-19.235544331,-70.2799024839999,0
			-19.235531308,-70.2798783169999,0
			-19.2355095039999,-70.2798436159999,0
			-19.2354921279999,-70.2798216019999,0
			-19.2354407579999,-70.2797637469999,0
			-19.2354086289999,-70.2797326759999,0
			-19.2353930679999,-70.2797225689999,0
			-19.2353740259999,-70.279719186,0
			-19.235361649,-70.279718709,0
			-19.2353206299999,-70.2797184869999,0
			-19.235237323,-70.279718031,0
			-19.2350951949999,-70.2797174999999,0
			-19.2350329239999,-70.2797199679999,0
			-19.2349887929998,-70.2797253329999,0
			-19.2349158939999,-70.279735138,0
			-19.2348512169999,-70.2797454809999,0
			-19.2347889539999,-70.279759741,0
			-19.2347616489999,-70.279762004,0
			-19.2347271329999,-70.279762213,0
			-19.2345703669999,-70.2797614739999,0
			-19.2344900539999,-70.2797595189999,0
			-19.2344631679999,-70.279753795,0
			-19.2344351379999,-70.2797436829999,0
			-19.2344068489999,-70.279731765,0
			-19.2343661459998,-70.279711853,0
			-19.2343336989998,-70.2797005659999,0
			-19.2342983239999,-70.2796939189998,0
			-19.2342695139999,-70.2796917929999,0
			-19.234216476,-70.279691477,0
			-19.2341463629999,-70.279691123,0
			-19.2340816559999,-70.2796927159998,0
			-19.233996202,-70.2797023269998,0
			-19.2339873929999,-70.279708633,0
			-19.2339783879999,-70.279717314,0
			-19.2339699109999,-70.279727808,0
			-19.2339625109999,-70.2797393559999,0
			-19.2339560979999,-70.2797517669999,0
			-19.2339453489998,-70.2797774629999,0
			-19.2339337319999,-70.279810288,0
			-19.2339235739999,-70.2798287579999,0
			-19.2339144589999,-70.2798401979999,0
			-19.2339030759999,-70.2798527629998,0
			-19.2338592249999,-70.2798957049999,0
			-19.233842872,-70.279908231,0
			-19.2338333599999,-70.2799118649999,0
			-19.2338216909999,-70.2799137749999,0
			-19.2338091279998,-70.279914439,0
			-19.2337806739999,-70.2799130749999,0
			-19.2337646509999,-70.2799042959999,0
			-19.2337558479999,-70.2798969979999,0
			-19.233739863,-70.2798827939999,0
			-19.233723579,-70.279872681,0
			-19.2337124919999,-70.2798690739999,0
			-19.233698954,-70.2798664969999,0
			-19.233683065,-70.27986485,0
			-19.233647563,-70.2798637209999,0
			-19.2336212599999,-70.2798647519999,0
			-19.2336029519998,-70.279872697,0
			-19.2335931929999,-70.2798859389999,0
			-19.233563971,-70.27992985,0
			-19.2334926509999,-70.2800114869999,0
			-19.2334382229999,-70.2800681419999,0
			-19.2334220659999,-70.280091419,0
			-19.2333980419999,-70.2801284269999,0
			-19.233358742,-70.280179586,0
			-19.233332807,-70.2802185779999,0
			-19.233317885,-70.2802463319999,0
			-19.2333126349999,-70.2802605609999,0
			-19.2333089229999,-70.280274802,0
			-19.2333065629999,-70.2802890529999,0
			-19.23330529,-70.28030312,0
			-19.2333046299999,-70.2803455419999,0
			-19.233305962,-70.280374947,0
			-19.2333113449999,-70.280406381,0
			-19.2333163799998,-70.2804226859999,0
			-19.233323222,-70.2804393869999,0
			-19.2333398949999,-70.2804713849999,0
			-19.2333563299999,-70.280498526,0
			-19.2334203909999,-70.2806022369999,0
			-19.2334535589998,-70.2806528149999,0
			-19.2334665739999,-70.2806781239999,0
			-19.2334712689999,-70.280691573,0
			-19.233474513,-70.280705868,0
			-19.2334761219999,-70.280721101,0
			-19.233476735,-70.2807368959999,0
			-19.2334763599999,-70.2808553259999,0
			-19.233473558,-70.2808681469999,0
			-19.2334621679999,-70.2808815659999,0
			-19.2334466029999,-70.2808851549999,0
			-19.2334233809999,-70.280885261,0
			-19.2333970289999,-70.280880774,0
			-19.2333841399999,-70.280876205,0
			-19.2333719829999,-70.2808702129999,0
			-19.2333606519999,-70.280862611,0
			-19.2333387319999,-70.2808444599999,0
			-19.2332198459999,-70.2807505059999,0
			-19.233192303,-70.2807350709999,0
			-19.2331698469999,-70.280716253,0
			-19.2331469509999,-70.2806954329999,0
			-19.2331272209999,-70.280674255,0
			-19.2331089769999,-70.280647385,0
			-19.233075619,-70.280598137,0
			-19.2330558739999,-70.280578957,0
			-19.2330339399999,-70.280562711,0
			-19.2329869829999,-70.2805325709999,0
			-19.232961678,-70.2805204849998,0
			-19.2329351649999,-70.2805132399999,0
			-19.232893659,-70.280505025,0
			-19.232788677,-70.2804772899999,0
			-19.2327101189999,-70.280470115,0
			-19.2326840629999,-70.280461542,0
			-19.2326581319999,-70.280448307,0
			-19.23263386,-70.2804307129999,0
			-19.2325532959999,-70.280361311,0
			-19.232522371,-70.2803389099999,0
			-19.2324937459998,-70.2803233729999,0
			-19.2324652599999,-70.2803135419999,0
			-19.232419073,-70.2803027219999,0
			-19.2323727869999,-70.280293135,0
			-19.2323037419999,-70.2802820409999,0
			-19.232232778,-70.280273786,0
			-19.2321892409998,-70.280271832,0
			-19.2319733989999,-70.2802689219999,0
			-19.2319554489999,-70.2802644079999,0
			-19.2319436499999,-70.2802589899999,0
			-19.2319161079999,-70.2802438389999,0
			-19.2318883959999,-70.2802268839999,0
			-19.2318141769999,-70.280180459,0
			-19.2317921649999,-70.280162499,0
			-19.2317597739998,-70.2801556819999,0
			-19.2317348439999,-70.2801546329999,0
			-19.2316826179999,-70.2801543249999,0
			-19.2315984999999,-70.280153957,0
			-19.2315567439999,-70.2801555389999,0
			-19.2315259839999,-70.2801610079999,0
			-19.231497555,-70.280169157,0
			-19.2314301729999,-70.2801918469999,0
			-19.231388087,-70.2802016029999,0
			-19.2313345229999,-70.280212223,0
			-19.2312808389999,-70.2802265519999,0
			-19.2312542039999,-70.280236808,0
			-19.2312135739999,-70.2802581819999,0
			-19.2311841709999,-70.280276219,0
			-19.231157373,-70.280296748,0
			-19.2311337239999,-70.280318919,0
			-19.2310928589999,-70.280361219,0
			-19.2310624479999,-70.280394278,0
			-19.2310341039999,-70.280429063,0
			-19.231017203,-70.280455376,0
			-19.2309501739999,-70.2805693879999,0
			-19.2309323109999,-70.280591414,0
			-19.230903382,-70.2806195379999,0
			-19.230853171,-70.280667185,0
			-19.230834946,-70.2806891149999,0
			-19.2308167039999,-70.280713799,0
			-19.2307937699999,-70.2807500539999,0
			-19.230760835,-70.2808081109999,0
			-19.2307495389999,-70.2808340879999,0
			-19.230745919,-70.2808479469999,0
			-19.230743559,-70.280862294,0
			-19.2307414489999,-70.2808926219999,0
			-19.2307409349999,-70.2809402749999,0
			-19.230740593,-70.281014946,0
			-19.2307392839999,-70.2814474699999,0
			-19.23074265,-70.281495821,0
			-19.230752341,-70.2815830289999,0
			-19.2307526429999,-70.2816432469999,0
			-19.2307517409998,-70.2818492809999,0
			-19.230748865,-70.2824148729998,0
			-19.230745746,-70.2824603179999,0
			-19.230740848,-70.2824888169999,0
			-19.2307328759999,-70.2825175789999,0
			-19.2307136709999,-70.2825761219999,0
			-19.230702998,-70.282603625,0
			-19.2306807789999,-70.2826538689999,0
			-19.230671733,-70.282681005,0
			-19.2306696859999,-70.2827024869999,0
			-19.2306692689999,-70.2827361579999,0
			-19.2306693639999,-70.28289026,0
			-19.230670882,-70.2830475149999,0
			-19.2306676109999,-70.2830631839999,0
			-19.2306581069999,-70.2830782359999,0
			-19.2306498309999,-70.2830861609999,0
			-19.2306281209999,-70.2831024509999,0
			-19.230603254,-70.2831180469999,0
			-19.2305778669999,-70.2831305019999,0
			-19.2305471829999,-70.2831379689999,0
			-19.2305337439999,-70.283134726,0
			-19.230520772,-70.2831290109999,0
			-19.2305011899999,-70.283125339,0
			-19.2304693879999,-70.2831247129999,0
			-19.2304543399999,-70.283131636,0
			-19.2304500849999,-70.2831459669998,0
			-19.2304490159999,-70.283156328,0
			-19.2304480319999,-70.283181145,0
			-19.2304475629999,-70.2832350789999,0
			-19.230447136,-70.283347608,0
			-19.2304456219998,-70.2836022449999,0
			-19.230443145,-70.2836333319999,0
			-19.230438477,-70.2836676359999,0
			-19.2304322909999,-70.283699455,0
			-19.2304238529999,-70.2837298279998,0
			-19.2303901239999,-70.283836772,0
			-19.2303834689999,-70.2838709669999,0
			-19.2303633229999,-70.283999324,0
			-19.230346567,-70.2840824259999,0
			-19.23033579,-70.2841759469999,0
			-19.2303224919999,-70.2842555569999,0
			-19.2303203999999,-70.2842832229999,0
			-19.230319913,-70.284327167,0
			-19.2303199419999,-70.2845288309999,0
			-19.230326496,-70.2845478129999,0
			-19.2303393559999,-70.2845566649999,0
			-19.230349809,-70.28456055,0
			-19.2303760589999,-70.284566748,0
			-19.2304179519999,-70.2845714479999,0
			-19.2304938879999,-70.2845791739999,0
			-19.230519322,-70.2845858399999,0
			-19.2305615079999,-70.284600245,0
			-19.2306146849999,-70.284619114,0
			-19.230624217,-70.2846254659999,0
			-19.2306315719999,-70.2846334179999,0
			-19.230636562,-70.2846433499999,0
			-19.2306391889999,-70.2846552609999,0
			-19.2306401809998,-70.2846685869999,0
			-19.2306403559999,-70.2846822849999,0
			-19.230640615,-70.2847225259999,0
			-19.230638499,-70.2847666489999,0
			-19.230634305,-70.2848105639999,0
			-19.23062708,-70.2848487459999,0
			-19.2306156049999,-70.2848742449999,0
			-19.2306076049999,-70.284881414,0
			-19.2305973509999,-70.2848877059999,0
			-19.2305853929999,-70.2848922749999,0
			-19.2305724519999,-70.2848947429999,0
			-19.230545427,-70.284896053,0
			-19.230509449,-70.2848985319999,0
			-19.2304849,-70.28490719,0
			-19.2304760009999,-70.2849135879999,0
			-19.2304575329999,-70.2849314219999,0
			-19.230442479,-70.284952328,0
			-19.2304338959999,-70.284977946,0
			-19.2304393769999,-70.2849951109999,0
			-19.230445453,-70.285004671,0
			-19.2304533399999,-70.2850137679998,0
			-19.230473209,-70.2850280009999,0
			-19.2304962649999,-70.2850389299999,0
			-19.230521762,-70.2850492119999,0
			-19.230564659,-70.2850652399998,0
			-19.2306300069999,-70.285088388,0
			-19.230639582,-70.2851014949999,0
			-19.2306418589999,-70.2851117879999,0
			-19.2306425849999,-70.2851240639999,0
			-19.2306425599999,-70.2851662989999,0
			-19.2306419759999,-70.285275213,0
			-19.2306357979999,-70.2852930489999,0
			-19.2306217559999,-70.2852983609999,0
			-19.230610639,-70.2852987499999,0
			-19.2305969989999,-70.2852980719999,0
			-19.2305636769999,-70.2852951509999,0
			-19.230513295,-70.285290002,0
			-19.2305028299999,-70.2853006689999,0
			-19.2304988679999,-70.2853115779999,0
			-19.2304958899999,-70.2853240149999,0
			-19.2304940839999,-70.2853366529999,0
			-19.2304879469999,-70.285374087,0
			-19.230473989,-70.285380446,0
			-19.2304628699998,-70.285381216,0
			-19.23045058,-70.2853813099999,0
			-19.2303991709999,-70.285380528,0
			-19.2303707229999,-70.2853786899999,0
			-19.2303410239999,-70.2853747489999,0
			-19.2303191939999,-70.2853693479998,0
			-19.230307226,-70.2853624059999,0
			-19.2302979729999,-70.285354819,0
			-19.230278735,-70.2853665609999,0
			-19.2302670519999,-70.2853704639999,0
			-19.2302552309999,-70.2853679949999,0
			-19.230239221,-70.2853576909999,0
			-19.2301956239999,-70.2853220019999,0
			-19.2301705429999,-70.2853071229999,0
			-19.2301572969999,-70.285302072,0
			-19.2301431369999,-70.2852985379999,0
			-19.2301279689999,-70.285296707,0
			-19.2301131559998,-70.2852959269999,0
			-19.2300822559999,-70.2852953039999,0
			-19.2300691389999,-70.2852976749999,0
			-19.2300549949999,-70.2853045099999,0
			-19.230026885,-70.2853185599999,0
			-19.230003283,-70.285321326,0
			-19.2299925349999,-70.285320766,0
			-19.2299759349999,-70.285317022,0
			-19.2299604749999,-70.2853054879999,0
			-19.2299452299999,-70.2852890079999,0
			-19.2299303549999,-70.2852713879999,0
			-19.2299188509999,-70.285262738,0
			-19.2298996399999,-70.285257831,0
			-19.229887898,-70.2852570749999,0
			-19.2298672939999,-70.285257485,0
			-19.229855034,-70.2852662369999,0
			-19.2298519769999,-70.2852768649999,0
			-19.229850433,-70.2852909329999,0
			-19.2298493929999,-70.2853233609999,0
			-19.229849916,-70.2854032719999,0
			-19.2298476839999,-70.2854250359999,0
			-19.2298422659999,-70.285437552,0
			-19.2298310039999,-70.285445931,0
			-19.2298083879999,-70.2854494649999,0
			-19.2297640219999,-70.2854496909999,0
			-19.2297375559999,-70.2854483409999,0
			-19.2297104789998,-70.285444135,0
			-19.2296840619999,-70.285436036,0
			-19.2296590269999,-70.2854240439999,0
			-19.2296347339999,-70.285409493,0
			-19.2295657969999,-70.28537005,0
			-19.2295462169999,-70.2853532509999,0
			-19.2295096019999,-70.2853175799999,0
			-19.2295003259999,-70.2853131319999,0
			-19.2294894189999,-70.2853093389999,0
			-19.22947706,-70.285306673,0
			-19.2294637879999,-70.285305239,0
			-19.2294363239999,-70.285304455,0
			-19.2293976509999,-70.2853042469999,0
			-19.2293416069999,-70.2853039809999,0
			-19.2291007959999,-70.2848068149999,0
			-19.2286791099999,-70.2839362239999,0
			-19.2283320719999,-70.283219748,0
			-19.2279617149998,-70.2824551279999,0
			-19.227604728,-70.2817181129999,0
			-19.227225392,-70.28093495,0
			-19.2267647689999,-70.2799839739999,0
			-19.2259580119999,-70.278318385,0
			-19.2250715609999,-70.276488279,0
			-19.2215209139999,-70.2691578599999,0
			-19.2190217369999,-70.26399823,0
			-19.218183605,-70.2622678669999,0
			-19.218093843,-70.262082563,0
			-19.2180552539999,-70.2620028979999,0
			-19.2179462789999,-70.2617779069999,0
			-19.2172488709999,-70.260338071,0
			-19.2164699149999,-70.258729917,0
			-19.2148120919999,-70.255307291,0
			-19.2137920429999,-70.2532013649999,0
			-19.2136268349999,-70.252860759,0
			-19.20765191,-70.240542263,0
			-19.2041010629998,-70.2332214899999,0
			-19.201496429,-70.2278515179999,0
			-19.200789141,-70.226393301,0
			-19.199932519,-70.2246272049999,0
			-19.1971571189999,-70.218905164,0
			-19.1969849939999,-70.2185502949999,0
			-19.1967542209999,-70.2180745099998,0
			-19.1957258149999,-70.2159542479999,0
			-19.19503765,-70.2145354559999,0
			-19.194489813,-70.2134059839999,0
			-19.1935276769999,-70.2114223489999,0
			-19.192476147,-70.209254409,0
			-19.19211039,-70.2085003289998,0
			-19.1915823249999,-70.2074116159999,0
			-19.1903470829999,-70.2048649249999,0
			-19.187740259,-70.199490436,0
			-19.181511169,-70.1866479329999,0
			-19.1797853539999,-70.1830898229999,0
			-19.177600202,-70.1785846939999,0
			-19.1775356969999,-70.178451711,0
			-19.1767960889999,-70.1769268589999,0
			-19.175951632,-70.1751858409999,0
			-19.1749255449999,-70.173070362,0
			-19.17333159,-70.1697841059999,0
			-19.1728368779999,-70.1687641609999,0
			-19.1723319009999,-70.1677230479999,0
			-19.172035787,-70.1671125459999,0
			-19.171737187,-70.166496932,0
			-19.1715016559999,-70.1660113359999,0
			-19.171103987,-70.165191463,0
			-19.170593808,-70.164139625,0
			-19.170443405,-70.1638295429999,0
			-19.1700427099999,-70.1630034359999,0
			-19.169867234,-70.1626416479999,0
			-19.1697640309999,-70.1624288739999,0
			-19.1697242549999,-70.162346868,0
			-19.16964365,-70.1621806839999,0
			-19.1693057049999,-70.161483946,0
			-19.1690450799999,-70.1609466129999,0
			-19.1684421539999,-70.1597035629999,0
			-19.168329647,-70.1594716069999,0
			-19.1676480859999,-70.1580664339999,0
			-19.1672355409999,-70.15721589,0
			-19.166882136,-70.1564872769999,0
			-19.166592452,-70.1558900329999,0
			-19.1662658229999,-70.1552166229999,0
			-19.1659573459999,-70.1545806349999,0
			-19.1656169549998,-70.1538788539999,0
			-19.1652582199998,-70.1531392539999,0
			-19.1648909669999,-70.152382087,0
			-19.1646068109999,-70.1517962449999,0
			-19.163126145,-70.148650672,0
			-19.1604414769999,-70.1429477389999,0
			-19.1547151669999,-70.1308863499999,0
			-19.1447188959999,-70.121958024,0
			-19.1439257949999,-70.1212517769999,0
			-19.1422086319999,-70.119624486,0
			-19.1351910459999,-70.1132827479999,0
			-19.134834134,-70.1129601459999,0
			-19.1275986719999,-70.1064206649999,0
			-19.1269853699998,-70.1058663939999,0
			-19.120156322,-70.099695044,0
			-19.119404215,-70.0990153239999,0
			-19.118979031,-70.0979510769999,0
			-19.1187231339999,-70.097310563,0
			-19.1177820579999,-70.0949549189999,0
			-19.1175351959999,-70.094337018,0
			-19.1157792729999,-70.0899420129999,0
			-19.114939443,-70.0878396789999,0
			-19.1142695299999,-70.086162749,0
			-19.1126486749999,-70.0821056479999,0
			-19.112045345,-70.080595553,0
			-19.11105493,-70.0781167049999,0
			-19.1104406969999,-70.0765794419999,0
			-19.1090071619999,-70.072990595,0
			-19.1084040189999,-70.0714807029999,0
			-19.1073691079998,-70.068890035,0
			-19.1058786089999,-70.0651591289999,0
			-19.105386997,-70.063928624,0
			-19.1049786659999,-70.062906584,0
			-19.1040572469999,-70.060600383,0
			-19.1010265419999,-70.053015602,0
			-19.098226149,-70.046006155,0
			-19.0981612259999,-70.0458436519999,0
			-19.096153204,-70.0408175219999,0
			-19.0951907399999,-70.0384084569999,0
			-19.094842586,-70.0376911229999,0
			-19.092363673,-70.032583583,0
			-19.092122714,-70.0320870989999,0
			-19.0915027519999,-70.0308097499999,0
			-19.0904930459999,-70.0287293549999,0
			-19.0888399999999,-70.0253234309999,0
			-19.08423963,-70.0158448519999,0
			-19.082749941,-70.0127755019999,0
			-19.081899651,-70.0110235669999,0
			-19.080768318,-70.008692578,0
			-19.0779396569999,-70.0028644209999,0
			-19.0769099559998,-70.000742832,0
			-19.0755013039999,-69.997840448,0
			-19.074859998,-69.996519005,0
			-19.07465271,-69.9962588769999,0
			-19.070887097,-69.9900614179999,0
			-19.069019732,-69.984057051,0
			-19.0642099129999,-69.9793068199999,0
			-19.0645697109999,-69.976584783,0
			-19.060650735,-69.9665735039999,0
			-19.055341289,-69.9581891129999,0
			-19.0517376199999,-69.9538100939999,0
			-19.0493481899999,-69.948348601,0
			-19.0493555749999,-69.9469069899999,0
			-19.049379807,-69.9421745559998,0
			-19.0499172319999,-69.9406084769999,0
			-19.0499414659999,-69.935876042,0
			-19.0518695779999,-69.9302574119999,0
			-19.0523861099999,-69.928219643,0
			-19.0524017019999,-69.925121342,0
			-19.0502003429999,-69.9163924949999,0
			-19.0474608339999,-69.911656009,0
			-19.0452525979998,-69.904198682,0
			-19.039942836,-69.8952721949999,0
			-19.0370779739999,-69.8906133039999,0
			-19.0370300709998,-69.8905354109999,0
			-19.0363010499999,-69.888958451,0
			-19.0350297479999,-69.887878729,0
			-19.0349789139999,-69.887811219,0
			-19.0348529279999,-69.8872518719999,0
			-19.0346753229999,-69.8864633519999,0
			-19.0351151169999,-69.88318563,0
			-19.0354146359999,-69.880953359,0
			-19.035237031,-69.8801648389999,0
			-19.035676823,-69.8768871169999,0
			-19.036540276,-69.8704518999999,0
			-19.0366619139999,-69.869262243,0
			-19.0377135319999,-69.8670306549999,0
			-19.0390510199999,-69.8641924339999,0
			-19.039423626,-69.8626630339999,0
			-19.0393694869999,-69.8600574059999,0
			-19.0400171909999,-69.857898394,0
			-19.0400035239999,-69.8572406549999,0
			-19.039931179,-69.8537588929998,0
			-19.0407445619999,-69.8510476079999,0
			-19.041099158,-69.8498656199999,0
			-19.0426212409999,-69.84479199,0
			-19.0441414819998,-69.8397245029998,0
			-19.045193453,-69.838186591,0
			-19.0455007259999,-69.8369183499999,0
			-19.045521343,-69.8356548039999,0
			-19.0456703809999,-69.8340038169998,0
			-19.04602542,-69.832885984,0
			-19.0460335019999,-69.8323906549999,0
			-19.046083014,-69.82935629,0
			-19.0462320509999,-69.8277053039999,0
			-19.0468890579999,-69.8256367349999,0
			-19.04720465,-69.8242172659998,0
			-19.0470858149999,-69.8216799909999,0
			-19.0468890419999,-69.820364255,0
			-19.0461181589999,-69.815209682,0
			-19.045751228,-69.8127561789998,0
			-19.045613115,-69.811832678,0
			-19.0455666999999,-69.8093322349999,0
			-19.0458111749999,-69.8083904459999,0
			-19.0463128989999,-69.806457666,0
			-19.0461747859999,-69.8055341649999,0
			-19.04612837,-69.8030337219999,0
			-19.0463728459999,-69.802091933,0
			-19.046081063,-69.7976041859998,0
			-19.046191832,-69.794819167,0
			-19.0457318319999,-69.793119168,0
			-19.0443652299999,-69.79158856,0
			-19.0434539789999,-69.7905383689999,0
			-19.042507642,-69.789890875,0
			-19.0419431619998,-69.789392806,0
			-19.0410304769999,-69.7892593039999,0
			-19.040257525,-69.7887514939999,0
			-19.040411831,-69.7855891669998,0
			-19.0402907289999,-69.7832449819999,0
			-19.0392918329999,-69.7782691669999,0
			-19.0383056209999,-69.774061213,0
			-19.0379888019999,-69.771994295,0
			-19.0377401879999,-69.7703723299999,0
			-19.0371763429999,-69.7666938089999,0
			-19.037383801,-69.7638507009999,0
			-19.0369590089998,-69.7627772549999,0
			-19.036485323,-69.7615802539999,0
			-19.036257416,-69.759495011,0
			-19.036180305,-69.758693057,0
			-19.036024642,-69.7576644679999,0
			-19.0354718249999,-69.7558217449999,0
			-19.0352804979999,-69.7539952939999,0
			-19.0344583269999,-69.7527812539998,0
			-19.0334134719999,-69.7516378959999,0
			-19.0326664619999,-69.7510113709999,0
			-19.0323318309999,-69.7503291679999,0
			-19.032289105,-69.7499999929998,0
			-19.032274915,-69.7498906739999,0
			-19.0322327119998,-69.7495655439999,0
			-19.0319269519999,-69.7490595019999,0
			-19.0318324469999,-69.7479441069999,0
			-19.0323826759999,-69.7470641959999,0
			-19.0326318309999,-69.744439168,0
			-19.032836631,-69.743592161,0
			-19.0329112489999,-69.7432835579999,0
			-19.033308215,-69.7416418079999,0
			-19.0333932899999,-69.739237069,0
			-19.0334729649999,-69.736985047,0
			-19.0334832549999,-69.7366941599999,0
			-19.0330649919999,-69.7350567399999,0
			-19.0321658559999,-69.731536826,0
			-19.031515112,-69.730078497,0
			-19.0302762869999,-69.727302267,0
			-19.0292955159999,-69.7243430469999,0
			-19.0278747599999,-69.720056278,0
			-19.026114548,-69.71479987,0
			-19.0258848579999,-69.712141689,0
			-19.0260390049999,-69.7096722429999,0
			-19.0263808039999,-69.706855151,0
			-19.0264078339999,-69.703971522,0
			-19.0264392519998,-69.7006195989999,0
			-19.0264652049999,-69.6978506769998,0
			-19.02651875,-69.692138265,0
			-19.0263685399999,-69.689329291,0
			-19.02636197,-69.6858836549999,0
			-19.0264296649999,-69.6843175449999,0
			-19.0261631129999,-69.6826990079999,0
			-19.0262255239998,-69.680226961,0
			-19.0262543649999,-69.6790845539999,0
			-19.0262851539999,-69.6778649179999,0
			-19.0263352769999,-69.6758795389999,0
			-19.026676524,-69.6736840389999,0
			-19.0268160999999,-69.6727860409999,0
			-19.0270046009999,-69.6715732849999,0
			-19.027308406,-69.6696186789999,0
			-19.0275909869999,-69.6678006309999,0
			-19.0277149749999,-69.665909872,0
			-19.027566334,-69.6652747719999,0
			-19.027435851,-69.6647172559999,0
			-19.0271071109999,-69.66331263,0
			-19.0258420499999,-69.6607621599999,0
			-19.0251205559999,-69.659046183,0
			-19.02498406,-69.656628213,0
			-19.0239071229999,-69.6533853619999,0
			-19.02218605,-69.648922043,0
			-19.021491284,-69.646774896,0
			-19.021131144,-69.6447397699999,0
			-19.021123109,-69.6446943679999,0
			-19.0210841099999,-69.6433878829999,0
			-19.0211041739999,-69.6419211889999,0
			-19.0211069279999,-69.6417197979999,0
			-19.021203703,-69.641375464,0
			-19.0212996889999,-69.6408491609999,0
			-19.021429331,-69.640138301,0
			-19.021606936,-69.639164434,0
			-19.0216928969999,-69.6384412569999,0
			-19.0217454229999,-69.6379993659999,0
			-19.022095561,-69.6350534259999,0
			-19.0221730059999,-69.633554483,0
			-19.022509699,-69.631557071,0
			-19.0225331509998,-69.6299810099999,0
			-19.022797902,-69.6278681029999,0
			-19.023000431,-69.627229663,0
			-19.0230902229999,-69.6269466109999,0
			-19.0235144229999,-69.625775585,0
			-19.0237192059999,-69.6248420029999,0
			-19.024383427,-69.6218138759999,0
			-19.024386378,-69.621800423,0
			-19.024432729,-69.6201092129999,0
			-19.0244342039999,-69.6196688749999,0
			-19.0244373429999,-69.6187321849999,0
			-19.0242809489999,-69.61854349,0
			-19.024210217,-69.6184581479999,0
			-19.0238783979999,-69.616671422,0
			-19.024157008,-69.615168502,0
			-19.0241763679998,-69.6150640609999,0
			-19.024181824,-69.614869142,0
			-19.0242290309999,-69.613182482,0
			-19.0242070809999,-69.6098641049999,0
			-19.0237967699999,-69.6078172109999,0
			-19.0236260779999,-69.6066354819999,0
			-19.0238530729999,-69.605480375,0
			-19.0238530729999,-69.6050123799999,0
			-19.023469298,-69.604535045,0
			-19.0230732929999,-69.603120856,0
			-19.0227443439999,-69.6019461329999,0
			-19.0223667869998,-69.601504404,0
			-19.022215095,-69.6013269279999,0
			-19.0218698309999,-69.6009229799999,0
			-19.0219420989999,-69.6001569449999,0
			-19.022039596,-69.599123457,0
			-19.0222499419999,-69.5982735259999,0
			-19.0224540859999,-69.597839646,0
			-19.0225932219999,-69.5975439309999,0
			-19.0227805869999,-69.5962374929999,0
			-19.0229285359999,-69.5952058929999,0
			-19.0229763949998,-69.5948721929998,0
			-19.0230145849999,-69.5931760329999,0
			-19.0230450879999,-69.5918212589999,0
			-19.0230363169999,-69.591737264,0
			-19.023015835,-69.5915411349999,0
			-19.022831831,-69.589779168,0
			-19.022872282,-69.588745612,0
			-19.0231018119999,-69.587368344,0
			-19.0233460809999,-69.5859026279999,0
			-19.0235980639999,-69.5854387509999,0
			-19.024204068,-69.58432315,0
			-19.0248944749999,-69.5834592139998,0
			-19.0250637839999,-69.582807453,0
			-19.025116317,-69.5826052199999,0
			-19.0251004419999,-69.582314966,0
			-19.0250448519999,-69.581298736,0
			-19.0249908929999,-69.5803122789999,0
			-19.0251631569998,-69.5794615549999,0
			-19.025546764,-69.5775671029999,0
			-19.0256255249999,-69.5765089399999,0
			-19.0256621809999,-69.576016453,0
			-19.0256665499999,-69.5759577579999,0
			-19.025939546,-69.5750607709999,0
			-19.026562181,-69.573802762,0
			-19.0269441169999,-69.57303108,0
			-19.0274605279999,-69.572272304,0
			-19.0276523949999,-69.5707637539999,0
			-19.0273603549999,-69.569402031,0
			-19.027340594,-69.5693098939999,0
			-19.0272070309999,-69.5681968589998,0
			-19.0271239169999,-69.5675042489999,0
			-19.027031532,-69.5667343759999,0
			-19.026661039,-69.5655448919999,0
			-19.0270509179999,-69.5651870189999,0
			-19.0273318329999,-69.5649291679999,0
			-19.0278018309999,-69.5636691669999,0
			-19.0279220869999,-69.5631035179999,0
			-19.028007144,-69.562703434,0
			-19.028071832,-69.5618594379999,0
			-19.0280486439999,-69.560975965,0
			-19.0279055029999,-69.559968463,0
			-19.027734433,-69.5593376049999,0
			-19.0276126509999,-69.5588885079999,0
			-19.027577526,-69.5587589779999,0
			-19.027461989,-69.55803155,0
			-19.0275247569999,-69.5570368679999,0
			-19.027959155,-69.5556405919999,0
			-19.028114296,-69.554182263,0
			-19.028143695,-69.5539974669999,0
			-19.028296165,-69.5530390919999,0
			-19.0283314939999,-69.5528170159999,0
			-19.0284866379999,-69.5513586819999,0
			-19.0284245789999,-69.5500865219999,0
			-19.028734863,-69.548876416,0
			-19.0287054249998,-69.5476989539999,0
			-19.0287038339999,-69.547635283,0
			-19.02857972,-69.5464562059999,0
			-19.028547309,-69.5457269199999,0
			-19.028546779,-69.545714991,0
			-19.0285176649999,-69.545059932,0
			-19.0285486919999,-69.5431672019999,0
			-19.028734863,-69.5410883019999,0
			-19.0291090369999,-69.5394284069999,0
			-19.029108509,-69.5394164779999,0
			-19.028853284,-69.538032405,0
			-19.0281625169999,-69.536041773,0
			-19.0272265309999,-69.5344037949999,0
			-19.0268560349999,-69.5329608119999,0
			-19.0256318309999,-69.5300191689999,0
			-19.025357841,-69.5283825679999,0
			-19.0254230219999,-69.5275103719999,0
			-19.0255329029999,-69.5260400729999,0
			-19.0255689319999,-69.525201416,0
			-19.025610878,-69.5242250119999,0
			-19.0254351309999,-69.5225123709999,0
			-19.0256860499999,-69.520987969,0
			-19.025894942,-69.519718881,0
			-19.026130671,-69.5189029029999,0
			-19.026193044,-69.5186869979999,0
			-19.0262374539999,-69.5185332669999,0
			-19.0264465409999,-69.5178095099999,0
			-19.026780077,-69.516855176,0
			-19.0270593339999,-69.5153968429999,0
			-19.027090361,-69.5139385109999,0
			-19.027109708,-69.513189283,0
			-19.0267991919999,-69.512234754,0
			-19.0267733049998,-69.5121551759999,0
			-19.0267518309999,-69.512089166,0
			-19.026310043,-69.510731101,0
			-19.0262220559999,-69.509388069,0
			-19.0267390359999,-69.507981636,0
			-19.027222245,-69.506667079,0
			-19.0273350389999,-69.505856662,0
			-19.027604728,-69.5039189829999,0
			-19.0282053139999,-69.5012695109999,0
			-19.028547535,-69.49999996,0
			-19.0287418309998,-69.4992791679999,0
			-19.0287837749999,-69.4978758759999,0
			-19.02884914,-69.496918178,0
			-19.029176105,-69.494846158,0
			-19.0294382549999,-69.4934572459999,0
			-19.029456323,-69.49336152,0
			-19.0294701879999,-69.4932356279999,0
			-19.0296615079999,-69.4914984169999,0
			-19.0298420739998,-69.4896845629999,0
			-19.0299999809999,-69.4871587329999,0
			-19.0300118309999,-69.486969168,0
			-19.0300319139999,-69.4869371149999,0
			-19.030531832,-69.4861391669999,0
			-19.031126566,-69.4857738309999,0
			-19.032237965,-69.4854009279999,0
			-19.033173953,-69.4840554439999,0
			-19.0334718309999,-69.483129167,0
			-19.0344115989999,-69.4812137849999,0
			-19.0349399499999,-69.4794705559999,0
			-19.0355362289999,-69.4775032069999,0
			-19.0362618319999,-69.4751091669999,0
			-19.0363570149999,-69.4731524809999,0
			-19.036285548,-69.4722688959999,0
			-19.0361207569998,-69.4712312949999,0
			-19.036097933,-69.4712046939999,0
			-19.034897599,-69.469805746,0
			-19.0335528099999,-69.468229817,0
			-19.0326894839999,-69.466873161,0
			-19.032210059,-69.4660598519998,0
			-19.0320616069999,-69.4658080139999,0
			-19.0318605769999,-69.4647182209999,0
			-19.0318485799999,-69.464653174,0
			-19.0318710029999,-69.463520758,0
			-19.032076956,-69.462056901,0
			-19.032429825,-69.4606833889999,0
			-19.0327006949999,-69.4600338129999,0
			-19.0327717749999,-69.459761339,0
			-19.032902511,-69.459260179,0
			-19.0330218309999,-69.4586391689999,0
			-19.032881833,-69.4585191689999,0
			-19.032422297,-69.458419708,0
			-19.0313932669999,-69.4581969889999,0
			-19.0297523119999,-69.4571875249999,0
			-19.027901831,-69.4560491669999,0
			-19.0271104109999,-69.455202581,0
			-19.026801867,-69.4543240489999,0
			-19.026264162,-69.4527929939998,0
			-19.026209197,-69.4518358419999,0
			-19.0259008319999,-69.4464674509999,0
			-19.025822744,-69.445109255,0
			-19.0250333339999,-69.435026324,0
			-19.0248130769999,-69.4285288419999,0
			-19.0247120289999,-69.4255480339999,0
			-19.0253748189999,-69.4222303289999,0
			-19.026677471,-69.4157096709999,0
			-19.0298467979999,-69.4088907619999,0
			-19.0345062239999,-69.402435614,0
			-19.0425602389999,-69.3974912469999,0
			-19.049686594,-69.3952626279998,0
			-19.0517564199999,-69.395143971,0
			-19.0556084419999,-69.39418072,0
			-19.0613830619999,-69.396053454,0
			-19.0617749539999,-69.3957666599999,0
			-19.0618837919999,-69.395210376,0
			-19.0621584769999,-69.3938455879999,0
			-19.062058959,-69.3900719659999,0
			-19.0619919899999,-69.389770138,0
			-19.0616829989999,-69.3883799999999,0
			-19.0618179999999,-69.3874069999999,0
			-19.0618559999999,-69.3871349999999,0
			-19.0618925459999,-69.3868693889999,0
			-19.061906031,-69.386772298,0
			-19.061912126,-69.3867284119999,0
			-19.0621781259999,-69.3863563159999,0
			-19.0623110059999,-69.3861704379999,0
			-19.0623856559999,-69.386066015,0
			-19.062506793,-69.3858965639999,0
			-19.063033,-69.3851609989999,0
			-19.0638076569999,-69.384281791,0
			-19.063924845,-69.3841488509999,0
			-19.0639369569999,-69.3841351109999,0
			-19.0641464719999,-69.3838974349999,0
			-19.0643001119999,-69.3837231439999,0
			-19.0646069269999,-69.3831514619999,0
			-19.0654452039999,-69.381590483,0
			-19.0654556769999,-69.381572133,0
			-19.0662851579999,-69.380126386,0
			-19.0663369809999,-69.38003606,0
			-19.0666170019999,-69.3795482799999,0
			-19.0680323279999,-69.377082877,0
			-19.0681314239999,-69.376921145,0
			-19.0682416999999,-69.3767411689999,0
			-19.0683755499999,-69.376522719,0
			-19.0685436349999,-69.3762483949999,0
			-19.0690108659999,-69.3754862169999,0
			-19.06945975,-69.3747709909999,0
			-19.0695348949999,-69.3746512459999,0
			-19.0706053909999,-69.37294631,0
			-19.0712321469999,-69.371823053,0
			-19.071367246,-69.371580932,0
			-19.071664628,-69.3710479699999,0
			-19.072108784,-69.3702519619999,0
			-19.0721588669999,-69.3701622389999,0
			-19.0727203309999,-69.369516044,0
			-19.0736778859999,-69.3684144589998,0
			-19.0740044519999,-69.3680387709999,0
			-19.0750164179999,-69.3669222249998,0
			-19.0773531569999,-69.3643439089999,0
			-19.077402046,-69.3642899659999,0
			-19.0774118329999,-69.3642791669999,0
			-19.0810416889999,-69.3600859429999,0
			-19.0848218319999,-69.354249166,0
			-19.084879805,-69.354088947,0
			-19.0849404519999,-69.353921339,0
			-19.0850083029999,-69.3537338239999,0
			-19.085576294,-69.352164096,0
			-19.087047113,-69.3480992599999,0
			-19.0877893709999,-69.3453126869999,0
			-19.0878583019999,-69.3450539029999,0
			-19.087876981,-69.3449837799999,0
			-19.0878819249999,-69.344965219,0
			-19.0878900429999,-69.3449347449999,0
			-19.0881337499999,-69.343980808,0
			-19.088225569,-69.343621401,0
			-19.0883263399999,-69.3432269529999,0
			-19.0885362759999,-69.342405199,0
			-19.088592916,-69.3421834919998,0
			-19.0889142819999,-69.3409255759998,0
			-19.0898920009999,-69.337099,0
			-19.090467205,-69.3350023809999,0
			-19.0905577299998,-69.3347291219999,0
			-19.0905990119999,-69.334604509,0
			-19.0907387079999,-69.3341828229999,0
			-19.090814043,-69.3339556379999,0
			-19.090828018,-69.3339134949998,0
			-19.090907321,-69.3336743409999,0
			-19.0910584489999,-69.3332185949999,0
			-19.0911428759999,-69.3330303279999,0
			-19.091149736,-69.333015033,0
			-19.091223945,-69.332849552,0
			-19.0914138049999,-69.3324268629999,0
			-19.0914682769999,-69.3323055899999,0
			-19.0914903029999,-69.332256554,0
			-19.0916079749999,-69.331993903,0
			-19.0917839989999,-69.331600999,0
			-19.0927669999999,-69.3299049999999,0
			-19.0927767259998,-69.3298880889999,0
			-19.092797774,-69.3298517789999,0
			-19.0928146489999,-69.3298226649999,0
			-19.0928553749999,-69.329752406,0
			-19.0930167139999,-69.329559187,0
			-19.0931405789999,-69.329410847,0
			-19.0933738069999,-69.3291315309999,0
			-19.093645656,-69.328805963,0
			-19.0938636019999,-69.328545186,0
			-19.093927724,-69.328468463,0
			-19.0941763169999,-69.3281710159999,0
			-19.0959969469998,-69.326421174,0
			-19.096045067,-69.326374949,0
			-19.0964434459999,-69.325992249,0
			-19.0976081249999,-69.3246891899999,0
			-19.0987624699999,-69.3232617069999,0
			-19.0990772119999,-69.322872489,0
			-19.0991702999999,-69.3227573749999,0
			-19.0991806509999,-69.322744574,0
			-19.1005560449999,-69.3208916059999,0
			-19.1009457479998,-69.320366527,0
			-19.1014650339999,-69.3194927699999,0
			-19.1015515889999,-69.3193471289999,0
			-19.101723695,-69.3190575369999,0
			-19.101845989,-69.318851759,0
			-19.1018631539999,-69.3188228769999,0
			-19.1019854959999,-69.3186170199999,0
			-19.1022423239999,-69.318059261,0
			-19.1023380539999,-69.3178513619999,0
			-19.102366563,-69.3177894479999,0
			-19.1024087899999,-69.317697744,0
			-19.102593898,-69.3172962199999,0
			-19.1027425309999,-69.3169732639999,0
			-19.1028368759999,-69.3167682709999,0
			-19.1029429069999,-69.316232266,0
			-19.1030589989998,-69.315644999,0
			-19.1030625469999,-69.315580591,0
			-19.1030974999999,-69.3149461969999,0
			-19.1031310079998,-69.3149335369999,0
			-19.10314548,-69.314932069,0
			-19.1031612499999,-69.31493047,0
			-19.103190883,-69.3149274669999,0
			-19.1032411739999,-69.3149223689999,0
			-19.104163146,-69.3150684589999,0
			-19.1044827729999,-69.315119104,0
			-19.1045100379999,-69.315123424,0
			-19.1045379289999,-69.315127844,0
			-19.1046007829999,-69.3151378049999,0
			-19.1049913169999,-69.3151796349998,0
			-19.105051015,-69.315186027,0
			-19.1055380639999,-69.3152381949999,0
			-19.105584923,-69.3152432139999,0
			-19.1056548969999,-69.3152509879999,0
			-19.1057621749999,-69.3152475249998,0
			-19.1064567009999,-69.3152251089999,0
			-19.1065885529999,-69.315246004,0
			-19.108140181,-69.3152572579999,0
			-19.1087937139999,-69.3152621089999,0
			-19.1097606449998,-69.3153174839999,0
			-19.1111286999999,-69.3156221799999,0
			-19.1119328079999,-69.315665312,0
			-19.1125315119999,-69.3156974259999,0
			-19.1128414189999,-69.3157140499999,0
			-19.1128580669999,-69.3157149429999,0
			-19.113021504,-69.3157237089999,0
			-19.1132969749999,-69.315711731,0
			-19.113402575,-69.3157071389999,0
			-19.113654136,-69.3156961999999,0
			-19.1144997279999,-69.3156594289998,0
			-19.1152194229999,-69.3156281339999,0
			-19.1164237589999,-69.315195156,0
			-19.116919421,-69.3149460149999,0
			-19.1171593719999,-69.3148254019998,0
			-19.1173648709999,-69.3147221089999,0
			-19.1196236239999,-69.31353928,0
			-19.1196429069999,-69.313532364,0
			-19.1196646049999,-69.3135245829999,0
			-19.1197925929999,-69.3134786869999,0
			-19.120224999,-69.3133239989999,0
			-19.120300674,-69.3132968689998,0
			-19.1212537009999,-69.3129551979999,0
			-19.1213103169999,-69.3129349009999,0
			-19.1220519999999,-69.3126690009999,0
			-19.122201729,-69.3126152139999,0
			-19.1222579469999,-69.3125950189998,0
			-19.1229803969999,-69.312416003,0
			-19.1236100359999,-69.312260363,0
			-19.1236879479999,-69.3122411049999,0
			-19.125004501,-69.3121644319999,0
			-19.1250248379999,-69.3121666099999,0
			-19.1250426399999,-69.312168517,0
			-19.12505469,-69.3121698069999,0
			-19.1250822189999,-69.3121727559999,0
			-19.1251015649999,-69.312174829,0
			-19.1252495889999,-69.312190684,0
			-19.125324333,-69.3121986899999,0
			-19.1254238349999,-69.3122093469999,0
			-19.1256294499999,-69.312231369,0
			-19.125756609,-69.3122449889999,0
			-19.126545923,-69.312563043,0
			-19.126738777,-69.3126489019999,0
			-19.1272601099999,-69.3128810759999,0
			-19.1274749569999,-69.313030574,0
			-19.128199986,-69.3135350739999,0
			-19.1286392289999,-69.313840286,0
			-19.128800406,-69.3139524379999,0
			-19.1288133859999,-69.3139661439999,0
			-19.1297541759999,-69.314959527,0
			-19.129865051,-69.3150766039999,0
			-19.1299059629999,-69.3151198039999,0
			-19.129953901,-69.3151704229999,0
			-19.1299625349999,-69.31517954,0
			-19.130151885,-69.3153794779998,0
			-19.131054246,-69.316177244,0
			-19.131766754,-69.3168071689999,0
			-19.1318490349999,-69.3168604469999,0
			-19.1329314299999,-69.317561283,0
			-19.1341783869999,-69.3181314559999,0
			-19.1342098519999,-69.3181458439998,0
			-19.1342634999999,-69.3181703749999,0
			-19.1342761499999,-69.318176159,0
			-19.1343219779999,-69.318197114,0
			-19.1344059139999,-69.318201291,0
			-19.1351493739999,-69.318238274,0
			-19.135380491,-69.3182131249999,0
			-19.135462849,-69.318204163,0
			-19.13550894,-69.318199147,0
			-19.1355391819999,-69.318195856,0
			-19.1356046569999,-69.3181887309999,0
			-19.13563383,-69.3181855569999,0
			-19.1356542419999,-69.3181833369999,0
			-19.1356715759999,-69.3181814509999,0
			-19.1357019299999,-69.3181781469999,0
			-19.1358641389999,-69.3181604979999,0
			-19.13650892,-69.3178904519999,0
			-19.13561447,-69.3171387959999,0
			-19.13543089,-69.316984802,0
			-19.135421278,-69.3169767179999,0
			-19.1353769999999,-69.3169389999998,0
			-19.1353099549999,-69.3168830289999,0
			-19.1352238609999,-69.316919217,0
			-19.1352452519999,-69.3168156989999,0
			-19.1345015359999,-69.315977995,0
			-19.1344277849998,-69.3158611419999,0
			-19.1338698189999,-69.314977096,0
			-19.133396691,-69.313837657,0
			-19.133364098,-69.313715475,0
			-19.1330557559999,-69.3125596269999,0
			-19.1328742039999,-69.3106709739999,0
			-19.133009162,-69.3088939909999,0
			-19.1330247939999,-69.3079086129999,0
			-19.1330386709998,-69.3070335049999,0
			-19.132760273,-69.3051713159999,0
			-19.132673231,-69.3045891339999,0
			-19.1321754309999,-69.302366692,0
			-19.13186558,-69.3018386039999,0
			-19.1310173649999,-69.3003929869998,0
			-19.130888112,-69.30022332,0
			-19.130042902,-69.29911386,0
			-19.128883904,-69.2976955729999,0
			-19.127830511,-69.2962497309999,0
			-19.1271839539999,-69.295453387,0
			-19.1242932069999,-69.2939895849999,0
			-19.123954286,-69.2940213959999,0
			-19.123449217,-69.294153289,0
			-19.122686884,-69.2943523649999,0
			-19.122047246,-69.2944313279999,0
			-19.1215781519998,-69.2944892379999,0
			-19.1204169879999,-69.2944038799999,0
			-19.120406099,-69.2944018209999,0
			-19.1192296529999,-69.294179641,0
			-19.1189654839999,-69.2940931069999,0
			-19.1181217169999,-69.2938167139999,0
			-19.116961084,-69.2933981639999,0
			-19.1168026929998,-69.29331102,0
			-19.1156953199999,-69.2927017689999,0
			-19.1150101129999,-69.2920619379999,0
			-19.114952635,-69.291978506,0
			-19.11458879,-69.2914503439999,0
			-19.114338695,-69.2905236479999,0
			-19.1143263949999,-69.2904780649999,0
			-19.114261303,-69.2898624039999,0
			-19.1141443499999,-69.288756244,0
			-19.113541988,-69.2857564629999,0
			-19.113326173,-69.285012431,0
			-19.1130388949998,-69.2840220439999,0
			-19.1127281319999,-69.282950705,0
			-19.1122318789999,-69.280936186,0
			-19.1119412159999,-69.279756294,0
			-19.1113259719999,-69.278314101,0
			-19.111099619,-69.2777835209999,0
			-19.111029969,-69.2776232229999,0
			-19.1109178779999,-69.2773652519999,0
			-19.1105476859999,-69.27651327,0
			-19.1103631579999,-69.276088586,0
			-19.1095212329999,-69.2743102029999,0
			-19.1090479289999,-69.2731155109999,0
			-19.1087867869999,-69.271227046,0
			-19.1088217479999,-69.270139113,0
			-19.1088420999999,-69.2695056829999,0
			-19.1088083279999,-69.2686585439999,0
			-19.1087657159999,-69.2675897569999,0
			-19.108584779,-69.2649517619999,0
			-19.108605499,-69.2640334009999,0
			-19.1086129679999,-69.2637023679999,0
			-19.108613803,-69.2631192979998,0
			-19.108508941,-69.2626193579999,0
			-19.1083396489998,-69.2622146649999,0
			-19.1080091679999,-69.261424663,0
			-19.1073134289999,-69.2601656709999,0
			-19.1069034799999,-69.2594238469999,0
			-19.1068239799999,-69.2592335189999,0
			-19.1065089099999,-69.2584792249999,0
			-19.1062653449999,-69.2575240959999,0
			-19.1060626699999,-69.2567293429998,0
			-19.1056161859999,-69.2551460589999,0
			-19.105194968,-69.254367999,0
			-19.1046677919999,-69.2538674309999,0
			-19.104224717,-69.253555722,0
			-19.1037976569999,-69.2532552819999,0
			-19.103165057,-69.252643505,0
			-19.103016705,-69.252349877,0
			-19.1027439059999,-69.251809932,0
			-19.1024783059999,-69.2510079709999,0
			-19.1023759139999,-69.2506988039999,0
			-19.102061567,-69.248949185,0
			-19.1015359449999,-69.2472825509999,0
			-19.1009311669999,-69.245588047,0
			-19.1003895269998,-69.2442333099999,0
			-19.0999315369999,-69.2430878229999,0
			-19.0997573399999,-69.2426243709999,0
			-19.099644035,-69.2422200559999,0
			-19.099603207,-69.242074362,0
			-19.0994105439999,-69.2413817629999,0
			-19.099024598,-69.240464899,0
			-19.0984839749999,-69.239405284,0
			-19.0982310069999,-69.239013852,0
			-19.097904424,-69.2385085159999,0
			-19.0963967139999,-69.236836674,0
			-19.0962412289999,-69.2366934969999,0
			-19.0951786439999,-69.2357150399999,0
			-19.0944634689999,-69.2348995579999,0
			-19.09433841,-69.2346666879999,0
			-19.094135174,-69.234288245,0
			-19.093923355,-69.233412394,0
			-19.0939049509998,-69.2326589829999,0
			-19.0939209189999,-69.231841818,0
			-19.0939256419999,-69.231600208,0
			-19.0940990329999,-69.230860843,0
			-19.0941786409999,-69.2305213879999,0
			-19.094760956,-69.229239403,0
			-19.0949941279999,-69.2285270579999,0
			-19.0950534859999,-69.2274886879999,0
			-19.0950277409999,-69.226694482,0
			-19.094978883,-69.225187702,0
			-19.0952907059999,-69.2234573649999,0
			-19.0956405419999,-69.2222972069999,0
			-19.096013673,-69.22086,0
			-19.0961267219999,-69.220424554,0
			-19.096321947,-69.2190401969999,0
			-19.0964973229999,-69.21806305,0
			-19.096501136,-69.218053514,0
			-19.0967497109999,-69.2174321579999,0
			-19.0974092,-69.2162927429999,0
			-19.0974580129999,-69.2162276819999,0
			-19.097894469,-69.215645958,0
			-19.0981265389999,-69.2153366479999,0
			-19.0981477669999,-69.2153004969999,0
			-19.0996200029999,-69.212793281,0
			-19.0999839009999,-69.2121718229999,0
			-19.1004540059998,-69.211368975,0
			-19.1012684089999,-69.2101482489999,0
			-19.1014965429999,-69.2098556539999,0
			-19.1017918209999,-69.2094769449998,0
			-19.1018207399999,-69.2094564619999,0
			-19.1019470149999,-69.209411895,0
			-19.1030142929999,-69.209179395,0
			-19.1038768069999,-69.2088887769999,0
			-19.1046193099999,-69.2084888639999,0
			-19.106434846,-69.2074837469999,0
			-19.107194803,-69.2067158799999,0
			-19.1082078169999,-69.2055810319999,0
			-19.1088067429999,-69.204829804,0
			-19.1094486089999,-69.2041523079999,0
			-19.109721656,-69.2038789509999,0
			-19.1098920139999,-69.2035522689999,0
			-19.109757938,-69.203008115,0
			-19.109589709,-69.202595738,0
			-19.10930948,-69.201930056,0
			-19.108794858,-69.201081691,0
			-19.1083719029999,-69.1998855149999,0
			-19.1074197899999,-69.198307143,0
			-19.1070628489999,-69.1961038029999,0
			-19.1066454809999,-69.1935064319999,0
			-19.1055185089999,-69.1922339489999,0
			-19.1045437439999,-69.1914040459999,0
			-19.1039930619999,-69.191321395,0
			-19.1011138159999,-69.1915792389999,0
			-19.0985474739999,-69.1917046689998,0
			-19.098533147,-69.1917057889999,0
			-19.0974348569999,-69.1917916889999,0
			-19.0966465799999,-69.1917306829999,0
			-19.0957793559999,-69.1916480909999,0
			-19.095201205,-69.1911938299999,0
			-19.095242503,-69.1902440119999,0
			-19.095531578,-69.1890464159999,0
			-19.095820654,-69.1873119649999,0
			-19.0959445429999,-69.185660108,0
			-19.0957793559999,-69.183966953,0
			-19.0952702949999,-69.1821976849999,0
			-19.095338603,-69.1805366459998,0
			-19.0953860809999,-69.1786755019999,0
			-19.095832376,-69.1768618359999,0
			-19.096259678,-69.17570337,0
			-19.0969848589999,-69.173611689,0
			-19.0970101399999,-69.1729947939999,0
			-19.0970949849999,-69.17107042,0
			-19.0974977409999,-69.1694722239999,0
			-19.098286216,-69.1679933729999,0
			-19.0991194579999,-69.1665798619999,0
			-19.1004656479999,-69.1646749819999,0
			-19.1011680989999,-69.1635688299999,0
			-19.1019873459999,-69.1625857679999,0
			-19.102806265,-69.161971647,0
			-19.1034498679999,-69.1612958579999,0
			-19.1043477979999,-69.1607682129999,0
			-19.1048168529999,-69.1601756859999,0
			-19.1047991869999,-69.1599320569999,0
			-19.1027261089999,-69.153410062,0
			-19.0997095889999,-69.149497303,0
			-19.0990335009999,-69.1489133429999,0
			-19.099024582,-69.148905638,0
			-19.0980572429999,-69.1482531839999,0
			-19.0971283699999,-69.1479061979999,0
			-19.0957541809999,-69.147680997,0
			-19.095437266,-69.147622142,0
			-19.094321952,-69.1474150219999,0
			-19.094045771,-69.1473251259999,0
			-19.0925028339999,-69.1468229249999,0
			-19.091610728,-69.1463447889999,0
			-19.091361239,-69.1462110749999,0
			-19.0902390619999,-69.145517808,0
			-19.0896778929999,-69.1452729809999,0
			-19.0891939749999,-69.1452521959998,0
			-19.0886133349999,-69.145149885,0
			-19.088442753,-69.1450749469999,0
			-19.08838113,-69.145047878,0
			-19.087916858,-69.1446606119999,0
			-19.0871625439999,-69.1438658819999,0
			-19.087122313,-69.1437966389999,0
			-19.0865825989999,-69.142867699,0
			-19.0854613459999,-69.140952828,0
			-19.0849784989999,-69.139527172,0
			-19.084747497,-69.137816685,0
			-19.084748088,-69.137022621,0
			-19.085000307,-69.1362491229999,0
			-19.0851353159999,-69.1359050099999,0
			-19.0850122219999,-69.1357545729999,0
			-19.0851144259999,-69.1353643319999,0
			-19.0856077449999,-69.1339725559999,0
			-19.0864305679999,-69.13272913,0
			-19.0871845349999,-69.1320779759999,0
			-19.0873764199999,-69.131365258,0
			-19.0872867729999,-69.1304894059999,0
			-19.0869264319999,-69.1294453299999,0
			-19.0861005029999,-69.1290323649998,0
			-19.084706749,-69.129135608,0
			-19.0834678549999,-69.1290839859998,0
			-19.0821257209999,-69.128774264,0
			-19.0813466609999,-69.1275359829999,0
			-19.079690463,-69.1250962699999,0
			-19.079141051,-69.1227154859999,0
			-19.0795963159999,-69.1210828,0
			-19.0793898319999,-69.119327701,0
			-19.0792928639999,-69.1178068309999,0
			-19.0785648579999,-69.1159416889998,0
			-19.0779649819999,-69.1152481119999,0
			-19.0771073819999,-69.1146075369999,0
			-19.07507695,-69.1131837829999,0
			-19.0736146819999,-69.1104533419999,0
			-19.0721858519998,-69.1082042519998,0
			-19.0713483319999,-69.1067257499999,0
			-19.0703664359999,-69.105883908,0
			-19.0694736629999,-69.104728155,0
			-19.0690126809999,-69.1040520439999,0
			-19.0675375319999,-69.1026383599999,0
			-19.066738491,-69.1025461609999,0
			-19.0655399329999,-69.102730556,0
			-19.0655061369999,-69.102736611,0
			-19.0636393199999,-69.1030710429999,0
			-19.0624582849999,-69.1030495709999,0
			-19.0607287369999,-69.1030181249999,0
			-19.059943588,-69.102954901,0
			-19.0589736299999,-69.1031930939999,0
			-19.0586786819999,-69.10367916,0
			-19.0582948589999,-69.1043116909999,0
			-19.057989016,-69.10531514,0
			-19.0577124249999,-69.1059420779999,0
			-19.057411262,-69.1062796119999,0
			-19.0569051749999,-69.106538434,0
			-19.0563167889999,-69.1067244389999,0
			-19.056012524,-69.106387726,0
			-19.0557947309999,-69.1054257769999,0
			-19.0555372169999,-69.1047531309999,0
			-19.055198628,-69.1039971369999,0
			-19.0539432559999,-69.1028679499999,0
			-19.052943211,-69.1014084239999,0
			-19.0515922929999,-69.0994368139999,0
			-19.050673994,-69.0980965929999,0
			-19.0487159659999,-69.0952389279999,0
			-19.047048994,-69.091799148,0
			-19.0465462589999,-69.090502616,0
			-19.046319688,-69.0894630669999,0
			-19.0460964389999,-69.0884387459998,0
			-19.046243143,-69.0871892479999,0
			-19.0464668769999,-69.0860838209999,0
			-19.0466825819999,-69.0849425459999,0
			-19.0468110329999,-69.0839250109998,0
			-19.046962279,-69.0827269239999,0
			-19.0471322299999,-69.0815355259999,0
			-19.0475958209999,-69.0805242089999,0
			-19.0481769419999,-69.0796084609999,0
			-19.048313489,-69.0794272489999,0
			-19.048544942,-69.0791200859999,0
			-19.0488283399998,-69.0783945889999,0
			-19.048855002,-69.078326338,0
			-19.0487971359999,-69.077837759,0
			-19.0484103869999,-69.0768808349999,0
			-19.048255721,-69.0764125709999,0
			-19.048178594,-69.0756797129999,0
			-19.0480239679999,-69.0751096699999,0
			-19.0477724679999,-69.074743145,0
			-19.047404774,-69.0744987099999,0
			-19.046727329,-69.0743355549999,0
			-19.0460111699999,-69.074172387,0
			-19.045877279,-69.074160594,0
			-19.0452026899999,-69.074101179,0
			-19.044152918,-69.074008718,0
			-19.0433049239999,-69.0739427709999,0
			-19.0428366519999,-69.0739063549999,0
			-19.0426638139999,-69.0738987839999,0
			-19.0409590079999,-69.073824105,0
			-19.0392231989999,-69.073640801,0
			-19.0385394619999,-69.0734769979999,0
			-19.0379781669999,-69.0732935579999,0
			-19.0373974909999,-69.0731711729999,0
			-19.0363909829999,-69.072967188,0
			-19.0358525389999,-69.0728296829998,0
			-19.035752251,-69.072804071,0
			-19.035268392,-69.0726003149999,0
			-19.034842609,-69.072396581,0
			-19.0339522889999,-69.072070524,0
			-19.0330619719999,-69.0717444709999,0
			-19.033022177,-69.0717326499999,0
			-19.0324475249999,-69.0715619559999,0
			-19.0323071179999,-69.0715202489999,0
			-19.0322371729999,-69.0715060259999,0
			-19.031400424,-69.0713358629999,0
			-19.031203826,-69.0712958829999,0
			-19.0308939759999,-69.071248069,0
			-19.0304102179999,-69.0711734189999,0
			-19.03016474,-69.071142584,0
			-19.0295972389999,-69.071071304,0
			-19.0294276859999,-69.071055024,0
			-19.0291266649999,-69.0710261199999,0
			-19.028958465,-69.07100997,0
			-19.028300241,-69.0711928759999,0
			-19.027816145,-69.0715997409999,0
			-19.0276978379999,-69.0717371189999,0
			-19.0274481889998,-69.0720270119999,0
			-19.0272427149999,-69.072218188,0
			-19.027135637,-69.0715731459999,0
			-19.0270064859999,-69.0707646879999,0
			-19.026996966,-69.070735794,0
			-19.0266329429999,-69.0696311369999,0
			-19.0266100229999,-69.0695615829999,0
			-19.026633674,-69.0687514509999,0
			-19.0263462489999,-69.067493956,0
			-19.026330635,-69.067425644,0
			-19.026218925,-69.065796182,0
			-19.0262182309999,-69.0657860589999,0
			-19.0262145029999,-69.065731672,0
			-19.0262861379999,-69.0652245439999,0
			-19.026308129,-69.0650688659999,0
			-19.0260750419999,-69.0639394919999,0
			-19.0260858569999,-69.0638728299999,0
			-19.026250056,-69.0628607369999,0
			-19.026262225,-69.0627857279999,0
			-19.026306984,-69.0619672169999,0
			-19.0263092119999,-69.0619265049999,0
			-19.0267027319999,-69.060589486,0
			-19.0267065809999,-69.0605764179999,0
			-19.0273220099999,-69.0598100159999,0
			-19.027337239,-69.059791053,0
			-19.0278736459999,-69.0592563119999,0
			-19.028232992,-69.058898078,0
			-19.0286231509999,-69.0573105679998,0
			-19.0289218529999,-69.0552528489998,0
			-19.029025826,-69.054536586,0
			-19.0292721229999,-69.05364374,0
			-19.0292777489998,-69.0536233409999,0
			-19.029536864,-69.0523866979999,0
			-19.0295460089999,-69.0523430609999,0
			-19.0303927669999,-69.0510849319999,0
			-19.030419046,-69.0510458859999,0
			-19.032007145,-69.0488683539999,0
			-19.0320310469999,-69.0488355799999,0
			-19.0330379269999,-69.047845703,0
			-19.0338398939999,-69.0469999709999,0
			-19.033623576,-69.0468555279999,0
			-19.0335321339999,-69.046831465,0
			-19.033375635,-69.0467902789999,0
			-19.0330036749999,-69.0468770829999,0
			-19.032321763,-69.0469855279999,0
			-19.032294635,-69.046996083,0
			-19.0317638029999,-69.0472026429999,0
			-19.031329806,-69.04748497,0
			-19.031238356,-69.0475067979999,0
			-19.030911843,-69.0475847279999,0
			-19.0308751869999,-69.047593476,0
			-19.029986677,-69.0475714949999,0
			-19.0297541129999,-69.0475296789999,0
			-19.0291395259999,-69.0474191669999,0
			-19.028484659,-69.0472353499999,0
			-19.0275898999999,-69.0469841979999,0
			-19.0263295559999,-69.046549316,0
			-19.0260034119999,-69.046337383,0
			-19.0256271239999,-69.046092867,0
			-19.0251296419999,-69.0454877429999,0
			-19.024966101,-69.0452888149999,0
			-19.0247556759999,-69.044997015,0
			-19.024725788,-69.044955565,0
			-19.0242120099999,-69.0426219939999,0
			-19.0220617159999,-69.040497261,0
			-19.0220330459999,-69.0404866129999,0
			-19.0213925319999,-69.040269199,0
			-19.021164708,-69.0401916399999,0
			-19.021036145,-69.040147873,0
			-19.0206900369998,-69.0400300469999,0
			-19.0200082039999,-69.0397909019999,0
			-19.019656959,-69.0396387389999,0
			-19.0196255979999,-69.0396403029999,0
			-19.0192230289999,-69.0396603619999,0
			-19.018830447,-69.0395733679999,0
			-19.0187400249999,-69.0395054249999,0
			-19.018541211,-69.039356044,0
			-19.0182933799999,-69.0387476769999,0
			-19.018210828,-69.0382696999999,0
			-19.0179422849999,-69.0378785839999,0
			-19.017611733,-69.03759608,0
			-19.0174244,-69.0374177989999,0
			-19.0171778889999,-69.037183205,0
			-19.0161656049999,-69.0361184499999,0
			-19.015277286,-69.0350754609998,0
			-19.0151822839999,-69.034944789,0
			-19.015008736,-69.0347060819998,0
			-19.014616233,-69.0341846009999,0
			-19.0140997789999,-69.0334893049999,0
			-19.0136786439999,-69.033066499,0
			-19.0136452699999,-69.0330329939999,0
			-19.0131287599999,-69.0326418469999,0
			-19.0127775199999,-69.032446259,0
			-19.0124377179999,-69.032327099,0
			-19.012405605,-69.032315839,0
			-19.0119923409999,-69.0323157579999,0
			-19.011496424,-69.0323156619999,0
			-19.0113483279999,-69.0323312029999,0
			-19.011083153,-69.032359032,0
			-19.0107559479999,-69.0323425879999,0
			-19.0106492279999,-69.0323372239999,0
			-19.0099467219999,-69.0320981199999,0
			-19.0095129389999,-69.0317233649999,0
			-19.0093682389999,-69.0315983529999,0
			-19.0089137909999,-69.030751025,0
			-19.008727946,-69.029990648,0
			-19.0084594309999,-69.029317152,0
			-19.008260032,-69.028971742,0
			-19.0081082519999,-69.0287088179999,0
			-19.0073851989999,-69.027665945,0
			-19.0070132719999,-69.0270791959999,0
			-19.006696344,-69.0264750599999,0
			-19.006682828,-69.026449296,0
			-19.0063729839999,-69.0257106369999,0
			-19.0061457789999,-69.0250588869999,0
			-19.0061458419999,-69.024580966,0
			-19.0063732079999,-69.0240379049999,0
			-19.006683223,-69.0235165749999,0
			-19.0067309979999,-69.023427966,0
			-19.0070345789999,-69.0228649079999,0
			-19.0073652789999,-69.022148063,0
			-19.007654633,-69.0215615529999,0
			-19.0079646459999,-69.0209967709999,0
			-19.0079793959999,-69.020872836,0
			-19.008026695,-69.0204754019999,0
			-19.0076754789999,-69.0199322589999,0
			-19.0069316609998,-69.0193890759999,0
			-19.0062704679999,-69.0191065889999,0
			-19.0056712359999,-69.019084795,0
			-19.005402621,-69.0190195929999,0
			-19.0050306959999,-69.018889211,0
			-19.0046381239999,-69.018606759,0
			-19.0042662309999,-69.0181505259999,0
			-19.004232341,-69.0180721199999,0
			-19.0039563519999,-69.0174336159999,0
			-19.00386178,-69.0169528339999,0
			-19.0038324319999,-69.016803623,0
			-19.0039151359999,-69.0161953739998,0
			-19.003956515,-69.0156088429999,0
			-19.0038325799999,-69.015087464,0
			-19.00362598,-69.014674703,0
			-19.0032916189999,-69.0143231289998,0
			-19.0032334099999,-69.014261925,0
			-19.002448253,-69.013675328,0
			-19.0023054669999,-69.0135941719999,0
			-19.0016837429999,-69.013240803,0
			-19.001419927,-69.0130726839999,0
			-19.0010018899999,-69.0128062869998,0
			-19.000606257,-69.012501228,0
			-19.0003820229999,-69.012328332,0
			-18.9997621589999,-69.0118286569999,0
			-18.999572857,-69.011649523,0
			-18.999142298,-69.0112420959999,0
			-18.9983364799999,-69.0104600249999,0
			-18.997943897,-69.01013416,0
			-18.9975099839999,-69.0098082929999,0
			-18.9971380549999,-69.0096562129999,0
			-18.9966834659999,-69.009591019,0
			-18.9958569319999,-69.0096995809999,0
			-18.994906424,-69.0096778069999,0
			-18.9948011129999,-69.009682319,0
			-18.993893923,-69.009721191,0
			-18.9928400899999,-69.0098731869999,0
			-18.992054875,-69.0100469139999,0
			-18.9911776049999,-69.010380421,0
			-18.9910836829999,-69.0104161259999,0
			-18.9902157989999,-69.0108722299999,0
			-18.9898200109999,-69.0110653689999,0
			-18.9896372119999,-69.0111545729999,0
			-18.9888726579999,-69.011350014,0
			-18.9878601569999,-69.01141511,0
			-18.9869509819999,-69.0112629979999,0
			-18.986207119,-69.011002296,0
			-18.9861583049999,-69.01099313,0
			-18.9853392029999,-69.0119579669999,0
			-18.9853184989999,-69.0125661569999,0
			-18.9854011089999,-69.0131960729999,0
			-18.9854358449999,-69.013634677,0
			-18.9854423969999,-69.013717382,0
			-18.9851737169999,-69.0144775959999,0
			-18.984884376,-69.0151509259999,0
			-18.98478992,-69.0154203599998,0
			-18.984739702,-69.01556361,0
			-18.9846303469999,-69.015777042,0
			-18.9843056989999,-69.0164106839999,0
			-18.9833757399999,-69.017626961,0
			-18.982259814,-69.018734598,0
			-18.981102571,-69.0196901699999,0
			-18.9805279679999,-69.020008865,0
			-18.9803586489999,-69.0201027739998,0
			-18.979718056,-69.0203959219999,0
			-18.9790981239999,-69.020699932,0
			-18.9786848229999,-69.0210256819999,0
			-18.9784116819999,-69.021244322,0
			-18.977382199,-69.0227270019999,0
			-18.9767944709999,-69.0232170009999,0
			-18.9759034839999,-69.0247105719999,0
			-18.975047398,-69.0263900029999,0
			-18.9743033419999,-69.0276061869998,0
			-18.9740966999999,-69.02767131,0
			-18.973890077,-69.0276061179999,0
			-18.9736008419999,-69.0272585569999,0
			-18.9733206909999,-69.026551527,0
			-18.973291006,-69.026476604,0
			-18.973269702,-69.026441884,0
			-18.9729572549999,-69.0259326729999,0
			-18.972464663,-69.0251298729999,0
			-18.9719688499999,-69.0243261809999,0
			-18.971848343,-69.0241928119999,0
			-18.971183756,-69.0234572979999,0
			-18.970791208,-69.023044576,0
			-18.9702558029998,-69.022688059,0
			-18.9701713579998,-69.0226318289999,0
			-18.9683070159999,-69.022424228,0
			-18.968174158,-69.022414511,0
			-18.9664653909998,-69.0222895589999,0
			-18.966448155,-69.0222851189999,0
			-18.9652120919999,-69.021966778,0
			-18.965148218,-69.021918811,0
			-18.9650432659999,-69.0218399949999,0
			-18.9650330599999,-69.0218323309999,0
			-18.9645983259999,-69.0209988609999,0
			-18.9639954719999,-69.020218816,0
			-18.96360091,-69.019708291,0
			-18.9633379019999,-69.0194699309999,0
			-18.962859212,-69.019036103,0
			-18.9627667009999,-69.018883272,0
			-18.9627536509999,-69.0188735889999,0
			-18.9620899449999,-69.019169448,0
			-18.9620717329999,-69.0191775669999,0
			-18.9616121769999,-69.0195196189999,0
			-18.961575775,-69.0195467159999,0
			-18.9613151689999,-69.0198547899999,0
			-18.9610797889999,-69.020133041,0
			-18.9606458019999,-69.0206759389998,0
			-18.9602117989999,-69.0213274169999,0
			-18.959736474,-69.0219137379999,0
			-18.9593231929999,-69.022043991,0
			-18.9588066129999,-69.0220004869999,0
			-18.957504867,-69.0216311179999,0
			-18.9560998329999,-69.0210011379999,0
			-18.955108035,-69.020631822,0
			-18.9540749019999,-69.020327655,0
			-18.9537010719999,-69.020244894,0
			-18.9534718739999,-69.019814632,0
			-18.9533790999999,-69.0196585849999,0
			-18.9532161369999,-69.019384481,0
			-18.9530883349999,-69.0184973419999,0
			-18.9526280589999,-69.0170994039999,0
			-18.9521677609999,-69.0158358849999,0
			-18.951724611,-69.015155055,0
			-18.9515028079999,-69.014814295,0
			-18.9509145379998,-69.0143841289999,0
			-18.9502371279999,-69.014039574,0
			-18.950121641,-69.0139808309999,0
			-18.948941319,-69.013783879,0
			-18.9487650629999,-69.0132692009999,0
			-18.9487537509999,-69.0130961239999,0
			-18.9487149349998,-69.012502212,0
			-18.9488684649999,-69.0115613619998,0
			-18.949098729,-69.01062051,0
			-18.949405843,-69.009751191,0
			-18.9495847819999,-69.009383967,0
			-18.9497382689999,-69.0090613949999,0
			-18.9502242919999,-69.0083356049999,0
			-18.950455448,-69.008164666,0
			-18.950914929,-69.0078248759999,0
			-18.9513792329999,-69.0076492319999,0
			-18.9515543979999,-69.0075829669999,0
			-18.9523832769999,-69.0075038799999,0
			-18.9527207049999,-69.0074716829999,0
			-18.9534693909999,-69.0074002479999,0
			-18.9540552229999,-69.0069282489999,0
			-18.95432263,-69.0065722859999,0
			-18.9543651889999,-69.006515636,0
			-18.9546751569999,-69.0059292889999,0
			-18.9552744289999,-69.0047565789999,0
			-18.9554036479999,-69.004475924,0
			-18.955584395,-69.004083356,0
			-18.9565762669999,-69.001998511,0
			-18.9572994949999,-69.0004565839999,0
			-18.957628771,-68.9998413449999,0
			-18.9576714359999,-68.9997616259999,0
			-18.957981382,-68.9987626179999,0
			-18.9581880049999,-68.997698456,0
			-18.958249983,-68.9968731869999,0
			-18.958187982,-68.9962216619999,0
			-18.957940008,-68.9955701399999,0
			-18.9574440649999,-68.994766609,0
			-18.9569068059999,-68.99431056,0
			-18.9564522009999,-68.9939630979999,0
			-18.9560595839998,-68.9935504819999,0
			-18.9558760789998,-68.9928562759998,0
			-18.955852922,-68.992768671,0
			-18.9558322119998,-68.9916393749999,0
			-18.955831347,-68.9916273399999,0
			-18.9557495019999,-68.9904883629999,0
			-18.9556048279999,-68.9899020069999,0
			-18.9554165609999,-68.9893343189999,0
			-18.955129487,-68.988468703,0
			-18.9545714609999,-68.9867096609999,0
			-18.9543441079999,-68.9859712939999,0
			-18.9540341029999,-68.985254659,0
			-18.9536001169999,-68.984581471,0
			-18.953021495,-68.9839951699998,0
			-18.9524428899998,-68.983647752,0
			-18.9519676049999,-68.983300333,0
			-18.951533635,-68.9828660429999,0
			-18.9509756699999,-68.982301466,0
			-18.9507843929999,-68.9821196219999,0
			-18.9505417,-68.981888896,0
			-18.949529121,-68.9811289319999,0
			-18.9487236769999,-68.9804349629999,0
			-18.948495861,-68.980238679,0
			-18.9478965769999,-68.9798044249999,0
			-18.9478319589999,-68.9797789689999,0
			-18.9475659509999,-68.979674168,0
			-18.9468840279999,-68.9794136589999,0
			-18.9469072959999,-68.9787267049999,0
			-18.946925216,-68.978197549,0
			-18.9470490649999,-68.9771117279999,0
			-18.9471729229999,-68.9761344849999,0
			-18.9474000989999,-68.9752006579999,0
			-18.9474826849999,-68.9747011739999,0
			-18.9474826569999,-68.9745013789998,0
			-18.9474826159999,-68.974201701,0
			-18.9473585179999,-68.9733765079999,0
			-18.9472749989999,-68.9730548649999,0
			-18.9471104179999,-68.9724210339999,0
			-18.9469497609999,-68.972076993,0
			-18.946572998,-68.971270175,0
			-18.9465467009999,-68.9712199489999,0
			-18.9461217969999,-68.9704083529999,0
			-18.9456222149999,-68.9695982079999,0
			-18.945568002,-68.9695230299999,0
			-18.945105514,-68.9688816769999,0
			-18.9449183689999,-68.9686245799999,0
			-18.9448368279999,-68.9685125609999,0
			-18.9444854339999,-68.9678394379999,0
			-18.9442580399999,-68.9672748719999,0
			-18.9441959359999,-68.9666451269999,0
			-18.9442785129999,-68.966210796,0
			-18.9443994219999,-68.966027173,0
			-18.9444644299999,-68.965928455,0
			-18.944753664,-68.96564609,0
			-18.9450015849999,-68.965428878,0
			-18.9457867189998,-68.9650378309999,0
			-18.9469437709999,-68.964538121,0
			-18.9475429499998,-68.9642339679999,0
			-18.947770189,-68.9639298909999,0
			-18.9478941059999,-68.9636041229999,0
			-18.9478933459999,-68.9635842869999,0
			-18.9478733329999,-68.963061221,0
			-18.9478005269999,-68.9625645559999,0
			-18.9477905689999,-68.9624966169999,0
			-18.9474184419998,-68.9615846219999,0
			-18.947310337,-68.9613859019999,0
			-18.9469223289999,-68.960672659,0
			-18.9467668589999,-68.9603379009999,0
			-18.9465088699999,-68.9597823969999,0
			-18.946235805,-68.959165769,0
			-18.946095398,-68.9588487079999,0
			-18.9458059569998,-68.9581538709999,0
			-18.9456987439999,-68.9579816359999,0
			-18.9454545519999,-68.9575893419999,0
			-18.9449281909999,-68.9570364409998,0
			-18.944598761,-68.956899328,0
			-18.939229413,-68.952842209,0
			-18.9366660319999,-68.950201163,0
			-18.93673611,-68.9502083329999,0
			-18.9367677569999,-68.950195916,0
			-18.957120618,-68.9348260039999,0
			-18.976734586,-68.9200061079999,0
			-19.043426332,-68.8896471309998,0
			-19.0603764569999,-68.8709048109999,0
			-19.0642571789999,-68.852326249,0
			-19.083599227,-68.8059716139999,0
			-19.0835561669999,-68.805952183,0
			-19.0834129399999,-68.805887549,0
			-19.103958446,-68.785627075,0
			-19.1082577179999,-68.7813874479999,0
			-19.1249133379999,-68.7608493279999,0
			-19.1329523759999,-68.750936354,0
			-19.1355967659999,-68.749236926,0
			-19.1556107769999,-68.7363748349999,0
			-19.1685054539999,-68.7158368869999,0
			-19.1702331769999,-68.7130850629999,0
			-19.1702495709999,-68.71306787,0
			-19.189799977,-68.692564913,0
			-19.1900031869999,-68.6923517179999,0
			-19.1960222419999,-68.6860369099999,0
			-19.200595208,-68.68123896,0
			-19.2047223019999,-68.676908818,0
			-19.210610028,-68.6707295799999,0
			-19.2191760659999,-68.6617394219999,0
			-19.2259418929999,-68.6546386059999,0
			-19.245444805,-68.6341656779999,0
			-19.2496196959999,-68.6297815069999,0
			-19.251044844,-68.6282849189999,0
			-19.251067072,-68.6282774909999,0
			-19.2719920669999,-68.62128483,0
			-19.2728474529999,-68.6209916409999,0
			-19.2764949349998,-68.6197414429999,0
			-19.2765142889999,-68.619734809,0
			-19.2783643509999,-68.612673402,0
			-19.284399594,-68.589629666,0
			-19.2920981449999,-68.5602350959999,0
			-19.296670521,-68.54276492,0
			-19.347951544,-68.477179201,0
			-19.3520518559998,-68.4719389999999,0
			-19.3529925669999,-68.4707699259998,0
			-19.370059934,-68.4495593659999,0
			-19.370147607,-68.4494504109999,0
			-19.4071964079999,-68.4135764659999,0
			-19.415344658,-68.4056866059999,0
			-19.4156073849999,-68.4054322099999,0
			-19.416169786,-68.4048876429999,0
			-19.416378067,-68.4051692449999,0
			-19.4168965,-68.4058701859999,0
			-19.41690296,-68.4058517879999,0
			-19.4169112779999,-68.405828102,0
			-19.4172216159999,-68.4062600539999,0
			-19.4171878299999,-68.4062497309999,0
			-19.4171741169999,-68.406245542,0
			-19.41750753,-68.406696331,0
			-19.4184696239998,-68.407997124,0
			-19.4218548549999,-68.412574364,0
			-19.4218630409999,-68.4125854329999,0
			-19.4221667059999,-68.412578895,0
			-19.431019927,-68.412392148,0
			-19.4313840679999,-68.4134244589999,0
			-19.4323096469998,-68.4160484029998,0
			-19.43549058,-68.4257827659999,0
			-19.4360610359999,-68.4275284849999,0
			-19.4360930739999,-68.4276290679999,0
			-19.4365767229999,-68.429147443,0
			-19.440390489,-68.440631332,0
			-19.4643180159999,-68.458593504,0
			-19.5186655929999,-68.498962738,0
			-19.5226146279998,-68.5018960699999,0
			-19.5963999589999,-68.556854884,0
			-19.6054942199999,-68.5724501249999,0
			-19.6354479469999,-68.5948460309999,0
			-19.640680162,-68.5987535329999,0
			-19.648541096,-68.6004543339999,0
			-19.6662742569999,-68.6042911009999,0
			-19.6687707659999,-68.605663948,0
			-19.671138506,-68.6069659839999,0
			-19.673791243,-68.608424741,0
			-19.6940882129999,-68.619586178,0
			-19.6967463049999,-68.6210478799999,0
			-19.7006106379999,-68.623172902,0
			-19.700727801,-68.623691239,0
			-19.7031791059999,-68.634535991,0
			-19.7041507789999,-68.638834743,0
			-19.7088049269999,-68.6594250349999,0
			-19.7137353799999,-68.6706416549999,0
			-19.7186301299999,-68.6817770499999,0
			-19.719407336,-68.6835451689999,0
			-19.722740271,-68.684156133,0
			-19.7232992269999,-68.6842585959999,0
			-19.7253660219999,-68.684637462,0
			-19.726299609,-68.6848085979999,0
			-19.728875816,-68.6852808459999,0
			-19.7314725699999,-68.6857568589999,0
			-19.7409144839999,-68.687487666,0
			-19.7484116439999,-68.688861978,0
			-19.7495834969999,-68.6820533479998,0
			-19.7519876639999,-68.6680847999999,0
			-19.7521199809999,-68.6673160169998,0
			-19.752221412,-68.667238057,0
			-19.7539624959999,-68.665899858,0
			-19.755737428,-68.6645356439999,0
			-19.76501927,-68.6574016119999,0
			-19.7706488589998,-68.6530747059999,0
			-19.7722249799999,-68.651863298,0
			-19.7878819499999,-68.622963673,0
			-19.7890748979999,-68.6207617289999,0
			-19.827693692,-68.5995247069999,0
			-19.8280348519999,-68.599337098,0
			-19.8300636079999,-68.5910158579999,0
			-19.8300849279999,-68.5909284099999,0
			-19.8452854939999,-68.5281535419999,0
			-19.8455138129999,-68.528225759,0
			-19.863790927,-68.534006786,0
			-19.8899935289999,-68.5422963359999,0
			-19.9043796739999,-68.5336155499999,0
			-19.924265834,-68.5216152309999,0
			-19.9511295449999,-68.5297936739999,0
			-20.0016708769999,-68.5451865919999,0
			-20.0019983069998,-68.545291892,0
			-20.0213092459999,-68.5515021829999,0
			-20.0498989629999,-68.5661557159999,0
			-20.050070443,-68.5662461319999,0
			-20.0497508809999,-68.582944378,0
			-20.048943374,-68.6352845239999,0
			-20.0488641989999,-68.6404163899999,0
			-20.0682774909998,-68.6929661849999,0
			-20.071035621,-68.7122420799998,0
			-20.078490588,-68.762206593,0
			-20.0786812059999,-68.7634841509999,0
			-20.0996805569999,-68.76712701,0
			-20.100087738,-68.7671976459999,0
			-20.1092321259999,-68.7693228429999,0
			-20.129690336,-68.7738732779999,0
			-20.1297003299999,-68.773845821,0
			-20.130056324,-68.7728677719999,0
			-20.1332869869998,-68.7639919279998,0
			-20.134098616,-68.76176208,0
			-20.134109886,-68.7617311169999,0
			-20.125212898,-68.7417384549998,0
			-20.1257082339998,-68.740842604,0
			-20.1352949599999,-68.723504319,0
			-20.1353102649999,-68.7234766389999,0
			-20.1353336559999,-68.7234155769999,0
			-20.1360682059999,-68.7214980479999,0
			-20.1435104499998,-68.7020702159999,0
			-20.1589519559999,-68.704685449,0
			-20.1692191979999,-68.6973868339999,0
			-20.1764220069999,-68.6922666139999,0
			-20.177052736,-68.691818251,0
			-20.177214153,-68.6917035059999,0
			-20.1774238939999,-68.691965064,0
			-20.1776366209999,-68.692230347,0
			-20.191571709,-68.709608176,0
			-20.195052701,-68.713949167,0
			-20.22661518,-68.714576872,0
			-20.227772703,-68.714599892,0
			-20.2467549779999,-68.7149774059999,0
			-20.279029038,-68.6950343549999,0
			-20.2790544449999,-68.695018655,0
			-20.2953948109999,-68.6924166339999,0
			-20.2955340749999,-68.692394458,0
			-20.3008504299999,-68.678509456,0
			-20.3057864149999,-68.665617885,0
			-20.3178047279999,-68.6629868509999,0
			-20.323107388,-68.661825999,0
			-20.323751006,-68.6616982039999,0
			-20.3354932489999,-68.6593666919999,0
			-20.3362770379999,-68.6606688469999,0
			-20.3663085379998,-68.710561984,0
			-20.3664289449999,-68.7107620229999,0
			-20.3677018369999,-68.7238534139999,0
			-20.3693698659999,-68.7410087109999,0
			-20.3694177379999,-68.7415010539999,0
			-20.369449204,-68.7418246789999,0
			-20.4545699939999,-68.738820424,0
			-20.456789412,-68.7387420919999,0
			-20.4845254859999,-68.705121102,0
			-20.5026404299999,-68.68316261,0
			-20.5066499889999,-68.6783023209999,0
			-20.5166413849999,-68.6661909949999,0
			-20.5456320529999,-68.6084594799999,0
			-20.546519396,-68.6037354219999,0
			-20.5482995369999,-68.594258264,0
			-20.548565534,-68.5928421439999,0
			-20.5493012419998,-68.5922449009999,0
			-20.558807245,-68.584527999,0
			-20.565951081,-68.578727699,0
			-20.5753973829999,-68.5710579569999,0
			-20.5755545389999,-68.5709303569999,0
			-20.587129084,-68.5206404189999,0
			-20.58726768,-68.5200382349999,0
			-20.6049887809999,-68.487346942,0
			-20.6052593769999,-68.486801065,0
			-20.6069386209999,-68.483413508,0
			-20.6241581929999,-68.4486762669999,0
			-20.6348964749999,-68.442552672,0
			-20.6409556239999,-68.4390973919999,0
			-20.6440528319999,-68.4393224369999,0
			-20.644070653,-68.439377522,0
			-20.645683893,-68.4443639839999,0
			-20.6476665919999,-68.4504924279999,0
			-20.6476905819999,-68.4505310269999,0
			-20.64852933,-68.4518805219998,0
			-20.6564451419999,-68.4646165899999,0
			-20.657918297,-68.4669868079999,0
			-20.6589649599999,-68.4690372999999,0
			-20.6653625449999,-68.48157065,0
			-20.66539025,-68.4816249269999,0
			-20.6656276919998,-68.4830095899999,0
			-20.6661689459999,-68.486165947,0
			-20.666927421,-68.4905890469999,0
			-20.6687905829999,-68.501454208,0
			-20.6688458529999,-68.5016137409999,0
			-20.6688627999999,-68.5016311959999,0
			-20.669517427,-68.501772639,0
			-20.6752900039999,-68.503019896,0
			-20.676030301,-68.5031798489999,0
			-20.684190805,-68.5130512269999,0
			-20.6841998279999,-68.5130607379999,0
			-20.6881607319999,-68.5172354639998,0
			-20.6966627279999,-68.5261964269999,0
			-20.6978955829999,-68.526322636,0
			-20.7065146589999,-68.5272049819999,0
			-20.7136318369999,-68.5279335769999,0
			-20.7165578009999,-68.528233112,0
			-20.7174127509999,-68.52875851,0
			-20.721803392,-68.5314567189999,0
			-20.7228904519999,-68.532124757,0
			-20.725396162,-68.5439644499999,0
			-20.726976324,-68.5483318939999,0
			-20.7274158549998,-68.5495467239999,0
			-20.7281470539999,-68.5515676999999,0
			-20.7311291509999,-68.552864643,0
			-20.732469011,-68.5534473609999,0
			-20.7367323219999,-68.554997581,0
			-20.7459980569999,-68.5530789569999,0
			-20.748373471,-68.5525870879999,0
			-20.77113049,-68.544838618,0
			-20.7715551489999,-68.5446940269999,0
			-20.7786787829999,-68.5438257899999,0
			-20.791195778,-68.542300203,0
			-20.8013617209999,-68.541061166,0
			-20.80137615,-68.541059407,0
			-20.8013931409999,-68.541063777,0
			-20.8136295639999,-68.5442111399999,0
			-20.8197597389999,-68.5457878989999,0
			-20.8201245339998,-68.5458485729999,0
			-20.8242119599999,-68.546528409,0
			-20.824591719,-68.546591572,0
			-20.8283431389999,-68.547215522,0
			-20.831619705,-68.54748734,0
			-20.839767614,-68.548163276,0
			-20.8406333419999,-68.5482913479999,0
			-20.849277183,-68.5495700819999,0
			-20.8602748089999,-68.5530751179999,0
			-20.864414902,-68.5543946,0
			-20.866588817,-68.5554587549999,0
			-20.894528409,-68.5691354839999,0
			-20.9036595629999,-68.542982674,0
			-20.9036701489998,-68.5429523559999,0
			-20.9093011529999,-68.5356922019999,0
			-20.914778644,-68.5286299759998,0
			-20.914789695,-68.528615728,0
			-20.915459611,-68.5280165319999,0
			-20.9165566959999,-68.5270352639999,0
			-20.9197404069999,-68.524187646,0
			-20.920019624,-68.5239379049999,0
			-20.925429923,-68.5190987519998,0
			-20.931218126,-68.5139215899998,0
			-20.9381078069999,-68.5077592289999,0
			-20.9414421399999,-68.5047768899999,0
			-20.9429010859999,-68.50347196,0
			-20.9431062809999,-68.5025186679999,0
			-20.945038505,-68.4935419829999,0
			-20.946262341,-68.4878563119998,0
			-20.946944566,-68.484686844,0
			-20.9470122409999,-68.4843724419999,0
			-20.943809647,-68.4813024159999,0
			-20.9438672969999,-68.481289951,0
			-20.9443098729999,-68.4811043519999,0
			-20.944707067,-68.4808435699999,0
			-20.944966606,-68.4808045409998,0
			-20.9451482959999,-68.480770472,0
			-20.945189882,-68.4807300269999,0
			-20.9453027919999,-68.4807819819998,0
			-20.945615801,-68.4809261319999,0
			-20.9456617569999,-68.4809472959999,0
			-20.947522449,-68.48180421,0
			-20.9475536419999,-68.481818575,0
			-20.9484632309999,-68.482237481,0
			-20.9485957659999,-68.48229852,0
			-20.948938353,-68.482456298,0
			-20.9495090799999,-68.482719147,0
			-20.9496656399999,-68.4827912439999,0
			-20.9504909299999,-68.4831713259999,0
			-20.9514142799999,-68.4835965669999,0
			-20.9523577929999,-68.4840310929999,0
			-20.953099897,-68.48437286,0
			-20.9535035229999,-68.4845587459999,0
			-20.9554127289999,-68.485438013,0
			-20.9554855219999,-68.485471537,0
			-20.957590008,-68.4864407389999,0
			-20.9582148329999,-68.486728495,0
			-20.9582424999999,-68.4867412359999,0
			-20.959224068,-68.487193288,0
			-20.9603940289999,-68.4877321009999,0
			-20.9639146309999,-68.4893534809999,0
			-20.9647619789999,-68.489743717,0
			-20.9660443289999,-68.490334291,0
			-20.9675952629999,-68.4910485569999,0
			-20.9696169589999,-68.4919796299999,0
			-20.97049542,-68.4923841969999,0
			-20.9717509709999,-68.4929624279998,0
			-20.9718898049999,-68.4930263589999,0
			-20.973111285,-68.493588904,0
			-20.9745830599999,-68.494266715,0
			-20.9756307709999,-68.4947492279999,0
			-20.9766767599999,-68.495230949,0
			-20.978751368,-68.496186387,0
			-20.9813226539998,-68.4973705699999,0
			-20.985738372,-68.4994041859998,0
			-20.986572725,-68.4997884379999,0
			-20.9877376269998,-68.500324921,0
			-20.9896578259998,-68.501209251,0
			-20.995287791,-68.5038020759999,0
			-20.9958335909999,-68.5040534389999,0
			-20.9967647249999,-68.504482261,0
			-20.99846939,-68.5052673279999,0
			-20.9984950699999,-68.505279155,0
			-20.99864561,-68.505348484,0
			-21.0015435189999,-68.506683089,0
			-21.0045945389999,-68.508088205,0
			-21.0060831939999,-68.5087737869999,0
			-21.0066659829999,-68.5090421859999,0
			-21.0069293669999,-68.509163487,0
			-21.007069998,-68.5092282529999,0
			-21.0096928819999,-68.5104361959999,0
			-21.0150509299999,-68.512903791,0
			-21.0187730319999,-68.514617969,0
			-21.0235257979999,-68.5168068099999,0
			-21.0243389829999,-68.5171813119999,0
			-21.025204679,-68.5175799999999,0
			-21.026012185,-68.517951889,0
			-21.027521196,-68.5186468489998,0
			-21.0316857189999,-68.5205647779999,0
			-21.0353494409998,-68.5222520209999,0
			-21.0358335779998,-68.522415563,0
			-21.0391619489999,-68.524007881,0
			-21.04604419,-68.5271774289999,0
			-21.0499167159999,-68.5289608829999,0
			-21.0533277389999,-68.5305317959999,0
			-21.0538888089999,-68.5307901919999,0
			-21.0550260329999,-68.5313139279999,0
			-21.0570421909999,-68.5322424489999,0
			-21.0586160349999,-68.5329672679999,0
			-21.0599345739999,-68.5335745079999,0
			-21.0610913689999,-68.5341072589999,0
			-21.0620592609999,-68.5345530119999,0
			-21.0623903919999,-68.534705511,0
			-21.0630142119999,-68.534992804,0
			-21.0641649999999,-68.535523,0
			-21.064679,-68.5357599999999,0
			-21.0648309989999,-68.5359799989999,0
			-21.0649885089998,-68.536209013,0
			-21.065146018,-68.5364380249999,0
			-21.0651525969999,-68.536447595,0
			-21.0653779999999,-68.536776,0
			-21.0654539999999,-68.536886,0
			-21.065486,-68.536933,0
			-21.0655157759999,-68.5369757669999,0
			-21.0657667949999,-68.53734093,0
			-21.0658935479999,-68.537525321,0
			-21.0659059999999,-68.5375439999999,0
			-21.0660169999999,-68.5377059999999,0
			-21.0662079999999,-68.5379829999998,0
			-21.0663109999999,-68.538133,0
			-21.0666942839998,-68.538690413,0
			-21.067376667,-68.5396834239999,0
			-21.0677879989999,-68.5402819999999,0
			-21.06849804,-68.5413141349999,0
			-21.0687800599999,-68.5417243969999,0
			-21.068865542,-68.5418487499999,0
			-21.0691636289999,-68.5422834569999,0
			-21.069893845,-68.5433452299999,0
			-21.070218,-68.5438169999999,0
			-21.070712048,-68.544535072,0
			-21.0707449999999,-68.5445839999999,0
			-21.0723389999999,-68.546902001,0
			-21.074174731,-68.5495726089999,0
			-21.074353312,-68.549832496,0
			-21.07517,-68.5510209999999,0
			-21.0761919999999,-68.5525069999999,0
			-21.076366574,-68.5527612819999,0
			-21.076524858,-68.5529909399999,0
			-21.0766397409999,-68.553158063,0
			-21.076892738,-68.5535261059999,0
			-21.077398,-68.554262001,0
			-21.0775639399999,-68.5545032329999,0
			-21.0778163529999,-68.5548701719999,0
			-21.0781760549999,-68.55539308,0
			-21.078260728,-68.555516149,0
			-21.0791325809998,-68.5567844549999,0
			-21.0796611279999,-68.5575533479999,0
			-21.0797109999999,-68.557626,0
			-21.080100021,-68.558192483,0
			-21.0804849989999,-68.5587520009999,0
			-21.0806419069999,-68.5589801099999,0
			-21.081198666,-68.5597900389999,0
			-21.0820369199999,-68.5610094689999,0
			-21.0824848979999,-68.561661153,0
			-21.0828329999999,-68.562168,0
			-21.083761,-68.563518001,0
			-21.08414727,-68.564079444,0
			-21.0847177919999,-68.564909395,0
			-21.085926022,-68.5666670339999,0
			-21.0859789999998,-68.566751,0
			-21.0863704889999,-68.5673699819999,0
			-21.086761999,-68.5679889999999,0
			-21.0880815039999,-68.5700737509999,0
			-21.089913544,-68.5729692789999,0
			-21.0938316519999,-68.5796218359999,0
			-21.094009,-68.579923,0
			-21.1080199999999,-68.600407,0
			-21.11064664,-68.604246991,0
			-21.110699999,-68.6043250009999,0
			-21.1107071069999,-68.6043353909998,0
			-21.1138137549999,-68.608877633,0
			-21.1138272119999,-68.6088973079999,0
			-21.1139430179999,-68.6090660329999,0
			-21.113952577,-68.6090800169999,0
			-21.1139839999999,-68.6091259999999,0
			-21.1154299999999,-68.6112419999999,0
			-21.1169769999999,-68.613501,0
			-21.1170536659999,-68.6136125469999,0
			-21.1183308029999,-68.6154779199999,0
			-21.12443071,-68.624400755,0
			-21.1324769989999,-68.6361709999999,0
			-21.137158659,-68.6430190529999,0
			-21.1374059999999,-68.643381,0
			-21.1492039559999,-68.660650313,0
			-21.1492419989999,-68.660705999,0
			-21.1940549989999,-68.7263030009999,0
			-21.1947927139999,-68.72738385,0
			-21.1979266389999,-68.7319763989999,0
			-21.214819501,-68.7567402829999,0
			-21.217114,-68.7601039999999,0
			-21.2314279999999,-68.781088,0
			-21.2728779999999,-68.8419159999999,0
			-21.28498511,-68.859681076,0
			-21.285844406,-68.8637079979999,0
			-21.2859644119999,-68.864188067,0
			-21.285996,-68.8643139999999,0
			-21.2860370869999,-68.8644783529999,0
			-21.2861552449999,-68.8649515179999,0
			-21.2862551339999,-68.865351162,0
			-21.2864840859999,-68.866267087,0
			-21.2867564179999,-68.867356527,0
			-21.2868411099999,-68.8676953489999,0
			-21.2870421709999,-68.868499702,0
			-21.2870968709998,-68.8687185319999,0
			-21.2871570009999,-68.868958,0
			-21.2872909999999,-68.869494,0
			-21.2873191549999,-68.869606624,0
			-21.2875529999999,-68.8705420009999,0
			-21.287752035,-68.8713381359999,0
			-21.2877760369999,-68.8714341469999,0
			-21.2879500669999,-68.8721317639998,0
			-21.2880080259998,-68.8723636349999,0
			-21.2882982269999,-68.8735245939999,0
			-21.2885963739998,-68.8747173459999,0
			-21.2894412469998,-68.878097279,0
			-21.289519061,-68.878408577,0
			-21.2895579989999,-68.8785640009999,0
			-21.2898019989998,-68.879539,0
			-21.2904319999998,-68.8820600009999,0
			-21.2904868169999,-68.8822801139999,0
			-21.2904971449999,-68.882321428,0
			-21.2910573029999,-68.8845623639999,0
			-21.291452395,-68.886142945,0
			-21.292019975,-68.8884135649999,0
			-21.2920246379999,-68.8884322219999,0
			-21.292033999,-68.8884689999999,0
			-21.292105001,-68.8887519989999,0
			-21.292375378,-68.8898353629999,0
			-21.292396932,-68.889921595,0
			-21.292531254,-68.890458947,0
			-21.2937810539999,-68.8954588079998,0
			-21.2939464439999,-68.89612046,0
			-21.2939980379999,-68.8963268649999,0
			-21.2940669999999,-68.8966010009999,0
			-21.2942351049999,-68.8972734299999,0
			-21.2944564999999,-68.898160952,0
			-21.294461022,-68.8981790489999,0
			-21.2959014269999,-68.9039414259998,0
			-21.295988323,-68.9042890539998,0
			-21.2961130009999,-68.9047859999998,0
			-21.2962620009999,-68.9053829999999,0
			-21.297195997,-68.9091196289999,0
			-21.297721,-68.911219999,0
			-21.29865312,-68.9149484789999,0
			-21.2987919989999,-68.915504001,0
			-21.2988455559999,-68.91571948,0
			-21.2988770699999,-68.915845554,0
			-21.2992193759999,-68.9172149939999,0
			-21.2994211549999,-68.9180222489999,0
			-21.2994785729999,-68.9182519459999,0
			-21.299589,-68.918692999,0
			-21.299994999,-68.920317,0
			-21.300026261,-68.920442221,0
			-21.30016898,-68.9210139149999,0
			-21.3003462769999,-68.9217231949999,0
			-21.3009594649999,-68.9241762729999,0
			-21.301413993,-68.9259946259999,0
			-21.301635,-68.9268780009999,0
			-21.3016881699999,-68.9270914779999,0
			-21.3017683629999,-68.9274122939999,0
			-21.3022063679998,-68.9291645449999,0
			-21.3023904419999,-68.9299009389999,0
			-21.302508001,-68.9303699989999,0
			-21.302718001,-68.931209999,0
			-21.3028012389999,-68.931544335,0
			-21.3028983249999,-68.9319327359999,0
			-21.302979072,-68.9322557639999,0
			-21.3030579999999,-68.9325699989999,0
			-21.3031364149999,-68.9328840489999,0
			-21.303259001,-68.9333749999999,0
			-21.3034914549999,-68.934304819,0
			-21.3035160389998,-68.934403161,0
			-21.3036999999999,-68.9351390009999,0
			-21.3038125519998,-68.935590121,0
			-21.3039461619999,-68.9361246359999,0
			-21.3039972549998,-68.936329031,0
			-21.30405,-68.9365389999999,0
			-21.3041379999999,-68.9368910009999,0
			-21.3043620229999,-68.937788095,0
			-21.304386,-68.9378840009999,0
			-21.3044056099999,-68.9379626639999,0
			-21.3044721869999,-68.9382290139999,0
			-21.3045412729999,-68.9385053959999,0
			-21.3047710009999,-68.9394220009999,0
			-21.305169,-68.9410149989999,0
			-21.3057211349999,-68.9432254679999,0
			-21.3060272289999,-68.9444500109999,0
			-21.3064381389999,-68.9460938719999,0
			-21.3066249999999,-68.9468410009999,0
			-21.3069361739999,-68.9480856919999,0
			-21.307044,-68.948517,0
			-21.3070824569999,-68.9486714769999,0
			-21.3071623499999,-68.9489910899999,0
			-21.307295317,-68.9495230319999,0
			-21.307400179,-68.949942531,0
			-21.3075619989999,-68.950588,0
			-21.308026254,-68.9524450229999,0
			-21.3084180009999,-68.954013001,0
			-21.3084916619999,-68.9543090519999,0
			-21.3085231449999,-68.954435001,0
			-21.308542401,-68.954512031,0
			-21.3085916929999,-68.9547077729999,0
			-21.308798007,-68.9555345889999,0
			-21.308856208,-68.9557674269999,0
			-21.3092113599999,-68.9571882239999,0
			-21.3095113259999,-68.958388246,0
			-21.3097799999999,-68.959462,0
			-21.3104559989998,-68.962166,0
			-21.310605025,-68.9627631069999,0
			-21.3106634099998,-68.9629971939999,0
			-21.310818465,-68.9636174949999,0
			-21.3108315899999,-68.9636699989999,0
			-21.3108479999999,-68.9637339999999,0
			-21.3108619889999,-68.963790955,0
			-21.311077,-68.9646499999999,0
			-21.311303944,-68.9655596689998,0
			-21.3113170439999,-68.9656120699999,0
			-21.311499963,-68.9663438539999,0
			-21.3117493769999,-68.9673416379999,0
			-21.31273326,-68.9712776949999,0
			-21.313213117,-68.9731964699999,0
			-21.3132969989999,-68.973532,0
			-21.3133419139999,-68.9737126329999,0
			-21.3133893569999,-68.9739024279999,0
			-21.3136936219999,-68.9751196439999,0
			-21.313751001,-68.9753489999999,0
			-21.3138339989999,-68.9756809999999,0
			-21.3138789999999,-68.97586,0
			-21.313963647,-68.9761998949999,0
			-21.3140092239999,-68.9763822229999,0
			-21.3143691369999,-68.977822069,0
			-21.3145434839999,-68.9785195459999,0
			-21.3151832039999,-68.9810787679999,0
			-21.3155861979999,-68.9826909539998,0
			-21.315669224,-68.9830231029999,0
			-21.3156884049999,-68.9830998429999,0
			-21.31578645,-68.983492073,0
			-21.315887296,-68.98389551,0
			-21.316028,-68.984456,0
			-21.3161729999999,-68.985036999,0
			-21.3163519999999,-68.985754,0
			-21.316422018,-68.9860346829998,0
			-21.3165813159999,-68.9866719619999,0
			-21.3166313099999,-68.9868719679999,0
			-21.31666,-68.9869859999999,0
			-21.3167690009999,-68.9874209989999,0
			-21.316875,-68.9878449989999,0
			-21.3169156239999,-68.98800937,0
			-21.3169404019999,-68.988108497,0
			-21.317103908,-68.9887626049999,0
			-21.3172599999999,-68.9893859989999,0
			-21.3173542509999,-68.9897641119999,0
			-21.31743019,-68.9900679089999,0
			-21.317563831,-68.9906025449999,0
			-21.3176019999999,-68.990755,0
			-21.3178823619999,-68.9918754539999,0
			-21.3180593059999,-68.9925847059999,0
			-21.3181211739999,-68.9928322169999,0
			-21.318192993,-68.9931195319999,0
			-21.3182839999999,-68.993482999,0
			-21.3185339999999,-68.994482999,0
			-21.318824407,-68.9956455239999,0
			-21.3188602419999,-68.995788883,0
			-21.3188729989999,-68.9958389989999,0
			-21.3192,-68.9971459999999,0
			-21.3193119999999,-68.9975960009999,0
			-21.3193189369999,-68.9976239079999,0
			-21.3193563039999,-68.997773394,0
			-21.3200000609999,-69.000348764,0
			-21.3200254509999,-69.000450331,0
			-21.3201089679999,-69.0007828789999,0
			-21.32025091,-69.0013506379999,0
			-21.320631001,-69.002871001,0
			-21.3208073679999,-69.003578406,0
			-21.320904336,-69.0039663319999,0
			-21.3212410929999,-69.005313541,0
			-21.3213089999999,-69.005585001,0
			-21.3214120009999,-69.0059969989999,0
			-21.3215104249999,-69.0063899479999,0
			-21.321543,-69.006520001,0
			-21.3217198629999,-69.007227454,0
			-21.321869001,-69.007825,0
			-21.321894431,-69.007927243,0
			-21.3219180939999,-69.0080219069999,0
			-21.3219903109999,-69.0083108149999,0
			-21.3220859999998,-69.008693001,0
			-21.3227986389999,-69.0115425609999,0
			-21.3228020009998,-69.0115560009999,0
			-21.3230992309999,-69.012747076,0
			-21.3233534069999,-69.0137639179998,0
			-21.3235302319999,-69.0144713139999,0
			-21.3236819999999,-69.0150769989999,0
			-21.3237809999999,-69.0154740009999,0
			-21.3238099999999,-69.0155899989999,0
			-21.3238315269999,-69.015676656,0
			-21.3238894739999,-69.0159084739999,0
			-21.3248414139999,-69.0197167379999,0
			-21.325017416,-69.020420842,0
			-21.3251310119998,-69.020874052,0
			-21.32516,-69.0209899989999,0
			-21.325170638,-69.0210337999999,0
			-21.325177233,-69.0210601869999,0
			-21.3256352129999,-69.022892349,0
			-21.3260825279999,-69.0246811159998,0
			-21.326085001,-69.024691,0
			-21.3261006659999,-69.024753703,0
			-21.3264580609999,-69.0261841829999,0
			-21.3264820119999,-69.02628,0
			-21.3267041749999,-69.0271687649999,0
			-21.3268263419999,-69.027657494,0
			-21.3269849989999,-69.0282910009999,0
			-21.3273506909999,-69.0297544559999,0
			-21.3275119999999,-69.030400001,0
			-21.3276290009998,-69.0308679999999,0
			-21.3283611079999,-69.0337973869999,0
			-21.328400127,-69.0339534809999,0
			-21.328406889,-69.0339805259999,0
			-21.3286639999998,-69.035007999,0
			-21.3296809999999,-69.0390769999999,0
			-21.3299259999999,-69.0400569999998,0
			-21.3305438869999,-69.042528547,0
			-21.331811999,-69.047601,0
			-21.332632001,-69.0508820009999,0
			-21.3328242219999,-69.051652202,0
			-21.3329241549999,-69.0520519889999,0
			-21.3349663059998,-69.060221675,0
			-21.3356832789999,-69.063089952,0
			-21.336196,-69.065140001,0
			-21.336318279,-69.0656302849999,0
			-21.3364050989999,-69.065977607,0
			-21.3365446629999,-69.0665359389999,0
			-21.336796001,-69.06754,0
			-21.3377620009999,-69.0714039999999,0
			-21.33795,-69.0721569999999,0
			-21.3385600329999,-69.0745975339999,0
			-21.339472999,-69.07825,0
			-21.3402249989999,-69.081259,0
			-21.341521999,-69.086447,0
			-21.341525496,-69.086460987,0
			-21.3432833889999,-69.0934944249999,0
			-21.3434060039999,-69.093984951,0
			-21.345291001,-69.1015259389999,0
			-21.3459330769999,-69.104094587,0
			-21.3463602379999,-69.1058034559999,0
			-21.3467979989999,-69.1075539999999,0
			-21.3472074929999,-69.10919232,0
			-21.3479860499999,-69.112307191,0
			-21.3484139999999,-69.1140179989999,0
			-21.349308083,-69.117596399,0
			-21.350144282,-69.1209416409999,0
			-21.3510513649999,-69.124570451,0
			-21.352390101,-69.129926102,0
			-21.3544901459999,-69.1383273999999,0
			-21.3549599999999,-69.1402069999999,0
			-21.35521825,-69.1412402079999,0
			-21.3574810359999,-69.150292556,0
			-21.3576473649999,-69.150957956,0
			-21.358144001,-69.1529429999999,0
			-21.3602779989999,-69.1614799999999,0
			-21.3624036389999,-69.169984141,0
			-21.3629529999999,-69.1721819999999,0
			-21.3635500469999,-69.174571817,0
			-21.363687092,-69.1751200679998,0
			-21.363903024,-69.1759839109999,0
			-21.3661189039999,-69.1848485989999,0
			-21.3681854959999,-69.1931156699999,0
			-21.3690373479999,-69.1965236109999,0
			-21.3696209999999,-69.198857001,0
			-21.3709509989999,-69.204178,0
			-21.371447287,-69.206164927,0
			-21.371790232,-69.2075369239999,0
			-21.373611013,-69.214821016,0
			-21.373639999,-69.214936,0
			-21.375011,-69.2204200009999,0
			-21.378594001,-69.234754,0
			-21.3786108989999,-69.2348216089999,0
			-21.382465,-69.2502410009999,0
			-21.3827510769999,-69.251386129,0
			-21.3828151029998,-69.251642263,0
			-21.386422995,-69.2660757549999,0
			-21.3866271489999,-69.2668924759999,0
			-21.3880999999998,-69.2727829999999,0
			-21.388142253,-69.2729520129999,0
			-21.388165,-69.273043001,0
			-21.388219525,-69.2732612669999,0
			-21.3884820009999,-69.2743120009999,0
			-21.3884856079999,-69.2743264339999,0
			-21.3907160009999,-69.283248,0
			-21.3915898339999,-69.286745841,0
			-21.3917612,-69.287431399,0
			-21.391926022,-69.2880907749999,0
			-21.3922850009999,-69.289526,0
			-21.392292572,-69.289556288,0
			-21.3939100009999,-69.296027,0
			-21.39454039,-69.2985496279998,0
			-21.395090103,-69.300748771,0
			-21.3978159759999,-69.3116537129999,0
			-21.3981699999999,-69.31307,0
			-21.398179,-69.3130779999999,0
			-21.398261519,-69.313162591,0
			-21.3985769989999,-69.3134860009999,0
			-21.4009188529999,-69.315885685,0
			-21.4019379999999,-69.31693,0
			-21.4041900009999,-69.3192379989999,0
			-21.4042538529999,-69.319303437,0
			-21.4286044599999,-69.3442577029999,0
			-21.4287559999999,-69.344412999,0
			-21.4289804249998,-69.344642979,0
			-21.445118001,-69.3611799989999,0
			-21.47302,-69.3897729989999,0
			-21.4779563779999,-69.394831768,0
			-21.4871774829999,-69.404281221,0
			-21.4883130039999,-69.4054081589999,0
			-21.4900029999999,-69.407085001,0
			-21.492537,-69.4096,0
			-21.496968957,-69.4139990419999,0
			-21.4968770669999,-69.4140900809999,0
			-21.4968611739999,-69.4141058259999,0
			-21.498637178,-69.4159565289999,0
			-21.502451,-69.419929999,0
			-21.514500583,-69.432277816,0
			-21.5149759999999,-69.432765,0
			-21.5166773959999,-69.4345089119999,0
			-21.5285020009998,-69.446629,0
			-21.534013683,-69.4522771079999,0
			-21.537875001,-69.4562339989999,0
			-21.538313,-69.4566829999999,0
			-21.5383860699999,-69.4567579339999,0
			-21.5385089439999,-69.456883851,0
			-21.5385324019999,-69.456907891,0
			-21.5385572299999,-69.456933233,0
			-21.538946,-69.4573310009999,0
			-21.5399128959999,-69.4583225689999,0
			-21.5403959659999,-69.458817601,0
			-21.5421651199999,-69.4606305679999,0
			-21.5479489749999,-69.466557655,0
			-21.553237124,-69.4719767599999,0
			-21.55502101,-69.4738048189999,0
			-21.5587044809999,-69.4775794359999,0
			-21.5608750019999,-69.479803772,0
			-21.562125158,-69.481084889,0
			-21.563275,-69.4822629989999,0
			-21.608666,-69.528778,0
			-21.6087085849999,-69.5288216479998,0
			-21.6096289999999,-69.529765001,0
			-21.6096487139998,-69.5297852039999,0
			-21.6120054899999,-69.5322004549999,0
			-21.6148279859999,-69.5350928479999,0
			-21.6193011499999,-69.539676785,0
			-21.621720028,-69.542155565,0
			-21.6231445069999,-69.54361532,0
			-21.623234,-69.543707,0
			-21.6263809989999,-69.546931,0
			-21.6264800009999,-69.5470329999999,0
			-21.626496803,-69.547050633,0
			-21.6265822359998,-69.5471381809999,0
			-21.6269789999999,-69.547544,0
			-21.6273568239999,-69.5479318169999,0
			-21.6276544469999,-69.5482369429999,0
			-21.6295818499999,-69.5502119019999,0
			-21.629592036,-69.550222515,0
			-21.6296033449999,-69.550234105,0
			-21.6296112109999,-69.5502421639999,0
			-21.6296186449999,-69.5502497799999,0
			-21.6296669989999,-69.550299001,0
			-21.6297369339999,-69.5503709309999,0
			-21.6299734699999,-69.5506129469999,0
			-21.6302119989999,-69.5508569999999,0
			-21.6300809249998,-69.551381667,0
			-21.6299403229999,-69.55149219,0
			-21.6298939859999,-69.551529137,0
			-21.6298252089999,-69.551583974,0
			-21.6297892599999,-69.551612593,0
			-21.629765458,-69.5516315389999,0
		</coordinates>
	</polygon>
</kml>
