<?xml version="1.0" encoding="UTF-8"?>
<kml xmlns="http://earth.google.com/kml/2.2">
	<polygon id="Peru_Lambayeque" samplingProbability="1">
		<coordinates>
			-6.99041509499995,-79.816528321,0
			-6.99013995999996,-79.816528321,0
			-6.99013995999996,-79.816802979,0
			-6.98986196399994,-79.816802979,0
			-6.98986196399994,-79.817085267,0
			-6.98958396899997,-79.817085267,0
			-6.98958396899997,-79.8176422129999,0
			-6.98930597299994,-79.8176422129999,0
			-6.98930597299994,-79.817916871,0
			-6.98902702299995,-79.817916871,0
			-6.98902702299995,-79.8181915289999,0
			-6.98874902699987,-79.8181915289999,0
			-6.98874902699987,-79.8184738169999,0
			-6.98847103099996,-79.8184738169999,0
			-6.98847103099996,-79.8190307609999,0
			-6.98819589599992,-79.8190307609999,0
			-6.98819589599992,-79.8193054209999,0
			-6.98791789999996,-79.8193054209999,0
			-6.98791789999996,-79.8195800789999,0
			-6.98763894999996,-79.8195800789999,0
			-6.98763894999996,-79.820137025,0
			-6.98736095399994,-79.820137025,0
			-6.98736095399994,-79.820419311,0
			-6.98708295899996,-79.820419311,0
			-6.98708295899996,-79.8206939689999,0
			-6.98652696599987,-79.8206939689999,0
			-6.98652696599987,-79.8209686289999,0
			-6.98624896999996,-79.8209686289999,0
			-6.98624896999996,-79.821250915,0
			-6.98569488399994,-79.821250915,0
			-6.98569488399994,-79.8215255729999,0
			-6.98541688899996,-79.8215255729999,0
			-6.98541688899996,-79.8218078609999,0
			-6.98513889299994,-79.8218078609999,0
			-6.98513889299994,-79.822364807,0
			-6.98458290199994,-79.822364807,0
			-6.98458290199994,-79.822914123,0
			-6.98430490399994,-79.822914123,0
			-6.98430490399994,-79.823196411,0
			-6.98402690799998,-79.823196411,0
			-6.98402690799998,-79.8234710689999,0
			-6.98347282499992,-79.8234710689999,0
			-6.98347282499992,-79.8237533569999,0
			-6.98319482699986,-79.8237533569999,0
			-6.98319482699986,-79.824028015,0
			-6.98291683099995,-79.824028015,0
			-6.98291683099995,-79.8243026729999,0
			-6.98236083999996,-79.8243026729999,0
			-6.98236083999996,-79.8245849609999,0
			-6.98208284399993,-79.8245849609999,0
			-6.98208284399993,-79.8254165649999,0
			-6.98180484699998,-79.8254165649999,0
			-6.98180484699998,-79.825691223,0
			-6.98152685099996,-79.825691223,0
			-6.98152685099996,-79.826805115,0
			-6.98124885599998,-79.826805115,0
			-6.98124885599998,-79.8273620609999,0
			-6.98041677399993,-79.8273620609999,0
			-6.98041677399993,-79.8281936649999,0
			-6.98013877899996,-79.8281936649999,0
			-6.98013877899996,-79.828750611,0
			-6.97986078299994,-79.828750611,0
			-6.97986078299994,-79.8290252689999,0
			-6.97958278499993,-79.8290252689999,0
			-6.97958278499993,-79.8293075569999,0
			-6.97930478999996,-79.8293075569999,0
			-6.97930478999996,-79.829582215,0
			-6.97902917899989,-79.829582215,0
			-6.97902917899989,-79.829864501,0
			-6.97875118099989,-79.829864501,0
			-6.97875118099989,-79.8301391609999,0
			-6.97847318599997,-79.8301391609999,0
			-6.97847318599997,-79.8304138189999,0
			-6.97819518999989,-79.8304138189999,0
			-6.97819518999989,-79.8309707649999,0
			-6.97791719399993,-79.8309707649999,0
			-6.97791719399993,-79.8312530509999,0
			-6.9776391989999,-79.8312530509999,0
			-6.9776391989999,-79.8315277089999,0
			-6.97736120099989,-79.8315277089999,0
			-6.97736120099989,-79.8318023689999,0
			-6.97708177499987,-79.8318023689999,0
			-6.97708177499987,-79.832359313,0
			-6.97680711699996,-79.832359313,0
			-6.97680711699996,-79.832641601,0
			-6.97652912199987,-79.832641601,0
			-6.97652912199987,-79.8329162589999,0
			-6.97625112399987,-79.8329162589999,0
			-6.97625112399987,-79.8331909189999,0
			-6.9759731289999,-79.8331909189999,0
			-6.9759731289999,-79.8337478629999,0
			-6.97569513299982,-79.8337478629999,0
			-6.97569513299982,-79.8340301509999,0
			-6.97541618299994,-79.8340301509999,0
			-6.97541618299994,-79.8343048089999,0
			-6.97513818699991,-79.8343048089999,0
			-6.97513818699991,-79.8345870969999,0
			-6.97486019099983,-79.8345870969999,0
			-6.97486019099983,-79.835136413,0
			-6.97458219599991,-79.835136413,0
			-6.97458219599991,-79.835418701,0
			-6.97430705999989,-79.835418701,0
			-6.97430705999989,-79.8356933589999,0
			-6.97402810999989,-79.8356933589999,0
			-6.97402810999989,-79.8359756469999,0
			-6.97375011399993,-79.8359756469999,0
			-6.97375011399993,-79.8365249629999,0
			-6.97347211899989,-79.8365249629999,0
			-6.97347211899989,-79.8368072509999,0
			-6.97319412299993,-79.8368072509999,0
			-6.97319412299993,-79.8373641969998,0
			-6.97291612499993,-79.8373641969998,0
			-6.97291612499993,-79.837638855,0
			-6.97263812999989,-79.837638855,0
			-6.97263812999989,-79.838195801,0
			-6.97236013399993,-79.838195801,0
			-6.97236013399993,-79.838470459,0
			-6.97208404599991,-79.838470459,0
			-6.97208213799991,-79.8387527469999,0
			-6.97152805299993,-79.8387527469999,0
			-6.97152805299993,-79.8395843509999,0
			-6.97125005699991,-79.8395843509999,0
			-6.97125005699991,-79.8401412969999,0
			-6.97097206099983,-79.8401412969999,0
			-6.97097206099983,-79.8406906129999,0
			-6.97069406599991,-79.840698241,0
			-6.97069406599991,-79.841247559,0
			-6.97041606799991,-79.841247559,0
			-6.97041606799991,-79.841529845,0
			-6.97013807299993,-79.841529845,0
			-6.97013807299993,-79.8420867909999,0
			-6.96986007699991,-79.8420867909999,0
			-6.96986007699991,-79.8429183949999,0
			-6.96958398899989,-79.8429183949999,0
			-6.96958398899989,-79.8431930549999,0
			-6.96930599099989,-79.8431930549999,0
			-6.96930599099989,-79.8437499989999,0
			-6.96902799599991,-79.8437499989999,0
			-6.96902799599991,-79.844024659,0
			-6.96874999999989,-79.844024659,0
			-6.96874999999989,-79.844306945,0
			-6.96847200399998,-79.844306945,0
			-6.96847200399998,-79.8445816029999,0
			-6.96819400699991,-79.8445816029999,0
			-6.96819400699991,-79.8448638909999,0
			-6.96763801499992,-79.8448638909999,0
			-6.96763801499992,-79.845138549,0
			-6.96736001999994,-79.845138549,0
			-6.9673619269999,-79.8454132069999,0
			-6.96708393199998,-79.8454132069999,0
			-6.96708393199998,-79.8456954949999,0
			-6.96680593399998,-79.8456954949999,0
			-6.96680593399998,-79.8454132069999,0
			-6.96624994299998,-79.8454132069999,0
			-6.96624994299998,-79.8456954949999,0
			-6.9659719469999,-79.8456954949999,0
			-6.9659719469999,-79.8459701529999,0
			-6.96569394999983,-79.8459701529999,0
			-6.96569394999983,-79.846252441,0
			-6.9651398659999,-79.846252441,0
			-6.9651398659999,-79.8465270989999,0
			-6.9643058769999,-79.8465270989999,0
			-6.9643058769999,-79.846801757,0
			-6.96402788099994,-79.846801757,0
			-6.96402788099994,-79.847084045,0
			-6.9637498859999,-79.847084045,0
			-6.9637498859999,-79.8473587029999,0
			-6.96402788099994,-79.8473587029999,0
			-6.96402788099994,-79.8487472529999,0
			-6.9637498859999,-79.8487472529999,0
			-6.9637498859999,-79.8490295409999,0
			-6.96347188999994,-79.8490295409999,0
			-6.96347188999994,-79.8493041989999,0
			-6.96319293999994,-79.8493041989999,0
			-6.96319293999994,-79.8495864869999,0
			-6.96291780399997,-79.8495864869999,0
			-6.96291780399997,-79.849861145,0
			-6.96263980899988,-79.849861145,0
			-6.96263980899988,-79.8504180909999,0
			-6.96236181299997,-79.8504180909999,0
			-6.96236181299997,-79.850692749,0
			-6.96208381499997,-79.850692749,0
			-6.96208381499997,-79.850975037,0
			-6.9618048669999,-79.850975037,0
			-6.9618048669999,-79.8512496949999,0
			-6.96152687099993,-79.8512496949999,0
			-6.96152687099993,-79.8515243529999,0
			-6.96124887399992,-79.8515243529999,0
			-6.96124887399992,-79.8518066409999,0
			-6.96097087799984,-79.8518066409999,0
			-6.96097087799984,-79.8523635869999,0
			-6.96069288199993,-79.8523635869999,0
			-6.96069288199993,-79.852638245,0
			-6.96041679399991,-79.852638245,0
			-6.96041679399991,-79.8529129029999,0
			-6.9601387969999,-79.8529129029999,0
			-6.9601387969999,-79.853752135,0
			-6.95986080099993,-79.853752135,0
			-6.95986080099993,-79.8540267949999,0
			-6.95930480999994,-79.8540267949999,0
			-6.95930480999994,-79.853752135,0
			-6.95847320599995,-79.853752135,0
			-6.95847320599995,-79.8540267949999,0
			-6.95819520999993,-79.8540267949999,0
			-6.95819520999993,-79.8548583989999,0
			-6.95847320599995,-79.8548583989999,0
			-6.95847320599995,-79.8554153429999,0
			-6.95819520999993,-79.8554153429999,0
			-6.95819520999993,-79.8556976309999,0
			-6.95791721299997,-79.8556976309999,0
			-6.95791721299997,-79.855972289,0
			-6.95763921699995,-79.855972289,0
			-6.95763921699995,-79.856246947,0
			-6.95708322599995,-79.856246947,0
			-6.95708322599995,-79.856529235,0
			-6.95680522799995,-79.856529235,0
			-6.95680522799995,-79.8568038929999,0
			-6.95652723199987,-79.8568038929999,0
			-6.95652723199987,-79.8570861809999,0
			-6.95624923699995,-79.8570861809999,0
			-6.95624923699995,-79.8581924429999,0
			-6.95597076399991,-79.8581924429999,0
			-6.95597314899993,-79.8590240469999,0
			-6.95569515299997,-79.8590240469999,0
			-6.95569515299997,-79.859306335,0
			-6.95541715499996,-79.859306335,0
			-6.95541715499996,-79.859580993,0
			-6.95513915999993,-79.859580993,0
			-6.95513915999993,-79.8598632809999,0
			-6.95486116399996,-79.8598632809999,0
			-6.95486116399996,-79.860137939,0
			-6.95458316799994,-79.860137939,0
			-6.95458316799994,-79.860420228,0
			-6.95430517099987,-79.860420228,0
			-6.95430517099987,-79.8609695429998,0
			-6.95402717499996,-79.8609695429998,0
			-6.95402717499996,-79.8612518309999,0
			-6.95374917999987,-79.8612518309999,0
			-6.95374917999987,-79.8615264889999,0
			-6.95347118399997,-79.8615264889999,0
			-6.95347309099986,-79.8618087779999,0
			-6.95319509599994,-79.8618087779999,0
			-6.95319509599994,-79.862083435,0
			-6.95291709799994,-79.862083435,0
			-6.95291709799994,-79.862358093,0
			-6.95236110699994,-79.862358093,0
			-6.95236110699994,-79.862915039,0
			-6.95208311099998,-79.862915039,0
			-6.95208311099998,-79.8634719849999,0
			-6.95180511399997,-79.8634719849999,0
			-6.95180511399997,-79.863746643,0
			-6.95152711799994,-79.863746643,0
			-6.95152711799994,-79.8643035889999,0
			-6.95124816999987,-79.8643035889999,0
			-6.95124816999987,-79.8648605349999,0
			-6.95097303399996,-79.8648605349999,0
			-6.95097303399996,-79.865135193,0
			-6.95069503699995,-79.865135193,0
			-6.95069503699995,-79.865692139,0
			-6.95041704099998,-79.865692139,0
			-6.95041704099998,-79.865974426,0
			-6.95013904499996,-79.865974426,0
			-6.95013904499996,-79.8665313719999,0
			-6.94986104999998,-79.8665313719999,0
			-6.94986104999998,-79.8668060299999,0
			-6.94930696399996,-79.8668060299999,0
			-6.94930696399996,-79.867080688,0
			-6.94736003799989,-79.867080688,0
			-6.94736003799989,-79.8668060299999,0
			-6.94708490299996,-79.8668060299999,0
			-6.94708490299996,-79.8665313719999,0
			-6.94680595399996,-79.8665313719999,0
			-6.94680595399996,-79.8662490839999,0
			-6.94652795799993,-79.8662490839999,0
			-6.94652795799993,-79.865692139,0
			-6.94624996099998,-79.865692139,0
			-6.94624996099998,-79.86541748,0
			-6.94597196499996,-79.86541748,0
			-6.94597196499996,-79.865135193,0
			-6.94541597399996,-79.865135193,0
			-6.94541597399996,-79.8648605349999,0
			-6.94458389299996,-79.8648605349999,0
			-6.94458389299996,-79.865135193,0
			-6.94347190799988,-79.865135193,0
			-6.94347190799988,-79.86541748,0
			-6.94291591699988,-79.86541748,0
			-6.94291591699988,-79.865692139,0
			-6.94263792099997,-79.865692139,0
			-6.94263792099997,-79.865974426,0
			-6.94208383499995,-79.865974426,0
			-6.94208383499995,-79.8662490839999,0
			-6.94180583999997,-79.8662490839999,0
			-6.94180583999997,-79.8665313719999,0
			-6.94152784399995,-79.8665313719999,0
			-6.94152784399995,-79.8668060299999,0
			-6.94124984699994,-79.8668060299999,0
			-6.94124984699994,-79.867080688,0
			-6.94097185099997,-79.867080688,0
			-6.94097185099997,-79.8673629759999,0
			-6.93986177399995,-79.8673629759999,0
			-6.93986177399995,-79.867080688,0
			-6.93930578299995,-79.867080688,0
			-6.93930578299995,-79.8668060299999,0
			-6.93819379799987,-79.8668060299999,0
			-6.93819379799987,-79.8665313719999,0
			-6.93541812799998,-79.8665313719999,0
			-6.93541812799998,-79.8662490839999,0
			-6.93486213699993,-79.8662490839999,0
			-6.93486213699993,-79.8665313719999,0
			-6.93458318699993,-79.8665313719999,0
			-6.93458318699993,-79.8668060299999,0
			-6.93430519099991,-79.8668060299999,0
			-6.93430519099991,-79.8673629759999,0
			-6.93402719499994,-79.8673629759999,0
			-6.93402719499994,-79.8676376339999,0
			-6.93374919999991,-79.8676376339999,0
			-6.93374919999991,-79.8679199219999,0
			-6.93347120199991,-79.8679199219999,0
			-6.93347120199991,-79.86819458,0
			-6.93319511399989,-79.86819458,0
			-6.93319511399989,-79.868469238,0
			-6.93291711799998,-79.868469238,0
			-6.93291711799998,-79.868751526,0
			-6.93263912299983,-79.868751526,0
			-6.93263912299983,-79.8690261839999,0
			-6.93235921699994,-79.8690261839999,0
			-6.93235921699994,-79.86958313,0
			-6.93208122199997,-79.86958313,0
			-6.93208312899992,-79.8698577879999,0
			-6.93180513399994,-79.8698577879999,0
			-6.93180513399994,-79.8701400759999,0
			-6.93152713799992,-79.8701400759999,0
			-6.93152713799992,-79.8704147339999,0
			-6.93124914199984,-79.8704147339999,0
			-6.93124914199984,-79.8706970219999,0
			-6.93097114499994,-79.8706970219999,0
			-6.93097114499994,-79.8712463379999,0
			-6.93069505699998,-79.8712463379999,0
			-6.93069505699998,-79.871528626,0
			-6.9304170609999,-79.871528626,0
			-6.9304170609999,-79.871803284,0
			-6.93013906499993,-79.871803284,0
			-6.93013906499993,-79.8720855719999,0
			-6.92986106799992,-79.8720855719999,0
			-6.92986106799992,-79.87236023,0
			-6.9295830719999,-79.87236023,0
			-6.9295830719999,-79.872642518,0
			-6.92930507699992,-79.872642518,0
			-6.92930507699992,-79.8731918339999,0
			-6.9290270809999,-79.8731918339999,0
			-6.9290270809999,-79.8734741219998,0
			-6.92874908299984,-79.8734741219998,0
			-6.92874908299984,-79.87374878,0
			-6.92847108799992,-79.87374878,0
			-6.92847299499994,-79.8740310679999,0
			-6.9281949999999,-79.8740310679999,0
			-6.9281949999999,-79.874305726,0
			-6.92791700399994,-79.874305726,0
			-6.92791700399994,-79.874580384,0
			-6.92763900799991,-79.874580384,0
			-6.92763900799991,-79.87513733,0
			-6.9273610109999,-79.87513733,0
			-6.9273610109999,-79.8754196159999,0
			-6.92708301499994,-79.8754196159999,0
			-6.92708301499994,-79.8756942759999,0
			-6.92680501899991,-79.8756942759999,0
			-6.92680501899991,-79.8759689339998,0
			-6.92624902599994,-79.8759689339998,0
			-6.92625093399982,-79.8762512199999,0
			-6.92569494199989,-79.8762512199999,0
			-6.92569494199989,-79.8765258799999,0
			-6.92541694699992,-79.8765258799999,0
			-6.92541694699992,-79.876808166,0
			-6.92513894899992,-79.876808166,0
			-6.92513894899992,-79.8770828259999,0
			-6.92486095399994,-79.8770828259999,0
			-6.92486095399994,-79.877357484,0
			-6.92458295799992,-79.877357484,0
			-6.92458295799992,-79.87763977,0
			-6.92430496199995,-79.87763977,0
			-6.92430496199995,-79.8781967159999,0
			-6.92402887399993,-79.8781967159999,0
			-6.92402887399993,-79.878753662,0
			-6.92375087699997,-79.878753662,0
			-6.92375087699997,-79.8790283199999,0
			-6.9234728809999,-79.8790283199999,0
			-6.9234728809999,-79.8795852659999,0
			-6.92320108299998,-79.8795852659999,0
			-6.92319488499993,-79.8801422119999,0
			-6.9229168899999,-79.8801422119999,0
			-6.9229168899999,-79.8806915279999,0
			-6.9226388919999,-79.8806915279999,0
			-6.9226388919999,-79.8809738159999,0
			-6.92235994399994,-79.8809738159999,0
			-6.92235994399994,-79.881530762,0
			-6.92208194799991,-79.881530762,0
			-6.92208194799991,-79.8820800779999,0
			-6.92180394999991,-79.8820800779999,0
			-6.92180394999991,-79.8826370239999,0
			-6.92152881699991,-79.8826370239999,0
			-6.92152881699991,-79.88319397,0
			-6.92125081899991,-79.88319397,0
			-6.92125081899991,-79.8834686279999,0
			-6.92097187099995,-79.8834686279999,0
			-6.92097187099995,-79.8837509159999,0
			-6.92069387299995,-79.8837509159999,0
			-6.92069387299995,-79.884025574,0
			-6.92041587799991,-79.884025574,0
			-6.92041587799991,-79.8845825199999,0
			-6.92013788199995,-79.8845825199999,0
			-6.92013788199995,-79.8848648079999,0
			-6.91985988599993,-79.8848648079999,0
			-6.91985988599993,-79.8851394659999,0
			-6.91958189099995,-79.8851394659999,0
			-6.91958189099995,-79.8854141239999,0
			-6.91930580099989,-79.8854141239999,0
			-6.91930580099989,-79.8856964119999,0
			-6.91902780499993,-79.8856964119999,0
			-6.91902780499993,-79.886253358,0
			-6.91874980899991,-79.886253358,0
			-6.91874980899991,-79.8865280159999,0
			-6.91847181399993,-79.8865280159999,0
			-6.91847181399993,-79.886802674,0
			-6.91791582099995,-79.886802674,0
			-6.91791582099995,-79.887084962,0
			-6.91763782499993,-79.887084962,0
			-6.91763782499993,-79.8876419059999,0
			-6.91736221199994,-79.8876419059999,0
			-6.91736221199994,-79.8879165659999,0
			-6.91708421699997,-79.8879165659999,0
			-6.91708421699997,-79.8881912239999,0
			-6.91680622099994,-79.8881912239999,0
			-6.91680622099994,-79.88874817,0
			-6.91652822499998,-79.88874817,0
			-6.91652822499998,-79.8890304559999,0
			-6.91625022999995,-79.8890304559999,0
			-6.91625022999995,-79.889305114,0
			-6.91430616399998,-79.889305114,0
			-6.91430616399998,-79.889579774,0
			-6.91402816799996,-79.889579774,0
			-6.91402816799996,-79.88986206,0
			-6.91375016999996,-79.88986206,0
			-6.91375016999996,-79.890136718,0
			-6.91347217499998,-79.890136718,0
			-6.91347217499998,-79.8904190059999,0
			-6.91319417899996,-79.8904190059999,0
			-6.91319417899996,-79.89263916,0
			-6.91291618399987,-79.89263916,0
			-6.91291618399987,-79.8931961059999,0
			-6.91263818799996,-79.8931961059999,0
			-6.91263818799996,-79.893470764,0
			-6.91208219499987,-79.893470764,0
			-6.91208410199994,-79.893753052,0
			-6.91180610699996,-79.893753052,0
			-6.91180610699996,-79.8940277099999,0
			-6.91152811099994,-79.8940277099999,0
			-6.91152811099994,-79.8943023679999,0
			-6.91097211799996,-79.8943023679999,0
			-6.91097211799996,-79.8945846559998,0
			-6.91069412199988,-79.8945846559998,0
			-6.91069412199988,-79.894859314,0
			-6.91041612599997,-79.894859314,0
			-6.91041612599997,-79.8951416019999,0
			-6.91014003799995,-79.8951416019999,0
			-6.91014003799995,-79.8954162599999,0
			-6.90958404499997,-79.8954162599999,0
			-6.90958404499997,-79.8970870979999,0
			-6.90930604899995,-79.8970870979999,0
			-6.90930604899995,-79.897361756,0
			-6.90847110799996,-79.897361756,0
			-6.90847110799996,-79.8976364139999,0
			-6.90708303499997,-79.8976364139999,0
			-6.90708303499997,-79.8979187019999,0
			-6.90680503699997,-79.8979187019999,0
			-6.90680503699997,-79.8984756459999,0
			-6.90652704199988,-79.8984756459999,0
			-6.90652704199988,-79.898750306,0
			-6.90624904599997,-79.898750306,0
			-6.90624904599997,-79.899024964,0
			-6.90597105099988,-79.899024964,0
			-6.90597105099988,-79.8995819099999,0
			-6.90569495999995,-79.8995819099999,0
			-6.90569495999995,-79.899864196,0
			-6.90541696499997,-79.899864196,0
			-6.90541696499997,-79.901527404,0
			-6.90513896899995,-79.901527404,0
			-6.90513896899995,-79.9020843499999,0
			-6.90486097399997,-79.9020843499999,0
			-6.90486097399997,-79.902641296,0
			-6.90458297799995,-79.902641296,0
			-6.90458297799995,-79.9031906119999,0
			-6.90430497999995,-79.9031982419999,0
			-6.90430497999995,-79.9034728999999,0
			-6.90402698499997,-79.9034728999999,0
			-6.90402698499997,-79.9037475579999,0
			-6.90374898899989,-79.9037475579999,0
			-6.90374898899989,-79.904304504,0
			-6.90347290099987,-79.904304504,0
			-6.90347290099987,-79.904586792,0
			-6.90319490299987,-79.904586792,0
			-6.90319490299987,-79.905136108,0
			-6.90291690799995,-79.905136108,0
			-6.90291690799995,-79.905418396,0
			-6.90263891199987,-79.905418396,0
			-6.90263891199987,-79.9059753419999,0
			-6.90236091599996,-79.9059753419999,0
			-6.90236091599996,-79.9062499999999,0
			-6.90208292099987,-79.9062499999999,0
			-6.90208292099987,-79.9065246579999,0
			-6.90180492299987,-79.9065246579999,0
			-6.90180492299987,-79.907081604,0
			-6.90152692799995,-79.907081604,0
			-6.90152692799995,-79.907363892,0
			-6.90124893199987,-79.907363892,0
			-6.90124893199987,-79.907913208,0
			-6.90097284399997,-79.907913208,0
			-6.90097284399997,-79.9084701539999,0
			-6.90069484599996,-79.9084701539999,0
			-6.90069484599996,-79.9087524419999,0
			-6.90041685099987,-79.9087524419999,0
			-6.90041685099987,-79.9090270999999,0
			-6.89986085899989,-79.9090270999999,0
			-6.89986085899989,-79.9093017579999,0
			-6.89930486599997,-79.9093017579999,0
			-6.89930486599997,-79.9095840459999,0
			-6.89902877799994,-79.9095840459999,0
			-6.89902877799994,-79.909858704,0
			-6.89847278699995,-79.909858704,0
			-6.89847278699995,-79.910697936,0
			-6.89819478899994,-79.910697936,0
			-6.89819478899994,-79.912086486,0
			-6.89791679299998,-79.912086486,0
			-6.89791679299998,-79.913475036,0
			-6.89763879799995,-79.913475036,0
			-6.89763879799995,-79.914024352,0
			-6.89736080199998,-79.914024352,0
			-6.89736080199998,-79.9143066399999,0
			-6.8968071939999,-79.9143066399999,0
			-6.8968071939999,-79.914581298,0
			-6.89652919799983,-79.914581298,0
			-6.89652919799983,-79.914863586,0
			-6.8959732049999,-79.914863586,0
			-6.8959732049999,-79.9154129019999,0
			-6.89569520899994,-79.9154129019999,0
			-6.89569520899994,-79.915969848,0
			-6.89541721399991,-79.915969848,0
			-6.89541721399991,-79.9162521359999,0
			-6.89513778599996,-79.9162521359999,0
			-6.89513778599996,-79.9165267939999,0
			-6.89458179499997,-79.9165267939999,0
			-6.89458179499997,-79.916809082,0
			-6.89402914099998,-79.916809082,0
			-6.89402914099998,-79.91708374,0
			-6.89375019099992,-79.91708374,0
			-6.89375019099992,-79.9179153439999,0
			-6.8934721949999,-79.9179153439999,0
			-6.8934721949999,-79.9187469479999,0
			-6.89319419899994,-79.9187469479999,0
			-6.89319419899994,-79.9190292359999,0
			-6.89263820599996,-79.9190292359999,0
			-6.89263820599996,-79.9193038939999,0
			-6.89236020999994,-79.9193038939999,0
			-6.89236020999994,-79.919586182,0
			-6.89208221499996,-79.919586182,0
			-6.89208221499996,-79.91986084,0
			-6.89152622099994,-79.91986084,0
			-6.89152622099994,-79.920135498,0
			-6.89124822599996,-79.920135498,0
			-6.89125013299991,-79.920417786,0
			-6.89069414199992,-79.920417786,0
			-6.89069414199992,-79.9206924439999,0
			-6.89013814899994,-79.9206924439999,0
			-6.89013814899994,-79.9209747319999,0
			-6.88986015299992,-79.9209747319999,0
			-6.88986015299992,-79.92124939,0
			-6.88930606699984,-79.92124939,0
			-6.88930606699984,-79.9215240479999,0
			-6.88875007599995,-79.9215240479999,0
			-6.88875007599995,-79.9218063359999,0
			-6.88819408499995,-79.9218063359999,0
			-6.88819408499995,-79.9220809939999,0
			-6.88791608699995,-79.9220809939999,0
			-6.88791608699995,-79.9223632799999,0
			-6.88736009599995,-79.9223632799999,0
			-6.8873620039999,-79.92263794,0
			-6.88680600999993,-79.92263794,0
			-6.88680600999993,-79.922920226,0
			-6.88652801499984,-79.922920226,0
			-6.88652801499984,-79.9231948839999,0
			-6.88597202299991,-79.9231948839999,0
			-6.88597202299991,-79.9234695439999,0
			-6.88541602999993,-79.9234695439999,0
			-6.88541602999993,-79.92375183,0
			-6.88486003899993,-79.92375183,0
			-6.88486194599994,-79.9240264879999,0
			-6.88458395099991,-79.9240264879999,0
			-6.88458395099991,-79.924308777,0
			-6.88402795799993,-79.924308777,0
			-6.88402795799993,-79.9245834339999,0
			-6.88347387399989,-79.9245834339999,0
			-6.88347196599995,-79.9248580919999,0
			-6.88263988499983,-79.9248580919999,0
			-6.88263988499983,-79.9251403799999,0
			-6.88180589599995,-79.9251403799999,0
			-6.88180589599995,-79.925415038,0
			-6.88124894999993,-79.925415038,0
			-6.88124894999993,-79.925697327,0
			-6.88097095399996,-79.925697327,0
			-6.88097095399996,-79.9259719839999,0
			-6.88069295899993,-79.9259719839999,0
			-6.88069295899993,-79.926246642,0
			-6.88013887299991,-79.926246642,0
			-6.88013887299991,-79.92652893,0
			-6.87986087699994,-79.92652893,0
			-6.87986087699994,-79.9268035879999,0
			-6.87958288199991,-79.9268035879999,0
			-6.87958288199991,-79.927085877,0
			-6.87930488599994,-79.927085877,0
			-6.87930488599994,-79.9273605339999,0
			-6.87902688999992,-79.9273605339999,0
			-6.87902688999992,-79.9276351919999,0
			-6.87874889299997,-79.9276351919999,0
			-6.87874889299997,-79.9279174799999,0
			-6.87847280499994,-79.9279174799999,0
			-6.87847280499994,-79.928192138,0
			-6.87819480899992,-79.928192138,0
			-6.87819480899992,-79.928474427,0
			-6.87763881599994,-79.928474427,0
			-6.87763881599994,-79.9287490839999,0
			-6.87680482899992,-79.9287490839999,0
			-6.87680482899992,-79.929031373,0
			-6.87624883599995,-79.929031373,0
			-6.87624883599995,-79.929306031,0
			-6.87597083999992,-79.929306031,0
			-6.87569522899997,-79.929306031,0
			-6.87569522899997,-79.9295806879999,0
			-6.87513923599988,-79.9295806879999,0
			-6.87513923599988,-79.929862977,0
			-6.87477207099988,-79.929862977,0
			-6.87458276699994,-79.929862977,0
			-6.87458276699994,-79.9301376339999,0
			-6.87430477199996,-79.9301376339999,0
			-6.87430477199996,-79.930297852,0
			-6.87430477199996,-79.9306945809998,0
			-6.87402677599994,-79.9306945809998,0
			-6.87402677599994,-79.930969238,0
			-6.87374877799994,-79.930969238,0
			-6.87374877799994,-79.9312515269999,0
			-6.87347078299996,-79.9312515269999,0
			-6.87347078299996,-79.9315261839999,0
			-6.87319278699994,-79.9315261839999,0
			-6.87319517199995,-79.931808473,0
			-6.87263917899998,-79.931808473,0
			-6.87263917899998,-79.932083131,0
			-6.87236118299995,-79.932083131,0
			-6.87236118299995,-79.9323577879999,0
			-6.87208318799998,-79.9323577879999,0
			-6.87208318799998,-79.932640077,0
			-6.87097311099996,-79.932640077,0
			-6.87097311099996,-79.9329147349999,0
			-6.86986112599988,-79.9329147349999,0
			-6.86986112599988,-79.933197021,0
			-6.86875104899997,-79.933197021,0
			-6.86875104899997,-79.933471681,0
			-6.8676381119999,-79.933471681,0
			-6.8676381119999,-79.9337463379999,0
			-6.86652803499987,-79.9337463379999,0
			-6.86652803499987,-79.9340286249999,0
			-6.86541604999996,-79.9340286249999,0
			-6.86541604999996,-79.9343032849999,0
			-6.86430597299989,-79.9343032849999,0
			-6.86430597299989,-79.9345855709999,0
			-6.86291599299989,-79.9345855709999,0
			-6.86291599299989,-79.934860229,0
			-6.86180591599998,-79.934860229,0
			-6.86180591599998,-79.935142517,0
			-6.86069393199989,-79.935142517,0
			-6.86069393199989,-79.9354171749999,0
			-6.85874986599987,-79.9354171749999,0
			-6.85874986599987,-79.935691833,0
			-6.85652780599997,-79.935691833,0
			-6.85652780599997,-79.935974121,0
			-6.85486221299993,-79.935974121,0
			-6.85486221299993,-79.9362487789999,0
			-6.85402679399988,-79.9362487789999,0
			-6.85402679399988,-79.9365310669999,0
			-6.85319280499982,-79.9365310669999,0
			-6.85319614299993,-79.9368057249999,0
			-6.85236120099995,-79.9368057249999,0
			-6.85236120099995,-79.9370803829999,0
			-6.85152721399993,-79.9370803829999,0
			-6.85152721399993,-79.9373626709999,0
			-6.85069322499993,-79.9373626709999,0
			-6.85069322499993,-79.937637329,0
			-6.84958076599992,-79.937637329,0
			-6.84958076599992,-79.937919617,0
			-6.84874915999995,-79.937919617,0
			-6.84875106699991,-79.9381942749999,0
			-6.84791707999995,-79.9381942749999,0
			-6.84791707999995,-79.938468933,0
			-6.84708309099994,-79.938468933,0
			-6.84708309099994,-79.938751221,0
			-6.84624910199994,-79.938751221,0
			-6.84624910199994,-79.9390258789999,0
			-6.84513902699996,-79.9390258789999,0
			-6.84513902699996,-79.938751221,0
			-6.84374904499992,-79.938751221,0
			-6.84374904499992,-79.938468933,0
			-6.84236097299993,-79.938468933,0
			-6.84236097299993,-79.9381942749999,0
			-6.84208202399986,-79.9381942749999,0
			-6.84208488499991,-79.937919617,0
			-6.84152603099994,-79.937919617,0
			-6.84152889299992,-79.9381942749999,0
			-6.84041595399992,-79.9381942749999,0
			-6.84041595399992,-79.937919617,0
			-6.8395848269999,-79.937919617,0
			-6.8395848269999,-79.937637329,0
			-6.83847188999994,-79.937637329,0
			-6.83847188999994,-79.9373626709999,0
			-6.83791589699996,-79.9373626709999,0
			-6.83791589699996,-79.937637329,0
			-6.83761310499995,-79.937637329,0
			-6.83708381499991,-79.937637329,0
			-6.83708381499991,-79.9377517689999,0
			-6.83708381499991,-79.938751221,0
			-6.83735990599996,-79.938751221,0
			-6.83735990599996,-79.9390258789999,0
			-6.83652782399992,-79.9390258789999,0
			-6.83652782399992,-79.938751221,0
			-6.83624982899994,-79.938751221,0
			-6.83624982899994,-79.938468933,0
			-6.83458423599996,-79.938468933,0
			-6.83458423599996,-79.938751221,0
			-6.83402776699995,-79.938751221,0
			-6.83402776699995,-79.9390258789999,0
			-6.83374977099993,-79.9390258789999,0
			-6.83374977099993,-79.938751221,0
			-6.83263778699995,-79.938751221,0
			-6.83263778699995,-79.938468933,0
			-6.83119678399993,-79.938468933,0
			-6.83041620299997,-79.938468933,0
			-6.83041620299997,-79.938751221,0
			-6.82986211699995,-79.938751221,0
			-6.82986211699995,-79.938468933,0
			-6.82791805299996,-79.938468933,0
			-6.82791805299996,-79.938751221,0
			-6.82819604899987,-79.938751221,0
			-6.82819604899987,-79.9390258789999,0
			-6.82764005499996,-79.9390258789999,0
			-6.82764005499996,-79.9393081669999,0
			-6.82680511399997,-79.9393081669999,0
			-6.82680511399997,-79.9395828249999,0
			-6.82652711799989,-79.9395828249999,0
			-6.82652711799989,-79.9398574829999,0
			-6.82597112699989,-79.9398574829999,0
			-6.82597112699989,-79.9401397709999,0
			-6.82569503699989,-79.9401397709999,0
			-6.82569503699989,-79.940414429,0
			-6.82541704099998,-79.940414429,0
			-6.82541704099998,-79.940696717,0
			-6.82486104999998,-79.940696717,0
			-6.82486104999998,-79.9409713749999,0
			-6.8245830539999,-79.9409713749999,0
			-6.8245830539999,-79.9412536629999,0
			-6.82430505699989,-79.9412536629999,0
			-6.82430505699989,-79.941528321,0
			-6.82402706099998,-79.941528321,0
			-6.82402706099998,-79.9418029789999,0
			-6.8237490649999,-79.9418029789999,0
			-6.8237490649999,-79.9420852669999,0
			-6.82347106999993,-79.9420852669999,0
			-6.82347106999993,-79.9423599249999,0
			-6.82291698399996,-79.9423599249999,0
			-6.82291698399996,-79.9426422129999,0
			-6.82124900799988,-79.9426422129999,0
			-6.82124900799988,-79.9423599249999,0
			-6.82013893099997,-79.9423599249999,0
			-6.82013893099997,-79.9426422129999,0
			-6.81958293999998,-79.9426422129999,0
			-6.81958293999998,-79.9429168709999,0
			-6.81930923499988,-79.9429168709999,0
			-6.81930494199997,-79.943191529,0
			-6.81875085899998,-79.943191529,0
			-6.81875085899998,-79.943473817,0
			-6.81847286299995,-79.943473817,0
			-6.81847286299995,-79.9437484749999,0
			-6.81791686999998,-79.9437484749999,0
			-6.81791686999998,-79.944030761,0
			-6.8176388739999,-79.944030761,0
			-6.8176388739999,-79.944305421,0
			-6.81708288099998,-79.944305421,0
			-6.81708288099998,-79.9445800789999,0
			-6.81652879699988,-79.9445800789999,0
			-6.81652879699988,-79.9448623649999,0
			-6.81581497099995,-79.9448623649999,0
			-6.81569480799988,-79.9448623649999,0
			-6.81569480799988,-79.945137025,0
			-6.81546401999998,-79.945137025,0
			-6.81513881699988,-79.945137025,0
			-6.81513881699988,-79.945419311,0
			-6.81502008399991,-79.945419311,0
			-6.81430721299995,-79.945419311,0
			-6.81430387499989,-79.9456939689999,0
			-6.81394004799984,-79.9456939689999,0
			-6.81375121999992,-79.9456939689999,0
			-6.81375121999992,-79.9459686289999,0
			-6.8129158029999,-79.9459686289999,0
			-6.8129158029999,-79.9462509149999,0
			-6.81235980899993,-79.9462509149999,0
			-6.81235980899993,-79.9465255749999,0
			-6.81180620099991,-79.9465255749999,0
			-6.81180620099991,-79.946807861,0
			-6.81129789399989,-79.946807861,0
			-6.81125020999986,-79.9470825189999,0
			-6.81084918899995,-79.9470825189999,0
			-6.81069421799992,-79.9470825189999,0
			-6.81069421799992,-79.947364807,0
			-6.81038904199994,-79.947364807,0
			-6.81013822499995,-79.947364807,0
			-6.81013822499995,-79.947517394,0
			-6.81013822499995,-79.947639465,0
			-6.80993986099998,-79.947639465,0
			-6.80986213699993,-79.947639465,0
			-6.80986213699993,-79.947914123,0
			-6.80949306499997,-79.947914123,0
			-6.80930423599995,-79.947914123,0
			-6.80930614399995,-79.9480285649999,0
			-6.80930614399995,-79.948196411,0
			-6.80900812199997,-79.948196411,0
			-6.80875015199996,-79.948196411,0
			-6.80875015199996,-79.948303223,0
			-6.80875015199996,-79.9484710689999,0
			-6.80847215699993,-79.9484710689999,0
			-6.80847215699993,-79.9487533569999,0
			-6.80791616399995,-79.9487533569999,0
			-6.80791616399995,-79.9490280149999,0
			-6.80736017199996,-79.9490280149999,0
			-6.80736017199996,-79.949302673,0
			-6.80708217699987,-79.949302673,0
			-6.80708408399994,-79.949584961,0
			-6.80652809099996,-79.949584961,0
			-6.80652809099996,-79.9498596189999,0
			-6.80625009499994,-79.9498596189999,0
			-6.80625009499994,-79.950141907,0
			-6.80569410199996,-79.950141907,0
			-6.80569410199996,-79.950416565,0
			-6.80513811099996,-79.950416565,0
			-6.80513811099996,-79.950691223,0
			-6.80486011499994,-79.950691223,0
			-6.80486202299994,-79.950973511,0
			-6.80430602899992,-79.950973511,0
			-6.80430602899992,-79.9515304569999,0
			-6.80375003799992,-79.9515304569999,0
			-6.80375003799992,-79.9512481689999,0
			-6.80291604899998,-79.9512481689999,0
			-6.80291604899998,-79.9515304569999,0
			-6.80235481299997,-79.9515304569999,0
			-6.80124902599994,-79.9515304569999,0
			-6.80124902599994,-79.9518051149998,0
			-6.80152797699992,-79.9518051149998,0
			-6.80152797699992,-79.952049256,0
			-6.80124902599994,-79.952079773,0
			-6.80124902599994,-79.9522171019999,0
			-6.80124902599994,-79.9523620609999,0
			-6.80102205299994,-79.9523620609999,0
			-6.80041789999996,-79.9523620609999,0
			-6.80041789999996,-79.9525299069999,0
			-6.80041789999996,-79.9526367189999,0
			-6.79981422399987,-79.9526367189999,0
			-6.79930496199995,-79.9526367189999,0
			-6.79930496199995,-79.9529190069999,0
			-6.79819488499993,-79.9529190069999,0
			-6.79819488499993,-79.953193665,0
			-6.79763889199995,-79.953193665,0
			-6.79763889199995,-79.953475953,0
			-6.79708290099995,-79.953475953,0
			-6.79708290099995,-79.953750611,0
			-6.79652690899997,-79.953750611,0
			-6.79652690899997,-79.9540252689999,0
			-6.79618978399986,-79.9540252689999,0
			-6.79597282399993,-79.9540252689999,0
			-6.79597282399993,-79.954154968,0
			-6.79597282399993,-79.9543075569999,0
			-6.79541683299993,-79.9543075569999,0
			-6.79541683299993,-79.954582215,0
			-6.79486083899997,-79.954582215,0
			-6.79486083899997,-79.9548645009999,0
			-6.79458284399993,-79.9548645009999,0
			-6.79458284399993,-79.9551391609999,0
			-6.79430484799997,-79.9551391609999,0
			-6.79430484799997,-79.9554138189999,0
			-6.79402685199994,-79.9554138189999,0
			-6.79402685199994,-79.9556961069999,0
			-6.79347276699986,-79.9556961069999,0
			-6.79347276699986,-79.955970765,0
			-6.79319477099995,-79.955970765,0
			-6.79319477099995,-79.956253051,0
			-6.79291677499992,-79.956253051,0
			-6.79291677499992,-79.956527711,0
			-6.79263877799997,-79.956527711,0
			-6.79263877799997,-79.9568023689999,0
			-6.79236078199995,-79.9568023689999,0
			-6.79236078199995,-79.957084655,0
			-6.79180479099995,-79.957084655,0
			-6.79180479099995,-79.957359315,0
			-6.79152679499987,-79.957359315,0
			-6.79152679499987,-79.9576416009999,0
			-6.79097318699996,-79.9576416009999,0
			-6.79097318699996,-79.9579162589999,0
			-6.79069518899996,-79.9579162589999,0
			-6.79069518899996,-79.9581909189999,0
			-6.79041719399987,-79.9581909189999,0
			-6.79041719399987,-79.9584732049999,0
			-6.78986120199988,-79.9584732049999,0
			-6.78986120199988,-79.958747863,0
			-6.78958320699991,-79.958747863,0
			-6.78958320699991,-79.959030151,0
			-6.78902912099988,-79.959030151,0
			-6.78902912099988,-79.9593048089999,0
			-6.78875112499998,-79.9593048089999,0
			-6.78875112499998,-79.959030151,0
			-6.78847312999989,-79.959030151,0
			-6.78847312999989,-79.9593048089999,0
			-6.78819513199988,-79.9593048089999,0
			-6.78819513199988,-79.9595870969999,0
			-6.78791713599998,-79.9595870969999,0
			-6.78791713599998,-79.959861755,0
			-6.78764104799995,-79.959861755,0
			-6.7876381879999,-79.9604187009999,0
			-6.7873601899999,-79.9604187009999,0
			-6.7873601899999,-79.9606933589999,0
			-6.78708219499993,-79.9606933589999,0
			-6.78708219499993,-79.9612503049999,0
			-6.78680705899995,-79.9612503049999,0
			-6.78680705899995,-79.961524963,0
			-6.78652906399998,-79.961524963,0
			-6.78652906399998,-79.961807251,0
			-6.78625011299988,-79.961807251,0
			-6.78625011299988,-79.9620819089999,0
			-6.7859721179999,-79.9620819089999,0
			-6.7859721179999,-79.9623641969999,0
			-6.78541612599997,-79.9623641969999,0
			-6.78541612599997,-79.962638855,0
			-6.78513813099983,-79.962638855,0
			-6.78513813099983,-79.9629135129999,0
			-6.78458404499997,-79.9629135129999,0
			-6.78458213799991,-79.9631958009999,0
			-6.78430604899989,-79.9631958009999,0
			-6.78430604899989,-79.963470459,0
			-6.78402805399998,-79.963470459,0
			-6.78402805399998,-79.9637527469999,0
			-6.78353405099995,-79.9637527469999,0
			-6.78347206099988,-79.9640274049999,0
			-6.78319406499998,-79.9640274049999,0
			-6.78319406499998,-79.9643020629999,0
			-6.78263807399998,-79.9643020629999,0
			-6.78263807399998,-79.964584351,0
			-6.78236007599992,-79.964584351,0
			-6.78236007599992,-79.9648590089999,0
			-6.78180599199987,-79.9648590089999,0
			-6.78180599199987,-79.9651412969999,0
			-6.7815279969999,-79.9651412969999,0
			-6.7815279969999,-79.965415955,0
			-6.78097200299993,-79.965415955,0
			-6.78097200299993,-79.9656906129999,0
			-6.7806940079999,-79.965698243,0
			-6.7806940079999,-79.9659729009999,0
			-6.78013801599991,-79.9659729009999,0
			-6.78013801599991,-79.966247559,0
			-6.7798600189999,-79.966247559,0
			-6.77986192599997,-79.9665298469999,0
			-6.77930593499997,-79.9665298469999,0
			-6.77930593499997,-79.9668045049999,0
			-6.77874994199982,-79.9668045049999,0
			-6.77874994199982,-79.9670867909999,0
			-6.77819395099993,-79.9670867909999,0
			-6.77819395099993,-79.967361451,0
			-6.77763986499997,-79.967361451,0
			-6.77763986499997,-79.9676361089999,0
			-6.77708387399997,-79.9676361089999,0
			-6.77708387399997,-79.967918395,0
			-6.77652788199993,-79.967918395,0
			-6.77652788199993,-79.968193055,0
			-6.77597188899989,-79.968193055,0
			-6.77597188899989,-79.968475341,0
			-6.77541780499996,-79.968475341,0
			-6.77541780499996,-79.968749999,0
			-6.77486181199981,-79.968749999,0
			-6.77486181199981,-79.969024659,0
			-6.77430582099993,-79.969024659,0
			-6.77430582099993,-79.969306945,0
			-6.77374887499991,-79.969306945,0
			-6.77374887499991,-79.9695816029999,0
			-6.77319288199993,-79.9695816029999,0
			-6.77319288199993,-79.9698638909999,0
			-6.77263879799989,-79.9698638909999,0
			-6.77263879799989,-79.9701385489999,0
			-6.77208280499991,-79.9701385489999,0
			-6.77208280499991,-79.970413207,0
			-6.77152681299998,-79.970413207,0
			-6.77152681299998,-79.970695495,0
			-6.77069282399992,-79.970695495,0
			-6.77069282399992,-79.9709701529999,0
			-6.76986121999994,-79.9709701529999,0
			-6.76986121999994,-79.971252441,0
			-6.76930522899994,-79.971252441,0
			-6.76930522899994,-79.971527099,0
			-6.76902723299997,-79.971527099,0
			-6.76902723299997,-79.971801757,0
			-6.76763916099986,-79.971801757,0
			-6.76763916099986,-79.972084045,0
			-6.76736116299998,-79.972084045,0
			-6.76736116299998,-79.971801757,0
			-6.76708316799994,-79.971801757,0
			-6.76708316799994,-79.972084045,0
			-6.76680517199998,-79.972084045,0
			-6.76680517199998,-79.9723587029999,0
			-6.76597118299998,-79.9723587029999,0
			-6.76597309099992,-79.9726409909999,0
			-6.76541709899993,-79.9726409909999,0
			-6.76541709899993,-79.9729156489998,0
			-6.76486110599996,-79.9729156489998,0
			-6.76486110599996,-79.973197937,0
			-6.76374912199998,-79.973197937,0
			-6.76374912199998,-79.9734725949999,0
			-6.76263904499996,-79.9734725949999,0
			-6.76263904499996,-79.9737472529999,0
			-6.76208305299997,-79.9737472529999,0
			-6.76208305299997,-79.9740295409999,0
			-6.76152896999992,-79.9740295409999,0
			-6.76152610699995,-79.974304199,0
			-6.76097297599995,-79.974304199,0
			-6.76097297599995,-79.974586487,0
			-6.76041602999987,-79.974586487,0
			-6.76041602999987,-79.974861145,0
			-6.76013803499995,-79.974861145,0
			-6.76013803499995,-79.9751358029999,0
			-6.75986003899988,-79.9751358029999,0
			-6.75986003899988,-79.9754180909999,0
			-6.75958490399995,-79.9754180909999,0
			-6.75958490399995,-79.975692749,0
			-6.75930690799993,-79.975692749,0
			-6.75930690799993,-79.975975037,0
			-6.75902795799993,-79.975975037,0
			-6.75902795799993,-79.9762496949999,0
			-6.75874996199997,-79.9762496949999,0
			-6.75874996199997,-79.9765243529999,0
			-6.75847196599995,-79.9765243529999,0
			-6.75847196599995,-79.9768066409999,0
			-6.75819396899993,-79.9768066409999,0
			-6.75819396899993,-79.977081299,0
			-6.75791597299997,-79.977081299,0
			-6.75791597299997,-79.977363587,0
			-6.75763797699994,-79.977363587,0
			-6.75763797699994,-79.977638245,0
			-6.75624990499995,-79.977638245,0
			-6.75624990499995,-79.9790267949999,0
			-6.75592183999981,-79.979049682,0
			-6.75597190899987,-79.9791641239999,0
			-6.75597190899987,-79.9795837389999,0
			-6.75569391199997,-79.9795837389999,0
			-6.75569391199997,-79.979858399,0
			-6.75541591599995,-79.979858399,0
			-6.75541591599995,-79.9804153429999,0
			-6.75513791999998,-79.9804153429999,0
			-6.75513791999998,-79.9806976309999,0
			-6.75485992499995,-79.9806976309999,0
			-6.75485992499995,-79.980972289,0
			-6.75458383499995,-79.980972289,0
			-6.75458383499995,-79.981246949,0
			-6.75430583899993,-79.981246949,0
			-6.75430583899993,-79.9815292349999,0
			-6.75402784299996,-79.9815292349999,0
			-6.75402784299996,-79.9820861809999,0
			-6.75374984799987,-79.9820861809999,0
			-6.75374984799987,-79.9823608389999,0
			-6.75347185199996,-79.9823608389999,0
			-6.75347185199996,-79.982635497,0
			-6.75319385399996,-79.982635497,0
			-6.75319385399996,-79.982917785,0
			-6.75263786299996,-79.982917785,0
			-6.75263786299996,-79.9831924429999,0
			-6.75236177499994,-79.9831924429999,0
			-6.75236177499994,-79.9834747309999,0
			-6.75208377699994,-79.9834747309999,0
			-6.75208377699994,-79.983749389,0
			-6.75180578199996,-79.983749389,0
			-6.75180578199996,-79.9840240469999,0
			-6.75152778599994,-79.9840240469999,0
			-6.75152778599994,-79.9843063349999,0
			-6.75124978999997,-79.9843063349999,0
			-6.75124978999997,-79.984580993,0
			-6.75097179499994,-79.984580993,0
			-6.75097179499994,-79.9848632809999,0
			-6.75069379699994,-79.9848632809999,0
			-6.75069379699994,-79.9851379389999,0
			-6.75041580199996,-79.9851379389999,0
			-6.75041580199996,-79.9854202269999,0
			-6.7501401909999,-79.9854202269999,0
			-6.7501401909999,-79.985694885,0
			-6.7498621929999,-79.985694885,0
			-6.7498621929999,-79.9859695429999,0
			-6.74958419799998,-79.9859695429999,0
			-6.74958419799998,-79.9862518309999,0
			-6.7493062019999,-79.9862518309999,0
			-6.7493062019999,-79.986526489,0
			-6.74902820599982,-79.986526489,0
			-6.74902820599982,-79.986808777,0
			-6.74875020899998,-79.986808777,0
			-6.74875020899998,-79.9870834349999,0
			-6.7484722129999,-79.9870834349999,0
			-6.7484722129999,-79.987358093,0
			-6.74819278699988,-79.987358093,0
			-6.74819278699988,-79.9876403809999,0
			-6.74791812899997,-79.9876403809999,0
			-6.74791812899997,-79.9879150389999,0
			-6.74764013399988,-79.9879150389999,0
			-6.74764013399988,-79.9881973269999,0
			-6.74736213599988,-79.9881973269999,0
			-6.74736213599988,-79.9887466429999,0
			-6.74708413999997,-79.9887466429999,0
			-6.74708413999997,-79.989303589,0
			-6.74680518999992,-79.989303589,0
			-6.74680518999992,-79.990135193,0
			-6.7465271939999,-79.990135193,0
			-6.7465271939999,-79.9906921389999,0
			-6.74624919899992,-79.9906921389999,0
			-6.74624919899992,-79.9912490849999,0
			-6.7459712029999,-79.9912490849999,0
			-6.7459712029999,-79.991806029,0
			-6.74569606799997,-79.991806029,0
			-6.74569606799997,-79.992362976,0
			-6.74541711699993,-79.992362976,0
			-6.74541711699993,-79.992637633,0
			-6.7451391219999,-79.992637633,0
			-6.7451391219999,-79.99319458,0
			-6.74485921899992,-79.99319458,0
			-6.74485921899992,-79.9934692369999,0
			-6.74458122299995,-79.9934692369999,0
			-6.74458312999991,-79.9937515259999,0
			-6.7443051329999,-79.9937515259999,0
			-6.7443051329999,-79.9943084719999,0
			-6.74402713699993,-79.9943084719999,0
			-6.74402713699993,-79.9945831299999,0
			-6.7437491419999,-79.9945831299999,0
			-6.7437491419999,-79.9948577869999,0
			-6.74347114599993,-79.9948577869999,0
			-6.74347114599993,-79.995140076,0
			-6.74291705999991,-79.995140076,0
			-6.74291705999991,-79.995414733,0
			-6.74263906499993,-79.995414733,0
			-6.74263906499993,-79.9956970219999,0
			-6.74208307299989,-79.9956970219999,0
			-6.74208307299989,-79.99597168,0
			-6.74152707999991,-79.99597168,0
			-6.74152707999991,-79.9962463369999,0
			-6.74124908399995,-79.9962463369999,0
			-6.74124908399995,-79.9965286259999,0
			-6.74097108899991,-79.9965286259999,0
			-6.74097299599993,-79.9970855719999,0
			-6.74069499899997,-79.9970855719999,0
			-6.74069499899997,-79.9973602299999,0
			-6.74041700299989,-79.9973602299999,0
			-6.74041700299989,-79.997917176,0
			-6.74013900699993,-79.997917176,0
			-6.74013900699993,-79.9981918339999,0
			-6.73986101199989,-79.9981918339999,0
			-6.73986101199989,-79.9984741219999,0
			-6.73958301599993,-79.9984741219999,0
			-6.73958301599993,-79.999031068,0
			-6.73930501899991,-79.999031068,0
			-6.73930501899991,-79.9993057259999,0
			-6.73902702299984,-79.9993057259999,0
			-6.73902702299984,-79.9998626719999,0
			-6.73847103199995,-79.9998626719999,0
			-6.73847103199995,-80.0001373299999,0
			-6.73847293899991,-80.0012512219999,0
			-6.73819494199989,-80.0012512219999,0
			-6.73819494199989,-80.0020828259999,0
			-6.73791694599993,-80.0020828259999,0
			-6.73791694599993,-80.002357484,0
			-6.7376389499999,-80.002357484,0
			-6.7376389499999,-80.00263977,0
			-6.73736095499993,-80.00263977,0
			-6.73736095499993,-80.0029144299999,0
			-6.73708295899991,-80.0029144299999,0
			-6.73708295899991,-80.0034713739999,0
			-6.7368049609999,-80.0034713739999,0
			-6.7368049609999,-80.00402832,0
			-6.73652887299988,-80.00402832,0
			-6.73652887299988,-80.0043029779999,0
			-6.73597288199988,-80.0043029779999,0
			-6.73597288199988,-80.0045852659999,0
			-6.73569488399988,-80.0045852659999,0
			-6.73569488399988,-80.004859924,0
			-6.73541688899991,-80.004859924,0
			-6.73541688899991,-80.005142212,0
			-6.73513889299983,-80.005142212,0
			-6.73513889299983,-80.00541687,0
			-6.73458194699992,-80.00541687,0
			-6.73458194699992,-80.0056915279999,0
			-6.73430395099984,-80.0056915279999,0
			-6.73430395099984,-80.0059738159999,0
			-6.73402881599998,-80.0059738159999,0
			-6.73402881599998,-80.0065307619998,0
			-6.7337508199999,-80.0065307619998,0
			-6.7337508199999,-80.0068054199999,0
			-6.73347282499998,-80.0068054199999,0
			-6.73347282499998,-80.0070800779999,0
			-6.73319387399994,-80.0070800779999,0
			-6.73319387399994,-80.00819397,0
			-6.7329158789999,-80.00819397,0
			-6.7329158789999,-80.0084686279999,0
			-6.7320818899999,-80.0084686279999,0
			-6.7320818899999,-80.0087509159999,0
			-6.73180389399994,-80.0087509159999,0
			-6.73180389399994,-80.0090255739998,0
			-6.73152780399994,-80.0090255739998,0
			-6.73152780399994,-80.009307862,0
			-6.73124980899991,-80.009307862,0
			-6.73124980899991,-80.0095825199999,0
			-6.73097181299994,-80.0095825199999,0
			-6.73097181299994,-80.0098648079999,0
			-6.73069381699992,-80.0098648079999,0
			-6.73069381699992,-80.0101394659999,0
			-6.73041582199994,-80.0101394659999,0
			-6.73041582199994,-80.010414124,0
			-6.72985982799992,-80.010414124,0
			-6.72986221299993,-80.010696412,0
			-6.72958421799996,-80.010696412,0
			-6.72958421799996,-80.011253358,0
			-6.72930621999996,-80.011253358,0
			-6.72930621999996,-80.011802674,0
			-6.72902822399993,-80.011802674,0
			-6.72902822399993,-80.0123596199999,0
			-6.72875022899996,-80.0123596199999,0
			-6.72875022899996,-80.0129165659998,0
			-6.72847223299993,-80.0129165659998,0
			-6.72847223299993,-80.013191224,0
			-6.72819423699997,-80.013191224,0
			-6.72819423699997,-80.01347351,0
			-6.72791576399993,-80.01347351,0
			-6.72791576399993,-80.0140304559999,0
			-6.72763776699992,-80.0140304559999,0
			-6.72763776699992,-80.014305114,0
			-6.72735977099995,-80.014305114,0
			-6.72735977099995,-80.014579774,0
			-6.72708177599992,-80.014579774,0
			-6.72708415999995,-80.0148620599999,0
			-6.72680616299994,-80.0148620599999,0
			-6.72680616299994,-80.015136718,0
			-6.72652816699997,-80.015136718,0
			-6.72652816699997,-80.0154190059999,0
			-6.72597217599997,-80.0154190059999,0
			-6.72597217599997,-80.0156936639999,0
			-6.72569417999995,-80.0156936639999,0
			-6.72569417999995,-80.0159759519999,0
			-6.72541618299988,-80.0159759519999,0
			-6.72541618299988,-80.01625061,0
			-6.72513818699997,-80.01625061,0
			-6.72513818699997,-80.0168075559999,0
			-6.72486019099995,-80.0168075559999,0
			-6.72486019099995,-80.017082214,0
			-6.72458219599997,-80.017082214,0
			-6.72458410299993,-80.017364502,0
			-6.72430610599997,-80.017364502,0
			-6.72430610599997,-80.0176391599999,0
			-6.72402810999995,-80.0176391599999,0
			-6.72402810999995,-80.017913818,0
			-6.72375011399987,-80.017913818,0
			-6.72375011399987,-80.0187530519999,0
			-6.72347211899995,-80.0187530519999,0
			-6.72347211899995,-80.01902771,0
			-6.72319412099995,-80.01902771,0
			-6.72319412099995,-80.0195846559999,0
			-6.72291612599997,-80.0195846559999,0
			-6.72291612599997,-80.019859314,0
			-6.72236204199993,-80.019859314,0
			-6.72236204199993,-80.020141602,0
			-6.72180604899995,-80.020141602,0
			-6.72180604899995,-80.0204162599999,0
			-6.72152805299987,-80.0204162599999,0
			-6.72152805299987,-80.020690918,0
			-6.72125005699996,-80.020690918,0
			-6.72125005699996,-80.020973206,0
			-6.72097110699997,-80.020973206,0
			-6.72097110699997,-80.0212478639999,0
			-6.72069311099989,-80.0212478639999,0
			-6.72069311099989,-80.0215301519999,0
			-6.72041797599996,-80.0215301519999,0
			-6.72041797599996,-80.022087098,0
			-6.71986198499997,-80.022087098,0
			-6.71986198499997,-80.0223617559999,0
			-6.71958303399987,-80.0223617559999,0
			-6.71958303399987,-80.022636414,0
			-6.71930503899995,-80.022636414,0
			-6.71930503899995,-80.022918702,0
			-6.71874904499998,-80.022918702,0
			-6.71874904499998,-80.023475646,0
			-6.71847104999995,-80.023475646,0
			-6.71847104999995,-80.0245819099999,0
			-6.71819496199987,-80.0245819099999,0
			-6.71819496199987,-80.0248641959998,0
			-6.71791696599996,-80.0248641959998,0
			-6.71791696599996,-80.0251388559999,0
			-6.71763896799996,-80.0251388559999,0
			-6.71763896799996,-80.025413514,0
			-6.71736097299987,-80.025413514,0
			-6.71736097299987,-80.0256957999999,0
			-6.71680498099988,-80.0256957999999,0
			-6.71680498099988,-80.0259704599999,0
			-6.71597289999994,-80.0259704599999,0
			-6.71597289999994,-80.026252746,0
			-6.71541690899994,-80.026252746,0
			-6.71541690899994,-80.026527404,0
			-6.71486091599996,-80.026527404,0
			-6.71486091599996,-80.0273590079998,0
			-6.71458291999994,-80.0273590079998,0
			-6.71458291999994,-80.0276412959998,0
			-6.71430492399998,-80.0276412959998,0
			-6.71430492399998,-80.0279159539999,0
			-6.71402692899989,-80.0279159539999,0
			-6.71402692899989,-80.0281906119999,0
			-6.71347284299998,-80.0281982419999,0
			-6.71347284299998,-80.0284728999999,0
			-6.71319484699995,-80.0284728999999,0
			-6.71319484699995,-80.028747558,0
			-6.71291685199998,-80.028747558,0
			-6.71291685199998,-80.0301361079999,0
			-6.71263885399998,-80.0301361079999,0
			-6.71263885399998,-80.030418396,0
			-6.71236085799995,-80.030418396,0
			-6.71236085799995,-80.0306930539999,0
			-6.71180486699996,-80.0306930539999,0
			-6.71180486699996,-80.0309753419999,0
			-6.71152687099988,-80.0309753419999,0
			-6.71152687099988,-80.0312499999999,0
			-6.71125078099993,-80.0312499999999,0
			-6.71125078099993,-80.031806946,0
			-6.71097278599996,-80.031806946,0
			-6.71097278599996,-80.0326385499999,0
			-6.71041679399997,-80.0326385499999,0
			-6.71041679399997,-80.032913208,0
			-6.71013879699996,-80.032913208,0
			-6.71013879699996,-80.033195496,0
			-6.70986080099988,-80.033195496,0
			-6.70986080099988,-80.0334701539999,0
			-6.70958280599996,-80.0334701539999,0
			-6.70958280599996,-80.0337524419999,0
			-6.70930719299997,-80.0337524419999,0
			-6.70930719299997,-80.0340270999998,0
			-6.70902919699989,-80.0340270999998,0
			-6.70902919699989,-80.034301758,0
			-6.70875120199997,-80.034301758,0
			-6.70875120199997,-80.0345840459999,0
			-6.70847320599989,-80.0345840459999,0
			-6.70847320599989,-80.034858704,0
			-6.70819520799989,-80.034858704,0
			-6.70819520799989,-80.035140992,0
			-6.70791721299992,-80.035140992,0
			-6.70791721299992,-80.0370864859999,0
			-6.70708179399998,-80.0370864859999,0
			-6.70708179399998,-80.0368041999998,0
			-6.70652913999993,-80.0368041999998,0
			-6.70652913999993,-80.0370864859999,0
			-6.70625114399991,-80.0370864859999,0
			-6.70625114399991,-80.037361144,0
			-6.70597219399991,-80.037361144,0
			-6.70597219399991,-80.0379180899999,0
			-6.70625114399991,-80.0379180899999,0
			-6.70625114399991,-80.0393066399999,0
			-6.70597219399991,-80.0393066399999,0
			-6.70597219399991,-80.0395812979999,0
			-6.70569419799995,-80.0395812979999,0
			-6.70569419799995,-80.0398635859999,0
			-6.70541620299991,-80.0398635859999,0
			-6.70541620299991,-80.0401382439999,0
			-6.70486020899995,-80.0401382439999,0
			-6.70486020899995,-80.0404129019999,0
			-6.70458221399991,-80.0404129019999,0
			-6.70458221399991,-80.0406951899999,0
			-6.70402622299991,-80.0406951899999,0
			-6.70402622299991,-80.0418090819999,0
			-6.70374822699995,-80.0418090819999,0
			-6.70374822699995,-80.04208374,0
			-6.70263814999993,-80.04208374,0
			-6.70263814999993,-80.0423583979999,0
			-6.70236015199993,-80.0423583979999,0
			-6.70236015199993,-80.0426406859999,0
			-6.70208215699995,-80.0426406859999,0
			-6.70208215699995,-80.043197632,0
			-6.70236015199993,-80.043197632,0
			-6.70236015199993,-80.044029236,0
			-6.70208215699995,-80.044029236,0
			-6.70208215699995,-80.0443038939999,0
			-6.70180606899993,-80.0443038939999,0
			-6.70180606899993,-80.0451354979999,0
			-6.70152807299991,-80.0451354979999,0
			-6.70152807299991,-80.0454177859999,0
			-6.7012500749999,-80.0454177859999,0
			-6.7012500749999,-80.0456924439999,0
			-6.70097207999993,-80.0456924439999,0
			-6.70097207999993,-80.0459747319999,0
			-6.70069408399991,-80.0459747319999,0
			-6.70069408399991,-80.0462493899999,0
			-6.70041608799994,-80.0462493899999,0
			-6.70041608799994,-80.046524048,0
			-6.70013809299991,-80.046524048,0
			-6.70013809299991,-80.046806336,0
			-6.69986009499991,-80.046806336,0
			-6.69986200299991,-80.04736328,0
			-6.69958400699983,-80.04736328,0
			-6.69958400699983,-80.04763794,0
			-6.69930601099992,-80.04763794,0
			-6.69930601099992,-80.0481948839999,0
			-6.69902801599994,-80.0481948839999,0
			-6.69902801599994,-80.0484695439999,0
			-6.69875001799994,-80.0484695439999,0
			-6.69875001799994,-80.0487518299998,0
			-6.69847202299991,-80.0487518299998,0
			-6.69847202299991,-80.0493087759999,0
			-6.69819402699994,-80.0493087759999,0
			-6.69819402699994,-80.0495834339999,0
			-6.69736003799994,-80.0495834339999,0
			-6.69736003799994,-80.049858092,0
			-6.69652795899992,-80.049858092,0
			-6.69652795899992,-80.050415038,0
			-6.69624996099992,-80.050415038,0
			-6.69624996099992,-80.0518035879999,0
			-6.69569396999992,-80.0518035879999,0
			-6.69569396999992,-80.0523605339999,0
			-6.69541597399984,-80.0523605339999,0
			-6.69541597399984,-80.052635192,0
			-6.6951398839999,-80.052635192,0
			-6.6951398839999,-80.053192138,0
			-6.69486188799993,-80.053192138,0
			-6.69486188799993,-80.053474426,0
			-6.6945838929999,-80.053474426,0
			-6.6945838929999,-80.0537490839999,0
			-6.69430589699994,-80.0537490839999,0
			-6.69430589699994,-80.0540313719999,0
			-6.69402790099991,-80.0540313719999,0
			-6.69402790099991,-80.0545806879999,0
			-6.69374895099992,-80.0545806879999,0
			-6.69374895099992,-80.0548629759999,0
			-6.69347095499995,-80.0548629759999,0
			-6.69347095499995,-80.0551376339998,0
			-6.69291782399989,-80.0551376339998,0
			-6.69291782399989,-80.0556945799999,0
			-6.69263982699994,-80.0556945799999,0
			-6.69263982699994,-80.055969238,0
			-6.69236087799993,-80.055969238,0
			-6.69236087799993,-80.0565261839999,0
			-6.69208288099992,-80.0565261839999,0
			-6.69208288099992,-80.0568084729999,0
			-6.69180488499995,-80.0568084729999,0
			-6.69180488499995,-80.05708313,0
			-6.69152688999992,-80.05708313,0
			-6.69152688999992,-80.0573577879999,0
			-6.69097089799993,-80.0573577879999,0
			-6.69097089799993,-80.0576400759999,0
			-6.6904168129999,-80.0576400759999,0
			-6.6904168129999,-80.0587463379999,0
			-6.69013881699993,-80.0587463379999,0
			-6.69013881699993,-80.059303284,0
			-6.68986082099991,-80.059303284,0
			-6.68986082099991,-80.059585571,0
			-6.68958282399984,-80.059585571,0
			-6.68958282399984,-80.060142517,0
			-6.68930482799993,-80.060142517,0
			-6.68930482799993,-80.060691834,0
			-6.68902683199991,-80.060691834,0
			-6.68902683199991,-80.0609741209998,0
			-6.68847322399995,-80.0609741209998,0
			-6.68847322399995,-80.061248779,0
			-6.68819522799987,-80.061248779,0
			-6.68819522799987,-80.0618057249999,0
			-6.68791723299995,-80.0618057249999,0
			-6.68791723299995,-80.062080382,0
			-6.68763923699987,-80.062080382,0
			-6.68763923699987,-80.062362671,0
			-6.68736076399995,-80.062362671,0
			-6.68736076399995,-80.062919617,0
			-6.68708276599995,-80.062919617,0
			-6.68708276599995,-80.0631942749999,0
			-6.68652677499995,-80.0631942749999,0
			-6.68652677499995,-80.0640258789999,0
			-6.68624877999991,-80.0640258789999,0
			-6.68625116199996,-80.0643081669999,0
			-6.68569517099996,-80.0643081669999,0
			-6.68569517099996,-80.0645828249999,0
			-6.68513917999996,-80.0645828249999,0
			-6.68513917999996,-80.064857483,0
			-6.68458318699987,-80.064857483,0
			-6.68458318699987,-80.065139771,0
			-6.68430519099996,-80.065139771,0
			-6.68430519099996,-80.065414429,0
			-6.68402719499989,-80.065414429,0
			-6.68402719499989,-80.065696717,0
			-6.68374919799987,-80.065696717,0
			-6.68375110499994,-80.0659713749999,0
			-6.68319511399994,-80.0659713749999,0
			-6.68319511399994,-80.0662536629999,0
			-6.68291711799998,-80.0662536629999,0
			-6.68291711799998,-80.066528321,0
			-6.68263912299994,-80.066528321,0
			-6.68263912299994,-80.0673599249999,0
			-6.68374919799987,-80.0673599249999,0
			-6.68375110499994,-80.068473817,0
			-6.68291711799998,-80.068473817,0
			-6.68291711799998,-80.0687484749999,0
			-6.68263912299994,-80.0687484749999,0
			-6.68263912299994,-80.069305421,0
			-6.68236112499994,-80.069305421,0
			-6.68236112499994,-80.0695800789999,0
			-6.68208312999997,-80.0695800789999,0
			-6.68208312999997,-80.0701370249998,0
			-6.68180513399989,-80.0701370249998,0
			-6.68180513399989,-80.0704193109999,0
			-6.68152904599998,-80.0704193109999,0
			-6.68152904599998,-80.0709686289999,0
			-6.68125104799998,-80.0709686289999,0
			-6.68125104799998,-80.0712509149999,0
			-6.68069505699998,-80.0712509149999,0
			-6.68069505699998,-80.071525575,0
			-6.68013811099996,-80.071525575,0
			-6.68013811099996,-80.071807861,0
			-6.67986011499988,-80.071807861,0
			-6.67986011499988,-80.0723648069999,0
			-6.67958497999996,-80.0723648069999,0
			-6.67958211999996,-80.0729141229999,0
			-6.67930698399994,-80.0729141229999,0
			-6.67930698399994,-80.0731964109999,0
			-6.67902898899996,-80.0731964109999,0
			-6.67902898899996,-80.0734710689999,0
			-6.67875003799998,-80.0734710689999,0
			-6.67875003799998,-80.073753357,0
			-6.67847204299989,-80.073753357,0
			-6.67847204299989,-80.074302673,0
			-6.67791604899998,-80.074302673,0
			-6.67791604899998,-80.074584961,0
			-6.67763805399989,-80.074584961,0
			-6.67763805399989,-80.0748596189999,0
			-6.67736005799998,-80.0748596189999,0
			-6.67736005799998,-80.0751419069999,0
			-6.67708396799998,-80.0751419069999,0
			-6.67708396799998,-80.075416565,0
			-6.67680597199995,-80.075416565,0
			-6.67680597199995,-80.0759735109999,0
			-6.67652797699998,-80.0759735109999,0
			-6.67652797699998,-80.076530457,0
			-6.67624998099996,-80.076530457,0
			-6.67624998099996,-80.0768051149999,0
			-6.67597198499988,-80.0768051149999,0
			-6.67597198499988,-80.077079773,0
			-6.67569398799998,-80.077079773,0
			-6.67569398799998,-80.077362061,0
			-6.67541599199996,-80.077362061,0
			-6.67541599199996,-80.0779190069999,0
			-6.67513799699998,-80.0779190069999,0
			-6.67513799699998,-80.078193665,0
			-6.67486000099996,-80.078193665,0
			-6.67486000099996,-80.078475953,0
			-6.67458391099996,-80.078475953,0
			-6.67458391099996,-80.0787506109999,0
			-6.67430591499988,-80.0787506109999,0
			-6.67430591499988,-80.0790252689999,0
			-6.67402791999996,-80.0790252689999,0
			-6.67402791999996,-80.0793075569999,0
			-6.67374992399988,-80.0793075569999,0
			-6.67374992399988,-80.0798645029999,0
			-6.67347192799997,-80.0798645029999,0
			-6.67347192799997,-80.080139161,0
			-6.67319393099996,-80.080139161,0
			-6.67319393099996,-80.0815277109999,0
			-6.67291593499988,-80.0815277109999,0
			-6.67291593499988,-80.0818023689999,0
			-6.67263793899997,-80.0818023689999,0
			-6.67263793899997,-80.0820846549998,0
			-6.67235994399988,-80.0820846549998,0
			-6.67235994399988,-80.0823593149999,0
			-6.67208385399988,-80.0823593149999,0
			-6.67208385399988,-80.0826416009999,0
			-6.67180585799997,-80.0826416009999,0
			-6.67180585799997,-80.0831909189999,0
			-6.67152786199995,-80.0831909189999,0
			-6.67152786199995,-80.083747863,0
			-6.67124986699997,-80.083747863,0
			-6.67124986699997,-80.084030151,0
			-6.67097187099995,-80.084030151,0
			-6.67097187099995,-80.0845870969999,0
			-6.67041778499987,-80.0845870969999,0
			-6.67041778499987,-80.0851364129999,0
			-6.67069387299989,-80.0851364129999,0
			-6.67069387299989,-80.0856933589999,0
			-6.67041778499987,-80.0856933589999,0
			-6.67041778499987,-80.0859756469999,0
			-6.66986179399987,-80.0859756469999,0
			-6.66986179399987,-80.086250305,0
			-6.66930580099995,-80.086250305,0
			-6.66930580099995,-80.086524963,0
			-6.66902780499987,-80.086524963,0
			-6.66902780499987,-80.086807251,0
			-6.66874980999995,-80.086807251,0
			-6.66874980999995,-80.0873641969999,0
			-6.66902780499987,-80.0873641969999,0
			-6.66902780499987,-80.087638855,0
			-6.66874980999995,-80.087638855,0
			-6.66874980999995,-80.089584351,0
			-6.66847181399987,-80.089584351,0
			-6.66847181399987,-80.0901412969999,0
			-6.66819381599987,-80.0901412969999,0
			-6.66819381599987,-80.090415955,0
			-6.66764020999989,-80.090415955,0
			-6.66764020999989,-80.0906906129999,0
			-6.66708421699991,-80.090698243,0
			-6.66708421699991,-80.0918045049999,0
			-6.66680622099994,-80.0918045049999,0
			-6.66680622099994,-80.092361451,0
			-6.66652679299989,-80.092361451,0
			-6.66652679299989,-80.092636109,0
			-6.66624879799997,-80.092636109,0
			-6.66624879799997,-80.092918395,0
			-6.66569280599998,-80.092918395,0
			-6.66569280599998,-80.093193055,0
			-6.6654181479999,-80.093193055,0
			-6.6654181479999,-80.0945816029999,0
			-6.66513919799991,-80.0945816029999,0
			-6.66513919799991,-80.094863891,0
			-6.66486120199994,-80.094863891,0
			-6.66486120199994,-80.095413209,0
			-6.66458320699991,-80.095413209,0
			-6.66458320699991,-80.095695495,0
			-6.66430520899991,-80.095695495,0
			-6.66430520899991,-80.0959701529999,0
			-6.66374921799985,-80.0959701529999,0
			-6.66374921799985,-80.0962524409999,0
			-6.66347122199994,-80.0962524409999,0
			-6.66347122199994,-80.096527099,0
			-6.66319322699997,-80.096527099,0
			-6.66319322699997,-80.0968017569999,0
			-6.66263723299994,-80.0968017569999,0
			-6.66263723299994,-80.0970840449999,0
			-6.66235923799996,-80.0970840449999,0
			-6.66235923799996,-80.098472595,0
			-6.66208076499993,-80.098472595,0
			-6.66208314999994,-80.099586487,0
			-6.66152715599992,-80.099586487,0
			-6.66152715599992,-80.0998611449999,0
			-6.66124916099994,-80.0998611449999,0
			-6.66124916099994,-80.1004180909999,0
			-6.66152715599992,-80.1004180909999,0
			-6.66152715599992,-80.1006927489999,0
			-6.66124916099994,-80.1006927489999,0
			-6.66124916099994,-80.1015243529999,0
			-6.66069507499992,-80.1015243529999,0
			-6.66069507499992,-80.1018066409999,0
			-6.66013908399992,-80.1018066409999,0
			-6.66013908399992,-80.102363587,0
			-6.65958309199993,-80.102363587,0
			-6.65958309199993,-80.1026382449999,0
			-6.65930509499992,-80.1026382449999,0
			-6.65930509499992,-80.1029129029999,0
			-6.65902709899996,-80.1029129029999,0
			-6.65902709899996,-80.1031951909999,0
			-6.65874910399992,-80.1031951909999,0
			-6.65874910399992,-80.1034698489999,0
			-6.65847110799996,-80.1034698489999,0
			-6.65847301499991,-80.1037521349999,0
			-6.6581950179999,-80.1037521349999,0
			-6.6581950179999,-80.1043090809999,0
			-6.65791702199994,-80.1043090809999,0
			-6.65791702199994,-80.1045837409999,0
			-6.6576390269999,-80.1045837409999,0
			-6.6576390269999,-80.104858399,0
			-6.65736103099994,-80.104858399,0
			-6.65736103099994,-80.105140685,0
			-6.65652704199994,-80.105140685,0
			-6.65652704199994,-80.1068038929999,0
			-6.65680503799996,-80.1068038929999,0
			-6.65680503799996,-80.107635497,0
			-6.65652894999994,-80.107635497,0
			-6.65652704199994,-80.107917785,0
			-6.65624904599991,-80.107917785,0
			-6.65624904599991,-80.1084747309999,0
			-6.65597105099994,-80.1084747309999,0
			-6.65597295799984,-80.1090240469999,0
			-6.65569496099994,-80.1090240469999,0
			-6.65569496099994,-80.1093063349999,0
			-6.65541696499992,-80.1093063349999,0
			-6.65541696499992,-80.1095809929999,0
			-6.65513896899995,-80.1095809929999,0
			-6.65513896899995,-80.1098632809998,0
			-6.65486097399992,-80.1098632809998,0
			-6.65486097399992,-80.1104202269999,0
			-6.65458297599992,-80.1104202269999,0
			-6.65458297599992,-80.110694885,0
			-6.65430402799996,-80.110694885,0
			-6.65430688799989,-80.110969543,0
			-6.65402603199993,-80.110969543,0
			-6.65402889199993,-80.1112518309999,0
			-6.65319490299993,-80.1112518309999,0
			-6.65319490299993,-80.111526489,0
			-6.65291595499991,-80.111526489,0
			-6.65291595499991,-80.1131973269999,0
			-6.65263795699985,-80.1131973269999,0
			-6.65263795699985,-80.114303589,0
			-6.65235996199993,-80.114303589,0
			-6.65235996199993,-80.114585877,0
			-6.65180683099993,-80.114585877,0
			-6.65180683099993,-80.1148605349999,0
			-6.65097188899995,-80.1148605349999,0
			-6.65097188899995,-80.114585877,0
			-6.65069389399991,-80.114585877,0
			-6.65069389399991,-80.1148605349999,0
			-6.65041589799995,-80.1148605349999,0
			-6.65041589799995,-80.1151351929998,0
			-6.65013789999995,-80.1151351929998,0
			-6.65013789999995,-80.115417481,0
			-6.64986705699994,-80.115417481,0
			-6.64986199999993,-80.116249,0
			-6.65013799999997,-80.116249,0
			-6.65013799999997,-80.1168059999999,0
			-6.65069399999993,-80.1168059999999,0
			-6.65069399999993,-80.118195,0
			-6.65041599999995,-80.118195,0
			-6.65041599999995,-80.1184689999999,0
			-6.65013799999997,-80.1184689999999,0
			-6.65013799999997,-80.118752,0
			-6.64986199999993,-80.118752,0
			-6.64986199999993,-80.1184689999999,0
			-6.64902799999993,-80.1184689999999,0
			-6.64902799999993,-80.118752,0
			-6.64847199999997,-80.118752,0
			-6.64847199999997,-80.1193079999999,0
			-6.64819399999993,-80.1193079999999,0
			-6.64819399999993,-80.119583,0
			-6.64791599999995,-80.119583,0
			-6.64791599999995,-80.120415,0
			-6.64736199999993,-80.120415,0
			-6.64736199999993,-80.120697,0
			-6.64708399999995,-80.120697,0
			-6.64708399999995,-80.1209719999999,0
			-6.64680599999997,-80.1209719999999,0
			-6.64680599999997,-80.121529,0
			-6.64652799999993,-80.121529,0
			-6.64652799999993,-80.1218029999999,0
			-6.64624999999995,-80.1218029999999,0
			-6.64624999999995,-80.12236,0
			-6.64597199999997,-80.12236,0
			-6.64597199999997,-80.1226429999999,0
			-6.64569399999993,-80.1226429999999,0
			-6.64569399999993,-80.122917,0
			-6.64541599999995,-80.122917,0
			-6.64541599999995,-80.123749,0
			-6.64513799999997,-80.123749,0
			-6.64513799999997,-80.1240309999999,0
			-6.64485999999994,-80.1240309999999,0
			-6.64486199999993,-80.1243059999999,0
			-6.64430599999997,-80.1243059999999,0
			-6.64430599999997,-80.12458,0
			-6.64347199999997,-80.12458,0
			-6.64347199999997,-80.1248629999999,0
			-6.64319399999994,-80.1248629999999,0
			-6.64319399999994,-80.1254199999998,0
			-6.64263799999998,-80.1254199999998,0
			-6.64263799999998,-80.125694,0
			-6.64236199999993,-80.125694,0
			-6.64236199999993,-80.126526,0
			-6.64208399999995,-80.126526,0
			-6.64208399999995,-80.1284709999999,0
			-6.64180599999997,-80.1284709999999,0
			-6.64180599999997,-80.1290279999999,0
			-6.64152799999994,-80.1290279999999,0
			-6.64152799999994,-80.1293029999999,0
			-6.64124999999996,-80.1293029999999,0
			-6.64124999999996,-80.1295849999998,0
			-6.64152799999994,-80.1295849999998,0
			-6.64152799999994,-80.130417,0
			-6.64069599999993,-80.130417,0
			-6.64069599999993,-80.130692,0
			-6.64041799999995,-80.130692,0
			-6.64041799999995,-80.131248,0
			-6.64069599999993,-80.131248,0
			-6.64069599999993,-80.1318049999999,0
			-6.64041799999995,-80.1318049999999,0
			-6.64041799999995,-80.1323619999999,0
			-6.64013999999997,-80.1323619999999,0
			-6.64013999999997,-80.1326369999999,0
			-6.63986199999994,-80.1326369999999,0
			-6.63986199999994,-80.1329189999999,0
			-6.63930499999998,-80.1329189999999,0
			-6.63930499999998,-80.1331939999999,0
			-6.63902699999988,-80.1331939999999,0
			-6.63902699999988,-80.1334689999999,0
			-6.63847099999998,-80.1334689999999,0
			-6.63847099999998,-80.1337509999998,0
			-6.63819599999994,-80.1337509999998,0
			-6.63819599999994,-80.1340259999999,0
			-6.63791699999996,-80.1340259999999,0
			-6.63791699999996,-80.1343079999999,0
			-6.63736099999988,-80.1343079999999,0
			-6.63736099999988,-80.1348649999999,0
			-6.63680499999998,-80.1348649999999,0
			-6.63680499999998,-80.1351389999999,0
			-6.63652699999989,-80.1351389999999,0
			-6.63652699999989,-80.135414,0
			-6.63624899999996,-80.135414,0
			-6.63624899999996,-80.1356959999999,0
			-6.63597099999987,-80.1356959999999,0
			-6.63597099999987,-80.1365279999999,0
			-6.63541699999996,-80.1365279999999,0
			-6.63541699999996,-80.1370849999999,0
			-6.63569499999988,-80.1370849999999,0
			-6.63569499999988,-80.1373599999999,0
			-6.63541699999996,-80.1373599999999,0
			-6.63541699999996,-80.1376419999999,0
			-6.63513899999998,-80.1376419999999,0
			-6.63513899999998,-80.1379169999999,0
			-6.63486099999989,-80.1379169999999,0
			-6.63486099999989,-80.1381909999999,0
			-6.63458299999996,-80.1381909999999,0
			-6.63458299999996,-80.1384739999999,0
			-6.63430499999987,-80.1384739999999,0
			-6.63430499999987,-80.1387479999999,0
			-6.63402699999989,-80.1387479999999,0
			-6.63402699999989,-80.1390299999999,0
			-6.63347299999998,-80.1390299999999,0
			-6.63347099999982,-80.1393049999999,0
			-6.63319499999989,-80.1393049999999,0
			-6.63319499999989,-80.1398619999999,0
			-6.63291699999996,-80.1398619999999,0
			-6.63291699999996,-80.1404189999999,0
			-6.63263899999987,-80.1404189999999,0
			-6.63263899999987,-80.1406939999999,0
			-6.63236099999989,-80.1406939999999,0
			-6.63236099999989,-80.140976,0
			-6.63208299999997,-80.140976,0
			-6.63208299999997,-80.1415249999999,0
			-6.63180499999982,-80.1415249999999,0
			-6.63180499999982,-80.141808,0
			-6.63152699999989,-80.141808,0
			-6.63152699999989,-80.142365,0
			-6.63125099999996,-80.142365,0
			-6.63125099999996,-80.1426389999999,0
			-6.63097299999987,-80.1426389999999,0
			-6.63097299999987,-80.143196,0
			-6.63069499999989,-80.143196,0
			-6.63069499999989,-80.1429139999998,0
			-6.63041699999997,-80.1429139999998,0
			-6.63041699999997,-80.1434709999999,0
			-6.63013899999982,-80.1434709999999,0
			-6.63013899999982,-80.1440279999999,0
			-6.62986099999989,-80.1440279999999,0
			-6.62986099999989,-80.1448589999999,0
			-6.62958299999997,-80.1448589999999,0
			-6.62958299999997,-80.1454159999999,0
			-6.62930499999993,-80.1454159999999,0
			-6.62930499999993,-80.145973,0
			-6.62902899999989,-80.145973,0
			-6.62902899999989,-80.14653,0
			-6.62875099999997,-80.14653,0
			-6.62875099999997,-80.1470869999999,0
			-6.62847299999981,-80.1470869999999,0
			-6.62847299999981,-80.147362,0
			-6.62819499999989,-80.147362,0
			-6.62819499999989,-80.1479189999999,0
			-6.62791699999997,-80.1479189999999,0
			-6.62791699999997,-80.1490249999999,0
			-6.62819499999989,-80.1490249999999,0
			-6.62819499999989,-80.149307,0
			-6.62791699999997,-80.149307,0
			-6.62791699999997,-80.1495819999999,0
			-6.62763899999993,-80.1495819999999,0
			-6.62763899999993,-80.149864,0
			-6.62736099999989,-80.149864,0
			-6.62736099999989,-80.150139,0
			-6.62708199999992,-80.150139,0
			-6.62708199999992,-80.1504139999999,0
			-6.62680699999981,-80.1504139999999,0
			-6.62680399999994,-80.1509699999999,0
			-6.62652899999989,-80.1509699999999,0
			-6.62652899999989,-80.1512529999999,0
			-6.62625099999997,-80.1512529999999,0
			-6.62625099999997,-80.151527,0
			-6.62597299999993,-80.151527,0
			-6.62597299999993,-80.1518019999999,0
			-6.6256939999999,-80.1518019999999,0
			-6.6256939999999,-80.1520839999999,0
			-6.62541599999992,-80.1520839999999,0
			-6.62541599999992,-80.152359,0
			-6.62513799999994,-80.152359,0
			-6.62513799999994,-80.152641,0
			-6.6248599999999,-80.152641,0
			-6.62486299999989,-80.1531909999999,0
			-6.62458199999992,-80.153198,0
			-6.62458199999992,-80.153473,0
			-6.62430599999993,-80.153473,0
			-6.62430599999993,-80.15403,0
			-6.62374999999992,-80.15403,0
			-6.62374999999992,-80.1545869999999,0
			-6.62347199999994,-80.1545869999999,0
			-6.62347199999994,-80.155136,0
			-6.6231939999999,-80.155136,0
			-6.6231939999999,-80.1554179999999,0
			-6.62291599999992,-80.1554179999999,0
			-6.62291599999992,-80.155975,0
			-6.62263799999994,-80.155975,0
			-6.62263799999994,-80.1562499999999,0
			-6.6223599999999,-80.1562499999999,0
			-6.6223599999999,-80.156525,0
			-6.62208199999992,-80.156525,0
			-6.62208199999992,-80.156807,0
			-6.62180399999994,-80.156807,0
			-6.62180399999994,-80.1570819999999,0
			-6.62152599999985,-80.1570819999999,0
			-6.62152599999985,-80.157364,0
			-6.62124999999992,-80.157364,0
			-6.62124999999992,-80.157639,0
			-6.62097199999994,-80.157639,0
			-6.62097199999994,-80.1579129999999,0
			-6.6206939999999,-80.1579129999999,0
			-6.6206939999999,-80.158195,0
			-6.62041599999992,-80.158195,0
			-6.62041599999992,-80.15847,0
			-6.62013999999994,-80.15847,0
			-6.62013799999994,-80.1587519999999,0
			-6.61985999999985,-80.1587519999999,0
			-6.61985999999985,-80.159027,0
			-6.61958199999992,-80.159027,0
			-6.61958399999992,-80.159302,0
			-6.61930599999994,-80.159302,0
			-6.61930599999994,-80.1595839999999,0
			-6.6190279999999,-80.1595839999999,0
			-6.6190279999999,-80.159859,0
			-6.61874999999992,-80.159859,0
			-6.61874999999992,-80.160141,0
			-6.61847199999994,-80.160141,0
			-6.61847199999994,-80.1604159999999,0
			-6.61819399999985,-80.1604159999999,0
			-6.61819399999985,-80.1606979999999,0
			-6.61791599999992,-80.1606979999999,0
			-6.61791599999992,-80.16153,0
			-6.61819399999985,-80.16153,0
			-6.61819399999985,-80.1620859999999,0
			-6.61791599999992,-80.1620859999999,0
			-6.61791599999992,-80.162636,0
			-6.61763799999994,-80.162636,0
			-6.61763799999994,-80.1629179999999,0
			-6.61735999999996,-80.1629179999999,0
			-6.6173619999999,-80.163193,0
			-6.61708399999992,-80.163193,0
			-6.61708399999992,-80.1634749999999,0
			-6.61680599999994,-80.1634749999999,0
			-6.61680599999994,-80.164024,0
			-6.61652799999985,-80.164024,0
			-6.61652799999985,-80.164307,0
			-6.61624999999992,-80.164307,0
			-6.61624999999992,-80.1645809999999,0
			-6.61597199999994,-80.1645809999999,0
			-6.61597199999994,-80.165695,0
			-6.61569399999996,-80.165695,0
			-6.61569399999996,-80.166527,0
			-6.61541599999993,-80.166527,0
			-6.61541599999993,-80.1670839999999,0
			-6.61513799999994,-80.1670839999999,0
			-6.61513799999994,-80.1668089999999,0
			-6.61485899999997,-80.1668089999999,0
			-6.61485899999997,-80.167358,0
			-6.61513799999994,-80.167358,0
			-6.61513999999994,-80.1681979999999,0
			-6.61458399999992,-80.1681979999999,0
			-6.61458399999992,-80.1687469999999,0
			-6.61430599999994,-80.1687469999999,0
			-6.61430599999994,-80.169304,0
			-6.61402799999996,-80.169304,0
			-6.61402799999996,-80.170135,0
			-6.61374999999992,-80.170135,0
			-6.61374999999992,-80.170692,0
			-6.61347099999995,-80.170692,0
			-6.61347099999995,-80.1709749999999,0
			-6.61291499999993,-80.1709749999999,0
			-6.61291499999993,-80.1712489999999,0
			-6.61263999999994,-80.1712489999999,0
			-6.61263999999994,-80.171524,0
			-6.61236199999996,-80.171524,0
			-6.61236199999996,-80.1718059999999,0
			-6.61208299999993,-80.1718059999999,0
			-6.61208299999993,-80.1720809999999,0
			-6.61180499999995,-80.1720809999999,0
			-6.61180499999995,-80.1723629999999,0
			-6.61152699999997,-80.1723629999999,0
			-6.61152699999997,-80.1729199999999,0
			-6.61124899999993,-80.1729199999999,0
			-6.61124899999993,-80.1731949999999,0
			-6.61097399999994,-80.1731949999999,0
			-6.61097399999994,-80.17347,0
			-6.61069499999996,-80.17347,0
			-6.61069499999996,-80.1740259999999,0
			-6.61041699999993,-80.1740259999999,0
			-6.61041699999993,-80.1743089999998,0
			-6.61013899999995,-80.1743089999998,0
			-6.61013899999995,-80.174858,0
			-6.60986099999997,-80.174858,0
			-6.60986099999997,-80.1751399999999,0
			-6.60958299999993,-80.1751399999999,0
			-6.60958299999993,-80.174858,0
			-6.60930499999995,-80.174858,0
			-6.60930499999995,-80.1751399999999,0
			-6.60902699999997,-80.1751399999999,0
			-6.60902699999997,-80.1754149999999,0
			-6.60874899999993,-80.1754149999999,0
			-6.60874899999993,-80.1756969999999,0
			-6.60847299999995,-80.1756969999999,0
			-6.60847299999995,-80.1759719999999,0
			-6.60819499999997,-80.1759719999999,0
			-6.60819499999997,-80.1762469999999,0
			-6.60847299999995,-80.1762469999999,0
			-6.60847299999995,-80.1765289999999,0
			-6.60874899999993,-80.1765289999999,0
			-6.60874899999993,-80.1768039999999,0
			-6.60847299999995,-80.1768039999999,0
			-6.60847299999995,-80.177086,0
			-6.60819499999997,-80.177086,0
			-6.60819499999997,-80.177635,0
			-6.60791699999993,-80.177635,0
			-6.60791699999993,-80.1779169999999,0
			-6.60763899999995,-80.1779169999999,0
			-6.60763899999995,-80.1784739999998,0
			-6.60736099999997,-80.1784739999998,0
			-6.60736099999997,-80.1787489999999,0
			-6.60708299999993,-80.1787489999999,0
			-6.60708299999993,-80.1793059999999,0
			-6.60680499999995,-80.1793059999999,0
			-6.60680499999995,-80.1795809999999,0
			-6.60652699999997,-80.1795809999999,0
			-6.60652699999997,-80.1801379999999,0
			-6.60624899999988,-80.1801379999999,0
			-6.60624899999988,-80.1806949999999,0
			-6.60597299999995,-80.1806949999999,0
			-6.60597299999995,-80.181252,0
			-6.60569499999997,-80.181252,0
			-6.60569499999997,-80.1815259999999,0
			-6.60541699999993,-80.1815259999999,0
			-6.60541699999993,-80.1820829999999,0
			-6.60513899999995,-80.1820829999999,0
			-6.60513899999995,-80.1826399999998,0
			-6.60486099999997,-80.1826399999998,0
			-6.60486099999997,-80.1831969999999,0
			-6.60458299999988,-80.1831969999999,0
			-6.60458299999988,-80.1834719999998,0
			-6.60430499999995,-80.1834719999998,0
			-6.60430499999995,-80.1840289999999,0
			-6.60402699999997,-80.1840289999999,0
			-6.60402699999997,-80.184586,0
			-6.60375099999993,-80.184586,0
			-6.60374899999988,-80.1848599999999,0
			-6.60347099999996,-80.1848599999999,0
			-6.60347099999996,-80.1856919999999,0
			-6.60319499999997,-80.1856919999999,0
			-6.60319499999997,-80.185974,0
			-6.60291699999988,-80.185974,0
			-6.60291699999988,-80.1865309999999,0
			-6.60263899999995,-80.1865309999999,0
			-6.60263899999995,-80.1870799999999,0
			-6.60236099999997,-80.1870799999999,0
			-6.60236099999997,-80.1876369999998,0
			-6.60208299999988,-80.1876369999998,0
			-6.60208299999988,-80.1881939999999,0
			-6.60180499999996,-80.1881939999999,0
			-6.60180499999996,-80.1884689999999,0
			-6.60152899999997,-80.1884689999999,0
			-6.60152899999997,-80.1890259999999,0
			-6.60125099999988,-80.1890259999999,0
			-6.60125099999988,-80.189583,0
			-6.60097299999995,-80.189583,0
			-6.60097299999995,-80.19014,0
			-6.60069499999997,-80.19014,0
			-6.60069499999997,-80.1906969999999,0
			-6.60041699999988,-80.1906969999999,0
			-6.60041699999988,-80.1909709999999,0
			-6.60013899999996,-80.1909709999999,0
			-6.60013899999996,-80.1915279999999,0
			-6.59985999999998,-80.1915279999999,0
			-6.59985999999998,-80.192642,0
			-6.60013899999996,-80.192642,0
			-6.60013899999996,-80.192917,0
			-6.60041699999988,-80.192917,0
			-6.60041699999988,-80.1931919999999,0
			-6.60069499999997,-80.1931919999999,0
			-6.60069499999997,-80.193748,0
			-6.60041699999988,-80.193748,0
			-6.60041699999988,-80.1940309999999,0
			-6.60013899999996,-80.1940309999999,0
			-6.60013899999996,-80.19458,0
			-6.59985999999998,-80.19458,0
			-6.59985999999998,-80.1948619999999,0
			-6.59958199999988,-80.1948619999999,0
			-6.59958199999988,-80.195419,0
			-6.59902899999997,-80.195419,0
			-6.59902899999997,-80.195137,0
			-6.59819399999998,-80.195137,0
			-6.59819399999998,-80.195419,0
			-6.59791599999988,-80.195419,0
			-6.59791599999988,-80.1956939999999,0
			-6.59763799999996,-80.1956939999999,0
			-6.59763799999996,-80.1959689999999,0
			-6.59735999999998,-80.1959689999999,0
			-6.59735999999998,-80.196251,0
			-6.59708399999988,-80.196251,0
			-6.59708199999989,-80.1965259999999,0
			-6.59680599999996,-80.1965259999999,0
			-6.59680599999996,-80.196808,0
			-6.59652799999998,-80.196808,0
			-6.59652799999998,-80.197083,0
			-6.59624999999988,-80.197083,0
			-6.59624999999988,-80.1973649999999,0
			-6.59597199999996,-80.1973649999999,0
			-6.59597199999996,-80.1981959999999,0
			-6.59569399999998,-80.1981959999999,0
			-6.59569399999998,-80.1990279999999,0
			-6.59541599999989,-80.1990279999999,0
			-6.59541599999989,-80.199585,0
			-6.59513799999996,-80.199585,0
			-6.59513799999996,-80.2001419999999,0
			-6.59485999999993,-80.2001419999999,0
			-6.59485999999993,-80.2006909999999,0
			-6.59458399999988,-80.2006909999999,0
			-6.59458399999988,-80.2009739999999,0
			-6.59430599999996,-80.2009739999999,0
			-6.59430599999996,-80.20208,0
			-6.59374999999989,-80.20208,0
			-6.59374999999989,-80.2023619999999,0
			-6.59347199999996,-80.2023619999999,0
			-6.59347199999996,-80.203751,0
			-6.59319399999993,-80.203751,0
			-6.59319399999993,-80.2040249999999,0
			-6.59291599999989,-80.2040249999999,0
			-6.59291599999989,-80.204582,0
			-6.59263799999991,-80.204582,0
			-6.59263799999991,-80.2051389999999,0
			-6.59235999999993,-80.2051389999999,0
			-6.59235999999993,-80.2056959999999,0
			-6.59208399999989,-80.2056959999999,0
			-6.59208399999989,-80.205971,0
			-6.59180599999996,-80.205971,0
			-6.59180599999996,-80.2065279999999,0
			-6.59152799999993,-80.2065279999999,0
			-6.59152799999993,-80.2070849999999,0
			-6.59124999999989,-80.2070849999999,0
			-6.59124999999989,-80.2073589999999,0
			-6.59097199999991,-80.2073589999999,0
			-6.59097199999991,-80.207916,0
			-6.59069399999993,-80.207916,0
			-6.59069399999993,-80.2081909999999,0
			-6.59041599999989,-80.2081909999999,0
			-6.59041599999989,-80.208748,0
			-6.59013999999996,-80.208748,0
			-6.59013999999996,-80.2090299999999,0
			-6.58986199999993,-80.2090299999999,0
			-6.58986199999993,-80.2095869999998,0
			-6.58958399999989,-80.2095869999998,0
			-6.58958399999989,-80.210136,0
			-6.58930599999991,-80.210136,0
			-6.58930599999991,-80.2106929999999,0
			-6.58902799999993,-80.2106929999999,0
			-6.58902799999993,-80.2109759999999,0
			-6.58874999999989,-80.2109759999999,0
			-6.58874999999989,-80.2115249999999,0
			-6.58847199999991,-80.2115249999999,0
			-6.58847199999991,-80.212082,0
			-6.58819399999993,-80.212082,0
			-6.58819399999993,-80.2126389999999,0
			-6.58791799999989,-80.2126389999999,0
			-6.58791799999989,-80.2131959999999,0
			-6.58763999999991,-80.2131959999999,0
			-6.58763999999991,-80.2145839999999,0
			-6.58736199999993,-80.2145839999999,0
			-6.58736199999993,-80.2151409999999,0
			-6.58708399999989,-80.2151409999999,0
			-6.58708399999989,-80.2154159999999,0
			-6.58680599999991,-80.2154159999999,0
			-6.58680599999991,-80.2159729999999,0
			-6.58652799999993,-80.2159729999999,0
			-6.58652799999993,-80.2168049999999,0
			-6.5862489999999,-80.2168049999999,0
			-6.5862489999999,-80.2170869999999,0
			-6.58597099999992,-80.2170869999999,0
			-6.58597099999992,-80.2173609999999,0
			-6.58569299999994,-80.2173609999999,0
			-6.58569299999994,-80.2176359999999,0
			-6.58541799999989,-80.2176359999999,0
			-6.58541799999989,-80.2184749999999,0
			-6.58513999999991,-80.2184749999999,0
			-6.58513999999991,-80.2187499999998,0
			-6.58486099999993,-80.2187499999998,0
			-6.58486099999993,-80.2193069999999,0
			-6.5845829999999,-80.2193069999999,0
			-6.5845829999999,-80.2195819999999,0
			-6.58430499999992,-80.2195819999999,0
			-6.58430499999992,-80.219864,0
			-6.58402699999994,-80.219864,0
			-6.58402699999994,-80.2201389999999,0
			-6.58374899999984,-80.2201389999999,0
			-6.58374899999984,-80.220413,0
			-6.58347099999992,-80.220413,0
			-6.58347099999992,-80.2212519999999,0
			-6.58319299999994,-80.2212519999999,0
			-6.58319299999994,-80.221527,0
			-6.5829169999999,-80.221527,0
			-6.5829169999999,-80.2218019999999,0
			-6.58263899999992,-80.2218019999999,0
			-6.58263899999992,-80.2223589999999,0
			-6.58236099999993,-80.2223589999999,0
			-6.58236099999993,-80.2226409999999,0
			-6.58208299999984,-80.2226409999999,0
			-6.58208299999984,-80.223198,0
			-6.58180499999992,-80.223198,0
			-6.58180499999992,-80.225693,0
			-6.58152699999994,-80.225693,0
			-6.58152699999994,-80.2259749999999,0
			-6.58124899999996,-80.2259749999999,0
			-6.58124899999996,-80.2262499999999,0
			-6.58097099999992,-80.2262499999999,0
			-6.58097299999991,-80.2265239999999,0
			-6.58069499999993,-80.2265239999999,0
			-6.58069499999993,-80.2268069999999,0
			-6.58013899999992,-80.2268069999999,0
			-6.58013899999992,-80.2270809999998,0
			-6.57986099999994,-80.2270809999998,0
			-6.57986099999994,-80.227364,0
			-6.57930499999992,-80.227364,0
			-6.57930499999992,-80.2276379999999,0
			-6.57902699999994,-80.2276379999999,0
			-6.57902699999994,-80.228752,0
			-6.57874899999996,-80.228752,0
			-6.57874899999996,-80.2293089999999,0
			-6.57847099999992,-80.2293089999999,0
			-6.57847299999992,-80.229584,0
			-6.57819499999994,-80.229584,0
			-6.57819499999994,-80.2301409999999,0
			-6.57791699999996,-80.2301409999999,0
			-6.57791699999996,-80.2304149999999,0
			-6.57763899999992,-80.2304149999999,0
			-6.57763899999992,-80.2309719999999,0
			-6.57736099999994,-80.2309719999999,0
			-6.57736099999994,-80.232086,0
			-6.57708299999996,-80.232086,0
			-6.57708299999996,-80.2326349999999,0
			-6.57680499999992,-80.2326349999999,0
			-6.57680499999992,-80.232918,0
			-6.57652699999994,-80.232918,0
			-6.57652699999994,-80.233192,0
			-6.57624899999996,-80.233192,0
			-6.57624899999996,-80.234024,0
			-6.57597099999992,-80.234024,0
			-6.57597299999992,-80.2343059999999,0
			-6.57569499999994,-80.2343059999999,0
			-6.57569499999994,-80.234863,0
			-6.57541699999996,-80.234863,0
			-6.57541699999996,-80.2351379999999,0
			-6.57513899999992,-80.2351379999999,0
			-6.57513899999992,-80.2354199999999,0
			-6.57458299999996,-80.2354199999999,0
			-6.57458299999996,-80.235695,0
			-6.57430499999992,-80.235695,0
			-6.57430499999992,-80.2362519999999,0
			-6.57458299999996,-80.2362519999999,0
			-6.57458299999996,-80.236526,0
			-6.57430499999992,-80.236526,0
			-6.57430499999992,-80.237083,0
			-6.57402899999994,-80.237083,0
			-6.57402599999995,-80.2376399999999,0
			-6.57374799999997,-80.2376399999999,0
			-6.57374799999997,-80.238197,0
			-6.57347299999992,-80.238197,0
			-6.57347299999992,-80.2384719999999,0
			-6.57319499999994,-80.2384719999999,0
			-6.57319499999994,-80.239029,0
			-6.57291699999996,-80.239029,0
			-6.57291699999996,-80.2395859999999,0
			-6.57263799999993,-80.2395859999999,0
			-6.57263799999993,-80.2401349999999,0
			-6.57235999999995,-80.2401349999999,0
			-6.57235999999995,-80.2404169999999,0
			-6.57208199999997,-80.2404169999999,0
			-6.57208199999997,-80.2418059999999,0
			-6.57235999999995,-80.2418059999999,0
			-6.57235999999995,-80.243195,0
			-6.57208199999997,-80.243195,0
			-6.57208199999997,-80.2434689999999,0
			-6.57152899999994,-80.2434689999999,0
			-6.57152899999994,-80.2437519999999,0
			-6.57124999999996,-80.2437519999999,0
			-6.57124999999996,-80.244026,0
			-6.57097199999993,-80.244026,0
			-6.57097199999993,-80.2445829999999,0
			-6.57069399999995,-80.2445829999999,0
			-6.57069399999995,-80.2451399999999,0
			-6.57041599999997,-80.2451399999999,0
			-6.57041599999997,-80.2454149999999,0
			-6.57013799999987,-80.2454149999999,0
			-6.57013799999987,-80.2459719999999,0
			-6.56985999999995,-80.2459719999999,0
			-6.56985999999995,-80.246246,0
			-6.56958399999996,-80.246246,0
			-6.56958399999996,-80.246529,0
			-6.56930599999993,-80.246529,0
			-6.56930599999993,-80.2468029999999,0
			-6.56902799999995,-80.2468029999999,0
			-6.56902799999995,-80.24736,0
			-6.56847199999987,-80.24736,0
			-6.56847199999987,-80.247643,0
			-6.56791599999997,-80.247643,0
			-6.56791599999997,-80.2490309999998,0
			-6.56763799999987,-80.2490309999998,0
			-6.56763799999987,-80.2495799999999,0
			-6.56735999999995,-80.2495799999999,0
			-6.56735999999995,-80.2498629999998,0
			-6.56708399999997,-80.2498629999998,0
			-6.56708399999997,-80.2504199999999,0
			-6.56680599999987,-80.2504199999999,0
			-6.56680599999987,-80.250694,0
			-6.56652799999995,-80.250694,0
			-6.56652799999995,-80.2512509999999,0
			-6.56624999999997,-80.2512509999999,0
			-6.56624999999997,-80.251808,0
			-6.56597199999987,-80.251808,0
			-6.56597199999987,-80.2520829999999,0
			-6.56569399999995,-80.2520829999999,0
			-6.56569399999995,-80.25264,0
			-6.56541599999997,-80.25264,0
			-6.56541599999997,-80.2531969999999,0
			-6.56513799999988,-80.2531969999999,0
			-6.56513799999988,-80.2534709999999,0
			-6.56486199999995,-80.2534709999999,0
			-6.56486199999995,-80.2540279999998,0
			-6.56458399999997,-80.2540279999998,0
			-6.56458399999997,-80.2545849999999,0
			-6.56430599999987,-80.2545849999999,0
			-6.56430599999987,-80.25486,0
			-6.56402799999995,-80.25486,0
			-6.56402799999995,-80.2554169999999,0
			-6.56374999999997,-80.2554169999999,0
			-6.56374999999997,-80.255692,0
			-6.56347199999988,-80.255692,0
			-6.56347199999988,-80.2562479999999,0
			-6.56319399999995,-80.2562479999999,0
			-6.56319399999995,-80.256805,0
			-6.56291599999997,-80.256805,0
			-6.56291599999997,-80.2570799999999,0
			-6.56263799999988,-80.2570799999999,0
			-6.56263799999988,-80.2576369999999,0
			-6.56236199999995,-80.2576369999999,0
			-6.56236199999995,-80.2581939999998,0
			-6.56208399999997,-80.2581939999998,0
			-6.56208399999997,-80.2584689999999,0
			-6.56180599999988,-80.2584689999999,0
			-6.56180599999988,-80.2590259999998,0
			-6.56152799999995,-80.2590259999998,0
			-6.56152799999995,-80.2595829999999,0
			-6.56124999999997,-80.2595829999999,0
			-6.56124999999997,-80.2598649999999,0
			-6.56097199999988,-80.2598649999999,0
			-6.56097199999988,-80.2604139999999,0
			-6.56069399999996,-80.2604139999999,0
			-6.56069399999996,-80.2606959999999,0
			-6.56041799999997,-80.2606959999999,0
			-6.56041799999997,-80.261253,0
			-6.56013999999988,-80.261253,0
			-6.56013999999988,-80.261803,0
			-6.55986199999995,-80.261803,0
			-6.55986199999995,-80.2620849999999,0
			-6.55958399999997,-80.2620849999999,0
			-6.55958399999997,-80.262642,0
			-6.55930599999988,-80.262642,0
			-6.55930599999988,-80.2631909999998,0
			-6.55902699999996,-80.2631909999998,0
			-6.55902699999996,-80.2640299999999,0
			-6.55874899999998,-80.2640299999999,0
			-6.55874899999998,-80.2645799999999,0
			-6.55847099999988,-80.2645799999999,0
			-6.55847099999988,-80.265137,0
			-6.55819599999995,-80.265137,0
			-6.55819599999995,-80.265976,0
			-6.55791799999997,-80.265976,0
			-6.55791799999997,-80.2665249999999,0
			-6.55763899999988,-80.2665249999999,0
			-6.55763899999988,-80.2673649999999,0
			-6.55735899999991,-80.2673649999999,0
			-6.55735899999991,-80.268196,0
			-6.55708099999993,-80.268196,0
			-6.55708299999998,-80.2687529999999,0
			-6.55680499999988,-80.2687529999999,0
			-6.55680499999988,-80.2695849999999,0
			-6.5565269999999,-80.2695849999999,0
			-6.5565269999999,-80.2698589999999,0
			-6.55624899999998,-80.2698589999999,0
			-6.55624899999998,-80.270142,0
			-6.55597099999989,-80.270142,0
			-6.55597099999989,-80.270416,0
			-6.55569499999996,-80.270416,0
			-6.55569499999996,-80.2706909999999,0
			-6.55597099999989,-80.2706909999999,0
			-6.55597099999989,-80.272636,0
			-6.55569499999996,-80.272636,0
			-6.55569499999996,-80.2729189999999,0
			-6.55513899999988,-80.2729189999999,0
			-6.55513899999988,-80.2731929999999,0
			-6.5548609999999,-80.2731929999999,0
			-6.5548609999999,-80.273476,0
			-6.55458299999998,-80.273476,0
			-6.55458299999998,-80.2737499999999,0
			-6.55430499999989,-80.2737499999999,0
			-6.55430499999989,-80.2740249999999,0
			-6.55374899999993,-80.2740249999999,0
			-6.55374899999993,-80.274307,0
			-6.5531949999999,-80.274307,0
			-6.5531949999999,-80.274582,0
			-6.55291699999998,-80.274582,0
			-6.55291699999998,-80.275139,0
			-6.55263899999989,-80.275139,0
			-6.55263899999989,-80.275414,0
			-6.55236099999991,-80.275414,0
			-6.55236099999991,-80.27597,0
			-6.55208299999993,-80.27597,0
			-6.55208299999993,-80.2762529999999,0
			-6.55180499999989,-80.2762529999999,0
			-6.55180499999989,-80.276802,0
			-6.55152699999991,-80.276802,0
			-6.55152699999991,-80.278748,0
			-6.55124899999993,-80.278748,0
			-6.55124899999993,-80.279305,0
			-6.55097099999989,-80.279305,0
			-6.55097299999989,-80.2798609999999,0
			-6.55069499999991,-80.2798609999999,0
			-6.55069499999991,-80.280975,0
			-6.55041699999992,-80.280975,0
			-6.55041699999992,-80.2812499999999,0
			-6.55013899999989,-80.2812499999999,0
			-6.55013899999989,-80.281807,0
			-6.54986099999991,-80.281807,0
			-6.54986099999991,-80.2820819999999,0
			-6.54958299999993,-80.2820819999999,0
			-6.54958299999993,-80.2823639999999,0
			-6.54930499999989,-80.2823639999999,0
			-6.54930499999989,-80.282913,0
			-6.5490289999999,-80.282913,0
			-6.5490289999999,-80.2837519999999,0
			-6.54875099999992,-80.2837519999999,0
			-6.54875099999992,-80.2854159999999,0
			-6.54847299999989,-80.2854159999999,0
			-6.54847299999989,-80.2856979999999,0
			-6.54819499999991,-80.2856979999999,0
			-6.54819499999991,-80.2873609999999,0
			-6.54791699999993,-80.2873609999999,0
			-6.54791699999993,-80.2879179999999,0
			-6.54763899999989,-80.2879179999999,0
			-6.54763899999989,-80.2881929999999,0
			-6.54736099999991,-80.2881929999999,0
			-6.54736099999991,-80.2898639999999,0
			-6.54708299999993,-80.2898639999999,0
			-6.54708299999993,-80.290138,0
			-6.54680399999995,-80.290138,0
			-6.54680399999995,-80.2904129999999,0
			-6.54652899999991,-80.2904129999999,0
			-6.54652899999991,-80.2906949999999,0
			-6.54625099999993,-80.2906949999999,0
			-6.54625099999993,-80.29097,0
			-6.54597299999989,-80.29097,0
			-6.54597299999989,-80.291252,0
			-6.54569499999991,-80.291252,0
			-6.54569499999991,-80.2915269999999,0
			-6.54541599999993,-80.2915269999999,0
			-6.54541599999993,-80.2918089999999,0
			-6.54513799999995,-80.2918089999999,0
			-6.54513799999995,-80.292084,0
			-6.54458199999993,-80.292084,0
			-6.54458199999993,-80.2923579999999,0
			-6.54347199999995,-80.2923579999999,0
			-6.54347199999995,-80.2926409999999,0
			-6.54291599999993,-80.2926409999999,0
			-6.54291599999993,-80.2943039999998,0
			-6.54319399999991,-80.2943039999998,0
			-6.54319399999991,-80.294586,0
			-6.54347199999995,-80.294586,0
			-6.54347199999995,-80.2948609999999,0
			-6.54319399999991,-80.2948609999999,0
			-6.54319399999991,-80.2956919999999,0
			-6.54291599999993,-80.2956919999999,0
			-6.54291599999993,-80.2968059999999,0
			-6.54235999999992,-80.2968059999999,0
			-6.54235999999992,-80.2973629999999,0
			-6.54208399999993,-80.2973629999999,0
			-6.54208399999993,-80.2976379999999,0
			-6.54152799999991,-80.2976379999999,0
			-6.54152799999991,-80.29792,0
			-6.54124999999993,-80.29792,0
			-6.54124999999993,-80.2981949999999,0
			-6.54097199999995,-80.2981949999999,0
			-6.54097199999995,-80.298752,0
			-6.54069399999992,-80.298752,0
			-6.54069399999992,-80.2990259999999,0
			-6.54041599999994,-80.2990259999999,0
			-6.54041599999994,-80.299583,0
			-6.54013799999996,-80.299583,0
			-6.54013799999996,-80.3001399999999,0
			-6.53985999999992,-80.3001399999999,0
			-6.53985999999992,-80.3009719999999,0
			-6.53958199999994,-80.3009719999999,0
			-6.53958399999993,-80.301529,0
			-6.53902799999992,-80.301529,0
			-6.53902799999992,-80.3018039999999,0
			-6.53874999999994,-80.3018039999999,0
			-6.53874999999994,-80.3023609999999,0
			-6.53847199999996,-80.3023609999999,0
			-6.53847199999996,-80.3026349999998,0
			-6.53819399999992,-80.3026349999998,0
			-6.53819399999992,-80.3031919999999,0
			-6.53791599999994,-80.3031919999999,0
			-6.53791599999994,-80.3034739999999,0
			-6.53763799999996,-80.3034739999999,0
			-6.53763799999996,-80.3051379999999,0
			-6.53735999999992,-80.3051379999999,0
			-6.53735999999992,-80.3059689999999,0
			-6.53708199999994,-80.3059689999999,0
			-6.53708199999994,-80.3065259999999,0
			-6.53735999999992,-80.3065259999999,0
			-6.53735999999992,-80.3068079999999,0
			-6.53708199999994,-80.3068079999999,0
			-6.53708399999994,-80.307083,0
			-6.53680599999996,-80.307083,0
			-6.53680599999996,-80.3073579999999,0
			-6.53652799999992,-80.3073579999999,0
			-6.53652799999992,-80.3076399999999,0
			-6.53624999999994,-80.3076399999999,0
			-6.53624999999994,-80.307915,0
			-6.53569399999992,-80.307915,0
			-6.53569399999992,-80.308197,0
			-6.53513799999996,-80.308197,0
			-6.53513799999996,-80.3084719999999,0
			-6.53485999999987,-80.3084719999999,0
			-6.53486199999992,-80.308746,0
			-6.53458399999994,-80.308746,0
			-6.53458399999994,-80.3093029999999,0
			-6.53430599999996,-80.3093029999999,0
			-6.53430599999996,-80.3109739999999,0
			-6.53402799999992,-80.3109739999999,0
			-6.53402799999992,-80.3115309999999,0
			-6.53374999999994,-80.3115309999999,0
			-6.53374999999994,-80.31208,0
			-6.53347199999996,-80.31208,0
			-6.53347199999996,-80.31292,0
			-6.53319299999987,-80.31292,0
			-6.53319299999987,-80.313751,0
			-6.53291499999995,-80.313751,0
			-6.53291499999995,-80.314026,0
			-6.53263999999996,-80.314026,0
			-6.53263999999996,-80.3156969999999,0
			-6.53236199999992,-80.3156969999999,0
			-6.53236199999992,-80.3159709999999,0
			-6.53208399999994,-80.3159709999999,0
			-6.53208399999994,-80.3162539999998,0
			-6.53180499999996,-80.3162539999998,0
			-6.53180499999996,-80.3165279999999,0
			-6.53152699999987,-80.3165279999999,0
			-6.53152699999987,-80.3168029999999,0
			-6.53124899999995,-80.3168029999999,0
			-6.53124899999995,-80.31736,0
			-6.53097099999997,-80.31736,0
			-6.53097099999997,-80.317917,0
			-6.53069599999992,-80.317917,0
			-6.53069599999992,-80.3184739999999,0
			-6.53041699999994,-80.3184739999999,0
			-6.53041699999994,-80.318748,0
			-6.53013899999996,-80.318748,0
			-6.53013899999996,-80.3193049999999,0
			-6.52986099999987,-80.3193049999999,0
			-6.52986099999987,-80.3198619999999,0
			-6.52958299999995,-80.3198619999999,0
			-6.52958299999995,-80.3206939999999,0
			-6.52930499999997,-80.3206939999999,0
			-6.52930499999997,-80.3215259999999,0
			-6.52902699999987,-80.3215259999999,0
			-6.52902699999987,-80.322083,0
			-6.52874899999995,-80.322083,0
			-6.52874899999995,-80.3223649999999,0
			-6.52847299999996,-80.3223649999999,0
			-6.52847299999996,-80.3245849999998,0
			-6.52819499999987,-80.3245849999998,0
			-6.52819499999987,-80.3256909999999,0
			-6.52791699999995,-80.3256909999999,0
			-6.52791699999995,-80.3259739999999,0
			-6.52763899999997,-80.3259739999999,0
			-6.52763899999997,-80.326248,0
			-6.52736099999987,-80.326248,0
			-6.52736099999987,-80.3265299999999,0
			-6.52708299999995,-80.3265299999999,0
			-6.52708299999995,-80.3268049999999,0
			-6.52680499999997,-80.3268049999999,0
			-6.52680499999997,-80.32708,0
			-6.52652699999987,-80.32708,0
			-6.52652699999987,-80.3273619999999,0
			-6.52624899999995,-80.3273619999999,0
			-6.52624899999995,-80.3276369999999,0
			-6.52597299999996,-80.3276369999999,0
			-6.52597299999996,-80.3279189999999,0
			-6.52569499999987,-80.3279189999999,0
			-6.52569499999987,-80.3281939999999,0
			-6.52541699999995,-80.3281939999999,0
			-6.52541699999995,-80.3284759999999,0
			-6.52513899999997,-80.3284759999999,0
			-6.52513899999997,-80.3293079999999,0
			-6.52486099999987,-80.3293079999999,0
			-6.52486099999987,-80.330414,0
			-6.52458299999995,-80.330414,0
			-6.52458299999995,-80.3312529999999,0
			-6.52486099999987,-80.3312529999999,0
			-6.52486099999987,-80.3320849999999,0
			-6.52458299999995,-80.3320849999999,0
			-6.52458299999995,-80.332642,0
			-6.52430499999997,-80.332642,0
			-6.52430499999997,-80.3329159999999,0
			-6.52402699999988,-80.3329159999999,0
			-6.52402699999988,-80.3331909999999,0
			-6.52347299999997,-80.3331909999999,0
			-6.52347299999997,-80.3334729999999,0
			-6.52319499999987,-80.3334729999999,0
			-6.52319499999987,-80.3337479999998,0
			-6.52263899999997,-80.3337479999998,0
			-6.52263899999997,-80.33403,0
			-6.52236099999988,-80.33403,0
			-6.52236099999988,-80.3343049999999,0
			-6.52180499999997,-80.3343049999999,0
			-6.52180499999997,-80.3345869999999,0
			-6.52152899999987,-80.3345869999999,0
			-6.52152899999987,-80.3351359999999,0
			-6.52125099999995,-80.3351359999999,0
			-6.52125099999995,-80.3356929999999,0
			-6.52097299999997,-80.3356929999999,0
			-6.52097299999997,-80.3362499999999,0
			-6.52069499999988,-80.3362499999999,0
			-6.52069499999988,-80.3384699999999,0
			-6.52041699999995,-80.3384699999999,0
			-6.52041699999995,-80.3393019999999,0
			-6.52013899999997,-80.3393019999999,0
			-6.52013899999997,-80.3395839999999,0
			-6.51986099999988,-80.3395839999999,0
			-6.51986099999988,-80.339859,0
			-6.51930699999997,-80.339859,0
			-6.51930699999997,-80.340141,0
			-6.51847299999997,-80.340141,0
			-6.51847299999997,-80.3404159999999,0
			-6.51819399999988,-80.3404159999999,0
			-6.51819399999988,-80.340973,0
			-6.51847299999997,-80.340973,0
			-6.51847299999997,-80.34153,0
			-6.51819399999988,-80.34153,0
			-6.51819399999988,-80.3420869999999,0
			-6.5179159999999,-80.3420869999999,0
			-6.5179159999999,-80.3426359999999,0
			-6.51763799999998,-80.3426359999999,0
			-6.51763799999998,-80.3429179999999,0
			-6.51735999999988,-80.3429179999999,0
			-6.51735999999988,-80.343475,0
			-6.5170819999999,-80.343475,0
			-6.5170819999999,-80.344025,0
			-6.51680399999998,-80.344025,0
			-6.51680399999998,-80.3445819999999,0
			-6.51652599999989,-80.3445819999999,0
			-6.51652599999989,-80.345695,0
			-6.51624799999991,-80.345695,0
			-6.51624799999991,-80.346527,0
			-6.51596999999992,-80.346527,0
			-6.51597199999998,-80.3470839999999,0
			-6.51569399999988,-80.3470839999999,0
			-6.51569399999988,-80.347359,0
			-6.5154159999999,-80.347359,0
			-6.5154159999999,-80.348198,0
			-6.51569399999988,-80.348198,0
			-6.51569399999988,-80.348473,0
			-6.5154159999999,-80.348473,0
			-6.5154159999999,-80.349304,0
			-6.51513799999998,-80.349304,0
			-6.51513799999998,-80.3495859999999,0
			-6.51485999999989,-80.3495859999999,0
			-6.51485999999989,-80.349861,0
			-6.5145819999999,-80.349861,0
			-6.5145819999999,-80.3504179999999,0
			-6.51430599999998,-80.3504179999999,0
			-6.51430599999998,-80.350693,0
			-6.51402799999988,-80.350693,0
			-6.51402799999988,-80.3512499999999,0
			-6.5137499999999,-80.3512499999999,0
			-6.5137499999999,-80.351524,0
			-6.51319399999988,-80.351524,0
			-6.51319399999988,-80.351807,0
			-6.5129159999999,-80.351807,0
			-6.5129159999999,-80.3520809999999,0
			-6.51263799999998,-80.3520809999999,0
			-6.51263799999998,-80.352364,0
			-6.51235999999983,-80.352364,0
			-6.51236199999988,-80.352638,0
			-6.5120839999999,-80.352638,0
			-6.5120839999999,-80.3529129999999,0
			-6.51180599999998,-80.3529129999999,0
			-6.51180599999998,-80.354027,0
			-6.51152799999988,-80.354027,0
			-6.51152799999988,-80.3545839999999,0
			-6.5112499999999,-80.3545839999999,0
			-6.5112499999999,-80.3551409999999,0
			-6.51097199999998,-80.3551409999999,0
			-6.51097199999998,-80.3554149999999,0
			-6.51069399999983,-80.3554149999999,0
			-6.51069399999983,-80.3556979999998,0
			-6.51041599999991,-80.3556979999998,0
			-6.51041599999991,-80.356529,0
			-6.51013799999993,-80.356529,0
			-6.51013799999993,-80.357361,0
			-6.50985999999995,-80.357361,0
			-6.50986199999988,-80.359024,0
			-6.5095839999999,-80.359024,0
			-6.5095839999999,-80.3595809999999,0
			-6.50930599999998,-80.3595809999999,0
			-6.50930599999998,-80.3601379999999,0
			-6.50902799999983,-80.3601379999999,0
			-6.50902799999983,-80.3606949999999,0
			-6.50874999999991,-80.3606949999999,0
			-6.50874999999991,-80.36097,0
			-6.50819399999995,-80.36097,0
			-6.50819399999995,-80.3612519999999,0
			-6.50791599999991,-80.3612519999999,0
			-6.50791599999991,-80.361526,0
			-6.50763999999998,-80.361526,0
			-6.50763999999998,-80.3620829999999,0
			-6.50791599999991,-80.3620829999999,0
			-6.50791599999991,-80.3634719999999,0
			-6.50763999999998,-80.3634719999999,0
			-6.50763999999998,-80.3637469999999,0
			-6.50736199999983,-80.3637469999999,0
			-6.50736199999983,-80.365135,0
			-6.50708399999991,-80.365135,0
			-6.50708399999991,-80.3659739999999,0
			-6.50680599999993,-80.3659739999999,0
			-6.50680599999993,-80.3665309999999,0
			-6.50652799999995,-80.3665309999999,0
			-6.50652799999995,-80.3673629999999,0
			-6.50624999999991,-80.3673629999999,0
			-6.50624999999991,-80.3681949999999,0
			-6.50597099999993,-80.3681949999999,0
			-6.50597099999993,-80.3684689999999,0
			-6.50569299999995,-80.3684689999999,0
			-6.50569299999995,-80.3687519999999,0
			-6.50513999999993,-80.3687519999999,0
			-6.50513999999993,-80.3690259999998,0
			-6.50486199999995,-80.3690259999998,0
			-6.50486199999995,-80.369308,0
			-6.50430499999993,-80.369308,0
			-6.50430499999993,-80.3695829999999,0
			-6.50374899999991,-80.3695829999999,0
			-6.50374899999991,-80.3698579999999,0
			-6.50402699999995,-80.3698579999999,0
			-6.50402699999995,-80.3723599999999,0
			-6.50374899999991,-80.3723599999999,0
			-6.50374899999991,-80.372643,0
			-6.50319299999995,-80.372643,0
			-6.50319299999995,-80.3729169999999,0
			-6.50236099999995,-80.3729169999999,0
			-6.50236099999995,-80.3731919999999,0
			-6.50152699999995,-80.3731919999999,0
			-6.50152699999995,-80.374306,0
			-6.50180499999993,-80.374306,0
			-6.50180499999993,-80.3745799999999,0
			-6.50236099999995,-80.3745799999999,0
			-6.50236099999995,-80.3748629999999,0
			-6.50263899999993,-80.3748629999999,0
			-6.50263899999993,-80.3756939999999,0
			-6.50236099999995,-80.3756939999999,0
			-6.50236099999995,-80.376251,0
			-6.50208299999991,-80.376251,0
			-6.50208299999991,-80.376808,0
			-6.50124899999992,-80.376808,0
			-6.50124899999992,-80.3765259999999,0
			-6.50069499999995,-80.3765259999999,0
			-6.50069499999995,-80.376808,0
			-6.50041699999991,-80.376808,0
			-6.50041699999991,-80.377083,0
			-6.50013899999993,-80.377083,0
			-6.50013899999993,-80.37764,0
			-6.49986099999995,-80.37764,0
			-6.49986099999995,-80.3779139999999,0
			-6.49958299999992,-80.3779139999999,0
			-6.49958299999992,-80.3781969999999,0
			-6.49930499999994,-80.3781969999999,0
			-6.49930499999994,-80.3784709999998,0
			-6.49902699999996,-80.3784709999998,0
			-6.49902699999996,-80.3790279999999,0
			-6.49874899999986,-80.3790279999999,0
			-6.49874899999986,-80.3793029999999,0
			-6.49847099999994,-80.3793029999999,0
			-6.49847099999994,-80.381805,0
			-6.49708299999986,-80.381805,0
			-6.49708299999986,-80.382919,0
			-6.49736099999996,-80.382919,0
			-6.49736099999996,-80.3831939999999,0
			-6.49763899999994,-80.3831939999999,0
			-6.49763899999994,-80.3848649999999,0
			-6.49680499999994,-80.3848649999999,0
			-6.49680499999994,-80.384583,0
			-6.49597099999994,-80.384583,0
			-6.49597299999994,-80.3848649999999,0
			-6.49569499999996,-80.3848649999999,0
			-6.49569499999996,-80.387085,0
			-6.49541699999986,-80.387085,0
			-6.49541699999986,-80.3873599999999,0
			-6.49513899999994,-80.3873599999999,0
			-6.49513899999994,-80.387642,0
			-6.49486099999996,-80.387642,0
			-6.49486099999996,-80.389305,0
			-6.49458299999998,-80.389305,0
			-6.49458299999998,-80.38958,0
			-6.49430499999994,-80.38958,0
			-6.49430499999994,-80.390137,0
			-6.49402699999996,-80.390137,0
			-6.49402699999996,-80.390419,0
			-6.49375099999986,-80.390419,0
			-6.49375099999986,-80.3909759999999,0
			-6.49347299999994,-80.3909759999999,0
			-6.49347299999994,-80.391251,0
			-6.49319499999996,-80.391251,0
			-6.49319499999996,-80.3918079999999,0
			-6.49291699999998,-80.3918079999999,0
			-6.49291699999998,-80.392082,0
			-6.49263899999994,-80.392082,0
			-6.49263899999994,-80.3931959999999,0
			-6.49235999999996,-80.3931959999999,0
			-6.49235999999996,-80.392914,0
			-6.49208199999987,-80.392914,0
			-6.49208199999987,-80.3931959999999,0
			-6.49180699999994,-80.3931959999999,0
			-6.49180699999994,-80.3937529999999,0
			-6.49208199999987,-80.3937529999999,0
			-6.49208199999987,-80.3951419999999,0
			-6.49125099999998,-80.3951419999999,0
			-6.49125099999998,-80.3956909999999,0
			-6.49097199999994,-80.3956909999999,0
			-6.49097199999994,-80.3965299999999,0
			-6.49069399999996,-80.3965299999999,0
			-6.49069399999996,-80.3970869999999,0
			-6.49041599999987,-80.3970869999999,0
			-6.49041599999987,-80.3984759999999,0
			-6.49069399999996,-80.3984759999999,0
			-6.49069399999996,-80.3990249999999,0
			-6.49013799999994,-80.3990249999999,0
			-6.49013799999994,-80.3993069999999,0
			-6.48958399999998,-80.3993069999999,0
			-6.48958399999998,-80.399582,0
			-6.48902799999996,-80.399582,0
			-6.48902799999996,-80.3998639999999,0
			-6.48874999999987,-80.3998639999999,0
			-6.48874999999987,-80.4006959999999,0
			-6.48902799999996,-80.4006959999999,0
			-6.48902799999996,-80.4012529999999,0
			-6.48930599999994,-80.4012529999999,0
			-6.48930599999994,-80.401802,0
			-6.48902799999996,-80.401802,0
			-6.48902799999996,-80.4023589999999,0
			-6.48874999999987,-80.4023589999999,0
			-6.48874999999987,-80.4026409999999,0
			-6.48847199999994,-80.4026409999999,0
			-6.48847199999994,-80.4023589999999,0
			-6.48791599999987,-80.4023589999999,0
			-6.48791599999987,-80.4020839999999,0
			-6.48763799999995,-80.4020839999999,0
			-6.48763799999995,-80.4023589999999,0
			-6.48735999999997,-80.4023589999999,0
			-6.48735999999997,-80.4026409999999,0
			-6.48708399999987,-80.4026409999999,0
			-6.48708399999987,-80.4034729999999,0
			-6.48735999999997,-80.4034729999999,0
			-6.48735999999997,-80.4048609999999,0
			-6.48708399999987,-80.4048609999999,0
			-6.48708399999987,-80.4054179999999,0
			-6.48680599999994,-80.4054179999999,0
			-6.48680599999994,-80.4056929999999,0
			-6.48652799999996,-80.4056929999999,0
			-6.48652799999996,-80.4062499999999,0
			-6.48624999999987,-80.4062499999999,0
			-6.48624999999987,-80.4068069999999,0
			-6.48597199999995,-80.4068069999999,0
			-6.48597199999995,-80.407364,0
			-6.48569399999997,-80.407364,0
			-6.48569399999997,-80.4076389999999,0
			-6.48513799999989,-80.4076389999999,0
			-6.48513799999989,-80.407913,0
			-6.48430599999995,-80.407913,0
			-6.48430599999995,-80.4084699999999,0
			-6.48402799999997,-80.4084699999999,0
			-6.48402799999997,-80.410698,0
			-6.48374999999987,-80.410698,0
			-6.48374999999987,-80.4112469999999,0
			-6.48347199999989,-80.4112469999999,0
			-6.48347199999989,-80.41153,0
			-6.48319399999997,-80.41153,0
			-6.48319399999997,-80.412086,0
			-6.48291599999988,-80.412086,0
			-6.48291599999988,-80.4126359999999,0
			-6.48263999999995,-80.4126359999999,0
			-6.48263999999995,-80.4131929999999,0
			-6.48236199999997,-80.4131929999999,0
			-6.48236199999997,-80.4137499999998,0
			-6.48208399999987,-80.4137499999998,0
			-6.48208399999987,-80.4140239999999,0
			-6.48180599999989,-80.4140239999999,0
			-6.48180599999989,-80.4143069999999,0
			-6.48152799999997,-80.4143069999999,0
			-6.48152799999997,-80.4145809999999,0
			-6.48124999999987,-80.4145809999999,0
			-6.48124999999987,-80.4151379999999,0
			-6.48097199999989,-80.4151379999999,0
			-6.48097199999989,-80.4159699999999,0
			-6.48069399999997,-80.4159699999999,0
			-6.48069399999997,-80.416252,0
			-6.48041799999987,-80.416252,0
			-6.48041799999987,-80.4168089999999,0
			-6.48013999999989,-80.4168089999999,0
			-6.48013999999989,-80.417084,0
			-6.47986199999997,-80.417084,0
			-6.47986199999997,-80.4176409999999,0
			-6.47958399999987,-80.4176409999999,0
			-6.47958399999987,-80.4179149999998,0
			-6.47930599999989,-80.4179149999998,0
			-6.47930599999989,-80.418198,0
			-6.47874899999988,-80.418198,0
			-6.47874899999988,-80.4184719999999,0
			-6.4784709999999,-80.4184719999999,0
			-6.4784709999999,-80.4187469999998,0
			-6.47819299999998,-80.4187469999998,0
			-6.47819299999998,-80.419029,0
			-6.47763999999989,-80.419029,0
			-6.47763999999989,-80.4193039999999,0
			-6.47736099999997,-80.4193039999999,0
			-6.47736099999997,-80.419861,0
			-6.47708299999988,-80.419861,0
			-6.47708299999988,-80.420692,0
			-6.4768049999999,-80.420692,0
			-6.4768049999999,-80.421249,0
			-6.47652699999998,-80.421249,0
			-6.47652699999998,-80.4220809999999,0
			-6.47624899999983,-80.4220809999999,0
			-6.47624899999983,-80.42292,0
			-6.47736099999997,-80.42292,0
			-6.47736099999997,-80.4226379999999,0
			-6.47791799999987,-80.4226379999999,0
			-6.47791799999987,-80.42292,0
			-6.47763999999989,-80.42292,0
			-6.47763999999989,-80.423195,0
			-6.47736099999997,-80.423195,0
			-6.47736099999997,-80.423752,0
			-6.47708299999988,-80.423752,0
			-6.47708299999988,-80.4243089999999,0
			-6.4768049999999,-80.4243089999999,0
			-6.4768049999999,-80.424858,0
			-6.47652699999998,-80.424858,0
			-6.47652699999998,-80.4251399999999,0
			-6.47624899999983,-80.4251399999999,0
			-6.47624899999983,-80.425697,0
			-6.4759709999999,-80.425697,0
			-6.4759709999999,-80.426529,0
			-6.47569299999998,-80.426529,0
			-6.47569299999998,-80.4268039999999,0
			-6.47541499999994,-80.4268039999999,0
			-6.47541499999994,-80.427361,0
			-6.4751369999999,-80.427361,0
			-6.4751369999999,-80.4276349999999,0
			-6.47485899999992,-80.4276349999999,0
			-6.47485899999992,-80.428192,0
			-6.47458099999994,-80.428192,0
			-6.47458299999983,-80.4284739999999,0
			-6.4743049999999,-80.4284739999999,0
			-6.4743049999999,-80.428749,0
			-6.47402699999998,-80.428749,0
			-6.47402699999998,-80.4293059999999,0
			-6.47374899999994,-80.4293059999999,0
			-6.47374899999994,-80.429581,0
			-6.4734709999999,-80.429581,0
			-6.4734709999999,-80.429863,0
			-6.47319499999998,-80.429863,0
			-6.47319499999998,-80.4304199999999,0
			-6.47291699999982,-80.4304199999999,0
			-6.47291699999982,-80.4309689999999,0
			-6.4726389999999,-80.4309689999999,0
			-6.4726389999999,-80.431526,0
			-6.47236099999998,-80.431526,0
			-6.47236099999998,-80.432358,0
			-6.47208299999994,-80.432358,0
			-6.47208299999994,-80.4326399999999,0
			-6.4718049999999,-80.4326399999999,0
			-6.4718049999999,-80.4334719999999,0
			-6.47152699999992,-80.4334719999999,0
			-6.47152699999992,-80.434029,0
			-6.47124899999994,-80.434029,0
			-6.47124899999994,-80.4345859999999,0
			-6.47097099999991,-80.4345859999999,0
			-6.4709729999999,-80.4351429999999,0
			-6.47069499999998,-80.4351429999999,0
			-6.47069499999998,-80.435692,0
			-6.47041699999994,-80.435692,0
			-6.47041699999994,-80.4362489999999,0
			-6.4701389999999,-80.4362489999999,0
			-6.4701389999999,-80.4368059999999,0
			-6.46986099999992,-80.4368059999999,0
			-6.46986099999992,-80.4373629999999,0
			-6.46958299999994,-80.4373629999999,0
			-6.46958299999994,-80.4376369999999,0
			-6.46930499999991,-80.4376369999999,0
			-6.46930499999991,-80.4379199999999,0
			-6.46902899999998,-80.4379199999999,0
			-6.46902699999993,-80.4384689999999,0
			-6.46874899999995,-80.4384689999999,0
			-6.46874899999995,-80.4387509999999,0
			-6.46847099999991,-80.4387509999999,0
			-6.4684729999999,-80.4395829999999,0
			-6.46819499999992,-80.4395829999999,0
			-6.46819499999992,-80.4401399999999,0
			-6.46791699999994,-80.4401399999999,0
			-6.46791699999994,-80.4404139999999,0
			-6.46763899999991,-80.4404139999999,0
			-6.46763899999991,-80.4409709999999,0
			-6.46736099999993,-80.4409709999999,0
			-6.46736099999993,-80.4415279999999,0
			-6.46708299999995,-80.4415279999999,0
			-6.46708299999995,-80.4418029999999,0
			-6.46680499999991,-80.4418029999999,0
			-6.4668069999999,-80.44236,0
			-6.46652599999993,-80.44236,0
			-6.46652599999993,-80.4429169999999,0
			-6.46624799999995,-80.4429169999999,0
			-6.46625099999994,-80.443192,0
			-6.46597299999991,-80.443192,0
			-6.46597299999991,-80.4437479999999,0
			-6.46569499999993,-80.4437479999999,0
			-6.46569499999993,-80.4440309999999,0
			-6.46485999999993,-80.4440309999999,0
			-6.46485999999993,-80.4443049999999,0
			-6.46458199999995,-80.4443049999999,0
			-6.46458199999995,-80.4451369999999,0
			-6.46430399999986,-80.4451369999999,0
			-6.46430399999986,-80.4454189999999,0
			-6.46402899999993,-80.4454189999999,0
			-6.46402899999993,-80.4459689999999,0
			-6.46374999999995,-80.4459689999999,0
			-6.46374999999995,-80.4462509999999,0
			-6.46347199999991,-80.4462509999999,0
			-6.46347199999991,-80.4481959999999,0
			-6.46319399999993,-80.4481959999999,0
			-6.46319399999993,-80.4490279999998,0
			-6.46291599999995,-80.4490279999998,0
			-6.46291599999995,-80.4493029999999,0
			-6.46263799999986,-80.4493029999999,0
			-6.46263799999986,-80.4498599999998,0
			-6.46235999999993,-80.4498599999998,0
			-6.46235999999993,-80.450974,0
			-6.46208399999995,-80.450974,0
			-6.46208399999995,-80.4515299999999,0
			-6.46180599999991,-80.4515299999999,0
			-6.46180599999991,-80.4523619999999,0
			-6.46152799999993,-80.4523619999999,0
			-6.46152799999993,-80.4529189999999,0
			-6.46069399999993,-80.4529189999999,0
			-6.46069399999993,-80.4531939999999,0
			-6.46041599999995,-80.4531939999999,0
			-6.46041599999995,-80.454308,0
			-6.46069399999993,-80.454308,0
			-6.46069399999993,-80.4545819999999,0
			-6.46041599999995,-80.4545819999999,0
			-6.46041599999995,-80.455139,0
			-6.46013799999997,-80.455139,0
			-6.46013799999997,-80.455696,0
			-6.45986199999993,-80.455696,0
			-6.45986199999993,-80.4562529999999,0
			-6.45958399999995,-80.4562529999999,0
			-6.45958399999995,-80.456802,0
			-6.45930599999986,-80.456802,0
			-6.45930599999986,-80.4573589999999,0
			-6.45902799999993,-80.4573589999999,0
			-6.45902799999993,-80.457642,0
			-6.45874999999995,-80.457642,0
			-6.45874999999995,-80.4581909999998,0
			-6.45847199999997,-80.4581909999998,0
			-6.45847199999997,-80.4587479999999,0
			-6.45819399999993,-80.4587479999999,0
			-6.45819399999993,-80.459305,0
			-6.45791599999995,-80.459305,0
			-6.45791599999995,-80.4595869999999,0
			-6.45763799999997,-80.4595869999999,0
			-6.45763799999997,-80.460136,0
			-6.45736199999993,-80.460136,0
			-6.45736199999993,-80.4606929999999,0
			-6.45708199999996,-80.4606929999999,0
			-6.45708399999995,-80.4612499999999,0
			-6.45680599999997,-80.4612499999999,0
			-6.45680599999997,-80.4615249999999,0
			-6.45624999999995,-80.4615249999999,0
			-6.45624999999995,-80.462639,0
			-6.45597199999997,-80.462639,0
			-6.45597199999997,-80.463196,0
			-6.45569399999994,-80.463196,0
			-6.45569399999994,-80.46347,0
			-6.45541599999996,-80.46347,0
			-6.45541599999996,-80.464027,0
			-6.45513799999998,-80.464027,0
			-6.45513799999998,-80.4645839999999,0
			-6.45485999999994,-80.4645839999999,0
			-6.45485999999994,-80.465141,0
			-6.45458399999995,-80.465141,0
			-6.45458399999995,-80.4654159999999,0
			-6.45430599999997,-80.4654159999999,0
			-6.45430599999997,-80.465973,0
			-6.45402799999994,-80.465973,0
			-6.45402799999994,-80.4665299999999,0
			-6.45374999999996,-80.4665299999999,0
			-6.45374999999996,-80.4670869999999,0
			-6.45347199999998,-80.4670869999999,0
			-6.45347199999998,-80.467361,0
			-6.45319399999994,-80.467361,0
			-6.45319399999994,-80.4679179999999,0
			-6.45291499999996,-80.4679179999999,0
			-6.45291499999996,-80.468475,0
			-6.45263999999997,-80.468475,0
			-6.45263999999997,-80.469025,0
			-6.45236199999994,-80.469025,0
			-6.45236199999994,-80.469307,0
			-6.45208399999996,-80.469307,0
			-6.45208399999996,-80.4698639999999,0
			-6.45180599999998,-80.4698639999999,0
			-6.45180599999998,-80.470413,0
			-6.45152699999994,-80.470413,0
			-6.45152699999994,-80.4706949999999,0
			-6.45124899999996,-80.4706949999999,0
			-6.45124899999996,-80.4712519999999,0
			-6.45097099999998,-80.4712519999999,0
			-6.45097099999998,-80.471802,0
			-6.45069599999994,-80.471802,0
			-6.45069599999994,-80.472359,0
			-6.45041799999996,-80.472359,0
			-6.45041799999996,-80.472641,0
			-6.45013899999998,-80.472641,0
			-6.45013899999998,-80.4731979999999,0
			-6.44986099999994,-80.4731979999999,0
			-6.44986099999994,-80.4737469999999,0
			-6.44958299999996,-80.4737469999999,0
			-6.44958299999996,-80.4740299999999,0
			-6.44930499999998,-80.4740299999999,0
			-6.44930499999998,-80.4745859999999,0
			-6.44902699999989,-80.4745859999999,0
			-6.44902699999989,-80.475136,0
			-6.44874899999996,-80.475136,0
			-6.44874899999996,-80.4754179999999,0
			-6.44847099999987,-80.4754179999999,0
			-6.44847099999987,-80.4759749999998,0
			-6.44819499999994,-80.4759749999998,0
			-6.44819499999994,-80.4762499999999,0
			-6.44791699999996,-80.4762499999999,0
			-6.44791699999996,-80.476807,0
			-6.44763899999998,-80.476807,0
			-6.44763899999998,-80.4773639999999,0
			-6.44736099999989,-80.4773639999999,0
			-6.44736099999989,-80.477638,0
			-6.44708299999996,-80.477638,0
			-6.44708299999996,-80.4781949999999,0
			-6.44680499999987,-80.4781949999999,0
			-6.44680499999987,-80.4795839999999,0
			-6.44652699999989,-80.4795839999999,0
			-6.44652699999989,-80.4798579999999,0
			-6.44624899999997,-80.4798579999999,0
			-6.44624899999997,-80.481804,0
			-6.44597299999998,-80.481804,0
			-6.44597099999987,-80.4823609999999,0
			-6.44569499999989,-80.4823609999999,0
			-6.44569499999989,-80.482635,0
			-6.44541699999996,-80.482635,0
			-6.44541699999996,-80.4837489999999,0
			-6.44513899999987,-80.4837489999999,0
			-6.44513899999987,-80.4843059999998,0
			-6.44486099999989,-80.4843059999998,0
			-6.44486099999989,-80.4851379999998,0
			-6.44458299999997,-80.4851379999998,0
			-6.44458299999997,-80.4856949999999,0
			-6.44430499999987,-80.4856949999999,0
			-6.44430499999987,-80.48597,0
			-6.44402699999989,-80.48597,0
			-6.44402699999989,-80.4865259999999,0
			-6.44374899999997,-80.4865259999999,0
			-6.44374899999997,-80.4868089999999,0
			-6.44347299999987,-80.4868089999999,0
			-6.44347299999987,-80.4876399999999,0
			-6.44319499999989,-80.4876399999999,0
			-6.44319499999989,-80.4881969999999,0
			-6.44291699999997,-80.4881969999999,0
			-6.44291699999997,-80.4887469999999,0
			-6.44263899999987,-80.4887469999999,0
			-6.44263899999987,-80.4890289999999,0
			-6.44236099999989,-80.4890289999999,0
			-6.44236099999989,-80.489586,0
			-6.44208299999997,-80.489586,0
			-6.44208299999997,-80.4898609999999,0
			-6.44180499999987,-80.4898609999999,0
			-6.44180499999987,-80.490417,0
			-6.44152899999989,-80.490417,0
			-6.44152899999989,-80.4906919999999,0
			-6.44125099999997,-80.4906919999999,0
			-6.44125099999997,-80.491249,0
			-6.44097299999987,-80.491249,0
			-6.44097299999987,-80.491531,0
			-6.44069499999989,-80.491531,0
			-6.44069499999989,-80.492081,0
			-6.44041699999997,-80.492081,0
			-6.44041699999997,-80.492363,0
			-6.44013899999987,-80.492363,0
			-6.44013899999987,-80.4926379999999,0
			-6.43958299999997,-80.4926379999999,0
			-6.43958299999997,-80.49292,0
			-6.43930699999987,-80.49292,0
			-6.43930399999994,-80.4948579999999,0
			-6.43902899999989,-80.4948579999999,0
			-6.43902899999989,-80.495415,0
			-6.43875099999997,-80.495415,0
			-6.43875099999997,-80.495697,0
			-6.43847299999987,-80.495697,0
			-6.43847299999987,-80.496246,0
			-6.43819499999989,-80.496246,0
			-6.43819499999989,-80.4973599999999,0
			-6.43791599999997,-80.4973599999999,0
			-6.43791599999997,-80.498749,0
			-6.43763799999994,-80.498749,0
			-6.43763799999994,-80.4990309999999,0
			-6.43791599999997,-80.4990309999999,0
			-6.43791599999997,-80.49958,0
			-6.43819499999989,-80.49958,0
			-6.43819499999989,-80.500694,0
			-6.43791599999997,-80.500694,0
			-6.43791599999997,-80.501251,0
			-6.43763799999994,-80.501251,0
			-6.43763799999994,-80.5018079999999,0
			-6.4373599999999,-80.5018079999999,0
			-6.4373599999999,-80.502083,0
			-6.43680699999987,-80.502083,0
			-6.43680699999987,-80.5023569999999,0
			-6.43624999999997,-80.5023569999999,0
			-6.43624999999997,-80.5026399999999,0
			-6.43458199999992,-80.5026399999999,0
			-6.43458199999992,-80.5031969999999,0
			-6.43430399999994,-80.5031969999999,0
			-6.43430399999994,-80.5034709999999,0
			-6.4340259999999,-80.5034709999999,0
			-6.4340259999999,-80.506248,0
			-6.43430399999994,-80.506248,0
			-6.43430399999994,-80.5068049999999,0
			-6.4340259999999,-80.5068049999999,0
			-6.4340259999999,-80.50708,0
			-6.43374999999992,-80.50708,0
			-6.43374999999992,-80.5068049999999,0
			-6.4331939999999,-80.5068049999999,0
			-6.4331939999999,-80.5065309999999,0
			-6.43263799999994,-80.5065309999999,0
			-6.43263799999994,-80.507637,0
			-6.43291599999992,-80.507637,0
			-6.43291599999992,-80.5084689999999,0
			-6.43263799999994,-80.5084689999999,0
			-6.43263799999994,-80.5090259999999,0
			-6.4323599999999,-80.5090259999999,0
			-6.4323619999999,-80.5093079999999,0
			-6.4315279999999,-80.5093079999999,0
			-6.4315279999999,-80.509583,0
			-6.43124999999992,-80.509583,0
			-6.43124999999992,-80.5098649999999,0
			-6.43013799999994,-80.5098649999999,0
			-6.43013799999994,-80.5115279999999,0
			-6.43041599999992,-80.5115279999999,0
			-6.43041599999992,-80.5118029999999,0
			-6.43097199999994,-80.5118029999999,0
			-6.43097199999994,-80.5123599999999,0
			-6.43041599999992,-80.5123599999999,0
			-6.43041599999992,-80.5126419999999,0
			-6.42958399999992,-80.5126419999999,0
			-6.42958399999992,-80.512917,0
			-6.42930599999994,-80.512917,0
			-6.42930599999994,-80.5134739999999,0
			-6.42958399999992,-80.5134739999999,0
			-6.42958399999992,-80.513748,0
			-6.4298619999999,-80.513748,0
			-6.4298619999999,-80.5143049999999,0
			-6.42958399999992,-80.5143049999999,0
			-6.42958199999993,-80.5151369999999,0
			-6.4290279999999,-80.5151369999999,0
			-6.4290279999999,-80.5148619999999,0
			-6.42847199999994,-80.5148619999999,0
			-6.42847199999994,-80.51458,0
			-6.42791599999993,-80.51458,0
			-6.42791599999993,-80.5148619999999,0
			-6.42763799999994,-80.5148619999999,0
			-6.42763799999994,-80.5165249999999,0
			-6.42791599999993,-80.5165249999999,0
			-6.42791599999993,-80.518196,0
			-6.42763799999994,-80.518196,0
			-6.42763799999994,-80.5184709999999,0
			-6.42735999999985,-80.5184709999999,0
			-6.4273619999999,-80.5187529999999,0
			-6.42708399999992,-80.5187529999999,0
			-6.42708399999992,-80.5184709999999,0
			-6.42680599999994,-80.5184709999999,0
			-6.42680599999994,-80.518196,0
			-6.42652799999991,-80.518196,0
			-6.42652799999991,-80.5184709999999,0
			-6.42624999999992,-80.5184709999999,0
			-6.42624999999992,-80.5187529999999,0
			-6.42597199999994,-80.5187529999999,0
			-6.42597199999994,-80.5190279999999,0
			-6.42569299999997,-80.5190279999999,0
			-6.42569299999997,-80.5193019999999,0
			-6.42541499999993,-80.5193019999999,0
			-6.42541499999993,-80.5204159999998,0
			-6.42513699999995,-80.5204159999998,0
			-6.42513699999995,-80.5218049999999,0
			-6.42486199999991,-80.5218049999999,0
			-6.42486199999991,-80.5229189999999,0
			-6.42458399999992,-80.5229189999999,0
			-6.42458399999992,-80.5240249999999,0
			-6.42430499999995,-80.5240249999999,0
			-6.42430499999995,-80.5245819999998,0
			-6.42402699999997,-80.5245819999998,0
			-6.42402699999997,-80.5251389999999,0
			-6.42374899999993,-80.5251389999999,0
			-6.42374899999993,-80.525696,0
			-6.42347099999995,-80.525696,0
			-6.42347099999995,-80.5259699999999,0
			-6.42319299999997,-80.5259699999999,0
			-6.42319299999997,-80.526527,0
			-6.42291799999992,-80.526527,0
			-6.42291799999992,-80.5270839999999,0
			-6.42263899999995,-80.5270839999999,0
			-6.42263899999995,-80.527641,0
			-6.42236099999997,-80.527641,0
			-6.42236099999997,-80.5281909999999,0
			-6.42208299999993,-80.528198,0
			-6.42208299999993,-80.5287479999999,0
			-6.42180499999995,-80.5287479999999,0
			-6.42180499999995,-80.5293049999999,0
			-6.42152699999997,-80.5293049999999,0
			-6.42152699999997,-80.5295869999999,0
			-6.42124899999993,-80.5295869999999,0
			-6.42124899999993,-80.5301359999999,0
			-6.42097299999995,-80.5301359999999,0
			-6.42097299999995,-80.530693,0
			-6.42069499999997,-80.530693,0
			-6.42069499999997,-80.5312499999999,0
			-6.42041699999993,-80.5312499999999,0
			-6.42041699999993,-80.531807,0
			-6.42013899999995,-80.531807,0
			-6.42013899999995,-80.532364,0
			-6.41986099999997,-80.532364,0
			-6.41986099999997,-80.532639,0
			-6.41958299999993,-80.532639,0
			-6.41958299999993,-80.533195,0
			-6.41930499999995,-80.533195,0
			-6.41930499999995,-80.5337519999999,0
			-6.41902699999997,-80.5337519999999,0
			-6.41902699999997,-80.5343019999999,0
			-6.41874899999993,-80.5343019999999,0
			-6.41874899999993,-80.534859,0
			-6.41847299999995,-80.534859,0
			-6.41847299999995,-80.5354159999999,0
			-6.41819499999997,-80.5354159999999,0
			-6.41819499999997,-80.535973,0
			-6.41791699999993,-80.535973,0
			-6.41791699999993,-80.53653,0
			-6.41763899999995,-80.53653,0
			-6.41763899999995,-80.5370859999999,0
			-6.41736099999997,-80.5370859999999,0
			-6.41736099999997,-80.5376359999999,0
			-6.41708299999993,-80.5376359999999,0
			-6.41708299999993,-80.5384749999999,0
			-6.41680499999995,-80.5384749999999,0
			-6.41680499999995,-80.539024,0
			-6.41652699999997,-80.539024,0
			-6.41652699999997,-80.5395809999999,0
			-6.41625099999993,-80.5395809999999,0
			-6.41624899999994,-80.540138,0
			-6.41597099999996,-80.540138,0
			-6.41597099999996,-80.540695,0
			-6.41569299999998,-80.540695,0
			-6.41569499999997,-80.5412519999999,0
			-6.41541699999993,-80.5412519999999,0
			-6.41541699999993,-80.5418089999999,0
			-6.41513899999995,-80.5418089999999,0
			-6.41513899999995,-80.542358,0
			-6.41486099999997,-80.542358,0
			-6.41486099999997,-80.5429149999999,0
			-6.41458299999994,-80.5429149999999,0
			-6.41458299999994,-80.543198,0
			-6.41430499999996,-80.543198,0
			-6.41430499999996,-80.5437469999999,0
			-6.41402699999998,-80.5437469999999,0
			-6.41402699999998,-80.544029,0
			-6.41375099999993,-80.544029,0
			-6.41375099999993,-80.5445859999999,0
			-6.41347299999995,-80.5445859999999,0
			-6.41347299999995,-80.544861,0
			-6.41319499999997,-80.544861,0
			-6.41319499999997,-80.5454179999999,0
			-6.41291699999994,-80.5454179999999,0
			-6.41291699999994,-80.545692,0
			-6.41263899999996,-80.545692,0
			-6.41263899999996,-80.5462489999999,0
			-6.41236099999998,-80.5462489999999,0
			-6.41236099999998,-80.546524,0
			-6.41208199999988,-80.546524,0
			-6.41208199999988,-80.5470809999999,0
			-6.41180699999995,-80.5470809999999,0
			-6.41180699999995,-80.547363,0
			-6.41152899999997,-80.547363,0
			-6.41152899999997,-80.5479199999999,0
			-6.41125099999994,-80.5479199999999,0
			-6.41125099999994,-80.54847,0
			-6.41097299999996,-80.54847,0
			-6.41097299999996,-80.549026,0
			-6.41069399999998,-80.549026,0
			-6.41069399999998,-80.5495829999999,0
			-6.41041599999988,-80.5495829999999,0
			-6.41041599999988,-80.5501399999999,0
			-6.41013799999996,-80.5501399999999,0
			-6.41013799999996,-80.5506969999998,0
			-6.40985999999998,-80.5506969999998,0
			-6.40985999999998,-80.5512469999999,0
			-6.40958499999994,-80.5512469999999,0
			-6.40958199999989,-80.553192,0
			-6.40930699999996,-80.553192,0
			-6.40930699999996,-80.5543059999999,0
			-6.40902799999998,-80.5543059999999,0
			-6.40902799999998,-80.5551379999999,0
			-6.40874999999988,-80.5551379999999,0
			-6.40874999999988,-80.5559689999999,0
			-6.40847199999996,-80.5559689999999,0
			-6.40847199999996,-80.5562519999999,0
			-6.40735999999987,-80.5562519999999,0
			-6.40735999999987,-80.556526,0
			-6.40680599999996,-80.556526,0
			-6.40680599999996,-80.5581969999999,0
			-6.40652799999998,-80.5581969999999,0
			-6.40652799999998,-80.5593029999999,0
			-6.40624999999989,-80.5593029999999,0
			-6.40624999999989,-80.5598599999998,0
			-6.40597199999996,-80.5598599999998,0
			-6.40597199999996,-80.560143,0
			-6.40569399999987,-80.560143,0
			-6.40569399999987,-80.5606919999998,0
			-6.40541599999989,-80.5606919999998,0
			-6.40541599999989,-80.5612489999999,0
			-6.40513799999997,-80.5612489999999,0
			-6.40513799999997,-80.561806,0
			-6.40485999999981,-80.561806,0
			-6.40485999999981,-80.5620799999999,0
			-6.40458399999989,-80.5620799999999,0
			-6.40458399999989,-80.5626369999999,0
			-6.40430599999996,-80.5626369999999,0
			-6.40430599999996,-80.5631939999999,0
			-6.40402799999987,-80.5631939999999,0
			-6.40402799999987,-80.5637509999999,0
			-6.40374999999989,-80.5637509999999,0
			-6.40374999999989,-80.5640259999999,0
			-6.40347199999997,-80.5640259999999,0
			-6.40347199999997,-80.5645829999999,0
			-6.40319399999981,-80.5645829999999,0
			-6.40319399999981,-80.56514,0
			-6.40291599999989,-80.56514,0
			-6.40291599999989,-80.5659709999999,0
			-6.40263999999996,-80.5659709999999,0
			-6.40263999999996,-80.5665279999999,0
			-6.40236199999987,-80.5665279999999,0
			-6.40236199999987,-80.567085,0
			-6.40208399999989,-80.567085,0
			-6.40208399999989,-80.567642,0
			-6.40180599999997,-80.567642,0
			-6.40180599999997,-80.568474,0
			-6.40152799999981,-80.568474,0
			-6.40152799999981,-80.5690309999999,0
			-6.40124999999989,-80.5690309999999,0
			-6.40124999999989,-80.5698619999999,0
			-6.40097199999997,-80.5698619999999,0
			-6.40097199999997,-80.5706939999999,0
			-6.40069399999993,-80.5706939999999,0
			-6.40069399999993,-80.571251,0
			-6.40041799999989,-80.571251,0
			-6.40041799999989,-80.572083,0
			-6.40013999999996,-80.572083,0
			-6.40013999999996,-80.572639,0
			-6.39986199999981,-80.572639,0
			-6.39986199999981,-80.5729139999999,0
			-6.39958399999989,-80.5729139999999,0
			-6.39958399999989,-80.573471,0
			-6.39930599999997,-80.573471,0
			-6.39930599999997,-80.5740279999999,0
			-6.39902799999993,-80.5740279999999,0
			-6.39902799999993,-80.574585,0
			-6.39874999999989,-80.574585,0
			-6.39874999999989,-80.5748599999999,0
			-6.39847099999992,-80.5748599999999,0
			-6.39847099999992,-80.575417,0
			-6.39819299999994,-80.575417,0
			-6.39819299999994,-80.576805,0
			-6.39791799999989,-80.576805,0
			-6.39791799999989,-80.577919,0
			-6.39763999999997,-80.577919,0
			-6.39763999999997,-80.579308,0
			-6.39736199999993,-80.579308,0
			-6.39736199999993,-80.579582,0
			-6.3970829999999,-80.579582,0
			-6.3970829999999,-80.5798649999999,0
			-6.39652699999994,-80.5798649999999,0
			-6.39652699999994,-80.580139,0
			-6.3962489999999,-80.580139,0
			-6.3962489999999,-80.580414,0
			-6.39597099999992,-80.580414,0
			-6.39597099999992,-80.5806959999999,0
			-6.39569299999994,-80.5806959999999,0
			-6.39569299999994,-80.580971,0
			-6.3954169999999,-80.580971,0
			-6.3954169999999,-80.5812529999999,0
			-6.39486099999993,-80.5812529999999,0
			-6.39486099999993,-80.5815279999999,0
			-6.3945829999999,-80.5815279999999,0
			-6.3945829999999,-80.581802,0
			-6.39430499999992,-80.581802,0
			-6.39430499999992,-80.583473,0
			-6.39402699999994,-80.583473,0
			-6.39402699999994,-80.5854189999999,0
			-6.3937489999999,-80.5854189999999,0
			-6.3937489999999,-80.5862499999999,0
			-6.39347099999992,-80.5862499999999,0
			-6.39347099999992,-80.5868069999999,0
			-6.39319499999993,-80.5868069999999,0
			-6.39319499999993,-80.587639,0
			-6.3929169999999,-80.587639,0
			-6.3929169999999,-80.5881959999999,0
			-6.39263899999992,-80.5881959999999,0
			-6.39263899999992,-80.58847,0
			-6.39236099999994,-80.58847,0
			-6.39236099999994,-80.5890269999999,0
			-6.3920829999999,-80.5890269999999,0
			-6.3920829999999,-80.589302,0
			-6.39180499999992,-80.589302,0
			-6.39180499999992,-80.5898589999999,0
			-6.39152699999994,-80.5898589999999,0
			-6.39152699999994,-80.5901409999999,0
			-6.39124899999985,-80.5901409999999,0
			-6.39124899999985,-80.591248,0
			-6.39097099999992,-80.591248,0
			-6.39097299999992,-80.5923609999999,0
			-6.39069499999994,-80.5923609999999,0
			-6.39069499999994,-80.5934749999999,0
			-6.3904169999999,-80.5934749999999,0
			-6.3904169999999,-80.5937499999999,0
			-6.39013899999992,-80.5937499999999,0
			-6.39013899999992,-80.5940249999999,0
			-6.38958299999985,-80.5940249999999,0
			-6.38958299999985,-80.5943069999999,0
			-6.38930499999992,-80.5943069999999,0
			-6.38930499999992,-80.5940249999999,0
			-6.38902699999994,-80.5940249999999,0
			-6.38902699999994,-80.5943069999999,0
			-6.38874899999996,-80.5943069999999,0
			-6.38874899999996,-80.5948639999999,0
			-6.38847099999992,-80.5948639999999,0
			-6.38847299999992,-80.5951389999999,0
			-6.38819499999994,-80.5951389999999,0
			-6.38819499999994,-80.5959699999999,0
			-6.38791699999985,-80.5959699999999,0
			-6.38791699999985,-80.5965269999999,0
			-6.38763899999992,-80.5965269999999,0
			-6.38763899999992,-80.5973589999999,0
			-6.38736099999994,-80.5973589999999,0
			-6.38736099999994,-80.598198,0
			-6.38708299999996,-80.598198,0
			-6.38708299999996,-80.5987469999999,0
			-6.38680499999992,-80.5987469999999,0
			-6.38680499999992,-80.599586,0
			-6.38652899999994,-80.599586,0
			-6.38652699999994,-80.6001359999998,0
			-6.38624799999997,-80.6001359999998,0
			-6.38624799999997,-80.6009749999999,0
			-6.38596999999993,-80.6009749999999,0
			-6.38597299999992,-80.6018069999999,0
			-6.38569499999994,-80.6018069999999,0
			-6.38569499999994,-80.602364,0
			-6.38541699999996,-80.602364,0
			-6.38541699999996,-80.603195,0
			-6.38513899999992,-80.603195,0
			-6.38513899999992,-80.6040269999999,0
			-6.38485999999995,-80.6040269999999,0
			-6.38485999999995,-80.604584,0
			-6.38458199999997,-80.604584,0
			-6.38458199999997,-80.6054149999999,0
			-6.38430399999993,-80.6054149999999,0
			-6.38430399999993,-80.6059719999999,0
			-6.38402899999994,-80.6059719999999,0
			-6.38402899999994,-80.606529,0
			-6.38375099999996,-80.606529,0
			-6.38375099999996,-80.6068039999999,0
			-6.38347199999993,-80.6068039999999,0
			-6.38347199999993,-80.6081919999999,0
			-6.38319399999995,-80.6081919999999,0
			-6.38319399999995,-80.6090239999999,0
			-6.38291599999997,-80.6090239999999,0
			-6.38291599999997,-80.6093059999999,0
			-6.38263799999993,-80.6093059999999,0
			-6.38263799999993,-80.6095809999998,0
			-6.38208499999996,-80.6095809999998,0
			-6.38208499999996,-80.609863,0
			-6.38180599999993,-80.609863,0
			-6.38180599999993,-80.6101379999999,0
			-6.38152799999995,-80.6101379999999,0
			-6.38152799999995,-80.61042,0
			-6.38124999999997,-80.61042,0
			-6.38124999999997,-80.6109699999999,0
			-6.38097199999993,-80.6109699999999,0
			-6.38097199999993,-80.611252,0
			-6.38069399999995,-80.611252,0
			-6.38069399999995,-80.611526,0
			-6.38041599999997,-80.611526,0
			-6.38041599999997,-80.614586,0
			-6.38013799999993,-80.614586,0
			-6.38013799999993,-80.614861,0
			-6.37985999999995,-80.614861,0
			-6.37985999999995,-80.6151349999999,0
			-6.37958399999997,-80.6151349999999,0
			-6.37958399999997,-80.615692,0
			-6.37930599999993,-80.615692,0
			-6.37930599999993,-80.6159739999999,0
			-6.37902799999995,-80.6159739999999,0
			-6.37902799999995,-80.616249,0
			-6.37874999999997,-80.616249,0
			-6.37874999999997,-80.6168059999999,0
			-6.37847199999993,-80.6168059999999,0
			-6.37847199999993,-80.6184689999999,0
			-6.37819399999995,-80.6184689999999,0
			-6.37819399999995,-80.619026,0
			-6.37791599999997,-80.619026,0
			-6.37791599999997,-80.6193079999999,0
			-6.37763799999988,-80.6193079999999,0
			-6.37763799999988,-80.619858,0
			-6.37736199999995,-80.619858,0
			-6.37736199999995,-80.620415,0
			-6.37708399999997,-80.620415,0
			-6.37708399999997,-80.620697,0
			-6.37680599999993,-80.620697,0
			-6.37680599999993,-80.620415,0
			-6.37652799999995,-80.620415,0
			-6.37652799999995,-80.6218029999999,0
			-6.37624999999997,-80.6218029999999,0
			-6.37624999999997,-80.62236,0
			-6.37652799999995,-80.62236,0
			-6.37652799999995,-80.622917,0
			-6.37624999999997,-80.622917,0
			-6.37624999999997,-80.623749,0
			-6.37597199999988,-80.623749,0
			-6.37597199999988,-80.6243059999999,0
			-6.37569399999995,-80.6243059999999,0
			-6.37569399999995,-80.6251369999999,0
			-6.37541599999997,-80.6251369999999,0
			-6.37541599999997,-80.625694,0
			-6.37513799999988,-80.625694,0
			-6.37513799999988,-80.6262509999999,0
			-6.37485999999996,-80.6262509999999,0
			-6.37485999999996,-80.62674,0
			-6.37248516299996,-80.6248321309999,0
			-6.24744199999992,-80.5391689999999,0
			-6.20471999999995,-80.5103449999999,0
			-6.02013499999993,-80.382507,0
			-6.00992899999994,-80.376312,0
			-6.00342399999988,-80.3719019999999,0
			-5.99863399999992,-80.3681789999999,0
			-5.99565746899998,-80.366481048,0
			-5.99252299999995,-80.364693,0
			-5.98955799999993,-80.362061,0
			-5.98666099999997,-80.3600769999999,0
			-5.98433899999998,-80.3580779999999,0
			-5.98083537399998,-80.3558680419999,0
			-5.97930699999989,-80.354904,0
			-5.97897179799998,-80.354653535,0
			-5.97519299999993,-80.3518299999999,0
			-5.97452669399996,-80.351522038,0
			-5.97413499999988,-80.3513409999999,0
			-5.97223199999991,-80.349907,0
			-5.97027921699987,-80.3488006599999,0
			-5.96713399799989,-80.3452758799999,0
			-5.96249818799993,-80.3411636349999,0
			-5.95288181199987,-80.3306426999999,0
			-5.94313382999997,-80.3177185059999,0
			-5.93873021299987,-80.3126204289999,0
			-5.93766399999993,-80.3113859999999,0
			-5.93521199999992,-80.307739,0
			-5.93191899999994,-80.3035959999999,0
			-5.92917199999994,-80.2988659999999,0
			-5.92694655799994,-80.2955136469999,0
			-5.9267411219999,-80.295204164,0
			-5.92613042099993,-80.2938361289999,0
			-5.92239199999995,-80.2854609999999,0
			-5.91821399999992,-80.2766649999999,0
			-5.91816125299994,-80.276569049,0
			-5.9167881009999,-80.2740707409999,0
			-5.91539716799991,-80.270668029,0
			-5.91305208099993,-80.2663269029999,0
			-5.91123216199992,-80.262208447,0
			-5.90964699999995,-80.2586209999999,0
			-5.90913199999989,-80.2569959999999,0
			-5.90715784699995,-80.2528218689999,0
			-5.90398311599984,-80.2461090079999,0
			-5.90141916299996,-80.2389297489999,0
			-5.90011119899992,-80.2363815299999,0
			-5.89831036899994,-80.230876139,0
			-5.89690699999994,-80.2265849999999,0
			-5.89638106699994,-80.223985533,0
			-5.89598417299993,-80.22202301,0
			-5.89336919799996,-80.2041168209998,0
			-5.89262914599993,-80.195457459,0
			-5.89247491999993,-80.1948297439999,0
			-5.89183999999989,-80.192245,0
			-5.89166699999987,-80.188576,0
			-5.89193599999993,-80.182968,0
			-5.89182991099995,-80.178962341,0
			-5.89170099999996,-80.174095,0
			-5.89006899999993,-80.163651,0
			-5.89031799999998,-80.1582869999999,0
			-5.89016849899997,-80.1580479799999,0
			-5.88998890199997,-80.1577606239998,0
			-5.88946819299997,-80.1557617189999,0
			-5.88937797599993,-80.1528306779999,0
			-5.88928099999993,-80.1496729999999,0
			-5.88850744299992,-80.1475447849999,0
			-5.88824415099992,-80.1468200679999,0
			-5.88827069799987,-80.1461846859999,0
			-5.88830299999989,-80.1454159999999,0
			-5.88899181899995,-80.1431191759999,0
			-5.88951099999991,-80.1413879999999,0
			-5.88988847899998,-80.139163616,0
			-5.8903499999999,-80.136444,0
			-5.89134799999994,-80.1278149999999,0
			-5.89127499999995,-80.1248629999999,0
			-5.89115557599996,-80.1247709099999,0
			-5.89090799999997,-80.12458,0
			-5.89047316099987,-80.1245757189999,0
			-5.8901967999999,-80.1245727529998,0
			-5.88969101099991,-80.124345895,0
			-5.88920999999988,-80.12413,0
			-5.88582515799988,-80.1239964679999,0
			-5.88419103599995,-80.1239318849999,0
			-5.87998199399993,-80.1223525989999,0
			-5.87561511899992,-80.121894837,0
			-5.87231016199996,-80.120788573,0
			-5.87176450599992,-80.1196426339999,0
			-5.87145299999997,-80.1189879999999,0
			-5.87150299999996,-80.117378,0
			-5.87111099999993,-80.1158139999999,0
			-5.86829399999993,-80.1116709999998,0
			-5.8679698279999,-80.110462808,0
			-5.86794614699983,-80.1103744499999,0
			-5.86805706599995,-80.1099307739999,0
			-5.86815999999993,-80.1095199999999,0
			-5.86813987699998,-80.1087128569999,0
			-5.86813299999994,-80.1084369999999,0
			-5.86738299999996,-80.106705,0
			-5.86689751999984,-80.105967467,0
			-5.86654899999996,-80.1054379999999,0
			-5.86459099999996,-80.1038509999999,0
			-5.86189499999989,-80.1028439999998,0
			-5.86036299999989,-80.1019209999999,0
			-5.85982699999994,-80.1011959999999,0
			-5.85901396499992,-80.0994458599999,0
			-5.85865399999989,-80.098671,0
			-5.85835416099997,-80.0982476979999,0
			-5.85771899999997,-80.0973509999999,0
			-5.85736233699993,-80.097093059,0
			-5.85642199999995,-80.0964129999999,0
			-5.85448455399995,-80.0955390439999,0
			-5.85347799999988,-80.095085,0
			-5.85229299999997,-80.092575,0
			-5.85141099999993,-80.0915679999999,0
			-5.84984899999995,-80.090675,0
			-5.8455239999999,-80.0889129999999,0
			-5.84486578199989,-80.0882183609999,0
			-5.84328299999993,-80.0865479999999,0
			-5.84199330599989,-80.0858938539999,0
			-5.84168810299997,-80.085739052,0
			-5.84100199999995,-80.0846789999999,0
			-5.8403432749999,-80.0839654129999,0
			-5.83929699999993,-80.0828319999999,0
			-5.83743505399997,-80.0812751899999,0
			-5.83564805899982,-80.079780579,0
			-5.83504915299983,-80.078277589,0
			-5.83503928899989,-80.077749379,0
			-5.83502599999997,-80.077026,0
			-5.83440399999989,-80.0760419999999,0
			-5.8341989999999,-80.075919293,0
			-5.8337039999999,-80.075623,0
			-5.83288035499987,-80.0756279189999,0
			-5.8325319999999,-80.0756299999999,0
			-5.83205599999997,-80.0754009999999,0
			-5.83169559999993,-80.0749824899999,0
			-5.83082818999998,-80.0739746099999,0
			-5.83039717299994,-80.073066718,0
			-5.82994099999996,-80.072105,0
			-5.82850385499995,-80.070427273,0
			-5.82813099999993,-80.0699919999999,0
			-5.82774354599997,-80.069676903,0
			-5.82604799999996,-80.068298,0
			-5.82352799999995,-80.066925,0
			-5.82293948299991,-80.0663415519999,0
			-5.82225084299995,-80.0656585699999,0
			-5.82152456899991,-80.064598839,0
			-5.82058800299995,-80.063232004,0
			-5.8194550479999,-80.058807186,0
			-5.81931885299991,-80.058549442,0
			-5.81856799999997,-80.0571289999999,0
			-5.81804827099995,-80.057109323,0
			-5.81735299999997,-80.0570829999999,0
			-5.81577399999998,-80.0553739999999,0
			-5.8144539999999,-80.054817,0
			-5.81099178599987,-80.0527343879999,0
			-5.80769205099989,-80.049034118,0
			-5.80464506099986,-80.0461273199999,0
			-5.80268716899997,-80.0435562139999,0
			-5.80154085099997,-80.0416412349999,0
			-5.80006217899989,-80.040626527,0
			-5.79761218899989,-80.0395126349999,0
			-5.79691219299997,-80.0383911119999,0
			-5.79611396799993,-80.0377960199999,0
			-5.79359579099992,-80.0371856679999,0
			-5.79189109799984,-80.0343704219999,0
			-5.78965520799994,-80.0334472659999,0
			-5.78720998699993,-80.032844543,0
			-5.78489208299993,-80.029884339,0
			-5.78307819299994,-80.028060913,0
			-5.77723216899994,-80.0230178839998,0
			-5.77470397999991,-80.020225526,0
			-5.7726888659999,-80.0188903809998,0
			-5.77093696599997,-80.0161895749999,0
			-5.76640605899991,-80.0076980589999,0
			-5.76501083399995,-80.004615784,0
			-5.76460981299988,-80.0019073479999,0
			-5.76207780899989,-80.0000076289999,0
			-5.75886917099996,-79.9990005489998,0
			-5.7567849159999,-79.9980316159999,0
			-5.75518083599997,-79.997039795,0
			-5.75239801299995,-79.994834899,0
			-5.75113296599989,-79.9941558839999,0
			-5.74994611799991,-79.994056702,0
			-5.74426221899995,-79.9946746829999,0
			-5.73862504999988,-79.9960861199999,0
			-5.73248290999993,-79.993415832,0
			-5.73112201599992,-79.9934692369999,0
			-5.72803878799994,-79.9946136479999,0
			-5.72534513499988,-79.994606018,0
			-5.72128820499995,-79.9928054809999,0
			-5.71983814199996,-79.9924468989999,0
			-5.71744108199994,-79.9902877809999,0
			-5.7143521299999,-79.988952636,0
			-5.71312618199988,-79.9881210319999,0
			-5.70620012299997,-79.985473633,0
			-5.70344686399989,-79.9851455689999,0
			-5.70098114099989,-79.9844665529999,0
			-5.6954789159999,-79.9840240469999,0
			-5.69351911599995,-79.9834823619999,0
			-5.69157218999987,-79.9825363149999,0
			-5.69053506899996,-79.982292176,0
			-5.68715810799995,-79.9822845459999,0
			-5.68355703399993,-79.982757568,0
			-5.68266820799988,-79.9824295049999,0
			-5.6801080699999,-79.9822311409999,0
			-5.67855405699993,-79.981826782,0
			-5.67674922999993,-79.980895996,0
			-5.67194700299996,-79.9776611339999,0
			-5.66878795699995,-79.9761199939999,0
			-5.66725921599993,-79.975631714,0
			-5.66491794599995,-79.975631714,0
			-5.66344308899994,-79.974967957,0
			-5.66140079399997,-79.9736709589999,0
			-5.65780687299997,-79.970413207,0
			-5.65602016399993,-79.9694976809998,0
			-5.65376615599996,-79.969711304,0
			-5.65138721399995,-79.9727630619999,0
			-5.64932918499994,-79.9740371709999,0
			-5.64733219199996,-79.9738464349999,0
			-5.64406204099993,-79.974655151,0
			-5.64002323199998,-79.974777221,0
			-5.63759803799996,-79.974716186,0
			-5.63710307999997,-79.974494933,0
			-5.63281011599997,-79.9741897589999,0
			-5.63194608599997,-79.9738235469998,0
			-5.62617492599992,-79.973258973,0
			-5.62012386199996,-79.9734649649999,0
			-5.6145920749999,-79.9733352659999,0
			-5.61099100099995,-79.972816467,0
			-5.60002422299993,-79.9706115709999,0
			-5.59288597099993,-79.9705200189999,0
			-5.59128379799995,-79.9703140249999,0
			-5.59029722199995,-79.9698791499999,0
			-5.58772802399994,-79.9699096679999,0
			-5.58227014499988,-79.9684524529999,0
			-5.58039903599996,-79.966842652,0
			-5.57933187499998,-79.9652938839999,0
			-5.57889890699994,-79.9640197749999,0
			-5.57887601899989,-79.9614715579999,0
			-5.57798909999997,-79.9606552119999,0
			-5.57717800199993,-79.9607162469999,0
			-5.57618379499996,-79.961151123,0
			-5.57403087699993,-79.961059571,0
			-5.57372283999996,-79.961288452,0
			-5.57277488599993,-79.9613418569999,0
			-5.56438779799993,-79.9588317869999,0
			-5.56000518699994,-79.958061218,0
			-5.55930519199995,-79.9576339729999,0
			-5.55392408299991,-79.9576492309999,0
			-5.55069208099997,-79.9562911979999,0
			-5.54817390499994,-79.955627441,0
			-5.54454278999998,-79.9554214469999,0
			-5.54423522799993,-79.9556503299999,0
			-5.54262018199989,-79.9556426999999,0
			-5.53957891499988,-79.955047607,0
			-5.53483915299995,-79.9531402599999,0
			-5.53275108299994,-79.95262146,0
			-5.53099107799994,-79.9526443489999,0
			-5.53007793499989,-79.9520721429999,0
			-5.52693891499996,-79.9512405389999,0
			-5.52304887799988,-79.948852539,0
			-5.52090215699991,-79.94808197,0
			-5.51752376599995,-79.947441101,0
			-5.51616096499993,-79.9467773439999,0
			-5.51563501299995,-79.946151733,0
			-5.51615381199997,-79.9433517459998,0
			-5.51649808899992,-79.942924499,0
			-5.51652097699997,-79.941452027,0
			-5.51733302999992,-79.9391708379999,0
			-5.51704788199993,-79.9378662119999,0
			-5.51535892499993,-79.935913085,0
			-5.51092815299995,-79.933433532,0
			-5.50914812099995,-79.9327011099999,0
			-5.50580215499991,-79.932083131,0
			-5.50563621499998,-79.931427002,0
			-5.50630378599993,-79.9302444469999,0
			-5.50638103399996,-79.9293365469999,0
			-5.50581216799998,-79.9262771609999,0
			-5.50528287799995,-79.925056457,0
			-5.50506591799996,-79.9229431149999,0
			-5.50341796799984,-79.921554565,0
			-5.50147390399991,-79.9212951649999,0
			-5.50009822799996,-79.919982911,0
			-5.49912500399989,-79.9176177979999,0
			-5.49723100599994,-79.9143676759999,0
			-5.49661493199994,-79.912590027,0
			-5.49333810799993,-79.9076690669999,0
			-5.49319887199994,-79.9071502679999,0
			-5.49341821699994,-79.905685424,0
			-5.49310111999995,-79.904792785,0
			-5.49181318199993,-79.903617859,0
			-5.48952484199998,-79.9024810789999,0
			-5.48698091499989,-79.9015350339999,0
			-5.48098707199983,-79.901481629,0
			-5.48061323199988,-79.897468566,0
			-5.48109388399996,-79.8960800159999,0
			-5.48201322499989,-79.894912719,0
			-5.48478221999994,-79.892570496,0
			-5.48727989199995,-79.889221192,0
			-5.48915576999997,-79.8879013059998,0
			-5.49042320199987,-79.8853988649999,0
			-5.49248123099989,-79.8836441039999,0
			-5.49373006899992,-79.883148193,0
			-5.49553680399993,-79.881538392,0
			-5.49642419799989,-79.8812103269999,0
			-5.49882793299992,-79.879066467,0
			-5.50035810499998,-79.878631591,0
			-5.50522804299993,-79.8780288699999,0
			-5.50808381899998,-79.8773803699999,0
			-5.50985908499996,-79.877311707,0
			-5.51061820999996,-79.876998902,0
			-5.51223611899997,-79.875381469,0
			-5.51322603299991,-79.8734741219998,0
			-5.51457309599982,-79.8717803949999,0
			-5.51956176699991,-79.869155884,0
			-5.51998281399995,-79.86830902,0
			-5.52092695099998,-79.8642501819999,0
			-5.52246284499989,-79.861717224,0
			-5.52330779999988,-79.8608551029999,0
			-5.5264539719999,-79.8587799079999,0
			-5.52921390499989,-79.855163574,0
			-5.5307822229999,-79.8541412359999,0
			-5.53173017499989,-79.854103089,0
			-5.53289699499993,-79.8544235239999,0
			-5.53447914099991,-79.8560714719999,0
			-5.53912782599997,-79.858787536,0
			-5.54156684799995,-79.8612899779999,0
			-5.54221391599992,-79.861503601,0
			-5.54383706999994,-79.8614578239999,0
			-5.54815101699995,-79.8641662599999,0
			-5.54944801299996,-79.864204407,0
			-5.55095195799987,-79.863304138,0
			-5.55269288999995,-79.863067627,0
			-5.55390787099992,-79.863281249,0
			-5.55772781299987,-79.864639283,0
			-5.56203603699993,-79.8647994999999,0
			-5.56325721699989,-79.8642349239999,0
			-5.56508493299987,-79.8622589109999,0
			-5.56722307299992,-79.8611221309999,0
			-5.57020902599993,-79.8586273189999,0
			-5.57128000299997,-79.8588333129999,0
			-5.57391881899997,-79.860206605,0
			-5.57511615799996,-79.860420228,0
			-5.57629823599996,-79.8601989749999,0
			-5.57986116299998,-79.8589248649999,0
			-5.5862669949999,-79.8581008909999,0
			-5.58834123499997,-79.857093812,0
			-5.59154414999995,-79.8546371469999,0
			-5.59434223099987,-79.8530197139999,0
			-5.59635209999993,-79.852828979,0
			-5.59818506199997,-79.8536529529999,0
			-5.59898710199997,-79.8536529529999,0
			-5.60362291399997,-79.85218811,0
			-5.60578822999997,-79.8510894779999,0
			-5.61033678099989,-79.8493804929999,0
			-5.61117791999993,-79.848983764,0
			-5.61281204199997,-79.8475799559999,0
			-5.6147680279999,-79.846382142,0
			-5.61834621399993,-79.844482421,0
			-5.61972999599993,-79.8439941399999,0
			-5.62295913699995,-79.84349823,0
			-5.62434291699998,-79.8430633539999,0
			-5.62715482599992,-79.840957641,0
			-5.63002395599989,-79.839477539,0
			-5.63028001799995,-79.839118957,0
			-5.63156986299992,-79.8379516599999,0
			-5.63517093699988,-79.8374404909999,0
			-5.63734292899994,-79.835418701,0
			-5.63998699199993,-79.8340835559999,0
			-5.64143180799994,-79.833770751,0
			-5.64559507299998,-79.8335876459999,0
			-5.64574622999993,-79.8331756589998,0
			-5.64407777699984,-79.8299789439999,0
			-5.64456796699989,-79.828422546,0
			-5.64569616299997,-79.8270568839999,0
			-5.64849901199989,-79.8261566169999,0
			-5.65328979399987,-79.825462342,0
			-5.65427923199996,-79.8247451779999,0
			-5.65686416599988,-79.8220062249999,0
			-5.65804195399988,-79.8210983279999,0
			-5.6608610159999,-79.82019043,0
			-5.66420221199996,-79.819763183,0
			-5.66538810799995,-79.8190917959999,0
			-5.66645002299987,-79.818069458,0
			-5.66640376999993,-79.8171081529999,0
			-5.66578006599997,-79.816390992,0
			-5.66326808899993,-79.815963745,0
			-5.65995883899996,-79.81389618,0
			-5.65739011799997,-79.813804626,0
			-5.65680885299992,-79.813468933,0
			-5.65590620099994,-79.812469483,0
			-5.65457296399984,-79.812263489,0
			-5.65361118299995,-79.8117752079999,0
			-5.65186119099991,-79.8100967399999,0
			-5.65128898699982,-79.809181214,0
			-5.64683818899988,-79.804878235,0
			-5.64640188099992,-79.8016891479999,0
			-5.64682912799992,-79.7970123289999,0
			-5.64621782199987,-79.7934341439999,0
			-5.6463479979999,-79.789932252,0
			-5.64708614299997,-79.787635802,0
			-5.64811801899998,-79.7860641479999,0
			-5.65140676499988,-79.784225465,0
			-5.65427684699995,-79.7816085819999,0
			-5.65667009399988,-79.781120299,0
			-5.65776586599998,-79.7805557249999,0
			-5.65818309799994,-79.780067445,0
			-5.65876388499993,-79.7785339359999,0
			-5.65905380099997,-79.77532196,0
			-5.65994691799995,-79.7707061759999,0
			-5.66042613999997,-79.769447327,0
			-5.66252708399998,-79.7661590579999,0
			-5.66472387199997,-79.764396668,0
			-5.66996908199997,-79.7612762439999,0
			-5.67586898899998,-79.7553863529999,0
			-5.67633581099989,-79.754539489,0
			-5.67657089199997,-79.753349305,0
			-5.67597007599994,-79.750587463,0
			-5.67593479199985,-79.7484359749999,0
			-5.67546987499992,-79.746765137,0
			-5.6757531159999,-79.745178223,0
			-5.67636203699993,-79.7446212759999,0
			-5.67815303799989,-79.744033814,0
			-5.68071508399993,-79.743904113,0
			-5.68300294799997,-79.7440567019999,0
			-5.68489885199989,-79.7447509769999,0
			-5.6873078349999,-79.7468261719999,0
			-5.68943500499995,-79.749084473,0
			-5.69122791399991,-79.751434326,0
			-5.69274377699992,-79.754455567,0
			-5.69364690699996,-79.7554168699999,0
			-5.69602108099991,-79.7572097789999,0
			-5.69717502499992,-79.75932312,0
			-5.69964694999982,-79.7614212039999,0
			-5.70069980499989,-79.7616577149999,0
			-5.70331716499993,-79.759140014,0
			-5.70474815299991,-79.7583923339999,0
			-5.70634078899997,-79.756568909,0
			-5.70748805999995,-79.753990173,0
			-5.70829486799994,-79.7504577649999,0
			-5.70924901799998,-79.749320984,0
			-5.71057987299997,-79.748657226,0
			-5.71115302999988,-79.748069763,0
			-5.71139383399998,-79.7473144529998,0
			-5.71147203499987,-79.745414734,0
			-5.71183919899988,-79.744728089,0
			-5.71325206799992,-79.7439117429998,0
			-5.71460485399996,-79.7438354489999,0
			-5.71748399699993,-79.744491578,0
			-5.71839618699994,-79.7442779549999,0
			-5.71930313199994,-79.7436828619999,0
			-5.72009611099998,-79.742614745,0
			-5.72041511399993,-79.741165162,0
			-5.72137022099997,-79.739234924,0
			-5.72194719299995,-79.736885071,0
			-5.72271680899991,-79.7354583739998,0
			-5.72995281099992,-79.7282333379999,0
			-5.73066711399997,-79.7269439699999,0
			-5.73358583399994,-79.723960876,0
			-5.73461389399995,-79.7217788689999,0
			-5.73720788899988,-79.719848633,0
			-5.73959207499996,-79.7171096799999,0
			-5.74017286199989,-79.7167510979999,0
			-5.74122810399996,-79.7165679939999,0
			-5.74371194799988,-79.7172393809999,0
			-5.74703788699992,-79.7197418209999,0
			-5.74824476299995,-79.7196197499999,0
			-5.75047683699995,-79.7181167599999,0
			-5.75303888299993,-79.7180328379999,0
			-5.75725316999996,-79.7194290159999,0
			-5.76047801899995,-79.7211151119999,0
			-5.76276588399998,-79.721206664,0
			-5.76555299699993,-79.7222213739999,0
			-5.76811313599995,-79.7222976679999,0
			-5.77061080899989,-79.7233047479999,0
			-5.77299690299998,-79.7237319949999,0
			-5.77407312299994,-79.7242965689999,0
			-5.77559280399993,-79.7257995599999,0
			-5.78060722399994,-79.7265624999999,0
			-5.78230476399989,-79.727676392,0
			-5.78265094799991,-79.7282333379999,0
			-5.78258323699993,-79.728805543,0
			-5.78507900199992,-79.731216431,0
			-5.78578281399996,-79.7321853639999,0
			-5.78576183299992,-79.732597351,0
			-5.78644609299988,-79.7335968019999,0
			-5.78658294699994,-79.7345275879999,0
			-5.78685188199995,-79.73487091,0
			-5.79048681199993,-79.7335891719999,0
			-5.79193019799987,-79.733291626,0
			-5.79328584599995,-79.733200074,0
			-5.79406785999993,-79.7333908079999,0
			-5.79564523699986,-79.7346496589999,0
			-5.79778909699996,-79.7379074089999,0
			-5.79891776999989,-79.738891601,0
			-5.80266380299997,-79.7392425539999,0
			-5.80645179799996,-79.7392120359999,0
			-5.80709314299997,-79.739074707,0
			-5.80853319099987,-79.7382812489999,0
			-5.80947017699992,-79.7382431029999,0
			-5.81087207799993,-79.7387237549999,0
			-5.81379794999998,-79.7414932249999,0
			-5.81576919499992,-79.7419967659999,0
			-5.81822013899995,-79.7420349129999,0
			-5.81938409899988,-79.7417831409999,0
			-5.82300090799993,-79.739669799,0
			-5.82694578099995,-79.737960815,0
			-5.82844114299991,-79.7380142219999,0
			-5.83110284799989,-79.7389602659999,0
			-5.83367204599995,-79.738952636,0
			-5.83537721599987,-79.7378692629999,0
			-5.83723688099991,-79.737617493,0
			-5.83812284499993,-79.7372131339999,0
			-5.83853292399994,-79.736564636,0
			-5.83896922999998,-79.735069274,0
			-5.83905792099995,-79.7321166999999,0
			-5.83928823399998,-79.7314834589999,0
			-5.83889102799998,-79.72518158,0
			-5.83922386099994,-79.7242965689999,0
			-5.83933305699998,-79.7228240969999,0
			-5.83872508999997,-79.7181549059999,0
			-5.83785390899988,-79.7156219479999,0
			-5.83790922199995,-79.7144088749998,0
			-5.83835077299989,-79.7132797249999,0
			-5.83985280999991,-79.7115554819999,0
			-5.84053897799993,-79.7103958129999,0
			-5.84156513099992,-79.7052001939999,0
			-5.8421940799999,-79.7033309939999,0
			-5.84289598399988,-79.7023925779999,0
			-5.84509515699995,-79.7003250129999,0
			-5.84629201799987,-79.698371887,0
			-5.84689998599993,-79.6968765259999,0
			-5.84746122199988,-79.694381715,0
			-5.84745597699998,-79.6907501219999,0
			-5.84819221399988,-79.689025879,0
			-5.84807205099997,-79.688369751,0
			-5.84742212299994,-79.6873397819999,0
			-5.84715795499994,-79.684509277,0
			-5.84632396599994,-79.683021545,0
			-5.8440737709999,-79.6802825939999,0
			-5.84205722899998,-79.6786575329999,0
			-5.84158992699992,-79.6773986809999,0
			-5.83793878599988,-79.6730804439999,0
			-5.83624696699997,-79.670471192,0
			-5.83514880999996,-79.668037415,0
			-5.83508109999997,-79.666549683,0
			-5.83537912399993,-79.6641540529999,0
			-5.83478879899997,-79.662780761,0
			-5.83401822999997,-79.6618423469999,0
			-5.83269214499995,-79.6608963009999,0
			-5.82912111299987,-79.660148621,0
			-5.82778310799995,-79.659568786,0
			-5.82584476399995,-79.658081054,0
			-5.82407522099993,-79.656227112,0
			-5.82094097199985,-79.6546707159999,0
			-5.81860208499995,-79.653045655,0
			-5.81682014399996,-79.6514358519999,0
			-5.81634378399997,-79.6501541149999,0
			-5.81609487499998,-79.647636414,0
			-5.81390476199994,-79.645065309,0
			-5.81237983599988,-79.642211915,0
			-5.81230497299993,-79.639175415,0
			-5.81025600399994,-79.637214661,0
			-5.80883598199995,-79.6344604489998,0
			-5.80560922599994,-79.633331299,0
			-5.80398177999996,-79.631729126,0
			-5.80197191299993,-79.6314239499999,0
			-5.80127191499992,-79.6310119629999,0
			-5.80096387799983,-79.6299972529999,0
			-5.7989931109999,-79.6276092529999,0
			-5.79826784199997,-79.62587738,0
			-5.7977638239999,-79.623352051,0
			-5.79848718699998,-79.621910096,0
			-5.80063581499996,-79.6205368039999,0
			-5.80239105299995,-79.619834899,0
			-5.80345821299989,-79.6197204589999,0
			-5.80768823599993,-79.62059021,0
			-5.81158304099995,-79.620559693,0
			-5.81599521499982,-79.622222901,0
			-5.82051706199996,-79.622962951,0
			-5.82290077099998,-79.6238937369999,0
			-5.82500886999998,-79.6251144409999,0
			-5.82558822699997,-79.6258392329999,0
			-5.82613277499996,-79.627792359,0
			-5.82830715199992,-79.6298065189999,0
			-5.82902288299994,-79.6315383899999,0
			-5.82969283999995,-79.6322326649999,0
			-5.83161210999992,-79.631286621,0
			-5.83321618999997,-79.631523132,0
			-5.83508300699998,-79.6313247679999,0
			-5.83730983699991,-79.62940216,0
			-5.8402662279999,-79.628448485,0
			-5.84576511299997,-79.628479004,0
			-5.84681081699989,-79.6286621099999,0
			-5.84996604899993,-79.6298828119999,0
			-5.85223579399997,-79.6301803589999,0
			-5.85212802799992,-79.6322936999999,0
			-5.85248184199997,-79.633010864,0
			-5.8525161739999,-79.6355590809999,0
			-5.85307884299993,-79.6359558099999,0
			-5.85455608399991,-79.6361618039999,0
			-5.85565376299996,-79.6376647949999,0
			-5.85730409599995,-79.6376342779999,0
			-5.85844421399992,-79.6372451779999,0
			-5.85883378999995,-79.635932923,0
			-5.85873317799997,-79.6338806149999,0
			-5.85898208699996,-79.6331787119999,0
			-5.8599047649999,-79.6325378419999,0
			-5.86180782199989,-79.6318511969999,0
			-5.86401176499987,-79.6298446659999,0
			-5.86529683999993,-79.629653931,0
			-5.86821508499997,-79.629859924,0
			-5.86951589599994,-79.6297378529999,0
			-5.87126016499991,-79.6280517589999,0
			-5.87403106699998,-79.627670289,0
			-5.87493991799994,-79.626846313,0
			-5.87540817199994,-79.6260299689999,0
			-5.87616014499997,-79.625694276,0
			-5.8806772239999,-79.6264648439999,0
			-5.88478898899996,-79.625747681,0
			-5.88686895399991,-79.6269836419999,0
			-5.88818883799996,-79.6267318719999,0
			-5.88882684799989,-79.625831605,0
			-5.88911676399994,-79.6232833859999,0
			-5.89062309199994,-79.6212387079999,0
			-5.89127683599992,-79.6184844979999,0
			-5.89175605799988,-79.6173782339999,0
			-5.89336299799987,-79.6150436399999,0
			-5.89504194199998,-79.6136932359999,0
			-5.89801692899994,-79.612815857,0
			-5.90029811799991,-79.612686157,0
			-5.90244007099994,-79.61190033,0
			-5.90352296899994,-79.611961365,0
			-5.90479707699996,-79.6127166749999,0
			-5.90545606499995,-79.612823486,0
			-5.90821123099988,-79.6121597289999,0
			-5.91439676399995,-79.6118545529999,0
			-5.91564798299987,-79.6113357529999,0
			-5.91733694099992,-79.609756469,0
			-5.91804313699993,-79.609458923,0
			-5.91927623699996,-79.6096191399999,0
			-5.92198419499994,-79.6104660029999,0
			-5.92333793499995,-79.610458374,0
			-5.92653322199993,-79.6087341309999,0
			-5.92946910799992,-79.6063690179999,0
			-5.93363284999998,-79.6044769289999,0
			-5.9376368529999,-79.601081848,0
			-5.93905019699997,-79.600234986,0
			-5.93766212399987,-79.5989913949999,0
			-5.93590021099993,-79.5982742309998,0
			-5.93527412399993,-79.597801209,0
			-5.93439388299993,-79.5964279169999,0
			-5.93411588599992,-79.5949707039999,0
			-5.93451881399994,-79.593276977,0
			-5.93544483199992,-79.5913314809999,0
			-5.93677615999991,-79.5894699089999,0
			-5.93839406899997,-79.5881423939999,0
			-5.93870782799996,-79.587074279,0
			-5.93865108499989,-79.5854110709999,0
			-5.93819522899992,-79.5836868279999,0
			-5.93619203499992,-79.581687927,0
			-5.93600797599987,-79.5811843879999,0
			-5.93601179099994,-79.579429626,0
			-5.93470621099982,-79.5780944829999,0
			-5.9351849549999,-79.5771026609999,0
			-5.93620586299988,-79.5767593379999,0
			-5.93716287599995,-79.575637818,0
			-5.93734121399996,-79.574844361,0
			-5.9372000699999,-79.573234558,0
			-5.93799877199984,-79.5725250249999,0
			-5.93815898999998,-79.571731567,0
			-5.93736982299993,-79.5691528319999,0
			-5.93518876999997,-79.565757752,0
			-5.93460082999997,-79.563690186,0
			-5.93495511999987,-79.5625305179999,0
			-5.93628120399984,-79.5601882939999,0
			-5.93652486799994,-79.5579223629999,0
			-5.93848514499996,-79.55519867,0
			-5.93853521299991,-79.5537109379999,0
			-5.93809080099993,-79.5527191159999,0
			-5.93737506799994,-79.5521163929999,0
			-5.93620586299988,-79.5517730719999,0
			-5.93405008199989,-79.5517959579999,0
			-5.93249511699992,-79.551170349,0
			-5.93141078899993,-79.5503768919999,0
			-5.93103885599987,-79.5496139529999,0
			-5.93089103699998,-79.547653199,0
			-5.93042993499995,-79.5466690059999,0
			-5.92844819999993,-79.545288086,0
			-5.92799377399996,-79.5446166989999,0
			-5.92611598999997,-79.5438690189999,0
			-5.92574882599996,-79.5434875489998,0
			-5.92557620999997,-79.5427017219999,0
			-5.92612123499993,-79.541931153,0
			-5.92627286799996,-79.541267395,0
			-5.92568778999987,-79.5400695809998,0
			-5.92422008399996,-79.53982544,0
			-5.92321920399991,-79.5407180789999,0
			-5.92284822499994,-79.540802003,0
			-5.9208221429999,-79.539718627,0
			-5.92071676199987,-79.53918457,0
			-5.92117023399993,-79.5376129159999,0
			-5.92152595499994,-79.537254334,0
			-5.92271995599998,-79.5367813119999,0
			-5.92296600299994,-79.536399842,0
			-5.92273187699993,-79.535560608,0
			-5.92159700399998,-79.5342330929999,0
			-5.9215512269999,-79.532089233,0
			-5.92121791799997,-79.5318298349999,0
			-5.92040920299991,-79.5317001339999,0
			-5.91910123899987,-79.53263092,0
			-5.91870403299987,-79.5326080319999,0
			-5.91804313699993,-79.531921387,0
			-5.91802310899993,-79.530982971,0
			-5.91771078099993,-79.530578614,0
			-5.91708421699997,-79.530036926,0
			-5.9143848409999,-79.5292205809999,0
			-5.91351890499993,-79.5281906119999,0
			-5.91301584199988,-79.5270690919999,0
			-5.91305398899993,-79.5266799939999,0
			-5.9136009209999,-79.525909423,0
			-5.91324615499985,-79.5242004399999,0
			-5.91363286999996,-79.5232162469999,0
			-5.91299486099985,-79.5217361449999,0
			-5.91307306199991,-79.520126342,0
			-5.91413497899993,-79.5191192619999,0
			-5.91606283199991,-79.5181121819999,0
			-5.91708421699997,-79.5177688589999,0
			-5.91816902099993,-79.5177536009999,0
			-5.91907405799986,-79.517173766,0
			-5.92033815399998,-79.5170135509999,0
			-5.92047500599995,-79.516754151,0
			-5.92027902699982,-79.5154800409999,0
			-5.92134809499981,-79.5138168339999,0
			-5.92078113499997,-79.512741088,0
			-5.91965484499997,-79.512268066,0
			-5.91791582099995,-79.5122451779999,0
			-5.91668319599995,-79.511001587,0
			-5.91691303199991,-79.5100860589999,0
			-5.91799783699997,-79.508926392,0
			-5.91708803199992,-79.5076293939999,0
			-5.9172549249999,-79.506965637,0
			-5.9178562159999,-79.5063018789999,0
			-5.9171318999999,-79.50441742,0
			-5.91717004799989,-79.503074645,0
			-5.91754007299994,-79.502021789,0
			-5.91880512299997,-79.5006027219999,0
			-5.91907978099988,-79.4998397829999,0
			-5.91874980999995,-79.4993972779999,0
			-5.91679716099992,-79.4989166249999,0
			-5.91640519999993,-79.498313904,0
			-5.9165391919999,-79.497390746,0
			-5.91882276599995,-79.4918136599999,0
			-5.91900491699994,-79.4902877809999,0
			-5.9197049149999,-79.489662169,0
			-5.92127990599994,-79.488914489,0
			-5.92188119899987,-79.488212586,0
			-5.92189693499995,-79.4873962399999,0
			-5.92225122399992,-79.486877441,0
			-5.92196798299994,-79.4862213129999,0
			-5.92281579899992,-79.4852828989999,0
			-5.9227061279999,-79.4840927129999,0
			-5.92303895899994,-79.4833374029999,0
			-5.92362308399993,-79.4801864629999,0
			-5.92670202299996,-79.4742507939999,0
			-5.92781591499994,-79.472572326,0
			-5.92898321199993,-79.469779968,0
			-5.92976999199993,-79.468620301,0
			-5.93030500399988,-79.468162537,0
			-5.93182086999991,-79.467933656,0
			-5.93283510299989,-79.4662857059999,0
			-5.93355321899998,-79.4655609119999,0
			-5.93604421599997,-79.46546173,0
			-5.93733596799996,-79.464195251,0
			-5.93966817799992,-79.464683533,0
			-5.94091176899997,-79.463493348,0
			-5.94395303599993,-79.463264465,0
			-5.9447431559999,-79.46283722,0
			-5.94545221399994,-79.462089539,0
			-5.94601106499994,-79.4610366829999,0
			-5.94677209799994,-79.458297729,0
			-5.94755411199998,-79.4566421519999,0
			-5.94885683099994,-79.45148468,0
			-5.94982814699995,-79.4495162959999,0
			-5.95002603599994,-79.4471511849999,0
			-5.95180892899992,-79.4433288579999,0
			-5.95288705799987,-79.441619873,0
			-5.95430421899988,-79.4380416879999,0
			-5.95725822499998,-79.435035705,0
			-5.95793485599984,-79.4340209969998,0
			-5.96219921099987,-79.4298553469999,0
			-5.96279001199991,-79.4283142089999,0
			-5.96357393299996,-79.4271850589999,0
			-5.96585082999997,-79.4256439219999,0
			-5.96889495799985,-79.4228515629999,0
			-5.97111082099997,-79.4196853629999,0
			-5.97212314599994,-79.419784545,0
			-5.97322416299994,-79.420585632,0
			-5.97487401999985,-79.420585632,0
			-5.97617721599994,-79.420143127,0
			-5.97753095699994,-79.4188995359999,0
			-5.97881698499992,-79.4181900029999,0
			-5.98355722399992,-79.417503358,0
			-5.98569297699981,-79.416931153,0
			-5.99001407699996,-79.4167480469999,0
			-5.99162292499983,-79.4163436889999,0
			-5.99296283799993,-79.415725707,0
			-5.99386596699998,-79.415596008,0
			-5.99672412899992,-79.4157638539999,0
			-5.9991350169999,-79.4174652109999,0
			-6.00004720699997,-79.417655945,0
			-6.00285005599989,-79.417640687,0
			-6.00445699599993,-79.416511536,0
			-6.00251006999991,-79.414108276,0
			-6.0019879329999,-79.411552429,0
			-6.00074577299995,-79.409149169,0
			-6.00004720699997,-79.4083785999999,0
			-5.99850416199996,-79.4073181159999,0
			-5.99472284299998,-79.4056701659999,0
			-5.99254083599993,-79.4053344729999,0
			-5.99132680899993,-79.4048919669999,0
			-5.98837709299994,-79.4047851569999,0
			-5.98546218899997,-79.4038238519998,0
			-5.98389387099996,-79.4027481089999,0
			-5.98248815499994,-79.4014053339999,0
			-5.97868919399986,-79.397277832,0
			-5.97821712399997,-79.395225524,0
			-5.9784560199999,-79.393684387,0
			-5.97949790899997,-79.390846252,0
			-5.97936582599988,-79.388275146,0
			-5.97969913399993,-79.3859634399999,0
			-5.97888517299998,-79.3840103159999,0
			-5.97876596499998,-79.3830032339999,0
			-5.97778892399998,-79.38004303,0
			-5.97770690799996,-79.37802124,0
			-5.97795677199991,-79.3758316049999,0
			-5.97767877599989,-79.374595642,0
			-5.97757196399994,-79.371009827,0
			-5.97719383199995,-79.368743896,0
			-5.97651910699989,-79.367324829,0
			-5.97627115299997,-79.3658676159999,0
			-5.97629117899993,-79.364311218,0
			-5.97694301499996,-79.361724854,0
			-5.97700881999998,-79.3590621939999,0
			-5.97866201299991,-79.3554840089999,0
			-5.97926616599989,-79.352157593,0
			-5.97977590499988,-79.351387025,0
			-5.98220300599996,-79.3490142809999,0
			-5.98400211299997,-79.3486480709999,0
			-5.98780488899996,-79.3488769519999,0
			-5.9914951319999,-79.3477325439999,0
			-5.99515294999998,-79.3472824099999,0
			-5.99674606299988,-79.3463897709999,0
			-5.99996709799996,-79.3464660639999,0
			-6.00057315699996,-79.3462448109999,0
			-6.00342893599992,-79.3466567999999,0
			-6.00466585099997,-79.346435548,0
			-6.00650787299998,-79.3453063969999,0
			-6.01038312899988,-79.341003418,0
			-6.01481485399989,-79.337265015,0
			-6.01555776599992,-79.335830688,0
			-6.01652288399993,-79.3348846439999,0
			-6.01896619899992,-79.3337783819999,0
			-6.02157783399991,-79.332122802,0
			-6.02887821099984,-79.32849884,0
			-6.03058481099993,-79.3271865849998,0
			-6.0324859619999,-79.326179504,0
			-6.03727912899984,-79.322273255,0
			-6.03913211899993,-79.321914673,0
			-6.04047203099998,-79.3212814339999,0
			-6.04132413899993,-79.3206176749999,0
			-6.04198312699992,-79.3196411119999,0
			-6.04208803199998,-79.3188171389999,0
			-6.04055118499986,-79.314598083,0
			-6.03958320499987,-79.312736511,0
			-6.03673410399995,-79.311447143,0
			-6.03415393799997,-79.3114242549999,0
			-6.03297805799997,-79.311904907,0
			-6.03228521299991,-79.312942506,0
			-6.03190421999983,-79.3142166129999,0
			-6.03012704899993,-79.3154220569999,0
			-6.02949285499989,-79.3156356819999,0
			-6.02452897999996,-79.3159408559999,0
			-6.02027416199996,-79.3190002439999,0
			-6.01648378299996,-79.3203887949999,0
			-6.0148611059999,-79.3213653559998,0
			-6.01126003299993,-79.3216552739999,0
			-6.00262021999981,-79.321411133,0
			-6.00177717099996,-79.3219223019999,0
			-6.00014877199993,-79.322349549,0
			-5.9979658119999,-79.3222961419999,0
			-5.99669217999997,-79.321395874,0
			-5.9960260389999,-79.3200073239999,0
			-5.9910550109999,-79.316833496,0
			-5.99078178299993,-79.3159484869999,0
			-5.99086379999989,-79.312469483,0
			-5.99034404799988,-79.310897827,0
			-5.98804712299989,-79.308135986,0
			-5.98572921699997,-79.3068161009999,0
			-5.98462819999997,-79.305725098,0
			-5.98477220399991,-79.3025283799999,0
			-5.98630809799988,-79.297523498,0
			-5.98599100099995,-79.295463562,0
			-5.98615980099987,-79.2945480339999,0
			-5.98768711099996,-79.293037415,0
			-5.98853015799989,-79.292549133,0
			-5.98983383099994,-79.2908859249999,0
			-5.99116897599993,-79.2885894769999,0
			-5.99214315399996,-79.284973145,0
			-5.99306106499989,-79.2840652469999,0
			-5.99402713799998,-79.281692504,0
			-5.99623107899993,-79.2792358389999,0
			-5.99649095599989,-79.2780914299999,0
			-5.99880504599997,-79.2731018059999,0
			-5.99927377599994,-79.270759582,0
			-6.00105190199997,-79.2684173589999,0
			-6.00112676499998,-79.26689148,0
			-6.00146388899998,-79.26625824,0
			-6.00178098599991,-79.2638549809999,0
			-6.00512218499995,-79.2634887689999,0
			-6.00703000999988,-79.2651596069999,0
			-6.00824022299992,-79.2652511589999,0
			-6.01006317199995,-79.2661514279999,0
			-6.01098203699996,-79.266357423,0
			-6.01199388499992,-79.266052246,0
			-6.01387882299991,-79.26411438,0
			-6.01574802299996,-79.2637939449999,0
			-6.02143621399995,-79.26651764,0
			-6.02304077199994,-79.2668075559999,0
			-6.02408695099996,-79.266670227,0
			-6.02529716499993,-79.265403748,0
			-6.02851104599989,-79.262969971,0
			-6.02943801899994,-79.2619552609999,0
			-6.0301241869999,-79.2606811519998,0
			-6.02994203599991,-79.2597274769999,0
			-6.02849483499989,-79.2582473749998,0
			-6.02827119699998,-79.257667541,0
			-6.02830982199987,-79.2563552859999,0
			-6.02898311599989,-79.253555298,0
			-6.02898693099996,-79.2516708369999,0
			-6.02977991099993,-79.2493820199999,0
			-6.02984619099988,-79.2478866569999,0
			-6.0297441489999,-79.2471084589999,0
			-6.02898502299996,-79.2459869379999,0
			-6.02872514599994,-79.244674682,0
			-6.02787923899996,-79.24330902,0
			-6.02794313399983,-79.241958617,0
			-6.02954101499995,-79.2407684329999,0
			-6.03133201599991,-79.2389373779999,0
			-6.03226518699995,-79.238388062,0
			-6.03896284099989,-79.238105774,0
			-6.04153108599991,-79.237258912,0
			-6.04455613999994,-79.235740661,0
			-6.04652118699988,-79.2339401239999,0
			-6.04896783699991,-79.2310562139999,0
			-6.05066394699992,-79.2287979129999,0
			-6.05125379499998,-79.2271499629999,0
			-6.05311012199991,-79.2264862069999,0
			-6.05380201399993,-79.225654603,0
			-6.05389594999991,-79.225120545,0
			-6.05472278699995,-79.224250792,0
			-6.05491209099995,-79.223182677,0
			-6.05444097599997,-79.222312927,0
			-6.05461597399989,-79.220680237,0
			-6.05377721799994,-79.2195281979999,0
			-6.05166196799996,-79.2177734379999,0
			-6.04983711299997,-79.2168884269999,0
			-6.04916000399993,-79.2168960569999,0
			-6.04806613999983,-79.2174148569999,0
			-6.04726981999994,-79.2175521859999,0
			-6.04578685799987,-79.2169723509999,0
			-6.04404783199988,-79.215454102,0
			-6.04282092899996,-79.214027405,0
			-6.04231786799994,-79.2126312249999,0
			-6.04236078299994,-79.2118530259999,0
			-6.0416798579999,-79.21118927,0
			-6.04007100999991,-79.2105026249999,0
			-6.03603696899989,-79.210594177,0
			-6.03378486599991,-79.2101287829999,0
			-6.03299379399994,-79.2096481329999,0
			-6.03216695699996,-79.2082519529999,0
			-6.03095579099994,-79.2071838379999,0
			-6.02949094699989,-79.2065124509999,0
			-6.0266098969999,-79.205856323,0
			-6.02451086099995,-79.204383851,0
			-6.02381610899994,-79.203063965,0
			-6.02350807199997,-79.2019042969999,0
			-6.02386093099994,-79.2005996709999,0
			-6.02382516899996,-79.197105408,0
			-6.02496385499995,-79.1911621089999,0
			-6.02553415199998,-79.189796448,0
			-6.02557802099989,-79.1888656619999,0
			-6.02626419099988,-79.187553405,0
			-6.02759218299991,-79.186172485,0
			-6.0283541689999,-79.1856918329999,0
			-6.03116607599986,-79.1858673089999,0
			-6.03124999899995,-79.185440064,0
			-6.03066491999994,-79.1842346189999,0
			-6.03074216799996,-79.1834106439999,0
			-6.03198194399994,-79.182937621,0
			-6.03270006199995,-79.18232727,0
			-6.03354120199998,-79.180809021,0
			-6.03576087899989,-79.1786575309999,0
			-6.0361528389999,-79.1779479979999,0
			-6.03612995099996,-79.177536011,0
			-6.0369868279999,-79.176490784,0
			-6.03781890699992,-79.1761016839999,0
			-6.03977918599992,-79.1758728029999,0
			-6.04088020299997,-79.17591858,0
			-6.04159784199993,-79.1763610829999,0
			-6.04391813299998,-79.179885864,0
			-6.04776716099997,-79.183464051,0
			-6.04911422699996,-79.1843414299999,0
			-6.05149793599992,-79.1852874759999,0
			-6.05361985999997,-79.186454773,0
			-6.05817604099991,-79.1897430429999,0
			-6.05892801199997,-79.1893386839999,0
			-6.05986881299992,-79.18786621,0
			-6.06188011199987,-79.1856765749999,0
			-6.06364583999988,-79.1847610469999,0
			-6.06673908199991,-79.1837692249999,0
			-6.06794023399993,-79.1837158199999,0
			-6.07091617599997,-79.1828460689999,0
			-6.07279396099989,-79.182609558,0
			-6.07710218299985,-79.1844863889999,0
			-6.07856988899994,-79.184806824,0
			-6.07990503199994,-79.1848297119999,0
			-6.08136176999994,-79.184135437,0
			-6.08364295899997,-79.1820526119999,0
			-6.0857172019999,-79.181037902,0
			-6.08703422599996,-79.180915832,0
			-6.08874607099995,-79.18131256,0
			-6.08972406399994,-79.182044982,0
			-6.09135103299991,-79.185142517,0
			-6.09444618299995,-79.18850708,0
			-6.09512805999998,-79.1902847279999,0
			-6.09468507699989,-79.1926422109999,0
			-6.09501409499995,-79.1943511959999,0
			-6.09576415999993,-79.195472716,0
			-6.09708309199993,-79.1964263909999,0
			-6.09778976499996,-79.197235107,0
			-6.09891605299987,-79.198783874,0
			-6.09961509799996,-79.200210571,0
			-6.09980392399996,-79.2015380859999,0
			-6.09972476999997,-79.204788208,0
			-6.09890222499996,-79.2107925419999,0
			-6.09900712899986,-79.211288452,0
			-6.09972000099987,-79.212287902,0
			-6.09680318899996,-79.215065002,0
			-6.09482908099994,-79.2181167599999,0
			-6.09261607999997,-79.2208175659999,0
			-6.09115123699991,-79.223678588,0
			-6.09078788699998,-79.226219177,0
			-6.09088611599998,-79.2286376949999,0
			-6.09121704199993,-79.229942321,0
			-6.09281015399995,-79.233062745,0
			-6.09287404999998,-79.2361221309999,0
			-6.09331607799987,-79.236129761,0
			-6.09529209099998,-79.2349777219999,0
			-6.09730720499988,-79.234703064,0
			-6.09980201699989,-79.2352294919999,0
			-6.10257101099995,-79.2362976069999,0
			-6.10457706499994,-79.238296508,0
			-6.10573196399992,-79.2417221059999,0
			-6.10733222999988,-79.2435379029999,0
			-6.10933399099997,-79.244918823,0
			-6.11303901699983,-79.246414186,0
			-6.11689615299991,-79.24912262,0
			-6.12022304599998,-79.2505645749999,0
			-6.12231779199993,-79.252670289,0
			-6.12473583199994,-79.253822328,0
			-6.12730884599995,-79.2567825319999,0
			-6.12871980699992,-79.2574691759999,0
			-6.13096284899996,-79.25807953,0
			-6.13951396999994,-79.2592391969999,0
			-6.14117813099989,-79.2601089479999,0
			-6.14331483799992,-79.26235199,0
			-6.14509296399996,-79.265686036,0
			-6.14568805699992,-79.267883302,0
			-6.14567184399993,-79.2688140879999,0
			-6.14532995199994,-79.2696914669999,0
			-6.14541006099984,-79.27104187,0
			-6.14594316399996,-79.27217102,0
			-6.14640808099989,-79.272651673,0
			-6.14921378999998,-79.2726821889999,0
			-6.15032815899997,-79.273147583,0
			-6.15368080099989,-79.2734374999999,0
			-6.15600776599996,-79.2744903559999,0
			-6.15770387699996,-79.2747879029999,0
			-6.15981197399998,-79.2739028939999,0
			-6.16183280899992,-79.2740325929999,0
			-6.16323518699994,-79.273574829,0
			-6.16607522999993,-79.273544312,0
			-6.16724204999991,-79.273315429,0
			-6.16895580199997,-79.2722244249999,0
			-6.17096805599994,-79.2698898309999,0
			-6.17268895999996,-79.269104004,0
			-6.17490386899988,-79.2685165409999,0
			-6.17892503699989,-79.2655639649999,0
			-6.18022584799996,-79.2653121939999,0
			-6.18574809899991,-79.26512909,0
			-6.1867151269999,-79.2647323609999,0
			-6.18868398699993,-79.2634124749999,0
			-6.19269990999993,-79.2631759639999,0
			-6.19537305799992,-79.261886596,0
			-6.19817876899998,-79.2596054089999,0
			-6.20441198399988,-79.25857544,0
			-6.2091870299999,-79.257164002,0
			-6.21350383699996,-79.255607604,0
			-6.21541404699991,-79.2546463009999,0
			-6.21730518299995,-79.2529144279999,0
			-6.22031402599987,-79.2511367799999,0
			-6.22178077699994,-79.2492141719999,0
			-6.22408103999993,-79.2493591309999,0
			-6.22497177199989,-79.249633789,0
			-6.22540998499989,-79.25013733,0
			-6.22570800699998,-79.2511825569999,0
			-6.22643279999988,-79.251983642,0
			-6.22691202099992,-79.2529525749999,0
			-6.22680711799995,-79.254829407,0
			-6.22551488799996,-79.257484437,0
			-6.22482013699994,-79.260505676,0
			-6.22461223499988,-79.264129638,0
			-6.22474384399993,-79.267906188,0
			-6.22504281999989,-79.27002716,0
			-6.22587919199998,-79.272453308,0
			-6.22671794899986,-79.2736740109999,0
			-6.22795581699995,-79.2768020619998,0
			-6.22899723099988,-79.2783813479999,0
			-6.23017978599995,-79.2793807979999,0
			-6.23226976399997,-79.2763061519999,0
			-6.2361488329999,-79.276473999,0
			-6.23749780599996,-79.2758865369999,0
			-6.23844718899994,-79.275871276,0
			-6.23941516899987,-79.27632904,0
			-6.24144411099991,-79.2786636349999,0
			-6.24349689499991,-79.279335021,0
			-6.24419212299989,-79.2801513669999,0
			-6.24642801299996,-79.2816543569999,0
			-6.24921321799997,-79.2828598009999,0
			-6.25287818999988,-79.283721924,0
			-6.25358915299989,-79.2841110219999,0
			-6.25475120499993,-79.285224914,0
			-6.25932311899987,-79.292205811,0
			-6.26461076699997,-79.297378539,0
			-6.26671504999996,-79.3016052249999,0
			-6.26878881499994,-79.3039016719999,0
			-6.26944303599993,-79.3066558839999,0
			-6.26933622299987,-79.3077163709999,0
			-6.26835822999993,-79.309181214,0
			-6.2660670279999,-79.3112564089999,0
			-6.26579809199995,-79.3120040889999,0
			-6.26423311199994,-79.3138427729999,0
			-6.26337623599994,-79.3158264159999,0
			-6.26276493099988,-79.3188781739999,0
			-6.26315021599987,-79.3216476439999,0
			-6.26419210499995,-79.3252868639999,0
			-6.26473617499994,-79.3262252809999,0
			-6.26498699199988,-79.3274078359999,0
			-6.26583719199988,-79.329238892,0
			-6.26721620599994,-79.331703185,0
			-6.26806592899993,-79.332389832,0
			-6.26897621199993,-79.332489014,0
			-6.27233695899997,-79.3342361459999,0
			-6.27413082099991,-79.33543396,0
			-6.27566718999992,-79.338417054,0
			-6.27649688699995,-79.3416824349999,0
			-6.27828979499992,-79.3419113159999,0
			-6.28185987499995,-79.3453826909999,0
			-6.28317499199994,-79.345741273,0
			-6.28480577399995,-79.3457794189999,0
			-6.28720903399994,-79.3443374639999,0
			-6.28775978199997,-79.344291687,0
			-6.28905010199986,-79.3452529899999,0
			-6.28993177399997,-79.3466033929998,0
			-6.29216098799986,-79.3475494379999,0
			-6.29449319699989,-79.3491592399998,0
			-6.29553699399997,-79.349441529,0
			-6.29790878199998,-79.3516387939998,0
			-6.30135107099989,-79.352157593,0
			-6.30298709799996,-79.3528060909999,0
			-6.30358886599993,-79.3533325189999,0
			-6.30375480599997,-79.3538513179999,0
			-6.30365896199987,-79.356674195,0
			-6.30424117899992,-79.3593139639999,0
			-6.30344676899989,-79.361503601,0
			-6.30316305099996,-79.364311218,0
			-6.30256318999989,-79.365661621,0
			-6.30174493699997,-79.36655426,0
			-6.30132818199996,-79.36782837,0
			-6.29982423699994,-79.3697433469999,0
			-6.29919004499993,-79.3720703119999,0
			-6.29915618799993,-79.374092101,0
			-6.29945707299993,-79.3759613039999,0
			-6.30080604599982,-79.379386902,0
			-6.30099677999988,-79.3803863529999,0
			-6.30061006599993,-79.381248474,0
			-6.29857683099993,-79.3837890629999,0
			-6.29811906699996,-79.385749817,0
			-6.29903316499997,-79.388862611,0
			-6.30140113799996,-79.3926162719999,0
			-6.30508422899993,-79.39742279,0
			-6.30675220399991,-79.3985748289999,0
			-6.30808114899992,-79.3992004399999,0
			-6.3092617989999,-79.400497436,0
			-6.31062221499997,-79.4028167719999,0
			-6.31095981599998,-79.4043960559999,0
			-6.31215381499993,-79.4061965929999,0
			-6.31245899199996,-79.4073562619999,0
			-6.31206321799988,-79.4085159289999,0
			-6.31175899399994,-79.4091033939999,0
			-6.31045818299998,-79.4102783199999,0
			-6.30953693499993,-79.4116058339999,0
			-6.30890798499996,-79.413375854,0
			-6.30854988099998,-79.4152297969999,0
			-6.30883502899997,-79.41871643,0
			-6.30999994199988,-79.4218749999999,0
			-6.31096887699994,-79.4236679069999,0
			-6.31183719499995,-79.4242629999999,0
			-6.31443691199991,-79.4249954219999,0
			-6.31639480599989,-79.4270400999999,0
			-6.31687211899998,-79.4272842409999,0
			-6.31875610399987,-79.427314758,0
			-6.32413291899996,-79.4260864249999,0
			-6.32522487699993,-79.4260787969999,0
			-6.3267931929999,-79.426467895,0
			-6.32822895099997,-79.4272003169999,0
			-6.33227205299988,-79.4300231939999,0
			-6.34049320299994,-79.4348983759999,0
			-6.34324312199993,-79.4368362439999,0
			-6.34523105499994,-79.4376602169999,0
			-6.34706783299993,-79.4390258789999,0
			-6.34836482899993,-79.439384461,0
			-6.35003089999998,-79.4415054319999,0
			-6.35180187299994,-79.442466735,0
			-6.35331010799996,-79.4441833499998,0
			-6.35452985799998,-79.445037841,0
			-6.35561895399991,-79.4451599119999,0
			-6.35681581499995,-79.443588258,0
			-6.35834503199987,-79.4429626459999,0
			-6.35900401999987,-79.4429016109999,0
			-6.36089515599997,-79.44417572,0
			-6.36283492999996,-79.444084168,0
			-6.36338376999987,-79.4442977909999,0
			-6.36426210399998,-79.445869445,0
			-6.36495685599994,-79.4479064949999,0
			-6.36634492899992,-79.449180602,0
			-6.36756181599998,-79.4493179309999,0
			-6.36928701399989,-79.447814941,0
			-6.36979293799993,-79.4477691659999,0
			-6.37007617899991,-79.4474792479999,0
			-6.37382316499998,-79.4460983279999,0
			-6.37865209599994,-79.4465408329999,0
			-6.38080120099994,-79.4463043219999,0
			-6.38266086599998,-79.4470977769999,0
			-6.38507699899998,-79.447128296,0
			-6.38694620199988,-79.448257446,0
			-6.38770723299996,-79.448478699,0
			-6.3892068859999,-79.4484481809998,0
			-6.39215421599994,-79.4477310169999,0
			-6.39347076299993,-79.447631837,0
			-6.39539718599997,-79.4480895989999,0
			-6.40076398699995,-79.4501190189999,0
			-6.40509891499994,-79.450408935,0
			-6.40668821199989,-79.4501647959999,0
			-6.40952300999987,-79.4488906859999,0
			-6.41126394199995,-79.447853088,0
			-6.4134068489999,-79.4473800649999,0
			-6.41428422799993,-79.446861266,0
			-6.41533517799985,-79.4452514649999,0
			-6.41628694499997,-79.4427413929999,0
			-6.41695308599998,-79.441734313,0
			-6.41749477399992,-79.4396591189999,0
			-6.41815376199997,-79.4386367799999,0
			-6.4207611089999,-79.436462402,0
			-6.42562103199992,-79.4344329839999,0
			-6.4285950659999,-79.4317169189999,0
			-6.42969989799991,-79.4312286379999,0
			-6.43156194799997,-79.4307937629999,0
			-6.43441295599996,-79.4306335449999,0
			-6.43749284799998,-79.4280776979999,0
			-6.4432950019999,-79.427688598,0
			-6.44956111899995,-79.4248809809999,0
			-6.45296096799996,-79.423988342,0
			-6.4549741749999,-79.423767089,0
			-6.45734596299997,-79.4227600089999,0
			-6.45916318899992,-79.422332764,0
			-6.46160793299987,-79.422203063,0
			-6.46376180699991,-79.4223709109999,0
			-6.46743392899992,-79.423324586,0
			-6.47003221499995,-79.424476624,0
			-6.47242307699997,-79.4262313839999,0
			-6.47469520599998,-79.4274215699999,0
			-6.47712707499988,-79.4299621589999,0
			-6.47901821099987,-79.4312591549999,0
			-6.48029899599987,-79.433212281,0
			-6.48260116499995,-79.4300537109999,0
			-6.48393678699989,-79.428741455,0
			-6.48670577899992,-79.427688598,0
			-6.48892593299996,-79.425544739,0
			-6.49267291899992,-79.4231338489999,0
			-6.49404716599992,-79.4226531989999,0
			-6.49718093799987,-79.4223022449999,0
			-6.49843883399996,-79.421958924,0
			-6.49983119899997,-79.42047882,0
			-6.50259780899989,-79.4186630249999,0
			-6.50503206299987,-79.4166564929999,0
			-6.50588321799995,-79.4162673949999,0
			-6.50911903399998,-79.417579651,0
			-6.51613378599995,-79.4179000859999,0
			-6.5170850749999,-79.4183807369999,0
			-6.51884221999995,-79.4184722909999,0
			-6.51994895899998,-79.4188232419999,0
			-6.52508020499988,-79.419143677,0
			-6.52613305899996,-79.4193267829999,0
			-6.52809000099995,-79.4202957159999,0
			-6.52899980599994,-79.42047882,0
			-6.53469085799998,-79.420616149,0
			-6.53553199699996,-79.4201736449999,0
			-6.53687000199989,-79.4188232419999,0
			-6.53723716699989,-79.418113709,0
			-6.53739213899996,-79.4168930049999,0
			-6.53706312099996,-79.4162979119999,0
			-6.5369968409999,-79.4156188969999,0
			-6.53826522799989,-79.4122009269999,0
			-6.53913307099992,-79.4106826779999,0
			-6.54032707199997,-79.409378052,0
			-6.54121398899997,-79.40800476,0
			-6.54140519999987,-79.406677246,0
			-6.54120206799996,-79.405067443,0
			-6.54070997199995,-79.4037704469999,0
			-6.53975486799993,-79.4024963369999,0
			-6.53628396999989,-79.4013214119999,0
			-6.53469991599997,-79.4000320439999,0
			-6.53351306999997,-79.398582459,0
			-6.53290176399992,-79.397109985,0
			-6.5320491789999,-79.3936691289999,0
			-6.53188276299989,-79.392059326,0
			-6.53208589599984,-79.390541077,0
			-6.53172302099995,-79.3895874019999,0
			-6.52915477799996,-79.3862533559998,0
			-6.52478980899986,-79.382034301,0
			-6.52324676399996,-79.379821777,0
			-6.52245378399994,-79.377998352,0
			-6.52219915299997,-79.377098084,0
			-6.5222058299999,-79.374267577,0
			-6.52117109199992,-79.370918275,0
			-6.52118015199989,-79.3697052009999,0
			-6.52176999999995,-79.369361877,0
			-6.52406120199987,-79.369468689,0
			-6.5266251569999,-79.369140624,0
			-6.53003501899997,-79.367233277,0
			-6.53211307499987,-79.3666534429998,0
			-6.53469276299995,-79.366676331,0
			-6.53666496299991,-79.3671264649999,0
			-6.53815317199985,-79.3672027579999,0
			-6.54259920099992,-79.3660430909999,0
			-6.54447698599995,-79.3658676159999,0
			-6.5466427799999,-79.366004945,0
			-6.54995679799993,-79.3666610729999,0
			-6.55157899899996,-79.3665695189999,0
			-6.55330896299989,-79.365821839,0
			-6.55542421399997,-79.364227294,0
			-6.55941677099997,-79.3606033319999,0
			-6.56217479599991,-79.357658386,0
			-6.56298017599994,-79.3575515739998,0
			-6.56383895899995,-79.358222962,0
			-6.56474590299996,-79.3576507559999,0
			-6.56528615899987,-79.357749938,0
			-6.56785011199992,-79.360656739,0
			-6.56839513699992,-79.3600540159999,0
			-6.56786584799988,-79.3589706419999,0
			-6.56793403599994,-79.358161927,0
			-6.56913804999994,-79.3567123419999,0
			-6.56964111299988,-79.3528213499999,0
			-6.57010412199998,-79.3514480599999,0
			-6.57177495999997,-79.349143982,0
			-6.57361221399998,-79.3473587029999,0
			-6.57582187499997,-79.3463592539999,0
			-6.57752323199986,-79.345916748,0
			-6.58357810899997,-79.346443176,0
			-6.58558606999998,-79.3437652579999,0
			-6.58688497599996,-79.3427963249999,0
			-6.58765315999995,-79.3425674439999,0
			-6.58959102599994,-79.3427658079999,0
			-6.59033107799996,-79.3426361069999,0
			-6.59199476299989,-79.3410415649999,0
			-6.59521102899993,-79.3396606449999,0
			-6.60064220299995,-79.336410523,0
			-6.6016659739999,-79.3360900879999,0
			-6.60353422099996,-79.335998536,0
			-6.60427284299988,-79.3391418459999,0
			-6.60580396499989,-79.341529846,0
			-6.60616207199996,-79.3426895149999,0
			-6.60698318499993,-79.3437576299999,0
			-6.60755920499992,-79.345130921,0
			-6.6084618569999,-79.346138001,0
			-6.60984277699993,-79.346946717,0
			-6.61296081499984,-79.3472824099999,0
			-6.61394977499992,-79.3475952149999,0
			-6.61498689599995,-79.3487091069999,0
			-6.61555004199994,-79.3503570559999,0
			-6.61658477799995,-79.3516006469999,0
			-6.6176099779999,-79.3519439709999,0
			-6.61948204099991,-79.353485108,0
			-6.62114286399992,-79.354408264,0
			-6.62214994399994,-79.3547592149999,0
			-6.62377118999996,-79.3549041749999,0
			-6.62512016299996,-79.355529786,0
			-6.62736320499994,-79.3578567499999,0
			-6.63185501099997,-79.361068726,0
			-6.63322877799993,-79.362724304,0
			-6.6344370839999,-79.3628768929999,0
			-6.63549518599996,-79.3627319339999,0
			-6.63764381399994,-79.3613357539999,0
			-6.63928317899996,-79.3593749989999,0
			-6.63972711499997,-79.3582458489999,0
			-6.64032697599987,-79.3547973639999,0
			-6.64096021699987,-79.35346985,0
			-6.6419310579999,-79.352737428,0
			-6.6456708909999,-79.3512039189999,0
			-6.64635276799993,-79.35054016,0
			-6.64677619999998,-79.349693298,0
			-6.64690399099987,-79.348342895,0
			-6.64647293099995,-79.3472061159999,0
			-6.64635896599998,-79.345718384,0
			-6.64645719499987,-79.344924927,0
			-6.64700698799987,-79.3439865109999,0
			-6.64706993099992,-79.3427734379999,0
			-6.64548921499988,-79.337905883,0
			-6.64524316799998,-79.3350830079999,0
			-6.64456605899989,-79.332199096,0
			-6.64393710999997,-79.3310165399999,0
			-6.64274215599988,-79.330368042,0
			-6.64273595799989,-79.328956604,0
			-6.64026498699991,-79.3268508899999,0
			-6.64004421199996,-79.325378418,0
			-6.64148187699988,-79.32396698,0
			-6.64308881699998,-79.323753357,0
			-6.64549302999995,-79.3228759759999,0
			-6.6464481349999,-79.3221130379999,0
			-6.64708614199992,-79.321250915,0
			-6.64762020199993,-79.3192977909999,0
			-6.64815997999989,-79.315155029,0
			-6.64977979599996,-79.3105850229999,0
			-6.6509470929999,-79.3058776849999,0
			-6.65240383099984,-79.3025436409999,0
			-6.65313100799995,-79.301597594,0
			-6.65467405299989,-79.300735474,0
			-6.65907192099991,-79.3001785279999,0
			-6.66170310899992,-79.2985000609999,0
			-6.6626777649999,-79.2981262209999,0
			-6.66418504599994,-79.298233032,0
			-6.66534185499989,-79.2989273069999,0
			-6.66683101699994,-79.299079896,0
			-6.66735315399995,-79.29901123,0
			-6.66892099299992,-79.2982254029999,0
			-6.67213010799998,-79.298683167,0
			-6.67361783999996,-79.2986068719999,0
			-6.67459821599988,-79.2981185909999,0
			-6.67528820099989,-79.2974777209999,0
			-6.67601299299997,-79.29499817,0
			-6.67601108499991,-79.2942047129999,0
			-6.67778015099992,-79.289131165,0
			-6.67792510999993,-79.284675599,0
			-6.67769098299993,-79.283622742,0
			-6.67762517799997,-79.2807922369998,0
			-6.67953491199989,-79.27280426,0
			-6.67959117799995,-79.270378114,0
			-6.67923402799994,-79.268943787,0
			-6.67907190299997,-79.263694763,0
			-6.67828321399998,-79.256866455,0
			-6.67669486999984,-79.2538604739999,0
			-6.67666721299992,-79.2527847289999,0
			-6.67608785599998,-79.252052307,0
			-6.67588996899991,-79.250984192,0
			-6.67315101599996,-79.2473220829999,0
			-6.67200422199994,-79.24330902,0
			-6.67188119899987,-79.241012573,0
			-6.67291116699994,-79.23753357,0
			-6.67318487199992,-79.23525238,0
			-6.67300510399997,-79.233932496,0
			-6.67220020399998,-79.2312011729999,0
			-6.67192220599998,-79.228790283,0
			-6.67151021899991,-79.2273712159999,0
			-6.67173814699987,-79.226043701,0
			-6.67161703099987,-79.2242965689999,0
			-6.67212295499991,-79.223342895,0
			-6.67278623599998,-79.2226562499999,0
			-6.6739530559999,-79.22238922,0
			-6.67534780399995,-79.2228775029999,0
			-6.6779088969999,-79.2229766849999,0
			-6.67830419499995,-79.223327637,0
			-6.68005180399996,-79.2234268189999,0
			-6.68195009299995,-79.2241210939999,0
			-6.6843528739999,-79.223846436,0
			-6.68672990699997,-79.2232971199999,0
			-6.68960618999989,-79.221290588,0
			-6.69266700799994,-79.216712952,0
			-6.69504403999997,-79.2141189569999,0
			-6.69515800499988,-79.213478088,0
			-6.69496917599997,-79.2124023439999,0
			-6.69280576699987,-79.207908631,0
			-6.69200420399989,-79.206817628,0
			-6.69183492599984,-79.2054901129999,0
			-6.69174814199994,-79.2007598889999,0
			-6.69286107999994,-79.1984481809999,0
			-6.6929631239999,-79.196968079,0
			-6.6933460219999,-79.196434021,0
			-6.6944260599999,-79.1958465579999,0
			-6.69643688199994,-79.1960678089999,0
			-6.69898891399987,-79.195968627,0
			-6.7042331699999,-79.194702148,0
			-6.7090377799999,-79.1940841679998,0
			-6.71370077099988,-79.1922912599999,0
			-6.7147808069999,-79.1915206909999,0
			-6.71539401999991,-79.190460206,0
			-6.7153668389999,-79.1893768309999,0
			-6.71445083599997,-79.1869049069999,0
			-6.71443891599995,-79.1851501469999,0
			-6.71417713099987,-79.183959962,0
			-6.71201419699997,-79.1805496219999,0
			-6.71065616599998,-79.177909851,0
			-6.70803689799993,-79.175003052,0
			-6.70558691099984,-79.173576355,0
			-6.70399379599991,-79.1721343999999,0
			-6.70258998799994,-79.171661378,0
			-6.70195722599988,-79.1707763669999,0
			-6.70192003199992,-79.1696929929999,0
			-6.70228719599993,-79.1681213369999,0
			-6.70470094699988,-79.162124634,0
			-6.70482206299988,-79.159423827,0
			-6.7039141649999,-79.1539764389999,0
			-6.70289087199995,-79.151054382,0
			-6.70245790399991,-79.14893341,0
			-6.69969320199988,-79.1440048219999,0
			-6.69955015099987,-79.142791748,0
			-6.69981908799991,-79.1420364369999,0
			-6.70117902699997,-79.1411514279999,0
			-6.70305681199994,-79.1410751349999,0
			-6.71185016699997,-79.14251709,0
			-6.71315908299994,-79.14252472,0
			-6.71511220999997,-79.1430511469999,0
			-6.71833181299991,-79.14328003,0
			-6.71884679699997,-79.1430664059999,0
			-6.71937608699989,-79.1424636849999,0
			-6.72026920399998,-79.140480042,0
			-6.72115421299992,-79.139152527,0
			-6.72305679199997,-79.1374282839999,0
			-6.72511911399988,-79.1364364619999,0
			-6.72737979899989,-79.1360778809998,0
			-6.7291488649999,-79.136108399,0
			-6.73057985199989,-79.136428832,0
			-6.73388004199995,-79.1376495369998,0
			-6.73641490799997,-79.138908386,0
			-6.73829078599994,-79.138946533,0
			-6.74041223499995,-79.137763977,0
			-6.7428989419999,-79.135101317,0
			-6.74435996999995,-79.133926392,0
			-6.7493791579999,-79.13078308,0
			-6.7514748559999,-79.1302413939998,0
			-6.75733709299993,-79.12940979,0
			-6.76508903399997,-79.127136231,0
			-6.76796483899989,-79.125518798,0
			-6.77117204699994,-79.1228408799999,0
			-6.77376794799989,-79.122177124,0
			-6.77726220999989,-79.1218261719999,0
			-6.77965021099988,-79.1222381589999,0
			-6.78166723299995,-79.1235885629999,0
			-6.7843427659999,-79.126441956,0
			-6.78660106699988,-79.132217407,0
			-6.78654718399997,-79.1365051279999,0
			-6.78753423599994,-79.141532898,0
			-6.78895997999996,-79.1456069949999,0
			-6.79056501299993,-79.1488800049999,0
			-6.79594421299987,-79.1552734369999,0
			-6.79656076399993,-79.155555726,0
			-6.79803800599984,-79.15714264,0
			-6.8004112239999,-79.158096313,0
			-6.80107211999996,-79.1587753289999,0
			-6.80108499599987,-79.159431457,0
			-6.80030584399998,-79.160995483,0
			-6.80021715199985,-79.1616744999999,0
			-6.80176210499997,-79.1637268059999,0
			-6.8017349239999,-79.1645965569999,0
			-6.80110406899996,-79.166595458,0
			-6.80110978999988,-79.1682128909999,0
			-6.80132722699994,-79.1688537589999,0
			-6.80242776899996,-79.170234681,0
			-6.80258321799994,-79.170867921,0
			-6.80196285199997,-79.1729431149999,0
			-6.80084419199994,-79.174781799,0
			-6.8008480069999,-79.1754379269999,0
			-6.80142021199993,-79.1760253899999,0
			-6.80234813699997,-79.176208496,0
			-6.8038840289999,-79.1771011349999,0
			-6.80521106699996,-79.1801757819999,0
			-6.80670118399996,-79.1820907589999,0
			-6.80875682799996,-79.184242248,0
			-6.80984401599994,-79.1847839349999,0
			-6.81085395799994,-79.185874939,0
			-6.81173610699989,-79.1861953739999,0
			-6.81254005499989,-79.1869506839999,0
			-6.81426620399998,-79.1868896489999,0
			-6.81472110699997,-79.1871871949999,0
			-6.81516790299997,-79.1887435909999,0
			-6.81522321599994,-79.1910324099999,0
			-6.81578588499997,-79.1936798099999,0
			-6.81608676899998,-79.1942672719999,0
			-6.81732177699996,-79.195526124,0
			-6.81735610899995,-79.196586608,0
			-6.81891012099993,-79.197433471,0
			-6.81925916699993,-79.1998291009999,0
			-6.82129716799989,-79.2020187379999,0
			-6.82144307999988,-79.2027511599999,0
			-6.82119607799996,-79.2052230829999,0
			-6.8214969629999,-79.2059707629999,0
			-6.82212591199988,-79.206237793,0
			-6.82601499599997,-79.207359313,0
			-6.82981204899994,-79.209396361,0
			-6.83151388199997,-79.2098464969999,0
			-6.83323907799996,-79.210609436,0
			-6.83889198299988,-79.214294433,0
			-6.84266090399996,-79.217353821,0
			-6.84495210599994,-79.2185211189998,0
			-6.8458428379999,-79.2188034069999,0
			-6.84732198699987,-79.218894959,0
			-6.85025310499992,-79.2199096689999,0
			-6.85120105699997,-79.2199172969999,0
			-6.85491418799995,-79.2215270999999,0
			-6.85671520199992,-79.221855163,0
			-6.85718202499993,-79.2231216439999,0
			-6.85893678699989,-79.2256851189999,0
			-6.85983705399997,-79.227958679,0
			-6.86002778999995,-79.2296752939999,0
			-6.85999011899992,-79.234275817,0
			-6.86094903899993,-79.2387542719999,0
			-6.86079597399981,-79.2407684329999,0
			-6.8601541509999,-79.2422561639999,0
			-6.85966587099983,-79.2442169179999,0
			-6.85943984999994,-79.2473144529999,0
			-6.85989379899996,-79.249969482,0
			-6.86134576699993,-79.253166199,0
			-6.8615508069999,-79.2543487549999,0
			-6.85973882699983,-79.260276795,0
			-6.85984611399994,-79.262435914,0
			-6.86117219899995,-79.2644653319999,0
			-6.86498117499997,-79.2682876579998,0
			-6.86640119599997,-79.271224976,0
			-6.86706018499996,-79.2720489499999,0
			-6.86769819199998,-79.272346496,0
			-6.86862516299993,-79.27243042,0
			-6.8732447619999,-79.272270202,0
			-6.87478303899996,-79.2729110719999,0
			-6.87615299099991,-79.274002076,0
			-6.87765979699998,-79.276084901,0
			-6.87921190199995,-79.2790756239999,0
			-6.8829040519999,-79.289787293,0
			-6.88472318499987,-79.298103333,0
			-6.88558387799998,-79.299781799,0
			-6.88668680199993,-79.3005599979999,0
			-6.89139604499991,-79.300521851,0
			-6.89255618999988,-79.3008880609999,0
			-6.89384794299991,-79.301643371,0
			-6.89583396799992,-79.3036727909999,0
			-6.89750003899996,-79.3069076529999,0
			-6.89981508199992,-79.310241699,0
			-6.90103483199994,-79.3110809329999,0
			-6.90289020599988,-79.311447143,0
			-6.90875911599994,-79.310592651,0
			-6.91481876299991,-79.310691833,0
			-6.91722297599989,-79.3103408809999,0
			-6.92018222699994,-79.3103485109999,0
			-6.92456388399995,-79.3095932009999,0
			-6.92602300599998,-79.308891296,0
			-6.92790317599992,-79.3075714109999,0
			-6.93123817499998,-79.3040542589999,0
			-6.93435287499995,-79.3014831539999,0
			-6.93578195499981,-79.3011093139999,0
			-6.93741416899996,-79.3001785279999,0
			-6.94011688299992,-79.2996139529999,0
			-6.94349002899997,-79.2996520999999,0
			-6.94546222599996,-79.300064087,0
			-6.94695186599995,-79.3009948729999,0
			-6.95061302199991,-79.3039779659999,0
			-6.95325612899995,-79.3050003059999,0
			-6.95568084699994,-79.3053131109999,0
			-6.95796298999994,-79.3053207389999,0
			-6.95971822699994,-79.304618836,0
			-6.96066617899993,-79.303848267,0
			-6.96226978399994,-79.303848267,0
			-6.96321201299997,-79.3043823249998,0
			-6.96618413999988,-79.307106017,0
			-6.9672322269999,-79.306808471,0
			-6.96926307699982,-79.3068161009999,0
			-6.97167920999988,-79.305992127,0
			-6.97808980999997,-79.305130005,0
			-6.98096418499995,-79.3036727909999,0
			-6.98409986399997,-79.3028945919999,0
			-6.98619699499994,-79.3014373789999,0
			-6.98836183599997,-79.300666808,0
			-6.98929881999987,-79.300788879,0
			-6.99118804899996,-79.3023147579999,0
			-6.99250507299996,-79.3022308339999,0
			-6.9948067659999,-79.301094055,0
			-6.99645519299997,-79.299499511,0
			-6.99716186399996,-79.2991256709999,0
			-6.99932193799998,-79.2967224129999,0
			-6.99974918299989,-79.296524049,0
			-7.00121879599993,-79.296531677,0
			-7.00269079299994,-79.297187805,0
			-7.00460815499997,-79.2995452879999,0
			-7.00634384199986,-79.3050613409999,0
			-7.00807618999994,-79.3079376209998,0
			-7.01051521199986,-79.309631348,0
			-7.01533794299991,-79.310874939,0
			-7.01692914999995,-79.3116149909999,0
			-7.01727485599997,-79.312187195,0
			-7.0171518329999,-79.313804626,0
			-7.01733684399994,-79.314460754,0
			-7.0184421539999,-79.315811158,0
			-7.02040195499995,-79.319496155,0
			-7.02170991899993,-79.3204650879999,0
			-7.02484416899989,-79.3220138559998,0
			-7.02581977899996,-79.3228912349999,0
			-7.02559423399987,-79.3238067619999,0
			-7.02619600199995,-79.3260040279999,0
			-7.02592706699988,-79.327888489,0
			-7.02345418899989,-79.3317413339999,0
			-7.02203178399998,-79.333366395,0
			-7.02132320399988,-79.3338851919999,0
			-7.01629304799997,-79.3365249629999,0
			-7.01483917199994,-79.33768463,0
			-7.01168394199993,-79.3414077769999,0
			-7.00975418099995,-79.344345092,0
			-7.00915718099992,-79.3462676999999,0
			-7.00793981599992,-79.348266601,0
			-7.0077528949999,-79.3490142809999,0
			-7.00824689799992,-79.353042602,0
			-7.00806999199995,-79.354660033,0
			-7.00694084199995,-79.3567886349999,0
			-7.00475311199995,-79.360061646,0
			-7.00407409499991,-79.3605041499999,0
			-7.00241708799996,-79.3610839839999,0
			-7.00050306299994,-79.3622894279999,0
			-6.99929285099989,-79.363319396,0
			-6.99781608499995,-79.3650741579999,0
			-6.99593782399995,-79.3663787849999,0
			-6.99218606799997,-79.3682250989999,0
			-6.98604011499998,-79.37059784,0
			-6.98542022599997,-79.3719558709999,0
			-6.98524188999994,-79.375854491,0
			-6.97983598699994,-79.382011415,0
			-6.97867584199997,-79.3844451909999,0
			-6.97764491899994,-79.387634278,0
			-6.97388315299997,-79.3898315439999,0
			-6.97070979999995,-79.3913269039999,0
			-6.96885681199996,-79.3917007439999,0
			-6.96642303399994,-79.391685486,0
			-6.96552705699997,-79.3920059209999,0
			-6.96446990899989,-79.393035889,0
			-6.96295881299994,-79.395568848,0
			-6.95925092699997,-79.398521423,0
			-6.95809507299992,-79.399665832,0
			-6.95728111299996,-79.4008331289999,0
			-6.95731115399997,-79.4024810789999,0
			-6.95844411699994,-79.4049453739999,0
			-6.95837116099995,-79.4068298349999,0
			-6.95801305699996,-79.407546996,0
			-6.9565200799999,-79.408912658,0
			-6.95553779599987,-79.410827637,0
			-6.95399904099986,-79.4169616699999,0
			-6.95280694999997,-79.4241256709999,0
			-6.95083093499994,-79.427932739,0
			-6.95079278899993,-79.430236817,0
			-6.94955682799991,-79.4358901969999,0
			-6.94907188299993,-79.439491273,0
			-6.94810104299989,-79.4421310419999,0
			-6.94780206599995,-79.445083618,0
			-6.94703912799997,-79.4466323849999,0
			-6.9471411699999,-79.4481124869999,0
			-6.94791603099998,-79.4491577139999,0
			-6.94802999399997,-79.449623108,0
			-6.94656896599997,-79.4525070179999,0
			-6.94638919699992,-79.4535598749998,0
			-6.94667005499997,-79.454299927,0
			-6.95323801099994,-79.457809449,0
			-6.95563411799998,-79.4593276979999,0
			-6.95807504699997,-79.4614639279999,0
			-6.96054696999994,-79.464149476,0
			-6.96220397799988,-79.465324401,0
			-6.96357011699996,-79.466827392,0
			-6.96543788999998,-79.467628479,0
			-6.96619319999991,-79.468177795,0
			-6.96837615999988,-79.4707717889999,0
			-6.96864318799993,-79.474906921,0
			-6.96928119699987,-79.476257324,0
			-6.97055721199996,-79.477653504,0
			-6.9708561889999,-79.4792327879999,0
			-6.97056913299997,-79.4801406859999,0
			-6.96961593599997,-79.4817657469999,0
			-6.96675586699996,-79.484802246,0
			-6.96623420699996,-79.4864807129999,0
			-6.96749019599997,-79.488220214,0
			-6.96828985099995,-79.4903640749999,0
			-6.97155618599993,-79.4929962159999,0
			-6.97231006699997,-79.4943542489999,0
			-6.97212076099993,-79.49597168,0
			-6.97129583399987,-79.497665404,0
			-6.96878909999992,-79.500381469,0
			-6.96707487099997,-79.501365662,0
			-6.96677207999994,-79.502021789,0
			-6.9667758949999,-79.5034179689999,0
			-6.96834707299996,-79.5050888069999,0
			-6.96900796899996,-79.5068511969999,0
			-6.96939992799997,-79.5073852549999,0
			-6.97167205699992,-79.5090942369999,0
			-6.97509717999998,-79.510299684,0
			-6.97724723799996,-79.513572692,0
			-6.97830200199996,-79.514602661,0
			-6.97945308699997,-79.5150222779999,0
			-6.98148107399993,-79.515106201,0
			-6.98604917499995,-79.5139389039999,0
			-6.98799705399989,-79.5155715929999,0
			-6.99220180399993,-79.520141602,0
			-6.99405813099986,-79.521194457,0
			-6.99445581399988,-79.521133424,0
			-6.99671983799993,-79.5220336909999,0
			-7.00023603499994,-79.5249481199999,0
			-7.00410604399997,-79.528503417,0
			-7.01412105599996,-79.538414001,0
			-7.07242107299993,-79.5925979599999,0
			-7.08689784899997,-79.6058425909999,0
			-7.10124301899998,-79.619567871,0
			-7.11890220599997,-79.6356506349999,0
			-7.1386408809999,-79.654190064,0
			-7.17747306799993,-79.689720154,0
			-7.17958402699998,-79.6915283209999,0
			-7.17930602899997,-79.6915283209999,0
			-7.17930602899997,-79.691802979,0
			-7.17902803399994,-79.691802979,0
			-7.17902803399994,-79.692085267,0
			-7.17875003799998,-79.692085267,0
			-7.17875003799998,-79.6923599249999,0
			-7.17791795699992,-79.6923599249999,0
			-7.17791795699992,-79.692642211,0
			-7.17680501899997,-79.692642211,0
			-7.17680501899997,-79.692916871,0
			-7.17624902799997,-79.692916871,0
			-7.17624902799997,-79.6931915289999,0
			-7.17597389299993,-79.6931915289999,0
			-7.17597102999997,-79.692916871,0
			-7.17541694699997,-79.692916871,0
			-7.17541694699997,-79.6931915289999,0
			-7.17513895099995,-79.6931915289999,0
			-7.17513895099995,-79.6937484749999,0
			-7.17486095299995,-79.6937484749999,0
			-7.17486095299995,-79.694030761,0
			-7.17430496199995,-79.694030761,0
			-7.17430496199995,-79.6937484749999,0
			-7.17347288099995,-79.6937484749999,0
			-7.17347288099995,-79.693473817,0
			-7.17263889399987,-79.693473817,0
			-7.17263889399987,-79.6931915289999,0
			-7.17180490499987,-79.6931915289999,0
			-7.17180490499987,-79.692916871,0
			-7.17124891199995,-79.692916871,0
			-7.17124891199995,-79.692642211,0
			-7.17041683199994,-79.692642211,0
			-7.17041683199994,-79.6923599249999,0
			-7.16986083899997,-79.6923599249999,0
			-7.16986083899997,-79.692085267,0
			-7.16930484799997,-79.692085267,0
			-7.16930484799997,-79.691802979,0
			-7.16874885499988,-79.691802979,0
			-7.16874885499988,-79.6915283209999,0
			-7.16847276599998,-79.6915283209999,0
			-7.16847276599998,-79.6912536629999,0
			-7.16791677499998,-79.6912536629999,0
			-7.16791677499998,-79.6909713749999,0
			-7.16763877799997,-79.6909713749999,0
			-7.16763877799997,-79.6906967169999,0
			-7.16708278599998,-79.6906967169999,0
			-7.16708278599998,-79.6904144289999,0
			-7.16680717399981,-79.6904144289999,0
			-7.16680717399981,-79.690139771,0
			-7.16652917799991,-79.690139771,0
			-7.16652917799991,-79.689857483,0
			-7.16625118199988,-79.689857483,0
			-7.16625118199988,-79.6895828249999,0
			-7.16597318699991,-79.6895828249999,0
			-7.16597318699991,-79.689308167,0
			-7.16541719299983,-79.689308167,0
			-7.16541719299983,-79.689025879,0
			-7.16485977199989,-79.689025879,0
			-7.16485977199989,-79.6887512209999,0
			-7.16347217499998,-79.6887512209999,0
			-7.16347217499998,-79.6884689329999,0
			-7.1631941789999,-79.6884689329999,0
			-7.1631941789999,-79.6881942749999,0
			-7.16291618299994,-79.6881942749999,0
			-7.16291618299994,-79.6879196169999,0
			-7.1623601899999,-79.6879196169999,0
			-7.1623601899999,-79.6876373289999,0
			-7.16208219499993,-79.6876373289999,0
			-7.16208219499993,-79.687362671,0
			-7.15958404499997,-79.687362671,0
			-7.15958404499997,-79.687080383,0
			-7.15902805399992,-79.687080383,0
			-7.15902805399992,-79.6868057249999,0
			-7.1587500579999,-79.6868057249999,0
			-7.1587500579999,-79.686248779,0
			-7.1570839879999,-79.686248779,0
			-7.1570839879999,-79.686531067,0
			-7.1556940079999,-79.686531067,0
			-7.1556940079999,-79.686248779,0
			-7.15541601199993,-79.686248779,0
			-7.15541601199993,-79.6859741209999,0
			-7.15513801599991,-79.6859741209999,0
			-7.15513992399991,-79.6856918329999,0
			-7.15458393099993,-79.6856918329999,0
			-7.15458393099993,-79.6854171749999,0
			-7.15430593499991,-79.6854171749999,0
			-7.15430593499991,-79.6851425169999,0
			-7.15402793899983,-79.6851425169999,0
			-7.15402793899983,-79.6848602289999,0
			-7.15374994199993,-79.6848602289999,0
			-7.15374994199993,-79.684585571,0
			-7.15319394999995,-79.684585571,0
			-7.15319394999995,-79.6843032849999,0
			-7.15291786199998,-79.6843032849999,0
			-7.15291595499991,-79.6840286249999,0
			-7.15236186899989,-79.6840286249999,0
			-7.15236186899989,-79.683746339,0
			-7.15180587799989,-79.683746339,0
			-7.15180587799989,-79.683471679,0
			-7.14819478899983,-79.683471679,0
			-7.14819478899983,-79.683746339,0
			-7.14763879799995,-79.683746339,0
			-7.14763879799995,-79.6840286249999,0
			-7.1470828059999,-79.6840286249999,0
			-7.1470828059999,-79.6843032849999,0
			-7.14652681299992,-79.6843032849999,0
			-7.14652681299992,-79.684585571,0
			-7.14569282399992,-79.684585571,0
			-7.14569520899994,-79.6848602289999,0
			-7.14430522899988,-79.6848602289999,0
			-7.14430522899988,-79.6851425169999,0
			-7.14291715599995,-79.6851425169999,0
			-7.14291715599995,-79.6854171749999,0
			-7.13652896899987,-79.6854171749999,0
			-7.13652896899987,-79.6851425169999,0
			-7.13458395099997,-79.6851425169999,0
			-7.13458395099997,-79.6848602289999,0
			-7.13513803399997,-79.6848602289999,0
			-7.13513803399997,-79.684585571,0
			-7.13625001899987,-79.684585571,0
			-7.13625001899987,-79.6843032849999,0
			-7.13763809199997,-79.6843032849999,0
			-7.13763809199997,-79.684585571,0
			-7.13847303299997,-79.684585571,0
			-7.13847303299997,-79.6840286249999,0
			-7.13875102899993,-79.6840286249999,0
			-7.13875102899993,-79.683746339,0
			-7.13847303299997,-79.683746339,0
			-7.13847303299997,-79.683471679,0
			-7.13319396999998,-79.683471679,0
			-7.13319396999998,-79.683746339,0
			-7.13041591599989,-79.683746339,0
			-7.13041591599989,-79.6840286249999,0
			-7.12985992399996,-79.6840286249999,0
			-7.12985992399996,-79.6843032849999,0
			-7.12902784299996,-79.6843032849999,0
			-7.12902784299996,-79.684585571,0
			-7.12847185199996,-79.684585571,0
			-7.12847185199996,-79.6848602289999,0
			-7.12763976999997,-79.6848602289999,0
			-7.12763976999997,-79.6851425169999,0
			-7.12708377899997,-79.6851425169999,0
			-7.12708377899997,-79.6854171749999,0
			-7.12652778599988,-79.6854171749999,0
			-7.12652778599988,-79.6856918329999,0
			-7.12597179499988,-79.6856918329999,0
			-7.12597179499988,-79.6859741209999,0
			-7.12541818599993,-79.6859741209999,0
			-7.12541818599993,-79.686248779,0
			-7.1248621929999,-79.686248779,0
			-7.1248621929999,-79.686531067,0
			-7.1243062019999,-79.686531067,0
			-7.1243062019999,-79.6868057249999,0
			-7.12374877799988,-79.6868057249999,0
			-7.12374877799988,-79.687080383,0
			-7.12347078299996,-79.687080383,0
			-7.12347078299996,-79.687362671,0
			-7.12319278699988,-79.687362671,0
			-7.12319278699988,-79.6876373289999,0
			-7.12291812899991,-79.6876373289999,0
			-7.12291812899991,-79.6879196169999,0
			-7.12236118299984,-79.6879196169999,0
			-7.12236118299984,-79.6881942749999,0
			-7.12208318699993,-79.6881942749999,0
			-7.12208318699993,-79.6884689329999,0
			-7.12180519199995,-79.6884689329999,0
			-7.12180519199995,-79.6887512209999,0
			-7.12152719399995,-79.6887512209999,0
			-7.12152719399995,-79.689025879,0
			-7.12124919899992,-79.689025879,0
			-7.12124919899992,-79.689308167,0
			-7.12069511499993,-79.689308167,0
			-7.12069511499993,-79.6895828249999,0
			-7.12041711699993,-79.6895828249999,0
			-7.12041711699993,-79.689857483,0
			-7.1201391219999,-79.689857483,0
			-7.1201391219999,-79.6912536629999,0
			-7.11985921799993,-79.6912536629999,0
			-7.11986112599993,-79.6915283209999,0
			-7.11930513299995,-79.6915283209999,0
			-7.11930513299995,-79.691802979,0
			-7.11902713699993,-79.691802979,0
			-7.11902713699993,-79.692085267,0
			-7.11874914099991,-79.692085267,0
			-7.11874914099991,-79.6923599249999,0
			-7.11847114599993,-79.6923599249999,0
			-7.11847305299983,-79.692642211,0
			-7.11819505799991,-79.692642211,0
			-7.11819505799991,-79.692916871,0
			-7.11791705999991,-79.692916871,0
			-7.11791705999991,-79.6931915289999,0
			-7.11736106899991,-79.6931915289999,0
			-7.11736106899991,-79.693473817,0
			-7.11680507499995,-79.693473817,0
			-7.11680507499995,-79.6937484749999,0
			-7.11624908399995,-79.6937484749999,0
			-7.11625099199989,-79.694030761,0
			-7.1156949999999,-79.694030761,0
			-7.1156949999999,-79.6945800789999,0
			-7.11541700299995,-79.6945800789999,0
			-7.11541700299995,-79.6948623649999,0
			-7.11513900699993,-79.6948623649999,0
			-7.11513900699993,-79.6951370249999,0
			-7.11486101199995,-79.6951370249999,0
			-7.11486101199995,-79.695419311,0
			-7.11458301599993,-79.695419311,0
			-7.11458301599993,-79.695693969,0
			-7.11430501799992,-79.695693969,0
			-7.11430501799992,-79.696250915,0
			-7.11402702299995,-79.696250915,0
			-7.11402702299995,-79.696525573,0
			-7.11374902699993,-79.696525573,0
			-7.11374902699993,-79.6970825189999,0
			-7.11236095399994,-79.6970825189999,0
			-7.11236095399994,-79.697914123,0
			-7.11208295899991,-79.697914123,0
			-7.11208295899991,-79.698753357,0
			-7.11180400799992,-79.698753357,0
			-7.11180400799992,-79.699028015,0
			-7.11125087699992,-79.699028015,0
			-7.11125087699992,-79.699302673,0
			-7.11097288199994,-79.699302673,0
			-7.11097288199994,-79.699584961,0
			-7.11041593599992,-79.699584961,0
			-7.11041593599992,-79.6998596189999,0
			-7.10958194699992,-79.6998596189999,0
			-7.10958194699992,-79.7001419069999,0
			-7.10930395099996,-79.7001419069999,0
			-7.10930395099996,-79.700416565,0
			-7.10902786299994,-79.700416565,0
			-7.10902786299994,-79.7012481689999,0
			-7.10874986499994,-79.7012481689999,0
			-7.10874986499994,-79.701530457,0
			-7.10847186999985,-79.701530457,0
			-7.10847186999985,-79.701805115,0
			-7.10819387399994,-79.701805115,0
			-7.10819387399994,-79.702079773,0
			-7.10791587899996,-79.702079773,0
			-7.10791587899996,-79.702362061,0
			-7.10736179299994,-79.702362061,0
			-7.10736179299994,-79.7026367189999,0
			-7.10680580199994,-79.7026367189999,0
			-7.10680580199994,-79.7029190069999,0
			-7.10624980799992,-79.7029190069999,0
			-7.10624980799992,-79.7040252689999,0
			-7.10597181299994,-79.7040252689999,0
			-7.10597181299994,-79.7043075569998,0
			-7.10569381699992,-79.7043075569998,0
			-7.10569381699992,-79.704582215,0
			-7.10541582099995,-79.704582215,0
			-7.10541582099995,-79.704864501,0
			-7.10513782599992,-79.704864501,0
			-7.10513782599992,-79.704582215,0
			-7.10458421699997,-79.704582215,0
			-7.10458421699997,-79.704864501,0
			-7.10430621999996,-79.704864501,0
			-7.10430621999996,-79.705139161,0
			-7.10402822399988,-79.705139161,0
			-7.10402822399988,-79.705696105,0
			-7.10375022899996,-79.705696105,0
			-7.10375022899996,-79.705970765,0
			-7.10347223299988,-79.705970765,0
			-7.10347223299988,-79.7062530509999,0
			-7.10319423699997,-79.7062530509999,0
			-7.10319423699997,-79.7065277089999,0
			-7.10263776699992,-79.7065277089999,0
			-7.10263776699992,-79.7068023689998,0
			-7.10208177499993,-79.7068023689998,0
			-7.10208415999995,-79.7070846549999,0
			-7.10152816699997,-79.7070846549999,0
			-7.10152816699997,-79.707641601,0
			-7.10125017099995,-79.707641601,0
			-7.10125017099995,-79.7079162589999,0
			-7.10097217599997,-79.7079162589999,0
			-7.10097217599997,-79.708473205,0
			-7.10069417999989,-79.708473205,0
			-7.10069417999989,-79.7087478629999,0
			-7.10041618199989,-79.7087478629999,0
			-7.10041618199989,-79.7090301509999,0
			-7.10013818699997,-79.7090301509999,0
			-7.10013818699997,-79.7093048089999,0
			-7.09986019099989,-79.7093048089999,0
			-7.09986209899995,-79.7095870969999,0
			-7.09930610499987,-79.7095870969999,0
			-7.09930610499987,-79.7098617549999,0
			-7.09902810999995,-79.7098617549999,0
			-7.09902810999995,-79.710136413,0
			-7.09875011399987,-79.710136413,0
			-7.09875011399987,-79.710418701,0
			-7.09847211899995,-79.710418701,0
			-7.09847211899995,-79.7106933589999,0
			-7.09819316799997,-79.7106933589999,0
			-7.09819316799997,-79.7109756469999,0
			-7.09764003699996,-79.7109756469999,0
			-7.09764003699996,-79.711250305,0
			-7.09736204199987,-79.711250305,0
			-7.09736204199987,-79.7115249629999,0
			-7.09708404599996,-79.7115249629999,0
			-7.09708404599996,-79.7120819089999,0
			-7.09680509599997,-79.7120819089999,0
			-7.09680509599997,-79.7126388549999,0
			-7.09652709999989,-79.7126388549999,0
			-7.09652709999989,-79.712913513,0
			-7.09597110699997,-79.712913513,0
			-7.09597110699997,-79.713195801,0
			-7.09569597099994,-79.713195801,0
			-7.09569597099994,-79.7134704589999,0
			-7.09541797599996,-79.7134704589999,0
			-7.09541797599996,-79.7137527469999,0
			-7.09513902699996,-79.7137527469999,0
			-7.09513902699996,-79.714027405,0
			-7.09486102999989,-79.714027405,0
			-7.09486102999989,-79.7143020629999,0
			-7.09458303399998,-79.7143020629999,0
			-7.09458303399998,-79.714584351,0
			-7.09430503799996,-79.714584351,0
			-7.09430503799996,-79.714859009,0
			-7.09402704299987,-79.714859009,0
			-7.09402704299987,-79.7151412969999,0
			-7.09374904699996,-79.7151412969999,0
			-7.09374904699996,-79.7154159549999,0
			-7.0934710489999,-79.7154159549999,0
			-7.0934710489999,-79.7156906129999,0
			-7.09319496099988,-79.7156982409999,0
			-7.09319496099988,-79.716529845,0
			-7.09291696599996,-79.716529845,0
			-7.09291696599996,-79.717086791,0
			-7.09263896999988,-79.717086791,0
			-7.09263896999988,-79.717361449,0
			-7.09208297699996,-79.717361449,0
			-7.09208297699996,-79.717636109,0
			-7.09152698599996,-79.717636109,0
			-7.09152698599996,-79.717918395,0
			-7.09097289999988,-79.717918395,0
			-7.09097289999988,-79.7181930529999,0
			-7.09041690899988,-79.7181930529999,0
			-7.09041690899988,-79.7193069449999,0
			-7.09013891299998,-79.7193069449999,0
			-7.09013891299998,-79.7195816029999,0
			-7.08986091499997,-79.7195816029999,0
			-7.08986091499997,-79.719863891,0
			-7.08958291999988,-79.719863891,0
			-7.08958291999988,-79.720138549,0
			-7.0890269279999,-79.720138549,0
			-7.0890269279999,-79.720413207,0
			-7.08847284299998,-79.720413207,0
			-7.08847284299998,-79.720695495,0
			-7.08763885399998,-79.720695495,0
			-7.08763885399998,-79.7209701529999,0
			-7.08708286199987,-79.7209701529999,0
			-7.08708286199987,-79.721527099,0
			-7.08652877899988,-79.721527099,0
			-7.08652877899988,-79.7218017569999,0
			-7.08597278599996,-79.7218017569999,0
			-7.08597278599996,-79.7220840449999,0
			-7.08569478999988,-79.7220840449999,0
			-7.08569478999988,-79.7226409909999,0
			-7.08541679399997,-79.7226409909999,0
			-7.08541679399997,-79.723197937,0
			-7.08513879699996,-79.723197937,0
			-7.08513879699996,-79.7237472529999,0
			-7.08486080099988,-79.7237472529999,0
			-7.08486080099988,-79.724304199,0
			-7.08430719299992,-79.724304199,0
			-7.08430719299992,-79.724586487,0
			-7.08375120099993,-79.724586487,0
			-7.08375120099993,-79.7248611449999,0
			-7.0826377869999,-79.7248611449999,0
			-7.0826377869999,-79.7251358029999,0
			-7.08152818699995,-79.7251358029999,0
			-7.08152818699995,-79.7254180909998,0
			-7.08097219399991,-79.7254180909998,0
			-7.08097219399991,-79.725692749,0
			-7.08069419799995,-79.725692749,0
			-7.08069419799995,-79.7259750369999,0
			-7.08013820699995,-79.7259750369999,0
			-7.08013820699995,-79.726249695,0
			-7.07986020899995,-79.726249695,0
			-7.07986020899995,-79.7265243529999,0
			-7.07958221399997,-79.7265243529999,0
			-7.07958221399997,-79.7268066409999,0
			-7.07902622199992,-79.7268066409999,0
			-7.07902622199992,-79.727081299,0
			-7.07874822699995,-79.727081299,0
			-7.07874822699995,-79.7273635849999,0
			-7.07847022899995,-79.7273635849999,0
			-7.07847213699995,-79.7276382449999,0
			-7.07819414099993,-79.7276382449999,0
			-7.07819414099993,-79.7279129029998,0
			-7.07791614499996,-79.7279129029998,0
			-7.07791614499996,-79.7281951909999,0
			-7.07763814999993,-79.7281951909999,0
			-7.07763814999993,-79.7284698489999,0
			-7.07736015199993,-79.7284698489999,0
			-7.07736015199993,-79.728752135,0
			-7.07708215599996,-79.728752135,0
			-7.07708406399991,-79.729026795,0
			-7.07680606799994,-79.729026795,0
			-7.07680606799994,-79.729309082,0
			-7.07652807299991,-79.729309082,0
			-7.07652807299991,-79.729583739,0
			-7.07625007499985,-79.729583739,0
			-7.07625007499985,-79.7301406849999,0
			-7.07569408399996,-79.7301406849999,0
			-7.07569408399996,-79.7304153429999,0
			-7.07513809299996,-79.7304153429999,0
			-7.07513999999992,-79.7306976319999,0
			-7.07458400699994,-79.7306976319999,0
			-7.07458400699994,-79.7318038929999,0
			-7.07430601099992,-79.7318038929999,0
			-7.07430601099992,-79.732086182,0
			-7.07402801599994,-79.732086182,0
			-7.07402801599994,-79.732360839,0
			-7.07375001799994,-79.732360839,0
			-7.07375001799994,-79.7326354969999,0
			-7.07347202199992,-79.7326354969999,0
			-7.07347202199992,-79.732917786,0
			-7.07319402699994,-79.732917786,0
			-7.07319402699994,-79.733192443,0
			-7.07291603099992,-79.733192443,0
			-7.07291603099992,-79.7334747319999,0
			-7.07263803499995,-79.7334747319999,0
			-7.0726399429999,-79.7337493889999,0
			-7.07208394999992,-79.7337493889999,0
			-7.07208394999992,-79.7340240469999,0
			-7.07152795799993,-79.7340240469999,0
			-7.07152795799993,-79.7343063359999,0
			-7.0709738729999,-79.7343063359999,0
			-7.07097101199997,-79.7345809929999,0
			-7.07041501899994,-79.7345809929999,0
			-7.07041501899994,-79.735969543,0
			-7.0701398839999,-79.735969543,0
			-7.0701398839999,-79.7362518319999,0
			-7.06958293999992,-79.7362518319999,0
			-7.06958293999992,-79.73652649,0
			-7.06930494199992,-79.73652649,0
			-7.06930494199992,-79.736808778,0
			-7.06902694599995,-79.736808778,0
			-7.06902694599995,-79.7370834359999,0
			-7.06847095499995,-79.7370834359999,0
			-7.06847095499995,-79.7373580929999,0
			-7.06791686899993,-79.7373580929999,0
			-7.06791686899993,-79.7376403819999,0
			-7.06708288299996,-79.7376403819999,0
			-7.06708288299996,-79.73791504,0
			-7.06624889399995,-79.73791504,0
			-7.06624889399995,-79.738197328,0
			-7.06569480799993,-79.738197328,0
			-7.06569480799993,-79.738746643,0
			-7.06541681199991,-79.738746643,0
			-7.06541681199991,-79.7390289319999,0
			-7.06430482799993,-79.7390289319999,0
			-7.06430482799993,-79.73930359,0
			-7.06402683199997,-79.73930359,0
			-7.06402683199997,-79.7395858759999,0
			-7.06374883599995,-79.7395858759999,0
			-7.06374883599995,-79.7398605359999,0
			-7.06319522799987,-79.7398605359999,0
			-7.06319522799987,-79.7401351929999,0
			-7.06291723299995,-79.7401351929999,0
			-7.06291723299995,-79.7404174799999,0
			-7.06263923699987,-79.7404174799999,0
			-7.06263923699987,-79.74069214,0
			-7.06236076399995,-79.74069214,0
			-7.06236076399995,-79.74180603,0
			-7.06180477099997,-79.74180603,0
			-7.06180477099997,-79.7420806879999,0
			-7.06152677499995,-79.7420806879999,0
			-7.06152677499995,-79.7423629759999,0
			-7.06124877899992,-79.7423629759999,0
			-7.06124877899992,-79.7426376339999,0
			-7.06069517099996,-79.7426376339999,0
			-7.06069517099996,-79.7429199219999,0
			-7.06041717499988,-79.7429199219999,0
			-7.06041717499988,-79.7431945799999,0
			-7.05930519099996,-79.7431945799999,0
			-7.05930519099996,-79.743469238,0
			-7.05847310899998,-79.743469238,0
			-7.05847310899998,-79.743751526,0
			-7.05819511399989,-79.743751526,0
			-7.05819511399989,-79.7440261839999,0
			-7.05763912299989,-79.7440261839999,0
			-7.05763912299989,-79.7443084719999,0
			-7.0573601719999,-79.7443084719999,0
			-7.0573601719999,-79.74458313,0
			-7.05708217699993,-79.74458313,0
			-7.05708217699993,-79.745414734,0
			-7.05680704099996,-79.745414734,0
			-7.05680704099996,-79.7462463379999,0
			-7.05652904599998,-79.7462463379999,0
			-7.05652904599998,-79.746528626,0
			-7.05625104799998,-79.746528626,0
			-7.05625104799998,-79.7468032839999,0
			-7.05569410399988,-79.7468032839999,0
			-7.05569410399988,-79.7470855719999,0
			-7.05541610599988,-79.7470855719999,0
			-7.05541610599988,-79.74736023,0
			-7.05513811099991,-79.74736023,0
			-7.05513811099991,-79.747642518,0
			-7.05486011499988,-79.747642518,0
			-7.05486011499988,-79.748191834,0
			-7.05458497999996,-79.748191834,0
			-7.05458211899997,-79.7484741219999,0
			-7.05430602899997,-79.7484741219999,0
			-7.05430602899997,-79.7490310679999,0
			-7.05375003799998,-79.7490310679999,0
			-7.05375003799998,-79.749305726,0
			-7.05291604899998,-79.749305726,0
			-7.05291604899998,-79.7495803839999,0
			-7.05236005799998,-79.7495803839999,0
			-7.05236005799998,-79.7498626719999,0
			-7.05180597199995,-79.7498626719999,0
			-7.05180597199995,-79.75013733,0
			-7.0512499809999,-79.75013733,0
			-7.0512499809999,-79.750419616,0
			-7.05097198499988,-79.750419616,0
			-7.05097198499988,-79.750968934,0
			-7.0506939899999,-79.750968934,0
			-7.0506939899999,-79.75125122,0
			-7.0504159919999,-79.75125122,0
			-7.0504159919999,-79.7518081659999,0
			-7.05013799599982,-79.7518081659999,0
			-7.05013799599982,-79.7520828239999,0
			-7.0498600009999,-79.7520828239999,0
			-7.0498600009999,-79.75263977,0
			-7.04958391299988,-79.75263977,0
			-7.04958391299988,-79.7529144279999,0
			-7.04930591499988,-79.7529144279999,0
			-7.04930591499988,-79.753471374,0
			-7.04902791899997,-79.753471374,0
			-7.04902791899997,-79.753753662,0
			-7.04874992399988,-79.753753662,0
			-7.04874992399988,-79.75402832,0
			-7.04847192799997,-79.75402832,0
			-7.04847192799997,-79.7543029779999,0
			-7.04791593499988,-79.7543029779999,0
			-7.04791593499988,-79.7545852659999,0
			-7.04763984699997,-79.7545852659999,0
			-7.04763984699997,-79.7548599239998,0
			-7.04736185099989,-79.7548599239998,0
			-7.04736185099989,-79.755142212,0
			-7.04708385499987,-79.755142212,0
			-7.04708385499987,-79.7554168699999,0
			-7.04680585799997,-79.7554168699999,0
			-7.04680585799997,-79.7556915279999,0
			-7.04652786199989,-79.7556915279999,0
			-7.04652786199989,-79.7559738159999,0
			-7.04624986599981,-79.7559738159999,0
			-7.04624986599981,-79.756248474,0
			-7.04597187099989,-79.756248474,0
			-7.04597187099989,-79.75680542,0
			-7.04569387299989,-79.75680542,0
			-7.04569387299989,-79.7570800779999,0
			-7.04541778499987,-79.7570800779999,0
			-7.04541778499987,-79.757919312,0
			-7.04513978999995,-79.757919312,0
			-7.04513978999995,-79.7581939699999,0
			-7.04486179399987,-79.7581939699999,0
			-7.04486179399987,-79.7584686279999,0
			-7.04458379599987,-79.7584686279999,0
			-7.04458379599987,-79.7587509159999,0
			-7.04402780499987,-79.7587509159999,0
			-7.04402780499987,-79.759025574,0
			-7.04347085899991,-79.759025574,0
			-7.04347085899991,-79.759307862,0
			-7.04319286299989,-79.759307862,0
			-7.04319286299989,-79.75958252,0
			-7.04291820499992,-79.75958252,0
			-7.04291820499992,-79.759864808,0
			-7.04264020999995,-79.759864808,0
			-7.04264020999995,-79.7601394659999,0
			-7.04236221199994,-79.7601394659999,0
			-7.04236221199994,-79.760414124,0
			-7.04208278599998,-79.760414124,0
			-7.04208278599998,-79.760696412,0
			-7.03986120199994,-79.760696412,0
			-7.03986120199994,-79.7609710699999,0
			-7.03930521099994,-79.7609710699999,0
			-7.03930521099994,-79.7612533559999,0
			-7.03902721299994,-79.7612533559999,0
			-7.03902721299994,-79.7615280159998,0
			-7.03874921799996,-79.7615280159998,0
			-7.03874921799996,-79.761802674,0
			-7.03819322599998,-79.761802674,0
			-7.03819322599998,-79.76208496,0
			-7.03791522899996,-79.76208496,0
			-7.03791522899996,-79.7626419059999,0
			-7.03763723299994,-79.7626419059999,0
			-7.03763723299994,-79.763191224,0
			-7.03735923699998,-79.763191224,0
			-7.03735923699998,-79.7637481699999,0
			-7.03708076399994,-79.7637481699999,0
			-7.03708314899995,-79.7654190059999,0
			-7.03680515199994,-79.7654190059999,0
			-7.03680515199994,-79.765693664,0
			-7.03652715599986,-79.765693664,0
			-7.03652715599986,-79.765975952,0
			-7.03624915999995,-79.765975952,0
			-7.03624915999995,-79.7662506099999,0
			-7.03597116499998,-79.7662506099999,0
			-7.03597307199993,-79.766525268,0
			-7.03569507699996,-79.766525268,0
			-7.03569507699996,-79.7668075559999,0
			-7.03541707899996,-79.7668075559999,0
			-7.03541707899996,-79.7670822139999,0
			-7.03513908299993,-79.7670822139999,0
			-7.03513908299993,-79.7673645019999,0
			-7.03486108799996,-79.7673645019999,0
			-7.03486108799996,-79.76763916,0
			-7.03458309199993,-79.76763916,0
			-7.03458309199993,-79.7679138179999,0
			-7.03430509499992,-79.7679138179999,0
			-7.03430509499992,-79.7681961059999,0
			-7.03291702199994,-79.7681961059999,0
			-7.03291702199994,-79.7690277099999,0
			-7.03263902599986,-79.7690277099999,0
			-7.03263902599986,-79.7701416019999,0
			-7.03236103099994,-79.7701416019999,0
			-7.03236103099994,-79.7704162599999,0
			-7.03180503699997,-79.7704162599999,0
			-7.03180503699997,-79.7706909179999,0
			-7.03124809299987,-79.7706909179999,0
			-7.03125095399992,-79.7709732059999,0
			-7.03069495999995,-79.7709732059999,0
			-7.03069495999995,-79.771247864,0
			-7.03013801599997,-79.771247864,0
			-7.03013801599997,-79.771530152,0
			-7.02986001899995,-79.771530152,0
			-7.02986001899995,-79.772361756,0
			-7.02958202299993,-79.772361756,0
			-7.02958202299993,-79.7726364139999,0
			-7.02930402699997,-79.7726364139999,0
			-7.02930688799995,-79.7731933599999,0
			-7.02902889199993,-79.7731933599999,0
			-7.02902889199993,-79.7734756459998,0
			-7.02875089599985,-79.7734756459998,0
			-7.02875089599985,-79.7737503059999,0
			-7.02847194599997,-79.7737503059999,0
			-7.02847194599997,-79.7743072499999,0
			-7.02819394999995,-79.7743072499999,0
			-7.02819394999995,-79.7745819099999,0
			-7.02791595499997,-79.7745819099999,0
			-7.02791595499997,-79.774864196,0
			-7.02763795899995,-79.774864196,0
			-7.02763795899995,-79.775138854,0
			-7.02735996199993,-79.775138854,0
			-7.02735996199993,-79.7754135139999,0
			-7.02624988499997,-79.7754135139999,0
			-7.02624988499997,-79.7756957999999,0
			-7.02569389299993,-79.7756957999999,0
			-7.02569389299993,-79.776252746,0
			-7.02597188899995,-79.776252746,0
			-7.02597188899995,-79.7768020619999,0
			-7.02569389299993,-79.7768020619999,0
			-7.02569389299993,-79.7770843499999,0
			-7.02541589799995,-79.7770843499999,0
			-7.02541589799995,-79.777641296,0
			-7.02513790199987,-79.777641296,0
			-7.02513790199987,-79.777915954,0
			-7.02486181199993,-79.777915954,0
			-7.02485990399987,-79.7781906119999,0
			-7.02458381599996,-79.778198242,0
			-7.02458381599996,-79.7784728999999,0
			-7.02402782499996,-79.7784728999999,0
			-7.02402782499996,-79.778747558,0
			-7.02374982699996,-79.778747558,0
			-7.02374982699996,-79.779029846,0
			-7.02347183199993,-79.779029846,0
			-7.02347183199993,-79.7798614499999,0
			-7.02319383599996,-79.7798614499999,0
			-7.02319383599996,-79.780136108,0
			-7.02263784299987,-79.780136108,0
			-7.02263784299987,-79.780693054,0
			-7.02208423699989,-79.780693054,0
			-7.02208423699989,-79.780975342,0
			-7.02180576299992,-79.780975342,0
			-7.02180576299992,-79.7812499999999,0
			-7.02152776799994,-79.7812499999999,0
			-7.02152776799994,-79.781524658,0
			-7.02124976999994,-79.781524658,0
			-7.02124976999994,-79.781806946,0
			-7.02097177499996,-79.781806946,0
			-7.02097177499996,-79.7820816039999,0
			-7.02069377899994,-79.7820816039999,0
			-7.02069377899994,-79.783470154,0
			-7.02013778599996,-79.783470154,0
			-7.02013778599996,-79.783752442,0
			-7.01958417899988,-79.783752442,0
			-7.01958417899988,-79.784301758,0
			-7.01930618199998,-79.784301758,0
			-7.01930618199998,-79.7848587039999,0
			-7.0190281859999,-79.7848587039999,0
			-7.0190281859999,-79.7851409899999,0
			-7.01875018999988,-79.7851409899999,0
			-7.01875018999988,-79.7854156499999,0
			-7.0184721949999,-79.7854156499999,0
			-7.0184721949999,-79.785972594,0
			-7.01708412199997,-79.785972594,0
			-7.01708412199997,-79.786247254,0
			-7.0165271759999,-79.786247254,0
			-7.0165271759999,-79.787086486,0
			-7.01624918099998,-79.787086486,0
			-7.01624918099998,-79.7873611439999,0
			-7.01597118299998,-79.7873611439999,0
			-7.01597118299998,-79.787635802,0
			-7.01541805199997,-79.787635802,0
			-7.01541805199997,-79.7879180899999,0
			-7.01514005599989,-79.7879180899999,0
			-7.01514005599989,-79.7884750359999,0
			-7.0148611059999,-79.7884750359999,0
			-7.0148611059999,-79.7890243519999,0
			-7.01458310999982,-79.7890243519999,0
			-7.01458310999982,-79.789581298,0
			-7.0143051149999,-79.789581298,0
			-7.0143051149999,-79.789863586,0
			-7.01402711899993,-79.789863586,0
			-7.01402711899993,-79.7901382439999,0
			-7.01374912299991,-79.7901382439999,0
			-7.01374912299991,-79.790412902,0
			-7.0134711259999,-79.790412902,0
			-7.0134711259999,-79.79069519,0
			-7.01319503799988,-79.79069519,0
			-7.01319503799988,-79.7909698479999,0
			-7.01291704199997,-79.7909698479999,0
			-7.01291704199997,-79.7912521359999,0
			-7.01263904599989,-79.7912521359999,0
			-7.01263904599989,-79.7915267939999,0
			-7.01236104899988,-79.7915267939999,0
			-7.01236104899988,-79.791809082,0
			-7.01208305299997,-79.791809082,0
			-7.01208305299997,-79.792358398,0
			-7.01180505699989,-79.792358398,0
			-7.01180505699989,-79.792640686,0
			-7.01152706199991,-79.792640686,0
			-7.01152706199991,-79.7929153439999,0
			-7.01124906399991,-79.7929153439999,0
			-7.01124906399991,-79.79347229,0
			-7.01097106899994,-79.79347229,0
			-7.01097106899994,-79.7937469479999,0
			-7.01069497999981,-79.7937469479999,0
			-7.01069497999981,-79.7943038939999,0
			-7.01041698499989,-79.7943038939999,0
			-7.01041698499989,-79.7956924439999,0
			-7.01013898899993,-79.7956924439999,0
			-7.01013898899993,-79.7959747309999,0
			-7.00986099199997,-79.7959747309999,0
			-7.00986099199997,-79.79624939,0
			-7.00958299599989,-79.79624939,0
			-7.00958299599989,-79.7965240479999,0
			-7.00902700499989,-79.7965240479999,0
			-7.00902700499989,-79.7968063339999,0
			-7.00874900699989,-79.7968063339999,0
			-7.00875091499989,-79.7970809939999,0
			-7.00847291899987,-79.7970809939999,0
			-7.00847291899987,-79.7973632809999,0
			-7.00819492299996,-79.7974166879999,0
			-7.00819492299996,-79.7976379379999,0
			-7.00791692799982,-79.7976379379999,0
			-7.00791692799982,-79.7979202269999,0
			-7.00763893199991,-79.7979202269999,0
			-7.00763893199991,-79.798194885,0
			-7.00736093399991,-79.798194885,0
			-7.00736093399991,-79.799858092,0
			-7.00708293899993,-79.799858092,0
			-7.00708293899993,-79.8001403809999,0
			-7.00680494299991,-79.8001403809999,0
			-7.00680494299991,-79.8004150379999,0
			-7.00652885499989,-79.8004150379999,0
			-7.00652885499989,-79.8006973269999,0
			-7.00625085699988,-79.8006973269999,0
			-7.00625085699988,-79.800971985,0
			-7.00597286199996,-79.800971985,0
			-7.00597286199996,-79.801246642,0
			-7.00569486599989,-79.801246642,0
			-7.00569486599989,-79.800971985,0
			-7.00513887299991,-79.800971985,0
			-7.00513887299991,-79.801246642,0
			-7.00458288199991,-79.801246642,0
			-7.00458288199991,-79.8015289309999,0
			-7.00430393099992,-79.8015289309999,0
			-7.00430393099992,-79.801803589,0
			-7.00402879799998,-79.801803589,0
			-7.00402879799998,-79.8023605349999,0
			-7.00375079999998,-79.8023605349999,0
			-7.00375079999998,-79.802635192,0
			-7.00347280499989,-79.802635192,0
			-7.00347280499989,-79.8031921389999,0
			-7.00319480899998,-79.8031921389999,0
			-7.00319480899998,-79.8034744269999,0
			-7.0029168129999,-79.8034744269999,0
			-7.0029168129999,-79.8037490849999,0
			-7.0026378629999,-79.8037490849999,0
			-7.0026378629999,-79.804031373,0
			-7.00208187199991,-79.804031373,0
			-7.00208187199991,-79.8043060309999,0
			-7.00180721199985,-79.8043060309999,0
			-7.0018038739999,-79.8051376349999,0
			-7.00152921599994,-79.8051376349999,0
			-7.00152921599994,-79.805419923,0
			-7.00097179499988,-79.805419923,0
			-7.00097179499988,-79.805694581,0
			-7.00069379699983,-79.805694581,0
			-7.00069379699983,-79.805419923,0
			-7.00041580099992,-79.805419923,0
			-7.00041580099992,-79.8051376349999,0
			-7.00013780599994,-79.8051376349999,0
			-7.00013780599994,-79.804862977,0
			-6.99985980999992,-79.804862977,0
			-6.99986219299996,-79.8051376349999,0
			-6.9995818139999,-79.8051376349999,0
			-6.9995818139999,-79.805694581,0
			-6.99930620199996,-79.805694581,0
			-6.99930620199996,-79.8059692389999,0
			-6.99902820599993,-79.8059692389999,0
			-6.99902820599993,-79.8065261849999,0
			-6.99875021099996,-79.8065261849999,0
			-6.99875021099996,-79.806808473,0
			-6.99847221299996,-79.806808473,0
			-6.99847221299996,-79.8070831309999,0
			-6.99819421699993,-79.8070831309999,0
			-6.99819421699993,-79.807640077,0
			-6.99791622199996,-79.807640077,0
			-6.99791622199996,-79.8079147349999,0
			-6.99763822599994,-79.8079147349999,0
			-6.99763822599994,-79.808471681,0
			-6.99736022799993,-79.808471681,0
			-6.99736022799993,-79.8087463389999,0
			-6.99708223299996,-79.8087463389999,0
			-6.99708223299996,-79.8090286249999,0
			-6.99680423699988,-79.8090286249999,0
			-6.99680423699988,-79.8093032849999,0
			-6.99652576399984,-79.8093032849999,0
			-6.99652576399984,-79.8095855709998,0
			-6.99625015299995,-79.8095855709998,0
			-6.99625015299995,-79.809860229,0
			-6.99569415999997,-79.809860229,0
			-6.99569415999997,-79.8101425169999,0
			-6.99541616399995,-79.8101425169999,0
			-6.99541616399995,-79.8104171749999,0
			-6.99486017099997,-79.8104171749999,0
			-6.99486207899992,-79.810691833,0
			-6.99430608699993,-79.810691833,0
			-6.99430608699993,-79.810974121,0
			-6.99402809199995,-79.810974121,0
			-6.99402809199995,-79.811531067,0
			-6.99375009399995,-79.811531067,0
			-6.99375009399995,-79.8120803829999,0
			-6.99347209899997,-79.8120803829999,0
			-6.99347209899997,-79.812362671,0
			-6.99319410299995,-79.812362671,0
			-6.99319410299995,-79.8129196169999,0
			-6.99291610699987,-79.8129196169999,0
			-6.99291610699987,-79.814025879,0
			-6.99263811199995,-79.814025879,0
			-6.99263811199995,-79.814308167,0
			-6.99236011399995,-79.814308167,0
			-6.99236202199995,-79.8145828249999,0
			-6.99208402599993,-79.8145828249999,0
			-6.99208402599993,-79.814857483,0
			-6.99180602999996,-79.814857483,0
			-6.99180602999996,-79.815139771,0
			-6.99152803499993,-79.815139771,0
			-6.99152803499993,-79.8154144289999,0
			-6.99125003699993,-79.8154144289999,0
			-6.99125003699993,-79.815666198,0
			-6.99097204099996,-79.8156967169999,0
			-6.99097204099996,-79.8159713749999,0
			-6.99069309299995,-79.8159713749999,0
			-6.99069309299995,-79.8162536629998,0
			-6.99041509499995,-79.8162536629998,0
			-6.99041509499995,-79.816528321,0
		</coordinates>
	</polygon>
</kml>
