mean_branch_dispersal_velocity	weighted_branch_dispersal_velocity	branch_dispersal_velocity_variation_among_branches	original_diffusion_coefficient	weighted_diffusion_coefficient	diffusion_coefficient_variation_among_branches	isolation_by_distance_signal_rS	isolation_by_distance_signal_rP1	isolation_by_distance_signal_rP2
5350.20835586713	1425.86183489984	3.41453586390891	116122.878722688	55151.059849637	10.2869009825079	-0.21918399040612	-0.288978363454694	-0.224428856906235
6111.66720846017	1142.0517542944	4.07493834125469	67626.4500843706	41434.721642238	8.54404444513201	-0.178259984808759	-0.155690575785559	-0.1619692830688
3642.33532670563	1092.18909549743	1.98844252199389	42817.1312470831	29547.9570243232	5.4239389415262	-0.249063224890606	-0.306128829818695	-0.243104266651678
3542.1176253698	1077.39038539644	2.51507940613147	41329.494255171	30342.6761316533	6.7912272680297	-0.245415489945477	-0.305388922327541	-0.24081431278439
3094.25810750076	1232.86341128766	2.05634545432184	78525.835890723	45741.6181958988	10.4909910971279	-0.269830434269394	-0.320378039667582	-0.257459504744799
4109.08194632517	1146.12777259958	5.16665837718342	55180.7493371791	46952.8626323464	8.85040508238122	-0.339714208443356	-0.348861403870715	-0.295505750805378
6465.07502928158	1194.94465716018	6.45589164032403	111762.973672119	47257.3542345386	10.6702666043642	-0.224955836758423	-0.278344088638702	-0.234079533252618
3988.9082794425	1145.83965159935	3.18472988509435	70636.8008825597	44768.4912212567	11.4527495471463	-0.306808433863272	-0.322840433496155	-0.280818926210807
3581.46762535035	1123.01499729519	3.20827967164538	74372.3628891596	44755.0863331294	11.5030220353518	-0.306898263967527	-0.326041816552639	-0.286072880417519
7290.93079115852	1399.55020293051	6.24808139002045	135068.289158355	54327.8630920798	10.0124226825644	-0.223831862558966	-0.27793136356483	-0.234497250326863
2914.11125739561	1087.88844011781	1.69765061297736	50739.4379185414	41778.2173680142	10.0955879908989	-0.266949754966299	-0.317320892230281	-0.256377149158693
3554.83018057706	1459.61462463223	1.41050324206576	77307.5272919946	57936.1448064765	9.19053715875166	-0.246751486361725	-0.264354863453224	-0.221820758657922
2794.46615040647	1067.89289672415	2.07015748116213	46362.3820396362	48563.6829470138	9.65350274721069	-0.19925750196126	-0.235071474995941	-0.18150717201949
118844.705256546	1104.11348139062	15.9550951465268	799641.765410054	33361.5260814728	15.8467708353247	-0.286359319263219	-0.293158887396652	-0.266843245223254
3427.27065092264	1125.91799061522	1.87100442491449	63044.5235628998	44336.012359319	10.3005230210525	-0.206310261668964	-0.237852892453473	-0.195344077201294
40559.325082461	1209.46856494413	14.5756343600509	168554.769628543	35616.2853793833	12.8356189195859	-0.182111875603498	-0.286794734120674	-0.187237824373495
3100.40952252551	1064.20889292573	1.99675095605911	38137.491804646	35277.5585185515	6.75424474559143	-0.276320634773343	-0.286086370779865	-0.248739394436521
4514.95277767905	1420.49307151193	1.89447334480276	88588.0328059538	55432.4370797082	8.94630619311772	-0.285508663350723	-0.279782248408055	-0.263879552431116
2912.84060782697	958.269086197422	2.61806716024724	87545.0101876059	41680.8347296203	13.4345311625836	-0.252145972930874	-0.27878962775338	-0.250868242957422
3505.97645695097	1206.52119459892	2.63801931586527	48896.8227553256	44826.5162588719	8.49589761720205	-0.178145728642755	-0.283429399331998	-0.190111617214546
5681.68578052639	1260.1314905398	6.15501369354408	74171.3896236215	52620.7849295131	10.7608655026049	-0.273876726296907	-0.29856019995865	-0.250052781152698
4237.86218241214	1022.62324791255	2.41615725335104	70233.6734165997	40018.6982917987	11.429742700484	-0.213966566730012	-0.293883465092019	-0.218420027163815
4789.26623412115	1094.92320282959	3.67986268166988	50507.9026058438	37143.206930568	6.90730309497845	-0.213604987728711	-0.259199381398042	-0.211628095488505
5061.91413058153	1364.31058462455	2.48812918454568	76093.7989750519	44149.2593773433	7.19045043452322	-0.291806294863069	-0.301997025512556	-0.261167217648194
6797.03007357164	992.0184003437	4.72488282199718	62444.9054328149	38636.5257713961	10.1982649696191	-0.219625036549543	-0.236264356531626	-0.201560567555557
7409.64785939261	1532.99255346559	3.908593424157	93478.5186260929	71878.4475400231	7.51108503389286	-0.221073716430106	-0.31460377832815	-0.223827044913706
3162.54798791045	945.645605353089	2.64290372629345	42654.2671629989	51663.5762318998	8.47852106823529	-0.239370521026162	-0.250672150940797	-0.217267774377875
4802.42958301621	1576.27546389096	2.18375440751305	107929.203654201	60722.8778292164	10.2765797870011	-0.244057336142123	-0.227984635910757	-0.223734921272122
3717.20770361923	917.634327494195	4.66322473778866	69045.4674595631	43578.7228240766	13.0772769829535	-0.28593301905035	-0.317069515969584	-0.265055141232453
4828.82062909659	1203.58144588722	2.82978405475442	92874.8782883895	45235.1135226166	11.1110343923057	-0.29404546969979	-0.336012828002777	-0.279001490044222
2769.73306596404	992.199967527728	2.71130101230687	68169.0851288852	60512.9626950277	10.2854187249008	-0.251376873230209	-0.24315909765133	-0.230962965237755
2860.74169365713	962.69885753647	1.96940061141797	20241.8820005958	16920.2466573201	2.14450909630054	-0.194548444559563	-0.295248519800755	-0.205876406789441
7758.83549798328	1086.43149753083	9.5696009932934	76219.7377816881	45838.8170434753	11.730504545826	-0.237966352882884	-0.280013309628758	-0.22585639110034
4953.00928063236	1303.32396970695	2.48431562278728	94119.4568980711	48126.2409552714	8.86356289340602	-0.283390013934188	-0.313513429735355	-0.267253589163651
5253.39801290742	1201.04427626263	4.01604280860786	88392.8004375279	48050.2294681628	11.2164968988417	-0.270097613339443	-0.312845991119777	-0.244939653950072
3827.37110766332	1114.63531151359	3.45470864956998	62768.8971426474	45023.3580302729	10.6274363231426	-0.140891869537389	-0.259759211245413	-0.15275348471975
4750.35287274027	1143.68182561969	4.43726495086351	83734.5077675165	52768.2589794078	10.4183367698947	-0.204227923440212	-0.265423549422283	-0.205671349259865
2909.79396327076	1034.66575650818	2.01348298749741	49460.6588086866	43435.0501054557	10.6563811092432	-0.309837026646613	-0.319396348468006	-0.269091788787239
2722.84461587755	1019.91244461884	2.03473569325599	67361.183248374	43880.7594962305	12.2556621208312	-0.230916138544211	-0.28574421016091	-0.222752814035077
4998.19441704294	1578.08439174714	1.99484220322273	102395.543590467	92544.2903271604	7.90972244272846	-0.198175365785162	-0.278096807204713	-0.19869254106818
2808.0974787615	929.991173641931	1.93036185554324	20214.196540407	31765.4998781438	5.58444464528699	-0.227997006409667	-0.217019016598749	-0.199298407208287
5440.64820318838	1240.77537503464	3.94062837580688	101744.653775197	63128.3670310409	10.5439719483232	-0.240619969579377	-0.284913076884955	-0.22599945829066
5074.01678814113	1120.156179989	4.4984499600042	58078.6425135999	51862.4393896933	6.06741226239034	-0.166840861877598	-0.20693968388585	-0.158689515908324
4921.44278636339	1141.78007966056	3.01845673668871	104460.046282898	57750.2061075913	11.7996072009143	-0.2430564228493	-0.310262588039522	-0.24391124375
3405.87956605252	1132.38864383762	2.08110137111156	47651.9659195641	33957.3089137696	8.00434993189526	-0.161415371612034	-0.156338670328452	-0.148853522244497
5234.44918859145	1220.06396542785	5.67651971423417	62659.8494078894	48753.2603084216	6.6088782092734	-0.217815347229895	-0.231551647542043	-0.204483762171117
3932.79993431569	1042.71114122448	3.53323129473842	95942.1467369488	44591.2584171511	13.1702797073186	-0.260190661382344	-0.290508925010285	-0.243657638168635
6627.76316544322	1103.40932081006	4.62815606871319	66196.6359867803	45111.5674495841	7.89548916008578	-0.276457002124064	-0.271394961456122	-0.250224955192942
4415.65623899833	972.69906369616	3.8434595901749	37972.4633307846	31715.9824535579	6.98501007970835	-0.264148753434928	-0.311642430706395	-0.264188284479257
4177.79203400415	1132.12226655126	2.50269412539256	42629.8380965395	32234.7444625251	4.35329662695151	-0.251784195921238	-0.30420533289607	-0.233457471158191
4016.49899976644	1357.30261686643	1.65343755336599	71738.3167736494	54528.3184330972	8.23190896865674	-0.231343485100682	-0.27101657475843	-0.22321296328085
3831.45811573544	1098.39355185859	2.46279696537783	68142.1881800734	41450.8148186169	11.3661452704881	-0.205291406520006	-0.255987061215211	-0.19653010902895
3201.91144791601	1136.99984743868	2.46872015356539	80403.5000767644	55629.1813368499	11.2544627788868	-0.205732703928718	-0.218678375834417	-0.183607315694048
2609.72968215633	812.133109607249	3.10351095251617	82271.897869892	36285.5543530053	13.9163947233199	-0.292094752804222	-0.323800478830759	-0.271268272951742
4666.46884765344	1416.27648418581	2.98888546037961	104772.139558556	53216.0437503023	9.17427612812873	-0.236136514117087	-0.263468543204982	-0.222732814166398
5071.31851384738	1329.55249627156	2.1847516871092	110199.149279649	47526.5261036137	9.53204249149685	-0.278769126839326	-0.286942541729578	-0.251138932871949
3172.78431933457	1226.16359199172	1.78769981849198	74838.8117809749	47882.1694200493	11.6357570494963	-0.273296421528678	-0.290628654423775	-0.255452994491512
4195.88923621333	1171.98296566193	3.85939058680956	74857.4832656308	46513.1374395658	10.4735355199491	-0.249435072930287	-0.28508003146728	-0.226100637159203
4329.36316408535	1049.68354288778	2.8225346248741	76844.3121402414	40058.0332634716	11.58141792925	-0.260386703605789	-0.272087656374398	-0.24539375081337
3687.9640238866	1132.89651639595	3.34636478059589	94535.1062703388	44217.3865203987	11.7787145920095	-0.259388486988844	-0.268063569826242	-0.233956797124717
4717.30709631139	1365.78527365537	2.23759388784637	113564.58411393	53077.713239056	10.3146986668374	-0.237572466370434	-0.27781808668397	-0.230305764072694
6209.46355078011	1156.6965487122	5.91810972119825	50251.5337060826	38481.2647413028	6.81118413215837	-0.254619054921899	-0.201278196327197	-0.218661047459972
5710.80918351616	1277.93840356412	3.14171854220053	90356.7692182188	43530.5250094466	9.32801642400006	-0.258034334767728	-0.250190508935729	-0.22917758809458
5108.25691444585	1056.06446717878	5.02919054176841	74464.3273503379	39448.064265616	10.5148665515293	-0.201204727109916	-0.220311700166578	-0.18968922984962
4142.3614435722	1097.75825980493	3.50875370312303	90141.5417796753	57270.1157323352	11.6915046243731	-0.25298603709419	-0.324699036120828	-0.241164757480322
4528.53788252934	1118.03380675981	2.63553988141889	28131.6432898171	17606.5499119376	1.82736334015901	-0.326066456270241	-0.367516898101753	-0.299405924823811
2313.80354826126	1094.05249788317	1.40869692203349	40951.3933659076	41599.7921064763	10.2050639633146	-0.295329972603684	-0.306628280363653	-0.277562496099195
4027.92415044442	1354.42005311653	2.3066661055014	93680.3759795812	61517.4448642826	10.1912234952012	-0.224455331903379	-0.297175765124197	-0.22792704983868
5199.16674777101	1037.81883648314	2.72599326893768	55666.2207908605	35745.1204258067	7.34343291702364	-0.28623984281185	-0.274588783466745	-0.254251567059979
4271.24617683325	1436.66715251978	1.69034289923575	98700.2666810272	59531.1640351147	9.49575888440806	-0.315809884486565	-0.284913406249645	-0.275402952232454
3418.85720696849	1208.66759213118	2.28702073315411	86398.0555698491	39945.8072598247	10.0716908110878	-0.229428404939197	-0.244037291902983	-0.218466753580045
2822.46783479422	1187.3351518139	1.97740774870479	64118.6396494944	70963.8508635927	10.3022102592698	-0.214584985000789	-0.219823906395806	-0.192178238367623
2944.26456526937	1038.71493510174	2.60235914921396	56305.5476444527	39343.1258856385	11.7334682508766	-0.275840942978804	-0.290522607315765	-0.26076277831572
4840.01129157117	1468.55242598764	2.3416553547337	94413.2582628059	81773.4225119892	9.17396812823359	-0.290762174699736	-0.329375097440537	-0.262621835360719
4391.37357222738	1436.6871277974	2.06572710355922	86223.7376580415	70546.7527927938	9.36696316523385	-0.255839300283914	-0.290983628547096	-0.227996595439051
15824.1811529739	1392.16306980425	11.4912600597904	82962.9820161742	46637.7190939063	7.70801309352257	-0.147415169739529	-0.19285714159828	-0.15135419331104
3854.3715708334	1091.08760418553	1.96723270628371	45778.2489443096	46720.1495150055	8.03079795154445	-0.230221965874741	-0.264252694334651	-0.219764663463974
3218.136898035	1054.60900252191	2.49238225713946	67870.3657025259	42399.4790378245	12.0229044839738	-0.248397825036397	-0.272327895871518	-0.233594068962153
4003.12558471471	1212.37049538779	3.22607882798876	78042.7788409968	47299.0061429171	10.7772518934375	-0.211289552864313	-0.244259180837136	-0.201555538813551
3926.97400137019	1115.3534727313	4.59674605279078	40824.5107760913	35787.0658572769	7.63126587527029	-0.294022196953293	-0.313194602195737	-0.279188562739038
4387.45297099984	1076.89298892877	2.57034880261799	28030.3167889073	15797.0855259422	1.95296010615334	-0.279194860331031	-0.268873476223271	-0.242279932561896
4025.17488190868	892.626606446359	5.34978048386569	44334.7520249708	29121.4075531854	6.97953551156002	-0.251978338195167	-0.251456588901202	-0.218136001166004
3102.99362028831	1177.84249652978	1.73992658488604	75234.8603998266	49375.367818783	10.7596760199751	-0.255652544744919	-0.280557398629246	-0.240615184839368
4054.85384695181	1181.82325080614	1.93769236057889	84809.1289145908	45131.9252278107	10.2499869430258	-0.225499027974895	-0.257988991015011	-0.217792354242691
3849.54751209882	1002.25019255623	2.27126306924531	75316.5115467466	42146.6382631567	11.8412037314906	-0.312886186351435	-0.328586991607375	-0.297043327943556
16658.3890232064	1313.29300846234	13.1536970015262	142683.390497737	54532.431620479	10.7534677442146	-0.222820229250251	-0.276677388288375	-0.208205601201688
11594.3694471333	1226.76818960869	9.89863189724851	146077.394436371	47523.2623368875	9.89504021158418	-0.298723731570292	-0.299121233059798	-0.270720479578661
2743.98496724844	1124.7952150787	2.09051548604617	76209.4239932567	48369.4074801296	12.7045626123212	-0.251135239120355	-0.27446212153892	-0.223110975879552
15479.4686641883	1068.00568668663	12.9980897270111	72312.9726701747	45061.0580253867	11.2312707863515	-0.200736658285508	-0.274056466191522	-0.224431975428762
3341.67016190238	1297.96119443135	1.59970712144531	51897.6461635499	51408.5207625673	7.07411978865577	-0.243504776566705	-0.26680247898522	-0.219304346216571
4127.11686648848	1173.82946897889	3.59980012279877	86272.6179491556	50472.9676044639	11.1225632965978	-0.249774836254112	-0.248539744589623	-0.224710791742436
4012.02419862843	1181.07268095835	2.91388969515732	78891.4741120636	49184.09816286	11.5118172455233	-0.163551043425969	-0.171373051771569	-0.146619387427208
2941.99267379577	969.082458698441	2.0623887251505	58776.776720611	42226.3572620609	12.0996716710515	-0.2735530222758	-0.257237375963891	-0.249935559571498
2939.74847746974	889.550786257018	2.85777473522483	69839.1033260668	40610.712726279	13.1097562943926	-0.211120461589562	-0.237636486036451	-0.203536389566442
5685.2621191455	1141.85996721949	4.15752828533651	62227.5289860338	52633.8292992658	7.39532336330828	-0.214926814727245	-0.230821202011306	-0.197265263058366
3335.38860077785	1137.10209051576	2.2993738104865	76366.0954455511	47096.1953637119	11.5888925815259	-0.211478824154378	-0.23854524439318	-0.212094628156901
5596.20226456328	1084.10838160495	7.1431059048516	53351.6530806188	43660.3547095686	9.68184172875662	-0.273795619324819	-0.305196291826285	-0.249065941773333
5662.19546194602	963.217587083253	5.7267802910169	52336.3583546414	27895.6205994383	6.40215956473693	-0.308756708303804	-0.296677197549247	-0.281904636859973
15347.6115295738	1262.90105761669	10.6009911922938	84345.699903503	51576.2739875517	6.97468664996095	-0.212874061264981	-0.274489581632656	-0.205385167858096
4184.0820970333	1417.59326834489	2.47680943048539	95414.0042347968	61988.9107799042	9.27965450366908	-0.291352601676482	-0.341145477638007	-0.264130836771199
2517.51027268424	1084.52526721501	1.83130893061672	57639.4160536742	44034.1912552872	10.8748449231699	-0.288069484618423	-0.275029223928851	-0.250170685583123
3465.22741625841	924.665016305215	2.33931944532665	74204.1542531464	35019.3114388331	11.4485046458313	-0.315697709934873	-0.338821054483056	-0.293097718650093
3880.18199314259	1247.74697249854	2.41061975707915	58752.1398135048	46690.8538921211	8.12475230450631	-0.242331514800889	-0.286850941346579	-0.227560262401527
3230.49378433452	1090.64542309823	2.4240225161573	82577.3908715063	44530.9919339522	13.0419238467445	-0.282515707569175	-0.276087429169229	-0.25196703489847
4302.23606096291	1159.15532745351	5.98691336293344	52900.7660123622	46599.3485461246	6.79598560569107	-0.296537313947972	-0.277780484850049	-0.258047502906764
4421.18161905988	1141.96439128453	2.3812654712007	60060.95548296	44558.9876199388	8.2155156028525	-0.250128588707406	-0.306179569281214	-0.23532887689636
2882.33527816223	1269.89404914229	1.83706725549178	66241.1057518627	72133.2329215191	9.44324948188993	-0.21595222578689	-0.280257856729241	-0.208538292586355
8595.7965918581	1138.28606571165	5.30571406126303	113163.111742431	45568.5108681964	10.7133925358604	-0.262836763987342	-0.304057793492141	-0.244931175736982
5097.01767867383	1252.18179733066	3.78568878244495	59581.5393348236	33148.6513986309	4.58328603187293	-0.189019721749805	-0.279426465967727	-0.191039240045602
3264.70195401313	1223.12034899254	2.18953238196779	77518.7311011494	60235.977944072	10.0350435522631	-0.177058446419203	-0.267912681779992	-0.184445295419038
3386.16839928348	1030.11630282172	2.11766620187054	70542.096782955	38806.4108119899	12.3973443737523	-0.303392870320672	-0.317987889913097	-0.277638931781147
5766.08103620848	1529.23144009747	5.17658235365855	90465.5041653173	65045.9200284581	5.49912572706174	-0.251039581273764	-0.336631896004431	-0.249233205256644
3710.91087430363	1122.98609272253	4.90152359019101	24631.8650297973	18008.8100797751	2.18395562251293	-0.270182090742816	-0.300081400751124	-0.259696761467464
3079.6051808472	926.80229092804	2.24922276247746	77235.3526955623	39016.9258510699	13.3267764675028	-0.224912250151903	-0.308122118594219	-0.225038048048038
3169.76174611479	1117.24549372553	2.69863784390172	70628.4150021736	56499.3797959034	11.0458430239479	-0.239812395813222	-0.260253372377483	-0.222592875124542
7743.99609669746	1029.28577862043	10.2619087325441	82070.9327249122	40747.558428182	10.6176835445899	-0.292652022444447	-0.32980189336769	-0.274004026958037
4839.90733060749	1145.91665821944	3.2691495696864	56477.634063917	51516.0468454416	5.42169431876988	-0.308043764403216	-0.348599373710019	-0.277461362215462
3224.55994661941	1114.03631910647	2.21585377477287	71564.541926545	63904.9960172769	10.250955668775	-0.201638382873658	-0.250734802259341	-0.196115409139715
3004.96558522179	1006.74195147693	2.4818705209151	88399.1285064302	40273.8680942665	12.6114320653067	-0.242347268353955	-0.284978385054529	-0.238997218988944
3478.38085853876	1183.72674825569	1.8373207393768	62593.8879929256	46807.940971311	9.27999606348413	-0.285722051298243	-0.381276631330263	-0.28936255971945
3941.88421483426	1174.92512004872	3.22069663104291	43987.4320430366	35109.5792095337	4.17399190703213	-0.356640677271092	-0.361803504425534	-0.322627898316442
3818.61506646058	1050.84173821012	3.31823621256154	50313.5417954112	43238.2457086869	8.33936435421223	-0.278186198630305	-0.316221890855861	-0.264112123918629
4039.4951974357	1284.2392529569	2.10787777430519	85188.4098967801	40665.0101163139	9.13715963960443	-0.318282670816145	-0.358124410984707	-0.298032216288038
3658.33722552616	1073.81884366399	1.97791166030806	50134.3790867525	33823.4168409139	7.77343257757545	-0.251073064905678	-0.216774578568197	-0.212669537817291
4615.3792883992	1621.23627263255	2.28137355187263	94642.9019599092	69496.0883601663	5.52441574083537	-0.28781146219848	-0.304972906658041	-0.25553724807142
13979.8994478356	1155.41873307323	12.1806469945197	153898.172531529	54796.9846411136	9.66741175554191	-0.21429918902899	-0.23755727985605	-0.192790145528252
2839.39680584452	1087.72582757267	2.11775426628464	69053.0213043932	62112.8745084233	10.7385259225381	-0.239005233463478	-0.260126478438549	-0.221447726877464
4808.83898701432	1085.43195712855	2.59754452375459	81387.0447310289	39866.7628965418	8.79092640549601	-0.281866957849784	-0.304845497040465	-0.250318890445507
6140.13028879737	1404.98835060716	3.09928264107545	128790.561235952	58586.4775570768	9.37205347695334	-0.235415428013023	-0.286812335460472	-0.236754797089663
3725.04998122994	1253.00911638533	2.45888522465095	33835.2320638024	32609.5763468027	2.61313133791894	-0.288048079194348	-0.306035510411963	-0.266571888942867
3482.90364749682	1100.35579638859	2.33734051857172	87245.8223850949	40963.5965156338	12.1945958963346	-0.21029430188699	-0.239503290383378	-0.206583510146471
4851.83004083172	1048.88633836403	2.44415584725415	82858.3060168762	45707.0545155911	10.622665925623	-0.254737247081581	-0.310871675213946	-0.244384468469195
3412.23326189256	1201.49254268868	2.95546488108663	87287.5582853584	46355.2591753164	10.3076866567334	-0.279355501410172	-0.277384170510295	-0.259183282493803
4184.69735254217	1319.45009782458	2.37061602055249	82941.8130473451	63090.3832209728	9.24627345788909	-0.17256593703054	-0.188062358456901	-0.160861640847402
5130.05678702487	1286.97799462896	3.25876207019761	76556.7265066051	46782.3054977491	6.14280507419161	-0.244327245179306	-0.301217260507946	-0.245669399732738
4309.92914539298	1278.50385396759	2.61373529095682	78345.2096678759	43940.1408402343	10.1335010884279	-0.256596729616959	-0.264824141765682	-0.233386594788338
6524.82038492512	1120.9227529321	2.87223435893697	88402.5449920286	44840.0086086827	10.2712604960756	-0.18413888893493	-0.193497014120849	-0.168770455378483
5330.29819160519	1029.24042543258	3.3859195936971	77809.7707050351	42904.3497101473	10.9885425401701	-0.239946102719692	-0.302122585472326	-0.233787796060475
3943.94402644933	1472.72376742203	2.50523704926868	66156.7373180063	71070.5829479803	5.98737042231304	-0.234672498994662	-0.281501636484722	-0.227091982263531
3574.1884620756	1114.6761397348	2.23849985791438	62366.3730340957	36621.2489869893	9.67630344303591	-0.235751739962573	-0.223355776993535	-0.214766830499308
3268.91483300802	1218.26040421525	1.94892503366291	62760.5414806167	43390.5992192396	10.4368646044704	-0.160877215297776	-0.135284493213982	-0.144080982529031
3447.76393496642	1086.01146450881	1.88370944707751	61002.4535344508	40275.8934952885	9.40072270609749	-0.188662012703867	-0.235094749616789	-0.187835982566791
3846.47098383525	1230.70284313973	2.17378371826316	77733.8102474413	44881.4548902758	10.8675289214107	-0.28852687726233	-0.273707327944141	-0.263201894033322
3491.21814824176	989.053481272986	2.17804046440577	21031.4833457426	13316.8959671436	2.0833849704767	-0.207758130579326	-0.185041164108334	-0.178346505721488
3593.67065873235	1061.25905090825	3.80106933857108	35195.2516275683	32684.8205514571	5.81771235097242	-0.24142346869042	-0.275576406197674	-0.213802967393169
4446.97186064909	1030.55502516235	5.52744299375488	78898.0332662688	37813.0959213298	10.4604310700657	-0.295773580125083	-0.306796682430732	-0.255892521671022
3868.85544116136	1107.64136903754	3.09634759025694	75314.7406996947	43062.7479843994	12.5834773766477	-0.247266954332324	-0.274800694478041	-0.23984459692601
4494.67800675166	1233.79239251094	3.46810399278943	75432.7306263614	46788.2932308711	10.4306924876022	-0.259892945695348	-0.238947116553992	-0.23559385463295
3548.55743016298	1172.13753879354	2.50633956427796	100432.786755138	44887.7257561629	12.3227409263782	-0.293200803501578	-0.316042401609639	-0.275337266048164
4623.2141865281	1240.35088761145	2.33795000436806	104310.325479334	51098.2448487915	11.5248973691471	-0.257002603144427	-0.354715850466445	-0.258459609388321
3507.25134500228	1199.8380014258	1.94422531044253	78940.0074710448	43717.1967242242	11.591538425915	-0.238031516438672	-0.267093608823026	-0.221409172185103
6763.87641351604	1283.92351796242	5.12470851379884	98143.6876620659	67876.6564344093	9.75216288941052	-0.211509427957542	-0.236260926538536	-0.190624862833256
3929.59819485799	1173.41768036606	2.31635647368191	92263.8355189407	46583.0964749421	11.6757268883613	-0.239869935013007	-0.311697223303582	-0.240957845395375
3831.90947882765	1031.34396505701	2.25620181113862	70806.6176230643	36366.0082782143	10.6026266678544	-0.192712163349541	-0.221671172704509	-0.185144247032478
6751.86157567658	1203.46690508285	8.26598702559427	72344.0743969901	46110.9756396974	8.24743045972167	-0.27985597758523	-0.263443126975313	-0.243940841018261
3741.57578484105	1217.05456756318	2.06179776704128	95939.8200350448	47787.9036382504	12.2597530562045	-0.201467649199416	-0.222011661769008	-0.177295391095854
5955.09526100445	1111.06442479948	6.2161023061659	52097.9777580299	45319.5786112196	6.98420697448864	-0.255848811481945	-0.255654078403635	-0.235457055759288
4471.68375196617	1248.33036381011	2.54529048928759	58301.6666153862	56397.0163838516	8.70676208527716	-0.249605004473166	-0.28406408656906	-0.229991255459866
3152.92341944238	895.66253579535	2.27726127068355	18385.5273458779	11686.059971062	2.54683614457695	-0.20669798862413	-0.221566728728677	-0.199869069017492
3576.9569368372	1134.88481420234	2.02410672447712	86321.977071798	46224.2094181589	12.1008758174958	-0.310089637814174	-0.35712349582098	-0.291724759493342
3656.03052075247	1285.16978640578	2.02091993117218	98761.6055937316	73719.5662212346	11.5677594035167	-0.240933658833675	-0.288578418830019	-0.237168766862382
4162.1931930373	945.475198564469	2.79476075009418	52281.9057924631	38644.8183242012	9.9953269325861	-0.273240116628254	-0.271863490990988	-0.243631100012835
4679.36978914781	1153.91751949058	4.72123371464361	53281.0931654687	40911.9839853633	8.23317404556417	-0.287701790552598	-0.257816644033564	-0.242235558547473
3715.87801526252	996.61289320157	2.30256831035605	75734.1854080367	41561.594339224	11.7168477858015	-0.258008244306557	-0.295100463882571	-0.242154222439117
3420.5964180789	748.336699633526	3.30359580804757	17410.9935789928	9357.37535370734	2.46044679324999	-0.19163687550358	-0.290104252113707	-0.192122778798271
5004.81131218502	1211.61946113558	3.41557676127751	76854.9131674854	47686.2173788649	9.81220361391864	-0.216949029338389	-0.259217112809705	-0.199333058396184
3788.5993220223	1148.3253767287	2.69798994175251	71586.3387153245	43251.5258846413	12.1302891290609	-0.18765218041954	-0.176591880716158	-0.158721856507905
6545.30762874578	1002.0397060533	9.42175440834061	90321.1496440021	42103.2483456658	11.3838198541088	-0.284737904748645	-0.280816776076849	-0.255581631590285
5213.44249207363	1187.55180722133	4.40657149514504	76189.1849119991	42547.2242169442	8.87571519637627	-0.313373399066855	-0.311221513926437	-0.29033578100783
4325.31745350839	1577.57796217696	2.21066036840167	81560.0220709398	63761.8844642895	8.92566756948326	-0.218555500359884	-0.257296038843283	-0.207409676277199
5346.44873958401	1443.1948535943	2.60653314148201	114513.667427947	59433.3811683502	9.8646394166546	-0.255862768394428	-0.26945800236999	-0.232982266346189
4120.24581383579	1167.31370679843	2.83585179943681	50022.1857059713	31246.0070676358	5.59117964012032	-0.279898222453565	-0.309542865306201	-0.262298411917055
4430.56957730434	1209.38331438497	2.13811016533263	97536.2678455913	47232.1460194842	11.8544251013191	-0.276539833967189	-0.324660704405363	-0.266619356779337
6027.12354341181	1050.49474829946	6.47290415480608	66942.5365769312	45339.3772581138	11.218622326718	-0.33977866697163	-0.346635577296567	-0.312655338291611
3398.68995795065	1086.28509453834	2.94870282989831	23851.1442440913	16850.2315356886	2.24217719703981	-0.145860979415539	-0.167986491460146	-0.134700373719493
2624.14506184397	917.128992712165	1.79336597664756	39284.4410266922	27007.3968682477	8.60648617658613	-0.230249664751751	-0.259368455393749	-0.228026780177047
2633.41080993926	958.759304841846	2.26407078890219	66938.8816445738	42893.1087047422	12.5494484242716	-0.2368625504081	-0.288622383753458	-0.236522413332823
2836.52468303065	1053.91121153505	2.12848681000264	49831.2575865535	46325.2454136468	11.1072612990829	-0.232229402283275	-0.331925827870962	-0.230051835151194
5199.96179841456	1415.74746704194	3.18238076489946	70267.3112580169	44073.1006580234	7.3491917826406	-0.285189166456739	-0.291822436359649	-0.267873565538102
3583.17700532489	1098.38699005268	2.49597789864438	62219.5336823319	56267.8139489024	10.1587456522726	-0.245787120869735	-0.253387819562644	-0.217887881243997
3738.81202237007	975.671296111137	2.76579321874455	86533.196096061	38077.2383747148	12.9033285520983	-0.241633406251351	-0.261090791172972	-0.222779741671202
5097.00149804311	1504.17512777184	2.78542864935213	127831.079842159	76006.4606072549	8.51325965144933	-0.24650034518636	-0.270450669830293	-0.22864528895376
4902.74914885532	1118.45979794341	6.38490220538029	66934.9562522457	44522.2980796311	10.4195517937166	-0.251261478149402	-0.29057786964008	-0.239504215478009
3792.7729011889	1155.97308992485	2.65834333779567	54853.6274023999	44202.6703282805	9.64308795648119	-0.287029969181336	-0.264425815081481	-0.245826511610712
4006.04047033315	1276.32125952628	2.20940756056785	80927.4456174711	43822.607126173	7.76827244936439	-0.309540407116885	-0.371914795796636	-0.294171926316039
2478.19660798531	996.596336725109	1.87579817046074	46550.1314245715	42549.9701550092	11.1917559556576	-0.303600681393665	-0.28265500394799	-0.271188872877518
3732.46756366234	1358.81137061897	2.39137896289331	51174.7223792717	54418.7270125161	6.12560324995592	-0.289656034654481	-0.305925538465163	-0.262423694713772
3976.83380103507	1187.11728261019	3.50557428176726	90346.2751569773	57249.3303112408	10.9891173897078	-0.225276473986931	-0.320612289142914	-0.224058553168657
3452.20719044583	1126.0589730634	2.02535088107819	49011.0296634889	58083.1332191344	7.16882397065505	-0.240884171614582	-0.251323777526343	-0.221367320624051
3493.92907998725	1159.8568278566	2.08218374915248	51618.7684620434	38378.6045053033	7.86930473502435	-0.321705701379762	-0.310738902444696	-0.286322326877177
3877.93331581787	1168.81011733491	2.99302110689042	100404.669065118	61796.9177370313	11.1649982465962	-0.298902607618222	-0.321655432681616	-0.281645369844006
8095.13182270863	996.739380741421	9.69366637707272	111067.799860809	38367.6436650135	10.3181730250006	-0.284797329399045	-0.239417329391306	-0.248210504360931
35590.3582739778	1259.25516517054	13.8010484185405	109828.910142125	44599.4847065873	9.53409968074739	-0.288113576001788	-0.33492866974279	-0.265275191551417
4430.24207720393	1274.08530316379	2.5486364017207	114590.487830856	41785.6958717849	9.96100592299453	-0.100102565567083	-0.199597026360621	-0.113945568240202
11814.7848089289	1193.3585368916	9.79999223961489	113410.848957336	75285.5748557516	8.20211973485624	-0.290742888656199	-0.306394983971677	-0.269347207449391
8327.03998754635	1170.26286869743	6.72042668454257	81977.1637150926	43324.2193829422	8.04550195618995	-0.325489247668733	-0.315858103353836	-0.286240410598339
3508.46406023255	952.620069615235	3.09732233433147	51977.3361276317	43151.287874885	10.4248589694588	-0.331166675399114	-0.323287288761287	-0.289586104503446
2960.4508033357	1018.6202154536	1.93808847894733	55500.8303680616	43215.38433264	11.4721236665658	-0.286024001154165	-0.325875247836849	-0.274964928032076
5269.54028722769	1129.02637991666	4.82315280928785	99955.9552038734	51238.7581073912	9.58651356653407	-0.250489426639776	-0.245849634687509	-0.226988525241943
4220.83669634547	1511.51306484922	1.85325024769538	107841.098480623	59614.3109688699	10.3317419756573	-0.235243886190564	-0.266726243440917	-0.225003690356913
6435.05870026588	1440.64168707711	3.80948608982682	72147.7403765806	45981.700015227	5.4804811564728	-0.311156079177396	-0.323817178078239	-0.277996954884557
3693.94752656161	1323.16178036277	2.45318153737984	64723.8482512151	60895.9662535215	7.39791658847948	-0.270596151023502	-0.321978480952055	-0.259030631517111
2204.30703286885	924.980487445427	1.83199175362894	43731.1008603111	26102.6496197404	10.6306017664068	-0.307980923468672	-0.303450623311637	-0.28151624081058
3690.98426488125	1321.38045499008	2.45830250393441	91985.7329207112	52674.8403648024	11.501258204903	-0.217837871319539	-0.272185728705026	-0.205894252296841
3337.60332589569	982.709025519005	2.52155571101566	54797.8426838952	42652.7562033077	11.0563931261017	-0.305984248677071	-0.358591144731346	-0.282760071090312
3604.9306680991	1062.9180996911	2.70609064815197	94060.8863245336	51057.7222508606	12.3995062230855	-0.238670514411455	-0.270399436370905	-0.220489353263753
5417.80609577966	998.271150442268	4.27143507580725	80670.1559299639	40334.1384761436	11.2800200352677	-0.230710704015924	-0.283667998714019	-0.21473280569458
3793.84210381593	1213.18875181303	2.80228589632068	77944.5346715301	62021.6128669405	10.3917460397012	-0.279468309997427	-0.351026241867578	-0.26918365417185
26171.4612759192	1138.41925826525	14.3521764093938	202198.239453434	43544.074189157	11.0655890632528	-0.281982225432297	-0.275318215499541	-0.248694227309805
33338.1582830683	1115.77111966064	14.3501560035168	215810.661205718	29536.5543904616	13.3639409206966	-0.26120174066457	-0.315851193523921	-0.255548947366543
4176.73493458196	1270.09576936872	2.12993019888615	62323.5432439876	48728.0492345573	8.4743858372521	-0.203042998339342	-0.236518262456329	-0.185504158147348
5488.59208426251	1122.54537725839	6.61056396359183	25818.1909237417	20940.7078285	2.49775575974813	-0.199906128524302	-0.220487694419902	-0.194741580594341
3726.40688802261	1193.64071508673	2.36792565088538	88117.2876474114	48080.3490201918	9.17211686786513	-0.304172368176651	-0.360355074503011	-0.282430872103943
6222.37144600363	1098.3053199046	5.92392481896284	54302.0805771997	43373.1112497838	9.01202963273067	-0.280858129970434	-0.313351762209094	-0.259806222584499
4941.20799448192	1438.15299351897	2.79869293240906	79296.2029725024	55523.7756182539	5.22045735834542	-0.300038770948357	-0.375071010029079	-0.292121770267233
4248.93612347855	1007.40243427211	2.69422937364446	63344.9457205215	35240.357376111	10.0517936986727	-0.228362823704038	-0.297629936578088	-0.233329162619418
3977.53774111426	1449.53219934203	2.25399209686356	89104.0862195091	73116.6649675168	10.1564155938625	-0.203625452576079	-0.290764271573574	-0.206786936734181
15195.1743499356	1007.19657586832	12.9337959344113	139955.40652424	40471.1136887098	10.4337490445184	-0.212481670824513	-0.266303485808186	-0.210806698825367
3028.75140100863	1144.29026453476	1.74511724575264	51043.2382819599	47659.3416809081	10.2940402065414	-0.275081863590114	-0.325456650856834	-0.258947974434243
3254.14469889087	1007.48243235816	4.39775596306579	39746.3954845756	35438.6226645258	9.20641699422715	-0.273557331811157	-0.307372621512233	-0.254278106936919
4640.44456288412	1052.83479534154	5.17413925145562	80449.6645621349	39213.5040518711	10.99198527085	-0.248084572223807	-0.264281980994591	-0.239799369156763
4696.10071315335	1179.68989618303	3.50434374735222	86075.3928386898	66805.7740267327	10.6688252473275	-0.27458666687047	-0.297348719256939	-0.245873877745329
4694.91082454987	1161.89147668573	3.45089416644603	97953.7106555448	46749.2952507248	11.3960710337541	-0.297691984344941	-0.356056415322275	-0.279044288499759
3457.08696680074	1174.49894923543	2.47294654926115	80626.5360670161	47508.8468667549	11.1405173448537	-0.270305575891664	-0.280437124858204	-0.248101886918766
8705.93303339431	1155.59995625522	7.3446193628886	69252.735916791	38852.6293086164	6.84842753533503	-0.250111057316096	-0.322308007879257	-0.253491267579926
3821.66171783225	1217.97562978298	1.99307602182501	61716.9438751285	52222.410500095	9.97089195059947	-0.185691111974514	-0.173360028387764	-0.171575979469824
3239.92788441007	1200.23309478125	2.10652301090795	79967.0860415769	45296.3012323916	12.3093290122742	-0.138458505215165	-0.137665984519155	-0.135897288401055
4959.45297613516	1398.3243942483	2.65202139002743	98248.6504303995	50891.698465058	10.2694659634774	-0.2565076136955	-0.267130668459397	-0.236283012359222
2634.430017811	932.579323079032	2.30969421784196	60821.651386307	37158.9431893503	12.4415458116492	-0.333029132628631	-0.310862195866869	-0.29077767121688
9755.02968295413	1328.08345775838	10.0389358265722	92998.3494773787	52983.3426249352	7.89506500833857	-0.20950210498626	-0.258352537312629	-0.205632146383669
4573.14440124605	1727.69187759212	1.73560176648509	67541.3102051991	60213.2145896043	4.29145201128323	-0.234502287703178	-0.250141378124447	-0.213658019944118
4393.99157954334	1176.09474879605	3.16477964148344	64285.7531844982	51476.7165387213	7.89217001630398	-0.267960746527871	-0.245455915096939	-0.238872347327931
4456.09916352774	1076.48307969461	3.23198445807817	58404.7692688662	45411.7777286358	9.59675244413076	-0.30354865664836	-0.295075879328889	-0.278228536783761
3881.58875990061	1316.08014900668	2.10900564066167	81482.3677324955	51903.2968916748	10.3658800365983	-0.201718376113682	-0.30895200153279	-0.206223241957805
6273.66447322254	1682.95474651021	4.53997182783358	143877.65223625	93827.2676856142	7.71355594485849	-0.25437644884559	-0.319223694282598	-0.251047359108405
3910.26558421813	1367.77791243151	2.92922263118555	66679.8269290176	64394.9774279599	8.77676354532942	-0.274394455798328	-0.322260651008066	-0.264844647700474
3426.10547098338	1298.85651723725	1.99626166856059	99186.7279830859	74341.5790917027	11.5742056737567	-0.243688160785762	-0.289146420303579	-0.240580952729797
3730.52635080438	1170.53205443448	2.51618554590851	92171.3845509502	45912.5946384681	12.4213444523156	-0.278388737581798	-0.320942906310076	-0.263731181782918
4462.3669654177	1169.61364309055	2.49543379582176	84277.8836706397	53617.8950362719	11.575229100016	-0.205743775759944	-0.242661269882591	-0.18709878356952
4860.42782455611	1255.88774666807	2.9100072437689	96537.9133774194	45446.6467553547	11.593575927021	-0.244563362676657	-0.291121710819516	-0.251697456639024
8425.86195516186	1220.24823333516	7.44770027876991	73291.1292506787	52602.8615431661	7.66467473011789	-0.22197808824954	-0.268406849529774	-0.217008050437115
2933.96216658858	1080.046165077	2.01701680702902	46312.2448073252	40984.5059210735	9.57857647941041	-0.256724094184601	-0.27768990520359	-0.228556758055702
14249.9909723793	1205.818530463	12.1702186314681	149512.32670597	49302.8025136798	9.65488654514014	-0.205329190569801	-0.235360419769799	-0.18722078029125
3805.92133566258	1075.19129764958	2.90938622252603	89662.8742290877	46459.8319765354	13.372863189442	-0.233244593436876	-0.226192017363864	-0.217797016941642
3974.0122432921	1295.90600051989	2.65267310303959	93158.990491375	63702.263685097	11.2135548324026	-0.244207153280621	-0.232258675832389	-0.221201965457417
3261.35215475663	1079.2683244967	2.24826109727879	75837.503549884	54111.9160816065	12.0704248387367	-0.251674718171266	-0.310457873919731	-0.237194795461715
3879.74369559741	1261.38725600338	2.7099249223574	90265.4276317825	50414.2143916058	10.4315265905288	-0.313691051941798	-0.354258023629239	-0.301651818410536
5261.82893248091	1339.27339305843	4.17034268841103	86824.1232082304	54131.4207277446	10.7618144397925	-0.27774103674439	-0.331464033080041	-0.271339531834437
3522.15568315134	1133.94307042512	2.75151493855461	96544.180833525	47562.8252925193	12.8292972982494	-0.262338566156935	-0.316059493347111	-0.260690119584227
6770.65773576617	1393.84353210927	5.21793613340646	86803.8251820599	52751.9604040334	8.24711927387677	-0.205489303876427	-0.220393471805829	-0.192419697744806
4255.77179167392	1086.62154954704	3.19196351744115	55677.875377019	42515.8193889972	9.84625880763364	-0.243813328386947	-0.282539594942903	-0.228102851406325
2180.76670018816	979.333482940395	1.94239121086197	43991.8510029672	43323.2820753185	10.8578717880296	-0.205470601814631	-0.323112992393837	-0.206465319741516
5075.52692886585	1423.8359146609	2.6872991934259	83772.0299081653	59607.5892682105	9.16169785936898	-0.162694651458705	-0.148506315559208	-0.15362293700075
3240.68471033461	1100.7995905026	3.11534115988221	49807.4182593748	38380.2095885031	9.82487675060124	-0.27339293950975	-0.342617371827106	-0.267713752174935
4214.25648814253	1181.30624238534	3.25486474862976	45736.0131161669	55907.2192840302	5.95262970794583	-0.235283965230627	-0.285514536975146	-0.221396563184454
3946.65362298536	1208.54042514351	2.13043746375742	43730.6380850948	40090.0229528016	4.52715824836543	-0.239392329105638	-0.255347135031831	-0.230407743605177
5668.65442082266	1284.83634270654	3.38383047759149	71868.117619365	45611.5477180167	5.4758980300124	-0.214527297413174	-0.25591918565137	-0.197993389171269
4364.24408733001	1164.92044268442	2.51131372525945	65507.5975719165	37746.4208374047	8.60368818398012	-0.184561478335903	-0.177842993466673	-0.160266243487156
3346.75730726276	997.851117774342	2.28131496305132	85126.1278239165	43430.5852638014	12.512173641749	-0.224995394619404	-0.256414882574124	-0.219674529121335
4088.79413417256	1406.20882412134	1.99666000998885	72147.4389213295	54257.8787955947	8.46898115663637	-0.175101785826336	-0.248837199434536	-0.177489579685848
4566.69336304623	1151.21038566365	3.23155824928018	76908.176612157	39504.6702205566	9.91200305211709	-0.2543156839554	-0.245627407472335	-0.230996572819653
6972.87704425035	1076.73857127448	8.24534599417994	82534.4524663865	41469.2062998818	12.3134790697873	-0.168805025809167	-0.18809912846681	-0.15783188322479
4141.10981887089	1456.40205777385	2.3016513519934	93364.3272608121	56517.7168695482	10.0701317249551	-0.239035777384824	-0.242203914181975	-0.204503669286176
4655.69474291642	1228.07833167599	4.56717300177909	89774.052542451	45351.6984215882	9.80013075222817	-0.218087428853813	-0.217392633569361	-0.195253108174065
4173.18733441287	941.744004557355	4.37601181707225	86890.2704725986	38984.4642675741	12.4642560204514	-0.256940079035196	-0.339990380859097	-0.254844045093895
3601.47402709548	1112.44757722513	2.42202235906442	63164.3745484335	28900.9484995018	7.89887451733894	-0.249496478252515	-0.358358621226739	-0.255260728766004
4508.15510932341	1245.98103375007	5.52817344903398	83853.2297346687	75154.2389653167	9.48790819685718	-0.275701854083282	-0.297420912315266	-0.251021488980043
3860.77696076649	1131.39815300749	2.51189301905175	51784.2558864619	32902.8308492424	7.0838821996085	-0.258570064015987	-0.321088610551163	-0.247306411575053
8949.04275038702	1105.67540990557	8.89349401254524	126435.325437372	43297.5038363608	10.172491081908	-0.310974664749307	-0.325613361163115	-0.285948019748294
12088.5773754387	1071.75869940116	10.3703243749803	83052.2629947348	46535.5546540875	11.0763818278588	-0.342980919132125	-0.342687205914059	-0.301921025466842
4010.03429139717	994.402949556559	2.70287706607769	71782.0307095247	37729.3944342767	11.7136529223741	-0.240129654351361	-0.286896078063877	-0.218305851364254
4224.06736246722	1211.86521330835	2.32967186900152	61119.9857580276	50224.139930102	8.34052579713445	-0.254488442582938	-0.30882619185383	-0.245316161858687
7756.96044921966	1145.90841633863	5.90746051208035	69038.6746034291	31847.8127813398	5.91864040112099	-0.330464696303998	-0.317558166264238	-0.293108629029285
4305.04488659617	1339.64015353748	1.96160314838497	69025.209954256	42858.3728333776	6.21990165687369	-0.244040861359499	-0.309316001445742	-0.243007602779169
4989.8720943396	1236.89929931454	3.14499405898352	83048.3267153176	46489.6160765339	11.4908706354294	-0.264970124910702	-0.270446446467274	-0.242294935036851
4587.59915566159	1132.82165628578	2.61328931779222	84572.9706870934	40230.7029932998	10.8582557665814	-0.286935432729612	-0.334833673653323	-0.26941345518711
6030.73297876897	1284.00363874324	3.72260379355026	94236.6161506809	49706.0113981812	10.2306854963549	-0.255762068982512	-0.251140395175991	-0.238740311487258
3501.39119424494	1092.31431207541	3.12250892117739	51201.7265367566	52233.2926210744	9.86763770120662	-0.283434870607809	-0.268586363307439	-0.256324166340231
4062.54795007375	1233.47397401808	2.91799021384649	76586.5047123496	47792.5195253337	11.1119212325589	-0.161572056469204	-0.171952684825625	-0.151539765300198
3873.34157733457	1161.87380829429	1.94773726068181	32106.0012118089	32670.0507794035	3.29145304615703	-0.225721476380445	-0.216811643455377	-0.205120620169148
3736.32187193438	979.587204166567	2.60769924646688	77905.2533182243	46387.063544023	12.3348223397029	-0.248799599699807	-0.293390464333086	-0.237941490207197
3096.80161653636	1344.63366443052	1.86843356682981	70393.9819214054	52116.0924357363	11.5620847537653	-0.129286573590801	-0.17784884479894	-0.128953521332194
5416.68259635152	1395.73382544973	4.03370960376659	102738.618617463	52802.0320677978	9.25000118408142	-0.244097136730656	-0.303771846088161	-0.238923927332932
4235.97647608392	1357.1239237242	2.01395771513593	77881.3803319546	57432.1040257865	8.85761044599597	-0.26401062011879	-0.243964671932289	-0.23140090350986
4776.6775131335	1251.96028398466	3.28787256518696	59797.5618092068	43781.442662576	8.22188587089569	-0.272952619341792	-0.281398784068657	-0.255922932367938
7725.77935511054	1422.81731126443	4.01613676758046	97547.4883493249	53161.0055163489	9.55083771538586	-0.255778286460179	-0.295939811444924	-0.236626735778378
3739.14748070598	1060.79536775588	2.21208547774062	43807.4754428646	44055.2651704992	7.88405469147172	-0.234929516197527	-0.266503742967092	-0.217010693517757
3829.47561026207	1061.45174269385	2.76802753292392	68124.5273299854	44023.3926850607	12.6937240930278	-0.244501705108808	-0.291501374673221	-0.229706506812964
2738.20360913574	1159.73038595698	1.76714102229968	42086.232177278	40593.9774298964	9.20150665580079	-0.257073862467216	-0.238419460781019	-0.214444785286586
5062.5765773102	1443.0039485729	2.99681866325359	120799.009402162	59938.9112634565	9.67442940855619	-0.209500084348656	-0.221676570457437	-0.191984278881607
3409.90000914955	1180.6150724118	1.96872565643689	66489.611120042	46487.6347318354	11.7078669714162	-0.192533810767554	-0.253134098092616	-0.201956451516392
5680.48980999027	1181.21530732086	5.24285896658282	104758.002657382	47241.0523149452	11.0900329682579	-0.279720756107861	-0.289796544153225	-0.260752217562651
4168.37897322712	1089.35593769199	5.59288630862223	72093.7023233825	57267.8427650335	8.22457032274592	-0.267098727062994	-0.291867162206999	-0.252817023926566
3059.41942377024	801.316561325414	2.51295052134601	18157.8120672213	9285.63005186156	2.27171893376837	-0.230831477591898	-0.279437636451657	-0.225822776392984
4297.10042344102	1276.64236012608	2.17079721134418	68248.9889583609	76958.7280291614	7.4892821113729	-0.307529951114066	-0.283096359773287	-0.262783675881594
4138.60609166096	1100.33774167218	3.87365374858946	48848.8353175766	41040.2961102118	8.20622712037244	-0.163094076420055	-0.165041681442054	-0.155024073940396
4700.90929434032	1088.46318489057	2.73227069513682	108437.303153493	44070.4647944703	11.5609661362102	-0.256498172830835	-0.291845139692657	-0.257172627290189
3416.0677888485	1294.29763331477	2.7320926113985	75728.9303918907	58956.7675586014	10.0278500060512	-0.238430411868697	-0.25519066254717	-0.232797520895008
4137.97169197139	1239.59882732396	2.35580998437885	99276.5590426089	50448.060430643	12.1316446927818	-0.261610641336386	-0.291378333443505	-0.251007068304199
2948.34921388971	1053.66005959267	1.74153074177601	49671.6170270704	42072.6524449085	10.7572476382739	-0.227131751767078	-0.280887102347951	-0.229438273964655
3725.53453190789	1207.18626803757	2.49731317914364	81580.2830869915	47827.7520280208	11.9238556948491	-0.29339370417353	-0.296905888014882	-0.263372462545236
3509.13659756671	1231.56667280188	2.60740216762029	66344.5392237954	63112.2288731866	9.52722401571167	-0.248025299248525	-0.285865436249604	-0.237169587172921
4372.29744724354	1236.80997452446	2.92751647129111	79695.4579554729	48276.3163405405	10.7734260319518	-0.27070365130818	-0.276950045832804	-0.253253110417172
4295.30832497222	1297.38770448238	3.11226435135404	92570.7843863101	51913.0759325904	11.1039643331147	-0.221379147877589	-0.241960598891655	-0.214278861900724
3433.10055578689	1036.52507317014	2.79854356860804	46699.3126836147	44722.2753256397	9.36588925019322	-0.266902685497615	-0.314363061571321	-0.249940015590003
56907.292080014	1366.44119476706	14.2046364769478	349110.612422247	53334.9459565035	11.181866656224	-0.28362959138299	-0.301598682271638	-0.253766798414316
3398.92050836454	1194.18124234165	2.31025852739256	42694.8651931706	40873.1106681814	6.71207374837917	-0.248461819573542	-0.265348277764211	-0.227704767661892
3507.8006893826	1108.04659684946	2.62312182652266	65658.8304131985	44736.9849776306	10.2246467684689	-0.208273160928991	-0.290142669248769	-0.204495943827789
3825.6170969014	1345.78625111181	1.87440092093372	63773.3016677223	51470.4402979812	8.5586277473856	-0.209795870145683	-0.194861722050519	-0.178391734523413
4078.15879673207	1179.01346390254	2.71042185942433	56772.8010845976	46198.7965908732	6.48242713274522	-0.240615107315508	-0.224339461724569	-0.209748881275764
3194.33771211274	1078.22982341831	2.67629567573357	66025.2769785148	40530.6860028207	11.2637171240997	-0.27771764991522	-0.280331642943763	-0.261946961240475
2276.27674210182	998.523730754436	1.71809242761472	42681.4131121523	29704.4789321546	8.33914941035305	-0.236233100851614	-0.279074745897359	-0.233872149243831
5140.48234419912	1222.45013933972	2.7751247038441	74826.1196198372	48665.7170332505	9.58137007151121	-0.200562731580148	-0.243221595850279	-0.201867168385137
4942.24045467328	1260.254414639	2.62586569304794	63109.4192097158	45429.2160959896	7.98194703376476	-0.358469074632144	-0.344677933259116	-0.323316507628966
2927.66180256954	974.443648042417	2.37267017600847	83357.338281044	39504.577656645	12.9524554663039	-0.277877837941072	-0.299735091070593	-0.263370550442422
6204.92113709832	1211.99175352837	4.3246660536511	104846.110424858	49245.3765407711	10.2410874118546	-0.231069792459836	-0.313885841426568	-0.223175181019322
2208.9838819595	1035.02549254331	2.18069695995111	59239.0555563132	50026.3818679497	12.004410601703	-0.243240348384752	-0.248362091405229	-0.2251495670432
4995.69568665113	1077.77837584201	6.58535290504768	70264.5727084162	40707.1110856408	10.9327731684677	-0.324022146456618	-0.346182922165833	-0.291047740439685
3752.05853590308	1027.87886382239	3.19229357079941	74123.9495875283	41397.2829769387	11.8239933888556	-0.266474121068855	-0.328310886552969	-0.269950780217712
4922.13596458689	1385.13561621413	2.73349784657266	82639.1714818864	70523.1451225311	8.09423943249362	-0.288554420212217	-0.329304374022766	-0.261855204414802
4428.12345758441	1517.06647979549	1.83916030662616	77828.4103797851	72592.8522971978	7.93543636048574	-0.225661881366152	-0.270725484640427	-0.203875779996865
6664.61042139175	1260.93898933661	7.01279466872028	65388.0321471296	54243.2067154599	6.22272678567029	-0.260904629510502	-0.256855295438752	-0.239814643677614
4002.4980791364	1185.7347067571	2.89321449169826	62067.7699356651	31698.6916185697	7.16520905937469	-0.275071043264998	-0.362717496368768	-0.269461325357092
2924.11093726457	926.214901124553	2.24379681666717	38587.1956070654	41447.3719583189	9.90114659811115	-0.248230653839538	-0.305130288070761	-0.224027341962362
5133.77771818883	988.319280833918	7.2666370407872	86028.0262079659	49821.9836850867	13.2897207574319	-0.295854345281311	-0.302840524334038	-0.262592067454695
4998.07830588838	1119.31580592321	4.98095797539811	43522.9376864407	35053.0935449982	7.07425222970877	-0.216378145095642	-0.286819191727982	-0.205962764041136
3436.30700408171	1139.16772924298	2.36765695340659	76257.0177246218	44851.7738958295	11.6624674155836	-0.297233729665453	-0.308004566295799	-0.26093807303016
3873.27296922206	1157.42356428167	2.2419932196549	55369.5820037844	43804.5972003913	8.83057951461624	-0.282152393907336	-0.325968600269985	-0.265361900214765
4088.2948219016	1333.94877641274	1.83074847881624	78251.0761903032	72898.4234712961	8.68711514839586	-0.148529353958536	-0.150848200532969	-0.136603987860703
12052.0129835058	1062.76683027327	10.368807895391	57880.5960180605	31696.7897575284	6.88208772959599	-0.261803595330109	-0.286266648445528	-0.238023351718363
3572.7992385391	1292.09919727085	1.98117129096143	94491.6963495515	56382.8620074709	11.4374653906622	-0.226097146212405	-0.25721454017068	-0.230836348721918
3325.66798989616	1170.66824710143	2.67536753807701	66221.3199745337	48185.9561156561	10.6101169487073	-0.136521052544248	-0.258525963211268	-0.156111771487064
3548.71478227508	1357.95091483617	1.54058263210114	64530.7566930814	51019.569371322	9.05138958404611	-0.245813232035353	-0.216089429822889	-0.215262147103088
3201.9366268753	1150.41086212962	2.32129504096033	52670.4266607688	39859.9835884047	8.68956482270143	-0.322256511240137	-0.303829062109181	-0.287301421247553
3603.46133010813	1146.70986573426	2.76193397059185	48867.0838375429	36942.5662990105	8.25299597351232	-0.24485406242372	-0.271558212630172	-0.223093666047892
3129.47696012965	983.801684863185	2.29951731585135	60708.7256074088	36018.8238303436	11.3881577666464	-0.195004624606361	-0.215731194433083	-0.173322962231928
3660.94943674363	1152.41385725485	3.14452999885616	72239.4976261231	43611.0071114293	8.32175126164774	-0.265748590973525	-0.294838030652777	-0.25798699585714
4154.90902298289	1340.51927775952	1.91253465721306	85981.5383722083	52859.9565729254	9.55442089077967	-0.30559756025762	-0.282849766616394	-0.269102080143345
3933.04881715381	1265.44580446488	2.19851686617334	103008.681896001	48443.0746962752	11.2562440401579	-0.286416534249884	-0.324649397972864	-0.264878922115999
3431.84482159324	1211.75430833278	2.06484058884615	78248.206459497	52742.2544009706	11.2156660973751	-0.209307739799129	-0.1877345782708	-0.188286020989909
3225.22279785918	1009.06275214768	2.27784719858915	43077.2089290223	30602.8140186482	7.2390565342099	-0.245248748949643	-0.282164430373854	-0.23133014935022
5576.01624777589	1564.32775056117	2.86347723226915	84484.3089677368	68583.4835908647	6.58086722427595	-0.220791378417446	-0.268379544144273	-0.210079116843919
3543.7599469737	1062.17573853339	3.28907996811504	82816.8676686354	48690.4896158272	12.7131093283723	-0.244615419913014	-0.285629870708676	-0.226339403114059
3130.03173610784	1078.29864262582	1.8329485634233	52174.344259615	29411.8978481796	7.83789410330876	-0.267300346316097	-0.35576409852398	-0.270733634721954
5146.10299215419	1401.23032517883	2.18210395043239	96681.6615635956	54395.0064256549	10.0857072803032	-0.231077543504623	-0.27795163951162	-0.223732162483415
4140.37802430215	1188.39274166772	4.48203584013065	90106.1485754528	50087.039850197	10.598021973083	-0.292961309332112	-0.315987241757077	-0.281322208957366
3572.79771314597	1118.85230532985	2.41601586671333	49030.8878098328	32005.9729824612	6.62678182077909	-0.319336472329881	-0.310197291084052	-0.289183423656271
3919.49649353906	1141.03009290351	2.483857639688	80703.8651089039	47406.3668721888	11.4549135376224	-0.228624891228022	-0.258594461229612	-0.217075378797373
4022.92495136325	1079.51212127805	3.22557369935638	67320.066000821	43369.0803318667	11.8013170584348	-0.244487701625875	-0.302806308307352	-0.241631491260354
2858.00073688952	1129.61268664426	2.28481052701433	89382.975242301	47709.1798991779	13.0353569675238	-0.2849958785178	-0.294370478207375	-0.254799380320831
2719.91931165289	878.538694150392	2.04058184901298	41326.933463252	34003.6305120288	10.1980697568778	-0.267380929900907	-0.26707462809579	-0.249421962734069
3369.06951830293	1094.39836223017	3.76360254729552	77705.6521253716	53317.4199529486	11.584438428596	-0.276832985469865	-0.295913780508845	-0.267851933448993
4255.39845094816	1082.29697501462	2.85779904452215	72295.2628371008	48515.7599302019	10.9924874156248	-0.239620633034136	-0.24588663645755	-0.22052809862286
3570.74778876316	1213.81552700333	3.71283696662259	51290.2567132689	61147.9459492854	7.63575105307035	-0.27570687483183	-0.341963920278083	-0.259043305607036
3043.0718687242	1029.69954965095	2.16814251811484	79171.5525194242	41592.3127038922	12.9053207654808	-0.279037357111131	-0.257225782597274	-0.248761758970477
4070.76823650732	1056.2186839324	3.30956243255876	76574.8053030249	39660.9805406077	9.60858705044522	-0.248713194702628	-0.244129201420711	-0.228768507770026
6659.90696442624	1144.17975320552	5.14963721510234	56846.571114194	32268.7764217846	4.72384040606672	-0.238687721322952	-0.260320513000241	-0.221626320326044
3476.96394661663	1195.0639058544	2.20503779498978	70915.7999731239	53454.3671703076	9.7033537728508	-0.218668987221916	-0.199965377732971	-0.182829934437574
5212.77326577189	1367.7180487832	2.83939690765053	66267.8925495276	37803.7440688144	4.23285701848079	-0.284547080515417	-0.292179578178641	-0.268910456243054
6353.22794883686	1168.7186417907	4.44276151042624	76525.2270683875	36206.2111211151	7.29389295999796	-0.251629851752451	-0.279742539808181	-0.238610183128388
4332.39458680504	1203.79664499411	2.44812851318683	62424.1537969806	44832.2011602104	8.94552582614557	-0.268464978843637	-0.326358504030606	-0.260936727616767
11238.4357213923	1147.90653078482	11.2781467592495	65842.4982971348	29195.6263812611	7.13236378663736	-0.195461830156077	-0.272977912961426	-0.210084560120413
4540.45968107526	1058.92832160619	4.10962359750666	97976.5713432873	44373.0842296951	13.2018056921241	-0.246717482852307	-0.296973253625148	-0.237616474152123
4447.16047086811	1580.68244407977	1.8137054356037	75937.1959526644	58422.3979290336	6.78395935334117	-0.21785466282039	-0.198561354124386	-0.190093530932428
5250.56132639535	1123.52322401262	3.57228656563066	85713.3560591	42704.4388782946	10.4606472676671	-0.212101402531497	-0.264401691204946	-0.209381689433313
3637.7042389543	984.658035880026	3.05335436055605	52420.9556067677	39343.1561158829	9.61045384989121	-0.29612260501852	-0.373921990751893	-0.297974383917893
3634.67277985574	1317.57983795592	1.92888050858832	82544.3393313261	58205.7194960731	9.79480445218896	-0.290234227212093	-0.303775221224458	-0.256448675707273
3957.81879291062	1307.14020266298	2.61280381753021	100209.259997081	61945.3957898381	10.8174387729253	-0.191630008513042	-0.22796624753403	-0.180120464122683
4121.11835805151	1141.19879426958	2.72204634817561	78309.4761894198	45334.7744050419	9.48943747939097	-0.128868467156827	-0.149441511461004	-0.126695685413418
3964.57168823505	1176.49502613867	1.99587608984569	77870.7018975526	55732.5464493657	10.0109101728287	-0.228526137431653	-0.300493021399064	-0.219254847921873
4363.2521268132	1098.38654748716	4.07789019119371	55626.1288815728	32521.4028754764	6.04264878538343	-0.255314151817627	-0.304068623679106	-0.243907365664601
3562.27022526846	1215.54684704555	2.13314293071439	87896.7481859981	53643.0597597784	11.1759759280815	-0.238369549915328	-0.285125841284179	-0.222327337756792
4660.44439148978	1389.09130910197	1.92896145767571	101101.125582844	54230.1393491686	10.4531202152308	-0.293925129531361	-0.272488629344271	-0.255766871787603
3161.23016233323	1239.43223833361	2.10285090247424	95295.6481906878	46851.9302387217	11.7185936773751	-0.251331424767441	-0.266754386147769	-0.23090057804215
6373.29241271244	1512.09846683208	4.53412924043738	110367.927560061	78935.5973337741	6.80548347875048	-0.262939724157905	-0.244102205601185	-0.235319016161103
2490.94903008476	937.281765714412	2.38297927028233	40058.6714242159	32712.7297664241	10.7178545526937	-0.303823821704757	-0.300800955926547	-0.279215421129798
3766.18747023325	1127.14024381095	2.97549252734962	77451.9445215892	43380.2681311152	11.9310779211153	-0.232172319709576	-0.263376009525553	-0.226151725014531
3305.46952637842	1112.11067906568	2.30555780550852	41578.580824503	31490.5373006295	5.06228603226962	-0.27908070606604	-0.309494569411577	-0.259464193454967
3792.31330703207	1227.85500734034	2.97506984065601	73857.4955322323	65286.7833313029	9.50841438182587	-0.224691480833373	-0.248470098020193	-0.206168373136244
3619.02778232553	1124.46620162303	3.62371374921681	77759.4573638839	44068.678429553	11.7168740318393	-0.223905919153224	-0.219041911355189	-0.200079341313557
4711.39974364503	1244.41489361737	3.16541198185287	102519.671477487	66820.7885107516	10.4365543195708	-0.19889388618106	-0.217581670392657	-0.182885343496141
4680.36139656506	1476.81969197592	2.17242715709205	62799.6564628925	51998.9809630534	5.81880457292628	-0.23934971609413	-0.271431566300014	-0.22416613628073
5282.00186281368	1471.20828131536	3.40522143418774	76508.4510673416	59948.441031907	6.69728407631123	-0.323263304943267	-0.321463966075024	-0.280171883390108
4785.75043622718	1276.10549971838	4.1503327381231	94586.0848838316	69816.8182258593	8.30580974332345	-0.184323702275746	-0.157725224497321	-0.153704207550975
5151.94561063052	1097.36697205293	7.06533695927835	53696.8615500628	27783.8546727121	6.49545196807561	-0.242744921441358	-0.289021079139957	-0.241690968012577
35715.6485575657	1326.74426461372	13.4959561327362	214083.418292527	53080.2967666051	9.87396872948153	-0.304876917487921	-0.335755541802724	-0.26884216206935
2933.39258783152	1302.34202302666	2.08987325420397	106473.173579589	95301.241051812	9.57541228705918	-0.280894767058372	-0.28549885504776	-0.245725642085444
8844.17356140307	1194.72195767944	5.90554960655627	71980.6814065731	37777.8124416551	6.31338569635015	-0.115534718056454	-0.13121830813486	-0.114559854330418
3039.34357565882	1125.8710829036	2.32025126191602	43732.8006053412	49599.4455767202	9.07996051181984	-0.109739974428479	-0.204757589007867	-0.131249600352649
2557.46417270485	999.126151467026	1.8732627545258	61571.0309770137	43428.3538560842	11.9648028945122	-0.160999203495469	-0.138796162704918	-0.143056144132658
4009.38067406327	1234.05288380687	2.72777631082519	70485.9453606273	48134.752173822	8.45578260515292	-0.247500555785804	-0.318638616950595	-0.24655336556016
4230.06415917137	1092.72515431086	3.72249963721789	73915.7200249811	42592.9679806402	10.025328072975	-0.138970104244259	-0.152977305103978	-0.139280398645938
8494.07312426794	972.369822752188	11.0542161754853	90808.8188524869	41934.2427522171	10.8375480157262	-0.275658682111437	-0.326070251333655	-0.264785597399514
3793.35059478424	1217.39901283252	1.93897706974393	58247.8273296145	45113.7048027681	9.20779164617089	-0.238506144593885	-0.282404191824358	-0.220282018108918
3585.28976105516	1010.48094836809	3.47491877853287	61281.5020208423	29443.5083055591	7.70190282514972	-0.265804472685518	-0.236844230711328	-0.231918458799035
4532.97249664964	1377.01650894956	2.50680199938614	108416.576418302	54425.4693162741	10.9277632032269	-0.312510749092873	-0.337046578682864	-0.2919316044418
7324.56336947237	1163.82445428104	5.64835722411092	100028.969487279	68364.5953837456	9.26521174617328	-0.252099825660763	-0.303164370770389	-0.241864491557938
4248.19049658721	1071.42116031691	2.58739321984435	35390.2015695883	31905.6384498306	5.24463902271241	-0.198150606959504	-0.206783021004156	-0.175374032499019
5661.1250610406	955.348882022205	6.38048872270481	80602.8742949024	41078.2643109647	10.2270221389889	-0.211547461010074	-0.270041816566209	-0.214653373707764
4241.53195497961	1179.00028734398	2.26585006872886	73900.5140758782	54187.763750114	9.8813759664526	-0.184070755235917	-0.234654998652837	-0.179123957868931
5125.67088008631	1359.35212190662	2.72081029826915	103252.960480401	65833.7035219195	9.94093804348972	-0.197320342397817	-0.186163621607404	-0.178825254408401
3268.2275815039	1055.42035911366	2.19065983505444	83118.0008737016	40899.3104764633	12.8580123682142	-0.244447660872076	-0.285184280814059	-0.238381802204045
4359.52395122794	1228.75111593109	2.7872947010405	37397.4898968899	22909.3083970379	2.51888397533027	-0.138996794906576	-0.16712679538203	-0.12565160532382
7127.77245182079	1141.44618941555	5.08339036869482	56737.4789884416	41649.2337566695	7.83752499781647	-0.284538890293391	-0.314363028570607	-0.264002764499063
3914.26718612861	1098.03430815158	3.17034898807991	66212.7978450872	45104.6253158289	11.8255767490625	-0.206529703734017	-0.255715119104912	-0.204793614906841
2808.61089858409	1022.00348303422	1.82961104371808	52982.0112341479	36562.9015235886	11.2468676218981	-0.234255854450194	-0.303296665804896	-0.23736457231963
2828.68144284683	888.470257305436	3.14266823765681	41888.5645320683	35316.9857483189	10.9606632566994	-0.262651133038916	-0.32442133977464	-0.255947994841385
4838.08967126412	1019.5243912283	4.3519736859384	25084.9190787824	13042.9174716278	2.25153146506822	-0.273785239831412	-0.31904725676376	-0.260230630409029
4209.35420237491	1055.91730930047	4.77773361989777	98807.2859062888	45351.3066870336	12.7528170743388	-0.274072092519554	-0.342445103667499	-0.26967648359874
3748.8876584242	983.589359539787	2.58014326711567	53094.8590110625	41110.5223323442	10.6951596167688	-0.218242263802182	-0.236313361307508	-0.19606728626491
4366.06858111198	1183.68631477722	3.41671239637223	68784.9467698553	56909.5785734069	9.67051811979559	-0.242015861843795	-0.28688754945177	-0.234825469204419
4809.51099953462	1384.83189239318	2.46488580445887	111114.762120356	68138.1267389787	10.9250845516881	-0.235308961699648	-0.308653257485775	-0.233026326547276
3421.28847878467	1173.83720403114	1.98299366663244	71339.8774273536	45197.7644052934	11.6994114876412	-0.27886646514553	-0.330597415621164	-0.270698816219136
3793.30836201339	1116.96273827714	2.12491930538645	91284.479531468	50080.6576133036	12.6201351729413	-0.223883827709521	-0.232243488512572	-0.203040133241576
6623.86095721854	1010.03379172629	10.3642813399265	95312.8337981892	42481.4203729471	9.55507003869134	-0.174175878877791	-0.187763721825319	-0.166131484099085
7379.04398251275	1508.78655679763	5.61105118489939	61070.4637568731	54244.9359775819	3.48456098122443	-0.200705487576801	-0.264922950170804	-0.186228632934725
2665.1033360978	1011.99170651801	2.28554101706621	46978.9807559047	39640.5360631146	9.59172375444673	-0.241372862129675	-0.262328285816935	-0.225475920531798
3621.86636551446	1241.83209241461	1.74803863390883	68607.7709872479	56069.9573965279	10.097922480831	-0.303109965657469	-0.317271177312335	-0.293399004061926
3193.02846512085	1205.6176855934	2.01130610811812	71812.638314077	52794.6216134896	10.8035772901626	-0.304005029318194	-0.351832484976402	-0.270795614737649
3556.21522035258	1182.40748134215	2.6529970731757	87311.9189991423	54337.5269967781	11.8594047076924	-0.239989688944097	-0.324262662509312	-0.233323230895555
3464.28105073927	1065.22761495341	2.12738872637233	71637.045363513	42108.9856978664	11.5584327210655	-0.219191170323245	-0.278873846371657	-0.23205921562667
4385.22374943971	1003.24979554481	3.12234420159038	87619.1910533438	40800.9776762226	11.9258821877849	-0.23139552705815	-0.351846578910325	-0.238856088588746
4404.77998508296	1116.22766045095	3.19388218407236	63588.5508863568	60643.96777634	9.24038577281211	-0.23131708972108	-0.30825604513108	-0.224185545181633
3496.88009573181	1203.50827096705	2.5851873038022	56400.9289764963	65801.0109561889	7.97198706683183	-0.230237632210029	-0.291855834445806	-0.229127547913725
5348.46149432555	1277.0863245973	3.80117693104681	76509.265381209	39709.7174952591	7.73046393999247	-0.175590112302735	-0.17440570837982	-0.160462516555646
3947.39188728407	1223.81645864518	3.51595747281092	100124.435032285	57859.7916823419	11.7749813719782	-0.325920128045181	-0.339159480873843	-0.300268167999251
10423.591166123	890.473059535268	11.6981269598184	76533.9131422463	29938.6241284294	8.87931604535925	-0.286085029652162	-0.331862163866329	-0.26618690828798
4075.86238388582	1364.77912492589	2.01676807440159	71300.360604037	59089.2337732878	8.36110778517653	-0.225431854744607	-0.284120334363131	-0.218605408054349
3356.65141512013	930.791125015194	2.87591054955746	30284.0767992983	25084.4304050649	6.23712647806743	-0.201001224821303	-0.184725221272057	-0.188861825329479
3851.43875350084	1408.41553275083	1.79648054635356	72220.3685809655	49299.9936893101	6.61500774810798	-0.262159914071833	-0.310148890157664	-0.25633866005196
4564.13356336551	974.752306305155	4.98747065536748	75701.2458421069	44280.5173095893	12.4209350013145	-0.176451954552681	-0.157062028399068	-0.15332721947833
9139.79839214673	1332.50479874872	7.26943691947847	119030.202555877	54567.174219033	8.54237949038066	-0.293432258120561	-0.322041562109027	-0.264797839874018
4890.17147408808	1252.30742780515	3.03677982548769	103738.342942849	67148.1986902267	10.869237456796	-0.2530984773173	-0.327501902566271	-0.25700020044844
3653.18991539067	1193.50139141045	1.98050966075199	78678.2567288823	44977.3112295245	11.4554112162869	-0.253014274496517	-0.275468124546682	-0.228645238587444
4046.65606981682	1075.590683361	3.1936043327713	53066.4485710461	47626.9240324726	7.00998223424628	-0.296646633966971	-0.320434626819166	-0.267466173645689
3639.31978120996	1079.12418674102	3.16957750260102	89156.322551265	39117.8563532704	11.1345241088152	-0.254869173186055	-0.295759541855084	-0.24500488235428
2981.67839325225	1107.06141508045	2.28958824408159	70142.2899812969	51311.3170389594	11.4783063045581	-0.24645781818819	-0.257442760396508	-0.230944897167739
3344.42862017909	957.5807358818	3.32686941906934	76014.6312074632	38371.7856507751	13.186464950908	-0.284315736630038	-0.344560483025551	-0.281408032601748
7171.05635415726	1345.40604133893	4.40914250731781	69073.6642570337	62656.515688695	7.73161598154799	-0.283403970050487	-0.329963958912977	-0.265665561667393
3189.61163859155	1133.78388255175	1.85689629481332	41458.5472613811	41783.0906629443	7.46773740810149	-0.236490844027736	-0.265706918077276	-0.220152213166992
4926.27178167437	1265.31655159663	3.20376821707619	96819.8112636679	56669.4927220677	11.7358943102737	-0.244838874508741	-0.302233744439788	-0.241370061726779
4080.47914190493	1025.72310825278	2.47424194852045	69617.7540899723	39788.5521556537	11.3414466958162	-0.171475230103752	-0.188934176744882	-0.161097750670305
3436.66062939712	1048.71577756438	2.65223530935508	46712.4428110738	40189.8500884128	9.70972180418865	-0.282457337304999	-0.292919292765025	-0.273110482192158
3401.14823148528	1230.26858577364	1.94979790924738	82546.7977122878	49053.6913715181	12.0447186480433	-0.244883117567357	-0.290198235120696	-0.237109738121834
3973.26006859197	1430.65047948827	1.57229027051771	80803.2073460455	62656.4552056759	9.64260812800793	-0.295524359055591	-0.316425340825118	-0.287760728430206
6433.98044595206	1086.34399902693	7.78579529858578	47776.6542441141	38221.4241801953	8.69814448296301	-0.186424411624133	-0.179741206388944	-0.164983653876014
2779.81500978232	898.479594142856	2.16183356194499	31011.5816399384	32617.4086627413	8.48229751906464	-0.283088376302929	-0.305805035222102	-0.266766704934583
6652.63475402994	1379.73125944885	4.46504129949036	70390.9555988608	40833.0073996395	4.06165687039293	-0.179254379417941	-0.285510684361595	-0.198626441406474
2899.48784816853	1039.4025151582	2.16108880188036	42899.3841506451	32700.9209984259	8.91983806609444	-0.267477163721631	-0.268365563103754	-0.249976733270292
3314.87274747582	1068.31419839579	1.9446330159236	44397.520036183	29161.3255415148	5.21905713763136	-0.232859107343757	-0.244446258043399	-0.21164563807426
132047.566972536	1386.36970159026	15.8466959126256	1043608.0270252	46224.9620363956	15.7120154629091	-0.282491728497783	-0.333680637862295	-0.266291303564455
2695.91126354129	990.112056132799	1.96614705582211	51898.2259420076	34658.8590921822	10.6725076071454	-0.254466668079228	-0.256543734393129	-0.227623187147728
4987.14817565487	1110.136656833	3.53688484954906	52392.4854148699	50645.7463669863	6.79199349071749	-0.199999776303472	-0.232927443677699	-0.182250150586938
2634.51614582514	981.717552174616	1.87478866719522	36634.8927162172	43771.6702069477	9.66657734573023	-0.234228371093663	-0.251948512819851	-0.212866386093472
2713.36800078425	1005.24383716612	2.54241400001436	74177.8450146273	40183.6782927025	13.0815289913547	-0.275036985238695	-0.324029729980871	-0.266114409628381
4169.52201206148	1204.58390066378	2.66423275144297	54816.8992958174	39697.1806564657	7.00545160203834	-0.216253917235673	-0.267566432409888	-0.208771564992839
5538.70145683052	1237.80725400017	2.79000894079461	111226.008863113	47768.6648019529	10.024797420283	-0.14595291713787	-0.219567784732337	-0.163313324979294
4929.27631070025	1353.77902117912	2.33605476202215	91135.0534772244	49644.8587891198	9.93490197993317	-0.197636775546109	-0.17871560166878	-0.168520681227808
4273.10893732523	1029.92089029834	2.71568153180952	81999.6560952363	41194.2066696017	11.7575883487411	-0.324143793863054	-0.350304942289062	-0.297898716762469
3478.57030865372	1075.17545884774	2.57724817560454	49495.8843353233	36882.6340903477	7.95946769642161	-0.231535677718282	-0.242278947179428	-0.213372248629974
4131.92982897205	1111.45441513922	3.00974613165439	76936.5016899244	44079.8649881344	10.7944381981058	-0.265980026836192	-0.311472083027907	-0.252792771648464
3408.16715905577	953.063056315293	2.71561234245665	37602.0789029312	29222.6356085492	7.0157898327772	-0.245550890642975	-0.27662414510412	-0.218444541290954
4334.31526841239	1351.16874592185	2.36527373325875	89197.9987101608	48294.4648165214	10.0430860105726	-0.316571328175935	-0.300397504630444	-0.272631032142491
3372.17179851548	1188.26668449334	2.15985024767258	67566.990641296	59168.1821865931	9.52835262983117	-0.236447763408723	-0.240280627051133	-0.221072040396684
7546.75270093663	1565.45595211054	4.26169924216444	124219.467288715	79143.5975493803	9.08899252080403	-0.267325991425973	-0.289206313293752	-0.234663023185194
4553.72159848599	1479.31152644045	2.06857231158947	86538.1997256085	80328.3488532966	7.48925711602046	-0.174537157111833	-0.22876467061622	-0.16918070065473
4507.75652962099	1019.65838269491	2.76173153842072	67606.0103900126	37099.0345042117	11.1618553631791	-0.213427966690412	-0.189569508436415	-0.181180837844324
3482.68933156251	1137.12364141015	3.01679159318677	77340.4489029064	65172.4811138602	10.8014073700994	-0.186611765753503	-0.190165885729253	-0.166231334518406
3756.37077667054	1227.23081579425	2.33116522757444	66056.8633996757	41273.3943202411	9.86662528200115	-0.211452064230938	-0.31514370359785	-0.208641724951083
3839.27652508359	1304.87512466034	2.56205318227234	69342.3880858504	71848.1990910439	9.86101275050327	-0.189529371878081	-0.276421856518503	-0.193103596371849
9182.34428426117	1083.43683810271	10.5042466394188	101825.746854599	38832.1291519529	9.21273894911884	-0.235097355257875	-0.288449807506798	-0.235059304869919
4520.59883353923	1038.91638221109	2.7923208958391	89831.0346727957	39688.8236474559	12.1807658838297	-0.237019617314185	-0.249967530480914	-0.228508489499641
4049.88124595204	1497.04594316333	1.9851222412042	103544.399660733	83602.7463094997	10.2001482744103	-0.179047491056939	-0.202572742778266	-0.169013379637908
3905.05968450095	1319.48893017805	2.86549309216515	96860.1889765181	48005.7569247481	11.8976515498313	-0.215682500734621	-0.253871877686683	-0.207926349206534
6470.46589490602	1245.2450550273	5.33057076140145	96341.7689235981	66236.0034754139	7.20904399170359	-0.261291375339029	-0.328316435400559	-0.253938190612967
3853.30718959973	1393.92665673734	1.56727364844638	50959.3871590473	38740.8874187219	4.66287569209833	-0.281594149310849	-0.360440435184979	-0.274851669162652
24829.2749177609	1008.62974592093	14.0757619022926	171314.593207805	41761.4563571635	12.3154323396117	-0.304526755982406	-0.32894723068254	-0.293778791958913
4185.69085202461	1278.09381498469	2.34125696065327	71939.3052604622	77892.8971561952	9.22862220210706	-0.147174120871095	-0.149837408828727	-0.1304483683535
4802.32224859931	1259.69916073725	3.09429645277238	67491.3302903316	50071.2427368239	8.463455894466	-0.291093367094058	-0.284308591228502	-0.255700964098087
4396.65659534508	1409.2993070177	2.13779286426765	76562.947055777	71860.0051496105	6.62778722233075	-0.228512330037904	-0.284859681254077	-0.223989757989231
4671.32451436679	1484.27118247122	3.02078552828854	78169.0641976694	68123.8960468254	7.02726978525736	-0.249862538739798	-0.289476931157959	-0.245664349966134
3329.18942314309	1138.43878247824	2.55679858784011	84489.4356157608	43495.6002836168	12.9002068369016	-0.284444165751667	-0.282850273879954	-0.26093968730021
3368.86442469389	1045.53098356792	2.08015258627326	55839.0664463364	33053.4688787506	8.15283348087521	-0.301873863955993	-0.331243296157659	-0.275580118737572
4289.49949655096	1053.46200732196	2.71575419684649	94400.9530759363	41513.0157016476	11.676416517819	-0.322831294088507	-0.338087840434048	-0.298278716772157
2347.56499495658	1117.50819954102	1.61115385710287	51956.9748678981	42527.8616740572	11.0985626703022	-0.296215856309121	-0.275304698939588	-0.251489323337401
4648.31731327672	1167.0653081046	2.92684223951398	100807.383450557	46954.6589248232	11.2964679985292	-0.266670772238008	-0.298540819706614	-0.259053035925302
4534.33095590323	1075.99465966076	3.67571975514137	95702.9153391307	47365.1154164439	11.307021610406	-0.293561982880418	-0.278192740740661	-0.264808384237239
3535.15099272673	1129.495042031	2.17175500495342	73502.4339707698	46839.5412950946	11.6417616253317	-0.258628222301083	-0.289650376499981	-0.240976613166628
2552.86782954748	974.442702895954	2.26496878160445	38707.4864189153	35987.8080639885	9.81750173083919	-0.230792851140315	-0.23644695979504	-0.209355127796282
4212.84864626085	1257.98765805633	3.15592660805278	67626.3474776757	51175.8263605867	8.3375601377015	-0.312602536533671	-0.309804454424711	-0.280921016453945
3614.9459630451	1097.03928589823	2.96345620447981	92445.8680800179	44441.5363646489	12.0727848198752	-0.237208789824892	-0.279863006840092	-0.225010730245136
2793.83040926271	1099.16480972966	1.80943522305409	49640.9181961515	37976.7552555988	10.5159156616075	-0.227918090213743	-0.277809507395836	-0.231776995011705
2320.10042924531	875.005870166841	1.78064241183523	15378.8710859663	12593.2667507741	1.8740505892859	-0.266240538948781	-0.372937868333178	-0.271599334968867
15317.4622119254	1273.0829850717	12.310108946089	130319.145286529	57138.2379710654	9.39815822146061	-0.128836221931072	-0.163060855509767	-0.131460864316363
6487.20276446239	1533.29230802538	2.30164531616978	78231.8160485445	58394.4407980811	4.5734939525992	-0.275495116854205	-0.2829550574386	-0.244466393829052
3487.57408160244	1154.98830298944	3.33270113446043	47458.1970460723	61447.9370938856	7.50100542182202	-0.209525446468064	-0.233587632422208	-0.186252096747171
2816.03964024569	977.902826428701	2.3571548309298	78120.1679630297	40987.0648405634	13.3630603557275	-0.29871801814706	-0.258659595915376	-0.260181592935897
4637.60764122402	1156.69524111431	3.03733309767166	28041.9759312281	19836.8036740133	2.30161375098904	-0.25749070203693	-0.315499897465881	-0.240318870067065
4130.46035373546	1146.82839882215	2.40809977675442	59610.0180594852	46301.2911157264	8.84280380363761	-0.20149132363771	-0.27751170615404	-0.211991418443533
3540.49081885872	1170.31188365691	2.83055563036654	54940.3759543557	59559.0560889983	8.39777085162751	-0.292145126204197	-0.260615497218185	-0.24261323104607
3085.32976553687	1241.20676401462	1.75401806129254	56581.178983722	58591.6331537319	8.71421885762784	-0.265778991911967	-0.27207776480246	-0.233516177246434
4020.02016704868	1199.79909892722	2.97526560412495	78232.5963087724	58521.6415827587	8.88545728777307	-0.225698086380225	-0.26034973516732	-0.207430122045835
2882.47338037277	1203.57314268607	2.01814965901571	80156.5819158724	58767.8618506307	11.6802041306166	-0.21956016505057	-0.296314304120502	-0.218371196542302
4505.19854670281	1096.42064978344	5.48485638381145	54484.6592495617	32493.4500130328	6.83651705295062	-0.23414290095755	-0.289397026605783	-0.238607590843703
4090.07494426774	1070.57295729985	2.05133851374529	41603.6988838866	29860.1949976215	4.34781366950865	-0.247362390180896	-0.276257562595452	-0.224054399289122
3089.00494519186	1001.93812650962	1.8019561618699	65360.7219643293	40480.8502775701	12.2928606150994	-0.179729781987091	-0.175976052979678	-0.165282268636242
8912.41979360169	1310.36108320085	6.90725352942123	60521.9668262525	44509.2549702984	4.43532060841923	-0.227074273505952	-0.313232495692158	-0.217430512170183
3324.15348600675	1111.44093521742	3.18826830406105	77330.6811086707	55201.3433526802	11.9156955664409	-0.146689780453641	-0.202335248194556	-0.142836632308289
3007.06628269473	994.319369982976	2.42482030654031	26166.3802347543	17825.2908941851	3.57651755691829	-0.24054388611188	-0.279534240028605	-0.226747353307375
10612.4285205352	1621.15009492548	6.84092391586221	93579.5890238297	60228.3488085968	6.76179861546133	-0.234486998337495	-0.317887829851528	-0.237656126539472
4725.37032897059	1081.54038323068	4.41094515013378	56097.4091745061	37229.3210985179	6.37806815834962	-0.292873688854425	-0.341167628705693	-0.286204113366078
3938.94994493133	1096.36195318445	2.95285349655313	83784.4772489473	47258.1739393844	12.7709930167734	-0.218158409745594	-0.230889353151605	-0.19839465258381
3980.8587651428	1290.52761286017	2.14863540702437	86756.2141988593	50373.8548498744	9.98272094109033	-0.328412875696323	-0.365472996478435	-0.313480528045247
3428.13929303496	1145.92463359225	2.20284121587847	65400.374259235	55377.3679485052	9.54793417101271	-0.295329011568207	-0.371058125260401	-0.291535854789823
5259.70290881596	1219.52055162044	4.54529421480102	74199.7040303642	44777.7966533463	10.7354538518086	-0.280071935629386	-0.328036753439841	-0.262820873408551
3099.90332453154	817.259598974985	4.23193437075422	14826.1799223745	11957.6550283039	2.19426122983046	-0.172290624264703	-0.287576496554023	-0.175962862679165
4478.42934176197	1164.02212525489	3.30852388802478	103586.373971683	59334.0086005333	11.1190959842813	-0.278229325485297	-0.352797539166341	-0.276925457278007
2815.99221400114	901.682077902173	2.19744313693794	48045.8105650511	35659.1081153222	11.9818728145088	-0.19031023673054	-0.208392268090972	-0.185468917919169
6869.89043931461	1535.46301410317	4.29399316491112	74799.4535370339	70475.983011407	6.91864878794989	-0.228752033045714	-0.313218760421684	-0.227495039786742
5016.95735672639	904.392416109081	4.96082587565758	60027.9813915339	32557.6150766776	11.2115439950995	-0.265124543993213	-0.302413922542813	-0.238229676459428
9933.19172002005	1557.17070716949	4.39128223660719	94553.5413775113	62282.3833347096	7.42332397270091	-0.298348201152905	-0.287387761238536	-0.258828736534188
4001.70028884337	1057.83758524655	3.14922746145845	78600.331031764	42980.6999316649	11.7708116237801	-0.259342753226744	-0.251793895973942	-0.235981871911506
6627.98733879985	1198.33182866643	4.18428531279881	104294.891777969	51433.2360929347	10.4783279869791	-0.130456912545501	-0.195021901064107	-0.139369509524935
3497.36815644043	1190.47336933993	2.03309872256428	80181.2403972644	48830.3296067872	11.9272706845275	-0.242178325804119	-0.274300723771081	-0.219821403894247
2534.47392723529	788.049156678765	2.30932094374576	13782.006838932	7881.02050608521	2.2653023538342	-0.246939975632423	-0.308187435333099	-0.238136786018116
3620.85968403684	1157.76206752154	2.39150469342361	96310.2989533619	55034.6245265744	12.6302298544574	-0.22914700707913	-0.269521561920896	-0.22228547927269
5047.86640967626	1188.2217874955	6.46009258538679	57557.3456133233	46584.8875142016	9.32468774673565	-0.277994869327774	-0.262108179715789	-0.234394177669846
3805.95755102839	1177.49590641121	2.53491108314899	70362.0105760258	46393.9873536345	10.7768923825465	-0.263118264181055	-0.360454708784686	-0.264284716888996
3033.41284764488	915.067516782445	2.7625373765427	23522.4787306201	27407.2866443987	6.52482992162325	-0.148509606651495	-0.191622509489468	-0.142922859522053
2835.85000378774	1144.81883958765	2.25063102573579	76884.7361502482	42919.5839138931	12.7375742408109	-0.130042363664654	-0.136236956829741	-0.122459450164159
4799.51792189335	1202.93358666364	3.16809344197871	29719.9532118771	16506.5702404511	2.04189194078342	-0.283243937696771	-0.24645677189746	-0.243156569837784
11798.5045008025	1215.99937095224	9.64018465010432	140704.524464494	46367.3380458711	9.27596502390268	-0.261898818549279	-0.2780002663457	-0.240795482729628
3751.12142105916	1070.75553615255	2.54348464882814	75318.1199140832	40566.9142008248	11.5357262405546	-0.204608884984694	-0.201744539026812	-0.19932574363814
4515.99326441613	1127.01016587571	3.5340241530889	99567.2338929774	47171.2471817244	12.5172270407579	-0.168988919477657	-0.211206690110451	-0.156452927473335
4834.25234746879	1142.22464792913	3.45213211386035	99036.0855752562	45779.1860250635	11.9451772388075	-0.232178224611015	-0.279606728763893	-0.221181283528831
3168.22217309816	1071.3225054845	2.28100305443588	88710.9813759561	42343.2986131254	13.0023767997135	-0.261940725569986	-0.300034848353174	-0.25942474470996
2677.95691626453	1044.95258296349	2.47987143764514	86834.8960753316	43986.0816141816	13.0784882162699	-0.26697163200082	-0.279937364737741	-0.258435961308507
4702.9457753392	1238.21783871214	3.02423104248199	63917.6789575665	37066.9903302395	8.37659939555301	-0.264111481847715	-0.256741805021205	-0.240150013092767
3254.93139338828	1362.67044765878	1.749164801195	62622.8738920585	52276.5851477274	8.12571977881314	-0.163610514563073	-0.197165786004934	-0.167967630877861
9531.82965919768	1118.59399183957	6.40494164679781	86890.540547789	33175.6928036578	6.68717659885948	-0.268159265767318	-0.271672856134161	-0.244603489753951
4148.43332558061	1379.07154467447	1.91368857284216	85868.4896072059	61368.5696083949	10.0993479406112	-0.19116258287364	-0.184564587567341	-0.179571553158687
4846.43648922185	1294.35823221991	2.81622507014244	73900.5963848714	51918.9571103812	7.38692891872902	-0.184681353017643	-0.235389962281292	-0.17885467553898
6121.00799130937	982.442521263512	6.57009266803874	42864.8316218531	25788.5007098891	7.27619361656856	-0.257725257139699	-0.281339329849292	-0.245829136442821
9362.59838682363	1164.79737663606	6.31926598149447	117350.619219899	44368.9307983794	10.2391585529792	-0.248174929606565	-0.274168969636667	-0.238196544648136
7505.07628023412	1395.47978741058	6.06209888054276	99698.1083999975	44996.637185173	7.16688907822706	-0.304464038605483	-0.307490096664707	-0.281882653975177
4770.34214034815	1462.30407357536	2.70013115292649	85691.7648307485	64764.839950347	7.97695349597254	-0.214370022290929	-0.266964194156296	-0.218338586036862
4194.39259854667	1041.9172960537	3.44679299124377	32607.7536584159	16020.6109691526	3.91595346535344	-0.189320997806408	-0.181973674745933	-0.169340927404231
4260.92941833033	1266.37116401574	3.35220967716691	53796.8744452813	51911.6045029012	5.53870208404135	-0.231992386792679	-0.270871420097021	-0.224250879095016
4623.17508733079	1523.23708311871	1.95932536291985	67743.1063255649	59506.6505622126	5.12272206711026	-0.244703923801197	-0.264159763861193	-0.226639010959641
3291.13632956135	1150.08242419351	1.93767602946729	62071.7736004725	44088.9087814747	10.2505440700273	-0.292884598292448	-0.326189896875567	-0.282573716878266
4107.50810730724	1133.26404766168	2.33681768339954	89779.250203571	43984.0473135923	11.6311152935254	-0.2286851573523	-0.276900656011322	-0.206953723414018
6055.39904562586	1133.5332951731	5.88054064204289	65056.9983332951	44459.0777630859	8.37922832269476	-0.270498274395405	-0.31265965268758	-0.265477003884727
3001.19507164858	1039.82645306553	2.23992972532386	51725.6087121814	43522.9417831304	11.1442593358258	-0.211485461394552	-0.267480093767967	-0.200076929170632
2875.5608198549	1074.89098201616	2.5460171824157	75793.2533428891	46614.4950920083	12.8676653032236	-0.23629414649005	-0.26370273260528	-0.222570035384303
3738.31592061717	1102.70045840032	2.49315464729279	39702.5239946336	33486.8333509653	5.8389820719772	-0.262399543758525	-0.285367836997354	-0.240443230417629
137429.113888295	1551.13007418603	11.2797531926332	636941.899239239	53588.1689213233	10.1796403539574	-0.155084502309601	-0.194226965399057	-0.146211434304899
10408.220775923	1118.25252956859	7.94076977236343	82882.6918331944	44560.3507914192	8.17862600886366	-0.229138193580022	-0.253156682002357	-0.216171671179431
5276.15693456226	1270.19838448334	3.57329471548371	34267.3466187433	21674.7643546987	2.92649674482999	-0.305455376347207	-0.357172853558673	-0.293108238466207
6754.0947844407	1492.72330174016	3.0574567184496	103211.438480881	56226.6510989524	6.18939333838943	-0.29400534569954	-0.322064022282159	-0.271375980458945
4658.56416965186	1237.59760303148	2.57411083501557	86392.5048360986	44976.5155705901	10.7734468719955	-0.321419989896544	-0.350842796921913	-0.296239145703888
5003.60037777391	1319.46854162666	2.93761751272149	83454.7516710735	55804.0860672777	9.64913529794669	-0.237029473782835	-0.225746358533549	-0.213024055293464
3208.11436398177	1053.01333077289	2.46652991152185	83122.1697481695	40053.0789194381	11.9885810921486	-0.262470326602395	-0.287423722584971	-0.248489068329153
6010.4876130789	1069.85032585002	5.39914169702848	79370.0560996506	45132.7192914051	10.7865354108148	-0.218377939801504	-0.242633305272031	-0.199122472613894
4988.74627786759	1314.61181491186	2.53910806382763	87099.8272444003	44357.3867899544	6.1292400582303	-0.216945659853072	-0.268625911501844	-0.219464562859111
3349.22695305493	1202.81830961754	2.33804936843231	79852.8373116268	55008.3762142276	11.2625033003876	-0.273976830615332	-0.348999554016687	-0.266622039099049
5040.24402719524	1016.40687755803	4.41047465627498	28176.5808660346	12913.689017024	3.87124495635624	-0.307272125680436	-0.249344919760046	-0.260637439196254
3115.08366881807	1134.8792904221	1.80618247994116	69042.7772082759	59302.6835542196	11.1026329857125	-0.280673393085644	-0.338982409491844	-0.264815270525382
5137.41120042945	1257.53040261383	5.09994819621789	74726.9486644521	43220.0112533468	7.32343000421638	-0.300956063353613	-0.292962621344606	-0.282058924261091
4288.76834074934	1150.72353199139	4.36224977771656	83357.5075782829	50438.6063499497	11.4313918871597	-0.259262083454338	-0.279061061847961	-0.228501638018646
4233.95557306929	1075.17773077442	3.1589383379174	88337.2291290053	45736.87122899	11.6182484611636	-0.293105565802599	-0.33066282595357	-0.28223001812484
6131.90362547648	1261.90789875493	5.21170630859554	102354.070040628	48121.6794705735	7.80855250757111	-0.207788963086853	-0.227918490576534	-0.197073811191284
5131.59954915758	1045.61440207182	6.25353042658906	67624.4644231365	42088.7895139929	11.9190784783119	-0.216352422770337	-0.277282192788345	-0.213177568692619
6199.20557292353	1341.20465357133	3.10821883193417	114923.83597141	53536.8754671206	10.5483959316546	-0.281370834840924	-0.299424301674198	-0.268025139998561
4801.07352239275	1018.45252431384	3.35510628992637	30499.0996259372	16286.1741899526	2.62084162435219	-0.257964607956288	-0.27868479356052	-0.236295034511982
4073.9094999144	1269.5945221718	2.24086449161059	96580.1937564985	61118.019468063	11.5587827881783	-0.298477331095129	-0.321073198596215	-0.276098064597772
5002.34434294564	1145.21870720304	2.64128805200157	98670.9025407002	43434.0007433258	11.5043043332127	-0.265724624600464	-0.241903800211046	-0.226232030086224
2405.21100784551	1025.66458650232	1.64802953723249	32536.7190551496	28758.8938145829	7.64852807022974	-0.237350255983157	-0.286073282490412	-0.230495148378854
3464.67270115756	1130.9370903125	2.41466620267206	97595.8024126795	44192.4911263725	12.9120651984638	-0.242113843829549	-0.312345308642543	-0.253517554031603
6025.73538286061	1240.48714987762	4.86004415419309	75805.4513365033	48300.6337162738	8.86456546642027	-0.149756459665283	-0.146489500801236	-0.14738418044819
62268.7248245354	1078.07253787979	16.0311043141303	411110.623795317	43990.3556373418	15.0384616943833	-0.191018982033693	-0.287250674538729	-0.188977738692885
3368.53601743627	1233.53966527468	2.68727699890707	66005.9495456561	42432.6774523811	10.417049104949	-0.230549382677721	-0.273631333665306	-0.218972871237823
3758.50073676527	1165.42508258525	2.78750273961607	85087.8780319948	55660.6035313389	11.1054490185248	-0.266321736979476	-0.329552594784521	-0.254328330109089
3249.95185637521	1132.98791598779	2.08453171403665	71051.245898136	47568.9472188953	11.6550706804787	-0.2847542408633	-0.346753028051934	-0.283629570301667
4464.1320482565	1278.14182449828	1.84534551702484	80207.5544056726	47386.3213183274	9.08698848539509	-0.258576033551727	-0.346788262395838	-0.255903416731445
4578.57407819401	1348.4978559557	2.27579344914039	55747.9810771965	44472.1795099935	5.16317645090555	-0.3021032060858	-0.342123203250096	-0.287000768094018
5798.962990853	1222.00718402164	3.62747290831821	105819.23607502	47636.7521867744	9.57280132664186	-0.20849731906306	-0.266740035029856	-0.204807006297196
2071.8141437341	971.39669089274	2.22327730498258	70422.3446742678	43408.9927259924	14.1081936375929	-0.179629206697619	-0.175891376044819	-0.170331969918107
4111.64451942515	1422.36285663012	2.40503001729556	82948.966377773	58468.0193318488	9.80798905313196	-0.286403212084205	-0.279356172371821	-0.259801776662206
3744.93655763312	1063.42034326626	2.9039573011697	92753.8138345841	41396.8074481993	12.6971836030915	-0.292213184777403	-0.314553582263391	-0.269955395692285
3353.57061901515	1167.51824138021	1.69641979513316	48388.6037511088	46324.7010369002	9.21387045418563	-0.201983726164232	-0.271027383181237	-0.190098375519304
3463.60335628283	1026.37925189992	3.16777802958824	83847.4602291155	42913.4637156561	13.1703898153403	-0.229536284893298	-0.284440833786937	-0.215827106657124
7687.52421336872	801.189945303142	11.1754803591913	38188.259120949	10145.7807413904	10.7872901579091	-0.234995531618802	-0.286529794926277	-0.225002636895962
4358.55068530898	1145.71842913413	2.33000013472282	87234.9390928564	46575.4468189743	12.5775542304693	-0.221796373870711	-0.233873920550379	-0.200770261746431
4185.51183016677	1416.71912898097	1.86709590752996	96993.5015305242	55085.0241897436	10.3941412780077	-0.320048906850966	-0.358305953309177	-0.299998009062684
2722.80961985003	998.32824539046	2.38048542025161	88120.6141279839	43273.7196388193	13.6718974411839	-0.26042675947282	-0.268058907411744	-0.236921093576648
3569.34868761055	1079.92865630128	2.55765151231124	50252.3336668395	32194.3254033959	7.12588768810362	-0.242741999381442	-0.248489447809735	-0.217311722579989
2984.61354684792	1098.27836143664	2.02670794000348	44254.7134638471	38617.8730259363	8.95399394474239	-0.281733341230723	-0.311458043555337	-0.264865396314874
4712.28112859478	1234.89513343196	2.4900302569937	102905.689614805	49520.8842584467	11.5319485393938	-0.291829860057983	-0.300535877303828	-0.271466016741917
3365.4332925357	1277.77709768171	2.31030254622679	55792.8723309509	68280.3946598249	7.90500053543082	-0.173614956727179	-0.221441631873911	-0.162569932893183
8801.59418107171	1274.40063538921	5.54214295147699	98327.0187410209	50880.7736970803	8.85470305699616	-0.285105018841638	-0.321409228853358	-0.268579700134445
2793.293710041	1160.09914877807	1.87570489368366	71101.2795515144	57290.0235769843	11.5014582701138	-0.199011977987519	-0.212404641886851	-0.177131344940357
6153.14998522689	1278.10098668469	3.46178780108712	101513.682897522	49730.1539552781	10.23281063598	-0.320583422629285	-0.350157223500724	-0.291883224630709
3442.32442395344	996.31291488011	2.8308472152592	46287.3955617388	37975.9222415996	9.79641353647678	-0.307182009851749	-0.318649254149035	-0.264832271120565
3427.54609437386	1163.77212643126	2.92100683868237	84638.3395478681	67200.2365177495	10.0999327281125	-0.295757268684328	-0.307030252891145	-0.260044339023028
4670.17536628537	1496.63084971695	1.96379373756009	74354.8327753596	56093.4470242142	6.76588013308695	-0.229219957780443	-0.279935381194686	-0.219210187278653
6892.45017854158	1167.49996307118	3.58764530908694	105438.555577486	48376.2241621097	10.4894900702775	-0.226779241819922	-0.314152445086623	-0.228524391284625
6785.22524451802	1351.92306304324	3.0289789156124	106488.617643863	37215.3461355509	5.46542961895668	-0.29273136368569	-0.348476555792077	-0.278782314503086
4531.40914318443	1266.34185540877	2.14401003655232	59937.5528017644	41438.2248270624	4.72914556030362	-0.24997925792696	-0.332599672005855	-0.251411590153227
2740.07170251286	1006.97372938925	2.15504218802216	59959.3178509177	37631.7569090891	10.7794579351735	-0.322145358061293	-0.308340419088656	-0.279305995980539
8337.58645704514	1228.39440989591	7.44517505919696	68145.2610652179	48463.3032812169	7.76364531011806	-0.236624070321091	-0.222535652669205	-0.211075864600226
3245.61049761354	1225.24578822409	2.45523806212528	92890.8035499914	59775.8544941191	12.441541748459	-0.281969458951465	-0.276195567435403	-0.246622549396005
3040.39463386875	1007.42288858056	2.28027272242252	40257.9338130719	35890.4198125552	9.4180457532598	-0.272091016439911	-0.302907670513741	-0.26168303598947
3351.46493154425	1137.17596436873	2.50019371356922	83107.672111066	41584.1741616644	11.3510508872274	-0.237703776022445	-0.276890860429652	-0.238440414204503
2886.95635361206	996.736797696638	2.07380306061695	50945.9167512353	42093.5751260677	11.5425263897932	-0.251721831290246	-0.276361220635479	-0.237562502899774
3390.05914015943	907.694239917153	2.76164926223065	80236.9468587585	41004.9102862155	12.7137513361343	-0.324376554083295	-0.34099709193018	-0.311387598051452
3334.71910669039	986.792483813018	3.12363724693403	69652.612960357	40804.881247854	11.8781554926368	-0.283679666270888	-0.325435973270848	-0.270099641772273
5628.55270923286	1064.94533170137	3.35223929197206	81695.5345618317	43076.6195705566	11.3902061267544	-0.153053446121882	-0.19968343602522	-0.150599468702302
2737.81843400128	906.851523388254	1.96281348421123	22559.9856376834	12232.5735224844	3.50636765077911	-0.287425865325954	-0.284343835931318	-0.265899716967873
2328.66564214515	908.267499180888	2.44920635612163	62233.2311556353	39399.773426789	13.8031119692541	-0.298423832868444	-0.308179026471036	-0.270509265732536
2619.80208628079	905.215138292811	1.94740222699911	41902.7443843053	38835.9686469186	10.4872815353301	-0.305150185770542	-0.315926172536939	-0.278716952849753
3649.89102885762	1110.83249997241	2.83243782397429	88289.9705525124	43062.7116394742	11.3393223174089	-0.274803953261622	-0.286323183971583	-0.246808606398628
2925.73690618904	951.007709238016	2.05241492948493	55019.1332780086	33908.0188999797	10.7939750697901	-0.251988984412388	-0.287688644581904	-0.236821621698381
3563.68263454152	1143.68452553737	2.45800399007536	59285.5591141501	46036.1334722047	9.30962278033022	-0.281110737983881	-0.301180243267268	-0.271433025984648
3760.83040935984	846.425593514922	3.08893484345734	70129.3128468694	30632.6601458581	10.8512818979997	-0.246662882116382	-0.324064224683106	-0.236700507189919
17021.9976246104	1166.83694137594	13.2732037605078	137970.898425313	46887.7346115705	10.1232979148608	-0.198358161356853	-0.23905661011702	-0.189549960070643
3223.75767719675	1312.94967428663	1.91398608875897	86240.3810347322	53525.262812171	10.4562714577344	-0.278931309384272	-0.282520249985384	-0.267576624613543
4411.07771948697	1051.25978046154	2.56074415815843	78836.4089131686	41782.8104473064	12.1063693492435	-0.222442575828893	-0.158770647237233	-0.183282996606402
3447.52939619522	1141.51877648881	2.70580734263026	94663.1902504086	60970.3973295797	12.1706918382718	-0.228645163568654	-0.236631054629242	-0.202111566213902
2944.68224968863	1073.82169402057	1.71508973636599	26055.8918748198	18366.1652871766	2.81192170749079	-0.289111312047985	-0.289820258395298	-0.270897117354152
3902.01757509001	1087.30548482716	2.44781355147087	88342.8393455492	45827.598020656	12.3467379403889	-0.254759144538998	-0.267888092497988	-0.23837298615837
4089.45091852759	1402.30253403105	1.85207836482922	88816.2887151414	54705.5719686819	9.23462531113661	-0.286937025490651	-0.346600230187983	-0.293222744595871
3481.60327772396	1016.93534454943	2.10854652795803	43344.7641199657	29198.9766582996	5.09421248965089	-0.187749078421475	-0.268175598756657	-0.181954858032641
4443.42650216808	1043.13717947066	3.89338559924846	23932.5246312402	12985.4567862833	2.50828196404342	-0.268756916325753	-0.320017605738451	-0.253636935958385
4962.05391898777	1456.11717784515	2.11671051803373	101554.253995659	58340.2887649472	10.1685458484727	-0.255543676977493	-0.317783450156039	-0.24541673528702
5319.91428855795	1160.97553992607	4.30931906141095	96168.8122130222	48725.1805635738	10.9982432251711	-0.242769464304623	-0.263851391538459	-0.227769934680186
3921.81774113171	1257.75725000836	2.7310460394068	52380.9492422415	42200.2791579694	7.6978870649165	-0.143061698455913	-0.164531012310408	-0.140984004248403
2994.82112768762	1082.11667553647	2.45679792008903	52682.5169620471	44661.8702966242	10.5972766571888	-0.228724242083516	-0.224377870697238	-0.207580629453373
4068.20122523511	1305.97143561378	2.35222540737178	76017.5895630015	49359.7403637959	10.6467548317176	-0.121340487040533	-0.177646495578797	-0.125059582231924
3456.88809733429	1171.51785996583	2.60769610114432	61283.6351641259	48224.7326217166	11.8558702826463	-0.288292781891806	-0.31785560691728	-0.260601333084188
4164.07055199139	1168.27528114287	2.62537117329081	62622.6924145203	47667.3044347237	8.9185765144051	-0.250908530558387	-0.291827908423556	-0.245465488356026
38065.46055019	1168.19442880252	13.8605450413227	115312.905519722	42258.3263384626	9.24057824228049	-0.304665536730401	-0.295008896715599	-0.284001520891881
4448.32651921021	993.011926595637	2.72569590680219	77656.3188286707	40021.1784561164	10.9382475287756	-0.307873851345941	-0.278889546243715	-0.269372177601717
3975.8998363858	1368.50860281561	2.42838158009976	79711.9623536517	55669.9272763321	9.90723219019666	-0.267699824619057	-0.260180107184316	-0.243414777056652
3629.32164090358	1084.76013635592	2.35957529758439	88267.5717646154	45823.5095759358	12.7089060883853	-0.214955952614921	-0.287369406087774	-0.220797704917796
3399.02967595895	1215.150237934	2.16681558514325	75644.8465765881	66030.8832167528	9.22630462067835	-0.213070452601834	-0.293034175713313	-0.21226662028844
3644.25533585157	936.164494054558	3.293131559178	89605.9572731699	40783.2670409548	13.495434181665	-0.26510416718307	-0.309007070230791	-0.24551196336001
3802.44227586907	1243.38197939499	2.4272585474236	91215.4117492412	63392.7268153377	11.0945226980622	-0.253987306278536	-0.297462033546239	-0.239748478753836
2541.00696235135	893.268906223027	1.86813496335315	48829.7776376419	30651.8434467509	11.6019351105819	-0.22565728725071	-0.25464333483662	-0.220277974074504
4177.81665373353	1125.20371509622	2.35659427015348	68226.0376155034	40915.5567750058	10.6475051869348	-0.270868170363561	-0.27729735899402	-0.252534162869471
4165.61870215889	1191.17593292794	2.62800225004561	51344.6568108625	58081.1372699103	5.76508043337486	-0.227706543104802	-0.261093568101057	-0.216025323438575
3656.36994430529	1028.96420787525	2.65281400931696	84290.4448845952	42014.2835982073	12.1299095789595	-0.220409965831753	-0.256010571932781	-0.213179670656304
4019.4471090724	1176.17489877829	2.29061055221302	63489.9381723268	42457.8873296295	9.54616197634705	-0.254122616350326	-0.309625431880528	-0.246399555215021
3165.40581682645	1248.92888411874	1.70701610264033	75041.4141436926	49255.2355366474	9.68519253183492	-0.213622136748701	-0.283893981810848	-0.211086037687274
3334.10087249426	1129.49502776323	2.21082200637221	58172.5234621643	44806.682761225	10.046590512714	-0.178938217919808	-0.255594973905097	-0.19289554794334
3610.06678551507	1032.34431106769	2.71984554149675	79429.1688262217	40431.6353401799	12.9748029011945	-0.193958589509332	-0.2016860069965	-0.180507179783507
2492.64026533927	942.859629804616	2.30090418474842	29986.9710890073	32157.9514950804	7.37085578481039	-0.232715899100209	-0.307351879397576	-0.230078088454706
3564.38187121164	1042.364550076	4.0441349339036	59375.3774818679	31984.9477457306	8.7652380256657	-0.24610858620538	-0.244686387730149	-0.224708673576608
3939.05898061485	1303.58681964629	3.47176584175185	75874.4478926565	56534.8157505183	10.8792579681991	-0.216037445667204	-0.213672192365082	-0.190609967089089
3019.50031177014	1132.47265615018	2.25834380947071	50431.7802144958	42797.5687707775	9.78512737805046	-0.248334289692826	-0.266865018107197	-0.230318985512969
3509.41898264257	1178.73743032458	2.5270774468506	60594.5081565604	47256.6626477269	9.55592073400806	-0.253422774224804	-0.273881956085487	-0.240546952034007
3387.32706350327	999.281663863611	3.75965340974224	31991.8865036586	31047.2527320057	6.42908813380235	-0.168789137852081	-0.194158373043283	-0.156596260097671
3352.01098774404	998.697380690645	2.8398438457717	79373.4394104153	40616.228385423	12.8636582330286	-0.21392834794919	-0.291039786131804	-0.229297080014677
7339.11859311753	1151.05939905121	6.2678090895015	78406.0585347083	40916.8395637488	8.88176951265955	-0.277203332150206	-0.320961001637237	-0.2594844549914
7024.43911416874	1420.2264060026	3.9802312353316	110594.541318542	66150.3690351538	9.6311748973503	-0.235621514757236	-0.294916727534022	-0.232357192864057
3132.36868089419	1048.02523668687	2.79220237088087	69796.0010104782	40712.4031594887	12.2420901469424	-0.198587792024062	-0.237513168694284	-0.20272681087243
3707.85100591296	864.062120334959	2.84732781990579	19584.1848650927	9772.4228120196	2.5872846711097	-0.289621391848828	-0.246926720045486	-0.251003646924059
8968.86153955762	1411.3421671889	5.12155607335133	110102.705316313	50258.1174992759	8.60527437340571	-0.254813551443111	-0.27589480009704	-0.246530290429561
3508.08890293616	1045.34944379258	2.10701848190524	75884.8804621453	41527.535276258	11.816572471193	-0.251204186055802	-0.278443147074053	-0.235551356284489
4535.95100502839	1079.50105493738	3.54313700378613	91590.536398679	44202.4882375895	12.4211786298135	-0.16791058147301	-0.222367620699471	-0.167129339196386
4006.85969671203	1349.51650369726	2.62626182009938	75883.71574656	71354.6938700389	8.74368825024956	-0.244615080499371	-0.287629563439059	-0.235857179237373
3698.09155943442	1242.85327002228	1.90820197437892	89110.1121818454	48235.0567504777	11.531857060292	-0.306818853543225	-0.290079078003658	-0.268811931563159
2239.66002846828	1000.89205042196	1.52246943297492	17702.7381308972	16978.068109697	2.47057792911015	-0.267428668110932	-0.37150343979803	-0.258736985587436
4697.04106648413	1191.23885992371	5.3761641519647	50044.6030763279	34508.29684629	5.41260784039103	-0.291123513321432	-0.356429539618493	-0.276136744460599
4447.9740911025	1397.80796562555	2.5613156853186	84551.4638777977	62995.0931988545	7.73096223386862	-0.172960227741472	-0.188023869248814	-0.162326164234551
2615.11659676017	1067.35626441575	1.79209806756233	46070.9479080322	40348.499286177	9.7941742831445	-0.248386096713783	-0.334860992358481	-0.247016780309109
5018.9192414954	1139.4360780192	3.11459237291566	99406.2692117966	48285.0124431552	11.1831448585139	-0.198746556547382	-0.264434758647717	-0.196455212635776
4295.872055555	1332.08339104553	2.6614686760145	70505.0331547973	48289.2374400972	6.02621777232587	-0.242239902985013	-0.252959195149388	-0.215482093599828
3528.37583787708	1165.67321928213	4.09130279369892	52078.0266726374	43434.4097765551	5.31514247085006	-0.30867330201296	-0.319938667015783	-0.283726605607421
3046.73164526194	1060.83745604242	2.26982680791267	51375.9933980808	44648.3723146009	10.8075958855129	-0.253949876981889	-0.305408152926791	-0.241806955129432
3879.83164112902	853.87894298957	3.92714485531078	16950.5106276048	10363.4853117743	2.96902627736536	-0.312043581894371	-0.250299947405036	-0.260118575790239
4219.39815150714	1015.49862409454	3.58562735128331	37652.0838471432	33022.1318059383	6.97676611236522	-0.238018390642161	-0.2581601117794	-0.219853560839454
6669.42943614627	1147.70712174839	5.4106476215839	115772.583738698	70337.36540261	9.24428339370316	-0.237161478202275	-0.288298941756829	-0.241095151831774
3500.73992681802	1444.81433691629	1.71166220969914	88080.4713290565	62170.5409777276	10.2267408786681	-0.25766055083172	-0.27637836264648	-0.23092245254574
3624.35272263575	1125.6610861275	3.35462345275325	87663.1233852064	57302.4389345044	11.3486686284029	-0.26333590782427	-0.279078789238049	-0.239014030342507
5110.38376137895	1398.31071520955	2.24912080520355	95399.7733369951	50914.5573452498	8.60166770316453	-0.305378187076804	-0.36129805079182	-0.288702249253424
4924.68256792308	1647.18477777219	2.06955592937846	113137.096171317	70257.1358863006	8.76596062915661	-0.222287963447045	-0.274727081585036	-0.220850830216382
3090.98587938746	1286.52039897866	2.02910368686053	93696.7473075952	54397.1634903585	11.9023164241969	-0.300720233865215	-0.329783208457717	-0.281077922253214
4095.48283708423	958.387678086854	4.94867092619856	55526.5353025832	40949.8597234172	12.0198858385934	-0.322822145737682	-0.343900909315376	-0.296529588044005
2998.19534799307	1057.77932970897	2.26538841611763	85813.3226342297	43926.2844881192	13.428515922259	-0.32605109487294	-0.334615240123076	-0.283135831390892
3677.83941319421	1123.69191711046	3.10234303718254	45901.8535057241	32059.9227792776	6.18386510264406	-0.318753885283743	-0.320184673227052	-0.27664797160336
2760.30256046685	1050.35518062738	2.11663576778115	66846.9874818333	44217.759618151	11.7577848200896	-0.215817609424698	-0.284290244916254	-0.211857375359965
3366.96618578035	1060.56419074411	2.00342007197957	50153.4080149867	26349.9382925612	5.8995535687762	-0.269561231950333	-0.305942832466201	-0.255470005604542
4221.5756464174	1224.19455968302	2.86221585564091	95285.5074183398	53706.6067412514	10.8869322749008	-0.305261968685242	-0.322951214832282	-0.283565851294525
4066.75329404624	1296.03354165684	3.06319907307753	74731.5872082634	50627.0455766634	11.1766984031372	-0.12330167433052	-0.177587198741909	-0.131133712584178
4626.12825418246	1215.87492187013	2.65555443754522	87097.3548790312	39818.7080163639	9.92543430831554	-0.216415754753186	-0.292625382415006	-0.226644096821813
3944.9083647273	1050.60141046114	2.99604625596966	56834.6071818348	33585.6668184971	8.66272037298892	-0.192170647765147	-0.25767396050521	-0.192321221215679
4780.57187576359	1202.06590497716	3.98411424239289	91588.9637075151	44866.1020634591	11.1982471356079	-0.203503133660553	-0.202748474664595	-0.186537652328131
4490.08046151757	1172.78063830777	2.93909817464798	65218.8799577985	44461.9690002857	11.0087666280029	-0.194052627576361	-0.183514111994961	-0.180020926629036
4774.7680236073	960.663892168133	4.91482850815959	87098.4771048691	40507.5036337067	13.6508761900089	-0.287524361075723	-0.350704260130587	-0.271998173979017
4175.22531931714	1296.61750718344	2.33612094379508	86681.7495154933	59656.248869129	9.88049214330443	-0.247695054833887	-0.280743396915622	-0.226617237052257
4405.60245786162	1236.00954398041	2.57094735543815	69065.6831388381	58604.3037768533	6.79484912864028	-0.240614737574281	-0.278630024861121	-0.232661856056167
2804.74091380784	1070.72542969798	1.78295284130106	40330.328884331	45066.6419368473	8.99953096089195	-0.252084959311622	-0.286091840284113	-0.242068200487574
3426.66243933105	930.531612047531	1.82916940668277	19729.9874120294	12917.5383154443	2.10508909444692	-0.315811158170971	-0.365145133585972	-0.282887210409462
4284.7097008286	1223.05627146077	2.81128369237338	96791.3824463083	56693.8981802713	11.5519836118738	-0.220326510800902	-0.297885862437023	-0.223399406479812
3976.83432042524	1433.45885917349	2.16791439190762	97955.4085090527	56305.3180637105	10.8103198595735	-0.141983835877503	-0.138742465557126	-0.130707346570643
3648.38379261871	1280.70294006133	3.30535718751836	67546.1791466864	65539.4450654104	9.52699474489915	-0.241450564289446	-0.324409965231607	-0.245783529691673
3481.22669108517	1133.8898849019	2.27806899710357	68753.4274282011	45662.5492517565	11.2272890279314	-0.235298691840751	-0.320107377473262	-0.231739372960824
3732.71939687631	1247.96441986839	2.65089142123054	99911.1777359254	59898.2448956157	11.1435339242203	-0.170083320533879	-0.200355034994666	-0.164718677711655
5513.34203415948	1254.74388616015	4.37387650511954	86637.5526597774	49119.7985105451	9.43666010926474	-0.25416490052766	-0.255556453107668	-0.236238483447012
2507.23543200582	1025.91314141313	1.92522874346801	60262.0281311243	40633.4152693073	11.9174621500485	-0.288397354563767	-0.276440664374258	-0.26779776603335
3758.75825665079	858.968362704984	2.65533262507975	50382.7676623136	31992.3812397681	11.3646098297183	-0.311893813741521	-0.352827759356491	-0.296880766343333
3166.1846912261	1210.74341941164	1.9491333340829	41310.1585226456	40959.6348238615	5.38489850033078	-0.215246791118922	-0.233504697869892	-0.203500901902694
4311.56083269829	1157.25952619095	2.94371325906587	62712.4717984598	47036.9156844522	10.3987305989654	-0.300988786945656	-0.322537161453777	-0.269664004741745
3531.8263842772	1025.87611527338	2.81896553238408	86918.8242393582	41866.6546753015	12.2128689025607	-0.200286751334399	-0.201705045366113	-0.186157102762943
3399.26260560525	1229.97550912453	3.88960504264417	71448.162836795	63456.9074011631	10.6027978935559	-0.19775321132089	-0.321795454640083	-0.214050411975838
3257.4748895687	1008.14328095298	2.612844452612	59845.9583302325	40438.1915807051	12.6613372073264	-0.279424640962949	-0.257400031779913	-0.243881863991496
4390.92266016708	1306.89398708355	2.34815937195045	97454.9094166566	49335.5600036518	11.6310075463984	-0.2843617651907	-0.272003239881703	-0.266146225489954
4165.08899271118	1184.55760019066	1.95582516857133	51802.6206726011	37400.267179784	6.83375571653363	-0.206850346687436	-0.237764626580471	-0.196708727251506
3162.83501958096	969.820582976103	3.15162527443644	61549.3609135229	41361.1386826448	12.4610778182423	-0.261307299781474	-0.239748032329346	-0.231097792968066
3603.66574006558	1354.03110986353	1.63716047562076	60528.1928182035	49108.5604494669	7.04777360143359	-0.0707225380080437	-0.132444346485755	-0.0881248899610823
4920.37559045616	1332.25774324034	3.2422610699167	58746.89539468	40318.7067938912	5.58184678035386	-0.234606913959746	-0.244273338630252	-0.228305361950172
2344.03420406319	1031.21808916016	1.58328087964239	32778.0273031373	40222.2373631335	9.63961555654336	-0.240150722797389	-0.264900823786504	-0.217049304784298
4051.0236149075	1201.80832025655	4.2314839731488	101519.582593091	54717.5843761849	11.6893321291716	-0.219107960523439	-0.232782189473233	-0.199511540414691
5388.69230393981	1289.76041602052	2.85489179772971	63733.997813544	62095.5031554755	5.67690192795262	-0.220195347286079	-0.235008241358366	-0.193865600058586
3519.23564624478	1064.34465523794	2.38791278367646	79646.3985686695	44494.9853378634	12.7079585234901	-0.249549643438636	-0.316052265894903	-0.235863797332813
4032.52871817203	1161.17768089601	2.75113738920108	51168.5656466782	39883.1987184158	8.73506017484693	-0.199172977322854	-0.257774905716214	-0.212579918877728
5596.43214927092	1296.33734607432	3.04810832396928	77489.8183402552	62743.4948189484	9.94043858620727	-0.22305500124352	-0.24694043368034	-0.214677921970754
3681.73073890414	1200.89886446196	1.83652375227763	72377.8825791528	45334.155506463	10.7739810584075	-0.228570907612171	-0.278394538091421	-0.218064363402282
5664.23136615472	1271.34314042319	4.40978864259519	49150.41917245	47475.122956518	5.9959336888401	-0.182682614741666	-0.286936655375116	-0.196150857732009
4543.20753164003	1286.45555932716	2.88157239394994	56600.1547503923	41368.3905006254	7.51688936092976	-0.286248503019965	-0.32308289933078	-0.268085459871742
4830.24023985644	1502.71964833955	2.28597967403797	113343.219144197	76205.5269271307	10.8669610250904	-0.207310816556805	-0.222546750419147	-0.186025677314854
3639.18007880319	1177.62621961049	1.88442108040665	86619.2146459788	46903.0249218086	11.7067880884715	-0.290470267846201	-0.294910457296541	-0.260398790335089
4059.76245951161	1247.26539271562	2.452539951656	78772.4994416398	54345.3935751725	10.2771874883005	-0.205555983613347	-0.181243754137937	-0.181527045803605
4755.65742129993	1178.22725530832	2.4905722723422	99934.9595049312	44747.7140152533	11.4615522082475	-0.166782789126732	-0.22338948546273	-0.174530783186203
3187.25747537841	1101.49858442819	2.12503838379672	54479.2244250046	56224.8851207493	10.8192104075596	-0.163160485867322	-0.151124410632726	-0.142149345012234
3222.12793292127	1130.40728419088	3.25084726631089	50135.4430353507	65944.2086336644	8.2821423628142	-0.289174208419827	-0.260196656621991	-0.242442594340185
4456.23099907481	1009.35082040378	4.18822097819506	77662.7836722939	38799.7726317896	12.3911058549682	-0.293636026848331	-0.241267021593277	-0.246547951636663
4530.43102373276	1142.03115500429	3.41888951237868	89343.5162000646	43783.6584883922	12.2537666398692	-0.187867588852157	-0.228517790265796	-0.181837298569746
3549.57548092037	1107.12065207859	2.29608048570828	71686.0701040753	38321.448379905	10.8125433382264	-0.189820164799863	-0.220588803490052	-0.185413725904463
4910.40707552276	1388.68720502865	3.71535193934579	84128.4535222631	63901.6332278557	9.0166119359924	-0.236621928942146	-0.243460274107998	-0.213256836213394
3782.83848273193	1295.07783524687	2.6312911184399	86159.7809494476	58271.8448580243	10.7552871376229	-0.252499684654408	-0.288917664179816	-0.241171261111257
4692.61331954545	1151.95017103373	3.11045250609114	52239.5148817769	59227.4828347866	6.93428869923965	-0.219045671397453	-0.235085080779121	-0.197427104024299
9870.58359418774	925.957229588034	8.69634007291915	73771.4674642006	26429.4409698084	9.41912928240734	-0.214793262175287	-0.258814500541187	-0.205123325460349
4009.81965946518	1199.75872286503	3.37937313464373	67959.784096498	56926.3526861568	10.782730451747	-0.245862574606351	-0.245061958473225	-0.228420589583445
5966.41903725771	723.974044120632	9.88226813458332	37329.494575935	10327.2494467699	11.1721399708104	-0.186354771980459	-0.289044681930717	-0.188096139903388
5569.45639259762	1059.9841641084	6.86660130011966	83313.2146974483	38480.9658515716	10.2210466167207	-0.229471387811471	-0.264305237273011	-0.223089009306378
3354.69604562018	1096.65832973289	1.78517113828563	53302.7456797849	37717.2940896633	8.5746057177458	-0.254273711562078	-0.240345666507057	-0.220115848449952
3072.10669487401	1019.86567434872	2.06820492268393	22565.5357678964	13155.2503534808	2.08962099536355	-0.174003407377419	-0.197134369390531	-0.159136128960035
3129.24627313699	1178.9215865131	2.03814201558303	83969.1018826126	41203.0131416413	11.7106751684866	-0.224002785777	-0.241850258987029	-0.213989551648119
4382.78189349626	1474.90792701049	2.09204255686188	102744.224653832	63391.3357587263	11.1775109772278	-0.154058259775459	-0.174614218133803	-0.141656371048271
7370.7636175848	1192.77058231039	7.02021514101349	86717.1799373227	46866.9284704661	7.78839628462704	-0.267347013156618	-0.254338081924216	-0.238144309950901
11043.8895291616	1190.81624274364	5.57604204001059	89369.0955571184	43169.9425305238	7.76857577492729	-0.287103596378661	-0.299383045743213	-0.266506351801043
4073.71968903418	1186.88038651803	2.63567772049924	56287.0285981559	30053.8976865735	7.18794572103447	-0.254093914201124	-0.320157006352668	-0.250324712678522
4392.76165639363	1124.73357467619	2.72652157270784	42451.1259498933	39500.1837865825	6.97524876511011	-0.23508602095865	-0.258323132784664	-0.216372390108503
2944.16728690208	961.533172266157	2.27283949493838	49846.5449063232	42374.403081285	11.1995120274841	-0.247761613649106	-0.289529374369437	-0.237262996203844
3482.82090016328	1164.24692278303	3.54436945793684	63243.1266872322	53371.6592442988	10.7761086583131	-0.282278047629959	-0.282903638560087	-0.257251214524694
3212.90120426068	1069.27172253663	2.32558834645458	93889.6665446647	44940.9684335089	12.3905316719433	-0.292239013259238	-0.352155525247617	-0.281373908908844
3579.99244494204	989.109289825333	2.90451563224139	55780.6539438034	39662.8889705681	10.2123912094118	-0.253907650031591	-0.244133670057923	-0.231625179711767
2614.41253333809	957.084107009976	2.30102147480263	81637.7388068058	39270.7632991162	13.0502312158618	-0.271884603252491	-0.299329687343894	-0.256328366413085
5598.7711227244	1555.80349079127	3.74384239943506	90833.1113463609	92591.9935668408	6.73633779585406	-0.278317089337486	-0.293196106190867	-0.253421105765468
5677.95384272577	1234.73623740517	3.73790518777974	73041.8696109976	44114.8235176574	9.58018536740236	-0.224203211018837	-0.260454890679153	-0.224228683611742
4665.85485436265	1147.83510849025	3.51066216719856	66199.9904071375	38712.423755381	8.85784192709398	-0.194600861048844	-0.183901007115947	-0.180191981698514
5407.01043705668	1110.10871580444	4.53398403210819	83815.4083250538	46081.2365599314	10.6649899227923	-0.296141818938322	-0.321449877819233	-0.274226686826216
6896.27661390014	1229.78651762264	4.02773546448608	97425.710779145	46877.6341804503	10.6384904424463	-0.243093946569828	-0.267972690566379	-0.24043710692993
5820.97946343945	1202.8897599704	5.37977900674783	62057.3861919331	49083.858266893	8.71263797447597	-0.211683496337997	-0.285458222446704	-0.20425235954841
4164.90064340362	1405.36698628208	2.30407580020964	116846.678345659	76650.0684966014	9.52069595056987	-0.272778175828863	-0.333220498468005	-0.265055939598359
3739.78382961466	1058.23704725804	3.77179477576448	85130.1057181614	43804.4617262094	12.3872906832848	-0.297894057159163	-0.317385384199468	-0.285672572558523
2972.77582198508	1159.87608608291	1.77963089416006	44983.1097906866	56098.5313829736	6.99020354821494	-0.234233858217641	-0.270729218374717	-0.218949244658252
3630.51016091613	1122.38582726745	2.71635908660687	93593.8765146136	45543.9557540204	12.7026672839798	-0.268742732992197	-0.316891227962647	-0.265757598492701
2675.08135625377	1004.1327923798	1.98676880933005	44838.5381694295	41163.9242423802	10.2283455941433	-0.300346394928877	-0.323070162149731	-0.276877326648125
7261.78092749932	1061.32703229206	8.50358680037965	80683.7129276608	40040.4031909124	9.98241277923312	-0.283014306132055	-0.308550940564791	-0.262168229290888
2855.91927251632	1033.23531370357	2.0350717606051	47287.5499544209	36596.5189755016	9.60358453102831	-0.286974154499644	-0.308343683893423	-0.261878896249296
5460.05517985048	1215.28476040386	3.23541389907365	91285.4479581956	50536.3990007251	10.7345854210869	-0.209612178504578	-0.156834992943283	-0.172700669644043
4077.69305833035	1107.69900707046	3.62967339890051	75338.2644913603	55900.2150481402	11.766363044258	-0.242430132699153	-0.32190194100322	-0.240806697581329
3891.83561709455	1204.524579464	3.42889007787208	76662.2983919776	51261.2539517365	11.3069303084498	-0.205773132792303	-0.259602653415689	-0.196125931260637
3489.36724341895	1060.48772198634	2.15801236334718	43178.8940158679	35453.3394751693	8.81181297454263	-0.343952697876576	-0.342854851671942	-0.314195507679363
4872.39064744915	1719.59512482806	1.91064645184683	118469.54791924	90509.6159740854	6.93438867683699	-0.226521200684584	-0.30061260914748	-0.215317046769225
4649.80971603994	1160.20046372259	4.56659609955812	81548.6043055391	49318.6926105536	11.0903598032164	-0.178039062887446	-0.157639574242262	-0.151189679020075
3351.1763275184	1004.27217316319	2.31454881841511	74830.5630888828	42320.6866225993	13.0400902612647	-0.191117980837613	-0.221632546332703	-0.18247531900836
4207.32193680337	1161.33627748577	2.26102101962685	72885.9253266049	49056.3004868141	10.9957594448985	-0.213506622885643	-0.22238376634562	-0.200307013597391
4755.23992850851	1542.14465828589	3.21578141958347	78715.677248401	76217.2261783325	6.29559769265556	-0.270470126715472	-0.341149808606001	-0.252523632786097
5310.86661263567	1495.43308770225	2.88881792454289	106790.887291378	54275.9701733589	8.61476504836494	-0.158028449676706	-0.26512749263414	-0.174860125453421
3536.87140381689	1105.04803453806	2.51244264954029	86609.7968547107	47716.9447083917	12.8298558030688	-0.26809421783583	-0.306230814521949	-0.255686231003219
5820.3827271643	1368.77612066142	3.14086723312743	93340.0213812018	47329.4401384743	8.60348606540081	-0.283216729419394	-0.279062724800847	-0.258522254931208
4346.83788810439	1106.48599068329	2.8553980036228	85058.2792700044	46456.2635754453	11.2940948510097	-0.29827352247364	-0.295270157163634	-0.268098448474783
5503.62368378409	1298.05285230756	2.92830432451147	106823.913040022	62968.4998751065	11.809587743366	-0.204232680013983	-0.250810868163247	-0.188254976088304
4069.60504009129	1103.54635150356	3.31471499757845	97060.5148585226	42825.2353667364	12.6244324547658	-0.287766279702762	-0.314747193885686	-0.274096748960461
4285.82761592531	1137.36588684821	2.58421201748776	85827.577139099	43406.6792065513	11.9300646777628	-0.256401819993643	-0.269380045594851	-0.234945918688699
4293.87888420813	1249.12413902863	3.53834263240952	63586.2568599763	48753.1478385672	10.7923831215298	-0.259675059691874	-0.315496536308646	-0.242130327688229
2855.09995990932	1165.33175074809	2.32525592353666	87236.9608124336	45928.8358699522	12.9828040989826	-0.230526548564363	-0.244428605181356	-0.216539305229143
4157.97348355117	1208.21118203245	2.04357628500968	76008.6871128259	43751.5927676203	9.91994920029393	-0.179463533298385	-0.196200884255184	-0.170428138235977
2951.66766266093	1274.1726180901	2.00478730909731	51374.6093952392	50464.9206891082	6.64704206210522	-0.244432898438702	-0.284507477291679	-0.228159596442229
4655.13441065496	1023.22452518927	4.40034636866955	69413.5066769198	32085.8143752718	9.95447946009961	-0.23148379425248	-0.275554358834782	-0.224397134994218
4210.46685401894	1090.70930144603	2.31148916662202	63672.8759739248	33468.1821054363	8.08379459391212	-0.282603367881109	-0.341209505624884	-0.267389915297714
5071.52971319906	1310.20308221568	5.29131498785959	66010.7108959899	84701.8385169461	6.33893219216486	-0.243372028253268	-0.250685461966097	-0.225098147342171
5292.48830473045	1111.24621541749	5.88905891618785	89066.7730888325	40651.038581801	11.783583154808	-0.216923065548327	-0.240663859330153	-0.204136769554421
3222.66246090967	1011.14677105483	2.40819998433962	55317.3136254686	41719.0780774049	10.6871809222298	-0.242921209930191	-0.316369262480991	-0.241544892281875
3797.08816602485	953.283649779424	2.30836300554834	76630.9937988855	37685.2523195067	11.2602226160452	-0.239740408237726	-0.288263811534391	-0.224807477379817
3950.39652585045	1120.7304979128	3.4194349882626	73816.6730484616	49902.6412151187	9.47424593586024	-0.194813413585814	-0.269882026918344	-0.190045457307541
4314.27066939816	1207.69353793512	2.01610959178588	94504.8512131033	45996.531283855	11.5940620859839	-0.305098564508749	-0.284397345772135	-0.265409393571037
3594.51926516708	1226.13130588732	2.18271580003681	71880.1467704608	61775.467968344	9.35946465861269	-0.31029997356575	-0.353042155451311	-0.287020877393393
4316.60399760681	1252.34139902025	3.21069728501264	65831.326138328	61934.8484247412	8.45072047541001	-0.251393554250982	-0.327268999890185	-0.249047728173718
3278.91451339353	1134.93312795382	2.68427687245506	81314.2395605288	59716.1329605296	11.3335251858611	-0.262136977683247	-0.294393928582328	-0.256585103038964
3492.16765156994	1107.5425877393	2.82325408845537	38725.6472025425	41181.3192874516	7.88703599945902	-0.235451738703492	-0.263463993742365	-0.21721791684039
6507.86165462375	1429.77806465839	4.300405603016	125461.29589111	65313.3618272227	9.71678201722659	-0.27734075941516	-0.279952540646181	-0.243133925118783
6122.10698247149	1485.65944788734	3.46710297121177	120087.431404932	54438.5433457975	10.1738821508667	-0.272633424791966	-0.345040053145671	-0.289088417280368
4552.21818327528	1083.20074524705	4.4155923350787	54325.2518134664	59473.1057789646	8.68445918880093	-0.260192429603427	-0.278791364896055	-0.241700990890191
4630.20788258302	1136.87222397264	2.27615943635767	79958.7790301323	44405.5661811152	10.7975179036682	-0.306479779042972	-0.280051427126031	-0.267585214465363
3250.34956267514	1094.19098970908	2.14081121859182	70148.1025832284	47919.8457681413	10.0064780644293	-0.248247476345641	-0.291192057831282	-0.235390082413181
2695.08928075139	1019.09319199808	2.2564621807061	69778.9160508567	42714.5358654109	12.4172290874263	-0.145159994777459	-0.222683530688797	-0.150526660041385
6961.64852959802	1163.91099891058	6.92387941565519	87000.6449251219	50309.7722990911	10.277668787996	-0.269458521365654	-0.319907007084283	-0.266225988102534
4211.12339664292	1282.18213782716	3.3562182584584	92727.1770291698	49662.550959713	11.6574526271945	-0.216951098205045	-0.292029124220608	-0.224961355824425
4804.10478739105	1369.88464731545	3.05438488016289	94559.8458982843	65860.402864962	7.64346278165754	-0.289185964235467	-0.307187063533081	-0.255108998907979
2619.24262156742	1045.86316382875	2.4593687686281	53026.4680595343	53311.6131844618	10.016915138812	-0.307020213998848	-0.320788016659211	-0.291098692920327
3688.06124288782	1176.76673113476	2.04337501723967	79086.0979815049	47394.7892354545	10.9797260757543	-0.218593745381645	-0.245506422368875	-0.20391563724239
3624.41270238081	1218.79587538074	2.0601232848213	81882.5452309566	50652.0341147993	11.6976278953276	-0.317591110815392	-0.362776480337004	-0.304977101616784
4714.76142243688	1379.21968095265	2.58678729439725	64595.6822447363	61524.5389544905	6.0409426076503	-0.234465657001387	-0.316128848935744	-0.231970400054219
3004.59532062498	1029.39260474704	2.82898141147906	20170.1835209825	16149.1191527694	1.84454833155297	-0.272563142208435	-0.268337717152129	-0.251558802114369
4118.14133451553	1236.09731176734	2.9251302025725	85558.5735580268	58060.2677280632	11.399033463188	-0.299326106594326	-0.339368923334734	-0.276871529535002
4586.64861351483	1281.56026557408	2.79118051979105	87734.9168837176	44691.272906647	10.1482794521134	-0.247401838199441	-0.272077331910442	-0.232856711080115
3819.5774788597	1357.86185220386	2.27824984277627	59521.5754266688	78432.9045764994	7.43062031841649	-0.273253398251705	-0.303587062228106	-0.247963144389532
4774.00442528462	1129.01307173674	3.08174696850372	69663.5059706567	47834.9096999443	10.6326940361666	-0.270806839664796	-0.35680496684211	-0.265045466298888
3017.1581147288	965.487308962608	3.00703828995255	76813.0504264994	37283.7076845208	12.7974307091161	-0.227560452405437	-0.243208349264618	-0.215659128345124
4645.33566759796	1260.70076599782	3.4144471670387	102227.750679207	75730.6823819884	10.8518191666064	-0.247130218089095	-0.340225219889623	-0.244091493889676
3974.97813964123	1337.45308109601	2.69570473228232	112401.477564636	76470.4623977951	10.2638327358944	-0.293879881293107	-0.314435031797228	-0.267891893146908
7656.30234753177	1078.88248127172	7.41106445467264	60453.0313013055	50079.8871827448	10.2749050706428	-0.31840710118182	-0.333246995798263	-0.287079264943522
3821.06786653067	1090.17272948304	2.35694177733629	95755.6998380919	44460.6605179387	11.8192092645121	-0.285161546696148	-0.289766030827097	-0.257109610612241
3549.04356730109	1087.82453957484	2.29222234142151	52141.006793571	46920.0772296344	8.45854301666584	-0.244552273536326	-0.199603703645486	-0.203214611439924
2866.9809986554	1135.3577329221	1.83264615734455	45527.8558338665	36908.7091916236	7.55032844395281	-0.243506266062145	-0.2668554759839	-0.227380252262679
6311.22887695052	889.199271638968	8.47137091563767	52422.481743984	29006.3192378702	7.39171722527375	-0.239792716464048	-0.32062388422392	-0.24706434845276
12996.8584496593	1152.85421483108	8.75722457651037	90293.8353779216	39830.293125597	6.78669482140192	-0.299540209657387	-0.288394166039287	-0.264406597282703
5091.15866464403	895.854654363767	5.9269811785694	75689.7377962864	39161.8264887269	10.9580189655944	-0.203557384490672	-0.242671541897501	-0.200293785025827
3806.93461903791	1443.93252034425	1.7545104496102	78464.9305343475	91772.2682465226	6.21918128688881	-0.238335327627193	-0.328186826375686	-0.237016148311151
3115.85755926202	995.985937299938	2.32292061160937	43249.9695642038	37009.3732072837	10.6785013456879	-0.241653268044663	-0.226290601283998	-0.221985446998555
3111.67305665559	1144.21325657179	2.3144792255169	89774.0154943223	58244.7113015267	12.3411611639669	-0.261492266355033	-0.277513653065628	-0.237552896906441
4216.85475304221	1316.17370449751	2.38354545081111	44791.5541049538	40050.4504134159	4.4755958635984	-0.275129114837881	-0.286516564964623	-0.248677815352989
5838.61821553067	1058.84192997943	6.11497844106215	39676.477511725	27922.0542094953	4.89087804934643	-0.252888388764183	-0.215411977840825	-0.221290601150511
3549.91872625604	1259.34305924754	2.48929019101996	71702.2642404524	56064.240602242	10.2271073047755	-0.244479852784327	-0.30038066851266	-0.2378712711946
5153.83196961854	1195.89316625099	3.88519340406391	90203.426216582	65124.327989773	9.08963130610653	-0.255995079264173	-0.228560835504635	-0.220886847009624
6863.737473131	1068.81405858994	7.82114790765827	140628.001868606	41764.3411579472	10.0831612442879	-0.2481226250404	-0.298103859117394	-0.240515052561025
7957.20110575567	990.971931286673	6.45624091939539	681112.588684764	40593.5839911468	15.840474589473	-0.241658040669023	-0.238056393417485	-0.202717332138857
7409.68598353518	1766.73030578759	2.95427254922622	288084.331960938	68433.1763250219	12.8366964376516	-0.265428702352	-0.282924031024005	-0.239178770106768
2603.83601661449	819.306240083626	1.90974215698953	15757.0394997639	9555.60400869146	2.82850416406771	-0.259000474960277	-0.328485761699458	-0.25610592881008
4407.99857770017	1553.36125230205	3.0826933334425	199371.433506651	152727.368031145	10.5355018233381	-0.145916473741533	-0.152662419092067	-0.140305903092845
3627.03504454046	1132.84118821563	3.95794302474376	197018.288824145	46993.7723285424	15.0548751058002	-0.240607732634631	-0.275363098105843	-0.229975361880056
4321.43491409362	1112.63241552111	3.00467251354415	70081.6585146587	40761.0842412261	10.0835914505265	-0.251035417770164	-0.236228722478314	-0.22182590324423
3175.71173460166	1089.58559610548	2.25105474934271	53680.694717223	42257.3356677163	8.63252578397828	-0.233882612581954	-0.283577392810991	-0.225990314713197
7235.61785451637	1094.02345080425	8.5549438123998	75607.5089637387	41312.5059901325	12.4908461350481	-0.152334016563268	-0.18455859970743	-0.14750934461026
3887.79792196803	873.558876418013	3.25633194966538	40386.9399152387	32497.1940345468	9.85605904110525	-0.220270870018342	-0.210940234354661	-0.198644735152896
5391.79360549729	1057.04423729642	4.28447251961869	76488.5910406737	41935.5157844331	10.2209206738145	-0.29694007542799	-0.300778089500549	-0.277964238249194
3748.88011479416	1420.22207462637	2.03756703831858	106111.778878094	67824.9058181218	10.7164985487786	-0.239467061059745	-0.276288655524639	-0.226310829485969
3779.69755506796	1055.44879187731	2.01009327495592	74909.3726793531	38097.7492306925	10.8533085436992	-0.246877911598796	-0.290751268261279	-0.236897890490345
3203.73602958064	1019.16993348471	2.49008143432966	45625.9054126845	32342.2775959719	8.51145498385391	-0.279847154829477	-0.354318025693301	-0.279902963105718
2536.09356386692	1012.79624479794	2.00079549641742	29583.2495686587	29723.0003166975	5.5131747211191	-0.250516612570219	-0.267103370031338	-0.22787494413258
5019.45636686213	1152.61585709412	5.79286211765989	82155.8583426078	49080.2734530368	10.6278140309446	-0.12572469033704	-0.17179379074409	-0.124016545070651
3396.92283855652	1053.94301653306	2.54816109543829	42440.3726665441	31740.3216432693	5.44273999269164	-0.27794137915537	-0.364421109504265	-0.275735317950321
5203.38482841495	1266.02490468839	4.31812456461555	105550.435310065	52030.9418754602	11.8365576009182	-0.240844006521088	-0.285990821189594	-0.229789932979025
4056.60417703269	1371.76241592535	2.31610833172456	61504.9207275938	58147.4514847028	8.34827965073105	-0.226492189652489	-0.270201180479288	-0.198267880100905
5040.18691781045	1311.36655181521	2.90740703346022	61334.5291651654	42306.4781211348	7.85047397544107	-0.114036797751497	-0.129847479596854	-0.113723263982118
5715.33019711923	1285.41504750049	4.36914048727453	100392.788586546	48233.8633843593	10.9624063937327	-0.270340608094341	-0.32298470229205	-0.257616112024075
2901.08203041699	1011.72538756274	2.2218391180283	48545.470377449	37458.1969144653	10.1180443453175	-0.261691205249671	-0.325629395274782	-0.251144459714794
5135.20526262997	979.256165498266	6.59596089084699	77639.0476533866	39472.8966701586	12.5805483853592	-0.274700617259662	-0.273496342597042	-0.236626508994374
4385.96316705859	1264.12627134958	2.42396488777242	94306.2014603868	44545.6175935329	8.60746348572615	-0.216127714988503	-0.256613597384665	-0.22026588746981
5427.45706505826	1184.97715991824	4.31631526366873	93272.7278772823	44165.9463451277	10.3452489474399	-0.236646135133322	-0.315244243271274	-0.234632228175755
3976.97050560508	1349.69380646185	2.35019421152184	53914.4823624696	46346.6894199261	6.01110362173704	-0.242646377251544	-0.248268427747244	-0.224232369558015
6059.05819014979	1113.12463445702	4.87009812695311	79545.8870445384	39803.7076001978	9.52991073597596	-0.212051753478	-0.294243259028838	-0.211767393154392
3117.77239630116	1021.36901069259	2.08021937204169	70962.7076344458	40242.3763713461	11.7506218756075	-0.233424277979136	-0.248558301691078	-0.216145759490139
3460.42466045931	1030.62828438252	2.54629690182951	52455.4982428095	37840.7774126022	9.47159014347768	-0.260958421299135	-0.27640479720521	-0.237543699332878
3271.14708898518	1239.62606466968	2.25708028313908	56884.7778139945	49681.9862086046	8.948814401748	-0.288760888384914	-0.305188043784497	-0.271531727451465
3670.04523031998	1108.05046822542	2.14027460354824	75416.3250359701	42012.9811782896	11.0671265539823	-0.223932100026308	-0.247157415407885	-0.203631238076467
2706.19135179723	1035.85079183049	2.411987699585	80587.1472781079	42623.1465209754	13.5964814850983	-0.235781888350054	-0.245271491930107	-0.221915872709871
4282.55926051792	1270.491940798	3.55654588371035	87306.1731692537	62442.9908921524	7.12949196037323	-0.29337259621703	-0.307553007933142	-0.256209706449414
2514.92814450265	1041.19633884426	1.94375184675961	65470.3840625961	46316.5481074349	12.4838629414937	-0.223960677096824	-0.285145312005082	-0.220176649435352
3802.6155449232	1191.58858140752	2.66941607245205	76887.5697961574	46489.8938103956	11.1981789756931	-0.205438894324606	-0.202235590055992	-0.196866921794768
11432.3340250875	1182.68094586541	11.6700758353279	139168.532560743	50152.2898065043	9.83674241736669	-0.22913135763785	-0.275333969978977	-0.214731216809109
7218.76943519735	950.811586254103	10.0310583946808	66212.2155030756	35026.6245017124	11.6285469156325	-0.290808046471211	-0.275471821529631	-0.25139662433946
4342.2954770596	1239.46660813379	2.24795296584485	90406.6824678255	56479.2904679914	11.165719722488	-0.255593113154516	-0.308731710516084	-0.240209207127437
4900.72742848802	1203.6589544662	3.18796688035954	79454.5416326445	48198.7317065266	11.3184596978363	-0.179350087313144	-0.216500472188831	-0.181818331737931
4185.3360579414	1505.16380551582	1.76775338131873	73059.5975015736	60842.1160784201	7.72919753407694	-0.219264519068446	-0.282339122173365	-0.221642615584519
3947.30103879496	1173.93845509737	2.70904284603516	80644.9776360597	48662.5824220729	10.8855038161969	-0.283111697239108	-0.2980168185008	-0.268420564360333
2828.34705560716	1039.09931468734	2.31668651657412	89584.7258634132	41471.2973104632	12.7171641039901	-0.244542264536685	-0.285851916197795	-0.239033688815712
5472.84634902317	1436.97167562944	2.06509599257178	102023.310187416	56628.8779633712	7.58601194355742	-0.235348436817155	-0.255410858248978	-0.226613458248552
3841.24893747967	1036.49230473157	3.5036435069108	47648.7300426228	30200.0271075359	6.40941291609504	-0.251437729799898	-0.317470787648126	-0.243214277871493
5141.25782203324	1237.87999272917	5.33486309025188	65733.1557241457	46576.1060889548	9.410460691195	-0.262227610054656	-0.316738625381423	-0.246007673099131
5885.95209188983	1239.57559535789	5.15625159576132	110372.107166712	49720.6570408217	11.3572496711585	-0.223615718077199	-0.276283782370652	-0.226334952747858
3338.38759810702	1097.03882317473	2.49654480279759	77159.0242600287	43293.1868015269	12.1884879641174	-0.25640519647311	-0.291558887232946	-0.240161308245314
3077.08912567514	1025.89988047171	2.6991080843697	43096.8171348133	42777.2117616136	8.66502806750961	-0.281539205449185	-0.305380307341548	-0.268284062661398
3983.72262922508	1541.4131984915	2.26544427904506	81511.5676717204	68771.3528064238	8.30581612741228	-0.216475550425169	-0.204469446175022	-0.200687033848316
4553.56987785483	1236.48186848261	2.26702684093406	47015.7290384753	42583.3935815028	4.33974095057514	-0.183887288489264	-0.204312262465961	-0.170411574281553
7703.98011086076	1077.33090268968	7.08865898425314	66125.7121237136	41572.1821157492	9.64138546806466	-0.268150874027603	-0.288157055775347	-0.246010174063307
4097.10324593304	1103.77651147816	3.58954804799318	68074.6810990463	42720.9864828744	9.72143602845534	-0.231393212653662	-0.217063775633354	-0.206163472771396
2813.73223698129	1039.69291665557	2.84409256426946	73323.6865786071	42784.8089568477	11.8877359619159	-0.281079359797339	-0.290199674904252	-0.271325490672146
2934.68142013246	881.95520252606	3.26711348416811	17147.1750633722	13455.0347315339	2.17204541300311	-0.269181318399465	-0.302846942107297	-0.253735656105288
3229.29232112356	996.135401050949	2.45035392486245	48724.1983193116	48791.4345630061	10.5512228876202	-0.259983240531632	-0.266103759406307	-0.245113799706368
4372.38850999468	1339.26917164517	2.79721209054175	88498.2527005566	48931.9792535129	10.8215076217122	-0.27586507910962	-0.336093681658504	-0.265117257062661
3132.27987953422	933.867373449244	2.25249522931589	67263.6393729608	36284.6575722284	12.3597043637595	-0.213582314138534	-0.244468465109779	-0.198270157522163
2994.47396243573	1060.48943629021	2.5658616627349	70336.5436114575	40119.3200092663	12.1564160844901	-0.282234925059567	-0.279510311809311	-0.245042702070543
2938.08269193889	1025.66667447224	2.29646153971023	63704.2511049146	37717.5764705771	12.1961171408061	-0.22244294807979	-0.261314479938535	-0.215389020216547
3810.27204040054	1128.95393178191	2.18146611275597	77363.7231705715	41532.5445110769	11.4360946649796	-0.192609289498199	-0.221792128722053	-0.184835825857589
4337.47530048876	1086.41609103354	3.26295282513012	111204.075821825	58835.7907710585	11.1510751729596	-0.186983320141516	-0.202979036643639	-0.177024559344793
5485.41417169377	1428.74741701817	2.24586122842107	111718.110889171	52968.1207383673	9.25151805125774	-0.243006204377827	-0.278404805438464	-0.210375630052537
4161.72755807528	1153.2473738923	2.3439224469645	89287.3661042585	45855.9916863448	11.5975375869276	-0.227076664052047	-0.277111041202998	-0.20140401300417
4665.25966830229	1071.25161320868	5.63614979299053	50889.2840550626	43188.8426592322	9.50866030658899	-0.218026167155947	-0.27739612320006	-0.211054861236942
2900.96957010667	1204.52505951044	1.93222969818455	67131.5268830453	65050.0220199595	10.3311626488197	-0.279626173661866	-0.307069196618619	-0.260525065141703
4255.80904868504	1474.42969070069	2.6331670070286	88359.7602073538	59479.1099628945	7.37747346204662	-0.236138850892298	-0.234202558578947	-0.214962118428194
4152.23690407413	1380.97700390477	2.40993079382203	69736.9582068454	64976.4436524683	7.34893665165131	-0.247065834677518	-0.264628939580013	-0.228207579409402
4499.81796676991	1133.41825883385	3.51832112707686	78824.9398797833	45142.7647992602	11.3637846698253	-0.209254904948028	-0.221508200501506	-0.199481844743612
4041.04521036635	1021.63102095715	2.2857577693299	32273.719152494	17113.8937137839	2.45879681260346	-0.210455124393766	-0.319462941631607	-0.223585130564749
7456.5429530272	1132.48483683772	6.69502363046932	78333.6600611998	40118.9427326265	9.74892882524723	-0.298418682041325	-0.337516662007296	-0.28951231176304
4037.96629214342	1143.45179518791	3.26527449376968	93320.1185981233	62036.1236873973	11.7930273734731	-0.228358999036888	-0.299859748847297	-0.232002867033501
2910.03144891123	839.825989900621	2.4575285627052	41555.3979849931	36082.3114664604	11.7532900310581	-0.241735305059922	-0.282695157066019	-0.232168263981432
3700.19180310616	1202.52387157549	1.77782560109627	55461.0485595333	43296.5869142113	6.46939756096921	-0.165187988383377	-0.187298669776575	-0.151536428776549
7412.26576138539	1646.03155810979	5.03908454846055	151890.686718166	145375.73043646	7.67839788759624	-0.252250646086875	-0.32791773529802	-0.25017505713268
2490.88607681279	1146.14703132416	1.84083672283593	41568.7507693544	58607.1678948178	8.52133710804881	-0.293641021449249	-0.276280873655172	-0.262356426572147
3522.42040317754	1206.81210659785	1.80764459447358	56459.430645321	47816.3849839308	10.6684084000215	-0.253646974651072	-0.286887956950047	-0.242911329191898
4040.93763195033	1190.5839087568	2.27440240262981	56140.9543414759	45414.516245344	9.21327410574169	-0.226112913143113	-0.260024814317118	-0.211953213308206
5083.05473974446	1627.04542499421	1.86132475220435	112058.396840805	62543.1977285256	8.25198422805623	-0.197962602366648	-0.308931327468754	-0.214794016645259
3230.52981035806	937.243215437301	2.65986099588308	47495.9525391543	29871.5012460438	10.4800293633164	-0.255903296412806	-0.247815699281242	-0.231877378342032
5636.34497200342	1139.8503678126	7.23925431424992	73697.7305416241	45920.7670700749	12.0984738867322	-0.277070467826286	-0.297426876568034	-0.262187198548887
4793.55137484385	1265.62345656173	2.06275062800423	68256.0432886186	44655.3370419983	8.0679302745485	-0.236514865326504	-0.249928273496595	-0.223187440872143
5693.76531991468	1110.99924408428	4.2626155315261	38609.7082362186	37434.5059287671	3.88169225816683	-0.235025988471877	-0.225909527599315	-0.206569038318721
4057.89533465761	1224.11453546323	2.51182038725642	70374.1322467937	44795.3166142056	10.1227384412454	-0.267169986282398	-0.276405317890016	-0.248625664200742
3592.96976686315	1051.4799208006	2.77933759194346	84952.9119128367	47890.8916442182	12.8221430348527	-0.284440772239276	-0.296169321460937	-0.260489936572667
5733.76867857109	1289.46333239595	6.39832379596138	72486.298694107	52556.9584962075	8.73747478550891	-0.287972603348	-0.297826387955115	-0.26991548747745
3577.22689154163	1233.86805559175	2.79854202552614	88229.0907218492	69753.8519755341	10.8809025583488	-0.287963443228599	-0.341040253286031	-0.270466559152394
4704.83361755274	1182.896482813	2.73278351378296	74676.8145142012	50152.3827942628	9.22817819926802	-0.27991798924104	-0.321890823500485	-0.252718987603255
4097.15846141207	1201.58895156276	2.79702695242073	99643.0956976865	48454.9833333478	12.271420972229	-0.228466004218149	-0.259940119690197	-0.215238532325153
6489.82201495799	1171.6794007902	6.75469077058075	83163.2024377431	47853.4076209714	10.6111368792538	-0.20297450522878	-0.307960851337631	-0.216281358542468
3497.31030027598	1127.67746792708	1.97565818487346	74660.1945512988	41434.8550483512	11.5763481188181	-0.292813567397311	-0.295398988759571	-0.263116037308615
4344.8790852387	1292.50721083313	4.13294275466409	69794.262534562	59799.0391367738	10.1719210324806	-0.240940761221019	-0.293214624177469	-0.21798501512259
2839.87825910076	943.331959852635	1.90463985573596	50372.2016709133	40606.8503807942	12.0951726305719	-0.259806839066352	-0.218395371723453	-0.226548664987004
3822.43493616443	1110.21804558235	2.30391976695543	91406.8878034323	59738.2346095165	11.9440548210493	-0.240292117145654	-0.279710112921832	-0.234766144307091
3684.8697956987	1159.09159012585	3.59812260073731	86328.0264065773	47425.8900350796	11.6663050163382	-0.191864699895656	-0.252519932545581	-0.193387664914342
3670.80012516773	1209.70941377552	2.51941975630821	58857.6917256914	66452.8013686661	7.65553662387669	-0.297963832599508	-0.260789099748605	-0.247192932139577
3015.60974791227	1122.08233727702	2.6943521697717	74215.2123367173	61868.7450916717	10.8635304794115	-0.240941241270165	-0.333754820422202	-0.239944225798155
4425.12062890523	997.301175868869	2.64885570905353	92268.7878880093	39826.7451809373	11.7737252725628	-0.220577475830866	-0.238619772999451	-0.207262560821548
3645.55125109024	1127.56609905864	3.08403165376907	78563.5768582751	45671.9140227912	12.3182763889231	-0.248722843048808	-0.26216958706308	-0.233854920382585
3786.93336861324	1066.24231571499	2.43848320276566	39499.6861977749	34179.4781562019	5.7972685010926	-0.248682843857521	-0.257723484109846	-0.232272711927079
4005.4233766749	1248.46195677625	2.53280788825115	81789.7467074974	53414.7705643703	10.0205441918649	-0.263825238869251	-0.251036040942737	-0.233277242333053
2389.61140453378	1002.73423195769	1.50930804996863	38153.8929873689	35436.5426121836	10.0222170976153	-0.274388145796304	-0.26703071463206	-0.24310349759618
4289.31169709251	1125.30831364166	2.67274341320094	57472.4352384986	41310.2505828798	8.37661360146707	-0.218249963553731	-0.24247688330523	-0.199638472705758
2514.47596819312	991.125995556207	1.89142783393645	58548.4844111168	47131.3841034062	12.6562438833489	-0.229175936068249	-0.249645275057945	-0.221077787926413
2760.82112991599	1077.9105868614	2.75145992702369	83454.3276941995	47201.3593920001	13.3428715059351	-0.173149510657364	-0.176445981366945	-0.157884378008602
3668.15115427243	1018.07013769065	2.34137122339811	73591.4046208443	41167.9650534713	12.2904420173008	-0.228069241638169	-0.257464396141311	-0.221087065078017
6634.11330062971	1456.41752045007	3.70568701692113	105300.941930307	67970.2730027742	9.29006765474031	-0.240904811450139	-0.29535381412995	-0.233545711132877
4901.62866575266	1320.44576111695	4.44152559939135	49785.6629695817	58674.4271017763	5.36019300934571	-0.172968187325025	-0.159416046381101	-0.156676677110902
6485.71640691618	1099.1621012679	8.43333913540566	57371.7776287707	37568.0264400513	6.20423607377138	-0.252754728339978	-0.254930813969363	-0.230889054996098
3381.71297069869	1210.06069450352	1.84636976038336	74925.0771792633	74245.9361946853	9.6788755343683	-0.251350693056026	-0.257876488021805	-0.231531761997851
4572.98139557695	1260.11493574406	2.44363076215455	83205.0085145053	49801.0766347016	10.4630713954154	-0.290277160238151	-0.34263619315403	-0.267312420927521
5247.80442295721	1259.47630564885	3.83852207211718	95143.5760216234	46086.3544443079	10.750896311734	-0.238530264162424	-0.278869317283569	-0.227917926613953
3755.89143446505	1233.67804120719	2.19613968395449	105296.434419449	51571.8625189465	11.7435660547865	-0.242147959188453	-0.156694126685884	-0.203816892970527
3974.39235715395	1201.35384489858	1.96529930519881	83139.0372109129	42524.6745297723	9.33639149367125	-0.268016361058659	-0.282145778023426	-0.242306503768307
3479.10869655967	1259.29990521688	2.01694919380913	90982.5791546396	56005.7126282578	11.3446014916024	-0.216839138412292	-0.296632731269643	-0.227517942343792
5145.29811332029	1197.57810061735	3.8381248669187	96579.3022941091	46876.7768289064	12.1598155998272	-0.216858302554154	-0.233913649070466	-0.198917078776253
3453.75561428594	1153.94859516937	2.31175804532588	80195.5950210863	45470.080772012	11.8165596833833	-0.2001059309677	-0.254140835577432	-0.20924346887923
4688.78857825437	1123.70703557217	2.60083839565218	78084.6124142817	42223.7035946013	9.87136073788802	-0.221419801381259	-0.179937385651912	-0.19429817800083
9555.09739265268	1124.80532956685	5.89075631408142	116794.378296571	44423.7640878205	10.4876470276933	-0.295054981863827	-0.324133796202733	-0.284851205831812
3643.81196031273	1055.79821472559	2.411414127683	89048.2362635641	43211.6913679452	12.9151642213244	-0.322115672300148	-0.329238837323885	-0.292334008362627
2805.33970328114	1172.07869507954	1.61346236756567	64056.4276306789	43894.9470067434	10.2838328067575	-0.284902115470675	-0.315431022451913	-0.261298003116875
3328.62639401623	1025.40527640898	2.22954638314556	24769.8658647728	15834.6440159473	2.51169288470918	-0.253175206039562	-0.328719900851145	-0.258502851195331
3643.69648099141	1213.27055135977	2.16055868861136	78030.1284865654	58019.528065846	11.0428280615001	-0.240349935234844	-0.287255597463914	-0.217297715517946
4654.27975020065	1189.71626897599	2.36012505797269	73797.5345754118	42382.4999708062	10.0671887716558	-0.254749506316795	-0.359563785449682	-0.26655140964785
2797.79256654427	1081.29191531848	1.95793129401218	44127.8121870027	43822.0346836774	9.86693363438508	-0.172950893813051	-0.283854046757482	-0.195235783563736
3958.35376592735	1241.75933196001	3.32995994003165	81272.1131877152	54275.1346104414	10.5742132190721	-0.257600075009846	-0.291807382941358	-0.255802864230819
4083.61041791016	1161.17080229909	2.52898992596937	92050.2830590195	56362.9168679887	11.2148766778362	-0.167941066974721	-0.199450841375711	-0.159994164038844
5363.19455908587	1120.26017496029	7.15883246132721	84714.8303285043	49507.252601258	11.9205192193063	-0.3063136468968	-0.277340667989066	-0.258506753700654
12779.5715471387	1121.68652939229	6.98187267257455	82143.0630715804	46465.6919228058	8.63472780393763	-0.310459607451842	-0.291083196546722	-0.271218908084998
4011.50380894292	1292.72177015703	1.95709184894457	76587.4325022574	54678.0114456829	8.86948878715346	-0.239507552336425	-0.302786544542325	-0.230117786886873
7093.14710182183	942.659914346936	6.58260880310237	51635.836849464	29577.7849754485	8.04776022229674	-0.243635627681031	-0.228453695729843	-0.219064789073387
4476.2424226961	1190.74445334831	3.0151525015406	58135.5317671367	54100.3996278228	8.71283640278088	-0.195059981620492	-0.282746948584163	-0.207128990798525
3674.40462452435	1184.52573753627	3.23070826080238	68624.8666261237	45557.2014090576	12.0812161737107	-0.212785275034594	-0.278060946893634	-0.210132362326477
3271.09318674265	1277.17556865158	1.95993806484939	64056.5277489133	58033.8238520735	10.133458920368	-0.271896211159102	-0.273124464217908	-0.237510446868345
6555.67316397872	1329.44148500201	5.64504097717659	74800.3181956789	47164.8572284663	8.7610227824932	-0.146444157476651	-0.243764050041568	-0.166646850771874
3697.80131552939	969.960926253633	3.10032118388566	55174.447057559	33781.7736006996	11.01664773746	-0.200487811156305	-0.253053944112154	-0.207987010558966
4460.8099541173	1269.45327124237	2.36096672671182	80092.514015549	46986.690300022	10.1269945165882	-0.276893927563317	-0.293580298940487	-0.253630265367408
3816.24884257323	1088.96637601992	2.47707382236485	50344.7630738561	39538.0675752687	9.74987801179366	-0.241470373832975	-0.249194909269267	-0.222130468704458
4637.55490647727	1173.09248449648	3.27868351481548	63252.124073322	50394.8097865442	8.25069121537418	-0.249222219592172	-0.333457734325966	-0.257524842486608
32390.7407934345	1162.78013143438	14.6209897878213	296932.960825293	44186.6730065333	12.5239561201579	-0.188041027733168	-0.238416257179208	-0.197868687429437
21848.0961762769	1022.2194634991	14.2028335281693	111141.931793622	41469.1512849608	10.8514644073344	-0.21238830217961	-0.2559468016871	-0.197544090127853
4281.37413825489	1423.27023717662	2.12352890267055	114134.185027405	59572.2346034036	10.2634465757423	-0.263591232355224	-0.33786916442923	-0.244779387770625
4035.00177765365	1144.57621979931	3.2531480044281	89369.3147703502	52734.5649295	12.0998008966636	-0.234467843552009	-0.286352041506942	-0.218642135697675
10291.9828087003	1092.46240292203	10.9856549817408	93293.1094586261	41254.1456373099	9.13256065250845	-0.183958197163486	-0.212941518362318	-0.173673420050906
4174.22336121297	1170.01032796753	4.03176559263482	58618.798902864	44929.3003528586	7.80721326289105	-0.300340312277906	-0.3004302464506	-0.265104390858346
3716.72934922948	1125.36548666465	2.251782539275	100238.997013321	46762.0559992046	12.3788736941452	-0.268560346530176	-0.310089791753273	-0.253162040323185
4383.33107709142	1266.8990424796	2.32748368361759	83948.0427601618	53499.1314744198	10.7651564437201	-0.174331133740316	-0.194559218872599	-0.170034580408317
3209.77660980886	1228.89890250337	1.9811113752328	81049.2157238227	54290.5826451783	10.9636662413444	-0.276070615378587	-0.289365017864909	-0.259909678597037
5773.1910357221	1305.36003311533	3.19961661786655	92111.7812920753	47199.35890022	10.1194553925204	-0.217016130690735	-0.311930040890264	-0.211338328143515
3269.30641609205	850.656662489102	2.45032584099095	53763.218833338	29406.599928479	11.1638352952546	-0.300723064541161	-0.278232131008606	-0.261645098154262
2774.15656504443	958.435494921166	1.79801297962512	36383.09003601	29497.3507831339	8.60135489793799	-0.254584265118769	-0.267763596120993	-0.237708637311824
4823.86949804676	1209.77038543409	3.49073991409	71276.1298493956	47539.1258608943	8.9190719861083	-0.275148711102558	-0.331238840937402	-0.253460368732746
4287.46205836044	1027.08561216812	2.85384605767616	78614.4009144835	40818.7249329726	10.3728690967525	-0.287215345143028	-0.315677757030444	-0.270621201153064
2705.24177903991	974.374949919958	2.32873752136043	76404.0243645894	40448.5138858035	13.6611985237466	-0.252176623802525	-0.273179096909147	-0.235720871640018
4377.64025483083	1297.91177297627	2.15204735956824	71180.4630817293	50428.7236425515	9.29073869695471	-0.201304866482557	-0.171796212115544	-0.165715536564212
3977.95989091103	1296.3190460554	2.08805510859099	75973.8233658368	49372.5599045233	9.94558592565122	-0.184468653546378	-0.270501484306384	-0.199840788139978
5384.69352012914	1157.32942921487	4.51323808156031	89068.9962636138	44625.5204380873	11.2439706728418	-0.263777111560354	-0.249947346304017	-0.235923444784919
5900.99930754122	1291.30630408608	3.65765555992044	67211.7668432376	67983.494553269	7.68453401349452	-0.220418916577863	-0.312799483885204	-0.217888976638233
4443.97500670038	1183.93653065225	2.88266059817963	71705.8961538694	43749.5700244989	9.70734949357835	-0.312047671433639	-0.287149798910624	-0.289122681013624
4229.08072915451	1109.27507744309	4.33740183323032	96043.7228347852	51806.8597052509	12.5267765021937	-0.298775984865993	-0.344881910077999	-0.285871295578718
3545.02865327238	1233.50971304436	1.70697285787124	57598.0023121152	48531.66115231	9.43426833462753	-0.250277740582654	-0.290374649056746	-0.242060489352058
3456.78012901981	1245.92909838748	1.68260831757875	53773.9760395239	31307.7002637782	6.64790585360855	-0.18257483250704	-0.255835222975444	-0.194458956373191
