time	tree_1	tree_2	tree_3	tree_4	tree_5	tree_6	tree_7	tree_8	tree_9	tree_10	tree_11	tree_12	tree_13	tree_14	tree_15	tree_16	tree_17	tree_18	tree_19	tree_20	tree_21	tree_22	tree_23	tree_24	tree_25	tree_26	tree_27	tree_28	tree_29	tree_30	tree_31	tree_32	tree_33	tree_34	tree_35	tree_36	tree_37	tree_38	tree_39	tree_40	tree_41	tree_42	tree_43	tree_44	tree_45	tree_46	tree_47	tree_48	tree_49	tree_50	tree_51	tree_52	tree_53	tree_54	tree_55	tree_56	tree_57	tree_58	tree_59	tree_60	tree_61	tree_62	tree_63	tree_64	tree_65	tree_66	tree_67	tree_68	tree_69	tree_70	tree_71	tree_72	tree_73	tree_74	tree_75	tree_76	tree_77	tree_78	tree_79	tree_80	tree_81	tree_82	tree_83	tree_84	tree_85	tree_86	tree_87	tree_88	tree_89	tree_90	tree_91	tree_92	tree_93	tree_94	tree_95	tree_96	tree_97	tree_98	tree_99	tree_100	tree_101	tree_102	tree_103	tree_104	tree_105	tree_106	tree_107	tree_108	tree_109	tree_110	tree_111	tree_112	tree_113	tree_114	tree_115	tree_116	tree_117	tree_118	tree_119	tree_120	tree_121	tree_122	tree_123	tree_124	tree_125	tree_126	tree_127	tree_128	tree_129	tree_130	tree_131	tree_132	tree_133	tree_134	tree_135	tree_136	tree_137	tree_138	tree_139	tree_140	tree_141	tree_142	tree_143	tree_144	tree_145	tree_146	tree_147	tree_148	tree_149	tree_150	tree_151	tree_152	tree_153	tree_154	tree_155	tree_156	tree_157	tree_158	tree_159	tree_160	tree_161	tree_162	tree_163	tree_164	tree_165	tree_166	tree_167	tree_168	tree_169	tree_170	tree_171	tree_172	tree_173	tree_174	tree_175	tree_176	tree_177	tree_178	tree_179	tree_180	tree_181	tree_182	tree_183	tree_184	tree_185	tree_186	tree_187	tree_188	tree_189	tree_190	tree_191	tree_192	tree_193	tree_194	tree_195	tree_196	tree_197	tree_198	tree_199	tree_200	tree_201	tree_202	tree_203	tree_204	tree_205	tree_206	tree_207	tree_208	tree_209	tree_210	tree_211	tree_212	tree_213	tree_214	tree_215	tree_216	tree_217	tree_218	tree_219	tree_220	tree_221	tree_222	tree_223	tree_224	tree_225	tree_226	tree_227	tree_228	tree_229	tree_230	tree_231	tree_232	tree_233	tree_234	tree_235	tree_236	tree_237	tree_238	tree_239	tree_240	tree_241	tree_242	tree_243	tree_244	tree_245	tree_246	tree_247	tree_248	tree_249	tree_250	tree_251	tree_252	tree_253	tree_254	tree_255	tree_256	tree_257	tree_258	tree_259	tree_260	tree_261	tree_262	tree_263	tree_264	tree_265	tree_266	tree_267	tree_268	tree_269	tree_270	tree_271	tree_272	tree_273	tree_274	tree_275	tree_276	tree_277	tree_278	tree_279	tree_280	tree_281	tree_282	tree_283	tree_284	tree_285	tree_286	tree_287	tree_288	tree_289	tree_290	tree_291	tree_292	tree_293	tree_294	tree_295	tree_296	tree_297	tree_298	tree_299	tree_300	tree_301	tree_302	tree_303	tree_304	tree_305	tree_306	tree_307	tree_308	tree_309	tree_310	tree_311	tree_312	tree_313	tree_314	tree_315	tree_316	tree_317	tree_318	tree_319	tree_320	tree_321	tree_322	tree_323	tree_324	tree_325	tree_326	tree_327	tree_328	tree_329	tree_330	tree_331	tree_332	tree_333	tree_334	tree_335	tree_336	tree_337	tree_338	tree_339	tree_340	tree_341	tree_342	tree_343	tree_344	tree_345	tree_346	tree_347	tree_348	tree_349	tree_350	tree_351	tree_352	tree_353	tree_354	tree_355	tree_356	tree_357	tree_358	tree_359	tree_360	tree_361	tree_362	tree_363	tree_364	tree_365	tree_366	tree_367	tree_368	tree_369	tree_370	tree_371	tree_372	tree_373	tree_374	tree_375	tree_376	tree_377	tree_378	tree_379	tree_380	tree_381	tree_382	tree_383	tree_384	tree_385	tree_386	tree_387	tree_388	tree_389	tree_390	tree_391	tree_392	tree_393	tree_394	tree_395	tree_396	tree_397	tree_398	tree_399	tree_400	tree_401	tree_402	tree_403	tree_404	tree_405	tree_406	tree_407	tree_408	tree_409	tree_410	tree_411	tree_412	tree_413	tree_414	tree_415	tree_416	tree_417	tree_418	tree_419	tree_420	tree_421	tree_422	tree_423	tree_424	tree_425	tree_426	tree_427	tree_428	tree_429	tree_430	tree_431	tree_432	tree_433	tree_434	tree_435	tree_436	tree_437	tree_438	tree_439	tree_440	tree_441	tree_442	tree_443	tree_444	tree_445	tree_446	tree_447	tree_448	tree_449	tree_450	tree_451	tree_452	tree_453	tree_454	tree_455	tree_456	tree_457	tree_458	tree_459	tree_460	tree_461	tree_462	tree_463	tree_464	tree_465	tree_466	tree_467	tree_468	tree_469	tree_470	tree_471	tree_472	tree_473	tree_474	tree_475	tree_476	tree_477	tree_478	tree_479	tree_480	tree_481	tree_482	tree_483	tree_484	tree_485	tree_486	tree_487	tree_488	tree_489	tree_490	tree_491	tree_492	tree_493	tree_494	tree_495	tree_496	tree_497	tree_498	tree_499	tree_500	tree_501	tree_502	tree_503	tree_504	tree_505	tree_506	tree_507	tree_508	tree_509	tree_510	tree_511	tree_512	tree_513	tree_514	tree_515	tree_516	tree_517	tree_518	tree_519	tree_520	tree_521	tree_522	tree_523	tree_524	tree_525	tree_526	tree_527	tree_528	tree_529	tree_530	tree_531	tree_532	tree_533	tree_534	tree_535	tree_536	tree_537	tree_538	tree_539	tree_540	tree_541	tree_542	tree_543	tree_544	tree_545	tree_546	tree_547	tree_548	tree_549	tree_550	tree_551	tree_552	tree_553	tree_554	tree_555	tree_556	tree_557	tree_558	tree_559	tree_560	tree_561	tree_562	tree_563	tree_564	tree_565	tree_566	tree_567	tree_568	tree_569	tree_570	tree_571	tree_572	tree_573	tree_574	tree_575	tree_576	tree_577	tree_578	tree_579	tree_580	tree_581	tree_582	tree_583	tree_584	tree_585	tree_586	tree_587	tree_588	tree_589	tree_590	tree_591	tree_592	tree_593	tree_594	tree_595	tree_596	tree_597	tree_598	tree_599	tree_600	tree_601	tree_602	tree_603	tree_604	tree_605	tree_606	tree_607	tree_608	tree_609	tree_610	tree_611	tree_612	tree_613	tree_614	tree_615	tree_616	tree_617	tree_618	tree_619	tree_620	tree_621	tree_622	tree_623	tree_624	tree_625	tree_626	tree_627	tree_628	tree_629	tree_630	tree_631	tree_632	tree_633	tree_634	tree_635	tree_636	tree_637	tree_638	tree_639	tree_640	tree_641	tree_642	tree_643	tree_644	tree_645	tree_646	tree_647	tree_648	tree_649	tree_650	tree_651	tree_652	tree_653	tree_654	tree_655	tree_656	tree_657	tree_658	tree_659	tree_660	tree_661	tree_662	tree_663	tree_664	tree_665	tree_666	tree_667	tree_668	tree_669	tree_670	tree_671	tree_672	tree_673	tree_674	tree_675	tree_676	tree_677	tree_678	tree_679	tree_680	tree_681	tree_682	tree_683	tree_684	tree_685	tree_686	tree_687	tree_688	tree_689	tree_690	tree_691	tree_692	tree_693	tree_694	tree_695	tree_696	tree_697	tree_698	tree_699	tree_700	tree_701	tree_702	tree_703	tree_704	tree_705	tree_706	tree_707	tree_708	tree_709	tree_710	tree_711	tree_712	tree_713	tree_714	tree_715	tree_716	tree_717	tree_718	tree_719	tree_720	tree_721	tree_722	tree_723	tree_724	tree_725	tree_726	tree_727	tree_728	tree_729	tree_730	tree_731	tree_732	tree_733	tree_734	tree_735	tree_736	tree_737	tree_738	tree_739	tree_740	tree_741	tree_742	tree_743	tree_744	tree_745	tree_746	tree_747	tree_748	tree_749	tree_750	tree_751	tree_752	tree_753	tree_754	tree_755	tree_756	tree_757	tree_758	tree_759	tree_760	tree_761	tree_762	tree_763	tree_764	tree_765	tree_766	tree_767	tree_768	tree_769	tree_770	tree_771	tree_772	tree_773	tree_774	tree_775	tree_776	tree_777	tree_778	tree_779	tree_780	tree_781	tree_782	tree_783	tree_784	tree_785	tree_786	tree_787	tree_788	tree_789	tree_790	tree_791	tree_792	tree_793	tree_794	tree_795	tree_796	tree_797	tree_798	tree_799	tree_800	tree_801	tree_802	tree_803	tree_804	tree_805	tree_806	tree_807	tree_808	tree_809	tree_810	tree_811	tree_812	tree_813	tree_814	tree_815	tree_816	tree_817	tree_818	tree_819	tree_820	tree_821	tree_822	tree_823	tree_824	tree_825	tree_826	tree_827	tree_828	tree_829	tree_830	tree_831	tree_832	tree_833	tree_834	tree_835	tree_836	tree_837	tree_838	tree_839	tree_840	tree_841	tree_842	tree_843	tree_844	tree_845	tree_846	tree_847	tree_848	tree_849	tree_850	tree_851	tree_852	tree_853	tree_854	tree_855	tree_856	tree_857	tree_858	tree_859	tree_860	tree_861	tree_862	tree_863	tree_864	tree_865	tree_866	tree_867	tree_868	tree_869	tree_870	tree_871	tree_872	tree_873	tree_874	tree_875	tree_876	tree_877	tree_878	tree_879	tree_880	tree_881	tree_882	tree_883	tree_884	tree_885	tree_886	tree_887	tree_888	tree_889	tree_890	tree_891	tree_892	tree_893	tree_894	tree_895	tree_896	tree_897	tree_898	tree_899	tree_900	tree_901	tree_902	tree_903	tree_904	tree_905	tree_906	tree_907	tree_908	tree_909	tree_910	tree_911	tree_912	tree_913	tree_914	tree_915	tree_916	tree_917	tree_918	tree_919	tree_920	tree_921	tree_922	tree_923	tree_924	tree_925	tree_926	tree_927	tree_928	tree_929	tree_930	tree_931	tree_932	tree_933	tree_934	tree_935	tree_936	tree_937	tree_938	tree_939	tree_940	tree_941	tree_942	tree_943	tree_944	tree_945	tree_946	tree_947	tree_948	tree_949	tree_950	tree_951	tree_952	tree_953	tree_954	tree_955	tree_956	tree_957	tree_958	tree_959	tree_960	tree_961	tree_962	tree_963	tree_964	tree_965	tree_966	tree_967	tree_968	tree_969	tree_970	tree_971	tree_972	tree_973	tree_974	tree_975	tree_976	tree_977	tree_978	tree_979	tree_980	tree_981	tree_982	tree_983	tree_984	tree_985	tree_986	tree_987	tree_988	tree_989	tree_990	tree_991	tree_992	tree_993	tree_994	tree_995	tree_996	tree_997	tree_998	tree_999	tree_1000
2023.42374891433	0	0	0	0	0	0	0	0	0	0	0	0	0	0	0	0	0	0	0	0	0	0	0	0	0	0	0	0	0	0	0	0	0	0	0	0	0	0	0	0	0	0	0	0	0	0	0	0	0	0	0	0	0	0	0	0	0	0	0	0	0	0	0	0	0	0	0	0	0	0	0	0	0	0	0	0	0	0	0	0	0	0	0	0	0	0	0	0	0	0	0	0	0	0	0	0	0	0	0	0	0	0	0	0	0	0	0	0	0	0	0	0	0	0	0	0	0	0	0	0	0	0	0	0	0	0	0	0	0	0	0	0	0	0	0	0	0	0	0	0	0	0	0	0	0	0	0	0	0	0	0	0	0	0	0	0	0	0	0	0	0	0	0	0	0	0	0	0	0	0	0	0	0	0	0	0	0	0	0	0	0	0	0	0	0	0	0	0	0	0	0	0	0	0	0	0	0	0	0	0	0	0	0	0	0	0	0	0	0	0	0	0	0	0	0	0	0	0	0	0	0	0	0	0	0	0	0	0	0	0	0	0	0	0	0	0	0	0	0	0	0	0	0	0	0	0	0	0	0	0	0	0	0	0	0	0	0	0	0	0	0	0	0	0	0	0	0	0	0	0	0	0	0	0	0	0	0	0	0	0	0	0	0	0	0	0	0	0	0	0	0	0	0	0	0	0	0	0	0	0	0	0	0	0	0	0	0	0	0	0	0	0	0	0	0	0	0	0	0	0	0	0	0	0	0	0	0	0	0	0	0	0	0	0	0	0	0	0	0	0	0	0	0	0	0	0	0	0	0	0	0	0	0	2	0	0	0	0	0	0	0	0	0	0	0	0	0	0	0	0	0	0	0	0	0	0	0	0	0	0	0	0	0	0	0	0	0	0	0	0	0	0	0	0	0	0	0	0	0	0	0	0	0	0	0	0	0	0	0	0	0	0	0	0	0	0	0	0	0	0	0	0	0	0	0	0	0	0	0	0	0	0	0	0	0	0	0	0	0	0	0	0	0	0	0	0	0	0	0	0	0	0	0	0	0	0	0	0	0	0	0	0	0	0	0	0	0	0	0	0	0	0	0	0	0	0	0	0	0	0	0	0	0	0	0	0	0	0	0	0	0	0	0	0	0	0	0	0	0	0	0	0	0	0	0	0	0	0	0	0	0	0	0	0	0	0	0	0	0	0	0	0	0	0	0	0	0	0	0	0	0	0	0	0	0	0	0	0	0	0	0	0	0	0	0	0	0	0	0	0	0	0	0	0	0	0	0	0	0	0	0	0	0	0	0	0	0	0	0	0	0	0	0	0	0	0	0	0	0	0	0	0	0	0	0	0	0	0	0	0	0	0	0	0	0	0	0	0	0	0	0	0	0	0	0	0	0	0	0	0	0	0	0	0	0	0	0	0	0	0	0	0	0	0	0	0	0	0	0	0	0	0	0	0	0	0	0	0	0	0	0	0	0	0	0	0	0	0	0	0	0	0	0	0	0	0	0	0	0	0	0	0	0	0	0	0	0	0	0	0	0	0	0	0	0	0	0	0	0	0	0	0	0	0	0	0	0	0	0	0	0	0	0	0	0	0	0	0	0	0	0	0	0	0	0	0	0	0	0	0	0	0	0	0	0	0	0	0	0	0	0	0	0	0	0	0	0	0	0	0	0	0	0	0	0	0	0	0	0	0	0	0	0	0	0	0	0	0	0	0	0	0	0	0	0	0	0	0	0	0	0	0	0	0	0	0	0	0	0	0	0	0	0	0	0	0	0	0	0	0	0	0	0	0	0	0	0	0	0	0	0	0	0	0	0	0	0	0	0	0	0	0	0	0	0	0	0	0	0	0	0	0	0	0	0	0	0	0	0	0	0	0	0	0	0	0	0	0	0	0	0	0	0	0	0	0	0	0	0	0	0	0	0	0	0	0	0	0	0	0	0	0	0	0	0	0	0	0	0	0	0	0	0	0	0	0	0	0	0	0	0	0	0	0	0	0	0	0	0	0	0	0	0	0	0	0	0	0	0	0	0	0	0	0	0	0	0	0	0	0	0	0	0	0	0	0	0	0	0	0	0	0	0	0	0	0	0	0	0	0	0	0	0	0	0	0	0	0	0	0	0	0	0	0	0	0	0	0	0	0	0	0	0	0	0	0	0	0	0	0	0	0	0	0	0	0	0	0	0	0	0	0	0	0	0	0	0	0	0	0	0	0	0	0	0	0	0	0	0	0	0	0	0	0	0	0	0	0	0	0	0	0	0	0	0	0	0	0	0	0
2023.43346712004	0	0	0	0	0	0	0	0	0	0	0	0	0	0	0	0	0	0	0	0	0	0	0	0	0	0	0	0	0	0	0	0	0	0	0	0	0	0	0	0	0	0	0	0	0	0	0	0	0	0	0	0	0	0	0	0	0	0	0	0	0	0	0	0	0	0	0	0	0	0	0	0	0	0	0	0	0	0	0	0	0	0	0	0	0	0	0	0	0	0	0	0	0	0	0	0	0	0	0	0	0	0	0	0	0	0	0	0	0	0	0	0	0	0	0	0	0	0	0	0	0	0	0	0	0	0	0	0	0	0	0	0	0	0	0	0	0	0	0	0	0	0	0	0	0	0	0	0	0	0	0	0	0	0	0	0	0	0	0	0	0	0	0	0	0	0	0	0	0	0	0	0	0	0	0	0	0	0	0	0	0	0	0	0	0	0	0	0	0	0	0	0	0	0	0	0	0	0	0	0	0	0	0	0	0	0	0	0	0	0	0	0	0	0	0	0	0	0	0	0	0	0	0	0	0	0	0	0	0	0	0	0	0	0	0	0	0	0	0	0	0	0	0	0	0	0	0	0	0	0	0	0	0	0	0	0	0	0	0	0	0	0	0	0	0	0	0	0	0	0	0	0	0	0	0	0	0	0	0	0	0	0	0	0	0	0	0	0	0	0	0	0	0	0	0	0	0	0	0	0	0	0	0	0	0	0	0	0	0	0	0	0	0	0	0	0	0	0	0	0	0	0	0	0	0	0	0	0	0	0	0	0	0	0	0	0	0	0	0	0	0	0	0	0	0	0	0	0	0	0	0	0	0	2	0	0	0	0	0	0	0	0	0	0	0	0	0	0	0	0	0	0	0	0	0	0	0	0	0	0	0	0	0	0	0	0	0	0	0	0	0	0	0	0	0	0	0	0	0	0	0	0	0	0	0	0	0	0	0	0	0	0	0	0	0	0	0	0	0	0	0	0	0	0	0	0	0	0	0	0	0	0	0	0	0	0	0	0	0	0	0	0	0	0	0	0	0	0	0	0	0	0	0	0	0	0	0	0	0	0	0	0	0	0	0	0	0	0	0	0	0	0	0	0	0	0	0	0	0	0	0	0	0	0	0	0	0	0	0	0	0	0	0	0	0	0	0	0	0	0	0	0	0	0	0	0	0	0	0	0	0	0	0	0	0	0	0	0	0	0	0	0	0	0	0	0	0	0	0	0	0	0	0	0	0	0	0	0	0	0	0	0	0	0	0	0	0	0	0	0	0	0	0	0	0	0	0	0	0	0	0	0	0	0	0	0	0	0	0	0	0	0	0	0	0	0	0	0	0	0	0	0	0	0	0	0	0	0	0	0	0	0	0	0	0	0	0	0	0	0	0	0	0	0	0	0	0	0	0	0	0	0	0	0	0	0	0	0	0	0	0	0	0	0	0	0	0	0	0	0	0	0	0	0	0	0	0	0	0	0	0	0	0	0	0	0	0	0	0	0	0	0	0	0	0	0	0	0	0	0	0	0	0	0	0	0	0	0	0	0	0	0	0	0	0	0	0	0	0	0	0	0	0	0	0	0	0	0	0	0	0	0	0	0	0	0	0	0	0	0	0	0	0	0	0	0	0	0	0	0	0	0	0	0	0	0	0	0	0	0	0	0	0	0	0	0	0	0	0	0	0	0	0	0	0	0	0	0	0	0	0	0	0	0	0	0	0	0	0	0	0	0	0	0	0	0	0	0	0	0	0	0	0	0	0	0	0	0	0	0	0	0	0	0	0	0	0	0	0	0	0	0	0	0	0	0	0	0	0	0	0	0	0	0	0	0	0	0	0	0	0	0	0	0	0	0	0	0	0	0	0	0	0	0	0	0	0	0	0	0	0	0	0	0	0	0	0	0	0	0	0	0	0	0	0	0	0	0	0	0	0	0	0	0	0	0	0	0	0	0	0	0	0	0	0	0	0	0	0	0	0	0	0	0	0	0	0	0	0	0	0	0	0	0	0	0	0	0	0	0	0	0	0	0	0	0	0	0	0	0	0	0	0	0	0	0	0	0	0	0	0	0	0	0	0	0	0	0	0	0	0	0	0	0	0	0	0	0	0	0	0	0	0	0	0	0	0	0	0	0	0	0	0	0	0	0	0	0	0	0	0	0	0	0	0	0	0	0	0	0	0	0	0	0	0	0	0	0	0	0	0	0	0	0	0	0	0	0	0	0	0	0	0	0	0	0	0	0	0	0	0	0	0	0	0	0	0	0	0	0	0	0	0	0	0	0	0	0	0	0
2023.44318532575	0	0	0	0	0	0	0	0	0	0	0	0	0	0	0	0	0	0	0	0	0	0	0	0	0	0	0	0	0	0	0	0	0	0	0	0	0	0	0	0	0	0	0	0	0	0	0	0	0	0	0	0	0	0	0	0	0	0	0	0	0	0	0	0	0	0	0	0	0	0	0	0	0	0	0	0	0	0	0	0	0	0	0	0	0	0	0	0	0	0	0	0	0	0	0	0	0	0	0	0	0	0	0	0	0	0	0	0	0	0	0	0	0	0	0	0	0	0	0	0	0	0	0	0	0	0	0	0	0	0	0	0	0	0	0	0	0	0	0	0	0	0	0	0	0	0	0	0	0	0	0	0	0	0	0	0	0	0	0	0	0	0	0	0	0	0	0	0	0	0	0	0	0	0	0	0	0	0	0	0	0	0	0	0	0	0	0	0	0	0	0	0	0	0	0	0	0	0	0	0	0	0	0	0	0	0	0	0	0	0	0	0	0	0	0	0	0	0	0	0	0	0	0	0	0	0	0	0	0	0	0	0	0	0	0	0	0	0	0	0	0	0	0	0	0	0	0	0	0	0	0	0	0	0	0	0	0	0	0	0	0	0	0	0	0	0	0	0	0	0	0	0	0	0	0	0	0	0	0	0	0	0	0	0	0	0	0	0	0	0	0	0	0	0	0	0	0	0	0	0	0	0	0	0	0	0	0	0	0	0	0	0	0	0	0	0	0	0	0	0	0	0	0	0	0	0	0	0	0	0	0	0	0	0	0	0	0	0	0	0	0	0	0	0	0	0	0	0	0	0	0	0	0	0	0	0	0	0	0	0	0	0	0	0	0	0	0	0	0	0	0	0	0	0	0	0	0	0	0	0	0	0	0	0	0	0	0	0	0	0	0	0	0	0	0	0	0	0	0	0	0	0	0	0	0	0	0	0	0	0	0	0	0	0	0	0	0	0	0	0	0	0	0	0	0	0	0	0	0	0	0	0	0	0	0	0	0	0	0	0	0	0	0	0	0	0	0	0	0	0	0	0	0	0	0	0	0	0	0	0	0	0	0	0	0	0	0	0	0	0	0	0	0	0	0	0	0	0	0	0	0	0	0	0	0	0	0	0	0	0	0	0	0	0	0	0	0	0	0	0	0	0	0	0	0	0	0	0	0	0	0	0	0	0	0	0	0	0	0	0	0	0	0	0	0	0	0	0	0	0	0	0	0	0	0	0	0	0	0	0	0	0	0	0	0	0	0	0	0	0	0	0	0	0	0	0	0	0	0	0	0	0	0	0	0	0	0	0	0	0	0	0	0	0	0	0	0	0	0	0	0	0	0	0	0	0	0	0	0	0	0	0	0	0	0	0	0	0	0	0	0	0	0	0	0	0	0	0	0	0	0	0	0	0	0	0	0	0	0	0	0	0	0	0	0	0	0	0	0	0	0	0	0	0	0	0	0	0	0	0	0	0	0	0	0	0	0	0	0	0	0	0	0	0	0	0	0	0	0	0	0	0	0	0	0	0	0	0	0	0	0	0	0	0	0	0	0	0	0	0	0	0	0	0	0	0	0	0	0	0	0	0	0	0	0	0	0	0	0	0	0	0	0	0	0	0	0	0	0	0	0	0	0	0	0	0	0	0	0	0	0	0	0	0	0	0	0	0	0	0	0	0	0	0	0	0	0	0	0	0	0	0	0	0	0	0	0	0	0	0	0	0	0	0	0	0	0	0	0	0	0	0	0	0	0	0	0	0	0	0	0	0	0	0	0	0	0	0	0	0	0	0	0	0	0	0	0	0	0	0	0	0	0	0	0	0	0	0	0	0	0	0	0	0	0	0	0	0	0	0	0	0	0	0	0	0	0	0	0	0	0	0	0	0	0	0	0	0	0	0	0	0	0	0	0	0	0	0	0	0	0	0	0	0	0	0	0	0	0	0	0	0	0	0	0	0	0	0	0	0	0	0	0	0	0	0	0	0	0	0	0	0	0	0	0	0	0	0	0	0	0	0	0	0	0	0	0	0	0	0	0	0	0	0	0	0	0	0	0	0	0	0	0	0	0	0	0	0	0	0	0	0	0	0	0	0	0	0	0	0	0	0	0	0	0	0	0	0	0	0	0	0	0	0	0	0	0	0	0	0	0	0	0	0	0	0	0	0	0	0	0	0	0	0	0	0	0	0	0	0	0	0	0	0	0	0	0	0	0	0	0	0	0	0	0	0	0	0	0	0	0	0	0	0	0	0	0	0	0	0	0	0	0	0	0	0	0	0	0	0
2023.45290353146	0	0	0	0	0	0	0	0	0	0	0	0	0	0	0	0	0	0	0	0	0	0	0	0	0	0	0	0	0	0	0	0	0	0	0	0	0	0	0	0	0	0	0	0	0	0	0	0	0	0	0	0	0	0	0	0	0	0	0	0	0	0	0	0	0	0	0	0	0	0	0	0	0	0	0	0	0	0	0	0	0	0	0	0	0	0	0	0	0	0	0	0	0	0	0	0	0	0	0	0	0	0	0	0	0	0	0	0	0	0	0	0	0	0	0	0	0	0	0	0	0	0	0	0	0	0	0	0	0	0	0	0	0	0	0	0	0	0	0	0	0	0	0	0	0	0	0	0	0	0	0	0	0	0	0	0	0	0	0	0	0	0	0	0	0	0	0	0	0	0	0	0	0	0	0	0	0	0	0	0	0	0	0	0	0	0	0	0	0	0	0	0	0	0	0	0	0	0	0	0	0	0	0	0	0	0	0	0	0	0	0	0	0	0	0	0	0	0	0	0	0	0	0	0	0	0	0	0	0	0	0	0	0	0	0	0	0	0	0	0	0	0	0	0	0	0	0	0	0	0	0	0	0	0	0	0	0	0	0	0	0	0	0	0	0	0	0	0	0	0	0	0	0	0	0	0	0	0	0	0	0	0	0	0	0	0	0	0	0	0	0	0	0	0	0	0	0	0	0	0	0	0	0	0	0	0	0	0	0	0	0	0	0	0	0	0	0	0	0	0	0	0	0	0	0	0	0	0	0	0	0	0	0	0	0	0	0	0	0	0	0	0	0	0	0	0	0	0	0	0	0	0	0	0	0	0	0	0	0	0	0	0	0	0	0	0	0	0	0	0	0	0	0	0	0	0	0	0	0	0	0	0	0	0	0	0	0	0	0	0	0	0	0	0	0	0	0	0	0	0	0	0	0	0	0	0	0	0	0	0	0	0	0	0	0	0	0	0	0	0	0	0	0	0	0	0	0	0	0	0	0	0	0	0	0	0	0	0	0	0	0	0	0	0	0	0	0	0	0	0	0	0	0	0	0	0	0	0	0	0	0	0	0	0	0	0	0	0	0	0	0	0	0	0	0	0	0	0	0	0	0	0	0	0	0	0	0	0	0	0	0	0	0	0	0	0	0	0	0	0	0	0	0	0	0	0	0	0	0	0	0	0	0	0	0	0	0	0	0	0	0	0	0	0	0	0	0	0	0	0	0	0	0	0	0	0	0	0	0	0	0	0	0	0	0	0	0	0	0	0	0	0	0	0	0	0	0	0	0	0	0	0	0	0	0	0	0	0	0	0	0	0	0	0	0	0	0	0	0	0	0	0	0	0	0	0	0	0	0	0	0	0	0	0	0	0	0	0	0	0	0	0	0	0	0	0	0	0	0	0	0	0	0	0	0	0	0	0	0	0	0	0	0	0	0	0	0	0	0	0	0	0	0	0	0	0	0	0	0	0	0	0	0	0	0	0	0	0	0	0	0	0	0	0	0	0	0	0	0	0	0	0	0	0	0	0	0	0	0	0	0	0	0	0	0	0	0	0	0	0	0	0	0	0	0	0	0	0	0	0	0	0	0	0	0	0	0	0	0	0	0	0	0	0	0	0	0	0	0	0	0	0	0	0	0	0	0	0	0	0	0	0	0	0	0	0	0	0	0	0	0	0	0	0	0	0	0	0	0	0	0	0	0	0	0	0	0	0	0	0	0	0	0	0	0	0	0	0	0	0	0	0	0	0	0	0	0	0	0	0	0	0	0	0	0	0	0	0	0	0	0	0	0	0	0	0	0	0	0	0	0	0	0	0	0	0	0	0	0	0	0	0	0	0	0	0	0	0	0	0	0	0	0	0	0	0	0	0	0	0	0	0	0	0	0	0	0	0	0	0	0	0	0	0	0	0	0	0	0	0	0	0	0	0	0	0	0	0	0	0	0	0	0	0	0	0	0	0	0	0	0	0	0	0	0	0	0	0	0	0	0	0	0	0	0	0	0	0	0	0	0	0	0	0	0	0	0	0	0	0	0	0	0	0	0	0	0	0	0	0	0	0	0	0	0	0	0	0	0	0	0	0	0	0	0	0	0	0	0	0	0	0	0	0	0	0	0	0	0	0	0	0	0	0	0	0	0	0	0	0	0	0	0	0	0	0	0	0	0	0	0	0	0	0	0	0	0	0	0	0	0	0	0	0	0	0	0	0	0	0	0	0	0	0	0	0	0	0	0	0	0	0	0	0	0	0	0	0	0	0	0	0	0	0	0	0	0	0	0	0
2023.46262173717	0	0	0	0	0	0	0	0	0	0	0	0	0	0	0	0	0	0	0	0	0	0	0	0	0	0	0	0	0	0	0	0	0	0	0	0	0	0	0	0	0	0	0	0	0	0	0	0	0	0	0	0	0	0	0	0	0	0	0	0	0	0	0	0	0	0	0	0	0	0	0	0	0	0	0	0	0	0	0	0	0	0	0	0	0	0	0	0	0	0	0	0	0	0	0	0	0	0	0	0	0	0	0	0	0	0	0	0	0	0	0	0	0	0	0	0	0	0	0	0	0	0	0	0	0	0	0	0	0	0	0	0	0	0	0	0	0	0	0	0	0	0	0	0	0	0	0	0	0	0	0	0	0	0	0	0	0	0	0	0	0	0	0	0	0	0	0	0	0	0	0	0	0	0	0	0	0	0	0	0	0	0	0	0	0	0	0	0	0	0	0	0	0	0	0	0	0	0	0	0	0	0	0	0	0	0	0	0	0	0	0	0	0	0	0	0	0	0	0	0	0	0	0	0	0	0	0	0	0	0	0	0	0	0	0	0	0	2	0	0	0	0	0	0	0	0	0	0	0	0	0	0	0	0	0	0	0	0	0	0	0	0	0	0	0	0	0	0	0	0	0	0	0	0	0	0	0	0	0	0	0	0	0	0	0	0	0	2	0	0	0	0	0	0	0	0	0	0	0	0	0	0	0	0	0	0	0	0	0	0	0	0	0	0	0	0	0	0	0	0	0	0	0	0	0	0	0	0	0	0	0	0	0	0	0	0	0	0	0	0	0	0	0	0	0	0	0	0	0	0	0	0	0	0	0	0	0	0	0	0	0	0	0	0	0	0	0	0	0	0	0	0	0	0	0	0	0	0	0	0	0	0	0	0	0	0	0	0	0	0	0	0	0	0	0	0	0	0	0	0	0	0	0	0	0	0	0	0	0	0	0	0	0	0	0	0	0	0	0	0	0	0	0	0	0	0	0	0	0	0	0	0	0	0	0	0	0	0	0	0	0	0	0	0	0	0	0	0	0	0	0	0	0	0	0	0	0	0	0	0	0	0	0	0	0	0	0	0	0	0	0	0	0	0	0	0	0	0	0	0	0	0	0	0	0	0	0	0	0	0	0	0	0	0	0	0	0	0	0	0	0	0	0	0	0	0	0	0	0	0	0	0	0	0	0	0	0	0	0	0	0	0	0	0	0	0	0	0	0	0	0	0	0	0	0	0	0	0	0	0	0	0	0	0	0	0	0	0	0	0	0	0	0	0	0	0	0	0	0	0	0	0	0	0	0	0	0	0	0	0	0	0	0	0	0	0	0	0	0	0	0	0	0	0	0	0	0	0	0	0	0	0	0	0	0	0	0	0	0	0	0	0	0	0	0	0	0	0	0	0	0	0	0	0	0	0	0	0	0	0	0	0	0	0	0	0	0	0	0	0	0	0	0	0	0	0	0	0	0	0	0	0	0	0	0	0	0	0	0	0	0	0	0	0	0	0	0	0	0	0	0	0	0	0	0	0	0	0	0	0	0	0	0	0	0	0	0	0	0	0	0	0	0	0	0	0	0	0	0	0	0	0	0	0	0	0	0	0	0	0	0	0	0	0	0	0	0	0	0	0	0	0	0	0	0	0	0	0	0	0	0	0	0	0	0	0	0	0	0	0	0	0	0	0	0	0	0	0	0	0	0	0	0	0	0	0	0	0	0	0	0	0	0	0	0	0	0	0	0	0	0	0	0	0	0	0	0	0	0	0	0	0	0	0	0	0	0	0	0	0	0	0	0	0	0	0	0	0	0	0	0	0	0	0	0	0	0	0	0	0	0	0	0	0	0	0	0	0	0	0	0	0	0	0	0	0	0	0	0	0	0	0	0	0	0	0	0	0	0	0	0	0	0	0	0	0	0	0	0	0	0	0	0	0	0	0	0	0	0	0	0	0	0	0	0	0	0	0	0	0	0	0	0	0	0	0	0	0	0	0	0	0	0	0	0	0	0	0	0	0	0	0	0	0	0	0	0	0	0	0	0	0	0	0	0	0	0	0	0	0	0	0	0	0	0	0	0	0	0	0	0	0	0	0	0	0	0	0	0	0	0	0	0	0	0	0	0	0	0	0	0	0	0	0	0	0	0	0	0	0	0	0	0	0	0	0	0	0	0	0	0	0	0	0	0	0	0	0	0	0	0	0	0	0	0	0	0	0	0	0	0	0	0	0	0	0	0	0	0	0	0	0	0	0	0	0	0	0	0	0	0	0	0	0	0	0	0	0	0	0
2023.47233994288	0	0	0	0	0	0	0	0	0	0	0	0	0	0	0	0	0	0	0	0	0	0	0	0	0	0	0	0	0	0	0	0	0	0	0	0	0	0	0	0	0	0	0	0	0	0	0	0	0	0	0	0	0	0	0	0	0	0	0	0	0	0	0	0	0	0	0	0	0	0	0	0	0	0	0	0	0	0	0	0	0	0	0	0	0	0	0	0	0	0	0	0	0	0	0	0	0	0	0	0	0	0	0	0	0	0	0	0	0	0	0	0	0	0	0	0	0	0	0	0	0	0	0	0	0	0	0	0	0	0	0	0	0	0	0	0	0	0	0	0	0	0	0	0	0	0	0	0	0	0	0	0	0	0	0	0	0	0	0	0	0	0	0	0	0	0	0	0	0	0	0	0	0	0	0	0	0	0	0	0	0	0	0	0	0	0	0	0	0	0	0	0	0	0	0	0	0	0	0	0	0	0	0	0	0	0	0	0	0	0	0	0	0	0	0	0	0	0	0	0	0	0	0	0	0	0	0	0	0	0	0	0	0	0	0	0	0	2	0	0	0	0	0	0	0	0	0	0	0	0	0	0	0	0	0	0	0	0	0	0	0	0	0	0	0	0	0	0	0	0	0	0	0	0	0	0	0	0	0	0	0	0	0	0	0	0	0	2	0	0	0	0	0	0	0	0	0	0	0	0	0	0	0	0	0	0	0	0	0	0	0	0	0	0	0	0	0	0	0	0	0	0	0	0	0	0	0	0	0	0	0	0	0	0	0	0	0	0	0	0	0	0	0	0	0	0	0	0	0	0	0	0	0	0	0	0	0	0	0	0	0	0	0	0	0	0	0	0	0	0	0	0	0	0	0	0	0	0	0	0	0	0	0	0	0	0	0	0	0	0	0	0	0	0	0	0	0	0	0	0	0	0	0	0	0	0	0	0	0	0	0	0	0	0	0	0	0	0	0	0	0	0	0	0	0	0	0	0	0	0	0	0	0	0	0	0	0	0	0	0	0	0	0	0	0	0	0	0	0	0	0	0	0	0	0	0	0	0	0	0	0	0	0	0	0	0	0	0	0	0	0	0	0	0	0	0	0	0	0	0	0	0	0	0	0	0	0	0	0	0	0	0	0	0	0	0	0	0	0	0	0	0	0	0	0	0	0	0	0	0	0	0	0	0	0	0	0	0	0	0	0	0	0	0	0	0	0	0	0	0	0	0	0	0	0	0	0	0	0	0	0	0	0	0	0	0	0	0	0	0	0	0	0	0	0	0	0	0	0	0	0	0	0	0	0	0	0	0	0	0	0	0	0	0	0	0	0	0	0	0	0	0	0	0	0	0	0	0	0	0	0	0	0	0	0	0	0	0	0	0	0	0	0	0	0	0	0	0	0	0	0	0	0	0	0	0	0	0	0	0	0	0	0	0	0	0	0	0	0	0	0	0	0	0	0	0	0	0	0	0	0	0	0	0	0	0	0	0	0	0	0	0	0	0	0	0	0	0	0	0	0	0	0	0	0	0	0	0	0	0	0	0	0	0	0	0	0	0	0	0	0	0	0	0	0	0	0	0	0	0	0	0	0	0	0	0	0	0	0	0	0	0	0	0	0	0	0	0	0	0	0	0	0	0	0	0	0	0	0	0	0	0	0	0	0	0	0	0	0	0	0	0	0	0	0	0	0	0	0	0	0	0	0	0	0	0	0	0	0	0	0	0	0	0	0	0	0	0	0	0	0	0	0	0	0	0	0	0	0	0	0	0	0	0	0	0	0	0	0	0	0	0	0	0	0	0	0	0	0	0	0	0	0	0	0	0	0	0	0	0	0	0	0	0	0	0	0	0	0	0	0	0	0	0	0	0	0	0	0	0	0	0	0	0	0	0	0	0	0	0	0	0	0	0	0	0	0	0	0	0	0	0	0	0	0	0	0	0	0	0	0	0	0	0	0	0	0	0	0	0	0	0	0	0	0	0	0	0	0	0	0	0	0	0	0	0	0	0	0	0	0	0	0	0	0	0	0	0	0	0	0	0	0	0	0	0	0	0	0	0	0	0	0	0	0	0	0	0	0	0	0	0	0	0	0	0	0	0	0	0	0	0	0	0	0	0	0	0	0	0	0	0	0	0	0	0	0	0	0	0	0	0	0	0	0	0	0	0	0	0	0	0	0	0	0	0	0	0	0	0	0	0	0	0	0	0	0	0	0	0	0	0	0	0	0	0	0	0	0	0	0	0	0	0	0	0	0	0	0	0	0	0	0	0	0	0	0	0	0	0
2023.48205814859	0	0	0	0	0	0	0	0	0	0	0	0	0	0	0	0	0	0	0	0	0	0	0	0	0	0	0	0	0	0	0	0	0	0	0	0	0	0	0	0	0	0	0	0	0	0	0	0	0	0	0	0	0	0	0	0	0	0	0	0	0	0	0	0	0	0	0	0	0	0	0	0	0	0	0	0	0	0	0	0	0	0	0	0	0	0	0	0	0	0	0	0	0	0	0	0	0	0	0	0	0	0	0	0	0	0	0	0	0	0	0	0	0	0	0	0	0	0	0	0	0	0	0	0	0	0	0	0	0	0	0	0	0	0	0	0	0	0	0	0	0	0	0	0	0	0	0	0	0	0	0	0	0	0	0	0	0	0	0	0	0	0	0	0	0	0	0	0	0	0	0	0	0	0	0	0	0	0	0	0	0	0	0	0	0	0	0	0	0	0	0	0	0	0	0	0	0	0	0	0	0	0	0	0	0	0	0	0	0	0	0	0	0	0	0	0	0	0	0	0	0	0	0	0	0	0	0	0	0	0	0	0	0	0	0	0	0	2	0	0	0	0	0	0	0	0	0	0	0	0	0	0	0	0	0	0	0	0	0	0	0	0	0	0	0	0	0	0	0	0	0	0	0	0	0	0	0	0	0	0	0	0	0	0	0	0	0	2	0	0	0	0	0	0	0	0	0	0	0	0	0	0	0	0	0	0	0	0	0	0	0	0	0	0	0	0	0	0	0	0	0	0	0	0	0	0	0	0	0	0	0	0	0	0	0	0	2	0	0	0	0	0	0	0	0	0	0	0	0	0	0	0	0	0	0	0	0	0	0	0	0	0	0	0	0	0	0	0	0	0	0	0	0	0	0	0	0	0	0	0	0	0	0	0	0	0	0	0	0	0	0	0	0	0	0	0	0	0	0	0	0	0	0	0	0	0	0	0	0	0	0	0	0	0	0	0	0	0	0	0	0	0	0	0	0	0	0	0	0	0	0	0	0	0	0	0	0	0	0	0	0	0	0	0	0	0	0	0	0	0	0	0	0	0	0	0	0	0	0	0	0	0	0	0	0	0	0	0	0	0	0	0	0	0	0	0	0	0	0	0	0	0	0	0	0	0	0	0	0	0	0	0	0	0	0	0	0	0	0	0	0	0	0	0	0	0	0	0	0	0	0	0	0	0	0	0	0	0	0	0	0	0	0	0	0	0	0	0	0	0	0	0	0	0	0	0	0	0	0	0	0	0	0	0	0	0	0	0	0	0	0	0	0	0	0	0	0	0	0	0	0	0	0	0	0	0	0	0	0	0	0	0	0	0	0	0	0	0	0	0	0	0	0	0	0	0	0	0	0	0	0	0	0	0	0	0	0	0	0	0	0	0	0	0	0	0	0	0	0	0	0	0	0	0	0	0	0	0	0	0	0	0	0	0	0	0	0	0	0	0	0	0	0	0	0	0	0	0	0	0	0	0	0	0	0	0	0	2	0	0	0	0	0	0	0	0	0	0	0	0	0	0	0	0	0	0	0	0	0	0	0	0	0	0	0	0	0	0	0	0	0	0	0	0	0	0	0	0	0	0	0	0	0	0	0	0	0	0	0	0	0	0	0	0	0	0	0	0	0	0	0	0	0	0	0	0	0	0	0	0	0	0	0	0	0	0	0	0	0	0	0	0	0	0	0	0	0	0	0	0	0	0	0	0	0	0	0	0	0	0	0	0	0	0	0	0	0	0	0	0	0	0	0	0	0	0	0	0	0	0	0	0	0	0	0	0	0	0	0	0	0	0	0	0	0	0	0	0	0	0	0	0	0	0	0	0	0	0	0	0	0	0	0	0	0	0	0	0	0	0	0	0	0	0	0	0	0	0	0	0	0	0	0	0	0	0	0	0	0	0	0	0	0	0	0	0	0	0	0	0	0	0	0	0	0	0	0	0	0	0	0	0	0	0	0	0	0	0	0	0	0	0	0	0	0	0	0	0	0	0	0	0	0	0	0	0	0	0	0	0	0	0	0	0	0	0	0	0	0	0	0	0	0	0	0	0	0	0	0	0	0	0	0	0	0	0	0	0	0	0	0	0	0	0	0	0	0	0	0	0	0	0	0	0	0	0	0	0	0	0	0	0	0	0	0	0	0	0	0	0	0	0	0	0	0	0	0	0	0	0	0	0	0	0	0	0	0	0	0	0	0	0	0	0	0	0	0	0	0	0	0	0	0	0	0	0	0	0	0	0	0	0	0	0	0	0	0	0	0	0	0	0	0	0	0	0	0	0	0	0
2023.4917763543	0	0	0	0	0	0	0	0	0	0	0	0	0	0	0	0	0	0	0	0	0	0	0	0	0	0	0	0	0	0	0	0	0	0	0	0	0	0	0	0	0	0	0	0	0	0	0	0	0	0	0	0	0	0	0	0	0	0	0	0	0	0	0	0	0	0	0	0	0	0	0	0	0	0	0	0	0	0	0	0	0	0	0	0	0	0	0	0	0	0	0	0	0	0	0	0	0	0	0	0	0	0	0	0	0	0	0	0	0	0	0	0	0	0	0	0	0	0	0	0	0	0	0	0	0	0	0	0	0	0	0	0	0	0	0	0	0	0	0	0	0	0	0	0	0	0	0	0	0	0	0	0	0	0	0	0	0	0	0	0	0	0	0	0	0	0	0	0	0	0	0	0	0	0	2	0	0	0	0	0	0	0	0	0	0	0	0	0	0	0	0	0	0	0	0	0	0	0	0	0	0	0	0	0	0	0	0	0	0	0	0	0	0	0	0	0	0	0	0	0	0	0	0	0	0	0	0	0	0	0	0	0	0	0	0	0	0	2	0	0	0	0	0	0	0	0	0	0	0	0	0	0	0	0	0	0	0	0	0	0	0	0	0	0	0	0	0	0	0	0	0	0	0	0	0	0	0	0	0	0	0	0	0	0	0	0	0	2	0	0	0	0	0	0	0	0	0	0	0	0	0	0	0	0	0	0	0	0	0	0	0	0	0	0	0	0	0	0	0	0	0	0	0	0	0	0	0	0	0	0	0	0	0	0	0	0	2	0	0	0	0	0	0	0	0	0	0	0	0	0	0	0	0	0	0	0	0	0	0	0	0	0	0	0	0	0	0	0	0	0	0	0	0	0	0	0	0	0	0	0	0	0	0	0	0	0	0	0	0	0	0	0	0	0	0	0	0	0	0	0	0	0	0	0	0	0	0	0	0	0	0	0	0	0	0	0	0	0	0	0	0	0	0	0	0	0	0	0	0	0	0	0	0	0	0	0	0	0	0	0	0	0	0	0	0	0	0	0	0	0	0	0	0	0	0	0	0	0	0	0	0	0	0	0	0	0	0	0	0	0	0	0	0	0	0	0	0	2	0	0	0	0	0	0	0	0	0	0	0	0	0	0	0	0	0	0	0	0	0	0	0	0	0	0	0	0	0	0	0	0	0	0	0	0	0	0	0	0	0	0	0	0	0	0	0	0	0	0	0	0	0	0	0	0	0	0	0	0	0	0	0	0	0	0	0	0	0	0	0	0	0	0	0	0	0	0	0	0	0	0	0	0	0	0	0	0	0	0	0	0	0	0	0	0	0	0	0	0	0	0	0	0	0	0	0	0	0	0	0	0	0	0	0	0	0	0	0	0	0	0	0	0	0	0	0	0	0	0	0	0	0	0	0	0	0	0	0	0	0	0	0	0	0	0	0	0	0	0	0	0	0	0	0	0	0	0	0	0	0	0	0	0	0	0	0	0	0	2	0	0	0	0	0	0	0	0	0	0	0	0	0	0	0	0	0	0	0	0	0	0	0	0	0	0	0	0	0	0	0	0	0	0	0	0	0	0	0	0	0	0	0	0	0	0	0	0	0	0	0	0	0	0	0	0	0	0	0	0	0	0	0	0	0	0	0	0	0	0	0	0	0	0	0	0	0	0	0	0	0	0	0	0	0	0	0	0	0	0	0	0	0	0	0	0	0	0	0	0	0	0	0	0	0	0	0	0	0	0	0	0	0	0	0	0	0	0	0	0	0	0	0	0	0	0	0	0	0	0	0	0	0	0	0	0	0	0	0	0	0	0	0	0	0	0	0	0	0	0	0	0	0	0	0	0	0	0	0	0	0	0	0	0	0	0	0	0	0	0	0	0	0	0	0	0	0	0	0	0	0	0	0	0	0	0	0	0	0	0	0	0	0	0	0	0	0	0	0	0	0	0	0	0	0	0	0	0	0	0	0	0	0	0	0	0	0	0	0	0	0	0	0	0	0	0	0	0	0	0	0	0	0	0	0	0	0	0	0	0	0	0	0	0	0	0	0	0	0	0	0	0	0	0	0	0	0	0	0	0	0	0	0	0	0	0	0	0	0	0	0	0	0	0	0	0	0	0	0	0	0	0	0	0	0	0	0	0	0	0	0	0	0	0	0	0	0	0	0	0	0	0	0	0	0	0	0	0	0	0	0	0	2	0	0	0	0	0	0	0	0	0	0	0	0	0	0	0	0	0	0	0	0	0	0	0	0	0	0	0	0	0	0	0	0	0	0	0	0	0	0	0
2023.50149456001	0	0	0	0	0	0	0	0	0	0	0	0	0	0	0	0	0	0	0	0	0	0	0	0	0	0	0	0	0	0	0	0	0	0	0	0	0	0	0	0	0	0	0	0	0	0	0	0	0	0	0	0	0	0	0	0	0	0	0	0	0	0	0	0	0	0	0	0	0	0	0	0	0	0	0	0	0	0	0	0	0	0	0	0	0	0	0	0	0	0	0	0	0	0	0	0	0	0	0	0	0	0	0	0	0	0	0	0	0	0	0	0	0	0	0	0	0	0	0	0	0	0	0	0	0	0	0	0	0	0	0	0	0	0	0	0	0	2	0	0	0	0	0	0	0	0	0	0	0	0	0	0	0	0	0	0	0	0	0	0	0	0	0	0	0	0	0	0	0	0	0	0	0	0	2	0	0	0	0	0	0	0	0	0	0	0	0	0	0	0	0	0	0	0	0	0	0	0	0	0	0	0	0	0	0	0	0	0	0	0	0	0	0	0	0	0	0	0	0	0	0	0	0	0	0	0	0	0	0	0	0	0	0	0	0	0	0	0	0	0	0	0	0	0	0	0	0	0	0	0	0	0	0	0	0	0	0	0	0	0	0	0	0	0	0	0	0	0	0	0	0	0	0	0	0	0	0	0	0	0	0	0	0	0	0	0	0	0	0	0	0	0	0	0	0	0	0	0	0	0	0	0	0	0	0	0	0	0	0	0	0	0	0	0	0	0	0	0	0	0	0	0	0	0	0	0	0	0	0	0	0	0	0	0	0	0	2	0	0	0	0	0	0	0	0	0	0	0	0	0	0	0	0	0	0	0	0	0	0	0	0	0	0	0	0	0	0	0	0	0	2	0	0	0	0	0	0	0	0	0	0	0	0	0	0	0	0	0	0	0	0	0	0	0	0	0	0	0	0	0	0	0	0	0	0	0	0	0	0	0	0	0	0	0	0	0	0	0	0	0	0	0	0	0	0	0	0	0	0	0	0	0	0	0	0	0	0	0	0	0	0	0	0	0	0	0	0	0	0	0	0	0	0	0	0	0	0	0	0	0	0	0	0	0	0	0	0	0	0	0	0	0	0	0	0	0	0	2	0	0	0	0	0	0	0	0	0	0	0	0	0	0	0	0	0	0	0	0	0	0	0	0	0	0	0	0	0	0	0	2	0	0	0	0	0	0	0	0	0	0	0	0	0	0	0	0	0	0	0	0	0	0	0	0	0	0	0	0	0	0	0	0	0	0	0	0	0	0	0	0	0	0	0	0	0	0	0	0	0	0	0	0	0	0	0	0	0	0	0	0	0	0	0	0	0	0	0	0	0	0	0	0	0	0	0	0	0	0	0	0	0	0	0	0	0	0	0	0	0	0	0	0	0	0	0	0	0	0	0	0	0	0	0	0	0	0	0	0	0	0	0	0	0	0	0	0	0	0	0	0	0	0	0	0	0	0	0	0	0	0	0	0	0	0	0	0	0	2	0	0	0	0	0	0	0	0	0	0	0	0	0	0	0	0	0	0	0	0	0	0	0	0	0	0	0	0	0	0	0	0	0	0	0	0	0	0	0	0	0	0	0	0	0	0	0	0	0	0	0	0	0	0	0	0	0	0	0	0	0	0	0	0	0	0	0	0	0	0	0	0	0	0	0	2	0	0	0	0	0	0	0	0	0	0	0	0	0	0	0	0	0	0	0	0	0	0	0	0	0	0	0	0	0	0	0	0	0	0	0	0	0	0	0	0	0	0	0	0	0	0	0	0	0	0	0	0	0	0	0	0	0	0	0	0	0	0	0	0	0	0	0	0	0	0	0	0	0	0	0	0	0	0	0	0	0	0	0	0	0	0	0	0	0	0	0	0	0	0	0	0	0	0	0	0	0	0	0	0	0	0	0	0	0	0	0	0	0	0	0	0	0	0	0	0	0	0	0	0	0	0	0	0	0	0	0	0	0	0	0	0	0	0	0	0	0	0	0	0	0	0	0	0	0	0	0	0	0	0	0	0	0	0	0	0	0	0	0	0	0	0	0	0	0	0	0	0	0	0	0	0	0	0	0	0	0	0	0	0	0	0	0	0	0	0	0	0	0	0	0	0	0	0	0	0	0	0	0	0	0	0	0	0	0	0	0	0	0	0	0	0	0	0	0	0	0	0	0	0	0	0	0	0	0	0	0	0	0	0	0	0	2	0	0	0	0	0	0	0	0	0	0	0	0	0	0	0	0	0	0	0	0	0	0	0	0	0	0	0	0	0	0	0	0	0	0	0	0	0	0	0
2023.51121276572	0	0	0	0	0	0	0	0	0	0	0	0	0	0	0	0	0	0	0	0	0	0	0	0	0	0	0	0	0	0	0	0	0	0	0	0	0	0	0	0	0	0	0	0	0	0	0	0	0	0	0	0	0	0	0	0	0	0	0	0	0	0	0	0	0	0	0	0	0	0	0	0	0	0	0	0	0	0	0	0	0	0	0	0	0	0	0	0	0	0	0	0	0	0	0	0	0	0	0	0	0	0	0	0	0	0	0	0	0	0	0	0	0	0	0	0	0	0	0	0	0	0	0	0	0	0	0	0	0	0	0	0	0	0	0	0	0	2	0	0	0	0	0	0	0	0	0	0	0	0	0	0	0	0	0	0	0	0	0	0	0	0	0	0	0	0	0	0	2	0	0	0	0	0	2	0	0	0	0	0	0	0	0	0	0	0	0	0	0	0	0	0	0	0	0	0	0	0	0	0	0	0	0	0	2	0	0	0	0	0	0	0	0	0	0	0	0	0	0	0	0	0	0	0	0	0	0	0	0	0	0	0	0	0	0	0	0	0	0	0	0	0	0	0	0	0	0	0	0	0	0	0	0	0	0	0	0	0	0	0	0	0	0	0	0	0	0	0	0	0	0	0	0	0	0	0	0	0	0	0	0	0	0	0	0	0	0	0	0	0	0	0	0	0	0	0	0	0	0	0	0	0	0	0	0	0	0	0	0	0	0	0	0	0	0	0	0	0	0	0	0	0	0	0	0	0	0	0	0	0	0	0	0	0	0	0	2	0	0	0	0	0	0	0	0	0	0	0	0	0	0	0	0	0	0	0	0	0	0	0	0	0	0	0	0	0	0	0	0	0	2	0	0	0	0	0	0	0	0	0	0	0	0	0	0	0	0	0	0	0	0	0	0	0	0	0	0	0	0	0	0	0	0	0	0	0	0	0	0	0	0	0	0	0	0	0	0	0	0	0	0	0	0	0	0	0	0	0	0	0	0	0	0	0	0	0	0	0	0	0	0	0	0	0	0	0	0	0	0	0	0	0	0	0	2	0	0	0	0	0	0	0	0	0	0	0	0	0	0	0	0	0	0	0	0	0	0	2	0	0	0	0	0	0	0	0	0	0	0	0	0	0	0	0	0	0	0	0	0	0	0	0	0	0	0	0	0	0	0	2	0	0	0	0	0	0	0	0	0	0	0	0	0	0	0	0	0	0	0	0	0	0	0	0	0	0	0	0	0	0	0	0	0	0	0	0	0	0	0	0	0	0	0	0	0	0	0	0	0	0	0	0	0	0	0	0	0	0	0	0	0	0	0	0	0	0	0	0	0	0	0	0	0	0	0	0	0	0	0	0	0	0	0	0	0	0	0	0	0	0	0	0	0	0	0	0	0	0	0	0	0	0	0	0	0	0	0	0	0	0	0	0	0	0	0	0	0	0	0	0	0	0	0	0	0	0	0	0	0	0	0	0	0	0	0	0	0	2	0	0	0	0	0	0	0	0	0	0	0	0	0	0	0	0	0	0	0	2	0	0	0	0	0	0	0	0	0	0	0	0	0	0	0	0	0	0	0	0	0	0	0	0	0	0	0	0	0	0	0	0	0	0	0	0	0	0	0	0	0	0	0	0	0	0	0	0	0	0	0	0	0	0	0	2	0	0	0	0	0	0	0	0	0	0	0	0	0	0	0	0	0	0	0	0	0	0	0	0	0	0	0	0	0	0	0	0	0	0	0	0	0	0	0	0	0	0	0	0	0	0	0	0	0	0	0	0	0	0	0	0	0	0	0	0	0	0	0	0	0	0	0	0	0	0	0	0	0	0	0	0	0	0	0	0	0	0	0	0	0	0	0	0	0	0	0	0	0	0	0	0	0	0	0	0	0	0	0	0	0	0	0	0	0	0	0	0	0	0	0	0	0	0	0	0	0	0	0	0	0	0	0	0	0	0	0	0	0	0	0	0	0	0	0	0	0	0	0	0	0	0	0	0	0	0	0	0	0	0	0	0	0	0	0	0	0	0	0	0	0	0	0	0	0	0	0	0	0	0	0	0	0	0	0	0	0	0	0	0	0	0	0	0	0	0	0	0	0	0	0	0	0	0	0	0	0	0	0	0	0	0	0	0	0	0	0	0	0	0	0	0	0	0	0	0	0	0	0	0	0	0	0	0	0	0	0	0	0	0	0	0	2	0	0	0	0	0	0	0	0	0	0	0	0	0	0	0	0	0	0	0	0	0	0	0	0	0	0	0	0	0	0	0	2	0	0	0	0	0	0	0
2023.52093097143	0	0	0	0	0	0	0	0	0	0	0	0	0	0	0	0	0	0	0	0	0	0	0	0	0	0	0	0	0	0	0	0	0	0	0	0	0	0	0	0	0	0	0	0	0	0	0	0	0	0	0	0	0	0	0	0	0	0	0	0	0	0	0	0	0	0	0	0	0	0	0	0	0	0	0	0	0	0	0	0	0	0	0	0	0	0	0	0	0	0	0	0	0	0	0	0	0	0	0	0	0	0	0	0	0	0	0	0	0	0	0	0	0	0	0	0	0	0	0	0	0	0	0	0	0	0	0	0	0	0	0	0	0	0	0	0	0	2	0	0	0	0	0	0	0	0	0	0	0	0	0	0	0	0	0	0	0	0	0	0	0	0	0	0	0	0	0	0	2	0	0	0	0	0	2	0	0	0	0	0	0	0	0	0	0	0	0	0	0	0	0	0	0	0	0	0	0	0	0	0	0	0	0	0	2	0	0	0	0	0	0	0	0	0	0	0	0	0	0	0	0	0	0	0	0	0	0	0	0	0	0	0	0	0	0	0	0	0	0	0	0	0	0	0	0	0	0	0	0	0	0	0	0	0	0	0	0	0	0	0	0	0	0	0	0	0	0	0	0	0	0	0	0	0	0	0	0	0	0	0	0	0	0	0	0	0	0	0	0	0	0	0	0	0	0	0	0	0	0	0	0	0	0	0	0	0	0	0	0	0	0	0	0	0	0	0	0	0	0	0	0	0	0	0	0	0	0	0	0	0	0	0	0	0	0	0	2	0	0	0	0	0	0	0	0	0	0	0	0	0	0	0	0	0	0	0	0	0	0	0	0	0	0	0	0	0	0	0	0	0	2	0	0	0	0	0	0	0	0	0	0	0	0	0	0	0	0	0	0	0	0	0	0	0	0	0	0	0	0	0	0	0	0	0	0	0	0	0	0	0	0	0	0	0	0	0	0	0	0	0	0	0	0	0	0	0	0	0	0	0	0	0	0	0	0	0	0	0	0	0	0	0	0	0	0	0	0	0	0	0	0	0	0	0	2	0	0	0	0	0	0	0	0	0	0	0	0	0	0	0	0	0	0	0	0	0	0	2	0	0	0	0	0	0	0	0	0	0	0	0	0	0	0	0	0	0	0	0	0	0	0	0	0	0	0	0	0	0	0	2	0	0	0	0	0	0	0	0	0	0	0	0	0	0	0	0	0	0	0	0	0	0	0	0	0	0	0	0	0	0	0	0	0	0	0	0	0	0	0	0	0	0	0	0	0	0	0	0	0	0	0	0	0	0	0	0	0	0	0	0	0	0	0	0	0	0	0	0	0	0	0	0	0	0	0	0	0	0	0	0	0	0	0	0	0	0	0	0	0	0	0	0	0	0	0	0	0	0	0	0	0	0	0	0	0	0	0	0	0	0	0	0	0	0	0	0	0	0	0	0	0	0	0	0	0	0	0	0	0	0	0	0	0	0	0	0	2	2	0	0	0	0	0	0	0	0	0	0	0	0	0	0	0	0	0	0	0	2	0	0	0	0	0	0	0	0	0	0	0	0	0	0	0	0	0	0	0	0	0	0	0	0	0	0	0	0	0	0	0	0	0	0	0	0	0	0	0	0	0	0	0	0	0	0	0	0	0	0	0	0	0	0	0	2	0	0	0	0	0	0	0	0	0	0	0	0	0	0	0	0	0	0	0	0	0	0	0	0	0	0	0	0	0	0	0	0	0	0	0	0	0	0	0	0	0	0	0	0	0	0	0	0	0	0	0	0	0	0	0	0	0	0	0	0	0	0	0	0	0	0	0	0	0	0	0	0	0	0	0	0	0	0	0	0	0	0	0	0	0	0	0	0	0	0	0	0	0	0	0	0	0	0	0	0	0	0	0	0	0	0	0	0	0	0	0	0	0	0	0	0	0	0	0	0	0	0	0	0	0	0	0	0	0	0	0	0	0	0	0	0	0	0	0	0	0	0	0	0	0	0	0	0	0	0	0	0	0	0	0	0	0	0	0	0	0	0	0	0	0	0	0	0	0	0	0	0	0	0	0	0	0	0	0	0	0	0	0	0	0	0	0	0	0	0	0	0	0	0	0	0	0	0	0	0	0	0	0	0	0	0	0	0	0	0	0	0	0	0	0	0	0	0	0	0	0	0	0	0	0	0	0	0	0	0	0	0	0	0	0	0	2	0	0	0	0	0	0	0	0	0	0	0	0	0	0	0	0	0	0	0	0	0	0	0	0	0	0	0	0	0	0	0	2	0	0	0	0	0	0	0
2023.53064917714	0	0	0	0	0	0	0	0	0	0	0	0	0	0	0	0	0	0	0	0	0	0	0	0	0	0	0	0	0	0	0	0	0	0	0	0	0	0	0	0	0	0	0	0	0	0	0	0	0	0	0	0	0	0	0	0	0	0	0	0	0	0	0	0	0	0	0	0	0	0	0	0	0	0	0	0	0	0	0	0	0	0	0	0	0	0	0	0	0	0	0	0	0	0	0	0	0	0	0	0	0	0	0	0	0	0	0	0	0	0	0	0	0	0	0	0	0	0	0	0	0	0	0	0	0	0	0	0	0	0	0	0	0	0	0	0	0	2	0	0	0	0	0	0	0	0	0	0	0	0	0	0	0	0	0	0	0	0	0	0	0	0	0	0	0	0	0	0	2	0	0	0	0	0	2	0	0	0	0	0	0	0	0	0	0	0	0	0	0	0	0	0	0	0	0	0	0	0	0	0	0	0	0	0	2	0	0	0	0	0	0	0	0	0	0	0	0	0	0	0	0	0	0	0	0	0	0	0	0	0	0	0	0	0	0	0	0	0	0	0	0	0	0	0	0	0	0	0	0	0	0	0	0	0	0	0	0	0	0	0	0	0	0	0	0	0	0	0	0	0	0	0	0	0	0	0	0	0	0	0	0	0	0	0	0	0	0	0	0	0	0	0	0	0	0	0	0	0	0	0	0	0	0	0	0	0	0	0	0	0	0	0	0	0	0	0	0	0	0	0	0	0	0	0	0	0	0	0	0	0	0	0	0	0	0	0	0	0	0	0	0	0	0	0	0	0	0	0	0	0	0	0	0	0	0	0	0	0	0	0	0	0	0	0	0	0	0	0	0	0	2	0	0	0	0	0	0	0	0	0	0	0	0	0	0	0	0	0	0	0	0	0	0	0	0	0	0	0	0	0	0	0	0	0	0	0	0	0	0	0	0	0	0	0	0	0	0	0	0	0	0	0	0	0	0	0	0	0	0	0	0	0	0	0	0	0	0	0	0	0	0	0	0	0	0	0	0	0	0	0	0	0	0	0	2	0	0	0	0	0	0	0	0	0	0	0	0	0	0	0	0	0	0	0	0	0	0	2	0	0	0	0	0	0	0	0	0	0	0	0	0	0	0	0	0	0	0	0	0	0	0	0	0	0	0	0	0	0	0	2	0	0	0	0	0	0	0	0	0	0	0	0	0	0	0	0	0	0	0	0	0	0	0	0	0	0	0	0	0	0	0	0	0	0	0	0	0	0	0	0	0	0	0	0	0	0	0	0	0	0	0	0	0	0	0	0	0	0	0	0	0	0	0	0	0	0	0	0	0	0	0	0	0	0	0	0	0	0	0	0	0	0	0	0	0	0	0	0	0	0	0	0	0	0	0	0	0	0	0	0	0	0	0	0	0	0	0	0	0	0	0	0	0	0	0	0	0	0	0	0	0	0	0	0	0	0	0	0	0	0	0	0	0	0	0	0	2	0	0	0	0	0	0	0	0	0	0	0	0	0	0	0	0	0	0	0	0	2	0	0	0	0	0	0	0	0	0	0	0	0	0	0	0	0	0	2	0	0	0	0	0	0	0	0	0	0	0	0	0	0	0	0	0	0	0	0	0	0	0	0	0	0	0	0	0	0	0	0	0	0	0	0	0	2	0	0	0	0	0	0	0	0	0	0	0	0	0	0	0	0	0	0	2	0	0	0	0	0	0	0	0	0	0	0	0	0	0	0	0	0	0	0	0	0	0	0	0	0	0	0	0	0	0	0	0	0	0	0	0	0	0	0	0	0	0	0	0	0	0	0	0	0	0	0	0	0	0	0	0	0	0	0	0	0	0	0	0	0	0	0	0	0	0	0	0	0	0	0	0	0	0	0	0	0	0	0	0	0	0	0	0	0	0	0	0	0	0	0	0	0	0	0	0	0	0	0	0	0	0	0	0	0	0	0	0	0	0	0	0	0	0	0	0	0	0	0	0	2	0	0	0	0	0	0	0	0	0	0	0	0	0	0	0	0	0	0	0	0	0	0	0	0	0	0	0	0	0	0	0	0	0	0	0	0	0	0	0	0	0	0	0	0	0	0	0	0	0	0	0	0	0	0	0	0	0	0	0	0	0	0	0	0	0	0	0	0	0	0	0	0	0	0	0	0	0	0	0	0	0	0	0	0	0	0	0	0	0	0	0	0	2	0	0	0	0	0	0	0	0	0	0	0	0	0	0	0	0	0	0	0	0	0	0	0	0	0	0	0	0	0	0	0	2	0	0	0	0	0	0	0
2023.54036738285	2	0	0	0	0	0	0	0	0	0	0	0	0	0	0	0	0	0	0	0	0	0	0	0	0	0	0	0	0	0	0	0	0	0	0	0	0	0	0	0	0	0	0	0	0	0	0	0	0	0	0	0	0	0	0	0	0	0	0	0	0	0	0	0	0	0	0	0	0	0	0	0	0	0	0	0	0	0	0	0	0	0	0	0	0	0	0	0	0	0	0	0	0	0	0	0	0	0	0	0	0	0	0	0	0	0	0	0	0	0	0	0	0	0	0	0	0	0	0	0	0	0	0	0	0	0	0	0	0	0	0	0	0	0	0	0	0	0	0	0	0	0	0	0	0	0	0	0	0	0	0	0	0	0	0	0	0	0	0	0	0	0	0	0	0	0	0	0	2	0	0	0	0	0	0	0	0	0	0	0	0	0	0	0	0	0	0	0	0	0	0	0	0	0	0	0	2	0	0	0	0	0	0	0	2	0	0	0	0	0	0	0	0	0	0	0	0	0	0	0	0	0	0	0	0	0	0	0	0	0	0	0	0	0	0	0	0	0	0	0	0	0	0	0	0	0	0	0	0	0	0	0	0	0	0	0	0	0	0	0	0	0	0	0	0	0	0	0	0	0	0	0	0	0	0	0	0	0	0	0	0	0	0	0	0	0	0	0	0	0	0	0	0	0	0	0	0	0	0	0	0	0	0	0	0	0	0	0	0	0	0	0	0	0	0	0	0	0	0	0	0	0	0	0	0	0	0	0	0	0	0	0	0	0	0	0	0	0	0	0	0	0	0	0	0	0	0	0	0	0	0	0	0	0	0	0	0	0	0	0	0	0	0	0	0	0	0	0	0	0	2	0	0	0	2	0	0	0	0	0	0	0	0	2	0	0	0	0	0	0	0	0	0	0	0	0	0	0	0	0	0	0	0	0	0	0	0	0	0	0	0	0	0	0	0	0	0	0	0	0	0	0	0	0	0	0	0	0	0	0	0	0	0	0	0	0	0	0	0	0	0	0	0	0	0	0	0	0	0	0	0	0	0	0	2	0	0	0	0	0	0	0	0	0	0	0	0	0	0	0	0	0	0	0	0	0	0	0	0	0	0	0	0	0	0	0	0	0	0	0	0	0	0	0	0	0	0	0	0	0	0	0	0	0	0	0	0	0	0	0	0	0	0	0	0	0	0	0	0	0	0	0	0	0	0	0	0	0	0	0	0	0	0	0	0	0	0	0	0	0	0	0	0	0	0	0	0	0	0	0	0	0	0	0	0	0	0	0	0	0	0	0	0	0	0	0	0	0	0	0	0	0	0	0	0	0	0	0	0	0	0	0	0	0	0	0	0	0	0	0	0	0	0	0	0	0	0	0	0	0	0	0	0	0	0	0	0	0	0	0	0	0	0	0	0	0	0	0	0	0	0	0	0	0	0	0	0	0	0	0	0	0	0	0	0	0	0	0	0	0	0	0	0	0	0	0	2	0	0	0	0	0	0	0	0	0	0	0	0	0	0	0	0	0	0	0	0	2	0	0	0	0	0	0	0	2	0	0	0	0	0	0	0	0	0	2	0	0	0	0	0	0	0	0	0	0	0	0	0	0	0	0	0	0	0	0	0	0	0	0	0	0	0	0	0	0	0	0	0	0	0	0	0	0	0	0	0	0	0	0	0	0	0	0	0	0	0	0	0	0	0	0	2	0	0	0	0	0	0	0	0	0	0	0	0	0	0	0	0	0	0	0	2	0	0	0	0	0	0	0	0	0	0	0	0	0	0	0	0	0	0	0	0	0	0	2	0	0	0	0	0	0	0	0	0	0	0	0	0	0	0	0	0	0	0	0	0	0	0	0	0	0	0	0	0	0	0	0	0	0	0	0	0	0	0	0	0	0	0	0	0	0	0	0	0	0	0	0	0	0	0	0	0	0	0	0	0	0	0	0	0	0	0	0	0	0	0	0	0	0	0	0	0	0	0	0	0	2	0	0	0	0	0	0	0	0	0	0	0	0	0	0	0	0	0	0	0	0	0	0	0	0	0	0	0	0	0	0	0	0	0	0	0	0	0	0	0	0	0	0	0	0	0	0	0	0	0	0	0	0	0	0	0	0	0	0	0	0	0	0	0	0	0	0	0	0	0	0	0	0	0	0	0	0	0	0	0	0	0	0	0	0	0	0	0	0	0	0	0	0	0	0	0	0	0	0	0	0	0	0	0	0	0	0	0	0	0	0	0	0	0	0	0	0	0	0	0	0	0	0	0	0	2	0	0	0	0	0	0	0
2023.55008558856	2	2	0	0	0	0	0	0	0	0	0	0	0	0	0	0	0	0	0	0	0	0	0	0	0	0	0	0	0	0	0	0	0	0	0	0	0	2	0	0	0	0	0	0	0	0	0	0	0	0	0	0	0	0	0	0	0	0	0	0	0	0	0	0	0	0	0	0	0	0	0	0	2	0	0	0	0	0	0	0	0	0	0	0	0	0	0	0	0	0	0	0	0	0	0	0	0	0	0	0	0	0	0	0	0	0	0	0	0	0	0	0	0	0	0	0	0	0	0	0	0	0	0	0	0	0	0	0	2	0	0	0	0	0	0	0	0	0	0	0	0	0	0	0	0	0	0	0	0	0	0	0	0	0	2	0	0	0	0	0	0	0	0	0	0	0	0	0	0	0	0	0	0	0	0	0	0	0	0	0	0	0	0	0	0	0	0	0	0	0	0	0	0	0	0	0	2	0	0	0	0	0	0	0	0	0	0	0	0	0	0	0	0	0	0	0	0	0	0	0	0	0	0	0	0	0	0	0	0	0	0	0	0	0	0	0	0	0	0	0	0	0	0	0	0	0	0	2	0	0	0	0	0	0	0	0	0	0	0	0	0	0	0	2	0	0	0	0	0	0	0	0	0	0	0	0	0	0	0	0	0	0	0	0	0	0	0	0	0	0	0	0	0	0	0	0	0	0	0	0	0	0	0	0	0	0	0	0	0	0	0	0	0	0	0	0	0	0	0	0	0	0	0	0	0	0	0	0	0	0	0	0	0	0	0	0	0	0	0	0	0	0	0	0	0	0	0	0	0	0	0	0	0	0	0	0	0	0	0	0	0	0	0	0	0	0	0	0	0	0	0	0	0	0	2	0	0	0	0	0	0	0	0	2	0	0	0	0	0	0	0	0	0	0	0	0	0	0	0	0	0	0	0	0	0	0	0	0	2	0	0	2	0	0	0	0	0	0	0	0	0	0	0	0	0	0	0	0	0	0	0	0	0	0	0	0	0	0	0	0	0	0	0	0	0	0	0	0	0	0	0	0	0	0	0	0	0	0	0	0	0	0	0	0	0	0	0	0	0	0	0	0	0	2	0	0	0	0	0	0	0	0	0	0	0	0	0	0	0	0	0	0	0	0	0	0	0	0	0	0	0	0	0	0	0	0	0	0	0	0	0	0	0	0	0	0	0	0	0	0	0	0	0	0	0	0	0	0	0	0	0	0	0	0	0	0	0	0	0	0	0	0	0	0	0	0	0	0	0	0	0	0	0	0	0	0	0	0	0	0	0	0	0	0	0	0	0	0	0	0	0	0	0	0	0	0	0	0	0	0	0	0	0	0	0	0	0	2	0	0	0	0	0	0	0	0	0	0	0	0	0	0	0	0	0	0	0	0	0	0	0	0	0	0	0	0	0	0	0	0	0	0	0	0	0	0	0	0	0	0	0	0	0	0	2	0	0	0	0	0	0	0	0	0	0	0	2	0	0	0	0	0	0	0	0	0	0	0	0	0	0	0	0	0	0	0	0	0	0	0	0	0	0	0	0	2	0	0	0	0	0	0	0	0	0	2	0	0	0	0	0	0	0	0	0	0	0	0	0	0	0	0	0	0	0	0	0	0	0	0	0	0	0	0	0	0	0	0	0	0	0	0	0	0	0	0	0	0	0	0	0	0	0	0	0	0	0	0	0	0	0	0	2	0	0	0	0	0	0	0	0	0	0	0	0	0	0	0	0	0	0	0	2	0	0	0	0	0	0	0	0	0	0	0	0	0	0	0	0	0	0	2	0	0	0	2	0	0	0	0	0	0	0	0	0	0	0	0	0	0	0	0	0	0	0	0	0	0	0	2	0	0	0	0	0	0	0	0	0	0	0	0	0	0	0	0	0	0	0	0	0	0	0	0	0	0	0	0	0	0	0	0	0	0	0	0	0	0	0	0	0	0	0	0	0	0	0	0	0	0	0	0	0	0	0	0	0	2	0	0	0	0	0	0	0	0	0	0	0	0	0	0	0	0	0	0	0	0	0	0	0	0	0	0	0	2	0	0	0	0	0	0	0	0	0	0	0	0	0	0	0	0	0	0	0	0	0	0	0	0	0	0	0	0	0	0	0	0	0	0	0	0	0	0	0	0	0	0	0	0	0	0	0	0	0	0	0	0	0	0	0	0	0	0	0	0	0	0	0	0	0	0	0	0	0	0	0	0	0	0	0	0	0	0	0	0	0	0	0	0	0	0	0	0	0	0	0	0	0	0	0	0	0	0	0	0	0	0	0	0
2023.55980379427	2	2	0	0	0	0	0	0	0	0	0	0	0	0	0	0	0	0	0	0	0	0	0	0	0	0	0	0	0	0	0	0	0	0	0	0	0	2	0	0	0	0	0	0	0	0	0	0	0	0	0	0	0	0	0	0	0	0	0	0	0	0	0	0	0	0	0	0	0	0	0	0	2	0	0	0	0	0	0	0	0	0	0	0	0	0	0	0	0	0	0	0	0	0	0	0	0	0	0	0	0	0	0	0	0	0	0	0	0	0	0	0	0	0	0	0	0	0	0	0	0	0	0	0	0	0	0	0	4	0	2	0	0	0	0	0	0	0	0	0	0	0	0	0	0	0	0	0	0	0	0	0	0	0	2	0	0	0	0	0	0	0	0	0	0	0	0	0	0	0	0	0	0	0	0	0	0	0	0	0	0	0	0	0	0	0	0	0	0	0	0	0	0	0	0	0	2	0	0	2	0	0	0	0	0	0	0	0	0	0	0	0	0	0	0	0	0	0	0	0	0	0	0	0	0	0	0	0	0	0	0	0	0	0	0	0	0	0	0	0	0	0	0	0	0	0	0	2	0	0	0	0	0	0	0	0	0	0	0	0	0	0	0	2	0	0	0	0	0	0	0	2	0	0	0	0	0	0	0	0	0	0	2	0	0	0	0	0	0	0	0	0	0	0	0	0	0	0	0	0	0	0	0	0	0	0	0	0	0	0	0	0	0	0	0	0	0	0	0	0	0	0	0	0	0	0	0	0	0	0	0	0	0	0	0	0	0	0	0	0	0	0	0	0	0	0	0	0	0	0	0	0	0	0	0	0	0	0	0	0	0	0	0	0	0	0	0	0	0	0	0	0	0	0	2	0	0	0	0	0	0	0	0	2	0	0	0	0	0	0	0	0	0	0	0	0	0	0	0	0	0	0	0	0	0	0	2	0	2	0	0	2	0	0	0	0	0	0	0	0	0	2	0	0	0	0	0	0	0	0	0	0	0	0	0	0	0	0	0	0	0	0	0	0	0	0	0	0	0	0	0	0	0	0	0	0	0	0	0	0	0	0	0	0	0	0	0	0	0	0	0	0	2	4	0	0	0	0	0	0	0	0	0	0	0	0	0	0	0	0	0	0	0	0	0	0	0	0	0	0	0	0	0	0	0	0	0	0	0	0	0	0	0	0	0	0	0	0	0	2	0	0	0	0	0	0	0	0	0	0	0	0	0	0	0	0	0	0	0	0	0	0	0	0	0	0	0	0	0	0	0	0	0	0	0	0	0	0	0	0	0	0	0	0	0	0	0	0	0	0	0	0	0	0	0	0	0	0	0	0	0	0	0	0	0	0	0	2	0	0	0	0	0	0	0	0	0	0	0	0	0	0	0	0	0	0	0	0	0	0	0	0	0	0	0	0	0	0	0	0	0	0	0	0	0	0	0	0	0	0	0	0	0	0	2	0	0	0	0	0	0	0	0	0	0	0	0	0	0	0	0	2	0	0	0	0	0	0	0	0	0	2	0	0	0	0	0	0	0	0	0	0	0	0	0	2	0	0	0	0	0	0	0	0	0	2	0	0	0	0	0	0	0	0	0	0	0	0	0	0	0	0	0	0	2	0	0	0	0	0	0	0	0	0	0	0	0	0	0	0	0	0	0	0	0	0	0	0	0	0	0	0	0	0	0	0	0	0	0	0	0	0	2	0	0	0	0	0	0	0	0	0	0	0	0	0	0	0	0	0	0	0	2	0	0	0	0	0	0	0	0	0	0	0	0	0	0	0	0	0	0	2	0	0	0	2	0	0	0	0	0	0	0	0	0	0	0	0	0	0	0	0	0	0	0	0	0	0	0	2	0	0	0	0	0	0	0	0	0	0	0	0	0	0	0	0	0	0	0	0	0	0	0	0	0	0	0	0	0	0	0	0	0	0	0	0	0	0	0	0	0	0	0	0	0	0	0	0	0	0	0	0	0	0	0	0	0	2	0	0	0	0	0	0	0	0	2	0	0	0	0	0	0	0	0	0	0	0	0	0	0	0	0	0	0	2	0	0	0	0	0	0	0	0	0	0	0	0	0	0	0	0	0	0	0	0	0	0	0	0	0	0	0	0	0	0	0	0	0	0	0	0	0	0	0	0	0	0	0	0	0	0	0	0	0	0	0	0	0	0	0	0	0	0	0	0	0	0	0	0	0	0	0	0	0	0	0	0	0	0	0	0	0	0	0	0	0	0	0	0	0	0	0	0	0	0	0	0	0	0	0	0	0	0	0	0	0	0	0	0
2023.56952199998	2	2	0	0	0	0	0	0	0	0	0	0	0	0	0	0	0	0	0	0	0	0	0	0	0	0	0	0	0	0	0	0	0	0	0	0	0	2	0	0	0	0	0	0	0	0	0	0	0	0	0	0	0	0	0	0	0	0	0	0	0	0	0	0	0	0	0	0	0	0	0	0	2	0	0	2	0	0	0	2	0	0	0	0	0	0	0	0	0	0	0	0	0	0	0	0	0	0	0	0	0	0	0	0	0	0	0	0	0	0	0	0	0	0	0	0	0	0	0	0	0	0	0	0	0	0	0	0	4	0	2	0	0	0	0	0	0	0	0	0	0	0	0	0	0	0	0	0	0	0	0	0	0	0	2	0	0	0	0	0	0	0	0	0	0	0	0	0	0	0	0	0	0	0	0	0	0	0	0	0	0	0	0	0	0	0	0	0	0	0	0	0	0	0	0	0	2	0	0	2	0	0	0	0	0	0	0	0	0	0	0	0	0	0	0	0	0	0	0	0	0	0	0	0	0	0	0	0	0	0	0	0	0	0	0	0	0	0	0	0	0	0	0	0	0	0	0	2	0	0	0	0	0	0	0	0	0	0	0	0	0	0	0	2	0	0	0	0	0	0	0	2	0	0	0	0	0	0	0	0	0	0	2	0	0	0	0	0	0	0	0	0	0	0	0	0	0	0	0	0	0	0	0	0	0	0	0	0	0	0	0	0	0	0	0	0	0	0	0	0	0	0	0	0	0	0	0	0	0	0	0	0	0	0	0	0	0	0	0	0	0	0	0	0	0	0	0	0	0	0	0	0	0	0	0	0	0	0	0	0	0	0	0	0	0	0	0	0	0	0	0	0	0	0	2	0	0	0	0	0	0	0	0	2	0	0	0	0	0	0	0	0	0	0	0	0	0	0	0	0	0	0	0	0	0	0	2	0	2	0	0	2	0	0	0	0	0	0	0	0	0	2	0	0	0	0	0	0	0	0	0	0	0	0	0	0	0	0	0	0	0	0	0	0	0	0	0	0	0	0	0	0	0	0	0	0	0	0	0	0	0	0	0	0	0	0	0	0	0	2	0	0	2	4	0	0	0	0	0	0	0	0	0	0	0	0	0	0	0	0	0	0	0	0	0	0	0	0	0	0	0	0	0	0	0	0	0	0	0	0	0	0	0	0	0	0	0	0	0	2	0	0	0	0	0	0	0	0	0	0	0	0	0	0	0	0	0	0	0	0	0	0	0	0	0	0	0	0	0	0	0	0	0	0	0	0	0	0	0	0	0	0	0	0	0	0	0	0	0	0	0	0	0	0	0	0	0	0	0	0	0	0	0	0	0	0	0	2	0	0	0	0	0	0	0	0	0	0	0	0	0	0	0	0	0	0	0	0	0	0	0	0	0	0	0	0	0	0	0	0	0	0	0	0	0	0	0	0	0	0	0	0	0	0	2	0	0	0	0	0	0	0	0	0	0	0	0	0	0	0	0	2	0	0	0	0	0	0	0	0	0	2	0	0	0	0	2	0	0	0	0	0	0	2	0	2	0	0	0	0	0	0	0	0	2	0	0	0	0	0	0	0	0	0	0	0	0	0	0	0	0	0	0	0	2	0	0	0	0	0	0	0	0	0	0	0	0	0	0	0	0	0	0	0	0	0	0	0	0	0	0	0	0	0	0	0	0	0	0	0	0	0	2	0	0	0	0	0	0	0	0	0	0	0	0	0	0	0	0	0	0	0	2	0	0	0	0	0	0	0	0	0	0	0	0	0	0	0	0	0	0	2	0	0	0	2	0	0	0	0	0	0	0	0	0	0	0	0	0	0	0	0	0	0	0	0	0	0	0	2	0	0	0	0	0	0	0	0	0	0	0	0	0	0	0	0	0	0	0	0	0	0	0	0	0	0	0	0	0	0	0	0	0	0	0	0	0	0	0	0	0	0	0	0	0	0	0	0	0	0	0	0	0	0	0	0	0	0	0	0	0	0	0	0	0	0	2	0	0	0	0	0	0	0	0	0	0	0	0	0	0	0	0	0	0	2	0	0	0	0	0	0	0	0	0	0	0	0	0	0	0	0	0	0	0	0	0	0	0	0	0	0	0	0	0	0	0	0	0	0	0	0	0	0	0	0	0	0	0	0	0	0	0	0	0	0	0	0	0	0	0	0	0	0	0	0	0	0	0	0	0	0	0	0	0	0	0	0	0	0	0	0	0	0	0	0	0	0	0	0	0	0	0	0	0	0	0	0	0	0	0	0	0	0	0	0	0	0	0	0
2023.57924020569	0	2	0	0	0	0	0	0	0	2	0	0	0	0	0	0	0	0	0	0	0	0	0	0	0	0	0	0	0	0	0	0	0	0	0	0	0	2	0	0	0	0	0	0	0	0	0	0	0	0	0	0	0	0	0	0	0	0	0	0	0	0	0	0	0	0	0	0	0	0	0	0	2	0	0	2	0	0	0	2	0	0	0	0	0	0	0	0	0	0	2	0	0	0	0	0	0	0	0	0	0	0	0	0	0	0	0	0	0	0	0	0	0	0	0	0	0	0	0	0	0	0	0	0	0	0	0	0	4	0	2	0	0	0	0	0	0	0	0	0	0	0	0	0	0	0	0	0	0	0	0	0	0	0	2	0	0	0	0	0	0	0	0	0	0	0	0	0	0	0	0	0	0	0	0	2	0	0	0	0	0	0	0	0	0	0	0	0	0	0	0	0	0	0	0	0	0	0	0	2	0	0	0	0	0	0	0	0	0	0	0	0	0	0	0	0	0	0	0	0	0	0	0	0	0	0	0	0	0	0	0	0	0	0	0	0	0	0	0	0	0	0	0	0	0	0	0	2	0	0	0	0	0	0	0	0	0	0	0	0	0	0	0	2	0	0	0	0	0	0	0	2	0	0	0	0	0	0	0	0	0	0	4	0	0	0	0	0	0	0	0	0	0	0	0	0	0	0	0	0	0	0	0	0	0	0	2	0	0	0	0	0	0	0	0	0	0	0	0	0	0	0	0	0	0	0	0	0	0	0	0	0	0	0	0	0	0	0	0	0	0	0	0	0	0	0	0	0	0	0	0	0	0	0	0	0	0	0	0	0	0	0	0	0	0	0	0	0	0	0	0	0	0	0	0	0	0	0	0	0	0	0	0	0	0	0	0	0	0	0	0	0	0	0	0	0	0	0	0	0	0	0	0	0	0	0	2	0	2	0	0	2	0	0	0	0	0	0	0	2	0	2	0	0	0	0	0	0	0	0	0	0	0	0	0	0	0	0	0	0	0	0	0	0	0	2	0	0	2	0	0	0	0	0	0	2	0	0	0	0	0	0	0	0	0	0	2	0	0	2	0	0	4	4	0	0	0	0	0	0	0	0	0	0	0	0	0	0	0	0	0	0	0	0	0	0	2	0	0	0	0	0	0	0	0	0	0	0	0	3	0	0	0	0	0	0	0	0	0	2	0	0	0	0	0	0	0	0	0	0	0	0	0	0	0	0	0	0	0	0	0	0	0	0	0	0	0	0	0	0	0	0	0	0	0	0	0	0	0	0	0	0	0	0	0	0	0	0	0	0	0	0	0	0	0	0	0	0	0	0	0	0	0	0	0	0	0	2	0	0	0	0	0	0	0	0	0	0	0	0	0	0	0	0	0	0	0	0	0	0	0	0	0	0	0	0	0	0	0	0	0	0	0	0	0	0	0	0	0	0	0	0	0	0	2	0	0	0	0	0	0	0	0	0	0	0	0	0	0	0	0	2	0	0	0	0	0	0	0	0	0	2	0	0	0	0	2	0	0	0	0	0	0	2	2	0	0	0	0	0	0	0	2	0	2	0	0	0	0	0	0	0	0	0	0	0	0	0	0	0	0	0	0	0	4	0	0	0	0	0	0	0	0	0	0	0	0	0	0	0	0	0	0	0	0	0	0	0	0	0	0	0	0	0	0	0	0	0	0	0	0	0	0	0	0	0	0	0	0	0	0	0	0	0	0	0	0	0	0	0	0	2	0	0	0	2	0	0	0	0	0	0	0	0	0	0	0	0	0	0	0	2	0	0	0	0	0	0	0	0	0	0	0	0	0	0	0	0	0	0	0	0	0	0	0	0	0	0	0	2	0	0	0	0	0	0	0	0	0	0	0	0	0	0	0	0	0	0	0	0	0	0	0	0	0	0	2	0	0	0	0	0	0	0	0	0	0	0	0	0	0	0	0	0	0	0	0	0	0	0	0	0	0	0	0	0	0	0	0	0	0	0	0	0	0	0	2	0	0	0	0	0	0	0	0	0	0	0	0	0	0	0	0	0	0	2	0	0	0	0	0	0	0	0	0	0	0	0	0	0	0	0	0	0	0	0	0	0	0	0	0	0	0	0	0	0	0	0	0	0	0	0	0	0	0	0	0	0	0	0	0	0	0	0	0	0	0	0	0	0	0	0	0	0	0	0	0	0	0	0	0	0	0	0	0	0	0	0	0	0	0	0	0	0	0	0	0	0	0	0	0	0	0	0	0	0	0	0	0	0	0	0	0	0	2	0	0	0	0	0
2023.5889584114	0	0	2	0	0	0	0	0	0	2	2	0	0	0	0	0	0	0	0	0	0	0	0	0	2	2	0	0	0	0	0	0	0	0	0	0	0	0	0	0	0	0	0	0	0	0	0	0	0	0	2	0	0	0	0	0	0	0	0	0	0	0	0	0	0	0	0	0	0	0	2	0	2	0	0	2	0	0	0	2	0	0	0	0	0	0	0	0	2	0	2	0	0	0	0	0	0	0	0	0	0	0	0	0	0	0	2	2	0	0	0	0	0	0	0	0	0	0	0	0	0	0	0	0	0	0	0	0	4	0	2	0	0	0	0	0	0	0	0	0	0	0	0	0	0	0	0	0	0	0	0	0	0	0	2	0	0	0	0	0	0	0	0	0	0	0	0	2	0	0	0	0	0	0	0	2	0	0	0	0	0	0	0	2	0	0	0	0	0	2	0	0	0	0	0	0	0	0	0	2	0	0	0	0	0	0	0	0	0	0	0	0	0	0	0	0	0	0	0	0	0	0	0	0	0	0	0	0	0	0	0	2	0	0	0	0	0	0	0	0	0	0	0	0	0	0	0	0	0	0	0	0	0	0	2	0	0	0	0	0	0	0	0	0	0	0	0	0	0	0	0	2	0	0	0	0	0	0	0	0	0	0	6	0	0	0	0	0	0	0	0	0	0	0	0	0	0	0	0	0	0	0	0	0	0	0	2	0	0	0	0	0	0	0	0	0	0	0	0	0	0	0	0	0	0	0	0	0	0	0	0	0	0	0	0	0	0	0	0	0	0	0	0	0	0	0	0	0	0	0	0	0	0	0	0	0	0	0	0	0	0	0	0	0	0	0	0	0	0	0	0	0	0	0	0	0	0	0	0	0	0	0	0	0	0	0	0	0	0	0	0	0	0	0	0	0	0	0	0	0	0	0	0	0	0	0	2	0	0	0	0	0	0	0	0	0	0	0	0	2	0	2	0	0	0	0	0	0	0	0	0	0	0	0	0	0	0	0	0	0	0	0	0	0	0	2	0	0	2	0	0	0	0	0	0	2	0	0	0	0	0	0	0	0	0	0	2	0	0	2	0	0	6	4	0	0	0	0	0	0	0	0	0	0	0	0	0	0	0	0	0	0	0	0	0	0	2	0	0	0	0	0	0	0	0	0	0	0	0	3	0	0	0	0	0	0	0	0	0	2	0	0	0	0	0	0	0	0	0	0	0	0	0	0	0	0	0	0	0	0	0	0	0	0	0	2	0	0	0	2	0	0	0	0	0	0	0	0	0	0	0	0	0	0	0	0	0	0	0	0	0	0	0	0	0	0	0	0	0	0	0	0	0	0	0	0	0	0	0	0	0	0	0	0	0	0	0	0	0	0	0	0	0	0	0	0	0	0	0	0	0	0	0	0	0	0	0	0	0	0	0	0	0	0	0	0	0	0	0	0	2	0	2	0	0	0	0	0	0	0	0	0	0	0	2	0	0	0	0	0	0	2	0	0	0	0	0	0	2	0	0	2	0	0	0	0	2	0	0	0	0	0	0	2	2	0	0	0	0	0	0	0	2	0	2	0	2	0	0	0	0	0	0	0	0	0	0	0	0	0	0	0	0	0	6	0	0	0	0	0	0	0	0	2	0	0	0	0	0	0	0	2	0	0	0	0	0	0	0	0	0	0	0	0	0	0	0	0	0	0	0	0	0	0	0	0	0	0	0	0	0	0	0	2	0	0	0	0	0	0	0	2	0	0	0	2	0	0	0	0	0	0	0	0	0	0	0	0	0	0	0	0	0	0	0	0	0	0	0	0	0	0	0	0	0	0	0	0	0	0	0	0	0	0	0	0	0	2	0	0	0	0	0	0	0	0	0	0	0	0	0	0	0	0	0	0	0	0	0	0	0	0	0	0	0	0	2	0	0	0	0	0	0	0	0	0	0	0	0	0	0	0	0	0	0	0	0	0	0	0	0	0	0	0	0	0	0	0	0	0	0	0	0	2	0	0	2	0	0	0	0	0	0	0	0	0	0	0	0	0	0	0	0	0	0	0	0	0	0	0	0	0	0	0	0	0	0	0	0	0	0	0	0	0	0	0	0	0	0	0	0	0	0	0	0	0	0	0	0	0	0	0	0	0	0	0	0	0	0	0	0	0	0	0	0	0	0	0	0	0	0	2	0	0	0	0	0	0	0	0	0	0	0	0	0	0	0	0	0	0	0	0	0	0	0	0	0	0	0	0	0	0	0	0	0	0	0	0	0	0	0	0	0	0	2	0	0	0	0	0
2023.59867661711	0	0	2	0	0	0	0	0	0	2	2	0	0	0	0	0	0	0	0	0	0	0	0	0	2	2	0	0	0	0	0	0	0	0	0	0	0	0	2	0	0	0	0	0	0	0	0	0	0	0	2	0	0	0	0	0	0	0	0	0	0	0	0	0	0	0	0	0	0	0	2	0	0	0	0	2	0	0	0	2	0	0	0	0	0	0	0	0	2	0	2	0	0	0	0	0	0	0	0	0	0	0	0	0	0	0	2	2	0	0	0	0	0	0	0	0	0	0	0	0	0	0	0	0	0	0	0	0	3	0	2	0	0	0	0	0	0	0	0	0	0	0	0	0	0	0	0	0	0	0	0	0	2	0	0	0	0	0	0	0	0	0	0	0	0	0	0	2	0	0	0	0	0	0	0	2	0	0	0	0	0	0	0	2	0	0	0	0	0	2	0	0	0	0	0	0	0	0	0	0	0	0	0	0	0	2	0	0	0	0	0	0	0	0	0	0	0	0	0	0	0	0	0	0	0	0	0	0	0	0	0	2	0	0	0	0	0	0	0	0	0	0	0	0	0	0	0	0	0	0	0	0	0	0	2	0	0	0	0	0	0	0	0	0	0	0	0	0	0	0	0	0	0	0	0	0	0	0	0	0	0	0	6	0	0	0	0	0	0	0	0	0	0	0	0	0	0	0	0	0	0	0	0	0	0	0	2	0	0	0	0	0	0	0	0	0	0	0	0	0	0	2	0	0	0	0	0	0	0	0	0	0	0	0	0	0	0	0	0	0	0	0	0	0	0	0	0	0	0	2	0	0	0	0	0	0	0	0	0	0	0	0	0	0	0	0	0	0	0	0	0	0	0	0	0	0	0	0	0	0	0	0	0	0	0	0	0	0	0	0	0	0	0	0	0	0	0	0	0	0	0	0	0	0	0	0	2	0	0	0	0	0	0	0	0	0	0	0	2	2	0	2	0	0	0	0	0	0	0	0	0	0	0	0	0	0	0	0	0	0	0	0	0	0	0	2	0	0	2	0	0	0	0	0	0	2	0	0	0	0	0	0	0	0	0	0	2	0	0	2	0	0	6	3	0	0	0	0	0	0	0	0	0	0	0	0	0	0	0	0	0	0	0	0	0	0	2	0	0	0	0	0	0	0	0	0	0	0	0	3	0	0	0	0	0	0	0	0	0	0	0	0	0	0	0	0	0	0	0	0	0	0	0	0	0	0	0	0	0	0	0	0	0	0	0	2	0	0	0	2	0	0	0	0	0	0	0	0	0	0	0	0	0	0	0	0	0	0	0	0	0	0	0	0	0	0	0	0	0	0	0	0	0	0	0	0	0	0	0	0	0	0	0	0	0	0	0	0	0	0	0	0	0	0	0	0	2	0	2	0	0	0	0	0	0	0	0	0	0	0	0	0	0	0	0	0	0	0	0	0	2	0	2	0	0	0	0	0	0	0	0	0	0	0	4	0	0	0	0	0	0	0	0	0	0	0	0	0	2	0	0	2	0	0	0	0	2	0	0	0	0	0	0	2	2	0	0	0	0	0	0	0	2	0	2	0	2	0	0	0	0	2	0	0	0	0	0	0	0	0	0	0	0	0	6	0	0	0	0	0	0	0	0	2	0	0	0	0	0	0	0	2	0	0	0	0	0	0	0	0	0	0	0	0	0	0	0	0	0	0	0	0	0	0	0	0	0	0	0	0	0	0	0	2	0	0	0	0	0	0	0	2	0	0	0	2	0	0	0	0	0	0	0	0	0	0	0	0	0	0	0	0	0	0	0	0	0	0	0	0	0	0	0	0	0	0	0	0	0	2	0	0	0	0	0	0	0	2	0	0	0	0	0	0	0	0	0	0	0	0	0	0	0	0	0	0	0	0	0	0	0	0	0	0	0	0	2	0	0	0	0	0	0	0	0	0	0	0	0	0	0	0	0	0	0	0	0	0	0	0	0	0	0	0	0	0	0	0	0	0	0	2	0	2	0	0	0	0	0	0	0	0	0	0	2	0	0	0	0	0	0	0	0	0	0	0	0	0	0	0	0	0	0	0	0	0	0	0	0	0	0	0	0	0	0	0	0	0	0	0	0	0	0	0	0	0	0	0	0	0	0	0	0	0	0	0	0	0	0	0	0	0	0	0	0	0	0	0	0	0	0	2	0	0	0	0	0	0	0	0	0	0	0	0	0	0	0	0	0	0	0	0	0	0	0	0	0	0	0	0	0	0	0	0	0	0	0	0	0	0	0	0	0	0	2	0	0	0	0	0
2023.60839482282	0	0	2	0	0	0	0	0	0	2	2	0	0	0	0	0	0	0	0	0	0	0	0	0	2	2	0	0	0	0	2	0	2	0	0	0	0	0	2	0	0	0	0	0	0	0	0	0	0	0	2	2	0	0	0	0	0	0	0	0	0	0	0	0	0	0	0	0	0	2	2	0	0	0	0	2	0	0	0	0	0	0	0	0	0	0	0	0	2	0	2	0	0	0	0	0	0	0	0	0	0	0	0	0	0	0	2	4	0	0	0	0	0	0	0	0	0	0	0	0	0	0	0	2	0	0	0	0	0	0	0	0	0	0	0	0	0	0	0	0	0	0	0	0	0	0	0	0	0	0	0	0	2	0	0	0	0	0	0	0	0	0	0	2	0	0	0	2	0	0	0	0	0	0	0	2	0	0	0	0	0	0	0	2	0	0	0	0	0	2	0	0	0	0	0	2	0	0	0	0	0	0	0	0	0	2	0	0	0	0	0	0	2	0	0	0	0	0	0	0	0	0	0	0	0	0	0	0	0	0	0	2	0	0	0	0	0	0	0	0	0	0	0	0	0	0	2	0	0	0	0	2	0	2	2	0	0	0	0	0	0	0	0	0	0	0	0	0	0	0	0	0	0	0	0	0	0	0	0	0	0	0	6	0	0	0	0	0	0	0	2	0	0	0	0	0	0	0	0	0	0	0	0	0	0	0	2	0	0	0	0	0	0	2	0	0	0	0	2	0	0	2	0	0	0	0	0	0	0	0	0	0	0	0	0	0	0	0	0	0	0	0	0	0	0	0	0	0	0	2	0	0	0	0	0	0	0	0	0	0	0	0	0	0	0	0	0	0	0	0	0	0	0	0	0	0	0	2	0	0	0	0	0	0	0	0	0	0	0	0	2	0	0	0	0	0	0	0	0	0	2	0	0	0	0	0	0	0	0	0	0	0	0	0	0	0	0	0	2	2	0	0	0	0	0	0	0	0	0	0	0	0	0	0	0	0	0	0	0	0	0	0	0	0	0	2	0	0	2	0	0	0	0	0	0	2	0	0	0	0	0	0	0	0	0	0	2	0	0	0	0	0	6	0	0	0	0	0	0	0	4	0	0	0	0	0	0	0	0	0	0	0	0	0	0	0	2	0	0	0	0	0	0	0	2	0	0	0	0	3	0	0	2	0	0	0	0	0	0	0	0	0	0	0	0	0	0	2	0	0	0	0	0	0	0	0	0	0	0	0	0	0	0	0	0	2	0	0	0	4	0	0	0	0	0	0	0	0	0	0	0	0	2	0	0	0	0	2	0	0	0	0	0	0	0	0	0	0	0	0	0	0	0	0	0	0	0	0	0	0	0	0	0	0	0	0	0	0	0	0	0	0	0	0	0	0	2	0	2	0	0	0	0	0	0	0	0	0	2	0	0	0	0	0	0	0	0	0	0	0	2	0	2	0	0	0	0	0	2	0	0	0	0	0	6	2	0	0	0	0	0	0	0	0	0	0	0	0	2	0	0	0	0	0	0	0	0	0	0	0	0	2	0	0	2	0	0	0	0	0	0	0	2	0	2	0	2	2	0	0	0	2	0	0	0	2	0	0	0	0	0	0	0	0	6	0	0	0	0	0	0	0	2	2	0	0	0	2	0	0	0	2	0	0	0	0	2	0	0	0	0	0	0	0	0	0	0	0	0	0	0	0	0	0	0	0	2	0	0	0	0	0	0	2	0	0	0	0	0	0	0	2	0	0	0	2	0	0	0	0	0	0	0	0	0	0	0	0	0	2	0	0	2	0	0	0	0	0	0	0	0	0	0	0	0	0	0	0	0	2	2	0	0	0	0	0	0	2	0	0	0	0	0	0	0	0	0	0	0	0	0	0	0	0	0	0	0	0	0	0	0	0	2	0	0	0	2	0	0	0	0	0	0	0	0	0	0	0	0	0	0	0	0	0	0	0	0	0	0	0	0	2	2	0	0	0	0	0	0	0	0	2	0	2	0	0	0	0	0	0	0	0	0	0	2	0	0	0	0	0	0	0	0	0	0	0	0	0	0	0	0	0	0	0	0	0	0	0	0	0	0	0	0	0	0	0	0	0	0	0	0	0	0	0	0	0	0	0	0	0	0	2	0	0	0	0	0	0	0	0	0	0	0	0	0	0	0	0	0	0	0	2	0	0	0	0	0	0	0	0	0	0	0	0	0	2	0	0	0	0	0	0	0	0	0	4	0	0	0	2	0	0	0	0	0	0	0	0	0	0	0	0	0	0	2	0	0	2	0	0
2023.61811302853	0	0	2	0	0	0	0	0	0	0	2	0	0	0	0	0	0	0	0	0	0	0	0	0	2	2	0	0	2	0	2	0	2	0	0	0	0	0	2	0	0	0	0	0	0	0	2	0	0	0	2	2	0	0	0	0	0	0	0	0	0	0	0	0	0	0	0	0	0	2	2	0	0	0	0	0	0	0	0	0	0	0	0	0	0	0	0	0	2	0	2	0	2	0	0	0	0	0	0	0	0	0	0	0	0	0	2	4	0	0	0	0	0	0	0	0	0	0	0	0	0	0	0	2	0	0	0	0	0	0	0	0	0	0	0	0	0	0	0	0	0	0	0	0	2	0	0	0	0	0	0	0	2	0	0	0	0	0	0	0	0	0	0	2	0	0	2	2	0	0	0	0	0	0	0	0	0	0	0	0	0	2	0	2	0	0	0	0	0	2	0	0	0	0	0	2	0	0	0	0	0	0	0	0	0	2	0	0	0	2	0	0	2	0	0	0	0	0	0	0	0	0	0	0	0	0	0	0	0	0	0	2	0	0	0	0	0	0	0	0	0	0	0	0	0	0	2	0	0	0	0	2	0	2	2	0	0	0	0	0	0	0	0	0	2	0	0	0	0	0	0	0	0	0	0	0	0	0	0	0	0	0	6	0	0	0	0	0	0	0	2	0	0	0	0	0	0	0	0	0	0	0	0	0	0	2	2	0	0	0	0	0	0	2	0	0	0	0	2	0	0	2	0	0	0	0	0	0	0	0	0	0	0	0	0	0	0	0	2	0	0	0	0	0	0	0	0	0	0	2	0	0	0	0	0	0	0	0	0	0	0	0	0	0	0	0	0	0	0	0	0	0	0	0	0	0	0	2	0	0	0	0	0	0	0	0	0	2	0	0	2	0	0	0	0	0	0	0	0	0	2	0	0	0	0	0	0	0	0	0	0	0	0	0	0	0	2	0	2	0	0	0	0	0	0	2	0	0	0	0	0	0	0	0	0	0	0	0	0	0	0	0	0	0	0	2	0	0	0	0	0	0	0	0	0	2	0	0	0	0	0	0	0	0	0	0	0	0	0	0	0	0	6	0	0	0	0	3	0	0	4	0	0	0	0	0	0	0	0	0	0	0	0	0	0	0	0	0	0	0	0	0	0	0	2	0	0	0	0	3	0	0	2	2	0	0	0	0	2	0	0	0	0	0	0	0	0	2	0	0	0	0	0	0	0	0	2	2	0	0	0	0	0	0	0	2	2	0	2	4	0	0	0	0	0	0	0	0	0	0	0	0	2	0	0	0	0	2	0	0	0	0	0	0	0	0	0	0	2	0	0	0	0	0	0	2	0	0	0	0	0	0	0	0	0	2	0	0	0	0	0	0	0	0	0	0	2	0	2	0	0	0	0	0	0	0	0	0	2	0	0	0	0	0	0	0	0	0	0	0	2	0	2	0	0	0	0	0	2	2	0	0	0	2	6	2	0	0	0	0	0	0	0	0	0	0	0	0	2	0	0	0	0	0	0	0	0	0	0	0	0	2	0	3	0	0	0	0	0	0	0	0	0	0	0	0	2	2	0	0	0	2	0	0	0	2	0	0	0	0	0	0	0	0	6	0	0	0	0	0	0	0	2	2	0	0	0	2	0	0	0	2	0	0	0	2	2	0	0	0	0	0	0	0	0	0	0	0	0	0	2	0	0	0	0	0	2	0	0	0	0	2	0	2	0	0	0	0	0	0	0	0	0	0	0	2	0	0	0	2	0	0	0	0	0	0	0	0	0	2	0	0	2	0	0	0	0	0	0	0	0	0	0	0	0	0	0	0	0	2	2	0	0	0	0	0	0	2	0	0	0	0	0	0	0	0	0	0	0	0	0	0	0	0	0	0	0	0	0	0	0	0	2	0	0	0	0	0	0	0	0	0	0	0	0	0	0	0	0	0	0	0	0	0	0	0	0	0	0	0	0	2	2	0	0	0	0	0	0	0	0	2	0	2	0	0	0	0	0	0	0	0	0	0	4	0	0	0	2	0	0	0	0	0	0	0	0	0	0	0	0	0	0	0	0	0	0	0	0	2	0	0	0	0	0	0	0	0	0	0	0	0	0	0	0	2	0	0	0	0	0	2	0	0	0	0	0	0	0	0	0	0	0	0	0	0	0	0	0	0	0	2	0	0	0	0	0	0	0	0	0	0	0	0	0	2	0	0	0	0	0	2	0	0	2	4	0	0	0	2	0	0	0	0	0	0	0	0	0	0	0	0	0	0	2	0	0	2	0	0
2023.62783123424	0	0	0	0	0	0	2	0	2	0	0	0	0	0	0	0	0	0	0	0	0	0	0	0	0	2	0	0	2	0	2	0	2	0	0	2	2	0	2	0	0	0	0	0	0	0	2	0	0	0	2	2	0	0	0	0	0	0	0	0	0	0	0	0	0	0	0	0	0	2	0	0	0	0	0	0	0	0	0	0	0	0	0	0	0	0	0	0	2	0	0	0	2	0	0	0	0	0	0	0	0	0	0	0	0	2	0	3	0	0	0	0	0	0	0	0	0	0	0	0	0	0	0	2	0	0	0	0	0	0	0	0	0	0	0	0	0	0	0	0	0	2	0	0	4	0	0	0	0	0	0	0	2	0	0	0	0	0	0	0	0	2	0	2	0	0	2	0	0	0	2	0	0	0	0	0	0	0	0	0	0	2	0	0	0	0	0	0	2	2	2	0	0	0	0	2	0	0	0	0	0	0	0	0	0	2	0	0	0	2	0	0	2	0	0	0	0	0	0	0	0	0	0	0	0	0	0	0	0	0	0	2	0	0	0	0	0	0	0	0	0	0	0	2	0	0	2	0	0	0	0	2	0	2	2	0	0	0	0	0	0	0	0	0	2	0	0	0	0	0	0	0	0	0	0	0	0	0	0	0	0	0	0	0	0	0	0	0	0	4	2	0	0	0	0	0	2	0	0	0	2	0	0	0	0	2	0	0	0	0	0	0	0	2	0	0	0	0	2	0	0	2	0	0	0	0	0	0	0	0	0	0	0	0	0	0	0	0	4	0	0	0	0	0	0	0	0	0	0	2	0	0	0	5	2	0	0	0	0	0	0	0	0	0	0	0	0	0	0	0	0	0	0	0	0	2	0	2	0	0	0	0	0	0	0	0	0	4	0	0	2	0	2	2	0	0	0	0	0	0	2	0	0	0	0	0	0	0	0	0	0	0	2	0	0	0	2	0	2	3	0	0	2	0	2	4	0	0	0	0	0	2	0	0	0	0	0	0	0	0	0	2	0	2	0	0	0	0	0	0	0	0	0	0	0	0	0	0	0	0	0	0	0	0	0	0	0	0	0	0	2	0	0	0	0	0	0	3	0	0	4	0	0	0	0	0	0	0	0	0	0	0	0	0	0	0	0	0	0	0	2	0	0	0	2	0	0	2	0	3	0	0	2	2	0	0	0	0	2	0	0	0	0	0	0	0	0	2	0	0	0	0	0	0	0	0	2	2	0	0	0	0	0	0	0	2	2	0	2	3	0	0	0	0	0	0	0	0	0	0	0	0	2	0	0	0	2	2	0	0	0	0	0	0	0	0	0	0	2	0	0	0	0	0	0	2	0	0	0	0	0	0	0	0	2	2	0	0	0	0	0	0	0	0	0	0	2	0	2	0	0	0	0	0	0	0	0	0	2	0	0	0	2	0	0	0	2	0	0	0	2	0	2	0	0	0	2	0	2	2	0	0	0	4	5	2	0	0	0	0	0	0	0	0	0	0	0	0	2	0	0	0	0	0	0	0	0	0	0	0	0	2	0	3	0	0	0	0	0	0	0	0	0	0	0	0	0	2	0	0	0	2	0	0	0	2	0	0	0	0	0	0	0	0	0	0	0	0	0	0	0	0	2	0	0	0	0	2	0	0	0	2	0	0	0	2	2	0	0	0	0	0	0	0	0	0	0	2	0	0	2	2	0	0	0	0	2	0	0	0	0	6	0	0	0	0	0	0	0	0	2	0	0	0	0	0	0	0	0	2	0	0	0	0	0	0	0	0	0	2	2	0	2	0	0	0	0	0	0	0	2	0	0	0	0	0	0	0	0	2	2	0	0	0	0	0	0	2	0	0	0	0	4	0	0	0	0	0	0	4	0	0	0	0	0	0	0	0	0	0	0	0	2	2	0	0	0	0	0	2	0	0	0	0	0	0	0	0	2	0	0	0	0	0	0	0	0	0	0	0	0	2	2	0	0	0	0	0	0	0	0	2	0	0	0	0	0	0	2	0	2	0	0	0	4	0	0	0	2	0	0	0	2	0	0	0	0	0	0	0	0	0	0	0	0	0	0	0	2	4	0	0	0	0	2	0	0	0	0	0	0	0	0	0	0	2	0	0	0	0	2	2	0	0	0	0	0	0	0	0	0	0	0	0	0	0	0	0	0	0	0	2	0	0	0	0	0	0	0	0	0	0	0	0	0	2	0	0	0	0	0	2	0	0	2	4	0	0	0	2	2	0	0	0	0	0	2	0	0	0	0	0	0	0	0	0	0	2	0	0
2023.63754943995	0	0	0	0	0	0	2	0	2	0	0	0	0	0	0	0	0	0	0	0	0	0	0	2	0	3	0	0	2	0	2	0	2	0	0	2	2	0	0	0	0	0	0	0	0	0	2	0	0	0	3	2	0	0	0	0	0	0	0	0	0	0	0	0	0	0	0	0	2	2	0	0	0	0	0	0	0	0	0	0	0	0	0	0	0	2	0	0	0	4	0	0	2	0	0	2	0	0	0	0	0	0	0	0	4	4	0	3	0	0	0	0	0	0	0	0	0	0	0	0	0	0	2	2	0	0	0	0	0	0	0	0	2	0	0	0	0	0	0	0	0	2	0	0	6	0	0	0	0	0	0	0	2	0	0	0	0	0	0	0	0	2	0	2	0	0	2	0	0	2	2	0	0	0	0	0	0	0	0	0	0	2	0	3	0	0	0	0	2	0	2	0	0	0	2	2	0	0	0	0	0	0	0	0	0	2	2	2	0	2	0	0	2	0	0	0	2	0	0	0	0	0	0	0	0	0	0	0	0	0	0	0	2	0	0	0	2	0	2	0	0	0	0	2	0	0	2	0	0	0	0	2	0	2	0	2	0	0	0	0	0	2	0	0	2	0	2	0	0	0	0	0	2	0	0	0	0	0	0	0	0	0	0	0	0	0	0	0	0	4	2	0	0	0	0	0	2	0	0	2	2	0	0	0	0	2	0	0	0	0	0	0	0	2	0	0	0	0	2	0	2	2	0	0	2	0	0	0	0	0	0	0	0	0	0	0	0	0	6	0	0	0	0	0	2	0	2	0	0	0	0	0	0	5	2	0	0	0	0	0	0	0	0	0	0	0	0	0	0	0	0	0	0	0	0	2	0	2	0	0	0	0	0	0	0	0	0	4	0	0	2	2	2	2	0	0	0	0	0	0	2	0	0	0	0	0	0	0	0	0	0	0	2	0	0	0	4	0	2	3	0	0	2	0	2	4	0	0	0	0	0	2	0	2	0	0	0	0	0	0	0	2	0	2	0	0	0	0	0	0	0	0	0	0	0	0	0	2	0	0	0	0	0	0	0	0	0	0	0	0	4	0	0	0	0	0	0	5	0	0	4	0	0	0	0	0	0	0	0	0	0	0	0	0	0	0	0	0	0	0	2	0	0	0	2	0	0	2	0	3	0	0	2	2	0	0	0	0	2	0	0	0	0	0	0	0	0	2	0	0	0	0	0	0	0	0	2	2	0	0	0	0	0	0	0	0	2	0	2	3	0	0	0	0	0	0	0	0	0	0	0	0	2	0	0	0	2	2	0	0	0	0	2	0	0	0	0	0	2	0	0	0	0	0	2	2	0	0	0	0	0	0	2	0	2	2	2	0	0	0	0	0	0	0	0	0	2	0	0	0	0	0	2	0	0	0	0	0	2	0	0	0	2	2	0	0	2	0	0	2	0	2	0	0	0	0	2	2	2	2	0	0	0	6	5	4	0	0	0	0	0	0	0	0	0	0	0	0	0	0	0	0	0	0	0	0	0	0	0	0	0	2	0	3	0	0	0	2	0	0	0	0	0	0	0	0	0	2	0	0	0	0	2	0	0	2	0	0	0	0	0	0	0	0	0	0	0	0	0	0	0	0	2	3	0	2	0	2	0	0	0	0	0	0	0	2	2	0	0	0	0	0	0	0	0	0	0	2	0	0	2	2	0	0	0	0	2	0	0	0	0	6	0	0	0	0	0	0	0	0	2	0	0	0	0	0	2	0	2	2	0	0	0	0	0	0	0	0	0	2	2	0	2	0	0	0	0	0	0	0	2	2	2	0	0	2	0	0	0	2	2	0	2	0	2	0	0	0	0	0	0	0	4	0	0	0	0	0	0	4	0	0	0	0	0	0	0	0	0	0	0	0	2	2	0	0	0	0	0	2	0	0	0	0	0	0	0	0	2	0	0	0	0	0	0	4	0	0	0	0	0	2	2	0	0	0	0	0	0	0	0	2	0	0	0	0	0	0	2	2	2	0	0	0	5	0	0	0	2	0	0	0	2	0	0	0	0	0	0	0	0	0	0	0	0	2	0	0	2	4	0	0	0	0	2	0	0	0	2	0	0	0	0	0	0	2	2	0	2	0	2	2	0	0	0	0	0	0	0	0	0	0	0	0	2	0	0	0	0	0	0	3	0	0	0	0	0	0	0	0	0	0	0	0	0	2	0	0	2	0	2	2	0	0	2	4	0	0	0	2	2	0	0	0	0	2	2	0	0	0	0	0	0	0	0	2	0	2	0	0
2023.64726764566	0	0	0	0	0	0	2	0	6	0	0	0	0	0	0	0	0	0	0	0	0	0	0	2	0	5	0	0	2	0	2	0	0	0	0	2	2	0	0	0	2	0	0	0	0	0	2	0	0	0	5	0	0	0	0	0	0	0	0	2	0	0	0	0	0	0	0	0	4	0	0	0	0	0	0	0	0	0	0	0	0	0	0	0	0	4	0	2	0	4	0	0	2	0	0	4	0	0	0	0	0	0	0	0	4	8	0	0	0	0	0	0	0	0	0	0	2	0	0	0	0	2	2	2	2	0	0	0	0	0	0	0	2	0	0	0	0	0	0	0	0	2	2	0	6	0	0	0	0	0	0	0	0	0	0	0	0	0	0	0	0	2	0	2	0	0	2	0	0	2	2	0	0	0	0	3	0	0	0	0	0	2	2	3	2	0	0	0	2	0	2	0	0	0	2	0	0	0	0	0	0	0	0	2	0	0	2	2	0	2	0	0	0	0	0	0	2	2	0	4	0	0	0	0	0	0	2	0	0	0	0	0	2	0	0	2	2	0	2	0	0	2	0	2	0	0	0	0	0	0	0	0	0	2	0	2	0	0	0	0	0	2	0	0	2	0	2	0	0	0	0	0	2	0	0	0	0	0	0	0	0	0	0	0	2	2	0	0	0	6	0	2	0	0	0	0	2	0	0	2	2	0	0	2	0	2	0	0	0	0	2	0	0	0	2	0	0	0	0	0	2	0	0	0	2	0	0	0	0	2	2	0	2	0	0	0	0	0	6	0	0	0	0	0	2	2	4	0	2	0	0	2	0	5	2	0	0	0	0	0	0	0	0	0	0	0	0	0	0	0	0	0	0	0	3	2	0	2	0	0	0	0	0	0	0	0	0	4	0	0	2	4	2	2	0	0	2	0	0	0	2	0	0	0	0	0	3	0	0	0	0	0	2	0	0	0	6	0	0	3	0	0	4	0	2	4	0	0	0	2	0	4	0	4	2	0	0	0	0	0	0	2	0	4	2	0	0	2	0	0	0	2	0	0	0	0	0	2	0	0	0	0	0	0	0	2	0	0	0	0	8	2	0	0	0	0	0	5	2	0	3	0	0	0	0	0	0	0	0	0	0	0	0	0	0	2	0	0	6	0	2	0	0	2	2	0	0	2	0	3	0	0	0	2	2	0	0	0	2	0	0	0	0	0	0	0	0	0	0	0	0	0	0	0	0	0	6	2	0	0	0	0	0	0	0	0	2	2	2	0	0	0	0	0	0	0	0	2	0	0	0	0	2	0	0	0	2	0	0	0	0	0	2	0	0	0	0	0	2	0	0	0	0	0	2	2	0	0	0	0	0	0	2	0	2	2	2	0	0	0	0	0	2	0	0	0	0	0	0	0	0	0	2	0	0	0	0	0	0	0	0	0	2	2	0	0	2	0	0	2	0	4	0	2	3	0	2	2	2	2	0	0	0	6	0	3	0	0	0	0	0	0	0	0	0	0	0	0	0	0	0	3	0	0	0	0	0	0	0	0	0	0	0	5	0	0	0	2	0	0	0	0	0	0	0	0	0	2	0	0	2	0	2	0	0	2	0	0	0	0	0	0	0	0	0	0	0	0	0	0	0	2	2	3	2	2	0	0	0	0	0	0	0	0	0	2	0	0	0	0	0	0	0	2	2	2	0	2	0	0	2	2	0	0	2	0	2	0	0	0	0	6	2	0	0	0	0	0	0	0	2	0	0	0	0	0	2	2	2	2	2	0	0	0	0	0	0	0	0	0	2	0	2	0	0	3	0	0	2	0	2	2	2	0	0	2	0	0	0	0	2	0	2	0	2	0	0	0	0	0	0	2	6	0	0	0	0	0	0	6	0	0	0	0	0	2	0	0	0	0	0	0	2	2	0	0	3	2	0	2	0	0	0	2	2	0	0	2	2	0	0	0	0	0	0	4	0	0	0	0	0	0	2	0	0	4	0	0	2	0	0	0	0	0	2	0	0	0	4	2	2	0	0	0	5	0	0	0	2	0	0	0	4	0	0	0	0	0	0	0	0	0	0	2	0	4	0	0	2	4	0	0	0	0	4	0	0	0	2	0	0	0	0	0	0	2	2	0	2	0	2	2	0	0	0	0	0	0	0	0	2	0	0	0	2	0	0	0	0	0	0	5	0	2	0	0	0	0	0	0	0	0	0	0	0	2	2	0	2	0	2	2	2	0	2	3	0	0	0	2	2	0	0	0	0	2	2	0	0	0	0	0	0	0	0	2	0	2	0	0
2023.65698585137	3	0	0	0	2	0	2	0	6	0	3	0	0	0	2	0	0	0	0	0	0	0	0	2	0	5	0	0	3	0	0	0	0	0	0	2	2	0	0	0	2	2	0	0	0	0	0	0	2	0	5	0	4	0	0	0	2	2	0	2	0	0	0	0	0	0	0	0	4	0	0	0	0	0	2	0	2	0	0	0	0	0	0	2	0	4	0	2	0	4	0	2	2	0	2	8	0	0	0	0	0	0	0	0	4	8	3	0	0	0	0	0	0	0	0	0	6	0	0	4	2	2	2	0	2	0	2	0	0	0	0	0	2	0	0	2	0	0	0	0	0	2	2	0	8	0	0	0	0	2	0	0	0	0	0	0	0	2	0	2	0	4	0	0	0	0	0	0	3	2	2	0	0	0	0	3	0	0	0	0	2	0	2	3	2	0	0	2	2	0	2	2	0	2	2	0	0	0	0	0	0	0	2	2	3	0	2	2	0	0	0	0	0	0	0	0	2	2	0	4	0	0	2	0	0	2	2	0	2	0	0	3	2	0	2	2	2	0	2	0	0	2	2	2	0	0	0	0	0	2	2	0	0	3	0	2	2	0	0	0	0	2	0	0	2	0	2	2	0	0	0	0	2	0	2	0	4	0	0	0	0	0	0	0	2	2	0	0	0	6	3	2	0	0	0	0	4	0	0	2	4	2	0	4	0	2	0	0	2	0	2	0	0	0	2	0	2	0	0	0	2	0	0	0	2	0	0	0	0	2	2	2	2	2	0	0	3	0	8	0	0	0	0	0	2	2	4	0	2	3	0	2	0	5	2	0	0	0	0	0	0	0	0	0	0	2	0	0	0	0	0	0	2	2	5	2	0	0	0	0	0	2	2	0	0	0	0	4	0	2	0	4	2	2	0	2	2	0	0	0	0	0	2	0	0	0	3	2	0	0	0	0	2	2	0	0	5	0	0	3	0	0	4	2	2	4	0	0	0	2	0	4	0	4	2	0	0	0	0	0	0	4	0	4	2	0	0	2	3	0	4	4	0	2	0	0	2	2	0	0	0	2	0	0	0	2	3	0	0	0	8	4	0	0	0	0	0	7	2	0	3	0	0	0	2	0	0	0	0	0	0	2	0	0	0	2	0	0	6	2	4	0	0	2	0	0	2	2	0	0	2	0	3	2	2	0	0	0	0	0	0	0	2	0	0	0	0	0	0	0	2	0	2	0	0	0	6	0	0	0	0	0	0	0	0	0	0	2	2	0	0	0	0	0	0	0	0	2	2	2	0	2	5	0	2	2	2	0	0	0	0	0	2	0	0	0	0	0	2	0	0	0	0	0	2	0	0	0	0	0	2	0	2	0	2	0	2	0	0	0	0	0	2	0	0	0	0	0	3	0	0	2	2	0	0	0	0	0	0	0	0	0	4	4	0	0	2	0	0	4	0	4	0	2	3	0	4	2	0	0	0	0	0	6	0	3	0	3	0	0	2	0	0	0	2	0	0	0	0	0	0	3	0	0	2	0	0	0	2	0	0	0	2	7	3	0	0	2	0	0	0	2	0	2	0	0	0	5	0	2	4	0	2	0	0	0	0	0	0	0	0	0	0	0	0	0	0	0	0	0	0	2	0	3	2	2	0	0	0	0	0	0	0	0	0	3	0	0	2	0	2	0	0	2	2	2	2	2	0	0	3	2	0	0	2	0	0	0	0	0	0	5	2	0	2	0	2	0	0	2	2	3	0	0	0	0	2	2	2	2	2	0	0	2	2	0	0	2	0	0	2	0	0	0	0	5	0	0	2	2	4	2	2	0	0	2	0	0	0	0	0	2	2	0	2	0	2	0	0	0	0	6	6	0	0	0	2	0	0	6	0	0	0	0	0	2	0	0	2	0	0	0	0	4	2	0	3	2	0	2	0	0	0	6	2	0	0	4	4	0	0	0	0	2	0	6	0	0	0	2	0	0	0	0	6	4	0	0	2	0	2	0	0	0	2	2	0	0	4	2	4	0	0	0	3	0	0	0	0	0	0	0	4	0	0	0	0	0	0	0	0	0	0	2	0	4	6	2	2	4	0	0	0	0	4	0	0	0	4	0	0	0	2	0	2	0	2	0	2	0	2	0	0	0	2	0	0	0	0	0	2	2	0	0	2	2	0	0	0	0	0	5	0	6	0	0	0	2	0	2	0	2	0	0	0	0	6	0	2	0	2	0	2	2	0	3	0	0	0	0	2	0	0	0	0	2	2	2	0	0	0	0	0	0	0	2	0	0	0	2
2023.66670405709	3	3	5	0	2	0	0	0	6	0	3	0	0	2	2	0	0	2	4	0	0	0	0	2	0	5	0	0	5	0	0	0	0	2	2	0	0	0	0	0	2	2	0	0	0	0	0	2	2	0	5	0	6	0	0	0	2	2	0	2	0	0	0	0	0	2	0	0	6	0	0	0	0	4	4	0	4	0	2	0	0	2	0	2	2	4	0	2	0	6	0	2	0	0	6	10	0	0	0	0	0	0	2	0	6	10	5	0	2	0	0	0	0	0	0	2	8	0	2	4	2	2	2	0	2	0	2	0	6	0	0	0	2	0	2	6	2	3	0	0	2	0	2	0	8	0	2	0	0	2	2	0	0	0	0	2	0	4	0	2	0	3	0	0	0	2	0	0	3	2	2	0	0	0	0	5	0	0	0	0	2	0	4	5	6	0	0	2	2	0	2	2	0	2	2	0	0	0	0	3	0	4	2	2	3	0	2	2	0	0	0	0	0	2	2	2	2	2	0	6	0	2	2	0	4	2	2	0	2	0	0	5	2	2	2	2	2	0	2	2	0	6	2	2	0	2	0	0	0	2	4	0	2	3	0	2	4	0	0	0	0	2	0	0	0	0	2	4	0	0	0	0	2	0	6	0	4	2	0	0	0	0	0	0	2	4	0	0	0	5	5	2	0	0	0	0	3	2	0	2	3	4	2	4	0	3	0	0	6	0	2	0	0	0	2	2	2	0	0	2	2	3	2	0	2	0	0	0	0	2	2	2	2	2	0	0	5	0	8	0	0	0	0	0	2	2	6	0	4	3	0	2	0	5	2	0	0	0	0	0	2	0	2	0	0	2	4	0	0	0	0	0	2	4	5	2	0	0	0	0	0	4	2	0	0	0	2	3	2	2	0	4	2	0	2	2	2	2	2	0	0	0	4	0	0	0	3	6	3	0	0	0	0	2	0	0	5	4	0	3	2	0	3	6	0	3	0	0	2	2	6	3	0	4	2	2	0	0	2	0	0	6	0	3	4	0	0	2	3	2	4	4	2	2	5	0	2	2	0	0	0	2	0	2	0	2	3	0	0	0	10	6	0	6	2	0	0	5	2	2	3	0	0	2	2	0	0	2	0	2	2	2	2	0	0	2	0	2	6	2	3	2	0	2	0	0	2	0	0	0	6	2	3	0	2	0	0	0	0	3	0	0	2	0	0	0	2	0	0	0	2	0	4	0	0	0	6	0	0	0	0	0	2	0	0	0	0	2	0	0	0	0	0	2	2	2	0	2	2	2	0	6	5	0	2	2	0	0	0	0	0	0	2	0	0	2	0	0	0	0	0	2	0	2	2	0	0	0	0	0	2	0	2	0	0	0	2	0	0	2	2	0	2	0	2	0	0	0	3	0	0	4	2	0	0	2	0	6	0	0	0	2	4	8	0	0	0	0	0	4	0	4	0	2	3	0	6	2	0	0	0	2	0	5	0	5	0	5	0	0	2	0	0	0	2	0	0	0	0	6	0	5	0	0	4	2	5	5	2	6	0	0	2	5	3	0	0	2	0	0	0	2	3	4	0	0	0	5	2	2	4	0	2	0	0	0	0	0	0	2	0	0	0	0	0	0	2	2	0	0	0	2	0	3	2	2	0	0	0	0	0	0	0	3	0	3	0	2	2	0	2	2	2	2	2	2	2	5	2	0	3	2	0	0	2	0	0	0	2	2	0	5	2	3	2	2	2	0	4	2	2	3	0	2	0	0	2	2	4	3	4	0	0	2	2	0	0	4	2	0	0	3	0	0	0	5	0	0	2	2	4	4	2	2	0	2	0	0	2	3	0	2	2	2	2	0	2	3	0	3	0	8	5	0	0	0	2	2	0	5	0	0	0	2	0	2	2	0	2	0	0	0	0	6	2	0	5	4	2	2	2	0	0	8	2	2	0	4	3	0	0	0	2	2	0	6	2	0	0	2	0	0	0	2	6	4	4	5	2	0	2	3	0	0	2	2	0	0	5	2	6	0	2	0	3	0	0	0	0	0	0	4	3	0	0	3	2	0	0	0	0	0	0	2	0	4	6	4	0	3	0	0	0	0	3	0	0	0	6	0	0	0	4	2	2	0	2	0	2	0	5	0	0	0	2	0	0	2	0	2	2	2	4	0	2	2	0	0	0	0	0	5	0	6	2	2	0	2	0	2	0	2	0	0	0	0	6	0	2	2	2	0	6	4	0	3	0	4	0	0	5	0	0	0	2	2	2	2	2	2	2	0	5	0	0	2	0	0	2	2
2023.6764222628	5	3	5	0	2	0	3	2	5	0	5	2	2	2	2	0	0	6	4	0	0	2	2	2	3	3	2	0	5	0	0	2	0	4	2	0	0	3	0	2	4	2	0	0	0	0	0	2	2	0	3	0	6	0	0	0	2	2	0	2	0	0	0	0	0	2	0	0	6	0	3	0	0	6	6	3	4	0	2	3	2	2	2	2	2	5	0	2	0	6	0	2	3	2	6	10	2	0	0	0	2	0	2	0	6	12	5	0	2	0	0	2	0	2	0	2	8	0	2	4	2	4	0	0	2	0	2	0	6	2	3	0	2	2	2	6	2	5	0	0	2	0	2	0	8	0	2	0	0	2	6	0	0	0	0	4	0	6	4	2	0	3	0	0	0	2	0	3	3	0	0	2	0	0	0	7	0	0	0	0	4	0	4	3	6	0	0	2	6	0	0	2	0	4	2	0	0	2	0	5	0	4	4	4	3	0	0	2	0	0	0	0	0	2	4	2	2	2	0	6	2	2	2	0	4	4	2	0	2	2	0	5	0	2	4	2	2	5	2	2	0	8	2	0	0	2	0	3	0	2	4	0	2	5	0	2	6	0	0	0	2	0	0	0	3	0	0	4	0	2	2	0	2	0	6	0	8	2	0	0	0	0	3	0	4	6	2	5	0	8	7	2	0	2	0	2	3	6	2	0	3	6	4	4	0	7	0	0	6	0	4	0	0	0	2	2	2	0	0	6	0	5	2	2	0	0	0	0	0	4	2	2	4	4	0	0	5	0	8	0	0	0	0	0	2	2	6	0	6	5	0	2	0	0	0	0	0	0	0	0	2	2	2	0	0	2	4	0	0	0	0	0	2	4	5	0	2	0	0	0	0	4	2	0	0	0	2	0	2	2	0	4	0	0	2	2	2	4	2	0	5	0	8	0	2	0	5	6	3	0	0	0	0	2	0	2	5	4	0	0	6	3	3	6	0	0	0	0	2	2	6	5	0	4	4	2	2	0	2	0	0	5	0	3	6	0	0	4	5	2	6	6	2	2	5	0	2	0	0	0	0	4	4	4	0	2	5	2	0	0	12	6	3	6	2	2	2	3	4	4	6	2	0	2	2	2	2	4	0	2	2	2	2	0	0	4	0	2	6	2	5	2	2	4	0	2	2	0	0	3	6	2	3	3	2	2	2	0	0	5	0	0	2	0	0	0	2	0	2	0	2	0	6	0	2	0	6	0	0	0	0	0	2	0	0	3	0	2	0	0	0	0	0	4	4	2	0	2	4	2	0	6	5	0	2	4	0	0	0	2	0	2	0	0	0	2	0	0	0	0	0	4	2	2	2	3	2	0	2	0	2	0	0	0	0	0	0	0	0	4	2	0	2	2	2	0	0	0	5	0	0	4	2	2	0	2	0	6	0	0	0	2	5	12	0	0	0	4	0	3	3	4	0	2	5	0	6	0	0	0	0	2	2	3	0	5	0	5	0	0	2	0	2	0	2	0	2	0	0	6	0	5	2	0	4	4	5	5	2	6	0	0	2	5	5	0	0	6	4	0	0	2	3	6	0	5	3	5	4	2	4	0	2	2	0	3	0	0	0	4	0	4	0	2	3	4	6	4	2	2	0	2	0	3	2	4	2	0	2	2	0	0	0	5	0	3	0	4	2	0	2	2	2	2	2	4	4	5	2	0	3	0	0	2	2	2	5	0	2	4	0	0	4	3	2	2	2	0	4	2	0	5	0	2	0	0	0	2	6	7	4	2	2	2	2	2	0	6	4	0	3	3	0	2	0	5	0	0	2	2	5	6	0	2	2	0	2	0	2	5	0	2	0	2	0	0	2	3	0	3	0	8	8	0	0	0	2	2	0	8	0	0	0	4	0	2	2	0	2	0	0	2	0	5	2	0	7	4	4	0	2	2	2	8	2	4	0	4	3	0	0	0	4	4	0	5	2	2	2	4	2	0	0	2	8	4	4	5	2	2	2	3	2	3	2	2	0	0	5	0	5	0	4	2	0	0	0	0	0	0	2	4	3	0	2	3	2	2	0	2	0	2	0	2	0	5	8	4	0	0	0	0	0	0	3	0	0	2	5	2	0	0	6	2	4	0	3	0	0	0	5	0	0	0	2	0	0	2	0	4	2	4	4	0	3	2	0	2	0	0	2	3	0	6	4	4	2	2	2	2	0	2	0	4	0	0	6	2	0	2	0	0	6	6	3	6	0	6	0	0	5	0	0	0	4	2	0	2	2	4	2	2	5	0	5	2	0	0	4	2
2023.68614046851	5	5	5	0	2	0	5	4	6	3	5	2	2	2	2	0	0	6	4	0	0	4	2	0	8	0	2	0	5	2	0	2	0	4	2	0	3	3	0	4	5	4	2	0	0	2	0	2	4	0	0	0	6	0	0	0	2	2	0	0	4	0	0	0	0	4	0	0	5	0	3	0	0	6	6	3	4	0	2	5	2	2	2	2	2	3	6	2	0	5	0	2	5	4	6	11	2	0	0	0	2	0	2	2	5	5	5	3	4	2	0	2	6	2	2	2	10	0	2	6	2	3	0	0	2	0	2	0	8	2	3	2	3	2	2	6	2	5	0	2	4	3	4	0	5	0	2	0	0	2	6	2	3	2	0	4	0	6	8	2	0	3	0	3	0	2	0	3	5	3	0	2	0	2	3	5	4	0	2	0	4	5	3	3	6	0	6	4	8	0	0	2	2	4	3	0	3	2	0	5	2	4	6	3	5	5	0	5	0	0	4	0	0	2	6	2	0	2	0	6	2	2	2	2	4	4	0	2	2	2	2	5	0	2	4	0	3	5	3	4	0	10	2	0	6	2	0	3	0	2	6	0	4	5	0	0	6	4	2	2	4	3	0	3	3	4	0	4	0	2	2	0	3	2	6	0	8	2	0	0	0	2	3	0	5	7	2	5	0	8	7	0	0	4	0	2	3	6	2	0	3	6	6	3	2	7	0	2	6	2	3	2	0	0	0	6	2	0	0	6	0	5	2	2	0	0	0	0	0	5	2	2	3	4	0	0	5	0	5	0	0	0	0	0	3	2	5	0	5	7	2	0	0	0	0	0	0	2	0	0	2	6	6	0	2	2	4	0	0	6	3	0	6	4	3	0	2	0	0	0	4	6	2	5	0	0	6	0	2	2	0	3	0	0	6	2	3	6	4	2	5	2	12	4	2	2	3	6	5	0	0	3	3	4	0	6	3	6	3	3	6	3	3	6	3	0	2	0	4	0	10	3	0	0	3	6	6	0	2	0	0	5	0	5	6	0	0	6	5	6	6	8	4	2	5	0	2	3	0	0	0	4	6	6	0	5	5	2	2	0	5	5	3	8	2	4	2	7	5	4	6	4	2	2	2	2	2	4	0	2	2	2	2	2	2	3	3	2	3	4	5	2	2	3	0	2	2	3	0	3	6	2	3	3	0	2	4	2	0	5	2	4	2	0	4	0	2	0	2	0	2	2	6	0	2	0	0	0	0	0	0	0	2	0	0	3	5	3	0	3	0	0	0	6	4	8	6	2	4	2	0	6	5	2	2	6	3	0	0	2	0	2	0	0	0	4	0	0	0	2	0	4	2	2	3	3	2	3	2	0	2	0	0	0	3	0	3	2	0	6	2	0	2	2	2	2	3	0	7	2	2	6	0	2	0	2	2	6	0	4	0	2	5	12	0	0	0	4	0	5	3	3	0	2	3	2	10	0	0	0	0	2	2	6	3	5	0	5	0	0	2	0	2	0	2	0	2	0	0	6	2	3	2	0	4	6	5	5	2	10	0	0	2	5	5	5	0	8	6	0	0	2	5	6	0	5	8	5	6	4	3	0	3	2	0	5	0	0	2	6	2	6	4	4	3	6	6	4	2	2	2	0	0	0	0	5	2	0	6	2	0	0	0	5	0	3	0	4	4	2	2	2	2	0	0	5	6	5	2	0	3	0	5	2	0	2	5	0	2	4	0	8	3	5	2	4	2	0	6	2	0	5	3	2	0	0	0	0	5	7	4	2	2	2	2	2	4	6	6	0	5	5	0	6	0	3	0	0	0	2	5	5	0	4	2	0	6	2	2	5	0	2	0	2	0	4	2	5	0	5	2	10	8	2	2	0	2	2	0	8	4	0	0	4	6	5	2	0	2	0	0	4	0	5	2	2	5	6	6	0	6	2	4	10	4	6	0	3	3	0	0	0	4	4	0	3	2	4	2	4	2	0	0	6	8	3	6	5	0	2	2	5	2	8	2	2	0	2	3	3	5	0	4	4	0	2	0	2	5	0	2	6	5	0	2	5	2	4	0	6	0	2	0	0	0	3	8	4	3	0	0	0	0	0	3	0	4	4	5	2	0	0	6	4	6	0	3	0	0	2	5	0	0	0	4	6	2	2	0	6	0	4	4	0	5	2	2	2	2	0	2	0	2	6	6	4	4	2	2	2	3	4	0	6	0	0	6	4	0	2	0	0	6	6	3	6	2	6	0	0	5	2	0	0	4	0	0	4	6	4	6	2	5	0	5	0	0	0	4	2
2023.69585867422	3	5	7	0	4	0	9	4	3	5	3	2	4	2	3	0	2	6	4	0	0	6	2	5	14	0	2	2	3	2	0	2	5	6	2	0	3	5	5	4	5	4	2	2	0	4	0	2	8	2	0	0	6	2	2	2	2	2	2	0	4	0	0	0	0	4	0	0	5	0	7	0	0	8	5	9	8	0	2	5	2	2	2	0	2	3	8	3	0	7	0	3	5	6	5	9	2	2	2	0	2	2	2	2	7	8	3	5	6	2	2	6	6	6	2	2	9	2	2	5	3	5	0	0	0	0	4	0	8	2	3	4	3	2	2	7	2	9	0	2	6	3	3	2	3	0	4	2	0	3	6	2	3	2	0	4	2	5	8	2	0	3	0	5	0	2	3	7	5	3	3	2	0	4	3	9	6	0	2	2	3	5	3	3	5	0	6	3	10	0	3	0	2	5	3	3	5	2	2	5	2	6	6	5	5	5	3	7	2	0	4	0	5	4	6	4	0	3	0	3	4	2	2	4	6	7	0	6	2	2	2	5	0	2	3	0	3	5	3	4	0	18	0	3	6	2	0	5	0	2	5	0	4	3	0	0	5	4	4	2	6	3	0	5	5	6	0	5	0	2	4	0	3	2	7	2	9	2	0	2	0	4	3	0	5	7	2	5	2	8	7	0	2	6	0	6	3	6	4	0	3	6	8	0	2	11	0	4	5	2	5	2	2	0	0	6	2	2	3	6	0	5	2	2	5	0	0	2	0	5	0	2	5	7	0	2	5	0	3	2	2	2	0	0	3	0	5	0	7	10	2	3	0	3	3	0	4	6	2	0	2	6	6	0	2	5	6	4	2	6	3	2	6	3	8	3	2	5	0	0	4	5	0	5	0	0	6	0	2	0	0	3	3	0	8	4	3	6	6	2	5	2	12	4	2	6	3	7	5	2	0	5	3	3	2	6	3	6	5	3	6	3	7	6	3	0	2	0	6	0	12	3	0	3	5	6	6	0	2	2	0	3	0	3	5	0	0	6	5	6	3	10	4	5	5	0	0	3	0	2	0	5	6	8	0	5	5	2	2	0	8	5	3	8	2	6	4	11	5	6	10	4	4	2	0	4	2	4	2	2	4	0	2	2	4	5	5	4	5	8	3	4	2	5	0	4	2	3	2	8	5	4	3	5	3	6	4	2	3	5	2	6	0	0	6	0	2	5	2	0	2	2	5	0	2	0	3	5	4	2	0	0	4	2	4	3	7	3	5	5	0	2	0	6	6	12	6	0	3	2	0	6	5	2	4	8	3	0	0	2	0	2	3	2	0	4	0	0	0	2	2	4	4	2	5	3	4	5	2	0	0	0	0	2	3	5	3	2	0	6	2	2	0	2	4	2	5	0	10	2	6	5	0	4	0	2	6	8	0	4	2	6	3	12	0	2	0	4	0	5	3	3	0	0	3	2	13	0	0	0	0	2	2	10	5	5	3	5	2	0	0	3	6	0	0	0	2	0	0	8	2	6	4	4	6	6	5	5	2	12	2	5	6	8	5	5	2	8	6	0	2	2	7	5	0	5	14	5	6	4	0	5	3	4	0	5	2	0	2	6	2	6	4	4	3	6	6	4	2	4	6	5	0	5	5	5	2	0	6	2	0	0	0	9	0	3	5	4	5	4	0	2	2	0	0	5	6	5	2	2	3	3	7	4	3	2	5	0	2	6	2	8	5	5	0	6	3	0	6	5	3	5	5	2	0	0	0	0	5	11	5	2	2	2	0	4	4	5	6	5	9	5	0	6	0	8	0	0	0	0	3	5	0	4	4	0	6	2	2	5	0	3	0	2	0	6	3	9	0	5	2	9	8	2	2	2	2	4	2	8	4	0	2	4	6	5	2	0	2	2	0	4	0	3	0	2	9	5	6	3	8	2	6	9	3	6	2	0	3	2	0	0	8	3	0	3	2	6	4	3	2	0	0	6	3	0	6	7	0	4	0	5	2	14	3	0	0	2	3	3	3	2	6	4	0	2	0	2	7	0	2	6	3	2	2	5	4	6	4	6	0	2	2	0	0	3	3	5	3	0	0	0	0	2	7	2	6	4	3	6	0	2	5	4	5	0	3	0	0	2	5	5	2	0	6	6	2	2	0	6	0	5	6	0	5	6	2	4	4	2	2	0	2	3	6	6	4	0	6	0	3	3	0	6	0	0	0	6	0	2	3	0	5	5	3	10	4	8	0	0	5	2	0	0	6	0	0	8	8	4	6	4	5	0	9	0	0	0	4	0
2023.70557687993	3	5	3	4	3	4	9	6	3	5	3	6	4	0	3	0	2	5	3	0	0	6	2	5	14	0	4	2	5	4	5	6	5	8	0	0	3	9	7	4	5	6	2	6	2	4	3	0	8	2	0	5	3	2	4	4	0	3	2	3	4	2	0	0	0	6	0	2	3	3	7	0	3	10	7	9	12	0	0	5	2	6	2	0	6	3	8	3	0	5	3	3	5	6	3	16	2	2	2	0	6	6	5	4	5	8	0	5	6	6	2	10	6	10	6	0	10	4	5	3	5	7	0	3	0	2	5	0	5	2	5	4	5	2	2	9	5	9	2	2	8	5	3	4	0	0	5	4	2	3	5	4	5	6	3	3	4	3	12	5	0	3	0	5	0	0	3	7	9	3	5	4	2	6	5	8	6	0	2	2	3	5	3	3	3	0	6	3	10	0	5	0	2	5	5	3	5	2	4	6	6	3	5	5	9	5	3	7	2	3	6	2	5	4	9	5	0	3	0	5	4	3	0	6	6	7	3	6	5	6	4	0	0	6	3	0	5	5	5	7	2	16	0	5	6	6	0	9	0	5	5	0	5	6	0	5	7	4	6	4	6	5	0	5	7	6	3	5	2	2	4	0	5	2	9	6	8	5	2	4	2	6	3	0	5	15	2	5	4	8	6	0	6	6	2	6	3	6	6	3	3	5	7	3	2	14	3	4	3	2	7	4	2	3	0	7	0	4	3	5	0	3	5	6	5	0	2	2	2	5	3	5	5	7	4	6	0	0	0	6	2	4	0	4	5	0	3	2	8	10	2	3	0	7	3	0	6	6	2	0	0	6	8	4	2	5	6	4	2	6	7	4	8	3	9	5	2	11	4	2	4	5	5	5	2	4	7	0	5	3	3	8	5	5	10	8	5	6	8	2	5	6	14	6	2	6	3	9	5	4	0	5	3	3	4	6	10	5	5	3	6	5	7	8	3	0	2	0	5	0	18	3	2	3	11	5	6	0	6	4	2	3	0	3	3	3	2	6	3	5	3	12	6	5	3	3	0	3	0	2	0	5	6	10	2	5	3	2	6	0	8	3	3	5	5	6	4	12	5	6	8	10	6	0	3	6	6	5	4	5	4	0	4	6	4	11	5	5	5	8	5	5	6	11	5	6	3	5	2	8	6	5	3	7	5	10	6	2	3	6	2	6	3	2	6	2	4	5	4	2	0	4	3	0	6	2	7	5	6	6	6	0	5	2	4	5	7	3	5	5	0	4	2	5	8	16	6	3	3	5	2	3	3	2	3	8	3	0	2	6	2	2	5	2	4	5	0	2	3	4	2	6	4	5	5	3	10	5	2	0	3	4	0	4	5	5	5	2	4	6	0	6	0	2	5	2	5	4	10	6	6	5	0	6	0	2	6	7	3	4	4	6	5	12	4	2	5	6	0	3	5	8	0	0	3	2	13	5	5	0	4	6	4	12	5	6	5	0	4	2	0	5	6	0	0	2	6	2	0	7	2	7	6	4	3	5	3	3	0	18	2	5	5	10	3	5	4	10	6	6	4	3	6	7	3	9	14	3	5	3	3	5	5	4	0	5	6	0	6	5	2	6	4	4	3	6	6	3	2	6	8	5	3	5	5	5	2	3	6	2	2	3	4	9	4	3	5	4	7	4	3	3	2	0	0	5	5	3	6	2	3	5	7	10	3	2	5	0	5	8	2	10	5	5	0	6	3	2	3	5	5	3	5	6	0	3	0	0	5	14	3	2	2	0	3	4	4	5	5	5	9	5	5	8	0	9	2	2	3	5	5	5	3	7	6	3	6	2	4	5	0	5	0	4	3	6	3	7	0	5	4	10	8	2	6	2	0	3	4	8	6	4	6	9	6	5	3	2	0	4	0	6	0	3	3	4	8	3	7	5	11	6	6	10	3	5	4	3	3	4	0	0	12	3	2	3	5	6	4	5	6	3	3	5	6	3	6	7	0	6	3	3	2	14	3	5	5	2	0	7	3	2	8	6	3	4	0	2	7	0	2	5	3	2	2	5	5	8	6	6	2	2	2	3	0	3	6	5	5	0	0	0	2	2	7	4	6	6	3	6	0	4	3	5	7	5	3	2	5	4	3	11	4	0	5	6	4	0	0	5	3	5	6	2	5	5	2	6	6	4	2	0	6	0	5	6	4	3	10	0	5	3	0	10	2	5	6	6	3	5	5	5	3	7	5	8	4	10	0	3	3	4	0	2	6	0	0	8	8	9	7	4	3	0	11	0	2	0	9	3
2023.71529508564	3	7	8	6	5	4	11	5	3	5	3	6	5	0	5	2	2	3	3	0	4	8	8	10	20	3	3	2	10	6	5	6	5	8	0	3	5	10	9	5	3	8	4	6	4	6	3	5	8	2	3	5	5	2	6	6	5	3	6	5	8	4	2	2	4	5	4	2	12	5	5	2	5	8	5	14	18	2	3	3	8	7	3	3	6	5	10	3	5	10	5	5	7	8	0	16	0	2	4	2	6	6	5	6	10	6	0	11	5	6	2	11	6	11	6	3	10	6	5	3	9	8	5	5	0	6	5	0	6	5	7	6	5	0	0	8	8	10	4	4	12	5	5	6	0	2	5	6	6	5	0	10	11	6	5	3	6	0	12	5	4	7	0	5	2	0	9	5	9	5	5	5	6	6	7	6	6	0	2	2	5	7	3	0	0	4	6	5	8	0	7	5	2	3	5	5	5	5	6	6	6	3	6	5	9	5	5	9	2	3	6	2	5	3	7	5	3	3	0	5	4	5	0	6	3	5	5	6	5	5	6	5	0	6	5	5	9	7	5	7	6	14	3	7	6	5	0	10	0	5	3	0	5	3	0	5	5	6	6	4	5	5	0	5	6	6	7	7	2	2	4	5	9	2	8	6	3	5	2	4	6	6	8	4	3	14	0	7	6	6	0	5	6	8	2	8	7	3	6	5	7	3	7	3	2	13	5	6	3	6	8	8	2	5	3	7	5	6	5	0	0	0	7	5	5	0	2	2	6	3	5	5	5	5	6	6	0	2	0	6	2	8	2	6	5	3	12	4	8	10	4	5	6	9	5	0	6	6	4	0	3	5	8	4	4	5	3	6	2	6	7	6	8	3	16	5	0	15	4	2	6	3	5	5	2	6	7	6	8	3	5	8	5	5	10	10	7	3	12	4	3	6	10	6	2	6	6	8	7	4	2	5	7	5	6	5	12	5	5	9	3	7	9	12	7	6	2	4	5	3	14	0	4	8	10	9	5	2	7	4	6	10	2	3	0	5	4	3	0	7	6	10	5	7	5	7	0	5	2	4	2	5	9	10	2	5	0	0	6	3	6	5	8	6	10	5	4	16	3	3	11	12	6	0	3	6	5	5	6	7	3	5	7	6	6	10	5	5	10	8	7	5	8	10	5	6	5	9	4	12	5	8	3	6	5	10	6	2	9	6	4	6	5	2	10	2	5	5	3	6	5	8	0	0	8	6	9	5	6	6	6	0	5	2	6	7	7	5	7	11	2	4	6	3	8	18	6	3	0	5	4	8	8	4	5	12	7	0	6	5	2	0	5	2	4	5	2	2	7	6	4	3	5	10	5	3	12	5	6	2	7	4	0	6	5	5	5	6	6	3	0	6	0	2	5	2	5	6	10	6	6	3	3	6	0	5	6	3	3	4	6	5	5	15	4	2	5	6	0	6	7	8	5	0	0	2	17	5	5	5	4	7	5	11	5	6	5	0	8	6	0	5	6	4	0	2	5	2	5	3	2	9	5	4	3	7	0	5	0	14	4	5	5	12	0	5	6	13	3	6	6	5	10	7	5	7	20	8	3	5	3	5	5	9	0	5	6	2	6	3	4	9	6	6	8	9	3	6	0	6	10	9	3	5	5	3	0	5	6	2	2	5	6	10	4	3	5	3	9	6	5	5	5	3	5	3	6	3	6	6	3	5	7	12	5	4	3	2	10	8	6	10	10	5	0	5	3	4	3	5	5	0	5	6	0	5	0	3	3	13	3	8	4	0	3	5	6	0	7	5	11	7	5	8	2	16	6	4	5	7	5	3	5	7	6	5	5	2	5	0	5	9	5	5	7	6	3	7	6	7	10	10	6	2	8	4	0	5	6	6	6	6	6	8	6	5	5	2	5	6	2	8	0	10	5	6	6	3	7	7	11	5	5	10	5	3	6	3	7	6	6	2	10	0	2	5	5	6	4	5	6	5	5	9	5	5	3	10	5	5	3	8	0	20	3	5	5	2	3	7	10	2	8	8	3	6	0	4	7	6	0	8	3	2	0	7	5	14	6	5	2	6	6	3	2	5	5	7	5	6	0	2	6	2	9	8	10	5	5	5	0	6	5	5	9	5	0	6	5	6	3	15	6	0	5	6	10	0	0	3	5	3	3	4	5	5	4	6	6	6	3	3	6	0	3	5	5	3	10	5	7	5	0	14	4	5	6	6	7	5	5	5	0	5	3	11	6	8	2	5	3	4	0	2	5	3	5	8	7	8	7	5	5	0	10	5	2	5	8	3
2023.72501329135	6	10	10	6	5	6	9	6	0	6	10	8	9	0	5	6	2	3	3	6	4	9	10	12	17	10	5	4	12	8	5	8	5	15	3	3	3	12	11	5	3	10	7	8	8	7	5	5	8	2	10	5	14	6	6	6	5	5	6	7	9	6	4	2	6	7	4	4	10	5	7	2	7	10	14	14	18	4	5	3	10	11	3	3	8	8	12	7	5	14	9	5	8	8	0	18	3	4	6	4	5	8	5	5	14	15	10	14	5	5	2	21	7	21	10	5	14	6	5	6	11	10	5	5	3	6	7	4	11	5	8	7	5	3	3	8	8	12	6	7	10	5	5	6	6	4	5	6	8	5	3	14	17	6	7	3	6	3	12	5	4	10	2	5	4	3	11	7	12	5	5	5	6	7	5	9	7	2	3	4	8	3	3	6	0	4	7	6	5	3	11	5	4	5	5	7	5	5	6	8	8	3	5	5	12	3	7	9	2	5	3	2	5	3	7	5	5	7	4	5	3	5	0	9	3	5	12	6	5	5	6	12	0	8	8	5	10	8	5	11	6	19	3	11	3	5	0	12	4	5	8	0	5	3	3	7	14	6	5	6	3	3	4	9	10	7	7	11	8	0	3	5	10	5	8	6	6	7	6	6	8	7	16	6	3	18	0	8	6	10	8	5	8	9	6	8	10	5	10	5	10	0	7	3	0	14	9	8	5	6	10	8	4	5	5	5	5	6	7	3	0	0	17	5	5	2	4	2	6	3	7	7	3	5	8	8	0	6	6	6	6	12	6	6	5	3	10	6	8	10	7	7	6	14	11	0	8	9	10	0	5	3	7	4	7	7	3	6	6	3	7	6	8	3	18	5	6	21	6	4	5	8	8	9	4	8	5	8	8	3	5	8	7	5	5	12	9	3	10	3	3	5	10	13	0	9	8	8	10	8	4	9	8	3	6	3	16	17	5	12	5	8	11	18	8	8	5	8	6	5	12	3	6	10	16	9	3	4	11	6	8	16	8	3	3	9	6	5	3	8	3	8	7	9	10	9	0	5	4	4	6	9	5	7	6	8	3	0	5	5	15	5	16	11	14	3	3	14	3	3	15	13	8	0	3	12	5	7	6	9	3	5	9	10	7	16	6	13	12	8	9	13	10	16	5	10	11	9	6	11	7	8	8	10	5	14	6	0	11	8	3	7	5	8	17	2	5	5	5	6	5	8	3	4	10	6	14	8	6	6	6	2	13	4	6	6	6	7	9	14	8	8	6	3	15	14	5	9	3	7	8	15	10	7	5	10	8	5	6	5	6	3	9	6	6	5	6	4	7	8	4	8	8	14	7	6	16	9	5	4	7	4	5	6	5	8	3	5	6	3	3	8	3	3	13	5	5	8	10	6	9	8	5	7	6	5	6	3	5	5	6	5	10	16	6	6	9	5	4	3	6	8	5	3	0	3	16	11	5	11	8	11	5	10	8	6	9	0	12	6	0	7	8	6	0	6	5	2	5	3	0	16	5	6	9	10	5	10	0	12	4	5	7	14	3	9	6	14	6	8	6	9	8	11	7	5	17	10	6	3	3	5	5	14	4	5	6	8	5	3	7	5	6	5	16	5	5	10	3	7	16	11	3	9	7	3	0	5	3	0	4	5	8	12	8	6	5	3	8	8	5	5	5	5	7	3	5	8	6	8	6	7	8	16	5	5	3	4	14	15	6	6	10	9	5	5	5	8	3	5	5	3	5	6	2	9	5	5	0	14	8	10	5	0	3	5	5	0	10	7	9	10	5	6	4	18	8	8	12	9	10	0	5	11	7	5	3	0	5	0	5	11	5	7	7	7	5	15	6	10	14	14	10	0	12	6	3	9	6	10	13	6	8	10	3	8	5	2	5	6	4	8	5	16	5	5	9	0	5	11	12	5	3	14	5	3	6	3	10	6	6	2	13	3	4	8	5	13	3	5	5	5	5	9	10	5	3	12	7	5	3	12	3	17	7	8	5	0	8	10	16	2	15	10	5	7	4	3	6	6	3	12	3	2	3	10	5	15	8	3	2	5	6	5	6	8	10	11	5	8	4	8	8	4	11	8	17	7	9	7	0	6	5	5	14	5	0	6	11	7	8	21	6	6	6	5	14	0	4	3	7	5	3	6	0	7	3	7	7	6	7	10	8	0	3	3	5	3	14	8	5	6	2	17	6	5	10	13	7	7	9	5	0	14	6	15	7	10	4	5	8	6	2	2	3	5	5	8	5	10	5	8	10	4	8	5	2	5	10	5
2023.73473149706	8	14	7	6	13	10	8	14	6	9	12	10	11	5	5	6	6	8	5	6	6	8	16	18	15	12	5	10	28	9	5	10	0	13	5	5	5	12	11	6	7	15	11	12	8	7	5	5	5	2	12	7	18	5	8	5	7	7	9	11	12	6	10	4	6	5	6	6	12	5	6	2	9	12	22	20	25	6	5	8	16	13	5	5	8	12	10	7	5	20	13	5	12	10	3	20	3	10	7	8	5	12	5	13	20	19	12	13	12	10	6	24	9	24	14	7	12	7	5	10	16	8	7	5	5	10	15	6	26	9	10	8	3	3	5	12	12	15	6	11	18	7	5	10	12	6	15	7	8	3	8	18	18	7	9	6	10	8	12	8	8	8	2	10	6	5	11	6	14	5	3	12	6	7	7	10	7	6	3	8	10	6	3	10	5	6	9	6	15	5	19	9	8	5	10	8	6	5	7	17	12	3	5	8	14	6	7	6	4	5	5	2	0	9	16	15	5	7	4	12	9	7	3	11	8	3	14	3	8	5	10	18	5	8	10	5	10	12	3	13	6	15	5	19	0	7	0	12	6	8	14	0	5	3	5	9	22	10	3	7	3	7	6	10	10	7	7	15	16	3	9	7	10	5	12	8	12	13	8	10	12	7	20	6	10	31	5	12	7	20	10	5	8	8	12	5	8	8	9	5	8	5	7	6	3	15	13	14	12	5	8	8	4	5	5	5	9	5	8	8	5	5	21	9	6	2	6	2	8	10	7	11	0	3	14	11	9	6	12	10	8	18	6	8	10	9	12	6	13	7	11	7	6	17	12	2	8	17	10	6	5	8	7	6	11	7	8	10	8	0	7	7	14	9	19	3	10	24	10	4	5	14	12	12	4	8	5	10	12	5	5	16	11	9	6	12	14	6	18	8	5	7	12	17	3	17	16	12	14	11	6	10	10	5	9	8	17	22	7	20	8	10	12	22	10	10	5	12	5	5	12	5	12	10	16	10	8	4	13	5	12	16	8	3	6	13	8	3	8	12	5	18	5	8	12	9	5	5	6	6	6	12	7	5	12	11	8	5	5	5	19	6	20	26	14	5	9	21	10	8	20	15	10	5	5	16	5	13	5	9	9	5	11	14	7	16	9	12	10	5	12	11	12	16	7	9	11	11	7	17	7	10	8	10	13	14	9	0	11	17	5	7	9	16	20	4	7	0	5	6	7	8	8	4	12	6	16	6	5	7	8	2	12	10	5	12	5	6	15	13	8	7	6	3	13	9	3	9	9	11	12	21	15	11	13	13	10	7	8	5	6	3	9	5	6	5	6	8	7	9	5	20	6	14	7	10	16	10	7	6	11	6	5	10	7	6	7	5	6	6	3	11	5	5	12	5	7	14	7	7	17	14	5	5	6	5	3	3	5	6	6	5	18	21	6	8	11	7	6	10	12	16	7	5	7	3	18	13	7	17	8	13	5	8	15	6	10	9	22	6	5	7	8	6	5	8	5	6	5	3	3	19	3	5	12	12	11	12	3	12	6	0	5	21	8	12	8	19	6	8	5	15	5	18	7	7	15	15	6	5	6	5	10	20	6	5	12	8	7	10	11	7	10	5	20	7	8	10	3	5	20	12	7	7	5	6	3	5	0	5	4	5	8	15	8	10	0	3	8	14	9	8	5	11	11	7	5	18	6	10	10	11	10	16	7	7	5	8	14	13	5	15	12	9	7	12	10	12	5	5	3	8	6	6	4	13	5	11	3	15	8	16	7	3	5	7	5	6	12	8	8	14	5	10	6	19	8	8	14	13	18	3	7	13	5	5	8	5	11	8	7	16	7	9	7	6	9	12	6	14	18	12	20	3	14	8	5	10	7	20	17	6	11	12	0	11	8	6	9	7	6	15	7	16	9	13	10	0	5	19	20	5	3	12	5	3	7	6	8	6	6	2	17	9	4	14	5	15	9	14	5	5	5	10	12	5	0	10	11	3	5	10	10	15	7	12	5	5	12	12	16	3	13	8	7	7	6	5	5	6	3	12	3	2	5	14	15	16	8	8	4	5	9	5	6	12	12	15	7	10	8	8	12	8	12	14	20	9	9	8	6	5	7	7	16	7	10	6	13	7	18	24	6	6	8	3	18	5	4	3	11	5	8	8	8	5	8	5	7	6	9	12	7	8	10	3	6	5	14	8	7	6	4	19	6	5	14	15	7	13	9	7	5	22	12	20	8	12	6	5	18	7	2	6	3	5	7	5	8	12	5	6	12	6	12	10	2	7	12	7
2023.74444970277	10	18	13	12	17	10	18	16	12	16	20	14	20	11	3	10	5	10	5	10	6	10	20	20	15	16	7	10	34	12	12	14	10	11	10	7	10	16	12	12	9	14	13	11	14	8	8	7	12	5	16	16	18	7	15	8	11	12	11	10	18	8	14	6	8	8	8	8	20	9	15	8	12	19	26	21	24	6	17	19	20	17	9	9	12	12	16	6	7	30	20	3	17	14	11	22	5	10	11	12	0	11	8	14	30	20	20	15	20	12	5	26	18	26	16	11	18	13	8	12	18	16	11	3	7	10	16	10	30	13	10	13	12	5	9	13	14	17	7	13	21	10	7	20	18	12	18	9	14	5	8	19	18	7	12	8	20	12	17	12	8	16	2	14	12	10	21	15	18	11	3	20	11	6	16	12	14	6	5	11	18	10	10	14	18	8	18	8	16	17	18	11	8	12	16	22	8	7	9	24	16	8	12	8	18	14	12	9	5	8	16	4	3	16	22	18	11	6	10	19	14	11	5	15	12	7	30	8	12	8	15	30	7	12	18	9	10	14	12	27	11	35	9	18	10	8	5	16	10	12	18	5	7	10	17	11	26	22	0	10	7	14	8	18	17	14	10	16	22	7	14	13	10	5	13	10	17	12	12	10	16	6	33	8	12	34	9	14	13	32	19	9	5	10	14	8	16	22	12	13	16	10	14	8	5	19	20	17	17	7	16	18	5	3	9	12	13	8	22	8	7	8	24	10	8	4	7	5	12	12	5	16	12	7	18	11	20	10	18	14	20	23	10	5	16	9	20	8	15	15	13	8	8	25	12	6	7	23	14	6	17	8	14	7	13	14	12	12	20	10	13	9	19	21	23	3	14	22	10	5	8	18	15	14	5	10	11	16	14	9	3	26	11	13	12	18	18	12	21	12	18	8	17	18	7	23	24	13	18	15	6	18	14	5	14	10	18	27	10	22	22	10	17	25	14	16	5	16	16	9	20	12	18	10	12	12	10	4	17	3	16	22	12	16	10	20	12	8	12	18	5	27	8	16	20	14	7	11	8	7	10	16	14	8	14	18	12	9	0	5	20	13	33	30	12	9	14	26	12	12	22	17	12	5	9	20	8	14	17	16	16	7	14	16	8	12	16	24	10	12	14	12	14	12	7	12	14	15	11	21	12	12	12	17	14	12	13	9	21	24	11	14	14	22	24	4	6	3	7	6	11	18	12	10	14	7	16	6	12	9	5	4	24	10	7	20	7	8	18	15	12	10	7	7	11	6	10	11	11	16	12	31	25	13	17	21	14	17	10	8	9	5	10	7	5	7	8	7	9	12	5	28	12	12	18	10	19	18	11	8	18	7	5	20	10	6	14	7	8	12	5	11	7	9	24	5	10	18	15	10	23	18	11	6	10	12	8	13	9	12	10	7	29	25	5	20	10	16	10	10	20	26	9	7	16	5	23	18	7	29	9	17	7	15	19	10	18	20	27	7	7	7	14	8	7	12	8	8	7	13	3	24	9	7	18	20	18	20	5	20	7	3	8	20	12	14	15	27	8	5	8	17	12	19	7	7	15	25	8	15	8	10	16	26	8	14	10	12	8	23	13	14	22	7	33	14	22	14	5	6	22	20	9	16	5	16	5	9	8	5	5	14	10	17	9	14	3	5	6	17	14	10	10	17	15	9	12	24	5	14	14	11	16	19	18	11	18	12	12	11	5	18	16	14	11	20	10	12	10	10	3	12	8	5	6	20	5	17	3	19	16	20	11	5	3	12	8	10	20	12	18	18	12	12	12	23	14	10	30	14	29	3	11	27	6	13	10	5	19	12	13	18	11	14	10	10	10	16	8	18	19	18	32	3	15	15	10	16	9	32	18	8	11	22	10	18	10	6	13	13	8	21	15	22	14	14	12	3	10	18	28	8	7	18	7	7	13	8	16	5	8	8	28	11	4	22	8	14	14	18	0	3	3	12	18	5	5	16	15	0	3	12	14	15	6	15	11	5	18	15	22	7	11	14	14	12	6	11	7	8	5	20	16	5	7	18	18	17	7	10	4	9	11	7	10	12	18	16	10	16	10	8	16	11	17	14	24	12	21	14	6	17	12	16	22	5	12	6	18	12	24	22	10	10	15	10	19	11	10	7	10	12	12	9	14	8	12	6	6	10	9	16	8	14	23	10	12	3	12	12	16	8	8	23	9	12	15	14	10	12	10	5	18	26	16	22	13	19	6	3	24	10	2	7	10	11	15	12	14	22	12	12	20	8	19	10	4	13	22	7
2023.75416790848	18	24	23	20	27	18	26	22	25	20	25	19	26	17	16	21	11	8	12	18	11	22	26	26	20	22	13	20	39	24	11	19	30	17	10	13	16	22	25	19	16	20	16	14	22	12	8	11	23	7	22	20	29	17	22	17	25	22	13	14	34	14	14	5	10	12	6	12	30	22	23	12	24	27	39	28	45	7	23	33	26	23	19	11	16	18	32	8	12	43	24	16	30	24	21	32	13	20	17	16	6	14	16	22	43	32	42	20	28	18	11	34	22	34	22	20	23	14	16	18	28	22	18	10	13	16	30	18	37	14	9	16	20	13	23	24	22	18	19	16	34	12	9	18	28	18	18	12	12	7	18	32	23	12	24	11	18	20	25	18	17	29	8	27	15	10	34	23	22	16	8	28	22	16	22	16	18	6	5	11	20	14	12	28	22	6	22	12	22	23	32	16	10	26	18	29	20	11	12	34	22	30	21	14	22	26	14	17	7	8	20	8	10	22	43	18	21	8	16	25	24	11	7	22	22	17	35	14	18	22	14	50	11	16	20	12	12	20	20	31	22	43	11	32	16	10	11	22	18	18	28	11	12	14	23	20	39	24	3	20	10	25	14	32	25	18	15	22	28	11	24	16	12	7	24	10	29	16	18	18	19	16	49	10	20	39	13	20	14	45	31	12	10	22	22	12	29	29	18	14	29	22	18	12	11	25	24	24	25	14	22	22	5	3	16	24	17	17	29	18	11	14	32	12	16	6	13	7	10	20	12	20	18	17	20	18	24	21	28	26	26	23	21	10	18	15	30	14	29	17	16	16	14	34	24	10	11	29	24	8	23	19	28	17	16	24	22	18	26	16	20	12	33	31	30	8	20	33	18	14	11	28	30	28	14	12	18	17	22	16	10	40	20	27	21	23	26	20	34	16	22	10	31	26	11	29	30	24	24	26	7	32	23	14	22	23	25	35	16	29	29	9	25	41	23	17	7	21	26	16	36	12	25	13	18	16	23	7	23	10	19	26	20	22	14	24	15	18	17	25	19	32	12	28	25	16	15	16	14	19	16	34	18	17	22	24	17	13	12	13	32	21	49	37	14	16	24	33	20	20	28	35	18	7	16	34	10	22	28	26	22	13	27	22	12	18	20	32	12	23	28	20	22	18	20	18	18	16	17	30	22	14	18	25	22	23	28	15	34	34	13	18	24	28	27	5	16	10	13	9	25	22	20	16	22	14	27	17	22	14	10	4	32	20	14	25	14	16	21	20	20	20	14	10	17	14	14	20	24	20	14	38	27	16	27	29	23	27	14	10	11	9	12	17	15	12	12	9	14	24	9	35	14	14	29	25	20	32	21	13	22	17	11	18	12	17	25	10	14	20	9	18	13	17	32	7	16	20	17	14	29	28	12	8	18	21	14	27	15	26	12	14	41	39	15	26	22	31	18	25	25	40	7	13	27	5	30	34	20	34	10	23	14	30	36	22	25	24	31	14	15	20	18	10	15	18	22	14	12	27	9	38	26	20	26	18	30	25	7	36	19	10	10	29	17	28	22	38	12	16	17	24	17	26	16	21	20	27	16	20	12	16	18	34	14	20	16	20	10	27	16	18	24	9	49	18	29	18	13	8	32	27	17	24	16	22	5	22	24	7	14	21	12	18	10	27	10	15	14	24	24	20	16	19	18	16	21	35	9	20	27	20	36	20	26	14	22	16	14	17	11	24	25	17	21	28	29	14	16	20	8	17	20	9	10	24	11	19	14	25	24	26	17	7	8	14	11	18	18	24	26	24	11	14	18	30	12	18	35	18	41	14	20	31	8	14	23	5	22	19	20	28	18	18	15	20	14	31	8	24	32	23	45	9	17	20	20	24	12	45	26	14	18	31	16	24	20	9	17	14	13	33	24	26	24	22	16	13	14	32	37	10	10	23	9	10	14	12	29	8	14	12	36	24	10	39	16	24	24	30	6	3	10	16	42	18	14	28	18	12	8	28	22	20	8	30	18	5	24	19	26	13	17	22	27	12	12	13	14	14	13	33	22	7	13	24	18	24	11	23	5	9	13	12	16	18	42	22	12	17	22	11	19	11	25	27	27	24	31	26	8	28	20	26	35	7	16	9	34	12	35	33	12	18	21	14	32	17	16	10	14	26	22	20	18	10	16	8	16	12	14	22	25	16	27	22	19	8	23	12	22	12	12	28	17	11	26	24	15	16	12	7	22	39	24	28	16	27	8	10	35	20	8	13	22	21	22	23	22	31	24	14	25	14	27	17	8	20	31	9
2023.76388611419	29	46	40	40	52	33	66	35	50	32	40	41	44	29	39	45	23	20	20	29	27	35	41	56	45	56	28	24	57	38	23	41	54	19	35	30	28	40	45	34	38	31	38	30	31	24	23	22	63	15	56	34	39	16	38	41	45	30	40	25	56	25	37	8	28	29	10	17	51	35	32	22	31	46	58	49	75	11	30	54	41	31	30	28	32	47	49	18	35	63	48	39	44	45	27	65	31	24	36	28	24	30	40	34	63	60	65	35	44	34	23	47	38	47	46	42	37	26	40	44	54	44	30	30	29	35	46	32	72	28	14	32	44	31	38	46	39	49	35	38	52	34	21	43	52	36	36	16	39	19	27	48	38	18	31	34	43	39	36	43	40	49	18	47	32	35	46	32	45	42	18	41	32	27	33	36	26	18	23	24	38	32	19	47	42	10	38	24	39	37	49	28	12	54	41	46	36	31	20	53	54	44	34	38	45	55	32	31	17	23	44	14	29	42	57	36	41	18	30	64	46	23	17	40	28	47	49	39	43	34	32	66	19	32	38	34	34	40	44	46	32	73	28	49	26	24	17	40	32	43	44	17	27	33	37	22	58	41	24	28	33	49	26	51	37	26	48	38	43	27	46	24	34	22	46	30	52	39	28	22	39	27	75	28	36	67	31	40	26	58	48	34	22	35	32	28	49	45	35	22	49	34	31	42	19	52	48	37	41	30	44	44	13	16	37	52	32	41	46	27	19	29	39	37	34	18	25	15	29	36	24	29	36	47	38	35	46	45	52	42	34	32	45	22	41	20	51	25	60	31	38	30	26	48	43	14	25	43	40	18	30	39	48	25	38	36	28	28	34	26	38	20	49	48	60	18	34	49	33	27	25	44	56	48	27	28	38	29	39	33	30	51	37	56	52	37	43	36	52	26	37	31	47	55	27	43	49	46	46	34	11	51	35	32	39	58	45	41	22	48	45	14	48	54	35	29	22	30	45	37	63	38	31	32	38	32	58	28	31	16	39	52	30	35	36	48	20	33	38	55	33	56	29	40	47	33	21	42	23	29	32	53	24	36	32	52	38	31	28	20	60	32	75	72	23	34	46	50	36	30	50	54	31	23	33	36	28	28	48	51	42	30	44	46	24	38	32	51	29	63	47	46	37	38	35	35	38	29	36	56	39	26	46	37	40	44	48	27	46	53	20	26	47	43	42	9	37	29	28	12	45	44	39	30	37	33	58	35	36	28	24	10	51	24	30	47	35	23	38	35	30	19	33	23	19	37	37	25	38	29	22	57	51	38	52	45	35	36	31	28	23	21	28	16	32	27	20	22	27	38	13	59	32	23	52	57	35	51	40	25	42	25	22	43	34	35	49	40	42	36	17	35	29	32	51	22	22	38	31	39	43	44	23	26	29	33	39	46	33	53	25	32	60	50	32	34	44	49	32	45	47	51	20	29	56	23	43	44	35	52	18	31	26	59	66	59	43	46	50	33	21	42	48	28	21	28	34	20	35	46	15	63	64	37	32	52	46	47	17	63	29	29	16	47	38	48	38	50	26	44	41	46	44	30	28	32	45	51	30	36	42	36	41	44	26	51	30	30	31	56	38	24	41	28	75	24	45	34	31	26	51	44	33	42	24	39	14	35	40	13	27	27	28	49	18	44	29	27	26	37	47	32	26	30	32	38	34	66	31	34	44	37	52	35	46	28	37	28	23	19	36	59	51	31	28	44	51	22	46	32	18	38	36	31	24	48	22	30	27	52	36	41	26	17	35	22	25	35	52	42	66	46	23	40	36	60	39	35	49	45	60	27	32	46	26	22	58	15	44	41	29	54	30	36	48	40	37	51	28	46	48	37	58	15	30	48	26	31	20	58	55	42	35	40	26	52	32	17	32	33	25	56	41	52	47	34	36	39	34	49	57	28	33	37	21	23	26	42	49	16	26	22	59	38	21	69	40	49	46	57	24	16	30	32	66	27	33	48	32	32	35	41	38	45	18	56	33	15	40	28	52	23	19	29	41	30	21	20	35	26	31	49	35	15	26	46	36	40	25	58	9	23	40	23	32	47	66	38	34	29	32	16	39	24	48	39	42	60	59	43	18	48	29	50	71	11	26	12	44	30	66	49	25	29	34	37	48	29	30	23	25	54	28	34	37	16	26	26	27	25	27	56	53	34	56	44	34	35	44	18	33	24	23	46	32	23	50	49	48	39	28	11	42	58	26	50	32	46	20	30	66	28	18	30	44	41	45	63	48	40	52	32	47	26	51	33	14	29	40	35
2023.7736043199	84	85	85	74	101	69	106	64	96	59	78	73	89	42	85	83	61	49	31	73	76	87	74	72	89	86	70	31	83	77	56	73	105	48	82	54	69	99	69	68	76	90	78	62	50	55	68	55	108	66	86	76	77	30	76	63	76	68	62	67	90	43	74	17	67	76	26	33	90	88	61	48	61	84	103	95	103	22	79	91	74	60	80	76	80	69	87	54	67	96	92	85	87	76	89	93	71	31	63	64	58	62	76	56	96	85	104	72	71	83	61	76	69	76	80	89	78	60	76	76	96	82	84	64	64	98	102	58	105	79	31	64	89	71	80	91	83	72	60	78	97	76	47	88	98	61	66	51	74	68	64	90	94	58	61	76	88	100	69	92	90	66	62	77	76	82	82	61	89	90	45	70	47	86	49	83	54	54	58	65	65	55	29	96	74	26	69	77	74	60	96	65	31	96	86	78	79	69	49	87	101	63	74	83	89	92	57	68	65	68	79	64	71	89	99	66	74	54	84	103	92	72	34	83	52	96	89	99	92	80	62	94	61	80	65	61	60	76	89	108	47	96	76	96	39	72	33	99	58	92	87	33	81	65	60	44	103	102	58	94	66	110	72	103	80	54	86	57	83	60	92	59	60	58	91	72	104	94	79	72	78	86	99	67	72	96	67	76	60	97	86	61	54	87	51	81	66	71	56	48	66	67	74	69	54	101	92	84	83	77	82	80	28	84	88	96	63	63	78	64	61	83	58	75	84	58	67	66	55	72	51	57	88	96	74	56	92	83	98	83	73	66	83	79	86	54	90	43	91	66	78	75	79	79	71	26	61	76	88	26	79	78	81	57	78	78	52	66	73	39	75	49	78	78	91	45	53	102	69	53	78	87	90	90	53	75	94	68	83	63	64	68	80	94	81	55	83	75	97	69	61	65	93	89	60	76	101	91	85	72	22	103	74	90	89	85	91	83	49	78	71	31	88	95	74	68	58	60	95	88	84	74	76	64	100	78	85	93	60	43	78	88	67	82	65	92	53	95	85	94	56	107	76	75	88	78	55	90	51	57	66	80	56	48	51	90	85	67	77	46	85	88	99	105	56	73	92	108	72	89	99	103	50	74	63	82	80	49	92	95	89	74	78	80	55	100	59	92	62	108	92	62	106	100	71	56	64	71	63	103	82	56	86	80	74	79	97	74	82	87	49	54	104	83	82	33	72	71	70	22	76	80	100	84	106	86	96	70	63	73	49	68	92	31	50	90	63	35	67	72	67	41	86	41	48	73	91	44	85	57	66	75	83	78	101	72	74	73	104	80	66	69	42	30	79	81	55	53	61	77	34	79	72	56	76	85	82	103	73	61	76	57	76	88	76	70	110	83	76	75	56	56	64	65	92	58	49	74	66	87	76	87	68	51	73	66	99	95	74	83	80	95	108	93	79	73	85	93	58	79	90	68	63	64	89	58	82	76	71	100	58	60	59	93	93	95	96	92	78	86	55	70	96	67	55	79	80	65	67	95	38	93	105	87	74	88	93	88	34	84	57	71	26	84	85	90	76	83	76	73	63	107	80	62	64	87	89	83	73	91	69	81	86	76	72	84	74	67	65	95	78	56	102	98	99	56	71	84	71	51	69	86	61	88	73	76	22	88	94	38	53	62	75	72	58	72	71	71	44	84	104	74	69	89	65	76	74	89	64	61	72	80	95	82	79	51	61	64	56	48	74	98	79	41	55	71	92	66	84	57	45	85	79	64	54	92	76	89	59	101	56	74	66	34	68	52	78	62	88	84	106	85	56	85	61	91	74	82	89	86	108	59	99	108	51	48	85	60	90	72	82	96	84	72	86	77	78	80	65	85	90	78	97	38	38	73	49	65	49	97	89	76	56	91	39	90	74	36	63	69	61	74	83	88	104	56	83	84	88	96	77	80	66	78	47	41	60	69	66	67	79	48	73	85	59	96	76	71	92	98	58	84	64	78	97	53	86	75	65	78	68	80	74	89	54	90	94	60	82	58	88	51	48	55	73	66	76	49	63	79	71	81	82	66	63	85	66	84	61	85	33	57	62	54	66	69	97	57	76	68	59	40	78	65	88	82	82	95	96	79	26	92	75	87	109	29	66	22	76	66	89	102	80	73	74	91	90	42	84	41	67	96	52	87	70	26	69	51	86	80	76	86	101	70	95	88	68	68	79	35	49	77	41	71	87	56	90	71	86	94	42	29	74	103	47	99	64	84	58	64	89	94	62	55	88	74	93	108	70	91	96	72	88	72	92	93	64	82	91	68
2023.78332252561	91	85	85	96	102	78	108	78	99	78	102	100	103	60	93	88	80	74	63	98	91	91	85	87	96	100	90	56	82	96	62	100	105	78	87	71	92	103	85	80	88	99	94	80	64	76	88	74	109	78	100	91	79	39	90	69	83	82	90	89	96	72	86	28	91	89	39	53	90	99	74	69	72	86	109	93	101	45	90	97	85	75	92	82	93	84	90	81	79	87	92	93	96	80	105	98	85	56	75	80	80	80	97	84	87	94	103	87	63	88	80	83	87	83	90	98	89	70	97	82	97	88	102	71	79	99	102	75	103	95	49	71	97	85	96	103	87	80	69	94	94	87	73	88	100	73	75	68	85	86	86	94	96	68	72	105	88	102	85	99	96	87	72	83	91	87	88	74	93	101	69	87	76	96	69	87	79	68	80	83	87	64	52	100	90	39	87	91	82	76	105	74	50	104	97	82	88	86	67	98	104	82	83	86	93	93	73	89	78	88	90	88	88	102	94	75	88	81	86	96	95	82	47	84	73	101	81	101	99	96	66	92	70	93	87	73	77	90	97	102	76	95	82	105	55	74	58	103	75	99	91	58	93	77	76	68	109	104	75	93	87	107	95	105	87	79	86	88	87	74	95	83	77	80	103	85	102	91	87	88	86	96	93	91	83	89	92	90	70	96	80	73	70	91	59	92	87	68	76	73	87	92	81	92	70	102	92	96	85	88	88	87	45	86	96	93	71	69	82	86	70	92	71	83	90	71	72	78	70	83	72	63	92	101	77	74	88	88	100	91	73	84	88	89	97	67	90	72	99	85	94	82	83	84	82	48	67	90	94	34	90	92	87	75	94	88	73	84	73	55	92	67	92	84	93	69	66	103	78	84	93	91	92	95	84	90	96	77	87	87	71	80	99	96	81	66	97	90	94	70	75	79	94	95	74	90	95	103	85	90	45	105	82	94	91	93	102	87	64	88	68	49	98	95	82	77	80	76	96	96	93	84	70	85	110	88	93	101	75	62	86	94	74	86	87	92	75	95	86	99	74	102	89	82	86	91	82	101	66	79	81	98	72	66	59	88	86	92	89	66	94	90	93	103	75	77	95	104	83	92	100	103	73	84	87	87	91	67	90	98	102	87	88	90	76	110	78	87	63	109	92	85	109	110	86	76	90	88	75	103	89	75	93	87	91	95	98	89	88	98	66	79	106	87	87	57	93	88	90	43	83	87	102	86	109	101	93	86	83	89	71	72	87	56	67	90	82	53	87	87	74	61	101	54	78	91	97	68	96	63	82	74	81	94	102	94	82	80	106	91	74	91	76	39	91	93	63	62	80	96	56	81	81	75	83	92	96	105	80	72	81	75	84	88	87	86	107	90	90	90	69	74	79	76	87	80	64	77	85	89	90	91	73	70	98	78	101	94	89	91	81	97	107	93	91	73	91	90	75	86	90	80	71	79	92	80	94	94	86	104	63	75	79	103	93	98	101	88	86	101	82	80	100	91	82	87	96	75	79	94	48	88	110	101	81	89	102	86	47	93	79	88	58	87	86	95	90	90	95	89	69	109	85	70	84	98	96	81	90	94	92	92	97	88	95	90	76	74	79	97	94	72	104	97	93	72	68	93	85	70	73	90	73	100	82	93	43	99	112	62	84	80	90	80	63	83	88	79	73	96	106	95	95	95	79	88	83	102	74	81	83	99	96	96	87	69	75	80	75	78	82	95	89	66	68	63	99	82	97	79	69	86	88	74	70	92	84	95	79	102	76	85	84	47	80	83	93	89	89	85	108	85	62	93	73	93	85	88	81	89	107	79	102	102	70	73	93	86	96	80	84	97	102	86	86	84	90	87	83	85	94	89	96	48	51	85	64	69	67	96	95	90	74	93	55	88	95	51	71	75	72	81	94	94	106	84	87	94	91	105	83	91	87	89	73	54	70	92	87	82	83	69	73	96	75	89	97	77	95	98	80	86	71	88	98	72	88	92	79	90	80	92	97	96	81	92	100	86	90	84	94	64	78	68	85	71	90	66	82	83	85	96	86	78	82	85	75	89	67	93	57	69	90	75	81	84	98	88	87	77	75	66	86	83	98	91	87	105	87	85	34	90	86	92	105	61	83	43	94	71	102	103	81	98	80	97	94	60	86	54	89	104	73	95	71	58	70	70	96	81	75	100	103	80	97	97	80	80	95	51	69	91	61	86	96	62	100	77	86	91	76	61	90	109	53	100	71	86	69	71	102	93	72	73	97	88	92	109	75	93	93	81	86	95	94	96	88	84	93	74
2023.79304073132	106	84	89	103	96	93	104	93	94	90	112	108	109	69	100	89	103	91	81	110	103	90	90	98	104	106	105	80	81	108	74	108	101	96	94	99	104	102	98	95	107	107	111	109	67	94	99	99	114	96	106	96	87	74	96	76	94	93	113	111	99	98	95	95	108	103	82	87	93	102	97	111	85	87	105	95	93	91	94	90	90	102	97	93	107	90	85	106	92	74	96	100	94	87	107	93	93	80	83	95	96	109	116	95	74	97	97	98	60	95	103	89	102	89	98	102	98	99	116	85	98	92	112	86	102	97	99	98	97	110	86	75	106	93	96	101	85	97	96	111	93	113	113	94	104	107	89	99	103	97	102	85	100	97	85	115	94	115	99	99	95	89	88	90	106	94	84	97	92	108	94	95	106	102	94	99	97	96	101	100	111	91	87	90	100	82	102	104	108	83	102	85	93	101	101	90	97	98	97	94	111	93	99	95	92	91	77	100	93	99	100	97	100	104	95	89	89	106	92	95	92	91	80	92	89	111	87	104	99	102	76	84	73	107	111	83	104	99	106	97	106	89	93	102	84	76	91	102	98	99	85	91	104	90	83	93	105	101	113	91	97	101	107	99	91	97	92	101	92	82	92	106	104	106	101	105	95	95	98	106	96	102	85	108	90	92	105	99	99	87	76	83	105	90	93	99	89	90	104	106	89	95	90	107	103	102	96	113	89	93	92	100	101	89	96	87	89	76	90	102	73	101	96	91	92	75	92	96	95	90	108	84	103	111	91	104	86	89	104	105	73	106	89	103	101	82	93	98	96	108	111	98	86	80	105	79	79	98	100	102	94	94	98	90	111	97	89	98	73	84	102	97	101	93	103	94	90	96	93	112	109	85	85	95	112	110	95	87	85	105	86	72	111	103	80	78	110	105	93	82	94	90	84	99	82	98	97	101	84	100	91	99	102	105	97	99	98	101	77	92	90	86	103	90	102	87	106	93	94	96	82	104	75	105	114	100	99	109	102	97	96	92	84	96	94	96	97	96	95	99	91	99	103	80	83	100	98	108	93	100	99	95	94	95	93	84	95	105	92	109	97	94	85	97	91	76	92	100	90	89	100	103	105	104	105	94	98	96	86	108	104	103	106	98	94	114	90	86	63	114	100	95	109	114	95	104	110	94	83	98	109	94	101	91	98	105	99	100	84	94	86	97	97	92	94	107	99	100	105	93	94	100	115	92	109	109	93	86	99	99	101	77	86	80	91	99	104	93	109	98	84	81	109	100	96	102	109	96	99	84	96	82	83	111	96	105	102	90	104	98	91	113	118	74	114	104	81	107	102	108	92	83	88	91	80	85	96	99	90	75	89	90	89	94	113	86	101	93	92	105	83	104	102	98	86	106	77	91	108	99	98	85	82	107	110	96	104	100	116	88	84	96	94	93	114	73	92	81	98	81	99	72	108	102	97	101	94	101	95	109	78	102	106	103	85	98	105	86	88	109	98	107	104	108	98	98	102	79	92	100	64	86	107	106	90	98	104	83	80	82	100	100	100	98	95	95	96	90	106	102	76	108	92	79	100	103	104	83	91	98	107	96	101	92	107	91	88	84	90	104	111	94	101	95	85	94	90	96	93	107	77	100	91	108	89	102	101	102	117	94	112	99	110	97	78	93	100	82	108	113	97	99	100	95	89	107	99	103	97	100	93	111	90	96	94	101	94	95	91	96	91	97	92	90	89	60	95	96	110	90	94	95	97	97	94	96	89	95	99	102	102	90	99	80	99	105	109	106	98	91	104	84	74	96	107	103	103	101	87	92	94	99	106	97	107	106	99	117	105	91	95	98	112	98	92	94	103	93	90	84	85	98	87	64	66	106	105	75	97	87	99	92	104	86	84	84	99	86	89	75	75	101	100	92	97	95	99	108	90	102	78	98	97	98	113	100	99	107	89	89	86	111	68	99	101	81	116	100	92	93	96	89	86	100	89	101	95	106	89	95	99	98	112	104	106	85	102	117	101	97	92	97	96	96	98	89	106	86	104	86	93	94	96	96	104	84	89	90	79	99	107	92	113	100	99	90	89	101	113	87	82	97	96	100	103	100	94	106	91	95	102	86	89	104	96	94	108	93	101	89	103	96	84	110	92	109	85	69	92	100	111	101	89	93	78	100	82	107	102	84	80	106	100	107	104	111	95	99	105	90	94	104	105	100	98	74	99	100	92	95	118	94	100	105	87	100	75	87	81	86	103	91	88	96	111	89	87	114	94	86	87	88	83	107	106	100	97	95	86	94
2023.80275893703	98	80	86	95	81	92	91	95	85	101	101	101	99	75	93	73	99	101	90	102	98	91	89	79	96	86	100	82	72	96	79	101	86	110	86	97	104	94	89	88	105	95	102	100	77	92	94	94	97	100	86	101	78	81	96	82	84	88	104	107	87	99	86	103	97	102	86	104	83	96	93	110	88	86	90	87	60	98	93	83	89	94	103	87	103	84	78	104	92	71	78	93	89	76	106	76	86	82	80	91	94	100	103	98	71	87	74	90	56	91	99	84	96	84	85	98	91	105	103	81	80	88	111	91	103	111	94	102	82	104	87	69	91	86	89	97	80	88	97	102	77	103	110	94	91	101	87	106	99	93	96	80	96	96	88	108	94	107	104	87	93	77	107	81	112	86	76	93	83	98	115	86	99	98	86	102	97	99	107	101	101	90	89	88	94	86	96	95	99	84	90	90	98	85	93	80	97	90	96	81	89	84	94	94	83	80	85	93	99	94	86	102	93	91	77	87	85	104	91	77	78	91	88	96	86	101	73	95	87	93	86	68	76	103	101	76	102	87	91	93	99	61	87	90	84	88	95	94	102	87	77	95	96	79	84	93	90	94	101	99	92	97	106	87	87	97	79	89	83	92	78	102	102	99	97	99	85	94	101	101	89	98	64	97	91	74	102	87	105	82	64	76	103	91	90	95	77	93	93	101	77	90	84	94	104	92	78	107	81	87	88	89	100	86	96	69	87	82	80	96	76	103	87	84	80	79	95	100	93	91	103	80	93	101	96	99	81	73	91	101	86	98	73	109	93	89	83	99	82	106	102	90	83	75	92	82	86	90	91	105	93	91	78	96	102	93	86	101	86	84	89	96	93	86	85	115	96	80	92	112	100	77	72	90	112	104	87	81	80	99	91	71	108	83	84	84	99	97	77	82	93	96	71	87	92	90	89	97	80	99	98	87	95	96	92	79	80	92	86	81	93	87	84	65	95	81	99	97	87	96	68	100	86	102	102	91	79	97	94	95	89	73	81	91	86	78	97	101	91	89	91	84	102	76	82	93	103	98	92	101	99	86	96	80	90	74	91	102	88	115	87	97	64	82	95	82	78	86	91	85	92	94	99	101	99	93	96	101	79	95	91	97	94	85	92	102	101	77	71	97	84	90	103	102	87	93	101	89	80	80	91	89	86	87	88	93	89	96	76	81	102	97	85	83	85	111	95	93	100	95	84	89	107	91	103	103	69	79	99	97	95	85	77	82	95	89	104	88	103	90	81	85	103	104	110	91	98	95	91	80	91	65	78	102	81	96	95	97	100	96	97	110	105	81	105	96	85	104	96	96	98	69	85	95	67	71	87	87	81	84	82	96	97	94	103	79	97	86	85	97	86	99	103	92	77	99	86	96	106	92	90	77	88	105	102	98	95	85	108	71	97	92	78	80	105	86	83	70	102	73	89	71	105	103	92	107	77	102	87	92	86	94	97	85	76	84	95	81	99	103	103	95	96	97	103	101	93	88	92	85	83	69	88	94	94	77	92	82	88	68	101	93	97	94	91	90	96	82	101	90	82	93	83	90	99	95	96	78	91	89	94	98	93	88	106	79	81	81	96	88	102	96	94	89	64	96	93	94	86	105	64	91	86	93	83	100	97	96	105	107	112	96	104	88	86	84	93	83	103	107	85	91	101	94	84	105	94	92	90	102	84	108	75	87	88	100	93	91	95	110	91	89	86	90	99	56	88	91	95	87	115	91	97	90	98	78	97	94	93	92	94	89	97	88	96	101	100	91	77	90	91	80	79	92	101	85	99	99	73	75	78	93	104	93	105	101	79	114	92	80	100	80	111	91	79	89	98	76	90	80	80	91	82	83	85	98	105	83	96	82	87	85	99	86	84	74	91	105	87	83	84	80	90	73	85	98	102	94	86	90	59	96	92	91	110	104	105	94	77	98	83	110	59	91	111	68	103	80	78	84	94	86	91	91	55	94	90	89	84	101	96	88	104	96	104	72	97	114	89	86	73	99	110	95	88	96	99	102	104	83	86	79	91	100	103	80	87	80	86	79	111	88	104	102	99	84	55	89	103	81	78	97	89	101	84	95	85	82	74	87	105	79	91	86	76	95	108	95	102	96	92	80	97	102	86	98	80	75	91	104	107	85	86	87	74	97	82	105	98	97	81	86	95	104	88	97	88	96	93	97	86	95	102	88	102	79	86	80	79	94	105	95	94	90	85	92	69	86	88	91	92	99	107	90	97	85	79	97	78	86	69	85	82	106	99	91	102	100	86	85
2023.81247714274	56	31	37	60	12	60	15	81	19	72	65	72	52	94	44	25	68	87	98	62	50	37	62	52	38	41	68	85	47	62	73	72	19	87	30	76	69	31	63	65	62	32	56	71	70	61	60	75	21	69	41	62	46	86	64	65	52	61	83	67	46	90	53	104	70	60	84	97	31	45	68	91	75	34	22	25	7	98	57	35	62	69	48	40	52	50	34	76	67	25	21	44	45	33	57	22	45	85	63	57	70	71	67	74	25	42	15	51	43	42	68	40	54	40	44	46	38	84	67	31	25	43	63	64	69	42	30	68	10	52	75	51	53	45	49	37	22	53	67	56	18	58	100	38	35	75	45	91	52	54	65	49	35	74	75	67	38	32	81	28	44	72	80	43	75	30	35	68	25	34	108	52	87	41	79	50	78	75	77	68	76	78	93	26	66	84	54	58	62	67	22	60	95	41	38	40	54	59	81	34	29	69	53	43	25	28	73	66	71	60	49	65	51	37	22	45	48	76	28	25	24	46	88	60	68	40	24	16	28	54	79	28	66	52	76	53	81	44	53	10	87	24	40	22	78	66	94	31	68	28	12	94	48	50	67	80	22	23	71	28	56	15	70	22	43	78	25	70	37	75	24	79	81	68	37	57	13	25	54	66	47	41	13	70	49	20	62	44	84	27	32	53	75	37	66	33	72	65	73	84	72	62	39	60	79	30	21	53	30	53	43	50	91	28	40	13	55	65	40	65	66	50	67	46	18	70	61	69	78	49	78	64	34	40	68	82	35	25	35	58	65	68	25	64	38	97	31	90	45	69	56	43	28	32	77	83	73	55	44	100	57	54	55	73	56	52	68	67	65	78	60	81	57	51	40	108	79	13	60	83	61	12	39	34	83	63	27	45	22	67	64	57	56	35	54	74	57	72	18	43	69	75	22	29	75	55	20	37	31	65	98	22	53	38	34	43	20	45	82	34	65	75	45	19	53	45	68	68	25	40	36	55	45	71	34	53	43	23	69	80	47	29	62	49	61	21	86	24	33	32	74	13	60	47	45	41	80	34	75	78	72	48	76	80	66	24	33	62	41	99	42	47	13	10	62	42	24	18	49	31	10	28	81	63	67	45	45	91	22	37	37	55	55	44	61	34	72	19	52	21	32	71	22	34	66	73	72	59	63	22	52	65	41	43	55	56	30	61	35	34	76	78	13	37	31	103	76	51	68	86	52	50	32	28	22	51	13	72	87	65	77	72	19	85	82	39	75	92	69	51	62	75	51	99	87	60	45	81	44	64	52	33	40	56	12	61	53	72	18	45	71	72	98	86	60	48	61	86	67	62	84	38	52	62	36	31	34	22	45	65	49	73	59	38	58	72	15	33	38	72	66	82	69	55	19	68	82	68	69	39	55	12	61	88	62	72	16	30	74	42	51	16	7	24	60	65	36	7	68	22	39	57	73	69	55	77	36	67	66	40	78	69	81	42	31	37	35	35	63	51	80	67	33	70	80	54	54	60	67	30	97	24	24	40	57	40	43	45	88	36	78	51	100	45	33	34	64	43	58	61	65	18	35	61	74	43	38	40	48	28	60	67	38	39	70	32	29	62	75	36	56	76	23	7	13	76	65	49	45	88	35	44	68	41	34	62	95	45	48	99	83	75	63	53	78	55	51	71	86	53	13	47	76	33	64	62	53	47	64	74	55	56	26	34	51	82	69	57	62	87	60	27	40	78	83	43	33	52	47	90	108	33	54	64	80	21	59	33	68	30	72	62	60	88	58	79	61	72	40	46	15	31	73	33	75	40	52	50	24	27	7	68	32	10	88	84	43	82	41	44	53	25	63	60	25	47	56	35	65	31	49	38	27	97	101	62	96	55	81	27	29	38	82	27	78	24	47	99	55	51	65	49	53	29	13	74	50	45	31	22	30	45	56	38	100	99	84	60	72	62	28	91	49	44	83	22	67	66	24	28	70	28	64	53	13	74	39	57	64	58	58	48	64	38	76	39	35	82	35	56	29	81	87	75	69	71	48	76	75	28	45	34	49	69	79	31	45	28	73	43	103	82	83	81	72	50	13	70	58	45	69	81	47	68	45	52	31	26	21	40	100	22	39	42	4	86	79	86	67	71	47	13	51	62	62	45	49	94	28	99	67	41	68	25	57	100	43	88	41	51	48	41	20	66	36	42	65	58	56	88	79	58	99	59	49	73	35	66	25	25	98	86	66	22	72	10	51	34	65	64	47	28	80	71	42	48	22	21	43	27	13	52	45	70	46	28	65	53	27	60
2023.82219534845	43	35	41	48	19	50	13	67	21	63	32	35	39	79	36	14	61	63	70	39	39	28	45	40	25	27	52	78	39	38	63	35	13	71	31	62	56	19	57	56	43	20	46	56	65	50	45	56	15	60	27	45	52	88	50	60	48	51	70	52	40	76	39	99	50	43	87	84	25	27	57	76	56	35	13	24	10	96	46	41	45	53	44	46	42	41	25	54	58	22	13	36	38	19	38	16	41	78	63	45	52	56	48	48	22	36	7	48	54	30	61	26	45	26	36	31	40	74	48	34	25	38	51	68	65	41	29	63	10	36	73	47	39	41	26	23	31	45	60	46	14	47	73	39	22	64	35	82	46	53	41	38	33	63	56	41	39	34	52	25	36	49	75	33	55	31	27	57	23	21	90	35	65	23	58	43	52	69	47	55	57	77	89	24	47	87	45	41	51	63	15	51	79	27	29	35	53	41	68	13	18	58	43	45	23	31	68	40	60	45	36	39	44	25	19	35	32	54	29	19	16	38	87	46	52	35	18	10	25	54	69	22	63	42	57	58	74	31	39	13	65	15	46	15	65	66	72	19	63	25	16	72	39	39	63	66	13	23	65	33	41	21	40	22	32	52	23	46	23	64	16	53	74	55	23	46	23	25	35	46	42	23	13	50	40	30	40	31	74	27	33	58	69	28	59	22	49	63	62	62	49	46	28	29	69	16	13	34	28	39	38	37	91	36	35	23	50	60	35	41	63	41	60	44	21	69	61	60	62	40	69	58	30	35	55	74	35	14	22	44	55	48	14	54	29	82	25	76	36	51	46	38	35	24	61	72	65	35	33	96	46	55	45	67	46	46	52	62	55	65	38	68	34	29	43	90	66	7	50	64	32	16	47	23	64	47	24	29	31	48	68	40	46	24	54	67	27	50	14	58	45	60	23	24	64	35	14	23	35	38	96	22	43	37	31	35	24	25	81	28	63	73	30	13	43	29	55	57	25	35	30	41	53	70	19	50	35	14	53	70	42	32	62	44	47	13	56	21	31	13	60	10	43	35	46	19	58	21	59	66	58	32	69	68	59	28	31	40	40	82	36	37	13	10	67	48	16	18	40	22	7	31	59	53	48	36	47	80	22	34	25	42	41	36	50	19	63	16	58	15	25	54	16	19	54	62	60	40	63	10	48	42	26	32	47	41	27	40	27	13	65	52	13	23	32	94	47	44	52	82	48	37	34	29	16	35	18	49	63	46	51	71	16	78	61	41	51	89	54	48	62	66	35	80	71	49	34	64	36	58	43	44	29	46	19	41	43	54	16	47	60	48	66	88	38	39	64	77	46	38	75	31	45	67	24	43	20	22	43	58	47	67	48	39	47	49	21	31	34	50	64	74	65	46	16	55	81	55	51	36	35	16	64	71	39	61	10	21	61	28	48	23	4	15	38	55	20	16	63	25	41	40	62	65	42	47	24	45	54	19	75	53	51	29	31	30	21	35	51	35	58	55	33	50	58	35	54	52	58	21	87	26	19	26	45	37	33	46	87	30	66	44	81	36	31	23	50	37	46	44	60	13	31	43	64	34	25	29	34	26	29	49	29	26	40	18	37	62	60	21	46	69	23	22	13	69	63	41	41	71	23	27	55	24	41	41	88	27	32	83	64	65	47	45	75	50	44	57	77	34	13	36	43	36	39	43	43	48	63	61	50	46	26	20	44	70	45	45	67	71	49	33	30	57	68	54	27	43	31	70	90	31	53	63	69	13	48	36	40	16	62	45	41	87	49	58	32	43	37	44	13	35	63	27	64	43	46	44	18	21	4	40	26	13	71	62	35	49	28	51	45	25	51	50	23	36	52	32	45	35	38	40	27	87	91	38	82	53	68	27	24	34	74	24	65	28	36	94	50	41	58	36	39	32	13	48	43	36	30	15	27	47	41	40	73	80	74	29	49	59	35	76	39	36	66	25	48	57	16	13	52	36	68	50	10	55	39	44	39	52	49	38	42	25	54	47	22	49	28	43	32	66	71	60	60	68	51	65	51	35	41	21	44	60	63	35	35	29	65	35	94	84	70	65	58	41	10	46	47	29	67	69	42	55	30	41	32	22	28	25	96	22	31	37	7	67	61	82	45	68	48	7	48	39	55	34	38	79	29	80	52	27	52	20	56	81	58	71	23	48	45	27	21	62	21	30	56	49	41	77	58	41	94	45	45	63	27	57	23	25	66	67	47	13	65	7	47	35	59	68	48	33	75	51	30	32	29	15	47	24	23	45	46	40	35	24	39	45	24	53
2023.83191355416	15	31	47	25	18	21	9	34	24	38	6	3	12	70	22	0	29	39	47	6	12	23	24	18	9	12	9	41	38	2	51	3	0	32	27	27	19	9	36	23	20	6	14	3	55	34	21	21	6	35	12	25	47	59	35	48	35	28	29	11	21	43	21	32	23	22	59	31	15	19	21	12	39	31	30	21	12	42	31	35	24	15	25	31	12	23	20	16	43	21	9	22	22	9	15	9	21	41	60	28	24	3	12	12	21	25	6	15	52	23	29	9	24	9	15	20	12	39	12	26	21	35	18	51	37	43	22	25	12	9	38	39	17	21	17	12	35	27	24	14	11	12	11	27	9	12	15	41	21	54	9	58	38	23	39	15	27	18	29	22	39	28	52	18	27	27	12	21	17	9	62	6	21	9	31	26	17	43	18	24	15	34	51	21	19	59	24	27	20	49	3	34	29	12	6	10	38	17	44	6	6	40	26	32	17	24	62	6	41	21	25	18	22	9	13	15	18	16	31	14	12	14	61	29	28	15	14	3	22	36	60	15	57	12	15	36	24	6	17	21	21	6	31	3	36	69	29	9	25	22	17	29	12	12	49	24	30	20	30	28	18	17	21	9	15	17	18	5	9	40	12	23	24	23	12	9	36	21	15	20	28	9	3	23	29	24	11	6	39	18	44	36	9	23	16	9	28	36	17	6	28	15	12	9	25	3	9	3	29	29	35	9	21	32	33	26	27	48	10	9	57	20	27	38	17	62	43	35	28	29	6	26	20	15	37	21	37	0	9	18	51	3	0	28	6	61	15	43	24	6	14	29	28	18	21	44	57	9	17	26	31	34	31	48	14	21	28	27	51	36	9	44	6	6	26	62	37	6	21	8	3	17	52	20	8	9	18	6	35	13	51	25	15	12	48	54	6	29	11	59	21	40	33	18	40	9	11	12	31	9	42	9	12	25	34	24	21	9	55	29	36	38	15	12	12	6	23	27	19	33	21	15	45	38	3	27	24	0	15	31	28	25	49	14	21	9	17	15	18	12	29	15	22	28	46	6	35	9	32	22	31	14	38	39	16	40	18	11	28	29	25	19	3	12	39	53	12	20	29	22	8	26	18	34	13	13	21	29	19	18	9	35	9	15	34	3	38	12	57	6	3	33	12	3	36	17	23	36	60	3	18	15	12	15	22	22	18	22	12	6	35	17	12	9	23	34	32	22	9	25	35	9	18	31	12	14	19	41	33	28	18	63	12	41	31	32	24	47	9	15	49	43	14	27	32	40	21	20	15	26	42	29	27	14	18	6	12	36	9	21	39	18	12	59	6	12	46	20	12	2	34	17	30	39	23	42	14	9	38	55	23	48	40	27	12	41	17	21	31	29	45	21	37	13	12	23	55	37	6	30	9	17	55	34	6	37	3	0	17	43	44	22	9	12	6	51	16	24	25	50	32	25	22	37	30	18	12	12	36	9	60	15	9	17	18	31	8	37	34	14	35	18	31	23	35	15	36	49	43	0	71	20	19	9	31	15	21	46	61	21	22	22	17	26	18	20	35	18	20	25	48	9	29	34	36	14	9	27	21	12	9	29	6	18	21	6	30	49	40	6	14	38	20	29	3	38	36	30	21	34	16	6	37	3	39	29	12	19	9	44	8	15	9	27	60	28	22	48	18	3	12	20	34	27	22	20	26	26	45	27	28	15	23	14	18	22	21	28	39	32	29	25	14	36	47	52	22	42	20	40	62	18	38	45	30	9	40	27	15	3	9	24	18	61	15	6	3	9	15	31	9	31	51	15	12	26	21	30	14	15	9	15	12	21	34	6	24	9	6	38	25	21	18	24	18	23	17	3	29	31	58	12	18	71	72	0	29	49	44	18	18	31	21	14	36	40	20	62	27	42	55	6	26	25	12	12	26	6	33	3	26	21	18	12	11	27	39	9	28	45	28	12	39	15	34	21	12	29	12	9	24	32	51	27	12	18	34	20	22	40	15	20	15	9	16	52	12	9	6	17	25	25	32	24	20	54	20	35	24	28	21	24	14	35	17	31	15	31	57	24	34	50	29	34	31	23	12	5	12	6	48	32	28	24	15	23	23	12	22	6	26	19	36	32	3	36	20	25	12	54	26	6	44	6	40	21	58	70	31	27	11	12	28	27	50	17	59	34	9	44	41	12	20	28	6	6	23	15	22	31	31	27	41	12	39	51	27	29	18	21	12	36	19	30	29	8	39	31	46	51	26	28	52	25	6	18	39	6	20	14	26	30	46	21	19	17	18	25	14	33
2023.84163175987	19	29	41	26	22	10	10	25	25	26	7	7	10	54	25	18	28	13	36	10	15	29	26	22	13	16	10	44	32	1	39	7	7	18	25	26	14	1	33	31	16	16	19	7	38	34	19	19	22	26	16	22	40	53	30	30	32	25	16	21	19	45	22	31	24	10	57	15	13	23	16	22	29	28	31	22	13	42	27	31	26	13	25	31	12	24	36	8	35	25	16	25	18	7	13	10	30	44	60	22	21	7	7	7	25	23	19	19	53	24	28	20	28	20	16	12	22	32	7	28	19	30	16	34	25	24	21	21	10	16	31	42	21	30	18	13	52	22	22	19	18	16	12	28	10	16	18	28	10	52	13	51	42	24	29	16	28	19	25	29	30	30	34	10	21	25	13	16	16	15	34	12	19	15	34	27	13	38	1	20	10	30	39	28	21	57	28	30	15	41	4	25	25	13	18	35	38	24	37	10	18	29	20	19	16	27	42	4	32	19	24	18	20	13	9	18	23	8	21	19	10	18	49	29	26	7	7	13	29	39	37	13	50	12	10	37	19	13	21	25	19	13	31	4	41	45	33	1	21	29	23	33	15	23	41	20	31	19	25	28	26	22	13	16	15	13	19	14	25	36	10	18	19	21	13	13	37	28	4	26	29	15	13	24	28	25	15	13	32	13	41	37	16	29	17	19	30	33	18	13	30	13	15	31	11	4	16	4	36	23	30	19	12	36	25	27	31	30	35	13	50	21	33	33	15	55	33	26	29	28	1	21	21	7	23	23	31	18	10	16	33	10	18	13	18	47	13	45	16	7	19	27	35	10	16	46	42	13	20	13	27	35	24	42	19	19	26	22	33	41	13	37	4	24	25	34	28	7	10	10	7	23	40	13	10	10	31	13	52	15	34	25	16	10	38	41	10	21	18	58	31	32	34	22	36	13	24	13	29	7	42	16	15	18	35	25	27	7	41	36	33	31	16	10	15	13	21	25	12	25	25	27	37	31	10	24	25	16	13	40	29	26	52	12	18	16	18	16	24	10	26	19	10	21	34	22	25	15	28	16	16	15	28	36	17	51	24	15	28	13	23	15	13	10	29	40	10	15	28	31	12	27	33	30	15	15	26	19	18	19	13	35	13	16	34	10	26	22	45	22	10	29	13	10	33	18	25	29	60	19	36	25	18	15	27	17	19	29	13	10	23	13	27	25	24	16	27	20	10	19	32	19	19	21	13	13	18	46	25	22	10	53	22	44	13	25	19	45	16	19	52	34	13	28	18	30	18	21	16	21	48	42	28	19	22	7	15	33	4	26	28	16	7	53	13	15	36	17	21	1	27	28	30	29	35	40	15	16	33	43	27	42	23	28	16	46	22	16	35	21	36	23	25	13	22	21	41	23	7	34	13	23	41	22	10	31	13	1	19	44	22	34	7	16	13	33	26	36	21	51	25	25	16	25	24	1	16	13	33	7	39	13	10	16	13	27	13	31	13	13	25	24	27	24	25	4	39	40	35	1	63	34	28	7	26	19	19	34	49	25	16	20	15	19	24	13	30	10	21	24	30	10	33	35	31	15	13	28	15	19	31	26	18	13	13	10	35	52	32	12	19	28	19	27	13	28	33	28	30	22	23	7	43	10	44	16	21	23	10	34	10	13	10	22	39	21	20	40	22	4	27	26	30	22	20	16	20	24	38	16	21	16	26	15	16	19	31	22	29	18	40	18	24	27	24	53	15	48	16	42	34	24	38	38	20	16	23	22	13	4	35	26	16	49	19	13	7	7	19	30	10	29	39	16	16	25	10	33	7	25	7	13	20	25	22	13	25	7	13	39	15	19	16	19	19	24	19	24	33	29	51	22	13	63	49	21	16	36	37	13	22	35	23	29	41	51	26	37	31	34	43	16	33	26	27	7	27	10	29	4	31	26	26	22	12	28	32	31	30	33	35	22	49	16	34	24	7	24	10	16	21	36	34	24	24	13	39	13	20	24	19	24	13	13	8	40	13	7	7	26	26	21	18	28	19	42	27	23	19	35	30	31	12	26	15	29	18	27	42	25	16	50	16	32	16	24	24	14	16	13	42	31	29	20	16	27	24	30	29	13	13	18	31	39	7	27	21	19	13	42	24	7	22	10	34	18	51	54	21	28	21	13	26	22	35	15	58	22	15	22	41	16	25	21	12	16	31	19	17	22	34	30	29	16	30	39	26	24	19	28	7	27	21	31	33	12	42	28	45	34	24	28	34	22	16	23	36	22	18	29	27	30	34	13	10	28	18	15	29	29
2023.85134996558	17	29	37	27	17	20	14	14	23	24	8	5	11	19	17	42	29	11	23	17	20	23	21	25	14	20	10	30	14	8	24	5	8	17	31	20	14	11	43	35	17	20	23	8	36	28	14	17	36	20	20	22	37	50	26	19	23	14	14	26	8	39	17	27	28	8	52	14	17	20	17	23	31	32	34	32	14	36	25	22	21	14	19	23	14	39	48	16	22	17	33	17	13	14	5	8	39	30	38	20	13	8	8	8	17	27	24	28	47	25	29	33	34	33	11	16	32	17	8	24	22	30	14	28	27	16	14	31	11	20	30	37	20	39	19	17	57	20	22	23	27	20	8	32	11	29	25	11	14	50	19	43	41	17	31	17	32	17	11	27	28	22	11	11	5	31	14	17	26	36	17	22	17	20	28	30	17	36	8	8	8	17	35	22	22	52	34	25	17	34	11	21	17	14	17	33	36	14	43	14	22	24	20	14	26	40	30	8	23	14	27	28	26	17	13	25	37	16	28	26	11	22	32	23	30	11	20	17	27	35	22	11	42	14	8	33	14	14	20	26	17	16	23	11	47	16	31	11	31	27	35	31	17	34	34	14	34	26	29	17	46	17	14	11	16	17	28	11	46	51	11	11	14	20	17	20	35	30	5	19	33	20	20	28	29	28	27	14	17	8	25	33	32	23	18	33	22	23	20	34	22	16	21	42	14	8	33	8	50	17	30	26	19	38	20	28	26	19	33	19	42	14	37	38	19	27	31	20	33	29	11	26	22	11	17	27	16	42	11	14	17	17	42	8	17	16	17	39	11	20	23	35	43	17	2	56	24	14	20	14	25	20	22	46	23	22	30	14	17	47	11	43	8	26	20	17	21	11	20	17	8	35	24	14	17	16	38	14	57	19	28	15	22	19	14	29	22	14	27	52	35	21	33	17	51	14	33	17	29	11	36	11	22	17	32	22	39	11	17	42	23	30	20	23	22	14	20	23	11	20	23	40	19	31	17	22	22	39	14	39	33	41	55	14	25	33	16	19	16	20	14	29	8	16	20	34	16	36	27	20	11	8	20	32	18	64	16	27	25	8	27	14	20	11	34	38	11	5	29	41	22	25	58	28	19	17	28	14	16	23	17	31	17	11	28	17	24	28	20	36	14	19	14	17	20	20	23	19	38	26	42	29	27	16	28	25	17	23	14	14	19	17	25	46	25	17	13	26	10	26	23	26	17	28	14	17	14	30	11	20	11	17	28	30	5	20	8	41	23	28	55	31	17	17	17	22	11	17	19	26	41	47	18	23	17	5	22	19	8	28	8	14	5	50	26	17	29	8	40	8	33	29	20	34	28	38	14	11	25	29	27	46	19	32	20	30	17	13	39	14	30	27	27	22	28	20	17	17	20	38	14	35	14	23	17	26	17	5	14	49	11	44	8	17	26	17	26	38	31	54	20	15	17	27	16	8	23	11	20	5	16	14	14	20	17	30	14	16	5	17	16	23	33	28	16	5	35	26	22	5	17	45	27	8	28	23	11	20	32	23	20	26	17	14	16	14	26	11	23	14	19	11	40	32	33	13	14	18	16	17	42	18	17	14	14	14	45	55	21	19	23	20	26	25	20	20	23	19	39	23	30	5	30	20	45	14	39	20	11	16	17	11	16	20	16	25	26	15	26	8	25	28	23	17	35	17	20	14	39	5	25	22	28	14	22	17	35	20	34	17	49	23	25	29	29	47	13	41	33	28	17	16	36	39	11	33	19	17	11	8	46	21	20	32	22	37	8	11	23	13	14	29	24	11	29	20	14	31	20	25	8	11	21	26	23	34	22	23	20	40	20	22	14	11	28	23	20	59	34	29	43	32	8	17	13	39	20	35	43	8	17	39	27	38	47	64	28	20	26	22	29	17	22	41	25	8	30	8	26	11	35	28	46	32	8	17	17	42	22	28	43	23	29	19	20	25	8	20	11	17	13	38	28	22	35	14	33	14	35	14	22	30	14	14	16	24	11	23	25	35	41	11	17	38	17	26	40	19	8	43	39	26	14	20	7	29	25	26	24	22	17	29	14	17	11	39	35	11	20	14	29	29	33	8	20	20	25	35	29	14	14	16	33	48	17	28	20	26	11	26	14	11	11	17	30	11	43	19	28	17	26	14	30	26	26	17	52	23	20	11	23	20	53	20	19	17	35	22	25	30	28	25	28	20	19	24	30	20	28	30	5	28	22	34	37	22	37	32	35	28	14	17	11	20	17	37	38	36	19	38	28	20	20	14	14	35	28	20	38	21
2023.86106817129	20	20	37	21	17	26	14	11	23	14	11	8	11	19	26	49	23	20	17	24	23	30	24	47	17	22	13	31	32	31	23	8	28	14	34	17	23	28	42	39	23	26	26	23	29	31	11	29	39	14	22	20	35	43	20	14	28	32	17	26	11	41	39	33	27	11	50	17	28	36	23	25	29	28	36	29	20	44	23	21	24	17	30	14	38	45	47	28	20	26	41	26	21	31	9	11	36	31	34	25	16	23	11	14	26	25	30	25	43	27	23	40	46	40	23	17	34	26	11	17	28	37	17	23	28	19	20	32	11	21	35	37	35	36	22	25	47	37	24	26	31	32	17	30	21	32	34	11	16	37	29	40	32	17	29	20	30	17	17	25	23	24	8	16	9	34	29	23	29	41	17	26	39	26	25	34	29	28	11	12	14	20	24	37	20	50	46	33	23	26	20	30	33	20	25	36	28	26	43	22	25	20	23	15	29	37	35	23	26	11	34	51	26	17	14	34	33	28	27	29	26	34	43	25	40	11	34	23	25	30	27	14	30	38	14	40	11	19	35	29	39	25	14	20	52	11	34	28	32	25	37	34	14	37	26	17	36	23	32	25	48	14	20	17	23	29	28	19	47	50	26	14	11	26	25	20	27	30	23	23	33	26	29	27	29	23	31	19	26	12	28	40	41	30	25	33	24	26	23	37	24	18	41	49	17	20	41	29	52	25	37	47	14	40	20	23	32	14	36	29	30	14	40	35	26	19	28	14	37	29	17	23	20	11	18	39	16	49	21	17	19	17	49	11	25	6	28	41	9	20	26	33	47	19	6	58	23	23	26	14	23	14	28	41	26	17	40	14	19	52	28	43	29	32	11	17	25	20	26	23	14	37	19	18	23	32	44	25	47	32	23	28	25	28	15	21	28	17	31	50	40	19	27	22	50	23	41	25	20	31	44	17	29	17	28	19	36	20	12	39	26	35	23	29	29	25	26	29	21	20	23	48	12	22	33	26	19	44	17	31	33	43	50	22	42	41	19	41	25	23	29	35	11	30	20	37	21	41	28	20	30	12	15	34	25	55	25	31	25	17	25	22	29	11	34	34	26	9	29	48	28	22	59	34	32	31	30	19	24	26	17	32	26	23	31	33	14	37	27	39	32	20	33	33	18	23	23	18	34	37	44	51	26	23	26	23	17	20	29	22	25	29	23	47	17	20	17	26	13	31	28	47	17	27	33	32	32	27	15	20	17	24	37	31	12	17	16	44	29	25	50	25	32	17	14	17	11	26	35	23	39	41	14	26	17	11	29	17	17	30	14	23	17	43	29	14	20	14	57	31	41	31	31	34	32	37	29	17	22	33	38	41	14	30	32	27	14	15	38	17	27	39	28	23	37	26	12	18	20	43	23	37	11	29	24	25	23	20	20	50	14	48	20	20	29	19	32	41	32	51	17	28	20	28	23	11	25	14	18	9	33	17	20	14	17	28	17	16	14	32	21	43	31	27	21	23	30	29	20	20	18	47	31	19	33	20	17	20	43	23	20	26	20	20	25	18	20	20	31	20	14	17	40	41	24	11	17	14	28	23	49	19	25	14	20	23	44	50	19	25	26	15	23	21	29	15	26	29	36	29	31	13	35	26	33	22	40	36	11	19	23	15	32	37	33	26	26	16	23	29	23	26	26	12	37	23	23	15	36	12	26	25	45	29	25	25	40	25	34	14	54	23	43	28	38	43	23	39	41	19	17	25	28	36	17	41	14	12	29	20	44	24	23	43	29	42	14	23	20	13	14	20	23	22	32	11	16	25	34	27	20	29	28	29	29	37	19	33	29	38	21	28	17	14	28	31	30	62	42	20	40	34	12	18	9	49	18	37	43	12	22	38	39	34	52	55	26	17	32	25	33	23	25	43	23	14	34	11	29	20	28	30	48	34	17	17	26	49	24	25	47	25	31	35	23	40	11	20	26	22	16	40	23	26	35	17	32	11	37	22	29	33	17	17	28	19	33	33	28	38	43	22	14	34	20	20	36	25	16	47	36	34	22	14	8	20	34	18	23	19	20	21	17	14	30	45	35	19	32	25	26	23	33	12	23	17	17	33	34	25	14	24	38	42	17	31	26	31	14	20	15	20	14	24	24	11	40	19	27	17	26	20	40	32	26	20	50	29	26	14	27	22	51	12	25	34	39	29	23	44	25	33	20	32	20	23	34	20	28	30	17	31	20	36	25	28	37	28	36	23	15	25	8	23	34	33	37	39	28	34	23	31	20	20	25	37	51	21	34	17
2023.870786377	24	19	15	19	16	32	13	24	16	16	22	13	15	20	29	54	21	29	16	27	22	38	26	65	16	32	21	39	37	36	22	13	53	15	32	12	41	41	34	41	25	48	35	31	22	30	12	46	38	18	32	25	47	43	15	22	25	47	19	25	13	25	64	48	27	16	52	19	41	35	22	36	28	40	35	27	19	46	18	21	26	16	42	17	51	59	43	36	16	30	40	29	24	38	12	15	38	39	22	18	22	31	12	19	30	23	48	29	54	24	21	45	41	45	40	22	30	27	12	16	25	29	21	22	16	10	22	34	16	29	29	57	27	38	19	27	41	44	26	35	33	36	38	32	30	42	41	16	28	21	56	24	27	18	28	15	32	24	22	26	21	18	10	20	9	32	42	22	34	44	16	31	35	31	34	42	34	27	16	12	13	33	18	51	25	52	41	32	25	18	37	30	38	25	35	39	22	42	32	33	24	18	27	18	34	35	29	35	19	12	35	60	22	22	16	41	35	36	23	25	41	52	56	36	51	18	41	28	26	26	30	21	27	51	13	54	16	26	27	27	35	33	17	37	44	12	39	41	34	26	34	39	19	39	18	19	35	19	30	29	48	19	28	19	51	34	28	29	43	61	41	16	16	24	27	25	32	32	41	25	30	31	47	27	28	21	41	26	27	15	20	54	43	38	27	35	18	18	25	37	18	23	63	56	16	31	40	41	58	30	29	64	22	46	27	20	25	22	39	56	27	19	30	45	38	18	22	18	41	28	21	20	18	18	38	44	25	54	30	16	24	21	54	13	35	9	41	25	12	28	35	27	51	26	12	45	21	40	31	16	18	16	27	29	35	19	51	22	24	44	37	32	43	39	13	16	26	25	32	25	27	34	13	17	25	38	51	45	41	31	22	41	27	30	24	16	37	32	33	26	37	22	19	19	61	40	40	27	19	40	46	19	30	19	16	15	30	25	15	31	18	29	19	42	30	45	24	33	29	27	24	50	9	22	48	33	15	46	16	30	30	50	56	38	44	40	18	56	39	22	30	40	16	42	21	36	26	44	21	22	44	9	12	29	27	50	39	41	19	25	23	46	47	16	24	21	41	12	28	52	25	19	56	29	31	41	33	38	32	22	22	36	37	40	30	48	16	38	21	38	38	22	46	48	18	25	13	33	22	41	36	52	35	51	33	25	21	25	42	33	32	34	25	43	22	29	25	22	21	38	25	64	24	23	46	50	33	19	18	16	27	36	38	39	26	15	18	39	37	29	56	33	50	25	15	12	13	36	46	20	46	39	15	35	16	17	30	16	27	33	19	25	29	43	28	19	31	20	61	36	37	30	46	24	37	26	47	19	15	32	50	29	16	32	36	19	19	30	28	32	18	44	16	22	38	24	15	38	28	35	40	34	18	33	27	24	28	27	31	38	36	53	33	15	28	24	31	35	34	31	15	41	30	16	28	16	30	13	18	18	49	16	22	16	24	22	16	25	16	50	26	53	38	27	26	41	26	22	16	27	26	45	25	44	44	25	26	21	56	24	22	22	22	15	39	17	15	26	27	27	22	25	39	56	21	13	16	15	47	24	56	24	35	9	28	43	38	56	22	27	35	12	19	36	47	12	18	40	38	33	32	23	33	31	26	24	45	35	19	18	25	18	38	44	49	31	22	21	23	41	25	18	31	18	44	25	27	9	24	24	31	27	52	47	39	32	37	18	24	15	56	25	48	17	42	54	51	46	52	21	16	39	22	24	27	40	16	18	28	31	46	26	31	56	41	47	27	22	25	22	13	19	22	29	42	13	28	21	41	31	33	28	52	27	33	37	15	49	38	19	31	25	21	18	28	33	53	63	48	19	24	30	15	26	15	51	29	41	32	15	19	28	44	36	44	50	18	22	25	31	32	22	21	50	25	19	42	16	28	37	31	33	48	30	38	25	27	56	18	17	51	36	30	46	25	53	12	25	41	30	22	46	22	33	40	16	29	13	44	38	41	31	16	16	36	13	60	49	36	29	50	27	15	34	37	33	32	32	18	51	38	34	38	18	10	19	41	20	21	15	29	18	19	22	44	59	40	29	36	45	40	19	30	12	19	22	22	43	41	40	16	32	24	36	25	36	25	38	13	33	9	25	36	27	21	13	24	20	23	25	25	25	51	22	28	22	26	33	31	36	26	32	49	9	27	49	41	41	25	50	34	32	15	60	24	22	29	25	28	32	29	36	25	35	27	25	57	40	26	22	9	29	10	20	49	35	30	38	41	36	20	46	21	28	43	39	60	31	36	25
2023.88050458271	28	34	15	24	22	38	32	24	36	25	23	18	24	25	35	48	28	42	23	38	29	44	36	66	35	34	41	50	36	47	37	18	64	30	37	22	42	49	30	45	19	41	51	32	32	31	24	47	42	27	34	22	58	40	19	35	26	58	21	36	13	23	71	43	24	29	37	25	44	41	30	31	31	40	22	40	22	42	19	35	36	32	42	27	50	54	34	46	13	36	43	35	36	47	16	16	46	50	22	35	30	32	22	33	36	18	52	32	50	29	28	39	37	39	51	37	31	22	22	13	31	41	27	44	29	10	30	35	31	34	38	48	27	46	25	47	37	47	33	51	43	30	40	29	45	53	43	26	33	26	62	10	22	21	31	19	29	28	25	29	34	19	33	34	24	37	55	30	34	42	16	31	37	51	36	36	36	29	34	25	29	36	29	47	26	37	37	33	37	32	45	31	42	33	51	37	22	43	27	34	39	16	24	19	34	36	28	39	30	24	30	57	24	22	35	43	35	46	27	33	49	56	54	35	49	33	47	38	29	19	29	27	22	50	29	56	19	35	27	22	37	39	27	45	40	25	33	49	35	29	32	33	32	40	32	27	22	22	36	35	44	33	35	19	53	36	48	33	40	57	49	22	19	25	47	43	26	36	51	19	27	51	39	24	43	16	44	35	22	21	28	56	46	44	36	39	19	18	31	37	19	37	65	44	25	36	43	43	52	28	41	67	32	52	31	41	22	35	37	62	22	19	22	43	43	22	22	27	34	43	40	27	27	33	46	40	28	48	45	27	31	21	48	29	51	32	44	23	22	45	51	43	44	35	28	48	30	40	37	33	19	16	28	22	51	26	49	28	31	40	43	27	45	28	16	16	26	38	38	29	42	32	16	30	29	42	44	59	37	44	44	50	31	35	39	30	40	40	43	26	28	31	15	17	57	40	35	47	34	42	42	19	41	19	23	25	26	41	32	22	18	38	23	49	41	59	25	39	41	31	30	42	37	22	46	41	25	42	32	28	27	50	49	44	45	43	35	57	38	34	37	41	29	42	22	31	23	42	25	22	55	27	33	34	36	38	38	44	20	36	18	52	39	31	35	19	49	19	43	44	33	17	50	40	44	40	33	52	47	22	22	39	41	51	31	46	25	40	35	42	39	28	48	46	26	31	13	44	22	37	26	48	35	53	30	34	22	30	55	34	41	36	26	40	38	41	19	24	41	35	26	67	28	27	48	52	38	16	25	19	44	36	40	50	39	32	32	36	37	32	49	45	52	32	30	13	19	42	43	27	43	31	16	51	22	30	41	23	31	33	34	44	34	40	35	32	35	33	63	47	35	34	60	35	38	21	51	19	30	34	47	22	26	29	30	16	33	52	21	40	28	40	29	31	40	25	32	46	45	40	40	32	21	37	38	30	38	31	34	26	37	55	46	22	35	31	33	38	35	28	32	50	39	29	33	34	32	19	26	25	54	32	30	16	24	27	24	28	29	52	23	54	34	24	23	51	19	33	13	31	25	36	20	54	38	25	31	22	54	30	22	24	39	13	38	30	19	34	27	26	35	41	33	57	20	22	35	16	54	37	44	28	51	21	35	51	33	49	31	28	51	33	22	35	39	33	18	41	46	37	46	48	28	46	28	31	56	41	28	22	29	19	42	47	54	29	24	24	22	43	26	24	21	33	50	19	24	16	22	45	29	31	56	51	44	47	28	35	35	30	43	26	54	40	48	50	52	43	49	21	16	38	22	22	37	43	26	33	38	36	31	36	29	54	53	46	42	28	25	38	32	34	37	44	53	16	33	22	47	39	46	38	48	22	37	37	25	50	43	24	36	31	27	27	48	34	64	54	50	34	10	31	21	25	24	44	32	39	27	21	17	21	40	31	40	38	24	22	22	48	34	27	19	50	26	33	36	22	41	45	25	33	44	31	40	32	22	44	19	25	44	31	31	43	18	50	22	34	49	27	30	52	44	41	30	36	18	21	50	41	53	34	38	35	46	16	73	50	38	22	50	36	30	32	46	30	31	41	32	44	46	37	44	27	21	34	43	25	30	25	41	22	21	34	55	54	30	33	30	59	44	31	27	25	23	19	38	36	39	38	33	47	34	19	37	38	33	35	19	30	16	38	37	38	36	19	10	25	27	32	36	33	49	28	43	39	26	37	51	37	25	34	39	24	28	47	45	53	34	44	36	33	29	62	25	37	20	34	48	36	34	38	26	22	21	33	48	40	31	44	16	35	33	21	47	35	22	42	51	31	41	60	22	35	55	31	57	36	31	28
2023.89022278842	36	46	15	21	52	38	43	27	51	40	29	24	39	29	38	35	47	51	33	37	42	45	46	64	60	37	48	45	36	56	52	24	61	45	55	28	38	50	25	40	31	35	64	32	31	43	44	43	22	30	37	28	52	40	25	44	28	56	27	40	31	19	69	37	37	51	29	27	42	57	37	31	28	46	19	47	35	31	16	37	46	53	38	33	49	44	19	52	16	39	42	38	33	50	16	19	46	45	19	55	29	32	42	43	39	13	45	36	42	28	47	31	45	31	53	53	19	16	42	32	34	38	27	44	31	19	35	33	47	42	57	48	27	46	36	42	16	37	49	64	47	27	53	16	46	51	60	32	41	36	53	10	22	45	28	33	16	28	37	35	36	28	61	51	54	55	54	37	31	28	16	35	56	50	41	31	33	26	48	47	49	37	54	40	18	29	45	29	52	43	53	34	58	46	61	30	16	49	26	39	44	19	27	25	31	19	28	41	49	44	44	50	24	19	64	60	28	52	33	22	57	55	51	31	46	38	50	44	35	19	26	33	26	49	49	56	30	61	27	19	56	43	33	53	24	36	38	50	33	35	43	38	46	37	43	30	19	21	37	42	24	60	43	39	59	33	45	41	22	33	57	28	30	30	42	44	26	36	59	19	21	50	39	37	45	13	37	61	16	21	28	56	41	45	39	44	28	18	53	22	28	48	61	27	38	43	42	42	30	22	38	62	34	48	53	64	30	44	30	53	26	25	16	36	54	38	21	30	34	45	55	28	39	38	56	30	30	35	46	52	41	22	35	56	61	44	42	19	33	61	64	33	31	38	39	27	39	45	32	53	16	32	26	13	64	28	46	30	41	24	52	26	53	24	19	16	30	50	38	31	52	43	21	50	31	42	28	64	16	48	44	50	35	37	56	32	35	40	47	40	26	45	24	19	33	45	19	42	46	46	31	39	44	29	32	34	29	42	51	32	18	57	19	45	44	64	30	56	48	53	30	34	61	24	41	40	34	32	53	32	21	34	40	41	46	42	57	50	50	31	50	66	51	37	33	39	26	28	33	35	56	56	41	34	39	25	50	37	27	43	13	48	39	47	38	25	57	27	45	31	41	19	23	43	48	40	35	54	47	35	19	43	43	53	43	41	40	35	56	22	45	43	56	41	42	53	21	49	19	26	16	52	41	59	35	36	30	29	54	39	51	33	33	22	41	42	25	24	48	34	28	62	28	33	56	52	51	19	35	32	63	39	35	45	62	60	49	22	29	36	40	56	52	35	45	13	34	47	49	28	46	28	30	64	52	36	44	35	29	35	50	61	42	40	33	46	40	42	58	56	24	38	59	38	28	24	59	39	32	28	42	13	38	16	27	19	60	60	24	40	38	30	31	48	35	30	51	56	61	48	45	43	24	39	37	38	44	37	43	21	42	49	46	47	33	41	36	42	33	39	60	50	50	31	32	48	29	33	42	27	59	53	50	16	25	30	53	30	47	52	26	48	28	37	26	59	19	41	16	37	27	25	16	54	34	43	33	33	51	30	35	24	56	13	50	50	25	38	31	29	44	44	31	48	33	24	60	30	51	56	27	47	61	50	43	56	34	40	45	21	64	41	21	42	39	41	18	38	46	39	45	55	30	41	33	34	54	57	44	41	31	45	42	37	59	32	24	30	24	42	33	35	30	49	44	31	27	19	22	47	32	35	62	59	39	47	26	55	38	45	25	26	59	54	38	42	51	46	35	24	16	50	16	22	31	42	38	49	47	43	20	46	39	51	57	34	52	36	43	46	43	46	52	51	51	19	41	22	50	49	46	47	47	19	39	22	34	45	44	47	39	34	27	48	45	39	63	22	45	46	10	19	21	27	31	25	35	35	26	21	19	24	30	25	24	25	35	41	30	60	28	44	22	34	33	43	31	30	47	53	30	35	24	19	53	35	16	27	28	46	31	31	25	49	22	44	42	41	57	30	29	48	44	40	21	54	10	41	44	41	57	35	61	60	52	21	73	45	43	19	34	42	45	24	56	33	28	51	49	31	46	43	41	30	46	46	60	33	39	34	42	22	27	49	56	44	21	41	27	64	57	59	21	47	19	19	41	27	41	51	53	47	43	16	34	44	35	34	33	33	19	50	42	37	38	34	10	29	33	35	40	46	46	42	40	56	40	39	50	42	33	37	30	27	21	46	40	57	36	41	41	29	29	59	22	52	25	41	45	36	42	44	18	19	37	41	48	46	41	44	19	42	61	27	46	28	25	22	55	25	64	59	33	43	54	26	50	39	25	34
2023.89994099413	41	53	24	26	69	41	48	26	55	46	34	32	44	28	31	41	55	50	40	36	43	42	51	53	64	40	57	43	25	53	62	32	51	56	58	30	34	40	24	36	35	39	59	29	27	47	57	36	15	43	40	36	51	39	34	55	31	53	30	41	33	19	61	35	40	56	24	35	32	53	34	44	25	38	24	53	41	29	19	38	51	64	43	44	34	30	13	42	33	37	45	31	43	49	34	28	49	43	22	60	31	29	51	47	37	22	43	38	36	36	55	21	39	21	56	49	13	16	51	41	27	40	32	50	41	36	32	24	50	35	65	45	24	49	43	44	23	38	51	59	53	18	46	19	37	45	69	40	43	41	48	10	24	55	25	44	19	22	33	36	40	34	60	51	59	58	46	34	28	22	19	38	48	51	49	26	24	27	62	67	55	36	65	33	17	24	39	26	53	45	51	30	54	56	61	29	13	38	20	43	54	25	37	23	28	21	19	37	58	57	42	43	37	24	74	69	34	42	35	19	53	50	35	29	38	44	50	54	36	18	29	35	36	34	55	46	49	57	24	16	48	44	44	51	26	47	34	40	24	36	45	34	49	37	45	32	24	25	52	39	26	66	47	55	47	24	46	42	10	24	53	35	49	23	44	49	30	36	51	31	29	51	42	40	54	16	38	57	16	21	42	46	45	42	44	35	34	21	58	29	34	51	46	24	48	44	45	33	25	18	40	49	58	48	63	72	29	55	29	48	36	30	15	31	62	47	24	43	32	54	60	40	46	44	44	24	48	41	37	58	48	32	41	66	61	49	32	19	42	62	59	42	27	46	46	23	51	45	37	57	19	40	29	13	59	29	38	29	48	26	55	20	45	29	25	19	36	53	41	32	58	45	23	49	32	36	22	58	23	39	50	46	41	44	58	36	27	39	53	44	21	55	31	27	24	45	16	44	53	38	29	55	46	35	34	36	30	48	65	39	21	65	21	41	46	58	23	55	61	63	38	13	72	24	28	36	36	36	64	42	29	25	39	36	36	45	73	35	47	41	47	63	56	36	37	55	34	22	45	38	48	57	43	23	44	22	47	38	26	37	22	45	42	50	37	27	53	34	54	26	39	17	10	34	39	31	30	47	44	41	24	50	42	56	47	28	46	41	64	15	34	47	45	28	48	58	35	47	22	24	13	39	39	47	33	30	30	36	46	43	57	24	40	10	43	47	35	37	57	42	31	49	22	35	45	44	38	19	34	46	65	42	41	43	71	62	47	22	27	38	39	60	44	40	56	21	48	49	35	40	37	21	38	59	69	39	46	41	38	30	51	67	38	39	32	49	44	41	38	53	27	42	48	37	33	30	56	55	45	25	30	13	47	19	18	19	66	64	24	39	39	24	41	58	41	23	65	44	62	35	45	45	38	28	36	40	54	39	43	24	42	35	40	65	32	48	46	46	24	35	62	46	51	41	33	62	26	42	48	32	45	64	56	16	28	37	55	48	40	44	34	42	29	40	34	51	18	57	33	39	32	16	16	49	29	48	39	37	35	38	38	37	66	13	47	49	34	33	21	37	55	40	34	45	38	30	64	38	48	51	24	48	61	64	47	74	42	39	55	21	59	43	25	46	42	43	21	34	49	28	47	57	33	41	40	32	50	53	45	45	32	46	36	38	45	25	37	27	24	33	40	52	39	64	35	35	37	27	28	52	25	41	53	56	44	45	21	60	37	56	13	22	60	64	34	36	41	37	25	29	19	47	13	28	39	45	47	64	40	44	18	51	46	35	59	27	58	45	48	50	48	53	62	61	45	25	43	30	50	49	40	40	41	16	28	29	36	43	42	54	51	27	32	50	46	35	56	16	38	53	10	13	21	32	33	12	37	30	20	21	27	24	24	31	26	22	52	44	29	71	25	50	24	25	40	47	26	44	50	51	39	30	26	13	46	40	16	24	34	49	27	44	33	35	26	34	51	40	53	40	31	48	50	36	19	55	16	52	35	39	59	38	61	64	42	23	61	43	45	24	25	40	56	20	54	33	39	57	47	27	49	47	36	43	57	53	69	44	51	36	47	25	30	53	48	30	19	42	18	58	52	71	29	67	21	20	43	28	37	51	57	44	42	16	36	44	36	42	42	33	27	53	42	36	39	48	10	28	35	40	41	56	38	53	49	66	44	28	51	42	38	40	13	31	21	38	36	59	30	27	49	26	28	48	34	62	27	40	46	36	38	44	17	24	44	39	45	38	50	50	27	39	60	26	38	34	36	15	51	31	72	48	37	47	45	25	43	51	31	41
2023.90965919985	33	59	29	22	62	40	44	16	50	40	40	43	47	22	26	36	54	39	53	35	44	36	46	27	60	31	49	31	9	36	55	43	30	51	59	32	27	30	21	26	29	27	49	32	35	38	58	18	17	42	31	42	39	23	33	51	37	41	50	40	34	15	36	20	36	59	29	33	14	47	27	40	33	29	20	51	43	23	12	36	46	62	26	50	27	20	12	41	52	34	40	26	40	42	48	36	38	31	35	58	27	32	50	54	34	26	33	32	18	41	54	12	29	12	46	45	19	17	50	49	34	36	27	45	39	46	30	11	51	27	67	24	17	38	46	49	30	36	48	49	51	12	28	15	26	34	57	39	33	32	24	6	17	64	33	52	15	18	32	53	33	35	55	58	55	59	24	27	34	12	23	36	37	51	38	18	19	22	57	62	50	30	61	20	23	29	29	18	47	43	38	39	43	58	57	39	6	29	14	37	51	23	32	40	34	46	27	42	55	58	28	20	46	40	73	57	32	41	38	28	45	29	18	22	29	38	40	48	53	14	43	38	36	27	50	29	50	47	17	12	37	29	50	38	22	48	35	30	11	53	43	35	51	36	43	33	20	35	52	39	24	58	41	50	21	19	51	39	12	12	45	36	50	16	49	56	22	32	30	38	27	51	35	36	49	14	30	47	17	20	40	29	37	36	44	33	35	15	53	39	35	52	16	22	50	36	40	22	19	20	36	30	63	34	51	68	36	51	39	24	36	34	31	20	49	51	28	42	30	49	57	59	46	38	36	15	53	36	26	55	46	34	36	64	57	45	14	15	37	56	49	51	14	38	39	22	47	38	33	58	12	43	31	18	49	36	29	26	46	22	50	14	29	44	28	23	33	47	40	29	44	43	38	48	29	18	37	39	30	35	45	35	44	42	52	40	21	24	51	42	21	47	29	28	12	38	9	49	59	25	23	50	35	39	29	34	32	43	60	40	15	67	21	25	35	39	16	49	50	51	33	14	70	22	12	27	34	32	62	38	27	12	23	21	24	40	69	23	39	41	50	47	59	41	35	53	44	12	39	52	24	62	49	16	44	21	39	30	42	34	26	31	35	51	33	34	45	44	49	11	34	25	6	30	35	23	30	28	40	45	40	48	33	46	38	12	40	53	62	17	27	52	25	12	46	53	49	37	35	18	36	30	31	21	27	29	37	28	24	37	46	19	43	12	31	39	30	46	49	46	37	30	18	38	25	12	34	34	38	45	56	28	53	31	61	55	48	17	12	32	23	57	12	31	51	19	52	41	23	59	27	18	39	49	62	31	35	37	44	30	41	61	37	23	29	51	42	48	31	36	35	41	27	33	29	25	39	50	46	19	15	18	44	15	12	34	58	51	29	24	53	15	39	56	53	16	60	36	56	35	38	43	48	29	35	32	48	33	46	28	30	22	26	67	29	46	51	43	11	25	55	35	42	39	29	57	31	42	46	40	27	62	51	21	28	32	49	53	35	12	44	26	17	36	44	30	14	51	52	33	42	18	34	32	16	44	22	35	18	33	52	46	61	17	39	48	33	30	34	26	51	35	53	24	27	35	60	39	30	48	22	41	57	63	41	58	49	23	47	19	49	49	35	27	35	49	15	22	38	29	46	55	28	37	38	25	44	47	41	45	29	42	18	36	27	22	46	20	41	22	43	49	40	65	29	29	32	34	40	41	22	44	43	39	38	31	21	58	33	51	9	15	39	66	25	18	27	27	9	30	23	39	6	40	51	40	44	65	36	36	20	46	48	18	49	26	44	52	44	48	44	59	55	50	34	28	33	34	40	42	26	36	32	12	29	39	34	27	35	61	52	34	27	51	51	29	40	9	25	59	6	19	20	42	31	8	36	23	14	20	28	29	15	37	22	21	49	34	36	62	19	46	22	12	43	54	18	46	39	38	36	30	24	19	28	31	17	22	35	44	14	40	27	23	23	18	50	38	45	40	27	34	45	27	19	55	21	46	29	15	49	25	57	60	41	38	43	27	43	19	12	31	51	19	46	27	37	46	48	14	38	31	21	42	54	59	57	43	47	34	39	21	50	47	24	20	19	39	12	39	44	60	27	62	21	32	31	28	33	42	58	40	38	14	40	38	30	46	42	27	34	47	30	35	44	52	6	22	38	31	40	58	29	51	42	61	42	29	51	30	35	31	6	40	19	24	26	49	29	19	38	18	22	23	29	55	25	38	51	32	37	38	23	20	43	34	24	29	49	45	34	39	55	23	24	32	45	17	31	37	68	27	35	41	36	26	20	52	37	48
2023.91937740556	38	52	40	26	60	38	43	26	35	41	45	43	49	27	25	42	57	35	58	38	43	29	51	18	56	35	37	17	12	31	45	43	21	50	51	38	30	34	24	23	47	23	38	40	53	36	63	9	22	56	35	44	12	18	42	44	39	35	55	43	51	40	23	26	39	64	39	43	17	47	37	45	45	20	21	52	57	32	31	31	51	57	23	58	21	18	24	34	68	40	36	25	37	40	69	48	39	17	40	70	36	40	46	55	40	32	23	36	15	45	57	24	27	24	49	33	38	27	46	54	37	34	28	33	43	59	34	23	48	25	69	18	27	39	57	46	46	35	51	38	43	24	26	28	23	33	48	37	40	27	15	9	17	69	45	65	28	17	37	54	23	48	49	48	54	51	15	37	42	18	33	47	43	42	39	20	32	31	57	59	49	38	56	20	40	39	27	31	47	41	29	43	42	60	45	45	25	24	24	45	62	38	44	60	42	49	44	53	59	63	34	15	61	61	62	48	40	34	48	37	48	22	18	26	15	40	38	40	54	25	49	46	42	21	49	26	52	49	27	19	43	34	58	29	22	45	43	34	23	54	46	43	62	44	41	41	21	44	52	39	38	55	42	54	15	32	53	52	26	18	48	43	52	23	46	41	27	28	26	42	37	42	52	39	43	24	29	49	27	36	40	26	33	29	59	31	48	26	47	41	48	49	18	30	53	36	36	25	17	31	34	18	65	28	47	60	38	44	45	15	42	45	53	21	50	59	34	56	40	43	54	65	47	40	23	18	60	42	23	49	48	44	42	65	45	41	17	40	43	46	38	47	14	38	42	24	51	48	28	55	31	52	36	33	38	50	15	36	48	22	47	24	31	48	28	33	38	46	38	39	34	46	47	47	39	22	39	33	46	38	33	27	41	35	52	48	21	21	43	41	30	55	37	39	18	48	17	46	52	35	32	54	33	45	23	29	30	49	58	46	26	69	31	26	33	33	23	48	45	47	32	21	63	27	9	20	29	37	57	38	37	12	29	32	27	36	68	12	39	45	57	52	64	41	37	59	50	18	44	51	15	57	41	26	59	23	39	29	50	32	32	31	52	48	29	46	48	55	43	21	35	40	12	21	38	21	31	20	34	52	61	40	39	49	36	9	41	68	62	22	22	45	28	9	50	47	61	36	40	21	49	29	29	15	29	28	53	36	15	45	41	32	52	26	30	37	44	61	37	53	39	18	17	48	28	9	34	38	39	48	41	25	68	17	58	47	45	20	18	36	29	46	9	28	50	34	55	47	26	65	13	30	49	38	60	42	33	41	64	31	47	51	32	18	31	62	46	51	18	31	57	38	15	29	33	36	36	54	50	30	24	33	46	28	24	38	55	40	39	21	58	18	43	60	68	23	58	23	46	27	48	46	62	35	38	34	40	35	49	33	33	18	18	67	31	48	49	40	23	34	47	27	47	43	24	57	52	47	50	53	23	57	49	35	34	40	42	60	37	9	50	21	28	39	50	26	25	52	68	35	45	23	43	18	9	46	27	37	18	32	51	61	52	36	39	47	42	38	46	34	44	28	52	12	30	44	56	49	15	51	30	44	45	66	42	54	59	29	55	27	38	41	44	31	52	41	26	30	39	35	54	41	34	26	35	24	37	47	42	68	39	57	22	35	23	29	61	27	48	25	52	47	39	55	26	47	44	40	59	36	29	41	34	36	32	31	30	70	29	50	12	27	28	58	24	15	24	13	24	36	33	39	25	59	58	36	46	55	44	36	25	51	47	18	38	27	34	60	46	41	43	52	45	54	33	28	40	35	38	41	18	44	9	19	35	41	29	21	42	57	47	37	28	45	53	29	12	12	18	52	9	38	36	45	29	11	33	19	24	36	39	39	18	53	22	23	47	37	38	58	30	47	30	12	52	55	20	62	36	29	44	31	38	38	26	28	27	30	48	45	14	45	33	26	31	18	46	31	48	39	36	28	33	20	27	51	37	49	26	26	38	27	51	56	34	47	24	21	47	42	12	36	50	30	32	32	53	41	45	14	39	36	32	56	60	52	48	48	51	29	37	29	55	45	15	18	27	52	24	33	47	60	37	59	31	48	30	33	27	52	55	34	39	22	34	35	30	53	47	32	40	46	33	38	40	55	9	27	48	28	43	60	15	56	43	52	41	35	42	33	39	35	9	39	27	23	23	38	28	20	39	31	29	9	45	45	32	31	53	28	32	35	40	21	48	35	18	20	48	33	40	39	49	31	23	40	60	22	24	53	60	15	37	42	23	32	15	47	53	47
2023.92909561127	46	39	49	26	50	39	39	39	23	37	51	43	37	29	28	45	40	41	56	29	46	46	33	17	26	36	35	22	15	25	37	43	35	50	34	34	44	31	27	26	52	30	21	50	68	34	41	29	35	56	36	37	15	14	41	35	44	28	54	38	58	47	23	31	25	42	46	44	41	38	52	46	50	17	26	36	52	36	50	31	33	39	25	50	24	29	36	32	68	45	28	28	41	36	72	52	40	22	44	51	50	50	37	47	45	44	23	32	18	50	40	43	23	43	43	31	53	33	37	53	31	26	39	36	48	55	41	31	35	15	57	23	43	40	47	35	60	37	29	21	30	48	24	45	23	26	32	34	29	26	20	12	20	50	50	59	45	33	33	50	20	50	22	31	30	34	18	52	47	32	54	48	37	34	36	22	46	49	36	44	36	35	39	29	43	46	23	41	37	22	26	47	26	48	36	46	35	40	34	46	49	42	40	61	47	49	45	55	45	41	23	18	62	70	44	32	42	32	48	53	44	14	18	33	18	26	34	34	50	25	47	45	33	24	36	27	46	19	43	26	37	34	50	26	25	42	36	31	31	50	41	36	45	49	22	52	26	50	54	41	38	36	36	42	14	46	51	45	34	18	44	39	46	40	35	36	41	26	17	58	36	34	52	25	39	29	28	19	33	54	46	27	29	46	55	26	50	44	43	41	50	39	26	41	51	45	28	36	20	68	26	18	59	27	34	28	40	35	46	20	33	47	54	36	36	48	39	56	34	39	36	66	41	26	12	20	58	45	23	36	41	55	45	47	36	46	41	47	30	36	21	46	21	42	33	25	46	47	29	38	50	47	36	38	21	58	18	35	41	25	32	34	39	49	33	54	35	30	39	45	29	41	50	34	45	25	41	40	60	53	36	27	40	31	40	51	42	21	30	37	31	39	30	40	18	47	42	35	39	44	36	42	34	40	23	33	25	39	32	37	44	57	42	40	34	40	40	28	41	34	46	26	39	34	18	20	33	39	39	38	36	15	30	37	30	28	48	15	36	47	52	28	42	40	36	47	55	32	32	47	14	37	42	45	55	23	36	28	62	35	44	30	52	35	23	65	44	53	39	30	31	52	15	23	53	20	32	18	39	43	70	39	41	43	34	18	37	62	40	35	17	30	23	18	35	43	59	44	44	29	53	39	32	14	21	31	51	42	18	46	31	46	55	34	29	46	58	62	35	54	44	18	33	48	23	12	34	39	32	40	38	33	62	22	38	26	34	42	27	32	30	35	12	28	50	53	50	40	23	66	20	26	59	21	50	47	34	27	69	32	29	29	26	14	34	45	45	50	28	25	58	32	18	23	51	53	27	42	57	38	34	38	39	45	48	39	36	29	45	21	57	20	48	54	62	40	32	12	36	30	47	41	56	36	29	34	34	53	52	36	50	18	30	50	34	41	47	38	31	33	26	27	27	48	32	36	54	40	35	62	18	39	38	55	51	44	26	58	20	12	55	29	44	25	55	17	25	34	68	53	44	23	55	20	18	52	33	36	18	46	47	62	33	56	36	34	41	47	51	49	35	18	51	21	28	45	26	59	24	45	41	31	36	44	36	44	56	30	39	32	21	42	50	37	52	42	44	42	40	36	42	29	29	30	28	29	22	38	29	50	45	39	25	37	18	37	62	38	49	36	55	37	39	49	36	52	40	47	64	32	37	40	24	27	34	26	31	51	23	50	15	42	30	40	30	18	26	20	30	37	54	36	35	64	59	28	39	49	54	45	26	33	43	18	31	32	29	56	52	36	39	39	37	54	26	33	29	41	34	27	30	54	12	26	36	41	33	33	42	43	42	31	39	35	51	24	12	12	23	39	12	53	54	44	39	20	29	18	34	54	40	45	20	48	25	23	37	28	40	41	38	33	48	15	55	47	22	55	27	26	49	32	38	53	24	28	33	41	50	35	21	46	42	23	48	21	37	32	44	46	50	27	36	20	49	35	45	41	36	45	31	29	27	26	32	50	30	33	44	67	15	44	50	35	23	42	40	31	34	21	40	27	37	56	48	39	32	39	46	33	46	30	54	31	14	29	49	45	48	40	39	36	36	44	42	54	29	42	29	50	38	39	30	35	41	34	26	54	40	42	47	30	50	29	38	50	12	29	48	28	38	48	18	47	42	33	37	36	34	50	48	36	12	41	32	22	26	31	31	20	36	41	28	12	57	37	45	32	51	26	26	34	43	26	43	31	23	17	36	36	47	41	22	38	22	42	62	35	20	48	28	18	36	36	23	31	18	42	48	56
2023.93881381698	45	23	47	29	21	27	38	48	13	25	43	39	31	37	41	41	30	49	47	21	39	52	30	16	10	45	16	19	15	21	22	39	33	34	16	37	50	22	27	33	56	46	13	48	69	30	29	37	38	46	45	42	19	13	52	28	42	16	47	27	52	48	21	27	22	32	44	58	58	13	52	42	51	13	22	25	39	32	54	24	30	18	22	35	27	33	48	34	59	42	13	41	37	42	63	43	42	19	44	29	62	48	30	44	42	49	16	28	25	52	30	53	16	53	41	29	60	43	30	48	28	28	32	21	44	51	37	31	30	22	31	25	47	42	59	28	53	26	25	13	12	58	24	50	24	19	13	31	25	10	24	19	22	29	51	39	50	50	34	44	21	41	13	31	10	16	24	52	54	34	54	47	22	25	26	25	59	55	18	16	22	31	16	33	51	44	16	47	32	15	16	49	13	37	19	46	46	43	41	47	30	38	27	61	54	46	48	50	19	29	16	18	52	67	21	13	32	34	45	60	36	15	25	30	13	18	25	15	44	26	41	40	23	27	22	30	24	13	47	41	22	36	35	16	24	35	29	22	31	44	15	29	38	46	15	46	22	44	43	39	34	10	30	19	13	59	39	42	51	16	36	29	24	54	28	32	34	30	13	57	37	25	46	22	23	40	24	13	43	57	44	30	13	52	53	27	41	56	19	35	41	34	32	38	44	37	13	35	24	76	28	16	46	16	16	10	48	28	46	24	23	45	52	41	16	39	30	46	30	23	19	53	27	18	22	24	51	41	24	16	26	49	41	18	19	45	58	48	16	21	13	37	34	39	30	27	34	41	28	27	54	39	40	39	13	55	13	39	26	24	25	41	49	46	31	54	36	18	27	52	22	15	51	25	52	23	34	38	53	55	21	22	22	23	33	50	46	24	12	13	33	22	25	39	16	41	48	28	23	42	32	19	40	24	16	28	20	30	13	21	56	31	41	36	40	38	54	22	33	16	48	27	16	44	25	22	28	32	18	27	37	13	24	44	29	13	27	16	29	42	41	13	32	38	37	19	45	34	18	43	19	24	43	42	53	32	29	24	57	44	49	32	46	30	25	63	36	46	23	36	22	49	22	26	55	18	46	22	33	28	67	26	36	41	30	25	25	44	19	38	16	26	23	25	21	19	47	43	44	36	50	39	34	13	30	37	46	29	24	47	15	59	44	51	28	50	49	52	16	48	42	16	50	45	23	13	33	46	27	34	26	26	44	19	30	16	30	53	24	28	24	26	13	21	34	53	38	33	18	53	19	38	53	13	21	49	40	29	65	46	25	10	16	13	30	38	42	43	22	21	52	15	19	25	55	60	22	19	43	42	45	39	27	50	58	46	10	28	57	24	49	24	44	32	44	54	13	22	21	28	41	15	50	39	21	30	15	47	46	37	52	13	35	21	30	26	31	46	31	39	16	22	16	44	32	18	46	37	21	57	13	18	19	59	59	41	10	51	13	13	45	28	45	22	45	13	26	15	59	47	37	31	55	28	24	41	27	37	25	48	43	52	18	59	29	25	52	41	51	47	28	19	41	22	21	47	10	53	24	45	38	22	19	24	30	16	52	24	22	44	13	43	44	37	46	43	56	43	42	39	45	29	29	42	27	19	16	13	25	44	52	32	23	26	13	37	52	53	45	35	44	26	40	22	34	56	27	43	62	25	37	22	13	22	35	19	33	29	25	34	19	53	30	25	32	25	24	19	31	39	54	29	46	62	54	13	27	22	55	37	24	30	40	25	19	50	22	46	41	34	38	23	22	45	19	31	25	49	25	21	35	55	16	41	39	35	28	30	37	29	31	28	32	26	39	28	10	13	19	23	19	60	57	37	53	33	27	19	41	57	39	57	24	46	24	32	26	27	48	19	42	19	64	13	44	44	25	43	23	16	43	46	34	60	24	21	43	38	41	28	34	42	43	18	51	19	30	24	36	35	62	16	21	22	53	28	47	22	34	44	19	33	19	10	34	51	28	30	32	70	13	53	34	45	10	44	48	15	30	34	42	25	44	46	31	23	13	29	34	28	50	36	47	33	19	33	53	42	58	38	34	15	37	16	41	54	28	35	24	40	27	33	29	46	44	28	18	48	37	44	43	18	52	21	35	38	19	37	45	21	27	37	13	27	21	18	13	39	25	52	44	45	22	40	44	15	33	19	37	28	26	47	37	10	47	22	52	24	39	30	16	28	51	22	24	22	25	13	21	21	43	39	13	41	15	32	51	38	27	46	10	19	37	30	22	21	18	31	46	57
2023.94853202269	47	23	46	33	22	28	39	51	29	23	36	43	26	47	49	31	29	48	40	36	43	53	34	18	12	40	17	32	30	24	18	43	32	35	18	45	44	28	29	38	56	44	12	45	62	41	31	48	42	36	40	42	18	20	50	20	37	15	35	30	50	43	23	23	34	22	35	54	59	15	51	36	59	28	29	28	37	32	55	26	34	21	22	30	30	37	52	40	35	35	20	49	34	39	37	41	41	32	40	23	64	45	27	34	35	40	20	35	31	43	29	56	18	56	28	33	56	40	27	41	36	29	41	28	39	34	36	37	28	34	26	31	48	41	49	23	46	29	33	12	12	55	34	51	28	25	12	36	42	20	23	42	30	23	59	34	51	55	33	34	28	43	18	27	12	18	43	51	48	37	50	43	17	24	36	35	63	55	22	20	28	39	21	41	53	35	18	53	36	26	34	43	25	29	23	37	51	48	42	43	32	40	30	48	48	31	39	40	20	31	32	20	45	48	18	12	34	40	41	50	28	44	28	39	32	30	36	22	34	47	36	35	34	30	28	36	18	27	48	54	17	37	30	34	28	24	29	28	37	34	18	29	31	41	26	48	29	43	34	39	29	15	34	26	33	63	32	36	64	18	28	42	18	56	23	38	34	27	27	45	36	24	37	34	20	44	26	27	40	55	38	36	23	53	41	36	43	61	32	27	43	28	35	36	41	34	20	42	27	70	29	21	27	19	15	12	48	20	37	23	34	35	39	37	25	44	48	36	34	20	18	34	29	30	37	42	36	31	28	15	20	44	31	17	23	46	59	43	20	17	12	26	41	40	32	28	35	35	38	32	55	31	39	34	12	46	32	43	20	28	18	42	49	36	35	50	35	26	28	49	41	18	52	29	49	30	26	39	46	55	28	15	19	23	30	48	54	31	12	18	52	23	41	35	18	35	52	23	23	38	32	26	46	26	33	28	28	32	12	27	61	26	54	37	46	39	56	18	20	15	46	40	24	43	41	24	28	35	21	32	36	29	18	46	33	20	20	30	33	41	31	15	22	30	38	18	34	37	31	26	28	18	37	46	41	33	33	26	46	46	40	32	37	28	26	59	28	31	20	46	30	43	31	24	55	26	47	37	36	28	48	22	39	28	41	41	23	31	18	42	18	33	34	41	22	32	34	40	40	48	37	38	48	33	30	45	38	35	43	43	15	63	37	64	44	47	45	45	17	33	37	21	55	41	34	24	34	41	20	31	28	27	31	32	31	23	31	52	28	35	18	25	24	40	35	56	27	28	29	34	25	47	45	12	22	50	46	32	42	47	33	12	34	20	29	31	44	25	26	24	38	20	26	26	53	52	21	26	37	45	46	34	30	51	55	41	15	26	52	31	39	42	39	30	31	56	12	37	17	25	35	18	31	36	36	30	22	48	36	36	56	23	46	12	29	20	24	49	37	46	23	15	18	39	36	22	42	34	22	47	25	21	28	56	59	39	25	36	33	24	34	35	43	34	34	27	47	18	35	48	27	37	41	31	47	42	42	38	28	46	26	45	20	63	33	29	50	40	47	48	20	22	30	23	29	50	12	45	33	43	36	29	23	21	34	18	33	18	23	53	12	37	43	41	37	37	61	53	41	36	41	31	33	41	28	23	31	15	39	40	49	29	30	29	25	47	45	55	28	42	37	34	41	21	44	56	30	44	39	28	47	19	15	21	33	27	52	23	26	35	39	54	34	17	33	31	26	25	36	36	50	33	51	39	29	20	30	21	52	34	20	34	35	28	26	53	41	31	42	33	39	23	18	39	25	35	42	39	36	27	46	52	26	54	36	27	28	32	31	20	21	36	41	31	32	31	15	35	23	23	42	56	55	27	54	41	36	32	42	55	35	52	42	40	28	33	34	28	48	23	45	27	65	29	37	34	35	48	24	34	36	47	29	56	34	40	40	36	43	32	41	36	46	29	52	32	27	27	28	34	64	19	28	24	54	30	45	21	44	42	26	37	24	12	40	52	26	32	33	70	29	55	35	52	18	45	47	15	31	41	41	38	46	36	30	23	12	26	35	28	47	45	35	32	28	37	54	36	55	39	24	17	36	20	54	57	44	35	38	38	32	36	33	49	39	29	26	33	34	45	44	26	56	36	27	27	42	47	41	40	30	29	32	26	27	20	18	36	24	56	48	40	33	40	53	17	38	26	45	40	36	53	51	15	47	18	51	27	32	27	34	29	53	29	20	30	31	28	26	28	44	39	18	53	17	34	37	42	37	40	12	26	38	34	21	26	20	21	40	42
2023.9582502284	39	19	38	33	20	24	36	44	25	19	22	36	14	51	46	25	19	43	22	42	35	48	31	21	12	47	19	35	31	29	26	36	32	28	21	44	36	29	26	34	44	43	12	35	40	40	21	61	39	18	47	33	17	28	48	26	32	15	21	25	42	29	17	23	40	12	22	49	57	15	47	32	49	34	38	24	21	43	53	33	31	23	24	21	26	36	49	50	17	26	19	46	31	36	14	36	33	35	40	12	54	35	28	23	26	44	29	37	32	30	19	52	20	52	14	32	46	41	28	38	37	25	45	27	35	14	34	39	20	52	15	30	44	33	38	12	26	29	32	12	12	51	44	40	21	21	15	41	41	24	22	52	47	12	49	17	40	52	29	21	32	39	17	20	12	21	50	47	40	42	39	38	18	22	32	37	56	49	25	25	27	30	17	38	46	22	20	41	24	22	33	22	30	20	15	22	52	52	45	37	24	44	24	25	40	28	31	21	17	21	39	22	37	31	15	15	34	50	38	44	26	59	32	38	41	29	38	30	21	53	22	28	38	26	27	35	20	32	44	56	18	32	21	33	37	22	31	29	39	21	15	31	15	30	22	41	38	39	20	29	25	15	34	31	34	56	24	31	64	18	26	34	20	54	12	32	29	31	38	41	28	22	15	40	17	52	25	32	41	48	34	35	24	48	23	37	39	53	34	21	39	25	37	28	36	31	19	39	27	68	25	20	25	22	18	12	49	26	22	22	38	26	17	44	29	29	58	18	37	17	12	16	17	29	44	56	19	25	21	15	20	33	25	12	15	41	57	29	31	17	12	17	46	43	36	24	32	22	36	19	53	28	34	22	12	29	41	35	20	37	18	45	42	27	45	39	26	22	24	46	62	15	49	25	46	27	18	36	26	46	27	21	15	25	18	39	46	26	12	20	52	23	42	37	18	22	49	12	19	37	43	31	47	25	45	37	27	29	12	30	53	15	57	31	47	36	54	17	22	18	36	39	23	41	48	25	37	37	23	32	28	41	15	44	32	19	16	39	33	43	18	12	12	14	40	14	26	42	41	28	33	18	37	41	23	28	33	25	31	40	44	25	15	20	28	46	26	23	17	45	36	30	30	25	46	39	38	38	37	22	31	14	34	14	40	48	19	12	18	39	20	29	36	48	14	34	21	34	40	45	15	30	45	34	30	40	31	39	50	37	18	56	25	64	49	41	41	37	19	21	32	20	52	38	36	37	27	35	21	34	27	25	12	35	29	22	30	51	27	37	15	22	37	47	28	51	29	12	38	16	32	44	41	12	20	45	47	28	15	38	36	12	46	28	29	15	30	16	25	29	18	22	34	28	50	53	18	31	27	39	39	22	25	40	51	35	15	31	46	26	26	56	35	27	12	54	12	44	17	25	22	15	19	32	42	29	30	45	20	36	49	28	45	12	29	20	18	42	39	49	22	21	14	35	41	25	38	29	14	37	36	23	38	50	50	34	28	19	42	37	26	32	40	40	26	38	53	20	17	45	22	37	33	33	53	38	36	40	32	36	28	37	23	52	33	25	48	32	32	52	26	18	26	28	31	40	12	41	31	34	28	22	15	20	34	24	26	15	23	57	12	37	39	36	15	37	53	45	33	32	25	29	33	39	29	16	35	15	37	14	46	19	27	29	36	45	37	50	18	39	25	41	37	23	40	44	24	34	22	24	45	15	12	18	31	32	52	12	28	28	43	53	30	15	35	32	17	32	35	38	39	33	52	22	12	19	25	23	43	31	17	31	35	32	25	55	62	26	38	23	36	19	26	25	21	45	41	40	38	22	45	43	41	56	32	21	37	31	27	18	12	37	45	31	24	31	20	47	24	19	52	46	48	22	49	45	46	40	45	48	37	46	56	29	37	28	41	28	49	25	39	26	55	41	25	23	37	30	26	33	35	38	25	46	44	47	41	28	39	31	46	32	52	38	56	34	28	21	26	36	54	22	27	25	53	26	30	17	40	37	25	41	23	12	50	49	22	31	27	57	41	48	28	47	17	40	37	18	30	46	33	35	44	18	30	19	15	24	32	37	41	50	21	27	33	36	53	31	51	36	18	15	28	25	57	35	49	30	45	30	19	37	35	48	32	23	35	21	29	40	34	22	49	42	22	29	52	51	38	47	25	20	41	18	32	23	20	32	22	49	46	47	37	33	57	24	34	25	40	45	32	41	50	23	28	26	48	21	24	31	46	23	46	38	24	36	30	34	28	27	34	29	17	54	24	34	18	39	55	29	12	34	40	34	21	30	22	12	29	34
2023.96796843411	35	17	34	36	17	19	24	28	27	11	29	33	14	44	48	23	19	25	22	39	31	35	27	24	21	47	17	30	39	26	31	33	21	17	18	38	22	33	20	34	22	40	12	27	18	40	21	45	27	21	47	33	14	35	33	22	28	12	22	19	22	14	18	24	39	21	16	39	38	12	23	29	32	34	46	18	18	45	27	30	27	20	27	21	35	24	35	44	17	23	16	48	25	33	9	38	21	30	34	12	35	27	25	18	23	36	26	38	27	24	19	31	21	31	11	27	24	31	25	39	37	23	34	20	24	17	17	32	17	49	12	25	29	21	31	12	9	31	29	12	9	33	39	25	33	22	21	45	38	21	21	55	39	9	32	11	25	41	20	15	45	26	14	17	9	18	45	23	34	27	24	32	15	19	24	33	41	33	22	22	18	30	14	33	37	16	21	31	18	28	35	21	24	14	12	13	33	42	39	29	9	41	27	19	34	25	22	15	12	21	36	27	26	24	12	21	35	44	21	31	21	56	31	31	36	26	32	27	15	45	22	19	37	35	18	28	24	34	29	47	15	25	21	35	38	16	23	33	32	15	23	23	9	22	28	28	46	34	9	30	25	12	20	33	42	41	26	21	61	20	21	34	24	41	12	29	18	24	38	22	31	19	12	39	9	44	17	34	31	26	26	28	28	35	20	32	26	35	26	18	26	25	31	20	25	21	16	26	21	35	23	20	22	25	15	9	47	22	13	21	37	28	11	33	29	24	60	21	31	9	15	13	19	26	43	53	16	23	33	12	30	32	23	12	12	20	38	14	29	15	12	14	41	34	35	20	15	17	33	19	27	14	31	22	12	24	36	34	30	38	15	39	32	21	41	24	24	31	19	32	59	23	39	34	32	29	21	28	9	32	20	21	12	28	15	26	39	33	9	17	46	17	42	34	20	17	24	12	17	24	45	33	33	31	41	38	24	23	9	26	35	12	39	17	33	28	41	17	22	15	22	37	23	28	45	24	38	26	20	23	31	52	12	28	32	16	14	47	26	33	12	9	21	11	32	11	11	27	38	25	30	18	30	24	20	22	26	17	17	34	36	20	12	17	40	23	21	15	9	36	39	26	28	20	32	36	32	33	31	22	24	17	23	11	40	45	11	9	15	27	32	26	33	45	17	26	21	21	34	39	12	22	45	42	40	38	20	29	45	29	15	41	17	61	46	30	25	26	17	21	28	20	41	21	33	34	20	30	18	34	23	15	9	30	21	19	22	35	20	38	12	17	34	41	17	32	23	9	34	13	26	41	28	12	17	26	33	22	9	32	28	9	43	35	25	9	29	14	16	26	9	28	31	40	44	38	12	33	31	33	30	22	23	25	33	30	12	29	35	33	26	53	24	19	9	41	9	43	15	17	17	23	16	19	39	23	27	25	18	30	23	28	39	9	25	30	12	41	32	37	19	21	20	24	30	22	29	24	17	17	31	20	35	32	36	25	28	16	39	34	11	25	19	39	11	38	45	20	17	25	27	41	21	30	50	20	31	32	31	22	25	26	26	36	26	34	33	20	15	32	22	18	25	27	25	39	21	28	31	19	20	20	12	20	20	18	17	12	17	49	12	30	34	23	12	30	35	36	21	19	25	26	34	31	29	11	29	12	37	11	32	13	29	31	31	38	26	32	21	26	17	36	31	20	29	22	27	26	15	21	38	12	12	12	28	27	46	12	40	17	46	35	25	9	31	27	14	26	25	29	24	26	33	15	20	16	23	20	30	21	22	27	31	31	22	41	59	23	20	20	24	17	31	14	22	41	38	38	32	25	39	30	41	47	19	18	38	18	18	18	12	37	34	31	26	32	23	44	18	17	55	24	26	27	36	43	43	37	39	26	34	35	53	21	38	22	36	22	47	26	33	26	46	52	17	18	33	30	23	35	23	32	25	24	39	41	31	20	26	37	41	29	47	34	40	31	25	23	21	37	35	25	20	24	36	25	32	12	29	21	22	39	20	21	44	39	11	18	21	31	52	31	17	34	20	30	30	15	22	41	21	36	28	21	22	17	21	23	15	38	30	40	22	28	30	24	36	21	33	28	21	12	31	22	39	31	46	24	42	15	19	31	27	43	23	23	29	21	24	30	26	31	23	39	15	23	55	44	21	41	19	14	36	18	26	26	17	19	19	23	39	47	34	22	49	31	34	22	38	41	24	31	35	23	17	31	40	23	26	24	43	23	37	46	39	39	25	34	25	20	26	30	14	43	31	35	12	27	52	21	9	31	32	20	12	33	27	12	21	25
2023.97768663982	24	23	23	45	12	17	15	12	27	23	33	35	20	43	42	28	28	9	25	39	21	9	26	24	27	43	26	27	46	22	34	35	15	12	21	36	15	47	18	32	9	24	15	20	9	39	25	47	20	24	43	24	15	46	23	19	15	15	22	20	12	18	21	42	38	30	14	15	12	12	18	25	31	32	56	17	18	47	17	43	26	17	45	24	28	15	15	38	15	12	19	42	23	28	15	44	15	27	33	12	15	20	20	15	12	24	26	38	21	18	28	16	24	16	11	14	12	24	20	21	42	18	34	15	21	20	12	29	17	48	15	23	13	15	9	12	9	31	28	15	15	9	31	12	39	28	21	50	39	21	23	55	38	15	31	14	12	21	12	15	47	23	21	21	9	21	40	18	14	27	15	12	18	25	27	34	26	18	26	20	18	33	11	24	27	14	24	21	24	30	32	33	24	11	12	11	22	38	41	20	9	36	36	22	14	32	18	12	12	25	39	33	21	15	12	21	43	38	14	15	15	59	31	24	36	29	29	38	15	47	19	17	42	28	18	30	28	31	13	34	18	15	24	32	39	12	21	47	29	15	47	21	15	14	30	22	56	33	12	24	23	12	13	33	48	26	35	21	49	29	15	31	28	24	12	29	12	20	43	12	33	25	12	38	18	31	18	31	24	18	16	30	33	9	15	29	23	21	23	21	23	22	22	21	14	12	19	20	18	9	18	20	20	25	15	9	36	19	11	23	42	30	11	23	35	21	58	24	31	18	24	12	28	29	43	48	16	28	39	12	33	24	28	12	12	9	12	18	31	12	15	14	36	31	34	26	12	14	25	20	17	17	25	22	15	17	36	35	33	39	18	41	21	17	39	15	29	34	17	21	60	47	41	44	21	29	21	19	9	18	15	23	9	29	15	11	33	38	15	20	43	15	41	35	29	14	19	12	23	15	47	33	21	36	49	38	24	12	12	28	21	15	36	9	21	19	24	22	24	15	14	35	20	17	43	23	38	25	17	22	33	52	15	23	26	19	12	47	27	29	12	9	30	20	20	9	12	27	35	26	24	18	18	22	15	9	27	18	11	12	24	20	12	17	49	15	15	18	18	33	40	18	32	18	18	36	9	31	28	19	15	15	23	11	39	43	23	12	18	20	37	23	26	43	17	23	15	9	33	36	9	18	34	48	34	41	21	34	40	20	20	26	9	49	36	15	21	21	26	18	15	20	21	14	26	31	21	26	21	38	15	12	12	27	9	17	17	12	31	38	15	15	31	39	12	20	15	15	45	12	23	30	15	15	12	9	21	12	9	9	28	9	47	46	31	15	29	15	11	22	15	28	27	49	40	22	9	33	34	30	12	22	20	12	9	26	12	27	22	38	26	48	21	14	12	24	12	43	12	18	14	47	16	18	39	21	38	15	15	26	26	26	31	9	31	33	12	24	29	29	17	23	30	21	24	26	26	18	17	20	37	17	32	17	15	17	31	16	41	31	12	25	15	38	12	43	47	22	15	15	29	40	18	22	53	9	29	20	31	14	26	21	24	21	27	44	23	15	12	20	19	15	31	29	25	39	27	15	29	9	21	17	12	25	13	18	12	15	15	38	15	18	33	15	12	18	21	26	15	18	21	17	38	12	28	13	29	12	34	11	21	18	29	31	37	29	21	24	21	20	9	36	27	23	26	9	36	26	9	21	29	9	15	9	24	32	43	12	49	12	56	12	26	9	20	21	17	23	27	21	15	27	22	9	32	19	20	23	12	12	28	26	42	31	23	21	60	20	9	14	15	23	34	15	28	39	39	24	29	31	31	12	43	34	18	21	38	9	17	15	12	42	34	28	35	36	26	44	24	23	55	12	18	29	18	35	43	33	41	18	35	22	48	21	39	9	36	21	36	29	30	26	23	52	9	15	34	37	27	32	23	9	23	12	31	39	24	21	23	41	36	25	35	45	26	31	20	31	15	37	15	25	15	23	30	22	45	12	26	9	23	28	12	27	38	41	9	9	19	15	52	14	12	28	20	31	9	20	17	36	15	30	23	24	21	23	21	23	12	38	15	39	22	15	24	15	30	21	9	19	21	9	33	20	36	26	36	21	37	9	20	28	15	29	19	21	32	18	18	31	26	34	26	39	13	15	55	43	14	39	20	11	36	21	23	24	20	18	25	26	29	43	41	25	38	44	32	23	41	33	27	21	28	29	11	34	15	31	35	20	47	21	27	56	51	40	23	32	25	15	26	24	21	32	44	43	15	20	50	21	9	27	20	13	9	45	33	12	21	15
2023.98740484553	20	36	31	42	20	20	20	20	25	31	32	30	26	30	33	30	29	11	22	26	25	14	28	20	35	41	40	22	38	29	38	30	26	14	23	29	14	51	23	25	11	23	17	16	11	25	33	33	17	32	41	20	25	48	17	24	23	17	27	17	17	20	23	50	30	32	16	20	11	17	20	28	28	30	47	19	17	40	19	35	28	19	41	30	33	17	17	27	17	20	24	33	18	37	20	39	23	22	28	20	14	16	29	17	20	29	33	33	20	23	29	17	32	17	13	20	11	23	29	38	33	17	23	20	20	22	14	37	14	50	17	36	17	23	14	20	11	31	23	17	29	11	24	14	43	26	23	37	32	22	37	39	34	20	28	14	14	14	11	17	38	27	20	20	20	23	27	20	11	23	17	14	32	32	14	30	17	17	25	23	11	31	17	22	26	16	32	20	25	29	23	35	21	22	22	17	24	34	41	17	11	33	42	20	11	29	20	20	17	33	29	41	20	20	14	23	40	27	16	17	17	49	25	20	29	43	21	36	17	39	24	17	42	33	11	25	29	27	17	23	32	17	30	23	41	29	19	51	37	17	47	19	20	16	29	20	47	26	20	31	26	14	15	29	43	17	40	23	26	37	17	25	29	26	20	32	31	25	33	14	31	32	20	30	33	26	19	27	23	20	14	25	29	14	23	26	27	17	20	20	27	28	25	32	17	23	24	14	20	17	17	14	20	31	14	29	37	24	17	37	42	34	11	25	35	21	42	32	35	33	39	14	30	43	29	45	14	30	43	14	44	34	30	23	22	11	11	20	39	17	17	19	33	39	28	28	14	17	15	25	19	20	25	27	17	20	29	30	44	41	14	41	20	28	39	17	26	37	20	23	42	47	33	42	23	20	32	20	11	17	20	28	22	26	17	11	22	40	29	32	31	17	37	43	37	17	17	20	36	23	40	29	17	46	50	46	26	14	14	29	17	17	35	14	17	20	26	30	34	14	17	22	14	17	31	22	46	19	19	21	31	55	20	17	28	24	14	36	25	32	14	17	32	23	22	11	14	23	36	33	20	23	26	29	23	17	25	19	14	14	29	20	20	14	49	14	17	20	33	29	38	23	27	29	17	32	14	16	32	31	20	17	27	13	25	31	31	23	20	17	38	23	20	31	23	20	17	11	28	35	14	33	28	43	37	37	29	36	27	17	27	17	11	26	31	20	23	20	40	20	23	14	14	16	20	34	23	26	27	31	23	25	23	22	11	11	17	20	38	33	20	14	34	26	14	19	17	23	44	14	23	27	17	17	20	11	17	26	17	14	24	14	45	48	30	20	34	20	14	29	28	37	30	49	45	22	17	29	36	30	17	27	29	14	11	26	14	35	34	40	39	45	20	19	23	26	14	29	17	26	17	47	18	20	26	22	36	14	20	25	28	42	28	14	30	44	25	23	37	21	11	28	38	20	23	25	28	29	23	22	32	19	26	19	17	14	29	14	32	34	14	22	17	30	14	33	39	27	17	14	33	38	20	22	44	11	26	22	25	17	33	20	23	17	25	42	17	23	11	22	24	26	34	31	27	25	35	17	30	11	32	14	22	31	15	23	14	20	17	36	17	26	26	14	20	26	17	17	23	20	30	22	37	11	37	46	17	17	23	20	23	35	20	31	32	26	20	28	29	14	11	31	20	25	34	11	42	20	11	22	26	22	26	17	19	33	31	20	49	14	44	17	23	11	20	20	27	23	33	19	17	25	24	11	34	24	29	25	20	23	28	28	38	25	33	20	42	23	11	20	20	36	38	14	26	39	32	26	21	37	28	20	42	23	20	20	46	11	16	20	23	33	23	22	40	40	29	38	35	36	39	11	20	33	17	23	30	30	41	20	43	34	45	26	41	17	31	30	37	23	30	19	22	55	11	17	30	31	35	23	25	14	26	11	24	26	23	32	27	31	33	28	35	44	23	23	29	36	17	47	14	31	20	22	19	24	44	17	34	11	33	22	14	35	27	33	11	11	28	14	55	11	14	20	20	29	11	27	17	33	23	25	17	32	20	36	23	25	14	46	20	33	27	23	20	17	19	23	11	20	29	17	31	23	35	24	31	23	35	14	25	32	23	25	25	29	38	20	29	29	20	37	28	26	20	17	39	30	16	26	17	22	29	17	23	23	32	20	32	28	28	41	30	27	36	51	25	33	37	26	14	20	24	35	14	38	23	36	40	25	45	29	26	47	53	38	36	30	20	20	20	31	20	26	51	40	17	17	40	26	29	30	22	15	11	49	41	23	26	17
2023.99712305124	22	37	23	36	14	20	11	23	19	28	26	11	26	10	19	23	24	5	17	5	14	8	20	22	29	28	43	14	26	23	26	11	22	8	8	11	8	45	25	11	5	11	11	8	5	16	28	22	11	26	28	14	28	43	8	22	37	8	19	22	17	25	17	44	13	26	13	17	5	20	14	14	19	11	30	11	11	20	16	23	20	20	33	31	30	8	14	5	11	25	22	19	8	45	14	26	23	14	11	14	5	8	23	11	25	19	28	25	13	22	24	11	24	11	5	14	8	11	23	37	20	17	11	14	17	22	8	30	5	17	25	39	14	23	8	17	5	25	8	11	26	5	11	11	35	20	17	28	8	17	45	18	11	17	19	8	11	8	10	11	26	30	14	19	20	8	17	14	11	17	16	5	34	25	8	19	8	8	14	10	5	22	13	8	14	13	24	14	28	25	14	34	5	17	14	11	17	27	34	11	5	14	46	17	11	22	14	24	8	28	11	33	8	14	8	17	31	5	11	14	8	14	14	11	8	37	16	25	11	25	25	11	25	30	5	25	26	18	14	8	34	11	31	14	25	29	17	45	30	11	41	17	20	11	25	11	30	11	29	25	17	14	8	17	32	8	32	14	14	34	8	17	26	14	17	23	28	17	30	14	20	25	11	13	43	8	24	18	11	11	8	25	22	8	17	14	30	5	5	11	30	17	20	20	23	22	22	8	11	11	17	11	8	25	5	41	47	22	11	45	25	41	5	14	25	11	21	26	33	43	42	20	23	37	8	5	8	23	35	11	39	31	23	37	14	5	5	25	31	11	11	8	17	40	14	29	5	23	5	22	16	19	17	18	11	20	8	32	39	25	8	34	14	20	16	16	22	28	20	11	11	41	16	39	11	14	36	5	5	8	14	24	22	30	8	5	22	40	26	37	14	14	20	33	34	23	11	17	37	25	20	17	5	36	30	35	14	8	8	15	5	25	11	8	5	5	14	27	41	5	23	14	8	14	20	18	35	13	20	14	20	35	14	11	17	22	16	16	14	20	5	11	26	19	13	5	8	17	5	27	8	32	28	26	17	11	14	24	11	5	19	20	11	5	42	8	8	11	43	17	37	26	24	20	8	8	8	8	27	33	14	11	14	5	16	20	28	24	11	11	35	20	5	20	20	5	11	5	11	16	8	50	14	32	40	25	25	33	17	11	24	8	8	14	8	14	20	8	43	14	37	11	8	11	5	20	14	20	24	20	28	30	24	14	5	5	11	14	31	25	14	11	20	11	8	11	5	20	26	20	8	11	8	11	14	5	5	19	14	8	5	14	17	43	19	20	22	14	13	23	28	29	14	42	39	11	11	17	36	20	14	18	23	11	5	20	14	34	28	40	38	5	17	17	24	14	8	8	11	26	23	41	5	20	5	16	25	5	17	18	17	35	22	8	19	39	22	14	30	8	5	24	40	17	17	14	14	26	20	11	22	20	8	25	16	5	17	8	17	20	8	22	11	13	8	30	25	29	11	5	29	20	14	8	21	5	14	13	14	23	27	8	11	8	14	39	8	25	5	14	22	25	19	25	29	16	29	8	17	5	20	8	14	37	8	17	8	14	14	20	11	28	11	8	11	28	5	5	23	20	24	17	26	5	28	45	5	20	8	14	11	43	14	25	22	17	8	20	31	8	8	8	11	14	25	5	46	14	5	17	17	22	28	11	5	21	14	14	42	8	25	8	17	5	14	13	36	8	32	14	16	14	17	5	28	22	23	14	11	22	29	20	18	14	35	14	11	11	5	16	11	37	26	16	20	16	8	17	16	41	22	11	22	8	20	11	35	5	13	17	17	20	11	17	32	33	17	8	37	37	18	8	11	29	8	23	17	8	34	11	33	28	5	20	25	11	8	24	47	17	20	11	13	35	8	11	19	16	30	14	11	8	17	8	11	11	11	20	30	22	17	14	22	26	20	5	23	39	8	42	5	25	14	18	20	16	38	11	25	5	35	11	14	29	5	16	5	5	37	5	35	8	8	17	14	14	8	24	11	17	23	17	11	26	11	37	17	26	5	35	14	20	19	22	8	8	20	14	5	5	30	25	20	10	11	16	8	11	26	8	22	27	25	16	28	23	24	14	26	14	14	28	17	5	17	5	18	10	11	11	22	17	8	11	5	11	37	20	25	17	25	28	13	17	20	42	11	35	25	20	8	14	11	44	11	26	14	39	32	17	17	23	14	30	44	37	39	11	11	14	14	25	14	11	42	31	11	11	14	20	41	14	13	8	8	47	33	17	20	14
2024.00684125695	35	50	41	34	39	33	40	54	38	38	33	20	50	38	23	37	32	20	32	27	22	37	40	40	51	25	50	42	34	41	29	20	47	23	36	42	40	46	48	29	32	39	33	31	28	31	29	40	42	37	25	23	50	43	23	35	54	32	36	38	29	49	44	47	34	35	42	46	30	39	42	37	29	23	27	34	34	17	29	39	40	44	37	37	34	28	45	17	41	53	40	23	25	55	42	30	50	42	41	36	35	31	36	28	53	23	48	45	52	37	32	33	41	33	34	30	19	37	36	46	45	38	39	35	35	23	40	37	31	33	44	59	40	50	33	45	33	33	28	33	57	22	35	33	35	26	26	26	31	40	48	17	35	49	29	33	33	46	25	36	40	49	28	40	34	36	26	42	31	28	35	26	46	33	42	28	41	25	48	28	39	28	25	43	37	42	41	29	44	38	37	57	17	41	41	38	41	39	43	38	42	34	60	44	31	48	34	36	35	29	34	43	42	35	37	26	37	17	44	33	32	23	30	17	23	54	38	28	36	43	45	33	35	34	39	32	38	36	40	29	46	20	37	37	45	45	53	46	37	36	48	53	39	32	38	23	27	31	45	48	26	39	30	41	41	41	52	25	23	39	32	38	38	25	45	51	45	36	49	41	35	33	32	34	59	43	43	36	37	47	30	32	41	37	35	34	49	35	35	43	49	35	34	31	49	48	40	20	40	28	38	29	31	25	29	59	58	35	38	48	35	46	41	32	48	29	28	37	30	59	55	35	45	54	17	28	37	37	35	33	47	52	37	58	41	33	30	49	40	25	33	46	31	46	31	48	34	48	35	45	29	47	46	31	33	37	23	47	47	45	22	43	32	46	33	35	35	46	33	20	23	48	25	42	20	41	52	35	33	30	35	39	44	42	19	27	37	46	57	46	30	42	37	50	39	48	33	45	50	41	17	41	28	44	47	42	44	36	27	37	35	44	17	43	28	35	25	45	49	29	38	26	36	32	23	40	42	32	44	29	35	28	29	32	25	40	35	22	26	38	31	44	35	43	49	23	30	28	33	34	37	44	44	36	35	34	26	43	31	36	23	33	32	31	33	29	32	38	59	40	42	33	42	53	30	20	33	20	33	54	35	33	35	34	31	23	38	38	29	42	45	36	34	23	44	35	47	31	41	34	28	56	33	41	39	39	43	39	26	38	39	41	44	23	20	31	39	42	50	28	54	29	46	44	34	32	40	51	46	41	42	56	38	42	50	36	38	36	54	45	29	31	32	30	23	33	20	43	42	35	31	25	37	33	39	44	28	33	43	33	32	32	34	43	48	39	44	26	31	41	37	43	35	33	42	28	48	41	30	35	39	31	42	33	22	51	39	40	40	46	48	28	35	37	38	25	27	17	25	37	48	48	37	37	27	36	28	36	28	30	37	54	47	36	48	47	33	31	37	37	36	39	41	35	28	48	28	38	44	39	23	44	22	28	39	34	27	37	32	32	30	37	34	34	30	49	43	43	41	36	41	23	34	40	30	44	34	49	30	38	34	42	33	31	26	42	23	31	32	27	35	48	35	34	44	23	51	37	31	31	31	41	41	54	30	29	26	29	42	36	33	44	31	44	32	44	35	30	50	37	39	34	38	20	46	58	26	39	29	26	20	54	41	33	23	29	42	43	35	20	44	23	31	33	31	32	60	51	19	39	29	44	36	48	14	29	30	36	33	23	45	46	36	28	23	52	41	31	50	39	35	26	41	19	52	40	42	33	38	48	44	40	38	30	56	26	23	38	44	34	40	50	29	46	26	33	31	35	38	48	47	38	48	29	37	43	42	31	35	34	29	45	39	39	52	43	34	31	47	50	17	19	47	41	33	45	44	36	43	47	50	40	28	42	45	34	23	46	58	39	35	42	33	28	44	28	28	37	41	37	44	33	26	19	35	30	37	31	49	47	31	37	36	42	39	37	36	46	32	39	35	25	35	40	49	44	46	45	31	36	56	25	54	51	17	25	40	31	41	31	28	32	23	29	38	20	25	39	38	31	50	20	32	37	37	50	26	42	34	42	31	40	36	54	37	28	49	25	22	35	36	43	35	28	17	43	20	42	38	31	45	33	44	20	42	48	46	28	38	20	51	46	37	27	43	20	17	38	44	30	38	41	23	40	34	33	46	37	33	37	23	25	36	45	36	51	29	56	39	44	42	29	39	52	40	29	20	46	52	36	34	48	37	27	42	42	59	23	23	35	51	48	28	32	51	37	23	42	28	42	59	35	49	30	29	55	43	29	42	25
2024.01655946266	53	53	54	32	64	57	62	73	66	41	45	47	60	72	34	35	42	47	52	36	25	61	47	58	60	28	56	71	45	64	32	47	66	45	60	65	65	43	57	54	56	65	71	40	58	39	26	55	61	54	28	59	60	44	23	40	60	43	60	69	53	60	65	69	57	55	72	70	54	59	72	58	56	45	28	42	61	23	31	40	47	72	41	37	43	73	64	23	75	73	61	34	60	67	70	43	73	71	58	68	72	40	70	55	73	37	68	41	70	50	42	66	47	66	61	72	34	52	70	55	66	52	60	60	59	32	62	58	59	48	52	69	70	73	51	73	70	50	58	71	70	43	56	73	52	41	26	23	57	46	53	47	55	60	56	64	73	70	38	76	64	56	39	41	63	60	51	72	67	45	61	42	67	54	59	44	60	39	65	53	58	39	45	68	48	72	47	59	47	43	61	61	23	61	71	51	57	60	50	63	67	57	75	61	67	64	56	39	59	26	66	47	54	59	68	26	29	23	71	43	59	37	57	36	40	62	68	37	76	53	73	68	50	43	58	48	52	64	70	54	67	26	37	61	68	50	69	43	58	76	38	69	50	48	43	49	28	63	65	58	35	66	57	64	59	60	58	52	29	54	59	66	52	53	73	70	74	52	57	59	36	54	56	57	66	64	66	64	52	65	54	48	54	61	59	68	56	61	74	59	56	50	57	64	58	59	61	37	59	47	52	43	62	37	61	68	60	40	51	53	50	69	72	68	55	55	47	54	36	66	67	56	63	62	29	41	57	35	52	68	52	68	35	82	71	72	54	60	45	67	71	61	55	49	61	57	66	68	65	57	31	73	63	70	71	45	40	63	52	68	37	50	50	60	58	61	66	63	57	44	37	38	38	45	44	78	59	55	70	55	60	56	62	48	40	44	61	53	70	52	41	63	47	73	54	68	69	73	53	53	23	64	50	46	44	51	75	71	54	64	61	52	26	74	50	55	53	60	64	61	64	29	55	53	26	62	51	58	72	68	36	59	54	58	43	61	57	47	41	63	54	74	55	73	76	43	44	45	60	47	54	64	60	51	59	56	41	66	45	62	37	53	56	59	26	48	59	78	66	74	40	53	64	65	55	35	63	31	52	69	59	70	48	61	39	26	41	48	54	61	64	51	61	26	61	74	66	52	58	39	68	62	62	59	48	45	60	33	51	63	47	60	67	29	26	42	58	54	56	51	60	43	70	71	61	44	59	72	66	58	54	77	48	71	64	66	67	61	73	41	54	67	44	51	45	51	40	69	39	56	57	31	60	71	64	76	50	66	75	63	63	41	56	44	58	50	48	37	52	64	37	51	65	26	36	40	73	64	42	61	67	70	44	73	43	72	66	52	58	53	59	41	59	62	48	53	54	29	67	54	68	38	54	56	36	61	37	76	37	45	69	76	64	67	58	52	48	59	58	61	66	56	50	59	37	65	56	41	61	55	34	72	46	31	57	61	56	57	66	44	44	41	61	57	44	57	53	70	75	76	56	29	49	62	31	64	61	76	57	64	47	54	60	50	41	45	23	58	59	36	40	72	51	49	65	55	60	60	47	60	64	68	71	67	57	46	35	54	63	46	71	60	63	78	56	60	61	55	73	56	56	55	38	47	78	63	51	59	51	45	44	61	78	50	34	46	54	65	32	37	67	46	64	57	34	56	75	65	36	68	46	62	57	73	20	50	41	68	26	45	59	68	49	50	40	70	41	57	49	64	61	41	57	36	60	61	44	57	53	59	59	47	57	57	62	53	37	65	64	51	62	53	32	65	41	58	57	67	68	52	64	53	72	54	56	59	51	75	59	63	49	66	60	62	58	49	61	59	76	53	47	34	65	56	69	67	52	55	50	65	73	58	41	68	68	56	46	60	60	60	61	52	51	59	67	55	44	59	61	61	59	63	35	34	56	51	52	64	56	66	55	58	50	39	57	70	70	47	59	51	72	37	60	62	63	62	56	64	34	62	62	53	62	60	23	38	80	75	56	63	59	66	45	42	62	23	44	47	67	55	73	36	58	54	47	53	26	63	66	51	42	62	60	71	54	73	63	52	43	55	52	64	36	53	26	64	26	66	46	42	57	52	69	30	66	65	61	51	41	23	65	63	69	36	54	40	47	72	71	51	69	61	40	56	64	60	52	56	54	69	43	28	60	56	46	54	54	62	45	60	59	59	64	56	66	32	23	47	58	52	56	65	48	28	35	40	69	45	47	60	65	58	39	68	54	29	58	61	57	68	68	65	76	57	39	64	47	49	68	32
2024.02627766837	63	43	48	45	63	64	64	77	62	36	54	49	57	77	47	44	46	58	52	41	44	58	52	68	68	26	58	75	47	69	33	49	65	52	65	66	65	46	60	55	60	68	71	58	68	42	40	57	61	61	26	67	65	40	39	51	64	54	64	74	58	58	68	66	63	56	70	71	63	61	73	59	57	45	30	43	68	34	43	45	52	74	47	51	51	77	57	40	80	70	62	47	68	59	64	49	70	75	65	67	70	58	69	61	70	40	67	49	69	54	46	73	53	73	67	68	52	51	69	57	70	63	60	62	61	47	75	55	72	53	57	60	71	70	63	74	75	45	67	71	66	51	59	74	58	49	41	41	61	50	52	50	53	68	57	66	74	68	66	74	63	56	41	52	71	65	60	73	72	54	64	49	61	53	72	46	65	47	67	53	70	53	53	64	45	70	53	62	40	60	64	62	33	59	75	60	58	55	47	72	69	66	62	65	72	66	61	46	69	40	72	46	66	64	65	41	44	40	74	56	69	38	64	48	48	42	67	47	74	48	73	72	50	51	70	55	57	61	71	66	61	45	51	64	70	43	75	46	55	74	54	75	55	66	60	59	30	72	62	57	53	67	61	64	61	65	59	60	32	56	69	75	57	55	74	65	65	66	58	66	44	53	65	63	60	68	71	61	51	67	61	55	64	58	63	71	56	66	76	71	56	59	63	61	58	63	62	49	58	48	63	47	65	48	67	63	49	51	60	52	50	64	70	63	56	63	46	61	40	60	58	60	67	42	37	42	69	44	58	71	55	68	44	80	75	77	63	58	60	75	71	68	64	44	64	59	71	66	77	67	43	68	67	68	71	45	48	59	55	70	53	47	50	56	61	64	61	58	64	54	44	54	38	43	54	85	55	61	75	58	62	61	57	47	52	53	64	50	66	44	49	63	58	68	56	66	72	74	43	58	34	64	63	42	45	54	78	71	56	63	66	57	35	76	63	61	55	61	51	67	63	46	67	61	35	66	54	64	74	74	44	56	52	57	51	62	63	57	56	58	54	72	56	65	80	57	49	54	63	48	59	66	56	51	63	66	56	71	54	62	40	61	65	72	34	57	69	76	60	69	46	63	66	67	58	49	75	48	50	62	64	75	49	67	42	35	36	42	59	61	68	50	65	35	70	76	70	59	65	43	64	54	67	61	54	32	57	48	60	72	54	65	71	32	39	40	58	66	58	58	64	47	68	74	65	55	57	61	65	59	56	74	42	75	64	71	71	61	71	49	52	68	55	61	52	56	45	74	43	60	66	36	66	71	63	76	63	62	76	75	67	52	59	40	62	55	47	52	56	69	51	47	63	34	41	45	72	64	43	56	68	68	40	74	51	61	67	59	59	50	54	42	61	62	42	55	56	37	75	61	66	54	57	58	41	65	47	80	39	56	66	60	68	67	62	55	54	61	55	63	71	61	45	61	56	67	52	37	70	59	41	74	51	35	62	64	63	69	68	55	49	54	58	63	49	58	48	66	80	80	64	44	60	66	40	67	65	80	64	63	48	66	67	58	56	43	39	62	67	44	51	69	50	48	67	58	68	66	52	60	61	72	75	63	61	55	54	52	63	44	71	56	72	84	65	56	66	57	70	58	52	61	36	53	71	52	59	61	56	37	54	54	85	45	41	56	66	63	37	49	71	61	64	60	36	60	62	65	49	67	56	57	54	72	51	52	49	67	34	52	54	63	51	56	49	69	48	66	55	64	64	56	58	49	66	62	40	60	59	63	66	52	51	64	60	55	44	69	67	49	64	43	33	67	49	61	61	69	67	49	68	59	62	66	58	71	54	75	66	64	47	70	60	71	59	46	61	62	76	43	50	52	67	64	73	68	53	55	47	67	68	59	42	62	70	66	61	59	49	60	56	55	54	56	71	61	46	59	51	64	58	75	53	52	59	61	51	61	56	64	64	59	47	43	57	72	69	40	69	37	70	48	62	66	65	63	56	65	36	68	60	59	62	68	40	38	78	75	61	69	56	74	52	51	70	41	49	54	71	64	70	45	57	61	54	43	41	64	71	54	40	59	64	69	59	77	65	60	51	61	50	72	44	53	35	60	39	71	39	52	67	50	69	46	65	70	49	58	37	41	65	58	66	41	64	45	50	77	74	61	74	59	48	59	66	67	44	58	53	66	44	26	58	62	44	43	55	60	32	58	72	62	66	50	71	33	32	40	59	66	59	70	45	30	48	46	60	45	57	62	65	57	41	74	43	44	65	61	56	62	63	63	80	61	50	55	46	47	62	52
2024.03599587408	58	41	52	65	64	73	63	69	65	61	57	48	55	80	55	65	59	69	56	43	59	59	53	63	69	37	51	69	54	62	35	48	58	54	66	69	64	43	55	58	59	67	72	63	71	51	65	54	62	60	37	61	53	30	52	63	49	62	61	65	62	44	67	59	62	55	65	68	62	53	76	59	55	60	42	44	69	38	60	55	53	67	54	63	55	76	66	58	79	65	66	55	74	48	65	50	64	69	66	69	69	63	61	70	65	51	57	52	74	60	59	69	58	69	75	67	62	62	61	54	70	71	59	66	60	62	76	58	71	53	58	50	68	64	68	70	76	41	65	72	67	59	62	71	61	55	59	55	62	60	46	55	59	72	55	65	71	69	70	72	62	45	57	56	69	66	62	76	68	69	64	62	51	62	75	52	67	63	64	64	69	50	58	63	52	65	58	58	37	67	60	56	60	54	74	73	53	47	46	65	68	65	53	60	68	64	63	53	69	65	71	54	67	63	64	59	54	58	75	61	68	37	66	62	62	38	60	62	72	49	65	75	63	55	69	54	60	68	68	65	51	67	63	60	65	49	79	43	58	72	68	79	60	73	67	63	42	71	59	48	69	67	66	67	60	67	60	59	35	63	68	72	60	58	70	60	53	71	53	64	49	62	64	62	44	67	59	68	62	69	67	54	69	59	74	70	45	73	75	72	45	77	55	60	55	57	66	65	65	50	71	56	64	59	68	54	36	63	73	46	63	55	69	62	60	60	42	60	37	44	44	53	69	38	59	43	71	65	61	72	46	61	65	63	74	76	62	44	61	74	72	73	69	43	62	60	70	65	76	66	60	64	68	67	72	40	62	47	46	65	58	46	49	57	58	64	62	54	73	67	48	68	35	44	67	86	41	68	76	59	66	61	54	50	61	55	60	55	67	46	53	66	59	59	63	65	65	70	41	47	38	67	64	51	46	57	75	67	72	61	73	58	60	80	64	68	58	69	41	68	60	55	68	68	49	62	57	65	67	71	49	52	58	64	53	66	67	64	60	55	61	71	55	64	79	74	74	69	62	49	64	69	56	57	74	69	60	59	66	63	51	62	64	71	49	61	68	75	44	68	42	60	67	68	59	64	76	60	52	57	63	78	53	75	51	49	61	39	67	62	67	58	64	49	69	75	69	67	66	44	63	29	63	60	50	31	55	55	62	65	51	67	74	35	55	42	54	67	51	67	49	56	69	75	64	55	59	57	62	68	57	62	39	69	63	70	76	58	63	52	58	64	55	70	54	54	67	76	61	53	69	60	77	72	64	75	64	69	75	76	73	69	57	30	63	60	62	68	50	62	55	45	66	49	41	55	73	67	39	57	64	67	47	71	59	57	67	55	57	55	44	43	60	57	39	58	72	59	74	57	65	68	66	67	43	71	62	79	44	55	65	57	69	72	63	46	60	64	58	62	70	61	48	60	64	64	58	50	69	58	57	67	55	27	59	65	62	71	69	55	74	47	65	62	74	53	49	61	79	79	63	51	64	71	46	70	64	79	66	60	49	67	76	59	60	44	52	70	66	60	63	72	46	54	57	57	69	77	61	64	60	75	74	44	66	65	58	58	66	45	72	56	71	83	64	56	73	56	64	67	62	68	45	64	63	48	66	53	59	39	67	41	86	41	57	61	67	58	50	65	74	66	63	63	43	59	53	62	61	64	61	54	45	73	65	61	53	69	49	54	53	62	56	59	54	74	65	69	53	65	64	60	53	61	67	66	47	63	58	57	63	53	55	66	51	55	48	70	70	57	63	41	35	64	55	58	62	68	60	42	69	58	61	65	67	72	57	74	68	58	63	70	59	69	60	48	62	61	69	41	55	62	69	63	70	67	60	59	46	69	59	57	43	66	65	69	66	55	36	61	57	57	53	52	74	70	52	62	59	60	64	76	69	62	62	70	62	60	45	66	69	59	50	61	56	71	61	44	68	44	69	59	66	62	63	62	55	70	43	67	51	72	68	69	58	35	77	74	53	70	52	71	54	55	71	56	54	51	76	69	64	57	64	60	65	41	59	61	70	57	42	54	61	68	64	76	63	59	59	68	38	66	49	64	60	58	55	74	41	59	66	52	54	51	58	74	48	67	50	56	62	54	65	43	58	67	55	80	75	70	65	54	62	74	65	76	46	67	62	65	50	37	57	69	45	42	58	51	31	52	75	58	67	49	66	35	53	44	60	71	57	74	52	42	54	42	50	60	63	66	62	48	57	73	42	54	66	62	58	66	54	66	79	66	60	49	54	63	66	64
2024.04571407979	48	42	32	61	57	74	49	55	59	53	52	55	42	71	55	60	54	64	50	45	60	46	38	45	46	36	43	50	50	49	39	55	36	47	47	52	50	36	34	45	48	42	59	58	56	49	61	46	45	53	36	54	45	31	56	61	30	50	51	55	61	31	52	50	46	45	49	53	46	45	64	45	48	59	42	38	54	48	55	38	38	52	48	59	49	61	49	52	60	38	52	55	66	39	51	40	49	50	56	51	53	58	58	65	38	43	44	40	60	57	54	57	44	57	58	54	61	59	58	48	53	57	40	57	49	59	59	54	59	43	41	39	52	49	51	47	60	37	51	59	56	54	49	55	50	53	60	48	58	56	42	52	47	53	48	52	55	50	63	59	43	31	56	47	64	47	56	64	55	61	49	61	43	53	54	46	43	54	46	55	52	49	54	40	42	49	44	49	24	59	46	40	60	43	62	58	46	38	44	49	43	49	43	43	55	44	50	51	60	61	58	48	57	44	43	60	56	52	63	55	52	32	58	61	55	30	48	61	59	36	53	58	49	49	52	50	49	48	52	53	43	69	59	46	52	44	59	36	54	59	61	59	48	60	59	58	42	55	44	32	65	54	58	53	50	43	45	49	41	59	52	64	49	53	47	41	43	60	42	45	48	53	54	46	39	47	50	48	59	52	50	50	58	46	60	57	31	60	63	59	31	69	46	59	36	38	52	58	50	45	57	53	49	60	57	36	21	61	58	42	49	37	48	47	50	52	39	53	46	39	32	45	50	30	56	29	56	60	50	63	45	37	60	45	62	58	46	31	56	67	59	54	67	38	54	52	57	49	56	61	55	42	41	57	59	32	55	37	45	52	50	44	43	39	46	49	56	37	74	63	50	61	33	42	63	63	23	58	60	48	57	56	39	46	59	45	42	45	56	41	44	54	49	45	59	49	57	47	42	38	48	53	50	42	32	52	61	56	67	43	60	41	54	69	50	58	53	58	38	57	44	52	51	56	44	45	52	59	52	59	48	45	48	54	52	52	58	60	60	52	49	59	45	52	60	74	67	61	45	48	47	54	40	48	60	62	60	50	55	48	43	57	54	59	49	49	52	63	39	50	40	55	61	56	48	59	64	59	44	42	44	69	52	58	49	44	53	35	56	45	56	54	58	44	52	63	48	56	56	41	50	29	51	50	40	25	41	56	56	49	40	43	54	41	48	36	31	57	43	59	30	53	50	63	58	43	40	33	41	51	44	39	35	50	35	51	62	49	47	40	48	58	43	52	47	44	59	68	49	45	60	57	61	59	57	56	50	60	62	64	54	60	49	31	43	48	50	64	53	49	59	42	56	49	37	46	55	53	43	51	44	57	43	55	54	33	54	47	46	45	39	29	49	41	35	53	67	56	67	46	49	61	57	61	45	55	61	66	40	50	54	45	48	58	43	45	53	44	54	43	51	56	42	49	54	46	50	45	52	37	57	52	53	30	43	49	60	56	61	43	67	40	53	46	67	42	36	45	60	66	50	61	56	59	47	42	52	60	58	44	48	57	58	44	60	42	56	58	56	57	61	58	37	49	47	52	46	61	57	55	59	54	62	28	58	61	53	48	54	39	59	40	55	65	54	40	60	40	49	61	51	56	45	62	55	49	53	45	48	45	63	31	63	37	57	55	57	39	52	58	54	59	49	49	41	48	43	46	58	55	55	39	44	55	69	58	44	51	49	47	36	36	49	50	49	60	55	60	34	49	49	60	46	58	46	52	43	49	49	38	62	38	42	58	31	48	50	50	42	50	49	42	39	37	53	46	58	51	48	41	48	49	39	53	61	59	52	57	54	47	63	53	40	62	45	39	53	53	56	42	52	61	52	50	57	45	42	44	44	52	45	46	29	52	52	62	59	41	21	55	51	40	38	45	54	65	46	51	53	46	44	64	65	61	49	52	59	59	31	47	67	45	41	49	37	58	58	35	52	38	53	60	57	45	45	47	41	48	41	52	31	62	46	46	52	33	64	57	46	59	45	65	47	52	54	61	50	40	62	67	49	54	54	53	60	42	60	47	57	52	36	48	51	42	47	61	45	49	54	58	42	59	48	55	54	43	48	53	35	43	61	44	44	52	45	66	35	59	45	61	46	37	54	45	49	59	52	71	63	52	55	43	55	59	48	58	41	61	53	54	46	36	44	53	39	37	45	31	25	39	54	49	54	32	49	39	55	35	45	60	49	66	42	42	54	40	39	59	53	57	46	32	56	71	37	56	59	45	47	52	36	56	60	58	54	37	48	63	52	62
2024.0554322855	34	27	22	52	21	53	19	31	31	39	35	33	30	26	43	49	45	42	35	30	53	15	17	30	25	29	40	15	27	37	36	33	15	28	26	29	16	21	17	27	22	18	19	47	28	34	55	13	19	28	29	26	28	33	49	47	20	36	25	26	39	28	21	27	20	29	15	20	22	33	25	21	17	40	35	24	35	41	46	31	17	27	34	53	31	21	30	47	31	14	31	43	35	22	9	26	17	15	21	20	21	47	30	32	14	30	22	35	22	42	45	33	41	33	32	26	47	36	30	34	24	37	19	37	14	47	38	34	34	30	30	22	20	17	37	9	31	19	26	19	18	37	30	26	33	45	52	40	23	43	34	38	23	37	17	26	26	15	50	18	17	15	44	39	44	26	34	25	20	49	29	39	21	29	32	29	21	37	15	35	31	41	36	21	27	15	41	12	9	45	18	24	56	20	24	41	37	12	33	20	20	24	20	19	20	23	30	47	37	55	27	33	38	23	12	52	46	47	27	39	29	34	32	45	42	23	20	47	18	25	14	30	30	31	31	31	45	24	20	20	21	55	53	18	23	33	28	21	34	18	51	28	34	43	45	41	35	19	16	14	55	27	25	25	20	21	31	33	35	37	29	27	45	42	9	20	33	43	24	20	34	29	30	20	27	22	27	24	36	15	31	31	33	15	37	20	15	37	12	28	15	54	22	30	20	22	31	46	40	26	37	39	23	48	21	23	9	47	41	34	30	20	21	12	27	33	21	28	38	27	18	31	24	23	45	17	29	49	33	29	28	14	49	15	24	20	22	28	38	38	19	28	45	29	12	38	20	23	34	42	46	6	20	18	19	27	42	22	28	23	37	33	9	26	21	29	26	15	53	42	35	51	17	31	42	32	14	40	31	13	37	33	30	35	35	22	12	28	18	35	28	25	27	23	37	23	15	9	27	19	41	25	35	35	26	40	25	24	41	16	37	30	50	27	35	40	42	31	20	21	21	42	32	29	37	22	40	30	27	20	34	15	29	26	44	31	39	35	47	20	21	14	29	32	28	60	51	49	20	38	26	34	24	31	37	39	47	27	39	17	30	25	30	34	45	32	29	21	27	26	40	32	33	31	13	49	35	44	31	24	23	33	35	32	34	37	39	26	29	19	26	30	26	37	33	12	15	36	21	31	15	24	15	20	22	18	18	48	34	20	39	21	29	35	43	26	14	38	40	38	20	39	15	27	26	34	15	12	22	30	33	12	26	15	6	22	29	21	21	35	29	22	34	40	28	25	49	41	37	31	40	47	34	19	21	19	35	40	27	35	27	48	21	33	20	34	43	50	36	37	50	29	25	45	22	28	27	25	33	25	15	18	34	26	37	12	27	38	37	28	29	17	14	12	26	42	41	45	38	41	23	51	33	39	30	39	47	28	40	31	17	12	32	33	20	28	42	22	34	12	22	33	32	14	39	15	33	45	33	21	42	27	43	35	34	15	41	29	32	34	51	31	25	20	51	24	25	20	31	28	26	52	39	33	39	22	33	28	32	21	38	38	34	23	47	31	49	30	25	47	47	38	12	33	27	32	25	34	38	27	30	25	24	6	25	41	43	29	25	30	19	24	19	32	30	24	37	20	17	39	27	43	35	45	6	41	38	33	27	36	42	35	32	19	42	36	38	12	51	46	29	38	20	29	38	22	20	12	41	24	36	30	22	27	64	44	28	20	45	28	12	6	17	32	31	22	49	40	28	18	29	47	37	41	28	31	34	29	25	22	44	17	24	32	17	27	35	32	22	33	19	27	36	17	45	21	23	16	20	32	32	25	15	20	39	28	40	29	22	22	46	24	19	27	31	30	19	31	33	27	38	47	15	26	21	24	25	29	33	15	23	37	17	20	23	39	38	20	9	15	25	27	15	15	29	32	29	23	29	18	22	35	55	47	30	40	36	30	15	22	45	21	27	37	26	24	30	30	29	22	21	48	37	22	29	32	18	28	38	24	17	47	28	25	47	17	12	29	29	28	15	33	28	35	26	52	30	39	29	45	17	43	26	28	41	27	52	19	20	40	26	26	25	20	26	21	29	33	37	40	22	37	34	35	50	15	43	26	23	33	42	31	28	43	29	33	21	38	45	52	12	15	17	30	32	49	38	26	27	40	26	20	42	34	14	34	35	39	29	17	35	29	27	32	30	20	27	17	18	18	32	12	19	22	21	36	51	30	31	43	21	33	27	35	37	40	22	40	35	37	12	14	44	31	20	46	33	19	18	20	23	25	28	25	40	21	33	46	20	56
2024.06515049121	21	27	21	49	29	45	14	19	21	36	22	26	29	20	35	40	38	30	33	34	45	12	20	21	17	30	33	9	26	20	42	26	9	30	15	22	12	15	19	22	15	12	11	38	18	36	46	11	22	24	30	9	23	34	42	41	32	35	15	12	28	29	15	12	18	12	12	12	9	27	18	12	17	42	27	30	18	38	42	25	20	14	25	41	23	12	31	41	9	9	29	35	22	11	15	25	15	9	19	17	11	38	20	29	9	36	21	28	22	37	38	23	34	23	26	9	39	34	20	22	19	31	18	33	12	43	21	33	15	30	28	22	12	15	21	12	12	16	14	11	12	25	26	15	18	33	46	29	19	37	39	27	21	20	17	12	15	11	36	9	9	14	36	34	18	15	21	18	12	43	18	36	9	22	26	27	11	33	9	36	20	31	35	9	24	12	34	9	19	28	15	12	48	15	15	37	35	15	23	18	9	15	11	12	12	19	23	47	21	46	15	27	24	9	9	46	41	41	11	30	11	32	24	33	37	31	14	40	9	25	12	14	29	23	20	22	35	23	12	15	9	50	41	15	13	38	21	15	33	9	39	21	29	35	28	27	27	9	11	23	42	19	21	14	12	11	34	27	34	37	11	12	35	22	12	9	17	35	22	20	33	22	15	18	24	15	13	23	34	12	22	22	20	12	32	11	14	24	12	14	14	44	15	25	18	18	29	37	36	22	31	44	12	49	17	23	18	41	37	39	29	9	17	9	22	14	19	24	38	24	20	24	11	31	45	22	12	40	18	20	19	18	40	12	15	9	9	29	31	15	11	20	29	29	9	31	9	20	12	33	42	9	15	9	11	32	37	29	19	13	21	23	15	27	11	18	26	9	45	29	27	39	17	32	29	12	15	33	12	15	33	23	25	36	28	23	12	30	12	31	27	30	22	18	37	20	12	12	27	23	38	14	23	38	28	44	19	16	33	15	24	28	46	24	23	33	22	28	23	17	14	38	15	23	35	28	44	28	14	15	33	9	21	22	29	29	33	21	34	18	24	11	12	28	9	46	48	43	15	32	24	27	20	28	32	28	34	13	34	12	36	21	15	15	41	20	11	9	24	15	42	18	23	18	15	33	12	45	26	20	9	20	35	26	36	35	36	28	27	22	17	38	9	35	22	12	9	27	19	23	9	32	12	12	26	28	19	37	21	18	34	11	15	34	36	34	14	24	33	26	32	44	11	11	9	29	20	15	21	22	23	9	28	9	21	9	21	18	12	28	21	19	29	33	30	20	44	34	34	24	20	43	31	11	29	9	23	28	12	12	17	36	15	34	12	29	36	34	26	20	38	30	25	41	22	32	29	14	34	24	18	9	41	15	25	15	19	22	21	30	23	22	12	12	28	22	33	45	15	22	20	39	33	32	34	23	40	9	41	26	9	12	18	18	12	19	34	15	33	9	9	23	31	12	30	9	26	41	22	12	35	14	32	43	22	14	26	12	15	29	48	18	19	18	48	22	25	20	9	9	14	43	28	23	34	17	24	9	24	14	32	24	27	15	34	32	42	31	20	45	41	27	12	34	17	17	17	31	33	26	25	14	15	9	21	32	35	21	30	34	11	20	9	9	15	20	24	15	15	32	24	26	32	32	9	40	21	27	15	38	29	37	12	16	35	23	24	15	44	37	15	23	14	15	35	15	11	12	35	15	23	25	25	29	52	39	27	17	41	30	9	9	17	27	26	22	36	20	17	14	18	34	35	35	16	29	41	15	16	18	25	20	21	24	15	22	27	25	17	25	14	27	42	12	33	11	19	9	14	32	18	16	9	15	32	14	44	9	12	20	41	19	18	14	34	32	15	12	17	27	27	39	12	14	9	20	29	26	23	12	18	21	22	16	13	28	23	24	18	18	24	28	17	9	15	29	27	22	26	15	24	12	42	39	26	33	34	25	14	17	29	12	24	34	23	12	20	35	11	27	11	49	33	28	23	18	12	19	35	12	15	33	30	17	41	17	9	9	24	12	9	9	30	31	12	44	32	34	21	29	15	36	22	24	38	27	46	16	9	44	34	26	15	11	24	12	23	27	25	33	29	30	33	36	46	14	36	22	29	34	33	26	16	33	18	21	16	26	41	44	12	9	9	34	28	44	27	20	11	33	12	15	37	26	16	27	31	32	22	9	29	30	16	27	34	25	22	15	28	12	26	9	12	29	9	42	51	35	34	35	15	21	24	27	26	42	22	42	22	33	12	23	36	18	25	41	15	22	12	16	23	25	9	21	36	19	27	41	16	41
2024.07486869692	31	34	32	41	47	45	30	32	33	31	37	35	37	28	36	37	34	31	47	42	42	30	35	32	28	36	47	28	40	32	52	35	28	39	29	35	25	29	36	31	28	28	28	41	28	36	31	25	33	33	36	25	40	45	38	32	41	32	31	26	37	38	31	28	26	27	28	28	25	35	29	25	36	44	32	40	31	40	36	33	35	28	38	40	31	33	37	35	25	25	30	36	26	26	28	34	30	28	25	28	29	41	34	41	25	43	33	40	34	35	34	32	39	32	33	25	37	38	34	37	34	42	32	36	35	43	30	33	31	33	38	31	28	30	29	28	25	28	48	28	25	35	31	27	26	39	42	27	27	40	41	35	32	28	36	33	27	25	39	25	28	29	38	37	37	29	32	29	28	39	28	37	28	26	33	31	25	33	25	36	32	40	39	25	34	28	39	28	34	30	34	28	42	28	31	32	44	33	34	28	25	31	29	30	28	29	39	45	31	31	28	38	37	25	25	42	45	35	25	40	28	46	30	35	39	43	30	36	25	33	28	28	29	31	32	34	46	32	28	25	28	44	40	34	28	43	31	29	33	25	40	31	32	32	30	31	32	25	25	33	40	33	35	25	26	25	41	38	45	40	28	28	46	29	28	25	35	36	33	30	42	26	30	26	39	31	29	32	38	28	31	34	26	30	37	29	29	31	28	37	29	41	32	40	34	28	30	29	38	33	42	53	27	44	27	33	30	32	32	41	29	28	35	28	27	30	36	33	40	39	30	38	28	43	42	31	25	37	26	35	32	31	37	28	31	25	25	38	30	25	28	25	40	50	25	41	25	30	28	34	36	25	28	25	28	39	39	37	32	28	37	34	31	37	25	28	41	25	45	34	41	40	31	46	34	30	30	36	25	28	36	34	36	39	30	29	33	36	25	37	37	38	28	37	40	30	34	28	34	38	40	25	37	41	34	45	29	35	35	32	31	38	32	39	37	36	29	33	33	27	33	34	25	33	35	37	45	35	28	28	42	25	33	34	43	30	39	35	44	39	29	25	27	44	28	43	34	39	34	37	34	33	40	29	37	33	44	29	35	28	43	35	30	31	40	34	28	28	39	31	49	31	35	34	28	31	25	39	33	36	25	34	37	33	36	35	31	40	34	33	31	36	25	35	32	28	25	35	25	38	33	41	25	26	35	38	32	41	32	28	40	25	28	45	29	47	31	37	47	33	41	53	25	25	25	34	32	32	35	26	29	25	40	28	36	25	35	37	26	40	33	38	34	36	39	33	35	40	35	38	30	38	31	28	47	25	37	38	28	25	31	37	25	45	30	32	41	36	34	32	41	40	35	40	33	35	38	25	47	32	40	25	50	27	35	32	33	29	32	36	39	31	35	29	40	29	35	42	25	36	30	40	37	31	42	29	36	28	42	37	25	25	28	27	30	32	36	31	33	25	25	34	36	35	38	25	34	44	32	27	36	28	43	48	42	31	39	25	36	34	34	28	31	26	34	33	33	34	25	28	28	53	29	32	43	35	37	28	30	33	37	37	36	27	44	46	38	39	30	42	32	42	36	42	36	32	28	31	43	41	40	26	31	25	35	39	36	33	38	46	28	40	25	25	30	40	31	31	30	31	37	26	40	45	31	45	29	35	29	45	34	45	30	28	36	36	37	31	53	29	28	29	28	27	36	28	29	28	34	34	36	36	40	38	43	39	37	28	40	39	25	25	26	40	37	34	40	30	32	25	28	44	44	34	29	30	50	27	32	28	33	35	38	30	31	32	41	43	35	32	30	34	52	25	39	25	27	34	30	38	28	32	28	25	31	37	45	31	33	34	42	34	32	25	41	35	25	28	27	34	35	37	28	28	25	35	36	42	34	28	37	32	31	32	28	33	29	35	30	35	32	33	39	25	28	41	31	37	29	34	31	25	40	37	31	36	38	40	29	28	40	25	32	35	33	28	34	38	28	43	29	44	36	37	42	36	28	28	36	28	31	30	32	28	35	31	25	31	33	25	25	28	39	35	31	39	40	40	35	40	30	39	34	33	42	34	42	27	25	45	47	37	31	25	34	33	42	38	35	36	40	35	42	36	32	25	29	28	42	40	34	33	32	41	33	29	27	33	44	39	28	25	25	42	44	35	35	28	25	36	26	28	39	26	38	36	37	31	26	25	30	36	28	36	46	46	31	31	38	30	33	28	34	41	25	52	40	38	41	36	25	29	34	32	32	49	31	44	30	36	28	33	38	31	46	45	28	33	31	32	33	35	28	35	34	34	38	42	32	34
2024.08458690263	41	38	47	42	50	40	39	36	42	30	39	40	39	33	36	33	38	33	48	50	39	33	39	38	33	35	50	33	39	47	61	40	41	45	36	35	41	38	44	36	30	43	35	38	36	39	30	36	38	40	35	38	51	49	39	36	46	39	36	37	41	45	45	33	30	41	41	39	38	36	39	33	44	42	33	45	38	40	47	38	39	36	46	33	30	45	38	45	33	41	33	36	33	40	35	43	41	33	35	38	36	38	45	40	41	42	42	42	33	43	38	41	46	41	39	40	38	33	45	44	41	44	38	36	37	33	38	42	38	31	41	36	36	41	39	35	41	37	53	35	33	41	33	36	36	43	33	33	33	37	43	39	47	36	44	43	36	38	54	33	35	39	39	40	44	36	35	39	41	42	33	35	40	42	35	38	36	30	41	47	40	36	44	36	41	41	46	37	51	36	42	44	46	33	38	41	47	43	38	36	37	38	33	35	41	45	39	46	40	30	36	40	39	41	33	33	34	45	36	46	40	52	33	37	36	51	42	35	33	38	33	42	42	30	40	41	44	33	36	41	40	43	33	42	40	43	36	38	42	33	36	36	36	39	36	45	33	33	35	38	46	39	41	37	39	36	45	49	43	38	40	30	44	41	35	38	40	45	35	46	46	42	48	30	45	43	39	33	33	43	39	41	36	33	38	44	39	46	36	44	39	36	40	55	37	33	33	36	46	44	44	51	38	36	30	42	41	36	41	43	42	38	43	36	39	49	41	40	51	45	33	50	41	51	33	40	36	33	36	36	42	40	33	33	38	36	38	45	38	33	35	41	39	57	39	45	33	33	33	30	47	35	41	33	35	46	36	38	42	40	38	38	40	43	33	33	45	39	40	30	44	36	42	52	30	41	37	37	41	36	36	47	45	38	33	36	38	38	33	41	43	44	33	47	38	33	36	35	38	48	40	37	38	37	46	42	38	42	36	41	46	41	37	54	38	37	41	36	35	30	48	39	33	38	35	42	42	40	36	41	46	33	40	41	47	33	33	43	45	39	38	33	41	49	44	33	30	42	42	39	40	43	40	33	38	33	45	39	38	41	42	43	48	38	44	41	40	35	45	40	48	41	37	45	36	37	39	39	35	44	41	35	36	39	39	35	30	47	37	38	38	39	33	35	37	36	33	33	35	40	42	47	32	39	48	47	41	33	35	36	44	36	38	43	46	51	43	39	50	36	46	51	38	36	33	45	34	39	41	30	38	40	47	33	47	33	30	40	37	42	40	36	45	42	45	45	36	36	36	50	39	33	38	35	50	35	38	40	33	39	38	37	33	49	42	36	44	41	33	47	41	43	38	44	38	35	43	37	50	38	42	33	52	36	41	39	39	39	44	38	40	40	37	41	47	41	36	33	33	44	33	36	46	30	50	37	35	33	38	40	33	30	38	30	42	42	37	40	42	33	33	47	40	37	41	41	42	43	37	33	45	36	46	49	60	39	46	36	38	45	30	37	35	30	30	35	38	39	33	33	38	40	38	40	43	41	42	44	33	48	39	39	39	33	45	52	39	41	39	39	36	49	49	42	41	37	33	38	45	47	55	30	38	41	41	38	45	40	44	49	35	40	33	33	48	40	46	38	41	30	41	30	51	51	40	45	32	36	37	55	30	52	41	37	45	45	39	41	47	36	38	33	37	33	41	30	33	30	33	41	45	45	46	43	38	42	43	38	44	45	36	41	33	41	42	33	37	39	45	33	33	45	47	33	36	33	52	33	40	33	37	39	42	33	42	36	44	54	41	35	39	38	61	30	43	33	33	38	42	42	38	40	39	41	30	44	42	38	41	41	37	41	38	33	45	37	37	36	35	38	39	38	43	38	40	38	33	49	38	43	47	44	40	35	40	33	33	39	41	45	38	41	43	33	38	40	38	42	30	42	42	39	46	38	33	42	33	55	39	35	39	33	36	36	40	35	45	50	40	53	36	36	36	42	47	41	37	35	41	33	42	33	40	33	45	42	33	38	41	33	33	36	45	50	36	33	48	44	30	39	41	45	41	40	44	38	33	33	33	42	51	41	36	33	40	45	47	49	41	37	42	37	46	47	37	33	46	33	42	37	30	35	36	52	45	38	32	36	43	33	30	39	33	50	46	36	39	33	36	42	37	33	36	33	45	39	41	30	42	33	43	35	46	43	49	52	36	42	47	38	35	37	38	42	33	61	38	50	45	45	33	38	41	33	33	48	36	42	33	36	30	38	39	31	52	34	36	38	40	35	42	38	44	41	39	40	40	37	35	41
2024.09430510834	54	54	60	50	59	50	65	41	64	38	54	54	38	38	56	45	47	40	76	55	55	45	45	52	40	53	56	46	49	68	69	54	55	52	49	48	57	61	56	46	48	49	44	51	49	43	50	41	44	50	53	57	63	50	44	44	66	56	45	41	55	47	54	38	51	54	58	60	54	52	53	45	53	49	61	63	51	55	49	58	45	55	57	43	43	59	54	59	40	63	38	56	40	56	47	60	48	46	50	52	45	51	60	47	63	49	58	56	47	54	47	66	75	66	49	50	46	43	60	50	46	49	53	44	50	46	60	56	59	37	58	51	59	48	50	53	70	61	60	44	47	47	45	49	47	54	63	41	45	42	50	58	67	41	53	52	49	46	62	52	48	71	52	67	60	49	45	53	47	59	47	58	58	54	47	47	55	43	53	47	45	49	53	53	69	58	75	59	78	44	77	67	59	55	48	54	41	50	43	46	52	48	45	53	47	57	47	59	47	50	45	58	38	52	48	63	46	59	49	71	50	53	42	49	65	62	60	42	52	52	47	70	59	43	45	58	50	50	59	49	58	57	43	77	42	68	52	61	56	52	49	52	56	72	44	56	61	46	45	50	57	55	66	48	55	55	50	69	61	44	50	44	50	47	53	52	50	54	49	58	60	54	66	51	56	50	75	50	43	59	59	58	48	45	55	63	71	58	73	49	71	43	62	65	51	62	38	40	57	62	49	70	54	56	64	54	66	44	54	50	59	59	52	41	44	70	51	50	65	56	42	55	54	62	47	65	53	45	47	56	49	50	45	41	48	43	54	47	46	65	44	49	47	70	54	55	53	40	64	38	49	50	48	53	44	56	65	47	49	42	62	43	51	68	58	47	55	52	50	46	59	49	55	83	46	53	50	42	70	54	44	58	56	50	54	49	46	53	47	52	51	54	47	57	44	40	41	53	54	61	55	48	43	46	62	48	57	68	54	52	58	58	52	68	43	42	47	53	53	64	78	50	47	54	40	50	48	48	55	50	60	52	62	63	56	38	55	63	57	50	43	38	54	52	52	35	49	59	57	46	50	63	44	46	55	56	57	75	55	57	49	51	66	59	51	52	50	55	56	48	42	48	55	55	54	44	52	48	45	46	52	50	62	49	43	40	38	59	50	44	58	57	48	40	49	73	54	49	50	57	59	53	43	55	61	60	60	43	45	46	47	55	60	61	56	62	65	38	56	49	66	70	46	49	48	57	45	48	67	41	45	52	59	46	52	41	38	49	60	56	62	45	57	45	52	63	43	38	61	55	52	43	58	44	59	49	43	60	45	52	64	50	38	50	62	56	57	68	49	68	50	56	55	51	61	50	54	48	53	65	49	53	65	49	47	48	55	58	51	53	49	65	50	53	59	47	54	47	65	53	40	49	62	40	55	54	42	38	39	48	46	38	56	48	62	49	54	45	56	52	41	58	59	50	63	53	54	56	49	50	51	55	49	59	68	61	56	53	40	57	49	62	42	51	49	49	52	53	40	38	53	46	43	45	66	56	56	52	42	78	46	38	65	38	57	83	44	54	49	51	44	60	69	49	59	44	40	58	52	50	65	40	48	53	66	74	52	62	54	53	44	44	46	40	66	44	58	46	48	40	50	50	66	60	51	51	48	52	49	58	46	55	53	61	51	63	38	54	52	40	60	43	49	48	48	48	45	35	46	51	63	56	51	54	45	45	51	52	51	52	53	64	58	57	47	47	53	52	54	44	47	57	41	46	50	38	65	48	58	62	49	45	50	42	78	50	59	68	56	43	65	54	69	50	54	58	45	46	60	56	56	58	57	49	40	49	48	52	50	49	47	46	53	50	50	47	47	61	50	54	58	46	59	53	51	50	50	53	43	59	57	51	65	44	42	56	43	42	66	59	65	52	54	52	60	47	47	46	47	77	51	52	57	46	45	45	43	65	71	50	47	45	45	61	43	57	60	65	50	65	45	56	44	50	53	54	46	48	48	43	78	47	61	40	59	55	38	52	53	43	52	47	52	64	60	38	57	47	38	47	48	56	63	50	52	54	63	62	53	48	62	41	45	46	50	59	53	69	47	42	54	52	60	47	52	56	56	41	51	45	38	45	44	70	57	59	58	49	56	38	35	52	46	55	63	43	58	38	49	45	41	55	65	57	59	65	52	40	54	46	53	53	60	55	53	64	46	78	60	60	47	59	50	52	59	69	40	65	50	54	38	59	69	61	51	42	51	49	57	44	35	50	52	47	64	46	58	44	55	44	54	55	52	66	50	50	58	47	44	46
2024.10402331405	55	63	77	57	61	58	79	41	73	48	68	49	47	43	64	55	56	49	81	51	54	48	46	58	54	63	59	52	49	84	72	49	67	59	65	60	65	78	69	49	56	54	51	59	64	58	69	48	44	64	63	71	65	54	58	45	54	59	56	47	59	49	59	50	68	61	59	76	67	58	60	51	70	62	72	70	65	64	60	68	46	66	64	47	60	67	61	66	53	76	48	64	47	58	51	71	47	52	59	61	51	59	64	49	76	53	62	64	58	65	56	78	93	78	45	56	55	46	64	49	57	65	55	49	59	49	71	67	66	38	71	58	78	47	58	67	79	67	65	51	70	57	54	48	51	63	68	44	51	46	60	71	80	48	70	62	48	60	65	63	60	84	62	70	66	65	57	60	54	68	60	70	68	64	48	46	82	44	61	56	52	44	56	70	94	59	93	68	91	57	107	78	66	66	62	55	41	57	48	71	64	63	53	60	54	65	46	68	64	69	55	75	42	55	53	68	57	66	65	97	63	49	51	56	89	61	82	57	63	53	51	79	76	60	52	68	58	69	78	56	68	66	47	107	55	66	64	78	67	63	48	64	73	87	57	62	72	53	48	51	56	59	75	60	59	82	55	73	75	48	63	46	58	62	67	67	79	63	70	63	72	64	73	68	65	51	82	69	46	71	81	68	57	48	64	71	84	66	86	47	84	55	81	66	56	76	48	50	59	72	65	62	61	65	91	73	71	45	55	60	76	74	59	52	60	78	56	64	72	65	48	67	68	61	55	72	63	55	51	72	60	62	55	46	62	54	67	49	42	75	51	51	64	78	59	64	61	54	84	53	60	59	69	62	51	67	89	65	60	55	70	48	66	71	69	60	47	65	58	63	63	48	66	100	63	59	58	45	79	57	49	67	61	67	75	64	49	58	70	68	65	66	52	61	48	54	47	67	63	73	64	60	51	53	75	56	61	81	61	62	66	71	74	70	51	45	62	55	65	91	85	63	54	61	49	47	56	60	66	66	72	64	76	73	68	48	51	64	55	57	48	52	61	51	61	40	59	68	64	63	54	84	49	54	64	64	55	82	66	66	53	57	73	66	51	53	63	66	65	58	40	60	73	59	57	56	59	62	57	54	55	59	60	45	58	49	48	70	56	44	63	66	77	49	54	86	56	64	59	58	73	64	51	59	62	66	64	44	57	71	52	82	88	75	62	64	73	42	59	58	54	62	60	65	77	68	46	63	62	61	49	67	70	52	48	44	54	53	75	64	76	61	68	52	59	81	50	45	71	67	53	47	71	51	61	67	51	78	51	59	84	60	50	54	77	73	65	67	59	84	58	65	66	51	69	60	56	60	55	70	53	62	72	48	57	63	59	65	57	58	53	72	59	53	70	62	61	55	75	59	54	48	81	40	51	64	57	46	50	53	55	48	83	54	77	60	55	53	67	63	44	67	62	59	71	61	60	61	54	62	58	66	51	62	72	71	58	63	50	68	59	78	47	68	59	70	53	47	53	46	71	55	52	55	74	71	64	61	51	85	63	42	70	62	55	100	58	53	54	59	45	75	76	49	65	49	54	71	48	59	66	43	62	62	75	91	60	76	66	62	51	49	53	42	73	49	66	68	47	40	60	66	68	64	62	63	55	58	58	66	63	53	59	67	58	71	42	64	53	50	88	42	60	60	55	56	53	58	57	51	71	61	50	56	49	57	65	61	51	59	61	82	72	64	44	58	64	53	55	50	60	55	41	57	67	48	72	60	82	76	62	46	68	51	91	52	63	74	71	52	79	63	72	58	63	69	51	51	82	61	83	82	85	56	40	47	56	68	62	55	52	57	55	58	55	55	67	69	45	63	71	55	71	71	70	59	55	65	48	71	61	57	72	60	55	64	42	44	71	67	70	66	58	64	88	49	46	50	49	107	70	59	56	55	54	52	46	66	84	53	64	51	50	71	53	66	64	73	63	82	51	65	49	47	54	59	57	51	55	47	91	59	71	54	66	66	40	68	54	54	64	51	59	61	74	42	55	52	54	64	47	67	73	64	59	63	68	76	61	56	64	59	56	60	54	67	54	73	57	45	54	57	72	56	74	63	62	41	65	50	53	57	51	80	64	69	69	58	61	42	58	65	55	51	74	50	71	43	65	52	47	66	89	76	66	70	68	40	64	55	59	63	71	66	62	60	49	91	66	68	48	68	52	58	68	72	45	73	55	63	50	69	94	72	54	40	58	62	83	49	58	51	62	60	60	57	66	44	57	60	73	66	61	75	60	52	75	52	60	68
2024.11374151976	73	80	82	78	73	79	87	78	80	77	82	83	75	78	80	69	77	79	88	71	72	73	61	79	72	81	74	85	74	94	86	83	89	79	79	73	81	94	72	78	79	83	78	82	85	75	85	73	73	82	81	79	75	68	76	63	80	80	76	70	74	76	88	75	82	82	75	97	83	79	79	85	88	82	92	83	86	89	88	90	61	75	72	64	87	86	82	90	80	82	83	80	69	78	81	83	75	85	73	74	75	82	86	67	82	71	77	72	77	88	77	97	96	97	76	75	70	60	86	74	67	77	78	70	70	73	90	78	91	70	92	79	88	75	76	93	88	99	69	78	82	76	73	80	78	76	95	76	83	80	77	88	93	79	88	85	80	78	80	83	78	91	71	93	77	79	82	79	71	79	77	81	89	91	68	65	87	66	88	84	66	72	71	86	97	75	96	91	98	76	101	93	84	84	86	77	73	77	83	79	85	79	81	80	71	88	65	89	79	85	77	88	71	79	83	95	69	90	84	96	83	67	74	75	94	74	87	84	83	77	82	93	95	87	66	91	79	85	88	78	89	76	64	101	76	76	76	94	78	83	67	76	80	93	76	78	92	85	76	87	74	78	88	89	74	87	70	88	86	60	83	69	79	79	93	82	87	80	84	75	84	91	82	82	89	76	97	85	60	90	91	91	78	73	79	83	91	85	97	67	91	79	85	81	69	93	83	68	77	92	77	71	76	88	102	83	89	63	77	77	95	87	89	73	85	84	79	82	88	89	81	82	77	74	78	79	68	69	78	84	86	74	69	69	86	72	83	76	68	87	78	66	80	89	91	82	82	72	86	68	88	76	87	77	78	73	94	75	86	76	88	83	82	80	83	77	75	74	79	84	84	67	80	90	84	85	77	86	88	78	70	86	85	77	92	78	67	76	82	86	73	85	83	79	60	72	61	93	80	80	89	89	79	72	85	76	77	84	79	83	85	92	83	74	79	86	79	75	84	102	93	71	74	74	69	78	76	78	75	82	84	76	94	89	88	83	69	75	74	79	68	68	82	59	81	71	79	79	69	81	75	91	70	80	79	81	74	97	93	80	71	79	82	91	81	78	83	81	89	74	69	79	86	78	78	77	80	81	78	78	79	81	88	76	75	69	77	89	91	73	81	74	90	69	82	97	86	87	73	77	94	79	69	74	78	87	88	71	82	79	85	87	99	86	85	77	93	71	74	82	80	71	78	84	90	88	66	80	76	75	67	89	89	85	81	73	65	78	91	72	94	80	88	81	79	88	71	69	83	82	84	75	84	78	73	79	79	83	63	80	90	78	80	68	92	80	81	94	89	94	74	86	89	81	83	80	82	89	76	87	73	77	88	80	76	80	78	90	75	76	63	79	70	82	89	79	79	78	87	83	72	67	97	70	71	89	84	67	74	73	82	70	90	71	92	86	76	74	78	83	73	86	70	70	86	88	78	74	82	89	80	75	81	83	79	91	79	68	78	88	79	91	72	82	79	84	77	80	80	67	85	72	78	82	82	83	87	81	74	93	81	71	84	75	74	90	76	66	74	75	63	84	90	70	77	79	72	84	66	78	81	66	86	79	88	106	87	94	85	70	78	70	85	67	82	70	85	84	75	70	71	97	85	78	74	87	73	79	81	79	84	83	85	99	80	87	71	87	81	68	99	64	81	82	77	79	81	74	85	79	87	85	69	82	73	79	73	74	81	79	88	93	79	75	80	77	82	84	74	81	77	74	73	85	77	83	88	82	84	93	81	61	79	74	95	73	84	82	83	71	87	80	86	76	76	83	83	75	87	81	90	84	85	78	70	67	76	85	84	68	78	67	78	79	70	80	82	76	72	80	88	70	90	85	80	75	69	81	83	90	79	75	79	78	76	81	64	68	89	70	87	89	80	76	99	67	65	73	70	101	93	80	74	70	73	81	60	81	91	71	80	85	74	83	77	85	86	80	83	87	75	88	70	78	65	75	77	74	77	72	95	73	88	72	90	80	66	85	72	80	76	76	79	77	87	68	74	85	65	80	75	83	89	82	75	80	95	89	82	76	77	88	76	79	75	86	65	88	76	86	71	78	84	84	83	84	85	72	76	75	68	78	63	84	74	96	89	82	74	68	74	74	82	71	90	71	88	78	84	81	70	84	94	94	76	84	86	70	91	82	80	81	89	82	70	82	78	95	87	80	68	91	82	73	80	86	75	80	70	80	80	96	97	92	73	69	79	82	97	70	74	87	71	75	82	69	89	73	83	78	83	89	81	88	85	80	88	78	78	75
2024.12345972547	86	92	94	98	85	91	91	82	90	96	97	86	91	86	88	91	89	97	86	92	92	86	90	92	80	91	85	98	87	90	84	86	101	87	95	90	88	99	85	100	94	88	96	90	89	85	92	94	87	91	91	98	87	88	91	97	87	91	91	94	84	97	87	93	84	90	91	99	97	94	84	97	95	93	94	89	92	98	97	93	90	81	84	86	100	91	88	90	86	91	98	88	91	87	88	83	84	98	94	89	91	90	86	98	91	86	99	84	96	96	89	92	103	92	92	88	84	91	86	92	78	91	99	90	95	83	89	87	97	88	87	91	88	84	89	97	94	102	77	96	91	95	100	97	90	80	101	93	98	90	90	90	92	89	95	96	97	93	88	91	92	91	90	111	89	95	92	84	95	81	89	99	103	95	88	85	84	94	100	81	79	94	94	89	93	91	103	99	92	83	96	92	96	99	93	86	85	97	95	79	98	94	95	100	95	86	82	88	95	92	90	102	80	91	97	101	90	90	96	88	95	85	94	95	103	83	96	91	91	85	97	96	96	100	79	97	90	94	88	97	103	77	86	96	88	82	85	99	87	91	89	85	91	92	83	92	94	86	95	91	81	92	98	94	83	84	72	96	90	86	95	89	90	80	97	96	92	85	88	88	88	95	90	84	89	85	95	94	91	94	100	97	94	86	94	98	91	88	93	95	91	82	84	78	94	97	98	93	84	93	91	84	92	94	94	92	98	97	86	90	96	90	88	92	96	82	90	91	90	89	99	92	84	83	94	97	85	91	90	94	90	84	91	78	93	89	97	97	88	86	96	83	90	79	94	97	102	84	90	96	97	93	96	95	96	86	103	87	90	88	87	95	91	81	92	89	84	96	91	100	84	89	90	81	100	87	96	101	94	90	90	95	97	82	93	97	87	84	91	89	86	87	92	85	86	84	79	97	92	89	98	94	80	90	90	86	91	84	97	92	88	87	96	74	80	101	80	84	93	94	86	80	95	86	87	97	86	90	81	90	88	90	97	101	93	98	89	96	82	86	85	95	90	86	83	88	94	81	81	91	95	92	89	94	94	91	82	95	93	80	86	90	90	97	91	86	95	89	89	93	83	85	90	93	90	93	88	96	88	89	91	92	96	92	85	87	96	93	96	87	90	89	93	87	92	93	92	91	94	89	100	86	87	83	82	94	89	94	92	79	102	84	94	90	89	74	93	80	85	94	87	84	93	96	93	106	93	87	91	82	95	94	93	98	92	85	86	86	100	84	97	92	106	91	87	88	95	86	93	92	96	89	96	96	85	93	80	85	88	88	88	86	99	88	96	91	83	101	96	90	80	97	88	91	86	88	92	94	85	98	88	95	92	97	95	87	92	94	85	84	87	97	95	95	93	80	97	94	86	88	84	89	95	95	92	98	91	92	87	96	88	88	84	91	96	90	94	89	87	95	85	95	94	95	92	100	84	89	92	98	93	81	93	88	73	94	84	85	84	106	94	89	99	84	94	88	85	91	86	92	93	87	96	90	94	95	89	83	94	86	91	80	89	100	82	81	91	73	101	87	97	93	88	96	100	88	80	96	94	87	78	95	93	92	98	94	97	97	87	70	96	89	86	91	90	89	88	98	84	95	95	102	84	85	89	96	93	94	91	90	100	86	87	102	93	90	80	90	91	93	94	86	97	99	96	94	95	89	97	100	90	97	83	92	88	90	86	89	91	87	98	95	98	89	94	96	96	96	99	99	89	82	85	97	84	98	92	99	92	97	90	90	88	94	96	85	84	81	95	90	91	92	84	99	80	92	98	90	96	93	84	92	86	97	95	95	86	94	84	87	94	78	99	85	72	90	100	100	91	92	90	84	94	93	75	94	92	90	95	94	85	85	97	93	88	91	86	91	98	88	98	101	93	90	94	98	85	84	82	96	95	88	81	84	100	91	91	78	91	93	90	97	90	93	83	90	86	84	95	88	91	94	90	97	80	96	99	88	96	99	96	81	95	80	90	90	88	94	90	89	90	82	87	87	91	88	89	102	86	90	84	85	101	91	83	92	101	100	102	86	74	95	91	94	95	91	80	96	95	101	90	84	88	81	96	85	89	87	81	86	96	88	98	86	83	97	103	94	89	88	89	96	88	92	95	95	90	86	96	91	94	99	103	96	88	89	89	95	95	88	88	91	93	87	70	86	100	96	94	86	88	99	96	85	98	84	91	84	72	85	99	97	93	94	81	83	91	93	107	90	89	91	90	90	86	90	94	87	85	93	92	88	83	98	105	90	102	94	93	95
2024.13317793118	85	94	79	89	86	91	78	82	80	94	93	87	95	91	92	90	91	97	70	96	86	85	93	87	84	90	79	94	89	71	86	87	98	86	93	83	84	91	86	97	90	89	92	91	89	89	94	89	87	90	90	89	80	87	89	91	83	88	90	88	76	89	81	90	88	83	86	87	89	84	78	96	87	88	84	83	92	89	91	92	93	81	84	89	95	88	80	86	83	83	98	92	89	76	88	85	84	94	87	87	89	91	76	100	83	85	85	80	95	87	91	80	82	80	91	81	85	83	76	86	81	91	91	94	89	88	87	82	87	89	86	85	83	84	81	94	75	84	80	92	90	92	96	94	84	83	92	94	95	90	89	87	83	90	87	90	94	92	85	89	91	80	86	92	78	93	97	78	89	89	93	85	94	89	81	88	82	90	97	86	83	91	93	87	90	86	82	91	83	88	85	78	82	90	89	84	87	92	92	92	92	95	88	89	89	88	84	83	92	94	84	96	80	84	87	92	89	86	88	70	87	84	91	89	95	80	81	87	89	85	93	80	92	95	83	91	83	88	83	93	94	72	89	85	88	73	84	91	82	89	83	84	84	77	88	82	84	87	88	90	74	82	86	90	85	82	72	85	83	83	87	83	83	81	94	88	87	82	86	85	84	89	79	88	87	83	77	88	83	87	91	91	85	85	88	86	80	75	80	91	80	81	78	73	92	88	98	92	83	87	91	72	84	84	92	85	77	91	84	89	92	81	84	89	92	72	86	90	86	87	98	85	84	80	89	87	85	90	84	92	85	85	90	80	89	91	89	89	91	73	92	80	85	79	89	91	91	88	76	94	91	88	89	96	92	87	95	85	85	88	86	92	88	71	90	93	79	89	91	94	74	83	80	74	94	78	97	97	75	83	94	91	89	81	92	93	86	77	90	86	89	81	93	82	83	88	91	94	94	84	89	90	82	83	86	79	85	77	87	91	75	86	89	63	82	97	81	78	91	92	75	84	90	84	93	94	79	89	81	89	84	82	89	93	91	98	84	88	84	85	90	94	83	86	83	88	83	89	88	88	93	74	85	89	88	78	84	77	92	85	85	92	79	87	88	82	87	85	87	89	85	84	86	89	83	94	81	90	98	87	84	83	81	91	89	93	94	89	89	87	79	89	91	93	89	80	85	85	87	92	92	85	88	85	80	92	90	93	97	92	94	82	85	83	84	79	80	80	79	97	83	72	92	88	91	91	93	87	81	80	94	88	89	94	91	88	87	85	82	80	89	92	91	89	86	76	94	86	82	85	94	87	82	92	86	86	82	79	89	81	78	86	97	87	83	84	80	80	88	71	86	95	86	88	76	80	82	90	83	81	83	96	82	94	92	87	82	90	81	77	83	87	89	85	89	81	87	89	73	86	88	83	80	94	96	92	87	96	89	93	91	93	75	93	83	85	92	86	82	85	88	91	83	89	80	97	81	81	89	95	87	81	90	86	70	84	82	85	82	91	83	77	94	88	83	86	85	86	83	96	87	87	92	92	84	87	76	83	91	75	88	80	77	96	84	74	89	72	99	84	91	91	84	89	93	89	84	82	94	91	73	93	89	87	86	87	88	89	81	82	92	85	87	93	79	85	75	96	84	94	92	93	75	82	93	89	91	84	91	80	94	84	78	84	87	80	80	88	88	92	85	87	91	93	86	90	88	92	93	90	80	89	79	82	83	92	89	87	88	86	91	87	89	88	97	95	91	94	93	98	93	84	87	93	82	98	82	93	82	88	89	93	94	91	78	83	74	70	87	92	78	94	86	93	83	90	95	92	81	88	75	82	76	93	94	91	79	94	84	85	88	81	91	81	72	91	95	90	89	94	87	85	87	87	85	91	84	89	92	87	82	81	87	92	88	78	87	91	77	86	81	92	90	82	85	100	88	85	80	85	90	81	74	85	96	89	83	73	80	92	85	96	92	82	84	81	76	86	87	81	89	84	94	94	76	88	94	88	86	94	78	77	81	84	86	80	87	94	86	88	82	84	86	81	86	90	87	94	87	85	84	80	93	90	82	94	92	92	91	79	79	93	90	87	93	88	76	85	92	97	82	82	84	86	89	80	84	87	86	91	94	98	96	74	81	91	100	97	81	90	92	89	91	96	83	94	87	91	88	89	88	90	95	92	88	77	86	94	89	91	86	90	86	81	82	81	97	78	92	88	81	91	91	86	87	86	90	86	72	82	97	91	90	84	81	85	85	88	100	94	92	90	86	85	81	89	85	87	85	92	85	86	83	86	94	88	96	88	92	86
2024.14289613689	77	81	69	78	76	85	70	83	68	89	78	85	91	87	75	83	87	88	59	91	81	92	88	73	83	79	72	92	81	66	82	85	86	82	88	75	72	75	78	91	83	89	92	92	81	86	76	84	84	84	79	74	77	87	85	91	77	87	78	86	68	88	81	85	86	75	82	76	82	80	76	90	78	86	73	76	83	77	86	86	88	77	81	86	87	81	68	72	82	68	92	75	84	74	88	78	83	92	80	84	88	92	70	97	68	83	75	72	82	77	87	62	58	62	87	80	83	89	70	83	79	81	89	89	79	85	73	76	81	89	73	76	69	83	84	89	58	79	82	92	78	93	90	90	83	81	87	90	86	86	78	76	73	90	78	86	90	88	79	84	87	71	85	86	74	88	89	76	82	79	82	72	81	82	79	94	75	91	86	86	82	88	88	70	71	82	58	83	59	73	48	68	73	79	86	82	81	87	90	77	83	82	89	88	82	76	87	73	85	76	81	79	82	87	89	87	85	72	83	48	87	86	86	90	65	82	68	85	84	81	92	69	73	87	82	80	79	76	69	80	81	65	86	48	90	69	72	75	76	84	81	72	73	61	73	84	73	84	87	86	72	82	65	80	79	75	69	74	72	88	87	78	79	77	89	82	63	73	73	76	78	82	68	86	81	80	69	76	89	78	70	80	82	92	83	76	71	70	58	95	71	82	63	69	91	77	92	96	75	74	81	73	83	80	67	72	72	91	82	78	73	73	78	93	82	63	84	84	75	81	94	80	74	82	83	78	82	83	83	82	84	80	83	86	86	81	82	88	91	69	92	78	80	73	85	87	80	86	57	90	86	81	82	85	92	80	65	81	84	90	66	90	71	67	72	82	79	81	85	84	75	81	71	56	84	74	91	90	58	75	89	86	84	78	75	85	85	71	78	74	84	70	88	75	88	86	91	89	81	75	77	80	90	81	79	79	79	67	84	87	70	73	66	57	90	90	77	82	79	67	61	83	83	81	92	94	79	82	77	82	78	76	76	80	82	92	81	81	82	76	90	83	75	88	78	90	80	79	86	76	91	58	87	82	83	70	82	69	79	81	83	81	68	81	81	79	87	70	81	85	95	82	69	84	75	93	75	82	91	79	87	76	80	87	86	92	89	84	81	84	81	77	70	92	85	58	84	83	80	85	83	78	88	79	71	83	77	89	89	77	94	75	60	72	75	77	78	82	72	89	77	73	88	83	70	84	98	75	78	68	98	78	84	92	85	90	86	91	69	72	76	92	84	81	82	69	91	87	71	80	85	81	78	92	76	75	90	65	86	75	59	79	90	87	76	73	77	71	84	66	78	82	78	81	73	75	74	80	84	71	86	85	80	90	93	75	82	75	79	71	81	78	79	84	84	77	84	83	69	85	86	81	70	91	91	82	85	95	88	87	86	89	55	84	76	84	90	86	76	80	90	86	83	79	79	86	76	70	85	84	87	77	89	79	70	73	79	82	77	84	80	73	90	86	80	73	81	84	82	95	92	78	89	84	66	76	71	78	86	61	76	82	70	82	82	56	85	83	96	80	91	74	69	87	81	95	83	78	92	87	69	90	86	75	65	65	83	76	70	76	92	87	84	87	68	87	70	86	83	91	87	81	73	75	84	76	87	80	82	70	84	78	74	79	87	76	82	83	88	96	60	86	81	81	87	83	89	79	80	91	76	84	76	74	82	89	84	84	81	82	88	68	77	85	97	82	85	85	86	95	82	82	81	80	77	92	80	81	66	77	88	88	83	86	61	83	75	66	76	95	70	81	82	79	81	72	86	84	68	86	55	66	66	80	91	95	79	80	81	75	85	79	89	84	69	83	82	84	83	81	76	83	78	92	78	86	87	83	90	78	75	79	78	87	90	70	86	90	72	70	71	85	84	76	60	97	94	81	85	48	79	75	72	83	90	81	89	69	71	81	80	90	86	71	81	72	70	75	87	69	88	80	89	94	78	87	82	89	87	86	61	75	74	83	72	71	88	80	79	83	76	84	82	76	75	86	82	94	86	80	83	81	80	84	76	81	87	72	80	79	77	85	78	84	91	81	78	74	93	90	78	73	78	86	66	76	75	84	82	94	90	91	90	65	79	76	87	89	70	86	79	81	86	91	78	91	76	87	83	81	86	79	65	77	83	70	74	91	82	86	81	79	77	78	76	79	91	61	83	81	79	83	88	85	79	82	85	75	69	73	90	76	71	73	76	95	76	86	74	89	79	86	85	76	79	85	74	84	82	87	72	78	78	65	90	85	79	85	87	76
2024.1526143426	60	65	59	60	61	62	59	56	63	74	59	69	76	57	58	71	71	71	43	74	62	72	79	66	62	64	64	67	64	55	64	69	62	58	74	59	59	51	68	74	61	70	75	64	56	65	60	65	65	65	64	63	63	69	62	80	63	70	62	72	60	68	55	70	68	66	59	48	58	66	58	74	62	67	51	57	52	56	58	66	79	67	68	71	60	60	52	46	58	60	68	58	67	61	65	62	64	67	67	63	72	64	56	80	60	67	68	59	66	52	71	46	49	46	61	64	64	77	56	65	63	55	71	71	69	63	52	57	55	66	49	59	51	64	63	62	48	53	70	75	61	70	72	69	59	69	61	73	61	67	60	55	52	58	62	62	69	68	63	61	68	55	76	64	63	74	63	58	61	59	61	59	65	60	61	81	57	76	64	68	72	67	70	60	53	59	49	61	47	62	42	48	59	54	58	64	61	66	67	61	58	59	61	70	61	62	69	51	65	60	61	61	64	68	76	61	69	46	67	42	70	68	64	68	51	63	57	62	61	63	62	57	53	60	72	54	54	60	51	60	65	47	71	42	65	61	59	51	57	61	63	59	65	51	62	67	51	54	66	58	59	63	57	58	69	57	58	57	49	76	70	65	54	62	62	58	49	60	59	69	58	60	50	68	58	59	53	60	77	57	54	54	67	72	70	60	55	52	41	79	55	54	52	58	69	63	68	79	55	52	55	65	63	62	57	56	58	80	64	60	53	52	56	70	67	59	63	65	54	58	67	67	57	63	62	64	65	71	59	67	57	61	71	59	58	66	58	68	72	54	75	72	59	59	63	64	60	61	55	70	58	59	66	74	75	67	51	66	57	65	57	67	59	58	61	61	69	64	62	68	54	63	63	47	68	54	80	67	48	64	71	63	64	62	51	65	69	53	61	57	66	52	67	58	76	61	78	62	65	56	56	58	67	68	54	63	55	51	63	64	52	49	55	52	67	67	62	64	61	57	47	70	71	67	68	74	63	64	67	61	58	57	59	58	61	68	63	65	68	62	75	66	66	74	56	67	64	59	74	60	72	48	69	64	70	54	68	53	56	64	67	63	50	55	67	61	70	57	58	63	70	59	51	57	64	69	59	56	70	59	68	55	54	61	65	68	74	58	56	65	60	61	51	68	66	41	60	59	67	69	59	63	66	69	60	63	63	63	63	61	67	57	53	49	62	63	56	64	64	71	63	65	68	67	51	70	76	60	63	59	80	61	58	67	65	72	68	62	58	59	59	65	70	64	58	58	68	68	58	67	66	62	53	75	61	62	67	56	74	59	49	62	72	69	62	65	55	51	57	55	65	66	62	67	56	61	60	58	65	59	64	74	59	69	70	60	63	56	68	53	73	64	69	67	58	62	63	62	54	69	61	63	44	69	74	56	62	79	65	72	73	72	46	65	62	57	74	63	57	61	72	63	71	69	63	64	60	62	66	62	64	67	63	59	59	50	64	65	54	70	64	53	68	68	64	59	63	70	58	79	73	63	64	60	55	61	50	56	64	47	60	64	49	73	68	47	62	67	74	66	80	61	50	75	65	70	62	53	76	65	58	80	58	66	57	45	61	59	52	64	75	69	54	73	50	69	52	58	64	69	68	47	60	60	64	58	70	66	64	55	68	55	54	53	64	62	64	65	68	79	53	72	57	67	69	61	61	67	59	68	62	64	63	60	60	68	66	63	67	58	61	48	60	68	71	66	69	66	70	68	61	68	61	59	57	68	59	67	53	63	68	79	67	64	50	66	54	51	61	78	59	65	64	65	69	61	61	68	57	68	46	53	55	60	69	79	63	68	59	66	67	63	71	66	58	73	70	66	71	65	55	64	57	73	60	62	68	61	67	57	58	68	64	62	65	54	72	72	58	60	59	67	61	57	53	80	81	61	67	42	55	59	59	64	72	64	77	58	55	68	59	74	67	58	62	53	56	61	70	53	72	62	71	74	60	68	63	69	69	68	50	62	60	62	46	63	72	68	62	65	57	70	58	58	58	67	63	67	68	59	64	60	58	65	60	65	61	55	60	63	63	53	62	62	72	60	60	57	70	67	68	61	58	68	55	60	62	68	67	74	70	70	78	56	67	52	69	71	62	67	67	64	73	74	58	68	55	57	67	64	72	54	51	61	62	49	57	69	60	73	58	64	58	61	64	65	74	50	63	61	61	61	63	64	62	64	61	61	58	60	72	52	53	51	62	70	59	67	56	71	67	58	76	63	65	69	59	65	63	62	56	62	56	57	70	63	61	67	62	68
2024.16233254832	50	51	46	46	45	42	51	45	51	49	44	52	52	41	49	49	47	44	49	51	46	58	56	51	48	51	44	57	49	48	44	52	45	46	57	47	42	41	50	47	44	46	49	57	45	60	53	49	53	46	51	46	46	49	52	52	44	53	45	46	40	38	39	43	63	49	45	39	50	45	49	51	41	44	51	48	51	44	45	58	56	56	57	51	45	46	48	46	51	53	48	49	46	53	50	56	51	57	44	53	59	57	53	52	53	51	46	44	50	42	47	35	37	35	41	53	55	53	53	47	43	43	40	52	49	48	46	52	45	51	46	46	51	51	50	48	40	39	52	49	52	48	47	43	48	60	49	53	49	51	52	46	42	53	41	47	43	47	44	50	48	52	56	41	44	57	42	49	43	54	52	45	39	45	44	64	55	58	52	54	57	44	49	53	52	45	37	47	44	53	50	50	47	43	47	55	45	41	46	54	46	48	49	44	43	50	55	46	46	53	44	44	53	51	48	49	46	46	44	42	54	60	48	46	41	49	48	44	50	51	48	46	42	45	57	52	39	47	51	44	39	48	51	50	45	46	56	41	52	50	41	56	52	47	53	47	51	47	46	48	44	47	49	42	58	55	51	41	48	56	54	49	39	59	48	45	48	45	53	54	50	45	42	63	44	46	47	47	53	42	41	52	49	58	51	48	52	46	41	50	52	46	56	49	52	47	48	54	41	46	43	50	50	55	57	44	50	52	55	52	42	45	41	51	51	54	48	46	44	44	45	50	55	49	44	54	45	49	48	47	51	47	49	50	47	52	50	38	54	44	49	52	42	45	46	40	43	52	48	48	45	53	50	54	49	52	41	57	51	45	55	46	44	51	46	52	52	46	42	51	41	41	45	52	51	46	55	39	40	50	52	40	43	59	48	48	47	52	52	47	56	45	44	49	56	52	64	48	51	50	44	42	50	51	45	45	47	54	47	49	46	46	37	40	50	39	59	52	50	57	45	55	49	56	51	48	45	49	56	40	50	45	53	38	44	48	50	48	54	49	57	45	49	45	44	47	46	54	62	50	52	48	49	45	51	48	54	47	53	57	51	45	42	45	42	50	54	44	44	42	54	49	47	53	50	55	50	36	55	46	51	41	44	41	60	51	49	44	40	53	46	47	46	51	50	41	48	56	44	51	42	51	49	58	46	48	52	48	42	54	43	55	44	48	50	60	49	53	44	58	44	50	47	44	46	45	55	51	48	52	48	52	44	57	49	55	50	54	48	44	53	46	45	48	46	47	41	47	54	50	44	43	37	49	45	47	50	47	51	50	49	58	44	49	42	52	49	40	49	48	52	44	48	42	49	55	41	42	46	42	47	54	48	43	48	51	47	47	47	52	50	54	49	49	44	59	47	44	44	49	52	41	44	39	51	43	44	53	51	51	58	51	42	50	42	51	51	48	52	39	55	40	49	49	52	52	44	57	50	49	51	56	45	53	53	49	49	45	46	45	46	54	40	63	46	53	51	62	51	53	59	44	46	48	42	40	42	44	48	45	50	53	36	42	54	52	52	56	48	55	52	48	45	43	42	49	48	37	48	43	49	50	47	42	49	42	40	53	45	60	49	49	47	51	42	49	46	40	51	39	48	42	56	44	50	43	51	45	40	51	51	46	46	39	51	49	53	51	47	54	44	59	44	48	49	44	49	56	39	45	49	43	54	41	47	48	56	53	42	46	40	43	47	56	53	50	51	44	38	41	52	54	45	39	52	48	48	48	52	47	52	56	55	48	49	45	41	45	40	54	51	51	44	44	60	46	49	43	48	49	42	52	55	44	39	50	45	48	49	49	46	43	40	52	51	55	47	48	46	51	46	55	42	59	60	40	45	50	46	42	49	47	54	45	45	48	59	56	50	39	42	45	39	45	44	52	64	48	54	50	45	50	44	55	47	48	53	49	52	43	42	51	50	54	54	46	53	52	54	47	59	55	52	48	47	41	41	64	49	57	49	53	39	48	46	45	53	48	53	45	45	53	46	45	48	38	48	43	50	42	51	51	38	46	46	51	49	44	43	45	60	41	45	47	52	46	47	41	48	39	44	46	50	54	37	52	50	46	58	60	48	55	46	53	59	43	44	58	57	38	56	46	58	51	45	41	46	41	44	48	46	43	41	53	44	36	47	39	45	58	47	51	49	45	60	41	47	49	48	57	44	47	44	47	44	44	47	52	51	45	44	43	52	51	61	54	46	44	37	52	56	48	56	48	41	46	45	53	53	45	44	48	44	49	44	51	44	46	45	49
2024.17205075403	39	29	39	29	31	23	36	33	36	35	32	39	33	30	35	33	32	28	36	25	37	41	37	37	37	36	35	42	37	37	30	39	32	31	36	36	28	29	37	35	34	33	36	41	31	45	32	35	40	39	36	33	34	36	34	35	36	36	31	32	34	35	32	35	40	43	28	31	36	32	37	34	31	31	35	33	36	35	33	38	37	36	34	35	33	29	36	35	40	33	33	35	34	40	37	37	33	42	34	34	36	41	34	32	33	37	32	33	31	28	32	29	26	29	31	39	40	43	34	28	34	26	26	34	37	34	30	35	31	34	37	40	39	33	40	34	31	32	34	36	37	32	30	30	33	42	35	38	36	36	34	29	31	36	31	32	30	31	29	35	36	35	41	23	31	36	25	37	28	31	29	34	28	36	33	37	43	39	40	36	38	33	28	38	32	28	26	28	28	38	31	37	37	34	31	37	33	32	33	32	31	34	37	28	28	30	39	32	35	32	34	31	35	36	34	35	30	35	34	31	41	32	32	31	28	36	37	36	35	37	32	36	26	33	38	34	28	38	39	28	28	34	35	31	35	32	36	29	35	35	31	36	40	36	38	39	35	33	31	35	35	36	30	30	37	43	38	33	36	37	41	36	28	47	34	35	35	34	41	36	34	36	32	40	31	37	35	38	43	28	30	34	37	41	34	33	35	31	29	33	35	34	42	39	37	34	33	35	35	33	26	37	38	35	37	32	36	35	37	34	26	33	35	38	39	39	32	39	28	31	32	34	37	36	30	31	30	33	33	36	38	34	33	33	31	30	36	35	34	33	36	41	30	31	32	30	29	39	44	35	33	41	39	25	36	35	28	40	38	35	39	33	32	37	36	29	38	31	23	36	33	31	39	33	36	33	36	29	31	34	34	31	30	39	34	33	35	34	37	36	32	33	36	35	37	39	41	34	29	31	35	30	41	40	33	35	31	34	33	32	31	37	26	33	41	29	47	36	36	37	33	43	35	40	36	34	35	34	36	32	34	36	35	26	36	33	34	29	32	35	43	35	43	34	30	36	34	31	41	32	38	39	33	33	34	33	32	35	39	38	37	33	32	31	31	36	41	33	31	31	39	35	37	37	34	42	34	28	28	29	36	33	31	31	45	36	35	30	33	40	35	25	35	36	32	29	31	39	34	31	29	31	35	37	41	30	36	36	25	32	33	43	33	36	33	41	39	35	35	39	36	37	31	34	35	33	37	36	34	39	39	37	30	42	33	34	32	34	36	33	35	34	33	34	31	36	30	34	37	34	29	36	29	36	31	34	41	34	27	34	35	42	29	36	30	40	35	34	36	37	31	36	39	31	38	41	32	30	32	31	36	25	38	30	32	36	36	30	31	34	38	31	37	37	30	47	33	30	33	33	39	31	33	30	25	28	36	30	33	32	38	39	38	34	30	38	35	30	35	30	34	31	34	37	37	40	30	33	32	30	30	36	34	36	38	31	39	30	35	33	34	38	31	40	34	41	37	44	40	30	42	32	31	32	29	26	32	30	32	33	32	35	30	30	32	33	34	41	33	31	35	31	34	32	26	40	37	29	34	31	39	37	31	31	30	23	29	35	33	39	36	33	33	35	32	33	31	31	33	30	31	26	35	33	31	32	37	32	29	35	36	33	33	32	30	35	35	35	34	35	33	35	31	34	36	34	37	34	30	33	35	30	36	32	38	31	32	34	31	31	31	29	29	38	36	31	30	29	28	28	29	32	33	30	39	33	38	34	38	34	33	37	31	32	35	35	33	35	26	37	36	29	30	35	42	36	36	28	37	29	38	38	40	28	30	33	35	35	36	42	28	34	26	39	38	39	32	31	32	29	29	40	28	42	33	31	35	39	33	28	35	31	31	29	35	33	35	41	36	36	31	36	29	36	33	32	37	34	36	31	32	34	35	40	30	34	43	39	35	33	30	34	28	37	37	34	34	38	41	34	36	35	34	34	34	30	31	45	36	39	35	37	28	37	35	39	40	35	35	31	36	39	31	30	36	35	31	33	32	30	33	34	26	39	37	29	35	31	29	35	41	30	31	31	38	29	34	33	32	29	37	37	34	36	26	39	33	37	38	44	35	28	33	36	37	31	27	39	33	35	34	31	38	25	31	30	29	30	34	34	32	34	28	40	33	30	36	30	36	38	28	36	32	35	39	32	35	35	30	37	33	28	31	28	33	30	33	38	38	34	29	31	32	35	43	39	40	31	29	34	34	35	41	33	32	30	34	40	36	29	32	39	30	30	31	32	31	28	29	31
2024.18176895974	38	28	35	28	32	25	25	32	31	32	31	28	30	25	29	33	28	25	27	25	34	28	33	35	28	30	30	31	32	30	28	28	27	29	27	34	28	25	34	30	33	24	24	30	28	33	28	32	39	28	30	31	27	28	31	30	31	25	25	29	31	37	31	34	30	36	30	28	36	37	29	30	28	28	33	25	28	34	28	24	33	25	30	28	30	25	33	33	36	29	28	29	35	37	25	25	27	31	28	28	31	30	33	25	29	29	28	33	30	30	28	31	28	31	25	28	28	29	33	24	37	28	25	30	36	30	28	31	22	28	33	35	36	27	28	22	27	29	27	24	33	27	28	28	28	27	30	31	35	32	31	28	28	31	28	22	28	25	28	26	28	28	31	22	30	27	28	29	25	22	26	33	25	34	30	28	36	29	36	31	31	27	22	33	31	30	28	33	28	34	30	31	37	30	25	28	33	28	25	28	28	30	38	25	25	22	36	31	37	28	31	28	28	29	27	30	31	33	28	28	33	29	31	28	27	34	32	32	26	30	34	33	22	30	31	31	25	34	36	29	25	35	28	30	31	27	33	25	31	26	28	33	31	32	34	33	33	32	25	27	32	31	33	31	30	36	32	28	27	27	33	33	25	39	22	28	27	31	36	33	33	34	31	30	31	27	33	34	29	25	29	31	31	28	28	35	28	24	25	28	28	28	37	32	28	25	28	27	38	32	28	34	30	24	25	26	36	30	28	31	22	30	34	26	31	34	26	28	28	31	30	32	35	34	24	24	25	33	28	25	36	29	33	25	25	26	36	37	26	22	24	37	25	30	25	22	28	31	39	32	28	39	32	27	24	28	27	30	36	31	38	25	31	30	31	26	34	30	25	33	30	28	34	33	33	30	28	25	27	34	30	33	31	35	30	30	28	34	33	32	26	29	30	30	27	31	33	22	28	28	34	31	29	37	28	31	30	27	31	25	24	33	25	32	29	25	39	29	31	25	33	31	34	30	30	27	31	32	25	29	33	25	31	22	28	28	30	28	29	34	32	30	36	22	28	33	31	22	31	31	30	37	29	30	28	29	29	33	35	26	29	30	31	22	25	30	33	34	31	27	28	26	25	33	34	32	31	33	28	25	29	29	28	25	33	30	32	24	31	39	27	22	28	30	30	25	25	31	28	28	28	22	30	30	37	27	37	31	28	28	27	36	27	27	32	34	27	28	30	26	31	34	25	28	28	31	28	32	28	38	29	36	24	31	32	25	26	25	32	33	31	25	31	28	29	24	31	28	36	32	28	31	25	24	32	31	29	30	22	31	31	37	28	28	22	31	27	31	30	30	26	35	31	25	29	39	31	31	28	31	28	27	34	28	27	32	31	25	33	34	32	24	36	36	24	39	31	24	22	26	31	28	33	28	25	25	32	27	28	29	30	25	34	30	22	36	30	26	31	30	25	33	27	36	31	36	27	30	30	25	22	25	30	25	36	25	27	25	32	31	31	31	33	30	31	36	30	41	36	27	24	25	25	28	28	25	29	28	31	33	31	28	27	31	29	33	31	29	24	30	30	25	30	29	25	29	28	25	28	28	32	36	25	32	33	25	25	31	29	34	24	29	32	31	31	29	24	28	27	28	28	25	27	30	30	31	26	37	31	36	33	35	30	29	22	31	28	30	28	27	27	31	28	31	30	33	38	32	29	28	31	31	33	31	34	25	26	28	25	29	25	28	28	22	28	30	22	28	25	26	26	29	33	29	34	28	34	31	30	25	22	33	22	31	28	28	30	38	25	28	25	28	28	34	27	31	35	27	32	24	34	30	28	29	28	28	31	31	28	39	28	37	25	27	32	34	28	31	29	28	28	28	25	24	27	28	34	31	25	25	30	33	24	25	31	29	31	36	36	36	31	30	28	25	27	25	28	31	28	30	25	31	32	28	28	28	29	32	28	29	25	30	22	36	32	28	33	26	33	31	31	24	30	27	28	30	28	35	30	37	28	24	30	28	33	34	36	31	38	28	25	33	29	29	27	31	25	27	26	25	27	27	22	28	33	28	30	33	28	31	34	34	25	28	30	25	28	28	27	25	31	35	33	31	25	29	32	30	26	33	32	28	30	33	32	28	22	26	30	31	32	30	30	25	25	31	28	25	28	28	29	30	27	34	28	27	32	28	34	30	29	30	29	28	34	27	30	28	27	38	30	33	27	25	25	28	29	26	32	31	28	28	31	33	36	28	35	28	31	30	32	27	31	32	27	31	32	39	25	25	26	31	28	33	25	30	28	28	25	22
2024.19148716545	35	21	28	27	26	24	21	29	21	26	29	29	27	24	26	26	24	26	27	24	31	24	23	28	26	24	29	28	30	24	26	29	23	28	24	31	28	24	28	24	29	21	21	24	26	31	29	29	34	26	24	29	24	24	28	27	28	24	24	24	26	31	29	28	24	34	29	26	30	29	26	21	24	26	29	21	25	31	29	21	23	21	27	27	31	21	30	28	29	24	31	26	30	30	24	24	25	28	26	24	23	24	28	24	24	21	23	29	24	29	24	26	24	26	23	26	26	25	28	24	31	26	27	26	29	28	26	29	21	27	28	33	29	25	26	21	29	26	27	21	31	24	23	26	24	27	24	29	30	26	26	24	26	26	24	24	26	24	24	24	27	26	29	21	24	24	26	26	26	21	28	28	26	29	28	24	27	28	29	23	28	24	21	26	27	29	24	27	24	27	26	26	33	26	21	23	28	26	23	24	24	27	29	24	26	21	32	26	34	29	28	24	29	24	21	24	26	28	23	26	27	26	26	23	26	27	25	27	24	29	26	29	24	31	28	28	24	31	29	27	26	30	27	26	26	26	30	24	29	24	26	30	26	27	27	29	29	29	21	26	29	23	30	28	27	27	29	26	24	24	27	30	24	30	21	29	26	29	34	26	29	29	29	24	26	29	28	31	25	21	24	28	22	24	23	32	26	23	21	24	26	28	30	27	24	24	31	26	34	24	26	28	29	23	21	27	29	27	23	26	24	28	30	25	26	28	25	26	24	26	26	27	32	27	28	21	26	26	24	21	28	26	26	24	21	24	30	31	25	21	21	31	24	24	27	24	31	28	29	28	29	36	27	24	21	29	26	23	28	26	33	23	29	29	26	28	29	26	24	23	24	26	32	24	23	23	27	23	29	26	26	29	25	26	28	23	24	29	31	29	23	26	23	26	24	28	26	21	21	26	31	28	26	29	24	26	28	27	29	24	23	28	27	25	26	23	30	25	28	21	28	24	27	24	29	26	26	30	21	26	29	26	25	21	26	31	23	27	26	29	30	27	34	30	24	27	26	21	26	26	26	29	24	27	23	30	26	28	28	24	21	27	29	21	26	30	27	29	26	27	24	27	23	27	26	27	29	29	27	23	24	27	27	23	31	29	26	27	28	34	26	24	24	29	21	21	24	27	26	24	29	21	29	27	32	24	28	28	26	24	24	27	24	24	26	24	23	29	29	24	28	28	24	23	24	23	24	30	24	29	24	31	27	28	30	27	24	24	25	29	25	24	23	25	28	24	27	24	29	27	27	27	27	21	26	23	26	25	21	29	31	26	21	24	24	26	26	28	28	24	24	28	26	26	28	28	26	28	24	28	26	24	27	26	24	30	23	24	29	29	27	21	29	27	27	30	29	28	21	26	28	26	28	26	24	23	27	24	26	24	21	23	28	27	24	28	28	25	29	26	27	29	24	29	26	29	25	28	21	21	24	21	24	24	29	23	26	26	27	23	26	27	29	24	26	34	29	32	29	24	21	24	21	24	26	26	25	24	26	28	26	29	29	26	26	24	28	24	24	24	27	21	28	25	23	26	26	27	21	26	27	25	21	27	30	24	24	25	26	31	21	24	29	28	29	24	23	26	25	26	27	21	27	28	26	21	30	29	29	36	23	29	23	26	24	27	29	29	21	26	24	29	26	26	26	29	29	26	35	26	27	25	30	26	33	24	23	24	26	28	24	29	24	24	29	24	24	27	24	24	28	26	28	35	27	31	27	26	28	24	21	23	24	26	25	27	24	31	26	27	21	21	26	29	27	26	30	29	25	25	28	28	24	27	26	24	26	29	24	36	24	31	27	27	29	26	21	27	26	21	24	26	21	21	24	28	24	29	23	21	26	29	21	21	26	30	29	28	29	33	28	26	26	26	24	24	24	28	24	26	27	29	29	26	23	25	25	27	26	26	24	21	24	29	30	28	28	23	27	27	23	23	26	26	26	24	31	30	26	32	25	25	26	26	28	32	24	29	31	21	26	26	28	27	26	29	24	24	24	24	25	30	21	26	32	21	24	30	31	26	24	32	24	24	26	21	26	26	24	23	26	29	29	23	27	27	26	26	21	28	28	27	26	25	29	23	21	24	28	29	26	26	21	24	21	27	24	24	23	25	24	26	26	30	24	29	29	26	29	21	27	24	29	24	31	24	24	25	24	34	28	27	24	27	24	26	27	23	29	29	21	23	27	29	29	24	33	26	26	26	26	26	29	28	24	26	21	34	21	21	27	26	24	30	27	24	24	24	21	21
2024.20120537116	23	18	19	17	19	17	15	20	15	22	22	20	18	15	17	23	18	17	19	17	22	17	15	20	19	18	20	19	22	17	17	20	18	23	20	24	19	25	22	17	25	18	15	17	17	20	25	17	20	17	18	24	18	17	19	21	21	17	20	17	19	24	22	19	15	26	19	17	17	22	20	15	17	17	18	15	17	22	22	15	15	15	20	19	20	15	15	23	20	17	22	17	19	19	17	17	20	19	19	17	15	17	19	17	17	15	15	20	17	22	18	20	20	20	17	18	17	17	19	17	24	19	20	19	23	19	19	25	15	20	20	22	22	20	19	18	23	17	20	15	22	17	15	19	18	20	17	21	18	17	24	17	22	19	17	18	19	17	17	17	15	20	22	18	17	20	22	20	18	15	20	21	19	22	19	17	20	15	20	20	19	17	15	17	18	19	20	20	17	20	20	17	25	19	15	15	22	15	15	17	18	20	22	17	18	15	20	20	24	25	17	17	21	17	15	17	17	23	17	22	18	18	17	18	19	20	17	19	17	20	20	26	17	20	19	20	17	25	22	17	19	19	19	20	19	19	17	25	25	17	17	17	17	17	20	22	18	17	15	20	21	17	19	19	20	20	22	17	17	20	18	18	17	19	18	20	17	20	23	17	17	22	23	15	17	25	21	25	17	21	17	20	15	17	15	25	20	15	15	18	20	24	20	15	17	18	22	17	24	17	19	19	19	17	15	17	23	21	15	24	17	20	23	17	17	19	20	17	17	17	19	20	17	20	20	18	19	23	18	18	20	19	23	17	15	17	17	24	17	20	15	19	17	17	20	17	20	17	19	17	22	19	17	17	15	20	19	17	20	19	22	15	20	20	19	20	22	15	17	15	17	17	21	18	15	20	23	20	23	20	19	23	20	20	23	15	15	19	22	22	15	19	17	18	20	17	15	18	18	15	22	19	17	20	18	17	19	20	24	17	15	20	20	17	17	20	19	20	17	15	22	20	18	17	22	15	17	20	15	19	17	19	18	15	20	22	15	20	19	18	17	20	26	23	17	19	17	15	17	15	19	20	17	17	15	20	19	21	17	17	15	19	23	15	18	21	18	22	17	23	15	20	15	19	20	19	15	22	20	20	17	19	20	17	20	22	22	20	21	20	22	17	17	22	15	15	15	18	19	17	21	15	22	20	23	17	19	19	22	17	17	20	17	17	17	15	15	21	20	17	21	19	17	17	17	15	17	21	20	17	17	27	20	19	19	20	20	15	15	20	18	17	15	20	23	20	19	17	19	20	15	20	20	15	19	17	17	15	15	15	22	17	18	17	17	17	17	20	19	17	20	20	17	18	19	19	20	19	17	22	18	17	20	19	17	21	17	17	20	19	20	18	23	20	20	19	24	20	20	17	17	17	17	19	17	18	19	18	19	17	15	15	19	20	17	20	17	20	25	19	20	23	15	23	18	20	17	19	15	18	17	15	17	21	22	15	17	19	22	15	17	23	20	15	17	23	20	22	20	18	18	17	21	19	19	21	17	17	17	22	15	21	22	17	19	18	19	15	21	21	21	15	22	17	15	19	19	20	15	15	15	17	15	17	19	17	19	18	19	23	15	17	17	19	23	17	15	17	20	19	20	15	17	17	18	15	22	22	22	24	15	22	20	17	17	20	21	18	15	17	17	20	17	19	17	25	22	17	25	15	20	20	21	20	26	21	15	17	18	23	17	23	20	17	20	17	20	15	20	22	20	19	22	25	20	22	20	19	17	18	21	15	18	17	19	20	17	22	21	20	15	18	17	20	20	19	18	20	17	17	19	17	15	17	19	18	17	17	17	24	17	24	20	20	22	15	15	20	20	18	17	17	21	18	17	21	17	23	15	21	18	20	18	21	19	20	20	17	23	26	22	17	19	19	17	17	17	17	17	20	20	15	21	17	15	20	17	15	20	19	17	15	17	19	20	25	19	15	18	23	15	17	19	15	17	17	24	22	17	23	19	17	19	19	23	21	17	17	20	15	19	17	23	20	22	22	17	17	20	17	20	25	15	17	24	18	17	21	20	17	15	22	20	15	19	15	17	17	17	20	19	22	17	20	20	17	17	17	18	18	17	20	22	15	19	17	15	17	19	22	17	15	15	17	15	19	17	15	17	20	17	19	19	21	22	22	22	19	22	15	17	18	17	17	23	15	17	19	17	23	19	20	17	21	20	17	22	15	22	20	18	17	18	18	22	15	22	17	19	19	17	20	22	21	15	17	15	20	15	21	17	17	17	19	18	17	17	17	21	15
2024.21092357687	14	17	20	19	22	22	17	25	17	19	16	23	20	14	22	19	17	16	18	21	17	14	17	19	21	20	22	17	17	23	19	23	23	20	20	23	24	23	20	17	23	17	14	22	14	20	22	22	16	22	20	21	17	19	19	20	17	18	24	16	17	19	20	21	17	23	21	14	19	21	17	20	17	20	14	17	17	17	16	17	17	14	19	22	21	14	17	17	20	14	19	22	18	16	20	14	19	17	20	19	20	22	23	19	14	20	17	19	17	19	17	20	19	20	17	23	20	20	23	19	21	19	19	20	20	21	20	22	20	22	17	20	16	19	20	20	22	24	22	14	22	17	17	19	17	16	19	17	20	21	20	16	21	17	17	20	19	20	16	17	14	22	19	20	16	20	20	17	23	20	23	18	23	19	19	16	23	17	20	23	21	20	20	17	17	21	19	24	19	24	17	22	24	16	14	14	22	14	14	20	20	14	22	16	23	20	17	17	22	22	17	17	20	19	20	19	19	17	20	21	19	17	19	20	19	21	17	22	17	19	17	23	19	21	21	17	19	22	16	22	23	16	22	17	21	18	17	23	22	17	20	17	19	19	24	15	14	19	20	22	22	17	21	22	20	23	22	17	19	19	19	20	19	19	20	24	16	20	20	17	19	19	20	17	19	23	24	22	20	23	21	17	17	14	17	23	22	17	17	17	22	21	20	17	20	20	19	19	22	16	19	18	19	14	20	19	20	20	14	20	19	23	20	19	16	19	22	22	21	19	18	21	14	21	19	17	16	19	17	17	19	20	19	19	14	19	19	19	22	21	14	17	19	21	22	21	24	17	17	19	16	20	21	16	14	20	19	20	19	21	19	14	22	22	14	23	19	17	22	20	17	20	19	20	20	19	24	23	22	22	20	23	22	17	20	17	17	18	22	23	14	16	23	20	19	17	17	20	17	20	17	22	19	22	17	19	21	19	20	22	17	17	19	16	19	23	19	22	20	20	24	17	17	16	23	17	19	16	14	19	19	17	17	14	22	19	17	20	20	20	19	17	23	22	20	22	20	20	15	20	16	14	16	18	17	24	20	24	20	14	20	18	20	20	20	20	19	19	19	22	17	22	17	20	22	16	14	22	24	17	19	19	17	17	20	23	19	19	22	16	19	19	20	23	20	17	17	17	20	17	20	17	22	20	17	21	18	14	20	20	14	23	16	19	19	20	23	20	22	19	17	18	20	20	20	14	19	21	22	19	19	24	19	17	21	20	23	17	17	19	17	19	14	18	20	22	24	20	17	21	17	14	18	14	22	17	19	17	17	14	19	14	20	19	21	19	19	20	19	23	24	20	17	20	19	19	20	22	21	22	17	16	19	19	17	21	17	19	16	18	24	17	20	19	19	19	20	19	21	24	17	20	19	19	21	20	22	17	20	19	17	17	20	17	21	19	19	19	22	22	20	23	17	20	17	20	19	21	20	17	22	14	17	23	19	20	19	16	20	14	20	22	22	17	20	20	19	21	20	17	20	16	23	21	17	23	19	20	19	24	20	20	22	19	20	20	19	17	23	23	20	20	17	17	20	20	21	18	17	17	17	23	14	19	21	18	20	17	16	24	14	16	19	17	20	16	17	16	19	19	22	14	16	17	20	14	23	21	23	25	20	22	19	24	22	20	20	23	14	19	16	19	14	14	21	23	22	16	22	20	20	22	17	20	22	23	14	19	20	20	19	23	23	16	20	17	22	17	17	21	23	20	22	22	16	19	19	14	16	20	20	17	20	19	20	27	17	19	23	17	17	17	19	17	16	14	20	19	17	19	20	16	17	22	19	17	19	16	21	21	19	21	19	23	22	14	17	22	25	17	16	20	23	20	19	23	18	20	14	23	20	16	17	20	21	24	19	14	20	19	22	20	16	17	16	19	16	20	20	17	22	14	22	20	17	18	20	17	22	19	19	20	19	17	20	20	23	17	19	19	20	14	20	17	18	22	22	23	21	20	20	19	18	21	17	19	14	16	22	17	17	20	20	17	19	19	16	14	23	19	19	23	14	22	25	17	19	18	24	19	20	22	24	14	16	14	18	17	17	23	20	19	19	23	19	19	19	14	17	23	19	24	20	23	21	20	20	19	21	19	16	17	17	21	17	24	16	14	20	18	16	16	19	20	23	22	23	19	19	17	19	20	16	17	24	20	17	20	21	24	19	24	20	20	17	19	22	17	22	20	20	20	17	14	24	17	20	20	26	20	16	22	19	16	20	19	14	16	20	20	19	17	20	21	20	14	17	19	20	23
2024.22064178258	17	17	20	18	17	17	17	20	17	20	14	23	17	17	17	17	17	21	21	17	17	20	20	16	17	20	19	20	17	20	14	23	20	14	20	17	21	20	20	20	20	20	17	17	20	17	19	19	16	17	20	17	20	20	20	20	20	18	20	14	17	14	14	17	20	20	18	17	16	18	14	17	14	17	14	20	19	14	18	17	20	14	17	17	20	19	17	17	19	17	19	17	20	20	17	14	16	20	20	21	17	17	20	17	17	22	14	17	17	18	17	17	20	17	19	22	17	17	20	16	14	20	19	20	17	20	20	17	22	19	14	17	17	16	17	20	20	22	19	17	20	19	17	20	20	16	14	17	17	21	20	17	20	17	14	20	20	20	14	17	14	20	16	20	20	20	17	14	20	20	20	20	21	14	19	14	22	17	19	20	17	20	20	14	17	18	20	17	20	20	17	17	18	17	17	17	19	14	17	17	20	14	16	20	20	20	20	17	17	19	14	19	17	19	20	14	17	17	17	19	17	17	20	17	16	17	17	21	17	16	20	25	19	20	17	17	23	17	17	20	21	18	17	17	17	20	20	20	17	17	20	20	14	16	20	17	14	14	20	21	19	17	14	20	17	22	20	14	18	19	17	20	23	17	20	20	14	17	17	17	14	14	19	20	14	22	22	17	17	22	17	17	17	20	17	17	20	17	17	22	20	20	20	17	22	20	19	17	16	17	20	20	19	17	17	21	14	20	17	20	19	20	17	18	17	21	21	17	21	14	14	18	14	17	21	20	16	17	20	20	17	20	17	14	17	14	16	14	20	23	17	14	14	21	18	21	21	20	17	18	18	17	18	17	17	20	16	17	17	17	22	17	17	16	17	20	16	14	17	17	17	20	21	17	17	21	21	22	20	20	20	20	17	20	20	20	17	17	20	20	17	22	20	20	19	20	17	20	17	20	14	20	16	14	17	20	21	19	17	20	17	14	20	20	16	22	17	19	20	17	20	20	17	21	20	17	20	16	14	21	14	20	20	17	17	19	14	20	19	20	18	19	20	21	17	19	20	20	17	23	21	17	18	18	17	21	19	22	20	20	22	21	19	22	22	16	17	14	14	17	17	21	14	17	20	16	14	20	17	20	19	17	14	19	17	20	20	19	22	16	17	16	17	20	20	17	17	17	20	14	19	17	19	17	20	20	17	17	17	17	14	22	21	18	17	20	20	17	19	14	20	20	20	17	17	14	17	20	20	18	18	18	19	20	21	20	20	17	19	17	20	17	14	14	14	21	21	20	19	18	14	17	18	17	17	17	16	17	14	14	20	20	20	20	21	14	20	17	21	20	21	14	14	22	16	14	14	20	17	19	17	17	17	20	19	20	17	14	17	17	21	20	17	17	19	17	17	21	23	21	20	20	14	20	17	17	21	17	20	20	14	14	20	14	21	17	16	19	17	20	20	20	14	17	20	19	19	19	20	17	19	14	17	20	18	20	18	16	20	14	20	19	20	20	20	17	16	19	19	17	20	18	20	18	19	20	14	17	20	20	23	17	19	14	19	17	20	20	22	20	20	17	14	14	20	20	17	18	14	17	17	20	17	20	14	17	20	20	22	20	17	18	14	14	19	18	17	17	16	20	17	17	18	17	20	14	20	18	17	22	17	14	21	22	19	17	17	20	14	17	21	16	20	14	17	20	16	20	19	17	17	17	17	14	22	20	17	21	22	14	20	20	20	21	20	17	19	14	20	17	20	19	19	19	14	19	17	14	21	20	20	20	17	20	20	22	17	14	20	17	17	17	14	19	16	17	17	17	17	21	20	21	22	20	20	22	20	14	23	17	17	14	19	20	20	20	20	14	20	17	17	17	22	20	21	20	20	20	17	22	20	17	20	17	17	21	16	17	14	14	19	22	17	20	21	17	14	17	17	17	23	14	19	17	17	14	17	17	20	17	14	17	16	19	17	17	20	20	17	16	17	17	20	17	22	17	19	20	17	17	20	21	21	17	17	21	14	14	18	20	20	20	14	17	16	14	16	14	20	14	16	20	17	17	18	17	14	20	21	20	20	17	20	17	21	19	22	14	19	22	20	14	14	20	20	18	17	14	17	20	18	17	17	20	17	20	20	14	19	14	20	14	14	17	17	21	17	17	17	14	14	17	16	17	20	19	20	20	14	14	18	20	18	20	20	20	20	20	20	17	19	17	17	20	17	14	19	20	20	17	20	20	17	14	21	17	17	17	20	20	20	21	16	16	20	17	20	16	20	17	21	14	17	14	20	14	19	17	17	20
2024.23035998829	14	17	17	15	16	17	17	17	17	19	14	19	14	14	14	14	14	17	19	17	14	19	17	16	11	14	14	19	16	17	11	19	17	14	17	16	19	17	16	17	19	19	19	14	19	14	17	18	13	17	14	14	17	17	17	11	17	14	17	17	17	14	14	14	17	16	17	14	14	14	17	17	17	17	14	17	19	17	16	19	17	16	16	14	19	19	17	16	16	17	19	14	19	17	17	14	17	19	17	18	17	14	17	14	17	19	14	14	14	17	14	14	17	14	19	19	14	17	17	16	14	17	14	17	16	19	19	16	19	17	14	17	16	17	17	19	17	19	11	19	16	19	17	19	17	17	14	14	17	17	17	17	17	17	17	17	19	17	14	17	14	17	15	17	17	17	17	17	19	19	16	17	17	11	18	17	19	17	16	19	14	17	19	14	18	17	17	14	19	17	17	17	14	17	17	17	17	11	17	17	17	14	14	19	19	17	14	14	14	17	14	19	13	17	17	14	16	16	19	17	17	16	17	17	17	14	19	17	17	11	14	17	17	19	14	19	20	19	16	19	17	14	14	17	17	14	17	17	16	17	17	17	17	11	17	14	14	14	17	17	17	16	17	17	14	19	16	17	17	17	17	14	20	19	19	14	14	14	14	14	14	11	16	17	11	18	17	19	17	19	19	19	14	19	14	14	17	17	14	17	17	14	19	14	19	16	19	17	16	16	17	17	17	17	17	19	14	11	17	17	17	17	16	17	17	17	19	17	17	11	14	14	17	14	17	17	17	14	17	17	19	17	14	14	17	11	14	14	17	20	19	14	11	17	14	17	17	19	14	17	16	16	14	17	19	16	17	19	19	17	22	17	17	14	17	16	14	17	17	14	19	17	19	14	14	20	14	19	17	19	17	11	14	17	19	19	17	17	16	14	17	20	19	19	17	19	17	19	17	17	17	17	17	14	17	17	19	14	16	19	17	14	14	17	17	19	19	17	19	17	19	17	14	18	14	17	17	13	16	17	14	19	17	14	17	19	14	14	17	14	15	16	16	14	17	17	19	19	17	22	19	17	16	14	14	15	17	17	17	17	19	17	16	19	19	17	17	14	11	16	14	15	14	17	19	14	14	18	14	19	17	17	14	19	14	14	19	14	19	13	19	17	19	14	19	14	17	16	17	14	14	17	14	14	17	19	16	17	17	17	14	19	17	17	17	19	17	13	14	14	17	17	17	19	19	14	16	17	17	17	14	16	14	19	17	16	19	17	16	14	17	17	14	14	14	17	19	17	16	14	14	14	14	19	16	19	17	17	17	14	14	17	17	17	17	17	17	14	19	17	17	11	14	19	14	11	11	17	16	17	16	17	17	19	19	17	16	17	14	17	17	17	16	14	14	19	16	17	20	17	19	17	14	17	17	17	17	17	19	17	11	16	17	16	17	19	14	19	16	20	16	11	17	16	19	16	17	17	19	17	17	16	17	17	14	19	16	17	19	14	19	17	14	17	19	14	11	16	16	17	19	19	19	16	16	19	14	17	17	19	22	13	18	17	17	14	17	17	19	17	11	14	17	17	19	19	11	14	14	17	14	19	17	17	17	17	19	17	20	14	19	16	14	17	16	16	17	14	17	17	14	14	17	14	17	14	17	14	14	19	14	16	20	19	17	14	13	16	17	17	17	14	17	14	17	19	14	17	14	17	14	14	14	11	17	14	17	18	19	14	17	14	17	17	14	14	19	14	17	17	16	17	17	14	11	19	17	14	17	16	19	17	14	17	19	19	19	14	19	14	17	17	11	16	17	17	17	14	19	17	17	17	19	19	17	17	17	16	19	14	17	14	14	14	16	17	19	11	19	17	17	14	19	19	17	17	19	17	17	19	19	14	17	14	17	15	14	17	14	11	17	19	17	19	17	14	17	17	17	17	17	14	17	14	17	14	17	14	17	17	11	17	11	16	16	14	17	17	17	14	17	17	17	17	19	17	14	16	17	14	19	17	19	11	16	19	19	16	14	17	19	19	14	14	11	17	17	14	19	11	17	16	14	17	15	17	14	17	17	17	19	16	17	14	19	19	19	17	19	19	17	14	14	19	14	17	17	17	14	19	17	14	17	19	17	17	19	14	17	17	17	17	11	17	17	19	17	14	19	14	17	17	17	11	17	18	14	17	11	11	17	14	14	17	14	17	17	19	19	14	18	14	17	13	17	11	19	17	16	14	17	17	18	14	17	14	17	17	17	17	17	17	15	14	17	16	17	13	17	14	19	14	17	17	17	17	19	17	14	17
2024.240078194	19	19	19	16	19	19	19	19	19	18	16	22	16	19	19	17	19	19	19	19	16	19	19	16	17	17	16	19	16	19	19	22	19	15	19	16	19	13	16	19	15	19	19	19	19	16	16	19	15	19	17	14	16	19	19	14	19	19	19	19	19	16	16	19	19	14	19	19	19	16	18	19	19	19	19	19	19	18	16	19	19	19	16	19	16	19	19	16	16	19	16	19	19	19	19	19	18	19	19	19	19	19	17	19	19	19	19	16	16	16	19	16	16	16	19	19	19	19	17	19	16	19	16	19	15	19	19	16	19	16	16	19	16	18	19	19	15	19	16	19	16	19	19	19	16	19	16	14	17	19	14	19	18	17	19	16	19	19	19	19	16	16	19	16	19	19	18	18	16	19	16	19	19	16	19	19	19	19	16	19	16	19	19	19	18	19	16	16	19	16	19	19	16	19	19	19	16	16	19	19	19	16	16	19	16	19	16	16	16	16	19	19	15	19	19	16	16	16	19	19	19	16	19	16	19	16	19	19	19	15	16	14	19	16	16	16	22	15	16	19	19	16	19	19	19	19	19	13	16	19	19	19	19	16	16	16	19	16	19	18	19	19	19	19	16	19	16	19	19	18	19	17	22	19	19	16	19	16	16	19	16	16	15	19	16	13	19	15	19	17	19	16	19	19	16	13	16	19	19	17	16	17	16	16	19	18	16	19	18	19	19	19	19	19	19	19	16	14	19	14	19	17	15	19	19	19	16	19	19	16	19	16	19	16	16	17	19	17	16	19	16	17	17	19	19	19	19	16	19	16	19	19	19	19	16	19	16	19	19	16	16	19	16	19	19	16	19	19	16	19	19	19	16	19	19	16	16	19	19	16	19	19	19	16	16	16	16	19	15	19	19	14	19	17	15	19	19	17	16	16	19	22	19	19	18	19	19	19	19	19	18	19	19	19	19	19	17	19	14	19	19	16	16	19	19	19	19	16	19	19	16	18	16	19	16	19	19	16	19	19	16	17	16	19	19	16	19	16	19	16	16	16	14	15	19	19	19	19	19	22	19	19	19	16	16	16	19	19	19	19	19	19	15	19	17	19	19	16	16	15	19	16	19	19	19	16	19	18	16	17	19	19	16	19	16	16	18	16	19	15	19	19	19	16	19	19	19	16	19	16	14	19	16	16	17	19	16	19	18	19	19	19	19	19	19	19	19	15	16	19	19	19	19	19	19	16	19	17	19	19	16	18	16	19	19	16	16	19	19	16	16	19	16	18	15	16	19	19	20	16	16	16	16	19	19	19	19	19	19	19	16	19	17	19	19	19	19	17	19	19	16	16	16	17	19	16	16	19	16	16	18	19	19	19	19	17	19	19	16	17	16	17	15	16	16	19	14	16	16	19	19	19	19	19	19	19	19	16	19	19	16	19	19	18	19	16	16	19	16	22	16	14	19	15	16	16	19	19	19	19	19	19	19	16	15	19	16	19	14	16	19	15	16	19	19	16	15	17	16	16	16	19	15	19	19	14	16	19	19	16	22	15	16	19	19	16	19	19	17	14	14	19	19	19	19	17	17	16	19	19	16	19	19	19	19	19	17	16	22	17	19	19	16	19	15	19	19	19	18	19	16	19	19	19	16	19	17	16	16	20	16	16	16	19	19	19	15	16	19	19	19	16	19	16	19	15	16	19	15	19	19	19	14	16	19	17	19	19	17	15	19	16	16	19	16	16	16	16	18	16	16	19	16	15	16	16	19	16	19	18	17	19	16	19	19	19	19	16	14	16	19	19	19	16	19	19	17	16	19	19	19	19	19	19	19	17	19	19	19	16	19	16	16	16	16	19	19	16	17	19	19	19	17	16	19	17	19	16	19	17	19	16	17	16	19	16	16	19	16	16	16	19	19	17	19	19	19	19	19	19	19	19	19	19	19	18	19	16	16	19	19	19	19	20	16	16	17	19	19	15	19	19	19	19	19	19	16	16	19	14	19	19	19	17	16	19	19	19	16	19	17	19	15	16	18	19	19	19	16	19	18	15	19	19	16	19	16	19	16	19	19	19	19	16	19	19	19	19	19	19	19	16	16	19	16	19	19	19	19	21	16	16	16	19	19	19	19	19	19	19	19	19	16	19	21	19	19	19	19	18	19	19	19	14	17	16	16	19	16	16	19	17	19	19	17	19	19	19	19	16	19	16	19	15	19	19	19	19	16	16	17	19	18	19	16	19	19	19	19	19	19	18	19	16	19	16	19	15	19	16	19	16	19	19	16	19	19	19	16	19
2024.24979639971	19	16	16	16	19	16	19	16	18	18	16	22	15	19	19	14	19	19	17	18	15	19	18	15	17	17	15	17	16	14	19	22	17	15	15	15	18	13	19	18	13	18	19	19	19	15	15	16	15	15	17	14	16	19	19	14	16	17	13	19	18	16	16	19	17	14	19	19	18	19	18	19	18	16	19	16	19	18	16	16	18	19	16	19	16	19	16	14	14	19	16	19	19	21	17	19	18	17	19	19	15	19	13	19	19	17	18	16	14	16	19	19	19	19	17	16	19	15	13	19	15	16	16	17	15	16	19	15	17	15	15	18	16	18	19	15	15	13	15	19	16	19	18	19	16	19	19	14	14	19	14	19	16	17	18	16	19	15	19	19	16	15	18	15	21	15	18	18	15	14	18	19	15	16	19	19	17	17	13	14	14	17	19	18	18	19	19	13	19	14	18	17	16	19	19	19	18	19	19	18	15	16	16	19	15	19	16	17	16	15	18	17	18	16	16	19	16	14	19	18	18	16	19	18	19	17	19	19	19	15	16	14	19	16	14	16	22	15	16	15	15	16	19	18	16	19	18	13	15	19	19	18	19	15	14	16	19	15	16	15	15	19	19	19	13	17	16	19	19	20	18	17	22	19	15	13	19	19	16	19	15	16	13	17	19	13	19	15	15	16	16	16	18	19	15	13	15	18	18	17	15	14	16	15	16	15	16	19	15	19	16	19	18	19	19	19	15	14	19	14	19	14	15	18	19	19	15	15	14	19	19	16	21	17	16	17	19	14	16	19	16	14	14	18	19	19	18	16	19	16	19	18	18	17	15	16	13	18	17	16	16	19	13	19	19	15	19	15	16	16	19	19	16	19	19	18	19	18	16	14	19	19	19	14	14	16	13	16	15	18	17	16	15	17	15	21	16	17	16	15	19	22	18	15	20	18	20	15	16	16	18	19	19	19	19	19	14	19	13	15	18	15	16	19	19	16	19	15	16	19	15	18	16	19	16	18	19	16	19	18	15	17	16	21	16	16	19	16	18	15	15	14	14	18	16	18	17	14	19	17	19	19	19	14	15	15	18	19	16	19	17	17	13	17	16	18	18	18	19	15	19	16	18	18	18	19	19	15	13	17	16	19	16	17	15	16	18	19	18	15	18	18	18	16	16	18	16	16	19	16	14	17	16	13	17	16	17	19	18	18	19	17	19	19	18	15	14	18	15	18	16	19	15	19	18	16	19	17	15	18	16	18	19	17	17	15	16	16	17	16	16	19	16	18	15	16	13	18	20	16	15	16	17	19	19	19	19	16	19	19	16	19	19	19	14	19	18	17	19	14	15	15	19	16	19	16	16	19	14	15	18	19	19	19	19	17	19	18	16	17	15	17	15	19	19	19	13	16	16	16	18	19	19	19	18	15	19	16	18	18	15	19	15	18	14	16	15	18	15	21	15	16	18	15	16	13	19	19	16	18	19	19	19	13	15	14	16	19	17	16	17	15	15	17	17	16	15	16	14	16	15	19	13	17	18	14	18	16	19	15	17	18	16	18	18	14	19	18	13	14	14	19	18	18	16	17	17	17	18	19	15	13	19	16	19	17	17	16	22	17	19	19	15	18	13	19	18	19	18	19	19	19	19	16	16	19	16	19	16	16	14	15	16	13	19	19	18	13	19	19	19	16	19	19	19	13	16	19	15	18	19	15	17	16	16	16	19	19	16	15	19	15	14	19	15	14	15	15	18	16	18	18	18	15	16	16	19	19	19	15	14	18	16	19	19	16	19	16	14	16	19	16	19	16	19	19	14	16	19	16	15	19	16	15	19	17	19	19	14	14	19	15	16	16	16	19	19	15	13	16	19	19	16	15	18	17	19	17	19	16	15	16	17	15	16	15	16	19	15	16	15	19	19	17	19	19	19	19	16	18	18	19	15	19	18	18	15	15	15	16	18	19	18	20	13	16	13	18	18	15	15	19	17	18	19	18	16	13	19	13	19	19	19	17	14	19	19	19	16	16	17	14	15	16	18	19	19	19	16	18	18	13	21	15	19	16	19	17	13	19	15	18	13	19	19	19	19	19	19	16	16	16	15	14	16	19	18	19	17	16	16	13	15	14	19	15	17	18	19	19	19	18	15	18	19	13	19	19	19	18	19	19	19	14	17	16	15	19	16	15	18	17	19	18	17	19	18	19	16	16	19	13	15	18	16	19	16	18	16	19	19	15	18	19	16	19	18	16	13	17	19	15	18	19	19	16	19	15	19	15	19	19	16	19	15	19	17	19	15	19
2024.25951460542	14	12	11	11	14	15	14	11	15	15	12	14	12	14	12	11	15	14	11	14	11	12	12	12	14	14	12	14	11	11	15	14	11	12	12	12	11	14	14	14	11	12	14	15	12	12	12	15	11	12	14	11	11	15	11	11	14	14	11	15	14	12	12	14	14	11	14	14	15	15	15	12	15	12	15	11	14	15	11	12	12	15	12	12	11	14	15	11	10	14	12	12	14	14	16	15	15	14	11	11	12	15	11	14	14	14	15	12	11	12	15	14	14	14	14	11	14	12	11	15	12	11	12	11	15	11	11	12	10	12	12	15	11	15	14	11	12	11	12	14	12	13	12	11	11	15	15	11	11	14	11	15	11	14	15	11	11	12	15	15	12	12	15	11	14	12	14	15	11	11	14	16	15	12	12	15	11	14	10	11	14	11	11	15	15	14	14	11	11	14	14	14	14	15	15	12	15	15	12	14	15	12	12	11	11	14	12	14	12	12	15	13	15	12	11	15	15	11	14	12	14	11	11	15	15	14	12	12	15	12	11	11	12	11	14	12	11	12	11	12	15	12	12	14	12	15	14	14	12	15	11	14	15	15	14	14	15	12	14	12	15	14	15	11	11	11	11	15	14	17	14	11	11	14	11	11	15	15	12	15	12	12	10	14	15	11	11	12	12	13	14	12	14	12	14	11	12	15	12	11	12	11	12	12	10	14	12	12	12	14	11	14	15	15	15	11	12	11	12	11	12	11	11	14	14	11	11	12	11	15	15	11	17	14	11	14	15	11	11	14	15	11	11	15	15	15	15	12	14	13	14	15	15	11	11	11	11	11	14	11	11	14	11	12	14	11	15	12	15	12	15	12	12	15	15	14	15	15	15	11	15	11	14	14	11	11	11	10	12	14	11	14	12	11	11	14	12	14	12	11	15	14	11	11	17	11	17	11	12	11	15	11	17	15	14	14	11	15	11	11	15	12	11	11	17	10	14	12	11	15	11	11	12	14	11	14	14	15	15	11	12	11	11	15	12	12	15	11	15	11	11	11	11	14	12	12	11	11	15	11	12	12	14	14	14	14	15	11	11	14	14	11	10	10	13	15	14	15	15	12	15	12	15	14	14	15	15	11	11	11	12	14	15	14	12	11	15	15	10	11	12	15	14	11	11	12	12	11	11	12	10	14	12	11	14	11	14	12	14	14	15	11	12	14	15	11	11	15	12	15	14	14	12	14	14	12	14	11	12	15	15	15	15	14	14	12	14	12	14	12	11	12	12	15	12	14	14	14	15	11	12	11	14	14	14	14	17	15	15	15	11	11	14	15	11	15	15	14	11	11	11	12	15	13	15	12	12	11	11	12	14	12	12	11	13	11	14	15	11	14	11	14	15	14	15	14	11	11	13	11	11	11	15	11	14	12	12	12	11	12	15	15	11	15	11	15	12	13	12	17	12	14	15	15	12	10	15	12	11	12	12	15	12	11	11	11	11	15	14	12	11	12	11	14	11	12	12	14	10	12	11	15	14	14	13	11	15	12	11	11	11	15	12	15	15	14	11	11	11	11	11	14	15	15	11	11	14	14	15	15	12	11	15	14	15	14	11	11	14	14	14	14	12	15	10	14	15	14	15	11	15	15	14	12	14	15	14	15	11	13	11	12	11	11	12	14	15	11	15	12	12	12	11	15	14	11	12	14	12	15	14	12	14	12	13	14	15	11	13	12	12	11	11	12	12	11	12	12	11	16	14	15	15	12	12	12	12	15	14	14	11	12	15	11	11	10	15	12	11	15	14	12	15	11	15	15	11	15	12	14	11	14	11	12	11	11	14	15	10	11	14	12	12	11	11	12	11	12	11	12	15	14	13	11	11	11	14	14	12	13	11	11	14	12	12	14	12	12	12	15	12	10	12	11	12	14	15	14	12	14	11	15	15	14	12	15	12	12	12	15	15	12	15	15	11	14	11	11	14	12	12	15	11	14	10	12	12	11	14	11	11	14	11	14	11	14	15	15	12	11	11	11	12	11	15	15	15	15	14	15	15	11	15	12	14	12	15	11	11	14	11	14	11	14	12	14	10	15	13	10	14	12	12	11	11	14	15	15	14	14	11	11	12	11	14	11	11	15	12	15	14	15	15	14	15	14	15	14	14	15	15	15	15	11	14	12	11	11	12	15	15	14	14	12	14	12	14	11	11	11	12	11	12	14	12	15	12	11	11	15	14	11	15	15	14	15	15	12	11	11	14	12	15	15	12	15	11	11	11	12	11	15	12	15	11	17	13	14	12	11
2024.26923281113	14	11	11	14	13	14	13	14	11	14	11	13	14	13	12	14	14	11	10	11	14	10	11	11	13	11	15	10	14	11	14	13	11	12	11	11	10	14	13	14	11	11	11	15	10	12	14	14	11	11	11	11	11	11	14	11	14	13	11	14	13	15	11	13	11	10	11	13	14	14	15	11	11	11	12	14	13	15	14	14	11	13	11	15	14	10	14	11	13	13	11	12	13	14	15	14	11	10	11	11	14	15	10	13	13	13	13	11	11	10	14	14	14	14	10	13	15	11	10	15	11	11	14	11	14	11	10	11	10	11	11	13	11	11	15	11	14	10	12	11	10	10	14	11	11	14	14	11	10	11	11	11	11	14	11	14	11	14	13	14	11	11	14	14	14	11	14	15	11	13	13	14	14	12	11	11	10	11	10	10	13	11	11	13	10	11	14	11	11	14	14	11	14	11	11	12	14	15	11	13	14	11	11	11	11	14	14	13	14	14	13	14	14	11	11	14	13	11	11	11	11	13	11	14	13	13	11	11	14	12	11	13	11	14	13	11	11	11	11	11	14	11	15	14	12	13	11	14	11	14	11	11	11	15	14	14	12	11	14	11	15	13	12	11	11	10	11	11	13	14	11	11	11	13	11	11	14	14	11	15	11	12	13	11	14	10	11	11	11	13	15	11	13	10	14	11	11	14	12	10	11	11	11	11	10	14	11	14	11	13	11	11	12	15	15	11	12	11	12	11	11	11	10	11	14	11	11	11	11	14	14	11	14	13	11	11	13	14	11	14	14	11	14	14	11	14	14	15	15	13	11	13	16	11	11	11	10	14	14	14	14	14	11	12	11	11	13	10	14	12	10	11	11	14	14	13	14	11	14	11	10	11	13	14	11	10	11	10	14	13	11	14	15	10	10	13	11	14	10	11	11	15	10	13	14	14	14	11	11	11	15	11	14	14	14	14	14	14	10	10	14	11	11	11	14	10	13	11	10	15	10	11	11	11	11	14	14	15	13	11	11	10	11	15	11	11	14	11	12	14	11	10	10	14	11	12	10	13	15	10	13	11	12	13	14	14	12	11	11	14	13	11	13	10	10	11	11	14	14	11	12	11	14	13	13	16	13	10	11	10	11	14	14	10	12	11	14	14	10	11	11	11	13	11	10	12	11	11	11	11	10	11	12	11	13	11	13	11	14	13	12	10	11	13	14	10	11	14	15	13	14	11	14	11	13	12	14	11	11	11	14	15	14	10	14	10	13	11	12	11	11	11	12	14	12	14	13	14	14	11	11	11	14	11	13	10	14	14	14	13	11	11	14	11	11	11	14	14	10	11	14	12	13	10	14	15	15	11	11	11	13	12	11	11	10	11	13	11	14	14	11	11	14	14	14	13	10	11	13	11	14	11	14	11	11	15	11	12	10	11	15	13	14	14	11	14	12	10	11	14	10	14	13	14	13	10	12	14	10	14	11	13	11	11	11	10	11	13	13	12	10	12	11	11	10	11	12	13	13	12	11	15	13	13	12	11	14	11	11	10	10	14	11	13	12	14	14	11	13	14	11	13	13	12	13	13	13	14	13	11	11	11	11	14	12	11	10	11	15	13	11	12	11	11	13	12	14	13	11	11	14	13	11	12	14	15	14	14	11	13	11	11	10	10	11	14	14	10	12	14	11	11	11	14	15	11	11	14	11	15	14	15	13	15	13	14	11	11	10	12	11	11	14	11	11	11	10	11	11	15	13	12	14	11	12	11	11	14	11	14	11	11	14	11	10	10	10	11	11	14	13	11	14	10	14	14	10	15	11	14	14	11	10	11	11	10	14	14	10	11	13	11	14	14	11	11	11	15	11	11	11	15	13	11	14	11	13	14	11	13	13	14	11	12	12	14	11	11	12	15	11	13	12	10	11	13	11	13	14	14	11	13	15	15	14	14	11	11	11	14	16	11	14	14	14	13	10	11	11	14	14	15	11	14	10	11	14	13	15	14	10	14	11	13	11	13	10	14	14	11	10	10	12	11	14	14	11	12	13	16	11	11	15	11	14	11	14	11	10	14	10	13	11	14	13	10	10	11	10	10	11	14	11	10	11	15	14	11	13	13	14	11	12	13	13	11	10	13	14	14	14	11	15	11	14	13	11	13	11	14	14	11	13	11	14	11	11	11	12	15	14	11	13	14	13	11	14	10	11	11	11	11	11	14	11	14	14	11	11	14	14	11	10	12	14	12	13	11	14	11	14	11	14	13	11	13	11	11	14	12	11	13	11	12	11	14	14	13	12	11
2024.27895101684	8	12	11	11	11	11	9	11	9	11	11	8	12	11	11	11	11	8	11	12	11	8	9	11	9	8	12	11	11	11	9	8	11	11	11	11	8	11	11	11	11	8	11	12	8	11	11	11	11	11	8	11	12	8	11	8	11	8	12	12	8	11	11	8	8	11	11	8	11	11	11	11	11	8	8	12	11	11	11	11	9	8	11	11	11	8	11	11	11	9	11	11	11	11	11	8	11	11	12	11	11	12	11	13	9	11	8	11	8	8	11	11	12	11	11	11	11	9	11	11	11	9	12	11	11	11	8	11	11	8	8	8	11	11	11	11	12	11	12	11	11	11	12	8	8	8	11	11	8	11	11	8	11	11	11	11	8	11	10	12	8	11	12	11	11	11	12	11	11	11	11	11	11	9	9	11	8	9	11	8	11	11	11	10	11	11	12	12	8	11	12	9	11	11	9	11	11	11	9	11	12	11	11	11	11	11	11	12	11	11	12	11	12	8	11	11	11	11	8	8	9	11	11	11	8	12	8	11	12	8	8	11	12	11	11	8	12	11	11	11	11	11	11	12	11	8	11	11	11	12	9	11	9	11	11	12	8	11	11	11	11	11	11	8	11	8	11	12	8	11	9	8	12	11	11	12	11	12	11	12	11	9	11	8	10	11	8	11	9	8	11	8	12	8	12	11	11	12	12	11	11	12	8	8	11	11	11	12	9	8	9	11	12	11	12	11	9	8	11	11	12	11	8	8	11	9	11	11	11	10	9	11	11	12	12	8	11	11	8	8	11	8	11	11	9	8	11	11	12	11	11	13	11	8	11	11	11	11	8	11	11	11	11	12	11	11	8	11	11	11	11	9	11	9	11	11	11	12	11	11	11	9	11	11	11	8	9	8	12	11	11	11	11	11	8	11	9	12	11	11	9	11	8	11	11	11	12	11	12	11	11	8	12	9	11	11	11	8	8	11	12	8	8	11	12	8	11	8	11	12	8	8	8	11	8	12	11	11	8	8	11	11	8	11	11	11	11	8	8	11	11	11	11	11	8	11	11	11	11	11	11	8	8	12	12	11	8	8	8	11	11	12	11	11	11	11	9	11	10	11	11	12	11	11	11	12	8	11	12	8	8	11	12	11	11	8	11	11	11	11	8	11	11	8	11	12	8	11	12	9	11	11	11	11	11	11	11	12	12	11	11	8	11	8	11	8	11	12	12	11	11	11	11	8	11	12	11	11	8	11	12	11	11	11	11	11	11	11	8	11	8	8	12	12	11	11	11	11	8	11	9	11	11	11	11	11	12	11	9	8	11	8	11	8	9	9	11	12	8	11	11	11	10	11	12	12	11	8	11	9	9	12	8	8	11	11	11	11	12	12	8	8	11	11	11	11	8	12	11	9	11	9	10	11	12	11	11	8	11	8	12	11	12	9	9	11	11	8	11	11	11	11	9	11	11	11	9	11	11	11	11	8	8	8	8	11	11	11	11	12	11	12	8	8	11	11	8	8	11	8	11	11	11	8	11	11	12	8	11	8	11	12	11	12	8	11	11	8	11	11	8	9	11	11	11	11	9	11	8	9	8	8	9	11	11	11	11	8	11	8	11	8	11	8	11	8	12	11	11	11	11	13	8	12	11	12	8	11	8	11	11	11	8	11	11	11	12	8	11	12	11	12	12	11	11	11	11	11	8	11	11	11	12	11	11	11	9	11	11	11	11	12	11	11	9	8	11	9	12	11	11	8	11	8	12	11	8	11	8	11	11	9	11	11	11	8	11	11	11	11	9	12	9	11	8	11	8	11	8	12	12	8	8	11	11	11	11	11	8	12	11	11	12	11	11	11	11	11	8	12	8	11	8	11	11	11	11	11	9	8	11	12	8	12	11	11	12	12	9	11	9	11	8	11	11	13	11	12	12	12	8	8	11	11	12	12	9	8	11	11	11	11	12	8	11	8	11	8	9	11	11	11	11	12	8	8	11	11	11	11	11	11	8	9	11	11	8	11	11	8	11	11	11	9	12	8	9	11	11	11	11	8	11	11	11	12	11	8	11	11	8	8	12	12	11	8	8	12	11	8	8	11	11	8	8	11	11	9	12	11	11	12	9	11	8	8	11	11	11	8	11	12	12	12	12	11	8	11	8	12	12	11	8	11	11	11	11	11	9	12	11	8	11	12	8	8	11	11	11	11	9	12	8	11	11	9	11	8	11	12	11	8	11	8	11	11	8	8	11	11	11	11	12	12	8	11	8	11	11	12	11	10	8	11	8	11	11	11	12	8
2024.28866922255	7	9	9	9	9	9	9	9	9	9	9	7	9	9	9	9	7	9	9	9	9	9	9	9	9	9	9	9	9	9	9	7	9	9	9	9	9	9	9	9	9	9	9	9	9	9	9	9	9	9	9	9	9	9	9	9	9	9	9	9	9	9	9	9	9	9	9	9	7	7	9	9	9	9	9	9	9	9	9	9	9	9	9	9	9	9	9	9	9	9	9	9	9	7	9	9	9	9	9	9	9	9	9	9	9	9	9	9	9	9	7	7	7	7	9	9	9	9	9	9	9	9	9	9	9	9	9	9	9	9	9	9	9	9	9	9	9	9	9	9	9	9	9	9	9	7	9	9	9	9	9	9	9	9	9	9	9	9	9	9	9	9	9	9	7	9	9	9	9	9	7	9	9	9	9	9	7	9	9	9	10	9	9	9	9	9	7	9	9	9	9	9	9	9	9	9	7	7	9	9	9	9	9	9	9	9	9	9	9	9	9	9	9	9	9	9	9	9	9	9	9	9	9	7	9	9	9	9	9	9	9	9	9	9	10	9	9	9	9	9	9	9	9	9	9	9	9	9	9	9	9	9	9	9	9	9	9	9	9	9	9	9	9	9	9	7	9	9	9	7	9	9	9	9	9	9	9	9	9	9	9	9	9	9	9	9	9	9	9	7	9	9	9	9	9	9	9	9	9	9	9	9	9	9	9	9	9	9	7	9	9	9	9	9	9	9	9	9	9	9	9	9	9	9	9	9	9	9	9	9	9	9	9	9	9	9	9	9	9	7	9	9	9	9	9	9	7	9	9	9	9	9	9	9	9	9	9	9	7	9	9	7	9	9	9	9	9	9	9	9	9	9	9	7	9	7	7	9	9	9	9	9	9	9	9	9	9	9	9	7	9	7	9	9	9	7	9	9	9	9	9	9	9	9	7	9	7	9	9	9	9	9	9	7	9	7	9	7	9	9	9	9	9	9	9	9	9	9	9	9	9	9	9	9	9	9	7	9	9	9	9	9	9	9	9	9	9	9	9	9	9	9	9	7	9	9	9	9	9	9	9	7	9	10	9	9	9	9	9	9	9	9	9	9	9	9	9	7	9	9	9	9	9	9	7	9	9	9	9	9	9	9	9	9	9	9	9	7	9	9	9	9	9	9	9	9	9	9	9	9	9	9	9	9	9	9	9	9	9	9	9	7	9	9	9	9	9	9	9	9	9	9	9	9	9	9	9	9	9	9	9	7	7	9	9	9	9	9	9	9	9	9	9	9	9	9	9	7	7	9	9	9	7	9	9	9	9	9	9	9	9	9	7	9	9	9	9	7	9	9	9	9	9	9	9	9	9	9	9	9	9	9	7	9	9	9	9	9	9	9	9	9	9	7	7	9	9	9	9	9	9	9	9	9	9	9	9	9	9	9	9	9	9	7	9	9	9	9	9	9	9	7	9	9	9	9	9	9	9	9	9	9	9	9	9	9	9	9	9	9	9	9	9	9	9	9	9	7	9	9	9	9	9	9	9	9	9	9	9	9	9	9	9	9	9	9	9	9	9	9	9	9	9	9	9	9	9	7	9	9	9	9	9	9	9	9	9	9	9	9	9	9	9	9	9	9	9	9	9	9	7	9	9	9	9	9	7	7	9	7	9	9	9	9	9	7	9	9	9	9	9	9	9	9	9	9	9	9	9	9	7	9	9	9	7	7	9	9	9	9	9	9	9	9	9	9	9	9	9	9	7	9	7	9	9	9	7	9	9	9	9	9	9	9	9	9	9	9	9	9	9	9	9	9	7	9	9	9	9	9	9	9	9	9	9	9	7	7	9	9	9	9	9	9	9	9	9	9	9	9	9	9	7	9	9	9	7	7	9	7	9	9	9	9	9	9	9	9	9	9	9	9	9	9	9	9	9	9	9	9	7	9	9	9	9	9	9	9	9	9	9	9	9	7	9	9	9	9	9	9	9	9	9	9	9	9	9	9	9	9	9	9	9	9	9	9	7	7	9	9	9	9	9	9	9	9	9	9	9	9	9	9	9	9	7	9	9	9	9	7	9	7	9	9	9	9	9	9	9	9	9	9	9	9	9	9	9	9	9	7	9	9	9	9	9	9	9	9	9	9	9	9	9	9	7	9	9	9	9	9	9	9	9	9	7	9	9	9	9	9	9	9	9	9	9	9	9	9	9	9	9	9	9	7	9	9	9	9	9	9	7	9	9	9	9	9	9	9	9	9	9	9	9	9	9	9	9	9	9	9	9	9	9	9	9	9	9	9	9	9
2024.29838742826	7	9	9	9	9	9	9	9	9	7	9	7	9	9	9	9	7	9	9	9	9	9	9	9	9	9	9	9	9	9	9	7	9	9	9	9	9	9	7	9	9	9	9	9	9	9	9	9	9	9	9	9	9	9	9	9	7	9	9	9	9	9	9	9	9	9	9	9	7	7	9	9	9	9	9	9	9	9	9	9	9	9	9	9	9	9	9	9	9	9	9	9	9	7	9	9	9	9	9	9	9	9	9	9	9	7	9	9	9	9	7	7	7	7	9	9	9	9	9	9	9	9	9	9	9	9	9	9	9	9	9	9	9	9	9	9	9	9	9	9	9	9	9	9	9	7	9	9	9	9	9	9	9	9	9	9	9	9	9	9	9	9	9	9	7	9	9	9	9	9	7	7	7	9	9	9	7	9	9	9	9	9	9	9	9	9	7	9	9	9	9	9	7	9	9	9	7	7	9	9	7	9	9	9	9	7	9	9	9	9	9	9	7	9	9	9	9	9	9	9	9	9	9	7	9	9	9	9	9	9	9	9	9	9	9	9	9	9	9	9	7	9	9	9	9	9	9	9	9	9	9	9	9	7	9	9	9	9	9	9	9	9	9	9	9	7	9	9	9	7	9	9	9	9	9	9	9	7	9	9	9	9	9	9	9	9	9	9	9	7	9	9	9	9	7	9	9	9	9	9	9	9	9	9	9	7	9	9	7	9	9	9	9	9	7	9	9	9	9	9	9	9	9	9	9	9	9	9	9	9	9	9	7	9	9	9	9	9	9	7	7	9	9	9	9	9	7	9	9	9	9	9	9	9	9	9	9	9	7	9	9	7	9	9	9	9	9	9	7	9	9	9	9	7	7	7	7	9	9	9	9	9	7	7	9	9	9	9	9	7	9	7	9	9	9	7	9	9	9	9	9	9	9	9	7	9	7	9	9	9	9	9	9	7	9	7	9	7	9	9	9	9	9	9	9	9	9	9	9	7	9	9	9	9	9	9	7	9	9	9	9	9	9	7	9	9	9	9	9	9	9	9	9	7	9	9	9	9	9	9	9	7	9	9	7	7	9	9	9	9	7	9	9	9	9	9	9	7	9	9	9	9	9	9	7	9	9	9	9	9	9	9	7	9	9	9	7	7	9	9	9	9	9	9	9	9	9	9	9	9	9	9	9	9	9	9	7	9	9	9	9	7	9	9	9	9	9	7	9	9	7	9	9	9	9	9	9	9	9	9	7	7	7	9	9	9	9	9	9	9	9	9	9	9	9	7	7	7	7	9	9	9	7	9	9	9	9	7	9	9	9	9	7	9	9	9	7	7	9	9	9	9	9	9	9	9	9	9	9	9	9	9	7	9	9	9	9	9	9	9	9	9	9	7	7	9	9	9	9	9	9	9	9	9	9	9	9	9	9	9	7	9	9	7	9	7	9	9	9	7	9	7	9	9	9	9	9	9	9	9	9	9	9	9	9	9	9	9	7	9	9	9	9	9	9	9	9	7	9	9	9	9	9	9	9	9	9	9	9	9	9	7	9	9	9	7	9	9	9	9	9	9	9	9	9	9	9	7	9	9	9	9	9	9	9	9	9	9	9	9	9	9	9	9	9	9	9	9	9	9	7	9	9	9	9	9	7	7	9	7	9	9	9	9	9	7	7	9	9	9	9	9	9	9	9	9	9	9	9	7	7	9	9	9	7	7	9	9	9	9	9	9	9	9	9	9	9	9	9	7	7	9	7	9	9	9	7	9	9	7	9	9	7	9	9	9	9	9	9	7	9	9	9	9	7	7	9	9	9	7	9	9	9	9	9	9	7	7	9	9	9	9	9	9	9	9	9	9	9	9	9	9	7	9	9	9	7	7	9	7	9	9	9	9	9	7	9	9	9	7	9	9	9	9	9	9	9	9	9	9	7	9	9	9	9	9	9	9	9	7	9	9	9	7	9	9	9	9	9	9	9	9	9	9	9	9	9	9	9	9	9	7	9	9	9	7	7	7	9	9	9	9	9	9	9	9	9	9	9	9	9	9	7	9	7	9	9	9	9	7	9	7	9	7	9	9	9	9	9	9	9	9	9	9	9	9	9	9	9	7	9	9	9	9	9	9	9	9	9	9	9	9	7	9	7	7	9	9	9	9	9	9	9	9	7	9	9	9	9	7	9	9	9	9	9	9	9	9	9	9	9	9	9	7	9	9	9	9	9	7	7	9	9	9	7	9	9	9	9	9	9	9	9	9	9	9	9	9	9	9	9	9	9	9	9	7	9	9	9	9
2024.30810563397	7	9	9	7	9	7	9	7	9	7	9	7	7	9	9	7	7	9	9	9	9	9	9	9	9	9	9	9	7	9	9	7	9	9	9	9	9	7	7	7	9	9	9	7	9	9	9	7	9	9	9	9	9	9	7	9	7	9	9	7	9	7	9	9	9	9	9	9	7	7	9	9	9	9	9	9	7	7	7	7	9	9	9	9	7	9	7	9	7	9	9	9	7	7	7	9	9	9	9	9	7	7	9	9	9	7	9	9	9	9	7	7	7	7	9	9	9	9	9	7	9	9	7	9	7	9	9	9	9	9	9	9	9	9	9	9	7	9	9	9	9	9	7	9	9	7	9	9	9	9	9	9	9	7	9	7	9	7	9	7	9	9	9	7	7	9	9	9	9	7	7	7	7	9	9	9	7	9	9	9	9	9	9	9	9	9	7	9	9	7	7	9	7	9	9	9	7	7	9	9	7	9	9	9	9	7	7	9	7	9	9	9	7	9	9	9	7	9	9	9	9	7	9	7	9	9	9	9	7	9	9	7	9	7	9	9	9	9	9	9	7	9	9	7	9	9	9	7	9	7	9	9	9	7	7	7	9	9	7	9	7	9	9	9	9	7	9	9	9	7	9	9	9	7	9	9	9	7	9	7	9	9	9	9	9	9	9	9	9	7	7	9	9	9	7	9	9	7	9	9	9	9	9	9	9	7	9	9	7	9	9	9	9	7	7	9	9	9	9	9	9	9	9	9	7	9	9	9	9	9	9	9	7	9	9	9	9	7	9	7	7	9	7	9	9	9	7	7	7	7	9	9	7	9	9	9	9	7	7	7	7	7	9	9	9	9	9	9	7	9	9	9	9	7	7	7	7	9	7	9	9	9	7	7	9	9	9	9	7	7	9	7	7	9	9	7	9	7	9	9	9	7	9	9	7	7	7	9	9	9	7	9	7	7	7	7	7	7	9	9	7	9	9	9	7	9	7	9	9	7	9	9	9	9	9	7	7	7	9	9	9	9	9	7	9	9	9	9	9	9	9	9	9	7	9	9	9	7	9	9	7	7	9	9	7	7	9	9	9	7	7	9	9	9	9	9	9	7	9	9	9	9	9	9	7	7	9	9	9	9	9	7	7	9	9	9	7	7	9	9	9	9	9	9	9	9	9	9	9	9	9	9	9	9	9	9	7	9	9	9	9	7	9	9	7	9	9	7	9	9	7	9	7	9	9	9	9	9	9	9	7	7	7	9	9	9	7	9	9	9	9	9	9	9	9	7	7	7	7	9	9	9	7	9	9	9	7	7	9	9	9	9	7	9	9	9	7	7	9	9	7	9	9	9	9	9	7	9	9	9	9	9	7	9	9	9	9	9	7	7	9	9	7	7	7	7	9	9	7	9	7	9	9	9	9	7	9	9	9	9	7	9	7	7	9	7	9	9	9	7	9	7	9	7	7	9	9	7	9	7	9	9	9	9	9	9	9	9	7	9	9	9	9	9	9	9	9	7	7	9	9	7	7	9	9	9	9	9	9	9	9	7	9	9	9	7	7	9	9	9	9	9	9	9	9	9	9	7	9	9	9	9	9	7	9	9	9	9	7	9	9	9	9	9	9	9	7	9	9	9	7	9	9	9	7	7	7	7	9	7	9	9	9	9	9	7	7	9	9	9	9	9	9	9	7	9	9	9	9	7	7	7	9	7	7	7	9	9	9	9	9	9	7	9	9	9	9	9	9	7	7	9	7	9	9	9	7	9	9	7	9	9	7	9	9	9	9	9	9	7	9	9	9	9	7	7	9	7	9	7	7	9	9	9	9	9	7	7	9	9	9	9	7	7	9	9	9	7	9	9	9	9	7	9	7	9	7	7	9	7	9	7	9	9	9	7	9	9	9	7	9	9	9	9	9	9	9	9	7	7	7	9	7	9	7	9	9	9	9	7	7	9	9	7	7	9	9	9	9	7	7	7	9	7	9	9	7	7	7	7	9	7	9	9	9	7	7	7	9	9	9	9	9	9	9	9	9	9	7	7	9	9	7	9	7	9	9	9	9	7	9	7	9	7	7	9	9	9	9	9	9	7	9	9	9	9	7	9	9	7	7	9	9	7	9	9	9	9	7	9	9	9	7	9	7	7	9	9	9	9	7	9	9	9	7	9	9	9	9	7	9	9	9	9	9	9	7	9	9	9	9	9	9	7	9	9	7	9	9	7	7	9	9	9	7	9	9	9	7	9	9	9	9	9	9	7	9	9	9	9	9	9	9	9	9	7	9	9	9	9
2024.31782383968	7	7	9	7	9	7	9	7	9	7	7	7	7	7	7	7	7	9	7	7	7	9	9	7	9	9	7	9	7	7	9	7	7	7	9	7	9	7	7	7	7	9	7	7	9	9	7	7	7	7	9	7	7	9	7	9	7	9	7	7	9	7	7	9	9	9	9	9	7	7	7	9	7	9	9	7	7	7	7	7	9	9	7	7	7	9	7	7	7	9	9	7	7	7	7	9	7	9	9	9	7	7	7	9	9	7	9	7	9	9	7	7	7	7	7	7	7	9	7	7	9	9	7	7	7	7	9	7	7	9	9	9	7	7	7	7	7	7	7	7	7	7	7	9	9	7	9	9	9	7	7	9	7	7	7	7	9	7	9	7	9	9	7	7	7	9	7	7	9	7	7	7	7	9	9	7	7	9	7	9	9	7	7	9	7	9	7	9	9	7	7	9	7	7	9	9	7	7	9	7	7	9	7	7	9	7	7	7	7	7	9	7	7	9	9	9	7	7	9	9	9	7	9	7	9	9	9	9	7	9	9	7	7	7	9	9	9	9	7	9	7	9	7	7	9	9	7	7	7	7	9	7	9	7	7	7	9	7	7	7	7	7	9	9	7	7	9	7	9	7	9	9	9	7	7	7	9	7	7	7	7	9	7	9	9	9	9	9	9	7	7	9	9	9	7	7	9	7	9	9	9	9	9	9	7	7	9	7	7	9	9	9	7	7	7	9	9	9	9	7	7	7	9	9	7	9	7	7	7	9	9	7	7	9	7	9	9	7	9	7	7	9	7	7	9	9	7	7	7	7	7	9	7	9	7	7	7	7	7	7	7	7	7	7	7	9	9	9	7	9	9	9	7	7	7	7	7	9	7	7	7	9	7	7	7	9	9	9	7	7	7	7	7	9	9	7	9	7	7	7	9	7	9	7	7	7	7	7	7	7	7	9	7	7	7	7	7	7	9	7	7	9	9	7	7	9	7	9	9	7	9	9	9	7	9	7	7	7	9	9	7	7	9	7	9	9	7	9	9	7	7	7	9	7	9	7	7	7	7	7	7	7	9	7	7	7	9	9	9	7	7	7	7	7	9	9	9	7	9	9	7	7	9	9	7	7	9	9	9	9	9	7	7	7	9	9	7	7	7	7	9	7	7	9	9	9	9	9	9	9	7	9	7	7	7	9	7	7	7	7	7	7	7	9	7	9	9	7	7	7	7	9	7	9	7	9	7	9	9	7	7	7	7	9	7	7	7	7	9	7	9	9	9	7	7	7	7	7	7	7	9	7	7	7	9	7	7	7	9	9	9	9	7	9	9	9	7	7	9	7	7	7	9	9	9	7	7	9	9	9	9	7	7	9	7	9	7	7	7	7	9	9	7	7	7	7	9	7	7	9	7	9	9	9	7	7	9	9	7	9	7	7	7	7	9	7	7	9	7	7	7	7	9	7	7	7	9	7	9	7	9	9	9	9	9	9	7	9	7	9	7	7	9	9	7	7	9	7	7	9	7	7	7	9	7	7	7	9	9	9	7	7	7	9	9	7	7	9	7	7	9	9	7	7	7	7	9	7	9	9	9	9	9	7	9	9	7	9	7	9	7	9	7	9	7	9	7	9	7	9	7	7	9	7	7	7	7	7	9	7	7	7	9	7	9	7	7	9	7	7	7	9	7	9	7	7	7	7	9	7	7	7	9	7	7	7	9	9	9	7	7	7	7	7	9	9	7	9	7	7	7	9	7	9	7	9	7	9	9	7	7	9	7	9	9	9	7	7	7	7	9	7	9	7	7	7	9	7	9	7	7	9	9	9	9	9	7	7	9	7	9	9	7	7	9	7	9	7	9	7	9	7	7	7	7	7	7	7	9	7	7	7	9	7	9	7	9	9	9	7	9	7	9	7	7	9	7	9	7	7	7	9	7	7	7	7	9	9	9	7	7	9	9	7	7	9	7	9	9	7	7	7	7	7	9	9	7	7	7	7	9	7	9	9	7	7	7	7	7	9	7	9	7	9	7	9	9	7	7	7	7	9	7	7	7	7	9	9	7	7	9	7	7	7	7	9	9	7	7	9	9	7	7	9	9	7	7	9	9	7	7	9	9	7	9	9	7	7	7	9	7	9	7	7	7	7	9	7	9	7	7	7	9	7	7	7	7	9	9	7	7	9	7	7	9	9	7	9	9	7	9	9	9	7	9	9	7	9	9	7	7	9	7	9	7	7	9	9	7	7	7	7	7	9	9	7	9	7	7	7	9	9	9	9	9	7	7	9	7	9
2024.32754204539	5	5	5	5	5	5	5	5	7	5	5	5	5	5	5	5	5	7	5	5	5	5	5	5	5	5	5	5	5	5	5	5	5	5	5	5	5	5	5	5	5	5	5	5	5	5	5	5	5	5	5	5	5	7	5	5	5	5	5	5	7	5	5	5	5	5	5	5	5	5	5	5	5	5	5	5	5	5	5	5	5	5	5	5	5	5	5	5	5	5	5	5	5	5	5	5	5	5	5	5	5	5	5	5	5	5	5	5	5	5	5	5	5	5	5	5	5	5	5	5	5	5	5	5	5	5	5	5	5	5	5	5	5	5	5	5	5	5	5	5	5	5	5	5	5	5	5	5	5	5	5	5	5	5	5	5	5	5	5	5	7	5	5	5	5	5	5	5	5	5	5	5	5	5	5	5	5	5	5	5	5	5	5	5	5	5	5	5	5	5	5	5	5	5	5	5	5	5	5	5	5	5	5	5	5	5	5	5	5	5	5	5	5	5	5	5	5	5	5	5	5	5	5	5	5	5	5	5	5	5	5	5	5	5	5	5	5	5	5	5	5	5	5	5	5	5	5	5	5	5	5	5	5	5	5	5	5	5	5	5	5	5	5	5	5	5	5	5	5	5	5	5	5	5	5	5	5	5	5	5	5	5	5	5	5	5	5	5	5	5	5	5	5	5	5	5	5	5	5	5	5	5	5	5	5	5	5	5	5	5	5	5	5	5	5	5	5	5	5	5	5	5	5	5	5	5	5	5	5	5	5	5	5	5	5	5	5	5	5	5	5	5	5	5	5	5	5	5	5	5	5	5	5	5	5	5	5	5	5	5	5	5	5	5	5	5	5	5	5	5	5	5	5	5	5	5	5	5	5	5	5	5	5	5	5	5	5	5	5	5	5	5	5	5	5	5	5	5	5	5	5	5	5	5	5	5	5	5	5	5	5	5	5	5	5	5	5	5	5	5	5	5	5	5	5	5	5	5	5	5	5	5	5	5	5	5	5	5	5	5	5	5	5	5	5	5	5	5	5	5	5	5	5	5	5	5	5	5	5	5	5	5	5	5	5	5	5	5	5	5	5	5	5	5	5	5	5	5	5	5	5	5	5	5	5	5	5	5	5	5	5	5	5	5	5	5	5	5	5	5	5	5	5	5	5	5	5	5	5	5	5	5	5	5	5	5	5	5	5	5	5	5	5	5	5	5	5	5	5	5	5	5	5	5	5	5	5	5	5	5	5	5	5	5	5	5	5	5	5	5	5	5	5	5	5	5	5	5	5	5	5	5	5	5	5	5	5	5	5	5	5	7	5	7	5	5	5	5	5	5	5	5	7	5	5	5	5	5	5	5	5	5	5	5	5	5	5	5	5	5	5	5	5	5	5	5	5	5	5	5	5	5	5	5	5	5	5	5	5	5	5	5	5	5	5	5	5	5	5	5	5	5	5	5	5	5	5	5	5	5	5	5	5	5	5	5	5	5	5	5	5	5	5	5	5	5	5	5	5	5	5	5	5	5	5	5	5	5	5	5	5	5	5	5	5	5	5	5	5	5	5	5	5	5	5	5	5	5	7	5	5	7	5	5	5	5	5	5	5	5	5	5	5	7	5	5	5	5	5	5	5	5	7	5	5	5	5	5	5	5	5	5	5	5	5	5	5	5	5	5	5	5	5	5	5	5	5	5	5	5	5	5	5	5	5	5	5	5	5	5	5	5	5	5	5	5	5	5	5	5	5	5	5	5	5	5	5	5	7	5	5	5	5	5	5	5	5	5	5	5	5	5	5	5	5	5	5	5	5	5	5	7	5	5	5	5	5	5	5	5	5	5	5	5	5	5	5	5	5	5	5	5	5	5	5	5	5	5	5	5	5	5	5	5	5	5	5	5	5	5	5	5	5	5	5	5	5	5	5	5	5	5	5	5	5	5	5	5	5	5	5	5	5	5	5	7	5	5	5	5	5	5	5	5	5	5	5	5	5	5	5	5	5	5	5	5	5	5	5	5	5	5	5	5	5	5	5	5	5	5	5	5	5	5	5	5	5	5	5	5	5	5	5	5	5	5	5	5	5	5	5	5	5	5	5	5	5	5	5	5	5	5	5	5	5	5	5	5	5	5	5	5	5	5	5	5	5	5	5	5	5	5	5	5	5	5	5	5	5	5	5	5	5	5	5	5	5	5	5	5	5	5	5	5	5	5	5	5	5	5	5	5	5	5	5	5	5	5	5	5	5	5	5	5	5	5	5	5	5	5	5	7	5	5	7	5	5	5	5	5
2024.3372602511	3	3	3	3	3	3	3	3	3	3	3	3	3	3	3	3	3	3	3	3	3	3	3	3	3	3	3	3	3	3	3	3	3	3	3	3	3	3	3	3	3	3	3	3	3	3	3	3	3	3	3	3	3	3	3	3	3	3	3	3	3	3	3	3	3	3	3	3	3	3	3	3	3	3	3	3	3	3	3	3	3	3	3	3	3	3	3	3	3	3	3	3	3	3	3	3	3	3	3	3	3	3	3	3	3	3	3	3	3	3	3	3	3	3	3	3	3	3	3	3	3	3	3	3	3	3	3	3	3	3	3	3	3	3	3	3	3	3	3	3	3	3	3	3	3	3	3	3	3	3	3	3	3	3	3	3	3	3	3	3	3	3	3	3	3	3	3	3	3	3	3	3	3	3	3	3	3	3	3	3	3	3	3	3	3	3	3	3	3	3	3	3	3	3	3	3	3	3	3	3	3	3	3	3	3	3	3	3	3	3	3	3	3	3	3	3	3	3	3	3	3	3	3	3	3	3	3	3	3	3	3	3	3	3	3	3	3	3	3	3	3	3	3	3	3	3	3	3	3	3	3	3	3	3	3	3	3	3	3	3	3	3	3	3	3	3	3	3	3	3	3	3	3	3	3	3	3	3	3	3	3	3	3	3	3	3	3	3	3	3	3	3	3	3	3	3	3	3	3	3	3	3	3	3	3	3	3	3	3	3	3	3	3	3	3	3	3	3	3	3	3	3	3	3	3	3	3	3	3	3	3	3	3	3	3	3	3	3	3	3	3	3	3	3	3	3	3	3	3	3	3	3	3	3	3	3	3	3	3	3	3	3	3	3	3	3	3	3	3	3	3	3	3	3	3	3	3	3	3	3	3	3	3	3	3	3	3	3	3	3	3	3	3	3	3	3	3	3	3	3	3	3	3	3	3	3	3	3	3	3	3	3	3	3	3	3	3	3	3	3	3	3	3	3	3	3	3	3	3	3	3	3	3	3	3	3	3	3	3	3	3	3	3	3	3	3	3	3	3	3	3	3	3	3	3	3	3	3	3	3	3	3	3	3	3	3	3	3	3	3	3	3	3	3	3	3	3	3	3	3	3	3	3	3	3	3	3	3	3	3	3	3	3	3	3	3	3	3	3	3	3	3	3	3	3	3	3	3	3	3	3	3	3	3	3	3	3	3	3	3	3	3	3	3	3	3	3	3	3	3	3	3	3	3	3	3	3	3	3	3	3	3	3	3	3	3	3	3	3	3	3	3	3	3	3	3	3	3	3	3	3	3	3	3	3	3	3	3	3	3	3	3	3	3	3	3	3	3	3	3	3	3	3	3	3	3	3	3	3	3	3	3	3	3	3	3	3	3	3	3	3	3	3	3	3	3	3	3	3	3	3	3	3	3	3	3	3	3	3	3	3	3	3	3	3	3	3	3	3	3	3	3	3	3	3	3	3	3	3	3	3	3	3	3	3	3	3	3	3	3	3	3	3	3	3	3	3	3	3	3	3	3	3	3	3	3	3	3	3	3	3	3	3	3	3	3	3	3	3	3	3	3	3	3	3	3	3	3	3	3	3	3	3	3	3	3	3	3	3	3	3	3	3	3	3	3	3	3	3	3	3	3	3	3	3	3	3	3	3	3	3	3	3	3	3	3	3	3	3	3	3	3	3	3	3	3	3	3	3	3	3	3	3	3	3	3	3	3	3	3	3	3	3	3	3	3	3	3	3	3	3	3	3	3	3	3	3	3	3	3	3	3	3	3	3	3	3	3	3	3	3	3	3	3	3	3	3	3	3	3	3	3	3	3	3	3	3	3	3	3	3	3	3	3	3	3	3	3	3	3	3	3	3	3	3	3	3	3	3	3	3	3	3	3	3	3	3	3	3	3	3	3	3	3	3	3	3	3	3	3	3	3	3	3	3	3	3	3	3	3	3	3	3	3	3	3	3	3	3	3	3	3	3	3	3	3	3	3	3	3	3	3	3	3	3	3	3	3	3	3	3	3	3	3	3	3	3	3	3	3	3	3	3	3	3	3	3	3	3	3	3	3	3	3	3	3	3	3	3	3	3	3	3	3	3	3	3	3	3	3	3	3	3	3	3	3	3	3	3	3	3	3	3	3	3	3	3	3	3	3	3	3	3	3	3	3	3	3	3	3	3	3	3	3	3	3	3	3	3	3	3	3	3	3	3	3	3	3	3	3	3	3	3	3	3	3	3	3	3	3	3	3	3	3	3	3	3	3	3	3	3	3	3	3	3	3	3	3	3	3
2024.34697845681	1	1	1	1	1	1	1	1	1	1	1	1	1	1	1	1	1	1	1	1	1	1	1	1	1	1	1	1	1	1	1	1	1	1	1	1	1	1	1	1	1	1	1	1	1	1	1	1	1	1	1	1	1	1	1	1	1	1	1	1	1	1	1	1	1	1	1	1	1	1	1	1	1	1	1	1	1	1	1	1	1	1	1	1	1	1	1	1	1	1	1	1	1	1	1	1	1	1	1	1	1	1	1	1	1	1	1	1	1	1	1	1	1	1	1	1	1	1	1	1	1	1	1	1	1	1	1	1	1	1	1	1	1	1	1	1	1	1	1	1	1	1	1	1	1	1	1	1	1	1	1	1	1	1	1	1	1	1	1	1	1	1	1	1	1	1	1	1	1	1	1	1	1	1	1	1	1	1	1	1	1	1	1	1	1	1	1	1	1	1	1	1	1	1	1	1	1	1	1	1	1	1	1	1	1	1	1	1	1	1	1	1	1	1	1	1	1	1	1	1	1	1	1	1	1	1	1	1	1	1	1	1	1	1	1	1	1	1	1	1	1	1	1	1	1	1	1	1	1	1	1	1	1	1	1	1	1	1	1	1	1	1	1	1	1	1	1	1	1	1	1	1	1	1	1	1	1	1	1	1	1	1	1	1	1	1	1	1	1	1	1	1	1	1	1	1	1	1	1	1	1	1	1	1	1	1	1	1	1	1	1	1	1	1	1	1	1	1	1	1	1	1	1	1	1	1	1	1	1	1	1	1	1	1	1	1	1	1	1	1	1	1	1	1	1	1	1	1	1	1	1	1	1	1	1	1	1	1	1	1	1	1	1	1	1	1	1	1	1	1	1	1	1	1	1	1	1	1	1	1	1	1	1	1	1	1	1	1	1	1	1	1	1	1	1	1	1	1	1	1	1	1	1	1	1	1	1	1	1	1	1	1	1	1	1	1	1	1	1	1	1	1	1	1	1	1	1	1	1	1	1	1	1	1	1	1	1	1	1	1	1	1	1	1	1	1	1	1	1	1	1	1	1	1	1	1	1	1	1	1	1	1	1	1	1	1	1	1	1	1	1	1	1	1	1	1	1	1	1	1	1	1	1	1	1	1	1	1	1	1	1	1	1	1	1	1	1	1	1	1	1	1	1	1	1	1	1	1	1	1	1	1	1	1	1	1	1	1	1	1	1	1	1	1	1	1	1	1	1	1	1	1	1	1	1	1	1	1	1	1	1	1	1	1	1	1	1	1	1	1	1	1	1	1	1	1	1	1	1	1	1	1	1	1	1	1	1	1	1	1	1	1	1	1	1	1	1	1	1	1	1	1	1	1	1	1	1	1	1	1	1	1	1	1	1	1	1	1	1	1	1	1	1	1	1	1	1	1	1	1	1	1	1	1	1	1	1	1	1	1	1	1	1	1	1	1	1	1	1	1	1	1	1	1	1	1	1	1	1	1	1	1	1	1	1	1	1	1	1	1	1	1	1	1	1	1	1	1	1	1	1	1	1	1	1	1	1	1	1	1	1	1	1	1	1	1	1	1	1	1	1	1	1	1	1	1	1	1	1	1	1	1	1	1	1	1	1	1	1	1	1	1	1	1	1	1	1	1	1	1	1	1	1	1	1	1	1	1	1	1	1	1	1	1	1	1	1	1	1	1	1	1	1	1	1	1	1	1	1	1	1	1	1	1	1	1	1	1	1	1	1	1	1	1	1	1	1	1	1	1	1	1	1	1	1	1	1	1	1	1	1	1	1	1	1	1	1	1	1	1	1	1	1	1	1	1	1	1	1	1	1	1	1	1	1	1	1	1	1	1	1	1	1	1	1	1	1	1	1	1	1	1	1	1	1	1	1	1	1	1	1	1	1	1	1	1	1	1	1	1	1	1	1	1	1	1	1	1	1	1	1	1	1	1	1	1	1	1	1	1	1	1	1	1	1	1	1	1	1	1	1	1	1	1	1	1	1	1	1	1	1	1	1	1	1	1	1	1	1	1	1	1	1	1	1	1	1	1	1	1	1	1	1	1	1	1	1	1	1	1	1	1	1	1	1	1	1	1	1	1	1	1	1	1	1	1	1	1	1	1	1	1	1	1	1	1	1	1	1	1	1	1	1	1	1	1	1	1	1	1	1	1	1	1	1	1	1	1	1	1	1	1	1	1	1	1	1	1	1	1	1	1	1	1	1	1	1	1	1	1	1	1	1	1	1	1	1	1	1	1	1	1	1	1	1	1	1	1	1	1	1	1	1	1	1	1	1	1	1	1
2024.35669666252	0	0	0	0	0	0	0	0	0	0	0	0	0	0	0	0	0	0	0	0	0	0	0	0	0	0	0	0	0	0	0	0	0	0	0	0	0	0	0	0	0	0	0	0	0	0	0	0	0	0	0	0	0	0	0	0	0	0	0	0	0	0	0	0	0	0	0	0	0	0	0	0	0	0	0	0	0	0	0	0	0	0	0	0	0	0	0	0	0	0	0	0	0	0	0	0	0	0	0	0	0	0	0	0	0	0	0	0	0	0	0	0	0	0	0	0	0	0	0	0	0	0	0	0	0	0	0	0	0	0	0	0	0	0	0	0	0	0	0	0	0	0	0	0	0	0	0	0	0	0	0	0	0	0	0	0	0	0	0	0	0	0	0	0	0	0	0	0	0	0	0	0	0	0	0	0	0	0	0	0	0	0	0	0	0	0	0	0	0	0	0	0	0	0	0	0	0	0	0	0	0	0	0	0	0	0	0	0	0	0	0	0	0	0	0	0	0	0	0	0	0	0	0	0	0	0	0	0	0	0	0	0	0	0	0	0	0	0	0	0	0	0	0	0	0	0	0	0	0	0	0	0	0	0	0	0	0	0	0	0	0	0	0	0	0	0	0	0	0	0	0	0	0	0	0	0	0	0	0	0	0	0	0	0	0	0	0	0	0	0	0	0	0	0	0	0	0	0	0	0	0	0	0	0	0	0	0	0	0	0	0	0	0	0	0	0	0	0	0	0	0	0	0	0	0	0	0	0	0	0	0	0	0	0	0	0	0	0	0	0	0	0	0	0	0	0	0	0	0	0	0	0	0	0	0	0	0	0	0	0	0	0	0	0	0	0	0	0	0	0	0	0	0	0	0	0	0	0	0	0	0	0	0	0	0	0	0	0	0	0	0	0	0	0	0	0	0	0	0	0	0	0	0	0	0	0	0	0	0	0	0	0	0	0	0	0	0	0	0	0	0	0	0	0	0	0	0	0	0	0	0	0	0	0	0	0	0	0	0	0	0	0	0	0	0	0	0	0	0	0	0	0	0	0	0	0	0	0	0	0	0	0	0	0	0	0	0	0	0	0	0	0	0	0	0	0	0	0	0	0	0	0	0	0	0	0	0	0	0	0	0	0	0	0	0	0	0	0	0	0	0	0	0	0	0	0	0	0	0	0	0	0	0	0	0	0	0	0	0	0	0	0	0	0	0	0	0	0	0	0	0	0	0	0	0	0	0	0	0	0	0	0	0	0	0	0	0	0	0	0	0	0	0	0	0	0	0	0	0	0	0	0	0	0	0	0	0	0	0	0	0	0	0	0	0	0	0	0	0	0	0	0	0	0	0	0	0	0	0	0	0	0	0	0	0	0	0	0	0	0	0	0	0	0	0	0	0	0	0	0	0	0	0	0	0	0	0	0	0	0	0	0	0	0	0	0	0	0	0	0	0	0	0	0	0	0	0	0	0	0	0	0	0	0	0	0	0	0	0	0	0	0	0	0	0	0	0	0	0	0	0	0	0	0	0	0	0	0	0	0	0	0	0	0	0	0	0	0	0	0	0	0	0	0	0	0	0	0	0	0	0	0	0	0	0	0	0	0	0	0	0	0	0	0	0	0	0	0	0	0	0	0	0	0	0	0	0	0	0	0	0	0	0	0	0	0	0	0	0	0	0	0	0	0	0	0	0	0	0	0	0	0	0	0	0	0	0	0	0	0	0	0	0	0	0	0	0	0	0	0	0	0	0	0	0	0	0	0	0	0	0	0	0	0	0	0	0	0	0	0	0	0	0	0	0	0	0	0	0	0	0	0	0	0	0	0	0	0	0	0	0	0	0	0	0	0	0	0	0	0	0	0	0	0	0	0	0	0	0	0	0	0	0	0	0	0	0	0	0	0	0	0	0	0	0	0	0	0	0	0	0	0	0	0	0	0	0	0	0	0	0	0	0	0	0	0	0	0	0	0	0	0	0	0	0	0	0	0	0	0	0	0	0	0	0	0	0	0	0	0	0	0	0	0	0	0	0	0	0	0	0	0	0	0	0	0	0	0	0	0	0	0	0	0	0	0	0	0	0	0	0	0	0	0	0	0	0	0	0	0	0	0	0	0	0	0	0	0	0	0	0	0	0	0	0	0	0	0	0	0	0	0	0	0	0	0	0	0	0	0	0	0	0	0	0	0	0	0	0	0	0	0	0	0	0	0	0	0	0	0	0	0	0	0	0	0	0	0	0	0	0	0	0	0	0	0	0	0	0	0	0	0	0	0	0	0	0	0	0	0
2024.36641486823	0	0	0	0	0	0	0	0	0	0	0	0	0	0	0	0	0	0	0	0	0	0	0	0	0	0	0	0	0	0	0	0	0	0	0	0	0	0	0	0	0	0	0	0	0	0	0	0	0	0	0	0	0	0	0	0	0	0	0	0	0	0	0	0	0	0	0	0	0	0	0	0	0	0	0	0	0	0	0	0	0	0	0	0	0	0	0	0	0	0	0	0	0	0	0	0	0	0	0	0	0	0	0	0	0	0	0	0	0	0	0	0	0	0	0	0	0	0	0	0	0	0	0	0	0	0	0	0	0	0	0	0	0	0	0	0	0	0	0	0	0	0	0	0	0	0	0	0	0	0	0	0	0	0	0	0	0	0	0	0	0	0	0	0	0	0	0	0	0	0	0	0	0	0	0	0	0	0	0	0	0	0	0	0	0	0	0	0	0	0	0	0	0	0	0	0	0	0	0	0	0	0	0	0	0	0	0	0	0	0	0	0	0	0	0	0	0	0	0	0	0	0	0	0	0	0	0	0	0	0	0	0	0	0	0	0	0	0	0	0	0	0	0	0	0	0	0	0	0	0	0	0	0	0	0	0	0	0	0	0	0	0	0	0	0	0	0	0	0	0	0	0	0	0	0	0	0	0	0	0	0	0	0	0	0	0	0	0	0	0	0	0	0	0	0	0	0	0	0	0	0	0	0	0	0	0	0	0	0	0	0	0	0	0	0	0	0	0	0	0	0	0	0	0	0	0	0	0	0	0	0	0	0	0	0	0	0	0	0	0	0	0	0	0	0	0	0	0	0	0	0	0	0	0	0	0	0	0	0	0	0	0	0	0	0	0	0	0	0	0	0	0	0	0	0	0	0	0	0	0	0	0	0	0	0	0	0	0	0	0	0	0	0	0	0	0	0	0	0	0	0	0	0	0	0	0	0	0	0	0	0	0	0	0	0	0	0	0	0	0	0	0	0	0	0	0	0	0	0	0	0	0	0	0	0	0	0	0	0	0	0	0	0	0	0	0	0	0	0	0	0	0	0	0	0	0	0	0	0	0	0	0	0	0	0	0	0	0	0	0	0	0	0	0	0	0	0	0	0	0	0	0	0	0	0	0	0	0	0	0	0	0	0	0	0	0	0	0	0	0	0	0	0	0	0	0	0	0	0	0	0	0	0	0	0	0	0	0	0	0	0	0	0	0	0	0	0	0	0	0	0	0	0	0	0	0	0	0	0	0	0	0	0	0	0	0	0	0	0	0	0	0	0	0	0	0	0	0	0	0	0	0	0	0	0	0	0	0	0	0	0	0	0	0	0	0	0	0	0	0	0	0	0	0	0	0	0	0	0	0	0	0	0	0	0	0	0	0	0	0	0	0	0	0	0	0	0	0	0	0	0	0	0	0	0	0	0	0	0	0	0	0	0	0	0	0	0	0	0	0	0	0	0	0	0	0	0	0	0	0	0	0	0	0	0	0	0	0	0	0	0	0	0	0	0	0	0	0	0	0	0	0	0	0	0	0	0	0	0	0	0	0	0	0	0	0	0	0	0	0	0	0	0	0	0	0	0	0	0	0	0	0	0	0	0	0	0	0	0	0	0	0	0	0	0	0	0	0	0	0	0	0	0	0	0	0	0	0	0	0	0	0	0	0	0	0	0	0	0	0	0	0	0	0	0	0	0	0	0	0	0	0	0	0	0	0	0	0	0	0	0	0	0	0	0	0	0	0	0	0	0	0	0	0	0	0	0	0	0	0	0	0	0	0	0	0	0	0	0	0	0	0	0	0	0	0	0	0	0	0	0	0	0	0	0	0	0	0	0	0	0	0	0	0	0	0	0	0	0	0	0	0	0	0	0	0	0	0	0	0	0	0	0	0	0	0	0	0	0	0	0	0	0	0	0	0	0	0	0	0	0	0	0	0	0	0	0	0	0	0	0	0	0	0	0	0	0	0	0	0	0	0	0	0	0	0	0	0	0	0	0	0	0	0	0	0	0	0	0	0	0	0	0	0	0	0	0	0	0	0	0	0	0	0	0	0	0	0	0	0	0	0	0	0	0	0	0	0	0	0	0	0	0	0	0	0	0	0	0	0	0	0	0	0	0	0	0	0	0	0	0	0	0	0	0	0	0	0	0	0	0	0	0	0	0	0	0	0	0	0	0	0	0	0	0	0	0	0	0	0	0	0	0	0	0	0	0	0	0	0	0	0	0	0	0	0	0	0	0	0	0	0	0	0	0	0	0	0	0	0	0	0	0	0	0	0	0	0	0	0
2024.37613307394	1	1	1	1	1	1	1	1	1	1	1	1	1	1	1	1	1	1	1	1	1	1	1	1	1	1	1	1	1	1	1	1	1	1	1	1	1	1	1	1	1	1	1	1	1	1	1	1	1	1	1	1	1	1	1	1	1	1	1	1	1	1	1	1	1	1	1	1	1	1	1	1	1	1	1	1	1	1	1	1	1	1	1	1	1	1	1	1	1	1	1	1	1	1	1	1	1	1	1	1	1	1	1	1	1	1	1	1	1	1	1	1	1	1	1	1	1	1	1	1	1	1	1	1	1	1	1	1	1	1	1	1	1	1	1	1	1	1	1	1	1	1	1	1	1	1	1	1	1	1	1	1	1	1	1	1	1	1	1	1	1	1	1	1	1	1	1	1	1	1	1	1	1	1	1	1	1	1	1	1	1	1	1	1	1	1	1	1	1	1	1	1	1	1	1	1	1	1	1	1	1	1	1	1	1	1	1	1	1	1	1	1	1	1	1	1	1	1	1	1	1	1	1	1	1	1	1	1	1	1	1	1	1	1	1	1	1	1	1	1	1	1	1	1	1	1	1	1	1	1	1	1	1	1	1	1	1	1	1	1	1	1	1	1	1	1	1	1	1	1	1	1	1	1	1	1	1	1	1	1	1	1	1	1	1	1	1	1	1	1	1	1	1	1	1	1	1	1	1	1	1	1	1	1	1	1	1	1	1	1	1	1	1	1	1	1	1	1	1	1	1	1	1	1	1	1	1	1	1	1	1	1	1	1	1	1	1	1	1	1	1	1	1	1	1	1	1	1	1	1	1	1	1	1	1	1	1	1	1	1	1	1	1	1	1	1	1	1	1	1	1	1	1	1	1	1	1	1	1	1	1	1	1	1	1	1	1	1	1	1	1	1	1	1	1	1	1	1	1	1	1	1	1	1	1	1	1	1	1	1	1	1	1	1	1	1	1	1	1	1	1	1	1	1	1	1	1	1	1	1	1	1	1	1	1	1	1	1	1	1	1	1	1	1	1	1	1	1	1	1	1	1	1	1	1	1	1	1	1	1	1	1	1	1	1	1	1	1	1	1	1	1	1	1	1	1	1	1	1	1	1	1	1	1	1	1	1	1	1	1	1	1	1	1	1	1	1	1	1	1	1	1	1	1	1	1	1	1	1	1	1	1	1	1	1	1	1	1	1	1	1	1	1	1	1	1	1	1	1	1	1	1	1	1	1	1	1	1	1	1	1	1	1	1	1	1	1	1	1	1	1	1	1	1	1	1	1	1	1	1	1	1	1	1	1	1	1	1	1	1	1	1	1	1	1	1	1	1	1	1	1	1	1	1	1	1	1	1	1	1	1	1	1	1	1	1	1	1	1	1	1	1	1	1	1	1	1	1	1	1	1	1	1	1	1	1	1	1	1	1	1	1	1	1	1	1	1	1	1	1	1	1	1	1	1	1	1	1	1	1	1	1	1	1	1	1	1	1	1	1	1	1	1	1	1	1	1	1	1	1	1	1	1	1	1	1	1	1	1	1	1	1	1	1	1	1	1	1	1	1	1	1	1	1	1	1	1	1	1	1	1	1	1	1	1	1	1	1	1	1	1	1	1	1	1	1	1	1	1	1	1	1	1	1	1	1	1	1	1	1	1	1	1	1	1	1	1	1	1	1	1	1	1	1	1	1	1	1	1	1	1	1	1	1	1	1	1	1	1	1	1	1	1	1	1	1	1	1	1	1	1	1	1	1	1	1	1	1	1	1	1	1	1	1	1	1	1	1	1	1	1	1	1	1	1	1	1	1	1	1	1	1	1	1	1	1	1	1	1	1	1	1	1	1	1	1	1	1	1	1	1	1	1	1	1	1	1	1	1	1	1	1	1	1	1	1	1	1	1	1	1	1	1	1	1	1	1	1	1	1	1	1	1	1	1	1	1	1	1	1	1	1	1	1	1	1	1	1	1	1	1	1	1	1	1	1	1	1	1	1	1	1	1	1	1	1	1	1	1	1	1	1	1	1	1	1	1	1	1	1	1	1	1	1	1	1	1	1	1	1	1	1	1	1	1	1	1	1	1	1	1	1	1	1	1	1	1	1	1	1	1	1	1	1	1	1	1	1	1	1	1	1	1	1	1	1	1	1	1	1	1	1	1	1	1	1	1	1	1	1	1	1	1	1	1	1	1	1	1	1	1	1	1	1	1	1	1	1	1	1	1	1	1	1	1	1	1	1	1	1	1	1	1	1	1	1	1	1	1	1	1	1	1	1	1	1	1	1	1	1
2024.38585127965	1	1	1	1	1	1	1	1	1	1	1	1	1	1	1	1	1	1	1	1	1	1	1	1	1	1	1	1	1	1	1	1	1	1	1	1	1	1	1	1	1	1	1	1	1	1	1	1	1	1	1	1	1	1	1	1	1	1	1	1	1	1	1	1	1	1	1	1	1	1	1	1	1	1	1	1	1	1	1	1	1	1	1	1	1	1	1	1	1	1	1	1	1	1	1	1	1	1	1	1	1	1	1	1	1	1	1	1	1	1	1	1	1	1	1	1	1	1	1	1	1	1	1	1	1	1	1	1	1	1	1	1	1	1	1	1	1	1	1	1	1	1	1	1	1	1	1	1	1	1	1	1	1	1	1	1	1	1	1	1	1	1	1	1	1	1	1	1	1	1	1	1	1	1	1	1	1	1	1	1	1	1	1	1	1	1	1	1	1	1	1	1	1	1	1	1	1	1	1	1	1	1	1	1	1	1	1	1	1	1	1	1	1	1	1	1	1	1	1	1	1	1	1	1	1	1	1	1	1	1	1	1	1	1	1	1	1	1	1	1	1	1	1	1	1	1	1	1	1	1	1	1	1	1	1	1	1	1	1	1	1	1	1	1	1	1	1	1	1	1	1	1	1	1	1	1	1	1	1	1	1	1	1	1	1	1	1	1	1	1	1	1	1	1	1	1	1	1	1	1	1	1	1	1	1	1	1	1	1	1	1	1	1	1	1	1	1	1	1	1	1	1	1	1	1	1	1	1	1	1	1	1	1	1	1	1	1	1	1	1	1	1	1	1	1	1	1	1	1	1	1	1	1	1	1	1	1	1	1	1	1	1	1	1	1	1	1	1	1	1	1	1	1	1	1	1	1	1	1	1	1	1	1	1	1	1	1	1	1	1	1	1	1	1	1	1	1	1	1	1	1	1	1	1	1	1	1	1	1	1	1	1	1	1	1	1	1	1	1	1	1	1	1	1	1	1	1	1	1	1	1	1	1	1	1	1	1	1	1	1	1	1	1	1	1	1	1	1	1	1	1	1	1	1	1	1	1	1	1	1	1	1	1	1	1	1	1	1	1	1	1	1	1	1	1	1	1	1	1	1	1	1	1	1	1	1	1	1	1	1	1	1	1	1	1	1	1	1	1	1	1	1	1	1	1	1	1	1	1	1	1	1	1	1	1	1	1	1	1	1	1	1	1	1	1	1	1	1	1	1	1	1	1	1	1	1	1	1	1	1	1	1	1	1	1	1	1	1	1	1	1	1	1	1	1	1	1	1	1	1	1	1	1	1	1	1	1	1	1	1	1	1	1	1	1	1	1	1	1	1	1	1	1	1	1	1	1	1	1	1	1	1	1	1	1	1	1	1	1	1	1	1	1	1	1	1	1	1	1	1	1	1	1	1	1	1	1	1	1	1	1	1	1	1	1	1	1	1	1	1	1	1	1	1	1	1	1	1	1	1	1	1	1	1	1	1	1	1	1	1	1	1	1	1	1	1	1	1	1	1	1	1	1	1	1	1	1	1	1	1	1	1	1	1	1	1	1	1	1	1	1	1	1	1	1	1	1	1	1	1	1	1	1	1	1	1	1	1	1	1	1	1	1	1	1	1	1	1	1	1	1	1	1	1	1	1	1	1	1	1	1	1	1	1	1	1	1	1	1	1	1	1	1	1	1	1	1	1	1	1	1	1	1	1	1	1	1	1	1	1	1	1	1	1	1	1	1	1	1	1	1	1	1	1	1	1	1	1	1	1	1	1	1	1	1	1	1	1	1	1	1	1	1	1	1	1	1	1	1	1	1	1	1	1	1	1	1	1	1	1	1	1	1	1	1	1	1	1	1	1	1	1	1	1	1	1	1	1	1	1	1	1	1	1	1	1	1	1	1	1	1	1	1	1	1	1	1	1	1	1	1	1	1	1	1	1	1	1	1	1	1	1	1	1	1	1	1	1	1	1	1	1	1	1	1	1	1	1	1	1	1	1	1	1	1	1	1	1	1	1	1	1	1	1	1	1	1	1	1	1	1	1	1	1	1	1	1	1	1	1	1	1	1	1	1	1	1	1	1	1	1	1	1	1	1	1	1	1	1	1	1	1	1	1	1	1	1	1	1	1	1	1	1	1	1	1	1	1	1	1	1	1	1	1	1	1	1	1	1	1	1	1	1	1	1	1	1	1	1	1	1	1	1	1	1	1	1	1	1	1	1	1	1	1	1	1	1	1	1	1	1	1	1	1	1	1	1	1	1	1	1	1	1	1	1	1	1	1	1	1
