time	tree_1	tree_2	tree_3	tree_4	tree_5	tree_6	tree_7	tree_8	tree_9	tree_10	tree_11	tree_12	tree_13	tree_14	tree_15	tree_16	tree_17	tree_18	tree_19	tree_20	tree_21	tree_22	tree_23	tree_24	tree_25	tree_26	tree_27	tree_28	tree_29	tree_30	tree_31	tree_32	tree_33	tree_34	tree_35	tree_36	tree_37	tree_38	tree_39	tree_40	tree_41	tree_42	tree_43	tree_44	tree_45	tree_46	tree_47	tree_48	tree_49	tree_50	tree_51	tree_52	tree_53	tree_54	tree_55	tree_56	tree_57	tree_58	tree_59	tree_60	tree_61	tree_62	tree_63	tree_64	tree_65	tree_66	tree_67	tree_68	tree_69	tree_70	tree_71	tree_72	tree_73	tree_74	tree_75	tree_76	tree_77	tree_78	tree_79	tree_80	tree_81	tree_82	tree_83	tree_84	tree_85	tree_86	tree_87	tree_88	tree_89	tree_90	tree_91	tree_92	tree_93	tree_94	tree_95	tree_96	tree_97	tree_98	tree_99	tree_100	tree_101	tree_102	tree_103	tree_104	tree_105	tree_106	tree_107	tree_108	tree_109	tree_110	tree_111	tree_112	tree_113	tree_114	tree_115	tree_116	tree_117	tree_118	tree_119	tree_120	tree_121	tree_122	tree_123	tree_124	tree_125	tree_126	tree_127	tree_128	tree_129	tree_130	tree_131	tree_132	tree_133	tree_134	tree_135	tree_136	tree_137	tree_138	tree_139	tree_140	tree_141	tree_142	tree_143	tree_144	tree_145	tree_146	tree_147	tree_148	tree_149	tree_150	tree_151	tree_152	tree_153	tree_154	tree_155	tree_156	tree_157	tree_158	tree_159	tree_160	tree_161	tree_162	tree_163	tree_164	tree_165	tree_166	tree_167	tree_168	tree_169	tree_170	tree_171	tree_172	tree_173	tree_174	tree_175	tree_176	tree_177	tree_178	tree_179	tree_180	tree_181	tree_182	tree_183	tree_184	tree_185	tree_186	tree_187	tree_188	tree_189	tree_190	tree_191	tree_192	tree_193	tree_194	tree_195	tree_196	tree_197	tree_198	tree_199	tree_200	tree_201	tree_202	tree_203	tree_204	tree_205	tree_206	tree_207	tree_208	tree_209	tree_210	tree_211	tree_212	tree_213	tree_214	tree_215	tree_216	tree_217	tree_218	tree_219	tree_220	tree_221	tree_222	tree_223	tree_224	tree_225	tree_226	tree_227	tree_228	tree_229	tree_230	tree_231	tree_232	tree_233	tree_234	tree_235	tree_236	tree_237	tree_238	tree_239	tree_240	tree_241	tree_242	tree_243	tree_244	tree_245	tree_246	tree_247	tree_248	tree_249	tree_250	tree_251	tree_252	tree_253	tree_254	tree_255	tree_256	tree_257	tree_258	tree_259	tree_260	tree_261	tree_262	tree_263	tree_264	tree_265	tree_266	tree_267	tree_268	tree_269	tree_270	tree_271	tree_272	tree_273	tree_274	tree_275	tree_276	tree_277	tree_278	tree_279	tree_280	tree_281	tree_282	tree_283	tree_284	tree_285	tree_286	tree_287	tree_288	tree_289	tree_290	tree_291	tree_292	tree_293	tree_294	tree_295	tree_296	tree_297	tree_298	tree_299	tree_300	tree_301	tree_302	tree_303	tree_304	tree_305	tree_306	tree_307	tree_308	tree_309	tree_310	tree_311	tree_312	tree_313	tree_314	tree_315	tree_316	tree_317	tree_318	tree_319	tree_320	tree_321	tree_322	tree_323	tree_324	tree_325	tree_326	tree_327	tree_328	tree_329	tree_330	tree_331	tree_332	tree_333	tree_334	tree_335	tree_336	tree_337	tree_338	tree_339	tree_340	tree_341	tree_342	tree_343	tree_344	tree_345	tree_346	tree_347	tree_348	tree_349	tree_350	tree_351	tree_352	tree_353	tree_354	tree_355	tree_356	tree_357	tree_358	tree_359	tree_360	tree_361	tree_362	tree_363	tree_364	tree_365	tree_366	tree_367	tree_368	tree_369	tree_370	tree_371	tree_372	tree_373	tree_374	tree_375	tree_376	tree_377	tree_378	tree_379	tree_380	tree_381	tree_382	tree_383	tree_384	tree_385	tree_386	tree_387	tree_388	tree_389	tree_390	tree_391	tree_392	tree_393	tree_394	tree_395	tree_396	tree_397	tree_398	tree_399	tree_400	tree_401	tree_402	tree_403	tree_404	tree_405	tree_406	tree_407	tree_408	tree_409	tree_410	tree_411	tree_412	tree_413	tree_414	tree_415	tree_416	tree_417	tree_418	tree_419	tree_420	tree_421	tree_422	tree_423	tree_424	tree_425	tree_426	tree_427	tree_428	tree_429	tree_430	tree_431	tree_432	tree_433	tree_434	tree_435	tree_436	tree_437	tree_438	tree_439	tree_440	tree_441	tree_442	tree_443	tree_444	tree_445	tree_446	tree_447	tree_448	tree_449	tree_450	tree_451	tree_452	tree_453	tree_454	tree_455	tree_456	tree_457	tree_458	tree_459	tree_460	tree_461	tree_462	tree_463	tree_464	tree_465	tree_466	tree_467	tree_468	tree_469	tree_470	tree_471	tree_472	tree_473	tree_474	tree_475	tree_476	tree_477	tree_478	tree_479	tree_480	tree_481	tree_482	tree_483	tree_484	tree_485	tree_486	tree_487	tree_488	tree_489	tree_490	tree_491	tree_492	tree_493	tree_494	tree_495	tree_496	tree_497	tree_498	tree_499	tree_500	tree_501	tree_502	tree_503	tree_504	tree_505	tree_506	tree_507	tree_508	tree_509	tree_510	tree_511	tree_512	tree_513	tree_514	tree_515	tree_516	tree_517	tree_518	tree_519	tree_520	tree_521	tree_522	tree_523	tree_524	tree_525	tree_526	tree_527	tree_528	tree_529	tree_530	tree_531	tree_532	tree_533	tree_534	tree_535	tree_536	tree_537	tree_538	tree_539	tree_540	tree_541	tree_542	tree_543	tree_544	tree_545	tree_546	tree_547	tree_548	tree_549	tree_550	tree_551	tree_552	tree_553	tree_554	tree_555	tree_556	tree_557	tree_558	tree_559	tree_560	tree_561	tree_562	tree_563	tree_564	tree_565	tree_566	tree_567	tree_568	tree_569	tree_570	tree_571	tree_572	tree_573	tree_574	tree_575	tree_576	tree_577	tree_578	tree_579	tree_580	tree_581	tree_582	tree_583	tree_584	tree_585	tree_586	tree_587	tree_588	tree_589	tree_590	tree_591	tree_592	tree_593	tree_594	tree_595	tree_596	tree_597	tree_598	tree_599	tree_600	tree_601	tree_602	tree_603	tree_604	tree_605	tree_606	tree_607	tree_608	tree_609	tree_610	tree_611	tree_612	tree_613	tree_614	tree_615	tree_616	tree_617	tree_618	tree_619	tree_620	tree_621	tree_622	tree_623	tree_624	tree_625	tree_626	tree_627	tree_628	tree_629	tree_630	tree_631	tree_632	tree_633	tree_634	tree_635	tree_636	tree_637	tree_638	tree_639	tree_640	tree_641	tree_642	tree_643	tree_644	tree_645	tree_646	tree_647	tree_648	tree_649	tree_650	tree_651	tree_652	tree_653	tree_654	tree_655	tree_656	tree_657	tree_658	tree_659	tree_660	tree_661	tree_662	tree_663	tree_664	tree_665	tree_666	tree_667	tree_668	tree_669	tree_670	tree_671	tree_672	tree_673	tree_674	tree_675	tree_676	tree_677	tree_678	tree_679	tree_680	tree_681	tree_682	tree_683	tree_684	tree_685	tree_686	tree_687	tree_688	tree_689	tree_690	tree_691	tree_692	tree_693	tree_694	tree_695	tree_696	tree_697	tree_698	tree_699	tree_700	tree_701	tree_702	tree_703	tree_704	tree_705	tree_706	tree_707	tree_708	tree_709	tree_710	tree_711	tree_712	tree_713	tree_714	tree_715	tree_716	tree_717	tree_718	tree_719	tree_720	tree_721	tree_722	tree_723	tree_724	tree_725	tree_726	tree_727	tree_728	tree_729	tree_730	tree_731	tree_732	tree_733	tree_734	tree_735	tree_736	tree_737	tree_738	tree_739	tree_740	tree_741	tree_742	tree_743	tree_744	tree_745	tree_746	tree_747	tree_748	tree_749	tree_750	tree_751	tree_752	tree_753	tree_754	tree_755	tree_756	tree_757	tree_758	tree_759	tree_760	tree_761	tree_762	tree_763	tree_764	tree_765	tree_766	tree_767	tree_768	tree_769	tree_770	tree_771	tree_772	tree_773	tree_774	tree_775	tree_776	tree_777	tree_778	tree_779	tree_780	tree_781	tree_782	tree_783	tree_784	tree_785	tree_786	tree_787	tree_788	tree_789	tree_790	tree_791	tree_792	tree_793	tree_794	tree_795	tree_796	tree_797	tree_798	tree_799	tree_800	tree_801	tree_802	tree_803	tree_804	tree_805	tree_806	tree_807	tree_808	tree_809	tree_810	tree_811	tree_812	tree_813	tree_814	tree_815	tree_816	tree_817	tree_818	tree_819	tree_820	tree_821	tree_822	tree_823	tree_824	tree_825	tree_826	tree_827	tree_828	tree_829	tree_830	tree_831	tree_832	tree_833	tree_834	tree_835	tree_836	tree_837	tree_838	tree_839	tree_840	tree_841	tree_842	tree_843	tree_844	tree_845	tree_846	tree_847	tree_848	tree_849	tree_850	tree_851	tree_852	tree_853	tree_854	tree_855	tree_856	tree_857	tree_858	tree_859	tree_860	tree_861	tree_862	tree_863	tree_864	tree_865	tree_866	tree_867	tree_868	tree_869	tree_870	tree_871	tree_872	tree_873	tree_874	tree_875	tree_876	tree_877	tree_878	tree_879	tree_880	tree_881	tree_882	tree_883	tree_884	tree_885	tree_886	tree_887	tree_888	tree_889	tree_890	tree_891	tree_892	tree_893	tree_894	tree_895	tree_896	tree_897	tree_898	tree_899	tree_900	tree_901	tree_902	tree_903	tree_904	tree_905	tree_906	tree_907	tree_908	tree_909	tree_910	tree_911	tree_912	tree_913	tree_914	tree_915	tree_916	tree_917	tree_918	tree_919	tree_920	tree_921	tree_922	tree_923	tree_924	tree_925	tree_926	tree_927	tree_928	tree_929	tree_930	tree_931	tree_932	tree_933	tree_934	tree_935	tree_936	tree_937	tree_938	tree_939	tree_940	tree_941	tree_942	tree_943	tree_944	tree_945	tree_946	tree_947	tree_948	tree_949	tree_950	tree_951	tree_952	tree_953	tree_954	tree_955	tree_956	tree_957	tree_958	tree_959	tree_960	tree_961	tree_962	tree_963	tree_964	tree_965	tree_966	tree_967	tree_968	tree_969	tree_970	tree_971	tree_972	tree_973	tree_974	tree_975	tree_976	tree_977	tree_978	tree_979	tree_980	tree_981	tree_982	tree_983	tree_984	tree_985	tree_986	tree_987	tree_988	tree_989	tree_990	tree_991	tree_992	tree_993	tree_994	tree_995	tree_996	tree_997	tree_998	tree_999	tree_1000
2023.42117341851	0	0	0	0	0	0	0	0	0	0	0	0	0	0	0	0	0	0	0	0	0	0	0	0	0	0	0	0	0	0	0	0	0	0	0	0	0	0	0	0	0	0	0	0	0	0	0	0	0	0	0	0	0	0	0	0	0	0	0	0	0	0	0	0	0	0	0	0	0	0	0	0	0	0	0	0	0	0	0	0	0	0	0	0	0	0	0	0	0	0	0	0	0	0	0	0	0	0	0	0	0	0	0	0	0	0	0	0	0	0	0	0	0	0	0	0	0	0	0	0	0	0	0	0	0	0	0	0	0	0	0	0	0	0	0	0	0	0	0	0	0	0	0	0	0	0	0	0	0	0	0	0	0	0	0	0	0	0	0	0	0	0	0	0	0	0	0	0	0	0	0	0	0	0	0	0	0	0	0	0	0	0	0	0	0	0	0	0	0	0	0	0	0	0	0	0	0	0	0	0	0	0	0	0	0	0	0	0	0	0	0	0	0	0	0	0	0	0	0	0	0	0	0	0	0	0	0	0	0	0	0	0	0	0	0	0	0	0	0	0	0	0	0	0	0	0	0	0	0	0	0	0	0	0	0	0	0	0	0	0	0	0	0	0	0	0	0	0	0	0	0	0	0	0	0	0	0	0	0	0	0	0	0	0	0	0	0	0	0	0	0	0	0	0	0	0	0	0	0	0	0	0	0	0	0	0	0	0	0	0	0	0	0	0	0	0	0	0	0	0	0	0	0	0	0	0	0	0	0	0	0	0	0	0	0	0	0	0	0	0	0	0	0	0	0	0	0	0	0	0	0	0	0	2	0	0	0	0	0	0	0	0	0	0	0	0	0	0	0	0	0	0	0	0	0	0	0	0	0	0	0	0	0	0	0	0	0	0	0	0	0	0	0	0	0	0	0	0	0	0	0	0	0	0	0	0	0	0	0	0	0	0	0	0	0	0	0	0	0	0	0	0	0	0	0	0	0	0	0	0	0	0	0	0	0	0	0	0	0	0	0	0	0	0	0	0	0	0	0	0	0	0	0	0	0	0	0	0	0	0	0	0	0	0	0	0	0	0	0	0	0	0	0	0	0	0	0	0	0	0	0	0	0	0	0	0	0	0	0	0	0	0	0	0	0	0	0	0	0	0	0	0	0	0	0	0	0	0	0	0	0	0	0	0	0	0	0	0	0	0	0	0	0	0	0	0	0	0	0	0	0	0	0	0	0	0	0	0	0	0	0	0	0	0	0	0	0	0	0	0	0	0	0	0	0	0	0	0	0	0	0	0	0	0	0	0	0	0	0	0	0	0	0	0	0	0	0	0	0	0	0	0	0	0	0	0	0	0	0	0	0	0	0	0	0	0	0	0	0	0	0	0	0	0	0	0	0	0	0	0	0	0	0	0	0	0	0	0	0	0	0	0	0	0	0	0	0	0	0	0	0	0	0	0	0	0	0	0	0	0	0	0	0	0	0	0	0	0	0	0	0	0	0	0	0	0	0	0	0	0	0	0	0	0	0	0	0	0	0	0	0	0	0	0	0	0	0	0	0	0	0	0	0	0	0	0	0	0	0	0	0	0	0	0	0	0	0	0	0	0	0	0	0	0	0	0	0	0	0	0	0	0	0	0	0	0	0	0	0	0	0	0	0	0	0	0	0	0	0	0	0	0	0	0	0	0	0	0	0	0	0	0	0	0	0	0	0	0	0	0	0	0	0	0	0	0	0	0	0	0	0	0	0	0	0	0	0	0	0	0	0	0	0	0	0	0	0	0	0	0	0	0	0	0	0	0	0	0	0	0	0	0	0	0	0	0	0	0	0	0	0	0	0	0	0	0	0	0	0	0	0	0	0	0	0	0	0	0	0	0	0	0	0	0	0	0	0	0	0	0	0	0	0	0	0	0	0	0	0	0	0	0	0	0	0	0	0	0	0	0	0	0	0	0	0	0	0	0	0	0	0	0	0	0	0	0	0	0	0	0	0	0	0	0	0	0	0	0	0	0	0	0	0	0	0	0	0	0	0	0	0	0	0	0	0	0	0	0	0	0	0	0	0	0	0	0	0	0	0	0	0	0	0	0	0	0	0	0	0	0	0	0	0	0	0	0	0	0	0	0	0	0	0	0	0	0	0	0	0	0	0	0	0	0	0	0	0	0	0	0	0	0	0	0	0	0	0	0	0	0	0	0	0	0	0	0	0	0	0	0	0	0	0	0	0	0	0	0	0	0	0	0	0	0	0	0	0	0	0	0	0	0	0	0	0	0	0	0	0	0
2023.42574063259	0	0	0	0	0	0	0	0	0	0	0	0	0	0	0	0	0	0	0	0	0	0	0	0	0	0	0	0	0	0	0	0	0	0	0	0	0	0	0	0	0	0	0	0	0	0	0	0	0	0	0	0	0	0	0	0	0	0	0	0	0	0	0	0	0	0	0	0	0	0	0	0	0	0	0	0	0	0	0	0	0	0	0	0	0	0	0	0	0	0	0	0	0	0	0	0	0	0	0	0	0	0	0	0	0	0	0	0	0	0	0	0	0	0	0	0	0	0	0	0	0	0	0	0	0	0	0	0	0	0	0	0	0	0	0	0	0	0	0	0	0	0	0	0	0	0	0	0	0	0	0	0	0	0	0	0	0	0	0	0	0	0	0	0	0	0	0	0	0	0	0	0	0	0	0	0	0	0	0	0	0	0	0	0	0	0	0	0	0	0	0	0	0	0	0	0	0	0	0	0	0	0	0	0	0	0	0	0	0	0	0	0	0	0	0	0	0	0	0	0	0	0	0	0	0	0	0	0	0	0	0	0	0	0	0	0	0	0	0	0	0	0	0	0	0	0	0	0	0	0	0	0	0	0	0	0	0	0	0	0	0	0	0	0	0	0	0	0	0	0	0	0	0	0	0	0	0	0	0	0	0	0	0	0	0	0	0	0	0	0	0	0	0	0	0	0	0	0	0	0	0	0	0	0	0	0	0	0	0	0	0	0	0	0	0	0	0	0	0	0	0	0	0	0	0	0	0	0	0	0	0	0	0	0	0	0	0	0	0	0	0	0	0	0	0	0	0	0	0	0	0	0	0	2	0	0	0	0	0	0	0	0	0	0	0	0	0	0	0	0	0	0	0	0	0	0	0	0	0	0	0	0	0	0	0	0	0	0	0	0	0	0	0	0	0	0	0	0	0	0	0	0	0	0	0	0	0	0	0	0	0	0	0	0	0	0	0	0	0	0	0	0	0	0	0	0	0	0	0	0	0	0	0	0	0	0	0	0	0	0	0	0	0	0	0	0	0	0	0	0	0	0	0	0	0	0	0	0	0	0	0	0	0	0	0	0	0	0	0	0	0	0	0	0	0	0	0	0	0	0	0	0	0	0	0	0	0	0	0	0	0	0	0	0	0	0	0	0	0	0	0	0	0	0	0	0	0	0	0	0	0	0	0	0	0	0	0	0	0	0	0	0	0	0	0	0	0	0	0	0	0	0	0	0	0	0	0	0	0	0	0	0	0	0	0	0	0	0	0	0	0	0	0	0	0	0	0	0	0	0	0	0	0	0	0	0	0	0	0	0	0	0	0	0	0	0	0	0	0	0	0	0	0	0	0	0	0	0	0	0	0	0	0	0	0	0	0	0	0	0	0	0	0	0	0	0	0	0	0	0	0	0	0	0	0	0	0	0	0	0	0	0	0	0	0	0	0	0	0	0	0	0	0	0	0	0	0	0	0	0	0	0	0	0	0	0	0	0	0	0	0	0	0	0	0	0	0	0	0	0	0	0	0	0	0	0	0	0	0	0	0	0	0	0	0	0	0	0	0	0	0	0	0	0	0	0	0	0	0	0	0	0	0	0	0	0	0	0	0	0	0	0	0	0	0	0	0	0	0	0	0	0	0	0	0	0	0	0	0	0	0	0	0	0	0	0	0	0	0	0	0	0	0	0	0	0	0	0	0	0	0	0	0	0	0	0	0	0	0	0	0	0	0	0	0	0	0	0	0	0	0	0	0	0	0	0	0	0	0	0	0	0	0	0	0	0	0	0	0	0	0	0	0	0	0	0	0	0	0	0	0	0	0	0	0	0	0	0	0	0	0	0	0	0	0	0	0	0	0	0	0	0	0	0	0	0	0	0	0	0	0	0	0	0	0	0	0	0	0	0	0	0	0	0	0	0	0	0	0	0	0	0	0	0	0	0	0	0	0	0	0	0	0	0	0	0	0	0	0	0	0	0	0	0	0	0	0	0	0	0	0	0	0	0	0	0	0	0	0	0	0	0	0	0	0	0	0	0	0	0	0	0	0	0	0	0	0	0	0	0	0	0	0	0	0	0	0	0	0	0	0	0	0	0	0	0	0	0	0	0	0	0	0	0	0	0	0	0	0	0	0	0	0	0	0	0	0	0	0	0	0	0	0	0	0	0	0	0	0	0	0	0	0	0	0	0	0	0	0	0	0	0	0	0	0	0	0	0	0	0	0	0	0	0	0	0	0	0	0	0	0	0	0	0	0	0	0	0	0	0	0	0	0	0	0	0	0	0	0	0
2023.43030784666	0	0	0	0	0	0	0	0	0	0	0	0	0	0	0	0	0	0	0	0	0	0	0	0	0	0	0	0	0	0	0	0	0	0	0	0	0	0	0	0	0	0	0	0	0	0	0	0	0	0	0	0	0	0	0	0	0	0	0	0	0	0	0	0	0	0	0	0	0	0	0	0	0	0	0	0	0	0	0	0	0	0	0	0	0	0	0	0	0	0	0	0	0	0	0	0	0	0	0	0	0	0	0	0	0	0	0	0	0	0	0	0	0	0	0	0	0	0	0	0	0	0	0	0	0	0	0	0	0	0	0	0	0	0	0	0	0	0	0	0	0	0	0	0	0	0	0	0	0	0	0	0	0	0	0	0	0	0	0	0	0	0	0	0	0	0	0	0	0	0	0	0	0	0	0	0	0	0	0	0	0	0	0	0	0	0	0	0	0	0	0	0	0	0	0	0	0	0	0	0	0	0	0	0	0	0	0	0	0	0	0	0	0	0	0	0	0	0	0	0	0	0	0	0	0	0	0	0	0	0	0	0	0	0	0	0	0	0	0	0	0	0	0	0	0	0	0	0	0	0	0	0	0	0	0	0	0	0	0	0	0	0	0	0	0	0	0	0	0	0	0	0	0	0	0	0	0	0	0	0	0	0	0	0	0	0	0	0	0	0	0	0	0	0	0	0	0	0	0	0	0	0	0	0	0	0	0	0	0	0	0	0	0	0	0	0	0	0	0	0	0	0	0	0	0	0	0	0	0	0	0	0	0	0	0	0	0	0	0	0	0	0	0	0	0	0	0	0	0	0	0	0	0	2	0	0	0	0	0	0	0	0	0	0	0	0	0	0	0	0	0	0	0	0	0	0	0	0	0	0	0	0	0	0	0	0	0	0	0	0	0	0	0	0	0	0	0	0	0	0	0	0	0	0	0	0	0	0	0	0	0	0	0	0	0	0	0	0	0	0	0	0	0	0	0	0	0	0	0	0	0	0	0	0	0	0	0	0	0	0	0	0	0	0	0	0	0	0	0	0	0	0	0	0	0	0	0	0	0	0	0	0	0	0	0	0	0	0	0	0	0	0	0	0	0	0	0	0	0	0	0	0	0	0	0	0	0	0	0	0	0	0	0	0	0	0	0	0	0	0	0	0	0	0	0	0	0	0	0	0	0	0	0	0	0	0	0	0	0	0	0	0	0	0	0	0	0	0	0	0	0	0	0	0	0	0	0	0	0	0	0	0	0	0	0	0	0	0	0	0	0	0	0	0	0	0	0	0	0	0	0	0	0	0	0	0	0	0	0	0	0	0	0	0	0	0	0	0	0	0	0	0	0	0	0	0	0	0	0	0	0	0	0	0	0	0	0	0	0	0	0	0	0	0	0	0	0	0	0	0	0	0	0	0	0	0	0	0	0	0	0	0	0	0	0	0	0	0	0	0	0	0	0	0	0	0	0	0	0	0	0	0	0	0	0	0	0	0	0	0	0	0	0	0	0	0	0	0	0	0	0	0	0	0	0	0	0	0	0	0	0	0	0	0	0	0	0	0	0	0	0	0	0	0	0	0	0	0	0	0	0	0	0	0	0	0	0	0	0	0	0	0	0	0	0	0	0	0	0	0	0	0	0	0	0	0	0	0	0	0	0	0	0	0	0	0	0	0	0	0	0	0	0	0	0	0	0	0	0	0	0	0	0	0	0	0	0	0	0	0	0	0	0	0	0	0	0	0	0	0	0	0	0	0	0	0	0	0	0	0	0	0	0	0	0	0	0	0	0	0	0	0	0	0	0	0	0	0	0	0	0	0	0	0	0	0	0	0	0	0	0	0	0	0	0	0	0	0	0	0	0	0	0	0	0	0	0	0	0	0	0	0	0	0	0	0	0	0	0	0	0	0	0	0	0	0	0	0	0	0	0	0	0	0	0	0	0	0	0	0	0	0	0	0	0	0	0	0	0	0	0	0	0	0	0	0	0	0	0	0	0	0	0	0	0	0	0	0	0	0	0	0	0	0	0	0	0	0	0	0	0	0	0	0	0	0	0	0	0	0	0	0	0	0	0	0	0	0	0	0	0	0	0	0	0	0	0	0	0	0	0	0	0	0	0	0	0	0	0	0	0	0	0	0	0	0	0	0	0	0	0	0	0	0	0	0	0	0	0	0	0	0	0	0	0	0	0	0	0	0	0	0	0	0	0	0	0	0	0	0	0	0	0	0	0	0	0	0	0	0	0	0	0	0	0	0	0	0	0	0	0	0	0	0	0	0	0	0	0	0
2023.43487506074	0	0	0	0	0	0	0	0	0	0	0	0	0	0	0	0	0	0	0	0	0	0	0	0	0	0	0	0	0	0	0	0	0	0	0	0	0	0	0	0	0	0	0	0	0	0	0	0	0	0	0	0	0	0	0	0	0	0	0	0	0	0	0	0	0	0	0	0	0	0	0	0	0	0	0	0	0	0	0	0	0	0	0	0	0	0	0	0	0	0	0	0	0	0	0	0	0	0	0	0	0	0	0	0	0	0	0	0	0	0	0	0	0	0	0	0	0	0	0	0	0	0	0	0	0	0	0	0	0	0	0	0	0	0	0	0	0	0	0	0	0	0	0	0	0	0	0	0	0	0	0	0	0	0	0	0	0	0	0	0	0	0	0	0	0	0	0	0	0	0	0	0	0	0	0	0	0	0	0	0	0	0	0	0	0	0	0	0	0	0	0	0	0	0	0	0	0	0	0	0	0	0	0	0	0	0	0	0	0	0	0	0	0	0	0	0	0	0	0	0	0	0	0	0	0	0	0	0	0	0	0	0	0	0	0	0	0	0	0	0	0	0	0	0	0	0	0	0	0	0	0	0	0	0	0	0	0	0	0	0	0	0	0	0	0	0	0	0	0	0	0	0	0	0	0	0	0	0	0	0	0	0	0	0	0	0	0	0	0	0	0	0	0	0	0	0	0	0	0	0	0	0	0	0	0	0	0	0	0	0	0	0	0	0	0	0	0	0	0	0	0	0	0	0	0	0	0	0	0	0	0	0	0	0	0	0	0	0	0	0	0	0	0	0	0	0	0	0	0	0	0	0	0	2	0	0	0	0	0	0	0	0	0	0	0	0	0	0	0	0	0	0	0	0	0	0	0	0	0	0	0	0	0	0	0	0	0	0	0	0	0	0	0	0	0	0	0	0	0	0	0	0	0	0	0	0	0	0	0	0	0	0	0	0	0	0	0	0	0	0	0	0	0	0	0	0	0	0	0	0	0	0	0	0	0	0	0	0	0	0	0	0	0	0	0	0	0	0	0	0	0	0	0	0	0	0	0	0	0	0	0	0	0	0	0	0	0	0	0	0	0	0	0	0	0	0	0	0	0	0	0	0	0	0	0	0	0	0	0	0	0	0	0	0	0	0	0	0	0	0	0	0	0	0	0	0	0	0	0	0	0	0	0	0	0	0	0	0	0	0	0	0	0	0	0	0	0	0	0	0	0	0	0	0	0	0	0	0	0	0	0	0	0	0	0	0	0	0	0	0	0	0	0	0	0	0	0	0	0	0	0	0	0	0	0	0	0	0	0	0	0	0	0	0	0	0	0	0	0	0	0	0	0	0	0	0	0	0	0	0	0	0	0	0	0	0	0	0	0	0	0	0	0	0	0	0	0	0	0	0	0	0	0	0	0	0	0	0	0	0	0	0	0	0	0	0	0	0	0	0	0	0	0	0	0	0	0	0	0	0	0	0	0	0	0	0	0	0	0	0	0	0	0	0	0	0	0	0	0	0	0	0	0	0	0	0	0	0	0	0	0	0	0	0	0	0	0	0	0	0	0	0	0	0	0	0	0	0	0	0	0	0	0	0	0	0	0	0	0	0	0	0	0	0	0	0	0	0	0	0	0	0	0	0	0	0	0	0	0	0	0	0	0	0	0	0	0	0	0	0	0	0	0	0	0	0	0	0	0	0	0	0	0	0	0	0	0	0	0	0	0	0	0	0	0	0	0	0	0	0	0	0	0	0	0	0	0	0	0	0	0	0	0	0	0	0	0	0	0	0	0	0	0	0	0	0	0	0	0	0	0	0	0	0	0	0	0	0	0	0	0	0	0	0	0	0	0	0	0	0	0	0	0	0	0	0	0	0	0	0	0	0	0	0	0	0	0	0	0	0	0	0	0	0	0	0	0	0	0	0	0	0	0	0	0	0	0	0	0	0	0	0	0	0	0	0	0	0	0	0	0	0	0	0	0	0	0	0	0	0	0	0	0	0	0	0	0	0	0	0	0	0	0	0	0	0	0	0	0	0	0	0	0	0	0	0	0	0	0	0	0	0	0	0	0	0	0	0	0	0	0	0	0	0	0	0	0	0	0	0	0	0	0	0	0	0	0	0	0	0	0	0	0	0	0	0	0	0	0	0	0	0	0	0	0	0	0	0	0	0	0	0	0	0	0	0	0	0	0	0	0	0	0	0	0	0	0	0	0	0	0	0	0	0	0	0	0	0	0	0	0	0	0	0	0	0	0	0	0	0	0	0	0	0	0	0	0	0	0	0
2023.43944227482	0	0	0	0	0	0	0	0	0	0	0	0	0	0	0	0	0	0	0	0	0	0	0	0	0	0	0	0	0	0	0	0	0	0	0	0	0	0	0	0	0	0	0	0	0	0	0	0	0	0	0	0	0	0	0	0	0	0	0	0	0	0	0	0	0	0	0	0	0	0	0	0	0	0	0	0	0	0	0	0	0	0	0	0	0	0	0	0	0	0	0	0	0	0	0	0	0	0	0	0	0	0	0	0	0	0	0	0	0	0	0	0	0	0	0	0	0	0	0	0	0	0	0	0	0	0	0	0	0	0	0	0	0	0	0	0	0	0	0	0	0	0	0	0	0	0	0	0	0	0	0	0	0	0	0	0	0	0	0	0	0	0	0	0	0	0	0	0	0	0	0	0	0	0	0	0	0	0	0	0	0	0	0	0	0	0	0	0	0	0	0	0	0	0	0	0	0	0	0	0	0	0	0	0	0	0	0	0	0	0	0	0	0	0	0	0	0	0	0	0	0	0	0	0	0	0	0	0	0	0	0	0	0	0	0	0	0	0	0	0	0	0	0	0	0	0	0	0	0	0	0	0	0	0	0	0	0	0	0	0	0	0	0	0	0	0	0	0	0	0	0	0	0	0	0	0	0	0	0	0	0	0	0	0	0	0	0	0	0	0	0	0	0	0	0	0	0	0	0	0	0	0	0	0	0	0	0	0	0	0	0	0	0	0	0	0	0	0	0	0	0	0	0	0	0	0	0	0	0	0	0	0	0	0	0	0	0	0	0	0	0	0	0	0	0	0	0	0	0	0	0	0	0	2	0	0	0	0	0	0	0	0	0	0	0	0	0	0	0	0	0	0	0	0	0	0	0	0	0	0	0	0	0	0	0	0	0	0	0	0	0	0	0	0	0	0	0	0	0	0	0	0	0	0	0	0	0	0	0	0	0	0	0	0	0	0	0	0	0	0	0	0	0	0	0	0	0	0	0	0	0	0	0	0	0	0	0	0	0	0	0	0	0	0	0	0	0	0	0	0	0	0	0	0	0	0	0	0	0	0	0	0	0	0	0	0	0	0	0	0	0	0	0	0	0	0	0	0	0	0	0	0	0	0	0	0	0	0	0	0	0	0	0	0	0	0	0	0	0	0	0	0	0	0	0	0	0	0	0	0	0	0	0	0	0	0	0	0	0	0	0	0	0	0	0	0	0	0	0	0	0	0	0	0	0	0	0	0	0	0	0	0	0	0	0	0	0	0	0	0	0	0	0	0	0	0	0	0	0	0	0	0	0	0	0	0	0	0	0	0	0	0	0	0	0	0	0	0	0	0	0	0	0	0	0	0	0	0	0	0	0	0	0	0	0	0	0	0	0	0	0	0	0	0	0	0	0	0	0	0	0	0	0	0	0	0	0	0	0	0	0	0	0	0	0	0	0	0	0	0	0	0	0	0	0	0	0	0	0	0	0	0	0	0	0	0	0	0	0	0	0	0	0	0	0	0	0	0	0	0	0	0	0	0	0	0	0	0	0	0	0	0	0	0	0	0	0	0	0	0	0	0	0	0	0	0	0	0	0	0	0	0	0	0	0	0	0	0	0	0	0	0	0	0	0	0	0	0	0	0	0	0	0	0	0	0	0	0	0	0	0	0	0	0	0	0	0	0	0	0	0	0	0	0	0	0	0	0	0	0	0	0	0	0	0	0	0	0	0	0	0	0	0	0	0	0	0	0	0	0	0	0	0	0	0	0	0	0	0	0	0	0	0	0	0	0	0	0	0	0	0	0	0	0	0	0	0	0	0	0	0	0	0	0	0	0	0	0	0	0	0	0	0	0	0	0	0	0	0	0	0	0	0	0	0	0	0	0	0	0	0	0	0	0	0	0	0	0	0	0	0	0	0	0	0	0	0	0	0	0	0	0	0	0	0	0	0	0	0	0	0	0	0	0	0	0	0	0	0	0	0	0	0	0	0	0	0	0	0	0	0	0	0	0	0	0	0	0	0	0	0	0	0	0	0	0	0	0	0	0	0	0	0	0	0	0	0	0	0	0	0	0	0	0	0	0	0	0	0	0	0	0	0	0	0	0	0	0	0	0	0	0	0	0	0	0	0	0	0	0	0	0	0	0	0	0	0	0	0	0	0	0	0	0	0	0	0	0	0	0	0	0	0	0	0	0	0	0	0	0	0	0	0	0	0	0	0	0	0	0	0	0	0	0	0	0	0	0	0	0	0	0	0	0	0	0	0	0	0	0	0	0	0	0	0	0	0	0	0	0
2023.44400948889	0	0	0	0	0	0	0	0	0	0	0	0	0	0	0	0	0	0	0	0	0	0	0	0	0	0	0	0	0	0	0	0	0	0	0	0	0	0	0	0	0	0	0	0	0	0	0	0	0	0	0	0	0	0	0	0	0	0	0	0	0	0	0	0	0	0	0	0	0	0	0	0	0	0	0	0	0	0	0	0	0	0	0	0	0	0	0	0	0	0	0	0	0	0	0	0	0	0	0	0	0	0	0	0	0	0	0	0	0	0	0	0	0	0	0	0	0	0	0	0	0	0	0	0	0	0	0	0	0	0	0	0	0	0	0	0	0	0	0	0	0	0	0	0	0	0	0	0	0	0	0	0	0	0	0	0	0	0	0	0	0	0	0	0	0	0	0	0	0	0	0	0	0	0	0	0	0	0	0	0	0	0	0	0	0	0	0	0	0	0	0	0	0	0	0	0	0	0	0	0	0	0	0	0	0	0	0	0	0	0	0	0	0	0	0	0	0	0	0	0	0	0	0	0	0	0	0	0	0	0	0	0	0	0	0	0	0	0	0	0	0	0	0	0	0	0	0	0	0	0	0	0	0	0	0	0	0	0	0	0	0	0	0	0	0	0	0	0	0	0	0	0	0	0	0	0	0	0	0	0	0	0	0	0	0	0	0	0	0	0	0	0	0	0	0	0	0	0	0	0	0	0	0	0	0	0	0	0	0	0	0	0	0	0	0	0	0	0	0	0	0	0	0	0	0	0	0	0	0	0	0	0	0	0	0	0	0	0	0	0	0	0	0	0	0	0	0	0	0	0	0	0	0	0	0	0	0	0	0	0	0	0	0	0	0	0	0	0	0	0	0	0	0	0	0	0	0	0	0	0	0	0	0	0	0	0	0	0	0	0	0	0	0	0	0	0	0	0	0	0	0	0	0	0	0	0	0	0	0	0	0	0	0	0	0	0	0	0	0	0	0	0	0	0	0	0	0	0	0	0	0	0	0	0	0	0	0	0	0	0	0	0	0	0	0	0	0	0	0	0	0	0	0	0	0	0	0	0	0	0	0	0	0	0	0	0	0	0	0	0	0	0	0	0	0	0	0	0	0	0	0	0	0	0	0	0	0	0	0	0	0	0	0	0	0	0	0	0	0	0	0	0	0	0	0	0	0	0	0	0	0	0	0	0	0	0	0	0	0	0	0	0	0	0	0	0	0	0	0	0	0	0	0	0	0	0	0	0	0	0	0	0	0	0	0	0	0	0	0	0	0	0	0	0	0	0	0	0	0	0	0	0	0	0	0	0	0	0	0	0	0	0	0	0	0	0	0	0	0	0	0	0	0	0	0	0	0	0	0	0	0	0	0	0	0	0	0	0	0	0	0	0	0	0	0	0	0	0	0	0	0	0	0	0	0	0	0	0	0	0	0	0	0	0	0	0	0	0	0	0	0	0	0	0	0	0	0	0	0	0	0	0	0	0	0	0	0	0	0	0	0	0	0	0	0	0	0	0	0	0	0	0	0	0	0	0	0	0	0	0	0	0	0	0	0	0	0	0	0	0	0	0	0	0	0	0	0	0	0	0	0	0	0	0	0	0	0	0	0	0	0	0	0	0	0	0	0	0	0	0	0	0	0	0	0	0	0	0	0	0	0	0	0	0	0	0	0	0	0	0	0	0	0	0	0	0	0	0	0	0	0	0	0	0	0	0	0	0	0	0	0	0	0	0	0	0	0	0	0	0	0	0	0	0	0	0	0	0	0	0	0	0	0	0	0	0	0	0	0	0	0	0	0	0	0	0	0	0	0	0	0	0	0	0	0	0	0	0	0	0	0	0	0	0	0	0	0	0	0	0	0	0	0	0	0	0	0	0	0	0	0	0	0	0	0	0	0	0	0	0	0	0	0	0	0	0	0	0	0	0	0	0	0	0	0	0	0	0	0	0	0	0	0	0	0	0	0	0	0	0	0	0	0	0	0	0	0	0	0	0	0	0	0	0	0	0	0	0	0	0	0	0	0	0	0	0	0	0	0	0	0	0	0	0	0	0	0	0	0	0	0	0	0	0	0	0	0	0	0	0	0	0	0	0	0	0	0	0	0	0	0	0	0	0	0	0	0	0	0	0	0	0	0	0	0	0	0	0	0	0	0	0	0	0	0	0	0	0	0	0	0	0	0	0	0	0	0	0	0	0	0	0	0	0	0	0	0	0	0	0	0	0	0	0	0	0	0	0	0	0	0	0	0	0	0	0	0	0	0	0	0	0	0	0	0	0	0	0	0	0
2023.44857670297	0	0	0	0	0	0	0	0	0	0	0	0	0	0	0	0	0	0	0	0	0	0	0	0	0	0	0	0	0	0	0	0	0	0	0	0	0	0	0	0	0	0	0	0	0	0	0	0	0	0	0	0	0	0	0	0	0	0	0	0	0	0	0	0	0	0	0	0	0	0	0	0	0	0	0	0	0	0	0	0	0	0	0	0	0	0	0	0	0	0	0	0	0	0	0	0	0	0	0	0	0	0	0	0	0	0	0	0	0	0	0	0	0	0	0	0	0	0	0	0	0	0	0	0	0	0	0	0	0	0	0	0	0	0	0	0	0	0	0	0	0	0	0	0	0	0	0	0	0	0	0	0	0	0	0	0	0	0	0	0	0	0	0	0	0	0	0	0	0	0	0	0	0	0	0	0	0	0	0	0	0	0	0	0	0	0	0	0	0	0	0	0	0	0	0	0	0	0	0	0	0	0	0	0	0	0	0	0	0	0	0	0	0	0	0	0	0	0	0	0	0	0	0	0	0	0	0	0	0	0	0	0	0	0	0	0	0	0	0	0	0	0	0	0	0	0	0	0	0	0	0	0	0	0	0	0	0	0	0	0	0	0	0	0	0	0	0	0	0	0	0	0	0	0	0	0	0	0	0	0	0	0	0	0	0	0	0	0	0	0	0	0	0	0	0	0	0	0	0	0	0	0	0	0	0	0	0	0	0	0	0	0	0	0	0	0	0	0	0	0	0	0	0	0	0	0	0	0	0	0	0	0	0	0	0	0	0	0	0	0	0	0	0	0	0	0	0	0	0	0	0	0	0	0	0	0	0	0	0	0	0	0	0	0	0	0	0	0	0	0	0	0	0	0	0	0	0	0	0	0	0	0	0	0	0	0	0	0	0	0	0	0	0	0	0	0	0	0	0	0	0	0	0	0	0	0	0	0	0	0	0	0	0	0	0	0	0	0	0	0	0	0	0	0	0	0	0	0	0	0	0	0	0	0	0	0	0	0	0	0	0	0	0	0	0	0	0	0	0	0	0	0	0	0	0	0	0	0	0	0	0	0	0	0	0	0	0	0	0	0	0	0	0	0	0	0	0	0	0	0	0	0	0	0	0	0	0	0	0	0	0	0	0	0	0	0	0	0	0	0	0	0	0	0	0	0	0	0	0	0	0	0	0	0	0	0	0	0	0	0	0	0	0	0	0	0	0	0	0	0	0	0	0	0	0	0	0	0	0	0	0	0	0	0	0	0	0	0	0	0	0	0	0	0	0	0	0	0	0	0	0	0	0	0	0	0	0	0	0	0	0	0	0	0	0	0	0	0	0	0	0	0	0	0	0	0	0	0	0	0	0	0	0	0	0	0	0	0	0	0	0	0	0	0	0	0	0	0	0	0	0	0	0	0	0	0	0	0	0	0	0	0	0	0	0	0	0	0	0	0	0	0	0	0	0	0	0	0	0	0	0	0	0	0	0	0	0	0	0	0	0	0	0	0	0	0	0	0	0	0	0	0	0	0	0	0	0	0	0	0	0	0	0	0	0	0	0	0	0	0	0	0	0	0	0	0	0	0	0	0	0	0	0	0	0	0	0	0	0	0	0	0	0	0	0	0	0	0	0	0	0	0	0	0	0	0	0	0	0	0	0	0	0	0	0	0	0	0	0	0	0	0	0	0	0	0	0	0	0	0	0	0	0	0	0	0	0	0	0	0	0	0	0	0	0	0	0	0	0	0	0	0	0	0	0	0	0	0	0	0	0	0	0	0	0	0	0	0	0	0	0	0	0	0	0	0	0	0	0	0	0	0	0	0	0	0	0	0	0	0	0	0	0	0	0	0	0	0	0	0	0	0	0	0	0	0	0	0	0	0	0	0	0	0	0	0	0	0	0	0	0	0	0	0	0	0	0	0	0	0	0	0	0	0	0	0	0	0	0	0	0	0	0	0	0	0	0	0	0	0	0	0	0	0	0	0	0	0	0	0	0	0	0	0	0	0	0	0	0	0	0	0	0	0	0	0	0	0	0	0	0	0	0	0	0	0	0	0	0	0	0	0	0	0	0	0	0	0	0	0	0	0	0	0	0	0	0	0	0	0	0	0	0	0	0	0	0	0	0	0	0	0	0	0	0	0	0	0	0	0	0	0	0	0	0	0	0	0	0	0	0	0	0	0	0	0	0	0	0	0	0	0	0	0	0	0	0	0	0	0	0	0	0	0	0	0	0	0	0	0	0	0	0	0	0	0	0	0	0	0	0	0	0	0	0	0	0	0	0	0
2023.45314391705	0	0	0	0	0	0	0	0	0	0	0	0	0	0	0	0	0	0	0	0	0	0	0	0	0	0	0	0	0	0	0	0	0	0	0	0	0	0	0	0	0	0	0	0	0	0	0	0	0	0	0	0	0	0	0	0	0	0	0	0	0	0	0	0	0	0	0	0	0	0	0	0	0	0	0	0	0	0	0	0	0	0	0	0	0	0	0	0	0	0	0	0	0	0	0	0	0	0	0	0	0	0	0	0	0	0	0	0	0	0	0	0	0	0	0	0	0	0	0	0	0	0	0	0	0	0	0	0	0	0	0	0	0	0	0	0	0	0	0	0	0	0	0	0	0	0	0	0	0	0	0	0	0	0	0	0	0	0	0	0	0	0	0	0	0	0	0	0	0	0	0	0	0	0	0	0	0	0	0	0	0	0	0	0	0	0	0	0	0	0	0	0	0	0	0	0	0	0	0	0	0	0	0	0	0	0	0	0	0	0	0	0	0	0	0	0	0	0	0	0	0	0	0	0	0	0	0	0	0	0	0	0	0	0	0	0	0	0	0	0	0	0	0	0	0	0	0	0	0	0	0	0	0	0	0	0	0	0	0	0	0	0	0	0	0	0	0	0	0	0	0	0	0	0	0	0	0	0	0	0	0	0	0	0	0	0	0	0	0	0	0	0	0	0	0	0	0	0	0	0	0	0	0	0	0	0	0	0	0	0	0	0	0	0	0	0	0	0	0	0	0	0	0	0	0	0	0	0	0	0	0	0	0	0	0	0	0	0	0	0	0	0	0	0	0	0	0	0	0	0	0	0	0	0	0	0	0	0	0	0	0	0	0	0	0	0	0	0	0	0	0	0	0	0	0	0	0	0	0	0	0	0	0	0	0	0	0	0	0	0	0	0	0	0	0	0	0	0	0	0	0	0	0	0	0	0	0	0	0	0	0	0	0	0	0	0	0	0	0	0	0	0	0	0	0	0	0	0	0	0	0	0	0	0	0	0	0	0	0	0	0	0	0	0	0	0	0	0	0	0	0	0	0	0	0	0	0	0	0	0	0	0	0	0	0	0	0	0	0	0	0	0	0	0	0	0	0	0	0	0	0	0	0	0	0	0	0	0	0	0	0	0	0	0	0	0	0	0	0	0	0	0	0	0	0	0	0	0	0	0	0	0	0	0	0	0	0	0	0	0	0	0	0	0	0	0	0	0	0	0	0	0	0	0	0	0	0	0	0	0	0	0	0	0	0	0	0	0	0	0	0	0	0	0	0	0	0	0	0	0	0	0	0	0	0	0	0	0	0	0	0	0	0	0	0	0	0	0	0	0	0	0	0	0	0	0	0	0	0	0	0	0	0	0	0	0	0	0	0	0	0	0	0	0	0	0	0	0	0	0	0	0	0	0	0	0	0	0	0	0	0	0	0	0	0	0	0	0	0	0	0	0	0	0	0	0	0	0	0	0	0	0	0	0	0	0	0	0	0	0	0	0	0	0	0	0	0	0	0	0	0	0	0	0	0	0	0	0	0	0	0	0	0	0	0	0	0	0	0	0	0	0	0	0	0	0	0	0	0	0	0	0	0	0	0	0	0	0	0	0	0	0	0	0	0	0	0	0	0	0	0	0	0	0	0	0	0	0	0	0	0	0	0	0	0	0	0	0	0	0	0	0	0	0	0	0	0	0	0	0	0	0	0	0	0	0	0	0	0	0	0	0	0	0	0	0	0	0	0	0	0	0	0	0	0	0	0	0	0	0	0	0	0	0	0	0	0	0	0	0	0	0	0	0	0	0	0	0	0	0	0	0	0	0	0	0	0	0	0	0	0	0	0	0	0	0	0	0	0	0	0	0	0	0	0	0	0	0	0	0	0	0	0	0	0	0	0	0	0	0	0	0	0	0	0	0	0	0	0	0	0	0	0	0	0	0	0	0	0	0	0	0	0	0	0	0	0	0	0	0	0	0	0	0	0	0	0	0	0	0	0	0	0	0	0	0	0	0	0	0	0	0	0	0	0	0	0	0	0	0	0	0	0	0	0	0	0	0	0	0	0	0	0	0	0	0	0	0	0	0	0	0	0	0	0	0	0	0	0	0	0	0	0	0	0	0	0	0	0	0	0	0	0	0	0	0	0	0	0	0	0	0	0	0	0	0	0	0	0	0	0	0	0	0	0	0	0	0	0	0	0	0	0	0	0	0	0	0	0	0	0	0	0	0	0	0	0	0	0	0	0	0	0	0	0	0	0	0	0	0	0	0	0	0	0	0	0	0	0	0
2023.45771113112	0	0	0	0	0	0	0	0	0	0	0	0	0	0	0	0	0	0	0	0	0	0	0	0	0	0	0	0	0	0	0	0	0	0	0	0	0	0	0	0	0	0	0	0	0	0	0	0	0	0	0	0	0	0	0	0	0	0	0	0	0	0	0	0	0	0	0	0	0	0	0	0	0	0	0	0	0	0	0	0	0	0	0	0	0	0	0	0	0	0	0	0	0	0	0	0	0	0	0	0	0	0	0	0	0	0	0	0	0	0	0	0	0	0	0	0	0	0	0	0	0	0	0	0	0	0	0	0	0	0	0	0	0	0	0	0	0	0	0	0	0	0	0	0	0	0	0	0	0	0	0	0	0	0	0	0	0	0	0	0	0	0	0	0	0	0	0	0	0	0	0	0	0	0	0	0	0	0	0	0	0	0	0	0	0	0	0	0	0	0	0	0	0	0	0	0	0	0	0	0	0	0	0	0	0	0	0	0	0	0	0	0	0	0	0	0	0	0	0	0	0	0	0	0	0	0	0	0	0	0	0	0	0	0	0	0	0	1	0	0	0	0	0	0	0	0	0	0	0	0	0	0	0	0	0	0	0	0	0	0	0	0	0	0	0	0	0	0	0	0	0	0	0	0	0	0	0	0	0	0	0	0	0	0	0	0	0	1	0	0	0	0	0	0	0	0	0	0	0	0	0	0	0	0	0	0	0	0	0	0	0	0	0	0	0	0	0	0	0	0	0	0	0	0	0	0	0	0	0	0	0	0	0	0	0	0	0	0	0	0	0	0	0	0	0	0	0	0	0	0	0	0	0	0	0	0	0	0	0	0	0	0	0	0	0	0	0	0	0	0	0	0	0	0	0	0	0	0	0	0	0	0	0	0	0	0	0	0	0	0	0	0	0	0	0	0	0	0	0	0	0	0	0	0	0	0	0	0	0	0	0	0	0	0	0	0	0	0	0	0	0	0	0	0	0	0	0	0	0	0	0	0	0	0	0	0	0	0	0	0	0	0	0	0	0	0	0	0	0	0	0	0	0	0	0	0	0	0	0	0	0	0	0	0	0	0	0	0	0	0	0	0	0	0	0	0	0	0	0	0	0	0	0	0	0	0	0	0	0	0	0	0	0	0	0	0	0	0	0	0	0	0	0	0	0	0	0	0	0	0	0	0	0	0	0	0	0	0	0	0	0	0	0	0	0	0	0	0	0	0	0	0	0	0	0	0	0	0	0	0	0	0	0	0	0	0	0	0	0	0	0	0	0	0	0	0	0	0	0	0	0	0	0	0	0	0	0	0	0	0	0	0	0	0	0	0	0	0	0	0	0	0	0	0	0	0	0	0	0	0	0	0	0	0	0	0	0	0	0	0	0	0	0	0	0	0	0	0	0	0	0	0	0	0	0	0	0	0	0	0	0	0	0	0	0	0	0	0	0	0	0	0	0	0	0	0	0	0	0	0	0	0	0	0	0	0	0	0	0	0	0	0	0	0	0	0	0	0	0	0	0	0	0	0	0	0	0	0	0	0	0	0	0	0	0	0	0	0	0	0	0	0	0	0	0	0	0	0	0	0	0	0	0	0	0	0	0	0	0	0	0	0	0	0	0	0	0	0	0	0	0	0	0	0	0	0	0	0	0	0	0	0	0	0	0	0	0	0	0	0	0	0	0	0	0	0	0	0	0	0	0	0	0	0	0	0	0	0	0	0	0	0	0	0	0	0	0	0	0	0	0	0	0	0	0	0	0	0	0	0	0	0	0	0	0	0	0	0	0	0	0	0	0	0	0	0	0	0	0	0	0	0	0	0	0	0	0	0	0	0	0	0	0	0	0	0	0	0	0	0	0	0	0	0	0	0	0	0	0	0	0	0	0	0	0	0	0	0	0	0	0	0	0	0	0	0	0	0	0	0	0	0	0	0	0	0	0	0	0	0	0	0	0	0	0	0	0	0	0	0	0	0	0	0	0	0	0	0	0	0	0	0	0	0	0	0	0	0	0	0	0	0	0	0	0	0	0	0	0	0	0	0	0	0	0	0	0	0	0	0	0	0	0	0	0	0	0	0	0	0	0	0	0	0	0	0	0	0	0	0	0	0	0	0	0	0	0	0	0	0	0	0	0	0	0	0	0	0	0	0	0	0	0	0	0	0	0	0	0	0	0	0	0	0	0	0	0	0	0	0	0	0	0	0	0	0	0	0	0	0	0	0	0	0	0	0	0	0	0	0	0	0	0	0	0	0	0	0	0	0	0	0	0	0	0	0	0	0	0	0
2023.4622783452	0	0	0	0	0	0	0	0	0	0	0	0	0	0	0	0	0	0	0	0	0	0	0	0	0	0	0	0	0	0	0	0	0	0	0	0	0	0	0	0	0	0	0	0	0	0	0	0	0	0	0	0	0	0	0	0	0	0	0	0	0	0	0	0	0	0	0	0	0	0	0	0	0	0	0	0	0	0	0	0	0	0	0	0	0	0	0	0	0	0	0	0	0	0	0	0	0	0	0	0	0	0	0	0	0	0	0	0	0	0	0	0	0	0	0	0	0	0	0	0	0	0	0	0	0	0	0	0	0	0	0	0	0	0	0	0	0	0	0	0	0	0	0	0	0	0	0	0	0	0	0	0	0	0	0	0	0	0	0	0	0	0	0	0	0	0	0	0	0	0	0	0	0	0	0	0	0	0	0	0	0	0	0	0	0	0	0	0	0	0	0	0	0	0	0	0	0	0	0	0	0	0	0	0	0	0	0	0	0	0	0	0	0	0	0	0	0	0	0	0	0	0	0	0	0	0	0	0	0	0	0	0	0	0	0	0	0	1	0	0	0	0	0	0	0	0	0	0	0	0	0	0	0	0	0	0	0	0	0	0	0	0	0	0	0	0	0	0	0	0	0	0	0	0	0	0	0	0	0	0	0	0	0	0	0	0	0	1	0	0	0	0	0	0	0	0	0	0	0	0	0	0	0	0	0	0	0	0	0	0	0	0	0	0	0	0	0	0	0	0	0	0	0	0	0	0	0	0	0	0	0	0	0	0	0	0	0	0	0	0	0	0	0	0	0	0	0	0	0	0	0	0	0	0	0	0	0	0	0	0	0	0	0	0	0	0	0	0	0	0	0	0	0	0	0	0	0	0	0	0	0	0	0	0	0	0	0	0	0	0	0	0	0	0	0	0	0	0	0	0	0	0	0	0	0	0	0	0	0	0	0	0	0	0	0	0	0	0	0	0	0	0	0	0	0	0	0	0	0	0	0	0	0	0	0	0	0	0	0	0	0	0	0	0	0	0	0	0	0	0	0	0	0	0	0	0	0	0	0	0	0	0	0	0	0	0	0	0	0	0	0	0	0	0	0	0	0	0	0	0	0	0	0	0	0	0	0	0	0	0	0	0	0	0	0	0	0	0	0	0	0	0	0	0	0	0	0	0	0	0	0	0	0	0	0	0	0	0	0	0	0	0	0	0	0	0	0	0	0	0	0	0	0	0	0	0	0	0	0	0	0	0	0	0	0	0	0	0	0	0	0	0	0	0	0	0	0	0	0	0	0	0	0	0	0	0	0	0	0	0	0	0	0	0	0	0	0	0	0	0	0	0	0	0	0	0	0	0	0	0	0	0	0	0	0	0	0	0	0	0	0	0	0	0	0	0	0	0	0	0	0	0	0	0	0	0	0	0	0	0	0	0	0	0	0	0	0	0	0	0	0	0	0	0	0	0	0	0	0	0	0	0	0	0	0	0	0	0	0	0	0	0	0	0	0	0	0	0	0	0	0	0	0	0	0	0	0	0	0	0	0	0	0	0	0	0	0	0	0	0	0	0	0	0	0	0	0	0	0	0	0	0	0	0	0	0	0	0	0	0	0	0	0	0	0	0	0	0	0	0	0	0	0	0	0	0	0	0	0	0	0	0	0	0	0	0	0	0	0	0	0	0	0	0	0	0	0	0	0	0	0	0	0	0	0	0	0	0	0	0	0	0	0	0	0	0	0	0	0	0	0	0	0	0	0	0	0	0	0	0	0	0	0	0	0	0	0	0	0	0	0	0	0	0	0	0	0	0	0	0	0	0	0	0	0	0	0	0	0	0	0	0	0	0	0	0	0	0	0	0	0	0	0	0	0	0	0	0	0	0	0	0	0	0	0	0	0	0	0	0	0	0	0	0	0	0	0	0	0	0	0	0	0	0	0	0	0	0	0	0	0	0	0	0	0	0	0	0	0	0	0	0	0	0	0	0	0	0	0	0	0	0	0	0	0	0	0	0	0	0	0	0	0	0	0	0	0	0	0	0	0	0	0	0	0	0	0	0	0	0	0	0	0	0	0	0	0	0	0	0	0	0	0	0	0	0	0	0	0	0	0	0	0	0	0	0	0	0	0	0	0	0	0	0	0	0	0	0	0	0	0	0	0	0	0	0	0	0	0	0	0	0	0	0	0	0	0	0	0	0	0	0	0	0	0	0	0	0	0	0	0	0	0	0	0	0	0	0	0	0	0	0	0	0	0	0	0	0	0	0	0	0	0	0	0	0	0	0	0	0
2023.46684555928	0	0	0	0	0	0	0	0	0	0	0	0	0	0	0	0	0	0	0	0	0	0	0	0	0	0	0	0	0	0	0	0	0	0	0	0	0	0	0	0	0	0	0	0	0	0	0	0	0	0	0	0	0	0	0	0	0	0	0	0	0	0	0	0	0	0	0	0	0	0	0	0	0	0	0	0	0	0	0	0	0	0	0	0	0	0	0	0	0	0	0	0	0	0	0	0	0	0	0	0	0	0	0	0	0	0	0	0	0	0	0	0	0	0	0	0	0	0	0	0	0	0	0	0	0	0	0	0	0	0	0	0	0	0	0	0	0	0	0	0	0	0	0	0	0	0	0	0	0	0	0	0	0	0	0	0	0	0	0	0	0	0	0	0	0	0	0	0	0	0	0	0	0	0	0	0	0	0	0	0	0	0	0	0	0	0	0	0	0	0	0	0	0	0	0	0	0	0	0	0	0	0	0	0	0	0	0	0	0	0	0	0	0	0	0	0	0	0	0	0	0	0	0	0	0	0	0	0	0	0	0	0	0	0	0	0	0	1	0	0	0	0	0	0	0	0	0	0	0	0	0	0	0	0	0	0	0	0	0	0	0	0	0	0	0	0	0	0	0	0	0	0	0	0	0	0	0	0	0	0	0	0	0	0	0	0	0	1	0	0	0	0	0	0	0	0	0	0	0	0	0	0	0	0	0	0	0	0	0	0	0	0	0	0	0	0	0	0	0	0	0	0	0	0	0	0	0	0	0	0	0	0	0	0	0	0	0	0	0	0	0	0	0	0	0	0	0	0	0	0	0	0	0	0	0	0	0	0	0	0	0	0	0	0	0	0	0	0	0	0	0	0	0	0	0	0	0	0	0	0	0	0	0	0	0	0	0	0	0	0	0	0	0	0	0	0	0	0	0	0	0	0	0	0	0	0	0	0	0	0	0	0	0	0	0	0	0	0	0	0	0	0	0	0	0	0	0	0	0	0	0	0	0	0	0	0	0	0	0	0	0	0	0	0	0	0	0	0	0	0	0	0	0	0	0	0	0	0	0	0	0	0	0	0	0	0	0	0	0	0	0	0	0	0	0	0	0	0	0	0	0	0	0	0	0	0	0	0	0	0	0	0	0	0	0	0	0	0	0	0	0	0	0	0	0	0	0	0	0	0	0	0	0	0	0	0	0	0	0	0	0	0	0	0	0	0	0	0	0	0	0	0	0	0	0	0	0	0	0	0	0	0	0	0	0	0	0	0	0	0	0	0	0	0	0	0	0	0	0	0	0	0	0	0	0	0	0	0	0	0	0	0	0	0	0	0	0	0	0	0	0	0	0	0	0	0	0	0	0	0	0	0	0	0	0	0	0	0	0	0	0	0	0	0	0	0	0	0	0	0	0	0	0	0	0	0	0	0	0	0	0	0	0	0	0	0	0	0	0	0	0	0	0	0	0	0	0	0	0	0	0	0	0	0	0	0	0	0	0	0	0	0	0	0	0	0	0	0	0	0	0	0	0	0	0	0	0	0	0	0	0	0	0	0	0	0	0	0	0	0	0	0	0	0	0	0	0	0	0	0	0	0	0	0	0	0	0	0	0	0	0	0	0	0	0	0	0	0	0	0	0	0	0	0	0	0	0	0	0	0	0	0	0	0	0	0	0	0	0	0	0	0	0	0	0	0	0	0	0	0	0	0	0	0	0	0	0	0	0	0	0	0	0	0	0	0	0	0	0	0	0	0	0	0	0	0	0	0	0	0	0	0	0	0	0	0	0	0	0	0	0	0	0	0	0	0	0	0	0	0	0	0	0	0	0	0	0	0	0	0	0	0	0	0	0	0	0	0	0	0	0	0	0	0	0	0	0	0	0	0	0	0	0	0	0	0	0	0	0	0	0	0	0	0	0	0	0	0	0	0	0	0	0	0	0	0	0	0	0	0	0	0	0	0	0	0	0	0	0	0	0	0	0	0	0	0	0	0	0	0	0	0	0	0	0	0	0	0	0	0	0	0	0	0	0	0	0	0	0	0	0	0	0	0	0	0	0	0	0	0	0	0	0	0	0	0	0	0	0	0	0	0	0	0	0	0	0	0	0	0	0	0	0	0	0	0	0	0	0	0	0	0	0	0	0	0	0	0	0	0	0	0	0	0	0	0	0	0	0	0	0	0	0	0	0	0	0	0	0	0	0	0	0	0	0	0	0	0	0	0	0	0	0	0	0	0	0	0	0	0	0	0	0	0	0	0	0	0	0	0	0	0	0	0	0	0	0	0	0	0
2023.47141277335	0	0	0	0	0	0	0	0	0	0	0	0	0	0	0	0	0	0	0	0	0	0	0	0	0	0	0	0	0	0	0	0	0	0	0	0	0	0	0	0	0	0	0	0	0	0	0	0	0	0	0	0	0	0	0	0	0	0	0	0	0	0	0	0	0	0	0	0	0	0	0	0	0	0	0	0	0	0	0	0	0	0	0	0	0	0	0	0	0	0	0	0	0	0	0	0	0	0	0	0	0	0	0	0	0	0	0	0	0	0	0	0	0	0	0	0	0	0	0	0	0	0	0	0	0	0	0	0	0	0	0	0	0	0	0	0	0	0	0	0	0	0	0	0	0	0	0	0	0	0	0	0	0	0	0	0	0	0	0	0	0	0	0	0	0	0	0	0	0	0	0	0	0	0	0	0	0	0	0	0	0	0	0	0	0	0	0	0	0	0	0	0	0	0	0	0	0	0	0	0	0	0	0	0	0	0	0	0	0	0	0	0	0	0	0	0	0	0	0	0	0	0	0	0	0	0	0	0	0	0	0	0	0	0	0	0	0	1	0	0	0	0	0	0	0	0	0	0	0	0	0	0	0	0	0	0	0	0	0	0	0	0	0	0	0	0	0	0	0	0	0	0	0	0	0	0	0	0	0	0	0	0	0	0	0	0	0	1	0	0	0	0	0	0	0	0	0	0	0	0	0	0	0	0	0	0	0	0	0	0	0	0	0	0	0	0	0	0	0	0	0	0	0	0	0	0	0	0	0	0	0	0	0	0	0	0	0	0	0	0	0	0	0	0	0	0	0	0	0	0	0	0	0	0	0	0	0	0	0	0	0	0	0	0	0	0	0	0	0	0	0	0	0	0	0	0	0	0	0	0	0	0	0	0	0	0	0	0	0	0	0	0	0	0	0	0	0	0	0	0	0	0	0	0	0	0	0	0	0	0	0	0	0	0	0	0	0	0	0	0	0	0	0	0	0	0	0	0	0	0	0	0	0	0	0	0	0	0	0	0	0	0	0	0	0	0	0	0	0	0	0	0	0	0	0	0	0	0	0	0	0	0	0	0	0	0	0	0	0	0	0	0	0	0	0	0	0	0	0	0	0	0	0	0	0	0	0	0	0	0	0	0	0	0	0	0	0	0	0	0	0	0	0	0	0	0	0	0	0	0	0	0	0	0	0	0	0	0	0	0	0	0	0	0	0	0	0	0	0	0	0	0	0	0	0	0	0	0	0	0	0	0	0	0	0	0	0	0	0	0	0	0	0	0	0	0	0	0	0	0	0	0	0	0	0	0	0	0	0	0	0	0	0	0	0	0	0	0	0	0	0	0	0	0	0	0	0	0	0	0	0	0	0	0	0	0	0	0	0	0	0	0	0	0	0	0	0	0	0	0	0	0	0	0	0	0	0	0	0	0	0	0	0	0	0	0	0	0	0	0	0	0	0	0	0	0	0	0	0	0	0	0	0	0	0	0	0	0	0	0	0	0	0	0	0	0	0	0	0	0	0	0	0	0	0	0	0	0	0	0	0	0	0	0	0	0	0	0	0	0	0	0	0	0	0	0	0	0	0	0	0	0	0	0	0	0	0	0	0	0	0	0	0	0	0	0	0	0	0	0	0	0	0	0	0	0	0	0	0	0	0	0	0	0	0	0	0	0	0	0	0	0	0	0	0	0	0	0	0	0	0	0	0	0	0	0	0	0	0	0	0	0	0	0	0	0	0	0	0	0	0	0	0	0	0	0	0	0	0	0	0	0	0	0	0	0	0	0	0	0	0	0	0	0	0	0	0	0	0	0	0	0	0	0	0	0	0	0	0	0	0	0	0	0	0	0	0	0	0	0	0	0	0	0	0	0	0	0	0	0	0	0	0	0	0	0	0	0	0	0	0	0	0	0	0	0	0	0	0	0	0	0	0	0	0	0	0	0	0	0	0	0	0	0	0	0	0	0	0	0	0	0	0	0	0	0	0	0	0	0	0	0	0	0	0	0	0	0	0	0	0	0	0	0	0	0	0	0	0	0	0	0	0	0	0	0	0	0	0	0	0	0	0	0	0	0	0	0	0	0	0	0	0	0	0	0	0	0	0	0	0	0	0	0	0	0	0	0	0	0	0	0	0	0	0	0	0	0	0	0	0	0	0	0	0	0	0	0	0	0	0	0	0	0	0	0	0	0	0	0	0	0	0	0	0	0	0	0	0	0	0	0	0	0	0	0	0	0	0	0	0	0	0	0	0	0	0	0	0	0	0	0	0	0	0	0	0	0	0	0
2023.47597998743	0	0	0	0	0	0	0	0	0	0	0	0	0	0	0	0	0	0	0	0	0	0	0	0	0	0	0	0	0	0	0	0	0	0	0	0	0	0	0	0	0	0	0	0	0	0	0	0	0	0	0	0	0	0	0	0	0	0	0	0	0	0	0	0	0	0	0	0	0	0	0	0	0	0	0	0	0	0	0	0	0	0	0	0	0	0	0	0	0	0	0	0	0	0	0	0	0	0	0	0	0	0	0	0	0	0	0	0	0	0	0	0	0	0	0	0	0	0	0	0	0	0	0	0	0	0	0	0	0	0	0	0	0	0	0	0	0	0	0	0	0	0	0	0	0	0	0	0	0	0	0	0	0	0	0	0	0	0	0	0	0	0	0	0	0	0	0	0	0	0	0	0	0	0	0	0	0	0	0	0	0	0	0	0	0	0	0	0	0	0	0	0	0	0	0	0	0	0	0	0	0	0	0	0	0	0	0	0	0	0	0	0	0	0	0	0	0	0	0	0	0	0	0	0	0	0	0	0	0	0	0	0	0	0	0	0	0	1	0	0	0	0	0	0	0	0	0	0	0	0	0	0	0	0	0	0	0	0	0	0	0	0	0	0	0	0	0	0	0	0	0	0	0	0	0	0	0	0	0	0	0	0	0	0	0	0	0	1	0	0	0	0	0	0	0	0	0	0	0	0	0	0	0	0	0	0	0	0	0	0	0	0	0	0	0	0	0	0	0	0	0	0	0	0	0	0	0	0	0	0	0	0	0	0	0	0	0	0	0	0	0	0	0	0	0	0	0	0	0	0	0	0	0	0	0	0	0	0	0	0	0	0	0	0	0	0	0	0	0	0	0	0	0	0	0	0	0	0	0	0	0	0	0	0	0	0	0	0	0	0	0	0	0	0	0	0	0	0	0	0	0	0	0	0	0	0	0	0	0	0	0	0	0	0	0	0	0	0	0	0	0	0	0	0	0	0	0	0	0	0	0	0	0	0	0	0	0	0	0	0	0	0	0	0	0	0	0	0	0	0	0	0	0	0	0	0	0	0	0	0	0	0	0	0	0	0	0	0	0	0	0	0	0	0	0	0	0	0	0	0	0	0	0	0	0	0	0	0	0	0	0	0	0	0	0	0	0	0	0	0	0	0	0	0	0	0	0	0	0	0	0	0	0	0	0	0	0	0	0	0	0	0	0	0	0	0	0	0	0	0	0	0	0	0	0	0	0	0	0	0	0	0	0	0	0	0	0	0	0	0	0	0	0	0	0	0	0	0	0	0	0	0	0	0	0	0	0	0	0	0	0	0	0	0	0	0	0	0	0	0	0	0	0	0	0	0	0	0	0	0	0	0	0	0	0	0	0	0	0	0	0	0	0	0	0	0	0	0	0	0	0	0	0	0	0	0	0	0	0	0	0	0	0	0	0	0	0	0	0	0	0	0	0	0	0	0	0	0	0	0	0	0	0	0	0	0	0	0	0	0	0	0	0	0	0	0	0	0	0	0	0	0	0	0	0	0	0	0	0	0	0	0	0	0	0	0	0	0	0	0	0	0	0	0	0	0	0	0	0	0	0	0	0	0	0	0	0	0	0	0	0	0	0	0	0	0	0	0	0	0	0	0	0	0	0	0	0	0	0	0	0	0	0	0	0	0	0	0	0	0	0	0	0	0	0	0	0	0	0	0	0	0	0	0	0	0	0	0	0	0	0	0	0	0	0	0	0	0	0	0	0	0	0	0	0	0	0	0	0	0	0	0	0	0	0	0	0	0	0	0	0	0	0	0	0	0	0	0	0	0	0	0	0	0	0	0	0	0	0	0	0	0	0	0	0	0	0	0	0	0	0	0	0	0	0	0	0	0	0	0	0	0	0	0	0	0	0	0	0	0	0	0	0	0	0	0	0	0	0	0	0	0	0	0	0	0	0	0	0	0	0	0	0	0	0	0	0	0	0	0	0	0	0	0	0	0	0	0	0	0	0	0	0	0	0	0	0	0	0	0	0	0	0	0	0	0	0	0	0	0	0	0	0	0	0	0	0	0	0	0	0	0	0	0	0	0	0	0	0	0	0	0	0	0	0	0	0	0	0	0	0	0	0	0	0	0	0	0	0	0	0	0	0	0	0	0	0	0	0	0	0	0	0	0	0	0	0	0	0	0	0	0	0	0	0	0	0	0	0	0	0	0	0	0	0	0	0	0	0	0	0	0	0	0	0	0	0	0	0	0	0	0	0	0	0	0	0	0	0	0	0	0	0	0	0	0	0	0	0	0
2023.48054720151	0	0	0	0	0	0	0	0	0	0	0	0	0	0	0	0	0	0	0	0	0	0	0	0	0	0	0	0	0	0	0	0	0	0	0	0	0	0	0	0	0	0	0	0	0	0	0	0	0	0	0	0	0	0	0	0	0	0	0	0	0	0	0	0	0	0	0	0	0	0	0	0	0	0	0	0	0	0	0	0	0	0	0	0	0	0	0	0	0	0	0	0	0	0	0	0	0	0	0	0	0	0	0	0	0	0	0	0	0	0	0	0	0	0	0	0	0	0	0	0	0	0	0	0	0	0	0	0	0	0	0	0	0	0	0	0	0	0	0	0	0	0	0	0	0	0	0	0	0	0	0	0	0	0	0	0	0	0	0	0	0	0	0	0	0	0	0	0	0	0	0	0	0	0	0	0	0	0	0	0	0	0	0	0	0	0	0	0	0	0	0	0	0	0	0	0	0	0	0	0	0	0	0	0	0	0	0	0	0	0	0	0	0	0	0	0	0	0	0	0	0	0	0	0	0	0	0	0	0	0	0	0	0	0	0	0	0	1	0	0	0	0	0	0	0	0	0	0	0	0	0	0	0	0	0	0	0	0	0	0	0	0	0	0	0	0	0	0	0	0	0	0	0	0	0	0	0	0	0	0	0	0	0	0	0	0	0	1	0	0	0	0	0	0	0	0	0	0	0	0	0	0	0	0	0	0	0	0	0	0	0	0	0	0	0	0	0	0	0	0	0	0	0	0	0	0	0	0	0	0	0	0	0	0	0	0	2	0	0	0	0	0	0	0	0	0	0	0	0	0	0	0	0	0	0	0	0	0	0	0	0	0	0	0	0	0	0	0	0	0	0	0	0	0	0	0	0	0	0	0	0	0	0	0	0	0	0	0	0	0	0	0	0	0	0	0	0	0	0	0	0	0	0	0	0	0	0	0	0	0	0	0	0	0	0	0	0	0	0	0	0	0	0	0	0	0	0	0	0	0	0	0	0	0	0	0	0	0	0	0	0	0	0	0	0	0	0	0	0	0	0	0	0	0	0	0	0	0	0	0	0	0	0	0	0	0	0	0	0	0	0	0	0	0	0	0	0	0	0	0	0	0	0	0	0	0	0	0	0	0	0	0	0	0	0	0	0	0	0	0	0	0	0	0	0	0	0	0	0	0	0	0	0	0	0	0	0	0	0	0	0	0	0	0	0	0	0	0	0	0	0	0	0	0	0	0	0	0	0	0	0	0	0	0	0	0	0	0	0	0	0	0	0	0	0	0	0	0	0	0	0	0	0	0	0	0	0	0	0	0	0	0	0	0	0	0	0	0	0	0	0	0	0	0	0	0	0	0	0	0	0	0	0	0	0	0	0	0	0	0	0	0	0	0	0	0	0	0	0	0	0	0	0	0	0	0	0	0	0	0	0	0	0	0	0	0	0	0	0	0	0	0	0	0	0	0	0	0	0	0	0	0	0	0	0	0	0	2	0	0	0	0	0	0	0	0	0	0	0	0	0	0	0	0	0	0	0	0	0	0	0	0	0	0	0	0	0	0	0	0	0	0	0	0	0	0	0	0	0	0	0	0	0	0	0	0	0	0	0	0	0	0	0	0	0	0	0	0	0	0	0	0	0	0	0	0	0	0	0	0	0	0	0	0	0	0	0	0	0	0	0	0	0	0	0	0	0	0	0	0	0	0	0	0	0	0	0	0	0	0	0	0	0	0	0	0	0	0	0	0	0	0	0	0	0	0	0	0	0	0	0	0	0	0	0	0	0	0	0	0	0	0	0	0	0	0	0	0	0	0	0	0	0	0	0	0	0	0	0	0	0	0	0	0	0	0	0	0	0	0	0	0	0	0	0	0	0	0	0	0	0	0	0	0	0	0	0	0	0	0	0	0	0	0	0	0	0	0	0	0	0	0	0	0	0	0	0	0	0	0	0	0	0	0	0	0	0	0	0	0	0	0	0	0	0	0	0	0	0	0	0	0	0	0	0	0	0	0	0	0	0	0	0	0	0	0	0	0	0	0	0	0	0	0	0	0	0	0	0	0	0	0	0	0	0	0	0	0	0	0	0	0	0	0	0	0	0	0	0	0	0	0	0	0	0	0	0	0	0	0	0	0	0	0	0	0	0	0	0	0	0	0	0	0	0	0	0	0	0	0	0	0	0	0	0	0	0	0	0	0	0	0	0	0	0	0	0	0	0	0	0	0	0	0	0	0	0	0	0	0	0	0	0	0	0	0	0	0	0	0	0	0	0	0	0	0	0	0	0	0
2023.48511441559	0	0	0	0	0	0	0	0	0	0	0	0	0	0	0	0	0	0	0	0	0	0	0	0	0	0	0	0	0	0	0	0	0	0	0	0	0	0	0	0	0	0	0	0	0	0	0	0	0	0	0	0	0	0	0	0	0	0	0	0	0	0	0	0	0	0	0	0	0	0	0	0	0	0	0	0	0	0	0	0	0	0	0	0	0	0	0	0	0	0	0	0	0	0	0	0	0	0	0	0	0	0	0	0	0	0	0	0	0	0	0	0	0	0	0	0	0	0	0	0	0	0	0	0	0	0	0	0	0	0	0	0	0	0	0	0	0	0	0	0	0	0	0	0	0	0	0	0	0	0	0	0	0	0	0	0	0	0	0	0	0	0	0	0	0	0	0	0	0	0	0	0	0	0	0	0	0	0	0	0	0	0	0	0	0	0	0	0	0	0	0	0	0	0	0	0	0	0	0	0	0	0	0	0	0	0	0	0	0	0	0	0	0	0	0	0	0	0	0	0	0	0	0	0	0	0	0	0	0	0	0	0	0	0	0	0	0	1	0	0	0	0	0	0	0	0	0	0	0	0	0	0	0	0	0	0	0	0	0	0	0	0	0	0	0	0	0	0	0	0	0	0	0	0	0	0	0	0	0	0	0	0	0	0	0	0	0	1	0	0	0	0	0	0	0	0	0	0	0	0	0	0	0	0	0	0	0	0	0	0	0	0	0	0	0	0	0	0	0	0	0	0	0	0	0	0	0	0	0	0	0	0	0	0	0	0	2	0	0	0	0	0	0	0	0	0	0	0	0	0	0	0	0	0	0	0	0	0	0	0	0	0	0	0	0	0	0	0	0	0	0	0	0	0	0	0	0	0	0	0	0	0	0	0	0	0	0	0	0	0	0	0	0	0	0	0	0	0	0	0	0	0	0	0	0	0	0	0	0	0	0	0	0	0	0	0	0	0	0	0	0	0	0	0	0	0	0	0	0	0	0	0	0	0	0	0	0	0	0	0	0	0	0	0	0	0	0	0	0	0	0	0	0	0	0	0	0	0	0	0	0	0	0	0	0	0	0	0	0	0	0	0	0	0	0	0	0	0	0	0	0	0	0	0	0	0	0	0	0	0	0	0	0	0	0	0	0	0	0	0	0	0	0	0	0	0	0	0	0	0	0	0	0	0	0	0	0	0	0	0	0	0	0	0	0	0	0	0	0	0	0	0	0	0	0	0	0	0	0	0	0	0	0	0	0	0	0	0	0	0	0	0	0	0	0	0	0	0	0	0	0	0	0	0	0	0	0	0	0	0	0	0	0	0	0	0	0	0	0	0	0	0	0	0	0	0	0	0	0	0	0	0	0	0	0	0	0	0	0	0	0	0	0	0	0	0	0	0	0	0	0	0	0	0	0	0	0	0	0	0	0	0	0	0	0	0	0	0	0	0	0	0	0	0	0	0	0	0	0	0	0	0	0	0	0	0	0	2	0	0	0	0	0	0	0	0	0	0	0	0	0	0	0	0	0	0	0	0	0	0	0	0	0	0	0	0	0	0	0	0	0	0	0	0	0	0	0	0	0	0	0	0	0	0	0	0	0	0	0	0	0	0	0	0	0	0	0	0	0	0	0	0	0	0	0	0	0	0	0	0	0	0	0	0	0	0	0	0	0	0	0	0	0	0	0	0	0	0	0	0	0	0	0	0	0	0	0	0	0	0	0	0	0	0	0	0	0	0	0	0	0	0	0	0	0	0	0	0	0	0	0	0	0	0	0	0	0	0	0	0	0	0	0	0	0	0	0	0	0	0	0	0	0	0	0	0	0	0	0	0	0	0	0	0	0	0	0	0	0	0	0	0	0	0	0	0	0	0	0	0	0	0	0	0	0	0	0	0	0	0	0	0	0	0	0	0	0	0	0	0	0	0	0	0	0	0	0	0	0	0	0	0	0	0	0	0	0	0	0	0	0	0	0	0	0	0	0	0	0	0	0	0	0	0	0	0	0	0	0	0	0	0	0	0	0	0	0	0	0	0	0	0	0	0	0	0	0	0	0	0	0	0	0	0	0	0	0	0	0	0	0	0	0	0	0	0	0	0	0	0	0	0	0	0	0	0	0	0	0	0	0	0	0	0	0	0	0	0	0	0	0	0	0	0	0	0	0	0	0	0	0	0	0	0	0	0	0	0	0	0	0	0	0	0	0	0	0	0	0	0	0	0	0	0	0	0	0	0	0	0	0	0	0	0	0	0	0	0	0	0	0	0	0	0	0	0	0	0	0	0
2023.48968162966	0	0	0	0	0	0	0	0	0	0	0	0	0	0	0	0	0	0	0	0	0	0	0	0	0	0	0	0	0	0	0	0	0	0	0	0	0	0	0	0	0	0	0	0	0	0	0	0	0	0	0	0	0	0	0	0	0	0	0	0	0	0	0	0	0	0	0	0	0	0	0	0	0	0	0	0	0	0	0	0	0	0	0	0	0	0	0	0	0	0	0	0	0	0	0	0	0	0	0	0	0	0	0	0	0	0	0	0	0	0	0	0	0	0	0	0	0	0	0	0	0	0	0	0	0	0	0	0	0	0	0	0	0	0	0	0	0	0	0	0	0	0	0	0	0	0	0	0	0	0	0	0	0	0	0	0	0	0	0	0	0	0	0	0	0	0	0	0	0	0	0	0	0	0	0	0	0	0	0	0	0	0	0	0	0	0	0	0	0	0	0	0	0	0	0	0	0	0	0	0	0	0	0	0	0	0	0	0	0	0	0	0	0	0	0	0	0	0	0	0	0	0	0	0	0	0	0	0	0	0	0	0	0	0	0	0	0	1	0	0	0	0	0	0	0	0	0	0	0	0	0	0	0	0	0	0	0	0	0	0	0	0	0	0	0	0	0	0	0	0	0	0	0	0	0	0	0	0	0	0	0	0	0	0	0	0	0	1	0	0	0	0	0	0	0	0	0	0	0	0	0	0	0	0	0	0	0	0	0	0	0	0	0	0	0	0	0	0	0	0	0	0	0	0	0	0	0	0	0	0	0	0	0	0	0	0	2	0	0	0	0	0	0	0	0	0	0	0	0	0	0	0	0	0	0	0	0	0	0	0	0	0	0	0	0	0	0	0	0	0	0	0	0	0	0	0	0	0	0	0	0	0	0	0	0	0	0	0	0	0	0	0	0	0	0	0	0	0	0	0	0	0	0	0	0	0	0	0	0	0	0	0	0	0	0	0	0	0	0	0	0	0	0	0	0	0	0	0	0	0	0	0	0	0	0	0	0	0	0	0	0	0	0	0	0	0	0	0	0	0	0	0	0	0	0	0	0	0	0	0	0	0	0	0	0	0	0	0	0	0	0	0	0	0	0	0	0	0	0	0	0	0	0	0	0	0	0	0	0	0	0	0	0	0	0	0	0	0	0	0	0	0	0	0	0	0	0	0	0	0	0	0	0	0	0	0	0	0	0	0	0	0	0	0	0	0	0	0	0	0	0	0	0	0	0	0	0	0	0	0	0	0	0	0	0	0	0	0	0	0	0	0	0	0	0	0	0	0	0	0	0	0	0	0	0	0	0	0	0	0	0	0	0	0	0	0	0	0	0	0	0	0	0	0	0	0	0	0	0	0	0	0	0	0	0	0	0	0	0	0	0	0	0	0	0	0	0	0	0	0	0	0	0	0	0	0	0	0	0	0	0	0	0	0	0	0	0	0	0	0	0	0	0	0	0	0	0	0	0	0	0	0	0	0	0	0	0	2	0	0	0	0	0	0	0	0	0	0	0	0	0	0	0	0	0	0	0	0	0	0	0	0	0	0	0	0	0	0	0	0	0	0	0	0	0	0	0	0	0	0	0	0	0	0	0	0	0	0	0	0	0	0	0	0	0	0	0	0	0	0	0	0	0	0	0	0	0	0	0	0	0	0	0	0	0	0	0	0	0	0	0	0	0	0	0	0	0	0	0	0	0	0	0	0	0	0	0	0	0	0	0	0	0	0	0	0	0	0	0	0	0	0	0	0	0	0	0	0	0	0	0	0	0	0	0	0	0	0	0	0	0	0	0	0	0	0	0	0	0	0	0	0	0	0	0	0	0	0	0	0	0	0	0	0	0	0	0	0	0	0	0	0	0	0	0	0	0	0	0	0	0	0	0	0	0	0	0	0	0	0	0	0	0	0	0	0	0	0	0	0	0	0	0	0	0	0	0	0	0	0	0	0	0	0	0	0	0	0	0	0	0	0	0	0	0	0	0	0	0	0	0	0	0	0	0	0	0	0	0	0	0	0	0	0	0	0	0	0	0	0	0	0	0	0	0	0	0	0	0	0	0	0	0	0	0	0	0	0	0	0	0	0	0	0	0	0	0	0	0	0	0	0	0	0	0	0	0	0	0	0	0	0	0	0	0	0	0	0	0	0	0	0	0	0	0	0	0	0	0	0	0	0	0	0	0	0	0	0	0	0	0	0	0	0	0	0	0	0	0	0	0	0	0	0	0	0	0	0	0	0	0	0	0	0	0	0	0	0	0	0	0	0	0	0	0	0	0	0	0	0
2023.49424884374	0	0	0	0	0	0	0	0	0	0	0	0	0	0	0	0	0	0	0	0	0	0	0	0	0	0	0	0	0	0	0	0	0	0	0	0	0	0	0	0	0	0	0	0	0	0	0	0	0	0	0	0	0	0	0	0	0	0	0	0	0	0	0	0	0	0	0	0	0	0	0	0	0	0	0	0	0	0	0	0	0	0	0	0	0	0	0	0	0	0	0	0	0	0	0	0	0	0	0	0	0	0	0	0	0	0	0	0	0	0	0	0	0	0	0	0	0	0	0	0	0	0	0	0	0	0	0	0	0	0	0	0	0	0	0	0	0	2	0	0	0	0	0	0	0	0	0	0	0	0	0	0	0	0	0	0	0	0	0	0	0	0	0	0	0	0	0	0	0	0	0	0	0	0	2	0	0	0	0	0	0	0	0	0	0	0	0	0	0	0	0	0	0	0	0	0	0	0	0	0	0	0	0	0	0	0	0	0	0	0	0	0	0	0	0	0	0	0	0	0	0	0	0	0	0	0	0	0	0	0	0	0	0	0	0	0	0	1	0	0	0	0	0	0	0	0	0	0	0	0	0	0	0	0	0	0	0	0	0	0	0	0	0	0	0	0	0	0	0	0	0	0	0	0	0	0	0	0	0	0	0	0	0	0	0	0	0	1	0	0	0	0	0	0	0	0	0	0	0	0	0	0	0	0	0	0	0	0	0	0	0	0	0	0	0	0	0	0	0	0	0	0	0	0	0	0	0	0	0	0	0	0	0	0	0	0	2	0	0	0	0	0	0	0	0	0	0	0	0	0	0	0	0	0	0	0	0	0	0	0	0	0	0	0	0	0	0	0	0	0	0	0	0	0	0	0	0	0	0	0	0	0	0	0	0	0	0	0	0	0	0	0	0	0	0	0	0	0	0	0	0	0	0	0	0	0	0	0	0	0	0	0	0	0	0	0	0	0	0	0	0	0	0	0	0	0	0	0	0	0	0	0	0	0	0	0	0	0	0	0	0	0	0	0	0	0	0	0	0	0	0	0	0	0	0	0	0	0	0	0	0	0	0	0	0	0	0	0	0	0	0	0	0	0	0	0	0	2	0	0	0	0	0	0	0	0	0	0	0	0	0	0	0	0	0	0	0	0	0	0	0	0	0	0	0	0	0	0	0	0	0	0	0	0	0	0	0	0	0	0	0	0	0	0	0	0	0	0	0	0	0	0	0	0	0	0	0	0	0	0	0	0	0	0	0	0	0	0	0	0	0	0	0	0	0	0	0	0	0	0	0	0	0	0	0	0	0	0	0	0	0	0	0	0	0	0	0	0	0	0	0	0	0	0	0	0	0	0	0	0	0	0	0	0	0	0	0	0	0	0	0	0	0	0	0	0	0	0	0	0	0	0	0	0	0	0	0	0	0	0	0	0	0	0	0	0	0	0	0	0	0	0	0	0	0	0	0	0	0	0	0	0	0	0	0	0	0	2	0	0	0	0	0	0	0	0	0	0	0	0	0	0	0	0	0	0	0	0	0	0	0	0	0	0	0	0	0	0	0	0	0	0	0	0	0	0	0	0	0	0	0	0	0	0	0	0	0	0	0	0	0	0	0	0	0	0	0	0	0	0	0	0	0	0	0	0	0	0	0	0	0	0	0	2	0	0	0	0	0	0	0	0	0	0	0	0	0	0	0	0	0	0	0	0	0	0	0	0	0	0	0	0	0	0	0	0	0	0	0	0	0	0	0	0	0	0	0	0	0	0	0	0	0	0	0	0	0	0	0	0	0	0	0	0	0	0	0	0	0	0	0	0	0	0	0	0	0	0	0	0	0	0	0	0	0	0	0	0	0	0	0	0	0	0	0	0	0	0	0	0	0	0	0	0	0	0	0	0	0	0	0	0	0	0	0	0	0	0	0	0	0	0	0	0	0	0	0	0	0	0	0	0	0	0	0	0	0	0	0	0	0	0	0	0	0	0	0	0	0	0	0	0	0	0	0	0	0	0	0	0	0	0	0	0	0	0	0	0	0	0	0	0	0	0	0	0	0	0	0	0	0	0	0	0	0	0	0	0	0	0	0	0	0	0	0	0	0	0	0	0	0	0	0	0	0	0	0	0	0	0	0	0	0	0	0	0	0	0	0	0	0	0	0	0	0	0	0	0	0	0	0	0	0	0	0	0	0	0	0	0	2	0	0	0	0	0	0	0	0	0	0	0	0	0	0	0	0	0	0	0	0	0	0	0	0	0	0	0	0	0	0	0	0	0	0	0	0	0	0	0
2023.49881605782	0	0	0	0	0	0	0	0	0	0	0	0	0	0	0	0	0	0	0	0	0	0	0	0	0	0	0	0	0	0	0	0	0	0	0	0	0	0	0	0	0	0	0	0	0	0	0	0	0	0	0	0	0	0	0	0	0	0	0	0	0	0	0	0	0	0	0	0	0	0	0	0	0	0	0	0	0	0	0	0	0	0	0	0	0	0	0	0	0	0	0	0	0	0	0	0	0	0	0	0	0	0	0	0	0	0	0	0	0	0	0	0	0	0	0	0	0	0	0	0	0	0	0	0	0	0	0	0	0	0	0	0	0	0	0	0	0	2	0	0	0	0	0	0	0	0	0	0	0	0	0	0	0	0	0	0	0	0	0	0	0	0	0	0	0	0	0	0	0	0	0	0	0	0	2	0	0	0	0	0	0	0	0	0	0	0	0	0	0	0	0	0	0	0	0	0	0	0	0	0	0	0	0	0	0	0	0	0	0	0	0	0	0	0	0	0	0	0	0	0	0	0	0	0	0	0	0	0	0	0	0	0	0	0	0	0	0	0	0	0	0	0	0	0	0	0	0	0	0	0	0	0	0	0	0	0	0	0	0	0	0	0	0	0	0	0	0	0	0	0	0	0	0	0	0	0	0	0	0	0	0	0	0	0	0	0	0	0	0	0	0	0	0	0	0	0	0	0	0	0	0	0	0	0	0	0	0	0	0	0	0	0	0	0	0	0	0	0	0	0	0	0	0	0	0	0	0	0	0	0	0	0	0	0	0	0	2	0	0	0	0	0	0	0	0	0	0	0	0	0	0	0	0	0	0	0	0	0	0	0	0	0	0	0	0	0	0	0	0	0	0	0	0	0	0	0	0	0	0	0	0	0	0	0	0	0	0	0	0	0	0	0	0	0	0	0	0	0	0	0	0	0	0	0	0	0	0	0	0	0	0	0	0	0	0	0	0	0	0	0	0	0	0	0	0	0	0	0	0	0	0	0	0	0	0	0	0	0	0	0	0	0	0	0	0	0	0	0	0	0	0	0	0	0	0	0	0	0	0	0	0	0	0	0	0	0	0	0	0	0	0	0	0	0	0	0	0	2	0	0	0	0	0	0	0	0	0	0	0	0	0	0	0	0	0	0	0	0	0	0	0	0	0	0	0	0	0	0	0	1	0	0	0	0	0	0	0	0	0	0	0	0	0	0	0	0	0	0	0	0	0	0	0	0	0	0	0	0	0	0	0	0	0	0	0	0	0	0	0	0	0	0	0	0	0	0	0	0	0	0	0	0	0	0	0	0	0	0	0	0	0	0	0	0	0	0	0	0	0	0	0	0	0	0	0	0	0	0	0	0	0	0	0	0	0	0	0	0	0	0	0	0	0	0	0	0	0	0	0	0	0	0	0	0	0	0	0	0	0	0	0	0	0	0	0	0	0	0	0	0	0	0	0	0	0	0	0	0	0	0	0	0	0	0	0	0	0	2	0	0	0	0	0	0	0	0	0	0	0	0	0	0	0	0	0	0	0	0	0	0	0	0	0	0	0	0	0	0	0	0	0	0	0	0	0	0	0	0	0	0	0	0	0	0	0	0	0	0	0	0	0	0	0	0	0	0	0	0	0	0	0	0	0	0	0	0	0	0	0	0	0	0	0	2	0	0	0	0	0	0	0	0	0	0	0	0	0	0	0	0	0	0	0	0	0	0	0	0	0	0	0	0	0	0	0	0	0	0	0	0	0	0	0	0	0	0	0	0	0	0	0	0	0	0	0	0	0	0	0	0	0	0	0	0	0	0	0	0	0	0	0	0	0	0	0	0	0	0	0	0	0	0	0	0	0	0	0	0	0	0	0	0	0	0	0	0	0	0	0	0	0	0	0	0	0	0	0	0	0	0	0	0	0	0	0	0	0	0	0	0	0	0	0	0	0	0	0	0	0	0	0	0	0	0	0	0	0	0	0	0	0	0	0	0	0	0	0	0	0	0	0	0	0	0	0	0	0	0	0	0	0	0	0	0	0	0	0	0	0	0	0	0	0	0	0	0	0	0	0	0	0	0	0	0	0	0	0	0	0	0	0	0	0	0	0	0	0	0	0	0	0	0	0	0	0	0	0	0	0	0	0	0	0	0	0	0	0	0	0	0	0	0	0	0	0	0	0	0	0	0	0	0	0	0	0	0	0	0	0	0	2	0	0	0	0	0	0	0	0	0	0	0	0	0	0	0	0	0	0	0	0	0	0	0	0	0	0	0	0	0	0	0	0	0	0	0	0	0	0	0
2023.50338327189	0	0	0	0	0	0	0	0	0	0	0	0	0	0	0	0	0	0	0	0	0	0	0	0	0	0	0	0	0	0	0	0	0	0	0	0	0	0	0	0	0	0	0	0	0	0	0	0	0	0	0	0	0	0	0	0	0	0	0	0	0	0	0	0	0	0	0	0	0	0	0	0	0	0	0	0	0	0	0	0	0	0	0	0	0	0	0	0	0	0	0	0	0	0	0	0	0	0	0	0	0	0	0	0	0	0	0	0	0	0	0	0	0	0	0	0	0	0	0	0	0	0	0	0	0	0	0	0	0	0	0	0	0	0	0	0	0	2	0	0	0	0	0	0	0	0	0	0	0	0	0	0	0	0	0	0	0	0	0	0	0	0	0	0	0	0	0	0	1	0	0	0	0	0	2	0	0	0	0	0	0	0	0	0	0	0	0	0	0	0	0	0	0	0	0	0	0	0	0	0	0	0	0	0	1	0	0	0	0	0	0	0	0	0	0	0	0	0	0	0	0	0	0	0	0	0	0	0	0	0	0	0	0	0	0	0	0	0	0	0	0	0	0	0	0	0	0	0	0	0	0	0	0	0	0	0	0	0	0	0	0	0	0	0	0	0	0	0	0	0	0	0	0	0	0	0	0	0	0	0	0	0	0	0	0	0	0	0	0	0	0	0	0	0	0	0	0	0	0	0	0	0	0	0	0	0	0	0	0	0	0	0	0	0	0	0	0	0	0	0	0	0	0	0	0	0	0	0	0	0	0	0	0	0	0	0	2	0	0	0	0	0	0	0	0	0	0	0	0	0	0	0	0	0	0	0	0	0	0	0	0	0	0	0	0	0	0	0	0	0	1	0	0	0	0	0	0	0	0	0	0	0	0	0	0	0	0	0	0	0	0	0	0	0	0	0	0	0	0	0	0	0	0	0	0	0	0	0	0	0	0	0	0	0	0	0	0	0	0	0	0	0	0	0	0	0	0	0	0	0	0	0	0	0	0	0	0	0	0	0	0	0	0	0	0	0	0	0	0	0	0	0	0	0	0	0	0	0	0	0	0	0	0	0	0	0	0	0	0	0	0	0	0	0	0	0	0	2	0	0	0	0	0	0	0	0	0	0	0	0	0	0	0	0	0	0	0	0	0	0	0	0	0	0	0	0	0	0	0	1	0	0	0	0	0	0	0	0	0	0	0	0	0	0	0	0	0	0	0	0	0	0	0	0	0	0	0	0	0	0	0	0	0	0	0	0	0	0	0	0	0	0	0	0	0	0	0	0	0	0	0	0	0	0	0	0	0	0	0	0	0	0	0	0	0	0	0	0	0	0	0	0	0	0	0	0	0	0	0	0	0	0	0	0	0	0	0	0	0	0	0	0	0	0	0	0	0	0	0	0	0	0	0	0	0	0	0	0	0	0	0	0	0	0	0	0	0	0	0	0	0	0	0	0	0	0	0	0	0	0	0	0	0	0	0	0	0	2	0	0	0	0	0	0	0	0	0	0	0	0	0	0	0	0	0	0	0	0	0	0	0	0	0	0	0	0	0	0	0	0	0	0	0	0	0	0	0	0	0	0	0	0	0	0	0	0	0	0	0	0	0	0	0	0	0	0	0	0	0	0	0	0	0	0	0	0	0	0	0	0	0	0	0	2	0	0	0	0	0	0	0	0	0	0	0	0	0	0	0	0	0	0	0	0	0	0	0	0	0	0	0	0	0	0	0	0	0	0	0	0	0	0	0	0	0	0	0	0	0	0	0	0	0	0	0	0	0	0	0	0	0	0	0	0	0	0	0	0	0	0	0	0	0	0	0	0	0	0	0	0	0	0	0	0	0	0	0	0	0	0	0	0	0	0	0	0	0	0	0	0	0	0	0	0	0	0	0	0	0	0	0	0	0	0	0	0	0	0	0	0	0	0	0	0	0	0	0	0	0	0	0	0	0	0	0	0	0	0	0	0	0	0	0	0	0	0	0	0	0	0	0	0	0	0	0	0	0	0	0	0	0	0	0	0	0	0	0	0	0	0	0	0	0	0	0	0	0	0	0	0	0	0	0	0	0	0	0	0	0	0	0	0	0	0	0	0	0	0	0	0	0	0	0	0	0	0	0	0	0	0	0	0	0	0	0	0	0	0	0	0	0	0	0	0	0	0	0	0	0	0	0	0	0	0	0	0	0	0	0	0	2	0	0	0	0	0	0	0	0	0	0	0	0	0	0	0	0	0	0	0	0	0	0	0	0	0	0	0	0	0	0	0	0	0	0	0	0	0	0	0
2023.50795048597	0	0	0	0	0	0	0	0	0	0	0	0	0	0	0	0	0	0	0	0	0	0	0	0	0	0	0	0	0	0	0	0	0	0	0	0	0	0	0	0	0	0	0	0	0	0	0	0	0	0	0	0	0	0	0	0	0	0	0	0	0	0	0	0	0	0	0	0	0	0	0	0	0	0	0	0	0	0	0	0	0	0	0	0	0	0	0	0	0	0	0	0	0	0	0	0	0	0	0	0	0	0	0	0	0	0	0	0	0	0	0	0	0	0	0	0	0	0	0	0	0	0	0	0	0	0	0	0	0	0	0	0	0	0	0	0	0	2	0	0	0	0	0	0	0	0	0	0	0	0	0	0	0	0	0	0	0	0	0	0	0	0	0	0	0	0	0	0	1	0	0	0	0	0	2	0	0	0	0	0	0	0	0	0	0	0	0	0	0	0	0	0	0	0	0	0	0	0	0	0	0	0	0	0	1	0	0	0	0	0	0	0	0	0	0	0	0	0	0	0	0	0	0	0	0	0	0	0	0	0	0	0	0	0	0	0	0	0	0	0	0	0	0	0	0	0	0	0	0	0	0	0	0	0	0	0	0	0	0	0	0	0	0	0	0	0	0	0	0	0	0	0	0	0	0	0	0	0	0	0	0	0	0	0	0	0	0	0	0	0	0	0	0	0	0	0	0	0	0	0	0	0	0	0	0	0	0	0	0	0	0	0	0	0	0	0	0	0	0	0	0	0	0	0	0	0	0	0	0	0	0	0	0	0	0	0	2	0	0	0	0	0	0	0	0	0	0	0	0	0	0	0	0	0	0	0	0	0	0	0	0	0	0	0	0	0	0	0	0	0	1	0	0	0	0	0	0	0	0	0	0	0	0	0	0	0	0	0	0	0	0	0	0	0	0	0	0	0	0	0	0	0	0	0	0	0	0	0	0	0	0	0	0	0	0	0	0	0	0	0	0	0	0	0	0	0	0	0	0	0	0	0	0	0	0	0	0	0	0	0	0	0	0	0	0	0	0	0	0	0	0	0	0	0	0	0	0	0	0	0	0	0	0	0	0	0	0	0	0	0	0	0	0	0	0	0	0	2	0	0	0	0	0	0	0	0	0	0	0	0	0	0	0	0	0	0	0	0	0	0	0	0	0	0	0	0	0	0	0	1	0	0	0	0	0	0	0	0	0	0	0	0	0	0	0	0	0	0	0	0	0	0	0	0	0	0	0	0	0	0	0	0	0	0	0	0	0	0	0	0	0	0	0	0	0	0	0	0	0	0	0	0	0	0	0	0	0	0	0	0	0	0	0	0	0	0	0	0	0	0	0	0	0	0	0	0	0	0	0	0	0	0	0	0	0	0	0	0	0	0	0	0	0	0	0	0	0	0	0	0	0	0	0	0	0	0	0	0	0	0	0	0	0	0	0	0	0	0	0	0	0	0	0	0	0	0	0	0	0	0	0	0	0	0	0	0	0	2	0	0	0	0	0	0	0	0	0	0	0	0	0	0	0	0	0	0	0	0	0	0	0	0	0	0	0	0	0	0	0	0	0	0	0	0	0	0	0	0	0	0	0	0	0	0	0	0	0	0	0	0	0	0	0	0	0	0	0	0	0	0	0	0	0	0	0	0	0	0	0	0	0	0	0	2	0	0	0	0	0	0	0	0	0	0	0	0	0	0	0	0	0	0	0	0	0	0	0	0	0	0	0	0	0	0	0	0	0	0	0	0	0	0	0	0	0	0	0	0	0	0	0	0	0	0	0	0	0	0	0	0	0	0	0	0	0	0	0	0	0	0	0	0	0	0	0	0	0	0	0	0	0	0	0	0	0	0	0	0	0	0	0	0	0	0	0	0	0	0	0	0	0	0	0	0	0	0	0	0	0	0	0	0	0	0	0	0	0	0	0	0	0	0	0	0	0	0	0	0	0	0	0	0	0	0	0	0	0	0	0	0	0	0	0	0	0	0	0	0	0	0	0	0	0	0	0	0	0	0	0	0	0	0	0	0	0	0	0	0	0	0	0	0	0	0	0	0	0	0	0	0	0	0	0	0	0	0	0	0	0	0	0	0	0	0	0	0	0	0	0	0	0	0	0	0	0	0	0	0	0	0	0	0	0	0	0	0	0	0	0	0	0	0	0	0	0	0	0	0	0	0	0	0	0	0	0	0	0	0	0	0	2	0	0	0	0	0	0	0	0	0	0	0	0	0	0	0	0	0	0	0	0	0	0	0	0	0	0	0	0	0	0	0	0	0	0	0	0	0	0	0
2023.51251770005	0	0	0	0	0	0	0	0	0	0	0	0	0	0	0	0	0	0	0	0	0	0	0	0	0	0	0	0	0	0	0	0	0	0	0	0	0	0	0	0	0	0	0	0	0	0	0	0	0	0	0	0	0	0	0	0	0	0	0	0	0	0	0	0	0	0	0	0	0	0	0	0	0	0	0	0	0	0	0	0	0	0	0	0	0	0	0	0	0	0	0	0	0	0	0	0	0	0	0	0	0	0	0	0	0	0	0	0	0	0	0	0	0	0	0	0	0	0	0	0	0	0	0	0	0	0	0	0	0	0	0	0	0	0	0	0	0	2	0	0	0	0	0	0	0	0	0	0	0	0	0	0	0	0	0	0	0	0	0	0	0	0	0	0	0	0	0	0	1	0	0	0	0	0	2	0	0	0	0	0	0	0	0	0	0	0	0	0	0	0	0	0	0	0	0	0	0	0	0	0	0	0	0	0	1	0	0	0	0	0	0	0	0	0	0	0	0	0	0	0	0	0	0	0	0	0	0	0	0	0	0	0	0	0	0	0	0	0	0	0	0	0	0	0	0	0	0	0	0	0	0	0	0	0	0	0	0	0	0	0	0	0	0	0	0	0	0	0	0	0	0	0	0	0	0	0	0	0	0	0	0	0	0	0	0	0	0	0	0	0	0	0	0	0	0	0	0	0	0	0	0	0	0	0	0	0	0	0	0	0	0	0	0	0	0	0	0	0	0	0	0	0	0	0	0	0	0	0	0	0	0	0	0	0	0	0	2	0	0	0	0	0	0	0	0	0	0	0	0	0	0	0	0	0	0	0	0	0	0	0	0	0	0	0	0	0	0	0	0	0	1	0	0	0	0	0	0	0	0	0	0	0	0	0	0	0	0	0	0	0	0	0	0	0	0	0	0	0	0	0	0	0	0	0	0	0	0	0	0	0	0	0	0	0	0	0	0	0	0	0	0	0	0	0	0	0	0	0	0	0	0	0	0	0	0	0	0	0	0	0	0	0	0	0	0	0	0	0	0	0	0	0	0	0	2	0	0	0	0	0	0	0	0	0	0	0	0	0	0	0	0	0	0	0	0	0	0	2	0	0	0	0	0	0	0	0	0	0	0	0	0	0	0	0	0	0	0	0	0	0	0	0	0	0	0	0	0	0	0	1	0	0	0	0	0	0	0	0	0	0	0	0	0	0	0	0	0	0	0	0	0	0	0	0	0	0	0	0	0	0	0	0	0	0	0	0	0	0	0	0	0	0	0	0	0	0	0	0	0	0	0	0	0	0	0	0	0	0	0	0	0	0	0	0	0	0	0	0	0	0	0	0	0	0	0	0	0	0	0	0	0	0	0	0	0	0	0	0	0	0	0	0	0	0	0	0	0	0	0	0	0	0	0	0	0	0	0	0	0	0	0	0	0	0	0	0	0	0	0	0	0	0	0	0	0	0	0	0	0	0	0	0	0	0	0	0	0	2	0	0	0	0	0	0	0	0	0	0	0	0	0	0	0	0	0	0	0	2	0	0	0	0	0	0	0	0	0	0	0	0	0	0	0	0	0	0	0	0	0	0	0	0	0	0	0	0	0	0	0	0	0	0	0	0	0	0	0	0	0	0	0	0	0	0	0	0	0	0	0	0	0	0	0	2	0	0	0	0	0	0	0	0	0	0	0	0	0	0	0	0	0	0	0	0	0	0	0	0	0	0	0	0	0	0	0	0	0	0	0	0	0	0	0	0	0	0	0	0	0	0	0	0	0	0	0	0	0	0	0	0	0	0	0	0	0	0	0	0	0	0	0	0	0	0	0	0	0	0	0	0	0	0	0	0	0	0	0	0	0	0	0	0	0	0	0	0	0	0	0	0	0	0	0	0	0	0	0	0	0	0	0	0	0	0	0	0	0	0	0	0	0	0	0	0	0	0	0	0	0	0	0	0	0	0	0	0	0	0	0	0	0	0	0	0	0	0	0	0	0	0	0	0	0	0	0	0	0	0	0	0	0	0	0	0	0	0	0	0	0	0	0	0	0	0	0	0	0	0	0	0	0	0	0	0	0	0	0	0	0	0	0	0	0	0	0	0	0	0	0	0	0	0	0	0	0	0	0	0	0	0	0	0	0	0	0	0	0	0	0	0	0	0	0	0	0	0	0	0	0	0	0	0	0	0	0	0	0	0	0	0	2	0	0	0	0	0	0	0	0	0	0	0	0	0	0	0	0	0	0	0	0	0	0	0	0	0	0	0	0	0	0	0	2	0	0	0	0	0	0	0
2023.51708491412	0	0	0	0	0	0	0	0	0	0	0	0	0	0	0	0	0	0	0	0	0	0	0	0	0	0	0	0	0	0	0	0	0	0	0	0	0	0	0	0	0	0	0	0	0	0	0	0	0	0	0	0	0	0	0	0	0	0	0	0	0	0	0	0	0	0	0	0	0	0	0	0	0	0	0	0	0	0	0	0	0	0	0	0	0	0	0	0	0	0	0	0	0	0	0	0	0	0	0	0	0	0	0	0	0	0	0	0	0	0	0	0	0	0	0	0	0	0	0	0	0	0	0	0	0	0	0	0	0	0	0	0	0	0	0	0	0	2	0	0	0	0	0	0	0	0	0	0	0	0	0	0	0	0	0	0	0	0	0	0	0	0	0	0	0	0	0	0	1	0	0	0	0	0	2	0	0	0	0	0	0	0	0	0	0	0	0	0	0	0	0	0	0	0	0	0	0	0	0	0	0	0	0	0	1	0	0	0	0	0	0	0	0	0	0	0	0	0	0	0	0	0	0	0	0	0	0	0	0	0	0	0	0	0	0	0	0	0	0	0	0	0	0	0	0	0	0	0	0	0	0	0	0	0	0	0	0	0	0	0	0	0	0	0	0	0	0	0	0	0	0	0	0	0	0	0	0	0	0	0	0	0	0	0	0	0	0	0	0	0	0	0	0	0	0	0	0	0	0	0	0	0	0	0	0	0	0	0	0	0	0	0	0	0	0	0	0	0	0	0	0	0	0	0	0	0	0	0	0	0	0	0	0	0	0	0	2	0	0	0	0	0	0	0	0	0	0	0	0	0	0	0	0	0	0	0	0	0	0	0	0	0	0	0	0	0	0	0	0	0	1	0	0	0	0	0	0	0	0	0	0	0	0	0	0	0	0	0	0	0	0	0	0	0	0	0	0	0	0	0	0	0	0	0	0	0	0	0	0	0	0	0	0	0	0	0	0	0	0	0	0	0	0	0	0	0	0	0	0	0	0	0	0	0	0	0	0	0	0	0	0	0	0	0	0	0	0	0	0	0	0	0	0	0	2	0	0	0	0	0	0	0	0	0	0	0	0	0	0	0	0	0	0	0	0	0	0	2	0	0	0	0	0	0	0	0	0	0	0	0	0	0	0	0	0	0	0	0	0	0	0	0	0	0	0	0	0	0	0	1	0	0	0	0	0	0	0	0	0	0	0	0	0	0	0	0	0	0	0	0	0	0	0	0	0	0	0	0	0	0	0	0	0	0	0	0	0	0	0	0	0	0	0	0	0	0	0	0	0	0	0	0	0	0	0	0	0	0	0	0	0	0	0	0	0	0	0	0	0	0	0	0	0	0	0	0	0	0	0	0	0	0	0	0	0	0	0	0	0	0	0	0	0	0	0	0	0	0	0	0	0	0	0	0	0	0	0	0	0	0	0	0	0	0	0	0	0	0	0	0	0	0	0	0	0	0	0	0	0	0	0	0	0	0	0	0	2	2	0	0	0	0	0	0	0	0	0	0	0	0	0	0	0	0	0	0	0	2	0	0	0	0	0	0	0	0	0	0	0	0	0	0	0	0	0	0	0	0	0	0	0	0	0	0	0	0	0	0	0	0	0	0	0	0	0	0	0	0	0	0	0	0	0	0	0	0	0	0	0	0	0	0	0	2	0	0	0	0	0	0	0	0	0	0	0	0	0	0	0	0	0	0	0	0	0	0	0	0	0	0	0	0	0	0	0	0	0	0	0	0	0	0	0	0	0	0	0	0	0	0	0	0	0	0	0	0	0	0	0	0	0	0	0	0	0	0	0	0	0	0	0	0	0	0	0	0	0	0	0	0	0	0	0	0	0	0	0	0	0	0	0	0	0	0	0	0	0	0	0	0	0	0	0	0	0	0	0	0	0	0	0	0	0	0	0	0	0	0	0	0	0	0	0	0	0	0	0	0	0	0	0	0	0	0	0	0	0	0	0	0	0	0	0	0	0	0	0	0	0	0	0	0	0	0	0	0	0	0	0	0	0	0	0	0	0	0	0	0	0	0	0	0	0	0	0	0	0	0	0	0	0	0	0	0	0	0	0	0	0	0	0	0	0	0	0	0	0	0	0	0	0	0	0	0	0	0	0	0	0	0	0	0	0	0	0	0	0	0	0	0	0	0	0	0	0	0	0	0	0	0	0	0	0	0	0	0	0	0	0	0	2	0	0	0	0	0	0	0	0	0	0	0	0	0	0	0	0	0	0	0	0	0	0	0	0	0	0	0	0	0	0	0	2	0	0	0	0	0	0	0
2023.5216521282	0	0	0	0	0	0	0	0	0	0	0	0	0	0	0	0	0	0	0	0	0	0	0	0	0	0	0	0	0	0	0	0	0	0	0	0	0	0	0	0	0	0	0	0	0	0	0	0	0	0	0	0	0	0	0	0	0	0	0	0	0	0	0	0	0	0	0	0	0	0	0	0	0	0	0	0	0	0	0	0	0	0	0	0	0	0	0	0	0	0	0	0	0	0	0	0	0	0	0	0	0	0	0	0	0	0	0	0	0	0	0	0	0	0	0	0	0	0	0	0	0	0	0	0	0	0	0	0	0	0	0	0	0	0	0	0	0	2	0	0	0	0	0	0	0	0	0	0	0	0	0	0	0	0	0	0	0	0	0	0	0	0	0	0	0	0	0	0	1	0	0	0	0	0	2	0	0	0	0	0	0	0	0	0	0	0	0	0	0	0	0	0	0	0	0	0	0	0	0	0	0	0	0	0	1	0	0	0	0	0	0	0	0	0	0	0	0	0	0	0	0	0	0	0	0	0	0	0	0	0	0	0	0	0	0	0	0	0	0	0	0	0	0	0	0	0	0	0	0	0	0	0	0	0	0	0	0	0	0	0	0	0	0	0	0	0	0	0	0	0	0	0	0	0	0	0	0	0	0	0	0	0	0	0	0	0	0	0	0	0	0	0	0	0	0	0	0	0	0	0	0	0	0	0	0	0	0	0	0	0	0	0	0	0	0	0	0	0	0	0	0	0	0	0	0	0	0	0	0	0	0	0	0	0	0	0	2	0	0	0	0	0	0	0	0	0	0	0	0	0	0	0	0	0	0	0	0	0	0	0	0	0	0	0	0	0	0	0	0	0	1	0	0	0	0	0	0	0	0	0	0	0	0	0	0	0	0	0	0	0	0	0	0	0	0	0	0	0	0	0	0	0	0	0	0	0	0	0	0	0	0	0	0	0	0	0	0	0	0	0	0	0	0	0	0	0	0	0	0	0	0	0	0	0	0	0	0	0	0	0	0	0	0	0	0	0	0	0	0	0	0	0	0	0	2	0	0	0	0	0	0	0	0	0	0	0	0	0	0	0	0	0	0	0	0	0	0	2	0	0	0	0	0	0	0	0	0	0	0	0	0	0	0	0	0	0	0	0	0	0	0	0	0	0	0	0	0	0	0	1	0	0	0	0	0	0	0	0	0	0	0	0	0	0	0	0	0	0	0	0	0	0	0	0	0	0	0	0	0	0	0	0	0	0	0	0	0	0	0	0	0	0	0	0	0	0	0	0	0	0	0	0	0	0	0	0	0	0	0	0	0	0	0	0	0	0	0	0	0	0	0	0	0	0	0	0	0	0	0	0	0	0	0	0	0	0	0	0	0	0	0	0	0	0	0	0	0	0	0	0	0	0	0	0	0	0	0	0	0	0	0	0	0	0	0	0	0	0	0	0	0	0	0	0	0	0	0	0	0	0	0	0	0	0	0	0	2	2	0	0	0	0	0	0	0	0	0	0	0	0	0	0	0	0	0	0	0	2	0	0	0	0	0	0	0	0	0	0	0	0	0	0	0	0	0	0	0	0	0	0	0	0	0	0	0	0	0	0	0	0	0	0	0	0	0	0	0	0	0	0	0	0	0	0	0	0	0	0	0	0	0	0	0	2	0	0	0	0	0	0	0	0	0	0	0	0	0	0	0	0	0	0	0	0	0	0	0	0	0	0	0	0	0	0	0	0	0	0	0	0	0	0	0	0	0	0	0	0	0	0	0	0	0	0	0	0	0	0	0	0	0	0	0	0	0	0	0	0	0	0	0	0	0	0	0	0	0	0	0	0	0	0	0	0	0	0	0	0	0	0	0	0	0	0	0	0	0	0	0	0	0	0	0	0	0	0	0	0	0	0	0	0	0	0	0	0	0	0	0	0	0	0	0	0	0	0	0	0	0	0	0	0	0	0	0	0	0	0	0	0	0	0	0	0	0	0	0	0	0	0	0	0	0	0	0	0	0	0	0	0	0	0	0	0	0	0	0	0	0	0	0	0	0	0	0	0	0	0	0	0	0	0	0	0	0	0	0	0	0	0	0	0	0	0	0	0	0	0	0	0	0	0	0	0	0	0	0	0	0	0	0	0	0	0	0	0	0	0	0	0	0	0	0	0	0	0	0	0	0	0	0	0	0	0	0	0	0	0	0	0	2	0	0	0	0	0	0	0	0	0	0	0	0	0	0	0	0	0	0	0	0	0	0	0	0	0	0	0	0	0	0	0	2	0	0	0	0	0	0	0
2023.52621934228	0	0	0	0	0	0	0	0	0	0	0	0	0	0	0	0	0	0	0	0	0	0	0	0	0	0	0	0	0	0	0	0	0	0	0	0	0	0	0	0	0	0	0	0	0	0	0	0	0	0	0	0	0	0	0	0	0	0	0	0	0	0	0	0	0	0	0	0	0	0	0	0	0	0	0	0	0	0	0	0	0	0	0	0	0	0	0	0	0	0	0	0	0	0	0	0	0	0	0	0	0	0	0	0	0	0	0	0	0	0	0	0	0	0	0	0	0	0	0	0	0	0	0	0	0	0	0	0	0	0	0	0	0	0	0	0	0	2	0	0	0	0	0	0	0	0	0	0	0	0	0	0	0	0	0	0	0	0	0	0	0	0	0	0	0	0	0	0	1	0	0	0	0	0	2	0	0	0	0	0	0	0	0	0	0	0	0	0	0	0	0	0	0	0	0	0	0	0	0	0	0	0	0	0	1	0	0	0	0	0	0	0	0	0	0	0	0	0	0	0	0	0	0	0	0	0	0	0	0	0	0	0	0	0	0	0	0	0	0	0	0	0	0	0	0	0	0	0	0	0	0	0	0	0	0	0	0	0	0	0	0	0	0	0	0	0	0	0	0	0	0	0	0	0	0	0	0	0	0	0	0	0	0	0	0	0	0	0	0	0	0	0	0	0	0	0	0	0	0	0	0	0	0	0	0	0	0	0	0	0	0	0	0	0	0	0	0	0	0	0	0	0	0	0	0	0	0	0	0	0	0	0	0	0	0	0	0	0	0	0	0	0	0	0	0	0	0	0	0	0	0	0	0	0	0	0	0	0	0	0	0	0	0	0	0	0	0	0	0	0	1	0	0	0	0	0	0	0	0	0	0	0	0	0	0	0	0	0	0	0	0	0	0	0	0	0	0	0	0	0	0	0	0	0	0	0	0	0	0	0	0	0	0	0	0	0	0	0	0	0	0	0	0	0	0	0	0	0	0	0	0	0	0	0	0	0	0	0	0	0	0	0	0	0	0	0	0	0	0	0	0	0	0	0	2	0	0	0	0	0	0	0	0	0	0	0	0	0	0	0	0	0	0	0	0	0	0	2	0	0	0	0	0	0	0	0	0	0	0	0	0	0	0	0	0	0	0	0	0	0	0	0	0	0	0	0	0	0	0	1	0	0	0	0	0	0	0	0	0	0	0	0	0	0	0	0	0	0	0	0	0	0	0	0	0	0	0	0	0	0	0	0	0	0	0	0	0	0	0	0	0	0	0	0	0	0	0	0	0	0	0	0	0	0	0	0	0	0	0	0	0	0	0	0	0	0	0	0	0	0	0	0	0	0	0	0	0	0	0	0	0	0	0	0	0	0	0	0	0	0	0	0	0	0	0	0	0	0	0	0	0	0	0	0	0	0	0	0	0	0	0	0	0	0	0	0	0	0	0	0	0	0	0	0	0	0	0	0	0	0	0	0	0	0	0	0	2	0	0	0	0	0	0	0	0	0	0	0	0	0	0	0	0	0	0	0	0	2	0	0	0	0	0	0	0	0	0	0	0	0	0	0	0	0	0	2	0	0	0	0	0	0	0	0	0	0	0	0	0	0	0	0	0	0	0	0	0	0	0	0	0	0	0	0	0	0	0	0	0	0	0	0	0	2	0	0	0	0	0	0	0	0	0	0	0	0	0	0	0	0	0	0	0	0	0	0	0	0	0	0	0	0	0	0	0	0	0	0	0	0	0	0	0	0	0	0	0	0	0	0	0	0	0	0	0	0	0	0	0	0	0	0	0	0	0	0	0	0	0	0	0	0	0	0	0	0	0	0	0	0	0	0	0	0	0	0	0	0	0	0	0	0	0	0	0	0	0	0	0	0	0	0	0	0	0	0	0	0	0	0	0	0	0	0	0	0	0	0	0	0	0	0	0	0	0	0	0	0	0	0	0	0	0	0	0	0	0	0	0	0	0	0	0	0	0	0	0	2	0	0	0	0	0	0	0	0	0	0	0	0	0	0	0	0	0	0	0	0	0	0	0	0	0	0	0	0	0	0	0	0	0	0	0	0	0	0	0	0	0	0	0	0	0	0	0	0	0	0	0	0	0	0	0	0	0	0	0	0	0	0	0	0	0	0	0	0	0	0	0	0	0	0	0	0	0	0	0	0	0	0	0	0	0	0	0	0	0	0	0	0	2	0	0	0	0	0	0	0	0	0	0	0	0	0	0	0	0	0	0	0	0	0	0	0	0	0	0	0	0	0	0	0	2	0	0	0	0	0	0	0
2023.53078655635	0	0	0	0	0	0	0	0	0	0	0	0	0	0	0	0	0	0	0	0	0	0	0	0	0	0	0	0	0	0	0	0	0	0	0	0	0	0	0	0	0	0	0	0	0	0	0	0	0	0	0	0	0	0	0	0	0	0	0	0	0	0	0	0	0	0	0	0	0	0	0	0	0	0	0	0	0	0	0	0	0	0	0	0	0	0	0	0	0	0	0	0	0	0	0	0	0	0	0	0	0	0	0	0	0	0	0	0	0	0	0	0	0	0	0	0	0	0	0	0	0	0	0	0	0	0	0	0	0	0	0	0	0	0	0	0	0	2	0	0	0	0	0	0	0	0	0	0	0	0	0	0	0	0	0	0	0	0	0	0	0	0	0	0	0	0	0	0	1	0	0	0	0	0	2	0	0	0	0	0	0	0	0	0	0	0	0	0	0	0	0	0	0	0	0	0	0	0	0	0	0	0	0	0	1	0	0	0	0	0	0	0	0	0	0	0	0	0	0	0	0	0	0	0	0	0	0	0	0	0	0	0	0	0	0	0	0	0	0	0	0	0	0	0	0	0	0	0	0	0	0	0	0	0	0	0	0	0	0	0	0	0	0	0	0	0	0	0	0	0	0	0	0	0	0	0	0	0	0	0	0	0	0	0	0	0	0	0	0	0	0	0	0	0	0	0	0	0	0	0	0	0	0	0	0	0	0	0	0	0	0	0	0	0	0	0	0	0	0	0	0	0	0	0	0	0	0	0	0	0	0	0	0	0	0	0	0	0	0	0	0	0	0	0	0	0	0	0	0	0	0	0	0	0	0	0	0	0	0	0	0	0	0	0	0	0	0	0	0	0	1	0	0	0	0	0	0	0	0	0	0	0	0	0	0	0	0	0	0	0	0	0	0	0	0	0	0	0	0	0	0	0	0	0	0	0	0	0	0	0	0	0	0	0	0	0	0	0	0	0	0	0	0	0	0	0	0	0	0	0	0	0	0	0	0	0	0	0	0	0	0	0	0	0	0	0	0	0	0	0	0	0	0	0	2	0	0	0	0	0	0	0	0	0	0	0	0	0	0	0	0	0	0	0	0	0	0	2	0	0	0	0	0	0	0	0	0	0	0	0	0	0	0	0	0	0	0	0	0	0	0	0	0	0	0	0	0	0	0	1	0	0	0	0	0	0	0	0	0	0	0	0	0	0	0	0	0	0	0	0	0	0	0	0	0	0	0	0	0	0	0	0	0	0	0	0	0	0	0	0	0	0	0	0	0	0	0	0	0	0	0	0	0	0	0	0	0	0	0	0	0	0	0	0	0	0	0	0	0	0	0	0	0	0	0	0	0	0	0	0	0	0	0	0	0	0	0	0	0	0	0	0	0	0	0	0	0	0	0	0	0	0	0	0	0	0	0	0	0	0	0	0	0	0	0	0	0	0	0	0	0	0	0	0	0	0	0	0	0	0	0	0	0	0	0	0	2	0	0	0	0	0	0	0	0	0	0	0	0	0	0	0	0	0	0	0	0	2	0	0	0	0	0	0	0	0	0	0	0	0	0	0	0	0	0	2	0	0	0	0	0	0	0	0	0	0	0	0	0	0	0	0	0	0	0	0	0	0	0	0	0	0	0	0	0	0	0	0	0	0	0	0	0	2	0	0	0	0	0	0	0	0	0	0	0	0	0	0	0	0	0	0	2	0	0	0	0	0	0	0	0	0	0	0	0	0	0	0	0	0	0	0	0	0	0	0	0	0	0	0	0	0	0	0	0	0	0	0	0	0	0	0	0	0	0	0	0	0	0	0	0	0	0	0	0	0	0	0	0	0	0	0	0	0	0	0	0	0	0	0	0	0	0	0	0	0	0	0	0	0	0	0	0	0	0	0	0	0	0	0	0	0	0	0	0	0	0	0	0	0	0	0	0	0	0	0	0	0	0	0	0	0	0	0	0	0	0	0	0	0	0	0	0	0	0	0	0	2	0	0	0	0	0	0	0	0	0	0	0	0	0	0	0	0	0	0	0	0	0	0	0	0	0	0	0	0	0	0	0	0	0	0	0	0	0	0	0	0	0	0	0	0	0	0	0	0	0	0	0	0	0	0	0	0	0	0	0	0	0	0	0	0	0	0	0	0	0	0	0	0	0	0	0	0	0	0	0	0	0	0	0	0	0	0	0	0	0	0	0	0	2	0	0	0	0	0	0	0	0	0	0	0	0	0	0	0	0	0	0	0	0	0	0	0	0	0	0	0	0	0	0	0	2	0	0	0	0	0	0	0
2023.53535377043	0	0	0	0	0	0	0	0	0	0	0	0	0	0	0	0	0	0	0	0	0	0	0	0	0	0	0	0	0	0	0	0	0	0	0	0	0	0	0	0	0	0	0	0	0	0	0	0	0	0	0	0	0	0	0	0	0	0	0	0	0	0	0	0	0	0	0	0	0	0	0	0	0	0	0	0	0	0	0	0	0	0	0	0	0	0	0	0	0	0	0	0	0	0	0	0	0	0	0	0	0	0	0	0	0	0	0	0	0	0	0	0	0	0	0	0	0	0	0	0	0	0	0	0	0	0	0	0	0	0	0	0	0	0	0	0	0	0	0	0	0	0	0	0	0	0	0	0	0	0	0	0	0	0	0	0	0	0	0	0	0	0	0	0	0	0	0	0	1	0	0	0	0	0	0	0	0	0	0	0	0	0	0	0	0	0	0	0	0	0	0	0	0	0	0	0	0	0	0	0	0	0	0	0	1	0	0	0	0	0	0	0	0	0	0	0	0	0	0	0	0	0	0	0	0	0	0	0	0	0	0	0	0	0	0	0	0	0	0	0	0	0	0	0	0	0	0	0	0	0	0	0	0	0	0	0	0	0	0	0	0	0	0	0	0	0	0	0	0	0	0	0	0	0	0	0	0	0	0	0	0	0	0	0	0	0	0	0	0	0	0	0	0	0	0	0	0	0	0	0	0	0	0	0	0	0	0	0	0	0	0	0	0	0	0	0	0	0	0	0	0	0	0	0	0	0	0	0	0	0	0	0	0	0	0	0	0	0	0	0	0	0	0	0	0	0	0	0	0	0	0	0	0	0	0	0	0	0	0	0	0	0	0	0	0	0	0	0	0	0	1	0	0	0	2	0	0	0	0	0	0	0	0	2	0	0	0	0	0	0	0	0	0	0	0	0	0	0	0	0	0	0	0	0	0	0	0	0	0	0	0	0	0	0	0	0	0	0	0	0	0	0	0	0	0	0	0	0	0	0	0	0	0	0	0	0	0	0	0	0	0	0	0	0	0	0	0	0	0	0	0	0	0	0	2	0	0	0	0	0	0	0	0	0	0	0	0	0	0	0	0	0	0	0	0	0	0	0	0	0	0	0	0	0	0	0	0	0	0	0	0	0	0	0	0	0	0	0	0	0	0	0	0	0	0	0	0	0	0	1	0	0	0	0	0	0	0	0	0	0	0	0	0	0	0	0	0	0	0	0	0	0	0	0	0	0	0	0	0	0	0	0	0	0	0	0	0	0	0	0	0	0	0	0	0	0	0	0	0	0	0	0	0	0	0	0	0	0	0	0	0	0	0	0	0	0	0	0	0	0	0	0	0	0	0	0	0	0	0	0	0	0	0	0	0	0	0	0	0	0	0	0	0	0	0	0	0	0	0	0	0	0	0	0	0	0	0	0	0	0	0	0	0	0	0	0	0	0	0	0	0	0	0	0	0	0	0	0	0	0	0	0	0	0	0	0	2	0	0	0	0	0	0	0	0	0	0	0	0	0	0	0	0	0	0	0	0	2	0	0	0	0	0	0	0	2	0	0	0	0	0	0	0	0	0	2	0	0	0	0	0	0	0	0	0	0	0	0	0	0	0	0	0	0	0	0	0	0	0	0	0	0	0	0	0	0	0	0	0	0	0	0	0	0	0	0	0	0	0	0	0	0	0	0	0	0	0	0	0	0	0	0	2	0	0	0	0	0	0	0	0	0	0	0	0	0	0	0	0	0	0	0	0	0	0	0	0	0	0	0	0	0	0	0	0	0	0	0	0	0	0	0	0	0	0	2	0	0	0	0	0	0	0	0	0	0	0	0	0	0	0	0	0	0	0	0	0	0	0	0	0	0	0	0	0	0	0	0	0	0	0	0	0	0	0	0	0	0	0	0	0	0	0	0	0	0	0	0	0	0	0	0	0	0	0	0	0	0	0	0	0	0	0	0	0	0	0	0	0	0	0	0	0	0	0	0	0	2	0	0	0	0	0	0	0	0	0	0	0	0	0	0	0	0	0	0	0	0	0	0	0	0	0	0	0	0	0	0	0	0	0	0	0	0	0	0	0	0	0	0	0	0	0	0	0	0	0	0	0	0	0	0	0	0	0	0	0	0	0	0	0	0	0	0	0	0	0	0	0	0	0	0	0	0	0	0	0	0	0	0	0	0	0	0	0	0	0	0	0	0	0	0	0	0	0	0	0	0	0	0	0	0	0	0	0	0	0	0	0	0	0	0	0	0	0	0	0	0	0	0	0	0	2	0	0	0	0	0	0	0
2023.53992098451	2	0	0	0	0	0	0	0	0	0	0	0	0	0	0	0	0	0	0	0	0	0	0	0	0	0	0	0	0	0	0	0	0	0	0	0	0	0	0	0	0	0	0	0	0	0	0	0	0	0	0	0	0	0	0	0	0	0	0	0	0	0	0	0	0	0	0	0	0	0	0	0	0	0	0	0	0	0	0	0	0	0	0	0	0	0	0	0	0	0	0	0	0	0	0	0	0	0	0	0	0	0	0	0	0	0	0	0	0	0	0	0	0	0	0	0	0	0	0	0	0	0	0	0	0	0	0	0	0	0	0	0	0	0	0	0	0	0	0	0	0	0	0	0	0	0	0	0	0	0	0	0	0	0	0	0	0	0	0	0	0	0	0	0	0	0	0	0	1	0	0	0	0	0	0	0	0	0	0	0	0	0	0	0	0	0	0	0	0	0	0	0	0	0	0	0	2	0	0	0	0	0	0	0	1	0	0	0	0	0	0	0	0	0	0	0	0	0	0	0	0	0	0	0	0	0	0	0	0	0	0	0	0	0	0	0	0	0	0	0	0	0	0	0	0	0	0	0	0	0	0	0	0	0	0	0	0	0	0	0	0	0	0	0	0	0	0	0	0	0	0	0	0	0	0	0	0	0	0	0	0	0	0	0	0	0	0	0	0	0	0	0	0	0	0	0	0	0	0	0	0	0	0	0	0	0	0	0	0	0	0	0	0	0	0	0	0	0	0	0	0	0	0	0	0	0	0	0	0	0	0	0	0	0	0	0	0	0	0	0	0	0	0	0	0	0	0	0	0	0	0	0	0	0	0	0	0	0	0	0	0	0	0	0	0	0	0	0	0	0	1	0	0	0	2	0	0	0	0	0	0	0	0	2	0	0	0	0	0	0	0	0	0	0	0	0	0	0	0	0	0	0	0	0	0	0	0	0	0	0	0	0	0	0	0	0	0	0	0	0	0	0	0	0	0	0	0	0	0	0	0	0	0	0	0	0	0	0	0	0	0	0	0	0	0	0	0	0	0	0	0	0	0	0	2	0	0	0	0	0	0	0	0	0	0	0	0	0	0	0	0	0	0	0	0	0	0	0	0	0	0	0	0	0	0	0	0	0	0	0	0	0	0	0	0	0	0	0	0	0	0	0	0	0	0	0	0	0	0	0	0	0	0	0	0	0	0	0	0	0	0	0	0	0	0	0	0	0	0	0	0	0	0	0	0	0	0	0	0	0	0	0	0	0	0	0	0	0	0	0	0	0	0	0	0	0	0	0	0	0	0	0	0	0	0	0	0	0	0	0	0	0	0	0	0	0	0	0	0	0	0	0	0	0	0	0	0	0	0	0	0	0	0	0	0	0	0	0	0	0	0	0	0	0	0	0	0	0	0	0	0	0	0	0	0	0	0	0	0	0	0	0	0	0	0	0	0	0	0	0	0	0	0	0	0	0	0	0	0	0	0	0	0	0	0	0	2	0	0	0	0	0	0	0	0	0	0	0	0	0	0	0	0	0	0	0	0	2	0	0	0	0	0	0	0	2	0	0	0	0	0	0	0	0	0	2	0	0	0	0	0	0	0	0	0	0	0	0	0	0	0	0	0	0	0	0	0	0	0	0	0	0	0	0	0	0	0	0	0	0	0	0	0	0	0	0	0	0	0	0	0	0	0	0	0	0	0	0	0	0	0	0	2	0	0	0	0	0	0	0	0	0	0	0	0	0	0	0	0	0	0	0	2	0	0	0	0	0	0	0	0	0	0	0	0	0	0	0	0	0	0	0	0	0	0	2	0	0	0	0	0	0	0	0	0	0	0	0	0	0	0	0	0	0	0	0	0	0	0	0	0	0	0	0	0	0	0	0	0	0	0	0	0	0	0	0	0	0	0	0	0	0	0	0	0	0	0	0	0	0	0	0	0	0	0	0	0	0	0	0	0	0	0	0	0	0	0	0	0	0	0	0	0	0	0	0	0	2	0	0	0	0	0	0	0	0	0	0	0	0	0	0	0	0	0	0	0	0	0	0	0	0	0	0	0	0	0	0	0	0	0	0	0	0	0	0	0	0	0	0	0	0	0	0	0	0	0	0	0	0	0	0	0	0	0	0	0	0	0	0	0	0	0	0	0	0	0	0	0	0	0	0	0	0	0	0	0	0	0	0	0	0	0	0	0	0	0	0	0	0	0	0	0	0	0	0	0	0	0	0	0	0	0	0	0	0	0	0	0	0	0	0	0	0	0	0	0	0	0	0	0	0	2	0	0	0	0	0	0	0
2023.54448819858	2	2	0	0	0	0	0	0	0	0	0	0	0	0	0	0	0	0	0	0	0	0	0	0	0	0	0	0	0	0	0	0	0	0	0	0	0	0	0	0	0	0	0	0	0	0	0	0	0	0	0	0	0	0	0	0	0	0	0	0	0	0	0	0	0	0	0	0	0	0	0	0	0	0	0	0	0	0	0	0	0	0	0	0	0	0	0	0	0	0	0	0	0	0	0	0	0	0	0	0	0	0	0	0	0	0	0	0	0	0	0	0	0	0	0	0	0	0	0	0	0	0	0	0	0	0	0	0	0	0	0	0	0	0	0	0	0	0	0	0	0	0	0	0	0	0	0	0	0	0	0	0	0	0	0	0	0	0	0	0	0	0	0	0	0	0	0	0	0	0	0	0	0	0	0	0	0	0	0	0	0	0	0	0	0	0	0	0	0	0	0	0	0	0	0	0	2	0	0	0	0	0	0	0	0	0	0	0	0	0	0	0	0	0	0	0	0	0	0	0	0	0	0	0	0	0	0	0	0	0	0	0	0	0	0	0	0	0	0	0	0	0	0	0	0	0	0	0	0	0	0	0	0	0	0	0	0	0	0	0	0	0	0	0	0	0	0	0	0	0	0	0	0	0	0	0	0	0	0	0	0	0	0	0	0	0	0	0	0	0	0	0	0	0	0	0	0	0	0	0	0	0	0	0	0	0	0	0	0	0	0	0	0	0	0	0	0	0	0	0	0	0	0	0	0	0	0	0	0	0	0	0	0	0	0	0	0	0	0	0	0	0	0	0	0	0	0	0	0	0	0	0	0	0	0	0	0	0	0	0	0	0	0	0	0	0	0	0	0	0	0	0	0	0	2	0	0	0	0	0	0	0	0	2	0	0	0	0	0	0	0	0	0	0	0	0	0	0	0	0	0	0	0	0	0	0	0	0	2	0	0	0	0	0	0	0	0	0	0	0	0	0	0	0	0	0	0	0	0	0	0	0	0	0	0	0	0	0	0	0	0	0	0	0	0	0	0	0	0	0	0	0	0	0	2	0	0	0	0	0	0	0	0	0	0	0	0	0	0	0	0	0	0	0	0	0	0	0	0	0	0	0	0	0	0	0	0	0	0	0	0	0	0	0	0	0	0	0	0	0	0	0	0	0	0	0	0	0	0	0	0	0	0	0	0	0	0	0	0	0	0	0	0	0	0	0	0	0	0	0	0	0	0	0	0	0	0	0	0	0	0	0	0	0	0	0	0	0	0	0	0	0	0	0	0	0	0	0	0	0	0	0	0	0	0	0	0	0	0	0	0	0	0	0	0	0	0	0	0	0	0	0	0	0	0	0	0	0	0	0	0	0	0	0	0	0	0	0	0	0	0	0	0	0	0	0	0	0	0	0	0	0	0	0	0	0	0	0	0	0	0	0	0	0	0	0	0	0	0	0	0	0	0	0	0	0	0	0	0	0	0	0	0	0	0	0	2	0	0	0	0	0	0	0	0	0	0	0	0	0	0	0	0	0	0	0	0	2	0	0	0	0	0	0	0	2	0	0	0	0	0	0	0	0	0	2	0	0	0	0	0	0	0	0	0	0	0	0	0	0	0	0	0	0	0	0	0	0	0	0	0	0	0	0	0	0	0	0	0	0	0	0	0	0	0	0	0	0	0	0	0	0	0	0	0	0	0	0	0	0	0	0	2	0	0	0	0	0	0	0	0	0	0	0	0	0	0	0	0	0	0	0	2	0	0	0	0	0	0	0	0	0	0	0	0	0	0	0	0	0	0	2	0	0	0	2	0	0	0	0	0	0	0	0	0	0	0	0	0	0	0	0	0	0	0	0	0	0	0	2	0	0	0	0	0	0	0	0	0	0	0	0	0	0	0	0	0	0	0	0	0	0	0	0	0	0	0	0	0	0	0	0	0	0	0	0	0	0	0	0	0	0	0	0	0	0	0	0	0	0	0	0	0	0	0	0	0	2	0	0	0	0	0	0	0	0	0	0	0	0	0	0	0	0	0	0	0	0	0	0	0	0	0	0	0	2	0	0	0	0	0	0	0	0	0	0	0	0	0	0	0	0	0	0	0	0	0	0	0	0	0	0	0	0	0	0	0	0	0	0	0	0	0	0	0	0	0	0	0	0	0	0	0	0	0	0	0	0	0	0	0	0	0	0	0	0	0	0	0	0	0	0	0	0	0	0	0	0	0	0	0	0	0	0	0	0	0	0	0	0	0	0	0	0	0	0	0	0	0	0	0	0	2	0	0	0	0	0	0	0
2023.54905541266	2	2	0	0	0	0	0	0	0	0	0	0	0	0	0	0	0	0	0	0	0	0	0	0	0	0	0	0	0	0	0	0	0	0	0	0	0	2	0	0	0	0	0	0	0	0	0	0	0	0	0	0	0	0	0	0	0	0	0	0	0	0	0	0	0	0	0	0	0	0	0	0	0	0	0	0	0	0	0	0	0	0	0	0	0	0	0	0	0	0	0	0	0	0	0	0	0	0	0	0	0	0	0	0	0	0	0	0	0	0	0	0	0	0	0	0	0	0	0	0	0	0	0	0	0	0	0	0	2	0	0	0	0	0	0	0	0	0	0	0	0	0	0	0	0	0	0	0	0	0	0	0	0	0	0	0	0	0	0	0	0	0	0	0	0	0	0	0	0	0	0	0	0	0	0	0	0	0	0	0	0	0	0	0	0	0	0	0	0	0	0	0	0	0	0	0	2	0	0	0	0	0	0	0	0	0	0	0	0	0	0	0	0	0	0	0	0	0	0	0	0	0	0	0	0	0	0	0	0	0	0	0	0	0	0	0	0	0	0	0	0	0	0	0	0	0	0	2	0	0	0	0	0	0	0	0	0	0	0	0	0	0	0	2	0	0	0	0	0	0	0	0	0	0	0	0	0	0	0	0	0	0	0	0	0	0	0	0	0	0	0	0	0	0	0	0	0	0	0	0	0	0	0	0	0	0	0	0	0	0	0	0	0	0	0	0	0	0	0	0	0	0	0	0	0	0	0	0	0	0	0	0	0	0	0	0	0	0	0	0	0	0	0	0	0	0	0	0	0	0	0	0	0	0	0	0	0	0	0	0	0	0	0	0	0	0	0	0	0	0	0	0	0	0	2	0	0	0	0	0	0	0	0	2	0	0	0	0	0	0	0	0	0	0	0	0	0	0	0	0	0	0	0	0	0	0	0	0	2	0	0	2	0	0	0	0	0	0	0	0	0	0	0	0	0	0	0	0	0	0	0	0	0	0	0	0	0	0	0	0	0	0	0	0	0	0	0	0	0	0	0	0	0	0	2	0	0	0	0	0	0	0	0	0	0	0	0	0	0	0	0	0	0	2	0	0	0	0	0	0	0	0	0	0	0	0	0	0	0	0	0	0	0	0	0	0	0	0	0	0	0	0	0	0	0	0	0	0	0	0	0	0	0	0	0	0	0	0	0	0	0	0	0	0	0	0	0	0	0	0	0	0	0	0	0	0	0	0	0	0	0	0	0	0	0	0	0	0	0	0	0	0	0	0	0	0	0	0	0	0	0	0	0	0	0	0	0	0	0	0	0	0	0	0	0	0	0	0	0	0	0	0	0	0	0	0	0	2	0	0	0	0	0	0	0	0	0	0	0	0	0	0	0	0	0	0	0	0	0	0	0	0	0	0	0	0	0	0	0	0	0	0	0	0	0	0	0	0	0	0	0	0	0	0	2	0	0	0	0	0	0	0	0	0	0	0	2	0	0	0	0	0	0	0	0	0	0	0	0	0	0	0	0	0	0	0	0	2	0	0	0	0	0	0	0	2	0	0	0	0	0	0	0	0	0	2	0	0	0	0	0	0	0	0	0	0	0	0	0	0	0	0	0	0	0	0	0	0	0	0	0	0	0	0	0	0	0	0	0	0	0	0	0	0	0	0	0	0	0	0	0	0	0	0	0	0	0	0	0	0	0	0	2	0	0	0	0	0	0	0	0	0	0	0	0	0	0	0	0	0	0	0	2	0	0	0	0	0	0	0	0	0	0	0	0	0	0	0	0	0	0	2	0	0	0	2	0	0	0	0	0	0	0	0	0	0	0	0	0	0	0	0	0	0	0	0	0	0	0	2	0	0	0	0	0	0	0	0	0	0	0	0	0	0	0	0	0	0	0	0	0	0	0	0	0	0	0	0	0	0	0	0	0	0	0	0	0	0	0	0	0	0	0	0	0	0	0	0	0	0	0	0	0	0	0	0	0	2	0	0	0	0	0	0	0	0	0	0	0	0	0	0	0	0	0	0	0	0	0	0	0	0	0	0	0	2	0	0	0	0	0	0	0	0	0	0	0	0	0	0	0	0	0	0	0	0	0	0	0	0	0	0	0	0	0	0	0	0	0	0	0	0	0	0	0	0	0	0	0	0	0	0	0	0	0	0	0	0	0	0	0	0	0	0	0	0	0	0	0	0	0	0	0	0	0	0	0	0	0	0	0	0	0	0	0	0	0	0	0	0	0	0	0	0	0	0	0	0	0	0	0	0	2	0	0	0	0	0	0	0
2023.55362262674	2	2	0	0	0	0	0	0	0	0	0	0	0	0	0	0	0	0	0	0	0	0	0	0	0	0	0	0	0	0	0	0	0	0	0	0	0	2	0	0	0	0	0	0	0	0	0	0	0	0	0	0	0	0	0	0	0	0	0	0	0	0	0	0	0	0	0	0	0	0	0	0	2	0	0	0	0	0	0	0	0	0	0	0	0	0	0	0	0	0	0	0	0	0	0	0	0	0	0	0	0	0	0	0	0	0	0	0	0	0	0	0	0	0	0	0	0	0	0	0	0	0	0	0	0	0	0	0	2	0	0	0	0	0	0	0	0	0	0	0	0	0	0	0	0	0	0	0	0	0	0	0	0	0	2	0	0	0	0	0	0	0	0	0	0	0	0	0	0	0	0	0	0	0	0	0	0	0	0	0	0	0	0	0	0	0	0	0	0	0	0	0	0	0	0	0	2	0	0	2	0	0	0	0	0	0	0	0	0	0	0	0	0	0	0	0	0	0	0	0	0	0	0	0	0	0	0	0	0	0	0	0	0	0	0	0	0	0	0	0	0	0	0	0	0	0	0	2	0	0	0	0	0	0	0	0	0	0	0	0	0	0	0	2	0	0	0	0	0	0	0	0	0	0	0	0	0	0	0	0	0	0	2	0	0	0	0	0	0	0	0	0	0	0	0	0	0	0	0	0	0	0	0	0	0	0	0	0	0	0	0	0	0	0	0	0	0	0	0	0	0	0	0	0	0	0	0	0	0	0	0	0	0	0	0	0	0	0	0	0	0	0	0	0	0	0	0	0	0	0	0	0	0	0	0	0	0	0	0	0	0	0	0	0	0	0	0	0	0	0	0	0	0	0	2	0	0	0	0	0	0	0	0	2	0	0	0	0	0	0	0	0	0	0	0	0	0	0	0	0	0	0	0	0	0	0	0	0	2	0	0	2	0	0	0	0	0	0	0	0	0	0	0	0	0	0	0	0	0	0	0	0	0	0	0	0	0	0	0	0	0	0	0	0	0	0	0	0	0	0	0	0	0	0	0	0	0	0	0	0	0	0	0	0	0	0	0	0	0	0	0	0	2	2	0	0	0	0	0	0	0	0	0	0	0	0	0	0	0	0	0	0	0	0	0	0	0	0	0	0	0	0	0	0	0	0	0	0	0	0	0	0	0	0	0	0	0	0	0	2	0	0	0	0	0	0	0	0	0	0	0	0	0	0	0	0	0	0	0	0	0	0	0	0	0	0	0	0	0	0	0	0	0	0	0	0	0	0	0	0	0	0	0	0	0	0	0	0	0	0	0	0	0	0	0	0	0	0	0	0	0	0	0	0	0	0	0	2	0	0	0	0	0	0	0	0	0	0	0	0	0	0	0	0	0	0	0	0	0	0	0	0	0	0	0	0	0	0	0	0	0	0	0	0	0	0	0	0	0	0	0	0	0	0	2	0	0	0	0	0	0	0	0	0	0	0	2	0	0	0	0	2	0	0	0	0	0	0	0	0	0	0	0	0	0	0	0	0	0	0	0	0	0	0	0	2	0	0	0	0	0	0	0	0	0	2	0	0	0	0	0	0	0	0	0	0	0	0	0	0	0	0	0	0	2	0	0	0	0	0	0	0	0	0	0	0	0	0	0	0	0	0	0	0	0	0	0	0	0	0	0	0	0	0	0	0	0	0	0	0	0	0	2	0	0	0	0	0	0	0	0	0	0	0	0	0	0	0	0	0	0	0	2	0	0	0	0	0	0	0	0	0	0	0	0	0	0	0	0	0	0	2	0	0	0	2	0	0	0	0	0	0	0	0	0	0	0	0	0	0	0	0	0	0	0	0	0	0	0	2	0	0	0	0	0	0	0	0	0	0	0	0	0	0	0	0	0	0	0	0	0	0	0	0	0	0	0	0	0	0	0	0	0	0	0	0	0	0	0	0	0	0	0	0	0	0	0	0	0	0	0	0	0	0	0	0	0	2	0	0	0	0	0	0	0	0	0	0	0	0	0	0	0	0	0	0	0	0	0	0	0	0	0	0	0	2	0	0	0	0	0	0	0	0	0	0	0	0	0	0	0	0	0	0	0	0	0	0	0	0	0	0	0	0	0	0	0	0	0	0	0	0	0	0	0	0	0	0	0	0	0	0	0	0	0	0	0	0	0	0	0	0	0	0	0	0	0	0	0	0	0	0	0	0	0	0	0	0	0	0	0	0	0	0	0	0	0	0	0	0	0	0	0	0	0	0	0	0	0	0	0	0	0	0	0	0	0	0	0	0
2023.55818984082	2	2	0	0	0	0	0	0	0	0	0	0	0	0	0	0	0	0	0	0	0	0	0	0	0	0	0	0	0	0	0	0	0	0	0	0	0	2	0	0	0	0	0	0	0	0	0	0	0	0	0	0	0	0	0	0	0	0	0	0	0	0	0	0	0	0	0	0	0	0	0	0	2	0	0	0	0	0	0	0	0	0	0	0	0	0	0	0	0	0	0	0	0	0	0	0	0	0	0	0	0	0	0	0	0	0	0	0	0	0	0	0	0	0	0	0	0	0	0	0	0	0	0	0	0	0	0	0	4	0	0	0	0	0	0	0	0	0	0	0	0	0	0	0	0	0	0	0	0	0	0	0	0	0	2	0	0	0	0	0	0	0	0	0	0	0	0	0	0	0	0	0	0	0	0	0	0	0	0	0	0	0	0	0	0	0	0	0	0	0	0	0	0	0	0	0	2	0	0	2	0	0	0	0	0	0	0	0	0	0	0	0	0	0	0	0	0	0	0	0	0	0	0	0	0	0	0	0	0	0	0	0	0	0	0	0	0	0	0	0	0	0	0	0	0	0	0	2	0	0	0	0	0	0	0	0	0	0	0	0	0	0	0	2	0	0	0	0	0	0	0	2	0	0	0	0	0	0	0	0	0	0	2	0	0	0	0	0	0	0	0	0	0	0	0	0	0	0	0	0	0	0	0	0	0	0	0	0	0	0	0	0	0	0	0	0	0	0	0	0	0	0	0	0	0	0	0	0	0	0	0	0	0	0	0	0	0	0	0	0	0	0	0	0	0	0	0	0	0	0	0	0	0	0	0	0	0	0	0	0	0	0	0	0	0	0	0	0	0	0	0	0	0	0	2	0	0	0	0	0	0	0	0	2	0	0	0	0	0	0	0	0	0	0	0	0	0	0	0	0	0	0	0	0	0	0	0	0	2	0	0	2	0	0	0	0	0	0	0	0	0	0	0	0	0	0	0	0	0	0	0	0	0	0	0	0	0	0	0	0	0	0	0	0	0	0	0	0	0	0	0	0	0	0	0	0	0	0	0	0	0	0	0	0	0	0	0	0	0	0	0	0	2	4	0	0	0	0	0	0	0	0	0	0	0	0	0	0	0	0	0	0	0	0	0	0	0	0	0	0	0	0	0	0	0	0	0	0	0	0	0	0	0	0	0	0	0	0	0	2	0	0	0	0	0	0	0	0	0	0	0	0	0	0	0	0	0	0	0	0	0	0	0	0	0	0	0	0	0	0	0	0	0	0	0	0	0	0	0	0	0	0	0	0	0	0	0	0	0	0	0	0	0	0	0	0	0	0	0	0	0	0	0	0	0	0	0	2	0	0	0	0	0	0	0	0	0	0	0	0	0	0	0	0	0	0	0	0	0	0	0	0	0	0	0	0	0	0	0	0	0	0	0	0	0	0	0	0	0	0	0	0	0	0	2	0	0	0	0	0	0	0	0	0	0	0	0	0	0	0	0	2	0	0	0	0	0	0	0	0	0	2	0	0	0	0	0	0	0	0	0	0	0	0	0	2	0	0	0	0	0	0	0	0	0	2	0	0	0	0	0	0	0	0	0	0	0	0	0	0	0	0	0	0	2	0	0	0	0	0	0	0	0	0	0	0	0	0	0	0	0	0	0	0	0	0	0	0	0	0	0	0	0	0	0	0	0	0	0	0	0	0	2	0	0	0	0	0	0	0	0	0	0	0	0	0	0	0	0	0	0	0	2	0	0	0	0	0	0	0	0	0	0	0	0	0	0	0	0	0	0	2	0	0	0	2	0	0	0	0	0	0	0	0	0	0	0	0	0	0	0	0	0	0	0	0	0	0	0	2	0	0	0	0	0	0	0	0	0	0	0	0	0	0	0	0	0	0	0	0	0	0	0	0	0	0	0	0	0	0	0	0	0	0	0	0	0	0	0	0	0	0	0	0	0	0	0	0	0	0	0	0	0	0	0	0	0	2	0	0	0	0	0	0	0	0	2	0	0	0	0	0	0	0	0	0	0	0	0	0	0	0	0	0	0	2	0	0	0	0	0	0	0	0	0	0	0	0	0	0	0	0	0	0	0	0	0	0	0	0	0	0	0	0	0	0	0	0	0	0	0	0	0	0	0	0	0	0	0	0	0	0	0	0	0	0	0	0	0	0	0	0	0	0	0	0	0	0	0	0	0	0	0	0	0	0	0	0	0	0	0	0	0	0	0	0	0	0	0	0	0	0	0	0	0	0	0	0	0	0	0	0	0	0	0	0	0	0	0	0
2023.56275705489	2	2	0	0	0	0	0	0	0	0	0	0	0	0	0	0	0	0	0	0	0	0	0	0	0	0	0	0	0	0	0	0	0	0	0	0	0	2	0	0	0	0	0	0	0	0	0	0	0	0	0	0	0	0	0	0	0	0	0	0	0	0	0	0	0	0	0	0	0	0	0	0	2	0	0	0	0	0	0	0	0	0	0	0	0	0	0	0	0	0	0	0	0	0	0	0	0	0	0	0	0	0	0	0	0	0	0	0	0	0	0	0	0	0	0	0	0	0	0	0	0	0	0	0	0	0	0	0	4	0	2	0	0	0	0	0	0	0	0	0	0	0	0	0	0	0	0	0	0	0	0	0	0	0	2	0	0	0	0	0	0	0	0	0	0	0	0	0	0	0	0	0	0	0	0	0	0	0	0	0	0	0	0	0	0	0	0	0	0	0	0	0	0	0	0	0	2	0	0	2	0	0	0	0	0	0	0	0	0	0	0	0	0	0	0	0	0	0	0	0	0	0	0	0	0	0	0	0	0	0	0	0	0	0	0	0	0	0	0	0	0	0	0	0	0	0	0	2	0	0	0	0	0	0	0	0	0	0	0	0	0	0	0	2	0	0	0	0	0	0	0	2	0	0	0	0	0	0	0	0	0	0	2	0	0	0	0	0	0	0	0	0	0	0	0	0	0	0	0	0	0	0	0	0	0	0	0	0	0	0	0	0	0	0	0	0	0	0	0	0	0	0	0	0	0	0	0	0	0	0	0	0	0	0	0	0	0	0	0	0	0	0	0	0	0	0	0	0	0	0	0	0	0	0	0	0	0	0	0	0	0	0	0	0	0	0	0	0	0	0	0	0	0	0	2	0	0	0	0	0	0	0	0	2	0	0	0	0	0	0	0	0	0	0	0	0	0	0	0	0	0	0	0	0	0	0	1	0	2	0	0	2	0	0	0	0	0	0	0	0	0	2	0	0	0	0	0	0	0	0	0	0	0	0	0	0	0	0	0	0	0	0	0	0	0	0	0	0	0	0	0	0	0	0	0	0	0	0	0	0	0	0	0	0	0	0	0	0	0	2	0	0	2	4	0	0	0	0	0	0	0	0	0	0	0	0	0	0	0	0	0	0	0	0	0	0	0	0	0	0	0	0	0	0	0	0	0	0	0	0	0	0	0	0	0	0	0	0	0	2	0	0	0	0	0	0	0	0	0	0	0	0	0	0	0	0	0	0	0	0	0	0	0	0	0	0	0	0	0	0	0	0	0	0	0	0	0	0	0	0	0	0	0	0	0	0	0	0	0	0	0	0	0	0	0	0	0	0	0	0	0	0	0	0	0	0	0	2	0	0	0	0	0	0	0	0	0	0	0	0	0	0	0	0	0	0	0	0	0	0	0	0	0	0	0	0	0	0	0	0	0	0	0	0	0	0	0	0	0	0	0	0	0	0	2	0	0	0	0	0	0	0	0	0	0	0	0	0	0	0	0	2	0	0	0	0	0	0	0	0	0	2	0	0	0	0	0	0	0	0	0	0	0	1	0	2	0	0	0	0	0	0	0	0	0	2	0	0	0	0	0	0	0	0	0	0	0	0	0	0	0	0	0	0	2	0	0	0	0	0	0	0	0	0	0	0	0	0	0	0	0	0	0	0	0	0	0	0	0	0	0	0	0	0	0	0	0	0	0	0	0	0	2	0	0	0	0	0	0	0	0	0	0	0	0	0	0	0	0	0	0	0	2	0	0	0	0	0	0	0	0	0	0	0	0	0	0	0	0	0	0	2	0	0	0	2	0	0	0	0	0	0	0	0	0	0	0	0	0	0	0	0	0	0	0	0	0	0	0	2	0	0	0	0	0	0	0	0	0	0	0	0	0	0	0	0	0	0	0	0	0	0	0	0	0	0	0	0	0	0	0	0	0	0	0	0	0	0	0	0	0	0	0	0	0	0	0	0	0	0	0	0	0	0	0	0	0	2	0	0	0	0	0	0	0	0	2	0	0	0	0	0	0	0	0	0	0	0	0	0	0	0	0	0	0	2	0	0	0	0	0	0	0	0	0	0	0	0	0	0	0	0	0	0	0	0	0	0	0	0	0	0	0	0	0	0	0	0	0	0	0	0	0	0	0	0	0	0	0	0	0	0	0	0	0	0	0	0	0	0	0	0	0	0	0	0	0	0	0	0	0	0	0	0	0	0	0	0	0	0	0	0	0	0	0	0	0	0	0	0	0	0	0	0	0	0	0	0	0	0	0	0	0	0	0	0	0	0	0	0
2023.56732426897	2	2	0	0	0	0	0	0	0	0	0	0	0	0	0	0	0	0	0	0	0	0	0	0	0	0	0	0	0	0	0	0	0	0	0	0	0	2	0	0	0	0	0	0	0	0	0	0	0	0	0	0	0	0	0	0	0	0	0	0	0	0	0	0	0	0	0	0	0	0	0	0	2	0	0	0	0	0	0	2	0	0	0	0	0	0	0	0	0	0	0	0	0	0	0	0	0	0	0	0	0	0	0	0	0	0	0	0	0	0	0	0	0	0	0	0	0	0	0	0	0	0	0	0	0	0	0	0	4	0	2	0	0	0	0	0	0	0	0	0	0	0	0	0	0	0	0	0	0	0	0	0	0	0	2	0	0	0	0	0	0	0	0	0	0	0	0	0	0	0	0	0	0	0	0	0	0	0	0	0	0	0	0	0	0	0	0	0	0	0	0	0	0	0	0	0	2	0	0	2	0	0	0	0	0	0	0	0	0	0	0	0	0	0	0	0	0	0	0	0	0	0	0	0	0	0	0	0	0	0	0	0	0	0	0	0	0	0	0	0	0	0	0	0	0	0	0	2	0	0	0	0	0	0	0	0	0	0	0	0	0	0	0	2	0	0	0	0	0	0	0	2	0	0	0	0	0	0	0	0	0	0	2	0	0	0	0	0	0	0	0	0	0	0	0	0	0	0	0	0	0	0	0	0	0	0	0	0	0	0	0	0	0	0	0	0	0	0	0	0	0	0	0	0	0	0	0	0	0	0	0	0	0	0	0	0	0	0	0	0	0	0	0	0	0	0	0	0	0	0	0	0	0	0	0	0	0	0	0	0	0	0	0	0	0	0	0	0	0	0	0	0	0	0	2	0	0	0	0	0	0	0	0	2	0	0	0	0	0	0	0	0	0	0	0	0	0	0	0	0	0	0	0	0	0	0	1	0	2	0	0	2	0	0	0	0	0	0	0	0	0	2	0	0	0	0	0	0	0	0	0	0	0	0	0	0	0	0	0	0	0	0	0	0	0	0	0	0	0	0	0	0	0	0	0	0	0	0	0	0	0	0	0	0	0	0	0	0	0	2	0	0	2	4	0	0	0	0	0	0	0	0	0	0	0	0	0	0	0	0	0	0	0	0	0	0	0	0	0	0	0	0	0	0	0	0	0	0	0	0	0	0	0	0	0	0	0	0	0	2	0	0	0	0	0	0	0	0	0	0	0	0	0	0	0	0	0	0	0	0	0	0	0	0	0	0	0	0	0	0	0	0	0	0	0	0	0	0	0	0	0	0	0	0	0	0	0	0	0	0	0	0	0	0	0	0	0	0	0	0	0	0	0	0	0	0	0	2	0	0	0	0	0	0	0	0	0	0	0	0	0	0	0	0	0	0	0	0	0	0	0	0	0	0	0	0	0	0	0	0	0	0	0	0	0	0	0	0	0	0	0	0	0	0	2	0	0	0	0	0	0	0	0	0	0	0	0	0	0	0	0	2	0	0	0	0	0	0	0	0	0	2	0	0	0	0	2	0	0	0	0	0	0	1	0	2	0	0	0	0	0	0	0	0	0	0	0	0	0	0	0	0	0	0	0	0	0	0	0	0	0	0	0	0	2	0	0	0	0	0	0	0	0	0	0	0	0	0	0	0	0	0	0	0	0	0	0	0	0	0	0	0	0	0	0	0	0	0	0	0	0	0	2	0	0	0	0	0	0	0	0	0	0	0	0	0	0	0	0	0	0	0	2	0	0	0	0	0	0	0	0	0	0	0	0	0	0	0	0	0	0	2	0	0	0	2	0	0	0	0	0	0	0	0	0	0	0	0	0	0	0	0	0	0	0	0	0	0	0	2	0	0	0	0	0	0	0	0	0	0	0	0	0	0	0	0	0	0	0	0	0	0	0	0	0	0	0	0	0	0	0	0	0	0	0	0	0	0	0	0	0	0	0	0	0	0	0	0	0	0	0	0	0	0	0	0	0	0	0	0	0	0	0	0	0	0	2	0	0	0	0	0	0	0	0	0	0	0	0	0	0	0	0	0	0	2	0	0	0	0	0	0	0	0	0	0	0	0	0	0	0	0	0	0	0	0	0	0	0	0	0	0	0	0	0	0	0	0	0	0	0	0	0	0	0	0	0	0	0	0	0	0	0	0	0	0	0	0	0	0	0	0	0	0	0	0	0	0	0	0	0	0	0	0	0	0	0	0	0	0	0	0	0	0	0	0	0	0	0	0	0	0	0	0	0	0	0	0	0	0	0	0	0	0	0	0	0	0	0	0
2023.57189148305	2	2	0	0	0	0	0	0	0	2	0	0	0	0	0	0	0	0	0	0	0	0	0	0	0	0	0	0	0	0	0	0	0	0	0	0	0	2	0	0	0	0	0	0	0	0	0	0	0	0	0	0	0	0	0	0	0	0	0	0	0	0	0	0	0	0	0	0	0	0	0	0	2	0	0	2	0	0	0	2	0	0	0	0	0	0	0	0	0	0	0	0	0	0	0	0	0	0	0	0	0	0	0	0	0	0	0	0	0	0	0	0	0	0	0	0	0	0	0	0	0	0	0	0	0	0	0	0	4	0	2	0	0	0	0	0	0	0	0	0	0	0	0	0	0	0	0	0	0	0	0	0	0	0	2	0	0	0	0	0	0	0	0	0	0	0	0	0	0	0	0	0	0	0	0	1	0	0	0	0	0	0	0	0	0	0	0	0	0	0	0	0	0	0	0	0	2	0	0	2	0	0	0	0	0	0	0	0	0	0	0	0	0	0	0	0	0	0	0	0	0	0	0	0	0	0	0	0	0	0	0	0	0	0	0	0	0	0	0	0	0	0	0	0	0	0	0	2	0	0	0	0	0	0	0	0	0	0	0	0	0	0	0	2	0	0	0	0	0	0	0	2	0	0	0	0	0	0	0	0	0	0	2	0	0	0	0	0	0	0	0	0	0	0	0	0	0	0	0	0	0	0	0	0	0	0	0	0	0	0	0	0	0	0	0	0	0	0	0	0	0	0	0	0	0	0	0	0	0	0	0	0	0	0	0	0	0	0	0	0	0	0	0	0	0	0	0	0	0	0	0	0	0	0	0	0	0	0	0	0	0	0	0	0	0	0	0	0	0	0	0	0	0	0	2	0	0	0	0	0	0	0	0	2	0	0	0	0	0	0	0	0	0	0	0	0	0	0	0	0	0	0	0	0	0	0	1	0	2	0	0	2	0	0	0	0	0	0	0	0	0	2	0	0	0	0	0	0	0	0	0	0	0	0	0	0	0	0	0	0	0	0	0	0	0	0	0	0	0	0	0	0	0	0	0	0	0	0	0	0	0	0	0	0	0	0	0	0	0	2	0	0	2	4	0	0	0	0	0	0	0	0	0	0	0	0	0	0	0	0	0	0	0	0	0	0	2	0	0	0	0	0	0	0	0	0	0	0	0	0	0	0	0	0	0	0	0	0	0	2	0	0	0	0	0	0	0	0	0	0	0	0	0	0	0	0	0	0	0	0	0	0	0	0	0	0	0	0	0	0	0	0	0	0	0	0	0	0	0	0	0	0	0	0	0	0	0	0	0	0	0	0	0	0	0	0	0	0	0	0	0	0	0	0	0	0	0	2	0	0	0	0	0	0	0	0	0	0	0	0	0	0	0	0	0	0	0	0	0	0	0	0	0	0	0	0	0	0	0	0	0	0	0	0	0	0	0	0	0	0	0	0	0	0	2	0	0	0	0	0	0	0	0	0	0	0	0	0	0	0	0	2	0	0	0	0	0	0	0	0	0	2	0	0	0	0	2	0	0	0	0	0	0	1	0	2	0	0	0	0	0	0	0	0	2	0	0	0	0	0	0	0	0	0	0	0	0	0	0	0	0	0	0	0	2	0	0	0	0	0	0	0	0	0	0	0	0	0	0	0	0	0	0	0	0	0	0	0	0	0	0	0	0	0	0	0	0	0	0	0	0	0	0	0	0	0	0	0	0	0	0	0	0	0	0	0	0	0	0	0	0	0	2	0	0	0	0	0	0	0	0	0	0	0	0	0	0	0	0	0	0	2	0	0	0	2	0	0	0	0	0	0	0	0	0	0	0	0	0	0	0	0	0	0	0	0	0	0	0	2	0	0	0	0	0	0	0	0	0	0	0	0	0	0	0	0	0	0	0	0	0	0	0	0	0	0	1	0	0	0	0	0	0	0	0	0	0	0	0	0	0	0	0	0	0	0	0	0	0	0	0	0	0	0	0	0	0	0	0	0	0	0	0	0	0	0	2	0	0	0	0	0	0	0	0	0	0	0	0	0	0	0	0	0	0	2	0	0	0	0	0	0	0	0	0	0	0	0	0	0	0	0	0	0	0	0	0	0	0	0	0	0	0	0	0	0	0	0	0	0	0	0	0	0	0	0	0	0	0	0	0	0	0	0	0	0	0	0	0	0	0	0	0	0	0	0	0	0	0	0	0	0	0	0	0	0	0	0	0	0	0	0	0	0	0	0	0	0	0	0	0	0	0	0	0	0	0	0	0	0	0	0	0	0	0	0	0	0	0	0
2023.57645869712	2	2	0	0	0	0	0	0	0	2	0	0	0	0	0	0	0	0	0	0	0	0	0	0	0	0	0	0	0	0	0	0	0	0	0	0	0	2	0	0	0	0	0	0	0	0	0	0	0	0	0	0	0	0	0	0	0	0	0	0	0	0	0	0	0	0	0	0	0	0	0	0	2	0	0	2	0	0	0	2	0	0	0	0	0	0	0	0	0	0	0	0	0	0	0	0	0	0	0	0	0	0	0	0	0	0	0	0	0	0	0	0	0	0	0	0	0	0	0	0	0	0	0	0	0	0	0	0	4	0	2	0	0	0	0	0	0	0	0	0	0	0	0	0	0	0	0	0	0	0	0	0	0	0	2	0	0	0	0	0	0	0	0	0	0	0	0	0	0	0	0	0	0	0	0	1	0	0	0	0	0	0	0	0	0	0	0	0	0	0	0	0	0	0	0	0	2	0	0	2	0	0	0	0	0	0	0	0	0	0	0	0	0	0	0	0	0	0	0	0	0	0	0	0	0	0	0	0	0	0	0	0	0	0	0	0	0	0	0	0	0	0	0	0	0	0	0	2	0	0	0	0	0	0	0	0	0	0	0	0	0	0	0	2	0	0	0	0	0	0	0	2	0	0	0	0	0	0	0	0	0	0	2	0	0	0	0	0	0	0	0	0	0	0	0	0	0	0	0	0	0	0	0	0	0	0	0	0	0	0	0	0	0	0	0	0	0	0	0	0	0	0	0	0	0	0	0	0	0	0	0	0	0	0	0	0	0	0	0	0	0	0	0	0	0	0	0	0	0	0	0	0	0	0	0	0	0	0	0	0	0	0	0	0	0	0	0	0	0	0	0	0	0	0	2	0	0	0	0	0	0	0	0	2	0	0	0	0	0	0	0	0	0	0	0	0	0	0	0	0	0	0	0	0	0	0	1	0	2	0	0	2	0	0	0	0	0	0	0	2	0	2	0	0	0	0	0	0	0	0	0	0	0	0	0	0	0	0	0	0	0	0	0	0	0	0	0	0	2	0	0	0	0	0	0	0	0	0	0	0	0	0	0	0	0	0	2	0	0	2	0	0	2	4	0	0	0	0	0	0	0	0	0	0	0	0	0	0	0	0	0	0	0	0	0	0	2	0	0	0	0	0	0	0	0	0	0	0	0	3	0	0	0	0	0	0	0	0	0	2	0	0	0	0	0	0	0	0	0	0	0	0	0	0	0	0	0	0	0	0	0	0	0	0	0	0	0	0	0	0	0	0	0	0	0	0	0	0	0	0	0	0	0	0	0	0	0	0	0	0	0	0	0	0	0	0	0	0	0	0	0	0	0	0	0	0	0	2	0	0	0	0	0	0	0	0	0	0	0	0	0	0	0	0	0	0	0	0	0	0	0	0	0	0	0	0	0	0	0	0	0	0	0	0	0	0	0	0	0	0	0	0	0	0	2	0	0	0	0	0	0	0	0	0	0	0	0	0	0	0	0	2	0	0	0	0	0	0	0	0	0	2	0	0	0	0	2	0	0	0	0	0	0	1	2	2	0	0	0	0	0	0	2	0	2	0	0	0	0	0	0	0	0	0	0	0	0	0	0	0	0	0	0	0	2	0	0	0	0	0	0	0	0	0	0	0	0	0	0	0	0	0	0	0	0	0	0	0	0	0	0	0	0	0	0	0	0	0	0	0	0	0	0	0	0	0	0	0	0	0	0	0	0	0	0	0	0	0	0	0	0	2	2	0	0	0	0	0	0	0	0	0	0	0	0	0	0	0	0	0	0	2	0	0	0	2	0	0	0	0	0	0	0	0	0	0	0	0	0	0	0	0	0	0	0	0	0	0	0	2	0	0	0	0	0	0	0	0	0	0	0	0	0	0	0	0	0	0	0	0	0	0	0	0	0	0	1	0	0	0	0	0	0	0	0	0	0	0	0	0	0	0	0	0	0	0	0	0	0	0	0	0	0	0	0	0	0	0	0	0	0	0	0	0	0	0	2	0	0	0	0	0	0	0	0	0	0	0	0	0	0	0	0	0	0	2	0	0	0	0	0	0	0	0	0	0	0	0	0	0	0	0	0	0	0	0	0	0	0	0	0	0	0	0	0	0	0	0	0	0	0	0	0	0	0	0	0	0	0	0	0	0	0	0	0	0	0	0	0	0	0	0	0	0	0	0	0	0	0	0	0	0	0	0	0	0	0	0	0	0	0	0	0	0	0	0	0	0	0	0	0	0	0	0	0	0	0	0	0	0	0	0	0	0	0	0	0	0	0	0
2023.5810259112	0	2	0	0	0	0	0	0	0	2	0	0	0	0	0	0	0	0	0	0	0	0	0	0	0	0	0	0	0	0	0	0	0	0	0	0	0	2	0	0	0	0	0	0	0	0	0	0	0	0	0	0	0	0	0	0	0	0	0	0	0	0	0	0	0	0	0	0	0	0	0	0	2	0	0	2	0	0	0	2	0	0	0	0	0	0	0	0	0	0	2	0	0	0	0	0	0	0	0	0	0	0	0	0	0	0	0	0	0	0	0	0	0	0	0	0	0	0	0	0	0	0	0	0	0	0	0	0	4	0	2	0	0	0	0	0	0	0	0	0	0	0	0	0	0	0	0	0	0	0	0	0	0	0	2	0	0	0	0	0	0	0	0	0	0	0	0	0	0	0	0	0	0	0	0	1	0	0	0	0	0	0	0	0	0	0	0	0	0	0	0	0	0	0	0	0	0	0	0	2	0	0	0	0	0	0	0	0	0	0	0	0	0	0	0	0	0	0	0	0	0	0	0	0	0	0	0	0	0	0	0	0	0	0	0	0	0	0	0	0	0	0	0	0	0	0	0	2	0	0	0	0	0	0	0	0	0	0	0	0	0	0	0	2	0	0	0	0	0	0	0	2	0	0	0	0	0	0	0	0	0	0	4	0	0	0	0	0	0	0	0	0	0	0	0	0	0	0	0	0	0	0	0	0	0	0	2	0	0	0	0	0	0	0	0	0	0	0	0	0	0	0	0	0	0	0	0	0	0	0	0	0	0	0	0	0	0	0	0	0	0	0	0	0	0	0	0	0	0	0	0	0	0	0	0	0	0	0	0	0	0	0	0	0	0	0	0	0	0	0	0	0	0	0	0	0	0	0	0	0	0	0	0	0	0	0	0	0	0	0	0	0	0	0	0	0	0	0	0	0	0	0	0	0	0	0	1	0	2	0	0	2	0	0	0	0	0	0	0	2	0	2	0	0	0	0	0	0	0	0	0	0	0	0	0	0	0	0	0	0	0	0	0	0	0	2	0	0	2	0	0	0	0	0	0	2	0	0	0	0	0	0	0	0	0	0	2	0	0	2	0	0	4	4	0	0	0	0	0	0	0	0	0	0	0	0	0	0	0	0	0	0	0	0	0	0	2	0	0	0	0	0	0	0	0	0	0	0	0	3	0	0	0	0	0	0	0	0	0	2	0	0	0	0	0	0	0	0	0	0	0	0	0	0	0	0	0	0	0	0	0	0	0	0	0	0	0	0	0	0	0	0	0	0	0	0	0	0	0	0	0	0	0	0	0	0	0	0	0	0	0	0	0	0	0	0	0	0	0	0	0	0	0	0	0	0	0	2	0	0	0	0	0	0	0	0	0	0	0	0	0	0	0	0	0	0	0	0	0	0	0	0	0	0	0	0	0	0	0	0	0	0	0	0	0	0	0	0	0	0	0	0	0	0	2	0	0	0	0	0	0	0	0	0	0	0	0	0	0	0	0	2	0	0	0	0	0	0	0	0	0	2	0	0	0	0	2	0	0	0	0	0	0	1	2	0	0	0	0	0	0	0	2	0	2	0	0	0	0	0	0	0	0	0	0	0	0	0	0	0	0	0	0	0	4	0	0	0	0	0	0	0	0	0	0	0	0	0	0	0	0	0	0	0	0	0	0	0	0	0	0	0	0	0	0	0	0	0	0	0	0	0	0	0	0	0	0	0	0	0	0	0	0	0	0	0	0	0	0	0	0	2	0	0	0	2	0	0	0	0	0	0	0	0	0	0	0	0	0	0	0	2	0	0	0	0	0	0	0	0	0	0	0	0	0	0	0	0	0	0	0	0	0	0	0	0	0	0	0	2	0	0	0	0	0	0	0	0	0	0	0	0	0	0	0	0	0	0	0	0	0	0	0	0	0	0	1	0	0	0	0	0	0	0	0	0	0	0	0	0	0	0	0	0	0	0	0	0	0	0	0	0	0	0	0	0	0	0	0	0	0	0	0	0	0	0	2	0	0	0	0	0	0	0	0	0	0	0	0	0	0	0	0	0	0	2	0	0	0	0	0	0	0	0	0	0	0	0	0	0	0	0	0	0	0	0	0	0	0	0	0	0	0	0	0	0	0	0	0	0	0	0	0	0	0	0	0	0	0	0	0	0	0	0	0	0	0	0	0	0	0	0	0	0	0	0	0	0	0	0	0	0	0	0	0	0	0	0	0	0	0	0	0	0	0	0	0	0	0	0	0	0	0	0	0	0	0	0	0	0	0	0	0	0	1	0	0	0	0	0
2023.58559312528	0	0	2	0	0	0	0	0	0	2	2	0	0	0	0	0	0	0	0	0	0	0	0	0	2	0	0	0	0	0	0	0	0	0	0	0	0	2	0	0	0	0	0	0	0	0	0	0	0	0	0	0	0	0	0	0	0	0	0	0	0	0	0	0	0	0	0	0	0	0	1	0	2	0	0	2	0	0	0	2	0	0	0	0	0	0	0	0	0	0	2	0	0	0	0	0	0	0	0	0	0	0	0	0	0	0	2	1	0	0	0	0	0	0	0	0	0	0	0	0	0	0	0	0	0	0	0	0	4	0	2	0	0	0	0	0	0	0	0	0	0	0	0	0	0	0	0	0	0	0	0	0	0	0	2	0	0	0	0	0	0	0	0	0	0	0	0	1	0	0	0	0	0	0	0	1	0	0	0	0	0	0	0	1	0	0	0	0	0	0	0	0	0	0	0	0	0	0	0	2	0	0	0	0	0	0	0	0	0	0	0	0	0	0	0	0	0	0	0	0	0	0	0	0	0	0	0	0	0	0	0	0	0	0	0	0	0	0	0	0	0	0	0	0	0	0	0	2	0	0	0	0	0	0	0	0	0	0	0	0	0	0	0	2	0	0	0	0	0	0	0	2	0	0	0	0	0	0	0	0	0	0	6	0	0	0	0	0	0	0	0	0	0	0	0	0	0	0	0	0	0	0	0	0	0	0	2	0	0	0	0	0	0	0	0	0	0	0	0	0	0	0	0	0	0	0	0	0	0	0	0	0	0	0	0	0	0	0	0	0	0	0	0	0	0	0	0	0	0	0	0	0	0	0	0	0	0	0	0	0	0	0	0	0	0	0	0	0	0	0	0	0	0	0	0	0	0	0	0	0	0	0	0	0	0	0	0	0	0	0	0	0	0	0	0	0	0	0	0	0	0	0	0	0	0	0	1	0	0	0	0	2	0	0	0	0	0	0	0	2	0	2	0	0	0	0	0	0	0	0	0	0	0	0	0	0	0	0	0	0	0	0	0	0	0	2	0	0	2	0	0	0	0	0	0	2	0	0	0	0	0	0	0	0	0	0	2	0	0	2	0	0	6	4	0	0	0	0	0	0	0	0	0	0	0	0	0	0	0	0	0	0	0	0	0	0	2	0	0	0	0	0	0	0	0	0	0	0	0	3	0	0	0	0	0	0	0	0	0	2	0	0	0	0	0	0	0	0	0	0	0	0	0	0	0	0	0	0	0	0	0	0	0	0	0	0	0	0	0	1	0	0	0	0	0	0	0	0	0	0	0	0	0	0	0	0	0	0	0	0	0	0	0	0	0	0	0	0	0	0	0	0	0	0	0	0	0	2	0	0	0	0	0	0	0	0	0	0	0	0	0	0	0	0	0	0	0	0	0	0	0	0	0	0	0	0	0	0	0	0	0	0	0	0	0	0	0	0	0	0	0	0	0	0	2	0	0	0	0	0	0	0	0	0	2	0	0	0	0	0	0	2	0	0	0	0	0	0	0	0	0	2	0	0	0	0	2	0	0	0	0	0	0	1	2	0	0	0	0	0	0	0	2	0	2	0	2	0	0	0	0	0	0	0	0	0	0	0	0	0	0	0	0	0	6	0	0	0	0	0	0	0	0	1	0	0	0	0	0	0	0	0	0	0	0	0	0	0	0	0	0	0	0	0	0	0	0	0	0	0	0	0	0	0	0	0	0	0	0	0	0	0	0	2	0	0	0	0	0	0	0	2	0	0	0	2	0	0	0	0	0	0	0	0	0	0	0	0	0	0	0	0	0	0	0	0	0	0	0	0	0	0	0	0	0	0	0	0	0	0	0	0	0	0	0	0	0	0	0	0	0	0	0	0	0	0	0	0	0	0	0	0	0	0	0	0	0	0	0	0	0	0	0	0	0	0	1	0	0	0	0	0	0	0	0	0	0	0	0	0	0	0	0	0	0	0	0	0	0	0	0	0	0	0	0	0	0	0	0	0	0	0	0	2	0	0	2	0	0	0	0	0	0	0	0	0	0	0	0	0	0	0	0	0	0	0	0	0	0	0	0	0	0	0	0	0	0	0	0	0	0	0	0	0	0	0	0	0	0	0	0	0	0	0	0	0	0	0	0	0	0	0	0	0	0	0	0	0	0	0	0	0	0	0	0	0	0	0	0	0	0	0	0	0	0	0	0	0	0	0	0	0	0	0	0	0	0	0	0	0	0	0	0	0	0	0	0	0	0	0	0	0	0	0	0	0	0	0	0	0	0	0	0	0	1	0	0	0	0	0
2023.59016033935	0	0	2	0	0	0	0	0	0	2	2	0	0	0	0	0	0	0	0	0	0	0	0	0	2	2	0	0	0	0	0	0	0	0	0	0	0	0	2	0	0	0	0	0	0	0	0	0	0	0	2	0	0	0	0	0	0	0	0	0	0	0	0	0	0	0	0	0	0	0	1	0	2	0	0	2	0	0	0	2	0	0	0	0	0	0	0	0	2	0	2	0	0	0	0	0	0	0	0	0	0	0	0	0	0	0	2	1	0	0	0	0	0	0	0	0	0	0	0	0	0	0	0	0	0	0	0	0	3	0	2	0	0	0	0	0	0	0	0	0	0	0	0	0	0	0	0	0	0	0	0	0	0	0	2	0	0	0	0	0	0	0	0	0	0	0	0	1	0	0	0	0	0	0	0	1	0	0	0	0	0	0	0	1	0	0	0	0	0	2	0	0	0	0	0	0	0	0	0	2	0	0	0	0	0	0	0	0	0	0	0	0	0	0	0	0	0	0	0	0	0	0	0	0	0	0	0	0	0	0	0	2	0	0	0	0	0	0	0	0	0	0	0	0	0	0	0	0	0	0	0	0	0	0	2	0	0	0	0	0	0	0	0	0	0	0	0	0	0	0	0	2	0	0	0	0	0	0	0	0	0	0	6	0	0	0	0	0	0	0	0	0	0	0	0	0	0	0	0	0	0	0	0	0	0	0	2	0	0	0	0	0	0	0	0	0	0	0	0	0	0	0	0	0	0	0	0	0	0	0	0	0	0	0	0	0	0	0	0	0	0	0	0	0	0	0	0	0	0	0	0	0	0	0	0	0	0	0	0	0	0	0	0	0	0	0	0	0	0	0	0	0	0	0	0	0	0	0	0	0	0	0	0	0	0	0	0	0	0	0	0	0	0	0	0	0	0	0	0	0	0	0	0	0	0	0	1	0	0	0	0	0	0	0	0	0	0	0	0	2	0	2	0	0	0	0	0	0	0	0	0	0	0	0	0	0	0	0	0	0	0	0	0	0	0	2	0	0	2	0	0	0	0	0	0	2	0	0	0	0	0	0	0	0	0	0	2	0	0	2	0	0	6	3	0	0	0	0	0	0	0	0	0	0	0	0	0	0	0	0	0	0	0	0	0	0	2	0	0	0	0	0	0	0	0	0	0	0	0	3	0	0	0	0	0	0	0	0	0	2	0	0	0	0	0	0	0	0	0	0	0	0	0	0	0	0	0	0	0	0	0	0	0	0	0	2	0	0	0	1	0	0	0	0	0	0	0	0	0	0	0	0	0	0	0	0	0	0	0	0	0	0	0	0	0	0	0	0	0	0	0	0	0	0	0	0	0	0	0	0	0	0	0	0	0	0	0	0	0	0	0	0	0	0	0	0	0	0	0	0	0	0	0	0	0	0	0	0	0	0	0	0	0	0	0	0	0	0	0	0	2	0	2	0	0	0	0	0	0	0	0	0	0	0	2	0	0	0	0	0	0	2	0	0	0	0	0	0	2	0	0	2	0	0	0	0	2	0	0	0	0	0	0	1	2	0	0	0	0	0	0	0	2	0	2	0	2	0	0	0	0	0	0	0	0	0	0	0	0	0	0	0	0	0	6	0	0	0	0	0	0	0	0	1	0	0	0	0	0	0	0	2	0	0	0	0	0	0	0	0	0	0	0	0	0	0	0	0	0	0	0	0	0	0	0	0	0	0	0	0	0	0	0	2	0	0	0	0	0	0	0	2	0	0	0	2	0	0	0	0	0	0	0	0	0	0	0	0	0	0	0	0	0	0	0	0	0	0	0	0	0	0	0	0	0	0	0	0	0	0	0	0	0	0	0	0	0	1	0	0	0	0	0	0	0	0	0	0	0	0	0	0	0	0	0	0	0	0	0	0	0	0	0	0	0	0	1	0	0	0	0	0	0	0	0	0	0	0	0	0	0	0	0	0	0	0	0	0	0	0	0	0	0	0	0	0	0	0	0	0	0	0	0	2	0	0	2	0	0	0	0	0	0	0	0	0	0	0	0	0	0	0	0	0	0	0	0	0	0	0	0	0	0	0	0	0	0	0	0	0	0	0	0	0	0	0	0	0	0	0	0	0	0	0	0	0	0	0	0	0	0	0	0	0	0	0	0	0	0	0	0	0	0	0	0	0	0	0	0	0	0	2	0	0	0	0	0	0	0	0	0	0	0	0	0	0	0	0	0	0	0	0	0	0	0	0	0	0	0	0	0	0	0	0	0	0	0	0	0	0	0	0	0	0	1	0	0	0	0	0
2023.59472755343	0	0	2	0	0	0	0	0	0	2	2	0	0	0	0	0	0	0	0	0	0	0	0	0	2	2	0	0	0	0	0	0	0	0	0	0	0	0	2	0	0	0	0	0	0	0	0	0	0	0	2	0	0	0	0	0	0	0	0	0	0	0	0	0	0	0	0	0	0	0	1	0	0	0	0	2	0	0	0	2	0	0	0	0	0	0	0	0	2	0	2	0	0	0	0	0	0	0	0	0	0	0	0	0	0	0	2	1	0	0	0	0	0	0	0	0	0	0	0	0	0	0	0	0	0	0	0	0	3	0	2	0	0	0	0	0	0	0	0	0	0	0	0	0	0	0	0	0	0	0	0	0	0	0	0	0	0	0	0	0	0	0	0	0	0	0	0	1	0	0	0	0	0	0	0	1	0	0	0	0	0	0	0	1	0	0	0	0	0	2	0	0	0	0	0	0	0	0	0	0	0	0	0	0	0	0	0	0	0	0	0	0	0	0	0	0	0	0	0	0	0	0	0	0	0	0	0	0	0	0	0	2	0	0	0	0	0	0	0	0	0	0	0	0	0	0	0	0	0	0	0	0	0	0	2	0	0	0	0	0	0	0	0	0	0	0	0	0	0	0	0	2	0	0	0	0	0	0	0	0	0	0	6	0	0	0	0	0	0	0	0	0	0	0	0	0	0	0	0	0	0	0	0	0	0	0	2	0	0	0	0	0	0	0	0	0	0	0	0	0	0	0	0	0	0	0	0	0	0	0	0	0	0	0	0	0	0	0	0	0	0	0	0	0	0	0	0	0	0	2	0	0	0	0	0	0	0	0	0	0	0	0	0	0	0	0	0	0	0	0	0	0	0	0	0	0	0	0	0	0	0	0	0	0	0	0	0	0	0	0	0	0	0	0	0	0	0	0	0	0	0	0	0	0	0	0	1	0	0	0	0	0	0	0	0	0	0	0	0	2	0	2	0	0	0	0	0	0	0	0	0	0	0	0	0	0	0	0	0	0	0	0	0	0	0	2	0	0	2	0	0	0	0	0	0	2	0	0	0	0	0	0	0	0	0	0	2	0	0	2	0	0	6	3	0	0	0	0	0	0	0	0	0	0	0	0	0	0	0	0	0	0	0	0	0	0	2	0	0	0	0	0	0	0	0	0	0	0	0	3	0	0	0	0	0	0	0	0	0	0	0	0	0	0	0	0	0	0	0	0	0	0	0	0	0	0	0	0	0	0	0	0	0	0	0	2	0	0	0	1	0	0	0	0	0	0	0	0	0	0	0	0	0	0	0	0	0	0	0	0	0	0	0	0	0	0	0	0	0	0	0	0	0	0	0	0	0	0	0	0	0	0	0	0	0	0	0	0	0	0	0	0	0	0	0	0	0	0	2	0	0	0	0	0	0	0	0	0	0	0	0	0	0	0	0	0	0	0	0	0	2	0	2	0	0	0	0	0	0	0	0	0	0	0	2	0	0	0	0	0	0	0	0	0	0	0	0	0	2	0	0	2	0	0	0	0	2	0	0	0	0	0	0	1	2	0	0	0	0	0	0	0	2	0	2	0	2	0	0	0	0	2	0	0	0	0	0	0	0	0	0	0	0	0	6	0	0	0	0	0	0	0	0	1	0	0	0	0	0	0	0	2	0	0	0	0	0	0	0	0	0	0	0	0	0	0	0	0	0	0	0	0	0	0	0	0	0	0	0	0	0	0	0	2	0	0	0	0	0	0	0	2	0	0	0	2	0	0	0	0	0	0	0	0	0	0	0	0	0	0	0	0	0	0	0	0	0	0	0	0	0	0	0	0	0	0	0	0	0	0	0	0	0	0	0	0	0	1	0	0	0	0	0	0	0	0	0	0	0	0	0	0	0	0	0	0	0	0	0	0	0	0	0	0	0	0	1	0	0	0	0	0	0	0	0	0	0	0	0	0	0	0	0	0	0	0	0	0	0	0	0	0	0	0	0	0	0	0	0	0	0	0	0	2	0	0	2	0	0	0	0	0	0	0	2	0	0	0	0	0	0	0	0	0	0	0	0	0	0	0	0	0	0	0	0	0	0	0	0	0	0	0	0	0	0	0	0	0	0	0	0	0	0	0	0	0	0	0	0	0	0	0	0	0	0	0	0	0	0	0	0	0	0	0	0	0	0	0	0	0	0	2	0	0	0	0	0	0	0	0	0	0	0	0	0	0	0	0	0	0	0	0	0	0	0	0	0	0	0	0	0	0	0	0	0	0	0	0	0	0	0	0	0	0	1	0	0	0	0	0
2023.59929476751	0	0	2	0	0	0	0	0	0	2	2	0	0	0	0	0	0	0	0	0	0	0	0	0	2	2	0	0	0	0	0	0	0	0	0	0	0	0	2	0	0	0	0	0	0	0	0	0	0	0	2	0	0	0	0	0	0	0	0	0	0	0	0	0	0	0	0	0	0	0	1	0	0	0	0	2	0	0	0	2	0	0	0	0	0	0	0	0	2	0	2	0	0	0	0	0	0	0	0	0	0	0	0	0	0	0	2	1	0	0	0	0	0	0	0	0	0	0	0	0	0	0	0	0	0	0	0	0	0	0	2	0	0	0	0	0	0	0	0	0	0	0	0	0	0	0	0	0	0	0	0	0	2	0	0	0	0	0	0	0	0	0	0	0	0	0	0	1	0	0	0	0	0	0	0	1	0	0	0	0	0	0	0	1	0	0	0	0	0	2	0	0	0	0	0	1	0	0	0	0	0	0	0	0	0	2	0	0	0	0	0	0	0	0	0	0	0	0	0	0	0	0	0	0	0	0	0	0	0	0	0	2	0	0	0	0	0	0	0	0	0	0	0	0	0	0	0	0	0	0	0	0	0	0	2	0	0	0	0	0	0	0	0	0	0	0	0	0	0	0	0	0	0	0	0	0	0	0	0	0	0	0	6	0	0	0	0	0	0	0	0	0	0	0	0	0	0	0	0	0	0	0	0	0	0	0	2	0	0	0	0	0	0	0	0	0	0	0	1	0	0	2	0	0	0	0	0	0	0	0	0	0	0	0	0	0	0	0	0	0	0	0	0	0	0	0	0	0	0	2	0	0	0	0	0	0	0	0	0	0	0	0	0	0	0	0	0	0	0	0	0	0	0	0	0	0	0	0	0	0	0	0	0	0	0	0	0	0	0	0	0	0	0	0	0	0	0	0	0	0	0	0	0	0	0	0	1	0	0	0	0	0	0	0	0	0	0	0	2	2	0	2	0	0	0	0	0	0	0	0	0	0	0	0	0	0	0	0	0	0	0	0	0	0	0	2	0	0	2	0	0	0	0	0	0	2	0	0	0	0	0	0	0	0	0	0	2	0	0	2	0	0	6	0	0	0	0	0	0	0	0	0	0	0	0	0	0	0	0	0	0	0	0	0	0	0	2	0	0	0	0	0	0	0	0	0	0	0	0	3	0	0	0	0	0	0	0	0	0	0	0	0	0	0	0	0	0	0	0	0	0	0	0	0	0	0	0	0	0	0	0	0	0	0	0	2	0	0	0	1	0	0	0	0	0	0	0	0	0	0	0	0	0	0	0	0	0	0	0	0	0	0	0	0	0	0	0	0	0	0	0	0	0	0	0	0	0	0	0	0	0	0	0	0	0	0	0	0	0	0	0	0	0	0	0	0	2	0	2	0	0	0	0	0	0	0	0	0	0	0	0	0	0	0	0	0	0	0	0	0	2	0	2	0	0	0	0	0	0	0	0	0	0	0	4	0	0	0	0	0	0	0	0	0	0	0	0	0	2	0	0	0	0	0	0	0	2	0	0	0	0	0	0	1	2	0	0	0	0	0	0	0	2	0	2	0	2	0	0	0	0	2	0	0	0	0	0	0	0	0	0	0	0	0	6	0	0	0	0	0	0	0	0	1	0	0	0	0	0	0	0	2	0	0	0	0	0	0	0	0	0	0	0	0	0	0	0	0	0	0	0	0	0	0	0	0	0	0	0	0	0	0	0	2	0	0	0	0	0	0	0	2	0	0	0	2	0	0	0	0	0	0	0	0	0	0	0	0	0	0	0	0	0	0	0	0	0	0	0	0	0	0	0	0	0	0	0	0	0	2	0	0	0	0	0	0	0	1	0	0	0	0	0	0	0	0	0	0	0	0	0	0	0	0	0	0	0	0	0	0	0	0	0	0	0	0	1	0	0	0	0	0	0	0	0	0	0	0	0	0	0	0	0	0	0	0	0	0	0	0	0	0	0	0	0	0	0	0	0	0	0	2	0	2	0	0	0	0	0	0	0	0	0	0	2	0	0	0	0	0	0	0	0	0	0	0	0	0	0	0	0	0	0	0	0	0	0	0	0	0	0	0	0	0	0	0	0	0	0	0	0	0	0	0	0	0	0	0	0	0	0	0	0	0	0	0	0	0	0	0	0	0	0	0	0	0	0	0	0	0	0	2	0	0	0	0	0	0	0	0	0	0	0	0	0	0	0	0	0	0	0	0	0	0	0	0	0	0	0	0	0	0	0	0	0	0	0	0	0	0	0	0	0	0	1	0	0	0	0	0
2023.60386198158	0	0	2	0	0	0	0	0	0	2	2	0	0	0	0	0	0	0	0	0	0	0	0	0	2	2	0	0	0	0	0	0	2	0	0	0	0	0	2	0	0	0	0	0	0	0	0	0	0	0	2	2	0	0	0	0	0	0	0	0	0	0	0	0	0	0	0	0	0	0	1	0	0	0	0	2	0	0	0	2	0	0	0	0	0	0	0	0	2	0	2	0	0	0	0	0	0	0	0	0	0	0	0	0	0	0	2	1	0	0	0	0	0	0	0	0	0	0	0	0	0	0	0	0	0	0	0	0	0	0	0	0	0	0	0	0	0	0	0	0	0	0	0	0	0	0	0	0	0	0	0	0	2	0	0	0	0	0	0	0	0	0	0	0	0	0	0	1	0	0	0	0	0	0	0	1	0	0	0	0	0	0	0	1	0	0	0	0	0	2	0	0	0	0	0	1	0	0	0	0	0	0	0	0	0	2	0	0	0	0	0	0	2	0	0	0	0	0	0	0	0	0	0	0	0	0	0	0	0	0	0	2	0	0	0	0	0	0	0	0	0	0	0	0	0	0	0	0	0	0	0	0	0	0	2	0	0	0	0	0	0	0	0	0	0	0	0	0	0	0	0	0	0	0	0	0	0	0	0	0	0	0	6	0	0	0	0	0	0	0	2	0	0	0	0	0	0	0	0	0	0	0	0	0	0	0	2	0	0	0	0	0	0	0	0	0	0	0	1	0	0	2	0	0	0	0	0	0	0	0	0	0	0	0	0	0	0	0	0	0	0	0	0	0	0	0	0	0	0	2	0	0	0	0	0	0	0	0	0	0	0	0	0	0	0	0	0	0	0	0	0	0	0	0	0	0	0	0	0	0	0	0	0	0	0	0	0	0	0	0	0	0	0	0	0	0	0	0	0	0	0	0	0	0	0	0	0	0	0	0	0	0	0	0	0	0	0	0	2	2	0	0	0	0	0	0	0	0	0	0	0	0	0	0	0	0	0	0	0	0	0	0	0	0	0	2	0	0	2	0	0	0	0	0	0	2	0	0	0	0	0	0	0	0	0	0	2	0	0	0	0	0	6	0	0	0	0	0	0	0	2	0	0	0	0	0	0	0	0	0	0	0	0	0	0	0	2	0	0	0	0	0	0	0	0	0	0	0	0	3	0	0	2	0	0	0	0	0	0	0	0	0	0	0	0	0	0	2	0	0	0	0	0	0	0	0	0	0	0	0	0	0	0	0	0	2	0	0	0	1	0	0	0	0	0	0	0	0	0	0	0	0	0	0	0	0	0	2	0	0	0	0	0	0	0	0	0	0	0	0	0	0	0	0	0	0	0	0	0	0	0	0	0	0	0	0	0	0	0	0	0	0	0	0	0	0	2	0	2	0	0	0	0	0	0	0	0	0	0	0	0	0	0	0	0	0	0	0	0	0	2	0	2	0	0	0	0	0	0	0	0	0	0	0	6	2	0	0	0	0	0	0	0	0	0	0	0	0	2	0	0	0	0	0	0	0	2	0	0	0	0	2	0	0	2	0	0	0	0	0	0	0	2	0	2	0	2	0	0	0	0	2	0	0	0	0	0	0	0	0	0	0	0	0	6	0	0	0	0	0	0	0	0	1	0	0	0	0	0	0	0	2	0	0	0	0	2	0	0	0	0	0	0	0	0	0	0	0	0	0	0	0	0	0	0	0	0	0	0	0	0	0	0	2	0	0	0	0	0	0	0	2	0	0	0	2	0	0	0	0	0	0	0	0	0	0	0	0	0	0	0	0	0	0	0	0	0	0	0	0	0	0	0	0	0	0	0	0	0	2	0	0	0	0	0	0	0	1	0	0	0	0	0	0	0	0	0	0	0	0	0	0	0	0	0	0	0	0	0	0	0	0	0	0	0	0	1	0	0	0	0	0	0	0	0	0	0	0	0	0	0	0	0	0	0	0	0	0	0	0	0	0	0	0	0	0	0	0	0	0	0	2	0	2	0	0	0	0	0	0	0	0	0	0	2	0	0	0	0	0	0	0	0	0	0	0	0	0	0	0	0	0	0	0	0	0	0	0	0	0	0	0	0	0	0	0	0	0	0	0	0	0	0	0	0	0	0	0	0	0	0	0	0	0	0	0	0	0	0	0	0	0	0	0	0	0	0	0	0	0	0	2	0	0	0	0	0	0	0	0	0	0	0	0	0	0	0	0	0	0	0	0	0	0	0	2	0	0	0	0	0	0	0	0	0	0	0	0	0	0	0	0	0	0	1	0	0	0	0	0
2023.60842919566	0	0	2	0	0	0	0	0	0	2	2	0	0	0	0	0	0	0	0	0	0	0	0	0	2	2	0	0	0	0	2	0	2	0	0	0	0	0	2	0	0	0	0	0	0	0	0	0	0	0	2	2	0	0	0	0	0	0	0	0	0	0	0	0	0	0	0	0	0	2	1	0	0	0	0	2	0	0	0	0	0	0	0	0	0	0	0	0	2	0	2	0	0	0	0	0	0	0	0	0	0	0	0	0	0	0	2	2	0	0	0	0	0	0	0	0	0	0	0	0	0	0	0	2	0	0	0	0	0	0	0	0	0	0	0	0	0	0	0	0	0	0	0	0	0	0	0	0	0	0	0	0	2	0	0	0	0	0	0	0	0	0	0	2	0	0	0	1	0	0	0	0	0	0	0	1	0	0	0	0	0	0	0	1	0	0	0	0	0	2	0	0	0	0	0	1	0	0	0	0	0	0	0	0	0	2	0	0	0	0	0	0	2	0	0	0	0	0	0	0	0	0	0	0	0	0	0	0	0	0	0	2	0	0	0	0	0	0	0	0	0	0	0	0	0	0	2	0	0	0	0	2	0	2	2	0	0	0	0	0	0	0	0	0	0	0	0	0	0	0	0	0	0	0	0	0	0	0	0	0	0	0	6	0	0	0	0	0	0	0	2	0	0	0	0	0	0	0	0	0	0	0	0	0	0	0	2	0	0	0	0	0	0	2	0	0	0	0	1	0	0	2	0	0	0	0	0	0	0	0	0	0	0	0	0	0	0	0	0	0	0	0	0	0	0	0	0	0	0	2	0	0	0	0	0	0	0	0	0	0	0	0	0	0	0	0	0	0	0	0	0	0	0	0	0	0	0	2	0	0	0	0	0	0	0	0	0	0	0	0	2	0	0	0	0	0	0	0	0	0	2	0	0	0	0	0	0	0	0	0	0	0	0	0	0	0	0	0	2	2	0	0	0	0	0	0	0	0	0	0	0	0	0	0	0	0	0	0	0	0	0	0	0	0	0	2	0	0	2	0	0	0	0	0	0	2	0	0	0	0	0	0	0	0	0	0	2	0	0	0	0	0	6	0	0	0	0	0	0	0	4	0	0	0	0	0	0	0	0	0	0	0	0	0	0	0	2	0	0	0	0	0	0	0	2	0	0	0	0	3	0	0	2	0	0	0	0	0	0	0	0	0	0	0	0	0	0	2	0	0	0	0	0	0	0	0	0	0	0	0	0	0	0	0	0	2	0	0	0	2	0	0	0	0	0	0	0	0	0	0	0	0	2	0	0	0	0	2	0	0	0	0	0	0	0	0	0	0	0	0	0	0	0	0	0	0	0	0	0	0	0	0	0	0	0	0	0	0	0	0	0	0	0	0	0	0	2	0	2	0	0	0	0	0	0	0	0	0	2	0	0	0	0	0	0	0	0	0	0	0	2	0	2	0	0	0	0	0	2	0	0	0	0	0	6	2	0	0	0	0	0	0	0	0	0	0	0	0	2	0	0	0	0	0	0	0	0	0	0	0	0	2	0	0	2	0	0	0	0	0	0	0	2	0	2	0	2	2	0	0	0	2	0	0	0	2	0	0	0	0	0	0	0	0	6	0	0	0	0	0	0	0	2	1	0	0	0	2	0	0	0	2	0	0	0	0	2	0	0	0	0	0	0	0	0	0	0	0	0	0	0	0	0	0	0	0	2	0	0	0	0	0	0	2	0	0	0	0	0	0	0	2	0	0	0	2	0	0	0	0	0	0	0	0	0	0	0	0	0	2	0	0	2	0	0	0	0	0	0	0	0	0	0	0	0	0	0	0	0	2	2	0	0	0	0	0	0	1	0	0	0	0	0	0	0	0	0	0	0	0	0	0	0	0	0	0	0	0	0	0	0	0	2	0	0	0	1	0	0	0	0	0	0	0	0	0	0	0	0	0	0	0	0	0	0	0	0	0	0	0	0	2	2	0	0	0	0	0	0	0	0	2	0	2	0	0	0	0	0	0	0	0	0	0	2	0	0	0	0	0	0	0	0	0	0	0	0	0	0	0	0	0	0	0	0	0	0	0	0	0	0	0	0	0	0	0	0	0	0	0	0	0	0	0	0	0	0	0	0	0	0	2	0	0	0	0	0	0	0	0	0	0	0	0	0	0	0	0	0	0	0	2	0	0	0	0	0	0	0	0	0	0	0	0	0	2	0	0	0	0	0	0	0	0	0	4	0	0	0	2	0	0	0	0	0	0	0	0	0	0	0	0	0	0	1	0	0	2	0	0
2023.61299640974	0	0	2	0	0	0	0	0	0	0	2	0	0	0	0	0	0	0	0	0	0	0	0	0	2	2	0	0	0	0	2	0	2	0	0	0	0	0	2	0	0	0	0	0	0	0	2	0	0	0	2	2	0	0	0	0	0	0	0	0	0	0	0	0	0	0	0	0	0	2	1	0	0	0	0	0	0	0	0	0	0	0	0	0	0	0	0	0	2	0	2	0	0	0	0	0	0	0	0	0	0	0	0	0	0	0	2	2	0	0	0	0	0	0	0	0	0	0	0	0	0	0	0	2	0	0	0	0	0	0	0	0	0	0	0	0	0	0	0	0	0	0	0	0	2	0	0	0	0	0	0	0	2	0	0	0	0	0	0	0	0	0	0	2	0	0	2	1	0	0	0	0	0	0	0	0	0	0	0	0	0	2	0	1	0	0	0	0	0	2	0	0	0	0	0	1	0	0	0	0	0	0	0	0	0	2	0	0	0	2	0	0	2	0	0	0	0	0	0	0	0	0	0	0	0	0	0	0	0	0	0	2	0	0	0	0	0	0	0	0	0	0	0	0	0	0	2	0	0	0	0	2	0	2	2	0	0	0	0	0	0	0	0	0	0	0	0	0	0	0	0	0	0	0	0	0	0	0	0	0	0	0	6	0	0	0	0	0	0	0	2	0	0	0	0	0	0	0	0	0	0	0	0	0	0	0	2	0	0	0	0	0	0	2	0	0	0	0	1	0	0	2	0	0	0	0	0	0	0	0	0	0	0	0	0	0	0	0	2	0	0	0	0	0	0	0	0	0	0	2	0	0	0	0	0	0	0	0	0	0	0	0	0	0	0	0	0	0	0	0	0	0	0	0	0	0	0	2	0	0	0	0	0	0	0	0	0	0	0	0	2	0	0	0	0	0	0	0	0	0	2	0	0	0	0	0	0	0	0	0	0	0	0	0	0	0	2	0	2	2	0	0	0	0	0	0	0	0	0	0	0	0	0	0	0	0	0	0	0	0	0	0	0	0	0	2	0	0	2	0	0	0	0	0	0	2	0	0	0	0	0	0	0	0	0	0	2	0	0	0	0	0	6	0	0	0	0	0	0	0	4	0	0	0	0	0	0	0	0	0	0	0	0	0	0	0	0	0	0	0	0	0	0	0	2	0	0	0	0	5	0	0	2	0	0	0	0	0	2	0	0	0	0	0	0	0	0	2	0	0	0	0	0	0	0	0	2	0	0	0	0	0	0	0	0	2	0	0	0	2	0	0	0	0	0	0	0	0	0	0	0	0	2	0	0	0	0	2	0	0	0	0	0	0	0	0	0	0	0	0	0	0	0	0	0	2	0	0	0	0	0	0	0	0	0	0	0	0	0	0	0	0	0	0	0	0	2	0	2	0	0	0	0	0	0	0	0	0	2	0	0	0	0	0	0	0	0	0	0	0	2	0	2	0	0	0	0	0	2	0	0	0	0	0	6	2	0	0	0	0	0	0	0	0	0	0	0	0	2	0	0	0	0	0	0	0	0	0	0	0	0	2	0	0	2	0	0	0	0	0	0	0	2	0	0	0	2	2	0	0	0	2	0	0	0	2	0	0	0	0	0	0	0	0	6	0	0	0	0	0	0	0	2	1	0	0	0	2	0	0	0	2	0	0	0	2	2	0	0	0	0	0	0	0	0	0	0	0	0	0	2	0	0	0	0	0	2	0	0	0	0	2	0	2	0	0	0	0	0	0	0	2	0	0	0	2	0	0	0	0	0	0	0	0	0	0	0	0	0	2	0	0	2	0	0	0	0	0	0	0	0	0	0	0	0	0	0	0	0	2	2	0	0	0	0	0	0	1	0	0	0	0	0	0	0	0	0	0	0	0	0	0	0	0	0	0	0	0	0	0	0	0	2	0	0	0	0	0	0	0	0	0	0	0	0	0	0	0	0	0	0	0	0	0	0	0	0	0	0	0	0	2	2	0	0	0	0	0	0	0	0	2	0	2	0	0	0	0	0	0	0	0	0	0	4	0	0	0	0	0	0	0	0	0	0	0	0	0	0	0	0	0	0	0	0	0	0	0	0	0	0	0	0	0	0	0	0	0	0	0	0	0	0	0	0	2	0	0	0	0	0	2	0	0	0	0	0	0	0	0	0	0	0	0	0	0	0	0	0	0	0	2	0	0	0	0	0	0	0	0	0	0	0	0	0	2	0	0	0	0	0	2	0	0	0	4	0	0	0	2	0	0	0	0	0	0	0	0	0	0	0	0	0	0	1	0	0	2	0	0
2023.61756362382	0	0	2	0	0	0	0	0	0	0	2	0	0	0	0	0	0	0	0	0	0	0	0	0	2	2	0	0	2	0	2	0	2	0	0	0	0	0	2	0	0	0	0	0	0	0	2	0	0	0	2	2	0	0	0	0	0	0	0	0	0	0	0	0	0	0	0	0	0	2	1	0	0	0	0	0	0	0	0	0	0	0	0	0	0	0	0	0	2	0	2	0	0	0	0	0	0	0	0	0	0	0	0	0	0	0	2	2	0	0	0	0	0	0	0	0	0	0	0	0	0	0	0	2	0	0	0	0	0	0	0	0	0	0	0	0	0	0	0	0	0	0	0	0	2	0	0	0	0	0	0	0	2	0	0	0	0	0	0	0	0	0	0	2	0	0	2	1	0	0	0	0	0	0	0	0	0	0	0	0	0	2	0	1	0	0	0	0	0	2	0	0	0	0	0	1	0	0	0	0	0	0	0	0	0	2	0	0	0	2	0	0	2	0	0	0	0	0	0	0	0	0	0	0	0	0	0	0	0	0	0	2	0	0	0	0	0	0	0	0	0	0	0	0	0	0	2	0	0	0	0	2	0	2	2	0	0	0	0	0	0	0	0	0	2	0	0	0	0	0	0	0	0	0	0	0	0	0	0	0	0	0	6	0	0	0	0	0	0	0	2	0	0	0	0	0	0	0	0	0	0	0	0	0	0	1	2	0	0	0	0	0	0	2	0	0	0	0	1	0	0	2	0	0	0	0	0	0	0	0	0	0	0	0	0	0	0	0	2	0	0	0	0	0	0	0	0	0	0	2	0	0	0	0	0	0	0	0	0	0	0	0	0	0	0	0	0	0	0	0	0	0	0	0	0	0	0	2	0	0	0	0	0	0	0	0	0	2	0	0	2	0	0	0	0	0	0	0	0	0	2	0	0	0	0	0	0	0	0	0	0	0	0	0	0	0	2	0	2	0	0	0	0	0	0	2	0	0	0	0	0	0	0	0	0	0	0	0	0	0	0	0	0	0	0	2	0	0	0	0	0	0	0	0	0	2	0	0	0	0	0	0	0	0	0	0	0	0	0	0	0	0	6	0	0	0	0	0	0	0	4	0	0	0	0	0	0	0	0	0	0	0	0	0	0	0	0	0	0	0	0	0	0	0	2	0	0	0	0	3	0	0	2	2	0	0	0	0	2	0	0	0	0	0	0	0	0	2	0	0	0	0	0	0	0	0	2	2	0	0	0	0	0	0	0	2	2	0	0	2	0	0	0	0	0	0	0	0	0	0	0	0	2	0	0	0	0	2	0	0	0	0	0	0	0	0	0	0	2	0	0	0	0	0	0	2	0	0	0	0	0	0	0	0	0	2	0	0	0	0	0	0	0	0	0	0	2	0	2	0	0	0	0	0	0	0	0	0	2	0	0	0	0	0	0	0	0	0	0	0	2	0	2	0	0	0	0	0	2	2	0	0	0	2	6	2	0	0	0	0	0	0	0	0	0	0	0	0	2	0	0	0	0	0	0	0	0	0	0	0	0	2	0	3	0	0	0	0	0	0	0	0	0	0	0	0	2	2	0	0	0	2	0	0	0	2	0	0	0	0	0	0	0	0	6	0	0	0	0	0	0	0	2	1	0	0	0	2	0	0	0	2	0	0	0	2	2	0	0	0	0	0	0	0	0	0	0	0	0	0	2	0	0	0	0	0	2	0	0	0	0	2	0	2	0	0	0	0	0	0	0	0	0	0	0	2	0	0	0	1	0	0	0	0	0	0	0	0	0	2	0	0	2	0	0	0	0	0	0	0	0	0	0	0	0	0	0	0	0	2	2	0	0	0	0	0	0	1	0	0	0	0	0	0	0	0	0	0	0	0	0	0	0	0	0	0	0	0	0	0	0	0	2	0	0	0	0	0	0	0	0	0	0	0	0	0	0	0	0	0	0	0	0	0	0	0	0	0	0	0	0	2	2	0	0	0	0	0	0	0	0	2	0	2	0	0	0	0	0	0	0	0	0	0	4	0	0	0	2	0	0	0	0	0	0	0	0	0	0	0	0	0	0	0	0	0	0	0	0	2	0	0	0	0	0	0	0	0	0	0	0	0	0	0	0	2	0	0	0	0	0	2	0	0	0	0	0	0	0	0	0	0	0	0	0	0	0	0	0	0	0	2	0	0	0	0	0	0	0	0	0	0	0	0	0	2	0	0	0	0	0	2	0	0	2	4	0	0	0	2	0	0	0	0	0	0	0	0	0	0	0	0	0	0	1	0	0	2	0	0
2023.62213083789	0	0	2	0	0	0	0	0	0	0	2	0	0	0	0	0	0	0	0	0	0	0	0	0	2	2	0	0	2	0	2	0	2	0	0	0	0	0	2	0	0	0	0	0	0	0	2	0	0	0	2	2	0	0	0	0	0	0	0	0	0	0	0	0	0	0	0	0	0	2	1	0	0	0	0	0	0	0	0	0	0	0	0	0	0	0	0	0	2	0	0	0	2	0	0	0	0	0	0	0	0	0	0	0	0	0	2	2	0	0	0	0	0	0	0	0	0	0	0	0	0	0	0	2	0	0	0	0	0	0	0	0	0	0	0	0	0	0	0	0	0	0	0	0	4	0	0	0	0	0	0	0	2	0	0	0	0	0	0	0	0	2	0	2	0	0	2	1	0	0	0	0	0	0	0	0	0	0	0	0	0	2	0	1	0	0	0	0	0	2	0	0	0	0	0	1	0	0	0	0	0	0	0	0	0	2	0	0	0	2	0	0	2	0	0	0	0	0	0	0	0	0	0	0	0	0	0	0	0	0	0	2	0	0	0	0	0	0	0	0	0	0	0	0	0	0	2	0	0	0	0	2	0	2	2	0	0	0	0	0	0	0	0	0	2	0	0	0	0	0	0	0	0	0	0	0	0	0	0	0	0	0	3	0	0	0	0	0	0	3	2	0	0	0	0	0	2	0	0	0	2	0	0	0	0	1	0	0	0	0	0	0	0	2	0	0	0	0	1	0	0	2	0	0	0	0	0	0	0	0	0	0	0	0	0	0	0	0	4	0	0	0	0	0	0	0	0	0	0	2	0	0	0	0	0	0	0	0	0	0	0	0	0	0	0	0	0	0	0	0	0	0	0	0	0	0	0	2	0	0	0	0	0	0	0	0	0	2	0	0	2	0	0	2	0	0	0	0	0	0	2	0	0	0	0	0	0	0	0	0	0	0	2	0	0	0	2	0	2	0	0	0	2	0	2	2	0	0	0	0	0	2	0	0	0	0	0	0	0	0	0	0	0	0	0	0	0	0	0	0	0	0	0	0	0	0	0	0	0	0	0	0	0	0	0	0	0	0	0	0	0	0	3	0	0	0	0	3	0	0	4	0	0	0	0	0	0	0	0	0	0	0	0	0	0	0	0	0	0	0	2	0	0	0	2	0	0	0	0	3	0	0	2	2	0	0	0	0	2	0	0	0	0	0	0	0	0	2	0	0	0	0	0	0	0	0	2	2	0	0	0	0	0	0	0	2	2	0	2	2	0	0	0	0	0	0	0	0	0	0	0	0	2	0	0	0	2	2	0	0	0	0	0	0	0	0	0	0	2	0	0	0	0	0	0	2	0	0	0	0	0	0	0	0	0	2	0	0	0	0	0	0	0	0	0	0	2	0	2	0	0	0	0	0	0	0	0	0	2	0	0	0	0	0	0	0	0	0	0	0	2	0	2	0	0	0	0	0	2	2	0	0	0	2	6	2	0	0	0	0	0	0	0	0	0	0	0	0	2	0	0	0	0	0	0	0	0	0	0	0	0	2	0	3	0	0	0	0	0	0	0	0	0	0	0	0	2	2	0	0	0	2	0	0	0	2	0	0	0	0	0	0	0	0	3	0	0	0	0	0	0	0	2	1	0	0	0	2	0	0	0	2	0	0	0	2	2	0	0	0	0	0	0	0	0	0	0	2	0	0	2	0	0	0	0	0	2	0	0	0	0	2	0	2	0	0	0	0	0	0	0	0	0	0	0	0	0	0	0	1	0	0	0	0	0	0	0	0	0	2	0	0	2	0	0	0	0	0	0	0	0	0	0	0	0	0	0	0	0	2	2	0	0	0	0	0	0	1	0	0	0	0	3	0	0	0	0	0	0	3	0	0	0	0	0	0	0	0	0	0	0	0	2	0	0	0	0	0	0	0	0	0	0	0	0	0	0	0	2	0	0	0	0	0	0	0	0	0	0	0	0	2	2	0	0	0	0	0	0	0	0	2	0	2	0	0	0	0	0	0	0	0	0	0	4	0	0	0	2	0	0	0	0	0	0	0	0	0	0	0	0	0	0	0	0	0	0	0	0	2	0	0	0	0	2	0	0	0	0	0	0	0	0	0	0	2	0	0	0	0	2	2	0	0	0	0	0	0	0	0	0	0	0	0	0	0	0	0	0	0	0	2	0	0	0	0	0	0	0	0	0	0	0	0	0	2	0	0	0	0	0	2	0	0	2	4	0	0	0	2	2	0	0	0	0	0	0	0	0	0	0	0	0	0	0	0	0	2	0	0
2023.62669805197	0	0	0	0	0	0	2	0	2	0	0	0	0	0	0	0	0	0	0	0	0	0	0	0	0	2	0	0	2	0	2	0	2	0	0	2	2	0	2	0	0	0	0	0	0	0	2	0	0	0	2	2	0	0	0	0	0	0	0	0	0	0	0	0	0	0	0	0	0	2	0	0	0	0	0	0	0	0	0	0	0	0	0	0	0	0	0	0	2	0	0	0	2	0	0	0	0	0	0	0	0	0	0	0	0	0	0	2	0	0	0	0	0	0	0	0	0	0	0	0	0	0	0	2	0	0	0	0	0	0	0	0	0	0	0	0	0	0	0	0	0	2	0	0	4	0	0	0	0	0	0	0	2	0	0	0	0	0	0	0	0	2	0	2	0	0	2	0	0	0	0	0	0	0	0	0	0	0	0	0	0	2	0	0	0	0	0	0	2	2	0	0	0	0	0	1	0	0	0	0	0	0	0	0	0	2	0	0	0	2	0	0	2	0	0	0	0	0	0	0	0	0	0	0	0	0	0	0	0	0	0	2	0	0	0	0	0	0	0	0	0	0	0	0	0	0	2	0	0	0	0	2	0	2	2	0	0	0	0	0	0	0	0	0	2	0	0	0	0	0	0	0	0	0	0	0	0	0	0	0	0	0	0	0	0	0	0	0	0	3	2	0	0	0	0	0	2	0	0	0	2	0	0	0	0	1	0	0	0	0	0	0	0	2	0	0	0	0	1	0	0	2	0	0	0	0	0	0	0	0	0	0	0	0	0	0	0	0	4	0	0	0	0	0	0	0	0	0	0	2	0	0	0	3	2	0	0	0	0	0	0	0	0	0	0	0	0	0	0	0	0	0	0	0	0	0	0	2	0	0	0	0	0	0	0	0	0	3	0	0	2	0	0	2	0	0	0	0	0	0	2	0	0	0	0	0	0	0	0	0	0	0	2	0	0	0	2	0	2	3	0	0	2	0	2	3	0	0	0	0	0	2	0	0	0	0	0	0	0	0	0	2	0	2	0	0	0	0	0	0	0	0	0	0	0	0	0	0	0	0	0	0	0	0	0	0	0	0	0	0	0	0	0	0	0	0	0	3	0	0	4	0	0	0	0	0	0	0	0	0	0	0	0	0	0	0	0	0	0	0	2	0	0	0	2	0	0	2	0	3	0	0	2	2	0	0	0	0	2	0	0	0	0	0	0	0	0	2	0	0	0	0	0	0	0	0	2	2	0	0	0	0	0	0	0	2	2	0	2	2	0	0	0	0	0	0	0	0	0	0	0	0	2	0	0	0	2	2	0	0	0	0	0	0	0	0	0	0	2	0	0	0	0	0	0	2	0	0	0	0	0	0	0	0	2	2	0	0	0	0	0	0	0	0	0	0	2	0	2	0	0	0	0	0	0	0	0	0	2	0	0	0	2	0	0	0	2	0	0	0	2	0	2	0	0	0	0	0	2	2	0	0	0	4	5	2	0	0	0	0	0	0	0	0	0	0	0	0	2	0	0	0	0	0	0	0	0	0	0	0	0	2	0	3	0	0	0	0	0	0	0	0	0	0	0	0	0	2	0	0	0	2	0	0	0	2	0	0	0	0	0	0	0	0	0	0	0	0	0	0	0	0	2	0	0	0	0	2	0	0	0	2	0	0	0	2	2	0	0	0	0	0	0	0	0	0	0	2	0	0	2	0	0	0	0	0	2	0	0	0	0	2	0	0	0	0	0	0	0	0	0	0	0	0	0	0	0	0	0	1	0	0	0	0	0	0	0	0	0	2	2	0	2	0	0	0	0	0	0	0	2	0	0	0	0	0	0	0	0	2	2	0	0	0	0	0	0	1	0	0	0	0	3	0	0	0	0	0	0	3	0	0	0	0	0	0	0	0	0	0	0	0	2	2	0	0	0	0	0	0	0	0	0	0	0	0	0	0	2	0	0	0	0	0	0	0	0	0	0	0	0	2	2	0	0	0	0	0	0	0	0	2	0	0	0	0	0	0	2	0	2	0	0	0	4	0	0	0	2	0	0	0	2	0	0	0	0	0	0	0	0	0	0	0	0	0	0	0	2	3	0	0	0	0	2	0	0	0	0	0	0	0	0	0	0	2	0	0	0	0	2	2	0	0	0	0	0	0	0	0	0	0	0	0	0	0	0	0	0	0	0	2	0	0	0	0	0	0	0	0	0	0	0	0	0	2	0	0	0	0	0	2	0	0	2	4	0	0	0	2	2	0	0	0	0	0	0	0	0	0	0	0	0	0	0	0	0	2	0	0
2023.63126526605	0	0	0	0	0	0	2	0	2	0	0	0	0	0	0	0	0	0	0	0	0	0	0	0	0	0	0	0	2	0	2	0	2	0	0	2	2	0	0	0	0	0	0	0	0	0	2	0	0	0	0	2	0	0	0	0	0	0	0	0	0	0	0	0	0	0	0	0	0	2	0	0	0	0	0	0	0	0	0	0	0	0	0	0	0	2	0	0	0	0	0	0	2	0	0	0	0	0	0	0	0	0	0	0	0	2	0	2	0	0	0	0	0	0	0	0	0	0	0	0	0	0	2	2	0	0	0	0	0	0	0	0	0	0	0	0	0	0	0	0	0	2	0	0	4	0	0	0	0	0	0	0	2	0	0	0	0	0	0	0	0	2	0	2	0	0	2	0	0	0	2	0	0	0	0	0	0	0	0	0	0	2	0	2	0	0	0	0	2	0	2	0	0	0	0	1	0	0	0	0	0	0	0	0	0	2	2	0	0	2	0	0	2	0	0	0	0	0	0	0	0	0	0	0	0	0	0	0	0	0	0	0	0	0	0	0	0	0	0	0	0	0	0	2	0	0	2	0	0	0	0	2	0	2	0	0	0	0	0	0	0	0	0	0	2	0	0	0	0	0	0	0	0	0	0	0	0	0	0	0	0	0	0	0	0	0	0	0	0	3	2	0	0	0	0	0	2	0	0	2	2	0	0	0	0	1	0	0	0	0	0	0	0	2	0	0	0	0	1	0	0	2	0	0	2	0	0	0	0	0	0	0	0	0	0	0	0	0	4	0	0	0	0	0	0	0	0	0	0	2	0	0	0	5	2	0	0	0	0	0	0	0	0	0	0	0	0	0	0	0	0	0	0	0	0	2	0	2	0	0	0	0	0	0	0	0	0	3	0	0	2	0	2	2	0	0	0	0	0	0	2	0	0	0	0	0	0	0	0	0	0	0	2	0	0	0	2	0	2	3	0	0	2	0	2	3	0	0	0	0	0	2	0	0	0	0	0	0	0	0	0	2	0	2	0	0	0	0	0	0	0	0	0	0	0	0	0	0	0	0	0	0	0	0	0	0	0	0	0	0	2	0	0	0	0	0	0	3	0	0	4	0	0	0	0	0	0	0	0	0	0	0	0	0	0	0	0	0	0	0	2	0	0	0	2	0	0	2	0	3	0	0	2	2	0	0	0	0	2	0	0	0	0	0	0	0	0	2	0	0	0	0	0	0	0	0	2	2	0	0	0	0	0	0	0	0	2	0	2	2	0	0	0	0	0	0	0	0	0	0	0	0	2	0	0	0	2	2	0	0	0	0	0	0	0	0	0	0	2	0	0	0	0	0	0	2	0	0	0	0	0	0	0	0	2	2	0	0	0	0	0	0	0	0	0	0	2	0	2	0	0	0	0	0	0	0	0	0	2	0	0	0	2	0	0	0	2	0	0	0	0	0	0	0	0	0	2	2	2	2	0	0	0	6	5	2	0	0	0	0	0	0	0	0	0	0	0	0	0	0	0	0	0	0	0	0	0	0	0	0	0	2	0	3	0	0	0	0	0	0	0	0	0	0	0	0	0	2	0	0	0	2	0	0	0	2	0	0	0	0	0	0	0	0	0	0	0	0	0	0	0	0	2	0	0	0	0	2	0	0	0	0	0	0	0	2	2	0	0	0	0	0	0	0	0	0	0	2	0	0	2	2	0	0	0	0	2	0	0	0	0	6	0	0	0	0	0	0	0	0	2	0	0	0	0	0	0	0	0	1	0	0	0	0	0	0	0	0	0	2	2	0	2	0	0	0	0	0	0	0	2	0	2	0	0	2	0	0	0	2	2	0	2	0	0	0	0	0	0	0	0	0	3	0	0	0	0	0	0	3	0	0	0	0	0	0	0	0	0	0	0	0	2	2	0	0	0	0	0	2	0	0	0	0	0	0	0	0	2	0	0	0	0	0	0	2	0	0	0	0	0	2	2	0	0	0	0	0	0	0	0	2	0	0	0	0	0	0	2	0	2	0	0	0	4	0	0	0	2	0	0	0	2	0	0	0	0	0	0	0	0	0	0	0	0	2	0	0	2	3	0	0	0	0	2	0	0	0	0	0	0	0	0	0	0	2	2	0	2	0	2	2	0	0	0	0	0	0	0	0	0	0	0	0	2	0	0	0	0	0	0	0	0	0	0	0	0	0	0	0	0	0	0	0	0	2	0	0	0	0	0	2	0	0	2	4	0	0	0	2	2	0	0	0	0	0	2	0	0	0	0	0	0	0	0	0	0	2	0	0
2023.63583248012	0	0	0	0	0	0	2	0	2	0	0	0	0	0	0	0	0	0	0	0	0	0	0	0	0	3	0	0	2	0	2	0	2	0	0	2	2	0	0	0	0	0	0	0	0	0	2	0	0	0	3	2	0	0	0	0	0	0	0	0	0	0	0	0	0	0	0	0	2	2	0	0	0	0	0	0	0	0	0	0	0	0	0	0	0	2	0	0	0	0	0	0	2	0	0	0	0	0	0	0	0	0	0	0	0	4	0	2	0	0	0	0	0	0	0	0	0	0	0	0	0	0	2	2	0	0	0	0	0	0	0	0	2	0	0	0	0	0	0	0	0	2	0	0	6	0	0	0	0	0	0	0	2	0	0	0	0	0	0	0	0	2	0	2	0	0	2	0	0	2	2	0	0	0	0	0	0	0	0	0	0	2	0	2	0	0	0	0	2	0	2	0	0	0	0	1	0	0	0	0	0	0	0	0	0	2	2	2	0	2	0	0	2	0	0	0	2	0	0	0	0	0	0	0	0	0	0	0	0	0	0	0	2	0	0	0	0	0	2	0	0	0	0	2	0	0	2	0	0	0	0	2	0	2	0	2	0	0	0	0	0	2	0	0	2	0	2	0	0	0	0	0	0	0	0	0	0	0	0	0	0	0	0	0	0	0	0	0	0	3	2	0	0	0	0	0	2	0	0	2	2	0	0	0	0	1	0	0	0	0	0	0	0	2	0	0	0	0	1	0	2	2	0	0	2	0	0	0	0	0	0	0	0	0	0	0	0	0	6	0	0	0	0	0	0	0	2	0	0	0	0	0	0	5	2	0	0	0	0	0	0	0	0	0	0	0	0	0	0	0	0	0	0	0	0	2	0	2	0	0	0	0	0	0	0	0	0	3	0	0	2	0	2	2	0	0	0	0	0	0	2	0	0	0	0	0	0	0	0	0	0	0	2	0	0	0	2	0	2	3	0	0	2	0	2	3	0	0	0	0	0	2	0	0	0	0	0	0	0	0	0	2	0	2	0	0	0	0	0	0	0	0	0	0	0	0	0	2	0	0	0	0	0	0	0	0	0	0	0	0	4	0	0	0	0	0	0	5	0	0	4	0	0	0	0	0	0	0	0	0	0	0	0	0	0	0	0	0	0	0	2	0	0	0	2	0	0	2	0	3	0	0	2	2	0	0	0	0	2	0	0	0	0	0	0	0	0	2	0	0	0	0	0	0	0	0	2	2	0	0	0	0	0	0	0	0	2	0	2	2	0	0	0	0	0	0	0	0	0	0	0	0	2	0	0	0	2	2	0	0	0	0	2	0	0	0	0	0	2	0	0	0	0	0	0	2	0	0	0	0	0	0	2	0	2	2	2	0	0	0	0	0	0	0	0	0	2	0	0	0	0	0	0	0	0	0	0	0	2	0	0	0	2	2	0	0	2	0	0	2	0	0	0	0	0	0	2	2	2	2	0	0	0	6	5	2	0	0	0	0	0	0	0	0	0	0	0	0	0	0	0	0	0	0	0	0	0	0	0	0	0	2	0	3	0	0	0	2	0	0	0	0	0	0	0	0	0	2	0	0	0	0	0	0	0	2	0	0	0	0	0	0	0	0	0	0	0	0	0	0	0	0	2	0	0	0	0	2	0	0	0	0	0	0	0	2	2	0	0	0	0	0	0	0	0	0	0	2	0	0	2	2	0	0	0	0	2	0	0	0	0	6	0	0	0	0	0	0	0	0	2	0	0	0	0	0	2	0	0	1	0	0	0	0	0	0	0	0	0	2	2	0	2	0	0	0	0	0	0	0	2	0	2	0	0	2	0	0	0	2	2	0	2	0	2	0	0	0	0	0	0	0	3	0	0	0	0	0	0	3	0	0	0	0	0	0	0	0	0	0	0	0	2	2	0	0	0	0	0	2	0	0	0	0	0	0	0	0	2	0	0	0	0	0	0	2	0	0	0	0	0	2	2	0	0	0	0	0	0	0	0	2	0	0	0	0	0	0	2	2	2	0	0	0	5	0	0	0	2	0	0	0	2	0	0	0	0	0	0	0	0	0	0	0	0	2	0	0	2	3	0	0	0	0	2	0	0	0	2	0	0	0	0	0	0	2	2	0	2	0	2	2	0	0	0	0	0	0	0	0	0	0	0	0	2	0	0	0	0	0	0	3	0	0	0	0	0	0	0	0	0	0	0	0	0	2	0	0	2	0	2	2	0	0	2	4	0	0	0	2	2	0	0	0	0	2	2	0	0	0	0	0	0	0	0	2	0	2	0	0
2023.6403996942	0	0	0	0	0	0	2	0	2	0	0	0	0	0	0	0	0	0	0	0	0	0	0	2	0	5	0	0	2	0	2	0	2	0	0	2	2	0	0	0	2	0	0	0	0	0	2	0	0	0	5	2	0	0	0	0	0	0	0	2	0	0	0	0	0	0	0	0	4	2	0	0	0	0	0	0	0	0	0	0	0	0	0	0	0	2	0	0	0	4	0	0	2	0	0	2	0	0	0	0	0	0	0	0	4	4	0	2	0	0	0	0	0	0	0	0	0	0	0	0	0	0	2	2	0	0	0	0	0	0	0	0	2	0	0	0	0	0	0	0	0	2	0	0	6	0	0	0	0	0	0	0	0	0	0	0	0	0	0	0	0	2	0	2	0	0	2	0	0	2	2	0	0	0	0	2	0	0	0	0	0	2	2	2	0	0	0	0	2	0	2	0	0	0	2	1	0	0	0	0	0	0	0	0	0	0	2	2	0	2	0	0	2	0	0	0	2	0	0	0	0	0	0	0	0	0	2	0	0	0	0	0	2	0	0	0	2	0	2	0	0	0	0	2	0	0	2	0	0	0	0	2	0	2	0	2	0	0	0	0	0	2	0	0	2	0	2	0	0	0	0	0	2	0	0	0	0	0	0	0	0	0	0	0	0	0	0	0	0	5	2	0	0	0	0	0	2	0	0	2	2	0	0	0	0	1	0	0	0	0	0	0	0	2	0	0	0	0	1	0	2	0	0	0	2	0	0	0	0	0	0	0	2	0	0	0	0	0	6	0	0	0	0	0	2	0	4	0	2	0	0	0	0	5	2	0	0	0	0	0	0	0	0	0	0	0	0	0	0	0	0	0	0	0	3	2	0	2	0	0	0	0	0	0	0	0	0	3	0	0	2	2	2	2	0	0	2	0	0	0	2	0	0	0	0	0	3	0	0	0	0	0	2	0	0	0	6	0	0	3	0	0	4	0	2	3	0	0	0	0	0	2	0	2	2	0	0	0	0	0	0	2	0	2	0	0	0	0	0	0	0	0	0	0	0	0	0	2	0	0	0	0	0	0	0	0	0	0	0	0	4	2	0	0	0	0	0	5	0	0	4	0	0	0	0	0	0	0	0	0	0	0	0	0	0	2	0	0	1	0	2	0	0	2	2	0	0	2	0	3	0	0	2	2	2	0	0	0	2	0	0	0	0	0	0	0	0	2	0	0	0	0	0	0	0	0	4	2	0	0	0	0	0	0	0	0	2	0	2	2	0	0	0	0	0	0	0	0	0	0	0	0	2	0	0	0	2	2	0	0	0	0	2	0	0	0	0	0	2	0	0	0	0	0	2	2	0	0	0	0	0	0	2	0	2	2	2	0	0	0	0	0	0	0	0	0	0	0	0	0	0	0	2	0	0	0	0	0	2	0	0	0	2	2	0	0	2	0	0	2	0	2	0	0	3	0	2	2	2	2	0	0	0	6	3	4	0	0	0	0	0	0	0	0	0	0	0	0	0	0	0	3	0	0	0	0	0	0	0	0	0	2	0	3	0	0	0	2	0	0	0	0	0	0	0	0	0	2	0	0	0	0	2	0	0	2	0	0	0	0	0	0	0	0	0	0	0	0	0	0	0	0	2	2	2	2	0	2	0	0	0	0	0	0	0	2	2	0	0	0	0	0	0	2	0	2	0	2	0	0	2	2	0	0	0	0	2	0	0	0	0	6	0	0	0	0	0	0	0	0	2	0	0	0	0	0	2	2	2	1	0	0	0	0	0	0	0	0	0	2	2	0	2	0	0	3	0	0	2	0	2	2	2	0	0	2	0	0	0	0	2	0	2	0	2	0	0	0	0	0	0	0	5	0	0	0	0	0	0	5	0	0	0	0	0	0	0	0	0	0	0	0	2	2	0	0	2	0	0	2	0	0	0	0	0	0	0	0	2	0	0	0	0	0	0	4	0	0	0	0	0	2	2	0	0	0	0	0	0	0	0	0	0	0	0	0	0	0	4	2	2	0	0	0	5	0	0	0	2	0	0	0	2	0	0	0	0	0	0	0	0	0	0	0	0	2	0	0	2	3	0	0	0	0	4	0	0	0	2	0	0	0	0	0	0	2	2	0	2	0	2	2	0	0	0	0	0	0	0	0	2	0	0	0	2	0	0	0	0	0	0	5	0	0	0	0	0	0	0	0	0	0	0	0	0	2	0	0	2	0	2	2	0	0	2	4	0	0	0	2	2	0	0	0	0	2	2	0	0	0	0	0	0	0	0	2	0	2	0	0
2023.64496690828	0	0	0	0	0	0	2	0	6	0	0	0	0	0	0	0	0	0	0	0	0	0	0	2	0	5	0	0	2	0	2	0	0	0	0	2	2	0	0	0	2	0	0	0	0	0	2	0	0	0	5	2	0	0	0	0	0	0	0	2	0	0	0	0	0	0	0	0	4	2	0	0	0	0	0	0	0	0	0	0	0	0	0	0	0	4	0	0	0	4	0	0	2	0	0	4	0	0	0	0	0	0	0	0	4	6	0	2	0	0	0	0	0	0	0	0	1	0	0	0	0	2	2	2	0	0	0	0	0	0	0	0	2	0	0	0	0	0	0	0	0	2	0	0	6	0	0	0	0	0	0	0	0	0	0	0	0	0	0	0	0	2	0	2	0	0	2	0	0	2	2	0	0	0	0	2	0	0	0	0	0	2	2	2	2	0	0	0	2	0	2	0	0	0	2	0	0	0	0	0	0	0	0	2	0	0	2	2	0	2	0	0	0	0	0	0	2	0	0	2	0	0	0	0	0	0	2	0	0	0	0	0	2	0	0	2	2	0	2	0	0	0	0	2	0	0	2	0	0	0	0	2	0	2	0	2	0	0	0	0	0	2	0	0	2	0	2	0	0	0	0	0	2	0	0	0	0	0	0	0	0	0	0	0	2	2	0	0	0	5	0	2	0	0	0	0	2	0	0	2	2	0	0	2	0	1	0	0	0	0	2	0	0	2	2	0	0	0	0	0	2	0	0	0	2	0	0	0	0	2	2	0	2	0	0	0	0	0	6	0	0	0	0	0	2	0	4	0	2	0	0	2	0	5	2	0	0	0	0	0	0	0	0	0	0	0	0	0	0	0	0	0	0	0	3	2	0	2	0	0	0	0	0	0	0	0	0	3	0	0	2	4	2	2	0	0	2	0	0	0	2	0	0	0	0	0	3	0	0	0	0	0	2	0	0	0	6	0	0	3	0	0	4	0	2	3	0	0	0	2	0	4	0	4	2	0	0	0	0	0	0	2	0	2	0	0	0	0	0	0	0	0	0	0	0	0	0	2	0	0	0	0	0	0	0	2	0	0	0	0	6	2	0	0	0	0	0	5	2	0	3	0	0	0	0	0	0	0	0	0	0	0	0	0	0	2	0	0	4	0	2	0	0	2	2	0	0	2	0	3	0	0	2	2	2	0	0	0	2	0	0	0	0	0	0	0	0	0	0	0	0	0	0	0	0	0	6	2	0	0	0	0	0	0	0	0	2	2	2	2	0	0	0	0	0	0	0	2	0	0	0	0	2	0	0	0	2	0	0	0	0	0	2	0	0	0	0	0	2	0	0	0	0	0	2	2	0	0	0	0	0	0	2	0	2	2	2	0	0	0	0	0	0	0	0	0	0	0	0	0	0	0	2	0	0	0	0	0	2	0	0	0	2	2	0	0	2	0	0	2	0	4	0	0	3	0	2	2	2	2	0	0	0	6	0	3	0	0	0	0	0	0	0	0	0	0	0	0	0	0	0	3	0	0	0	0	0	0	0	0	0	0	0	3	0	0	0	2	0	0	0	0	0	0	0	0	0	2	0	0	2	0	2	0	0	2	0	0	0	0	0	0	0	0	0	0	0	0	0	0	0	2	2	2	2	2	0	2	0	0	0	0	0	0	0	2	0	0	0	0	0	0	0	2	2	2	0	2	0	0	2	2	0	0	2	0	2	0	0	0	0	6	2	0	0	0	0	0	0	0	2	0	0	0	0	0	2	2	2	1	0	0	0	0	0	0	0	0	0	2	2	0	2	0	0	3	0	0	2	0	2	2	2	0	0	2	0	0	0	0	2	0	2	0	2	0	0	0	0	0	0	1	5	0	0	0	0	0	0	5	0	0	0	0	0	2	0	0	0	0	0	0	2	2	0	0	2	0	0	2	0	0	0	1	0	0	0	2	2	0	0	0	0	0	0	4	0	0	0	0	0	2	2	0	0	2	0	0	2	0	0	0	0	0	0	0	0	0	4	2	2	0	0	0	5	0	0	0	2	0	0	0	2	0	0	0	0	0	0	0	0	0	0	2	0	4	0	0	2	3	0	0	0	0	4	0	0	0	2	0	0	0	0	0	0	2	2	0	2	0	2	2	0	0	0	0	0	0	0	0	2	0	0	0	2	0	0	0	0	0	0	5	0	0	0	0	0	0	0	0	0	0	0	0	0	2	0	0	2	0	2	2	2	0	2	3	0	0	0	2	2	0	0	0	0	2	2	0	0	0	0	0	0	0	0	2	0	2	0	0
2023.64953412235	3	0	0	0	0	0	2	0	6	0	3	0	0	0	2	0	0	0	0	0	0	0	0	2	0	5	0	0	2	0	2	0	0	0	0	2	2	0	0	0	2	0	0	0	0	0	2	0	0	0	5	0	0	0	0	0	0	0	0	2	0	0	0	0	0	0	0	0	4	0	0	0	0	0	0	0	0	0	0	0	0	0	0	0	0	4	0	2	0	4	0	2	2	0	0	6	0	0	0	0	0	0	0	0	4	6	0	0	0	0	0	0	0	0	0	0	1	0	0	2	2	2	2	0	2	0	0	0	0	0	0	0	2	0	0	0	0	0	0	0	0	2	1	0	6	0	0	0	0	0	0	0	0	0	0	0	0	2	0	0	0	2	0	0	0	0	2	0	0	2	2	0	0	0	0	2	0	0	0	0	0	2	2	2	2	0	0	2	2	0	2	0	0	0	2	0	0	0	0	0	0	0	0	2	0	0	2	2	0	2	0	0	0	0	0	0	2	2	0	4	0	0	0	0	0	2	2	0	0	0	0	0	2	0	0	2	2	0	2	0	0	2	0	2	0	0	0	0	0	0	0	0	0	3	0	2	0	0	0	0	0	2	0	0	2	0	2	1	0	0	0	0	2	0	0	0	0	0	0	0	0	0	0	0	2	2	0	0	0	5	0	2	0	0	0	0	2	0	0	2	2	0	0	2	0	1	0	0	2	0	2	0	0	0	2	0	0	0	0	0	2	0	0	0	2	0	0	0	0	2	2	0	2	2	0	0	0	0	6	0	0	0	0	0	2	2	4	0	2	0	0	2	0	5	2	0	0	0	0	0	0	0	0	0	0	2	0	0	0	0	0	0	0	2	3	2	0	0	0	0	0	0	0	0	0	0	0	3	0	2	0	4	2	2	0	0	2	0	0	0	0	0	0	0	0	0	3	0	0	0	0	0	2	0	0	0	6	0	0	3	0	0	4	0	2	3	0	0	0	2	0	4	0	4	2	0	0	0	0	0	0	2	0	4	2	0	0	2	0	0	0	2	0	0	0	0	0	2	0	0	0	0	0	0	0	2	0	0	0	0	6	4	0	0	0	0	0	5	2	0	0	0	0	0	2	0	0	0	0	0	0	2	0	0	0	2	0	0	4	0	2	0	0	2	0	0	0	2	0	3	0	0	3	2	2	0	0	0	2	0	0	0	0	0	0	0	0	0	0	0	0	0	2	0	0	0	6	2	0	0	0	0	0	0	0	0	2	2	2	0	0	0	0	0	0	0	0	2	0	0	0	0	0	0	0	2	2	0	0	0	0	0	2	0	0	0	0	0	2	0	0	0	0	0	2	2	0	0	0	0	0	0	2	0	2	2	2	0	0	0	0	0	2	0	0	0	0	0	0	0	0	0	2	0	0	0	0	0	0	0	0	0	4	2	0	0	2	0	0	2	0	4	0	2	3	0	4	2	0	2	0	0	0	6	0	3	0	0	0	0	0	0	0	0	0	0	0	0	0	0	0	3	0	0	0	0	0	0	0	0	0	0	0	5	0	0	0	2	0	0	0	0	0	0	0	0	0	0	0	0	2	0	2	0	0	0	0	0	0	0	0	0	0	0	0	0	0	0	0	0	0	2	0	2	2	2	0	0	0	0	0	0	0	0	0	2	0	0	2	0	0	0	0	2	2	2	0	2	0	0	2	2	0	0	2	0	0	0	0	0	0	6	2	0	2	0	0	0	0	2	2	0	0	0	0	0	2	2	2	1	2	0	0	0	0	0	0	0	0	0	2	0	2	0	0	3	0	0	2	2	4	2	2	0	0	2	0	0	0	0	0	2	2	0	2	0	0	0	0	0	0	1	5	0	0	0	0	0	0	5	0	0	0	0	0	2	0	0	0	0	0	0	0	2	0	0	2	2	0	2	0	0	0	1	1	0	0	2	2	0	0	0	0	0	0	4	0	0	0	2	0	0	0	0	4	4	0	0	2	0	0	0	0	0	2	0	0	0	4	2	2	0	0	0	5	0	0	0	2	0	0	0	4	0	0	0	0	0	0	0	0	0	0	2	0	4	4	1	2	3	0	0	0	0	4	0	0	0	2	0	0	0	2	0	0	2	2	0	2	0	2	0	0	0	0	0	0	0	0	0	2	0	0	0	2	0	0	0	0	0	0	5	0	2	0	0	0	0	0	2	0	2	0	0	0	2	6	0	2	0	2	2	2	0	2	0	0	0	0	0	2	0	0	0	0	2	2	0	0	0	0	0	0	0	0	2	0	0	0	2
2023.65410133643	3	0	0	0	0	0	2	0	6	0	3	0	0	0	2	0	0	0	0	0	0	0	0	2	0	5	0	0	4	0	0	0	0	0	0	2	2	0	0	0	2	0	0	0	0	0	2	0	2	0	5	0	2	0	0	0	0	0	0	2	0	0	0	0	0	0	0	0	4	0	0	0	0	0	2	0	0	0	0	0	0	0	0	2	0	4	0	2	0	4	0	2	2	0	2	8	0	0	0	0	0	0	0	0	4	6	3	0	0	0	0	0	0	0	0	0	3	0	0	2	2	2	2	0	2	0	0	0	0	0	0	0	2	0	0	2	0	0	0	0	0	2	1	0	8	0	0	0	0	2	0	0	0	0	0	0	0	2	0	0	0	4	0	0	0	0	0	0	2	2	2	0	0	0	0	2	0	0	0	0	2	0	2	2	2	0	0	2	2	0	2	2	0	2	2	0	0	0	0	0	0	0	0	2	2	0	2	2	0	2	0	0	0	0	0	0	2	2	0	4	0	0	0	0	0	2	2	0	0	0	0	0	2	0	2	2	2	0	2	0	0	2	2	2	0	0	0	0	0	0	2	0	0	3	0	2	2	0	0	0	0	2	0	0	2	0	2	1	0	0	0	0	2	0	2	0	0	0	0	0	0	0	0	0	2	2	0	0	0	5	0	2	0	0	0	0	4	0	0	2	4	0	0	4	0	1	0	0	2	0	2	0	0	0	2	0	0	0	0	0	2	0	0	0	2	0	0	0	0	2	2	0	2	2	0	0	0	0	8	0	0	0	0	0	2	2	4	0	2	3	0	2	0	5	2	0	0	0	0	0	0	0	0	0	0	2	0	0	0	0	0	0	0	2	3	2	0	0	0	0	0	2	2	0	0	0	0	3	0	2	0	4	2	2	0	0	2	0	0	0	0	0	2	0	0	0	3	2	0	0	0	0	2	2	0	0	5	0	0	3	0	0	4	0	2	3	0	0	0	2	0	4	0	4	2	0	0	0	0	0	0	4	0	4	2	0	0	2	0	0	4	2	0	2	0	0	2	2	0	0	0	2	0	0	0	2	0	0	0	0	6	4	0	0	0	0	0	5	2	0	0	0	0	0	2	0	0	0	0	0	0	2	0	0	0	2	0	0	4	2	4	0	0	2	0	0	0	2	0	0	2	0	3	2	2	0	0	0	0	0	0	0	2	0	0	0	0	0	0	0	0	0	2	0	0	0	6	2	0	0	0	0	0	0	0	0	2	2	2	0	0	0	0	0	0	0	0	2	2	0	0	0	3	0	0	2	2	0	0	0	0	0	2	0	0	0	0	0	2	0	0	0	0	0	2	0	0	0	0	0	2	0	2	0	2	2	2	0	0	0	0	0	2	0	0	0	0	0	3	0	0	2	2	0	0	0	0	0	0	0	0	0	4	2	0	0	2	0	0	2	0	4	0	2	3	0	4	2	0	2	0	0	0	6	0	3	0	0	0	0	2	0	0	0	2	0	0	0	0	0	0	3	0	0	0	0	0	0	0	0	0	0	0	7	0	0	0	2	0	0	0	0	0	2	0	0	0	3	0	0	4	0	2	0	0	0	0	0	0	0	0	0	0	0	0	0	0	0	0	0	0	2	0	2	2	2	0	0	0	0	0	0	0	0	0	3	0	0	2	0	2	0	0	2	2	2	0	2	0	0	3	2	0	0	2	0	0	0	0	0	0	5	2	0	2	0	2	0	0	2	2	0	0	0	0	0	2	2	2	1	2	0	0	0	2	0	0	0	0	0	2	0	0	0	0	3	0	0	2	2	4	2	2	0	0	2	0	0	0	0	0	2	2	0	2	0	2	0	0	0	0	3	5	0	0	0	0	0	0	5	0	0	0	0	0	2	0	0	0	0	0	0	0	4	2	0	2	2	0	2	0	0	0	3	1	0	0	4	4	0	0	0	0	2	0	6	0	0	0	2	0	0	0	0	6	4	0	0	2	0	2	0	0	0	2	2	0	0	4	2	4	0	0	0	3	0	0	0	2	0	0	0	4	0	0	0	0	0	0	0	0	0	0	2	0	4	6	1	2	3	0	0	0	0	4	0	0	0	4	0	0	0	2	0	2	0	2	0	2	0	2	0	0	0	0	0	0	0	0	0	2	2	0	0	2	0	0	0	0	0	0	5	0	4	0	0	0	2	0	2	0	2	0	0	0	0	6	0	2	0	2	0	2	2	2	0	0	0	0	0	2	0	0	0	0	2	2	2	0	0	0	0	0	0	0	2	0	0	0	2
2023.65866855051	3	0	0	0	2	0	2	0	6	0	3	0	0	2	2	0	0	0	0	0	0	0	0	2	0	5	0	0	3	0	0	0	0	0	0	2	2	0	0	0	2	2	0	0	0	0	0	0	2	0	5	0	4	0	0	0	2	2	0	2	0	0	0	0	0	0	0	0	4	0	0	0	0	0	2	0	2	0	2	0	0	0	0	2	0	4	0	2	0	4	0	2	2	0	2	8	0	0	0	0	0	0	0	0	4	6	3	0	0	0	0	0	0	0	0	0	5	0	0	4	2	2	2	0	2	0	2	0	0	0	0	0	2	0	0	4	0	0	0	0	0	2	1	0	8	0	2	0	0	2	0	0	0	0	0	0	0	2	0	2	0	4	0	0	0	0	0	0	2	2	2	0	0	0	0	4	0	0	0	0	2	0	2	2	2	0	0	2	2	0	2	2	0	2	2	0	0	0	0	0	0	4	2	2	2	0	2	2	0	0	0	0	0	0	0	2	2	2	0	4	0	2	2	0	0	2	2	0	2	0	0	3	2	0	2	2	2	0	2	0	0	2	2	2	0	0	0	0	0	2	2	0	2	3	0	2	2	0	0	0	0	2	0	0	2	0	2	1	0	0	0	0	2	0	4	0	3	0	0	0	0	0	0	0	2	4	0	0	0	5	3	2	0	0	0	0	4	0	0	2	4	2	0	4	0	1	0	0	2	0	2	0	0	0	2	0	2	0	0	0	2	0	0	0	2	0	0	0	0	2	2	2	2	2	0	0	3	0	8	0	0	0	0	0	2	2	4	0	2	3	0	2	0	5	2	0	0	0	0	0	2	0	0	0	0	2	0	0	0	0	0	0	2	2	5	2	0	0	0	0	0	2	2	0	0	0	0	2	0	2	0	4	2	2	0	2	2	0	0	0	0	0	2	0	0	0	3	4	0	0	0	0	2	2	0	0	5	4	0	3	0	0	4	2	2	2	0	0	0	2	0	4	0	4	2	2	0	0	0	0	0	4	0	4	2	0	0	2	3	2	4	4	0	2	3	0	2	2	0	0	0	2	0	0	0	2	3	0	0	0	6	4	0	0	0	0	0	7	2	0	3	0	0	0	2	0	0	0	0	0	0	2	0	0	0	2	0	0	4	2	4	2	0	2	0	0	2	2	0	0	4	0	3	2	2	0	0	0	0	0	0	0	2	0	0	0	0	0	0	0	2	0	2	0	0	0	6	0	0	0	0	0	0	0	0	0	0	2	2	0	0	0	0	0	0	0	0	2	2	2	0	2	5	0	2	2	2	0	0	0	0	0	2	0	0	2	0	0	0	0	0	0	0	0	2	0	0	0	0	0	2	0	2	0	2	0	2	0	0	0	0	0	2	0	0	0	0	0	3	0	0	2	2	0	0	0	0	0	0	0	0	0	4	4	0	0	2	0	0	4	0	4	0	2	3	0	6	2	0	0	0	0	0	6	0	5	0	3	0	0	2	0	0	0	2	0	0	0	0	0	0	3	0	0	2	0	3	3	2	0	0	0	2	7	3	0	0	2	0	0	0	2	0	2	0	0	0	5	0	2	4	0	2	0	0	0	0	0	0	0	0	0	0	0	0	0	0	0	0	0	0	2	0	2	2	2	0	0	0	0	0	0	0	0	0	3	0	0	2	0	2	0	0	2	2	2	2	2	0	0	3	2	0	0	2	0	0	0	0	0	0	5	2	3	2	0	2	0	2	2	2	3	0	0	0	0	2	2	2	1	4	0	0	2	2	0	0	2	0	0	2	0	0	0	0	5	0	0	2	2	4	2	2	0	0	2	0	0	0	0	0	2	2	0	2	0	2	0	0	0	0	5	5	0	0	0	2	0	0	5	0	0	0	0	0	2	0	0	2	0	0	0	0	4	2	0	4	2	0	2	0	0	0	5	1	0	0	4	4	0	0	0	0	2	0	6	0	0	0	2	0	0	0	2	6	4	2	0	2	0	2	0	0	0	2	2	0	0	6	2	4	0	0	0	3	0	0	0	0	0	0	2	4	0	0	0	2	0	0	0	0	0	0	2	0	4	6	1	2	2	0	0	0	0	4	0	0	0	4	0	0	0	2	0	2	0	2	0	2	0	2	0	0	0	2	0	0	2	0	0	2	2	0	0	2	2	0	0	0	0	0	5	0	6	0	0	0	2	0	2	0	2	0	0	0	0	6	0	2	0	2	0	2	2	0	3	0	0	0	0	2	0	0	0	0	2	2	2	0	0	0	0	3	0	0	2	0	0	0	2
2023.66323576458	3	0	3	0	2	0	2	0	6	0	3	0	0	2	2	0	0	2	2	0	0	0	0	2	0	5	0	0	3	0	0	0	0	0	2	2	2	0	0	0	2	2	0	0	0	0	0	2	2	0	5	0	6	0	0	0	2	2	0	2	0	0	0	0	0	0	0	0	6	0	0	0	0	0	2	0	4	0	2	0	0	0	0	2	0	4	0	2	0	6	0	2	0	0	4	8	0	0	0	0	0	0	2	0	6	6	5	0	0	0	0	0	0	0	0	2	5	0	2	4	2	2	2	0	2	0	2	0	3	0	0	0	2	0	0	4	2	0	0	0	0	2	1	0	8	0	2	0	0	2	2	0	0	0	0	2	0	4	0	2	0	3	0	0	0	2	0	0	2	2	2	0	0	0	0	4	0	0	0	0	2	0	2	2	4	0	0	2	2	0	2	2	0	2	2	0	0	0	0	3	0	4	2	2	2	0	2	2	0	0	0	0	0	0	2	2	2	2	0	6	0	2	2	0	2	2	2	0	2	0	0	5	2	0	2	2	2	0	2	0	0	4	2	2	0	0	0	0	0	2	2	0	2	3	0	2	2	0	0	0	0	2	0	0	0	0	2	2	0	0	0	0	2	0	4	0	3	2	0	0	0	0	0	0	2	4	0	0	0	3	3	2	0	0	0	0	3	2	0	2	3	2	2	4	0	3	0	0	6	0	2	0	0	0	2	2	2	0	0	2	2	0	2	0	2	0	0	0	0	2	2	2	2	2	0	0	5	0	8	0	0	0	0	0	2	2	6	0	4	3	0	2	0	5	2	0	0	0	0	0	2	0	0	0	0	2	2	0	0	0	0	0	2	2	5	2	0	0	0	0	0	2	2	0	0	0	2	2	2	2	0	4	2	0	0	2	2	0	0	0	0	0	2	0	0	0	3	4	0	0	0	0	0	2	0	0	5	4	0	3	2	0	3	4	0	2	0	0	2	2	2	4	0	4	2	2	0	0	0	0	0	4	0	4	4	0	0	2	3	2	4	4	0	2	5	0	2	2	0	0	0	2	0	0	0	2	3	0	0	0	6	6	0	3	0	0	0	5	2	0	3	0	0	2	2	0	0	2	0	2	0	2	0	0	0	2	0	0	4	2	3	2	0	2	0	0	2	2	0	0	4	0	3	0	2	0	0	0	0	3	0	0	2	0	0	0	0	0	0	0	2	0	4	0	0	0	6	0	0	0	0	0	0	0	0	0	0	2	0	0	0	0	0	0	0	2	0	2	2	2	0	6	5	0	2	2	0	0	0	0	0	0	2	0	0	2	0	0	0	0	0	0	0	0	2	0	0	0	0	0	2	0	2	0	2	0	2	0	0	0	2	0	2	0	0	0	0	0	3	0	0	2	2	0	0	0	0	0	0	0	0	0	4	5	0	0	2	0	0	4	0	4	0	2	3	0	6	2	0	0	0	0	0	5	0	5	0	5	0	0	2	0	0	0	2	0	0	0	0	0	0	5	0	0	4	2	3	5	2	2	0	0	2	5	3	0	0	2	0	0	0	2	3	4	0	0	0	5	2	2	4	0	2	0	0	0	0	0	0	2	0	0	0	0	0	0	2	2	0	0	0	2	0	2	2	2	0	0	0	0	0	0	0	0	0	3	0	0	2	0	2	2	0	2	2	2	2	6	0	0	3	2	0	0	2	0	0	0	0	0	0	5	2	3	2	0	2	0	4	2	2	3	0	0	0	0	2	2	2	3	4	0	0	2	2	0	0	2	2	0	2	0	0	0	0	5	0	0	2	2	4	2	2	0	0	2	0	0	0	0	0	2	2	0	2	0	2	2	0	0	0	5	3	0	0	0	2	2	0	3	0	0	0	2	0	2	2	0	2	0	0	0	0	4	2	0	4	4	2	2	2	0	0	5	1	0	0	4	3	0	0	0	0	2	0	6	2	0	0	2	0	0	0	2	6	4	2	0	2	0	2	3	0	0	2	2	0	0	6	2	4	0	0	0	3	0	0	0	0	0	0	2	4	0	0	0	2	0	0	0	0	0	0	2	0	4	6	2	2	2	0	0	0	0	3	0	0	0	6	0	0	0	4	2	2	0	2	0	2	0	6	0	0	0	2	0	0	2	0	0	2	2	2	0	2	2	0	0	0	0	0	5	0	6	2	0	0	2	0	2	0	2	0	0	0	0	6	0	2	2	2	0	4	2	0	3	0	0	0	0	6	0	0	0	0	2	2	2	0	2	2	0	5	0	0	2	0	0	2	2
2023.66780297866	3	3	5	0	2	0	0	0	5	0	3	0	0	2	2	0	0	2	4	0	0	0	0	2	0	5	0	0	5	0	0	0	0	2	2	0	0	3	0	0	2	2	0	0	0	0	0	2	2	0	5	0	6	0	0	0	2	2	0	2	0	0	0	0	0	2	0	0	6	0	0	0	0	4	4	3	4	0	2	0	0	1	0	2	2	6	0	2	0	6	0	2	0	0	6	10	0	0	0	0	0	0	2	0	6	8	5	0	2	0	0	0	0	0	0	2	6	0	2	4	2	2	2	0	2	0	2	0	6	0	0	0	2	0	2	6	2	3	0	0	2	0	1	0	8	0	2	0	0	2	2	0	0	0	0	2	0	4	0	2	0	3	0	0	0	2	0	0	2	2	2	0	0	0	0	4	0	0	0	0	2	0	4	4	6	0	0	2	0	0	2	2	0	2	2	0	0	2	0	3	0	4	2	2	2	0	2	2	0	0	0	0	0	2	4	2	2	2	0	6	0	2	2	0	3	2	2	0	2	0	0	5	2	2	2	2	2	0	2	2	0	6	2	2	0	2	0	3	0	2	4	0	2	3	0	2	4	0	0	0	2	2	0	0	3	0	2	2	0	0	0	0	2	0	6	0	3	2	0	0	0	0	0	0	2	4	0	0	0	5	4	2	0	0	0	0	3	2	0	2	3	4	2	4	0	3	0	0	6	0	2	0	0	0	2	2	2	0	0	2	2	3	2	0	2	0	0	0	0	2	2	2	2	2	0	0	5	0	8	0	0	0	0	0	2	2	6	0	4	3	0	2	0	5	2	0	0	0	0	0	2	0	2	0	0	2	3	0	0	0	0	0	2	4	5	2	0	0	0	0	0	4	2	0	0	0	2	0	2	2	0	4	2	0	2	2	2	2	2	0	0	0	2	0	0	0	3	6	3	0	0	0	0	2	0	0	5	4	0	3	2	0	3	6	0	0	0	0	2	2	6	5	0	4	2	2	0	0	1	0	0	6	0	3	6	0	0	4	3	2	4	4	2	2	5	0	2	2	0	0	0	2	2	2	0	2	3	0	0	0	8	6	0	6	2	2	0	5	2	2	3	0	0	2	2	0	0	2	0	2	2	2	2	0	0	2	0	2	4	2	3	2	0	2	0	0	2	0	0	0	6	2	3	3	2	0	0	0	0	3	0	0	2	0	0	0	2	0	0	0	2	0	4	0	0	0	6	0	0	0	0	0	2	0	0	0	0	2	0	0	0	0	0	2	2	2	0	2	2	2	0	6	5	0	2	2	0	0	0	0	0	0	2	0	0	2	0	0	0	0	0	2	0	2	2	3	0	0	0	0	2	0	2	0	0	0	2	0	0	2	2	0	2	0	2	0	0	0	3	0	0	4	2	0	0	2	0	6	0	0	0	2	3	6	0	0	0	0	0	4	0	4	0	2	3	0	6	2	0	0	0	1	0	5	0	5	0	5	0	0	2	0	0	0	2	0	0	0	0	6	0	5	2	0	4	2	5	5	2	6	0	0	2	5	3	0	0	2	0	0	0	2	3	4	0	0	0	5	2	2	4	0	2	0	0	0	0	0	0	2	0	2	0	0	0	2	2	2	0	0	0	2	0	2	2	2	0	0	0	0	0	0	0	3	0	3	0	2	2	0	2	2	2	2	2	2	2	5	2	0	3	2	0	0	2	0	0	0	2	2	0	5	2	3	2	2	2	0	4	2	2	3	0	2	0	0	2	2	4	3	4	0	0	2	2	0	0	6	2	0	0	3	0	0	0	5	0	0	2	2	3	4	2	2	0	2	0	0	2	3	0	2	2	2	2	0	2	2	0	3	0	6	5	0	0	0	2	2	0	5	0	0	0	2	0	2	2	0	2	0	0	0	0	6	2	0	4	4	2	2	2	0	2	6	1	2	0	4	3	0	0	0	2	2	0	6	2	0	0	2	0	0	0	2	6	4	4	5	2	0	2	3	2	0	2	2	0	0	5	2	6	0	2	0	3	0	0	0	0	0	0	3	3	0	0	3	2	0	0	0	0	0	0	2	0	6	6	2	0	0	0	0	0	0	3	0	0	2	6	0	0	0	4	2	2	0	4	0	2	0	5	0	0	0	2	0	0	2	0	2	2	2	3	0	2	2	0	0	0	0	0	5	0	6	2	2	0	2	0	2	0	2	0	2	0	0	6	0	2	2	2	0	6	4	0	3	0	4	0	0	5	0	0	0	2	2	2	2	2	2	2	0	5	0	0	2	0	0	2	2
2023.67237019274	3	3	5	0	2	0	0	2	5	0	5	2	2	2	2	0	0	4	4	0	0	0	0	2	0	5	2	0	5	0	0	2	0	2	2	0	0	3	0	2	4	2	0	0	0	0	0	2	2	0	5	0	6	0	0	0	2	2	0	2	0	0	0	0	0	2	0	0	6	0	2	0	0	4	6	3	4	0	2	0	0	1	2	2	2	5	0	2	0	6	0	2	3	0	6	10	0	0	0	0	0	0	2	0	6	8	5	0	2	0	0	2	0	2	0	2	6	0	2	4	2	4	0	0	2	0	2	0	6	2	0	0	2	0	2	6	2	5	0	0	2	0	1	0	8	0	2	0	0	2	6	0	0	0	0	4	0	6	0	2	0	3	0	0	0	2	0	2	2	2	0	2	0	0	0	4	0	0	0	0	2	0	4	3	6	0	0	2	0	0	0	2	0	2	2	0	0	2	0	3	0	4	2	2	2	0	0	2	0	0	0	0	0	2	4	2	2	2	0	6	0	2	2	0	3	4	2	0	2	2	0	5	2	2	2	2	2	0	2	2	0	6	2	0	0	2	0	3	0	2	4	0	2	5	0	2	6	0	0	0	2	2	0	0	3	0	2	2	0	0	0	0	2	0	6	0	7	2	0	0	0	0	0	0	2	6	2	0	0	8	6	2	0	0	0	2	3	6	0	2	3	4	2	4	0	5	0	0	6	0	4	0	0	0	2	2	2	0	0	6	2	5	2	2	0	0	0	0	0	2	2	2	2	4	0	0	5	0	8	0	0	0	0	0	2	2	6	0	6	5	0	2	0	0	0	0	0	0	0	0	2	0	2	0	0	2	3	0	0	0	0	0	2	4	5	0	2	0	0	0	0	4	2	0	0	0	2	0	2	2	0	4	0	0	2	2	2	4	2	0	3	0	4	0	0	0	4	6	3	0	0	0	0	2	0	2	5	4	0	0	6	0	3	6	0	0	0	0	2	2	6	5	0	4	4	2	2	0	1	0	0	5	0	3	6	0	0	4	5	2	4	6	2	2	5	0	2	2	0	0	0	4	2	4	0	2	5	2	0	0	8	6	0	6	2	2	0	5	2	4	6	2	0	2	2	0	0	4	0	2	2	2	2	0	0	4	0	2	4	2	3	2	0	4	0	0	2	0	0	0	6	2	3	3	2	2	0	0	0	3	0	0	2	0	0	0	2	0	2	0	2	0	6	0	0	0	6	0	0	0	0	0	2	0	0	0	0	2	0	0	0	0	0	2	2	2	0	2	4	2	0	6	5	0	2	2	0	0	0	0	0	2	2	0	0	2	0	0	0	0	0	2	0	2	2	3	2	0	0	0	2	0	2	0	0	0	2	0	0	4	2	0	2	0	2	0	0	0	5	0	0	4	2	0	0	2	0	6	0	0	0	2	5	8	0	0	0	2	0	4	0	4	0	2	5	0	6	0	0	0	0	1	2	3	0	5	0	5	0	0	2	0	0	0	2	0	2	0	0	6	0	5	2	0	4	2	5	5	2	6	0	0	2	5	5	0	0	4	4	0	0	2	3	6	0	0	0	5	4	2	4	0	2	2	0	0	0	0	0	4	0	2	0	2	0	2	6	2	0	0	0	2	0	2	2	4	0	0	0	0	0	0	0	5	0	3	0	2	2	0	2	2	2	2	2	4	2	5	2	0	3	0	0	2	2	0	3	0	2	2	0	0	4	3	2	2	2	0	4	2	0	5	0	2	0	0	2	2	4	5	4	0	0	2	2	2	0	6	2	0	0	3	0	0	0	5	0	0	2	2	5	4	0	2	0	2	2	0	2	5	0	2	0	2	2	0	2	2	0	3	0	6	8	0	0	0	2	2	0	8	0	0	0	4	0	2	2	0	2	0	0	2	0	5	2	0	4	4	4	0	2	0	2	6	1	2	0	4	3	0	0	0	4	4	0	5	2	2	0	4	0	0	0	2	8	4	4	5	2	2	2	3	2	0	2	2	0	0	5	2	5	0	2	0	3	0	0	0	0	0	0	3	3	0	2	3	2	2	0	2	0	0	0	2	0	5	8	2	0	0	0	0	0	0	3	0	0	2	6	2	0	0	4	2	2	0	3	0	0	0	5	0	0	0	2	0	0	2	0	2	2	2	3	0	0	2	0	0	0	0	2	5	0	6	4	2	2	2	2	2	0	2	0	2	0	0	6	2	2	2	2	0	6	6	0	6	0	4	0	0	5	0	0	0	2	2	0	2	2	4	2	0	5	0	0	2	0	0	4	2
2023.67693740681	5	3	5	0	2	0	3	2	5	0	5	2	2	2	2	0	0	6	4	0	0	2	2	2	6	3	2	0	5	0	0	2	0	4	2	0	0	3	0	2	4	2	0	0	0	0	0	2	2	0	3	0	6	0	0	0	2	2	0	2	0	0	0	0	0	2	0	0	6	0	2	0	0	6	6	3	4	0	2	3	2	1	2	2	2	5	0	2	0	6	0	2	3	2	6	10	2	0	0	0	2	0	2	0	6	8	5	0	2	0	0	2	0	2	0	2	6	0	2	4	2	4	0	0	2	0	2	0	6	2	3	0	2	2	2	6	2	5	0	0	2	0	1	0	8	0	2	0	0	2	6	0	0	0	0	4	0	6	4	2	0	3	0	0	0	2	0	2	2	0	0	2	0	0	0	6	0	0	0	0	4	0	4	3	6	0	0	2	6	0	0	2	0	4	2	0	0	2	0	5	0	4	4	4	2	0	0	0	0	0	0	0	0	2	4	2	2	2	0	6	2	2	2	0	3	4	2	0	2	2	0	5	0	2	4	2	2	5	2	2	0	8	2	0	0	2	0	3	0	2	4	0	2	5	0	0	6	0	0	0	2	0	0	0	3	0	0	2	0	2	2	0	2	0	6	0	7	2	0	0	0	0	3	0	4	6	2	5	0	8	6	2	0	2	0	2	3	6	2	0	3	6	4	4	0	7	0	0	6	0	4	0	0	0	2	2	2	0	0	6	0	5	2	2	0	0	0	0	0	4	2	2	4	4	0	0	5	0	8	0	0	0	0	0	2	2	6	0	6	5	0	2	0	0	0	0	0	0	0	0	2	2	4	0	0	2	3	0	0	0	0	0	2	4	5	0	2	0	0	0	0	4	2	0	0	0	2	0	2	2	0	4	0	0	4	2	2	6	2	0	5	0	5	0	2	0	4	6	3	0	0	0	0	2	0	4	5	4	0	0	6	3	3	6	0	0	0	0	2	2	6	5	0	4	4	2	4	0	1	0	0	5	0	3	6	0	0	4	5	2	6	6	2	2	5	0	2	0	0	0	0	4	4	4	0	2	5	2	0	0	8	6	3	6	2	2	2	3	4	4	6	2	2	2	2	2	2	4	0	2	2	2	2	0	0	4	0	2	4	2	5	2	2	4	0	2	2	0	0	3	6	2	3	3	2	2	2	0	0	5	0	0	2	0	2	0	2	0	2	0	2	0	6	0	2	0	6	0	0	0	0	0	2	0	0	3	0	2	0	0	0	0	0	4	4	2	0	2	4	2	0	6	5	0	2	4	0	0	0	2	0	2	0	0	0	2	0	0	0	0	0	4	2	2	2	3	2	0	2	0	2	0	0	0	0	0	0	0	0	6	2	0	2	2	2	0	0	0	5	0	0	4	2	2	0	2	0	6	0	0	0	2	5	10	0	0	0	4	0	3	3	4	0	2	5	0	6	0	0	0	0	1	2	3	0	5	0	5	0	0	2	0	2	0	2	0	2	0	0	6	0	5	2	0	4	6	5	5	2	6	0	0	2	5	5	0	0	6	4	0	0	2	3	6	0	5	6	5	4	4	4	0	2	2	0	3	0	0	0	4	0	4	0	2	3	4	6	4	2	2	0	2	0	2	2	6	2	0	2	2	0	0	0	5	0	3	0	4	2	0	2	2	2	2	2	4	4	5	2	0	3	0	0	2	2	2	5	0	2	4	0	0	4	3	2	2	2	0	4	2	0	5	0	2	0	0	0	2	6	7	4	2	2	2	2	2	0	6	6	0	3	3	0	2	0	5	0	0	2	2	5	6	0	2	2	0	4	0	2	5	0	2	0	2	0	2	2	2	0	3	0	6	8	0	0	0	2	2	0	8	0	0	0	4	0	2	2	0	2	0	0	2	0	5	2	0	6	4	4	0	2	2	2	6	1	4	0	4	3	0	0	0	4	4	0	5	2	2	2	4	2	0	0	2	8	4	4	5	2	2	2	3	2	6	2	2	0	0	5	0	5	0	4	2	0	0	0	0	0	0	2	3	3	0	2	3	2	2	0	4	0	2	0	2	0	5	8	2	0	0	0	0	0	0	3	0	2	2	5	2	0	0	6	2	4	0	3	0	0	0	5	0	0	0	2	0	0	2	0	4	2	4	3	0	3	2	0	2	0	0	2	3	0	6	4	4	2	2	2	2	0	2	0	4	0	0	6	2	0	2	0	0	6	6	3	6	0	6	0	0	5	0	0	0	4	2	0	2	2	4	2	2	5	0	5	2	0	0	4	2
2023.68150462089	5	5	5	0	2	0	3	4	5	3	5	2	2	2	2	0	0	6	4	0	0	2	2	0	6	0	2	0	5	0	0	2	0	4	2	0	3	3	0	2	3	4	2	0	0	2	0	2	4	0	0	0	6	0	0	0	2	2	0	0	0	0	0	0	0	2	0	0	3	0	2	0	0	6	6	3	4	0	2	5	2	1	2	2	2	5	2	2	0	4	0	2	3	2	6	9	2	0	0	0	2	0	2	2	4	8	5	3	2	0	0	2	4	2	2	2	6	0	2	6	2	4	0	0	2	0	2	0	8	2	3	2	0	2	2	6	2	5	0	2	2	0	3	0	5	0	2	0	0	2	6	0	0	0	0	4	0	6	6	2	0	3	0	3	0	2	0	2	2	3	0	2	0	2	3	5	2	0	2	0	4	3	4	3	6	0	4	4	8	0	0	2	0	4	3	0	0	2	0	5	2	4	6	4	2	3	0	0	0	0	2	0	0	2	6	2	0	2	0	6	2	2	2	2	3	4	0	0	2	2	0	5	0	2	4	2	3	5	0	2	0	8	2	0	4	2	0	3	0	2	6	0	2	5	0	0	6	2	2	0	2	3	0	0	3	2	0	2	0	2	2	0	3	2	6	0	7	2	0	0	0	2	3	0	6	6	2	5	0	6	6	2	0	2	0	2	3	6	2	0	3	6	6	4	2	7	0	2	6	0	4	2	0	0	2	4	2	0	0	6	0	5	2	2	0	0	0	0	0	6	2	2	3	4	0	0	5	0	5	0	0	0	0	0	3	2	3	0	5	5	2	2	0	0	0	0	0	2	0	0	2	6	6	0	2	2	3	0	0	4	0	0	6	4	3	0	2	0	0	0	2	6	2	3	0	0	4	0	2	2	0	5	0	0	6	2	0	6	2	0	5	2	5	4	2	2	4	6	5	0	0	0	0	4	0	6	3	4	3	3	6	3	5	6	0	0	2	0	4	2	6	5	0	3	4	4	6	0	1	0	0	5	0	5	6	0	0	4	5	4	6	6	2	2	5	0	2	3	0	0	0	4	6	6	0	2	5	2	2	0	8	5	3	8	2	2	2	7	6	4	6	4	2	2	2	2	2	4	0	2	2	2	2	2	2	4	3	2	4	4	5	2	2	4	0	2	2	0	0	3	6	2	3	3	0	2	2	2	0	5	2	2	2	0	2	0	2	0	2	0	2	2	6	0	2	0	3	0	0	0	0	0	2	0	0	3	3	2	0	3	0	0	0	4	4	6	4	2	4	2	0	6	5	2	2	6	0	0	0	2	0	2	0	0	0	2	0	0	0	0	0	4	2	2	0	3	2	0	2	0	2	0	0	0	0	0	3	0	0	6	2	0	2	2	2	2	3	0	5	0	2	6	0	2	0	2	0	6	0	2	0	2	5	10	0	0	0	4	0	5	3	5	0	2	3	2	7	0	0	0	0	1	2	3	3	3	0	5	0	0	2	0	2	0	2	0	2	0	0	6	2	3	2	0	4	6	5	5	2	6	0	0	2	5	5	3	0	8	6	0	0	2	4	6	0	5	6	5	6	4	4	0	3	2	0	5	0	0	2	6	2	6	2	4	3	6	6	4	2	2	0	2	0	0	0	5	2	0	2	2	0	0	0	5	0	3	0	4	4	2	2	2	2	0	2	3	6	5	2	0	3	0	3	2	2	2	5	0	2	4	0	3	4	3	2	2	2	0	4	2	0	5	0	2	0	0	0	0	5	7	4	2	2	2	2	2	2	6	6	0	3	5	0	6	0	3	0	0	0	2	5	5	0	2	2	0	6	2	2	5	0	2	0	2	0	2	2	2	0	5	0	6	6	2	2	0	2	2	0	6	4	0	0	4	4	2	2	0	2	0	0	4	0	5	2	2	5	6	4	0	6	2	2	6	3	4	0	4	3	0	0	0	4	4	0	3	2	4	2	4	2	0	0	4	8	4	4	5	2	2	2	3	2	6	2	2	0	2	3	3	5	0	4	2	0	2	0	2	3	0	2	3	5	0	2	5	2	4	0	6	0	2	0	2	0	5	8	2	0	0	0	0	0	0	5	0	2	4	5	2	0	0	6	4	4	0	3	0	0	2	5	0	0	0	4	4	0	2	0	4	0	4	3	0	5	2	0	2	2	0	2	0	0	6	6	4	2	2	2	2	3	4	0	4	0	0	6	4	0	2	0	0	6	6	3	6	2	6	0	0	5	0	0	0	4	0	0	4	4	4	4	2	5	0	5	0	0	0	4	2
2023.68607183497	5	5	5	0	2	0	5	4	6	3	5	2	2	2	2	0	0	6	4	0	0	4	2	0	8	0	2	0	5	2	0	2	0	4	2	0	3	3	0	4	5	4	2	0	0	2	0	2	4	0	0	0	6	0	0	0	2	2	0	0	4	0	0	0	0	4	0	0	5	0	2	0	0	6	6	3	4	0	2	5	2	1	2	2	2	3	6	2	0	4	0	2	5	4	6	9	2	0	0	0	2	0	2	2	4	5	5	3	4	2	0	2	6	2	2	2	8	0	2	6	2	3	0	0	2	0	2	0	8	2	3	2	3	2	2	6	2	5	0	2	4	3	3	0	5	0	2	0	0	2	6	2	3	2	0	4	0	6	7	2	0	3	0	3	0	2	0	2	4	3	0	2	0	2	3	5	4	0	2	0	4	3	3	3	6	0	6	4	8	0	0	2	2	4	3	0	3	2	0	5	2	4	6	3	4	5	0	5	0	0	4	0	0	2	6	2	0	2	0	6	2	2	2	2	3	4	0	2	2	2	2	5	0	2	4	0	3	5	3	4	0	10	2	0	6	2	0	3	0	2	6	0	4	5	0	0	6	4	2	2	4	3	0	3	3	4	0	2	0	2	2	0	3	2	6	0	7	2	0	0	0	2	3	0	5	7	2	5	0	8	6	0	0	4	0	2	3	6	2	0	3	6	6	3	2	7	0	2	6	2	3	2	0	0	0	6	2	0	0	6	0	5	2	2	0	0	0	0	0	5	2	2	3	4	0	0	5	0	5	0	0	0	0	0	3	2	5	0	5	6	2	0	0	0	0	0	0	2	0	0	2	6	6	0	2	2	3	0	0	6	3	0	6	4	3	0	2	0	0	0	4	6	2	5	0	0	6	0	2	2	0	3	0	0	6	2	3	6	4	2	5	2	9	4	2	2	2	6	5	0	0	3	3	4	0	6	3	6	3	3	6	3	3	6	3	0	2	0	4	0	10	3	0	0	3	6	6	0	1	0	0	5	0	5	6	0	0	6	5	6	6	8	4	2	5	0	2	3	0	0	0	4	6	6	0	5	5	2	2	0	5	5	3	8	2	4	2	7	5	4	6	4	2	2	2	2	2	4	0	2	2	2	2	2	2	3	3	2	3	4	5	2	2	3	0	2	2	3	0	3	6	2	3	3	0	2	4	2	0	5	2	4	2	0	4	0	2	0	2	0	2	2	6	0	2	0	0	0	0	0	0	0	2	0	0	3	5	3	0	3	0	0	0	6	4	8	6	2	4	2	0	6	5	2	2	6	3	0	0	2	0	2	0	0	0	4	0	0	0	2	0	4	2	2	3	3	2	3	2	0	2	0	0	0	3	0	3	2	0	6	2	0	2	2	2	2	3	0	6	2	2	6	0	2	0	2	2	6	0	4	0	2	5	10	0	0	0	4	0	5	3	3	0	2	3	2	9	0	0	0	0	1	2	6	3	5	0	5	0	0	2	0	2	0	2	0	2	0	0	6	2	3	2	0	4	6	5	5	2	10	0	0	2	5	5	5	0	8	6	0	0	2	4	6	0	5	8	5	6	4	3	0	3	2	0	5	0	0	2	6	2	6	4	4	3	6	6	4	2	2	2	0	0	0	0	5	2	0	6	2	0	0	0	5	0	3	0	4	4	2	2	2	2	0	0	5	6	5	2	0	3	0	5	2	0	2	5	0	2	4	0	7	3	5	2	4	2	0	6	2	0	5	3	2	0	0	0	0	5	7	4	2	2	2	2	2	4	6	6	0	5	5	0	6	0	3	0	0	0	2	5	5	0	4	2	0	6	2	2	5	0	2	0	2	0	4	2	4	0	5	2	8	8	2	2	0	2	2	0	8	4	0	0	4	6	5	2	0	2	0	0	4	0	5	2	2	5	6	6	0	6	2	4	8	3	6	0	3	3	0	0	0	4	4	0	3	2	4	2	4	2	0	0	6	8	3	6	5	0	2	2	5	2	8	2	2	0	2	3	3	5	0	4	3	0	2	0	2	5	0	2	5	5	0	2	5	2	4	0	6	0	2	0	0	0	3	8	2	3	0	0	0	0	0	3	0	4	4	5	2	0	0	6	4	6	0	3	0	0	2	5	0	0	0	4	6	2	2	0	6	0	4	3	0	5	2	2	2	2	0	2	0	2	6	6	4	4	2	2	2	3	4	0	6	0	0	6	4	0	2	0	0	6	6	3	6	2	6	0	0	5	2	0	0	4	0	0	4	6	4	6	2	5	0	5	0	0	0	4	2
2023.69063904905	5	5	5	0	2	0	5	4	3	3	3	2	2	2	0	0	0	6	4	0	0	6	2	0	8	0	2	0	5	2	0	2	3	4	2	0	3	3	3	4	5	4	2	2	0	2	0	2	4	0	0	0	6	2	0	0	2	2	2	0	4	0	0	0	0	4	0	0	5	0	4	0	0	6	6	3	6	0	2	5	2	1	2	2	2	3	6	0	0	4	0	0	5	6	6	9	2	0	2	0	2	2	2	2	4	5	5	5	6	2	0	4	6	4	2	2	10	2	2	5	0	5	0	0	0	0	2	0	8	2	3	2	3	2	2	8	2	5	0	2	4	3	3	0	5	0	2	2	0	4	6	2	3	2	0	4	0	5	7	2	0	5	0	3	0	2	0	4	6	3	3	2	0	2	3	7	4	0	2	0	4	3	3	3	5	0	6	3	8	0	0	2	2	6	3	3	3	2	2	5	2	4	6	3	6	5	0	5	0	0	4	0	3	2	6	2	0	0	0	3	2	2	2	2	5	3	0	6	2	2	2	5	0	2	4	0	3	5	3	4	0	12	2	0	6	2	0	3	0	2	6	0	4	3	0	0	6	4	4	2	6	3	0	3	5	4	0	2	0	2	2	0	3	2	8	0	7	2	0	0	0	2	3	0	5	7	2	5	2	8	6	0	0	6	0	2	5	6	2	0	5	6	6	3	2	9	0	2	6	2	5	2	0	0	0	6	2	0	3	6	0	5	2	2	3	0	0	0	0	5	0	2	5	3	0	2	5	0	5	0	0	0	0	0	3	0	5	0	5	8	2	0	0	0	3	0	4	2	0	0	2	6	6	0	2	3	5	0	0	6	3	2	6	3	8	3	2	5	0	0	4	6	2	5	0	0	6	0	2	0	0	3	0	0	6	2	3	6	4	2	5	2	9	4	2	2	2	8	5	1	0	3	3	4	2	6	3	6	3	3	6	3	3	6	3	0	2	0	4	0	10	3	0	0	4	6	6	0	1	2	0	5	0	3	5	0	0	6	5	6	6	9	4	6	5	0	2	3	0	0	0	6	6	8	0	5	5	2	2	0	5	5	3	8	2	6	2	9	5	6	8	4	4	2	0	2	2	4	2	2	2	0	2	2	2	4	3	4	3	4	5	2	2	4	0	2	2	3	2	3	6	2	3	5	0	2	4	2	0	5	2	4	2	0	4	0	2	3	2	0	2	2	5	0	2	0	0	0	2	2	0	0	4	0	2	3	5	3	0	5	0	0	0	6	4	10	6	0	4	2	0	6	5	2	2	8	3	0	0	2	0	2	0	2	0	4	0	0	0	2	2	4	2	2	5	3	3	3	2	0	2	0	0	0	3	0	3	2	0	6	2	2	0	2	4	2	3	0	8	2	2	6	0	2	0	2	6	7	0	4	2	4	3	10	0	0	0	4	0	5	3	3	0	0	3	2	9	0	0	0	0	1	2	8	5	5	3	5	0	0	2	3	2	0	2	0	2	0	0	7	2	6	2	2	4	6	5	5	2	10	0	3	4	3	5	5	0	8	6	0	0	2	4	6	0	5	8	5	6	4	3	0	3	2	0	5	0	0	2	6	2	6	4	4	3	6	6	4	2	2	2	5	0	5	3	5	2	0	6	2	0	0	0	5	0	3	3	4	5	2	2	2	2	0	0	5	6	5	2	0	3	0	6	3	0	2	5	0	2	4	2	7	5	5	0	6	2	0	6	0	3	5	3	2	0	0	0	0	5	9	5	2	2	2	2	2	4	6	6	3	5	5	0	6	0	8	0	0	0	0	3	5	0	4	2	0	6	2	2	5	0	0	0	2	0	4	2	4	0	5	2	10	8	2	2	0	2	2	2	8	4	0	2	4	6	5	2	0	2	2	0	4	0	5	2	2	7	5	6	0	6	2	6	10	3	6	2	3	5	0	0	0	6	4	0	3	2	4	2	3	2	0	0	6	6	0	6	5	0	4	2	5	2	8	0	2	0	2	3	3	5	2	4	3	0	2	0	2	5	0	2	5	3	0	2	5	2	4	4	6	0	2	2	0	0	3	6	2	3	0	0	0	0	0	3	2	4	4	5	4	0	2	6	4	6	0	3	0	0	2	5	5	2	0	6	6	2	2	0	6	0	6	5	0	5	4	2	2	2	2	2	0	2	5	6	6	4	2	2	0	3	3	0	6	0	0	0	4	0	2	0	0	5	6	3	8	2	6	0	0	5	2	0	0	6	0	0	4	8	4	6	2	5	0	6	0	0	0	4	0
2023.69520626312	3	5	6	0	2	0	9	4	3	5	3	2	2	2	3	0	2	6	4	0	0	6	2	3	11	0	2	2	3	2	0	2	5	5	2	0	3	5	5	4	5	4	2	2	0	4	0	2	8	2	0	0	6	2	2	2	2	2	2	0	4	0	0	0	0	4	0	0	5	0	6	0	0	7	5	8	8	0	2	5	2	1	2	0	2	3	8	3	0	6	0	3	5	6	6	7	2	2	2	0	2	2	2	2	6	8	3	5	6	2	2	6	6	6	2	2	8	2	2	5	3	5	0	0	0	0	4	0	8	2	3	4	3	2	2	7	2	9	0	2	6	3	3	2	3	0	2	2	0	3	6	2	3	2	0	4	2	5	7	2	0	3	0	5	0	2	3	6	5	3	3	2	0	4	3	9	6	0	2	2	3	3	3	3	5	0	6	3	10	0	3	0	2	6	3	3	5	2	2	5	2	6	6	5	5	5	3	5	2	0	4	0	5	2	6	2	0	3	0	3	4	2	2	4	5	7	0	6	2	2	2	5	0	2	3	0	3	5	3	4	0	18	0	3	6	2	0	5	0	2	6	0	4	3	0	0	5	4	4	2	6	3	0	5	5	6	0	4	0	2	4	0	3	2	7	2	7	2	0	2	0	4	3	0	5	7	2	5	2	8	6	0	2	6	0	5	3	6	4	0	3	6	7	0	2	11	0	4	5	2	5	2	2	0	0	6	2	2	3	6	0	5	2	2	5	0	0	2	0	5	0	2	5	7	0	2	5	0	3	2	2	2	0	0	3	0	5	0	7	9	2	3	0	3	3	0	4	6	2	0	2	6	6	0	2	5	5	4	2	6	3	2	6	3	8	3	2	5	0	0	4	6	0	5	0	0	6	0	2	0	0	3	3	0	8	3	3	6	6	2	5	2	9	4	2	6	2	7	5	1	0	5	3	4	2	6	3	6	5	3	6	3	7	6	3	0	2	0	6	0	12	3	0	3	4	6	6	0	1	2	0	3	0	3	5	0	0	6	5	6	3	9	4	5	5	0	0	3	0	2	0	6	6	8	0	5	5	2	2	0	8	5	3	8	2	6	4	9	5	6	10	4	4	2	0	2	2	4	2	2	2	0	2	2	4	4	5	4	5	8	3	4	2	4	0	4	2	3	2	8	5	2	3	5	3	6	4	2	3	5	2	6	0	0	6	0	2	5	2	0	2	2	5	0	2	0	3	5	4	2	0	0	4	2	4	3	6	3	5	5	0	2	0	6	5	12	6	0	3	2	0	6	7	2	2	8	3	0	0	2	0	2	3	2	0	4	0	0	0	2	2	4	4	2	5	3	3	5	2	0	0	0	0	2	3	5	3	2	0	6	2	2	0	2	4	2	5	0	9	2	6	6	0	4	0	2	6	7	0	4	2	4	3	10	0	2	0	4	0	5	3	3	0	0	3	2	11	0	0	0	0	1	2	8	5	5	3	5	2	0	0	3	6	0	0	0	2	0	0	7	2	6	4	4	6	6	5	5	2	12	2	5	6	8	5	5	2	8	6	0	2	2	6	5	0	5	11	7	6	4	0	5	3	4	0	5	2	0	2	6	2	6	4	4	3	6	6	4	2	4	6	5	0	5	5	5	2	0	6	2	0	0	0	9	0	3	5	4	5	4	0	2	2	0	0	5	6	5	2	2	3	3	6	3	0	2	5	0	2	5	2	7	5	5	0	6	3	0	6	5	3	5	5	2	0	0	0	0	5	11	5	2	2	2	0	4	4	6	6	5	9	5	0	6	0	8	0	0	0	0	3	5	0	4	4	0	6	2	2	5	0	3	0	2	0	6	3	7	0	5	2	8	8	2	2	2	2	4	2	8	4	0	2	4	6	5	2	0	2	2	0	4	0	3	0	2	9	5	6	3	8	2	6	8	3	6	2	0	3	2	0	0	8	3	0	5	2	6	4	3	2	0	0	6	3	0	6	7	0	4	0	5	2	11	3	0	0	2	3	3	3	2	5	3	0	2	0	2	6	0	2	5	3	2	2	5	2	6	4	6	0	2	2	0	0	3	3	4	3	0	0	0	0	2	7	2	6	4	5	6	0	2	5	4	5	0	3	0	0	2	5	5	2	0	6	6	2	2	0	6	0	6	5	0	5	6	2	4	4	2	2	0	2	3	6	6	4	0	6	0	3	3	0	6	0	0	0	6	0	2	3	0	5	5	3	10	4	7	0	0	5	2	0	0	6	0	0	8	8	4	6	4	5	0	8	0	0	0	4	0
2023.6997734772	3	5	6	0	3	2	9	4	3	5	3	2	4	0	3	0	2	6	4	0	0	6	2	5	13	0	2	2	3	2	3	2	5	5	2	0	3	5	7	4	5	3	2	2	0	4	0	2	8	2	0	3	3	2	2	4	0	3	2	3	4	0	0	0	0	6	0	0	5	3	6	0	0	7	6	8	11	0	2	5	2	5	2	0	2	3	8	3	0	6	3	3	5	6	5	7	2	2	2	0	6	2	6	4	6	8	3	5	6	6	2	6	6	6	6	2	6	2	6	3	5	5	0	0	0	2	5	0	8	2	3	4	3	2	2	10	6	9	2	2	8	5	3	2	3	0	4	2	2	3	6	4	5	2	0	4	2	5	9	0	0	3	0	5	0	2	3	6	5	3	5	2	0	4	5	8	6	0	2	2	3	3	3	3	5	0	6	3	10	0	5	0	2	5	5	3	5	2	2	7	2	6	5	5	5	5	3	7	2	0	4	0	5	4	8	4	0	3	0	5	4	0	0	4	5	7	0	6	0	4	4	3	0	2	3	0	3	5	3	4	0	18	0	5	6	2	0	5	0	0	5	0	3	6	0	0	6	4	4	4	6	5	0	5	5	6	3	6	0	2	4	0	3	2	10	2	8	2	0	2	0	4	3	0	5	10	2	5	2	8	5	0	4	6	2	5	3	6	6	0	3	5	7	0	2	13	3	4	7	2	5	2	2	3	0	6	0	4	3	6	0	5	4	4	5	0	2	2	0	5	3	0	5	7	0	4	3	0	3	2	2	2	0	2	5	0	5	0	7	9	2	3	0	3	3	0	6	6	2	0	2	6	8	2	2	5	5	4	2	6	3	2	5	3	7	5	2	6	2	0	4	5	3	5	0	2	6	0	6	0	0	3	5	5	8	2	3	6	8	2	5	4	9	6	2	6	2	10	5	1	0	5	3	3	4	6	5	3	5	3	6	3	7	8	3	0	2	0	6	0	16	3	0	3	6	5	6	0	5	4	0	3	0	3	5	3	0	6	3	6	3	7	6	5	3	0	0	3	0	2	0	5	6	9	2	5	3	2	4	0	8	5	3	8	2	6	4	10	5	6	8	8	4	2	0	6	2	6	2	2	4	0	4	6	4	6	5	4	5	8	3	3	2	6	3	6	3	3	2	8	5	4	3	5	3	8	4	2	3	7	2	6	0	0	6	0	4	5	2	0	0	2	5	0	2	2	3	5	6	2	2	0	4	2	4	5	6	3	5	5	0	4	2	6	5	12	6	0	3	0	2	5	3	2	3	8	3	0	2	2	0	2	5	2	4	3	0	0	0	2	2	4	4	2	5	3	5	5	2	0	0	2	0	2	5	5	5	2	0	6	2	4	0	2	4	2	5	0	9	2	6	5	0	4	0	2	6	7	0	4	2	6	3	10	4	2	0	6	0	3	5	3	0	0	3	2	11	0	3	0	0	5	2	10	5	3	5	3	2	2	0	5	6	0	0	0	4	0	0	7	2	8	4	4	5	6	3	3	0	16	2	5	5	10	3	5	2	8	6	4	4	3	6	6	0	9	13	3	6	3	0	5	5	4	0	5	6	0	4	6	2	6	4	4	3	6	6	4	2	4	6	5	0	5	5	5	2	3	6	2	0	0	2	9	0	3	5	4	5	4	0	2	2	0	0	5	5	5	4	2	3	5	6	5	3	2	5	0	2	5	2	9	5	3	0	6	3	2	6	5	5	3	5	4	0	3	0	0	5	13	5	2	2	0	0	4	4	5	6	5	9	5	3	6	0	7	2	2	0	5	3	5	0	4	4	0	6	2	2	5	0	5	0	4	3	6	3	7	0	5	4	6	8	2	2	2	0	4	2	8	6	0	4	6	6	5	2	0	0	2	0	4	0	3	0	4	8	5	6	5	10	2	6	6	3	6	2	0	3	2	0	0	10	3	0	3	6	6	4	5	6	3	0	5	3	0	6	7	0	6	0	5	2	13	3	3	0	2	0	3	3	2	5	3	0	2	0	2	6	0	2	4	3	2	2	5	4	8	6	6	0	2	2	0	0	3	3	6	5	0	0	0	0	2	7	2	6	4	6	6	0	2	5	6	6	5	3	0	0	2	5	6	2	0	5	6	4	0	0	6	3	5	5	0	5	5	2	4	4	2	2	0	6	0	6	6	4	0	8	0	5	3	0	8	0	3	0	6	3	2	5	5	5	6	5	8	4	7	0	0	5	4	0	0	6	0	0	8	8	6	6	4	3	0	8	0	0	0	6	0
2023.70434069128	3	5	4	4	3	4	9	6	3	5	3	6	4	0	3	0	2	5	3	0	0	6	2	5	13	0	4	2	5	4	5	6	5	7	0	0	3	6	7	4	5	6	2	6	2	4	3	0	8	2	0	5	3	2	4	4	0	3	2	3	4	2	0	0	0	6	0	2	3	3	6	0	3	9	6	8	12	0	0	5	2	5	2	0	5	3	8	3	0	4	3	3	5	6	3	11	2	2	2	0	6	6	5	4	4	8	0	5	6	6	2	10	6	10	6	0	6	4	5	3	5	5	0	3	0	2	5	0	5	2	5	4	5	2	2	9	6	9	2	2	8	5	3	4	0	0	5	4	2	3	5	4	5	4	3	3	4	5	9	3	0	3	0	5	0	0	3	6	5	3	5	4	2	6	5	8	6	0	2	2	3	3	3	3	3	0	6	3	10	0	5	0	2	5	5	3	5	2	4	6	6	3	5	5	5	5	3	7	2	3	6	2	5	4	8	5	0	3	0	3	4	3	0	4	5	7	0	6	3	6	4	0	0	5	3	0	5	5	5	8	2	16	0	5	6	6	0	6	0	3	5	0	5	6	0	3	6	4	6	4	6	5	0	5	7	6	3	5	2	2	4	0	5	2	9	6	8	5	2	4	0	6	3	0	5	14	2	5	4	8	5	0	6	6	2	5	3	6	6	0	3	5	7	3	2	12	3	4	3	2	5	4	2	3	0	7	0	4	3	5	0	5	5	6	5	0	2	2	0	5	3	5	5	7	2	6	0	0	0	6	2	4	0	4	5	0	3	2	8	9	2	3	0	7	3	0	6	6	2	0	0	6	8	2	2	5	5	4	2	6	3	4	8	3	7	5	2	7	4	2	4	5	3	5	2	4	6	0	6	3	3	5	5	5	10	4	5	6	8	2	5	6	11	6	2	6	2	9	5	3	0	5	3	3	4	6	8	5	5	3	6	5	7	8	3	0	2	0	5	0	16	3	2	3	9	5	6	0	5	4	0	3	0	3	3	3	2	6	3	5	3	9	6	5	0	3	0	3	0	2	0	5	6	9	2	5	3	2	6	0	8	3	3	5	5	6	4	12	5	6	8	10	4	0	3	6	4	5	4	5	4	0	4	6	4	9	5	4	5	8	4	5	6	9	3	6	3	5	2	8	3	6	3	7	5	10	4	2	3	6	2	6	3	2	6	2	4	5	4	2	0	4	5	0	6	2	7	5	6	4	6	0	4	2	4	5	6	3	5	5	0	4	2	6	7	12	6	0	3	5	2	3	3	2	3	8	3	0	2	4	2	2	5	2	4	5	0	2	3	4	2	6	4	5	5	3	7	5	2	0	3	2	0	4	5	5	5	2	4	6	2	6	0	2	4	2	5	2	9	6	6	5	0	6	0	2	6	7	3	4	2	6	5	11	4	2	5	6	0	3	5	5	0	0	3	2	11	5	3	0	2	5	2	10	5	5	5	0	4	2	0	5	6	0	0	2	6	0	0	7	2	10	6	4	3	6	3	0	0	16	2	5	5	10	3	5	4	10	6	6	4	3	5	6	3	9	13	3	5	3	3	5	5	4	0	5	6	0	6	5	2	6	4	4	3	6	6	3	2	6	7	5	3	5	5	5	2	3	6	2	2	3	4	9	2	3	5	4	7	4	3	3	2	0	0	5	5	0	6	2	3	5	6	7	3	2	5	0	5	7	2	9	5	3	0	6	3	2	3	5	5	3	5	6	0	3	0	0	5	12	3	2	2	0	3	4	4	5	6	5	9	5	5	8	0	7	2	2	0	5	5	5	0	8	6	0	6	2	2	5	0	5	0	4	3	6	3	6	0	5	4	6	8	2	4	2	0	3	4	8	6	4	6	6	6	5	3	2	0	4	0	6	0	3	3	4	8	3	6	5	10	4	6	6	3	6	4	3	3	4	0	0	10	3	0	3	5	6	4	5	6	3	3	5	6	3	6	7	0	6	3	3	2	13	3	3	3	2	0	7	3	2	7	5	2	4	0	2	6	0	2	6	3	2	2	5	5	8	6	6	2	2	2	3	0	3	6	5	5	0	0	0	0	2	7	4	6	6	3	6	0	4	5	5	6	5	3	2	5	4	0	7	2	0	5	6	4	0	0	6	3	5	5	2	5	5	2	6	6	2	2	0	6	0	5	6	4	3	10	0	5	3	0	10	2	5	6	6	3	5	5	5	3	6	5	8	4	9	0	3	0	4	0	2	6	0	0	8	8	6	7	4	0	0	10	0	2	0	6	3
2023.70890790535	3	3	2	4	3	4	9	6	3	5	3	6	6	0	3	2	2	5	0	0	0	6	4	8	15	0	4	2	3	4	5	6	5	7	0	0	5	7	9	6	5	6	2	6	2	4	3	0	8	2	0	5	5	2	4	4	0	3	2	3	4	2	0	2	2	5	0	2	3	3	6	2	3	7	5	12	12	2	3	5	4	5	2	0	5	6	10	3	0	4	3	3	5	6	0	11	2	2	2	0	6	6	5	4	4	6	0	5	5	6	2	10	6	10	6	3	10	6	5	3	5	7	3	5	0	2	5	0	6	2	5	6	5	2	0	8	5	10	2	2	8	5	3	6	0	0	5	4	2	5	5	4	5	6	3	6	6	3	11	5	2	3	0	5	2	0	3	6	9	3	5	6	2	6	5	8	6	0	2	2	3	3	3	0	0	0	6	5	10	0	5	3	2	5	5	5	5	3	4	6	6	3	5	5	9	5	5	7	2	3	6	2	5	3	8	5	0	3	0	5	4	3	0	6	3	7	3	6	5	6	6	0	0	5	3	0	7	5	5	7	2	14	0	5	6	5	0	7	0	5	3	0	5	6	0	5	5	4	6	4	5	5	0	5	7	6	7	5	2	2	4	3	7	2	8	6	8	5	2	4	2	6	5	2	5	14	2	5	6	5	3	0	6	6	2	5	3	8	6	5	3	3	6	3	2	14	3	4	3	4	7	4	2	3	0	7	3	4	5	5	0	3	5	6	5	0	2	2	4	5	3	5	5	7	6	6	0	2	0	6	2	5	2	6	5	0	3	2	10	10	2	3	2	7	3	0	6	6	3	0	3	6	8	4	2	5	3	6	2	6	6	4	8	0	12	5	2	9	4	2	4	3	5	5	2	6	6	0	5	3	5	7	5	5	10	9	5	5	8	2	5	6	10	6	2	6	7	8	3	3	2	5	3	5	6	6	10	5	5	3	8	5	9	5	3	0	2	4	5	0	13	3	2	6	9	5	6	0	5	4	2	8	2	3	0	3	2	6	3	5	3	11	5	5	3	5	0	3	0	2	0	7	6	9	2	5	3	2	6	0	6	3	5	6	9	6	4	14	5	6	8	10	6	0	3	6	6	5	6	5	3	0	3	6	4	9	5	5	7	8	4	5	8	9	5	6	3	5	2	8	3	8	3	7	5	10	6	2	3	6	2	6	3	2	8	2	3	5	4	2	0	4	3	0	8	2	9	5	6	6	6	0	5	2	4	5	6	3	5	5	2	4	2	5	7	14	6	3	3	5	2	3	3	2	3	10	3	0	2	6	2	2	5	2	4	5	0	2	3	4	2	6	6	9	5	0	8	5	2	0	5	4	0	6	5	5	5	6	6	5	0	6	0	2	5	2	5	6	10	6	6	3	0	6	0	0	6	2	3	4	6	5	5	10	4	2	5	6	0	6	5	7	3	0	3	2	11	5	5	5	4	5	6	7	5	5	5	0	4	2	0	5	6	2	0	2	6	2	0	2	2	7	6	4	3	5	0	3	0	13	2	5	5	10	3	5	4	14	6	6	4	3	7	8	5	9	15	3	5	5	3	5	5	6	0	5	6	2	6	5	2	6	4	4	5	6	8	3	2	6	7	7	3	5	5	5	2	3	6	2	2	5	6	10	4	3	5	3	7	4	3	3	0	0	3	5	5	3	6	2	3	5	6	8	5	4	5	0	9	7	2	9	5	5	0	5	3	2	3	5	5	3	5	6	0	3	0	0	3	14	3	4	2	0	3	4	4	0	5	5	9	3	5	8	0	12	2	2	3	5	5	3	5	7	6	5	6	2	3	3	0	5	3	5	7	6	3	6	2	3	4	10	5	2	8	2	0	5	4	5	6	6	6	8	6	5	3	2	3	4	0	6	0	8	3	4	8	3	6	5	10	6	5	10	3	5	6	3	3	4	2	2	12	3	2	3	5	6	4	5	6	3	5	5	8	3	3	3	3	6	3	3	2	15	3	5	5	2	0	7	8	2	7	5	2	4	0	2	6	2	2	5	3	2	2	3	5	10	6	6	2	2	2	3	0	6	8	5	5	0	0	0	2	2	9	4	8	6	5	6	0	6	3	5	8	5	0	2	5	4	3	9	6	0	5	6	4	0	0	5	3	5	3	4	5	5	2	6	6	6	2	0	6	0	5	5	6	3	10	0	5	5	0	10	2	5	6	6	7	5	5	5	0	5	5	8	6	7	0	5	3	4	0	2	5	0	3	8	7	8	7	6	3	0	10	3	2	0	8	3
2023.71347511943	3	7	5	6	5	4	9	6	3	5	3	6	5	0	5	2	2	6	0	0	2	6	6	10	19	2	4	2	5	6	5	6	5	9	0	0	5	7	9	5	3	8	4	6	4	6	3	3	8	2	2	5	5	2	6	6	3	3	6	5	6	4	2	2	4	5	4	2	12	5	5	2	5	7	4	12	14	2	3	5	6	6	4	3	5	4	10	3	3	6	3	5	5	8	0	13	2	2	2	2	6	6	5	6	6	6	0	8	5	6	2	9	6	9	6	3	10	6	5	3	5	8	5	5	0	6	5	0	6	3	7	6	5	2	0	8	5	10	2	4	10	5	5	6	0	0	5	6	5	5	0	6	8	6	5	6	6	0	11	5	2	7	0	5	2	0	7	5	9	5	5	5	4	6	7	8	6	0	2	2	5	5	3	0	0	4	6	5	10	0	5	5	2	5	5	5	5	5	6	6	6	3	5	5	9	5	5	8	2	3	6	2	5	3	6	5	3	3	0	5	4	5	0	6	3	5	5	6	5	5	6	0	0	5	5	5	9	5	5	7	4	14	3	5	6	5	0	7	0	5	3	0	5	3	0	5	4	6	6	4	5	5	0	5	6	6	7	6	2	2	4	3	9	2	8	6	6	5	2	4	4	6	8	4	5	13	0	5	6	3	0	5	6	6	2	7	7	5	6	5	7	3	6	3	2	13	3	6	3	6	8	8	2	5	3	7	5	6	5	0	0	0	6	5	5	0	2	2	6	5	5	5	5	5	6	6	0	2	0	6	2	5	2	6	5	3	12	4	8	8	4	4	2	8	5	0	6	6	3	0	3	6	8	4	4	5	3	6	2	6	6	6	8	3	14	5	0	13	4	2	6	3	5	5	2	6	6	6	5	3	5	7	5	5	10	9	5	3	10	4	3	6	9	6	2	6	7	8	7	3	2	5	7	5	6	5	10	5	5	7	5	7	9	8	7	6	2	4	5	3	13	0	4	8	8	8	5	2	6	4	4	9	2	3	0	3	4	3	0	7	3	9	5	5	5	5	0	5	2	4	2	5	9	7	2	5	0	0	6	3	6	3	8	6	9	5	4	15	5	3	8	12	6	0	3	6	6	3	6	5	3	3	7	6	6	8	5	5	10	8	6	5	8	8	5	6	5	5	2	12	4	8	3	6	5	10	6	2	7	6	4	6	3	2	10	2	5	5	4	6	3	8	0	0	8	4	9	5	6	6	6	0	5	2	6	7	6	3	7	8	2	4	4	5	9	16	6	3	0	5	4	5	8	4	5	10	7	0	6	6	2	0	5	2	4	5	0	2	7	6	2	6	6	9	5	3	7	5	2	2	7	4	0	6	5	5	5	6	6	3	0	6	0	2	5	2	5	6	8	6	6	3	3	6	0	3	6	2	3	4	6	5	3	13	4	2	5	6	0	6	7	7	5	0	0	2	14	5	5	5	4	6	6	9	5	5	5	0	6	4	0	5	6	4	0	2	5	2	3	2	2	7	5	4	3	8	0	5	0	13	4	5	5	12	0	5	6	16	3	6	6	5	9	6	5	9	19	8	3	5	3	5	5	5	0	5	6	2	6	3	4	9	6	6	8	9	5	3	2	6	9	8	3	5	5	5	2	5	6	2	2	5	6	10	4	3	5	3	7	6	3	5	3	3	5	3	5	3	6	6	3	5	6	7	5	4	3	2	9	9	4	9	6	5	0	5	3	4	3	5	5	0	5	6	0	3	0	3	3	13	3	6	2	0	3	5	6	0	8	5	9	7	5	8	0	14	5	4	5	6	3	3	5	7	6	5	5	2	5	3	5	5	5	5	7	6	3	6	6	7	6	10	3	2	8	4	0	5	6	3	6	6	6	7	6	5	5	2	5	6	2	6	0	9	3	6	8	3	4	5	10	6	5	10	5	5	6	3	7	4	2	2	10	0	2	5	5	6	4	3	6	5	5	8	5	4	3	3	5	5	3	6	0	19	3	5	5	2	2	7	9	2	9	7	2	6	0	4	6	2	2	8	3	2	0	7	5	12	6	5	2	4	6	3	2	4	5	6	5	6	0	2	4	2	9	6	10	5	5	5	0	6	5	5	8	5	0	6	5	6	3	13	6	0	5	6	6	0	0	5	5	5	3	4	5	5	4	6	6	6	3	2	6	0	3	5	5	3	10	5	7	5	0	12	4	5	6	6	7	5	5	5	0	4	5	8	6	7	0	5	3	4	0	2	5	3	3	8	7	7	7	6	5	0	10	3	2	5	7	3
2023.71804233351	0	7	7	6	5	5	8	7	3	5	3	6	5	0	5	4	2	3	3	4	4	7	8	10	18	2	5	2	9	6	5	6	5	12	0	3	5	9	9	5	3	10	4	7	6	6	5	5	10	2	2	5	7	2	6	6	5	3	6	5	8	4	2	2	4	5	4	2	12	5	5	2	5	6	6	12	18	2	3	3	8	8	3	3	7	4	10	4	5	9	6	5	7	8	0	13	0	2	4	2	5	7	5	6	9	11	3	10	5	6	2	9	10	9	8	3	10	6	5	3	10	8	5	5	0	6	5	4	8	5	8	6	5	0	0	8	8	10	4	4	12	7	5	6	0	2	5	6	7	5	0	10	12	6	5	3	6	0	12	5	4	7	2	5	2	0	9	5	9	5	5	5	6	6	7	6	6	0	2	4	6	5	3	3	0	4	10	7	8	0	6	5	2	5	5	5	5	5	6	3	8	3	6	3	9	7	5	8	2	5	6	2	5	3	6	5	5	4	2	5	3	5	0	6	3	5	5	6	5	5	6	8	0	7	6	5	9	5	5	12	6	15	3	6	6	5	0	9	4	5	5	0	5	3	0	5	6	6	6	6	5	5	0	5	8	6	7	8	2	0	3	5	9	6	8	6	3	5	2	4	6	6	6	4	3	13	0	5	6	6	3	5	6	7	2	7	7	3	5	5	7	0	6	3	2	12	6	6	5	6	8	8	2	5	3	7	5	6	5	0	0	0	12	5	5	0	2	2	6	3	5	7	3	5	6	8	0	4	0	6	4	11	4	6	5	3	12	4	8	8	4	4	6	8	7	0	8	6	5	0	3	5	12	4	4	5	3	6	4	6	6	6	8	3	14	5	0	13	5	2	6	5	5	7	2	6	8	8	8	3	5	9	5	5	10	9	7	3	12	4	0	6	7	8	0	6	6	8	7	5	2	5	9	5	6	7	13	10	5	9	3	8	11	10	9	8	6	6	5	3	13	0	4	8	10	8	7	2	8	6	6	11	4	3	3	6	4	3	3	7	3	9	5	7	9	6	0	5	2	4	4	5	7	9	2	7	3	0	6	3	11	5	6	8	10	5	3	15	3	3	13	12	6	0	3	5	5	4	6	9	3	5	7	8	6	10	5	7	10	10	6	5	10	10	5	5	7	9	4	11	4	8	3	8	5	10	5	2	9	3	4	6	5	2	14	2	5	5	5	6	5	8	0	2	10	6	9	5	6	6	6	2	7	2	6	6	6	5	7	10	4	4	6	3	12	16	6	3	3	7	4	7	8	4	5	12	9	0	6	5	4	0	7	2	6	5	2	2	7	6	4	3	5	10	7	6	10	5	5	2	7	4	3	6	7	5	5	6	6	3	0	8	0	0	7	6	5	6	8	6	6	5	3	5	4	5	6	2	5	4	6	5	7	12	6	4	5	3	4	6	6	9	5	0	0	2	14	7	5	7	6	8	5	9	8	5	5	0	8	6	0	5	5	4	0	2	5	2	5	2	2	9	5	4	3	8	0	9	0	13	4	5	5	12	3	7	6	12	5	6	6	5	9	6	5	5	18	8	5	5	3	5	5	10	0	3	6	4	6	3	4	7	6	6	6	7	3	6	0	5	11	9	3	5	5	3	0	5	5	0	2	5	6	10	6	3	5	0	9	6	5	5	5	5	5	3	6	5	6	6	3	5	6	10	5	4	0	2	10	12	6	9	10	5	3	5	3	4	3	5	5	3	5	6	0	6	3	5	0	12	7	8	3	0	3	5	6	0	8	5	8	7	5	7	2	14	7	6	5	6	7	0	5	12	5	5	7	2	5	0	5	10	5	5	7	6	3	10	6	7	10	10	6	2	8	4	0	5	6	6	8	6	8	7	6	7	5	2	5	6	2	8	0	11	5	6	6	3	6	6	12	5	5	10	5	3	6	3	7	6	6	2	10	3	2	5	5	6	3	5	5	5	5	8	7	4	3	10	5	5	3	10	0	18	4	5	5	2	2	9	11	2	12	9	2	6	0	4	6	6	0	8	3	2	0	7	5	12	8	7	2	5	6	3	4	4	7	8	7	8	0	6	6	4	11	8	14	5	9	5	0	6	3	5	7	5	0	6	7	6	5	13	6	4	5	6	10	0	2	3	5	5	3	4	3	5	4	5	6	6	3	2	6	0	3	3	5	3	10	5	7	7	2	12	6	5	6	6	7	5	7	5	0	6	3	13	6	6	2	5	5	6	2	2	3	5	5	10	7	7	7	5	9	0	7	5	2	5	7	5
2023.72260954758	3	9	9	6	5	5	8	6	3	6	6	8	7	0	5	6	2	3	3	4	4	7	10	12	16	7	5	4	11	6	5	8	5	14	3	3	3	9	11	5	4	10	5	7	8	5	5	5	8	2	7	5	12	6	6	6	5	5	6	7	8	4	4	2	6	6	4	4	12	5	6	2	7	9	8	12	18	2	5	3	10	10	3	3	7	7	12	6	5	12	6	5	7	8	0	13	3	4	6	2	5	7	5	5	12	11	8	11	5	6	2	17	7	17	10	5	14	6	5	3	10	9	5	5	3	6	7	4	13	5	8	6	5	3	3	8	8	10	6	5	12	7	5	6	3	2	5	6	7	5	3	14	16	6	7	3	6	3	9	5	4	7	2	5	4	3	9	6	11	7	5	5	6	7	5	9	5	0	0	4	6	4	3	6	0	4	7	6	5	0	8	5	4	5	3	7	5	5	6	8	8	3	5	3	11	5	5	8	2	5	6	2	5	3	6	5	5	6	4	5	3	5	0	9	3	5	10	6	5	5	6	10	0	7	6	5	8	5	5	12	6	19	3	8	3	5	0	9	4	5	8	0	5	3	0	6	8	8	5	6	5	3	4	7	8	5	7	10	5	0	3	5	8	5	8	6	6	5	6	6	6	7	13	6	3	14	0	5	6	12	5	5	8	7	6	7	7	4	8	5	7	0	6	3	0	12	6	8	5	6	9	8	2	5	5	5	5	6	7	3	0	0	15	5	5	0	4	2	6	3	5	7	3	5	6	8	0	6	3	6	6	11	6	6	3	3	12	4	8	8	5	4	6	8	9	0	8	7	7	0	5	6	7	4	5	7	3	6	6	3	6	6	8	3	14	5	0	17	5	4	5	8	8	7	4	6	8	8	8	3	5	7	5	5	5	11	9	0	12	4	3	5	11	8	0	7	8	8	9	7	2	7	9	5	6	2	15	10	3	11	4	8	11	15	9	8	5	6	5	5	13	3	4	8	14	10	2	4	10	6	6	14	6	3	3	6	6	5	3	9	3	9	6	9	9	6	0	7	4	4	6	7	5	6	6	9	3	0	6	5	11	5	13	13	12	5	3	12	3	3	13	11	8	0	3	6	5	6	6	9	3	5	9	10	5	14	6	10	12	8	6	8	10	14	5	8	7	9	6	11	6	8	5	8	5	12	5	0	9	8	3	5	5	5	15	2	5	5	5	6	5	8	3	4	10	6	9	7	6	6	6	2	10	4	6	6	5	7	9	11	6	8	6	3	14	13	4	8	3	7	6	12	8	5	5	10	9	3	6	5	4	0	9	6	6	5	6	4	7	6	4	7	8	12	9	6	12	7	5	2	7	4	5	6	7	7	3	6	6	0	3	8	3	3	10	5	3	6	8	6	7	8	5	7	4	5	6	2	5	5	6	5	7	14	6	6	7	4	4	3	6	7	5	3	0	0	12	9	5	11	8	10	5	9	8	5	5	0	12	6	0	5	5	6	0	6	5	2	5	2	0	16	5	6	9	6	0	9	0	13	4	5	6	14	3	7	6	12	6	6	6	5	9	7	5	5	16	8	5	3	3	5	3	10	4	3	6	6	5	3	5	5	8	5	13	5	4	6	3	7	13	9	3	9	6	3	0	5	5	0	4	5	6	10	8	6	5	0	8	8	5	5	5	5	7	4	5	8	6	6	6	5	7	12	5	5	3	2	12	14	6	7	10	7	5	5	3	6	3	5	5	3	5	6	2	6	5	5	0	12	7	10	5	0	3	5	5	0	6	7	8	9	5	3	2	14	7	6	10	8	7	0	5	12	7	5	2	0	5	0	5	10	5	7	7	7	3	14	6	9	14	14	12	0	10	6	0	7	6	12	8	6	8	9	3	9	5	2	5	6	2	8	5	14	5	5	9	0	6	8	11	5	5	14	5	3	6	3	7	6	6	2	13	3	4	5	5	6	3	5	5	5	5	10	10	4	3	10	7	5	3	12	0	16	6	8	5	0	7	8	14	2	14	9	2	7	4	3	5	6	3	9	3	2	0	9	5	14	8	2	2	5	6	5	6	7	10	10	7	8	4	6	6	4	11	8	15	5	9	6	0	6	3	5	13	5	0	6	9	7	8	17	6	4	6	4	14	0	4	3	7	5	3	4	0	6	4	7	7	6	7	7	8	0	3	3	5	3	12	5	5	6	2	12	6	5	9	6	7	5	9	5	0	8	6	13	6	9	2	5	8	6	2	2	3	5	5	8	6	9	5	8	9	4	7	5	2	5	9	5
2023.72717676166	6	12	9	6	7	5	7	8	0	6	10	8	9	0	5	6	4	3	5	6	6	10	10	14	14	9	5	4	17	7	5	8	5	14	5	3	3	11	13	3	4	13	7	7	8	7	5	5	8	2	9	5	16	6	6	6	5	6	8	7	10	6	4	2	6	6	4	4	10	5	6	2	7	9	15	14	18	6	5	3	10	10	5	5	7	7	9	6	5	16	8	5	7	8	3	14	3	4	6	6	5	7	5	5	16	15	10	12	3	5	4	20	5	20	10	5	16	6	5	6	12	9	5	5	3	8	7	4	14	5	8	7	3	3	3	8	10	14	6	7	12	7	5	6	6	4	7	6	7	5	3	14	15	5	7	6	6	3	7	7	4	10	2	5	6	5	11	6	12	5	5	8	6	7	5	9	6	2	3	7	8	3	3	8	3	4	5	6	5	3	12	7	4	5	5	7	3	5	6	8	10	3	5	4	12	3	7	5	2	5	3	2	5	3	6	7	5	6	4	5	7	5	0	11	3	5	12	6	7	5	5	16	5	7	8	5	10	8	3	13	6	19	5	12	3	5	0	11	4	7	8	0	5	3	3	6	15	6	5	8	3	3	6	7	12	6	7	12	7	0	7	5	10	5	8	6	6	9	7	8	10	7	16	6	5	17	0	8	6	16	8	5	8	10	6	7	10	6	9	5	10	0	6	6	3	14	8	8	5	5	9	8	4	5	5	3	5	6	7	3	5	0	15	5	5	2	4	2	8	5	7	9	3	5	8	8	5	6	6	6	6	11	6	8	5	5	10	6	10	7	7	6	6	12	11	0	10	13	9	0	5	3	7	4	7	9	3	6	6	3	4	6	8	5	16	5	6	23	5	4	3	8	8	8	4	8	4	8	10	5	5	7	7	5	5	11	9	3	12	5	3	5	14	12	0	13	8	8	12	7	6	7	8	5	8	2	14	13	5	14	6	8	11	15	8	8	5	10	6	5	10	3	6	10	14	8	2	4	10	6	10	14	8	3	6	8	6	3	3	9	3	7	6	9	9	7	5	5	4	4	6	9	7	6	6	5	3	0	5	5	15	5	16	14	12	3	7	15	5	5	17	13	8	0	5	12	5	6	6	9	3	5	9	10	7	14	6	12	10	8	6	12	12	14	5	9	10	9	6	11	6	8	8	12	5	16	9	0	11	8	3	6	5	7	19	2	5	5	5	6	5	8	3	4	12	6	14	7	6	6	6	2	12	4	6	8	5	6	13	12	8	8	6	0	14	12	2	8	3	9	8	14	10	7	7	10	8	5	8	5	6	3	9	6	6	5	6	4	7	7	6	7	8	12	7	6	14	7	5	4	9	4	5	6	7	7	3	5	6	3	3	8	3	3	12	5	5	8	7	5	13	8	5	7	6	5	6	2	5	5	6	5	9	16	6	6	8	4	4	3	8	7	5	3	3	3	12	11	5	11	8	10	5	8	8	5	11	5	12	6	5	7	8	6	5	7	5	4	5	2	3	16	5	6	9	9	5	9	0	10	4	5	6	16	3	8	6	14	6	7	6	11	8	9	7	5	14	10	5	3	6	5	5	13	6	4	6	8	5	5	7	7	6	5	16	7	6	10	3	7	14	11	3	9	6	5	0	5	0	0	4	5	8	14	8	8	5	3	8	8	5	5	5	5	7	4	5	12	6	8	8	7	9	14	5	6	3	6	12	14	6	9	11	7	5	3	5	8	3	7	5	3	3	6	2	8	5	5	0	14	7	10	5	0	5	5	3	0	9	7	7	12	5	8	4	16	7	8	12	10	9	0	5	13	7	5	2	0	5	0	5	12	5	9	7	5	5	13	6	12	14	16	16	3	11	6	3	9	6	16	12	6	8	9	3	5	5	2	5	6	4	8	5	14	5	5	9	0	4	12	13	5	3	16	5	0	6	6	10	6	6	2	13	3	4	10	5	13	7	10	5	5	5	8	10	4	0	12	7	5	5	10	3	14	6	8	5	0	9	8	14	4	14	8	4	7	4	3	5	6	3	10	3	2	3	12	7	15	10	2	2	5	8	5	6	7	10	12	7	8	4	8	10	7	11	8	19	9	9	8	0	6	7	7	11	5	6	6	11	7	12	23	6	6	6	2	14	0	4	0	7	5	3	6	0	6	5	7	7	6	7	9	7	0	5	3	3	5	16	8	5	6	2	14	6	5	11	13	7	9	9	5	3	15	8	17	7	9	4	5	12	8	2	4	3	5	5	8	5	9	3	8	9	6	7	5	2	5	9	5
2023.73174397574	6	12	9	6	11	7	7	10	6	12	10	8	11	5	5	6	4	6	5	6	6	10	12	15	14	11	5	8	21	9	5	8	3	14	5	5	5	11	13	6	6	14	9	11	8	7	5	5	8	2	11	7	16	5	8	6	5	6	9	11	9	6	6	4	6	4	6	6	12	5	6	2	8	11	20	16	20	6	5	5	12	12	5	5	7	7	11	6	5	20	10	5	9	7	3	14	3	8	5	6	5	11	5	7	20	17	10	11	5	5	4	20	5	20	14	7	12	6	5	10	16	7	5	5	5	8	15	4	20	9	10	7	3	3	5	8	10	15	6	9	12	7	5	8	10	6	11	5	7	5	6	14	15	5	8	6	8	8	10	7	6	8	2	11	6	5	11	6	14	5	3	12	6	7	5	10	8	6	3	7	8	6	3	10	5	6	5	6	8	3	18	7	3	3	8	6	5	5	5	12	10	6	5	4	14	6	7	5	4	5	3	2	3	5	13	11	5	6	4	5	7	5	3	11	3	8	12	0	7	5	8	16	5	7	8	5	10	10	3	13	6	19	5	18	0	7	0	11	4	7	12	0	5	3	3	6	20	6	3	7	0	5	6	11	10	8	7	14	11	3	7	7	10	5	8	6	8	9	7	8	10	7	18	6	5	25	5	10	6	17	10	5	8	10	10	7	8	6	9	5	8	5	8	6	3	11	10	12	12	5	7	8	4	5	5	3	7	6	6	6	5	5	16	9	8	2	6	2	8	5	7	9	0	8	10	11	7	6	10	8	6	15	6	8	8	5	12	6	10	5	9	6	6	16	10	0	10	17	9	2	5	7	7	6	9	7	3	10	6	0	6	5	14	7	17	3	8	20	7	4	3	12	12	10	4	8	4	10	10	5	5	9	9	8	5	11	11	6	12	5	5	5	12	15	3	17	10	8	12	7	6	11	10	5	10	4	16	16	7	16	6	10	11	17	10	10	5	10	8	5	10	3	8	10	13	9	4	4	12	5	10	14	8	3	6	10	6	3	6	11	5	13	4	8	11	7	5	5	6	6	6	7	7	4	10	5	6	5	5	5	17	3	18	20	12	3	7	16	5	5	22	14	8	5	5	14	5	8	5	9	5	5	9	14	7	13	12	11	10	8	6	12	12	13	7	9	10	11	5	13	6	10	6	10	11	16	9	0	11	12	5	8	7	11	20	2	5	3	5	6	5	8	8	4	12	6	16	7	7	7	6	2	11	8	5	10	4	6	14	11	8	8	6	0	14	10	2	8	3	9	12	17	14	9	11	12	10	7	8	5	6	3	10	5	6	5	6	6	7	9	5	9	8	12	7	8	13	11	5	6	11	6	5	8	7	7	5	5	6	6	3	11	5	5	11	5	7	10	5	5	17	12	5	7	6	5	0	3	5	6	6	3	15	17	6	6	10	4	4	8	10	9	7	5	3	3	13	11	7	15	8	12	5	9	11	5	11	7	15	6	5	9	12	6	5	7	5	6	5	3	3	17	5	5	11	9	9	11	3	10	6	3	4	20	6	10	8	15	6	7	6	13	8	9	7	5	14	14	5	5	6	7	8	17	6	4	6	8	5	7	9	7	6	5	18	7	6	10	3	7	19	9	5	7	4	5	0	5	0	0	4	5	8	15	8	12	3	3	8	12	7	5	5	11	7	6	5	15	6	10	12	9	8	13	5	6	5	6	12	14	5	10	11	7	7	5	11	12	5	7	3	6	5	6	4	10	5	11	0	11	5	12	7	3	5	6	3	3	9	7	7	12	5	10	6	17	7	8	12	12	15	0	5	13	7	5	4	3	9	6	5	16	5	9	7	8	7	13	6	12	14	12	17	3	11	8	5	11	5	17	15	6	11	9	0	5	5	6	7	5	6	15	5	14	7	7	10	0	4	18	18	5	0	12	5	0	6	6	8	6	6	2	19	3	4	12	5	15	7	10	5	5	5	9	12	4	0	12	7	3	5	10	8	14	6	12	5	3	11	10	14	3	14	8	6	7	6	5	4	6	3	10	3	2	3	12	11	15	10	4	2	5	9	5	6	7	12	14	7	10	8	8	10	7	11	12	20	9	9	9	2	5	7	7	13	5	6	6	11	7	15	20	6	6	6	2	14	5	4	0	11	3	3	8	5	4	5	7	7	6	7	11	7	4	7	3	6	5	16	8	5	6	2	14	6	5	13	15	7	9	10	5	5	20	8	22	7	11	4	5	15	7	2	4	3	5	5	8	5	9	3	8	11	6	10	5	2	5	9	5
2023.73631118981	8	16	7	6	13	9	4	14	6	11	12	10	12	5	3	6	5	8	5	6	6	8	16	15	12	11	7	10	24	11	5	10	3	13	5	5	5	9	9	6	6	14	11	11	10	5	5	5	5	0	11	9	20	5	10	5	6	6	11	11	13	6	12	4	6	4	8	6	16	5	10	6	9	12	22	17	24	6	5	8	16	16	5	5	7	11	9	6	5	22	12	3	11	9	3	16	3	10	7	8	5	11	5	12	22	18	14	11	13	12	5	18	12	18	14	7	14	6	5	10	17	11	7	5	5	10	18	8	24	9	10	8	3	3	5	12	10	12	6	11	16	7	5	10	12	6	15	7	7	3	8	18	17	7	9	6	10	8	12	7	8	10	2	11	6	5	13	10	14	5	3	15	9	7	9	10	7	6	3	6	10	8	3	10	7	8	12	6	14	5	17	9	8	7	12	10	6	5	7	14	12	6	5	5	14	6	5	5	3	5	8	2	0	9	16	15	5	6	4	14	9	7	5	11	10	5	12	6	7	5	11	22	5	7	10	5	11	12	3	13	9	19	5	17	0	11	0	9	8	7	13	0	5	5	5	8	22	12	3	7	3	7	8	10	12	7	9	14	13	3	9	7	11	5	12	8	12	15	9	12	12	7	18	6	9	31	5	12	6	21	10	5	8	8	12	3	10	10	10	5	10	5	7	6	3	12	12	13	14	7	11	10	4	5	5	5	9	5	10	8	5	5	18	9	5	4	6	0	8	9	7	11	0	5	12	11	14	6	12	9	10	18	6	8	12	9	16	6	13	5	11	8	6	17	12	4	8	13	9	6	5	7	10	6	11	7	10	10	10	0	8	7	15	9	18	3	10	21	9	4	4	13	14	12	4	10	4	10	10	5	5	12	8	10	6	13	16	6	16	8	5	7	12	17	3	13	16	12	16	11	6	10	10	5	11	7	16	19	5	22	10	10	11	19	10	10	5	13	5	5	8	8	12	10	15	9	7	4	16	5	12	14	8	3	6	12	7	3	10	15	5	17	4	10	11	7	5	5	8	5	7	11	7	4	12	14	10	5	5	5	18	6	18	24	12	5	9	17	9	8	19	14	10	5	5	14	5	12	6	9	9	5	13	14	5	15	11	11	10	5	9	10	14	15	9	10	10	11	7	14	6	10	8	12	11	15	9	3	13	14	5	7	9	13	18	4	7	0	7	6	6	10	8	4	14	6	17	2	5	7	8	2	11	10	5	14	5	6	12	11	8	7	6	3	13	7	5	10	9	11	12	25	15	11	13	12	10	9	8	5	6	3	8	5	6	5	6	8	9	11	5	19	8	12	10	9	15	10	7	6	11	6	5	10	7	2	7	5	8	6	5	11	5	5	11	5	5	12	5	7	13	13	5	5	6	5	6	5	5	8	8	7	17	19	6	10	11	8	8	10	14	12	9	5	7	3	18	15	9	19	8	16	5	10	14	7	12	14	21	6	5	7	8	6	5	9	5	6	5	5	3	21	6	5	12	13	14	11	5	8	5	0	2	21	10	12	10	19	6	7	5	15	5	18	7	7	12	15	5	6	6	4	12	17	8	5	12	8	7	9	11	7	12	5	18	7	10	10	3	5	17	9	7	7	4	9	3	5	0	5	4	5	10	12	8	12	0	3	7	13	9	8	5	13	13	6	5	17	6	12	12	8	12	15	7	6	5	8	12	13	5	18	11	9	7	13	10	12	5	3	3	10	6	6	4	12	5	13	3	12	7	16	7	5	5	7	4	6	13	8	4	16	5	10	6	18	7	8	12	12	17	3	7	13	5	5	7	5	11	8	8	17	7	9	9	6	8	12	6	16	18	14	21	3	15	7	5	10	7	21	17	8	11	15	0	14	8	6	9	7	6	15	7	14	9	12	10	0	4	17	16	5	3	14	5	3	6	6	10	5	6	6	19	9	4	14	5	14	9	14	5	5	5	9	12	4	0	10	13	3	5	10	10	12	6	14	5	5	11	10	14	3	13	9	6	7	6	5	5	6	3	12	3	0	5	16	15	14	8	7	4	5	11	5	7	11	12	14	7	10	8	8	12	6	11	14	18	9	14	7	6	6	10	7	16	7	10	6	15	7	17	21	8	6	8	5	18	5	4	3	11	7	10	8	7	2	8	5	7	8	9	11	7	9	9	3	6	5	15	8	9	6	6	18	6	5	15	14	9	15	8	7	7	22	12	19	8	12	6	5	17	7	2	8	3	5	6	5	8	15	5	8	11	8	14	9	2	8	15	7
2023.74087840389	8	18	9	8	14	9	11	16	8	14	16	14	14	7	3	8	5	10	5	7	6	8	18	16	14	14	7	10	27	11	9	14	3	13	7	5	8	11	10	6	8	14	13	11	10	5	7	5	8	5	14	9	20	7	11	10	8	9	11	11	15	6	14	6	6	5	8	6	19	9	12	7	11	20	23	19	21	6	9	10	18	14	5	9	9	11	9	5	5	23	15	3	14	10	3	20	5	10	7	10	0	11	5	10	23	20	18	13	15	10	5	20	14	20	12	9	14	6	5	12	17	15	9	5	5	10	18	10	24	13	10	13	8	5	5	13	7	14	7	13	18	8	5	16	16	6	18	9	9	5	8	18	17	7	11	6	16	12	13	12	8	14	2	13	9	7	17	12	16	9	0	17	11	5	11	10	7	6	5	6	12	10	8	10	11	8	14	8	13	13	15	9	8	7	14	12	6	6	7	13	20	6	8	7	16	8	6	4	5	7	14	2	0	14	18	18	9	5	10	18	12	9	5	12	12	5	19	6	12	5	12	26	7	9	12	5	11	12	8	16	11	26	9	15	3	11	0	11	10	12	15	0	5	6	13	10	23	16	3	8	3	10	8	14	16	7	10	13	15	3	12	9	11	5	13	8	15	15	11	12	12	5	24	6	11	32	7	12	6	25	18	5	8	8	14	6	14	17	7	7	14	5	11	8	3	13	15	15	12	7	15	16	5	3	8	8	9	10	12	8	7	5	21	7	5	4	8	5	8	11	5	13	7	5	14	11	16	8	16	17	18	20	8	7	14	9	19	6	13	6	13	7	6	21	12	6	8	15	13	6	9	7	12	5	13	10	12	12	18	3	12	7	17	13	18	0	12	20	9	6	4	15	16	14	6	10	8	11	7	7	5	18	6	11	12	15	18	12	18	8	10	8	12	14	3	15	18	13	18	13	6	14	14	5	12	9	13	22	10	22	17	10	15	20	14	11	5	13	10	8	15	12	15	8	13	11	9	4	14	3	12	14	8	14	8	15	9	3	12	17	5	21	5	12	15	9	5	9	8	5	9	13	10	6	14	16	12	7	3	5	20	9	24	24	12	7	12	20	11	8	19	9	10	5	7	14	5	13	11	11	14	7	12	12	5	13	14	18	10	8	9	10	14	13	7	7	12	15	7	16	10	13	10	16	13	14	9	5	17	13	8	7	11	15	19	4	6	0	7	6	8	16	12	10	14	7	19	5	8	7	7	2	18	10	6	16	7	8	14	13	8	8	7	5	13	6	7	10	9	13	12	27	17	13	14	14	14	10	8	5	6	3	7	7	3	5	6	8	9	11	5	22	8	12	18	9	14	14	11	8	16	5	5	16	8	5	10	7	10	12	5	11	5	7	18	5	10	14	6	11	15	15	7	8	7	7	6	7	7	12	8	7	19	21	3	18	11	10	10	10	16	18	9	5	14	5	18	17	7	23	10	14	5	12	14	9	15	16	21	7	5	5	8	6	5	11	5	6	5	7	3	19	10	3	12	15	14	15	5	15	5	0	2	16	12	14	11	23	6	6	10	15	7	19	9	7	14	17	5	12	8	8	14	21	8	10	10	8	8	18	13	10	16	7	24	10	17	14	5	8	19	13	8	12	4	13	3	9	3	5	6	7	10	14	10	12	0	5	7	15	11	8	8	13	13	8	8	21	7	12	12	6	14	14	12	8	10	10	12	13	5	16	13	9	11	15	10	12	7	5	0	12	6	7	6	15	5	13	3	13	7	18	9	5	5	9	4	8	15	10	11	18	9	10	6	18	9	8	19	11	19	3	11	16	8	7	9	5	13	10	10	17	9	10	10	9	10	12	6	18	18	14	25	3	15	11	8	16	7	25	14	10	11	17	3	16	8	6	9	13	8	19	11	14	11	10	10	3	7	15	21	5	3	14	5	5	6	8	14	5	6	7	20	9	4	16	5	14	12	14	0	3	5	11	14	6	0	12	13	0	5	12	12	14	5	16	7	5	17	14	14	5	13	9	11	9	6	8	7	6	5	16	14	5	6	18	18	13	8	9	4	9	11	7	9	11	14	13	8	11	8	8	12	6	15	16	19	11	17	11	6	11	12	14	17	5	12	6	17	9	21	20	8	7	14	7	18	7	10	5	11	7	12	8	11	2	8	8	5	8	9	14	7	13	18	6	6	5	14	10	11	8	6	17	8	9	15	14	10	15	7	5	11	23	12	19	13	20	6	5	21	8	2	8	6	9	6	8	10	17	8	8	15	8	20	9	2	10	17	7
2023.74544561797	10	18	11	12	16	11	17	15	13	14	21	11	17	11	5	10	5	10	5	9	6	10	20	18	14	14	7	10	26	13	7	11	9	11	10	7	10	15	13	11	8	13	13	9	14	8	8	7	12	5	14	13	18	9	15	8	16	13	11	10	16	8	14	6	7	7	8	8	21	9	14	9	12	19	25	19	21	6	16	17	20	16	9	9	10	13	16	5	6	26	18	5	16	14	10	20	5	10	11	12	0	9	8	14	26	20	23	15	17	12	5	22	18	22	15	13	18	9	8	12	17	15	11	3	7	10	18	10	30	13	7	15	12	5	10	13	12	18	9	13	20	8	7	20	17	11	18	9	13	5	10	19	19	5	12	8	20	12	15	10	8	16	2	15	11	10	19	14	17	11	3	18	12	8	15	12	15	6	5	10	17	12	10	16	16	8	18	8	13	16	19	10	8	12	15	21	10	6	7	19	16	10	12	7	17	14	11	8	5	8	14	4	5	16	18	18	13	5	10	19	14	10	5	12	12	10	24	8	10	8	16	32	7	10	17	9	9	16	12	24	12	31	9	19	10	8	5	15	10	10	19	5	7	9	16	10	25	21	0	12	7	14	8	20	16	15	10	15	19	7	14	12	9	5	13	5	17	12	11	10	16	8	32	7	13	28	9	16	9	28	22	9	5	10	14	8	16	21	13	13	16	9	14	6	5	19	18	19	14	9	15	16	5	3	8	10	13	8	21	10	7	10	21	10	7	4	7	5	12	13	5	13	12	10	16	12	19	10	17	15	20	21	10	5	15	9	21	8	15	13	13	7	10	21	12	6	7	25	13	6	16	9	16	7	13	14	12	12	20	10	12	7	18	22	24	3	14	20	11	5	7	19	17	14	5	9	12	14	12	8	3	22	10	11	12	16	18	12	20	12	18	8	14	16	7	25	23	13	18	18	6	20	16	7	17	10	17	21	10	22	21	7	15	24	16	14	5	15	16	8	16	12	19	10	12	11	10	6	16	3	16	20	14	16	10	18	11	8	12	17	5	26	7	16	18	14	7	11	8	13	9	14	14	8	14	18	12	9	0	5	20	15	32	30	11	8	14	21	13	12	20	14	14	5	8	16	10	13	14	14	16	7	17	15	8	12	14	24	10	12	12	11	14	12	7	13	13	14	11	18	10	12	10	16	16	13	15	8	19	19	10	15	16	19	20	3	8	5	7	8	16	16	12	10	14	7	16	5	12	10	5	4	24	10	6	20	7	8	16	15	14	10	7	7	11	8	11	10	11	13	12	28	21	13	16	20	16	15	10	10	9	5	9	9	5	7	8	7	9	13	5	22	12	11	20	11	18	20	11	8	18	7	5	20	8	5	14	7	9	12	5	12	7	8	24	5	10	16	13	10	25	19	11	6	9	13	8	12	7	12	10	7	27	23	5	20	10	14	10	14	20	22	9	7	16	5	21	18	7	27	9	16	7	14	18	12	17	19	26	7	7	7	16	7	7	11	8	8	6	12	3	22	14	7	18	19	18	18	5	16	13	5	7	16	12	14	15	25	8	4	8	17	12	18	10	10	14	21	7	16	6	10	15	24	8	12	10	14	8	21	13	14	21	7	32	14	21	14	5	6	18	17	12	16	4	15	5	9	10	5	5	14	9	18	9	14	5	7	5	19	16	8	9	17	17	8	12	22	5	13	14	10	16	18	18	9	18	12	11	11	5	16	17	12	11	17	10	12	10	10	3	12	10	5	6	18	5	17	5	19	15	20	11	5	3	11	7	10	19	12	17	18	7	10	11	24	13	10	24	13	27	5	11	24	6	13	10	5	19	12	12	17	11	14	10	11	10	16	7	18	19	18	28	3	14	15	10	16	7	28	16	9	12	19	10	18	8	6	13	13	8	21	13	20	16	14	12	5	8	19	26	10	7	18	7	7	9	6	16	5	10	9	25	11	4	21	8	14	14	19	0	3	3	11	20	6	8	18	17	0	3	14	14	14	5	17	9	5	17	13	20	7	11	13	11	11	6	10	7	10	5	16	16	5	6	18	18	17	7	10	3	9	11	6	9	13	20	15	8	14	10	8	16	10	15	14	20	12	18	12	6	14	12	19	22	5	14	8	18	11	22	20	10	9	14	11	19	11	10	7	10	12	12	9	13	7	12	6	8	10	9	14	9	13	21	10	11	3	13	12	15	8	10	19	9	7	16	14	10	12	9	5	16	25	14	20	15	19	6	3	22	12	2	7	10	13	14	12	13	19	10	12	18	8	19	11	4	12	19	7
2023.75001283205	13	19	16	18	21	11	21	17	18	16	23	16	21	11	11	15	7	10	8	9	10	17	22	17	12	18	9	13	28	17	7	16	15	15	10	9	8	13	18	11	15	15	15	11	17	10	8	13	14	5	18	19	20	13	21	10	18	18	13	14	24	10	14	5	9	9	8	11	23	15	20	11	14	21	31	21	26	5	19	21	22	16	13	11	16	11	19	5	6	31	18	11	21	18	14	23	7	13	15	14	3	11	12	20	31	25	25	21	21	12	7	27	20	27	19	18	16	12	12	14	23	18	20	5	10	16	19	16	29	13	7	12	17	7	15	14	16	16	15	15	21	8	10	18	17	15	18	9	13	5	14	27	25	7	14	9	18	14	19	16	17	22	8	20	10	10	24	20	17	13	5	18	14	10	17	12	15	6	5	10	17	14	8	21	18	8	20	7	15	18	22	12	8	20	15	21	17	10	10	25	18	15	16	9	17	17	11	11	5	8	14	8	5	18	20	18	19	5	12	21	17	11	5	16	15	12	22	12	16	16	13	34	7	16	17	11	13	18	17	24	14	37	11	22	10	10	5	13	16	16	21	5	10	11	18	11	31	24	0	14	10	18	10	25	19	15	12	15	21	9	17	11	13	7	14	10	21	16	17	14	20	10	34	9	15	30	11	18	12	33	26	11	7	17	17	12	22	20	15	10	22	15	14	10	7	19	18	23	16	13	18	20	5	5	14	11	15	10	21	14	7	12	23	10	9	4	11	5	10	15	8	14	14	12	14	12	19	15	17	19	24	20	15	8	15	11	23	10	18	16	15	15	14	27	15	6	9	25	15	8	19	13	22	14	15	17	15	18	24	10	12	10	26	25	24	5	20	21	11	9	9	21	16	18	9	13	14	17	16	8	5	27	10	13	18	15	18	16	21	16	20	10	23	18	9	25	21	14	19	19	5	25	20	9	19	14	15	25	12	26	20	7	18	28	20	17	7	17	19	14	25	12	24	12	15	13	14	6	16	5	20	16	14	17	14	18	13	14	12	21	16	31	9	21	16	14	13	13	9	17	15	22	14	8	17	22	12	11	8	7	25	20	34	29	6	12	17	22	15	16	22	25	12	7	8	25	9	16	19	22	18	9	24	19	10	15	16	25	14	14	18	15	12	15	12	15	19	16	15	23	13	12	12	19	20	19	15	10	24	25	12	15	21	21	21	5	8	5	9	9	18	20	14	12	12	11	17	11	13	10	8	4	25	13	8	22	9	10	18	21	14	14	11	7	15	10	11	15	21	14	12	28	23	15	21	22	20	15	16	9	11	5	9	13	13	10	8	7	10	17	7	24	11	6	20	16	14	25	13	12	16	14	8	18	8	11	18	3	11	16	5	12	10	10	25	7	12	14	16	10	25	21	13	6	9	17	12	16	9	18	12	14	32	28	13	24	15	20	16	20	22	27	9	10	17	5	23	29	12	24	8	16	9	21	28	17	19	19	28	11	13	12	16	9	13	17	16	9	6	16	5	27	19	12	22	21	23	16	5	25	17	5	9	18	12	18	21	28	8	9	10	17	12	20	13	15	12	23	13	17	10	12	15	24	10	18	11	14	10	21	15	14	24	9	34	14	20	16	7	6	26	17	14	19	11	19	5	15	16	5	9	15	13	16	8	18	5	11	8	23	21	12	11	19	16	15	16	24	7	16	18	10	18	14	19	11	20	14	6	15	11	18	22	15	14	21	14	12	14	18	5	12	17	7	8	18	8	19	10	19	17	22	13	5	8	11	9	14	21	16	21	19	7	10	15	24	13	12	22	15	32	10	14	24	6	10	14	5	21	15	15	23	20	14	12	13	10	21	11	19	27	16	33	5	9	19	14	20	10	33	18	11	12	25	10	22	12	7	15	13	12	21	17	16	21	20	12	5	12	22	30	9	10	16	10	7	12	10	22	7	14	11	23	21	6	31	12	17	17	23	3	5	5	13	24	13	8	20	16	6	8	16	18	12	5	16	11	5	19	13	16	7	15	14	18	13	8	12	9	14	7	20	17	5	10	19	18	19	9	14	5	9	13	10	15	11	24	15	8	17	12	12	20	10	18	22	21	14	20	16	8	19	12	21	24	5	14	9	29	13	24	21	12	9	14	11	27	11	12	7	14	20	15	11	13	9	16	6	10	12	9	18	17	15	21	18	11	8	19	12	17	7	10	25	15	7	19	17	12	16	9	5	18	31	16	22	12	21	8	5	24	14	8	7	18	19	15	14	15	25	11	11	16	10	22	11	8	15	25	7
2023.75458004612	16	22	21	19	26	16	24	19	22	18	24	16	23	15	13	21	13	8	10	18	10	21	25	25	18	21	13	17	33	22	9	16	31	16	10	13	15	21	21	16	17	16	16	13	21	12	8	12	21	7	21	19	25	15	22	15	23	20	15	14	30	13	14	5	11	11	6	11	24	25	22	11	23	27	34	25	37	7	21	31	25	21	18	11	16	17	28	8	11	34	22	13	26	22	18	26	15	17	17	16	6	13	15	18	34	29	37	19	23	16	13	30	22	30	21	22	22	12	15	18	26	21	18	10	12	16	28	18	31	14	9	17	19	15	20	23	21	17	18	16	25	10	9	21	26	17	18	12	14	7	17	31	23	14	23	11	21	19	23	16	17	23	8	27	14	10	27	22	21	16	8	24	19	16	22	16	17	6	9	10	17	16	12	27	20	6	22	10	18	21	29	16	10	23	17	24	19	10	11	27	24	26	20	13	21	25	13	16	6	8	19	8	11	24	35	18	21	8	16	21	21	9	6	18	20	17	27	15	16	21	13	43	11	16	17	10	10	19	19	27	19	38	11	29	16	10	10	21	18	16	25	10	10	12	21	17	34	22	3	20	10	22	13	30	23	17	14	22	25	13	21	14	10	7	23	12	28	16	17	18	22	16	39	11	19	32	13	19	12	36	32	10	10	21	20	12	23	25	18	12	23	19	16	12	10	22	22	24	22	14	21	20	5	5	16	20	16	15	24	17	11	14	30	12	14	6	12	7	10	19	12	16	17	17	18	16	21	21	26	24	24	22	21	14	17	14	24	13	23	16	16	16	14	29	21	10	11	25	22	8	21	17	26	15	16	21	20	18	24	16	21	11	28	27	25	8	20	28	16	14	10	25	26	25	14	12	18	14	21	16	10	32	16	24	20	21	26	20	25	15	21	10	25	22	13	25	26	23	22	22	7	30	22	16	23	20	22	29	16	28	25	9	22	37	22	14	7	19	24	16	26	14	23	13	17	13	20	6	21	9	22	24	18	19	16	22	14	18	16	25	17	31	11	23	19	14	15	16	13	19	15	29	14	15	20	23	16	13	14	13	29	20	39	31	13	13	21	25	19	20	26	31	20	7	16	29	9	20	25	26	24	13	23	21	12	17	18	29	12	21	26	19	21	17	18	18	19	16	17	27	21	14	16	23	21	20	25	14	27	27	11	17	23	25	21	5	15	11	13	7	23	20	19	16	21	12	24	13	18	14	10	4	29	17	13	23	16	16	20	19	18	18	12	12	16	14	13	19	25	16	14	35	23	16	26	24	22	25	12	9	11	9	11	15	15	10	12	11	13	22	9	27	13	13	25	21	18	30	20	13	19	15	10	21	10	13	22	10	13	20	9	16	12	16	29	7	16	18	16	16	25	25	12	8	18	18	15	23	15	28	12	14	36	31	15	24	18	27	18	24	23	32	7	12	24	9	26	33	18	31	10	21	15	26	30	20	23	21	28	12	15	19	18	11	15	17	21	15	11	23	9	33	25	21	26	18	32	19	6	26	19	11	9	24	16	25	22	29	13	14	15	25	18	24	15	18	18	23	15	18	12	14	17	28	13	18	15	18	10	22	16	14	22	9	39	14	25	18	15	8	28	25	16	23	15	20	5	25	24	7	14	19	12	17	10	24	11	15	11	24	23	20	12	19	16	17	20	34	7	18	24	16	29	18	23	14	21	16	13	16	13	23	21	15	19	23	26	14	21	18	8	16	19	7	10	22	10	19	16	22	22	25	17	6	8	11	10	19	18	22	24	22	9	13	17	25	14	18	27	21	36	16	20	27	8	12	20	5	20	17	18	26	18	18	14	19	14	28	7	22	31	22	36	9	16	20	20	22	11	36	22	13	16	27	16	23	20	9	16	15	13	28	21	24	23	18	16	13	14	29	33	9	10	22	9	12	12	12	23	9	14	11	32	25	10	34	15	22	21	26	6	5	10	13	38	15	14	25	16	12	8	24	24	18	8	26	16	5	21	16	24	13	16	21	25	11	11	11	16	14	15	30	19	7	12	22	18	22	11	20	5	9	15	12	15	17	38	22	10	14	21	11	22	10	22	24	21	24	26	21	8	25	17	27	31	7	16	7	33	11	34	28	12	18	16	13	31	15	16	12	14	23	20	19	17	9	15	8	16	12	12	21	23	15	22	22	16	8	20	12	22	10	12	25	17	9	21	22	14	16	11	7	20	34	22	26	17	27	8	10	34	20	8	15	22	21	23	21	21	27	20	13	19	13	27	17	8	18	27	11
2023.7591472602	22	26	22	23	35	17	33	23	24	20	30	26	31	16	17	24	15	10	12	21	12	26	28	33	22	33	15	18	38	29	11	26	37	19	21	18	17	22	26	18	20	21	26	21	21	14	16	15	26	9	33	27	28	15	22	24	27	22	25	19	37	15	22	5	20	17	6	13	29	29	26	13	23	29	41	29	44	9	25	34	28	28	19	17	16	24	33	11	17	39	32	17	33	28	20	34	21	18	22	23	13	21	21	18	39	34	44	21	29	18	15	33	23	33	29	29	26	17	21	20	35	27	20	14	15	21	32	18	38	18	10	20	30	21	26	27	23	26	17	26	29	17	15	29	31	18	20	14	18	12	20	29	25	16	23	18	29	27	24	22	30	30	8	36	20	21	28	26	30	24	10	26	19	17	24	24	19	9	11	16	27	21	13	31	26	6	23	15	22	25	34	18	12	31	20	27	23	10	13	29	35	27	21	23	30	29	18	19	10	16	25	10	19	28	35	20	26	11	20	31	29	10	10	24	23	27	31	23	22	24	17	45	15	16	27	17	16	25	30	27	19	42	17	34	21	18	10	22	18	22	26	10	14	19	25	17	41	33	12	23	13	31	17	38	25	19	24	28	33	19	29	16	16	18	27	15	36	19	24	18	22	17	45	20	21	40	15	25	17	41	35	17	16	26	20	16	30	34	24	14	30	26	18	19	10	26	32	30	24	18	27	24	7	12	21	31	19	24	27	20	15	17	30	25	22	12	16	9	14	21	17	21	23	27	24	24	29	24	31	28	26	25	24	20	20	17	29	15	34	21	26	20	18	30	30	10	16	30	27	14	25	25	32	19	26	28	23	20	26	21	27	13	34	29	33	10	24	36	17	14	12	26	39	33	14	24	28	13	23	20	14	32	22	34	28	25	29	27	29	15	22	16	33	32	19	30	28	27	26	22	9	38	26	24	26	32	31	32	18	34	34	10	27	36	26	13	18	20	27	21	36	24	23	21	21	18	32	12	28	7	22	29	25	26	26	32	17	24	23	36	19	38	17	30	22	17	18	24	17	24	19	36	18	22	20	30	23	15	19	18	34	22	45	38	14	20	29	36	21	25	25	35	24	13	20	33	15	21	28	28	28	14	30	29	14	21	20	31	18	26	26	26	25	21	21	24	26	16	22	37	26	15	30	25	23	24	29	16	28	29	13	19	26	33	24	7	19	19	15	10	27	24	27	20	25	16	37	17	22	16	13	6	31	18	17	25	19	19	24	21	25	20	16	14	19	20	17	21	27	21	19	37	28	26	35	24	26	25	18	15	18	15	19	15	25	14	15	15	15	29	7	34	20	14	33	31	23	38	23	14	28	19	15	29	17	17	31	18	19	27	15	24	15	22	31	18	18	24	21	22	30	26	18	12	21	18	23	29	24	38	16	20	40	33	25	26	23	32	18	26	25	32	13	15	29	11	29	34	21	38	16	28	19	34	41	32	30	29	31	16	18	22	24	20	18	24	24	15	17	29	11	38	28	21	30	33	34	22	10	36	24	19	9	28	23	33	22	33	16	28	24	35	21	24	17	21	22	28	21	30	19	20	20	27	17	26	16	25	16	32	26	18	33	17	45	18	34	21	21	12	36	34	25	31	20	28	9	29	32	9	14	21	24	26	16	35	19	23	14	30	26	22	12	19	24	20	21	35	14	24	35	22	32	23	29	18	22	23	14	19	23	34	22	21	22	29	35	19	28	20	10	23	23	14	14	32	15	19	19	26	23	28	22	10	20	15	12	25	33	26	33	26	11	19	18	33	18	24	31	30	40	19	24	27	12	14	32	7	29	25	20	35	20	23	24	23	20	31	16	26	29	26	41	11	18	31	23	29	13	41	32	19	24	29	21	30	22	11	19	19	14	31	28	29	26	18	24	19	21	34	39	15	13	26	15	14	17	19	30	9	18	13	38	27	14	39	21	22	29	33	13	12	14	18	41	17	22	28	24	16	20	31	25	22	11	39	18	7	24	17	29	15	19	18	30	15	13	13	19	18	21	34	26	9	21	26	20	26	16	32	7	16	25	12	19	24	41	28	17	13	23	12	22	16	27	26	24	35	31	24	14	28	23	32	41	7	18	10	34	15	35	36	16	21	21	17	29	16	20	14	19	31	23	27	22	9	15	12	17	16	18	33	31	22	32	26	18	20	24	15	24	15	16	33	22	11	30	22	24	19	19	7	26	41	23	25	20	29	10	14	35	23	8	17	26	26	30	26	24	29	31	20	22	17	31	24	10	20	29	24
2023.76371447428	26	37	30	37	41	29	51	32	39	30	31	33	37	24	33	35	19	20	18	24	23	32	35	44	34	42	24	20	40	32	20	33	43	15	32	27	23	33	35	27	28	25	34	26	24	23	20	19	45	11	42	32	32	15	36	34	35	25	33	22	43	23	31	8	24	26	10	14	37	33	31	21	26	39	48	39	50	11	28	43	35	25	26	24	28	38	42	15	30	45	41	33	37	34	24	45	28	20	33	26	21	26	33	27	45	45	48	29	34	32	19	34	33	34	36	37	30	23	33	37	43	35	28	27	24	30	39	29	48	24	14	27	38	28	35	37	33	38	31	34	42	28	20	39	41	32	33	16	33	18	25	37	31	18	26	29	39	33	31	36	36	41	18	37	30	32	33	31	35	37	18	31	28	25	26	34	25	17	19	22	30	27	17	39	35	10	33	19	32	30	41	24	11	43	36	39	30	25	19	37	43	35	27	33	35	43	27	26	16	20	38	13	24	33	41	33	37	15	27	49	35	18	14	33	24	39	38	35	36	30	29	48	17	28	30	27	26	34	38	36	28	47	24	41	23	24	16	33	29	36	32	16	23	25	30	18	48	36	21	27	27	43	23	42	33	25	37	32	37	23	35	22	26	20	37	26	41	35	26	20	27	25	51	24	28	46	28	34	23	44	38	27	22	32	27	25	41	39	29	17	41	29	25	35	18	40	41	33	32	25	35	39	11	13	32	38	28	34	39	25	17	24	32	32	30	16	22	11	23	28	22	21	31	39	30	31	33	35	41	34	28	30	35	21	36	18	37	23	43	29	34	27	24	39	36	14	24	36	34	16	28	31	38	23	34	30	24	24	28	23	33	19	39	39	49	18	31	38	29	25	22	32	43	38	25	28	33	22	33	30	27	38	31	46	41	30	34	31	42	24	33	28	36	43	23	36	43	37	37	29	11	42	31	26	36	46	36	34	20	40	39	14	36	41	31	22	20	25	36	32	45	32	28	30	32	26	46	25	25	14	27	42	26	30	30	41	18	33	32	47	26	45	26	32	34	25	20	37	20	26	26	41	22	30	27	39	32	28	25	20	45	28	51	48	21	27	35	36	28	27	39	44	28	21	30	32	26	27	36	45	33	24	33	36	23	32	30	38	26	45	37	35	32	32	27	29	32	25	33	43	33	22	37	33	30	38	37	25	33	37	19	25	39	37	31	9	30	24	24	12	35	39	33	27	32	28	43	28	32	25	21	10	38	20	25	37	31	20	34	29	26	17	28	22	15	30	34	23	31	21	21	40	40	34	41	34	31	33	28	26	22	19	24	15	29	23	18	19	24	32	11	42	27	21	40	44	26	42	32	21	34	23	19	39	28	28	43	33	35	31	16	31	24	26	38	20	20	30	29	34	36	32	20	21	24	27	35	37	31	45	24	31	44	37	29	28	31	38	29	38	37	38	18	24	42	19	33	40	27	41	15	25	22	46	49	44	34	33	42	28	20	36	40	24	20	26	30	18	30	37	14	47	51	30	30	42	38	34	14	45	26	24	15	35	32	38	36	37	22	36	34	38	32	29	27	26	34	40	27	32	35	29	36	36	23	40	25	26	28	44	34	22	36	23	51	22	39	32	28	21	38	39	29	34	23	35	13	33	34	13	25	25	28	38	15	38	24	26	22	33	39	30	20	26	29	28	27	49	26	30	38	31	42	26	38	26	33	26	21	15	32	46	36	26	23	34	41	21	37	27	18	32	30	26	22	41	19	26	24	40	30	35	26	14	28	19	22	28	42	33	51	37	20	32	32	49	33	32	38	35	44	24	29	36	21	17	46	12	37	37	23	43	28	32	37	37	30	42	24	37	37	30	44	14	27	44	25	28	19	44	43	35	31	34	23	39	30	15	28	29	21	41	30	42	39	27	34	30	30	41	43	26	27	30	20	22	23	35	41	15	24	21	43	31	18	48	33	37	35	44	21	13	27	26	47	23	27	38	29	25	28	35	34	34	15	43	28	12	31	20	42	22	15	26	34	26	18	19	31	24	28	39	30	11	23	37	33	31	24	46	9	20	33	20	26	38	47	32	28	22	29	15	27	22	36	31	31	45	44	31	16	36	26	41	48	10	25	12	40	26	49	38	24	24	27	34	37	24	27	22	22	43	24	32	29	15	24	21	25	24	23	42	43	29	44	37	27	28	38	17	26	19	21	37	30	20	39	37	37	35	24	10	35	48	21	39	27	39	20	27	49	27	18	26	37	37	39	45	37	34	38	27	34	23	43	28	13	23	34	33
2023.76828168835	50	44	45	49	52	42	54	43	54	38	50	42	54	32	43	49	35	31	23	34	40	47	46	47	45	54	33	25	52	44	38	42	55	29	45	35	43	49	43	33	41	42	45	36	33	34	35	30	57	33	54	44	46	18	49	46	47	41	39	38	53	25	40	12	34	35	17	20	55	48	42	36	37	52	56	57	55	16	44	55	46	38	50	42	48	44	53	24	39	51	56	43	52	46	46	51	46	25	38	33	38	36	41	39	51	48	55	45	47	47	35	47	45	47	46	54	47	41	41	46	55	48	44	38	38	44	60	40	54	44	22	34	50	46	45	54	52	44	37	45	55	46	28	51	55	43	38	28	38	34	34	51	53	27	37	45	51	56	43	52	50	42	32	48	40	45	45	42	47	51	24	41	35	42	32	47	33	35	33	33	37	38	21	51	45	17	45	38	42	43	50	33	22	53	46	48	44	33	30	51	54	46	37	47	47	60	32	40	38	35	46	39	37	47	53	38	43	24	43	61	50	35	24	45	37	53	47	52	52	45	42	54	40	48	37	39	35	51	50	58	35	49	42	50	31	46	25	49	40	52	45	25	37	40	43	28	56	53	31	48	40	57	42	55	40	33	49	34	44	35	50	36	35	33	54	36	59	55	42	35	49	42	58	34	42	56	41	51	41	53	53	39	36	47	33	45	42	48	37	28	42	41	41	45	31	52	56	46	48	48	48	49	18	43	46	54	40	46	48	34	40	43	39	50	45	32	43	33	30	42	39	33	52	53	44	39	49	49	55	47	49	41	49	39	46	26	55	25	49	40	45	41	42	49	44	20	36	48	52	16	44	47	51	41	45	46	37	41	49	31	43	30	48	47	55	24	39	48	42	35	43	45	53	50	35	37	51	40	52	39	38	44	48	59	49	41	48	42	55	43	42	38	54	53	35	48	59	54	44	43	16	55	44	43	52	52	53	44	34	49	48	22	45	49	44	40	33	36	49	46	49	47	35	42	51	45	52	39	38	22	49	49	39	48	41	56	27	53	44	57	33	57	35	42	46	44	36	51	34	37	38	47	35	34	33	50	44	41	47	31	48	51	58	54	34	45	50	51	42	46	55	59	35	38	39	47	48	30	47	55	47	39	45	46	34	51	38	49	38	57	51	44	51	51	43	37	39	42	38	62	50	28	46	40	47	46	52	36	45	51	34	33	53	44	40	18	40	37	33	16	47	49	56	43	51	41	50	44	41	45	26	23	49	25	32	54	41	23	43	45	39	27	41	24	29	40	50	33	49	33	35	46	49	45	52	46	44	44	52	48	37	37	30	18	45	37	33	32	35	44	18	49	45	34	48	53	47	55	46	38	46	41	37	51	46	44	57	50	45	42	30	39	38	34	49	33	34	44	40	50	48	45	35	33	34	39	52	50	45	50	38	42	54	46	45	49	50	53	40	46	54	44	37	38	54	33	47	45	43	52	31	38	33	57	58	55	47	49	47	41	36	45	55	34	36	42	45	31	39	50	18	53	65	42	45	53	54	46	24	49	37	37	21	47	44	50	49	43	38	46	46	57	43	39	38	50	45	49	37	49	45	47	46	48	42	49	39	39	38	54	45	35	53	38	58	35	48	45	46	33	43	48	42	48	40	45	17	48	51	21	35	34	37	44	31	46	37	37	30	46	53	44	39	51	38	41	37	52	40	38	46	48	55	47	47	37	42	33	34	29	46	56	51	33	32	47	53	35	48	30	24	44	44	40	35	56	37	51	37	52	41	46	41	24	41	30	43	35	53	46	54	44	38	40	43	55	38	42	47	46	54	37	51	58	33	28	52	33	47	47	45	55	44	37	49	52	41	53	42	44	51	47	53	18	28	48	30	42	30	53	53	45	39	55	31	50	44	28	40	44	38	47	46	49	53	39	47	41	47	50	46	48	40	47	28	24	41	45	42	33	42	36	48	49	35	57	41	42	50	53	38	43	38	45	54	35	45	44	38	41	41	45	50	45	24	53	48	33	47	35	49	30	29	32	49	37	43	34	41	42	46	48	48	33	41	44	38	46	36	52	18	36	39	35	38	44	54	34	46	40	39	26	49	33	45	47	40	57	53	43	16	47	39	52	57	15	39	16	45	37	52	48	38	34	40	50	51	32	43	24	38	53	37	48	43	21	43	33	42	38	41	54	54	47	54	56	33	41	46	25	32	38	31	43	48	38	52	42	49	55	30	15	45	56	27	55	34	52	34	38	52	48	32	32	56	43	52	57	40	55	54	45	46	42	52	42	39	45	55	44
2023.77284890243	56	52	55	55	60	50	60	46	58	42	53	52	59	34	55	55	44	40	26	51	50	55	53	49	53	56	49	26	52	51	44	52	61	36	53	40	49	61	49	47	50	55	53	45	37	41	49	41	67	52	56	55	55	23	54	48	51	45	45	45	57	35	53	17	48	52	23	28	56	59	48	42	44	57	61	60	55	21	55	59	53	44	56	53	57	51	57	41	50	55	60	55	56	48	57	53	50	26	47	47	44	45	51	44	55	52	61	46	51	53	44	51	50	51	52	57	51	49	51	47	60	56	58	48	46	64	62	47	56	52	27	44	57	50	54	57	58	47	45	53	60	54	39	58	59	49	45	41	50	51	45	58	60	45	44	55	58	61	48	59	59	50	45	51	52	53	50	48	56	60	38	48	40	56	38	55	43	44	43	47	47	44	25	61	55	23	50	51	50	47	54	46	28	60	51	53	55	47	37	51	64	48	48	56	56	63	41	48	50	49	55	49	50	58	56	45	52	41	58	63	54	47	29	58	40	59	54	61	59	55	46	56	48	57	47	45	48	50	57	64	40	51	53	54	33	50	29	61	47	59	54	29	53	45	47	31	61	63	44	58	48	65	52	60	49	43	51	41	58	46	54	45	48	41	57	51	63	58	54	48	54	56	56	48	51	57	45	50	49	56	54	45	42	55	39	55	50	52	40	37	50	46	47	51	44	60	60	57	55	51	56	59	24	55	57	59	45	48	53	45	48	54	46	54	53	45	51	52	37	51	44	39	58	59	49	48	56	55	59	54	55	46	55	54	51	38	56	35	55	50	53	51	54	50	47	24	45	49	57	22	55	51	56	45	53	55	40	47	55	33	52	37	49	52	58	38	42	55	50	41	52	54	58	54	41	50	62	44	58	42	48	49	57	61	56	42	54	53	60	50	48	46	57	53	46	49	64	57	52	52	21	60	52	57	58	57	57	50	38	52	52	27	57	54	52	44	41	46	56	57	54	53	50	50	61	52	57	58	44	34	54	54	48	53	47	60	40	59	54	56	41	61	52	48	56	52	45	60	43	43	49	52	44	36	39	60	54	45	52	42	52	55	56	56	40	47	54	57	51	57	54	65	42	50	42	53	53	39	57	63	58	53	54	52	41	61	42	60	43	67	58	46	65	61	46	40	47	46	47	65	56	43	55	49	50	52	60	51	50	51	40	43	63	58	51	27	46	50	49	20	51	59	61	58	65	57	54	48	46	51	37	51	60	26	41	58	48	27	49	46	48	32	57	33	36	51	57	37	56	39	46	50	48	53	60	46	52	53	60	53	47	51	36	23	53	53	40	42	45	51	30	56	46	40	48	57	49	60	52	42	51	45	54	58	54	48	65	55	54	53	43	48	46	46	60	41	38	49	50	59	49	54	46	36	51	49	61	59	54	57	55	62	58	53	53	55	55	59	47	56	58	49	49	46	58	43	52	52	46	61	43	44	44	59	57	61	58	56	55	57	45	53	62	48	45	54	55	45	50	59	32	56	67	56	50	56	58	56	29	54	43	50	24	51	54	54	54	49	52	50	48	60	55	47	47	53	53	48	53	57	51	56	51	54	52	55	50	48	46	60	53	44	63	59	56	44	52	53	50	36	43	54	48	58	51	55	21	59	61	33	41	49	50	47	43	50	50	52	36	57	63	53	52	60	44	50	48	58	47	45	50	57	58	49	53	43	48	47	40	36	56	60	53	33	41	51	54	46	55	46	38	54	55	47	45	60	54	60	44	60	44	53	47	29	48	39	52	44	56	53	60	52	44	49	49	58	50	53	54	52	58	44	62	64	36	37	57	49	56	53	57	60	58	48	51	56	56	57	49	52	58	51	56	32	30	54	38	48	37	56	53	54	48	58	33	60	53	31	45	48	42	47	58	54	63	44	55	53	57	54	46	53	48	51	39	33	49	51	50	49	54	42	50	56	45	59	51	50	54	57	44	55	48	52	56	39	61	50	44	50	48	50	54	53	41	58	56	49	53	43	54	39	36	42	54	46	52	40	48	54	50	54	53	52	50	52	45	54	45	57	27	43	45	41	49	51	56	41	54	44	47	27	54	47	57	53	51	61	59	48	22	57	50	58	58	25	49	20	52	46	58	55	55	51	54	57	58	34	58	33	45	60	40	56	52	24	50	36	56	55	52	56	63	51	60	59	47	48	52	29	38	51	35	48	58	44	57	50	51	58	36	25	55	61	34	54	44	57	45	48	58	58	45	39	59	52	61	67	46	58	59	46	56	52	60	59	49	57	58	49
2023.77741611651	56	50	57	58	57	51	60	51	58	41	54	53	59	41	56	57	46	46	31	54	52	56	51	49	53	58	50	32	52	54	46	53	61	39	54	47	52	61	53	52	51	56	53	47	39	42	51	46	69	54	58	56	53	29	58	49	53	52	49	48	57	42	53	27	52	54	26	30	56	62	50	49	46	55	60	58	52	23	58	58	51	44	56	54	58	48	58	46	51	51	59	56	55	50	59	52	51	32	49	50	46	47	57	45	51	52	59	48	46	51	46	52	49	52	50	60	51	50	57	49	60	57	57	50	51	65	61	47	53	55	27	47	60	51	55	56	59	48	46	53	56	57	44	60	58	51	44	44	51	56	48	57	60	49	46	61	60	62	52	61	61	54	49	50	55	54	50	50	56	62	41	49	44	57	43	57	46	48	52	50	52	44	33	62	57	26	49	55	49	49	55	46	26	59	52	50	55	49	40	52	63	50	51	56	56	62	49	51	50	51	55	54	53	60	54	44	57	46	58	58	57	51	32	59	42	59	55	59	61	58	44	53	48	58	52	48	51	49	60	64	44	49	54	55	39	48	38	61	47	61	54	38	54	45	49	43	60	60	50	58	53	63	54	60	49	46	50	45	57	48	57	51	51	47	56	49	61	55	56	53	56	57	56	52	51	52	52	49	50	53	55	48	45	56	40	55	54	50	44	42	54	48	49	58	45	58	59	57	56	54	57	59	26	55	58	58	48	49	50	48	48	54	49	58	53	46	52	54	42	51	47	38	59	59	49	48	53	57	58	58	55	47	57	55	52	41	56	42	55	52	53	55	54	48	48	28	47	52	57	24	58	52	57	47	53	56	42	48	55	39	53	40	50	54	56	41	43	54	51	49	55	54	59	54	49	51	63	44	59	49	50	48	60	62	56	46	53	58	56	51	54	47	57	54	48	52	60	56	50	54	23	60	54	57	59	57	57	52	42	49	50	27	60	52	54	44	47	48	56	58	54	57	48	53	61	51	57	60	44	37	56	54	50	53	50	59	47	59	54	58	45	59	54	47	56	55	50	62	42	45	50	54	48	43	40	54	54	52	54	45	52	56	56	53	45	47	57	56	51	60	54	65	49	53	49	53	54	39	57	63	60	56	52	50	42	61	41	60	41	69	58	50	65	61	50	44	50	51	49	63	60	46	54	49	49	52	61	54	50	52	44	46	61	57	51	33	51	53	50	27	53	59	62	58	65	64	52	52	51	52	46	51	60	32	43	58	52	33	51	48	50	36	64	35	39	53	58	41	53	38	47	44	47	53	57	47	54	53	60	54	47	57	43	29	59	54	42	43	48	54	34	47	46	45	52	57	48	60	55	47	52	47	55	60	57	52	63	55	55	58	44	48	51	47	60	47	42	49	52	60	52	54	50	44	54	52	59	58	57	57	55	63	56	52	59	55	54	58	47	55	58	48	52	51	58	52	50	53	50	58	43	44	48	59	53	61	58	53	52	64	50	51	62	52	50	56	58	49	51	58	36	52	67	58	50	55	57	56	32	54	45	53	35	50	54	54	58	51	54	53	49	60	57	46	49	54	53	47	55	57	58	55	52	51	54	56	50	50	47	61	53	48	60	59	56	48	50	55	51	44	43	55	50	59	51	56	24	62	63	39	49	51	51	48	43	49	53	54	40	57	61	56	54	56	48	51	51	57	51	49	49	60	56	48	53	46	54	50	45	39	56	56	54	38	43	46	54	47	60	51	41	54	55	51	48	59	55	56	46	58	50	51	50	32	49	50	55	53	55	53	60	50	46	51	51	56	51	57	55	56	56	46	61	64	44	42	57	56	58	52	55	60	57	54	50	56	55	58	51	50	57	51	53	36	32	57	49	50	40	53	54	55	48	60	39	54	56	33	48	48	47	49	59	54	61	45	57	54	58	55	47	54	53	51	44	35	50	58	54	52	54	49	45	53	48	57	57	53	57	58	46	55	50	51	57	41	61	52	48	52	49	51	53	53	46	59	60	56	54	47	54	42	39	44	54	46	55	44	52	54	51	58	53	54	50	50	44	54	47	57	33	48	49	48	50	48	57	45	57	44	50	34	56	50	60	54	51	61	57	49	24	57	50	62	56	36	51	27	53	46	57	54	55	54	55	58	57	41	58	35	48	59	42	56	51	35	51	44	57	55	51	58	65	48	61	62	52	49	52	31	43	55	37	47	59	46	56	53	50	55	43	36	57	60	32	54	47	55	45	50	57	58	49	42	62	57	61	69	48	60	58	46	56	54	58	60	54	55	60	50
2023.78198333058	57	50	57	62	58	55	59	52	60	49	57	58	60	45	59	58	48	50	40	59	56	58	54	53	53	59	54	36	49	57	46	58	60	50	55	50	58	62	55	56	54	57	56	50	43	50	55	54	68	54	59	56	54	32	58	48	55	54	59	59	58	53	55	24	57	58	31	36	54	61	48	50	50	54	61	57	52	31	59	60	54	48	58	53	59	51	59	55	53	51	57	59	58	52	60	51	55	36	52	52	52	50	58	53	51	53	57	50	44	54	48	52	56	52	52	59	52	51	58	49	57	53	61	53	54	65	60	50	54	58	34	48	58	55	56	57	58	51	49	56	55	60	51	57	58	54	46	50	53	59	52	59	61	51	50	66	57	62	56	60	62	56	53	48	58	55	50	48	57	63	50	53	51	58	48	57	51	49	53	52	56	46	36	64	58	31	56	60	53	51	56	48	42	60	54	53	57	51	46	54	59	56	52	56	57	61	52	54	52	55	55	57	58	58	50	46	56	55	55	57	55	53	34	57	47	59	50	59	60	63	46	52	48	59	56	50	54	54	58	64	51	47	53	56	44	50	44	62	50	60	55	44	56	47	51	46	61	59	53	57	57	62	59	58	48	51	51	50	56	52	55	54	54	51	57	53	60	55	55	55	58	58	53	57	54	51	57	54	51	52	52	50	48	58	39	59	56	45	51	51	56	55	50	59	52	57	57	59	58	54	53	57	30	55	59	58	51	48	53	52	48	57	53	60	53	48	52	54	50	54	51	42	58	59	50	55	54	58	58	57	51	53	58	57	54	43	54	53	56	54	56	56	55	48	50	38	47	50	58	29	59	57	58	53	56	55	47	53	51	44	56	46	53	53	56	50	47	55	55	52	55	55	58	54	52	58	62	47	58	54	53	47	63	60	54	49	58	59	55	51	54	53	58	55	52	50	60	57	50	57	31	58	54	57	57	58	61	52	43	52	45	34	59	52	54	47	51	53	55	59	52	55	46	59	62	54	58	62	48	47	58	58	53	54	53	57	49	59	53	57	48	57	58	49	54	56	56	63	47	49	53	56	50	48	39	57	53	57	55	51	53	56	53	54	50	47	55	55	54	60	55	64	53	54	54	55	58	47	54	63	58	58	55	52	50	62	49	57	44	68	58	52	64	62	54	51	55	52	52	62	61	50	56	48	56	57	61	59	50	54	44	51	62	56	52	45	56	58	54	35	55	57	62	55	64	64	51	56	56	55	47	51	57	36	47	57	54	39	54	50	53	41	64	41	50	56	59	48	57	42	53	45	46	56	58	53	54	54	61	58	52	60	49	32	62	56	44	45	51	57	40	51	49	50	51	58	53	58	55	50	52	53	55	57	60	56	62	55	57	59	44	55	54	50	57	51	43	50	54	58	50	55	51	48	59	52	59	57	59	58	54	65	56	50	62	51	57	56	50	57	57	47	51	54	59	53	53	56	54	55	47	48	52	60	54	62	56	54	53	64	56	56	62	57	56	55	63	51	53	57	39	53	65	60	54	56	60	54	34	52	49	58	39	51	53	54	58	50	61	56	48	60	56	44	55	58	53	46	58	56	59	57	54	51	59	54	52	53	53	58	56	50	59	58	53	50	45	56	55	48	43	54	55	61	53	54	32	61	63	49	52	54	58	51	47	51	58	54	48	59	62	60	60	57	51	54	52	57	50	52	51	63	58	53	54	50	54	52	50	50	58	54	54	44	48	44	57	53	62	56	50	53	57	50	51	57	55	57	50	57	53	54	54	34	52	55	55	55	56	52	59	50	46	53	54	56	53	58	50	55	56	50	60	64	48	51	58	59	58	52	54	57	61	53	51	55	58	59	56	50	59	52	52	39	34	57	52	50	46	52	55	57	55	55	44	57	60	39	51	50	50	49	59	58	62	53	57	56	57	56	46	58	57	52	51	41	51	59	56	55	55	50	45	57	53	54	58	51	55	57	52	55	53	54	56	49	61	54	51	55	52	56	56	53	55	58	60	59	53	48	58	42	50	49	56	49	57	44	54	55	55	57	54	54	54	50	46	54	47	58	45	48	59	49	53	51	56	50	60	47	53	48	58	52	59	55	52	64	55	50	29	54	56	60	56	41	56	35	56	49	57	55	54	59	53	59	59	45	55	41	59	60	47	58	50	39	51	48	58	54	51	59	64	51	58	61	56	52	57	40	48	60	41	50	59	46	59	51	51	55	49	41	58	61	39	55	48	54	49	53	57	57	53	48	61	56	61	68	47	55	58	49	54	59	56	60	57	54	55	50
2023.78655054466	58	50	57	61	57	54	57	53	57	56	54	59	59	46	60	57	56	53	49	62	60	58	55	54	54	61	58	43	50	57	46	59	57	56	57	51	60	59	60	57	58	59	61	56	43	55	55	58	67	56	61	55	54	47	57	49	56	55	62	62	61	56	57	42	61	58	45	44	53	62	52	60	53	55	60	57	51	39	58	56	55	55	58	56	61	57	54	58	55	49	56	60	56	50	60	47	61	43	57	56	55	56	59	55	49	54	54	52	43	55	56	54	58	54	51	59	55	59	59	49	58	54	65	57	55	65	60	57	52	59	41	48	62	61	57	57	60	52	53	61	54	61	55	55	57	61	50	53	55	62	52	58	62	56	53	66	55	63	57	60	62	57	54	50	59	57	51	52	57	65	57	53	57	57	53	57	50	52	58	53	55	55	45	62	57	45	58	62	54	53	56	49	48	59	55	50	56	56	53	50	60	56	52	58	57	58	51	57	55	55	55	58	59	56	51	50	56	58	55	57	54	53	47	57	56	61	48	58	60	64	48	45	50	61	55	53	58	54	62	58	57	45	56	56	48	50	50	59	57	60	53	50	60	48	53	52	60	58	59	57	58	60	61	56	48	50	52	52	57	57	54	54	58	54	57	56	59	57	57	59	57	57	49	61	55	51	58	54	59	50	50	53	57	58	46	59	57	46	51	62	57	56	50	63	54	55	56	61	59	54	54	63	46	56	61	55	50	49	50	52	50	61	58	58	53	53	57	56	53	55	57	46	58	61	52	56	51	57	57	59	48	53	57	60	55	49	53	56	56	57	61	59	53	45	53	49	48	51	58	36	58	58	58	60	61	57	56	57	48	48	58	53	55	52	56	57	50	54	54	60	57	53	59	55	60	62	61	48	60	57	57	45	61	61	53	50	58	59	54	54	56	52	54	56	57	51	58	57	50	59	39	56	58	61	60	59	60	52	49	55	46	41	60	50	58	48	54	54	50	61	53	58	46	62	63	59	59	63	55	55	57	56	54	53	57	56	52	59	56	57	55	54	58	48	50	57	58	65	50	57	57	55	53	53	46	55	56	58	57	57	54	55	49	52	54	50	54	54	55	59	54	62	57	61	57	53	58	53	52	62	56	62	57	51	55	63	56	55	45	67	57	57	63	63	56	51	62	54	57	61	64	54	59	48	58	57	60	60	51	50	48	50	59	57	53	52	58	59	58	49	56	63	63	55	63	64	52	57	59	56	50	52	55	43	53	55	57	47	61	52	54	44	64	48	56	59	60	54	58	46	55	45	45	61	57	54	58	54	60	58	57	61	56	47	64	60	48	57	56	57	50	49	54	54	51	58	53	56	55	51	51	60	56	55	61	57	60	55	57	59	48	56	55	52	55	54	49	52	57	57	51	53	49	55	62	59	58	55	61	60	53	64	50	50	64	48	57	54	57	57	55	45	52	55	58	58	50	55	56	53	48	55	58	58	54	60	55	51	51	64	58	62	60	61	58	57	64	52	55	55	45	51	65	58	52	56	59	50	47	53	57	59	51	54	56	55	57	50	62	60	49	58	56	47	59	57	54	45	58	53	63	58	55	53	61	54	52	54	52	57	61	53	58	58	49	53	46	58	61	55	45	52	59	59	57	57	54	62	64	54	60	53	62	52	48	54	59	55	52	61	59	60	59	56	53	58	52	58	53	53	54	61	58	53	54	57	56	56	54	56	59	55	53	51	54	43	57	55	63	59	57	56	56	53	53	56	56	56	53	55	55	55	55	47	58	62	57	57	56	51	57	50	46	53	61	56	55	60	48	54	50	53	62	58	55	62	59	62	56	53	54	58	65	56	52	58	59	57	59	50	58	55	50	45	38	60	57	51	53	50	56	57	56	55	48	55	60	48	50	48	51	53	60	56	59	55	57	57	56	56	44	58	58	55	55	48	59	63	57	56	53	60	41	58	57	51	59	52	54	56	55	56	57	59	54	54	58	55	53	59	58	58	62	54	58	59	58	62	54	54	56	48	56	55	60	51	63	48	57	53	61	56	53	56	58	50	50	52	48	59	52	55	62	55	57	57	54	52	61	48	54	55	57	53	60	60	53	64	56	51	36	52	56	62	54	50	62	49	55	51	58	54	53	62	54	60	58	46	55	48	62	59	56	59	48	51	54	55	57	53	53	61	64	52	57	59	57	58	57	46	53	62	50	52	61	46	57	52	52	57	56	50	57	60	45	54	48	55	54	57	58	57	54	53	59	56	57	67	51	55	55	54	50	61	56	59	58	54	55	51
2023.79111775874	59	50	57	59	56	58	56	56	56	55	54	56	56	48	58	55	62	55	55	63	59	55	53	58	56	59	59	54	48	57	47	56	54	59	59	59	61	59	58	62	61	60	64	57	44	57	57	59	66	58	59	54	53	53	54	51	56	53	65	63	56	65	60	60	63	57	55	54	53	60	53	65	55	54	57	56	49	63	54	54	53	57	58	56	60	57	55	59	57	45	57	58	54	48	59	45	60	54	56	56	56	57	59	50	45	52	52	53	40	56	62	51	59	51	53	56	56	62	59	49	54	53	60	59	60	62	59	59	47	62	53	47	62	60	53	55	57	56	55	64	53	65	60	54	57	64	51	59	57	63	55	52	59	58	55	65	54	62	57	57	57	55	55	51	61	59	47	53	54	64	59	54	62	58	55	60	53	59	60	56	58	57	59	57	57	55	59	63	57	54	54	54	57	55	55	52	59	57	59	48	60	53	55	59	54	56	51	57	56	57	57	59	59	56	50	51	53	59	56	54	52	53	52	55	56	59	49	57	57	62	50	42	50	60	58	54	58	53	62	56	62	42	56	54	57	50	59	59	59	57	52	59	58	52	54	54	57	56	68	54	61	58	62	54	49	53	54	53	57	56	52	60	58	62	55	60	58	55	57	60	56	58	43	63	56	49	61	53	62	46	46	54	63	55	51	59	55	50	58	63	55	55	52	65	58	52	57	58	58	52	53	61	59	55	60	55	54	51	52	55	50	59	58	61	53	53	61	58	58	56	59	50	57	59	56	62	50	55	57	58	46	56	55	60	55	54	53	65	50	57	64	59	53	42	59	59	50	51	58	59	54	58	56	60	64	56	56	57	46	57	59	59	54	52	54	59	55	53	58	63	57	52	56	53	63	60	60	47	57	63	59	43	65	60	50	49	59	60	53	56	59	55	48	55	56	51	57	55	50	57	63	54	55	60	58	58	59	53	49	54	50	53	57	47	55	47	62	56	49	60	46	63	44	63	62	59	58	65	57	60	56	56	56	53	56	57	55	56	56	55	55	52	57	45	51	59	58	64	56	57	56	51	58	59	51	53	56	61	56	66	52	50	43	47	58	49	52	51	56	58	52	59	68	62	63	49	58	57	50	59	56	63	57	53	57	62	55	52	42	66	56	58	63	62	54	58	61	54	56	59	67	58	58	49	57	57	57	60	47	48	55	53	55	57	52	64	61	59	59	56	56	61	62	56	63	63	52	56	61	58	56	54	52	54	54	56	61	60	60	53	56	53	63	60	59	58	60	55	55	50	60	50	45	64	56	54	55	57	57	58	57	65	61	53	64	58	52	60	62	57	57	51	54	58	51	54	53	54	55	50	55	60	55	54	65	56	58	56	57	60	52	62	60	55	52	62	49	56	57	60	51	52	53	64	63	59	57	52	65	55	51	60	46	48	64	46	55	50	59	55	56	43	60	60	60	60	50	52	54	53	55	57	59	56	49	57	54	50	50	63	58	65	60	63	58	57	62	52	57	52	49	52	59	58	51	56	56	51	52	46	57	59	58	55	56	53	54	49	63	59	51	58	58	48	59	54	56	45	54	53	65	57	55	51	62	50	53	56	55	57	64	58	56	57	43	58	50	58	60	64	45	53	59	59	57	58	63	60	62	61	63	56	60	56	55	54	59	53	62	58	55	58	65	54	52	61	55	57	55	58	54	65	55	53	53	60	59	56	58	59	63	53	52	53	59	40	55	60	65	58	59	56	59	55	58	57	55	54	56	52	63	53	58	52	60	64	57	55	56	53	56	50	47	54	64	54	57	63	49	54	46	56	60	56	64	63	58	68	58	56	57	54	60	55	54	57	61	61	59	50	52	56	46	49	42	61	60	49	59	46	55	57	62	50	57	53	58	55	54	48	50	55	60	56	55	50	60	58	54	54	43	58	61	56	60	60	62	65	55	56	53	65	42	55	66	46	59	60	52	51	56	55	59	59	50	56	61	53	52	58	60	56	59	56	59	56	56	68	56	56	56	57	59	59	57	57	64	55	61	53	60	57	53	58	58	50	51	51	50	58	64	63	65	57	56	57	50	53	65	47	54	59	56	56	57	59	52	63	53	51	59	50	56	62	51	56	64	56	52	57	57	53	51	63	56	60	52	48	56	60	63	55	56	57	49	58	56	64	58	51	54	59	58	59	57	58	62	60	57	59	55	63	61	51	59	47	57	60	54	55	61	56	57	57	55	52	47	54	56	59	57	54	55	57	58	53	56	66	51	50	55	54	51	62	58	60	59	57	50	58
2023.79568497281	57	46	52	56	51	56	53	56	51	54	53	55	54	46	56	52	60	57	54	59	59	52	51	55	51	58	56	50	47	53	47	55	47	58	59	56	57	54	58	57	60	58	61	56	48	54	57	59	62	58	58	55	49	54	52	50	53	53	66	62	52	63	60	60	62	57	56	52	48	55	51	64	55	52	54	52	40	62	52	50	51	53	55	55	60	54	48	59	54	41	55	56	48	45	57	42	58	50	55	55	55	56	58	50	41	49	46	53	39	53	60	48	58	48	51	56	50	63	58	48	52	51	60	56	60	61	55	61	46	62	51	47	61	58	49	50	55	53	55	61	49	65	61	55	51	63	51	60	56	62	53	51	59	55	55	63	55	59	55	57	57	50	58	48	60	59	43	51	54	62	64	50	58	55	54	60	51	62	60	56	57	56	57	54	57	56	58	61	55	51	49	50	58	52	54	51	58	55	59	46	59	49	54	57	54	52	52	53	58	57	55	59	57	53	41	51	54	59	54	53	50	54	54	55	53	57	46	56	57	57	54	37	52	60	57	53	58	52	61	54	58	42	55	49	53	53	58	54	61	57	49	58	57	51	51	51	54	56	67	53	61	56	60	49	47	51	52	50	54	58	50	59	58	61	50	58	51	57	57	58	56	55	40	62	55	48	61	52	63	42	45	53	62	52	49	59	50	51	57	62	50	51	51	64	57	51	55	57	54	54	51	59	59	56	58	50	52	50	51	53	52	59	54	60	48	52	62	58	61	55	56	49	55	57	53	61	51	52	51	54	49	55	52	59	54	52	48	63	49	57	61	57	53	40	54	57	53	50	53	59	52	57	51	59	61	54	53	56	49	53	53	59	51	50	53	64	55	47	56	61	57	49	50	50	61	59	59	47	55	59	56	39	62	55	49	47	56	58	49	55	58	59	46	52	58	50	53	50	46	54	62	49	53	59	56	53	54	51	48	52	51	51	54	41	53	47	61	54	46	58	44	63	45	63	61	58	53	64	53	58	56	52	54	52	56	55	54	57	54	53	54	52	57	46	51	59	58	62	53	56	57	46	55	55	49	52	54	61	55	64	49	50	40	46	56	50	50	50	55	55	49	52	65	63	59	46	58	56	44	57	53	61	54	51	54	61	54	50	46	62	51	57	59	61	51	57	61	55	55	54	61	57	56	47	57	55	52	58	43	46	56	51	54	54	50	64	56	57	56	55	53	59	59	54	59	61	46	55	58	57	55	55	50	50	52	54	59	57	59	53	54	49	61	60	58	57	59	52	54	49	59	44	44	61	51	51	53	51	57	58	58	64	60	54	63	57	53	59	61	53	56	49	53	56	47	48	50	49	51	50	53	59	55	55	65	55	56	54	57	58	52	61	60	52	50	61	48	53	57	58	50	49	55	64	59	57	56	48	61	52	51	60	44	42	63	49	53	47	61	49	54	39	61	60	54	60	46	49	51	51	56	53	55	51	47	55	53	51	52	61	58	60	60	62	58	57	57	52	54	48	49	50	57	53	49	56	54	51	54	44	56	57	58	52	54	50	52	45	61	57	50	54	57	47	58	52	51	44	53	52	64	56	54	47	60	50	51	54	59	56	61	55	56	56	40	55	51	56	58	64	41	49	57	56	55	57	63	55	58	60	61	52	59	53	56	49	57	52	60	57	54	54	62	54	52	60	54	53	56	54	49	62	49	50	49	60	58	55	56	58	62	52	51	56	58	39	49	59	64	58	64	54	58	56	58	55	55	54	53	51	59	51	55	54	60	63	57	53	56	49	53	46	47	53	63	53	56	60	46	52	44	53	56	54	64	62	53	68	56	55	55	52	60	54	52	54	59	54	60	46	51	50	42	49	46	60	58	49	59	42	52	57	61	49	53	52	54	62	52	47	50	50	57	52	54	50	60	55	53	49	42	58	61	50	61	60	63	64	50	57	53	64	41	54	64	44	58	55	50	49	55	56	56	58	40	54	62	51	52	57	60	51	58	51	59	50	53	68	52	54	52	54	58	55	54	58	62	56	59	53	58	50	52	58	56	46	51	50	53	53	64	64	66	59	57	54	40	50	65	47	51	59	56	56	54	55	50	59	50	49	59	44	53	61	47	57	63	55	49	58	53	47	51	59	54	59	51	46	54	60	62	52	53	52	51	58	55	64	55	51	51	58	59	60	56	56	57	60	55	59	54	61	60	49	59	47	54	55	52	57	60	57	57	54	51	49	47	52	56	56	53	53	58	54	56	54	53	62	47	49	50	53	51	60	55	59	59	55	49	58
2023.80025218689	55	48	53	53	44	55	47	54	48	55	49	51	51	50	52	48	58	57	54	57	55	49	49	49	48	50	54	51	42	50	49	51	42	56	53	53	56	52	57	58	59	53	57	52	48	53	54	55	58	58	50	52	49	54	52	47	47	52	59	60	46	63	55	63	56	55	56	56	47	50	49	63	51	50	48	49	34	61	52	47	49	49	56	53	59	51	47	58	52	34	47	52	45	41	55	37	54	51	52	52	53	52	55	50	34	44	40	50	36	52	58	46	57	46	47	53	49	61	55	47	42	49	59	55	60	60	54	60	40	59	52	45	54	54	46	51	53	49	56	57	44	60	59	49	48	62	50	60	54	61	51	50	57	53	51	59	49	55	53	53	50	45	60	40	58	53	41	49	48	59	67	48	56	54	49	57	51	61	57	54	53	52	57	50	55	56	57	58	52	50	45	50	57	47	52	49	57	55	59	43	48	48	52	53	48	50	49	52	60	54	51	59	52	49	40	50	51	58	54	48	43	53	54	54	50	52	43	52	53	56	55	32	49	59	53	52	54	48	54	52	56	32	53	45	51	53	58	52	60	53	47	58	57	46	50	51	48	52	64	51	59	50	59	45	45	51	46	46	48	56	43	57	54	57	51	55	45	55	53	58	51	54	34	56	54	42	60	48	61	39	39	52	59	49	49	57	45	48	53	61	45	47	50	60	57	48	47	53	52	51	49	56	59	55	54	40	52	47	49	51	49	57	52	53	44	51	58	58	60	54	52	47	50	52	53	57	48	48	48	53	50	50	48	55	52	54	47	63	40	55	57	55	48	38	52	57	54	47	49	57	52	53	46	61	57	50	50	55	50	51	51	59	48	47	49	67	52	42	55	61	54	47	42	49	61	53	53	46	53	59	55	39	59	47	46	49	51	52	44	56	57	56	42	48	56	47	53	51	48	53	61	45	49	53	53	48	49	49	53	49	48	52	51	38	49	46	57	54	45	54	36	57	47	60	59	57	48	61	49	58	51	46	52	49	49	47	52	55	49	46	50	46	55	41	51	57	56	59	52	55	54	42	54	49	49	55	49	60	53	60	44	49	34	40	57	50	43	40	54	51	48	49	61	60	59	45	57	55	42	52	49	59	49	47	53	59	55	48	47	58	48	53	57	59	50	53	54	53	52	45	56	56	48	45	52	52	49	57	41	43	55	51	48	48	49	64	52	52	54	56	47	56	55	54	57	58	41	53	56	56	54	58	48	51	51	52	56	54	56	50	52	49	58	59	56	52	58	52	49	47	57	41	40	57	44	50	49	51	53	57	55	60	54	54	58	57	51	56	61	50	58	44	53	57	44	42	47	45	48	51	46	61	56	49	60	53	50	49	52	52	50	57	60	50	48	57	53	53	55	53	47	47	55	64	57	57	52	43	56	48	49	57	38	39	58	50	49	41	60	47	52	39	58	60	51	57	43	48	50	48	55	49	53	46	39	51	49	48	50	58	56	58	57	56	56	53	56	54	52	43	53	45	52	52	50	43	47	51	54	36	55	52	58	50	49	49	52	42	61	50	47	45	54	49	57	49	48	40	50	46	60	55	52	45	59	46	50	52	56	49	57	54	52	53	34	54	48	55	54	64	35	43	51	52	52	53	62	50	51	61	61	52	53	49	55	45	52	47	59	53	48	51	61	51	50	59	52	50	57	52	45	59	47	47	48	58	57	52	57	56	55	45	50	52	60	36	44	57	54	56	67	49	57	57	56	47	56	51	52	48	57	49	55	54	55	60	54	47	43	47	47	48	49	48	62	49	54	55	43	46	38	52	54	52	64	61	48	67	52	49	55	42	59	51	46	53	56	50	56	48	50	49	39	53	46	55	57	47	59	39	48	52	57	49	51	55	51	64	52	47	51	46	54	46	48	50	57	50	53	45	37	57	59	49	59	59	61	60	45	57	48	63	35	49	64	41	55	52	43	44	53	55	55	57	34	52	56	47	50	57	55	46	54	48	58	42	51	67	51	52	46	53	56	55	48	56	61	55	56	48	54	45	49	58	52	48	50	48	54	48	64	59	59	59	54	51	34	46	60	46	48	58	51	54	51	52	49	49	45	47	57	42	54	54	39	57	62	56	48	56	50	42	49	57	51	58	50	50	54	59	60	47	50	49	48	58	56	64	54	49	48	50	55	57	49	53	58	55	52	58	49	58	60	44	56	49	52	52	46	55	54	57	55	48	51	48	45	50	59	55	50	51	60	54	53	51	47	58	46	49	40	53	51	59	51	53	59	55	49	50
2023.80481940097	50	43	45	44	38	50	35	49	41	51	46	46	45	47	46	38	55	54	54	56	51	44	42	39	40	41	49	51	41	46	46	46	35	56	45	49	53	44	51	50	51	51	49	47	45	50	49	52	46	58	41	49	44	55	44	44	44	48	53	57	38	61	50	64	52	52	57	55	40	50	45	58	49	45	41	43	25	63	49	40	42	48	51	48	52	40	42	54	43	32	39	46	40	34	55	29	47	51	45	51	47	47	47	43	32	36	33	45	36	46	55	40	50	40	38	44	43	58	47	38	37	44	54	50	54	54	47	55	31	56	51	44	48	47	41	45	47	41	47	49	36	53	54	46	38	54	41	59	45	56	49	42	50	53	49	54	46	51	50	44	46	39	59	38	52	45	37	45	44	49	63	43	53	49	48	50	48	58	51	53	47	48	56	43	49	57	50	55	46	50	39	48	56	37	44	41	52	47	55	34	42	42	50	48	44	36	45	47	57	49	43	58	47	44	34	41	42	54	48	33	40	49	55	49	49	42	35	46	44	53	51	28	48	52	47	45	48	40	48	46	53	24	48	39	52	52	57	44	55	44	42	57	49	42	50	51	41	47	57	51	49	43	55	42	40	48	40	41	46	53	40	55	48	54	45	50	39	47	51	56	48	49	25	52	48	31	57	40	58	35	34	45	56	44	43	51	39	44	49	59	39	45	44	50	53	41	39	49	48	49	44	46	55	52	48	34	49	44	41	49	48	55	46	51	40	52	54	58	55	48	49	45	45	42	48	52	44	38	38	47	49	47	38	55	44	54	40	61	36	51	49	48	46	32	44	57	47	43	46	54	49	46	40	58	49	49	49	54	49	52	46	55	41	43	36	63	50	36	50	57	50	42	37	41	57	52	50	40	47	52	50	35	54	39	37	45	44	50	36	53	51	46	36	39	53	43	41	45	43	50	63	42	45	50	48	36	41	44	54	41	44	51	42	30	45	40	54	52	40	48	30	52	45	55	49	51	36	53	48	55	48	36	50	46	46	39	52	52	45	38	48	40	52	40	42	51	56	49	51	53	49	39	53	45	43	45	45	57	49	59	36	45	25	31	51	46	40	38	48	50	37	42	57	60	52	46	50	52	38	43	44	54	45	38	50	49	51	39	44	46	38	44	52	49	49	49	51	49	45	39	51	51	40	40	47	45	41	54	37	34	55	48	41	46	41	63	49	47	49	55	44	46	51	48	52	52	32	47	51	51	47	59	39	51	42	44	48	54	52	45	50	49	52	55	56	45	47	49	46	45	55	31	35	49	38	42	45	50	49	50	52	59	50	55	54	49	49	54	56	46	58	35	46	51	37	34	43	42	43	52	43	58	52	46	53	47	43	39	45	50	50	52	54	47	39	54	54	48	51	47	43	42	52	59	56	54	46	38	54	40	50	55	33	37	54	49	42	35	55	39	44	35	55	54	45	51	40	44	49	40	53	48	50	36	30	41	43	44	43	52	56	49	46	52	56	51	53	56	43	38	55	35	36	45	47	37	45	42	55	30	53	47	54	44	45	41	44	37	55	42	44	43	45	47	51	47	40	35	45	44	50	49	44	40	55	33	44	50	46	41	49	53	47	46	25	53	44	50	47	59	30	39	49	46	51	49	60	50	49	59	57	48	52	41	53	41	47	45	55	49	41	46	57	47	45	51	50	38	49	46	41	54	39	43	42	52	51	51	51	56	52	40	40	49	59	36	43	55	49	51	63	45	52	49	53	39	52	47	48	41	52	42	51	55	48	58	50	45	37	44	35	43	46	39	54	36	45	53	35	38	33	48	50	46	59	59	36	64	46	45	53	37	54	46	40	43	51	40	54	43	42	43	35	55	46	44	56	47	55	35	39	45	52	46	52	45	46	63	49	43	52	36	50	36	41	43	50	44	47	39	31	50	49	43	54	55	58	50	39	56	46	58	32	46	60	34	47	44	40	36	47	52	50	51	26	49	52	41	45	50	48	42	51	40	54	37	45	64	45	48	36	53	56	51	46	56	57	55	48	46	47	41	46	58	50	43	41	43	47	36	63	58	53	55	49	40	26	41	53	40	47	56	48	53	42	51	41	40	33	41	54	38	49	47	31	53	59	55	44	56	38	36	50	56	49	47	42	47	48	55	57	37	49	45	44	54	53	59	49	50	45	41	47	55	41	44	50	48	45	58	48	55	56	40	55	46	40	44	40	47	50	53	49	41	49	37	44	45	54	50	38	51	59	49	44	42	40	46	36	46	34	46	42	55	42	51	58	53	46	43
2023.80938661504	32	27	32	33	28	38	20	39	24	45	36	37	30	47	37	23	46	44	52	50	40	33	37	31	27	23	41	48	31	37	37	37	25	48	32	43	41	30	42	47	39	34	38	38	43	41	40	46	31	48	23	39	32	54	35	31	33	40	45	50	30	59	39	61	46	37	56	53	21	40	38	50	41	26	33	25	10	60	40	22	37	42	36	34	34	32	29	51	39	24	24	37	26	26	43	13	37	48	44	41	39	38	37	37	24	28	24	31	31	38	46	27	36	27	29	29	29	46	37	21	23	36	42	42	43	42	29	44	19	38	45	41	39	37	35	31	31	32	39	38	26	39	52	27	26	46	33	52	40	46	41	31	30	47	41	41	27	36	40	29	32	36	51	27	46	32	27	38	29	40	59	36	48	34	47	36	40	49	41	44	42	41	54	34	37	56	36	38	35	39	23	39	52	26	33	35	39	44	48	22	31	39	44	32	29	19	46	39	50	40	35	46	38	31	19	33	35	51	31	15	24	40	53	43	42	32	25	29	29	47	46	18	41	34	42	36	41	24	39	22	48	18	34	23	48	43	54	30	44	29	28	54	43	30	39	44	33	34	48	38	42	24	46	28	32	40	23	37	36	47	24	46	41	46	31	41	18	24	40	46	34	34	13	46	37	21	46	24	46	20	21	36	46	33	35	35	36	37	47	50	36	37	31	42	46	25	24	39	40	32	36	38	51	39	36	21	41	31	35	41	41	40	41	33	27	45	41	48	50	37	38	40	31	32	33	47	29	23	26	36	34	38	23	44	33	49	21	59	32	41	38	37	35	19	39	55	45	32	33	54	40	38	30	49	38	35	42	40	34	48	36	48	34	33	26	59	39	23	38	49	34	28	26	31	49	42	35	28	31	40	42	33	44	31	31	37	35	42	26	37	42	42	18	26	47	32	28	31	27	39	60	28	35	37	34	26	22	34	46	26	37	45	32	22	35	28	46	39	27	36	23	38	38	39	33	35	26	43	42	52	34	26	45	34	39	24	46	31	34	20	44	22	37	31	34	39	47	40	43	47	39	30	46	43	35	34	34	46	34	52	28	32	13	19	43	33	24	20	37	36	17	26	52	48	40	32	35	48	24	29	31	47	37	29	41	33	45	27	32	31	26	36	40	33	39	47	44	40	44	20	41	48	33	32	37	35	27	49	27	22	47	40	27	36	26	60	45	38	41	53	33	38	36	31	40	42	23	41	47	42	44	57	27	48	39	29	40	55	44	31	45	45	42	54	48	38	31	43	30	40	45	24	24	38	28	32	35	41	29	35	41	48	48	54	42	43	37	47	48	37	53	27	32	43	23	24	26	28	31	42	31	49	43	27	39	41	24	23	31	42	44	47	43	40	27	46	46	33	41	34	32	28	38	53	50	43	29	26	43	35	40	42	23	23	42	34	27	19	44	25	29	33	44	43	32	41	29	36	39	31	48	42	43	22	19	27	31	29	33	42	47	41	30	46	47	40	47	49	39	26	58	22	25	34	32	28	33	34	53	23	47	38	53	33	34	31	35	29	42	33	31	26	31	36	45	32	27	24	34	30	42	39	33	27	46	23	33	45	42	28	38	46	34	34	13	46	37	43	37	53	24	27	43	33	33	39	58	40	37	58	49	47	42	32	48	37	38	42	49	39	27	34	47	26	38	39	44	27	38	40	37	44	26	26	33	44	42	41	43	48	43	22	29	41	54	31	26	45	39	49	59	34	39	38	46	24	43	26	40	25	43	37	40	53	39	52	34	41	28	34	20	27	37	28	46	26	40	39	25	30	23	40	34	22	53	50	26	55	37	35	40	23	42	38	23	30	46	30	43	27	31	29	20	58	45	38	53	41	48	20	26	31	47	25	48	34	34	54	41	32	42	29	37	26	27	37	36	35	33	23	24	35	42	29	52	54	46	42	36	45	35	50	27	30	51	16	37	36	24	22	39	39	42	35	14	43	42	30	38	40	39	32	38	27	51	26	33	55	26	39	26	48	48	46	35	47	40	47	40	35	37	30	34	48	42	27	33	27	45	26	60	49	45	50	39	32	14	37	39	28	42	51	34	44	32	35	26	23	22	28	54	24	36	34	15	52	48	53	36	47	27	23	40	50	43	31	31	47	31	54	50	26	42	30	37	53	37	53	34	40	33	23	34	41	28	29	47	39	35	53	47	38	53	32	41	37	27	36	23	24	48	52	37	33	42	17	41	26	46	42	27	38	51	43	29	35	28	31	30	25	21	32	34	46	32	39	46	40	25	34
2023.81395382912	24	16	20	27	5	28	8	34	10	33	27	28	20	46	22	12	36	37	48	32	26	16	25	28	16	17	27	46	22	27	34	28	6	39	15	38	29	11	32	34	27	15	28	32	38	32	25	37	10	30	17	28	19	50	28	29	25	30	40	34	19	52	24	58	31	22	54	48	14	20	29	45	37	17	10	13	3	56	24	17	25	32	23	19	25	25	18	36	30	10	9	22	21	14	24	9	25	46	33	26	31	32	29	30	10	19	6	25	25	21	36	20	29	20	19	21	20	37	29	17	10	23	27	31	35	16	13	35	5	25	40	30	26	25	18	16	13	26	30	28	8	29	41	18	12	41	22	42	25	32	30	26	20	32	37	29	18	15	37	14	22	31	37	20	32	15	17	29	13	18	52	25	44	18	41	25	33	39	32	31	32	36	54	12	31	54	29	27	28	35	10	26	48	16	21	22	27	30	44	12	11	34	27	18	13	11	37	28	34	25	23	34	23	16	10	22	23	36	12	12	11	26	47	26	37	17	11	7	14	30	38	11	32	25	32	27	35	20	26	4	44	12	19	10	46	30	50	11	35	14	6	50	22	25	35	42	10	11	37	14	32	6	32	9	19	33	15	31	17	40	11	36	35	35	16	28	7	14	21	32	23	18	5	31	25	9	34	20	37	11	15	27	39	16	30	17	31	31	37	44	31	29	16	33	35	8	9	20	22	26	23	22	48	17	18	7	31	29	22	30	32	23	32	25	9	35	30	30	43	25	33	34	16	17	29	39	15	12	12	26	28	30	12	26	21	44	14	52	21	32	28	23	17	13	33	52	36	24	19	51	24	26	23	39	28	22	37	29	28	46	25	44	25	26	17	52	37	4	28	42	23	6	17	14	42	29	15	20	13	35	31	26	26	14	22	37	23	30	8	26	32	33	9	13	40	24	6	16	16	27	56	9	25	18	16	18	10	20	41	19	31	40	18	9	25	20	35	29	11	18	17	29	22	33	15	25	18	14	32	43	23	18	36	23	29	9	37	13	15	13	36	6	22	22	21	24	37	18	35	38	30	22	39	39	30	18	15	34	19	44	19	20	5	5	35	26	11	8	25	15	4	10	43	30	35	22	23	41	11	15	16	28	27	19	32	15	33	9	26	10	13	34	12	15	35	37	34	26	33	10	28	35	16	19	26	26	11	29	17	12	38	33	6	17	11	53	35	23	27	47	25	22	15	12	12	24	8	33	40	30	37	35	9	46	35	18	31	51	33	25	36	39	24	48	39	25	18	41	19	34	31	18	15	28	5	27	25	32	8	23	30	34	43	50	29	22	31	39	36	27	45	19	26	35	22	15	17	9	20	34	26	39	26	18	29	33	6	12	20	30	31	39	35	29	9	35	41	29	32	19	24	6	30	46	32	34	7	10	32	24	19	13	3	10	29	28	16	5	35	12	18	26	32	35	27	32	17	26	35	14	38	32	35	16	13	16	15	15	25	24	37	34	17	31	37	21	30	30	30	10	48	14	11	16	25	18	16	21	47	17	38	23	50	22	15	14	28	19	29	28	29	9	20	29	36	19	16	15	21	12	33	26	21	16	32	14	16	36	33	16	28	39	11	3	5	39	31	26	25	46	17	15	34	17	18	29	57	20	19	49	42	33	29	26	38	28	23	31	45	20	6	22	34	12	31	27	27	20	33	32	28	26	14	17	24	39	32	26	35	39	32	13	19	40	45	25	17	31	25	41	52	15	27	33	35	9	26	12	31	8	39	25	29	47	29	44	23	34	18	20	8	16	34	15	41	17	25	24	11	12	3	31	14	4	46	44	18	39	21	23	25	10	27	26	15	21	26	19	32	16	26	20	11	48	47	30	44	30	44	11	13	20	39	15	46	18	22	48	31	25	34	24	21	18	6	30	25	20	16	10	15	23	32	20	41	48	37	33	31	30	17	45	22	19	41	11	29	27	11	11	31	17	31	25	7	37	19	24	31	27	29	23	28	16	36	17	17	39	18	30	18	38	39	41	28	36	25	38	31	17	25	16	23	30	33	16	22	12	36	18	53	43	40	40	30	25	7	31	29	20	32	46	23	31	18	22	11	13	11	20	51	11	21	23	3	45	35	47	26	36	20	4	19	32	30	18	26	46	12	48	34	16	37	13	27	50	26	46	18	19	21	17	15	33	16	18	34	29	26	48	41	27	50	27	24	34	14	27	15	14	43	45	31	10	37	4	30	17	32	31	20	14	37	37	18	23	12	10	20	15	7	26	21	32	19	16	34	25	15	26
2023.8185210432	21	16	17	26	6	24	7	29	10	31	20	20	19	44	20	10	31	30	43	28	24	14	22	27	15	16	24	43	19	21	32	20	6	35	14	32	28	8	30	29	26	10	25	27	35	31	23	33	6	29	16	22	19	49	25	28	24	24	34	32	17	47	19	51	27	20	50	45	13	15	24	41	34	18	8	12	3	55	24	16	22	29	23	19	23	24	14	31	28	10	9	20	19	10	20	7	26	43	33	24	27	27	24	25	10	18	5	24	28	17	31	16	26	16	19	17	19	36	24	17	11	22	27	32	31	14	13	35	5	22	40	26	22	26	13	11	15	25	28	25	9	27	37	16	11	34	18	40	24	30	24	22	17	27	34	22	16	15	29	15	18	27	34	18	28	14	14	24	12	15	49	24	40	15	33	21	29	35	24	28	28	35	50	11	25	50	26	21	25	35	8	23	45	13	17	21	26	26	42	10	9	31	25	18	12	11	32	25	30	23	23	28	26	11	9	18	17	31	14	9	7	22	47	25	32	16	10	5	15	27	36	10	31	23	28	27	33	17	22	4	40	11	19	8	41	30	44	8	35	15	7	44	20	22	35	34	8	11	33	14	24	8	28	10	15	29	14	24	12	38	7	32	33	31	11	26	10	14	19	26	17	15	5	27	23	9	27	17	36	12	14	27	36	14	26	15	27	29	34	41	27	28	16	23	33	8	9	18	21	22	22	21	47	18	17	8	26	28	21	24	31	21	26	21	10	32	30	29	39	23	29	31	14	16	26	39	14	10	11	21	24	25	10	25	17	40	13	47	19	27	25	22	18	10	30	50	33	20	18	49	24	25	22	37	25	21	32	27	24	41	22	42	20	18	17	49	34	4	24	36	16	7	18	11	36	26	13	18	15	29	32	23	23	13	21	34	21	23	9	27	24	28	9	10	38	20	6	11	16	25	55	10	23	18	14	16	11	14	38	17	29	40	14	7	23	18	31	29	12	17	15	25	21	32	11	24	16	10	29	41	17	18	34	22	27	9	29	13	14	7	32	6	20	19	21	19	33	15	33	36	29	15	34	34	26	19	14	27	17	42	18	18	5	5	35	26	7	8	23	10	3	11	33	28	29	19	24	39	13	15	11	27	24	19	31	11	31	8	27	6	11	29	9	11	29	34	29	23	33	7	25	33	16	15	25	24	10	24	14	10	32	29	9	12	15	48	28	26	24	45	24	21	15	14	9	17	10	27	35	27	27	35	8	43	32	15	25	47	31	24	34	36	17	42	35	22	16	36	17	31	28	23	14	25	6	25	23	28	7	24	30	29	36	49	23	20	31	36	31	21	44	17	26	35	16	14	16	10	18	29	23	37	24	16	27	27	8	13	19	23	31	39	31	27	8	31	38	26	27	17	20	7	28	41	28	29	5	9	27	22	20	12	2	8	23	24	14	6	35	11	15	23	29	31	24	24	17	22	29	11	37	29	29	16	13	16	11	14	23	17	33	32	17	27	33	19	27	26	28	9	44	14	13	14	23	16	15	21	47	15	36	26	44	20	14	11	25	15	25	24	28	7	17	26	32	16	15	14	18	11	23	25	17	15	28	10	19	34	28	12	25	34	11	6	5	34	29	24	26	41	13	13	30	15	21	21	54	15	16	44	36	31	26	25	37	27	26	28	40	18	9	19	28	14	26	26	25	20	30	29	27	23	13	16	23	36	24	24	35	35	29	15	15	34	43	28	17	28	21	34	49	14	26	30	32	9	24	14	27	8	35	22	24	47	27	35	16	22	16	19	7	16	32	13	34	17	24	20	10	8	2	27	11	4	41	41	16	31	18	25	23	11	27	21	14	19	25	16	28	16	22	19	12	44	43	24	37	29	42	12	10	19	39	12	41	19	19	48	26	22	29	19	21	18	9	25	21	18	14	8	14	24	24	19	37	42	36	23	27	27	18	41	20	17	37	12	24	24	7	6	27	18	32	24	5	32	19	21	26	25	27	21	23	15	31	18	12	31	18	26	18	35	35	37	28	34	25	32	25	18	26	11	22	29	29	16	18	15	33	16	48	39	34	35	29	24	5	24	27	18	30	41	17	28	14	20	15	14	14	17	49	13	19	19	4	38	31	45	22	34	20	4	20	28	28	16	22	44	14	42	32	13	32	12	27	44	27	41	15	20	20	16	14	31	12	15	29	27	24	47	33	21	45	25	21	32	14	24	14	14	36	38	25	8	35	3	26	18	30	32	20	14	34	32	15	17	13	6	20	12	8	26	21	28	16	13	28	23	12	24
2023.82308825728	19	16	20	20	7	21	6	27	7	28	13	15	13	37	18	8	29	24	34	18	20	12	17	22	13	12	21	39	18	15	28	15	5	29	15	29	21	7	26	27	21	9	19	24	32	25	17	27	6	26	12	21	20	46	22	26	21	21	26	25	16	38	16	51	19	16	51	40	12	11	24	33	29	15	7	11	4	48	24	17	17	25	18	20	20	21	13	22	26	10	7	18	16	7	18	5	22	39	29	21	21	24	20	15	10	16	4	22	29	14	29	14	19	14	16	15	18	33	20	16	11	20	22	30	30	16	12	28	5	14	36	24	21	22	11	11	15	22	26	19	7	22	29	16	8	31	17	35	21	22	20	19	14	24	29	16	16	14	23	12	16	21	30	16	24	15	10	24	11	10	42	17	32	11	26	21	22	35	19	23	24	33	45	11	20	51	19	19	22	31	7	23	35	11	14	16	26	21	36	5	8	25	21	18	11	13	32	19	27	17	18	21	19	9	8	17	14	22	12	9	7	19	46	22	26	14	9	5	12	24	35	9	30	20	24	28	28	13	21	5	32	9	20	7	34	29	37	7	28	12	9	37	17	19	31	30	7	11	31	15	23	8	18	9	14	22	12	19	12	35	7	23	28	27	11	22	9	15	16	20	18	11	5	19	19	12	20	13	33	10	15	28	37	12	28	11	21	28	27	31	21	17	14	18	26	6	7	14	17	20	20	18	43	19	13	9	24	26	16	20	30	17	25	19	11	30	28	26	31	19	26	28	12	14	24	33	14	8	8	18	23	20	8	23	14	37	12	38	16	21	19	17	20	10	27	41	33	16	14	45	24	22	18	33	19	21	26	23	23	34	14	36	15	16	17	42	31	3	21	29	13	9	21	10	29	21	11	12	15	23	30	20	18	9	21	30	9	19	7	32	21	25	10	10	35	16	6	11	16	16	48	9	20	17	15	16	9	10	37	14	28	36	12	7	20	12	27	24	11	13	11	22	24	26	9	22	16	9	25	32	18	16	32	19	22	7	24	12	14	5	27	6	16	17	21	13	25	10	27	31	24	13	30	33	28	16	14	20	18	36	16	14	5	5	30	29	7	8	19	13	5	13	30	25	23	16	21	31	11	13	9	21	20	16	25	9	28	8	27	6	11	25	9	9	24	27	25	19	29	4	23	22	11	14	19	15	11	17	10	5	31	22	6	12	13	42	23	19	21	40	21	18	14	12	9	14	10	23	26	22	24	34	8	39	26	17	21	46	24	22	32	32	14	37	29	20	14	30	15	28	23	21	14	19	7	18	20	25	5	21	25	23	28	46	18	17	28	34	28	15	39	14	21	30	12	17	11	9	17	29	20	33	22	16	22	23	8	12	17	19	32	33	30	21	8	27	37	24	21	18	16	9	29	36	18	27	5	8	27	17	19	12	2	7	18	23	10	7	28	11	17	20	27	30	19	19	8	16	24	8	36	25	22	10	13	14	9	14	20	14	25	29	15	19	25	16	24	24	26	8	42	15	10	10	19	14	13	21	46	11	31	19	38	17	14	10	22	16	19	18	26	7	17	23	27	12	13	14	13	12	18	21	14	11	18	7	21	32	25	9	19	30	11	10	5	30	28	20	22	36	12	11	27	9	20	21	48	11	12	37	29	25	21	22	36	26	19	24	37	14	6	14	18	13	20	21	21	18	32	26	26	18	13	11	20	34	21	21	30	29	27	14	16	26	37	29	13	23	16	30	42	14	26	32	30	7	22	13	20	6	32	17	16	46	24	28	13	16	14	19	6	16	28	10	31	17	21	19	9	9	2	20	10	5	36	31	16	24	13	26	21	11	22	20	12	16	20	17	22	16	19	18	10	42	41	19	37	26	36	10	10	17	33	13	34	16	14	43	24	20	29	17	17	16	6	15	21	14	13	7	14	21	23	18	29	37	33	18	21	25	20	33	17	15	31	12	20	24	7	5	21	19	30	22	5	24	18	18	20	24	24	17	18	13	22	21	9	24	14	21	16	29	29	30	24	31	25	31	21	20	22	9	19	26	25	16	17	13	33	16	42	37	26	29	24	21	5	19	22	12	27	30	18	23	12	18	13	10	14	12	45	11	16	18	4	32	26	40	16	31	18	3	19	18	24	14	19	37	12	37	25	11	26	10	25	38	32	36	11	19	20	12	14	27	9	13	27	24	15	40	26	19	42	20	21	28	13	24	12	15	28	32	20	7	28	5	24	15	29	30	18	15	30	25	13	14	15	6	20	13	9	21	21	18	14	13	21	21	13	24
2023.82765547135	15	14	18	13	6	15	6	20	6	18	8	7	8	33	12	5	18	19	28	9	12	10	13	11	8	5	12	31	14	9	25	7	3	19	14	29	13	4	22	16	14	9	11	11	29	18	13	18	4	20	5	13	20	33	17	23	19	16	17	15	12	32	11	40	15	11	37	30	10	7	18	15	23	14	4	10	3	41	16	15	13	12	15	16	12	15	14	12	20	9	8	12	12	5	10	5	12	31	27	11	18	11	12	7	9	14	3	15	26	13	18	8	12	8	14	12	11	24	12	13	9	20	15	26	24	17	11	18	3	12	28	21	13	12	7	6	12	17	18	11	5	18	20	12	5	19	10	26	14	21	13	22	15	19	23	7	12	9	17	9	16	13	27	13	17	14	6	18	9	5	33	8	21	7	19	18	17	31	14	17	17	22	36	9	11	37	12	18	12	26	5	19	26	7	7	12	24	15	24	3	4	18	18	16	9	13	29	9	22	13	15	17	13	4	6	10	7	12	13	5	5	12	37	18	17	8	8	3	9	20	32	6	27	12	17	21	16	6	13	6	21	6	16	5	30	27	28	4	18	9	6	28	9	12	26	19	4	7	21	12	15	7	14	5	12	17	11	10	9	23	5	18	16	23	6	10	9	10	12	15	16	7	3	15	15	11	12	6	24	6	17	21	21	10	23	10	13	22	19	15	13	14	10	9	24	3	8	9	10	15	20	6	29	16	11	9	23	23	12	13	27	9	19	18	8	26	22	20	24	15	12	18	12	8	17	21	15	5	5	9	22	12	5	16	7	29	10	32	13	13	11	19	19	7	24	35	28	10	10	38	16	17	15	23	11	12	17	16	22	30	6	24	7	11	12	33	27	2	15	15	7	6	18	9	15	15	10	8	12	14	26	16	12	7	18	26	5	17	5	29	15	21	10	8	23	10	5	6	14	12	41	5	13	14	13	14	9	8	25	13	22	28	8	7	13	8	23	18	9	11	6	17	21	23	2	14	14	5	12	23	16	14	29	15	14	8	16	11	11	4	23	5	11	13	22	8	18	5	26	15	16	7	22	25	23	16	11	12	14	29	14	10	3	3	22	24	5	8	15	8	3	10	22	17	14	11	15	20	9	9	4	13	14	14	18	2	18	4	24	4	10	17	9	2	19	19	14	16	27	2	17	15	6	12	11	12	8	12	6	3	23	17	5	9	8	32	19	13	12	27	19	6	9	13	9	9	7	19	17	17	19	32	4	31	21	14	15	35	13	15	29	25	9	30	19	17	12	19	8	18	19	20	12	11	6	10	13	21	4	15	18	20	20	33	13	9	22	23	20	9	33	9	14	22	10	18	8	5	19	27	15	23	18	12	18	19	7	12	15	17	26	21	24	13	4	23	25	17	13	18	10	6	27	27	9	18	3	5	16	16	18	10	2	6	13	22	10	8	18	17	14	16	22	24	16	14	6	11	19	6	31	12	12	9	9	11	8	15	16	9	18	16	12	15	18	12	20	23	20	5	36	12	6	4	16	7	7	22	37	6	15	13	22	12	11	9	17	12	10	13	23	5	15	20	20	8	8	12	8	8	9	15	7	11	14	4	19	29	21	7	11	22	7	9	3	22	22	15	12	27	14	8	17	4	16	15	34	7	8	28	15	14	15	17	31	19	13	21	26	9	5	13	17	10	16	14	18	12	26	20	19	12	10	8	11	23	15	11	22	19	23	10	8	23	29	26	12	19	13	21	33	11	24	26	23	8	18	10	13	3	21	13	12	37	13	11	7	9	7	17	6	14	25	6	19	12	14	15	8	7	2	13	6	6	27	15	14	16	10	20	19	9	15	11	11	12	15	13	15	14	22	11	6	36	35	12	27	25	24	6	8	15	21	9	30	16	13	35	23	19	27	14	11	14	5	7	18	8	14	5	11	15	15	11	20	30	24	9	13	21	19	15	17	8	25	11	12	18	5	4	18	16	26	14	4	17	17	12	16	18	13	6	7	8	12	18	7	16	10	12	14	19	19	21	12	24	13	23	15	19	12	8	15	20	16	14	10	13	28	14	32	29	17	22	16	15	4	10	18	8	22	21	16	17	8	13	8	6	10	8	38	9	11	13	3	23	16	27	11	24	12	2	18	9	22	12	22	33	13	30	15	7	17	9	23	22	29	27	7	18	18	5	12	22	7	9	16	13	12	32	19	18	30	12	19	25	10	18	11	10	20	23	11	4	20	3	21	14	22	26	12	12	27	15	9	7	16	4	13	9	9	14	22	14	13	11	17	19	9	21
2023.83222268543	6	13	18	10	6	6	3	12	8	15	1	1	5	28	11	1	10	15	19	4	6	9	9	7	2	4	3	16	15	1	22	1	0	13	11	11	8	3	16	9	8	3	4	2	25	12	8	8	2	14	4	12	20	24	13	20	14	9	9	5	7	16	9	11	8	8	27	16	7	7	6	3	16	13	12	9	5	15	14	14	9	5	10	13	3	10	8	8	19	9	7	11	10	3	6	4	10	16	26	11	11	2	3	4	9	11	3	7	26	10	10	4	10	4	8	9	4	14	3	10	7	18	7	20	14	15	8	11	5	3	16	21	6	10	6	6	17	11	8	4	4	2	5	14	4	5	6	15	9	21	3	25	14	8	16	6	14	8	12	9	16	11	21	5	11	11	5	6	8	4	27	2	5	4	12	12	7	19	6	9	4	13	17	9	7	27	10	9	7	20	1	13	11	4	3	6	16	10	18	1	2	19	12	12	8	11	29	2	17	8	11	9	10	2	4	6	8	8	14	5	4	6	30	14	11	6	6	0	9	17	28	6	27	3	4	16	7	2	6	7	5	2	13	1	17	29	13	3	11	9	8	13	4	3	20	10	12	8	9	11	8	6	8	3	6	7	6	3	4	20	4	9	7	8	6	2	15	12	6	7	11	4	1	8	11	9	5	2	14	7	18	16	3	9	8	4	11	18	4	2	11	6	6	3	9	1	7	1	14	14	18	3	6	16	12	10	12	20	6	3	27	7	11	16	7	26	16	14	15	11	1	9	7	6	15	10	15	1	4	5	22	2	1	8	3	24	7	16	11	1	4	12	15	5	7	20	26	3	8	7	14	12	11	20	4	8	11	9	22	17	4	18	3	5	10	27	16	2	6	4	0	8	20	8	4	5	9	2	17	6	20	11	5	5	18	21	1	10	4	26	7	16	14	6	20	3	5	6	13	3	15	3	4	11	12	9	8	3	23	13	18	16	6	5	4	2	8	11	8	12	8	8	18	17	1	11	9	0	5	12	11	11	23	6	9	7	6	8	7	4	13	6	8	13	21	4	16	4	10	10	9	5	12	16	8	19	7	5	12	9	11	8	1	5	16	23	4	8	11	10	4	9	5	14	6	6	10	10	8	7	2	14	4	8	12	1	15	4	24	2	1	12	5	1	17	4	8	15	26	4	8	6	4	6	7	7	6	8	5	1	15	7	5	4	8	10	14	10	3	7	14	3	8	14	5	5	8	17	12	10	5	28	4	16	12	12	9	17	4	7	23	17	5	10	13	15	8	8	6	9	18	13	11	4	6	1	4	14	3	10	14	6	2	24	2	4	18	9	8	1	14	6	12	16	9	17	7	3	13	26	9	20	16	14	2	17	6	9	14	10	20	10	14	6	4	8	23	15	1	13	3	8	23	12	4	13	0	0	5	20	17	8	4	5	2	22	6	10	11	20	12	11	5	14	12	6	4	5	17	4	26	5	1	6	6	13	3	15	13	5	16	7	13	8	16	6	17	21	19	0	32	9	7	4	13	5	9	21	30	8	10	10	5	10	7	8	13	7	8	8	20	5	13	17	14	5	2	11	8	6	3	14	3	7	8	2	17	23	16	1	4	12	8	11	1	12	18	14	10	12	8	3	15	1	16	11	5	7	3	17	4	6	5	11	26	13	10	19	7	1	5	10	13	10	12	8	12	10	21	9	13	5	10	7	8	9	7	11	16	13	15	10	6	14	21	26	11	18	7	14	27	7	16	21	10	7	16	10	7	1	4	9	7	30	6	1	0	3	5	13	3	13	22	5	5	10	9	11	6	5	4	7	6	7	12	2	9	1	1	15	10	7	7	9	6	9	8	1	13	13	25	4	7	32	31	0	11	22	18	7	6	14	10	7	17	19	10	28	12	19	26	2	9	11	5	4	12	2	13	1	9	10	8	4	5	10	14	3	11	19	15	3	16	6	13	12	3	9	4	4	11	16	20	11	6	4	14	8	12	17	6	8	5	2	8	20	5	1	2	8	11	8	13	13	8	20	9	15	9	15	10	8	6	14	8	13	6	12	26	9	10	19	9	12	9	10	6	3	2	2	19	9	11	9	6	8	8	5	8	3	7	8	16	13	1	11	9	7	5	20	10	2	17	4	16	8	25	28	14	10	5	4	11	11	22	5	26	12	4	17	16	4	12	10	1	3	9	6	7	11	12	9	13	6	17	22	11	9	6	12	2	11	7	12	11	4	21	13	21	20	10	11	21	11	3	8	17	2	7	7	10	12	21	8	6	8	9	10	7	13
2023.83678989951	8	15	19	11	9	5	4	12	10	13	2	4	6	26	12	8	11	10	19	5	7	10	12	8	3	4	4	15	15	2	20	4	1	13	11	12	8	2	14	12	8	4	5	3	22	12	9	9	5	14	4	11	18	22	14	18	13	9	9	9	9	18	9	14	9	6	25	18	7	8	6	5	15	14	13	11	7	15	15	15	12	6	13	13	5	12	12	7	17	12	8	12	10	4	7	5	11	15	24	10	10	3	4	3	12	11	4	10	28	10	11	8	12	8	9	8	5	13	4	13	7	19	7	19	13	13	8	9	6	4	15	22	8	11	7	6	19	11	11	5	6	7	6	13	5	5	8	12	7	21	4	23	15	10	15	7	13	9	10	12	17	11	19	7	11	11	6	6	8	6	22	3	8	5	13	13	7	17	5	10	5	11	18	12	7	25	12	10	7	21	2	16	9	5	4	9	17	12	15	3	5	14	8	10	8	14	26	3	15	9	12	10	10	5	5	8	8	7	14	5	5	8	26	17	12	6	5	2	12	17	23	9	28	5	5	18	7	4	8	7	8	5	13	2	18	27	13	2	9	12	12	13	7	10	21	10	13	8	11	11	8	8	7	6	9	7	6	7	8	22	5	7	7	9	6	3	16	11	4	11	10	5	4	9	11	12	7	4	13	7	17	18	6	10	9	5	11	15	7	5	11	7	9	4	7	2	8	2	14	12	19	4	7	20	12	11	12	18	9	4	28	9	13	15	8	26	16	14	13	11	2	10	9	6	14	9	16	8	5	4	21	5	8	9	4	23	7	18	10	3	5	12	19	5	8	22	19	4	10	7	15	15	10	22	5	9	12	10	21	18	6	15	3	7	10	22	14	3	5	4	2	12	19	9	4	6	11	3	19	7	19	13	8	6	18	22	2	11	6	26	9	16	14	8	22	4	8	6	15	4	15	6	7	9	13	11	9	4	22	12	15	15	7	5	7	3	9	12	7	12	10	13	17	16	3	11	11	4	6	15	10	12	22	7	8	8	8	9	8	3	12	9	6	12	18	8	13	6	13	10	7	6	12	18	9	22	8	7	11	10	11	6	4	6	17	22	5	7	11	12	6	9	8	14	7	8	12	7	9	8	5	14	5	9	12	3	13	7	22	5	3	12	7	3	17	7	9	14	24	7	11	9	9	9	9	7	6	11	6	3	11	7	7	8	10	9	14	10	4	8	13	4	9	14	7	7	9	19	11	9	5	28	7	15	10	13	8	18	6	10	22	16	7	9	13	14	9	11	9	10	22	15	12	5	9	2	7	16	4	12	13	6	2	22	5	7	15	8	7	2	15	7	12	17	12	17	7	6	14	26	11	22	14	13	7	19	8	8	15	11	19	9	13	6	7	9	22	14	3	13	4	12	21	13	5	15	2	1	6	21	13	14	4	7	5	21	10	12	9	21	13	13	5	13	11	5	7	6	17	3	23	6	2	8	10	14	5	16	10	7	13	9	12	9	13	4	17	18	17	1	31	11	9	4	13	8	10	18	26	10	10	10	5	10	8	9	14	8	10	11	18	6	14	18	15	6	3	12	8	9	4	13	4	7	7	4	18	22	16	4	5	12	8	12	4	12	15	16	11	13	9	4	15	1	17	10	8	8	4	17	4	6	6	11	23	12	10	21	7	2	7	11	13	10	11	8	8	11	18	9	12	8	10	7	7	8	9	10	17	13	17	9	9	13	18	28	10	22	9	16	22	8	17	18	10	8	14	10	6	2	9	12	8	26	7	5	2	4	8	13	4	15	20	5	5	10	7	13	5	9	4	6	8	7	13	5	11	3	5	16	8	7	7	9	6	10	10	6	12	15	23	5	7	31	24	1	11	22	15	7	8	15	9	10	18	22	11	21	12	19	26	5	12	12	7	3	13	5	14	2	11	12	8	5	6	9	13	4	11	16	19	5	16	9	14	10	4	9	5	7	10	20	19	11	8	5	18	6	11	15	7	10	6	3	7	19	7	3	4	10	12	7	13	15	8	17	10	11	8	19	11	11	7	14	9	15	8	12	19	11	9	19	9	12	7	12	8	7	7	3	18	12	10	10	7	11	10	10	12	4	7	9	16	16	2	10	10	8	6	17	11	3	13	5	16	9	23	26	14	9	9	5	12	12	16	5	26	13	5	13	18	4	12	8	4	5	12	7	7	12	13	10	14	8	14	20	12	9	6	11	2	10	7	13	12	6	22	14	21	19	11	11	19	11	5	8	17	5	9	10	11	12	18	7	5	10	10	8	10	13
2023.84135711358	8	11	16	11	9	5	5	10	10	12	4	4	5	22	12	8	11	5	15	6	7	12	12	10	6	6	5	19	13	1	17	4	5	9	11	11	7	1	14	12	7	7	8	4	16	15	8	9	7	11	6	10	17	24	13	13	14	11	8	10	8	16	10	13	10	4	28	9	6	10	7	8	12	11	13	9	6	17	12	13	12	6	12	13	6	10	16	7	16	12	9	12	8	3	7	5	13	19	24	9	10	4	4	3	12	11	9	10	25	11	11	10	12	10	9	5	9	13	4	12	8	15	7	16	12	10	9	9	5	7	13	20	9	13	8	6	23	9	11	8	8	7	6	15	5	7	8	10	5	21	7	21	16	10	12	7	15	9	10	12	12	12	14	4	9	11	6	7	7	6	15	6	8	7	14	13	6	16	1	9	5	12	15	14	8	28	12	10	7	16	2	13	11	6	7	15	16	12	16	4	8	12	9	8	7	13	21	2	13	8	11	10	10	6	4	8	10	7	11	8	4	8	23	15	11	4	4	5	12	17	16	6	24	6	5	16	8	6	9	10	8	6	13	2	21	20	15	1	9	12	12	15	7	11	16	9	13	8	11	11	11	9	7	7	8	6	9	7	12	17	4	7	8	9	6	6	15	12	2	11	13	7	5	10	10	11	7	6	13	6	17	16	6	12	9	8	12	13	7	6	12	7	8	14	5	2	9	3	18	11	15	7	5	19	10	11	14	13	15	7	24	9	13	15	8	23	13	11	13	10	1	9	9	4	10	11	13	8	5	7	13	5	8	5	7	20	6	16	8	3	8	13	18	4	7	21	17	6	9	6	12	14	10	18	8	8	11	9	13	21	6	16	3	11	10	15	13	3	5	5	4	12	16	6	5	6	15	6	23	7	16	11	8	6	15	18	5	9	8	25	12	14	14	8	17	6	10	6	11	3	17	7	7	8	14	11	11	4	16	14	13	13	7	5	7	6	9	10	6	10	10	14	15	13	4	9	11	9	6	17	13	12	22	6	8	9	9	9	11	5	11	9	4	10	15	10	11	6	11	7	7	6	11	17	9	19	11	7	11	7	11	7	5	5	14	17	4	7	10	13	6	11	13	13	7	8	11	7	8	8	6	14	6	9	15	4	12	9	19	7	3	12	5	4	15	7	10	13	24	8	16	11	9	8	10	7	8	12	6	4	10	6	10	12	10	7	14	10	5	8	14	7	9	11	5	6	9	19	10	10	5	23	9	19	6	10	8	19	8	10	22	14	6	11	9	12	8	10	8	9	21	19	12	8	9	3	7	13	2	11	11	8	2	24	5	7	14	8	11	1	13	11	13	14	14	17	7	7	14	22	10	18	9	15	7	19	9	8	15	9	18	11	12	6	9	9	16	10	3	16	6	12	17	11	6	12	5	1	8	20	10	14	4	7	5	13	10	15	9	21	10	11	7	12	10	1	7	6	15	3	18	6	5	7	6	13	6	13	7	6	11	11	12	10	11	2	17	16	16	1	27	14	12	4	11	7	8	15	23	10	7	10	6	8	11	6	13	5	9	10	13	6	13	17	12	6	6	12	6	10	14	11	7	6	7	4	18	22	14	5	8	11	8	12	5	11	13	13	13	11	11	4	17	5	17	7	10	10	4	13	5	6	6	9	18	10	10	17	9	3	10	11	12	9	11	7	9	10	16	7	10	8	11	7	6	8	12	9	14	9	19	8	11	11	10	25	8	21	9	18	15	11	16	16	9	9	9	9	6	2	15	12	6	23	9	6	4	4	7	14	5	11	17	7	7	10	5	14	4	10	4	6	8	10	11	6	11	3	6	16	7	8	7	8	9	9	8	11	13	11	21	9	6	27	21	12	7	16	16	6	8	15	11	11	21	19	11	15	14	14	22	7	13	12	10	3	13	5	12	2	12	11	11	9	6	11	13	14	12	14	18	8	20	8	12	9	4	9	4	7	10	19	16	9	10	5	16	6	11	13	9	10	6	6	7	16	6	3	4	12	12	9	9	14	7	17	12	10	8	18	13	11	6	11	8	11	8	11	17	11	7	19	8	13	7	10	10	7	7	6	17	12	13	9	7	11	10	13	13	6	6	8	15	16	4	11	9	8	6	17	10	3	10	6	15	8	21	22	11	11	10	6	11	11	15	6	25	11	7	10	16	6	11	8	5	7	12	9	7	11	14	10	12	8	13	17	11	9	9	12	2	11	8	13	13	6	20	11	19	16	10	11	14	9	7	10	15	7	8	11	11	13	15	7	6	14	10	7	11	12
2023.84592432766	8	9	16	12	9	7	6	9	9	11	4	3	5	16	9	12	11	6	9	5	8	12	12	10	7	7	5	14	12	1	13	3	5	7	12	9	6	4	15	13	7	8	8	4	16	12	7	8	11	9	7	10	17	21	12	13	12	10	7	10	5	16	8	13	10	6	26	8	6	9	7	9	11	12	13	9	6	13	13	11	12	5	10	12	6	13	16	4	13	8	10	9	7	6	3	4	16	14	21	9	7	4	4	4	8	11	10	12	25	10	11	12	12	12	6	4	12	9	4	12	9	14	7	17	11	8	7	9	5	9	13	16	8	16	8	7	24	9	10	8	10	8	5	14	4	8	11	9	5	21	7	21	16	8	11	7	14	7	7	12	11	10	8	6	5	12	5	7	9	12	12	7	8	7	14	11	7	16	3	4	5	10	17	10	10	26	12	9	8	15	4	12	10	7	8	14	15	9	16	4	10	11	9	8	9	16	18	2	11	7	11	13	11	6	6	11	12	4	11	11	6	8	18	11	12	5	5	5	12	16	15	6	21	6	5	14	6	6	8	10	8	7	12	4	21	15	13	4	9	12	14	13	7	12	15	6	13	9	12	6	17	8	8	6	8	7	9	6	13	21	6	6	6	9	7	7	14	13	4	11	13	7	5	10	11	11	10	6	9	5	16	14	8	12	8	8	10	10	6	11	10	8	10	16	6	2	10	2	21	11	14	6	5	20	9	12	13	13	14	7	21	9	14	14	8	16	14	9	13	11	4	9	9	5	7	10	11	12	4	7	11	6	12	3	8	17	6	16	7	6	8	13	20	7	6	22	17	5	11	6	13	11	11	18	8	7	12	9	11	21	5	16	5	9	9	12	11	5	7	6	4	14	13	7	6	7	14	6	24	7	17	9	8	7	11	14	7	10	10	25	13	12	13	7	21	5	13	7	9	5	13	6	7	8	13	9	13	4	13	15	10	13	8	6	7	6	9	9	5	9	10	13	12	12	4	10	9	11	5	17	13	14	21	6	7	10	8	9	8	6	9	11	6	9	13	10	9	12	11	7	7	5	11	16	8	22	8	10	13	4	11	7	5	5	13	16	6	6	11	15	6	9	20	12	7	7	12	7	8	9	6	13	6	6	12	4	11	12	12	11	5	10	4	4	12	6	10	11	21	11	16	11	10	8	11	9	9	11	5	4	7	7	10	13	10	8	9	11	5	9	12	6	7	11	4	6	8	16	8	9	5	21	12	14	5	9	7	19	9	12	21	13	6	10	7	11	7	9	8	9	20	18	10	8	9	3	7	11	2	12	7	4	3	21	6	7	14	6	15	1	14	11	11	13	13	17	5	6	13	15	9	18	9	14	8	16	8	6	15	10	15	10	11	7	12	9	13	7	6	15	5	14	14	8	5	11	5	1	7	20	6	16	4	7	6	11	10	14	9	21	9	9	7	11	8	3	8	6	12	3	14	5	5	7	7	12	6	11	3	6	9	11	12	10	9	4	16	12	13	1	15	16	12	4	13	9	8	13	18	10	7	11	8	7	8	7	12	5	10	8	13	5	13	12	12	7	7	10	7	10	16	10	8	6	8	7	18	21	12	6	8	11	9	10	5	11	10	10	16	8	13	4	15	8	17	7	13	9	5	9	6	6	7	9	14	10	11	14	9	2	10	10	12	8	11	7	9	9	16	4	10	8	13	5	10	9	13	9	13	7	22	7	11	12	11	25	8	20	10	16	12	8	15	16	5	10	9	8	5	2	15	12	7	18	8	11	4	4	9	9	6	9	13	5	8	9	5	12	5	12	4	5	10	10	8	11	9	7	7	16	7	9	7	8	9	9	7	19	12	9	21	12	5	15	13	13	8	15	16	5	7	15	10	14	21	22	10	12	13	11	15	7	13	14	10	4	11	5	11	4	14	12	17	12	5	10	9	16	10	12	20	9	16	8	11	8	4	11	6	7	7	20	17	10	10	7	15	6	11	11	8	12	6	7	4	13	6	7	5	13	14	7	7	16	8	13	16	7	7	20	16	12	6	9	6	9	11	11	17	9	8	17	7	12	7	13	10	6	8	6	13	12	13	4	8	9	10	15	12	6	6	8	14	16	6	11	9	9	6	13	9	5	6	5	15	7	21	16	11	10	10	7	12	10	15	8	25	8	7	6	12	7	14	8	6	7	13	8	9	11	14	9	12	9	11	13	13	11	9	13	3	11	10	13	13	6	16	12	18	17	9	6	8	9	7	12	14	11	8	14	12	11	13	8	4	17	13	7	14	12
2023.85049154174	8	12	15	12	9	9	7	8	10	11	5	4	6	13	8	17	12	7	10	5	9	11	11	11	7	9	6	14	8	5	13	4	6	8	12	9	7	6	18	15	8	9	10	5	14	12	7	8	15	9	9	10	17	20	13	9	11	9	7	10	5	15	9	12	12	5	23	8	8	9	8	10	12	14	14	13	7	16	12	11	11	7	11	10	6	16	20	9	10	8	13	8	6	7	3	5	16	14	17	9	7	5	5	5	8	12	11	13	20	11	12	15	13	15	6	7	14	8	5	12	10	12	7	14	12	8	5	13	6	10	13	16	9	16	9	8	25	9	11	10	12	9	5	15	7	11	11	6	7	20	9	18	16	7	12	8	15	8	7	12	12	9	6	6	3	12	7	8	11	16	9	10	8	9	13	13	8	15	4	4	5	9	15	11	11	23	13	11	9	14	6	11	9	7	9	14	15	8	18	7	10	11	9	8	11	17	14	5	10	7	12	14	12	8	7	11	16	9	13	11	7	10	17	10	13	6	10	8	12	15	9	6	18	6	5	14	7	7	9	11	8	8	10	6	19	9	11	6	13	12	15	11	7	15	14	7	14	11	12	8	20	9	7	6	9	8	11	6	18	23	7	7	7	9	8	9	15	13	4	9	15	9	8	12	12	12	12	7	8	4	12	14	12	11	10	14	9	10	10	14	9	7	11	18	7	5	13	5	23	10	12	11	9	17	9	12	12	9	14	9	18	8	15	14	9	12	13	9	15	12	6	10	10	6	7	11	9	17	7	7	9	7	17	5	9	10	8	15	5	8	10	15	21	8	2	23	11	6	9	7	12	9	10	20	10	10	13	7	9	19	6	18	6	10	10	9	10	6	9	7	5	15	12	8	7	8	17	7	25	9	14	9	10	9	10	14	10	7	12	22	14	11	14	8	23	6	14	8	12	6	16	6	10	8	13	10	15	6	9	16	10	13	9	9	10	7	9	10	6	9	10	15	10	13	8	10	10	17	7	16	15	18	23	7	10	13	8	10	9	8	7	13	5	9	9	14	8	16	12	9	6	4	9	15	10	24	9	12	12	7	12	7	8	6	15	16	7	3	12	17	10	11	24	12	9	8	13	6	8	10	8	13	8	6	12	8	11	12	9	15	6	9	6	8	9	10	10	10	17	11	18	14	12	9	12	10	8	10	7	7	9	8	11	18	12	8	7	12	6	11	11	11	8	13	6	7	8	13	5	9	6	9	12	14	5	9	5	18	11	13	23	13	7	9	8	10	6	10	9	10	19	20	9	10	9	3	10	10	5	13	5	7	4	20	11	7	12	6	17	5	15	13	11	15	13	17	8	6	11	14	13	20	10	15	9	13	9	7	17	7	14	11	12	10	12	9	9	7	8	17	6	15	8	10	5	11	8	4	7	20	7	17	5	8	11	9	11	17	13	22	9	9	8	12	9	4	12	6	9	3	11	7	6	8	8	13	7	9	4	7	8	10	14	12	8	4	15	11	10	4	10	17	12	5	13	10	7	9	17	10	9	12	7	7	9	8	13	6	11	9	9	6	15	14	14	7	7	9	8	10	18	10	9	7	7	7	20	23	11	9	10	9	11	11	8	9	10	8	16	10	14	4	14	9	18	7	16	9	6	9	7	5	8	9	11	11	12	11	10	5	11	12	10	8	17	8	9	7	17	4	11	10	12	8	11	8	14	9	15	8	24	11	11	12	13	20	8	19	13	13	9	9	15	17	6	13	10	8	6	5	16	11	8	17	11	16	5	6	10	7	7	12	13	6	11	10	7	12	10	11	5	6	10	11	10	14	10	11	8	17	8	10	7	6	11	10	10	24	15	12	18	14	4	10	9	18	9	16	18	4	8	17	11	16	19	24	12	12	12	10	14	8	11	18	11	5	13	5	11	6	15	13	20	14	5	9	8	18	9	13	21	10	13	9	9	11	5	9	7	8	7	17	14	10	15	7	14	7	17	9	11	13	7	7	9	12	6	11	11	14	18	6	8	16	8	11	17	9	5	21	16	12	7	9	5	12	11	11	11	10	8	12	7	10	6	16	15	6	9	7	12	12	15	4	9	8	12	16	13	7	7	8	14	19	8	12	9	11	6	11	7	6	7	5	12	6	18	13	13	9	10	7	13	11	14	7	22	10	9	7	12	9	20	8	9	8	15	11	10	13	13	11	12	10	8	13	14	9	11	13	4	12	11	14	14	10	16	14	16	14	7	8	6	9	8	16	16	15	9	16	12	11	9	7	7	16	14	8	16	11
2023.85505875581	7	10	14	12	8	9	7	5	10	8	5	4	5	7	9	18	12	6	7	8	9	10	10	14	7	9	6	13	9	6	7	4	6	6	13	8	7	10	18	13	8	9	10	6	12	12	5	9	15	6	9	9	14	18	9	7	10	6	7	10	5	17	11	12	11	5	24	7	9	10	8	9	11	13	12	13	8	16	10	10	10	7	9	10	11	16	18	11	9	9	15	9	7	9	4	5	16	13	17	9	7	6	5	5	9	11	12	11	19	11	12	15	15	15	7	7	14	9	5	9	11	13	7	11	11	8	8	13	6	10	13	14	13	16	9	8	23	10	10	10	13	11	5	13	7	13	11	6	7	19	8	15	14	8	11	8	13	8	7	11	9	8	5	7	4	13	7	8	12	17	7	11	10	9	11	13	7	14	5	5	6	7	12	12	9	24	15	11	8	13	7	9	8	5	8	14	14	8	17	7	10	11	9	8	12	15	12	7	9	5	13	13	12	7	5	11	14	11	13	11	8	10	14	10	14	5	10	9	11	16	9	6	13	11	6	14	6	7	13	11	10	8	10	7	19	5	12	10	13	11	16	12	7	14	13	8	12	11	13	9	20	8	7	8	8	7	12	6	18	21	8	7	6	8	8	9	15	12	7	9	14	9	9	11	10	12	12	7	9	6	11	14	14	10	10	14	8	10	9	14	8	8	12	18	6	7	15	7	21	10	13	13	8	17	8	11	12	7	14	8	13	7	15	15	10	10	12	6	14	10	6	11	8	5	5	12	7	18	7	7	7	7	18	5	8	3	9	17	4	9	10	15	18	7	3	22	9	7	9	6	10	8	11	19	10	10	14	5	7	19	7	17	9	11	7	7	8	7	9	8	5	16	11	8	8	9	17	7	23	13	11	8	11	11	5	13	10	6	13	22	14	8	13	8	21	7	14	8	10	8	16	8	10	8	13	9	15	8	7	17	10	13	9	8	10	7	8	9	6	8	10	17	8	13	9	10	9	18	7	13	14	16	20	7	13	15	7	13	9	9	8	12	5	8	9	14	9	17	12	9	5	5	8	14	10	24	9	12	11	7	11	6	9	6	16	15	8	4	10	17	11	11	24	12	13	8	13	7	9	10	7	13	8	7	12	9	8	14	9	15	8	8	11	9	8	9	10	10	17	13	18	15	13	8	10	10	8	10	7	7	9	7	11	18	11	8	7	12	6	12	10	13	8	13	11	8	12	12	4	8	7	7	14	13	3	8	6	16	11	11	20	13	8	7	6	9	6	10	11	11	19	18	7	10	8	5	10	8	6	13	4	8	4	18	11	7	10	4	19	6	16	12	8	16	12	14	7	8	11	13	12	19	6	13	11	12	8	8	16	6	12	12	11	10	14	8	7	5	9	18	7	16	7	10	8	9	9	6	6	19	4	17	6	8	11	7	11	18	13	23	8	8	7	11	9	5	10	6	8	4	7	7	8	6	7	12	6	7	5	8	9	13	11	11	9	7	16	10	9	6	8	18	13	6	13	9	7	9	14	10	9	12	8	8	9	8	9	7	11	7	7	7	15	13	12	4	7	7	9	10	18	8	8	7	7	8	20	20	8	10	10	8	11	11	9	8	10	9	16	10	13	5	13	9	15	8	16	10	6	8	8	5	9	10	7	11	12	5	11	7	11	12	10	6	18	8	9	7	13	4	11	11	13	7	9	9	14	9	16	6	21	9	12	10	14	19	8	19	15	9	7	9	14	13	6	15	6	6	8	7	19	10	8	14	12	16	5	7	9	7	7	10	7	6	13	7	7	11	10	11	6	8	10	11	10	14	9	11	8	17	7	11	7	4	12	10	10	24	14	10	15	14	6	8	4	19	8	17	17	6	8	16	12	16	19	24	12	7	12	9	13	9	10	16	11	5	13	5	11	7	15	13	20	14	5	7	9	18	8	10	18	9	12	11	9	11	5	10	8	9	7	17	11	10	13	8	13	6	18	9	12	12	7	7	11	11	5	11	11	15	16	6	6	13	8	9	17	9	6	18	16	10	7	6	4	10	11	11	9	9	8	12	7	8	5	16	13	6	11	7	10	11	14	5	9	7	11	15	15	7	6	9	14	18	8	13	10	12	6	9	7	7	4	8	11	6	15	7	13	7	10	5	14	11	9	8	22	10	9	4	10	9	22	9	10	8	13	12	10	15	11	11	9	8	9	7	14	10	12	12	4	13	9	12	13	11	14	13	14	11	7	9	5	9	8	14	15	15	9	16	11	8	9	7	6	16	13	7	16	9
2023.85962596989	7	9	13	9	8	9	6	4	9	8	5	4	4	7	9	18	9	6	7	8	9	10	10	13	7	9	6	13	9	6	6	4	6	6	12	7	7	10	16	13	7	9	9	6	12	11	5	9	15	5	9	9	13	14	8	6	10	6	7	10	5	16	11	12	10	5	20	7	9	10	8	8	11	11	12	11	8	15	10	7	10	7	9	8	11	16	18	11	8	8	15	9	7	9	4	5	14	13	13	9	7	6	5	5	8	10	12	10	16	11	9	15	15	15	5	7	14	9	5	8	9	12	6	9	11	8	8	11	5	9	13	12	13	14	9	8	19	10	10	9	12	11	5	12	7	12	11	5	7	14	7	15	12	7	11	8	12	6	7	10	9	8	4	7	4	12	7	8	11	16	7	10	10	9	10	13	7	14	5	5	6	6	10	12	7	20	15	11	8	10	6	9	8	5	8	14	11	8	16	7	10	10	9	6	11	15	11	7	9	5	11	13	10	7	5	11	14	11	13	11	8	9	13	10	13	5	10	9	10	13	9	6	12	11	6	12	5	7	13	11	10	8	8	6	19	5	12	10	11	10	15	12	6	13	10	7	12	9	13	8	19	7	7	7	7	7	10	6	18	20	8	6	5	8	8	9	11	12	7	9	12	9	9	10	9	10	12	7	9	5	11	12	14	10	10	14	8	9	8	14	8	7	11	18	6	7	15	7	20	10	12	13	8	16	7	9	11	6	14	7	12	6	15	14	8	8	11	5	14	9	6	8	7	5	5	12	6	18	7	7	7	7	18	5	8	3	9	16	4	8	9	13	17	6	3	21	9	7	8	5	10	7	10	17	9	8	13	4	7	19	7	16	9	11	5	7	8	7	9	8	5	15	10	8	8	9	17	5	19	12	9	8	10	11	5	11	10	6	12	20	14	8	13	8	20	7	14	8	9	8	15	7	10	8	11	8	14	8	5	16	9	13	9	8	10	5	8	8	5	7	9	16	6	10	9	10	8	18	7	13	12	14	18	6	12	15	7	13	9	9	8	12	5	8	8	14	9	16	11	8	5	5	6	14	10	22	9	12	10	6	10	5	9	5	13	14	8	4	9	17	11	9	23	11	12	8	12	6	7	8	7	11	8	5	11	9	8	14	8	15	8	8	10	9	7	8	9	10	13	13	17	15	11	7	10	9	7	8	7	7	9	7	9	18	8	7	7	10	6	10	10	13	6	13	10	8	11	12	4	8	6	7	14	13	3	7	6	15	10	10	18	12	8	7	6	8	5	10	9	8	17	15	7	9	8	5	10	8	6	12	4	8	4	14	11	6	7	4	19	6	14	12	8	13	11	14	7	7	8	13	12	17	6	12	11	12	7	7	15	6	10	12	11	8	14	8	5	5	8	16	7	15	5	10	8	9	9	6	5	19	3	16	6	8	11	7	11	17	11	21	7	8	7	11	9	5	9	6	7	4	7	7	8	6	7	11	6	6	5	8	9	13	11	10	9	7	13	10	8	6	8	17	12	6	12	8	6	8	13	9	8	10	8	8	9	8	8	6	11	7	6	7	15	13	11	4	7	7	9	9	18	8	8	6	7	8	17	18	8	10	9	6	9	8	9	6	9	8	14	10	11	5	13	9	13	8	16	10	5	7	8	5	9	10	7	8	10	5	9	7	9	10	10	4	15	7	9	6	12	3	8	10	12	7	9	8	14	9	13	6	21	8	12	10	14	16	8	17	14	9	7	9	11	12	6	15	6	4	8	7	18	10	8	13	12	16	5	7	8	6	6	9	6	5	12	5	7	10	10	10	6	8	10	11	10	14	8	11	8	15	7	9	6	4	10	9	10	24	13	9	15	14	5	8	4	19	8	15	16	5	8	15	12	14	19	22	10	6	11	9	13	9	10	14	9	5	13	5	11	6	11	12	19	14	5	7	9	18	8	10	17	8	12	9	9	10	5	8	8	8	7	16	9	10	13	7	13	5	15	9	12	12	6	7	11	10	5	11	11	14	14	5	6	13	8	8	15	9	6	17	14	9	6	5	4	9	11	9	9	8	7	10	7	6	5	16	13	6	11	5	8	8	12	5	9	7	8	13	13	7	5	7	14	16	7	10	10	10	6	8	6	7	3	8	9	5	15	7	13	7	10	5	13	11	8	8	20	10	9	3	10	9	20	7	10	8	13	12	9	15	10	11	8	8	9	6	13	8	10	12	4	10	7	12	12	11	12	11	14	9	6	8	4	9	8	14	13	15	8	14	9	8	8	7	6	15	13	7	14	8
2023.86419318397	6	7	10	7	5	9	6	4	8	6	5	4	4	7	9	18	6	5	7	8	9	9	10	13	7	9	6	9	8	6	5	4	6	6	10	7	7	10	15	12	7	9	9	6	8	11	5	9	14	5	9	8	11	13	7	6	10	6	7	10	5	12	11	10	9	5	18	7	9	10	6	8	11	10	12	11	6	14	8	5	10	7	9	6	11	15	18	11	7	8	15	9	6	9	4	4	13	9	11	8	6	6	4	5	8	10	12	8	14	10	6	15	12	15	5	7	10	9	4	7	8	10	6	7	8	7	7	11	5	9	10	12	11	13	8	8	18	10	10	9	12	10	5	11	7	12	11	5	6	10	7	13	12	7	11	8	11	6	7	8	8	7	4	7	4	10	6	6	11	16	7	10	9	9	10	13	6	9	5	4	6	6	8	12	7	18	12	9	7	10	6	9	8	5	8	14	8	8	14	7	10	8	9	4	11	14	9	7	8	5	10	13	10	6	5	11	14	11	10	11	8	9	11	10	11	5	10	9	8	11	8	6	11	11	6	9	5	7	11	10	9	8	6	6	18	5	12	10	11	8	14	12	6	12	10	6	12	7	11	7	18	6	7	7	7	6	10	6	17	19	8	6	5	7	8	7	10	12	7	9	10	9	9	9	9	8	12	7	9	5	10	9	13	9	9	13	7	7	8	14	7	6	11	18	5	7	15	7	20	10	10	13	5	14	6	7	10	6	14	7	11	6	12	12	7	7	10	5	14	9	6	8	6	5	4	12	6	18	7	7	7	7	18	5	8	3	9	12	4	8	9	12	15	5	3	20	8	7	8	5	8	6	10	15	9	7	11	4	7	18	7	14	9	11	5	7	7	7	9	8	5	14	6	8	8	7	17	5	18	10	7	8	10	11	4	9	10	6	12	15	13	7	10	7	19	7	14	8	7	8	14	7	9	7	10	6	12	8	5	15	7	10	9	8	9	5	7	8	5	6	7	16	4	9	9	8	6	18	7	11	10	13	15	6	11	15	7	13	9	9	8	12	5	8	6	14	9	16	9	8	5	4	5	12	9	21	9	12	9	6	10	5	9	5	9	8	8	4	9	16	11	8	23	9	10	8	10	5	7	8	6	11	8	5	11	9	6	14	7	14	8	8	10	9	7	8	9	7	11	13	14	14	11	7	8	6	6	8	6	7	9	6	9	17	7	6	7	10	6	10	10	13	6	10	10	8	10	9	4	8	6	6	14	9	3	5	6	13	9	8	15	10	8	7	6	7	5	9	8	8	15	14	6	9	5	5	9	7	6	10	4	8	4	13	11	6	6	4	19	6	13	12	7	9	11	7	6	7	7	12	11	15	6	11	10	9	6	7	13	6	6	12	8	8	14	7	5	4	8	13	7	14	4	10	8	7	9	6	5	18	3	15	6	8	11	7	11	15	11	18	5	8	6	8	9	5	8	5	7	4	7	7	8	6	7	9	5	6	5	8	9	12	11	9	9	7	11	10	7	6	7	16	12	6	11	8	6	6	11	7	8	10	8	7	9	8	7	5	10	7	6	7	15	12	7	4	7	6	8	8	18	7	8	5	7	8	15	15	7	10	9	5	7	5	9	5	7	8	13	10	11	5	12	9	11	7	14	10	5	7	8	4	7	10	7	7	10	5	8	7	9	8	10	4	15	7	9	4	9	3	7	10	11	6	9	8	13	8	9	6	21	8	10	10	14	14	8	15	14	8	7	9	8	9	6	15	6	4	8	7	17	10	8	11	12	16	5	7	8	5	6	7	5	4	12	5	6	9	10	8	6	8	9	10	10	14	6	11	8	12	7	8	6	4	10	9	10	23	13	7	13	10	5	7	4	19	7	14	14	5	7	13	12	13	18	21	8	6	10	8	12	9	9	13	9	5	13	5	10	6	8	10	18	10	5	7	9	18	7	7	15	8	11	8	9	10	4	7	8	8	6	14	7	8	13	6	13	4	15	6	12	11	6	7	11	6	5	11	11	11	13	5	6	13	8	7	13	9	6	15	13	9	6	5	4	7	11	7	8	6	6	6	7	5	5	15	13	6	10	5	5	7	10	4	9	7	7	13	12	7	5	7	13	14	7	9	8	10	5	7	4	7	3	8	6	5	13	7	10	7	10	5	11	10	7	8	15	10	9	3	10	9	20	4	10	8	12	12	6	15	10	9	5	8	7	5	11	7	10	12	4	9	7	12	10	11	12	10	12	7	4	7	4	8	8	14	9	14	5	13	7	7	6	7	6	15	13	7	13	7
2023.86876039804	5	7	5	6	5	9	5	4	7	5	5	4	3	5	6	18	4	5	6	8	8	9	10	12	6	8	6	9	7	6	4	4	6	5	9	4	7	10	12	12	6	8	7	6	7	10	4	9	14	4	8	8	9	11	5	6	9	6	7	10	5	10	11	10	7	5	17	7	8	8	5	8	11	9	11	11	6	14	5	4	10	6	9	4	11	15	16	11	6	8	14	6	6	9	4	3	13	9	8	7	6	6	3	5	8	8	12	8	13	9	4	14	11	14	5	7	10	8	3	5	7	9	5	7	6	5	7	11	4	8	9	12	10	13	7	8	16	10	10	7	12	9	5	11	7	12	11	5	5	8	7	10	10	7	11	6	11	5	7	7	6	5	4	6	4	9	6	5	11	15	7	10	9	9	8	13	5	6	5	4	5	6	6	12	7	17	11	7	6	7	6	8	8	5	8	14	8	8	11	7	9	7	9	4	11	13	8	7	7	4	7	13	8	6	4	11	14	11	9	10	8	9	10	10	8	5	10	9	7	9	8	6	10	11	5	8	5	7	10	9	9	8	4	6	16	5	12	10	11	7	13	12	6	12	7	6	11	6	9	7	17	6	7	7	6	5	8	6	16	19	8	6	5	5	8	7	9	10	7	9	10	9	9	7	7	7	12	7	8	5	7	8	13	9	7	13	5	6	8	13	5	6	11	18	5	7	14	7	20	10	9	13	5	13	5	6	8	6	14	7	10	6	10	11	7	4	8	4	14	7	6	6	5	5	4	12	5	18	7	6	7	7	18	5	8	3	8	10	4	8	7	9	14	5	3	16	8	7	8	5	5	5	9	12	7	7	8	4	7	16	7	11	9	11	5	7	6	7	9	8	5	13	5	8	8	7	17	5	16	10	7	7	10	11	4	6	10	6	12	11	11	7	8	6	19	7	13	8	7	8	14	7	9	6	6	5	11	8	4	12	6	9	7	7	9	5	5	7	3	5	5	16	4	7	9	8	5	18	6	11	10	13	13	6	11	14	7	13	9	8	6	10	5	8	5	13	9	15	7	7	5	3	4	10	7	19	9	12	8	6	8	5	9	4	9	7	8	3	7	15	9	7	22	6	10	8	10	5	6	6	6	9	8	5	10	9	5	14	6	14	7	8	9	9	7	8	7	5	8	13	13	12	11	6	8	6	6	8	6	7	8	5	9	16	6	6	7	8	6	10	9	13	5	9	9	8	9	7	3	6	5	6	14	9	3	5	6	12	8	8	13	10	8	7	5	5	5	8	8	6	14	12	4	7	5	5	9	6	6	10	4	7	4	11	10	6	4	4	18	6	12	11	7	9	11	5	6	7	4	10	11	12	6	11	9	7	6	5	10	6	6	12	6	8	14	5	4	4	8	10	7	13	4	10	8	5	9	6	5	17	3	13	5	5	10	7	10	13	11	12	5	7	6	6	9	5	8	5	7	4	7	6	8	6	7	8	5	5	5	8	9	12	10	7	9	7	9	7	6	6	7	15	12	5	11	8	5	5	10	5	7	8	8	6	9	8	5	5	9	7	6	7	13	12	5	4	6	4	8	7	18	7	8	3	7	8	13	13	7	10	7	4	6	5	9	4	6	8	13	10	8	5	11	9	9	5	14	8	5	6	8	4	7	10	7	7	8	5	8	7	9	7	8	4	14	6	9	3	7	3	7	10	11	6	9	7	11	7	9	5	21	7	9	5	14	13	8	14	14	8	7	9	8	7	6	14	6	4	6	7	17	10	8	10	12	16	5	6	8	5	5	7	4	4	12	5	5	8	10	8	5	6	9	9	10	13	5	11	8	8	7	7	5	3	8	9	9	23	13	7	10	10	5	7	4	19	6	12	11	5	6	10	12	13	16	19	7	5	8	7	10	8	7	13	9	5	13	4	7	6	8	10	17	10	5	7	8	18	5	6	14	8	10	8	9	10	3	7	8	8	6	13	7	8	13	6	12	4	14	6	12	9	5	6	11	5	4	11	11	10	13	5	5	12	8	7	12	8	6	14	13	8	6	4	4	7	11	5	8	5	6	5	7	5	5	15	13	6	9	5	5	6	10	4	7	7	6	13	12	7	5	6	11	14	7	8	8	10	5	7	3	7	3	8	5	5	10	5	9	7	10	5	8	8	7	8	11	10	9	3	8	8	20	3	10	8	12	12	6	14	8	7	4	8	6	4	9	7	8	10	4	8	7	11	10	9	12	9	10	7	3	7	4	6	8	14	8	14	5	13	6	7	5	7	6	15	13	7	13	6
2023.87332761212	5	6	3	4	5	9	5	4	5	5	4	4	3	3	6	18	3	5	6	8	8	8	10	10	6	8	6	9	6	6	4	4	6	5	7	4	7	10	12	11	5	8	7	5	7	7	3	9	14	4	8	7	9	9	4	6	6	6	7	9	5	9	11	10	6	4	13	7	8	7	4	8	9	9	4	8	5	12	5	4	10	5	9	4	11	13	16	10	5	8	13	6	6	7	4	3	12	9	7	5	5	5	3	4	8	7	12	7	13	8	3	13	7	13	5	7	10	8	3	4	7	7	4	7	6	4	7	9	3	8	5	12	9	12	5	7	13	10	10	7	12	9	5	11	6	12	11	4	5	5	7	5	6	6	9	5	11	5	7	7	4	5	4	6	3	7	6	4	11	14	6	10	7	8	6	13	5	6	5	4	5	6	6	12	7	13	7	7	5	5	6	8	7	5	8	13	7	8	6	6	9	5	6	4	11	13	7	7	5	3	6	13	6	6	4	11	13	10	7	9	6	9	9	10	6	5	9	9	7	7	7	6	10	11	5	7	4	7	9	7	7	8	4	6	14	3	11	10	9	7	12	11	6	12	5	4	4	5	7	6	16	6	6	7	6	5	8	6	16	18	6	5	4	4	7	7	6	10	7	8	10	8	9	6	7	5	11	7	8	4	4	7	12	8	6	12	5	5	7	13	5	6	10	16	4	7	13	7	16	9	7	13	5	13	3	5	7	6	13	7	10	6	8	10	7	3	7	4	14	7	6	5	4	5	4	12	5	18	6	5	7	7	18	5	8	3	8	9	4	8	7	9	14	5	3	14	6	6	8	4	5	4	9	9	7	6	6	4	7	14	6	6	9	11	3	6	6	7	9	8	5	12	3	7	8	7	17	5	13	10	7	7	10	11	4	6	9	6	12	6	10	6	6	5	18	6	13	7	6	8	12	7	8	6	4	5	9	7	4	9	5	5	7	7	8	5	4	6	3	3	4	16	3	6	9	7	5	18	5	10	10	13	12	6	11	13	6	13	9	8	5	8	4	8	5	12	8	14	6	5	4	3	4	10	6	16	9	11	6	6	7	5	9	3	8	5	6	3	7	12	8	5	21	6	10	7	10	5	5	5	6	6	8	5	7	9	5	13	5	14	7	5	9	9	5	7	4	5	7	13	13	12	11	6	8	6	6	6	6	6	7	5	9	16	5	5	7	6	6	10	6	13	5	7	9	7	8	6	3	5	4	6	13	9	3	3	5	10	8	7	12	8	7	7	5	3	4	6	8	5	8	11	3	7	5	5	8	6	6	10	4	7	4	9	9	6	4	4	18	6	10	11	7	8	9	3	6	7	4	8	11	9	6	11	9	6	6	5	7	6	5	12	6	7	13	4	4	4	8	10	6	12	4	9	8	5	9	6	4	11	3	12	4	5	9	7	9	10	9	6	3	7	6	6	9	5	8	5	5	4	7	5	8	6	7	5	5	5	5	7	8	11	8	6	8	7	7	6	5	6	6	15	8	4	9	8	4	5	9	4	5	6	8	5	9	7	4	5	9	6	6	7	11	11	4	4	6	3	7	7	16	7	8	3	6	8	10	12	6	10	7	4	5	4	9	4	5	7	12	9	8	4	9	9	5	5	14	7	5	6	8	4	7	10	7	5	6	4	7	7	9	6	5	4	14	5	6	3	4	3	5	10	8	6	8	7	10	5	8	5	21	7	8	4	12	13	8	8	13	8	6	9	7	4	6	13	6	4	6	7	17	10	7	9	12	16	5	6	8	5	5	6	4	4	12	3	5	8	9	8	4	6	8	7	9	13	5	11	8	4	7	7	4	3	8	8	9	23	13	6	5	10	4	6	4	19	6	11	6	4	5	7	12	13	14	16	6	4	7	7	8	7	5	13	9	4	13	4	6	6	8	10	16	10	5	7	8	16	5	3	14	8	9	8	7	10	3	6	6	7	5	13	7	7	12	6	11	3	14	5	12	6	3	6	10	3	4	11	11	9	13	5	5	11	8	4	10	7	5	14	12	5	6	4	3	6	11	4	6	5	5	5	7	5	4	13	12	6	9	5	4	5	10	4	7	7	5	13	10	7	4	5	8	9	7	7	8	10	5	4	3	7	3	8	4	4	5	3	7	7	9	5	6	5	7	8	6	9	8	3	8	8	18	3	10	7	11	12	6	14	6	7	3	7	6	4	5	6	8	10	4	7	7	4	7	8	12	9	9	7	3	6	4	5	7	13	7	14	4	13	5	7	5	6	6	15	13	7	13	6
