time	tree_1	tree_2	tree_3	tree_4	tree_5	tree_6	tree_7	tree_8	tree_9	tree_10	tree_11	tree_12	tree_13	tree_14	tree_15	tree_16	tree_17	tree_18	tree_19	tree_20	tree_21	tree_22	tree_23	tree_24	tree_25	tree_26	tree_27	tree_28	tree_29	tree_30	tree_31	tree_32	tree_33	tree_34	tree_35	tree_36	tree_37	tree_38	tree_39	tree_40	tree_41	tree_42	tree_43	tree_44	tree_45	tree_46	tree_47	tree_48	tree_49	tree_50	tree_51	tree_52	tree_53	tree_54	tree_55	tree_56	tree_57	tree_58	tree_59	tree_60	tree_61	tree_62	tree_63	tree_64	tree_65	tree_66	tree_67	tree_68	tree_69	tree_70	tree_71	tree_72	tree_73	tree_74	tree_75	tree_76	tree_77	tree_78	tree_79	tree_80	tree_81	tree_82	tree_83	tree_84	tree_85	tree_86	tree_87	tree_88	tree_89	tree_90	tree_91	tree_92	tree_93	tree_94	tree_95	tree_96	tree_97	tree_98	tree_99	tree_100	tree_101	tree_102	tree_103	tree_104	tree_105	tree_106	tree_107	tree_108	tree_109	tree_110	tree_111	tree_112	tree_113	tree_114	tree_115	tree_116	tree_117	tree_118	tree_119	tree_120	tree_121	tree_122	tree_123	tree_124	tree_125	tree_126	tree_127	tree_128	tree_129	tree_130	tree_131	tree_132	tree_133	tree_134	tree_135	tree_136	tree_137	tree_138	tree_139	tree_140	tree_141	tree_142	tree_143	tree_144	tree_145	tree_146	tree_147	tree_148	tree_149	tree_150	tree_151	tree_152	tree_153	tree_154	tree_155	tree_156	tree_157	tree_158	tree_159	tree_160	tree_161	tree_162	tree_163	tree_164	tree_165	tree_166	tree_167	tree_168	tree_169	tree_170	tree_171	tree_172	tree_173	tree_174	tree_175	tree_176	tree_177	tree_178	tree_179	tree_180	tree_181	tree_182	tree_183	tree_184	tree_185	tree_186	tree_187	tree_188	tree_189	tree_190	tree_191	tree_192	tree_193	tree_194	tree_195	tree_196	tree_197	tree_198	tree_199	tree_200	tree_201	tree_202	tree_203	tree_204	tree_205	tree_206	tree_207	tree_208	tree_209	tree_210	tree_211	tree_212	tree_213	tree_214	tree_215	tree_216	tree_217	tree_218	tree_219	tree_220	tree_221	tree_222	tree_223	tree_224	tree_225	tree_226	tree_227	tree_228	tree_229	tree_230	tree_231	tree_232	tree_233	tree_234	tree_235	tree_236	tree_237	tree_238	tree_239	tree_240	tree_241	tree_242	tree_243	tree_244	tree_245	tree_246	tree_247	tree_248	tree_249	tree_250	tree_251	tree_252	tree_253	tree_254	tree_255	tree_256	tree_257	tree_258	tree_259	tree_260	tree_261	tree_262	tree_263	tree_264	tree_265	tree_266	tree_267	tree_268	tree_269	tree_270	tree_271	tree_272	tree_273	tree_274	tree_275	tree_276	tree_277	tree_278	tree_279	tree_280	tree_281	tree_282	tree_283	tree_284	tree_285	tree_286	tree_287	tree_288	tree_289	tree_290	tree_291	tree_292	tree_293	tree_294	tree_295	tree_296	tree_297	tree_298	tree_299	tree_300	tree_301	tree_302	tree_303	tree_304	tree_305	tree_306	tree_307	tree_308	tree_309	tree_310	tree_311	tree_312	tree_313	tree_314	tree_315	tree_316	tree_317	tree_318	tree_319	tree_320	tree_321	tree_322	tree_323	tree_324	tree_325	tree_326	tree_327	tree_328	tree_329	tree_330	tree_331	tree_332	tree_333	tree_334	tree_335	tree_336	tree_337	tree_338	tree_339	tree_340	tree_341	tree_342	tree_343	tree_344	tree_345	tree_346	tree_347	tree_348	tree_349	tree_350	tree_351	tree_352	tree_353	tree_354	tree_355	tree_356	tree_357	tree_358	tree_359	tree_360	tree_361	tree_362	tree_363	tree_364	tree_365	tree_366	tree_367	tree_368	tree_369	tree_370	tree_371	tree_372	tree_373	tree_374	tree_375	tree_376	tree_377	tree_378	tree_379	tree_380	tree_381	tree_382	tree_383	tree_384	tree_385	tree_386	tree_387	tree_388	tree_389	tree_390	tree_391	tree_392	tree_393	tree_394	tree_395	tree_396	tree_397	tree_398	tree_399	tree_400	tree_401	tree_402	tree_403	tree_404	tree_405	tree_406	tree_407	tree_408	tree_409	tree_410	tree_411	tree_412	tree_413	tree_414	tree_415	tree_416	tree_417	tree_418	tree_419	tree_420	tree_421	tree_422	tree_423	tree_424	tree_425	tree_426	tree_427	tree_428	tree_429	tree_430	tree_431	tree_432	tree_433	tree_434	tree_435	tree_436	tree_437	tree_438	tree_439	tree_440	tree_441	tree_442	tree_443	tree_444	tree_445	tree_446	tree_447	tree_448	tree_449	tree_450	tree_451	tree_452	tree_453	tree_454	tree_455	tree_456	tree_457	tree_458	tree_459	tree_460	tree_461	tree_462	tree_463	tree_464	tree_465	tree_466	tree_467	tree_468	tree_469	tree_470	tree_471	tree_472	tree_473	tree_474	tree_475	tree_476	tree_477	tree_478	tree_479	tree_480	tree_481	tree_482	tree_483	tree_484	tree_485	tree_486	tree_487	tree_488	tree_489	tree_490	tree_491	tree_492	tree_493	tree_494	tree_495	tree_496	tree_497	tree_498	tree_499	tree_500	tree_501	tree_502	tree_503	tree_504	tree_505	tree_506	tree_507	tree_508	tree_509	tree_510	tree_511	tree_512	tree_513	tree_514	tree_515	tree_516	tree_517	tree_518	tree_519	tree_520	tree_521	tree_522	tree_523	tree_524	tree_525	tree_526	tree_527	tree_528	tree_529	tree_530	tree_531	tree_532	tree_533	tree_534	tree_535	tree_536	tree_537	tree_538	tree_539	tree_540	tree_541	tree_542	tree_543	tree_544	tree_545	tree_546	tree_547	tree_548	tree_549	tree_550	tree_551	tree_552	tree_553	tree_554	tree_555	tree_556	tree_557	tree_558	tree_559	tree_560	tree_561	tree_562	tree_563	tree_564	tree_565	tree_566	tree_567	tree_568	tree_569	tree_570	tree_571	tree_572	tree_573	tree_574	tree_575	tree_576	tree_577	tree_578	tree_579	tree_580	tree_581	tree_582	tree_583	tree_584	tree_585	tree_586	tree_587	tree_588	tree_589	tree_590	tree_591	tree_592	tree_593	tree_594	tree_595	tree_596	tree_597	tree_598	tree_599	tree_600	tree_601	tree_602	tree_603	tree_604	tree_605	tree_606	tree_607	tree_608	tree_609	tree_610	tree_611	tree_612	tree_613	tree_614	tree_615	tree_616	tree_617	tree_618	tree_619	tree_620	tree_621	tree_622	tree_623	tree_624	tree_625	tree_626	tree_627	tree_628	tree_629	tree_630	tree_631	tree_632	tree_633	tree_634	tree_635	tree_636	tree_637	tree_638	tree_639	tree_640	tree_641	tree_642	tree_643	tree_644	tree_645	tree_646	tree_647	tree_648	tree_649	tree_650	tree_651	tree_652	tree_653	tree_654	tree_655	tree_656	tree_657	tree_658	tree_659	tree_660	tree_661	tree_662	tree_663	tree_664	tree_665	tree_666	tree_667	tree_668	tree_669	tree_670	tree_671	tree_672	tree_673	tree_674	tree_675	tree_676	tree_677	tree_678	tree_679	tree_680	tree_681	tree_682	tree_683	tree_684	tree_685	tree_686	tree_687	tree_688	tree_689	tree_690	tree_691	tree_692	tree_693	tree_694	tree_695	tree_696	tree_697	tree_698	tree_699	tree_700	tree_701	tree_702	tree_703	tree_704	tree_705	tree_706	tree_707	tree_708	tree_709	tree_710	tree_711	tree_712	tree_713	tree_714	tree_715	tree_716	tree_717	tree_718	tree_719	tree_720	tree_721	tree_722	tree_723	tree_724	tree_725	tree_726	tree_727	tree_728	tree_729	tree_730	tree_731	tree_732	tree_733	tree_734	tree_735	tree_736	tree_737	tree_738	tree_739	tree_740	tree_741	tree_742	tree_743	tree_744	tree_745	tree_746	tree_747	tree_748	tree_749	tree_750	tree_751	tree_752	tree_753	tree_754	tree_755	tree_756	tree_757	tree_758	tree_759	tree_760	tree_761	tree_762	tree_763	tree_764	tree_765	tree_766	tree_767	tree_768	tree_769	tree_770	tree_771	tree_772	tree_773	tree_774	tree_775	tree_776	tree_777	tree_778	tree_779	tree_780	tree_781	tree_782	tree_783	tree_784	tree_785	tree_786	tree_787	tree_788	tree_789	tree_790	tree_791	tree_792	tree_793	tree_794	tree_795	tree_796	tree_797	tree_798	tree_799	tree_800	tree_801	tree_802	tree_803	tree_804	tree_805	tree_806	tree_807	tree_808	tree_809	tree_810	tree_811	tree_812	tree_813	tree_814	tree_815	tree_816	tree_817	tree_818	tree_819	tree_820	tree_821	tree_822	tree_823	tree_824	tree_825	tree_826	tree_827	tree_828	tree_829	tree_830	tree_831	tree_832	tree_833	tree_834	tree_835	tree_836	tree_837	tree_838	tree_839	tree_840	tree_841	tree_842	tree_843	tree_844	tree_845	tree_846	tree_847	tree_848	tree_849	tree_850	tree_851	tree_852	tree_853	tree_854	tree_855	tree_856	tree_857	tree_858	tree_859	tree_860	tree_861	tree_862	tree_863	tree_864	tree_865	tree_866	tree_867	tree_868	tree_869	tree_870	tree_871	tree_872	tree_873	tree_874	tree_875	tree_876	tree_877	tree_878	tree_879	tree_880	tree_881	tree_882	tree_883	tree_884	tree_885	tree_886	tree_887	tree_888	tree_889	tree_890	tree_891	tree_892	tree_893	tree_894	tree_895	tree_896	tree_897	tree_898	tree_899	tree_900	tree_901	tree_902	tree_903	tree_904	tree_905	tree_906	tree_907	tree_908	tree_909	tree_910	tree_911	tree_912	tree_913	tree_914	tree_915	tree_916	tree_917	tree_918	tree_919	tree_920	tree_921	tree_922	tree_923	tree_924	tree_925	tree_926	tree_927	tree_928	tree_929	tree_930	tree_931	tree_932	tree_933	tree_934	tree_935	tree_936	tree_937	tree_938	tree_939	tree_940	tree_941	tree_942	tree_943	tree_944	tree_945	tree_946	tree_947	tree_948	tree_949	tree_950	tree_951	tree_952	tree_953	tree_954	tree_955	tree_956	tree_957	tree_958	tree_959	tree_960	tree_961	tree_962	tree_963	tree_964	tree_965	tree_966	tree_967	tree_968	tree_969	tree_970	tree_971	tree_972	tree_973	tree_974	tree_975	tree_976	tree_977	tree_978	tree_979	tree_980	tree_981	tree_982	tree_983	tree_984	tree_985	tree_986	tree_987	tree_988	tree_989	tree_990	tree_991	tree_992	tree_993	tree_994	tree_995	tree_996	tree_997	tree_998	tree_999	tree_1000
2023.87825441656	10	10	4	6	8	10	10	10	16	6	8	6	10	10	10	10	10	20	6	8	6	18	6	30	8	12	16	22	16	20	18	6	36	12	12	6	18	12	4	16	6	18	22	12	8	12	4	22	2	8	12	2	30	18	0	14	6	30	2	8	0	0	36	16	6	10	6	0	14	12	14	10	6	16	6	10	4	8	2	14	6	8	18	8	20	18	0	12	0	8	8	10	14	18	2	4	12	22	4	10	8	12	8	12	8	0	20	8	18	8	10	8	14	8	24	12	2	2	8	2	6	12	8	14	8	0	8	8	14	8	12	20	2	12	8	14	2	14	8	22	8	8	20	2	20	12	16	10	12	12	32	0	4	0	6	0	2	8	6	10	14	2	8	14	4	12	28	14	4	8	0	4	12	16	14	6	16	8	8	8	8	14	8	14	4	6	14	12	18	8	20	10	16	12	24	10	2	20	8	16	4	0	4	4	4	0	6	14	8	4	10	22	6	6	14	16	6	12	4	6	22	26	22	6	24	6	14	10	10	2	6	6	2	20	8	24	4	12	2	4	12	12	8	20	4	10	4	12	8	10	4	4	8	12	8	10	6	4	12	14	2	8	12	2	30	16	12	14	0	10	22	4	4	8	14	18	10	10	24	2	4	16	16	6	16	2	12	12	2	4	10	24	12	18	10	6	2	6	12	6	2	10	30	8	8	14	8	18	8	4	12	28	8	18	14	10	4	14	10	32	2	4	2	12	12	6	2	8	4	16	12	8	8	6	22	10	10	10	20	10	8	4	10	6	24	12	14	0	2	14	22	14	12	16	10	10	6	18	16	12	2	4	2	0	22	6	24	12	8	4	18	8	18	8	4	0	8	12	10	4	20	4	4	10	4	14	4	36	2	10	14	24	6	8	18	8	14	16	8	4	8	4	0	4	10	18	6	14	10	18	8	2	12	2	8	8	4	8	8	0	6	12	2	20	12	36	8	12	20	14	14	6	10	2	20	14	8	2	8	4	4	12	16	18	12	8	10	20	16	6	16	12	10	18	4	2	6	8	4	6	32	6	10	6	10	2	16	12	2	14	0	30	16	14	8	2	22	4	16	10	2	2	0	16	10	16	10	24	18	4	6	18	16	24	12	20	6	2	12	2	16	8	16	20	6	12	0	20	4	6	0	18	10	30	10	12	4	8	28	16	14	16	4	0	14	18	4	6	16	10	6	28	8	4	16	26	10	2	10	2	22	16	2	22	16	14	12	8	12	8	16	16	26	12	12	2	4	16	18	8	18	6	2	22	8	10	12	4	10	10	14	14	18	18	12	8	16	14	20	20	4	6	32	8	10	8	26	2	8	8	16	0	4	2	8	2	8	24	2	16	8	10	8	8	2	8	8	22	14	10	18	4	4	8	8	10	10	10	16	0	20	20	22	4	12	8	10	12	8	8	14	24	14	8	8	8	6	4	6	8	24	8	4	0	6	8	10	10	10	26	6	18	8	6	6	24	2	6	0	10	6	4	2	32	16	8	14	4	22	14	6	6	12	0	16	10	0	14	2	8	14	12	6	28	6	6	8	2	30	14	8	6	24	2	12	22	6	16	4	0	22	10	4	18	16	10	6	16	12	8	14	22	4	16	8	12	16	12	8	2	4	4	14	14	24	10	6	10	4	18	4	4	8	12	10	6	4	2	8	20	10	6	26	26	20	14	8	10	8	12	2	4	26	14	12	18	22	18	12	2	0	16	2	8	14	8	4	12	14	14	0	6	10	22	14	6	20	8	8	16	10	10	18	24	12	4	12	4	14	12	22	14	26	4	8	6	8	18	16	8	14	6	8	12	12	12	36	2	20	10	0	2	4	6	8	2	12	8	8	4	4	2	10	0	4	2	4	6	4	18	8	6	4	12	4	12	6	8	16	20	6	10	2	2	20	12	2	8	2	8	12	10	6	18	4	26	8	12	22	8	8	18	14	14	6	10	0	6	10	20	14	14	16	8	12	4	48	18	6	2	12	16	12	4	18	12	0	14	12	12	12	14	18	8	6	10	16	8	6	8	18	4	2	10	32	18	6	14	8	36	20	10	4	8	2	2	14	8	10	18	12	18	6	0	12	14	6	10	4	12	2	12	20	8	12	4	0	10	4	12	8	12	24	6	10	12	4	8	16	20	6	12	2	10	0	22	16	14	12	12	14	12	8	36	6	18	4	12	12	10	18	14	4	6	4	2	20	16	6	14	2	14	8	6	22	6	6	2	28	0	10	32	4	12	30	2	22	14	0	10
2023.88340472777	16	16	4	8	12	12	16	10	22	12	10	8	14	14	14	12	18	24	6	12	8	22	18	30	24	16	20	22	16	28	18	8	36	16	24	10	18	16	6	18	8	18	30	14	8	18	14	22	4	10	16	6	30	18	8	22	6	34	2	14	2	0	38	16	12	20	6	4	16	18	14	12	8	18	6	18	10	10	2	16	18	14	18	12	20	18	2	16	2	10	18	14	14	22	2	4	14	22	4	16	12	14	12	18	10	0	20	12	20	10	18	8	18	8	26	16	2	2	12	6	10	18	10	18	10	2	10	8	18	12	18	20	2	14	14	20	2	14	18	30	12	8	24	2	20	18	18	10	22	14	32	0	6	8	8	2	2	10	8	16	18	6	24	24	20	24	30	14	6	8	0	8	18	24	16	6	16	8	20	8	10	14	12	16	4	6	18	12	20	18	22	10	22	20	26	14	2	20	10	18	16	0	8	6	6	2	6	14	14	14	12	24	8	6	18	18	6	16	6	6	24	30	24	10	24	14	18	18	16	4	8	12	2	20	10	28	8	20	2	6	18	20	12	22	4	10	8	16	8	16	8	8	16	12	18	12	6	4	14	14	2	20	20	6	30	16	20	18	0	12	24	8	8	8	20	20	10	14	26	2	6	24	16	12	20	2	16	20	2	6	12	28	14	22	14	8	6	6	18	6	6	20	32	8	14	20	18	18	8	4	18	30	14	18	18	24	6	22	14	32	2	8	2	12	20	12	4	10	8	20	24	8	16	14	28	10	10	12	20	16	12	4	12	14	26	18	16	0	8	20	30	16	12	16	14	12	14	20	16	20	2	10	4	0	30	8	24	12	12	4	22	10	20	8	4	0	10	16	12	6	22	8	4	12	6	14	4	40	2	12	18	26	8	10	22	12	14	18	12	8	8	14	2	4	12	20	6	20	16	18	10	6	18	6	10	10	4	14	20	2	6	18	4	20	18	40	8	24	24	18	14	6	20	8	20	18	10	4	14	10	6	12	18	20	16	18	18	20	20	8	20	22	20	20	6	8	8	8	12	8	32	18	14	6	14	8	20	16	4	16	0	30	16	18	12	6	24	8	20	10	10	4	0	18	12	18	12	30	22	8	6	20	16	26	18	20	12	4	22	4	20	12	20	20	16	18	4	20	4	8	0	20	12	30	16	12	10	10	30	18	18	16	8	0	18	18	4	8	20	10	6	30	10	6	20	26	16	4	14	6	30	18	4	22	30	26	14	8	12	12	18	24	26	12	16	2	6	20	20	8	18	6	8	30	12	10	18	8	10	12	22	22	22	18	12	16	16	16	20	28	6	10	34	12	10	8	32	6	14	8	16	0	8	2	8	4	20	32	4	18	12	10	10	18	4	8	20	28	20	12	20	8	10	10	12	14	18	14	16	2	20	22	24	8	12	12	14	14	8	14	26	26	22	10	10	20	8	8	16	8	32	14	12	0	6	8	18	10	14	26	8	22	10	12	8	26	4	14	2	14	6	6	2	32	16	14	16	6	24	14	8	8	18	0	20	12	8	14	6	12	22	18	8	28	8	10	24	8	30	20	8	14	26	16	20	24	6	18	14	6	30	14	4	20	16	14	6	16	14	10	20	28	10	16	14	12	22	18	12	16	6	8	14	14	32	12	8	10	4	18	8	12	12	20	10	8	8	6	8	24	12	8	32	32	20	20	8	16	12	16	2	4	32	26	12	20	22	18	12	6	0	20	2	8	14	18	8	20	16	20	2	18	16	24	24	10	22	10	14	20	16	16	18	26	18	4	22	4	18	18	24	16	26	6	10	6	10	20	20	10	16	10	10	20	20	16	38	2	20	16	0	2	6	6	10	2	14	8	10	6	4	4	10	4	4	8	12	12	6	22	8	14	4	12	8	18	6	12	20	22	10	12	2	2	24	12	2	8	6	14	12	12	6	20	4	26	12	12	24	10	12	18	18	18	6	18	0	12	10	20	24	14	26	24	16	4	48	20	8	2	12	16	16	6	22	12	8	18	14	12	14	16	20	10	10	16	18	12	14	10	18	6	2	20	32	18	6	18	8	40	28	22	6	8	4	2	18	8	12	18	20	22	16	0	12	22	14	10	8	12	6	16	20	12	16	6	0	14	6	12	14	20	24	12	16	18	8	10	24	20	8	16	2	10	6	26	18	24	12	14	16	12	14	36	6	18	6	12	20	14	22	22	4	6	4	10	20	18	10	18	6	14	24	6	26	6	6	4	34	4	24	34	6	20	32	4	24	16	4	10
2023.88855503899	18	26	4	8	28	14	22	12	28	16	10	8	20	14	18	12	24	30	12	16	16	26	28	32	32	16	26	24	16	30	30	8	36	24	34	14	18	20	6	18	16	18	38	14	8	22	22	22	4	12	16	12	30	22	10	24	10	36	6	14	10	0	38	18	20	30	6	10	16	24	20	14	8	20	6	26	12	10	4	16	28	28	18	16	20	20	2	20	4	12	18	18	14	24	2	4	22	24	4	28	14	14	20	22	12	0	20	14	20	12	24	8	22	8	30	24	2	2	20	16	14	20	10	20	12	6	12	10	26	18	28	20	4	22	18	24	2	16	26	38	22	8	26	2	22	24	34	16	24	18	32	0	8	22	8	12	2	10	16	16	18	12	36	30	28	34	30	20	10	8	2	12	20	26	20	8	16	10	28	24	24	18	30	16	6	6	22	12	32	24	28	12	32	26	32	14	2	22	10	18	20	0	8	8	10	2	8	16	26	22	20	26	8	6	32	34	10	20	12	6	26	32	24	12	24	18	24	20	16	4	10	12	10	20	24	30	10	34	4	6	20	22	16	28	6	18	14	20	10	16	14	14	26	18	24	12	6	6	16	20	6	32	22	14	32	16	22	22	0	12	26	10	10	10	24	24	12	16	32	4	6	26	18	20	24	2	18	34	2	6	12	30	18	26	16	14	12	6	26	8	12	24	34	8	18	20	18	18	10	4	20	30	14	22	30	38	12	24	14	32	10	10	2	14	28	20	4	12	12	24	30	10	18	18	32	10	12	12	22	32	18	4	12	26	32	20	16	0	14	28	38	16	12	18	20	12	20	20	18	30	4	14	6	0	38	10	24	14	18	6	30	10	22	8	4	2	14	26	14	10	30	14	8	22	10	18	4	42	2	18	20	26	14	16	30	14	14	20	22	10	8	22	10	6	12	20	6	24	26	20	10	14	20	12	14	10	8	18	32	10	6	28	4	22	20	42	10	36	26	30	14	6	36	8	20	18	10	10	28	16	6	12	18	20	18	18	32	20	26	10	22	36	30	20	14	16	8	8	16	12	34	28	16	8	16	8	26	18	8	18	0	30	18	26	16	8	26	12	24	10	14	4	0	20	18	20	14	30	22	14	6	20	20	30	22	20	16	10	28	4	22	20	24	20	20	26	6	24	4	8	0	22	22	32	18	14	12	12	30	18	26	16	10	0	20	20	6	8	26	12	10	30	10	12	24	26	20	4	18	14	36	20	10	24	38	32	26	8	12	14	18	30	26	16	24	2	14	24	24	10	20	10	14	38	28	16	20	18	10	14	30	34	24	22	14	26	18	18	24	30	6	16	36	16	10	10	38	14	14	8	20	0	18	2	8	4	32	36	4	20	16	10	12	18	10	10	32	32	28	16	20	14	10	16	16	18	20	14	20	4	24	22	24	22	14	18	18	18	10	18	32	26	32	12	12	28	10	14	20	10	32	28	24	0	8	10	28	12	24	26	8	22	10	20	8	32	4	20	4	14	8	6	2	32	16	20	16	14	24	14	12	8	28	0	26	22	10	18	8	14	24	22	12	28	14	10	32	14	30	30	8	26	32	22	22	32	12	18	22	6	38	16	6	22	18	16	6	16	22	16	26	32	14	22	18	14	26	24	24	18	10	24	18	16	32	12	8	14	8	18	10	16	12	24	14	16	8	6	8	26	12	14	36	38	20	22	8	28	16	24	2	6	36	34	14	20	22	20	12	8	2	26	2	8	14	18	18	24	20	20	2	28	18	24	26	12	30	14	20	26	22	26	30	30	24	4	24	6	24	24	24	20	26	6	16	8	10	20	20	20	20	14	10	28	22	18	38	4	22	26	0	2	6	8	12	2	16	12	10	6	6	4	10	8	6	8	16	22	12	30	8	22	6	12	10	22	8	14	26	28	12	14	6	2	26	16	2	8	12	22	12	14	6	24	8	26	20	18	26	12	14	22	20	18	6	28	0	18	14	20	26	18	36	32	20	8	48	20	16	4	12	20	24	8	28	12	12	26	26	12	22	22	20	12	22	26	34	16	20	10	20	6	6	28	34	20	6	22	8	42	28	34	6	24	4	4	20	8	14	30	30	22	22	2	14	22	16	12	14	12	6	26	24	16	18	14	0	14	12	16	14	26	24	14	18	28	10	16	26	24	12	16	2	12	6	26	18	26	14	16	20	12	14	36	6	30	8	18	22	16	24	22	6	6	14	14	20	20	18	20	6	20	36	8	26	10	8	4	34	8	38	36	14	22	32	4	26	20	8	14
2023.8937053502	20	34	6	10	42	24	28	14	34	28	16	12	22	14	18	12	28	30	16	20	24	26	32	34	42	18	36	26	16	36	34	12	36	36	38	14	18	24	8	20	18	18	40	14	8	32	32	22	4	18	18	14	30	24	10	28	16	44	6	22	16	0	38	18	26	34	6	12	18	40	20	16	10	24	6	34	18	12	4	20	32	38	22	20	22	20	2	24	4	20	28	18	14	26	2	6	24	26	4	38	14	14	28	26	20	0	22	20	22	12	28	8	24	8	30	30	2	2	28	20	16	22	12	30	22	6	16	12	30	18	38	24	6	24	20	26	4	20	30	40	30	8	32	2	22	28	46	22	26	24	32	0	8	28	10	20	2	10	18	16	20	16	40	30	40	38	30	20	12	8	2	14	32	30	28	10	16	10	40	46	32	20	40	18	6	6	24	12	32	26	34	14	38	26	44	14	2	24	10	20	32	4	14	8	12	2	8	16	34	32	26	26	8	6	44	46	14	24	16	6	32	32	24	16	24	24	30	32	16	6	10	16	12	22	32	30	18	38	6	6	32	26	20	34	10	22	18	24	12	16	24	18	28	18	26	16	6	6	20	22	8	42	30	24	34	16	26	26	0	12	32	12	18	12	26	26	16	16	34	4	12	30	20	26	34	2	20	38	2	6	16	30	30	26	16	18	16	6	38	10	16	24	34	10	30	26	28	18	12	4	22	32	24	26	40	50	16	28	14	32	12	10	2	14	40	24	8	18	14	34	40	18	24	24	32	10	18	12	22	38	26	6	12	44	44	26	18	0	24	38	40	22	12	24	24	12	30	24	22	34	4	18	8	0	40	10	24	14	26	10	36	10	24	8	10	2	16	30	24	10	36	24	8	30	10	20	4	42	4	18	30	26	20	20	38	20	14	22	30	28	10	34	16	6	12	24	6	26	34	24	12	24	20	16	18	16	10	30	40	22	6	38	4	24	20	42	12	36	28	40	14	6	50	8	20	20	16	16	38	20	12	14	22	20	22	28	44	22	28	14	28	40	34	20	18	34	14	8	24	16	36	38	22	10	16	8	28	20	10	24	0	30	20	30	16	10	32	12	34	12	20	6	0	22	18	24	16	30	28	24	6	24	20	30	32	20	28	12	42	4	24	22	24	20	30	38	10	26	4	8	0	24	22	34	18	14	12	20	30	20	34	16	18	0	24	22	10	8	36	16	16	32	10	16	24	26	24	4	20	22	42	26	12	26	50	42	30	8	14	20	22	40	26	22	36	2	24	28	24	18	22	10	16	40	42	18	20	22	10	16	30	46	28	24	18	28	20	24	26	36	6	20	36	16	10	10	40	24	24	8	20	0	26	2	8	4	42	40	6	22	16	10	22	30	12	12	40	32	38	18	24	24	10	16	20	22	32	24	22	10	26	24	24	42	18	26	20	22	12	20	42	26	38	22	16	40	10	22	30	12	34	38	32	0	10	14	34	18	26	26	14	24	12	26	14	34	6	26	4	24	10	6	2	32	16	28	16	18	24	14	16	8	42	0	28	30	10	20	8	20	28	22	14	28	22	12	42	16	30	32	10	30	44	36	30	50	14	22	34	6	40	22	6	30	20	22	6	16	24	16	28	36	18	22	24	18	32	40	26	22	10	24	20	20	34	12	8	14	8	18	18	28	14	40	16	18	14	6	8	30	12	20	40	40	22	26	10	38	16	36	2	8	38	40	16	22	22	22	12	10	2	28	2	8	14	28	26	40	24	26	6	32	20	24	34	12	36	14	28	28	28	34	34	36	28	10	26	6	30	26	24	24	26	6	16	10	16	24	26	32	22	16	12	34	26	18	38	4	22	34	0	2	6	10	14	4	18	12	10	6	6	6	10	12	10	8	28	26	16	46	8	30	8	14	18	26	10	18	28	34	14	16	8	2	32	22	2	10	16	30	12	16	12	24	12	26	28	18	32	16	14	26	30	20	6	36	0	28	16	22	34	20	42	42	24	8	50	24	18	4	14	24	36	8	34	16	14	34	30	12	24	24	20	18	30	34	46	24	30	16	22	8	6	30	36	20	6	26	8	42	32	46	12	46	4	4	24	8	14	34	34	28	26	4	16	30	20	16	22	16	6	30	26	20	22	24	0	14	16	22	22	26	24	26	28	42	28	16	30	26	20	18	2	14	6	30	20	34	14	16	28	12	14	36	8	34	8	18	26	16	28	30	6	6	24	20	24	24	24	30	6	22	40	12	30	14	14	4	34	12	50	36	18	30	34	8	26	22	12	16
2023.89885566142	24	34	11	12	46	24	28	12	34	28	18	16	25	14	18	20	34	30	24	20	26	27	32	34	42	20	36	26	14	32	40	16	32	36	38	14	18	23	10	20	20	18	39	15	12	31	36	21	4	27	20	20	32	23	14	30	16	39	10	24	16	2	40	17	24	34	8	16	18	37	22	22	10	22	10	34	24	14	6	24	32	42	24	26	20	18	2	26	14	20	28	18	26	30	14	12	28	26	9	44	16	15	32	28	20	8	24	20	22	18	34	8	23	8	34	30	2	2	32	24	14	24	16	30	24	16	16	11	32	18	44	26	10	28	21	27	10	21	30	39	34	7	30	4	21	28	48	22	27	24	30	0	10	36	10	24	4	8	18	20	24	20	40	32	40	38	30	22	12	8	6	20	32	32	30	12	11	12	42	46	32	21	42	18	6	8	23	14	34	26	32	15	36	31	41	14	2	23	8	26	34	10	22	10	12	6	8	18	40	36	25	24	20	12	48	48	18	26	18	6	35	31	18	16	23	26	32	34	20	6	14	18	18	20	32	30	30	38	10	4	32	26	26	32	12	28	19	23	11	20	26	19	32	22	26	18	10	12	28	24	10	44	30	34	29	11	28	27	0	12	35	18	30	10	27	26	16	18	34	14	14	32	24	24	36	4	22	38	2	8	24	30	28	27	20	18	20	8	38	14	20	28	28	10	30	28	28	18	12	6	24	29	32	28	42	50	14	30	14	30	18	12	4	16	42	28	10	27	16	36	39	22	28	26	29	10	22	20	21	38	26	14	20	44	41	28	18	2	24	40	39	24	12	28	26	14	32	24	23	36	6	22	10	0	39	12	23	14	26	12	33	8	26	14	10	6	16	32	24	16	36	26	10	30	16	22	8	42	10	20	30	28	24	24	38	20	14	22	34	28	8	36	16	12	12	24	4	27	34	25	14	34	28	20	18	16	10	30	44	22	8	44	8	24	28	42	10	36	38	42	20	3	50	8	16	19	16	18	42	24	14	12	22	18	23	28	48	19	28	20	30	40	34	22	20	34	18	8	28	20	32	38	24	10	20	8	28	22	12	22	8	30	24	32	18	12	35	16	36	12	22	6	0	18	20	19	16	28	27	23	12	30	24	34	31	16	28	22	46	4	21	28	25	16	30	38	18	28	9	10	2	23	22	29	16	14	14	20	30	26	36	11	22	0	24	25	18	20	36	20	16	29	8	18	25	26	24	6	19	24	44	26	22	26	49	42	32	8	13	20	22	40	26	22	36	8	30	28	21	22	22	9	18	39	46	20	28	24	20	16	32	46	26	23	18	32	24	25	25	32	10	24	31	18	16	12	39	34	27	12	15	0	28	4	7	6	44	40	10	22	22	10	24	36	22	10	44	29	40	17	24	26	22	15	20	23	34	23	22	12	26	24	24	44	18	26	30	24	11	20	42	28	38	24	16	42	14	24	30	14	33	42	36	4	12	22	34	22	26	26	18	24	12	24	18	34	6	34	14	23	16	4	2	32	15	28	20	20	18	20	20	20	44	2	28	30	14	19	8	20	30	22	18	26	22	15	42	18	32	30	10	30	41	42	30	52	22	22	36	8	39	24	12	29	24	24	8	17	28	15	28	36	18	24	24	18	32	37	28	25	16	28	22	21	33	14	20	13	8	18	22	32	20	42	18	20	22	12	12	31	14	24	34	39	27	26	8	44	18	36	2	10	38	42	18	22	24	22	10	12	6	28	2	12	19	28	28	42	26	28	6	32	26	18	36	12	36	26	28	30	28	34	40	41	28	10	27	10	32	28	24	26	24	4	15	14	16	24	27	32	32	14	16	34	28	20	38	4	24	34	0	2	8	16	16	2	20	16	8	8	12	10	10	16	12	8	32	26	14	48	12	32	10	12	22	28	12	26	30	32	20	16	10	2	30	22	2	10	20	30	12	22	16	21	12	23	32	22	35	20	16	28	30	19	6	36	4	32	18	22	36	20	41	42	26	10	49	24	22	10	12	24	36	8	34	16	18	36	32	12	28	26	18	27	36	34	48	28	32	16	25	8	10	32	32	18	6	27	7	42	31	48	14	46	8	6	24	12	19	31	36	27	24	4	18	29	20	20	24	16	12	32	26	20	22	30	0	14	18	22	24	31	23	32	32	44	28	15	32	26	21	20	2	16	8	23	20	36	14	16	30	14	14	35	18	40	12	22	28	18	26	29	6	10	26	22	26	22	30	30	12	24	40	12	23	18	18	4	34	16	50	31	20	30	31	12	24	32	16	22
2023.90400597264	24	38	15	12	46	26	28	12	34	30	21	20	29	15	14	24	36	28	28	21	28	25	32	24	42	21	36	25	9	24	40	20	27	36	41	20	20	23	12	16	16	21	41	18	16	28	36	16	4	31	21	22	32	19	18	40	23	40	20	24	20	6	36	21	23	42	12	18	14	36	21	25	12	22	9	34	25	14	6	24	32	46	23	30	17	15	2	28	24	20	27	14	25	32	26	18	24	25	17	42	16	18	32	31	20	14	22	18	18	26	36	6	22	6	33	30	6	9	32	30	17	23	16	30	24	20	18	9	34	18	44	24	10	24	29	29	10	18	32	41	36	7	28	4	20	26	45	24	28	23	22	0	10	38	12	26	4	8	18	28	24	22	40	36	40	41	24	21	18	8	8	22	26	34	32	12	11	14	42	46	34	23	42	15	7	12	22	14	35	26	31	15	32	37	41	18	2	20	8	28	34	12	22	21	18	18	10	23	42	36	20	12	28	23	52	45	18	28	22	16	35	25	17	15	19	26	27	34	28	6	16	22	22	17	34	24	32	36	10	4	26	22	30	31	11	34	23	23	9	28	28	23	34	20	26	21	9	17	32	22	14	44	30	34	29	11	37	29	0	10	35	20	32	10	29	32	13	20	33	20	14	34	19	23	33	6	23	36	9	8	28	24	26	25	29	18	22	7	38	20	22	34	20	11	29	29	27	13	12	9	23	24	46	30	42	50	20	40	18	22	22	16	16	14	40	29	12	31	18	33	39	32	28	26	24	6	34	24	20	38	32	18	24	46	41	28	14	6	24	40	41	30	6	27	28	14	32	26	23	35	6	26	16	4	41	18	19	14	32	11	39	8	19	18	14	8	19	33	26	17	34	28	12	30	17	15	16	36	10	22	30	29	24	28	39	22	12	20	36	28	10	34	16	17	10	26	2	29	38	21	14	34	28	22	18	18	16	30	44	24	7	44	8	23	28	36	10	37	43	42	25	1	50	12	8	21	18	18	46	24	14	8	19	18	18	27	50	17	29	24	28	34	42	22	20	34	27	8	28	34	24	44	30	10	29	8	29	23	18	22	14	24	19	34	20	14	35	20	33	11	22	8	0	16	22	16	15	24	29	27	23	30	19	33	28	8	30	26	45	4	21	28	24	8	32	38	24	29	17	9	6	23	22	29	18	18	20	18	24	28	37	11	26	0	24	26	20	28	36	27	23	24	8	22	24	17	22	14	24	26	46	24	26	25	47	41	32	8	13	18	19	40	17	22	36	8	34	28	16	32	21	11	26	41	46	18	28	24	30	15	29	45	24	19	20	34	25	28	21	24	17	24	27	20	16	15	33	34	33	10	15	4	28	4	7	14	44	42	10	20	27	6	24	38	26	10	44	24	40	21	26	28	30	17	21	23	34	22	25	16	23	19	21	48	20	32	31	26	9	20	41	29	34	24	16	42	18	26	32	22	24	46	36	6	14	20	34	34	24	17	27	18	11	23	27	33	6	35	24	22	20	6	10	28	14	28	20	20	17	25	34	28	44	2	29	30	18	21	8	17	40	22	26	22	20	19	42	26	27	34	11	30	41	44	30	49	29	19	34	8	41	30	17	28	19	30	7	15	24	17	30	36	18	25	23	17	32	36	29	27	17	30	15	18	24	12	28	12	20	13	26	32	22	44	18	16	22	14	16	30	12	24	30	33	25	22	10	42	20	36	2	6	30	47	18	18	23	21	4	16	8	29	2	16	31	27	28	44	24	29	10	32	33	17	34	12	34	31	28	30	28	38	40	37	26	14	28	16	27	30	21	24	21	4	17	20	18	21	27	38	33	17	16	34	37	14	35	4	21	38	0	6	8	20	18	2	24	14	8	8	17	10	6	16	11	8	32	22	20	47	10	34	10	8	26	31	12	32	32	31	20	15	14	6	28	22	9	11	22	32	6	25	16	16	14	16	32	22	35	22	16	30	30	21	12	36	4	32	18	22	34	20	41	42	28	12	35	21	26	10	8	20	36	10	34	20	22	37	32	6	24	20	18	31	38	38	45	29	32	18	26	8	20	32	24	15	12	29	7	36	39	46	14	46	8	10	24	15	19	31	35	29	24	6	20	26	20	27	26	20	14	33	23	21	27	34	0	15	22	22	24	37	19	34	30	44	28	17	34	23	25	21	0	20	8	21	16	34	18	16	32	14	14	28	18	40	14	22	37	20	24	26	7	9	29	22	24	22	32	30	14	22	40	14	21	18	26	4	28	16	50	27	20	30	26	14	12	33	16	30
2023.90915628385	23	42	18	12	45	29	28	12	34	28	27	24	35	14	15	24	38	25	38	24	28	26	32	19	42	19	34	22	4	24	42	24	21	36	43	22	20	19	11	16	19	22	37	19	22	28	42	12	8	31	19	26	30	14	20	38	25	32	32	26	20	6	27	13	24	41	19	20	9	35	18	25	16	19	11	36	31	14	6	24	32	46	16	31	16	12	2	27	32	22	27	15	28	33	30	25	24	22	21	44	18	19	36	38	22	16	21	20	11	29	38	5	19	5	36	30	8	10	36	35	21	25	16	30	26	26	18	7	38	16	50	15	8	24	30	38	18	23	34	37	36	6	20	6	17	24	44	26	24	21	17	0	8	48	16	32	6	8	21	38	23	22	40	40	40	43	15	18	22	4	10	22	26	34	29	10	14	12	43	46	34	22	42	11	12	19	19	12	35	26	30	24	32	44	41	25	0	21	7	29	36	14	23	27	22	26	16	31	42	42	19	11	30	28	52	44	20	27	24	16	35	22	13	16	19	26	29	34	38	6	26	26	22	16	34	19	36	33	8	4	26	19	31	30	13	34	25	19	7	38	28	25	38	23	26	23	11	22	37	27	14	44	30	34	17	14	38	27	4	6	35	24	36	8	38	38	15	19	26	24	16	34	23	24	35	6	22	33	10	10	27	19	26	26	33	20	22	8	38	22	22	36	12	13	38	27	27	15	12	11	25	19	45	26	41	50	22	38	25	17	22	22	21	15	38	34	17	31	18	35	41	42	30	26	25	8	38	24	17	40	32	20	24	46	41	28	9	6	24	40	37	34	6	26	27	15	32	26	25	42	6	29	18	10	37	22	19	16	32	13	35	7	14	25	16	10	21	33	29	17	31	28	24	32	17	11	22	32	18	21	30	25	28	28	39	26	12	15	36	30	12	34	18	17	6	26	2	38	42	19	14	34	25	27	18	20	18	30	46	26	8	50	12	14	25	32	8	37	39	41	23	7	52	12	5	17	20	18	46	24	16	4	14	15	19	27	50	13	29	28	37	30	41	30	22	36	30	4	29	40	18	46	32	8	33	10	29	22	30	24	16	22	23	38	20	22	35	31	35	11	22	15	0	18	21	16	18	19	29	30	28	32	23	36	28	5	28	32	47	8	19	36	16	5	32	38	34	28	21	9	22	19	21	17	17	20	24	18	15	29	33	14	28	4	21	25	19	30	34	33	25	19	8	24	16	9	25	20	27	30	44	20	32	22	47	41	34	8	5	20	14	42	9	19	36	10	36	29	13	42	17	11	24	37	45	18	25	24	30	18	30	45	27	14	20	38	30	35	21	24	22	26	22	20	17	19	31	34	34	10	10	10	30	6	6	20	44	39	18	15	37	8	26	38	32	8	46	25	40	21	26	28	38	19	24	21	34	22	33	18	20	15	17	50	20	32	37	28	7	16	41	25	33	26	16	43	20	28	32	24	17	46	36	10	16	20	34	38	24	9	30	17	9	24	30	26	6	36	32	22	30	8	18	26	10	28	13	22	13	23	40	30	44	8	29	32	20	19	18	16	38	22	38	18	19	24	42	24	24	34	13	28	41	46	30	46	35	14	34	10	37	32	22	20	23	32	8	15	24	19	33	38	18	24	28	13	32	35	30	30	17	30	11	23	17	15	30	13	22	15	28	34	28	49	17	19	23	18	26	29	15	28	30	31	27	20	12	44	20	36	2	6	27	49	16	11	18	17	2	18	10	29	0	26	39	27	30	49	27	27	10	32	32	13	32	14	31	37	28	32	28	42	42	37	24	16	24	18	29	28	17	27	21	4	19	22	20	17	26	44	37	21	16	37	38	18	33	4	16	42	0	8	10	30	18	2	25	14	7	10	17	18	8	24	13	10	34	22	22	46	10	34	10	4	28	38	10	32	30	30	21	18	14	8	20	19	10	13	22	30	6	25	16	13	13	15	36	25	35	24	18	26	30	17	12	38	10	32	17	8	32	14	42	42	27	24	35	17	24	10	4	21	36	12	32	20	22	33	34	6	24	18	15	31	38	42	44	33	32	20	25	10	32	32	18	12	12	27	6	32	30	44	16	46	12	20	21	16	19	28	42	29	24	6	24	27	19	33	28	20	18	33	20	24	31	36	0	14	24	19	26	44	19	36	32	44	30	19	34	20	23	19	0	26	10	21	16	32	20	11	29	12	14	16	19	42	14	25	38	19	27	27	12	11	30	22	15	19	34	30	18	27	40	14	21	20	27	8	25	24	50	22	22	30	27	16	11	37	24	34
2023.91430659507	28	40	21	10	43	28	26	10	34	28	31	30	38	15	17	28	43	22	45	26	32	17	32	7	42	17	32	8	3	24	36	30	9	38	39	24	20	19	11	18	24	15	31	21	36	28	46	1	6	42	17	28	12	12	22	36	27	27	34	32	22	14	21	9	24	49	25	22	4	32	20	28	22	14	10	38	41	17	6	23	32	45	16	39	9	10	4	25	44	24	27	17	26	33	42	31	27	8	25	53	22	21	36	47	24	16	15	19	8	35	43	5	17	5	37	29	14	12	36	35	21	23	15	30	30	40	16	7	40	14	54	10	8	27	36	42	27	24	36	31	36	6	19	8	19	25	41	26	28	17	7	0	8	50	22	44	8	4	23	39	23	22	40	40	40	39	4	20	28	4	14	22	28	36	24	10	19	10	45	46	34	24	44	6	17	25	17	8	41	27	20	31	29	44	42	33	0	15	6	31	38	22	29	41	28	30	24	34	44	46	22	8	42	36	52	41	22	25	24	19	39	14	8	15	4	25	27	34	39	8	32	27	22	9	34	10	36	33	8	2	28	21	39	20	11	36	27	19	7	39	30	27	48	28	27	29	10	30	38	27	20	42	28	34	13	19	38	32	6	8	39	28	36	7	42	40	14	19	23	24	22	36	36	24	34	8	22	33	12	10	29	10	24	17	39	18	22	14	38	28	22	40	8	12	40	21	27	8	7	11	23	10	49	23	37	47	22	36	33	7	22	28	31	11	38	42	19	42	20	34	44	46	33	25	18	7	44	28	19	40	34	20	28	50	42	28	4	14	24	40	31	38	4	24	30	18	32	33	22	46	6	31	20	16	31	34	4	21	34	11	33	6	15	29	18	14	24	31	28	21	27	30	28	36	21	13	24	26	27	25	30	23	32	28	41	28	7	12	36	30	15	36	22	25	8	33	0	42	40	20	17	34	25	29	16	22	17	30	45	26	14	54	14	13	25	26	7	35	37	37	26	11	52	10	3	9	22	18	45	26	22	2	17	13	20	27	50	4	28	26	41	30	49	30	18	36	34	4	31	40	13	46	34	8	39	8	28	22	34	18	16	21	36	40	20	28	39	39	34	4	21	23	0	16	25	12	20	16	24	34	36	32	21	37	28	3	28	42	47	6	14	33	16	3	36	38	38	22	25	9	28	15	17	13	18	13	26	18	4	31	31	19	36	6	20	21	23	42	32	38	27	10	4	24	16	3	27	22	29	32	40	14	42	8	43	40	32	6	5	19	17	41	3	20	38	12	36	37	12	46	10	15	28	31	43	22	25	23	44	20	34	44	22	12	22	48	30	39	12	24	38	28	10	20	14	18	28	34	40	12	6	16	32	8	6	22	42	36	20	12	45	7	30	38	42	7	45	18	40	18	33	30	42	19	26	21	34	17	35	20	16	15	14	50	22	34	39	28	7	16	40	23	36	30	11	45	30	32	36	28	13	45	36	16	14	26	34	44	24	3	34	16	8	24	34	23	8	36	44	17	32	10	26	10	5	27	15	18	8	26	40	42	44	12	28	36	22	22	24	16	36	17	37	6	19	28	42	28	10	36	12	31	42	48	28	40	39	17	36	10	31	34	30	18	36	34	14	17	27	19	39	39	18	18	26	15	32	32	29	48	21	33	13	24	13	14	42	14	30	8	36	34	25	47	15	24	29	26	38	33	14	32	28	28	24	20	15	53	20	38	2	6	21	49	8	8	13	10	3	16	14	28	0	38	46	27	32	47	27	21	10	32	34	8	27	12	27	43	27	33	26	40	36	39	25	18	28	20	27	28	14	27	2	2	19	28	22	7	32	44	37	21	15	35	38	20	6	2	15	40	0	14	10	32	18	2	22	11	6	10	25	20	7	30	11	8	34	22	22	41	12	36	8	2	36	47	10	47	32	20	23	20	20	14	19	20	12	12	22	29	4	28	19	12	11	9	36	22	39	24	22	23	30	9	12	40	18	36	15	7	27	14	42	42	25	28	17	7	29	16	2	23	38	14	26	18	28	31	32	4	27	18	13	42	42	40	41	35	32	22	21	8	34	34	13	10	12	32	6	26	34	46	22	46	14	30	20	19	17	28	46	24	24	6	22	27	19	38	32	18	26	31	16	26	30	36	0	15	24	20	32	44	4	40	34	44	30	19	36	16	23	17	0	28	10	16	18	27	13	9	24	8	14	2	23	36	14	22	38	19	22	27	17	10	30	21	10	14	36	30	26	27	40	17	16	22	41	6	16	30	47	10	18	28	18	18	8	37	30	33
2023.91945690628	27	36	25	13	43	24	28	16	24	28	31	27	34	19	16	31	42	23	42	25	28	20	36	7	38	22	25	9	3	17	33	27	13	36	36	25	18	21	10	12	32	15	27	28	38	26	45	1	10	43	22	28	4	8	24	31	26	26	36	29	32	22	14	14	24	47	26	26	7	32	27	28	29	9	10	35	41	20	16	19	36	42	11	39	11	8	10	20	46	24	22	16	24	31	48	33	25	9	23	53	25	28	32	41	24	18	13	21	5	32	42	12	15	12	36	21	22	16	32	37	22	21	15	21	27	40	20	12	34	13	52	7	14	25	37	35	31	22	36	27	29	13	16	14	11	22	36	24	26	15	7	0	6	50	29	44	14	6	23	39	14	30	35	36	38	36	6	27	26	6	18	29	30	27	26	10	23	18	42	43	33	26	38	10	25	26	15	18	33	25	19	31	29	43	29	30	13	13	12	33	41	22	29	43	26	30	28	39	44	45	22	5	42	44	46	36	26	20	31	22	38	14	9	17	7	25	26	27	39	10	31	29	24	11	33	15	36	33	14	8	30	23	39	19	11	32	29	21	12	39	28	29	47	30	25	28	10	29	36	27	22	39	29	36	7	23	40	36	12	7	38	27	36	11	35	27	16	15	17	25	22	27	36	24	30	12	19	33	16	22	29	15	21	20	45	18	30	13	34	23	30	34	11	17	39	23	22	14	7	17	21	8	47	18	35	42	22	31	30	7	24	29	35	11	38	43	19	43	24	30	39	48	32	25	14	7	43	31	11	35	32	28	31	47	29	24	7	22	28	31	27	32	5	26	28	15	34	35	16	40	16	34	20	18	27	33	7	22	32	11	31	12	17	30	14	18	23	29	24	24	22	28	30	31	24	13	24	25	31	25	21	16	27	21	37	31	10	11	29	28	17	38	22	24	7	35	6	35	36	23	20	36	23	29	13	16	14	33	43	28	13	52	19	15	23	25	11	35	34	35	21	11	46	14	1	9	16	20	42	22	22	2	17	19	19	22	49	3	27	30	42	32	47	30	22	38	33	6	31	38	8	41	26	13	45	10	27	19	36	21	18	20	36	34	16	31	38	38	30	13	21	25	2	10	25	13	20	10	24	34	44	28	25	36	26	1	28	47	46	10	12	30	16	1	34	34	42	24	23	9	30	17	17	7	16	15	36	24	6	33	28	23	34	12	18	23	29	42	25	38	26	8	6	31	16	1	23	22	27	31	30	13	47	9	42	35	31	8	6	21	17	35	1	14	36	19	37	34	15	48	5	17	30	27	43	26	23	27	47	20	33	37	16	8	19	47	32	38	9	17	40	23	7	16	20	24	25	36	37	17	13	18	33	14	13	22	39	30	24	11	43	7	27	41	47	11	43	14	31	16	35	28	46	21	25	21	27	23	36	20	22	10	10	49	19	32	36	26	12	20	35	16	36	27	11	42	34	31	34	38	13	42	33	20	18	25	27	43	25	1	33	11	17	24	33	17	10	35	46	23	32	10	29	9	2	29	13	22	9	21	38	42	37	20	27	31	24	24	28	21	31	17	36	4	19	27	38	30	7	36	17	29	29	46	29	42	41	17	38	14	27	26	29	20	36	26	13	21	25	21	40	28	20	15	23	13	25	32	29	48	24	39	13	22	13	19	42	16	30	14	34	30	25	40	12	32	29	26	40	24	19	27	19	25	21	18	17	53	16	36	2	14	18	41	12	5	13	5	12	20	18	27	13	40	44	22	33	40	32	23	12	36	31	9	22	16	22	42	29	28	28	36	33	41	22	14	26	20	26	26	10	32	2	8	21	23	16	9	30	39	34	22	15	31	40	17	6	2	9	36	0	22	22	32	15	2	19	10	12	22	24	24	7	36	11	10	30	25	22	42	17	33	18	2	34	41	10	45	26	19	28	20	22	22	16	14	16	17	30	29	5	28	19	15	17	9	32	18	38	24	25	18	21	9	14	36	22	33	12	13	22	13	36	38	20	30	16	9	29	24	2	23	36	17	19	21	34	28	31	5	25	20	19	43	43	36	36	35	34	16	23	14	36	30	8	8	14	36	13	25	33	43	22	43	19	30	18	21	13	38	40	24	22	10	18	25	17	38	31	21	26	29	22	25	26	37	0	19	31	14	29	43	7	39	32	37	28	21	27	22	24	22	0	25	14	16	12	22	15	9	26	18	17	1	31	33	18	18	40	15	16	25	25	10	32	21	7	9	32	21	26	27	35	19	16	26	41	10	16	36	42	7	22	29	13	18	5	34	36	33
2023.9246072175	27	33	30	10	43	27	28	22	19	24	33	27	31	17	13	29	38	30	42	19	30	23	33	8	24	22	25	13	4	14	34	27	20	38	30	23	31	22	9	11	40	21	22	28	47	26	39	11	19	44	22	29	5	9	23	27	28	20	37	25	39	24	13	14	22	43	26	29	19	27	38	28	31	9	11	27	41	21	24	17	33	38	12	36	12	13	12	20	45	26	17	13	28	28	50	35	31	13	23	47	31	28	31	40	26	22	13	21	7	35	38	19	9	19	36	24	31	16	31	36	20	16	21	23	28	40	28	17	30	13	49	12	21	31	36	30	33	23	30	22	28	19	12	18	15	18	37	24	18	15	12	0	8	48	31	45	18	13	22	35	14	32	26	31	26	30	5	38	27	14	24	26	29	20	28	13	31	24	31	42	30	26	36	10	27	26	9	21	36	14	19	34	25	40	29	29	19	19	16	33	41	22	25	45	27	29	29	43	39	39	21	10	44	46	44	37	28	20	35	27	36	10	10	19	9	18	24	23	35	12	30	29	24	12	30	15	32	21	21	11	29	22	36	19	11	34	27	22	17	35	27	27	41	36	14	33	11	33	38	30	23	32	26	32	9	31	38	35	12	7	36	25	32	25	30	27	18	13	15	31	21	20	38	22	28	12	16	21	16	28	31	15	20	23	43	20	32	18	32	24	32	29	15	24	40	25	17	19	10	32	16	11	45	18	34	35	26	27	29	12	24	30	35	18	31	39	16	44	23	28	31	48	26	18	10	8	43	29	15	35	32	29	29	43	29	26	19	24	24	30	22	31	9	29	26	16	38	34	17	34	24	36	19	20	22	32	9	22	32	11	29	16	26	31	17	24	24	29	27	32	20	27	34	29	32	13	24	29	33	32	23	16	26	22	37	32	18	9	28	25	17	33	21	24	7	34	19	30	33	28	21	32	19	29	14	18	14	24	32	26	18	49	23	21	19	29	25	29	31	34	31	13	40	15	6	9	18	23	38	26	21	4	17	23	20	17	45	6	29	29	41	23	43	27	22	33	32	14	26	36	9	36	24	23	43	9	29	16	43	24	22	20	38	30	12	38	36	39	28	17	17	29	2	11	32	11	17	10	22	30	46	26	27	36	26	6	24	45	37	19	9	27	14	6	28	32	41	23	23	10	30	22	18	9	12	17	36	26	5	33	28	31	34	12	16	29	37	44	25	39	28	11	13	35	14	4	23	21	25	31	27	15	45	13	34	24	32	20	10	21	17	29	4	16	38	23	38	32	17	48	11	17	37	22	43	29	19	24	51	17	29	33	15	9	21	41	33	36	13	14	38	21	6	12	30	31	24	32	41	19	18	20	32	18	19	21	32	21	24	9	44	8	28	38	45	25	32	10	30	21	34	27	41	20	19	24	23	38	40	21	37	8	17	46	21	32	35	27	17	22	24	16	27	28	20	31	36	31	28	42	9	38	30	26	29	28	25	43	18	4	32	10	27	22	32	15	12	27	45	38	32	10	33	11	8	32	13	22	10	31	36	44	33	26	29	29	23	27	36	24	27	12	35	11	19	30	24	37	11	43	24	24	29	39	26	39	43	17	33	14	22	24	33	27	38	24	18	26	31	20	35	23	20	17	20	16	17	27	26	40	32	38	13	23	9	20	44	29	33	19	34	26	28	39	21	40	25	28	42	22	20	26	13	24	23	16	17	47	12	38	2	19	16	36	14	7	14	11	13	18	24	29	19	42	45	17	32	39	33	25	12	33	30	10	20	15	20	40	32	28	28	33	34	45	18	17	18	20	24	24	17	33	5	11	20	24	18	13	32	36	34	20	21	28	38	16	5	3	12	33	0	31	28	32	24	7	20	11	16	28	24	24	8	35	11	9	26	26	26	36	19	27	28	4	34	40	13	41	23	19	27	17	23	31	12	16	16	24	32	26	9	28	22	17	24	11	31	21	36	27	31	18	23	9	23	33	26	32	21	22	20	15	23	24	20	34	19	13	30	33	4	26	38	23	16	29	28	28	32	9	31	17	23	44	41	33	37	32	38	18	29	14	37	26	9	13	23	35	19	29	29	35	21	42	23	32	16	25	12	41	34	22	18	14	19	20	11	39	31	29	28	29	37	19	27	38	0	17	35	16	25	40	9	36	30	33	25	20	20	37	33	22	1	27	14	11	11	20	17	10	28	21	12	2	35	34	17	21	38	13	15	20	27	11	33	17	12	9	30	23	28	30	26	25	11	28	43	19	16	35	35	6	22	26	14	18	10	34	35	39
2023.92975752871	37	22	32	14	33	25	29	28	14	26	37	29	26	17	17	31	31	35	40	15	31	35	21	6	13	22	20	11	4	17	23	29	24	36	16	21	31	20	16	13	36	21	9	37	51	22	31	15	23	43	22	27	9	5	29	25	29	18	35	25	37	26	13	14	14	28	32	29	28	24	42	31	33	6	13	23	39	23	32	17	21	25	12	31	12	20	20	16	47	27	17	17	28	28	50	35	31	11	25	38	37	37	26	36	27	26	13	20	7	35	31	27	9	27	31	22	33	22	26	35	19	14	23	24	35	38	26	18	25	6	40	14	28	31	34	25	39	23	19	9	19	32	11	26	12	12	22	19	16	8	12	0	9	38	33	37	26	20	20	35	11	33	11	21	19	16	8	42	31	16	30	33	26	18	26	11	39	33	23	28	24	23	20	15	29	32	9	26	25	11	15	34	16	36	22	29	21	26	18	33	36	24	25	44	31	29	29	42	33	31	14	7	44	52	34	22	24	16	34	35	34	5	9	21	9	15	22	23	35	12	31	31	17	12	24	17	31	10	28	18	26	24	31	15	12	30	24	20	18	35	25	24	34	35	11	37	13	33	39	29	20	21	22	27	7	39	39	35	16	7	34	25	31	27	25	24	24	13	8	39	21	18	37	14	28	16	17	10	22	38	31	17	16	35	44	21	33	28	27	24	33	29	18	26	39	31	17	24	9	48	14	8	43	15	23	18	27	25	29	12	17	31	35	22	23	36	20	43	21	28	23	49	29	15	5	8	41	31	12	18	26	37	31	36	22	30	28	26	19	24	9	31	13	35	19	16	31	34	17	24	32	32	22	20	9	38	9	20	26	12	20	18	24	31	17	30	21	19	25	31	17	25	32	20	31	14	24	31	39	38	24	16	21	19	29	34	26	9	19	24	17	28	16	25	7	34	25	25	22	28	23	27	25	25	13	21	10	24	19	21	28	40	27	28	25	31	27	17	30	23	33	13	29	21	8	9	21	21	25	23	21	4	19	23	18	17	34	6	24	31	39	13	28	27	23	32	38	16	20	33	7	25	32	26	44	10	24	17	43	23	26	20	37	25	7	48	34	37	28	21	20	34	2	10	38	11	21	8	29	29	52	26	24	31	22	8	26	41	29	23	9	21	11	8	23	27	40	28	25	14	32	26	17	7	11	18	37	26	8	33	18	39	39	16	20	33	39	44	20	39	29	8	20	34	11	4	24	25	21	25	28	18	41	11	28	17	21	29	13	20	19	26	4	15	36	33	34	27	13	49	11	16	41	9	33	29	25	17	51	21	19	16	15	5	21	34	32	37	17	17	40	15	7	7	37	37	17	27	43	21	23	20	27	26	32	25	21	20	28	9	41	8	35	40	41	27	19	5	24	19	34	25	41	22	15	23	23	42	39	25	39	8	20	36	21	26	31	30	18	19	17	16	17	35	16	23	37	31	23	45	9	25	23	36	34	28	11	41	11	4	38	15	31	14	38	8	12	23	47	42	30	10	35	14	8	32	17	23	9	33	33	44	24	38	24	20	29	30	35	34	25	9	33	13	15	30	13	41	14	33	26	18	22	31	22	33	41	19	28	20	9	32	33	25	37	32	28	30	31	22	31	21	16	21	17	14	12	24	19	36	31	27	14	23	9	26	44	30	29	24	39	24	26	37	20	36	25	30	44	22	26	21	9	17	23	15	17	38	7	36	2	29	19	27	16	7	14	11	15	19	30	24	21	44	45	17	27	37	42	31	11	21	30	9	20	20	17	39	32	26	29	22	23	43	12	17	16	25	22	16	20	42	5	18	22	24	21	21	32	31	30	19	23	26	39	15	5	1	10	22	0	33	38	30	26	7	16	8	18	38	25	28	8	33	12	10	24	18	27	28	21	18	39	4	39	36	11	39	17	15	30	21	20	33	11	15	22	26	33	20	13	31	29	13	30	11	26	16	34	30	37	15	24	9	32	27	28	30	20	29	20	16	12	13	16	32	22	21	27	44	4	34	36	21	13	29	26	18	21	13	31	15	23	43	32	22	22	28	31	21	33	18	35	22	7	20	32	35	32	31	28	27	21	28	27	35	20	27	13	34	24	29	21	20	21	25	11	39	31	29	30	19	39	15	25	34	0	17	34	15	25	36	9	35	31	24	24	22	18	39	36	22	1	27	20	13	13	20	18	10	26	26	19	2	43	23	28	16	39	13	15	25	29	13	28	20	14	6	22	24	30	29	11	25	13	24	43	23	12	33	18	7	23	22	14	16	7	30	33	42
2023.93490783993	35	14	37	15	17	17	26	38	10	21	33	28	24	19	20	31	26	40	37	12	29	39	26	5	3	27	10	12	4	13	19	28	24	24	12	23	37	17	14	11	41	33	7	37	55	14	27	15	25	39	27	31	9	3	37	22	30	9	35	19	40	28	15	14	11	25	32	45	42	6	42	31	34	6	13	18	33	21	36	14	26	14	9	26	20	22	28	17	47	29	7	20	30	34	50	34	32	12	29	28	48	37	22	36	29	30	12	17	10	40	26	33	7	33	31	21	39	24	22	42	15	14	23	15	31	38	25	17	20	8	33	14	34	32	47	23	38	20	18	7	13	43	17	32	14	6	7	15	14	1	14	0	11	32	34	32	32	35	22	35	9	32	8	23	2	12	8	42	37	18	30	37	15	16	21	11	45	40	17	14	16	24	15	15	35	32	7	35	25	8	5	39	14	36	11	31	27	30	24	35	22	26	25	44	37	31	35	44	20	27	7	9	46	54	21	7	22	17	36	41	29	5	9	21	9	11	13	11	35	10	31	30	16	20	16	19	28	5	34	24	15	26	26	5	8	30	21	17	17	35	9	21	32	39	8	38	13	33	37	29	21	11	20	18	6	45	35	34	24	7	29	24	28	38	23	23	22	17	6	46	21	16	37	11	17	20	18	5	24	40	37	19	2	39	46	20	32	36	20	22	32	28	26	26	37	27	7	26	13	56	14	5	44	11	10	4	33	22	31	14	16	31	35	28	12	34	18	39	24	17	15	46	24	11	5	10	38	31	14	11	21	41	31	12	11	34	42	28	10	13	7	26	18	37	18	16	24	33	16	23	36	30	25	22	7	37	9	24	21	8	15	24	39	37	15	30	26	15	17	37	5	9	32	15	37	11	24	34	38	40	15	16	16	19	24	35	26	10	13	5	19	14	12	25	7	33	25	23	14	32	21	18	31	18	9	18	8	21	12	9	36	33	29	32	31	34	38	15	29	10	39	13	13	27	13	10	18	17	14	19	21	2	16	27	15	7	23	3	23	30	34	8	25	27	25	12	34	18	19	32	7	13	32	24	46	18	23	18	44	26	30	22	37	20	12	46	29	37	17	24	14	33	2	15	40	4	32	8	26	21	54	24	26	31	14	13	21	40	16	25	8	19	15	13	13	20	40	33	29	21	32	27	17	6	17	20	37	20	8	35	10	45	38	24	16	45	39	46	10	42	30	5	35	36	15	6	24	27	19	22	20	19	40	12	23	8	17	39	11	17	16	18	6	11	24	37	27	26	13	46	11	21	40	7	17	37	31	23	51	32	19	2	9	3	18	32	32	33	13	13	40	12	9	12	43	43	17	18	39	25	28	22	20	32	43	27	11	21	41	10	43	10	31	31	40	38	12	5	13	20	33	9	41	24	12	21	11	38	40	22	40	8	24	19	18	21	29	37	17	20	8	16	10	31	19	17	37	30	13	42	7	14	14	42	42	32	4	38	8	6	34	14	33	11	34	6	10	18	47	38	29	12	37	16	10	29	17	25	9	39	32	46	8	40	23	15	37	29	35	33	22	11	31	13	5	29	3	40	16	36	26	13	11	18	20	13	44	16	14	30	7	32	33	26	37	32	36	34	32	24	37	25	14	32	15	10	6	6	17	33	37	25	11	20	7	31	46	39	29	26	38	15	29	19	22	41	25	30	49	19	31	16	4	17	26	10	19	28	12	24	2	40	17	21	22	10	14	11	17	21	30	23	27	49	45	7	20	19	43	27	9	26	27	9	13	36	5	41	29	22	26	14	19	39	6	15	14	33	13	17	24	43	5	24	24	22	18	20	28	20	28	15	23	19	35	15	5	1	10	14	0	39	40	29	34	8	15	10	24	40	25	41	10	33	8	18	15	18	33	12	25	11	47	2	38	36	11	36	18	5	34	32	21	39	17	11	24	26	32	10	18	31	32	13	33	11	22	16	29	27	48	11	15	10	34	19	28	19	22	31	13	18	11	3	17	32	22	20	24	50	2	42	24	29	6	31	36	10	17	18	32	17	27	39	33	14	7	22	24	18	45	18	35	25	7	22	34	34	43	34	24	19	21	14	29	37	16	27	13	31	23	26	21	28	27	21	9	42	30	31	30	15	40	12	22	27	0	19	36	11	19	36	9	26	23	8	5	24	16	40	35	27	1	28	30	8	11	13	20	14	21	35	24	2	42	19	34	16	35	17	9	21	35	13	18	14	14	6	20	15	30	29	8	30	8	22	39	25	15	33	4	9	25	20	12	11	9	28	33	46
2023.94005815114	32	13	32	16	14	18	28	36	10	17	31	26	18	27	30	26	22	39	30	17	26	38	21	5	2	29	9	11	5	16	12	26	23	23	8	25	37	14	14	19	41	35	6	37	51	19	23	26	24	31	29	28	5	7	37	19	29	8	32	17	39	28	12	14	15	24	29	43	43	5	41	25	36	6	14	15	30	22	37	14	21	9	10	21	19	21	33	21	42	27	6	30	21	31	44	29	31	11	25	15	50	37	16	32	27	30	8	20	14	39	22	36	7	36	30	20	41	30	16	37	18	16	23	12	30	32	25	22	19	12	24	17	31	31	45	20	36	17	21	6	5	42	18	30	13	9	3	25	16	4	17	12	13	21	36	29	30	37	21	32	11	28	7	22	1	8	24	41	39	20	35	35	14	15	16	14	46	39	11	9	15	21	12	23	34	29	7	36	21	9	10	38	7	27	11	30	29	31	26	34	20	19	15	45	39	30	34	39	12	23	12	9	37	48	12	3	19	21	33	43	27	10	18	20	10	10	17	10	32	16	28	31	12	19	15	21	13	7	31	26	14	25	21	10	10	23	20	14	22	32	6	20	27	33	9	34	14	32	29	27	21	4	19	13	9	46	30	29	32	7	27	22	13	40	20	22	21	19	10	37	21	15	33	15	13	24	15	7	30	39	28	21	5	38	43	19	28	41	11	21	28	25	25	26	33	24	6	26	12	54	16	8	37	9	9	3	38	19	30	17	12	31	34	25	8	28	18	31	18	13	13	41	18	10	13	12	38	26	13	8	17	35	26	11	11	33	43	28	9	10	6	23	22	31	16	17	22	30	19	22	37	25	24	22	6	36	10	27	17	10	17	26	36	31	19	35	29	11	18	34	19	6	32	15	34	12	21	29	36	43	12	13	12	12	20	33	30	13	5	4	22	12	13	24	7	30	29	20	13	29	22	13	28	12	10	20	8	18	7	13	41	24	30	27	28	29	40	14	19	9	34	14	11	29	15	11	20	20	9	14	21	7	13	28	18	6	18	10	21	28	31	6	24	26	25	10	28	20	10	33	12	14	30	26	43	20	21	15	43	31	30	22	33	19	12	47	27	32	13	29	13	32	8	15	43	10	33	11	24	20	48	16	24	30	19	15	17	29	11	24	7	15	16	15	12	11	33	32	25	19	32	28	22	9	19	23	34	19	24	34	6	46	34	32	23	41	33	37	9	37	29	8	37	33	16	6	23	31	18	23	18	16	29	11	23	12	20	39	13	20	13	19	6	15	23	34	19	24	15	41	10	27	40	6	14	37	28	20	44	33	16	1	10	7	19	27	31	32	12	16	38	7	11	12	43	42	14	13	31	27	31	22	19	30	42	31	4	22	41	13	37	12	30	25	29	40	7	13	10	19	30	6	31	26	17	19	10	38	36	23	41	4	25	11	19	17	15	32	22	23	12	13	9	30	18	11	31	27	12	42	6	9	11	40	42	27	6	38	7	6	28	18	31	15	28	10	16	7	42	38	25	18	37	20	13	30	19	25	18	34	33	37	9	40	21	15	37	28	36	36	19	10	25	13	13	35	2	40	13	35	26	12	11	14	19	9	39	13	12	28	6	30	32	26	33	30	41	31	31	26	36	23	20	32	19	10	10	5	15	29	34	21	12	17	6	29	37	40	29	26	34	16	26	14	21	41	15	30	47	18	29	12	4	14	24	10	22	15	12	23	10	38	20	18	20	14	11	10	17	22	35	21	29	47	41	6	19	14	41	24	11	21	26	18	10	38	19	28	30	22	28	13	12	34	9	19	16	32	17	13	25	41	11	26	26	21	20	20	27	20	22	18	23	21	30	16	3	5	10	13	12	41	39	25	41	17	17	8	26	39	24	41	12	29	10	20	16	17	38	9	27	12	45	7	34	32	14	33	17	10	32	33	21	41	18	15	30	26	28	17	22	25	34	15	34	12	16	15	27	24	50	9	12	11	37	18	31	14	21	31	10	22	10	2	21	32	21	20	24	48	7	42	23	32	5	32	33	6	20	22	31	20	28	31	24	13	3	17	22	20	41	24	32	25	12	21	37	29	42	29	21	8	21	9	30	37	23	23	13	30	22	24	22	30	28	20	8	37	27	32	30	11	41	17	23	19	12	27	33	15	17	27	10	22	13	9	4	26	15	41	33	29	9	27	28	7	19	10	23	15	16	36	27	1	35	12	38	15	30	19	10	20	34	14	16	13	17	6	14	12	30	27	7	29	7	19	36	24	18	29	3	11	25	19	13	9	9	22	29	43
2023.94520846236	32	12	29	18	14	16	28	38	21	14	29	24	18	33	32	19	22	38	33	25	28	38	21	7	2	27	9	18	13	16	11	24	23	23	5	26	35	16	16	21	41	33	3	37	47	26	25	33	28	26	27	32	5	7	35	11	21	3	25	21	38	25	12	10	20	17	26	42	43	5	39	22	39	9	16	15	27	18	37	13	21	4	11	22	19	21	33	21	33	24	8	32	22	29	29	29	31	18	27	15	50	37	20	26	24	24	8	26	16	29	22	36	7	36	22	20	38	27	20	33	23	16	25	14	30	26	23	22	20	14	21	21	33	31	39	16	34	22	21	3	3	42	20	30	15	12	3	30	18	8	15	16	15	19	39	29	30	41	23	24	18	29	9	22	1	5	30	39	37	24	35	32	11	13	23	20	46	40	13	9	20	22	12	23	35	26	7	36	24	11	20	35	10	21	11	29	29	34	28	30	20	22	17	38	37	20	32	34	9	25	18	9	32	37	9	3	21	21	30	34	22	20	15	24	14	12	23	13	24	26	26	28	13	19	20	23	13	14	33	32	11	25	22	20	12	16	19	16	22	24	6	19	27	30	11	35	16	29	24	30	15	7	19	13	17	46	19	27	44	7	22	26	13	38	16	28	21	17	17	32	23	13	33	20	13	26	15	14	27	38	27	23	11	38	32	24	29	41	16	18	29	21	27	26	35	22	8	28	14	54	16	8	22	9	6	3	36	11	29	15	13	27	27	24	12	28	30	26	18	13	13	28	15	12	19	16	27	19	15	8	8	33	19	9	11	33	43	25	9	10	3	18	22	33	20	16	22	29	23	22	37	20	18	20	3	32	14	29	8	12	7	28	36	27	18	35	25	11	16	32	29	6	36	19	32	16	17	30	34	40	14	10	12	13	18	33	36	13	3	9	34	12	19	20	7	29	32	16	12	27	18	13	28	13	13	18	14	20	7	13	41	21	34	27	28	30	38	11	9	6	34	25	17	28	25	9	18	22	4	16	23	7	10	32	16	8	13	15	25	28	28	6	17	26	25	10	24	24	9	20	19	8	26	28	32	20	25	15	41	31	24	25	33	20	10	45	22	29	13	31	15	30	14	15	40	13	33	21	24	22	37	14	24	22	26	25	14	26	6	28	6	22	18	25	14	16	29	32	27	21	28	27	27	17	18	31	28	21	30	30	4	46	29	44	28	38	31	32	9	27	21	8	41	30	18	8	23	34	16	27	16	16	26	18	23	14	21	37	16	26	10	19	8	23	23	38	16	20	17	28	12	29	37	3	14	37	28	20	31	33	20	1	16	7	17	27	29	26	14	16	29	9	16	10	40	40	14	13	25	30	31	20	19	30	42	34	7	19	41	13	34	16	30	23	26	38	7	19	10	16	29	6	23	26	25	19	13	38	30	20	40	9	33	6	17	8	14	32	22	27	14	10	12	30	20	13	31	26	14	37	11	4	19	40	43	26	11	27	18	8	24	18	29	20	24	17	26	5	33	38	26	20	34	22	22	30	21	25	15	34	20	32	9	44	25	19	35	26	34	36	11	12	23	13	15	40	2	37	15	33	26	17	11	12	19	9	32	10	12	32	3	26	29	28	33	26	41	36	31	26	33	21	22	31	19	12	16	5	21	29	32	17	16	22	11	33	32	39	20	28	29	20	26	11	25	41	17	30	39	19	33	12	4	14	24	14	34	15	10	23	18	38	22	9	20	16	13	12	17	21	35	25	29	39	28	8	19	11	41	22	9	21	19	15	13	38	29	24	30	25	28	12	11	32	12	18	18	28	23	15	33	41	13	32	26	18	18	20	28	17	12	23	25	24	19	20	6	7	13	12	16	38	38	26	38	21	30	14	28	38	20	41	16	31	12	20	20	17	36	15	30	14	47	7	29	26	20	31	18	20	25	33	15	38	20	23	27	26	29	20	22	22	36	17	35	17	20	17	22	23	50	9	14	9	37	20	31	14	25	31	13	24	12	2	21	36	21	20	24	47	7	43	23	35	8	30	31	4	21	22	31	20	32	26	22	12	3	15	22	18	38	29	25	25	19	21	37	27	42	30	13	8	23	9	34	37	28	21	21	30	22	24	22	30	28	20	10	27	26	30	30	11	40	25	17	16	16	33	30	23	21	21	14	16	16	9	9	26	13	40	33	27	13	23	32	9	21	13	31	20	23	36	31	3	37	11	33	17	19	17	16	20	35	16	11	15	21	9	20	14	30	30	9	40	9	21	25	28	28	31	3	16	25	19	13	7	9	12	31	33
2023.95035877358	33	13	31	18	14	11	28	35	20	13	20	29	11	37	38	20	20	38	22	21	30	36	22	9	4	27	8	20	18	16	9	29	22	22	6	30	29	18	16	23	40	34	4	32	44	28	21	37	29	25	27	28	6	9	34	13	22	7	21	19	37	25	13	13	21	14	20	41	43	6	39	25	41	18	18	17	23	22	37	15	22	10	13	21	16	23	33	31	24	21	10	38	23	29	24	28	31	20	29	15	48	32	15	19	21	25	11	29	18	26	20	35	8	35	14	23	37	26	15	30	26	13	29	16	27	20	23	24	14	26	14	21	35	31	38	8	30	19	20	4	5	39	23	31	15	14	5	26	29	13	13	26	17	9	41	25	31	41	19	17	17	32	9	18	3	6	32	39	33	24	32	31	9	14	26	22	45	38	18	11	19	24	13	29	35	20	8	37	24	16	23	29	19	15	14	21	33	34	28	28	19	22	17	32	33	20	26	24	12	21	21	10	33	31	10	5	20	31	29	35	20	38	17	25	24	20	24	12	17	30	22	23	22	16	19	24	8	18	35	36	9	25	21	23	19	15	19	18	24	17	7	19	20	29	16	33	18	30	16	24	19	8	21	18	24	45	20	25	45	7	20	26	8	40	8	22	22	21	17	30	23	14	23	21	12	33	15	18	26	38	25	24	14	36	29	24	32	42	20	16	32	19	28	22	26	20	10	28	14	51	13	12	19	13	7	5	37	13	21	13	22	22	22	24	16	32	33	25	21	12	11	21	18	20	27	30	20	20	15	6	14	32	20	10	14	33	43	25	16	8	4	16	30	33	19	16	23	21	27	17	37	20	26	13	4	29	24	26	14	19	9	28	36	23	24	32	23	17	11	34	40	7	36	17	34	16	14	29	30	42	16	7	9	14	16	30	35	18	5	7	35	12	26	24	7	21	32	8	13	26	22	18	31	15	24	21	16	18	5	15	42	14	40	27	31	29	40	9	12	7	34	23	15	28	26	12	21	23	10	21	23	19	8	30	19	10	12	19	23	24	17	8	14	17	23	8	20	24	19	18	19	8	29	28	29	19	23	15	29	31	25	21	23	14	13	39	20	17	12	33	18	27	14	13	42	17	32	23	26	18	31	10	24	14	28	26	13	23	7	29	7	15	24	26	12	20	18	29	29	32	16	26	33	24	19	28	26	22	32	28	6	45	27	45	32	37	31	33	8	20	22	12	41	29	24	14	19	26	13	25	18	15	23	20	22	13	21	37	18	29	8	17	14	27	22	40	18	17	23	21	16	32	34	4	14	36	31	22	30	32	18	3	25	9	18	20	26	15	14	16	26	13	16	13	40	38	13	18	25	28	31	13	20	31	39	26	8	17	36	18	25	30	27	24	23	40	5	27	8	15	21	7	15	23	21	19	12	38	23	19	43	12	32	4	18	14	9	34	24	31	13	7	9	27	20	18	28	23	12	35	17	10	22	39	38	27	19	20	21	14	20	21	29	21	20	17	30	7	24	38	11	21	26	25	31	30	27	23	17	34	18	33	13	40	23	17	34	27	29	36	13	13	12	13	17	32	4	34	21	32	22	17	14	15	21	12	20	8	12	37	4	29	30	27	23	29	42	37	31	23	28	24	22	30	18	12	23	6	25	26	34	18	16	19	17	33	33	40	16	28	27	21	26	12	29	40	17	31	28	18	33	9	4	13	20	16	35	15	13	22	24	38	23	8	20	18	11	16	21	23	32	23	33	28	15	10	20	12	38	20	9	22	27	17	16	40	40	20	30	21	28	13	9	29	14	24	29	28	24	18	32	38	21	36	23	16	21	21	21	8	10	26	29	22	20	22	6	21	13	13	26	37	38	11	42	26	26	20	28	38	24	36	30	25	19	19	21	17	37	14	28	14	49	19	27	19	22	35	15	23	25	32	19	37	23	27	26	22	32	23	30	25	35	23	35	20	15	14	20	25	48	13	16	12	36	20	24	14	29	28	16	24	13	4	31	36	15	21	25	47	19	42	22	35	9	29	32	6	21	30	31	26	30	25	24	13	5	11	23	21	37	31	21	22	19	23	36	25	39	29	14	9	23	11	40	35	32	22	30	28	17	26	22	31	25	19	17	20	23	29	31	17	43	21	16	18	26	37	29	27	19	15	24	14	18	13	7	23	14	43	36	27	17	24	37	7	23	16	28	27	26	37	34	7	32	9	36	14	20	21	25	19	35	18	14	18	21	18	16	16	31	24	9	41	7	20	25	29	29	25	5	16	23	21	10	13	10	10	25	26
2023.95550908479	27	12	29	18	15	15	30	35	21	13	14	28	10	39	34	18	15	35	13	32	25	37	23	10	5	35	9	24	20	19	16	28	25	23	12	34	27	18	16	26	37	32	5	30	29	28	15	42	29	15	35	25	7	14	34	14	21	8	14	15	36	20	9	11	29	5	14	41	43	7	37	24	33	23	25	16	11	30	37	19	23	11	16	14	19	24	33	37	11	20	11	34	21	25	14	24	28	24	30	6	46	30	18	13	20	27	19	27	21	20	15	37	11	37	9	23	34	29	18	30	29	13	33	17	22	8	26	26	15	37	12	21	35	28	33	5	16	17	26	5	5	39	33	29	11	13	6	27	31	13	14	28	29	6	33	12	29	41	18	12	22	32	10	13	4	12	36	37	31	28	28	34	8	12	27	25	43	40	18	16	20	22	11	29	33	14	11	35	20	17	24	14	22	13	9	18	35	39	28	30	18	29	13	20	31	19	23	20	10	15	24	12	30	25	8	6	21	37	29	33	19	46	21	27	26	21	27	16	12	37	16	19	27	19	20	25	12	22	35	42	8	22	14	24	21	14	17	18	26	12	7	17	8	22	17	31	25	26	17	22	18	9	23	22	25	43	21	20	48	6	19	24	12	42	5	25	20	22	20	29	23	12	8	29	13	33	16	22	29	40	23	25	16	37	21	27	32	40	24	13	32	17	30	24	25	23	11	28	15	51	13	13	18	12	10	6	37	14	18	14	27	14	11	26	23	23	41	15	21	13	6	11	10	21	32	39	10	18	11	7	15	31	18	6	9	33	43	20	16	9	5	13	34	32	26	14	27	16	28	12	37	21	24	10	5	23	26	25	15	21	10	28	34	20	34	28	22	18	15	36	50	7	35	12	36	15	8	32	16	37	17	10	7	17	18	29	33	18	5	10	38	15	27	24	6	16	34	5	12	27	30	22	34	14	33	25	18	19	6	18	40	12	40	25	34	32	42	12	13	10	27	22	16	28	29	13	25	26	11	23	23	25	7	30	20	11	13	30	26	31	12	9	5	10	26	9	19	28	28	16	25	7	28	28	21	19	26	16	23	31	27	17	8	15	13	34	19	11	13	35	21	20	14	15	37	28	28	26	27	16	25	7	26	9	28	29	13	15	8	29	11	18	26	29	10	24	15	27	30	33	9	24	35	25	19	30	25	25	36	30	7	43	20	48	39	37	28	30	9	15	21	13	41	29	26	19	18	25	14	24	18	15	15	24	22	14	22	39	18	27	7	16	19	32	23	40	19	5	28	11	20	33	34	5	15	34	34	22	15	28	27	4	34	14	20	8	28	15	14	19	13	10	26	13	38	40	11	22	18	31	31	10	19	29	39	25	9	24	36	18	17	39	22	25	15	42	6	32	9	14	16	7	18	22	32	20	16	40	13	23	40	17	33	5	20	15	10	34	26	34	14	10	7	22	21	18	28	20	10	32	18	11	28	35	37	24	20	10	32	19	19	21	29	29	19	20	37	10	11	40	8	24	20	24	36	31	27	26	21	27	16	30	17	40	26	12	34	24	23	41	14	12	15	13	18	28	5	34	21	30	24	13	9	14	23	13	20	7	15	40	5	28	26	27	8	28	40	36	28	22	23	22	24	30	21	8	25	7	23	10	36	16	15	17	18	33	30	41	8	28	20	32	24	13	27	37	13	24	18	17	33	7	5	11	24	21	38	6	13	23	29	40	23	9	21	21	8	20	25	24	28	26	35	18	8	11	19	13	39	23	9	23	26	21	17	42	50	18	31	17	30	12	16	24	13	34	31	27	27	18	33	39	28	42	22	13	25	22	16	9	8	29	33	24	21	20	11	26	14	12	28	34	40	8	40	28	35	26	28	40	24	36	39	22	21	19	32	17	37	15	31	13	47	25	20	13	25	22	17	24	28	28	18	34	33	32	29	24	32	24	34	24	37	28	39	24	18	13	19	26	46	12	17	13	37	19	16	11	27	26	17	29	13	5	37	35	16	22	18	44	25	42	23	34	10	34	27	7	22	34	28	28	30	15	23	12	6	14	27	25	37	37	14	20	25	24	37	20	39	32	11	8	23	16	40	26	39	20	33	25	12	27	26	33	25	15	22	15	20	34	24	18	40	32	14	19	28	39	29	32	15	13	26	10	22	17	10	22	12	40	36	35	21	23	40	14	26	17	30	29	27	35	37	8	28	16	34	13	21	22	34	15	33	25	14	21	21	23	16	17	24	22	10	41	14	21	10	29	45	22	6	26	26	23	11	13	12	8	22	25
2023.96065939601	31	12	25	23	13	15	23	30	18	10	19	26	7	38	38	13	12	31	16	30	25	35	19	13	7	32	14	24	24	21	18	26	20	18	12	33	27	15	14	24	27	37	5	23	24	31	14	46	26	14	32	25	7	22	34	18	19	8	16	12	29	13	7	10	29	7	12	37	43	7	29	24	27	23	29	13	13	30	32	22	19	14	16	18	17	23	29	37	9	18	11	38	23	28	7	25	26	24	30	6	41	23	20	16	18	29	19	27	21	20	12	31	11	31	7	23	27	27	20	31	28	13	31	17	22	11	21	23	13	37	9	21	30	26	29	8	14	20	23	5	5	34	33	25	15	15	9	33	31	13	18	38	31	6	27	10	25	39	17	9	26	26	10	13	4	12	39	29	29	27	24	29	7	14	24	22	43	33	18	16	18	21	11	26	30	12	11	27	15	15	26	16	22	11	9	13	29	40	30	25	11	31	18	17	29	19	19	15	10	14	27	14	23	20	8	9	20	37	23	29	16	48	22	28	28	19	25	20	9	35	14	19	27	17	18	27	12	26	30	38	7	22	18	26	26	14	20	15	23	9	10	20	8	23	15	29	29	28	12	22	17	9	21	26	27	43	17	23	46	12	16	23	12	41	8	25	16	22	27	30	20	14	8	29	11	31	16	26	27	26	21	27	16	35	10	27	26	37	21	13	26	20	29	18	21	22	11	26	15	45	13	13	18	15	10	6	41	18	13	18	27	22	6	31	20	20	43	14	24	11	9	9	10	19	34	39	10	13	15	7	15	25	13	6	9	29	43	13	17	9	5	11	32	35	24	14	20	10	26	12	32	17	24	10	5	19	28	25	15	26	10	30	32	18	36	24	19	19	15	32	52	10	31	16	32	20	11	28	14	33	17	13	7	17	12	25	32	16	5	10	36	11	27	26	12	10	31	8	12	27	30	26	32	16	33	27	18	15	6	18	37	9	36	23	32	28	41	12	16	10	27	24	16	25	34	15	27	23	14	21	20	35	7	24	22	11	10	34	22	29	10	6	7	7	24	7	11	27	28	19	25	9	28	24	10	17	22	16	18	28	29	15	8	13	17	28	16	13	11	31	25	21	13	15	33	27	25	26	25	16	20	13	21	7	31	34	10	6	10	26	14	18	24	34	7	21	10	19	30	32	7	21	35	27	21	27	20	23	39	25	10	43	18	46	38	33	24	23	14	13	19	13	39	23	24	25	18	25	13	24	18	13	6	24	19	14	20	37	16	27	7	16	25	32	18	33	19	5	26	9	20	31	31	5	13	28	32	20	8	25	23	4	34	22	17	8	22	9	14	21	11	14	28	17	38	35	11	26	18	24	27	10	17	25	34	25	9	21	31	16	14	39	22	19	6	41	6	34	9	16	10	10	12	18	30	20	20	33	11	23	34	17	32	5	17	15	10	33	23	32	14	13	13	22	25	18	22	18	7	22	26	14	28	31	36	22	22	10	30	25	11	21	22	29	11	27	35	13	9	33	18	26	22	25	36	24	25	24	22	27	19	23	17	35	22	16	34	19	20	35	18	10	15	17	18	27	7	31	21	24	18	13	9	17	21	15	15	7	11	40	5	28	28	25	8	28	37	33	26	18	16	22	24	26	23	8	22	7	23	8	32	9	20	20	26	28	23	37	11	26	18	32	26	15	25	27	18	21	15	17	28	7	5	11	21	20	36	6	17	18	30	38	22	9	22	21	8	20	20	24	24	22	29	15	12	11	17	15	33	22	6	19	26	22	17	42	52	18	24	15	23	12	18	17	15	36	31	28	25	16	32	33	30	38	18	13	27	22	16	12	8	28	31	24	17	20	11	28	15	12	38	27	26	18	39	30	38	26	30	26	26	31	39	19	26	17	32	19	41	16	24	16	42	35	18	16	22	22	19	26	26	25	17	27	33	32	27	18	26	22	32	24	39	26	37	24	20	13	16	26	41	15	17	15	35	17	20	11	25	23	17	31	13	7	37	31	10	22	21	36	35	37	18	28	13	29	21	10	20	32	26	25	24	14	18	12	9	14	20	27	33	34	16	20	25	23	35	23	34	28	11	8	20	16	36	26	38	18	33	21	12	25	26	34	21	15	22	13	18	29	21	19	34	30	14	19	38	38	23	32	12	11	28	10	22	17	10	18	14	34	37	32	21	21	40	18	24	17	27	29	24	27	33	15	19	18	33	13	17	22	34	15	30	29	16	25	21	23	18	17	21	22	10	41	18	20	11	26	43	19	6	28	24	21	9	19	14	8	19	24
2023.96580970722	29	14	22	27	9	12	21	24	19	9	20	25	6	36	39	13	14	21	15	29	24	30	18	16	14	38	15	21	28	20	20	25	15	9	11	29	20	23	14	24	19	31	4	22	14	30	16	41	20	14	38	26	7	25	28	16	18	7	13	12	20	10	11	16	30	15	12	32	34	6	18	23	26	25	30	12	11	32	22	22	18	13	20	17	22	20	26	35	11	18	10	39	19	27	4	29	20	21	30	7	31	22	19	13	18	25	19	27	19	17	14	23	15	23	6	21	18	24	19	30	27	11	28	14	20	11	13	21	12	37	8	18	23	20	25	7	11	21	22	4	4	27	32	23	24	16	13	36	30	13	14	38	27	5	26	7	23	32	15	9	33	21	9	12	4	11	38	18	28	24	19	26	6	13	19	22	39	28	17	15	17	22	10	25	27	12	15	27	9	17	27	16	21	10	8	10	25	38	29	22	5	30	20	14	28	19	19	11	8	16	26	17	20	18	7	13	25	35	18	24	15	47	23	22	26	18	24	19	9	33	15	12	30	22	17	26	15	28	23	34	6	18	17	27	26	11	16	23	21	9	12	16	5	17	17	25	30	25	6	22	16	8	16	25	33	39	17	18	46	11	15	25	15	35	7	24	14	21	28	25	23	13	7	30	7	31	12	28	24	22	18	26	22	30	9	25	21	32	18	12	21	19	25	12	17	19	10	20	12	30	11	14	17	18	9	5	37	16	10	14	30	20	5	26	21	21	48	14	23	7	11	8	13	18	33	38	9	13	24	6	18	29	13	5	8	19	34	10	16	8	4	10	28	32	23	15	11	11	25	11	22	10	23	12	4	19	26	24	18	26	9	29	27	17	33	19	18	22	12	23	51	12	29	17	23	20	13	25	11	25	14	15	7	21	11	18	31	24	4	10	35	10	29	25	11	11	19	7	14	21	32	25	26	20	33	30	17	14	5	19	32	8	34	17	26	25	35	11	17	9	18	23	18	22	32	17	30	18	13	18	23	39	7	20	22	10	10	37	19	27	7	5	15	7	23	6	10	24	27	18	24	11	27	18	9	17	19	12	13	25	25	14	7	12	23	23	15	11	7	29	26	18	15	13	25	26	24	24	29	15	18	13	18	6	30	32	9	6	9	20	23	17	23	32	6	18	13	18	30	33	6	17	35	33	29	30	16	21	38	22	11	39	15	46	37	28	19	20	15	15	18	14	32	18	23	24	17	24	12	26	16	12	6	21	16	13	17	29	13	27	7	13	24	31	9	30	16	4	24	8	17	30	21	4	9	25	26	16	4	24	22	4	33	25	17	5	23	11	11	20	7	15	27	23	36	26	7	25	27	24	24	12	16	23	27	24	8	22	32	24	15	38	20	15	6	35	5	33	8	13	11	12	11	17	29	14	19	19	12	21	26	20	27	4	17	18	6	33	21	27	13	15	14	20	20	17	21	17	6	15	23	13	29	27	28	19	21	9	29	24	10	20	10	30	10	28	33	12	11	19	19	29	16	24	34	16	24	23	23	18	18	20	21	26	19	17	28	18	10	29	16	9	15	16	15	29	14	21	20	17	12	12	8	16	16	14	14	7	10	35	4	27	25	17	7	27	32	26	20	17	19	21	23	25	24	6	21	6	25	7	23	8	20	21	23	32	20	27	12	20	15	30	22	14	21	19	20	18	13	16	32	7	7	7	20	19	35	7	23	9	32	31	18	5	23	19	7	17	19	22	19	19	25	13	13	10	16	14	27	19	11	18	24	23	13	36	51	17	16	14	21	14	20	10	16	33	30	30	24	21	27	27	29	34	17	12	30	15	12	13	7	27	28	26	17	21	15	28	9	14	38	18	22	19	32	29	37	25	29	22	25	32	38	15	26	17	30	18	37	20	24	15	34	39	15	13	22	24	18	27	19	24	16	18	32	31	24	12	21	29	28	23	38	24	33	23	19	19	15	32	31	18	14	17	26	18	22	7	21	15	13	31	12	14	35	29	9	15	17	27	39	33	9	25	15	22	21	11	17	28	20	28	20	14	17	14	13	16	11	30	28	33	13	24	24	20	26	18	27	25	16	7	23	15	34	24	37	15	32	12	11	29	23	31	23	17	19	15	17	22	18	22	26	29	10	16	38	36	18	31	12	10	26	9	19	21	10	17	13	26	36	38	21	18	35	21	24	13	30	28	19	27	30	15	14	20	31	19	17	21	33	17	27	30	29	26	18	25	17	14	18	22	9	35	21	25	8	20	42	15	5	27	23	16	5	21	17	7	15	21
2023.97096001844	19	11	20	25	10	11	13	17	19	6	18	30	7	35	36	17	12	15	14	28	21	10	20	15	16	36	17	20	33	14	23	30	9	8	10	30	14	23	8	21	12	30	5	12	8	29	19	36	16	15	36	22	8	29	23	14	17	6	14	11	16	7	10	20	29	16	8	28	22	5	14	16	26	24	32	11	9	29	14	23	20	12	34	15	25	12	20	33	8	15	9	36	17	23	3	30	14	20	26	5	21	12	17	11	15	21	17	29	18	16	12	18	12	18	5	14	14	18	17	23	29	13	25	10	13	11	11	20	10	35	6	17	13	14	20	6	3	19	20	5	5	14	29	12	24	17	15	35	28	12	14	38	27	3	26	5	12	26	9	8	32	15	10	13	3	10	35	14	20	19	11	18	7	15	17	25	28	17	17	14	12	23	8	20	21	8	12	23	11	20	25	16	16	8	6	7	22	30	26	21	3	29	19	13	20	21	15	9	6	19	28	23	18	10	5	15	28	33	12	18	14	48	22	19	24	17	20	21	8	34	14	9	28	25	12	19	16	26	13	31	7	12	15	25	25	10	15	23	20	8	20	15	6	12	20	18	32	24	6	21	17	6	13	24	35	28	19	16	43	16	14	21	16	26	6	22	7	20	29	12	23	15	5	29	3	26	14	26	18	12	17	19	22	10	11	25	15	24	15	11	15	15	18	9	16	5	9	14	11	13	13	12	15	17	7	3	38	14	7	14	28	17	4	19	23	17	45	15	21	3	9	5	15	17	31	37	8	17	24	5	21	20	17	5	6	11	22	7	19	7	5	8	31	30	24	13	8	10	24	12	14	7	25	15	5	14	24	25	21	25	10	26	27	15	32	11	17	22	11	19	52	20	30	21	19	17	12	17	3	16	10	15	6	23	9	11	21	24	5	9	34	10	28	21	16	10	13	6	11	15	29	24	20	24	32	29	16	11	3	18	24	6	27	9	20	17	26	13	16	7	15	24	13	18	31	15	29	16	12	14	23	39	5	19	22	9	8	35	21	22	5	3	16	6	17	5	5	19	26	17	22	10	20	12	11	13	21	14	8	18	21	12	5	10	28	9	14	7	3	25	26	11	17	13	16	25	20	23	22	12	10	11	14	5	29	31	6	4	7	16	23	16	22	31	10	15	10	11	26	27	3	18	27	35	31	28	10	23	35	21	8	28	6	43	33	21	14	18	17	13	17	12	26	12	22	22	11	20	13	26	13	8	4	20	10	11	15	16	13	29	5	8	22	28	8	18	12	3	27	5	16	29	8	5	10	17	20	14	3	20	20	3	31	29	14	6	21	8	3	14	6	15	23	28	31	19	5	24	29	22	17	15	13	12	14	20	6	25	26	24	16	37	13	11	4	26	3	31	7	9	10	20	10	9	28	11	21	13	9	20	17	19	29	3	14	21	5	30	20	24	11	15	15	13	21	17	16	13	10	10	23	12	26	15	20	15	19	8	27	22	5	15	10	29	5	29	34	11	8	13	20	28	13	22	35	9	21	17	22	15	17	18	19	11	21	21	23	10	9	18	14	11	16	16	17	27	16	8	21	11	9	11	6	14	13	10	10	5	10	32	5	20	24	15	5	20	24	21	14	9	18	18	26	17	21	5	20	5	24	5	19	6	17	19	23	24	18	22	12	14	6	28	21	10	21	12	19	17	9	13	24	6	6	5	18	18	34	5	28	8	34	22	17	3	18	18	9	16	17	20	11	21	22	9	13	9	13	10	13	5	15	20	22	22	13	28	52	15	9	9	13	11	23	10	17	32	28	24	20	21	29	13	30	31	9	11	29	8	10	11	6	29	25	21	19	25	17	27	10	11	38	14	12	20	29	29	37	24	26	12	21	26	37	12	25	13	28	13	38	18	22	16	29	39	6	11	25	25	19	25	13	20	17	14	29	28	18	9	15	30	31	16	34	27	26	22	17	17	14	24	21	17	10	15	17	20	28	6	21	7	13	23	9	16	33	30	5	8	15	17	39	20	8	24	13	23	16	8	15	31	14	25	19	15	19	11	15	15	8	29	21	29	14	19	22	12	17	16	14	17	14	3	23	14	27	19	33	12	29	9	12	22	15	26	17	13	17	13	13	23	17	22	17	28	9	12	38	35	12	28	11	8	24	12	15	19	9	9	15	17	25	36	22	16	32	25	21	13	28	27	17	23	23	14	5	23	17	17	19	20	31	13	21	32	33	26	17	24	16	10	17	21	10	33	25	28	9	16	41	12	3	23	17	13	4	22	23	6	12	11
2023.97611032965	16	15	16	36	6	9	8	9	19	12	22	27	13	34	34	19	18	6	16	28	15	6	17	15	19	32	20	18	33	11	26	27	9	6	13	30	9	33	9	21	5	19	5	12	3	30	17	38	11	18	32	20	8	35	13	12	7	6	14	11	6	6	13	26	29	20	7	11	7	5	9	17	24	24	39	10	9	32	11	31	17	10	36	17	20	8	9	30	8	9	9	34	16	21	6	33	10	18	26	5	10	12	13	9	9	17	17	27	13	10	18	9	12	9	5	7	10	16	13	15	31	11	25	8	14	11	6	20	10	38	9	17	7	10	3	6	3	21	19	5	7	3	21	5	26	17	15	39	30	12	16	38	25	9	24	5	5	14	5	8	34	17	13	13	3	13	35	9	10	21	13	8	7	15	20	25	20	12	18	12	12	24	5	17	15	7	12	17	17	22	25	21	16	5	6	5	14	26	32	18	3	27	23	16	10	21	9	6	6	17	28	25	16	10	5	15	31	30	7	12	11	48	22	14	24	19	20	29	8	34	11	9	31	20	12	20	18	26	7	26	7	10	17	25	29	8	13	33	20	8	28	13	9	8	22	15	39	24	6	19	15	6	9	24	39	20	27	14	38	20	11	21	18	16	6	22	4	16	32	6	25	15	5	29	6	23	11	26	16	7	12	20	24	6	11	20	17	14	15	16	17	15	15	9	8	5	9	14	10	5	11	12	13	17	7	3	27	12	5	16	31	20	4	14	23	14	46	18	17	6	16	5	17	19	31	35	8	19	26	5	24	19	19	5	6	3	7	6	19	5	5	8	25	24	24	13	8	7	18	12	11	7	17	13	5	11	24	25	24	29	10	32	16	11	30	13	20	24	9	16	52	28	30	30	16	17	12	14	3	11	8	15	3	21	6	7	23	30	7	9	36	8	28	25	20	7	12	6	15	8	32	24	13	26	34	27	16	5	3	20	14	9	26	6	13	14	16	15	16	7	8	24	13	11	32	14	27	16	10	14	25	39	5	16	20	9	6	35	19	24	5	3	20	9	11	3	5	21	24	19	20	10	11	12	11	5	19	11	5	12	17	10	5	10	32	9	11	10	6	23	27	10	19	8	11	27	6	23	21	12	10	9	15	5	30	32	12	7	10	11	28	14	19	32	10	15	7	6	26	26	3	13	27	39	28	27	13	23	35	18	11	20	3	38	30	8	15	16	20	8	7	12	14	7	19	20	9	18	13	26	13	3	7	18	8	9	15	5	18	27	5	6	20	28	6	14	7	6	33	5	14	22	8	5	6	8	13	6	3	6	20	3	33	35	18	9	20	9	3	11	8	15	23	32	33	16	3	24	26	21	13	13	13	5	3	18	6	22	15	30	14	35	14	8	7	16	3	31	5	7	7	28	10	8	28	11	29	13	6	19	15	17	24	3	18	24	5	16	20	21	9	15	20	14	13	18	16	11	10	14	26	10	26	9	11	10	19	8	29	20	5	17	4	29	5	32	34	13	8	13	20	28	10	18	37	5	21	11	22	8	19	16	19	11	19	30	13	8	6	20	12	9	21	17	17	27	19	8	19	3	9	9	6	18	9	10	6	5	8	27	5	11	24	9	5	11	14	16	10	8	8	13	28	5	19	5	20	5	22	5	16	8	17	21	26	20	16	18	12	14	3	28	18	12	15	5	23	17	3	15	20	3	8	3	15	21	36	5	32	6	40	5	18	3	15	13	9	14	20	15	13	19	14	3	23	9	13	12	8	5	17	17	31	22	15	14	52	13	5	9	8	15	26	10	17	30	30	16	20	21	24	8	30	26	8	16	27	3	10	8	6	31	25	23	27	25	17	27	12	15	38	10	7	20	21	27	37	24	32	7	25	15	35	10	29	5	28	10	27	21	21	16	16	39	3	9	25	29	18	25	14	6	15	10	21	28	16	9	17	32	25	17	24	33	17	22	13	19	11	29	10	17	8	14	18	14	34	6	15	3	15	19	7	19	30	30	3	3	13	13	39	7	6	16	13	24	3	11	15	25	10	21	16	18	15	15	15	16	8	27	8	25	14	11	20	8	18	14	3	14	17	3	25	12	26	18	30	12	29	3	12	21	10	21	10	10	18	8	11	24	17	24	15	28	7	7	38	34	7	28	11	5	24	12	15	19	9	8	15	15	20	32	24	16	27	29	21	15	27	22	20	17	19	17	5	26	12	19	27	16	33	10	15	39	39	27	17	24	16	8	17	19	13	25	29	31	9	11	39	10	3	23	11	9	4	30	25	6	10	7
2023.98126064087	15	21	19	32	9	11	5	9	21	14	22	26	17	26	25	19	20	3	14	26	15	6	17	12	19	30	23	18	31	13	26	26	12	6	13	27	6	36	8	16	3	17	8	10	3	22	21	31	11	18	30	13	11	33	11	14	7	8	14	11	6	12	13	33	25	20	7	12	3	7	11	17	21	23	37	10	7	32	10	25	17	10	33	20	19	8	5	23	11	9	11	25	12	21	9	33	8	18	24	5	6	10	18	9	9	14	17	26	11	8	20	8	20	8	5	12	6	14	18	20	28	7	21	8	9	12	6	18	8	34	9	12	9	8	6	8	3	23	17	8	9	3	17	5	28	17	15	30	26	13	12	32	23	11	21	7	5	11	5	10	28	20	13	11	6	13	24	11	6	18	8	6	16	18	18	25	16	12	18	10	12	24	3	9	17	7	20	10	21	22	20	25	16	7	6	5	14	26	29	9	3	27	28	11	6	20	11	8	6	21	25	30	14	11	8	15	31	23	7	9	8	47	15	14	23	25	15	27	10	34	11	8	33	19	12	17	20	25	9	22	16	7	20	20	26	10	11	36	18	10	35	11	9	8	22	15	37	21	6	17	13	9	7	22	36	16	29	14	28	22	8	23	20	14	8	25	4	14	29	6	22	18	8	25	15	19	11	25	14	10	9	17	21	6	9	20	20	8	15	13	20	18	15	14	8	8	11	12	10	3	7	8	11	17	5	10	30	14	5	12	33	22	4	14	24	14	46	18	22	15	20	5	20	25	25	34	6	19	28	5	30	19	19	13	6	3	3	12	19	5	8	8	21	28	23	15	6	10	14	12	10	10	16	13	8	11	23	19	30	26	6	29	11	11	28	8	20	27	11	13	42	35	30	30	13	17	14	14	3	7	8	15	5	23	8	5	19	28	9	11	31	8	28	24	22	10	8	8	21	11	32	22	11	26	37	33	16	5	6	17	8	9	26	3	11	14	14	18	20	5	11	23	13	9	29	12	33	12	10	14	22	39	7	14	18	11	6	31	17	23	5	5	20	14	13	3	5	18	24	22	15	8	15	10	9	2	17	11	3	5	14	11	8	8	33	6	8	10	15	21	27	10	20	12	7	22	5	20	24	15	11	9	15	5	22	29	14	10	10	11	28	17	14	29	15	15	7	3	24	25	3	15	22	36	25	32	15	23	24	9	13	16	3	28	25	8	15	14	23	11	7	8	11	7	14	20	12	18	12	25	10	6	10	18	3	5	8	5	20	26	7	6	20	25	6	14	7	9	35	5	16	15	8	8	9	3	11	10	6	5	20	3	33	33	17	9	27	11	3	13	16	20	20	33	28	13	5	22	24	17	6	13	13	5	3	18	9	24	18	28	21	34	9	11	10	14	6	25	5	13	10	35	10	8	26	11	27	5	8	15	18	25	23	5	17	30	10	16	18	17	5	15	24	9	13	18	18	11	15	11	26	10	24	11	9	7	22	6	31	20	5	13	6	25	5	29	34	15	11	5	24	22	10	14	35	3	22	13	15	11	22	14	14	11	17	30	11	8	6	13	14	9	23	19	13	21	19	8	19	3	14	9	6	18	7	12	6	7	8	26	8	15	21	8	8	15	8	16	8	8	17	11	24	3	18	17	16	7	21	7	13	18	17	23	26	15	14	16	17	12	3	24	15	15	15	3	28	12	3	15	15	5	13	5	10	23	31	5	33	6	34	8	16	3	11	11	14	16	22	14	8	17	14	3	23	11	13	15	11	8	13	17	30	15	13	11	42	16	3	8	5	21	26	8	17	28	26	15	15	28	23	11	31	22	8	13	33	3	10	8	8	28	21	19	29	24	17	24	17	21	32	6	10	24	9	19	36	21	29	10	24	18	34	14	26	2	24	13	30	18	17	14	16	39	3	9	25	28	30	20	14	5	13	6	17	25	14	14	20	26	21	17	22	35	15	20	18	24	8	29	6	17	8	12	14	14	32	6	15	3	13	17	7	19	23	30	3	3	10	9	39	7	6	14	13	22	3	13	8	21	8	19	14	18	12	21	15	14	6	33	8	21	14	10	15	8	14	14	3	14	15	3	22	10	26	15	25	15	26	6	12	24	8	16	16	13	24	11	11	22	12	27	18	26	6	7	32	26	7	25	11	7	23	10	15	14	11	8	18	18	22	30	20	15	26	32	16	13	32	22	18	10	17	22	5	26	8	24	29	14	33	13	17	37	39	27	12	23	14	8	12	17	13	27	32	31	9	11	37	14	10	20	13	7	2	30	30	8	14	5
2023.98641095209	14	24	19	31	11	11	10	12	17	18	20	24	16	22	24	20	20	5	13	15	17	7	17	10	26	30	29	14	24	14	25	24	18	6	14	22	5	36	12	14	4	15	9	8	3	15	22	22	9	21	30	12	16	35	8	13	10	8	15	8	9	12	14	38	19	21	7	12	4	10	11	18	20	21	33	10	7	31	10	26	17	10	31	21	19	8	7	19	10	11	13	24	9	29	12	27	15	14	16	11	7	8	16	10	11	17	22	22	9	13	20	8	20	8	5	12	3	13	16	25	20	6	16	12	9	12	7	24	5	36	10	26	8	15	7	11	3	16	14	9	16	3	16	5	31	18	16	25	24	12	24	27	21	12	20	5	5	5	3	9	25	19	12	12	12	14	19	11	3	13	8	6	16	23	11	21	11	9	16	13	3	18	7	12	15	7	20	10	18	21	13	26	13	12	14	6	14	26	27	9	3	24	31	12	3	18	11	10	9	22	20	31	13	11	7	16	29	19	8	9	9	38	18	9	19	34	12	27	9	26	11	8	31	19	3	18	19	22	8	16	16	7	21	13	29	19	9	36	24	9	35	9	11	10	21	12	33	19	11	23	16	9	7	21	32	11	30	15	16	23	9	19	19	15	11	24	17	17	23	6	20	23	10	19	21	15	11	22	13	10	6	18	18	7	15	15	19	8	12	11	19	20	16	18	9	8	13	9	12	10	6	8	13	19	5	16	25	13	6	24	31	23	2	14	28	12	33	21	21	21	26	6	20	34	21	32	5	20	31	5	30	20	20	13	14	4	4	12	23	7	9	10	22	29	18	15	6	8	13	17	10	13	17	16	9	12	19	21	30	29	6	27	12	20	29	8	17	28	11	14	36	35	24	29	14	12	17	16	3	8	12	17	14	15	9	3	15	28	16	19	19	10	27	34	23	8	7	11	24	13	31	21	9	31	36	34	18	4	7	19	8	10	22	6	9	16	15	21	25	5	11	12	6	7	19	13	34	8	10	13	20	43	7	10	18	13	7	26	16	21	5	8	21	17	13	3	5	13	24	22	14	12	14	17	15	7	16	11	7	5	17	12	10	5	34	6	9	10	21	17	25	12	16	18	8	20	6	10	25	18	11	10	19	5	15	19	18	15	10	9	29	17	11	19	15	12	7	3	16	23	6	20	21	32	26	29	18	24	19	9	19	11	3	16	23	10	15	13	29	12	10	8	5	8	11	22	12	16	17	19	12	11	15	14	4	3	8	11	26	22	7	6	22	19	6	11	7	16	32	6	15	14	9	9	11	4	9	15	9	6	18	7	30	35	17	11	25	12	4	14	18	20	18	34	31	13	8	21	24	20	9	16	19	5	3	16	9	26	21	28	25	32	9	12	15	15	7	21	7	17	8	35	10	11	15	9	27	5	9	15	19	29	19	5	17	30	15	14	24	12	3	17	29	9	12	16	18	15	15	11	24	10	19	10	6	5	17	5	22	22	5	13	6	19	5	23	26	17	10	5	24	22	10	13	32	4	17	13	18	11	22	13	14	7	16	29	8	13	4	13	13	16	22	20	15	16	26	9	20	4	18	5	14	22	7	12	6	7	10	23	9	14	19	7	10	14	8	11	15	11	17	15	24	3	23	23	12	10	17	10	14	25	12	16	24	17	13	18	17	9	3	21	13	16	17	4	31	9	4	15	17	14	14	8	10	25	19	11	34	6	31	8	14	3	11	9	19	15	26	12	8	16	14	4	24	13	19	16	12	8	15	17	29	18	24	11	36	14	4	11	10	24	25	9	18	29	24	15	12	26	19	12	34	16	11	11	34	3	9	10	14	20	16	15	30	29	17	22	23	24	27	3	10	24	10	16	22	18	27	10	34	21	32	14	29	7	21	20	25	14	20	11	13	43	3	10	21	25	24	13	14	6	16	3	16	19	13	18	19	24	22	18	25	32	13	16	16	25	9	37	7	19	12	13	10	16	32	9	17	3	24	13	6	26	19	24	4	3	13	7	43	5	6	10	9	20	3	19	8	22	15	20	10	21	12	24	16	16	6	34	10	22	15	13	14	8	10	15	3	16	21	9	20	13	22	14	23	13	25	6	17	25	12	14	19	20	24	12	15	20	9	28	19	15	12	7	27	22	8	19	8	12	19	9	13	14	19	11	23	19	21	30	18	18	23	40	14	24	29	22	11	10	15	27	5	25	10	25	30	17	30	20	15	33	40	25	26	21	10	12	9	23	12	18	40	29	9	9	33	14	16	18	13	7	2	35	31	14	14	8
2023.9915612633	10	25	15	29	12	12	8	10	15	16	19	14	14	11	14	17	20	3	11	13	10	5	14	14	24	28	33	14	19	16	25	14	18	4	10	13	3	37	12	10	2	10	7	4	1	11	18	19	6	19	28	7	19	33	6	14	18	3	13	11	9	20	12	36	16	19	8	10	2	8	9	14	15	13	31	6	5	26	8	22	14	10	30	21	20	3	7	7	8	13	12	14	3	31	10	22	16	14	12	9	5	4	18	8	13	12	29	21	10	13	20	6	18	6	1	8	4	11	18	25	12	9	10	10	7	12	5	24	3	20	10	28	6	16	5	11	1	17	11	7	14	1	13	3	27	11	13	23	9	6	31	16	18	13	15	3	3	3	1	4	23	24	10	13	13	10	16	9	4	13	6	4	22	21	4	14	4	7	9	8	1	12	5	4	10	8	18	9	17	17	10	27	3	10	10	6	10	24	24	9	1	20	30	10	4	13	9	18	4	18	16	29	8	9	5	13	27	7	4	9	8	21	14	7	9	24	14	25	4	23	11	6	22	20	1	14	20	16	6	11	22	5	21	10	20	20	8	37	24	4	33	8	12	6	17	10	31	11	9	21	11	7	4	13	23	4	28	13	12	23	8	14	20	11	11	23	19	12	20	6	18	21	6	16	28	5	11	16	11	8	4	14	14	5	13	11	24	3	6	9	24	16	15	19	15	12	12	5	7	8	9	6	11	15	3	22	27	14	6	31	22	24	0	10	24	6	25	19	21	28	26	10	17	24	11	13	1	17	27	3	26	24	17	22	10	2	2	20	18	5	7	8	15	29	16	18	4	11	2	18	8	12	7	14	7	12	9	24	26	20	4	24	10	19	19	6	15	21	12	10	21	33	16	28	10	10	21	10	1	4	10	19	14	21	7	1	11	27	14	23	10	10	16	36	23	11	9	11	25	14	26	13	4	29	26	32	10	4	5	12	3	10	9	4	4	10	11	22	27	3	10	8	4	5	15	11	32	8	10	11	18	33	8	8	12	12	5	21	10	17	3	6	19	13	11	1	3	13	12	20	10	19	13	15	13	5	10	11	5	1	12	13	6	3	32	4	8	8	28	12	20	15	14	16	4	14	4	4	20	16	9	8	13	1	11	15	16	16	6	6	27	11	6	15	11	6	5	1	12	11	4	31	13	23	29	22	19	24	16	9	20	4	1	12	18	10	12	8	33	10	18	6	3	4	6	19	8	14	13	17	11	13	16	14	2	1	3	9	22	21	8	6	19	12	4	4	1	14	24	10	8	13	7	7	12	2	4	10	10	4	14	5	21	33	13	12	18	10	2	16	16	18	18	32	31	7	6	13	27	17	7	14	16	3	1	14	7	27	24	27	25	13	7	7	16	11	5	11	5	18	11	33	7	12	13	9	25	3	9	13	13	27	14	3	13	26	16	10	24	6	1	19	29	7	10	9	11	15	11	7	16	10	13	10	6	3	7	1	18	19	3	13	4	16	3	20	23	16	8	3	22	20	8	4	21	2	8	11	14	10	20	8	9	5	10	28	6	11	2	13	14	16	17	18	22	14	24	7	12	2	19	3	10	25	4	11	4	8	10	11	7	13	11	5	6	13	3	6	16	12	17	8	19	1	20	30	6	8	6	8	10	29	10	17	16	10	8	14	20	5	1	15	7	10	18	2	30	7	2	11	10	14	17	6	8	19	10	9	32	4	24	6	12	1	9	10	21	8	22	10	6	10	10	2	22	12	16	10	10	12	19	14	20	14	25	12	21	7	2	11	8	25	25	9	11	19	9	10	14	23	14	10	26	11	12	9	32	1	7	8	12	12	10	16	28	29	15	9	23	25	16	4	8	22	4	12	22	12	24	8	36	24	13	11	20	5	15	18	27	12	17	7	8	33	1	8	14	15	24	10	10	4	11	4	13	12	11	19	24	20	15	14	19	24	17	9	18	25	8	32	5	15	10	11	8	12	30	7	18	1	25	11	7	24	7	16	2	1	22	5	33	3	4	7	10	15	4	20	3	15	16	12	8	19	12	25	13	17	4	32	10	17	13	14	10	3	8	13	1	10	22	14	18	8	9	6	18	10	16	4	18	20	19	12	17	18	19	10	15	15	7	21	13	13	10	1	16	11	4	12	11	10	9	7	9	9	23	12	21	13	17	28	12	13	11	38	10	25	22	14	4	9	10	29	3	25	7	25	28	12	21	18	10	31	36	20	28	13	8	10	7	21	10	16	38	27	7	6	23	11	22	18	11	4	3	35	29	12	11	6
2023.99671157452	17	28	11	28	11	14	5	17	14	18	18	9	18	5	13	16	18	2	10	0	9	4	13	15	23	20	35	9	15	18	18	9	17	3	4	6	2	37	14	4	1	6	6	3	0	10	17	18	6	18	20	9	20	33	3	16	28	2	12	16	10	18	11	36	8	18	7	11	1	10	8	8	14	7	21	5	4	16	9	16	13	13	27	25	22	2	6	1	7	18	14	13	2	39	9	18	18	9	4	8	1	3	14	7	18	12	21	15	7	15	18	5	15	5	0	8	3	5	14	26	12	12	6	9	8	13	4	23	2	13	17	30	7	18	4	10	0	16	2	6	17	0	6	5	26	12	12	21	3	10	37	13	8	12	14	2	5	2	5	6	19	24	9	14	14	4	13	8	3	9	10	0	23	22	3	12	3	6	8	5	0	14	6	3	6	7	15	8	21	18	9	28	2	9	9	5	12	23	23	5	0	9	35	12	3	11	7	16	3	17	7	26	4	8	4	12	24	1	3	8	4	8	9	5	4	30	11	19	6	16	17	5	19	22	0	19	20	14	7	5	23	4	25	9	18	21	9	37	23	6	32	9	13	7	18	6	21	6	22	20	8	9	3	9	24	3	25	9	11	25	4	11	20	7	10	17	19	11	23	7	13	22	5	8	32	5	16	14	5	5	3	19	14	4	12	7	24	0	2	5	24	12	15	14	16	12	14	4	5	7	12	5	5	16	0	33	36	16	5	37	19	33	0	7	20	5	20	18	22	32	34	13	16	30	3	0	3	16	26	5	29	23	16	25	9	1	1	18	23	4	6	2	10	35	10	20	0	16	1	17	9	14	11	12	6	13	4	24	29	18	3	23	9	15	10	10	16	20	14	6	7	32	13	30	6	9	26	3	0	3	9	16	15	20	3	0	15	30	17	24	10	10	12	27	25	16	8	10	28	18	16	9	0	30	22	27	8	3	4	9	0	17	6	3	0	3	7	18	33	0	18	8	3	7	12	12	27	8	13	12	13	26	7	7	12	14	12	8	7	13	0	5	18	14	8	0	2	9	3	19	3	26	19	18	12	5	7	16	7	0	12	15	5	2	31	3	4	5	32	12	27	14	16	13	3	5	3	3	21	22	8	7	10	0	10	12	18	18	5	6	30	13	1	12	13	2	4	0	4	8	3	41	9	24	31	18	18	24	13	5	19	3	3	11	3	6	13	4	35	9	28	5	2	3	1	13	7	12	16	13	20	21	18	9	1	0	5	8	22	15	7	5	13	5	3	5	0	16	19	13	3	4	4	6	11	1	0	11	9	3	1	9	12	33	11	13	17	9	6	18	21	18	7	31	30	5	5	9	28	14	9	12	15	5	0	12	9	28	21	30	27	0	8	11	18	7	4	3	4	19	16	32	0	14	0	8	19	0	9	13	12	27	16	2	11	29	15	9	23	3	0	16	32	8	9	8	7	14	13	4	15	13	4	17	7	0	8	3	10	13	2	14	4	8	2	23	16	22	7	0	23	16	6	3	15	1	7	8	9	18	19	4	5	2	7	30	3	17	1	10	16	15	12	17	21	11	23	4	11	1	14	2	9	30	3	10	3	7	10	10	6	19	6	4	5	19	0	1	18	14	16	13	17	0	19	34	1	10	3	7	6	34	9	16	15	11	4	12	21	4	3	2	6	9	18	1	35	7	1	10	11	15	20	5	3	15	10	8	31	3	17	3	11	0	8	7	27	3	23	9	10	7	12	1	21	14	15	9	6	12	19	13	14	9	28	8	7	5	1	10	5	28	18	11	12	10	3	9	11	31	16	6	20	5	14	5	27	0	9	10	11	12	6	13	25	26	10	3	26	28	13	3	5	23	3	15	14	2	23	5	27	21	0	11	18	5	2	17	36	11	14	6	7	26	3	7	12	11	22	9	4	3	8	3	6	5	5	14	24	16	10	8	16	19	14	2	14	29	4	33	1	16	9	12	12	11	29	6	18	0	28	6	8	23	1	13	1	0	27	1	26	4	3	10	9	8	3	19	5	10	18	11	7	18	5	28	12	19	0	27	6	13	12	15	3	2	12	9	0	3	25	17	13	5	6	9	3	5	19	3	17	21	18	9	20	17	15	9	14	8	7	20	12	0	11	0	13	5	3	5	16	9	4	6	0	5	24	14	22	12	16	20	7	12	10	35	4	28	18	15	3	8	6	37	5	18	7	29	25	11	12	17	6	21	35	27	30	7	5	9	7	20	9	6	35	24	6	6	8	11	33	7	8	3	2	35	26	11	11	8
2024.00186188573	16	29	26	23	21	19	16	32	18	21	24	10	23	4	13	14	22	4	13	6	10	11	19	20	38	17	32	14	19	24	18	10	31	8	18	22	9	39	26	10	8	17	17	9	10	15	19	16	17	20	17	11	28	29	7	16	36	9	15	20	12	32	19	35	19	24	16	22	13	21	16	17	18	11	17	8	12	16	11	18	19	19	30	25	22	4	14	5	18	29	23	13	2	38	18	18	30	14	8	24	7	9	16	6	29	8	25	21	12	18	22	9	28	9	12	18	5	12	16	29	21	25	19	18	12	11	14	27	9	22	31	40	14	30	21	21	3	19	13	17	23	10	13	15	28	11	15	15	7	13	37	3	13	29	18	15	15	8	11	14	22	30	11	20	17	18	8	16	16	9	18	7	24	20	21	18	17	7	18	6	9	15	10	19	15	16	28	14	30	20	18	33	5	18	17	21	16	25	20	17	12	14	38	22	16	28	16	18	10	19	15	30	19	11	19	15	23	5	13	13	13	3	13	6	8	37	20	18	14	27	21	11	25	22	9	19	25	23	14	15	24	6	25	18	21	26	16	39	27	14	36	16	22	18	20	8	17	16	26	28	12	18	9	10	29	17	37	13	9	19	13	14	25	9	21	25	22	15	25	16	19	20	12	19	41	11	24	23	12	11	16	19	18	11	21	14	30	11	9	14	30	14	17	15	25	26	23	7	14	13	25	12	15	17	7	41	42	16	21	37	25	35	14	13	28	14	16	20	15	41	43	23	26	37	2	11	10	14	28	11	31	30	14	39	17	19	13	32	20	8	17	14	14	33	14	21	4	22	12	22	11	20	21	16	17	22	8	25	31	21	11	20	10	27	15	18	17	26	19	9	9	36	14	33	9	24	35	13	3	13	18	18	21	25	5	10	27	36	23	29	12	17	15	39	19	22	14	21	29	20	16	10	14	36	29	32	16	12	13	18	11	31	7	10	14	13	9	24	33	7	24	12	14	15	8	25	32	10	19	19	19	19	11	10	13	23	22	6	11	15	9	12	24	26	18	8	10	9	8	18	19	30	25	20	21	7	11	24	14	10	8	14	12	9	28	12	13	15	41	21	26	21	16	23	13	6	11	7	27	26	11	10	16	12	15	8	21	28	10	17	29	14	2	8	23	9	23	10	8	12	7	42	13	29	33	23	21	25	8	17	29	17	17	9	3	13	21	19	32	16	36	12	8	13	2	12	12	29	23	24	26	33	28	14	23	10	16	16	31	21	11	11	12	17	8	9	7	27	27	23	3	4	13	17	21	12	14	19	15	11	13	15	14	29	29	22	22	15	10	24	23	24	14	28	31	11	22	10	31	17	18	16	20	15	10	29	18	31	24	36	31	11	12	17	28	9	13	2	8	26	22	36	3	17	6	15	18	11	17	17	19	30	26	8	29	31	21	20	27	9	10	18	33	12	11	18	9	21	23	22	8	19	12	18	19	11	8	10	15	12	10	21	10	19	10	25	27	27	18	11	22	9	13	14	15	18	17	18	13	24	18	19	18	17	11	33	7	19	6	11	16	28	18	19	25	15	38	13	14	10	15	23	17	31	9	10	12	11	17	16	17	25	16	17	12	25	11	13	30	17	22	20	21	4	20	36	6	21	9	11	9	38	24	19	8	16	19	20	21	7	17	6	10	19	19	8	38	17	8	19	16	21	23	22	5	18	12	24	28	8	26	23	17	10	6	12	28	3	28	9	18	11	16	8	31	23	20	19	18	26	24	19	16	13	37	10	9	15	18	17	16	29	18	32	11	15	7	11	20	35	26	18	32	15	17	14	32	7	17	15	20	21	19	18	37	32	11	2	30	29	3	5	11	22	10	21	18	15	20	11	39	24	11	13	21	7	6	23	42	16	17	15	17	19	17	6	18	21	23	18	17	11	12	5	13	17	12	15	30	30	14	17	15	27	21	6	16	33	13	36	7	17	18	25	25	25	33	18	19	17	37	6	25	38	5	14	14	7	24	8	19	6	8	11	15	9	5	29	16	14	30	16	10	20	6	29	15	26	4	32	13	17	15	34	19	4	25	13	10	13	26	23	19	6	7	15	3	15	23	10	22	27	28	11	21	24	21	16	21	9	17	26	19	6	18	7	3	4	13	17	20	18	8	21	12	18	29	17	20	19	19	17	12	26	16	37	10	37	23	26	21	14	11	35	19	18	9	33	37	15	14	24	15	17	34	26	40	11	11	18	17	28	11	14	37	23	8	17	11	13	41	14	18	9	6	35	30	20	13	10
2024.00701219695	27	38	30	24	37	23	30	46	30	25	24	15	39	29	16	27	25	14	22	18	14	29	33	30	42	17	40	32	23	34	20	15	40	13	28	33	31	38	33	20	25	30	24	21	18	23	20	31	30	28	17	20	38	31	15	25	43	23	25	30	20	37	34	40	26	25	29	37	23	29	32	27	22	15	17	23	25	10	18	29	33	35	29	28	24	18	31	8	36	44	27	16	18	48	33	21	41	32	32	28	27	21	26	22	44	14	38	34	40	28	25	22	30	22	25	22	12	24	26	36	36	31	30	24	25	14	31	28	24	25	36	47	30	41	27	34	24	26	21	24	42	15	26	22	26	16	18	17	23	26	40	9	23	39	22	24	22	34	17	27	31	41	20	31	24	28	19	32	24	16	26	17	34	24	32	21	34	17	41	17	29	23	15	35	26	29	30	17	35	28	29	46	10	30	33	28	29	33	30	29	33	24	48	34	24	37	25	26	26	20	25	32	34	26	32	18	26	8	35	23	23	14	20	9	16	45	29	22	27	32	35	24	28	24	29	26	29	29	30	20	34	10	28	29	32	34	40	38	28	27	38	40	30	27	28	16	17	24	35	40	15	30	21	31	32	34	41	19	14	27	23	31	29	20	34	42	31	23	40	31	26	24	24	26	46	33	30	29	24	36	22	26	29	29	28	26	41	27	31	34	41	27	27	25	38	39	27	13	26	21	31	20	26	18	20	48	48	25	28	40	28	35	31	22	40	20	20	28	20	46	44	26	35	45	11	19	28	27	26	24	35	42	27	46	33	27	23	37	31	16	24	36	20	39	24	34	25	38	25	37	18	38	33	20	24	28	16	36	35	32	16	30	23	37	24	26	27	35	23	12	18	38	17	32	12	33	39	30	24	23	24	29	32	29	13	20	28	37	42	31	20	35	29	44	27	38	24	34	38	32	10	31	20	33	35	34	31	27	20	25	27	36	10	34	20	30	20	34	38	20	29	17	26	20	13	30	34	24	35	21	26	19	16	24	18	27	26	15	17	30	22	36	25	36	39	14	19	16	25	24	29	39	33	26	28	22	17	30	23	28	14	26	24	24	23	19	23	29	46	32	31	25	29	41	23	11	23	12	26	41	26	25	26	25	23	13	25	33	20	30	32	26	25	13	32	31	38	20	32	23	20	45	25	32	31	29	34	28	19	29	33	34	34	14	13	21	28	34	40	21	43	20	34	35	25	24	30	40	34	31	30	44	33	32	42	28	29	28	43	34	16	22	24	24	13	24	12	34	34	26	22	14	28	24	37	36	20	22	34	23	26	22	28	31	35	30	33	17	19	34	28	32	25	23	33	19	39	31	24	25	32	20	31	22	15	40	30	32	30	37	39	19	25	28	33	20	20	11	16	27	38	38	27	29	18	24	22	27	19	25	30	42	38	25	35	35	24	25	28	26	28	29	31	25	19	41	20	25	32	29	20	35	17	18	29	25	17	28	25	24	19	26	23	26	19	40	32	32	36	27	33	11	25	32	21	36	25	39	20	29	24	34	23	20	17	32	15	22	23	18	25	39	25	23	32	16	42	28	22	22	25	34	33	45	21	21	17	16	35	27	24	33	24	37	24	33	27	23	41	29	28	27	26	12	35	42	15	29	18	17	12	44	33	26	20	21	34	33	23	13	34	14	24	28	21	25	48	39	14	30	21	32	26	39	8	22	20	28	23	13	32	35	29	20	13	40	30	22	37	29	26	17	29	14	43	27	31	28	30	39	30	33	31	20	47	19	18	32	36	24	30	38	20	39	16	24	23	26	29	36	38	30	39	20	29	34	34	19	29	24	20	36	30	31	41	34	23	19	34	38	9	12	36	33	24	33	37	24	30	36	44	30	19	30	32	22	14	36	48	31	25	32	26	19	34	22	21	30	31	29	33	23	15	12	26	24	24	25	41	38	20	27	27	34	30	28	26	35	23	29	27	18	24	30	41	35	35	35	21	26	47	17	44	42	8	17	33	19	29	23	19	30	13	19	28	12	17	33	29	20	41	13	24	28	26	38	18	32	25	34	21	30	25	45	29	18	41	19	15	30	29	30	26	17	10	32	13	32	30	23	37	26	33	10	32	39	33	21	25	12	39	35	30	18	31	12	9	29	35	24	30	30	16	32	26	23	31	29	24	30	16	17	24	32	27	41	20	47	29	33	32	17	29	42	32	20	11	35	41	23	28	39	26	17	36	31	47	15	14	24	39	40	20	24	41	26	15	30	19	30	48	25	39	21	18	45	32	20	30	18
2024.01216250816	34	43	34	32	50	35	43	54	43	28	33	31	48	51	20	25	30	30	35	25	17	44	37	35	51	19	44	50	33	45	18	31	52	26	43	41	43	40	39	31	38	43	48	26	36	28	18	42	43	43	19	41	47	34	16	30	47	31	38	47	30	38	45	49	43	31	47	52	36	36	51	41	37	31	18	34	35	15	20	35	37	44	30	31	28	42	43	9	44	57	44	20	42	54	52	30	59	50	45	47	46	26	46	36	57	26	51	28	51	32	30	42	32	42	44	37	22	35	46	42	46	41	40	37	45	22	42	39	35	42	41	52	41	59	38	59	41	33	39	48	53	21	34	42	37	26	17	20	39	29	45	17	32	46	37	41	42	46	29	53	44	50	24	33	40	43	33	51	47	22	38	28	41	36	46	25	42	26	53	32	37	28	29	42	33	47	32	40	40	30	49	50	15	46	51	37	37	48	32	46	45	37	54	41	47	43	31	28	32	18	37	27	44	41	50	17	24	9	52	32	37	19	34	16	27	50	48	30	53	38	54	43	42	28	37	36	34	47	41	37	41	21	31	49	48	41	50	40	39	53	35	50	34	35	30	34	18	42	49	49	20	44	39	40	48	42	44	35	20	32	37	45	34	29	59	47	40	35	45	44	29	36	33	43	50	43	42	47	35	45	34	36	36	44	39	44	50	42	56	43	50	36	40	44	43	43	44	24	36	33	41	26	43	23	41	53	51	30	37	45	42	50	48	44	42	30	33	43	21	50	54	39	43	50	18	26	42	25	37	43	34	54	25	59	51	52	36	38	34	37	48	43	31	43	44	42	40	49	35	42	20	57	40	47	48	33	27	44	34	48	23	32	38	43	35	38	47	49	35	30	22	35	27	34	30	51	43	38	41	41	37	39	42	34	28	36	33	42	53	33	29	50	35	54	32	49	48	59	43	39	15	40	34	37	34	42	47	42	37	41	42	41	14	53	34	38	29	37	47	41	41	20	34	32	16	50	42	33	44	50	29	32	29	43	27	44	40	24	25	47	37	58	31	52	48	25	27	22	43	30	41	48	42	34	39	29	25	42	31	39	26	39	33	35	24	25	37	43	50	43	32	33	40	43	41	17	38	23	38	51	41	42	35	44	28	16	28	37	41	43	47	36	36	16	42	56	50	28	45	24	37	51	45	48	37	34	47	27	33	46	37	42	45	20	18	30	41	44	44	33	47	26	46	52	36	31	44	49	49	37	35	56	37	50	53	43	49	42	49	28	29	46	31	34	26	31	25	48	36	39	32	16	40	48	50	50	34	36	53	38	43	29	47	34	39	34	36	27	30	45	29	37	43	24	36	27	48	40	33	37	53	47	34	42	21	49	44	37	37	42	44	26	45	42	37	29	37	18	37	28	49	35	42	42	25	37	30	43	25	32	46	61	41	37	39	34	36	39	39	39	43	39	36	45	23	53	32	26	42	42	25	44	27	21	34	44	31	42	41	31	27	28	36	43	27	45	38	52	44	43	38	13	30	45	21	45	37	48	34	41	30	44	40	32	25	34	16	41	39	25	30	46	39	34	40	31	51	40	34	41	44	46	51	58	39	31	25	29	50	33	48	42	42	55	33	42	42	42	59	42	37	32	26	24	51	44	28	36	27	26	30	52	51	33	25	29	44	48	22	24	45	28	42	41	22	38	54	47	24	44	29	42	41	48	12	39	29	47	24	26	37	54	39	34	18	51	32	32	36	39	38	25	37	24	49	44	34	41	38	43	32	37	40	34	49	27	22	44	45	37	43	43	18	53	26	35	39	43	48	41	41	38	50	37	42	43	42	34	43	38	31	46	40	38	44	37	37	27	48	43	17	22	45	38	43	39	40	36	32	45	54	37	26	42	48	29	28	50	51	41	37	37	32	32	45	36	25	45	46	49	43	38	20	22	34	34	35	44	50	49	31	41	32	36	40	43	46	38	37	38	46	23	37	50	50	40	41	41	22	40	49	25	49	51	9	27	58	34	41	37	32	46	26	26	39	14	25	37	49	31	59	23	43	43	30	43	17	39	40	42	30	43	38	52	41	42	50	35	21	38	43	40	29	32	14	44	18	42	31	30	42	38	40	19	40	48	38	33	26	14	47	49	46	25	39	25	17	51	52	34	47	46	27	41	44	40	33	42	36	46	29	19	31	43	33	47	31	49	34	43	46	40	47	48	44	18	14	38	44	35	47	48	33	18	36	32	52	31	24	37	47	49	24	48	47	24	34	43	34	42	53	43	48	39	23	47	27	31	42	22
2024.01731281938	47	42	45	20	56	45	52	64	59	28	35	37	48	61	26	26	33	41	45	25	19	54	37	46	52	19	46	63	37	60	21	37	59	36	50	53	56	33	41	42	50	57	62	31	48	29	18	49	47	44	19	49	49	32	16	30	49	33	48	61	41	45	56	62	46	47	57	61	44	47	60	48	44	34	18	30	55	15	20	31	37	63	31	29	34	61	49	12	69	61	46	26	53	62	60	36	64	63	51	55	60	31	60	45	61	26	56	30	55	38	33	52	35	52	52	61	25	37	60	45	54	44	50	48	49	22	50	46	47	39	44	58	57	64	47	59	58	39	52	62	55	35	47	59	44	30	17	15	49	31	43	32	42	52	44	52	59	57	29	64	54	48	32	32	50	50	40	60	58	27	47	30	54	43	47	32	54	28	56	42	47	30	37	57	37	57	35	50	37	36	54	57	15	50	63	39	45	52	35	57	58	48	61	52	58	51	46	31	46	18	57	35	50	53	58	17	19	12	61	32	56	27	44	26	31	49	59	27	64	40	62	61	41	34	47	41	43	56	57	47	54	19	29	54	56	39	54	33	46	64	31	54	38	39	36	44	18	53	55	49	20	59	47	55	49	54	47	44	20	36	56	57	43	43	59	62	60	38	47	49	27	43	47	46	50	56	54	56	37	58	44	41	42	54	48	55	48	53	66	54	48	40	49	50	47	48	46	29	42	37	44	36	61	25	49	57	49	30	39	43	41	59	58	56	47	45	36	44	24	50	55	48	54	49	21	31	54	26	44	56	44	61	26	70	63	65	44	45	41	56	62	49	46	41	55	42	59	57	54	49	20	61	50	57	62	35	31	53	44	56	29	35	42	49	50	47	55	55	45	36	34	31	31	39	36	68	45	51	58	47	48	44	48	34	34	36	50	42	55	35	34	54	40	65	36	57	58	59	42	43	15	55	41	35	32	44	59	62	47	51	53	44	19	64	41	51	43	47	52	49	56	20	44	41	16	49	44	44	63	60	27	46	37	48	32	46	48	37	39	57	44	64	47	62	64	32	33	27	52	33	47	57	49	43	48	44	39	54	34	52	26	47	47	47	18	40	56	67	50	61	28	41	48	58	47	26	54	23	46	59	53	62	36	52	29	16	28	38	44	47	52	40	51	16	51	66	56	39	51	27	52	51	53	49	39	34	49	24	40	57	38	54	58	20	18	31	45	50	46	42	49	36	57	61	51	36	47	59	55	51	44	67	38	63	57	57	55	52	63	30	37	56	36	43	36	40	30	58	31	48	50	16	52	62	56	68	41	50	67	54	58	33	48	32	47	38	42	26	36	60	27	40	53	18	28	31	66	55	32	50	57	57	34	59	35	59	59	46	57	42	50	31	49	54	38	43	47	21	56	41	57	31	44	44	25	47	27	68	27	35	65	63	56	54	47	44	38	53	46	49	57	44	40	49	29	56	46	30	51	48	29	63	40	21	47	53	47	54	59	36	33	35	50	46	33	47	40	58	69	68	49	16	39	55	20	58	51	64	44	56	33	50	53	45	39	39	16	48	47	25	30	60	42	38	55	51	52	52	36	52	50	59	63	58	47	39	25	37	54	36	62	49	53	72	47	49	53	46	64	44	43	46	26	37	64	46	41	47	39	33	36	53	68	39	29	39	50	54	22	29	58	40	53	49	25	50	61	53	29	58	39	48	45	66	12	41	34	55	18	36	45	56	41	44	27	55	31	50	37	54	47	39	45	29	53	46	34	49	49	48	43	37	44	44	54	42	34	60	58	39	52	42	21	59	30	50	49	60	59	44	56	49	59	47	44	54	44	61	55	52	38	54	50	57	47	42	48	48	64	42	32	25	58	49	58	53	40	43	35	58	65	57	31	54	56	44	40	48	49	53	50	41	41	46	58	45	32	51	48	54	48	54	20	25	47	43	37	50	48	56	46	48	41	31	49	57	60	36	56	39	60	25	48	49	55	54	46	51	25	50	54	45	52	52	12	31	71	61	43	55	46	64	36	31	55	10	35	38	55	46	64	29	48	44	37	42	17	49	59	44	31	49	48	63	47	61	55	44	35	51	43	51	27	42	19	50	18	57	33	34	49	46	56	19	55	58	47	42	30	10	53	55	65	25	41	30	32	61	61	43	61	50	31	47	54	53	35	44	43	65	35	19	42	47	36	46	42	54	34	47	47	50	57	46	53	21	14	36	47	38	48	58	37	18	28	28	58	34	42	48	53	49	32	56	46	19	50	47	50	54	57	53	64	47	27	51	35	38	54	24
2024.02246313059	50	39	40	26	56	46	57	67	60	31	46	39	48	64	35	32	36	49	45	29	27	51	42	52	61	19	46	66	37	63	23	39	60	38	56	57	56	37	47	46	52	57	62	37	56	29	23	49	47	49	19	58	52	33	24	39	49	38	54	63	48	44	60	58	51	47	57	62	55	50	65	53	47	34	18	33	59	17	25	38	42	65	39	35	39	65	48	20	72	63	49	35	55	58	58	40	63	66	51	57	60	37	60	48	63	31	61	39	56	42	36	56	39	56	56	59	33	40	60	53	59	52	52	50	51	26	62	43	61	41	48	56	61	63	53	61	60	37	57	62	60	39	47	59	49	36	28	24	51	32	48	37	42	58	47	57	59	57	45	65	56	52	33	38	60	56	47	65	63	39	52	35	54	47	55	32	56	33	60	44	54	37	37	57	37	57	39	52	37	48	56	54	22	52	67	43	45	49	40	59	60	54	58	56	63	54	52	33	50	23	61	40	58	56	57	28	29	20	65	43	60	30	51	35	36	43	60	32	65	40	64	62	41	39	54	47	44	53	61	49	54	31	35	56	58	39	60	37	43	65	40	60	42	52	48	48	18	64	57	49	32	57	49	55	55	56	52	44	26	39	60	66	44	49	61	63	60	43	50	54	36	47	56	51	50	58	59	53	40	58	48	47	51	51	52	58	52	58	68	60	52	41	55	48	51	54	49	31	44	41	52	38	61	28	51	56	45	39	43	48	41	57	58	54	52	54	40	49	29	50	52	52	58	43	25	31	61	32	49	59	41	60	32	72	67	69	55	44	49	65	62	58	53	38	57	50	61	56	62	57	25	60	56	59	62	37	36	51	41	58	44	40	42	54	50	52	52	55	46	45	36	40	31	36	45	76	46	51	60	50	50	48	51	36	41	40	55	42	60	39	38	56	40	66	39	56	63	61	39	43	17	55	52	35	36	42	63	62	45	50	58	48	21	66	52	51	49	46	49	51	56	28	54	45	18	49	42	50	65	66	36	50	38	52	40	49	54	45	44	55	44	63	47	58	70	43	33	39	54	36	49	59	49	45	52	49	44	59	40	54	31	52	56	61	19	46	60	67	50	60	32	51	50	62	50	38	62	29	44	58	56	66	35	56	29	18	31	38	48	47	56	38	55	18	60	68	60	41	51	33	52	45	55	55	45	29	52	37	47	59	40	56	60	26	25	31	47	58	46	46	49	38	57	65	55	41	47	57	59	51	47	65	38	66	59	61	58	54	61	39	38	58	41	50	38	44	33	61	35	52	51	26	58	62	56	68	52	53	70	62	58	40	52	33	51	42	41	39	40	63	33	42	53	19	31	31	64	55	35	50	62	59	36	59	39	57	57	48	50	42	44	31	51	51	38	49	45	25	65	45	56	40	46	49	29	53	32	70	27	42	61	61	60	56	51	41	38	55	43	53	61	48	34	51	39	60	48	32	60	52	34	65	43	20	52	55	51	61	61	41	33	44	48	51	33	50	40	59	72	70	53	25	46	59	33	58	52	70	51	56	36	58	55	48	44	36	24	51	52	28	39	66	41	37	57	53	61	58	40	52	48	59	67	57	49	45	36	38	56	35	62	49	64	77	56	49	58	50	63	49	42	52	26	44	63	45	47	50	46	36	45	44	76	37	34	45	58	54	22	31	60	44	53	54	29	52	58	55	34	61	45	51	45	64	32	43	38	57	19	38	45	53	45	46	31	56	37	51	42	54	52	44	45	34	60	49	36	54	53	54	53	42	44	51	58	42	36	58	58	37	57	39	23	61	36	50	51	60	60	41	60	53	58	49	49	60	42	61	57	55	39	59	52	60	52	42	50	48	63	39	37	33	58	53	64	53	42	45	40	58	66	50	31	52	58	49	44	49	45	53	50	41	43	50	60	48	32	53	40	56	48	62	32	33	47	50	40	48	52	56	53	53	43	35	49	61	60	34	60	39	60	28	50	49	57	56	48	54	29	58	58	49	50	61	20	31	71	61	53	63	50	68	38	37	60	23	39	40	58	53	63	35	52	49	41	39	28	49	61	42	31	48	54	65	49	65	57	44	39	51	45	57	36	44	21	50	25	58	30	37	57	44	58	32	52	58	42	46	32	23	55	55	61	29	51	33	37	64	65	50	63	52	36	51	56	55	39	49	47	61	36	19	42	49	35	43	46	58	29	48	55	52	59	44	60	23	13	34	52	43	52	58	37	18	40	32	56	34	46	50	55	49	33	61	43	29	56	47	52	52	56	53	70	49	35	48	40	39	52	38
2024.02761344181	54	36	39	42	55	52	55	65	56	30	45	39	49	68	38	35	44	51	47	32	39	50	44	58	59	22	49	65	39	62	26	39	55	45	55	55	57	39	49	46	53	57	61	48	58	36	39	48	49	51	22	55	50	31	36	43	55	47	54	64	48	46	59	54	53	49	57	62	54	50	64	51	47	35	25	33	59	27	42	37	44	65	38	44	42	65	49	28	71	61	49	38	59	50	56	42	57	65	56	55	59	48	58	52	61	32	59	45	56	42	44	60	43	60	58	59	46	43	58	51	61	54	51	46	53	43	63	47	61	44	51	46	61	57	55	63	64	37	59	61	58	43	53	62	52	39	33	33	52	40	44	37	42	59	47	57	62	59	56	64	53	49	34	43	59	55	49	64	63	43	54	44	53	42	62	36	56	40	59	44	59	43	40	55	37	57	43	52	33	52	55	53	24	49	64	54	47	45	40	60	60	54	53	54	63	56	52	39	56	39	62	38	59	56	56	33	35	28	64	48	61	30	50	43	40	33	58	43	64	39	64	64	42	42	59	48	48	52	61	56	53	44	44	55	57	34	64	39	47	64	50	64	48	61	52	51	25	63	53	40	40	57	51	54	54	56	51	52	30	44	61	65	48	50	63	57	50	53	49	56	38	42	57	53	47	58	56	52	43	58	55	48	54	50	59	60	49	58	66	60	49	55	52	49	49	54	49	44	44	36	54	40	59	39	57	58	42	43	54	44	42	56	58	54	48	54	40	51	31	47	49	51	58	33	35	34	60	35	52	59	47	59	35	71	64	68	54	46	49	67	61	57	54	42	56	48	61	59	65	57	42	58	55	57	61	36	40	48	47	57	44	40	43	46	49	54	53	51	52	48	37	50	31	36	48	75	44	54	64	51	46	51	43	41	46	47	55	44	58	36	43	56	49	58	44	59	62	63	36	51	27	54	54	34	37	48	62	61	46	50	58	51	30	65	54	54	50	56	42	57	53	40	58	51	27	54	48	54	65	65	38	45	38	48	42	49	57	45	50	52	48	61	49	56	70	47	40	43	54	40	50	57	50	45	59	52	50	56	44	54	32	54	57	61	34	48	61	67	47	60	36	50	50	58	51	42	63	43	47	54	56	65	41	58	36	27	30	37	51	49	59	48	56	27	59	66	60	50	56	33	50	42	56	54	46	24	49	39	49	60	43	56	60	30	33	29	47	59	49	52	55	40	59	64	56	48	47	52	54	51	51	61	37	65	58	61	60	48	58	45	38	58	48	53	45	47	42	61	39	51	54	28	61	61	55	67	54	53	68	63	60	46	53	31	51	48	40	43	41	62	44	41	53	34	37	39	65	54	35	49	60	57	33	62	43	52	57	51	48	44	46	34	53	53	37	50	46	35	67	45	59	50	46	48	32	60	43	70	31	44	60	52	60	56	51	47	48	54	47	53	61	51	39	53	49	59	45	37	59	52	37	65	42	25	54	55	55	60	60	48	40	46	48	53	40	49	39	56	71	70	53	30	54	58	32	57	58	70	50	53	40	59	55	50	50	36	36	52	55	36	43	59	41	38	54	52	59	61	42	51	49	61	64	56	51	51	45	38	56	37	61	50	63	76	57	50	58	49	57	48	46	53	28	44	60	39	50	50	46	29	48	45	75	37	37	46	59	51	31	44	60	53	53	53	28	53	53	55	45	59	46	43	44	65	48	44	43	55	34	45	43	53	45	46	38	56	38	54	43	53	54	50	47	45	59	49	33	53	52	54	54	44	43	50	47	46	37	61	57	43	55	36	26	62	39	49	52	60	58	44	60	52	50	56	48	60	48	61	56	53	41	61	51	61	51	41	52	48	67	36	37	46	58	53	63	53	43	44	40	58	58	48	34	52	57	52	53	49	42	52	49	48	46	45	60	52	36	52	44	55	50	63	40	46	53	53	43	49	49	54	54	51	43	39	51	61	58	35	61	30	59	39	46	54	57	54	48	58	28	58	47	50	54	59	28	31	70	61	48	62	45	66	45	42	60	34	43	43	60	54	57	38	48	51	44	36	33	57	61	48	29	44	54	62	50	65	57	52	43	54	43	58	38	44	30	53	33	60	29	44	57	47	58	38	53	61	41	52	37	34	55	51	60	32	50	42	37	68	64	53	64	49	40	57	56	55	36	48	42	60	39	22	42	50	37	39	46	47	24	47	62	52	55	44	59	26	23	35	51	53	53	61	37	25	41	36	46	35	48	46	55	40	34	64	39	35	56	49	48	52	58	53	70	51	45	45	38	41	52	45
2024.03276375303	54	37	39	53	57	55	55	67	58	47	49	39	49	70	44	46	50	57	48	32	43	50	46	54	61	28	46	61	41	60	26	39	52	45	55	57	57	40	48	48	53	57	63	50	62	40	55	47	46	53	28	55	45	29	43	51	48	54	52	59	49	35	59	53	52	49	53	62	54	48	66	53	46	46	33	33	61	29	46	43	46	62	39	52	44	65	54	40	71	58	54	44	63	45	58	44	57	61	60	59	59	50	55	56	58	39	50	42	60	47	50	58	42	58	64	59	55	47	55	48	61	57	51	53	53	46	65	49	61	44	50	45	61	57	59	61	66	37	57	63	58	46	55	61	52	47	44	44	54	48	45	40	48	64	46	57	61	59	63	64	53	42	45	46	60	55	50	66	60	48	58	48	49	51	62	41	59	47	58	59	59	44	49	55	44	53	42	49	32	56	52	53	40	49	66	64	47	42	40	58	60	54	48	54	60	55	54	40	56	55	62	43	64	56	56	44	37	40	66	50	59	30	52	50	48	35	55	49	64	42	60	66	51	44	59	50	47	54	61	56	49	56	52	52	56	38	65	40	49	64	54	65	48	65	56	54	33	63	55	40	53	56	51	58	54	59	53	52	30	47	59	64	47	52	61	54	46	60	49	58	42	51	57	52	41	58	56	54	47	61	55	50	58	50	65	60	42	66	66	60	42	61	49	49	44	56	54	55	50	36	57	38	59	43	57	51	39	51	64	45	51	54	58	54	53	52	40	53	29	41	48	47	61	35	41	34	63	46	52	61	44	55	46	63	66	68	54	35	54	67	63	65	57	40	56	47	61	57	65	58	46	57	57	57	63	34	48	46	44	56	44	40	43	46	49	58	56	48	55	55	42	54	30	38	55	75	37	58	66	53	53	53	42	39	54	50	55	44	58	36	46	57	52	50	47	57	58	61	37	47	29	58	56	33	44	51	62	59	54	50	66	50	48	67	56	58	52	58	37	57	53	44	60	56	35	54	51	53	62	65	42	45	41	56	42	54	59	51	54	52	54	61	49	56	70	55	57	48	54	42	52	59	49	53	65	54	54	56	54	56	39	55	57	61	39	50	59	67	41	60	36	50	52	60	53	52	65	49	48	54	56	67	44	64	40	35	47	31	51	46	59	52	56	35	61	66	60	52	60	35	50	33	53	54	46	24	48	40	50	58	39	59	64	30	47	29	47	64	46	52	48	38	59	66	56	47	47	52	52	57	53	59	31	61	58	61	62	48	55	42	41	56	47	56	45	49	55	65	47	47	56	42	67	63	57	67	56	53	66	65	64	56	51	29	51	48	52	53	41	60	48	39	54	39	34	43	65	58	30	49	60	57	39	61	46	52	56	52	47	44	43	34	53	52	31	52	54	41	67	43	57	54	50	51	32	60	49	70	35	44	60	52	62	60	51	44	46	55	49	53	61	53	42	53	51	58	50	41	61	52	50	62	42	25	54	57	57	63	62	47	57	43	54	52	57	49	42	54	71	70	55	35	56	64	37	59	57	70	52	53	42	64	63	50	54	38	43	58	55	47	51	62	38	40	51	52	61	67	45	56	49	63	66	44	51	49	48	41	57	37	63	49	63	76	57	49	66	49	57	51	48	60	31	54	59	36	52	48	48	32	55	36	75	37	50	48	64	51	35	55	64	57	53	55	28	53	48	54	50	59	48	42	40	65	52	52	46	59	39	45	43	53	49	48	42	60	46	56	40	57	58	54	47	50	61	54	39	55	52	56	49	46	43	52	45	45	42	61	59	44	55	37	26	58	47	49	54	60	55	44	62	52	50	56	51	60	51	61	59	53	46	61	51	60	53	43	53	48	60	37	40	55	61	55	62	51	48	47	40	61	50	47	34	53	56	54	57	46	39	54	49	48	46	45	64	56	41	56	48	52	55	65	53	55	55	56	47	49	42	59	57	53	45	47	47	61	55	39	59	33	59	43	53	54	55	54	48	60	28	58	45	62	59	61	40	30	70	61	41	64	45	66	45	46	62	43	43	39	62	57	57	47	56	53	52	37	44	54	61	51	29	46	52	64	52	65	55	52	46	58	37	58	42	59	48	53	47	65	32	46	58	48	47	42	52	63	43	52	41	43	54	48	60	32	46	55	40	70	66	56	59	49	48	63	56	63	36	51	51	60	43	28	42	54	37	36	48	45	24	44	62	49	57	44	59	26	34	39	53	60	51	63	44	33	46	36	45	46	53	53	54	40	45	64	36	37	58	46	48	53	51	54	70	51	47	45	43	46	53	57
2024.03791406424	48	38	46	60	57	67	55	60	58	53	51	44	51	70	51	57	53	61	52	38	56	52	49	54	63	31	46	61	48	58	33	44	49	47	57	59	57	39	44	50	53	57	63	58	62	46	61	45	53	53	31	52	45	25	53	57	38	54	52	53	57	35	59	53	54	49	53	59	54	48	68	53	48	57	37	35	61	34	50	48	49	61	46	53	48	65	63	47	71	55	56	51	66	41	58	44	58	61	60	59	59	58	55	61	55	43	47	47	62	51	53	57	51	57	66	59	59	60	55	52	61	61	54	59	52	57	69	49	63	48	51	46	60	58	61	61	66	37	59	63	56	52	55	58	54	47	61	48	56	57	39	45	48	64	48	57	58	59	59	63	53	41	49	54	61	57	52	68	60	59	52	56	45	50	66	46	59	55	58	56	59	45	49	55	47	53	51	49	30	59	52	48	54	49	66	66	45	41	40	58	60	52	47	50	60	56	52	46	58	61	62	49	63	56	56	61	49	47	66	58	59	30	58	53	57	31	52	58	63	44	56	66	56	48	59	49	48	60	60	56	45	66	53	52	56	44	68	39	49	63	62	68	55	65	59	56	37	63	48	42	59	58	55	58	53	59	53	52	39	50	59	66	48	52	61	51	46	60	45	56	45	50	57	54	39	58	50	60	60	61	59	49	58	52	65	60	41	68	66	62	41	75	48	49	47	52	56	59	54	47	61	56	59	54	59	47	29	57	66	39	56	46	60	54	53	54	37	53	29	39	43	45	61	31	55	36	63	57	54	61	40	55	57	58	66	68	54	35	53	67	63	65	61	35	55	49	61	57	65	63	50	52	52	57	63	35	57	41	40	56	50	40	43	51	49	52	55	48	67	63	49	62	30	40	63	77	33	64	66	53	59	57	45	48	56	50	53	49	56	37	49	60	53	54	50	57	58	61	38	41	34	58	60	44	39	53	62	61	63	50	68	51	52	71	60	64	52	60	33	59	48	51	60	59	42	52	53	55	61	63	45	43	47	58	45	56	62	53	56	50	57	63	49	56	70	69	65	59	56	46	56	56	45	52	65	60	56	50	57	56	43	54	57	63	47	55	59	67	39	60	34	51	53	60	53	54	65	53	48	47	56	71	44	66	46	42	53	32	61	53	61	55	56	42	59	66	60	59	60	38	50	20	53	53	44	24	48	52	52	58	43	59	64	39	47	36	44	63	46	60	38	56	59	66	56	49	50	50	53	61	46	51	32	61	58	61	66	52	55	47	47	61	49	61	47	49	59	67	55	45	58	56	69	63	57	67	60	59	68	65	66	61	51	25	53	55	58	65	51	58	49	39	58	47	38	48	67	58	35	51	57	57	44	58	52	50	58	47	51	49	44	36	52	48	32	52	63	55	67	46	57	62	56	60	38	62	58	70	40	46	60	48	62	62	53	40	53	58	49	53	61	57	41	52	58	58	52	47	59	52	56	61	47	21	53	57	56	63	59	49	65	40	56	54	65	45	44	51	71	70	53	52	56	64	41	61	57	70	58	48	46	63	65	52	56	40	53	60	57	53	57	66	38	45	49	57	63	69	52	56	49	65	66	39	55	59	55	47	60	39	63	45	63	76	57	45	68	49	58	60	54	59	43	56	54	44	56	48	50	34	63	33	77	37	56	52	63	49	49	59	64	59	53	57	35	53	47	52	57	58	52	45	36	67	63	51	49	59	47	47	43	53	51	54	44	62	52	58	42	56	52	56	45	57	61	56	44	57	52	52	56	49	47	58	42	45	49	61	61	53	55	38	33	55	47	49	56	60	52	37	62	52	50	56	60	62	53	61	59	51	63	61	54	60	53	41	53	48	61	38	45	59	61	53	62	52	54	51	40	61	54	51	36	58	56	60	59	46	29	54	51	48	46	43	64	61	46	58	53	52	57	65	59	59	55	61	60	49	41	59	61	53	45	55	46	61	55	34	59	35	59	54	59	52	53	54	48	60	35	58	42	64	60	63	47	30	70	61	44	64	43	65	47	48	62	56	47	43	66	61	58	52	58	53	59	38	61	52	61	53	36	46	52	62	56	65	53	52	52	64	32	59	45	56	52	51	47	65	33	54	63	48	50	44	50	67	40	60	47	56	52	48	60	38	50	59	45	70	66	61	53	49	57	66	56	65	37	60	50	60	46	31	42	58	39	38	50	42	24	42	66	49	57	40	57	33	49	34	53	60	51	67	47	37	52	34	46	57	55	59	52	42	49	66	38	49	58	53	49	58	47	58	70	55	54	39	49	63	58	58
2024.04306437546	45	42	38	60	54	68	47	50	59	54	53	50	49	71	53	61	52	63	48	45	57	50	42	49	52	39	46	57	47	52	36	50	36	45	49	49	53	35	32	46	52	47	56	58	59	46	60	43	45	52	39	51	42	27	56	55	32	50	53	51	57	29	56	54	47	47	46	54	45	44	64	48	43	62	39	37	58	44	51	46	42	55	45	58	49	62	58	49	67	45	54	53	66	40	55	42	50	57	59	46	60	58	59	63	45	45	49	46	60	52	52	56	42	56	62	54	58	59	59	50	58	52	49	57	48	57	57	49	57	45	40	41	55	50	52	54	66	35	56	56	53	49	51	55	52	49	58	48	58	55	43	46	43	56	43	49	55	57	58	62	48	36	51	48	62	49	55	64	50	60	47	58	42	49	56	44	50	52	51	57	55	48	51	47	46	46	42	50	24	60	49	43	56	47	62	55	46	35	46	55	50	47	41	45	50	44	47	49	57	60	55	46	56	55	45	58	50	49	61	54	57	33	57	57	57	33	47	59	62	39	53	62	51	49	55	50	49	55	55	50	42	68	58	49	55	46	62	35	49	62	59	62	47	60	60	55	39	60	43	39	58	54	55	52	50	50	44	51	42	55	57	63	49	52	54	48	47	62	45	46	48	49	54	47	36	51	48	55	59	59	51	50	56	50	61	53	36	60	64	60	36	70	47	54	42	40	54	56	48	45	52	54	55	55	57	37	24	55	55	43	51	35	50	52	48	50	42	52	38	36	34	42	54	33	57	29	60	61	52	60	46	44	61	52	62	59	45	29	51	66	56	59	63	38	56	50	61	52	59	61	51	49	48	53	56	32	57	41	46	55	48	46	44	47	42	47	56	47	68	61	48	59	33	39	61	68	27	64	66	48	57	53	40	45	55	44	41	48	53	38	50	59	50	41	55	52	55	54	42	38	44	52	49	40	38	49	59	57	61	44	60	40	50	68	49	64	52	56	38	57	40	49	57	56	46	44	49	54	55	58	48	41	46	54	50	54	57	53	59	53	54	58	47	51	67	67	68	60	56	48	46	52	41	50	61	60	59	48	53	49	45	54	54	57	48	51	57	60	36	54	35	48	54	57	48	55	60	58	45	49	55	67	49	62	46	46	54	28	58	45	60	54	57	46	51	64	47	54	59	43	47	21	50	50	37	24	44	56	55	55	42	50	52	42	46	35	39	56	46	57	32	54	57	61	57	43	49	39	43	54	44	41	28	57	45	53	61	48	46	46	46	60	43	54	45	45	60	64	50	42	59	57	64	56	54	60	49	53	65	60	58	62	51	27	44	47	55	64	48	52	52	38	56	48	37	44	60	52	37	51	48	53	44	55	49	39	54	45	49	48	43	29	48	44	28	52	61	57	66	42	52	59	61	62	45	59	59	65	41	43	57	46	51	60	44	46	51	49	49	47	53	53	41	48	59	51	51	45	51	39	55	55	50	29	47	50	58	60	56	43	68	38	55	47	68	45	39	46	67	65	50	55	53	60	45	51	50	67	57	40	48	56	55	45	59	39	56	57	57	52	55	58	39	46	47	56	52	64	54	56	54	50	62	37	55	58	53	46	59	39	56	41	60	69	54	41	60	42	50	62	50	55	43	57	53	44	55	44	49	35	61	31	68	35	55	48	56	44	51	56	52	61	49	51	36	52	41	48	55	52	48	40	41	60	64	56	50	46	48	45	36	40	49	48	41	60	52	59	40	54	47	59	46	55	51	54	44	51	49	40	55	42	46	57	33	44	48	56	51	53	47	42	36	39	49	42	58	55	47	38	51	49	40	50	62	60	49	56	50	49	63	58	49	58	44	40	53	48	58	42	46	58	59	50	59	44	43	46	46	59	41	49	29	54	55	60	61	42	24	52	51	40	39	41	52	63	44	54	50	49	51	60	58	58	51	54	59	54	36	48	63	48	45	50	42	57	59	33	57	36	60	55	57	44	48	46	42	55	36	51	33	63	51	52	49	33	65	56	43	59	41	64	45	49	58	56	47	42	61	63	50	53	54	52	60	42	58	48	61	49	35	43	53	46	46	62	48	51	49	64	40	58	48	57	50	47	46	59	31	50	61	45	46	48	51	63	37	57	45	56	48	47	57	45	51	60	46	71	61	54	51	47	57	56	50	55	38	62	49	57	46	39	42	56	39	39	46	33	24	33	56	50	53	34	47	36	51	33	44	62	51	63	46	39	51	35	41	62	52	57	48	39	51	62	39	50	58	45	50	54	37	56	67	55	55	38	46	63	54	58
2024.04821468667	36	33	26	54	46	66	34	42	54	48	46	47	38	54	48	54	48	57	46	34	54	36	24	39	40	31	42	39	41	46	38	47	31	47	41	38	31	28	26	38	37	32	49	50	49	40	57	34	35	43	31	43	37	29	51	52	23	41	43	42	49	27	38	44	39	41	36	40	39	39	52	40	38	54	39	28	48	44	54	34	24	42	44	55	44	49	41	46	47	27	46	48	54	29	40	33	37	39	37	40	44	50	50	49	27	38	39	33	33	43	48	47	41	47	47	45	54	49	50	43	46	48	32	53	39	54	45	46	49	43	35	34	41	37	44	38	50	32	44	49	39	44	41	48	44	49	55	45	43	46	39	40	36	46	38	45	48	34	57	49	31	25	49	40	57	41	50	52	48	53	42	55	36	46	45	39	36	44	30	52	43	45	46	28	37	36	41	42	18	52	38	31	56	39	49	49	43	30	38	40	31	43	32	32	48	40	37	46	44	57	50	40	48	37	38	55	46	46	41	46	48	30	51	54	51	23	38	53	49	28	39	51	44	44	43	42	43	43	41	44	36	64	55	38	47	39	41	28	46	49	55	41	40	57	52	49	39	47	34	31	55	42	45	40	41	36	43	44	39	51	48	48	43	47	38	31	41	53	32	36	42	46	48	39	35	31	44	43	49	36	43	42	42	36	53	42	25	49	45	38	25	61	36	47	29	27	46	55	44	37	48	47	46	52	49	32	15	52	49	39	44	32	37	43	39	43	36	43	37	35	29	41	43	23	50	26	43	54	44	51	37	33	54	39	49	52	39	27	45	60	49	38	61	33	46	44	44	40	49	51	54	32	37	50	49	29	51	33	37	47	42	38	30	34	33	42	48	32	66	58	40	55	27	41	58	59	19	51	50	41	53	42	32	39	48	37	33	36	39	36	39	50	36	35	51	40	45	38	33	29	44	40	44	39	27	48	48	47	53	37	49	35	50	51	44	51	47	49	32	49	37	44	42	50	41	41	48	46	42	55	42	35	41	45	41	46	53	43	56	42	43	44	41	44	42	64	60	53	40	42	37	44	38	41	53	50	56	44	44	38	38	47	48	49	46	44	48	46	35	41	37	44	43	39	41	54	51	54	44	40	37	54	45	47	40	41	48	30	50	35	50	49	41	41	47	45	31	47	37	34	41	29	39	41	29	19	34	53	50	40	33	36	37	39	41	32	27	48	42	49	23	47	34	41	41	39	33	25	37	46	39	33	30	39	25	36	53	39	39	33	41	51	39	44	47	36	54	60	42	41	47	47	55	49	46	42	44	52	53	51	48	55	42	29	32	40	47	59	44	46	51	34	48	46	30	40	47	40	44	45	37	50	32	48	44	25	42	46	42	36	36	26	39	35	30	47	53	50	60	39	40	55	44	51	34	48	53	52	38	42	48	36	40	44	32	37	45	40	46	35	36	42	38	39	48	30	44	44	47	32	47	42	50	29	41	39	56	43	54	39	60	36	44	39	60	32	28	38	47	52	35	53	44	45	44	32	44	42	51	37	42	48	54	42	56	41	51	50	42	51	52	49	31	42	41	49	40	55	47	45	47	42	49	24	45	50	49	41	50	36	49	38	47	55	48	38	49	33	37	51	41	49	36	56	35	43	48	39	41	40	58	34	59	32	47	43	48	32	51	55	37	55	41	43	39	37	32	27	52	45	43	32	35	47	63	55	39	40	46	47	28	25	37	40	34	33	49	47	29	36	42	56	43	52	37	46	32	43	34	27	52	24	36	51	26	38	40	43	32	46	34	33	38	31	49	33	43	40	38	40	40	34	32	44	51	38	48	49	40	42	56	46	32	45	43	38	44	36	53	33	40	54	36	35	45	35	30	36	38	36	35	42	26	41	47	50	55	28	15	37	45	34	29	35	37	49	39	46	45	38	31	51	55	54	41	44	49	47	25	37	61	40	35	42	39	40	50	31	48	37	44	52	53	41	34	37	36	39	39	45	26	54	32	40	46	27	49	49	42	50	35	51	47	41	43	53	41	33	53	61	37	50	45	43	45	33	55	40	44	48	32	37	43	31	37	49	34	44	44	51	32	52	42	52	50	30	41	43	26	41	51	44	40	46	42	50	24	49	44	53	27	32	48	34	40	54	40	54	41	44	42	39	51	51	40	54	36	51	46	48	43	31	35	43	36	31	38	26	19	27	45	42	37	28	39	38	53	31	43	53	42	50	37	39	42	37	34	54	49	53	27	31	49	56	31	46	51	35	43	41	32	48	42	45	48	32	40	56	41	56
2024.05336499789	33	32	27	52	25	57	24	32	36	44	38	35	39	39	44	53	47	46	38	33	53	25	20	32	31	31	41	27	34	40	41	35	18	36	30	36	27	25	22	32	32	24	30	49	39	39	56	21	24	31	31	26	28	38	52	49	22	40	31	33	43	28	26	34	26	34	20	23	26	39	29	30	22	43	37	20	42	43	51	33	20	36	37	54	37	36	37	49	40	15	31	44	37	26	27	26	20	27	26	24	33	49	39	40	15	33	29	35	25	43	47	37	41	37	37	33	48	41	39	38	34	38	24	41	19	52	41	39	42	35	31	32	32	20	38	17	41	23	32	30	27	43	34	36	37	51	53	42	34	45	37	42	32	41	22	30	36	22	50	23	20	21	48	42	46	30	38	29	28	49	35	50	27	35	35	32	25	39	18	43	39	42	39	24	29	20	41	25	15	48	19	29	56	25	37	45	39	20	37	28	27	38	27	28	28	28	36	48	36	56	39	40	44	30	21	53	46	49	28	42	36	35	37	51	47	25	27	47	23	24	19	34	36	37	39	37	46	31	32	32	27	57	54	19	35	37	30	25	39	23	54	30	37	48	48	41	37	30	18	20	53	33	34	31	27	25	38	38	38	46	36	36	46	44	17	27	39	47	29	23	41	35	39	26	32	24	35	31	41	28	36	37	37	25	42	26	21	39	26	35	21	55	29	33	23	27	31	47	45	31	38	44	34	49	30	28	12	49	45	37	36	27	28	25	32	39	27	31	39	32	26	39	32	25	48	23	31	53	37	36	33	23	53	25	37	30	26	28	42	47	30	35	56	32	29	39	34	29	45	46	51	15	25	34	30	33	47	30	33	35	40	37	20	33	27	35	37	23	57	50	36	54	20	38	50	42	16	42	41	23	41	36	33	35	38	25	30	34	27	36	34	31	31	28	46	29	23	17	32	27	43	31	38	37	27	39	32	34	45	23	39	31	50	34	38	42	44	47	26	30	29	43	37	37	39	22	39	38	36	34	41	27	30	34	44	31	46	35	49	26	32	20	34	38	37	60	56	49	26	39	27	39	29	35	42	46	49	35	43	29	33	32	39	42	45	40	36	37	32	31	41	35	34	35	23	51	39	48	37	32	30	42	39	37	39	39	44	30	33	24	33	38	31	39	38	26	18	43	26	33	22	25	23	27	26	23	23	50	38	28	41	25	30	38	44	28	16	44	41	45	22	44	22	28	31	39	21	19	27	37	36	20	30	27	15	28	39	25	29	35	30	31	39	41	36	29	50	47	39	39	42	47	46	30	25	30	38	50	32	39	34	51	22	38	29	37	46	52	38	40	50	33	33	45	24	35	38	31	36	40	24	34	33	36	43	19	33	41	40	34	31	23	19	25	30	44	45	48	47	42	29	54	33	42	33	42	47	38	40	33	34	18	36	37	29	33	43	30	39	22	28	36	35	19	44	18	40	47	38	24	45	36	44	33	38	23	45	31	41	39	56	35	33	26	56	29	24	23	40	38	30	53	43	38	43	29	39	37	37	29	39	44	41	34	49	38	52	37	30	47	49	43	18	33	31	37	31	46	41	37	33	28	37	12	34	45	45	30	31	31	30	29	30	39	39	29	39	22	20	42	38	48	34	48	22	45	44	39	33	43	50	35	42	23	45	38	44	22	52	47	30	42	22	35	38	32	27	19	45	31	38	33	28	38	63	46	34	24	45	36	26	9	25	32	31	25	49	42	29	29	35	49	39	45	34	31	33	35	30	27	47	20	30	37	25	33	36	35	29	38	24	32	41	20	51	27	34	26	27	37	36	30	21	32	42	35	39	35	29	29	48	34	24	39	38	33	25	34	43	32	42	48	28	30	32	25	27	32	37	28	28	40	23	32	35	46	42	20	12	32	40	31	20	27	30	40	32	31	30	19	25	39	53	48	34	41	41	33	21	25	56	30	34	39	32	29	39	32	36	32	33	49	41	22	34	36	22	31	38	31	25	55	29	31	49	20	23	35	34	40	27	37	36	37	34	53	36	41	39	56	20	47	34	31	44	32	53	33	34	39	28	32	31	27	27	36	34	38	43	42	27	42	41	43	50	26	44	35	23	39	46	37	35	44	37	37	22	45	47	53	19	23	34	33	34	50	42	39	28	41	33	25	47	41	23	41	36	42	35	34	38	31	27	34	31	28	32	25	23	20	35	25	23	24	28	41	52	32	38	47	22	37	29	37	38	41	32	43	41	41	19	20	48	39	28	46	37	24	29	32	28	33	37	34	47	30	40	48	32	57
2024.0585153091	26	32	20	54	19	44	18	25	24	39	29	27	29	27	41	49	42	37	30	39	54	14	21	23	29	31	37	14	26	24	35	27	13	34	20	25	13	21	20	23	15	10	13	45	28	36	54	12	20	30	31	18	26	33	51	46	21	39	21	15	32	31	15	15	20	13	8	14	16	27	19	16	18	40	30	27	22	43	46	28	21	16	31	54	34	15	27	48	20	13	30	41	28	19	11	25	14	14	21	18	11	45	23	31	13	34	22	35	20	39	42	25	40	25	29	10	48	35	23	35	26	36	15	33	13	49	30	32	25	31	31	21	15	14	28	12	19	15	26	13	17	29	24	14	22	41	50	40	23	42	39	27	18	31	18	19	14	9	50	11	12	19	35	38	32	20	30	19	19	49	25	41	12	29	35	25	15	36	13	35	30	40	38	7	23	8	40	12	13	41	18	13	53	20	20	42	35	14	29	22	14	21	15	14	19	20	22	47	24	54	20	29	39	14	11	50	46	48	14	39	19	30	28	41	40	24	15	41	11	26	14	16	32	34	30	29	37	25	15	23	12	57	54	18	16	39	27	21	32	11	49	27	31	41	41	34	30	22	14	20	52	18	23	13	18	15	35	27	41	38	19	26	37	28	12	12	16	42	22	23	35	29	31	20	27	14	19	25	35	14	25	29	26	14	32	12	19	31	15	22	19	51	17	26	19	22	30	41	36	27	36	45	14	47	20	26	15	46	42	39	32	10	13	8	27	20	24	30	41	27	19	28	17	24	45	19	24	49	22	23	24	15	49	16	20	16	16	31	41	23	13	28	36	32	10	38	12	21	25	37	46	8	16	11	13	33	40	25	24	16	38	29	13	25	11	25	22	10	44	36	33	49	20	26	36	23	15	36	19	15	33	29	27	37	35	28	13	30	17	33	26	26	28	17	38	21	12	12	32	19	43	13	32	38	29	40	19	16	37	13	31	31	47	24	32	36	28	31	24	20	16	43	28	28	38	24	40	29	16	24	35	13	21	26	36	30	38	29	42	14	23	10	13	24	19	53	48	49	17	37	23	31	20	30	32	35	42	19	38	12	34	23	31	25	46	28	19	8	27	11	44	27	32	20	15	42	26	45	29	23	14	20	36	29	36	38	39	28	27	20	23	33	16	38	30	15	16	29	21	31	7	32	15	18	25	23	23	47	30	22	40	15	19	41	43	30	11	39	37	33	21	45	9	14	16	36	18	10	24	24	30	10	28	14	15	15	26	18	14	35	21	20	36	32	34	20	45	36	38	28	25	48	31	13	19	10	32	29	19	26	21	47	20	33	14	31	40	48	30	24	48	30	24	46	25	32	22	13	33	20	15	11	36	14	29	10	18	36	31	30	24	19	13	13	28	28	37	45	23	32	21	49	37	38	39	30	41	14	42	32	12	14	22	20	14	24	40	19	32	13	15	29	32	13	39	13	26	41	30	19	43	16	35	42	27	16	32	24	19	36	48	26	21	20	48	22	26	17	20	14	23	51	34	28	42	18	25	19	28	16	37	39	31	22	42	26	51	27	23	44	46	28	13	33	20	19	29	31	37	22	26	20	20	8	23	36	44	21	26	33	13	20	22	16	31	20	31	19	14	38	30	32	34	34	7	42	30	27	21	38	36	40	23	15	43	30	39	11	49	41	19	35	15	21	38	15	15	13	41	16	30	27	25	22	61	40	26	18	46	34	7	8	21	27	24	20	45	25	27	13	25	42	35	41	25	30	36	21	24	22	34	21	20	28	19	24	33	23	18	32	18	32	35	16	41	11	23	11	15	33	22	24	11	23	38	22	40	8	17	18	40	26	15	18	35	32	15	10	19	32	27	48	14	23	14	13	28	29	29	14	17	31	19	17	16	35	35	26	15	17	20	26	12	13	19	31	25	21	30	18	20	26	52	48	24	32	35	26	19	16	36	16	28	38	22	12	23	34	19	26	11	47	33	24	23	18	15	20	38	17	19	37	30	29	48	20	8	8	29	23	13	15	34	34	18	50	28	40	26	36	14	44	26	30	37	32	50	18	12	40	30	27	21	18	23	15	23	27	29	36	24	33	35	35	47	13	43	22	27	33	37	29	18	40	22	30	12	33	41	50	13	10	12	39	36	45	27	27	14	32	15	20	40	29	16	31	33	38	29	12	33	31	19	30	33	21	23	19	23	17	35	12	15	25	15	35	52	34	35	42	20	30	23	30	38	44	21	40	29	33	13	20	35	28	21	46	20	20	14	17	26	24	19	23	40	17	29	40	17	52
2024.06366562032	20	29	21	48	25	44	14	18	21	37	23	25	29	20	34	41	36	31	31	42	49	12	20	21	17	32	37	9	27	20	41	25	9	30	14	21	12	17	21	21	15	11	11	38	18	37	50	10	21	26	32	8	23	34	45	42	29	35	15	13	27	29	14	13	18	14	12	12	12	26	14	12	16	42	28	25	20	40	44	27	20	14	26	45	25	11	30	44	9	8	27	34	22	12	15	25	15	9	22	17	12	38	20	31	8	35	21	29	20	37	36	21	34	21	25	9	43	32	20	22	19	28	14	34	12	42	21	31	16	30	27	20	11	15	23	11	18	16	17	11	14	26	25	15	18	33	45	37	19	39	39	25	19	23	16	12	15	10	43	9	10	14	35	37	20	14	24	14	11	40	17	36	8	21	28	26	10	32	9	34	24	34	35	8	23	12	34	9	19	28	14	11	49	15	14	38	34	15	25	15	9	14	10	11	11	18	21	43	20	50	14	26	25	9	9	45	39	44	10	32	11	33	24	33	37	27	11	39	9	26	12	14	31	25	24	23	35	23	11	17	8	51	45	14	13	38	23	17	31	9	38	23	28	35	28	26	28	8	10	23	43	19	21	14	12	10	35	28	34	35	11	11	35	25	11	9	17	38	21	17	32	21	18	18	25	14	12	23	32	12	22	23	19	12	31	10	14	23	11	14	14	52	14	24	18	14	27	40	36	23	28	45	12	46	19	23	19	42	38	39	31	8	16	9	22	14	19	26	37	25	20	25	11	27	43	22	12	41	18	20	22	18	41	12	14	9	12	29	30	15	11	20	29	31	9	35	8	20	14	32	44	9	14	9	11	32	37	26	22	13	23	25	14	26	10	17	28	9	44	30	27	38	17	30	30	12	14	35	18	14	34	27	24	35	29	25	11	30	14	29	25	30	27	17	35	20	11	11	29	21	40	14	27	39	27	42	17	14	32	14	23	27	45	23	27	35	25	31	23	19	13	39	18	24	36	28	42	24	14	18	32	9	21	22	29	27	33	18	34	18	24	11	14	28	8	47	48	40	15	33	23	26	20	27	31	27	34	12	35	11	35	20	18	16	44	20	11	9	25	15	41	17	25	18	14	32	14	43	26	20	9	17	35	25	37	36	37	29	26	21	19	37	12	36	21	11	8	27	22	22	8	33	12	12	25	24	18	37	24	15	36	10	14	34	37	34	12	25	37	26	29	45	10	10	12	29	19	14	20	22	24	9	29	9	22	8	26	14	12	29	21	18	29	32	30	19	43	34	33	25	21	42	29	11	25	8	27	25	12	14	19	37	15	34	11	28	35	36	25	20	41	29	25	44	26	33	26	14	32	24	17	9	40	15	26	14	19	28	20	30	23	22	12	14	29	25	32	43	15	27	20	38	33	33	42	23	39	9	41	27	9	12	17	17	11	22	34	15	31	8	8	27	31	12	32	9	25	40	21	12	37	14	32	44	22	14	30	12	15	29	48	18	19	18	48	21	26	20	9	9	13	46	28	23	35	17	20	8	24	13	33	25	27	15	34	30	45	28	18	45	42	22	12	34	16	14	17	29	34	26	24	16	14	9	21	32	41	21	30	34	11	20	8	9	18	20	23	14	15	33	25	25	32	32	8	38	21	26	15	38	30	39	12	16	37	25	25	15	48	40	14	27	13	15	35	15	10	11	38	15	25	24	22	26	54	38	25	17	44	30	8	9	17	26	23	20	35	21	18	13	17	34	34	38	16	27	40	15	15	14	24	20	19	24	15	23	27	25	17	32	14	29	41	12	33	10	19	9	11	32	17	15	9	17	33	14	42	9	11	20	38	19	14	13	35	31	14	11	17	29	25	43	12	13	8	15	26	26	25	12	17	20	22	15	13	27	27	23	19	18	24	27	13	9	14	31	26	22	26	14	22	14	43	43	25	32	32	24	14	17	29	12	25	33	23	8	20	34	11	27	12	46	34	28	20	17	11	20	35	12	15	36	30	17	44	17	9	9	24	12	9	8	30	30	15	42	30	36	26	29	15	36	22	26	36	29	45	19	8	42	34	28	15	11	23	11	20	28	26	35	25	30	32	34	45	14	37	21	28	34	32	26	16	32	21	24	13	26	40	42	11	9	9	42	32	43	25	20	10	32	13	15	37	26	16	27	29	33	21	9	30	32	15	28	34	25	21	15	24	12	28	9	11	26	8	41	50	34	35	38	15	24	23	28	27	41	20	42	22	34	11	23	35	20	25	39	15	21	12	15	23	25	8	21	33	18	26	38	15	45
2024.06881593153	17	29	24	38	35	39	17	19	21	37	24	27	25	20	32	38	33	27	35	37	42	18	21	21	18	31	35	15	27	20	42	27	12	30	16	23	12	17	20	24	15	14	14	29	18	37	39	13	21	23	31	11	22	37	39	38	26	29	18	14	27	29	17	15	18	15	15	15	11	25	20	15	19	41	26	32	21	34	32	27	21	17	30	37	24	14	31	38	12	11	27	32	19	13	18	25	20	15	17	20	18	29	23	29	11	37	21	29	23	34	33	19	29	19	25	12	37	33	23	25	22	38	20	35	20	33	19	29	17	28	26	22	17	20	24	11	15	19	25	14	12	28	21	14	14	34	41	27	20	34	39	28	24	22	19	17	14	13	34	12	14	17	40	33	25	16	27	20	14	39	19	32	11	23	20	25	13	26	12	36	19	30	36	11	30	15	29	15	22	26	19	14	48	18	14	27	36	18	25	15	12	17	13	14	14	18	26	43	18	39	14	31	26	12	12	41	36	38	13	30	12	38	24	30	36	32	16	33	12	24	15	14	29	24	19	27	35	26	17	12	11	47	37	19	15	41	23	17	29	12	35	23	23	25	26	25	26	11	13	24	36	21	22	17	15	13	35	24	36	31	12	14	35	23	11	12	20	27	24	21	35	23	15	18	26	17	18	26	33	15	20	27	19	18	27	14	17	25	14	19	17	38	17	25	24	20	27	33	38	24	38	44	15	36	15	24	22	38	27	39	29	11	18	12	24	19	22	23	35	26	20	28	14	32	39	22	15	38	14	25	19	21	38	15	14	12	11	29	30	12	14	23	30	32	12	34	11	22	11	29	32	12	17	12	14	34	36	32	19	15	23	25	14	26	11	19	29	12	39	28	26	35	20	40	28	17	17	33	15	16	35	28	27	32	22	21	14	30	12	31	30	30	17	22	31	22	14	11	29	21	34	17	22	36	28	38	16	22	30	17	25	26	42	28	22	33	23	26	26	15	19	31	15	26	34	24	38	27	17	18	35	12	26	30	32	27	31	25	35	21	24	14	15	31	11	42	43	39	22	29	25	28	23	25	27	22	35	18	28	16	37	18	15	17	37	20	12	12	26	18	41	20	24	21	16	30	14	29	27	23	12	23	27	25	37	34	37	30	25	21	20	33	12	34	24	14	11	22	17	28	14	35	12	15	28	30	21	36	27	15	33	13	16	36	32	37	17	26	35	22	26	44	13	13	12	26	22	17	22	25	20	12	30	15	25	11	22	22	15	29	26	20	26	30	30	19	40	31	34	28	19	40	33	14	35	11	22	25	15	14	19	33	15	37	14	23	40	31	25	20	31	34	25	37	23	29	25	17	41	21	23	12	45	14	28	17	21	26	23	30	20	22	20	17	30	23	30	39	12	23	22	35	34	33	37	22	33	15	37	27	12	14	17	19	14	19	27	18	29	11	11	28	24	20	26	12	28	40	24	15	37	17	34	43	31	17	27	15	21	26	43	18	23	18	43	24	24	23	12	15	13	39	25	26	37	20	26	11	24	19	29	26	33	14	35	40	39	29	17	42	38	32	18	36	19	20	18	33	38	31	25	16	14	12	22	28	31	26	30	34	14	23	11	12	15	23	25	17	20	33	23	23	31	40	14	42	21	25	18	41	28	37	17	19	37	24	26	18	44	33	16	22	16	17	34	15	13	14	33	18	24	27	27	25	36	38	30	20	37	30	11	12	20	29	25	23	38	19	18	16	19	35	36	33	19	27	45	17	20	20	25	21	24	24	21	22	26	27	20	25	17	29	42	12	34	11	20	18	16	30	17	20	12	12	33	19	38	18	17	23	37	22	20	14	35	31	14	14	14	29	28	37	15	13	11	20	27	31	25	15	22	23	22	18	15	22	22	24	22	24	21	23	20	12	16	29	25	28	23	19	24	14	36	37	21	30	33	25	17	19	30	15	27	34	24	14	23	32	12	30	18	36	35	24	30	20	14	17	34	15	21	32	28	18	38	20	12	18	26	15	12	11	30	30	14	37	31	33	22	30	20	36	30	23	40	29	41	15	11	38	37	26	18	14	25	14	30	24	28	33	31	28	35	36	42	12	32	22	28	35	29	27	19	30	18	20	18	22	40	37	14	12	12	37	31	40	28	20	13	30	14	18	36	26	24	33	31	33	23	12	28	31	18	26	34	28	24	21	30	18	20	15	14	29	11	42	45	32	35	27	15	20	30	26	28	41	22	41	20	35	14	24	40	18	28	36	18	21	15	18	24	25	11	22	33	21	31	37	18	40
2024.07396624275	21	25	27	30	37	39	18	21	23	28	30	28	27	19	31	36	27	24	43	38	38	22	26	24	18	28	42	18	34	23	48	28	19	33	19	26	16	21	25	24	19	18	18	32	19	33	26	15	23	23	28	14	28	40	36	30	31	26	21	17	28	31	21	19	19	18	18	19	15	27	21	18	23	39	24	33	21	38	34	24	26	21	33	34	26	22	31	30	16	14	20	31	17	16	19	25	21	18	16	19	21	32	27	32	14	36	24	33	24	30	27	22	29	22	24	16	28	33	27	28	24	36	23	33	25	32	19	23	20	29	30	19	17	21	23	17	15	18	38	18	16	25	23	18	17	31	33	20	20	32	34	28	22	22	23	21	18	14	30	16	18	19	32	30	28	19	28	21	18	34	18	29	18	23	24	20	15	22	16	26	22	30	33	14	27	18	29	19	25	22	24	18	42	19	18	23	38	24	29	19	16	21	16	21	18	19	32	39	21	26	17	31	29	16	16	33	37	30	15	31	19	42	25	28	33	38	20	29	16	24	19	18	20	26	22	27	38	27	17	16	18	36	34	24	18	38	23	21	23	16	34	23	23	23	22	24	24	14	15	26	33	24	26	17	19	15	37	30	39	29	19	17	38	22	17	16	26	26	25	22	33	23	21	19	30	20	19	27	33	18	22	27	16	22	28	17	19	20	18	26	19	33	23	35	27	17	20	24	32	26	36	48	19	35	18	26	23	30	23	34	20	18	24	18	18	21	27	23	36	30	24	33	19	38	37	25	16	36	17	26	22	22	36	19	18	16	15	31	24	16	18	16	33	36	16	34	15	21	17	27	34	16	18	15	18	35	33	33	22	18	27	29	17	27	14	18	31	16	39	24	33	34	25	40	24	21	20	31	15	17	33	25	28	31	20	23	20	30	16	29	30	31	17	28	29	21	23	17	25	29	38	17	29	38	24	37	18	26	25	20	20	30	29	32	29	31	22	27	28	18	22	27	16	23	29	27	37	25	21	19	33	15	25	25	36	20	32	26	35	30	20	17	18	37	18	35	31	34	26	30	25	29	31	22	28	25	35	19	29	17	36	24	21	20	33	28	19	15	30	22	43	22	25	25	17	24	14	30	27	26	16	26	30	24	33	29	28	35	27	23	24	28	15	29	25	18	15	28	16	28	20	38	16	19	27	33	22	38	28	19	34	15	18	39	21	40	22	29	42	24	31	48	14	15	15	23	24	22	24	22	23	15	35	18	29	14	27	28	19	33	25	25	23	32	33	23	32	31	28	33	20	30	25	18	37	15	29	31	19	14	22	28	16	40	20	23	33	28	25	23	34	33	29	33	27	30	28	17	43	24	30	15	43	18	25	22	24	23	24	30	30	25	25	20	35	22	25	37	16	26	21	34	36	26	38	22	29	19	38	28	16	16	18	17	20	22	26	22	23	14	14	25	27	25	31	16	26	40	25	19	30	21	37	42	36	22	30	16	26	23	31	20	21	19	31	25	24	26	16	19	15	40	24	23	35	27	28	18	25	22	30	29	27	17	35	40	36	30	19	34	30	34	27	37	26	23	18	25	40	32	35	18	18	15	26	31	32	25	31	42	18	31	14	16	21	31	20	20	21	26	26	17	33	39	18	39	21	27	22	41	24	41	21	18	30	27	29	24	44	24	18	20	18	18	31	19	16	18	30	25	27	28	32	28	36	33	30	19	33	33	14	15	19	35	23	24	31	20	21	15	18	35	38	30	20	20	43	18	22	17	27	26	28	25	22	23	33	35	27	26	18	25	48	16	31	14	20	25	20	30	18	22	19	16	26	26	37	21	22	26	37	24	23	15	37	26	15	18	17	25	28	28	18	15	15	24	25	33	29	18	28	24	25	22	18	25	20	28	23	29	24	26	29	15	18	32	20	31	19	24	22	14	33	28	23	32	33	35	19	19	33	18	24	28	27	18	27	33	19	35	21	35	33	27	34	28	17	17	31	19	22	24	26	18	30	25	16	21	26	16	15	18	33	27	21	35	33	34	27	33	21	32	25	23	36	25	33	19	15	37	40	29	21	15	25	22	34	30	25	31	33	28	33	26	29	15	21	18	35	36	27	27	25	29	24	22	18	24	40	35	18	16	16	38	36	32	28	19	15	32	17	19	33	16	29	27	29	26	23	16	26	28	20	28	42	37	24	22	33	21	24	19	21	32	14	48	40	33	37	26	16	22	27	24	26	43	19	39	22	33	18	26	32	21	37	37	19	23	22	22	26	29	18	26	27	23	31	37	22	29
2024.07911655397	32	39	30	33	47	40	31	34	34	26	36	33	34	33	31	33	34	30	45	40	37	30	35	32	28	36	44	29	36	33	57	33	33	39	28	34	29	30	35	31	29	40	28	37	29	40	29	26	27	39	36	24	41	48	33	31	47	36	34	25	31	38	40	30	27	29	29	30	29	35	29	26	37	41	28	41	31	37	40	33	35	30	35	40	30	37	29	35	27	25	31	31	27	30	29	37	37	29	26	33	33	37	38	36	25	38	38	38	32	33	34	30	31	30	33	33	35	30	38	37	39	42	28	32	35	31	24	33	27	32	38	30	27	37	31	28	25	29	50	28	27	32	27	28	26	40	30	26	29	37	40	34	33	33	37	34	28	24	43	27	32	28	36	31	38	28	38	29	28	33	28	34	30	30	29	27	26	28	27	42	32	39	39	24	37	29	31	29	37	27	34	31	39	30	32	34	44	39	35	30	26	32	29	31	28	29	40	41	30	29	28	35	39	27	29	30	36	35	26	35	30	50	28	33	31	47	31	33	27	30	33	29	27	30	32	42	45	27	27	26	30	37	40	34	28	38	31	30	33	27	33	31	28	34	27	32	28	24	25	38	35	29	31	30	28	26	47	40	40	35	30	27	45	39	28	27	36	43	34	34	48	30	31	27	40	30	30	27	30	28	29	42	26	30	39	32	28	27	28	38	28	30	33	41	32	28	31	29	36	34	42	46	29	32	27	37	34	31	34	40	27	29	37	29	29	31	40	39	43	40	31	42	30	47	37	31	28	33	26	34	36	33	33	29	32	26	29	38	31	26	28	26	37	54	29	39	29	32	28	27	40	30	28	28	28	45	31	38	36	28	32	35	30	35	24	28	42	26	40	29	40	33	32	46	29	29	31	32	25	27	32	35	34	31	29	29	33	29	27	36	37	38	24	42	35	32	33	28	39	40	37	30	41	32	36	42	34	37	28	31	27	38	28	47	41	32	39	33	34	27	36	28	30	30	29	39	42	31	30	30	48	25	30	34	41	31	34	34	43	40	36	26	29	51	37	31	30	33	35	32	32	33	39	29	39	24	43	30	32	29	38	38	31	27	40	32	30	28	40	33	45	29	32	41	27	31	27	36	35	36	27	29	38	33	40	29	26	43	32	27	30	33	25	29	33	28	25	33	26	38	32	44	27	28	39	38	35	35	38	30	40	26	29	40	29	49	32	39	44	30	47	46	24	26	25	32	31	33	32	26	35	25	43	29	39	24	30	32	28	38	30	35	32	36	39	30	34	37	26	42	30	32	33	28	47	25	41	32	27	27	30	32	26	48	28	28	40	29	24	33	38	41	35	40	32	32	37	30	47	31	41	28	45	28	32	33	29	36	32	29	39	31	35	31	43	39	28	37	26	38	32	33	36	27	40	30	33	30	42	32	27	26	28	25	28	36	31	31	33	24	24	35	40	35	30	27	34	41	33	28	34	30	42	50	53	35	42	28	36	32	30	28	31	27	30	34	30	34	27	30	29	40	29	34	39	37	41	37	28	36	32	39	36	25	43	46	33	40	27	37	31	43	41	40	38	36	28	33	48	43	41	25	32	29	31	29	40	30	38	48	28	39	24	27	31	39	27	30	37	27	40	28	38	46	32	39	29	35	29	44	29	47	29	29	34	32	39	33	45	29	29	30	28	27	35	29	29	28	30	36	32	34	40	37	36	42	37	33	40	39	24	25	27	39	34	32	28	30	24	24	28	43	44	30	31	31	45	27	33	28	29	35	33	28	31	32	40	47	37	29	31	39	57	27	40	24	29	35	31	43	28	33	33	26	27	38	42	32	33	35	34	39	28	26	47	35	26	28	26	39	34	35	28	29	28	32	31	39	35	28	42	32	31	31	28	24	30	35	34	42	31	33	42	25	29	36	27	39	25	34	32	27	35	35	27	36	30	41	28	30	37	26	32	26	34	31	38	41	30	45	33	32	32	39	42	37	28	29	35	29	31	30	32	28	35	32	27	32	29	26	25	29	39	39	32	34	39	40	30	37	37	34	34	39	42	39	30	27	29	42	49	36	34	25	32	37	42	40	32	32	40	30	48	42	28	25	29	29	38	38	27	35	30	37	34	30	27	30	41	34	28	26	27	40	42	34	34	33	26	36	25	30	31	26	42	36	36	27	30	27	32	36	27	36	48	49	31	31	38	32	29	29	36	38	24	57	34	41	47	43	26	30	37	28	32	45	30	41	28	32	28	38	36	29	49	36	29	27	31	31	37	35	37	31	30	38	35	34	31	34
2024.08426686518	39	36	42	37	47	38	36	32	39	26	37	38	35	31	34	33	36	31	46	49	37	31	36	35	29	32	47	30	36	42	59	38	39	42	34	33	38	32	38	33	27	41	31	34	33	38	30	31	33	38	32	34	48	45	36	34	44	36	32	33	36	41	42	31	28	37	39	37	34	33	37	30	42	41	29	41	34	36	44	36	36	34	44	33	27	41	29	45	31	38	31	34	31	35	32	40	39	30	32	38	36	34	42	38	38	34	40	38	31	39	36	38	43	38	37	38	34	29	42	42	37	40	34	32	33	29	34	39	34	28	39	34	32	39	37	32	37	33	50	31	30	38	30	33	33	40	31	29	31	34	40	36	42	34	42	40	33	34	50	31	33	36	36	37	42	34	35	37	37	38	30	30	35	38	32	34	34	27	39	44	37	34	41	32	37	39	43	34	48	33	39	42	44	31	36	39	43	42	36	34	34	34	31	33	37	43	37	44	38	30	33	38	37	39	30	31	35	45	34	44	38	52	31	33	33	48	37	33	31	35	31	39	37	27	37	40	42	31	32	38	35	39	33	39	35	39	34	32	39	31	33	34	34	37	33	43	29	29	32	36	44	35	39	35	34	34	44	45	40	33	38	26	42	39	32	34	36	43	33	43	44	38	45	28	42	39	34	31	29	39	36	40	34	31	36	42	36	42	33	40	36	34	38	51	35	30	31	33	42	42	40	46	36	32	28	40	41	34	39	40	37	36	38	33	33	47	39	38	47	42	31	50	39	48	30	36	32	33	33	33	39	38	33	30	36	33	34	41	34	30	31	36	35	55	34	40	31	31	30	28	44	33	38	28	31	44	33	36	39	35	36	36	33	39	29	30	42	36	38	27	42	33	39	50	27	38	34	36	37	32	32	44	40	36	31	32	35	34	30	36	40	40	29	45	33	31	32	32	36	46	36	35	36	35	43	40	34	39	33	37	42	39	30	52	36	36	39	34	33	28	45	35	31	34	31	39	40	37	34	38	44	30	34	38	44	31	31	41	43	36	36	27	37	45	41	31	28	38	40	33	38	41	37	29	36	29	43	34	36	37	34	41	45	34	39	38	38	31	42	35	45	37	33	42	32	34	35	36	33	37	39	31	33	37	38	31	26	44	35	33	36	36	29	31	35	33	30	31	32	40	38	46	30	34	45	44	39	30	35	34	42	34	36	40	39	47	40	37	47	34	44	46	34	34	29	42	32	37	37	27	36	36	44	30	46	29	27	36	34	38	34	32	42	40	42	41	35	34	33	50	35	29	36	31	47	32	36	37	31	35	36	35	30	45	39	34	43	37	28	42	39	42	36	39	36	32	40	35	48	32	40	28	49	33	38	37	35	39	44	34	40	36	33	36	44	39	33	30	30	42	31	33	44	26	49	35	33	31	35	36	31	27	35	27	39	39	35	37	39	29	29	44	38	33	37	39	39	40	35	30	43	34	44	46	55	36	43	32	34	42	28	30	31	28	28	33	35	37	31	31	36	36	35	38	39	37	39	41	31	45	33	37	37	29	43	50	36	39	35	34	34	43	49	40	39	34	29	36	45	45	51	27	36	38	39	37	41	34	40	46	31	37	29	31	45	37	42	34	39	26	41	28	49	45	38	42	29	33	33	53	27	50	38	33	43	40	37	39	45	33	36	31	34	31	40	27	31	27	31	39	40	40	41	40	36	40	40	38	39	42	32	37	31	39	38	31	34	35	41	29	30	43	43	31	34	31	49	31	38	30	33	36	40	31	37	33	42	52	37	30	36	36	59	28	40	29	31	35	37	41	35	38	37	38	26	40	40	35	38	38	35	37	34	31	44	35	33	33	32	36	36	34	39	36	37	35	30	45	36	39	45	44	36	32	35	29	31	36	41	43	32	38	41	30	36	38	34	40	28	39	40	35	44	34	30	40	29	51	36	33	35	30	32	33	37	32	42	44	38	51	36	32	32	39	44	39	34	31	40	30	37	30	37	29	45	39	31	35	38	30	30	34	42	45	33	31	43	42	27	35	39	42	38	38	40	36	31	31	31	40	47	38	32	29	38	41	44	45	38	36	40	35	44	44	30	29	39	31	40	35	28	33	34	42	42	36	29	34	40	31	27	36	31	49	40	35	36	31	34	40	33	31	33	30	43	37	36	26	38	31	40	32	41	40	46	50	33	37	44	35	32	34	35	38	26	59	34	44	44	43	30	36	37	29	31	45	34	41	29	32	27	36	36	29	50	35	33	33	39	32	40	36	41	39	35	36	38	35	32	38
2024.0894171764	46	40	51	45	47	39	50	34	50	28	44	44	34	33	39	40	40	33	56	51	47	38	39	39	31	43	48	34	38	58	61	44	43	40	42	38	47	45	47	37	32	45	37	38	43	38	38	36	36	45	43	43	50	49	38	37	51	42	36	34	45	39	48	33	43	45	51	47	43	40	44	34	48	43	45	51	37	39	43	43	39	45	55	40	35	48	41	47	33	47	33	39	33	52	39	46	43	34	39	47	40	38	49	42	47	39	50	46	35	46	40	44	54	44	42	45	34	34	49	45	39	42	41	34	38	34	39	48	45	31	46	42	40	43	44	36	47	48	54	37	35	41	32	39	39	39	41	34	33	36	43	44	54	36	48	44	39	39	55	36	38	47	45	56	55	42	37	44	38	44	34	43	41	47	36	38	41	37	44	46	42	42	46	38	51	51	54	49	56	38	50	54	51	43	40	45	36	43	39	36	41	36	36	41	38	47	42	48	40	38	37	45	36	47	38	41	35	47	42	57	45	51	35	40	42	56	51	37	36	42	38	47	44	35	42	42	52	36	40	40	41	48	40	50	34	54	39	45	48	36	40	39	39	56	38	47	45	31	37	39	53	43	50	39	45	41	46	55	47	38	45	34	52	42	36	45	37	47	40	49	55	47	55	43	46	41	51	36	34	46	44	42	41	38	46	52	47	49	46	42	47	36	47	59	40	46	33	32	41	50	42	60	42	45	39	42	61	37	45	43	44	52	42	35	41	55	44	45	49	46	33	53	46	56	41	51	43	40	39	32	41	43	40	35	40	35	43	39	35	46	37	43	37	62	38	42	38	33	45	30	43	38	40	40	37	49	42	41	41	34	43	39	38	53	34	34	46	46	39	37	52	40	43	55	37	43	40	37	47	40	34	46	49	41	40	34	40	46	35	46	45	43	35	50	38	33	34	36	40	53	39	39	38	39	48	46	46	49	48	41	49	46	39	56	38	37	42	41	39	39	65	39	42	38	33	43	46	42	45	44	55	34	49	51	49	33	36	48	44	41	38	32	45	48	43	30	41	44	48	40	40	58	38	37	46	47	44	51	43	43	39	43	55	45	45	42	45	36	46	42	44	39	34	44	40	36	39	40	39	36	47	39	41	42	38	33	28	48	42	36	48	45	36	33	42	46	41	41	39	44	46	47	38	45	53	54	45	32	37	36	46	41	48	47	48	47	54	36	48	40	51	60	39	42	36	49	39	43	49	35	42	40	48	34	48	34	32	38	47	46	49	36	49	42	40	52	38	33	48	53	40	31	48	37	47	41	38	46	36	39	50	37	32	49	56	39	46	53	36	58	43	45	42	45	47	42	44	39	49	51	47	40	51	39	41	43	43	47	45	46	43	51	38	43	48	42	48	41	46	44	33	40	53	28	51	42	37	33	39	39	33	32	39	34	56	41	44	39	48	39	34	46	44	38	46	44	41	45	42	34	48	45	41	51	64	50	48	43	33	49	41	49	35	43	41	40	42	46	33	33	46	37	39	41	44	47	50	43	35	65	40	36	53	31	44	55	38	49	40	43	37	47	60	44	46	36	31	48	46	47	59	29	40	43	50	53	47	49	43	47	37	38	31	35	55	38	49	38	43	28	43	36	59	49	42	44	39	40	37	53	37	49	43	48	48	49	36	46	47	32	48	33	37	39	44	32	36	29	36	40	49	49	49	44	35	44	45	47	45	40	38	49	48	45	40	35	43	40	45	35	34	44	36	36	38	33	51	39	44	46	37	39	42	35	54	40	52	62	47	37	50	40	61	36	39	34	33	37	51	39	39	44	42	40	28	42	46	44	42	40	42	39	41	43	46	38	40	45	37	40	44	34	46	46	39	42	42	46	39	46	50	45	51	38	34	47	33	38	61	47	51	43	47	34	48	42	38	42	30	50	44	39	53	34	32	42	34	59	47	35	37	34	34	48	34	46	49	51	45	53	40	45	34	43	45	46	35	37	44	35	54	39	41	31	47	43	33	44	41	37	34	36	40	53	37	33	47	46	32	37	43	47	51	45	43	40	41	43	38	46	47	35	36	34	40	48	45	55	41	37	52	40	55	46	39	40	48	33	42	38	30	39	39	56	47	40	44	40	45	33	29	46	33	51	49	38	44	33	42	42	34	43	42	37	50	53	46	28	47	33	47	43	48	44	47	57	37	54	54	44	36	49	42	45	37	61	33	51	46	47	32	40	51	45	36	44	42	43	37	34	29	39	45	39	57	35	46	36	43	38	42	42	43	50	41	43	45	42	38	38
2024.09456748761	51	51	57	43	53	47	63	35	59	33	51	51	31	35	52	44	44	37	73	51	52	41	41	47	34	49	52	43	44	64	67	51	54	47	46	45	53	57	47	41	43	45	37	48	45	42	49	38	36	47	49	51	59	43	40	40	62	52	38	34	50	40	50	35	47	51	53	57	51	51	50	41	50	43	54	56	44	50	44	57	41	53	54	42	39	53	47	58	36	58	35	52	37	53	43	55	45	43	46	50	44	48	56	44	58	41	55	52	44	51	44	60	74	60	46	47	42	36	56	47	40	44	47	38	44	39	53	53	53	32	55	47	52	45	47	48	68	56	54	37	43	41	40	45	42	46	63	35	42	37	45	51	61	38	50	47	45	42	55	49	44	65	47	62	57	46	45	50	41	54	42	55	54	51	43	40	52	38	50	42	41	45	49	50	63	53	74	54	74	41	75	64	56	49	45	51	34	48	40	45	47	45	42	49	41	53	44	56	43	49	43	57	34	48	44	63	43	58	45	71	47	52	39	42	60	57	57	39	49	47	43	66	56	39	41	58	46	47	52	44	54	50	42	75	35	61	49	57	53	49	45	49	53	69	41	53	54	40	40	45	53	49	64	45	52	52	48	66	56	38	47	38	46	44	48	48	47	51	48	54	55	51	62	47	52	43	71	47	36	53	58	58	44	41	55	61	65	52	69	42	65	40	60	61	48	55	35	36	50	58	44	65	51	52	60	51	66	40	51	45	56	55	45	35	45	66	50	47	62	52	39	56	51	57	43	58	48	44	42	52	47	47	44	37	45	39	51	40	41	62	37	44	44	64	51	50	52	36	58	34	44	46	44	46	37	53	60	44	47	35	59	40	45	64	52	42	50	48	47	42	56	45	50	80	42	49	46	42	68	47	38	53	50	47	51	42	42	46	43	47	45	48	41	54	38	36	34	48	51	58	50	45	39	42	58	45	51	63	48	46	52	55	45	65	39	42	44	49	50	60	73	43	44	47	33	46	45	43	53	45	55	47	55	62	50	35	52	60	53	44	39	34	51	47	48	32	48	54	54	41	47	65	40	42	55	49	53	71	52	53	41	48	62	53	47	48	47	48	52	43	38	42	51	51	47	40	46	44	42	39	48	44	57	46	42	33	33	54	46	36	54	54	41	33	45	69	49	45	46	52	52	50	39	52	56	55	57	39	45	45	43	52	58	56	49	56	65	34	52	48	62	65	42	45	41	52	44	44	61	37	44	46	54	43	49	34	34	42	58	52	55	40	52	42	47	57	39	35	57	56	46	38	55	37	53	44	39	55	44	46	60	47	34	43	57	53	55	65	43	64	47	52	52	47	58	45	49	45	50	61	45	46	60	45	41	44	49	57	50	46	48	58	44	49	54	44	48	43	62	49	36	45	58	34	51	50	39	35	34	41	43	33	52	44	57	47	50	40	53	46	34	53	56	44	57	50	50	54	45	46	47	53	46	54	64	58	54	48	33	52	48	56	35	47	48	48	47	50	36	35	50	39	38	42	60	49	51	48	39	73	41	34	62	32	53	80	40	50	43	50	40	55	67	44	55	40	34	55	50	46	61	36	45	48	64	72	51	55	48	48	37	40	40	37	62	40	52	39	45	34	48	47	63	54	47	47	44	51	46	53	42	52	49	56	47	60	34	51	49	36	58	40	44	45	46	43	42	33	42	47	60	50	46	49	42	42	45	50	47	47	47	57	57	53	41	44	49	46	48	38	42	53	34	42	47	35	60	45	55	55	43	41	47	39	72	44	56	65	49	39	63	51	67	47	46	52	42	42	57	53	52	55	56	44	34	42	45	47	45	44	44	40	47	47	48	43	45	56	44	51	51	42	53	50	47	46	45	46	40	53	54	50	58	39	35	49	40	40	66	56	61	48	50	47	58	44	40	43	43	75	47	46	53	42	40	42	36	61	65	49	44	41	38	57	38	53	56	61	47	64	44	52	38	46	48	48	41	42	46	38	72	43	56	34	58	50	35	47	49	38	47	43	47	56	55	34	53	43	34	44	45	51	62	47	49	51	63	58	52	45	56	37	38	40	47	53	48	66	41	42	51	48	55	42	45	49	49	37	49	42	34	42	41	64	53	56	53	48	54	34	33	48	43	51	61	39	51	35	45	42	34	49	60	52	55	62	47	34	51	43	49	49	52	51	48	61	41	72	55	56	43	54	46	46	52	67	34	61	48	51	34	56	63	54	48	38	47	43	52	38	33	45	47	44	61	43	54	36	53	39	51	52	48	64	43	45	57	44	39	44
2024.09971779883	51	55	58	40	55	45	71	30	67	36	58	49	33	36	56	50	50	46	77	48	50	41	43	50	41	58	54	44	47	74	71	49	58	46	57	41	61	63	57	44	48	43	38	50	50	49	65	43	36	50	58	61	56	44	43	40	60	57	42	37	53	38	50	33	55	55	51	55	52	53	52	44	55	44	58	55	45	50	49	66	43	55	60	40	44	55	52	62	39	66	43	56	37	56	44	64	45	44	52	56	44	50	61	44	66	41	61	52	56	53	50	71	87	71	41	49	44	34	61	47	44	54	48	38	50	37	57	61	56	30	66	48	68	45	49	56	75	59	56	38	54	41	42	43	44	45	63	35	42	38	48	55	69	36	55	52	43	42	54	51	49	75	50	62	64	57	43	52	45	59	44	60	64	53	39	40	66	38	53	46	41	41	52	61	70	51	87	58	89	48	91	75	61	51	49	51	34	48	42	61	47	56	40	47	45	59	44	64	49	65	44	63	32	49	45	63	43	62	53	94	54	47	42	40	80	57	78	40	51	45	40	64	66	44	41	56	43	56	68	50	64	50	40	91	35	58	62	63	61	51	43	62	71	76	48	54	58	38	38	46	53	49	68	47	54	66	48	69	63	36	54	41	43	44	56	53	65	55	59	57	63	53	68	55	53	47	77	56	34	62	72	56	48	41	57	65	75	55	78	40	75	38	72	63	48	62	43	36	50	67	54	55	49	56	84	62	64	40	51	48	66	62	47	33	55	73	50	50	63	53	41	58	54	57	47	67	46	50	44	60	43	53	50	35	49	40	52	38	39	64	38	47	49	69	51	50	52	39	72	37	49	46	50	51	38	55	80	50	43	35	64	42	52	66	62	44	48	51	45	51	56	43	62	92	51	52	52	43	75	49	38	52	51	52	59	49	43	48	54	53	50	60	41	52	36	39	32	56	55	64	50	47	37	45	64	50	51	71	48	44	55	66	57	68	37	43	44	47	55	84	76	44	45	47	33	45	50	44	55	52	63	47	69	65	52	43	52	58	49	48	37	39	55	44	46	30	51	59	54	41	49	78	38	42	57	58	49	77	58	54	41	56	68	56	51	48	54	58	53	41	36	42	57	49	49	38	46	46	47	39	49	48	54	41	49	33	36	57	50	36	57	58	67	33	48	78	49	50	52	53	59	55	40	54	55	54	56	39	43	61	43	66	81	63	53	53	67	32	54	48	60	55	42	53	67	60	44	55	57	45	47	54	57	44	48	32	35	40	67	52	69	41	60	53	46	63	37	33	64	58	49	38	60	38	55	48	37	68	42	46	79	50	38	44	57	71	60	67	45	74	54	52	57	51	61	54	54	47	48	67	45	51	59	43	41	55	49	63	53	48	48	67	50	49	57	44	48	47	64	47	39	43	65	32	48	58	40	33	33	40	41	36	69	48	57	43	48	38	61	50	32	52	51	50	62	53	50	56	48	55	47	55	44	54	60	64	46	46	33	60	51	60	33	55	51	59	45	47	39	33	55	44	36	50	74	57	53	46	42	76	41	32	64	40	49	92	43	50	45	54	40	65	71	37	54	40	41	60	47	41	63	34	49	50	68	78	51	69	60	50	38	38	38	35	68	38	55	44	45	32	46	58	63	54	49	56	46	53	47	55	51	49	52	59	47	60	32	54	47	36	81	38	47	53	51	48	40	54	44	45	60	51	46	54	40	42	50	56	51	46	49	72	57	53	39	56	53	49	50	41	44	49	34	44	54	43	59	53	73	62	43	43	57	42	82	45	56	67	57	42	71	55	71	52	45	62	42	40	78	53	69	73	71	50	32	40	50	56	53	48	47	44	48	52	48	46	54	59	42	55	55	44	62	55	57	49	45	51	42	62	52	53	67	40	35	58	38	39	64	66	67	57	50	47	81	44	40	43	43	91	64	46	53	44	42	53	34	63	75	50	49	44	38	64	45	59	61	64	54	73	44	56	38	45	46	50	46	44	51	39	82	48	63	41	62	62	33	56	49	38	47	43	46	56	68	34	50	43	35	49	45	53	65	50	52	55	63	65	52	50	53	37	42	43	49	55	46	69	41	43	51	52	63	46	57	53	53	38	52	42	37	47	48	67	55	62	58	48	56	34	54	51	41	48	61	37	55	36	53	53	37	51	80	63	54	64	53	32	53	41	51	58	56	52	50	61	44	82	54	59	39	58	46	44	58	71	36	64	48	55	38	62	70	58	45	36	48	44	69	38	54	46	50	47	61	43	60	36	54	40	62	57	46	68	43	45	63	47	40	60
2024.10486811004	51	62	71	53	59	55	75	38	70	45	67	47	45	45	63	56	53	48	80	49	53	44	42	56	50	59	60	47	46	82	70	47	71	57	65	59	63	73	60	47	56	50	44	62	61	56	67	48	40	61	59	64	66	50	59	44	52	55	49	46	54	42	59	50	68	59	58	73	68	56	57	47	67	57	67	65	61	59	55	67	42	64	61	51	57	63	56	65	52	73	48	63	49	57	47	66	45	47	54	58	53	62	64	51	73	47	60	59	59	63	53	75	88	75	43	57	50	42	64	49	51	64	52	49	53	42	68	62	60	42	71	55	73	45	61	64	72	66	61	44	68	50	58	44	46	60	65	40	50	43	58	67	72	50	67	57	44	54	55	60	58	80	59	68	65	65	66	57	50	65	54	67	69	64	44	38	80	41	58	55	48	39	53	73	90	58	88	65	88	54	103	77	64	65	64	54	41	54	49	71	61	63	57	58	50	61	44	69	62	67	52	77	38	51	50	65	59	65	66	91	61	53	48	48	84	57	81	55	60	54	49	74	73	57	48	69	54	66	73	51	69	58	51	103	52	59	61	73	62	60	44	61	70	84	54	59	67	50	47	46	54	56	71	59	60	80	55	70	70	40	61	41	54	60	64	66	74	66	67	59	69	64	72	68	63	43	80	66	42	67	81	69	53	44	64	70	80	64	85	43	80	52	80	63	53	69	48	45	53	75	64	57	58	59	87	70	70	44	54	58	73	70	51	46	58	78	53	61	71	63	52	67	65	57	54	67	59	56	46	70	57	59	56	44	64	54	68	42	39	71	44	46	61	74	54	61	59	53	78	56	55	57	68	61	44	66	84	63	57	52	68	49	62	68	62	54	46	60	55	61	63	44	63	97	61	59	53	46	72	54	49	64	56	63	74	57	46	51	68	70	59	59	48	64	40	53	40	64	62	73	59	59	50	51	72	61	53	77	58	60	64	71	69	67	50	46	60	51	62	87	84	55	52	56	44	42	61	57	64	66	69	57	70	72	63	48	53	61	51	51	47	48	59	48	58	38	56	65	61	58	52	83	49	48	64	56	51	80	63	61	47	58	72	60	47	54	61	62	63	54	41	60	65	52	54	58	55	61	55	49	51	57	62	43	56	44	45	69	52	40	64	64	72	44	53	85	53	65	54	57	65	60	49	60	53	62	63	42	66	71	52	80	84	70	63	61	70	38	60	58	52	57	54	66	72	63	44	62	58	57	49	65	69	47	47	40	52	51	70	59	70	58	63	49	57	76	46	50	69	67	53	41	70	44	59	65	50	73	49	55	80	58	46	50	72	70	67	66	59	82	55	64	67	47	68	56	52	59	52	68	48	61	64	44	50	62	56	65	57	51	52	67	53	57	69	60	58	54	71	56	53	44	79	39	49	66	55	43	49	49	52	43	81	54	72	57	54	48	62	60	40	64	63	53	67	58	59	57	53	60	56	64	50	58	70	71	55	59	46	63	56	72	40	68	56	67	54	47	52	43	70	48	47	55	68	69	59	58	48	84	58	38	70	56	51	97	59	49	52	56	44	71	75	45	63	45	50	70	50	57	63	39	64	57	71	93	55	70	59	63	44	49	50	39	72	49	64	63	45	39	59	65	64	60	58	61	50	56	53	65	61	50	59	66	56	70	38	63	52	45	84	39	55	57	56	56	57	53	56	48	70	56	48	52	48	54	59	58	47	57	54	76	71	60	41	59	64	53	49	49	54	51	41	56	65	48	64	57	83	69	56	42	66	48	86	46	63	71	69	51	75	62	70	61	60	62	50	47	81	59	81	83	82	51	39	43	61	64	57	50	52	51	52	60	55	51	62	60	41	62	67	50	67	70	66	54	49	60	49	67	64	57	67	57	52	56	39	42	70	67	68	62	54	57	84	51	38	53	44	103	72	55	54	50	58	49	42	63	80	50	61	47	48	69	51	62	64	68	61	81	53	59	49	42	50	59	52	47	56	43	86	57	66	50	65	63	40	64	55	50	57	52	57	57	70	38	60	52	52	61	45	63	72	61	58	62	65	74	59	61	61	57	49	57	52	63	50	70	50	46	53	54	69	55	69	56	63	36	64	53	56	55	50	73	61	66	64	58	57	38	53	60	52	49	72	46	67	45	66	49	46	65	84	72	61	70	70	39	64	52	57	59	63	62	63	58	47	86	62	67	44	65	50	59	61	70	42	68	55	66	46	66	90	67	51	41	55	57	80	49	53	46	59	57	58	59	64	40	56	57	70	67	58	71	55	48	77	52	57	65
2024.11001842126	62	72	71	62	63	59	75	55	70	54	75	60	50	56	73	57	57	56	83	58	56	57	46	61	58	66	68	62	53	80	75	60	75	62	71	60	66	84	61	56	66	58	54	75	72	67	71	64	56	66	66	69	70	56	64	43	54	63	54	56	66	56	65	55	71	60	68	85	79	61	61	56	72	62	77	70	71	77	73	76	46	63	62	49	71	74	69	78	66	74	64	73	54	68	65	66	67	62	59	64	61	75	72	57	74	51	63	63	64	76	57	81	92	81	67	61	59	47	72	66	51	68	61	52	54	57	74	69	79	57	87	70	78	67	68	78	75	81	57	54	68	61	63	55	65	62	83	53	59	59	63	77	82	70	72	75	55	59	58	66	58	80	57	76	67	71	69	61	66	75	67	73	67	80	62	44	84	50	70	60	50	54	63	73	86	68	92	77	88	61	97	87	76	80	76	64	59	68	64	68	71	71	63	62	66	68	54	76	70	71	58	80	54	62	59	83	63	78	72	89	68	63	61	58	84	66	80	64	66	61	69	80	87	71	50	76	65	75	78	68	67	67	49	97	62	60	67	84	69	66	55	67	72	88	61	70	77	70	58	67	59	68	75	73	65	84	59	74	80	43	68	56	65	70	78	72	79	72	70	62	74	80	76	71	69	66	87	75	47	75	86	76	63	57	67	74	80	75	87	55	80	63	80	72	60	64	64	52	63	85	68	56	68	69	93	72	79	43	64	63	87	80	68	56	62	78	71	66	73	69	67	65	72	66	68	67	63	57	65	72	72	63	57	58	76	59	79	56	50	71	54	52	63	75	70	67	71	60	80	58	73	69	75	61	54	67	84	68	72	62	68	64	69	73	69	67	56	68	59	68	72	55	67	89	68	71	59	62	75	63	52	72	67	69	88	68	58	66	68	71	61	72	59	73	43	60	49	78	72	74	77	73	57	62	78	62	67	75	65	64	75	87	70	68	57	62	70	66	72	93	79	60	61	62	54	55	62	55	63	68	74	63	81	85	71	64	62	67	50	64	54	53	60	51	70	58	67	75	63	61	60	81	57	67	67	64	50	87	76	64	51	66	76	79	56	66	68	68	69	62	59	62	71	72	63	63	70	75	63	60	62	66	67	67	67	54	54	72	69	56	68	67	84	54	60	87	68	73	59	63	75	66	57	65	60	65	72	52	69	68	71	84	84	80	70	65	80	54	68	71	54	56	59	72	84	71	59	71	67	63	59	73	72	62	62	50	54	70	79	63	81	68	71	64	62	74	61	52	74	65	64	58	71	54	63	68	57	77	50	70	83	67	56	56	80	72	77	79	71	80	63	72	73	56	69	69	64	73	60	73	53	61	73	55	61	71	68	75	57	66	59	67	54	69	72	70	65	68	71	62	60	55	90	51	58	80	64	49	58	52	60	51	83	59	80	72	65	58	69	67	50	72	62	54	72	70	64	60	60	69	67	63	63	71	63	83	66	63	67	71	67	78	58	71	67	70	61	61	66	49	73	57	62	68	72	69	68	70	61	79	61	54	80	54	50	89	64	53	60	61	43	72	80	48	69	56	58	71	59	63	72	52	76	63	75	91	66	81	72	63	54	57	70	46	76	57	75	70	67	51	61	83	72	60	66	74	58	61	57	69	68	71	71	81	67	76	54	68	65	52	84	50	69	66	63	66	63	57	69	68	76	67	57	64	58	62	61	64	56	62	74	78	75	67	61	64	69	64	56	64	67	50	59	69	69	64	73	66	82	64	66	46	71	61	85	52	72	75	69	58	75	72	75	67	62	69	59	54	80	72	83	82	83	68	51	55	62	63	68	56	55	51	61	67	59	58	66	67	52	72	77	59	75	73	73	60	58	64	64	75	73	57	67	68	62	64	50	54	79	66	73	64	65	63	84	57	44	61	51	97	77	70	59	59	63	64	47	72	80	59	63	56	53	74	58	77	72	66	68	87	61	69	52	55	57	72	61	58	63	67	85	61	70	58	78	67	54	63	62	62	63	60	62	70	77	51	63	71	54	63	67	70	85	66	61	72	83	76	71	62	65	67	54	71	60	74	57	74	61	62	57	63	74	60	70	66	70	52	70	63	58	63	52	74	64	86	72	71	60	51	57	68	60	58	76	61	77	56	72	64	56	80	84	83	66	80	71	51	80	60	73	66	68	69	63	62	56	85	65	70	62	77	70	59	66	75	61	66	59	72	56	86	86	77	62	59	70	62	82	52	57	67	57	61	62	63	74	56	68	68	72	73	70	75	60	59	80	55	68	63
2024.11516873248	66	76	82	72	68	75	84	69	75	73	73	83	68	75	75	66	78	79	82	69	72	71	60	77	67	80	72	80	67	89	83	83	85	79	77	69	77	94	65	76	74	83	76	76	84	72	86	77	64	78	80	76	75	63	73	69	76	73	74	70	71	71	87	75	75	82	77	95	79	76	77	78	88	72	86	80	79	87	80	84	60	68	74	62	83	82	77	89	77	79	80	75	68	78	76	78	72	80	65	74	70	76	83	61	79	67	74	72	78	84	78	92	89	92	76	70	68	62	83	68	61	73	76	68	70	66	83	74	87	64	90	78	81	72	76	88	85	93	64	76	79	69	67	80	74	72	93	77	79	78	76	79	83	74	88	81	80	77	75	79	75	83	69	94	77	77	80	77	69	80	72	77	86	87	63	59	85	69	88	79	67	68	72	80	96	77	89	83	90	72	94	91	84	86	86	73	74	79	77	77	80	85	77	76	69	85	65	87	76	86	72	88	66	79	80	93	69	89	81	89	90	64	72	77	91	75	86	84	79	72	75	91	93	83	67	90	76	81	81	79	86	71	62	94	72	71	70	94	74	79	72	70	77	93	72	80	86	81	78	82	72	78	83	87	72	85	66	85	78	56	90	65	76	77	88	82	83	80	84	75	78	87	77	75	90	71	91	81	62	82	86	90	75	71	74	84	83	77	90	63	83	77	82	74	70	86	80	64	73	89	73	68	70	80	96	85	85	69	73	76	93	83	81	65	86	77	79	78	82	90	78	85	79	75	72	78	68	66	74	79	80	70	66	62	86	69	79	71	71	80	76	64	79	86	85	79	82	67	82	69	80	74	81	76	76	69	91	73	80	72	87	77	78	80	78	72	69	72	75	81	80	72	74	86	81	80	75	86	85	71	68	81	80	74	92	75	66	69	79	79	69	77	77	76	56	67	58	88	76	75	87	87	71	69	82	74	82	77	75	75	77	90	83	72	71	86	77	69	82	96	88	66	74	67	68	76	74	78	68	80	78	73	87	89	81	80	75	70	66	77	73	73	82	63	74	69	79	80	67	76	77	85	69	77	74	77	66	91	87	73	67	81	77	87	71	77	90	74	90	67	64	82	77	77	71	74	74	82	75	72	79	79	83	76	72	68	73	86	84	64	78	72	81	68	76	90	80	83	65	73	85	74	68	72	76	87	84	66	80	77	87	85	93	78	82	74	92	66	72	82	76	68	77	81	81	88	61	78	74	68	78	89	86	80	76	68	63	73	87	72	87	81	88	75	79	78	71	67	79	85	79	69	84	76	68	79	71	72	66	74	82	71	75	63	85	77	84	92	83	89	68	82	84	71	79	78	81	87	72	84	72	76	85	80	69	78	78	87	70	69	70	78	70	81	86	77	75	72	80	77	67	72	90	70	69	84	84	71	68	69	78	68	85	74	85	80	76	72	74	79	68	81	69	70	77	88	75	70	76	82	77	68	80	76	73	83	74	68	72	88	79	85	75	75	79	84	72	78	77	71	85	68	73	82	75	77	87	74	72	88	76	66	82	67	66	86	73	62	78	73	69	77	81	64	81	80	67	84	72	73	74	71	86	76	83	103	87	87	77	66	76	69	81	68	77	69	77	79	72	70	72	93	80	68	71	80	71	76	82	73	81	83	80	93	77	82	66	83	75	64	93	62	77	80	71	74	77	72	82	79	82	80	75	81	74	75	69	74	71	79	81	90	83	78	74	78	79	79	74	79	72	66	74	82	79	80	85	80	78	86	77	60	81	72	88	65	80	78	77	70	84	76	83	77	72	78	79	72	86	81	85	78	79	79	70	63	74	82	74	67	75	61	76	75	66	78	79	71	68	76	79	68	82	85	73	74	65	72	77	82	76	70	78	70	72	77	62	65	85	74	84	84	74	73	93	61	59	71	68	94	91	74	72	68	67	75	62	74	83	73	79	78	65	79	73	84	83	78	90	81	70	80	68	76	59	82	72	66	71	72	88	68	84	67	89	74	64	82	69	76	73	73	79	71	82	65	76	87	63	79	72	81	89	78	71	76	93	82	82	74	74	85	74	75	77	82	59	85	69	86	69	79	78	79	83	79	82	66	75	79	69	75	65	77	72	94	87	82	70	65	72	72	78	69	87	71	79	75	81	75	70	86	91	89	76	82	79	70	87	78	79	80	81	79	66	78	76	88	87	75	63	83	76	65	75	83	66	78	66	80	75	94	96	86	67	64	78	72	93	68	72	82	69	71	78	69	84	64	79	70	85	84	74	83	78	78	88	75	70	76
2024.12031904369	80	79	84	81	73	80	83	71	80	81	83	82	78	80	82	77	81	82	77	84	82	74	73	80	72	81	78	83	74	83	82	82	94	82	87	79	84	89	78	84	80	79	85	75	84	69	78	88	76	80	81	86	86	78	77	84	72	81	75	76	75	90	84	85	72	83	84	90	85	81	79	84	88	81	84	77	79	87	84	83	73	69	78	73	87	81	79	89	77	80	83	82	85	79	81	72	74	83	82	80	76	75	75	81	80	73	86	80	83	85	81	87	95	87	83	80	72	81	75	76	68	75	89	78	78	71	79	79	85	78	86	84	79	74	81	86	87	94	65	85	74	83	88	86	82	71	92	78	87	81	77	83	85	73	88	80	86	83	75	81	85	83	78	99	80	87	86	79	83	73	74	86	91	85	73	68	80	75	93	74	71	80	80	82	88	84	95	89	85	73	88	84	91	90	84	76	76	87	85	74	84	82	85	87	83	79	76	83	86	78	81	93	67	76	89	92	84	89	92	82	87	68	77	82	92	73	85	85	81	76	83	90	91	87	71	85	81	84	79	87	91	68	73	88	78	75	75	89	79	81	80	75	80	86	73	85	84	81	81	80	75	84	84	89	75	80	62	86	80	72	87	75	81	73	86	84	77	82	81	76	74	85	85	72	80	80	86	84	81	88	90	85	84	74	78	87	83	79	85	76	83	70	79	75	78	85	83	77	78	85	75	73	77	80	87	84	85	84	76	77	91	87	80	77	85	78	77	80	83	80	85	85	76	73	82	80	82	77	82	89	80	78	77	70	84	75	85	90	76	79	85	76	83	74	86	89	90	74	83	85	84	78	83	80	85	78	92	76	80	78	82	85	79	79	85	74	74	84	80	84	77	80	82	77	84	82	80	95	87	73	78	86	86	74	86	79	76	69	74	80	72	77	85	75	72	74	62	86	79	82	87	89	73	80	82	76	78	70	87	79	79	86	85	69	73	95	73	70	81	87	81	74	87	71	78	85	76	81	69	87	74	81	89	99	89	83	81	79	67	78	75	82	83	80	72	80	82	73	73	77	86	82	75	83	78	77	67	86	86	74	73	80	85	85	78	76	87	76	80	78	75	78	79	76	73	87	78	89	77	76	76	82	89	83	69	78	81	84	82	76	83	79	83	78	79	85	82	78	82	79	89	75	79	75	73	85	85	79	86	74	97	80	88	80	80	67	90	67	78	81	72	73	83	92	83	100	79	77	82	77	89	83	84	83	78	76	72	76	90	80	89	82	100	79	82	82	85	72	83	85	87	79	88	85	73	83	73	81	78	78	76	70	87	78	91	80	78	93	85	83	69	91	84	78	82	79	84	89	72	86	77	80	84	86	83	77	84	80	78	69	80	80	78	90	84	73	87	82	79	78	74	80	87	87	84	86	85	77	73	76	75	80	80	77	91	80	83	72	79	90	76	86	83	78	79	93	80	67	79	82	78	69	81	75	65	81	79	82	71	100	82	81	88	72	82	81	76	79	77	77	83	71	81	79	79	84	80	72	77	81	77	67	87	87	67	77	77	64	88	73	84	78	81	81	85	83	72	88	83	80	75	85	84	85	84	93	89	89	77	65	85	75	81	82	85	75	79	86	74	87	74	92	77	77	78	88	80	81	86	71	84	80	82	94	78	83	67	86	81	77	88	68	85	85	83	80	85	74	91	91	83	86	72	84	81	83	72	80	78	82	87	88	84	74	84	83	84	87	92	92	74	67	76	91	78	83	84	85	83	85	81	73	83	77	87	73	77	73	84	82	83	79	82	87	71	85	87	79	85	87	80	83	74	87	87	76	76	85	75	78	79	68	89	76	62	83	88	84	81	79	83	72	88	83	70	85	82	73	85	88	75	78	80	83	78	77	68	78	85	79	86	92	81	81	88	81	68	78	68	88	88	78	75	72	88	79	81	75	83	81	83	84	75	83	73	82	75	80	87	77	76	80	78	85	70	89	83	72	83	85	87	68	88	72	89	82	79	85	81	77	81	78	82	77	79	79	80	97	72	83	74	75	99	80	73	79	92	83	90	76	67	84	75	85	86	81	70	86	83	95	85	78	74	74	85	79	80	72	70	78	85	77	81	76	76	89	95	81	67	79	74	84	75	84	87	85	83	80	92	79	76	90	92	89	79	87	80	87	85	75	84	81	84	75	65	80	84	87	85	80	73	89	85	75	88	82	77	80	62	82	87	89	88	84	64	75	84	81	96	78	74	80	78	75	80	84	89	76	78	83	84	84	72	84	89	77	93	79	83	85
2024.12546935491	82	91	80	91	79	90	83	76	80	90	91	81	86	83	82	86	85	92	81	84	86	82	86	85	75	85	80	91	80	82	81	81	97	80	91	84	82	90	79	95	87	81	88	85	86	80	88	88	80	86	85	88	79	83	84	91	80	90	83	83	77	85	82	86	80	86	85	90	91	90	78	90	87	81	85	80	86	91	86	88	86	75	84	80	94	84	80	84	81	82	95	82	85	81	87	79	82	91	86	87	83	85	80	91	82	78	92	79	91	90	85	87	93	87	89	82	76	80	80	84	75	85	89	89	89	76	78	80	88	84	86	84	79	82	84	91	80	92	70	88	85	88	93	92	82	73	95	87	92	83	86	81	83	82	87	85	92	87	78	81	86	85	86	105	82	91	85	78	85	77	81	92	96	92	82	76	80	89	93	72	74	87	93	83	90	85	93	97	81	78	90	88	87	94	88	78	77	90	89	81	90	89	89	93	85	77	78	82	86	88	84	97	78	80	94	95	87	84	92	76	87	79	87	87	96	74	88	88	81	82	90	90	91	94	74	88	86	86	79	91	96	69	80	90	83	76	81	90	80	81	84	81	84	86	78	84	85	79	88	85	73	81	87	89	84	80	67	87	83	74	87	84	86	78	91	90	85	81	84	79	80	92	81	80	86	76	87	86	80	84	94	88	84	82	89	89	85	74	87	86	85	76	82	71	87	91	95	85	76	83	85	75	87	88	91	85	87	91	78	86	91	86	82	84	91	71	86	86	82	86	95	82	81	74	89	91	84	86	82	89	81	77	86	77	88	85	91	85	83	78	88	76	84	75	85	90	97	81	83	91	86	87	87	92	88	80	96	84	81	83	84	89	84	74	83	81	78	86	90	94	82	84	83	77	94	78	89	94	80	81	89	89	88	77	90	90	83	75	85	84	80	78	88	76	74	81	73	91	91	80	91	89	74	82	82	80	84	76	89	87	74	86	89	69	74	94	78	77	88	91	80	75	92	77	80	91	80	84	75	84	80	81	92	97	87	95	86	88	79	79	81	89	86	83	78	84	88	77	77	84	92	80	82	87	89	82	79	87	87	78	78	84	81	88	85	78	87	82	86	86	82	80	81	86	81	87	80	90	83	81	80	85	90	89	80	80	90	88	90	80	84	86	86	80	91	87	84	89	86	85	86	82	84	84	75	88	83	90	85	81	98	80	82	83	80	70	87	78	80	90	80	75	87	92	86	97	87	84	85	77	90	86	88	91	84	77	80	84	88	79	92	90	97	84	80	76	89	81	89	82	91	84	88	88	79	84	74	81	83	80	83	79	94	83	89	84	76	91	87	82	73	93	85	85	81	83	87	89	80	92	82	92	83	92	88	84	81	88	75	75	83	91	89	91	88	78	89	89	78	81	81	84	84	88	84	91	88	91	81	88	87	81	76	85	89	81	88	78	80	89	77	89	88	89	84	93	79	83	91	92	86	75	89	82	66	86	80	84	77	97	88	82	91	80	88	84	82	87	81	91	86	79	88	85	87	90	82	78	87	80	84	78	86	91	79	77	84	67	93	84	91	82	79	88	93	86	75	88	90	84	71	89	88	85	87	87	92	92	78	67	88	82	79	85	81	82	74	90	82	88	87	96	77	80	86	86	87	90	86	78	94	81	78	92	86	86	78	83	85	85	82	84	91	89	90	87	89	82	89	94	86	88	77	87	82	86	80	87	85	80	89	86	90	83	88	91	92	91	89	94	81	79	77	89	80	95	83	89	83	91	83	86	87	87	89	76	82	75	90	89	83	91	81	95	73	83	92	84	88	94	76	83	80	91	88	86	80	90	78	77	88	75	89	81	67	84	92	90	81	91	81	76	84	86	74	88	84	78	89	84	76	75	91	87	83	82	84	86	87	84	92	95	86	81	82	91	76	80	76	90	88	80	73	76	93	84	80	71	85	85	84	90	84	89	76	85	80	81	87	79	83	88	89	91	73	93	89	84	90	94	89	79	83	75	84	83	84	90	84	83	81	77	80	79	86	84	82	98	80	84	82	80	97	86	80	91	95	94	97	80	70	89	83	85	92	84	73	87	88	94	85	77	80	72	89	80	80	79	78	85	91	83	92	74	76	89	103	90	83	84	82	86	87	84	87	89	81	83	92	84	83	94	96	90	81	86	84	88	92	87	83	85	82	78	67	79	95	89	88	83	82	97	91	79	90	81	84	81	67	81	94	89	90	85	77	82	84	81	102	89	82	85	86	85	79	87	89	80	81	87	85	85	78	87	95	88	97	88	87	87
2024.13061966612	82	90	72	83	80	90	76	76	72	90	88	82	88	81	83	83	86	90	72	89	80	79	85	82	73	82	76	90	84	71	83	82	94	84	90	79	81	86	78	94	86	79	83	86	84	78	88	85	77	81	82	82	75	82	85	87	74	87	80	81	72	83	76	84	78	79	81	84	86	88	73	88	81	79	76	76	83	87	84	87	85	76	78	79	92	85	74	82	81	77	93	83	85	71	81	75	77	90	81	81	86	86	74	92	77	77	82	75	93	84	86	79	84	79	86	75	76	75	74	81	73	86	90	88	84	77	77	75	82	83	86	78	75	77	77	90	70	80	71	83	87	84	91	89	80	76	87	88	90	83	83	82	78	82	81	84	89	87	78	83	86	82	80	93	74	90	89	73	84	80	84	83	91	84	79	80	79	84	90	79	76	82	90	80	86	81	84	88	79	79	85	76	79	88	87	77	77	87	84	89	86	89	85	90	84	79	80	80	86	88	80	93	74	76	86	87	87	82	86	70	82	81	86	83	91	71	78	84	83	75	89	84	87	92	76	89	82	83	75	86	91	64	79	85	82	71	83	86	75	83	80	83	80	77	79	79	76	82	85	82	69	78	79	85	77	79	67	80	76	73	82	79	82	80	90	82	81	79	79	77	77	84	75	78	83	74	76	83	75	83	88	89	81	79	85	83	82	69	78	84	82	75	78	64	88	82	93	87	76	81	86	68	81	77	88	83	71	87	77	83	87	77	78	81	87	69	82	81	83	83	93	78	80	71	82	85	80	83	80	89	79	78	83	75	87	86	86	83	85	69	83	71	80	73	84	86	91	81	70	91	84	82	85	90	83	83	91	83	79	82	84	84	83	66	80	84	76	83	90	89	72	80	80	79	89	75	84	92	70	76	88	86	80	76	85	88	80	70	87	78	81	76	83	73	73	81	77	90	90	80	87	85	72	78	81	73	78	71	81	85	69	86	83	66	72	92	80	75	85	88	71	75	87	73	85	88	73	82	76	82	77	78	87	91	82	93	83	85	80	79	81	86	79	79	77	84	80	80	80	82	90	72	80	80	85	72	80	76	85	78	77	84	75	82	80	78	82	82	83	80	80	77	78	84	76	87	78	86	90	80	76	82	84	86	78	85	90	84	84	77	74	88	83	85	87	78	81	82	81	84	85	76	82	77	74	84	86	88	89	89	92	79	75	76	81	77	77	74	76	88	74	68	87	86	83	90	88	78	78	73	85	84	84	90	83	81	81	84	81	75	87	87	90	82	84	69	89	81	80	78	89	82	79	83	80	81	72	77	86	78	78	79	92	82	77	80	75	81	85	71	78	91	78	80	75	80	82	85	76	79	78	90	79	89	84	78	78	82	76	70	79	85	84	85	84	80	81	82	69	81	81	80	77	86	89	89	84	91	82	85	87	82	74	84	77	79	85	79	75	84	81	86	84	84	79	90	79	82	87	91	81	76	87	77	63	79	76	80	75	90	80	73	87	78	80	79	75	84	81	91	81	77	84	84	82	86	75	77	86	71	82	74	74	89	80	79	85	64	92	81	87	82	76	81	88	84	73	79	88	82	64	89	87	82	79	87	86	87	76	76	83	80	82	86	75	80	69	87	77	86	86	92	72	75	89	84	83	88	86	77	89	81	75	80	81	77	74	83	83	87	75	81	86	87	86	86	85	86	86	90	77	80	74	82	80	86	81	81	80	84	86	82	83	78	89	93	89	89	84	93	84	80	77	86	79	93	79	87	79	82	82	85	90	86	79	73	72	65	86	87	76	90	83	91	76	80	90	86	78	93	74	79	77	86	86	84	73	85	75	79	83	73	90	76	67	84	89	83	78	90	82	76	83	81	78	86	78	80	84	83	73	76	85	84	82	72	81	86	71	81	79	89	84	78	75	92	80	80	80	85	85	78	69	76	91	82	75	64	82	85	80	88	83	80	83	79	74	76	82	79	86	77	88	88	71	86	87	82	86	92	79	74	82	73	82	80	82	85	83	81	78	80	84	78	84	82	83	92	81	80	77	77	91	81	79	90	87	87	91	73	77	87	80	83	90	85	71	80	84	92	78	77	77	79	83	75	81	77	78	86	91	90	89	67	79	87	97	88	82	82	86	83	87	89	82	89	82	81	86	82	81	88	91	91	79	74	78	86	84	87	83	82	80	74	76	75	94	79	84	86	79	88	89	83	83	83	81	76	67	79	92	87	86	76	74	80	78	79	97	88	86	82	80	80	75	87	81	77	81	84	83	78	77	79	88	83	93	83	84	86
2024.13576997734	76	83	70	83	77	86	72	76	71	89	81	79	89	85	76	82	83	89	61	88	81	81	85	78	82	78	75	89	82	64	79	79	90	83	89	74	75	78	81	93	78	85	85	79	85	85	82	85	79	83	78	81	73	84	81	87	71	77	82	81	70	84	78	82	84	78	79	79	79	81	71	86	80	82	74	75	87	82	83	78	85	79	80	83	87	80	69	76	78	72	93	76	82	71	82	74	80	89	79	80	82	79	70	93	72	80	77	76	87	81	83	72	72	72	87	78	78	76	70	82	76	85	84	89	83	83	74	78	80	82	79	76	74	80	81	83	62	78	80	85	84	89	88	83	80	80	80	87	84	82	83	75	76	82	80	83	83	86	79	78	86	68	80	87	75	89	88	71	82	81	82	74	86	83	78	81	74	84	88	82	79	84	88	78	80	79	72	84	73	81	69	69	78	84	86	78	79	84	84	86	80	86	81	85	82	80	82	77	86	82	80	88	80	79	87	80	83	76	87	61	83	80	83	84	79	72	74	84	78	76	86	67	83	87	79	81	79	80	74	82	86	66	83	69	83	63	75	78	78	78	77	75	81	67	81	77	74	77	79	83	70	74	75	81	78	74	69	74	70	76	83	79	79	77	83	84	80	78	81	73	80	83	68	84	77	77	69	80	76	79	79	81	79	81	83	78	68	69	63	86	68	76	72	65	82	79	93	83	70	75	85	62	82	79	82	77	71	87	78	83	83	77	77	85	87	65	78	83	77	77	91	82	77	72	85	78	82	82	80	76	77	78	82	78	86	85	79	84	86	69	85	76	78	71	83	81	81	84	69	90	83	79	84	87	85	79	79	82	77	83	72	84	78	66	74	82	74	81	86	87	72	77	76	66	87	74	86	92	62	75	89	84	79	76	81	86	86	71	84	80	81	75	84	73	76	84	84	83	83	76	82	81	83	78	81	76	74	65	82	82	69	79	80	58	83	92	77	70	83	82	66	75	85	76	86	90	76	82	79	81	80	69	84	85	84	93	77	78	76	78	84	86	78	81	73	84	76	81	82	81	88	68	80	81	83	70	76	69	80	74	80	83	68	80	83	74	83	77	77	81	80	77	76	80	75	86	77	84	90	78	79	81	74	87	85	86	89	87	83	79	76	83	86	86	81	63	83	82	79	82	84	75	87	78	71	86	76	85	88	86	91	74	74	70	79	70	78	80	75	92	71	62	86	87	86	84	91	81	71	73	87	82	87	89	84	83	81	85	75	76	84	86	84	85	83	71	86	81	74	82	86	80	78	85	77	81	83	71	82	77	69	79	90	84	78	81	75	69	85	64	77	86	78	83	74	76	77	81	80	73	82	87	76	83	89	81	74	80	74	71	77	78	83	83	87	77	82	85	69	82	84	77	73	85	88	84	84	91	83	85	82	85	68	83	78	77	87	79	78	83	83	84	74	83	72	88	76	78	81	84	84	79	84	81	63	78	73	82	76	84	76	71	87	84	76	81	76	81	78	91	82	78	85	87	72	82	69	73	83	66	81	80	69	88	76	66	81	76	97	78	87	84	73	81	80	83	82	78	86	85	65	85	86	78	75	73	86	84	75	76	85	80	77	86	68	80	69	88	80	85	83	86	68	75	86	81	82	81	79	74	87	78	74	78	84	71	80	83	80	83	74	79	83	84	85	78	81	85	81	86	71	79	76	77	79	81	81	80	83	83	81	80	78	84	92	87	85	86	84	90	82	76	79	81	75	93	76	84	76	79	84	85	89	83	68	73	72	63	82	92	72	83	79	82	80	74	84	84	74	82	68	76	76	82	85	86	76	89	78	74	81	76	84	76	69	82	87	76	75	83	75	78	79	82	78	84	75	84	84	79	73	74	78	86	83	70	79	84	71	78	73	83	82	69	74	93	81	81	78	69	86	77	70	78	88	85	76	65	68	82	78	86	84	74	79	74	70	79	83	75	82	79	89	90	72	84	83	82	85	87	68	74	75	82	76	76	84	89	79	83	69	79	83	74	77	83	83	91	81	78	80	74	85	83	77	83	80	78	81	76	70	85	82	82	88	80	72	74	89	92	79	73	80	82	80	73	79	80	84	89	90	90	89	68	78	82	94	92	78	83	85	81	82	88	77	86	75	85	87	85	81	84	79	83	78	69	80	85	83	82	80	78	76	75	76	73	93	68	86	78	78	84	84	84	76	79	82	79	69	78	90	82	80	74	77	80	76	82	85	89	85	83	80	77	73	83	76	79	80	86	77	78	73	75	89	81	88	81	86	87
2024.14092028855	74	81	67	80	74	86	67	78	64	87	78	84	89	84	73	79	82	85	61	87	78	89	81	73	78	75	70	89	78	63	81	84	88	81	89	74	69	77	73	92	76	87	90	87	83	81	77	83	78	85	75	72	76	84	81	88	73	81	80	83	66	83	79	84	83	74	79	79	78	77	74	84	78	81	70	75	81	77	82	81	81	80	76	83	84	79	67	73	79	67	89	73	84	72	87	76	80	89	78	79	85	87	68	94	67	80	72	71	80	81	82	66	58	66	87	80	81	85	68	81	73	80	83	87	77	83	73	74	81	86	72	76	66	80	83	86	54	76	78	90	76	87	87	87	82	83	79	90	83	81	82	76	71	84	78	82	87	86	77	79	84	71	82	86	71	89	87	74	79	78	80	69	79	83	78	87	75	87	83	83	80	82	88	68	75	79	58	81	54	74	52	67	74	81	84	77	77	85	86	81	81	78	82	85	79	75	83	70	84	77	78	81	80	78	88	79	85	73	83	48	85	82	81	84	66	73	66	82	79	76	86	69	74	84	80	78	78	76	66	78	79	62	83	52	86	67	69	77	74	79	79	69	76	66	74	79	70	80	83	83	70	79	69	78	76	75	70	71	69	80	85	77	78	79	86	84	69	74	70	74	76	83	65	83	78	77	68	76	85	74	65	78	81	89	80	73	71	70	59	88	71	78	64	64	85	79	89	91	71	68	80	67	82	78	69	73	69	88	77	82	74	72	74	92	81	62	81	85	73	78	91	80	72	73	80	74	82	79	82	79	80	76	79	83	84	85	78	83	88	69	90	74	77	67	84	84	79	85	57	89	82	79	80	86	90	81	66	85	80	86	68	86	71	67	66	80	77	80	86	81	71	79	70	56	81	73	87	89	54	75	87	85	78	74	75	81	83	70	76	76	81	68	83	75	80	85	86	86	81	74	77	78	86	78	78	75	73	59	82	88	70	72	76	56	86	89	79	74	80	69	61	80	84	74	86	90	75	80	80	78	76	75	78	84	82	89	78	77	77	73	88	82	74	86	75	86	77	78	85	79	88	54	82	79	80	65	77	68	79	80	80	77	65	81	77	77	85	69	78	84	92	80	70	82	75	90	74	82	88	79	78	75	77	87	81	86	87	83	80	78	80	79	71	86	78	59	82	84	78	81	80	77	85	76	69	85	75	86	87	81	92	75	59	69	74	75	76	80	70	91	73	67	86	83	71	80	94	77	73	68	93	81	83	89	82	89	84	89	65	71	78	89	80	80	81	72	88	85	70	80	82	81	77	90	74	76	86	64	85	74	58	75	89	84	83	76	76	68	84	63	74	85	78	77	71	74	74	78	81	67	83	86	77	87	87	77	79	77	72	70	79	74	77	84	83	79	82	80	69	81	85	79	70	87	87	79	82	93	85	82	84	86	55	79	83	80	87	83	74	79	89	85	80	77	75	83	75	71	78	80	85	80	85	76	67	70	78	82	77	80	77	73	87	83	77	70	76	83	79	93	91	78	87	82	64	80	70	75	81	61	79	80	69	81	77	56	81	77	97	75	88	74	69	83	77	93	78	77	87	85	64	85	84	78	69	66	83	78	68	74	90	82	80	86	65	82	70	84	80	87	86	76	71	72	82	72	84	77	80	67	81	74	73	76	85	76	80	82	85	91	59	83	81	79	85	76	82	75	79	90	76	78	74	74	79	86	81	79	77	81	84	70	76	83	94	80	86	82	82	91	80	77	77	79	74	89	77	79	66	79	86	81	83	81	63	79	71	64	80	95	67	81	81	78	83	66	83	84	66	86	55	66	68	78	87	88	75	80	78	72	81	73	83	79	70	83	79	79	78	81	76	81	74	91	76	84	73	81	86	74	75	72	74	85	86	65	83	87	69	70	67	81	80	75	59	94	87	80	81	52	77	74	70	81	87	80	85	64	71	78	77	84	84	70	78	74	68	73	85	67	85	78	87	90	77	82	80	88	85	86	63	73	71	78	73	70	84	80	79	82	75	80	81	73	74	84	81	92	84	77	80	79	84	85	73	81	79	70	79	75	75	83	80	83	88	79	77	71	87	89	78	71	76	83	76	76	74	79	84	94	89	88	86	62	79	74	91	91	71	84	75	80	84	87	75	88	76	84	83	80	83	81	66	77	79	69	76	87	83	84	78	75	73	77	74	75	92	63	85	83	78	81	85	86	76	81	82	73	70	74	89	74	75	70	75	92	76	81	77	87	75	83	82	74	75	85	70	78	81	85	73	78	75	69	90	80	81	81	85	77
2024.14607059977	71	77	57	69	67	78	62	76	61	87	71	82	84	78	69	75	78	83	50	84	74	85	81	73	74	72	66	84	77	57	74	82	78	73	81	59	67	66	67	84	73	81	86	83	69	77	69	76	76	76	72	67	72	79	73	88	71	81	72	83	63	80	72	74	76	68	73	62	69	76	68	84	65	67	60	68	71	69	77	78	81	70	75	76	71	69	59	64	72	59	84	69	75	68	82	68	78	84	73	76	81	83	65	88	59	75	73	63	75	69	78	55	52	55	80	73	73	80	65	79	69	70	80	81	73	77	66	71	72	83	67	70	61	78	73	79	53	69	74	86	67	81	77	84	77	74	79	83	73	80	69	65	64	78	65	75	84	75	72	74	78	63	78	75	69	81	76	68	73	71	71	67	76	75	73	86	63	82	79	80	75	82	83	63	58	73	52	72	50	70	42	59	67	69	68	76	74	78	83	70	73	74	74	79	73	70	77	65	70	69	67	66	74	80	87	79	75	64	76	43	81	79	79	79	54	74	64	71	74	69	80	65	64	71	75	66	67	65	61	72	76	55	76	42	78	64	66	66	71	74	75	66	71	52	70	75	60	75	79	82	68	74	61	74	73	63	68	67	62	79	81	76	67	73	79	72	58	62	63	73	69	75	59	76	71	75	64	65	80	66	62	66	75	85	76	68	63	64	49	88	63	69	52	62	84	70	84	84	67	66	70	64	73	73	63	62	63	88	76	69	64	64	66	83	80	59	76	76	66	71	84	73	62	74	74	72	71	75	77	72	75	70	75	74	68	74	69	80	85	61	86	74	68	63	79	74	72	73	57	76	77	69	70	73	86	70	54	75	75	78	62	83	64	61	68	71	75	72	78	72	67	75	65	52	72	69	84	86	53	72	81	76	73	65	61	76	77	67	67	67	72	67	80	63	79	73	82	79	77	66	69	74	77	78	64	71	71	58	71	76	64	67	59	57	77	86	73	76	69	63	52	73	80	69	78	84	71	74	70	71	69	65	72	74	72	84	79	73	79	70	81	73	68	81	68	81	72	71	82	66	84	49	79	73	76	64	79	64	71	72	75	73	59	72	76	73	81	66	71	73	89	68	59	74	72	78	71	71	78	71	80	68	74	80	77	78	87	73	74	76	73	73	63	78	78	49	77	72	73	77	70	71	74	73	65	78	72	81	76	70	88	63	57	62	71	73	70	74	66	83	71	64	75	76	63	76	91	65	74	63	92	73	73	84	77	82	73	83	64	63	72	74	76	77	73	63	80	75	66	73	77	77	64	86	67	67	77	56	78	71	55	71	85	79	71	71	70	65	77	57	71	76	71	76	65	67	73	74	77	64	80	73	73	84	81	65	74	67	68	67	78	72	73	79	73	73	71	74	61	73	73	75	59	82	84	70	71	86	74	78	82	81	50	75	71	75	82	76	71	70	82	76	73	73	71	79	67	68	78	75	76	70	79	70	58	65	71	71	70	76	72	64	80	76	72	63	69	82	72	86	80	69	78	77	62	65	64	68	79	52	66	74	65	74	79	52	73	73	92	71	88	68	61	78	70	89	74	64	88	75	62	82	68	73	61	52	75	72	67	66	86	79	75	80	59	79	64	70	78	82	76	71	68	65	76	72	77	76	74	61	72	73	69	69	76	67	74	70	79	84	57	81	74	73	75	73	74	75	70	84	67	73	72	73	73	77	72	76	76	73	79	59	69	76	91	75	78	77	80	87	71	79	74	70	70	84	73	73	60	70	77	81	74	79	55	75	67	58	65	85	62	77	74	72	74	68	73	77	64	81	50	60	58	72	82	88	71	73	73	68	80	69	80	75	68	75	70	73	75	77	65	73	66	80	70	77	77	72	83	66	63	68	72	76	78	64	81	82	63	66	64	75	75	65	57	88	86	73	78	42	68	71	68	73	77	77	80	62	63	76	68	84	75	66	74	65	65	65	81	61	81	73	81	84	71	80	72	80	75	81	55	68	69	74	64	65	82	73	72	75	65	77	73	75	66	80	78	88	73	68	78	72	74	76	68	77	79	60	72	71	73	70	72	73	84	69	71	67	81	86	73	71	69	80	59	71	71	77	74	85	76	78	85	57	72	68	81	83	68	80	75	72	82	84	64	80	65	78	76	77	83	69	54	70	75	65	67	82	75	82	70	72	67	70	66	74	84	55	78	75	73	72	82	71	70	74	76	65	68	62	85	68	58	60	71	89	70	67	67	81	75	82	78	67	74	75	74	76	79	76	62	71	68	61	81	77	66	80	76	71
2024.15122091098	61	70	61	66	62	67	62	63	65	77	60	72	83	67	59	74	73	75	46	75	66	76	80	71	66	73	62	76	68	57	65	72	69	63	76	63	63	56	68	78	64	74	80	68	62	66	65	68	68	68	73	64	63	70	64	86	66	74	68	73	61	70	64	70	69	72	63	50	61	73	63	76	65	68	51	60	58	56	63	69	80	68	71	72	65	61	52	55	61	62	73	59	69	64	68	65	63	76	69	69	73	68	58	82	62	72	70	62	71	60	73	48	51	48	68	70	64	78	58	67	65	59	74	76	71	68	54	61	56	69	51	62	52	63	65	64	48	55	71	80	65	75	73	76	65	69	63	74	69	71	63	58	54	62	65	64	76	70	64	65	73	59	78	68	66	76	65	63	62	62	59	60	69	66	61	80	59	76	73	73	75	74	72	61	57	63	51	64	49	64	43	52	62	58	60	65	64	67	71	67	63	63	65	72	62	64	72	58	64	65	63	63	68	72	82	63	71	55	69	42	75	69	70	71	53	66	58	66	65	66	66	64	56	65	75	59	61	61	52	61	69	48	72	43	70	64	59	56	61	65	63	59	70	53	64	68	51	57	69	74	61	64	58	63	71	59	60	64	52	81	75	69	61	64	64	66	52	60	62	70	62	66	50	69	65	59	60	61	78	58	57	59	69	76	69	63	59	52	45	81	59	60	56	61	75	70	73	82	61	57	59	65	61	66	59	58	60	86	65	63	56	57	59	75	74	60	64	68	62	65	71	74	59	66	63	68	68	74	65	68	62	66	74	63	60	72	61	70	75	58	80	69	66	60	66	67	65	64	57	73	63	59	65	73	80	68	53	71	62	70	63	71	57	60	62	59	70	72	67	72	60	63	60	49	72	59	80	72	48	69	76	64	65	63	52	68	71	55	65	62	67	59	72	61	81	64	76	64	70	57	56	63	72	70	56	63	58	54	66	71	52	51	58	55	72	72	64	65	64	59	53	70	76	67	71	76	63	69	68	65	62	61	62	63	63	73	68	66	75	64	77	69	72	77	59	73	69	62	76	63	78	54	71	66	69	60	75	60	62	69	72	65	50	56	70	65	75	59	65	65	74	67	54	60	69	73	62	60	74	61	72	56	65	68	66	71	77	64	65	68	65	65	53	71	74	45	66	64	69	68	57	63	70	71	65	69	64	73	65	67	73	59	57	52	68	68	59	68	62	73	66	65	70	69	53	73	77	57	64	60	83	66	64	76	68	75	71	67	61	62	62	66	73	66	63	63	74	71	62	74	65	68	59	80	62	63	72	59	77	62	50	67	75	70	63	70	57	54	62	57	67	68	65	70	63	66	63	63	71	59	71	73	66	76	75	57	64	58	69	55	76	68	71	73	64	64	66	63	58	71	64	63	43	73	75	59	66	84	68	73	76	76	46	67	63	62	75	71	61	64	75	64	73	71	66	73	65	65	74	69	68	68	73	63	61	53	67	68	52	73	69	58	69	69	69	62	66	74	61	84	74	63	72	63	57	63	56	59	70	53	63	68	52	72	75	49	64	68	81	68	86	63	51	73	64	81	66	59	80	64	61	82	60	68	58	53	65	62	59	65	80	71	57	75	50	71	52	61	63	73	69	60	61	60	65	60	70	73	70	55	72	63	59	55	68	64	68	69	72	82	57	76	62	69	72	64	65	71	63	73	64	65	67	63	65	69	67	69	70	63	63	56	60	69	76	71	71	65	74	73	59	75	64	63	61	73	66	69	54	70	71	80	70	70	53	70	60	55	63	81	62	70	65	70	69	62	69	71	58	70	46	54	54	61	73	81	63	73	66	67	72	65	74	68	60	79	72	68	71	70	58	64	58	74	61	71	69	65	71	58	61	69	68	63	70	60	76	76	60	63	59	71	67	61	57	82	80	66	73	43	60	62	61	64	73	66	78	61	59	70	66	76	68	62	65	54	58	65	75	56	73	66	76	76	64	71	65	74	72	71	53	65	61	66	55	60	74	73	67	67	61	77	63	60	58	70	67	73	71	66	63	62	63	68	60	70	63	57	65	63	68	57	68	63	78	61	64	64	75	72	69	63	62	73	58	67	68	69	71	72	73	74	80	56	68	55	77	73	65	70	71	72	76	75	60	74	58	67	69	66	73	58	53	64	66	52	62	73	66	76	61	73	61	64	65	69	78	53	69	66	61	64	70	68	64	65	62	65	60	60	75	55	57	51	63	74	62	68	61	76	71	74	78	65	69	71	61	68	71	63	58	65	59	58	75	69	63	72	63	70
2024.1563712222	58	60	50	56	53	53	54	49	59	63	57	57	67	51	55	66	57	55	50	66	56	64	69	56	57	57	61	59	62	47	53	57	59	55	69	55	55	43	62	65	54	53	61	63	51	64	54	59	60	56	57	58	59	65	59	71	47	65	53	66	54	61	44	55	66	53	55	40	60	59	51	57	50	55	45	51	50	43	53	60	69	61	64	61	54	51	52	43	52	57	59	55	59	55	60	56	58	59	62	62	69	63	49	75	57	58	61	51	59	49	57	34	49	34	56	61	57	71	49	63	56	49	61	63	59	57	45	56	45	65	48	57	46	58	58	53	43	45	60	61	56	64	68	54	57	60	52	56	53	54	55	52	49	57	50	56	54	58	52	55	57	56	68	50	57	69	56	51	57	53	54	52	53	50	58	70	55	67	61	57	61	60	65	52	47	55	49	58	43	60	45	47	59	53	51	62	54	59	57	59	54	51	54	62	57	53	63	46	60	54	51	54	58	60	61	52	67	43	58	38	56	65	59	60	46	55	51	48	55	55	58	49	44	54	61	46	50	53	46	50	53	44	61	45	60	58	59	43	56	55	53	59	66	49	60	59	45	49	55	51	52	55	53	47	64	55	52	47	49	69	56	64	50	60	53	52	48	54	48	65	51	50	48	66	44	53	46	53	71	52	52	46	62	64	64	56	56	48	37	71	56	46	53	52	66	52	59	64	51	49	49	56	60	54	53	51	52	71	62	55	44	51	44	68	58	57	58	56	52	44	57	57	56	55	59	60	62	66	57	61	56	58	66	56	51	62	60	61	64	47	61	68	52	46	53	56	56	63	54	64	53	58	60	63	61	65	46	64	56	60	51	57	53	53	53	54	58	60	53	60	48	53	56	48	60	52	63	48	43	62	63	55	52	58	50	62	62	59	56	50	65	51	57	56	69	63	73	53	60	59	43	47	54	62	49	55	51	51	64	58	48	48	43	48	54	48	60	61	53	53	43	66	63	60	62	63	55	55	61	50	51	51	56	51	52	59	61	59	59	52	67	58	53	66	50	64	52	53	72	55	63	48	62	54	64	50	59	46	53	60	58	47	48	45	55	54	56	52	44	60	66	54	48	57	62	64	59	47	63	50	60	50	49	56	64	62	63	49	48	60	57	58	52	62	60	37	51	55	62	57	45	54	61	64	48	49	57	60	56	59	59	55	43	49	54	58	49	58	61	63	47	56	58	58	52	56	73	53	57	58	71	55	49	59	59	62	63	58	53	51	56	49	56	56	55	55	64	57	54	57	54	56	51	61	53	54	54	55	63	59	46	59	61	65	55	66	54	43	49	47	61	57	53	55	54	57	49	47	59	49	52	63	53	54	64	53	55	49	57	59	65	60	59	61	49	60	64	59	47	61	63	53	46	59	66	52	48	65	57	59	61	64	41	55	55	56	66	56	56	52	62	55	63	59	62	61	53	58	60	54	60	61	56	57	51	47	59	62	46	56	52	52	54	66	52	48	55	63	52	65	65	53	56	53	50	57	39	50	59	43	55	58	47	62	59	48	59	59	65	58	71	56	42	65	54	62	57	51	71	53	52	71	51	56	53	37	49	56	51	64	61	62	49	62	48	62	48	56	58	59	59	43	57	52	62	51	63	59	48	55	60	49	52	45	60	55	58	58	57	64	43	63	56	56	66	54	54	63	51	57	55	52	52	49	51	60	65	62	55	55	53	43	55	61	65	59	61	54	59	58	54	59	54	51	54	59	53	56	57	52	58	69	63	59	49	57	48	46	57	71	54	60	53	59	60	53	53	55	51	63	41	57	56	50	59	71	55	57	54	54	54	56	61	61	52	58	62	60	59	60	52	57	52	65	59	58	65	57	57	52	56	57	60	57	60	50	63	74	52	53	49	57	51	51	43	75	70	58	61	45	47	59	52	57	68	56	71	52	56	55	52	57	60	54	58	45	49	56	56	52	69	54	63	63	58	61	56	70	66	68	49	59	48	57	43	56	65	57	64	53	51	60	55	57	50	61	56	59	63	52	58	50	51	56	52	60	52	50	56	55	58	43	53	57	63	51	58	47	64	48	58	49	51	57	43	56	54	55	61	65	64	63	67	54	59	43	60	63	58	61	63	60	61	66	50	64	52	51	58	56	66	53	46	56	53	47	50	59	50	61	50	57	51	47	64	50	65	49	49	65	58	58	56	59	55	53	57	56	52	54	61	43	47	45	58	66	57	55	48	63	63	51	68	54	50	67	50	60	56	57	51	53	50	53	59	53	54	54	57	59
2024.16152153342	49	52	45	48	42	44	51	44	49	48	46	54	52	39	47	49	46	48	48	55	41	56	56	48	46	50	45	60	50	46	43	54	46	42	58	46	43	38	49	52	43	45	50	58	48	60	51	49	50	47	50	45	42	48	53	53	43	51	44	48	43	39	39	45	63	48	44	42	56	48	47	48	40	43	47	47	46	43	44	56	56	57	54	49	42	48	48	44	48	53	47	47	40	51	50	57	48	60	45	51	59	58	51	57	53	50	47	41	50	42	46	35	35	35	47	53	50	57	51	51	43	46	46	52	47	52	43	50	44	52	44	47	46	48	48	50	37	38	53	50	54	54	50	44	48	57	48	53	49	48	54	47	40	53	40	45	44	44	40	47	46	52	61	42	49	58	40	47	42	52	52	42	43	45	44	58	54	56	51	52	55	43	49	51	50	44	35	46	41	53	48	48	46	41	44	52	44	43	50	56	50	47	45	42	42	48	50	43	49	51	45	40	52	56	49	48	44	44	42	39	52	57	50	44	40	47	46	44	47	49	46	44	40	42	55	48	37	47	46	43	43	45	49	48	46	45	54	38	50	47	41	54	49	48	53	45	47	45	45	47	47	49	47	37	56	54	49	44	45	54	52	52	37	56	50	45	46	42	51	53	48	45	42	63	44	44	44	47	57	40	40	48	49	56	52	49	52	43	39	55	52	44	54	45	51	45	47	53	40	44	46	48	56	53	54	43	45	53	52	54	40	44	40	50	51	52	50	47	46	44	48	49	52	47	42	51	46	49	48	46	49	47	49	48	44	51	56	39	56	42	50	52	40	42	45	38	41	53	50	47	44	54	51	50	50	52	40	55	49	46	54	50	45	48	42	52	51	48	44	58	42	41	45	50	58	45	52	38	37	51	52	45	39	58	44	52	48	52	54	46	55	45	47	48	54	53	62	50	52	49	43	37	48	51	43	47	45	52	45	47	43	44	39	41	48	38	56	50	51	54	43	52	50	56	50	46	47	47	57	37	48	42	57	42	48	47	48	47	53	48	57	41	48	43	44	46	46	52	62	48	53	48	49	44	52	43	53	44	50	56	50	42	42	44	45	48	52	49	44	46	54	49	44	53	51	53	50	35	54	45	56	43	41	47	60	50	48	42	40	50	47	48	47	50	52	39	49	56	45	46	44	49	47	56	48	45	51	49	40	56	41	54	42	45	50	58	44	52	45	59	43	48	44	42	47	42	54	50	46	50	46	51	42	60	47	55	51	52	48	41	57	44	42	47	42	47	41	47	48	49	45	41	40	50	42	49	48	45	50	50	49	57	50	48	43	49	48	39	45	46	52	47	47	45	45	51	40	37	49	42	48	50	46	44	54	50	49	46	45	52	52	51	47	50	42	56	45	42	42	49	53	41	42	34	55	50	44	58	49	46	56	49	43	48	43	49	49	47	50	39	55	45	50	47	55	51	47	57	52	50	50	57	52	50	47	44	51	46	44	42	46	53	39	63	46	51	49	63	48	58	56	44	48	49	44	42	39	44	50	43	48	52	36	42	53	50	53	54	54	55	53	46	39	47	43	47	46	40	46	45	45	55	44	45	47	40	40	57	45	58	50	49	45	46	42	49	43	40	48	34	50	43	54	44	50	44	49	48	41	53	58	44	45	38	50	46	52	49	44	53	42	57	42	47	50	43	45	56	37	46	46	39	51	40	43	45	55	51	45	42	42	38	47	56	51	50	49	45	35	39	52	53	44	37	50	47	46	47	52	45	50	56	58	50	50	44	42	45	42	54	51	52	43	47	57	42	49	51	46	47	43	52	53	43	34	55	47	48	49	46	47	43	46	53	49	54	54	49	42	52	47	50	40	56	58	38	44	51	50	40	48	45	51	47	46	43	57	56	45	37	42	44	39	42	42	57	58	49	53	48	41	50	47	50	50	47	57	45	52	44	40	48	47	48	53	44	51	48	52	46	59	53	52	46	45	42	43	61	50	55	50	53	38	46	44	45	55	48	52	49	42	53	42	45	43	40	47	41	51	40	48	49	42	47	45	52	48	44	41	47	58	40	44	47	53	48	45	44	54	38	45	45	48	52	39	50	50	45	55	59	47	54	49	50	56	45	47	59	57	40	56	48	56	55	43	41	47	39	42	47	48	41	40	52	41	36	46	34	45	56	46	50	47	45	58	40	52	50	45	56	44	46	44	48	43	43	41	48	49	42	50	45	50	47	61	54	47	43	40	52	56	47	61	48	40	44	42	50	51	47	43	47	44	47	45	52	40	47	47	47
2024.16667184463	39	35	36	26	28	23	38	30	38	32	27	40	38	28	38	32	30	26	34	34	33	42	38	36	35	37	33	41	36	35	33	40	31	33	37	31	29	30	39	29	31	33	35	41	32	43	33	36	34	34	37	29	32	34	35	34	30	36	29	29	29	30	28	29	44	38	27	30	33	32	38	34	29	31	36	36	34	31	32	42	38	40	36	37	27	33	33	33	36	37	30	38	30	42	35	40	30	41	27	34	39	41	35	31	37	35	28	33	35	26	30	27	24	27	26	36	40	41	35	31	30	26	28	32	32	34	31	35	29	34	38	38	37	30	36	36	28	27	35	35	41	32	28	27	36	48	33	40	34	35	32	34	28	35	29	30	27	32	24	34	37	38	40	21	28	37	31	38	26	37	33	30	23	31	26	43	46	40	39	42	42	30	29	37	36	27	24	26	30	38	32	33	36	29	30	37	33	30	30	41	26	38	35	28	26	36	40	33	36	33	32	27	36	36	34	33	31	33	32	29	38	36	32	28	25	37	33	31	34	33	31	35	25	27	42	33	26	36	37	28	23	33	37	32	33	35	39	30	35	34	28	39	37	34	38	37	36	36	29	35	31	36	31	29	39	46	36	33	33	37	38	34	26	43	36	31	29	30	39	36	34	31	30	44	29	34	32	36	41	29	26	33	36	42	33	31	38	32	27	31	38	33	46	35	37	32	30	36	32	33	26	35	33	37	42	30	34	34	37	32	25	34	29	36	37	41	29	34	31	29	27	34	41	37	28	35	30	32	36	36	37	33	32	33	30	30	33	30	38	33	35	41	31	32	32	28	27	41	42	33	32	35	37	34	35	39	25	44	37	33	40	30	30	39	32	33	38	30	23	34	28	28	32	39	34	30	35	27	28	34	32	26	26	43	37	30	33	36	41	35	37	29	30	37	37	41	45	36	35	33	31	29	39	36	32	33	30	36	30	30	32	38	24	28	39	27	43	36	37	42	31	39	34	37	37	30	33	32	40	32	34	33	37	27	31	30	34	30	31	38	43	33	38	31	27	34	32	37	46	32	36	37	33	30	33	27	31	32	40	45	35	32	30	29	28	36	38	33	29	27	39	32	33	35	34	44	34	26	40	29	36	30	32	26	43	37	32	28	31	34	32	30	35	37	31	27	34	41	27	32	29	31	35	39	39	30	41	32	31	41	34	46	33	33	36	44	35	36	33	41	30	35	32	32	35	30	39	36	32	41	37	38	28	41	35	43	36	34	32	33	37	32	30	32	33	34	31	32	37	34	30	34	25	35	28	34	39	36	37	34	36	42	27	34	28	37	36	30	36	35	38	33	37	28	36	41	30	29	32	25	34	34	36	27	32	36	36	32	31	36	35	35	32	33	28	43	30	28	33	31	41	28	31	26	34	32	31	33	34	24	38	38	34	37	28	37	34	31	35	30	43	26	31	32	38	39	32	30	31	29	28	40	28	35	40	30	38	30	33	30	32	42	25	44	32	39	33	46	36	33	43	30	27	33	27	26	30	27	32	31	32	36	28	27	31	39	35	43	32	34	34	32	31	28	24	36	35	25	32	29	35	37	30	29	31	31	25	37	29	49	35	33	36	37	30	33	32	26	30	26	26	26	36	32	34	30	36	32	28	36	34	36	30	27	28	34	36	38	32	36	33	33	29	33	34	31	35	37	27	31	34	26	39	30	33	34	37	34	28	33	27	29	32	40	39	35	31	30	27	29	33	31	33	27	40	30	36	33	39	32	37	38	36	32	38	33	28	36	26	39	38	35	33	33	48	32	34	26	33	30	34	39	40	28	26	31	33	35	34	42	27	30	28	39	36	40	31	30	32	35	34	40	29	43	41	28	30	36	30	29	37	31	35	29	33	27	33	42	34	29	25	34	25	33	33	31	43	34	40	32	31	34	31	40	28	32	41	35	38	31	31	34	29	37	44	37	35	38	38	34	39	37	32	30	32	28	28	46	34	38	38	35	28	35	33	32	38	35	37	30	33	42	33	29	33	30	33	34	36	31	30	37	27	34	30	35	33	29	27	33	44	28	29	31	36	33	32	33	32	27	35	35	34	42	24	39	36	33	39	45	33	40	31	36	44	32	26	41	30	30	37	30	38	34	31	31	34	28	32	32	29	29	25	41	33	28	35	26	31	38	35	37	32	33	49	29	29	38	30	43	26	26	30	34	31	33	30	38	36	30	27	32	36	36	44	39	38	31	24	32	37	35	40	30	29	31	32	34	37	29	30	37	27	31	27	30	27	27	29	32
2024.17182215585	38	29	38	28	31	23	36	33	36	35	32	39	33	29	35	31	32	28	36	25	37	41	37	36	37	36	35	42	36	37	30	39	32	29	36	36	28	28	36	34	33	33	36	41	31	45	32	35	38	39	36	33	31	36	33	35	35	36	31	31	34	35	32	34	41	43	27	31	35	32	39	34	31	30	34	33	36	33	32	37	37	36	34	34	32	29	35	34	40	33	33	35	31	40	37	37	32	42	32	34	36	41	34	32	33	35	30	33	31	28	32	29	26	29	31	38	39	43	34	28	33	25	26	34	37	33	30	35	31	33	37	40	38	32	40	34	30	32	34	36	37	31	30	29	33	42	35	38	36	35	34	28	31	35	31	32	29	31	26	34	36	34	41	23	30	36	25	39	28	34	27	34	28	36	31	34	45	39	40	36	39	32	28	37	32	27	26	28	27	38	31	36	37	34	31	36	32	32	32	32	28	34	37	28	28	29	36	32	35	32	34	30	35	36	34	35	29	34	34	31	41	32	32	28	27	35	37	36	34	35	32	36	25	32	39	33	28	38	38	28	28	32	34	31	34	34	36	28	35	34	30	36	39	35	38	39	34	36	31	35	35	36	30	30	37	45	38	33	35	36	41	36	28	47	34	35	33	33	41	36	32	36	32	41	31	36	34	38	43	28	30	33	36	41	34	33	34	31	29	33	34	34	42	37	37	34	33	34	33	31	25	36	38	35	36	32	36	35	36	34	25	33	34	38	37	39	31	39	28	31	32	34	37	35	30	31	30	31	33	36	38	34	31	33	31	29	35	35	34	33	36	41	30	30	32	30	29	39	44	35	32	40	38	22	36	34	27	40	38	34	39	32	32	36	35	27	38	30	23	36	33	30	38	33	36	32	34	29	30	34	34	31	28	38	34	32	35	34	37	35	32	33	35	35	36	39	40	34	29	31	33	30	41	39	33	35	31	33	33	32	31	37	26	32	41	29	47	36	36	36	33	41	35	39	36	32	35	34	36	32	32	34	34	29	36	33	34	29	34	37	43	35	43	33	29	36	34	34	41	32	38	39	33	32	34	29	34	34	39	38	35	33	32	31	30	36	41	32	31	29	39	34	35	37	34	42	34	28	27	28	36	32	31	31	45	36	35	28	33	38	34	27	35	36	32	29	34	39	32	29	28	31	35	37	41	29	36	36	25	32	36	45	33	35	33	41	37	35	35	39	35	36	31	34	35	32	36	36	34	39	39	37	28	42	33	36	31	33	34	33	34	34	32	34	29	34	30	34	36	34	29	36	29	36	31	34	41	34	27	34	35	40	29	36	30	39	35	34	36	37	31	36	39	30	38	41	32	30	32	30	35	22	38	29	31	36	36	30	30	34	37	31	37	37	28	47	33	30	33	31	39	30	33	28	25	28	36	30	33	28	38	38	38	34	30	38	35	30	35	30	36	31	33	37	36	40	29	35	32	30	30	36	33	37	38	28	39	30	35	32	34	38	30	41	34	41	35	44	40	30	42	32	29	32	29	26	32	29	32	33	32	35	30	29	34	33	33	41	32	31	35	31	33	32	26	40	37	29	34	31	37	37	31	31	30	23	27	34	33	39	36	33	36	35	32	33	31	31	32	28	31	26	34	33	31	32	36	32	29	35	36	33	32	32	30	34	35	35	34	34	33	35	31	34	36	33	37	33	29	33	34	28	36	32	38	31	32	34	30	29	32	26	29	38	36	31	30	29	27	27	27	34	32	29	39	33	38	34	38	34	35	37	31	32	35	35	33	35	26	37	36	29	30	35	42	35	36	27	37	32	38	38	40	28	28	33	35	35	36	42	28	33	26	39	38	38	31	29	31	29	28	39	28	42	33	29	34	39	32	28	35	30	31	29	34	29	35	41	36	36	30	36	28	34	33	32	34	34	35	31	31	34	35	39	30	34	43	37	34	33	30	34	28	36	37	34	34	36	41	34	36	35	34	32	34	30	30	45	36	39	35	36	28	37	34	38	40	35	35	31	34	39	29	30	33	35	30	36	31	30	32	34	29	39	37	29	35	31	29	35	41	30	31	31	38	29	34	33	31	29	37	37	32	36	26	39	33	35	40	44	35	27	32	35	37	31	27	39	35	35	33	30	38	25	30	30	28	29	34	34	31	34	27	40	34	30	35	28	36	38	28	36	32	35	39	31	34	35	29	39	31	28	31	27	33	30	32	36	38	33	29	31	32	34	43	39	40	30	29	34	33	35	41	33	31	29	34	38	36	29	32	39	29	30	29	31	30	28	29	31
2024.17697246706	34	25	32	24	29	22	25	29	29	31	28	30	29	21	28	28	28	22	32	21	31	32	31	31	25	30	27	33	28	31	26	30	26	24	31	32	24	24	32	28	29	21	30	37	25	32	27	29	33	30	30	29	25	26	29	29	29	32	25	29	28	32	29	32	28	35	26	25	31	25	31	27	27	24	30	24	25	29	27	31	31	27	28	25	26	22	31	29	36	27	27	28	27	36	28	26	23	33	26	28	32	37	30	24	27	28	26	27	27	27	28	28	25	28	22	29	30	36	30	21	33	24	22	27	34	26	28	29	24	29	30	34	33	23	27	28	23	26	21	30	31	23	26	25	27	30	29	34	32	31	28	24	28	29	27	22	25	25	22	25	30	33	32	19	26	31	22	31	22	22	21	30	22	32	25	29	36	33	33	30	32	23	22	31	28	26	25	30	21	32	27	32	34	28	24	24	26	28	26	26	24	27	35	19	22	21	28	28	31	27	30	26	25	27	25	29	28	29	25	24	35	28	28	22	23	31	33	30	25	26	28	32	21	26	32	27	22	33	33	24	22	28	25	27	31	28	31	24	29	25	26	31	30	31	32	33	30	29	27	26	29	32	30	28	30	36	32	27	31	27	35	32	22	39	28	27	24	29	30	30	29	32	28	28	27	29	29	33	36	22	26	27	30	32	28	32	33	24	22	29	33	26	36	30	31	27	27	32	35	29	24	37	27	26	26	28	33	29	24	28	21	27	30	28	35	35	24	30	24	27	29	28	33	31	21	25	22	28	27	30	36	26	28	24	24	20	31	32	24	25	30	34	28	24	27	24	25	30	37	30	27	37	31	21	30	29	23	31	36	31	35	26	28	27	27	21	32	26	22	30	27	26	32	29	30	26	22	22	23	31	27	24	24	32	27	26	25	30	31	29	28	26	26	29	27	30	31	28	25	27	29	28	27	36	24	30	27	29	29	29	24	30	25	28	27	22	39	32	28	26	30	33	31	28	30	24	30	29	27	26	29	27	29	22	28	27	30	25	28	31	34	28	35	24	25	31	30	22	33	28	34	34	27	26	28	25	28	29	32	32	28	27	28	24	21	32	35	28	27	25	34	27	25	33	31	35	30	24	21	24	27	25	24	22	32	30	31	19	27	33	28	21	26	30	28	22	22	33	26	23	27	26	24	30	35	23	32	30	22	26	27	36	26	31	27	35	25	25	27	26	29	37	25	25	26	28	32	28	31	34	32	34	19	33	27	30	25	26	27	27	29	30	28	30	24	28	26	29	32	28	25	31	24	30	29	28	27	30	23	30	32	32	25	26	24	30	28	30	30	31	24	32	30	21	31	39	31	28	28	24	29	21	33	25	23	28	32	25	29	30	30	25	34	34	19	39	29	21	25	21	30	26	31	25	21	24	30	26	28	22	31	26	32	24	24	36	27	28	29	27	30	24	29	34	32	33	25	29	28	24	24	27	27	26	34	24	33	22	31	28	30	32	26	28	30	30	26	37	36	26	33	25	23	22	25	22	28	25	28	30	28	25	26	27	28	29	29	26	23	27	29	22	26	28	22	33	25	24	30	25	30	33	24	29	30	19	20	29	26	33	30	27	29	28	28	27	24	25	23	25	24	22	30	27	27	28	30	25	28	33	30	32	26	26	24	30	25	30	30	32	26	29	25	28	29	29	35	29	25	29	30	24	30	31	31	27	28	28	21	24	26	22	25	22	27	27	24	25	21	25	21	28	26	25	35	27	33	28	32	27	23	31	22	28	27	31	27	32	22	29	25	25	26	31	30	27	32	23	33	25	32	32	30	24	25	29	30	28	26	39	27	33	22	30	32	32	27	29	27	25	24	30	22	33	26	25	30	28	26	22	29	29	25	22	31	25	29	37	33	30	24	29	24	27	26	24	29	28	29	27	22	30	29	30	26	30	36	30	33	26	28	27	19	32	33	27	30	25	35	27	32	26	27	24	30	27	26	36	29	35	27	25	27	25	29	32	34	28	32	25	27	33	24	23	27	29	24	27	25	28	23	30	22	30	30	25	29	30	25	30	35	28	25	26	34	22	30	27	23	22	31	31	29	30	25	33	27	26	26	36	30	21	26	29	31	25	20	26	29	29	29	26	31	21	24	26	24	21	25	30	29	28	23	34	26	26	29	25	32	31	24	30	27	28	33	27	28	27	23	37	25	30	27	21	27	26	26	25	32	29	25	25	28	30	31	34	34	24	28	27	29	26	32	29	27	28	30	33	25	22	28	30	25	30	23	27	26	27	22	22
2024.18212277828	35	26	32	25	30	23	23	30	29	30	29	26	28	22	27	29	26	23	25	23	32	26	31	32	26	28	28	29	29	26	26	26	25	25	25	32	26	22	31	27	30	20	21	26	26	31	26	30	34	26	28	28	22	26	28	28	28	23	22	26	29	35	29	31	28	34	27	26	33	34	27	28	26	25	30	23	26	30	25	21	31	23	28	25	27	23	30	30	34	27	26	27	30	35	22	23	26	29	24	26	29	26	29	23	27	25	24	31	28	28	26	26	26	26	23	25	25	27	29	22	34	25	23	28	34	27	26	29	20	25	31	33	33	26	26	20	24	27	25	21	31	24	26	25	26	25	28	29	33	29	29	25	26	28	26	20	25	23	23	23	26	25	29	20	27	25	26	27	23	20	22	31	23	32	26	23	34	27	34	29	29	24	20	30	29	27	26	31	25	32	28	28	35	28	23	25	30	26	22	26	23	28	36	23	23	19	31	29	35	26	29	25	26	27	25	28	28	30	26	26	31	27	29	23	24	31	30	30	23	28	32	31	19	27	29	28	23	31	33	27	23	31	25	28	28	25	31	22	29	23	25	31	27	29	32	31	30	30	23	25	30	29	31	29	28	34	30	26	24	24	31	31	23	36	20	29	23	28	34	31	29	32	29	28	29	24	30	31	27	23	27	28	28	26	26	33	25	22	23	26	25	26	35	28	26	23	26	24	34	30	25	31	28	22	22	24	34	28	25	29	19	28	31	24	29	32	23	26	26	29	28	30	33	31	22	22	23	29	26	23	32	27	29	23	23	23	33	35	24	20	21	35	23	27	23	20	26	29	37	30	25	36	29	22	21	25	24	25	32	28	36	22	28	27	28	22	32	27	23	31	28	25	31	31	31	27	24	23	24	32	28	31	27	32	28	27	26	32	31	29	24	27	27	28	24	29	30	20	26	26	30	29	27	34	26	29	28	24	30	23	22	31	23	29	27	23	36	27	30	22	31	27	32	27	28	23	29	30	23	27	29	21	25	20	26	26	28	26	27	32	30	28	34	19	25	31	29	20	29	29	28	35	24	27	26	23	27	30	33	24	25	30	29	20	22	28	31	31	29	23	23	23	21	31	32	30	29	31	25	22	27	26	26	23	31	28	30	20	29	34	24	20	25	28	28	23	23	29	24	24	24	20	28	28	35	24	35	29	26	26	25	34	25	24	30	30	23	26	28	24	28	31	23	26	25	28	25	30	26	36	27	34	20	29	30	23	22	22	28	31	25	24	28	26	25	20	27	22	33	30	26	29	23	21	30	29	27	28	20	29	29	33	26	26	20	27	25	29	28	26	24	33	29	22	27	37	29	29	26	28	25	22	32	25	24	30	29	23	30	32	29	22	34	34	20	36	30	22	20	22	29	25	31	24	23	23	30	25	26	23	28	22	32	28	20	32	28	24	29	28	23	31	24	34	28	34	24	28	28	23	20	23	27	22	31	20	25	23	30	28	29	27	30	28	29	34	28	39	34	25	22	23	21	26	26	23	27	25	29	31	29	26	25	28	27	31	28	27	21	28	28	23	27	27	23	27	26	23	26	26	28	34	23	29	31	23	21	25	27	32	21	24	30	29	29	24	22	26	26	24	26	23	24	27	28	29	23	34	29	34	31	33	27	27	20	28	26	28	26	24	25	29	26	29	28	30	36	29	26	26	28	27	31	29	34	23	24	26	22	25	22	23	26	20	25	28	20	26	22	23	22	27	30	26	32	26	32	29	28	23	19	31	20	29	26	26	28	36	23	26	23	26	26	32	25	28	33	24	30	22	32	28	26	27	24	26	29	29	26	37	26	34	23	25	30	31	25	27	26	26	25	25	23	22	25	24	31	26	22	23	28	30	22	23	28	23	29	34	34	34	28	28	25	21	25	23	23	29	25	28	23	29	30	25	26	26	27	28	25	26	23	28	20	33	30	26	29	22	31	29	29	22	28	23	26	28	25	33	28	35	26	21	25	26	30	31	34	29	36	26	21	31	25	27	22	29	22	25	22	23	26	25	20	26	31	26	28	31	26	29	30	32	22	26	28	23	26	26	24	23	30	33	29	29	23	27	30	26	23	28	30	25	27	30	30	26	20	24	28	29	29	27	28	23	22	27	25	22	26	26	26	28	24	32	25	25	29	24	32	28	27	28	26	26	32	24	27	26	24	34	26	31	25	19	23	26	26	22	30	28	26	26	29	30	34	23	33	25	29	28	29	25	29	32	24	28	30	34	23	23	24	29	25	31	21	27	25	26	23	20
2024.18727308949	34	23	29	24	29	23	20	29	26	25	28	28	30	22	25	26	23	25	27	23	31	23	27	27	23	29	32	28	28	23	25	28	24	25	23	34	28	22	31	26	25	20	21	23	25	30	26	29	31	25	29	27	20	23	26	22	27	23	22	24	29	31	28	28	23	36	26	26	28	29	27	20	25	25	30	20	25	27	28	19	27	20	26	25	26	23	29	29	28	25	28	25	27	34	22	23	23	28	23	22	23	23	30	23	25	20	20	33	25	25	23	25	25	25	22	25	24	26	30	22	29	24	23	25	31	26	25	31	20	23	28	33	27	23	26	20	24	26	26	21	28	22	25	24	23	26	23	28	32	25	28	24	26	24	25	20	24	23	22	22	26	24	27	20	24	23	25	27	22	20	22	30	25	29	25	20	29	27	33	22	29	22	20	27	25	26	25	28	22	31	25	25	37	25	23	21	29	25	21	23	20	26	31	23	22	19	28	28	34	26	28	22	28	23	20	23	27	29	23	26	28	25	25	19	24	25	26	29	22	26	26	27	22	26	29	27	23	30	27	26	25	30	25	25	25	27	30	22	31	22	24	30	24	31	31	28	30	29	20	26	29	26	30	27	28	29	30	25	23	24	28	30	23	31	20	28	23	30	33	26	26	29	28	23	28	27	27	30	26	20	25	27	22	23	22	32	24	22	20	23	24	27	34	26	23	20	28	24	33	25	24	29	29	22	21	26	28	22	21	28	22	28	30	24	25	31	23	25	25	28	28	27	32	25	24	22	25	26	23	20	27	23	26	23	23	23	28	31	24	20	21	31	23	22	23	23	28	28	33	29	28	35	29	22	21	25	24	23	27	25	35	21	27	30	24	22	30	24	23	30	25	24	31	23	30	24	24	22	24	26	25	28	24	26	28	24	25	29	28	27	23	26	24	28	24	28	27	20	23	26	27	27	25	30	23	25	27	25	30	23	22	28	26	26	25	22	31	24	28	21	30	21	28	23	28	23	25	27	20	24	26	21	24	20	26	28	22	26	22	30	30	26	36	25	22	27	26	20	25	28	23	31	22	28	22	20	22	27	30	24	20	29	28	20	21	30	28	29	28	24	23	26	20	30	26	30	28	30	25	22	23	26	26	22	30	28	25	24	28	31	24	23	22	28	22	20	23	29	23	21	26	20	30	28	36	22	32	28	25	23	23	29	20	23	27	23	22	28	32	23	27	29	23	23	22	24	22	29	23	31	23	33	24	28	29	23	22	22	22	33	24	24	24	25	25	21	26	22	27	27	26	26	26	21	29	22	25	27	20	28	31	30	20	23	20	24	25	28	28	23	24	30	27	21	29	36	25	27	26	27	24	22	32	24	22	29	26	23	27	29	26	22	31	30	24	31	30	24	20	24	28	24	28	23	23	22	29	23	25	19	25	21	31	26	20	27	27	24	31	25	23	28	24	31	25	33	26	25	22	20	23	20	22	22	32	19	28	25	29	24	26	26	29	23	26	33	26	35	28	23	20	26	18	23	26	22	24	22	25	30	28	28	22	24	22	23	26	23	19	25	22	23	26	24	23	23	23	26	20	25	26	30	23	26	30	23	21	24	26	36	21	22	29	28	28	22	22	25	23	23	26	20	25	27	25	22	23	29	28	33	30	30	24	26	23	28	28	30	25	24	20	31	25	28	28	25	31	24	30	25	28	24	30	25	33	23	23	22	21	25	22	25	23	23	28	25	23	26	22	22	22	22	29	30	26	28	32	28	28	20	19	27	23	25	25	26	25	30	22	26	20	23	25	31	26	24	32	27	26	24	31	28	23	26	23	23	25	28	23	36	23	29	23	23	30	30	25	24	26	23	24	24	20	20	23	23	22	26	21	20	28	27	22	20	25	20	31	31	28	33	27	26	25	21	20	23	20	28	22	25	26	28	29	24	25	25	26	26	24	25	23	20	20	27	29	28	30	20	28	28	23	22	25	23	25	23	27	32	28	32	25	23	26	23	29	31	25	28	35	23	21	27	25	26	20	28	22	23	22	23	23	26	20	25	30	23	23	30	28	25	23	31	22	26	23	23	25	25	22	22	27	29	26	22	26	26	27	25	23	28	29	25	24	24	29	25	20	23	25	28	24	24	25	23	22	26	24	22	23	25	24	25	24	31	22	22	27	23	29	25	26	29	27	23	36	24	26	25	22	33	25	28	25	24	23	25	26	20	30	30	20	25	25	30	31	23	33	25	26	25	24	26	27	30	24	27	22	31	23	20	26	27	22	30	21	24	22	23	20	20
2024.19242340071	33	20	26	25	25	23	20	28	20	28	28	28	26	22	25	23	23	25	26	23	30	23	22	26	25	23	28	27	28	23	25	28	22	29	23	30	27	22	26	22	27	20	19	23	23	30	28	28	27	25	23	27	21	23	26	26	26	23	22	22	25	30	28	26	23	31	27	23	28	27	28	20	23	22	27	20	24	29	27	19	22	20	26	25	29	20	28	26	28	23	28	25	27	29	22	23	23	27	23	23	22	23	25	23	23	18	20	28	23	28	23	25	23	25	22	24	24	24	25	23	29	24	26	25	26	24	25	28	20	23	27	32	27	23	25	20	27	25	26	19	30	22	22	24	23	26	23	28	29	24	25	22	25	24	23	23	24	23	21	22	26	24	26	20	22	23	25	28	25	20	25	27	25	28	26	21	26	27	28	22	27	22	20	24	26	27	23	26	22	26	25	24	31	25	20	21	24	25	21	23	21	26	28	23	25	19	26	25	32	28	27	22	28	23	20	23	24	26	22	25	26	25	25	20	24	25	24	26	22	26	25	28	22	29	27	26	23	33	27	26	25	27	25	25	24	25	29	22	28	22	24	29	24	25	26	28	27	28	20	25	28	22	29	27	26	26	28	25	22	22	26	27	23	28	20	26	23	27	31	25	26	28	28	23	25	27	26	33	24	20	23	26	20	23	22	30	24	20	20	23	24	27	29	21	23	23	28	24	31	23	24	26	28	22	19	25	28	26	21	25	22	27	28	24	25	27	23	25	23	25	25	26	29	25	27	20	25	23	23	20	27	25	23	23	20	22	28	30	24	23	19	30	23	22	26	23	30	27	28	27	27	34	25	21	19	27	24	22	27	24	32	21	27	27	24	25	28	24	23	22	23	24	30	23	22	24	24	22	27	25	25	28	22	24	30	19	23	28	30	27	22	25	21	23	22	27	24	20	20	25	29	27	25	27	23	25	27	25	29	23	20	27	26	23	25	22	28	24	28	19	25	21	26	22	28	23	25	29	20	25	26	23	23	20	25	28	22	26	25	28	26	26	31	28	22	26	25	20	25	25	25	26	23	23	22	26	25	26	27	23	18	26	28	20	24	27	26	27	25	24	23	25	20	26	25	26	25	28	25	21	23	25	26	22	30	28	28	24	27	27	24	23	22	28	20	20	23	26	23	22	26	20	28	26	29	22	27	27	25	23	23	26	23	22	23	23	21	28	28	23	26	26	23	22	22	21	22	29	23	28	23	30	24	27	29	26	22	22	22	28	23	24	21	24	29	21	26	22	27	26	26	26	26	19	25	22	25	20	20	25	30	23	20	23	23	24	25	27	27	23	23	27	25	24	27	27	25	27	23	24	24	21	26	24	22	29	22	23	25	28	25	20	26	26	24	28	29	27	23	23	27	24	27	24	23	22	26	23	25	20	20	21	27	26	23	27	27	24	28	25	26	28	22	26	24	28	23	27	20	20	23	20	22	22	25	20	23	25	26	21	25	29	27	23	25	31	26	31	28	23	20	23	18	23	25	25	24	22	25	25	25	28	28	24	25	23	26	23	22	23	26	20	26	24	22	25	25	26	20	25	21	22	20	26	29	23	22	23	25	30	19	23	28	27	28	23	20	25	23	24	26	20	25	26	23	20	28	27	28	33	22	28	24	25	23	25	28	28	20	24	23	28	25	25	25	27	28	24	33	25	25	22	27	25	32	23	22	23	24	29	22	26	23	23	27	23	23	26	22	25	25	25	24	33	26	28	26	25	27	23	19	22	23	25	24	26	23	28	25	26	20	20	25	28	26	24	29	27	24	24	27	27	23	26	24	23	25	26	23	33	23	29	26	26	28	24	19	24	24	20	22	24	20	20	23	25	22	28	21	20	23	25	20	20	24	26	28	27	28	32	24	25	24	23	23	23	21	27	22	25	26	25	28	24	22	24	24	21	24	25	23	20	23	27	29	27	25	21	26	26	22	22	25	23	25	23	29	29	25	30	24	23	25	25	26	30	23	26	30	20	23	25	29	26	23	28	22	23	22	23	23	29	20	25	31	20	23	29	30	25	23	31	22	23	25	20	25	25	22	22	26	28	26	22	26	26	23	21	20	27	27	25	27	21	28	22	20	23	27	28	24	24	20	23	19	26	22	22	22	24	22	25	24	29	25	28	27	24	28	20	26	23	27	23	30	22	22	24	22	33	26	26	23	24	23	25	25	21	28	27	20	22	26	27	28	23	32	22	25	25	24	25	26	27	22	24	20	27	20	20	25	25	22	29	25	22	22	23	20	20
2024.19757371192	30	20	26	24	24	22	20	25	20	27	27	27	23	19	24	24	23	22	22	22	27	22	22	26	24	23	25	24	26	22	24	27	20	27	22	29	26	30	26	21	30	20	19	22	22	25	27	23	27	24	23	29	18	22	25	26	25	22	21	21	24	29	27	25	20	32	24	22	26	26	25	20	22	22	25	20	24	28	26	19	22	20	25	24	27	20	23	26	27	22	27	24	25	26	21	22	22	24	23	22	20	22	24	22	22	19	19	27	22	27	23	25	25	25	22	24	23	22	24	22	29	23	25	24	28	23	24	27	20	24	25	29	26	22	24	20	27	22	25	19	29	22	20	23	25	25	22	26	27	23	29	21	27	24	22	23	23	22	20	21	23	21	24	23	21	22	24	25	23	20	24	26	24	27	25	21	25	24	25	22	24	22	20	21	25	24	25	25	22	25	22	23	28	24	20	20	26	20	21	22	19	25	27	22	23	19	25	22	29	27	24	22	26	22	20	22	23	26	22	24	23	23	22	22	24	25	22	25	21	26	25	28	21	27	24	27	22	30	26	25	24	27	24	22	23	24	24	30	27	21	21	24	22	21	25	27	25	22	20	24	27	22	26	24	25	25	27	24	21	25	23	23	22	25	20	25	21	24	30	22	26	27	27	20	24	31	26	30	22	26	22	27	19	22	20	30	21	20	20	23	21	26	29	19	22	23	27	24	28	22	23	26	26	22	20	22	25	26	20	29	21	26	30	22	22	24	24	24	22	24	24	25	22	25	25	23	24	24	25	23	25	24	24	22	20	21	26	29	22	25	19	24	22	22	25	22	27	24	24	26	26	30	22	20	19	24	24	22	25	23	30	21	24	25	24	24	27	22	22	20	22	21	25	23	20	21	24	22	27	22	24	28	21	25	28	19	22	24	29	26	20	24	21	20	25	24	22	20	20	20	28	24	24	26	23	22	24	25	24	22	20	25	25	23	24	22	25	25	25	20	27	21	25	21	27	19	22	26	20	24	26	23	24	20	24	27	20	25	24	25	23	25	32	27	22	24	24	20	22	20	24	25	22	21	20	24	24	26	24	22	19	25	27	20	22	26	23	26	24	24	20	24	19	24	22	24	20	27	25	25	22	23	25	22	25	27	27	24	26	27	23	22	21	27	20	20	22	23	23	21	25	20	27	25	28	21	24	24	24	22	22	25	22	21	22	22	19	26	25	22	25	26	22	22	21	20	22	26	22	24	22	29	24	24	24	25	25	21	19	27	24	23	20	22	27	24	24	22	27	25	22	25	25	19	24	22	24	20	20	20	29	23	23	22	22	22	22	27	26	22	25	26	22	22	24	24	25	24	22	26	24	20	25	23	22	26	22	22	24	24	23	23	28	25	24	25	24	25	25	21	24	21	22	23	22	22	25	23	24	20	20	19	24	25	22	25	25	22	27	24	25	28	22	28	22	25	22	26	20	20	22	20	22	23	27	20	22	24	28	20	24	26	24	20	24	30	26	27	27	23	23	22	25	22	24	26	23	22	22	27	20	26	27	21	24	23	25	22	22	27	26	20	25	22	20	24	24	25	20	22	19	22	20	23	26	22	23	24	24	28	19	22	22	24	27	22	20	22	22	23	25	20	23	23	22	20	27	26	27	31	20	27	21	22	22	25	26	25	20	24	22	27	22	24	22	30	27	23	29	24	25	21	26	25	31	23	20	22	22	27	21	23	25	22	24	22	25	22	24	26	24	24	26	29	25	27	25	24	26	23	22	22	23	22	24	25	22	27	26	25	20	20	24	25	25	24	27	24	22	22	24	26	20	25	23	23	22	25	22	32	22	29	25	25	27	24	20	24	22	20	21	23	26	23	22	25	22	25	21	26	20	24	23	23	23	24	27	22	25	31	26	22	23	23	22	22	21	22	22	22	26	20	27	23	20	22	22	19	21	24	22	20	22	27	25	30	24	19	23	25	20	22	24	19	22	22	28	27	22	27	24	21	24	24	26	25	22	25	25	20	23	22	27	25	23	27	21	22	25	22	22	28	20	24	29	20	22	26	27	22	22	27	21	20	24	20	22	24	22	22	25	27	26	22	25	22	22	21	20	20	26	25	26	19	27	22	20	22	26	27	23	22	20	22	19	24	21	19	22	22	21	24	24	29	27	27	26	23	27	20	25	23	24	22	28	20	21	24	21	28	25	25	22	24	22	24	24	19	27	24	23	22	25	25	29	20	29	22	24	24	23	24	24	26	20	23	20	27	20	23	22	22	22	26	22	21	22	22	23	20
2024.20272402314	21	16	17	14	17	15	13	18	16	20	20	18	16	12	15	20	16	15	17	15	20	13	13	18	17	16	18	13	19	15	15	18	16	21	18	20	17	23	19	14	23	16	12	15	13	18	23	15	16	15	16	21	15	15	14	19	19	15	17	14	17	22	20	16	13	24	16	15	14	19	16	13	15	15	13	13	15	18	19	12	13	13	18	15	18	13	15	18	18	13	20	15	17	17	14	13	18	13	14	15	16	15	17	15	13	12	12	18	13	20	16	18	18	18	15	16	14	15	17	15	22	16	18	17	21	16	17	23	13	17	18	18	17	18	17	16	20	15	21	12	20	13	13	16	16	18	15	19	19	14	20	14	20	17	15	16	16	15	14	14	13	17	18	16	14	18	20	16	16	13	15	19	20	20	17	15	18	16	15	16	15	15	13	14	16	16	18	20	15	18	16	14	23	17	13	13	19	13	12	15	16	18	20	15	16	12	17	18	22	23	15	15	19	15	13	15	14	18	15	20	16	16	15	16	17	15	15	17	14	17	18	24	14	18	15	16	15	23	17	15	20	16	15	16	16	17	15	23	23	14	14	15	15	14	18	20	13	15	13	18	19	13	17	17	15	18	20	15	14	18	16	16	15	16	16	18	14	17	18	13	14	20	19	13	15	22	19	23	15	19	18	16	12	13	13	23	17	13	13	16	17	22	18	12	15	16	20	15	21	15	16	17	17	13	13	15	21	19	13	20	14	18	21	15	15	17	17	15	15	15	17	18	15	15	18	16	15	20	16	16	18	20	20	15	13	14	14	22	15	18	12	17	15	15	18	18	21	15	17	15	19	17	15	14	12	18	17	15	18	16	18	12	17	18	15	15	20	13	15	13	15	14	18	16	13	17	20	18	20	18	17	21	17	16	21	12	13	17	20	17	13	17	14	16	18	15	12	16	16	16	18	17	15	17	16	15	17	18	23	15	13	18	18	15	15	18	16	18	16	13	20	17	16	14	20	12	15	15	13	17	14	16	15	13	18	20	13	18	17	16	15	18	24	20	13	17	15	13	15	13	17	13	15	14	13	17	17	19	15	15	12	17	19	13	18	19	16	19	15	20	13	17	12	13	18	15	13	20	18	18	15	16	18	15	18	20	20	17	19	16	19	15	14	20	13	13	13	16	14	15	18	13	20	15	19	14	15	17	20	15	15	18	15	14	15	16	13	19	18	15	19	17	15	15	14	13	15	19	18	15	15	25	17	13	17	18	18	12	12	18	15	16	13	18	21	17	17	15	17	18	13	18	18	12	17	15	15	13	13	13	20	14	16	15	15	15	15	18	17	15	18	18	15	18	17	17	18	17	15	22	15	14	18	16	13	19	13	15	14	17	20	16	21	18	17	16	23	18	18	17	15	14	15	17	15	16	17	16	17	14	13	12	17	18	15	18	15	18	23	17	18	21	13	21	15	15	14	17	13	16	15	13	15	19	20	15	15	15	20	13	15	21	17	13	15	18	17	17	18	16	16	15	18	17	20	19	15	13	15	20	13	19	20	14	17	16	14	13	18	19	19	13	19	18	13	17	17	18	13	13	12	13	13	15	17	15	16	15	17	21	12	15	15	15	19	15	13	15	18	17	18	13	15	17	16	13	22	19	20	22	13	20	17	15	15	18	19	19	13	15	15	18	15	17	15	23	20	14	22	13	18	17	17	18	22	19	13	15	18	21	14	20	16	15	15	13	18	13	17	19	15	17	19	22	18	20	18	17	15	16	18	13	16	15	15	18	15	20	19	18	13	16	15	18	18	15	19	17	15	15	17	15	13	15	17	16	15	15	15	22	15	22	18	18	20	13	13	17	21	16	14	14	19	16	15	18	15	21	12	19	16	14	16	19	16	17	18	15	21	24	22	15	16	16	15	15	15	13	15	16	19	13	19	14	13	18	15	12	17	17	15	13	18	17	18	23	17	13	16	21	16	13	17	12	15	15	21	18	15	21	15	14	17	17	18	18	13	15	18	13	16	16	21	18	20	20	14	15	18	15	18	23	13	15	22	16	15	19	21	15	16	23	17	13	17	13	15	15	13	18	18	20	14	16	18	15	15	14	16	16	15	18	19	12	17	18	13	15	17	20	14	13	13	15	12	17	14	12	15	18	14	17	17	19	20	20	17	17	20	13	15	16	14	15	21	13	14	15	14	21	17	20	15	17	18	15	19	13	20	17	16	18	16	13	18	13	18	15	17	17	14	18	18	19	13	14	13	16	13	19	15	15	13	17	16	12	15	15	19	13
2024.20787433436	11	14	14	13	15	16	11	19	14	18	15	16	17	11	13	19	14	13	15	16	16	11	14	16	15	14	19	14	16	18	13	16	14	19	19	21	18	20	14	16	21	14	10	13	11	19	19	16	15	16	14	19	14	13	13	17	16	15	20	13	16	18	18	15	14	20	15	11	16	17	14	11	14	14	11	14	11	14	13	14	14	11	16	13	16	11	14	14	17	11	18	13	15	13	13	11	16	14	13	13	17	13	17	13	11	11	14	16	14	16	14	14	16	14	16	17	11	17	17	13	23	16	16	15	19	18	15	19	14	19	14	17	13	16	15	17	19	22	19	10	16	11	14	13	14	16	13	14	14	13	17	13	20	14	14	14	13	17	13	13	11	19	16	17	13	19	18	14	17	17	17	13	21	16	15	13	17	14	17	17	15	14	11	14	14	15	16	21	13	18	14	16	21	13	11	11	19	11	11	16	17	11	16	13	17	14	14	14	16	19	14	15	17	16	14	13	13	14	11	18	16	14	13	17	15	15	13	15	13	16	16	20	13	16	15	14	13	19	13	19	21	15	13	14	18	15	14	20	19	13	11	14	13	16	18	13	11	16	14	16	21	11	15	13	17	17	18	11	13	16	16	14	13	15	17	21	13	16	14	11	13	16	17	14	13	20	17	19	17	20	18	14	11	11	14	21	19	14	14	14	19	19	14	11	17	17	18	13	19	13	16	15	18	11	14	13	17	17	11	17	13	19	17	16	13	13	19	16	18	13	15	16	11	15	16	14	13	19	14	14	16	18	19	16	11	13	16	18	16	16	10	16	16	13	19	16	21	14	14	13	13	15	18	13	10	17	15	17	16	18	16	11	15	16	13	17	16	14	16	14	13	11	17	17	14	16	21	17	19	19	15	22	19	14	17	11	14	15	16	14	11	15	16	17	16	14	11	17	14	14	14	13	13	16	14	16	18	16	21	19	14	14	16	13	13	17	15	19	15	14	21	16	11	13	16	14	16	13	11	16	13	14	14	11	16	18	11	14	18	17	16	14	20	19	14	18	14	17	13	17	13	11	13	15	14	19	18	17	14	11	11	17	17	14	17	18	16	16	13	19	11	16	14	14	19	13	11	19	21	14	16	13	14	16	19	16	18	16	16	15	18	16	13	16	14	14	14	11	13	13	16	14	16	17	14	15	15	13	18	16	11	17	13	13	16	17	17	17	19	13	16	15	17	11	13	11	13	15	16	16	13	23	16	14	15	17	14	14	14	16	14	14	11	16	19	16	19	17	11	16	14	14	18	10	15	11	13	14	11	11	16	11	14	13	18	13	16	17	13	18	19	19	11	17	13	13	16	13	15	21	14	13	13	13	11	15	11	16	13	15	19	14	19	16	16	15	21	16	16	16	14	11	13	13	16	17	15	14	16	16	14	11	21	14	18	16	16	16	19	16	17	22	11	19	14	17	13	15	14	14	13	11	13	20	16	17	13	13	17	11	14	19	19	14	14	14	16	18	17	14	17	13	20	15	16	17	16	14	13	21	17	17	16	16	18	17	13	14	20	17	17	11	16	16	14	15	15	18	14	11	11	20	11	16	15	13	14	14	15	19	10	13	16	14	17	13	14	13	16	13	16	11	13	13	14	11	20	17	18	23	14	19	16	22	13	14	17	20	11	13	13	16	11	11	13	21	16	13	19	14	14	19	14	16	22	20	11	13	17	19	13	17	17	13	16	14	19	14	14	18	17	18	19	19	13	18	13	11	13	17	17	14	14	13	11	19	13	16	17	16	11	14	13	11	16	13	14	16	13	16	21	13	14	19	13	14	16	13	18	15	13	23	16	16	18	11	11	19	22	14	13	11	20	17	13	15	15	19	11	20	17	13	14	17	18	19	16	11	17	18	21	11	15	14	13	13	13	11	14	14	17	11	21	11	14	16	17	11	19	16	16	11	16	11	17	17	17	14	16	16	17	11	15	14	13	13	16	20	13	17	11	13	15	15	14	17	11	13	16	14	14	17	19	16	16	16	13	11	14	16	16	20	11	16	20	14	13	15	21	16	17	19	20	11	13	11	13	11	11	17	18	16	13	17	16	13	16	11	14	20	13	21	19	17	13	17	14	13	15	16	13	14	14	16	14	19	13	11	11	16	13	13	15	17	17	16	14	13	16	14	13	14	13	11	19	11	16	11	15	19	15	21	17	16	14	13	16	14	18	16	14	17	14	11	16	11	17	14	23	15	13	16	16	15	11	13	11	15	11	17	13	11	14	15	17	11	15	13	17	11
2024.21302464557	10	13	16	15	18	18	16	22	13	15	10	22	16	10	18	18	10	14	20	17	16	13	13	15	17	16	18	13	13	19	15	22	19	16	16	18	20	19	19	16	19	13	12	16	16	16	18	18	11	18	16	17	16	13	16	16	13	14	19	12	13	18	16	17	16	16	17	10	15	19	13	16	13	16	10	16	13	13	12	13	13	10	18	18	16	13	16	13	13	13	15	18	15	17	15	13	15	13	16	18	16	16	19	13	13	16	13	18	16	15	10	19	15	19	16	19	16	16	19	15	17	20	15	19	16	17	14	18	16	18	13	16	12	15	17	16	18	19	18	12	18	13	13	15	13	12	15	16	16	17	16	15	17	13	13	19	15	16	10	13	13	18	15	19	12	16	16	13	19	16	19	16	18	13	15	15	21	16	16	19	17	19	19	13	13	17	15	20	18	19	13	16	20	12	10	10	18	10	13	16	16	13	18	15	19	19	16	13	18	18	13	16	16	18	16	15	15	13	16	20	13	16	17	16	15	17	13	18	13	15	16	22	15	16	17	16	13	18	12	18	18	15	18	13	15	17	13	19	18	13	19	13	13	15	19	14	10	15	16	18	18	13	17	18	16	21	18	13	17	15	13	16	13	16	16	19	10	16	16	13	15	13	16	16	15	19	20	18	16	19	16	16	16	13	13	19	18	13	13	16	18	19	16	13	16	19	15	18	18	12	20	17	15	10	16	15	16	16	10	16	15	19	13	15	15	15	18	18	20	15	15	17	13	17	15	16	12	18	13	19	15	19	18	15	10	15	15	18	18	20	12	13	15	20	20	17	20	19	16	15	12	17	17	15	12	16	15	16	15	15	15	13	17	18	13	19	18	13	18	16	13	19	20	16	16	18	20	19	18	20	19	19	18	13	16	19	13	17	18	19	10	15	19	19	15	19	13	16	13	19	13	18	15	18	16	20	20	18	17	18	13	13	17	10	15	19	16	18	20	16	18	13	13	15	19	13	20	15	10	15	15	13	13	16	16	15	13	19	15	19	15	16	16	20	16	18	19	16	11	19	12	10	15	17	13	20	15	20	19	16	16	20	16	16	18	15	13	15	15	18	13	18	13	16	20	12	13	20	20	16	18	13	16	16	16	19	15	15	18	11	15	15	15	19	16	13	13	13	16	13	15	16	18	16	13	20	14	13	16	16	10	21	18	17	15	16	19	16	18	15	13	17	16	16	15	13	17	20	18	15	15	17	15	13	17	16	19	13	13	18	13	16	13	14	16	18	20	16	13	17	13	10	14	12	18	16	15	16	13	13	15	13	16	13	20	13	15	16	15	19	20	13	13	18	15	15	16	18	17	18	13	15	15	15	13	20	13	15	15	17	20	16	16	17	15	16	17	15	20	20	19	19	15	18	17	16	18	16	16	13	13	13	19	13	20	15	15	17	18	18	16	19	13	16	16	16	15	17	16	13	18	10	16	19	15	16	17	12	19	13	19	18	18	16	19	16	15	17	13	16	19	15	19	17	16	19	15	16	17	18	19	16	18	15	15	16	16	13	19	19	16	16	13	13	16	16	17	14	13	13	13	19	10	18	17	17	16	13	15	19	12	15	15	13	16	15	13	10	15	18	16	13	17	15	16	10	19	19	18	21	16	18	18	19	18	16	16	19	13	18	18	15	16	10	17	19	18	17	18	16	16	18	13	16	18	19	10	18	18	16	13	19	19	15	15	16	18	13	16	17	19	15	18	18	15	15	15	10	14	19	19	13	16	17	19	20	13	18	19	16	16	13	15	13	12	13	16	16	13	18	19	14	19	18	18	16	20	12	17	17	15	17	15	19	18	13	16	18	21	13	15	16	19	19	15	19	16	16	13	19	19	15	16	16	15	20	15	13	16	16	18	19	13	13	18	13	15	16	16	13	19	13	18	16	13	14	16	13	18	13	15	16	15	13	16	16	19	13	13	15	16	10	19	13	20	18	18	19	17	16	19	15	14	17	13	20	10	12	18	13	13	19	16	16	15	13	15	10	19	15	15	19	16	18	17	13	15	17	20	20	16	18	19	16	12	13	20	13	13	19	17	18	15	19	17	17	15	10	13	19	15	20	16	19	17	16	19	15	17	13	17	13	13	17	16	20	15	10	16	14	12	12	15	16	19	18	19	18	13	13	15	16	12	13	19	16	16	19	20	20	15	20	16	18	16	15	18	13	18	16	16	16	13	10	20	13	16	16	21	19	17	18	15	15	16	15	10	11	19	16	15	13	16	17	16	13	16	15	16	19
2024.21817495679	16	16	19	17	16	16	16	22	13	18	13	22	16	16	16	16	16	17	20	17	16	19	15	15	16	19	18	16	16	19	15	22	19	13	16	16	22	19	19	19	19	16	15	16	16	16	18	18	15	16	19	16	18	13	19	19	19	16	18	12	16	15	13	16	16	19	17	16	15	19	13	16	13	16	13	19	16	13	17	16	15	13	16	16	19	16	16	16	18	16	18	16	18	19	15	13	15	16	19	20	16	16	19	16	16	19	13	18	16	15	16	16	19	16	16	19	16	16	19	15	14	19	18	19	16	19	19	16	21	18	13	16	16	15	17	19	17	19	18	15	15	18	16	20	19	15	15	16	16	17	19	15	20	16	13	19	20	16	13	13	13	18	15	19	19	16	17	13	19	19	19	19	20	13	18	13	21	16	18	19	16	19	19	13	13	17	19	16	19	19	16	16	17	13	16	16	18	13	16	16	16	13	15	20	19	19	16	16	18	18	13	18	16	18	19	15	13	16	16	20	16	19	20	16	15	16	16	18	13	15	19	22	18	19	16	16	22	16	16	18	20	15	16	16	16	19	19	19	16	13	19	19	12	15	19	16	13	15	19	18	18	15	13	18	16	21	18	13	16	15	16	19	22	16	19	19	13	16	16	16	13	13	18	16	15	19	21	16	16	21	16	16	15	19	16	19	18	16	16	19	18	19	16	13	21	19	18	16	15	16	19	16	14	13	16	20	13	19	16	19	18	19	16	17	16	20	20	16	20	15	13	17	13	16	20	15	15	16	19	19	18	19	16	15	16	15	15	15	20	22	15	13	13	20	17	20	20	19	16	17	17	16	17	16	15	19	15	16	18	16	18	16	15	14	16	19	15	13	16	16	13	19	20	19	16	20	20	21	17	19	19	19	18	19	19	19	16	17	15	19	13	18	19	19	15	19	16	19	16	19	13	18	15	13	19	20	20	18	17	19	16	13	19	19	15	21	16	18	20	16	20	19	13	16	19	16	20	15	13	20	13	19	19	16	16	18	13	19	15	19	17	15	19	20	16	18	19	19	13	22	18	16	17	17	16	20	15	21	19	16	19	19	18	21	18	15	16	15	15	16	13	18	13	16	19	15	13	20	17	19	18	15	16	16	16	19	18	18	22	15	18	15	15	19	19	16	16	16	19	13	17	16	18	16	16	19	17	16	17	16	13	21	18	16	18	19	19	16	18	13	19	16	16	16	15	13	17	20	16	15	15	19	18	16	17	16	19	16	16	18	19	17	13	13	13	20	20	19	15	17	12	16	17	15	16	16	15	16	13	13	19	19	19	13	20	12	16	16	19	19	20	13	13	18	15	13	13	18	16	18	16	16	16	20	18	20	15	13	16	17	20	15	16	16	18	16	17	20	22	19	19	19	13	19	17	16	18	16	19	16	13	13	19	13	20	18	15	19	16	16	16	19	13	16	16	18	15	18	19	16	18	13	16	19	17	19	17	15	19	13	19	17	19	16	19	16	15	17	18	16	19	14	18	17	18	19	13	16	20	20	22	16	18	13	15	19	19	19	19	19	19	16	13	13	19	19	16	17	13	13	13	19	16	20	13	17	19	19	18	19	15	17	15	13	18	17	16	16	15	19	16	16	17	15	19	13	19	19	17	21	16	16	20	19	18	19	16	19	13	16	18	17	19	13	17	19	15	16	18	16	19	18	15	13	21	18	13	20	18	13	16	19	18	20	15	16	18	12	19	16	19	15	18	18	13	18	16	13	17	19	19	15	16	20	19	21	13	16	19	16	16	16	15	16	15	16	16	16	16	20	19	17	19	18	19	19	20	13	22	15	15	14	18	19	18	16	19	13	19	16	15	16	21	19	20	19	19	19	16	21	19	16	15	16	16	20	17	16	13	16	18	21	16	19	18	16	13	16	16	16	23	13	18	16	16	13	16	13	18	16	13	16	15	15	16	16	19	19	16	14	16	13	19	16	22	16	18	19	17	16	19	20	20	16	16	20	12	13	15	19	19	19	13	19	15	13	15	13	19	13	15	19	16	16	17	16	15	19	20	20	19	19	18	16	18	16	22	13	18	21	17	16	13	19	19	17	18	12	16	19	17	17	16	19	16	19	19	13	18	13	16	13	13	17	16	20	15	16	16	13	12	13	15	19	19	18	19	19	13	13	15	19	17	16	19	16	19	19	19	17	18	16	16	17	16	15	18	19	18	16	19	19	13	13	20	13	16	16	19	19	16	18	15	15	16	13	19	15	19	16	20	13	16	13	19	13	18	15	16	19
2024.223325268	14	14	17	15	14	14	14	17	14	17	11	20	17	14	14	14	14	18	18	17	14	17	16	15	14	17	16	19	14	17	11	20	17	11	17	14	20	17	17	17	17	17	17	14	17	14	14	16	13	17	17	14	16	17	17	17	17	14	17	13	14	11	11	14	17	17	18	14	11	10	11	17	17	17	11	17	19	11	15	14	16	14	14	14	17	19	14	14	16	14	18	14	17	17	14	11	16	19	17	18	14	14	17	14	14	19	14	17	14	17	14	14	17	14	19	19	14	17	17	16	11	17	18	17	14	17	17	14	19	16	11	14	14	16	14	17	16	19	13	17	16	19	14	17	17	13	11	14	14	18	17	14	17	17	17	17	17	17	14	14	14	17	13	17	17	17	14	11	17	17	17	17	18	11	16	11	17	17	16	19	14	17	17	11	14	18	17	14	16	17	17	14	15	14	14	14	17	11	14	14	17	11	14	17	17	17	14	14	11	14	11	16	14	16	17	11	16	14	14	14	14	14	17	14	13	14	17	18	14	13	14	22	16	17	14	14	20	14	14	17	18	14	14	17	14	17	17	17	14	14	17	17	13	13	17	14	11	11	17	18	14	13	11	16	14	17	16	14	14	18	14	17	20	14	17	17	11	14	11	14	11	11	16	17	11	19	17	14	17	19	14	14	13	17	14	14	17	14	14	19	17	17	17	14	19	17	18	14	16	14	17	17	15	14	14	18	11	17	14	17	16	17	14	15	17	17	17	17	17	11	11	14	11	14	18	16	15	14	17	17	14	17	14	11	14	11	11	11	17	20	17	14	11	17	15	18	18	17	14	15	15	14	15	14	17	17	13	17	14	14	21	14	14	12	14	17	11	14	14	14	14	17	20	14	14	20	17	19	16	17	17	11	14	17	19	19	14	17	16	17	17	17	17	19	18	17	14	17	14	17	11	16	11	11	17	17	18	18	16	19	14	11	17	17	11	19	14	16	17	14	17	17	14	17	17	17	17	13	14	18	11	17	17	14	14	18	11	17	16	17	15	15	17	18	14	14	17	17	14	20	18	14	15	15	14	18	16	17	17	17	19	17	16	19	19	13	14	11	11	14	14	18	11	14	17	13	11	16	14	17	16	13	11	19	14	17	17	18	19	13	14	15	14	17	17	14	17	14	17	14	16	17	14	14	17	17	14	14	14	14	14	17	18	14	14	17	17	14	16	11	17	17	17	14	14	11	16	17	17	14	14	13	18	19	17	19	17	14	16	17	17	17	11	11	11	18	19	17	16	14	10	14	15	17	14	14	11	14	11	11	17	17	17	17	18	13	17	14	17	17	17	11	11	19	13	11	11	16	14	14	14	14	14	17	19	17	13	17	14	17	18	16	14	14	18	14	16	18	20	17	17	17	11	17	17	14	18	14	19	17	11	14	17	13	18	14	13	19	14	17	19	11	11	14	17	16	16	18	17	14	16	14	14	17	15	19	15	15	17	11	17	13	14	17	17	11	13	16	16	14	17	14	16	14	16	17	11	14	17	17	20	14	16	11	16	14	17	17	19	17	17	14	11	11	17	17	14	15	11	14	14	17	14	17	11	17	17	17	17	17	17	15	11	11	16	15	14	14	16	17	11	14	15	14	17	11	17	10	14	19	14	11	20	19	16	14	14	17	11	14	18	12	17	11	14	17	14	16	16	14	14	14	13	11	19	13	17	18	19	11	17	17	16	18	17	14	18	10	17	14	17	16	17	16	11	18	14	11	18	17	17	16	17	17	19	19	14	14	17	14	14	14	11	16	13	14	14	14	17	18	17	18	19	17	17	19	17	11	19	13	13	11	18	17	16	17	17	11	17	14	14	14	19	17	18	17	17	17	14	19	19	14	16	14	14	18	12	17	11	11	14	19	14	17	18	14	11	14	17	17	19	11	14	14	14	11	17	14	17	17	11	17	13	16	14	14	17	17	14	10	14	14	17	17	19	17	18	14	14	14	19	18	18	14	14	20	15	11	14	17	17	17	11	14	13	11	18	14	17	11	16	17	14	17	15	14	11	17	18	17	17	14	17	14	18	19	19	14	19	19	17	11	11	19	17	15	14	10	14	17	15	14	14	19	14	17	19	11	18	11	16	14	11	17	17	19	14	14	14	11	13	14	13	14	17	16	17	17	11	11	17	17	15	17	17	17	17	19	17	14	16	14	14	15	14	11	14	17	16	14	17	17	14	11	17	14	14	17	17	17	16	18	13	13	17	16	17	13	17	14	18	11	14	11	17	14	16	13	14	17
2024.22847557922	15	18	18	16	17	18	15	18	18	18	15	20	15	15	15	15	15	18	20	18	15	20	17	16	15	15	15	20	17	18	12	20	18	12	18	17	20	18	17	18	18	18	18	15	20	12	18	19	14	18	15	15	17	18	18	18	18	14	18	17	18	12	15	15	18	17	19	15	15	14	18	18	18	18	15	18	20	15	15	18	17	15	15	15	18	20	18	15	17	18	18	15	20	18	18	12	18	20	18	19	18	15	18	15	18	20	15	18	15	18	15	15	18	15	20	20	15	18	18	17	15	18	16	18	17	18	20	15	20	19	15	15	15	18	18	18	17	20	12	18	19	20	18	18	18	15	15	15	18	18	18	18	18	18	18	18	18	18	15	18	15	18	14	18	18	18	18	18	18	20	20	18	18	12	19	18	20	18	17	20	15	18	20	15	20	19	18	15	19	18	18	18	15	18	18	18	18	12	18	15	18	15	15	18	18	18	15	15	15	18	15	17	18	18	18	15	17	15	20	18	18	17	18	18	15	15	18	18	18	12	15	23	18	18	15	20	21	18	15	18	18	15	15	18	15	16	18	18	15	18	18	18	17	12	18	15	15	15	18	18	15	14	15	17	15	20	14	18	14	19	18	15	21	20	18	15	12	15	15	15	15	12	17	18	12	19	18	18	18	20	15	20	14	20	15	15	18	18	15	18	18	15	20	15	20	18	18	18	17	17	18	18	14	18	15	18	12	18	18	18	18	18	17	18	18	18	18	18	18	12	15	15	18	15	19	17	15	15	18	18	20	18	15	12	18	12	15	12	18	21	18	15	12	18	16	18	18	18	15	18	15	15	15	15	18	18	15	20	20	15	23	18	18	14	18	20	15	18	18	15	20	18	20	15	15	21	15	20	17	20	18	12	15	18	20	20	18	18	19	15	18	18	20	20	19	18	18	18	18	18	15	17	18	15	18	18	18	15	17	20	18	15	15	18	18	20	20	18	20	15	20	18	15	18	15	18	18	14	15	19	15	20	18	15	18	18	12	15	17	18	16	16	17	15	18	15	20	20	15	23	21	18	18	15	15	19	17	18	18	18	20	17	17	20	20	19	18	15	12	18	15	16	12	15	20	14	15	19	15	20	18	17	15	20	12	15	18	15	20	14	20	18	15	15	20	15	18	15	18	15	15	18	12	15	18	20	17	18	18	15	15	20	19	14	18	20	18	18	15	15	18	18	18	20	15	15	17	18	18	18	15	14	15	20	18	20	20	18	17	18	18	18	15	15	12	18	20	18	17	15	14	15	15	18	17	20	18	18	15	15	15	18	18	18	19	17	18	15	19	18	18	12	15	20	15	12	12	17	15	18	14	15	18	18	20	18	14	18	15	18	18	17	17	15	15	20	17	19	21	17	18	18	12	18	18	15	18	15	20	18	12	17	18	17	19	20	14	20	15	21	20	12	15	17	20	17	15	19	20	18	18	15	18	18	15	20	17	15	20	15	20	14	15	18	20	15	12	17	17	15	18	19	19	17	17	18	15	18	18	20	23	18	19	15	17	15	18	18	20	18	18	15	15	15	20	20	15	15	15	18	15	18	18	18	15	18	20	18	18	12	18	18	15	18	17	18	18	15	18	18	15	15	19	15	18	15	18	14	15	20	15	15	21	20	18	15	18	17	18	18	19	14	18	12	15	18	15	17	15	15	15	15	14	12	18	14	18	19	20	12	18	15	17	18	15	15	20	14	18	15	20	17	18	15	12	18	18	12	18	18	18	17	15	18	20	20	20	15	18	15	15	18	12	17	15	18	18	15	18	18	18	18	20	18	18	18	18	15	20	14	14	15	16	18	14	18	18	12	20	18	18	15	20	18	18	18	20	18	18	20	20	15	17	15	15	19	14	18	12	12	18	20	15	20	19	15	18	15	18	18	18	15	15	15	18	15	18	15	18	18	12	18	14	17	15	15	18	18	18	14	18	18	18	18	20	18	18	17	15	15	20	18	20	15	15	20	19	15	15	18	20	20	12	15	14	15	18	15	20	12	18	17	15	18	16	18	15	18	18	18	20	17	18	15	21	20	20	18	20	20	18	15	15	20	15	18	18	17	15	20	18	15	18	20	18	18	20	15	19	15	17	18	12	18	18	20	18	15	20	15	17	18	15	12	18	19	15	18	12	12	18	15	15	18	12	18	18	20	20	15	19	15	18	13	18	12	20	18	14	15	18	18	20	15	18	15	15	18	18	18	17	18	14	15	18	17	18	14	18	15	18	15	18	15	18	18	17	14	15	18
2024.23362589043	15	17	17	14	17	20	17	17	17	18	14	20	14	14	19	15	15	17	20	17	14	19	16	16	14	17	14	19	16	17	15	20	17	14	20	17	19	19	16	19	18	19	19	18	19	15	14	17	15	20	17	14	16	17	17	12	18	16	17	16	17	14	15	14	16	16	19	15	14	13	17	17	17	17	16	17	19	16	16	19	16	17	16	15	16	19	19	16	16	17	16	19	19	18	17	14	17	19	17	18	18	18	17	15	17	19	14	14	16	17	15	16	17	16	19	19	19	17	17	15	14	17	14	17	16	19	19	16	19	17	14	20	16	17	20	19	13	19	11	19	15	19	17	19	17	19	15	16	18	17	18	17	17	15	17	14	19	19	14	17	16	17	14	17	17	20	18	17	17	19	16	18	19	15	17	19	20	17	17	20	14	18	19	16	18	19	17	14	18	17	17	18	17	19	18	17	19	15	17	18	17	14	14	20	17	19	14	15	17	14	14	19	13	18	17	15	16	16	19	20	18	16	19	17	17	16	20	18	17	14	14	17	17	16	14	19	21	16	16	19	19	14	15	17	17	17	19	19	16	17	17	19	17	11	17	15	16	14	19	19	19	15	17	18	16	20	16	17	16	17	18	14	21	20	19	15	17	14	17	17	14	15	16	16	15	18	19	16	17	21	19	19	16	19	15	16	17	17	14	18	17	15	16	16	20	16	16	17	16	17	17	18	17	18	18	20	14	12	17	18	17	19	16	17	18	18	19	20	19	15	15	17	17	16	14	18	19	15	17	17	19	14	15	17	18	17	14	14	17	20	19	14	17	18	14	19	16	20	20	17	16	16	16	17	19	16	17	19	19	17	20	17	16	17	17	16	14	17	20	14	19	17	19	17	14	19	14	20	13	19	17	14	19	17	18	19	17	17	15	14	17	22	19	19	17	20	17	19	17	17	16	18	17	17	17	20	19	16	17	19	17	14	16	17	17	20	20	20	20	18	19	16	15	18	16	17	20	16	17	19	14	17	18	17	19	16	16	17	18	14	17	15	16	14	17	17	19	19	20	23	19	17	19	14	15	14	18	19	18	17	19	17	16	19	17	17	18	15	15	17	19	14	14	19	19	14	17	18	15	19	18	16	14	19	15	16	18	17	20	15	20	17	19	16	19	14	17	16	17	14	14	17	15	16	17	19	17	17	18	18	17	20	17	16	19	19	17	13	14	15	18	18	19	19	19	14	19	19	17	17	15	16	17	19	17	16	19	17	19	14	18	19	14	14	14	17	19	17	18	17	14	16	17	19	17	19	17	17	18	17	17	20	17	17	17	17	18	15	18	17	19	14	17	17	18	11	14	18	17	17	16	17	17	19	19	19	15	17	14	17	18	18	16	15	17	20	17	14	20	16	20	17	15	17	17	17	18	18	19	17	15	19	17	16	17	19	15	19	16	22	16	14	17	16	19	17	17	19	19	17	19	17	18	19	16	19	16	19	19	14	19	16	14	16	19	17	14	16	16	18	20	18	18	19	19	16	14	17	19	19	23	13	15	17	18	17	17	17	17	18	12	17	18	19	19	17	14	17	14	17	16	19	18	17	17	18	19	18	22	14	19	19	14	18	16	19	17	19	17	17	16	14	17	17	18	14	18	13	16	18	14	17	19	19	19	16	13	16	17	17	17	13	17	15	17	18	14	16	15	17	16	19	10	14	17	13	17	18	17	14	19	14	17	20	14	16	19	14	17	18	16	18	19	15	14	16	17	15	18	16	19	16	14	19	19	19	19	15	16	14	17	17	15	17	19	17	18	14	20	17	17	18	19	19	17	18	20	16	19	13	17	14	14	15	16	17	20	14	19	17	17	19	21	20	17	15	19	16	17	21	19	14	18	14	17	14	13	17	14	14	17	19	18	17	17	15	19	18	18	17	19	17	19	19	17	14	17	16	17	17	17	17	11	18	16	14	17	17	18	16	18	18	17	17	19	18	15	16	17	16	19	17	19	14	16	19	19	16	14	17	17	20	14	14	11	19	17	17	19	17	17	13	17	20	15	17	15	18	16	20	19	19	17	14	19	19	19	17	19	20	20	15	14	20	16	17	19	16	14	20	17	15	17	19	17	18	19	15	19	19	16	17	15	17	17	19	17	14	19	14	16	19	17	12	18	15	14	17	15	15	17	17	14	17	14	17	19	19	19	16	17	14	17	12	17	15	19	17	16	14	17	18	18	16	17	19	20	17	17	17	16	19	14	15	17	16	17	15	17	14	20	17	17	17	14	17	19	17	14	17
2024.23877620165	19	18	18	16	19	20	18	18	18	17	15	22	15	18	18	17	19	18	19	18	15	18	17	15	17	16	16	19	15	18	19	22	18	14	19	17	18	13	15	18	14	18	18	19	19	16	15	18	14	19	16	15	17	19	18	14	19	18	18	18	18	16	16	19	17	13	18	19	16	14	18	18	18	18	17	18	18	17	16	18	17	19	15	19	15	18	18	15	15	18	15	18	18	20	18	18	18	19	18	20	19	19	16	16	18	18	18	15	15	16	19	16	15	16	18	18	18	18	16	20	15	18	15	18	14	18	18	15	18	15	15	20	15	18	19	18	13	18	15	18	14	18	18	18	18	18	16	15	17	18	17	18	17	17	18	15	18	19	15	18	15	18	15	16	18	19	20	18	16	18	15	19	19	16	18	18	20	18	16	19	15	19	18	18	18	18	15	15	17	15	18	19	16	18	19	18	15	16	18	19	18	16	16	19	16	18	15	16	16	15	18	18	14	19	18	16	15	15	19	19	19	15	18	15	18	15	19	19	18	14	15	17	18	15	15	15	22	15	15	18	19	15	19	18	18	18	18	13	15	18	19	18	18	15	15	16	17	15	18	18	18	17	18	17	16	20	15	18	17	17	19	16	22	19	18	16	18	15	16	18	15	16	14	17	16	12	18	15	18	18	18	15	15	18	17	14	18	18	18	17	18	17	15	15	20	17	15	18	17	19	18	19	18	19	19	19	15	14	18	17	18	19	14	18	19	19	15	19	18	16	20	16	18	15	15	15	18	17	18	18	15	16	17	19	19	18	16	16	18	15	18	15	18	19	15	18	15	19	19	16	16	15	15	18	18	15	18	18	15	18	19	18	15	18	18	15	15	18	20	15	19	19	18	16	15	19	15	19	13	19	18	14	18	16	14	18	18	16	14	15	18	21	18	18	17	19	18	18	18	18	17	17	19	18	18	19	17	18	16	18	18	15	15	18	19	19	19	16	19	19	15	17	16	17	15	18	19	15	19	18	15	16	14	19	18	15	18	17	19	15	16	14	13	15	18	18	18	18	19	22	18	18	18	15	17	15	19	18	19	18	18	18	14	18	17	18	19	14	16	18	19	15	18	18	19	15	18	17	16	16	19	17	16	18	16	15	17	16	20	14	19	18	18	15	18	18	18	15	18	15	13	18	16	16	16	18	16	18	20	19	18	20	19	17	18	18	18	14	16	19	19	19	19	19	18	15	18	16	18	19	16	17	16	19	19	15	15	18	18	15	14	18	15	15	14	15	18	18	19	16	15	15	17	18	19	18	19	18	19	18	16	19	16	19	18	18	19	17	17	18	15	15	16	17	19	15	15	17	16	15	17	18	18	18	18	16	17	18	15	16	19	15	14	16	16	19	16	15	15	17	19	19	16	18	18	18	19	16	18	18	16	18	18	17	18	15	16	18	15	21	15	14	18	14	15	16	18	18	18	18	18	19	19	15	14	18	15	18	13	15	18	14	15	17	18	16	14	19	15	16	16	17	13	18	18	14	15	18	18	15	22	14	16	18	19	16	18	18	16	14	14	19	19	18	18	16	17	17	18	18	15	18	19	18	18	19	18	14	21	16	18	18	15	19	14	18	18	18	18	18	16	18	18	18	19	18	17	14	15	17	15	16	19	18	18	15	14	15	18	18	19	14	18	16	18	14	16	17	14	18	15	18	12	15	16	15	18	20	17	14	18	16	15	19	15	15	15	15	17	15	15	19	15	14	15	15	18	16	20	17	18	17	16	18	19	18	19	17	14	15	18	18	19	16	18	18	17	15	19	18	18	20	18	18	18	17	19	18	18	14	18	15	15	16	15	18	19	15	18	18	18	18	18	16	19	17	18	15	18	18	18	15	15	15	18	15	14	18	15	16	15	18	19	16	19	16	18	19	19	18	18	18	18	18	18	15	18	15	18	19	18	18	16	19	15	15	16	18	19	15	19	19	18	18	18	19	16	15	18	13	19	18	18	17	15	18	18	18	15	19	16	20	14	15	18	18	18	18	15	18	18	14	19	19	16	18	16	19	15	19	18	18	18	15	18	18	18	18	18	19	19	17	15	19	15	19	18	17	18	19	16	16	15	18	18	19	19	19	18	18	17	18	16	18	20	18	18	18	19	15	18	18	18	14	17	16	15	18	16	16	18	16	18	19	16	18	18	19	18	15	18	15	18	13	18	19	19	18	15	15	16	19	18	17	15	19	20	18	18	18	17	18	15	17	18	15	18	14	19	15	19	16	18	18	15	19	18	18	15	18
2024.24392651287	18	14	17	15	18	19	17	17	17	16	14	21	14	17	17	13	18	17	16	17	14	17	16	14	16	15	15	18	14	17	18	21	15	13	15	16	17	11	14	17	13	16	17	18	18	15	13	17	13	18	15	12	13	18	17	13	15	17	14	17	17	15	15	18	16	12	17	18	18	13	17	17	17	17	16	17	17	16	15	17	16	18	14	18	14	17	17	12	14	17	14	17	17	21	17	17	16	18	17	19	15	18	15	18	17	17	17	14	14	15	18	18	17	18	17	15	17	17	15	19	14	17	14	15	13	17	17	13	17	14	14	19	14	16	18	16	12	17	14	17	13	17	17	17	14	17	18	12	13	17	13	17	16	16	17	14	17	18	17	17	14	14	16	15	19	15	18	17	15	17	17	18	17	15	17	17	19	15	15	15	14	18	17	17	17	17	17	12	16	14	16	18	13	17	18	17	14	15	17	18	14	15	15	18	15	17	14	16	15	13	17	17	13	18	17	18	14	12	18	17	18	14	17	17	17	17	18	18	17	13	14	13	17	14	14	14	21	14	14	17	17	14	18	16	17	17	17	11	13	17	18	17	17	14	14	15	16	14	17	16	17	16	17	16	15	19	14	17	16	16	18	15	21	18	16	15	17	14	15	17	14	15	11	16	18	11	17	14	17	15	17	14	17	17	16	11	14	17	17	16	14	13	14	14	19	16	14	17	16	18	17	18	17	18	18	18	13	13	17	13	17	16	13	17	18	18	14	18	17	18	19	15	17	17	14	14	17	13	14	17	14	15	13	18	18	17	18	15	17	14	17	17	17	18	14	14	13	18	18	15	15	17	14	17	17	14	17	17	14	17	18	17	14	17	17	17	17	17	19	14	18	18	17	15	14	15	13	17	12	19	15	16	16	15	13	19	17	15	13	14	17	20	17	14	16	18	17	16	14	14	16	16	18	17	17	20	16	17	12	17	17	14	14	17	18	17	18	15	18	18	14	15	15	16	14	17	20	14	18	17	14	15	13	18	14	14	17	16	18	14	15	13	12	17	17	17	17	17	18	21	17	17	17	14	16	14	18	17	18	17	17	17	11	17	16	17	18	13	18	14	18	14	17	17	19	17	17	16	15	15	18	16	15	17	15	14	16	15	19	13	17	17	17	14	17	17	17	14	17	14	12	17	15	15	15	17	15	17	18	18	17	19	18	16	17	14	17	13	15	18	15	18	18	18	17	14	17	15	14	18	15	13	15	18	18	14	14	17	17	14	13	17	14	16	13	14	17	17	18	15	14	14	19	17	18	17	18	17	18	17	15	18	17	18	17	17	18	18	16	17	14	14	18	16	18	14	14	16	15	13	16	17	17	17	17	15	16	17	14	15	15	14	13	18	15	18	12	14	14	13	18	18	18	17	17	14	18	15	17	17	15	17	17	16	17	14	15	16	13	20	14	16	17	13	14	15	17	17	17	16	17	18	18	13	13	14	14	17	12	14	17	12	14	16	17	15	13	16	14	15	15	16	12	15	16	13	17	17	17	14	21	13	15	17	18	15	17	17	14	13	13	18	17	16	17	15	16	19	17	17	14	17	18	17	17	18	15	13	20	15	17	17	14	18	11	17	17	17	16	17	15	17	17	14	15	17	15	13	14	18	14	15	15	17	17	17	13	12	17	17	18	13	17	18	17	13	15	16	13	17	17	16	11	14	17	11	17	19	16	13	17	14	14	18	14	14	14	14	16	14	17	18	14	13	14	14	17	18	19	16	12	16	15	17	18	17	18	16	13	14	17	14	18	15	17	17	13	14	18	17	17	19	17	17	17	16	20	17	17	11	17	14	14	15	14	17	18	14	15	14	17	17	15	15	18	16	17	12	17	15	14	14	14	13	17	14	13	17	13	15	13	17	18	15	18	18	17	18	18	16	17	17	17	17	17	16	17	14	14	18	17	17	17	18	14	14	15	17	18	13	15	18	15	17	17	18	15	14	17	11	18	17	17	16	12	17	17	17	14	18	15	16	13	14	16	17	17	17	14	17	16	11	18	18	15	14	18	18	13	20	14	17	14	14	17	17	17	17	17	17	18	16	14	15	14	18	17	16	15	18	15	15	14	17	17	17	18	18	17	17	16	17	15	17	19	17	17	17	18	16	17	17	17	13	16	15	14	17	15	15	17	15	17	18	15	17	17	18	17	14	17	12	17	12	14	18	15	17	14	14	17	17	17	16	14	18	19	17	17	15	16	16	16	19	17	14	17	13	18	13	18	18	17	17	14	18	17	17	13	17
2024.24907682408	18	14	16	15	18	16	17	14	16	16	14	21	13	17	17	13	18	17	16	16	13	17	15	13	16	15	14	16	14	12	18	21	15	13	14	15	16	11	14	16	13	16	17	18	18	15	13	14	13	15	15	12	13	18	17	13	15	15	12	17	16	15	15	18	14	12	17	18	17	16	17	17	17	14	16	14	17	16	15	14	15	18	14	18	14	17	14	12	12	17	14	17	17	21	17	17	16	16	17	19	14	18	12	18	17	17	16	14	12	15	18	18	17	18	15	14	17	13	12	19	13	14	14	15	13	14	17	13	15	13	13	18	14	16	18	13	12	11	13	17	13	17	17	17	14	17	18	12	13	17	13	17	14	16	17	14	17	14	17	17	14	13	16	14	19	14	18	17	14	12	16	18	17	15	17	17	17	15	14	13	12	16	17	17	17	17	17	12	16	12	16	16	12	17	18	17	16	18	17	17	13	15	15	18	14	17	14	16	15	13	16	15	16	15	14	18	14	12	18	17	17	14	17	16	17	15	18	18	17	13	14	13	17	14	12	14	21	14	14	13	17	14	18	16	14	17	17	11	13	17	18	17	17	13	12	15	16	13	14	16	13	16	17	16	12	17	14	17	16	18	17	15	21	18	13	13	17	14	15	17	14	15	11	14	18	11	17	14	13	14	14	14	17	17	15	11	13	16	16	16	13	13	14	14	16	13	14	17	13	18	14	18	16	18	18	18	13	13	17	13	17	13	13	16	18	18	13	15	12	18	19	15	17	15	14	14	17	13	14	17	14	12	13	17	18	17	17	15	17	14	17	16	16	18	13	14	11	17	16	15	15	17	11	17	17	13	17	14	14	14	18	17	14	17	17	16	17	16	16	12	18	18	17	13	12	15	11	15	12	17	15	16	13	15	13	19	14	15	13	14	17	20	17	13	18	17	19	13	14	14	16	16	18	17	17	20	13	17	12	14	16	13	14	17	18	15	18	14	15	18	14	15	15	16	14	17	20	14	18	16	14	15	13	20	14	14	17	16	18	13	14	11	12	17	14	16	15	12	18	21	17	17	17	12	15	13	18	17	18	17	17	15	11	15	15	16	17	15	18	14	18	14	16	17	17	17	17	13	13	15	15	16	15	15	15	14	16	18	18	13	17	16	16	14	14	16	14	14	17	14	12	15	15	12	15	15	13	17	18	17	17	17	18	16	16	14	14	16	14	18	15	18	14	18	16	14	17	15	14	17	15	16	18	16	18	13	14	14	15	14	13	17	14	16	13	14	13	16	18	15	13	14	17	17	18	17	18	14	18	17	15	18	17	18	12	17	18	16	16	12	13	14	18	15	18	14	14	16	13	13	16	17	17	17	17	15	16	16	14	15	14	14	13	18	18	18	12	14	14	13	17	18	18	17	16	14	18	15	16	16	14	17	13	16	12	14	14	16	13	19	13	16	17	13	14	14	17	17	14	16	17	18	18	11	13	12	14	17	15	14	15	12	13	14	15	15	13	15	12	15	14	16	10	15	16	13	16	14	17	14	21	16	15	16	18	13	17	16	14	13	13	18	17	16	14	15	16	17	16	17	14	11	18	14	17	18	15	13	20	15	17	17	13	17	11	17	16	17	16	17	18	17	17	14	15	17	15	16	14	14	12	14	15	11	17	17	16	11	17	17	18	13	17	18	17	13	15	16	13	16	17	13	14	14	14	13	17	19	15	13	17	14	12	18	13	12	13	13	16	14	16	18	16	13	14	14	17	18	19	13	12	15	15	17	18	17	18	16	13	14	17	14	18	15	17	17	13	14	18	17	13	19	14	13	17	16	20	17	15	11	17	13	14	15	14	17	18	14	12	14	17	17	14	14	18	16	17	15	17	14	13	14	14	13	14	13	13	17	13	15	13	17	18	15	18	18	17	18	15	16	17	17	13	17	17	16	13	14	13	15	16	17	17	18	11	14	12	16	17	13	14	18	15	17	17	18	15	12	17	11	18	17	17	16	12	17	17	17	14	15	15	14	13	14	16	17	17	17	14	16	16	11	20	15	18	14	18	18	11	20	14	16	12	17	17	17	17	17	17	15	15	16	14	13	14	18	16	16	15	16	15	13	13	12	17	14	18	18	17	17	16	16	14	16	17	13	17	17	18	16	17	17	17	13	16	15	14	17	15	14	17	15	17	18	15	17	16	18	15	14	17	12	14	15	14	18	15	16	14	14	17	14	17	16	14	18	18	14	14	15	16	16	16	19	17	14	17	13	18	13	18	18	14	17	14	18	15	17	13	17
2024.2542271353	16	12	12	12	13	13	13	9	14	16	12	13	11	15	11	10	16	15	11	12	9	14	13	11	13	12	12	14	11	9	15	13	9	11	12	13	11	9	13	11	9	14	15	12	12	12	11	11	11	12	12	10	10	15	14	11	13	13	9	15	14	12	13	13	11	10	14	16	15	13	15	11	14	11	14	10	14	14	13	12	13	16	11	12	10	13	11	10	10	14	12	11	15	16	12	14	14	14	11	13	12	12	9	15	14	13	14	11	9	13	16	15	15	15	13	9	12	11	9	16	11	10	12	10	11	10	12	11	12	11	11	16	12	14	14	11	10	9	11	15	10	13	14	14	12	15	15	9	10	12	11	14	12	14	14	11	14	12	15	14	11	11	14	10	17	12	16	15	10	10	12	13	15	13	12	15	11	13	10	10	12	10	9	14	15	14	15	9	11	9	14	13	13	15	16	15	14	16	14	13	11	13	12	16	10	14	12	14	12	11	14	12	14	12	11	15	11	10	13	12	15	10	12	14	14	12	13	12	14	11	11	11	12	10	12	11	18	12	12	11	15	11	12	14	12	14	14	9	11	14	10	14	14	14	9	12	14	11	11	11	11	13	14	10	10	11	11	14	13	16	15	12	18	13	11	10	15	14	12	12	11	13	9	11	15	9	11	12	11	12	12	11	14	14	16	9	11	14	14	14	11	11	11	11	14	12	12	11	11	16	10	15	14	16	15	15	11	11	15	11	12	10	11	14	16	15	11	12	9	15	17	11	16	12	12	11	15	10	12	14	12	9	10	15	16	14	15	12	14	9	15	14	14	11	11	10	9	13	14	12	13	13	9	12	15	11	14	11	12	12	16	14	11	14	14	12	14	14	13	9	15	10	12	14	9	12	9	10	10	13	10	13	11	13	11	12	12	12	10	9	15	15	9	9	16	13	16	11	12	9	14	10	15	14	14	13	10	14	10	11	14	11	10	15	15	10	13	12	10	15	11	13	12	14	9	14	13	11	16	14	11	13	11	15	11	12	14	11	15	9	12	9	10	13	11	11	9	10	16	13	15	15	15	12	16	12	15	11	10	13	13	10	9	12	12	14	15	13	15	12	15	11	14	12	13	15	15	9	10	10	12	13	13	13	12	9	16	16	13	11	15	14	12	9	11	14	12	10	11	11	10	12	12	10	13	12	14	14	16	13	15	11	15	13	14	11	9	14	12	15	13	15	12	13	12	11	12	10	11	15	12	14	16	14	13	11	9	12	13	11	11	14	11	14	11	11	9	14	14	11	11	12	15	15	13	14	15	14	15	15	13	16	13	15	9	14	15	13	11	9	9	11	15	12	15	11	11	10	10	11	14	12	14	14	13	10	13	14	11	12	10	11	11	13	16	13	10	12	9	8	13	10	15	11	12	11	12	13	12	14	12	14	11	14	9	12	12	12	11	17	11	13	14	11	11	10	14	12	11	14	11	16	13	9	11	10	9	15	12	11	9	10	11	11	9	12	11	13	10	13	10	13	8	12	12	10	14	11	12	11	13	14	12	14	15	14	14	14	9	10	11	13	15	14	10	10	13	15	14	14	11	9	16	11	14	14	12	11	15	12	15	15	11	15	9	15	14	15	14	11	15	15	12	11	12	15	13	13	9	12	9	12	12	9	11	14	14	9	15	11	15	11	14	16	12	9	12	14	11	14	14	11	12	11	12	11	15	13	12	11	14	10	9	13	11	9	11	11	11	14	12	15	14	11	12	12	14	16	15	12	9	13	15	12	10	9	15	14	10	15	13	12	15	12	15	14	10	11	13	14	11	15	9	11	11	14	13	15	10	8	14	11	12	10	11	14	13	11	9	12	14	12	12	10	15	10	14	13	14	12	9	11	11	11	12	12	11	15	11	15	11	10	13	13	15	15	15	13	12	14	14	15	11	12	14	14	11	11	11	13	14	11	15	14	9	12	9	14	15	11	12	16	10	14	9	12	12	9	12	9	10	16	15	13	10	12	15	15	11	13	13	11	11	12	14	14	14	15	9	14	14	9	15	12	15	12	15	11	9	13	11	14	9	12	15	13	9	14	13	10	13	13	11	10	10	13	14	14	13	13	12	10	11	9	12	12	10	15	12	14	14	14	12	12	15	9	14	15	13	14	15	15	14	11	13	12	9	11	13	12	14	12	15	15	12	11	11	10	12	11	12	9	11	11	11	15	12	14	11	14	13	12	15	14	9	15	16	11	9	10	14	11	14	16	11	11	15	11	10	11	15	15	11	14	11	15	12	14	11	9
2024.25937744651	13	10	9	10	13	15	12	9	13	13	10	13	10	12	10	10	14	12	10	12	9	10	10	10	13	12	11	13	9	9	14	13	9	10	11	12	9	12	12	12	9	10	12	14	11	11	10	13	9	11	12	9	9	14	9	10	13	13	9	14	12	11	11	13	11	9	12	13	14	13	14	10	13	10	12	9	12	13	10	10	10	14	10	11	9	12	13	9	8	12	10	10	12	14	14	13	13	13	9	11	11	14	9	13	12	12	13	10	9	11	14	13	12	13	12	9	12	10	9	15	10	9	10	9	13	9	9	10	8	10	10	15	9	13	13	9	10	9	10	12	10	11	10	9	9	13	14	9	10	12	10	13	9	13	13	9	9	11	13	13	10	10	13	10	12	11	14	14	10	9	12	15	14	11	10	13	11	12	9	10	12	10	9	13	14	12	12	9	9	12	12	13	13	13	14	10	13	14	10	13	13	11	11	10	10	12	10	13	11	10	13	11	13	11	9	14	13	9	13	11	13	9	9	13	13	12	11	11	13	10	9	10	10	9	12	10	10	11	9	10	14	10	11	12	10	13	12	12	10	13	10	12	14	13	12	13	12	10	12	10	13	12	13	9	10	11	10	13	12	15	13	12	10	13	9	10	13	13	11	13	10	11	8	11	14	9	9	11	10	11	12	10	13	10	14	9	10	13	13	10	10	10	10	10	10	12	10	10	10	13	9	13	14	14	14	10	10	10	10	10	10	10	9	12	13	10	9	11	9	14	15	10	15	12	9	12	13	10	9	12	13	9	10	14	14	13	14	11	12	11	12	13	13	10	9	9	9	10	13	10	10	12	9	10	12	9	13	10	13	10	14	10	10	14	13	12	13	13	15	9	14	10	12	13	9	10	9	9	10	13	9	13	10	9	9	12	10	12	10	9	13	12	9	9	15	10	15	9	10	9	13	9	16	13	12	13	10	13	10	9	13	10	9	9	16	9	13	11	10	14	9	8	11	12	9	12	13	13	14	12	10	9	8	14	10	10	13	11	14	9	10	9	9	13	10	10	9	9	14	10	10	10	12	12	14	12	14	9	10	12	12	10	8	8	12	13	13	12	14	11	14	10	13	12	13	13	13	9	10	9	11	12	14	12	11	9	13	14	10	9	11	13	12	9	9	13	10	9	9	10	8	12	11	10	12	9	13	10	14	13	13	11	11	12	13	9	9	13	11	14	13	13	11	13	12	10	12	9	10	14	14	13	14	13	13	10	12	10	12	10	8	10	10	13	10	12	12	12	13	10	11	9	14	12	13	12	16	13	14	13	10	10	12	14	9	14	14	13	9	9	9	10	14	12	14	10	10	9	10	10	12	10	10	9	11	9	12	13	9	12	10	12	13	13	14	13	10	9	11	9	10	10	14	9	12	10	11	11	9	10	14	13	9	13	9	13	11	11	10	15	10	13	13	13	10	9	13	10	9	10	10	14	11	9	9	9	9	13	12	10	9	10	9	11	9	11	10	13	8	11	10	13	12	12	11	10	13	10	9	9	10	13	11	13	14	13	9	9	9	10	10	13	14	13	9	9	13	14	13	13	10	9	14	12	13	13	9	8	12	12	12	12	10	14	8	12	13	12	13	9	14	13	12	10	13	13	13	13	9	11	9	11	10	9	10	12	13	9	13	10	11	10	9	14	12	9	11	12	10	13	12	10	12	10	11	12	13	11	12	10	10	10	10	11	10	9	10	11	9	14	12	14	13	10	10	10	10	14	14	12	9	10	14	9	10	8	14	12	10	13	12	10	14	10	13	13	10	13	11	12	9	14	9	10	9	10	13	13	8	9	13	10	10	10	10	10	10	10	9	10	13	12	11	10	10	10	12	12	10	11	9	9	12	10	10	12	10	10	10	14	10	8	11	9	11	13	13	13	11	12	9	13	13	12	10	13	10	10	10	14	13	10	14	13	9	12	9	9	13	11	11	14	9	12	8	11	11	9	12	9	10	12	9	13	9	12	14	13	10	11	9	11	10	9	13	13	13	13	12	13	13	9	14	11	13	10	14	10	9	13	9	12	9	12	10	12	8	13	11	9	13	12	10	10	9	13	13	13	12	13	10	10	10	9	12	10	10	14	10	13	12	13	14	12	13	12	13	12	13	13	14	13	13	10	13	11	9	9	11	14	13	12	12	11	12	10	12	10	9	9	10	9	10	12	10	14	11	9	10	13	12	10	14	12	12	14	15	10	9	9	12	10	13	15	10	13	9	9	10	10	10	14	10	13	9	16	11	13	10	9
2024.26452775773	14	11	10	11	13	16	12	13	12	13	11	14	13	12	11	14	14	10	11	12	10	10	10	10	13	10	12	10	10	10	14	14	10	11	11	13	9	13	13	13	10	10	10	15	11	12	11	14	10	11	10	10	10	11	13	11	14	13	10	16	12	15	12	13	9	10	10	13	15	14	14	10	11	10	12	10	9	13	14	14	10	13	10	12	10	9	14	10	12	12	10	11	13	15	14	13	11	10	10	12	15	15	10	13	12	12	12	10	10	10	14	14	13	14	9	9	12	10	10	13	11	10	13	10	13	10	10	11	9	11	11	15	10	11	13	10	13	9	11	10	10	9	14	10	10	14	14	10	11	10	11	11	10	14	11	13	10	14	12	14	10	10	13	14	13	11	14	14	11	13	13	14	14	12	11	13	12	12	10	10	12	11	10	13	13	10	13	10	10	13	13	13	14	11	13	11	13	15	11	13	13	12	11	11	11	13	13	13	15	11	13	11	14	12	10	14	12	10	13	12	13	13	10	14	13	12	12	11	14	11	10	13	11	10	12	11	11	12	10	10	14	10	12	13	11	12	10	13	11	14	11	10	12	14	13	14	12	11	13	10	14	12	13	10	11	12	11	11	12	14	13	10	11	13	10	11	13	14	12	14	11	12	9	9	14	9	10	12	10	12	14	11	13	10	15	10	10	14	11	10	10	11	10	10	11	13	10	11	10	13	10	11	12	15	15	11	11	11	11	11	11	11	10	12	14	11	10	11	10	14	15	11	15	12	10	10	12	14	10	13	14	10	14	14	13	13	15	15	14	12	10	12	13	11	10	10	10	14	14	11	14	13	10	11	10	10	13	10	14	11	11	11	11	15	14	13	14	11	16	10	13	11	12	14	10	10	10	10	13	14	10	14	11	9	9	13	11	13	10	10	10	14	10	10	14	14	14	10	11	10	13	10	16	14	14	14	14	13	10	10	14	11	10	10	16	10	13	12	11	15	10	9	11	10	10	13	14	14	13	10	11	10	9	15	11	10	13	12	12	10	11	9	10	14	11	11	10	13	12	11	10	11	12	12	15	13	12	10	11	13	12	11	9	9	10	13	13	13	14	12	12	10	13	12	14	15	13	10	11	10	12	14	15	9	12	10	13	14	11	10	12	12	12	10	10	11	10	10	10	10	9	10	12	11	10	10	14	11	14	13	11	12	11	12	14	10	10	14	12	14	14	11	14	13	12	11	12	10	10	13	14	14	14	10	11	10	13	11	11	10	9	10	11	13	11	13	12	13	13	11	12	10	15	10	13	12	16	14	14	13	11	11	13	11	10	12	14	14	10	10	13	11	14	10	14	11	11	10	11	11	12	11	11	10	9	10	12	12	13	13	11	10	13	14	14	13	10	10	12	10	14	11	14	10	12	11	11	12	9	10	15	13	13	14	10	14	12	9	11	14	10	14	13	13	13	10	11	13	10	14	11	13	12	10	10	10	10	12	13	11	10	11	10	9	10	12	11	13	12	12	11	14	13	12	11	11	13	11	10	10	11	14	12	13	12	14	13	10	9	11	11	13	14	13	10	10	13	15	13	11	10	10	13	13	13	11	10	9	14	12	10	12	11	14	9	12	14	12	11	10	15	12	12	11	14	15	14	14	10	12	10	12	10	9	11	13	14	10	13	11	11	11	10	14	14	10	11	10	11	14	13	11	12	11	12	13	10	12	10	11	10	11	14	11	10	10	10	12	10	14	13	12	13	11	11	10	11	14	12	13	10	10	14	10	10	9	13	12	11	13	12	11	14	10	14	14	11	14	12	13	13	12	9	10	10	10	14	14	9	10	13	11	13	14	11	10	11	14	10	11	11	12	12	11	11	11	13	13	11	12	10	13	10	11	11	13	11	11	11	15	11	9	12	10	11	13	13	13	14	13	10	13	14	12	14	13	10	10	10	14	13	10	14	13	13	12	10	10	13	15	15	15	10	13	9	11	15	10	14	13	10	13	10	13	10	12	13	14	10	11	10	12	11	10	13	13	10	11	13	13	11	10	15	11	14	11	14	11	10	14	10	13	10	13	10	9	9	11	9	10	11	13	11	10	10	13	14	13	12	14	11	11	11	12	12	11	10	14	13	13	10	11	15	12	13	12	11	12	13	13	16	11	13	11	14	12	10	10	12	15	10	10	12	11	12	10	13	10	10	10	11	10	11	13	11	14	15	10	11	14	13	11	13	12	13	12	15	10	10	10	10	10	13	15	10	12	10	10	11	11	11	14	11	13	10	15	11	13	11	10
2024.26967806894	13	9	9	13	11	14	11	12	9	12	9	12	12	11	10	13	13	9	9	9	12	8	9	9	12	9	13	9	11	9	13	12	9	10	10	10	8	12	11	12	9	9	9	14	9	11	12	12	9	10	9	9	9	10	12	10	13	12	9	13	11	14	10	12	8	8	9	12	13	12	14	9	9	9	9	12	11	13	13	12	9	12	12	14	12	8	12	9	11	11	9	10	11	14	12	12	9	9	9	11	13	14	8	12	11	11	11	9	9	9	13	13	12	13	11	11	13	9	8	15	9	9	12	9	11	9	8	9	8	9	9	13	9	9	14	9	12	8	10	9	8	8	12	9	9	12	13	9	9	9	10	9	9	13	9	12	9	13	11	12	9	9	12	13	12	10	14	14	10	11	11	13	13	11	9	9	10	9	9	9	11	10	9	11	9	9	12	9	8	12	12	10	13	9	10	9	12	14	9	12	12	10	10	13	10	12	12	12	13	12	11	12	12	10	9	13	11	9	10	10	10	11	9	12	11	11	10	10	12	10	9	12	9	12	11	8	10	10	9	9	13	9	14	12	10	11	9	12	9	12	10	9	10	13	12	13	9	9	12	9	13	11	10	9	10	10	10	9	11	12	10	9	10	12	9	10	12	12	10	13	9	11	11	8	13	8	9	10	9	11	13	8	12	8	14	9	9	12	10	9	9	10	9	9	10	12	9	12	9	12	9	10	11	14	14	10	10	10	9	10	9	10	8	9	13	10	9	10	9	13	14	10	12	11	9	9	11	13	9	12	12	9	13	13	10	12	13	14	13	11	9	11	14	10	9	9	8	13	13	12	13	12	9	10	9	9	11	8	12	10	9	9	9	13	12	11	12	9	14	9	9	10	11	13	9	9	9	9	12	12	9	13	13	8	8	11	9	12	8	9	9	13	8	11	12	13	12	9	9	9	13	9	13	12	12	13	13	12	9	11	12	9	9	9	13	9	12	10	9	14	8	8	10	9	9	12	13	13	12	9	9	8	8	14	9	9	12	11	11	12	10	11	8	13	9	10	8	11	14	9	11	9	10	11	14	12	11	9	10	12	11	10	11	8	9	9	10	11	13	10	11	9	12	11	12	14	11	8	10	8	10	12	13	11	11	9	12	13	10	9	10	9	11	9	8	10	9	9	9	9	8	9	11	10	11	8	12	9	14	12	10	10	10	11	12	8	9	12	13	12	13	10	13	10	11	9	12	9	9	10	13	13	13	9	13	8	11	9	10	9	8	9	9	12	10	12	11	12	12	10	10	9	14	9	11	8	13	12	13	11	10	10	12	10	9	10	13	13	8	9	12	10	12	9	12	13	13	9	10	9	11	10	9	9	8	9	11	9	12	12	10	9	11	13	13	12	9	9	11	9	13	10	13	9	9	13	10	11	8	9	14	10	12	9	9	12	11	8	9	12	8	13	11	11	11	9	10	12	8	12	9	12	10	9	9	8	8	11	11	9	8	10	9	8	8	10	10	12	11	11	10	13	11	10	10	10	12	9	9	8	9	12	10	11	11	13	12	9	11	13	10	12	12	10	11	11	12	14	11	9	9	9	10	12	10	10	8	8	13	11	9	10	9	10	11	10	12	11	9	9	13	11	9	10	13	13	13	12	9	11	9	10	9	8	9	12	12	8	9	12	10	9	9	13	13	9	10	12	9	13	12	13	11	13	11	12	9	11	9	10	9	10	13	10	9	9	8	10	9	13	11	11	12	9	10	9	9	13	11	12	9	9	13	9	9	8	9	11	10	12	11	9	13	9	12	12	9	13	10	12	12	11	8	9	9	9	13	12	8	9	12	9	12	13	10	9	10	13	9	9	9	13	11	10	13	10	11	12	9	11	11	12	9	10	10	12	9	9	10	14	9	11	11	8	10	12	9	12	13	12	9	11	13	13	12	12	9	9	9	13	14	9	13	12	12	9	8	9	10	13	13	14	9	12	8	10	13	11	13	12	9	12	9	12	9	11	9	12	12	10	8	10	10	9	12	11	9	10	11	14	9	9	14	10	13	9	13	10	8	13	8	11	9	12	11	8	8	9	8	9	10	14	9	9	9	13	12	9	11	12	12	10	9	11	11	10	9	12	12	11	12	9	14	9	12	11	9	11	10	12	13	9	11	13	13	10	9	9	11	14	12	9	13	13	11	9	12	9	8	9	9	9	9	12	9	13	13	9	10	12	12	10	9	9	12	11	13	9	12	9	12	9	12	13	9	11	9	9	13	10	10	12	9	10	9	13	12	12	10	9
2024.27482838016	12	12	9	13	10	13	9	12	9	11	9	11	12	11	8	12	12	9	11	9	12	8	9	11	10	8	13	9	11	9	11	11	12	12	8	9	8	12	11	12	11	8	11	12	9	9	12	12	11	8	8	9	12	10	12	9	12	10	9	13	9	13	12	12	8	8	8	11	13	12	12	9	12	9	8	12	11	12	12	11	9	10	11	13	11	8	11	11	11	9	8	8	11	13	12	11	9	9	9	10	12	12	11	11	9	11	11	12	8	8	12	13	12	13	11	11	11	9	11	14	9	9	12	12	11	11	8	11	11	9	9	9	8	9	11	11	12	11	13	11	8	11	12	8	9	8	11	8	8	12	9	9	12	12	12	12	8	12	11	12	8	9	13	13	12	8	13	12	8	11	11	12	12	9	9	11	9	9	11	8	11	12	11	10	12	8	12	9	8	12	12	9	11	12	9	9	11	12	9	12	12	10	10	11	8	11	12	13	11	12	11	11	12	9	9	11	11	11	9	8	9	11	8	12	9	10	8	9	12	9	9	12	12	11	11	8	9	8	8	8	12	9	13	12	9	9	11	12	11	12	10	11	9	13	12	12	8	12	11	11	11	10	9	8	12	9	8	12	9	12	9	9	9	11	11	9	9	12	8	12	12	9	11	8	11	8	8	8	9	8	11	8	11	8	13	8	9	12	10	8	9	9	8	8	9	12	8	12	9	10	9	9	12	12	12	8	9	9	9	9	12	12	8	9	12	9	11	8	11	11	12	11	12	10	12	8	8	12	9	12	11	9	12	13	9	9	13	13	13	11	11	11	12	9	12	11	11	11	9	11	12	11	11	12	11	8	9	8	11	9	8	9	11	12	12	11	12	9	13	12	12	10	11	12	12	9	9	8	12	12	12	12	11	8	8	11	9	12	8	12	9	12	8	11	12	11	12	11	12	9	12	8	12	9	12	11	12	12	8	11	12	9	8	12	12	8	11	8	8	12	8	8	9	11	8	12	11	11	10	8	12	8	7	13	9	8	12	9	9	12	11	11	8	12	9	12	8	11	11	11	11	9	10	13	13	12	9	8	9	12	11	9	11	11	9	9	9	10	11	9	11	12	11	8	12	13	9	8	9	8	9	12	13	11	9	8	11	11	12	11	8	12	11	8	8	10	9	7	9	9	11	9	9	12	11	8	11	12	13	12	12	9	13	9	11	8	9	12	13	13	12	9	12	9	11	9	12	8	9	13	12	12	11	9	13	8	11	12	8	12	7	8	9	13	12	12	11	12	11	11	9	8	13	11	10	11	12	12	9	9	8	8	12	10	9	9	12	12	8	9	11	9	10	9	9	13	12	8	8	9	9	12	9	8	11	8	10	12	12	12	9	8	11	12	11	11	8	12	11	9	11	10	11	9	9	12	9	9	8	9	12	11	12	9	9	11	9	8	11	11	8	12	9	11	11	11	9	11	8	12	9	10	9	8	8	8	8	8	11	9	8	9	9	8	8	8	9	12	11	9	11	11	11	8	11	12	13	9	8	8	11	12	12	9	9	12	12	9	11	12	9	10	12	12	11	11	10	13	11	9	8	8	9	12	9	9	8	7	12	9	11	10	12	9	11	10	12	8	9	9	12	13	9	12	12	13	11	12	8	11	12	11	9	11	9	12	12	8	12	12	13	9	12	11	12	11	10	12	8	12	12	11	11	12	11	12	9	10	9	12	11	13	12	12	9	8	11	9	12	11	11	9	11	8	12	8	9	11	10	12	11	9	13	8	9	8	12	13	12	12	9	12	11	8	8	12	8	12	8	12	12	10	8	8	9	8	11	11	8	12	9	9	12	12	8	12	8	12	8	12	9	11	8	11	13	12	11	11	9	8	11	12	8	10	9	12	9	9	9	13	9	11	9	8	13	11	11	9	12	12	9	9	11	11	12	13	9	8	9	13	12	9	13	11	11	9	11	9	9	11	12	12	12	12	8	9	12	11	12	12	9	12	8	10	11	11	8	11	12	10	8	9	12	9	12	8	9	12	11	12	9	9	13	8	12	12	11	9	11	11	8	8	9	12	11	8	8	12	11	8	8	13	12	8	8	13	11	9	11	11	11	9	9	11	9	9	9	13	11	8	12	9	12	9	12	11	9	11	9	13	13	12	9	12	12	12	12	9	9	12	12	8	13	13	9	9	12	9	8	12	9	9	9	12	9	11	12	9	8	12	12	9	12	8	12	11	9	9	12	12	12	11	13	12	9	11	9	11	13	10	8	10	9	9	9	13	11	9	10	9
2024.27997869137	8	11	11	11	11	11	8	11	8	11	11	8	11	11	11	11	11	8	11	11	11	8	8	11	8	8	11	11	11	11	9	8	11	11	11	11	8	11	11	11	11	8	11	11	11	11	11	11	11	11	8	11	12	8	11	11	11	11	11	11	8	11	11	11	11	11	11	8	11	11	11	11	11	8	8	11	11	11	11	11	8	8	11	11	11	8	11	11	11	8	11	11	11	11	11	8	11	11	11	11	11	11	11	12	8	11	8	11	11	8	11	11	11	11	11	11	11	8	11	11	11	9	11	11	11	11	8	11	11	8	8	8	11	11	11	11	11	11	12	11	11	11	11	8	8	8	10	11	8	11	11	8	11	11	11	11	8	11	10	11	8	11	12	11	11	11	11	11	11	11	11	11	11	8	8	11	8	8	11	8	11	11	11	11	11	11	11	11	8	11	12	8	11	11	9	11	11	11	9	11	11	11	11	11	11	11	11	12	11	11	11	11	11	11	11	10	11	11	8	8	8	11	11	11	8	12	8	11	11	8	8	11	12	11	11	8	12	11	11	11	11	11	11	12	11	8	11	11	11	11	8	11	8	11	11	12	8	11	11	11	11	11	11	8	11	8	11	11	11	11	8	11	12	11	11	12	11	12	11	12	11	8	11	11	10	11	8	11	8	8	11	8	12	8	11	11	11	11	12	11	11	11	8	8	11	11	11	11	8	8	9	11	12	11	11	11	9	11	11	11	12	11	8	11	11	11	11	11	11	10	9	11	11	12	12	8	11	11	8	8	11	8	11	11	9	8	11	11	12	11	11	12	11	8	11	11	11	11	8	11	11	11	11	11	11	11	8	11	11	11	11	9	11	8	11	11	11	11	11	11	11	8	11	11	11	8	8	8	11	11	11	11	11	11	11	11	9	11	11	11	11	11	8	11	11	11	11	11	11	11	11	8	11	9	11	11	11	8	8	11	11	8	11	11	11	8	11	8	11	11	8	8	8	11	11	12	11	11	8	8	11	11	8	11	11	11	11	8	8	11	11	11	11	11	11	11	11	11	11	11	11	8	8	12	11	11	8	8	8	11	11	11	11	11	11	11	8	11	10	11	11	12	11	11	11	12	11	11	12	11	11	11	11	11	11	11	11	11	11	11	8	11	11	11	11	12	8	11	11	8	11	11	11	11	11	11	11	11	11	11	11	8	11	11	11	8	11	11	11	11	11	11	11	8	11	12	11	11	8	11	11	11	11	11	11	11	11	11	11	11	8	8	12	12	11	11	11	11	8	11	8	11	11	11	11	11	11	11	8	11	11	8	11	8	8	8	11	11	8	11	11	11	10	11	11	11	11	8	11	8	9	11	8	8	11	11	11	11	11	11	8	8	11	11	11	11	8	12	11	8	11	8	10	11	11	11	11	8	11	8	11	11	11	9	8	11	11	8	11	11	11	11	8	11	11	11	12	11	11	11	11	8	11	8	8	11	11	11	11	12	11	12	8	11	11	11	8	8	11	8	11	11	11	8	11	11	12	11	11	8	11	11	11	11	8	11	11	8	11	11	11	8	11	11	11	11	8	11	8	9	8	8	9	11	11	11	11	8	11	8	11	8	11	8	11	8	11	11	11	11	11	12	8	12	11	12	8	11	11	11	11	11	8	11	11	11	11	11	11	11	11	11	11	12	11	11	11	11	8	11	11	11	12	11	11	11	11	11	11	11	11	11	11	11	12	11	11	8	11	11	11	8	11	8	12	11	8	12	8	11	11	8	11	11	11	8	11	11	11	11	8	11	9	11	8	11	8	11	8	11	11	8	8	11	11	11	11	8	8	11	11	11	11	11	11	11	11	11	11	11	8	11	8	11	11	11	11	11	9	8	11	11	8	12	11	11	11	11	9	11	8	11	8	11	11	12	11	11	11	12	8	11	11	11	11	12	8	8	11	11	11	11	12	8	11	8	11	8	8	11	11	11	11	12	8	8	11	11	11	11	11	11	8	8	11	11	8	8	11	8	11	11	11	8	11	8	11	11	11	11	11	8	11	11	11	11	10	8	11	11	8	8	11	12	11	8	8	11	11	8	8	11	11	8	11	11	11	8	11	11	11	12	11	11	8	8	11	11	11	8	11	11	11	11	8	11	8	11	8	12	11	11	8	11	8	11	11	11	8	11	11	8	11	11	8	8	11	11	11	11	8	11	8	11	11	9	11	8	11	12	11	8	11	8	11	11	8	8	11	11	11	11	12	12	8	11	8	11	11	12	11	10	11	11	8	11	11	11	12	8
2024.28512900259	6	9	9	9	9	9	9	9	6	9	9	6	9	9	9	9	6	6	9	9	9	9	9	9	9	9	9	9	9	9	6	6	9	9	9	9	9	9	9	9	9	9	9	9	9	9	9	9	9	9	9	9	9	6	9	9	9	9	9	9	6	9	9	9	9	9	9	9	6	9	9	9	9	9	9	9	9	9	9	9	9	9	9	9	9	9	9	9	9	9	9	9	9	6	9	9	9	9	9	9	9	9	9	9	9	9	9	9	9	6	6	6	6	6	9	9	9	9	9	9	9	9	9	9	9	9	9	9	9	9	6	9	9	9	9	9	9	9	9	9	9	9	9	9	9	6	9	9	9	9	9	9	9	9	9	9	9	9	9	9	6	9	9	9	6	9	9	9	9	9	6	9	9	9	9	9	6	9	9	9	10	9	9	9	9	9	6	9	9	9	9	9	9	9	6	9	9	9	6	9	9	9	9	9	9	9	9	9	9	9	9	9	9	9	9	9	9	9	9	9	6	9	9	6	9	9	9	9	9	9	9	9	9	9	10	9	9	9	9	9	9	9	9	9	9	9	9	9	9	9	9	9	6	9	9	9	9	9	9	9	9	9	9	9	9	6	9	9	9	9	6	9	9	9	9	9	9	9	9	9	9	9	9	9	9	9	9	9	9	6	9	9	9	9	9	9	9	9	9	9	9	9	9	9	9	9	9	9	6	9	9	9	9	9	9	9	9	9	9	9	9	9	9	9	9	9	9	9	9	9	9	9	9	9	9	9	9	9	9	6	9	9	9	9	6	9	6	9	10	9	9	9	9	9	9	9	9	9	6	9	9	6	9	9	9	9	9	9	9	9	9	6	9	6	9	6	6	9	9	9	9	9	9	9	9	9	9	9	9	6	9	6	9	9	9	6	6	9	9	9	9	9	9	9	9	9	9	9	9	9	9	9	9	6	9	6	9	6	9	9	9	6	9	9	9	9	9	9	9	9	9	9	9	9	9	9	6	9	9	9	9	9	9	9	9	9	9	9	9	9	9	9	9	9	9	9	9	9	9	9	9	6	9	10	9	9	9	9	9	9	9	9	9	9	9	9	6	9	9	9	9	9	9	9	6	9	9	9	9	9	9	9	9	9	9	9	9	9	9	9	9	9	9	9	9	9	9	9	9	9	9	9	9	9	9	9	9	9	9	9	9	6	9	9	9	9	9	9	9	9	9	9	9	9	9	9	9	9	9	9	9	9	9	9	9	9	9	9	9	9	9	9	9	9	9	9	9	9	6	9	9	9	6	9	9	9	9	9	6	9	9	6	6	6	9	6	9	6	9	9	9	9	6	9	9	9	9	9	9	9	9	9	6	9	9	9	9	9	9	9	9	9	9	6	9	9	9	9	9	9	9	9	9	9	9	9	9	6	9	9	9	9	9	6	9	9	9	6	9	9	9	6	9	9	9	9	9	9	9	9	9	9	9	6	9	9	9	9	9	9	9	9	9	9	9	9	9	6	9	6	9	9	9	9	9	9	10	9	9	9	9	9	9	9	9	9	9	9	9	9	9	9	9	9	9	9	9	6	6	9	9	6	6	9	9	9	9	9	9	9	9	9	9	6	9	9	9	9	9	9	9	9	6	9	9	9	6	9	9	6	9	9	9	9	9	6	9	9	9	9	9	9	9	10	9	9	9	9	9	9	6	9	10	9	6	9	9	9	9	9	9	9	9	9	9	9	9	9	9	9	6	9	9	9	9	9	6	10	6	9	9	9	9	9	9	9	9	9	9	9	9	9	6	9	6	9	9	9	9	9	9	6	9	9	9	9	6	6	9	9	9	9	9	9	9	9	9	9	9	9	9	9	6	9	9	9	9	9	6	6	9	9	9	9	9	9	9	9	9	9	9	9	9	9	9	9	9	9	9	9	6	9	9	9	9	9	9	9	9	9	9	9	9	6	9	6	9	9	6	9	9	9	9	9	9	9	9	9	9	9	9	9	9	9	9	9	6	6	9	9	9	9	9	6	9	9	9	9	9	9	9	9	9	9	9	9	9	9	9	6	9	6	9	9	9	9	9	9	9	9	9	9	9	9	9	9	9	9	9	6	9	9	9	9	9	9	9	9	9	9	9	9	9	9	6	9	9	9	9	9	9	9	9	9	6	9	9	9	9	9	9	9	9	9	9	9	9	9	9	9	9	9	9	9	9	6	9	9	9	9	6	9	9	9	9	9	9	9	9	9	9	9	9	9	9	9	9	9	9	9	9	6	9	9	6	9	9	9	9	6
2024.29027931381	7	9	9	9	9	9	9	9	9	9	9	7	9	9	9	9	7	9	9	9	9	9	9	9	9	9	9	9	9	9	9	7	9	9	9	9	9	9	9	9	9	9	9	9	9	9	9	9	9	9	9	9	9	9	9	9	9	9	9	9	9	9	9	9	9	9	9	9	7	7	9	9	9	9	9	9	9	9	9	9	9	9	9	9	9	9	9	9	9	9	9	9	9	7	9	9	9	9	9	9	9	9	9	9	9	9	9	9	9	9	7	7	7	7	9	9	9	9	9	9	9	9	9	9	9	9	9	9	9	9	9	9	9	9	9	9	9	9	9	9	9	9	9	9	9	7	9	9	9	9	9	9	9	9	9	9	9	9	9	9	9	9	9	9	7	9	9	9	9	9	7	9	9	9	9	9	7	9	9	9	10	9	9	9	9	9	7	9	9	9	9	9	9	9	9	9	7	7	9	9	9	9	9	9	9	7	9	9	9	9	9	9	9	9	9	9	9	9	9	9	9	9	9	7	9	9	9	9	9	9	9	9	9	9	10	9	9	9	9	9	9	9	9	9	9	9	9	9	9	9	9	9	9	9	9	9	9	9	9	9	9	9	9	9	9	7	9	9	9	7	9	9	9	9	9	9	9	9	9	9	9	9	9	9	9	9	9	9	9	7	9	9	9	9	9	9	9	9	9	9	9	9	9	9	9	9	9	9	7	9	9	9	9	9	7	9	9	9	9	9	9	9	9	9	9	9	9	9	9	9	9	9	9	9	9	9	9	9	9	7	9	9	9	9	9	9	7	9	9	9	9	9	9	9	9	9	9	9	7	9	9	7	9	9	9	9	9	9	9	9	9	9	9	7	9	7	7	9	9	9	9	9	9	9	9	9	9	9	9	7	9	7	9	9	9	7	9	9	9	9	9	9	9	9	7	9	7	9	9	9	9	9	9	7	9	7	9	7	9	9	9	9	9	9	9	9	9	9	9	7	9	9	9	9	9	9	7	9	9	9	9	9	9	9	9	9	9	9	9	9	9	9	9	7	9	9	9	9	9	9	9	7	9	10	9	9	9	9	9	9	9	9	9	9	9	9	9	7	9	9	9	9	9	9	7	9	9	9	9	9	9	9	9	9	9	9	9	7	9	9	9	9	9	9	9	9	9	9	9	9	9	9	9	9	9	9	9	9	9	9	9	7	9	9	9	9	9	9	9	9	9	9	9	9	9	9	9	9	9	9	9	7	7	9	9	9	9	9	9	9	9	9	9	9	9	9	9	7	7	9	9	9	7	9	9	9	9	9	9	9	9	9	7	9	9	9	9	7	9	9	9	9	9	9	9	9	9	9	9	9	9	9	7	9	9	9	9	9	9	9	9	9	9	7	7	9	9	9	9	9	9	9	9	9	9	9	9	9	9	9	9	9	9	7	9	9	9	9	9	9	9	7	9	9	9	9	9	9	9	9	9	9	9	9	9	9	9	9	9	9	9	9	9	9	9	9	9	7	9	9	9	9	9	9	9	9	9	9	9	9	9	9	9	9	9	9	9	9	9	9	9	9	9	9	9	9	9	7	9	9	9	9	9	9	9	9	9	9	9	9	9	9	9	9	9	9	9	9	9	9	7	9	9	9	9	9	7	7	9	7	9	9	9	9	9	7	9	9	9	9	9	9	9	9	9	9	9	9	9	9	7	9	9	9	7	7	9	9	9	9	9	9	9	9	9	9	9	9	9	9	7	9	7	9	9	9	7	9	9	9	9	9	9	9	9	9	9	9	9	9	9	9	9	9	7	9	9	9	9	9	9	9	9	9	9	9	7	7	9	9	9	9	9	9	9	9	9	9	9	9	9	9	7	9	9	9	7	7	9	7	9	9	9	9	9	9	9	9	9	9	9	9	9	9	9	9	9	9	9	9	7	9	9	9	9	9	9	9	9	9	9	9	9	7	9	9	9	9	9	9	9	9	9	9	9	9	9	9	9	9	9	9	9	9	9	9	7	7	9	9	9	9	9	9	9	9	9	9	9	9	9	9	9	9	7	9	9	9	9	7	9	7	9	7	9	9	9	9	9	9	9	9	9	9	9	9	9	9	9	7	9	9	9	9	9	9	9	9	9	9	9	9	9	9	7	9	9	9	9	9	9	9	9	9	7	9	9	9	9	9	9	9	9	9	9	9	9	9	9	9	9	9	9	7	9	9	9	9	9	9	7	9	9	9	9	9	9	9	9	9	9	9	9	9	9	9	9	9	9	9	9	9	9	9	9	9	9	9	9	9
2024.29542962502	7	9	9	9	9	9	9	9	9	7	9	7	9	9	9	9	7	9	9	9	9	9	9	9	9	9	9	9	9	9	9	7	9	9	9	9	9	9	7	9	9	9	9	9	9	9	9	9	9	9	9	9	9	9	9	9	9	9	9	9	9	9	9	9	9	9	9	9	7	7	9	9	9	9	9	9	9	9	9	9	9	9	9	9	9	9	9	9	9	9	9	9	9	7	9	9	9	9	9	9	9	9	9	9	9	7	9	9	9	9	7	7	7	7	9	9	9	9	9	9	9	9	9	9	9	9	9	9	9	9	9	10	9	9	9	9	9	9	9	9	9	9	9	9	9	7	9	9	9	9	9	9	9	9	9	9	9	9	9	9	9	9	9	9	7	9	9	9	9	9	7	9	7	9	9	9	7	9	9	9	9	9	9	9	9	9	7	9	9	9	9	9	7	9	9	9	7	7	9	9	9	9	9	9	9	7	9	9	9	9	9	9	7	9	9	9	9	9	9	9	9	9	9	7	9	9	9	9	9	9	9	9	9	9	9	9	9	9	9	9	7	9	9	9	9	9	9	9	9	9	9	9	9	7	9	9	9	9	9	9	9	9	9	9	9	7	9	9	9	7	9	9	9	9	9	9	9	7	9	9	9	9	9	9	9	9	9	9	9	7	9	9	9	9	7	9	9	9	9	9	9	9	9	9	9	7	9	9	7	9	9	9	9	9	7	9	9	9	9	9	9	9	9	9	9	9	9	9	9	9	9	9	7	9	9	9	9	9	9	7	9	9	9	9	9	9	7	9	9	9	9	9	9	9	9	9	9	9	7	9	9	7	9	9	9	9	9	9	9	9	9	9	9	7	9	7	7	9	9	9	9	9	7	7	9	9	9	9	9	7	9	7	9	9	9	7	9	9	9	9	9	9	9	9	7	9	7	9	9	9	9	9	9	7	9	7	9	7	9	9	9	9	9	9	9	9	9	9	10	7	9	9	9	9	9	9	7	9	9	9	9	9	9	7	9	9	9	9	9	9	9	9	9	7	9	9	9	9	9	9	9	7	9	9	7	9	9	9	9	9	7	9	9	9	9	9	9	7	9	9	9	9	9	9	7	9	9	9	9	9	9	9	9	9	9	9	7	7	9	9	9	9	9	9	9	9	9	9	9	9	9	9	9	9	9	9	7	9	9	9	9	7	9	9	9	9	9	7	9	9	9	9	9	9	9	9	9	9	9	9	9	7	7	9	9	9	9	9	9	9	9	9	9	9	9	9	9	7	7	9	9	9	7	9	9	9	9	9	9	9	9	9	7	9	9	9	9	7	9	9	9	9	9	9	9	9	9	9	9	9	9	9	7	9	9	9	9	9	9	9	9	9	9	7	7	9	9	9	9	9	9	9	9	9	9	9	9	9	9	9	9	9	9	7	9	9	9	9	9	7	9	7	9	9	9	9	9	9	9	9	9	9	9	9	9	9	9	9	7	9	9	9	9	9	9	9	9	7	9	9	9	9	9	9	9	9	9	9	9	9	9	7	9	9	9	7	9	9	9	9	9	9	9	9	9	9	9	7	9	9	9	9	9	9	9	9	9	9	9	9	9	9	9	9	9	9	9	9	9	9	7	9	9	9	9	9	7	7	9	7	9	9	9	9	9	7	7	9	9	9	9	9	9	9	9	9	9	9	9	7	7	9	9	9	7	7	9	9	9	9	9	9	9	9	9	9	9	9	9	7	7	9	7	9	9	9	7	9	9	7	9	9	7	9	9	9	9	9	9	7	9	9	9	9	7	9	9	9	9	7	9	9	9	9	9	9	7	7	9	9	9	9	9	9	9	9	9	9	9	9	9	9	7	9	9	9	8	7	9	7	9	9	9	9	9	9	9	9	9	7	9	9	9	9	9	9	9	9	9	9	7	9	9	9	9	9	9	9	9	9	9	9	9	7	9	9	9	9	9	9	9	9	9	9	9	9	9	9	9	9	9	7	9	9	9	7	7	7	9	9	9	9	9	9	9	9	9	9	9	9	9	9	7	9	7	9	9	9	9	7	9	7	9	7	9	9	9	9	9	9	9	9	9	9	9	9	9	9	9	8	9	9	9	9	9	9	9	9	9	9	9	9	9	9	7	9	9	9	9	9	9	9	9	9	7	9	9	9	9	9	9	9	9	9	9	9	9	9	9	9	9	9	9	7	9	9	9	9	9	7	7	9	9	9	9	9	10	9	9	9	9	9	9	9	9	9	9	9	9	9	9	9	9	9	9	9	9	9	9	9
2024.30057993624	4	6	6	6	6	4	6	6	6	4	6	4	6	6	6	6	4	6	6	6	6	6	6	6	6	6	6	6	6	6	6	4	6	6	6	6	6	4	4	4	6	6	6	4	6	6	6	4	6	6	6	6	6	6	6	6	4	6	6	6	6	6	6	6	6	6	6	6	4	4	6	6	6	6	6	6	6	6	6	6	6	6	6	6	6	6	4	6	6	6	6	6	6	4	4	6	6	6	6	6	6	4	6	6	6	4	6	6	6	6	4	4	4	4	6	6	6	6	6	6	6	6	6	6	4	6	6	6	6	6	6	7	6	6	6	6	6	6	6	6	6	6	6	6	6	4	6	6	6	6	6	6	6	6	6	6	6	6	6	6	6	6	6	6	4	6	6	6	6	6	4	4	4	6	6	6	4	6	6	6	6	6	6	6	6	6	4	6	6	4	6	6	4	6	6	6	4	4	6	6	4	6	6	6	6	4	6	6	6	6	6	6	4	6	6	6	4	6	6	6	6	6	6	4	6	6	6	6	6	6	6	6	6	6	6	6	6	6	6	6	4	6	6	6	6	6	6	4	6	6	6	6	6	4	4	4	6	6	4	6	4	6	6	6	6	4	6	6	6	4	6	6	6	6	6	6	6	4	6	6	6	6	6	6	6	6	6	6	6	4	6	6	6	6	4	6	6	6	6	6	6	6	6	6	6	4	6	6	4	6	6	6	6	6	4	6	6	6	6	6	6	6	6	6	6	6	6	6	6	6	6	6	4	6	6	6	6	6	6	4	4	6	6	6	6	6	4	6	6	4	6	6	6	6	6	6	6	6	4	6	6	4	6	6	6	6	6	6	4	6	6	6	6	4	4	4	4	6	4	6	6	6	4	4	6	6	6	6	6	4	6	4	6	6	6	4	6	6	6	6	6	6	6	6	4	6	4	6	6	6	6	6	4	4	6	4	6	4	6	6	6	6	6	6	4	6	6	6	7	4	6	6	6	6	6	6	4	4	6	6	6	6	6	4	6	6	6	6	6	6	6	6	6	4	6	6	6	6	6	6	6	4	6	6	4	4	6	6	6	6	4	6	6	6	6	6	6	4	6	6	6	6	6	6	4	6	6	6	6	6	6	6	4	6	6	6	4	4	6	6	6	6	6	6	6	6	6	6	6	6	6	6	6	6	6	6	4	6	6	6	6	4	6	6	4	6	6	4	6	6	4	6	6	6	6	6	6	6	6	6	4	4	4	6	6	6	4	6	6	6	6	6	6	6	6	4	4	4	4	6	6	6	4	6	6	6	4	4	6	6	6	6	4	6	6	6	4	4	6	6	6	6	6	6	6	6	6	6	6	6	6	6	4	6	6	6	6	6	6	6	6	6	4	4	4	6	6	6	4	6	6	6	6	6	6	6	6	6	6	6	4	6	6	4	6	4	6	6	6	4	6	4	6	4	6	6	6	6	6	6	6	6	6	6	6	6	6	6	4	6	6	6	6	6	6	6	6	4	6	6	6	6	4	6	6	6	6	6	6	6	6	4	6	6	6	4	6	6	6	6	6	6	6	6	6	6	6	4	6	6	6	6	6	6	6	6	6	6	6	6	6	6	6	6	6	6	6	6	6	6	4	6	6	6	4	6	4	4	6	4	6	6	6	6	6	4	4	6	6	6	6	6	6	6	6	6	6	6	6	4	4	6	6	6	4	4	6	6	6	6	6	6	6	6	6	6	6	6	6	4	4	6	4	6	6	6	4	6	6	4	6	6	4	6	6	6	6	6	6	4	6	6	6	6	4	4	6	4	6	4	6	6	6	6	6	6	4	4	6	6	6	6	6	6	6	6	6	6	6	6	6	6	4	6	6	6	5	4	6	4	6	6	6	6	6	4	6	6	6	4	6	6	6	6	6	6	6	6	6	6	4	6	4	6	6	6	6	6	6	4	6	6	6	4	6	6	6	6	6	6	6	6	6	6	6	6	6	6	6	6	6	4	6	6	6	4	4	4	6	6	6	6	6	6	6	6	6	6	4	6	6	6	4	6	4	6	6	6	6	4	6	4	6	4	6	6	6	6	6	6	6	6	6	6	6	6	4	6	6	5	6	6	6	6	6	6	6	6	6	6	6	6	4	6	4	4	6	6	6	6	6	6	6	6	4	6	6	6	6	4	6	6	6	6	6	6	4	6	6	6	6	6	6	4	6	6	6	6	6	4	4	6	6	6	4	6	7	6	6	6	6	6	6	6	6	4	6	6	6	6	6	6	6	6	6	4	6	6	6	6
2024.30573024745	4	6	6	6	6	4	6	4	6	4	6	4	4	6	6	4	4	6	6	6	7	6	6	6	6	6	6	6	6	6	6	4	6	6	6	6	6	4	4	4	6	6	6	4	6	6	7	4	6	6	6	6	6	6	4	6	4	6	6	4	6	4	6	6	6	6	6	6	4	4	6	6	6	6	6	6	6	6	4	4	6	6	6	7	6	6	4	7	4	6	6	6	4	5	4	6	6	6	6	7	7	4	6	6	6	4	6	6	6	6	4	4	4	4	6	6	6	6	6	6	6	6	4	6	4	6	6	6	6	6	6	7	6	6	6	6	4	6	6	6	6	6	4	6	6	4	6	6	6	6	6	6	6	4	6	6	6	4	6	6	6	6	6	4	4	6	7	6	6	4	4	4	4	6	6	6	4	6	6	6	6	6	6	6	6	6	4	6	6	4	4	6	4	6	6	6	4	5	6	6	4	6	6	6	6	4	4	6	4	7	6	6	4	6	6	6	4	7	6	6	6	5	6	4	6	6	6	6	6	6	6	4	6	6	6	7	6	6	6	6	4	6	7	4	6	6	6	4	6	6	6	6	6	4	4	4	6	6	4	6	4	6	6	6	6	4	7	6	6	4	6	6	6	6	6	6	6	4	6	4	6	6	6	6	6	6	6	6	6	4	4	7	6	6	4	6	6	4	6	6	6	6	7	6	6	4	6	6	4	6	6	6	6	4	4	6	7	6	6	6	6	6	6	6	5	6	6	6	6	6	6	7	4	6	6	6	6	4	6	4	4	6	4	6	6	6	4	4	4	4	6	6	6	6	6	6	6	4	4	6	4	4	6	6	6	6	6	6	4	6	6	6	6	4	4	4	4	6	4	6	6	6	4	4	6	6	6	6	4	4	6	5	6	6	6	4	6	4	6	6	6	6	6	6	4	4	4	6	6	6	6	6	4	4	4	4	4	4	6	6	4	6	6	6	4	6	6	6	7	4	6	6	6	6	6	4	4	4	6	6	6	7	6	4	6	6	6	6	6	6	6	6	6	4	6	6	6	4	6	6	6	4	6	6	4	4	6	6	6	4	4	6	6	6	6	6	6	4	6	6	6	6	6	6	4	4	6	6	6	6	6	4	4	6	6	6	4	4	6	6	6	6	6	6	6	6	6	6	6	6	6	7	6	6	6	6	4	6	7	6	6	4	6	6	4	6	6	4	6	6	4	6	4	6	6	6	6	6	6	6	5	4	4	6	7	6	4	6	6	6	6	6	6	6	6	4	4	4	4	7	6	6	4	6	6	6	4	4	6	6	6	6	4	6	6	6	5	4	6	6	6	6	6	6	6	6	6	6	6	6	6	6	4	6	6	6	6	7	5	4	7	6	4	4	4	6	6	6	4	6	4	6	6	6	6	6	6	6	6	6	4	6	6	4	6	4	6	6	6	4	6	5	6	4	4	6	6	4	6	4	6	6	6	6	6	6	6	6	4	6	6	6	6	6	6	6	6	4	4	6	6	4	4	6	6	6	6	6	6	6	6	4	6	6	6	4	4	6	6	6	6	6	7	7	6	6	6	4	7	6	6	6	6	4	6	7	6	6	6	6	6	6	6	6	6	6	4	6	6	6	5	6	6	6	4	4	4	4	6	4	6	6	6	6	6	4	4	6	6	6	6	6	6	6	6	6	6	6	6	4	4	6	6	6	4	4	6	7	6	6	6	6	4	6	6	6	6	6	6	4	4	6	4	6	6	6	4	6	6	4	6	6	4	6	6	6	6	6	6	4	6	6	6	6	4	4	6	4	6	4	6	6	6	6	6	6	4	4	6	6	6	6	4	4	7	6	6	4	6	6	6	6	4	6	6	6	5	4	6	4	6	5	6	6	6	4	6	6	7	4	6	6	6	7	6	6	6	6	4	4	4	6	4	6	4	6	6	6	6	4	6	6	6	4	4	6	6	6	6	6	7	4	6	4	6	6	6	6	6	4	6	4	6	6	7	4	4	4	6	6	7	6	6	6	6	6	6	6	4	6	6	6	4	6	4	6	6	6	6	4	6	4	6	4	6	6	6	6	6	6	6	6	6	6	6	6	4	6	6	5	6	6	6	4	6	6	6	6	4	6	6	6	4	6	4	4	6	6	6	6	4	6	6	6	4	6	6	6	6	4	6	6	6	6	6	6	4	6	6	6	6	6	6	4	6	6	4	6	7	4	4	6	6	6	4	6	7	6	6	6	6	6	6	6	6	4	6	6	6	6	6	6	6	6	6	4	6	6	6	6
2024.31088055867	5	7	7	5	7	5	7	5	7	5	7	5	5	7	7	5	5	7	7	7	6	7	7	7	7	7	5	7	5	7	7	5	7	7	7	7	7	5	5	5	7	7	7	5	7	7	6	5	7	7	7	7	7	7	5	7	5	7	7	5	7	5	7	7	7	7	7	7	5	5	5	7	7	7	7	5	5	5	5	5	7	7	7	6	5	7	5	8	5	7	7	7	5	6	5	7	7	7	7	8	6	5	7	7	7	5	7	7	7	7	5	5	5	5	7	5	5	7	7	5	7	7	5	7	5	7	7	7	7	7	7	8	7	7	5	7	5	7	7	7	7	7	5	7	7	5	7	7	7	7	7	7	7	5	7	5	7	5	7	5	7	7	7	5	5	7	6	5	7	5	5	5	5	7	7	7	5	7	7	7	7	7	7	7	7	7	5	7	7	5	5	7	5	7	7	7	5	6	7	7	5	7	7	7	7	5	5	7	5	6	7	5	5	7	7	7	5	8	7	7	7	6	7	5	7	7	7	7	5	7	7	5	7	5	7	8	7	7	7	7	5	7	6	5	7	7	7	5	7	5	7	7	7	5	5	5	7	7	5	7	5	7	7	7	7	5	8	7	7	5	7	7	7	5	7	7	7	5	7	5	7	7	5	7	7	7	7	7	7	5	5	8	7	7	5	7	7	5	7	7	7	7	8	7	7	5	7	5	5	7	7	7	7	5	5	7	8	7	7	7	7	7	7	7	6	7	7	7	7	7	7	8	5	7	7	7	7	5	7	5	5	7	5	7	7	7	5	5	5	5	7	7	5	7	7	7	7	5	5	5	5	5	7	7	7	7	7	7	5	7	7	7	7	5	5	5	5	7	5	7	7	7	5	5	7	7	7	7	5	5	7	6	5	7	7	5	7	5	7	7	7	5	7	5	5	5	5	7	7	7	5	7	5	5	5	5	5	5	7	7	5	7	7	7	5	7	5	7	8	5	7	7	7	7	7	5	5	5	7	7	7	8	7	5	7	7	7	7	7	5	7	7	7	5	7	7	7	5	5	7	5	5	7	7	5	5	7	7	7	5	5	7	5	7	7	7	7	5	7	7	7	7	7	7	5	5	7	7	7	7	7	5	5	7	7	7	5	5	7	7	7	7	7	7	7	7	7	7	7	7	7	8	7	7	5	7	5	7	6	7	7	5	7	7	5	7	7	5	5	7	5	7	5	7	7	7	5	7	7	7	6	5	5	7	6	7	5	7	7	7	7	7	7	7	7	5	5	5	5	8	7	7	5	7	7	7	5	5	7	7	7	7	5	7	7	7	6	5	7	7	5	7	7	7	7	5	5	7	7	7	7	7	5	7	7	7	7	8	6	5	8	7	5	5	5	5	7	7	5	7	5	7	7	7	7	5	7	7	7	7	5	7	5	5	7	5	7	7	7	5	7	6	7	5	5	7	7	5	7	5	7	7	7	7	7	7	7	7	5	7	7	7	7	7	7	7	7	5	5	7	7	5	5	7	7	7	7	7	7	7	7	5	7	7	7	5	5	7	5	5	7	7	8	8	5	5	7	5	8	7	7	7	7	5	7	8	7	7	5	7	7	7	7	7	5	7	5	7	7	7	6	7	7	7	5	5	5	5	7	5	7	7	7	7	7	5	5	7	7	5	7	7	7	7	5	7	7	5	7	5	5	5	7	5	5	5	7	8	7	7	7	7	5	7	7	7	7	7	7	5	5	7	5	7	7	7	5	7	7	5	7	7	5	7	7	7	7	7	7	5	7	7	7	7	5	5	7	5	7	5	5	7	7	7	7	7	5	5	7	7	7	7	5	5	8	7	7	5	7	7	7	5	5	7	5	7	6	5	7	5	5	6	7	7	7	5	7	7	8	5	7	5	7	8	7	7	7	7	5	5	5	7	5	5	5	7	7	7	7	5	5	7	7	5	5	7	7	7	7	5	6	5	7	5	7	7	5	5	5	5	7	5	7	7	8	5	5	5	5	7	8	7	7	7	7	7	7	7	5	5	7	7	5	7	5	7	7	7	7	5	7	5	7	5	5	7	7	7	7	7	7	5	7	7	7	5	5	7	7	6	5	7	7	5	7	7	7	7	5	7	5	7	5	7	5	5	7	7	7	7	5	7	7	7	5	7	7	7	7	5	5	7	7	5	7	7	5	7	7	7	7	7	7	5	7	7	5	7	8	5	5	7	7	7	5	7	8	7	5	7	5	7	7	7	7	5	7	7	5	7	7	7	7	7	7	5	5	7	7	7
2024.31603086988	5	5	7	5	7	5	7	5	7	5	7	5	5	7	7	5	5	7	5	7	6	7	7	5	7	7	5	7	5	7	7	5	5	5	7	7	7	5	5	5	7	7	5	5	7	7	6	5	5	7	7	7	5	7	5	7	5	7	7	5	7	5	5	7	7	7	7	7	5	5	5	7	5	7	7	5	5	5	5	5	7	7	5	6	5	7	5	6	5	7	7	7	5	6	5	7	7	7	7	8	6	5	5	7	7	5	7	5	7	7	5	5	5	5	5	5	5	7	5	5	7	7	5	5	5	7	7	5	5	7	7	8	7	7	5	5	5	5	5	5	7	5	5	7	7	5	7	7	7	7	7	7	5	5	5	5	7	5	7	5	7	7	5	5	5	7	6	5	7	5	5	5	5	7	7	5	5	7	7	7	7	5	5	7	5	7	5	7	7	5	5	7	5	5	7	7	5	6	7	5	5	7	7	5	7	5	5	5	5	6	7	5	5	7	7	7	5	6	7	7	7	6	7	5	7	7	7	7	5	7	7	5	5	5	7	8	7	7	7	7	5	7	6	5	7	7	5	5	5	5	7	5	7	5	5	5	7	7	5	5	5	7	7	7	5	5	8	5	7	5	7	7	7	5	5	7	7	5	7	5	5	7	5	7	7	7	7	7	7	5	5	8	7	7	5	7	7	5	7	7	7	7	8	7	7	5	7	5	5	7	7	7	5	5	5	7	8	7	7	7	5	5	7	7	6	7	5	7	5	7	7	6	5	7	5	7	7	5	7	5	5	7	5	5	7	7	5	5	5	5	5	7	5	7	5	5	5	5	5	5	5	5	5	5	5	7	7	7	5	7	7	7	5	5	5	5	5	7	5	5	5	7	5	5	5	7	7	7	5	5	5	6	5	7	7	5	7	5	7	5	7	5	7	5	5	5	5	5	5	7	5	7	5	5	5	5	5	5	7	5	5	7	7	5	5	7	5	7	8	5	7	7	7	7	7	5	5	5	7	7	5	8	7	5	7	7	5	7	7	5	5	5	7	5	7	5	7	5	5	5	5	5	7	5	5	5	7	7	7	5	5	7	5	5	7	7	7	5	7	7	7	5	7	7	5	5	7	7	7	7	7	5	5	5	7	7	5	5	5	5	7	5	5	7	7	7	7	7	7	7	5	8	7	5	5	7	5	5	6	5	5	5	5	7	5	7	7	5	5	5	5	7	5	7	5	7	5	7	7	5	6	5	5	7	6	7	5	5	7	5	7	7	7	5	5	5	5	5	5	6	7	7	5	5	7	5	5	5	7	7	7	7	5	7	7	7	6	5	7	7	5	7	7	7	7	5	5	7	7	7	7	5	5	7	5	7	7	6	6	5	8	7	5	5	5	5	7	5	5	7	5	7	7	7	7	5	7	7	7	7	5	7	5	5	7	5	7	7	5	5	7	6	7	5	5	7	7	5	7	5	7	7	7	7	7	7	7	7	5	7	7	7	7	7	7	7	7	5	5	7	5	5	5	7	7	5	5	7	7	7	5	5	5	7	7	5	5	7	5	5	7	7	6	6	5	5	7	5	8	7	7	7	7	5	7	8	7	7	5	7	5	7	7	7	5	7	5	7	7	7	6	5	7	7	5	5	5	5	7	5	5	5	7	5	7	5	5	7	5	5	5	7	5	7	5	7	7	5	7	5	5	5	7	5	5	5	7	8	7	5	5	5	5	5	7	7	5	7	5	5	5	7	5	7	5	7	5	7	7	5	5	7	5	7	7	7	5	7	5	5	7	5	7	7	5	5	7	5	7	5	5	7	7	7	7	7	5	5	7	7	7	7	5	5	8	7	7	5	7	5	7	5	5	5	5	5	6	5	7	5	5	6	7	7	7	5	7	7	8	5	7	5	7	8	5	7	5	7	5	5	5	7	5	5	5	5	7	7	7	5	5	7	7	5	5	7	5	7	7	5	6	5	5	5	7	7	5	5	5	5	7	5	7	7	6	5	5	5	5	7	8	7	5	7	7	7	7	5	5	5	7	7	5	7	5	5	7	7	5	5	7	5	7	5	5	7	7	5	5	7	7	5	5	7	7	5	5	7	7	6	5	7	7	5	7	7	7	5	5	7	5	7	5	7	5	5	7	7	7	5	5	5	7	5	5	5	5	7	7	5	5	7	5	5	7	7	5	7	7	5	7	7	7	5	7	7	5	7	8	5	5	7	5	7	5	7	8	7	5	5	5	5	5	7	7	5	7	5	5	7	7	7	7	7	7	5	5	7	7	7
2024.3211811811	4	4	4	4	4	4	6	4	6	4	4	4	4	4	4	4	4	6	4	4	5	6	6	4	6	6	4	4	4	4	6	4	4	4	4	4	6	4	4	4	4	6	4	4	4	4	5	4	4	4	6	4	4	6	4	6	4	4	4	4	6	4	4	6	6	4	4	6	4	4	4	4	4	6	6	4	4	4	4	4	6	6	4	5	4	6	4	5	4	6	4	4	4	5	4	6	4	4	4	5	5	4	4	4	6	4	6	4	4	6	4	4	4	4	4	4	4	6	4	4	4	6	4	4	4	4	6	4	4	6	6	7	4	4	4	4	4	4	4	4	4	4	4	6	6	4	6	4	6	4	4	6	4	4	4	4	6	4	6	4	6	4	4	4	4	4	5	4	4	4	4	4	4	6	6	4	4	6	4	6	6	4	4	4	4	4	4	4	6	4	4	6	4	4	6	4	4	5	6	4	4	4	4	4	4	4	4	4	4	5	4	4	4	6	4	6	4	5	6	6	6	5	4	4	6	4	6	4	4	6	6	4	4	4	6	7	4	4	4	4	4	4	5	4	4	6	4	4	4	4	6	4	6	4	4	4	6	4	4	4	4	4	4	6	4	4	5	4	4	4	6	6	4	4	4	4	4	4	4	4	4	6	4	6	6	4	6	4	6	4	4	7	4	6	4	4	4	4	4	4	4	4	7	6	4	4	4	4	4	6	6	4	4	4	4	4	7	6	4	4	4	4	6	6	5	4	4	4	4	6	6	5	4	4	4	6	4	4	6	4	4	6	4	4	6	6	4	4	4	4	4	4	4	6	4	4	4	4	4	4	4	4	4	4	4	4	6	4	4	4	4	6	4	4	4	4	4	4	4	4	4	6	4	4	4	6	6	6	4	4	4	5	4	4	6	4	6	4	4	4	6	4	6	4	4	4	4	4	4	4	4	6	4	4	4	4	4	4	6	4	4	6	6	4	4	6	4	6	5	4	6	6	6	4	6	4	4	4	6	6	4	5	6	4	4	4	4	6	6	4	4	4	4	4	6	4	4	4	4	4	4	4	6	4	4	4	6	6	6	4	4	4	4	4	4	4	6	4	6	4	4	4	4	4	4	4	4	4	4	4	6	4	4	4	4	6	4	4	4	4	6	4	4	6	4	4	6	4	4	6	4	5	4	4	4	4	4	4	5	4	4	4	4	4	4	6	4	4	4	4	4	4	4	6	4	4	4	4	6	4	5	4	4	4	5	4	4	4	4	4	6	6	4	4	4	4	4	4	4	5	6	4	4	4	4	4	4	4	6	4	4	6	4	6	6	6	5	4	6	4	4	4	6	4	4	4	4	6	4	6	6	4	4	6	4	4	4	5	5	4	7	6	4	4	4	4	6	4	4	6	4	6	6	4	4	4	4	6	4	6	4	4	4	4	6	4	4	6	4	4	4	5	6	4	4	4	4	4	4	4	4	6	6	6	6	4	4	4	4	4	4	4	6	6	4	4	6	4	4	6	4	4	4	6	4	4	4	6	4	6	4	4	4	4	6	4	4	6	4	4	6	6	5	5	4	4	6	4	7	6	6	6	6	4	4	5	4	6	4	6	4	6	4	6	4	6	4	4	4	4	5	4	6	4	4	4	4	4	4	4	4	4	6	4	4	4	4	6	4	4	4	4	4	6	4	4	4	4	6	4	4	4	4	4	4	4	6	5	4	4	4	4	4	4	4	4	4	6	4	4	4	6	4	6	4	4	4	6	6	4	4	6	4	4	4	6	4	4	4	4	6	4	6	4	4	4	6	4	6	4	4	6	6	4	4	4	4	4	6	4	4	4	4	4	5	4	4	4	6	4	6	4	4	4	4	4	5	4	6	4	4	5	6	4	4	4	4	4	7	4	6	4	6	5	4	4	4	4	4	4	4	4	4	4	4	4	6	6	4	4	4	4	4	4	4	6	4	6	6	4	5	4	4	4	6	6	4	4	4	4	4	4	6	6	5	4	4	4	4	6	5	4	4	6	4	6	6	4	4	4	4	6	4	4	4	4	6	6	4	4	6	4	4	4	4	6	6	4	4	6	6	4	4	6	6	4	4	6	4	5	4	4	4	4	6	6	4	4	4	6	4	4	4	4	4	4	6	4	6	4	4	4	6	4	4	4	4	4	6	4	4	6	4	4	6	6	4	4	4	4	6	4	6	4	4	6	4	6	5	4	4	6	4	6	4	4	7	6	4	4	4	4	4	4	6	4	6	4	4	4	4	6	6	4	6	4	4	4	4	6
2024.32633149231	3	3	3	3	3	3	3	3	5	3	3	3	3	3	3	3	3	5	3	3	4	3	3	3	3	3	3	3	3	3	5	3	3	3	3	3	3	3	3	3	3	5	3	3	3	3	4	3	3	3	3	3	3	5	3	3	3	3	3	3	5	3	3	3	3	3	3	3	3	3	3	3	3	3	3	3	3	3	3	3	3	3	3	4	3	3	3	4	3	3	3	3	3	4	3	3	3	3	3	4	4	3	3	3	3	3	3	3	3	5	3	3	3	3	3	3	3	3	3	3	3	5	3	3	3	3	3	3	3	3	5	4	3	3	3	3	3	3	3	3	3	3	3	3	3	3	3	3	3	3	3	3	3	3	3	3	3	3	3	3	5	3	3	3	3	3	4	3	3	3	3	3	3	3	3	3	3	3	3	3	3	3	3	3	3	3	3	3	5	3	3	3	3	3	5	3	3	4	5	3	3	3	3	3	3	3	3	3	3	4	3	3	3	3	3	3	3	4	3	3	5	4	3	3	5	3	3	3	3	3	3	3	3	3	3	4	3	3	3	3	3	3	4	3	3	3	3	3	3	3	3	3	5	3	3	3	3	3	3	3	3	3	3	3	3	3	4	3	3	3	5	3	3	3	3	3	3	3	3	3	3	3	3	3	3	3	5	3	3	3	3	4	3	3	3	3	3	3	3	3	3	3	4	3	3	3	3	3	3	3	5	3	3	3	3	3	4	3	3	3	3	3	3	3	4	3	3	3	3	3	3	4	3	3	3	3	3	3	3	3	3	3	3	3	5	3	3	3	3	3	3	3	3	3	3	3	3	3	3	3	3	3	3	3	3	3	5	3	3	3	3	5	3	3	3	3	3	3	3	3	3	3	3	3	3	3	3	3	3	3	3	4	3	3	3	3	5	3	3	3	3	3	3	3	3	3	3	3	3	3	3	3	3	3	3	3	3	3	3	3	3	5	3	3	3	3	3	3	4	3	3	3	3	3	3	3	3	3	3	3	3	4	3	3	3	3	3	3	3	3	3	3	3	3	3	3	3	3	3	3	3	3	3	3	3	3	3	5	3	3	3	3	3	3	3	3	5	3	3	3	3	3	3	3	3	3	3	3	3	3	3	3	3	3	3	3	3	3	3	3	3	3	3	3	3	3	3	3	3	3	3	4	3	3	3	3	3	3	4	3	3	3	3	3	3	3	3	3	3	3	3	3	3	3	3	3	3	3	3	3	4	3	3	3	4	3	3	3	3	3	3	3	3	3	3	3	3	3	3	4	3	3	3	3	3	3	3	3	5	3	3	5	3	5	3	5	4	3	3	3	3	3	5	3	3	3	3	3	3	3	3	3	3	3	3	3	3	4	4	3	4	3	3	3	3	3	3	3	3	3	3	3	3	3	3	3	3	5	3	3	3	3	3	3	3	3	3	5	3	3	3	4	3	3	3	3	3	3	3	3	3	3	3	5	3	3	3	3	3	3	3	3	3	3	3	3	3	3	3	5	3	3	3	3	3	3	3	3	3	3	3	3	3	3	3	3	3	3	3	3	3	3	4	4	3	3	3	3	6	3	3	5	5	3	3	4	3	3	3	3	3	3	3	5	3	3	3	3	3	3	4	3	5	3	3	3	3	3	3	3	3	3	3	3	3	3	3	3	3	3	3	3	3	3	3	3	3	3	3	3	3	3	3	3	3	3	3	4	3	3	3	3	3	3	3	3	3	3	3	3	3	3	3	3	3	3	3	3	5	3	3	3	3	3	3	3	3	3	3	3	3	3	5	3	3	3	3	3	3	3	3	5	3	3	3	3	3	3	3	3	3	3	3	3	4	3	3	3	3	3	3	3	3	3	3	3	4	3	5	3	3	4	3	3	3	3	3	3	4	3	3	3	3	4	3	3	3	3	3	3	3	3	3	3	3	3	3	3	3	3	3	3	3	3	3	5	3	3	5	3	4	3	3	3	3	3	3	3	3	3	3	3	5	3	4	3	3	3	3	3	4	3	3	5	3	3	3	3	3	3	3	3	3	3	3	3	3	3	3	3	3	3	3	3	3	3	3	3	3	3	3	3	3	3	3	3	3	3	3	4	3	3	3	3	3	3	3	3	3	3	3	3	3	3	3	3	3	3	3	3	3	3	5	3	3	3	3	3	3	3	3	3	3	3	3	3	3	3	3	3	3	3	3	3	3	5	3	3	4	3	3	3	3	3	3	3	4	3	3	3	3	3	3	3	3	3	3	3	3	3	3	5	3	3	5	3	3	3	3	5
2024.33148180353	2	2	2	2	2	2	2	2	2	2	2	2	2	2	2	2	2	2	2	2	3	2	2	2	2	2	2	2	2	2	2	2	2	2	2	2	2	2	2	2	2	2	2	2	2	2	3	2	2	2	2	2	2	2	2	2	2	2	2	2	2	2	2	2	2	2	2	2	2	2	2	2	2	2	2	2	2	2	2	2	2	2	2	3	2	2	2	3	2	2	2	2	2	3	2	2	2	2	2	3	3	2	2	2	2	2	2	2	2	2	2	2	2	2	2	2	2	2	2	2	2	2	2	2	2	2	2	2	2	2	2	3	2	2	2	2	2	2	2	2	2	2	2	2	2	2	2	2	2	2	2	2	2	2	2	2	2	2	2	2	2	2	2	2	2	2	3	2	2	2	2	2	2	2	2	2	2	2	2	2	2	2	2	2	2	2	2	2	2	2	2	2	2	2	2	2	2	3	2	2	2	2	2	2	2	2	2	2	2	3	2	2	2	2	2	2	2	3	2	2	2	3	2	2	2	2	2	2	2	2	2	2	2	2	2	3	2	2	2	2	2	2	3	2	2	2	2	2	2	2	2	2	2	2	2	2	2	2	2	2	2	2	2	2	2	2	3	2	2	2	2	2	2	2	2	2	2	2	2	2	2	2	2	2	2	2	2	2	2	2	2	3	2	2	2	2	2	2	2	2	2	2	3	2	2	2	2	2	2	2	2	2	2	2	2	2	3	2	2	2	2	2	2	2	3	2	2	2	2	2	2	3	2	2	2	2	2	2	2	2	2	2	2	2	2	2	2	2	2	2	2	2	2	2	2	2	2	2	2	2	2	2	2	2	2	2	2	2	2	2	2	2	2	2	2	2	2	2	2	2	2	2	2	2	2	2	2	2	2	2	2	3	2	2	2	2	2	2	2	2	2	2	2	2	2	2	2	2	2	2	2	2	2	2	2	2	2	2	2	2	2	2	2	2	2	2	2	2	3	2	2	2	2	2	2	2	2	2	2	2	2	3	2	2	2	2	2	2	2	2	2	2	2	2	2	2	2	2	2	2	2	2	2	2	2	2	2	2	2	2	2	2	2	2	2	2	2	2	2	2	2	2	2	2	2	2	2	2	2	2	2	2	2	2	2	2	2	2	2	2	2	2	2	2	2	2	2	2	2	2	2	3	2	2	2	2	2	2	3	2	2	2	2	2	2	2	2	2	2	2	2	2	2	2	2	2	2	2	2	2	3	2	2	2	3	2	2	2	2	2	2	2	2	2	2	2	2	2	2	3	2	2	2	2	2	2	2	2	2	2	2	2	2	2	2	2	3	2	2	2	2	2	2	2	2	2	2	2	2	2	2	2	2	2	2	2	2	3	3	2	3	2	2	2	2	2	2	2	2	2	2	2	2	2	2	2	2	2	2	2	2	2	2	2	2	2	2	2	2	2	2	3	2	2	2	2	2	2	2	2	2	2	2	2	2	2	2	2	2	2	2	2	2	2	2	2	2	2	2	2	2	2	2	2	2	2	2	2	2	2	2	2	2	2	2	2	2	2	2	2	2	2	3	3	2	2	2	2	3	2	2	2	2	2	2	3	2	2	2	2	2	2	2	2	2	2	2	2	2	2	3	2	2	2	2	2	2	2	2	2	2	2	2	2	2	2	2	2	2	2	2	2	2	2	2	2	2	2	2	2	2	2	2	2	2	2	2	3	2	2	2	2	2	2	2	2	2	2	2	2	2	2	2	2	2	2	2	2	2	2	2	2	2	2	2	2	2	2	2	2	2	2	2	2	2	2	2	2	2	2	2	2	2	2	2	2	2	2	2	2	2	2	2	2	3	2	2	2	2	2	2	2	2	2	2	2	3	2	2	2	2	3	2	2	2	2	2	2	3	2	2	2	2	3	2	2	2	2	2	2	2	2	2	2	2	2	2	2	2	2	2	2	2	2	2	2	2	2	2	2	3	2	2	2	2	2	2	2	2	2	2	2	2	2	3	2	2	2	2	2	3	2	2	2	2	2	2	2	2	2	2	2	2	2	2	2	2	2	2	2	2	2	2	2	2	2	2	2	2	2	2	2	2	2	2	2	2	2	2	3	2	2	2	2	2	2	2	2	2	2	2	2	2	2	2	2	2	2	2	2	2	2	2	2	2	2	2	2	2	2	2	2	2	2	2	2	2	2	2	2	2	2	2	2	2	2	2	2	3	2	2	2	2	2	2	2	3	2	2	2	2	2	2	2	2	2	2	2	2	2	2	2	2	2	2	2	2	2	2	2
2024.33663211475	2	2	2	2	2	2	2	2	2	2	2	2	2	2	2	2	2	2	2	2	3	2	2	2	2	2	2	2	2	2	2	2	2	2	2	2	2	2	2	2	2	2	2	2	2	2	3	2	2	2	2	2	2	2	2	2	2	2	2	2	2	2	2	2	2	2	2	2	2	2	2	2	2	2	2	2	2	2	2	2	2	2	2	3	2	2	2	3	2	2	2	2	2	3	2	2	2	2	2	3	3	2	2	2	2	2	2	2	2	2	2	2	2	2	2	2	2	2	2	2	2	2	2	2	2	2	2	2	2	2	2	2	2	2	2	2	2	2	2	2	2	2	2	2	2	2	2	2	2	2	2	2	2	2	2	2	2	2	2	2	2	2	2	2	2	2	3	2	2	2	2	2	2	2	2	2	2	2	2	2	2	2	2	2	2	2	2	2	2	2	2	2	2	2	2	2	2	3	2	2	2	2	2	2	2	2	2	2	2	3	2	2	2	2	2	2	2	3	2	2	2	3	2	2	2	2	2	2	2	2	2	2	2	2	2	3	2	2	2	2	2	2	3	2	2	2	2	2	2	2	2	2	2	2	2	2	2	2	2	2	2	2	2	2	2	2	3	2	2	2	2	2	2	2	2	2	2	2	2	2	2	2	2	2	2	2	2	2	2	2	2	3	2	2	2	2	2	2	2	2	2	2	3	2	2	2	2	2	2	2	2	2	2	2	2	2	3	2	2	2	2	2	2	2	3	2	2	2	2	2	2	3	2	2	2	2	2	2	2	2	2	2	2	2	2	2	2	2	2	2	2	2	2	2	2	2	2	2	2	2	2	2	2	2	2	2	2	2	2	2	2	2	2	2	2	2	2	2	2	2	2	2	2	2	2	2	2	2	2	2	2	3	2	2	2	2	2	2	2	2	2	2	2	2	2	2	2	2	2	2	2	2	2	2	2	2	2	2	2	2	2	2	2	2	2	2	2	2	2	2	2	2	2	2	2	2	2	2	2	2	2	3	2	2	2	2	2	2	2	2	2	2	2	2	2	2	2	2	2	2	2	2	2	2	2	2	2	2	2	2	2	2	2	2	2	2	2	2	2	2	2	2	2	2	2	2	2	2	2	2	2	2	2	2	2	2	2	2	2	2	2	2	2	2	2	2	2	2	2	2	2	3	2	2	2	2	2	2	3	2	2	2	2	2	2	2	2	2	2	2	2	2	2	2	2	2	2	2	2	2	3	2	2	2	3	2	2	2	2	2	2	2	2	2	2	2	2	2	2	3	2	2	2	2	2	2	2	2	2	2	2	2	2	2	2	2	3	2	2	2	2	2	2	2	2	2	2	2	2	2	2	2	2	2	2	2	2	3	3	2	3	2	2	2	2	2	2	2	2	2	2	2	2	2	2	2	2	2	2	2	2	2	2	2	2	2	2	2	2	2	2	3	2	2	2	2	2	2	2	2	2	2	2	2	2	2	2	2	2	2	2	2	2	2	2	2	2	2	2	2	2	2	2	2	2	2	2	2	2	2	2	2	2	2	2	2	2	2	2	2	2	2	3	3	2	2	2	2	3	2	2	2	2	2	2	3	2	2	2	2	2	2	2	2	2	2	2	2	2	2	3	2	2	2	2	2	2	2	2	2	2	2	2	2	2	2	2	2	2	2	2	2	2	2	2	2	2	2	2	2	2	2	2	2	2	2	2	3	2	2	2	2	2	2	2	2	2	2	2	2	2	2	2	2	2	2	2	2	2	2	2	2	2	2	2	2	2	2	2	2	2	2	2	2	2	2	2	2	2	2	2	2	2	2	2	2	2	2	2	2	2	2	2	2	3	2	2	2	2	2	2	2	2	2	2	2	2	2	2	2	2	3	2	2	2	2	2	2	3	2	2	2	2	3	2	2	2	2	2	2	2	2	2	2	2	2	2	2	2	2	2	2	2	2	2	2	2	2	2	2	3	2	2	2	2	2	2	2	2	2	2	2	2	2	3	2	2	2	2	2	3	2	2	2	2	2	2	2	2	2	2	2	2	2	2	2	2	2	2	2	2	2	2	2	2	2	2	2	2	2	2	2	2	2	2	2	2	2	2	2	2	2	2	2	2	2	2	2	2	2	2	2	2	2	2	2	2	2	2	2	2	2	2	2	2	2	2	2	2	2	2	2	2	2	2	2	2	2	2	2	2	2	2	2	2	2	2	2	3	2	2	2	2	2	2	2	2	2	2	2	2	2	2	2	2	2	2	2	2	2	2	2	2	2	2	2	2	2	2	2
2024.34178242596	2	2	2	2	2	2	2	2	2	2	2	2	2	2	2	2	2	2	2	2	3	2	2	2	2	2	2	2	2	2	2	2	2	2	2	2	2	2	2	2	2	2	2	2	2	2	3	2	2	2	2	2	2	2	2	2	2	2	2	2	2	2	2	2	2	2	2	2	2	2	2	2	2	2	2	2	2	2	2	2	2	2	2	3	2	2	2	3	2	2	2	2	2	3	2	2	2	2	2	3	3	2	2	2	2	2	2	2	2	2	2	2	2	2	2	2	2	2	2	2	2	2	2	2	2	2	2	2	2	2	2	2	2	2	2	2	2	2	2	2	2	2	2	2	2	2	2	2	2	2	2	2	2	2	2	2	2	2	2	2	2	2	2	2	2	2	3	2	2	2	2	2	2	2	2	2	2	2	2	2	2	2	2	2	2	2	2	2	2	2	2	2	2	2	2	2	2	3	2	2	2	2	2	2	2	2	2	2	2	3	2	2	2	2	2	2	2	3	2	2	2	3	2	2	2	2	2	2	2	2	2	2	2	2	2	3	2	2	2	2	2	2	3	2	2	2	2	2	2	2	2	2	2	2	2	2	2	2	2	2	2	2	2	2	2	2	3	2	2	2	2	2	2	2	2	2	2	2	2	2	2	2	2	2	2	2	2	2	2	2	2	3	2	2	2	2	2	2	2	2	2	2	3	2	2	2	2	2	2	2	2	2	2	2	2	2	3	2	2	2	2	2	2	2	3	2	2	2	2	2	2	3	2	2	2	2	2	2	2	2	2	2	2	2	2	2	2	2	2	2	2	2	2	2	2	2	2	2	2	2	2	2	2	2	2	2	2	2	2	2	2	2	2	2	2	2	2	2	2	2	2	2	2	2	2	2	2	2	2	2	2	3	2	2	2	2	2	2	2	2	2	2	2	2	2	2	2	2	2	2	2	2	2	2	2	2	2	2	2	2	2	2	2	2	2	2	2	2	2	2	2	2	2	2	2	2	2	2	2	2	2	3	2	2	2	2	2	2	2	2	2	2	2	2	2	2	2	2	2	2	2	2	2	2	2	2	2	2	2	2	2	2	2	2	2	2	2	2	2	2	2	2	2	2	2	2	2	2	2	2	2	2	2	2	2	2	2	2	2	2	2	2	2	2	2	2	2	2	2	2	2	3	2	2	2	2	2	2	3	2	2	2	2	2	2	2	2	2	2	2	2	2	2	2	2	2	2	2	2	2	3	2	2	2	3	2	2	2	2	2	2	2	2	2	2	2	2	2	2	3	2	2	2	2	2	2	2	2	2	2	2	2	2	2	2	2	3	2	2	2	2	2	2	2	2	2	2	2	2	2	2	2	2	2	2	2	2	3	3	2	3	2	2	2	2	2	2	2	2	2	2	2	2	2	2	2	2	2	2	2	2	2	2	2	2	2	2	2	2	2	2	3	2	2	2	2	2	2	2	2	2	2	2	2	2	2	2	2	2	2	2	2	2	2	2	2	2	2	2	2	2	2	2	2	2	2	2	2	2	2	2	2	2	2	2	2	2	2	2	2	2	2	3	3	2	2	2	2	3	2	2	2	2	2	2	3	2	2	2	2	2	2	2	2	2	2	2	2	2	2	3	2	2	2	2	2	2	2	2	2	2	2	2	2	2	2	2	2	2	2	2	2	2	2	2	2	2	2	2	2	2	2	2	2	2	2	2	3	2	2	2	2	2	2	2	2	2	2	2	2	2	2	2	2	2	2	2	2	2	2	2	2	2	2	2	2	2	2	2	2	2	2	2	2	2	2	2	2	2	2	2	2	2	2	2	2	2	2	2	2	2	2	2	2	3	2	2	2	2	2	2	2	2	2	2	2	2	2	2	2	2	3	2	2	2	2	2	2	3	2	2	2	2	3	2	2	2	2	2	2	2	2	2	2	2	2	2	2	2	2	2	2	2	2	2	2	2	2	2	2	3	2	2	2	2	2	2	2	2	2	2	2	2	2	3	2	2	2	2	2	3	2	2	2	2	2	2	2	2	2	2	2	2	2	2	2	2	2	2	2	2	2	2	2	2	2	2	2	2	2	2	2	2	2	2	2	2	2	2	2	2	2	2	2	2	2	2	2	2	2	2	2	2	2	2	2	2	2	2	2	2	2	2	2	2	2	2	2	2	2	2	2	2	2	2	2	2	2	2	2	2	2	2	2	2	2	2	2	3	2	2	2	2	2	2	2	2	2	2	2	2	2	2	2	2	2	2	2	2	2	2	2	2	2	2	2	2	2	2	2
2024.34693273718	1	1	1	1	1	1	1	1	1	1	1	1	1	1	1	1	1	1	1	1	1	1	1	1	1	1	1	1	1	1	1	1	1	1	1	1	1	1	1	1	1	1	1	1	1	1	1	1	1	1	1	1	1	1	1	1	1	1	1	1	1	1	1	1	1	1	1	1	1	1	1	1	1	1	1	1	1	1	1	1	1	1	1	1	1	1	1	1	1	1	1	1	1	1	1	1	1	1	1	1	1	1	1	1	1	1	1	1	1	1	1	1	1	1	1	1	1	1	1	1	1	1	1	1	1	1	1	1	1	1	1	1	1	1	1	1	1	1	1	1	1	1	1	1	1	1	1	1	1	1	1	1	1	1	1	1	1	1	1	1	1	1	1	1	1	1	1	1	1	1	1	1	1	1	1	1	1	1	1	1	1	1	1	1	1	1	1	1	1	1	1	1	1	1	1	1	1	1	1	1	1	1	1	1	1	1	1	1	1	1	1	1	1	1	1	1	1	1	1	1	1	1	1	1	1	1	1	1	1	1	1	1	1	1	1	1	1	1	1	1	1	1	1	1	1	1	1	1	1	1	1	1	1	1	1	1	1	1	1	1	1	1	1	1	1	1	1	1	1	1	1	1	1	1	1	1	1	1	1	1	1	1	1	1	1	1	1	1	1	1	1	1	1	1	1	1	1	1	1	1	1	1	1	1	1	1	1	1	1	1	1	1	1	1	1	1	1	1	1	1	1	1	1	1	1	1	1	1	1	1	1	1	1	1	1	1	1	1	1	1	1	1	1	1	1	1	1	1	1	1	1	1	1	1	1	1	1	1	1	1	1	1	1	1	1	1	1	1	1	1	1	1	1	1	1	1	1	1	1	1	1	1	1	1	1	1	1	1	1	1	1	1	1	1	1	1	1	1	1	1	1	1	1	1	1	1	1	1	1	1	1	1	1	1	1	1	1	1	1	1	1	1	1	1	1	1	1	1	1	1	1	1	1	1	1	1	1	1	1	1	1	1	1	1	1	1	1	1	1	1	1	1	1	1	1	1	1	1	1	1	1	1	1	1	1	1	1	1	1	1	1	1	1	1	1	1	1	1	1	1	1	1	1	1	1	1	1	1	1	1	1	1	1	1	1	1	1	1	1	1	1	1	1	1	1	1	1	1	1	1	1	1	1	1	1	1	1	1	1	1	1	1	1	1	1	1	1	1	1	1	1	1	1	1	1	1	1	1	1	1	1	1	1	1	1	1	1	1	1	1	1	1	1	1	1	1	1	1	1	1	1	1	1	1	1	1	1	1	1	1	1	1	1	1	1	1	1	1	1	1	1	1	1	1	1	1	1	1	1	1	1	1	1	1	1	1	1	1	1	1	1	1	1	1	1	1	1	1	1	1	1	1	1	1	1	1	1	1	1	1	1	1	1	1	1	1	1	1	1	1	1	1	1	1	1	1	1	1	1	1	1	1	1	1	1	1	1	1	1	1	1	1	1	1	1	1	1	1	1	1	1	1	1	1	1	1	1	1	1	1	1	1	1	1	1	1	1	1	1	1	1	1	1	1	1	1	1	1	1	1	1	1	1	1	1	1	1	1	1	1	1	1	1	1	1	1	1	1	1	1	1	1	1	1	1	1	1	1	1	1	1	1	1	1	1	1	1	1	1	1	1	1	1	1	1	1	1	1	1	1	1	1	1	1	1	1	1	1	1	1	1	1	1	1	1	1	1	1	1	1	1	1	1	1	1	1	1	1	1	1	1	1	1	1	1	1	1	1	1	1	1	1	1	1	1	1	1	1	1	1	1	1	1	1	1	1	1	1	1	1	1	1	1	1	1	1	1	1	1	1	1	1	1	1	1	1	1	1	1	1	1	1	1	1	1	1	1	1	1	1	1	1	1	1	1	1	1	1	1	1	1	1	1	1	1	1	1	1	1	1	1	1	1	1	1	1	1	1	1	1	1	1	1	1	1	1	1	1	1	1	1	1	1	1	1	1	1	1	1	1	1	1	1	1	1	1	1	1	1	1	1	1	1	1	1	1	1	1	1	1	1	1	1	1	1	1	1	1	1	1	1	1	1	1	1	1	1	1	1	1	1	1	1	1	1	1	1	1	1	1	1	1	1	1	1	1	1	1	1	1	1	1	1	1	1	1	1	1	1	1	1	1	1	1	1	1	1	1	1	1	1	1	1	1	1	1	1	1	1	1	1	1	1	1	1	1	1	1	1	1	1	1	1	1	1	1	1	1	1	1	1	1	1	1	1	1	1	1	1	1
2024.35208304839	0	0	0	0	0	0	0	0	0	0	0	0	0	0	0	0	0	0	0	0	0	0	0	0	0	0	0	0	0	0	0	0	0	0	0	0	0	0	0	0	0	0	0	0	0	0	0	0	0	0	0	0	0	0	0	0	0	0	0	0	0	0	0	0	0	0	0	0	0	0	0	0	0	0	0	0	0	0	0	0	0	0	0	0	0	0	0	0	0	0	0	0	0	0	0	0	0	0	0	0	0	0	0	0	0	0	0	0	0	0	0	0	0	0	0	0	0	0	0	0	0	0	0	0	0	0	0	0	0	0	0	0	0	0	0	0	0	0	0	0	0	0	0	0	0	0	0	0	0	0	0	0	0	0	0	0	0	0	0	0	0	0	0	0	0	0	0	0	0	0	0	0	0	0	0	0	0	0	0	0	0	0	0	0	0	0	0	0	0	0	0	0	0	0	0	0	0	0	0	0	0	0	0	0	0	0	0	0	0	0	0	0	0	0	0	0	0	0	0	0	0	0	0	0	0	0	0	0	0	0	0	0	0	0	0	0	0	0	0	0	0	0	0	0	0	0	0	0	0	0	0	0	0	0	0	0	0	0	0	0	0	0	0	0	0	0	0	0	0	0	0	0	0	0	0	0	0	0	0	0	0	0	0	0	0	0	0	0	0	0	0	0	0	0	0	0	0	0	0	0	0	0	0	0	0	0	0	0	0	0	0	0	0	0	0	0	0	0	0	0	0	0	0	0	0	0	0	0	0	0	0	0	0	0	0	0	0	0	0	0	0	0	0	0	0	0	0	0	0	0	0	0	0	0	0	0	0	0	0	0	0	0	0	0	0	0	0	0	0	0	0	0	0	0	0	0	0	0	0	0	0	0	0	0	0	0	0	0	0	0	0	0	0	0	0	0	0	0	0	0	0	0	0	0	0	0	0	0	0	0	0	0	0	0	0	0	0	0	0	0	0	0	0	0	0	0	0	0	0	0	0	0	0	0	0	0	0	0	0	0	0	0	0	0	0	0	0	0	0	0	0	0	0	0	0	0	0	0	0	0	0	0	0	0	0	0	0	0	0	0	0	0	0	0	0	0	0	0	0	0	0	0	0	0	0	0	0	0	0	0	0	0	0	0	0	0	0	0	0	0	0	0	0	0	0	0	0	0	0	0	0	0	0	0	0	0	0	0	0	0	0	0	0	0	0	0	0	0	0	0	0	0	0	0	0	0	0	0	0	0	0	0	0	0	0	0	0	0	0	0	0	0	0	0	0	0	0	0	0	0	0	0	0	0	0	0	0	0	0	0	0	0	0	0	0	0	0	0	0	0	0	0	0	0	0	0	0	0	0	0	0	0	0	0	0	0	0	0	0	0	0	0	0	0	0	0	0	0	0	0	0	0	0	0	0	0	0	0	0	0	0	0	0	0	0	0	0	0	0	0	0	0	0	0	0	0	0	0	0	0	0	0	0	0	0	0	0	0	0	0	0	0	0	0	0	0	0	0	0	0	0	0	0	0	0	0	0	0	0	0	0	0	0	0	0	0	0	0	0	0	0	0	0	0	0	0	0	0	0	0	0	0	0	0	0	0	0	0	0	0	0	0	0	0	0	0	0	0	0	0	0	0	0	0	0	0	0	0	0	0	0	0	0	0	0	0	0	0	0	0	0	0	0	0	0	0	0	0	0	0	0	0	0	0	0	0	0	0	0	0	0	0	0	0	0	0	0	0	0	0	0	0	0	0	0	0	0	0	0	0	0	0	0	0	0	0	0	0	0	0	0	0	0	0	0	0	0	0	0	0	0	0	0	0	0	0	0	0	0	0	0	0	0	0	0	0	0	0	0	0	0	0	0	0	0	0	0	0	0	0	0	0	0	0	0	0	0	0	0	0	0	0	0	0	0	0	0	0	0	0	0	0	0	0	0	0	0	0	0	0	0	0	0	0	0	0	0	0	0	0	0	0	0	0	0	0	0	0	0	0	0	0	0	0	0	0	0	0	0	0	0	0	0	0	0	0	0	0	0	0	0	0	0	0	0	0	0	0	0	0	0	0	0	0	0	0	0	0	0	0	0	0	0	0	0	0	0	0	0	0	0	0	0	0	0	0	0	0	0	0	0	0	0	0	0	0	0	0	0	0	0	0	0	0	0	0	0	0	0	0	0	0	0	0	0	0	0	0	0	0	0	0	0	0	0	0	0	0	0	0	0	0	0	0	0	0	0	0	0	0	0	0	0	0	0	0	0	0	0	0	0	0	0	0	0	0	0	0	0	0
2024.35723335961	0	0	0	0	0	0	0	0	0	0	0	0	0	0	0	0	0	0	0	0	0	0	0	0	0	0	0	0	0	0	0	0	0	0	0	0	0	0	0	0	0	0	0	0	0	0	0	0	0	0	0	0	0	0	0	0	0	0	0	0	0	0	0	0	0	0	0	0	0	0	0	0	0	0	0	0	0	0	0	0	0	0	0	0	0	0	0	0	0	0	0	0	0	0	0	0	0	0	0	0	0	0	0	0	0	0	0	0	0	0	0	0	0	0	0	0	0	0	0	0	0	0	0	0	0	0	0	0	0	0	0	0	0	0	0	0	0	0	0	0	0	0	0	0	0	0	0	0	0	0	0	0	0	0	0	0	0	0	0	0	0	0	0	0	0	0	0	0	0	0	0	0	0	0	0	0	0	0	0	0	0	0	0	0	0	0	0	0	0	0	0	0	0	0	0	0	0	0	0	0	0	0	0	0	0	0	0	0	0	0	0	0	0	0	0	0	0	0	0	0	0	0	0	0	0	0	0	0	0	0	0	0	0	0	0	0	0	0	0	0	0	0	0	0	0	0	0	0	0	0	0	0	0	0	0	0	0	0	0	0	0	0	0	0	0	0	0	0	0	0	0	0	0	0	0	0	0	0	0	0	0	0	0	0	0	0	0	0	0	0	0	0	0	0	0	0	0	0	0	0	0	0	0	0	0	0	0	0	0	0	0	0	0	0	0	0	0	0	0	0	0	0	0	0	0	0	0	0	0	0	0	0	0	0	0	0	0	0	0	0	0	0	0	0	0	0	0	0	0	0	0	0	0	0	0	0	0	0	0	0	0	0	0	0	0	0	0	0	0	0	0	0	0	0	0	0	0	0	0	0	0	0	0	0	0	0	0	0	0	0	0	0	0	0	0	0	0	0	0	0	0	0	0	0	0	0	0	0	0	0	0	0	0	0	0	0	0	0	0	0	0	0	0	0	0	0	0	0	0	0	0	0	0	0	0	0	0	0	0	0	0	0	0	0	0	0	0	0	0	0	0	0	0	0	0	0	0	0	0	0	0	0	0	0	0	0	0	0	0	0	0	0	0	0	0	0	0	0	0	0	0	0	0	0	0	0	0	0	0	0	0	0	0	0	0	0	0	0	0	0	0	0	0	0	0	0	0	0	0	0	0	0	0	0	0	0	0	0	0	0	0	0	0	0	0	0	0	0	0	0	0	0	0	0	0	0	0	0	0	0	0	0	0	0	0	0	0	0	0	0	0	0	0	0	0	0	0	0	0	0	0	0	0	0	0	0	0	0	0	0	0	0	0	0	0	0	0	0	0	0	0	0	0	0	0	0	0	0	0	0	0	0	0	0	0	0	0	0	0	0	0	0	0	0	0	0	0	0	0	0	0	0	0	0	0	0	0	0	0	0	0	0	0	0	0	0	0	0	0	0	0	0	0	0	0	0	0	0	0	0	0	0	0	0	0	0	0	0	0	0	0	0	0	0	0	0	0	0	0	0	0	0	0	0	0	0	0	0	0	0	0	0	0	0	0	0	0	0	0	0	0	0	0	0	0	0	0	0	0	0	0	0	0	0	0	0	0	0	0	0	0	0	0	0	0	0	0	0	0	0	0	0	0	0	0	0	0	0	0	0	0	0	0	0	0	0	0	0	0	0	0	0	0	0	0	0	0	0	0	0	0	0	0	0	0	0	0	0	0	0	0	0	0	0	0	0	0	0	0	0	0	0	0	0	0	0	0	0	0	0	0	0	0	0	0	0	0	0	0	0	0	0	0	0	0	0	0	0	0	0	0	0	0	0	0	0	0	0	0	0	0	0	0	0	0	0	0	0	0	0	0	0	0	0	0	0	0	0	0	0	0	0	0	0	0	0	0	0	0	0	0	0	0	0	0	0	0	0	0	0	0	0	0	0	0	0	0	0	0	0	0	0	0	0	0	0	0	0	0	0	0	0	0	0	0	0	0	0	0	0	0	0	0	0	0	0	0	0	0	0	0	0	0	0	0	0	0	0	0	0	0	0	0	0	0	0	0	0	0	0	0	0	0	0	0	0	0	0	0	0	0	0	0	0	0	0	0	0	0	0	0	0	0	0	0	0	0	0	0	0	0	0	0	0	0	0	0	0	0	0	0	0	0	0	0	0	0	0	0	0	0	0	0	0	0	0	0	0	0	0	0	0	0	0	0	0	0	0	0	0	0	0	0	0	0	0	0	0	0	0	0	0	0	0	0	0	0	0	0	0	0	0	0	0	0	0	0	0	0	0
2024.36238367082	0	0	0	0	0	0	0	0	0	0	0	0	0	0	0	0	0	0	0	0	0	0	0	0	0	0	0	0	0	0	0	0	0	0	0	0	0	0	0	0	0	0	0	0	0	0	0	0	0	0	0	0	0	0	0	0	0	0	0	0	0	0	0	0	0	0	0	0	0	0	0	0	0	0	0	0	0	0	0	0	0	0	0	0	0	0	0	0	0	0	0	0	0	0	0	0	0	0	0	0	0	0	0	0	0	0	0	0	0	0	0	0	0	0	0	0	0	0	0	0	0	0	0	0	0	0	0	0	0	0	0	0	0	0	0	0	0	0	0	0	0	0	0	0	0	0	0	0	0	0	0	0	0	0	0	0	0	0	0	0	0	0	0	0	0	0	0	0	0	0	0	0	0	0	0	0	0	0	0	0	0	0	0	0	0	0	0	0	0	0	0	0	0	0	0	0	0	0	0	0	0	0	0	0	0	0	0	0	0	0	0	0	0	0	0	0	0	0	0	0	0	0	0	0	0	0	0	0	0	0	0	0	0	0	0	0	0	0	0	0	0	0	0	0	0	0	0	0	0	0	0	0	0	0	0	0	0	0	0	0	0	0	0	0	0	0	0	0	0	0	0	0	0	0	0	0	0	0	0	0	0	0	0	0	0	0	0	0	0	0	0	0	0	0	0	0	0	0	0	0	0	0	0	0	0	0	0	0	0	0	0	0	0	0	0	0	0	0	0	0	0	0	0	0	0	0	0	0	0	0	0	0	0	0	0	0	0	0	0	0	0	0	0	0	0	0	0	0	0	0	0	0	0	0	0	0	0	0	0	0	0	0	0	0	0	0	0	0	0	0	0	0	0	0	0	0	0	0	0	0	0	0	0	0	0	0	0	0	0	0	0	0	0	0	0	0	0	0	0	0	0	0	0	0	0	0	0	0	0	0	0	0	0	0	0	0	0	0	0	0	0	0	0	0	0	0	0	0	0	0	0	0	0	0	0	0	0	0	0	0	0	0	0	0	0	0	0	0	0	0	0	0	0	0	0	0	0	0	0	0	0	0	0	0	0	0	0	0	0	0	0	0	0	0	0	0	0	0	0	0	0	0	0	0	0	0	0	0	0	0	0	0	0	0	0	0	0	0	0	0	0	0	0	0	0	0	0	0	0	0	0	0	0	0	0	0	0	0	0	0	0	0	0	0	0	0	0	0	0	0	0	0	0	0	0	0	0	0	0	0	0	0	0	0	0	0	0	0	0	0	0	0	0	0	0	0	0	0	0	0	0	0	0	0	0	0	0	0	0	0	0	0	0	0	0	0	0	0	0	0	0	0	0	0	0	0	0	0	0	0	0	0	0	0	0	0	0	0	0	0	0	0	0	0	0	0	0	0	0	0	0	0	0	0	0	0	0	0	0	0	0	0	0	0	0	0	0	0	0	0	0	0	0	0	0	0	0	0	0	0	0	0	0	0	0	0	0	0	0	0	0	0	0	0	0	0	0	0	0	0	0	0	0	0	0	0	0	0	0	0	0	0	0	0	0	0	0	0	0	0	0	0	0	0	0	0	0	0	0	0	0	0	0	0	0	0	0	0	0	0	0	0	0	0	0	0	0	0	0	0	0	0	0	0	0	0	0	0	0	0	0	0	0	0	0	0	0	0	0	0	0	0	0	0	0	0	0	0	0	0	0	0	0	0	0	0	0	0	0	0	0	0	0	0	0	0	0	0	0	0	0	0	0	0	0	0	0	0	0	0	0	0	0	0	0	0	0	0	0	0	0	0	0	0	0	0	0	0	0	0	0	0	0	0	0	0	0	0	0	0	0	0	0	0	0	0	0	0	0	0	0	0	0	0	0	0	0	0	0	0	0	0	0	0	0	0	0	0	0	0	0	0	0	0	0	0	0	0	0	0	0	0	0	0	0	0	0	0	0	0	0	0	0	0	0	0	0	0	0	0	0	0	0	0	0	0	0	0	0	0	0	0	0	0	0	0	0	0	0	0	0	0	0	0	0	0	0	0	0	0	0	0	0	0	0	0	0	0	0	0	0	0	0	0	0	0	0	0	0	0	0	0	0	0	0	0	0	0	0	0	0	0	0	0	0	0	0	0	0	0	0	0	0	0	0	0	0	0	0	0	0	0	0	0	0	0	0	0	0	0	0	0	0	0	0	0	0	0	0	0	0	0	0	0	0	0	0	0	0	0	0	0	0	0	0	0	0	0	0	0	0	0	0	0	0	0	0	0	0	0	0	0	0	0	0	0	0	0	0	0
2024.36753398204	0	0	0	0	0	0	0	0	0	0	0	0	0	0	0	0	0	0	0	0	0	0	0	0	0	0	0	0	0	0	0	0	0	0	0	0	0	0	0	0	0	0	0	0	0	0	0	0	0	0	0	0	0	0	0	0	0	0	0	0	0	0	0	0	0	0	0	0	0	0	0	0	0	0	0	0	0	0	0	0	0	0	0	0	0	0	0	0	0	0	0	0	0	0	0	0	0	0	0	0	0	0	0	0	0	0	0	0	0	0	0	0	0	0	0	0	0	0	0	0	0	0	0	0	0	0	0	0	0	0	0	0	0	0	0	0	0	0	0	0	0	0	0	0	0	0	0	0	0	0	0	0	0	0	0	0	0	0	0	0	0	0	0	0	0	0	0	0	0	0	0	0	0	0	0	0	0	0	0	0	0	0	0	0	0	0	0	0	0	0	0	0	0	0	0	0	0	0	0	0	0	0	0	0	0	0	0	0	0	0	0	0	0	0	0	0	0	0	0	0	0	0	0	0	0	0	0	0	0	0	0	0	0	0	0	0	0	0	0	0	0	0	0	0	0	0	0	0	0	0	0	0	0	0	0	0	0	0	0	0	0	0	0	0	0	0	0	0	0	0	0	0	0	0	0	0	0	0	0	0	0	0	0	0	0	0	0	0	0	0	0	0	0	0	0	0	0	0	0	0	0	0	0	0	0	0	0	0	0	0	0	0	0	0	0	0	0	0	0	0	0	0	0	0	0	0	0	0	0	0	0	0	0	0	0	0	0	0	0	0	0	0	0	0	0	0	0	0	0	0	0	0	0	0	0	0	0	0	0	0	0	0	0	0	0	0	0	0	0	0	0	0	0	0	0	0	0	0	0	0	0	0	0	0	0	0	0	0	0	0	0	0	0	0	0	0	0	0	0	0	0	0	0	0	0	0	0	0	0	0	0	0	0	0	0	0	0	0	0	0	0	0	0	0	0	0	0	0	0	0	0	0	0	0	0	0	0	0	0	0	0	0	0	0	0	0	0	0	0	0	0	0	0	0	0	0	0	0	0	0	0	0	0	0	0	0	0	0	0	0	0	0	0	0	0	0	0	0	0	0	0	0	0	0	0	0	0	0	0	0	0	0	0	0	0	0	0	0	0	0	0	0	0	0	0	0	0	0	0	0	0	0	0	0	0	0	0	0	0	0	0	0	0	0	0	0	0	0	0	0	0	0	0	0	0	0	0	0	0	0	0	0	0	0	0	0	0	0	0	0	0	0	0	0	0	0	0	0	0	0	0	0	0	0	0	0	0	0	0	0	0	0	0	0	0	0	0	0	0	0	0	0	0	0	0	0	0	0	0	0	0	0	0	0	0	0	0	0	0	0	0	0	0	0	0	0	0	0	0	0	0	0	0	0	0	0	0	0	0	0	0	0	0	0	0	0	0	0	0	0	0	0	0	0	0	0	0	0	0	0	0	0	0	0	0	0	0	0	0	0	0	0	0	0	0	0	0	0	0	0	0	0	0	0	0	0	0	0	0	0	0	0	0	0	0	0	0	0	0	0	0	0	0	0	0	0	0	0	0	0	0	0	0	0	0	0	0	0	0	0	0	0	0	0	0	0	0	0	0	0	0	0	0	0	0	0	0	0	0	0	0	0	0	0	0	0	0	0	0	0	0	0	0	0	0	0	0	0	0	0	0	0	0	0	0	0	0	0	0	0	0	0	0	0	0	0	0	0	0	0	0	0	0	0	0	0	0	0	0	0	0	0	0	0	0	0	0	0	0	0	0	0	0	0	0	0	0	0	0	0	0	0	0	0	0	0	0	0	0	0	0	0	0	0	0	0	0	0	0	0	0	0	0	0	0	0	0	0	0	0	0	0	0	0	0	0	0	0	0	0	0	0	0	0	0	0	0	0	0	0	0	0	0	0	0	0	0	0	0	0	0	0	0	0	0	0	0	0	0	0	0	0	0	0	0	0	0	0	0	0	0	0	0	0	0	0	0	0	0	0	0	0	0	0	0	0	0	0	0	0	0	0	0	0	0	0	0	0	0	0	0	0	0	0	0	0	0	0	0	0	0	0	0	0	0	0	0	0	0	0	0	0	0	0	0	0	0	0	0	0	0	0	0	0	0	0	0	0	0	0	0	0	0	0	0	0	0	0	0	0	0	0	0	0	0	0	0	0	0	0	0	0	0	0	0	0	0	0	0	0	0	0	0	0	0	0	0	0	0	0	0	0	0	0	0	0	0	0	0	0	0	0	0	0	0	0	0	0	0	0
2024.37268429326	1	1	1	1	1	1	1	1	1	1	1	1	1	1	1	1	1	1	1	1	1	1	1	1	1	1	1	1	1	1	1	1	1	1	1	1	1	1	1	1	1	1	1	1	1	1	1	1	1	1	1	1	1	1	1	1	1	1	1	1	1	1	1	1	1	1	1	1	1	1	1	1	1	1	1	1	1	1	1	1	1	1	1	1	1	1	1	1	1	1	1	1	1	1	1	1	1	1	1	1	1	1	1	1	1	1	1	1	1	1	1	1	1	1	1	1	1	1	1	1	1	1	1	1	1	1	1	1	1	1	1	1	1	1	1	1	1	1	1	1	1	1	1	1	1	1	1	1	1	1	1	1	1	1	1	1	1	1	1	1	1	1	1	1	1	1	1	1	1	1	1	1	1	1	1	1	1	1	1	1	1	1	1	1	1	1	1	1	1	1	1	1	1	1	1	1	1	1	1	1	1	1	1	1	1	1	1	1	1	1	1	1	1	1	1	1	1	1	1	1	1	1	1	1	1	1	1	1	1	1	1	1	1	1	1	1	1	1	1	1	1	1	1	1	1	1	1	1	1	1	1	1	1	1	1	1	1	1	1	1	1	1	1	1	1	1	1	1	1	1	1	1	1	1	1	1	1	1	1	1	1	1	1	1	1	1	1	1	1	1	1	1	1	1	1	1	1	1	1	1	1	1	1	1	1	1	1	1	1	1	1	1	1	1	1	1	1	1	1	1	1	1	1	1	1	1	1	1	1	1	1	1	1	1	1	1	1	1	1	1	1	1	1	1	1	1	1	1	1	1	1	1	1	1	1	1	1	1	1	1	1	1	1	1	1	1	1	1	1	1	1	1	1	1	1	1	1	1	1	1	1	1	1	1	1	1	1	1	1	1	1	1	1	1	1	1	1	1	1	1	1	1	1	1	1	1	1	1	1	1	1	1	1	1	1	1	1	1	1	1	1	1	1	1	1	1	1	1	1	1	1	1	1	1	1	1	1	1	1	1	1	1	1	1	1	1	1	1	1	1	1	1	1	1	1	1	1	1	1	1	1	1	1	1	1	1	1	1	1	1	1	1	1	1	1	1	1	1	1	1	1	1	1	1	1	1	1	1	1	1	1	1	1	1	1	1	1	1	1	1	1	1	1	1	1	1	1	1	1	1	1	1	1	1	1	1	1	1	1	1	1	1	1	1	1	1	1	1	1	1	1	1	1	1	1	1	1	1	1	1	1	1	1	1	1	1	1	1	1	1	1	1	1	1	1	1	1	1	1	1	1	1	1	1	1	1	1	1	1	1	1	1	1	1	1	1	1	1	1	1	1	1	1	1	1	1	1	1	1	1	1	1	1	1	1	1	1	1	1	1	1	1	1	1	1	1	1	1	1	1	1	1	1	1	1	1	1	1	1	1	1	1	1	1	1	1	1	1	1	1	1	1	1	1	1	1	1	1	1	1	1	1	1	1	1	1	1	1	1	1	1	1	1	1	1	1	1	1	1	1	1	1	1	1	1	1	1	1	1	1	1	1	1	1	1	1	1	1	1	1	1	1	1	1	1	1	1	1	1	1	1	1	1	1	1	1	1	1	1	1	1	1	1	1	1	1	1	1	1	1	1	1	1	1	1	1	1	1	1	1	1	1	1	1	1	1	1	1	1	1	1	1	1	1	1	1	1	1	1	1	1	1	1	1	1	1	1	1	1	1	1	1	1	1	1	1	1	1	1	1	1	1	1	1	1	1	1	1	1	1	1	1	1	1	1	1	1	1	1	1	1	1	1	1	1	1	1	1	1	1	1	1	1	1	1	1	1	1	1	1	1	1	1	1	1	1	1	1	1	1	1	1	1	1	1	1	1	1	1	1	1	1	1	1	1	1	1	1	1	1	1	1	1	1	1	1	1	1	1	1	1	1	1	1	1	1	1	1	1	1	1	1	1	1	1	1	1	1	1	1	1	1	1	1	1	1	1	1	1	1	1	1	1	1	1	1	1	1	1	1	1	1	1	1	1	1	1	1	1	1	1	1	1	1	1	1	1	1	1	1	1	1	1	1	1	1	1	1	1	1	1	1	1	1	1	1	1	1	1	1	1	1	1	1	1	1	1	1	1	1	1	1	1	1	1	1	1	1	1	1	1	1	1	1	1	1	1	1	1	1	1	1	1	1	1	1	1	1	1	1	1	1	1	1	1	1	1	1	1	1	1	1	1	1	1	1	1	1	1	1	1	1	1	1	1	1	1	1	1	1	1	1	1	1	1	1	1	1	1	1
2024.37783460447	1	1	1	1	1	1	1	1	1	1	1	1	1	1	1	1	1	1	1	1	1	1	1	1	1	1	1	1	1	1	1	1	1	1	1	1	1	1	1	1	1	1	1	1	1	1	1	1	1	1	1	1	1	1	1	1	1	1	1	1	1	1	1	1	1	1	1	1	1	1	1	1	1	1	1	1	1	1	1	1	1	1	1	1	1	1	1	1	1	1	1	1	1	1	1	1	1	1	1	1	1	1	1	1	1	1	1	1	1	1	1	1	1	1	1	1	1	1	1	1	1	1	1	1	1	1	1	1	1	1	1	1	1	1	1	1	1	1	1	1	1	1	1	1	1	1	1	1	1	1	1	1	1	1	1	1	1	1	1	1	1	1	1	1	1	1	1	1	1	1	1	1	1	1	1	1	1	1	1	1	1	1	1	1	1	1	1	1	1	1	1	1	1	1	1	1	1	1	1	1	1	1	1	1	1	1	1	1	1	1	1	1	1	1	1	1	1	1	1	1	1	1	1	1	1	1	1	1	1	1	1	1	1	1	1	1	1	1	1	1	1	1	1	1	1	1	1	1	1	1	1	1	1	1	1	1	1	1	1	1	1	1	1	1	1	1	1	1	1	1	1	1	1	1	1	1	1	1	1	1	1	1	1	1	1	1	1	1	1	1	1	1	1	1	1	1	1	1	1	1	1	1	1	1	1	1	1	1	1	1	1	1	1	1	1	1	1	1	1	1	1	1	1	1	1	1	1	1	1	1	1	1	1	1	1	1	1	1	1	1	1	1	1	1	1	1	1	1	1	1	1	1	1	1	1	1	1	1	1	1	1	1	1	1	1	1	1	1	1	1	1	1	1	1	1	1	1	1	1	1	1	1	1	1	1	1	1	1	1	1	1	1	1	1	1	1	1	1	1	1	1	1	1	1	1	1	1	1	1	1	1	1	1	1	1	1	1	1	1	1	1	1	1	1	1	1	1	1	1	1	1	1	1	1	1	1	1	1	1	1	1	1	1	1	1	1	1	1	1	1	1	1	1	1	1	1	1	1	1	1	1	1	1	1	1	1	1	1	1	1	1	1	1	1	1	1	1	1	1	1	1	1	1	1	1	1	1	1	1	1	1	1	1	1	1	1	1	1	1	1	1	1	1	1	1	1	1	1	1	1	1	1	1	1	1	1	1	1	1	1	1	1	1	1	1	1	1	1	1	1	1	1	1	1	1	1	1	1	1	1	1	1	1	1	1	1	1	1	1	1	1	1	1	1	1	1	1	1	1	1	1	1	1	1	1	1	1	1	1	1	1	1	1	1	1	1	1	1	1	1	1	1	1	1	1	1	1	1	1	1	1	1	1	1	1	1	1	1	1	1	1	1	1	1	1	1	1	1	1	1	1	1	1	1	1	1	1	1	1	1	1	1	1	1	1	1	1	1	1	1	1	1	1	1	1	1	1	1	1	1	1	1	1	1	1	1	1	1	1	1	1	1	1	1	1	1	1	1	1	1	1	1	1	1	1	1	1	1	1	1	1	1	1	1	1	1	1	1	1	1	1	1	1	1	1	1	1	1	1	1	1	1	1	1	1	1	1	1	1	1	1	1	1	1	1	1	1	1	1	1	1	1	1	1	1	1	1	1	1	1	1	1	1	1	1	1	1	1	1	1	1	1	1	1	1	1	1	1	1	1	1	1	1	1	1	1	1	1	1	1	1	1	1	1	1	1	1	1	1	1	1	1	1	1	1	1	1	1	1	1	1	1	1	1	1	1	1	1	1	1	1	1	1	1	1	1	1	1	1	1	1	1	1	1	1	1	1	1	1	1	1	1	1	1	1	1	1	1	1	1	1	1	1	1	1	1	1	1	1	1	1	1	1	1	1	1	1	1	1	1	1	1	1	1	1	1	1	1	1	1	1	1	1	1	1	1	1	1	1	1	1	1	1	1	1	1	1	1	1	1	1	1	1	1	1	1	1	1	1	1	1	1	1	1	1	1	1	1	1	1	1	1	1	1	1	1	1	1	1	1	1	1	1	1	1	1	1	1	1	1	1	1	1	1	1	1	1	1	1	1	1	1	1	1	1	1	1	1	1	1	1	1	1	1	1	1	1	1	1	1	1	1	1	1	1	1	1	1	1	1	1	1	1	1	1	1	1	1	1	1	1	1	1	1	1	1	1	1	1	1	1	1	1	1	1	1	1	1	1	1	1	1	1	1	1	1	1	1	1	1	1	1	1	1	1	1	1	1	1	1	1	1	1	1	1	1	1	1	1	1
2024.38298491569	1	1	1	1	1	1	1	1	1	1	1	1	1	1	1	1	1	1	1	1	1	1	1	1	1	1	1	1	1	1	1	1	1	1	1	1	1	1	1	1	1	1	1	1	1	1	1	1	1	1	1	1	1	1	1	1	1	1	1	1	1	1	1	1	1	1	1	1	1	1	1	1	1	1	1	1	1	1	1	1	1	1	1	1	1	1	1	1	1	1	1	1	1	1	1	1	1	1	1	1	1	1	1	1	1	1	1	1	1	1	1	1	1	1	1	1	1	1	1	1	1	1	1	1	1	1	1	1	1	1	1	1	1	1	1	1	1	1	1	1	1	1	1	1	1	1	1	1	1	1	1	1	1	1	1	1	1	1	1	1	1	1	1	1	1	1	1	1	1	1	1	1	1	1	1	1	1	1	1	1	1	1	1	1	1	1	1	1	1	1	1	1	1	1	1	1	1	1	1	1	1	1	1	1	1	1	1	1	1	1	1	1	1	1	1	1	1	1	1	1	1	1	1	1	1	1	1	1	1	1	1	1	1	1	1	1	1	1	1	1	1	1	1	1	1	1	1	1	1	1	1	1	1	1	1	1	1	1	1	1	1	1	1	1	1	1	1	1	1	1	1	1	1	1	1	1	1	1	1	1	1	1	1	1	1	1	1	1	1	1	1	1	1	1	1	1	1	1	1	1	1	1	1	1	1	1	1	1	1	1	1	1	1	1	1	1	1	1	1	1	1	1	1	1	1	1	1	1	1	1	1	1	1	1	1	1	1	1	1	1	1	1	1	1	1	1	1	1	1	1	1	1	1	1	1	1	1	1	1	1	1	1	1	1	1	1	1	1	1	1	1	1	1	1	1	1	1	1	1	1	1	1	1	1	1	1	1	1	1	1	1	1	1	1	1	1	1	1	1	1	1	1	1	1	1	1	1	1	1	1	1	1	1	1	1	1	1	1	1	1	1	1	1	1	1	1	1	1	1	1	1	1	1	1	1	1	1	1	1	1	1	1	1	1	1	1	1	1	1	1	1	1	1	1	1	1	1	1	1	1	1	1	1	1	1	1	1	1	1	1	1	1	1	1	1	1	1	1	1	1	1	1	1	1	1	1	1	1	1	1	1	1	1	1	1	1	1	1	1	1	1	1	1	1	1	1	1	1	1	1	1	1	1	1	1	1	1	1	1	1	1	1	1	1	1	1	1	1	1	1	1	1	1	1	1	1	1	1	1	1	1	1	1	1	1	1	1	1	1	1	1	1	1	1	1	1	1	1	1	1	1	1	1	1	1	1	1	1	1	1	1	1	1	1	1	1	1	1	1	1	1	1	1	1	1	1	1	1	1	1	1	1	1	1	1	1	1	1	1	1	1	1	1	1	1	1	1	1	1	1	1	1	1	1	1	1	1	1	1	1	1	1	1	1	1	1	1	1	1	1	1	1	1	1	1	1	1	1	1	1	1	1	1	1	1	1	1	1	1	1	1	1	1	1	1	1	1	1	1	1	1	1	1	1	1	1	1	1	1	1	1	1	1	1	1	1	1	1	1	1	1	1	1	1	1	1	1	1	1	1	1	1	1	1	1	1	1	1	1	1	1	1	1	1	1	1	1	1	1	1	1	1	1	1	1	1	1	1	1	1	1	1	1	1	1	1	1	1	1	1	1	1	1	1	1	1	1	1	1	1	1	1	1	1	1	1	1	1	1	1	1	1	1	1	1	1	1	1	1	1	1	1	1	1	1	1	1	1	1	1	1	1	1	1	1	1	1	1	1	1	1	1	1	1	1	1	1	1	1	1	1	1	1	1	1	1	1	1	1	1	1	1	1	1	1	1	1	1	1	1	1	1	1	1	1	1	1	1	1	1	1	1	1	1	1	1	1	1	1	1	1	1	1	1	1	1	1	1	1	1	1	1	1	1	1	1	1	1	1	1	1	1	1	1	1	1	1	1	1	1	1	1	1	1	1	1	1	1	1	1	1	1	1	1	1	1	1	1	1	1	1	1	1	1	1	1	1	1	1	1	1	1	1	1	1	1	1	1	1	1	1	1	1	1	1	1	1	1	1	1	1	1	1	1	1	1	1	1	1	1	1	1	1	1	1	1	1	1	1	1	1	1	1	1	1	1	1	1	1	1	1	1	1	1	1	1	1	1	1	1	1	1	1	1	1	1	1	1	1	1	1	1	1	1	1	1	1	1	1	1	1	1	1	1	1	1	1	1	1	1	1	1	1	1	1	1	1	1	1	1	1	1	1	1	1	1	1	1	1	1
2024.3881352269	1	1	1	1	1	1	1	1	1	1	1	1	1	1	1	1	1	1	1	1	1	1	1	1	1	1	1	1	1	1	1	1	1	1	1	1	1	1	1	1	1	1	1	1	1	1	1	1	1	1	1	1	1	1	1	1	1	1	1	1	1	1	1	1	1	1	1	1	1	1	1	1	1	1	1	1	1	1	1	1	1	1	1	1	1	1	1	1	1	1	1	1	1	1	1	1	1	1	1	1	1	1	1	1	1	1	1	1	1	1	1	1	1	1	1	1	1	1	1	1	1	1	1	1	1	1	1	1	1	1	1	1	1	1	1	1	1	1	1	1	1	1	1	1	1	1	1	1	1	1	1	1	1	1	1	1	1	1	1	1	1	1	1	1	1	1	1	1	1	1	1	1	1	1	1	1	1	1	1	1	1	1	1	1	1	1	1	1	1	1	1	1	1	1	1	1	1	1	1	1	1	1	1	1	1	1	1	1	1	1	1	1	1	1	1	1	1	1	1	1	1	1	1	1	1	1	1	1	1	1	1	1	1	1	1	1	1	1	1	1	1	1	1	1	1	1	1	1	1	1	1	1	1	1	1	1	1	1	1	1	1	1	1	1	1	1	1	1	1	1	1	1	1	1	1	1	1	1	1	1	1	1	1	1	1	1	1	1	1	1	1	1	1	1	1	1	1	1	1	1	1	1	1	1	1	1	1	1	1	1	1	1	1	1	1	1	1	1	1	1	1	1	1	1	1	1	1	1	1	1	1	1	1	1	1	1	1	1	1	1	1	1	1	1	1	1	1	1	1	1	1	1	1	1	1	1	1	1	1	1	1	1	1	1	1	1	1	1	1	1	1	1	1	1	1	1	1	1	1	1	1	1	1	1	1	1	1	1	1	1	1	1	1	1	1	1	1	1	1	1	1	1	1	1	1	1	1	1	1	1	1	1	1	1	1	1	1	1	1	1	1	1	1	1	1	1	1	1	1	1	1	1	1	1	1	1	1	1	1	1	1	1	1	1	1	1	1	1	1	1	1	1	1	1	1	1	1	1	1	1	1	1	1	1	1	1	1	1	1	1	1	1	1	1	1	1	1	1	1	1	1	1	1	1	1	1	1	1	1	1	1	1	1	1	1	1	1	1	1	1	1	1	1	1	1	1	1	1	1	1	1	1	1	1	1	1	1	1	1	1	1	1	1	1	1	1	1	1	1	1	1	1	1	1	1	1	1	1	1	1	1	1	1	1	1	1	1	1	1	1	1	1	1	1	1	1	1	1	1	1	1	1	1	1	1	1	1	1	1	1	1	1	1	1	1	1	1	1	1	1	1	1	1	1	1	1	1	1	1	1	1	1	1	1	1	1	1	1	1	1	1	1	1	1	1	1	1	1	1	1	1	1	1	1	1	1	1	1	1	1	1	1	1	1	1	1	1	1	1	1	1	1	1	1	1	1	1	1	1	1	1	1	1	1	1	1	1	1	1	1	1	1	1	1	1	1	1	1	1	1	1	1	1	1	1	1	1	1	1	1	1	1	1	1	1	1	1	1	1	1	1	1	1	1	1	1	1	1	1	1	1	1	1	1	1	1	1	1	1	1	1	1	1	1	1	1	1	1	1	1	1	1	1	1	1	1	1	1	1	1	1	1	1	1	1	1	1	1	1	1	1	1	1	1	1	1	1	1	1	1	1	1	1	1	1	1	1	1	1	1	1	1	1	1	1	1	1	1	1	1	1	1	1	1	1	1	1	1	1	1	1	1	1	1	1	1	1	1	1	1	1	1	1	1	1	1	1	1	1	1	1	1	1	1	1	1	1	1	1	1	1	1	1	1	1	1	1	1	1	1	1	1	1	1	1	1	1	1	1	1	1	1	1	1	1	1	1	1	1	1	1	1	1	1	1	1	1	1	1	1	1	1	1	1	1	1	1	1	1	1	1	1	1	1	1	1	1	1	1	1	1	1	1	1	1	1	1	1	1	1	1	1	1	1	1	1	1	1	1	1	1	1	1	1	1	1	1	1	1	1	1	1	1	1	1	1	1	1	1	1	1	1	1	1	1	1	1	1	1	1	1	1	1	1	1	1	1	1	1	1	1	1	1	1	1	1	1	1	1	1	1	1	1	1	1	1	1	1	1	1	1	1	1	1	1	1	1	1	1	1	1	1	1	1	1	1	1	1	1	1	1	1	1	1	1	1	1	1	1	1	1	1	1	1	1	1	1	1	1	1	1	1	1	1	1	1	1	1	1	1	1	1	1	1	1	1	1	1	1	1
