mean_branch_dispersal_velocity	weighted_branch_dispersal_velocity	branch_dispersal_velocity_variation_among_branches	original_diffusion_coefficient	weighted_diffusion_coefficient	diffusion_coefficient_variation_among_branches	isolation_by_distance_signal_rS	isolation_by_distance_signal_rP1	isolation_by_distance_signal_rP2
6236.96798038641	1790.26533700163	3.56901447143301	208412.824729973	236407.727469986	5.72414437871519	-0.0335228779895793	0.103961933073984	0.202740085068165
5450.93940211608	1487.19837034284	3.86940625791284	113181.075859545	179490.462696433	4.80271079394716	-0.0173986315210898	0.119699137577128	0.201959221878317
3708.97026655863	1486.45462007494	2.09313384671907	125332.85481402	198864.235250536	4.69103854006395	0.00757118492016193	0.116320861723423	0.196293096539257
3776.09534398777	1467.90411915883	2.32725562807671	110348.336334026	189878.062821536	3.69070938167569	-0.0167676744662319	0.116125105733565	0.210896571248436
3377.59135764338	1500.16483502981	1.9365691384586	109630.026381778	177710.227131602	6.3978894063779	-0.0185786832933914	0.115545923292508	0.207741707305685
4219.57441568848	1467.27185135456	4.29069568734538	109535.584890272	169537.954371086	4.55464516867428	-0.0350956072925112	0.0920436943896804	0.183169216662717
5659.74330494885	1609.95796733663	6.12229987652664	166118.677727262	242502.695417306	6.35238029563208	-0.00482982315802725	0.123426956627146	0.20364604369375
4378.76076381461	1592.17745182121	2.99749709973116	143568.302516113	271564.693033994	5.6073667943746	0.0240377887556071	0.123065116100025	0.216425926879156
4344.68124453379	1578.75619009714	3.1699336382484	122473.382080064	191812.574070626	6.16538296403763	-0.00871594362136014	0.112210664890293	0.204367815339783
6806.74558139219	1743.50920615512	5.69175478552726	192582.846308388	264571.170489785	6.30133456449519	-0.00247651263926779	0.122050858961983	0.204766263352068
4447.38496833723	1565.58551615352	3.26876809442518	152991.944041281	198963.275122273	5.6246586477227	-0.000117425217753598	0.126960958953816	0.215665833673387
3950.34451568594	1774.83858663697	1.6165776392274	159494.756581927	238307.660919951	4.77953659438881	0.0264404517709156	0.142122932330152	0.233116576516738
3691.35939634256	1597.5892799184	2.43150541903753	110066.996844508	227292.758400753	4.41320704423169	-0.0473156099001927	0.0846110814589402	0.188045241597676
81638.4828019	1475.44998246796	19.1017165457546	616379.603997178	186243.083006222	16.9095584262291	0.0208829312150495	0.137464957327124	0.229358419132567
3483.37103116091	1501.14250943533	2.00898951978654	122073.612154915	200829.98446978	5.22348857074965	0.0035556395927954	0.125747954095083	0.213943336118367
29870.9715593766	1555.47378273222	16.3965602869497	236998.413900654	200554.074950639	8.3707980570213	-0.0114200117930034	0.124222507714875	0.217323296505165
3403.81483587038	1573.9855359938	1.84448490231296	90573.8948623236	196542.019548748	3.38756858634483	-0.00589868480787778	0.117739649123193	0.211106662566383
4689.35291325444	1713.09892521807	1.85516741142195	146477.697597198	190076.798977965	4.9843836435533	-0.0191037977415084	0.104337241652412	0.191978655509291
3219.19068617155	1371.56127572432	2.50703377908252	129955.976773778	171002.161917125	7.73438530949573	-0.0124691727357005	0.0889462489144021	0.165241388734432
4108.34476909061	1568.62526610446	2.92208720301043	237090.283268079	229097.318257847	7.64413494995084	0.0119814061745723	0.141165127175615	0.23443897711291
5941.43918187408	1655.68215850043	5.08294640142126	135753.307970237	210678.513304776	5.31017530364094	-0.0346645355752897	0.100678190453831	0.197405101895564
3842.38426623841	1511.44177318924	2.32549286117362	139484.120139604	211562.45577261	6.39318590416261	0.0386806051804837	0.155630453203254	0.240152420501841
4837.6908823359	1577.46563318408	3.18499908035411	149139.734127568	213469.054578089	4.09435945473498	-0.0240101026915279	0.106371691185998	0.211283086834334
4690.75598731962	1619.87119389437	2.42412951171313	129003.532455371	191044.513595897	4.38317117175555	-0.0162748863687525	0.125761605207822	0.208012145327858
5898.27989487257	1590.49740415361	4.53545218650446	115020.366195339	223281.465305815	5.27207529939481	-0.0398400863263448	0.101195621359391	0.200784671029426
6623.11812037425	1811.04579721749	3.68906073353899	158289.398239534	215051.77614877	4.54445260331378	-0.0131247726857095	0.109304332033616	0.195294776867288
4800.65914387354	1372.1900660879	5.67131747330067	99686.6060407195	183404.444149869	4.28121905638471	-0.00662428567608371	0.109704784043624	0.195851120006815
4934.04634043658	1755.9067128725	2.14366894192139	165794.021025876	228422.997786161	6.17282031131431	-0.0402035541482901	0.0963908023857482	0.186395851477378
3412.98979623783	1328.57336509894	4.1991206261511	113851.199020016	175036.14273945	7.20147459770431	-0.0156961334610441	0.099598109387109	0.193354000114764
4527.98943931572	1560.98901741744	2.58794275255856	122012.171373238	203756.834598162	7.28124276799015	-0.0224196398508336	0.111345515167776	0.198834563420274
3303.30051085765	1381.03380029606	3.18215798519692	122989.199709042	197274.258124456	5.56961896294883	0.00235914022385157	0.113744646301043	0.200521774626259
3030.4946971597	1624.24252840466	1.98388547866729	105612.251736925	229046.140377653	3.93812870106379	-0.0314907698793172	0.100730278327157	0.200447486850659
6897.18234526169	1593.8524229459	8.8487731573147	197803.45983156	241636.455000113	5.46673681819822	0.00604111534097052	0.125909506257337	0.214584885461609
5736.35305958626	1892.3933017253	2.66858506821223	250923.104031156	326842.230360836	5.08191894799125	0.0153637820447461	0.121497880696412	0.201744908481824
4877.95361172379	1570.47158662588	3.68839586506854	142419.673710977	223874.747437731	6.17516190327792	-0.0400591556303849	0.094011426012535	0.20641282458578
4652.25287383302	1588.31978894396	3.38680079085826	123457.722377232	203388.978208321	5.23489702312147	-0.0104085165642711	0.112634283765514	0.195020727255935
4635.51096049974	1617.87229547927	3.9512267932472	148802.750662895	217842.732745199	5.49617513249707	0.0373940563045036	0.144860518825096	0.235137706541442
2957.47258664787	1466.75264039313	1.84036526927363	94540.2234848463	191287.48407382	5.24123404329537	-0.00670275751460975	0.118276702845434	0.221840643902329
2656.96917111103	1329.31848043562	1.96054142484732	101643.535346623	176924.467741182	7.01627614747784	0.0455613531956402	0.159474860401446	0.240406160535925
6304.54052293378	1918.31670929618	2.53721672224383	229084.632606567	263391.0523725	4.89236028936416	0.0077850955228387	0.121313648390522	0.220110878760584
3134.70078835438	1445.27863869601	1.94051658237239	82729.2153319759	183230.366054332	3.91578958812999	0.0477250223265756	0.150539493513737	0.241509488567615
4753.15340718124	1564.1353415715	3.79338520465289	133708.123564884	232590.281519528	6.91706050115776	0.0067836682592488	0.143476800270379	0.237890630560353
4688.41241359998	1602.86155622497	4.09935097513745	119164.797040985	267371.384712336	3.76320043680843	-0.0119256882427188	0.126016802537762	0.222695054724346
4571.9591058042	1384.16380818855	2.81911365169141	140469.657779924	167035.248494394	7.65531846817477	0.00546238869946532	0.118491444326337	0.208209406346739
3682.30085329099	1526.31705123624	2.06304465629804	115443.893034674	192989.558946197	4.17854717975618	-0.0391064053080311	0.100011536482118	0.203265819085541
4638.341539605	1567.35991131887	5.3095603032584	110768.627234641	175346.126385137	3.9346148990745	-0.0216294008960023	0.114314593092587	0.208659025870503
4071.00843055757	1318.89162301142	3.17597998439557	157658.432438064	168633.45285546	7.69844489389958	-0.0423631620018426	0.0946751620006654	0.192526672221689
5914.15368407463	1541.66169451422	4.38228513662838	126739.229343117	206788.166696816	4.57390877666389	0.00392858035654647	0.111724456396491	0.206098618961418
4159.87989544113	1443.54515651915	3.51154260038508	96718.0148762109	193006.012269851	4.42990463171531	-0.0278091612749025	0.109531631274354	0.200873750378903
4198.43367674783	1520.73331916864	2.30731918268852	115812.825765309	208807.315530641	3.71470939480036	0.0109003915629812	0.124135227258213	0.209806956061361
4102.95411413551	1635.73592637782	1.73607382590012	114500.951399009	198205.607751979	4.77478352329017	-0.0217851106042894	0.109040961296781	0.208950232540942
4499.59529034649	1548.40312984733	3.58909830945549	119741.728300579	191570.027196508	5.85891519384088	-0.0221459247039305	0.0965859276789253	0.19383893727624
3394.6609697242	1561.93448444982	2.15237723168067	127485.581415839	234839.769352555	6.42008460013395	-0.0162252766908605	0.119464658862136	0.222573322524005
3011.52134118134	1400.57006481813	2.9365324318433	134523.982033386	228371.920865308	7.46410120801045	-0.00913866713860198	0.11681947081872	0.214363361126848
5152.46732031379	1856.72317264078	2.75275945987607	165974.266391958	219110.457928681	5.10477425779067	-0.0367563267764306	0.0910775772148518	0.186430546739309
5268.04144935615	1672.99326069117	2.22194271805293	153188.068233566	189785.707625966	5.91624826396433	-0.0135497445727702	0.122954892430976	0.208423266586351
3331.35174941323	1579.41298130214	1.8520209432502	119520.317271672	195943.784722168	6.45514546837914	0.0278021325192717	0.156801582708622	0.234818135532987
3874.9038181313	1601.820214398	3.5333310486025	128932.662513593	257741.578986359	5.66325398461063	-0.00979645933667545	0.10149384124988	0.189569574224423
4033.68295734031	1562.21263734583	2.74721823310139	161024.371244626	248433.352061121	6.03075026023279	-0.0255096948534544	0.0970214806197594	0.186972311780397
4342.92800245912	1504.15488989951	3.00697215547107	151967.168854324	191436.122255418	6.88040906876962	-0.0238879779195296	0.0984834878146381	0.198559882612811
5117.07742486708	1679.3777408319	2.31698004215754	173648.219270587	181163.389806038	5.90647147404853	-0.0201400437726959	0.117749840722392	0.205770272309793
6037.89888543695	1497.23349003503	5.15927458460688	121475.92173028	171434.506279069	5.50824305982036	0.00954047312919251	0.12214128825038	0.201312511119673
5615.14572631538	1708.64915284442	3.06200681882503	149237.235360137	205439.342526645	5.22615228096792	0.0129854687808692	0.128149554207494	0.20778695938081
4394.72794379491	1555.93832127749	4.86545888617696	112484.588415488	211838.017458799	6.1886752716457	-0.0261435699890121	0.105129024112912	0.200329135615751
4194.65730070609	1559.98816610435	3.43178737528705	126630.75637405	221246.21597914	7.18794265100557	-0.0295898323440574	0.10867242678227	0.207236204738254
4623.1235793712	1689.1935667415	2.39853467458448	123658.597443279	218737.545327946	4.10811340983035	-0.0191575238184643	0.101170988021861	0.19496681827602
2547.1449846526	1516.07967695908	1.58905807334693	88841.1111615306	201035.987783315	4.72588872729446	-0.0571828415270273	0.084297249277125	0.183250255646217
4239.0746391049	1651.5427967589	2.0612876976942	149553.313921294	207964.482539648	5.68013052992431	0.0139380484691699	0.134981175065447	0.207505679330286
5057.19281176862	1614.57969840576	2.54747184222896	215695.737900841	245236.059584713	6.13331243987044	-0.0148504236797577	0.119563654743705	0.198107464004716
4110.45238742062	1580.85664770979	1.8442825503317	148886.562762081	191587.547052558	5.68460459497648	-0.00693229871890436	0.12146957679219	0.210095535778106
4479.22054017393	1657.71350205421	2.89216950787279	148456.483867333	219834.012389046	5.24858814862726	0.00360445048277374	0.132188546950417	0.220797547834308
2893.65209998194	1460.63695071113	2.78871958321594	154841.957737223	219175.778849127	8.50664612731687	-0.0092152801603705	0.0912232767221017	0.182201551364299
3166.1014809514	1461.74918351465	2.53858054978742	123221.089332753	179907.798938901	6.02599646232084	0.0196707724771242	0.123399995423483	0.209430486433394
4530.15665970185	1824.42600839239	2.19043253634303	150147.071345709	312230.848776696	5.78850121877024	-0.0214524546907691	0.118406799891301	0.207486520357418
5782.25989310183	1533.77383971976	4.47595034583409	127728.751655283	180259.686637671	5.66304870674204	-0.0519990895570817	0.0941909185069342	0.193003325486941
14809.7663590421	1697.36042987846	10.3201066246465	339220.48348371	232279.195975712	9.28973982210486	-0.0250023185901094	0.110348313654286	0.207458179594444
4276.41805326079	1487.0885473787	2.39612141775542	113800.039479401	192952.031776008	4.24983789954206	-0.0345805121660309	0.102718881235285	0.193388775260802
3421.10316938645	1467.91468057525	2.32251941524149	106647.605533827	187744.783725382	6.68406552303177	0.015308613853848	0.132789006655308	0.228896484272606
4575.28469508885	1607.60200161608	2.91978398559622	129100.846767289	213423.920246141	5.71375657360419	-0.0123134253619492	0.106351705257749	0.192491879359207
4057.31908371195	1425.87035326331	3.87225005598705	103152.3463393	151964.666740523	4.63685537495515	-0.0113022349159598	0.113625266478605	0.207457685948671
4758.35930254328	1715.83693195989	2.4859044771869	135568.442508309	224633.293976866	4.03773114879017	0.00696790763306622	0.103714277987851	0.186506160353269
3944.14125138596	1357.8235890007	4.59096588139884	104480.313157205	171307.183245424	4.45395727053988	0.0134313838444888	0.132060007688839	0.219764014040375
3940.85454387015	1537.25404416311	2.33050859478242	229534.738794649	179628.743142425	7.18752157440807	-0.0256602833913154	0.101171235598667	0.180878530055282
4251.66777638828	1598.03120708684	2.43675324463626	139167.385522432	212071.631286816	5.71035309900651	0.000670129984245775	0.126372620180672	0.215017581562964
3596.24240519252	1392.29280316134	2.15902885171742	122228.42334887	187946.460552189	6.44009145133479	0.0236269669411842	0.115829760627107	0.202235876512454
13029.2894311247	1634.34429219176	13.9404946982482	180687.556124541	208940.905402796	7.37634578856064	-0.00703795061635819	0.111473912406886	0.201612748206509
9670.72637477958	1731.49861004889	9.88086799909625	182174.102675285	272045.043509701	6.76729376005697	0.0137837218796433	0.142349430931263	0.228159808522621
2882.25433981127	1523.83539339799	1.96683465488197	117118.807272653	183588.626647644	7.27422798203148	-0.00961273144345958	0.119509563766114	0.206001377596496
11447.9796686423	1511.542166601	14.1471852999638	119356.440294509	200920.832058955	5.95968608752031	-0.0070344027576764	0.117685037193179	0.203112608899383
3789.08196118226	1718.2715438427	1.84955146644458	123635.482753372	213230.196807431	3.78133415278027	-0.00785538743799174	0.111415843404198	0.207887736933672
4227.33970579036	1606.91457536399	3.11978443409085	133177.051846795	214969.855197431	6.45213377538292	0.0188870031653716	0.129358724950486	0.212849816730389
4253.95447471508	1574.92240697017	2.79377764868802	164319.283944953	204381.492884174	6.52633221944182	-0.02883317706699	0.105050022944884	0.193815974997642
2988.81741876781	1380.08512592154	1.91379475354991	99137.8518358567	168089.054757822	6.32999626668595	0.023553973450154	0.143021673889977	0.238684738801142
2859.45505981916	1396.40030477135	2.59727596432888	114400.474355827	174142.080041176	7.02482855338373	-0.00452904358631006	0.124491082022876	0.213179363982668
5636.21835623161	1459.21520696365	3.71790633053161	139540.327480957	187993.827332141	4.07800266103043	-0.0193855364199092	0.117725527216846	0.204187916193141
3788.38982412495	1653.97503861919	2.7378725956936	178999.267920561	226270.756400366	7.3209426236242	0.000839670489982932	0.124525712740831	0.210989663634054
5410.47697256635	1441.17583777501	6.2882705323703	110203.942243993	174162.527582527	4.80314190359888	-0.00440219910083728	0.125831959634164	0.207565169188926
5717.72007590504	1621.40659443166	4.96296440104365	140771.41318944	272857.973346258	3.97613693725192	-0.0529832587174315	0.081680428585121	0.180156340442278
12040.4465442515	1582.15025896352	11.2444689744492	141575.262381659	211910.062016224	4.13955356151711	-0.00660714978046572	0.126295374634286	0.209409683005878
4434.21481241235	1700.76286697844	2.37752146378334	157044.430047754	205588.19349706	5.18750560135001	-0.00241502422664056	0.13153823350223	0.219965468254867
3134.59965393329	1600.13803557958	2.33841480670821	109701.318297058	198417.26301448	5.24369736795693	0.0223497876056296	0.13512129950574	0.231733227953908
4033.26227048359	1488.92515002694	2.47581201807559	138998.882201051	185739.291644441	5.90901239173082	-0.0156102890133333	0.100501032326633	0.197440674376865
4085.26768066893	1650.97658716704	2.28795655459927	144148.74995005	249277.128183232	5.32430540849951	-0.0408046163598431	0.10140328821294	0.201316472777706
3334.37420822979	1491.34964668802	2.29038005070435	116302.065357853	191576.992499895	7.9263231984574	0.0364212188701613	0.146842218648303	0.23875417204676
4052.16387521568	1557.04056677259	5.33417770422033	116397.797796703	197508.744008622	5.02416230924136	-0.0257019528871936	0.104387315747494	0.194070417078517
4966.45381142863	1522.70875713871	2.36139274304106	215997.017562236	185455.341756959	7.92430321296635	0.0132527609861394	0.118585125431278	0.205433408770074
3390.07793241364	1543.97632208855	2.52696818915657	138481.027823453	219750.864535284	5.14767486604113	-0.00839264483179583	0.120701623809915	0.220535381428145
7488.75223269586	1626.97227029424	5.09259082432279	157971.687364602	217062.747504559	6.61366654088338	0.0278349205288312	0.129604502330753	0.220002380617241
4410.78739175028	1519.32318811063	3.65531857900666	101628.574011316	176896.527125181	3.4040191073675	-0.0160775683070711	0.121566880201728	0.208348032802045
3792.54836965656	1629.6528508857	2.1360699415453	200043.652769375	205622.534042272	5.85733349154486	0.0169905782429771	0.129722519278505	0.21866574872549
3563.91960778362	1629.53392844722	1.96154409916975	151502.224387988	256679.656900854	5.90818158652595	0.0333212475386391	0.143745779736412	0.226474517573772
6169.09136988131	1884.67745187528	4.39225277683952	217263.924999156	296286.091386788	4.05154719396334	-0.019655810291344	0.108039824353574	0.197407138100294
4365.31420621862	1615.25827955939	3.80965355586899	103109.477913976	200628.958511239	4.15777132584266	-0.0108404621739115	0.117298342119536	0.20563436870284
3036.31375245652	1446.74600201247	2.02985556223266	114174.787355008	205120.116989012	7.78035485793826	0.0346449794710719	0.144515499840575	0.232313149113029
3788.62947856102	1471.17754321025	2.78750409835051	135280.477310072	215493.486755919	5.78719682967154	-0.0535173147077188	0.0791005753843484	0.166753416753691
6716.84320746895	1505.25717140622	9.79058442911299	136315.357445811	198018.583261779	6.13167601537763	0.0346137459849685	0.144896012894058	0.230878578727058
5057.28932623662	1454.35283306148	2.95319715061312	127502.59986407	204344.547694676	4.09774101330928	-0.0163335029176563	0.115055362051541	0.212936236899247
3424.2801664122	1571.69614347894	2.10745031714998	118866.436694079	204312.3917956	5.60223756388529	0.00712486330370371	0.142930272235697	0.224212784667002
2996.78321184605	1415.23375198729	2.23540044954267	119501.327259859	174674.235308809	7.99378455991505	0.0109930486654182	0.119887082862452	0.208286898221425
4165.54584216973	1431.53336188441	2.27380855127091	143030.759505778	155091.87498567	5.31118244679628	-0.0222923384898481	0.111058009789334	0.214835580785555
4241.61420705819	1539.38752394763	3.01814341506138	122102.96267262	247476.28966196	4.45525921944008	-0.00598654698885894	0.122389439307041	0.211104266453357
4079.49631943949	1574.31569717438	3.11421714198757	135859.327420019	240799.599624561	5.56060926533798	-0.00936223457953009	0.114265767174853	0.200209577072514
4544.07914070334	1671.71352308477	2.27795470367486	146619.137464703	196569.275897395	5.26673296011956	-0.00845644912203399	0.121899453843337	0.212290570550826
3913.14627776585	1450.81608097758	2.14547195364914	99662.481858792	168878.946804643	4.10657165612401	0.0389032170666908	0.123059090692402	0.202883028906006
4322.5894154001	1655.02516956703	2.2134953355546	151148.191515374	228621.176226915	4.31713765614681	-0.0129641181605795	0.119983085246719	0.208841726954674
10990.7995817952	1488.08310256336	12.8414367936758	183548.207956305	210658.556505776	6.99143641808235	-0.0499162002098909	0.0960954325938101	0.184079056502075
3371.40547238175	1458.48238260753	2.63840728620052	122279.84862687	206330.074554889	5.89178292197455	-0.0486906687800735	0.0808998319836019	0.181590700434658
4745.489819944	1442.09259226741	2.34202888260619	122450.092909945	166171.565360554	5.13422057999734	-0.000786379751665019	0.13231089029466	0.231026598549851
5928.40707978316	1595.86911822939	3.03281944369498	204948.68685661	205353.787675254	6.0282168762634	-0.0268372064043605	0.100946718983799	0.203819514640987
4111.12861086974	1630.5636680803	2.94324455112129	89384.6025505957	218470.975852277	3.33374914809774	-0.0383243078492788	0.101011577533921	0.200311892798788
3271.67187847212	1502.31040386607	2.16393915990679	121365.608083702	195568.088637125	7.63199109983039	-0.00909133081988029	0.109430364609388	0.195085424260471
4165.83794879847	1504.42476195799	2.41701521863087	154229.426506813	241807.727800285	6.27337315079684	0.00500376884330424	0.11416085107809	0.203610012304956
3876.59721214064	1458.96495322876	2.65296252805363	137588.92487494	182274.916805021	5.7283493862788	-0.0295726046511793	0.0888838796568064	0.185963538633317
4649.62063085348	1834.73098200801	2.39475787124377	186280.378093803	286758.077929122	5.47369756555181	-0.00532480342700053	0.120945341595226	0.206265271282695
4769.63511301873	1519.10692549312	3.02697675713365	121674.325948604	174244.429944403	3.93208641388611	-0.0051449695240274	0.128403020900442	0.213832990261156
4912.19755049642	1796.49687451453	2.34959472551498	160138.862660807	259600.516790908	5.01485845450316	-0.0361743423540443	0.100813481407112	0.200382088019551
5962.35741757167	1641.23760423414	2.74773099729291	144195.67207618	221609.343766782	5.71903412161648	-0.0133919315783522	0.10634957224119	0.20443770159822
4934.17301543022	1566.08554341816	3.22581344561319	183101.904576966	237732.677892408	8.34314602662509	-0.00399593414808696	0.128180097322787	0.215828582268476
4241.5158044531	1621.26570111279	2.49105928427182	114172.894166263	206890.623909156	4.02602895169134	-0.00600560176386845	0.116727623326782	0.188837806570513
3515.76600193484	1468.61944465921	2.01598279567394	105082.573027056	177930.58261104	5.28442016556545	-0.0167171233627034	0.111395811785735	0.205427843716942
4133.22193568768	1582.99952867052	2.17189110074686	136467.078532785	193527.565405241	5.63472899649373	-0.0563331234725082	0.0954370362705173	0.194726677133722
3759.49268021474	1535.94152225638	2.12792539328371	138271.257089644	206891.4934874	5.19535861449595	0.0111604314902839	0.126102712699863	0.218237125744859
4308.80718627477	1488.5521044776	3.61794367649074	276949.33028324	174266.414112392	12.3868054562698	0.00650894366809131	0.133594047684043	0.227805375145316
4187.07433909553	1645.67035459651	2.0964964211287	97144.1784039927	204856.296840262	2.71529826669063	-0.0087589651419085	0.109969350649788	0.200958408423859
4021.45900866181	1444.30252700565	3.54242304940993	106538.178426643	178550.261694386	4.27306753559089	-0.00884957534553065	0.12558653011537	0.223839253462945
4712.52418089879	1569.56038660937	4.58741151643264	123648.491103935	217488.405157738	6.00027937432752	-0.0281438224974054	0.104958785841974	0.199353428232027
5426.11292338233	1509.18194829413	4.17440656994338	139082.41318637	174401.736288216	6.07097662212831	-0.0392403669035236	0.0944283393083483	0.193181789136621
4218.1791995725	1667.29645039218	3.16572737643215	120071.387769413	221953.384401474	5.82824826316205	-0.00756259277695399	0.125072659608397	0.213861740128675
4450.41372637681	1691.27020819078	2.55574193424821	157073.787612702	229568.934656074	6.79676200961365	-0.00947997873163352	0.0990111953213678	0.189804496419371
4683.32800509566	1734.56483715765	2.1311358502652	163519.973457163	237017.549979833	6.44494369145534	-0.0215474736220709	0.116404283796802	0.209362180805193
3662.60861501388	1588.76645104649	1.9972336604452	120593.548715353	202900.423139914	6.58943069014965	-0.0253475435637745	0.0989134011823655	0.192392532301893
6098.57511560641	1598.64655385349	4.77422309654252	164621.077979216	207810.952051097	5.6877543416684	-0.0424850594885784	0.0957673282550346	0.190518006964872
3969.57399822527	1519.14553970856	2.12121995657872	128836.568323325	190689.463366122	7.12386714734709	0.0245911123765195	0.143153310694134	0.220024137964433
4047.77869827222	1473.39600197184	2.30846850884029	117952.553857498	190912.11823323	5.83501990526604	-0.0479650881528509	0.0882954619584915	0.191750426896622
5786.23568734894	1637.52009894319	7.94771811251874	127565.783291082	204773.275554187	4.49073152420459	-0.00691293834434461	0.130382357403456	0.21912370813868
4377.95079001432	1673.68875946402	2.05819154590449	182385.553965454	193131.635442941	6.33190368197565	0.00139092275620079	0.119419292842264	0.212957896151901
5899.41647802669	1475.97216408626	5.4681706690641	105683.952661833	214752.232137052	4.01232088337794	-0.0262055290074097	0.117071080035855	0.213330278558173
4345.44699743553	1613.85400863598	2.56746992351435	106845.847804536	221882.934302534	4.84263137921471	0.014728518729977	0.1259924767776	0.226020867577957
3588.21385790102	1426.01906615976	2.23022842545518	98101.5278013605	209117.414873612	4.13819187550314	-0.022355926890444	0.115604049037632	0.205798847839588
3634.92680749501	1585.93747092972	2.12096935240686	145790.416351912	226263.028386567	6.80141085535213	-0.00589016253957315	0.121037006870864	0.210855337224523
3730.27232363103	1538.02510280723	1.86065906504131	143199.887350143	200219.863291612	7.03839628516742	-0.00714876303576097	0.12045419159378	0.21547093587548
4093.7445755533	1537.62866648239	2.52106841552074	124104.531526181	236424.04272706	4.69195804633846	-0.00407943768068142	0.120476971991579	0.208845156561676
4617.4304144585	1688.06232311872	4.18544248029676	128842.49467777	287629.09344691	4.16132100017475	-0.0304408517994273	0.105350948272178	0.210786743666118
3971.62441713606	1452.47670542044	2.51001198332511	120442.189386652	194463.344956544	6.40429101662949	0.00863244872968869	0.131234528636716	0.219377011399089
3581.64731741398	1276.99631301119	2.92580532895864	109609.89550675	169209.568988474	5.01447173896027	-0.0308611581184566	0.0953187934546076	0.181486407645671
4882.9669849745	1576.54791770999	3.05367374504091	124705.639590557	206393.243671178	5.33587078586999	-0.0298678980235652	0.111964143657682	0.201611687481854
4117.01967387781	1563.67181644187	2.50326081158889	127631.796810191	212159.474215732	6.23764642677586	-0.00498424828131915	0.127516109923578	0.225908229124573
6160.22569890756	1453.64268571375	8.34369079491578	150893.714605203	192182.530981489	6.56232544046538	-0.00716271883255524	0.110730863905977	0.199749720425573
4935.92227762146	1632.51322290687	4.03819490536672	131958.491471562	228401.63563213	4.92723605870701	0.00872686844353698	0.119263088066419	0.212158150139903
5126.47714785215	1812.56868601919	2.02643136319887	219530.718314134	228533.693574274	4.85397654094578	-0.0285265706236499	0.0993088903667303	0.202664979805209
5075.83629077895	1685.79184577146	2.43136663912015	154464.9746239	220505.723681551	6.28605054140885	-0.00888688204993928	0.120310044140357	0.209437097466712
4232.14178420689	1611.16129293445	2.53152738139719	122324.023151785	219382.370538064	3.55442641637162	0.0198628828038586	0.144843532059566	0.224406543196684
4407.976369388	1563.06421026041	2.14365960882108	134647.694179644	191728.374250568	7.3687556648651	0.0259404050274893	0.135200903636322	0.224816038396231
5084.04112603791	1491.99254411509	6.30043651786456	142694.6403002	208622.959394076	5.59476953187663	0.00232344058168827	0.125931389200814	0.213985749665343
3529.27938908663	1501.20392134994	2.53812468274216	91413.3753958874	173925.79112798	3.96829399248449	-0.0152998683720661	0.123864037606383	0.215977592402823
2741.42224336768	1342.15668695558	1.72735959090772	102099.441850945	193082.701604478	4.17594333440964	-0.0132063648693533	0.116532538446358	0.207831145180609
3232.59327808853	1540.03967136352	2.29796827590533	129369.262254049	195347.45252435	6.05698606009646	-0.0112752272610885	0.121815251473796	0.210425152577951
5022.21466330495	1472.61220852172	6.94734252106103	105182.519138761	177970.953333835	5.03885282257829	-0.0275136975393815	0.0989543030044916	0.201839374359535
5301.87116803668	1878.83728308182	2.90756994019553	180199.867718775	239533.17112319	4.07249608629765	0.025021455645945	0.124280200619585	0.210971842998249
3559.33019910849	1503.80176899734	2.48096912930365	104691.674497589	198197.483339744	5.55192879863804	-0.0282785754283043	0.10923638550783	0.20725764159735
5127.98609699412	1387.50587813328	4.86836179424948	327677.441180763	163127.899822258	12.8059782809883	-0.0097053441313059	0.0960095237991899	0.181079345001064
5437.56242038072	1767.20558850207	2.62038995513808	279851.690913972	225559.086529403	6.28220948385022	-0.000926046961435813	0.128606244811534	0.212909504139274
4297.7333184489	1500.9136099172	6.01597407303783	108314.427546808	192424.949320653	5.8163574259326	-0.0221307643289968	0.106803023519139	0.204328109036749
4162.34371935253	1714.60039539571	2.3135907717277	131127.93064582	239096.229216954	4.40352676777421	-0.00900522310788699	0.129821827333956	0.214470527620929
4208.85455786493	1529.16200424495	2.49881867241586	163446.807928798	191483.193783488	6.84377666275377	-0.0357455814845516	0.103738224769237	0.197240327266638
2510.03135820627	1428.21658993438	1.90424126667273	93272.8009832627	197732.549096433	5.42145246825334	0.0296906854579699	0.121537544361085	0.207465760100481
3606.10420871222	1688.05477872163	2.20990010914515	106283.674003543	206524.861761918	3.77704998101367	-0.0184611976129004	0.11807300105485	0.211106808134059
3930.89212432288	1514.38486715653	3.2232293433843	131326.191364601	217234.930394259	6.68686394185476	-0.0162516030602012	0.110285047182346	0.203969429766261
3865.37091768257	1495.93499836205	3.0868719833062	123789.532937473	197220.209762358	5.27105765419205	-0.0022106179211067	0.108456093401928	0.193151738823841
3844.31288242549	1550.25144202487	2.13996659580517	119904.363749376	215863.832600223	4.3745264316408	-0.0117309997492216	0.116576863503415	0.211501762073992
4288.86851610392	1518.79730997156	2.79161573353856	144193.217020659	191030.547245525	6.75012659600608	-0.0411637512299875	0.0861489405416768	0.176007028005279
6768.52496218918	1609.15791312936	9.55767000293179	166262.007473517	224820.236475307	6.30538820911064	-0.00548560739250484	0.102371652132011	0.187196359352755
25593.5462058161	1638.80871476864	15.7852952547246	150104.713501006	191781.260959895	6.02188609792349	-0.0386965871487511	0.101947559516258	0.200646096633698
4581.94393308472	1572.9394073483	2.50762750019536	162432.513049756	206988.88952018	6.35685152838684	0.00630056412933164	0.133509304473684	0.223387328978018
9369.57437858208	1446.43550066566	10.2899410995518	147223.865243751	191338.88089874	5.63911313635886	0.0162888733692957	0.129389589970669	0.227410361665661
7240.45903904697	1635.93177494651	6.40948933276863	166463.907072782	209601.605068043	4.42872100002743	-0.0318371400889807	0.109063125419035	0.207912912694603
3563.53999382734	1453.7752029571	2.8231959923321	137650.836741164	229504.28582297	5.15415417472797	-0.0199863180831012	0.116135277132428	0.208950234154202
2798.98141815484	1389.87544154526	1.90662009919173	94035.9000953828	180084.37865246	6.1086473998268	-0.0138053339319576	0.103227972057441	0.188137846146655
6297.34053520635	1457.6202937205	6.34360079180157	126068.010053788	175865.9370719	6.43839139937838	-0.0296317507226657	0.101675655076494	0.189867523379155
4130.17759866304	1703.02701724953	1.84346253382791	154084.98699517	229047.338788846	6.38133466240871	-0.0263535290069011	0.0987082549099915	0.186106042447328
6088.91167965754	1625.45324223622	3.75076005759768	145077.718524171	193274.803755056	4.68970354202627	0.020597447542393	0.138503123333279	0.229939141695603
4017.35580450494	1573.12187963335	2.17643703122008	119140.431112373	187482.878646655	4.29768071095808	-0.00492833109690439	0.108374228144978	0.188839495317159
2354.89891613392	1402.66752530099	1.76701427393189	125856.560047412	281975.036394855	5.36989703792694	-0.0188433059523574	0.10112783867882	0.195620544849992
3799.44883913304	1486.47486159986	2.2679380446051	129841.911394271	171743.012205807	7.18236695755727	0.00101984895114403	0.12725519728468	0.203655656006584
3583.15914535046	1455.96156609332	2.5710755388514	151976.301583415	220690.138019845	6.67414786806409	-0.0103744961599256	0.109469047122862	0.211944608116861
3679.76226644849	1429.36040090651	2.35807473567033	139108.843090568	186081.414515006	7.32922843643648	0.000508093206441946	0.126705119964999	0.214614758584255
5757.40099191421	1467.61189202111	3.85545281482301	131974.32041585	177091.053809277	6.17409670665578	0.0409498417643967	0.154743507392018	0.227058363888752
3635.98164223095	1462.05110033639	2.58399191873768	130030.236683871	181600.103965789	5.9481975565786	0.00720178193745061	0.124911189911443	0.213923255358161
19513.7557531773	1633.00355812183	15.892459943085	235144.40378865	263211.159545557	8.1014516763568	0.0221905710608092	0.118178597903606	0.210503906195199
24773.9817490143	1520.12508305471	15.8416185313761	407835.507698331	204632.183616521	11.3073335020182	-0.00552772892364448	0.111290629393504	0.203154965422618
4222.94402426046	1593.5597940442	2.15800762898787	107872.207143188	175542.432331235	4.4291685058414	0.0129893491413786	0.138989073708371	0.215216692432621
5638.05072160571	1479.93978256404	5.50770648725773	124959.045606171	167444.488247308	5.62860342609463	-0.0211396185381868	0.113900419679	0.203994418352295
4140.48919993282	1718.46405536397	2.64325140354838	259085.889873073	279361.399572515	8.20490777930637	-0.00405970462418989	0.124040178321915	0.21746617057809
5510.17191684772	1391.39544574864	5.5563300259856	103335.75526484	177260.52400645	4.76125815776454	0.00494075034661307	0.099006157949011	0.192952708720852
5397.43958207326	1533.93068488934	2.48148210086167	145450.945710704	169871.317641475	3.72929465171673	-0.0170784523532448	0.102421447537981	0.195235946643851
3909.55804330295	1378.75327384014	2.58039931669866	110005.354957346	170963.60828894	5.48542552410328	0.0373699399972739	0.154839781993185	0.238535213879008
4153.34388972378	1584.32921436268	2.28669042604164	129176.050143702	185062.71304808	6.29887240112857	0.0190327619045958	0.127034120689274	0.213437046705987
11216.9135014826	1435.60574090506	14.3101768303866	160663.646572567	195520.836767651	7.67239080314736	0.00270862285988433	0.112490067483625	0.207801476793546
3105.70701010204	1483.33370546746	1.77187507242914	92017.5128109594	185867.962264635	5.27027116081666	0.0403442919599069	0.134095825192419	0.220071302307324
3368.21699449006	1394.77981297517	3.65120389194359	86167.8702850324	169207.411673788	4.41446532838948	0.0235862536348233	0.145669369420316	0.229829065762425
3983.75417908086	1436.63778891038	4.99234766116775	114562.252704726	175985.872203569	6.72973085493822	0.0143705692598146	0.122813798845388	0.211209274695718
4365.06710217818	1493.99773161329	3.21483428365553	123948.670737274	195588.712427413	6.54914299950482	-0.0125355623693357	0.112640046370093	0.202698512818964
4447.18678265513	1613.53520967616	3.11271655601302	141775.102643989	192261.266358748	6.74011061381196	-0.0275542671647844	0.0994774671121321	0.198058133546384
3837.42354423517	1652.26955744032	2.66492190050769	156079.135263258	254077.174006984	5.52468096175916	-0.0188192960812296	0.0914846307571638	0.18318103516218
6843.17294709456	1541.24087321505	7.53381352372463	117527.21407524	198331.937386722	3.9987356077111	0.00520387326949421	0.145620432724022	0.216580037045452
3972.10646219772	1605.77527657497	2.15279978246695	117505.688497989	196047.840241409	5.23698458344803	-0.0270103712319408	0.0981972888481879	0.197709293508925
3357.40285969447	1533.78093361432	1.9805433260163	151043.049550206	194213.180567444	6.73111804516476	-0.013976211519763	0.118488625700547	0.20660240571672
5358.45367988204	1622.40151501575	2.50190992370023	137963.670612761	192984.36769852	6.24985465698212	-0.0425355641091193	0.0950597356315573	0.186815028779911
3554.86313547663	1396.83953376152	2.43190248350083	153780.059262379	182212.315030455	5.49904775224644	-0.0321531967855511	0.0952973580787942	0.202643904630347
8284.90113074294	1571.43229474291	9.82246990892577	138815.160970108	186152.331138115	4.90497240283985	-0.00653750702349305	0.123684512838408	0.217956965330385
7111.85505292025	1866.20373366418	4.39951483709186	421832.36865035	202649.636376404	11.6476634253638	0.00205296687461651	0.139337555302916	0.212949752803419
4573.37027900063	1580.25775380724	3.3373678294848	133861.616757832	235196.91554511	4.40741844941532	-0.00420109576931652	0.111869901446445	0.197176352333645
4375.77435316785	1471.62118961236	2.91489965104631	116703.383283624	181849.562089805	4.97646821982593	0.0160035669529511	0.128919692560116	0.214154234097887
4436.42960996222	1621.94980011055	2.10842405843579	153980.030337395	201010.362182751	5.48284944036534	-0.0422493614028294	0.0988609730637518	0.197828491315277
5860.48714439765	1860.82601912275	4.07695628104268	182617.042180567	228080.646955854	5.20751100582106	-0.00198602961981366	0.119294280216631	0.219395946031719
4250.08572171744	1695.68442999847	2.78074838615227	120076.635122654	206962.964631995	4.6498481882957	-0.0272300456349855	0.102213843743565	0.1983151018807
3454.86605359234	1520.40108256145	1.95275007970739	137474.093388482	181042.529680088	7.26392816206055	-0.0119486959145345	0.119183181740304	0.202768688476754
4221.30325322107	1559.882360818	2.30299219403617	154644.172526954	205081.678373557	6.58453188304484	-0.0345005397542733	0.102651979423591	0.199954298472233
4968.54055368789	1869.22083922956	2.31314946490825	187177.378555727	363211.640068419	5.26501828975508	0.00645203067940693	0.126694571000431	0.218481797253498
5000.75729800279	1546.39815722474	2.61922483172047	177085.987830368	214713.23727157	6.14849120948467	0.00145151399434588	0.11578366849611	0.195861959542728
7353.69401670559	1626.15575755817	7.09502272537009	144255.685694039	234773.956356398	4.38177540720694	-0.0125063850187702	0.114360689086961	0.204536137719391
3514.9322883685	1606.98560980395	2.32507990389193	104096.428048907	203108.093434074	4.342685996281	0.0459851725658709	0.159360316160784	0.249836861262198
11016.7523652552	1540.5992719495	13.0439085033628	182619.7549312	221531.344806753	6.80160504872534	-0.0428131378942882	0.0965025111024957	0.196836262802409
4152.04365395495	1455.07677961621	2.72066437157295	135329.645556155	181695.555145779	7.67915022677507	-0.0313784592322279	0.0980797568525846	0.189299293464636
3795.89749752513	1577.43446172785	2.46680606058287	130851.4541381	214394.276402289	6.87176946365003	0.000740365500114422	0.108833794323608	0.199507229989216
4344.49749280107	1519.83575639234	2.83088441523515	154912.376288458	197595.401314334	6.37293900570723	-0.0354769482420683	0.0938880541711954	0.188842508760309
4238.2343740431	1535.0924976053	2.50515385400939	134143.540871066	173142.864566438	6.03864516656671	-0.0224793335854678	0.103303998914364	0.1952994796551
5302.11478996337	1711.20524074143	3.55252003259119	151070.674051462	226919.709103957	5.44833336404797	-0.0329017892712604	0.0932297417526754	0.192835444155361
3348.66587454929	1457.25219997972	2.54015153759527	125399.376540829	191106.147411177	8.26811621523596	0.00386637683481281	0.116594538709094	0.201765723876572
5828.1173918883	1642.62938467309	5.02056934521272	138106.640863427	208890.04582022	4.79848609165402	-0.0263780664801572	0.115352957499574	0.203699842336053
4249.80543140878	1609.82598233388	2.85875708508167	152256.958182437	235693.404788635	4.98161725928637	-0.0273880793562697	0.106585388669185	0.197465097388797
2501.19800452098	1423.1963848173	1.87689863195383	94443.1192362089	187110.891906185	5.18441691913776	-0.00318090018870286	0.0902985771544594	0.176881769608922
4702.79057543028	1523.67594689992	2.51341813875723	120896.195269194	166704.947360517	5.68491972323087	-0.0350412163904529	0.107439472268003	0.201614327200695
3258.00455939513	1526.41617628906	2.83682600228539	94826.6407096405	196373.802642467	4.95538767445746	0.0161626618827229	0.1185038743826	0.204779948429497
4266.12826585964	1456.58777281446	2.97354656751865	99358.0451589275	197490.387094782	3.86465062091964	-0.0111614335887081	0.1243024775861	0.213865602422357
4396.11703264797	1518.35452128996	2.49123034862479	110526.216970029	180577.280224832	3.5543585678963	0.00603543277424077	0.138363045772673	0.216691554535524
5915.47309941095	1624.56964309497	3.61277350918514	119990.060281058	184250.602176768	3.45893552511647	-0.0163177850314864	0.112382158218516	0.202979314013124
4953.89413641373	1609.03655300703	3.25924657982648	120528.425168252	203868.94211768	5.26527891872281	-0.0161854726965363	0.107249254993067	0.201457746555562
3476.11343483607	1458.31491774916	2.10364785815195	123611.824684168	191273.641376845	7.34404637936147	-0.0133300967027175	0.12668829193532	0.223056394458777
4911.49269594715	1675.03488545704	2.53173379208337	128570.48388245	192666.728786637	4.45044063524539	-0.0145047097796605	0.12317879788906	0.219531270774763
4155.30819332495	1567.55857801534	3.05587516505941	113781.205888509	215597.796658885	6.0077780182288	0.0207773680530174	0.145370094366777	0.2254169711182
6225.84295101352	1560.66420606628	7.69048974495446	125268.33535801	219573.565675406	7.06381624159499	-0.02646540390088	0.10744375243673	0.192076832067522
4433.71029239328	1693.48488161421	2.14556299803581	136606.823017201	208600.705329797	5.98534657606627	-0.0141452495436561	0.111091507117299	0.205016803574049
4849.97132236592	1689.17145033638	3.85822939693102	143166.394740608	216462.662572245	5.60452648828559	-0.0322371301405555	0.108375337294538	0.200441329234475
3949.44079155959	1390.4561187602	3.89323919984419	137908.868473144	185609.790461249	6.89884441186848	-0.0192835631151056	0.110638147085411	0.201479393694189
4488.34608402958	1586.70549257896	3.10700688898449	128977.019062842	185682.170145757	3.87988676668201	-0.0175430120313196	0.109598812691826	0.208543545742459
4189.22316015507	1468.21503816218	4.98761066613224	142964.151634642	209635.399461873	5.90425423130247	-0.00988379692335485	0.112870917346309	0.198796655642704
3611.91145045175	1536.36255431752	2.3184693602734	106014.920767316	205071.105109047	3.92922735277873	0.0131681399331948	0.134090736499773	0.217382888086044
7472.85515686992	1498.1261469975	8.76575914187186	156770.414594469	185996.894537947	6.90011414611323	-0.0208659105816927	0.106850373620212	0.195326488512384
9396.14277932167	1473.15405693288	10.8238033573966	124872.584144541	187328.013380262	6.29073886263033	-0.0196539076549975	0.111508237738892	0.198603097541365
3861.38719693722	1387.60240305798	2.53665106975388	111897.37118453	180518.373070623	6.75999640300588	-0.0185496132656875	0.109411205109051	0.200788162751727
4280.67496866632	1547.72505140798	2.31722848516424	104975.365460758	219518.325280138	4.70226569158977	0.00422182192184453	0.128871302342087	0.223142707873509
6842.23868586438	1731.07874359963	5.58430826745222	231491.525111672	269519.244930843	5.93247299767402	-0.0301248721328112	0.108650701989765	0.212692063442486
5865.25523619013	1801.73121369929	2.57940904023779	186072.036120576	229705.11674396	4.64143311285239	-0.0287458045438618	0.0916202155937704	0.181098582913914
5282.50668737008	1599.27527355173	3.07064010073781	138098.098649269	185741.520630101	6.11766189877073	-0.00850896835713636	0.115152045172887	0.204622211141065
4365.77521202093	1558.35378675354	2.52256802323534	127873.420514886	226988.580876163	6.44667658280419	-0.0176992573682797	0.112443931518916	0.209954138303062
5490.64241140372	1646.00785099417	3.48668314379499	147511.956685321	185122.833158985	6.01376918175133	0.014979782973876	0.12942770035838	0.208519378678264
3276.77305940641	1475.34423088155	2.86214650791966	85635.4939367832	193553.308798448	5.43546599286192	0.0128064087824047	0.0987927971847038	0.174503415969508
4007.88597990141	1606.17410430756	2.65621062379569	116361.404575186	205864.174722127	6.49066912151853	-0.0291459164444351	0.103917223411909	0.18599255060177
4428.58917302364	1691.51278659533	1.88200068242977	121640.268537887	211024.511494858	3.2712882438527	0.053867400001789	0.152656675853007	0.245311379369482
3755.87553922254	1375.79065549278	2.51233949934469	125235.726311583	183776.365715773	6.89138490093209	0.0182721586523495	0.13254077666588	0.226527380491287
4072.77993200078	1603.48118313294	2.63645348001277	172956.156355719	194704.897046072	8.52494852638111	-0.0150767199702322	0.120237056694806	0.214437502387452
5292.65660208668	1752.81191415012	3.55822977866368	157775.993302323	210994.916316893	5.43348248971819	-0.0151848280191748	0.123629969960128	0.204185274979704
4860.10716018629	1628.75440637356	2.17306300993758	150709.46528291	201219.5221222	4.39892547738138	-0.00547233128432488	0.110666375573126	0.19672343880333
5224.09434790965	1756.50926508101	2.85228382173867	158369.59481801	218033.483482342	3.85846688363957	-0.0322757426405429	0.0937171031692243	0.193579267925865
7555.45070758134	1859.36223183351	3.59207291773041	228223.294222089	252846.218314626	6.12148375284193	-0.0180161334143081	0.120289292729226	0.216944415593534
3989.0033923393	1497.5448722897	2.18334370376337	137566.87022294	191814.470231218	6.46472142724681	-0.035576352367054	0.103046463871953	0.194704346946116
3479.1340180774	1424.65075772293	2.65044745612348	121447.744939222	203382.664504093	6.68937824504833	0.00988267677134333	0.139460252908821	0.231150424882058
2969.8901527934	1529.3435525791	1.66009773104011	100203.867889445	192350.531692898	4.24509616109188	0.0168696835597628	0.127637710360617	0.221415532199366
5938.47788884563	1629.54098765092	2.99724937475865	156950.218934203	187902.489985522	6.35054299330055	0.00244625881088748	0.120726852119615	0.212992996169457
3855.54411070694	1578.6081494264	2.09690103905518	131333.250394053	215410.357599997	5.97246755832712	-0.024925583624877	0.0989619696838155	0.206677441084202
5531.20238616915	1610.57385818827	5.11925078133036	449224.152965083	278948.105042234	11.8590459523389	-0.0122247476024685	0.12328300514409	0.213366964878064
4299.53939411252	1455.08334447443	4.63428990584966	115737.326270581	187028.792313251	4.86713213438867	-0.0202471871087287	0.108236979323324	0.192777179152417
3257.69705689168	1593.35728939371	2.18837096989517	142859.570345422	270892.644638413	5.08507012323469	-0.00585130310327201	0.120415307383941	0.214410072402003
4003.66418001614	1555.48014964773	2.07603671711506	111774.500239328	227731.191770756	4.66230966717995	0.0114559865292617	0.144728479917769	0.236673340404227
5029.88015233535	1597.80559971642	4.87797280780116	260875.654315659	252586.625928567	10.5572762828618	0.0276646622803789	0.134000820892861	0.223605506786707
4754.32600746321	1864.06016460352	2.43502110245965	219258.029608102	336310.18710002	5.53930701771228	-0.00256532542213275	0.114797025567308	0.198100863289231
3727.72040901549	1558.84103361792	2.6511128936839	136121.330029347	200260.797776065	5.44533205166127	-0.012972514203759	0.114713218735808	0.201251263361054
4309.20986953355	1539.90334845814	2.22827347937432	142518.267396383	188107.570872488	7.2668896498686	-0.00461135245093996	0.129854734802476	0.216336156033823
4675.40890828124	1408.17300826754	4.63786489583626	96477.5543683568	198184.45363144	5.23758831065765	0.012928435102387	0.133263715497648	0.216927924483053
3429.12195549217	1492.33582459158	2.32923226645875	116278.331838254	194332.480118421	7.18402507941558	0.0118063525609399	0.143497528089158	0.238275434895295
3572.10077174539	1486.4595510748	2.30147016830975	114773.581746827	204616.659669899	5.17996364317945	-0.0242597067370402	0.117499177329757	0.205546241969687
4460.95182866443	1589.14353955992	2.88426113230546	160675.407370988	210083.59038729	6.70739139822805	-0.0206342694656659	0.103543367458591	0.195983904722408
4692.60103274144	1602.61157056373	2.77588662633276	133193.381843788	202280.099998185	6.59189023518318	-0.000140936552013441	0.132085812852656	0.217585310998206
3541.68882082809	1425.70976078797	2.40633016081315	101197.842416258	172412.435012382	4.45348248815267	-0.00204788922627339	0.115325595420567	0.209630935519347
39603.954634084	1661.8498649047	16.7278821324886	309632.293081621	233330.083945995	10.3581904079795	-0.00726061668151307	0.135913942207901	0.230587244669664
3785.94373740534	1616.82139344775	2.26835754379567	109135.571856844	202494.159091018	3.90152706973517	-0.0202556110297328	0.116774104240558	0.201465373511813
3781.02504986072	1463.61173742207	2.54470808882005	115910.478901625	183546.50578646	5.6499674775999	0.0153948996105268	0.126433364680807	0.218831951489365
3869.03742526968	1626.85109505494	1.89824276814664	107034.490002756	188266.246606508	4.69141751673347	0.00731395442780342	0.12152276660375	0.223945156972034
4151.10466615273	1496.94806469284	2.47233707778782	110057.089343059	198202.206485536	4.16461176172326	0.0393450764531294	0.142377023012163	0.230581090892067
3241.60426426844	1500.12731606196	2.30586296430057	107101.090086775	210886.019442617	6.16272978981656	-0.0173228090643508	0.0934280386714363	0.176165179978529
2512.82203057455	1428.72632510979	1.79621398807	99063.2680369217	192322.308810277	4.549361857049	-0.0249998975758593	0.103414525461311	0.197397231778728
4660.5468098473	1611.03597874247	2.73188768327595	144716.320347183	256035.064228685	5.07231082169617	0.0054301306999997	0.109363825533679	0.193088224867668
4653.48424134509	1626.45722193503	2.50831154879425	125977.960050476	196306.253612511	4.77503606327901	-0.017218705731883	0.109295872385384	0.215653914841264
3035.52435422267	1530.65940575564	2.09230021822765	137026.744372399	216435.761196323	6.92731784608384	-0.00636810483603644	0.128870481557681	0.215892283396564
5755.2649073298	1518.26043965175	4.00023516347643	137660.538157996	191340.762488496	6.66966287438796	0.00484146420146438	0.138430478916892	0.236543939812786
2594.11018604835	1390.45601883956	2.33114716616242	95479.9700778708	169621.984535666	6.57077219514403	0.0068813960755439	0.140986298620448	0.223246638763349
4484.81691593201	1544.46686734561	6.10504093565809	129980.262300734	223023.863746155	5.7209430327479	-0.0317845498112146	0.0907521380660374	0.184645922757901
4163.79222179609	1450.37290274525	3.16816072376586	111297.26665299	179338.586065731	6.73754288609737	0.0493866282427962	0.15043213080312	0.239723717140889
4578.03067707719	1632.91167703606	2.60992455806187	119398.008458052	226757.323553587	5.20703237420416	-0.021788225874811	0.117271029858181	0.205282074215284
4694.81555051086	1617.05702516902	2.34943890382625	127442.655668581	172080.346570214	4.63732321125107	-0.00587431512312151	0.12918508396915	0.21770141857401
6407.21090389679	1554.71804086554	6.18633240123242	120198.507292255	199199.250279348	3.8697544140141	-0.0255395387978642	0.11668393043175	0.204557364386842
4335.86655024744	1549.96204301165	2.63652384390852	115184.447027962	190317.079388617	3.94558850053811	-0.0345429171933591	0.106808624278204	0.198752668053851
3025.54847071275	1459.27551797837	2.07161963862139	98565.0908339057	191721.819939021	4.42465051791458	0.00370999967318035	0.121825028513577	0.209115892089337
4476.8730380005	1443.22404847032	6.93253113929814	125448.535522468	214036.982132134	7.95883383710104	0.0148702396384771	0.123646008480754	0.21779054189787
4885.3752408942	1582.4210825216	4.30906320755747	105528.157046551	196997.022568066	3.71875655522471	-0.0244739934612223	0.118543852105333	0.212152207345589
3753.59815933732	1525.0042327219	2.06343202743029	127351.96767472	204461.398079241	6.2499012664557	0.00703436354945074	0.126453258068401	0.215582349543828
4091.33016660612	1493.79397857714	2.29500386709385	122288.725347943	181510.810879211	5.04262497412715	0.0339192990529673	0.133699765415199	0.215530357277169
4445.62471289332	1601.20711225958	1.89503623991898	132145.436757391	198794.546192375	4.79652364378119	-0.0226623204325288	0.107406298275322	0.205934210633915
9649.46198851204	1539.30604291123	10.7362401622055	110235.526264216	204092.236537345	3.96569930270852	-0.0373487048338968	0.103047025593451	0.198367373857788
3718.01331454696	1567.88198170349	1.92527766512524	133723.280486475	204403.983755045	6.90440771018473	-0.00897123411194674	0.124779207734504	0.221489527620569
4263.34072540937	1625.15753192012	2.82752315957954	181641.033917175	206803.665251484	7.52144763287876	-0.0128099453970231	0.110958642414771	0.184350966823153
4053.88589389408	1856.16591342515	1.8588984569857	167935.23748431	262154.429032052	4.84048620846765	0.0376416245617965	0.123222229463388	0.205371453539947
3727.29593739564	1547.02656816002	2.28358267085423	141637.550224675	235697.553626736	4.36033340742028	-0.0194785785467541	0.101408727327782	0.193563265802332
3722.99119679393	1519.36823720506	2.5881562515846	92994.4047293144	200144.04685112	4.32193191806934	-0.00843400196285459	0.122026518033129	0.211485234554573
3489.5645479694	1393.93531015063	2.11441095455909	126737.909484539	172527.539970476	5.64854040145176	-0.0284550575707111	0.104779117904523	0.192120956029378
3485.44487767734	1511.40487804379	2.86793793586813	127887.567660143	218832.092950425	5.02373567604459	0.0182421295601091	0.12540850208579	0.21315946790672
3947.81777884238	1548.09131135974	1.85730256583979	132317.818084235	195996.008943499	5.59131714049152	-0.00274361035597219	0.12134753539133	0.217766222770527
5767.71830454156	1572.66736123167	6.25387144632815	184607.385557813	196521.287848104	6.94497432721115	-0.00486701915019341	0.118052469190749	0.211946940934061
3648.91356573187	1492.4757687346	2.13107234853977	122097.911874153	195876.400727167	6.61557166355629	-0.0201724400770005	0.102880936279207	0.192705686433705
3986.06286237128	1449.29990501259	3.9477832558005	89763.5800036704	183064.144351992	3.85069388739709	0.00872949209362233	0.1339552480345	0.223672936144552
5309.25622170588	1872.76052709594	2.66197883092153	145090.161139862	302556.549135766	4.06048105807437	0.0118418290619284	0.124407404053163	0.214185305168724
3524.87415240591	1465.36908697344	2.91734663444863	122712.065164902	179452.698405256	7.42532871232209	-0.0181807974476536	0.111590090765092	0.213631864518692
3263.67434897102	1438.77358647525	1.72367505681669	111666.384558154	166005.024113872	4.15304268316965	0.0195755948323589	0.147330174188572	0.232744053779911
5699.56029268095	1766.75147621624	2.98956832436541	155070.035602342	203690.684589457	5.78149229696068	-0.0086715873491802	0.110326804555443	0.191587874834046
4535.99696977709	1582.56501787132	3.78859722616754	138066.420149586	194156.869302519	6.07757903874132	-0.0218448029740927	0.0993434605081079	0.189230683544065
3636.83665796538	1605.15352779744	2.19043017257912	106428.176982258	187631.008997617	3.77629617115323	-0.00842764098485544	0.115800688294755	0.205969847998177
4458.07528237503	1593.34432304545	3.18544751810473	130904.434968735	209556.143549226	6.28674654396959	-0.000703596189718777	0.125887089436311	0.218838110358563
4263.4352966849	1436.80123269237	3.34868781445614	111869.433942461	179204.861069095	6.26387930419969	-0.00301937839553085	0.129335822430943	0.212886181746777
3128.0481930721	1517.81389376048	2.22206941034349	156183.293835638	225516.570124484	6.91244006491149	-0.00874849162221015	0.119697117133923	0.205986175398003
2718.97247925673	1417.32424111512	1.89903775970225	90160.5530850147	181337.951355079	4.63021564692451	0.00627376026093616	0.131356620872769	0.220777011609448
3732.89382902624	1373.80806103466	3.65839974680665	115780.515808812	164023.653250956	6.82358587468412	0.0114090212206813	0.125294864341939	0.20944887246338
4707.98930386143	1549.80789447705	3.48678229028004	117427.85868886	208748.983496265	6.01305050597659	-0.0466849135887414	0.0926279754595975	0.190795852823295
3940.7979893025	1583.35612964362	3.16111434539512	120916.513391518	221749.147840519	3.90772462476723	-0.0304948421698729	0.0900472308906673	0.186504970193136
2882.2944901394	1380.69825353094	2.01490988271402	113170.374025709	187850.550275664	7.74462740743662	0.0219395054400222	0.124081082027344	0.212059180173825
4537.18589894669	1545.62555631178	3.29737375275484	275317.604299279	218254.77088935	8.12084899624625	-0.0231510912710976	0.110334866918199	0.199318795974217
6299.47288975924	1704.74715698043	4.61874032857304	144097.898942563	263759.675445533	3.5708478055242	-0.00723074250975934	0.127618840531323	0.205542274677985
3685.45961407148	1548.72436337768	2.00804555526519	119115.077896421	223811.189792789	5.38455312127319	-0.00374171266448125	0.112789929718888	0.212451318293607
5345.95978398905	1736.02939355071	2.6281675212014	129161.344581099	232943.513477061	3.46691517716681	0.0254564622916865	0.129742054122856	0.214027062749638
6971.91417420326	1562.19038904476	3.98500468453589	128044.52331413	224335.212828729	4.27096483749869	-0.04437836100336	0.0939984112095388	0.190315821099307
4148.57361344419	1638.302953172	2.34042981768112	106976.434197411	207682.681041586	4.91207477210953	0.00719653379232738	0.133487392892181	0.212400927489516
9744.58887363734	1744.07092100847	10.5651122684143	159957.756209857	239544.137664582	4.22413631990615	-0.0168670103421332	0.115689933087751	0.203077317606173
4409.96197803338	1484.97494344545	3.68523976072938	139105.623866978	185436.969937446	8.1450079395828	-0.0222971095349884	0.105085967327779	0.204239952220167
4969.70202772759	2169.92430387086	1.8258763682735	225827.86504829	347755.259885834	3.96284738450832	-0.000890466982441065	0.120247296145795	0.214934359615862
5176.86448868267	1565.13834674435	3.3027900558386	162517.495616156	196775.694554406	6.22171147543747	-0.0262218839822279	0.109807032855436	0.205414367775788
3726.77103556279	1536.21827690434	2.64217720629391	126042.738957282	227894.856963028	5.3329027344327	-0.020163005630389	0.102660476972004	0.184431165690494
7025.00098769896	1669.0611650457	6.54526818584258	154154.39194998	241529.36343118	5.229638222245	-0.0301177195857001	0.107242948546691	0.199044717115017
3937.50500322959	1628.5751629134	2.36589070238439	132900.342615939	206561.655152818	7.04919992859727	-0.0204673926716582	0.107909194509971	0.197562363881222
3950.23901689571	1564.24128702146	2.53009190560646	117945.589691067	196966.963465402	5.69775196016721	-0.0187098865493506	0.107462403409748	0.204904350847643
4197.01405365624	1504.70087438558	1.92921412549997	137102.172865774	182744.182185059	5.35259285662963	-0.0210900264264274	0.102973429132196	0.207173758950307
4153.243551628	1572.75946521994	3.60882193737922	106490.972423526	208917.264965273	3.58861609717798	-0.0219811528711437	0.114952973461033	0.199638768770624
3844.17297711438	1517.00494797058	2.17561880521981	151673.769035031	186003.811489305	6.19397561853111	-0.00250559434500338	0.128785712577146	0.213929073515649
4604.17181324554	1674.52861990957	1.84831785438234	153490.477669871	221911.730429556	6.03751906190254	-0.0348976431907525	0.0962142982588263	0.182960336849167
3756.96443947377	1628.46655645235	2.12634947121309	148550.688731682	228831.832116657	6.6399883022201	-0.0215855857402633	0.0979968044298512	0.191991403775513
6377.60345463601	1585.36908651327	4.0887485814056	204588.763950574	166514.523980335	5.33186004844822	0.00379797142925587	0.113496477443968	0.206342710869743
2800.58434663587	1356.16257950482	2.33505061348828	88531.8590944188	189648.514006404	5.03009797729027	-0.014496095625322	0.100527569713587	0.191311487523369
3736.57605040822	1517.51683134504	2.61767979136593	118158.777354007	170510.168618918	6.84478612205695	-0.0282690042379121	0.0928808619499328	0.186740835443486
3531.99962085326	1538.46336217491	2.23405238844817	107681.899201767	196365.083921236	4.96829207196174	-0.0142231490805858	0.100389040900076	0.190044652523641
3930.13908124344	1439.9303484202	2.65029056017204	124924.63646731	170288.126591661	5.76058049838266	0.00296862687825694	0.124412595701037	0.198218499087759
3887.06072164591	1619.26435134295	3.08170370816992	162135.124069887	265179.03859146	5.90491550772962	-0.0309088140660722	0.109105754486777	0.20662979128132
5338.46366394826	1462.21473854528	3.24460901662254	207617.499399124	168256.012848555	6.77977443241089	-0.0271420307428899	0.0698672291384836	0.163857145528954
5140.64510667691	1667.84162135983	2.44386893664962	118538.304823807	190595.749309016	3.4085386084742	-0.0251039129208489	0.109414272838428	0.205861537793027
5443.73548734535	1687.93773727152	3.03679478942217	189864.975500845	226521.146857453	4.44306431941997	-0.0161678818331501	0.117249032408239	0.210570141574477
4906.01240407797	1724.0160325462	3.75174620737648	207809.797106175	246726.029734226	6.23895864721937	-0.0208342505262599	0.118746676083526	0.215997434966981
4882.68605298508	1508.48640780774	6.18997006121558	151513.703706128	193402.790915644	5.27687532904016	-0.0165660418275213	0.113771702609219	0.199763671241633
25237.896684198	1582.44853270728	15.6533864381516	222343.257292927	193137.981694826	7.92314898333714	-0.0197585839376986	0.109294791800561	0.203442448473989
3325.50504081961	1512.46231230157	2.11719051749008	143732.589473502	191609.201597131	6.47954202970004	-0.00351221612709734	0.0918263464606072	0.17140956995087
7495.94120569133	1615.72183299643	5.8385170275275	166213.238904046	229157.164073099	4.54868353038751	0.0485142478094699	0.160815729285499	0.240755765927518
3298.94707449226	1522.46190133341	2.15435975053409	96789.4850327167	218581.883191351	4.7962944853875	-0.0241878793313118	0.114518924867496	0.213664997953211
2925.16659900693	1441.96393677911	1.91050068177972	105497.527488473	183242.728346061	6.17557735228529	-0.0146230889796701	0.116714513308781	0.208084660701645
4205.04978091845	1677.65530158343	2.42784516193597	121031.407820828	209384.24911098	4.51626304537572	0.018401189409186	0.125569706452518	0.208276048075099
4295.70808323734	1591.88864288052	3.42768127500682	131389.179432485	232077.255917639	5.46238186660074	-0.0281991283488114	0.106430369592459	0.196488045154008
7350.71918619806	1425.29657325496	10.572458132983	134045.894732838	194981.117376254	6.47910428173003	0.0301715610481647	0.143922323994169	0.222088365702041
4314.0957344707	1629.71635848706	2.26335141985485	162857.528174414	180825.867660194	6.22228169010287	-0.0214419838216997	0.106336811612337	0.208545099680985
3466.47360614796	1419.98140815696	3.16695508673312	114558.089100312	194985.074193423	4.39452032257987	-0.0180878251127858	0.120247329861561	0.212058002957536
5159.79165754643	1567.11215037373	2.46756578576778	178022.172344642	176751.178369537	6.87659681336977	0.00706036817652947	0.112850193637591	0.19393434141397
7718.78387967369	1524.1470013509	5.03103833329728	201279.775151793	194875.073369023	5.77558075413608	0.00422149702038079	0.105906618391935	0.198175347639562
4436.59479192628	1538.86493800072	2.46881531573178	97347.4715103466	207700.982700132	3.88760557544021	-0.020113678692922	0.107099586029192	0.201318478165097
4954.59596263852	1439.34081254507	6.04670394674306	121790.498731461	189254.531105458	6.01444567871763	0.0166595264183159	0.135769069010878	0.223804848801305
4158.21881241878	1506.50720053355	2.17566211145199	124571.793106725	199340.532692824	5.53276280024031	-0.0167746169792617	0.118956455213278	0.205315329636738
5356.71345441004	1523.88932516391	3.26853393216284	151908.419213068	210259.296102749	6.08767546229355	-0.0125837946031033	0.104101916329963	0.194313565509423
3688.92317350139	1486.08015604105	2.33379232245152	125411.304554133	190537.761577717	7.30170616832671	0.00635252971329343	0.115123625028127	0.215750373865163
4216.72872460609	1572.12762583312	2.54230964363875	100071.675141175	166319.408367375	3.23602694276355	-0.00906566179506064	0.124222925574114	0.219068525757873
6680.26144362404	1547.45597937138	4.61121611697306	122915.651471889	200445.312804145	3.88465606676778	0.00856734866170247	0.100009176558316	0.195688414167581
3991.2073015023	1576.57540496166	2.76778557284386	134911.042284437	220741.067144071	5.51268108192388	-0.0346334977535246	0.0973886400131306	0.192784107333988
3223.48151547991	1498.61545844445	1.73963990824618	125851.232024005	209107.727833979	5.12126519789624	0.0042123846714639	0.124412133930977	0.213773015111979
3097.62319713773	1389.79902980782	2.77277832854063	101574.95335695	205973.60716118	5.40360368939114	-0.0218067459180943	0.103524169409245	0.199522840928834
4217.8332890672	1497.52448958804	4.12300529116339	91107.5063582644	190195.176930121	3.14532763557859	-0.0154734896235956	0.117954996839858	0.211933155838911
4019.19666878774	1429.47437201062	4.20404924079496	143885.906900968	187619.477757008	7.64860331885812	-0.0240088324143284	0.107893059612678	0.199014430168949
3874.64880832021	1446.21417724229	2.62571738943906	126471.741468374	211368.915137972	5.65504747209635	-0.0453948351621781	0.10019973692369	0.199994161561128
4355.86221034758	1483.06108231314	3.13947189242123	122747.037747137	175275.456947708	5.66875728126293	0.0287023710135029	0.142131719978106	0.235144740362971
4813.44836877158	1566.95607728056	2.30850762052046	166582.548887372	208989.136740399	6.66300050570586	0.00328643314293203	0.117600530445119	0.211671314198118
3517.7905768029	1489.19306224703	1.86141979069218	119287.039618263	179660.694389075	6.20046642788106	-0.00509733889072355	0.135209507604804	0.222324055100561
3841.96567239577	1591.27911288797	2.20206236762827	170069.132122939	222723.880629922	6.67557442275777	-0.0172689318414786	0.108375445240062	0.204216780555223
5646.73329796692	1460.04968812728	10.1944918186547	136183.664164768	215163.469268048	5.99408235041882	-0.00897010906127764	0.125820467072209	0.222323878626977
7296.9747342385	1800.08762101405	4.84024395324795	149775.475375205	208793.253837343	3.04372385548749	-0.0422921422634217	0.0973843339513739	0.203539256619357
2839.2340290774	1412.91872686793	2.02230496859133	95669.95672538	162005.640698126	4.5295012216499	0.00976345172232976	0.131772943811591	0.22059424173286
3924.6742909209	1626.80749290549	2.01128311739158	201401.854174645	219028.487758061	7.94528015184829	-0.0089964161510528	0.114703015633454	0.210846597359887
3705.44171171831	1549.98886766518	1.9584653956036	111803.280514418	183513.44449514	5.99262513758444	-0.0261166724738854	0.113574925593667	0.212587090827684
4387.70223324894	1551.33261836627	3.60002039884732	138402.723681128	204117.998703678	6.62525614898519	-0.0225182731869206	0.109755218123661	0.198326747793848
3565.74682356352	1510.75278232998	2.06988332625165	114195.093327244	180710.914923533	6.30028837172481	-0.0176218252441906	0.108789537315422	0.197978227686397
4123.44963034563	1461.58069283329	2.90648552872587	135208.443125297	210294.725255365	6.86050885949355	-0.011402441739537	0.116670815394265	0.213933626315299
4469.03043529707	1514.14460377601	3.08139053896273	111816.305092631	224982.065847885	5.27830209027062	-0.0106436792415351	0.116141668287672	0.211600189225861
3569.74150643792	1518.75526869107	2.42942359263868	104716.463642038	197690.874658072	4.4207465354944	0.0101680448580154	0.123218027526635	0.2189011729773
5208.26239167796	1648.51127139983	3.39096488910699	127954.897575537	197693.398648306	4.43151890791285	-0.0134014401156029	0.107601719611439	0.20221485072083
3925.03939640645	1526.05081502282	3.09086327139952	135257.92256704	176373.782886424	7.39849598847979	-0.0417019523014898	0.101015068968129	0.204119276346665
8148.58494754187	1494.80601186691	12.269571151059	149565.380441179	221738.188087162	5.67679843415672	0.0191765095158611	0.145724991815587	0.229329643685067
4976.48222881199	1668.21658757125	2.51734950826371	153170.704985871	212059.472842118	4.26889345435767	-0.0276312902587839	0.110434191872935	0.212950541077226
3439.05948114505	1422.28933763977	2.77747181672566	92569.8013875858	213139.503831752	4.0952309152386	0.00248229665876393	0.116865678410016	0.214933716431709
5380.64655580455	1660.26649574567	4.14417840922098	119293.798217396	197493.555939811	3.84583605625559	-0.0257565422120032	0.100785186446961	0.191531343819672
4273.47039108802	1465.56558641953	4.49980678820188	115197.025515101	180223.540777355	7.07066939374195	-0.0224899935348991	0.115830638071741	0.207172589570435
8136.15413325328	1691.33273941862	6.78596211069672	177918.964878041	214971.583636581	5.2488891656821	-0.0222144114342319	0.101114047758672	0.193244346774897
5658.82797430144	1658.20999925109	3.12603032784593	144276.0451236	205576.241606063	6.69406184682682	0.0275942856135668	0.140955285457752	0.210911455129866
3491.02682184392	1548.53947843654	1.85886738525319	126124.412058421	193678.794210348	6.64447302087503	-0.0100288521488428	0.11805475810061	0.202908362510577
4186.66365723553	1463.40392915302	2.84066744406862	122827.184442594	191382.613288197	4.06391572962356	-0.0110081953887111	0.124073672073132	0.206469761831372
3847.71019172699	1502.71612616438	2.99189473289963	129302.425673034	181604.48407336	6.64419504683124	-0.0155763149336617	0.118527629775231	0.210013020594138
2955.87399844391	1459.58324923999	2.09730922035516	117071.751262768	197759.989890169	6.29409284737109	0.00890140312170834	0.128547874544233	0.223353034339742
4192.61188505712	1642.20391075709	3.460528323683	149331.485415694	291338.833881404	6.43101467737321	-0.0233388084134614	0.108145315365028	0.206889965416666
7203.25928771234	1715.89918819259	4.09799916236772	359828.083938866	290330.746458327	12.5678949455734	0.00949362764467454	0.115867692644149	0.20220308097202
3336.47031740861	1477.2761625053	1.81611057988408	99022.2863567712	194605.051566176	3.95970478033818	-0.00120722573323723	0.112731108993536	0.210792963887564
5118.46029598859	1631.62664896589	2.81625579412723	169076.966134084	235376.578882399	6.63414083408405	-0.0262250111137835	0.109605488093712	0.203324162547976
4225.72461004571	1443.78749377592	2.21158690566773	113054.178926237	182920.757477083	6.23367961611668	0.0352925588447465	0.149228964243582	0.237015302727698
3497.92778075414	1475.24568036257	2.36752126520366	94572.0353998636	174778.626041531	4.94209995531908	0.0280372011114223	0.127348347655941	0.208660551796912
3426.352153588	1620.51266705572	2.02246034508931	127655.672804178	221583.057087706	6.84412229776763	-0.0152745312496009	0.110196646136634	0.203500576229421
4100.74667422389	1684.5319656	1.75105550778758	135076.212657238	224262.213743577	5.33059689757318	-0.0128095738494462	0.111767418263312	0.210080459453316
5646.40201907228	1507.00211247358	7.38355467067322	109518.018011849	199555.534162536	4.26533609993928	-0.0385367068481282	0.0953581900123594	0.184548373570818
2776.86775763777	1402.1142311495	2.05404666212117	90693.4682540894	184109.152701438	4.75986920953523	-0.0228383895137785	0.108985814100869	0.20745369264602
5960.97009261218	1681.69729448792	4.22390794615719	116271.550104518	212411.445936911	3.01134457871103	-0.0109830657098311	0.115250958497047	0.207808426589841
3160.54680725058	1532.24022283429	2.21561666485476	105519.278254481	241862.670590234	4.44157772127024	-0.0142425990823792	0.115428091881352	0.205064256533938
3622.56915730114	1486.05728018028	2.00274599380718	110588.542599903	205369.960466506	3.97821618175144	0.00293991573996686	0.127678022941972	0.214399592471416
90951.2806515401	1809.45221276055	18.9212219176244	798461.077297404	267483.846029664	16.890722473012	-0.036923420049776	0.102276092028799	0.198931697919058
3741.28700822621	1496.7540557952	3.71758522208746	107697.758749869	209375.875523934	5.33367732193938	-0.0223613882856554	0.114249498545617	0.202147641393863
4633.90111509945	1487.73908092091	3.30462587164207	114086.273832178	193085.988424932	4.77812000400976	-0.00704545837264669	0.118341647083091	0.200587900671148
3048.29504562223	1449.14150658654	2.6723668013256	81673.6584452675	189407.837043473	4.51068350881297	0.00375725172996253	0.139380631438617	0.219044997295802
3524.94043613841	1452.05982668851	2.73382627850337	116382.009889038	186620.477682056	7.16583117617317	-0.0321538925393403	0.100768197211423	0.189190720813893
3783.49787791413	1542.44905832283	2.51826714017833	104237.583743841	191111.715494657	3.95528600359556	0.00844302829097892	0.123449311264211	0.216555418132356
5252.15667695647	1865.01391421693	2.60835261109718	177044.759178525	260048.643390102	5.58365934137116	-0.0153709637589466	0.113957611847849	0.200966451323397
5200.05929590292	1706.66545291881	2.31484173125728	187394.13839971	226134.760017782	6.08525336413655	-0.00924566392121563	0.12824105902341	0.224198262885386
4085.64080466	1432.474820134	2.55034574752383	133730.804475919	205914.843161627	6.6107610659527	-0.0228345312179403	0.112489151887946	0.211427001611623
3743.74103207712	1438.02528828202	2.49129167681543	98248.3236976231	171410.544769435	4.23207155678697	0.00176702562222191	0.125844459230121	0.208804666884289
4007.60113622235	1473.28439356421	2.91596516759605	222829.754600247	213575.169325656	9.0468415263787	0.00395998921705594	0.11430107161948	0.205911610086166
3293.94857662493	1429.4888389018	2.47185050053658	95561.7111093542	220830.376048526	4.05301873971776	-0.00901485066847944	0.124796499913412	0.225677896493865
4309.19140002781	1636.48563577917	2.26415678618277	145429.344423545	202239.064152339	5.64892244700882	0.0102316398549136	0.144625914375451	0.244233069464502
3581.27901485041	1452.59839318402	2.15695389955474	125452.915626277	184565.904575814	5.7614117515516	0.00159508525930786	0.111994812297042	0.20261428412462
7631.69573998899	1742.08407244724	4.01028566945632	194947.121405402	231429.870025428	5.57631203652455	-0.0404781558235126	0.0841273497527006	0.177511848808338
4643.70433496396	1649.20509795957	1.99546646466377	140607.470265468	202750.251115691	4.5672956860991	-0.00801099310550455	0.124593035548928	0.215953673092162
4159.54720990449	1452.94208505185	2.60044321697711	105655.033479391	178180.746119922	6.2723595936843	-0.0261860526148957	0.106589185383298	0.201232259362445
3539.41047896532	1505.7924136084	2.68935519946852	112632.98334651	203794.853641163	6.52061785222288	-0.0204932994857371	0.0990420274106485	0.192126757311478
3581.22972135172	1536.54246372048	2.15575255399172	108903.293223902	179021.732706225	5.43927061869944	0.0155534480208251	0.141698163590596	0.221801368271334
4915.62912995147	1501.79964490963	3.29130567317526	109655.648241181	186429.497983259	5.70877636831464	0.00535639262148662	0.121648705634398	0.221674218442457
7464.16297933572	1474.55924847216	10.6400789058688	135683.496907431	171341.062876344	5.98513518479068	-0.018175030798228	0.105524082698441	0.204268514878213
4761.85880027974	1556.9462999273	2.59584355835789	169736.345554324	194836.65443919	6.35138618274298	-0.0193367509066918	0.110108775846026	0.19589972917242
4258.62731296941	1679.42139792653	1.91897304722435	167049.603400104	201067.55281721	5.85592363327944	-0.00142444863576085	0.136182970280163	0.227608443526305
4352.0613053117	1630.01145597826	3.18881731119963	138917.878574095	196954.986764977	7.21489617577894	0.0214836629350509	0.140450274281139	0.230756475406649
6221.74080567126	1573.06394660292	4.81873051991241	156971.957942449	189466.781104123	5.29489315151096	-0.0301472849105657	0.109432394238001	0.203575473070984
4144.3163346001	1664.62489108845	2.20897025908954	120139.651330345	185352.936489664	3.27823093116537	0.0129709470100952	0.137854807202347	0.229072196674139
17891.9574159113	1423.92844279509	15.8965607454715	174417.323328235	176320.173405689	9.92033313984671	0.0265334515872028	0.146084657432858	0.225549812785688
4287.61723940546	1428.93617364225	2.43675045908378	143465.817245792	178784.511828976	6.68033086594396	-0.0253054209646997	0.108301676496322	0.201843252916715
4736.21537398535	1524.54156009792	2.89218582454918	117440.47637927	200107.724921715	4.81237649205662	-0.0412940934678619	0.0944420189367533	0.192908684563252
5196.18633876439	1690.129209942	2.30130419981053	253543.214615994	238079.446858128	8.00207289893337	-0.0320535134953749	0.111660494266642	0.204829100423337
5172.60238413923	1729.4785470298	2.70734917443701	149323.387408295	198433.967624333	4.70686248679046	-0.0219213326761314	0.105082452106385	0.182246813188171
3690.46343698933	1532.78154264051	2.32377309497375	132855.389938521	181878.948969778	7.18668560484269	0.00420077949622949	0.137280215611241	0.229483405417208
3329.37347976797	1344.39222961239	1.99437159289104	108279.781162186	159441.604592366	4.2533564271212	-0.0278098747805349	0.101163419036077	0.191689185970772
4347.10742999589	1341.58973607951	2.51214501629953	130402.94003898	149254.533271181	7.39934652554907	0.00174014860367307	0.112638570043167	0.191084154581278
2751.9505159667	1490.11712883826	2.2761568520375	90377.9277328961	174274.626770279	5.69443582336366	0.0119381772077117	0.135027165570933	0.229758189186085
4407.24929171936	1597.2948166641	2.79438251182152	135826.808496447	201164.057107369	7.1249432176767	-0.0173205782590375	0.117964742872696	0.20473151326817
4445.82380114575	1677.61703878895	3.22560616772797	160766.576671674	264214.985806911	6.39195710590743	-0.0351288130594721	0.106260716887807	0.201699814373021
3708.27720888623	1565.65024092695	2.05568533933019	126229.501967223	204378.223931299	6.19802777863743	-0.0076218150513581	0.130091449598088	0.22066145147027
2668.52129840766	1442.38821919632	2.11116294982493	99087.4007937678	185075.225991495	4.92732478333478	0.00258947165219208	0.117870295408877	0.193879482747512
4318.66235186314	1725.74179103698	2.83361929377256	149294.427817405	264002.127154673	4.44577533359819	-0.0118901663279684	0.114912571229558	0.204335876905222
3575.06198078699	1392.07967217031	2.61090624543859	123864.153689755	167398.853415758	7.7047436636047	-0.016147291960129	0.0908710281076569	0.177020288961997
3591.40366707198	1484.89968246963	3.36548297544693	97627.6707676539	183734.390133849	5.01045947251471	-0.0436296704415584	0.0873970384402769	0.176092952961035
2572.5364517926	1360.44849972055	1.78402341705662	82426.9167256987	177914.283430668	3.77543664249856	-0.0106600578361351	0.122558699781634	0.212948210466877
12166.1120174523	1609.77569343545	13.0220232225851	168918.649928216	222262.572908169	6.42656416167771	-0.00742325760349138	0.105158328302894	0.192466736707672
5735.67058367952	1641.05906034762	2.28679020634503	134557.522777324	198253.33736735	3.70340631201505	-0.0148967888353042	0.115829047727074	0.220615083163964
3714.01574221965	1429.44872702915	2.96756024590315	103355.47383907	196561.768010099	4.21098959084878	-0.00606939904899162	0.118874842395514	0.207848561400321
2708.95919391117	1401.8212366879	2.14025410753919	111370.220183533	194736.633478366	8.01844076993927	0.0263748131257957	0.12340018550004	0.222500956361886
4220.10490109897	1586.67935976108	2.81977868876262	88108.8791065947	187887.827003893	2.93675076882072	-0.00558661000432908	0.0704360441983802	0.155473962023812
3939.5381442137	1531.2343993991	2.22779026136257	127487.447333845	190604.529043342	4.69591022588554	-0.00344164146877453	0.112981201297606	0.204479203422374
3785.34673729214	1650.99391249153	2.81325023838118	123783.701577172	243060.173314248	4.65541792218345	0.0100740902474732	0.133946765224759	0.216703434315122
4349.10910821748	1506.78273598718	3.14042814388805	120942.305505388	183981.235584045	4.35602753299754	0.0108063182585581	0.123053641584605	0.213417260460463
4753.85608651126	1602.28677965662	2.96885555547427	149435.449557682	242420.788963662	4.9915624856009	-0.0292111812301115	0.0803125264112928	0.182116261712732
3314.54253608299	1498.33395865006	2.32941117340058	124943.411178205	194131.361234759	6.6342797921264	0.0089332637844179	0.135710357863451	0.207761832022457
4129.66890817127	1446.45018621791	4.97315467205962	106646.504814317	184156.155664791	3.93908476773844	-0.0186706357838238	0.105836534325107	0.19850586631205
4020.83113287216	1372.06179081875	2.11576024991711	106932.278613985	155206.079068152	3.95725477163958	-0.00705711085503683	0.124227788701396	0.225388198888666
4116.05954189382	1558.47183273775	2.75503168829304	141291.105967258	226294.630828706	5.81252553547143	-0.010846528064097	0.107873445235482	0.205153371568712
7265.08285299355	1527.06297676484	6.96591313264591	103336.622484948	183527.471820472	3.19650451587679	-0.0161787644843594	0.105848336588779	0.209505234079363
3874.06592512546	1596.51711851953	3.00861295165962	127835.061911351	226710.244389576	6.48413883300174	-0.0258564433781224	0.106625558933201	0.199283599296119
3056.94148410356	1433.71013962234	2.15470842902429	85281.6739739956	182496.724235823	3.92761075969655	-0.00595557512845279	0.120589443496905	0.220870153974454
9121.01936880794	1895.94602463096	6.59475844492106	209018.491212416	269256.047769612	4.68287995476173	-0.0114728533999787	0.109145416341508	0.201674379319496
4537.19944884765	1534.17288343503	3.91353448209521	98034.6564885423	191274.664368595	3.63888792330561	-0.0216899887551406	0.110717659624519	0.187135702211925
3678.11736733903	1519.62433026782	2.74199607898763	125356.509149921	198737.777549993	7.3763048552904	-0.0171203540229161	0.109461443963366	0.208607458282804
4347.73634734987	1495.20910650686	2.20008302852573	143578.641072634	194856.256092538	5.70306280714282	-0.0301437101015813	0.107056958081837	0.20555541292776
3455.47764256914	1412.68929504556	2.18713560626912	101411.747933936	153212.156836518	5.50141543621147	0.0179656074659461	0.128703577616647	0.212254971080169
5775.17355686001	1608.1268404683	3.78380356842045	129610.33628887	193965.391731174	5.43786290186202	-0.0193830546165259	0.106850452126689	0.206117000939384
3125.01776575303	1360.74623724774	3.52243440408747	81146.8341671713	164664.790179577	3.97766250744541	-0.0213515229780496	0.0962294168309939	0.187506629290644
5136.23150307847	1507.79851351535	3.06056158128035	135381.226593658	176979.146525715	7.21744090389101	-0.038544374673996	0.0956296221273428	0.190939801601028
3180.38413997495	1447.31229807037	2.19888991456659	92048.4512057759	185113.181070688	5.74200655059714	0.00281112640974384	0.117777448584633	0.202329835140932
6318.49121733285	1647.42947512632	3.9321351673383	128773.176785777	189944.030884379	3.95803293941334	-0.0276549857822105	0.10368546233756	0.202228221853074
4680.98031477388	1406.63048822407	4.53068658188674	139574.535333977	191740.052022898	6.26962457849888	0.00905608143329206	0.112429495268237	0.201414007314022
8625.0465720042	1755.99233619726	4.22448748787746	158355.557795553	215284.683672305	4.33372527235058	-0.0148690137309283	0.114526216307707	0.213532207088773
3985.3922313642	1552.11608421188	2.820777476178	122185.580319188	213200.493620755	6.66138453133521	0.0122711101695155	0.129104313376695	0.208753916017803
5869.99658268296	1720.93236211067	3.99081950404285	198274.409034511	236087.156945636	6.09455518427684	0.00479709649547895	0.130525379084617	0.224944637949732
3669.66175631211	1622.52206763262	1.93930591839703	159406.970083481	200617.330017194	6.2297400767837	-0.00394558475054364	0.120399444173343	0.210559831566743
2862.37756650313	1487.95986992003	1.96147696432222	90635.9711567798	195358.502124851	4.0144909784701	0.0114700487463722	0.123369846373097	0.214680474043574
3711.32851473815	1553.28298127297	2.27748279403657	178692.832802504	229444.273390013	7.70393459511497	0.0137575864822193	0.130904396700227	0.221925356195499
5021.60239274514	1634.20689650645	5.44774171182969	116019.29228985	203041.31881142	4.444561993909	-0.00752689853241408	0.129325293297403	0.218336690515847
4447.50568274002	1633.22484997346	3.4536560749106	131776.613349673	219969.413378606	5.42968950769815	-0.0324879484989477	0.10638888249504	0.193657516106591
3141.70135786644	1462.26764760526	2.40622931224897	101622.330808984	213551.217567691	4.68840018274799	-0.0335613098880896	0.104769491968224	0.205848152388579
3056.63471897024	1449.96226285384	2.02521329641469	111632.895715951	172152.645079493	7.51754779404518	-0.0146042314539357	0.119733677975399	0.207366318569523
4861.05054800606	1658.96224635641	2.75846052814519	107229.188278964	206680.514242471	3.28749912934406	0.0119241796216861	0.129656748226558	0.228423547501099
10011.4804371486	1557.65976430898	9.44859284814099	158556.196953679	186068.883257526	6.91960237917449	-0.0117580323592498	0.110584080854758	0.192305245537979
3707.46178762434	1391.37807009583	2.53147193554373	111269.040245618	171927.231988089	6.87635686012037	0.00450752065075399	0.117886375040488	0.208469361759068
4468.15345921753	1626.76368609247	3.22524881595618	135570.150864937	193819.100483938	7.73928829245802	-0.0362298504412817	0.0941060604709468	0.192061349892341
4632.97815780998	1489.61181912385	3.13709926667043	160822.245179667	188141.188392936	6.9749310601147	-0.0208829411202796	0.113758442020193	0.209089597789793
3379.87419749219	1418.94855308761	2.10720881931055	126521.577680881	166320.449595864	7.65001607761094	0.0371304034390089	0.144248640063054	0.233267741503668
3020.71893075266	1440.33358949535	2.3906479226846	147316.603533716	195939.263247717	7.67068570493648	-0.0122678228646332	0.0886363311607331	0.165300957152711
4653.56848764019	1610.67221543571	2.84368077008715	114020.314048921	227491.78206957	4.87388587490902	-0.0358780292538707	0.100036350127559	0.193523134314918
5472.22686092748	1956.80558924969	6.51719716350784	166814.826330914	282987.206415269	3.57362136566435	0.000304883447915977	0.124580698508616	0.210104489388292
7687.49912560529	1468.35366615723	6.53942630883787	124282.564409607	187776.808534304	4.45286156102878	0.00607858099538894	0.111088425786593	0.199512417802654
4487.49034454465	1610.77529321077	1.90376608880449	118452.323683985	184859.176445375	6.28141594296935	-0.0295580095400439	0.105515954212817	0.191091658563852
6465.87865293764	1712.22037973825	5.24137077825265	170217.593329982	224878.28690813	4.97337053669153	-0.022461702302073	0.117311030042979	0.199196563995244
5456.62095918032	1396.07640345269	6.22405075127998	96233.8389775348	176145.919149835	4.36951020326621	-0.0216435305461171	0.123476843409687	0.215121116492707
7852.31499142445	1536.24812763395	6.21787595831516	154921.527838169	158589.061505359	6.56252725610294	0.0120071260092695	0.130852357939065	0.208882104131703
6646.03275206868	1696.73768083704	5.66352943730875	168570.77837079	197826.257810021	4.14059667403986	0.000351378454661444	0.118712703768535	0.203773987028935
4981.14627843792	1785.28496452938	2.49576575335091	165358.460910105	239872.015765883	4.52063036757627	0.0358161917506276	0.146157330058547	0.231641611840582
4717.17243986977	1590.12083059185	2.97511331099145	118358.118491473	231863.70845964	3.60134718015729	-0.0105661525306789	0.10782795318755	0.192058564756954
3930.50297265196	1484.18825650987	3.11645221401346	107529.820479241	188503.361728982	4.28600553424936	0.010586558892982	0.121715911057182	0.207485916930013
5621.37247058687	1758.87106989495	2.79231748526451	155789.03118658	201984.636971011	3.38777789969361	-0.0183763324457035	0.119208694956847	0.201803625218983
3811.51590059122	1616.32947838425	2.70674820616856	195783.613675443	250233.813368522	7.17070209646925	-0.0151664202695196	0.102505186733652	0.187210925429647
4690.40401261685	1549.37988846414	2.37837602422635	159241.712596007	195842.206919698	6.32722977452318	-0.0370765105716913	0.0954329945430335	0.19465228385776
5312.89869106393	1500.7599041548	5.52591955801705	120572.897525988	186975.564754761	4.74198144281769	0.00512855163884077	0.0985744623575708	0.186827967788236
3345.18292093779	1503.17336835433	2.3223094531962	98172.0001035096	190396.012935405	5.5513733143561	0.0133227843923442	0.123413837747684	0.220760020141012
3299.24726867631	1477.82141481686	2.53600462196939	113719.466424104	190540.837442083	7.3268577037789	-0.0307390339102138	0.092098964050876	0.190745984460998
4348.17360978101	1473.3607420957	2.26023801441847	143878.788400966	178481.869484937	5.67930043692848	-0.00728592243060881	0.116560216501156	0.21429945320609
96408.8373411782	1722.29305837913	13.3255242924181	517757.311960799	209665.98205852	10.3875802290287	-0.0295209186332073	0.109906704148958	0.207807056550596
7939.82271015639	1477.81093556858	8.57334085998687	114849.730585352	185124.080033648	5.26199098849698	-0.0187902193796164	0.113550497269738	0.204826051829562
4946.92300280199	1593.16775268012	3.26180350801235	116932.377764561	169865.711002609	4.74320494758801	0.00339369869099356	0.136712577065123	0.224760515823938
6682.00553647013	1794.84350062207	3.05617114307391	173907.057867627	222133.130453099	4.47544049772603	0.0241928758713423	0.13897643008982	0.228070537338084
4839.8613305796	1522.03143442804	2.51622046131342	133530.354169338	182819.255631934	6.16345574467279	-0.0281077122640662	0.109934116241999	0.204807180618359
5375.69137282969	1701.07866302464	2.7841494556853	197578.080210177	255675.798850935	6.07958966260053	0.012939231644469	0.124817072210628	0.214454158163157
3730.91123529953	1559.63649535968	2.47821132330353	144577.826031701	218370.91410688	6.4314724255827	-0.00956539999073415	0.113342560111161	0.209924065154686
5458.13088013002	1485.02567938823	4.99804885400378	124931.737390139	198249.010573483	6.12158389785257	-0.0202123537628379	0.104918654375158	0.205625790133092
5049.39910030041	1771.66325788013	2.58736445160036	144773.216389918	233661.136180329	3.85020269500734	0.0344962680172888	0.145059475764442	0.231272278260446
3974.74039084039	1571.49752930913	1.9921500013081	130119.805785253	201709.86206158	6.05001840284427	-0.0161868149938097	0.105877183293828	0.197480885811873
5344.8042831416	1571.05211672642	3.71838056418761	96801.1802470843	202452.67167631	3.54938419376587	0.00569919022077974	0.127434718574173	0.223574676708735
3724.89812733046	1497.13689211825	2.28501844030353	112887.657427733	187589.028532053	6.19110253605164	-0.00295517229258441	0.118841387319111	0.210314112188586
5317.01450013753	1651.97406516411	4.21056980221076	167246.058902584	225214.492499819	4.12670722232753	0.0267933589830065	0.130142189009952	0.215378633171038
4425.90368188361	1510.0924783287	3.72477898732236	123030.001697701	178117.963091069	6.6604134058335	-0.021902462165242	0.127564896127713	0.219529106858161
3722.86039157107	1487.24252877283	3.04291148834025	112729.713079289	215126.382537208	7.73363220261845	0.0487148648524812	0.151499714537272	0.24454711601074
5279.10937594433	1617.67156991065	5.07221067059592	140148.414499481	222877.468327642	5.26420654818161	-0.0219696914718313	0.108808733302946	0.196334586861349
4534.43700729293	1537.07652349958	5.93259121115268	110313.419332333	204015.992252788	6.64754182238399	0.00168480176606391	0.136360435503757	0.224153090426323
6707.87674887491	1675.35091382671	3.34555629699488	192719.715664937	196274.653467954	6.03514221900448	-0.0130113489234193	0.119616639059549	0.208450685881947
4580.09592664491	1639.43493838252	3.04097670174708	124967.766467177	209794.956574118	3.73289945364264	-0.0210386449276	0.116565072674352	0.19800929044836
3956.96502904769	1489.71714562554	2.12880620650868	125335.222895777	167400.569186632	7.62870650626141	0.0157856200711581	0.138180566506033	0.225879954249261
4483.74770554767	1541.2633236609	2.53118577485013	171774.1259554	227814.264371344	6.50307841379693	-0.0210010237814281	0.0973964390112444	0.189877497986088
2568.0723470292	1526.9668004361	1.57669371576392	85864.3870989199	206066.560982733	3.67600478750179	-0.00520753247223265	0.125358460068866	0.205226999581318
3769.76830235942	1634.25731198401	2.08858878894427	148872.265007877	190221.104834971	7.23734049427507	-0.0189247699480768	0.0890391788371306	0.183065415631247
5414.79993102505	1573.575357452	4.57894693877961	136916.150842381	213739.653752609	5.31920899337988	-0.0270496189794813	0.108751284375378	0.201232655172835
44031.6315025864	1391.97987839039	18.7770052898761	362164.311413956	172301.575001624	14.1885163671502	-0.0113128238321584	0.123955365941811	0.222098473049293
3768.04073156266	1531.77090411153	2.31924744290444	147267.49525518	176766.508790695	5.02645938316231	-0.0227043014390142	0.0983268784492373	0.192373606138617
4204.3574294216	1522.34370784176	2.50463815005599	129843.33111506	214078.312428107	6.41799149967169	0.0157368634132111	0.120641173067074	0.216064461521649
3351.4895480708	1419.76844767698	2.05642182651441	105313.960411324	164195.685163231	6.88972274056156	0.000491987433886027	0.116168234521937	0.205539223397892
4677.07385762153	1570.48413694835	2.05190192250057	123974.608979487	185630.529790079	5.31190842541624	0.0136707644028778	0.134389215530734	0.222922316714508
5505.49325054646	1842.58208157575	2.9230348438526	300831.015470445	293763.04828295	11.5190894890398	-0.0199030783704232	0.112845898286779	0.200217142079658
6036.22026806754	1744.80307111226	3.10064134638482	199785.365914959	204930.888784933	4.95685604850782	-0.0150869899771539	0.109043623681756	0.200495705818156
2740.46511126795	1470.56457611579	2.51309040898815	122311.005980313	199259.913005397	7.34651550514455	-0.0232144709052261	0.1128141916631	0.207268371326843
4653.728888641	1838.41719852074	2.41683495585179	191450.447459727	267013.13224971	5.13340191612363	-0.0277258508214031	0.103531096843936	0.198955320256519
4443.07751821506	1622.22135283713	3.29027613190524	166087.759171933	221215.054440147	6.87768976819348	-0.0132107317234196	0.099374062898667	0.189171001828833
4315.05791678227	1593.32564524944	4.20889938896405	103699.147076892	207221.287213902	4.47521430226037	-0.0195757393459191	0.109547080651203	0.199991179530398
3763.64734938067	1446.98563154592	2.77315775209788	124860.36940055	190328.774046659	7.55360659288752	-0.0300630638901218	0.122064896046177	0.222454456189483
6340.77298973461	1381.75314581096	11.128351611545	103202.706216535	176633.730179342	5.05192745680027	-0.0121345515879881	0.100742456198232	0.184322197792559
4571.08443439942	1487.19049300169	2.31096342889363	126708.584670423	183429.004184999	7.44845918006104	-0.000753552757298318	0.121170148144668	0.211129649716724
4265.8506987836	1740.38904343008	1.76315046919703	185515.171105961	250085.302648258	5.75656096392229	-0.00978673677189913	0.121367783389953	0.210677949925613
3421.70208538475	1377.32961574264	2.49015591133985	146235.993893241	179230.824970891	7.69236945260552	-0.0234765805887868	0.0973159381964195	0.200249599784635
3435.85440511075	1567.88063394806	2.33449843985985	97756.3316886087	211990.640304438	4.06351172208824	0.0340686052524182	0.155045089105271	0.239914080125486
3636.97003294514	1567.72559798135	2.02820018112752	109448.969877812	216193.842130653	4.35552086904366	-0.0146196185863944	0.0999854135833229	0.182536895006988
4931.86990726144	1644.68990857982	2.32515528162321	184547.123764446	212091.092952682	6.72543681495862	-0.0134422793161344	0.121076740574976	0.209849280410087
3411.74012769442	1438.34271492862	2.40872546907886	123752.212422421	175574.816225211	7.03107243076759	-0.0239461002154339	0.107628643147936	0.194921676955225
7567.97508023499	1592.17009885437	5.36138745158642	144570.673772495	181097.292905672	5.38848587359537	-0.0207779052464456	0.100075805738024	0.193645185421255
2925.94634521496	1499.24331888282	1.87409887001571	109138.364687643	206969.310562079	6.6958748586924	0.00434683063216773	0.112911291485541	0.217817643312592
6243.17424989569	1601.55888601389	3.16968092155056	154630.064808386	171780.027501892	5.83921218689656	-0.0265732950090056	0.110481093928094	0.204563240263327
3195.68858451806	1441.51367045438	2.60973900650629	96885.0543137007	194011.93984976	4.89147280310601	-0.0129413770325708	0.116784612934158	0.216359664364579
3399.25191994791	1430.50771669718	2.62853163492896	132022.939486289	181416.655450934	5.92728466330064	-0.0134713220153801	0.116751377349767	0.204174798001315
6758.69896325148	1794.05861230996	5.07989646690628	131115.809485853	212103.377186807	4.43649041879479	0.0147257991938992	0.133149756891777	0.228808041967755
6763.80172833824	1518.02986917399	3.47136387689439	178351.059548699	197803.650747456	6.41257901523809	-0.00273130306560353	0.139014226071691	0.22403602848825
5911.535950782	1593.10183206599	3.0176983908742	159113.268303305	180221.541518689	4.3107928355122	0.0177060474923321	0.132929874339427	0.219374278813872
4576.58157910351	1620.90989495739	2.67258570912449	129511.179443363	214145.770662323	3.79860560069631	-0.0207051826672981	0.1024963345798	0.194429933609336
3318.92785427587	1518.60714273795	2.27422973383291	125181.065741625	220260.020986285	5.30959977095571	-0.0318167581607715	0.0963191369815581	0.199287841886131
7893.02873817436	1559.79720897007	6.7492975031163	116409.812306534	190619.328766325	4.41689386534348	-0.0283099826573219	0.109708258549414	0.201409241753269
3539.44603980548	1481.9802517838	2.1947411554716	141786.95884158	174777.553039073	7.17607100996033	-0.00245972171884936	0.117192118759575	0.20884533071192
3322.39890559619	1556.79646406791	2.73203319820819	102155.184630385	220187.540519362	4.28779206237661	-0.0267660629425373	0.108775567087046	0.203574220986991
3395.65132262758	1402.77249142306	2.2416097660208	116363.251240703	170255.556865163	6.91683000758871	-0.00246339281595668	0.0896006998402154	0.171851476713669
3160.60617867135	1421.3657007119	1.9472337570752	110088.60633224	204850.438831992	5.56747173072374	-0.0256522764511645	0.109951444712528	0.208930455380536
3742.64028458691	1428.91609281549	2.88487236824021	161187.386555988	201086.382955068	7.80758621809301	-0.0298547214414661	0.0986940872664457	0.188823009417256
3154.60508746172	1532.77891377432	2.85010110472722	114394.315322464	217183.701908304	6.22273901582234	0.0145606448076818	0.13757227393425	0.223181248023237
4871.13419562499	1435.05449632996	3.23662901256449	119863.223436419	171280.504769508	6.70861302218038	0.0095052091060534	0.114670924643902	0.206871521697857
3009.25484366945	1456.98375956103	1.98376021875644	89524.346441749	179101.50097649	3.29368889792483	-0.00750066069208583	0.125287465765454	0.215249135666145
2606.44853264244	1385.46611987444	2.32878083669882	117926.165161316	188425.101282054	7.21383986643656	0.00724172419262106	0.127460741535967	0.211564594422194
3270.95343580896	1299.00513162257	3.44923962102381	91261.7824946947	170078.276851844	5.10467315477297	-0.00739954280772251	0.113479834179037	0.213344242418769
3614.58485715154	1617.52986573746	2.5216697441092	135661.016076107	208690.086517665	6.49971018828906	-0.0213141595177549	0.121143199476688	0.210958079934909
2989.20041837843	1453.65845728306	1.88938319823001	98551.5281829184	184374.789949088	5.63361332738568	-0.0198297928886255	0.102031509627845	0.198516359467409
4051.8155245693	1531.58148588207	2.33964761824273	112520.421470034	193288.285565059	4.92936607847814	0.00827700311706937	0.146694339117024	0.218960252975083
3387.16650954881	1319.12966270579	2.92525662255249	100023.04405168	188939.554786908	6.56692480791827	-0.00481915925621676	0.12631671799709	0.22059228341497
13409.1067600186	1492.30179793604	14.0116283416214	169318.65197683	195541.978366895	7.04547414823316	-0.0226802042517619	0.103256690890806	0.195683676303707
4280.23814900362	1705.28335189232	2.94612900979274	237561.98970861	263726.525121768	7.82125333494778	-0.01616071924639	0.0930199762744663	0.178457004844384
4257.37563056832	1634.66858231398	2.40350976580742	165034.365356066	297345.121477354	5.89551788437844	0.00881335767705245	0.131348027512405	0.22110258915715
3393.65323326538	1611.11416977745	2.447715650216	153407.848258021	278561.42619267	6.91332637611926	0.0754064440661632	0.183545897311654	0.263192658793733
3097.97775034729	1502.06152519542	1.60552526960655	101641.497373106	197404.165151576	3.82828608190573	-0.0300499583597222	0.0909021104238067	0.180899854500249
3920.79006131844	1539.58351515937	2.42894395338333	136031.955734313	221271.980757858	7.02701122206688	-0.0206412257127733	0.0992730510095306	0.191711478836905
4443.38682548835	1620.28470837063	2.04858952614515	135482.019413507	207990.660526392	5.43895313565693	-0.00481838802010033	0.113551681366985	0.197922051207677
3724.10437866953	1452.47724442127	3.16902489570716	101350.611034308	240137.965587097	4.19808956057065	-0.0194649474302928	0.109652706884701	0.200283953133368
4195.81129411932	1463.57971880404	3.84062740951858	130914.024062884	166890.589529367	7.75249312857042	-0.0127733426249703	0.119714704010349	0.211985813296337
6589.66951701505	1575.35306038166	2.90293712179068	216994.608674781	199473.16821434	5.97020392100468	-0.0286997139389685	0.105100833756018	0.210891719465777
5505.58943290892	1675.88350652524	3.82754626548197	141511.600540932	196409.65037479	6.42457356853373	-0.0299716884406318	0.10319293855637	0.199963310595918
3641.75355167858	1547.42492733594	2.57389605187743	97716.8642364974	186141.064566977	4.44701906143589	0.0132222416339652	0.12599071485249	0.204289163727794
3209.58870363368	1478.74591619803	2.53796577659545	93318.8590336065	185291.357191574	5.50419937812091	-0.00326981274285261	0.115859906665484	0.200994875365823
4564.21176264963	1766.20294070999	2.98720878069662	139364.667523869	287531.613630861	5.6422545025718	-0.016932615350416	0.121826027086106	0.206923724948014
3749.16286331252	1514.16701416136	2.77238275142133	120537.61900737	192791.038352588	5.82077013625632	-0.0186988125819346	0.107223458695868	0.201723706471299
4260.91640772229	1581.40664931434	2.56728688888529	135739.268828911	206260.505623282	4.69202328561855	-0.000515289405904509	0.120778562454989	0.196739690073324
27083.3992267432	1497.21695926668	16.0231981848139	155702.121540027	189561.138471696	6.11797162487351	0.0126009399282513	0.135029263743148	0.221976915218674
4211.90230932569	1611.30946063551	2.50344895811043	127993.719073718	237028.533711631	6.08431484064504	-0.0294720569537024	0.0944002979745196	0.181026704312092
3895.6155077966	1589.443126459	2.26302852687295	136378.53071994	193515.634463382	5.65629889761946	-0.00398435815826599	0.126742143645849	0.21351277713239
3813.67417324189	1451.03584819989	2.17209528807568	120662.561018772	188404.920609781	7.85739849069553	-0.0300164592954243	0.104474981691129	0.203507731516161
3536.55519744404	1433.90996037439	2.06744839812936	124338.78787751	185058.756070623	5.31689991351392	0.0120497357626855	0.140390526692724	0.228616774335619
3675.61120262677	1396.76151247161	2.94334733324527	121672.022487185	180017.356733183	8.44629194931575	-0.0101151757973435	0.115943698508933	0.205465638650978
4949.05107904943	1574.06229449376	2.99764844875463	168243.970500739	220155.852002981	5.73661604899346	-0.0131085803401973	0.0966838921556437	0.191388283693426
2882.38517313431	1437.97199942395	1.86288026954619	90251.360103907	170725.999901052	5.66745966768874	-0.0215557714571349	0.113791757874856	0.207632860446474
4259.30066175906	1489.24873755133	2.34229664352185	156305.425125943	189491.912196562	6.05901727040453	-0.0187158863307925	0.104108159884199	0.198482122921222
5277.16666735229	1514.4867156372	4.44336202740414	115049.39582759	207379.038052549	4.7850730409418	-0.00109217986273298	0.121713024850587	0.209045642791517
3729.09762164526	1512.33627632285	2.54341296996025	135266.373323782	200517.840881079	6.69540870617598	0.0106068944870248	0.118020548383465	0.21350349040708
4062.44936027103	1610.13695392629	2.13777214627194	115364.118394179	219018.106827119	5.13661894581552	-0.0174040176953941	0.101162326695445	0.202909987900329
4297.09527495529	1749.50068741536	2.47838468835571	206008.529840878	263493.148685825	5.44486728768314	-0.00906440233936996	0.121120156568936	0.208076882745088
3279.84304310108	1568.93761710204	2.03374047977645	116017.633119649	196103.4027793	4.97585452453012	0.0290812548640896	0.145113979639866	0.243016591650167
3510.56705851523	1574.64546655118	2.48357078631536	138575.484661124	235976.906528876	7.26920555725861	-0.0089298428198891	0.120730061173959	0.22613203202216
2722.52949282538	1425.08872154896	1.9878427015181	82290.9290416433	188261.41430691	3.85479115039082	-0.0211161953908862	0.0886307267543219	0.182889919780632
3350.58826232685	1507.75455217024	3.50668948509661	106756.256730504	201115.337650255	4.63358655370926	-0.0174674861216916	0.1115741317778	0.205000898319513
3903.4460063949	1627.24659228512	3.02613960356705	121062.039507982	192397.594006119	6.0677664307324	-0.000300905751327711	0.113083330815891	0.212117440844119
3935.93428352313	1529.75475130666	2.48513757409939	119945.210274167	213787.719972078	4.55121240215006	-0.00910986134053567	0.0935837463598332	0.176602712130324
4045.76664322291	1517.14375250662	2.88826694683937	156319.017682941	227782.094393855	6.18975551551924	-0.0324954409004196	0.10556235766504	0.204566408484433
3553.7177831282	1443.7123776676	3.14539681338403	87708.0053789232	176084.37772759	3.64140555552101	-0.0448654618668905	0.1061928814917	0.199944553101365
3258.04928254405	1498.89024190027	2.57808082061261	115527.164490635	202717.358708393	7.61655277740579	-0.01205942144097	0.119370326885042	0.208026066978352
6218.52115398431	1591.75365231576	6.1153884759991	144475.343303455	187584.374947326	5.30349355848647	-0.0174330036703417	0.102690005158667	0.197379598982479
6101.52298884061	1690.01978788599	3.83427730265322	149859.706343201	212257.938799042	6.05159141495506	-0.0084209258570116	0.121456003262796	0.20909831839987
3074.75181103842	1524.97381316963	2.49260005602091	114181.256524149	206707.811047697	6.66815453761097	0.00256898187924003	0.12513906844822	0.208821048198067
3893.25310869884	1430.41705565411	2.42433237389069	92287.9776484456	188310.620501457	3.92637288120559	0.013582405778775	0.12931231300124	0.230644231071361
7520.31016923335	1585.23145226255	5.06948444224436	147609.717792961	162152.944782092	5.57975577182757	0.018785570480037	0.131746919155106	0.211581171868363
3340.72440890767	1408.91408230497	1.98854261336768	112705.656978682	182437.206533681	6.96155980289687	0.0447842095098633	0.144312336440352	0.235014147902669
4165.44942164774	1541.98101403203	3.32037519423354	127198.581413095	213321.838959476	7.71067226998505	-0.0128912982049668	0.115027413742794	0.211943436257756
5143.26780326232	1646.3033276908	3.13773061677896	142151.221772438	220411.995474474	4.7328268699281	-0.0128854988439869	0.106283126726775	0.194373411484547
4323.91937916795	1671.05013111507	2.44062574078005	150068.788228154	210788.343871088	6.08611703917814	-0.0108347161126386	0.119553528551915	0.20686653650658
2720.06392049996	1393.88978480131	1.65022751728944	91096.3939315045	172032.309906354	3.98459016949245	-0.00790499284392581	0.125148904025358	0.22839746920611
5171.98420641453	1600.14927794598	4.39031254767226	197493.169861687	183750.689224628	6.1171831052982	0.00287421099493228	0.123091801717449	0.221873575339339
5028.6137362241	1836.75810125122	2.72004829341142	168379.109926804	261976.697655977	4.41045604848143	-0.00191871008535668	0.121082222145461	0.212932552292019
3253.58792998778	1525.04956052613	3.28382845367255	95384.1647139618	205150.905831592	4.66855816145646	-0.0319906290363048	0.100074047071032	0.201659690748825
4753.02098366433	1506.18445619961	2.95472242537376	141586.130155455	189034.789269501	6.91154774041244	-0.0200422200030032	0.109848155383505	0.197558396575232
4256.98693591517	1582.43649850409	2.49621233922409	119358.338370894	199493.046439091	4.16754685477013	-0.0308182485287255	0.109642246593687	0.211085569526424
4153.39898719913	1526.05892761126	4.01299998394463	260896.962449042	196528.615963715	11.7900360380064	-0.023164014428962	0.093658988975317	0.184120338387831
2900.35931731044	1443.56990873449	2.09122968985876	90809.4833132214	189602.802425873	5.6173397898251	-0.0150850931750359	0.115723971444199	0.213679362201512
3956.64248306785	1435.14205957796	3.35659013771496	75485.9486547932	184927.762722569	3.43406629797702	0.0057485272860329	0.127352250694884	0.233010311542768
4092.0681608341	1565.88594347386	3.21053154330972	94313.0194466519	205391.401917587	3.69908544818757	0.00403209229579183	0.130020738652855	0.213675661853321
6265.26379793337	1432.11678825552	5.06620413652304	170613.134827692	173550.80801585	6.19144312524491	-0.0240022513667156	0.103533585589859	0.201492042195453
4021.41136514611	1604.80892818914	1.83967505848446	152179.193898638	170047.588384772	5.49392452868869	-0.0110213929608785	0.1174458477225	0.200394320503134
3647.66853055466	1535.16232440772	2.9907668341431	128646.214326011	213628.415215288	7.014273846735	-0.00105593032949925	0.125687099782022	0.217334573568144
5925.02528257021	1701.34096941974	2.66869188510673	168131.250928963	218231.3440423	4.61162351461627	0.000399765946027787	0.125838175057774	0.221460688368845
5163.9346678395	1938.73904852324	2.06359679481958	211487.181310704	225508.241179569	5.32679823580737	-0.016046157674263	0.110240052495573	0.197554658579534
4062.22614506183	1586.96033591466	2.90171811515228	184327.072408084	203706.871661025	7.64085673151322	0.0103351737763008	0.0955656356739786	0.174613614653803
3739.14187140142	1366.13704097928	4.51802774658519	102414.132027738	162585.66111778	6.09874599671837	0.00581482318292666	0.125636302615121	0.210122967239522
3165.27072792731	1446.17154148872	2.17313347772396	161266.41765958	206627.503508499	7.10115135049178	-0.0454320431320149	0.0994896326800934	0.199427601573224
3400.12958032783	1446.65622974113	2.84171507049049	93975.5186149191	179025.168650465	3.9187481997377	-0.0177692555903126	0.115408291093641	0.210573308101802
3110.74972301913	1469.57625950323	2.08258761885673	121723.618361712	194589.875637995	6.07485823363715	-0.00702685658529036	0.120822470486712	0.213457441489234
3643.64913607369	1527.9522410584	2.377491423037	118167.470490609	252275.237532214	4.11060298739944	-0.0221999210206987	0.101621179379697	0.18447434886786
4350.06684450411	1595.69723345187	2.72265665211468	150727.734392425	232332.458076936	6.20274932179618	-0.0448873848795988	0.0851560410762069	0.175361708003381
5433.1858308032	1644.48834181994	5.07051165611716	131912.030961659	229314.881136254	5.89702749035628	-0.0244038293320833	0.118851278960519	0.200467985038579
4685.42072149358	1542.75427515043	2.50204111629938	132446.64598829	178709.810750809	5.75954537212931	-0.016263199167288	0.118020755968813	0.209293704918223
4147.03916053166	1518.0585023758	2.65622929394342	114284.226044343	214701.655891065	4.4186219763083	-0.0229562058444518	0.112449207366587	0.206606121823659
4580.64481244935	1611.62461284174	3.523274637139	152623.983578385	232065.717988923	6.14728976852797	-0.0227585945915542	0.118246755980792	0.21140386491875
4420.43384326075	1618.5460972292	2.72376654114753	127030.06920859	246559.583819099	5.48214936401538	-0.00926727740005877	0.125271572744073	0.224312188394886
4718.74805006296	1358.02346334111	4.30293016095797	149344.956064317	172150.576203788	7.6907039940614	-0.0263735691708191	0.0970891112784296	0.19254285180502
4356.31080697437	1669.93468842925	2.20271375824114	133435.186552546	221500.09740569	5.76400577530663	0.00367734599621842	0.124070072548383	0.209860318758725
4287.51821436041	1494.34817595387	2.41732910958198	110083.296785385	173849.701974381	4.38987449376794	-0.020866927901964	0.11101997056264	0.204672834900865
3240.25462822901	1509.57727996834	2.39370036958836	100879.240139432	185398.364299886	4.16710063784889	0.00616704511671082	0.125527039258298	0.216366506068055
3503.45542640069	1392.57009856107	2.02935557484322	122389.088613295	155768.028993992	6.8542917722007	-0.0152887183953393	0.103923861723578	0.202045254453597
5001.52784825159	1546.77137102938	2.70496338988762	135391.495239588	191557.202021631	7.0290871783073	-0.00331032991769047	0.114162263694847	0.202425972108658
4147.65090800665	1700.1709019773	1.97371152537161	137583.352339782	191811.634551703	6.64176281532719	-0.0198329614227918	0.118406400148215	0.207844364916673
3804.80027916416	1622.42275391356	2.93407562504908	118051.670332455	222450.906247799	5.11728389734028	-0.00983506017246687	0.0905977162918048	0.176883492068624
3442.10117447843	1415.42753159258	2.20197541112762	117751.393622589	171082.803718719	5.96098086234565	0.00614527117534837	0.138549928565749	0.215960166856382
3967.75979766318	1559.67755433984	2.37447232529725	131638.976527832	193559.810258213	7.24516674886793	-0.00303816420254065	0.10878310425944	0.200884280645942
5498.36360972829	1655.5387650278	3.99122055086361	158029.878234731	274490.056638273	5.31980241636394	-0.035723688046566	0.0984982999684682	0.189375224404429
2897.85999381842	1546.02778836162	1.77011620074643	115115.879894599	188488.252402656	5.79034455558072	-0.00778738471979113	0.106284025148888	0.193944383780574
3464.68126373163	1449.23221270269	2.51625892183969	101297.13518665	229897.832830189	5.49757929119106	0.0143690697215631	0.130491729852149	0.219978240497022
3377.40346522759	1409.09903161662	1.88829826555422	111995.328629946	165877.751319539	3.92567554647556	-0.0120452281053499	0.117782953727538	0.211309204063565
5012.25108185465	1480.76472749004	3.41471991152135	111126.68479382	187307.01349911	5.33403026824306	0.0212089424195873	0.137871251666006	0.224504951774154
3761.23513564143	1496.85042457158	2.54946389374026	137133.837835224	189782.448838562	6.81053702238521	-0.024795298699147	0.117582827504439	0.212335614775992
3396.83606242342	1436.30400505997	3.3643502775663	106649.294095393	165408.190558485	6.28206707115538	0.00646551471630202	0.13437409479501	0.214582124461218
3307.78038721122	1501.07907101836	2.42803720185917	115306.403062337	235638.451596365	6.31569588565946	-0.0358946502248967	0.10152662321981	0.197910240704846
4451.04273988838	1567.19644140312	2.22594150077878	166043.051680258	177915.450172974	6.38876553095991	-0.00687638514086423	0.127196767646537	0.218619590822798
3937.60151895573	1657.54997884941	1.92041542047092	109390.530193861	230632.365617998	3.82310834324031	0.0173607473718554	0.13948513354576	0.216732438131194
3232.34075071217	1455.66202562533	2.72001198645885	107917.798292322	219856.534265457	6.40916011182305	-0.0048871781695645	0.124966980860649	0.215722320961079
4012.18486400438	1806.41386896072	1.58379327089871	160515.767603078	282177.0828767	4.14974793360405	-0.0098739563617501	0.115079263574185	0.211994940969075
4682.48033249686	1564.8812980624	2.97639037674249	119746.452378161	197309.75353155	4.07147165794182	-0.00928260092498887	0.105561769025024	0.19995061236068
2734.53094687459	1490.91638165373	1.97980653575936	110478.234417521	201777.352806392	4.81282825322368	-0.00461983930006706	0.112450675288326	0.21148330838449
3885.96226889163	1561.83341963834	3.76878063376992	126237.970089095	183123.397723639	7.99230692814572	-0.0132489060509838	0.121386061755333	0.206798634468307
5220.94016543744	1563.87454385965	2.7343455257756	128388.966175594	199632.323667711	3.96384037038773	-0.00833090068982939	0.11907004022587	0.209005780288835
4645.2402946273	1420.58109692539	4.77222662408336	126807.422800424	189304.256603685	7.15113286007755	-0.0263734077734447	0.10530502303297	0.211771814716458
4940.45245474486	1572.03968991484	2.61815759872555	120537.755127331	172167.444702039	4.03418560409197	-0.0207172349200307	0.103923449241022	0.199039470470264
5199.69794423518	1627.39371556857	2.8465165823316	127751.696499197	216250.492870615	5.59012038698405	-0.0193878310204988	0.103420762783298	0.194835376992626
3639.44797011745	1433.29375215876	1.79643915730528	119147.601247209	170459.386364801	5.88867645864739	-0.0221644881508001	0.109725573447944	0.20533881374022
5334.79563555417	1620.33438388592	3.99281600217895	107910.802325947	205889.007130577	3.69116253702919	-0.0104256385972992	0.115097562034476	0.211992879706974
4785.66325690555	1649.25083345077	2.9342638444073	128428.818280793	195017.828285412	4.83862614581848	-0.0223421190244088	0.0948018532170619	0.195232695971788
5751.40192717017	1781.04907573216	2.71296552343014	183771.229386298	205250.490175622	6.14507937420428	-0.00155197334147678	0.121003864671556	0.211572842055787
3638.88316474638	1617.80492802977	1.7118668615703	129749.370463648	214083.362707391	6.79738069462358	0.0207288988176121	0.129132574989672	0.222688393931951
4162.32024254723	1525.80581899051	2.38964554467703	111375.390346927	182005.628871055	6.28147523966695	-0.0304593154075986	0.104808012608562	0.196334991434342
4498.39641493694	1644.22366532587	2.40948617659351	164551.655920768	236314.943315642	6.80533108498029	-0.0208720121861482	0.113271268992618	0.196407495892704
3344.43015313648	1608.0400918035	1.95266716514536	106489.792065236	229392.923615365	5.13430734282996	-0.0298358943334059	0.107611351202479	0.200195246056576
3820.11977170181	1468.01347238872	3.01005219134146	134416.409865058	194457.865285988	6.06175132616671	0.0107783425574464	0.1330773038369	0.218049756674443
4831.98853240105	1417.61958160347	3.8262720220149	143628.968214983	172263.896675206	6.42095157521431	-0.00811125386562501	0.102528310915539	0.183769546726623
4558.64236755107	1570.94881318528	2.9981035718456	129949.89779934	184262.680653194	7.30300217343691	-0.0182429232361197	0.107626847918908	0.197035965024893
3966.59769343584	1547.52095522632	2.23544733767796	118143.318533731	197334.634567135	6.02827585221169	-0.0461306024950781	0.0886749715851321	0.188753469859028
5307.37618937927	1553.15516063037	3.40153491991086	151065.669330379	181165.496641009	5.17223278133852	0.0126795885437189	0.11345047659182	0.204147380097135
4376.30645036189	1731.60734770164	3.18331786225983	278146.880457877	286649.973211523	9.70855652894121	-0.0192639174915885	0.103219075292391	0.204142360219382
4516.66840140243	1549.90013034763	2.83055972761007	104644.981415466	201257.081480104	3.89474395339456	-0.00638734716490419	0.119386976582314	0.206718085034613
7958.15490250149	1382.96527401781	8.94901144204105	118194.097458501	185473.003816583	5.47568728364534	-0.0124090305958228	0.122684291731293	0.219526183532894
4016.58060931481	1434.71704480449	2.99105951679561	122063.523786583	161549.996941818	6.04038635692382	0.0101107155050124	0.112519265209608	0.20486724872846
5029.49861776713	1296.60900481123	9.5437953772029	105818.031234774	169818.270154028	5.73300044625457	-0.0267429177861024	0.0941069479617795	0.186243073655523
4986.56470762331	1460.21792606408	6.33886168768823	129787.722791679	183592.13539988	6.03654731112412	-0.0273475835320984	0.101029253446385	0.193961821945713
3810.46910179396	1482.02225010306	2.23992438370006	102058.917731534	188153.904600054	4.48239597014939	-0.0171891518500665	0.111687249643585	0.199028391425806
3320.33085913478	1661.67562700123	1.8020782147197	107623.944454855	220917.791031983	3.68301701929145	0.0319256590984927	0.148888925676001	0.225215690017812
3615.15234518746	1591.88704029343	1.985392184206	128607.757719375	198307.603351257	6.55895625056666	-0.00205779399222309	0.131478064145369	0.217968325699809
5737.46273469061	1667.00989753192	2.60946322050256	175880.969486131	210799.367855296	6.12441473695545	0.00825715848563103	0.12599094529965	0.218822823498952
6686.2628553232	1567.48233109497	6.47105699380906	145585.401914948	216166.912761629	4.56118789433743	-0.0289406762432218	0.104754714896587	0.202698940421081
9465.48601072354	1757.82602747233	5.41980349278671	214936.697487722	287197.62583874	4.52483317939345	-0.0117762626913655	0.109670844706959	0.20408218406225
3823.06362766403	1500.98737230399	2.41260602053624	99953.5122252402	169147.589490344	4.14173946143597	0.0155359261375728	0.135067143374724	0.219766863627267
5089.68076577583	1567.36681833385	2.77184886003918	133910.190788522	214194.22673017	4.27850115154014	-0.00516966461640139	0.126851984256089	0.210071374786705
3157.99826746986	1369.92748331838	2.2874390805147	104980.553041755	173650.509086768	5.31811751108237	0.000707733756209213	0.119577788235124	0.209577421619907
3732.1242858473	1447.96555700816	3.00176612149745	117172.99837346	196897.659169329	5.5192058696807	-0.0355558683696056	0.0930846031871774	0.191263000838722
3617.64267361563	1585.0682439265	2.67414753997253	166033.648943143	206786.711931512	6.81201712650778	-0.0285025711977889	0.092667873945081	0.194176674725659
3761.09981375432	1464.9450627754	2.62591650542358	134869.379467029	169160.09393088	5.09123832955913	-0.0106982015072806	0.113700592017853	0.209560286989782
2977.86863752322	1648.32203528048	2.05632035520486	166109.231195168	266448.57210181	6.14130421682701	-0.00964714121008549	0.128819579773373	0.21730132918758
5502.2527565624	1638.90034661957	3.29720367943706	154802.917908167	181406.443147269	4.73052868194127	-0.000486193877999986	0.124090721890924	0.203238698932726
5196.75960813176	1591.99344795612	3.48866118899906	156532.864827605	203946.095732517	5.53892474364222	-0.00448738886462037	0.135000028610339	0.213023847323594
5285.81976926786	1571.22217001156	4.85086236351157	129821.687699563	220786.323224362	4.92978516311	-0.012885981987563	0.124902588478663	0.213544231983809
5006.22099422454	1444.897835069	4.14051807745204	147269.420625409	187486.463399392	6.0652017024728	0.0223283490029885	0.123352156186906	0.211227561027223
5730.82987460211	1616.31947052163	4.01408444762837	128779.212848672	209194.162726246	6.82348318383817	-0.0338543909464174	0.0974378445308709	0.193018164064219
5677.00276937428	1592.62093976453	4.80580461097691	171104.628548163	218280.783204373	6.74991222651687	-0.0223053475989266	0.119116271947704	0.213012259661814
4223.58802373722	1589.33339956041	2.18854510613924	151949.714938609	196428.940288288	6.3718647689379	-0.0131033990270905	0.112831573912083	0.209425225887789
3540.82424173875	1516.52705091763	3.37081321705272	123627.582163492	204700.321711528	7.36065139973504	-0.023453943918191	0.0997405457187972	0.192190945001137
3102.86160191609	1460.84644015721	1.7503732275871	94413.2873642505	178962.777274356	3.87995063608993	0.0193869892376394	0.124375915670395	0.214168895778746
3506.51093630608	1455.22902535512	2.42994805527381	123213.376520784	182057.293674721	8.0638407747952	0.00686164392946525	0.117034948101149	0.202621916623685
2792.11962247916	1371.55338981281	1.78213560592844	96158.5858931039	180254.470373129	4.98003503467722	-0.030664345187933	0.109517547083799	0.209976128119717
5979.33932114101	1471.21918833185	8.564662949415	126426.306436796	216620.934325813	5.9538139999504	0.00138586663139823	0.128634867404404	0.227054231393369
3135.67278315533	1539.47127270416	1.85566762150023	104880.95637703	191819.624250795	4.51706156097527	0.00842050107166151	0.122032061541558	0.211559152317562
4880.01784524492	1498.0711415292	3.08410227508465	132678.6149507	175159.519742753	6.54015820766861	0.0100769202270495	0.130662680136011	0.221901158656873
3830.78324612039	1450.44374653182	3.29110677645863	118990.653590278	208757.156164572	6.69914319506665	0.00283190637752779	0.134681831393448	0.229833711131612
3936.28006554712	1541.73597216267	3.09226148906115	127135.451556171	197002.418496317	6.32454289758974	-0.013780337892507	0.112527000501162	0.201375172468741
4067.8789003822	1518.9490515341	2.42508681107719	117993.492903392	184769.493930531	4.32858166467363	-0.0190483513093474	0.108900365479831	0.208577281292556
4877.01822515563	1918.16436561108	1.98362594557231	157167.188963146	213050.103396453	4.50849046393755	-0.0218810208616352	0.102182854247368	0.201846464102125
4547.33976215945	1543.09820115885	3.97737135989138	130852.979856079	182437.605611605	6.153051780168	-0.0243552993167489	0.117221349148264	0.205040321976714
3684.29021425323	1448.81166029831	2.13741704635997	120510.480414336	194896.846922169	7.12077054388907	-0.0484649211403131	0.0883992035633162	0.188315040192555
4423.95252300958	1447.80445108666	2.27112330264161	139549.308396967	183688.730244128	6.05384614906097	-0.0210520554086039	0.117460105932135	0.207501001420079
5498.05174728036	1643.44346297546	3.07424108293313	152680.29730274	182614.982242714	4.68573584696577	-0.0378447815974191	0.0885433218321066	0.18622744237638
5212.55340053308	1877.45671255561	2.6037220683457	179766.512829577	273077.313770309	4.80905782134497	-0.0308055297204829	0.103897530735021	0.191091653940805
3774.00567120363	1510.43699234657	2.27380318722836	131706.159188698	210856.03112561	7.30605705921682	-0.0242627342018653	0.114341056870805	0.20649957343123
5542.24108684664	1691.17590740959	2.97110318340225	170170.419984448	188862.566469879	5.50837609441617	-0.0172823462095799	0.105302650374569	0.19798214603807
4244.04804076814	1537.00459927854	2.63059155989066	126559.909417424	201119.526426134	6.54164724647389	-0.0178448633457083	0.106693102005125	0.201113834721851
5306.30797377977	1613.61921958366	2.66324699330615	150961.292638972	192184.585558347	7.10226722278329	-0.030588673645629	0.091553196597296	0.185563078054048
4880.44491104816	1597.28952142055	2.94343060735762	194336.641453272	237470.870475583	5.93194227570301	-0.00386680249088888	0.100123071031657	0.192116252118708
4422.91042923913	1548.16963816075	2.42509619673596	130625.123010786	198819.276559397	6.72919337970331	-0.00846070491232814	0.119700238611843	0.213589911820534
4379.25046509494	1644.39107636092	3.12229120030068	109540.070679896	184168.110401329	5.51615377200125	-0.0368583474638993	0.102638833557615	0.191693831554928
3483.62307630718	1568.7642175465	2.16719067325138	156546.210465973	208715.718244903	6.63365178141402	0.0021679209502119	0.133291375858919	0.223665957902377
4682.49457000863	1680.15217701103	2.1883561629492	150511.391869508	282176.749149237	4.99018648192505	-0.0207517483177246	0.112803870577807	0.207978849561392
2946.81136387556	1488.18748540719	1.85245460908946	110402.674935453	209597.175184499	4.18341332013338	-0.00960612562701278	0.120319942424808	0.215915466622866
4342.10463813423	1574.38739831695	4.03599676022145	139577.841405816	278411.167194357	5.4338642994123	-0.0236485034315945	0.097253029960619	0.186025065817289
4057.40243480503	1460.28326184378	2.40627226980665	117279.022467572	180050.823293099	4.84035293962971	-0.0233195413896852	0.0989273821244315	0.18800535640041
4909.04692871528	1483.35619909822	4.77426976633299	150337.450532429	211258.705007293	6.56324693990945	-0.00207155252320445	0.108521034723051	0.194058379204393
5141.80976607412	1554.56053478156	5.0927166529337	146282.461944009	158875.570638174	6.40705343913854	-0.019900636236528	0.108918206774533	0.191342091506597
3433.42431768989	1532.06376251042	2.1799232787221	98471.6214688382	198640.078725788	5.37970588862365	0.0193795869045121	0.126685237580451	0.207324796131555
3648.79732972919	1443.72520768049	2.22409723772853	110376.574570775	176483.483290442	6.7719552256967	-0.0159847788436061	0.106932144064626	0.209025742359338
3830.70840795163	1590.74409653723	3.06786688079344	114740.598222978	206602.350261966	5.39346836169644	0.0131444379715662	0.129221389448368	0.215089455135948
4315.24486072923	1707.96471176901	2.05714844754012	143616.350610242	200596.970883344	6.64661905481991	0.0864608277746183	0.176138464130887	0.263767921641664
3512.76863266172	1525.07488493304	2.14816272547314	102046.654269843	194471.397948115	5.90652419829888	-0.0288674734003359	0.0906149944019802	0.178689855139589
4250.0355674007	1489.38828719437	2.8805825738675	115418.111118146	203324.982094411	4.88432166476136	-0.00336609124459369	0.11345394685245	0.201182361075659
3232.2546936983	1487.56256929952	2.36016816859742	120364.442748119	195839.746485971	6.70846553332901	0.0197982329529363	0.126215367629518	0.210871198421124
3568.51952413279	1496.57647720466	2.52159078572543	96850.7231087576	182971.582265545	4.47188838236081	-0.0121516629196884	0.116834990800596	0.208915543707863
5673.01029371798	1650.0358294555	4.13993596553465	158149.901729423	200765.363605175	6.63876068549331	-0.0220896913346953	0.104896518716049	0.198877663423791
6322.58925217673	1724.60679329744	3.039032014727	232950.728708446	217064.586568251	5.45583842945709	-0.0373712879441582	0.0931185955855458	0.189945957476124
4334.87120715427	1365.74062223739	4.01464856417695	125067.225574583	185416.585815132	6.00953079928118	-0.0112020814862797	0.105794225800237	0.195045912121982
4874.19532930956	1517.57696641728	2.83707492014948	172267.988496822	167747.619709019	7.97188311943068	-0.0267739210959032	0.0949097137659269	0.182342412060042
3321.5741057232	1465.94023290834	2.04821878592329	117216.292990353	171248.234851824	5.52991199220765	-0.0159352567861256	0.107845597222737	0.215915176461455
3653.02588783362	1498.50452818238	3.15521617586559	274677.009816172	204911.776195249	9.54659926024163	-0.024973490012848	0.0947265111362226	0.188745554100708
6272.20782579346	1479.63034435156	6.4115722592093	156457.213531683	175493.878431583	6.73072223056853	-0.0148302553646427	0.102447876316592	0.192108428776575
4384.01089571438	1621.08852542328	2.83339823975005	136851.005561844	199363.419073673	6.765840111365	-0.0210764327109608	0.118352588478112	0.210632520477763
4995.31326335223	1558.42260782068	2.77264967878814	138025.390394713	176974.325854099	4.65592960169132	-0.0129551237066961	0.118559354349961	0.203814347885901
2604.48546029533	1412.64232400031	2.24011859256277	101436.098723429	196051.823439424	5.13098684673932	-0.018885537077467	0.0939371901271142	0.182810530891999
4230.80603009337	1611.78902360017	2.33087048816762	128688.54892164	221585.889478548	6.07508383241225	-0.0124275367161863	0.107298768420466	0.196530064409
4152.47217346335	1472.92094829223	2.3747253475778	178159.780121304	200789.052094694	7.42198047428804	-0.0312554565543706	0.106438550774319	0.200659616386606
4537.08691200759	1560.53682414358	2.4224485459588	112827.815676209	208144.701833097	3.88157068746756	0.0290340234576168	0.149598824428507	0.244965150062652
3733.47425634032	1445.89165597463	2.80120096391143	107660.080452781	169936.039978656	4.69247222639577	-0.0304019453258822	0.100806156726879	0.202121480873914
4053.19678194351	1452.28777133887	2.75569948427551	135705.621542485	180307.849849979	7.03162591044737	-0.0201214364932901	0.117310482144491	0.205629573384039
4375.43110436851	1695.96128920268	2.64907328492334	156119.211824718	212346.421567912	6.30076395998962	0.00801532397444335	0.119730780338519	0.206670867412044
3944.41196785182	1601.23967383727	2.25363880044069	119358.671667956	207233.852723672	4.42508168009132	-0.00814898121731745	0.119591528640321	0.214624626028554
4322.67780911601	1543.77959818934	2.89126085769029	108395.420961311	190110.607366724	5.92033529036472	-0.0287201969092989	0.108605800789615	0.204082696418026
3392.90008268766	1438.24040751481	2.59273798326431	120455.009583197	189678.676064304	7.1040073724292	-0.00221539967682409	0.130957799233209	0.216135858990126
4733.24326437665	1766.51430729473	3.27865661747253	156501.744979348	253391.873788472	6.27495907103304	-0.0275607476378857	0.107392390389413	0.201861138061378
4779.83572778257	1752.25643458478	2.99277159801407	226108.381091381	252985.228789457	7.32704854150959	-0.0101590439469741	0.124698418289678	0.213669790720893
6195.25672956644	1579.28162334859	7.55569303437584	107546.282991185	255733.918492224	5.48215089643673	-0.0128558078502838	0.11579716337693	0.205745237283442
4192.99227459067	1533.23783217927	2.41589299275302	140043.17834505	202266.732731081	6.90885672221691	-0.0115872008954156	0.124268580120114	0.21454922737057
3724.56753090155	1415.54413063943	2.19878667635783	117777.910338398	189587.724358422	4.57591545053491	0.0151143763802428	0.121236394215745	0.211226826232467
4211.5080595177	1507.13333408233	2.65538558187519	119909.097232657	185011.759384951	4.33983466503093	-0.00488008641980995	0.0947987958251695	0.181197124874643
5120.67892951464	1382.65061930353	8.42162410783897	96748.386423828	172489.914337884	4.09806526829441	0.0028841722320494	0.146322485351631	0.215385426424586
10496.8696023712	1462.71457873823	8.94590860878762	142688.940219578	198057.370082199	4.69776266553264	-0.021246405475573	0.11336466683266	0.209186552988057
4877.67648084535	1527.73451755077	5.26390882040081	113301.910673272	189955.927088847	6.3382741635696	-0.010169536132169	0.115556508341504	0.206861982652756
4168.99662803535	1718.58861000893	1.82857704793672	160494.031576984	233769.09262851	4.3600750300366	-0.0155875384584365	0.115362242141552	0.206421921273321
3163.23280605828	1465.70790089877	2.14533251714454	105351.204733522	204256.058526042	5.16534248830469	-0.00546516081607661	0.127150403212549	0.209441752851414
3319.13709928037	1509.26365342839	2.21348916581983	124352.904328115	207533.854485562	7.68117004596073	-0.0150796383525291	0.10952336949088	0.208775085798081
4286.53769171229	1621.74669303859	2.17652832355877	110103.23649299	201243.563386414	3.28977675947995	-0.00786290582463219	0.116440241899397	0.212500185561004
7109.77167799497	1568.3956131781	5.78034369975412	285726.28913331	234749.985837125	12.8002484078002	0.0221330156088383	0.121440830630801	0.216026476136553
3496.99117131496	1514.98765685521	2.25267952495692	107427.50623559	183231.468286604	6.06698436289173	-0.00568614019603612	0.130020236644662	0.209595454085093
5069.94423174743	1461.39837481564	4.26423113308352	123697.403804356	179844.216120391	5.90265959361389	0.013353658155342	0.123994468158417	0.217014514808592
6448.33685614087	1483.94187592889	7.054584940652	173805.273173281	223477.97083058	6.97174961699441	-0.0224320588490646	0.127211843029352	0.215950306619286
6941.01814757056	1432.68122841887	6.08398537109988	543113.901321019	181801.660698178	16.1685158419476	-0.0137888768128831	0.100089864293087	0.20071243389811
10057.8072910891	2203.35810002201	4.81034077274597	450283.462649508	303744.107316252	8.31907044055112	0.0187445636876077	0.127685618113179	0.222678280540967
2630.36641881657	1445.15013025976	1.7205709925625	77493.0951018608	193721.664775181	4.56465967450265	0.0187863895343468	0.120921981728906	0.20342310066515
4569.04538098468	1732.41473144524	3.05528698996805	225060.285734401	255270.061714229	7.9191270846952	0.0276164243561018	0.136623133591869	0.217377311201098
3353.76072690771	1428.47200298827	3.58258175681847	190707.64003151	175724.23134972	12.8342448179239	-0.0266851363693015	0.0961096528975454	0.183785898789076
4574.79651009393	1535.12775118383	2.71740670391721	131275.537663942	221558.995495708	5.16090313286248	-0.0106812982144602	0.122035327877285	0.216418427154159
3174.33993121873	1470.36181390983	2.04168911559553	111480.735010625	207080.474727033	4.72421752467017	-0.018260644477046	0.118212824436571	0.207529263801231
6350.91478097549	1489.96745753968	8.10633759254613	114103.125024533	206152.46531365	7.18950539136326	-0.0179437549142345	0.108195934520552	0.200977964958812
3513.39436727776	1322.60957423908	2.98986019835568	97203.3962395111	178362.496080124	5.06881536203158	0.0153247828480999	0.114736774410225	0.203400251819385
5153.94683149298	1539.57548708201	3.86077770934405	129040.662231873	199163.884201373	5.53176640337158	-0.0213140363305953	0.110758660340048	0.197784210811292
4859.23391933071	1775.46472279632	2.92834199321383	178924.981542796	215124.626028305	5.79593135340557	0.00686792241976363	0.129190300727741	0.220384332838263
3745.19825772062	1523.68851612375	1.92371868761595	124073.423674424	188213.18489015	5.86807033299447	-0.0239266661591368	0.103962306795331	0.195107511767591
3135.81768264118	1467.59237791506	2.25259945653509	99189.9772363453	217181.88423366	4.49207559399645	0.0141936879953554	0.115842178543846	0.201734991944106
2665.57460670725	1439.36627622861	1.86860945557181	91266.6196873159	193880.863604609	4.08138550747816	-0.012719703519264	0.110921523273932	0.20575116327427
4537.35215990965	1588.11195857481	5.34028598953984	122588.611238912	200276.334467918	6.20785512662871	-0.0277921053241531	0.109495894716242	0.199495556328157
3616.20446477373	1542.05184793705	2.4525887501674	95283.5580836379	218407.746935933	3.74720472824433	-0.0186996445137829	0.110282396026206	0.206135569362592
4492.93342669825	1552.23511199294	4.14641758214553	143692.063630425	213515.863941046	7.51547363557961	-0.0163309320954992	0.102025754994691	0.19562872107665
4581.37377468504	1709.72794631066	2.17042356771652	158979.601870365	210070.097598413	4.43882047202897	-0.00781072453130914	0.131402346194407	0.21793434257493
5107.00293816841	1696.39275672166	2.83651080820657	164322.71223323	234452.068575708	5.03319413291028	0.0450437914159663	0.160324328891145	0.24203601296782
5305.54830208512	1700.43611152615	3.99328576028086	160224.894091165	251266.361408738	6.11910728110549	0.0279196698355943	0.136027369961505	0.226078347895463
2949.8047125124	1476.21883136086	2.25909438219954	93106.7371494274	214244.792783628	5.21083857828878	0.00662307481263074	0.132959865063294	0.211175920737814
4909.95943922773	1438.52240846406	5.79131322788592	125397.08571114	197910.696341143	6.9019798179599	-0.000675461746571808	0.131197930260874	0.225008339697003
4020.27794975701	1565.10647557025	2.32461228249329	127192.364400812	200617.482711504	5.5206692860733	-0.0025008035239891	0.126455489037525	0.226447174935077
5374.38892457244	1549.81312794835	3.75740329254713	139233.43577778	174499.445666843	6.02521256306753	-0.0265575253787929	0.104505016211959	0.202892465607324
4046.76110121437	1586.63608078362	2.15417766543094	141262.912374501	185519.791184118	4.70754325995717	-0.00554100649372656	0.119962184150373	0.2186428820387
5073.48021375691	1416.92706414181	4.87428772184114	122328.879268199	187264.762515711	5.68826711012104	0.0359902170952587	0.154790888702848	0.243079929616978
3361.31183824918	1614.35773276509	1.96482709909072	136876.206819648	277547.168484549	5.80322451767729	-0.0199367325757714	0.106089074060256	0.191570494366048
3335.35753298702	1457.90269782967	2.34127357798917	92693.2600522124	191294.116430818	4.96968043480007	-0.00971893697851047	0.13241596099485	0.227199983045996
3509.82890122052	1608.50948835554	2.11827661711724	109967.795275071	196604.706915828	4.49846455220767	0.0273954000610887	0.137287851244603	0.221867890244893
4372.33278889403	1635.59024112209	2.19783538643555	141434.347974178	195178.45377264	5.57811673300173	-0.010853744111872	0.107472559081001	0.198654165171833
2811.49465213094	1482.7207350285	2.0878566722439	117359.431662467	175860.50469284	7.93938981422034	-0.000426031382462471	0.132598146345481	0.221675428575588
4287.99886567329	1612.8755362909	3.08077973192601	139630.460461675	207596.780544696	4.35320270441759	-0.0128366480720587	0.118122587803008	0.211105592296695
2677.15723721951	1538.75824825147	2.01499577365283	113768.707629838	261401.953975466	6.62090627862414	-0.0104514153193247	0.123118413424713	0.213965355357639
3801.2205880107	1471.87375000321	2.51751652950993	121594.205460407	189723.722826423	6.34219900896156	0.00455503141746293	0.118622787835706	0.21512094931435
8984.64792147078	1484.63419750428	12.3478882347683	166219.545706132	206437.498257668	7.14131296238064	-0.0104127202436955	0.125493240188226	0.218144352884769
6318.75001290861	1492.55474949968	9.50609802324379	142250.499438674	237897.009529031	5.59461647082978	0.0139100511428476	0.117217531176247	0.207026166336877
4269.90961981845	1485.0145429818	2.10416784500777	131979.18709321	188616.570002298	6.71265709970521	-0.0263349614544142	0.111646930642645	0.196371962287753
4363.5041874199	1506.80563356627	3.03265046429656	113088.467838496	189327.261136897	6.85725766205245	-0.0191318993268534	0.0934223647997935	0.18519441499607
4633.59984020148	1797.69646443228	1.95294061129961	140197.402309715	218013.585875677	4.19198253079871	-0.0301308902552574	0.109144022171304	0.206331383209201
4168.86302491706	1582.58087506596	2.4483951741778	121604.601197145	196574.765238554	6.23532093887392	-0.0351013259012344	0.10133013607696	0.201897644472957
3097.36256412631	1543.66376748957	2.24919926054503	128687.937182853	195645.368527101	7.59501526191647	0.00700464539029071	0.119426967189119	0.205822099531813
7162.92100533959	1732.99435621048	2.86024083213871	241982.576674574	209400.207898065	6.62491612160942	-0.0289789555048777	0.0886532206809	0.180497991351934
3756.61011780559	1523.39738146538	3.06800566675131	115711.336023741	237372.869318019	3.92698340359654	0.0206114340388391	0.127245244764504	0.210998078298936
5567.56507946707	1784.30541391477	4.42809571272892	126335.779560128	209078.152044999	4.63186356056738	-0.0336255630780653	0.10247840789281	0.187481475027392
6359.27176410288	1885.60707998379	4.71218800196472	273429.830562606	313060.041711378	7.56839694479324	0.00256013807861396	0.124149179596205	0.213756065518017
3804.80276482846	1469.50742747814	2.43777958763329	189389.631022349	187689.247085036	6.07813351987361	-0.0170547355978014	0.110484407903549	0.209773625446729
3663.1101540815	1417.81723637321	2.5092455462223	95717.449635236	168885.623789372	4.05088510917733	-0.0357692813325836	0.105697840578167	0.204565187409037
4764.72571433502	1724.02885514661	2.2971638141474	145600.83610431	226415.504607091	5.21179370129574	-0.0525368141404646	0.0890325207899299	0.182053585476759
5213.27374175409	1816.1854299875	2.17045993169197	164292.84002022	274764.169623855	3.56252957126972	-0.0195696902514528	0.107114364817781	0.198216063529811
6657.87211150564	1656.52833185621	6.81904148750488	123803.944218076	241676.035335703	5.20026527863129	-0.0335819476168652	0.104061150100679	0.199775207146333
4159.18010224017	1550.49951896424	3.16694842934323	119328.009589362	194390.847621778	5.42298975586654	-0.0340719400076448	0.106934399594366	0.205081097253691
3272.33785840997	1469.37454133681	2.40359870484215	118399.718476557	184231.718950626	6.48956762599325	-0.00924402408549759	0.119524468217083	0.201897606007704
3568.5965185116	1508.69240581931	2.81784737256382	94867.472608669	182181.985419092	3.15454194409849	-0.021540915254824	0.0981606315573013	0.193210403772921
3315.85532989306	1478.67841579268	2.1451811622825	102490.762309375	192246.74728506	5.10776428237898	0.0199174843640872	0.100356907738283	0.180712627876533
4110.99187615848	1694.04861921094	2.53100735927765	141479.476355882	221508.163570269	5.86217092559923	0.00301163730822659	0.122390946988359	0.196661305194225
3792.29997125906	1496.11938268214	2.44577552406429	222268.153231762	200426.258511697	7.95407329397174	-0.0157362303500339	0.10335944359575	0.198853920869166
3828.40575420059	1490.1468874905	2.85911515906893	116642.060195387	195507.030772605	6.45930299351669	-0.047067976332405	0.0909932412645733	0.189226497306452
3082.26354529051	1443.66267053625	2.00676777055327	106134.322818099	174434.209855386	6.39259847310611	-0.0294759667642073	0.0938411598207322	0.19276774028824
4808.12833781801	1690.38495376199	2.48605965620914	137477.701865126	244106.076920071	5.9984648399075	-0.0491763470783541	0.0880091004904193	0.184235013420468
4085.81510179605	1456.81719135492	3.09341839759657	133222.048799072	207063.948740214	7.93982120754346	-0.00611432390262115	0.110033882409132	0.19837213257359
6717.34452405259	1839.02208724342	2.99285600968288	200637.920082667	226124.569486034	5.05366716542936	-0.0459930772867547	0.094366452899431	0.194278360810943
4927.50414594934	1661.99323500261	2.76924473810281	162445.883987476	225735.30784849	6.35534034231505	-0.0378520485051572	0.0949221225938929	0.192514027783546
4409.49605102999	1409.39113561703	5.07101399264813	154588.019524464	169154.595016362	7.07956724202455	-0.0129046857921044	0.0893864821827192	0.18160544816141
3495.79599480987	1596.96580589747	2.09179111559397	132474.784040656	268201.839483586	5.37695711012442	-0.0137688160214219	0.118106625608035	0.204864598316286
4179.13295356349	1557.75692319826	2.36614994845341	121952.257301969	183303.006978738	4.78371579153366	-0.00232638065806973	0.125659283927066	0.206915712802496
4063.9791787632	1616.47794378286	2.25011313253879	113746.021092573	197821.964740088	4.41559787460159	-0.0122351991288367	0.120252860998372	0.212711077208727
4089.79005736697	1424.9314993402	3.27550249843381	110712.140609594	181032.398056568	7.00454864163748	-0.0121832978231714	0.117978864800424	0.212067372739727
4215.82396894675	1578.42936245238	2.27672285913078	100582.795530936	220846.713892975	3.10770362028098	-0.00363440093463339	0.128609026747641	0.220907738314883
6390.72155563586	1565.72934224334	6.48839384073043	125032.027349903	224076.152208054	5.64466136778051	-0.0166998826906977	0.105777991434798	0.190373954629457
4674.90664912411	1480.4508431915	2.85398655749752	128879.171667761	180419.898685513	7.27128235656024	-0.00168204636062248	0.115084172271038	0.200445843558652
2962.16372390549	1391.83371273813	2.52403005878174	98042.7536080206	204017.542872722	5.22014783100445	-0.0227620735969953	0.106266417368961	0.202240050357939
4222.13186638211	1556.62397382426	2.20688163597022	95861.9459832247	186135.354734179	3.83496950104796	0.000358870671841966	0.12087809275168	0.213734608797226
7568.06571600056	1717.76195658693	4.75288010246873	218735.939300974	211891.311825785	5.5929910608416	-0.00678961062892855	0.113537283233678	0.206541382937354
3108.29228388003	1497.95453056272	2.10926753501172	105271.490223232	226261.804337161	4.30944742157333	-0.000699078487240143	0.112142467411913	0.198857290216195
3883.18707961477	1558.33662269796	2.2704990981656	159847.816220991	188487.743557673	8.7960283411442	-0.0442037898803194	0.0996295717449977	0.200016785762481
4816.82147768924	1672.06587034862	2.25895712393372	186104.282033358	201876.302303855	5.97032786806089	-0.0160104691155157	0.129230183533965	0.217722096615582
5584.76381335269	1719.58107057779	2.17112255879162	169503.110664655	172626.477848636	5.06484640929562	-0.0367151767215436	0.100345280305882	0.192430523541314
3866.4596207831	1520.63309056231	2.52322160919414	147386.252689123	257630.243060835	5.9064815742202	-0.0349577075522028	0.0995009815550136	0.192950829011838
6071.00437259234	1609.9669681491	5.74629085717895	151976.71075692	228948.941120007	5.44828467869482	-0.0292714647795463	0.102247296431157	0.209435142738345
5093.05439291916	1775.70957871273	2.39863595314925	245507.94983833	237221.187259758	9.90140803537411	0.0388371472606745	0.155014489482398	0.235084727664249
5175.30599622671	1571.0361388193	3.94941187445858	93848.1245289653	207835.65183551	3.30060038237303	0.0100662809217317	0.108214966783107	0.197158033897593
3856.47415713691	1638.93348490274	2.3036344354895	112136.192693406	215959.468455438	5.80964649095077	-0.0103716075341844	0.104602445333518	0.199627702525752
3298.28694343139	1476.87775448186	2.57974694726789	134067.145157519	213257.448821889	7.33302848318856	0.0209833449528047	0.144305357532955	0.244751514208393
5625.75514533678	1519.65118302547	5.50132284236642	141802.016107871	174635.483968212	5.43652302094866	-0.0341585832815492	0.103700718776876	0.209418000119724
3491.7853267698	1603.91755663888	2.67993154255507	133319.900857946	230333.81752856	6.38330823438664	-0.00695727604409527	0.128537769423373	0.214946002366291
5271.82906148469	1771.20746158733	2.73141364480297	151067.289312517	282033.953746917	4.68712268543457	0.00534545392884713	0.138420494501987	0.225463192392057
4076.33002250518	1596.94036519405	2.7480324336959	149104.995243716	193358.638917942	7.23564132033463	-0.00411293738488486	0.0960705501089385	0.181299549582101
6509.00364782922	1522.33269099422	5.94969027753034	230939.005186845	204310.167911804	8.12849405868615	-0.010625915527586	0.113680617973772	0.208423189220029
3947.07476253099	1537.55332202378	1.90911898007646	124200.052182863	186551.078287251	6.26057205048281	0.012193920300405	0.128230019465034	0.21837541256529
4149.39484079873	1542.00183128187	3.74216744591348	114077.679812099	207425.2939675	5.71210792006981	0.013468132907039	0.119133381584684	0.200666454122988
3120.96210641872	1501.51350237001	1.98166021053111	108223.66208584	203250.531940234	5.43026538453728	0.0321174012484614	0.121990345276177	0.203549991620861
3828.9559797805	1575.51041801446	2.13656651735367	157823.589420208	185689.051405493	6.88427122114941	-0.0146395592603719	0.109485299421547	0.193108165630387
4135.63610536259	1590.13187171079	3.22154156055371	134248.763860987	196584.842754705	6.55252159825548	-0.01090872744523	0.119858090667989	0.209089159701356
3876.8806798965	1529.49242353324	2.38349584064586	118938.723430888	204724.634722961	4.41628445462452	0.00974363845210059	0.133417081643629	0.212111510107268
3085.5572448933	1436.85840059026	2.36453425427553	110507.464710924	181575.72680773	6.39718700062162	-0.018280861715357	0.106756336943129	0.197998406493737
4004.19939234941	1397.4204528121	2.52894259453051	122998.553027468	171862.909205987	7.46401761681543	0.0205918819080006	0.149575121347305	0.231755217355403
3677.26197451549	1663.7649639534	2.7341506140157	124635.225428652	246552.4803781	6.79637518400519	0.0235408540400193	0.129159728261721	0.215879749995797
4832.62281311079	1557.56043172698	3.24973372135794	146513.942615837	181253.382274605	3.85418660479676	0.000336016996461767	0.139418897865218	0.215543898962369
3991.62757944962	1663.06964811917	2.29751945300956	129311.671851895	231926.289944036	5.78034084481378	-0.0465628787912989	0.0957306121456954	0.195191797360198
2654.90991562672	1628.3643334456	1.50431354532418	129893.255828047	244491.007823887	4.38061480479204	-0.0000669820097470155	0.131796460451806	0.220310370500054
4154.31621159187	1529.56265538389	2.42793984652067	116435.76884832	188194.071593243	4.34767590527125	0.0151173258586959	0.144519728076782	0.227520269061597
3934.19520951019	1413.37929415715	6.33625938661863	117560.291714577	195424.542608456	5.86669745161787	-0.0107857282419091	0.105717841027682	0.195544713235183
3098.70790958046	1563.65863597064	2.30851665405701	138611.361984599	206138.822725772	7.1132669564952	-0.0193493423956635	0.107916703529593	0.21041559505623
4100.15362676904	1498.2978412746	2.3547343516349	137151.963956199	222227.5034213	6.30689514982327	-0.00392310317561716	0.124674109478407	0.215769199142527
5596.66537422246	1638.99631678098	3.65597244786984	144008.128029336	191517.760765289	5.86778964577917	-0.00751261629038794	0.120187833460143	0.21189276923671
4908.67829815166	1540.21827159033	3.90128320354924	105049.549849212	213623.225937526	3.75089994456682	0.00231109897103281	0.129346203015616	0.220554799708419
5982.27533826196	1440.33356988159	7.61973912325207	121061.634767421	204435.899866643	4.38494656782951	-0.0320101094482247	0.114346235788807	0.20487218473167
3545.59078255955	1550.17936520365	1.80785724082234	122388.635202219	190817.680611328	5.59199245222985	-0.00793097782643039	0.125795506209661	0.211374989770801
4963.15066037148	1721.83703153966	2.58051740576844	184452.651797913	217149.844420316	4.86369920259972	-0.0223920573032636	0.0992385419576835	0.192011396638133
5023.75512818011	1800.32844583733	3.42808265412463	166303.707943253	268255.948594561	5.65630258794253	-0.0172770329882923	0.0910881953891706	0.176288569968484
4682.03352952834	1577.18560399795	4.79987566786759	135849.446137588	183560.546932576	7.56805926203131	-0.0193659657682725	0.103729191422821	0.200666957341011
3744.15118964844	1603.24342941165	1.8647681113948	130472.175145954	205780.148759924	5.49450172590687	-0.00241123514447296	0.0853709663485307	0.171878358520109
3705.12130474561	1552.18838925631	1.95128346453169	127687.549920437	183560.746638461	6.9860586926197	0.0198844373625995	0.142072109170821	0.227942507156144
5198.29213142684	1582.41951396997	3.35299796080494	151110.62588228	208303.463004876	6.88134559042115	-0.0280352629358051	0.107236832373922	0.198036349639887
4049.62246721996	1601.03776459787	2.73513732676125	133532.301580365	216049.072048776	6.29837550089824	-0.0118304239252365	0.121140937706863	0.206712856072898
4418.96169342894	1504.29831472453	2.39649490415977	114051.386434679	197895.022706383	5.94091819773832	-0.00836727736065541	0.122200018129015	0.204892008185947
8442.48209831395	1498.42643199863	5.62631286734364	260654.470597536	190723.486322716	9.26436663824907	-0.0115413179275053	0.106732144991906	0.196261020415323
3756.83579477988	1460.21514689773	2.31274205197025	126165.211095881	195806.556239193	7.67944765550779	-0.0194926647995185	0.110907324450281	0.208462249954603
3173.89872932085	1634.33247754109	1.73111114871167	120373.186280507	249279.820217151	5.33167175680487	-0.0106907543143048	0.124333667320084	0.209753923672372
3193.07150382047	1415.71899854483	2.04038888428188	82632.8880390048	165437.900288083	3.91661427627082	0.0156481628394408	0.121034117886958	0.19772702314973
4025.80630154787	1511.37292058942	2.36623632037596	161075.25649891	195270.705409272	8.01747630053332	-0.0481414476447029	0.0928234610090018	0.194320016624098
5186.81260434545	1571.22467550254	2.33876152849903	135315.776971295	189109.701703364	5.15503120749396	-0.0210281405914675	0.108555243083538	0.203674388619324
3352.32062550635	1522.12744450529	2.6938827976393	129494.475366476	214907.198431383	4.60776431615079	0.0159537102685014	0.138171862199267	0.234473981041114
3922.83130860986	1413.20596117712	2.99311738568624	116990.508958649	163448.693069685	6.51702189474691	0.01718329471181	0.12548846153128	0.21065994259451
4408.75073238412	1545.10659744852	2.52944726998671	121470.480814981	191445.649011083	7.2170666383746	-0.00442300496200025	0.111251638703825	0.199660698449286
5145.36540704105	1474.82913496764	6.26494537078641	142426.489000113	197867.514073086	6.80271920652484	-0.00718836885811646	0.121713554584933	0.224776447481849
10435.8059463701	1489.17803801718	7.07242328410151	121886.624907923	188736.774433742	5.34952591790401	-0.0188536639134259	0.114140330145537	0.218127383945293
3836.07731999026	1560.8073717507	1.89338713641466	119672.834745665	205258.725615865	5.31844729200833	-0.0261886200348283	0.102040640190347	0.19783068085434
6283.52809073285	1358.11115956732	6.21855742800385	98502.941559939	184434.626321825	4.55260541873394	0.00570276901810122	0.108809163104995	0.191736893985069
4695.6821046423	1601.11641711805	2.84282179576206	129566.544493566	212084.584781683	4.31470024179546	-0.0183009405070334	0.110607699140255	0.199548537137248
3640.4827506539	1596.8869242098	2.91121165825951	118754.751713803	216285.02897375	6.47459739908048	0.00423004040247136	0.137788401388479	0.225722897478347
3788.04007828286	1503.86355239786	2.24659066792636	106861.510296976	161426.333513502	5.56983331278007	0.0101767234048939	0.123981526528071	0.215824846341479
6150.70575175812	1694.99482180735	5.15150393666512	158969.656518818	271839.380855909	5.01640565098198	-0.0305729577159593	0.0966968181863751	0.197164488171795
3358.61222265875	1473.29410102676	2.87455410959046	100995.358021748	203249.786369316	5.63818449972249	0.00996289514694546	0.128817200616841	0.220582420183553
4827.20502029177	1623.30487921892	2.37053393473706	152634.721889551	192932.09778348	5.41025575280899	-0.014310464232663	0.107255713593957	0.197244526783571
3770.71364107584	1521.50733093731	2.28045238578691	93131.6504730894	197153.395410747	5.06118781455418	0.0399485392348832	0.155447196217126	0.244088479802716
4048.72040360897	1464.41841847796	3.160625972635	104227.400257553	191286.576876246	4.7516784226841	-0.0236047239367061	0.100439002391908	0.196423534997017
24262.0234726388	1585.30565505626	16.2265816810552	319480.344101779	217256.076529192	9.82322542657593	-0.0161130820966136	0.102555175566075	0.190792100435489
16042.3134133251	1480.27074642122	15.9111937752905	234660.829954476	211362.833467494	7.3853488720916	-0.0192408620941807	0.128281908262521	0.215776263153739
4384.84171164575	1663.79716905279	1.95229171345199	157451.269458711	202544.125253107	6.36004242674579	-0.00622764114880362	0.101970577890535	0.188697600159773
4539.05482779103	1557.69911718964	2.92664449223011	151849.816446401	208272.796844833	6.4397372419848	-0.000215564647461094	0.128699808680154	0.219822350868727
8084.84358358253	1464.66004416091	11.5518906737547	146528.670332022	177265.915890136	5.48759159034735	0.0203610108964726	0.142265535407027	0.224740733854662
3991.94784126682	1472.40295991879	3.62184593930362	118292.552386357	194154.314443944	4.71812819031011	-0.0115033713672406	0.119135363075001	0.210224196351868
4439.31109143915	1461.14640563812	2.34871637628626	141944.89370899	170628.095772297	7.42466430846572	0.00211320545145172	0.102415798095113	0.199122373232213
5161.56860034912	1882.82929675452	2.87027219770181	270452.920427487	356769.847174369	6.90447868739766	-0.0204326374072279	0.113550174937122	0.199342581267532
3476.57636621152	1550.65572529913	1.94045694134501	119427.34502553	190792.275014807	6.46177556349873	-0.00479283736279535	0.120352426203442	0.209913781642856
5236.77123125682	1651.75213283375	3.0315346396163	149262.282996393	220441.748362575	5.87191210973886	0.00869978338471265	0.137646018664937	0.237125176435256
3302.95543056915	1461.32591685886	2.26247446115126	101497.511562618	198480.791921847	5.54592351591139	-0.0204900326365225	0.0959826323151645	0.183435314375886
3660.2532777415	1366.71873996638	3.78401162704688	126920.222590586	197682.573663813	7.38034097397006	-0.00695354149424046	0.0953174221251215	0.179912867937412
4632.66466228638	1499.83135104234	3.64551093069842	104048.005132273	176335.940659813	5.43060037013578	0.0457256705774206	0.14404621928862	0.219910900547994
4230.48808249437	1568.97192214367	2.64996450629089	124619.583844094	217959.062003531	5.81039919421835	0.02959422628524	0.123044483045486	0.212395361096604
2993.45223557162	1474.21562334157	2.28081836252016	122047.134297806	205653.07742096	7.54144874122782	-0.0244238869174328	0.109417313913098	0.20327955311942
4320.20048028979	1606.54306743173	2.03691763641937	122780.769930742	199185.012316589	5.30778332631707	-0.0146232118019105	0.128291439132453	0.217497353787939
3898.37243561509	1612.9921561984	1.99868747083716	122859.742687498	225341.320402416	5.57543904232621	-0.0163992857178606	0.122088571967326	0.206477442546398
4879.16059458747	1618.1049616499	4.19295701990448	132949.649726015	224398.035948564	6.55710701089908	-0.00556839082843982	0.102402262389831	0.186097965498884
5344.76477744057	1509.73880845846	3.43503573747035	123045.852621164	196729.989467066	4.73685882224347	-0.0214925633097764	0.104496691573894	0.205045189012339
4123.4463704366	1627.97007984119	2.62047226569144	111261.480245612	193002.075449733	5.50922165738026	0.0115561835025456	0.131378764655775	0.213297606840403
4661.16603377735	1608.93154191977	3.67886894002475	172634.91663279	271092.736629352	6.51121151228066	0.0257356485696252	0.14053462219987	0.227414139539273
3764.46322823261	1521.60510259881	1.77497369112884	110188.523550441	168496.620652803	4.79737608307622	-0.00546001354593808	0.119763930430296	0.197126629691113
3527.72988759042	1797.421419749	1.74182541707954	153817.23351232	255961.785081998	4.38358218030816	0.0287334257054263	0.144682095747264	0.241928838071445
